{
  "fill_values": {
    "asof_cos_hour": -1.0,
    "asof_sin_hour": 1.2246467991473535e-16,
    "corr_nx_dep": -0.2659917666174846,
    "corr_nx_wet": -0.15168619764903682,
    "cos_doy": -0.009202252152997253,
    "dep_anom_z": -0.010228976460025583,
    "gfs_dpt_mean": 66.86031457721441,
    "gfs_n_x_mean": 78.3112536713557,
    "gfs_p12_mean": 22.357937857474106,
    "gfs_q12_mean": 0.4183799659916525,
    "gfs_tmp_mean": 77.53891637038183,
    "is_weekend": 0.28569221260815825,
    "month": 6.457045735475896,
    "nam_dpt_mean": 66.57567264573991,
    "nam_n_x_mean": 78.37757074377609,
    "nam_p12_mean": 22.883755991959177,
    "nam_q12_mean": 0.48531003556517704,
    "nam_tmp_mean": 77.52555280655636,
    "sin_doy": 0.008954716989572519,
    "wet_anom_z": 0.1306848072995631
  },
  "method": "train_mean"
}