{
  "per_station_test": {
    "KMIA": {
      "bias": 0.2352652708482915,
      "mae": 1.5556267103583028,
      "p50_abs_error": 1.1935443115173001,
      "p90_abs_error": 3.184466275561198,
      "p95_abs_error": 4.0254740657979164,
      "rmse": 2.029698026161679
    }
  },
  "test": {
    "bias": 0.2352652708482915,
    "mae": 1.5556267103583028,
    "p50_abs_error": 1.1935443115173001,
    "p90_abs_error": 3.184466275561198,
    "p95_abs_error": 4.0254740657979164,
    "rmse": 2.029698026161679
  },
  "train": {
    "bias": -2.970190718839729e-11,
    "mae": 1.1194214776819602,
    "p50_abs_error": 0.8718631854022973,
    "p90_abs_error": 2.4335345446719847,
    "p95_abs_error": 3.0014921593930897,
    "rmse": 1.468241081293281
  },
  "validation": {
    "bias": 0.6030522522524101,
    "mae": 1.4833891000462391,
    "p50_abs_error": 1.1801179333759535,
    "p90_abs_error": 3.262359106751922,
    "p95_abs_error": 3.6018410270267736,
    "rmse": 1.902571846303226
  }
}