{
  "test": {
    "bias": 0.3545179111946714,
    "corr": 0.9914234216236929,
    "mae": 1.8374441406752196,
    "maxAE": 10.921719463515402,
    "medianAE": 1.3982459855929363,
    "n": 363,
    "rmse": 2.4448087456663163
  },
  "train": {
    "bias": 8.893978944754612e-11,
    "corr": 0.998571837343503,
    "mae": 0.6602977308371885,
    "maxAE": 6.669339528483018,
    "medianAE": 0.5216033278991503,
    "n": 1224,
    "rmse": 0.8849126940126014
  },
  "validation": {
    "bias": -0.44650850521487195,
    "corr": 0.9896467973182573,
    "mae": 1.8339419771433099,
    "maxAE": 8.96077063054598,
    "medianAE": 1.422463374747391,
    "n": 184,
    "rmse": 2.42998399884983
  }
}