{
  "test": {
    "bias": 0.22715051504833844,
    "corr": 0.9909443338443297,
    "mae": 1.8000474407722096,
    "maxAE": 8.812417314885117,
    "medianAE": 1.4785088817224477,
    "n": 332,
    "rmse": 2.3359083944793553
  },
  "train": {
    "bias": -1.084340141279483e-10,
    "corr": 0.9987295569634709,
    "mae": 0.6270905772558513,
    "maxAE": 6.461888682510082,
    "medianAE": 0.49684938787343924,
    "n": 1224,
    "rmse": 0.8349206857107336
  },
  "validation": {
    "bias": -0.22575570332490838,
    "corr": 0.992055210605613,
    "mae": 1.910365300812313,
    "maxAE": 7.8434724714588455,
    "medianAE": 1.4655501034017782,
    "n": 214,
    "rmse": 2.486010227768126
  }
}