{
  "test": {
    "bias": 0.3447545521589117,
    "corr": 0.9907865878330441,
    "mae": 1.8361104257780443,
    "maxAE": 8.40901438220937,
    "medianAE": 1.4511891962397243,
    "n": 332,
    "rmse": 2.367637706311225
  },
  "train": {
    "bias": -8.678482188512593e-11,
    "corr": 0.9988181362965515,
    "mae": 0.6092065527547136,
    "maxAE": 6.85542147349355,
    "medianAE": 0.489683993028045,
    "n": 1224,
    "rmse": 0.8054677174817326
  },
  "validation": {
    "bias": -0.20724322166328296,
    "corr": 0.9921109190003458,
    "mae": 1.9255183186434408,
    "maxAE": 6.984274998377053,
    "medianAE": 1.5667185768049166,
    "n": 214,
    "rmse": 2.4912836917589467
  }
}