{
  "fill_values": {
    "asof_cos_hour": -1.0,
    "asof_sin_hour": 1.2246467991473535e-16,
    "bias_wetdry": 6.867584162682149,
    "cos_doy": -0.009202252152997253,
    "gfs_n_x_mean": 78.3112536713557,
    "gfs_p12_mean": 22.357937857474106,
    "gfs_q12_mean": 0.4183799659916525,
    "is_weekend": 0.28569221260815825,
    "mae_wetdry": 6.935274370544723,
    "month": 6.457045735475896,
    "nam_n_x_mean": 78.37757074377609,
    "nam_p12_mean": 22.883755991959177,
    "nam_q12_mean": 0.48531003556517704,
    "nx_wetdry_bc": 85.22915393012401,
    "sin_doy": 0.008954716989572519,
    "wet_flag": 0.2873918417799753
  },
  "method": "train_mean"
}