{
  "per_station_test": {
    "KMIA": {
      "bias": 0.11685783197236396,
      "mae": 1.5250063660569126,
      "p50_abs_error": 1.267985686082234,
      "p90_abs_error": 2.9843264254108024,
      "p95_abs_error": 3.9209289376761234,
      "rmse": 2.0012270958122005
    }
  },
  "test": {
    "bias": 0.11685783197236396,
    "mae": 1.5250063660569126,
    "p50_abs_error": 1.267985686082234,
    "p90_abs_error": 2.9843264254108024,
    "p95_abs_error": 3.9209289376761234,
    "rmse": 2.0012270958122005
  },
  "train": {
    "bias": 7.428926310813411e-11,
    "mae": 1.1932165051027,
    "p50_abs_error": 0.9321275149110164,
    "p90_abs_error": 2.598214929800356,
    "p95_abs_error": 3.191054828683839,
    "rmse": 1.5669806248719107
  },
  "validation": {
    "bias": 0.09630837410349462,
    "mae": 1.4213632542618424,
    "p50_abs_error": 1.213448047108443,
    "p90_abs_error": 2.7389288829068508,
    "p95_abs_error": 3.1979413395446525,
    "rmse": 1.8386217054197602
  }
}