{
  "test": {
    "bias": 0.3699290631347441,
    "corr": 0.9902936242401486,
    "mae": 1.884878340314384,
    "maxAE": 8.349285960063568,
    "medianAE": 1.4986261730739656,
    "n": 332,
    "rmse": 2.431886879169574
  },
  "train": {
    "bias": 6.558591288074067e-11,
    "corr": 0.998987638433329,
    "mae": 0.5529933676372619,
    "maxAE": 6.517457220484207,
    "medianAE": 0.42806956524318807,
    "n": 1224,
    "rmse": 0.7454627126971152
  },
  "validation": {
    "bias": -0.20049436748528904,
    "corr": 0.9924680770872073,
    "mae": 1.8588777043050697,
    "maxAE": 8.228704734896567,
    "medianAE": 1.3036699657211486,
    "n": 214,
    "rmse": 2.469119437237613
  }
}