{
  "fill_values": {
    "asof_cos_hour": -1.0,
    "asof_sin_hour": 1.2246467991473535e-16,
    "cos_doy": -0.009202252152997253,
    "gfs_n_x_mean": 78.3112536713557,
    "iqr_15": 2.22327786377709,
    "iqr_60": 2.4543669310934826,
    "is_weekend": 0.28569221260815825,
    "month": 6.457045735475896,
    "nam_n_x_mean": 78.37757074377609,
    "nx_robust_15": 85.1594620743034,
    "nx_robust_60": 85.14485145434749,
    "q25_15": 5.7047600619195045,
    "q25_60": 5.603670866386685,
    "q50_15": 6.807739938080496,
    "q50_60": 6.760052107637269,
    "q75_15": 7.928037925696595,
    "q75_60": 8.058037797480168,
    "sin_doy": 0.008954716989572519,
    "skewq_15": 0.017318111455108358,
    "skewq_60": 0.14160444859231608
  },
  "method": "train_mean"
}