{
  "test": {
    "bias": 0.3316282644524927,
    "corr": 0.9909428909352961,
    "mae": 1.7918617406843909,
    "maxAE": 9.334401292528483,
    "medianAE": 1.402977711613536,
    "n": 332,
    "rmse": 2.3457212737438113
  },
  "train": {
    "bias": 3.925040104119492e-11,
    "corr": 0.9990992196908915,
    "mae": 0.5248988334579547,
    "maxAE": 6.750642380424228,
    "medianAE": 0.41905891670644024,
    "n": 1224,
    "rmse": 0.7033379338234197
  },
  "validation": {
    "bias": -0.20718613056965574,
    "corr": 0.9923722496574573,
    "mae": 1.8746053701309773,
    "maxAE": 7.52609185470061,
    "medianAE": 1.5018206105512846,
    "n": 214,
    "rmse": 2.4452019358137305
  }
}