{
  "test": {
    "bias": 0.3907821320473238,
    "corr": 0.9905918505036101,
    "mae": 1.8610993636814355,
    "maxAE": 9.922073440533367,
    "medianAE": 1.519121175027145,
    "n": 332,
    "rmse": 2.399045317108735
  },
  "train": {
    "bias": 7.876824247321066e-11,
    "corr": 0.9988039115741133,
    "mae": 0.6129995744158426,
    "maxAE": 7.038803310453382,
    "medianAE": 0.47312781277763705,
    "n": 1224,
    "rmse": 0.8099954441197875
  },
  "validation": {
    "bias": -0.1841297587412777,
    "corr": 0.9924975317661386,
    "mae": 1.8723563907215373,
    "maxAE": 7.647835983414446,
    "medianAE": 1.4627220962916354,
    "n": 214,
    "rmse": 2.4227913693016148
  }
}