{
  "test": {
    "bias": 0.6317755577538409,
    "corr": 0.990895046131945,
    "mae": 1.8235121872137356,
    "maxAE": 9.657949435705468,
    "medianAE": 1.4779516631375635,
    "n": 332,
    "rmse": 2.4125621343188
  },
  "train": {
    "bias": -1.0401598826993917e-10,
    "corr": 0.999117859425733,
    "mae": 0.5155875038610771,
    "maxAE": 6.612525332729035,
    "medianAE": 0.41059900553904427,
    "n": 1224,
    "rmse": 0.6960246535183272
  },
  "validation": {
    "bias": -0.5500876336339235,
    "corr": 0.9921825500623741,
    "mae": 1.880188055443263,
    "maxAE": 8.407053855798363,
    "medianAE": 1.4583212773654814,
    "n": 214,
    "rmse": 2.526204920484821
  }
}