{
  "test": {
    "bias": 0.4490613952191048,
    "corr": 0.9908096921184564,
    "mae": 1.8336357180008034,
    "maxAE": 10.33982681549302,
    "medianAE": 1.4106173666827608,
    "n": 332,
    "rmse": 2.3831306803823393
  },
  "train": {
    "bias": 3.8024485521044186e-13,
    "corr": 0.9988054528862523,
    "mae": 0.6118303741836789,
    "maxAE": 6.884235730181427,
    "medianAE": 0.48507949631441605,
    "n": 1224,
    "rmse": 0.8095421313785001
  },
  "validation": {
    "bias": -0.24557880442528315,
    "corr": 0.9921279106733827,
    "mae": 1.9163555876889107,
    "maxAE": 7.9944086700726125,
    "medianAE": 1.473567427489101,
    "n": 214,
    "rmse": 2.506693794827468
  }
}