{
  "test": {
    "bias": 0.40741227354658005,
    "corr": 0.9911033000772868,
    "mae": 1.790585874265748,
    "maxAE": 9.348866009402208,
    "medianAE": 1.467534750277185,
    "n": 332,
    "rmse": 2.337479353042154
  },
  "train": {
    "bias": 2.1037005108140565e-11,
    "corr": 0.9989793161902142,
    "mae": 0.5535815366178289,
    "maxAE": 6.786537624458436,
    "medianAE": 0.43828881725140434,
    "n": 1224,
    "rmse": 0.7485344412132586
  },
  "validation": {
    "bias": -0.21114219723247016,
    "corr": 0.9924902937352545,
    "mae": 1.8863413271069032,
    "maxAE": 7.2376846093377765,
    "medianAE": 1.4512196406330027,
    "n": 214,
    "rmse": 2.4685026356646893
  }
}