{
  "test": {
    "bias": 0.26215366473697965,
    "corr": 0.991688506765539,
    "mae": 1.7351871262915786,
    "maxAE": 9.089184086478205,
    "medianAE": 1.4507842760251606,
    "n": 332,
    "rmse": 2.24105734486178
  },
  "train": {
    "bias": -5.699812444829173e-13,
    "corr": 0.9990982131261843,
    "mae": 0.5177931753276565,
    "maxAE": 6.708244096297378,
    "medianAE": 0.40051423990816204,
    "n": 1224,
    "rmse": 0.7038079187402815
  },
  "validation": {
    "bias": -0.3255958297291318,
    "corr": 0.9922476495877774,
    "mae": 1.9499355367352655,
    "maxAE": 7.378266057186046,
    "medianAE": 1.4508081999839746,
    "n": 214,
    "rmse": 2.540139669432867
  }
}