source,member,issued_at_utc,valid_at_utc,lead_hour,latitude,longitude,variable,canonical_variable,friendly_name,grib_short_name,grib_name,grib_type_of_level,grib_level,grib_step_type,native_units,value_native,normalized_units,value_normalized
gfs,deterministic,2026-07-08T00:00:00Z,2026-07-09T00:00:00Z,24.0,23.5,113.0,u10,wind_u_10m,10m U wind component,10u,10 metre U wind component,heightAboveGround,,instant,m s**-1,-2.163922071456909,m_s-1,-2.163922071456909
gfs,deterministic,2026-07-08T00:00:00Z,2026-07-09T00:00:00Z,24.0,23.5,113.25,u10,wind_u_10m,10m U wind component,10u,10 metre U wind component,heightAboveGround,,instant,m s**-1,-2.363922119140625,m_s-1,-2.363922119140625
gfs,deterministic,2026-07-08T00:00:00Z,2026-07-09T00:00:00Z,24.0,23.5,113.5,u10,wind_u_10m,10m U wind component,10u,10 metre U wind component,heightAboveGround,,instant,m s**-1,-1.763922095298767,m_s-1,-1.763922095298767
gfs,deterministic,2026-07-08T00:00:00Z,2026-07-09T00:00:00Z,24.0,23.5,113.75,u10,wind_u_10m,10m U wind component,10u,10 metre U wind component,heightAboveGround,,instant,m s**-1,-1.463922142982483,m_s-1,-1.463922142982483
gfs,deterministic,2026-07-08T00:00:00Z,2026-07-09T00:00:00Z,24.0,23.5,114.0,u10,wind_u_10m,10m U wind component,10u,10 metre U wind component,heightAboveGround,,instant,m s**-1,-1.0639221668243408,m_s-1,-1.0639221668243408
gfs,deterministic,2026-07-08T00:00:00Z,2026-07-09T00:00:00Z,24.0,23.5,114.25,u10,wind_u_10m,10m U wind component,10u,10 metre U wind component,heightAboveGround,,instant,m s**-1,-0.9639221429824829,m_s-1,-0.9639221429824829
gfs,deterministic,2026-07-08T00:00:00Z,2026-07-09T00:00:00Z,24.0,23.5,114.5,u10,wind_u_10m,10m U wind component,10u,10 metre U wind component,heightAboveGround,,instant,m s**-1,-1.263922095298767,m_s-1,-1.263922095298767
gfs,deterministic,2026-07-08T00:00:00Z,2026-07-09T00:00:00Z,24.0,23.5,114.75,u10,wind_u_10m,10m U wind component,10u,10 metre U wind component,heightAboveGround,,instant,m s**-1,-1.363922119140625,m_s-1,-1.363922119140625
gfs,deterministic,2026-07-08T00:00:00Z,2026-07-09T00:00:00Z,24.0,23.5,115.0,u10,wind_u_10m,10m U wind component,10u,10 metre U wind component,heightAboveGround,,instant,m s**-1,-0.7639220952987671,m_s-1,-0.7639220952987671
gfs,deterministic,2026-07-08T00:00:00Z,2026-07-09T00:00:00Z,24.0,23.5,115.25,u10,wind_u_10m,10m U wind component,10u,10 metre U wind component,heightAboveGround,,instant,m s**-1,-0.563922107219696,m_s-1,-0.563922107219696
gfs,deterministic,2026-07-08T00:00:00Z,2026-07-09T00:00:00Z,24.0,23.5,115.5,u10,wind_u_10m,10m U wind component,10u,10 metre U wind component,heightAboveGround,,instant,m s**-1,-0.663922131061554,m_s-1,-0.663922131061554
gfs,deterministic,2026-07-08T00:00:00Z,2026-07-09T00:00:00Z,24.0,23.25,113.0,u10,wind_u_10m,10m U wind component,10u,10 metre U wind component,heightAboveGround,,instant,m s**-1,-2.4639220237731934,m_s-1,-2.4639220237731934
gfs,deterministic,2026-07-08T00:00:00Z,2026-07-09T00:00:00Z,24.0,23.25,113.25,u10,wind_u_10m,10m U wind component,10u,10 metre U wind component,heightAboveGround,,instant,m s**-1,-2.863922119140625,m_s-1,-2.863922119140625
gfs,deterministic,2026-07-08T00:00:00Z,2026-07-09T00:00:00Z,24.0,23.25,113.5,u10,wind_u_10m,10m U wind component,10u,10 metre U wind component,heightAboveGround,,instant,m s**-1,-2.563922166824341,m_s-1,-2.563922166824341
gfs,deterministic,2026-07-08T00:00:00Z,2026-07-09T00:00:00Z,24.0,23.25,113.75,u10,wind_u_10m,10m U wind component,10u,10 metre U wind component,heightAboveGround,,instant,m s**-1,-2.163922071456909,m_s-1,-2.163922071456909
gfs,deterministic,2026-07-08T00:00:00Z,2026-07-09T00:00:00Z,24.0,23.25,114.0,u10,wind_u_10m,10m U wind component,10u,10 metre U wind component,heightAboveGround,,instant,m s**-1,-1.5639221668243408,m_s-1,-1.5639221668243408
gfs,deterministic,2026-07-08T00:00:00Z,2026-07-09T00:00:00Z,24.0,23.25,114.25,u10,wind_u_10m,10m U wind component,10u,10 metre U wind component,heightAboveGround,,instant,m s**-1,-1.463922142982483,m_s-1,-1.463922142982483
gfs,deterministic,2026-07-08T00:00:00Z,2026-07-09T00:00:00Z,24.0,23.25,114.5,u10,wind_u_10m,10m U wind component,10u,10 metre U wind component,heightAboveGround,,instant,m s**-1,-1.363922119140625,m_s-1,-1.363922119140625
gfs,deterministic,2026-07-08T00:00:00Z,2026-07-09T00:00:00Z,24.0,23.25,114.75,u10,wind_u_10m,10m U wind component,10u,10 metre U wind component,heightAboveGround,,instant,m s**-1,-0.863922119140625,m_s-1,-0.863922119140625
gfs,deterministic,2026-07-08T00:00:00Z,2026-07-09T00:00:00Z,24.0,23.25,115.0,u10,wind_u_10m,10m U wind component,10u,10 metre U wind component,heightAboveGround,,instant,m s**-1,-0.9639221429824829,m_s-1,-0.9639221429824829
gfs,deterministic,2026-07-08T00:00:00Z,2026-07-09T00:00:00Z,24.0,23.25,115.25,u10,wind_u_10m,10m U wind component,10u,10 metre U wind component,heightAboveGround,,instant,m s**-1,-0.7639220952987671,m_s-1,-0.7639220952987671
gfs,deterministic,2026-07-08T00:00:00Z,2026-07-09T00:00:00Z,24.0,23.25,115.5,u10,wind_u_10m,10m U wind component,10u,10 metre U wind component,heightAboveGround,,instant,m s**-1,-0.563922107219696,m_s-1,-0.563922107219696
gfs,deterministic,2026-07-08T00:00:00Z,2026-07-09T00:00:00Z,24.0,23.0,113.0,u10,wind_u_10m,10m U wind component,10u,10 metre U wind component,heightAboveGround,,instant,m s**-1,-1.263922095298767,m_s-1,-1.263922095298767
gfs,deterministic,2026-07-08T00:00:00Z,2026-07-09T00:00:00Z,24.0,23.0,113.25,u10,wind_u_10m,10m U wind component,10u,10 metre U wind component,heightAboveGround,,instant,m s**-1,-2.4639220237731934,m_s-1,-2.4639220237731934
gfs,deterministic,2026-07-08T00:00:00Z,2026-07-09T00:00:00Z,24.0,23.0,113.5,u10,wind_u_10m,10m U wind component,10u,10 metre U wind component,heightAboveGround,,instant,m s**-1,-3.4639220237731934,m_s-1,-3.4639220237731934
gfs,deterministic,2026-07-08T00:00:00Z,2026-07-09T00:00:00Z,24.0,23.0,113.75,u10,wind_u_10m,10m U wind component,10u,10 metre U wind component,heightAboveGround,,instant,m s**-1,-2.363922119140625,m_s-1,-2.363922119140625
gfs,deterministic,2026-07-08T00:00:00Z,2026-07-09T00:00:00Z,24.0,23.0,114.0,u10,wind_u_10m,10m U wind component,10u,10 metre U wind component,heightAboveGround,,instant,m s**-1,-2.163922071456909,m_s-1,-2.163922071456909
gfs,deterministic,2026-07-08T00:00:00Z,2026-07-09T00:00:00Z,24.0,23.0,114.25,u10,wind_u_10m,10m U wind component,10u,10 metre U wind component,heightAboveGround,,instant,m s**-1,-2.163922071456909,m_s-1,-2.163922071456909
gfs,deterministic,2026-07-08T00:00:00Z,2026-07-09T00:00:00Z,24.0,23.0,114.5,u10,wind_u_10m,10m U wind component,10u,10 metre U wind component,heightAboveGround,,instant,m s**-1,-2.4639220237731934,m_s-1,-2.4639220237731934
gfs,deterministic,2026-07-08T00:00:00Z,2026-07-09T00:00:00Z,24.0,23.0,114.75,u10,wind_u_10m,10m U wind component,10u,10 metre U wind component,heightAboveGround,,instant,m s**-1,-1.763922095298767,m_s-1,-1.763922095298767
gfs,deterministic,2026-07-08T00:00:00Z,2026-07-09T00:00:00Z,24.0,23.0,115.0,u10,wind_u_10m,10m U wind component,10u,10 metre U wind component,heightAboveGround,,instant,m s**-1,-0.9639221429824829,m_s-1,-0.9639221429824829
gfs,deterministic,2026-07-08T00:00:00Z,2026-07-09T00:00:00Z,24.0,23.0,115.25,u10,wind_u_10m,10m U wind component,10u,10 metre U wind component,heightAboveGround,,instant,m s**-1,-0.7639220952987671,m_s-1,-0.7639220952987671
gfs,deterministic,2026-07-08T00:00:00Z,2026-07-09T00:00:00Z,24.0,23.0,115.5,u10,wind_u_10m,10m U wind component,10u,10 metre U wind component,heightAboveGround,,instant,m s**-1,-0.663922131061554,m_s-1,-0.663922131061554
gfs,deterministic,2026-07-08T00:00:00Z,2026-07-09T00:00:00Z,24.0,22.75,113.0,u10,wind_u_10m,10m U wind component,10u,10 metre U wind component,heightAboveGround,,instant,m s**-1,-0.563922107219696,m_s-1,-0.563922107219696
gfs,deterministic,2026-07-08T00:00:00Z,2026-07-09T00:00:00Z,24.0,22.75,113.25,u10,wind_u_10m,10m U wind component,10u,10 metre U wind component,heightAboveGround,,instant,m s**-1,-1.363922119140625,m_s-1,-1.363922119140625
gfs,deterministic,2026-07-08T00:00:00Z,2026-07-09T00:00:00Z,24.0,22.75,113.5,u10,wind_u_10m,10m U wind component,10u,10 metre U wind component,heightAboveGround,,instant,m s**-1,-2.4639220237731934,m_s-1,-2.4639220237731934
gfs,deterministic,2026-07-08T00:00:00Z,2026-07-09T00:00:00Z,24.0,22.75,113.75,u10,wind_u_10m,10m U wind component,10u,10 metre U wind component,heightAboveGround,,instant,m s**-1,-2.7639222145080566,m_s-1,-2.7639222145080566
gfs,deterministic,2026-07-08T00:00:00Z,2026-07-09T00:00:00Z,24.0,22.75,114.0,u10,wind_u_10m,10m U wind component,10u,10 metre U wind component,heightAboveGround,,instant,m s**-1,-1.263922095298767,m_s-1,-1.263922095298767
gfs,deterministic,2026-07-08T00:00:00Z,2026-07-09T00:00:00Z,24.0,22.75,114.25,u10,wind_u_10m,10m U wind component,10u,10 metre U wind component,heightAboveGround,,instant,m s**-1,-1.963922142982483,m_s-1,-1.963922142982483
gfs,deterministic,2026-07-08T00:00:00Z,2026-07-09T00:00:00Z,24.0,22.75,114.5,u10,wind_u_10m,10m U wind component,10u,10 metre U wind component,heightAboveGround,,instant,m s**-1,-1.263922095298767,m_s-1,-1.263922095298767
gfs,deterministic,2026-07-08T00:00:00Z,2026-07-09T00:00:00Z,24.0,22.75,114.75,u10,wind_u_10m,10m U wind component,10u,10 metre U wind component,heightAboveGround,,instant,m s**-1,-1.363922119140625,m_s-1,-1.363922119140625
gfs,deterministic,2026-07-08T00:00:00Z,2026-07-09T00:00:00Z,24.0,22.75,115.0,u10,wind_u_10m,10m U wind component,10u,10 metre U wind component,heightAboveGround,,instant,m s**-1,-0.663922131061554,m_s-1,-0.663922131061554
gfs,deterministic,2026-07-08T00:00:00Z,2026-07-09T00:00:00Z,24.0,22.75,115.25,u10,wind_u_10m,10m U wind component,10u,10 metre U wind component,heightAboveGround,,instant,m s**-1,0.136077880859375,m_s-1,0.136077880859375
gfs,deterministic,2026-07-08T00:00:00Z,2026-07-09T00:00:00Z,24.0,22.75,115.5,u10,wind_u_10m,10m U wind component,10u,10 metre U wind component,heightAboveGround,,instant,m s**-1,0.33607786893844604,m_s-1,0.33607786893844604
gfs,deterministic,2026-07-08T00:00:00Z,2026-07-09T00:00:00Z,24.0,22.5,113.0,u10,wind_u_10m,10m U wind component,10u,10 metre U wind component,heightAboveGround,,instant,m s**-1,-0.863922119140625,m_s-1,-0.863922119140625
gfs,deterministic,2026-07-08T00:00:00Z,2026-07-09T00:00:00Z,24.0,22.5,113.25,u10,wind_u_10m,10m U wind component,10u,10 metre U wind component,heightAboveGround,,instant,m s**-1,-0.9639221429824829,m_s-1,-0.9639221429824829
gfs,deterministic,2026-07-08T00:00:00Z,2026-07-09T00:00:00Z,24.0,22.5,113.5,u10,wind_u_10m,10m U wind component,10u,10 metre U wind component,heightAboveGround,,instant,m s**-1,-1.1639220714569092,m_s-1,-1.1639220714569092
gfs,deterministic,2026-07-08T00:00:00Z,2026-07-09T00:00:00Z,24.0,22.5,113.75,u10,wind_u_10m,10m U wind component,10u,10 metre U wind component,heightAboveGround,,instant,m s**-1,-1.963922142982483,m_s-1,-1.963922142982483
gfs,deterministic,2026-07-08T00:00:00Z,2026-07-09T00:00:00Z,24.0,22.5,114.0,u10,wind_u_10m,10m U wind component,10u,10 metre U wind component,heightAboveGround,,instant,m s**-1,-1.6639220714569092,m_s-1,-1.6639220714569092
gfs,deterministic,2026-07-08T00:00:00Z,2026-07-09T00:00:00Z,24.0,22.5,114.25,u10,wind_u_10m,10m U wind component,10u,10 metre U wind component,heightAboveGround,,instant,m s**-1,-0.7639220952987671,m_s-1,-0.7639220952987671
gfs,deterministic,2026-07-08T00:00:00Z,2026-07-09T00:00:00Z,24.0,22.5,114.5,u10,wind_u_10m,10m U wind component,10u,10 metre U wind component,heightAboveGround,,instant,m s**-1,-0.563922107219696,m_s-1,-0.563922107219696
gfs,deterministic,2026-07-08T00:00:00Z,2026-07-09T00:00:00Z,24.0,22.5,114.75,u10,wind_u_10m,10m U wind component,10u,10 metre U wind component,heightAboveGround,,instant,m s**-1,-0.363922119140625,m_s-1,-0.363922119140625
gfs,deterministic,2026-07-08T00:00:00Z,2026-07-09T00:00:00Z,24.0,22.5,115.0,u10,wind_u_10m,10m U wind component,10u,10 metre U wind component,heightAboveGround,,instant,m s**-1,0.23607787489891052,m_s-1,0.23607787489891052
gfs,deterministic,2026-07-08T00:00:00Z,2026-07-09T00:00:00Z,24.0,22.5,115.25,u10,wind_u_10m,10m U wind component,10u,10 metre U wind component,heightAboveGround,,instant,m s**-1,0.7360779047012329,m_s-1,0.7360779047012329
gfs,deterministic,2026-07-08T00:00:00Z,2026-07-09T00:00:00Z,24.0,22.5,115.5,u10,wind_u_10m,10m U wind component,10u,10 metre U wind component,heightAboveGround,,instant,m s**-1,0.5360778570175171,m_s-1,0.5360778570175171
gfs,deterministic,2026-07-08T00:00:00Z,2026-07-09T00:00:00Z,24.0,22.25,113.0,u10,wind_u_10m,10m U wind component,10u,10 metre U wind component,heightAboveGround,,instant,m s**-1,-0.7639220952987671,m_s-1,-0.7639220952987671
gfs,deterministic,2026-07-08T00:00:00Z,2026-07-09T00:00:00Z,24.0,22.25,113.25,u10,wind_u_10m,10m U wind component,10u,10 metre U wind component,heightAboveGround,,instant,m s**-1,-0.4639221131801605,m_s-1,-0.4639221131801605
gfs,deterministic,2026-07-08T00:00:00Z,2026-07-09T00:00:00Z,24.0,22.25,113.5,u10,wind_u_10m,10m U wind component,10u,10 metre U wind component,heightAboveGround,,instant,m s**-1,-0.16392211616039276,m_s-1,-0.16392211616039276
gfs,deterministic,2026-07-08T00:00:00Z,2026-07-09T00:00:00Z,24.0,22.25,113.75,u10,wind_u_10m,10m U wind component,10u,10 metre U wind component,heightAboveGround,,instant,m s**-1,-0.2639221251010895,m_s-1,-0.2639221251010895
gfs,deterministic,2026-07-08T00:00:00Z,2026-07-09T00:00:00Z,24.0,22.25,114.0,u10,wind_u_10m,10m U wind component,10u,10 metre U wind component,heightAboveGround,,instant,m s**-1,-0.863922119140625,m_s-1,-0.863922119140625
gfs,deterministic,2026-07-08T00:00:00Z,2026-07-09T00:00:00Z,24.0,22.25,114.25,u10,wind_u_10m,10m U wind component,10u,10 metre U wind component,heightAboveGround,,instant,m s**-1,-0.16392211616039276,m_s-1,-0.16392211616039276
gfs,deterministic,2026-07-08T00:00:00Z,2026-07-09T00:00:00Z,24.0,22.25,114.5,u10,wind_u_10m,10m U wind component,10u,10 metre U wind component,heightAboveGround,,instant,m s**-1,-0.16392211616039276,m_s-1,-0.16392211616039276
gfs,deterministic,2026-07-08T00:00:00Z,2026-07-09T00:00:00Z,24.0,22.25,114.75,u10,wind_u_10m,10m U wind component,10u,10 metre U wind component,heightAboveGround,,instant,m s**-1,-0.2639221251010895,m_s-1,-0.2639221251010895
gfs,deterministic,2026-07-08T00:00:00Z,2026-07-09T00:00:00Z,24.0,22.25,115.0,u10,wind_u_10m,10m U wind component,10u,10 metre U wind component,heightAboveGround,,instant,m s**-1,0.03607787936925888,m_s-1,0.03607787936925888
gfs,deterministic,2026-07-08T00:00:00Z,2026-07-09T00:00:00Z,24.0,22.25,115.25,u10,wind_u_10m,10m U wind component,10u,10 metre U wind component,heightAboveGround,,instant,m s**-1,0.5360778570175171,m_s-1,0.5360778570175171
gfs,deterministic,2026-07-08T00:00:00Z,2026-07-09T00:00:00Z,24.0,22.25,115.5,u10,wind_u_10m,10m U wind component,10u,10 metre U wind component,heightAboveGround,,instant,m s**-1,0.636077880859375,m_s-1,0.636077880859375
gfs,deterministic,2026-07-08T00:00:00Z,2026-07-09T00:00:00Z,24.0,22.0,113.0,u10,wind_u_10m,10m U wind component,10u,10 metre U wind component,heightAboveGround,,instant,m s**-1,-0.16392211616039276,m_s-1,-0.16392211616039276
gfs,deterministic,2026-07-08T00:00:00Z,2026-07-09T00:00:00Z,24.0,22.0,113.25,u10,wind_u_10m,10m U wind component,10u,10 metre U wind component,heightAboveGround,,instant,m s**-1,0.33607786893844604,m_s-1,0.33607786893844604
gfs,deterministic,2026-07-08T00:00:00Z,2026-07-09T00:00:00Z,24.0,22.0,113.5,u10,wind_u_10m,10m U wind component,10u,10 metre U wind component,heightAboveGround,,instant,m s**-1,0.33607786893844604,m_s-1,0.33607786893844604
gfs,deterministic,2026-07-08T00:00:00Z,2026-07-09T00:00:00Z,24.0,22.0,113.75,u10,wind_u_10m,10m U wind component,10u,10 metre U wind component,heightAboveGround,,instant,m s**-1,0.43607789278030396,m_s-1,0.43607789278030396
gfs,deterministic,2026-07-08T00:00:00Z,2026-07-09T00:00:00Z,24.0,22.0,114.0,u10,wind_u_10m,10m U wind component,10u,10 metre U wind component,heightAboveGround,,instant,m s**-1,0.7360779047012329,m_s-1,0.7360779047012329
gfs,deterministic,2026-07-08T00:00:00Z,2026-07-09T00:00:00Z,24.0,22.0,114.25,u10,wind_u_10m,10m U wind component,10u,10 metre U wind component,heightAboveGround,,instant,m s**-1,0.23607787489891052,m_s-1,0.23607787489891052
gfs,deterministic,2026-07-08T00:00:00Z,2026-07-09T00:00:00Z,24.0,22.0,114.5,u10,wind_u_10m,10m U wind component,10u,10 metre U wind component,heightAboveGround,,instant,m s**-1,-0.363922119140625,m_s-1,-0.363922119140625
gfs,deterministic,2026-07-08T00:00:00Z,2026-07-09T00:00:00Z,24.0,22.0,114.75,u10,wind_u_10m,10m U wind component,10u,10 metre U wind component,heightAboveGround,,instant,m s**-1,-0.2639221251010895,m_s-1,-0.2639221251010895
gfs,deterministic,2026-07-08T00:00:00Z,2026-07-09T00:00:00Z,24.0,22.0,115.0,u10,wind_u_10m,10m U wind component,10u,10 metre U wind component,heightAboveGround,,instant,m s**-1,0.23607787489891052,m_s-1,0.23607787489891052
gfs,deterministic,2026-07-08T00:00:00Z,2026-07-09T00:00:00Z,24.0,22.0,115.25,u10,wind_u_10m,10m U wind component,10u,10 metre U wind component,heightAboveGround,,instant,m s**-1,0.636077880859375,m_s-1,0.636077880859375
gfs,deterministic,2026-07-08T00:00:00Z,2026-07-09T00:00:00Z,24.0,22.0,115.5,u10,wind_u_10m,10m U wind component,10u,10 metre U wind component,heightAboveGround,,instant,m s**-1,0.936077892780304,m_s-1,0.936077892780304
gfs,deterministic,2026-07-08T00:00:00Z,2026-07-09T00:00:00Z,24.0,21.75,113.0,u10,wind_u_10m,10m U wind component,10u,10 metre U wind component,heightAboveGround,,instant,m s**-1,-0.563922107219696,m_s-1,-0.563922107219696
gfs,deterministic,2026-07-08T00:00:00Z,2026-07-09T00:00:00Z,24.0,21.75,113.25,u10,wind_u_10m,10m U wind component,10u,10 metre U wind component,heightAboveGround,,instant,m s**-1,0.23607787489891052,m_s-1,0.23607787489891052
gfs,deterministic,2026-07-08T00:00:00Z,2026-07-09T00:00:00Z,24.0,21.75,113.5,u10,wind_u_10m,10m U wind component,10u,10 metre U wind component,heightAboveGround,,instant,m s**-1,0.636077880859375,m_s-1,0.636077880859375
gfs,deterministic,2026-07-08T00:00:00Z,2026-07-09T00:00:00Z,24.0,21.75,113.75,u10,wind_u_10m,10m U wind component,10u,10 metre U wind component,heightAboveGround,,instant,m s**-1,1.036077857017517,m_s-1,1.036077857017517
gfs,deterministic,2026-07-08T00:00:00Z,2026-07-09T00:00:00Z,24.0,21.75,114.0,u10,wind_u_10m,10m U wind component,10u,10 metre U wind component,heightAboveGround,,instant,m s**-1,1.136077880859375,m_s-1,1.136077880859375
gfs,deterministic,2026-07-08T00:00:00Z,2026-07-09T00:00:00Z,24.0,21.75,114.25,u10,wind_u_10m,10m U wind component,10u,10 metre U wind component,heightAboveGround,,instant,m s**-1,0.43607789278030396,m_s-1,0.43607789278030396
gfs,deterministic,2026-07-08T00:00:00Z,2026-07-09T00:00:00Z,24.0,21.75,114.5,u10,wind_u_10m,10m U wind component,10u,10 metre U wind component,heightAboveGround,,instant,m s**-1,-0.363922119140625,m_s-1,-0.363922119140625
gfs,deterministic,2026-07-08T00:00:00Z,2026-07-09T00:00:00Z,24.0,21.75,114.75,u10,wind_u_10m,10m U wind component,10u,10 metre U wind component,heightAboveGround,,instant,m s**-1,-0.06392212212085724,m_s-1,-0.06392212212085724
gfs,deterministic,2026-07-08T00:00:00Z,2026-07-09T00:00:00Z,24.0,21.75,115.0,u10,wind_u_10m,10m U wind component,10u,10 metre U wind component,heightAboveGround,,instant,m s**-1,0.43607789278030396,m_s-1,0.43607789278030396
gfs,deterministic,2026-07-08T00:00:00Z,2026-07-09T00:00:00Z,24.0,21.75,115.25,u10,wind_u_10m,10m U wind component,10u,10 metre U wind component,heightAboveGround,,instant,m s**-1,0.836077868938446,m_s-1,0.836077868938446
gfs,deterministic,2026-07-08T00:00:00Z,2026-07-09T00:00:00Z,24.0,21.75,115.5,u10,wind_u_10m,10m U wind component,10u,10 metre U wind component,heightAboveGround,,instant,m s**-1,1.036077857017517,m_s-1,1.036077857017517
gfs,deterministic,2026-07-08T00:00:00Z,2026-07-09T00:00:00Z,24.0,21.5,113.0,u10,wind_u_10m,10m U wind component,10u,10 metre U wind component,heightAboveGround,,instant,m s**-1,-0.663922131061554,m_s-1,-0.663922131061554
gfs,deterministic,2026-07-08T00:00:00Z,2026-07-09T00:00:00Z,24.0,21.5,113.25,u10,wind_u_10m,10m U wind component,10u,10 metre U wind component,heightAboveGround,,instant,m s**-1,0.23607787489891052,m_s-1,0.23607787489891052
gfs,deterministic,2026-07-08T00:00:00Z,2026-07-09T00:00:00Z,24.0,21.5,113.5,u10,wind_u_10m,10m U wind component,10u,10 metre U wind component,heightAboveGround,,instant,m s**-1,1.036077857017517,m_s-1,1.036077857017517
gfs,deterministic,2026-07-08T00:00:00Z,2026-07-09T00:00:00Z,24.0,21.5,113.75,u10,wind_u_10m,10m U wind component,10u,10 metre U wind component,heightAboveGround,,instant,m s**-1,1.236077904701233,m_s-1,1.236077904701233
gfs,deterministic,2026-07-08T00:00:00Z,2026-07-09T00:00:00Z,24.0,21.5,114.0,u10,wind_u_10m,10m U wind component,10u,10 metre U wind component,heightAboveGround,,instant,m s**-1,1.136077880859375,m_s-1,1.136077880859375
gfs,deterministic,2026-07-08T00:00:00Z,2026-07-09T00:00:00Z,24.0,21.5,114.25,u10,wind_u_10m,10m U wind component,10u,10 metre U wind component,heightAboveGround,,instant,m s**-1,0.5360778570175171,m_s-1,0.5360778570175171
gfs,deterministic,2026-07-08T00:00:00Z,2026-07-09T00:00:00Z,24.0,21.5,114.5,u10,wind_u_10m,10m U wind component,10u,10 metre U wind component,heightAboveGround,,instant,m s**-1,-0.363922119140625,m_s-1,-0.363922119140625
gfs,deterministic,2026-07-08T00:00:00Z,2026-07-09T00:00:00Z,24.0,21.5,114.75,u10,wind_u_10m,10m U wind component,10u,10 metre U wind component,heightAboveGround,,instant,m s**-1,-0.06392212212085724,m_s-1,-0.06392212212085724
gfs,deterministic,2026-07-08T00:00:00Z,2026-07-09T00:00:00Z,24.0,21.5,115.0,u10,wind_u_10m,10m U wind component,10u,10 metre U wind component,heightAboveGround,,instant,m s**-1,0.636077880859375,m_s-1,0.636077880859375
gfs,deterministic,2026-07-08T00:00:00Z,2026-07-09T00:00:00Z,24.0,21.5,115.25,u10,wind_u_10m,10m U wind component,10u,10 metre U wind component,heightAboveGround,,instant,m s**-1,1.136077880859375,m_s-1,1.136077880859375
gfs,deterministic,2026-07-08T00:00:00Z,2026-07-09T00:00:00Z,24.0,21.5,115.5,u10,wind_u_10m,10m U wind component,10u,10 metre U wind component,heightAboveGround,,instant,m s**-1,1.136077880859375,m_s-1,1.136077880859375
gfs,deterministic,2026-07-08T00:00:00Z,2026-07-09T00:00:00Z,24.0,23.5,113.0,v10,wind_v_10m,10m V wind component,10v,10 metre V wind component,heightAboveGround,,instant,m s**-1,0.21776123344898224,m_s-1,0.21776123344898224
gfs,deterministic,2026-07-08T00:00:00Z,2026-07-09T00:00:00Z,24.0,23.5,113.25,v10,wind_v_10m,10m V wind component,10v,10 metre V wind component,heightAboveGround,,instant,m s**-1,1.117761254310608,m_s-1,1.117761254310608
gfs,deterministic,2026-07-08T00:00:00Z,2026-07-09T00:00:00Z,24.0,23.5,113.5,v10,wind_v_10m,10m V wind component,10v,10 metre V wind component,heightAboveGround,,instant,m s**-1,1.117761254310608,m_s-1,1.117761254310608
gfs,deterministic,2026-07-08T00:00:00Z,2026-07-09T00:00:00Z,24.0,23.5,113.75,v10,wind_v_10m,10m V wind component,10v,10 metre V wind component,heightAboveGround,,instant,m s**-1,0.31776124238967896,m_s-1,0.31776124238967896
gfs,deterministic,2026-07-08T00:00:00Z,2026-07-09T00:00:00Z,24.0,23.5,114.0,v10,wind_v_10m,10m V wind component,10v,10 metre V wind component,heightAboveGround,,instant,m s**-1,-0.48223876953125,m_s-1,-0.48223876953125
gfs,deterministic,2026-07-08T00:00:00Z,2026-07-09T00:00:00Z,24.0,23.5,114.25,v10,wind_v_10m,10m V wind component,10v,10 metre V wind component,heightAboveGround,,instant,m s**-1,0.01776123046875,m_s-1,0.01776123046875
gfs,deterministic,2026-07-08T00:00:00Z,2026-07-09T00:00:00Z,24.0,23.5,114.5,v10,wind_v_10m,10m V wind component,10v,10 metre V wind component,heightAboveGround,,instant,m s**-1,-0.08223877102136612,m_s-1,-0.08223877102136612
gfs,deterministic,2026-07-08T00:00:00Z,2026-07-09T00:00:00Z,24.0,23.5,114.75,v10,wind_v_10m,10m V wind component,10v,10 metre V wind component,heightAboveGround,,instant,m s**-1,0.01776123046875,m_s-1,0.01776123046875
gfs,deterministic,2026-07-08T00:00:00Z,2026-07-09T00:00:00Z,24.0,23.5,115.0,v10,wind_v_10m,10m V wind component,10v,10 metre V wind component,heightAboveGround,,instant,m s**-1,0.21776123344898224,m_s-1,0.21776123344898224
gfs,deterministic,2026-07-08T00:00:00Z,2026-07-09T00:00:00Z,24.0,23.5,115.25,v10,wind_v_10m,10m V wind component,10v,10 metre V wind component,heightAboveGround,,instant,m s**-1,0.6177612543106079,m_s-1,0.6177612543106079
gfs,deterministic,2026-07-08T00:00:00Z,2026-07-09T00:00:00Z,24.0,23.5,115.5,v10,wind_v_10m,10m V wind component,10v,10 metre V wind component,heightAboveGround,,instant,m s**-1,0.9177612066268921,m_s-1,0.9177612066268921
gfs,deterministic,2026-07-08T00:00:00Z,2026-07-09T00:00:00Z,24.0,23.25,113.0,v10,wind_v_10m,10m V wind component,10v,10 metre V wind component,heightAboveGround,,instant,m s**-1,1.2177612781524658,m_s-1,1.2177612781524658
gfs,deterministic,2026-07-08T00:00:00Z,2026-07-09T00:00:00Z,24.0,23.25,113.25,v10,wind_v_10m,10m V wind component,10v,10 metre V wind component,heightAboveGround,,instant,m s**-1,1.617761254310608,m_s-1,1.617761254310608
gfs,deterministic,2026-07-08T00:00:00Z,2026-07-09T00:00:00Z,24.0,23.25,113.5,v10,wind_v_10m,10m V wind component,10v,10 metre V wind component,heightAboveGround,,instant,m s**-1,1.117761254310608,m_s-1,1.117761254310608
gfs,deterministic,2026-07-08T00:00:00Z,2026-07-09T00:00:00Z,24.0,23.25,113.75,v10,wind_v_10m,10m V wind component,10v,10 metre V wind component,heightAboveGround,,instant,m s**-1,0.6177612543106079,m_s-1,0.6177612543106079
gfs,deterministic,2026-07-08T00:00:00Z,2026-07-09T00:00:00Z,24.0,23.25,114.0,v10,wind_v_10m,10m V wind component,10v,10 metre V wind component,heightAboveGround,,instant,m s**-1,0.11776123195886612,m_s-1,0.11776123195886612
gfs,deterministic,2026-07-08T00:00:00Z,2026-07-09T00:00:00Z,24.0,23.25,114.25,v10,wind_v_10m,10m V wind component,10v,10 metre V wind component,heightAboveGround,,instant,m s**-1,0.6177612543106079,m_s-1,0.6177612543106079
gfs,deterministic,2026-07-08T00:00:00Z,2026-07-09T00:00:00Z,24.0,23.25,114.5,v10,wind_v_10m,10m V wind component,10v,10 metre V wind component,heightAboveGround,,instant,m s**-1,0.31776124238967896,m_s-1,0.31776124238967896
gfs,deterministic,2026-07-08T00:00:00Z,2026-07-09T00:00:00Z,24.0,23.25,114.75,v10,wind_v_10m,10m V wind component,10v,10 metre V wind component,heightAboveGround,,instant,m s**-1,0.21776123344898224,m_s-1,0.21776123344898224
gfs,deterministic,2026-07-08T00:00:00Z,2026-07-09T00:00:00Z,24.0,23.25,115.0,v10,wind_v_10m,10m V wind component,10v,10 metre V wind component,heightAboveGround,,instant,m s**-1,0.717761218547821,m_s-1,0.717761218547821
gfs,deterministic,2026-07-08T00:00:00Z,2026-07-09T00:00:00Z,24.0,23.25,115.25,v10,wind_v_10m,10m V wind component,10v,10 metre V wind component,heightAboveGround,,instant,m s**-1,1.01776123046875,m_s-1,1.01776123046875
gfs,deterministic,2026-07-08T00:00:00Z,2026-07-09T00:00:00Z,24.0,23.25,115.5,v10,wind_v_10m,10m V wind component,10v,10 metre V wind component,heightAboveGround,,instant,m s**-1,1.3177611827850342,m_s-1,1.3177611827850342
gfs,deterministic,2026-07-08T00:00:00Z,2026-07-09T00:00:00Z,24.0,23.0,113.0,v10,wind_v_10m,10m V wind component,10v,10 metre V wind component,heightAboveGround,,instant,m s**-1,1.117761254310608,m_s-1,1.117761254310608
gfs,deterministic,2026-07-08T00:00:00Z,2026-07-09T00:00:00Z,24.0,23.0,113.25,v10,wind_v_10m,10m V wind component,10v,10 metre V wind component,heightAboveGround,,instant,m s**-1,1.917761206626892,m_s-1,1.917761206626892
gfs,deterministic,2026-07-08T00:00:00Z,2026-07-09T00:00:00Z,24.0,23.0,113.5,v10,wind_v_10m,10m V wind component,10v,10 metre V wind component,heightAboveGround,,instant,m s**-1,2.1177611351013184,m_s-1,2.1177611351013184
gfs,deterministic,2026-07-08T00:00:00Z,2026-07-09T00:00:00Z,24.0,23.0,113.75,v10,wind_v_10m,10m V wind component,10v,10 metre V wind component,heightAboveGround,,instant,m s**-1,1.417761206626892,m_s-1,1.417761206626892
gfs,deterministic,2026-07-08T00:00:00Z,2026-07-09T00:00:00Z,24.0,23.0,114.0,v10,wind_v_10m,10m V wind component,10v,10 metre V wind component,heightAboveGround,,instant,m s**-1,0.717761218547821,m_s-1,0.717761218547821
gfs,deterministic,2026-07-08T00:00:00Z,2026-07-09T00:00:00Z,24.0,23.0,114.25,v10,wind_v_10m,10m V wind component,10v,10 metre V wind component,heightAboveGround,,instant,m s**-1,0.717761218547821,m_s-1,0.717761218547821
gfs,deterministic,2026-07-08T00:00:00Z,2026-07-09T00:00:00Z,24.0,23.0,114.5,v10,wind_v_10m,10m V wind component,10v,10 metre V wind component,heightAboveGround,,instant,m s**-1,1.3177611827850342,m_s-1,1.3177611827850342
gfs,deterministic,2026-07-08T00:00:00Z,2026-07-09T00:00:00Z,24.0,23.0,114.75,v10,wind_v_10m,10m V wind component,10v,10 metre V wind component,heightAboveGround,,instant,m s**-1,1.2177612781524658,m_s-1,1.2177612781524658
gfs,deterministic,2026-07-08T00:00:00Z,2026-07-09T00:00:00Z,24.0,23.0,115.0,v10,wind_v_10m,10m V wind component,10v,10 metre V wind component,heightAboveGround,,instant,m s**-1,1.2177612781524658,m_s-1,1.2177612781524658
gfs,deterministic,2026-07-08T00:00:00Z,2026-07-09T00:00:00Z,24.0,23.0,115.25,v10,wind_v_10m,10m V wind component,10v,10 metre V wind component,heightAboveGround,,instant,m s**-1,1.01776123046875,m_s-1,1.01776123046875
gfs,deterministic,2026-07-08T00:00:00Z,2026-07-09T00:00:00Z,24.0,23.0,115.5,v10,wind_v_10m,10m V wind component,10v,10 metre V wind component,heightAboveGround,,instant,m s**-1,0.4177612364292145,m_s-1,0.4177612364292145
gfs,deterministic,2026-07-08T00:00:00Z,2026-07-09T00:00:00Z,24.0,22.75,113.0,v10,wind_v_10m,10m V wind component,10v,10 metre V wind component,heightAboveGround,,instant,m s**-1,0.9177612066268921,m_s-1,0.9177612066268921
gfs,deterministic,2026-07-08T00:00:00Z,2026-07-09T00:00:00Z,24.0,22.75,113.25,v10,wind_v_10m,10m V wind component,10v,10 metre V wind component,heightAboveGround,,instant,m s**-1,1.917761206626892,m_s-1,1.917761206626892
gfs,deterministic,2026-07-08T00:00:00Z,2026-07-09T00:00:00Z,24.0,22.75,113.5,v10,wind_v_10m,10m V wind component,10v,10 metre V wind component,heightAboveGround,,instant,m s**-1,2.51776123046875,m_s-1,2.51776123046875
gfs,deterministic,2026-07-08T00:00:00Z,2026-07-09T00:00:00Z,24.0,22.75,113.75,v10,wind_v_10m,10m V wind component,10v,10 metre V wind component,heightAboveGround,,instant,m s**-1,3.317761182785034,m_s-1,3.317761182785034
gfs,deterministic,2026-07-08T00:00:00Z,2026-07-09T00:00:00Z,24.0,22.75,114.0,v10,wind_v_10m,10m V wind component,10v,10 metre V wind component,heightAboveGround,,instant,m s**-1,0.817761242389679,m_s-1,0.817761242389679
gfs,deterministic,2026-07-08T00:00:00Z,2026-07-09T00:00:00Z,24.0,22.75,114.25,v10,wind_v_10m,10m V wind component,10v,10 metre V wind component,heightAboveGround,,instant,m s**-1,1.617761254310608,m_s-1,1.617761254310608
gfs,deterministic,2026-07-08T00:00:00Z,2026-07-09T00:00:00Z,24.0,22.75,114.5,v10,wind_v_10m,10m V wind component,10v,10 metre V wind component,heightAboveGround,,instant,m s**-1,1.2177612781524658,m_s-1,1.2177612781524658
gfs,deterministic,2026-07-08T00:00:00Z,2026-07-09T00:00:00Z,24.0,22.75,114.75,v10,wind_v_10m,10m V wind component,10v,10 metre V wind component,heightAboveGround,,instant,m s**-1,1.917761206626892,m_s-1,1.917761206626892
gfs,deterministic,2026-07-08T00:00:00Z,2026-07-09T00:00:00Z,24.0,22.75,115.0,v10,wind_v_10m,10m V wind component,10v,10 metre V wind component,heightAboveGround,,instant,m s**-1,1.617761254310608,m_s-1,1.617761254310608
gfs,deterministic,2026-07-08T00:00:00Z,2026-07-09T00:00:00Z,24.0,22.75,115.25,v10,wind_v_10m,10m V wind component,10v,10 metre V wind component,heightAboveGround,,instant,m s**-1,1.3177611827850342,m_s-1,1.3177611827850342
gfs,deterministic,2026-07-08T00:00:00Z,2026-07-09T00:00:00Z,24.0,22.75,115.5,v10,wind_v_10m,10m V wind component,10v,10 metre V wind component,heightAboveGround,,instant,m s**-1,1.7177612781524658,m_s-1,1.7177612781524658
gfs,deterministic,2026-07-08T00:00:00Z,2026-07-09T00:00:00Z,24.0,22.5,113.0,v10,wind_v_10m,10m V wind component,10v,10 metre V wind component,heightAboveGround,,instant,m s**-1,0.6177612543106079,m_s-1,0.6177612543106079
gfs,deterministic,2026-07-08T00:00:00Z,2026-07-09T00:00:00Z,24.0,22.5,113.25,v10,wind_v_10m,10m V wind component,10v,10 metre V wind component,heightAboveGround,,instant,m s**-1,2.01776123046875,m_s-1,2.01776123046875
gfs,deterministic,2026-07-08T00:00:00Z,2026-07-09T00:00:00Z,24.0,22.5,113.5,v10,wind_v_10m,10m V wind component,10v,10 metre V wind component,heightAboveGround,,instant,m s**-1,2.1177611351013184,m_s-1,2.1177611351013184
gfs,deterministic,2026-07-08T00:00:00Z,2026-07-09T00:00:00Z,24.0,22.5,113.75,v10,wind_v_10m,10m V wind component,10v,10 metre V wind component,heightAboveGround,,instant,m s**-1,4.117761135101318,m_s-1,4.117761135101318
gfs,deterministic,2026-07-08T00:00:00Z,2026-07-09T00:00:00Z,24.0,22.5,114.0,v10,wind_v_10m,10m V wind component,10v,10 metre V wind component,heightAboveGround,,instant,m s**-1,2.1177611351013184,m_s-1,2.1177611351013184
gfs,deterministic,2026-07-08T00:00:00Z,2026-07-09T00:00:00Z,24.0,22.5,114.25,v10,wind_v_10m,10m V wind component,10v,10 metre V wind component,heightAboveGround,,instant,m s**-1,1.117761254310608,m_s-1,1.117761254310608
gfs,deterministic,2026-07-08T00:00:00Z,2026-07-09T00:00:00Z,24.0,22.5,114.5,v10,wind_v_10m,10m V wind component,10v,10 metre V wind component,heightAboveGround,,instant,m s**-1,2.51776123046875,m_s-1,2.51776123046875
gfs,deterministic,2026-07-08T00:00:00Z,2026-07-09T00:00:00Z,24.0,22.5,114.75,v10,wind_v_10m,10m V wind component,10v,10 metre V wind component,heightAboveGround,,instant,m s**-1,3.717761278152466,m_s-1,3.717761278152466
gfs,deterministic,2026-07-08T00:00:00Z,2026-07-09T00:00:00Z,24.0,22.5,115.0,v10,wind_v_10m,10m V wind component,10v,10 metre V wind component,heightAboveGround,,instant,m s**-1,3.817761182785034,m_s-1,3.817761182785034
gfs,deterministic,2026-07-08T00:00:00Z,2026-07-09T00:00:00Z,24.0,22.5,115.25,v10,wind_v_10m,10m V wind component,10v,10 metre V wind component,heightAboveGround,,instant,m s**-1,4.01776123046875,m_s-1,4.01776123046875
gfs,deterministic,2026-07-08T00:00:00Z,2026-07-09T00:00:00Z,24.0,22.5,115.5,v10,wind_v_10m,10m V wind component,10v,10 metre V wind component,heightAboveGround,,instant,m s**-1,3.817761182785034,m_s-1,3.817761182785034
gfs,deterministic,2026-07-08T00:00:00Z,2026-07-09T00:00:00Z,24.0,22.25,113.0,v10,wind_v_10m,10m V wind component,10v,10 metre V wind component,heightAboveGround,,instant,m s**-1,1.01776123046875,m_s-1,1.01776123046875
gfs,deterministic,2026-07-08T00:00:00Z,2026-07-09T00:00:00Z,24.0,22.25,113.25,v10,wind_v_10m,10m V wind component,10v,10 metre V wind component,heightAboveGround,,instant,m s**-1,1.7177612781524658,m_s-1,1.7177612781524658
gfs,deterministic,2026-07-08T00:00:00Z,2026-07-09T00:00:00Z,24.0,22.25,113.5,v10,wind_v_10m,10m V wind component,10v,10 metre V wind component,heightAboveGround,,instant,m s**-1,2.6177611351013184,m_s-1,2.6177611351013184
gfs,deterministic,2026-07-08T00:00:00Z,2026-07-09T00:00:00Z,24.0,22.25,113.75,v10,wind_v_10m,10m V wind component,10v,10 metre V wind component,heightAboveGround,,instant,m s**-1,4.217761039733887,m_s-1,4.217761039733887
gfs,deterministic,2026-07-08T00:00:00Z,2026-07-09T00:00:00Z,24.0,22.25,114.0,v10,wind_v_10m,10m V wind component,10v,10 metre V wind component,heightAboveGround,,instant,m s**-1,4.51776123046875,m_s-1,4.51776123046875
gfs,deterministic,2026-07-08T00:00:00Z,2026-07-09T00:00:00Z,24.0,22.25,114.25,v10,wind_v_10m,10m V wind component,10v,10 metre V wind component,heightAboveGround,,instant,m s**-1,3.6177611351013184,m_s-1,3.6177611351013184
gfs,deterministic,2026-07-08T00:00:00Z,2026-07-09T00:00:00Z,24.0,22.25,114.5,v10,wind_v_10m,10m V wind component,10v,10 metre V wind component,heightAboveGround,,instant,m s**-1,4.617761135101318,m_s-1,4.617761135101318
gfs,deterministic,2026-07-08T00:00:00Z,2026-07-09T00:00:00Z,24.0,22.25,114.75,v10,wind_v_10m,10m V wind component,10v,10 metre V wind component,heightAboveGround,,instant,m s**-1,4.917761325836182,m_s-1,4.917761325836182
gfs,deterministic,2026-07-08T00:00:00Z,2026-07-09T00:00:00Z,24.0,22.25,115.0,v10,wind_v_10m,10m V wind component,10v,10 metre V wind component,heightAboveGround,,instant,m s**-1,5.217761039733887,m_s-1,5.217761039733887
gfs,deterministic,2026-07-08T00:00:00Z,2026-07-09T00:00:00Z,24.0,22.25,115.25,v10,wind_v_10m,10m V wind component,10v,10 metre V wind component,heightAboveGround,,instant,m s**-1,5.217761039733887,m_s-1,5.217761039733887
gfs,deterministic,2026-07-08T00:00:00Z,2026-07-09T00:00:00Z,24.0,22.25,115.5,v10,wind_v_10m,10m V wind component,10v,10 metre V wind component,heightAboveGround,,instant,m s**-1,4.817761421203613,m_s-1,4.817761421203613
gfs,deterministic,2026-07-08T00:00:00Z,2026-07-09T00:00:00Z,24.0,22.0,113.0,v10,wind_v_10m,10m V wind component,10v,10 metre V wind component,heightAboveGround,,instant,m s**-1,1.51776123046875,m_s-1,1.51776123046875
gfs,deterministic,2026-07-08T00:00:00Z,2026-07-09T00:00:00Z,24.0,22.0,113.25,v10,wind_v_10m,10m V wind component,10v,10 metre V wind component,heightAboveGround,,instant,m s**-1,3.1177611351013184,m_s-1,3.1177611351013184
gfs,deterministic,2026-07-08T00:00:00Z,2026-07-09T00:00:00Z,24.0,22.0,113.5,v10,wind_v_10m,10m V wind component,10v,10 metre V wind component,heightAboveGround,,instant,m s**-1,4.117761135101318,m_s-1,4.117761135101318
gfs,deterministic,2026-07-08T00:00:00Z,2026-07-09T00:00:00Z,24.0,22.0,113.75,v10,wind_v_10m,10m V wind component,10v,10 metre V wind component,heightAboveGround,,instant,m s**-1,4.917761325836182,m_s-1,4.917761325836182
gfs,deterministic,2026-07-08T00:00:00Z,2026-07-09T00:00:00Z,24.0,22.0,114.0,v10,wind_v_10m,10m V wind component,10v,10 metre V wind component,heightAboveGround,,instant,m s**-1,5.417761325836182,m_s-1,5.417761325836182
gfs,deterministic,2026-07-08T00:00:00Z,2026-07-09T00:00:00Z,24.0,22.0,114.25,v10,wind_v_10m,10m V wind component,10v,10 metre V wind component,heightAboveGround,,instant,m s**-1,5.617761135101318,m_s-1,5.617761135101318
gfs,deterministic,2026-07-08T00:00:00Z,2026-07-09T00:00:00Z,24.0,22.0,114.5,v10,wind_v_10m,10m V wind component,10v,10 metre V wind component,heightAboveGround,,instant,m s**-1,5.617761135101318,m_s-1,5.617761135101318
gfs,deterministic,2026-07-08T00:00:00Z,2026-07-09T00:00:00Z,24.0,22.0,114.75,v10,wind_v_10m,10m V wind component,10v,10 metre V wind component,heightAboveGround,,instant,m s**-1,5.917761325836182,m_s-1,5.917761325836182
gfs,deterministic,2026-07-08T00:00:00Z,2026-07-09T00:00:00Z,24.0,22.0,115.0,v10,wind_v_10m,10m V wind component,10v,10 metre V wind component,heightAboveGround,,instant,m s**-1,5.917761325836182,m_s-1,5.917761325836182
gfs,deterministic,2026-07-08T00:00:00Z,2026-07-09T00:00:00Z,24.0,22.0,115.25,v10,wind_v_10m,10m V wind component,10v,10 metre V wind component,heightAboveGround,,instant,m s**-1,5.717761039733887,m_s-1,5.717761039733887
gfs,deterministic,2026-07-08T00:00:00Z,2026-07-09T00:00:00Z,24.0,22.0,115.5,v10,wind_v_10m,10m V wind component,10v,10 metre V wind component,heightAboveGround,,instant,m s**-1,5.317761421203613,m_s-1,5.317761421203613
gfs,deterministic,2026-07-08T00:00:00Z,2026-07-09T00:00:00Z,24.0,21.75,113.0,v10,wind_v_10m,10m V wind component,10v,10 metre V wind component,heightAboveGround,,instant,m s**-1,3.217761278152466,m_s-1,3.217761278152466
gfs,deterministic,2026-07-08T00:00:00Z,2026-07-09T00:00:00Z,24.0,21.75,113.25,v10,wind_v_10m,10m V wind component,10v,10 metre V wind component,heightAboveGround,,instant,m s**-1,4.01776123046875,m_s-1,4.01776123046875
gfs,deterministic,2026-07-08T00:00:00Z,2026-07-09T00:00:00Z,24.0,21.75,113.5,v10,wind_v_10m,10m V wind component,10v,10 metre V wind component,heightAboveGround,,instant,m s**-1,4.717761039733887,m_s-1,4.717761039733887
gfs,deterministic,2026-07-08T00:00:00Z,2026-07-09T00:00:00Z,24.0,21.75,113.75,v10,wind_v_10m,10m V wind component,10v,10 metre V wind component,heightAboveGround,,instant,m s**-1,5.317761421203613,m_s-1,5.317761421203613
gfs,deterministic,2026-07-08T00:00:00Z,2026-07-09T00:00:00Z,24.0,21.75,114.0,v10,wind_v_10m,10m V wind component,10v,10 metre V wind component,heightAboveGround,,instant,m s**-1,5.717761039733887,m_s-1,5.717761039733887
gfs,deterministic,2026-07-08T00:00:00Z,2026-07-09T00:00:00Z,24.0,21.75,114.25,v10,wind_v_10m,10m V wind component,10v,10 metre V wind component,heightAboveGround,,instant,m s**-1,5.817761421203613,m_s-1,5.817761421203613
gfs,deterministic,2026-07-08T00:00:00Z,2026-07-09T00:00:00Z,24.0,21.75,114.5,v10,wind_v_10m,10m V wind component,10v,10 metre V wind component,heightAboveGround,,instant,m s**-1,6.01776123046875,m_s-1,6.01776123046875
gfs,deterministic,2026-07-08T00:00:00Z,2026-07-09T00:00:00Z,24.0,21.75,114.75,v10,wind_v_10m,10m V wind component,10v,10 metre V wind component,heightAboveGround,,instant,m s**-1,6.417761325836182,m_s-1,6.417761325836182
gfs,deterministic,2026-07-08T00:00:00Z,2026-07-09T00:00:00Z,24.0,21.75,115.0,v10,wind_v_10m,10m V wind component,10v,10 metre V wind component,heightAboveGround,,instant,m s**-1,6.317761421203613,m_s-1,6.317761421203613
gfs,deterministic,2026-07-08T00:00:00Z,2026-07-09T00:00:00Z,24.0,21.75,115.25,v10,wind_v_10m,10m V wind component,10v,10 metre V wind component,heightAboveGround,,instant,m s**-1,6.01776123046875,m_s-1,6.01776123046875
gfs,deterministic,2026-07-08T00:00:00Z,2026-07-09T00:00:00Z,24.0,21.75,115.5,v10,wind_v_10m,10m V wind component,10v,10 metre V wind component,heightAboveGround,,instant,m s**-1,5.51776123046875,m_s-1,5.51776123046875
gfs,deterministic,2026-07-08T00:00:00Z,2026-07-09T00:00:00Z,24.0,21.5,113.0,v10,wind_v_10m,10m V wind component,10v,10 metre V wind component,heightAboveGround,,instant,m s**-1,4.317761421203613,m_s-1,4.317761421203613
gfs,deterministic,2026-07-08T00:00:00Z,2026-07-09T00:00:00Z,24.0,21.5,113.25,v10,wind_v_10m,10m V wind component,10v,10 metre V wind component,heightAboveGround,,instant,m s**-1,4.717761039733887,m_s-1,4.717761039733887
gfs,deterministic,2026-07-08T00:00:00Z,2026-07-09T00:00:00Z,24.0,21.5,113.5,v10,wind_v_10m,10m V wind component,10v,10 metre V wind component,heightAboveGround,,instant,m s**-1,5.317761421203613,m_s-1,5.317761421203613
gfs,deterministic,2026-07-08T00:00:00Z,2026-07-09T00:00:00Z,24.0,21.5,113.75,v10,wind_v_10m,10m V wind component,10v,10 metre V wind component,heightAboveGround,,instant,m s**-1,5.917761325836182,m_s-1,5.917761325836182
gfs,deterministic,2026-07-08T00:00:00Z,2026-07-09T00:00:00Z,24.0,21.5,114.0,v10,wind_v_10m,10m V wind component,10v,10 metre V wind component,heightAboveGround,,instant,m s**-1,6.217761039733887,m_s-1,6.217761039733887
gfs,deterministic,2026-07-08T00:00:00Z,2026-07-09T00:00:00Z,24.0,21.5,114.25,v10,wind_v_10m,10m V wind component,10v,10 metre V wind component,heightAboveGround,,instant,m s**-1,6.317761421203613,m_s-1,6.317761421203613
gfs,deterministic,2026-07-08T00:00:00Z,2026-07-09T00:00:00Z,24.0,21.5,114.5,v10,wind_v_10m,10m V wind component,10v,10 metre V wind component,heightAboveGround,,instant,m s**-1,6.117761135101318,m_s-1,6.117761135101318
gfs,deterministic,2026-07-08T00:00:00Z,2026-07-09T00:00:00Z,24.0,21.5,114.75,v10,wind_v_10m,10m V wind component,10v,10 metre V wind component,heightAboveGround,,instant,m s**-1,6.417761325836182,m_s-1,6.417761325836182
gfs,deterministic,2026-07-08T00:00:00Z,2026-07-09T00:00:00Z,24.0,21.5,115.0,v10,wind_v_10m,10m V wind component,10v,10 metre V wind component,heightAboveGround,,instant,m s**-1,6.217761039733887,m_s-1,6.217761039733887
gfs,deterministic,2026-07-08T00:00:00Z,2026-07-09T00:00:00Z,24.0,21.5,115.25,v10,wind_v_10m,10m V wind component,10v,10 metre V wind component,heightAboveGround,,instant,m s**-1,5.917761325836182,m_s-1,5.917761325836182
gfs,deterministic,2026-07-08T00:00:00Z,2026-07-09T00:00:00Z,24.0,21.5,115.5,v10,wind_v_10m,10m V wind component,10v,10 metre V wind component,heightAboveGround,,instant,m s**-1,5.717761039733887,m_s-1,5.717761039733887
gfs,deterministic,2026-07-08T00:00:00Z,2026-07-09T00:00:00Z,24.0,23.5,113.0,t2m,temperature_2m,2m air temperature,2t,2 metre temperature,heightAboveGround,,instant,K,299.7342834472656,degC,26.584283447265648
gfs,deterministic,2026-07-08T00:00:00Z,2026-07-09T00:00:00Z,24.0,23.5,113.25,t2m,temperature_2m,2m air temperature,2t,2 metre temperature,heightAboveGround,,instant,K,299.7342834472656,degC,26.584283447265648
gfs,deterministic,2026-07-08T00:00:00Z,2026-07-09T00:00:00Z,24.0,23.5,113.5,t2m,temperature_2m,2m air temperature,2t,2 metre temperature,heightAboveGround,,instant,K,299.93426513671875,degC,26.784265136718773
gfs,deterministic,2026-07-08T00:00:00Z,2026-07-09T00:00:00Z,24.0,23.5,113.75,t2m,temperature_2m,2m air temperature,2t,2 metre temperature,heightAboveGround,,instant,K,299.63427734375,degC,26.484277343750023
gfs,deterministic,2026-07-08T00:00:00Z,2026-07-09T00:00:00Z,24.0,23.5,114.0,t2m,temperature_2m,2m air temperature,2t,2 metre temperature,heightAboveGround,,instant,K,299.2342834472656,degC,26.084283447265648
gfs,deterministic,2026-07-08T00:00:00Z,2026-07-09T00:00:00Z,24.0,23.5,114.25,t2m,temperature_2m,2m air temperature,2t,2 metre temperature,heightAboveGround,,instant,K,298.7342834472656,degC,25.584283447265648
gfs,deterministic,2026-07-08T00:00:00Z,2026-07-09T00:00:00Z,24.0,23.5,114.5,t2m,temperature_2m,2m air temperature,2t,2 metre temperature,heightAboveGround,,instant,K,299.43426513671875,degC,26.284265136718773
gfs,deterministic,2026-07-08T00:00:00Z,2026-07-09T00:00:00Z,24.0,23.5,114.75,t2m,temperature_2m,2m air temperature,2t,2 metre temperature,heightAboveGround,,instant,K,299.43426513671875,degC,26.284265136718773
gfs,deterministic,2026-07-08T00:00:00Z,2026-07-09T00:00:00Z,24.0,23.5,115.0,t2m,temperature_2m,2m air temperature,2t,2 metre temperature,heightAboveGround,,instant,K,300.13427734375,degC,26.984277343750023
gfs,deterministic,2026-07-08T00:00:00Z,2026-07-09T00:00:00Z,24.0,23.5,115.25,t2m,temperature_2m,2m air temperature,2t,2 metre temperature,heightAboveGround,,instant,K,300.13427734375,degC,26.984277343750023
gfs,deterministic,2026-07-08T00:00:00Z,2026-07-09T00:00:00Z,24.0,23.5,115.5,t2m,temperature_2m,2m air temperature,2t,2 metre temperature,heightAboveGround,,instant,K,299.83428955078125,degC,26.684289550781273
gfs,deterministic,2026-07-08T00:00:00Z,2026-07-09T00:00:00Z,24.0,23.25,113.0,t2m,temperature_2m,2m air temperature,2t,2 metre temperature,heightAboveGround,,instant,K,300.7342834472656,degC,27.584283447265648
gfs,deterministic,2026-07-08T00:00:00Z,2026-07-09T00:00:00Z,24.0,23.25,113.25,t2m,temperature_2m,2m air temperature,2t,2 metre temperature,heightAboveGround,,instant,K,300.7342834472656,degC,27.584283447265648
gfs,deterministic,2026-07-08T00:00:00Z,2026-07-09T00:00:00Z,24.0,23.25,113.5,t2m,temperature_2m,2m air temperature,2t,2 metre temperature,heightAboveGround,,instant,K,300.13427734375,degC,26.984277343750023
gfs,deterministic,2026-07-08T00:00:00Z,2026-07-09T00:00:00Z,24.0,23.25,113.75,t2m,temperature_2m,2m air temperature,2t,2 metre temperature,heightAboveGround,,instant,K,300.33428955078125,degC,27.184289550781273
gfs,deterministic,2026-07-08T00:00:00Z,2026-07-09T00:00:00Z,24.0,23.25,114.0,t2m,temperature_2m,2m air temperature,2t,2 metre temperature,heightAboveGround,,instant,K,299.7342834472656,degC,26.584283447265648
gfs,deterministic,2026-07-08T00:00:00Z,2026-07-09T00:00:00Z,24.0,23.25,114.25,t2m,temperature_2m,2m air temperature,2t,2 metre temperature,heightAboveGround,,instant,K,299.5342712402344,degC,26.384271240234398
gfs,deterministic,2026-07-08T00:00:00Z,2026-07-09T00:00:00Z,24.0,23.25,114.5,t2m,temperature_2m,2m air temperature,2t,2 metre temperature,heightAboveGround,,instant,K,299.83428955078125,degC,26.684289550781273
gfs,deterministic,2026-07-08T00:00:00Z,2026-07-09T00:00:00Z,24.0,23.25,114.75,t2m,temperature_2m,2m air temperature,2t,2 metre temperature,heightAboveGround,,instant,K,300.13427734375,degC,26.984277343750023
gfs,deterministic,2026-07-08T00:00:00Z,2026-07-09T00:00:00Z,24.0,23.25,115.0,t2m,temperature_2m,2m air temperature,2t,2 metre temperature,heightAboveGround,,instant,K,300.0342712402344,degC,26.884271240234398
gfs,deterministic,2026-07-08T00:00:00Z,2026-07-09T00:00:00Z,24.0,23.25,115.25,t2m,temperature_2m,2m air temperature,2t,2 metre temperature,heightAboveGround,,instant,K,299.5342712402344,degC,26.384271240234398
gfs,deterministic,2026-07-08T00:00:00Z,2026-07-09T00:00:00Z,24.0,23.25,115.5,t2m,temperature_2m,2m air temperature,2t,2 metre temperature,heightAboveGround,,instant,K,299.2342834472656,degC,26.084283447265648
gfs,deterministic,2026-07-08T00:00:00Z,2026-07-09T00:00:00Z,24.0,23.0,113.0,t2m,temperature_2m,2m air temperature,2t,2 metre temperature,heightAboveGround,,instant,K,301.0342712402344,degC,27.884271240234398
gfs,deterministic,2026-07-08T00:00:00Z,2026-07-09T00:00:00Z,24.0,23.0,113.25,t2m,temperature_2m,2m air temperature,2t,2 metre temperature,heightAboveGround,,instant,K,301.0342712402344,degC,27.884271240234398
gfs,deterministic,2026-07-08T00:00:00Z,2026-07-09T00:00:00Z,24.0,23.0,113.5,t2m,temperature_2m,2m air temperature,2t,2 metre temperature,heightAboveGround,,instant,K,300.63427734375,degC,27.484277343750023
gfs,deterministic,2026-07-08T00:00:00Z,2026-07-09T00:00:00Z,24.0,23.0,113.75,t2m,temperature_2m,2m air temperature,2t,2 metre temperature,heightAboveGround,,instant,K,300.83428955078125,degC,27.684289550781273
gfs,deterministic,2026-07-08T00:00:00Z,2026-07-09T00:00:00Z,24.0,23.0,114.0,t2m,temperature_2m,2m air temperature,2t,2 metre temperature,heightAboveGround,,instant,K,300.7342834472656,degC,27.584283447265648
gfs,deterministic,2026-07-08T00:00:00Z,2026-07-09T00:00:00Z,24.0,23.0,114.25,t2m,temperature_2m,2m air temperature,2t,2 metre temperature,heightAboveGround,,instant,K,300.43426513671875,degC,27.284265136718773
gfs,deterministic,2026-07-08T00:00:00Z,2026-07-09T00:00:00Z,24.0,23.0,114.5,t2m,temperature_2m,2m air temperature,2t,2 metre temperature,heightAboveGround,,instant,K,300.83428955078125,degC,27.684289550781273
gfs,deterministic,2026-07-08T00:00:00Z,2026-07-09T00:00:00Z,24.0,23.0,114.75,t2m,temperature_2m,2m air temperature,2t,2 metre temperature,heightAboveGround,,instant,K,300.7342834472656,degC,27.584283447265648
gfs,deterministic,2026-07-08T00:00:00Z,2026-07-09T00:00:00Z,24.0,23.0,115.0,t2m,temperature_2m,2m air temperature,2t,2 metre temperature,heightAboveGround,,instant,K,300.13427734375,degC,26.984277343750023
gfs,deterministic,2026-07-08T00:00:00Z,2026-07-09T00:00:00Z,24.0,23.0,115.25,t2m,temperature_2m,2m air temperature,2t,2 metre temperature,heightAboveGround,,instant,K,300.33428955078125,degC,27.184289550781273
gfs,deterministic,2026-07-08T00:00:00Z,2026-07-09T00:00:00Z,24.0,23.0,115.5,t2m,temperature_2m,2m air temperature,2t,2 metre temperature,heightAboveGround,,instant,K,301.2342834472656,degC,28.084283447265648
gfs,deterministic,2026-07-08T00:00:00Z,2026-07-09T00:00:00Z,24.0,22.75,113.0,t2m,temperature_2m,2m air temperature,2t,2 metre temperature,heightAboveGround,,instant,K,300.63427734375,degC,27.484277343750023
gfs,deterministic,2026-07-08T00:00:00Z,2026-07-09T00:00:00Z,24.0,22.75,113.25,t2m,temperature_2m,2m air temperature,2t,2 metre temperature,heightAboveGround,,instant,K,301.2342834472656,degC,28.084283447265648
gfs,deterministic,2026-07-08T00:00:00Z,2026-07-09T00:00:00Z,24.0,22.75,113.5,t2m,temperature_2m,2m air temperature,2t,2 metre temperature,heightAboveGround,,instant,K,301.13427734375,degC,27.984277343750023
gfs,deterministic,2026-07-08T00:00:00Z,2026-07-09T00:00:00Z,24.0,22.75,113.75,t2m,temperature_2m,2m air temperature,2t,2 metre temperature,heightAboveGround,,instant,K,300.83428955078125,degC,27.684289550781273
gfs,deterministic,2026-07-08T00:00:00Z,2026-07-09T00:00:00Z,24.0,22.75,114.0,t2m,temperature_2m,2m air temperature,2t,2 metre temperature,heightAboveGround,,instant,K,300.7342834472656,degC,27.584283447265648
gfs,deterministic,2026-07-08T00:00:00Z,2026-07-09T00:00:00Z,24.0,22.75,114.25,t2m,temperature_2m,2m air temperature,2t,2 metre temperature,heightAboveGround,,instant,K,300.63427734375,degC,27.484277343750023
gfs,deterministic,2026-07-08T00:00:00Z,2026-07-09T00:00:00Z,24.0,22.75,114.5,t2m,temperature_2m,2m air temperature,2t,2 metre temperature,heightAboveGround,,instant,K,300.83428955078125,degC,27.684289550781273
gfs,deterministic,2026-07-08T00:00:00Z,2026-07-09T00:00:00Z,24.0,22.75,114.75,t2m,temperature_2m,2m air temperature,2t,2 metre temperature,heightAboveGround,,instant,K,301.0342712402344,degC,27.884271240234398
gfs,deterministic,2026-07-08T00:00:00Z,2026-07-09T00:00:00Z,24.0,22.75,115.0,t2m,temperature_2m,2m air temperature,2t,2 metre temperature,heightAboveGround,,instant,K,301.0342712402344,degC,27.884271240234398
gfs,deterministic,2026-07-08T00:00:00Z,2026-07-09T00:00:00Z,24.0,22.75,115.25,t2m,temperature_2m,2m air temperature,2t,2 metre temperature,heightAboveGround,,instant,K,301.2342834472656,degC,28.084283447265648
gfs,deterministic,2026-07-08T00:00:00Z,2026-07-09T00:00:00Z,24.0,22.75,115.5,t2m,temperature_2m,2m air temperature,2t,2 metre temperature,heightAboveGround,,instant,K,301.7342834472656,degC,28.584283447265648
gfs,deterministic,2026-07-08T00:00:00Z,2026-07-09T00:00:00Z,24.0,22.5,113.0,t2m,temperature_2m,2m air temperature,2t,2 metre temperature,heightAboveGround,,instant,K,300.5342712402344,degC,27.384271240234398
gfs,deterministic,2026-07-08T00:00:00Z,2026-07-09T00:00:00Z,24.0,22.5,113.25,t2m,temperature_2m,2m air temperature,2t,2 metre temperature,heightAboveGround,,instant,K,301.5342712402344,degC,28.384271240234398
gfs,deterministic,2026-07-08T00:00:00Z,2026-07-09T00:00:00Z,24.0,22.5,113.5,t2m,temperature_2m,2m air temperature,2t,2 metre temperature,heightAboveGround,,instant,K,301.0342712402344,degC,27.884271240234398
gfs,deterministic,2026-07-08T00:00:00Z,2026-07-09T00:00:00Z,24.0,22.5,113.75,t2m,temperature_2m,2m air temperature,2t,2 metre temperature,heightAboveGround,,instant,K,300.63427734375,degC,27.484277343750023
gfs,deterministic,2026-07-08T00:00:00Z,2026-07-09T00:00:00Z,24.0,22.5,114.0,t2m,temperature_2m,2m air temperature,2t,2 metre temperature,heightAboveGround,,instant,K,300.63427734375,degC,27.484277343750023
gfs,deterministic,2026-07-08T00:00:00Z,2026-07-09T00:00:00Z,24.0,22.5,114.25,t2m,temperature_2m,2m air temperature,2t,2 metre temperature,heightAboveGround,,instant,K,300.2342834472656,degC,27.084283447265648
gfs,deterministic,2026-07-08T00:00:00Z,2026-07-09T00:00:00Z,24.0,22.5,114.5,t2m,temperature_2m,2m air temperature,2t,2 metre temperature,heightAboveGround,,instant,K,300.33428955078125,degC,27.184289550781273
gfs,deterministic,2026-07-08T00:00:00Z,2026-07-09T00:00:00Z,24.0,22.5,114.75,t2m,temperature_2m,2m air temperature,2t,2 metre temperature,heightAboveGround,,instant,K,300.63427734375,degC,27.484277343750023
gfs,deterministic,2026-07-08T00:00:00Z,2026-07-09T00:00:00Z,24.0,22.5,115.0,t2m,temperature_2m,2m air temperature,2t,2 metre temperature,heightAboveGround,,instant,K,300.7342834472656,degC,27.584283447265648
gfs,deterministic,2026-07-08T00:00:00Z,2026-07-09T00:00:00Z,24.0,22.5,115.25,t2m,temperature_2m,2m air temperature,2t,2 metre temperature,heightAboveGround,,instant,K,300.7342834472656,degC,27.584283447265648
gfs,deterministic,2026-07-08T00:00:00Z,2026-07-09T00:00:00Z,24.0,22.5,115.5,t2m,temperature_2m,2m air temperature,2t,2 metre temperature,heightAboveGround,,instant,K,300.93426513671875,degC,27.784265136718773
gfs,deterministic,2026-07-08T00:00:00Z,2026-07-09T00:00:00Z,24.0,22.25,113.0,t2m,temperature_2m,2m air temperature,2t,2 metre temperature,heightAboveGround,,instant,K,300.33428955078125,degC,27.184289550781273
gfs,deterministic,2026-07-08T00:00:00Z,2026-07-09T00:00:00Z,24.0,22.25,113.25,t2m,temperature_2m,2m air temperature,2t,2 metre temperature,heightAboveGround,,instant,K,301.0342712402344,degC,27.884271240234398
gfs,deterministic,2026-07-08T00:00:00Z,2026-07-09T00:00:00Z,24.0,22.25,113.5,t2m,temperature_2m,2m air temperature,2t,2 metre temperature,heightAboveGround,,instant,K,300.83428955078125,degC,27.684289550781273
gfs,deterministic,2026-07-08T00:00:00Z,2026-07-09T00:00:00Z,24.0,22.25,113.75,t2m,temperature_2m,2m air temperature,2t,2 metre temperature,heightAboveGround,,instant,K,300.63427734375,degC,27.484277343750023
gfs,deterministic,2026-07-08T00:00:00Z,2026-07-09T00:00:00Z,24.0,22.25,114.0,t2m,temperature_2m,2m air temperature,2t,2 metre temperature,heightAboveGround,,instant,K,300.43426513671875,degC,27.284265136718773
gfs,deterministic,2026-07-08T00:00:00Z,2026-07-09T00:00:00Z,24.0,22.25,114.25,t2m,temperature_2m,2m air temperature,2t,2 metre temperature,heightAboveGround,,instant,K,300.33428955078125,degC,27.184289550781273
gfs,deterministic,2026-07-08T00:00:00Z,2026-07-09T00:00:00Z,24.0,22.25,114.5,t2m,temperature_2m,2m air temperature,2t,2 metre temperature,heightAboveGround,,instant,K,300.63427734375,degC,27.484277343750023
gfs,deterministic,2026-07-08T00:00:00Z,2026-07-09T00:00:00Z,24.0,22.25,114.75,t2m,temperature_2m,2m air temperature,2t,2 metre temperature,heightAboveGround,,instant,K,300.7342834472656,degC,27.584283447265648
gfs,deterministic,2026-07-08T00:00:00Z,2026-07-09T00:00:00Z,24.0,22.25,115.0,t2m,temperature_2m,2m air temperature,2t,2 metre temperature,heightAboveGround,,instant,K,300.93426513671875,degC,27.784265136718773
gfs,deterministic,2026-07-08T00:00:00Z,2026-07-09T00:00:00Z,24.0,22.25,115.25,t2m,temperature_2m,2m air temperature,2t,2 metre temperature,heightAboveGround,,instant,K,301.43426513671875,degC,28.284265136718773
gfs,deterministic,2026-07-08T00:00:00Z,2026-07-09T00:00:00Z,24.0,22.25,115.5,t2m,temperature_2m,2m air temperature,2t,2 metre temperature,heightAboveGround,,instant,K,301.83428955078125,degC,28.684289550781273
gfs,deterministic,2026-07-08T00:00:00Z,2026-07-09T00:00:00Z,24.0,22.0,113.0,t2m,temperature_2m,2m air temperature,2t,2 metre temperature,heightAboveGround,,instant,K,300.7342834472656,degC,27.584283447265648
gfs,deterministic,2026-07-08T00:00:00Z,2026-07-09T00:00:00Z,24.0,22.0,113.25,t2m,temperature_2m,2m air temperature,2t,2 metre temperature,heightAboveGround,,instant,K,301.13427734375,degC,27.984277343750023
gfs,deterministic,2026-07-08T00:00:00Z,2026-07-09T00:00:00Z,24.0,22.0,113.5,t2m,temperature_2m,2m air temperature,2t,2 metre temperature,heightAboveGround,,instant,K,300.83428955078125,degC,27.684289550781273
gfs,deterministic,2026-07-08T00:00:00Z,2026-07-09T00:00:00Z,24.0,22.0,113.75,t2m,temperature_2m,2m air temperature,2t,2 metre temperature,heightAboveGround,,instant,K,300.7342834472656,degC,27.584283447265648
gfs,deterministic,2026-07-08T00:00:00Z,2026-07-09T00:00:00Z,24.0,22.0,114.0,t2m,temperature_2m,2m air temperature,2t,2 metre temperature,heightAboveGround,,instant,K,300.7342834472656,degC,27.584283447265648
gfs,deterministic,2026-07-08T00:00:00Z,2026-07-09T00:00:00Z,24.0,22.0,114.25,t2m,temperature_2m,2m air temperature,2t,2 metre temperature,heightAboveGround,,instant,K,300.7342834472656,degC,27.584283447265648
gfs,deterministic,2026-07-08T00:00:00Z,2026-07-09T00:00:00Z,24.0,22.0,114.5,t2m,temperature_2m,2m air temperature,2t,2 metre temperature,heightAboveGround,,instant,K,300.7342834472656,degC,27.584283447265648
gfs,deterministic,2026-07-08T00:00:00Z,2026-07-09T00:00:00Z,24.0,22.0,114.75,t2m,temperature_2m,2m air temperature,2t,2 metre temperature,heightAboveGround,,instant,K,301.13427734375,degC,27.984277343750023
gfs,deterministic,2026-07-08T00:00:00Z,2026-07-09T00:00:00Z,24.0,22.0,115.0,t2m,temperature_2m,2m air temperature,2t,2 metre temperature,heightAboveGround,,instant,K,301.33428955078125,degC,28.184289550781273
gfs,deterministic,2026-07-08T00:00:00Z,2026-07-09T00:00:00Z,24.0,22.0,115.25,t2m,temperature_2m,2m air temperature,2t,2 metre temperature,heightAboveGround,,instant,K,301.93426513671875,degC,28.784265136718773
gfs,deterministic,2026-07-08T00:00:00Z,2026-07-09T00:00:00Z,24.0,22.0,115.5,t2m,temperature_2m,2m air temperature,2t,2 metre temperature,heightAboveGround,,instant,K,302.13427734375,degC,28.984277343750023
gfs,deterministic,2026-07-08T00:00:00Z,2026-07-09T00:00:00Z,24.0,21.75,113.0,t2m,temperature_2m,2m air temperature,2t,2 metre temperature,heightAboveGround,,instant,K,301.33428955078125,degC,28.184289550781273
gfs,deterministic,2026-07-08T00:00:00Z,2026-07-09T00:00:00Z,24.0,21.75,113.25,t2m,temperature_2m,2m air temperature,2t,2 metre temperature,heightAboveGround,,instant,K,301.2342834472656,degC,28.084283447265648
gfs,deterministic,2026-07-08T00:00:00Z,2026-07-09T00:00:00Z,24.0,21.75,113.5,t2m,temperature_2m,2m air temperature,2t,2 metre temperature,heightAboveGround,,instant,K,301.0342712402344,degC,27.884271240234398
gfs,deterministic,2026-07-08T00:00:00Z,2026-07-09T00:00:00Z,24.0,21.75,113.75,t2m,temperature_2m,2m air temperature,2t,2 metre temperature,heightAboveGround,,instant,K,300.93426513671875,degC,27.784265136718773
gfs,deterministic,2026-07-08T00:00:00Z,2026-07-09T00:00:00Z,24.0,21.75,114.0,t2m,temperature_2m,2m air temperature,2t,2 metre temperature,heightAboveGround,,instant,K,301.0342712402344,degC,27.884271240234398
gfs,deterministic,2026-07-08T00:00:00Z,2026-07-09T00:00:00Z,24.0,21.75,114.25,t2m,temperature_2m,2m air temperature,2t,2 metre temperature,heightAboveGround,,instant,K,301.13427734375,degC,27.984277343750023
gfs,deterministic,2026-07-08T00:00:00Z,2026-07-09T00:00:00Z,24.0,21.75,114.5,t2m,temperature_2m,2m air temperature,2t,2 metre temperature,heightAboveGround,,instant,K,301.0342712402344,degC,27.884271240234398
gfs,deterministic,2026-07-08T00:00:00Z,2026-07-09T00:00:00Z,24.0,21.75,114.75,t2m,temperature_2m,2m air temperature,2t,2 metre temperature,heightAboveGround,,instant,K,301.43426513671875,degC,28.284265136718773
gfs,deterministic,2026-07-08T00:00:00Z,2026-07-09T00:00:00Z,24.0,21.75,115.0,t2m,temperature_2m,2m air temperature,2t,2 metre temperature,heightAboveGround,,instant,K,301.43426513671875,degC,28.284265136718773
gfs,deterministic,2026-07-08T00:00:00Z,2026-07-09T00:00:00Z,24.0,21.75,115.25,t2m,temperature_2m,2m air temperature,2t,2 metre temperature,heightAboveGround,,instant,K,301.93426513671875,degC,28.784265136718773
gfs,deterministic,2026-07-08T00:00:00Z,2026-07-09T00:00:00Z,24.0,21.75,115.5,t2m,temperature_2m,2m air temperature,2t,2 metre temperature,heightAboveGround,,instant,K,302.2342834472656,degC,29.084283447265648
gfs,deterministic,2026-07-08T00:00:00Z,2026-07-09T00:00:00Z,24.0,21.5,113.0,t2m,temperature_2m,2m air temperature,2t,2 metre temperature,heightAboveGround,,instant,K,301.5342712402344,degC,28.384271240234398
gfs,deterministic,2026-07-08T00:00:00Z,2026-07-09T00:00:00Z,24.0,21.5,113.25,t2m,temperature_2m,2m air temperature,2t,2 metre temperature,heightAboveGround,,instant,K,301.43426513671875,degC,28.284265136718773
gfs,deterministic,2026-07-08T00:00:00Z,2026-07-09T00:00:00Z,24.0,21.5,113.5,t2m,temperature_2m,2m air temperature,2t,2 metre temperature,heightAboveGround,,instant,K,301.13427734375,degC,27.984277343750023
gfs,deterministic,2026-07-08T00:00:00Z,2026-07-09T00:00:00Z,24.0,21.5,113.75,t2m,temperature_2m,2m air temperature,2t,2 metre temperature,heightAboveGround,,instant,K,301.13427734375,degC,27.984277343750023
gfs,deterministic,2026-07-08T00:00:00Z,2026-07-09T00:00:00Z,24.0,21.5,114.0,t2m,temperature_2m,2m air temperature,2t,2 metre temperature,heightAboveGround,,instant,K,301.13427734375,degC,27.984277343750023
gfs,deterministic,2026-07-08T00:00:00Z,2026-07-09T00:00:00Z,24.0,21.5,114.25,t2m,temperature_2m,2m air temperature,2t,2 metre temperature,heightAboveGround,,instant,K,301.33428955078125,degC,28.184289550781273
gfs,deterministic,2026-07-08T00:00:00Z,2026-07-09T00:00:00Z,24.0,21.5,114.5,t2m,temperature_2m,2m air temperature,2t,2 metre temperature,heightAboveGround,,instant,K,301.5342712402344,degC,28.384271240234398
gfs,deterministic,2026-07-08T00:00:00Z,2026-07-09T00:00:00Z,24.0,21.5,114.75,t2m,temperature_2m,2m air temperature,2t,2 metre temperature,heightAboveGround,,instant,K,301.63427734375,degC,28.484277343750023
gfs,deterministic,2026-07-08T00:00:00Z,2026-07-09T00:00:00Z,24.0,21.5,115.0,t2m,temperature_2m,2m air temperature,2t,2 metre temperature,heightAboveGround,,instant,K,301.7342834472656,degC,28.584283447265648
gfs,deterministic,2026-07-08T00:00:00Z,2026-07-09T00:00:00Z,24.0,21.5,115.25,t2m,temperature_2m,2m air temperature,2t,2 metre temperature,heightAboveGround,,instant,K,302.0342712402344,degC,28.884271240234398
gfs,deterministic,2026-07-08T00:00:00Z,2026-07-09T00:00:00Z,24.0,21.5,115.5,t2m,temperature_2m,2m air temperature,2t,2 metre temperature,heightAboveGround,,instant,K,302.2342834472656,degC,29.084283447265648
gfs,deterministic,2026-07-08T00:00:00Z,2026-07-09T00:00:00Z,24.0,23.5,113.0,d2m,dewpoint_2m,2m dewpoint temperature,2d,2 metre dewpoint temperature,heightAboveGround,,instant,K,297.4137268066406,degC,24.263726806640648
gfs,deterministic,2026-07-08T00:00:00Z,2026-07-09T00:00:00Z,24.0,23.5,113.25,d2m,dewpoint_2m,2m dewpoint temperature,2d,2 metre dewpoint temperature,heightAboveGround,,instant,K,297.313720703125,degC,24.163720703125023
gfs,deterministic,2026-07-08T00:00:00Z,2026-07-09T00:00:00Z,24.0,23.5,113.5,d2m,dewpoint_2m,2m dewpoint temperature,2d,2 metre dewpoint temperature,heightAboveGround,,instant,K,297.11370849609375,degC,23.963708496093773
gfs,deterministic,2026-07-08T00:00:00Z,2026-07-09T00:00:00Z,24.0,23.5,113.75,d2m,dewpoint_2m,2m dewpoint temperature,2d,2 metre dewpoint temperature,heightAboveGround,,instant,K,296.9137268066406,degC,23.763726806640648
gfs,deterministic,2026-07-08T00:00:00Z,2026-07-09T00:00:00Z,24.0,23.5,114.0,d2m,dewpoint_2m,2m dewpoint temperature,2d,2 metre dewpoint temperature,heightAboveGround,,instant,K,296.813720703125,degC,23.663720703125023
gfs,deterministic,2026-07-08T00:00:00Z,2026-07-09T00:00:00Z,24.0,23.5,114.25,d2m,dewpoint_2m,2m dewpoint temperature,2d,2 metre dewpoint temperature,heightAboveGround,,instant,K,296.9137268066406,degC,23.763726806640648
gfs,deterministic,2026-07-08T00:00:00Z,2026-07-09T00:00:00Z,24.0,23.5,114.5,d2m,dewpoint_2m,2m dewpoint temperature,2d,2 metre dewpoint temperature,heightAboveGround,,instant,K,296.4137268066406,degC,23.263726806640648
gfs,deterministic,2026-07-08T00:00:00Z,2026-07-09T00:00:00Z,24.0,23.5,114.75,d2m,dewpoint_2m,2m dewpoint temperature,2d,2 metre dewpoint temperature,heightAboveGround,,instant,K,296.61370849609375,degC,23.463708496093773
gfs,deterministic,2026-07-08T00:00:00Z,2026-07-09T00:00:00Z,24.0,23.5,115.0,d2m,dewpoint_2m,2m dewpoint temperature,2d,2 metre dewpoint temperature,heightAboveGround,,instant,K,296.51373291015625,degC,23.363732910156273
gfs,deterministic,2026-07-08T00:00:00Z,2026-07-09T00:00:00Z,24.0,23.5,115.25,d2m,dewpoint_2m,2m dewpoint temperature,2d,2 metre dewpoint temperature,heightAboveGround,,instant,K,295.9137268066406,degC,22.763726806640648
gfs,deterministic,2026-07-08T00:00:00Z,2026-07-09T00:00:00Z,24.0,23.5,115.5,d2m,dewpoint_2m,2m dewpoint temperature,2d,2 metre dewpoint temperature,heightAboveGround,,instant,K,295.51373291015625,degC,22.363732910156273
gfs,deterministic,2026-07-08T00:00:00Z,2026-07-09T00:00:00Z,24.0,23.25,113.0,d2m,dewpoint_2m,2m dewpoint temperature,2d,2 metre dewpoint temperature,heightAboveGround,,instant,K,297.4137268066406,degC,24.263726806640648
gfs,deterministic,2026-07-08T00:00:00Z,2026-07-09T00:00:00Z,24.0,23.25,113.25,d2m,dewpoint_2m,2m dewpoint temperature,2d,2 metre dewpoint temperature,heightAboveGround,,instant,K,297.2137145996094,degC,24.063714599609398
gfs,deterministic,2026-07-08T00:00:00Z,2026-07-09T00:00:00Z,24.0,23.25,113.5,d2m,dewpoint_2m,2m dewpoint temperature,2d,2 metre dewpoint temperature,heightAboveGround,,instant,K,297.2137145996094,degC,24.063714599609398
gfs,deterministic,2026-07-08T00:00:00Z,2026-07-09T00:00:00Z,24.0,23.25,113.75,d2m,dewpoint_2m,2m dewpoint temperature,2d,2 metre dewpoint temperature,heightAboveGround,,instant,K,297.4137268066406,degC,24.263726806640648
gfs,deterministic,2026-07-08T00:00:00Z,2026-07-09T00:00:00Z,24.0,23.25,114.0,d2m,dewpoint_2m,2m dewpoint temperature,2d,2 metre dewpoint temperature,heightAboveGround,,instant,K,297.2137145996094,degC,24.063714599609398
gfs,deterministic,2026-07-08T00:00:00Z,2026-07-09T00:00:00Z,24.0,23.25,114.25,d2m,dewpoint_2m,2m dewpoint temperature,2d,2 metre dewpoint temperature,heightAboveGround,,instant,K,297.4137268066406,degC,24.263726806640648
gfs,deterministic,2026-07-08T00:00:00Z,2026-07-09T00:00:00Z,24.0,23.25,114.5,d2m,dewpoint_2m,2m dewpoint temperature,2d,2 metre dewpoint temperature,heightAboveGround,,instant,K,297.01373291015625,degC,23.863732910156273
gfs,deterministic,2026-07-08T00:00:00Z,2026-07-09T00:00:00Z,24.0,23.25,114.75,d2m,dewpoint_2m,2m dewpoint temperature,2d,2 metre dewpoint temperature,heightAboveGround,,instant,K,296.2137145996094,degC,23.063714599609398
gfs,deterministic,2026-07-08T00:00:00Z,2026-07-09T00:00:00Z,24.0,23.25,115.0,d2m,dewpoint_2m,2m dewpoint temperature,2d,2 metre dewpoint temperature,heightAboveGround,,instant,K,296.01373291015625,degC,22.863732910156273
gfs,deterministic,2026-07-08T00:00:00Z,2026-07-09T00:00:00Z,24.0,23.25,115.25,d2m,dewpoint_2m,2m dewpoint temperature,2d,2 metre dewpoint temperature,heightAboveGround,,instant,K,296.2137145996094,degC,23.063714599609398
gfs,deterministic,2026-07-08T00:00:00Z,2026-07-09T00:00:00Z,24.0,23.25,115.5,d2m,dewpoint_2m,2m dewpoint temperature,2d,2 metre dewpoint temperature,heightAboveGround,,instant,K,296.313720703125,degC,23.163720703125023
gfs,deterministic,2026-07-08T00:00:00Z,2026-07-09T00:00:00Z,24.0,23.0,113.0,d2m,dewpoint_2m,2m dewpoint temperature,2d,2 metre dewpoint temperature,heightAboveGround,,instant,K,297.01373291015625,degC,23.863732910156273
gfs,deterministic,2026-07-08T00:00:00Z,2026-07-09T00:00:00Z,24.0,23.0,113.25,d2m,dewpoint_2m,2m dewpoint temperature,2d,2 metre dewpoint temperature,heightAboveGround,,instant,K,297.313720703125,degC,24.163720703125023
gfs,deterministic,2026-07-08T00:00:00Z,2026-07-09T00:00:00Z,24.0,23.0,113.5,d2m,dewpoint_2m,2m dewpoint temperature,2d,2 metre dewpoint temperature,heightAboveGround,,instant,K,297.4137268066406,degC,24.263726806640648
gfs,deterministic,2026-07-08T00:00:00Z,2026-07-09T00:00:00Z,24.0,23.0,113.75,d2m,dewpoint_2m,2m dewpoint temperature,2d,2 metre dewpoint temperature,heightAboveGround,,instant,K,297.313720703125,degC,24.163720703125023
gfs,deterministic,2026-07-08T00:00:00Z,2026-07-09T00:00:00Z,24.0,23.0,114.0,d2m,dewpoint_2m,2m dewpoint temperature,2d,2 metre dewpoint temperature,heightAboveGround,,instant,K,297.313720703125,degC,24.163720703125023
gfs,deterministic,2026-07-08T00:00:00Z,2026-07-09T00:00:00Z,24.0,23.0,114.25,d2m,dewpoint_2m,2m dewpoint temperature,2d,2 metre dewpoint temperature,heightAboveGround,,instant,K,297.313720703125,degC,24.163720703125023
gfs,deterministic,2026-07-08T00:00:00Z,2026-07-09T00:00:00Z,24.0,23.0,114.5,d2m,dewpoint_2m,2m dewpoint temperature,2d,2 metre dewpoint temperature,heightAboveGround,,instant,K,297.313720703125,degC,24.163720703125023
gfs,deterministic,2026-07-08T00:00:00Z,2026-07-09T00:00:00Z,24.0,23.0,114.75,d2m,dewpoint_2m,2m dewpoint temperature,2d,2 metre dewpoint temperature,heightAboveGround,,instant,K,296.7137145996094,degC,23.563714599609398
gfs,deterministic,2026-07-08T00:00:00Z,2026-07-09T00:00:00Z,24.0,23.0,115.0,d2m,dewpoint_2m,2m dewpoint temperature,2d,2 metre dewpoint temperature,heightAboveGround,,instant,K,296.01373291015625,degC,22.863732910156273
gfs,deterministic,2026-07-08T00:00:00Z,2026-07-09T00:00:00Z,24.0,23.0,115.25,d2m,dewpoint_2m,2m dewpoint temperature,2d,2 metre dewpoint temperature,heightAboveGround,,instant,K,296.313720703125,degC,23.163720703125023
gfs,deterministic,2026-07-08T00:00:00Z,2026-07-09T00:00:00Z,24.0,23.0,115.5,d2m,dewpoint_2m,2m dewpoint temperature,2d,2 metre dewpoint temperature,heightAboveGround,,instant,K,297.2137145996094,degC,24.063714599609398
gfs,deterministic,2026-07-08T00:00:00Z,2026-07-09T00:00:00Z,24.0,22.75,113.0,d2m,dewpoint_2m,2m dewpoint temperature,2d,2 metre dewpoint temperature,heightAboveGround,,instant,K,297.313720703125,degC,24.163720703125023
gfs,deterministic,2026-07-08T00:00:00Z,2026-07-09T00:00:00Z,24.0,22.75,113.25,d2m,dewpoint_2m,2m dewpoint temperature,2d,2 metre dewpoint temperature,heightAboveGround,,instant,K,297.313720703125,degC,24.163720703125023
gfs,deterministic,2026-07-08T00:00:00Z,2026-07-09T00:00:00Z,24.0,22.75,113.5,d2m,dewpoint_2m,2m dewpoint temperature,2d,2 metre dewpoint temperature,heightAboveGround,,instant,K,297.4137268066406,degC,24.263726806640648
gfs,deterministic,2026-07-08T00:00:00Z,2026-07-09T00:00:00Z,24.0,22.75,113.75,d2m,dewpoint_2m,2m dewpoint temperature,2d,2 metre dewpoint temperature,heightAboveGround,,instant,K,297.313720703125,degC,24.163720703125023
gfs,deterministic,2026-07-08T00:00:00Z,2026-07-09T00:00:00Z,24.0,22.75,114.0,d2m,dewpoint_2m,2m dewpoint temperature,2d,2 metre dewpoint temperature,heightAboveGround,,instant,K,297.11370849609375,degC,23.963708496093773
gfs,deterministic,2026-07-08T00:00:00Z,2026-07-09T00:00:00Z,24.0,22.75,114.25,d2m,dewpoint_2m,2m dewpoint temperature,2d,2 metre dewpoint temperature,heightAboveGround,,instant,K,296.9137268066406,degC,23.763726806640648
gfs,deterministic,2026-07-08T00:00:00Z,2026-07-09T00:00:00Z,24.0,22.75,114.5,d2m,dewpoint_2m,2m dewpoint temperature,2d,2 metre dewpoint temperature,heightAboveGround,,instant,K,296.813720703125,degC,23.663720703125023
gfs,deterministic,2026-07-08T00:00:00Z,2026-07-09T00:00:00Z,24.0,22.75,114.75,d2m,dewpoint_2m,2m dewpoint temperature,2d,2 metre dewpoint temperature,heightAboveGround,,instant,K,296.9137268066406,degC,23.763726806640648
gfs,deterministic,2026-07-08T00:00:00Z,2026-07-09T00:00:00Z,24.0,22.75,115.0,d2m,dewpoint_2m,2m dewpoint temperature,2d,2 metre dewpoint temperature,heightAboveGround,,instant,K,296.813720703125,degC,23.663720703125023
gfs,deterministic,2026-07-08T00:00:00Z,2026-07-09T00:00:00Z,24.0,22.75,115.25,d2m,dewpoint_2m,2m dewpoint temperature,2d,2 metre dewpoint temperature,heightAboveGround,,instant,K,297.01373291015625,degC,23.863732910156273
gfs,deterministic,2026-07-08T00:00:00Z,2026-07-09T00:00:00Z,24.0,22.75,115.5,d2m,dewpoint_2m,2m dewpoint temperature,2d,2 metre dewpoint temperature,heightAboveGround,,instant,K,296.813720703125,degC,23.663720703125023
gfs,deterministic,2026-07-08T00:00:00Z,2026-07-09T00:00:00Z,24.0,22.5,113.0,d2m,dewpoint_2m,2m dewpoint temperature,2d,2 metre dewpoint temperature,heightAboveGround,,instant,K,297.313720703125,degC,24.163720703125023
gfs,deterministic,2026-07-08T00:00:00Z,2026-07-09T00:00:00Z,24.0,22.5,113.25,d2m,dewpoint_2m,2m dewpoint temperature,2d,2 metre dewpoint temperature,heightAboveGround,,instant,K,297.11370849609375,degC,23.963708496093773
gfs,deterministic,2026-07-08T00:00:00Z,2026-07-09T00:00:00Z,24.0,22.5,113.5,d2m,dewpoint_2m,2m dewpoint temperature,2d,2 metre dewpoint temperature,heightAboveGround,,instant,K,297.51373291015625,degC,24.363732910156273
gfs,deterministic,2026-07-08T00:00:00Z,2026-07-09T00:00:00Z,24.0,22.5,113.75,d2m,dewpoint_2m,2m dewpoint temperature,2d,2 metre dewpoint temperature,heightAboveGround,,instant,K,297.813720703125,degC,24.663720703125023
gfs,deterministic,2026-07-08T00:00:00Z,2026-07-09T00:00:00Z,24.0,22.5,114.0,d2m,dewpoint_2m,2m dewpoint temperature,2d,2 metre dewpoint temperature,heightAboveGround,,instant,K,297.313720703125,degC,24.163720703125023
gfs,deterministic,2026-07-08T00:00:00Z,2026-07-09T00:00:00Z,24.0,22.5,114.25,d2m,dewpoint_2m,2m dewpoint temperature,2d,2 metre dewpoint temperature,heightAboveGround,,instant,K,297.11370849609375,degC,23.963708496093773
gfs,deterministic,2026-07-08T00:00:00Z,2026-07-09T00:00:00Z,24.0,22.5,114.5,d2m,dewpoint_2m,2m dewpoint temperature,2d,2 metre dewpoint temperature,heightAboveGround,,instant,K,297.4137268066406,degC,24.263726806640648
gfs,deterministic,2026-07-08T00:00:00Z,2026-07-09T00:00:00Z,24.0,22.5,114.75,d2m,dewpoint_2m,2m dewpoint temperature,2d,2 metre dewpoint temperature,heightAboveGround,,instant,K,297.61370849609375,degC,24.463708496093773
gfs,deterministic,2026-07-08T00:00:00Z,2026-07-09T00:00:00Z,24.0,22.5,115.0,d2m,dewpoint_2m,2m dewpoint temperature,2d,2 metre dewpoint temperature,heightAboveGround,,instant,K,297.7137145996094,degC,24.563714599609398
gfs,deterministic,2026-07-08T00:00:00Z,2026-07-09T00:00:00Z,24.0,22.5,115.25,d2m,dewpoint_2m,2m dewpoint temperature,2d,2 metre dewpoint temperature,heightAboveGround,,instant,K,297.51373291015625,degC,24.363732910156273
gfs,deterministic,2026-07-08T00:00:00Z,2026-07-09T00:00:00Z,24.0,22.5,115.5,d2m,dewpoint_2m,2m dewpoint temperature,2d,2 metre dewpoint temperature,heightAboveGround,,instant,K,297.7137145996094,degC,24.563714599609398
gfs,deterministic,2026-07-08T00:00:00Z,2026-07-09T00:00:00Z,24.0,22.25,113.0,d2m,dewpoint_2m,2m dewpoint temperature,2d,2 metre dewpoint temperature,heightAboveGround,,instant,K,296.813720703125,degC,23.663720703125023
gfs,deterministic,2026-07-08T00:00:00Z,2026-07-09T00:00:00Z,24.0,22.25,113.25,d2m,dewpoint_2m,2m dewpoint temperature,2d,2 metre dewpoint temperature,heightAboveGround,,instant,K,297.7137145996094,degC,24.563714599609398
gfs,deterministic,2026-07-08T00:00:00Z,2026-07-09T00:00:00Z,24.0,22.25,113.5,d2m,dewpoint_2m,2m dewpoint temperature,2d,2 metre dewpoint temperature,heightAboveGround,,instant,K,297.7137145996094,degC,24.563714599609398
gfs,deterministic,2026-07-08T00:00:00Z,2026-07-09T00:00:00Z,24.0,22.25,113.75,d2m,dewpoint_2m,2m dewpoint temperature,2d,2 metre dewpoint temperature,heightAboveGround,,instant,K,297.9137268066406,degC,24.763726806640648
gfs,deterministic,2026-07-08T00:00:00Z,2026-07-09T00:00:00Z,24.0,22.25,114.0,d2m,dewpoint_2m,2m dewpoint temperature,2d,2 metre dewpoint temperature,heightAboveGround,,instant,K,297.813720703125,degC,24.663720703125023
gfs,deterministic,2026-07-08T00:00:00Z,2026-07-09T00:00:00Z,24.0,22.25,114.25,d2m,dewpoint_2m,2m dewpoint temperature,2d,2 metre dewpoint temperature,heightAboveGround,,instant,K,297.7137145996094,degC,24.563714599609398
gfs,deterministic,2026-07-08T00:00:00Z,2026-07-09T00:00:00Z,24.0,22.25,114.5,d2m,dewpoint_2m,2m dewpoint temperature,2d,2 metre dewpoint temperature,heightAboveGround,,instant,K,298.01373291015625,degC,24.863732910156273
gfs,deterministic,2026-07-08T00:00:00Z,2026-07-09T00:00:00Z,24.0,22.25,114.75,d2m,dewpoint_2m,2m dewpoint temperature,2d,2 metre dewpoint temperature,heightAboveGround,,instant,K,298.2137145996094,degC,25.063714599609398
gfs,deterministic,2026-07-08T00:00:00Z,2026-07-09T00:00:00Z,24.0,22.25,115.0,d2m,dewpoint_2m,2m dewpoint temperature,2d,2 metre dewpoint temperature,heightAboveGround,,instant,K,298.2137145996094,degC,25.063714599609398
gfs,deterministic,2026-07-08T00:00:00Z,2026-07-09T00:00:00Z,24.0,22.25,115.25,d2m,dewpoint_2m,2m dewpoint temperature,2d,2 metre dewpoint temperature,heightAboveGround,,instant,K,298.313720703125,degC,25.163720703125023
gfs,deterministic,2026-07-08T00:00:00Z,2026-07-09T00:00:00Z,24.0,22.25,115.5,d2m,dewpoint_2m,2m dewpoint temperature,2d,2 metre dewpoint temperature,heightAboveGround,,instant,K,298.51373291015625,degC,25.363732910156273
gfs,deterministic,2026-07-08T00:00:00Z,2026-07-09T00:00:00Z,24.0,22.0,113.0,d2m,dewpoint_2m,2m dewpoint temperature,2d,2 metre dewpoint temperature,heightAboveGround,,instant,K,297.11370849609375,degC,23.963708496093773
gfs,deterministic,2026-07-08T00:00:00Z,2026-07-09T00:00:00Z,24.0,22.0,113.25,d2m,dewpoint_2m,2m dewpoint temperature,2d,2 metre dewpoint temperature,heightAboveGround,,instant,K,297.813720703125,degC,24.663720703125023
gfs,deterministic,2026-07-08T00:00:00Z,2026-07-09T00:00:00Z,24.0,22.0,113.5,d2m,dewpoint_2m,2m dewpoint temperature,2d,2 metre dewpoint temperature,heightAboveGround,,instant,K,298.01373291015625,degC,24.863732910156273
gfs,deterministic,2026-07-08T00:00:00Z,2026-07-09T00:00:00Z,24.0,22.0,113.75,d2m,dewpoint_2m,2m dewpoint temperature,2d,2 metre dewpoint temperature,heightAboveGround,,instant,K,298.11370849609375,degC,24.963708496093773
gfs,deterministic,2026-07-08T00:00:00Z,2026-07-09T00:00:00Z,24.0,22.0,114.0,d2m,dewpoint_2m,2m dewpoint temperature,2d,2 metre dewpoint temperature,heightAboveGround,,instant,K,298.2137145996094,degC,25.063714599609398
gfs,deterministic,2026-07-08T00:00:00Z,2026-07-09T00:00:00Z,24.0,22.0,114.25,d2m,dewpoint_2m,2m dewpoint temperature,2d,2 metre dewpoint temperature,heightAboveGround,,instant,K,298.313720703125,degC,25.163720703125023
gfs,deterministic,2026-07-08T00:00:00Z,2026-07-09T00:00:00Z,24.0,22.0,114.5,d2m,dewpoint_2m,2m dewpoint temperature,2d,2 metre dewpoint temperature,heightAboveGround,,instant,K,298.4137268066406,degC,25.263726806640648
gfs,deterministic,2026-07-08T00:00:00Z,2026-07-09T00:00:00Z,24.0,22.0,114.75,d2m,dewpoint_2m,2m dewpoint temperature,2d,2 metre dewpoint temperature,heightAboveGround,,instant,K,298.313720703125,degC,25.163720703125023
gfs,deterministic,2026-07-08T00:00:00Z,2026-07-09T00:00:00Z,24.0,22.0,115.0,d2m,dewpoint_2m,2m dewpoint temperature,2d,2 metre dewpoint temperature,heightAboveGround,,instant,K,298.313720703125,degC,25.163720703125023
gfs,deterministic,2026-07-08T00:00:00Z,2026-07-09T00:00:00Z,24.0,22.0,115.25,d2m,dewpoint_2m,2m dewpoint temperature,2d,2 metre dewpoint temperature,heightAboveGround,,instant,K,298.313720703125,degC,25.163720703125023
gfs,deterministic,2026-07-08T00:00:00Z,2026-07-09T00:00:00Z,24.0,22.0,115.5,d2m,dewpoint_2m,2m dewpoint temperature,2d,2 metre dewpoint temperature,heightAboveGround,,instant,K,298.313720703125,degC,25.163720703125023
gfs,deterministic,2026-07-08T00:00:00Z,2026-07-09T00:00:00Z,24.0,21.75,113.0,d2m,dewpoint_2m,2m dewpoint temperature,2d,2 metre dewpoint temperature,heightAboveGround,,instant,K,297.7137145996094,degC,24.563714599609398
gfs,deterministic,2026-07-08T00:00:00Z,2026-07-09T00:00:00Z,24.0,21.75,113.25,d2m,dewpoint_2m,2m dewpoint temperature,2d,2 metre dewpoint temperature,heightAboveGround,,instant,K,298.11370849609375,degC,24.963708496093773
gfs,deterministic,2026-07-08T00:00:00Z,2026-07-09T00:00:00Z,24.0,21.75,113.5,d2m,dewpoint_2m,2m dewpoint temperature,2d,2 metre dewpoint temperature,heightAboveGround,,instant,K,298.2137145996094,degC,25.063714599609398
gfs,deterministic,2026-07-08T00:00:00Z,2026-07-09T00:00:00Z,24.0,21.75,113.75,d2m,dewpoint_2m,2m dewpoint temperature,2d,2 metre dewpoint temperature,heightAboveGround,,instant,K,298.313720703125,degC,25.163720703125023
gfs,deterministic,2026-07-08T00:00:00Z,2026-07-09T00:00:00Z,24.0,21.75,114.0,d2m,dewpoint_2m,2m dewpoint temperature,2d,2 metre dewpoint temperature,heightAboveGround,,instant,K,298.61370849609375,degC,25.463708496093773
gfs,deterministic,2026-07-08T00:00:00Z,2026-07-09T00:00:00Z,24.0,21.75,114.25,d2m,dewpoint_2m,2m dewpoint temperature,2d,2 metre dewpoint temperature,heightAboveGround,,instant,K,298.61370849609375,degC,25.463708496093773
gfs,deterministic,2026-07-08T00:00:00Z,2026-07-09T00:00:00Z,24.0,21.75,114.5,d2m,dewpoint_2m,2m dewpoint temperature,2d,2 metre dewpoint temperature,heightAboveGround,,instant,K,298.51373291015625,degC,25.363732910156273
gfs,deterministic,2026-07-08T00:00:00Z,2026-07-09T00:00:00Z,24.0,21.75,114.75,d2m,dewpoint_2m,2m dewpoint temperature,2d,2 metre dewpoint temperature,heightAboveGround,,instant,K,298.51373291015625,degC,25.363732910156273
gfs,deterministic,2026-07-08T00:00:00Z,2026-07-09T00:00:00Z,24.0,21.75,115.0,d2m,dewpoint_2m,2m dewpoint temperature,2d,2 metre dewpoint temperature,heightAboveGround,,instant,K,298.4137268066406,degC,25.263726806640648
gfs,deterministic,2026-07-08T00:00:00Z,2026-07-09T00:00:00Z,24.0,21.75,115.25,d2m,dewpoint_2m,2m dewpoint temperature,2d,2 metre dewpoint temperature,heightAboveGround,,instant,K,298.313720703125,degC,25.163720703125023
gfs,deterministic,2026-07-08T00:00:00Z,2026-07-09T00:00:00Z,24.0,21.75,115.5,d2m,dewpoint_2m,2m dewpoint temperature,2d,2 metre dewpoint temperature,heightAboveGround,,instant,K,298.2137145996094,degC,25.063714599609398
gfs,deterministic,2026-07-08T00:00:00Z,2026-07-09T00:00:00Z,24.0,21.5,113.0,d2m,dewpoint_2m,2m dewpoint temperature,2d,2 metre dewpoint temperature,heightAboveGround,,instant,K,298.01373291015625,degC,24.863732910156273
gfs,deterministic,2026-07-08T00:00:00Z,2026-07-09T00:00:00Z,24.0,21.5,113.25,d2m,dewpoint_2m,2m dewpoint temperature,2d,2 metre dewpoint temperature,heightAboveGround,,instant,K,298.313720703125,degC,25.163720703125023
gfs,deterministic,2026-07-08T00:00:00Z,2026-07-09T00:00:00Z,24.0,21.5,113.5,d2m,dewpoint_2m,2m dewpoint temperature,2d,2 metre dewpoint temperature,heightAboveGround,,instant,K,298.51373291015625,degC,25.363732910156273
gfs,deterministic,2026-07-08T00:00:00Z,2026-07-09T00:00:00Z,24.0,21.5,113.75,d2m,dewpoint_2m,2m dewpoint temperature,2d,2 metre dewpoint temperature,heightAboveGround,,instant,K,298.7137145996094,degC,25.563714599609398
gfs,deterministic,2026-07-08T00:00:00Z,2026-07-09T00:00:00Z,24.0,21.5,114.0,d2m,dewpoint_2m,2m dewpoint temperature,2d,2 metre dewpoint temperature,heightAboveGround,,instant,K,298.813720703125,degC,25.663720703125023
gfs,deterministic,2026-07-08T00:00:00Z,2026-07-09T00:00:00Z,24.0,21.5,114.25,d2m,dewpoint_2m,2m dewpoint temperature,2d,2 metre dewpoint temperature,heightAboveGround,,instant,K,298.7137145996094,degC,25.563714599609398
gfs,deterministic,2026-07-08T00:00:00Z,2026-07-09T00:00:00Z,24.0,21.5,114.5,d2m,dewpoint_2m,2m dewpoint temperature,2d,2 metre dewpoint temperature,heightAboveGround,,instant,K,298.813720703125,degC,25.663720703125023
gfs,deterministic,2026-07-08T00:00:00Z,2026-07-09T00:00:00Z,24.0,21.5,114.75,d2m,dewpoint_2m,2m dewpoint temperature,2d,2 metre dewpoint temperature,heightAboveGround,,instant,K,298.4137268066406,degC,25.263726806640648
gfs,deterministic,2026-07-08T00:00:00Z,2026-07-09T00:00:00Z,24.0,21.5,115.0,d2m,dewpoint_2m,2m dewpoint temperature,2d,2 metre dewpoint temperature,heightAboveGround,,instant,K,298.4137268066406,degC,25.263726806640648
gfs,deterministic,2026-07-08T00:00:00Z,2026-07-09T00:00:00Z,24.0,21.5,115.25,d2m,dewpoint_2m,2m dewpoint temperature,2d,2 metre dewpoint temperature,heightAboveGround,,instant,K,298.313720703125,degC,25.163720703125023
gfs,deterministic,2026-07-08T00:00:00Z,2026-07-09T00:00:00Z,24.0,21.5,115.5,d2m,dewpoint_2m,2m dewpoint temperature,2d,2 metre dewpoint temperature,heightAboveGround,,instant,K,298.313720703125,degC,25.163720703125023
gfs,deterministic,2026-07-08T00:00:00Z,2026-07-09T00:00:00Z,24.0,23.5,113.0,tmax,temperature_2m_max,2m forecast-period maximum temperature,tmax,Maximum temperature,heightAboveGround,,max,K,299.78387451171875,degC,26.633874511718773
gfs,deterministic,2026-07-08T00:00:00Z,2026-07-09T00:00:00Z,24.0,23.5,113.25,tmax,temperature_2m_max,2m forecast-period maximum temperature,tmax,Maximum temperature,heightAboveGround,,max,K,299.78387451171875,degC,26.633874511718773
gfs,deterministic,2026-07-08T00:00:00Z,2026-07-09T00:00:00Z,24.0,23.5,113.5,tmax,temperature_2m_max,2m forecast-period maximum temperature,tmax,Maximum temperature,heightAboveGround,,max,K,299.8838806152344,degC,26.733880615234398
gfs,deterministic,2026-07-08T00:00:00Z,2026-07-09T00:00:00Z,24.0,23.5,113.75,tmax,temperature_2m_max,2m forecast-period maximum temperature,tmax,Maximum temperature,heightAboveGround,,max,K,299.68389892578125,degC,26.533898925781273
gfs,deterministic,2026-07-08T00:00:00Z,2026-07-09T00:00:00Z,24.0,23.5,114.0,tmax,temperature_2m_max,2m forecast-period maximum temperature,tmax,Maximum temperature,heightAboveGround,,max,K,299.18389892578125,degC,26.033898925781273
gfs,deterministic,2026-07-08T00:00:00Z,2026-07-09T00:00:00Z,24.0,23.5,114.25,tmax,temperature_2m_max,2m forecast-period maximum temperature,tmax,Maximum temperature,heightAboveGround,,max,K,298.68389892578125,degC,25.533898925781273
gfs,deterministic,2026-07-08T00:00:00Z,2026-07-09T00:00:00Z,24.0,23.5,114.5,tmax,temperature_2m_max,2m forecast-period maximum temperature,tmax,Maximum temperature,heightAboveGround,,max,K,299.48388671875,degC,26.333886718750023
gfs,deterministic,2026-07-08T00:00:00Z,2026-07-09T00:00:00Z,24.0,23.5,114.75,tmax,temperature_2m_max,2m forecast-period maximum temperature,tmax,Maximum temperature,heightAboveGround,,max,K,299.48388671875,degC,26.333886718750023
gfs,deterministic,2026-07-08T00:00:00Z,2026-07-09T00:00:00Z,24.0,23.5,115.0,tmax,temperature_2m_max,2m forecast-period maximum temperature,tmax,Maximum temperature,heightAboveGround,,max,K,300.18389892578125,degC,27.033898925781273
gfs,deterministic,2026-07-08T00:00:00Z,2026-07-09T00:00:00Z,24.0,23.5,115.25,tmax,temperature_2m_max,2m forecast-period maximum temperature,tmax,Maximum temperature,heightAboveGround,,max,K,300.18389892578125,degC,27.033898925781273
gfs,deterministic,2026-07-08T00:00:00Z,2026-07-09T00:00:00Z,24.0,23.5,115.5,tmax,temperature_2m_max,2m forecast-period maximum temperature,tmax,Maximum temperature,heightAboveGround,,max,K,299.8838806152344,degC,26.733880615234398
gfs,deterministic,2026-07-08T00:00:00Z,2026-07-09T00:00:00Z,24.0,23.25,113.0,tmax,temperature_2m_max,2m forecast-period maximum temperature,tmax,Maximum temperature,heightAboveGround,,max,K,300.68389892578125,degC,27.533898925781273
gfs,deterministic,2026-07-08T00:00:00Z,2026-07-09T00:00:00Z,24.0,23.25,113.25,tmax,temperature_2m_max,2m forecast-period maximum temperature,tmax,Maximum temperature,heightAboveGround,,max,K,300.68389892578125,degC,27.533898925781273
gfs,deterministic,2026-07-08T00:00:00Z,2026-07-09T00:00:00Z,24.0,23.25,113.5,tmax,temperature_2m_max,2m forecast-period maximum temperature,tmax,Maximum temperature,heightAboveGround,,max,K,300.18389892578125,degC,27.033898925781273
gfs,deterministic,2026-07-08T00:00:00Z,2026-07-09T00:00:00Z,24.0,23.25,113.75,tmax,temperature_2m_max,2m forecast-period maximum temperature,tmax,Maximum temperature,heightAboveGround,,max,K,300.28387451171875,degC,27.133874511718773
gfs,deterministic,2026-07-08T00:00:00Z,2026-07-09T00:00:00Z,24.0,23.25,114.0,tmax,temperature_2m_max,2m forecast-period maximum temperature,tmax,Maximum temperature,heightAboveGround,,max,K,299.78387451171875,degC,26.633874511718773
gfs,deterministic,2026-07-08T00:00:00Z,2026-07-09T00:00:00Z,24.0,23.25,114.25,tmax,temperature_2m_max,2m forecast-period maximum temperature,tmax,Maximum temperature,heightAboveGround,,max,K,299.5838928222656,degC,26.433892822265648
gfs,deterministic,2026-07-08T00:00:00Z,2026-07-09T00:00:00Z,24.0,23.25,114.5,tmax,temperature_2m_max,2m forecast-period maximum temperature,tmax,Maximum temperature,heightAboveGround,,max,K,299.8838806152344,degC,26.733880615234398
gfs,deterministic,2026-07-08T00:00:00Z,2026-07-09T00:00:00Z,24.0,23.25,114.75,tmax,temperature_2m_max,2m forecast-period maximum temperature,tmax,Maximum temperature,heightAboveGround,,max,K,300.18389892578125,degC,27.033898925781273
gfs,deterministic,2026-07-08T00:00:00Z,2026-07-09T00:00:00Z,24.0,23.25,115.0,tmax,temperature_2m_max,2m forecast-period maximum temperature,tmax,Maximum temperature,heightAboveGround,,max,K,300.0838928222656,degC,26.933892822265648
gfs,deterministic,2026-07-08T00:00:00Z,2026-07-09T00:00:00Z,24.0,23.25,115.25,tmax,temperature_2m_max,2m forecast-period maximum temperature,tmax,Maximum temperature,heightAboveGround,,max,K,299.5838928222656,degC,26.433892822265648
gfs,deterministic,2026-07-08T00:00:00Z,2026-07-09T00:00:00Z,24.0,23.25,115.5,tmax,temperature_2m_max,2m forecast-period maximum temperature,tmax,Maximum temperature,heightAboveGround,,max,K,299.18389892578125,degC,26.033898925781273
gfs,deterministic,2026-07-08T00:00:00Z,2026-07-09T00:00:00Z,24.0,23.0,113.0,tmax,temperature_2m_max,2m forecast-period maximum temperature,tmax,Maximum temperature,heightAboveGround,,max,K,301.0838928222656,degC,27.933892822265648
gfs,deterministic,2026-07-08T00:00:00Z,2026-07-09T00:00:00Z,24.0,23.0,113.25,tmax,temperature_2m_max,2m forecast-period maximum temperature,tmax,Maximum temperature,heightAboveGround,,max,K,301.0838928222656,degC,27.933892822265648
gfs,deterministic,2026-07-08T00:00:00Z,2026-07-09T00:00:00Z,24.0,23.0,113.5,tmax,temperature_2m_max,2m forecast-period maximum temperature,tmax,Maximum temperature,heightAboveGround,,max,K,300.68389892578125,degC,27.533898925781273
gfs,deterministic,2026-07-08T00:00:00Z,2026-07-09T00:00:00Z,24.0,23.0,113.75,tmax,temperature_2m_max,2m forecast-period maximum temperature,tmax,Maximum temperature,heightAboveGround,,max,K,300.78387451171875,degC,27.633874511718773
gfs,deterministic,2026-07-08T00:00:00Z,2026-07-09T00:00:00Z,24.0,23.0,114.0,tmax,temperature_2m_max,2m forecast-period maximum temperature,tmax,Maximum temperature,heightAboveGround,,max,K,300.68389892578125,degC,27.533898925781273
gfs,deterministic,2026-07-08T00:00:00Z,2026-07-09T00:00:00Z,24.0,23.0,114.25,tmax,temperature_2m_max,2m forecast-period maximum temperature,tmax,Maximum temperature,heightAboveGround,,max,K,300.3838806152344,degC,27.233880615234398
gfs,deterministic,2026-07-08T00:00:00Z,2026-07-09T00:00:00Z,24.0,23.0,114.5,tmax,temperature_2m_max,2m forecast-period maximum temperature,tmax,Maximum temperature,heightAboveGround,,max,K,300.78387451171875,degC,27.633874511718773
gfs,deterministic,2026-07-08T00:00:00Z,2026-07-09T00:00:00Z,24.0,23.0,114.75,tmax,temperature_2m_max,2m forecast-period maximum temperature,tmax,Maximum temperature,heightAboveGround,,max,K,300.78387451171875,degC,27.633874511718773
gfs,deterministic,2026-07-08T00:00:00Z,2026-07-09T00:00:00Z,24.0,23.0,115.0,tmax,temperature_2m_max,2m forecast-period maximum temperature,tmax,Maximum temperature,heightAboveGround,,max,K,300.0838928222656,degC,26.933892822265648
gfs,deterministic,2026-07-08T00:00:00Z,2026-07-09T00:00:00Z,24.0,23.0,115.25,tmax,temperature_2m_max,2m forecast-period maximum temperature,tmax,Maximum temperature,heightAboveGround,,max,K,300.3838806152344,degC,27.233880615234398
gfs,deterministic,2026-07-08T00:00:00Z,2026-07-09T00:00:00Z,24.0,23.0,115.5,tmax,temperature_2m_max,2m forecast-period maximum temperature,tmax,Maximum temperature,heightAboveGround,,max,K,301.18389892578125,degC,28.033898925781273
gfs,deterministic,2026-07-08T00:00:00Z,2026-07-09T00:00:00Z,24.0,22.75,113.0,tmax,temperature_2m_max,2m forecast-period maximum temperature,tmax,Maximum temperature,heightAboveGround,,max,K,300.5838928222656,degC,27.433892822265648
gfs,deterministic,2026-07-08T00:00:00Z,2026-07-09T00:00:00Z,24.0,22.75,113.25,tmax,temperature_2m_max,2m forecast-period maximum temperature,tmax,Maximum temperature,heightAboveGround,,max,K,301.28387451171875,degC,28.133874511718773
gfs,deterministic,2026-07-08T00:00:00Z,2026-07-09T00:00:00Z,24.0,22.75,113.5,tmax,temperature_2m_max,2m forecast-period maximum temperature,tmax,Maximum temperature,heightAboveGround,,max,K,301.18389892578125,degC,28.033898925781273
gfs,deterministic,2026-07-08T00:00:00Z,2026-07-09T00:00:00Z,24.0,22.75,113.75,tmax,temperature_2m_max,2m forecast-period maximum temperature,tmax,Maximum temperature,heightAboveGround,,max,K,300.98388671875,degC,27.833886718750023
gfs,deterministic,2026-07-08T00:00:00Z,2026-07-09T00:00:00Z,24.0,22.75,114.0,tmax,temperature_2m_max,2m forecast-period maximum temperature,tmax,Maximum temperature,heightAboveGround,,max,K,300.78387451171875,degC,27.633874511718773
gfs,deterministic,2026-07-08T00:00:00Z,2026-07-09T00:00:00Z,24.0,22.75,114.25,tmax,temperature_2m_max,2m forecast-period maximum temperature,tmax,Maximum temperature,heightAboveGround,,max,K,300.5838928222656,degC,27.433892822265648
gfs,deterministic,2026-07-08T00:00:00Z,2026-07-09T00:00:00Z,24.0,22.75,114.5,tmax,temperature_2m_max,2m forecast-period maximum temperature,tmax,Maximum temperature,heightAboveGround,,max,K,300.78387451171875,degC,27.633874511718773
gfs,deterministic,2026-07-08T00:00:00Z,2026-07-09T00:00:00Z,24.0,22.75,114.75,tmax,temperature_2m_max,2m forecast-period maximum temperature,tmax,Maximum temperature,heightAboveGround,,max,K,301.0838928222656,degC,27.933892822265648
gfs,deterministic,2026-07-08T00:00:00Z,2026-07-09T00:00:00Z,24.0,22.75,115.0,tmax,temperature_2m_max,2m forecast-period maximum temperature,tmax,Maximum temperature,heightAboveGround,,max,K,301.0838928222656,degC,27.933892822265648
gfs,deterministic,2026-07-08T00:00:00Z,2026-07-09T00:00:00Z,24.0,22.75,115.25,tmax,temperature_2m_max,2m forecast-period maximum temperature,tmax,Maximum temperature,heightAboveGround,,max,K,301.28387451171875,degC,28.133874511718773
gfs,deterministic,2026-07-08T00:00:00Z,2026-07-09T00:00:00Z,24.0,22.75,115.5,tmax,temperature_2m_max,2m forecast-period maximum temperature,tmax,Maximum temperature,heightAboveGround,,max,K,301.78387451171875,degC,28.633874511718773
gfs,deterministic,2026-07-08T00:00:00Z,2026-07-09T00:00:00Z,24.0,22.5,113.0,tmax,temperature_2m_max,2m forecast-period maximum temperature,tmax,Maximum temperature,heightAboveGround,,max,K,300.5838928222656,degC,27.433892822265648
gfs,deterministic,2026-07-08T00:00:00Z,2026-07-09T00:00:00Z,24.0,22.5,113.25,tmax,temperature_2m_max,2m forecast-period maximum temperature,tmax,Maximum temperature,heightAboveGround,,max,K,301.5838928222656,degC,28.433892822265648
gfs,deterministic,2026-07-08T00:00:00Z,2026-07-09T00:00:00Z,24.0,22.5,113.5,tmax,temperature_2m_max,2m forecast-period maximum temperature,tmax,Maximum temperature,heightAboveGround,,max,K,301.0838928222656,degC,27.933892822265648
gfs,deterministic,2026-07-08T00:00:00Z,2026-07-09T00:00:00Z,24.0,22.5,113.75,tmax,temperature_2m_max,2m forecast-period maximum temperature,tmax,Maximum temperature,heightAboveGround,,max,K,300.8838806152344,degC,27.733880615234398
gfs,deterministic,2026-07-08T00:00:00Z,2026-07-09T00:00:00Z,24.0,22.5,114.0,tmax,temperature_2m_max,2m forecast-period maximum temperature,tmax,Maximum temperature,heightAboveGround,,max,K,300.68389892578125,degC,27.533898925781273
gfs,deterministic,2026-07-08T00:00:00Z,2026-07-09T00:00:00Z,24.0,22.5,114.25,tmax,temperature_2m_max,2m forecast-period maximum temperature,tmax,Maximum temperature,heightAboveGround,,max,K,300.28387451171875,degC,27.133874511718773
gfs,deterministic,2026-07-08T00:00:00Z,2026-07-09T00:00:00Z,24.0,22.5,114.5,tmax,temperature_2m_max,2m forecast-period maximum temperature,tmax,Maximum temperature,heightAboveGround,,max,K,300.5838928222656,degC,27.433892822265648
gfs,deterministic,2026-07-08T00:00:00Z,2026-07-09T00:00:00Z,24.0,22.5,114.75,tmax,temperature_2m_max,2m forecast-period maximum temperature,tmax,Maximum temperature,heightAboveGround,,max,K,301.0838928222656,degC,27.933892822265648
gfs,deterministic,2026-07-08T00:00:00Z,2026-07-09T00:00:00Z,24.0,22.5,115.0,tmax,temperature_2m_max,2m forecast-period maximum temperature,tmax,Maximum temperature,heightAboveGround,,max,K,301.28387451171875,degC,28.133874511718773
gfs,deterministic,2026-07-08T00:00:00Z,2026-07-09T00:00:00Z,24.0,22.5,115.25,tmax,temperature_2m_max,2m forecast-period maximum temperature,tmax,Maximum temperature,heightAboveGround,,max,K,301.3838806152344,degC,28.233880615234398
gfs,deterministic,2026-07-08T00:00:00Z,2026-07-09T00:00:00Z,24.0,22.5,115.5,tmax,temperature_2m_max,2m forecast-period maximum temperature,tmax,Maximum temperature,heightAboveGround,,max,K,301.48388671875,degC,28.333886718750023
gfs,deterministic,2026-07-08T00:00:00Z,2026-07-09T00:00:00Z,24.0,22.25,113.0,tmax,temperature_2m_max,2m forecast-period maximum temperature,tmax,Maximum temperature,heightAboveGround,,max,K,300.3838806152344,degC,27.233880615234398
gfs,deterministic,2026-07-08T00:00:00Z,2026-07-09T00:00:00Z,24.0,22.25,113.25,tmax,temperature_2m_max,2m forecast-period maximum temperature,tmax,Maximum temperature,heightAboveGround,,max,K,301.0838928222656,degC,27.933892822265648
gfs,deterministic,2026-07-08T00:00:00Z,2026-07-09T00:00:00Z,24.0,22.25,113.5,tmax,temperature_2m_max,2m forecast-period maximum temperature,tmax,Maximum temperature,heightAboveGround,,max,K,300.8838806152344,degC,27.733880615234398
gfs,deterministic,2026-07-08T00:00:00Z,2026-07-09T00:00:00Z,24.0,22.25,113.75,tmax,temperature_2m_max,2m forecast-period maximum temperature,tmax,Maximum temperature,heightAboveGround,,max,K,300.78387451171875,degC,27.633874511718773
gfs,deterministic,2026-07-08T00:00:00Z,2026-07-09T00:00:00Z,24.0,22.25,114.0,tmax,temperature_2m_max,2m forecast-period maximum temperature,tmax,Maximum temperature,heightAboveGround,,max,K,300.78387451171875,degC,27.633874511718773
gfs,deterministic,2026-07-08T00:00:00Z,2026-07-09T00:00:00Z,24.0,22.25,114.25,tmax,temperature_2m_max,2m forecast-period maximum temperature,tmax,Maximum temperature,heightAboveGround,,max,K,300.5838928222656,degC,27.433892822265648
gfs,deterministic,2026-07-08T00:00:00Z,2026-07-09T00:00:00Z,24.0,22.25,114.5,tmax,temperature_2m_max,2m forecast-period maximum temperature,tmax,Maximum temperature,heightAboveGround,,max,K,300.8838806152344,degC,27.733880615234398
gfs,deterministic,2026-07-08T00:00:00Z,2026-07-09T00:00:00Z,24.0,22.25,114.75,tmax,temperature_2m_max,2m forecast-period maximum temperature,tmax,Maximum temperature,heightAboveGround,,max,K,301.18389892578125,degC,28.033898925781273
gfs,deterministic,2026-07-08T00:00:00Z,2026-07-09T00:00:00Z,24.0,22.25,115.0,tmax,temperature_2m_max,2m forecast-period maximum temperature,tmax,Maximum temperature,heightAboveGround,,max,K,301.3838806152344,degC,28.233880615234398
gfs,deterministic,2026-07-08T00:00:00Z,2026-07-09T00:00:00Z,24.0,22.25,115.25,tmax,temperature_2m_max,2m forecast-period maximum temperature,tmax,Maximum temperature,heightAboveGround,,max,K,301.78387451171875,degC,28.633874511718773
gfs,deterministic,2026-07-08T00:00:00Z,2026-07-09T00:00:00Z,24.0,22.25,115.5,tmax,temperature_2m_max,2m forecast-period maximum temperature,tmax,Maximum temperature,heightAboveGround,,max,K,301.98388671875,degC,28.833886718750023
gfs,deterministic,2026-07-08T00:00:00Z,2026-07-09T00:00:00Z,24.0,22.0,113.0,tmax,temperature_2m_max,2m forecast-period maximum temperature,tmax,Maximum temperature,heightAboveGround,,max,K,300.78387451171875,degC,27.633874511718773
gfs,deterministic,2026-07-08T00:00:00Z,2026-07-09T00:00:00Z,24.0,22.0,113.25,tmax,temperature_2m_max,2m forecast-period maximum temperature,tmax,Maximum temperature,heightAboveGround,,max,K,301.28387451171875,degC,28.133874511718773
gfs,deterministic,2026-07-08T00:00:00Z,2026-07-09T00:00:00Z,24.0,22.0,113.5,tmax,temperature_2m_max,2m forecast-period maximum temperature,tmax,Maximum temperature,heightAboveGround,,max,K,301.0838928222656,degC,27.933892822265648
gfs,deterministic,2026-07-08T00:00:00Z,2026-07-09T00:00:00Z,24.0,22.0,113.75,tmax,temperature_2m_max,2m forecast-period maximum temperature,tmax,Maximum temperature,heightAboveGround,,max,K,300.8838806152344,degC,27.733880615234398
gfs,deterministic,2026-07-08T00:00:00Z,2026-07-09T00:00:00Z,24.0,22.0,114.0,tmax,temperature_2m_max,2m forecast-period maximum temperature,tmax,Maximum temperature,heightAboveGround,,max,K,300.98388671875,degC,27.833886718750023
gfs,deterministic,2026-07-08T00:00:00Z,2026-07-09T00:00:00Z,24.0,22.0,114.25,tmax,temperature_2m_max,2m forecast-period maximum temperature,tmax,Maximum temperature,heightAboveGround,,max,K,300.98388671875,degC,27.833886718750023
gfs,deterministic,2026-07-08T00:00:00Z,2026-07-09T00:00:00Z,24.0,22.0,114.5,tmax,temperature_2m_max,2m forecast-period maximum temperature,tmax,Maximum temperature,heightAboveGround,,max,K,301.18389892578125,degC,28.033898925781273
gfs,deterministic,2026-07-08T00:00:00Z,2026-07-09T00:00:00Z,24.0,22.0,114.75,tmax,temperature_2m_max,2m forecast-period maximum temperature,tmax,Maximum temperature,heightAboveGround,,max,K,301.48388671875,degC,28.333886718750023
gfs,deterministic,2026-07-08T00:00:00Z,2026-07-09T00:00:00Z,24.0,22.0,115.0,tmax,temperature_2m_max,2m forecast-period maximum temperature,tmax,Maximum temperature,heightAboveGround,,max,K,301.68389892578125,degC,28.533898925781273
gfs,deterministic,2026-07-08T00:00:00Z,2026-07-09T00:00:00Z,24.0,22.0,115.25,tmax,temperature_2m_max,2m forecast-period maximum temperature,tmax,Maximum temperature,heightAboveGround,,max,K,302.0838928222656,degC,28.933892822265648
gfs,deterministic,2026-07-08T00:00:00Z,2026-07-09T00:00:00Z,24.0,22.0,115.5,tmax,temperature_2m_max,2m forecast-period maximum temperature,tmax,Maximum temperature,heightAboveGround,,max,K,302.28387451171875,degC,29.133874511718773
gfs,deterministic,2026-07-08T00:00:00Z,2026-07-09T00:00:00Z,24.0,21.75,113.0,tmax,temperature_2m_max,2m forecast-period maximum temperature,tmax,Maximum temperature,heightAboveGround,,max,K,301.3838806152344,degC,28.233880615234398
gfs,deterministic,2026-07-08T00:00:00Z,2026-07-09T00:00:00Z,24.0,21.75,113.25,tmax,temperature_2m_max,2m forecast-period maximum temperature,tmax,Maximum temperature,heightAboveGround,,max,K,301.28387451171875,degC,28.133874511718773
gfs,deterministic,2026-07-08T00:00:00Z,2026-07-09T00:00:00Z,24.0,21.75,113.5,tmax,temperature_2m_max,2m forecast-period maximum temperature,tmax,Maximum temperature,heightAboveGround,,max,K,301.18389892578125,degC,28.033898925781273
gfs,deterministic,2026-07-08T00:00:00Z,2026-07-09T00:00:00Z,24.0,21.75,113.75,tmax,temperature_2m_max,2m forecast-period maximum temperature,tmax,Maximum temperature,heightAboveGround,,max,K,301.0838928222656,degC,27.933892822265648
gfs,deterministic,2026-07-08T00:00:00Z,2026-07-09T00:00:00Z,24.0,21.75,114.0,tmax,temperature_2m_max,2m forecast-period maximum temperature,tmax,Maximum temperature,heightAboveGround,,max,K,301.18389892578125,degC,28.033898925781273
gfs,deterministic,2026-07-08T00:00:00Z,2026-07-09T00:00:00Z,24.0,21.75,114.25,tmax,temperature_2m_max,2m forecast-period maximum temperature,tmax,Maximum temperature,heightAboveGround,,max,K,301.3838806152344,degC,28.233880615234398
gfs,deterministic,2026-07-08T00:00:00Z,2026-07-09T00:00:00Z,24.0,21.75,114.5,tmax,temperature_2m_max,2m forecast-period maximum temperature,tmax,Maximum temperature,heightAboveGround,,max,K,301.3838806152344,degC,28.233880615234398
gfs,deterministic,2026-07-08T00:00:00Z,2026-07-09T00:00:00Z,24.0,21.75,114.75,tmax,temperature_2m_max,2m forecast-period maximum temperature,tmax,Maximum temperature,heightAboveGround,,max,K,301.5838928222656,degC,28.433892822265648
gfs,deterministic,2026-07-08T00:00:00Z,2026-07-09T00:00:00Z,24.0,21.75,115.0,tmax,temperature_2m_max,2m forecast-period maximum temperature,tmax,Maximum temperature,heightAboveGround,,max,K,301.98388671875,degC,28.833886718750023
gfs,deterministic,2026-07-08T00:00:00Z,2026-07-09T00:00:00Z,24.0,21.75,115.25,tmax,temperature_2m_max,2m forecast-period maximum temperature,tmax,Maximum temperature,heightAboveGround,,max,K,302.28387451171875,degC,29.133874511718773
gfs,deterministic,2026-07-08T00:00:00Z,2026-07-09T00:00:00Z,24.0,21.75,115.5,tmax,temperature_2m_max,2m forecast-period maximum temperature,tmax,Maximum temperature,heightAboveGround,,max,K,302.28387451171875,degC,29.133874511718773
gfs,deterministic,2026-07-08T00:00:00Z,2026-07-09T00:00:00Z,24.0,21.5,113.0,tmax,temperature_2m_max,2m forecast-period maximum temperature,tmax,Maximum temperature,heightAboveGround,,max,K,301.48388671875,degC,28.333886718750023
gfs,deterministic,2026-07-08T00:00:00Z,2026-07-09T00:00:00Z,24.0,21.5,113.25,tmax,temperature_2m_max,2m forecast-period maximum temperature,tmax,Maximum temperature,heightAboveGround,,max,K,301.3838806152344,degC,28.233880615234398
gfs,deterministic,2026-07-08T00:00:00Z,2026-07-09T00:00:00Z,24.0,21.5,113.5,tmax,temperature_2m_max,2m forecast-period maximum temperature,tmax,Maximum temperature,heightAboveGround,,max,K,301.18389892578125,degC,28.033898925781273
gfs,deterministic,2026-07-08T00:00:00Z,2026-07-09T00:00:00Z,24.0,21.5,113.75,tmax,temperature_2m_max,2m forecast-period maximum temperature,tmax,Maximum temperature,heightAboveGround,,max,K,301.28387451171875,degC,28.133874511718773
gfs,deterministic,2026-07-08T00:00:00Z,2026-07-09T00:00:00Z,24.0,21.5,114.0,tmax,temperature_2m_max,2m forecast-period maximum temperature,tmax,Maximum temperature,heightAboveGround,,max,K,301.3838806152344,degC,28.233880615234398
gfs,deterministic,2026-07-08T00:00:00Z,2026-07-09T00:00:00Z,24.0,21.5,114.25,tmax,temperature_2m_max,2m forecast-period maximum temperature,tmax,Maximum temperature,heightAboveGround,,max,K,301.48388671875,degC,28.333886718750023
gfs,deterministic,2026-07-08T00:00:00Z,2026-07-09T00:00:00Z,24.0,21.5,114.5,tmax,temperature_2m_max,2m forecast-period maximum temperature,tmax,Maximum temperature,heightAboveGround,,max,K,301.5838928222656,degC,28.433892822265648
gfs,deterministic,2026-07-08T00:00:00Z,2026-07-09T00:00:00Z,24.0,21.5,114.75,tmax,temperature_2m_max,2m forecast-period maximum temperature,tmax,Maximum temperature,heightAboveGround,,max,K,301.78387451171875,degC,28.633874511718773
gfs,deterministic,2026-07-08T00:00:00Z,2026-07-09T00:00:00Z,24.0,21.5,115.0,tmax,temperature_2m_max,2m forecast-period maximum temperature,tmax,Maximum temperature,heightAboveGround,,max,K,301.98388671875,degC,28.833886718750023
gfs,deterministic,2026-07-08T00:00:00Z,2026-07-09T00:00:00Z,24.0,21.5,115.25,tmax,temperature_2m_max,2m forecast-period maximum temperature,tmax,Maximum temperature,heightAboveGround,,max,K,302.28387451171875,degC,29.133874511718773
gfs,deterministic,2026-07-08T00:00:00Z,2026-07-09T00:00:00Z,24.0,21.5,115.5,tmax,temperature_2m_max,2m forecast-period maximum temperature,tmax,Maximum temperature,heightAboveGround,,max,K,302.28387451171875,degC,29.133874511718773
gfs,deterministic,2026-07-08T00:00:00Z,2026-07-09T00:00:00Z,24.0,23.5,113.0,tmin,temperature_2m_min,2m forecast-period minimum temperature,tmin,Minimum temperature,heightAboveGround,,min,K,297.5,degC,24.350000000000023
gfs,deterministic,2026-07-08T00:00:00Z,2026-07-09T00:00:00Z,24.0,23.5,113.25,tmin,temperature_2m_min,2m forecast-period minimum temperature,tmin,Minimum temperature,heightAboveGround,,min,K,297.1000061035156,degC,23.950006103515648
gfs,deterministic,2026-07-08T00:00:00Z,2026-07-09T00:00:00Z,24.0,23.5,113.5,tmin,temperature_2m_min,2m forecast-period minimum temperature,tmin,Minimum temperature,heightAboveGround,,min,K,297.29998779296875,degC,24.149987792968773
gfs,deterministic,2026-07-08T00:00:00Z,2026-07-09T00:00:00Z,24.0,23.5,113.75,tmin,temperature_2m_min,2m forecast-period minimum temperature,tmin,Minimum temperature,heightAboveGround,,min,K,296.79998779296875,degC,23.649987792968773
gfs,deterministic,2026-07-08T00:00:00Z,2026-07-09T00:00:00Z,24.0,23.5,114.0,tmin,temperature_2m_min,2m forecast-period minimum temperature,tmin,Minimum temperature,heightAboveGround,,min,K,296.1000061035156,degC,22.950006103515648
gfs,deterministic,2026-07-08T00:00:00Z,2026-07-09T00:00:00Z,24.0,23.5,114.25,tmin,temperature_2m_min,2m forecast-period minimum temperature,tmin,Minimum temperature,heightAboveGround,,min,K,296.0,degC,22.850000000000023
gfs,deterministic,2026-07-08T00:00:00Z,2026-07-09T00:00:00Z,24.0,23.5,114.5,tmin,temperature_2m_min,2m forecast-period minimum temperature,tmin,Minimum temperature,heightAboveGround,,min,K,296.79998779296875,degC,23.649987792968773
gfs,deterministic,2026-07-08T00:00:00Z,2026-07-09T00:00:00Z,24.0,23.5,114.75,tmin,temperature_2m_min,2m forecast-period minimum temperature,tmin,Minimum temperature,heightAboveGround,,min,K,296.29998779296875,degC,23.149987792968773
gfs,deterministic,2026-07-08T00:00:00Z,2026-07-09T00:00:00Z,24.0,23.5,115.0,tmin,temperature_2m_min,2m forecast-period minimum temperature,tmin,Minimum temperature,heightAboveGround,,min,K,295.79998779296875,degC,22.649987792968773
gfs,deterministic,2026-07-08T00:00:00Z,2026-07-09T00:00:00Z,24.0,23.5,115.25,tmin,temperature_2m_min,2m forecast-period minimum temperature,tmin,Minimum temperature,heightAboveGround,,min,K,295.79998779296875,degC,22.649987792968773
gfs,deterministic,2026-07-08T00:00:00Z,2026-07-09T00:00:00Z,24.0,23.5,115.5,tmin,temperature_2m_min,2m forecast-period minimum temperature,tmin,Minimum temperature,heightAboveGround,,min,K,295.6000061035156,degC,22.450006103515648
gfs,deterministic,2026-07-08T00:00:00Z,2026-07-09T00:00:00Z,24.0,23.25,113.0,tmin,temperature_2m_min,2m forecast-period minimum temperature,tmin,Minimum temperature,heightAboveGround,,min,K,298.29998779296875,degC,25.149987792968773
gfs,deterministic,2026-07-08T00:00:00Z,2026-07-09T00:00:00Z,24.0,23.25,113.25,tmin,temperature_2m_min,2m forecast-period minimum temperature,tmin,Minimum temperature,heightAboveGround,,min,K,298.70001220703125,degC,25.550012207031273
gfs,deterministic,2026-07-08T00:00:00Z,2026-07-09T00:00:00Z,24.0,23.25,113.5,tmin,temperature_2m_min,2m forecast-period minimum temperature,tmin,Minimum temperature,heightAboveGround,,min,K,297.8999938964844,degC,24.749993896484398
gfs,deterministic,2026-07-08T00:00:00Z,2026-07-09T00:00:00Z,24.0,23.25,113.75,tmin,temperature_2m_min,2m forecast-period minimum temperature,tmin,Minimum temperature,heightAboveGround,,min,K,297.79998779296875,degC,24.649987792968773
gfs,deterministic,2026-07-08T00:00:00Z,2026-07-09T00:00:00Z,24.0,23.25,114.0,tmin,temperature_2m_min,2m forecast-period minimum temperature,tmin,Minimum temperature,heightAboveGround,,min,K,297.1000061035156,degC,23.950006103515648
gfs,deterministic,2026-07-08T00:00:00Z,2026-07-09T00:00:00Z,24.0,23.25,114.25,tmin,temperature_2m_min,2m forecast-period minimum temperature,tmin,Minimum temperature,heightAboveGround,,min,K,296.70001220703125,degC,23.550012207031273
gfs,deterministic,2026-07-08T00:00:00Z,2026-07-09T00:00:00Z,24.0,23.25,114.5,tmin,temperature_2m_min,2m forecast-period minimum temperature,tmin,Minimum temperature,heightAboveGround,,min,K,297.0,degC,23.850000000000023
gfs,deterministic,2026-07-08T00:00:00Z,2026-07-09T00:00:00Z,24.0,23.25,114.75,tmin,temperature_2m_min,2m forecast-period minimum temperature,tmin,Minimum temperature,heightAboveGround,,min,K,296.1000061035156,degC,22.950006103515648
gfs,deterministic,2026-07-08T00:00:00Z,2026-07-09T00:00:00Z,24.0,23.25,115.0,tmin,temperature_2m_min,2m forecast-period minimum temperature,tmin,Minimum temperature,heightAboveGround,,min,K,295.8999938964844,degC,22.749993896484398
gfs,deterministic,2026-07-08T00:00:00Z,2026-07-09T00:00:00Z,24.0,23.25,115.25,tmin,temperature_2m_min,2m forecast-period minimum temperature,tmin,Minimum temperature,heightAboveGround,,min,K,296.0,degC,22.850000000000023
gfs,deterministic,2026-07-08T00:00:00Z,2026-07-09T00:00:00Z,24.0,23.25,115.5,tmin,temperature_2m_min,2m forecast-period minimum temperature,tmin,Minimum temperature,heightAboveGround,,min,K,296.29998779296875,degC,23.149987792968773
gfs,deterministic,2026-07-08T00:00:00Z,2026-07-09T00:00:00Z,24.0,23.0,113.0,tmin,temperature_2m_min,2m forecast-period minimum temperature,tmin,Minimum temperature,heightAboveGround,,min,K,299.29998779296875,degC,26.149987792968773
gfs,deterministic,2026-07-08T00:00:00Z,2026-07-09T00:00:00Z,24.0,23.0,113.25,tmin,temperature_2m_min,2m forecast-period minimum temperature,tmin,Minimum temperature,heightAboveGround,,min,K,299.29998779296875,degC,26.149987792968773
gfs,deterministic,2026-07-08T00:00:00Z,2026-07-09T00:00:00Z,24.0,23.0,113.5,tmin,temperature_2m_min,2m forecast-period minimum temperature,tmin,Minimum temperature,heightAboveGround,,min,K,299.5,degC,26.350000000000023
gfs,deterministic,2026-07-08T00:00:00Z,2026-07-09T00:00:00Z,24.0,23.0,113.75,tmin,temperature_2m_min,2m forecast-period minimum temperature,tmin,Minimum temperature,heightAboveGround,,min,K,299.20001220703125,degC,26.050012207031273
gfs,deterministic,2026-07-08T00:00:00Z,2026-07-09T00:00:00Z,24.0,23.0,114.0,tmin,temperature_2m_min,2m forecast-period minimum temperature,tmin,Minimum temperature,heightAboveGround,,min,K,298.3999938964844,degC,25.249993896484398
gfs,deterministic,2026-07-08T00:00:00Z,2026-07-09T00:00:00Z,24.0,23.0,114.25,tmin,temperature_2m_min,2m forecast-period minimum temperature,tmin,Minimum temperature,heightAboveGround,,min,K,297.5,degC,24.350000000000023
gfs,deterministic,2026-07-08T00:00:00Z,2026-07-09T00:00:00Z,24.0,23.0,114.5,tmin,temperature_2m_min,2m forecast-period minimum temperature,tmin,Minimum temperature,heightAboveGround,,min,K,297.8999938964844,degC,24.749993896484398
gfs,deterministic,2026-07-08T00:00:00Z,2026-07-09T00:00:00Z,24.0,23.0,114.75,tmin,temperature_2m_min,2m forecast-period minimum temperature,tmin,Minimum temperature,heightAboveGround,,min,K,297.3999938964844,degC,24.249993896484398
gfs,deterministic,2026-07-08T00:00:00Z,2026-07-09T00:00:00Z,24.0,23.0,115.0,tmin,temperature_2m_min,2m forecast-period minimum temperature,tmin,Minimum temperature,heightAboveGround,,min,K,296.6000061035156,degC,23.450006103515648
gfs,deterministic,2026-07-08T00:00:00Z,2026-07-09T00:00:00Z,24.0,23.0,115.25,tmin,temperature_2m_min,2m forecast-period minimum temperature,tmin,Minimum temperature,heightAboveGround,,min,K,297.29998779296875,degC,24.149987792968773
gfs,deterministic,2026-07-08T00:00:00Z,2026-07-09T00:00:00Z,24.0,23.0,115.5,tmin,temperature_2m_min,2m forecast-period minimum temperature,tmin,Minimum temperature,heightAboveGround,,min,K,298.5,degC,25.350000000000023
gfs,deterministic,2026-07-08T00:00:00Z,2026-07-09T00:00:00Z,24.0,22.75,113.0,tmin,temperature_2m_min,2m forecast-period minimum temperature,tmin,Minimum temperature,heightAboveGround,,min,K,298.8999938964844,degC,25.749993896484398
gfs,deterministic,2026-07-08T00:00:00Z,2026-07-09T00:00:00Z,24.0,22.75,113.25,tmin,temperature_2m_min,2m forecast-period minimum temperature,tmin,Minimum temperature,heightAboveGround,,min,K,299.6000061035156,degC,26.450006103515648
gfs,deterministic,2026-07-08T00:00:00Z,2026-07-09T00:00:00Z,24.0,22.75,113.5,tmin,temperature_2m_min,2m forecast-period minimum temperature,tmin,Minimum temperature,heightAboveGround,,min,K,299.5,degC,26.350000000000023
gfs,deterministic,2026-07-08T00:00:00Z,2026-07-09T00:00:00Z,24.0,22.75,113.75,tmin,temperature_2m_min,2m forecast-period minimum temperature,tmin,Minimum temperature,heightAboveGround,,min,K,299.8999938964844,degC,26.749993896484398
gfs,deterministic,2026-07-08T00:00:00Z,2026-07-09T00:00:00Z,24.0,22.75,114.0,tmin,temperature_2m_min,2m forecast-period minimum temperature,tmin,Minimum temperature,heightAboveGround,,min,K,299.20001220703125,degC,26.050012207031273
gfs,deterministic,2026-07-08T00:00:00Z,2026-07-09T00:00:00Z,24.0,22.75,114.25,tmin,temperature_2m_min,2m forecast-period minimum temperature,tmin,Minimum temperature,heightAboveGround,,min,K,298.5,degC,25.350000000000023
gfs,deterministic,2026-07-08T00:00:00Z,2026-07-09T00:00:00Z,24.0,22.75,114.5,tmin,temperature_2m_min,2m forecast-period minimum temperature,tmin,Minimum temperature,heightAboveGround,,min,K,298.29998779296875,degC,25.149987792968773
gfs,deterministic,2026-07-08T00:00:00Z,2026-07-09T00:00:00Z,24.0,22.75,114.75,tmin,temperature_2m_min,2m forecast-period minimum temperature,tmin,Minimum temperature,heightAboveGround,,min,K,298.5,degC,25.350000000000023
gfs,deterministic,2026-07-08T00:00:00Z,2026-07-09T00:00:00Z,24.0,22.75,115.0,tmin,temperature_2m_min,2m forecast-period minimum temperature,tmin,Minimum temperature,heightAboveGround,,min,K,299.1000061035156,degC,25.950006103515648
gfs,deterministic,2026-07-08T00:00:00Z,2026-07-09T00:00:00Z,24.0,22.75,115.25,tmin,temperature_2m_min,2m forecast-period minimum temperature,tmin,Minimum temperature,heightAboveGround,,min,K,300.20001220703125,degC,27.050012207031273
gfs,deterministic,2026-07-08T00:00:00Z,2026-07-09T00:00:00Z,24.0,22.75,115.5,tmin,temperature_2m_min,2m forecast-period minimum temperature,tmin,Minimum temperature,heightAboveGround,,min,K,299.79998779296875,degC,26.649987792968773
gfs,deterministic,2026-07-08T00:00:00Z,2026-07-09T00:00:00Z,24.0,22.5,113.0,tmin,temperature_2m_min,2m forecast-period minimum temperature,tmin,Minimum temperature,heightAboveGround,,min,K,298.29998779296875,degC,25.149987792968773
gfs,deterministic,2026-07-08T00:00:00Z,2026-07-09T00:00:00Z,24.0,22.5,113.25,tmin,temperature_2m_min,2m forecast-period minimum temperature,tmin,Minimum temperature,heightAboveGround,,min,K,299.29998779296875,degC,26.149987792968773
gfs,deterministic,2026-07-08T00:00:00Z,2026-07-09T00:00:00Z,24.0,22.5,113.5,tmin,temperature_2m_min,2m forecast-period minimum temperature,tmin,Minimum temperature,heightAboveGround,,min,K,298.8999938964844,degC,25.749993896484398
gfs,deterministic,2026-07-08T00:00:00Z,2026-07-09T00:00:00Z,24.0,22.5,113.75,tmin,temperature_2m_min,2m forecast-period minimum temperature,tmin,Minimum temperature,heightAboveGround,,min,K,300.3999938964844,degC,27.249993896484398
gfs,deterministic,2026-07-08T00:00:00Z,2026-07-09T00:00:00Z,24.0,22.5,114.0,tmin,temperature_2m_min,2m forecast-period minimum temperature,tmin,Minimum temperature,heightAboveGround,,min,K,299.5,degC,26.350000000000023
gfs,deterministic,2026-07-08T00:00:00Z,2026-07-09T00:00:00Z,24.0,22.5,114.25,tmin,temperature_2m_min,2m forecast-period minimum temperature,tmin,Minimum temperature,heightAboveGround,,min,K,298.1000061035156,degC,24.950006103515648
gfs,deterministic,2026-07-08T00:00:00Z,2026-07-09T00:00:00Z,24.0,22.5,114.5,tmin,temperature_2m_min,2m forecast-period minimum temperature,tmin,Minimum temperature,heightAboveGround,,min,K,299.29998779296875,degC,26.149987792968773
gfs,deterministic,2026-07-08T00:00:00Z,2026-07-09T00:00:00Z,24.0,22.5,114.75,tmin,temperature_2m_min,2m forecast-period minimum temperature,tmin,Minimum temperature,heightAboveGround,,min,K,300.3999938964844,degC,27.249993896484398
gfs,deterministic,2026-07-08T00:00:00Z,2026-07-09T00:00:00Z,24.0,22.5,115.0,tmin,temperature_2m_min,2m forecast-period minimum temperature,tmin,Minimum temperature,heightAboveGround,,min,K,300.3999938964844,degC,27.249993896484398
gfs,deterministic,2026-07-08T00:00:00Z,2026-07-09T00:00:00Z,24.0,22.5,115.25,tmin,temperature_2m_min,2m forecast-period minimum temperature,tmin,Minimum temperature,heightAboveGround,,min,K,300.20001220703125,degC,27.050012207031273
gfs,deterministic,2026-07-08T00:00:00Z,2026-07-09T00:00:00Z,24.0,22.5,115.5,tmin,temperature_2m_min,2m forecast-period minimum temperature,tmin,Minimum temperature,heightAboveGround,,min,K,300.3999938964844,degC,27.249993896484398
gfs,deterministic,2026-07-08T00:00:00Z,2026-07-09T00:00:00Z,24.0,22.25,113.0,tmin,temperature_2m_min,2m forecast-period minimum temperature,tmin,Minimum temperature,heightAboveGround,,min,K,297.79998779296875,degC,24.649987792968773
gfs,deterministic,2026-07-08T00:00:00Z,2026-07-09T00:00:00Z,24.0,22.25,113.25,tmin,temperature_2m_min,2m forecast-period minimum temperature,tmin,Minimum temperature,heightAboveGround,,min,K,298.70001220703125,degC,25.550012207031273
gfs,deterministic,2026-07-08T00:00:00Z,2026-07-09T00:00:00Z,24.0,22.25,113.5,tmin,temperature_2m_min,2m forecast-period minimum temperature,tmin,Minimum temperature,heightAboveGround,,min,K,299.6000061035156,degC,26.450006103515648
gfs,deterministic,2026-07-08T00:00:00Z,2026-07-09T00:00:00Z,24.0,22.25,113.75,tmin,temperature_2m_min,2m forecast-period minimum temperature,tmin,Minimum temperature,heightAboveGround,,min,K,300.5,degC,27.350000000000023
gfs,deterministic,2026-07-08T00:00:00Z,2026-07-09T00:00:00Z,24.0,22.25,114.0,tmin,temperature_2m_min,2m forecast-period minimum temperature,tmin,Minimum temperature,heightAboveGround,,min,K,300.29998779296875,degC,27.149987792968773
gfs,deterministic,2026-07-08T00:00:00Z,2026-07-09T00:00:00Z,24.0,22.25,114.25,tmin,temperature_2m_min,2m forecast-period minimum temperature,tmin,Minimum temperature,heightAboveGround,,min,K,299.70001220703125,degC,26.550012207031273
gfs,deterministic,2026-07-08T00:00:00Z,2026-07-09T00:00:00Z,24.0,22.25,114.5,tmin,temperature_2m_min,2m forecast-period minimum temperature,tmin,Minimum temperature,heightAboveGround,,min,K,300.3999938964844,degC,27.249993896484398
gfs,deterministic,2026-07-08T00:00:00Z,2026-07-09T00:00:00Z,24.0,22.25,114.75,tmin,temperature_2m_min,2m forecast-period minimum temperature,tmin,Minimum temperature,heightAboveGround,,min,K,300.5,degC,27.350000000000023
gfs,deterministic,2026-07-08T00:00:00Z,2026-07-09T00:00:00Z,24.0,22.25,115.0,tmin,temperature_2m_min,2m forecast-period minimum temperature,tmin,Minimum temperature,heightAboveGround,,min,K,300.5,degC,27.350000000000023
gfs,deterministic,2026-07-08T00:00:00Z,2026-07-09T00:00:00Z,24.0,22.25,115.25,tmin,temperature_2m_min,2m forecast-period minimum temperature,tmin,Minimum temperature,heightAboveGround,,min,K,300.79998779296875,degC,27.649987792968773
gfs,deterministic,2026-07-08T00:00:00Z,2026-07-09T00:00:00Z,24.0,22.25,115.5,tmin,temperature_2m_min,2m forecast-period minimum temperature,tmin,Minimum temperature,heightAboveGround,,min,K,300.70001220703125,degC,27.550012207031273
gfs,deterministic,2026-07-08T00:00:00Z,2026-07-09T00:00:00Z,24.0,22.0,113.0,tmin,temperature_2m_min,2m forecast-period minimum temperature,tmin,Minimum temperature,heightAboveGround,,min,K,298.79998779296875,degC,25.649987792968773
gfs,deterministic,2026-07-08T00:00:00Z,2026-07-09T00:00:00Z,24.0,22.0,113.25,tmin,temperature_2m_min,2m forecast-period minimum temperature,tmin,Minimum temperature,heightAboveGround,,min,K,300.3999938964844,degC,27.249993896484398
gfs,deterministic,2026-07-08T00:00:00Z,2026-07-09T00:00:00Z,24.0,22.0,113.5,tmin,temperature_2m_min,2m forecast-period minimum temperature,tmin,Minimum temperature,heightAboveGround,,min,K,300.6000061035156,degC,27.450006103515648
gfs,deterministic,2026-07-08T00:00:00Z,2026-07-09T00:00:00Z,24.0,22.0,113.75,tmin,temperature_2m_min,2m forecast-period minimum temperature,tmin,Minimum temperature,heightAboveGround,,min,K,300.3999938964844,degC,27.249993896484398
gfs,deterministic,2026-07-08T00:00:00Z,2026-07-09T00:00:00Z,24.0,22.0,114.0,tmin,temperature_2m_min,2m forecast-period minimum temperature,tmin,Minimum temperature,heightAboveGround,,min,K,300.5,degC,27.350000000000023
gfs,deterministic,2026-07-08T00:00:00Z,2026-07-09T00:00:00Z,24.0,22.0,114.25,tmin,temperature_2m_min,2m forecast-period minimum temperature,tmin,Minimum temperature,heightAboveGround,,min,K,300.5,degC,27.350000000000023
gfs,deterministic,2026-07-08T00:00:00Z,2026-07-09T00:00:00Z,24.0,22.0,114.5,tmin,temperature_2m_min,2m forecast-period minimum temperature,tmin,Minimum temperature,heightAboveGround,,min,K,300.6000061035156,degC,27.450006103515648
gfs,deterministic,2026-07-08T00:00:00Z,2026-07-09T00:00:00Z,24.0,22.0,114.75,tmin,temperature_2m_min,2m forecast-period minimum temperature,tmin,Minimum temperature,heightAboveGround,,min,K,300.6000061035156,degC,27.450006103515648
gfs,deterministic,2026-07-08T00:00:00Z,2026-07-09T00:00:00Z,24.0,22.0,115.0,tmin,temperature_2m_min,2m forecast-period minimum temperature,tmin,Minimum temperature,heightAboveGround,,min,K,301.0,degC,27.850000000000023
gfs,deterministic,2026-07-08T00:00:00Z,2026-07-09T00:00:00Z,24.0,22.0,115.25,tmin,temperature_2m_min,2m forecast-period minimum temperature,tmin,Minimum temperature,heightAboveGround,,min,K,301.5,degC,28.350000000000023
gfs,deterministic,2026-07-08T00:00:00Z,2026-07-09T00:00:00Z,24.0,22.0,115.5,tmin,temperature_2m_min,2m forecast-period minimum temperature,tmin,Minimum temperature,heightAboveGround,,min,K,301.70001220703125,degC,28.550012207031273
gfs,deterministic,2026-07-08T00:00:00Z,2026-07-09T00:00:00Z,24.0,21.75,113.0,tmin,temperature_2m_min,2m forecast-period minimum temperature,tmin,Minimum temperature,heightAboveGround,,min,K,300.79998779296875,degC,27.649987792968773
gfs,deterministic,2026-07-08T00:00:00Z,2026-07-09T00:00:00Z,24.0,21.75,113.25,tmin,temperature_2m_min,2m forecast-period minimum temperature,tmin,Minimum temperature,heightAboveGround,,min,K,300.70001220703125,degC,27.550012207031273
gfs,deterministic,2026-07-08T00:00:00Z,2026-07-09T00:00:00Z,24.0,21.75,113.5,tmin,temperature_2m_min,2m forecast-period minimum temperature,tmin,Minimum temperature,heightAboveGround,,min,K,300.6000061035156,degC,27.450006103515648
gfs,deterministic,2026-07-08T00:00:00Z,2026-07-09T00:00:00Z,24.0,21.75,113.75,tmin,temperature_2m_min,2m forecast-period minimum temperature,tmin,Minimum temperature,heightAboveGround,,min,K,300.6000061035156,degC,27.450006103515648
gfs,deterministic,2026-07-08T00:00:00Z,2026-07-09T00:00:00Z,24.0,21.75,114.0,tmin,temperature_2m_min,2m forecast-period minimum temperature,tmin,Minimum temperature,heightAboveGround,,min,K,300.70001220703125,degC,27.550012207031273
gfs,deterministic,2026-07-08T00:00:00Z,2026-07-09T00:00:00Z,24.0,21.75,114.25,tmin,temperature_2m_min,2m forecast-period minimum temperature,tmin,Minimum temperature,heightAboveGround,,min,K,300.70001220703125,degC,27.550012207031273
gfs,deterministic,2026-07-08T00:00:00Z,2026-07-09T00:00:00Z,24.0,21.75,114.5,tmin,temperature_2m_min,2m forecast-period minimum temperature,tmin,Minimum temperature,heightAboveGround,,min,K,300.70001220703125,degC,27.550012207031273
gfs,deterministic,2026-07-08T00:00:00Z,2026-07-09T00:00:00Z,24.0,21.75,114.75,tmin,temperature_2m_min,2m forecast-period minimum temperature,tmin,Minimum temperature,heightAboveGround,,min,K,301.0,degC,27.850000000000023
gfs,deterministic,2026-07-08T00:00:00Z,2026-07-09T00:00:00Z,24.0,21.75,115.0,tmin,temperature_2m_min,2m forecast-period minimum temperature,tmin,Minimum temperature,heightAboveGround,,min,K,301.20001220703125,degC,28.050012207031273
gfs,deterministic,2026-07-08T00:00:00Z,2026-07-09T00:00:00Z,24.0,21.75,115.25,tmin,temperature_2m_min,2m forecast-period minimum temperature,tmin,Minimum temperature,heightAboveGround,,min,K,301.8999938964844,degC,28.749993896484398
gfs,deterministic,2026-07-08T00:00:00Z,2026-07-09T00:00:00Z,24.0,21.75,115.5,tmin,temperature_2m_min,2m forecast-period minimum temperature,tmin,Minimum temperature,heightAboveGround,,min,K,302.1000061035156,degC,28.950006103515648
gfs,deterministic,2026-07-08T00:00:00Z,2026-07-09T00:00:00Z,24.0,21.5,113.0,tmin,temperature_2m_min,2m forecast-period minimum temperature,tmin,Minimum temperature,heightAboveGround,,min,K,300.79998779296875,degC,27.649987792968773
gfs,deterministic,2026-07-08T00:00:00Z,2026-07-09T00:00:00Z,24.0,21.5,113.25,tmin,temperature_2m_min,2m forecast-period minimum temperature,tmin,Minimum temperature,heightAboveGround,,min,K,300.70001220703125,degC,27.550012207031273
gfs,deterministic,2026-07-08T00:00:00Z,2026-07-09T00:00:00Z,24.0,21.5,113.5,tmin,temperature_2m_min,2m forecast-period minimum temperature,tmin,Minimum temperature,heightAboveGround,,min,K,300.70001220703125,degC,27.550012207031273
gfs,deterministic,2026-07-08T00:00:00Z,2026-07-09T00:00:00Z,24.0,21.5,113.75,tmin,temperature_2m_min,2m forecast-period minimum temperature,tmin,Minimum temperature,heightAboveGround,,min,K,300.79998779296875,degC,27.649987792968773
gfs,deterministic,2026-07-08T00:00:00Z,2026-07-09T00:00:00Z,24.0,21.5,114.0,tmin,temperature_2m_min,2m forecast-period minimum temperature,tmin,Minimum temperature,heightAboveGround,,min,K,300.79998779296875,degC,27.649987792968773
gfs,deterministic,2026-07-08T00:00:00Z,2026-07-09T00:00:00Z,24.0,21.5,114.25,tmin,temperature_2m_min,2m forecast-period minimum temperature,tmin,Minimum temperature,heightAboveGround,,min,K,300.79998779296875,degC,27.649987792968773
gfs,deterministic,2026-07-08T00:00:00Z,2026-07-09T00:00:00Z,24.0,21.5,114.5,tmin,temperature_2m_min,2m forecast-period minimum temperature,tmin,Minimum temperature,heightAboveGround,,min,K,300.8999938964844,degC,27.749993896484398
gfs,deterministic,2026-07-08T00:00:00Z,2026-07-09T00:00:00Z,24.0,21.5,114.75,tmin,temperature_2m_min,2m forecast-period minimum temperature,tmin,Minimum temperature,heightAboveGround,,min,K,301.1000061035156,degC,27.950006103515648
gfs,deterministic,2026-07-08T00:00:00Z,2026-07-09T00:00:00Z,24.0,21.5,115.0,tmin,temperature_2m_min,2m forecast-period minimum temperature,tmin,Minimum temperature,heightAboveGround,,min,K,301.29998779296875,degC,28.149987792968773
gfs,deterministic,2026-07-08T00:00:00Z,2026-07-09T00:00:00Z,24.0,21.5,115.25,tmin,temperature_2m_min,2m forecast-period minimum temperature,tmin,Minimum temperature,heightAboveGround,,min,K,301.8999938964844,degC,28.749993896484398
gfs,deterministic,2026-07-08T00:00:00Z,2026-07-09T00:00:00Z,24.0,21.5,115.5,tmin,temperature_2m_min,2m forecast-period minimum temperature,tmin,Minimum temperature,heightAboveGround,,min,K,302.1000061035156,degC,28.950006103515648
gfs,deterministic,2026-07-08T00:00:00Z,2026-07-09T00:00:00Z,24.0,23.5,113.0,prmsl,pressure_msl,mean sea-level pressure,prmsl,Pressure reduced to MSL,meanSea,,instant,Pa,100579.9296875,hPa,1005.799296875
gfs,deterministic,2026-07-08T00:00:00Z,2026-07-09T00:00:00Z,24.0,23.5,113.25,prmsl,pressure_msl,mean sea-level pressure,prmsl,Pressure reduced to MSL,meanSea,,instant,Pa,100598.734375,hPa,1005.98734375
gfs,deterministic,2026-07-08T00:00:00Z,2026-07-09T00:00:00Z,24.0,23.5,113.5,prmsl,pressure_msl,mean sea-level pressure,prmsl,Pressure reduced to MSL,meanSea,,instant,Pa,100608.734375,hPa,1006.08734375
gfs,deterministic,2026-07-08T00:00:00Z,2026-07-09T00:00:00Z,24.0,23.5,113.75,prmsl,pressure_msl,mean sea-level pressure,prmsl,Pressure reduced to MSL,meanSea,,instant,Pa,100631.1328125,hPa,1006.311328125
gfs,deterministic,2026-07-08T00:00:00Z,2026-07-09T00:00:00Z,24.0,23.5,114.0,prmsl,pressure_msl,mean sea-level pressure,prmsl,Pressure reduced to MSL,meanSea,,instant,Pa,100655.53125,hPa,1006.5553125
gfs,deterministic,2026-07-08T00:00:00Z,2026-07-09T00:00:00Z,24.0,23.5,114.25,prmsl,pressure_msl,mean sea-level pressure,prmsl,Pressure reduced to MSL,meanSea,,instant,Pa,100677.9296875,hPa,1006.779296875
gfs,deterministic,2026-07-08T00:00:00Z,2026-07-09T00:00:00Z,24.0,23.5,114.5,prmsl,pressure_msl,mean sea-level pressure,prmsl,Pressure reduced to MSL,meanSea,,instant,Pa,100665.53125,hPa,1006.6553125
gfs,deterministic,2026-07-08T00:00:00Z,2026-07-09T00:00:00Z,24.0,23.5,114.75,prmsl,pressure_msl,mean sea-level pressure,prmsl,Pressure reduced to MSL,meanSea,,instant,Pa,100683.9296875,hPa,1006.839296875
gfs,deterministic,2026-07-08T00:00:00Z,2026-07-09T00:00:00Z,24.0,23.5,115.0,prmsl,pressure_msl,mean sea-level pressure,prmsl,Pressure reduced to MSL,meanSea,,instant,Pa,100702.328125,hPa,1007.02328125
gfs,deterministic,2026-07-08T00:00:00Z,2026-07-09T00:00:00Z,24.0,23.5,115.25,prmsl,pressure_msl,mean sea-level pressure,prmsl,Pressure reduced to MSL,meanSea,,instant,Pa,100725.53125,hPa,1007.2553125
gfs,deterministic,2026-07-08T00:00:00Z,2026-07-09T00:00:00Z,24.0,23.5,115.5,prmsl,pressure_msl,mean sea-level pressure,prmsl,Pressure reduced to MSL,meanSea,,instant,Pa,100744.734375,hPa,1007.44734375
gfs,deterministic,2026-07-08T00:00:00Z,2026-07-09T00:00:00Z,24.0,23.25,113.0,prmsl,pressure_msl,mean sea-level pressure,prmsl,Pressure reduced to MSL,meanSea,,instant,Pa,100557.1328125,hPa,1005.571328125
gfs,deterministic,2026-07-08T00:00:00Z,2026-07-09T00:00:00Z,24.0,23.25,113.25,prmsl,pressure_msl,mean sea-level pressure,prmsl,Pressure reduced to MSL,meanSea,,instant,Pa,100570.328125,hPa,1005.70328125
gfs,deterministic,2026-07-08T00:00:00Z,2026-07-09T00:00:00Z,24.0,23.25,113.5,prmsl,pressure_msl,mean sea-level pressure,prmsl,Pressure reduced to MSL,meanSea,,instant,Pa,100596.328125,hPa,1005.96328125
gfs,deterministic,2026-07-08T00:00:00Z,2026-07-09T00:00:00Z,24.0,23.25,113.75,prmsl,pressure_msl,mean sea-level pressure,prmsl,Pressure reduced to MSL,meanSea,,instant,Pa,100599.53125,hPa,1005.9953125
gfs,deterministic,2026-07-08T00:00:00Z,2026-07-09T00:00:00Z,24.0,23.25,114.0,prmsl,pressure_msl,mean sea-level pressure,prmsl,Pressure reduced to MSL,meanSea,,instant,Pa,100627.1328125,hPa,1006.271328125
gfs,deterministic,2026-07-08T00:00:00Z,2026-07-09T00:00:00Z,24.0,23.25,114.25,prmsl,pressure_msl,mean sea-level pressure,prmsl,Pressure reduced to MSL,meanSea,,instant,Pa,100650.734375,hPa,1006.50734375
gfs,deterministic,2026-07-08T00:00:00Z,2026-07-09T00:00:00Z,24.0,23.25,114.5,prmsl,pressure_msl,mean sea-level pressure,prmsl,Pressure reduced to MSL,meanSea,,instant,Pa,100657.53125,hPa,1006.5753125
gfs,deterministic,2026-07-08T00:00:00Z,2026-07-09T00:00:00Z,24.0,23.25,114.75,prmsl,pressure_msl,mean sea-level pressure,prmsl,Pressure reduced to MSL,meanSea,,instant,Pa,100689.9296875,hPa,1006.899296875
gfs,deterministic,2026-07-08T00:00:00Z,2026-07-09T00:00:00Z,24.0,23.25,115.0,prmsl,pressure_msl,mean sea-level pressure,prmsl,Pressure reduced to MSL,meanSea,,instant,Pa,100712.328125,hPa,1007.12328125
gfs,deterministic,2026-07-08T00:00:00Z,2026-07-09T00:00:00Z,24.0,23.25,115.25,prmsl,pressure_msl,mean sea-level pressure,prmsl,Pressure reduced to MSL,meanSea,,instant,Pa,100738.328125,hPa,1007.38328125
gfs,deterministic,2026-07-08T00:00:00Z,2026-07-09T00:00:00Z,24.0,23.25,115.5,prmsl,pressure_msl,mean sea-level pressure,prmsl,Pressure reduced to MSL,meanSea,,instant,Pa,100762.328125,hPa,1007.62328125
gfs,deterministic,2026-07-08T00:00:00Z,2026-07-09T00:00:00Z,24.0,23.0,113.0,prmsl,pressure_msl,mean sea-level pressure,prmsl,Pressure reduced to MSL,meanSea,,instant,Pa,100547.53125,hPa,1005.4753125
gfs,deterministic,2026-07-08T00:00:00Z,2026-07-09T00:00:00Z,24.0,23.0,113.25,prmsl,pressure_msl,mean sea-level pressure,prmsl,Pressure reduced to MSL,meanSea,,instant,Pa,100561.9296875,hPa,1005.619296875
gfs,deterministic,2026-07-08T00:00:00Z,2026-07-09T00:00:00Z,24.0,23.0,113.5,prmsl,pressure_msl,mean sea-level pressure,prmsl,Pressure reduced to MSL,meanSea,,instant,Pa,100574.328125,hPa,1005.74328125
gfs,deterministic,2026-07-08T00:00:00Z,2026-07-09T00:00:00Z,24.0,23.0,113.75,prmsl,pressure_msl,mean sea-level pressure,prmsl,Pressure reduced to MSL,meanSea,,instant,Pa,100585.1328125,hPa,1005.851328125
gfs,deterministic,2026-07-08T00:00:00Z,2026-07-09T00:00:00Z,24.0,23.0,114.0,prmsl,pressure_msl,mean sea-level pressure,prmsl,Pressure reduced to MSL,meanSea,,instant,Pa,100595.9296875,hPa,1005.959296875
gfs,deterministic,2026-07-08T00:00:00Z,2026-07-09T00:00:00Z,24.0,23.0,114.25,prmsl,pressure_msl,mean sea-level pressure,prmsl,Pressure reduced to MSL,meanSea,,instant,Pa,100622.328125,hPa,1006.22328125
gfs,deterministic,2026-07-08T00:00:00Z,2026-07-09T00:00:00Z,24.0,23.0,114.5,prmsl,pressure_msl,mean sea-level pressure,prmsl,Pressure reduced to MSL,meanSea,,instant,Pa,100630.734375,hPa,1006.30734375
gfs,deterministic,2026-07-08T00:00:00Z,2026-07-09T00:00:00Z,24.0,23.0,114.75,prmsl,pressure_msl,mean sea-level pressure,prmsl,Pressure reduced to MSL,meanSea,,instant,Pa,100660.734375,hPa,1006.60734375
gfs,deterministic,2026-07-08T00:00:00Z,2026-07-09T00:00:00Z,24.0,23.0,115.0,prmsl,pressure_msl,mean sea-level pressure,prmsl,Pressure reduced to MSL,meanSea,,instant,Pa,100712.734375,hPa,1007.12734375
gfs,deterministic,2026-07-08T00:00:00Z,2026-07-09T00:00:00Z,24.0,23.0,115.25,prmsl,pressure_msl,mean sea-level pressure,prmsl,Pressure reduced to MSL,meanSea,,instant,Pa,100717.9296875,hPa,1007.179296875
gfs,deterministic,2026-07-08T00:00:00Z,2026-07-09T00:00:00Z,24.0,23.0,115.5,prmsl,pressure_msl,mean sea-level pressure,prmsl,Pressure reduced to MSL,meanSea,,instant,Pa,100689.9296875,hPa,1006.899296875
gfs,deterministic,2026-07-08T00:00:00Z,2026-07-09T00:00:00Z,24.0,22.75,113.0,prmsl,pressure_msl,mean sea-level pressure,prmsl,Pressure reduced to MSL,meanSea,,instant,Pa,100543.53125,hPa,1005.4353125
gfs,deterministic,2026-07-08T00:00:00Z,2026-07-09T00:00:00Z,24.0,22.75,113.25,prmsl,pressure_msl,mean sea-level pressure,prmsl,Pressure reduced to MSL,meanSea,,instant,Pa,100539.9296875,hPa,1005.399296875
gfs,deterministic,2026-07-08T00:00:00Z,2026-07-09T00:00:00Z,24.0,22.75,113.5,prmsl,pressure_msl,mean sea-level pressure,prmsl,Pressure reduced to MSL,meanSea,,instant,Pa,100551.53125,hPa,1005.5153125
gfs,deterministic,2026-07-08T00:00:00Z,2026-07-09T00:00:00Z,24.0,22.75,113.75,prmsl,pressure_msl,mean sea-level pressure,prmsl,Pressure reduced to MSL,meanSea,,instant,Pa,100572.734375,hPa,1005.72734375
gfs,deterministic,2026-07-08T00:00:00Z,2026-07-09T00:00:00Z,24.0,22.75,114.0,prmsl,pressure_msl,mean sea-level pressure,prmsl,Pressure reduced to MSL,meanSea,,instant,Pa,100598.328125,hPa,1005.98328125
gfs,deterministic,2026-07-08T00:00:00Z,2026-07-09T00:00:00Z,24.0,22.75,114.25,prmsl,pressure_msl,mean sea-level pressure,prmsl,Pressure reduced to MSL,meanSea,,instant,Pa,100623.9296875,hPa,1006.239296875
gfs,deterministic,2026-07-08T00:00:00Z,2026-07-09T00:00:00Z,24.0,22.75,114.5,prmsl,pressure_msl,mean sea-level pressure,prmsl,Pressure reduced to MSL,meanSea,,instant,Pa,100639.53125,hPa,1006.3953125
gfs,deterministic,2026-07-08T00:00:00Z,2026-07-09T00:00:00Z,24.0,22.75,114.75,prmsl,pressure_msl,mean sea-level pressure,prmsl,Pressure reduced to MSL,meanSea,,instant,Pa,100650.734375,hPa,1006.50734375
gfs,deterministic,2026-07-08T00:00:00Z,2026-07-09T00:00:00Z,24.0,22.75,115.0,prmsl,pressure_msl,mean sea-level pressure,prmsl,Pressure reduced to MSL,meanSea,,instant,Pa,100671.53125,hPa,1006.7153125
gfs,deterministic,2026-07-08T00:00:00Z,2026-07-09T00:00:00Z,24.0,22.75,115.25,prmsl,pressure_msl,mean sea-level pressure,prmsl,Pressure reduced to MSL,meanSea,,instant,Pa,100663.1328125,hPa,1006.631328125
gfs,deterministic,2026-07-08T00:00:00Z,2026-07-09T00:00:00Z,24.0,22.75,115.5,prmsl,pressure_msl,mean sea-level pressure,prmsl,Pressure reduced to MSL,meanSea,,instant,Pa,100676.328125,hPa,1006.76328125
gfs,deterministic,2026-07-08T00:00:00Z,2026-07-09T00:00:00Z,24.0,22.5,113.0,prmsl,pressure_msl,mean sea-level pressure,prmsl,Pressure reduced to MSL,meanSea,,instant,Pa,100539.53125,hPa,1005.3953125
gfs,deterministic,2026-07-08T00:00:00Z,2026-07-09T00:00:00Z,24.0,22.5,113.25,prmsl,pressure_msl,mean sea-level pressure,prmsl,Pressure reduced to MSL,meanSea,,instant,Pa,100533.9296875,hPa,1005.339296875
gfs,deterministic,2026-07-08T00:00:00Z,2026-07-09T00:00:00Z,24.0,22.5,113.5,prmsl,pressure_msl,mean sea-level pressure,prmsl,Pressure reduced to MSL,meanSea,,instant,Pa,100549.53125,hPa,1005.4953125
gfs,deterministic,2026-07-08T00:00:00Z,2026-07-09T00:00:00Z,24.0,22.5,113.75,prmsl,pressure_msl,mean sea-level pressure,prmsl,Pressure reduced to MSL,meanSea,,instant,Pa,100560.328125,hPa,1005.60328125
gfs,deterministic,2026-07-08T00:00:00Z,2026-07-09T00:00:00Z,24.0,22.5,114.0,prmsl,pressure_msl,mean sea-level pressure,prmsl,Pressure reduced to MSL,meanSea,,instant,Pa,100593.9296875,hPa,1005.939296875
gfs,deterministic,2026-07-08T00:00:00Z,2026-07-09T00:00:00Z,24.0,22.5,114.25,prmsl,pressure_msl,mean sea-level pressure,prmsl,Pressure reduced to MSL,meanSea,,instant,Pa,100628.328125,hPa,1006.28328125
gfs,deterministic,2026-07-08T00:00:00Z,2026-07-09T00:00:00Z,24.0,22.5,114.5,prmsl,pressure_msl,mean sea-level pressure,prmsl,Pressure reduced to MSL,meanSea,,instant,Pa,100635.1328125,hPa,1006.351328125
gfs,deterministic,2026-07-08T00:00:00Z,2026-07-09T00:00:00Z,24.0,22.5,114.75,prmsl,pressure_msl,mean sea-level pressure,prmsl,Pressure reduced to MSL,meanSea,,instant,Pa,100633.53125,hPa,1006.3353125
gfs,deterministic,2026-07-08T00:00:00Z,2026-07-09T00:00:00Z,24.0,22.5,115.0,prmsl,pressure_msl,mean sea-level pressure,prmsl,Pressure reduced to MSL,meanSea,,instant,Pa,100646.734375,hPa,1006.46734375
gfs,deterministic,2026-07-08T00:00:00Z,2026-07-09T00:00:00Z,24.0,22.5,115.25,prmsl,pressure_msl,mean sea-level pressure,prmsl,Pressure reduced to MSL,meanSea,,instant,Pa,100642.734375,hPa,1006.42734375
gfs,deterministic,2026-07-08T00:00:00Z,2026-07-09T00:00:00Z,24.0,22.5,115.5,prmsl,pressure_msl,mean sea-level pressure,prmsl,Pressure reduced to MSL,meanSea,,instant,Pa,100655.9296875,hPa,1006.559296875
gfs,deterministic,2026-07-08T00:00:00Z,2026-07-09T00:00:00Z,24.0,22.25,113.0,prmsl,pressure_msl,mean sea-level pressure,prmsl,Pressure reduced to MSL,meanSea,,instant,Pa,100558.734375,hPa,1005.58734375
gfs,deterministic,2026-07-08T00:00:00Z,2026-07-09T00:00:00Z,24.0,22.25,113.25,prmsl,pressure_msl,mean sea-level pressure,prmsl,Pressure reduced to MSL,meanSea,,instant,Pa,100535.9296875,hPa,1005.359296875
gfs,deterministic,2026-07-08T00:00:00Z,2026-07-09T00:00:00Z,24.0,22.25,113.5,prmsl,pressure_msl,mean sea-level pressure,prmsl,Pressure reduced to MSL,meanSea,,instant,Pa,100545.53125,hPa,1005.4553125
gfs,deterministic,2026-07-08T00:00:00Z,2026-07-09T00:00:00Z,24.0,22.25,113.75,prmsl,pressure_msl,mean sea-level pressure,prmsl,Pressure reduced to MSL,meanSea,,instant,Pa,100553.53125,hPa,1005.5353125
gfs,deterministic,2026-07-08T00:00:00Z,2026-07-09T00:00:00Z,24.0,22.25,114.0,prmsl,pressure_msl,mean sea-level pressure,prmsl,Pressure reduced to MSL,meanSea,,instant,Pa,100576.734375,hPa,1005.76734375
gfs,deterministic,2026-07-08T00:00:00Z,2026-07-09T00:00:00Z,24.0,22.25,114.25,prmsl,pressure_msl,mean sea-level pressure,prmsl,Pressure reduced to MSL,meanSea,,instant,Pa,100601.9296875,hPa,1006.019296875
gfs,deterministic,2026-07-08T00:00:00Z,2026-07-09T00:00:00Z,24.0,22.25,114.5,prmsl,pressure_msl,mean sea-level pressure,prmsl,Pressure reduced to MSL,meanSea,,instant,Pa,100603.9296875,hPa,1006.039296875
gfs,deterministic,2026-07-08T00:00:00Z,2026-07-09T00:00:00Z,24.0,22.25,114.75,prmsl,pressure_msl,mean sea-level pressure,prmsl,Pressure reduced to MSL,meanSea,,instant,Pa,100618.734375,hPa,1006.18734375
gfs,deterministic,2026-07-08T00:00:00Z,2026-07-09T00:00:00Z,24.0,22.25,115.0,prmsl,pressure_msl,mean sea-level pressure,prmsl,Pressure reduced to MSL,meanSea,,instant,Pa,100633.9296875,hPa,1006.339296875
gfs,deterministic,2026-07-08T00:00:00Z,2026-07-09T00:00:00Z,24.0,22.25,115.25,prmsl,pressure_msl,mean sea-level pressure,prmsl,Pressure reduced to MSL,meanSea,,instant,Pa,100638.734375,hPa,1006.38734375
gfs,deterministic,2026-07-08T00:00:00Z,2026-07-09T00:00:00Z,24.0,22.25,115.5,prmsl,pressure_msl,mean sea-level pressure,prmsl,Pressure reduced to MSL,meanSea,,instant,Pa,100646.328125,hPa,1006.46328125
gfs,deterministic,2026-07-08T00:00:00Z,2026-07-09T00:00:00Z,24.0,22.0,113.0,prmsl,pressure_msl,mean sea-level pressure,prmsl,Pressure reduced to MSL,meanSea,,instant,Pa,100539.1328125,hPa,1005.391328125
gfs,deterministic,2026-07-08T00:00:00Z,2026-07-09T00:00:00Z,24.0,22.0,113.25,prmsl,pressure_msl,mean sea-level pressure,prmsl,Pressure reduced to MSL,meanSea,,instant,Pa,100526.734375,hPa,1005.26734375
gfs,deterministic,2026-07-08T00:00:00Z,2026-07-09T00:00:00Z,24.0,22.0,113.5,prmsl,pressure_msl,mean sea-level pressure,prmsl,Pressure reduced to MSL,meanSea,,instant,Pa,100528.328125,hPa,1005.28328125
gfs,deterministic,2026-07-08T00:00:00Z,2026-07-09T00:00:00Z,24.0,22.0,113.75,prmsl,pressure_msl,mean sea-level pressure,prmsl,Pressure reduced to MSL,meanSea,,instant,Pa,100543.9296875,hPa,1005.439296875
gfs,deterministic,2026-07-08T00:00:00Z,2026-07-09T00:00:00Z,24.0,22.0,114.0,prmsl,pressure_msl,mean sea-level pressure,prmsl,Pressure reduced to MSL,meanSea,,instant,Pa,100556.734375,hPa,1005.56734375
gfs,deterministic,2026-07-08T00:00:00Z,2026-07-09T00:00:00Z,24.0,22.0,114.25,prmsl,pressure_msl,mean sea-level pressure,prmsl,Pressure reduced to MSL,meanSea,,instant,Pa,100573.9296875,hPa,1005.739296875
gfs,deterministic,2026-07-08T00:00:00Z,2026-07-09T00:00:00Z,24.0,22.0,114.5,prmsl,pressure_msl,mean sea-level pressure,prmsl,Pressure reduced to MSL,meanSea,,instant,Pa,100587.9296875,hPa,1005.879296875
gfs,deterministic,2026-07-08T00:00:00Z,2026-07-09T00:00:00Z,24.0,22.0,114.75,prmsl,pressure_msl,mean sea-level pressure,prmsl,Pressure reduced to MSL,meanSea,,instant,Pa,100601.9296875,hPa,1006.019296875
gfs,deterministic,2026-07-08T00:00:00Z,2026-07-09T00:00:00Z,24.0,22.0,115.0,prmsl,pressure_msl,mean sea-level pressure,prmsl,Pressure reduced to MSL,meanSea,,instant,Pa,100615.9296875,hPa,1006.159296875
gfs,deterministic,2026-07-08T00:00:00Z,2026-07-09T00:00:00Z,24.0,22.0,115.25,prmsl,pressure_msl,mean sea-level pressure,prmsl,Pressure reduced to MSL,meanSea,,instant,Pa,100627.53125,hPa,1006.2753125
gfs,deterministic,2026-07-08T00:00:00Z,2026-07-09T00:00:00Z,24.0,22.0,115.5,prmsl,pressure_msl,mean sea-level pressure,prmsl,Pressure reduced to MSL,meanSea,,instant,Pa,100639.9296875,hPa,1006.399296875
gfs,deterministic,2026-07-08T00:00:00Z,2026-07-09T00:00:00Z,24.0,21.75,113.0,prmsl,pressure_msl,mean sea-level pressure,prmsl,Pressure reduced to MSL,meanSea,,instant,Pa,100501.53125,hPa,1005.0153125
gfs,deterministic,2026-07-08T00:00:00Z,2026-07-09T00:00:00Z,24.0,21.75,113.25,prmsl,pressure_msl,mean sea-level pressure,prmsl,Pressure reduced to MSL,meanSea,,instant,Pa,100514.328125,hPa,1005.14328125
gfs,deterministic,2026-07-08T00:00:00Z,2026-07-09T00:00:00Z,24.0,21.75,113.5,prmsl,pressure_msl,mean sea-level pressure,prmsl,Pressure reduced to MSL,meanSea,,instant,Pa,100523.1328125,hPa,1005.231328125
gfs,deterministic,2026-07-08T00:00:00Z,2026-07-09T00:00:00Z,24.0,21.75,113.75,prmsl,pressure_msl,mean sea-level pressure,prmsl,Pressure reduced to MSL,meanSea,,instant,Pa,100535.1328125,hPa,1005.351328125
gfs,deterministic,2026-07-08T00:00:00Z,2026-07-09T00:00:00Z,24.0,21.75,114.0,prmsl,pressure_msl,mean sea-level pressure,prmsl,Pressure reduced to MSL,meanSea,,instant,Pa,100547.9296875,hPa,1005.479296875
gfs,deterministic,2026-07-08T00:00:00Z,2026-07-09T00:00:00Z,24.0,21.75,114.25,prmsl,pressure_msl,mean sea-level pressure,prmsl,Pressure reduced to MSL,meanSea,,instant,Pa,100565.1328125,hPa,1005.651328125
gfs,deterministic,2026-07-08T00:00:00Z,2026-07-09T00:00:00Z,24.0,21.75,114.5,prmsl,pressure_msl,mean sea-level pressure,prmsl,Pressure reduced to MSL,meanSea,,instant,Pa,100585.1328125,hPa,1005.851328125
gfs,deterministic,2026-07-08T00:00:00Z,2026-07-09T00:00:00Z,24.0,21.75,114.75,prmsl,pressure_msl,mean sea-level pressure,prmsl,Pressure reduced to MSL,meanSea,,instant,Pa,100599.53125,hPa,1005.9953125
gfs,deterministic,2026-07-08T00:00:00Z,2026-07-09T00:00:00Z,24.0,21.75,115.0,prmsl,pressure_msl,mean sea-level pressure,prmsl,Pressure reduced to MSL,meanSea,,instant,Pa,100613.53125,hPa,1006.1353125
gfs,deterministic,2026-07-08T00:00:00Z,2026-07-09T00:00:00Z,24.0,21.75,115.25,prmsl,pressure_msl,mean sea-level pressure,prmsl,Pressure reduced to MSL,meanSea,,instant,Pa,100619.9296875,hPa,1006.199296875
gfs,deterministic,2026-07-08T00:00:00Z,2026-07-09T00:00:00Z,24.0,21.75,115.5,prmsl,pressure_msl,mean sea-level pressure,prmsl,Pressure reduced to MSL,meanSea,,instant,Pa,100635.9296875,hPa,1006.359296875
gfs,deterministic,2026-07-08T00:00:00Z,2026-07-09T00:00:00Z,24.0,21.5,113.0,prmsl,pressure_msl,mean sea-level pressure,prmsl,Pressure reduced to MSL,meanSea,,instant,Pa,100488.734375,hPa,1004.88734375
gfs,deterministic,2026-07-08T00:00:00Z,2026-07-09T00:00:00Z,24.0,21.5,113.25,prmsl,pressure_msl,mean sea-level pressure,prmsl,Pressure reduced to MSL,meanSea,,instant,Pa,100502.328125,hPa,1005.02328125
gfs,deterministic,2026-07-08T00:00:00Z,2026-07-09T00:00:00Z,24.0,21.5,113.5,prmsl,pressure_msl,mean sea-level pressure,prmsl,Pressure reduced to MSL,meanSea,,instant,Pa,100512.328125,hPa,1005.12328125
gfs,deterministic,2026-07-08T00:00:00Z,2026-07-09T00:00:00Z,24.0,21.5,113.75,prmsl,pressure_msl,mean sea-level pressure,prmsl,Pressure reduced to MSL,meanSea,,instant,Pa,100529.1328125,hPa,1005.291328125
gfs,deterministic,2026-07-08T00:00:00Z,2026-07-09T00:00:00Z,24.0,21.5,114.0,prmsl,pressure_msl,mean sea-level pressure,prmsl,Pressure reduced to MSL,meanSea,,instant,Pa,100545.53125,hPa,1005.4553125
gfs,deterministic,2026-07-08T00:00:00Z,2026-07-09T00:00:00Z,24.0,21.5,114.25,prmsl,pressure_msl,mean sea-level pressure,prmsl,Pressure reduced to MSL,meanSea,,instant,Pa,100560.734375,hPa,1005.60734375
gfs,deterministic,2026-07-08T00:00:00Z,2026-07-09T00:00:00Z,24.0,21.5,114.5,prmsl,pressure_msl,mean sea-level pressure,prmsl,Pressure reduced to MSL,meanSea,,instant,Pa,100588.734375,hPa,1005.88734375
gfs,deterministic,2026-07-08T00:00:00Z,2026-07-09T00:00:00Z,24.0,21.5,114.75,prmsl,pressure_msl,mean sea-level pressure,prmsl,Pressure reduced to MSL,meanSea,,instant,Pa,100601.9296875,hPa,1006.019296875
gfs,deterministic,2026-07-08T00:00:00Z,2026-07-09T00:00:00Z,24.0,21.5,115.0,prmsl,pressure_msl,mean sea-level pressure,prmsl,Pressure reduced to MSL,meanSea,,instant,Pa,100610.734375,hPa,1006.10734375
gfs,deterministic,2026-07-08T00:00:00Z,2026-07-09T00:00:00Z,24.0,21.5,115.25,prmsl,pressure_msl,mean sea-level pressure,prmsl,Pressure reduced to MSL,meanSea,,instant,Pa,100618.328125,hPa,1006.18328125
gfs,deterministic,2026-07-08T00:00:00Z,2026-07-09T00:00:00Z,24.0,21.5,115.5,prmsl,pressure_msl,mean sea-level pressure,prmsl,Pressure reduced to MSL,meanSea,,instant,Pa,100635.9296875,hPa,1006.359296875
