{
  "test": {
    "bias": 0.2858136993951721,
    "corr": 0.9904489104894314,
    "mae": 1.854253809007504,
    "maxAE": 8.931683011080402,
    "medianAE": 1.449444967602762,
    "n": 332,
    "rmse": 2.4016133038856196
  },
  "train": {
    "bias": 8.492423902813464e-11,
    "corr": 0.9987174386140524,
    "mae": 0.629837287329455,
    "maxAE": 6.840052252848363,
    "medianAE": 0.5045383452756624,
    "n": 1224,
    "rmse": 0.8386393024799468
  },
  "validation": {
    "bias": -0.25252944602319316,
    "corr": 0.992055771454653,
    "mae": 1.9154333747983223,
    "maxAE": 8.094497647750934,
    "medianAE": 1.4611276892175837,
    "n": 214,
    "rmse": 2.511847542864507
  }
}