source,item_id,issue_day_utc,cycle_hour,lead_hour_requested,issued_at_utc,valid_at_utc_expected,availability_proxy_utc,availability_proxy_method,http_last_modified_utc,raw_path,raw_bytes,raw_sha256,station_id,station_name,station_latitude,station_longitude,nearest_grid_latitude,nearest_grid_longitude,issued_at_utc_grib,valid_at_utc_grib,tcc_atmosphere_instant,tcc_atmosphere_avg,10u_heightaboveground_instant_m_s_1,10v_heightaboveground_instant_m_s_1,2t_heightaboveground_instant_degc,2d_heightaboveground_instant_degc,tmax_heightaboveground_max_degc,tmin_heightaboveground_min_degc,2r_heightaboveground_instant,prmsl_meansea_instant_hpa,cape_surface_instant_j_kg_1,t_surface_instant_degc,cin_surface_instant_j_kg_1,tp_surface_accum_kg_m_2,gust_surface_instant_m_s_1,sdswrf_surface_avg_w_m_2,normalized_variable_count,normalization_elapsed_seconds,normalization_note
gfs,gfs_20260701_06z_f009,2026-07-01,6,9,2026-07-01T06:00:00Z,2026-07-01T15:00:00Z,2026-07-01T12:00:00Z,issued_at_utc + 6h conservative NOMADS buffer,,raw\gfs\20260701\gfs_20260701_06z_f009.grib2,11050825,644fe4db6eb2ae45001c4531b56e9ab11b215153cf269e9145fb45639947af46,hko:HKO,Hong Kong Observatory,22.301944,114.174167,22.25,114.25,2026-07-01T06:00:00Z,2026-07-01T15:00:00Z,94.4000015258789,39.599998474121094,-7.634299278259277,-1.3339892625808716,28.851525878906273,25.949975585937523,28.997735595703148,28.741479492187523,84.19999694824219,1008.58546875,2354.0,28.903802490234398,-0.361328125,0.0625,11.003142356872559,0.0,16,5.33055739995325,
gfs,gfs_20260701_00z_f039,2026-07-01,0,39,2026-07-01T00:00:00Z,2026-07-02T15:00:00Z,2026-07-01T06:00:00Z,issued_at_utc + 6h conservative NOMADS buffer,,raw\gfs\20260701\gfs_20260701_00z_f039.grib2,11386736,c07fd04e7602005015e5f94ea9d2527bc36da81978e328ce76a04cb18e5d0d82,hko:HKO,Hong Kong Observatory,22.301944,114.174167,22.25,114.25,2026-07-01T00:00:00Z,2026-07-02T15:00:00Z,100.0,100.0,-4.783515453338623,0.22338378429412842,28.557855224609398,25.253930664062523,28.892785644531273,28.207849121093773,82.0999984741211,1010.8328125,1601.0,28.921899414062523,-1.800537109375,1.1875,6.9236249923706055,0.0,16,5.358490299957339,
gfs,gfs_20260701_06z_f036,2026-07-01,6,36,2026-07-01T06:00:00Z,2026-07-02T18:00:00Z,2026-07-01T12:00:00Z,issued_at_utc + 6h conservative NOMADS buffer,,raw\gfs\20260701\gfs_20260701_06z_f036.grib2,11586939,31e4a123e8f2b303cac2246c4a898e78552a0854dac4e3d859c31a6c76641357,hko:HKO,Hong Kong Observatory,22.301944,114.174167,22.25,114.25,2026-07-01T06:00:00Z,2026-07-02T18:00:00Z,80.0,100.0,-4.927666187286377,0.5244189500808716,28.355798339843773,24.751916503906273,28.905511474609398,27.846368408203148,80.5999984741211,1009.42390625,1255.0,28.659051513671898,-3.2498779296875,3.75,6.8158040046691895,0.0,16,5.397296400042251,
gfs,gfs_20260701_06z_f024,2026-07-01,6,24,2026-07-01T06:00:00Z,2026-07-02T06:00:00Z,2026-07-01T12:00:00Z,issued_at_utc + 6h conservative NOMADS buffer,,raw\gfs\20260701\gfs_20260701_06z_f024.grib2,11452814,ce43282b57375ff33e48254a1f883ea831980c5f25159f3a0e08ada6ab127cf3,hko:HKO,Hong Kong Observatory,22.301944,114.174167,22.25,114.25,2026-07-01T06:00:00Z,2026-07-02T06:00:00Z,7.800000190734863,19.0,-6.880556583404541,-0.41481444239616394,29.956597900390648,25.149987792968773,30.036889648437523,28.612115478515648,75.30000305175781,1008.103046875,1793.0,32.8109069824219,0.27734375,0.875,8.101862907409668,820.8159790039062,16,5.468276700004935,
gfs,gfs_20260701_00z_f042,2026-07-01,0,42,2026-07-01T00:00:00Z,2026-07-02T18:00:00Z,2026-07-01T06:00:00Z,issued_at_utc + 6h conservative NOMADS buffer,,raw\gfs\20260701\gfs_20260701_00z_f042.grib2,11637169,efeb31beac7e4830ec137eb843bf10c565f71825ce32b72e183cfc40ae9a4102,hko:HKO,Hong Kong Observatory,22.301944,114.174167,22.25,114.25,2026-07-01T00:00:00Z,2026-07-02T18:00:00Z,42.79999923706055,99.80000305175781,-4.657050609588623,-0.16477783024311066,28.153466796875023,24.850000000000023,28.892785644531273,27.949243164062523,82.0999984741211,1009.307578125,1237.0,28.461633300781273,-1.7176513671875,2.125,6.405271530151367,0.0,16,3.6367228999733925,
gfs,gfs_20260701_06z_f042,2026-07-01,6,42,2026-07-01T06:00:00Z,2026-07-03T00:00:00Z,2026-07-01T12:00:00Z,issued_at_utc + 6h conservative NOMADS buffer,,raw\gfs\20260701\gfs_20260701_06z_f042.grib2,11567389,04818b38e094b58f44bb1f58067fd6bc32aa3f6e722a072d2399b4ec415c5bf0,hko:HKO,Hong Kong Observatory,22.301944,114.174167,22.25,114.25,2026-07-01T06:00:00Z,2026-07-03T00:00:00Z,31.899999618530273,53.900001525878906,-7.788107872009277,-0.8172900676727295,28.249993896484398,24.549981689453148,28.700006103515648,27.652246093750023,80.69999694824219,1009.313125,986.0,29.350000000000023,-0.15673828125,1.75,9.200512886047363,66.91200256347656,16,3.603572799998801,
gfs,gfs_20260701_00z_f018,2026-07-01,0,18,2026-07-01T00:00:00Z,2026-07-01T18:00:00Z,2026-07-01T06:00:00Z,issued_at_utc + 6h conservative NOMADS buffer,,raw\gfs\20260701\gfs_20260701_00z_f018.grib2,11351524,cad34eea88d7adb21c252cb8875322ce9bb3e79a27ce3d14e07bed1466123301,hko:HKO,Hong Kong Observatory,22.301944,114.174167,22.25,114.25,2026-07-01T00:00:00Z,2026-07-01T18:00:00Z,100.0,85.69999694824219,-7.717416763305664,-0.8175024390220642,28.476983642578148,26.049981689453148,28.868463134765648,28.350000000000023,86.9000015258789,1007.5165625,2478.0,28.487878417968773,0.0574951171875,0.8125,10.229142189025879,0.0,16,3.642577100021299,
gfs,gfs_20260701_00z_f003,2026-07-01,0,3,2026-07-01T00:00:00Z,2026-07-01T03:00:00Z,2026-07-01T06:00:00Z,issued_at_utc + 6h conservative NOMADS buffer,,raw\gfs\20260701\gfs_20260701_00z_f003.grib2,10981558,ac1a1fd46a5d68cb3342ee7849d0db0ca88fec0be5160b8b934cafad45e76286,hko:HKO,Hong Kong Observatory,22.301944,114.174167,22.25,114.25,2026-07-01T00:00:00Z,2026-07-01T03:00:00Z,100.0,100.0,-6.533105373382568,-1.5687377452850342,29.168634033203148,24.900262451171898,29.284020996093773,28.530999755859398,77.69999694824219,1008.86625,1372.0,31.564202880859398,0.45947265625,0.125,6.635409832000732,622.9439697265625,16,3.6520280000404455,
gfs,gfs_20260701_12z_f000,2026-07-01,12,0,2026-07-01T12:00:00Z,2026-07-01T12:00:00Z,2026-07-01T18:00:00Z,issued_at_utc + 6h conservative NOMADS buffer,,raw\gfs\20260701\gfs_20260701_12z_f000.grib2,7613127,4a83b1f0d1c2a0c10e985753f44debde0550ec47aea76cbe83da955a7a9419ca,,,,,,,,,,,,,,,,,,,,,,,,,0,0.00013669999316334724,Skipped f000 analysis/initialization lead; fetched and cataloged but not decoded for forward T-24 features.
gfs,gfs_20260701_00z_f033,2026-07-01,0,33,2026-07-01T00:00:00Z,2026-07-02T09:00:00Z,2026-07-01T06:00:00Z,issued_at_utc + 6h conservative NOMADS buffer,,raw\gfs\20260701\gfs_20260701_00z_f033.grib2,11301010,ab9071699429fc6496d9ce6c406bbb066ec7d6e2f7b359207fe34275824142e3,hko:HKO,Hong Kong Observatory,22.301944,114.174167,22.25,114.25,2026-07-01T00:00:00Z,2026-07-02T09:00:00Z,100.0,100.0,-6.289116382598877,0.5757544040679932,29.670251464843773,25.415032958984398,30.105249023437523,29.459832763671898,77.80000305175781,1007.377265625,1828.0,31.050012207031273,-0.4381103515625,0.0,7.8122029304504395,586.97998046875,16,3.28860229998827,
gfs,gfs_20260701_00z_f024,2026-07-01,0,24,2026-07-01T00:00:00Z,2026-07-02T00:00:00Z,2026-07-01T06:00:00Z,issued_at_utc + 6h conservative NOMADS buffer,,raw\gfs\20260701\gfs_20260701_00z_f024.grib2,11325022,18fa53ab76a010e35e3e71992f09e389ad7fe5318de11e00f1054df15e5f6728,hko:HKO,Hong Kong Observatory,22.301944,114.174167,22.25,114.25,2026-07-01T00:00:00Z,2026-07-02T00:00:00Z,99.69999694824219,100.0,-4.128405570983887,0.007785644382238388,28.769647216796898,25.367120361328148,28.944940185546898,27.850854492187523,81.19999694824219,1008.942734375,1901.0,29.806359863281273,-0.17919921875,3.1875,5.410833835601807,63.02399826049805,16,3.342377100023441,
gfs,gfs_20260701_06z_f033,2026-07-01,6,33,2026-07-01T06:00:00Z,2026-07-02T15:00:00Z,2026-07-01T12:00:00Z,issued_at_utc + 6h conservative NOMADS buffer,,raw\gfs\20260701\gfs_20260701_06z_f033.grib2,11339381,34ae5ef857a4facfff7d4c1cbad478b4adf022c9abd2ade29b2c82748f5025b1,hko:HKO,Hong Kong Observatory,22.301944,114.174167,22.25,114.25,2026-07-01T06:00:00Z,2026-07-02T15:00:00Z,100.0,100.0,-4.901957988739014,0.9555639624595642,28.550012207031273,25.148034667968773,28.890802001953148,28.450006103515648,81.9000015258789,1010.86265625,1642.0,29.018670654296898,-1.4947509765625,2.0625,7.316250324249268,0.0,16,3.3341491000028327,
gfs,gfs_20260701_06z_f018,2026-07-01,6,18,2026-07-01T06:00:00Z,2026-07-02T00:00:00Z,2026-07-01T12:00:00Z,issued_at_utc + 6h conservative NOMADS buffer,,raw\gfs\20260701\gfs_20260701_06z_f018.grib2,11278302,ff50a95db77e20854e3be678c3a0b98fd0396ffb53d94fdb943a528d13acf029,hko:HKO,Hong Kong Observatory,22.301944,114.174167,22.25,114.25,2026-07-01T06:00:00Z,2026-07-02T00:00:00Z,10.800000190734863,90.0999984741211,-5.922497749328613,-0.8746582269668579,28.812127685546898,25.570764160156273,28.850854492187523,27.950830078125023,82.5999984741211,1008.95984375,2104.0,29.598168945312523,-0.451904296875,1.1875,7.217660903930664,63.72800064086914,16,3.390305200009607,
gfs,gfs_20260701_00z_f012,2026-07-01,0,12,2026-07-01T00:00:00Z,2026-07-01T12:00:00Z,2026-07-01T06:00:00Z,issued_at_utc + 6h conservative NOMADS buffer,,raw\gfs\20260701\gfs_20260701_00z_f012.grib2,11286676,038e41b4548521b3161ce5295287b042ee6cc1c5ad4432d2012fc0fda2bdf5f9,hko:HKO,Hong Kong Observatory,22.301944,114.174167,22.25,114.25,2026-07-01T00:00:00Z,2026-07-01T12:00:00Z,35.79999923706055,93.9000015258789,-6.615955829620361,-1.7934961318969727,28.710534667968773,26.350000000000023,29.706170654296898,28.500268554687523,87.5999984741211,1007.161875,2630.0,29.118463134765648,-0.26025390625,0.125,9.300000190734863,341.0719909667969,16,3.409282599983271,
gfs,gfs_20260701_00z_f006,2026-07-01,0,6,2026-07-01T00:00:00Z,2026-07-01T06:00:00Z,2026-07-01T06:00:00Z,issued_at_utc + 6h conservative NOMADS buffer,,raw\gfs\20260701\gfs_20260701_00z_f006.grib2,11203176,e617a07e56d0dd3a3a843a61eca48b969f03d2265562cd7a357e9cd1ec88ff0e,hko:HKO,Hong Kong Observatory,22.301944,114.174167,22.25,114.25,2026-07-01T00:00:00Z,2026-07-01T06:00:00Z,100.0,100.0,-6.346601486206055,-0.3384082019329071,29.597711181640648,25.550012207031273,29.584039306640648,28.571008300781273,79.4000015258789,1007.514140625,2140.0,32.35906372070315,-0.356689453125,0.25,7.000964164733887,757.1199951171875,16,3.4202281999750994,
gfs,gfs_20260701_06z_f039,2026-07-01,6,39,2026-07-01T06:00:00Z,2026-07-02T21:00:00Z,2026-07-01T12:00:00Z,issued_at_utc + 6h conservative NOMADS buffer,,raw\gfs\20260701\gfs_20260701_06z_f039.grib2,11398584,0de3a3e78690f94c4fdf008af793194ca12fee08a662d28a342a4e1d0fdb505c,hko:HKO,Hong Kong Observatory,22.301944,114.174167,22.25,114.25,2026-07-01T06:00:00Z,2026-07-02T21:00:00Z,68.4000015258789,59.900001525878906,-6.167485237121582,-0.5990966558456421,28.249993896484398,24.449975585937523,28.451318359375023,27.752587890625023,80.0999984741211,1008.47421875,980.0,28.249993896484398,-0.7076416015625,1.125,7.700146675109863,0.0,16,3.360685400024522,
gfs,gfs_20260701_00z_f036,2026-07-01,0,36,2026-07-01T00:00:00Z,2026-07-02T12:00:00Z,2026-07-01T06:00:00Z,issued_at_utc + 6h conservative NOMADS buffer,,raw\gfs\20260701\gfs_20260701_00z_f036.grib2,11528185,e0a9412fc7cdad034e0c601b1f315cd0beb6b47df594916175aaca34d2580509,hko:HKO,Hong Kong Observatory,22.301944,114.174167,22.25,114.25,2026-07-01T00:00:00Z,2026-07-02T12:00:00Z,100.0,100.0,-5.224101543426514,-0.13330078125,28.906182861328148,25.249993896484398,30.131066894531273,28.859826660156273,80.69999694824219,1008.918515625,1613.0,29.307092285156273,-1.6363525390625,0.3125,7.418224811553955,340.82000732421875,16,3.3529417000245303,
gfs,gfs_20260701_06z_f030,2026-07-01,6,30,2026-07-01T06:00:00Z,2026-07-02T12:00:00Z,2026-07-01T12:00:00Z,issued_at_utc + 6h conservative NOMADS buffer,,raw\gfs\20260701\gfs_20260701_06z_f030.grib2,11498626,0457ebac09433bf488fe3c05e904e6ea18e3c91f5e7e39369849c933caa26918,hko:HKO,Hong Kong Observatory,22.301944,114.174167,22.25,114.25,2026-07-01T06:00:00Z,2026-07-02T12:00:00Z,100.0,41.599998474121094,-5.230932712554932,1.0856860876083374,28.707482910156273,25.450006103515648,30.111291503906273,28.604272460937523,82.9000015258789,1009.107578125,1929.0,29.464135742187523,-0.8189697265625,1.25,7.644256591796875,399.20001220703125,16,3.3379090999951586,
gfs,gfs_20260701_06z_f003,2026-07-01,6,3,2026-07-01T06:00:00Z,2026-07-01T09:00:00Z,2026-07-01T12:00:00Z,issued_at_utc + 6h conservative NOMADS buffer,,raw\gfs\20260701\gfs_20260701_06z_f003.grib2,10958959,fb928e6f05c49613190bbb242ea52705884cffecbf41bc60714267d29b562bae,hko:HKO,Hong Kong Observatory,22.301944,114.174167,22.25,114.25,2026-07-01T06:00:00Z,2026-07-01T09:00:00Z,37.70000076293945,99.80000305175781,-5.795395374298096,-1.537839412689209,29.522637939453148,25.549981689453148,29.714685058593773,29.329522705078148,79.5,1006.391328125,2069.0,31.085778808593773,-0.1131591796875,0.125,7.1014628410339355,609.3800048828125,16,3.3028991000028327,
gfs,gfs_20260701_00z_f015,2026-07-01,0,15,2026-07-01T00:00:00Z,2026-07-01T15:00:00Z,2026-07-01T06:00:00Z,issued_at_utc + 6h conservative NOMADS buffer,,raw\gfs\20260701\gfs_20260701_00z_f015.grib2,11106383,b7dfb430a166ec264039b515607bdff1f84c9976317a1f341e101371a7a5e7e9,hko:HKO,Hong Kong Observatory,22.301944,114.174167,22.25,114.25,2026-07-01T00:00:00Z,2026-07-01T15:00:00Z,100.0,71.4000015258789,-7.362531661987305,-1.2282861471176147,28.820733642578148,26.347467041015648,28.905847167968773,28.649987792968773,85.9000015258789,1008.443203125,2579.0,28.852563476562523,-0.44091796875,0.125,10.900813102722168,0.0,16,3.396706300030928,
gfs,gfs_20260701_06z_f027,2026-07-01,6,27,2026-07-01T06:00:00Z,2026-07-02T09:00:00Z,2026-07-01T12:00:00Z,issued_at_utc + 6h conservative NOMADS buffer,,raw\gfs\20260701\gfs_20260701_06z_f027.grib2,11283913,8754ae7656744ca5eb8fcfbe68e8374648d36a769bc8b95818be6c49a8dd062c,hko:HKO,Hong Kong Observatory,22.301944,114.174167,22.25,114.25,2026-07-01T06:00:00Z,2026-07-02T09:00:00Z,71.4000015258789,19.5,-6.85458517074585,-0.11734375357627869,29.682458496093773,25.504907226562523,30.104241943359398,29.604272460937523,78.4000015258789,1007.390234375,2046.0,31.308496093750023,-0.725830078125,0.0625,8.323792457580566,677.1799926757812,16,3.3572241999791004,
gfs,gfs_20260701_06z_f021,2026-07-01,6,21,2026-07-01T06:00:00Z,2026-07-02T03:00:00Z,2026-07-01T12:00:00Z,issued_at_utc + 6h conservative NOMADS buffer,,raw\gfs\20260701\gfs_20260701_06z_f021.grib2,11224606,b97459d3b5802e16851479ff022884e62f66821155199de8dcaf276e0f5bcb2f,hko:HKO,Hong Kong Observatory,22.301944,114.174167,22.25,114.25,2026-07-01T06:00:00Z,2026-07-02T03:00:00Z,5.0,13.600000381469727,-6.596642971038818,-1.157712459564209,29.495965576171898,25.249963378906273,29.670739746093773,28.612115478515648,78.0,1009.278046875,1851.0,32.06963500976565,-0.956787109375,0.875,7.619129657745361,692.1920166015625,16,3.739914499979932,
gfs,gfs_20260701_12z_f012,2026-07-01,12,12,2026-07-01T12:00:00Z,2026-07-02T00:00:00Z,2026-07-01T18:00:00Z,issued_at_utc + 6h conservative NOMADS buffer,,raw\gfs\20260701\gfs_20260701_12z_f012.grib2,11267084,5e82e9a782d90c867493f62fb269e403e603f7cac04a893993067b7ba038edb2,hko:HKO,Hong Kong Observatory,22.301944,114.174167,22.25,114.25,2026-07-01T12:00:00Z,2026-07-02T00:00:00Z,72.0,82.5,-6.529242992401123,-0.44108641147613525,28.953393554687523,25.633721923828148,28.940698242187523,27.999566650390648,82.30000305175781,1008.95453125,2200.0,29.677423095703148,-0.8685302734375,1.375,8.10909366607666,65.39199829101562,16,3.7449364999774843,
gfs,gfs_20260701_06z_f000,2026-07-01,6,0,2026-07-01T06:00:00Z,2026-07-01T06:00:00Z,2026-07-01T12:00:00Z,issued_at_utc + 6h conservative NOMADS buffer,,raw\gfs\20260701\gfs_20260701_06z_f000.grib2,7580054,98689e15b3a921f7f4b00b400d42a92641f5361462f55a3d7a2af0c0032cbbb2,,,,,,,,,,,,,,,,,,,,,,,,,0,0.00010810000821948051,Skipped f000 analysis/initialization lead; fetched and cataloged but not decoded for forward T-24 features.
gfs,gfs_20260701_00z_f027,2026-07-01,0,27,2026-07-01T00:00:00Z,2026-07-02T03:00:00Z,2026-07-01T06:00:00Z,issued_at_utc + 6h conservative NOMADS buffer,,raw\gfs\20260701\gfs_20260701_00z_f027.grib2,11248522,35e5bfcd193a18e15c697457214b6d9fb5bc650981016dafc9539873efa9cf8a,hko:HKO,Hong Kong Observatory,22.301944,114.174167,22.25,114.25,2026-07-01T00:00:00Z,2026-07-02T03:00:00Z,100.0,100.0,-4.508418083190918,0.24262450635433197,29.600305175781273,24.908410644531273,29.730310058593773,28.702111816406273,75.69999694824219,1009.23578125,1531.0,32.25982055664065,-0.2718505859375,1.0625,5.315448760986328,646.3040161132812,16,3.786268099967856,
gfs,gfs_20260701_06z_f015,2026-07-01,6,15,2026-07-01T06:00:00Z,2026-07-01T21:00:00Z,2026-07-01T12:00:00Z,issued_at_utc + 6h conservative NOMADS buffer,,raw\gfs\20260701\gfs_20260701_06z_f015.grib2,11079668,f69616f03bee1b7a8fd2a6d52c5393deaf710cb551bfdf821669671ea2832f87,hko:HKO,Hong Kong Observatory,22.301944,114.174167,22.25,114.25,2026-07-01T06:00:00Z,2026-07-01T21:00:00Z,87.69999694824219,94.4000015258789,-7.423447132110596,-1.473874568939209,28.133752441406273,25.649987792968773,28.299584960937523,28.049981689453148,86.19999694824219,1007.60578125,2035.0,28.362542724609398,-0.3629150390625,0.5625,9.117624282836914,0.0,16,3.79570880002575,
gfs,gfs_20260701_00z_f045,2026-07-01,0,45,2026-07-01T00:00:00Z,2026-07-02T21:00:00Z,2026-07-01T06:00:00Z,issued_at_utc + 6h conservative NOMADS buffer,,raw\gfs\20260701\gfs_20260701_00z_f045.grib2,11423257,10e416f2e8f5d35716a96a98ba6ec68e43fd0888ddf1765034821a990a3d395b,hko:HKO,Hong Kong Observatory,22.301944,114.174167,22.25,114.25,2026-07-01T00:00:00Z,2026-07-02T21:00:00Z,7.800000190734863,22.5,-5.4609375,-1.017055630683899,28.063104248046898,24.150018310546898,28.250268554687523,27.952233886718773,79.4000015258789,1008.173984375,742.0,28.154046630859398,0.09228515625,0.25,7.016772270202637,0.0,16,4.3284350000321865,
gfs,gfs_20260701_00z_f048,2026-07-01,0,48,2026-07-01T00:00:00Z,2026-07-03T00:00:00Z,2026-07-01T06:00:00Z,issued_at_utc + 6h conservative NOMADS buffer,,raw\gfs\20260701\gfs_20260701_00z_f048.grib2,11596108,1550d810399be3dd26dcba4f53498d0536c751800e8b16a9b76a9e15c3a6cc08,hko:HKO,Hong Kong Observatory,22.301944,114.174167,22.25,114.25,2026-07-01T00:00:00Z,2026-07-03T00:00:00Z,29.600000381469727,28.600000381469727,-7.853940486907959,-1.2616162300109863,28.408776855468773,24.564691162109398,28.605187988281273,27.851281738281273,79.4000015258789,1008.938515625,1004.0,29.462152099609398,-0.1895751953125,0.625,9.418950080871582,67.21600341796875,16,4.2808954999782145,
gfs,gfs_20260701_06z_f045,2026-07-01,6,45,2026-07-01T06:00:00Z,2026-07-03T03:00:00Z,2026-07-01T12:00:00Z,issued_at_utc + 6h conservative NOMADS buffer,,raw\gfs\20260701\gfs_20260701_06z_f045.grib2,11358337,76ee8b5a9fe1b94a49ef3168373260904aa8cbb9a09f105e5a85f914a0bd7970,hko:HKO,Hong Kong Observatory,22.301944,114.174167,22.25,114.25,2026-07-01T06:00:00Z,2026-07-03T03:00:00Z,30.600000381469727,44.599998474121094,-8.966045379638672,-2.1553003787994385,28.864709472656273,24.950006103515648,28.808801269531273,28.194085693359398,79.80000305175781,1009.327734375,1340.0,30.918542480468773,-0.016357421875,0.875,10.209223747253418,683.4080200195312,16,4.332315800013021,
gfs,gfs_20260701_00z_f021,2026-07-01,0,21,2026-07-01T00:00:00Z,2026-07-01T21:00:00Z,2026-07-01T06:00:00Z,issued_at_utc + 6h conservative NOMADS buffer,,raw\gfs\20260701\gfs_20260701_00z_f021.grib2,11129565,edd2cbc50bcdd8971c980944c1a79b96c72e9f9e6946917580ba3c68caaa415a,hko:HKO,Hong Kong Observatory,22.301944,114.174167,22.25,114.25,2026-07-01T00:00:00Z,2026-07-01T21:00:00Z,100.0,100.0,-6.413293361663818,0.4807495176792145,28.182458496093773,25.450006103515648,28.516656494140648,28.050012207031273,85.30000305175781,1007.337109375,1786.0,28.223718261718773,-0.265380859375,1.3125,8.200018882751465,0.0,16,4.189213900011964,
gfs,gfs_20260701_06z_f012,2026-07-01,6,12,2026-07-01T06:00:00Z,2026-07-01T18:00:00Z,2026-07-01T12:00:00Z,issued_at_utc + 6h conservative NOMADS buffer,,raw\gfs\20260701\gfs_20260701_06z_f012.grib2,11293420,dc1b9a50e8ae7da09a8a82d8ad569d2289466e677f2195927e466abf68cb5f09,hko:HKO,Hong Kong Observatory,22.301944,114.174167,22.25,114.25,2026-07-01T06:00:00Z,2026-07-01T18:00:00Z,91.80000305175781,68.9000015258789,-8.3499116897583,-1.6043994426727295,28.324029541015648,25.850000000000023,28.997735595703148,28.324029541015648,86.5999984741211,1007.609609375,2222.0,28.542382812500023,-0.2041015625,0.25,10.829119682312012,0.0,16,4.346853099996224,
gfs,gfs_20260701_06z_f006,2026-07-01,6,6,2026-07-01T06:00:00Z,2026-07-01T12:00:00Z,2026-07-01T12:00:00Z,issued_at_utc + 6h conservative NOMADS buffer,,raw\gfs\20260701\gfs_20260701_06z_f006.grib2,11229798,b12dba93221e19615cdfcf46a5f7345d52adea696d64700b26ee54e11703ca70,hko:HKO,Hong Kong Observatory,22.301944,114.174167,22.25,114.25,2026-07-01T06:00:00Z,2026-07-01T12:00:00Z,7.699999809265137,73.5999984741211,-6.888833999633789,-1.9314892292022705,28.806176757812523,26.128076171875023,29.676629638671898,28.629510498046898,85.80000305175781,1007.46296875,2492.0,29.218469238281273,0.02294921875,0.1875,9.708611488342285,362.12799072265625,16,4.436165300023276,
gfs,gfs_20260701_12z_f015,2026-07-01,12,15,2026-07-01T12:00:00Z,2026-07-02T03:00:00Z,2026-07-01T18:00:00Z,issued_at_utc + 6h conservative NOMADS buffer,,raw\gfs\20260701\gfs_20260701_12z_f015.grib2,11190401,5c5479387d9aa7cd22756dc16e58789af8f6504b0af3641457ab085732b8a393,hko:HKO,Hong Kong Observatory,22.301944,114.174167,22.25,114.25,2026-07-01T12:00:00Z,2026-07-02T03:00:00Z,5.699999809265137,51.099998474121094,-6.896132946014404,-0.5407128930091858,29.569573974609398,25.254876708984398,29.659753417968773,28.736291503906273,77.4000015258789,1009.276484375,1783.0,32.01339111328127,-0.904052734375,0.625,8.217695236206055,694.239990234375,16,4.608124700025655,
gfs,gfs_20260701_00z_f000,2026-07-01,0,0,2026-07-01T00:00:00Z,2026-07-01T00:00:00Z,2026-07-01T06:00:00Z,issued_at_utc + 6h conservative NOMADS buffer,,raw\gfs\20260701\gfs_20260701_00z_f000.grib2,7627000,6b88ce4af89d603b49c4f51e7ceee9beef6c82dd593a0f804d7a03453d4144fd,,,,,,,,,,,,,,,,,,,,,,,,,0,0.00010200001997873187,Skipped f000 analysis/initialization lead; fetched and cataloged but not decoded for forward T-24 features.
gfs,gfs_20260701_00z_f030,2026-07-01,0,30,2026-07-01T00:00:00Z,2026-07-02T06:00:00Z,2026-07-01T06:00:00Z,issued_at_utc + 6h conservative NOMADS buffer,,raw\gfs\20260701\gfs_20260701_00z_f030.grib2,11465337,fc4a10d2af1ef65a795af79903331a321db1921b13bb47bfcd632824142abfde,hko:HKO,Hong Kong Observatory,22.301944,114.174167,22.25,114.25,2026-07-01T00:00:00Z,2026-07-02T06:00:00Z,100.0,100.0,-6.020556449890137,-0.007473144680261612,29.859826660156273,24.654962158203148,30.041375732421898,28.702111816406273,73.9000015258789,1008.12765625,1377.0,32.46468505859377,-0.14892578125,1.375,7.108752250671387,760.6400146484375,16,4.6722048000083305,
gfs,gfs_20260701_12z_f003,2026-07-01,12,3,2026-07-01T12:00:00Z,2026-07-01T15:00:00Z,2026-07-01T18:00:00Z,issued_at_utc + 6h conservative NOMADS buffer,,raw\gfs\20260701\gfs_20260701_12z_f003.grib2,11000110,3cd73c2559abbde0a94743f1d449d4c68edc9c73648a0c9207a181386e79d0f0,hko:HKO,Hong Kong Observatory,22.301944,114.174167,22.25,114.25,2026-07-01T12:00:00Z,2026-07-01T15:00:00Z,98.4000015258789,65.5,-6.945358753204346,-2.078803777694702,28.972009277343773,25.949975585937523,28.980798339843773,28.771997070312523,83.9000015258789,1008.79765625,2311.0,28.796197509765648,-1.651611328125,0.0625,10.317477226257324,0.0,16,6.609911699953955,
gfs,gfs_20260701_00z_f009,2026-07-01,0,9,2026-07-01T00:00:00Z,2026-07-01T09:00:00Z,2026-07-01T06:00:00Z,issued_at_utc + 6h conservative NOMADS buffer,,raw\gfs\20260701\gfs_20260701_00z_f009.grib2,11051432,7e65ef76fb6ba259fcff570262cb404ce6b13e706a40d90d52478655a6afe3ad,hko:HKO,Hong Kong Observatory,22.301944,114.174167,22.25,114.25,2026-07-01T00:00:00Z,2026-07-01T09:00:00Z,99.19999694824219,100.0,-6.08126974105835,-1.1249072551727295,29.257958984375023,25.749963378906273,29.614678955078148,29.000268554687523,81.19999694824219,1005.975859375,2177.0,30.871484375000023,-0.3931884765625,0.0625,7.501461982727051,582.6599731445312,16,6.600004500010982,
gfs,gfs_20260701_12z_f021,2026-07-01,12,21,2026-07-01T12:00:00Z,2026-07-02T09:00:00Z,2026-07-01T18:00:00Z,issued_at_utc + 6h conservative NOMADS buffer,,raw\gfs\20260701\gfs_20260701_12z_f021.grib2,11258252,ec9f7f3c2456dcb69de4ee72b8df9c447147f83418be16ca6d9ba5811d8c8490,hko:HKO,Hong Kong Observatory,22.301944,114.174167,22.25,114.25,2026-07-01T12:00:00Z,2026-07-02T09:00:00Z,25.5,8.699999809265137,-6.204336166381836,0.3619116246700287,29.669763183593773,25.550012207031273,30.031091308593773,29.489587402343773,78.4000015258789,1007.55578125,2055.0,31.407067871093773,-0.185546875,0.1875,8.031515121459961,678.1799926757812,16,6.262953500030562,
gfs,gfs_20260701_12z_f006,2026-07-01,12,6,2026-07-01T12:00:00Z,2026-07-01T18:00:00Z,2026-07-01T18:00:00Z,issued_at_utc + 6h conservative NOMADS buffer,,raw\gfs\20260701\gfs_20260701_12z_f006.grib2,11272687,eecfd9e12fa41e28a1182d9de0b73d28afa5e5c52f9f646abc46e49ef49b9810,hko:HKO,Hong Kong Observatory,22.301944,114.174167,22.25,114.25,2026-07-01T12:00:00Z,2026-07-01T18:00:00Z,100.0,82.69999694824219,-7.965024471282959,-1.4984009265899658,28.456323242187523,26.052331542968773,28.980798339843773,28.498742675781273,86.5999984741211,1007.7853125,2467.0,28.546105957031273,0.43505859375,0.125,10.405229568481445,0.0,16,6.48605150001822,
gfs,gfs_20260701_12z_f009,2026-07-01,12,9,2026-07-01T12:00:00Z,2026-07-01T21:00:00Z,2026-07-01T18:00:00Z,issued_at_utc + 6h conservative NOMADS buffer,,raw\gfs\20260701\gfs_20260701_12z_f009.grib2,11054777,2d4ffe8d85b7e57069575cd76b948d3833425e03cb0403fe9bf3425e2f96194d,hko:HKO,Hong Kong Observatory,22.301944,114.174167,22.25,114.25,2026-07-01T12:00:00Z,2026-07-01T21:00:00Z,92.5999984741211,92.80000305175781,-7.642324447631836,-1.209719181060791,28.131219482421898,25.682458496093773,28.485650634765648,27.998742675781273,86.30000305175781,1007.5515625,1972.0,28.298913574218773,0.073974609375,0.4375,9.636872291564941,0.0,16,6.190508799976669,
gfs,gfs_20260701_12z_f018,2026-07-01,12,18,2026-07-01T12:00:00Z,2026-07-02T06:00:00Z,2026-07-01T18:00:00Z,issued_at_utc + 6h conservative NOMADS buffer,,raw\gfs\20260701\gfs_20260701_12z_f018.grib2,11426568,60c45d7a091fa2358b6cd89a0c7ed76cf10569d2f48370598bc0b534775b33f0,hko:HKO,Hong Kong Observatory,22.301944,114.174167,22.25,114.25,2026-07-01T12:00:00Z,2026-07-02T06:00:00Z,5.699999809265137,32.099998474121094,-6.613415718078613,0.49483153223991394,29.906365966796898,25.511224365234398,29.853509521484398,28.736291503906273,77.80000305175781,1008.410234375,2160.0,32.80706176757815,0.3402099609375,0.75,8.02574634552002,825.072021484375,16,6.673515799979214,
gfs,gfs_20260701_18z_f000,2026-07-01,18,0,2026-07-01T18:00:00Z,2026-07-01T18:00:00Z,2026-07-02T00:00:00Z,issued_at_utc + 6h conservative NOMADS buffer,,raw\gfs\20260701\gfs_20260701_18z_f000.grib2,7602149,554577cb5f20dfb33b15fc93cb225bbacf38efef62c3c721df36cfc0a09f2993,,,,,,,,,,,,,,,,,,,,,,,,,0,0.0001023999648168683,Skipped f000 analysis/initialization lead; fetched and cataloged but not decoded for forward T-24 features.
gfs,gfs_20260701_06z_f048,2026-07-01,6,48,2026-07-01T06:00:00Z,2026-07-03T06:00:00Z,2026-07-01T12:00:00Z,issued_at_utc + 6h conservative NOMADS buffer,,raw\gfs\20260701\gfs_20260701_06z_f048.grib2,11545516,4aa137f1b0135b88c4ce4f6cda23eb60d4ba0e1b820c2078a242861ffb7ccc7f,hko:HKO,Hong Kong Observatory,22.301944,114.174167,22.25,114.25,2026-07-01T06:00:00Z,2026-07-03T06:00:00Z,80.19999694824219,53.70000076293945,-7.747592926025391,-0.2741015553474426,28.653863525390648,25.151269531250023,29.253869628906273,28.194085693359398,81.0999984741211,1008.10734375,1425.0,29.651300048828148,-0.4580078125,1.625,9.2099609375,704.1599731445312,16,6.665974500006996,
gfs,gfs_20260701_18z_f006,2026-07-01,18,6,2026-07-01T18:00:00Z,2026-07-02T00:00:00Z,2026-07-02T00:00:00Z,issued_at_utc + 6h conservative NOMADS buffer,,raw\gfs\20260701\gfs_20260701_18z_f006.grib2,11191226,d2c068ccd899a3020edb84b6a055bf94c5b1a419825be98088fb91f05760f197,hko:HKO,Hong Kong Observatory,22.301944,114.174167,22.25,114.25,2026-07-01T18:00:00Z,2026-07-02T00:00:00Z,96.30000305175781,91.69999694824219,-6.6971116065979,-0.935864269733429,28.818414306640648,25.533715820312523,28.812646484375023,27.799584960937523,82.0999984741211,1009.25328125,2006.0,29.642633056640648,-0.8321533203125,1.75,8.213488578796387,66.16000366210938,16,6.7645114999613725,
gfs,gfs_20260701_12z_f033,2026-07-01,12,33,2026-07-01T12:00:00Z,2026-07-02T21:00:00Z,2026-07-01T18:00:00Z,issued_at_utc + 6h conservative NOMADS buffer,,raw\gfs\20260701\gfs_20260701_12z_f033.grib2,11354691,5860385d904b4a80ed3711bd7f6a8bbb66c3b6bf2233265cd6dffbe4b4620a57,hko:HKO,Hong Kong Observatory,22.301944,114.174167,22.25,114.25,2026-07-01T12:00:00Z,2026-07-02T21:00:00Z,5.800000190734863,48.70000076293945,-5.926225662231445,0.12168945372104645,27.851281738281273,24.451287841796898,28.450006103515648,27.550927734375023,81.30000305175781,1008.873984375,836.0,27.950006103515648,-2.3123779296875,3.125,8.0,0.0,16,7.050349999975879,
gfs,gfs_20260701_18z_f015,2026-07-01,18,15,2026-07-01T18:00:00Z,2026-07-02T09:00:00Z,2026-07-02T00:00:00Z,issued_at_utc + 6h conservative NOMADS buffer,,raw\gfs\20260701\gfs_20260701_18z_f015.grib2,11207562,8b7489785c5f0425f0d70de23d9bcccc87fdd6510a1aefb5af9cdbfb5021a675,hko:HKO,Hong Kong Observatory,22.301944,114.174167,22.25,114.25,2026-07-01T18:00:00Z,2026-07-02T09:00:00Z,23.0,12.199999809265137,-5.983572006225586,0.4086645543575287,29.692346191406273,25.308496093750023,29.976342773437523,29.118981933593773,77.4000015258789,1007.63703125,1786.0,31.407067871093773,-0.402099609375,0.9375,7.936263084411621,678.0800170898438,16,6.959921900008339,
gfs,gfs_20260701_12z_f045,2026-07-01,12,45,2026-07-01T12:00:00Z,2026-07-03T09:00:00Z,2026-07-01T18:00:00Z,issued_at_utc + 6h conservative NOMADS buffer,,raw\gfs\20260701\gfs_20260701_12z_f045.grib2,11386089,84b1d25bc675896d4e164fbf71015b7a0401e1a857ca3c0bef0561e53f995611,hko:HKO,Hong Kong Observatory,22.301944,114.174167,22.25,114.25,2026-07-01T12:00:00Z,2026-07-03T09:00:00Z,62.20000076293945,91.69999694824219,-7.248586654663086,2.5520923137664795,28.446130371093773,24.979394531250023,29.148706054687523,28.449975585937523,81.4000015258789,1007.257890625,1162.0,30.086267089843773,-0.565185546875,3.1875,10.015764236450195,655.5800170898438,16,6.765065399988089,
gfs,gfs_20260701_12z_f024,2026-07-01,12,24,2026-07-01T12:00:00Z,2026-07-02T12:00:00Z,2026-07-01T18:00:00Z,issued_at_utc + 6h conservative NOMADS buffer,,raw\gfs\20260701\gfs_20260701_12z_f024.grib2,11455735,055bccebb1e747f39f79c5a4e4240fde37c520cb7412c0651143091c558acc23,hko:HKO,Hong Kong Observatory,22.301944,114.174167,22.25,114.25,2026-07-01T12:00:00Z,2026-07-02T12:00:00Z,73.0,29.600000381469727,-5.354626655578613,1.118618130683899,28.892785644531273,25.249993896484398,30.061914062500023,28.789575195312523,80.9000015258789,1009.09203125,1633.0,29.465722656250023,-3.4521484375,1.1875,8.317036628723145,400.1400146484375,16,7.397766600013711,
gfs,gfs_20260701_18z_f018,2026-07-01,18,18,2026-07-01T18:00:00Z,2026-07-02T12:00:00Z,2026-07-02T00:00:00Z,issued_at_utc + 6h conservative NOMADS buffer,,raw\gfs\20260701\gfs_20260701_18z_f018.grib2,11435390,aa26fb1037ea3897a86de207a5ee8ce0ba1f920666275403ff27a9ea709fe85f,hko:HKO,Hong Kong Observatory,22.301944,114.174167,22.25,114.25,2026-07-01T18:00:00Z,2026-07-02T12:00:00Z,24.0,28.100000381469727,-5.442756175994873,1.55084228515625,28.963372802734398,25.049981689453148,29.902581787109398,28.618981933593773,79.5,1009.37328125,1481.0,29.421899414062523,-1.9591064453125,1.9375,8.507341384887695,400.2799987792969,16,6.395218299992848,
gfs,gfs_20260701_18z_f030,2026-07-01,18,30,2026-07-01T18:00:00Z,2026-07-03T00:00:00Z,2026-07-02T00:00:00Z,issued_at_utc + 6h conservative NOMADS buffer,,raw\gfs\20260701\gfs_20260701_18z_f030.grib2,11513758,0a28e6141ae85fc617579ba9c136b4a9ddf051ffb015a70f4777c5eb185a5cfc,hko:HKO,Hong Kong Observatory,22.301944,114.174167,22.25,114.25,2026-07-01T18:00:00Z,2026-07-03T00:00:00Z,43.599998474121094,27.0,-8.485090255737305,-1.264550805091858,28.364709472656273,24.664697265625023,28.468103027343773,27.294091796875023,80.5,1009.371171875,1093.0,29.294091796875023,-0.4149169921875,4.0625,10.018431663513184,66.51200103759766,16,6.528383400000166,
gfs,gfs_20260701_12z_f048,2026-07-01,12,48,2026-07-01T12:00:00Z,2026-07-03T12:00:00Z,2026-07-01T18:00:00Z,issued_at_utc + 6h conservative NOMADS buffer,,raw\gfs\20260701\gfs_20260701_12z_f048.grib2,11545805,880e79d77aae4a164b12d654ec3756f5a2247e0fa4218771e709efa8eaecfce7,hko:HKO,Hong Kong Observatory,22.301944,114.174167,22.25,114.25,2026-07-01T12:00:00Z,2026-07-03T12:00:00Z,100.0,93.9000015258789,-6.889387130737305,2.3440356254577637,28.139215087890648,25.378106689453148,29.179406738281273,27.694085693359398,84.5999984741211,1008.08203125,1399.0,28.608483886718773,-0.3348388671875,6.75,10.70694637298584,358.3599853515625,16,6.853819800016936,
gfs,gfs_20260701_12z_f030,2026-07-01,12,30,2026-07-01T12:00:00Z,2026-07-02T18:00:00Z,2026-07-01T18:00:00Z,issued_at_utc + 6h conservative NOMADS buffer,,raw\gfs\20260701\gfs_20260701_12z_f030.grib2,11575736,3f686f89838b94bae51a1d364cb2abd62841486398c61e955ad57b3a2f4f51a8,hko:HKO,Hong Kong Observatory,22.301944,114.174167,22.25,114.25,2026-07-01T12:00:00Z,2026-07-02T18:00:00Z,99.5999984741211,61.20000076293945,-4.607656478881836,0.960192859172821,28.101281738281273,25.002587890625023,29.052575683593773,28.048699951171898,82.9000015258789,1009.745,1409.0,28.467553710937523,-0.9951171875,4.6875,6.800000190734863,0.0,16,7.464991000015289,
gfs,gfs_20260701_18z_f003,2026-07-01,18,3,2026-07-01T18:00:00Z,2026-07-01T21:00:00Z,2026-07-02T00:00:00Z,issued_at_utc + 6h conservative NOMADS buffer,,raw\gfs\20260701\gfs_20260701_18z_f003.grib2,10955834,ed55f5b659284f20878b46df8bf9bb4fc1e47b8e9f82be0f2312b3dcffec467d,hko:HKO,Hong Kong Observatory,22.301944,114.174167,22.25,114.25,2026-07-01T18:00:00Z,2026-07-01T21:00:00Z,44.70000076293945,96.69999694824219,-7.521003246307373,-0.7422168254852295,27.956323242187523,25.449975585937523,28.447595214843773,27.891625976562523,86.5,1007.85328125,1873.0,28.215539550781273,0.441162109375,0.5,9.509567260742188,0.0,16,8.358324700035155,
gfs,gfs_20260701_12z_f042,2026-07-01,12,42,2026-07-01T12:00:00Z,2026-07-03T06:00:00Z,2026-07-01T18:00:00Z,issued_at_utc + 6h conservative NOMADS buffer,,raw\gfs\20260701\gfs_20260701_12z_f042.grib2,11544812,174e660622766c797216d6a6a55ac2337bc947f642116c07f134f565cb9907d1,hko:HKO,Hong Kong Observatory,22.301944,114.174167,22.25,114.25,2026-07-01T12:00:00Z,2026-07-03T06:00:00Z,82.30000305175781,40.20000076293945,-7.942358493804932,0.3100024461746216,29.053918457031273,25.350000000000023,29.153894042968773,28.279412841796898,80.19999694824219,1008.25,1558.0,31.152581787109398,0.1748046875,2.1875,9.61210823059082,815.8560180664062,16,7.605548000021372,
gfs,gfs_20260701_18z_f024,2026-07-01,18,24,2026-07-01T18:00:00Z,2026-07-02T18:00:00Z,2026-07-02T00:00:00Z,issued_at_utc + 6h conservative NOMADS buffer,,raw\gfs\20260701\gfs_20260701_18z_f024.grib2,11558533,e404639f72d3193fb2d4184e978b84b7cf53eb2d373d9b8133a107957541b21e,hko:HKO,Hong Kong Observatory,22.301944,114.174167,22.25,114.25,2026-07-01T18:00:00Z,2026-07-02T18:00:00Z,4.099999904632568,28.200000762939453,-4.642067909240723,1.0142992734909058,27.893457031250023,24.840570068359398,28.985009765625023,27.670617675781273,83.5999984741211,1009.87890625,1246.0,28.432885742187523,-2.638671875,6.0625,6.92822790145874,0.0,16,7.890295699995477,
gfs,gfs_20260701_18z_f021,2026-07-01,18,21,2026-07-01T18:00:00Z,2026-07-02T15:00:00Z,2026-07-02T00:00:00Z,issued_at_utc + 6h conservative NOMADS buffer,,raw\gfs\20260701\gfs_20260701_18z_f021.grib2,11306840,968b63f620a063056e816aec3d341cabe62fe291bed9ef5e82a0f751d784d377,hko:HKO,Hong Kong Observatory,22.301944,114.174167,22.25,114.25,2026-07-01T18:00:00Z,2026-07-02T15:00:00Z,23.799999237060547,33.20000076293945,-4.271286487579346,1.579164981842041,28.244653320312523,25.249993896484398,29.062738037109398,28.205895996093773,83.80000305175781,1011.311015625,1704.0,28.790490722656273,-2.84912109375,2.3125,6.905123710632324,0.0,16,7.510179500037339,
gfs,gfs_20260701_12z_f027,2026-07-01,12,27,2026-07-01T12:00:00Z,2026-07-02T15:00:00Z,2026-07-01T18:00:00Z,issued_at_utc + 6h conservative NOMADS buffer,,raw\gfs\20260701\gfs_20260701_12z_f027.grib2,11352666,939e9d6f3ad956c15900c7abd6d2e929c7d033d0b63b8fb5ad656ca18fb1f780,hko:HKO,Hong Kong Observatory,22.301944,114.174167,22.25,114.25,2026-07-01T12:00:00Z,2026-07-02T15:00:00Z,58.5,71.9000015258789,-4.705651760101318,1.441381812095642,28.553094482421898,25.450006103515648,29.064691162109398,28.475488281250023,83.19999694824219,1011.042890625,1759.0,28.979425048828148,-2.632568359375,1.9375,7.700293064117432,0.0,16,6.9309224000317045,
gfs,gfs_20260701_18z_f036,2026-07-01,18,36,2026-07-01T18:00:00Z,2026-07-03T06:00:00Z,2026-07-02T00:00:00Z,issued_at_utc + 6h conservative NOMADS buffer,,raw\gfs\20260701\gfs_20260701_18z_f036.grib2,11532912,75c241298244811f494501bb57657c208f1128d246c02e8e5a6138631803b0d4,hko:HKO,Hong Kong Observatory,22.301944,114.174167,22.25,114.25,2026-07-01T18:00:00Z,2026-07-03T06:00:00Z,75.30000305175781,47.20000076293945,-7.923605918884277,-0.26390379667282104,29.249993896484398,25.249993896484398,29.303186035156273,28.149987792968773,79.30000305175781,1008.416015625,1653.0,31.696069335937523,-0.0106201171875,1.5625,9.405013084411621,814.719970703125,16,6.783256600028835,
gfs,gfs_20260701_12z_f039,2026-07-01,12,39,2026-07-01T12:00:00Z,2026-07-03T03:00:00Z,2026-07-01T18:00:00Z,issued_at_utc + 6h conservative NOMADS buffer,,raw\gfs\20260701\gfs_20260701_12z_f039.grib2,11355478,4389b9a4dc8bc65ca2cb0ca24b7a014806dba4485a65e5447aded468146cac5e,hko:HKO,Hong Kong Observatory,22.301944,114.174167,22.25,114.25,2026-07-01T12:00:00Z,2026-07-03T03:00:00Z,30.5,38.400001525878906,-9.147075653076172,-1.2197656631469727,28.653894042968773,24.850000000000023,28.879388427734398,28.279412841796898,80.0,1009.58234375,1149.0,30.450006103515648,0.37646484375,1.1875,10.401141166687012,687.31201171875,16,5.921615100000054,
gfs,gfs_20260701_18z_f033,2026-07-01,18,33,2026-07-01T18:00:00Z,2026-07-03T03:00:00Z,2026-07-02T00:00:00Z,issued_at_utc + 6h conservative NOMADS buffer,,raw\gfs\20260701\gfs_20260701_18z_f033.grib2,11328315,4e550f285c72bdbfde135d3181b84697c0f388e8820550e7d0657562aff20802,hko:HKO,Hong Kong Observatory,22.301944,114.174167,22.25,114.25,2026-07-01T18:00:00Z,2026-07-03T03:00:00Z,20.399999618530273,62.0,-8.50460433959961,-1.6404101848602295,28.946771240234398,25.050012207031273,29.021905517578148,28.249993896484398,79.30000305175781,1009.595,1386.0,31.493798828125023,0.2598876953125,0.125,9.624456405639648,682.1920166015625,16,7.155045199964661,
gfs,gfs_20260701_18z_f009,2026-07-01,18,9,2026-07-01T18:00:00Z,2026-07-02T03:00:00Z,2026-07-02T00:00:00Z,issued_at_utc + 6h conservative NOMADS buffer,,raw\gfs\20260701\gfs_20260701_18z_f009.grib2,11125251,ff7edaa3d870d28db45b395efb7e4c130ef5720f78f72a44141242ff35707b25,hko:HKO,Hong Kong Observatory,22.301944,114.174167,22.25,114.25,2026-07-01T18:00:00Z,2026-07-02T03:00:00Z,3.5999999046325684,69.30000305175781,-7.115932464599609,-1.214047908782959,29.469598388671898,25.350000000000023,29.539300537109398,28.750878906250023,78.5999984741211,1009.34140625,1875.0,31.913385009765648,-0.218994140625,0.4375,8.300000190734863,694.239990234375,16,4.567971500044223,
gfs,gfs_20260701_18z_f012,2026-07-01,18,12,2026-07-01T18:00:00Z,2026-07-02T06:00:00Z,2026-07-02T00:00:00Z,issued_at_utc + 6h conservative NOMADS buffer,,raw\gfs\20260701\gfs_20260701_18z_f012.grib2,11368288,cf643b06cd1dbd71ec2497d03c0d5ca19cf40d8e0f6b10e8fa7bf2d4e2200534,hko:HKO,Hong Kong Observatory,22.301944,114.174167,22.25,114.25,2026-07-01T18:00:00Z,2026-07-02T06:00:00Z,5.599999904632568,37.79999923706055,-7.346958160400391,0.04358154162764549,29.695367431640648,25.641015625000023,29.734124755859398,28.750878906250023,78.69999694824219,1008.40984375,2098.0,32.51339111328127,-0.7265625,0.8125,8.60667896270752,825.135986328125,16,4.7111384000163525,
gfs,gfs_20260701_18z_f027,2026-07-01,18,27,2026-07-01T18:00:00Z,2026-07-02T21:00:00Z,2026-07-02T00:00:00Z,issued_at_utc + 6h conservative NOMADS buffer,,raw\gfs\20260701\gfs_20260701_18z_f027.grib2,11358689,4f981106e4445a482ce1dfd010052e617b56de53e3829fbecc9b188b234f5b11,hko:HKO,Hong Kong Observatory,22.301944,114.174167,22.25,114.25,2026-07-01T18:00:00Z,2026-07-02T21:00:00Z,42.0,7.5,-6.257299900054932,-0.18109619617462158,27.545037841796898,24.464685058593773,28.032250976562523,27.374444580078148,82.9000015258789,1008.925625,803.0,28.050012207031273,-1.513916015625,3.1875,8.314440727233887,0.0,16,5.035869899962563,
gfs,gfs_20260701_12z_f036,2026-07-01,12,36,2026-07-01T12:00:00Z,2026-07-03T00:00:00Z,2026-07-01T18:00:00Z,issued_at_utc + 6h conservative NOMADS buffer,,raw\gfs\20260701\gfs_20260701_12z_f036.grib2,11552744,d91d9c50dba8555e085d848a96a0bede967cc682c865b916ccb5a5b584793fd2,hko:HKO,Hong Kong Observatory,22.301944,114.174167,22.25,114.25,2026-07-01T12:00:00Z,2026-07-03T00:00:00Z,17.200000762939453,36.29999923706055,-8.051189422607422,-0.9055957198143005,28.412866210937523,24.749963378906273,28.647424316406273,27.450006103515648,80.30000305175781,1009.32953125,1070.0,29.094079589843773,0.2359619140625,3.8125,9.917193412780762,66.95999908447266,16,4.880730799981393,
gfs,gfs_20260701_18z_f039,2026-07-01,18,39,2026-07-01T18:00:00Z,2026-07-03T09:00:00Z,2026-07-02T00:00:00Z,issued_at_utc + 6h conservative NOMADS buffer,,raw\gfs\20260701\gfs_20260701_18z_f039.grib2,11348537,62f58dae7faef86eff7947b10d93d62c12710f9d23e331c12ceda7e9fa8d6c1c,hko:HKO,Hong Kong Observatory,22.301944,114.174167,22.25,114.25,2026-07-01T18:00:00Z,2026-07-03T09:00:00Z,9.600000381469727,69.0999984741211,-7.671565055847168,1.2842090129852295,28.950006103515648,25.050012207031273,29.533013916015648,28.950006103515648,79.5,1007.40890625,1319.0,30.566979980468773,-0.0845947265625,0.6875,10.230199813842773,656.2999877929688,16,4.647817399993073,
gfs,gfs_20260702_00z_f000,2026-07-02,0,0,2026-07-02T00:00:00Z,2026-07-02T00:00:00Z,2026-07-02T06:00:00Z,issued_at_utc + 6h conservative NOMADS buffer,,raw\gfs\20260702\gfs_20260702_00z_f000.grib2,7556535,2b39465e15ae7f062de1a0f68094d77c888f490b5bb3a7647ebf7774801c7612,,,,,,,,,,,,,,,,,,,,,,,,,0,9.660003706812859e-05,Skipped f000 analysis/initialization lead; fetched and cataloged but not decoded for forward T-24 features.
gfs,gfs_20260701_18z_f045,2026-07-01,18,45,2026-07-01T18:00:00Z,2026-07-03T15:00:00Z,2026-07-02T00:00:00Z,issued_at_utc + 6h conservative NOMADS buffer,,raw\gfs\20260701\gfs_20260701_18z_f045.grib2,11266863,e6ccce9887dcc6bfee93217603de7da1b41d6c4c62c0c96817017380dabff6b4,hko:HKO,Hong Kong Observatory,22.301944,114.174167,22.25,114.25,2026-07-01T18:00:00Z,2026-07-03T15:00:00Z,86.5,77.5,-7.044145584106445,1.5277197360992432,27.929345703125023,25.108483886718773,28.356713867187523,27.866998291015648,84.80000305175781,1009.19203125,1094.0,28.114709472656273,-3.35595703125,3.9375,10.710919380187988,0.0,16,4.534533700032625,
gfs,gfs_20260701_18z_f042,2026-07-01,18,42,2026-07-01T18:00:00Z,2026-07-03T12:00:00Z,2026-07-02T00:00:00Z,issued_at_utc + 6h conservative NOMADS buffer,,raw\gfs\20260701\gfs_20260701_18z_f042.grib2,11563154,90d20505508f2f1b8a88181893e993bfad9a3f1e850b90b08d64e82648fef262,hko:HKO,Hong Kong Observatory,22.301944,114.174167,22.25,114.25,2026-07-01T18:00:00Z,2026-07-03T12:00:00Z,34.79999923706055,70.80000305175781,-6.804238319396973,1.6936718225479126,28.336938476562523,24.891503906250023,29.533013916015648,28.136926269531273,81.0999984741211,1007.90828125,889.0,28.725488281250023,-2.2537841796875,4.0625,10.323046684265137,387.3599853515625,16,4.454831800016109,
gfs,gfs_20260701_18z_f048,2026-07-01,18,48,2026-07-01T18:00:00Z,2026-07-03T18:00:00Z,2026-07-02T00:00:00Z,issued_at_utc + 6h conservative NOMADS buffer,,raw\gfs\20260701\gfs_20260701_18z_f048.grib2,11474335,14f847231cc0a4c049fdfb96500e9dce84e6891c074c3421fef79d42f5821af6,hko:HKO,Hong Kong Observatory,22.301944,114.174167,22.25,114.25,2026-07-01T18:00:00Z,2026-07-03T18:00:00Z,100.0,88.80000305175781,-7.852255821228027,2.858833074569702,27.869866943359398,25.250146484375023,28.333520507812523,27.666986083984398,85.69999694824219,1007.15296875,1291.0,27.859765625000023,-0.315673828125,10.5625,11.504709243774414,0.0,16,4.455098500009626,
gfs,gfs_20260702_00z_f018,2026-07-02,0,18,2026-07-02T00:00:00Z,2026-07-02T18:00:00Z,2026-07-02T06:00:00Z,issued_at_utc + 6h conservative NOMADS buffer,,raw\gfs\20260702\gfs_20260702_00z_f018.grib2,11517125,eadc55057e1b6f27824bb6078145a5306f16d2386580e2667f78fea440760656,hko:HKO,Hong Kong Observatory,22.301944,114.174167,22.25,114.25,2026-07-02T00:00:00Z,2026-07-02T18:00:00Z,5.900000095367432,43.599998474121094,-5.491032600402832,1.623439908027649,28.051904296875023,25.148706054687523,28.958184814453148,27.950006103515648,84.19999694824219,1010.12671875,1499.0,28.254052734375023,-0.15478515625,4.0,9.121244430541992,0.0,16,4.160170199989807,
gfs,gfs_20260702_00z_f009,2026-07-02,0,9,2026-07-02T00:00:00Z,2026-07-02T09:00:00Z,2026-07-02T06:00:00Z,issued_at_utc + 6h conservative NOMADS buffer,,raw\gfs\20260702\gfs_20260702_00z_f009.grib2,11191791,40d35c17966ae38d5372e88106aaf4c5d306eb56d997a390701c615e26aeeb71,hko:HKO,Hong Kong Observatory,22.301944,114.174167,22.25,114.25,2026-07-02T00:00:00Z,2026-07-02T09:00:00Z,6.099999904632568,13.100000381469727,-6.755785942077637,1.6897485256195068,29.476342773437523,25.353875732421898,30.056604003906273,29.501977539062523,78.5,1007.606171875,1872.0,31.364129638671898,-0.6083984375,0.6875,8.811216354370117,674.0399780273438,16,4.1720048999995925,
gfs,gfs_20260702_00z_f006,2026-07-02,0,6,2026-07-02T00:00:00Z,2026-07-02T06:00:00Z,2026-07-02T06:00:00Z,issued_at_utc + 6h conservative NOMADS buffer,,raw\gfs\20260702\gfs_20260702_00z_f006.grib2,11316460,6966e6f40662a921f3588398e6ceaf5b67443734a04f0a43eafdd81c634470d1,hko:HKO,Hong Kong Observatory,22.301944,114.174167,22.25,114.25,2026-07-02T00:00:00Z,2026-07-02T06:00:00Z,8.300000190734863,38.20000076293945,-6.261853218078613,1.1098560094833374,29.795373535156273,25.249993896484398,29.836877441406273,28.598748779296898,76.69999694824219,1008.614609375,1905.0,32.78170166015627,-0.732421875,3.4375,8.409381866455078,825.0560302734375,16,4.178876299993135,
gfs,gfs_20260702_00z_f015,2026-07-02,0,15,2026-07-02T00:00:00Z,2026-07-02T15:00:00Z,2026-07-02T06:00:00Z,issued_at_utc + 6h conservative NOMADS buffer,,raw\gfs\20260702\gfs_20260702_00z_f015.grib2,11271437,3d0353d11be6fc8edf8de18141867483c91f963fe133b15ca3ff1658655a8a19,hko:HKO,Hong Kong Observatory,22.301944,114.174167,22.25,114.25,2026-07-02T00:00:00Z,2026-07-02T15:00:00Z,99.69999694824219,26.5,-6.107980728149414,2.092946767807007,28.768640136718773,25.749993896484398,28.933587646484398,28.364678955078148,83.69999694824219,1011.126953125,2080.0,28.834313964843773,0.075439453125,1.6875,9.7287015914917,0.0,16,4.1325820999918506,
gfs,gfs_20260702_00z_f012,2026-07-02,0,12,2026-07-02T00:00:00Z,2026-07-02T12:00:00Z,2026-07-02T06:00:00Z,issued_at_utc + 6h conservative NOMADS buffer,,raw\gfs\20260702\gfs_20260702_00z_f012.grib2,11406295,68d6d56048057ff86beb783f410ec94a5d045a3b50c4f78b690c194a3faba77e,hko:HKO,Hong Kong Observatory,22.301944,114.174167,22.25,114.25,2026-07-02T00:00:00Z,2026-07-02T12:00:00Z,16.399999618530273,25.899999618530273,-5.939321517944336,2.546875,28.679650878906273,25.361322021484398,30.121362304687523,28.501977539062523,82.19999694824219,1009.07140625,1623.0,29.207055664062523,-0.5411376953125,2.3125,9.401725769042969,398.1600036621094,16,3.2811393999727443,
gfs,gfs_20260702_00z_f003,2026-07-02,0,3,2026-07-02T00:00:00Z,2026-07-02T03:00:00Z,2026-07-02T06:00:00Z,issued_at_utc + 6h conservative NOMADS buffer,,raw\gfs\20260702\gfs_20260702_00z_f003.grib2,11028842,bf0bda2ffd0e19d505eabdbc867736cf0497fa7472ce8c33aa6a984f1e9891fa,hko:HKO,Hong Kong Observatory,22.301944,114.174167,22.25,114.25,2026-07-02T00:00:00Z,2026-07-02T03:00:00Z,5.0,65.9000015258789,-7.052333831787109,1.2443749904632568,29.464685058593773,25.454888916015648,29.630273437500023,28.698754882812523,79.4000015258789,1009.38265625,2115.0,31.914727783203148,0.0760498046875,1.3125,9.20361328125,694.7360229492188,16,3.247304599964991,
gfs,gfs_20260702_00z_f024,2026-07-02,0,24,2026-07-02T00:00:00Z,2026-07-03T00:00:00Z,2026-07-02T06:00:00Z,issued_at_utc + 6h conservative NOMADS buffer,,raw\gfs\20260702\gfs_20260702_00z_f024.grib2,11495217,58bf8ac282177e7c5405484dd8a81b9017b2394aa958392a14a457e7943f4786,hko:HKO,Hong Kong Observatory,22.301944,114.174167,22.25,114.25,2026-07-02T00:00:00Z,2026-07-03T00:00:00Z,5.099999904632568,35.400001525878906,-8.321930885314941,-0.5718896389007568,28.163659667968773,24.864709472656273,28.419885253906273,27.605828857421898,82.0999984741211,1009.506171875,1182.0,28.950006103515648,-0.2152099609375,4.5625,10.409408569335938,67.26399993896484,16,3.208334000024479,
gfs,gfs_20260702_00z_f027,2026-07-02,0,27,2026-07-02T00:00:00Z,2026-07-03T03:00:00Z,2026-07-02T06:00:00Z,issued_at_utc + 6h conservative NOMADS buffer,,raw\gfs\20260702\gfs_20260702_00z_f027.grib2,11283355,df7993315889378282e03350334cc59d33d16fea93c006b7706d4a3aa6b5353f,hko:HKO,Hong Kong Observatory,22.301944,114.174167,22.25,114.25,2026-07-02T00:00:00Z,2026-07-03T03:00:00Z,10.5,69.0999984741211,-8.48168659210205,-0.6810473799705505,28.941125488281273,25.191491699218773,28.950006103515648,28.090722656250023,80.19999694824219,1009.67015625,1547.0,30.818597412109398,-0.3372802734375,2.0625,10.314123153686523,687.4080200195312,16,3.1746510000084527,
gfs,gfs_20260702_00z_f039,2026-07-02,0,39,2026-07-02T00:00:00Z,2026-07-03T15:00:00Z,2026-07-02T06:00:00Z,issued_at_utc + 6h conservative NOMADS buffer,,raw\gfs\20260702\gfs_20260702_00z_f039.grib2,11250055,b13f61c509ea1496bb016870303636da3d40ecc7c90402d4edcd356a4c306e1e,hko:HKO,Hong Kong Observatory,22.301944,114.174167,22.25,114.25,2026-07-02T00:00:00Z,2026-07-03T15:00:00Z,96.0999984741211,98.80000305175781,-7.385951995849609,2.193984270095825,28.079766845703148,25.404870605468773,28.270928955078148,27.870935058593773,85.5999984741211,1009.2746875,1417.0,28.113427734375023,-1.77587890625,5.0625,11.301778793334961,0.0,16,4.064604999963194,
gfs,gfs_20260702_00z_f045,2026-07-02,0,45,2026-07-02T00:00:00Z,2026-07-03T21:00:00Z,2026-07-02T06:00:00Z,issued_at_utc + 6h conservative NOMADS buffer,,raw\gfs\20260702\gfs_20260702_00z_f045.grib2,11254272,8233b07e6cc09cc88e96d36a4bdd558fc14ce2ff6c756dd4fc312a58bfca87d2,hko:HKO,Hong Kong Observatory,22.301944,114.174167,22.25,114.25,2026-07-02T00:00:00Z,2026-07-03T21:00:00Z,100.0,100.0,-8.1282958984375,5.085034370422363,27.817590332031273,25.454888916015648,27.962976074218773,27.627252197265648,87.0,1006.17484375,1523.0,27.850000000000023,-0.0654296875,6.6875,12.813779830932617,0.0,16,4.082831600040663,
gfs,gfs_20260702_00z_f030,2026-07-02,0,30,2026-07-02T00:00:00Z,2026-07-03T06:00:00Z,2026-07-02T06:00:00Z,issued_at_utc + 6h conservative NOMADS buffer,,raw\gfs\20260702\gfs_20260702_00z_f030.grib2,11484293,90056dc9b476b4ab26b65991f315f6dc54447c8464f4d73b939bf536ca415fd2,hko:HKO,Hong Kong Observatory,22.301944,114.174167,22.25,114.25,2026-07-02T00:00:00Z,2026-07-03T06:00:00Z,7.800000190734863,42.599998474121094,-8.0748929977417,0.6371923685073853,29.474511718750023,24.991510009765648,29.455285644531273,28.090722656250023,77.19999694824219,1008.587734375,1520.0,32.1061950683594,-0.201416015625,2.875,10.024297714233398,819.9039916992188,16,4.198229299974628,
gfs,gfs_20260702_06z_f000,2026-07-02,6,0,2026-07-02T06:00:00Z,2026-07-02T06:00:00Z,2026-07-02T12:00:00Z,issued_at_utc + 6h conservative NOMADS buffer,,raw\gfs\20260702\gfs_20260702_06z_f000.grib2,7696468,5faa4c102d7f56c44ae7cfaaad13418c313420bd05a48eb729001ebde394d1a2,,,,,,,,,,,,,,,,,,,,,,,,,0,9.380001574754715e-05,Skipped f000 analysis/initialization lead; fetched and cataloged but not decoded for forward T-24 features.
gfs,gfs_20260702_00z_f048,2026-07-02,0,48,2026-07-02T00:00:00Z,2026-07-04T00:00:00Z,2026-07-02T06:00:00Z,issued_at_utc + 6h conservative NOMADS buffer,,raw\gfs\20260702\gfs_20260702_00z_f048.grib2,11435283,9109fa4078a058080977397f386c34e8f4bfa1624b0e5ee4da3f059e22f26471,hko:HKO,Hong Kong Observatory,22.301944,114.174167,22.25,114.25,2026-07-02T00:00:00Z,2026-07-04T00:00:00Z,100.0,100.0,-7.292392730712891,6.25369119644165,27.808374023437523,25.374261474609398,27.893182373046898,27.627252197265648,86.9000015258789,1007.441875,1494.0,27.945001220703148,0.3448486328125,12.375,12.738908767700195,14.112000465393066,16,4.223171000019647,
gfs,gfs_20260702_00z_f042,2026-07-02,0,42,2026-07-02T00:00:00Z,2026-07-03T18:00:00Z,2026-07-02T06:00:00Z,issued_at_utc + 6h conservative NOMADS buffer,,raw\gfs\20260702\gfs_20260702_00z_f042.grib2,11470205,7bd87fd7d8ebddb73a78f4b45e978064af2636c645c066d59232f0a69bb7781b,hko:HKO,Hong Kong Observatory,22.301944,114.174167,22.25,114.25,2026-07-02T00:00:00Z,2026-07-03T18:00:00Z,100.0,99.4000015258789,-7.888369083404541,4.085856914520264,27.853356933593773,25.395593261718773,28.280572509765648,27.713922119140648,86.19999694824219,1007.746640625,1379.0,27.854913330078148,-0.17919921875,11.9375,12.207042694091797,0.0,16,4.170194900012575,
gfs,gfs_20260702_00z_f036,2026-07-02,0,36,2026-07-02T00:00:00Z,2026-07-03T12:00:00Z,2026-07-02T06:00:00Z,issued_at_utc + 6h conservative NOMADS buffer,,raw\gfs\20260702\gfs_20260702_00z_f036.grib2,11548996,53936ff62781fbe03f21e3e5a0b30f89481c3efc379bfb6b1eb1377a16d72912,hko:HKO,Hong Kong Observatory,22.301944,114.174167,22.25,114.25,2026-07-02T00:00:00Z,2026-07-03T12:00:00Z,99.80000305175781,82.5,-6.668210506439209,2.3115527629852295,28.153924560546898,25.450006103515648,29.674523925781273,28.091516113281273,85.4000015258789,1007.984140625,1482.0,28.683984375000023,-1.812744140625,3.8125,10.529398918151855,397.0559997558594,16,4.1522588999941945,
gfs,gfs_20260702_06z_f009,2026-07-02,6,9,2026-07-02T06:00:00Z,2026-07-02T15:00:00Z,2026-07-02T12:00:00Z,issued_at_utc + 6h conservative NOMADS buffer,,raw\gfs\20260702\gfs_20260702_06z_f009.grib2,11231991,4b187024d8283291457b8771a5554857dcc30f9494dde23108e81bed92de553a,hko:HKO,Hong Kong Observatory,22.301944,114.174167,22.25,114.25,2026-07-02T06:00:00Z,2026-07-02T15:00:00Z,100.0,40.599998474121094,-6.949213981628418,2.3508543968200684,28.853936767578148,25.649987792968773,28.933587646484398,28.435296630859398,83.30000305175781,1011.22453125,2150.0,28.493798828125023,0.176025390625,1.4375,10.95208740234375,0.0,16,3.9821331999846734,
gfs,gfs_20260702_00z_f021,2026-07-02,0,21,2026-07-02T00:00:00Z,2026-07-02T21:00:00Z,2026-07-02T06:00:00Z,issued_at_utc + 6h conservative NOMADS buffer,,raw\gfs\20260702\gfs_20260702_00z_f021.grib2,11289737,4c58aa11edea180a5ced1ca7f348d2cacadb8b415194be8e909f57df2d3ab91b,hko:HKO,Hong Kong Observatory,22.301944,114.174167,22.25,114.25,2026-07-02T00:00:00Z,2026-07-02T21:00:00Z,5.0,12.199999809265137,-6.331701755523682,-0.05624755844473839,27.694085693359398,24.564691162109398,28.246118164062523,27.638177490234398,83.30000305175781,1008.82125,955.0,27.849969482421898,-4.2711181640625,2.4375,9.428221702575684,0.0,16,3.9829542000079527,
gfs,gfs_20260702_06z_f006,2026-07-02,6,6,2026-07-02T06:00:00Z,2026-07-02T12:00:00Z,2026-07-02T12:00:00Z,issued_at_utc + 6h conservative NOMADS buffer,,raw\gfs\20260702\gfs_20260702_06z_f006.grib2,11338060,2fc3793443e930f271afe0d59cf3297330ec1ae8462f63858927d3ecf6bbb36d,hko:HKO,Hong Kong Observatory,22.301944,114.174167,22.25,114.25,2026-07-02T06:00:00Z,2026-07-02T12:00:00Z,5.199999809265137,26.299999237060547,-6.625173568725586,2.179672956466675,28.850244140625023,25.690820312500023,30.031091308593773,28.515100097656273,82.69999694824219,1009.63234375,2123.0,28.999017333984398,-0.020263671875,2.4375,10.030468940734863,398.4200134277344,16,4.036733599961735,
gfs,gfs_20260702_00z_f033,2026-07-02,0,33,2026-07-02T00:00:00Z,2026-07-03T09:00:00Z,2026-07-02T06:00:00Z,issued_at_utc + 6h conservative NOMADS buffer,,raw\gfs\20260702\gfs_20260702_00z_f033.grib2,11348070,921fa3523a8da4b4628bf4759af194ffdb5d26a4462a2d33a3583859623f48f9,hko:HKO,Hong Kong Observatory,22.301944,114.174167,22.25,114.25,2026-07-02T00:00:00Z,2026-07-03T09:00:00Z,99.0,66.4000015258789,-7.495617866516113,1.6819775104522705,29.091516113281273,24.891503906250023,29.660638427734398,28.933007812500023,78.30000305175781,1007.2240625,1248.0,30.799035644531273,-0.5595703125,0.8125,10.500853538513184,674.1199951171875,16,4.174694899993483,
gfs,gfs_20260702_06z_f024,2026-07-02,6,24,2026-07-02T06:00:00Z,2026-07-03T06:00:00Z,2026-07-02T12:00:00Z,issued_at_utc + 6h conservative NOMADS buffer,,raw\gfs\20260702\gfs_20260702_06z_f024.grib2,11450538,32200fc641366327a6fbf2d5267c07ffdb5ba8cdd79faecd7a11a34392a3f5a6,hko:HKO,Hong Kong Observatory,22.301944,114.174167,22.25,114.25,2026-07-02T06:00:00Z,2026-07-03T06:00:00Z,41.900001525878906,16.299999237060547,-8.602265357971191,0.6103368997573853,29.191491699218773,24.749993896484398,29.531274414062523,28.090722656250023,77.19999694824219,1009.189609375,1250.0,31.662408447265648,-1.458984375,3.1875,10.546184539794922,820.8800048828125,16,4.0489861000096425,
gfs,gfs_20260702_06z_f030,2026-07-02,6,30,2026-07-02T06:00:00Z,2026-07-03T12:00:00Z,2026-07-02T12:00:00Z,issued_at_utc + 6h conservative NOMADS buffer,,raw\gfs\20260702\gfs_20260702_06z_f030.grib2,11525088,5c1d9b817409ccec0c52d29b3433c4beeb9b9c3bf1134d23bdb58ac87dae736a,hko:HKO,Hong Kong Observatory,22.301944,114.174167,22.25,114.25,2026-07-02T06:00:00Z,2026-07-03T12:00:00Z,97.69999694824219,65.19999694824219,-6.451735973358154,3.695249080657959,28.366998291015648,25.149987792968773,29.630212402343773,28.212426757812523,82.5,1008.747265625,1304.0,28.742486572265648,-0.2203369140625,2.625,10.600762367248535,349.47198486328125,16,4.06328719999874,
gfs,gfs_20260702_12z_f000,2026-07-02,12,0,2026-07-02T12:00:00Z,2026-07-02T12:00:00Z,2026-07-02T18:00:00Z,issued_at_utc + 6h conservative NOMADS buffer,,raw\gfs\20260702\gfs_20260702_12z_f000.grib2,7738348,f8d1cff21e888d11efb08cccdb531e9b3f5ccf906ccc5d3212bc35e2eb4d93e2,,,,,,,,,,,,,,,,,,,,,,,,,0,0.00010110001312568784,Skipped f000 analysis/initialization lead; fetched and cataloged but not decoded for forward T-24 features.
gfs,gfs_20260702_06z_f021,2026-07-02,6,21,2026-07-02T06:00:00Z,2026-07-03T03:00:00Z,2026-07-02T12:00:00Z,issued_at_utc + 6h conservative NOMADS buffer,,raw\gfs\20260702\gfs_20260702_06z_f021.grib2,11263701,a499f0193e6740f86d6d7e6200554a0ed99323cf608d421637728b548bf55446,hko:HKO,Hong Kong Observatory,22.301944,114.174167,22.25,114.25,2026-07-02T06:00:00Z,2026-07-03T03:00:00Z,8.899999618530273,15.399999618530273,-8.63183307647705,0.31565430760383606,28.837976074218773,24.891503906250023,28.964685058593773,28.090722656250023,78.9000015258789,1010.360234375,1285.0,30.778100585937523,-0.1556396484375,1.6875,10.613550186157227,691.3280029296875,16,4.323220200021751,
gfs,gfs_20260702_06z_f018,2026-07-02,6,18,2026-07-02T06:00:00Z,2026-07-03T00:00:00Z,2026-07-02T12:00:00Z,issued_at_utc + 6h conservative NOMADS buffer,,raw\gfs\20260702\gfs_20260702_06z_f018.grib2,11468137,34e11d5d43df6f2770f502527209e3fa11b20e7d1f616560189d6f3ec6146ca9,hko:HKO,Hong Kong Observatory,22.301944,114.174167,22.25,114.25,2026-07-02T06:00:00Z,2026-07-03T00:00:00Z,5.099999904632568,35.79999923706055,-7.521650314331055,1.1959424018859863,28.097039794921898,24.835290527343773,28.485192871093773,27.594079589843773,82.5,1010.21640625,1172.0,28.750024414062523,-1.8173828125,8.4375,10.309501647949219,67.02400207519531,16,4.519954700022936,
gfs,gfs_20260702_06z_f003,2026-07-02,6,3,2026-07-02T06:00:00Z,2026-07-02T09:00:00Z,2026-07-02T12:00:00Z,issued_at_utc + 6h conservative NOMADS buffer,,raw\gfs\20260702\gfs_20260702_06z_f003.grib2,11087863,032f1426d394660907e93e41f1c8c60dd8ea34e1b5d5b2085876cc6ebe13e71a,hko:HKO,Hong Kong Observatory,22.301944,114.174167,22.25,114.25,2026-07-02T06:00:00Z,2026-07-02T09:00:00Z,5.5,16.600000381469727,-6.880913257598877,1.9558594226837158,29.250848388671898,25.304895019531273,29.907189941406273,29.215112304687523,79.19999694824219,1008.30421875,1771.0,31.064141845703148,-0.0595703125,1.1875,8.915796279907227,675.0599975585938,16,4.426677200011909,
gfs,gfs_20260702_06z_f033,2026-07-02,6,33,2026-07-02T06:00:00Z,2026-07-03T15:00:00Z,2026-07-02T12:00:00Z,issued_at_utc + 6h conservative NOMADS buffer,,raw\gfs\20260702\gfs_20260702_06z_f033.grib2,11222144,400f53fd025ebb1f7f670a46ffc8a800be2e7a149d1ddde422897813e4ac20a0,hko:HKO,Hong Kong Observatory,22.301944,114.174167,22.25,114.25,2026-07-02T06:00:00Z,2026-07-03T15:00:00Z,100.0,96.5999984741211,-6.967871189117432,2.92779541015625,28.213922119140648,25.413903808593773,28.649194335937523,28.168817138671898,84.5999984741211,1009.60328125,1403.0,28.259729003906273,-0.179931640625,3.125,10.309869766235352,0.0,16,4.462024399952497,
gfs,gfs_20260702_06z_f012,2026-07-02,6,12,2026-07-02T06:00:00Z,2026-07-02T18:00:00Z,2026-07-02T12:00:00Z,issued_at_utc + 6h conservative NOMADS buffer,,raw\gfs\20260702\gfs_20260702_06z_f012.grib2,11483435,bf4d335404b4b02d8bed37124990d4dc451eb427efe8b2355b7882cdf83a6061,hko:HKO,Hong Kong Observatory,22.301944,114.174167,22.25,114.25,2026-07-02T06:00:00Z,2026-07-02T18:00:00Z,55.400001525878906,51.599998474121094,-6.113730430603027,2.9503612518310547,28.257562255859398,25.185052490234398,29.005517578125023,28.203881835937523,83.5999984741211,1010.377890625,1644.0,28.050012207031273,0.3736572265625,3.8125,10.126733779907227,0.0,16,4.845465500024147,
gfs,gfs_20260702_06z_f042,2026-07-02,6,42,2026-07-02T06:00:00Z,2026-07-04T00:00:00Z,2026-07-02T12:00:00Z,issued_at_utc + 6h conservative NOMADS buffer,,raw\gfs\20260702\gfs_20260702_06z_f042.grib2,11412204,9260c09248b5e07ba5ed44721d4b46cc6442c6be75f58714070b7b9a6e20d31a,hko:HKO,Hong Kong Observatory,22.301944,114.174167,22.25,114.25,2026-07-02T06:00:00Z,2026-07-04T00:00:00Z,100.0,100.0,-7.196958065032959,6.341972827911377,28.098870849609398,25.609643554687523,28.290063476562523,27.681695556640648,86.0,1007.917578125,1746.0,28.149987792968773,0.09228515625,15.0,12.700455665588379,33.5359992980957,16,4.48629259999143,
gfs,gfs_20260702_06z_f039,2026-07-02,6,39,2026-07-02T06:00:00Z,2026-07-03T21:00:00Z,2026-07-02T12:00:00Z,issued_at_utc + 6h conservative NOMADS buffer,,raw\gfs\20260702\gfs_20260702_06z_f039.grib2,11212163,e169ac75616bbb358198467d1eac0472f7b7555c9a34f397ed76bf9a2e9cd282,hko:HKO,Hong Kong Observatory,22.301944,114.174167,22.25,114.25,2026-07-02T06:00:00Z,2026-07-03T21:00:00Z,100.0,100.0,-6.778378963470459,5.776391506195068,27.862512207031273,25.353967285156273,27.988122558593773,27.681695556640648,86.0,1006.98609375,1450.0,27.749993896484398,-0.431640625,9.375,12.100000381469727,0.0,16,4.542469000036363,
gfs,gfs_20260702_06z_f036,2026-07-02,6,36,2026-07-02T06:00:00Z,2026-07-03T18:00:00Z,2026-07-02T12:00:00Z,issued_at_utc + 6h conservative NOMADS buffer,,raw\gfs\20260702\gfs_20260702_06z_f036.grib2,11455131,fe72b4bff176cd1b3fb7c023ec52fc6f833f27e99ca236a0c7f7022fe066308c,hko:HKO,Hong Kong Observatory,22.301944,114.174167,22.25,114.25,2026-07-02T06:00:00Z,2026-07-03T18:00:00Z,96.9000015258789,98.30000305175781,-7.098562240600586,4.028117656707764,27.827264404296898,25.249993896484398,28.660119628906273,27.704064941406273,86.4000015258789,1008.151875,1384.0,27.881677246093773,-0.6318359375,11.5,11.207098007202148,0.0,16,4.491517600021325,
gfs,gfs_20260702_06z_f045,2026-07-02,6,45,2026-07-02T06:00:00Z,2026-07-04T03:00:00Z,2026-07-02T12:00:00Z,issued_at_utc + 6h conservative NOMADS buffer,,raw\gfs\20260702\gfs_20260702_06z_f045.grib2,11316489,391f7ec4615a39b9fd0c20ed866d2f37b5ab6eb08e8a447c1ad2e5c2c73c8069,hko:HKO,Hong Kong Observatory,22.301944,114.174167,22.25,114.25,2026-07-02T06:00:00Z,2026-07-04T03:00:00Z,100.0,100.0,-6.997578144073486,8.3179349899292,28.467858886718773,26.078912353515648,28.538934326171898,28.061059570312523,86.9000015258789,1007.60671875,2187.0,29.457360839843773,-0.287109375,3.4375,14.513158798217773,386.6719970703125,16,4.176060200028587,
gfs,gfs_20260702_06z_f015,2026-07-02,6,15,2026-07-02T06:00:00Z,2026-07-02T21:00:00Z,2026-07-02T12:00:00Z,issued_at_utc + 6h conservative NOMADS buffer,,raw\gfs\20260702\gfs_20260702_06z_f015.grib2,11274567,117dcccf441e7107949206c22e1da58b5a3d780d8e7010d7f307f91f67570148,hko:HKO,Hong Kong Observatory,22.301944,114.174167,22.25,114.25,2026-07-02T06:00:00Z,2026-07-02T21:00:00Z,5.599999904632568,57.900001525878906,-5.536660194396973,1.0909277200698853,27.852868652343773,25.079370117187523,28.334680175781273,27.894097900390648,85.0999984741211,1009.26390625,1617.0,27.867578125000023,-1.132080078125,3.375,8.311165809631348,0.0,16,4.215248099993914,
gfs,gfs_20260702_06z_f027,2026-07-02,6,27,2026-07-02T06:00:00Z,2026-07-03T09:00:00Z,2026-07-02T12:00:00Z,issued_at_utc + 6h conservative NOMADS buffer,,raw\gfs\20260702\gfs_20260702_06z_f027.grib2,11300908,9fcbe37ea0b7a0c24a525f8c05152128563441c13035a111f4828b11a34c44ce,hko:HKO,Hong Kong Observatory,22.301944,114.174167,22.25,114.25,2026-07-02T06:00:00Z,2026-07-03T09:00:00Z,27.600000381469727,65.5999984741211,-7.906467437744141,1.621362328529358,29.191491699218773,25.149987792968773,29.633020019531273,28.691491699218773,79.0,1007.774765625,1623.0,30.357507324218773,0.1551513671875,0.8125,11.024391174316406,579.0,16,4.252744299999904,
gfs,gfs_20260702_06z_f048,2026-07-02,6,48,2026-07-02T06:00:00Z,2026-07-04T06:00:00Z,2026-07-02T12:00:00Z,issued_at_utc + 6h conservative NOMADS buffer,,raw\gfs\20260702\gfs_20260702_06z_f048.grib2,10733476,f7da8b808d2a4fe7c4b99df06bd8b7517720b794c0e6bb8a88390295182189eb,hko:HKO,Hong Kong Observatory,22.301944,114.174167,22.25,114.25,2026-07-02T06:00:00Z,2026-07-04T06:00:00Z,100.0,100.0,-6.188326835632324,8.3068208694458,28.461053466796898,25.961053466796898,28.738946533203148,28.061059570312523,86.4000015258789,1006.867578125,2097.0,29.450036621093773,-0.3897705078125,7.4375,14.008752822875977,584.3839721679688,16,4.28063569997903,
gfs,gfs_20260702_12z_f003,2026-07-02,12,3,2026-07-02T12:00:00Z,2026-07-02T15:00:00Z,2026-07-02T18:00:00Z,issued_at_utc + 6h conservative NOMADS buffer,,raw\gfs\20260702\gfs_20260702_12z_f003.grib2,11098625,05e8cd12a3839973790c8b106380decdcdc2c3777c7c3429faa0a35f900ddbc4,hko:HKO,Hong Kong Observatory,22.301944,114.174167,22.25,114.25,2026-07-02T12:00:00Z,2026-07-02T15:00:00Z,100.0,39.0,-6.820920467376709,2.0097362995147705,28.649987792968773,25.850000000000023,28.848291015625023,28.179376220703148,84.69999694824219,1011.3859375,2244.0,28.248712158203148,-0.19677734375,1.9375,10.406905174255371,0.0,16,4.663183800003026,
gfs,gfs_20260702_12z_f018,2026-07-02,12,18,2026-07-02T12:00:00Z,2026-07-03T06:00:00Z,2026-07-02T18:00:00Z,issued_at_utc + 6h conservative NOMADS buffer,,raw\gfs\20260702\gfs_20260702_12z_f018.grib2,11436456,f6656bfc2191135241b826b76e73325e6a74b308c3a4f94108669ffbe6a21113,hko:HKO,Hong Kong Observatory,22.301944,114.174167,22.25,114.25,2026-07-02T12:00:00Z,2026-07-03T06:00:00Z,22.899999618530273,52.599998474121094,-6.784192085266113,1.6545629501342773,28.658105468750023,24.530480957031273,29.263604736328148,28.249993896484398,78.5999984741211,1009.69734375,1035.0,29.408776855468773,-0.578125,3.5625,9.910202026367188,688.47998046875,16,4.534781099995598,
gfs,gfs_20260702_12z_f006,2026-07-02,12,6,2026-07-02T12:00:00Z,2026-07-02T18:00:00Z,2026-07-02T18:00:00Z,issued_at_utc + 6h conservative NOMADS buffer,,raw\gfs\20260702\gfs_20260702_12z_f006.grib2,11397414,807dc32c4cf11889e8d95cc04a0d3b95fcdc5a6c57fb7ab9d8ca3b2f9a0b0788,hko:HKO,Hong Kong Observatory,22.301944,114.174167,22.25,114.25,2026-07-02T12:00:00Z,2026-07-02T18:00:00Z,30.0,45.400001525878906,-6.116657733917236,2.6956567764282227,28.148645019531273,25.350000000000023,28.820214843750023,28.083337402343773,84.80000305175781,1010.51203125,1767.0,27.950006103515648,-0.1265869140625,3.875,10.301753997802734,0.0,16,4.716507699980866,
gfs,gfs_20260702_12z_f009,2026-07-02,12,9,2026-07-02T12:00:00Z,2026-07-02T21:00:00Z,2026-07-02T18:00:00Z,issued_at_utc + 6h conservative NOMADS buffer,,raw\gfs\20260702\gfs_20260702_12z_f009.grib2,11189260,809f5e57bd4c28dd2953c459d774c1036c5c22996ae8c8e3b989c4714d2e0c9b,hko:HKO,Hong Kong Observatory,22.301944,114.174167,22.25,114.25,2026-07-02T12:00:00Z,2026-07-02T21:00:00Z,5.0,50.099998474121094,-5.609270095825195,1.453332543373108,27.885217285156273,25.094079589843773,28.244836425781273,27.697412109375023,84.5999984741211,1009.538125,1447.0,27.782281494140648,-2.2305908203125,3.5,9.214086532592773,0.0,16,4.512337599997409,
gfs,gfs_20260702_12z_f012,2026-07-02,12,12,2026-07-02T12:00:00Z,2026-07-03T00:00:00Z,2026-07-02T18:00:00Z,issued_at_utc + 6h conservative NOMADS buffer,,raw\gfs\20260702\gfs_20260702_12z_f012.grib2,11418456,ab5aba4072dab9d9e9f4b114f59ba291a3fcf48ebc573464804c1fde6a37006e,hko:HKO,Hong Kong Observatory,22.301944,114.174167,22.25,114.25,2026-07-02T12:00:00Z,2026-07-03T00:00:00Z,5.0,31.299999237060547,-7.064528942108154,1.4679052829742432,28.294091796875023,24.664697265625023,28.512658691406273,27.584313964843773,80.30000305175781,1010.257890625,1033.0,28.794122314453148,-0.5406494140625,6.375,10.416328430175781,67.56800079345703,16,4.6071093999780715,
gfs,gfs_20260702_12z_f030,2026-07-02,12,30,2026-07-02T12:00:00Z,2026-07-03T18:00:00Z,2026-07-02T18:00:00Z,issued_at_utc + 6h conservative NOMADS buffer,,raw\gfs\20260702\gfs_20260702_12z_f030.grib2,11392423,c80a80edb48bc0b04cc31f80b80527e38204bceb5e01939a1dde25d00540f75c,hko:HKO,Hong Kong Observatory,22.301944,114.174167,22.25,114.25,2026-07-02T12:00:00Z,2026-07-03T18:00:00Z,97.5999984741211,98.0999984741211,-5.659824371337891,4.765085220336914,27.613366699218773,25.050012207031273,28.220880126953148,27.569940185546898,86.19999694824219,1008.2228125,1159.0,27.776757812500023,-1.39892578125,11.75,10.138647079467773,0.0,16,4.701012800040189,
gfs,gfs_20260702_12z_f021,2026-07-02,12,21,2026-07-02T12:00:00Z,2026-07-03T09:00:00Z,2026-07-02T18:00:00Z,issued_at_utc + 6h conservative NOMADS buffer,,raw\gfs\20260702\gfs_20260702_12z_f021.grib2,11246292,a9e0ad806db58b07ee4f4cd702f7e382e1fcb88f5e56e898a1450db7088d43b3,hko:HKO,Hong Kong Observatory,22.301944,114.174167,22.25,114.25,2026-07-02T12:00:00Z,2026-07-03T09:00:00Z,5.0,56.900001525878906,-7.172378063201904,2.179079532623291,28.978448486328148,24.649987792968773,29.232995605468773,28.571984863281273,77.5,1008.32203125,1071.0,30.333001708984398,-0.4478759765625,1.1875,10.709943771362305,635.3200073242188,16,4.700944299984258,
gfs,gfs_20260702_12z_f015,2026-07-02,12,15,2026-07-02T12:00:00Z,2026-07-03T03:00:00Z,2026-07-02T18:00:00Z,issued_at_utc + 6h conservative NOMADS buffer,,raw\gfs\20260702\gfs_20260702_12z_f015.grib2,11235861,30e515aeb0999c60cdc7cda187acd0bcca4f1b13df08fe57b4b481bc0517b7ac,hko:HKO,Hong Kong Observatory,22.301944,114.174167,22.25,114.25,2026-07-02T12:00:00Z,2026-07-03T03:00:00Z,33.099998474121094,25.600000381469727,-7.957495212554932,1.147829532623291,28.937982177734398,24.521905517578148,28.991693115234398,28.249993896484398,77.0999984741211,1010.625859375,1098.0,31.135491943359398,-0.51318359375,2.0,10.41334342956543,693.7440185546875,16,4.883948099974077,
gfs,gfs_20260702_12z_f024,2026-07-02,12,24,2026-07-02T12:00:00Z,2026-07-03T12:00:00Z,2026-07-02T18:00:00Z,issued_at_utc + 6h conservative NOMADS buffer,,raw\gfs\20260702\gfs_20260702_12z_f024.grib2,11484072,48b334dfc43d70663c26749f0c1322d68c8a9bcacebc7681f647e1727925eaba,hko:HKO,Hong Kong Observatory,22.301944,114.174167,22.25,114.25,2026-07-02T12:00:00Z,2026-07-03T12:00:00Z,95.9000015258789,42.29999923706055,-7.0997633934021,2.4541211128234863,28.129418945312523,25.104882812500023,29.232995605468773,28.008508300781273,83.4000015258789,1008.720234375,1188.0,28.459802246093773,-1.3905029296875,3.0,10.923534393310547,378.4639892578125,16,5.040167599974666,
gfs,gfs_20260702_18z_f003,2026-07-02,18,3,2026-07-02T18:00:00Z,2026-07-02T21:00:00Z,2026-07-03T00:00:00Z,issued_at_utc + 6h conservative NOMADS buffer,,raw\gfs\20260702\gfs_20260702_18z_f003.grib2,11087363,fe21ab38693341d51af2d3ec53b9bcac9b74c72a64ba7423972afef67bbcc50e,hko:HKO,Hong Kong Observatory,22.301944,114.174167,22.25,114.25,2026-07-02T18:00:00Z,2026-07-02T21:00:00Z,39.70000076293945,86.0999984741211,-5.717480659484863,0.3400512635707855,28.011743164062523,25.264703369140648,28.222528076171898,27.695062255859398,84.80000305175781,1009.84203125,1812.0,27.839959716796898,-3.0205078125,3.5625,8.82030200958252,0.0,16,4.748013100004755,
gfs,gfs_20260702_12z_f039,2026-07-02,12,39,2026-07-02T12:00:00Z,2026-07-04T03:00:00Z,2026-07-02T18:00:00Z,issued_at_utc + 6h conservative NOMADS buffer,,raw\gfs\20260702\gfs_20260702_12z_f039.grib2,11289519,8dc841594fc242729c0ddfe8eef5521aa55caf2eb569b4989552ea681eddae70,hko:HKO,Hong Kong Observatory,22.301944,114.174167,22.25,114.25,2026-07-02T12:00:00Z,2026-07-04T03:00:00Z,100.0,100.0,-5.305073261260986,8.614555358886719,28.072106933593773,25.761041259765648,28.350000000000023,27.861718750000023,87.0,1008.299609375,1763.0,29.205285644531273,-0.1551513671875,7.375,13.719592094421387,480.1759948730469,16,4.9422415000153705,
gfs,gfs_20260702_12z_f027,2026-07-02,12,27,2026-07-02T12:00:00Z,2026-07-03T15:00:00Z,2026-07-02T18:00:00Z,issued_at_utc + 6h conservative NOMADS buffer,,raw\gfs\20260702\gfs_20260702_12z_f027.grib2,11181366,80da1ffb35be9ce34726976bdd4edfa4f110a8f41a0813aa764ac7af191cf5df,hko:HKO,Hong Kong Observatory,22.301944,114.174167,22.25,114.25,2026-07-02T12:00:00Z,2026-07-03T15:00:00Z,96.30000305175781,97.30000305175781,-6.230827808380127,3.260373592376709,27.815026855468773,25.206048583984398,28.211083984375023,27.760949707031273,85.5,1009.94640625,1193.0,27.985253906250023,-1.17333984375,4.25,10.310043334960938,0.0,16,4.95954069995787,
gfs,gfs_20260702_12z_f045,2026-07-02,12,45,2026-07-02T12:00:00Z,2026-07-04T09:00:00Z,2026-07-02T18:00:00Z,issued_at_utc + 6h conservative NOMADS buffer,,raw\gfs\20260702\gfs_20260702_12z_f045.grib2,11169053,6c2b7da991e54a5d56d67926cd6134446f108583af115969aa2acdd0d08b02e4,hko:HKO,Hong Kong Observatory,22.301944,114.174167,22.25,114.25,2026-07-02T12:00:00Z,2026-07-04T09:00:00Z,100.0,100.0,-3.9720752239227295,8.945747375488281,28.057031250000023,25.652337646484398,28.640191650390648,28.057031250000023,86.5999984741211,1006.290625,1695.0,28.661706542968773,-0.439453125,4.875,12.821856498718262,509.0799865722656,16,4.003733200021088,
gfs,gfs_20260702_12z_f042,2026-07-02,12,42,2026-07-02T12:00:00Z,2026-07-04T06:00:00Z,2026-07-02T18:00:00Z,issued_at_utc + 6h conservative NOMADS buffer,,raw\gfs\20260702\gfs_20260702_12z_f042.grib2,11363245,a20b12b7a94dbd000299b2262dbda1f2cc07c8d8a9110f9b1397acd0767bc145,hko:HKO,Hong Kong Observatory,22.301944,114.174167,22.25,114.25,2026-07-02T12:00:00Z,2026-07-04T06:00:00Z,100.0,100.0,-4.457563400268555,8.264086723327637,28.440179443359398,26.159387207031273,28.661065673828148,27.835473632812523,87.19999694824219,1007.22515625,2284.0,28.977655029296898,-0.089599609375,14.8125,13.008208274841309,514.3040161132812,16,3.9890616000047885,
gfs,gfs_20260702_18z_f000,2026-07-02,18,0,2026-07-02T18:00:00Z,2026-07-02T18:00:00Z,2026-07-03T00:00:00Z,issued_at_utc + 6h conservative NOMADS buffer,,raw\gfs\20260702\gfs_20260702_18z_f000.grib2,7765362,7fbcc88668582030c81bba0c1abe327dc8d5c3f63a672ba4b8f881d21e3fcfa5,,,,,,,,,,,,,,,,,,,,,,,,,0,0.00010499998461455107,Skipped f000 analysis/initialization lead; fetched and cataloged but not decoded for forward T-24 features.
gfs,gfs_20260702_12z_f036,2026-07-02,12,36,2026-07-02T12:00:00Z,2026-07-04T00:00:00Z,2026-07-02T18:00:00Z,issued_at_utc + 6h conservative NOMADS buffer,,raw\gfs\20260702\gfs_20260702_12z_f036.grib2,11504788,36907a3a94736ffea107f93a91b1630756776a1cc99897fe09d3fc052c052bd5,hko:HKO,Hong Kong Observatory,22.301944,114.174167,22.25,114.25,2026-07-02T12:00:00Z,2026-07-04T00:00:00Z,100.0,99.5999984741211,-6.071753025054932,6.290102481842041,28.050012207031273,25.450006103515648,28.140222167968773,27.590661621093773,86.0,1008.05765625,1526.0,28.249993896484398,0.39501953125,10.5,11.723673820495605,44.59199905395508,16,4.0655462999711744,
gfs,gfs_20260702_12z_f048,2026-07-02,12,48,2026-07-02T12:00:00Z,2026-07-04T12:00:00Z,2026-07-02T18:00:00Z,issued_at_utc + 6h conservative NOMADS buffer,,raw\gfs\20260702\gfs_20260702_12z_f048.grib2,11402290,ac3378eeee1d11e457d06d9179d4833e45bf7d535923408b78b86c39ce1570d3,hko:HKO,Hong Kong Observatory,22.301944,114.174167,22.25,114.25,2026-07-02T12:00:00Z,2026-07-04T12:00:00Z,100.0,100.0,-2.5417871475219727,8.792101860046387,28.030572509765648,25.752954101562523,28.640191650390648,27.654687500000023,87.9000015258789,1007.26609375,1825.0,27.894250488281273,0.3057861328125,9.0625,12.617985725402832,282.6719970703125,16,4.066970100044273,
gfs,gfs_20260702_18z_f030,2026-07-02,18,30,2026-07-02T18:00:00Z,2026-07-04T00:00:00Z,2026-07-03T00:00:00Z,issued_at_utc + 6h conservative NOMADS buffer,,raw\gfs\20260702\gfs_20260702_18z_f030.grib2,11352332,7eda95c76dbf23c5f7eee24cf1a046b0d837d52daf6b07218bbea23f68710b39,hko:HKO,Hong Kong Observatory,22.301944,114.174167,22.25,114.25,2026-07-02T18:00:00Z,2026-07-04T00:00:00Z,100.0,99.9000015258789,-5.249184608459473,5.393628120422363,27.547174072265648,25.247155761718773,27.847161865234398,27.343469238281273,87.0999984741211,1008.97484375,1354.0,27.850000000000023,-2.0450439453125,16.6875,10.713525772094727,19.920000076293945,16,3.8633243999793194,
gfs,gfs_20260702_18z_f006,2026-07-02,18,6,2026-07-02T18:00:00Z,2026-07-03T00:00:00Z,2026-07-03T00:00:00Z,issued_at_utc + 6h conservative NOMADS buffer,,raw\gfs\20260702\gfs_20260702_18z_f006.grib2,11327803,3e32e2e898b2d67376e971ac2fcb66afa3b49514f4275044097cb091fef4a949,hko:HKO,Hong Kong Observatory,22.301944,114.174167,22.25,114.25,2026-07-02T18:00:00Z,2026-07-03T00:00:00Z,5.699999809265137,56.29999923706055,-7.636206150054932,-0.29032227396965027,28.318597412109398,24.682855224609398,28.587609863281273,27.680749511718773,80.5999984741211,1010.55859375,1160.0,28.834283447265648,-0.471923828125,6.375,9.814972877502441,67.27999877929688,16,3.8297008000081405,
gfs,gfs_20260702_18z_f021,2026-07-02,18,21,2026-07-02T18:00:00Z,2026-07-03T15:00:00Z,2026-07-03T00:00:00Z,issued_at_utc + 6h conservative NOMADS buffer,,raw\gfs\20260702\gfs_20260702_18z_f021.grib2,11169997,72b4f4390286631edcbfe0a29e563a413e6ec775a5025f81cb293446aa2b4cfb,hko:HKO,Hong Kong Observatory,22.301944,114.174167,22.25,114.25,2026-07-02T18:00:00Z,2026-07-03T15:00:00Z,75.9000015258789,98.0999984741211,-5.015859603881836,2.849116325378418,27.660119628906273,24.995080566406273,28.395104980468773,27.560144042968773,85.69999694824219,1010.11828125,1059.0,27.935357666015648,-3.824951171875,3.9375,8.415579795837402,0.0,16,3.833368400053587,
gfs,gfs_20260702_18z_f039,2026-07-02,18,39,2026-07-02T18:00:00Z,2026-07-04T09:00:00Z,2026-07-03T00:00:00Z,issued_at_utc + 6h conservative NOMADS buffer,,raw\gfs\20260702\gfs_20260702_18z_f039.grib2,10379944,c2f73be7abb49b64e14166680ff0c6f587cc774467ef2633a1b4100a39886d9c,hko:HKO,Hong Kong Observatory,22.301944,114.174167,22.25,114.25,2026-07-02T18:00:00Z,2026-07-04T09:00:00Z,100.0,100.0,-4.407827854156494,7.519549369812012,27.972131347656273,25.450006103515648,28.300256347656273,27.872125244140648,86.30000305175781,1006.714375,1571.0,28.060296630859398,-0.211669921875,5.0625,12.230731010437012,177.5399932861328,16,3.8200213000527583,
gfs,gfs_20260702_18z_f024,2026-07-02,18,24,2026-07-02T18:00:00Z,2026-07-03T18:00:00Z,2026-07-03T00:00:00Z,issued_at_utc + 6h conservative NOMADS buffer,,raw\gfs\20260702\gfs_20260702_18z_f024.grib2,11394521,6d283366c08af122492ea59d952dc692617ec25880d2cd71cc099f444246cce1,hko:HKO,Hong Kong Observatory,22.301944,114.174167,22.25,114.25,2026-07-02T18:00:00Z,2026-07-03T18:00:00Z,88.5999984741211,97.5,-5.341977596282959,3.0308642387390137,27.743463134765648,24.928308105468773,28.418298339843773,27.460137939453148,85.0,1008.23828125,1036.0,27.845117187500023,-4.0352783203125,9.9375,9.22661018371582,0.0,16,4.014084600028582,
gfs,gfs_20260702_18z_f012,2026-07-02,18,12,2026-07-02T18:00:00Z,2026-07-03T06:00:00Z,2026-07-03T00:00:00Z,issued_at_utc + 6h conservative NOMADS buffer,,raw\gfs\20260702\gfs_20260702_18z_f012.grib2,11404647,d5fbd34fe63c7e9c0c4e53b7640a57edfb8a737c23807d189ba50bcb0337b833,hko:HKO,Hong Kong Observatory,22.301944,114.174167,22.25,114.25,2026-07-02T18:00:00Z,2026-07-03T06:00:00Z,62.400001525878906,31.899999618530273,-6.800161361694336,1.1811010837554932,29.344323730468773,24.350000000000023,29.384027099609398,28.093347167968773,74.5,1009.625703125,972.0,31.950006103515648,-0.560302734375,3.125,8.917960166931152,793.8079833984375,16,4.025018199987244,
gfs,gfs_20260702_12z_f033,2026-07-02,12,33,2026-07-02T12:00:00Z,2026-07-03T21:00:00Z,2026-07-02T18:00:00Z,issued_at_utc + 6h conservative NOMADS buffer,,raw\gfs\20260702\gfs_20260702_12z_f033.grib2,11178877,4b8609606068008181155f84eac0c47c21368847213206939ca182c1f49573fa,hko:HKO,Hong Kong Observatory,22.301944,114.174167,22.25,114.25,2026-07-02T12:00:00Z,2026-07-03T21:00:00Z,100.0,99.19999694824219,-5.71237325668335,5.675886154174805,27.749993896484398,25.149987792968773,27.897912597656273,27.590661621093773,85.69999694824219,1007.14578125,1209.0,27.649987792968773,-0.1669921875,5.8125,10.603525161743164,0.0,16,4.049038199998904,
gfs,gfs_20260702_18z_f015,2026-07-02,18,15,2026-07-02T18:00:00Z,2026-07-03T09:00:00Z,2026-07-03T00:00:00Z,issued_at_utc + 6h conservative NOMADS buffer,,raw\gfs\20260702\gfs_20260702_18z_f015.grib2,11233586,a3085d2228f796f4f0406d0e600e3fc2ef874663127dd51e2a660c04e3d85d04,hko:HKO,Hong Kong Observatory,22.301944,114.174167,22.25,114.25,2026-07-02T18:00:00Z,2026-07-03T09:00:00Z,29.200000762939453,87.80000305175781,-6.383261680603027,1.9467577934265137,29.104913330078148,24.649987792968773,29.483972167968773,28.705957031250023,76.80000305175781,1008.43984375,1169.0,30.459802246093773,-0.85498046875,0.8125,9.622393608093262,490.4599914550781,16,4.025225299992599,
gfs,gfs_20260702_18z_f009,2026-07-02,18,9,2026-07-02T18:00:00Z,2026-07-03T03:00:00Z,2026-07-03T00:00:00Z,issued_at_utc + 6h conservative NOMADS buffer,,raw\gfs\20260702\gfs_20260702_18z_f009.grib2,11161374,3acc696e3c06d156d10c58cf5ba745cd4d4f7365c642372d8bf78d341f7dfd13,hko:HKO,Hong Kong Observatory,22.301944,114.174167,22.25,114.25,2026-07-02T18:00:00Z,2026-07-03T03:00:00Z,6.0,12.800000190734863,-7.909397125244141,0.18177002668380737,28.979455566406273,24.550012207031273,29.029168701171898,28.193811035156273,76.69999694824219,1010.83296875,1145.0,31.303277587890648,-0.9071044921875,1.875,9.517099380493164,692.239990234375,16,3.975423000054434,
gfs,gfs_20260702_18z_f018,2026-07-02,18,18,2026-07-02T18:00:00Z,2026-07-03T12:00:00Z,2026-07-03T00:00:00Z,issued_at_utc + 6h conservative NOMADS buffer,,raw\gfs\20260702\gfs_20260702_18z_f018.grib2,11458394,2759fd731d1d611054313acb91a01af0666eac6c1d6dc6939da4f21208aa2ef4,hko:HKO,Hong Kong Observatory,22.301944,114.174167,22.25,114.25,2026-07-02T18:00:00Z,2026-07-03T12:00:00Z,98.30000305175781,83.5999984741211,-5.914435863494873,3.1594676971435547,28.049981689453148,25.050012207031273,29.459161376953148,28.105950927734398,83.5999984741211,1009.145,1235.0,28.595086669921898,-0.2821044921875,2.75,10.213293075561523,305.9360046386719,16,3.9388031999696977,
gfs,gfs_20260702_18z_f045,2026-07-02,18,45,2026-07-02T18:00:00Z,2026-07-04T15:00:00Z,2026-07-03T00:00:00Z,issued_at_utc + 6h conservative NOMADS buffer,,raw\gfs\20260702\gfs_20260702_18z_f045.grib2,10425443,558133f421d9d3b6d33fef7aadd000e941176ffc5505d13833cfef7ae27ed870,hko:HKO,Hong Kong Observatory,22.301944,114.174167,22.25,114.25,2026-07-02T18:00:00Z,2026-07-04T15:00:00Z,100.0,100.0,-2.5639190673828125,8.598889350891113,27.898889160156273,25.474450683593773,28.025567626953148,27.755181884765648,87.0,1008.50171875,1586.0,27.749993896484398,-0.216796875,3.8125,12.503141403198242,0.0,16,4.006573199992999,
gfs,gfs_20260702_18z_f042,2026-07-02,18,42,2026-07-02T18:00:00Z,2026-07-04T12:00:00Z,2026-07-03T00:00:00Z,issued_at_utc + 6h conservative NOMADS buffer,,raw\gfs\20260702\gfs_20260702_18z_f042.grib2,10595544,b21175a1ccb3ee505597578ae34dd6377f6e882c1a0221879285c89074e815fe,hko:HKO,Hong Kong Observatory,22.301944,114.174167,22.25,114.25,2026-07-02T18:00:00Z,2026-07-04T12:00:00Z,100.0,100.0,-3.188995361328125,8.532369613647461,27.825555419921898,25.361047363281273,28.400231933593773,27.725549316406273,86.5999984741211,1007.58078125,1411.0,27.661706542968773,-0.3787841796875,9.5,12.704455375671387,103.02400207519531,16,3.9882011000299826,
gfs,gfs_20260702_18z_f048,2026-07-02,18,48,2026-07-02T18:00:00Z,2026-07-04T18:00:00Z,2026-07-03T00:00:00Z,issued_at_utc + 6h conservative NOMADS buffer,,raw\gfs\20260702\gfs_20260702_18z_f048.grib2,10632890,f817b4ff4484b7bdff9814d24ded08e0eaefc7d846bb158483a75db86def0c5a,hko:HKO,Hong Kong Observatory,22.301944,114.174167,22.25,114.25,2026-07-02T18:00:00Z,2026-07-04T18:00:00Z,100.0,100.0,-0.938189685344696,9.793475151062012,27.674462890625023,25.149987792968773,28.025567626953148,27.649987792968773,86.0999984741211,1006.77359375,1269.0,27.549981689453148,-0.2528076171875,7.5625,12.70885181427002,0.0,16,3.8718497999943793,
gfs,gfs_20260702_18z_f033,2026-07-02,18,33,2026-07-02T18:00:00Z,2026-07-04T03:00:00Z,2026-07-03T00:00:00Z,issued_at_utc + 6h conservative NOMADS buffer,,raw\gfs\20260702\gfs_20260702_18z_f033.grib2,11273639,459e4c5a94b3e6f7b3cb8cdd02e4cb3b678081b659105c0b3907ce324e5b0cf7,hko:HKO,Hong Kong Observatory,22.301944,114.174167,22.25,114.25,2026-07-02T18:00:00Z,2026-07-04T03:00:00Z,100.0,100.0,-5.21798849105835,7.209540843963623,27.866204833984398,25.549981689453148,27.972131347656273,27.486230468750023,87.0999984741211,1009.0546875,1672.0,28.369226074218773,-1.874755859375,8.75,12.528715133666992,169.27999877929688,16,3.854817399987951,
gfs,gfs_20260703_00z_f000,2026-07-03,0,0,2026-07-03T00:00:00Z,2026-07-03T00:00:00Z,2026-07-03T06:00:00Z,issued_at_utc + 6h conservative NOMADS buffer,,raw\gfs\20260703\gfs_20260703_00z_f000.grib2,7714077,44e4471527d93d3d36655030a531865e07c3af4d658d7a0098043bb795d1acae,,,,,,,,,,,,,,,,,,,,,,,,,0,0.00010330002987757325,Skipped f000 analysis/initialization lead; fetched and cataloged but not decoded for forward T-24 features.
gfs,gfs_20260702_18z_f027,2026-07-02,18,27,2026-07-02T18:00:00Z,2026-07-03T21:00:00Z,2026-07-03T00:00:00Z,issued_at_utc + 6h conservative NOMADS buffer,,raw\gfs\20260702\gfs_20260702_18z_f027.grib2,11164121,9b57c524236eb466be8069c56f4ef8642ce6e1be65b4d4a65cfe8eedd337366e,hko:HKO,Hong Kong Observatory,22.301944,114.174167,22.25,114.25,2026-07-02T18:00:00Z,2026-07-03T21:00:00Z,100.0,99.69999694824219,-5.186142444610596,4.218554496765137,27.472161865234398,25.049981689453148,27.743676757812523,27.443444824218773,86.5999984741211,1007.4975,1153.0,27.571923828125023,-3.177978515625,7.1875,9.313525199890137,0.0,16,3.7973550999886356,
gfs,gfs_20260702_18z_f036,2026-07-02,18,36,2026-07-02T18:00:00Z,2026-07-04T06:00:00Z,2026-07-03T00:00:00Z,issued_at_utc + 6h conservative NOMADS buffer,,raw\gfs\20260702\gfs_20260702_18z_f036.grib2,10572590,5fe2c647755e1a412eb08ce7ad8510f2dc214b9c23801448c5afad2729ead0ee,hko:HKO,Hong Kong Observatory,22.301944,114.174167,22.25,114.25,2026-07-02T18:00:00Z,2026-07-04T06:00:00Z,100.0,100.0,-5.139459133148193,6.889697074890137,28.189050292968773,25.561059570312523,28.272119140625023,27.561730957031273,85.5,1007.76109375,1620.0,28.627404785156273,-0.61181640625,14.625,12.10853099822998,243.9040069580078,16,3.8137248000130057,
gfs,gfs_20260703_00z_f012,2026-07-03,0,12,2026-07-03T00:00:00Z,2026-07-03T12:00:00Z,2026-07-03T06:00:00Z,issued_at_utc + 6h conservative NOMADS buffer,,raw\gfs\20260703\gfs_20260703_00z_f012.grib2,11423066,06e392b42edd880ae7957f226f6bbe036154c6a151674bdfbaec2cf8cf62cc52,hko:HKO,Hong Kong Observatory,22.301944,114.174167,22.25,114.25,2026-07-03T00:00:00Z,2026-07-03T12:00:00Z,84.5,37.70000076293945,-5.952749252319336,4.539514064788818,28.050012207031273,25.204888916015648,29.583978271484398,27.988977050781273,84.5,1008.861171875,1220.0,28.540185546875023,-2.0755615234375,5.5625,10.901016235351562,398.1919860839844,16,4.065156399970874,
gfs,gfs_20260703_00z_f030,2026-07-03,0,30,2026-07-03T00:00:00Z,2026-07-04T06:00:00Z,2026-07-03T06:00:00Z,issued_at_utc + 6h conservative NOMADS buffer,,raw\gfs\20260703\gfs_20260703_00z_f030.grib2,11296575,235d662a90edb35a3af7c8e1cc7653d2324ed6a67dc16f45a3d49acd664d0381,hko:HKO,Hong Kong Observatory,22.301944,114.174167,22.25,114.25,2026-07-03T00:00:00Z,2026-07-04T06:00:00Z,100.0,100.0,-3.672109365463257,7.663935661315918,28.958917236328148,25.354699707031273,28.957025146484398,27.858911132812523,81.0,1008.20328125,1564.0,30.454675292968773,-0.4923095703125,11.625,11.115363121032715,534.239990234375,16,4.2623627000139095,
gfs,gfs_20260703_00z_f033,2026-07-03,0,33,2026-07-03T00:00:00Z,2026-07-04T09:00:00Z,2026-07-03T06:00:00Z,issued_at_utc + 6h conservative NOMADS buffer,,raw\gfs\20260703\gfs_20260703_00z_f033.grib2,11175105,8a8e7c836779e5061668672591ac0c9663e328cc3949868b0104dcb8b653766e,hko:HKO,Hong Kong Observatory,22.301944,114.174167,22.25,114.25,2026-07-03T00:00:00Z,2026-07-04T09:00:00Z,100.0,100.0,-2.182436466217041,7.696401596069336,28.557000732421898,25.354699707031273,29.137567138671898,28.556573486328148,82.80000305175781,1007.19625,1637.0,29.454675292968773,0.286865234375,2.875,11.217872619628906,405.32000732421875,16,4.240756800048985,
gfs,gfs_20260703_00z_f009,2026-07-03,0,9,2026-07-03T00:00:00Z,2026-07-03T09:00:00Z,2026-07-03T06:00:00Z,issued_at_utc + 6h conservative NOMADS buffer,,raw\gfs\20260703\gfs_20260703_00z_f009.grib2,11163397,7326d811bbe6daed23e63a8fc0766502ff9fc8e3c9b635bd9eee10273ee75b1c,hko:HKO,Hong Kong Observatory,22.301944,114.174167,22.25,114.25,2026-07-03T00:00:00Z,2026-07-03T09:00:00Z,8.0,27.799999237060547,-6.626215934753418,3.258305549621582,29.022698974609398,24.908502197265648,29.525476074218773,28.888970947265648,78.4000015258789,1008.17796875,1252.0,30.777215576171898,-0.300048828125,2.1875,10.727921485900879,675.6199951171875,16,4.32009970000945,
gfs,gfs_20260703_00z_f024,2026-07-03,0,24,2026-07-03T00:00:00Z,2026-07-04T00:00:00Z,2026-07-03T06:00:00Z,issued_at_utc + 6h conservative NOMADS buffer,,raw\gfs\20260703\gfs_20260703_00z_f024.grib2,11459127,1ca32a947a1ed01b71ce98c24276ef6bd13be75e4530e737aa9a67ae3b171d14,hko:HKO,Hong Kong Observatory,22.301944,114.174167,22.25,114.25,2026-07-03T00:00:00Z,2026-07-04T00:00:00Z,100.0,100.0,-4.345302581787109,7.423749923706055,28.071099853515648,25.361718750000023,28.161340332031273,27.702966308593773,84.9000015258789,1008.865390625,1584.0,28.064996337890648,0.28125,9.5625,11.129633903503418,25.1200008392334,16,3.94664019998163,
gfs,gfs_20260703_06z_f000,2026-07-03,6,0,2026-07-03T06:00:00Z,2026-07-03T06:00:00Z,2026-07-03T12:00:00Z,issued_at_utc + 6h conservative NOMADS buffer,,raw\gfs\20260703\gfs_20260703_06z_f000.grib2,7745456,07d33f8ed32b3585170a14a30734108d7432f23d1e884f1c45809780e8177868,,,,,,,,,,,,,,,,,,,,,,,,,0,9.970000246539712e-05,Skipped f000 analysis/initialization lead; fetched and cataloged but not decoded for forward T-24 features.
gfs,gfs_20260703_00z_f027,2026-07-03,0,27,2026-07-03T00:00:00Z,2026-07-04T03:00:00Z,2026-07-03T06:00:00Z,issued_at_utc + 6h conservative NOMADS buffer,,raw\gfs\20260703\gfs_20260703_00z_f027.grib2,10480884,6ce6ee5443f91efa865bb245f9b06c197bcb0899085aef8094381837a5d6421e,hko:HKO,Hong Kong Observatory,22.301944,114.174167,22.25,114.25,2026-07-03T00:00:00Z,2026-07-04T03:00:00Z,100.0,100.0,-3.987994432449341,7.6024932861328125,28.254693603515648,25.650628662109398,28.557031250000023,27.857019042968773,85.80000305175781,1009.16734375,1689.0,29.152795410156273,-0.63916015625,6.0625,11.419074058532715,381.88800048828125,16,4.059941700019408,
gfs,gfs_20260703_00z_f045,2026-07-03,0,45,2026-07-03T00:00:00Z,2026-07-04T21:00:00Z,2026-07-03T06:00:00Z,issued_at_utc + 6h conservative NOMADS buffer,,raw\gfs\20260703\gfs_20260703_00z_f045.grib2,10377684,847ff9cf4cc15603152d27dcc4beceebd49a45e2a270000de471473d95802259,hko:HKO,Hong Kong Observatory,22.301944,114.174167,22.25,114.25,2026-07-03T00:00:00Z,2026-07-04T21:00:00Z,100.0,100.0,-0.238525390625,8.485448837280273,27.990838623046898,25.425561523437523,28.198876953125023,27.999719238281273,85.80000305175781,1006.621875,1770.0,27.749993896484398,-0.1474609375,4.6875,11.409295082092285,0.0,16,4.145497700024862,
gfs,gfs_20260703_00z_f015,2026-07-03,0,15,2026-07-03T00:00:00Z,2026-07-03T15:00:00Z,2026-07-03T06:00:00Z,issued_at_utc + 6h conservative NOMADS buffer,,raw\gfs\20260703\gfs_20260703_00z_f015.grib2,11116702,605018a33b7098dd6026ea526cd8db18de9b386131030ef3bdd12e5dd8dd70a8,hko:HKO,Hong Kong Observatory,22.301944,114.174167,22.25,114.25,2026-07-03T00:00:00Z,2026-07-03T15:00:00Z,100.0,96.5999984741211,-5.000224590301514,5.623312950134277,27.849176025390648,25.050012207031273,28.295068359375023,27.795098876953148,84.5,1010.358984375,1064.0,28.085290527343773,-6.46337890625,5.125,11.6174955368042,0.0,16,4.101302099996246,
gfs,gfs_20260703_00z_f036,2026-07-03,0,36,2026-07-03T00:00:00Z,2026-07-04T12:00:00Z,2026-07-03T06:00:00Z,issued_at_utc + 6h conservative NOMADS buffer,,raw\gfs\20260703\gfs_20260703_00z_f036.grib2,10602217,2dfcc85452733da6b476b468c95203078f3e452bc27bb7c119066b5d000a8719,hko:HKO,Hong Kong Observatory,22.301944,114.174167,22.25,114.25,2026-07-03T00:00:00Z,2026-07-04T12:00:00Z,100.0,100.0,-2.167703151702881,7.882821559906006,27.872125244140648,25.449975585937523,29.137567138671898,27.772119140625023,86.4000015258789,1008.1353125,1573.0,27.950006103515648,-1.596923828125,9.0,11.603802680969238,217.6959991455078,16,4.637643199996091,
gfs,gfs_20260703_00z_f021,2026-07-03,0,21,2026-07-03T00:00:00Z,2026-07-03T21:00:00Z,2026-07-03T06:00:00Z,issued_at_utc + 6h conservative NOMADS buffer,,raw\gfs\20260703\gfs_20260703_00z_f021.grib2,11132282,1de655ad4ab51515c450ac2998d32bc173e09ae7783fc9cee171140e6d802d93,hko:HKO,Hong Kong Observatory,22.301944,114.174167,22.25,114.25,2026-07-03T00:00:00Z,2026-07-03T21:00:00Z,100.0,100.0,-4.462766170501709,6.620585918426514,27.810632324218773,24.993859863281273,28.044305419921898,27.702966308593773,84.5999984741211,1007.743984375,1255.0,27.771905517578148,-0.20458984375,4.5,10.324812889099121,0.0,16,4.436515599954873,
gfs,gfs_20260703_00z_f003,2026-07-03,0,3,2026-07-03T00:00:00Z,2026-07-03T03:00:00Z,2026-07-03T06:00:00Z,issued_at_utc + 6h conservative NOMADS buffer,,raw\gfs\20260703\gfs_20260703_00z_f003.grib2,11076641,9b754a0e5613be625d94d708dc327072a11f9945548c3476921921e52cc82e21,hko:HKO,Hong Kong Observatory,22.301944,114.174167,22.25,114.25,2026-07-03T00:00:00Z,2026-07-03T03:00:00Z,27.399999618530273,17.0,-6.807460784912109,1.3691504001617432,29.037591552734398,24.521905517578148,29.064294433593773,28.239587402343773,77.0,1010.475625,1079.0,31.644006347656273,-1.8118896484375,3.25,9.517724990844727,690.1439819335938,16,4.626631100021768,
gfs,gfs_20260703_00z_f039,2026-07-03,0,39,2026-07-03T00:00:00Z,2026-07-04T15:00:00Z,2026-07-03T06:00:00Z,issued_at_utc + 6h conservative NOMADS buffer,,raw\gfs\20260703\gfs_20260703_00z_f039.grib2,10413878,a51a399f8b10083214a7f0dd0528388f6cecfa2b200d74c9637cffc94b69b9ae,hko:HKO,Hong Kong Observatory,22.301944,114.174167,22.25,114.25,2026-07-03T00:00:00Z,2026-07-04T15:00:00Z,94.19999694824219,100.0,-2.0240416526794434,8.28308391571045,28.249993896484398,25.949975585937523,28.365472412109398,27.850000000000023,87.4000015258789,1008.862421875,2125.0,27.949975585937523,0.011962890625,5.0625,12.135890007019043,0.0,16,4.66034750000108,
gfs,gfs_20260703_00z_f006,2026-07-03,0,6,2026-07-03T00:00:00Z,2026-07-03T06:00:00Z,2026-07-03T06:00:00Z,issued_at_utc + 6h conservative NOMADS buffer,,raw\gfs\20260703\gfs_20260703_00z_f006.grib2,11322443,14c7c2ac31fef017c9394c9669e11769dafb391e282c23c2eb7f07c8ab5b5f91,hko:HKO,Hong Kong Observatory,22.301944,114.174167,22.25,114.25,2026-07-03T00:00:00Z,2026-07-03T06:00:00Z,31.600000381469727,50.29999923706055,-7.350459098815918,2.1842381954193115,29.488366699218773,24.291497802734398,29.605187988281273,28.302117919921898,73.69999694824219,1009.671875,998.0,32.2914978027344,-1.7578125,4.75,10.223081588745117,822.0,16,4.166937100002542,
gfs,gfs_20260703_00z_f048,2026-07-03,0,48,2026-07-03T00:00:00Z,2026-07-05T00:00:00Z,2026-07-03T06:00:00Z,issued_at_utc + 6h conservative NOMADS buffer,,raw\gfs\20260703\gfs_20260703_00z_f048.grib2,10565065,9a73e38d51533cb8687952508f268ee548d7320ef4375bfeb048fe66b02b10e1,hko:HKO,Hong Kong Observatory,22.301944,114.174167,22.25,114.25,2026-07-03T00:00:00Z,2026-07-05T00:00:00Z,100.0,100.0,-1.49676513671875,8.9761381149292,28.164544677734398,25.576623535156273,28.289941406250023,27.899713134765648,85.69999694824219,1008.028671875,1826.0,28.257348632812523,-0.0797119140625,9.125,12.400134086608887,48.768001556396484,16,4.200488200003747,
gfs,gfs_20260703_00z_f018,2026-07-03,0,18,2026-07-03T00:00:00Z,2026-07-03T18:00:00Z,2026-07-03T06:00:00Z,issued_at_utc + 6h conservative NOMADS buffer,,raw\gfs\20260703\gfs_20260703_00z_f018.grib2,11348813,2a93df85660e3e995b21717e8d56b8142cd5bd09505b8727e9c7dbea726c2059,hko:HKO,Hong Kong Observatory,22.301944,114.174167,22.25,114.25,2026-07-03T00:00:00Z,2026-07-03T18:00:00Z,100.0,98.30000305175781,-4.636916637420654,6.350483417510986,28.067926025390648,24.981683349609398,28.432214355468773,27.795098876953148,83.5999984741211,1008.82859375,1201.0,27.945123291015648,-0.4332275390625,9.8125,10.332798957824707,0.0,16,4.156808300002012,
gfs,gfs_20260703_06z_f006,2026-07-03,6,6,2026-07-03T06:00:00Z,2026-07-03T12:00:00Z,2026-07-03T12:00:00Z,issued_at_utc + 6h conservative NOMADS buffer,,raw\gfs\20260703\gfs_20260703_06z_f006.grib2,11341043,4354d8c2ac04cf9da1b91c049ec107ad37a175801466d6440a5c4229cbc19702,hko:HKO,Hong Kong Observatory,22.301944,114.174167,22.25,114.25,2026-07-03T06:00:00Z,2026-07-03T12:00:00Z,99.5999984741211,72.4000015258789,-5.42275857925415,5.227612495422363,27.849969482421898,25.249993896484398,29.390710449218773,27.794641113281273,85.69999694824219,1009.543203125,1396.0,28.340203857421898,-1.314697265625,7.375,10.933176040649414,390.4960021972656,16,4.126813999959268,
gfs,gfs_20260703_00z_f042,2026-07-03,0,42,2026-07-03T00:00:00Z,2026-07-04T18:00:00Z,2026-07-03T06:00:00Z,issued_at_utc + 6h conservative NOMADS buffer,,raw\gfs\20260703\gfs_20260703_00z_f042.grib2,10632254,7d99044a543b3f1af5ea40543bab693f359d61c40f08bd0ae3ca4bd934b701c7,hko:HKO,Hong Kong Observatory,22.301944,114.174167,22.25,114.25,2026-07-03T00:00:00Z,2026-07-04T18:00:00Z,100.0,100.0,-1.5564391613006592,8.390759468078613,28.149987792968773,25.749993896484398,28.365472412109398,27.850000000000023,87.0999984741211,1007.238984375,2026.0,27.850000000000023,0.329833984375,8.6875,12.140117645263672,0.0,16,4.0230425000190735,
gfs,gfs_20260703_06z_f003,2026-07-03,6,3,2026-07-03T06:00:00Z,2026-07-03T09:00:00Z,2026-07-03T12:00:00Z,issued_at_utc + 6h conservative NOMADS buffer,,raw\gfs\20260703\gfs_20260703_06z_f003.grib2,11071769,da6bcaea1d4d42dcbd7b5cb4a6b71b5359dc2ab3a767512ef39ce25c179d4d60,hko:HKO,Hong Kong Observatory,22.301944,114.174167,22.25,114.25,2026-07-03T06:00:00Z,2026-07-03T09:00:00Z,65.4000015258789,44.900001525878906,-6.675649642944336,3.3117237091064453,28.768151855468773,24.808496093750023,29.225488281250023,28.594659423828148,79.5,1008.77078125,1169.0,30.595086669921898,-0.3211669921875,3.1875,10.628800392150879,671.0,16,4.106040499988012,
gfs,gfs_20260703_06z_f015,2026-07-03,6,15,2026-07-03T06:00:00Z,2026-07-03T21:00:00Z,2026-07-03T12:00:00Z,issued_at_utc + 6h conservative NOMADS buffer,,raw\gfs\20260703\gfs_20260703_06z_f015.grib2,11084971,ef8d7ec6b6b38aea4bdf16fb4f8edc4f7ac37cea4dd57bd2214cbbfde90c7398,hko:HKO,Hong Kong Observatory,22.301944,114.174167,22.25,114.25,2026-07-03T06:00:00Z,2026-07-03T21:00:00Z,85.5999984741211,99.80000305175781,-4.675957202911377,5.565288066864014,27.730126953125023,24.941491699218773,27.844323730468773,27.607873535156273,84.5,1008.364609375,1193.0,27.615777587890648,-0.61279296875,5.6875,9.725948333740234,0.0,16,4.104174300038721,
gfs,gfs_20260703_06z_f009,2026-07-03,6,9,2026-07-03T06:00:00Z,2026-07-03T15:00:00Z,2026-07-03T12:00:00Z,issued_at_utc + 6h conservative NOMADS buffer,,raw\gfs\20260703\gfs_20260703_06z_f009.grib2,11071320,3f76018ff09c9802f4e662806a651e973995d256616fd9b1018627a349d0c8c4,hko:HKO,Hong Kong Observatory,22.301944,114.174167,22.25,114.25,2026-07-03T06:00:00Z,2026-07-03T15:00:00Z,99.5,98.69999694824219,-4.687255859375,5.819194316864014,27.994256591796898,25.195092773437523,28.306054687500023,27.769952392578148,84.69999694824219,1010.65171875,1319.0,28.023248291015648,-0.2088623046875,5.4375,11.512486457824707,0.0,16,4.167079999984708,
gfs,gfs_20260703_06z_f012,2026-07-03,6,12,2026-07-03T06:00:00Z,2026-07-03T18:00:00Z,2026-07-03T12:00:00Z,issued_at_utc + 6h conservative NOMADS buffer,,raw\gfs\20260703\gfs_20260703_06z_f012.grib2,11317076,5942f643106b59a4be7abcd3ca002b045d0899393c1f5d5de0491227d89198a5,hko:HKO,Hong Kong Observatory,22.301944,114.174167,22.25,114.25,2026-07-03T06:00:00Z,2026-07-03T18:00:00Z,100.0,99.4000015258789,-4.572153091430664,5.329321384429932,27.645104980468773,24.800683593750023,28.536218261718773,27.569940185546898,84.80000305175781,1009.21578125,1021.0,27.754876708984398,-4.7174072265625,8.375,10.517134666442871,0.0,16,4.051773999992292,
gfs,gfs_20260703_06z_f036,2026-07-03,6,36,2026-07-03T06:00:00Z,2026-07-04T18:00:00Z,2026-07-03T12:00:00Z,issued_at_utc + 6h conservative NOMADS buffer,,raw\gfs\20260703\gfs_20260703_06z_f036.grib2,10614641,3e773b324775cc42848f1942cc242ea465b611271ec301658755535e482ff9cc,hko:HKO,Hong Kong Observatory,22.301944,114.174167,22.25,114.25,2026-07-03T06:00:00Z,2026-07-04T18:00:00Z,100.0,100.0,-2.556994676589966,8.080240249633789,28.350000000000023,25.925561523437523,28.661096191406273,28.149987792968773,87.19999694824219,1007.214453125,2349.0,27.850000000000023,0.0810546875,6.125,12.311841011047363,0.0,16,3.946521300007589,
gfs,gfs_20260703_06z_f018,2026-07-03,6,18,2026-07-03T06:00:00Z,2026-07-04T00:00:00Z,2026-07-03T12:00:00Z,issued_at_utc + 6h conservative NOMADS buffer,,raw\gfs\20260703\gfs_20260703_06z_f018.grib2,11396954,79019c285d3bb1e1b5d1b5b30567a0e8e1bb9bf5da0d02387526fbb7f1b23eb1,hko:HKO,Hong Kong Observatory,22.301944,114.174167,22.25,114.25,2026-07-03T06:00:00Z,2026-07-04T00:00:00Z,100.0,98.80000305175781,-4.177768707275391,6.720439434051514,27.961694335937523,24.956994628906273,28.075769042968773,27.607873535156273,83.5,1009.6075,1144.0,28.159753417968773,-2.01416015625,13.9375,11.221222877502441,33.20000076293945,16,4.142336999997497,
gfs,gfs_20260703_06z_f045,2026-07-03,6,45,2026-07-03T06:00:00Z,2026-07-05T03:00:00Z,2026-07-03T12:00:00Z,issued_at_utc + 6h conservative NOMADS buffer,,raw\gfs\20260703\gfs_20260703_06z_f045.grib2,10360946,d0b809cb1eeee541c43e84ee3910754aac3f03441f0df21b11990a42975244b7,hko:HKO,Hong Kong Observatory,22.301944,114.174167,22.25,114.25,2026-07-03T06:00:00Z,2026-07-05T03:00:00Z,100.0,100.0,-1.8592650890350342,9.216052055358887,28.662103271484398,25.949975585937523,28.755456542968773,28.149987792968773,85.0999984741211,1008.46109375,2175.0,29.379571533203148,0.2760009765625,2.5625,12.70465087890625,611.2000122070312,16,4.072862699977122,
gfs,gfs_20260703_12z_f000,2026-07-03,12,0,2026-07-03T12:00:00Z,2026-07-03T12:00:00Z,2026-07-03T18:00:00Z,issued_at_utc + 6h conservative NOMADS buffer,,raw\gfs\20260703\gfs_20260703_12z_f000.grib2,6830749,7fa6f8f284f47e30a51d2e9b77c1a812a19ade5157170277a322de5cdec90e8a,,,,,,,,,,,,,,,,,,,,,,,,,0,0.00010920001659542322,Skipped f000 analysis/initialization lead; fetched and cataloged but not decoded for forward T-24 features.
gfs,gfs_20260703_06z_f027,2026-07-03,6,27,2026-07-03T06:00:00Z,2026-07-04T09:00:00Z,2026-07-03T12:00:00Z,issued_at_utc + 6h conservative NOMADS buffer,,raw\gfs\20260703\gfs_20260703_06z_f027.grib2,10456713,2a94e0455167e1325defdb2d6a50746298313798b8f426385c4071088bdd8738,hko:HKO,Hong Kong Observatory,22.301944,114.174167,22.25,114.25,2026-07-03T06:00:00Z,2026-07-04T09:00:00Z,100.0,100.0,-3.1345458030700684,6.641345024108887,28.254754638671898,25.552331542968773,28.662805175781273,28.054681396484398,85.69999694824219,1007.375703125,1754.0,28.376794433593773,-0.53076171875,4.0,10.801542282104492,195.66000366210938,16,4.68173760001082,
gfs,gfs_20260703_06z_f024,2026-07-03,6,24,2026-07-03T06:00:00Z,2026-07-04T06:00:00Z,2026-07-03T12:00:00Z,issued_at_utc + 6h conservative NOMADS buffer,,raw\gfs\20260703\gfs_20260703_06z_f024.grib2,11285853,cbc59c529280ec81afd002c23972cd5bae1767ff02f237e4d907d157638516de,hko:HKO,Hong Kong Observatory,22.301944,114.174167,22.25,114.25,2026-07-03T06:00:00Z,2026-07-04T06:00:00Z,100.0,100.0,-3.984868049621582,6.906206130981445,28.461724853515648,25.454675292968773,28.866418457031273,27.861260986328148,83.5,1008.431875,1627.0,29.358789062500023,-0.758544921875,8.375,11.111841201782227,381.343994140625,16,4.547018500044942,
gfs,gfs_20260703_12z_f003,2026-07-03,12,3,2026-07-03T12:00:00Z,2026-07-03T15:00:00Z,2026-07-03T18:00:00Z,issued_at_utc + 6h conservative NOMADS buffer,,raw\gfs\20260703\gfs_20260703_12z_f003.grib2,10198702,7bdca01e86a552965c3b2aafb311e6f6111527ddae88cec2421d1b7e2ef90206,hko:HKO,Hong Kong Observatory,22.301944,114.174167,22.25,114.25,2026-07-03T12:00:00Z,2026-07-03T15:00:00Z,100.0,99.5999984741211,-5.083132743835449,5.7870025634765625,28.060144042968773,25.258996582031273,28.549981689453148,27.795098876953148,85.19999694824219,1010.74328125,1481.0,28.030358886718773,-1.4736328125,4.4375,11.144876480102539,0.0,16,4.447168199985754,
gfs,gfs_20260703_06z_f021,2026-07-03,6,21,2026-07-03T06:00:00Z,2026-07-04T03:00:00Z,2026-07-03T12:00:00Z,issued_at_utc + 6h conservative NOMADS buffer,,raw\gfs\20260703\gfs_20260703_06z_f021.grib2,11179220,23aca583167bc627c17a1d55e3d68f020d71abd1c946402aaa650864aab795a6,hko:HKO,Hong Kong Observatory,22.301944,114.174167,22.25,114.25,2026-07-03T06:00:00Z,2026-07-04T03:00:00Z,100.0,100.0,-3.8709325790405273,7.074721813201904,28.303186035156273,25.296166992187523,28.466394042968773,27.864068603515648,83.69999694824219,1009.890625,1557.0,28.966394042968773,-2.42578125,5.5625,11.412109375,307.343994140625,16,4.395874500041828,
gfs,gfs_20260703_06z_f039,2026-07-03,6,39,2026-07-03T06:00:00Z,2026-07-04T21:00:00Z,2026-07-03T12:00:00Z,issued_at_utc + 6h conservative NOMADS buffer,,raw\gfs\20260703\gfs_20260703_06z_f039.grib2,10347008,8bb19f504a116a58930474980e4427aada5ecdcc0b678d503d0e387f31cbdc5b,hko:HKO,Hong Kong Observatory,22.301944,114.174167,22.25,114.25,2026-07-03T06:00:00Z,2026-07-04T21:00:00Z,100.0,100.0,-1.813073754310608,8.9488525390625,27.925561523437523,25.525567626953148,28.398339843750023,27.899713134765648,86.4000015258789,1006.55390625,1784.0,27.649987792968773,-0.490234375,4.1875,12.511008262634277,0.0,16,4.33555969997542,
gfs,gfs_20260703_12z_f009,2026-07-03,12,9,2026-07-03T12:00:00Z,2026-07-03T21:00:00Z,2026-07-03T18:00:00Z,issued_at_utc + 6h conservative NOMADS buffer,,raw\gfs\20260703\gfs_20260703_12z_f009.grib2,10234218,de77275862bbead23ef68c4876c709e80d4660763165e6efe57781ac6c46cd42,hko:HKO,Hong Kong Observatory,22.301944,114.174167,22.25,114.25,2026-07-03T12:00:00Z,2026-07-03T21:00:00Z,100.0,100.0,-3.272979736328125,7.424160957336426,27.938623046875023,25.247155761718773,28.030816650390648,27.647424316406273,84.9000015258789,1008.763515625,1597.0,27.749993896484398,-0.384521484375,6.0,10.60025405883789,0.0,16,4.457520500000101,
gfs,gfs_20260703_06z_f033,2026-07-03,6,33,2026-07-03T06:00:00Z,2026-07-04T15:00:00Z,2026-07-03T12:00:00Z,issued_at_utc + 6h conservative NOMADS buffer,,raw\gfs\20260703\gfs_20260703_06z_f033.grib2,10394107,49e0279577adfe61ebab3500ae89847766a64b4bf70100ba38bd8b82cc0c3741,hko:HKO,Hong Kong Observatory,22.301944,114.174167,22.25,114.25,2026-07-03T06:00:00Z,2026-07-04T15:00:00Z,100.0,100.0,-2.465924024581909,7.854815483093262,28.574426269531273,26.244104003906273,28.661096191406273,28.174432373046898,86.9000015258789,1008.7340625,2566.0,28.050012207031273,-0.03466796875,3.3125,12.109041213989258,0.0,16,4.364421100006439,
gfs,gfs_20260703_06z_f042,2026-07-03,6,42,2026-07-03T06:00:00Z,2026-07-05T00:00:00Z,2026-07-03T12:00:00Z,issued_at_utc + 6h conservative NOMADS buffer,,raw\gfs\20260703\gfs_20260703_06z_f042.grib2,10557948,4fd7b062c44498854322bef02e24f090e92ce1aebab92ff33c71af917ac9a846,hko:HKO,Hong Kong Observatory,22.301944,114.174167,22.25,114.25,2026-07-03T06:00:00Z,2026-07-05T00:00:00Z,100.0,100.0,-1.3615601062774658,8.848116874694824,28.200708007812523,25.754693603515648,28.411920166015648,27.856103515625023,86.4000015258789,1008.12359375,2079.0,28.289056396484398,0.29443359375,7.375,12.412988662719727,42.880001068115234,16,4.514691499993205,
gfs,gfs_20260703_06z_f030,2026-07-03,6,30,2026-07-03T06:00:00Z,2026-07-04T12:00:00Z,2026-07-03T12:00:00Z,issued_at_utc + 6h conservative NOMADS buffer,,raw\gfs\20260703\gfs_20260703_06z_f030.grib2,10545143,ccecd0cb3d77a12a33aad0f6d1ffb75347e0209671dd14d909f9bd43557126b3,hko:HKO,Hong Kong Observatory,22.301944,114.174167,22.25,114.25,2026-07-03T06:00:00Z,2026-07-04T12:00:00Z,100.0,100.0,-2.45001220703125,8.21112060546875,28.225549316406273,25.861047363281273,28.862817382812523,27.825555419921898,86.9000015258789,1008.20015625,2010.0,27.950006103515648,-0.413818359375,8.25,12.338822364807129,114.0479965209961,16,4.229560000007041,
gfs,gfs_20260703_12z_f006,2026-07-03,12,6,2026-07-03T12:00:00Z,2026-07-03T18:00:00Z,2026-07-03T18:00:00Z,issued_at_utc + 6h conservative NOMADS buffer,,raw\gfs\20260703\gfs_20260703_12z_f006.grib2,10443383,600da88cce842ff2d7dc8b019e43e83090bf4c9c98dd2eba2b06387395789c5f,hko:HKO,Hong Kong Observatory,22.301944,114.174167,22.25,114.25,2026-07-03T12:00:00Z,2026-07-03T18:00:00Z,96.19999694824219,99.80000305175781,-3.979565382003784,6.365801811218262,27.698083496093773,25.000695800781273,28.536218261718773,27.695092773437523,85.19999694824219,1009.59234375,1304.0,27.850000000000023,-2.4835205078125,8.625,11.016199111938477,0.0,16,4.233138700015843,
gfs,gfs_20260703_12z_f018,2026-07-03,12,18,2026-07-03T12:00:00Z,2026-07-04T06:00:00Z,2026-07-03T18:00:00Z,issued_at_utc + 6h conservative NOMADS buffer,,raw\gfs\20260703\gfs_20260703_12z_f018.grib2,10459501,c6df26f8f4b18159bfb3ea9a97d354b8e8028432eb5e2b96e51eabe7edab4f7e,hko:HKO,Hong Kong Observatory,22.301944,114.174167,22.25,114.25,2026-07-03T12:00:00Z,2026-07-04T06:00:00Z,100.0,99.9000015258789,-4.079125881195068,6.7985992431640625,28.472650146484398,25.561730957031273,28.905297851562523,27.766412353515648,84.30000305175781,1008.73484375,1788.0,29.277673339843773,-0.67724609375,11.125,11.332854270935059,357.1520080566406,16,4.277930099982768,
gfs,gfs_20260703_12z_f027,2026-07-03,12,27,2026-07-03T12:00:00Z,2026-07-04T15:00:00Z,2026-07-03T18:00:00Z,issued_at_utc + 6h conservative NOMADS buffer,,raw\gfs\20260703\gfs_20260703_12z_f027.grib2,10361506,9da4155039935b43596647a852219beadfbd969d64f2c9ac1c286bee2df7c604,hko:HKO,Hong Kong Observatory,22.301944,114.174167,22.25,114.25,2026-07-03T12:00:00Z,2026-07-04T15:00:00Z,100.0,100.0,-2.1502137184143066,7.381201267242432,28.450006103515648,25.799707031250023,28.552331542968773,28.255181884765648,85.4000015258789,1008.777109375,1990.0,27.950006103515648,0.056396484375,2.6875,11.705917358398438,0.0,16,4.284436399990227,
gfs,gfs_20260703_12z_f024,2026-07-03,12,24,2026-07-03T12:00:00Z,2026-07-04T12:00:00Z,2026-07-03T18:00:00Z,issued_at_utc + 6h conservative NOMADS buffer,,raw\gfs\20260703\gfs_20260703_12z_f024.grib2,10529064,abce067cfcb626aefc53ec6c2b613728c02ad61041a7984ccdba1a9d620d7b6e,hko:HKO,Hong Kong Observatory,22.301944,114.174167,22.25,114.25,2026-07-03T12:00:00Z,2026-07-04T12:00:00Z,100.0,100.0,-0.819598376750946,7.655792236328125,28.447961425781273,25.478936767578148,29.235498046875023,28.081292724609398,84.19999694824219,1008.123203125,1828.0,28.050012207031273,0.297607421875,4.0,11.510223388671875,206.9600067138672,16,4.218727400002535,
gfs,gfs_20260703_12z_f030,2026-07-03,12,30,2026-07-03T12:00:00Z,2026-07-04T18:00:00Z,2026-07-03T18:00:00Z,issued_at_utc + 6h conservative NOMADS buffer,,raw\gfs\20260703\gfs_20260703_12z_f030.grib2,10571981,d55be245f1945e7c540690ec99de7f0a2040335eacc15c7d3384e7db0b236b69,hko:HKO,Hong Kong Observatory,22.301944,114.174167,22.25,114.25,2026-07-03T12:00:00Z,2026-07-04T18:00:00Z,100.0,100.0,-1.6837646961212158,8.044354438781738,28.374475097656273,25.850000000000023,28.681268310546898,28.174462890625023,86.69999694824219,1007.320546875,2338.0,27.861077880859398,0.06982421875,4.6875,11.707178115844727,0.0,16,4.055246400006581,
gfs,gfs_20260703_12z_f015,2026-07-03,12,15,2026-07-03T12:00:00Z,2026-07-04T03:00:00Z,2026-07-03T18:00:00Z,issued_at_utc + 6h conservative NOMADS buffer,,raw\gfs\20260703\gfs_20260703_12z_f015.grib2,10380885,d62e7d272a21d46cbfc855572e8b7c7c29f5ec406fcb01288314886f06c07b0c,hko:HKO,Hong Kong Observatory,22.301944,114.174167,22.25,114.25,2026-07-03T12:00:00Z,2026-07-04T03:00:00Z,100.0,100.0,-3.9238128662109375,6.988919258117676,28.371667480468773,25.568750000000023,28.405297851562523,27.715295410156273,84.5999984741211,1009.90078125,1840.0,28.679528808593773,-1.09814453125,6.875,11.805301666259766,263.1199951171875,16,4.066173400031403,
gfs,gfs_20260703_06z_f048,2026-07-03,6,48,2026-07-03T06:00:00Z,2026-07-05T06:00:00Z,2026-07-03T12:00:00Z,issued_at_utc + 6h conservative NOMADS buffer,,raw\gfs\20260703\gfs_20260703_06z_f048.grib2,10550360,8afd00b9d2ef6715032c0d3cacbfea9f49273c1d3a9bf1609f22798420de70df,hko:HKO,Hong Kong Observatory,22.301944,114.174167,22.25,114.25,2026-07-03T06:00:00Z,2026-07-05T06:00:00Z,100.0,100.0,-1.0362365245819092,9.418100357055664,28.862115478515648,25.950006103515648,28.955773925781273,28.162103271484398,84.4000015258789,1007.00359375,2298.0,29.658898925781273,-0.0797119140625,5.125,12.606658935546875,732.8800048828125,16,4.2839663999620825,
gfs,gfs_20260703_12z_f012,2026-07-03,12,12,2026-07-03T12:00:00Z,2026-07-04T00:00:00Z,2026-07-03T18:00:00Z,issued_at_utc + 6h conservative NOMADS buffer,,raw\gfs\20260703\gfs_20260703_12z_f012.grib2,10553624,c775de9e2ed0e1cc87d5c946d97a7310a42cfe21e942ce2eb0a0f6f9652cbd42,hko:HKO,Hong Kong Observatory,22.301944,114.174167,22.25,114.25,2026-07-03T12:00:00Z,2026-07-04T00:00:00Z,100.0,100.0,-3.694262742996216,7.340252876281738,27.689080810546898,25.210443115234398,28.110437011718773,27.447412109375023,86.5,1009.69515625,1484.0,27.916345214843773,-3.3765869140625,16.25,11.501150131225586,29.18400001525879,16,3.9085454999585636,
gfs,gfs_20260703_12z_f033,2026-07-03,12,33,2026-07-03T12:00:00Z,2026-07-04T21:00:00Z,2026-07-03T18:00:00Z,issued_at_utc + 6h conservative NOMADS buffer,,raw\gfs\20260703\gfs_20260703_12z_f033.grib2,10324610,d390fe1242aa3afee9369fbaa902df9c4c3ea88a155ca9ac35fb0dfb6e325fc0,hko:HKO,Hong Kong Observatory,22.301944,114.174167,22.25,114.25,2026-07-03T12:00:00Z,2026-07-04T21:00:00Z,100.0,100.0,-0.722625732421875,8.782177925109863,27.859368896484398,25.432855224609398,28.338952636718773,27.857019042968773,86.69999694824219,1006.815,1868.0,27.757348632812523,-0.17529296875,4.125,12.200111389160156,0.0,16,3.9217135999933816,
gfs,gfs_20260703_12z_f036,2026-07-03,12,36,2026-07-03T12:00:00Z,2026-07-05T00:00:00Z,2026-07-03T18:00:00Z,issued_at_utc + 6h conservative NOMADS buffer,,raw\gfs\20260703\gfs_20260703_12z_f036.grib2,10517005,d87de5427463ae62ed223b71d4ee44c87cc56dda0620de4c17f5219088044203,hko:HKO,Hong Kong Observatory,22.301944,114.174167,22.25,114.25,2026-07-03T12:00:00Z,2026-07-05T00:00:00Z,100.0,100.0,-0.7491210699081421,8.683923721313477,28.086480712890648,25.554681396484398,28.422570800781273,27.786462402343773,86.30000305175781,1008.229609375,1937.0,28.053704833984398,-0.353515625,9.375,12.305310249328613,33.64799880981445,16,3.9310277000186034,
gfs,gfs_20260703_12z_f042,2026-07-03,12,42,2026-07-03T12:00:00Z,2026-07-05T06:00:00Z,2026-07-03T18:00:00Z,issued_at_utc + 6h conservative NOMADS buffer,,raw\gfs\20260703\gfs_20260703_12z_f042.grib2,10511811,072f53ccbb05b162e2163f28cf949246b5328f2fdda4cf31a071aa294a14d435,hko:HKO,Hong Kong Observatory,22.301944,114.174167,22.25,114.25,2026-07-03T12:00:00Z,2026-07-05T06:00:00Z,100.0,100.0,-0.819592297077179,8.827807426452637,28.651910400390648,26.003472900390648,28.761712646484398,28.051904296875023,85.19999694824219,1007.056640625,2386.0,28.986291503906273,-0.281005859375,5.875,12.304817199707031,446.33599853515625,16,3.925529500003904,
gfs,gfs_20260703_12z_f021,2026-07-03,12,21,2026-07-03T12:00:00Z,2026-07-04T09:00:00Z,2026-07-03T18:00:00Z,issued_at_utc + 6h conservative NOMADS buffer,,raw\gfs\20260703\gfs_20260703_12z_f021.grib2,10392915,1f95ae98a7d28d4f3a4e03bf3733fe9f94a232a09ee9af98ab3ad9cef7a0ea10,hko:HKO,Hong Kong Observatory,22.301944,114.174167,22.25,114.25,2026-07-03T12:00:00Z,2026-07-04T09:00:00Z,100.0,100.0,-3.027416944503784,7.9486846923828125,28.952355957031273,25.749993896484398,29.135491943359398,28.457025146484398,82.80000305175781,1007.7028125,2110.0,29.457482910156273,-0.2325439453125,2.25,11.71942138671875,368.760009765625,16,3.7293667000485584,
gfs,gfs_20260703_12z_f039,2026-07-03,12,39,2026-07-03T12:00:00Z,2026-07-05T03:00:00Z,2026-07-03T18:00:00Z,issued_at_utc + 6h conservative NOMADS buffer,,raw\gfs\20260703\gfs_20260703_12z_f039.grib2,10338986,fddf07485210f648d3963cc61b5e8d0d40f8dabee85f611939fa7f6a420ac643,hko:HKO,Hong Kong Observatory,22.301944,114.174167,22.25,114.25,2026-07-03T12:00:00Z,2026-07-05T03:00:00Z,100.0,100.0,-1.1267273426055908,8.567682266235352,28.574212646484398,26.149987792968773,28.584130859375023,28.074212646484398,86.69999694824219,1008.52140625,2430.0,28.826226806640648,0.237548828125,3.375,12.402342796325684,323.5360107421875,16,3.8158483000006527,
gfs,gfs_20260703_18z_f021,2026-07-03,18,21,2026-07-03T18:00:00Z,2026-07-04T15:00:00Z,2026-07-04T00:00:00Z,issued_at_utc + 6h conservative NOMADS buffer,,raw\gfs\20260703\gfs_20260703_18z_f021.grib2,10304987,07026c774046bd1fc5d20797ad007453e9bbd05c287b0829d0972a6d8fa1e702,hko:HKO,Hong Kong Observatory,22.301944,114.174167,22.25,114.25,2026-07-03T18:00:00Z,2026-07-04T15:00:00Z,100.0,87.9000015258789,-2.421917676925659,6.44952392578125,28.349969482421898,26.061059570312523,28.537072753906273,27.966210937500023,87.30000305175781,1009.445234375,2408.0,27.972100830078148,-0.3172607421875,2.6875,10.199999809265137,0.0,16,3.8099361999775283,
gfs,gfs_20260703_12z_f048,2026-07-03,12,48,2026-07-03T12:00:00Z,2026-07-05T12:00:00Z,2026-07-03T18:00:00Z,issued_at_utc + 6h conservative NOMADS buffer,,raw\gfs\20260703\gfs_20260703_12z_f048.grib2,10606544,cf9fcd9aa4f2d13981a6415c1fadceea46950cb23cf668c672aa8736051d16f6,hko:HKO,Hong Kong Observatory,22.301944,114.174167,22.25,114.25,2026-07-03T12:00:00Z,2026-07-05T12:00:00Z,100.0,100.0,-0.30720824003219604,8.614819526672363,28.205590820312523,25.949975585937523,28.810540771484398,27.905603027343773,87.5999984741211,1007.306484375,2333.0,27.875512695312523,0.3912353515625,5.8125,12.320921897888184,294.35198974609375,16,3.8237238000147045,
gfs,gfs_20260703_18z_f003,2026-07-03,18,3,2026-07-03T18:00:00Z,2026-07-03T21:00:00Z,2026-07-04T00:00:00Z,issued_at_utc + 6h conservative NOMADS buffer,,raw\gfs\20260703\gfs_20260703_18z_f003.grib2,10138004,558cd773b7cede4c5e9a19fa083aeefca5da2f7b0bc5cf3cf933acde89a048c8,hko:HKO,Hong Kong Observatory,22.301944,114.174167,22.25,114.25,2026-07-03T18:00:00Z,2026-07-03T21:00:00Z,100.0,100.0,-3.382183790206909,6.869378566741943,28.089715576171898,25.341485595703148,28.030114746093773,27.707849121093773,85.19999694824219,1009.11734375,1838.0,27.649987792968773,-0.40478515625,6.3125,10.218539237976074,0.0,16,4.028469700017013,
gfs,gfs_20260703_18z_f006,2026-07-03,18,6,2026-07-03T18:00:00Z,2026-07-04T00:00:00Z,2026-07-04T00:00:00Z,issued_at_utc + 6h conservative NOMADS buffer,,raw\gfs\20260703\gfs_20260703_18z_f006.grib2,10384251,ebadd4679cefb51f7f93008e30ff467a964978733abaee85645870e2eb09442f,hko:HKO,Hong Kong Observatory,22.301944,114.174167,22.25,114.25,2026-07-03T18:00:00Z,2026-07-04T00:00:00Z,100.0,100.0,-3.572296142578125,7.936517238616943,28.111199951171898,25.494256591796898,28.219415283203148,27.607843017578148,85.5999984741211,1010.148984375,1901.0,27.925592041015648,-0.0052490234375,13.5625,11.900596618652344,26.86400032043457,16,4.072569500014652,
gfs,gfs_20260703_18z_f000,2026-07-03,18,0,2026-07-03T18:00:00Z,2026-07-03T18:00:00Z,2026-07-04T00:00:00Z,issued_at_utc + 6h conservative NOMADS buffer,,raw\gfs\20260703\gfs_20260703_18z_f000.grib2,6848834,6fe3b9a9796ad3cebc0eff2e3cdb441c968be4f37b228979511abfc340e27a7f,,,,,,,,,,,,,,,,,,,,,,,,,0,0.00011239998275414109,Skipped f000 analysis/initialization lead; fetched and cataloged but not decoded for forward T-24 features.
gfs,gfs_20260703_12z_f045,2026-07-03,12,45,2026-07-03T12:00:00Z,2026-07-05T09:00:00Z,2026-07-03T18:00:00Z,issued_at_utc + 6h conservative NOMADS buffer,,raw\gfs\20260703\gfs_20260703_12z_f045.grib2,10362025,a013aa5239e70ac2b699bd6815e7ffd3dd353503035a87b6918ba21f706e2a04,hko:HKO,Hong Kong Observatory,22.301944,114.174167,22.25,114.25,2026-07-03T12:00:00Z,2026-07-05T09:00:00Z,100.0,100.0,-1.181677222251892,8.941357612609863,28.400994873046898,25.850000000000023,28.810540771484398,28.200982666015648,86.0999984741211,1006.0246875,2261.0,28.641107177734398,0.0191650390625,3.4375,12.315108299255371,504.4800109863281,16,4.0254138999735005,
gfs,gfs_20260703_18z_f018,2026-07-03,18,18,2026-07-03T18:00:00Z,2026-07-04T12:00:00Z,2026-07-04T00:00:00Z,issued_at_utc + 6h conservative NOMADS buffer,,raw\gfs\20260703\gfs_20260703_18z_f018.grib2,10503712,5e42090a080312ad14e97f7c158e4909e62418d80e655d46f1e5c47814696eb5,hko:HKO,Hong Kong Observatory,22.301944,114.174167,22.25,114.25,2026-07-03T18:00:00Z,2026-07-04T12:00:00Z,100.0,100.0,-1.8192780017852783,5.687436103820801,28.347985839843773,25.549981689453148,29.364068603515648,27.150323486328148,84.69999694824219,1009.081484375,1820.0,28.149987792968773,-0.6529541015625,8.0625,9.731709480285645,212.94400024414062,16,4.130488199996762,
gfs,gfs_20260703_18z_f024,2026-07-03,18,24,2026-07-03T18:00:00Z,2026-07-04T18:00:00Z,2026-07-04T00:00:00Z,issued_at_utc + 6h conservative NOMADS buffer,,raw\gfs\20260703\gfs_20260703_18z_f024.grib2,10554727,aa894a98db0cf7af91ff9a0f338c18e2b6aa1a42affce9cee200e05e5a731f46,hko:HKO,Hong Kong Observatory,22.301944,114.174167,22.25,114.25,2026-07-03T18:00:00Z,2026-07-04T18:00:00Z,100.0,93.9000015258789,-1.324487328529358,7.375109672546387,28.115197753906273,25.852349853515648,28.552331542968773,27.998895263671898,87.4000015258789,1008.065234375,2260.0,27.868493652343773,0.373291015625,5.375,10.915575981140137,0.0,16,4.324293299985584,
gfs,gfs_20260703_18z_f045,2026-07-03,18,45,2026-07-03T18:00:00Z,2026-07-05T15:00:00Z,2026-07-04T00:00:00Z,issued_at_utc + 6h conservative NOMADS buffer,,raw\gfs\20260703\gfs_20260703_18z_f045.grib2,10422946,d09ddd9743e4012e5f4116dd6f31c7a2b9fa6130dfb515cb2fba27850c57c9ca,hko:HKO,Hong Kong Observatory,22.301944,114.174167,22.25,114.25,2026-07-03T18:00:00Z,2026-07-05T15:00:00Z,100.0,100.0,-0.964556872844696,8.442151069641113,28.012872314453148,25.675500488281273,28.451989746093773,28.026513671875023,87.30000305175781,1008.086640625,2016.0,27.770318603515648,0.298828125,1.9375,12.211472511291504,0.0,16,4.384572500013746,
gfs,gfs_20260703_18z_f033,2026-07-03,18,33,2026-07-03T18:00:00Z,2026-07-05T03:00:00Z,2026-07-04T00:00:00Z,issued_at_utc + 6h conservative NOMADS buffer,,raw\gfs\20260703\gfs_20260703_18z_f033.grib2,10312945,08b311f4bf329333892ac9b2c3d382a7cb0ef4f4e9482c68669d1393bdf25b8c,hko:HKO,Hong Kong Observatory,22.301944,114.174167,22.25,114.25,2026-07-03T18:00:00Z,2026-07-05T03:00:00Z,100.0,100.0,-1.5311462879180908,8.13824462890625,28.662103271484398,25.849969482421898,28.755181884765648,27.862084960937523,84.80000305175781,1008.89140625,2295.0,29.350000000000023,0.07373046875,5.1875,11.401519775390625,442.0,16,4.357249299995601,
gfs,gfs_20260703_18z_f009,2026-07-03,18,9,2026-07-03T18:00:00Z,2026-07-04T03:00:00Z,2026-07-04T00:00:00Z,issued_at_utc + 6h conservative NOMADS buffer,,raw\gfs\20260703\gfs_20260703_18z_f009.grib2,10209158,12fd045f1e84364ddb8da25024eccd15001425f2f9cc5ae233f10a5e9941ceed,hko:HKO,Hong Kong Observatory,22.301944,114.174167,22.25,114.25,2026-07-03T18:00:00Z,2026-07-04T03:00:00Z,78.0999984741211,100.0,-3.18621826171875,7.97186279296875,28.561914062500023,25.650018310546898,28.663720703125023,27.669763183593773,84.19999694824219,1010.259140625,1904.0,29.360314941406273,0.11181640625,5.8125,12.204629898071289,423.6000061035156,16,4.53409199998714,
gfs,gfs_20260703_18z_f027,2026-07-03,18,27,2026-07-03T18:00:00Z,2026-07-04T21:00:00Z,2026-07-04T00:00:00Z,issued_at_utc + 6h conservative NOMADS buffer,,raw\gfs\20260703\gfs_20260703_18z_f027.grib2,10305083,d206ddcd7a4681806c5a534260491723b1b83181171313fe6c3c5432416bf691,hko:HKO,Hong Kong Observatory,22.301944,114.174167,22.25,114.25,2026-07-03T18:00:00Z,2026-07-04T21:00:00Z,100.0,100.0,-1.888031005859375,7.450262546539307,28.089318847656273,25.654840087890648,28.160943603515648,27.889306640625023,87.19999694824219,1007.181484375,2152.0,27.794244384765648,-0.334716796875,2.6875,10.90921688079834,0.0,16,5.086103099980392,
gfs,gfs_20260703_18z_f036,2026-07-03,18,36,2026-07-03T18:00:00Z,2026-07-05T06:00:00Z,2026-07-04T00:00:00Z,issued_at_utc + 6h conservative NOMADS buffer,,raw\gfs\20260703\gfs_20260703_18z_f036.grib2,10516133,01ccfcc1aee1e113901d71d93eeeaf7d4302dc928c9391dbae6a8dea841c5abd,hko:HKO,Hong Kong Observatory,22.301944,114.174167,22.25,114.25,2026-07-03T18:00:00Z,2026-07-05T06:00:00Z,100.0,100.0,-0.8583313226699829,8.58465576171875,28.581689453125023,25.849969482421898,28.755181884765648,27.881677246093773,85.0,1007.50546875,2239.0,29.176660156250023,-0.06640625,7.75,11.808752059936523,489.23199462890625,16,4.825300900032744,
gfs,gfs_20260703_18z_f030,2026-07-03,18,30,2026-07-03T18:00:00Z,2026-07-05T00:00:00Z,2026-07-04T00:00:00Z,issued_at_utc + 6h conservative NOMADS buffer,,raw\gfs\20260703\gfs_20260703_18z_f030.grib2,10506933,bf9f53c29918789eaa62e64e7e9159a58b332854d3cd5aac930f28069fdc6f1d,hko:HKO,Hong Kong Observatory,22.301944,114.174167,22.25,114.25,2026-07-03T18:00:00Z,2026-07-05T00:00:00Z,100.0,100.0,-0.6347595453262329,8.098480224609375,28.058557128906273,25.552575683593773,28.360925292968773,27.558557128906273,86.19999694824219,1008.883125,1817.0,28.264215087890648,-0.0870361328125,9.125,11.004109382629395,45.007999420166016,16,4.9069455999997444,
gfs,gfs_20260703_18z_f015,2026-07-03,18,15,2026-07-03T18:00:00Z,2026-07-04T09:00:00Z,2026-07-04T00:00:00Z,issued_at_utc + 6h conservative NOMADS buffer,,raw\gfs\20260703\gfs_20260703_18z_f015.grib2,10238041,35c037054c3612cb03bf63b891b520175b61d266decb6916284844da6aa95ace,hko:HKO,Hong Kong Observatory,22.301944,114.174167,22.25,114.25,2026-07-03T18:00:00Z,2026-07-04T09:00:00Z,100.0,100.0,-1.2339599132537842,8.152563095092773,28.267663574218773,25.360620117187523,29.264062500000023,28.167657470703148,84.30000305175781,1008.566328125,1592.0,28.373437500000023,-1.3043212890625,3.8125,11.600000381469727,399.2200012207031,16,4.6989984000101686,
gfs,gfs_20260703_18z_f039,2026-07-03,18,39,2026-07-03T18:00:00Z,2026-07-05T09:00:00Z,2026-07-04T00:00:00Z,issued_at_utc + 6h conservative NOMADS buffer,,raw\gfs\20260703\gfs_20260703_18z_f039.grib2,10343902,077927c5c1e046516b98d8b7d9289075a5d40db5a67c48940d5cc363100a9d83,hko:HKO,Hong Kong Observatory,22.301944,114.174167,22.25,114.25,2026-07-03T18:00:00Z,2026-07-05T09:00:00Z,100.0,100.0,-1.1013000011444092,8.562311172485352,28.352014160156273,25.950006103515648,28.681665039062523,28.252038574218773,86.80000305175781,1006.503125,2368.0,28.402978515625023,-0.2684326171875,3.1875,12.1058988571167,412.8999938964844,16,4.281132100033574,
gfs,gfs_20260704_00z_f000,2026-07-04,0,0,2026-07-04T00:00:00Z,2026-07-04T00:00:00Z,2026-07-04T06:00:00Z,issued_at_utc + 6h conservative NOMADS buffer,,raw\gfs\20260704\gfs_20260704_00z_f000.grib2,6787698,1859e8e389798877abe638071772f54634d1e6863618c0d101b6dd53a86ba5f5,,,,,,,,,,,,,,,,,,,,,,,,,0,0.00010140001541003585,Skipped f000 analysis/initialization lead; fetched and cataloged but not decoded for forward T-24 features.
gfs,gfs_20260703_18z_f042,2026-07-03,18,42,2026-07-03T18:00:00Z,2026-07-05T12:00:00Z,2026-07-04T00:00:00Z,issued_at_utc + 6h conservative NOMADS buffer,,raw\gfs\20260703\gfs_20260703_18z_f042.grib2,10582679,95b712e340a14c8545ff98241f1c027e7767a113935443a9a874836fb4fee738,hko:HKO,Hong Kong Observatory,22.301944,114.174167,22.25,114.25,2026-07-03T18:00:00Z,2026-07-05T12:00:00Z,100.0,100.0,-1.1561768054962158,8.652667045593262,28.435632324218773,25.850000000000023,28.843713378906273,28.091027832031273,86.19999694824219,1007.357109375,2391.0,27.883416748046898,-0.0250244140625,6.0625,12.699999809265137,233.52000427246094,16,4.375553600024432,
gfs,gfs_20260703_18z_f012,2026-07-03,18,12,2026-07-03T18:00:00Z,2026-07-04T06:00:00Z,2026-07-04T00:00:00Z,issued_at_utc + 6h conservative NOMADS buffer,,raw\gfs\20260703\gfs_20260703_18z_f012.grib2,10399597,f32a0d7e72e3896a910524be6f167862e2b42ea8895d38d68737d36b5a728ce3,hko:HKO,Hong Kong Observatory,22.301944,114.174167,22.25,114.25,2026-07-03T18:00:00Z,2026-07-04T06:00:00Z,99.4000015258789,95.0,-2.960235595703125,7.886792182922363,28.965783691406273,25.461083984375023,29.194055175781273,27.669763183593773,81.5,1009.14171875,1866.0,30.971093750000023,-0.360595703125,9.25,11.500761985778809,649.1840209960938,16,4.45854550000513,
gfs,gfs_20260703_18z_f048,2026-07-03,18,48,2026-07-03T18:00:00Z,2026-07-05T18:00:00Z,2026-07-04T00:00:00Z,issued_at_utc + 6h conservative NOMADS buffer,,raw\gfs\20260703\gfs_20260703_18z_f048.grib2,10643743,5389be3e08934ce917a2b32153047195c7b0eecae4c10994eeee9bbe30cf29f8,hko:HKO,Hong Kong Observatory,22.301944,114.174167,22.25,114.25,2026-07-03T18:00:00Z,2026-07-05T18:00:00Z,100.0,100.0,-0.16767577826976776,9.062658309936523,27.793054199218773,25.297692871093773,28.488885498046898,27.766717529296898,86.0999984741211,1006.60859375,1593.0,27.593072509765648,0.0570068359375,5.25,12.403202056884766,0.0,16,4.473978699999861,
gfs,gfs_20260704_00z_f009,2026-07-04,0,9,2026-07-04T00:00:00Z,2026-07-04T09:00:00Z,2026-07-04T06:00:00Z,issued_at_utc + 6h conservative NOMADS buffer,,raw\gfs\20260704\gfs_20260704_00z_f009.grib2,10320220,6fec352d0c9ae9b018eed9dcf90f27a0700b8b6811fdbbe54619093a872e730c,hko:HKO,Hong Kong Observatory,22.301944,114.174167,22.25,114.25,2026-07-04T00:00:00Z,2026-07-04T09:00:00Z,86.5,79.5999984741211,-1.590460181236267,8.405120849609375,28.467675781250023,25.057031250000023,29.316613769531273,28.367669677734398,81.9000015258789,1008.3496875,1418.0,29.168786621093773,-0.21728515625,3.5,12.21343994140625,544.1799926757812,16,4.49816409999039,
gfs,gfs_20260704_00z_f006,2026-07-04,0,6,2026-07-04T00:00:00Z,2026-07-04T06:00:00Z,2026-07-04T06:00:00Z,issued_at_utc + 6h conservative NOMADS buffer,,raw\gfs\20260704\gfs_20260704_00z_f006.grib2,10369168,bdfb6a9fd7c490ed58f5133f87f5a33f215789790ead69ff431737dc4fb57904,hko:HKO,Hong Kong Observatory,22.301944,114.174167,22.25,114.25,2026-07-04T00:00:00Z,2026-07-04T06:00:00Z,84.0,82.9000015258789,-3.3376097679138184,8.128735542297363,29.040948486328148,25.568750000000023,29.272973632812523,27.702355957031273,81.30000305175781,1009.201171875,1994.0,31.068719482421898,0.446533203125,7.9375,12.211877822875977,691.9039916992188,16,4.465362099988852,
gfs,gfs_20260704_00z_f015,2026-07-04,0,15,2026-07-04T00:00:00Z,2026-07-04T15:00:00Z,2026-07-04T06:00:00Z,issued_at_utc + 6h conservative NOMADS buffer,,raw\gfs\20260704\gfs_20260704_00z_f015.grib2,10283095,8c568ebd6bf4891cd3577cdde9ce312130efeb2a53994fd51102430bab7d2f17,hko:HKO,Hong Kong Observatory,22.301944,114.174167,22.25,114.25,2026-07-04T00:00:00Z,2026-07-04T15:00:00Z,100.0,83.5999984741211,-1.7754027843475342,7.207781791687012,28.294274902343773,25.972131347656273,28.550073242187523,28.294274902343773,87.19999694824219,1009.90578125,2250.0,27.953698730468773,-0.10693359375,0.875,11.040629386901855,0.0,16,4.581447600037791,
gfs,gfs_20260704_00z_f021,2026-07-04,0,21,2026-07-04T00:00:00Z,2026-07-04T21:00:00Z,2026-07-04T06:00:00Z,issued_at_utc + 6h conservative NOMADS buffer,,raw\gfs\20260704\gfs_20260704_00z_f021.grib2,10280045,4da2f4011de6fe65d2d55694f0646bd5f063ad71ced4a8e402736e3ad4359a58,hko:HKO,Hong Kong Observatory,22.301944,114.174167,22.25,114.25,2026-07-04T00:00:00Z,2026-07-04T21:00:00Z,99.69999694824219,100.0,-1.0338134765625,7.529385566711426,27.858148193359398,25.474450683593773,28.095483398437523,27.752343750000023,86.30000305175781,1007.83078125,1789.0,27.653710937500023,-0.2030029296875,5.5625,10.412847518920898,0.0,16,4.4722142000100575,
gfs,gfs_20260704_00z_f024,2026-07-04,0,24,2026-07-04T00:00:00Z,2026-07-05T00:00:00Z,2026-07-04T06:00:00Z,issued_at_utc + 6h conservative NOMADS buffer,,raw\gfs\20260704\gfs_20260704_00z_f024.grib2,10473475,b5d2001b483d776cf7ea44b921c7d53ad2058ca4c054f53f8d64c2ffd7b648dd,hko:HKO,Hong Kong Observatory,22.301944,114.174167,22.25,114.25,2026-07-04T00:00:00Z,2026-07-05T00:00:00Z,100.0,100.0,-0.6614929437637329,8.066259384155273,28.066827392578148,25.656457519531273,28.195489501953148,27.466821289062523,86.4000015258789,1009.176171875,1950.0,28.138940429687523,-0.1534423828125,12.5625,10.708368301391602,38.624000549316406,16,4.728136699995957,
gfs,gfs_20260704_00z_f045,2026-07-04,0,45,2026-07-04T00:00:00Z,2026-07-05T21:00:00Z,2026-07-04T06:00:00Z,issued_at_utc + 6h conservative NOMADS buffer,,raw\gfs\20260704\gfs_20260704_00z_f045.grib2,10418684,86f1ab3795980a76ebcb46143af527ce07a25f4b1984f08ea41d2e29bcd088cb,hko:HKO,Hong Kong Observatory,22.301944,114.174167,22.25,114.25,2026-07-04T00:00:00Z,2026-07-05T21:00:00Z,17.299999237060547,73.80000305175781,-2.32769775390625,7.698178291320801,28.100549316406273,25.587121582031273,28.066278076171898,27.881433105468773,86.5999984741211,1006.41640625,2129.0,27.573693847656273,0.073974609375,2.125,11.61379623413086,0.0,16,4.774229300033767,
gfs,gfs_20260704_06z_f003,2026-07-04,6,3,2026-07-04T06:00:00Z,2026-07-04T09:00:00Z,2026-07-04T12:00:00Z,issued_at_utc + 6h conservative NOMADS buffer,,raw\gfs\20260704\gfs_20260704_06z_f003.grib2,10125432,f8e189498adc0a7aedbb5d1860e5bf5e45fa174cad9120607a9b4ac86c573f06,hko:HKO,Hong Kong Observatory,22.301944,114.174167,22.25,114.25,2026-07-04T06:00:00Z,2026-07-04T09:00:00Z,95.4000015258789,97.0,-1.50799560546875,7.735107421875,28.261712646484398,25.057946777343773,29.268762207031273,28.161706542968773,82.4000015258789,1008.656171875,1347.0,28.580926513671898,-0.733154296875,2.75,11.911031723022461,452.5799865722656,16,4.795300900004804,
gfs,gfs_20260704_06z_f006,2026-07-04,6,6,2026-07-04T06:00:00Z,2026-07-04T12:00:00Z,2026-07-04T12:00:00Z,issued_at_utc + 6h conservative NOMADS buffer,,raw\gfs\20260704\gfs_20260704_06z_f006.grib2,10403214,b5bd6d1b39f5733c3d9701850039bea75bd9fb6e81ac35526ce53ddc2f764a14,hko:HKO,Hong Kong Observatory,22.301944,114.174167,22.25,114.25,2026-07-04T06:00:00Z,2026-07-04T12:00:00Z,100.0,98.5,-1.555078148841858,7.244171142578125,28.550012207031273,25.450006103515648,29.368737792968773,28.050012207031273,83.80000305175781,1009.13546875,1876.0,28.053765869140648,-0.071044921875,4.125,11.616116523742676,245.7760009765625,16,4.7551931999623775,
gfs,gfs_20260704_00z_f003,2026-07-04,0,3,2026-07-04T00:00:00Z,2026-07-04T03:00:00Z,2026-07-04T06:00:00Z,issued_at_utc + 6h conservative NOMADS buffer,,raw\gfs\20260704\gfs_20260704_00z_f003.grib2,10246382,48ee095e5a2bbe1d769930ad04606a934a927e6957c406f43b306ca7a1f0603e,hko:HKO,Hong Kong Observatory,22.301944,114.174167,22.25,114.25,2026-07-04T00:00:00Z,2026-07-04T03:00:00Z,74.19999694824219,100.0,-3.8256897926330566,7.811279296875,28.748376464843773,25.648370361328148,28.816369628906273,27.702355957031273,83.9000015258789,1010.12890625,2047.0,29.434625244140648,0.4197998046875,4.9375,12.224494934082031,455.5360107421875,16,4.28372920001857,
gfs,gfs_20260704_00z_f027,2026-07-04,0,27,2026-07-04T00:00:00Z,2026-07-05T03:00:00Z,2026-07-04T06:00:00Z,issued_at_utc + 6h conservative NOMADS buffer,,raw\gfs\20260704\gfs_20260704_00z_f027.grib2,10252121,042444862268b7eb1638da65a21b766fae30904a2b55846354363fde14250a73,hko:HKO,Hong Kong Observatory,22.301944,114.174167,22.25,114.25,2026-07-04T00:00:00Z,2026-07-05T03:00:00Z,100.0,100.0,-1.703027367591858,7.348355293273926,28.514428710937523,25.949975585937523,28.669396972656273,27.914422607421898,85.80000305175781,1009.09171875,2353.0,29.050012207031273,-0.315185546875,5.4375,10.70465087890625,417.1400146484375,16,4.449964299972635,
gfs,gfs_20260704_00z_f012,2026-07-04,0,12,2026-07-04T00:00:00Z,2026-07-04T12:00:00Z,2026-07-04T06:00:00Z,issued_at_utc + 6h conservative NOMADS buffer,,raw\gfs\20260704\gfs_20260704_00z_f012.grib2,10462117,fcc6097db74b428231998aea359589c7ed56d2260a6985b78536a532041c7085,hko:HKO,Hong Kong Observatory,22.301944,114.174167,22.25,114.25,2026-07-04T00:00:00Z,2026-07-04T12:00:00Z,100.0,88.0999984741211,-1.909942626953125,7.347811698913574,28.547662353515648,25.750024414062523,29.416589355468773,27.958581542968773,85.30000305175781,1008.788359375,2138.0,28.094232177734398,0.210693359375,6.375,11.135520935058594,311.0719909667969,16,4.375006399990525,
gfs,gfs_20260704_06z_f000,2026-07-04,6,0,2026-07-04T06:00:00Z,2026-07-04T06:00:00Z,2026-07-04T12:00:00Z,issued_at_utc + 6h conservative NOMADS buffer,,raw\gfs\20260704\gfs_20260704_06z_f000.grib2,6794914,d813dcef3b1409319a491e901dd7e40f1fbfd1622b1de68ffe4ea1dd71cf8db0,,,,,,,,,,,,,,,,,,,,,,,,,0,0.00010629999451339245,Skipped f000 analysis/initialization lead; fetched and cataloged but not decoded for forward T-24 features.
gfs,gfs_20260704_00z_f033,2026-07-04,0,33,2026-07-04T00:00:00Z,2026-07-05T09:00:00Z,2026-07-04T06:00:00Z,issued_at_utc + 6h conservative NOMADS buffer,,raw\gfs\20260704\gfs_20260704_00z_f033.grib2,10338399,8a10ca3361fe8a1628f6648145e644372623f1e2b0ea8d29d61ec6783d618500,hko:HKO,Hong Kong Observatory,22.301944,114.174167,22.25,114.25,2026-07-04T00:00:00Z,2026-07-05T09:00:00Z,100.0,100.0,-1.7432067394256592,8.1723051071167,28.388909912109398,25.749993896484398,28.725793457031273,28.326501464843773,85.69999694824219,1007.052265625,2174.0,28.651300048828148,0.478759765625,2.5,11.4068603515625,413.3599853515625,16,4.295484500005841,
gfs,gfs_20260704_00z_f030,2026-07-04,0,30,2026-07-04T00:00:00Z,2026-07-05T06:00:00Z,2026-07-04T06:00:00Z,issued_at_utc + 6h conservative NOMADS buffer,,raw\gfs\20260704\gfs_20260704_00z_f030.grib2,10476470,5f46189e06f1a0984761a1bc33f4c76da45bbb066ec949ed71379c4f810b464a,hko:HKO,Hong Kong Observatory,22.301944,114.174167,22.25,114.25,2026-07-04T00:00:00Z,2026-07-05T06:00:00Z,100.0,100.0,-1.399572730064392,7.986547946929932,28.682092285156273,25.841912841796898,28.769403076171898,27.875512695312523,84.5,1007.968515625,2206.0,29.350000000000023,-0.024658203125,8.125,11.011241912841797,433.88800048828125,16,4.8134692999883555,
gfs,gfs_20260704_00z_f042,2026-07-04,0,42,2026-07-04T00:00:00Z,2026-07-05T18:00:00Z,2026-07-04T06:00:00Z,issued_at_utc + 6h conservative NOMADS buffer,,raw\gfs\20260704\gfs_20260704_00z_f042.grib2,10610561,4cff280d04bfccf31c4f6f35b0cbc1d08e73e701e43f671fe224f18f8667ba01,hko:HKO,Hong Kong Observatory,22.301944,114.174167,22.25,114.25,2026-07-04T00:00:00Z,2026-07-05T18:00:00Z,80.0,100.0,-0.5059448480606079,7.810577392578125,27.947167968750023,25.549981689453148,28.445397949218773,27.840783691406273,86.80000305175781,1007.145390625,1951.0,27.585534667968773,-0.245849609375,4.625,11.318371772766113,0.0,16,4.7100399999762885,
gfs,gfs_20260704_00z_f018,2026-07-04,0,18,2026-07-04T00:00:00Z,2026-07-04T18:00:00Z,2026-07-04T06:00:00Z,issued_at_utc + 6h conservative NOMADS buffer,,raw\gfs\20260704\gfs_20260704_00z_f018.grib2,10513881,99ceca4618de21782b3b2e20643954d06d2e39d83d6154f6b4cfa5520f6e616d,hko:HKO,Hong Kong Observatory,22.301944,114.174167,22.25,114.25,2026-07-04T00:00:00Z,2026-07-04T18:00:00Z,100.0,91.80000305175781,-1.1912047863006592,7.138311862945557,28.061730957031273,25.669976806640648,28.550073242187523,27.961724853515648,86.80000305175781,1008.31671875,1987.0,27.749993896484398,0.0054931640625,3.75,10.415534019470215,0.0,16,4.695893800002523,
gfs,gfs_20260704_00z_f048,2026-07-04,0,48,2026-07-04T00:00:00Z,2026-07-06T00:00:00Z,2026-07-04T06:00:00Z,issued_at_utc + 6h conservative NOMADS buffer,,raw\gfs\20260704\gfs_20260704_00z_f048.grib2,10606113,c6a913ac8e09ecf898018f905cbe254f51365ba43243df7b86097948199b3292,hko:HKO,Hong Kong Observatory,22.301944,114.174167,22.25,114.25,2026-07-04T00:00:00Z,2026-07-06T00:00:00Z,53.29999923706055,74.30000305175781,-1.1922791004180908,9.440966606140137,27.927301025390648,24.969323730468773,28.220117187500023,27.681451416015648,84.0999984741211,1008.122734375,1456.0,28.232232666015648,0.322509765625,5.6875,12.200041770935059,63.80799865722656,16,5.001330400002189,
gfs,gfs_20260704_00z_f036,2026-07-04,0,36,2026-07-04T00:00:00Z,2026-07-05T12:00:00Z,2026-07-04T06:00:00Z,issued_at_utc + 6h conservative NOMADS buffer,,raw\gfs\20260704\gfs_20260704_00z_f036.grib2,10563165,bb378d67185e128cf6c7ea82dac36519224a6e2601b3b0eca21f2b0efd890168,hko:HKO,Hong Kong Observatory,22.301944,114.174167,22.25,114.25,2026-07-04T00:00:00Z,2026-07-05T12:00:00Z,100.0,100.0,-2.275646924972534,8.104705810546875,28.397302246093773,26.049981689453148,28.825799560546898,27.997308349609398,87.30000305175781,1007.741484375,2451.0,27.900994873046898,0.3787841796875,5.0625,12.300000190734863,247.52000427246094,16,4.678733300010208,
gfs,gfs_20260704_00z_f039,2026-07-04,0,39,2026-07-04T00:00:00Z,2026-07-05T15:00:00Z,2026-07-04T06:00:00Z,issued_at_utc + 6h conservative NOMADS buffer,,raw\gfs\20260704\gfs_20260704_00z_f039.grib2,10392859,a621d0d4ec2e9e8e9b158a0a88b8d3792313d74fd53f8532c7dd4ea74addb6ed,hko:HKO,Hong Kong Observatory,22.301944,114.174167,22.25,114.25,2026-07-04T00:00:00Z,2026-07-05T15:00:00Z,100.0,100.0,-1.1603515148162842,8.177172660827637,28.148156738281273,26.050012207031273,28.471826171875023,28.127618408203148,88.30000305175781,1008.6340625,2509.0,27.810998535156273,0.091064453125,2.3125,12.513043403625488,0.0,16,4.706193000019994,
gfs,gfs_20260704_06z_f009,2026-07-04,6,9,2026-07-04T06:00:00Z,2026-07-04T15:00:00Z,2026-07-04T12:00:00Z,issued_at_utc + 6h conservative NOMADS buffer,,raw\gfs\20260704\gfs_20260704_06z_f009.grib2,10254728,d7938245e017924d2778bf86a7ad1ab8a2eaa27514d12eb5e31da080d191f82b,hko:HKO,Hong Kong Observatory,22.301944,114.174167,22.25,114.25,2026-07-04T06:00:00Z,2026-07-04T15:00:00Z,99.80000305175781,100.0,-1.0933837890625,6.638464450836182,27.970513916015648,25.449975585937523,28.649987792968773,27.961022949218773,86.0,1010.28125,1714.0,27.850000000000023,-1.8431396484375,2.5625,10.94629192352295,0.0,16,4.708613900002092,
gfs,gfs_20260704_06z_f012,2026-07-04,6,12,2026-07-04T06:00:00Z,2026-07-04T18:00:00Z,2026-07-04T12:00:00Z,issued_at_utc + 6h conservative NOMADS buffer,,raw\gfs\20260704\gfs_20260704_06z_f012.grib2,10480454,621cfa0acd703e6d386d5ee7404ee74b0634cafd1cd774159c8338386b7aa6c2,hko:HKO,Hong Kong Observatory,22.301944,114.174167,22.25,114.25,2026-07-04T06:00:00Z,2026-07-04T18:00:00Z,100.0,100.0,-1.363189697265625,7.1038818359375,28.162011718750023,25.757653808593773,28.649987792968773,27.762017822265648,87.0,1008.468984375,2167.0,27.861077880859398,0.17138671875,5.6875,10.701634407043457,0.0,16,5.106020700011868,
gfs,gfs_20260704_06z_f024,2026-07-04,6,24,2026-07-04T06:00:00Z,2026-07-05T06:00:00Z,2026-07-04T12:00:00Z,issued_at_utc + 6h conservative NOMADS buffer,,raw\gfs\20260704\gfs_20260704_06z_f024.grib2,10458243,de3374777ac6f0afb96fc15d970cfb7142297c4023d114a639b6eed8fd2cf4d9,hko:HKO,Hong Kong Observatory,22.301944,114.174167,22.25,114.25,2026-07-04T06:00:00Z,2026-07-05T06:00:00Z,100.0,100.0,-0.854998767375946,8.681561470031738,28.766137695312523,25.962121582031273,28.966821289062523,27.862115478515648,84.80000305175781,1007.87078125,2401.0,29.249993896484398,-0.42333984375,7.1875,12.010088920593262,551.6160278320312,16,5.3350657999981195,
gfs,gfs_20260704_06z_f030,2026-07-04,6,30,2026-07-04T06:00:00Z,2026-07-05T12:00:00Z,2026-07-04T12:00:00Z,issued_at_utc + 6h conservative NOMADS buffer,,raw\gfs\20260704\gfs_20260704_06z_f030.grib2,10545537,7776a110b996de1e6bbe5b29eb835e678b4773a25e8e507c05d52a9ac93a9ffa,hko:HKO,Hong Kong Observatory,22.301944,114.174167,22.25,114.25,2026-07-04T06:00:00Z,2026-07-05T12:00:00Z,100.0,100.0,-0.8165649175643921,7.547650337219238,28.274102783203148,25.875512695312523,28.766137695312523,28.174096679687523,86.9000015258789,1007.74859375,2303.0,27.875482177734398,0.1766357421875,4.25,11.100000381469727,191.79200744628906,16,5.353204499988351,
gfs,gfs_20260704_06z_f033,2026-07-04,6,33,2026-07-04T06:00:00Z,2026-07-05T15:00:00Z,2026-07-04T12:00:00Z,issued_at_utc + 6h conservative NOMADS buffer,,raw\gfs\20260704\gfs_20260704_06z_f033.grib2,10374554,47d6eda3c52851b1a7ce699ccfbea42a6c6cf057ef4e796db475cbea925deef3,hko:HKO,Hong Kong Observatory,22.301944,114.174167,22.25,114.25,2026-07-04T06:00:00Z,2026-07-05T15:00:00Z,99.5999984741211,100.0,-0.8715270757675171,7.978784084320068,28.246331787109398,25.649987792968773,28.371820068359398,28.100976562500023,86.19999694824219,1008.666015625,2109.0,27.742517089843773,0.1806640625,1.8125,11.807877540588379,0.0,16,5.565389399998821,
gfs,gfs_20260704_06z_f021,2026-07-04,6,21,2026-07-04T06:00:00Z,2026-07-05T03:00:00Z,2026-07-04T12:00:00Z,issued_at_utc + 6h conservative NOMADS buffer,,raw\gfs\20260704\gfs_20260704_06z_f021.grib2,10244737,12f54516e12910326e6137d571b6dad8c43bf061aad55c6670c73a824a250dee,hko:HKO,Hong Kong Observatory,22.301944,114.174167,22.25,114.25,2026-07-04T06:00:00Z,2026-07-05T03:00:00Z,100.0,100.0,-1.1695556640625,7.772997856140137,28.809411621093773,26.049981689453148,28.788812255859398,27.809411621093773,85.19999694824219,1009.29203125,2575.0,29.400964355468773,-0.4368896484375,5.375,10.915365219116211,452.78399658203125,16,5.0869285999797285,
gfs,gfs_20260704_12z_f003,2026-07-04,12,3,2026-07-04T12:00:00Z,2026-07-04T15:00:00Z,2026-07-04T18:00:00Z,issued_at_utc + 6h conservative NOMADS buffer,,raw\gfs\20260704\gfs_20260704_12z_f003.grib2,10171401,08903269d82938524b2f98d8231301b341098d16e00e2bfda873acae57277925,hko:HKO,Hong Kong Observatory,22.301944,114.174167,22.25,114.25,2026-07-04T12:00:00Z,2026-07-04T15:00:00Z,99.5,100.0,-1.193566918373108,5.408679008483887,28.050012207031273,25.238916015625023,28.361047363281273,27.950006103515648,85.0,1010.41234375,1593.0,27.649987792968773,-2.83251953125,2.125,10.118040084838867,0.0,16,5.021211999992374,
gfs,gfs_20260704_12z_f009,2026-07-04,12,9,2026-07-04T12:00:00Z,2026-07-04T21:00:00Z,2026-07-04T18:00:00Z,issued_at_utc + 6h conservative NOMADS buffer,,raw\gfs\20260704\gfs_20260704_12z_f009.grib2,10209152,bb093cb092553ea52db0642c9b0efa0859d4bcebcdf61b24b0a8ad8f184fdb45,hko:HKO,Hong Kong Observatory,22.301944,114.174167,22.25,114.25,2026-07-04T12:00:00Z,2026-07-04T21:00:00Z,100.0,100.0,-1.324029564857483,6.89044189453125,27.835778808593773,25.372094726562523,28.161706542968773,27.735803222656273,86.69999694824219,1008.612890625,1821.0,27.657373046875023,-0.84375,3.9375,10.423796653747559,0.0,16,4.973294600029476,
gfs,gfs_20260704_06z_f018,2026-07-04,6,18,2026-07-04T06:00:00Z,2026-07-05T00:00:00Z,2026-07-04T12:00:00Z,issued_at_utc + 6h conservative NOMADS buffer,,raw\gfs\20260704\gfs_20260704_06z_f018.grib2,10438049,58a17eb61d41131eeb5b02dd3a0b999ff6726768b34e9bb77fb655f06f93d7c2,hko:HKO,Hong Kong Observatory,22.301944,114.174167,22.25,114.25,2026-07-04T06:00:00Z,2026-07-05T00:00:00Z,100.0,100.0,-0.72998046875,7.826684474945068,28.166406250000023,25.676629638671898,28.436242675781273,27.666406250000023,86.0,1009.10796875,2068.0,28.238946533203148,-1.428466796875,7.625,10.933686256408691,43.61600112915039,16,5.1049869999988005,
gfs,gfs_20260704_12z_f015,2026-07-04,12,15,2026-07-04T12:00:00Z,2026-07-05T03:00:00Z,2026-07-04T18:00:00Z,issued_at_utc + 6h conservative NOMADS buffer,,raw\gfs\20260704\gfs_20260704_12z_f015.grib2,10203720,2f985e077a6aefdfca806cfc555f495ed4c4b1e4785e6d55a9178441efd78d6a,hko:HKO,Hong Kong Observatory,22.301944,114.174167,22.25,114.25,2026-07-04T12:00:00Z,2026-07-05T03:00:00Z,100.0,100.0,-1.2274658679962158,7.502057075500488,28.501153564453148,25.601159667968773,28.764520263671898,27.901147460937523,84.0,1009.61875,1884.0,29.590661621093773,-0.484619140625,4.375,10.904813766479492,551.8079833984375,16,5.140876399993431,
gfs,gfs_20260704_12z_f000,2026-07-04,12,0,2026-07-04T12:00:00Z,2026-07-04T12:00:00Z,2026-07-04T18:00:00Z,issued_at_utc + 6h conservative NOMADS buffer,,raw\gfs\20260704\gfs_20260704_12z_f000.grib2,6823473,5d4fffff5aace53eea27503f61c9a198f9f59fa2312fadc3fc0b97675450245e,,,,,,,,,,,,,,,,,,,,,,,,,0,0.00013100000796839595,Skipped f000 analysis/initialization lead; fetched and cataloged but not decoded for forward T-24 features.
gfs,gfs_20260704_06z_f015,2026-07-04,6,15,2026-07-04T06:00:00Z,2026-07-04T21:00:00Z,2026-07-04T12:00:00Z,issued_at_utc + 6h conservative NOMADS buffer,,raw\gfs\20260704\gfs_20260704_06z_f015.grib2,10263737,ef4469c9739b4b5aa9463e23256022bd911901420fcab9ab86670fecd76f1b99,hko:HKO,Hong Kong Observatory,22.301944,114.174167,22.25,114.25,2026-07-04T06:00:00Z,2026-07-04T21:00:00Z,100.0,100.0,-0.981365978717804,7.503775119781494,27.971093750000023,25.578973388671898,28.264703369140648,27.771081542968773,86.5999984741211,1008.07546875,1981.0,27.749993896484398,0.294921875,3.5,10.910685539245605,0.0,16,5.415709999972023,
gfs,gfs_20260704_12z_f012,2026-07-04,12,12,2026-07-04T12:00:00Z,2026-07-05T00:00:00Z,2026-07-04T18:00:00Z,issued_at_utc + 6h conservative NOMADS buffer,,raw\gfs\20260704\gfs_20260704_12z_f012.grib2,10426042,85626d5be224f8ec868d63cf9c7468336d9a26e3f40591e6c3b788e4f9b5d1ee,hko:HKO,Hong Kong Observatory,22.301944,114.174167,22.25,114.25,2026-07-04T12:00:00Z,2026-07-05T00:00:00Z,99.30000305175781,100.0,-1.5900452136993408,7.659472465515137,28.019738769531273,25.450006103515648,28.361779785156273,27.619714355468773,85.69999694824219,1009.38078125,1762.0,28.249963378906273,0.2913818359375,8.5625,10.805546760559082,48.06399917602539,16,5.3164568999782205,
gfs,gfs_20260704_06z_f027,2026-07-04,6,27,2026-07-04T06:00:00Z,2026-07-05T09:00:00Z,2026-07-04T12:00:00Z,issued_at_utc + 6h conservative NOMADS buffer,,raw\gfs\20260704\gfs_20260704_06z_f027.grib2,10325225,4a3eeb8d8cf49988fef9efe32bc2aca85bbebc34f23ae9f83131f78c0827cb59,hko:HKO,Hong Kong Observatory,22.301944,114.174167,22.25,114.25,2026-07-04T06:00:00Z,2026-07-05T09:00:00Z,100.0,100.0,-0.6036376953125,8.098278999328613,28.411096191406273,25.950006103515648,28.766137695312523,28.426507568359398,86.30000305175781,1006.833359375,2392.0,28.473504638671898,0.35986328125,2.1875,11.100000381469727,321.9800109863281,16,5.28559069999028,
gfs,gfs_20260704_12z_f018,2026-07-04,12,18,2026-07-04T12:00:00Z,2026-07-05T06:00:00Z,2026-07-04T18:00:00Z,issued_at_utc + 6h conservative NOMADS buffer,,raw\gfs\20260704\gfs_20260704_12z_f018.grib2,10420579,43f41207ea549d25fa4d785db1dc3ff6bb48e565d26b01c63a566bc42168cfbf,hko:HKO,Hong Kong Observatory,22.301944,114.174167,22.25,114.25,2026-07-04T12:00:00Z,2026-07-05T06:00:00Z,99.4000015258789,100.0,-2.5072999000549316,7.52850341796875,29.039453125000023,25.949975585937523,29.164514160156273,27.939447021484398,83.30000305175781,1008.21078125,2430.0,30.431329345703148,-0.015380859375,5.875,11.036251068115234,692.5599975585938,16,5.358959499979392,
gfs,gfs_20260704_06z_f042,2026-07-04,6,42,2026-07-04T06:00:00Z,2026-07-06T00:00:00Z,2026-07-04T12:00:00Z,issued_at_utc + 6h conservative NOMADS buffer,,raw\gfs\20260704\gfs_20260704_06z_f042.grib2,10568756,537bc6e74c217d350e79dd34b83569e64338a21d4a20098496f884e6cb6e0f95,hko:HKO,Hong Kong Observatory,22.301944,114.174167,22.25,114.25,2026-07-04T06:00:00Z,2026-07-06T00:00:00Z,100.0,93.4000015258789,0.959429919719696,8.998727798461914,28.038171386718773,25.149987792968773,28.279199218750023,27.615747070312523,84.69999694824219,1007.74046875,1610.0,28.103295898437523,-0.7884521484375,8.5625,11.80169677734375,54.75199890136719,16,3.81065940001281,
gfs,gfs_20260704_06z_f039,2026-07-04,6,39,2026-07-04T06:00:00Z,2026-07-05T21:00:00Z,2026-07-04T12:00:00Z,issued_at_utc + 6h conservative NOMADS buffer,,raw\gfs\20260704\gfs_20260704_06z_f039.grib2,10403653,96127437e15831c27f2c764b37bdee2aec4e91e5b1ebca36e7ae9eb837b8445e,hko:HKO,Hong Kong Observatory,22.301944,114.174167,22.25,114.25,2026-07-04T06:00:00Z,2026-07-05T21:00:00Z,92.30000305175781,86.9000015258789,-0.2795166075229645,9.678766250610352,27.656823730468773,25.149987792968773,28.149987792968773,27.715722656250023,86.0999984741211,1006.125,1448.0,27.476190185546898,0.20849609375,4.1875,12.827001571655273,0.0,16,3.8412247999804094,
gfs,gfs_20260704_12z_f021,2026-07-04,12,21,2026-07-04T12:00:00Z,2026-07-05T09:00:00Z,2026-07-04T18:00:00Z,issued_at_utc + 6h conservative NOMADS buffer,,raw\gfs\20260704\gfs_20260704_12z_f021.grib2,10251968,28889120ea9105d487411fd082f28c65ee4b7c6644f5a7a8a71289d341345d3e,hko:HKO,Hong Kong Observatory,22.301944,114.174167,22.25,114.25,2026-07-04T12:00:00Z,2026-07-05T09:00:00Z,97.5,100.0,-1.198211669921875,8.113635063171387,28.597314453125023,25.975488281250023,29.149987792968773,28.652001953125023,85.30000305175781,1007.1040625,2351.0,29.102990722656273,-0.1986083984375,0.9375,11.600000381469727,625.0800170898438,16,3.888847399968654,
gfs,gfs_20260704_06z_f045,2026-07-04,6,45,2026-07-04T06:00:00Z,2026-07-06T03:00:00Z,2026-07-04T12:00:00Z,issued_at_utc + 6h conservative NOMADS buffer,,raw\gfs\20260704\gfs_20260704_06z_f045.grib2,10376542,10c282abd1fa3d2d4d123c78114f5bb468b530a4d34145e93c768bd741a34b8e,hko:HKO,Hong Kong Observatory,22.301944,114.174167,22.25,114.25,2026-07-04T06:00:00Z,2026-07-06T03:00:00Z,96.5999984741211,100.0,0.14449462294578552,8.757879257202148,28.582727050781273,25.649987792968773,28.580895996093773,28.015466308593773,84.0999984741211,1008.193515625,2119.0,29.467767333984398,0.149658203125,2.0625,11.603388786315918,622.2880249023438,16,3.883533600019291,
gfs,gfs_20260704_12z_f006,2026-07-04,12,6,2026-07-04T12:00:00Z,2026-07-04T18:00:00Z,2026-07-04T18:00:00Z,issued_at_utc + 6h conservative NOMADS buffer,,raw\gfs\20260704\gfs_20260704_12z_f006.grib2,10430439,9d1bd431b622ec720fc6c7768bce6b08252a0ee756118da675ed74c9d29f225b,hko:HKO,Hong Kong Observatory,22.301944,114.174167,22.25,114.25,2026-07-04T12:00:00Z,2026-07-04T18:00:00Z,100.0,99.9000015258789,-1.305444359779358,6.428423881530762,28.164056396484398,25.757043457031273,28.361047363281273,27.864068603515648,87.30000305175781,1008.87578125,2214.0,27.761071777343773,0.4700927734375,4.4375,10.1397066116333,0.0,16,4.345785100013018,
gfs,gfs_20260704_12z_f024,2026-07-04,12,24,2026-07-04T12:00:00Z,2026-07-05T12:00:00Z,2026-07-04T18:00:00Z,issued_at_utc + 6h conservative NOMADS buffer,,raw\gfs\20260704\gfs_20260704_12z_f024.grib2,10488199,cc439904e68caa34e378cf09986982ab8bbdded3ff53ceec8d7a2107cdb659a7,hko:HKO,Hong Kong Observatory,22.301944,114.174167,22.25,114.25,2026-07-04T12:00:00Z,2026-07-05T12:00:00Z,99.9000015258789,99.30000305175781,-1.69366455078125,7.242559909820557,28.328485107421898,26.050012207031273,29.249993896484398,28.222924804687523,87.69999694824219,1007.851875,2457.0,27.975488281250023,-0.0899658203125,2.125,11.30499267578125,369.1520080566406,16,4.3371658000396565,
gfs,gfs_20260704_06z_f036,2026-07-04,6,36,2026-07-04T06:00:00Z,2026-07-05T18:00:00Z,2026-07-04T12:00:00Z,issued_at_utc + 6h conservative NOMADS buffer,,raw\gfs\20260704\gfs_20260704_06z_f036.grib2,10583269,145079f78740465a90f94dd913222afa73ef271635a1b0c872279fc44c0af87a,hko:HKO,Hong Kong Observatory,22.301944,114.174167,22.25,114.25,2026-07-04T06:00:00Z,2026-07-05T18:00:00Z,73.9000015258789,100.0,-1.817053198814392,8.064336776733398,27.951501464843773,25.649987792968773,28.450006103515648,27.911096191406273,87.30000305175781,1006.6440625,2025.0,27.702325439453148,-0.4140625,4.1875,11.809927940368652,0.0,16,4.439260100014508,
gfs,gfs_20260704_12z_f027,2026-07-04,12,27,2026-07-04T12:00:00Z,2026-07-05T15:00:00Z,2026-07-04T18:00:00Z,issued_at_utc + 6h conservative NOMADS buffer,,raw\gfs\20260704\gfs_20260704_12z_f027.grib2,10327130,fb85c545a017d1422bf977cc010adf510409398061893a77aa5a38de0edc339e,hko:HKO,Hong Kong Observatory,22.301944,114.174167,22.25,114.25,2026-07-04T12:00:00Z,2026-07-05T15:00:00Z,100.0,100.0,-1.5715820789337158,7.827984809875488,27.952020263671898,25.775506591796898,28.426477050781273,27.965081787109398,87.5999984741211,1008.469296875,1998.0,27.749963378906273,-0.2349853515625,2.0625,11.70055866241455,0.0,16,4.4417411999893375,
gfs,gfs_20260704_18z_f000,2026-07-04,18,0,2026-07-04T18:00:00Z,2026-07-04T18:00:00Z,2026-07-05T00:00:00Z,issued_at_utc + 6h conservative NOMADS buffer,,raw\gfs\20260704\gfs_20260704_18z_f000.grib2,6818529,2866aca435e44a67cf6a6754bf4ed41263ea24dea99e8526dc6eedcbe7876b0a,,,,,,,,,,,,,,,,,,,,,,,,,0,0.00010529998689889908,Skipped f000 analysis/initialization lead; fetched and cataloged but not decoded for forward T-24 features.
gfs,gfs_20260704_06z_f048,2026-07-04,6,48,2026-07-04T06:00:00Z,2026-07-06T06:00:00Z,2026-07-04T12:00:00Z,issued_at_utc + 6h conservative NOMADS buffer,,raw\gfs\20260704\gfs_20260704_06z_f048.grib2,10569210,5edb7cdc19138df4fc233879c2c5bd9c9f9c126c0706c384efe9b8eef75aef5f,hko:HKO,Hong Kong Observatory,22.301944,114.174167,22.25,114.25,2026-07-04T06:00:00Z,2026-07-06T06:00:00Z,86.19999694824219,88.9000015258789,-0.5769866704940796,8.664410591125488,28.770593261718773,25.382714843750023,28.902734375000023,27.915460205078148,81.69999694824219,1007.088671875,1887.0,30.148706054687523,-0.4825439453125,3.0,12.399999618530273,780.6240234375,16,4.169808799983002,
gfs,gfs_20260704_12z_f030,2026-07-04,12,30,2026-07-04T12:00:00Z,2026-07-05T18:00:00Z,2026-07-04T18:00:00Z,issued_at_utc + 6h conservative NOMADS buffer,,raw\gfs\20260704\gfs_20260704_12z_f030.grib2,10579883,a6807a35b18511d07e65a5ed12db44c953803d5469285924e2989b6cf022eded,hko:HKO,Hong Kong Observatory,22.301944,114.174167,22.25,114.25,2026-07-04T12:00:00Z,2026-07-05T18:00:00Z,76.4000015258789,89.19999694824219,-1.678192138671875,8.738470077514648,27.997674560546898,25.711083984375023,28.388909912109398,27.920922851562523,87.69999694824219,1007.030859375,2149.0,27.644128417968773,0.28173828125,4.0625,13.223796844482422,0.0,16,4.207338300009724,
gfs,gfs_20260704_12z_f033,2026-07-04,12,33,2026-07-04T12:00:00Z,2026-07-05T21:00:00Z,2026-07-04T18:00:00Z,issued_at_utc + 6h conservative NOMADS buffer,,raw\gfs\20260704\gfs_20260704_12z_f033.grib2,10362501,39d45c802f44d959863de54e3b17700596cb8812647d19d256b5cd411b8d9479,hko:HKO,Hong Kong Observatory,22.301944,114.174167,22.25,114.25,2026-07-04T12:00:00Z,2026-07-05T21:00:00Z,100.0,97.0999984741211,0.6263061761856079,9.219555854797363,27.784265136718773,25.449975585937523,28.008477783203148,27.618035888671898,87.19999694824219,1006.283125,1835.0,27.484277343750023,-0.1058349609375,3.75,12.701828002929688,0.0,16,4.02121099998476,
gfs,gfs_20260704_12z_f036,2026-07-04,12,36,2026-07-04T12:00:00Z,2026-07-06T00:00:00Z,2026-07-04T18:00:00Z,issued_at_utc + 6h conservative NOMADS buffer,,raw\gfs\20260704\gfs_20260704_12z_f036.grib2,10575597,9548f2d6d851cbca14267bf863622dc1dbfff82588d0fcfdcf455ba568929a4b,hko:HKO,Hong Kong Observatory,22.301944,114.174167,22.25,114.25,2026-07-04T12:00:00Z,2026-07-06T00:00:00Z,95.19999694824219,98.30000305175781,-0.8055419921875,8.297381401062012,28.115441894531273,25.649987792968773,28.158685302734398,27.618035888671898,86.80000305175781,1007.439296875,2091.0,28.309747314453148,0.4700927734375,6.0,11.719823837280273,60.65599822998047,16,4.0091398999793455,
gfs,gfs_20260704_12z_f039,2026-07-04,12,39,2026-07-04T12:00:00Z,2026-07-06T03:00:00Z,2026-07-04T18:00:00Z,issued_at_utc + 6h conservative NOMADS buffer,,raw\gfs\20260704\gfs_20260704_12z_f039.grib2,10374333,2a840882b3c6de503ef9a3a7742f6cdb957e66e1c9f49ab071e88ae626dc5b7e,hko:HKO,Hong Kong Observatory,22.301944,114.174167,22.25,114.25,2026-07-04T12:00:00Z,2026-07-06T03:00:00Z,87.19999694824219,100.0,-0.5693359375,9.195721626281738,28.482720947265648,25.649987792968773,28.515435791015648,28.015435791015648,84.9000015258789,1007.72109375,1992.0,29.479608154296898,0.34814453125,1.875,12.70770263671875,661.4400024414062,16,3.74529099999927,
gfs,gfs_20260704_18z_f015,2026-07-04,18,15,2026-07-04T18:00:00Z,2026-07-05T09:00:00Z,2026-07-05T00:00:00Z,issued_at_utc + 6h conservative NOMADS buffer,,raw\gfs\20260704\gfs_20260704_18z_f015.grib2,10237656,10ab54a325e1d0ff4bed71fae6690d042bf5ebbf7eff4a2c13f0881d1dffeedb,hko:HKO,Hong Kong Observatory,22.301944,114.174167,22.25,114.25,2026-07-04T18:00:00Z,2026-07-05T09:00:00Z,76.4000015258789,100.0,-1.491613745689392,8.388402938842773,28.521386718750023,25.884271240234398,29.152764892578148,28.508935546875023,85.5,1007.25140625,2322.0,28.979882812500023,-0.218994140625,2.0625,11.723455429077148,657.8200073242188,16,3.7452684000018053,
gfs,gfs_20260704_18z_f021,2026-07-04,18,21,2026-07-04T18:00:00Z,2026-07-05T15:00:00Z,2026-07-05T00:00:00Z,issued_at_utc + 6h conservative NOMADS buffer,,raw\gfs\20260704\gfs_20260704_18z_f021.grib2,10310225,d57247ab32573758e9f61423b5ea11fe47bb682a2fe532000077cb098cfb9ae7,hko:HKO,Hong Kong Observatory,22.301944,114.174167,22.25,114.25,2026-07-04T18:00:00Z,2026-07-05T15:00:00Z,100.0,73.9000015258789,-1.1356995105743408,7.763678073883057,27.964807128906273,25.888879394531273,28.076135253906273,27.888879394531273,88.4000015258789,1008.795546875,2237.0,27.702294921875023,0.029541015625,1.0,11.417834281921387,0.0,16,3.6729684000019915,
gfs,gfs_20260704_18z_f024,2026-07-04,18,24,2026-07-04T18:00:00Z,2026-07-05T18:00:00Z,2026-07-05T00:00:00Z,issued_at_utc + 6h conservative NOMADS buffer,,raw\gfs\20260704\gfs_20260704_18z_f024.grib2,10536704,608fe990df7b93c1443b9db4175b6e320256a2d332825e20aaf97b4a095c5002,hko:HKO,Hong Kong Observatory,22.301944,114.174167,22.25,114.25,2026-07-04T18:00:00Z,2026-07-05T18:00:00Z,100.0,86.9000015258789,-1.1904113292694092,8.081830024719238,27.747155761718773,25.649987792968773,28.066705322265648,27.749993896484398,88.30000305175781,1007.10265625,2061.0,27.550012207031273,-0.3983154296875,3.1875,11.829401016235352,0.0,16,3.6454361000214703,
gfs,gfs_20260704_18z_f033,2026-07-04,18,33,2026-07-04T18:00:00Z,2026-07-06T03:00:00Z,2026-07-05T00:00:00Z,issued_at_utc + 6h conservative NOMADS buffer,,raw\gfs\20260704\gfs_20260704_18z_f033.grib2,10343400,03b548841823e50bb16649543d08fb80f34e3a0799ae72bf834c9176776eabbb,hko:HKO,Hong Kong Observatory,22.301944,114.174167,22.25,114.25,2026-07-04T18:00:00Z,2026-07-06T03:00:00Z,100.0,73.9000015258789,-0.9176880121231079,8.740850448608398,28.411340332031273,25.930657958984398,28.411340332031273,27.911370849609398,86.0999984741211,1008.32421875,2388.0,29.450006103515648,0.107666015625,1.5625,12.000675201416016,678.3839721679688,16,3.6303432999993674,
gfs,gfs_20260704_18z_f006,2026-07-04,18,6,2026-07-04T18:00:00Z,2026-07-05T00:00:00Z,2026-07-05T00:00:00Z,issued_at_utc + 6h conservative NOMADS buffer,,raw\gfs\20260704\gfs_20260704_18z_f006.grib2,10347472,998fe960112b3218eca03d6cb2fb139ffb9ad63c7e62ddce258267b4445b7566,hko:HKO,Hong Kong Observatory,22.301944,114.174167,22.25,114.25,2026-07-04T18:00:00Z,2026-07-05T00:00:00Z,100.0,100.0,-1.9651000499725342,7.475579738616943,27.963128662109398,25.354669189453148,28.288812255859398,27.461724853515648,85.69999694824219,1009.664296875,1693.0,28.137780761718773,-0.5335693359375,9.625,10.806768417358398,54.11199951171875,16,3.638166100019589,
gfs,gfs_20260704_18z_f012,2026-07-04,18,12,2026-07-04T18:00:00Z,2026-07-05T06:00:00Z,2026-07-05T00:00:00Z,issued_at_utc + 6h conservative NOMADS buffer,,raw\gfs\20260704\gfs_20260704_18z_f012.grib2,10370348,93973c65e7330fa6a939a7d1304c4f1e135894d533f6ad1fbf738a80a8655def,hko:HKO,Hong Kong Observatory,22.301944,114.174167,22.25,114.25,2026-07-04T18:00:00Z,2026-07-05T06:00:00Z,99.69999694824219,100.0,-2.559826612472534,7.883920192718506,29.050012207031273,25.929132080078148,29.176721191406273,27.749993896484398,83.19999694824219,1008.370859375,2497.0,30.912561035156273,-0.4771728515625,5.125,11.520062446594238,764.3519897460938,16,3.7087151000159793,
gfs,gfs_20260704_12z_f048,2026-07-04,12,48,2026-07-04T12:00:00Z,2026-07-06T12:00:00Z,2026-07-04T18:00:00Z,issued_at_utc + 6h conservative NOMADS buffer,,raw\gfs\20260704\gfs_20260704_12z_f048.grib2,10616092,ac768b122cb6c09d8eee94a254a91cbbda6667012fa8dceed2d4ad4f5846d465,hko:HKO,Hong Kong Observatory,22.301944,114.174167,22.25,114.25,2026-07-04T12:00:00Z,2026-07-06T12:00:00Z,100.0,96.80000305175781,0.775897204875946,8.289312362670898,28.079095458984398,25.515435791015648,28.737634277343773,27.682702636718773,85.69999694824219,1007.209296875,1839.0,27.759179687500023,-0.072021484375,6.4375,12.306530952453613,338.2720031738281,16,3.7134819999919273,
gfs,gfs_20260704_18z_f003,2026-07-04,18,3,2026-07-04T18:00:00Z,2026-07-04T21:00:00Z,2026-07-05T00:00:00Z,issued_at_utc + 6h conservative NOMADS buffer,,raw\gfs\20260704\gfs_20260704_18z_f003.grib2,10088711,dda3678c65349910c7885f1abd61d21c72c671f73d4d98fc7defc50dc50b63ab,hko:HKO,Hong Kong Observatory,22.301944,114.174167,22.25,114.25,2026-07-04T18:00:00Z,2026-07-04T21:00:00Z,100.0,100.0,-1.3407471179962158,6.488427639007568,27.668756103515648,25.355767822265648,28.188806152343773,27.561730957031273,86.80000305175781,1009.05390625,1689.0,27.361077880859398,-2.471435546875,4.5625,10.207874298095703,0.0,16,5.144367599976249,
gfs,gfs_20260704_18z_f027,2026-07-04,18,27,2026-07-04T18:00:00Z,2026-07-05T21:00:00Z,2026-07-05T00:00:00Z,issued_at_utc + 6h conservative NOMADS buffer,,raw\gfs\20260704\gfs_20260704_18z_f027.grib2,10350041,0ed1a94c224376452d29ff95616bb63b78393619e33895ad3f3db52cb4e413a6,hko:HKO,Hong Kong Observatory,22.301944,114.174167,22.25,114.25,2026-07-04T18:00:00Z,2026-07-05T21:00:00Z,100.0,100.0,-0.27733153104782104,9.446996688842773,27.692041015625023,25.330651855468773,27.966546630859398,27.647180175781273,86.5,1006.491875,1675.0,27.373681640625023,-0.738525390625,2.875,13.000750541687012,0.0,16,5.1228938000276685,
gfs,gfs_20260704_18z_f018,2026-07-04,18,18,2026-07-04T18:00:00Z,2026-07-05T12:00:00Z,2026-07-05T00:00:00Z,issued_at_utc + 6h conservative NOMADS buffer,,raw\gfs\20260704\gfs_20260704_18z_f018.grib2,10479213,d3812a3ab42281061f15f792d20ed57bd0e3b09039048e013dd8ecbbd12a72b7,hko:HKO,Hong Kong Observatory,22.301944,114.174167,22.25,114.25,2026-07-04T18:00:00Z,2026-07-05T12:00:00Z,98.5999984741211,100.0,-0.7563842535018921,7.766156196594238,28.082269287109398,25.850000000000023,29.152764892578148,27.882287597656273,87.69999694824219,1008.208203125,2143.0,27.810998535156273,0.100830078125,3.875,11.600000381469727,387.21600341796875,16,5.442756700038444,
gfs,gfs_20260704_12z_f045,2026-07-04,12,45,2026-07-04T12:00:00Z,2026-07-06T09:00:00Z,2026-07-04T18:00:00Z,issued_at_utc + 6h conservative NOMADS buffer,,raw\gfs\20260704\gfs_20260704_12z_f045.grib2,10402717,514ef4655c99158335e116a500fd0b7e33a3e950c2b6c2229476594462e75f20,hko:HKO,Hong Kong Observatory,22.301944,114.174167,22.25,114.25,2026-07-04T12:00:00Z,2026-07-06T09:00:00Z,74.5,100.0,0.7630676031112671,8.415735244750977,28.217248535156273,25.550012207031273,28.648187255859398,27.982720947265648,85.5999984741211,1005.9121875,1924.0,28.775750732421898,0.450927734375,2.75,12.400482177734375,569.5,16,5.391590400016867,
gfs,gfs_20260704_18z_f045,2026-07-04,18,45,2026-07-04T18:00:00Z,2026-07-06T15:00:00Z,2026-07-05T00:00:00Z,issued_at_utc + 6h conservative NOMADS buffer,,raw\gfs\20260704\gfs_20260704_18z_f045.grib2,10408510,81be8d45cfa39114c222db6f271be6c70449094fe9c31d435ceea76764b1a155,hko:HKO,Hong Kong Observatory,22.301944,114.174167,22.25,114.25,2026-07-04T18:00:00Z,2026-07-06T15:00:00Z,85.0999984741211,100.0,0.5782531499862671,8.298004150390625,28.048181152343773,25.582727050781273,28.154748535156273,27.883477783203148,86.9000015258789,1008.17640625,1907.0,27.549981689453148,-0.05712890625,3.0,11.602569580078125,0.0,16,4.052438100043219,
gfs,gfs_20260704_18z_f009,2026-07-04,18,9,2026-07-04T18:00:00Z,2026-07-05T03:00:00Z,2026-07-05T00:00:00Z,issued_at_utc + 6h conservative NOMADS buffer,,raw\gfs\20260704\gfs_20260704_18z_f009.grib2,10185492,dd3bfda5be58eac3d9e56d366536a49ad00c8e950776eb073a3442f8b7ae2d42,hko:HKO,Hong Kong Observatory,22.301944,114.174167,22.25,114.25,2026-07-04T18:00:00Z,2026-07-05T03:00:00Z,99.9000015258789,100.0,-0.8801635503768921,7.682470798492432,28.229119873046898,25.350000000000023,28.661706542968773,27.829125976562523,84.5999984741211,1009.968984375,1799.0,29.691735839843773,-0.559326171875,4.4375,10.915811538696289,618.1279907226562,16,4.01140800002031,
gfs,gfs_20260704_18z_f036,2026-07-04,18,36,2026-07-04T18:00:00Z,2026-07-06T06:00:00Z,2026-07-05T00:00:00Z,issued_at_utc + 6h conservative NOMADS buffer,,raw\gfs\20260704\gfs_20260704_18z_f036.grib2,10527066,51760c9a4f2bcf6442d5ab497aacf9fdbc024ccc283a96aa58eb5948a4da3669,hko:HKO,Hong Kong Observatory,22.301944,114.174167,22.25,114.25,2026-07-04T18:00:00Z,2026-07-06T06:00:00Z,81.9000015258789,82.80000305175781,-0.22629395127296448,9.306469917297363,28.469995117187523,25.449975585937523,28.671319580078148,27.901055908203148,83.80000305175781,1007.04265625,1823.0,29.638391113281273,-0.146240234375,3.5625,12.80169677734375,793.8560180664062,16,3.8783704999950714,
gfs,gfs_20260704_18z_f030,2026-07-04,18,30,2026-07-04T18:00:00Z,2026-07-06T00:00:00Z,2026-07-05T00:00:00Z,issued_at_utc + 6h conservative NOMADS buffer,,raw\gfs\20260704\gfs_20260704_18z_f030.grib2,10544420,8b0a3f8b68d027ffc26bcc4d3d7365f33c61fa4c848c4b04c4a89355c42b638b,hko:HKO,Hong Kong Observatory,22.301944,114.174167,22.25,114.25,2026-07-04T18:00:00Z,2026-07-06T00:00:00Z,39.0,86.4000015258789,-0.7140868902206421,9.194745063781738,28.094354248046898,25.796166992187523,28.250024414062523,27.647180175781273,87.5,1007.68046875,2220.0,28.238153076171898,0.412353515625,5.6875,12.513465881347656,61.82400131225586,16,3.8316889999550767,
gfs,gfs_20260704_12z_f042,2026-07-04,12,42,2026-07-04T12:00:00Z,2026-07-06T06:00:00Z,2026-07-04T18:00:00Z,issued_at_utc + 6h conservative NOMADS buffer,,raw\gfs\20260704\gfs_20260704_12z_f042.grib2,10571364,2f949fcac178b96fd03f52aee688dcf9ce210b3d4f60f3eee689754493639b9b,hko:HKO,Hong Kong Observatory,22.301944,114.174167,22.25,114.25,2026-07-04T12:00:00Z,2026-07-06T06:00:00Z,100.0,97.0999984741211,-0.11198730766773224,9.626355171203613,28.382714843750023,25.382714843750023,28.615441894531273,27.815454101562523,83.9000015258789,1006.647421875,1702.0,29.385278320312523,-0.1949462890625,6.1875,13.106493949890137,772.0,16,3.732398300024215,
gfs,gfs_20260704_18z_f039,2026-07-04,18,39,2026-07-04T18:00:00Z,2026-07-06T09:00:00Z,2026-07-05T00:00:00Z,issued_at_utc + 6h conservative NOMADS buffer,,raw\gfs\20260704\gfs_20260704_18z_f039.grib2,10359314,1751d3d76cc05a16ec4e702b3d4f8c89181847ae4a7fcdb3c26958f9a000d52f,hko:HKO,Hong Kong Observatory,22.301944,114.174167,22.25,114.25,2026-07-04T18:00:00Z,2026-07-06T09:00:00Z,80.5999984741211,70.4000015258789,1.269293189048767,9.047155380249023,28.082727050781273,25.450006103515648,28.615441894531273,27.870568847656273,85.69999694824219,1006.2034375,1781.0,28.669335937500023,0.049072265625,3.75,12.5,638.8200073242188,16,3.730964899994433,
gfs,gfs_20260705_00z_f000,2026-07-05,0,0,2026-07-05T00:00:00Z,2026-07-05T00:00:00Z,2026-07-05T06:00:00Z,issued_at_utc + 6h conservative NOMADS buffer,,raw\gfs\20260705\gfs_20260705_00z_f000.grib2,6779181,eef1bd9edc04ba83cb1653a9dc659bcc2f2e5ea4a350a6f0f8edfee45f6a6ddc,,,,,,,,,,,,,,,,,,,,,,,,,0,9.770004544407129e-05,Skipped f000 analysis/initialization lead; fetched and cataloged but not decoded for forward T-24 features.
gfs,gfs_20260704_18z_f048,2026-07-04,18,48,2026-07-04T18:00:00Z,2026-07-06T18:00:00Z,2026-07-05T00:00:00Z,issued_at_utc + 6h conservative NOMADS buffer,,raw\gfs\20260704\gfs_20260704_18z_f048.grib2,10663279,9e5589196f14956e39bba1c85546938f4ddfa732d2702c08986f2fd2b971a7bf,hko:HKO,Hong Kong Observatory,22.301944,114.174167,22.25,114.25,2026-07-04T18:00:00Z,2026-07-06T18:00:00Z,100.0,96.80000305175781,1.105676293373108,8.78131103515625,27.653405761718773,25.236016845703148,28.178063964843773,27.683465576171898,86.9000015258789,1006.80109375,1573.0,27.350000000000023,0.49169921875,8.8125,11.902344703674316,0.0,16,3.677301699994132,
gfs,gfs_20260704_18z_f042,2026-07-04,18,42,2026-07-04T18:00:00Z,2026-07-06T12:00:00Z,2026-07-05T00:00:00Z,issued_at_utc + 6h conservative NOMADS buffer,,raw\gfs\20260704\gfs_20260704_18z_f042.grib2,10608268,c0b9a4cfda491647dacfd394eafe5b4535ca940b4feb91a4d0cb95631c33a034,hko:HKO,Hong Kong Observatory,22.301944,114.174167,22.25,114.25,2026-07-04T18:00:00Z,2026-07-06T12:00:00Z,94.19999694824219,74.30000305175781,0.738415539264679,7.865728855133057,28.150720214843773,25.682702636718773,28.813623046875023,27.537255859375023,86.5,1007.24203125,2094.0,27.649987792968773,0.44482421875,6.9375,11.804708480834961,373.552001953125,16,3.699534200015478,
gfs,gfs_20260705_00z_f015,2026-07-05,0,15,2026-07-05T00:00:00Z,2026-07-05T15:00:00Z,2026-07-05T06:00:00Z,issued_at_utc + 6h conservative NOMADS buffer,,raw\gfs\20260705\gfs_20260705_00z_f015.grib2,10278900,5cf301d75742c6eec42abf5c1c2912958ceaa7564b229cd95282169fb8219735,hko:HKO,Hong Kong Observatory,22.301944,114.174167,22.25,114.25,2026-07-05T00:00:00Z,2026-07-05T15:00:00Z,100.0,100.0,-1.3183472156524658,7.093493461608887,28.050012207031273,25.850000000000023,28.249993896484398,27.811090087890648,88.0,1008.82625,2213.0,27.397698974609398,0.2894287109375,0.875,11.450213432312012,0.0,16,5.122308599995449,
gfs,gfs_20260705_00z_f009,2026-07-05,0,9,2026-07-05T00:00:00Z,2026-07-05T09:00:00Z,2026-07-05T06:00:00Z,issued_at_utc + 6h conservative NOMADS buffer,,raw\gfs\20260705\gfs_20260705_00z_f009.grib2,10211201,ee5f13cc0a69dc838971be9ac80d96fe1473d333f7a170cb2c90351c893c942f,hko:HKO,Hong Kong Observatory,22.301944,114.174167,22.25,114.25,2026-07-05T00:00:00Z,2026-07-05T09:00:00Z,100.0,100.0,-1.899847388267517,8.001294136047363,28.555657958984398,25.918542480468773,28.991723632812523,28.524957275390648,85.69999694824219,1007.223984375,2357.0,29.064935302734398,0.416015625,1.1875,11.800000190734863,645.1799926757812,16,5.1851054999860935,
gfs,gfs_20260705_00z_f021,2026-07-05,0,21,2026-07-05T00:00:00Z,2026-07-05T21:00:00Z,2026-07-05T06:00:00Z,issued_at_utc + 6h conservative NOMADS buffer,,raw\gfs\20260705\gfs_20260705_00z_f021.grib2,10319181,084d500d59bb335576782bd519a7ad2970a22fe81d56c134560f569ed2895348,hko:HKO,Hong Kong Observatory,22.301944,114.174167,22.25,114.25,2026-07-05T00:00:00Z,2026-07-05T21:00:00Z,40.900001525878906,91.9000015258789,-1.471887230873108,8.324895858764648,27.517999267578148,25.450006103515648,27.698480224609398,27.347161865234398,88.19999694824219,1006.71734375,1946.0,27.179589843750023,0.49462890625,3.125,12.319222450256348,0.0,16,5.753965799987782,
gfs,gfs_20260705_00z_f003,2026-07-05,0,3,2026-07-05T00:00:00Z,2026-07-05T03:00:00Z,2026-07-05T06:00:00Z,issued_at_utc + 6h conservative NOMADS buffer,,raw\gfs\20260705\gfs_20260705_00z_f003.grib2,10091053,68b04ce4d7d3941c9cc30a31abb43d9fa73f4805faa611f247ad33126b031f67,hko:HKO,Hong Kong Observatory,22.301944,114.174167,22.25,114.25,2026-07-05T00:00:00Z,2026-07-05T03:00:00Z,100.0,100.0,-1.632781982421875,7.223559379577637,28.470849609375023,25.270837402343773,28.561730957031273,27.670861816406273,82.9000015258789,1010.240625,1684.0,29.612603759765648,-2.1495361328125,4.25,10.399999618530273,630.7680053710938,16,6.13232189998962,
gfs,gfs_20260705_00z_f045,2026-07-05,0,45,2026-07-05T00:00:00Z,2026-07-06T21:00:00Z,2026-07-05T06:00:00Z,issued_at_utc + 6h conservative NOMADS buffer,,raw\gfs\20260705\gfs_20260705_00z_f045.grib2,10405206,a6a5690b14cad6f44edf43fbe394b84445a23ff385eee8db3aa582744e939594,hko:HKO,Hong Kong Observatory,22.301944,114.174167,22.25,114.25,2026-07-05T00:00:00Z,2026-07-06T21:00:00Z,25.600000381469727,72.0,0.45439451932907104,7.60394287109375,27.179345703125023,24.930657958984398,27.598687744140648,27.254663085937523,87.19999694824219,1006.23546875,1269.0,26.933435058593773,-0.1534423828125,4.1875,10.922354698181152,0.0,16,8.725367600040045,
gfs,gfs_20260705_00z_f027,2026-07-05,0,27,2026-07-05T00:00:00Z,2026-07-06T03:00:00Z,2026-07-05T06:00:00Z,issued_at_utc + 6h conservative NOMADS buffer,,raw\gfs\20260705\gfs_20260705_00z_f027.grib2,10297889,82b2c872d1166b0e59ff561465f8d7ecd23660c4646aa03cefa10cbd2175fb0b,hko:HKO,Hong Kong Observatory,22.301944,114.174167,22.25,114.25,2026-07-05T00:00:00Z,2026-07-06T03:00:00Z,100.0,92.30000305175781,-1.13739013671875,8.587994575500488,28.230676269531273,25.550012207031273,28.288659667968773,27.492028808593773,85.69999694824219,1008.34390625,2125.0,29.049981689453148,-0.251953125,2.4375,12.201616287231445,667.135986328125,16,9.56107279995922,
gfs,gfs_20260705_06z_f003,2026-07-05,6,3,2026-07-05T06:00:00Z,2026-07-05T09:00:00Z,2026-07-05T12:00:00Z,issued_at_utc + 6h conservative NOMADS buffer,,raw\gfs\20260705\gfs_20260705_06z_f003.grib2,10102818,c461ba4c2d0e7ecec9b4d05df0de97474883fbcfc886f891dea18ff946eb5410,hko:HKO,Hong Kong Observatory,22.301944,114.174167,22.25,114.25,2026-07-05T06:00:00Z,2026-07-05T09:00:00Z,68.19999694824219,100.0,-1.8683655261993408,7.478857517242432,28.722131347656273,25.884301757812523,29.170861816406273,28.587121582031273,84.4000015258789,1007.69265625,2465.0,29.464929199218773,-0.287109375,0.875,11.199999809265137,659.47998046875,16,8.599715500022285,
gfs,gfs_20260705_00z_f006,2026-07-05,0,6,2026-07-05T00:00:00Z,2026-07-05T06:00:00Z,2026-07-05T06:00:00Z,issued_at_utc + 6h conservative NOMADS buffer,,raw\gfs\20260705\gfs_20260705_00z_f006.grib2,10339712,e7157186de69efd8913d6e766d1905c7facd1d9264fee138214b706bf33125b1,hko:HKO,Hong Kong Observatory,22.301944,114.174167,22.25,114.25,2026-07-05T00:00:00Z,2026-07-05T06:00:00Z,100.0,100.0,-2.7987608909606934,7.381927490234375,28.970880126953148,25.850000000000023,29.061730957031273,27.670861816406273,83.5999984741211,1008.545625,2478.0,30.612573242187523,0.4320068359375,4.625,11.107708930969238,767.3759765625,16,9.6045882999897,
gfs,gfs_20260705_00z_f048,2026-07-05,0,48,2026-07-05T00:00:00Z,2026-07-07T00:00:00Z,2026-07-05T06:00:00Z,issued_at_utc + 6h conservative NOMADS buffer,,raw\gfs\20260705\gfs_20260705_00z_f048.grib2,10609933,4004c14633ee09db6d6fa32f401c8fa47cd6b2c1b9d1dcb9da459bd228b381e9,hko:HKO,Hong Kong Observatory,22.301944,114.174167,22.25,114.25,2026-07-05T00:00:00Z,2026-07-07T00:00:00Z,83.80000305175781,63.20000076293945,-0.11180420219898224,7.082531929016113,27.456689453125023,25.117791748046898,27.761834716796898,26.953363037109398,87.4000015258789,1007.756015625,1474.0,27.755914306640648,-0.29931640625,9.875,10.1007719039917,58.57600021362305,16,6.977924400009215,
gfs,gfs_20260705_00z_f042,2026-07-05,0,42,2026-07-05T00:00:00Z,2026-07-06T18:00:00Z,2026-07-05T06:00:00Z,issued_at_utc + 6h conservative NOMADS buffer,,raw\gfs\20260705\gfs_20260705_00z_f042.grib2,10627173,dcfc8af53f9710d43e57ea9f55833d78757aa7fc49cbb25ff954bf832c66baf5,hko:HKO,Hong Kong Observatory,22.301944,114.174167,22.25,114.25,2026-07-05T00:00:00Z,2026-07-06T18:00:00Z,87.4000015258789,97.19999694824219,-0.552020251750946,8.290844917297363,27.498742675781273,25.455895996093773,27.868371582031273,27.346337890625023,88.19999694824219,1006.698515625,1824.0,27.140374755859398,0.2039794921875,5.625,12.306982040405273,0.0,16,7.314914699993096,
gfs,gfs_20260705_06z_f000,2026-07-05,6,0,2026-07-05T06:00:00Z,2026-07-05T06:00:00Z,2026-07-05T12:00:00Z,issued_at_utc + 6h conservative NOMADS buffer,,raw\gfs\20260705\gfs_20260705_06z_f000.grib2,6760464,028a967da5321d60c096a6b79bba5cdb3d32325c346465b81e52869204c4fd36,,,,,,,,,,,,,,,,,,,,,,,,,0,0.00011690001701936126,Skipped f000 analysis/initialization lead; fetched and cataloged but not decoded for forward T-24 features.
gfs,gfs_20260705_00z_f012,2026-07-05,0,12,2026-07-05T00:00:00Z,2026-07-05T12:00:00Z,2026-07-05T06:00:00Z,issued_at_utc + 6h conservative NOMADS buffer,,raw\gfs\20260705\gfs_20260705_00z_f012.grib2,10438982,50df0d3569c42c8a1bc38e7e1dc6061395b516127ef7845d1fc5369879cd2af5,hko:HKO,Hong Kong Observatory,22.301944,114.174167,22.25,114.25,2026-07-05T00:00:00Z,2026-07-05T12:00:00Z,86.30000305175781,100.0,-1.569848656654358,7.316375732421875,27.973321533203148,25.850000000000023,29.091729736328148,27.850000000000023,88.4000015258789,1008.059765625,2248.0,27.644738769531273,-0.086181640625,2.875,11.708752632141113,378.33599853515625,16,7.001217500015628,
gfs,gfs_20260705_00z_f039,2026-07-05,0,39,2026-07-05T00:00:00Z,2026-07-06T15:00:00Z,2026-07-05T06:00:00Z,issued_at_utc + 6h conservative NOMADS buffer,,raw\gfs\20260705\gfs_20260705_00z_f039.grib2,10385096,9df7e101f87d59b27012442e2fd0156b246bfbd119dc0f9120dba09620da2ea3,hko:HKO,Hong Kong Observatory,22.301944,114.174167,22.25,114.25,2026-07-05T00:00:00Z,2026-07-06T15:00:00Z,84.9000015258789,100.0,-0.86590576171875,8.100726127624512,27.772698974609398,25.715447998046898,27.897363281250023,27.546350097656273,88.5,1008.043046875,2032.0,27.306909179687523,0.041259765625,2.125,12.313501358032227,0.0,16,6.658381299988832,
gfs,gfs_20260705_00z_f030,2026-07-05,0,30,2026-07-05T00:00:00Z,2026-07-06T06:00:00Z,2026-07-05T06:00:00Z,issued_at_utc + 6h conservative NOMADS buffer,,raw\gfs\20260705\gfs_20260705_00z_f030.grib2,10511624,bb044ac62b3839a0b0995567778c76820fcabf03fd0ab61c8dcd98126071707a,hko:HKO,Hong Kong Observatory,22.301944,114.174167,22.25,114.25,2026-07-05T00:00:00Z,2026-07-06T06:00:00Z,54.20000076293945,96.19999694824219,-0.7624145746231079,8.835619926452637,28.482751464843773,25.582727050781273,28.472680664062523,27.492028808593773,84.19999694824219,1007.164375,1966.0,29.249993896484398,0.014404296875,3.875,12.399999618530273,791.1680297851562,16,6.915021399967372,
gfs,gfs_20260705_06z_f006,2026-07-05,6,6,2026-07-05T06:00:00Z,2026-07-05T12:00:00Z,2026-07-05T12:00:00Z,issued_at_utc + 6h conservative NOMADS buffer,,raw\gfs\20260705\gfs_20260705_06z_f006.grib2,10372135,bbad948ff3d3168064735e0836cb0020867553ed40ee93dd88c46b166b95660b,hko:HKO,Hong Kong Observatory,22.301944,114.174167,22.25,114.25,2026-07-05T06:00:00Z,2026-07-05T12:00:00Z,100.0,98.9000015258789,-1.230261206626892,7.347320556640625,28.118859863281273,25.549981689453148,29.170861816406273,27.711083984375023,85.9000015258789,1008.555859375,2003.0,27.651666259765648,-1.189697265625,2.5625,12.0,389.66400146484375,16,7.538446800026577,
gfs,gfs_20260705_00z_f024,2026-07-05,0,24,2026-07-05T00:00:00Z,2026-07-06T00:00:00Z,2026-07-05T06:00:00Z,issued_at_utc + 6h conservative NOMADS buffer,,raw\gfs\20260705\gfs_20260705_00z_f024.grib2,10502697,79c120041d963ba01ff17b98ce87076f26ef3757e90fc1a3c17da712dcf3871f,hko:HKO,Hong Kong Observatory,22.301944,114.174167,22.25,114.25,2026-07-05T00:00:00Z,2026-07-06T00:00:00Z,76.80000305175781,84.9000015258789,-1.2038390636444092,8.716180801391602,27.692041015625023,25.530664062500023,27.898461914062523,27.347161865234398,88.0999984741211,1007.883125,1999.0,27.749993896484398,0.2694091796875,6.125,12.600000381469727,52.847999572753906,16,7.646410799992736,
gfs,gfs_20260705_00z_f036,2026-07-05,0,36,2026-07-05T00:00:00Z,2026-07-06T12:00:00Z,2026-07-05T06:00:00Z,issued_at_utc + 6h conservative NOMADS buffer,,raw\gfs\20260705\gfs_20260705_00z_f036.grib2,10563743,edbb9ef8a5b7d6f07fa003c52f19cd8e4d71ba3210b948730ed55f8dbb7d23d0,hko:HKO,Hong Kong Observatory,22.301944,114.174167,22.25,114.25,2026-07-05T00:00:00Z,2026-07-06T12:00:00Z,88.0,98.80000305175781,0.07459106296300888,7.976855278015137,27.646356201171898,25.282708740234398,28.641809082031273,27.415460205078148,87.0,1007.332578125,1597.0,27.311334228515648,0.2431640625,6.5,11.70438289642334,368.9119873046875,16,7.973945499979891,
gfs,gfs_20260705_00z_f018,2026-07-05,0,18,2026-07-05T00:00:00Z,2026-07-05T18:00:00Z,2026-07-05T06:00:00Z,issued_at_utc + 6h conservative NOMADS buffer,,raw\gfs\20260705\gfs_20260705_00z_f018.grib2,10500796,ba26e70b58778ad771f2e889e848e1756b2e9528a30b658bd6e1e40763d243d1,hko:HKO,Hong Kong Observatory,22.301944,114.174167,22.25,114.25,2026-07-05T00:00:00Z,2026-07-05T18:00:00Z,78.4000015258789,99.19999694824219,-1.149755835533142,7.45550537109375,27.585778808593773,25.515710449218773,28.272180175781273,27.566308593750023,88.19999694824219,1007.594296875,1943.0,27.250024414062523,-0.07421875,3.3125,11.207967758178711,0.0,16,8.413861899985932,
gfs,gfs_20260705_00z_f033,2026-07-05,0,33,2026-07-05T00:00:00Z,2026-07-06T09:00:00Z,2026-07-05T06:00:00Z,issued_at_utc + 6h conservative NOMADS buffer,,raw\gfs\20260705\gfs_20260705_00z_f033.grib2,10352159,ca605aae89ea587fc7fcf9f5564091b9b88b337a352ef81d119522b1588bc741,hko:HKO,Hong Kong Observatory,22.301944,114.174167,22.25,114.25,2026-07-05T00:00:00Z,2026-07-06T09:00:00Z,100.0,100.0,-0.36842042207717896,8.676132202148438,28.015435791015648,25.482720947265648,28.648187255859398,27.915460205078148,86.4000015258789,1006.346484375,1891.0,28.450006103515648,0.36767578125,3.25,12.5,637.9600219726562,16,8.08904499997152,
gfs,gfs_20260705_06z_f009,2026-07-05,6,9,2026-07-05T06:00:00Z,2026-07-05T15:00:00Z,2026-07-05T12:00:00Z,issued_at_utc + 6h conservative NOMADS buffer,,raw\gfs\20260705\gfs_20260705_06z_f009.grib2,10240919,6fee60a7cd6e938fe3d9a21c2510a62c3cc02644ca748bb826d60c1e646d2305,hko:HKO,Hong Kong Observatory,22.301944,114.174167,22.25,114.25,2026-07-05T06:00:00Z,2026-07-05T15:00:00Z,100.0,100.0,-1.176544189453125,7.213427543640137,28.011102294921898,25.850000000000023,28.211114501953148,27.988916015625023,87.69999694824219,1009.0828125,2301.0,27.439508056640648,0.22900390625,0.375,11.514711380004883,0.0,16,7.625251499994192,
gfs,gfs_20260705_06z_f018,2026-07-05,6,18,2026-07-05T06:00:00Z,2026-07-06T00:00:00Z,2026-07-05T12:00:00Z,issued_at_utc + 6h conservative NOMADS buffer,,raw\gfs\20260705\gfs_20260705_06z_f018.grib2,10451874,3be67a757507ebbd1ecc9a11751e7caf5216af0150e4345c60a10598c9e0a849,hko:HKO,Hong Kong Observatory,22.301944,114.174167,22.25,114.25,2026-07-05T06:00:00Z,2026-07-06T00:00:00Z,53.29999923706055,97.30000305175781,-1.294073462486267,8.049972534179688,27.648156738281273,25.182702636718773,27.911340332031273,27.268457031250023,86.30000305175781,1007.960859375,1635.0,27.738397216796898,-0.2529296875,6.9375,11.700161933898926,60.9119987487793,16,7.9551260999869555,
gfs,gfs_20260705_06z_f012,2026-07-05,6,12,2026-07-05T06:00:00Z,2026-07-05T18:00:00Z,2026-07-05T12:00:00Z,issued_at_utc + 6h conservative NOMADS buffer,,raw\gfs\20260705\gfs_20260705_06z_f012.grib2,10457298,d12e7ceaa4a629127a579d7122cb3e0a92276a522d1044dd571689e633c44e15,hko:HKO,Hong Kong Observatory,22.301944,114.174167,22.25,114.25,2026-07-05T06:00:00Z,2026-07-05T18:00:00Z,98.5,100.0,-1.05206298828125,7.447747707366943,27.619683837890648,25.688897705078148,28.188897705078148,27.582604980468773,89.0999984741211,1007.520234375,2186.0,27.215722656250023,0.0538330078125,2.5,11.100133895874023,0.0,16,7.035617000015918,
gfs,gfs_20260705_12z_f006,2026-07-05,12,6,2026-07-05T12:00:00Z,2026-07-05T18:00:00Z,2026-07-05T18:00:00Z,issued_at_utc + 6h conservative NOMADS buffer,,raw\gfs\20260705\gfs_20260705_12z_f006.grib2,10426663,0e6857808466f53cd81cb75c8b79113e71991868d6c14d480c9e4600eb415cf5,hko:HKO,Hong Kong Observatory,22.301944,114.174167,22.25,114.25,2026-07-05T12:00:00Z,2026-07-05T18:00:00Z,99.5999984741211,100.0,-1.395043969154358,7.989569187164307,27.616235351562523,25.802972412109398,28.227807617187523,27.588891601562523,89.5,1007.491953125,2233.0,27.150018310546898,0.3365478515625,3.0625,12.619607925415039,0.0,16,6.258360299980268,
gfs,gfs_20260705_06z_f039,2026-07-05,6,39,2026-07-05T06:00:00Z,2026-07-06T21:00:00Z,2026-07-05T12:00:00Z,issued_at_utc + 6h conservative NOMADS buffer,,raw\gfs\20260705\gfs_20260705_06z_f039.grib2,10402489,b8292368df6b715e83ac8125c989a55c1e98b3c8b187c6116c1105262056ff1d,hko:HKO,Hong Kong Observatory,22.301944,114.174167,22.25,114.25,2026-07-05T06:00:00Z,2026-07-06T21:00:00Z,100.0,99.9000015258789,0.5930420160293579,8.065576553344727,27.249993896484398,24.950006103515648,27.272698974609398,26.945397949218773,87.9000015258789,1005.946328125,1433.0,26.850000000000023,0.0640869140625,5.8125,11.312861442565918,0.0,16,6.623139799979981,
gfs,gfs_20260705_12z_f000,2026-07-05,12,0,2026-07-05T12:00:00Z,2026-07-05T12:00:00Z,2026-07-05T18:00:00Z,issued_at_utc + 6h conservative NOMADS buffer,,raw\gfs\20260705\gfs_20260705_12z_f000.grib2,6794352,e063c19c554055a358a2c59546caf422199b4595020a6e6ee065a51f0aa5af07,,,,,,,,,,,,,,,,,,,,,,,,,0,0.00010439998004585505,Skipped f000 analysis/initialization lead; fetched and cataloged but not decoded for forward T-24 features.
gfs,gfs_20260705_06z_f036,2026-07-05,6,36,2026-07-05T06:00:00Z,2026-07-06T18:00:00Z,2026-07-05T12:00:00Z,issued_at_utc + 6h conservative NOMADS buffer,,raw\gfs\20260705\gfs_20260705_06z_f036.grib2,10597043,1f6617c06fd8488c5b6e86f598f2ef38de6d322b6b99f1a4156d5309b381de6d,hko:HKO,Hong Kong Observatory,22.301944,114.174167,22.25,114.25,2026-07-05T06:00:00Z,2026-07-06T18:00:00Z,100.0,100.0,-0.566113293170929,8.023828506469727,27.098657226562523,25.137292480468773,27.902307128906273,27.136651611328148,88.5999984741211,1006.534296875,1429.0,27.033593750000023,-0.3284912109375,5.25,11.829351425170898,0.0,16,6.556658799992874,
gfs,gfs_20260705_06z_f027,2026-07-05,6,27,2026-07-05T06:00:00Z,2026-07-06T09:00:00Z,2026-07-05T12:00:00Z,issued_at_utc + 6h conservative NOMADS buffer,,raw\gfs\20260705\gfs_20260705_06z_f027.grib2,10298275,76d0d512dc944debd4040c89fb5496bdc0025342414e9bbf10085c81a2985557,hko:HKO,Hong Kong Observatory,22.301944,114.174167,22.25,114.25,2026-07-05T06:00:00Z,2026-07-06T09:00:00Z,88.5999984741211,100.0,-0.06746826320886612,8.248822212219238,28.013635253906273,25.182702636718773,28.514733886718773,27.880914306640648,84.30000305175781,1006.409375,1611.0,29.111352539062523,-0.2352294921875,3.3125,12.402792930603027,651.719970703125,16,3.87471220002044,
gfs,gfs_20260705_06z_f045,2026-07-05,6,45,2026-07-05T06:00:00Z,2026-07-07T03:00:00Z,2026-07-05T12:00:00Z,issued_at_utc + 6h conservative NOMADS buffer,,raw\gfs\20260705\gfs_20260705_06z_f045.grib2,10418588,c7a8110b7d0688c186a98830d95ed80a4999ad4961f9bf49abd890f788c4ee26,hko:HKO,Hong Kong Observatory,22.301944,114.174167,22.25,114.25,2026-07-05T06:00:00Z,2026-07-07T03:00:00Z,100.0,100.0,-0.12508544325828552,7.848474025726318,28.011346435546898,25.050012207031273,28.106195068359398,27.311364746093773,83.9000015258789,1007.66625,1412.0,27.927301025390648,0.4442138671875,5.4375,10.907846450805664,333.5039978027344,16,4.525914199999534,
gfs,gfs_20260705_12z_f003,2026-07-05,12,3,2026-07-05T12:00:00Z,2026-07-05T15:00:00Z,2026-07-05T18:00:00Z,issued_at_utc + 6h conservative NOMADS buffer,,raw\gfs\20260705\gfs_20260705_12z_f003.grib2,10140482,9ade7d7d882f39a9693647495e0c82dd7169153e5b7c14fdb4c90f9c5878f063,hko:HKO,Hong Kong Observatory,22.301944,114.174167,22.25,114.25,2026-07-05T12:00:00Z,2026-07-05T15:00:00Z,100.0,100.0,-1.7600829601287842,7.175274848937988,28.249993896484398,25.549981689453148,28.211083984375023,27.929223632812523,85.5,1008.79765625,2015.0,27.370843505859398,-0.3079833984375,1.0,11.917078018188477,0.0,16,4.627529499994125,
gfs,gfs_20260705_06z_f021,2026-07-05,6,21,2026-07-05T06:00:00Z,2026-07-06T03:00:00Z,2026-07-05T12:00:00Z,issued_at_utc + 6h conservative NOMADS buffer,,raw\gfs\20260705\gfs_20260705_06z_f021.grib2,10259672,7a99632680caecac1145b60a70acefafbc79e9fc28bf60311b549859f80c6104,hko:HKO,Hong Kong Observatory,22.301944,114.174167,22.25,114.25,2026-07-05T06:00:00Z,2026-07-06T03:00:00Z,87.80000305175781,61.0,-1.37158203125,8.3984375,28.322961425781273,25.330651855468773,28.501031494140648,27.448144531250023,83.9000015258789,1008.30734375,1869.0,29.474206542968773,-0.2547607421875,2.4375,12.019217491149902,688.2559814453125,16,4.508344600035343,
gfs,gfs_20260705_06z_f048,2026-07-05,6,48,2026-07-05T06:00:00Z,2026-07-07T06:00:00Z,2026-07-05T12:00:00Z,issued_at_utc + 6h conservative NOMADS buffer,,raw\gfs\20260705\gfs_20260705_06z_f048.grib2,10609220,354ce73a6f9c10141fe0fbf1b9b36765f9897a651a7302ecb14ac63712173bfa,hko:HKO,Hong Kong Observatory,22.301944,114.174167,22.25,114.25,2026-07-05T06:00:00Z,2026-07-07T06:00:00Z,100.0,100.0,1.971154808998108,6.337469577789307,27.434655761718773,24.569299316406273,28.110192871093773,27.252252197265648,84.4000015258789,1006.7,952.0,27.844079589843773,-0.9127197265625,9.0625,10.010855674743652,334.1440124511719,16,5.295099900045898,
gfs,gfs_20260705_06z_f042,2026-07-05,6,42,2026-07-05T06:00:00Z,2026-07-07T00:00:00Z,2026-07-05T12:00:00Z,issued_at_utc + 6h conservative NOMADS buffer,,raw\gfs\20260705\gfs_20260705_06z_f042.grib2,10591407,a030083e6e3dadef4ee162b7519a5a5f7c07d306026681eec8a6f88a8498f3c9,hko:HKO,Hong Kong Observatory,22.301944,114.174167,22.25,114.25,2026-07-05T06:00:00Z,2026-07-07T00:00:00Z,100.0,99.9000015258789,0.188385009765625,6.688611030578613,27.423730468750023,25.002313232421898,27.744073486328148,26.945397949218773,86.5999984741211,1007.237890625,1357.0,27.448510742187523,-0.19189453125,10.625,9.511883735656738,40.01599884033203,16,5.3530303000006825,
gfs,gfs_20260705_06z_f015,2026-07-05,6,15,2026-07-05T06:00:00Z,2026-07-05T21:00:00Z,2026-07-05T12:00:00Z,issued_at_utc + 6h conservative NOMADS buffer,,raw\gfs\20260705\gfs_20260705_06z_f015.grib2,10282726,07a23b06feb307c162d2ba0901d701d39590dd1ef5ec5e9956a7a36869a4dba4,hko:HKO,Hong Kong Observatory,22.301944,114.174167,22.25,114.25,2026-07-05T06:00:00Z,2026-07-05T21:00:00Z,71.4000015258789,99.19999694824219,-0.9951416254043579,8.074609756469727,27.655358886718773,25.230676269531273,27.711328125000023,27.368463134765648,86.5,1007.109296875,1777.0,27.079614257812523,-0.6817626953125,3.5625,11.70414924621582,0.0,16,5.392144899989944,
gfs,gfs_20260705_06z_f033,2026-07-05,6,33,2026-07-05T06:00:00Z,2026-07-06T15:00:00Z,2026-07-05T12:00:00Z,issued_at_utc + 6h conservative NOMADS buffer,,raw\gfs\20260705\gfs_20260705_06z_f033.grib2,10371500,931ae6a4cb2b2baf03f99855890cac545707c32cf444f766b556a2780d2d836e,hko:HKO,Hong Kong Observatory,22.301944,114.174167,22.25,114.25,2026-07-05T06:00:00Z,2026-07-06T15:00:00Z,100.0,100.0,-1.1828491687774658,7.759789943695068,27.911340332031273,25.430657958984398,27.911340332031273,27.536645507812523,86.30000305175781,1008.089765625,1888.0,27.295159912109398,0.274169921875,1.5,12.002302169799805,0.0,16,5.537983599992003,
gfs,gfs_20260705_12z_f015,2026-07-05,12,15,2026-07-05T12:00:00Z,2026-07-06T03:00:00Z,2026-07-05T18:00:00Z,issued_at_utc + 6h conservative NOMADS buffer,,raw\gfs\20260705\gfs_20260705_12z_f015.grib2,10221759,dcee42c5d3e890a33cef9488071814ed36c6a3b9c9cd25d5e219858b47276ecc,hko:HKO,Hong Kong Observatory,22.301944,114.174167,22.25,114.25,2026-07-05T12:00:00Z,2026-07-06T03:00:00Z,5.699999809265137,72.0,-0.560809314250946,9.146044731140137,28.265649414062523,25.482720947265648,28.327081298828148,27.748162841796898,84.9000015258789,1008.161328125,1968.0,29.049981689453148,-0.406494140625,2.0,12.804980278015137,673.6480102539062,16,5.100689799990505,
gfs,gfs_20260705_12z_f018,2026-07-05,12,18,2026-07-05T12:00:00Z,2026-07-06T06:00:00Z,2026-07-05T18:00:00Z,issued_at_utc + 6h conservative NOMADS buffer,,raw\gfs\20260705\gfs_20260705_12z_f018.grib2,10429992,47398bb53a0e350dffcedc7bec2712e9ec7fa38a5dc18ac592b49fef97d4ef6d,hko:HKO,Hong Kong Observatory,22.301944,114.174167,22.25,114.25,2026-07-05T12:00:00Z,2026-07-06T06:00:00Z,54.5,65.5,0.18842163681983948,9.017346382141113,27.913659667968773,25.215478515625023,28.372735595703148,27.448144531250023,85.4000015258789,1007.196640625,1573.0,29.130700683593773,-0.4217529296875,4.9375,12.606493949890137,804.416015625,16,5.1458448999910615,
gfs,gfs_20260705_06z_f030,2026-07-05,6,30,2026-07-05T06:00:00Z,2026-07-06T12:00:00Z,2026-07-05T12:00:00Z,issued_at_utc + 6h conservative NOMADS buffer,,raw\gfs\20260705\gfs_20260705_06z_f030.grib2,10536844,29b26d91271972a0429608efe74d1ef2e80dc84277382c10ba9f6c5204dc4065,hko:HKO,Hong Kong Observatory,22.301944,114.174167,22.25,114.25,2026-07-05T06:00:00Z,2026-07-06T12:00:00Z,100.0,100.0,-0.16647949814796448,8.183080673217773,27.655969238281273,25.011346435546898,28.575280761718773,27.280908203125023,85.5999984741211,1007.3215625,1364.0,27.391717529296898,0.388916015625,6.0625,12.311559677124023,381.2799987792969,16,4.952080399962142,
gfs,gfs_20260705_12z_f009,2026-07-05,12,9,2026-07-05T12:00:00Z,2026-07-05T21:00:00Z,2026-07-05T18:00:00Z,issued_at_utc + 6h conservative NOMADS buffer,,raw\gfs\20260705\gfs_20260705_12z_f009.grib2,10222235,4e5883a59dcc724e917a5994f69d0a3ac772b0aaa9f751a56bda88844042ee23,hko:HKO,Hong Kong Observatory,22.301944,114.174167,22.25,114.25,2026-07-05T12:00:00Z,2026-07-05T21:00:00Z,31.100000381469727,73.69999694824219,-1.878509521484375,8.640637397766113,27.636041259765648,25.350000000000023,27.749993896484398,27.481439208984398,87.5,1006.9403125,1869.0,27.073693847656273,0.06103515625,3.0,12.912847518920898,0.0,16,5.0963889000122435,
gfs,gfs_20260705_06z_f024,2026-07-05,6,24,2026-07-05T06:00:00Z,2026-07-06T06:00:00Z,2026-07-05T12:00:00Z,issued_at_utc + 6h conservative NOMADS buffer,,raw\gfs\20260705\gfs_20260705_06z_f024.grib2,10481658,09034cca3607e78f5fb084d30879bfaa041672998ecfcdb0595fb5b6c03b8044,hko:HKO,Hong Kong Observatory,22.301944,114.174167,22.25,114.25,2026-07-05T06:00:00Z,2026-07-06T06:00:00Z,79.0999984741211,79.9000015258789,-0.659136950969696,8.647839546203613,28.394006347656273,25.030664062500023,28.711389160156273,27.448144531250023,82.19999694824219,1007.3646875,1579.0,30.450006103515648,0.0535888671875,5.1875,12.101519584655762,812.4959716796875,16,5.272467799950391,
gfs,gfs_20260705_12z_f012,2026-07-05,12,12,2026-07-05T12:00:00Z,2026-07-06T00:00:00Z,2026-07-05T18:00:00Z,issued_at_utc + 6h conservative NOMADS buffer,,raw\gfs\20260705\gfs_20260705_12z_f012.grib2,10403139,866ab80fe21e0af41b6f6062f6e564dbc4211ca3faa878d62d131c203bb14e30,hko:HKO,Hong Kong Observatory,22.301944,114.174167,22.25,114.25,2026-07-05T12:00:00Z,2026-07-06T00:00:00Z,40.70000076293945,78.69999694824219,-1.0558350086212158,9.820180892944336,27.848168945312523,24.982720947265648,28.050012207031273,27.481439208984398,85.0,1007.67921875,1651.0,27.649987792968773,-0.4324951171875,6.0625,13.517831802368164,63.487998962402344,16,5.181948900048155,
gfs,gfs_20260705_12z_f021,2026-07-05,12,21,2026-07-05T12:00:00Z,2026-07-06T09:00:00Z,2026-07-05T18:00:00Z,issued_at_utc + 6h conservative NOMADS buffer,,raw\gfs\20260705\gfs_20260705_12z_f021.grib2,10257644,5c922d2635eb52711531f3309a3ba5391f46fefe0bd8e753090063fd1cf68a01,hko:HKO,Hong Kong Observatory,22.301944,114.174167,22.25,114.25,2026-07-05T12:00:00Z,2026-07-06T09:00:00Z,100.0,71.80000305175781,-0.17747192084789276,8.535595893859863,27.964288330078148,25.382714843750023,28.330682373046898,27.622064208984398,85.69999694824219,1006.18171875,1725.0,28.321374511718773,-0.0211181640625,4.0,12.5068359375,669.8800048828125,16,5.15452360000927,
gfs,gfs_20260705_12z_f027,2026-07-05,12,27,2026-07-05T12:00:00Z,2026-07-06T15:00:00Z,2026-07-05T18:00:00Z,issued_at_utc + 6h conservative NOMADS buffer,,raw\gfs\20260705\gfs_20260705_12z_f027.grib2,10316045,cbbda65b6058cfac0bf02bd81852bb4d79de69c1fd0e6470f5ae0859b5548275,hko:HKO,Hong Kong Observatory,22.301944,114.174167,22.25,114.25,2026-07-05T12:00:00Z,2026-07-06T15:00:00Z,95.30000305175781,99.9000015258789,-0.14744873344898224,8.122387886047363,27.792047119140648,25.355340576171898,27.911370849609398,27.372705078125023,87.0999984741211,1007.83265625,1764.0,27.121392822265648,-0.389892578125,4.125,12.45275592803955,0.0,16,5.2995064000133425,
gfs,gfs_20260705_12z_f033,2026-07-05,12,33,2026-07-05T12:00:00Z,2026-07-06T21:00:00Z,2026-07-05T18:00:00Z,issued_at_utc + 6h conservative NOMADS buffer,,raw\gfs\20260705\gfs_20260705_12z_f033.grib2,10393076,0f3f0fe0163d8c0e861dcafaa3dc91d81d717edb5ee510b48f270b7922a10b87,hko:HKO,Hong Kong Observatory,22.301944,114.174167,22.25,114.25,2026-07-05T12:00:00Z,2026-07-06T21:00:00Z,98.80000305175781,100.0,0.941082775592804,8.096307754516602,27.302087402343773,24.959008789062523,27.707482910156273,27.234033203125023,86.69999694824219,1006.010390625,1400.0,26.929132080078148,-0.816162109375,4.625,11.70512866973877,0.0,16,4.906052300008014,
gfs,gfs_20260705_18z_f000,2026-07-05,18,0,2026-07-05T18:00:00Z,2026-07-05T18:00:00Z,2026-07-06T00:00:00Z,issued_at_utc + 6h conservative NOMADS buffer,,raw\gfs\20260705\gfs_20260705_18z_f000.grib2,6836150,b1dd3e8cdf1a5157c1842fb5dd3c42d95dc47e56e81674c4f2f8a1bebdf6018d,,,,,,,,,,,,,,,,,,,,,,,,,0,0.00010220002150163054,Skipped f000 analysis/initialization lead; fetched and cataloged but not decoded for forward T-24 features.
gfs,gfs_20260705_12z_f030,2026-07-05,12,30,2026-07-05T12:00:00Z,2026-07-06T18:00:00Z,2026-07-05T18:00:00Z,issued_at_utc + 6h conservative NOMADS buffer,,raw\gfs\20260705\gfs_20260705_12z_f030.grib2,10577141,52f3c4351b07aea9bd4c6a2f6e6b1f69015573512988b45c757164ae892d6ffb,hko:HKO,Hong Kong Observatory,22.301944,114.174167,22.25,114.25,2026-07-05T12:00:00Z,2026-07-06T18:00:00Z,100.0,99.80000305175781,0.2890991270542145,9.181549072265625,27.358728027343773,25.136010742187523,27.892053222656273,27.272698974609398,87.69999694824219,1006.319375,1500.0,26.996026611328148,0.12646484375,8.875,12.909402847290039,0.0,16,4.793653800035827,
gfs,gfs_20260705_12z_f024,2026-07-05,12,24,2026-07-05T12:00:00Z,2026-07-06T12:00:00Z,2026-07-05T18:00:00Z,issued_at_utc + 6h conservative NOMADS buffer,,raw\gfs\20260705\gfs_20260705_12z_f024.grib2,10490920,4d2c7f0ec2e5d317dc673115b49ea730685b99fae1834dcb8b5048db35883e11,hko:HKO,Hong Kong Observatory,22.301944,114.174167,22.25,114.25,2026-07-05T12:00:00Z,2026-07-06T12:00:00Z,87.19999694824219,85.9000015258789,0.5550537109375,8.366668701171875,27.772698974609398,25.230676269531273,28.461083984375023,27.222070312500023,85.80000305175781,1007.338125,1601.0,27.132287597656273,-0.126953125,6.1875,12.0,386.99200439453125,16,4.895956700027455,
gfs,gfs_20260705_12z_f036,2026-07-05,12,36,2026-07-05T12:00:00Z,2026-07-07T00:00:00Z,2026-07-05T18:00:00Z,issued_at_utc + 6h conservative NOMADS buffer,,raw\gfs\20260705\gfs_20260705_12z_f036.grib2,10594646,43c72934549162b5c3613094422b57c6b78ef8139832f9d88ab1ac339abb83d0,hko:HKO,Hong Kong Observatory,22.301944,114.174167,22.25,114.25,2026-07-05T12:00:00Z,2026-07-07T00:00:00Z,99.0999984741211,100.0,0.33940428495407104,6.618750095367432,27.425500488281273,24.930657958984398,27.955895996093773,27.034020996093773,86.5,1007.574375,1306.0,27.527307128906273,-0.6617431640625,10.4375,9.910833358764648,43.20000076293945,16,4.9020190999726765,
gfs,gfs_20260705_12z_f039,2026-07-05,12,39,2026-07-05T12:00:00Z,2026-07-07T03:00:00Z,2026-07-05T18:00:00Z,issued_at_utc + 6h conservative NOMADS buffer,,raw\gfs\20260705\gfs_20260705_12z_f039.grib2,10385859,00eba7173864078b0bca5339d3d2a2bdb8241ba5933f44301bdd0401d1cf24b2,hko:HKO,Hong Kong Observatory,22.301944,114.174167,22.25,114.25,2026-07-05T12:00:00Z,2026-07-07T03:00:00Z,100.0,100.0,-0.34312742948532104,7.27734375,27.810205078125023,24.690881347656273,28.171533203125023,27.230676269531273,83.19999694824219,1007.88453125,1049.0,27.760095214843773,-0.361083984375,5.8125,10.300000190734863,294.5119934082031,16,4.835144900018349,
gfs,gfs_20260705_12z_f042,2026-07-05,12,42,2026-07-05T12:00:00Z,2026-07-07T06:00:00Z,2026-07-05T18:00:00Z,issued_at_utc + 6h conservative NOMADS buffer,,raw\gfs\20260705\gfs_20260705_12z_f042.grib2,10608128,e710d4470a30358bb4845969680642edfe674ca4a32cbf97ae5131a783d2c759,hko:HKO,Hong Kong Observatory,22.301944,114.174167,22.25,114.25,2026-07-05T12:00:00Z,2026-07-07T06:00:00Z,100.0,100.0,0.15736694633960724,6.905871391296387,28.179193115234398,24.715783691406273,28.232232666015648,27.230676269531273,81.80000305175781,1006.5175,1183.0,28.050012207031273,0.157470703125,8.875,9.609533309936523,340.1600036621094,16,5.029395200021099,
gfs,gfs_20260705_18z_f012,2026-07-05,18,12,2026-07-05T18:00:00Z,2026-07-06T06:00:00Z,2026-07-06T00:00:00Z,issued_at_utc + 6h conservative NOMADS buffer,,raw\gfs\20260705\gfs_20260705_18z_f012.grib2,10385270,f83a2b29023ae89737e19e91f4fa7d4aa15a6d7db5376a38825cd9f212e1a0d9,hko:HKO,Hong Kong Observatory,22.301944,114.174167,22.25,114.25,2026-07-05T18:00:00Z,2026-07-06T06:00:00Z,100.0,69.0999984741211,0.47523802518844604,8.809069633483887,27.935083007812523,25.082727050781273,28.335076904296898,27.416711425781273,84.5999984741211,1007.296171875,1497.0,29.048699951171898,-0.439453125,5.375,12.0,806.89599609375,16,4.97204010002315,
gfs,gfs_20260705_18z_f021,2026-07-05,18,21,2026-07-05T18:00:00Z,2026-07-06T15:00:00Z,2026-07-06T00:00:00Z,issued_at_utc + 6h conservative NOMADS buffer,,raw\gfs\20260705\gfs_20260705_18z_f021.grib2,10296275,0df1f3ca854910d804406cc8ac66a06be8b0b95e39bd29b04d847d2e080a57cc,hko:HKO,Hong Kong Observatory,22.301944,114.174167,22.25,114.25,2026-07-05T18:00:00Z,2026-07-06T15:00:00Z,79.80000305175781,100.0,0.33934324979782104,7.522015571594238,27.413659667968773,25.115441894531273,27.811364746093773,27.381616210937523,87.30000305175781,1008.300703125,1479.0,26.986322021484398,-2.861328125,5.4375,11.414167404174805,0.0,16,4.910620299982838,
gfs,gfs_20260705_18z_f003,2026-07-05,18,3,2026-07-05T18:00:00Z,2026-07-05T21:00:00Z,2026-07-06T00:00:00Z,issued_at_utc + 6h conservative NOMADS buffer,,raw\gfs\20260705\gfs_20260705_18z_f003.grib2,10136548,75c180ed3c408a8ab21149b07e584e6a87267ef4ffebdd79b872d83f2790f7d1,hko:HKO,Hong Kong Observatory,22.301944,114.174167,22.25,114.25,2026-07-05T18:00:00Z,2026-07-05T21:00:00Z,99.0,77.5999984741211,-1.564508080482483,8.217748641967773,27.774682617187523,25.249993896484398,27.830651855468773,27.518182373046898,86.30000305175781,1007.408828125,1848.0,27.085534667968773,-0.0849609375,2.9375,12.10116195678711,0.0,16,4.4310007999883965,
gfs,gfs_20260705_18z_f024,2026-07-05,18,24,2026-07-05T18:00:00Z,2026-07-06T18:00:00Z,2026-07-06T00:00:00Z,issued_at_utc + 6h conservative NOMADS buffer,,raw\gfs\20260705\gfs_20260705_18z_f024.grib2,10542659,24ce77b2fac111ecb144b4d767d06c7c642a74435073aa20bf89df84a6b63388,hko:HKO,Hong Kong Observatory,22.301944,114.174167,22.25,114.25,2026-07-05T18:00:00Z,2026-07-06T18:00:00Z,89.0,99.0,0.5299011468887329,8.451726913452148,27.637475585937523,25.211358642578148,27.856774902343773,27.381616210937523,86.69999694824219,1006.75859375,1573.0,26.972070312500023,-0.28662109375,10.3125,12.110626220703125,0.0,16,4.357895900029689,
gfs,gfs_20260705_18z_f006,2026-07-05,18,6,2026-07-05T18:00:00Z,2026-07-06T00:00:00Z,2026-07-06T00:00:00Z,issued_at_utc + 6h conservative NOMADS buffer,,raw\gfs\20260705\gfs_20260705_18z_f006.grib2,10368276,57e71e81858484ecab96af9552a236726137f1eb2895570916bbbcfa66ba401b,hko:HKO,Hong Kong Observatory,22.301944,114.174167,22.25,114.25,2026-07-05T18:00:00Z,2026-07-06T00:00:00Z,74.69999694824219,88.5,-0.966357409954071,9.486139297485352,27.811364746093773,24.930688476562523,27.930657958984398,27.418176269531273,84.30000305175781,1008.244609375,1565.0,27.649987792968773,0.49560546875,6.4375,12.819159507751465,60.79999923706055,16,4.387683599954471,
gfs,gfs_20260705_12z_f045,2026-07-05,12,45,2026-07-05T12:00:00Z,2026-07-07T09:00:00Z,2026-07-05T18:00:00Z,issued_at_utc + 6h conservative NOMADS buffer,,raw\gfs\20260705\gfs_20260705_12z_f045.grib2,10415631,aaf024122d57f5978b9431f7b2b6f6ff39bb7e96db179cec539faa149fdb4dd5,hko:HKO,Hong Kong Observatory,22.301944,114.174167,22.25,114.25,2026-07-05T12:00:00Z,2026-07-07T09:00:00Z,100.0,100.0,1.4112548828125,5.150842189788818,27.555444335937523,24.949975585937523,28.149987792968773,27.474938964843773,85.69999694824219,1005.65046875,1259.0,27.554284667968773,-0.234619140625,2.75,8.800000190734863,240.94000244140625,16,4.395572500012349,
gefs_control,gefs_control_20260705_00z_f000,2026-07-05,0,0,2026-07-05T00:00:00Z,2026-07-05T00:00:00Z,2026-07-05T06:00:00Z,issued_at_utc + 6h conservative NOMADS buffer,,raw\gefs_control\20260705\gefs_control_20260705_00z_f000.grib2,5182799,2d46ecff803d20b50c29f81746b9077b0a63dab620181853414634567ba56c9a,,,,,,,,,,,,,,,,,,,,,,,,,0,0.0006371000199578702,Skipped f000 analysis/initialization lead; fetched and cataloged but not decoded for forward T-24 features.
gfs,gfs_20260705_18z_f030,2026-07-05,18,30,2026-07-05T18:00:00Z,2026-07-07T00:00:00Z,2026-07-06T00:00:00Z,issued_at_utc + 6h conservative NOMADS buffer,,raw\gfs\20260705\gfs_20260705_18z_f030.grib2,10548105,a74bed57e46d23fa9dfd029e0f2e7afbe42f662f2f434ceed55d37de88ade511,hko:HKO,Hong Kong Observatory,22.301944,114.174167,22.25,114.25,2026-07-05T18:00:00Z,2026-07-07T00:00:00Z,86.69999694824219,100.0,0.27812498807907104,7.097582817077637,27.557214355468773,25.015283203125023,27.808190917968773,27.086328125000023,85.80000305175781,1007.75078125,1367.0,27.598596191406273,-0.2713623046875,11.25,10.005355834960938,47.66400146484375,16,4.831153800012544,
gfs,gfs_20260705_18z_f015,2026-07-05,18,15,2026-07-05T18:00:00Z,2026-07-06T09:00:00Z,2026-07-06T00:00:00Z,issued_at_utc + 6h conservative NOMADS buffer,,raw\gfs\20260705\gfs_20260705_18z_f015.grib2,10242554,84f473850c3a70e4dfb66d5708c53063fcadc1de94dfbdc3ad9dbecba2e10ebd,hko:HKO,Hong Kong Observatory,22.301944,114.174167,22.25,114.25,2026-07-05T18:00:00Z,2026-07-06T09:00:00Z,100.0,100.0,-0.4086852967739105,8.33978271484375,27.951440429687523,25.236016845703148,28.336022949218773,27.648156738281273,85.0999984741211,1006.26859375,1613.0,28.152612304687523,-0.0513916015625,2.625,12.600341796875,619.4400024414062,16,4.811100199993234,
gfs,gfs_20260705_18z_f027,2026-07-05,18,27,2026-07-05T18:00:00Z,2026-07-06T21:00:00Z,2026-07-06T00:00:00Z,issued_at_utc + 6h conservative NOMADS buffer,,raw\gfs\20260705\gfs_20260705_18z_f027.grib2,10367071,f524f8ba04dcb3b28acec30ca4dc3494d127b452b3ba12857a9daa55019e3209,hko:HKO,Hong Kong Observatory,22.301944,114.174167,22.25,114.25,2026-07-05T18:00:00Z,2026-07-06T21:00:00Z,100.0,100.0,0.9854034185409546,8.048925399780273,27.272180175781273,24.799279785156273,27.558007812500023,27.143395996093773,86.30000305175781,1006.40296875,1245.0,26.850000000000023,-0.779541015625,5.8125,11.30831241607666,0.0,16,4.727830999996513,
gfs,gfs_20260705_18z_f033,2026-07-05,18,33,2026-07-05T18:00:00Z,2026-07-07T03:00:00Z,2026-07-06T00:00:00Z,issued_at_utc + 6h conservative NOMADS buffer,,raw\gfs\20260705\gfs_20260705_18z_f033.grib2,10382265,95347ae281418dc18701dbba7ebd99ccc7d50ce74b0a3b56a42637c8fa6da567,hko:HKO,Hong Kong Observatory,22.301944,114.174167,22.25,114.25,2026-07-05T18:00:00Z,2026-07-07T03:00:00Z,100.0,96.9000015258789,-0.648669421672821,6.961895942687988,27.944818115234398,24.950006103515648,28.006494140625023,27.529748535156273,83.80000305175781,1008.0953125,1280.0,28.159814453125023,-0.999267578125,4.9375,10.001861572265625,457.5840148925781,16,4.956152800004929,
gefs_control,gefs_control_20260705_00z_f003,2026-07-05,0,3,2026-07-05T00:00:00Z,2026-07-05T03:00:00Z,2026-07-05T06:00:00Z,issued_at_utc + 6h conservative NOMADS buffer,,raw\gefs_control\20260705\gefs_control_20260705_00z_f003.grib2,6756473,9a7fe0b7d348b92df56e44d753c4236b4821beaa1368090e54c8d63ccd992ad0,hko:HKO,Hong Kong Observatory,22.301944,114.174167,22.25,114.25,2026-07-05T00:00:00Z,2026-07-05T03:00:00Z,,99.0,-1.48284912109375,8.252202987670898,29.062341308593773,25.249993896484398,29.162316894531273,27.944177246093773,80.3350830078125,1009.8709375,1836.0,,-1.80224609375,4.400000095367432,11.67027759552002,638.7680053710938,14,3.6995466999942437,
gfs,gfs_20260705_18z_f036,2026-07-05,18,36,2026-07-05T18:00:00Z,2026-07-07T06:00:00Z,2026-07-06T00:00:00Z,issued_at_utc + 6h conservative NOMADS buffer,,raw\gfs\20260705\gfs_20260705_18z_f036.grib2,10584778,a85a09e9f07da79488b24a3e38b6931b413ec1f21079bc89ec1a8a795b7e5264,hko:HKO,Hong Kong Observatory,22.301944,114.174167,22.25,114.25,2026-07-05T18:00:00Z,2026-07-07T06:00:00Z,100.0,98.5,-1.221533179283142,6.688696384429932,28.253015136718773,24.404901123046898,28.502465820312523,27.459039306640648,79.5999984741211,1006.881171875,990.0,28.824548339843773,-0.101806640625,7.125,9.700170516967773,509.7279968261719,16,4.435717199987266,
gfs,gfs_20260705_12z_f048,2026-07-05,12,48,2026-07-05T12:00:00Z,2026-07-07T12:00:00Z,2026-07-05T18:00:00Z,issued_at_utc + 6h conservative NOMADS buffer,,raw\gfs\20260705\gfs_20260705_12z_f048.grib2,10639202,857a401f82f5a96c826952a26e5adea3848e58267c0763151a4b40884ca55cf8,hko:HKO,Hong Kong Observatory,22.301944,114.174167,22.25,114.25,2026-07-05T12:00:00Z,2026-07-07T12:00:00Z,78.5,100.0,0.05846557766199112,3.815747022628784,27.517053222656273,25.050012207031273,28.174645996093773,27.186578369140648,86.19999694824219,1006.728125,1279.0,27.049981689453148,-0.8924560546875,5.125,6.827667236328125,149.1199951171875,16,4.402644799964037,
gfs,gfs_20260705_18z_f039,2026-07-05,18,39,2026-07-05T18:00:00Z,2026-07-07T09:00:00Z,2026-07-06T00:00:00Z,issued_at_utc + 6h conservative NOMADS buffer,,raw\gfs\20260705\gfs_20260705_18z_f039.grib2,10385235,c3339fe0a3218be65deaf1be4705d3142c267d2a00535cdbfed910eb8f4444ac,hko:HKO,Hong Kong Observatory,22.301944,114.174167,22.25,114.25,2026-07-05T18:00:00Z,2026-07-07T09:00:00Z,100.0,100.0,1.0280029773712158,6.713476657867432,27.986566162109398,24.668267822265648,28.601770019531273,27.913415527343773,81.9000015258789,1005.94171875,1066.0,28.549981689453148,-0.3505859375,1.6875,9.803777694702148,541.97998046875,16,4.348960799979977,
gefs_control,gefs_control_20260705_00z_f006,2026-07-05,0,6,2026-07-05T00:00:00Z,2026-07-05T06:00:00Z,2026-07-05T06:00:00Z,issued_at_utc + 6h conservative NOMADS buffer,,raw\gefs_control\20260705\gefs_control_20260705_00z_f006.grib2,7592096,69452ff3bfc9d8de4685b0d27dbf9567ade2d83f0568835220530b174f3f1694,hko:HKO,Hong Kong Observatory,22.301944,114.174167,22.25,114.25,2026-07-05T00:00:00Z,2026-07-05T06:00:00Z,,99.0,-2.3538427352905273,8.119009017944336,29.369073486328148,25.649987792968773,29.362329101562523,27.944177246093773,81.1345443725586,1008.333125,2239.0,,-0.036865234375,5.199999809265137,11.719649314880371,768.5280151367188,14,3.1885648000170477,
gefs_control,gefs_control_20260705_00z_f009,2026-07-05,0,9,2026-07-05T00:00:00Z,2026-07-05T09:00:00Z,2026-07-05T06:00:00Z,issued_at_utc + 6h conservative NOMADS buffer,,raw\gefs_control\20260705\gefs_control_20260705_00z_f009.grib2,7450774,6d022dc4086ad9bad63feee85260e3b4a82c506fd142a713ac711b3625f2e530,hko:HKO,Hong Kong Observatory,22.301944,114.174167,22.25,114.25,2026-07-05T00:00:00Z,2026-07-05T09:00:00Z,,89.0,-1.2057324647903442,8.2100248336792,28.950006103515648,25.675805664062523,29.350000000000023,28.950006103515648,82.5137710571289,1007.0675,2183.0,,0.4656982421875,0.0,11.822568893432617,647.0399780273438,14,3.3139975999947637,
gfs,gfs_20260705_18z_f018,2026-07-05,18,18,2026-07-05T18:00:00Z,2026-07-06T12:00:00Z,2026-07-06T00:00:00Z,issued_at_utc + 6h conservative NOMADS buffer,,raw\gfs\20260705\gfs_20260705_18z_f018.grib2,10487169,59e397474faec27f534155afca6f39463a355331a737c8af121bea3d28c36366,hko:HKO,Hong Kong Observatory,22.301944,114.174167,22.25,114.25,2026-07-05T18:00:00Z,2026-07-06T12:00:00Z,100.0,100.0,0.6035522222518921,8.310528755187988,27.713922119140648,25.150018310546898,28.473718261718773,27.348168945312523,85.9000015258789,1007.410625,1498.0,27.164239501953148,0.4595947265625,5.375,11.805700302124023,361.7120056152344,16,3.9826812999672256,
gfs,gfs_20260705_18z_f009,2026-07-05,18,9,2026-07-05T18:00:00Z,2026-07-06T03:00:00Z,2026-07-06T00:00:00Z,issued_at_utc + 6h conservative NOMADS buffer,,raw\gfs\20260705\gfs_20260705_18z_f009.grib2,10171404,c38c6838864cb134be4efcfeaf08d48472fd8ee3c3ec6dce0d89a65fe3294808,hko:HKO,Hong Kong Observatory,22.301944,114.174167,22.25,114.25,2026-07-05T18:00:00Z,2026-07-06T03:00:00Z,64.30000305175781,38.099998474121094,-0.544873058795929,9.248644828796387,28.211358642578148,25.350000000000023,28.292016601562523,27.716699218750023,84.5999984741211,1008.14171875,1847.0,29.048699951171898,-0.011474609375,1.8125,12.399999618530273,686.5440063476562,16,3.9482595000299625,
gefs_control,gefs_control_20260705_00z_f015,2026-07-05,0,15,2026-07-05T00:00:00Z,2026-07-05T15:00:00Z,2026-07-05T06:00:00Z,issued_at_utc + 6h conservative NOMADS buffer,,raw\gefs_control\20260705\gefs_control_20260705_00z_f015.grib2,7543234,d0d69f23f6a2d9f98c5802efbe10b63c1481a0b843b0258b8dbbc3c4f8f92a8c,hko:HKO,Hong Kong Observatory,22.301944,114.174167,22.25,114.25,2026-07-05T00:00:00Z,2026-07-05T15:00:00Z,,70.0,-0.8219384551048279,7.68618631362915,28.477960205078148,25.749993896484398,28.523980712890648,28.274652099609398,85.4032974243164,1008.963046875,2124.0,,-0.927734375,0.800000011920929,12.00035285949707,0.0,14,3.292761699995026,
gfs,gfs_20260705_18z_f045,2026-07-05,18,45,2026-07-05T18:00:00Z,2026-07-07T15:00:00Z,2026-07-06T00:00:00Z,issued_at_utc + 6h conservative NOMADS buffer,,raw\gfs\20260705\gfs_20260705_18z_f045.grib2,10422235,1765b434b891a6994863d21602d8f40f75e255f254e431566758e10a3cf4bc30,hko:HKO,Hong Kong Observatory,22.301944,114.174167,22.25,114.25,2026-07-05T18:00:00Z,2026-07-07T15:00:00Z,5.0,71.0,-0.2554382383823395,3.780804395675659,27.380059814453148,24.381677246093773,27.698785400390648,27.204858398437523,84.30000305175781,1008.11828125,745.0,26.949975585937523,-2.190673828125,2.125,6.703845024108887,0.0,16,3.289928499958478,
gefs_control,gefs_control_20260705_00z_f012,2026-07-05,0,12,2026-07-05T00:00:00Z,2026-07-05T12:00:00Z,2026-07-05T06:00:00Z,issued_at_utc + 6h conservative NOMADS buffer,,raw\gefs_control\20260705\gefs_control_20260705_00z_f012.grib2,7608835,8a2bc01a8403b6d73c876d0e7e58b76be4e555b2be24ce78aedb89abb8278a69,hko:HKO,Hong Kong Observatory,22.301944,114.174167,22.25,114.25,2026-07-05T00:00:00Z,2026-07-05T12:00:00Z,,78.0,-1.5092090368270874,7.302958965301514,28.505975341796898,25.749993896484398,29.450006103515648,28.458551025390648,84.59931945800781,1007.859921875,2151.0,,-0.373779296875,0.20000000298023224,11.531067848205566,381.4079895019531,14,2.667514700035099,
gefs_control,gefs_control_20260705_00z_f021,2026-07-05,0,21,2026-07-05T00:00:00Z,2026-07-05T21:00:00Z,2026-07-05T06:00:00Z,issued_at_utc + 6h conservative NOMADS buffer,,raw\gefs_control\20260705\gefs_control_20260705_00z_f021.grib2,7541831,3982ab320ab7e78f8bd16cf4f09871d19fabc3920c137d4df577d0bfb4017f8c,hko:HKO,Hong Kong Observatory,22.301944,114.174167,22.25,114.25,2026-07-05T00:00:00Z,2026-07-05T21:00:00Z,,64.0,-0.7042577862739563,8.5274658203125,28.149987792968773,25.149987792968773,28.226129150390648,28.021447753906273,83.88798522949219,1006.95296875,1651.0,,-3.0445556640625,3.0999999046325684,12.61357307434082,0.0,14,2.715820299985353,
gfs,gfs_20260705_18z_f048,2026-07-05,18,48,2026-07-05T18:00:00Z,2026-07-07T18:00:00Z,2026-07-06T00:00:00Z,issued_at_utc + 6h conservative NOMADS buffer,,raw\gfs\20260705\gfs_20260705_18z_f048.grib2,10675299,9632c8797ee21139b7c54f326713e5bd89ef6d7f40126699871e7954446a8d12,hko:HKO,Hong Kong Observatory,22.301944,114.174167,22.25,114.25,2026-07-05T18:00:00Z,2026-07-07T18:00:00Z,6.699999809265137,46.900001525878906,-1.9476807117462158,4.182885646820068,27.145074462890648,24.749993896484398,27.759729003906273,27.104882812500023,86.69999694824219,1006.8875,1046.0,26.889764404296898,-0.46240234375,3.1875,7.107226371765137,0.0,16,3.187839000020176,
gefs_control,gefs_control_20260705_00z_f018,2026-07-05,0,18,2026-07-05T00:00:00Z,2026-07-05T18:00:00Z,2026-07-05T06:00:00Z,issued_at_utc + 6h conservative NOMADS buffer,,raw\gefs_control\20260705\gefs_control_20260705_00z_f018.grib2,7703149,b3075e7e1b7f4eb0a09faf54041e0d573ada9f417164861a3b630422aa536a8d,hko:HKO,Hong Kong Observatory,22.301944,114.174167,22.25,114.25,2026-07-05T00:00:00Z,2026-07-05T18:00:00Z,,59.0,-0.5773535370826721,8.1215181350708,28.189538574218773,25.618798828125023,28.605889892578148,28.127404785156273,85.668701171875,1007.191875,1993.0,,-0.8734130859375,1.899999976158142,12.414350509643555,0.0,14,2.7437230000505224,
gefs_control,gefs_control_20260705_06z_f000,2026-07-05,6,0,2026-07-05T06:00:00Z,2026-07-05T06:00:00Z,2026-07-05T12:00:00Z,issued_at_utc + 6h conservative NOMADS buffer,,raw\gefs_control\20260705\gefs_control_20260705_06z_f000.grib2,5180311,644939d3a9ae43c91428e1d7a8a0436237985e4633f72b75ad6af1b0f6bfe6c4,,,,,,,,,,,,,,,,,,,,,,,,,0,0.00012440001592040062,Skipped f000 analysis/initialization lead; fetched and cataloged but not decoded for forward T-24 features.
gefs_control,gefs_control_20260705_00z_f024,2026-07-05,0,24,2026-07-05T00:00:00Z,2026-07-06T00:00:00Z,2026-07-05T06:00:00Z,issued_at_utc + 6h conservative NOMADS buffer,,raw\gefs_control\20260705\gefs_control_20260705_00z_f024.grib2,7696720,9238f8d3a41bb4fbd6f513c34c0ab695f7bfd207471d18dc3e5f44e107f31e00,hko:HKO,Hong Kong Observatory,22.301944,114.174167,22.25,114.25,2026-07-05T00:00:00Z,2026-07-06T00:00:00Z,,82.0,-0.3830615282058716,9.521528244018555,28.277551269531273,25.002740478515648,28.397302246093773,28.021447753906273,82.5137710571289,1007.35328125,1614.0,,0.1468505859375,6.0,13.303238868713379,54.2400016784668,14,2.7538370999973267,
gefs_control,gefs_control_20260705_00z_f027,2026-07-05,0,27,2026-07-05T00:00:00Z,2026-07-06T03:00:00Z,2026-07-05T06:00:00Z,issued_at_utc + 6h conservative NOMADS buffer,,raw\gefs_control\20260705\gefs_control_20260705_00z_f027.grib2,7559182,c79da11e216d8b5c9fe2f14427be3a4eb88cdf87e640442567f5ac752900093e,hko:HKO,Hong Kong Observatory,22.301944,114.174167,22.25,114.25,2026-07-05T00:00:00Z,2026-07-06T03:00:00Z,,100.0,-0.5736914277076721,8.99410629272461,28.895837402343773,24.928430175781273,28.998437500000023,28.191766357421898,80.10298156738281,1007.92609375,1558.0,,-0.6170654296875,2.799999952316284,12.842411041259766,627.7760009765625,14,3.0201512000057846,
gfs,gfs_20260705_18z_f042,2026-07-05,18,42,2026-07-05T18:00:00Z,2026-07-07T12:00:00Z,2026-07-06T00:00:00Z,issued_at_utc + 6h conservative NOMADS buffer,,raw\gfs\20260705\gfs_20260705_18z_f042.grib2,10615820,14596641c8f8236b69aec6d2b2f915665a6425d515edcb3f7b6e34a5052f45e0,hko:HKO,Hong Kong Observatory,22.301944,114.174167,22.25,114.25,2026-07-05T18:00:00Z,2026-07-07T12:00:00Z,99.19999694824219,100.0,0.33782958984375,5.118078708648682,27.504876708984398,24.856317138671898,28.590875244140648,27.273767089843773,85.5,1007.028515625,1168.0,27.077233886718773,-0.299072265625,3.8125,9.103948593139648,326.4960021972656,16,3.534623399958946,
gefs_control,gefs_control_20260705_00z_f036,2026-07-05,0,36,2026-07-05T00:00:00Z,2026-07-06T12:00:00Z,2026-07-05T06:00:00Z,issued_at_utc + 6h conservative NOMADS buffer,,raw\gefs_control\20260705\gefs_control_20260705_00z_f036.grib2,7718880,ae317ce5ab5f73b50be2fbf0e5f254a7820215b79b4659bd1be87c0dd1863750,hko:HKO,Hong Kong Observatory,22.301944,114.174167,22.25,114.25,2026-07-05T00:00:00Z,2026-07-06T12:00:00Z,,91.0,-0.02604980394244194,8.854501724243164,28.440026855468773,25.381921386718773,29.296014404296898,28.271447753906273,83.76411437988281,1006.61625,1822.0,,-1.0069580078125,5.400000095367432,13.035235404968262,347.88800048828125,14,3.110747100028675,
gefs_control,gefs_control_20260705_00z_f033,2026-07-05,0,33,2026-07-05T00:00:00Z,2026-07-06T09:00:00Z,2026-07-05T06:00:00Z,issued_at_utc + 6h conservative NOMADS buffer,,raw\gefs_control\20260705\gefs_control_20260705_00z_f033.grib2,7541476,74cff60d91484891358078b83f9b2c217553d2af32ba3fbe3c683ebe10a14d93,hko:HKO,Hong Kong Observatory,22.301944,114.174167,22.25,114.25,2026-07-05T00:00:00Z,2026-07-06T09:00:00Z,,100.0,-0.29905760288238525,8.364487648010254,28.796014404296898,25.499597167968773,29.295983886718773,28.749993896484398,82.3386001586914,1005.620859375,1920.0,,0.47998046875,0.8999999761581421,12.240851402282715,588.9199829101562,14,3.1212616999982856,
gefs_control,gefs_control_20260705_00z_f039,2026-07-05,0,39,2026-07-05T00:00:00Z,2026-07-06T15:00:00Z,2026-07-05T06:00:00Z,issued_at_utc + 6h conservative NOMADS buffer,,raw\gefs_control\20260705\gefs_control_20260705_00z_f039.grib2,6858271,21498deb88071b5a3b12ac6693a61763ea21877979eaebc5b3b29cebdc76ac7c,hko:HKO,Hong Kong Observatory,22.301944,114.174167,22.25,114.25,2026-07-05T00:00:00Z,2026-07-06T15:00:00Z,,82.0,-0.894885241985321,8.625631332397461,28.348413085937523,24.948419189453148,28.506066894531273,28.249993896484398,82.05348205566406,1007.81484375,1425.0,,-4.6854248046875,2.5,12.786810874938965,0.0,14,2.993398000020534,
gefs_control,gefs_control_20260705_00z_f045,2026-07-05,0,45,2026-07-05T00:00:00Z,2026-07-06T21:00:00Z,2026-07-05T06:00:00Z,issued_at_utc + 6h conservative NOMADS buffer,,raw\gefs_control\20260705\gefs_control_20260705_00z_f045.grib2,6879967,875caeba5a6b83e1d1248cf7dc3f114bc91eb0ec351abdba92cb6c5a5f00ab06,hko:HKO,Hong Kong Observatory,22.301944,114.174167,22.25,114.25,2026-07-05T00:00:00Z,2026-07-06T21:00:00Z,,88.0,1.3780609369277954,7.0040435791015625,28.010705566406273,24.732202148437523,28.210717773437523,27.880029296875023,82.40647888183594,1005.902109375,1212.0,,-8.510009765625,4.800000190734863,11.075675010681152,0.0,14,3.054799900040962,
gefs_control,gefs_control_20260705_00z_f030,2026-07-05,0,30,2026-07-05T00:00:00Z,2026-07-06T06:00:00Z,2026-07-05T06:00:00Z,issued_at_utc + 6h conservative NOMADS buffer,,raw\gefs_control\20260705\gefs_control_20260705_00z_f030.grib2,8003758,243d14717711fa8728e4912c80d3689c4241ff602013254314a64144117e1070,hko:HKO,Hong Kong Observatory,22.301944,114.174167,22.25,114.25,2026-07-05T00:00:00Z,2026-07-06T06:00:00Z,,100.0,-0.011757812462747097,9.408735275268555,29.126184082031273,25.049981689453148,29.290521240234398,28.143731689453148,79.1480941772461,1006.165234375,1664.0,,-0.4462890625,6.5,12.8482084274292,754.27197265625,14,3.5014505999861285,
gefs_control,gefs_control_20260705_06z_f003,2026-07-05,6,3,2026-07-05T06:00:00Z,2026-07-05T09:00:00Z,2026-07-05T12:00:00Z,issued_at_utc + 6h conservative NOMADS buffer,,raw\gefs_control\20260705\gefs_control_20260705_06z_f003.grib2,6746810,34912958363e67f5fa93074a86cb60ab3d649e6c261533c3d0632855509d07db,hko:HKO,Hong Kong Observatory,22.301944,114.174167,22.25,114.25,2026-07-05T06:00:00Z,2026-07-05T09:00:00Z,,72.0,-2.237109422683716,7.690698146820068,28.987725830078148,25.827416992187523,29.449975585937523,28.811639404296898,83.35742950439453,1007.506171875,2345.0,,0.47216796875,0.4000000059604645,11.453961372375488,667.6400146484375,14,3.4833610000205226,
gefs_control,gefs_control_20260705_06z_f018,2026-07-05,6,18,2026-07-05T06:00:00Z,2026-07-06T00:00:00Z,2026-07-05T12:00:00Z,issued_at_utc + 6h conservative NOMADS buffer,,raw\gefs_control\20260705\gefs_control_20260705_06z_f018.grib2,6961522,da77bae242f9f45bb8bceb318da9bc7885e549553f76ca0e86807a6bcfef554f,hko:HKO,Hong Kong Observatory,22.301944,114.174167,22.25,114.25,2026-07-05T06:00:00Z,2026-07-06T00:00:00Z,,89.0,-1.001776099205017,8.101547241210938,28.355523681640648,24.955499267578148,28.465966796875023,27.901605224609398,81.76296997070312,1007.74109375,1668.0,,-2.6417236328125,5.699999809265137,12.217185974121094,50.43199920654297,14,3.5978922999929637,
gefs_control,gefs_control_20260705_06z_f027,2026-07-05,6,27,2026-07-05T06:00:00Z,2026-07-06T09:00:00Z,2026-07-05T12:00:00Z,issued_at_utc + 6h conservative NOMADS buffer,,raw\gefs_control\20260705\gefs_control_20260705_06z_f027.grib2,7524952,b576850c59d562dbcce5a73dbbf5918e7fc5047c3e54ae5b90a84b0b57f5e740,hko:HKO,Hong Kong Observatory,22.301944,114.174167,22.25,114.25,2026-07-05T06:00:00Z,2026-07-06T09:00:00Z,,98.0,1.4509130716323853,8.678936004638672,28.749963378906273,24.850000000000023,29.096032714843773,28.596002197265648,79.84178924560547,1005.5221875,1470.0,,-0.5692138671875,4.800000190734863,12.637992858886719,603.5,14,3.5773275999817997,
gefs_control,gefs_control_20260705_06z_f006,2026-07-05,6,6,2026-07-05T06:00:00Z,2026-07-05T12:00:00Z,2026-07-05T12:00:00Z,issued_at_utc + 6h conservative NOMADS buffer,,raw\gefs_control\20260705\gefs_control_20260705_06z_f006.grib2,6911417,6695244d6f94d9359ff5dd874d4d816382b052aff283b97f36fcd3f691ef673e,hko:HKO,Hong Kong Observatory,22.301944,114.174167,22.25,114.25,2026-07-05T06:00:00Z,2026-07-05T12:00:00Z,,85.0,-1.3337218761444092,7.2849884033203125,28.412469482421898,25.874658203125023,29.450006103515648,28.311639404296898,86.23902893066406,1008.697421875,2289.0,,-0.6705322265625,1.399999976158142,11.741859436035156,389.9360046386719,14,3.435414400009904,
gefs_control,gefs_control_20260705_06z_f021,2026-07-05,6,21,2026-07-05T06:00:00Z,2026-07-06T03:00:00Z,2026-07-05T12:00:00Z,issued_at_utc + 6h conservative NOMADS buffer,,raw\gefs_control\20260705\gefs_control_20260705_06z_f021.grib2,7540723,b5395a0ae3b0f883a9511ea6119b564525966b28d7c9c77215fbf219e1cf9b62,hko:HKO,Hong Kong Observatory,22.301944,114.174167,22.25,114.25,2026-07-05T06:00:00Z,2026-07-06T03:00:00Z,,100.0,-0.8039160370826721,8.564682960510254,28.908166503906273,24.951348876953148,29.108148193359398,28.402764892578148,79.39772033691406,1008.095,1568.0,,-0.902587890625,4.5,12.363554000854492,601.552001953125,14,3.452161299996078,
gefs_control,gefs_control_20260705_00z_f042,2026-07-05,0,42,2026-07-05T00:00:00Z,2026-07-06T18:00:00Z,2026-07-05T06:00:00Z,issued_at_utc + 6h conservative NOMADS buffer,,raw\gefs_control\20260705\gefs_control_20260705_00z_f042.grib2,7044636,94d6814f0ce58e3de39420abd5f254ffcea2ed438b564d3aa00b9a0de914ae2e,hko:HKO,Hong Kong Observatory,22.301944,114.174167,22.25,114.25,2026-07-05T00:00:00Z,2026-07-06T18:00:00Z,,89.0,0.37236326932907104,9.16485595703125,28.042047119140648,24.342004394531273,28.549981689453148,27.950006103515648,80.21756744384766,1006.575078125,909.0,,-9.665283203125,8.100000381469727,12.604836463928223,0.0,14,3.4942568999831565,
gefs_control,gefs_control_20260705_00z_f048,2026-07-05,0,48,2026-07-05T00:00:00Z,2026-07-07T00:00:00Z,2026-07-05T06:00:00Z,issued_at_utc + 6h conservative NOMADS buffer,,raw\gefs_control\20260705\gefs_control_20260705_00z_f048.grib2,7343794,f66490e588f43f41755d3473d6825e3fc4f8922ed09680fc58b93f46b80db845,hko:HKO,Hong Kong Observatory,22.301944,114.174167,22.25,114.25,2026-07-05T00:00:00Z,2026-07-07T00:00:00Z,,91.0,1.501739501953125,7.235879421234131,28.524865722656273,24.431756591796898,28.589257812500023,27.804650878906273,78.79864501953125,1007.04078125,1135.0,,-3.97607421875,10.399999618530273,10.434656143188477,38.79999923706055,14,3.5038164000143297,
gefs_control,gefs_control_20260705_06z_f009,2026-07-05,6,9,2026-07-05T06:00:00Z,2026-07-05T15:00:00Z,2026-07-05T12:00:00Z,issued_at_utc + 6h conservative NOMADS buffer,,raw\gefs_control\20260705\gefs_control_20260705_06z_f009.grib2,7515252,22cc07753bd1405a4567bfede9cae27cd35e65b2356d0c6f20692266708ed000,hko:HKO,Hong Kong Observatory,22.301944,114.174167,22.25,114.25,2026-07-05T06:00:00Z,2026-07-05T15:00:00Z,,100.0,-0.6039599776268005,7.422919750213623,28.388146972656273,25.684289550781273,28.400109863281273,28.234552001953148,85.5762939453125,1009.27078125,2189.0,,-0.675048828125,0.5,11.916171073913574,0.0,14,4.48848130000988,
gefs_control,gefs_control_20260705_06z_f024,2026-07-05,6,24,2026-07-05T06:00:00Z,2026-07-06T06:00:00Z,2026-07-05T12:00:00Z,issued_at_utc + 6h conservative NOMADS buffer,,raw\gefs_control\20260705\gefs_control_20260705_06z_f024.grib2,8060444,d11747f14c27f16e3267df34a1c994bdded6e9e50a9685dbd972393303a033f1,hko:HKO,Hong Kong Observatory,22.301944,114.174167,22.25,114.25,2026-07-05T06:00:00Z,2026-07-06T06:00:00Z,,100.0,0.1355273425579071,8.999267578125,29.068933105468773,24.668969726562523,29.309472656250023,28.312036132812523,78.09879302978516,1006.612421875,1313.0,,-2.531494140625,9.0,12.810942649841309,734.656005859375,14,4.589706200000364,
gefs_control,gefs_control_20260705_06z_f036,2026-07-05,6,36,2026-07-05T06:00:00Z,2026-07-06T18:00:00Z,2026-07-05T12:00:00Z,issued_at_utc + 6h conservative NOMADS buffer,,raw\gefs_control\20260705\gefs_control_20260705_06z_f036.grib2,7788553,60e141c50c75940b78538ede597b93bfae732b6a62a070774203076835d832b3,hko:HKO,Hong Kong Observatory,22.301944,114.174167,22.25,114.25,2026-07-05T06:00:00Z,2026-07-06T18:00:00Z,,95.0,0.40763673186302185,8.26785659790039,28.232171630859398,25.032189941406273,28.442010498046898,28.011956787109398,82.94783020019531,1006.3703125,1551.0,,-1.7877197265625,7.800000190734863,12.525046348571777,0.0,14,4.557401900005061,
gefs_control,gefs_control_20260705_12z_f000,2026-07-05,12,0,2026-07-05T12:00:00Z,2026-07-05T12:00:00Z,2026-07-05T18:00:00Z,issued_at_utc + 6h conservative NOMADS buffer,,raw\gefs_control\20260705\gefs_control_20260705_12z_f000.grib2,5201834,f55363d7bf59a215f6d97ebf872d7353fbb5bd9ce9d8fa92db33b14c500c5a1c,,,,,,,,,,,,,,,,,,,,,,,,,0,9.450002107769251e-05,Skipped f000 analysis/initialization lead; fetched and cataloged but not decoded for forward T-24 features.
gefs_control,gefs_control_20260705_06z_f030,2026-07-05,6,30,2026-07-05T06:00:00Z,2026-07-06T12:00:00Z,2026-07-05T12:00:00Z,issued_at_utc + 6h conservative NOMADS buffer,,raw\gefs_control\20260705\gefs_control_20260705_06z_f030.grib2,7682168,2391b2fa691faaf69a38fbeaeb9ef3437baf6774cce65242b65e665e390d331c,hko:HKO,Hong Kong Observatory,22.301944,114.174167,22.25,114.25,2026-07-05T06:00:00Z,2026-07-06T12:00:00Z,,97.0,0.12339355796575546,7.95156717300415,28.303826904296898,25.403833007812523,29.149987792968773,28.082116699218773,84.25691223144531,1006.67890625,1886.0,,-0.237548828125,5.0,12.511032104492188,359.2640075683594,14,4.595117499993648,
gefs_control,gefs_control_20260705_06z_f045,2026-07-05,6,45,2026-07-05T06:00:00Z,2026-07-07T03:00:00Z,2026-07-05T12:00:00Z,issued_at_utc + 6h conservative NOMADS buffer,,raw\gefs_control\20260705\gefs_control_20260705_06z_f045.grib2,7127400,4913e6806958ba2e16760a744f34e6ea490531de146638a6bff0f07dfdcc51e8,hko:HKO,Hong Kong Observatory,22.301944,114.174167,22.25,114.25,2026-07-05T06:00:00Z,2026-07-07T03:00:00Z,,87.0,-0.2932190001010895,6.847314357757568,28.889672851562523,24.432641601562523,29.032617187500023,28.277856445312523,77.27922058105469,1007.023203125,1095.0,,-3.5941162109375,1.399999976158142,9.446718215942383,600.0960083007812,14,3.2637707999674603,
gefs_control,gefs_control_20260705_06z_f015,2026-07-05,6,15,2026-07-05T06:00:00Z,2026-07-05T21:00:00Z,2026-07-05T12:00:00Z,issued_at_utc + 6h conservative NOMADS buffer,,raw\gefs_control\20260705\gefs_control_20260705_06z_f015.grib2,7529268,baf1a517e411fe696718451dfc2fa60b8098c9ddacdd545b86707517276687e0,hko:HKO,Hong Kong Observatory,22.301944,114.174167,22.25,114.25,2026-07-05T06:00:00Z,2026-07-05T21:00:00Z,,83.0,0.34861329197883606,7.760663986206055,28.015069580078148,24.882531738281273,28.184472656250023,28.001611328125023,83.2185287475586,1007.30171875,1464.0,,-1.74755859375,3.0999999046325684,11.653149604797363,0.0,14,3.3039067999925464,
gefs_control,gefs_control_20260705_06z_f012,2026-07-05,6,12,2026-07-05T06:00:00Z,2026-07-05T18:00:00Z,2026-07-05T12:00:00Z,issued_at_utc + 6h conservative NOMADS buffer,,raw\gefs_control\20260705\gefs_control_20260705_06z_f012.grib2,7656155,8ad786ee8b85fa0776046c5c7e004afbff71d0f43735f852d6938e36da2633b3,hko:HKO,Hong Kong Observatory,22.301944,114.174167,22.25,114.25,2026-07-05T06:00:00Z,2026-07-05T18:00:00Z,,100.0,-0.20214354991912842,7.555263519287109,28.153192138671898,25.575769042968773,28.517388916015648,28.184289550781273,85.69403076171875,1007.448984375,2117.0,,-1.312255859375,1.100000023841858,11.791357040405273,0.0,14,3.392857999948319,
gefs_control,gefs_control_20260705_12z_f009,2026-07-05,12,9,2026-07-05T12:00:00Z,2026-07-05T21:00:00Z,2026-07-05T18:00:00Z,issued_at_utc + 6h conservative NOMADS buffer,,raw\gefs_control\20260705\gefs_control_20260705_12z_f009.grib2,6684987,806454baaad8b404361bf2be0ac579011a6583dac34ed9e0c5bcd2a74e566e2c,hko:HKO,Hong Kong Observatory,22.301944,114.174167,22.25,114.25,2026-07-05T12:00:00Z,2026-07-05T21:00:00Z,,91.0,-1.1085937023162842,8.986322402954102,27.947625732421898,25.051904296875023,28.147607421875023,27.841149902343773,83.90436553955078,1007.161875,1553.0,,-1.15673828125,3.0999999046325684,13.246223449707031,0.0,14,3.4325953999650665,
gefs_control,gefs_control_20260705_12z_f027,2026-07-05,12,27,2026-07-05T12:00:00Z,2026-07-06T15:00:00Z,2026-07-05T18:00:00Z,issued_at_utc + 6h conservative NOMADS buffer,,raw\gefs_control\20260705\gefs_control_20260705_12z_f027.grib2,6805278,1c22810b1982347f1cebabc7de997778a31bae47feeb7e8859b97c1e55fa5f6a,hko:HKO,Hong Kong Observatory,22.301944,114.174167,22.25,114.25,2026-07-05T12:00:00Z,2026-07-06T15:00:00Z,,92.0,-0.14022216200828552,7.576330661773682,28.311975097656273,25.311975097656273,28.411950683593773,28.050012207031273,83.92263793945312,1007.50046875,1630.0,,-2.48779296875,2.5999999046325684,12.33065128326416,0.0,14,3.640772200014908,
gefs_control,gefs_control_20260705_12z_f012,2026-07-05,12,12,2026-07-05T12:00:00Z,2026-07-06T00:00:00Z,2026-07-05T18:00:00Z,issued_at_utc + 6h conservative NOMADS buffer,,raw\gefs_control\20260705\gefs_control_20260705_12z_f012.grib2,6926278,20926047a50b52138c3af9a98ef550e0d8b7cbee9bb153f0d8110a50e42bbc9b,hko:HKO,Hong Kong Observatory,22.301944,114.174167,22.25,114.25,2026-07-05T12:00:00Z,2026-07-06T00:00:00Z,,93.0,-1.2051604986190796,9.583541870117188,28.502770996093773,25.221673583984398,28.497277832031273,27.841149902343773,82.33383178710938,1007.46015625,1712.0,,-1.725341796875,6.699999809265137,13.815879821777344,55.02399826049805,14,3.648104300023988,
gefs_control,gefs_control_20260705_06z_f039,2026-07-05,6,39,2026-07-05T06:00:00Z,2026-07-06T21:00:00Z,2026-07-05T12:00:00Z,issued_at_utc + 6h conservative NOMADS buffer,,raw\gefs_control\20260705\gefs_control_20260705_06z_f039.grib2,6802837,a3a7cde224ae766575eb4dd9c33df931bfdbb25f6e0775b6857b7b6d992519e8,hko:HKO,Hong Kong Observatory,22.301944,114.174167,22.25,114.25,2026-07-05T06:00:00Z,2026-07-06T21:00:00Z,,88.0,1.1501891613006592,8.125040054321289,27.904107666015648,24.244104003906273,28.189263916015648,27.832177734375023,80.21361541748047,1005.92015625,809.0,,-10.83740234375,7.0,11.518387794494629,0.0,14,3.4846721999929287,
gefs_control,gefs_control_20260705_06z_f033,2026-07-05,6,33,2026-07-05T06:00:00Z,2026-07-06T15:00:00Z,2026-07-05T12:00:00Z,issued_at_utc + 6h conservative NOMADS buffer,,raw\gefs_control\20260705\gefs_control_20260705_06z_f033.grib2,7601013,8bf99030c8a6749896c870885d928c2b0f158bbd03557a540b68d775b1ad0f41,hko:HKO,Hong Kong Observatory,22.301944,114.174167,22.25,114.25,2026-07-05T06:00:00Z,2026-07-06T15:00:00Z,,97.0,-0.5540381073951721,7.645380973815918,28.199090576171898,25.450006103515648,28.404016113281273,28.060998535156273,84.54502868652344,1008.02046875,1812.0,,0.1025390625,2.700000047683716,11.970723152160645,0.0,14,3.5153467999771237,
gefs_control,gefs_control_20260705_12z_f015,2026-07-05,12,15,2026-07-05T12:00:00Z,2026-07-06T03:00:00Z,2026-07-05T18:00:00Z,issued_at_utc + 6h conservative NOMADS buffer,,raw\gefs_control\20260705\gefs_control_20260705_12z_f015.grib2,6799133,3f5dfed8a1fdf1e354c342d229c62e2ee7743d2a344dc3fa5847b00f70a289a5,hko:HKO,Hong Kong Observatory,22.301944,114.174167,22.25,114.25,2026-07-05T12:00:00Z,2026-07-06T03:00:00Z,,96.0,-0.16087646782398224,9.342615127563477,28.749108886718773,25.166406250000023,28.844873046875023,28.372064208984398,80.98988342285156,1007.99015625,1745.0,,-0.997314453125,2.9000000953674316,13.507523536682129,592.9600219726562,14,3.6922532999888062,
gefs_control,gefs_control_20260705_12z_f018,2026-07-05,12,18,2026-07-05T12:00:00Z,2026-07-06T06:00:00Z,2026-07-05T18:00:00Z,issued_at_utc + 6h conservative NOMADS buffer,,raw\gefs_control\20260705\gefs_control_20260705_12z_f018.grib2,8045198,836df7ee74be542e42939c48ebbbbf1db70d9a7bf4162af44ab0e1b90f917c1f,hko:HKO,Hong Kong Observatory,22.301944,114.174167,22.25,114.25,2026-07-05T12:00:00Z,2026-07-06T06:00:00Z,,98.0,1.2660937309265137,9.101430892944336,28.950006103515648,24.703973388671898,29.249993896484398,28.205285644531273,78.61698913574219,1006.33109375,1238.0,,-2.5430908203125,8.699999809265137,12.80663776397705,738.176025390625,14,3.8617173000238836,
gefs_control,gefs_control_20260705_12z_f021,2026-07-05,12,21,2026-07-05T12:00:00Z,2026-07-06T09:00:00Z,2026-07-05T18:00:00Z,issued_at_utc + 6h conservative NOMADS buffer,,raw\gefs_control\20260705\gefs_control_20260705_12z_f021.grib2,6806033,c209d6c441feecac4487d9ba9fc2d9f2bb01592c787ff4d42171faa89c205954,hko:HKO,Hong Kong Observatory,22.301944,114.174167,22.25,114.25,2026-07-05T12:00:00Z,2026-07-06T09:00:00Z,,93.0,0.838153064250946,9.318219184875488,28.950006103515648,24.403985595703148,29.149987792968773,28.649987792968773,76.74571228027344,1005.915,1013.0,,-6.73291015625,4.699999809265137,13.505597114562988,643.47998046875,14,3.9133341999840923,
gefs_control,gefs_control_20260705_12z_f024,2026-07-05,12,24,2026-07-05T12:00:00Z,2026-07-06T12:00:00Z,2026-07-05T18:00:00Z,issued_at_utc + 6h conservative NOMADS buffer,,raw\gefs_control\20260705\gefs_control_20260705_12z_f024.grib2,6979082,b179ded2ac833f976e65244320ea90af73b1f2e97cef8ba331d7af1351c52360,hko:HKO,Hong Kong Observatory,22.301944,114.174167,22.25,114.25,2026-07-05T12:00:00Z,2026-07-06T12:00:00Z,,78.0,0.9364989995956421,8.936986923217773,28.270227050781273,25.003991699218773,29.202722167968773,28.157983398437523,82.19999694824219,1006.656484375,1299.0,,-3.5567626953125,7.0,12.830260276794434,382.4320068359375,14,3.9449753999942914,
gefs_control,gefs_control_20260705_12z_f039,2026-07-05,12,39,2026-07-05T12:00:00Z,2026-07-07T03:00:00Z,2026-07-05T18:00:00Z,issued_at_utc + 6h conservative NOMADS buffer,,raw\gefs_control\20260705\gefs_control_20260705_12z_f039.grib2,7190863,252beef41d9a2bc1ac7ad2a58352211efb1456428b1778f98d1a6e083a1b9363,hko:HKO,Hong Kong Observatory,22.301944,114.174167,22.25,114.25,2026-07-05T12:00:00Z,2026-07-07T03:00:00Z,,100.0,-1.0891296863555908,8.355749130249023,28.303582763671898,24.730432128906273,28.603601074218773,28.149316406250023,81.01123046875,1007.294609375,1248.0,,-3.15478515625,7.400000095367432,12.028179168701172,254.38400268554688,14,4.1267067000153475,
gefs_control,gefs_control_20260705_12z_f033,2026-07-05,12,33,2026-07-05T12:00:00Z,2026-07-06T21:00:00Z,2026-07-05T18:00:00Z,issued_at_utc + 6h conservative NOMADS buffer,,raw\gefs_control\20260705\gefs_control_20260705_12z_f033.grib2,7193616,c1e1c79b39750780819d57b142d0c186270faf51d55cf7316d7291b96ee98168,hko:HKO,Hong Kong Observatory,22.301944,114.174167,22.25,114.25,2026-07-05T12:00:00Z,2026-07-06T21:00:00Z,,98.0,1.264440894126892,7.418219089508057,28.007073974609398,24.788568115234398,28.189263916015648,27.807305908203148,82.71368408203125,1006.233984375,1230.0,,-1.67333984375,5.0,10.941186904907227,0.0,14,4.037004999991041,
gefs_control,gefs_control_20260705_12z_f003,2026-07-05,12,3,2026-07-05T12:00:00Z,2026-07-05T15:00:00Z,2026-07-05T18:00:00Z,issued_at_utc + 6h conservative NOMADS buffer,,raw\gefs_control\20260705\gefs_control_20260705_12z_f003.grib2,6696553,e9faf35c271c79674d5c4395c9ad6b6441fbabf005637d0d05c3a84df55c7764,hko:HKO,Hong Kong Observatory,22.301944,114.174167,22.25,114.25,2026-07-05T12:00:00Z,2026-07-05T15:00:00Z,,100.0,-1.664910912513733,7.153832912445068,28.288140869140648,25.588159179687523,28.388146972656273,28.061181640625023,85.52066802978516,1009.105859375,2037.0,,-1.28564453125,0.6000000238418579,11.839558601379395,0.0,14,3.904494700022042,
gefs_control,gefs_control_20260705_06z_f048,2026-07-05,6,48,2026-07-05T06:00:00Z,2026-07-07T06:00:00Z,2026-07-05T12:00:00Z,issued_at_utc + 6h conservative NOMADS buffer,,raw\gefs_control\20260705\gefs_control_20260705_06z_f048.grib2,7257736,e5695136f3fa89b92a149904a4fe9c2cba75f0d334a9a9b42f203948b15e276f,hko:HKO,Hong Kong Observatory,22.301944,114.174167,22.25,114.25,2026-07-05T06:00:00Z,2026-07-07T06:00:00Z,,93.0,1.076013207435608,8.117944717407227,29.050012207031273,24.133508300781273,29.249993896484398,28.277856445312523,75.7249755859375,1005.790390625,829.0,,-4.245849609375,5.099999904632568,11.123852729797363,672.89599609375,14,4.000339500023983,
gefs_control,gefs_control_20260705_12z_f006,2026-07-05,12,6,2026-07-05T12:00:00Z,2026-07-05T18:00:00Z,2026-07-05T18:00:00Z,issued_at_utc + 6h conservative NOMADS buffer,,raw\gefs_control\20260705\gefs_control_20260705_12z_f006.grib2,6860281,296bf8049f653b4ecea049657ebb98874dca152562752b023f145a2cd1e3b37b,hko:HKO,Hong Kong Observatory,22.301944,114.174167,22.25,114.25,2026-07-05T12:00:00Z,2026-07-05T18:00:00Z,,100.0,-1.062799096107483,8.470006942749023,28.087854003906273,25.627374267578148,28.387872314453148,27.961175537109398,86.5146713256836,1007.684765625,2139.0,,-0.3953857421875,1.7000000476837158,12.735428810119629,0.0,14,4.103289799997583,
gefs_control,gefs_control_20260705_06z_f042,2026-07-05,6,42,2026-07-05T06:00:00Z,2026-07-07T00:00:00Z,2026-07-05T12:00:00Z,issued_at_utc + 6h conservative NOMADS buffer,,raw\gefs_control\20260705\gefs_control_20260705_06z_f042.grib2,7332260,3dced7aecd7f0a1745ed52b0e095263452de37fc51788ee3e8301b9a8d7c5bc7,hko:HKO,Hong Kong Observatory,22.301944,114.174167,22.25,114.25,2026-07-05T06:00:00Z,2026-07-07T00:00:00Z,,88.0,0.9232848882675171,5.692767143249512,28.352380371093773,24.389398193359398,28.528527832031273,27.811700439453148,79.15998840332031,1006.518984375,1007.0,,-3.8216552734375,9.100000381469727,8.013914108276367,50.20800018310547,14,3.963245300052222,
gefs_control,gefs_control_20260705_12z_f042,2026-07-05,12,42,2026-07-05T12:00:00Z,2026-07-07T06:00:00Z,2026-07-05T18:00:00Z,issued_at_utc + 6h conservative NOMADS buffer,,raw\gefs_control\20260705\gefs_control_20260705_12z_f042.grib2,7338645,604afc4e4f21ad9aa1792a54d72852ec44346ab8f6c2e075846e126b1a7784a0,hko:HKO,Hong Kong Observatory,22.301944,114.174167,22.25,114.25,2026-07-05T12:00:00Z,2026-07-07T06:00:00Z,,100.0,-1.2376282215118408,7.502154350280762,28.982537841796898,25.057458496093773,28.982537841796898,28.149316406250023,80.11944580078125,1005.824453125,1697.0,,-0.1744384765625,8.899999618530273,11.22839069366455,384.7359924316406,14,3.889968700008467,
gefs_control,gefs_control_20260705_18z_f000,2026-07-05,18,0,2026-07-05T18:00:00Z,2026-07-05T18:00:00Z,2026-07-06T00:00:00Z,issued_at_utc + 6h conservative NOMADS buffer,,raw\gefs_control\20260705\gefs_control_20260705_18z_f000.grib2,5227316,ec7488e17913d52061c217018afd7f500c3759dc208c9365110285f24164363f,,,,,,,,,,,,,,,,,,,,,,,,,0,5.3099996875971556e-05,Skipped f000 analysis/initialization lead; fetched and cataloged but not decoded for forward T-24 features.
gefs_control,gefs_control_20260705_12z_f036,2026-07-05,12,36,2026-07-05T12:00:00Z,2026-07-07T00:00:00Z,2026-07-05T18:00:00Z,issued_at_utc + 6h conservative NOMADS buffer,,raw\gefs_control\20260705\gefs_control_20260705_12z_f036.grib2,7341007,02c9182daa09fa24f3046224b156068d903fd4fbc442ded194767c5eaaeac580,hko:HKO,Hong Kong Observatory,22.301944,114.174167,22.25,114.25,2026-07-05T12:00:00Z,2026-07-07T00:00:00Z,,97.0,0.11185302585363388,7.157464504241943,28.284967041015648,24.708062744140648,28.367791748046898,27.783410644531273,81.14204406738281,1006.82046875,1196.0,,-4.821044921875,10.399999618530273,10.724427223205566,36.43199920654297,14,3.81822800001828,
gefs_control,gefs_control_20260705_12z_f045,2026-07-05,12,45,2026-07-05T12:00:00Z,2026-07-07T09:00:00Z,2026-07-05T18:00:00Z,issued_at_utc + 6h conservative NOMADS buffer,,raw\gefs_control\20260705\gefs_control_20260705_12z_f045.grib2,6862091,015ee4800e862a104337eccc727d056f7cc830f8424a95e1aeed6dcc39649bc5,hko:HKO,Hong Kong Observatory,22.301944,114.174167,22.25,114.25,2026-07-05T12:00:00Z,2026-07-07T09:00:00Z,,100.0,-0.9399169683456421,6.431463718414307,28.777551269531273,25.352746582031273,28.982049560546898,28.682519531250023,82.04003143310547,1004.847578125,1800.0,,-0.225341796875,0.30000001192092896,10.282553672790527,368.44000244140625,14,3.6095816000015475,
gefs_control,gefs_control_20260705_12z_f030,2026-07-05,12,30,2026-07-05T12:00:00Z,2026-07-06T18:00:00Z,2026-07-05T18:00:00Z,issued_at_utc + 6h conservative NOMADS buffer,,raw\gefs_control\20260705\gefs_control_20260705_12z_f030.grib2,7758602,150a04c1c4dead42b9d331ec14088454a9cfb7062e5326c68978fa937ba356bc,hko:HKO,Hong Kong Observatory,22.301944,114.174167,22.25,114.25,2026-07-05T12:00:00Z,2026-07-06T18:00:00Z,,92.0,1.5426416397094727,8.97323226928711,28.171472167968773,24.940576171875023,28.492913818359398,28.050012207031273,82.90287017822266,1006.139609375,1410.0,,-3.218505859375,9.199999809265137,13.133745193481445,0.0,14,3.899874000053387,
gefs_control,gefs_control_20260705_18z_f027,2026-07-05,18,27,2026-07-05T18:00:00Z,2026-07-06T21:00:00Z,2026-07-06T00:00:00Z,issued_at_utc + 6h conservative NOMADS buffer,,raw\gefs_control\20260705\gefs_control_20260705_18z_f027.grib2,6858497,a4996518adff9adc33823967ec88a218ce073d5e15aa8edcdeabcc543c657e0c,hko:HKO,Hong Kong Observatory,22.301944,114.174167,22.25,114.25,2026-07-05T18:00:00Z,2026-07-06T21:00:00Z,,98.0,0.61370849609375,8.562231063842773,28.154656982421898,25.104791259765648,28.249993896484398,27.847314453125023,84.12818145751953,1005.77640625,1646.0,,-1.1458740234375,8.100000381469727,12.281600952148438,0.0,14,3.8222516999812797,
gefs_control,gefs_control_20260705_18z_f045,2026-07-05,18,45,2026-07-05T18:00:00Z,2026-07-07T15:00:00Z,2026-07-06T00:00:00Z,issued_at_utc + 6h conservative NOMADS buffer,,raw\gefs_control\20260705\gefs_control_20260705_18z_f045.grib2,6896794,691ca2497e277cf16e5c08723b7af6127ba5815d3718ecef8495de44f4db2032,hko:HKO,Hong Kong Observatory,22.301944,114.174167,22.25,114.25,2026-07-05T18:00:00Z,2026-07-07T15:00:00Z,,85.0,-0.627612292766571,5.450396537780762,28.067407226562523,25.219201660156273,28.316888427734398,28.070092773437523,84.46916198730469,1007.444375,1450.0,,-0.07275390625,0.4000000059604645,9.121881484985352,0.0,14,4.003881599986926,
gefs_control,gefs_control_20260705_18z_f018,2026-07-05,18,18,2026-07-05T18:00:00Z,2026-07-06T12:00:00Z,2026-07-06T00:00:00Z,issued_at_utc + 6h conservative NOMADS buffer,,raw\gefs_control\20260705\gefs_control_20260705_18z_f018.grib2,6969019,62270b6ad683826add9b9ee2e2f587a0a8dfea9c345d05e8be8c37de4d3a5775,hko:HKO,Hong Kong Observatory,22.301944,114.174167,22.25,114.25,2026-07-05T18:00:00Z,2026-07-06T12:00:00Z,,82.0,0.29057615995407104,8.679311752319336,28.349969482421898,24.902734375000023,29.149987792968773,28.196008300781273,82.14002990722656,1006.70046875,1333.0,,-4.9990234375,5.800000190734863,12.721765518188477,354.8479919433594,14,3.88252729998203,
gefs_control,gefs_control_20260705_18z_f021,2026-07-05,18,21,2026-07-05T18:00:00Z,2026-07-06T15:00:00Z,2026-07-06T00:00:00Z,issued_at_utc + 6h conservative NOMADS buffer,,raw\gefs_control\20260705\gefs_control_20260705_18z_f021.grib2,7555266,f60f5975a939bfa0e2c63e386f2794ac123f5f2a70d0891f5745c4efb065a53f,hko:HKO,Hong Kong Observatory,22.301944,114.174167,22.25,114.25,2026-07-05T18:00:00Z,2026-07-06T15:00:00Z,,64.0,0.9177197217941284,7.745937347412109,28.249993896484398,24.750024414062523,28.450006103515648,28.089257812500023,81.58849334716797,1008.01390625,1188.0,,-10.5709228515625,5.5,12.502704620361328,0.0,14,3.906930099998135,
gefs_control,gefs_control_20260705_18z_f033,2026-07-05,18,33,2026-07-05T18:00:00Z,2026-07-07T03:00:00Z,2026-07-06T00:00:00Z,issued_at_utc + 6h conservative NOMADS buffer,,raw\gefs_control\20260705\gefs_control_20260705_18z_f033.grib2,7163614,416d926c2a8f0fc33678baf836aa157477a96eb718eb1ffeddb6d8c8935c6910,hko:HKO,Hong Kong Observatory,22.301944,114.174167,22.25,114.25,2026-07-05T18:00:00Z,2026-07-07T03:00:00Z,,100.0,-0.28178709745407104,7.423474311828613,28.069482421875023,24.191461181640648,28.269494628906273,28.067956542968773,79.17414093017578,1007.954765625,748.0,,-6.482177734375,5.900000095367432,11.264375686645508,103.05599975585938,14,3.8915847000316717,
gefs_control,gefs_control_20260705_18z_f024,2026-07-05,18,24,2026-07-05T18:00:00Z,2026-07-06T18:00:00Z,2026-07-06T00:00:00Z,issued_at_utc + 6h conservative NOMADS buffer,,raw\gefs_control\20260705\gefs_control_20260705_18z_f024.grib2,7745080,eab672db7c8c68bec9bcf5030c7b3b5e1188f55a58bfca9b7185984c48640e59,hko:HKO,Hong Kong Observatory,22.301944,114.174167,22.25,114.25,2026-07-05T18:00:00Z,2026-07-06T18:00:00Z,,76.0,1.2873926162719727,9.298213005065918,28.165246582031273,24.716821289062523,28.478967285156273,27.989251708984398,81.75050354003906,1006.510625,1097.0,,-9.5972900390625,11.5,13.325386047363281,0.0,14,3.8607926000258885,
gefs_control,gefs_control_20260705_18z_f030,2026-07-05,18,30,2026-07-05T18:00:00Z,2026-07-07T00:00:00Z,2026-07-06T00:00:00Z,issued_at_utc + 6h conservative NOMADS buffer,,raw\gefs_control\20260705\gefs_control_20260705_18z_f030.grib2,6996758,1d68b884298d32b72c8c3185fb629be3e6abf35b85c8b83f5f3375ecbbe3efd5,hko:HKO,Hong Kong Observatory,22.301944,114.174167,22.25,114.25,2026-07-05T18:00:00Z,2026-07-07T00:00:00Z,,99.0,0.09562377631664276,7.654574394226074,28.161462402343773,24.155358886718773,28.350000000000023,27.832330322265648,78.61017608642578,1006.969765625,776.0,,-12.2337646484375,13.100000381469727,11.312234878540039,36.14400100708008,14,4.183808100002352,
gefs_control,gefs_control_20260705_18z_f039,2026-07-05,18,39,2026-07-05T18:00:00Z,2026-07-07T09:00:00Z,2026-07-06T00:00:00Z,issued_at_utc + 6h conservative NOMADS buffer,,raw\gefs_control\20260705\gefs_control_20260705_18z_f039.grib2,6879289,f4114c2f86da6a880f9275a564971736b16c99511f3541863ad2b7c363730b5e,hko:HKO,Hong Kong Observatory,22.301944,114.174167,22.25,114.25,2026-07-05T18:00:00Z,2026-07-07T09:00:00Z,,100.0,0.23703613877296448,7.218994140625,28.848718261718773,24.749993896484398,29.165765380859398,28.748712158203148,79.19535827636719,1005.30015625,1327.0,,0.22412109375,1.7999999523162842,10.881807327270508,501.6000061035156,14,4.127088000008371,
gfs,gfs_20260706_00z_f000,2026-07-06,0,0,2026-07-06T00:00:00Z,2026-07-06T00:00:00Z,2026-07-06T06:00:00Z,issued_at_utc + 6h conservative NOMADS buffer,,raw\gfs\20260706\gfs_20260706_00z_f000.grib2,6768761,3c780479c7d06d635e64e754a2b5c6234662fec6a3e44a27321162d79731b5d7,,,,,,,,,,,,,,,,,,,,,,,,,0,8.560001151636243e-05,Skipped f000 analysis/initialization lead; fetched and cataloged but not decoded for forward T-24 features.
gefs_control,gefs_control_20260705_18z_f048,2026-07-05,18,48,2026-07-05T18:00:00Z,2026-07-07T18:00:00Z,2026-07-06T00:00:00Z,issued_at_utc + 6h conservative NOMADS buffer,,raw\gefs_control\20260705\gefs_control_20260705_18z_f048.grib2,7066656,3d033114864e08a8f61a69a27751a2c954f2a16a8997569119080bd373ef8a02,hko:HKO,Hong Kong Observatory,22.301944,114.174167,22.25,114.25,2026-07-05T18:00:00Z,2026-07-07T18:00:00Z,,71.0,-0.739337146282196,4.366229057312012,27.780114746093773,25.242578125000023,28.371423339843773,27.774194335937523,86.00418853759766,1006.3796875,1447.0,,-0.271728515625,1.399999976158142,7.676004409790039,0.0,14,3.9969249999849126,
gefs_control,gefs_control_20260705_18z_f015,2026-07-05,18,15,2026-07-05T18:00:00Z,2026-07-06T09:00:00Z,2026-07-06T00:00:00Z,issued_at_utc + 6h conservative NOMADS buffer,,raw\gefs_control\20260705\gefs_control_20260705_18z_f015.grib2,7499554,8a654bfc49e516b8bf6f1df4ec0ea206e7244ae9ad38b341179a36d2aff52153,hko:HKO,Hong Kong Observatory,22.301944,114.174167,22.25,114.25,2026-07-05T18:00:00Z,2026-07-06T09:00:00Z,,100.0,0.08875488489866257,8.7024507522583,28.749993896484398,24.749963378906273,29.149987792968773,28.603967285156273,79.37702941894531,1005.952265625,1277.0,,-0.8564453125,2.200000047683716,12.914520263671875,598.2000122070312,14,3.9765492000151426,
gefs_control,gefs_control_20260705_18z_f003,2026-07-05,18,3,2026-07-05T18:00:00Z,2026-07-05T21:00:00Z,2026-07-06T00:00:00Z,issued_at_utc + 6h conservative NOMADS buffer,,raw\gefs_control\20260705\gefs_control_20260705_18z_f003.grib2,6695589,c0d284bcb95253770fb8d53277ebe669af3c433d43e79eed716aadd63acbbf33,hko:HKO,Hong Kong Observatory,22.301944,114.174167,22.25,114.25,2026-07-05T18:00:00Z,2026-07-05T21:00:00Z,,70.0,-1.590173363685608,8.180038452148438,27.904840087890648,25.278985595703148,28.004846191406273,27.603814697265648,85.75959014892578,1007.690546875,1804.0,,-0.67529296875,2.9000000953674316,12.23591136932373,0.0,14,2.9418292999616824,
gefs_control,gefs_control_20260705_18z_f006,2026-07-05,18,6,2026-07-05T18:00:00Z,2026-07-06T00:00:00Z,2026-07-06T00:00:00Z,issued_at_utc + 6h conservative NOMADS buffer,,raw\gefs_control\20260705\gefs_control_20260705_18z_f006.grib2,7630868,12aa8c84a6bf73f279f4945ef203193eeb5406285306157cee5192ca2f3d22f3,hko:HKO,Hong Kong Observatory,22.301944,114.174167,22.25,114.25,2026-07-05T18:00:00Z,2026-07-06T00:00:00Z,,62.0,-0.8329443335533142,9.726567268371582,28.207849121093773,24.755487060546898,28.355462646484398,27.603814697265648,81.4984130859375,1008.1021875,1423.0,,-0.454345703125,5.5,13.325881958007812,65.72799682617188,14,3.012446300010197,
gefs_control,gefs_control_20260705_18z_f042,2026-07-05,18,42,2026-07-05T18:00:00Z,2026-07-07T12:00:00Z,2026-07-06T00:00:00Z,issued_at_utc + 6h conservative NOMADS buffer,,raw\gefs_control\20260705\gefs_control_20260705_18z_f042.grib2,7010486,2a1deebbd6fcca09c8fcfc82ca4b3040a76eda3a685d274c6e85d373be6ef515,hko:HKO,Hong Kong Observatory,22.301944,114.174167,22.25,114.25,2026-07-05T18:00:00Z,2026-07-07T12:00:00Z,,96.0,-0.25153809785842896,5.533715724945068,28.270074462890648,25.084832763671898,29.165765380859398,28.241082763671898,82.80630493164062,1006.033515625,1454.0,,-0.465087890625,2.700000047683716,9.209888458251953,293.4079895019531,14,2.97923830000218,
gefs_control,gefs_control_20260705_12z_f048,2026-07-05,12,48,2026-07-05T12:00:00Z,2026-07-07T12:00:00Z,2026-07-05T18:00:00Z,issued_at_utc + 6h conservative NOMADS buffer,,raw\gefs_control\20260705\gefs_control_20260705_12z_f048.grib2,7044560,d19d880612919abb184c36e1569fd8e180ccd78370a10ef92c2989ebefd44f1e,hko:HKO,Hong Kong Observatory,22.301944,114.174167,22.25,114.25,2026-07-05T12:00:00Z,2026-07-07T12:00:00Z,,99.0,-0.49750977754592896,6.165265083312988,28.427392578125023,25.554498291015648,29.001580810546898,28.346582031250023,84.41822814941406,1006.06375,1858.0,,-0.076416015625,1.0,10.343786239624023,228.73599243164062,14,2.982768899993971,
gefs_control,gefs_control_20260705_18z_f009,2026-07-05,18,9,2026-07-05T18:00:00Z,2026-07-06T03:00:00Z,2026-07-06T00:00:00Z,issued_at_utc + 6h conservative NOMADS buffer,,raw\gefs_control\20260705\gefs_control_20260705_18z_f009.grib2,7777063,d6cf87408c6622263b3ecea9a92a9b5c740a033bded4610fcdada7fc7b66d308,hko:HKO,Hong Kong Observatory,22.301944,114.174167,22.25,114.25,2026-07-05T18:00:00Z,2026-07-06T03:00:00Z,,70.0,-0.5916894674301147,8.862090110778809,28.925866699218773,25.125878906250023,28.866387939453148,28.271691894531273,80.22117614746094,1007.952109375,1705.0,,-0.2694091796875,1.0,12.917189598083496,683.9520263671875,14,3.6512724999920465,
gefs_control,gefs_control_20260705_18z_f036,2026-07-05,18,36,2026-07-05T18:00:00Z,2026-07-07T06:00:00Z,2026-07-06T00:00:00Z,issued_at_utc + 6h conservative NOMADS buffer,,raw\gefs_control\20260705\gefs_control_20260705_18z_f036.grib2,7340699,32131d8a5b576a563e0c3c86e4496b2ca387ae12a0dc76775d79ee7667de4f0d,hko:HKO,Hong Kong Observatory,22.301944,114.174167,22.25,114.25,2026-07-05T18:00:00Z,2026-07-07T06:00:00Z,,100.0,-1.272790551185608,7.261312961578369,29.153436279296898,24.704309082031273,29.181481933593773,28.047967529296898,77.5544204711914,1006.35625,1280.0,,-1.870361328125,8.899999618530273,11.103814125061035,268.1440124511719,14,3.671696899982635,
gefs_control,gefs_control_20260705_18z_f012,2026-07-05,18,12,2026-07-05T18:00:00Z,2026-07-06T06:00:00Z,2026-07-06T00:00:00Z,issued_at_utc + 6h conservative NOMADS buffer,,raw\gefs_control\20260705\gefs_control_20260705_18z_f012.grib2,7923929,450bb3270de01b0f8e15b263ad874499ecae92fedef6436f924836110a1e9078,hko:HKO,Hong Kong Observatory,22.301944,114.174167,22.25,114.25,2026-07-05T18:00:00Z,2026-07-06T06:00:00Z,,79.0,1.0754834413528442,8.835820198059082,28.903985595703148,25.003991699218773,29.104547119140648,28.221704101562523,79.58955383300781,1006.335625,1511.0,,-0.479736328125,5.800000190734863,12.804231643676758,782.3200073242188,14,3.7604287000140175,
gfs,gfs_20260706_00z_f006,2026-07-06,0,6,2026-07-06T00:00:00Z,2026-07-06T06:00:00Z,2026-07-06T06:00:00Z,issued_at_utc + 6h conservative NOMADS buffer,,raw\gfs\20260706\gfs_20260706_00z_f006.grib2,10355901,06cd825bb509021c0712820315301bc96f94b120adba0725ed8b7e936bc2e1a6,hko:HKO,Hong Kong Observatory,22.301944,114.174167,22.25,114.25,2026-07-06T00:00:00Z,2026-07-06T06:00:00Z,100.0,61.70000076293945,-0.09122924506664276,9.583776473999023,28.546380615234398,25.430688476562523,28.788171386718773,27.511346435546898,83.5999984741211,1006.829375,1968.0,29.048699951171898,0.2882080078125,4.5,13.101421356201172,810.3679809570312,16,4.461607700039167,
gfs,gfs_20260706_00z_f009,2026-07-06,0,9,2026-07-06T00:00:00Z,2026-07-06T09:00:00Z,2026-07-06T06:00:00Z,issued_at_utc + 6h conservative NOMADS buffer,,raw\gfs\20260706\gfs_20260706_00z_f009.grib2,10211326,e7d29dd0b61c6400ac0c530b4626fff321df95aea855f99c90ef7416e2720611,hko:HKO,Hong Kong Observatory,22.301944,114.174167,22.25,114.25,2026-07-06T00:00:00Z,2026-07-06T09:00:00Z,90.80000305175781,82.80000305175781,-0.509490966796875,8.821545600891113,28.179498291015648,25.830651855468773,28.538049316406273,28.125146484375023,86.80000305175781,1006.11828125,2226.0,28.450006103515648,0.45703125,1.6875,13.199999809265137,617.260009765625,16,4.201190699997824,
gfs,gfs_20260706_00z_f003,2026-07-06,0,3,2026-07-06T00:00:00Z,2026-07-06T03:00:00Z,2026-07-06T06:00:00Z,issued_at_utc + 6h conservative NOMADS buffer,,raw\gfs\20260706\gfs_20260706_00z_f003.grib2,10084296,02ba5b2950dbf865d7ea0882e2b3a0e6a1a7165763d31b29566f0884a0336116,hko:HKO,Hong Kong Observatory,22.301944,114.174167,22.25,114.25,2026-07-06T00:00:00Z,2026-07-06T03:00:00Z,20.200000762939453,61.099998474121094,-1.098638892173767,8.642926216125488,28.330651855468773,25.430657958984398,28.555322265625023,27.511346435546898,84.4000015258789,1007.930390625,1924.0,29.451318359375023,-0.137451171875,1.9375,11.901785850524902,686.5440063476562,16,4.425181700033136,
gfs,gfs_20260706_00z_f018,2026-07-06,0,18,2026-07-06T00:00:00Z,2026-07-06T18:00:00Z,2026-07-06T06:00:00Z,issued_at_utc + 6h conservative NOMADS buffer,,raw\gfs\20260706\gfs_20260706_00z_f018.grib2,10511474,000f0390d526d112805d3667d737a286210f15482bfe8fc1a19f7708a13bb000,hko:HKO,Hong Kong Observatory,22.301944,114.174167,22.25,114.25,2026-07-06T00:00:00Z,2026-07-06T18:00:00Z,83.5,77.5999984741211,0.38800048828125,8.251373291015625,27.646356201171898,25.315454101562523,27.953363037109398,27.246331787109398,87.30000305175781,1006.99234375,1618.0,26.928887939453148,-0.40478515625,9.625,12.007744789123535,0.0,16,4.506126299966127,
gfs,gfs_20260706_00z_f024,2026-07-06,0,24,2026-07-06T00:00:00Z,2026-07-07T00:00:00Z,2026-07-06T06:00:00Z,issued_at_utc + 6h conservative NOMADS buffer,,raw\gfs\20260706\gfs_20260706_00z_f024.grib2,10530891,33b41aff4d3663cd62770f53a9274a78392dcd11eeb16fbf65b9754039617d57,hko:HKO,Hong Kong Observatory,22.301944,114.174167,22.25,114.25,2026-07-06T00:00:00Z,2026-07-07T00:00:00Z,100.0,99.5999984741211,1.4718017578125,7.542913913726807,27.793786621093773,24.995080566406273,27.807275390625023,27.093774414062523,84.9000015258789,1007.700859375,1371.0,27.240197753906273,-0.208740234375,12.6875,10.900166511535645,31.968000411987305,16,4.5813241000287235,
gfs,gfs_20260706_00z_f021,2026-07-06,0,21,2026-07-06T00:00:00Z,2026-07-06T21:00:00Z,2026-07-06T06:00:00Z,issued_at_utc + 6h conservative NOMADS buffer,,raw\gfs\20260706\gfs_20260706_00z_f021.grib2,10322057,127dc78d873071b17a7932f8a920914f82a13b82b1488b2e8eb364e0d6ec6756,hko:HKO,Hong Kong Observatory,22.301944,114.174167,22.25,114.25,2026-07-06T00:00:00Z,2026-07-06T21:00:00Z,100.0,99.30000305175781,1.036401391029358,8.598688125610352,27.422906494140648,24.980218505859398,27.667230224609398,27.315515136718773,86.5999984741211,1006.6175,1275.0,26.904840087890648,0.03955078125,5.6875,11.80008602142334,0.0,16,4.818376399984118,
gfs,gfs_20260706_00z_f012,2026-07-06,0,12,2026-07-06T00:00:00Z,2026-07-06T12:00:00Z,2026-07-06T06:00:00Z,issued_at_utc + 6h conservative NOMADS buffer,,raw\gfs\20260706\gfs_20260706_00z_f012.grib2,10441701,66a4dee9315966ebd2f8b3c42286330e294ee1610ac4394619e33147abde5492,hko:HKO,Hong Kong Observatory,22.301944,114.174167,22.25,114.25,2026-07-06T00:00:00Z,2026-07-06T12:00:00Z,67.5999984741211,82.0,0.8209594488143921,8.297930717468262,27.728112792968773,25.211328125000023,28.507989501953148,27.625146484375023,86.0999984741211,1007.353125,1543.0,27.153955078125023,-0.0908203125,5.0,12.004950523376465,362.239990234375,16,4.606254499987699,
gfs,gfs_20260706_00z_f039,2026-07-06,0,39,2026-07-06T00:00:00Z,2026-07-07T15:00:00Z,2026-07-06T06:00:00Z,issued_at_utc + 6h conservative NOMADS buffer,,raw\gfs\20260706\gfs_20260706_00z_f039.grib2,10428143,1d4de61f816ba0414e6294a8538fe9327385abfb16ca32524964d9fb958113f4,hko:HKO,Hong Kong Observatory,22.301944,114.174167,22.25,114.25,2026-07-06T00:00:00Z,2026-07-07T15:00:00Z,97.5999984741211,58.400001525878906,-1.6239013671875,3.595019578933716,27.468469238281273,25.149987792968773,27.840539550781273,27.449670410156273,87.0,1007.89671875,1287.0,27.126214599609398,0.107666015625,0.25,6.325447082519531,0.0,16,4.750262599962298,
gfs,gfs_20260706_06z_f000,2026-07-06,6,0,2026-07-06T06:00:00Z,2026-07-06T06:00:00Z,2026-07-06T12:00:00Z,issued_at_utc + 6h conservative NOMADS buffer,,raw\gfs\20260706\gfs_20260706_06z_f000.grib2,6779165,c7e61a4c34f1f24f564f7a182bd712513f3294f29abc332ab463193c5e457aba,,,,,,,,,,,,,,,,,,,,,,,,,0,0.0001233000075444579,Skipped f000 analysis/initialization lead; fetched and cataloged but not decoded for forward T-24 features.
gfs,gfs_20260706_00z_f045,2026-07-06,0,45,2026-07-06T00:00:00Z,2026-07-07T21:00:00Z,2026-07-06T06:00:00Z,issued_at_utc + 6h conservative NOMADS buffer,,raw\gfs\20260706\gfs_20260706_00z_f045.grib2,10475522,b4bcc6b2d0023f34a1789a6d0e02d9aa55cfcc083aaac786b1143f658da91797,hko:HKO,Hong Kong Observatory,22.301944,114.174167,22.25,114.25,2026-07-06T00:00:00Z,2026-07-07T21:00:00Z,86.0,84.19999694824219,-1.976965308189392,4.340441703796387,27.018365478515648,24.650842285156273,27.278131103515648,26.896783447265648,86.19999694824219,1006.25890625,952.0,26.706170654296898,-1.7197265625,2.6875,7.426196575164795,0.0,16,4.7993993000127375,
gfs,gfs_20260706_00z_f027,2026-07-06,0,27,2026-07-06T00:00:00Z,2026-07-07T03:00:00Z,2026-07-06T06:00:00Z,issued_at_utc + 6h conservative NOMADS buffer,,raw\gfs\20260706\gfs_20260706_00z_f027.grib2,10367076,823d82787836d682341b8202130c069a889a604603ac671adc0a5d578096540f,hko:HKO,Hong Kong Observatory,22.301944,114.174167,22.25,114.25,2026-07-06T00:00:00Z,2026-07-07T03:00:00Z,100.0,100.0,0.92803955078125,5.755612373352051,27.847497558593773,24.495080566406273,28.101129150390648,27.390252685546898,82.19999694824219,1008.11109375,866.0,28.113366699218773,-1.5555419921875,6.0625,8.908234596252441,359.3919982910156,16,4.786229000019375,
gfs,gfs_20260706_00z_f015,2026-07-06,0,15,2026-07-06T00:00:00Z,2026-07-06T15:00:00Z,2026-07-06T06:00:00Z,issued_at_utc + 6h conservative NOMADS buffer,,raw\gfs\20260706\gfs_20260706_00z_f015.grib2,10276783,91779df26e090e7f4315c6110b83f0c69e862d5279cf380bd812d1990905be79,hko:HKO,Hong Kong Observatory,22.301944,114.174167,22.25,114.25,2026-07-06T00:00:00Z,2026-07-06T15:00:00Z,82.4000015258789,90.4000015258789,-0.04714355617761612,7.940069675445557,27.379083251953148,25.248193359375023,27.911828613281273,27.346337890625023,88.30000305175781,1008.221015625,1439.0,27.050012207031273,-2.961181640625,4.5,11.827789306640625,0.0,16,4.853554100031033,
gfs,gfs_20260706_00z_f030,2026-07-06,0,30,2026-07-06T00:00:00Z,2026-07-07T06:00:00Z,2026-07-06T06:00:00Z,issued_at_utc + 6h conservative NOMADS buffer,,raw\gfs\20260706\gfs_20260706_00z_f030.grib2,10549028,de76c484de308d6695f7e0e071b094d9494bae999b2dd05dfe202df04f823694,hko:HKO,Hong Kong Observatory,22.301944,114.174167,22.25,114.25,2026-07-06T00:00:00Z,2026-07-07T06:00:00Z,100.0,100.0,-0.01007080078125,6.311169624328613,28.095117187500023,24.649987792968773,28.395104980468773,27.390252685546898,81.69999694824219,1007.058515625,1155.0,28.949975585937523,-0.4412841796875,8.8125,9.017300605773926,426.1759948730469,16,4.746487699972931,
gfs,gfs_20260706_00z_f033,2026-07-06,0,33,2026-07-06T00:00:00Z,2026-07-07T09:00:00Z,2026-07-06T06:00:00Z,issued_at_utc + 6h conservative NOMADS buffer,,raw\gfs\20260706\gfs_20260706_00z_f033.grib2,10369878,50f4298dc5fdbe922263bbafc7d61db7a07a400ec7041df6fd6e045c3c4f09e2,hko:HKO,Hong Kong Observatory,22.301944,114.174167,22.25,114.25,2026-07-06T00:00:00Z,2026-07-07T09:00:00Z,100.0,100.0,1.409417748451233,6.091332912445068,27.719537353515648,24.931726074218773,28.260095214843773,27.635339355468773,85.30000305175781,1006.106484375,1275.0,28.091516113281273,-0.46240234375,3.1875,9.100314140319824,391.1600036621094,16,4.404737500008196,
gfs,gfs_20260706_00z_f036,2026-07-06,0,36,2026-07-06T00:00:00Z,2026-07-07T12:00:00Z,2026-07-06T06:00:00Z,issued_at_utc + 6h conservative NOMADS buffer,,raw\gfs\20260706\gfs_20260706_00z_f036.grib2,10605792,964d6e3f8e88a42d8bc8afa0f907ae53784e0e88746cc5b949cde7234c744776,hko:HKO,Hong Kong Observatory,22.301944,114.174167,22.25,114.25,2026-07-06T00:00:00Z,2026-07-07T12:00:00Z,51.20000076293945,99.9000015258789,0.043426513671875,4.981158256530762,27.849664306640648,24.945123291015648,28.446343994140648,27.228082275390648,84.69999694824219,1007.10703125,1307.0,27.191491699218773,-0.407958984375,5.5625,7.413500785827637,227.2480010986328,16,4.392911800008733,
gfs,gfs_20260706_06z_f012,2026-07-06,6,12,2026-07-06T06:00:00Z,2026-07-06T18:00:00Z,2026-07-06T12:00:00Z,issued_at_utc + 6h conservative NOMADS buffer,,raw\gfs\20260706\gfs_20260706_06z_f012.grib2,10485961,70f16c897753b0f950f2cb3fa837aaecf4a4b4f6e91bd2678ad8c95bec210a33,hko:HKO,Hong Kong Observatory,22.301944,114.174167,22.25,114.25,2026-07-06T06:00:00Z,2026-07-06T18:00:00Z,98.19999694824219,100.0,0.5188995599746704,7.912621974945068,27.685998535156273,25.215478515625023,27.911828613281273,27.382714843750023,86.5999984741211,1007.27015625,1719.0,27.075463867187523,-0.117919921875,11.6875,11.335558891296387,0.0,16,4.57585530000506,
gfs,gfs_20260706_00z_f048,2026-07-06,0,48,2026-07-06T00:00:00Z,2026-07-08T00:00:00Z,2026-07-06T06:00:00Z,issued_at_utc + 6h conservative NOMADS buffer,,raw\gfs\20260706\gfs_20260706_00z_f048.grib2,10643506,31d7e41f693dabe55a8768f4795ae96cf8340509392d8969ebb5d435a421d696,hko:HKO,Hong Kong Observatory,22.301944,114.174167,22.25,114.25,2026-07-06T00:00:00Z,2026-07-08T00:00:00Z,50.599998474121094,74.80000305175781,-1.737695336341858,4.218530178070068,27.741937255859398,24.437768554687523,27.843103027343773,26.839440917968773,82.0,1007.672265625,865.0,27.957482910156273,-1.479736328125,4.875,7.436900615692139,64.7040023803711,16,4.755871500005014,
gfs,gfs_20260706_06z_f006,2026-07-06,6,6,2026-07-06T06:00:00Z,2026-07-06T12:00:00Z,2026-07-06T12:00:00Z,issued_at_utc + 6h conservative NOMADS buffer,,raw\gfs\20260706\gfs_20260706_06z_f006.grib2,10389050,3fd4b8ed60f671424e4abe1ef062dfcbf84b45caa05f32b196993ee7e7dee92e,hko:HKO,Hong Kong Observatory,22.301944,114.174167,22.25,114.25,2026-07-06T06:00:00Z,2026-07-06T12:00:00Z,97.9000015258789,99.80000305175781,1.480065941810608,8.129175186157227,27.813623046875023,25.115441894531273,28.711358642578148,27.513635253906273,85.4000015258789,1007.873828125,1605.0,27.238427734375023,0.1917724609375,7.375,11.703373908996582,339.1520080566406,16,4.973446599964518,
gfs,gfs_20260706_06z_f015,2026-07-06,6,15,2026-07-06T06:00:00Z,2026-07-06T21:00:00Z,2026-07-06T12:00:00Z,issued_at_utc + 6h conservative NOMADS buffer,,raw\gfs\20260706\gfs_20260706_06z_f015.grib2,10284065,050972fbe5e60581ce7608d19c48d4ea79820ded56c29e2bb3cd18eab24ffd90,hko:HKO,Hong Kong Observatory,22.301944,114.174167,22.25,114.25,2026-07-06T06:00:00Z,2026-07-06T21:00:00Z,100.0,100.0,0.907391369342804,8.036425590515137,27.337548828125023,24.780450439453148,27.744531250000023,27.348931884765648,86.19999694824219,1007.003515625,1283.0,26.922540283203148,-0.416259765625,5.8125,10.701062202453613,0.0,16,5.497310200007632,
gfs,gfs_20260706_00z_f042,2026-07-06,0,42,2026-07-06T00:00:00Z,2026-07-07T18:00:00Z,2026-07-06T06:00:00Z,issued_at_utc + 6h conservative NOMADS buffer,,raw\gfs\20260706\gfs_20260706_00z_f042.grib2,10693698,d5aa2ed0589f0e88154e77ff4d43e7990f75533ecf8167627b310ca190a46383,hko:HKO,Hong Kong Observatory,22.301944,114.174167,22.25,114.25,2026-07-06T00:00:00Z,2026-07-07T18:00:00Z,50.900001525878906,73.19999694824219,-1.7463867664337158,3.6675567626953125,27.061944580078148,24.887658691406273,27.778131103515648,26.949670410156273,88.0,1006.77390625,1068.0,26.921899414062523,-1.96875,2.3125,6.521111965179443,0.0,16,5.469451699987985,
gfs,gfs_20260706_06z_f003,2026-07-06,6,3,2026-07-06T06:00:00Z,2026-07-06T09:00:00Z,2026-07-06T12:00:00Z,issued_at_utc + 6h conservative NOMADS buffer,,raw\gfs\20260706\gfs_20260706_06z_f003.grib2,10114329,3e89aa7a80ba45ecabcdbb32f87653cdb49adbce73cd028b78dfd903d426b219,hko:HKO,Hong Kong Observatory,22.301944,114.174167,22.25,114.25,2026-07-06T06:00:00Z,2026-07-06T09:00:00Z,100.0,100.0,-0.127197265625,7.764047145843506,27.994348144531273,25.382714843750023,28.692041015625023,27.894342041015648,85.80000305175781,1006.43828125,1961.0,28.311364746093773,-0.618408203125,2.875,12.100000381469727,594.260009765625,16,5.331732699996792,
gfs,gfs_20260706_06z_f009,2026-07-06,6,9,2026-07-06T06:00:00Z,2026-07-06T15:00:00Z,2026-07-06T12:00:00Z,issued_at_utc + 6h conservative NOMADS buffer,,raw\gfs\20260706\gfs_20260706_06z_f009.grib2,11022123,05fec5a72c887bafbde5535398169ae3d9978958f83b0b15120b6493ee019180,hko:HKO,Hong Kong Observatory,22.301944,114.174167,22.25,114.25,2026-07-06T06:00:00Z,2026-07-06T15:00:00Z,99.4000015258789,100.0,1.1426904201507568,7.160966873168945,27.511804199218773,25.048181152343773,27.979089355468773,27.482720947265648,86.19999694824219,1008.61640625,1345.0,27.149987792968773,-3.227783203125,5.0,11.008288383483887,0.0,16,5.265991499996744,
gfs,gfs_20260706_06z_f033,2026-07-06,6,33,2026-07-06T06:00:00Z,2026-07-07T15:00:00Z,2026-07-06T12:00:00Z,issued_at_utc + 6h conservative NOMADS buffer,,raw\gfs\20260706\gfs_20260706_06z_f033.grib2,10400512,e3a678620ac278b9dbe958dbcd0eef25189183060674933fad47b96d10dfd479,hko:HKO,Hong Kong Observatory,22.301944,114.174167,22.25,114.25,2026-07-06T06:00:00Z,2026-07-07T15:00:00Z,96.0999984741211,87.5999984741211,-0.6198486089706421,4.008841037750244,27.550012207031273,25.278100585937523,27.760552978515648,27.356011962890648,87.5,1008.167265625,1435.0,27.149987792968773,-0.8975830078125,1.5,7.042581081390381,0.0,16,4.521918200014625,
gfs,gfs_20260706_06z_f024,2026-07-06,6,24,2026-07-06T06:00:00Z,2026-07-07T06:00:00Z,2026-07-06T12:00:00Z,issued_at_utc + 6h conservative NOMADS buffer,,raw\gfs\20260706\gfs_20260706_06z_f024.grib2,10549051,b63c58961a57e5751ec826b53c6963b42c4a3cb60d283ff9fe9f3a5711cd9a7e,hko:HKO,Hong Kong Observatory,22.301944,114.174167,22.25,114.25,2026-07-06T06:00:00Z,2026-07-07T06:00:00Z,100.0,100.0,0.562060534954071,5.228955268859863,27.962182617187523,24.749993896484398,28.056024169921898,27.413323974609398,82.69999694824219,1007.312109375,1307.0,27.904931640625023,-0.5511474609375,8.6875,8.811182022094727,319.5199890136719,16,4.755428300006315,
gfs,gfs_20260706_06z_f030,2026-07-06,6,30,2026-07-06T06:00:00Z,2026-07-07T12:00:00Z,2026-07-06T12:00:00Z,issued_at_utc + 6h conservative NOMADS buffer,,raw\gfs\20260706\gfs_20260706_06z_f030.grib2,10597470,b48e18b8df0aef86e8c588fc8f012f6471b5df528abce5f4dce181f83f908f4d,hko:HKO,Hong Kong Observatory,22.301944,114.174167,22.25,114.25,2026-07-06T06:00:00Z,2026-07-07T12:00:00Z,100.0,100.0,0.094085693359375,4.968084812164307,27.566491699218773,25.050317382812523,28.415490722656273,27.395104980468773,86.30000305175781,1007.265859375,1369.0,27.232995605468773,-0.7021484375,4.75,7.304924011230469,135.71200561523438,16,4.890304500004277,
gfs,gfs_20260706_06z_f036,2026-07-06,6,36,2026-07-06T06:00:00Z,2026-07-07T18:00:00Z,2026-07-06T12:00:00Z,issued_at_utc + 6h conservative NOMADS buffer,,raw\gfs\20260706\gfs_20260706_06z_f036.grib2,10673884,c87e72364669293aa3462a1dbbef4e17ca8b78c90e34549d82fe45f022a92e84,hko:HKO,Hong Kong Observatory,22.301944,114.174167,22.25,114.25,2026-07-06T06:00:00Z,2026-07-07T18:00:00Z,5.800000190734863,61.79999923706055,-1.0589416027069092,4.557153224945068,27.311212158203148,24.735314941406273,27.721917724609398,27.149682617187523,86.0999984741211,1006.97734375,1061.0,26.862390136718773,0.247802734375,3.3125,6.935791969299316,0.0,16,4.9141929000034,
gfs,gfs_20260706_06z_f021,2026-07-06,6,21,2026-07-06T06:00:00Z,2026-07-07T03:00:00Z,2026-07-06T12:00:00Z,issued_at_utc + 6h conservative NOMADS buffer,,raw\gfs\20260706\gfs_20260706_06z_f021.grib2,10313823,f5423109ed73415b313e645c788efb0f222d2cfabc5a66e06ee2bc6e2740b899,hko:HKO,Hong Kong Observatory,22.301944,114.174167,22.25,114.25,2026-07-06T06:00:00Z,2026-07-07T03:00:00Z,100.0,100.0,1.0231720209121704,5.698113918304443,27.840173339843773,24.659082031250023,27.962030029296898,27.413323974609398,82.5999984741211,1008.62453125,1057.0,27.940179443359398,-1.30419921875,5.5625,9.003545761108398,273.8240051269531,16,4.972269000019878,
gfs,gfs_20260706_12z_f000,2026-07-06,12,0,2026-07-06T12:00:00Z,2026-07-06T12:00:00Z,2026-07-06T18:00:00Z,issued_at_utc + 6h conservative NOMADS buffer,,raw\gfs\20260706\gfs_20260706_12z_f000.grib2,6829562,c5c2518b06dcacb5c05167e93bb7c853181de5d8b1235338384eeebb7c590857,,,,,,,,,,,,,,,,,,,,,,,,,0,0.00010710000060498714,Skipped f000 analysis/initialization lead; fetched and cataloged but not decoded for forward T-24 features.
gfs,gfs_20260706_06z_f018,2026-07-06,6,18,2026-07-06T06:00:00Z,2026-07-07T00:00:00Z,2026-07-06T12:00:00Z,issued_at_utc + 6h conservative NOMADS buffer,,raw\gfs\20260706\gfs_20260706_06z_f018.grib2,10506704,6c03b9f299c84ef6268700dc5b564991cfefc5347cfeda2f3a13888c2c7441c8,hko:HKO,Hong Kong Observatory,22.301944,114.174167,22.25,114.25,2026-07-06T06:00:00Z,2026-07-07T00:00:00Z,100.0,100.0,1.5014251470565796,7.337991237640381,27.562066650390648,24.756036376953148,27.795190429687523,27.148919677734398,84.5999984741211,1008.283125,1164.0,27.304895019531273,-0.517333984375,12.75,10.512577056884766,29.3439998626709,16,4.822352099989075,
gfs,gfs_20260706_06z_f027,2026-07-06,6,27,2026-07-06T06:00:00Z,2026-07-07T09:00:00Z,2026-07-06T12:00:00Z,issued_at_utc + 6h conservative NOMADS buffer,,raw\gfs\20260706\gfs_20260706_06z_f027.grib2,10358537,9bba0670fac852cdef38bd896e3c8a5aa3a543b49b7a243bcb2fe4bba897d562,hko:HKO,Hong Kong Observatory,22.301944,114.174167,22.25,114.25,2026-07-06T06:00:00Z,2026-07-07T09:00:00Z,100.0,100.0,1.2160828113555908,5.208279609680176,28.111657714843773,25.149987792968773,28.428186035156273,27.895104980468773,83.5,1006.076171875,1568.0,27.950006103515648,-0.111328125,2.125,8.613696098327637,227.1999969482422,16,4.595372399955522,
gfs,gfs_20260706_06z_f039,2026-07-06,6,39,2026-07-06T06:00:00Z,2026-07-07T21:00:00Z,2026-07-06T12:00:00Z,issued_at_utc + 6h conservative NOMADS buffer,,raw\gfs\20260706\gfs_20260706_06z_f039.grib2,10459698,e62188f61b7afc11b2e1a29eb893f671443f4402255c28f4f7ffd367b1be7591,hko:HKO,Hong Kong Observatory,22.301944,114.174167,22.25,114.25,2026-07-06T06:00:00Z,2026-07-07T21:00:00Z,5.0,8.800000190734863,-0.769818127155304,5.115087985992432,27.319238281250023,24.651300048828148,27.396783447265648,27.050683593750023,85.30000305175781,1006.721640625,1065.0,26.825341796875023,-0.0362548828125,2.1875,7.601778507232666,0.0,16,5.220958399993833,
gfs,gfs_20260706_06z_f042,2026-07-06,6,42,2026-07-06T06:00:00Z,2026-07-08T00:00:00Z,2026-07-06T12:00:00Z,issued_at_utc + 6h conservative NOMADS buffer,,raw\gfs\20260706\gfs_20260706_06z_f042.grib2,10642391,986139934c52f4cbd619cd446a73996cff4343be6ea449ac271fa85b2bc8ffff,hko:HKO,Hong Kong Observatory,22.301944,114.174167,22.25,114.25,2026-07-06T06:00:00Z,2026-07-08T00:00:00Z,3.700000047683716,9.0,-1.86669921875,4.869555473327637,27.711511230468773,24.917443847656273,27.950006103515648,27.121850585937523,84.5,1007.638984375,1284.0,28.000268554687523,-0.1268310546875,4.625,8.201525688171387,65.45600128173828,16,5.1267575999954715,
gfs,gfs_20260706_06z_f045,2026-07-06,6,45,2026-07-06T06:00:00Z,2026-07-08T03:00:00Z,2026-07-06T12:00:00Z,issued_at_utc + 6h conservative NOMADS buffer,,raw\gfs\20260706\gfs_20260706_06z_f045.grib2,10453133,3e76947c6ef5ba5f67b46570e8ef2a92333f84026afc578600c1ae1d21a33995,hko:HKO,Hong Kong Observatory,22.301944,114.174167,22.25,114.25,2026-07-06T06:00:00Z,2026-07-08T03:00:00Z,2.799999952316284,10.399999618530273,-0.5693359375,4.997118949890137,28.190515136718773,24.348535156250023,28.385491943359398,27.539300537109398,80.0999984741211,1007.873359375,921.0,29.931573486328148,-0.509033203125,3.625,7.227355480194092,689.3920288085938,16,5.1961528999963775,
gfs,gfs_20260706_12z_f006,2026-07-06,12,6,2026-07-06T12:00:00Z,2026-07-06T18:00:00Z,2026-07-06T18:00:00Z,issued_at_utc + 6h conservative NOMADS buffer,,raw\gfs\20260706\gfs_20260706_12z_f006.grib2,10441727,970b8668ce46f1b73aa92098acdb11c32b4cbb6b7ff0bf85368d8f6e8e4e8848,hko:HKO,Hong Kong Observatory,22.301944,114.174167,22.25,114.25,2026-07-06T12:00:00Z,2026-07-06T18:00:00Z,92.5999984741211,99.80000305175781,-0.552624523639679,7.372686862945557,27.413629150390648,25.315454101562523,27.579095458984398,27.082727050781273,88.4000015258789,1007.19578125,1582.0,26.998498535156273,-0.772216796875,12.0,11.021240234375,0.0,16,5.197110200009774,
gfs,gfs_20260706_12z_f015,2026-07-06,12,15,2026-07-06T12:00:00Z,2026-07-07T03:00:00Z,2026-07-06T18:00:00Z,issued_at_utc + 6h conservative NOMADS buffer,,raw\gfs\20260706\gfs_20260706_12z_f015.grib2,10286982,9122de565aeccdb198ddb4e80cef1040c6d7a2f883152a1a09a7f04c1560ff82,hko:HKO,Hong Kong Observatory,22.301944,114.174167,22.25,114.25,2026-07-06T12:00:00Z,2026-07-07T03:00:00Z,100.0,100.0,1.5127747058868408,3.409045457839966,27.658929443359398,24.266931152343773,27.688958740234398,26.630456542968773,81.69999694824219,1008.81734375,783.0,27.694329833984398,-0.463623046875,3.375,6.913159370422363,122.0479965209961,16,5.038449199986644,
gfs,gfs_20260706_12z_f021,2026-07-06,12,21,2026-07-06T12:00:00Z,2026-07-07T09:00:00Z,2026-07-06T18:00:00Z,issued_at_utc + 6h conservative NOMADS buffer,,raw\gfs\20260706\gfs_20260706_12z_f021.grib2,10326562,73278480a9b6e1ac71c23ed7a796926965d2c7a28e6973db12701a7bf7ea36b1,hko:HKO,Hong Kong Observatory,22.301944,114.174167,22.25,114.25,2026-07-06T12:00:00Z,2026-07-07T09:00:00Z,100.0,100.0,0.730938732624054,5.021578788757324,28.103601074218773,24.673730468750023,28.249993896484398,27.662164306640648,81.19999694824219,1006.25109375,1106.0,28.704888916015648,-0.236572265625,2.1875,7.719156742095947,401.17999267578125,16,6.168577300035395,
gfs,gfs_20260706_12z_f003,2026-07-06,12,3,2026-07-06T12:00:00Z,2026-07-06T15:00:00Z,2026-07-06T18:00:00Z,issued_at_utc + 6h conservative NOMADS buffer,,raw\gfs\20260706\gfs_20260706_12z_f003.grib2,10148640,4cc446acab30c782a9288937b5e9a684f9f03a48edf00dd20471e8f435d5bcd9,hko:HKO,Hong Kong Observatory,22.301944,114.174167,22.25,114.25,2026-07-06T12:00:00Z,2026-07-06T15:00:00Z,100.0,99.5,0.34929198026657104,5.621344089508057,27.291833496093773,24.882714843750023,27.514764404296898,27.082727050781273,86.9000015258789,1008.30015625,1163.0,26.966180419921898,-3.8115234375,6.3125,9.209062576293945,0.0,16,6.063836099987384,
gfs,gfs_20260706_12z_f009,2026-07-06,12,9,2026-07-06T12:00:00Z,2026-07-06T21:00:00Z,2026-07-06T18:00:00Z,issued_at_utc + 6h conservative NOMADS buffer,,raw\gfs\20260706\gfs_20260706_12z_f009.grib2,10248165,22c51a2b38af762376ad1a4a8161a0eedc8d8e4cc76a44688f826a10bd6b0411,hko:HKO,Hong Kong Observatory,22.301944,114.174167,22.25,114.25,2026-07-06T12:00:00Z,2026-07-06T21:00:00Z,100.0,100.0,0.7210632562637329,8.17431926727295,27.312341308593773,24.872766113281273,27.514367675781273,27.197045898437523,86.69999694824219,1006.8771875,1285.0,26.833001708984398,-0.1351318359375,5.6875,11.20431900024414,0.0,16,6.454791199997999,
gfs,gfs_20260706_12z_f012,2026-07-06,12,12,2026-07-06T12:00:00Z,2026-07-07T00:00:00Z,2026-07-06T18:00:00Z,issued_at_utc + 6h conservative NOMADS buffer,,raw\gfs\20260706\gfs_20260706_12z_f012.grib2,10491688,da197c8837663d987d27141fab6c818c160566879009f45fdcfcf6220a87b146,hko:HKO,Hong Kong Observatory,22.301944,114.174167,22.25,114.25,2026-07-06T12:00:00Z,2026-07-07T00:00:00Z,100.0,100.0,3.7660675048828125,7.096258640289307,27.273461914062523,24.336145019531273,27.571557617187523,27.073449707031273,84.5999984741211,1008.286484375,874.0,27.081689453125023,-0.521728515625,12.8125,10.805143356323242,27.711999893188477,16,5.967880100011826,
gfs,gfs_20260706_12z_f024,2026-07-06,12,24,2026-07-06T12:00:00Z,2026-07-07T12:00:00Z,2026-07-06T18:00:00Z,issued_at_utc + 6h conservative NOMADS buffer,,raw\gfs\20260706\gfs_20260706_12z_f024.grib2,10575762,28e465214a0a1945e1daa64b2dfcbbf2c08cc0f3d2ade4dc54ad38633b76df6a,hko:HKO,Hong Kong Observatory,22.301944,114.174167,22.25,114.25,2026-07-06T12:00:00Z,2026-07-07T12:00:00Z,75.69999694824219,100.0,1.2012939453125,4.789968967437744,27.106195068359398,24.778100585937523,28.416467285156273,27.062158203125023,87.19999694824219,1007.20984375,1035.0,27.172113037109398,-2.769775390625,4.9375,7.7049880027771,237.98399353027344,16,6.343556799984071,
gfs,gfs_20260706_06z_f048,2026-07-06,6,48,2026-07-06T06:00:00Z,2026-07-08T06:00:00Z,2026-07-06T12:00:00Z,issued_at_utc + 6h conservative NOMADS buffer,,raw\gfs\20260706\gfs_20260706_06z_f048.grib2,10645927,75aeb9fdd2a73e69bc0d93ad7df8446063ef36cec9e779a73e2b95e1b1a32a5c,hko:HKO,Hong Kong Observatory,22.301944,114.174167,22.25,114.25,2026-07-06T06:00:00Z,2026-07-08T06:00:00Z,0.4000000059604645,10.100000381469727,-1.5430176258087158,4.291522026062012,28.533441162109398,24.370874023437523,28.845422363281273,27.555657958984398,78.0,1006.65390625,895.0,31.306909179687523,-1.670654296875,5.8125,5.905138969421387,821.7119750976562,16,6.4832466000225395,
gfs,gfs_20260706_12z_f039,2026-07-06,12,39,2026-07-06T12:00:00Z,2026-07-08T03:00:00Z,2026-07-06T18:00:00Z,issued_at_utc + 6h conservative NOMADS buffer,,raw\gfs\20260706\gfs_20260706_12z_f039.grib2,10407013,49a8751c743675c43f5295bc442cd5c46aa87387c69b0d98e45ce7979f2e565d,hko:HKO,Hong Kong Observatory,22.301944,114.174167,22.25,114.25,2026-07-06T12:00:00Z,2026-07-08T03:00:00Z,51.20000076293945,90.19999694824219,-1.990606665611267,4.900647163391113,28.712609863281273,24.470849609375023,28.699548339843773,27.491723632812523,78.0999984741211,1007.970390625,1064.0,29.983453369140648,-0.1798095703125,1.6875,7.700397491455078,648.0960083007812,16,6.982150700001512,
gfs,gfs_20260706_12z_f033,2026-07-06,12,33,2026-07-06T12:00:00Z,2026-07-07T21:00:00Z,2026-07-06T18:00:00Z,issued_at_utc + 6h conservative NOMADS buffer,,raw\gfs\20260706\gfs_20260706_12z_f033.grib2,10435330,c6fc40bbe3fb0a669f15482b7951c2ddf10087300c1f59c2be80cc2464f015a5,hko:HKO,Hong Kong Observatory,22.301944,114.174167,22.25,114.25,2026-07-06T12:00:00Z,2026-07-07T21:00:00Z,5.300000190734863,17.299999237060547,-0.038330078125,4.274237155914307,26.859216308593773,24.257897949218773,27.251306152343773,26.853601074218773,85.80000305175781,1006.8421875,778.0,26.674218750000023,-4.691162109375,3.875,6.741014003753662,0.0,16,6.799156200024299,
gfs,gfs_20260706_12z_f045,2026-07-06,12,45,2026-07-06T12:00:00Z,2026-07-08T09:00:00Z,2026-07-06T18:00:00Z,issued_at_utc + 6h conservative NOMADS buffer,,raw\gfs\20260706\gfs_20260706_12z_f045.grib2,10423220,865c7f63fc7b7e667c3a7c2e2b7e9a741672a86dd73f6810f646d22c12283f0c,hko:HKO,Hong Kong Observatory,22.301944,114.174167,22.25,114.25,2026-07-06T12:00:00Z,2026-07-08T09:00:00Z,5.0,28.600000381469727,-2.050677537918091,4.5504150390625,28.480920410156273,24.382714843750023,29.053399658203148,28.380914306640648,78.5,1005.77390625,892.0,29.749993896484398,-1.059326171875,1.875,6.60009765625,678.280029296875,16,6.71728240000084,
gfs,gfs_20260706_12z_f030,2026-07-06,12,30,2026-07-06T12:00:00Z,2026-07-07T18:00:00Z,2026-07-06T18:00:00Z,issued_at_utc + 6h conservative NOMADS buffer,,raw\gfs\20260706\gfs_20260706_12z_f030.grib2,10625681,33b85302a0a9df27e5712a48e570a9de980c9e0944ca34d6d7eca307cef2538d,hko:HKO,Hong Kong Observatory,22.301944,114.174167,22.25,114.25,2026-07-06T12:00:00Z,2026-07-07T18:00:00Z,6.0,78.80000305175781,-0.682452380657196,4.48077392578125,27.064691162109398,24.949975585937523,27.491418457031273,26.982690429687523,87.5999984741211,1006.89109375,1190.0,26.936853027343773,-0.142822265625,4.9375,6.8235697746276855,0.0,16,6.860158399969805,
gfs,gfs_20260706_12z_f027,2026-07-06,12,27,2026-07-06T12:00:00Z,2026-07-07T15:00:00Z,2026-07-06T18:00:00Z,issued_at_utc + 6h conservative NOMADS buffer,,raw\gfs\20260706\gfs_20260706_12z_f027.grib2,10368557,9f0b6a775f100e625600afbd5b6741029842a960dc27b9ceaaa0c95d3ace61fa,hko:HKO,Hong Kong Observatory,22.301944,114.174167,22.25,114.25,2026-07-06T12:00:00Z,2026-07-07T15:00:00Z,99.19999694824219,91.5,-0.725659191608429,3.8664002418518066,27.350000000000023,24.950006103515648,27.459619140625023,27.062402343750023,86.80000305175781,1007.710625,1124.0,27.078088378906273,-0.8828125,2.3125,6.127608776092529,0.0,16,6.945121700002346,
gfs,gfs_20260706_18z_f000,2026-07-06,18,0,2026-07-06T18:00:00Z,2026-07-06T18:00:00Z,2026-07-07T00:00:00Z,issued_at_utc + 6h conservative NOMADS buffer,,raw\gfs\20260706\gfs_20260706_18z_f000.grib2,6851001,8af8fcfb520b976394f7ab33ff98187cd9c3f933465e4da6dad179ff698c2d1b,,,,,,,,,,,,,,,,,,,,,,,,,0,0.00011690001701936126,Skipped f000 analysis/initialization lead; fetched and cataloged but not decoded for forward T-24 features.
gfs,gfs_20260706_12z_f042,2026-07-06,12,42,2026-07-06T12:00:00Z,2026-07-08T06:00:00Z,2026-07-06T18:00:00Z,issued_at_utc + 6h conservative NOMADS buffer,,raw\gfs\20260706\gfs_20260706_12z_f042.grib2,10603656,b78328e57fbaf75f8ff221b8c6276f7a951cb341dc4311c5779a30ba5e52f9e2,hko:HKO,Hong Kong Observatory,22.301944,114.174167,22.25,114.25,2026-07-06T12:00:00Z,2026-07-08T06:00:00Z,16.0,64.5999984741211,-1.4146544933319092,4.447778224945068,28.685266113281273,24.488641357421898,29.006219482421898,27.414178466796898,77.9000015258789,1006.60578125,1043.0,31.254327392578148,-1.3275146484375,3.5,6.720385551452637,798.0,16,6.407502899994142,
gfs,gfs_20260706_12z_f036,2026-07-06,12,36,2026-07-06T12:00:00Z,2026-07-08T00:00:00Z,2026-07-06T18:00:00Z,issued_at_utc + 6h conservative NOMADS buffer,,raw\gfs\20260706\gfs_20260706_12z_f036.grib2,10600242,f752332a32359868e60b761835b1d348b16e73e591bcd9aee6eb88b5a0debf33,hko:HKO,Hong Kong Observatory,22.301944,114.174167,22.25,114.25,2026-07-06T12:00:00Z,2026-07-08T00:00:00Z,39.400001525878906,31.100000381469727,-0.8538573980331421,4.402032375335693,27.493066406250023,24.584954833984398,27.550012207031273,26.762750244140648,84.4000015258789,1007.89984375,952.0,27.379876708984398,-1.3807373046875,7.125,7.42304801940918,51.98400115966797,16,6.884433800005354,
gfs,gfs_20260706_12z_f048,2026-07-06,12,48,2026-07-06T12:00:00Z,2026-07-08T12:00:00Z,2026-07-06T18:00:00Z,issued_at_utc + 6h conservative NOMADS buffer,,raw\gfs\20260706\gfs_20260706_12z_f048.grib2,10621299,d4eb9dcf4bd910d544c3240b094a08e7802343f5086fe19aea43e14398e66c02,hko:HKO,Hong Kong Observatory,22.301944,114.174167,22.25,114.25,2026-07-06T12:00:00Z,2026-07-08T12:00:00Z,5.0,20.899999618530273,-1.709326148033142,3.473437547683716,27.987390136718773,24.942254638671898,29.053399658203148,27.751794433593773,83.30000305175781,1006.416171875,1234.0,27.959008789062523,-1.109619140625,3.125,6.30244255065918,400.2879943847656,16,6.944210799993016,
gfs,gfs_20260706_18z_f003,2026-07-06,18,3,2026-07-06T18:00:00Z,2026-07-06T21:00:00Z,2026-07-07T00:00:00Z,issued_at_utc + 6h conservative NOMADS buffer,,raw\gfs\20260706\gfs_20260706_18z_f003.grib2,10151646,4d0ec7eed0d2bf8069a96ae9ac1d77335735ff0773baaffe690550590a89665f,hko:HKO,Hong Kong Observatory,22.301944,114.174167,22.25,114.25,2026-07-06T18:00:00Z,2026-07-06T21:00:00Z,100.0,100.0,0.5905822515487671,7.555062770843506,27.070642089843773,24.934503173828148,27.510003662109398,27.083459472656273,87.80000305175781,1007.078515625,1309.0,26.809503173828148,-0.1590576171875,6.25,10.523576736450195,0.0,16,6.579522699990775,
gfs,gfs_20260706_18z_f009,2026-07-06,18,9,2026-07-06T18:00:00Z,2026-07-07T03:00:00Z,2026-07-07T00:00:00Z,issued_at_utc + 6h conservative NOMADS buffer,,raw\gfs\20260706\gfs_20260706_18z_f009.grib2,10258215,4330caeaf64b7df2caec7260d16c2a1ca360671abd9f5648278f5d6d174d8b61,hko:HKO,Hong Kong Observatory,22.301944,114.174167,22.25,114.25,2026-07-06T18:00:00Z,2026-07-07T03:00:00Z,100.0,100.0,1.407659888267517,2.913543701171875,27.440179443359398,23.949975585937523,27.401116943359398,26.213342285156273,81.69999694824219,1009.162578125,660.0,27.368280029296898,0.3583984375,3.9375,6.9149909019470215,101.88800048828125,16,6.368805599980988,
gefs_control,gefs_control_20260706_00z_f000,2026-07-06,0,0,2026-07-06T00:00:00Z,2026-07-06T00:00:00Z,2026-07-06T06:00:00Z,issued_at_utc + 6h conservative NOMADS buffer,,raw\gefs_control\20260706\gefs_control_20260706_00z_f000.grib2,5185127,3ab356f06335958d2164c5a2664638ea0a58d4268b89116d340822bf43988990,,,,,,,,,,,,,,,,,,,,,,,,,0,0.00014710001414641738,Skipped f000 analysis/initialization lead; fetched and cataloged but not decoded for forward T-24 features.
gfs,gfs_20260706_12z_f018,2026-07-06,12,18,2026-07-06T12:00:00Z,2026-07-07T06:00:00Z,2026-07-06T18:00:00Z,issued_at_utc + 6h conservative NOMADS buffer,,raw\gfs\20260706\gfs_20260706_12z_f018.grib2,10513162,611140e32334cd90b14b8fc8077a21e13f5fda26214a36c2f6612f52c1c6347a,hko:HKO,Hong Kong Observatory,22.301944,114.174167,22.25,114.25,2026-07-06T12:00:00Z,2026-07-07T06:00:00Z,100.0,100.0,0.6077850461006165,4.346902370452881,27.995080566406273,24.379296875000023,28.295098876953148,26.630456542968773,80.80000305175781,1007.50890625,950.0,28.304895019531273,-0.146484375,4.75,7.100969314575195,301.00799560546875,16,6.333996400004253,
gfs,gfs_20260706_18z_f012,2026-07-06,18,12,2026-07-06T18:00:00Z,2026-07-07T06:00:00Z,2026-07-07T00:00:00Z,issued_at_utc + 6h conservative NOMADS buffer,,raw\gfs\20260706\gfs_20260706_18z_f012.grib2,10449630,5439d0a482ff6ca312c8928a95978d8cd6d5e2cd8e788bac80bf73213aed9ce8,hko:HKO,Hong Kong Observatory,22.301944,114.174167,22.25,114.25,2026-07-06T18:00:00Z,2026-07-07T06:00:00Z,99.0999984741211,99.5999984741211,-0.11955566704273224,3.8238768577575684,28.140191650390648,24.195092773437523,28.448693847656273,26.208398437500023,79.0,1007.757421875,862.0,28.595086669921898,-0.4339599609375,4.625,6.414402484893799,293.7919921875,16,7.148857499996666,
gfs,gfs_20260706_18z_f024,2026-07-06,18,24,2026-07-06T18:00:00Z,2026-07-07T18:00:00Z,2026-07-07T00:00:00Z,issued_at_utc + 6h conservative NOMADS buffer,,raw\gfs\20260706\gfs_20260706_18z_f024.grib2,10627303,66c6eca49dfcb6689e593318d674d61aab07e8e27c53dc71a90b4bf7a5f5929c,hko:HKO,Hong Kong Observatory,22.301944,114.174167,22.25,114.25,2026-07-06T18:00:00Z,2026-07-07T18:00:00Z,5.0,77.4000015258789,-0.643341064453125,4.815240383148193,27.149987792968773,24.950006103515648,27.678094482421898,27.049676513671898,87.5,1006.850625,1192.0,26.955621337890648,-0.528564453125,4.9375,7.0100226402282715,0.0,16,7.164782499952707,
gfs,gfs_20260706_18z_f006,2026-07-06,18,6,2026-07-06T18:00:00Z,2026-07-07T00:00:00Z,2026-07-07T00:00:00Z,issued_at_utc + 6h conservative NOMADS buffer,,raw\gfs\20260706\gfs_20260706_18z_f006.grib2,10410380,f14d393d7f6e20c3ad5415962b32a4f721ca671baf258fbfa69ee6d680021c16,hko:HKO,Hong Kong Observatory,22.301944,114.174167,22.25,114.25,2026-07-06T18:00:00Z,2026-07-07T00:00:00Z,100.0,100.0,3.94036865234375,6.277395725250244,27.007135009765648,24.256036376953148,27.548577880859398,26.883477783203148,84.69999694824219,1008.645625,758.0,26.759820556640648,-0.8173828125,14.5625,10.110148429870605,15.423999786376953,16,7.591435900016222,
gfs,gfs_20260706_18z_f021,2026-07-06,18,21,2026-07-06T18:00:00Z,2026-07-07T15:00:00Z,2026-07-07T00:00:00Z,issued_at_utc + 6h conservative NOMADS buffer,,raw\gfs\20260706\gfs_20260706_18z_f021.grib2,10353844,86ee9aa543cf92b61560822ed2dd5563d7a43f69d0bd078c1d86fdf55c9029c6,hko:HKO,Hong Kong Observatory,22.301944,114.174167,22.25,114.25,2026-07-06T18:00:00Z,2026-07-07T15:00:00Z,100.0,88.69999694824219,-1.0074005126953125,4.029138088226318,27.545129394531273,25.050012207031273,27.644799804687523,27.256005859375023,86.4000015258789,1007.912421875,1296.0,27.161218261718773,-1.110595703125,1.875,6.819872856140137,0.0,16,6.9351726999739185,
gefs_control,gefs_control_20260706_00z_f003,2026-07-06,0,3,2026-07-06T00:00:00Z,2026-07-06T03:00:00Z,2026-07-06T06:00:00Z,issued_at_utc + 6h conservative NOMADS buffer,,raw\gefs_control\20260706\gefs_control_20260706_00z_f003.grib2,6684170,c9c899a279a16429258f9dd905984a675d01af718c3619dde3e5e1c590d52bdf,hko:HKO,Hong Kong Observatory,22.301944,114.174167,22.25,114.25,2026-07-06T00:00:00Z,2026-07-06T03:00:00Z,,36.0,-0.15887451171875,8.507394790649414,29.041833496093773,24.590509033203148,29.141839599609398,27.623986816406273,77.5974349975586,1008.053125,1339.0,,-4.0963134765625,2.0999999046325684,12.100793838500977,675.823974609375,14,5.3625655000214465,
gfs,gfs_20260706_18z_f033,2026-07-06,18,33,2026-07-06T18:00:00Z,2026-07-08T03:00:00Z,2026-07-07T00:00:00Z,issued_at_utc + 6h conservative NOMADS buffer,,raw\gfs\20260706\gfs_20260706_18z_f033.grib2,10395680,d5d35e2e82a078f6933f8a3419b954f33312f37e2c9e1a815d88339a284077e7,hko:HKO,Hong Kong Observatory,22.301944,114.174167,22.25,114.25,2026-07-06T18:00:00Z,2026-07-08T03:00:00Z,5.0,55.400001525878906,-2.1433167457580566,4.95404052734375,28.669732666015648,24.926660156250023,28.693078613281273,27.720788574218773,80.0999984741211,1008.05984375,1265.0,30.149987792968773,-0.6640625,1.125,7.812821388244629,665.823974609375,16,6.514127500005998,
gfs,gfs_20260706_18z_f036,2026-07-06,18,36,2026-07-06T18:00:00Z,2026-07-08T06:00:00Z,2026-07-07T00:00:00Z,issued_at_utc + 6h conservative NOMADS buffer,,raw\gfs\20260706\gfs_20260706_18z_f036.grib2,10591416,f503785884e8a54fda12e13f461c297879c89d76f45b80f20841b1aaba69538d,hko:HKO,Hong Kong Observatory,22.301944,114.174167,22.25,114.25,2026-07-06T18:00:00Z,2026-07-08T06:00:00Z,36.400001525878906,37.900001525878906,-1.541900634765625,4.539019584655762,28.583459472656273,24.550012207031273,28.919732666015648,27.669305419921898,78.5,1006.96828125,1077.0,31.249993896484398,-1.528076171875,3.625,6.22235107421875,809.6959838867188,16,6.389312299957965,
gfs,gfs_20260706_18z_f039,2026-07-06,18,39,2026-07-06T18:00:00Z,2026-07-08T09:00:00Z,2026-07-07T00:00:00Z,issued_at_utc + 6h conservative NOMADS buffer,,raw\gfs\20260706\gfs_20260706_18z_f039.grib2,10371836,b646cc1328a69173f5ffdd23b4805959e2f7c0416777834d2b8bcacf4e3930d8,hko:HKO,Hong Kong Observatory,22.301944,114.174167,22.25,114.25,2026-07-06T18:00:00Z,2026-07-08T09:00:00Z,64.4000015258789,83.80000305175781,-1.6360352039337158,4.000006198883057,28.613916015625023,24.288659667968773,28.974481201171898,28.330651855468773,77.19999694824219,1005.668125,836.0,29.879876708984398,-0.2752685546875,2.0625,5.724339962005615,641.739990234375,16,6.285753400006797,
gfs,gfs_20260706_18z_f042,2026-07-06,18,42,2026-07-06T18:00:00Z,2026-07-08T12:00:00Z,2026-07-07T00:00:00Z,issued_at_utc + 6h conservative NOMADS buffer,,raw\gfs\20260706\gfs_20260706_18z_f042.grib2,10581552,4faad8ef67d86b21cdfb163bd4a49a49509c14a8859ccbb794c8880a9d5df251,hko:HKO,Hong Kong Observatory,22.301944,114.174167,22.25,114.25,2026-07-06T18:00:00Z,2026-07-08T12:00:00Z,13.300000190734863,86.80000305175781,-1.9635193347930908,3.150887966156006,27.910546875000023,24.451287841796898,28.956506347656273,27.630670166015648,81.5999984741211,1006.23859375,805.0,28.061975097656273,-1.16162109375,3.625,5.702862739562988,374.8479919433594,16,6.268057900015265,
gefs_control,gefs_control_20260706_00z_f015,2026-07-06,0,15,2026-07-06T00:00:00Z,2026-07-06T15:00:00Z,2026-07-06T06:00:00Z,issued_at_utc + 6h conservative NOMADS buffer,,raw\gefs_control\20260706\gefs_control_20260706_00z_f015.grib2,7536444,bd95927d999d3c441027700e9d2dcf69384e5229e220b62292b0c8d1118a39cb,hko:HKO,Hong Kong Observatory,22.301944,114.174167,22.25,114.25,2026-07-06T00:00:00Z,2026-07-06T15:00:00Z,,100.0,-0.3584228456020355,8.132854461669922,28.201409912109398,24.776635742187523,28.465325927734398,28.103997802734398,81.7523422241211,1008.181328125,1165.0,,-13.72802734375,5.400000095367432,12.462356567382812,0.0,14,4.930081300029997,
gfs,gfs_20260706_18z_f030,2026-07-06,18,30,2026-07-06T18:00:00Z,2026-07-08T00:00:00Z,2026-07-07T00:00:00Z,issued_at_utc + 6h conservative NOMADS buffer,,raw\gfs\20260706\gfs_20260706_18z_f030.grib2,10576193,cb02d171291fe15d3f60430df0151c3766992f8cc0629a8aff890af8fb2c267e,hko:HKO,Hong Kong Observatory,22.301944,114.174167,22.25,114.25,2026-07-06T18:00:00Z,2026-07-08T00:00:00Z,44.5,39.20000076293945,-1.364221215248108,4.305132865905762,27.778100585937523,24.678125000000023,27.778100585937523,26.696710205078148,83.0,1008.079375,1059.0,27.900994873046898,-1.35400390625,7.625,7.507208347320557,61.36000061035156,16,6.341954300005455,
gefs_control,gefs_control_20260706_00z_f006,2026-07-06,0,6,2026-07-06T00:00:00Z,2026-07-06T06:00:00Z,2026-07-06T06:00:00Z,issued_at_utc + 6h conservative NOMADS buffer,,raw\gefs_control\20260706\gefs_control_20260706_00z_f006.grib2,7623694,ba020ee8072be3d38a36be98ba5785c825e8583322388e23839a56b8e8f70346,hko:HKO,Hong Kong Observatory,22.301944,114.174167,22.25,114.25,2026-07-06T00:00:00Z,2026-07-06T06:00:00Z,,56.0,0.10563965141773224,9.571489334106445,29.183801269531273,24.983789062500023,29.383782958984398,27.623986816406273,79.05955505371094,1006.350625,1635.0,,-0.50146484375,6.199999809265137,13.338613510131836,794.0159912109375,14,4.928352800023276,
gefs_control,gefs_control_20260706_00z_f009,2026-07-06,0,9,2026-07-06T00:00:00Z,2026-07-06T09:00:00Z,2026-07-06T06:00:00Z,issued_at_utc + 6h conservative NOMADS buffer,,raw\gefs_control\20260706\gefs_control_20260706_00z_f009.grib2,7474100,0b776a82db2efae8a8fa245adde2bbf9f8fad86da67b2629c8f55e2d3ec82746,hko:HKO,Hong Kong Observatory,22.301944,114.174167,22.25,114.25,2026-07-06T00:00:00Z,2026-07-06T09:00:00Z,,99.0,-0.1833837926387787,8.81283187866211,28.949975585937523,25.350000000000023,29.249993896484398,28.883782958984398,81.06251525878906,1005.77046875,1943.0,,-0.629638671875,1.0,13.250499725341797,629.6599731445312,14,5.026946500001941,
gefs_control,gefs_control_20260706_00z_f012,2026-07-06,0,12,2026-07-06T00:00:00Z,2026-07-06T12:00:00Z,2026-07-06T06:00:00Z,issued_at_utc + 6h conservative NOMADS buffer,,raw\gefs_control\20260706\gefs_control_20260706_00z_f012.grib2,7647174,f75bd9a39d7c39d6649a65841b35fc18b2de1b54991040236bb5c9913207b672,hko:HKO,Hong Kong Observatory,22.301944,114.174167,22.25,114.25,2026-07-06T00:00:00Z,2026-07-06T12:00:00Z,,99.0,0.7300634980201721,8.498549461364746,28.474572753906273,25.204003906250023,29.249993896484398,28.295983886718773,82.55963134765625,1006.993125,1658.0,,-1.263916015625,3.200000047683716,12.921643257141113,366.55999755859375,14,5.317802999983542,
gefs_control,gefs_control_20260706_00z_f018,2026-07-06,0,18,2026-07-06T00:00:00Z,2026-07-06T18:00:00Z,2026-07-06T06:00:00Z,issued_at_utc + 6h conservative NOMADS buffer,,raw\gefs_control\20260706\gefs_control_20260706_00z_f018.grib2,7735628,cec71f18fdaf72bb8bfcb606a8f02e1600fff137e0fdd168756109b3069ea6d2,hko:HKO,Hong Kong Observatory,22.301944,114.174167,22.25,114.25,2026-07-06T00:00:00Z,2026-07-06T18:00:00Z,,99.0,0.5231982469558716,9.793452262878418,28.130120849609398,25.057031250000023,28.527398681640648,28.003991699218773,83.67286682128906,1006.805625,1405.0,,-10.5623779296875,14.399999618530273,13.629827499389648,0.0,14,5.950413100013975,
gfs,gfs_20260706_18z_f045,2026-07-06,18,45,2026-07-06T18:00:00Z,2026-07-08T15:00:00Z,2026-07-07T00:00:00Z,issued_at_utc + 6h conservative NOMADS buffer,,raw\gfs\20260706\gfs_20260706_18z_f045.grib2,10382357,6fb0306deca8dc8c78deaa63007fa4fc670585503070df3a6864f25c4212f3eb,hko:HKO,Hong Kong Observatory,22.301944,114.174167,22.25,114.25,2026-07-06T18:00:00Z,2026-07-08T15:00:00Z,33.900001525878906,36.099998474121094,-2.490081787109375,3.88916015625,27.710534667968773,24.574212646484398,27.899621582031273,27.399102783203148,83.0999984741211,1007.06546875,849.0,27.575036621093773,-0.4912109375,1.0625,6.929107666015625,0.0,16,7.76386010000715,
gfs,gfs_20260706_18z_f018,2026-07-06,18,18,2026-07-06T18:00:00Z,2026-07-07T12:00:00Z,2026-07-07T00:00:00Z,issued_at_utc + 6h conservative NOMADS buffer,,raw\gfs\20260706\gfs_20260706_18z_f018.grib2,10547386,5de4b5979016170876f590fdeac09ad18023ae5a16c0d1fa55314e14fd4dc927,hko:HKO,Hong Kong Observatory,22.301944,114.174167,22.25,114.25,2026-07-06T18:00:00Z,2026-07-07T12:00:00Z,90.80000305175781,88.69999694824219,0.285186767578125,3.87811279296875,27.361901855468773,24.549981689453148,28.591516113281273,27.192468261718773,84.4000015258789,1007.104296875,907.0,27.354821777343773,-1.928466796875,3.4375,6.310833930969238,326.5119934082031,16,8.20860289997654,
gfs,gfs_20260706_18z_f015,2026-07-06,18,15,2026-07-06T18:00:00Z,2026-07-07T09:00:00Z,2026-07-07T00:00:00Z,issued_at_utc + 6h conservative NOMADS buffer,,raw\gfs\20260706\gfs_20260706_18z_f015.grib2,10294925,85521fe28cfe90ffc0399eae1759914d6561ef3fb55e901daf49b3a31f5f6074,hko:HKO,Hong Kong Observatory,22.301944,114.174167,22.25,114.25,2026-07-06T18:00:00Z,2026-07-07T09:00:00Z,83.5999984741211,93.5999984741211,0.374267578125,4.213076591491699,28.119531250000023,24.331719970703148,28.681695556640648,27.892480468750023,80.0999984741211,1006.32890625,960.0,29.191491699218773,-0.4794921875,1.3125,6.004823207855225,550.260009765625,16,8.349226799968164,
gfs,gfs_20260706_18z_f027,2026-07-06,18,27,2026-07-06T18:00:00Z,2026-07-07T21:00:00Z,2026-07-07T00:00:00Z,issued_at_utc + 6h conservative NOMADS buffer,,raw\gfs\20260706\gfs_20260706_18z_f027.grib2,10398059,02bcef7a1547c3a49c13829699bd1600b0d22252783ac153dd027b95f4272dc6,hko:HKO,Hong Kong Observatory,22.301944,114.174167,22.25,114.25,2026-07-06T18:00:00Z,2026-07-07T21:00:00Z,38.29999923706055,15.600000381469727,-0.47246092557907104,4.561532497406006,26.886682128906273,24.363977050781273,27.249993896484398,26.749993896484398,85.9000015258789,1006.91546875,815.0,26.698999023437523,-5.139892578125,4.875,6.900555610656738,0.0,16,7.903601800033357,
gefs_control,gefs_control_20260706_00z_f021,2026-07-06,0,21,2026-07-06T00:00:00Z,2026-07-06T21:00:00Z,2026-07-06T06:00:00Z,issued_at_utc + 6h conservative NOMADS buffer,,raw\gefs_control\20260706\gefs_control_20260706_00z_f021.grib2,7828848,76ede874362c7da30fa1e943f30c8908c48ba600406ec1691b7d374c147ea2a9,hko:HKO,Hong Kong Observatory,22.301944,114.174167,22.25,114.25,2026-07-06T00:00:00Z,2026-07-06T21:00:00Z,,100.0,0.4822070300579071,8.732719421386719,27.986016845703148,25.256188964843773,28.288140869140648,27.870141601562523,84.91358947753906,1006.57984375,1534.0,,-0.9652099609375,10.0,12.268248558044434,0.0,14,6.2129805000149645,
gfs,gfs_20260706_18z_f048,2026-07-06,18,48,2026-07-06T18:00:00Z,2026-07-08T18:00:00Z,2026-07-07T00:00:00Z,issued_at_utc + 6h conservative NOMADS buffer,,raw\gfs\20260706\gfs_20260706_18z_f048.grib2,10629451,348704b7e176a183d9b2e752f3081d5f2d7e653c167d5ec0cdf062a38cf76e5b,hko:HKO,Hong Kong Observatory,22.301944,114.174167,22.25,114.25,2026-07-06T18:00:00Z,2026-07-08T18:00:00Z,16.700000762939453,47.70000076293945,-2.090466260910034,3.430529832839966,27.198449707031273,24.780023193359398,27.900384521484398,27.116357421875023,86.30000305175781,1005.045078125,1080.0,27.249993896484398,-0.6220703125,2.5,6.614860534667969,0.0,16,7.703206199978013,
gefs_control,gefs_control_20260706_00z_f036,2026-07-06,0,36,2026-07-06T00:00:00Z,2026-07-07T12:00:00Z,2026-07-06T06:00:00Z,issued_at_utc + 6h conservative NOMADS buffer,,raw\gefs_control\20260706\gefs_control_20260706_00z_f036.grib2,7028200,dda5581f6ce7b4cced6eb78ae5f0d7d05dab648aaac74708170e6006bc5607ba,hko:HKO,Hong Kong Observatory,22.301944,114.174167,22.25,114.25,2026-07-06T00:00:00Z,2026-07-07T12:00:00Z,,99.0,-0.22011718153953552,5.637670993804932,28.249993896484398,25.050012207031273,28.788201904296898,28.001672363281273,82.86085510253906,1006.46640625,1403.0,,-2.260986328125,3.299999952316284,9.223055839538574,196.01600646972656,14,6.422958699986339,
gefs_control,gefs_control_20260706_00z_f024,2026-07-06,0,24,2026-07-06T00:00:00Z,2026-07-07T00:00:00Z,2026-07-06T06:00:00Z,issued_at_utc + 6h conservative NOMADS buffer,,raw\gefs_control\20260706\gefs_control_20260706_00z_f024.grib2,8033025,209e1132721ea6b951d930f9905d8203d7e7fe78e7fa61439e314dd1d47c14f3,hko:HKO,Hong Kong Observatory,22.301944,114.174167,22.25,114.25,2026-07-06T00:00:00Z,2026-07-07T00:00:00Z,,100.0,0.015292968600988388,8.36600112915039,28.162713623046898,24.557672119140648,28.362725830078148,27.823968505859398,80.92884826660156,1006.995234375,1048.0,,-4.2081298828125,14.699999809265137,11.671243667602539,28.687999725341797,14,7.153743799950462,
gefs_control,gefs_control_20260706_00z_f030,2026-07-06,0,30,2026-07-06T00:00:00Z,2026-07-07T06:00:00Z,2026-07-06T06:00:00Z,issued_at_utc + 6h conservative NOMADS buffer,,raw\gefs_control\20260706\gefs_control_20260706_00z_f030.grib2,8062912,8e1ec2ce02b02af9a31049a371e05fbca46679910c88731cd1827d1ce7c4d41a,hko:HKO,Hong Kong Observatory,22.301944,114.174167,22.25,114.25,2026-07-06T00:00:00Z,2026-07-07T06:00:00Z,,100.0,0.8881298899650574,6.417807579040527,28.456811523437523,24.754479980468773,28.525048828125023,28.072717285156273,80.3353271484375,1006.68421875,1267.0,,-1.745361328125,12.600000381469727,10.174667358398438,284.12799072265625,14,5.604490600002464,
gefs_control,gefs_control_20260706_00z_f033,2026-07-06,0,33,2026-07-06T00:00:00Z,2026-07-07T09:00:00Z,2026-07-06T06:00:00Z,issued_at_utc + 6h conservative NOMADS buffer,,raw\gefs_control\20260706\gefs_control_20260706_00z_f033.grib2,6870590,4efa1ed221e23ccc0e9c0fb59d371ab7ac91e39fbc16b6b38597be10fd5b367d,hko:HKO,Hong Kong Observatory,22.301944,114.174167,22.25,114.25,2026-07-06T00:00:00Z,2026-07-07T09:00:00Z,,100.0,0.3418823182582855,5.5397491455078125,28.601678466796898,25.001702880859398,28.833154296875023,28.356835937500023,81.35525512695312,1006.122265625,1433.0,,-0.834716796875,1.399999976158142,8.699999809265137,325.20001220703125,14,5.4911177000030875,
gefs_control,gefs_control_20260706_00z_f042,2026-07-06,0,42,2026-07-06T00:00:00Z,2026-07-07T18:00:00Z,2026-07-06T06:00:00Z,issued_at_utc + 6h conservative NOMADS buffer,,raw\gefs_control\20260706\gefs_control_20260706_00z_f042.grib2,7835288,84810c37b40826bde1b25f8451b66efbb4f2d6dfc45db602cc0ea57131451ca8,hko:HKO,Hong Kong Observatory,22.301944,114.174167,22.25,114.25,2026-07-06T00:00:00Z,2026-07-07T18:00:00Z,,37.0,-1.4907958507537842,4.187670707702637,27.850000000000023,25.550012207031273,28.249993896484398,27.850000000000023,87.3003158569336,1006.25890625,1798.0,,-0.28076171875,0.4000000059604645,7.879842281341553,0.0,14,5.839701500022784,
gefs_control,gefs_control_20260706_06z_f000,2026-07-06,6,0,2026-07-06T06:00:00Z,2026-07-06T06:00:00Z,2026-07-06T12:00:00Z,issued_at_utc + 6h conservative NOMADS buffer,,raw\gefs_control\20260706\gefs_control_20260706_06z_f000.grib2,5197732,ab50efdb8ffdfd0a705156d5f071cc69aae2399fdfdd5557e907c61eea3a72db,,,,,,,,,,,,,,,,,,,,,,,,,0,9.300000965595245e-05,Skipped f000 analysis/initialization lead; fetched and cataloged but not decoded for forward T-24 features.
gefs_control,gefs_control_20260706_00z_f039,2026-07-06,0,39,2026-07-06T00:00:00Z,2026-07-07T15:00:00Z,2026-07-06T06:00:00Z,issued_at_utc + 6h conservative NOMADS buffer,,raw\gefs_control\20260706\gefs_control_20260706_00z_f039.grib2,7677264,37a455a265e01b0863fb463cb5c301f033ea552dd8e2259d5ab301b0a422265e,hko:HKO,Hong Kong Observatory,22.301944,114.174167,22.25,114.25,2026-07-06T00:00:00Z,2026-07-07T15:00:00Z,,58.0,-0.7896777391433716,4.333198070526123,28.119012451171898,25.167321777343773,28.219018554687523,28.050012207031273,84.1938247680664,1007.54,1360.0,,-0.6827392578125,0.30000001192092896,7.329869747161865,0.0,14,5.657711700012442,
gefs_control,gefs_control_20260706_00z_f027,2026-07-06,0,27,2026-07-06T00:00:00Z,2026-07-07T03:00:00Z,2026-07-06T06:00:00Z,issued_at_utc + 6h conservative NOMADS buffer,,raw\gefs_control\20260706\gefs_control_20260706_00z_f027.grib2,7881846,e33b61a0954cbd2e33108b9ab35844df100b20642f3cda24e1df926a30c08b92,hko:HKO,Hong Kong Observatory,22.301944,114.174167,22.25,114.25,2026-07-06T00:00:00Z,2026-07-07T03:00:00Z,,100.0,0.7749804854393005,7.9207763671875,28.349969482421898,24.065332031250023,28.376062011718773,28.075830078125023,77.50212097167969,1008.323671875,677.0,,-15.403564453125,6.900000095367432,11.723453521728516,194.6719970703125,14,5.425686799979303,
gefs_control,gefs_control_20260706_00z_f045,2026-07-06,0,45,2026-07-06T00:00:00Z,2026-07-07T21:00:00Z,2026-07-06T06:00:00Z,issued_at_utc + 6h conservative NOMADS buffer,,raw\gefs_control\20260706\gefs_control_20260706_00z_f045.grib2,7247135,95e83774b781a23dda3c9a207d72aefca5b3d76373f3b412a054c2951be3496b,hko:HKO,Hong Kong Observatory,22.301944,114.174167,22.25,114.25,2026-07-06T00:00:00Z,2026-07-07T21:00:00Z,,1.0,-0.7127929925918579,4.76531982421875,27.678125000000023,25.112847900390648,27.850000000000023,27.653405761718773,85.51117706298828,1005.97703125,1397.0,,-2.1131591796875,0.800000011920929,8.227161407470703,0.0,14,6.021489799953997,
gefs_control,gefs_control_20260706_06z_f006,2026-07-06,6,6,2026-07-06T06:00:00Z,2026-07-06T12:00:00Z,2026-07-06T12:00:00Z,issued_at_utc + 6h conservative NOMADS buffer,,raw\gefs_control\20260706\gefs_control_20260706_06z_f006.grib2,7634013,e0743cb8a0e5499d8951556d0253114682b077147992ef2e849a35f8034c5b11,hko:HKO,Hong Kong Observatory,22.301944,114.174167,22.25,114.25,2026-07-06T06:00:00Z,2026-07-06T12:00:00Z,,90.0,0.5100732445716858,8.359399795532227,28.304010009765648,24.950006103515648,29.204003906250023,28.106774902343773,82.30000305175781,1007.38796875,1467.0,,-1.978515625,7.099999904632568,12.708073616027832,360.4800109863281,14,5.685737900028471,
gefs_control,gefs_control_20260706_06z_f012,2026-07-06,6,12,2026-07-06T06:00:00Z,2026-07-06T18:00:00Z,2026-07-06T12:00:00Z,issued_at_utc + 6h conservative NOMADS buffer,,raw\gefs_control\20260706\gefs_control_20260706_06z_f012.grib2,7663228,0875df293de86c1f156330781dce241545bc053c96e8420c7259afc9bd6826af,hko:HKO,Hong Kong Observatory,22.301944,114.174167,22.25,114.25,2026-07-06T06:00:00Z,2026-07-06T18:00:00Z,,95.0,0.549853503704071,8.716411590576172,28.313562011718773,24.988122558593773,28.495996093750023,28.091607666015648,82.46240234375,1007.195390625,1606.0,,-3.4840087890625,11.699999809265137,12.923524856567383,0.0,14,5.277393599972129,
gefs_control,gefs_control_20260706_00z_f048,2026-07-06,0,48,2026-07-06T00:00:00Z,2026-07-08T00:00:00Z,2026-07-06T06:00:00Z,issued_at_utc + 6h conservative NOMADS buffer,,raw\gefs_control\20260706\gefs_control_20260706_00z_f048.grib2,7389208,7db858e490f6a2ca5c8d988779d5681e5e01732ecc538d956aa0974586adb715,hko:HKO,Hong Kong Observatory,22.301944,114.174167,22.25,114.25,2026-07-06T00:00:00Z,2026-07-08T00:00:00Z,,18.0,-1.475061058998108,4.795010566711426,28.378106689453148,24.578088378906273,28.350000000000023,27.611840820312523,80.20411682128906,1006.6290625,1132.0,,-4.8524169921875,2.0,8.0064697265625,49.215999603271484,14,5.960358100011945,
gefs_control,gefs_control_20260706_06z_f009,2026-07-06,6,9,2026-07-06T06:00:00Z,2026-07-06T15:00:00Z,2026-07-06T12:00:00Z,issued_at_utc + 6h conservative NOMADS buffer,,raw\gefs_control\20260706\gefs_control_20260706_06z_f009.grib2,7480045,cdef43d233c0bf781be9b2c7f8cd37c117ed8aee715e7210c03b9d7abce42b49,hko:HKO,Hong Kong Observatory,22.301944,114.174167,22.25,114.25,2026-07-06T06:00:00Z,2026-07-06T15:00:00Z,,98.0,1.1625585556030273,7.899765491485596,28.242028808593773,24.542016601562523,28.495996093750023,28.191613769531273,80.26966094970703,1008.386484375,1062.0,,-14.4073486328125,7.099999904632568,12.072781562805176,0.0,14,6.346901000011712,
gefs_control,gefs_control_20260706_06z_f015,2026-07-06,6,15,2026-07-06T06:00:00Z,2026-07-06T21:00:00Z,2026-07-06T12:00:00Z,issued_at_utc + 6h conservative NOMADS buffer,,raw\gefs_control\20260706\gefs_control_20260706_06z_f015.grib2,7874318,caa7a99321fd50f5426c1e56ff4317428cdc685301962f07c194f4a78e37e428,hko:HKO,Hong Kong Observatory,22.301944,114.174167,22.25,114.25,2026-07-06T06:00:00Z,2026-07-06T21:00:00Z,,80.0,0.3846972584724426,7.85641622543335,28.144494628906273,25.155603027343773,28.327416992187523,28.043939208984398,84.05697631835938,1006.95,1687.0,,0.0718994140625,2.0,11.600366592407227,0.0,14,5.2563966999878176,
gefs_control,gefs_control_20260706_06z_f003,2026-07-06,6,3,2026-07-06T06:00:00Z,2026-07-06T09:00:00Z,2026-07-06T12:00:00Z,issued_at_utc + 6h conservative NOMADS buffer,,raw\gefs_control\20260706\gefs_control_20260706_06z_f003.grib2,7446663,911237b7d51df64b136825085753b50e656f6867bfd6db7de1bd51e4633d3f4c,hko:HKO,Hong Kong Observatory,22.301944,114.174167,22.25,114.25,2026-07-06T06:00:00Z,2026-07-06T09:00:00Z,,88.0,0.08754882961511612,8.853130340576172,28.913751220703148,24.613732910156273,29.213739013671898,28.506799316406273,77.72859191894531,1006.32890625,1356.0,,-2.3037109375,3.4000000953674316,12.61767292022705,622.2000122070312,14,5.607694000005722,
gefs_control,gefs_control_20260706_06z_f018,2026-07-06,6,18,2026-07-06T06:00:00Z,2026-07-07T00:00:00Z,2026-07-06T12:00:00Z,issued_at_utc + 6h conservative NOMADS buffer,,raw\gefs_control\20260706\gefs_control_20260706_06z_f018.grib2,8015527,38e49c12ff7fcfddebce27eee0672902826f66c3cdc7106b2ef1f9d8850b9b68,hko:HKO,Hong Kong Observatory,22.301944,114.174167,22.25,114.25,2026-07-06T06:00:00Z,2026-07-07T00:00:00Z,,89.0,0.5975878834724426,8.291352272033691,28.218316650390648,24.151116943359398,28.527429199218773,27.864801025390648,78.47317504882812,1007.67609375,869.0,,-6.9866943359375,8.0,11.592232704162598,37.58399963378906,14,7.214220100024249,
gefs_control,gefs_control_20260706_06z_f021,2026-07-06,6,21,2026-07-06T06:00:00Z,2026-07-07T03:00:00Z,2026-07-06T12:00:00Z,issued_at_utc + 6h conservative NOMADS buffer,,raw\gefs_control\20260706\gefs_control_20260706_06z_f021.grib2,8210508,74a191816b29dbf387609cbecf93a0209f3b8111fd4eb4aac0d6c8008807098b,hko:HKO,Hong Kong Observatory,22.301944,114.174167,22.25,114.25,2026-07-06T06:00:00Z,2026-07-07T03:00:00Z,,100.0,-0.10599121451377869,7.109814643859863,28.500329589843773,24.078088378906273,28.550012207031273,28.137811279296898,77.0836181640625,1008.535625,805.0,,-9.0684814453125,4.199999809265137,10.656571388244629,234.54400634765625,14,7.381308399955742,
gefs_control,gefs_control_20260706_06z_f039,2026-07-06,6,39,2026-07-06T06:00:00Z,2026-07-07T21:00:00Z,2026-07-06T12:00:00Z,issued_at_utc + 6h conservative NOMADS buffer,,raw\gefs_control\20260706\gefs_control_20260706_06z_f039.grib2,7234381,ffe8fec2dcdf154c4e8b45a9d7ae9f2e12ca0b3f7c08aef5c0dfffb669e651df,hko:HKO,Hong Kong Observatory,22.301944,114.174167,22.25,114.25,2026-07-06T06:00:00Z,2026-07-07T21:00:00Z,,10.0,-1.1658203601837158,5.182690620422363,27.928430175781273,25.060968017578148,28.115075683593773,27.909661865234398,84.27119445800781,1006.208828125,1473.0,,-1.2381591796875,0.30000001192092896,8.701491355895996,0.0,14,7.1535665999981575,
gefs_control,gefs_control_20260706_06z_f036,2026-07-06,6,36,2026-07-06T06:00:00Z,2026-07-07T18:00:00Z,2026-07-06T12:00:00Z,issued_at_utc + 6h conservative NOMADS buffer,,raw\gefs_control\20260706\gefs_control_20260706_06z_f036.grib2,7088391,ab2c09d4d36d22220d426dd5d98e59e8599a48209f69e1cec58db554cca42711,hko:HKO,Hong Kong Observatory,22.301944,114.174167,22.25,114.25,2026-07-06T06:00:00Z,2026-07-07T18:00:00Z,,87.0,-0.06203002855181694,5.9075469970703125,28.052087402343773,25.249993896484398,28.564599609375023,27.995629882812523,84.7699203491211,1006.84390625,1568.0,,-0.676513671875,1.399999976158142,9.179251670837402,0.0,14,6.952517200028524,
gefs_control,gefs_control_20260706_06z_f030,2026-07-06,6,30,2026-07-06T06:00:00Z,2026-07-07T12:00:00Z,2026-07-06T12:00:00Z,issued_at_utc + 6h conservative NOMADS buffer,,raw\gefs_control\20260706\gefs_control_20260706_06z_f030.grib2,7728787,9795723bf5ef1af855ead2e846d7a14a71ae24bf720d1a5b7914e6171e5bc2ce,hko:HKO,Hong Kong Observatory,22.301944,114.174167,22.25,114.25,2026-07-06T06:00:00Z,2026-07-07T12:00:00Z,,99.0,0.4552538990974426,4.907656192779541,28.553674316406273,25.314569091796898,29.291589355468773,28.398309326171898,82.87837219238281,1006.51796875,1739.0,,-0.3416748046875,2.200000047683716,8.049356460571289,296.12799072265625,14,6.144743699987885,
gefs_control,gefs_control_20260706_12z_f003,2026-07-06,12,3,2026-07-06T12:00:00Z,2026-07-06T15:00:00Z,2026-07-06T18:00:00Z,issued_at_utc + 6h conservative NOMADS buffer,,raw\gefs_control\20260706\gefs_control_20260706_12z_f003.grib2,7521083,8ee3bf90e6379d5745226dd3c8ed73d2fa088ff55c7c8114a885bf08f6b9d73c,hko:HKO,Hong Kong Observatory,22.301944,114.174167,22.25,114.25,2026-07-06T12:00:00Z,2026-07-06T15:00:00Z,,89.0,0.9021777510643005,5.783823013305664,27.908227539062523,24.760980224609398,27.908227539062523,27.371972656250023,83.1296615600586,1008.16359375,1072.0,,-5.899169921875,5.099999904632568,9.832176208496094,0.0,14,5.556851600005757,
gefs_control,gefs_control_20260706_12z_f000,2026-07-06,12,0,2026-07-06T12:00:00Z,2026-07-06T12:00:00Z,2026-07-06T18:00:00Z,issued_at_utc + 6h conservative NOMADS buffer,,raw\gefs_control\20260706\gefs_control_20260706_12z_f000.grib2,5230173,44f398a15b3932d27c447058a8e3ae1b7795ccb1d4cc08547fa5839d7692f2c3,,,,,,,,,,,,,,,,,,,,,,,,,0,0.0016137000056914985,Skipped f000 analysis/initialization lead; fetched and cataloged but not decoded for forward T-24 features.
gefs_control,gefs_control_20260706_06z_f024,2026-07-06,6,24,2026-07-06T06:00:00Z,2026-07-07T06:00:00Z,2026-07-06T12:00:00Z,issued_at_utc + 6h conservative NOMADS buffer,,raw\gefs_control\20260706\gefs_control_20260706_06z_f024.grib2,8036968,f69acf8723c5cc8212cd0358eb870f0e210d441f95827224d8cec7dc9b8c0d4d,hko:HKO,Hong Kong Observatory,22.301944,114.174167,22.25,114.25,2026-07-06T06:00:00Z,2026-07-07T06:00:00Z,,100.0,-0.057622071355581284,7.065986156463623,28.950036621093773,24.908776855468773,29.149987792968773,28.124353027343773,79.47734832763672,1006.921875,1582.0,,-0.72216796875,8.0,10.642232894897461,391.7279968261719,14,5.744225999980699,
gefs_control,gefs_control_20260706_06z_f042,2026-07-06,6,42,2026-07-06T06:00:00Z,2026-07-08T00:00:00Z,2026-07-06T12:00:00Z,issued_at_utc + 6h conservative NOMADS buffer,,raw\gefs_control\20260706\gefs_control_20260706_06z_f042.grib2,7380251,c2504176df18e9388aae5381c381a755e0db9109c3bc3ed4ccdc89a443e09ebe,hko:HKO,Hong Kong Observatory,22.301944,114.174167,22.25,114.25,2026-07-06T06:00:00Z,2026-07-08T00:00:00Z,,11.0,-1.2384521961212158,6.198907375335693,28.366418457031273,25.205651855468773,28.415063476562523,27.835961914062523,83.24061584472656,1006.65203125,1586.0,,0.0848388671875,2.299999952316284,9.265414237976074,64.30400085449219,14,5.738565700012259,
gefs_control,gefs_control_20260706_12z_f006,2026-07-06,12,6,2026-07-06T12:00:00Z,2026-07-06T18:00:00Z,2026-07-06T18:00:00Z,issued_at_utc + 6h conservative NOMADS buffer,,raw\gefs_control\20260706\gefs_control_20260706_12z_f006.grib2,7688272,9f3176056207f4b7e649aeb46570773342eb135dc1d1d7414053ecf532bbb2bd,hko:HKO,Hong Kong Observatory,22.301944,114.174167,22.25,114.25,2026-07-06T12:00:00Z,2026-07-06T18:00:00Z,,85.0,-0.3058447241783142,7.793705940246582,28.003991699218773,25.526025390625023,28.003991699218773,27.371972656250023,86.53648376464844,1007.05578125,1927.0,,-0.7689208984375,7.599999904632568,11.761226654052734,0.0,14,5.601229499967303,
gefs_control,gefs_control_20260706_06z_f027,2026-07-06,6,27,2026-07-06T06:00:00Z,2026-07-07T09:00:00Z,2026-07-06T12:00:00Z,issued_at_utc + 6h conservative NOMADS buffer,,raw\gefs_control\20260706\gefs_control_20260706_06z_f027.grib2,7572724,1de93cc1a2b44104ad4e9238f344f38e61d0f3e9f9c580f68c040ed148d66f13,hko:HKO,Hong Kong Observatory,22.301944,114.174167,22.25,114.25,2026-07-06T06:00:00Z,2026-07-07T09:00:00Z,,99.0,0.36521971225738525,6.312241077423096,29.098321533203148,25.398309326171898,29.198297119140648,28.898309326171898,80.76844787597656,1006.01109375,1922.0,,-0.789794921875,2.0,10.034774780273438,505.3800048828125,14,5.528985899989493,
gefs_control,gefs_control_20260706_06z_f033,2026-07-06,6,33,2026-07-06T06:00:00Z,2026-07-07T15:00:00Z,2026-07-06T12:00:00Z,issued_at_utc + 6h conservative NOMADS buffer,,raw\gefs_control\20260706\gefs_control_20260706_06z_f033.grib2,6894419,4b9041aa128d6e5fb080409038da0cd71d03a9b8797a718ceebc307312851e55,hko:HKO,Hong Kong Observatory,22.301944,114.174167,22.25,114.25,2026-07-06T06:00:00Z,2026-07-07T15:00:00Z,,97.0,-0.292449951171875,4.408578395843506,28.200555419921898,25.475732421875023,28.522424316406273,28.195642089843773,84.83638763427734,1008.04484375,1735.0,,0.04150390625,0.20000000298023224,7.52026891708374,0.0,14,5.854714199958835,
gefs_control,gefs_control_20260706_12z_f009,2026-07-06,12,9,2026-07-06T12:00:00Z,2026-07-06T21:00:00Z,2026-07-06T18:00:00Z,issued_at_utc + 6h conservative NOMADS buffer,,raw\gefs_control\20260706\gefs_control_20260706_12z_f009.grib2,7838988,8f92f41d2eb9ae1b4c7a216293f4b7d29c70fee673173db4f899e1958dab1f9e,hko:HKO,Hong Kong Observatory,22.301944,114.174167,22.25,114.25,2026-07-06T12:00:00Z,2026-07-06T21:00:00Z,,66.0,0.11529785394668579,8.130776405334473,27.888238525390648,25.121667480468773,28.050012207031273,27.843560791015648,85.05690002441406,1006.96140625,1543.0,,-0.68896484375,1.899999976158142,11.848199844360352,0.0,14,5.815595299995039,
gefs_control,gefs_control_20260706_12z_f021,2026-07-06,12,21,2026-07-06T12:00:00Z,2026-07-07T09:00:00Z,2026-07-06T18:00:00Z,issued_at_utc + 6h conservative NOMADS buffer,,raw\gefs_control\20260706\gefs_control_20260706_12z_f021.grib2,6855477,cde443389eede2ba8040bb7e0f4ffeb0bfc4bff5af6b3737650d164a5f2523ca,hko:HKO,Hong Kong Observatory,22.301944,114.174167,22.25,114.25,2026-07-06T12:00:00Z,2026-07-07T09:00:00Z,,97.0,0.5432494878768921,5.256988525390625,28.350000000000023,24.953454589843773,28.550012207031273,28.249993896484398,81.91039276123047,1006.16296875,1448.0,,-2.660400390625,2.5999999046325684,8.84256362915039,306.3599853515625,14,5.595258700021077,
gefs_control,gefs_control_20260706_12z_f015,2026-07-06,12,15,2026-07-06T12:00:00Z,2026-07-07T03:00:00Z,2026-07-06T18:00:00Z,issued_at_utc + 6h conservative NOMADS buffer,,raw\gefs_control\20260706\gefs_control_20260706_12z_f015.grib2,8177843,bced14013c53546c50eeed0a6d0a442155464cb03556c80d958724041d1816a7,hko:HKO,Hong Kong Observatory,22.301944,114.174167,22.25,114.25,2026-07-06T12:00:00Z,2026-07-07T03:00:00Z,,100.0,-0.5901123285293579,3.548637628555298,27.836694335937523,23.950006103515648,27.901696777343773,27.236688232421898,79.40099334716797,1008.913984375,606.0,,-8.1751708984375,2.0999999046325684,7.010024547576904,69.48799896240234,14,5.729647299973294,
gefs_control,gefs_control_20260706_06z_f048,2026-07-06,6,48,2026-07-06T06:00:00Z,2026-07-08T06:00:00Z,2026-07-06T12:00:00Z,issued_at_utc + 6h conservative NOMADS buffer,,raw\gefs_control\20260706\gefs_control_20260706_06z_f048.grib2,7379216,11e40d2b883390362c8e700202c2563b0aa6867c346128910a58f98a046b5598,hko:HKO,Hong Kong Observatory,22.301944,114.174167,22.25,114.25,2026-07-06T06:00:00Z,2026-07-08T06:00:00Z,,50.0,-0.49471741914749146,6.771521091461182,29.271569824218773,24.466760253906273,29.450006103515648,28.307916259765648,76.24394989013672,1006.016015625,1012.0,,-2.1451416015625,8.699999809265137,8.850821495056152,797.552001953125,14,5.2988413000130095,
gefs_control,gefs_control_20260706_06z_f045,2026-07-06,6,45,2026-07-06T06:00:00Z,2026-07-08T03:00:00Z,2026-07-06T12:00:00Z,issued_at_utc + 6h conservative NOMADS buffer,,raw\gefs_control\20260706\gefs_control_20260706_06z_f045.grib2,7575642,1d1a8350d6ec916e49073db8f7351f906418e2f0f74fa0b2ba019fa48f514bbe,hko:HKO,Hong Kong Observatory,22.301944,114.174167,22.25,114.25,2026-07-06T06:00:00Z,2026-07-08T03:00:00Z,,37.0,-1.118310570716858,6.979413032531738,29.171289062500023,24.564019775390648,29.249993896484398,28.325769042968773,76.73121643066406,1007.33421875,1095.0,,-3.7958984375,5.5,9.661757469177246,678.1599731445312,14,5.471743799978867,
gefs_control,gefs_control_20260706_12z_f024,2026-07-06,12,24,2026-07-06T12:00:00Z,2026-07-07T12:00:00Z,2026-07-06T18:00:00Z,issued_at_utc + 6h conservative NOMADS buffer,,raw\gefs_control\20260706\gefs_control_20260706_12z_f024.grib2,7739748,3af285b30b4a1393b18276d833f8151a69344b72d73a55d3cfefaed56599738f,hko:HKO,Hong Kong Observatory,22.301944,114.174167,22.25,114.25,2026-07-06T12:00:00Z,2026-07-07T12:00:00Z,,99.0,0.8655761480331421,5.8125,28.214746093750023,24.605065917968773,28.505059814453148,28.053399658203148,81.26017761230469,1006.744140625,1057.0,,-7.0799560546875,4.900000095367432,9.532641410827637,186.49600219726562,14,5.97706050000852,
gefs_control,gefs_control_20260706_12z_f012,2026-07-06,12,12,2026-07-06T12:00:00Z,2026-07-07T00:00:00Z,2026-07-06T18:00:00Z,issued_at_utc + 6h conservative NOMADS buffer,,raw\gefs_control\20260706\gefs_control_20260706_12z_f012.grib2,7992851,6b48df8152bc36d3426a8907f6d490de076d0577ca6afb8a218e8698c16adbc2,hko:HKO,Hong Kong Observatory,22.301944,114.174167,22.25,114.25,2026-07-06T12:00:00Z,2026-07-07T00:00:00Z,,82.0,3.407460927963257,6.331899642944336,27.606347656250023,24.051446533203148,28.149987792968773,27.589135742187523,80.90129852294922,1007.7778125,639.0,,-2.8857421875,8.800000190734863,10.55117416381836,18.224000930786133,14,5.3230616000364535,
gefs_control,gefs_control_20260706_12z_f018,2026-07-06,12,18,2026-07-06T12:00:00Z,2026-07-07T06:00:00Z,2026-07-06T18:00:00Z,issued_at_utc + 6h conservative NOMADS buffer,,raw\gefs_control\20260706\gefs_control_20260706_12z_f018.grib2,8017793,f62f724462dc469696af0d939c6acc5e5f98209845eca923552c47e8dbca850d,hko:HKO,Hong Kong Observatory,22.301944,114.174167,22.25,114.25,2026-07-06T12:00:00Z,2026-07-07T06:00:00Z,,98.0,-0.2606201171875,5.915444374084473,28.408654785156273,24.338281250000023,28.701715087890648,27.241693115234398,79.03968811035156,1007.233046875,1061.0,,-4.0584716796875,3.9000000953674316,9.031904220581055,161.75999450683594,14,5.770660499983933,
gefs_control,gefs_control_20260706_12z_f027,2026-07-06,12,27,2026-07-06T12:00:00Z,2026-07-07T15:00:00Z,2026-07-06T18:00:00Z,issued_at_utc + 6h conservative NOMADS buffer,,raw\gefs_control\20260706\gefs_control_20260706_12z_f027.grib2,7953222,96414b6a9eaa1795fa27188cd42ae906a2aad0e0a63c206c86449ad0d5dacd52,hko:HKO,Hong Kong Observatory,22.301944,114.174167,22.25,114.25,2026-07-06T12:00:00Z,2026-07-07T15:00:00Z,,49.0,0.5559472441673279,4.460014820098877,27.890496826171898,25.114770507812523,28.259118652343773,27.850030517578148,85.03458404541016,1007.691875,1286.0,,-2.5302734375,1.0,7.557065486907959,0.0,14,6.1108094999799505,
gefs_control,gefs_control_20260706_18z_f000,2026-07-06,18,0,2026-07-06T18:00:00Z,2026-07-06T18:00:00Z,2026-07-07T00:00:00Z,issued_at_utc + 6h conservative NOMADS buffer,,raw\gefs_control\20260706\gefs_control_20260706_18z_f000.grib2,5939439,99d0f5a81071ddefdbd50ace37bdcb4b3396ac4ef6befca4b0f1f401629803e7,,,,,,,,,,,,,,,,,,,,,,,,,0,0.00011229998199269176,Skipped f000 analysis/initialization lead; fetched and cataloged but not decoded for forward T-24 features.
gefs_control,gefs_control_20260706_12z_f033,2026-07-06,12,33,2026-07-06T12:00:00Z,2026-07-07T21:00:00Z,2026-07-06T18:00:00Z,issued_at_utc + 6h conservative NOMADS buffer,,raw\gefs_control\20260706\gefs_control_20260706_12z_f033.grib2,7928129,408ef6e2f476eed2f10ebe4d65dc2f1d46ff9f01812289b2afb1fe6bce132cf4,hko:HKO,Hong Kong Observatory,22.301944,114.174167,22.25,114.25,2026-07-06T12:00:00Z,2026-07-07T21:00:00Z,,29.0,0.4971923828125,4.916313648223877,27.590509033203148,24.960809326171898,27.780847167968773,27.500268554687523,85.24227905273438,1006.648515625,1244.0,,-0.729248046875,3.299999952316284,8.383382797241211,0.0,14,5.986837400007062,
gefs_control,gefs_control_20260706_12z_f030,2026-07-06,12,30,2026-07-06T12:00:00Z,2026-07-07T18:00:00Z,2026-07-06T18:00:00Z,issued_at_utc + 6h conservative NOMADS buffer,,raw\gefs_control\20260706\gefs_control_20260706_12z_f030.grib2,7411384,927921b2a6167936dda9a457303c2e7f4a92a0b75a9a029376ae2b4f613fd765,hko:HKO,Hong Kong Observatory,22.301944,114.174167,22.25,114.25,2026-07-06T12:00:00Z,2026-07-07T18:00:00Z,,24.0,1.1281921863555908,4.812914848327637,27.690515136718773,25.013818359375023,28.197229003906273,27.650018310546898,85.42115020751953,1006.6440625,1183.0,,-1.6331787109375,3.4000000953674316,7.972902297973633,0.0,14,6.355626199976541,
gefs_control,gefs_control_20260706_12z_f036,2026-07-06,12,36,2026-07-06T12:00:00Z,2026-07-08T00:00:00Z,2026-07-06T18:00:00Z,issued_at_utc + 6h conservative NOMADS buffer,,raw\gefs_control\20260706\gefs_control_20260706_12z_f036.grib2,7307035,36ee1663c4d12b12a6ef2f8cc6eccf82d61e16bfe3d0a7d62f9e6bd3ec2441d5,hko:HKO,Hong Kong Observatory,22.301944,114.174167,22.25,114.25,2026-07-06T12:00:00Z,2026-07-08T00:00:00Z,,42.0,-1.5044128894805908,5.245764255523682,27.966210937500023,25.190515136718773,27.980859375000023,27.478997802734398,84.74140167236328,1006.821328125,1530.0,,-0.506591796875,4.0,8.76147174835205,34.6879997253418,14,6.2176479999907315,
gefs_control,gefs_control_20260706_12z_f048,2026-07-06,12,48,2026-07-06T12:00:00Z,2026-07-08T12:00:00Z,2026-07-06T18:00:00Z,issued_at_utc + 6h conservative NOMADS buffer,,raw\gefs_control\20260706\gefs_control_20260706_12z_f048.grib2,7051758,0f20860d9665976dc50c3699a23246bbb35f763390c7fdfbe652ad9d59256ad7,hko:HKO,Hong Kong Observatory,22.301944,114.174167,22.25,114.25,2026-07-06T12:00:00Z,2026-07-08T12:00:00Z,,9.0,-1.5296630859375,4.340173244476318,28.471459960937523,25.410729980468773,29.413812255859398,28.410729980468773,83.67778015136719,1005.7334375,1570.0,,0.134521484375,0.6000000238418579,6.905737400054932,394.9440002441406,14,5.8156650000019,
gefs_control,gefs_control_20260706_18z_f027,2026-07-06,18,27,2026-07-06T18:00:00Z,2026-07-07T21:00:00Z,2026-07-07T00:00:00Z,issued_at_utc + 6h conservative NOMADS buffer,,raw\gefs_control\20260706\gefs_control_20260706_18z_f027.grib2,7147705,9dd8eab45da2ab649a1458c1e5cf46f10b91155ee0c27f3e47226f5dd07a2f81,hko:HKO,Hong Kong Observatory,22.301944,114.174167,22.25,114.25,2026-07-06T18:00:00Z,2026-07-07T21:00:00Z,,29.0,-0.589770495891571,4.668609619140625,27.716210937500023,24.350000000000023,27.719659423828148,27.674554443359398,81.5677719116211,1006.481328125,812.0,,-11.208251953125,2.799999952316284,7.944214344024658,0.0,14,5.390862300002482,
gefs_control,gefs_control_20260706_18z_f018,2026-07-06,18,18,2026-07-06T18:00:00Z,2026-07-07T12:00:00Z,2026-07-07T00:00:00Z,issued_at_utc + 6h conservative NOMADS buffer,,raw\gefs_control\20260706\gefs_control_20260706_18z_f018.grib2,7013597,552dab076bb4b5ab4c1962b3f929869ed9cf319849e33862617fe8c1c3b36e7c,hko:HKO,Hong Kong Observatory,22.301944,114.174167,22.25,114.25,2026-07-06T18:00:00Z,2026-07-07T12:00:00Z,,76.0,0.05523376539349556,4.664172172546387,28.350030517578148,24.808709716796898,29.005059814453148,28.098321533203148,81.21421813964844,1006.72140625,1178.0,,-5.68359375,3.5999999046325684,7.7365570068359375,282.2720031738281,14,5.47259420005139,
gefs_control,gefs_control_20260706_12z_f045,2026-07-06,12,45,2026-07-06T12:00:00Z,2026-07-08T09:00:00Z,2026-07-06T18:00:00Z,issued_at_utc + 6h conservative NOMADS buffer,,raw\gefs_control\20260706\gefs_control_20260706_12z_f045.grib2,6884096,eef60b068e4f7b8f41309970eef95e7e754e784e93e39ebc7276beaf99fff3cb,hko:HKO,Hong Kong Observatory,22.301944,114.174167,22.25,114.25,2026-07-06T12:00:00Z,2026-07-08T09:00:00Z,,18.0,-0.538226306438446,5.1479644775390625,29.118280029296898,25.218286132812523,29.383782958984398,28.990502929687523,80.14813232421875,1004.92140625,1536.0,,0.181396484375,0.30000001192092896,7.61693811416626,667.6799926757812,14,5.556207999994513,
gefs_control,gefs_control_20260706_18z_f003,2026-07-06,18,3,2026-07-06T18:00:00Z,2026-07-06T21:00:00Z,2026-07-07T00:00:00Z,issued_at_utc + 6h conservative NOMADS buffer,,raw\gefs_control\20260706\gefs_control_20260706_18z_f003.grib2,7465623,cbc89eadf908508e32a17813aa48767db0df2b42bab6c711e66395d76673744a,hko:HKO,Hong Kong Observatory,22.301944,114.174167,22.25,114.25,2026-07-06T18:00:00Z,2026-07-06T21:00:00Z,,96.0,0.20800292491912842,7.657314300537109,27.649987792968773,25.049981689453148,27.749993896484398,27.297235107421898,86.00021362304688,1007.29375,1459.0,,-0.474609375,5.099999904632568,11.245477676391602,0.0,14,5.3279735000105575,
gefs_control,gefs_control_20260706_18z_f009,2026-07-06,18,9,2026-07-06T18:00:00Z,2026-07-07T03:00:00Z,2026-07-07T00:00:00Z,issued_at_utc + 6h conservative NOMADS buffer,,raw\gefs_control\20260706\gefs_control_20260706_18z_f009.grib2,8153098,ff0b609741e1e6d1b8c90ef046fba2fa19b462ae22eaec890b6cb107b2f2c535,hko:HKO,Hong Kong Observatory,22.301944,114.174167,22.25,114.25,2026-07-06T18:00:00Z,2026-07-07T03:00:00Z,,100.0,0.15155762434005737,4.551557540893555,27.478997802734398,23.833123779296898,27.649987792968773,27.068994140625023,80.53738403320312,1009.031640625,524.0,,-7.8818359375,3.5999999046325684,7.5174994468688965,58.448001861572266,14,5.436376400000881,
gefs_control,gefs_control_20260706_18z_f012,2026-07-06,18,12,2026-07-06T18:00:00Z,2026-07-07T06:00:00Z,2026-07-07T00:00:00Z,issued_at_utc + 6h conservative NOMADS buffer,,raw\gefs_control\20260706\gefs_control_20260706_18z_f012.grib2,8000698,36e57a171af70389ac3520b7f05fc277faf6412a71703f9b60aa4f89842fa777,hko:HKO,Hong Kong Observatory,22.301944,114.174167,22.25,114.25,2026-07-06T18:00:00Z,2026-07-07T06:00:00Z,,100.0,-0.32423827052116394,3.7029051780700684,28.149987792968773,24.208428955078148,28.149987792968773,27.067193603515648,79.53128051757812,1007.45734375,786.0,,-2.6646728515625,4.5,6.527215480804443,102.87999725341797,14,5.931348100013565,
gefs_control,gefs_control_20260706_18z_f021,2026-07-06,18,21,2026-07-06T18:00:00Z,2026-07-07T15:00:00Z,2026-07-07T00:00:00Z,issued_at_utc + 6h conservative NOMADS buffer,,raw\gefs_control\20260706\gefs_control_20260706_18z_f021.grib2,6882371,29b945d2d46aacd1cded33fdfac26e25488d9d1397b5bb536396d5575e50c271,hko:HKO,Hong Kong Observatory,22.301944,114.174167,22.25,114.25,2026-07-06T18:00:00Z,2026-07-07T15:00:00Z,,92.0,0.6080840826034546,5.1186065673828125,28.149987792968773,24.850030517578148,28.419030761718773,28.095635986328148,82.43133544921875,1008.11234375,1192.0,,-3.868896484375,1.100000023841858,8.72891902923584,0.0,14,6.338643399998546,
gefs_control,gefs_control_20260706_18z_f033,2026-07-06,18,33,2026-07-06T18:00:00Z,2026-07-08T03:00:00Z,2026-07-07T00:00:00Z,issued_at_utc + 6h conservative NOMADS buffer,,raw\gefs_control\20260706\gefs_control_20260706_18z_f033.grib2,7550331,21a62e3af80c742fb332abdadc55ac2cac8a879a3f5176b5517507665a98ea7b,hko:HKO,Hong Kong Observatory,22.301944,114.174167,22.25,114.25,2026-07-06T18:00:00Z,2026-07-08T03:00:00Z,,37.0,-1.2227051258087158,6.271002292633057,29.293481445312523,24.535577392578148,29.328363037109398,28.429620361328148,76.3574447631836,1007.806875,1117.0,,-5.6136474609375,2.700000047683716,8.92332935333252,672.1920166015625,14,5.846724800008815,
gefs_control,gefs_control_20260706_12z_f039,2026-07-06,12,39,2026-07-06T12:00:00Z,2026-07-08T03:00:00Z,2026-07-06T18:00:00Z,issued_at_utc + 6h conservative NOMADS buffer,,raw\gefs_control\20260706\gefs_control_20260706_12z_f039.grib2,7540604,242589afae00fed71c2100fd60edb3431e0d1dc6cfce775506722029af98057e,hko:HKO,Hong Kong Observatory,22.301944,114.174167,22.25,114.25,2026-07-06T12:00:00Z,2026-07-08T03:00:00Z,,80.0,-1.631555199623108,6.705358982086182,28.425378417968773,24.890527343750023,28.450006103515648,27.965386962890648,81.34278106689453,1007.453046875,1333.0,,-2.215576171875,2.200000047683716,10.113863945007324,444.447998046875,14,6.596508300048299,
gefs_control,gefs_control_20260706_18z_f030,2026-07-06,18,30,2026-07-06T18:00:00Z,2026-07-08T00:00:00Z,2026-07-07T00:00:00Z,issued_at_utc + 6h conservative NOMADS buffer,,raw\gefs_control\20260706\gefs_control_20260706_18z_f030.grib2,7377723,780b2dd489e0d4bda75c00cbd4e6a4d02b9b9af70fe98345d31cff2f74c7df4a,hko:HKO,Hong Kong Observatory,22.301944,114.174167,22.25,114.25,2026-07-06T18:00:00Z,2026-07-08T00:00:00Z,,21.0,-1.450720191001892,4.505407810211182,28.450006103515648,24.350000000000023,28.390283203125023,27.643792724609398,79.15238189697266,1007.23578125,1010.0,,-5.831298828125,4.300000190734863,7.540324687957764,64.97599792480469,14,6.020584599988069,
gefs_control,gefs_control_20260706_12z_f042,2026-07-06,12,42,2026-07-06T12:00:00Z,2026-07-08T06:00:00Z,2026-07-06T18:00:00Z,issued_at_utc + 6h conservative NOMADS buffer,,raw\gefs_control\20260706\gefs_control_20260706_12z_f042.grib2,7365962,2c649ca8cfea157d9ea19f30200426a3eaf19f2bd8a3b050f403893024d0be74,hko:HKO,Hong Kong Observatory,22.301944,114.174167,22.25,114.25,2026-07-06T12:00:00Z,2026-07-08T06:00:00Z,,50.0,-0.442840576171875,6.370312690734863,29.350000000000023,25.049981689453148,29.483789062500023,27.913842773437523,78.62818908691406,1006.064375,1530.0,,-0.623046875,3.299999952316284,8.910637855529785,690.27197265625,14,6.07809600001201,
gefs_control,gefs_control_20260706_18z_f015,2026-07-06,18,15,2026-07-06T18:00:00Z,2026-07-07T09:00:00Z,2026-07-07T00:00:00Z,issued_at_utc + 6h conservative NOMADS buffer,,raw\gefs_control\20260706\gefs_control_20260706_18z_f015.grib2,7522594,47478d2ee9157e03c29f3f365131fc3ca89047551504bdf9908220313909c98a,hko:HKO,Hong Kong Observatory,22.301944,114.174167,22.25,114.25,2026-07-06T18:00:00Z,2026-07-07T09:00:00Z,,65.0,-0.46589842438697815,5.07522439956665,28.544244384765648,24.644219970703148,28.898309326171898,28.098321533203148,79.76266479492188,1006.381015625,1184.0,,-2.373046875,1.600000023841858,7.394321918487549,470.8599853515625,14,6.255849800014403,
gefs_control,gefs_control_20260706_18z_f024,2026-07-06,18,24,2026-07-06T18:00:00Z,2026-07-07T18:00:00Z,2026-07-07T00:00:00Z,issued_at_utc + 6h conservative NOMADS buffer,,raw\gefs_control\20260706\gefs_control_20260706_18z_f024.grib2,7764809,eab32a5e75d45938841d7d9fcf536c95cc53f2742ceac4a8f7ee62caead48d8f,hko:HKO,Hong Kong Observatory,22.301944,114.174167,22.25,114.25,2026-07-06T18:00:00Z,2026-07-07T18:00:00Z,,63.0,-0.5572363138198853,4.945624828338623,27.749993896484398,24.949975585937523,28.390527343750023,27.695642089843773,84.87614440917969,1006.71703125,1259.0,,-4.346923828125,3.5,8.419759750366211,0.0,14,4.7688827000092715,
gefs_control,gefs_control_20260706_18z_f006,2026-07-06,18,6,2026-07-06T18:00:00Z,2026-07-07T00:00:00Z,2026-07-07T00:00:00Z,issued_at_utc + 6h conservative NOMADS buffer,,raw\gefs_control\20260706\gefs_control_20260706_18z_f006.grib2,7641677,cbd552ee6f7d3682aa357145f59a17509e70aab6dba597e4a018f100a54f18cc,hko:HKO,Hong Kong Observatory,22.301944,114.174167,22.25,114.25,2026-07-06T18:00:00Z,2026-07-07T00:00:00Z,,98.0,2.5682032108306885,6.668125152587891,27.449975585937523,24.149987792968773,27.849969482421898,27.197229003906273,82.31680297851562,1007.985078125,716.0,,-2.0499267578125,13.300000190734863,9.983816146850586,16.384000778198242,14,4.904363400011789,
gefs_control,gefs_control_20260706_18z_f039,2026-07-06,18,39,2026-07-06T18:00:00Z,2026-07-08T09:00:00Z,2026-07-07T00:00:00Z,issued_at_utc + 6h conservative NOMADS buffer,,raw\gefs_control\20260706\gefs_control_20260706_18z_f039.grib2,6851806,9bd5e3f92ffacf981fd3d8ab97ff89bb2055fcb7c2a0e968d2034cb5489bdbb9,hko:HKO,Hong Kong Observatory,22.301944,114.174167,22.25,114.25,2026-07-06T18:00:00Z,2026-07-08T09:00:00Z,,31.0,-0.814373791217804,5.062429904937744,29.270288085937523,24.370294189453148,29.602746582031273,29.149987792968773,75.9427719116211,1004.923046875,946.0,,-3.386474609375,0.8999999761581421,7.028017997741699,664.8200073242188,14,5.078337200044189,
gefs_control,gefs_control_20260706_18z_f045,2026-07-06,18,45,2026-07-06T18:00:00Z,2026-07-08T15:00:00Z,2026-07-07T00:00:00Z,issued_at_utc + 6h conservative NOMADS buffer,,raw\gefs_control\20260706\gefs_control_20260706_18z_f045.grib2,6887980,5969e46b349507e60e584a848b6af17034b18dff0dc5e8fe06e6ec9f815a64fc,hko:HKO,Hong Kong Observatory,22.301944,114.174167,22.25,114.25,2026-07-06T18:00:00Z,2026-07-08T15:00:00Z,,0.0,-2.5120482444763184,4.202737331390381,28.207086181640648,24.915185546875023,28.649987792968773,28.198327636718773,82.19550323486328,1007.405390625,1133.0,,-1.87158203125,0.6000000238418579,7.310750961303711,0.0,14,4.6584354000515305,
gfs,gfs_20260707_00z_f000,2026-07-07,0,0,2026-07-07T00:00:00Z,2026-07-07T00:00:00Z,2026-07-07T06:00:00Z,issued_at_utc + 6h conservative NOMADS buffer,,raw\gfs\20260707\gfs_20260707_00z_f000.grib2,6821801,b92fafbf7184513e267042621df4d931523a29e165791da62790a1e49648019f,,,,,,,,,,,,,,,,,,,,,,,,,0,0.00010469998233020306,Skipped f000 analysis/initialization lead; fetched and cataloged but not decoded for forward T-24 features.
gefs_control,gefs_control_20260706_18z_f036,2026-07-06,18,36,2026-07-06T18:00:00Z,2026-07-08T06:00:00Z,2026-07-07T00:00:00Z,issued_at_utc + 6h conservative NOMADS buffer,,raw\gefs_control\20260706\gefs_control_20260706_18z_f036.grib2,7368765,0332180ab72325f65746d83b6306a214ec3b4f6ccbb477c007908d3785227153,hko:HKO,Hong Kong Observatory,22.301944,114.174167,22.25,114.25,2026-07-06T18:00:00Z,2026-07-08T06:00:00Z,,58.0,-0.34812623262405396,5.538409233093262,29.585351562500023,24.149987792968773,29.637414550781273,28.387719726562523,74.0184097290039,1006.36234375,873.0,,-6.70361328125,4.599999904632568,7.714633464813232,792.9600219726562,14,4.651639699994121,
gefs_control,gefs_control_20260706_18z_f042,2026-07-06,18,42,2026-07-06T18:00:00Z,2026-07-08T12:00:00Z,2026-07-07T00:00:00Z,issued_at_utc + 6h conservative NOMADS buffer,,raw\gefs_control\20260706\gefs_control_20260706_18z_f042.grib2,7051952,50a5ff6026a76860e3542c5181397f8c57cf586117ef16b9ee6366357e1a5937,hko:HKO,Hong Kong Observatory,22.301944,114.174167,22.25,114.25,2026-07-06T18:00:00Z,2026-07-08T12:00:00Z,,15.0,-1.920526146888733,4.452557563781738,28.621820068359398,24.621820068359398,29.614434814453148,28.582513427734398,79.29297637939453,1005.98703125,970.0,,-2.006103515625,1.899999976158142,6.946414470672607,393.7439880371094,14,4.517100099998061,
gefs_control,gefs_control_20260706_18z_f048,2026-07-06,18,48,2026-07-06T18:00:00Z,2026-07-08T18:00:00Z,2026-07-07T00:00:00Z,issued_at_utc + 6h conservative NOMADS buffer,,raw\gefs_control\20260706\gefs_control_20260706_18z_f048.grib2,7062946,593cb58fdf35c9989d9217f9ef23aca6e9abbc0d61d116424b72333b24a50a07,hko:HKO,Hong Kong Observatory,22.301944,114.174167,22.25,114.25,2026-07-06T18:00:00Z,2026-07-08T18:00:00Z,,7.0,-1.6023986339569092,3.6417815685272217,27.902764892578148,25.002740478515648,28.654473876953148,27.857965087890648,84.05941772460938,1005.82859375,1268.0,,-0.838134765625,1.2999999523162842,6.511606216430664,0.0,14,4.154396699974313,
gfs,gfs_20260707_00z_f015,2026-07-07,0,15,2026-07-07T00:00:00Z,2026-07-07T15:00:00Z,2026-07-07T06:00:00Z,issued_at_utc + 6h conservative NOMADS buffer,,raw\gfs\20260707\gfs_20260707_00z_f015.grib2,10316903,6434f9515647fc2ebe237dfee48fb2f98d081ae9c4553710038fd9ff34d9eae4,hko:HKO,Hong Kong Observatory,22.301944,114.174167,22.25,114.25,2026-07-07T00:00:00Z,2026-07-07T15:00:00Z,98.5,100.0,-0.8080230951309204,5.376498222351074,27.464746093750023,25.350000000000023,27.564752197265648,27.183557128906273,88.5,1007.711015625,1500.0,27.078057861328148,-1.24462890625,3.875,8.243887901306152,0.0,16,5.873574200028088,
gfs,gfs_20260707_00z_f012,2026-07-07,0,12,2026-07-07T00:00:00Z,2026-07-07T12:00:00Z,2026-07-07T06:00:00Z,issued_at_utc + 6h conservative NOMADS buffer,,raw\gfs\20260707\gfs_20260707_00z_f012.grib2,11281894,8d6167e5b4b4f14f4d9ea8d3c7eddffb1e36b5aa03f8968352be986dc71ff184,hko:HKO,Hong Kong Observatory,22.301944,114.174167,22.25,114.25,2026-07-07T00:00:00Z,2026-07-07T12:00:00Z,100.0,97.5999984741211,1.1108300685882568,5.14053201675415,27.368859863281273,25.133142089843773,28.616448974609398,27.117059326171898,87.5,1006.848359375,1402.0,27.151849365234398,-3.0914306640625,12.4375,8.199999809265137,276.11199951171875,16,5.439519699953962,
gfs,gfs_20260707_00z_f039,2026-07-07,0,39,2026-07-07T00:00:00Z,2026-07-08T15:00:00Z,2026-07-07T06:00:00Z,issued_at_utc + 6h conservative NOMADS buffer,,raw\gfs\20260707\gfs_20260707_00z_f039.grib2,10374129,fdfe1e65d28d008af59e0faba0aee732a0dac0a43d7cf1dc07148d167cb037b9,hko:HKO,Hong Kong Observatory,22.301944,114.174167,22.25,114.25,2026-07-07T00:00:00Z,2026-07-08T15:00:00Z,31.0,11.600000381469727,-1.553289771080017,5.015612602233887,27.369104003906273,25.062097167968773,28.004357910156273,27.310540771484398,87.5,1006.844609375,1190.0,27.050012207031273,0.2056884765625,3.0,7.9698920249938965,0.0,16,5.535258599964436,
gfs,gfs_20260707_00z_f003,2026-07-07,0,3,2026-07-07T00:00:00Z,2026-07-07T03:00:00Z,2026-07-07T06:00:00Z,issued_at_utc + 6h conservative NOMADS buffer,,raw\gfs\20260707\gfs_20260707_00z_f003.grib2,10939407,a94f2205afec793087433dc65324c15a6ad8f8709884e67ae5787d1d61f84c70,hko:HKO,Hong Kong Observatory,22.301944,114.174167,22.25,114.25,2026-07-07T00:00:00Z,2026-07-07T03:00:00Z,100.0,100.0,-1.0142822265625,4.519389629364014,27.662194824218773,24.749993896484398,27.682672119140648,26.599328613281273,84.19999694824219,1008.77625,1231.0,27.394342041015648,-1.7330322265625,4.75,7.824926853179932,110.31999969482422,16,5.518512299982831,
gfs,gfs_20260707_00z_f021,2026-07-07,0,21,2026-07-07T00:00:00Z,2026-07-07T21:00:00Z,2026-07-07T06:00:00Z,issued_at_utc + 6h conservative NOMADS buffer,,raw\gfs\20260707\gfs_20260707_00z_f021.grib2,10384629,4e71652ad9f247535098234deaf0e2c6e98769bca21e72bf4eb802ba90a37313,hko:HKO,Hong Kong Observatory,22.301944,114.174167,22.25,114.25,2026-07-07T00:00:00Z,2026-07-07T21:00:00Z,91.19999694824219,73.0999984741211,-0.6718810796737671,5.174813747406006,27.251306152343773,24.751306152343773,27.550012207031273,27.033868408203148,86.30000305175781,1006.745390625,1166.0,26.834313964843773,-2.6392822265625,3.5625,8.517801284790039,0.0,16,4.983223700022791,
gfs,gfs_20260707_00z_f024,2026-07-07,0,24,2026-07-07T00:00:00Z,2026-07-08T00:00:00Z,2026-07-07T06:00:00Z,issued_at_utc + 6h conservative NOMADS buffer,,raw\gfs\20260707\gfs_20260707_00z_f024.grib2,10578960,968063c415d9b18a9c3dc37da9c4fd72bc4df10d04634aa2de7abc4c893f29c6,hko:HKO,Hong Kong Observatory,22.301944,114.174167,22.25,114.25,2026-07-07T00:00:00Z,2026-07-08T00:00:00Z,94.0999984741211,86.5,-0.8478637933731079,5.637408256530762,27.506188964843773,25.149987792968773,27.801599121093773,27.033868408203148,86.5999984741211,1007.33265625,1403.0,27.550012207031273,0.3890380859375,5.9375,8.527844429016113,33.74399948120117,16,5.39320819999557,
gfs,gfs_20260707_00z_f030,2026-07-07,0,30,2026-07-07T00:00:00Z,2026-07-08T06:00:00Z,2026-07-07T06:00:00Z,issued_at_utc + 6h conservative NOMADS buffer,,raw\gfs\20260707\gfs_20260707_00z_f030.grib2,10566094,debf718d039e9a66f38dcfef17abeeb5831d05c07ba5e96f4f18924a838dce43,hko:HKO,Hong Kong Observatory,22.301944,114.174167,22.25,114.25,2026-07-07T00:00:00Z,2026-07-08T06:00:00Z,76.5,99.69999694824219,-1.4903075695037842,5.664495944976807,28.753869628906273,24.451287841796898,28.850000000000023,27.492120361328148,77.80000305175781,1006.8475,985.0,30.745385742187523,-0.57177734375,4.25,8.405159950256348,693.6480102539062,16,5.6242115999921225,
gfs,gfs_20260707_00z_f006,2026-07-07,0,6,2026-07-07T00:00:00Z,2026-07-07T06:00:00Z,2026-07-07T06:00:00Z,issued_at_utc + 6h conservative NOMADS buffer,,raw\gfs\20260707\gfs_20260707_00z_f006.grib2,11188574,d2fad1742d12ff5b32fe01095b0263257adb18a66557f26adc905404e58711c3,hko:HKO,Hong Kong Observatory,22.301944,114.174167,22.25,114.25,2026-07-07T00:00:00Z,2026-07-07T06:00:00Z,91.80000305175781,99.30000305175781,-0.7091894745826721,5.596796989440918,28.295098876953148,24.817071533203148,28.637536621093773,26.586633300781273,81.69999694824219,1007.48484375,1377.0,29.523217773437523,-2.2547607421875,7.9375,7.800000190734863,351.6319885253906,16,5.867866199987475,
gfs,gfs_20260707_00z_f036,2026-07-07,0,36,2026-07-07T00:00:00Z,2026-07-08T12:00:00Z,2026-07-07T06:00:00Z,issued_at_utc + 6h conservative NOMADS buffer,,raw\gfs\20260707\gfs_20260707_00z_f036.grib2,10589572,6b60dc03fbc5069f6747558ae3f0eb077690d218d586851640e2e1ea625d70a0,hko:HKO,Hong Kong Observatory,22.301944,114.174167,22.25,114.25,2026-07-07T00:00:00Z,2026-07-08T12:00:00Z,5.0,34.79999923706055,-1.7954925298690796,5.337506294250488,28.028527832031273,24.674218750000023,29.052575683593773,27.788659667968773,81.80000305175781,1006.178515625,1024.0,27.779595947265648,0.4698486328125,2.0,8.339247703552246,382.75201416015625,16,5.83463329996448,
gfs,gfs_20260707_06z_f000,2026-07-07,6,0,2026-07-07T06:00:00Z,2026-07-07T06:00:00Z,2026-07-07T12:00:00Z,issued_at_utc + 6h conservative NOMADS buffer,,raw\gfs\20260707\gfs_20260707_06z_f000.grib2,7614034,ee4346edc6e1196cce2ee390d0b81518c9f42ca0bd1cc6fae4710ccd6231439c,,,,,,,,,,,,,,,,,,,,,,,,,0,0.000118900032248348,Skipped f000 analysis/initialization lead; fetched and cataloged but not decoded for forward T-24 features.
gfs,gfs_20260707_00z_f018,2026-07-07,0,18,2026-07-07T00:00:00Z,2026-07-07T18:00:00Z,2026-07-07T06:00:00Z,issued_at_utc + 6h conservative NOMADS buffer,,raw\gfs\20260707\gfs_20260707_00z_f018.grib2,11369574,5522cb0f90d0feb16397ed2493c9f2d46e9f421bf3c4bac5418584068f579cf3,hko:HKO,Hong Kong Observatory,22.301944,114.174167,22.25,114.25,2026-07-07T00:00:00Z,2026-07-07T18:00:00Z,28.799999237060547,91.80000305175781,-0.5857129096984863,5.550698280334473,27.485070800781273,25.251275634765648,27.706201171875023,27.164697265625023,87.5999984741211,1006.720859375,1548.0,26.961236572265648,0.05029296875,7.9375,8.415555953979492,0.0,16,5.947964199993294,
gfs,gfs_20260707_00z_f048,2026-07-07,0,48,2026-07-07T00:00:00Z,2026-07-09T00:00:00Z,2026-07-07T06:00:00Z,issued_at_utc + 6h conservative NOMADS buffer,,raw\gfs\20260707\gfs_20260707_00z_f048.grib2,10564046,772679cb35e75601bca5fa2aa294a38b5e1007945a9ac1513c8bb6117d538882,hko:HKO,Hong Kong Observatory,22.301944,114.174167,22.25,114.25,2026-07-07T00:00:00Z,2026-07-09T00:00:00Z,71.30000305175781,80.0999984741211,0.23076172173023224,3.4670166969299316,27.248651123046898,24.237542724609398,27.462121582031273,26.650476074218773,84.0,1006.14203125,726.0,27.749963378906273,-0.98779296875,8.0625,5.410373210906982,57.29600143432617,16,6.283886799996253,
gfs,gfs_20260707_00z_f009,2026-07-07,0,9,2026-07-07T00:00:00Z,2026-07-07T09:00:00Z,2026-07-07T06:00:00Z,issued_at_utc + 6h conservative NOMADS buffer,,raw\gfs\20260707\gfs_20260707_00z_f009.grib2,11039819,8bc2e6be43b244aaa49a66b1e9def99a32cdb0eb44f256659bebf4696045905c,hko:HKO,Hong Kong Observatory,22.301944,114.174167,22.25,114.25,2026-07-07T00:00:00Z,2026-07-07T09:00:00Z,95.5,95.19999694824219,-0.027089843526482582,5.822153091430664,28.064599609375023,25.149987792968773,28.481683349609398,27.917077636718773,84.19999694824219,1005.79453125,1614.0,29.050012207031273,-1.085693359375,5.4375,8.116625785827637,494.2200012207031,16,6.196869000035804,
gfs,gfs_20260707_00z_f027,2026-07-07,0,27,2026-07-07T00:00:00Z,2026-07-08T03:00:00Z,2026-07-07T06:00:00Z,issued_at_utc + 6h conservative NOMADS buffer,,raw\gfs\20260707\gfs_20260707_00z_f027.grib2,10360480,ca24f00e8c6c0028b164b8b4952403129d2f8b13798197f882edfb7e051743b7,hko:HKO,Hong Kong Observatory,22.301944,114.174167,22.25,114.25,2026-07-07T00:00:00Z,2026-07-08T03:00:00Z,94.4000015258789,100.0,-1.3290221691131592,5.052514553070068,28.393395996093773,24.851281738281273,28.478112792968773,27.492120361328148,81.19999694824219,1007.677265625,1297.0,29.551690673828148,-0.169921875,1.9375,7.7042012214660645,581.4559936523438,16,5.910853900015354,
gfs,gfs_20260707_00z_f033,2026-07-07,0,33,2026-07-07T00:00:00Z,2026-07-08T09:00:00Z,2026-07-07T06:00:00Z,issued_at_utc + 6h conservative NOMADS buffer,,raw\gfs\20260707\gfs_20260707_00z_f033.grib2,10373977,6fb75168c098a304cecb7b1bb052359b31f7d5f81a981e40868438f30c698da9,hko:HKO,Hong Kong Observatory,22.301944,114.174167,22.25,114.25,2026-07-07T00:00:00Z,2026-07-08T09:00:00Z,5.0,52.29999923706055,-1.9845154285430908,5.624621391296387,28.588647460937523,24.469323730468773,28.988641357421898,28.388635253906273,78.4000015258789,1005.64328125,988.0,29.550012207031273,0.4371337890625,1.125,8.815591812133789,643.4199829101562,16,6.008100599981844,
gfs,gfs_20260707_00z_f042,2026-07-07,0,42,2026-07-07T00:00:00Z,2026-07-08T18:00:00Z,2026-07-07T06:00:00Z,issued_at_utc + 6h conservative NOMADS buffer,,raw\gfs\20260707\gfs_20260707_00z_f042.grib2,10568365,15a7b5d20b6b16751e10e51b0982aa1fbd1213e77cbc749f135e94962d542774,hko:HKO,Hong Kong Observatory,22.301944,114.174167,22.25,114.25,2026-07-07T00:00:00Z,2026-07-08T18:00:00Z,80.4000015258789,39.900001525878906,0.5957397222518921,4.669076442718506,26.936486816406273,24.652581787109398,28.062677001953148,26.898431396484398,87.80000305175781,1005.570078125,958.0,26.850000000000023,-1.3001708984375,7.8125,6.901784896850586,0.0,16,6.226979200029746,
gfs,gfs_20260707_06z_f009,2026-07-07,6,9,2026-07-07T06:00:00Z,2026-07-07T15:00:00Z,2026-07-07T12:00:00Z,issued_at_utc + 6h conservative NOMADS buffer,,raw\gfs\20260707\gfs_20260707_06z_f009.grib2,11034778,32791d6c278dc23f04cfe898bf52b761430951ca0477b84836e4f6611522f970,hko:HKO,Hong Kong Observatory,22.301944,114.174167,22.25,114.25,2026-07-07T06:00:00Z,2026-07-07T15:00:00Z,29.0,87.5999984741211,-0.7588037252426147,5.084614276885986,27.267968750000023,25.264703369140648,27.578088378906273,27.198266601562523,88.80000305175781,1007.6703125,1426.0,26.983666992187523,-1.4146728515625,3.5625,8.147710800170898,0.0,16,6.021245100011583,
gfs,gfs_20260707_00z_f045,2026-07-07,0,45,2026-07-07T00:00:00Z,2026-07-08T21:00:00Z,2026-07-07T06:00:00Z,issued_at_utc + 6h conservative NOMADS buffer,,raw\gfs\20260707\gfs_20260707_00z_f045.grib2,10361387,91b1087cc45fe092dd2635a252a463434bcd70804a5556713bc4e05e91b2e4cb,hko:HKO,Hong Kong Observatory,22.301944,114.174167,22.25,114.25,2026-07-07T00:00:00Z,2026-07-08T21:00:00Z,43.20000076293945,79.30000305175781,0.05311279371380806,4.3857421875,26.795220947265648,24.350000000000023,27.092248535156273,26.695214843750023,86.4000015258789,1004.83265625,806.0,26.717218017578148,-1.418212890625,3.625,6.5279221534729,0.0,16,6.113172400044277,
gfs,gfs_20260707_06z_f003,2026-07-07,6,3,2026-07-07T06:00:00Z,2026-07-07T09:00:00Z,2026-07-07T12:00:00Z,issued_at_utc + 6h conservative NOMADS buffer,,raw\gfs\20260707\gfs_20260707_06z_f003.grib2,10943858,6440bce4fff71e7104ee17b2f09830f16d49151ea80c87031bdf0815d73b1338,hko:HKO,Hong Kong Observatory,22.301944,114.174167,22.25,114.25,2026-07-07T06:00:00Z,2026-07-07T09:00:00Z,100.0,99.9000015258789,-0.8421533107757568,5.174551010131836,27.995141601562523,24.931726074218773,28.450006103515648,27.795098876953148,83.9000015258789,1006.093125,1409.0,28.533013916015648,-2.14111328125,4.0625,7.642806529998779,481.82000732421875,16,6.146574400016107,
gfs,gfs_20260707_06z_f006,2026-07-07,6,6,2026-07-07T06:00:00Z,2026-07-07T12:00:00Z,2026-07-07T12:00:00Z,issued_at_utc + 6h conservative NOMADS buffer,,raw\gfs\20260707\gfs_20260707_06z_f006.grib2,11235513,4159feaed257fbccab44972dcabb682026d704dde5496e3f82e2df31c2d9684d,hko:HKO,Hong Kong Observatory,22.301944,114.174167,22.25,114.25,2026-07-07T06:00:00Z,2026-07-07T12:00:00Z,99.5999984741211,99.9000015258789,0.3114013671875,4.639086723327637,27.266442871093773,24.850000000000023,28.491510009765648,27.095086669921898,86.69999694824219,1007.12171875,1133.0,27.051843261718773,-8.6865234375,10.5,7.330961227416992,266.1759948730469,16,6.54205579997506,
gfs,gfs_20260707_06z_f012,2026-07-07,6,12,2026-07-07T06:00:00Z,2026-07-07T18:00:00Z,2026-07-07T12:00:00Z,issued_at_utc + 6h conservative NOMADS buffer,,raw\gfs\20260707\gfs_20260707_06z_f012.grib2,11321693,b9687cce4b85bd23ace5146c5f161ba255ebe8f71135fb7f92fb629a10b9dadf,hko:HKO,Hong Kong Observatory,22.301944,114.174167,22.25,114.25,2026-07-07T06:00:00Z,2026-07-07T18:00:00Z,7.599999904632568,72.30000305175781,-0.7680419683456421,5.067539215087891,27.149987792968773,25.097375488281273,27.578118896484398,26.998254394531273,88.30000305175781,1006.779765625,1299.0,26.850000000000023,-0.9407958984375,7.6875,8.151862144470215,0.0,16,6.755825300002471,
gfs,gfs_20260707_06z_f015,2026-07-07,6,15,2026-07-07T06:00:00Z,2026-07-07T21:00:00Z,2026-07-07T12:00:00Z,issued_at_utc + 6h conservative NOMADS buffer,,raw\gfs\20260707\gfs_20260707_06z_f015.grib2,11116442,138850d1e70da87a3ed4a893bdb50ab56bbcd4c9e4fa7c9535a5b9696d41c9d4,hko:HKO,Hong Kong Observatory,22.301944,114.174167,22.25,114.25,2026-07-07T06:00:00Z,2026-07-07T21:00:00Z,48.099998474121094,31.200000762939453,-0.7678173780441284,5.343022346496582,27.151300048828148,24.950006103515648,27.351281738281273,26.819665527343773,87.80000305175781,1006.857734375,1309.0,26.649987792968773,-1.177490234375,3.75,8.919995307922363,0.0,16,5.987528799974825,
gfs,gfs_20260707_06z_f018,2026-07-07,6,18,2026-07-07T06:00:00Z,2026-07-08T00:00:00Z,2026-07-07T12:00:00Z,issued_at_utc + 6h conservative NOMADS buffer,,raw\gfs\20260707\gfs_20260707_06z_f018.grib2,11292386,fa1ccd26202239a82703a74ae68ad6985aaea8e6c2f522f42e9cd69c0c770b3a,hko:HKO,Hong Kong Observatory,22.301944,114.174167,22.25,114.25,2026-07-07T06:00:00Z,2026-07-08T00:00:00Z,14.0,48.5,-1.013369083404541,5.668017387390137,27.476617431640648,24.776605224609398,27.750024414062523,26.817468261718773,85.5999984741211,1007.59421875,1124.0,27.628503417968773,-1.341064453125,6.9375,8.404070854187012,61.45600128173828,16,6.711631499987561,
gfs,gfs_20260707_06z_f024,2026-07-07,6,24,2026-07-07T06:00:00Z,2026-07-08T06:00:00Z,2026-07-07T12:00:00Z,issued_at_utc + 6h conservative NOMADS buffer,,raw\gfs\20260707\gfs_20260707_06z_f024.grib2,10540966,1617ccb8c5f4667c76c650d3e92d1200da5c255207109e7f27662edb38caf505,hko:HKO,Hong Kong Observatory,22.301944,114.174167,22.25,114.25,2026-07-07T06:00:00Z,2026-07-08T06:00:00Z,6.099999904632568,47.599998474121094,-1.2746460437774658,4.753241062164307,28.901544189453148,24.550012207031273,28.893060302734398,27.448052978515648,77.5,1006.913203125,1119.0,31.050012207031273,-1.628662109375,3.8125,7.903199195861816,811.8720092773438,16,6.604614099953324,
gfs,gfs_20260707_06z_f033,2026-07-07,6,33,2026-07-07T06:00:00Z,2026-07-08T15:00:00Z,2026-07-07T12:00:00Z,issued_at_utc + 6h conservative NOMADS buffer,,raw\gfs\20260707\gfs_20260707_06z_f033.grib2,10362456,87d52371fdb55472758a6fc7f3e0bb8f57048e26e07b780f2ba2922a60ce9257,hko:HKO,Hong Kong Observatory,22.301944,114.174167,22.25,114.25,2026-07-07T06:00:00Z,2026-07-08T15:00:00Z,5.0,14.699999809265137,-1.445898413658142,3.609832763671875,27.356988525390648,25.062097167968773,27.998437500000023,27.198449707031273,87.4000015258789,1007.12171875,1116.0,27.185113525390648,-0.5789794921875,2.625,6.902442932128906,0.0,16,7.041250399954151,
gfs,gfs_20260707_06z_f021,2026-07-07,6,21,2026-07-07T06:00:00Z,2026-07-08T03:00:00Z,2026-07-07T12:00:00Z,issued_at_utc + 6h conservative NOMADS buffer,,raw\gfs\20260707\gfs_20260707_06z_f021.grib2,10324539,dffafed4dda8a2529b8078323b1e6d70ce7aa4587b053853c21ca832d4ae2919,hko:HKO,Hong Kong Observatory,22.301944,114.174167,22.25,114.25,2026-07-07T06:00:00Z,2026-07-08T03:00:00Z,48.099998474121094,61.70000076293945,-1.0687713623046875,5.171408176422119,28.249353027343773,24.706201171875023,28.457482910156273,27.448052978515648,81.0999984741211,1007.9384375,1135.0,29.833276367187523,-1.067626953125,2.6875,7.509960651397705,671.1680297851562,16,6.722252800012939,
gfs,gfs_20260707_06z_f027,2026-07-07,6,27,2026-07-07T06:00:00Z,2026-07-08T09:00:00Z,2026-07-07T12:00:00Z,issued_at_utc + 6h conservative NOMADS buffer,,raw\gfs\20260707\gfs_20260707_06z_f027.grib2,10336356,a5deac9e934a403e62a1c0be12f98d29aa87f2e6c8f242033c36f77b3aefaced,hko:HKO,Hong Kong Observatory,22.301944,114.174167,22.25,114.25,2026-07-07T06:00:00Z,2026-07-08T09:00:00Z,18.799999237060547,17.299999237060547,-1.6616027355194092,4.818072319030762,28.550012207031273,24.649987792968773,29.064172363281273,28.490869140625023,79.0,1005.5890625,1063.0,29.850000000000023,-0.2542724609375,1.3125,7.701519966125488,678.719970703125,16,5.494281299994327,
gfs,gfs_20260707_06z_f030,2026-07-07,6,30,2026-07-07T06:00:00Z,2026-07-08T12:00:00Z,2026-07-07T12:00:00Z,issued_at_utc + 6h conservative NOMADS buffer,,raw\gfs\20260707\gfs_20260707_06z_f030.grib2,10565070,209e386080bed4b63f618503a12b6c4aca1a66f5bde417d3d1d6273815d10b83,hko:HKO,Hong Kong Observatory,22.301944,114.174167,22.25,114.25,2026-07-07T06:00:00Z,2026-07-08T12:00:00Z,5.0,15.699999809265137,-1.469567894935608,4.133685111999512,28.010552978515648,25.174218750000023,29.149987792968773,27.790856933593773,84.5,1006.05140625,1338.0,27.573693847656273,0.218505859375,2.75,6.84389066696167,399.7760009765625,16,5.323600100004114,
gfs,gfs_20260707_12z_f012,2026-07-07,12,12,2026-07-07T12:00:00Z,2026-07-08T00:00:00Z,2026-07-07T18:00:00Z,issued_at_utc + 6h conservative NOMADS buffer,,raw\gfs\20260707\gfs_20260707_12z_f012.grib2,10485120,bcba2235b901e57a6a7de5dd3f9e8444023c05ef486117426ea519eeae7c6f30,hko:HKO,Hong Kong Observatory,22.301944,114.174167,22.25,114.25,2026-07-07T12:00:00Z,2026-07-08T00:00:00Z,84.80000305175781,79.0,-0.6340271234512329,5.719647407531738,27.187097167968773,24.940484619140648,27.550012207031273,26.868737792968773,87.5,1007.396875,1184.0,26.750024414062523,-1.330322265625,7.625,8.715546607971191,36.720001220703125,16,5.25425689999247,
gfs,gfs_20260707_12z_f000,2026-07-07,12,0,2026-07-07T12:00:00Z,2026-07-07T12:00:00Z,2026-07-07T18:00:00Z,issued_at_utc + 6h conservative NOMADS buffer,,raw\gfs\20260707\gfs_20260707_12z_f000.grib2,7648459,c6e09c168f1fe13579c6d7e10b5f36ec5baad84a18782c6f049f8f5b41269fcc,,,,,,,,,,,,,,,,,,,,,,,,,0,0.0001674999948590994,Skipped f000 analysis/initialization lead; fetched and cataloged but not decoded for forward T-24 features.
gfs,gfs_20260707_06z_f039,2026-07-07,6,39,2026-07-07T06:00:00Z,2026-07-08T21:00:00Z,2026-07-07T12:00:00Z,issued_at_utc + 6h conservative NOMADS buffer,,raw\gfs\20260707\gfs_20260707_06z_f039.grib2,10368886,89510c9e77e95e10715b96a40200c55289d35ac90b8f2ad8c8155dd8b1cf4bec,hko:HKO,Hong Kong Observatory,22.301944,114.174167,22.25,114.25,2026-07-07T06:00:00Z,2026-07-08T21:00:00Z,5.599999904632568,36.0,-0.41132813692092896,2.4966673851013184,26.827600097656273,24.542504882812523,27.180139160156273,26.627587890625023,87.80000305175781,1005.07125,960.0,26.817224121093773,-1.91748046875,3.75,3.3139610290527344,0.0,16,5.570669399981853,
gfs,gfs_20260707_06z_f036,2026-07-07,6,36,2026-07-07T06:00:00Z,2026-07-08T18:00:00Z,2026-07-07T12:00:00Z,issued_at_utc + 6h conservative NOMADS buffer,,raw\gfs\20260707\gfs_20260707_06z_f036.grib2,10571779,9f3da42f640ea9be25e443f9e1f00dd4ab56d232181809a6440c1cbee10030b7,hko:HKO,Hong Kong Observatory,22.301944,114.174167,22.25,114.25,2026-07-07T06:00:00Z,2026-07-08T18:00:00Z,71.0,18.299999237060547,0.537548840045929,3.249615430831909,27.099237060546898,24.853631591796898,27.998437500000023,26.998437500000023,87.69999694824219,1005.66265625,1148.0,26.950006103515648,-1.1622314453125,5.5,5.322330474853516,0.0,16,5.021508499979973,
gfs,gfs_20260707_06z_f042,2026-07-07,6,42,2026-07-07T06:00:00Z,2026-07-09T00:00:00Z,2026-07-07T12:00:00Z,issued_at_utc + 6h conservative NOMADS buffer,,raw\gfs\20260707\gfs_20260707_06z_f042.grib2,10553450,302d77ddf11cd86b05104ac7c7738b059f70026d1503ac57fd44a56dc79c1e4f,hko:HKO,Hong Kong Observatory,22.301944,114.174167,22.25,114.25,2026-07-07T06:00:00Z,2026-07-09T00:00:00Z,80.30000305175781,52.20000076293945,-0.46119993925094604,4.107840061187744,27.348474121093773,24.345025634765648,27.588891601562523,26.542535400390648,83.5999984741211,1006.056953125,776.0,27.716882324218773,-0.366943359375,7.875,5.605661869049072,59.327999114990234,16,5.036255199986044,
gfs,gfs_20260707_12z_f003,2026-07-07,12,3,2026-07-07T12:00:00Z,2026-07-07T15:00:00Z,2026-07-07T18:00:00Z,issued_at_utc + 6h conservative NOMADS buffer,,raw\gfs\20260707\gfs_20260707_12z_f003.grib2,10965112,4741524b901a0e8e5855c45185d476c2f81f21622401c501e4c5172836810151,hko:HKO,Hong Kong Observatory,22.301944,114.174167,22.25,114.25,2026-07-07T12:00:00Z,2026-07-07T15:00:00Z,76.80000305175781,100.0,-1.0652295351028442,5.038198471069336,27.155358886718773,25.365716552734398,27.391961669921898,27.046228027343773,90.0,1007.39015625,1360.0,26.938653564453148,-1.8385009765625,3.875,8.21716594696045,0.0,16,4.640346799977124,
gfs,gfs_20260707_12z_f009,2026-07-07,12,9,2026-07-07T12:00:00Z,2026-07-07T21:00:00Z,2026-07-07T18:00:00Z,issued_at_utc + 6h conservative NOMADS buffer,,raw\gfs\20260707\gfs_20260707_12z_f009.grib2,11067945,66722d5f51b07401807ad8c9ff492bd4a676db43f9bc2dde510ea8775d6cef29,hko:HKO,Hong Kong Observatory,22.301944,114.174167,22.25,114.25,2026-07-07T12:00:00Z,2026-07-07T21:00:00Z,84.5,65.30000305175781,-0.29628416895866394,6.250380992889404,27.057305908203148,24.972161865234398,27.271081542968773,26.924401855468773,88.5,1006.675625,1321.0,26.624505615234398,-1.2857666015625,4.125,9.607322692871094,0.0,16,4.79372139996849,
gfs,gfs_20260707_06z_f045,2026-07-07,6,45,2026-07-07T06:00:00Z,2026-07-09T03:00:00Z,2026-07-07T12:00:00Z,issued_at_utc + 6h conservative NOMADS buffer,,raw\gfs\20260707\gfs_20260707_06z_f045.grib2,10376776,093d712c446d8c9a9b4e41990b62a8b305ef7357ad22957381152632a0c0a958,hko:HKO,Hong Kong Observatory,22.301944,114.174167,22.25,114.25,2026-07-07T06:00:00Z,2026-07-09T03:00:00Z,40.20000076293945,72.9000015258789,0.142486572265625,4.297162055969238,27.627587890625023,24.642541503906273,27.781365966796898,27.248742675781273,83.80000305175781,1006.6509375,959.0,29.449975585937523,-0.859375,4.4375,6.307470798492432,657.4879760742188,16,4.090802100021392,
gfs,gfs_20260707_06z_f048,2026-07-07,6,48,2026-07-07T06:00:00Z,2026-07-09T06:00:00Z,2026-07-07T12:00:00Z,issued_at_utc + 6h conservative NOMADS buffer,,raw\gfs\20260707\gfs_20260707_06z_f048.grib2,10585383,73e13b09fe476dae0a7fff8ac2c47ee9479879482a3dba3f0b5a59efeef02e73,hko:HKO,Hong Kong Observatory,22.301944,114.174167,22.25,114.25,2026-07-07T06:00:00Z,2026-07-09T06:00:00Z,15.800000190734863,66.5999984741211,-0.18156127631664276,3.8953309059143066,28.917810058593773,24.076104736328148,28.891717529296898,27.212579345703148,75.4000015258789,1004.72890625,739.0,31.149987792968773,0.162353515625,5.6875,4.808851718902588,798.7839965820312,16,3.5863962000003085,
gfs,gfs_20260707_12z_f021,2026-07-07,12,21,2026-07-07T12:00:00Z,2026-07-08T09:00:00Z,2026-07-07T18:00:00Z,issued_at_utc + 6h conservative NOMADS buffer,,raw\gfs\20260707\gfs_20260707_12z_f021.grib2,10314862,5de062d566d938627ed23373c5682140cda8c667fc9ca72c3fefba7e4fa3d02a,hko:HKO,Hong Kong Observatory,22.301944,114.174167,22.25,114.25,2026-07-07T12:00:00Z,2026-07-08T09:00:00Z,68.4000015258789,97.5999984741211,-1.4370300769805908,5.451455593109131,28.488610839843773,25.169305419921898,28.869317626953148,28.183465576171898,82.0999984741211,1005.250546875,1466.0,29.449975585937523,0.178466796875,2.0,8.702271461486816,609.52001953125,16,3.4225911000394262,
gfs,gfs_20260707_12z_f006,2026-07-07,12,6,2026-07-07T12:00:00Z,2026-07-07T18:00:00Z,2026-07-07T18:00:00Z,issued_at_utc + 6h conservative NOMADS buffer,,raw\gfs\20260707\gfs_20260707_12z_f006.grib2,11271091,08ff67a2752777786023c9e1e1dfc48e1ce00da176902a794acd4bf2c3a2052e,hko:HKO,Hong Kong Observatory,22.301944,114.174167,22.25,114.25,2026-07-07T12:00:00Z,2026-07-07T18:00:00Z,76.80000305175781,91.9000015258789,-0.875244140625,5.293496131896973,27.134454345703148,25.243676757812523,27.438195800781273,26.846215820312523,89.80000305175781,1006.598359375,1478.0,26.835290527343773,-0.577392578125,8.1875,8.605016708374023,0.0,16,3.4081761999987066,
gfs,gfs_20260707_12z_f024,2026-07-07,12,24,2026-07-07T12:00:00Z,2026-07-08T12:00:00Z,2026-07-07T18:00:00Z,issued_at_utc + 6h conservative NOMADS buffer,,raw\gfs\20260707\gfs_20260707_12z_f024.grib2,10540626,39a8a4268f3d516d68b85ecd7d89c496951656b3d9d30f6d465249e6f88e6f87,hko:HKO,Hong Kong Observatory,22.301944,114.174167,22.25,114.25,2026-07-07T12:00:00Z,2026-07-08T12:00:00Z,4.300000190734863,83.69999694824219,-1.929144263267517,4.162884712219238,27.656976318359398,25.352593994140648,28.929528808593773,27.369317626953148,87.30000305175781,1005.947734375,1449.0,27.409204101562523,-0.01513671875,4.125,7.00531005859375,358.9599914550781,16,3.6398068999988027,
gfs,gfs_20260707_18z_f000,2026-07-07,18,0,2026-07-07T18:00:00Z,2026-07-07T18:00:00Z,2026-07-08T00:00:00Z,issued_at_utc + 6h conservative NOMADS buffer,,raw\gfs\20260707\gfs_20260707_18z_f000.grib2,7688949,673502f7d4916d081a2cd59819579ac2d252dd4893a5ddc16cfc7fdc245d35c7,,,,,,,,,,,,,,,,,,,,,,,,,0,0.00011010002344846725,Skipped f000 analysis/initialization lead; fetched and cataloged but not decoded for forward T-24 features.
gfs,gfs_20260707_12z_f027,2026-07-07,12,27,2026-07-07T12:00:00Z,2026-07-08T15:00:00Z,2026-07-07T18:00:00Z,issued_at_utc + 6h conservative NOMADS buffer,,raw\gfs\20260707\gfs_20260707_12z_f027.grib2,10336864,5d57b994d86f4ffb40b697cf081a3eb0da89cbd21c1138a3b8e13eafa1b0750f,hko:HKO,Hong Kong Observatory,22.301944,114.174167,22.25,114.25,2026-07-07T12:00:00Z,2026-07-08T15:00:00Z,5.099999904632568,10.5,-2.718823194503784,4.3997802734375,27.546868896484398,25.057489013671898,27.734765625000023,27.294091796875023,86.5,1006.81171875,1142.0,27.003289794921898,-0.1875,3.8125,7.11016845703125,0.0,16,4.208897799951956,
gfs,gfs_20260707_12z_f018,2026-07-07,12,18,2026-07-07T12:00:00Z,2026-07-08T06:00:00Z,2026-07-07T18:00:00Z,issued_at_utc + 6h conservative NOMADS buffer,,raw\gfs\20260707\gfs_20260707_12z_f018.grib2,11303284,9211a9ac9cd762afef0b820c3fa495d2c7d146cac49df313b5243849a00560af,hko:HKO,Hong Kong Observatory,22.301944,114.174167,22.25,114.25,2026-07-07T12:00:00Z,2026-07-08T06:00:00Z,82.5999984741211,89.5999984741211,-1.4013574123382568,5.353901386260986,28.469323730468773,25.149987792968773,28.789422607421898,27.169305419921898,82.30000305175781,1006.54,1476.0,30.652825927734398,-1.0684814453125,3.75,8.708918571472168,776.1119995117188,16,4.574748499959242,
gfs,gfs_20260707_12z_f030,2026-07-07,12,30,2026-07-07T12:00:00Z,2026-07-08T18:00:00Z,2026-07-07T18:00:00Z,issued_at_utc + 6h conservative NOMADS buffer,,raw\gfs\20260707\gfs_20260707_12z_f030.grib2,10570655,4102bd40331eb07a93a755b7526d8a289dbe9882b9b51f6743bfca8ce628cb84,hko:HKO,Hong Kong Observatory,22.301944,114.174167,22.25,114.25,2026-07-07T12:00:00Z,2026-07-08T18:00:00Z,23.299999237060547,10.399999618530273,-0.24335327744483948,4.772042751312256,26.928552246093773,24.774194335937523,27.734765625000023,26.892785644531273,88.19999694824219,1005.423046875,1018.0,26.850000000000023,-2.0887451171875,9.625,7.02084493637085,0.0,16,4.549496599996928,
gfs,gfs_20260707_12z_f015,2026-07-07,12,15,2026-07-07T12:00:00Z,2026-07-08T03:00:00Z,2026-07-07T18:00:00Z,issued_at_utc + 6h conservative NOMADS buffer,,raw\gfs\20260707\gfs_20260707_12z_f015.grib2,11092725,78c981643f088926a7e544361fbef6720d699f01cd0394d4c38704ce01c4bf9a,hko:HKO,Hong Kong Observatory,22.301944,114.174167,22.25,114.25,2026-07-07T12:00:00Z,2026-07-08T03:00:00Z,65.5,83.80000305175781,-1.4552929401397705,5.531753063201904,28.225915527343773,25.149987792968773,28.458947753906273,27.136193847656273,83.0,1007.60546875,1448.0,29.869836425781273,-0.6619873046875,2.0625,8.617574691772461,635.968017578125,16,4.866292599996086,
gfs,gfs_20260707_12z_f033,2026-07-07,12,33,2026-07-07T12:00:00Z,2026-07-08T21:00:00Z,2026-07-07T18:00:00Z,issued_at_utc + 6h conservative NOMADS buffer,,raw\gfs\20260707\gfs_20260707_12z_f033.grib2,10348692,bf74ac7586d0af4178cf05788406bcf2b6d0f5dacb354e11cbec0771a9b10a94,hko:HKO,Hong Kong Observatory,22.301944,114.174167,22.25,114.25,2026-07-07T12:00:00Z,2026-07-08T21:00:00Z,71.4000015258789,53.5,0.65936279296875,3.329693555831909,26.649987792968773,24.450006103515648,27.004327392578148,26.586419677734398,88.0,1005.269140625,756.0,26.702294921875023,-4.2720947265625,5.875,4.803572654724121,0.0,16,4.889050700003281,
gfs,gfs_20260707_12z_f039,2026-07-07,12,39,2026-07-07T12:00:00Z,2026-07-09T03:00:00Z,2026-07-07T18:00:00Z,issued_at_utc + 6h conservative NOMADS buffer,,raw\gfs\20260707\gfs_20260707_12z_f039.grib2,10377020,a138dcfa9bdcd351171c00ecf39382a023090ad42a54f43f154d5f8b99aa9246,hko:HKO,Hong Kong Observatory,22.301944,114.174167,22.25,114.25,2026-07-07T12:00:00Z,2026-07-09T03:00:00Z,25.399999618530273,81.5999984741211,-1.39398193359375,3.386669874191284,28.138879394531273,24.438897705078148,28.079827880859398,27.129144287109398,80.80000305175781,1006.76890625,892.0,29.737756347656273,-0.7431640625,3.0,5.018782138824463,657.1199951171875,16,4.8895980000379495,
gfs,gfs_20260707_12z_f045,2026-07-07,12,45,2026-07-07T12:00:00Z,2026-07-09T09:00:00Z,2026-07-07T18:00:00Z,issued_at_utc + 6h conservative NOMADS buffer,,raw\gfs\20260707\gfs_20260707_12z_f045.grib2,10398379,81d1dd277bcff39c8b1476627efa25d66b6e77bfced97462fb65ad78725430b6,hko:HKO,Hong Kong Observatory,22.301944,114.174167,22.25,114.25,2026-07-07T12:00:00Z,2026-07-09T09:00:00Z,5.0,16.700000762939453,-0.4639343321323395,3.161846876144409,28.770837402343773,23.749993896484398,29.063928222656273,28.496636962890648,73.9000015258789,1003.42765625,460.0,30.049981689453148,-32.3251953125,0.0,3.513942241668701,680.1400146484375,16,4.931175799982157,
gfs,gfs_20260707_12z_f042,2026-07-07,12,42,2026-07-07T12:00:00Z,2026-07-09T06:00:00Z,2026-07-07T18:00:00Z,issued_at_utc + 6h conservative NOMADS buffer,,raw\gfs\20260707\gfs_20260707_12z_f042.grib2,10576435,62d9972177ba17439ba251b9aee86157253b28cdf00237eeabf26772393d582f,hko:HKO,Hong Kong Observatory,22.301944,114.174167,22.25,114.25,2026-07-07T12:00:00Z,2026-07-09T06:00:00Z,10.100000381469727,51.400001525878906,-0.15735474228858948,3.8971710205078125,28.749993896484398,24.249993896484398,28.729119873046898,27.170861816406273,76.69999694824219,1004.72453125,802.0,31.112573242187523,-0.107666015625,3.0625,4.404962062835693,802.7999877929688,16,4.9411527999909595,
gfs,gfs_20260707_18z_f003,2026-07-07,18,3,2026-07-07T18:00:00Z,2026-07-07T21:00:00Z,2026-07-08T00:00:00Z,issued_at_utc + 6h conservative NOMADS buffer,,raw\gfs\20260707\gfs_20260707_18z_f003.grib2,10988833,888a143e78e3e104b2dee5f049de02189994a12b48d6c3e068e4d894622ef33b,hko:HKO,Hong Kong Observatory,22.301944,114.174167,22.25,114.25,2026-07-07T18:00:00Z,2026-07-07T21:00:00Z,32.79999923706055,60.0,0.11085449159145355,5.598759651184082,27.285882568359398,24.893060302734398,27.439294433593773,26.885888671875023,87.0999984741211,1006.800234375,1256.0,26.649987792968773,-1.993408203125,4.1875,9.126978874206543,0.0,16,4.746669499960262,
gfs,gfs_20260707_18z_f009,2026-07-07,18,9,2026-07-07T18:00:00Z,2026-07-08T03:00:00Z,2026-07-08T00:00:00Z,issued_at_utc + 6h conservative NOMADS buffer,,raw\gfs\20260707\gfs_20260707_18z_f009.grib2,11045601,4041c3207ba5c1d00530e8bd1583563ed6b5182cedd311fe423905ac5499912e,hko:HKO,Hong Kong Observatory,22.301944,114.174167,22.25,114.25,2026-07-07T18:00:00Z,2026-07-08T03:00:00Z,87.5999984741211,99.19999694824219,-1.4053223133087158,5.374477386474609,28.179193115234398,25.149987792968773,28.434320068359398,27.350000000000023,83.69999694824219,1007.473984375,1551.0,29.650292968750023,-0.9298095703125,2.6875,8.213879585266113,637.8400268554688,16,4.539925300050527,
gfs,gfs_20260707_18z_f006,2026-07-07,18,6,2026-07-07T18:00:00Z,2026-07-08T00:00:00Z,2026-07-08T00:00:00Z,issued_at_utc + 6h conservative NOMADS buffer,,raw\gfs\20260707\gfs_20260707_18z_f006.grib2,11222573,7d25c1da3193c61571a909fb5b461a4e65532df8fd6987c984600039ab3df5c5,hko:HKO,Hong Kong Observatory,22.301944,114.174167,22.25,114.25,2026-07-07T18:00:00Z,2026-07-08T00:00:00Z,76.80000305175781,57.599998474121094,-0.3269384801387787,5.588237285614014,27.374688720703148,24.918542480468773,27.749993896484398,26.885888671875023,86.0,1007.51,1087.0,27.498986816406273,-2.749267578125,8.5,8.399999618530273,59.152000427246094,16,4.5797841000021435,
gfs,gfs_20260707_18z_f012,2026-07-07,18,12,2026-07-07T18:00:00Z,2026-07-08T06:00:00Z,2026-07-08T00:00:00Z,issued_at_utc + 6h conservative NOMADS buffer,,raw\gfs\20260707\gfs_20260707_18z_f012.grib2,10476397,39d54a2f2d08a7baa6212bf8fd5dc063ea345df56f5334eebc2e4f2a63b4ef84,hko:HKO,Hong Kong Observatory,22.301944,114.174167,22.25,114.25,2026-07-07T18:00:00Z,2026-07-08T06:00:00Z,92.0999984741211,94.30000305175781,-1.3235046863555908,5.201001167297363,28.662561035156273,25.227288818359398,28.833581542968773,27.350000000000023,81.9000015258789,1006.47203125,1532.0,30.850000000000023,-2.29443359375,4.375,8.21473503112793,773.2639770507812,16,4.849747699976433,
gfs,gfs_20260707_18z_f024,2026-07-07,18,24,2026-07-07T18:00:00Z,2026-07-08T18:00:00Z,2026-07-08T00:00:00Z,issued_at_utc + 6h conservative NOMADS buffer,,raw\gfs\20260707\gfs_20260707_18z_f024.grib2,10556744,cf7ede1ef458691722f73dded97cf414a5fb28938cf3c559997ce92e78d979c5,hko:HKO,Hong Kong Observatory,22.301944,114.174167,22.25,114.25,2026-07-07T18:00:00Z,2026-07-08T18:00:00Z,38.79999923706055,15.300000190734863,0.703643798828125,4.294268608093262,27.172448730468773,24.955926513671898,27.898431396484398,26.997186279296898,87.80000305175781,1005.15375,1065.0,26.850000000000023,-1.6370849609375,9.625,6.4125776290893555,0.0,16,5.011453200015239,
gfs,gfs_20260707_18z_f027,2026-07-07,18,27,2026-07-07T18:00:00Z,2026-07-08T21:00:00Z,2026-07-08T00:00:00Z,issued_at_utc + 6h conservative NOMADS buffer,,raw\gfs\20260707\gfs_20260707_18z_f027.grib2,10344608,fbdc828fa5b3d658245ce1cfdf7a30072267a3801423e5a464e64dfe6d5439f2,hko:HKO,Hong Kong Observatory,22.301944,114.174167,22.25,114.25,2026-07-07T18:00:00Z,2026-07-08T21:00:00Z,86.69999694824219,67.5,-0.3877807557582855,2.5623841285705566,26.820123291015648,24.542504882812523,27.272424316406273,26.748986816406273,87.19999694824219,1004.782578125,925.0,26.721185302734398,-2.7838134765625,3.0,3.3072938919067383,0.0,16,4.974378999962937,
gfs,gfs_20260707_18z_f021,2026-07-07,18,21,2026-07-07T18:00:00Z,2026-07-08T15:00:00Z,2026-07-08T00:00:00Z,issued_at_utc + 6h conservative NOMADS buffer,,raw\gfs\20260707\gfs_20260707_18z_f021.grib2,10325997,72710df720fbbb493498d32583522cd32e0d7379434b6eacc3b6d47a924fc1b5,hko:HKO,Hong Kong Observatory,22.301944,114.174167,22.25,114.25,2026-07-07T18:00:00Z,2026-07-08T15:00:00Z,7.900000095367432,5.5,-1.975494384765625,4.286089897155762,27.261407470703148,25.155175781250023,27.898431396484398,27.297204589843773,88.0,1006.559375,1107.0,27.175042724609398,-2.7109375,3.5,7.212326526641846,0.0,16,4.939310799993109,
gfs,gfs_20260707_12z_f048,2026-07-07,12,48,2026-07-07T12:00:00Z,2026-07-09T12:00:00Z,2026-07-07T18:00:00Z,issued_at_utc + 6h conservative NOMADS buffer,,raw\gfs\20260707\gfs_20260707_12z_f048.grib2,10622899,55572e2703268486991b3a6cc78e5b7e68050aaae6ba3aea301b4395a1f46ca1,hko:HKO,Hong Kong Observatory,22.301944,114.174167,22.25,114.25,2026-07-07T12:00:00Z,2026-07-09T12:00:00Z,100.0,18.0,-0.567089855670929,2.017251491546631,27.997674560546898,24.597680664062523,29.038354492187523,27.896630859375023,81.69999694824219,1004.330390625,835.0,28.075158691406273,-5.797607421875,0.0,2.623784303665161,401.5679931640625,16,4.690170899964869,
gefs_control,gefs_control_20260707_00z_f000,2026-07-07,0,0,2026-07-07T00:00:00Z,2026-07-07T00:00:00Z,2026-07-07T06:00:00Z,issued_at_utc + 6h conservative NOMADS buffer,,raw\gefs_control\20260707\gefs_control_20260707_00z_f000.grib2,5995082,77104b39b50f2d03f289f9df2b1c85bcccad3413d24eed87d9afff287de0d0c4,,,,,,,,,,,,,,,,,,,,,,,,,0,0.00010549998842179775,Skipped f000 analysis/initialization lead; fetched and cataloged but not decoded for forward T-24 features.
gfs,gfs_20260707_12z_f036,2026-07-07,12,36,2026-07-07T12:00:00Z,2026-07-09T00:00:00Z,2026-07-07T18:00:00Z,issued_at_utc + 6h conservative NOMADS buffer,,raw\gfs\20260707\gfs_20260707_12z_f036.grib2,10547676,bc0ec91aefc3e2d7f66ee0b02f047aefd21597460571046b4765e0c717c89d79,hko:HKO,Hong Kong Observatory,22.301944,114.174167,22.25,114.25,2026-07-07T12:00:00Z,2026-07-09T00:00:00Z,85.4000015258789,70.5999984741211,-0.66070556640625,3.233624219894409,27.157464599609398,24.557458496093773,27.374230957031273,26.550012207031273,85.69999694824219,1006.386328125,880.0,27.787408447265648,-1.4451904296875,10.4375,4.7025628089904785,58.63999938964844,16,4.9609970999881625,
gfs,gfs_20260707_18z_f015,2026-07-07,18,15,2026-07-07T18:00:00Z,2026-07-08T09:00:00Z,2026-07-08T00:00:00Z,issued_at_utc + 6h conservative NOMADS buffer,,raw\gfs\20260707\gfs_20260707_18z_f015.grib2,10305704,df5c454da3f13124ce8e831a39b75631b5b587e7abc1ac5f6f28cb318f9a09d8,hko:HKO,Hong Kong Observatory,22.301944,114.174167,22.25,114.25,2026-07-07T18:00:00Z,2026-07-08T09:00:00Z,88.4000015258789,100.0,-2.0080718994140625,5.199084281921387,28.479150390625023,25.130700683593773,28.944818115234398,28.111352539062523,81.80000305175781,1005.10703125,1415.0,29.487359619140648,-0.74609375,2.375,8.214147567749023,582.52001953125,16,5.012729900015984,
gfs,gfs_20260707_18z_f018,2026-07-07,18,18,2026-07-07T18:00:00Z,2026-07-08T12:00:00Z,2026-07-08T00:00:00Z,issued_at_utc + 6h conservative NOMADS buffer,,raw\gfs\20260707\gfs_20260707_18z_f018.grib2,10509211,c5daa938ed410e810c761537ddc789bfa7aaaa49ee9e89f2792de6d8372a8120,hko:HKO,Hong Kong Observatory,22.301944,114.174167,22.25,114.25,2026-07-07T18:00:00Z,2026-07-08T12:00:00Z,2.799999952316284,67.9000015258789,-2.1202454566955566,4.520138740539551,27.887414550781273,25.588616943359398,28.971551513671898,27.630700683593773,86.9000015258789,1005.836015625,1688.0,27.750207519531273,-0.1494140625,3.5,7.900000095367432,344.79998779296875,16,5.028653700021096,
gfs,gfs_20260707_18z_f036,2026-07-07,18,36,2026-07-07T18:00:00Z,2026-07-09T06:00:00Z,2026-07-08T00:00:00Z,issued_at_utc + 6h conservative NOMADS buffer,,raw\gfs\20260707\gfs_20260707_18z_f036.grib2,10557366,11f0c8c6f074dbb2e4df65ae3b3576608dcb5e9c77954c604504b1b3b11ad1ef,hko:HKO,Hong Kong Observatory,22.301944,114.174167,22.25,114.25,2026-07-07T18:00:00Z,2026-07-09T06:00:00Z,1.899999976158142,45.70000076293945,-1.825958251953125,3.28314208984375,28.749993896484398,24.149987792968773,28.873620605468773,27.229119873046898,76.30000305175781,1004.304140625,803.0,31.554315185546898,-1.0211181640625,1.1875,4.00966215133667,801.8560180664062,16,4.900142400001641,
gefs_control,gefs_control_20260707_00z_f006,2026-07-07,0,6,2026-07-07T00:00:00Z,2026-07-07T06:00:00Z,2026-07-07T06:00:00Z,issued_at_utc + 6h conservative NOMADS buffer,,raw\gefs_control\20260707\gefs_control_20260707_00z_f006.grib2,7638748,38517d7ddfd33842558743250b76e4a49ffdbb07e9056c5ee69548556d18ce2b,hko:HKO,Hong Kong Observatory,22.301944,114.174167,22.25,114.25,2026-07-07T00:00:00Z,2026-07-07T06:00:00Z,,99.0,-0.5540136694908142,5.674887657165527,29.161706542968773,24.608422851562523,29.216760253906273,27.503747558593773,77.30856323242188,1007.27578125,1373.0,,-7.31787109375,6.300000190734863,8.711177825927734,264.3840026855469,14,4.160646599950269,
gfs,gfs_20260707_18z_f030,2026-07-07,18,30,2026-07-07T18:00:00Z,2026-07-09T00:00:00Z,2026-07-08T00:00:00Z,issued_at_utc + 6h conservative NOMADS buffer,,raw\gfs\20260707\gfs_20260707_18z_f030.grib2,10546537,14c5f674706b3e39bbbcb72dcac975c057591a4146f601d2e10bb88c83ed0a08,hko:HKO,Hong Kong Observatory,22.301944,114.174167,22.25,114.25,2026-07-07T18:00:00Z,2026-07-09T00:00:00Z,91.0999984741211,81.19999694824219,-0.9188781976699829,2.7483367919921875,27.263269042968773,24.150018310546898,27.495202636718773,26.663293457031273,83.19999694824219,1006.255859375,644.0,27.816888427734398,-2.543701171875,7.0625,3.612577438354492,54.959999084472656,16,5.307173800014425,
gfs,gfs_20260707_18z_f039,2026-07-07,18,39,2026-07-07T18:00:00Z,2026-07-09T09:00:00Z,2026-07-08T00:00:00Z,issued_at_utc + 6h conservative NOMADS buffer,,raw\gfs\20260707\gfs_20260707_18z_f039.grib2,10391088,e7d616e58029e7453c2f5d8b40e1337e6abd46b77084f01fc885dc4036242220,hko:HKO,Hong Kong Observatory,22.301944,114.174167,22.25,114.25,2026-07-07T18:00:00Z,2026-07-09T09:00:00Z,3.5999999046325684,11.0,-0.647174060344696,3.1008543968200684,28.670861816406273,23.850000000000023,29.117486572265648,28.450006103515648,74.69999694824219,1003.172109375,492.0,30.042535400390648,-6.1051025390625,0.0,3.3039140701293945,674.8400268554688,16,5.30992770002922,
gefs_control,gefs_control_20260707_00z_f003,2026-07-07,0,3,2026-07-07T00:00:00Z,2026-07-07T03:00:00Z,2026-07-07T06:00:00Z,issued_at_utc + 6h conservative NOMADS buffer,,raw\gefs_control\20260707\gefs_control_20260707_00z_f003.grib2,8036293,11e16427431026536e657d0b40250599f5a07bc4738708ff4ec6ab62c786c7a2,hko:HKO,Hong Kong Observatory,22.301944,114.174167,22.25,114.25,2026-07-07T00:00:00Z,2026-07-07T03:00:00Z,,100.0,-0.851318359375,4.747580528259277,27.987115478515648,24.350000000000023,28.149987792968773,27.503747558593773,80.67813110351562,1008.54703125,954.0,,-11.8121337890625,4.139999866485596,8.716346740722656,69.48799896240234,14,4.594161899993196,
gefs_control,gefs_control_20260707_00z_f009,2026-07-07,0,9,2026-07-07T00:00:00Z,2026-07-07T09:00:00Z,2026-07-07T06:00:00Z,issued_at_utc + 6h conservative NOMADS buffer,,raw\gefs_control\20260707\gefs_control_20260707_00z_f009.grib2,7510523,f2efc982d4376649299141beac52f4b4b75472a5fa0287d5bd7264af1e51220a,hko:HKO,Hong Kong Observatory,22.301944,114.174167,22.25,114.25,2026-07-07T00:00:00Z,2026-07-07T09:00:00Z,,92.0,-0.1638452112674713,6.558144569396973,28.904901123046898,24.704919433593773,29.298303222656273,28.850000000000023,78.82007598876953,1005.61828125,1371.0,,-6.61962890625,3.0999999046325684,9.213695526123047,578.0599975585938,14,4.078138699987903,
gfs,gfs_20260707_18z_f042,2026-07-07,18,42,2026-07-07T18:00:00Z,2026-07-09T12:00:00Z,2026-07-08T00:00:00Z,issued_at_utc + 6h conservative NOMADS buffer,,raw\gfs\20260707\gfs_20260707_18z_f042.grib2,10608751,a12d22f262fc3f8990a0b5af1a0935a9c89ea4b8b4ca6c932e358f312d28802a,hko:HKO,Hong Kong Observatory,22.301944,114.174167,22.25,114.25,2026-07-07T18:00:00Z,2026-07-09T12:00:00Z,5.0,7.5,-0.43858641386032104,1.868890404701233,28.202325439453148,24.249993896484398,29.070855712890648,27.902307128906273,79.30000305175781,1004.3721875,562.0,28.212579345703148,-6.9969482421875,0.0,2.312962293624878,398.76800537109375,16,5.601329599972814,
gfs,gfs_20260707_18z_f033,2026-07-07,18,33,2026-07-07T18:00:00Z,2026-07-09T03:00:00Z,2026-07-08T00:00:00Z,issued_at_utc + 6h conservative NOMADS buffer,,raw\gfs\20260707\gfs_20260707_18z_f033.grib2,10372295,b73a32d28329a34339ada0ef5f4fde454597bb2499f391afffa558f8e245df5b,hko:HKO,Hong Kong Observatory,22.301944,114.174167,22.25,114.25,2026-07-07T18:00:00Z,2026-07-09T03:00:00Z,12.600000381469727,73.9000015258789,-1.994775414466858,2.438018798828125,28.422326660156273,24.370874023437523,28.350000000000023,27.291711425781273,78.5999984741211,1006.5096875,853.0,30.288110351562523,-0.5155029296875,1.1875,3.903210401535034,654.7520141601562,16,5.563731100002769,
gfs,gfs_20260707_18z_f048,2026-07-07,18,48,2026-07-07T18:00:00Z,2026-07-09T18:00:00Z,2026-07-08T00:00:00Z,issued_at_utc + 6h conservative NOMADS buffer,,raw\gfs\20260707\gfs_20260707_18z_f048.grib2,10647591,d6bb9e00cfe849af37337aa0298ed6c0a86cf482bf2627926d21b0757e5f0919,hko:HKO,Hong Kong Observatory,22.301944,114.174167,22.25,114.25,2026-07-07T18:00:00Z,2026-07-09T18:00:00Z,15.0,73.69999694824219,0.33314818143844604,0.8251953125,27.397393798828148,24.797387695312523,28.197717285156273,27.397424316406273,85.9000015258789,1003.232265625,1009.0,27.350000000000023,-1.267822265625,0.0,1.3021103143692017,0.0,16,5.6167485999758355,
gefs_control,gefs_control_20260707_00z_f012,2026-07-07,0,12,2026-07-07T00:00:00Z,2026-07-07T12:00:00Z,2026-07-07T06:00:00Z,issued_at_utc + 6h conservative NOMADS buffer,,raw\gefs_control\20260707\gefs_control_20260707_00z_f012.grib2,7694974,52f1d880687b88071b2775425ca858836cf5987a424dee890dd5170e3acc0fe6,hko:HKO,Hong Kong Observatory,22.301944,114.174167,22.25,114.25,2026-07-07T00:00:00Z,2026-07-07T12:00:00Z,,89.0,-0.10015136748552322,6.390190601348877,28.249993896484398,25.148583984375023,29.285546875000023,28.198297119140648,83.1170425415039,1006.79109375,1528.0,,-5.124267578125,7.5,9.805127143859863,333.0559997558594,14,5.508286600001156,
gefs_control,gefs_control_20260707_00z_f033,2026-07-07,0,33,2026-07-07T00:00:00Z,2026-07-08T09:00:00Z,2026-07-07T06:00:00Z,issued_at_utc + 6h conservative NOMADS buffer,,raw\gefs_control\20260707\gefs_control_20260707_00z_f033.grib2,6890429,1db98c3b369fcedc50ce84bfd0268801623248e5203905b7aa029dee9badb072,hko:HKO,Hong Kong Observatory,22.301944,114.174167,22.25,114.25,2026-07-07T00:00:00Z,2026-07-08T09:00:00Z,,0.0,-1.599951148033142,5.963128566741943,29.165429687500023,24.741693115234398,29.639306640625023,29.091699218750023,77.36845397949219,1005.40203125,1173.0,,-0.6153564453125,0.800000011920929,9.10724925994873,679.5999755859375,14,5.528999699978158,
gefs_control,gefs_control_20260707_00z_f039,2026-07-07,0,39,2026-07-07T00:00:00Z,2026-07-08T15:00:00Z,2026-07-07T06:00:00Z,issued_at_utc + 6h conservative NOMADS buffer,,raw\gefs_control\20260707\gefs_control_20260707_00z_f039.grib2,6896698,597629c1e5dbf6cb01f2471f02b216a81061dd97ee0a306e6d846b5b0736eb0a,hko:HKO,Hong Kong Observatory,22.301944,114.174167,22.25,114.25,2026-07-07T00:00:00Z,2026-07-08T15:00:00Z,,2.0,-1.480780005455017,4.9236297607421875,28.246331787109398,25.046350097656273,28.547570800781273,28.215051269531273,82.88558197021484,1007.244453125,1262.0,,-0.97705078125,0.30000001192092896,8.432713508605957,0.0,14,5.994732799998019,
gefs_control,gefs_control_20260707_00z_f015,2026-07-07,0,15,2026-07-07T00:00:00Z,2026-07-07T15:00:00Z,2026-07-07T06:00:00Z,issued_at_utc + 6h conservative NOMADS buffer,,raw\gefs_control\20260707\gefs_control_20260707_00z_f015.grib2,7582846,0186f52f4a1682775a512a36fc97e08f17ab1f919f827eb06ebf7432ce48f1e9,hko:HKO,Hong Kong Observatory,22.301944,114.174167,22.25,114.25,2026-07-07T00:00:00Z,2026-07-07T15:00:00Z,,76.0,-0.4625000059604645,6.382011890411377,28.211755371093773,24.811761474609398,28.311761474609398,28.093560791015648,81.95893096923828,1007.786953125,1148.0,,-5.83203125,3.799999952316284,9.853533744812012,0.0,14,6.722622899978887,
gefs_control,gefs_control_20260707_00z_f036,2026-07-07,0,36,2026-07-07T00:00:00Z,2026-07-08T12:00:00Z,2026-07-07T06:00:00Z,issued_at_utc + 6h conservative NOMADS buffer,,raw\gefs_control\20260707\gefs_control_20260707_00z_f036.grib2,7055928,aa63dba04d4c96f1843041414e853edc93eba5305e5a5eee9fe3fa26e2be922e,hko:HKO,Hong Kong Observatory,22.301944,114.174167,22.25,114.25,2026-07-07T00:00:00Z,2026-07-08T12:00:00Z,,0.0,-2.194720506668091,5.189898490905762,28.512658691406273,24.981134033203148,29.649987792968773,28.412683105468773,81.08094787597656,1006.136328125,1246.0,,-0.84814453125,2.0999999046325684,8.410821914672852,401.1839904785156,14,6.406986000016332,
gefs_control,gefs_control_20260707_00z_f021,2026-07-07,0,21,2026-07-07T00:00:00Z,2026-07-07T21:00:00Z,2026-07-07T06:00:00Z,issued_at_utc + 6h conservative NOMADS buffer,,raw\gefs_control\20260707\gefs_control_20260707_00z_f021.grib2,8279664,46d2451514ff52a60789920756497802cebde78d67b938723f81d2b93ff59a20,hko:HKO,Hong Kong Observatory,22.301944,114.174167,22.25,114.25,2026-07-07T00:00:00Z,2026-07-07T21:00:00Z,,57.0,-0.5548046827316284,5.691088676452637,28.065881347656273,24.361260986328148,28.090539550781273,27.890924072265648,80.5479507446289,1006.695546875,907.0,,-8.7940673828125,2.299999952316284,9.548205375671387,0.0,14,6.029090000025462,
gefs_control,gefs_control_20260707_06z_f000,2026-07-07,6,0,2026-07-07T06:00:00Z,2026-07-07T06:00:00Z,2026-07-07T12:00:00Z,issued_at_utc + 6h conservative NOMADS buffer,,raw\gefs_control\20260707\gefs_control_20260707_06z_f000.grib2,5947808,845eb0c13be8bcb5a455fa269b65cfa0a75f02a075949b141877a9c7fd2955c3,,,,,,,,,,,,,,,,,,,,,,,,,0,0.00010710000060498714,Skipped f000 analysis/initialization lead; fetched and cataloged but not decoded for forward T-24 features.
gefs_control,gefs_control_20260707_00z_f018,2026-07-07,0,18,2026-07-07T00:00:00Z,2026-07-07T18:00:00Z,2026-07-07T06:00:00Z,issued_at_utc + 6h conservative NOMADS buffer,,raw\gefs_control\20260707\gefs_control_20260707_00z_f018.grib2,8046979,3b1f93942da2a5261cab8f86653b5d1d9463a8cce6e4fc8bc897ca89932860ea,hko:HKO,Hong Kong Observatory,22.301944,114.174167,22.25,114.25,2026-07-07T00:00:00Z,2026-07-07T18:00:00Z,,65.0,-1.0047900676727295,6.269067287445068,27.963006591796898,24.671960449218773,28.249993896484398,27.893548583984398,82.182373046875,1006.51734375,1023.0,,-8.67822265625,6.300000190734863,9.928138732910156,0.0,14,5.941783400019631,
gefs_control,gefs_control_20260707_00z_f042,2026-07-07,0,42,2026-07-07T00:00:00Z,2026-07-08T18:00:00Z,2026-07-07T06:00:00Z,issued_at_utc + 6h conservative NOMADS buffer,,raw\gefs_control\20260707\gefs_control_20260707_00z_f042.grib2,7056426,96e44fc544f181ce84951ff79c1803212bb18f384bb2842b13110e5f5abbf701,hko:HKO,Hong Kong Observatory,22.301944,114.174167,22.25,114.25,2026-07-07T00:00:00Z,2026-07-08T18:00:00Z,,9.0,0.37891846895217896,4.4527740478515625,27.810418701171898,25.010430908203148,28.582513427734398,27.842004394531273,84.71997833251953,1005.77375,1259.0,,-0.6173095703125,2.799999952316284,6.993711471557617,0.0,14,5.139068500022404,
gefs_control,gefs_control_20260707_00z_f024,2026-07-07,0,24,2026-07-07T00:00:00Z,2026-07-08T00:00:00Z,2026-07-07T06:00:00Z,issued_at_utc + 6h conservative NOMADS buffer,,raw\gefs_control\20260707\gefs_control_20260707_00z_f024.grib2,8407138,09a039c5c5cca66fa16cb9bc58fe4446858c03a728b197f9bcca8523e779421e,hko:HKO,Hong Kong Observatory,22.301944,114.174167,22.25,114.25,2026-07-07T00:00:00Z,2026-07-08T00:00:00Z,,66.0,-1.021328091621399,5.525820255279541,28.390527343750023,24.936120605468773,28.521875000000023,27.851617431640648,81.71755981445312,1006.699375,1468.0,,-0.3089599609375,2.9000000953674316,9.058320045471191,60.880001068115234,14,5.960545199981425,
gefs_control,gefs_control_20260707_00z_f045,2026-07-07,0,45,2026-07-07T00:00:00Z,2026-07-08T21:00:00Z,2026-07-07T06:00:00Z,issued_at_utc + 6h conservative NOMADS buffer,,raw\gefs_control\20260707\gefs_control_20260707_00z_f045.grib2,7556884,1e14e0b457735a2562e2d89bb17d28171d68ffcfc4575af2aae7b6ee0dfab4bb,hko:HKO,Hong Kong Observatory,22.301944,114.174167,22.25,114.25,2026-07-07T00:00:00Z,2026-07-08T21:00:00Z,,10.0,0.8000390529632568,3.9687743186950684,27.586267089843773,24.535699462890648,27.824029541015648,27.568933105468773,83.58650207519531,1005.088359375,953.0,,-3.658447265625,2.4000000953674316,5.668848991394043,0.0,14,5.641463299980387,
gefs_control,gefs_control_20260707_00z_f048,2026-07-07,0,48,2026-07-07T00:00:00Z,2026-07-09T00:00:00Z,2026-07-07T06:00:00Z,issued_at_utc + 6h conservative NOMADS buffer,,raw\gefs_control\20260707\gefs_control_20260707_00z_f048.grib2,6998327,f77cb4e22cde2386bff1bc91564a5a42634e601349cf136da973ad9bafdd5d0c,hko:HKO,Hong Kong Observatory,22.301944,114.174167,22.25,114.25,2026-07-07T00:00:00Z,2026-07-09T00:00:00Z,,17.0,0.02952880784869194,3.0882904529571533,28.067803955078148,24.788079833984398,28.196801757812523,27.468927001953148,82.46611785888672,1005.38015625,1189.0,,-1.5252685546875,3.9000000953674316,4.931577682495117,63.80799865722656,14,5.336246099963319,
gefs_control,gefs_control_20260707_06z_f003,2026-07-07,6,3,2026-07-07T06:00:00Z,2026-07-07T09:00:00Z,2026-07-07T12:00:00Z,issued_at_utc + 6h conservative NOMADS buffer,,raw\gefs_control\20260707\gefs_control_20260707_06z_f003.grib2,7695925,b842e9a23ecac43fe0858b308cdcec7459d4d8e45ef613592c9fa4da2c678ad3,hko:HKO,Hong Kong Observatory,22.301944,114.174167,22.25,114.25,2026-07-07T06:00:00Z,2026-07-07T09:00:00Z,,100.0,-1.5043823719024658,5.329882621765137,28.499871826171898,24.975335693359398,28.888177490234398,27.964868164062523,81.84334564208984,1006.208125,1536.0,,-3.30224609375,4.369999885559082,8.166142463684082,494.0,14,5.11963149998337,
gefs_control,gefs_control_20260707_06z_f006,2026-07-07,6,6,2026-07-07T06:00:00Z,2026-07-07T12:00:00Z,2026-07-07T12:00:00Z,issued_at_utc + 6h conservative NOMADS buffer,,raw\gefs_control\20260707\gefs_control_20260707_06z_f006.grib2,7690380,6b8eba8d85114f3769304896e318554ac2cd7e2b2c66e112bdb47b6f4ce58ba0,hko:HKO,Hong Kong Observatory,22.301944,114.174167,22.25,114.25,2026-07-07T06:00:00Z,2026-07-07T12:00:00Z,,100.0,0.24005860090255737,6.324863433837891,28.107141113281273,25.291589355468773,29.007165527343773,27.764855957031273,84.5943832397461,1006.81390625,1611.0,,-4.9759521484375,10.699999809265137,10.007986068725586,274.97601318359375,14,4.943333900009748,
gefs_control,gefs_control_20260707_06z_f009,2026-07-07,6,9,2026-07-07T06:00:00Z,2026-07-07T15:00:00Z,2026-07-07T12:00:00Z,issued_at_utc + 6h conservative NOMADS buffer,,raw\gefs_control\20260707\gefs_control_20260707_06z_f009.grib2,7547453,8eb20b3f25619b777a860189d6e0f8865bf058ab977cf9cb5e8d30716e239547,hko:HKO,Hong Kong Observatory,22.301944,114.174167,22.25,114.25,2026-07-07T06:00:00Z,2026-07-07T15:00:00Z,,90.0,-0.8388330340385437,5.744916915893555,27.919030761718773,25.667321777343773,28.125939941406273,27.850000000000023,87.76097106933594,1007.461953125,1956.0,,-0.752685546875,2.5,9.62331485748291,0.0,14,5.308655400003772,
gefs_control,gefs_control_20260707_06z_f018,2026-07-07,6,18,2026-07-07T06:00:00Z,2026-07-08T00:00:00Z,2026-07-07T12:00:00Z,issued_at_utc + 6h conservative NOMADS buffer,,raw\gefs_control\20260707\gefs_control_20260707_06z_f018.grib2,8409033,8afebd7122590a686f8b7a4f6532ca8b9b196e647765a55784afc3ec0017ba6a,hko:HKO,Hong Kong Observatory,22.301944,114.174167,22.25,114.25,2026-07-07T06:00:00Z,2026-07-08T00:00:00Z,,34.0,-1.5158886909484863,6.293720722198486,28.249993896484398,25.071801757812523,28.351129150390648,27.680535888671898,83.00833892822266,1006.93078125,1538.0,,-0.50439453125,2.5999999046325684,9.864801406860352,62.672000885009766,14,6.349225899961311,
gefs_control,gefs_control_20260707_06z_f027,2026-07-07,6,27,2026-07-07T06:00:00Z,2026-07-08T09:00:00Z,2026-07-07T12:00:00Z,issued_at_utc + 6h conservative NOMADS buffer,,raw\gefs_control\20260707\gefs_control_20260707_06z_f027.grib2,6865028,9a6a03cf5f9c598e9ca0da9f79089d607cdd299c7ac5bb039ee2ab9daf4cf46e,hko:HKO,Hong Kong Observatory,22.301944,114.174167,22.25,114.25,2026-07-07T06:00:00Z,2026-07-08T09:00:00Z,,2.0,-1.2452423572540283,5.418975830078125,29.257684326171898,25.191705322265648,29.553308105468773,29.068505859375023,79.48757934570312,1005.0646875,1568.0,,-0.013916015625,0.20000000298023224,8.216484069824219,681.02001953125,14,5.57668639998883,
gefs_control,gefs_control_20260707_06z_f015,2026-07-07,6,15,2026-07-07T06:00:00Z,2026-07-07T21:00:00Z,2026-07-07T12:00:00Z,issued_at_utc + 6h conservative NOMADS buffer,,raw\gefs_control\20260707\gefs_control_20260707_06z_f015.grib2,7911221,0f4d304131e12451c23064f795da60c0a5402512e52972ff96e92f08247029d5,hko:HKO,Hong Kong Observatory,22.301944,114.174167,22.25,114.25,2026-07-07T06:00:00Z,2026-07-07T21:00:00Z,,19.0,-0.32105958461761475,6.007070541381836,27.850000000000023,24.888116455078148,27.980737304687523,27.701013183593773,84.2057113647461,1006.698828125,1362.0,,-3.078125,2.299999952316284,10.230743408203125,0.0,14,5.484428100055084,
gefs_control,gefs_control_20260707_06z_f021,2026-07-07,6,21,2026-07-07T06:00:00Z,2026-07-08T03:00:00Z,2026-07-07T12:00:00Z,issued_at_utc + 6h conservative NOMADS buffer,,raw\gefs_control\20260707\gefs_control_20260707_06z_f021.grib2,8252517,a2654ef1f53a30deee89b109e1b02d4cc7a8f12f25587114d1a378406a418a87,hko:HKO,Hong Kong Observatory,22.301944,114.174167,22.25,114.25,2026-07-07T06:00:00Z,2026-07-08T03:00:00Z,,2.0,-1.5827441215515137,5.811254978179932,29.040795898437523,24.817559814453148,29.106774902343773,28.265008544921898,78.92618560791016,1007.413671875,1382.0,,-0.663330078125,1.2999999523162842,8.757935523986816,689.2960205078125,14,7.7565155000193045,
gefs_control,gefs_control_20260707_06z_f024,2026-07-07,6,24,2026-07-07T06:00:00Z,2026-07-08T06:00:00Z,2026-07-07T12:00:00Z,issued_at_utc + 6h conservative NOMADS buffer,,raw\gefs_control\20260707\gefs_control_20260707_06z_f024.grib2,7335426,539b70a6e3c0da638cdd4cb2949414c762bac186be8de07017412d48946e0ae1,hko:HKO,Hong Kong Observatory,22.301944,114.174167,22.25,114.25,2026-07-07T06:00:00Z,2026-07-08T06:00:00Z,,1.0,-1.0595519542694092,6.111584663391113,29.400201416015648,24.817071533203148,29.423577880859398,28.246270751953148,77.7112045288086,1006.3103125,1358.0,,-2.235107421875,2.0999999046325684,8.902664184570312,822.9920043945312,14,6.413575800019316,
gefs_control,gefs_control_20260707_06z_f036,2026-07-07,6,36,2026-07-07T06:00:00Z,2026-07-08T18:00:00Z,2026-07-07T12:00:00Z,issued_at_utc + 6h conservative NOMADS buffer,,raw\gefs_control\20260707\gefs_control_20260707_06z_f036.grib2,7041919,dc3230c68460bb60bb249a5a64daf4450da46083cb3abe37d6734db7ecdb6106,hko:HKO,Hong Kong Observatory,22.301944,114.174167,22.25,114.25,2026-07-07T06:00:00Z,2026-07-08T18:00:00Z,,14.0,0.5735534429550171,4.257779121398926,27.834039306640648,24.780023193359398,28.622796630859398,27.813592529296898,83.4039306640625,1005.981875,1104.0,,-1.4710693359375,4.699999809265137,7.2673821449279785,0.0,14,6.078226399957202,
gefs_control,gefs_control_20260707_06z_f042,2026-07-07,6,42,2026-07-07T06:00:00Z,2026-07-09T00:00:00Z,2026-07-07T12:00:00Z,issued_at_utc + 6h conservative NOMADS buffer,,raw\gefs_control\20260707\gefs_control_20260707_06z_f042.grib2,7013786,843dfec608db4c0070883dd2c494a1b89e100dc5f598a17169ed94cd302e8b89,hko:HKO,Hong Kong Observatory,22.301944,114.174167,22.25,114.25,2026-07-07T06:00:00Z,2026-07-09T00:00:00Z,,11.0,-0.3123840391635895,2.1676666736602783,28.217218017578148,24.649987792968773,28.257867431640648,27.534020996093773,81.10118103027344,1005.22703125,953.0,,-2.5247802734375,2.9000000953674316,3.312669038772583,60.959999084472656,14,5.277823599986732,
gefs_control,gefs_control_20260707_06z_f030,2026-07-07,6,30,2026-07-07T06:00:00Z,2026-07-08T12:00:00Z,2026-07-07T12:00:00Z,issued_at_utc + 6h conservative NOMADS buffer,,raw\gefs_control\20260707\gefs_control_20260707_06z_f030.grib2,7054374,0e9af832c4581b2ca89ee8ee195e3e71b17099ddbbbb03fb483bbe78b09e0665,hko:HKO,Hong Kong Observatory,22.301944,114.174167,22.25,114.25,2026-07-07T06:00:00Z,2026-07-08T12:00:00Z,,1.0,-1.5668121576309204,4.550829887390137,28.647607421875023,25.315057373046898,29.642907714843773,28.447595214843773,82.21289825439453,1005.96140625,1445.0,,-0.7467041015625,0.30000001192092896,6.812696933746338,402.09600830078125,14,5.004185099969618,
gefs_control,gefs_control_20260707_12z_f000,2026-07-07,12,0,2026-07-07T12:00:00Z,2026-07-07T12:00:00Z,2026-07-07T18:00:00Z,issued_at_utc + 6h conservative NOMADS buffer,,raw\gefs_control\20260707\gefs_control_20260707_12z_f000.grib2,5985613,c009eb967560215115ccd3fa04a1fc817c43f095a6cda067148eb9816c21da56,,,,,,,,,,,,,,,,,,,,,,,,,0,8.979998528957367e-05,Skipped f000 analysis/initialization lead; fetched and cataloged but not decoded for forward T-24 features.
gefs_control,gefs_control_20260707_06z_f033,2026-07-07,6,33,2026-07-07T06:00:00Z,2026-07-08T15:00:00Z,2026-07-07T12:00:00Z,issued_at_utc + 6h conservative NOMADS buffer,,raw\gefs_control\20260707\gefs_control_20260707_06z_f033.grib2,6865487,c5e13b34036424ef18a585fb0a57fa84959e278d21deaabdd86cb405ce434b16,hko:HKO,Hong Kong Observatory,22.301944,114.174167,22.25,114.25,2026-07-07T06:00:00Z,2026-07-08T15:00:00Z,,20.0,-2.1802978515625,3.942147731781006,28.246850585937523,25.528527832031273,28.652337646484398,28.182519531250023,85.08882904052734,1007.59234375,1607.0,,-1.39990234375,0.30000001192092896,7.029800891876221,0.0,14,4.774583599995822,
gefs_control,gefs_control_20260707_06z_f039,2026-07-07,6,39,2026-07-07T06:00:00Z,2026-07-08T21:00:00Z,2026-07-07T12:00:00Z,issued_at_utc + 6h conservative NOMADS buffer,,raw\gefs_control\20260707\gefs_control_20260707_06z_f039.grib2,6877611,ab154a7df62c7084e12cfd31be1cb1776a4acb1ecab4a96c9f99f51dce18b512,hko:HKO,Hong Kong Observatory,22.301944,114.174167,22.25,114.25,2026-07-07T06:00:00Z,2026-07-08T21:00:00Z,,0.0,-0.13819579780101776,3.298443555831909,27.672540283203148,24.817468261718773,27.909234619140648,27.634027099609398,84.63690185546875,1005.263984375,1138.0,,-1.998046875,1.5,5.315733909606934,0.0,14,4.852772100013681,
gefs_control,gefs_control_20260707_06z_f045,2026-07-07,6,45,2026-07-07T06:00:00Z,2026-07-09T03:00:00Z,2026-07-07T12:00:00Z,issued_at_utc + 6h conservative NOMADS buffer,,raw\gefs_control\20260707\gefs_control_20260707_06z_f045.grib2,6863949,280caacd4b117af82c421df1fa7f8d63744e30fad36ebc6174a8068a1db8662c,hko:HKO,Hong Kong Observatory,22.301944,114.174167,22.25,114.25,2026-07-07T06:00:00Z,2026-07-09T03:00:00Z,,70.0,-0.3303894102573395,3.512951612472534,29.091516113281273,24.591516113281273,29.254510498046898,28.324029541015648,77.22525024414062,1005.675,1071.0,,-2.643798828125,0.20000000298023224,4.831207752227783,582.6400146484375,14,4.0917185000143945,
gfs,gfs_20260707_18z_f045,2026-07-07,18,45,2026-07-07T18:00:00Z,2026-07-09T15:00:00Z,2026-07-08T00:00:00Z,issued_at_utc + 6h conservative NOMADS buffer,,raw\gfs\20260707\gfs_20260707_18z_f045.grib2,10423124,22231394d60f99a5cbc0296b01f12739b0ce26fa35c24ce2e32809623b9c73d7,hko:HKO,Hong Kong Observatory,22.301944,114.174167,22.25,114.25,2026-07-07T18:00:00Z,2026-07-09T15:00:00Z,100.0,69.19999694824219,-1.0586669445037842,1.699676513671875,27.717980957031273,24.750024414062523,28.174371337890648,27.715722656250023,83.69999694824219,1004.858125,891.0,27.696038818359398,-1.924560546875,0.0,2.519512891769409,0.0,16,5.134332999994513,
gefs_control,gefs_control_20260707_06z_f048,2026-07-07,6,48,2026-07-07T06:00:00Z,2026-07-09T06:00:00Z,2026-07-07T12:00:00Z,issued_at_utc + 6h conservative NOMADS buffer,,raw\gefs_control\20260707\gefs_control_20260707_06z_f048.grib2,7339578,0b1bf87519520e8c55f99cca08863e0d366a1403888cb9fa556544676d556545,hko:HKO,Hong Kong Observatory,22.301944,114.174167,22.25,114.25,2026-07-07T06:00:00Z,2026-07-09T06:00:00Z,,62.0,0.7190796136856079,5.038592338562012,29.350030517578148,24.749993896484398,29.654718017578148,28.247338867187523,77.11357116699219,1004.022734375,1155.0,,0.2052001953125,0.4000000059604645,5.960448741912842,714.3200073242188,14,4.269711099972483,
gefs_control,gefs_control_20260707_12z_f006,2026-07-07,12,6,2026-07-07T12:00:00Z,2026-07-07T18:00:00Z,2026-07-07T18:00:00Z,issued_at_utc + 6h conservative NOMADS buffer,,raw\gefs_control\20260707\gefs_control_20260707_12z_f006.grib2,7700128,da59d947c23884e7c0d89fb59ebe321248ad4d7daf302a1bbc25906e074fdbba,hko:HKO,Hong Kong Observatory,22.301944,114.174167,22.25,114.25,2026-07-07T12:00:00Z,2026-07-07T18:00:00Z,,84.0,-0.8665918111801147,5.68917989730835,27.544763183593773,25.743218994140648,27.598352050781273,27.219689941406273,89.6722412109375,1006.64828125,1927.0,,-0.366943359375,5.5,9.800437927246094,0.0,14,4.177060200017877,
gefs_control,gefs_control_20260707_00z_f030,2026-07-07,0,30,2026-07-07T00:00:00Z,2026-07-08T06:00:00Z,2026-07-07T06:00:00Z,issued_at_utc + 6h conservative NOMADS buffer,,raw\gefs_control\20260707\gefs_control_20260707_00z_f030.grib2,8124301,a2d4194bf65b21ae5726b5313e4d890efcc567d40069d467fee56ca575577333,hko:HKO,Hong Kong Observatory,22.301944,114.174167,22.25,114.25,2026-07-07T00:00:00Z,2026-07-08T06:00:00Z,,39.0,-0.6133398413658142,6.184321403503418,29.394677734375023,24.311456298828148,29.582604980468773,28.308557128906273,74.91344451904297,1006.42,930.0,,-4.836181640625,1.399999976158142,8.731847763061523,801.4240112304688,14,4.716969000000972,
gefs_control,gefs_control_20260707_12z_f003,2026-07-07,12,3,2026-07-07T12:00:00Z,2026-07-07T15:00:00Z,2026-07-07T18:00:00Z,issued_at_utc + 6h conservative NOMADS buffer,,raw\gefs_control\20260707\gefs_control_20260707_12z_f003.grib2,7747525,c7017a0ce084735f1ec6b8520c536948153dd1e9526dfb95a91537c770011634,hko:HKO,Hong Kong Observatory,22.301944,114.174167,22.25,114.25,2026-07-07T12:00:00Z,2026-07-07T15:00:00Z,,97.0,-0.9227001667022705,5.028393745422363,27.550012207031273,25.548852539062523,27.550012207031273,27.219689941406273,89.5301742553711,1007.410234375,1629.0,,-0.58203125,3.1500000953674316,9.140417098999023,0.0,14,4.5975788999930955,
gefs_control,gefs_control_20260707_00z_f027,2026-07-07,0,27,2026-07-07T00:00:00Z,2026-07-08T03:00:00Z,2026-07-07T06:00:00Z,issued_at_utc + 6h conservative NOMADS buffer,,raw\gefs_control\20260707\gefs_control_20260707_00z_f027.grib2,7895459,e0e616e7848d4fc13a04bf5d03fa35e33e8d3ec58a3e0492bfe3832117c7a544,hko:HKO,Hong Kong Observatory,22.301944,114.174167,22.25,114.25,2026-07-07T00:00:00Z,2026-07-08T03:00:00Z,,60.0,-0.9974731206893921,5.911261081695557,29.112512207031273,24.963464355468773,29.181542968750023,28.352777099609398,79.08999633789062,1007.1121875,1464.0,,-0.550048828125,0.699999988079071,8.452190399169922,655.6320190429688,14,3.9755862999591045,
gefs_control,gefs_control_20260707_12z_f021,2026-07-07,12,21,2026-07-07T12:00:00Z,2026-07-08T09:00:00Z,2026-07-07T18:00:00Z,issued_at_utc + 6h conservative NOMADS buffer,,raw\gefs_control\20260707\gefs_control_20260707_12z_f021.grib2,6856343,dd1e1c3956c680fd86b2a5b091159012fce2973ec0767f111ec45c1718542df1,hko:HKO,Hong Kong Observatory,22.301944,114.174167,22.25,114.25,2026-07-07T12:00:00Z,2026-07-08T09:00:00Z,,58.0,-1.228875756263733,5.282873630523682,28.985650634765648,25.237268066406273,29.400354003906273,28.922875976562523,80.7804183959961,1005.03234375,1557.0,,-0.9805908203125,0.6000000238418579,8.738601684570312,657.7999877929688,14,3.96366270002909,
gefs_control,gefs_control_20260707_12z_f009,2026-07-07,12,9,2026-07-07T12:00:00Z,2026-07-07T21:00:00Z,2026-07-07T18:00:00Z,issued_at_utc + 6h conservative NOMADS buffer,,raw\gefs_control\20260707\gefs_control_20260707_12z_f009.grib2,8189456,5bcb4a5456de218222bb10b1df614c7a58418c5cf6cef079933cb3c532f28108,hko:HKO,Hong Kong Observatory,22.301944,114.174167,22.25,114.25,2026-07-07T12:00:00Z,2026-07-07T21:00:00Z,,14.0,-0.4035693407058716,6.581787109375,27.550012207031273,25.151940917968773,27.565270996093773,27.438989257812523,86.93746185302734,1006.34015625,1434.0,,-1.38720703125,1.100000023841858,10.749700546264648,0.0,14,3.1377821000060067,
gefs_control,gefs_control_20260707_12z_f012,2026-07-07,12,12,2026-07-07T12:00:00Z,2026-07-08T00:00:00Z,2026-07-07T18:00:00Z,issued_at_utc + 6h conservative NOMADS buffer,,raw\gefs_control\20260707\gefs_control_20260707_12z_f012.grib2,7635383,ddcd35939989321db6764f0118f73953ffb5c0032dd0a3d6fcb9ee6b10a74263,hko:HKO,Hong Kong Observatory,22.301944,114.174167,22.25,114.25,2026-07-07T12:00:00Z,2026-07-08T00:00:00Z,,26.0,-1.1914581060409546,7.138671875,28.049981689453148,24.890893554687523,28.051141357421898,27.438989257812523,83.11942291259766,1007.01921875,1266.0,,-3.3126220703125,3.0,11.034567832946777,58.736000061035156,14,3.114820599963423,
gefs_control,gefs_control_20260707_12z_f018,2026-07-07,12,18,2026-07-07T12:00:00Z,2026-07-08T06:00:00Z,2026-07-07T18:00:00Z,issued_at_utc + 6h conservative NOMADS buffer,,raw\gefs_control\20260707\gefs_control_20260707_12z_f018.grib2,7329526,9fdcdf6a5bbdb7bc2ea4de56445fdbba09bee6494f8d824d4836de5475ffac5f,hko:HKO,Hong Kong Observatory,22.301944,114.174167,22.25,114.25,2026-07-07T12:00:00Z,2026-07-08T06:00:00Z,,93.0,-1.532049536705017,5.360726833343506,29.194696044921898,24.705865478515648,29.350457763671898,27.937921142578148,78.0679931640625,1005.94390625,1283.0,,-3.777587890625,4.199999809265137,8.544046401977539,770.6719970703125,14,3.3233451999840327,
gefs_control,gefs_control_20260707_12z_f015,2026-07-07,12,15,2026-07-07T12:00:00Z,2026-07-08T03:00:00Z,2026-07-07T18:00:00Z,issued_at_utc + 6h conservative NOMADS buffer,,raw\gefs_control\20260707\gefs_control_20260707_12z_f015.grib2,8224612,0765694a81e000dfe271c5c60215affb9a5f881112da656b7b1c6ce6045892c6,hko:HKO,Hong Kong Observatory,22.301944,114.174167,22.25,114.25,2026-07-07T12:00:00Z,2026-07-08T03:00:00Z,,90.0,-1.1260058879852295,6.37002420425415,28.786767578125023,24.772332763671898,28.877465820312523,27.966760253906273,79.83006286621094,1007.245,1262.0,,-3.9124755859375,3.700000047683716,9.337335586547852,634.4639892578125,14,3.5849963999935426,
gefs_control,gefs_control_20260707_12z_f027,2026-07-07,12,27,2026-07-07T12:00:00Z,2026-07-08T15:00:00Z,2026-07-07T18:00:00Z,issued_at_utc + 6h conservative NOMADS buffer,,raw\gefs_control\20260707\gefs_control_20260707_12z_f027.grib2,6873532,08b3987e7106385776f052fb355751499bccecf9088c392963294669785024f3,hko:HKO,Hong Kong Observatory,22.301944,114.174167,22.25,114.25,2026-07-07T12:00:00Z,2026-07-08T15:00:00Z,,5.0,-1.5885131359100342,4.720293998718262,28.215173339843773,25.246331787109398,28.554467773437523,28.212670898437523,83.86417388916016,1006.888984375,1353.0,,-2.099365234375,0.10000000149011612,7.622946739196777,0.0,14,6.106105099956039,
gefs_control,gefs_control_20260707_12z_f033,2026-07-07,12,33,2026-07-07T12:00:00Z,2026-07-08T21:00:00Z,2026-07-07T18:00:00Z,issued_at_utc + 6h conservative NOMADS buffer,,raw\gefs_control\20260707\gefs_control_20260707_12z_f033.grib2,7179670,364c54030003359007bbd654908025a467e4acc10134a30dcf72e8289aa92ac7,hko:HKO,Hong Kong Observatory,22.301944,114.174167,22.25,114.25,2026-07-07T12:00:00Z,2026-07-08T21:00:00Z,,38.0,0.25657349824905396,2.838592529296875,27.782525634765648,25.205041503906273,27.902734375000023,27.754541015625023,85.67616271972656,1005.60078125,1355.0,,-4.4700927734375,0.20000000298023224,5.135782718658447,0.0,14,6.203187600011006,
gefs_control,gefs_control_20260707_18z_f000,2026-07-07,18,0,2026-07-07T18:00:00Z,2026-07-07T18:00:00Z,2026-07-08T00:00:00Z,issued_at_utc + 6h conservative NOMADS buffer,,raw\gefs_control\20260707\gefs_control_20260707_18z_f000.grib2,5981185,a08282481ab6f6a652acd7b52ffbcd6be6a057a2aca33c02cc81d7a3e110f17e,,,,,,,,,,,,,,,,,,,,,,,,,0,0.00011120003182440996,Skipped f000 analysis/initialization lead; fetched and cataloged but not decoded for forward T-24 features.
gefs_control,gefs_control_20260707_12z_f024,2026-07-07,12,24,2026-07-07T12:00:00Z,2026-07-08T12:00:00Z,2026-07-07T18:00:00Z,issued_at_utc + 6h conservative NOMADS buffer,,raw\gefs_control\20260707\gefs_control_20260707_12z_f024.grib2,7013499,151983511839c56d6f31f6dccab912ec3c4a12926c72f2b169d187346848d704,hko:HKO,Hong Kong Observatory,22.301944,114.174167,22.25,114.25,2026-07-07T12:00:00Z,2026-07-08T12:00:00Z,,29.0,-1.86236572265625,4.759732246398926,28.548608398437523,25.548608398437523,29.503991699218773,28.348596191406273,84.21793365478516,1005.8546875,1703.0,,-0.4210205078125,0.8999999761581421,7.618977069854736,390.33599853515625,14,7.009116299974266,
gefs_control,gefs_control_20260707_12z_f030,2026-07-07,12,30,2026-07-07T12:00:00Z,2026-07-08T18:00:00Z,2026-07-07T18:00:00Z,issued_at_utc + 6h conservative NOMADS buffer,,raw\gefs_control\20260707\gefs_control_20260707_12z_f030.grib2,7054424,3bacd292bde8c79d0f094473bc924e2d1afcc3be14c9b67d6d2d9ecc538f7194,hko:HKO,Hong Kong Observatory,22.301944,114.174167,22.25,114.25,2026-07-07T12:00:00Z,2026-07-08T18:00:00Z,,19.0,-0.43292236328125,4.675518989562988,27.871453857421898,25.279565429687523,28.507073974609398,27.880120849609398,85.54605865478516,1005.83703125,1409.0,,-0.99609375,0.30000001192092896,7.704975128173828,0.0,14,7.037353400024585,
gefs_control,gefs_control_20260707_12z_f048,2026-07-07,12,48,2026-07-07T12:00:00Z,2026-07-09T12:00:00Z,2026-07-07T18:00:00Z,issued_at_utc + 6h conservative NOMADS buffer,,raw\gefs_control\20260707\gefs_control_20260707_12z_f048.grib2,7035922,7e98e2d941c03a2dadecb8a20eac177ab76b65d86e7d23cda424fb47f7ba09cd,hko:HKO,Hong Kong Observatory,22.301944,114.174167,22.25,114.25,2026-07-07T12:00:00Z,2026-07-09T12:00:00Z,,1.0,-0.02611694298684597,2.8054871559143066,28.561120605468773,24.461114501953148,29.702020263671898,28.415063476562523,78.45945739746094,1003.604765625,661.0,,-31.048095703125,0.0,3.3094842433929443,402.4159851074219,14,4.777302899979986,
gefs_control,gefs_control_20260707_12z_f039,2026-07-07,12,39,2026-07-07T12:00:00Z,2026-07-09T03:00:00Z,2026-07-07T18:00:00Z,issued_at_utc + 6h conservative NOMADS buffer,,raw\gefs_control\20260707\gefs_control_20260707_12z_f039.grib2,6858500,34db429c6a80d733d99dd31d914efbd8460b0beafc9557814906fd33052d29a8,hko:HKO,Hong Kong Observatory,22.301944,114.174167,22.25,114.25,2026-07-07T12:00:00Z,2026-07-09T03:00:00Z,,20.0,0.08875121921300888,3.306842088699341,29.219384765625023,24.219384765625023,29.224206542968773,28.219384765625023,75.5534896850586,1005.83296875,807.0,,-3.2393798828125,0.8999999761581421,4.516197204589844,683.9840087890625,14,4.682553400052711,
gefs_control,gefs_control_20260707_12z_f045,2026-07-07,12,45,2026-07-07T12:00:00Z,2026-07-09T09:00:00Z,2026-07-07T18:00:00Z,issued_at_utc + 6h conservative NOMADS buffer,,raw\gefs_control\20260707\gefs_control_20260707_12z_f045.grib2,6843041,cc7d76f7107b0d4b0d2b5808e1a4d270d20d942f48f961ec93dc448c9ed1bf61,hko:HKO,Hong Kong Observatory,22.301944,114.174167,22.25,114.25,2026-07-07T12:00:00Z,2026-07-09T09:00:00Z,,2.0,0.21309204399585724,4.158434867858887,29.182519531250023,24.282525634765648,29.630212402343773,29.115075683593773,75.37762451171875,1002.78515625,750.0,,-15.3345947265625,0.0,4.6050496101379395,681.3400268554688,14,4.977683299977798,
gefs_control,gefs_control_20260707_12z_f036,2026-07-07,12,36,2026-07-07T12:00:00Z,2026-07-09T00:00:00Z,2026-07-07T18:00:00Z,issued_at_utc + 6h conservative NOMADS buffer,,raw\gefs_control\20260707\gefs_control_20260707_12z_f036.grib2,7336015,e6181c6b8706cf7396deb52da8b71f12f66f77c5d4f6634754b61e69bfdbfc5e,hko:HKO,Hong Kong Observatory,22.301944,114.174167,22.25,114.25,2026-07-07T12:00:00Z,2026-07-09T00:00:00Z,,37.0,-0.5609375238418579,3.2406249046325684,28.127648925781273,24.649987792968773,28.328576660156273,27.494561767578148,81.4465103149414,1005.71625,973.0,,-3.366455078125,3.700000047683716,5.147144317626953,63.599998474121094,14,5.161169199971482,
gefs_control,gefs_control_20260707_18z_f003,2026-07-07,18,3,2026-07-07T18:00:00Z,2026-07-07T21:00:00Z,2026-07-08T00:00:00Z,issued_at_utc + 6h conservative NOMADS buffer,,raw\gefs_control\20260707\gefs_control_20260707_18z_f003.grib2,8089640,9880cebc81e0708a611486ffde25dcc59b030532c23a5fd8cd1b2777b108d1f1,hko:HKO,Hong Kong Observatory,22.301944,114.174167,22.25,114.25,2026-07-07T18:00:00Z,2026-07-07T21:00:00Z,,38.0,-0.6153515577316284,5.61343240737915,27.550012207031273,24.940576171875023,27.649987792968773,27.168756103515648,85.6117172241211,1006.66671875,1253.0,,-4.697021484375,4.5,9.600820541381836,0.0,14,5.165178399998695,
gefs_control,gefs_control_20260707_18z_f009,2026-07-07,18,9,2026-07-07T18:00:00Z,2026-07-08T03:00:00Z,2026-07-08T00:00:00Z,issued_at_utc + 6h conservative NOMADS buffer,,raw\gefs_control\20260707\gefs_control_20260707_18z_f009.grib2,8177114,7d34d43df83dc47c1e28e47046691659419f07a1ccef92509318ca22fadba706,hko:HKO,Hong Kong Observatory,22.301944,114.174167,22.25,114.25,2026-07-07T18:00:00Z,2026-07-08T03:00:00Z,,64.0,-0.35499513149261475,5.748281478881836,28.932916259765648,24.966760253906273,28.952478027343773,27.982904052734398,79.68544006347656,1007.169140625,1390.0,,-1.115478515625,3.0999999046325684,8.851181030273438,656.4000244140625,14,5.228694599994924,
gefs_control,gefs_control_20260707_06z_f012,2026-07-07,6,12,2026-07-07T06:00:00Z,2026-07-07T18:00:00Z,2026-07-07T12:00:00Z,issued_at_utc + 6h conservative NOMADS buffer,,raw\gefs_control\20260707\gefs_control_20260707_06z_f012.grib2,8009092,ded494ec42bdc116ea197a0a5b7ecac074d7664814e7fa31b5cc67dd28d5cf63,hko:HKO,Hong Kong Observatory,22.301944,114.174167,22.25,114.25,2026-07-07T06:00:00Z,2026-07-07T18:00:00Z,,67.0,-0.9359472393989563,6.49203634262085,27.753930664062523,24.987512207031273,28.139916992187523,27.749993896484398,84.48128509521484,1006.7796875,1337.0,,-5.166015625,6.099999904632568,10.454182624816895,0.0,14,4.973691899969708,
gefs_control,gefs_control_20260707_18z_f015,2026-07-07,18,15,2026-07-07T18:00:00Z,2026-07-08T09:00:00Z,2026-07-08T00:00:00Z,issued_at_utc + 6h conservative NOMADS buffer,,raw\gefs_control\20260707\gefs_control_20260707_18z_f015.grib2,6835447,f107ad0c5318c66cdaceb0cb636e8f4baa93554c1fdd467b4520c70fe35c50de,hko:HKO,Hong Kong Observatory,22.301944,114.174167,22.25,114.25,2026-07-07T18:00:00Z,2026-07-08T09:00:00Z,,27.0,-0.96746826171875,6.094098091125488,29.127404785156273,25.253167724609398,29.468499755859398,29.029260253906273,80.31879425048828,1004.74859375,1607.0,,-0.2689208984375,1.100000023841858,9.254307746887207,669.4600219726562,14,4.876112700032536,
gefs_control,gefs_control_20260707_18z_f021,2026-07-07,18,21,2026-07-07T18:00:00Z,2026-07-08T15:00:00Z,2026-07-08T00:00:00Z,issued_at_utc + 6h conservative NOMADS buffer,,raw\gefs_control\20260707\gefs_control_20260707_18z_f021.grib2,6883971,1b0e12eb93bf18c61f90b334b9c80ab2c671cae892aadc6b5b0c2ebf93a5a246,hko:HKO,Hong Kong Observatory,22.301944,114.174167,22.25,114.25,2026-07-07T18:00:00Z,2026-07-08T15:00:00Z,,17.0,-1.5445983409881592,4.474734306335449,28.207086181640648,25.607080078125023,28.507073974609398,28.250024414062523,85.802001953125,1006.907265625,1786.0,,-1.86376953125,0.20000000298023224,7.202019691467285,0.0,14,4.6312235000077635,
gefs_control,gefs_control_20260707_18z_f024,2026-07-07,18,24,2026-07-07T18:00:00Z,2026-07-08T18:00:00Z,2026-07-08T00:00:00Z,issued_at_utc + 6h conservative NOMADS buffer,,raw\gefs_control\20260707\gefs_control_20260707_18z_f024.grib2,7025285,87d4e9892fb0036b4755506376baab597aac1c9c91b1717c38c817d38abc453d,hko:HKO,Hong Kong Observatory,22.301944,114.174167,22.25,114.25,2026-07-07T18:00:00Z,2026-07-08T18:00:00Z,,18.0,-0.280120849609375,4.422619819641113,27.888024902343773,25.242028808593773,28.567834472656273,27.949975585937523,85.40483093261719,1005.40015625,1427.0,,-1.42041015625,0.5,7.3030314445495605,0.0,14,4.79494250001153,
gefs_control,gefs_control_20260707_18z_f018,2026-07-07,18,18,2026-07-07T18:00:00Z,2026-07-08T12:00:00Z,2026-07-08T00:00:00Z,issued_at_utc + 6h conservative NOMADS buffer,,raw\gefs_control\20260707\gefs_control_20260707_18z_f018.grib2,7005467,f34e3699792b03a96ed1f46703f666f2b2d99785d57b6ee332dddbe9e80326cd,hko:HKO,Hong Kong Observatory,22.301944,114.174167,22.25,114.25,2026-07-07T18:00:00Z,2026-07-08T12:00:00Z,,14.0,-1.5004425048828125,4.938885688781738,28.515069580078148,25.582513427734398,29.494500732421898,28.382531738281273,84.60940551757812,1005.57078125,1749.0,,-0.462646484375,2.0999999046325684,8.25079345703125,396.1759948730469,14,4.68152080004802,
gefs_control,gefs_control_20260707_18z_f036,2026-07-07,18,36,2026-07-07T18:00:00Z,2026-07-09T06:00:00Z,2026-07-08T00:00:00Z,issued_at_utc + 6h conservative NOMADS buffer,,raw\gefs_control\20260707\gefs_control_20260707_18z_f036.grib2,7332419,e026c3ee176df47ef78fcd610b67a3dbaa0d6390469cf2d45b1ba50437a548a7,hko:HKO,Hong Kong Observatory,22.301944,114.174167,22.25,114.25,2026-07-07T18:00:00Z,2026-07-09T06:00:00Z,,86.0,-1.4734008312225342,3.258065700531006,29.698388671875023,23.813867187500023,29.856530761718773,28.045281982421898,72.23967742919922,1003.633515625,613.0,,-15.7979736328125,1.0,4.128871440887451,746.1279907226562,14,4.633553899999242,
gefs_control,gefs_control_20260707_12z_f042,2026-07-07,12,42,2026-07-07T12:00:00Z,2026-07-09T06:00:00Z,2026-07-07T18:00:00Z,issued_at_utc + 6h conservative NOMADS buffer,,raw\gefs_control\20260707\gefs_control_20260707_12z_f042.grib2,7349481,ecc5e5f2c5818c757e549904a5d845218dadfd7c37b11d15087a32c15ec20696,hko:HKO,Hong Kong Observatory,22.301944,114.174167,22.25,114.25,2026-07-07T12:00:00Z,2026-07-09T06:00:00Z,,21.0,-0.672869861125946,4.182061672210693,29.558862304687523,24.313867187500023,29.647607421875023,28.096978759765648,74.58863067626953,1003.91171875,887.0,,-0.598388671875,0.8999999761581421,4.838798522949219,817.4719848632812,14,5.257488199975342,
gefs_control,gefs_control_20260707_18z_f030,2026-07-07,18,30,2026-07-07T18:00:00Z,2026-07-09T00:00:00Z,2026-07-08T00:00:00Z,issued_at_utc + 6h conservative NOMADS buffer,,raw\gefs_control\20260707\gefs_control_20260707_18z_f030.grib2,7312368,2bacf82dca3ef204e5591834c42a19f0966add18af09d1fa47804c8a8649fa76,hko:HKO,Hong Kong Observatory,22.301944,114.174167,22.25,114.25,2026-07-07T18:00:00Z,2026-07-09T00:00:00Z,,43.0,-0.46790772676467896,2.3797545433044434,28.147607421875023,24.689080810546898,28.249993896484398,27.530786132812523,81.91730499267578,1005.47734375,1014.0,,-2.4114990234375,1.7999999523162842,3.7385830879211426,59.040000915527344,14,5.598026899970137,
gefs_control,gefs_control_20260707_18z_f042,2026-07-07,18,42,2026-07-07T18:00:00Z,2026-07-09T12:00:00Z,2026-07-08T00:00:00Z,issued_at_utc + 6h conservative NOMADS buffer,,raw\gefs_control\20260707\gefs_control_20260707_18z_f042.grib2,7017858,46d90eea96a816abdfa0df0cc7ab9eaa12126c10b3ed06cc323c7a79858fcf25,hko:HKO,Hong Kong Observatory,22.301944,114.174167,22.25,114.25,2026-07-07T18:00:00Z,2026-07-09T12:00:00Z,,0.0,-0.007312011905014515,2.3902831077575684,28.724206542968773,24.024194335937523,29.915063476562523,28.547570800781273,76.4000015258789,1003.646875,416.0,,-48.0384521484375,0.0,2.8028769493103027,402.8320007324219,14,4.782395799993537,
gefs_control,gefs_control_20260707_18z_f027,2026-07-07,18,27,2026-07-07T18:00:00Z,2026-07-08T21:00:00Z,2026-07-08T00:00:00Z,issued_at_utc + 6h conservative NOMADS buffer,,raw\gefs_control\20260707\gefs_control_20260707_18z_f027.grib2,7199402,f4691bf709fca1b156997a52db45ecd815167e59101e4443cc52faf781b09139,hko:HKO,Hong Kong Observatory,22.301944,114.174167,22.25,114.25,2026-07-07T18:00:00Z,2026-07-08T21:00:00Z,,18.0,0.3600524961948395,3.202056884765625,27.649987792968773,25.249993896484398,27.911981201171898,27.690789794921898,86.56814575195312,1005.09609375,1476.0,,-1.760498046875,0.20000000298023224,5.60701847076416,0.0,14,5.08205630001612,
gefs_control,gefs_control_20260707_18z_f033,2026-07-07,18,33,2026-07-07T18:00:00Z,2026-07-09T03:00:00Z,2026-07-08T00:00:00Z,issued_at_utc + 6h conservative NOMADS buffer,,raw\gefs_control\20260707\gefs_control_20260707_18z_f033.grib2,7522432,fd351311ad85c1ab055792d6e8b9bb25b13fd93a2e2dd06d95ca7a4bc90cedb3,hko:HKO,Hong Kong Observatory,22.301944,114.174167,22.25,114.25,2026-07-07T18:00:00Z,2026-07-09T03:00:00Z,,88.0,-1.108856201171875,2.2300994396209717,29.099206542968773,23.950006103515648,29.156549072265648,28.149194335937523,74.45787811279297,1005.911875,754.0,,-2.546875,1.0,3.0506529808044434,617.4240112304688,14,4.36302250000881,
gefs_control,gefs_control_20260707_18z_f048,2026-07-07,18,48,2026-07-07T18:00:00Z,2026-07-09T18:00:00Z,2026-07-08T00:00:00Z,issued_at_utc + 6h conservative NOMADS buffer,,raw\gefs_control\20260707\gefs_control_20260707_18z_f048.grib2,7071611,3ea6e4b2269882e044f3de0f8e2f954ac58c07ec73859cbe4bcc07a2b7974817,hko:HKO,Hong Kong Observatory,22.301944,114.174167,22.25,114.25,2026-07-07T18:00:00Z,2026-07-09T18:00:00Z,,68.0,0.12635497748851776,2.276165723800659,27.801934814453148,24.736291503906273,28.774621582031273,27.856286621093773,83.4742660522461,1003.68109375,979.0,,-3.1898193359375,0.0,2.806739568710327,0.0,14,4.322655200026929,
gefs_control,gefs_control_20260707_18z_f045,2026-07-07,18,45,2026-07-07T18:00:00Z,2026-07-09T15:00:00Z,2026-07-08T00:00:00Z,issued_at_utc + 6h conservative NOMADS buffer,,raw\gefs_control\20260707\gefs_control_20260707_18z_f045.grib2,7092463,586b600479f82e2f850a7d592a8d741a6fb08926f787e3bf33220e118e8c2abd,hko:HKO,Hong Kong Observatory,22.301944,114.174167,22.25,114.25,2026-07-07T18:00:00Z,2026-07-09T15:00:00Z,,36.0,-0.07675781100988388,2.432507276535034,28.362298583984398,24.362329101562523,28.731256103515648,28.357049560546898,79.28164672851562,1005.073515625,531.0,,-39.103271484375,0.0,2.953381299972534,0.0,14,4.311405799991917,
gefs_control,gefs_control_20260707_18z_f039,2026-07-07,18,39,2026-07-07T18:00:00Z,2026-07-09T09:00:00Z,2026-07-08T00:00:00Z,issued_at_utc + 6h conservative NOMADS buffer,,raw\gefs_control\20260707\gefs_control_20260707_18z_f039.grib2,6841742,b89aec545ad3c885f984e03cf10e1bee098e0f2203d93252ff3616ce1c1a4d08,hko:HKO,Hong Kong Observatory,22.301944,114.174167,22.25,114.25,2026-07-07T18:00:00Z,2026-07-09T09:00:00Z,,0.0,-0.4213806092739105,3.783416748046875,29.315057373046898,23.882531738281273,29.780114746093773,29.147576904296898,73.10530090332031,1002.58328125,524.0,,-30.7633056640625,0.0,4.3421149253845215,682.239990234375,14,4.173558699956629,
gefs_control,gefs_control_20260707_18z_f006,2026-07-07,18,6,2026-07-07T18:00:00Z,2026-07-08T00:00:00Z,2026-07-08T00:00:00Z,issued_at_utc + 6h conservative NOMADS buffer,,raw\gefs_control\20260707\gefs_control_20260707_18z_f006.grib2,8000211,5501ad1a79e18ca5f5f5bba59c12c2f67e3d9e8e9837c700070de9521b18fe0a,hko:HKO,Hong Kong Observatory,22.301944,114.174167,22.25,114.25,2026-07-07T18:00:00Z,2026-07-08T00:00:00Z,,34.0,-0.25972655415534973,6.445927619934082,27.949975585937523,24.810906982421898,28.083795166015648,27.168756103515648,83.19334411621094,1006.884453125,1151.0,,-6.474365234375,8.199999809265137,10.11081600189209,61.98400115966797,14,4.277996799966786,
gefs_control,gefs_control_20260707_18z_f012,2026-07-07,18,12,2026-07-07T18:00:00Z,2026-07-08T06:00:00Z,2026-07-08T00:00:00Z,issued_at_utc + 6h conservative NOMADS buffer,,raw\gefs_control\20260707\gefs_control_20260707_18z_f012.grib2,8009590,9e2c12bdb41c76852ad6f19e82e5d3b1291b21ded6009ba8e42cbf1b9934961c,hko:HKO,Hong Kong Observatory,22.301944,114.174167,22.25,114.25,2026-07-07T18:00:00Z,2026-07-08T06:00:00Z,,50.0,-1.410800814628601,5.667715072631836,29.364404296875023,25.088586425781273,29.394097900390648,27.974755859375023,79.01779174804688,1006.2665625,1620.0,,-1.895263671875,4.099999904632568,8.831636428833008,796.864013671875,14,4.012214499991387,
