source,issue_day_utc,cycle_hour,lead_hour,url,message_count,unique_variable_count,unique_variables,unique_variable_level_pair_count,status,elapsed_seconds,http_last_modified_utc,error
gfs,2026-07-01,0,42,https://nomads.ncep.noaa.gov/pub/data/nccf/com/gfs/prod/gfs.20260701/00/atmos/gfs.t00z.pgrb2.0p25.f042.idx,743.0,89.0,"['4LFTX', 'ABSV', 'ACPCP', 'ALBDO', 'APCP', 'APTMP', 'CAPE', 'CFRZR', 'CICEP', 'CIN', 'CLWMR', 'CNWAT', 'CPOFP', 'CPRAT', 'CRAIN', 'CSNOW', 'CWAT', 'CWORK', 'DLWRF', 'DPT', 'DSWRF', 'DZDT', 'FLDCP', 'FRICV', 'GFLUX', 'GRLE', 'GUST', 'HCDC', 'HGT', 'HINDEX', 'HLCY', 'HPBL', 'ICAHT', 'ICEC', 'ICEG', 'ICETK', 'ICETMP', 'ICMR', 'LAND', 'LCDC', 'LFTX', 'LHTFL', 'MCDC', 'MSLET', 'O3MR', 'PEVPR', 'PLPL', 'POT', 'PRATE', 'PRES', 'PRMSL', 'PWAT', 'REFC', 'REFD', 'RH', 'RWMR', 'SFCR', 'SHTFL', 'SNMR', 'SNOD', 'SOILL', 'SOILW', 'SOTYP', 'SPFH', 'SUNSD', 'TCDC', 'TMAX', 'TMIN', 'TMP', 'TOZNE', 'TSOIL', 'U-GWD', 'UFLX', 'UGRD', 'ULWRF', 'USTM', 'USWRF', 'V-GWD', 'VEG', 'VFLX', 'VGRD', 'VIS', 'VRATE', 'VSTM', 'VVEL', 'VWSH', 'WATR', 'WEASD', 'WILT']",731.0,ok,2.8968775999965146,2026-07-01T03:44:25Z,
gfs,2026-07-01,0,45,https://nomads.ncep.noaa.gov/pub/data/nccf/com/gfs/prod/gfs.20260701/00/atmos/gfs.t00z.pgrb2.0p25.f045.idx,743.0,89.0,"['4LFTX', 'ABSV', 'ACPCP', 'ALBDO', 'APCP', 'APTMP', 'CAPE', 'CFRZR', 'CICEP', 'CIN', 'CLWMR', 'CNWAT', 'CPOFP', 'CPRAT', 'CRAIN', 'CSNOW', 'CWAT', 'CWORK', 'DLWRF', 'DPT', 'DSWRF', 'DZDT', 'FLDCP', 'FRICV', 'GFLUX', 'GRLE', 'GUST', 'HCDC', 'HGT', 'HINDEX', 'HLCY', 'HPBL', 'ICAHT', 'ICEC', 'ICEG', 'ICETK', 'ICETMP', 'ICMR', 'LAND', 'LCDC', 'LFTX', 'LHTFL', 'MCDC', 'MSLET', 'O3MR', 'PEVPR', 'PLPL', 'POT', 'PRATE', 'PRES', 'PRMSL', 'PWAT', 'REFC', 'REFD', 'RH', 'RWMR', 'SFCR', 'SHTFL', 'SNMR', 'SNOD', 'SOILL', 'SOILW', 'SOTYP', 'SPFH', 'SUNSD', 'TCDC', 'TMAX', 'TMIN', 'TMP', 'TOZNE', 'TSOIL', 'U-GWD', 'UFLX', 'UGRD', 'ULWRF', 'USTM', 'USWRF', 'V-GWD', 'VEG', 'VFLX', 'VGRD', 'VIS', 'VRATE', 'VSTM', 'VVEL', 'VWSH', 'WATR', 'WEASD', 'WILT']",731.0,ok,2.9031039999681525,2026-07-01T03:44:59Z,
gfs,2026-07-01,0,21,https://nomads.ncep.noaa.gov/pub/data/nccf/com/gfs/prod/gfs.20260701/00/atmos/gfs.t00z.pgrb2.0p25.f021.idx,743.0,89.0,"['4LFTX', 'ABSV', 'ACPCP', 'ALBDO', 'APCP', 'APTMP', 'CAPE', 'CFRZR', 'CICEP', 'CIN', 'CLWMR', 'CNWAT', 'CPOFP', 'CPRAT', 'CRAIN', 'CSNOW', 'CWAT', 'CWORK', 'DLWRF', 'DPT', 'DSWRF', 'DZDT', 'FLDCP', 'FRICV', 'GFLUX', 'GRLE', 'GUST', 'HCDC', 'HGT', 'HINDEX', 'HLCY', 'HPBL', 'ICAHT', 'ICEC', 'ICEG', 'ICETK', 'ICETMP', 'ICMR', 'LAND', 'LCDC', 'LFTX', 'LHTFL', 'MCDC', 'MSLET', 'O3MR', 'PEVPR', 'PLPL', 'POT', 'PRATE', 'PRES', 'PRMSL', 'PWAT', 'REFC', 'REFD', 'RH', 'RWMR', 'SFCR', 'SHTFL', 'SNMR', 'SNOD', 'SOILL', 'SOILW', 'SOTYP', 'SPFH', 'SUNSD', 'TCDC', 'TMAX', 'TMIN', 'TMP', 'TOZNE', 'TSOIL', 'U-GWD', 'UFLX', 'UGRD', 'ULWRF', 'USTM', 'USWRF', 'V-GWD', 'VEG', 'VFLX', 'VGRD', 'VIS', 'VRATE', 'VSTM', 'VVEL', 'VWSH', 'WATR', 'WEASD', 'WILT']",731.0,ok,2.9181196999852546,2026-07-01T03:38:47Z,
gfs,2026-07-01,0,9,https://nomads.ncep.noaa.gov/pub/data/nccf/com/gfs/prod/gfs.20260701/00/atmos/gfs.t00z.pgrb2.0p25.f009.idx,743.0,89.0,"['4LFTX', 'ABSV', 'ACPCP', 'ALBDO', 'APCP', 'APTMP', 'CAPE', 'CFRZR', 'CICEP', 'CIN', 'CLWMR', 'CNWAT', 'CPOFP', 'CPRAT', 'CRAIN', 'CSNOW', 'CWAT', 'CWORK', 'DLWRF', 'DPT', 'DSWRF', 'DZDT', 'FLDCP', 'FRICV', 'GFLUX', 'GRLE', 'GUST', 'HCDC', 'HGT', 'HINDEX', 'HLCY', 'HPBL', 'ICAHT', 'ICEC', 'ICEG', 'ICETK', 'ICETMP', 'ICMR', 'LAND', 'LCDC', 'LFTX', 'LHTFL', 'MCDC', 'MSLET', 'O3MR', 'PEVPR', 'PLPL', 'POT', 'PRATE', 'PRES', 'PRMSL', 'PWAT', 'REFC', 'REFD', 'RH', 'RWMR', 'SFCR', 'SHTFL', 'SNMR', 'SNOD', 'SOILL', 'SOILW', 'SOTYP', 'SPFH', 'SUNSD', 'TCDC', 'TMAX', 'TMIN', 'TMP', 'TOZNE', 'TSOIL', 'U-GWD', 'UFLX', 'UGRD', 'ULWRF', 'USTM', 'USWRF', 'V-GWD', 'VEG', 'VFLX', 'VGRD', 'VIS', 'VRATE', 'VSTM', 'VVEL', 'VWSH', 'WATR', 'WEASD', 'WILT']",731.0,ok,3.2548418000224046,2026-07-01T03:35:32Z,
gfs,2026-07-01,6,3,https://nomads.ncep.noaa.gov/pub/data/nccf/com/gfs/prod/gfs.20260701/06/atmos/gfs.t06z.pgrb2.0p25.f003.idx,743.0,89.0,"['4LFTX', 'ABSV', 'ACPCP', 'ALBDO', 'APCP', 'APTMP', 'CAPE', 'CFRZR', 'CICEP', 'CIN', 'CLWMR', 'CNWAT', 'CPOFP', 'CPRAT', 'CRAIN', 'CSNOW', 'CWAT', 'CWORK', 'DLWRF', 'DPT', 'DSWRF', 'DZDT', 'FLDCP', 'FRICV', 'GFLUX', 'GRLE', 'GUST', 'HCDC', 'HGT', 'HINDEX', 'HLCY', 'HPBL', 'ICAHT', 'ICEC', 'ICEG', 'ICETK', 'ICETMP', 'ICMR', 'LAND', 'LCDC', 'LFTX', 'LHTFL', 'MCDC', 'MSLET', 'O3MR', 'PEVPR', 'PLPL', 'POT', 'PRATE', 'PRES', 'PRMSL', 'PWAT', 'REFC', 'REFD', 'RH', 'RWMR', 'SFCR', 'SHTFL', 'SNMR', 'SNOD', 'SOILL', 'SOILW', 'SOTYP', 'SPFH', 'SUNSD', 'TCDC', 'TMAX', 'TMIN', 'TMP', 'TOZNE', 'TSOIL', 'U-GWD', 'UFLX', 'UGRD', 'ULWRF', 'USTM', 'USWRF', 'V-GWD', 'VEG', 'VFLX', 'VGRD', 'VIS', 'VRATE', 'VSTM', 'VVEL', 'VWSH', 'WATR', 'WEASD', 'WILT']",731.0,ok,3.2659668999840505,2026-07-01T09:33:14Z,
gfs,2026-07-01,0,6,https://nomads.ncep.noaa.gov/pub/data/nccf/com/gfs/prod/gfs.20260701/00/atmos/gfs.t00z.pgrb2.0p25.f006.idx,743.0,89.0,"['4LFTX', 'ABSV', 'ACPCP', 'ALBDO', 'APCP', 'APTMP', 'CAPE', 'CFRZR', 'CICEP', 'CIN', 'CLWMR', 'CNWAT', 'CPOFP', 'CPRAT', 'CRAIN', 'CSNOW', 'CWAT', 'CWORK', 'DLWRF', 'DPT', 'DSWRF', 'DZDT', 'FLDCP', 'FRICV', 'GFLUX', 'GRLE', 'GUST', 'HCDC', 'HGT', 'HINDEX', 'HLCY', 'HPBL', 'ICAHT', 'ICEC', 'ICEG', 'ICETK', 'ICETMP', 'ICMR', 'LAND', 'LCDC', 'LFTX', 'LHTFL', 'MCDC', 'MSLET', 'O3MR', 'PEVPR', 'PLPL', 'POT', 'PRATE', 'PRES', 'PRMSL', 'PWAT', 'REFC', 'REFD', 'RH', 'RWMR', 'SFCR', 'SHTFL', 'SNMR', 'SNOD', 'SOILL', 'SOILW', 'SOTYP', 'SPFH', 'SUNSD', 'TCDC', 'TMAX', 'TMIN', 'TMP', 'TOZNE', 'TSOIL', 'U-GWD', 'UFLX', 'UGRD', 'ULWRF', 'USTM', 'USWRF', 'V-GWD', 'VEG', 'VFLX', 'VGRD', 'VIS', 'VRATE', 'VSTM', 'VVEL', 'VWSH', 'WATR', 'WEASD', 'WILT']",731.0,ok,3.3039342000265606,2026-07-01T03:34:37Z,
gfs,2026-07-01,0,18,https://nomads.ncep.noaa.gov/pub/data/nccf/com/gfs/prod/gfs.20260701/00/atmos/gfs.t00z.pgrb2.0p25.f018.idx,743.0,89.0,"['4LFTX', 'ABSV', 'ACPCP', 'ALBDO', 'APCP', 'APTMP', 'CAPE', 'CFRZR', 'CICEP', 'CIN', 'CLWMR', 'CNWAT', 'CPOFP', 'CPRAT', 'CRAIN', 'CSNOW', 'CWAT', 'CWORK', 'DLWRF', 'DPT', 'DSWRF', 'DZDT', 'FLDCP', 'FRICV', 'GFLUX', 'GRLE', 'GUST', 'HCDC', 'HGT', 'HINDEX', 'HLCY', 'HPBL', 'ICAHT', 'ICEC', 'ICEG', 'ICETK', 'ICETMP', 'ICMR', 'LAND', 'LCDC', 'LFTX', 'LHTFL', 'MCDC', 'MSLET', 'O3MR', 'PEVPR', 'PLPL', 'POT', 'PRATE', 'PRES', 'PRMSL', 'PWAT', 'REFC', 'REFD', 'RH', 'RWMR', 'SFCR', 'SHTFL', 'SNMR', 'SNOD', 'SOILL', 'SOILW', 'SOTYP', 'SPFH', 'SUNSD', 'TCDC', 'TMAX', 'TMIN', 'TMP', 'TOZNE', 'TSOIL', 'U-GWD', 'UFLX', 'UGRD', 'ULWRF', 'USTM', 'USWRF', 'V-GWD', 'VEG', 'VFLX', 'VGRD', 'VIS', 'VRATE', 'VSTM', 'VVEL', 'VWSH', 'WATR', 'WEASD', 'WILT']",731.0,ok,3.3065882999799214,2026-07-01T03:38:13Z,
gfs,2026-07-01,0,33,https://nomads.ncep.noaa.gov/pub/data/nccf/com/gfs/prod/gfs.20260701/00/atmos/gfs.t00z.pgrb2.0p25.f033.idx,743.0,89.0,"['4LFTX', 'ABSV', 'ACPCP', 'ALBDO', 'APCP', 'APTMP', 'CAPE', 'CFRZR', 'CICEP', 'CIN', 'CLWMR', 'CNWAT', 'CPOFP', 'CPRAT', 'CRAIN', 'CSNOW', 'CWAT', 'CWORK', 'DLWRF', 'DPT', 'DSWRF', 'DZDT', 'FLDCP', 'FRICV', 'GFLUX', 'GRLE', 'GUST', 'HCDC', 'HGT', 'HINDEX', 'HLCY', 'HPBL', 'ICAHT', 'ICEC', 'ICEG', 'ICETK', 'ICETMP', 'ICMR', 'LAND', 'LCDC', 'LFTX', 'LHTFL', 'MCDC', 'MSLET', 'O3MR', 'PEVPR', 'PLPL', 'POT', 'PRATE', 'PRES', 'PRMSL', 'PWAT', 'REFC', 'REFD', 'RH', 'RWMR', 'SFCR', 'SHTFL', 'SNMR', 'SNOD', 'SOILL', 'SOILW', 'SOTYP', 'SPFH', 'SUNSD', 'TCDC', 'TMAX', 'TMIN', 'TMP', 'TOZNE', 'TSOIL', 'U-GWD', 'UFLX', 'UGRD', 'ULWRF', 'USTM', 'USWRF', 'V-GWD', 'VEG', 'VFLX', 'VGRD', 'VIS', 'VRATE', 'VSTM', 'VVEL', 'VWSH', 'WATR', 'WEASD', 'WILT']",731.0,ok,3.510744400031399,2026-07-01T03:41:53Z,
gfs,2026-07-01,0,30,https://nomads.ncep.noaa.gov/pub/data/nccf/com/gfs/prod/gfs.20260701/00/atmos/gfs.t00z.pgrb2.0p25.f030.idx,743.0,89.0,"['4LFTX', 'ABSV', 'ACPCP', 'ALBDO', 'APCP', 'APTMP', 'CAPE', 'CFRZR', 'CICEP', 'CIN', 'CLWMR', 'CNWAT', 'CPOFP', 'CPRAT', 'CRAIN', 'CSNOW', 'CWAT', 'CWORK', 'DLWRF', 'DPT', 'DSWRF', 'DZDT', 'FLDCP', 'FRICV', 'GFLUX', 'GRLE', 'GUST', 'HCDC', 'HGT', 'HINDEX', 'HLCY', 'HPBL', 'ICAHT', 'ICEC', 'ICEG', 'ICETK', 'ICETMP', 'ICMR', 'LAND', 'LCDC', 'LFTX', 'LHTFL', 'MCDC', 'MSLET', 'O3MR', 'PEVPR', 'PLPL', 'POT', 'PRATE', 'PRES', 'PRMSL', 'PWAT', 'REFC', 'REFD', 'RH', 'RWMR', 'SFCR', 'SHTFL', 'SNMR', 'SNOD', 'SOILL', 'SOILW', 'SOTYP', 'SPFH', 'SUNSD', 'TCDC', 'TMAX', 'TMIN', 'TMP', 'TOZNE', 'TSOIL', 'U-GWD', 'UFLX', 'UGRD', 'ULWRF', 'USTM', 'USWRF', 'V-GWD', 'VEG', 'VFLX', 'VGRD', 'VIS', 'VRATE', 'VSTM', 'VVEL', 'VWSH', 'WATR', 'WEASD', 'WILT']",731.0,ok,3.6243334999890067,2026-07-01T03:42:22Z,
gfs,2026-07-01,6,6,https://nomads.ncep.noaa.gov/pub/data/nccf/com/gfs/prod/gfs.20260701/06/atmos/gfs.t06z.pgrb2.0p25.f006.idx,743.0,89.0,"['4LFTX', 'ABSV', 'ACPCP', 'ALBDO', 'APCP', 'APTMP', 'CAPE', 'CFRZR', 'CICEP', 'CIN', 'CLWMR', 'CNWAT', 'CPOFP', 'CPRAT', 'CRAIN', 'CSNOW', 'CWAT', 'CWORK', 'DLWRF', 'DPT', 'DSWRF', 'DZDT', 'FLDCP', 'FRICV', 'GFLUX', 'GRLE', 'GUST', 'HCDC', 'HGT', 'HINDEX', 'HLCY', 'HPBL', 'ICAHT', 'ICEC', 'ICEG', 'ICETK', 'ICETMP', 'ICMR', 'LAND', 'LCDC', 'LFTX', 'LHTFL', 'MCDC', 'MSLET', 'O3MR', 'PEVPR', 'PLPL', 'POT', 'PRATE', 'PRES', 'PRMSL', 'PWAT', 'REFC', 'REFD', 'RH', 'RWMR', 'SFCR', 'SHTFL', 'SNMR', 'SNOD', 'SOILL', 'SOILW', 'SOTYP', 'SPFH', 'SUNSD', 'TCDC', 'TMAX', 'TMIN', 'TMP', 'TOZNE', 'TSOIL', 'U-GWD', 'UFLX', 'UGRD', 'ULWRF', 'USTM', 'USWRF', 'V-GWD', 'VEG', 'VFLX', 'VGRD', 'VIS', 'VRATE', 'VSTM', 'VVEL', 'VWSH', 'WATR', 'WEASD', 'WILT']",731.0,ok,3.65961089998018,2026-07-01T09:33:49Z,
gfs,2026-07-01,0,0,https://nomads.ncep.noaa.gov/pub/data/nccf/com/gfs/prod/gfs.20260701/00/atmos/gfs.t00z.pgrb2.0p25.f000.idx,696.0,69.0,"['4LFTX', 'ABSV', 'APTMP', 'CAPE', 'CFRZR', 'CICEP', 'CIN', 'CLWMR', 'CNWAT', 'CPOFP', 'CRAIN', 'CSNOW', 'CWAT', 'DPT', 'DZDT', 'FLDCP', 'FRICV', 'GRLE', 'GUST', 'HCDC', 'HGT', 'HINDEX', 'HLCY', 'HPBL', 'ICAHT', 'ICEC', 'ICEG', 'ICETK', 'ICETMP', 'ICMR', 'LAND', 'LCDC', 'LFTX', 'MCDC', 'MSLET', 'O3MR', 'PLPL', 'POT', 'PRATE', 'PRES', 'PRMSL', 'PWAT', 'REFC', 'REFD', 'RH', 'RWMR', 'SFCR', 'SNMR', 'SNOD', 'SOILL', 'SOILW', 'SOTYP', 'SPFH', 'SUNSD', 'TCDC', 'TMP', 'TOZNE', 'TSOIL', 'UGRD', 'USTM', 'VEG', 'VGRD', 'VIS', 'VRATE', 'VSTM', 'VVEL', 'VWSH', 'WEASD', 'WILT']",696.0,ok,5.337179799971636,2026-07-01T03:33:14Z,
gfs,2026-07-01,0,3,https://nomads.ncep.noaa.gov/pub/data/nccf/com/gfs/prod/gfs.20260701/00/atmos/gfs.t00z.pgrb2.0p25.f003.idx,743.0,89.0,"['4LFTX', 'ABSV', 'ACPCP', 'ALBDO', 'APCP', 'APTMP', 'CAPE', 'CFRZR', 'CICEP', 'CIN', 'CLWMR', 'CNWAT', 'CPOFP', 'CPRAT', 'CRAIN', 'CSNOW', 'CWAT', 'CWORK', 'DLWRF', 'DPT', 'DSWRF', 'DZDT', 'FLDCP', 'FRICV', 'GFLUX', 'GRLE', 'GUST', 'HCDC', 'HGT', 'HINDEX', 'HLCY', 'HPBL', 'ICAHT', 'ICEC', 'ICEG', 'ICETK', 'ICETMP', 'ICMR', 'LAND', 'LCDC', 'LFTX', 'LHTFL', 'MCDC', 'MSLET', 'O3MR', 'PEVPR', 'PLPL', 'POT', 'PRATE', 'PRES', 'PRMSL', 'PWAT', 'REFC', 'REFD', 'RH', 'RWMR', 'SFCR', 'SHTFL', 'SNMR', 'SNOD', 'SOILL', 'SOILW', 'SOTYP', 'SPFH', 'SUNSD', 'TCDC', 'TMAX', 'TMIN', 'TMP', 'TOZNE', 'TSOIL', 'U-GWD', 'UFLX', 'UGRD', 'ULWRF', 'USTM', 'USWRF', 'V-GWD', 'VEG', 'VFLX', 'VGRD', 'VIS', 'VRATE', 'VSTM', 'VVEL', 'VWSH', 'WATR', 'WEASD', 'WILT']",731.0,ok,5.467768699978478,2026-07-01T03:34:01Z,
gfs,2026-07-01,6,9,https://nomads.ncep.noaa.gov/pub/data/nccf/com/gfs/prod/gfs.20260701/06/atmos/gfs.t06z.pgrb2.0p25.f009.idx,743.0,89.0,"['4LFTX', 'ABSV', 'ACPCP', 'ALBDO', 'APCP', 'APTMP', 'CAPE', 'CFRZR', 'CICEP', 'CIN', 'CLWMR', 'CNWAT', 'CPOFP', 'CPRAT', 'CRAIN', 'CSNOW', 'CWAT', 'CWORK', 'DLWRF', 'DPT', 'DSWRF', 'DZDT', 'FLDCP', 'FRICV', 'GFLUX', 'GRLE', 'GUST', 'HCDC', 'HGT', 'HINDEX', 'HLCY', 'HPBL', 'ICAHT', 'ICEC', 'ICEG', 'ICETK', 'ICETMP', 'ICMR', 'LAND', 'LCDC', 'LFTX', 'LHTFL', 'MCDC', 'MSLET', 'O3MR', 'PEVPR', 'PLPL', 'POT', 'PRATE', 'PRES', 'PRMSL', 'PWAT', 'REFC', 'REFD', 'RH', 'RWMR', 'SFCR', 'SHTFL', 'SNMR', 'SNOD', 'SOILL', 'SOILW', 'SOTYP', 'SPFH', 'SUNSD', 'TCDC', 'TMAX', 'TMIN', 'TMP', 'TOZNE', 'TSOIL', 'U-GWD', 'UFLX', 'UGRD', 'ULWRF', 'USTM', 'USWRF', 'V-GWD', 'VEG', 'VFLX', 'VGRD', 'VIS', 'VRATE', 'VSTM', 'VVEL', 'VWSH', 'WATR', 'WEASD', 'WILT']",731.0,ok,2.5622019000002183,2026-07-01T09:34:34Z,
gfs,2026-07-01,6,0,https://nomads.ncep.noaa.gov/pub/data/nccf/com/gfs/prod/gfs.20260701/06/atmos/gfs.t06z.pgrb2.0p25.f000.idx,696.0,69.0,"['4LFTX', 'ABSV', 'APTMP', 'CAPE', 'CFRZR', 'CICEP', 'CIN', 'CLWMR', 'CNWAT', 'CPOFP', 'CRAIN', 'CSNOW', 'CWAT', 'DPT', 'DZDT', 'FLDCP', 'FRICV', 'GRLE', 'GUST', 'HCDC', 'HGT', 'HINDEX', 'HLCY', 'HPBL', 'ICAHT', 'ICEC', 'ICEG', 'ICETK', 'ICETMP', 'ICMR', 'LAND', 'LCDC', 'LFTX', 'MCDC', 'MSLET', 'O3MR', 'PLPL', 'POT', 'PRATE', 'PRES', 'PRMSL', 'PWAT', 'REFC', 'REFD', 'RH', 'RWMR', 'SFCR', 'SNMR', 'SNOD', 'SOILL', 'SOILW', 'SOTYP', 'SPFH', 'SUNSD', 'TCDC', 'TMP', 'TOZNE', 'TSOIL', 'UGRD', 'USTM', 'VEG', 'VGRD', 'VIS', 'VRATE', 'VSTM', 'VVEL', 'VWSH', 'WEASD', 'WILT']",696.0,ok,5.477055100025609,2026-07-01T09:32:14Z,
gfs,2026-07-01,0,27,https://nomads.ncep.noaa.gov/pub/data/nccf/com/gfs/prod/gfs.20260701/00/atmos/gfs.t00z.pgrb2.0p25.f027.idx,743.0,89.0,"['4LFTX', 'ABSV', 'ACPCP', 'ALBDO', 'APCP', 'APTMP', 'CAPE', 'CFRZR', 'CICEP', 'CIN', 'CLWMR', 'CNWAT', 'CPOFP', 'CPRAT', 'CRAIN', 'CSNOW', 'CWAT', 'CWORK', 'DLWRF', 'DPT', 'DSWRF', 'DZDT', 'FLDCP', 'FRICV', 'GFLUX', 'GRLE', 'GUST', 'HCDC', 'HGT', 'HINDEX', 'HLCY', 'HPBL', 'ICAHT', 'ICEC', 'ICEG', 'ICETK', 'ICETMP', 'ICMR', 'LAND', 'LCDC', 'LFTX', 'LHTFL', 'MCDC', 'MSLET', 'O3MR', 'PEVPR', 'PLPL', 'POT', 'PRATE', 'PRES', 'PRMSL', 'PWAT', 'REFC', 'REFD', 'RH', 'RWMR', 'SFCR', 'SHTFL', 'SNMR', 'SNOD', 'SOILL', 'SOILW', 'SOTYP', 'SPFH', 'SUNSD', 'TCDC', 'TMAX', 'TMIN', 'TMP', 'TOZNE', 'TSOIL', 'U-GWD', 'UFLX', 'UGRD', 'ULWRF', 'USTM', 'USWRF', 'V-GWD', 'VEG', 'VFLX', 'VGRD', 'VIS', 'VRATE', 'VSTM', 'VVEL', 'VWSH', 'WATR', 'WEASD', 'WILT']",731.0,ok,5.549284200009424,2026-07-01T03:41:25Z,
gfs,2026-07-01,6,21,https://nomads.ncep.noaa.gov/pub/data/nccf/com/gfs/prod/gfs.20260701/06/atmos/gfs.t06z.pgrb2.0p25.f021.idx,743.0,89.0,"['4LFTX', 'ABSV', 'ACPCP', 'ALBDO', 'APCP', 'APTMP', 'CAPE', 'CFRZR', 'CICEP', 'CIN', 'CLWMR', 'CNWAT', 'CPOFP', 'CPRAT', 'CRAIN', 'CSNOW', 'CWAT', 'CWORK', 'DLWRF', 'DPT', 'DSWRF', 'DZDT', 'FLDCP', 'FRICV', 'GFLUX', 'GRLE', 'GUST', 'HCDC', 'HGT', 'HINDEX', 'HLCY', 'HPBL', 'ICAHT', 'ICEC', 'ICEG', 'ICETK', 'ICETMP', 'ICMR', 'LAND', 'LCDC', 'LFTX', 'LHTFL', 'MCDC', 'MSLET', 'O3MR', 'PEVPR', 'PLPL', 'POT', 'PRATE', 'PRES', 'PRMSL', 'PWAT', 'REFC', 'REFD', 'RH', 'RWMR', 'SFCR', 'SHTFL', 'SNMR', 'SNOD', 'SOILL', 'SOILW', 'SOTYP', 'SPFH', 'SUNSD', 'TCDC', 'TMAX', 'TMIN', 'TMP', 'TOZNE', 'TSOIL', 'U-GWD', 'UFLX', 'UGRD', 'ULWRF', 'USTM', 'USWRF', 'V-GWD', 'VEG', 'VFLX', 'VGRD', 'VIS', 'VRATE', 'VSTM', 'VVEL', 'VWSH', 'WATR', 'WEASD', 'WILT']",731.0,ok,2.398611999989953,2026-07-01T09:37:56Z,
gfs,2026-07-01,0,24,https://nomads.ncep.noaa.gov/pub/data/nccf/com/gfs/prod/gfs.20260701/00/atmos/gfs.t00z.pgrb2.0p25.f024.idx,743.0,89.0,"['4LFTX', 'ABSV', 'ACPCP', 'ALBDO', 'APCP', 'APTMP', 'CAPE', 'CFRZR', 'CICEP', 'CIN', 'CLWMR', 'CNWAT', 'CPOFP', 'CPRAT', 'CRAIN', 'CSNOW', 'CWAT', 'CWORK', 'DLWRF', 'DPT', 'DSWRF', 'DZDT', 'FLDCP', 'FRICV', 'GFLUX', 'GRLE', 'GUST', 'HCDC', 'HGT', 'HINDEX', 'HLCY', 'HPBL', 'ICAHT', 'ICEC', 'ICEG', 'ICETK', 'ICETMP', 'ICMR', 'LAND', 'LCDC', 'LFTX', 'LHTFL', 'MCDC', 'MSLET', 'O3MR', 'PEVPR', 'PLPL', 'POT', 'PRATE', 'PRES', 'PRMSL', 'PWAT', 'REFC', 'REFD', 'RH', 'RWMR', 'SFCR', 'SHTFL', 'SNMR', 'SNOD', 'SOILL', 'SOILW', 'SOTYP', 'SPFH', 'SUNSD', 'TCDC', 'TMAX', 'TMIN', 'TMP', 'TOZNE', 'TSOIL', 'U-GWD', 'UFLX', 'UGRD', 'ULWRF', 'USTM', 'USWRF', 'V-GWD', 'VEG', 'VFLX', 'VGRD', 'VIS', 'VRATE', 'VSTM', 'VVEL', 'VWSH', 'WATR', 'WEASD', 'WILT']",731.0,ok,5.733958900033031,2026-07-01T03:40:16Z,
gfs,2026-07-01,0,48,https://nomads.ncep.noaa.gov/pub/data/nccf/com/gfs/prod/gfs.20260701/00/atmos/gfs.t00z.pgrb2.0p25.f048.idx,743.0,89.0,"['4LFTX', 'ABSV', 'ACPCP', 'ALBDO', 'APCP', 'APTMP', 'CAPE', 'CFRZR', 'CICEP', 'CIN', 'CLWMR', 'CNWAT', 'CPOFP', 'CPRAT', 'CRAIN', 'CSNOW', 'CWAT', 'CWORK', 'DLWRF', 'DPT', 'DSWRF', 'DZDT', 'FLDCP', 'FRICV', 'GFLUX', 'GRLE', 'GUST', 'HCDC', 'HGT', 'HINDEX', 'HLCY', 'HPBL', 'ICAHT', 'ICEC', 'ICEG', 'ICETK', 'ICETMP', 'ICMR', 'LAND', 'LCDC', 'LFTX', 'LHTFL', 'MCDC', 'MSLET', 'O3MR', 'PEVPR', 'PLPL', 'POT', 'PRATE', 'PRES', 'PRMSL', 'PWAT', 'REFC', 'REFD', 'RH', 'RWMR', 'SFCR', 'SHTFL', 'SNMR', 'SNOD', 'SOILL', 'SOILW', 'SOTYP', 'SPFH', 'SUNSD', 'TCDC', 'TMAX', 'TMIN', 'TMP', 'TOZNE', 'TSOIL', 'U-GWD', 'UFLX', 'UGRD', 'ULWRF', 'USTM', 'USWRF', 'V-GWD', 'VEG', 'VFLX', 'VGRD', 'VIS', 'VRATE', 'VSTM', 'VVEL', 'VWSH', 'WATR', 'WEASD', 'WILT']",731.0,ok,5.73690879996866,2026-07-01T03:46:14Z,
gfs,2026-07-01,6,12,https://nomads.ncep.noaa.gov/pub/data/nccf/com/gfs/prod/gfs.20260701/06/atmos/gfs.t06z.pgrb2.0p25.f012.idx,743.0,89.0,"['4LFTX', 'ABSV', 'ACPCP', 'ALBDO', 'APCP', 'APTMP', 'CAPE', 'CFRZR', 'CICEP', 'CIN', 'CLWMR', 'CNWAT', 'CPOFP', 'CPRAT', 'CRAIN', 'CSNOW', 'CWAT', 'CWORK', 'DLWRF', 'DPT', 'DSWRF', 'DZDT', 'FLDCP', 'FRICV', 'GFLUX', 'GRLE', 'GUST', 'HCDC', 'HGT', 'HINDEX', 'HLCY', 'HPBL', 'ICAHT', 'ICEC', 'ICEG', 'ICETK', 'ICETMP', 'ICMR', 'LAND', 'LCDC', 'LFTX', 'LHTFL', 'MCDC', 'MSLET', 'O3MR', 'PEVPR', 'PLPL', 'POT', 'PRATE', 'PRES', 'PRMSL', 'PWAT', 'REFC', 'REFD', 'RH', 'RWMR', 'SFCR', 'SHTFL', 'SNMR', 'SNOD', 'SOILL', 'SOILW', 'SOTYP', 'SPFH', 'SUNSD', 'TCDC', 'TMAX', 'TMIN', 'TMP', 'TOZNE', 'TSOIL', 'U-GWD', 'UFLX', 'UGRD', 'ULWRF', 'USTM', 'USWRF', 'V-GWD', 'VEG', 'VFLX', 'VGRD', 'VIS', 'VRATE', 'VSTM', 'VVEL', 'VWSH', 'WATR', 'WEASD', 'WILT']",731.0,ok,3.043734500010032,2026-07-01T09:35:27Z,
gfs,2026-07-01,6,15,https://nomads.ncep.noaa.gov/pub/data/nccf/com/gfs/prod/gfs.20260701/06/atmos/gfs.t06z.pgrb2.0p25.f015.idx,743.0,89.0,"['4LFTX', 'ABSV', 'ACPCP', 'ALBDO', 'APCP', 'APTMP', 'CAPE', 'CFRZR', 'CICEP', 'CIN', 'CLWMR', 'CNWAT', 'CPOFP', 'CPRAT', 'CRAIN', 'CSNOW', 'CWAT', 'CWORK', 'DLWRF', 'DPT', 'DSWRF', 'DZDT', 'FLDCP', 'FRICV', 'GFLUX', 'GRLE', 'GUST', 'HCDC', 'HGT', 'HINDEX', 'HLCY', 'HPBL', 'ICAHT', 'ICEC', 'ICEG', 'ICETK', 'ICETMP', 'ICMR', 'LAND', 'LCDC', 'LFTX', 'LHTFL', 'MCDC', 'MSLET', 'O3MR', 'PEVPR', 'PLPL', 'POT', 'PRATE', 'PRES', 'PRMSL', 'PWAT', 'REFC', 'REFD', 'RH', 'RWMR', 'SFCR', 'SHTFL', 'SNMR', 'SNOD', 'SOILL', 'SOILW', 'SOTYP', 'SPFH', 'SUNSD', 'TCDC', 'TMAX', 'TMIN', 'TMP', 'TOZNE', 'TSOIL', 'U-GWD', 'UFLX', 'UGRD', 'ULWRF', 'USTM', 'USWRF', 'V-GWD', 'VEG', 'VFLX', 'VGRD', 'VIS', 'VRATE', 'VSTM', 'VVEL', 'VWSH', 'WATR', 'WEASD', 'WILT']",731.0,ok,3.0455741999903694,2026-07-01T09:36:16Z,
gfs,2026-07-01,6,18,https://nomads.ncep.noaa.gov/pub/data/nccf/com/gfs/prod/gfs.20260701/06/atmos/gfs.t06z.pgrb2.0p25.f018.idx,743.0,89.0,"['4LFTX', 'ABSV', 'ACPCP', 'ALBDO', 'APCP', 'APTMP', 'CAPE', 'CFRZR', 'CICEP', 'CIN', 'CLWMR', 'CNWAT', 'CPOFP', 'CPRAT', 'CRAIN', 'CSNOW', 'CWAT', 'CWORK', 'DLWRF', 'DPT', 'DSWRF', 'DZDT', 'FLDCP', 'FRICV', 'GFLUX', 'GRLE', 'GUST', 'HCDC', 'HGT', 'HINDEX', 'HLCY', 'HPBL', 'ICAHT', 'ICEC', 'ICEG', 'ICETK', 'ICETMP', 'ICMR', 'LAND', 'LCDC', 'LFTX', 'LHTFL', 'MCDC', 'MSLET', 'O3MR', 'PEVPR', 'PLPL', 'POT', 'PRATE', 'PRES', 'PRMSL', 'PWAT', 'REFC', 'REFD', 'RH', 'RWMR', 'SFCR', 'SHTFL', 'SNMR', 'SNOD', 'SOILL', 'SOILW', 'SOTYP', 'SPFH', 'SUNSD', 'TCDC', 'TMAX', 'TMIN', 'TMP', 'TOZNE', 'TSOIL', 'U-GWD', 'UFLX', 'UGRD', 'ULWRF', 'USTM', 'USWRF', 'V-GWD', 'VEG', 'VFLX', 'VGRD', 'VIS', 'VRATE', 'VSTM', 'VVEL', 'VWSH', 'WATR', 'WEASD', 'WILT']",731.0,ok,2.75005269999383,2026-07-01T09:37:02Z,
gfs,2026-07-01,6,24,https://nomads.ncep.noaa.gov/pub/data/nccf/com/gfs/prod/gfs.20260701/06/atmos/gfs.t06z.pgrb2.0p25.f024.idx,743.0,89.0,"['4LFTX', 'ABSV', 'ACPCP', 'ALBDO', 'APCP', 'APTMP', 'CAPE', 'CFRZR', 'CICEP', 'CIN', 'CLWMR', 'CNWAT', 'CPOFP', 'CPRAT', 'CRAIN', 'CSNOW', 'CWAT', 'CWORK', 'DLWRF', 'DPT', 'DSWRF', 'DZDT', 'FLDCP', 'FRICV', 'GFLUX', 'GRLE', 'GUST', 'HCDC', 'HGT', 'HINDEX', 'HLCY', 'HPBL', 'ICAHT', 'ICEC', 'ICEG', 'ICETK', 'ICETMP', 'ICMR', 'LAND', 'LCDC', 'LFTX', 'LHTFL', 'MCDC', 'MSLET', 'O3MR', 'PEVPR', 'PLPL', 'POT', 'PRATE', 'PRES', 'PRMSL', 'PWAT', 'REFC', 'REFD', 'RH', 'RWMR', 'SFCR', 'SHTFL', 'SNMR', 'SNOD', 'SOILL', 'SOILW', 'SOTYP', 'SPFH', 'SUNSD', 'TCDC', 'TMAX', 'TMIN', 'TMP', 'TOZNE', 'TSOIL', 'U-GWD', 'UFLX', 'UGRD', 'ULWRF', 'USTM', 'USWRF', 'V-GWD', 'VEG', 'VFLX', 'VGRD', 'VIS', 'VRATE', 'VSTM', 'VVEL', 'VWSH', 'WATR', 'WEASD', 'WILT']",731.0,ok,2.843429600005038,2026-07-01T09:38:43Z,
gfs,2026-07-01,6,27,https://nomads.ncep.noaa.gov/pub/data/nccf/com/gfs/prod/gfs.20260701/06/atmos/gfs.t06z.pgrb2.0p25.f027.idx,743.0,89.0,"['4LFTX', 'ABSV', 'ACPCP', 'ALBDO', 'APCP', 'APTMP', 'CAPE', 'CFRZR', 'CICEP', 'CIN', 'CLWMR', 'CNWAT', 'CPOFP', 'CPRAT', 'CRAIN', 'CSNOW', 'CWAT', 'CWORK', 'DLWRF', 'DPT', 'DSWRF', 'DZDT', 'FLDCP', 'FRICV', 'GFLUX', 'GRLE', 'GUST', 'HCDC', 'HGT', 'HINDEX', 'HLCY', 'HPBL', 'ICAHT', 'ICEC', 'ICEG', 'ICETK', 'ICETMP', 'ICMR', 'LAND', 'LCDC', 'LFTX', 'LHTFL', 'MCDC', 'MSLET', 'O3MR', 'PEVPR', 'PLPL', 'POT', 'PRATE', 'PRES', 'PRMSL', 'PWAT', 'REFC', 'REFD', 'RH', 'RWMR', 'SFCR', 'SHTFL', 'SNMR', 'SNOD', 'SOILL', 'SOILW', 'SOTYP', 'SPFH', 'SUNSD', 'TCDC', 'TMAX', 'TMIN', 'TMP', 'TOZNE', 'TSOIL', 'U-GWD', 'UFLX', 'UGRD', 'ULWRF', 'USTM', 'USWRF', 'V-GWD', 'VEG', 'VFLX', 'VGRD', 'VIS', 'VRATE', 'VSTM', 'VVEL', 'VWSH', 'WATR', 'WEASD', 'WILT']",731.0,ok,2.9421721000107937,2026-07-01T09:39:23Z,
gfs,2026-07-01,6,33,https://nomads.ncep.noaa.gov/pub/data/nccf/com/gfs/prod/gfs.20260701/06/atmos/gfs.t06z.pgrb2.0p25.f033.idx,743.0,89.0,"['4LFTX', 'ABSV', 'ACPCP', 'ALBDO', 'APCP', 'APTMP', 'CAPE', 'CFRZR', 'CICEP', 'CIN', 'CLWMR', 'CNWAT', 'CPOFP', 'CPRAT', 'CRAIN', 'CSNOW', 'CWAT', 'CWORK', 'DLWRF', 'DPT', 'DSWRF', 'DZDT', 'FLDCP', 'FRICV', 'GFLUX', 'GRLE', 'GUST', 'HCDC', 'HGT', 'HINDEX', 'HLCY', 'HPBL', 'ICAHT', 'ICEC', 'ICEG', 'ICETK', 'ICETMP', 'ICMR', 'LAND', 'LCDC', 'LFTX', 'LHTFL', 'MCDC', 'MSLET', 'O3MR', 'PEVPR', 'PLPL', 'POT', 'PRATE', 'PRES', 'PRMSL', 'PWAT', 'REFC', 'REFD', 'RH', 'RWMR', 'SFCR', 'SHTFL', 'SNMR', 'SNOD', 'SOILL', 'SOILW', 'SOTYP', 'SPFH', 'SUNSD', 'TCDC', 'TMAX', 'TMIN', 'TMP', 'TOZNE', 'TSOIL', 'U-GWD', 'UFLX', 'UGRD', 'ULWRF', 'USTM', 'USWRF', 'V-GWD', 'VEG', 'VFLX', 'VGRD', 'VIS', 'VRATE', 'VSTM', 'VVEL', 'VWSH', 'WATR', 'WEASD', 'WILT']",731.0,ok,2.646667500026524,2026-07-01T09:41:22Z,
gfs,2026-07-01,6,36,https://nomads.ncep.noaa.gov/pub/data/nccf/com/gfs/prod/gfs.20260701/06/atmos/gfs.t06z.pgrb2.0p25.f036.idx,743.0,89.0,"['4LFTX', 'ABSV', 'ACPCP', 'ALBDO', 'APCP', 'APTMP', 'CAPE', 'CFRZR', 'CICEP', 'CIN', 'CLWMR', 'CNWAT', 'CPOFP', 'CPRAT', 'CRAIN', 'CSNOW', 'CWAT', 'CWORK', 'DLWRF', 'DPT', 'DSWRF', 'DZDT', 'FLDCP', 'FRICV', 'GFLUX', 'GRLE', 'GUST', 'HCDC', 'HGT', 'HINDEX', 'HLCY', 'HPBL', 'ICAHT', 'ICEC', 'ICEG', 'ICETK', 'ICETMP', 'ICMR', 'LAND', 'LCDC', 'LFTX', 'LHTFL', 'MCDC', 'MSLET', 'O3MR', 'PEVPR', 'PLPL', 'POT', 'PRATE', 'PRES', 'PRMSL', 'PWAT', 'REFC', 'REFD', 'RH', 'RWMR', 'SFCR', 'SHTFL', 'SNMR', 'SNOD', 'SOILL', 'SOILW', 'SOTYP', 'SPFH', 'SUNSD', 'TCDC', 'TMAX', 'TMIN', 'TMP', 'TOZNE', 'TSOIL', 'U-GWD', 'UFLX', 'UGRD', 'ULWRF', 'USTM', 'USWRF', 'V-GWD', 'VEG', 'VFLX', 'VGRD', 'VIS', 'VRATE', 'VSTM', 'VVEL', 'VWSH', 'WATR', 'WEASD', 'WILT']",731.0,ok,2.6528161000460386,2026-07-01T09:41:38Z,
gfs,2026-07-01,6,30,https://nomads.ncep.noaa.gov/pub/data/nccf/com/gfs/prod/gfs.20260701/06/atmos/gfs.t06z.pgrb2.0p25.f030.idx,743.0,89.0,"['4LFTX', 'ABSV', 'ACPCP', 'ALBDO', 'APCP', 'APTMP', 'CAPE', 'CFRZR', 'CICEP', 'CIN', 'CLWMR', 'CNWAT', 'CPOFP', 'CPRAT', 'CRAIN', 'CSNOW', 'CWAT', 'CWORK', 'DLWRF', 'DPT', 'DSWRF', 'DZDT', 'FLDCP', 'FRICV', 'GFLUX', 'GRLE', 'GUST', 'HCDC', 'HGT', 'HINDEX', 'HLCY', 'HPBL', 'ICAHT', 'ICEC', 'ICEG', 'ICETK', 'ICETMP', 'ICMR', 'LAND', 'LCDC', 'LFTX', 'LHTFL', 'MCDC', 'MSLET', 'O3MR', 'PEVPR', 'PLPL', 'POT', 'PRATE', 'PRES', 'PRMSL', 'PWAT', 'REFC', 'REFD', 'RH', 'RWMR', 'SFCR', 'SHTFL', 'SNMR', 'SNOD', 'SOILL', 'SOILW', 'SOTYP', 'SPFH', 'SUNSD', 'TCDC', 'TMAX', 'TMIN', 'TMP', 'TOZNE', 'TSOIL', 'U-GWD', 'UFLX', 'UGRD', 'ULWRF', 'USTM', 'USWRF', 'V-GWD', 'VEG', 'VFLX', 'VGRD', 'VIS', 'VRATE', 'VSTM', 'VVEL', 'VWSH', 'WATR', 'WEASD', 'WILT']",731.0,ok,2.822693199967034,2026-07-01T09:40:04Z,
gfs,2026-07-01,0,15,https://nomads.ncep.noaa.gov/pub/data/nccf/com/gfs/prod/gfs.20260701/00/atmos/gfs.t00z.pgrb2.0p25.f015.idx,743.0,89.0,"['4LFTX', 'ABSV', 'ACPCP', 'ALBDO', 'APCP', 'APTMP', 'CAPE', 'CFRZR', 'CICEP', 'CIN', 'CLWMR', 'CNWAT', 'CPOFP', 'CPRAT', 'CRAIN', 'CSNOW', 'CWAT', 'CWORK', 'DLWRF', 'DPT', 'DSWRF', 'DZDT', 'FLDCP', 'FRICV', 'GFLUX', 'GRLE', 'GUST', 'HCDC', 'HGT', 'HINDEX', 'HLCY', 'HPBL', 'ICAHT', 'ICEC', 'ICEG', 'ICETK', 'ICETMP', 'ICMR', 'LAND', 'LCDC', 'LFTX', 'LHTFL', 'MCDC', 'MSLET', 'O3MR', 'PEVPR', 'PLPL', 'POT', 'PRATE', 'PRES', 'PRMSL', 'PWAT', 'REFC', 'REFD', 'RH', 'RWMR', 'SFCR', 'SHTFL', 'SNMR', 'SNOD', 'SOILL', 'SOILW', 'SOTYP', 'SPFH', 'SUNSD', 'TCDC', 'TMAX', 'TMIN', 'TMP', 'TOZNE', 'TSOIL', 'U-GWD', 'UFLX', 'UGRD', 'ULWRF', 'USTM', 'USWRF', 'V-GWD', 'VEG', 'VFLX', 'VGRD', 'VIS', 'VRATE', 'VSTM', 'VVEL', 'VWSH', 'WATR', 'WEASD', 'WILT']",731.0,ok,7.382626399979927,2026-07-01T03:37:11Z,
gfs,2026-07-01,0,39,https://nomads.ncep.noaa.gov/pub/data/nccf/com/gfs/prod/gfs.20260701/00/atmos/gfs.t00z.pgrb2.0p25.f039.idx,743.0,89.0,"['4LFTX', 'ABSV', 'ACPCP', 'ALBDO', 'APCP', 'APTMP', 'CAPE', 'CFRZR', 'CICEP', 'CIN', 'CLWMR', 'CNWAT', 'CPOFP', 'CPRAT', 'CRAIN', 'CSNOW', 'CWAT', 'CWORK', 'DLWRF', 'DPT', 'DSWRF', 'DZDT', 'FLDCP', 'FRICV', 'GFLUX', 'GRLE', 'GUST', 'HCDC', 'HGT', 'HINDEX', 'HLCY', 'HPBL', 'ICAHT', 'ICEC', 'ICEG', 'ICETK', 'ICETMP', 'ICMR', 'LAND', 'LCDC', 'LFTX', 'LHTFL', 'MCDC', 'MSLET', 'O3MR', 'PEVPR', 'PLPL', 'POT', 'PRATE', 'PRES', 'PRMSL', 'PWAT', 'REFC', 'REFD', 'RH', 'RWMR', 'SFCR', 'SHTFL', 'SNMR', 'SNOD', 'SOILL', 'SOILW', 'SOTYP', 'SPFH', 'SUNSD', 'TCDC', 'TMAX', 'TMIN', 'TMP', 'TOZNE', 'TSOIL', 'U-GWD', 'UFLX', 'UGRD', 'ULWRF', 'USTM', 'USWRF', 'V-GWD', 'VEG', 'VFLX', 'VGRD', 'VIS', 'VRATE', 'VSTM', 'VVEL', 'VWSH', 'WATR', 'WEASD', 'WILT']",731.0,ok,7.4047034999821335,2026-07-01T03:43:53Z,
gfs,2026-07-01,0,36,https://nomads.ncep.noaa.gov/pub/data/nccf/com/gfs/prod/gfs.20260701/00/atmos/gfs.t00z.pgrb2.0p25.f036.idx,743.0,89.0,"['4LFTX', 'ABSV', 'ACPCP', 'ALBDO', 'APCP', 'APTMP', 'CAPE', 'CFRZR', 'CICEP', 'CIN', 'CLWMR', 'CNWAT', 'CPOFP', 'CPRAT', 'CRAIN', 'CSNOW', 'CWAT', 'CWORK', 'DLWRF', 'DPT', 'DSWRF', 'DZDT', 'FLDCP', 'FRICV', 'GFLUX', 'GRLE', 'GUST', 'HCDC', 'HGT', 'HINDEX', 'HLCY', 'HPBL', 'ICAHT', 'ICEC', 'ICEG', 'ICETK', 'ICETMP', 'ICMR', 'LAND', 'LCDC', 'LFTX', 'LHTFL', 'MCDC', 'MSLET', 'O3MR', 'PEVPR', 'PLPL', 'POT', 'PRATE', 'PRES', 'PRMSL', 'PWAT', 'REFC', 'REFD', 'RH', 'RWMR', 'SFCR', 'SHTFL', 'SNMR', 'SNOD', 'SOILL', 'SOILW', 'SOTYP', 'SPFH', 'SUNSD', 'TCDC', 'TMAX', 'TMIN', 'TMP', 'TOZNE', 'TSOIL', 'U-GWD', 'UFLX', 'UGRD', 'ULWRF', 'USTM', 'USWRF', 'V-GWD', 'VEG', 'VFLX', 'VGRD', 'VIS', 'VRATE', 'VSTM', 'VVEL', 'VWSH', 'WATR', 'WEASD', 'WILT']",731.0,ok,7.923106400005054,2026-07-01T03:42:55Z,
gfs,2026-07-01,6,45,https://nomads.ncep.noaa.gov/pub/data/nccf/com/gfs/prod/gfs.20260701/06/atmos/gfs.t06z.pgrb2.0p25.f045.idx,743.0,89.0,"['4LFTX', 'ABSV', 'ACPCP', 'ALBDO', 'APCP', 'APTMP', 'CAPE', 'CFRZR', 'CICEP', 'CIN', 'CLWMR', 'CNWAT', 'CPOFP', 'CPRAT', 'CRAIN', 'CSNOW', 'CWAT', 'CWORK', 'DLWRF', 'DPT', 'DSWRF', 'DZDT', 'FLDCP', 'FRICV', 'GFLUX', 'GRLE', 'GUST', 'HCDC', 'HGT', 'HINDEX', 'HLCY', 'HPBL', 'ICAHT', 'ICEC', 'ICEG', 'ICETK', 'ICETMP', 'ICMR', 'LAND', 'LCDC', 'LFTX', 'LHTFL', 'MCDC', 'MSLET', 'O3MR', 'PEVPR', 'PLPL', 'POT', 'PRATE', 'PRES', 'PRMSL', 'PWAT', 'REFC', 'REFD', 'RH', 'RWMR', 'SFCR', 'SHTFL', 'SNMR', 'SNOD', 'SOILL', 'SOILW', 'SOTYP', 'SPFH', 'SUNSD', 'TCDC', 'TMAX', 'TMIN', 'TMP', 'TOZNE', 'TSOIL', 'U-GWD', 'UFLX', 'UGRD', 'ULWRF', 'USTM', 'USWRF', 'V-GWD', 'VEG', 'VFLX', 'VGRD', 'VIS', 'VRATE', 'VSTM', 'VVEL', 'VWSH', 'WATR', 'WEASD', 'WILT']",731.0,ok,2.7794438000419177,2026-07-01T09:44:24Z,
gfs,2026-07-01,12,3,https://nomads.ncep.noaa.gov/pub/data/nccf/com/gfs/prod/gfs.20260701/12/atmos/gfs.t12z.pgrb2.0p25.f003.idx,743.0,89.0,"['4LFTX', 'ABSV', 'ACPCP', 'ALBDO', 'APCP', 'APTMP', 'CAPE', 'CFRZR', 'CICEP', 'CIN', 'CLWMR', 'CNWAT', 'CPOFP', 'CPRAT', 'CRAIN', 'CSNOW', 'CWAT', 'CWORK', 'DLWRF', 'DPT', 'DSWRF', 'DZDT', 'FLDCP', 'FRICV', 'GFLUX', 'GRLE', 'GUST', 'HCDC', 'HGT', 'HINDEX', 'HLCY', 'HPBL', 'ICAHT', 'ICEC', 'ICEG', 'ICETK', 'ICETMP', 'ICMR', 'LAND', 'LCDC', 'LFTX', 'LHTFL', 'MCDC', 'MSLET', 'O3MR', 'PEVPR', 'PLPL', 'POT', 'PRATE', 'PRES', 'PRMSL', 'PWAT', 'REFC', 'REFD', 'RH', 'RWMR', 'SFCR', 'SHTFL', 'SNMR', 'SNOD', 'SOILL', 'SOILW', 'SOTYP', 'SPFH', 'SUNSD', 'TCDC', 'TMAX', 'TMIN', 'TMP', 'TOZNE', 'TSOIL', 'U-GWD', 'UFLX', 'UGRD', 'ULWRF', 'USTM', 'USWRF', 'V-GWD', 'VEG', 'VFLX', 'VGRD', 'VIS', 'VRATE', 'VSTM', 'VVEL', 'VWSH', 'WATR', 'WEASD', 'WILT']",731.0,ok,2.854490800003987,2026-07-01T15:33:09Z,
gfs,2026-07-01,12,15,https://nomads.ncep.noaa.gov/pub/data/nccf/com/gfs/prod/gfs.20260701/12/atmos/gfs.t12z.pgrb2.0p25.f015.idx,743.0,89.0,"['4LFTX', 'ABSV', 'ACPCP', 'ALBDO', 'APCP', 'APTMP', 'CAPE', 'CFRZR', 'CICEP', 'CIN', 'CLWMR', 'CNWAT', 'CPOFP', 'CPRAT', 'CRAIN', 'CSNOW', 'CWAT', 'CWORK', 'DLWRF', 'DPT', 'DSWRF', 'DZDT', 'FLDCP', 'FRICV', 'GFLUX', 'GRLE', 'GUST', 'HCDC', 'HGT', 'HINDEX', 'HLCY', 'HPBL', 'ICAHT', 'ICEC', 'ICEG', 'ICETK', 'ICETMP', 'ICMR', 'LAND', 'LCDC', 'LFTX', 'LHTFL', 'MCDC', 'MSLET', 'O3MR', 'PEVPR', 'PLPL', 'POT', 'PRATE', 'PRES', 'PRMSL', 'PWAT', 'REFC', 'REFD', 'RH', 'RWMR', 'SFCR', 'SHTFL', 'SNMR', 'SNOD', 'SOILL', 'SOILW', 'SOTYP', 'SPFH', 'SUNSD', 'TCDC', 'TMAX', 'TMIN', 'TMP', 'TOZNE', 'TSOIL', 'U-GWD', 'UFLX', 'UGRD', 'ULWRF', 'USTM', 'USWRF', 'V-GWD', 'VEG', 'VFLX', 'VGRD', 'VIS', 'VRATE', 'VSTM', 'VVEL', 'VWSH', 'WATR', 'WEASD', 'WILT']",731.0,ok,2.7920126999961212,2026-07-01T15:36:10Z,
gfs,2026-07-01,0,12,https://nomads.ncep.noaa.gov/pub/data/nccf/com/gfs/prod/gfs.20260701/00/atmos/gfs.t00z.pgrb2.0p25.f012.idx,743.0,89.0,"['4LFTX', 'ABSV', 'ACPCP', 'ALBDO', 'APCP', 'APTMP', 'CAPE', 'CFRZR', 'CICEP', 'CIN', 'CLWMR', 'CNWAT', 'CPOFP', 'CPRAT', 'CRAIN', 'CSNOW', 'CWAT', 'CWORK', 'DLWRF', 'DPT', 'DSWRF', 'DZDT', 'FLDCP', 'FRICV', 'GFLUX', 'GRLE', 'GUST', 'HCDC', 'HGT', 'HINDEX', 'HLCY', 'HPBL', 'ICAHT', 'ICEC', 'ICEG', 'ICETK', 'ICETMP', 'ICMR', 'LAND', 'LCDC', 'LFTX', 'LHTFL', 'MCDC', 'MSLET', 'O3MR', 'PEVPR', 'PLPL', 'POT', 'PRATE', 'PRES', 'PRMSL', 'PWAT', 'REFC', 'REFD', 'RH', 'RWMR', 'SFCR', 'SHTFL', 'SNMR', 'SNOD', 'SOILL', 'SOILW', 'SOTYP', 'SPFH', 'SUNSD', 'TCDC', 'TMAX', 'TMIN', 'TMP', 'TOZNE', 'TSOIL', 'U-GWD', 'UFLX', 'UGRD', 'ULWRF', 'USTM', 'USWRF', 'V-GWD', 'VEG', 'VFLX', 'VGRD', 'VIS', 'VRATE', 'VSTM', 'VVEL', 'VWSH', 'WATR', 'WEASD', 'WILT']",731.0,ok,9.092223800020292,2026-07-01T03:36:20Z,
gfs,2026-07-01,12,12,https://nomads.ncep.noaa.gov/pub/data/nccf/com/gfs/prod/gfs.20260701/12/atmos/gfs.t12z.pgrb2.0p25.f012.idx,743.0,89.0,"['4LFTX', 'ABSV', 'ACPCP', 'ALBDO', 'APCP', 'APTMP', 'CAPE', 'CFRZR', 'CICEP', 'CIN', 'CLWMR', 'CNWAT', 'CPOFP', 'CPRAT', 'CRAIN', 'CSNOW', 'CWAT', 'CWORK', 'DLWRF', 'DPT', 'DSWRF', 'DZDT', 'FLDCP', 'FRICV', 'GFLUX', 'GRLE', 'GUST', 'HCDC', 'HGT', 'HINDEX', 'HLCY', 'HPBL', 'ICAHT', 'ICEC', 'ICEG', 'ICETK', 'ICETMP', 'ICMR', 'LAND', 'LCDC', 'LFTX', 'LHTFL', 'MCDC', 'MSLET', 'O3MR', 'PEVPR', 'PLPL', 'POT', 'PRATE', 'PRES', 'PRMSL', 'PWAT', 'REFC', 'REFD', 'RH', 'RWMR', 'SFCR', 'SHTFL', 'SNMR', 'SNOD', 'SOILL', 'SOILW', 'SOTYP', 'SPFH', 'SUNSD', 'TCDC', 'TMAX', 'TMIN', 'TMP', 'TOZNE', 'TSOIL', 'U-GWD', 'UFLX', 'UGRD', 'ULWRF', 'USTM', 'USWRF', 'V-GWD', 'VEG', 'VFLX', 'VGRD', 'VIS', 'VRATE', 'VSTM', 'VVEL', 'VWSH', 'WATR', 'WEASD', 'WILT']",731.0,ok,3.1751074999920093,2026-07-01T15:35:29Z,
gfs,2026-07-01,12,21,https://nomads.ncep.noaa.gov/pub/data/nccf/com/gfs/prod/gfs.20260701/12/atmos/gfs.t12z.pgrb2.0p25.f021.idx,743.0,89.0,"['4LFTX', 'ABSV', 'ACPCP', 'ALBDO', 'APCP', 'APTMP', 'CAPE', 'CFRZR', 'CICEP', 'CIN', 'CLWMR', 'CNWAT', 'CPOFP', 'CPRAT', 'CRAIN', 'CSNOW', 'CWAT', 'CWORK', 'DLWRF', 'DPT', 'DSWRF', 'DZDT', 'FLDCP', 'FRICV', 'GFLUX', 'GRLE', 'GUST', 'HCDC', 'HGT', 'HINDEX', 'HLCY', 'HPBL', 'ICAHT', 'ICEC', 'ICEG', 'ICETK', 'ICETMP', 'ICMR', 'LAND', 'LCDC', 'LFTX', 'LHTFL', 'MCDC', 'MSLET', 'O3MR', 'PEVPR', 'PLPL', 'POT', 'PRATE', 'PRES', 'PRMSL', 'PWAT', 'REFC', 'REFD', 'RH', 'RWMR', 'SFCR', 'SHTFL', 'SNMR', 'SNOD', 'SOILL', 'SOILW', 'SOTYP', 'SPFH', 'SUNSD', 'TCDC', 'TMAX', 'TMIN', 'TMP', 'TOZNE', 'TSOIL', 'U-GWD', 'UFLX', 'UGRD', 'ULWRF', 'USTM', 'USWRF', 'V-GWD', 'VEG', 'VFLX', 'VGRD', 'VIS', 'VRATE', 'VSTM', 'VVEL', 'VWSH', 'WATR', 'WEASD', 'WILT']",731.0,ok,3.0939736000145786,2026-07-01T15:37:47Z,
gfs,2026-07-01,12,24,https://nomads.ncep.noaa.gov/pub/data/nccf/com/gfs/prod/gfs.20260701/12/atmos/gfs.t12z.pgrb2.0p25.f024.idx,743.0,89.0,"['4LFTX', 'ABSV', 'ACPCP', 'ALBDO', 'APCP', 'APTMP', 'CAPE', 'CFRZR', 'CICEP', 'CIN', 'CLWMR', 'CNWAT', 'CPOFP', 'CPRAT', 'CRAIN', 'CSNOW', 'CWAT', 'CWORK', 'DLWRF', 'DPT', 'DSWRF', 'DZDT', 'FLDCP', 'FRICV', 'GFLUX', 'GRLE', 'GUST', 'HCDC', 'HGT', 'HINDEX', 'HLCY', 'HPBL', 'ICAHT', 'ICEC', 'ICEG', 'ICETK', 'ICETMP', 'ICMR', 'LAND', 'LCDC', 'LFTX', 'LHTFL', 'MCDC', 'MSLET', 'O3MR', 'PEVPR', 'PLPL', 'POT', 'PRATE', 'PRES', 'PRMSL', 'PWAT', 'REFC', 'REFD', 'RH', 'RWMR', 'SFCR', 'SHTFL', 'SNMR', 'SNOD', 'SOILL', 'SOILW', 'SOTYP', 'SPFH', 'SUNSD', 'TCDC', 'TMAX', 'TMIN', 'TMP', 'TOZNE', 'TSOIL', 'U-GWD', 'UFLX', 'UGRD', 'ULWRF', 'USTM', 'USWRF', 'V-GWD', 'VEG', 'VFLX', 'VGRD', 'VIS', 'VRATE', 'VSTM', 'VVEL', 'VWSH', 'WATR', 'WEASD', 'WILT']",731.0,ok,3.011014299991075,2026-07-01T15:38:37Z,
gfs,2026-07-01,12,18,https://nomads.ncep.noaa.gov/pub/data/nccf/com/gfs/prod/gfs.20260701/12/atmos/gfs.t12z.pgrb2.0p25.f018.idx,743.0,89.0,"['4LFTX', 'ABSV', 'ACPCP', 'ALBDO', 'APCP', 'APTMP', 'CAPE', 'CFRZR', 'CICEP', 'CIN', 'CLWMR', 'CNWAT', 'CPOFP', 'CPRAT', 'CRAIN', 'CSNOW', 'CWAT', 'CWORK', 'DLWRF', 'DPT', 'DSWRF', 'DZDT', 'FLDCP', 'FRICV', 'GFLUX', 'GRLE', 'GUST', 'HCDC', 'HGT', 'HINDEX', 'HLCY', 'HPBL', 'ICAHT', 'ICEC', 'ICEG', 'ICETK', 'ICETMP', 'ICMR', 'LAND', 'LCDC', 'LFTX', 'LHTFL', 'MCDC', 'MSLET', 'O3MR', 'PEVPR', 'PLPL', 'POT', 'PRATE', 'PRES', 'PRMSL', 'PWAT', 'REFC', 'REFD', 'RH', 'RWMR', 'SFCR', 'SHTFL', 'SNMR', 'SNOD', 'SOILL', 'SOILW', 'SOTYP', 'SPFH', 'SUNSD', 'TCDC', 'TMAX', 'TMIN', 'TMP', 'TOZNE', 'TSOIL', 'U-GWD', 'UFLX', 'UGRD', 'ULWRF', 'USTM', 'USWRF', 'V-GWD', 'VEG', 'VFLX', 'VGRD', 'VIS', 'VRATE', 'VSTM', 'VVEL', 'VWSH', 'WATR', 'WEASD', 'WILT']",731.0,ok,3.335084399965126,2026-07-01T15:36:51Z,
gfs,2026-07-01,12,33,https://nomads.ncep.noaa.gov/pub/data/nccf/com/gfs/prod/gfs.20260701/12/atmos/gfs.t12z.pgrb2.0p25.f033.idx,743.0,89.0,"['4LFTX', 'ABSV', 'ACPCP', 'ALBDO', 'APCP', 'APTMP', 'CAPE', 'CFRZR', 'CICEP', 'CIN', 'CLWMR', 'CNWAT', 'CPOFP', 'CPRAT', 'CRAIN', 'CSNOW', 'CWAT', 'CWORK', 'DLWRF', 'DPT', 'DSWRF', 'DZDT', 'FLDCP', 'FRICV', 'GFLUX', 'GRLE', 'GUST', 'HCDC', 'HGT', 'HINDEX', 'HLCY', 'HPBL', 'ICAHT', 'ICEC', 'ICEG', 'ICETK', 'ICETMP', 'ICMR', 'LAND', 'LCDC', 'LFTX', 'LHTFL', 'MCDC', 'MSLET', 'O3MR', 'PEVPR', 'PLPL', 'POT', 'PRATE', 'PRES', 'PRMSL', 'PWAT', 'REFC', 'REFD', 'RH', 'RWMR', 'SFCR', 'SHTFL', 'SNMR', 'SNOD', 'SOILL', 'SOILW', 'SOTYP', 'SPFH', 'SUNSD', 'TCDC', 'TMAX', 'TMIN', 'TMP', 'TOZNE', 'TSOIL', 'U-GWD', 'UFLX', 'UGRD', 'ULWRF', 'USTM', 'USWRF', 'V-GWD', 'VEG', 'VFLX', 'VGRD', 'VIS', 'VRATE', 'VSTM', 'VVEL', 'VWSH', 'WATR', 'WEASD', 'WILT']",731.0,ok,3.2238171999924816,2026-07-01T15:41:09Z,
gfs,2026-07-01,12,27,https://nomads.ncep.noaa.gov/pub/data/nccf/com/gfs/prod/gfs.20260701/12/atmos/gfs.t12z.pgrb2.0p25.f027.idx,743.0,89.0,"['4LFTX', 'ABSV', 'ACPCP', 'ALBDO', 'APCP', 'APTMP', 'CAPE', 'CFRZR', 'CICEP', 'CIN', 'CLWMR', 'CNWAT', 'CPOFP', 'CPRAT', 'CRAIN', 'CSNOW', 'CWAT', 'CWORK', 'DLWRF', 'DPT', 'DSWRF', 'DZDT', 'FLDCP', 'FRICV', 'GFLUX', 'GRLE', 'GUST', 'HCDC', 'HGT', 'HINDEX', 'HLCY', 'HPBL', 'ICAHT', 'ICEC', 'ICEG', 'ICETK', 'ICETMP', 'ICMR', 'LAND', 'LCDC', 'LFTX', 'LHTFL', 'MCDC', 'MSLET', 'O3MR', 'PEVPR', 'PLPL', 'POT', 'PRATE', 'PRES', 'PRMSL', 'PWAT', 'REFC', 'REFD', 'RH', 'RWMR', 'SFCR', 'SHTFL', 'SNMR', 'SNOD', 'SOILL', 'SOILW', 'SOTYP', 'SPFH', 'SUNSD', 'TCDC', 'TMAX', 'TMIN', 'TMP', 'TOZNE', 'TSOIL', 'U-GWD', 'UFLX', 'UGRD', 'ULWRF', 'USTM', 'USWRF', 'V-GWD', 'VEG', 'VFLX', 'VGRD', 'VIS', 'VRATE', 'VSTM', 'VVEL', 'VWSH', 'WATR', 'WEASD', 'WILT']",731.0,ok,3.2964251000084914,2026-07-01T15:39:34Z,
gfs,2026-07-01,12,30,https://nomads.ncep.noaa.gov/pub/data/nccf/com/gfs/prod/gfs.20260701/12/atmos/gfs.t12z.pgrb2.0p25.f030.idx,743.0,89.0,"['4LFTX', 'ABSV', 'ACPCP', 'ALBDO', 'APCP', 'APTMP', 'CAPE', 'CFRZR', 'CICEP', 'CIN', 'CLWMR', 'CNWAT', 'CPOFP', 'CPRAT', 'CRAIN', 'CSNOW', 'CWAT', 'CWORK', 'DLWRF', 'DPT', 'DSWRF', 'DZDT', 'FLDCP', 'FRICV', 'GFLUX', 'GRLE', 'GUST', 'HCDC', 'HGT', 'HINDEX', 'HLCY', 'HPBL', 'ICAHT', 'ICEC', 'ICEG', 'ICETK', 'ICETMP', 'ICMR', 'LAND', 'LCDC', 'LFTX', 'LHTFL', 'MCDC', 'MSLET', 'O3MR', 'PEVPR', 'PLPL', 'POT', 'PRATE', 'PRES', 'PRMSL', 'PWAT', 'REFC', 'REFD', 'RH', 'RWMR', 'SFCR', 'SHTFL', 'SNMR', 'SNOD', 'SOILL', 'SOILW', 'SOTYP', 'SPFH', 'SUNSD', 'TCDC', 'TMAX', 'TMIN', 'TMP', 'TOZNE', 'TSOIL', 'U-GWD', 'UFLX', 'UGRD', 'ULWRF', 'USTM', 'USWRF', 'V-GWD', 'VEG', 'VFLX', 'VGRD', 'VIS', 'VRATE', 'VSTM', 'VVEL', 'VWSH', 'WATR', 'WEASD', 'WILT']",731.0,ok,3.2823976999497972,2026-07-01T15:40:17Z,
gfs,2026-07-01,6,42,https://nomads.ncep.noaa.gov/pub/data/nccf/com/gfs/prod/gfs.20260701/06/atmos/gfs.t06z.pgrb2.0p25.f042.idx,743.0,89.0,"['4LFTX', 'ABSV', 'ACPCP', 'ALBDO', 'APCP', 'APTMP', 'CAPE', 'CFRZR', 'CICEP', 'CIN', 'CLWMR', 'CNWAT', 'CPOFP', 'CPRAT', 'CRAIN', 'CSNOW', 'CWAT', 'CWORK', 'DLWRF', 'DPT', 'DSWRF', 'DZDT', 'FLDCP', 'FRICV', 'GFLUX', 'GRLE', 'GUST', 'HCDC', 'HGT', 'HINDEX', 'HLCY', 'HPBL', 'ICAHT', 'ICEC', 'ICEG', 'ICETK', 'ICETMP', 'ICMR', 'LAND', 'LCDC', 'LFTX', 'LHTFL', 'MCDC', 'MSLET', 'O3MR', 'PEVPR', 'PLPL', 'POT', 'PRATE', 'PRES', 'PRMSL', 'PWAT', 'REFC', 'REFD', 'RH', 'RWMR', 'SFCR', 'SHTFL', 'SNMR', 'SNOD', 'SOILL', 'SOILW', 'SOTYP', 'SPFH', 'SUNSD', 'TCDC', 'TMAX', 'TMIN', 'TMP', 'TOZNE', 'TSOIL', 'U-GWD', 'UFLX', 'UGRD', 'ULWRF', 'USTM', 'USWRF', 'V-GWD', 'VEG', 'VFLX', 'VGRD', 'VIS', 'VRATE', 'VSTM', 'VVEL', 'VWSH', 'WATR', 'WEASD', 'WILT']",731.0,ok,4.659965500002727,2026-07-01T09:44:28Z,
gfs,2026-07-01,12,0,https://nomads.ncep.noaa.gov/pub/data/nccf/com/gfs/prod/gfs.20260701/12/atmos/gfs.t12z.pgrb2.0p25.f000.idx,696.0,69.0,"['4LFTX', 'ABSV', 'APTMP', 'CAPE', 'CFRZR', 'CICEP', 'CIN', 'CLWMR', 'CNWAT', 'CPOFP', 'CRAIN', 'CSNOW', 'CWAT', 'DPT', 'DZDT', 'FLDCP', 'FRICV', 'GRLE', 'GUST', 'HCDC', 'HGT', 'HINDEX', 'HLCY', 'HPBL', 'ICAHT', 'ICEC', 'ICEG', 'ICETK', 'ICETMP', 'ICMR', 'LAND', 'LCDC', 'LFTX', 'MCDC', 'MSLET', 'O3MR', 'PLPL', 'POT', 'PRATE', 'PRES', 'PRMSL', 'PWAT', 'REFC', 'REFD', 'RH', 'RWMR', 'SFCR', 'SNMR', 'SNOD', 'SOILL', 'SOILW', 'SOTYP', 'SPFH', 'SUNSD', 'TCDC', 'TMP', 'TOZNE', 'TSOIL', 'UGRD', 'USTM', 'VEG', 'VGRD', 'VIS', 'VRATE', 'VSTM', 'VVEL', 'VWSH', 'WEASD', 'WILT']",696.0,ok,4.587405199999921,2026-07-01T15:32:23Z,
gfs,2026-07-01,6,48,https://nomads.ncep.noaa.gov/pub/data/nccf/com/gfs/prod/gfs.20260701/06/atmos/gfs.t06z.pgrb2.0p25.f048.idx,743.0,89.0,"['4LFTX', 'ABSV', 'ACPCP', 'ALBDO', 'APCP', 'APTMP', 'CAPE', 'CFRZR', 'CICEP', 'CIN', 'CLWMR', 'CNWAT', 'CPOFP', 'CPRAT', 'CRAIN', 'CSNOW', 'CWAT', 'CWORK', 'DLWRF', 'DPT', 'DSWRF', 'DZDT', 'FLDCP', 'FRICV', 'GFLUX', 'GRLE', 'GUST', 'HCDC', 'HGT', 'HINDEX', 'HLCY', 'HPBL', 'ICAHT', 'ICEC', 'ICEG', 'ICETK', 'ICETMP', 'ICMR', 'LAND', 'LCDC', 'LFTX', 'LHTFL', 'MCDC', 'MSLET', 'O3MR', 'PEVPR', 'PLPL', 'POT', 'PRATE', 'PRES', 'PRMSL', 'PWAT', 'REFC', 'REFD', 'RH', 'RWMR', 'SFCR', 'SHTFL', 'SNMR', 'SNOD', 'SOILL', 'SOILW', 'SOTYP', 'SPFH', 'SUNSD', 'TCDC', 'TMAX', 'TMIN', 'TMP', 'TOZNE', 'TSOIL', 'U-GWD', 'UFLX', 'UGRD', 'ULWRF', 'USTM', 'USWRF', 'V-GWD', 'VEG', 'VFLX', 'VGRD', 'VIS', 'VRATE', 'VSTM', 'VVEL', 'VWSH', 'WATR', 'WEASD', 'WILT']",731.0,ok,4.693495100014843,2026-07-01T09:44:58Z,
gfs,2026-07-01,6,39,https://nomads.ncep.noaa.gov/pub/data/nccf/com/gfs/prod/gfs.20260701/06/atmos/gfs.t06z.pgrb2.0p25.f039.idx,743.0,89.0,"['4LFTX', 'ABSV', 'ACPCP', 'ALBDO', 'APCP', 'APTMP', 'CAPE', 'CFRZR', 'CICEP', 'CIN', 'CLWMR', 'CNWAT', 'CPOFP', 'CPRAT', 'CRAIN', 'CSNOW', 'CWAT', 'CWORK', 'DLWRF', 'DPT', 'DSWRF', 'DZDT', 'FLDCP', 'FRICV', 'GFLUX', 'GRLE', 'GUST', 'HCDC', 'HGT', 'HINDEX', 'HLCY', 'HPBL', 'ICAHT', 'ICEC', 'ICEG', 'ICETK', 'ICETMP', 'ICMR', 'LAND', 'LCDC', 'LFTX', 'LHTFL', 'MCDC', 'MSLET', 'O3MR', 'PEVPR', 'PLPL', 'POT', 'PRATE', 'PRES', 'PRMSL', 'PWAT', 'REFC', 'REFD', 'RH', 'RWMR', 'SFCR', 'SHTFL', 'SNMR', 'SNOD', 'SOILL', 'SOILW', 'SOTYP', 'SPFH', 'SUNSD', 'TCDC', 'TMAX', 'TMIN', 'TMP', 'TOZNE', 'TSOIL', 'U-GWD', 'UFLX', 'UGRD', 'ULWRF', 'USTM', 'USWRF', 'V-GWD', 'VEG', 'VFLX', 'VGRD', 'VIS', 'VRATE', 'VSTM', 'VVEL', 'VWSH', 'WATR', 'WEASD', 'WILT']",731.0,ok,4.864210499974433,2026-07-01T09:42:46Z,
gfs,2026-07-01,12,9,https://nomads.ncep.noaa.gov/pub/data/nccf/com/gfs/prod/gfs.20260701/12/atmos/gfs.t12z.pgrb2.0p25.f009.idx,743.0,89.0,"['4LFTX', 'ABSV', 'ACPCP', 'ALBDO', 'APCP', 'APTMP', 'CAPE', 'CFRZR', 'CICEP', 'CIN', 'CLWMR', 'CNWAT', 'CPOFP', 'CPRAT', 'CRAIN', 'CSNOW', 'CWAT', 'CWORK', 'DLWRF', 'DPT', 'DSWRF', 'DZDT', 'FLDCP', 'FRICV', 'GFLUX', 'GRLE', 'GUST', 'HCDC', 'HGT', 'HINDEX', 'HLCY', 'HPBL', 'ICAHT', 'ICEC', 'ICEG', 'ICETK', 'ICETMP', 'ICMR', 'LAND', 'LCDC', 'LFTX', 'LHTFL', 'MCDC', 'MSLET', 'O3MR', 'PEVPR', 'PLPL', 'POT', 'PRATE', 'PRES', 'PRMSL', 'PWAT', 'REFC', 'REFD', 'RH', 'RWMR', 'SFCR', 'SHTFL', 'SNMR', 'SNOD', 'SOILL', 'SOILW', 'SOTYP', 'SPFH', 'SUNSD', 'TCDC', 'TMAX', 'TMIN', 'TMP', 'TOZNE', 'TSOIL', 'U-GWD', 'UFLX', 'UGRD', 'ULWRF', 'USTM', 'USWRF', 'V-GWD', 'VEG', 'VFLX', 'VGRD', 'VIS', 'VRATE', 'VSTM', 'VVEL', 'VWSH', 'WATR', 'WEASD', 'WILT']",731.0,ok,4.515814999991562,2026-07-01T15:34:35Z,
gfs,2026-07-01,12,6,https://nomads.ncep.noaa.gov/pub/data/nccf/com/gfs/prod/gfs.20260701/12/atmos/gfs.t12z.pgrb2.0p25.f006.idx,743.0,89.0,"['4LFTX', 'ABSV', 'ACPCP', 'ALBDO', 'APCP', 'APTMP', 'CAPE', 'CFRZR', 'CICEP', 'CIN', 'CLWMR', 'CNWAT', 'CPOFP', 'CPRAT', 'CRAIN', 'CSNOW', 'CWAT', 'CWORK', 'DLWRF', 'DPT', 'DSWRF', 'DZDT', 'FLDCP', 'FRICV', 'GFLUX', 'GRLE', 'GUST', 'HCDC', 'HGT', 'HINDEX', 'HLCY', 'HPBL', 'ICAHT', 'ICEC', 'ICEG', 'ICETK', 'ICETMP', 'ICMR', 'LAND', 'LCDC', 'LFTX', 'LHTFL', 'MCDC', 'MSLET', 'O3MR', 'PEVPR', 'PLPL', 'POT', 'PRATE', 'PRES', 'PRMSL', 'PWAT', 'REFC', 'REFD', 'RH', 'RWMR', 'SFCR', 'SHTFL', 'SNMR', 'SNOD', 'SOILL', 'SOILW', 'SOTYP', 'SPFH', 'SUNSD', 'TCDC', 'TMAX', 'TMIN', 'TMP', 'TOZNE', 'TSOIL', 'U-GWD', 'UFLX', 'UGRD', 'ULWRF', 'USTM', 'USWRF', 'V-GWD', 'VEG', 'VFLX', 'VGRD', 'VIS', 'VRATE', 'VSTM', 'VVEL', 'VWSH', 'WATR', 'WEASD', 'WILT']",731.0,ok,4.66761480004061,2026-07-01T15:33:47Z,
gfs,2026-07-01,12,45,https://nomads.ncep.noaa.gov/pub/data/nccf/com/gfs/prod/gfs.20260701/12/atmos/gfs.t12z.pgrb2.0p25.f045.idx,743.0,89.0,"['4LFTX', 'ABSV', 'ACPCP', 'ALBDO', 'APCP', 'APTMP', 'CAPE', 'CFRZR', 'CICEP', 'CIN', 'CLWMR', 'CNWAT', 'CPOFP', 'CPRAT', 'CRAIN', 'CSNOW', 'CWAT', 'CWORK', 'DLWRF', 'DPT', 'DSWRF', 'DZDT', 'FLDCP', 'FRICV', 'GFLUX', 'GRLE', 'GUST', 'HCDC', 'HGT', 'HINDEX', 'HLCY', 'HPBL', 'ICAHT', 'ICEC', 'ICEG', 'ICETK', 'ICETMP', 'ICMR', 'LAND', 'LCDC', 'LFTX', 'LHTFL', 'MCDC', 'MSLET', 'O3MR', 'PEVPR', 'PLPL', 'POT', 'PRATE', 'PRES', 'PRMSL', 'PWAT', 'REFC', 'REFD', 'RH', 'RWMR', 'SFCR', 'SHTFL', 'SNMR', 'SNOD', 'SOILL', 'SOILW', 'SOTYP', 'SPFH', 'SUNSD', 'TCDC', 'TMAX', 'TMIN', 'TMP', 'TOZNE', 'TSOIL', 'U-GWD', 'UFLX', 'UGRD', 'ULWRF', 'USTM', 'USWRF', 'V-GWD', 'VEG', 'VFLX', 'VGRD', 'VIS', 'VRATE', 'VSTM', 'VVEL', 'VWSH', 'WATR', 'WEASD', 'WILT']",731.0,ok,2.774343100027181,2026-07-01T15:44:32Z,
gfs,2026-07-01,18,0,https://nomads.ncep.noaa.gov/pub/data/nccf/com/gfs/prod/gfs.20260701/18/atmos/gfs.t18z.pgrb2.0p25.f000.idx,696.0,69.0,"['4LFTX', 'ABSV', 'APTMP', 'CAPE', 'CFRZR', 'CICEP', 'CIN', 'CLWMR', 'CNWAT', 'CPOFP', 'CRAIN', 'CSNOW', 'CWAT', 'DPT', 'DZDT', 'FLDCP', 'FRICV', 'GRLE', 'GUST', 'HCDC', 'HGT', 'HINDEX', 'HLCY', 'HPBL', 'ICAHT', 'ICEC', 'ICEG', 'ICETK', 'ICETMP', 'ICMR', 'LAND', 'LCDC', 'LFTX', 'MCDC', 'MSLET', 'O3MR', 'PLPL', 'POT', 'PRATE', 'PRES', 'PRMSL', 'PWAT', 'REFC', 'REFD', 'RH', 'RWMR', 'SFCR', 'SNMR', 'SNOD', 'SOILL', 'SOILW', 'SOTYP', 'SPFH', 'SUNSD', 'TCDC', 'TMP', 'TOZNE', 'TSOIL', 'UGRD', 'USTM', 'VEG', 'VGRD', 'VIS', 'VRATE', 'VSTM', 'VVEL', 'VWSH', 'WEASD', 'WILT']",696.0,ok,2.4933135000173934,2026-07-01T21:34:14Z,
gfs,2026-07-01,18,9,https://nomads.ncep.noaa.gov/pub/data/nccf/com/gfs/prod/gfs.20260701/18/atmos/gfs.t18z.pgrb2.0p25.f009.idx,743.0,89.0,"['4LFTX', 'ABSV', 'ACPCP', 'ALBDO', 'APCP', 'APTMP', 'CAPE', 'CFRZR', 'CICEP', 'CIN', 'CLWMR', 'CNWAT', 'CPOFP', 'CPRAT', 'CRAIN', 'CSNOW', 'CWAT', 'CWORK', 'DLWRF', 'DPT', 'DSWRF', 'DZDT', 'FLDCP', 'FRICV', 'GFLUX', 'GRLE', 'GUST', 'HCDC', 'HGT', 'HINDEX', 'HLCY', 'HPBL', 'ICAHT', 'ICEC', 'ICEG', 'ICETK', 'ICETMP', 'ICMR', 'LAND', 'LCDC', 'LFTX', 'LHTFL', 'MCDC', 'MSLET', 'O3MR', 'PEVPR', 'PLPL', 'POT', 'PRATE', 'PRES', 'PRMSL', 'PWAT', 'REFC', 'REFD', 'RH', 'RWMR', 'SFCR', 'SHTFL', 'SNMR', 'SNOD', 'SOILL', 'SOILW', 'SOTYP', 'SPFH', 'SUNSD', 'TCDC', 'TMAX', 'TMIN', 'TMP', 'TOZNE', 'TSOIL', 'U-GWD', 'UFLX', 'UGRD', 'ULWRF', 'USTM', 'USWRF', 'V-GWD', 'VEG', 'VFLX', 'VGRD', 'VIS', 'VRATE', 'VSTM', 'VVEL', 'VWSH', 'WATR', 'WEASD', 'WILT']",731.0,ok,2.4139361000270583,2026-07-01T21:36:24Z,
gfs,2026-07-01,12,48,https://nomads.ncep.noaa.gov/pub/data/nccf/com/gfs/prod/gfs.20260701/12/atmos/gfs.t12z.pgrb2.0p25.f048.idx,743.0,89.0,"['4LFTX', 'ABSV', 'ACPCP', 'ALBDO', 'APCP', 'APTMP', 'CAPE', 'CFRZR', 'CICEP', 'CIN', 'CLWMR', 'CNWAT', 'CPOFP', 'CPRAT', 'CRAIN', 'CSNOW', 'CWAT', 'CWORK', 'DLWRF', 'DPT', 'DSWRF', 'DZDT', 'FLDCP', 'FRICV', 'GFLUX', 'GRLE', 'GUST', 'HCDC', 'HGT', 'HINDEX', 'HLCY', 'HPBL', 'ICAHT', 'ICEC', 'ICEG', 'ICETK', 'ICETMP', 'ICMR', 'LAND', 'LCDC', 'LFTX', 'LHTFL', 'MCDC', 'MSLET', 'O3MR', 'PEVPR', 'PLPL', 'POT', 'PRATE', 'PRES', 'PRMSL', 'PWAT', 'REFC', 'REFD', 'RH', 'RWMR', 'SFCR', 'SHTFL', 'SNMR', 'SNOD', 'SOILL', 'SOILW', 'SOTYP', 'SPFH', 'SUNSD', 'TCDC', 'TMAX', 'TMIN', 'TMP', 'TOZNE', 'TSOIL', 'U-GWD', 'UFLX', 'UGRD', 'ULWRF', 'USTM', 'USWRF', 'V-GWD', 'VEG', 'VFLX', 'VGRD', 'VIS', 'VRATE', 'VSTM', 'VVEL', 'VWSH', 'WATR', 'WEASD', 'WILT']",731.0,ok,3.224741099984385,2026-07-01T15:45:06Z,
gfs,2026-07-01,18,6,https://nomads.ncep.noaa.gov/pub/data/nccf/com/gfs/prod/gfs.20260701/18/atmos/gfs.t18z.pgrb2.0p25.f006.idx,743.0,89.0,"['4LFTX', 'ABSV', 'ACPCP', 'ALBDO', 'APCP', 'APTMP', 'CAPE', 'CFRZR', 'CICEP', 'CIN', 'CLWMR', 'CNWAT', 'CPOFP', 'CPRAT', 'CRAIN', 'CSNOW', 'CWAT', 'CWORK', 'DLWRF', 'DPT', 'DSWRF', 'DZDT', 'FLDCP', 'FRICV', 'GFLUX', 'GRLE', 'GUST', 'HCDC', 'HGT', 'HINDEX', 'HLCY', 'HPBL', 'ICAHT', 'ICEC', 'ICEG', 'ICETK', 'ICETMP', 'ICMR', 'LAND', 'LCDC', 'LFTX', 'LHTFL', 'MCDC', 'MSLET', 'O3MR', 'PEVPR', 'PLPL', 'POT', 'PRATE', 'PRES', 'PRMSL', 'PWAT', 'REFC', 'REFD', 'RH', 'RWMR', 'SFCR', 'SHTFL', 'SNMR', 'SNOD', 'SOILL', 'SOILW', 'SOTYP', 'SPFH', 'SUNSD', 'TCDC', 'TMAX', 'TMIN', 'TMP', 'TOZNE', 'TSOIL', 'U-GWD', 'UFLX', 'UGRD', 'ULWRF', 'USTM', 'USWRF', 'V-GWD', 'VEG', 'VFLX', 'VGRD', 'VIS', 'VRATE', 'VSTM', 'VVEL', 'VWSH', 'WATR', 'WEASD', 'WILT']",731.0,ok,2.8804164999746718,2026-07-01T21:35:41Z,
gfs,2026-07-01,18,24,https://nomads.ncep.noaa.gov/pub/data/nccf/com/gfs/prod/gfs.20260701/18/atmos/gfs.t18z.pgrb2.0p25.f024.idx,743.0,89.0,"['4LFTX', 'ABSV', 'ACPCP', 'ALBDO', 'APCP', 'APTMP', 'CAPE', 'CFRZR', 'CICEP', 'CIN', 'CLWMR', 'CNWAT', 'CPOFP', 'CPRAT', 'CRAIN', 'CSNOW', 'CWAT', 'CWORK', 'DLWRF', 'DPT', 'DSWRF', 'DZDT', 'FLDCP', 'FRICV', 'GFLUX', 'GRLE', 'GUST', 'HCDC', 'HGT', 'HINDEX', 'HLCY', 'HPBL', 'ICAHT', 'ICEC', 'ICEG', 'ICETK', 'ICETMP', 'ICMR', 'LAND', 'LCDC', 'LFTX', 'LHTFL', 'MCDC', 'MSLET', 'O3MR', 'PEVPR', 'PLPL', 'POT', 'PRATE', 'PRES', 'PRMSL', 'PWAT', 'REFC', 'REFD', 'RH', 'RWMR', 'SFCR', 'SHTFL', 'SNMR', 'SNOD', 'SOILL', 'SOILW', 'SOTYP', 'SPFH', 'SUNSD', 'TCDC', 'TMAX', 'TMIN', 'TMP', 'TOZNE', 'TSOIL', 'U-GWD', 'UFLX', 'UGRD', 'ULWRF', 'USTM', 'USWRF', 'V-GWD', 'VEG', 'VFLX', 'VGRD', 'VIS', 'VRATE', 'VSTM', 'VVEL', 'VWSH', 'WATR', 'WEASD', 'WILT']",731.0,ok,2.4204282000428066,2026-07-01T21:40:35Z,
gfs,2026-07-01,18,12,https://nomads.ncep.noaa.gov/pub/data/nccf/com/gfs/prod/gfs.20260701/18/atmos/gfs.t18z.pgrb2.0p25.f012.idx,743.0,89.0,"['4LFTX', 'ABSV', 'ACPCP', 'ALBDO', 'APCP', 'APTMP', 'CAPE', 'CFRZR', 'CICEP', 'CIN', 'CLWMR', 'CNWAT', 'CPOFP', 'CPRAT', 'CRAIN', 'CSNOW', 'CWAT', 'CWORK', 'DLWRF', 'DPT', 'DSWRF', 'DZDT', 'FLDCP', 'FRICV', 'GFLUX', 'GRLE', 'GUST', 'HCDC', 'HGT', 'HINDEX', 'HLCY', 'HPBL', 'ICAHT', 'ICEC', 'ICEG', 'ICETK', 'ICETMP', 'ICMR', 'LAND', 'LCDC', 'LFTX', 'LHTFL', 'MCDC', 'MSLET', 'O3MR', 'PEVPR', 'PLPL', 'POT', 'PRATE', 'PRES', 'PRMSL', 'PWAT', 'REFC', 'REFD', 'RH', 'RWMR', 'SFCR', 'SHTFL', 'SNMR', 'SNOD', 'SOILL', 'SOILW', 'SOTYP', 'SPFH', 'SUNSD', 'TCDC', 'TMAX', 'TMIN', 'TMP', 'TOZNE', 'TSOIL', 'U-GWD', 'UFLX', 'UGRD', 'ULWRF', 'USTM', 'USWRF', 'V-GWD', 'VEG', 'VFLX', 'VGRD', 'VIS', 'VRATE', 'VSTM', 'VVEL', 'VWSH', 'WATR', 'WEASD', 'WILT']",731.0,ok,2.8048090999946,2026-07-01T21:37:36Z,
gfs,2026-07-01,18,21,https://nomads.ncep.noaa.gov/pub/data/nccf/com/gfs/prod/gfs.20260701/18/atmos/gfs.t18z.pgrb2.0p25.f021.idx,743.0,89.0,"['4LFTX', 'ABSV', 'ACPCP', 'ALBDO', 'APCP', 'APTMP', 'CAPE', 'CFRZR', 'CICEP', 'CIN', 'CLWMR', 'CNWAT', 'CPOFP', 'CPRAT', 'CRAIN', 'CSNOW', 'CWAT', 'CWORK', 'DLWRF', 'DPT', 'DSWRF', 'DZDT', 'FLDCP', 'FRICV', 'GFLUX', 'GRLE', 'GUST', 'HCDC', 'HGT', 'HINDEX', 'HLCY', 'HPBL', 'ICAHT', 'ICEC', 'ICEG', 'ICETK', 'ICETMP', 'ICMR', 'LAND', 'LCDC', 'LFTX', 'LHTFL', 'MCDC', 'MSLET', 'O3MR', 'PEVPR', 'PLPL', 'POT', 'PRATE', 'PRES', 'PRMSL', 'PWAT', 'REFC', 'REFD', 'RH', 'RWMR', 'SFCR', 'SHTFL', 'SNMR', 'SNOD', 'SOILL', 'SOILW', 'SOTYP', 'SPFH', 'SUNSD', 'TCDC', 'TMAX', 'TMIN', 'TMP', 'TOZNE', 'TSOIL', 'U-GWD', 'UFLX', 'UGRD', 'ULWRF', 'USTM', 'USWRF', 'V-GWD', 'VEG', 'VFLX', 'VGRD', 'VIS', 'VRATE', 'VSTM', 'VVEL', 'VWSH', 'WATR', 'WEASD', 'WILT']",731.0,ok,2.495792099973187,2026-07-01T21:39:56Z,
gfs,2026-07-01,18,15,https://nomads.ncep.noaa.gov/pub/data/nccf/com/gfs/prod/gfs.20260701/18/atmos/gfs.t18z.pgrb2.0p25.f015.idx,743.0,89.0,"['4LFTX', 'ABSV', 'ACPCP', 'ALBDO', 'APCP', 'APTMP', 'CAPE', 'CFRZR', 'CICEP', 'CIN', 'CLWMR', 'CNWAT', 'CPOFP', 'CPRAT', 'CRAIN', 'CSNOW', 'CWAT', 'CWORK', 'DLWRF', 'DPT', 'DSWRF', 'DZDT', 'FLDCP', 'FRICV', 'GFLUX', 'GRLE', 'GUST', 'HCDC', 'HGT', 'HINDEX', 'HLCY', 'HPBL', 'ICAHT', 'ICEC', 'ICEG', 'ICETK', 'ICETMP', 'ICMR', 'LAND', 'LCDC', 'LFTX', 'LHTFL', 'MCDC', 'MSLET', 'O3MR', 'PEVPR', 'PLPL', 'POT', 'PRATE', 'PRES', 'PRMSL', 'PWAT', 'REFC', 'REFD', 'RH', 'RWMR', 'SFCR', 'SHTFL', 'SNMR', 'SNOD', 'SOILL', 'SOILW', 'SOTYP', 'SPFH', 'SUNSD', 'TCDC', 'TMAX', 'TMIN', 'TMP', 'TOZNE', 'TSOIL', 'U-GWD', 'UFLX', 'UGRD', 'ULWRF', 'USTM', 'USWRF', 'V-GWD', 'VEG', 'VFLX', 'VGRD', 'VIS', 'VRATE', 'VSTM', 'VVEL', 'VWSH', 'WATR', 'WEASD', 'WILT']",731.0,ok,2.7369379000156187,2026-07-01T21:38:14Z,
gfs,2026-07-01,18,18,https://nomads.ncep.noaa.gov/pub/data/nccf/com/gfs/prod/gfs.20260701/18/atmos/gfs.t18z.pgrb2.0p25.f018.idx,743.0,89.0,"['4LFTX', 'ABSV', 'ACPCP', 'ALBDO', 'APCP', 'APTMP', 'CAPE', 'CFRZR', 'CICEP', 'CIN', 'CLWMR', 'CNWAT', 'CPOFP', 'CPRAT', 'CRAIN', 'CSNOW', 'CWAT', 'CWORK', 'DLWRF', 'DPT', 'DSWRF', 'DZDT', 'FLDCP', 'FRICV', 'GFLUX', 'GRLE', 'GUST', 'HCDC', 'HGT', 'HINDEX', 'HLCY', 'HPBL', 'ICAHT', 'ICEC', 'ICEG', 'ICETK', 'ICETMP', 'ICMR', 'LAND', 'LCDC', 'LFTX', 'LHTFL', 'MCDC', 'MSLET', 'O3MR', 'PEVPR', 'PLPL', 'POT', 'PRATE', 'PRES', 'PRMSL', 'PWAT', 'REFC', 'REFD', 'RH', 'RWMR', 'SFCR', 'SHTFL', 'SNMR', 'SNOD', 'SOILL', 'SOILW', 'SOTYP', 'SPFH', 'SUNSD', 'TCDC', 'TMAX', 'TMIN', 'TMP', 'TOZNE', 'TSOIL', 'U-GWD', 'UFLX', 'UGRD', 'ULWRF', 'USTM', 'USWRF', 'V-GWD', 'VEG', 'VFLX', 'VGRD', 'VIS', 'VRATE', 'VSTM', 'VVEL', 'VWSH', 'WATR', 'WEASD', 'WILT']",731.0,ok,2.8972090000170283,2026-07-01T21:39:09Z,
gfs,2026-07-01,18,48,https://nomads.ncep.noaa.gov/pub/data/nccf/com/gfs/prod/gfs.20260701/18/atmos/gfs.t18z.pgrb2.0p25.f048.idx,743.0,89.0,"['4LFTX', 'ABSV', 'ACPCP', 'ALBDO', 'APCP', 'APTMP', 'CAPE', 'CFRZR', 'CICEP', 'CIN', 'CLWMR', 'CNWAT', 'CPOFP', 'CPRAT', 'CRAIN', 'CSNOW', 'CWAT', 'CWORK', 'DLWRF', 'DPT', 'DSWRF', 'DZDT', 'FLDCP', 'FRICV', 'GFLUX', 'GRLE', 'GUST', 'HCDC', 'HGT', 'HINDEX', 'HLCY', 'HPBL', 'ICAHT', 'ICEC', 'ICEG', 'ICETK', 'ICETMP', 'ICMR', 'LAND', 'LCDC', 'LFTX', 'LHTFL', 'MCDC', 'MSLET', 'O3MR', 'PEVPR', 'PLPL', 'POT', 'PRATE', 'PRES', 'PRMSL', 'PWAT', 'REFC', 'REFD', 'RH', 'RWMR', 'SFCR', 'SHTFL', 'SNMR', 'SNOD', 'SOILL', 'SOILW', 'SOTYP', 'SPFH', 'SUNSD', 'TCDC', 'TMAX', 'TMIN', 'TMP', 'TOZNE', 'TSOIL', 'U-GWD', 'UFLX', 'UGRD', 'ULWRF', 'USTM', 'USWRF', 'V-GWD', 'VEG', 'VFLX', 'VGRD', 'VIS', 'VRATE', 'VSTM', 'VVEL', 'VWSH', 'WATR', 'WEASD', 'WILT']",731.0,ok,2.2926655000192113,2026-07-01T21:47:01Z,
gfs,2026-07-01,18,45,https://nomads.ncep.noaa.gov/pub/data/nccf/com/gfs/prod/gfs.20260701/18/atmos/gfs.t18z.pgrb2.0p25.f045.idx,743.0,89.0,"['4LFTX', 'ABSV', 'ACPCP', 'ALBDO', 'APCP', 'APTMP', 'CAPE', 'CFRZR', 'CICEP', 'CIN', 'CLWMR', 'CNWAT', 'CPOFP', 'CPRAT', 'CRAIN', 'CSNOW', 'CWAT', 'CWORK', 'DLWRF', 'DPT', 'DSWRF', 'DZDT', 'FLDCP', 'FRICV', 'GFLUX', 'GRLE', 'GUST', 'HCDC', 'HGT', 'HINDEX', 'HLCY', 'HPBL', 'ICAHT', 'ICEC', 'ICEG', 'ICETK', 'ICETMP', 'ICMR', 'LAND', 'LCDC', 'LFTX', 'LHTFL', 'MCDC', 'MSLET', 'O3MR', 'PEVPR', 'PLPL', 'POT', 'PRATE', 'PRES', 'PRMSL', 'PWAT', 'REFC', 'REFD', 'RH', 'RWMR', 'SFCR', 'SHTFL', 'SNMR', 'SNOD', 'SOILL', 'SOILW', 'SOTYP', 'SPFH', 'SUNSD', 'TCDC', 'TMAX', 'TMIN', 'TMP', 'TOZNE', 'TSOIL', 'U-GWD', 'UFLX', 'UGRD', 'ULWRF', 'USTM', 'USWRF', 'V-GWD', 'VEG', 'VFLX', 'VGRD', 'VIS', 'VRATE', 'VSTM', 'VVEL', 'VWSH', 'WATR', 'WEASD', 'WILT']",731.0,ok,2.830239699978847,2026-07-01T21:46:03Z,
gfs,2026-07-01,18,30,https://nomads.ncep.noaa.gov/pub/data/nccf/com/gfs/prod/gfs.20260701/18/atmos/gfs.t18z.pgrb2.0p25.f030.idx,743.0,89.0,"['4LFTX', 'ABSV', 'ACPCP', 'ALBDO', 'APCP', 'APTMP', 'CAPE', 'CFRZR', 'CICEP', 'CIN', 'CLWMR', 'CNWAT', 'CPOFP', 'CPRAT', 'CRAIN', 'CSNOW', 'CWAT', 'CWORK', 'DLWRF', 'DPT', 'DSWRF', 'DZDT', 'FLDCP', 'FRICV', 'GFLUX', 'GRLE', 'GUST', 'HCDC', 'HGT', 'HINDEX', 'HLCY', 'HPBL', 'ICAHT', 'ICEC', 'ICEG', 'ICETK', 'ICETMP', 'ICMR', 'LAND', 'LCDC', 'LFTX', 'LHTFL', 'MCDC', 'MSLET', 'O3MR', 'PEVPR', 'PLPL', 'POT', 'PRATE', 'PRES', 'PRMSL', 'PWAT', 'REFC', 'REFD', 'RH', 'RWMR', 'SFCR', 'SHTFL', 'SNMR', 'SNOD', 'SOILL', 'SOILW', 'SOTYP', 'SPFH', 'SUNSD', 'TCDC', 'TMAX', 'TMIN', 'TMP', 'TOZNE', 'TSOIL', 'U-GWD', 'UFLX', 'UGRD', 'ULWRF', 'USTM', 'USWRF', 'V-GWD', 'VEG', 'VFLX', 'VGRD', 'VIS', 'VRATE', 'VSTM', 'VVEL', 'VWSH', 'WATR', 'WEASD', 'WILT']",731.0,ok,4.158288900041953,2026-07-01T21:42:04Z,
gfs,2026-07-01,18,33,https://nomads.ncep.noaa.gov/pub/data/nccf/com/gfs/prod/gfs.20260701/18/atmos/gfs.t18z.pgrb2.0p25.f033.idx,743.0,89.0,"['4LFTX', 'ABSV', 'ACPCP', 'ALBDO', 'APCP', 'APTMP', 'CAPE', 'CFRZR', 'CICEP', 'CIN', 'CLWMR', 'CNWAT', 'CPOFP', 'CPRAT', 'CRAIN', 'CSNOW', 'CWAT', 'CWORK', 'DLWRF', 'DPT', 'DSWRF', 'DZDT', 'FLDCP', 'FRICV', 'GFLUX', 'GRLE', 'GUST', 'HCDC', 'HGT', 'HINDEX', 'HLCY', 'HPBL', 'ICAHT', 'ICEC', 'ICEG', 'ICETK', 'ICETMP', 'ICMR', 'LAND', 'LCDC', 'LFTX', 'LHTFL', 'MCDC', 'MSLET', 'O3MR', 'PEVPR', 'PLPL', 'POT', 'PRATE', 'PRES', 'PRMSL', 'PWAT', 'REFC', 'REFD', 'RH', 'RWMR', 'SFCR', 'SHTFL', 'SNMR', 'SNOD', 'SOILL', 'SOILW', 'SOTYP', 'SPFH', 'SUNSD', 'TCDC', 'TMAX', 'TMIN', 'TMP', 'TOZNE', 'TSOIL', 'U-GWD', 'UFLX', 'UGRD', 'ULWRF', 'USTM', 'USWRF', 'V-GWD', 'VEG', 'VFLX', 'VGRD', 'VIS', 'VRATE', 'VSTM', 'VVEL', 'VWSH', 'WATR', 'WEASD', 'WILT']",731.0,ok,4.288586699985899,2026-07-01T21:43:28Z,
gefs_control,2026-07-01,0,0,https://nomads.ncep.noaa.gov/pub/data/nccf/com/gens/prod/gefs.20260701/00/atmos/pgrb2sp25/gec00.t00z.pgrb2s.0p25.f000.idx,,,[],,error,2.919030000048224,,"HTTPStatusError: Client error '404 Not Found' for url 'https://nomads.ncep.noaa.gov/pub/data/nccf/com/gens/prod/gefs.20260701/00/atmos/pgrb2sp25/gec00.t00z.pgrb2s.0p25.f000.idx'
For more information check: https://developer.mozilla.org/en-US/docs/Web/HTTP/Status/404"
gfs,2026-07-01,18,42,https://nomads.ncep.noaa.gov/pub/data/nccf/com/gfs/prod/gfs.20260701/18/atmos/gfs.t18z.pgrb2.0p25.f042.idx,743.0,89.0,"['4LFTX', 'ABSV', 'ACPCP', 'ALBDO', 'APCP', 'APTMP', 'CAPE', 'CFRZR', 'CICEP', 'CIN', 'CLWMR', 'CNWAT', 'CPOFP', 'CPRAT', 'CRAIN', 'CSNOW', 'CWAT', 'CWORK', 'DLWRF', 'DPT', 'DSWRF', 'DZDT', 'FLDCP', 'FRICV', 'GFLUX', 'GRLE', 'GUST', 'HCDC', 'HGT', 'HINDEX', 'HLCY', 'HPBL', 'ICAHT', 'ICEC', 'ICEG', 'ICETK', 'ICETMP', 'ICMR', 'LAND', 'LCDC', 'LFTX', 'LHTFL', 'MCDC', 'MSLET', 'O3MR', 'PEVPR', 'PLPL', 'POT', 'PRATE', 'PRES', 'PRMSL', 'PWAT', 'REFC', 'REFD', 'RH', 'RWMR', 'SFCR', 'SHTFL', 'SNMR', 'SNOD', 'SOILL', 'SOILW', 'SOTYP', 'SPFH', 'SUNSD', 'TCDC', 'TMAX', 'TMIN', 'TMP', 'TOZNE', 'TSOIL', 'U-GWD', 'UFLX', 'UGRD', 'ULWRF', 'USTM', 'USWRF', 'V-GWD', 'VEG', 'VFLX', 'VGRD', 'VIS', 'VRATE', 'VSTM', 'VVEL', 'VWSH', 'WATR', 'WEASD', 'WILT']",731.0,ok,4.244837500038557,2026-07-01T21:45:27Z,
gefs_control,2026-07-01,0,6,https://nomads.ncep.noaa.gov/pub/data/nccf/com/gens/prod/gefs.20260701/00/atmos/pgrb2sp25/gec00.t00z.pgrb2s.0p25.f006.idx,,,[],,error,2.6533628000179306,,"HTTPStatusError: Client error '404 Not Found' for url 'https://nomads.ncep.noaa.gov/pub/data/nccf/com/gens/prod/gefs.20260701/00/atmos/pgrb2sp25/gec00.t00z.pgrb2s.0p25.f006.idx'
For more information check: https://developer.mozilla.org/en-US/docs/Web/HTTP/Status/404"
gfs,2026-07-01,18,27,https://nomads.ncep.noaa.gov/pub/data/nccf/com/gfs/prod/gfs.20260701/18/atmos/gfs.t18z.pgrb2.0p25.f027.idx,743.0,89.0,"['4LFTX', 'ABSV', 'ACPCP', 'ALBDO', 'APCP', 'APTMP', 'CAPE', 'CFRZR', 'CICEP', 'CIN', 'CLWMR', 'CNWAT', 'CPOFP', 'CPRAT', 'CRAIN', 'CSNOW', 'CWAT', 'CWORK', 'DLWRF', 'DPT', 'DSWRF', 'DZDT', 'FLDCP', 'FRICV', 'GFLUX', 'GRLE', 'GUST', 'HCDC', 'HGT', 'HINDEX', 'HLCY', 'HPBL', 'ICAHT', 'ICEC', 'ICEG', 'ICETK', 'ICETMP', 'ICMR', 'LAND', 'LCDC', 'LFTX', 'LHTFL', 'MCDC', 'MSLET', 'O3MR', 'PEVPR', 'PLPL', 'POT', 'PRATE', 'PRES', 'PRMSL', 'PWAT', 'REFC', 'REFD', 'RH', 'RWMR', 'SFCR', 'SHTFL', 'SNMR', 'SNOD', 'SOILL', 'SOILW', 'SOTYP', 'SPFH', 'SUNSD', 'TCDC', 'TMAX', 'TMIN', 'TMP', 'TOZNE', 'TSOIL', 'U-GWD', 'UFLX', 'UGRD', 'ULWRF', 'USTM', 'USWRF', 'V-GWD', 'VEG', 'VFLX', 'VGRD', 'VIS', 'VRATE', 'VSTM', 'VVEL', 'VWSH', 'WATR', 'WEASD', 'WILT']",731.0,ok,4.552253299974836,2026-07-01T21:41:26Z,
gefs_control,2026-07-01,0,12,https://nomads.ncep.noaa.gov/pub/data/nccf/com/gens/prod/gefs.20260701/00/atmos/pgrb2sp25/gec00.t00z.pgrb2s.0p25.f012.idx,,,[],,error,2.7165032999473624,,"HTTPStatusError: Client error '404 Not Found' for url 'https://nomads.ncep.noaa.gov/pub/data/nccf/com/gens/prod/gefs.20260701/00/atmos/pgrb2sp25/gec00.t00z.pgrb2s.0p25.f012.idx'
For more information check: https://developer.mozilla.org/en-US/docs/Web/HTTP/Status/404"
gfs,2026-07-01,18,39,https://nomads.ncep.noaa.gov/pub/data/nccf/com/gfs/prod/gfs.20260701/18/atmos/gfs.t18z.pgrb2.0p25.f039.idx,743.0,89.0,"['4LFTX', 'ABSV', 'ACPCP', 'ALBDO', 'APCP', 'APTMP', 'CAPE', 'CFRZR', 'CICEP', 'CIN', 'CLWMR', 'CNWAT', 'CPOFP', 'CPRAT', 'CRAIN', 'CSNOW', 'CWAT', 'CWORK', 'DLWRF', 'DPT', 'DSWRF', 'DZDT', 'FLDCP', 'FRICV', 'GFLUX', 'GRLE', 'GUST', 'HCDC', 'HGT', 'HINDEX', 'HLCY', 'HPBL', 'ICAHT', 'ICEC', 'ICEG', 'ICETK', 'ICETMP', 'ICMR', 'LAND', 'LCDC', 'LFTX', 'LHTFL', 'MCDC', 'MSLET', 'O3MR', 'PEVPR', 'PLPL', 'POT', 'PRATE', 'PRES', 'PRMSL', 'PWAT', 'REFC', 'REFD', 'RH', 'RWMR', 'SFCR', 'SHTFL', 'SNMR', 'SNOD', 'SOILL', 'SOILW', 'SOTYP', 'SPFH', 'SUNSD', 'TCDC', 'TMAX', 'TMIN', 'TMP', 'TOZNE', 'TSOIL', 'U-GWD', 'UFLX', 'UGRD', 'ULWRF', 'USTM', 'USWRF', 'V-GWD', 'VEG', 'VFLX', 'VGRD', 'VIS', 'VRATE', 'VSTM', 'VVEL', 'VWSH', 'WATR', 'WEASD', 'WILT']",731.0,ok,4.599725799984299,2026-07-01T21:44:48Z,
gefs_control,2026-07-01,0,3,https://nomads.ncep.noaa.gov/pub/data/nccf/com/gens/prod/gefs.20260701/00/atmos/pgrb2sp25/gec00.t00z.pgrb2s.0p25.f003.idx,,,[],,error,3.152855099993758,,"HTTPStatusError: Client error '404 Not Found' for url 'https://nomads.ncep.noaa.gov/pub/data/nccf/com/gens/prod/gefs.20260701/00/atmos/pgrb2sp25/gec00.t00z.pgrb2s.0p25.f003.idx'
For more information check: https://developer.mozilla.org/en-US/docs/Web/HTTP/Status/404"
gefs_control,2026-07-01,0,9,https://nomads.ncep.noaa.gov/pub/data/nccf/com/gens/prod/gefs.20260701/00/atmos/pgrb2sp25/gec00.t00z.pgrb2s.0p25.f009.idx,,,[],,error,2.987676199991256,,"HTTPStatusError: Client error '404 Not Found' for url 'https://nomads.ncep.noaa.gov/pub/data/nccf/com/gens/prod/gefs.20260701/00/atmos/pgrb2sp25/gec00.t00z.pgrb2s.0p25.f009.idx'
For more information check: https://developer.mozilla.org/en-US/docs/Web/HTTP/Status/404"
gefs_control,2026-07-01,0,18,https://nomads.ncep.noaa.gov/pub/data/nccf/com/gens/prod/gefs.20260701/00/atmos/pgrb2sp25/gec00.t00z.pgrb2s.0p25.f018.idx,,,[],,error,3.0174941000295803,,"HTTPStatusError: Client error '404 Not Found' for url 'https://nomads.ncep.noaa.gov/pub/data/nccf/com/gens/prod/gefs.20260701/00/atmos/pgrb2sp25/gec00.t00z.pgrb2s.0p25.f018.idx'
For more information check: https://developer.mozilla.org/en-US/docs/Web/HTTP/Status/404"
gefs_control,2026-07-01,0,15,https://nomads.ncep.noaa.gov/pub/data/nccf/com/gens/prod/gefs.20260701/00/atmos/pgrb2sp25/gec00.t00z.pgrb2s.0p25.f015.idx,,,[],,error,3.0528849000111222,,"HTTPStatusError: Client error '404 Not Found' for url 'https://nomads.ncep.noaa.gov/pub/data/nccf/com/gens/prod/gefs.20260701/00/atmos/pgrb2sp25/gec00.t00z.pgrb2s.0p25.f015.idx'
For more information check: https://developer.mozilla.org/en-US/docs/Web/HTTP/Status/404"
gfs,2026-07-01,18,36,https://nomads.ncep.noaa.gov/pub/data/nccf/com/gfs/prod/gfs.20260701/18/atmos/gfs.t18z.pgrb2.0p25.f036.idx,743.0,89.0,"['4LFTX', 'ABSV', 'ACPCP', 'ALBDO', 'APCP', 'APTMP', 'CAPE', 'CFRZR', 'CICEP', 'CIN', 'CLWMR', 'CNWAT', 'CPOFP', 'CPRAT', 'CRAIN', 'CSNOW', 'CWAT', 'CWORK', 'DLWRF', 'DPT', 'DSWRF', 'DZDT', 'FLDCP', 'FRICV', 'GFLUX', 'GRLE', 'GUST', 'HCDC', 'HGT', 'HINDEX', 'HLCY', 'HPBL', 'ICAHT', 'ICEC', 'ICEG', 'ICETK', 'ICETMP', 'ICMR', 'LAND', 'LCDC', 'LFTX', 'LHTFL', 'MCDC', 'MSLET', 'O3MR', 'PEVPR', 'PLPL', 'POT', 'PRATE', 'PRES', 'PRMSL', 'PWAT', 'REFC', 'REFD', 'RH', 'RWMR', 'SFCR', 'SHTFL', 'SNMR', 'SNOD', 'SOILL', 'SOILW', 'SOTYP', 'SPFH', 'SUNSD', 'TCDC', 'TMAX', 'TMIN', 'TMP', 'TOZNE', 'TSOIL', 'U-GWD', 'UFLX', 'UGRD', 'ULWRF', 'USTM', 'USWRF', 'V-GWD', 'VEG', 'VFLX', 'VGRD', 'VIS', 'VRATE', 'VSTM', 'VVEL', 'VWSH', 'WATR', 'WEASD', 'WILT']",731.0,ok,4.941191899997648,2026-07-01T21:44:33Z,
gefs_control,2026-07-01,0,21,https://nomads.ncep.noaa.gov/pub/data/nccf/com/gens/prod/gefs.20260701/00/atmos/pgrb2sp25/gec00.t00z.pgrb2s.0p25.f021.idx,,,[],,error,2.9963572999695316,,"HTTPStatusError: Client error '404 Not Found' for url 'https://nomads.ncep.noaa.gov/pub/data/nccf/com/gens/prod/gefs.20260701/00/atmos/pgrb2sp25/gec00.t00z.pgrb2s.0p25.f021.idx'
For more information check: https://developer.mozilla.org/en-US/docs/Web/HTTP/Status/404"
gefs_control,2026-07-01,0,24,https://nomads.ncep.noaa.gov/pub/data/nccf/com/gens/prod/gefs.20260701/00/atmos/pgrb2sp25/gec00.t00z.pgrb2s.0p25.f024.idx,,,[],,error,2.659861699969042,,"HTTPStatusError: Client error '404 Not Found' for url 'https://nomads.ncep.noaa.gov/pub/data/nccf/com/gens/prod/gefs.20260701/00/atmos/pgrb2sp25/gec00.t00z.pgrb2s.0p25.f024.idx'
For more information check: https://developer.mozilla.org/en-US/docs/Web/HTTP/Status/404"
gefs_control,2026-07-01,0,27,https://nomads.ncep.noaa.gov/pub/data/nccf/com/gens/prod/gefs.20260701/00/atmos/pgrb2sp25/gec00.t00z.pgrb2s.0p25.f027.idx,,,[],,error,2.528360399999656,,"HTTPStatusError: Client error '404 Not Found' for url 'https://nomads.ncep.noaa.gov/pub/data/nccf/com/gens/prod/gefs.20260701/00/atmos/pgrb2sp25/gec00.t00z.pgrb2s.0p25.f027.idx'
For more information check: https://developer.mozilla.org/en-US/docs/Web/HTTP/Status/404"
gefs_control,2026-07-01,0,42,https://nomads.ncep.noaa.gov/pub/data/nccf/com/gens/prod/gefs.20260701/00/atmos/pgrb2sp25/gec00.t00z.pgrb2s.0p25.f042.idx,,,[],,error,2.5084632000070997,,"HTTPStatusError: Client error '404 Not Found' for url 'https://nomads.ncep.noaa.gov/pub/data/nccf/com/gens/prod/gefs.20260701/00/atmos/pgrb2sp25/gec00.t00z.pgrb2s.0p25.f042.idx'
For more information check: https://developer.mozilla.org/en-US/docs/Web/HTTP/Status/404"
gefs_control,2026-07-01,0,48,https://nomads.ncep.noaa.gov/pub/data/nccf/com/gens/prod/gefs.20260701/00/atmos/pgrb2sp25/gec00.t00z.pgrb2s.0p25.f048.idx,,,[],,error,2.7113694000290707,,"HTTPStatusError: Client error '404 Not Found' for url 'https://nomads.ncep.noaa.gov/pub/data/nccf/com/gens/prod/gefs.20260701/00/atmos/pgrb2sp25/gec00.t00z.pgrb2s.0p25.f048.idx'
For more information check: https://developer.mozilla.org/en-US/docs/Web/HTTP/Status/404"
gefs_control,2026-07-01,0,36,https://nomads.ncep.noaa.gov/pub/data/nccf/com/gens/prod/gefs.20260701/00/atmos/pgrb2sp25/gec00.t00z.pgrb2s.0p25.f036.idx,,,[],,error,3.056419200031087,,"HTTPStatusError: Client error '404 Not Found' for url 'https://nomads.ncep.noaa.gov/pub/data/nccf/com/gens/prod/gefs.20260701/00/atmos/pgrb2sp25/gec00.t00z.pgrb2s.0p25.f036.idx'
For more information check: https://developer.mozilla.org/en-US/docs/Web/HTTP/Status/404"
gefs_control,2026-07-01,6,6,https://nomads.ncep.noaa.gov/pub/data/nccf/com/gens/prod/gefs.20260701/06/atmos/pgrb2sp25/gec00.t06z.pgrb2s.0p25.f006.idx,,,[],,error,2.7145441999891773,,"HTTPStatusError: Client error '404 Not Found' for url 'https://nomads.ncep.noaa.gov/pub/data/nccf/com/gens/prod/gefs.20260701/06/atmos/pgrb2sp25/gec00.t06z.pgrb2s.0p25.f006.idx'
For more information check: https://developer.mozilla.org/en-US/docs/Web/HTTP/Status/404"
gefs_control,2026-07-01,6,3,https://nomads.ncep.noaa.gov/pub/data/nccf/com/gens/prod/gefs.20260701/06/atmos/pgrb2sp25/gec00.t06z.pgrb2s.0p25.f003.idx,,,[],,error,2.850028500019107,,"HTTPStatusError: Client error '404 Not Found' for url 'https://nomads.ncep.noaa.gov/pub/data/nccf/com/gens/prod/gefs.20260701/06/atmos/pgrb2sp25/gec00.t06z.pgrb2s.0p25.f003.idx'
For more information check: https://developer.mozilla.org/en-US/docs/Web/HTTP/Status/404"
gefs_control,2026-07-01,6,12,https://nomads.ncep.noaa.gov/pub/data/nccf/com/gens/prod/gefs.20260701/06/atmos/pgrb2sp25/gec00.t06z.pgrb2s.0p25.f012.idx,,,[],,error,2.7396097000455484,,"HTTPStatusError: Client error '404 Not Found' for url 'https://nomads.ncep.noaa.gov/pub/data/nccf/com/gens/prod/gefs.20260701/06/atmos/pgrb2sp25/gec00.t06z.pgrb2s.0p25.f012.idx'
For more information check: https://developer.mozilla.org/en-US/docs/Web/HTTP/Status/404"
gefs_control,2026-07-01,6,18,https://nomads.ncep.noaa.gov/pub/data/nccf/com/gens/prod/gefs.20260701/06/atmos/pgrb2sp25/gec00.t06z.pgrb2s.0p25.f018.idx,,,[],,error,2.5378876000177115,,"HTTPStatusError: Client error '404 Not Found' for url 'https://nomads.ncep.noaa.gov/pub/data/nccf/com/gens/prod/gefs.20260701/06/atmos/pgrb2sp25/gec00.t06z.pgrb2s.0p25.f018.idx'
For more information check: https://developer.mozilla.org/en-US/docs/Web/HTTP/Status/404"
gefs_control,2026-07-01,6,9,https://nomads.ncep.noaa.gov/pub/data/nccf/com/gens/prod/gefs.20260701/06/atmos/pgrb2sp25/gec00.t06z.pgrb2s.0p25.f009.idx,,,[],,error,3.041512200026773,,"HTTPStatusError: Client error '404 Not Found' for url 'https://nomads.ncep.noaa.gov/pub/data/nccf/com/gens/prod/gefs.20260701/06/atmos/pgrb2sp25/gec00.t06z.pgrb2s.0p25.f009.idx'
For more information check: https://developer.mozilla.org/en-US/docs/Web/HTTP/Status/404"
gfs,2026-07-01,12,42,https://nomads.ncep.noaa.gov/pub/data/nccf/com/gfs/prod/gfs.20260701/12/atmos/gfs.t12z.pgrb2.0p25.f042.idx,743.0,89.0,"['4LFTX', 'ABSV', 'ACPCP', 'ALBDO', 'APCP', 'APTMP', 'CAPE', 'CFRZR', 'CICEP', 'CIN', 'CLWMR', 'CNWAT', 'CPOFP', 'CPRAT', 'CRAIN', 'CSNOW', 'CWAT', 'CWORK', 'DLWRF', 'DPT', 'DSWRF', 'DZDT', 'FLDCP', 'FRICV', 'GFLUX', 'GRLE', 'GUST', 'HCDC', 'HGT', 'HINDEX', 'HLCY', 'HPBL', 'ICAHT', 'ICEC', 'ICEG', 'ICETK', 'ICETMP', 'ICMR', 'LAND', 'LCDC', 'LFTX', 'LHTFL', 'MCDC', 'MSLET', 'O3MR', 'PEVPR', 'PLPL', 'POT', 'PRATE', 'PRES', 'PRMSL', 'PWAT', 'REFC', 'REFD', 'RH', 'RWMR', 'SFCR', 'SHTFL', 'SNMR', 'SNOD', 'SOILL', 'SOILW', 'SOTYP', 'SPFH', 'SUNSD', 'TCDC', 'TMAX', 'TMIN', 'TMP', 'TOZNE', 'TSOIL', 'U-GWD', 'UFLX', 'UGRD', 'ULWRF', 'USTM', 'USWRF', 'V-GWD', 'VEG', 'VFLX', 'VGRD', 'VIS', 'VRATE', 'VSTM', 'VVEL', 'VWSH', 'WATR', 'WEASD', 'WILT']",731.0,ok,10.281351300014649,2026-07-01T15:43:15Z,
gfs,2026-07-01,12,39,https://nomads.ncep.noaa.gov/pub/data/nccf/com/gfs/prod/gfs.20260701/12/atmos/gfs.t12z.pgrb2.0p25.f039.idx,743.0,89.0,"['4LFTX', 'ABSV', 'ACPCP', 'ALBDO', 'APCP', 'APTMP', 'CAPE', 'CFRZR', 'CICEP', 'CIN', 'CLWMR', 'CNWAT', 'CPOFP', 'CPRAT', 'CRAIN', 'CSNOW', 'CWAT', 'CWORK', 'DLWRF', 'DPT', 'DSWRF', 'DZDT', 'FLDCP', 'FRICV', 'GFLUX', 'GRLE', 'GUST', 'HCDC', 'HGT', 'HINDEX', 'HLCY', 'HPBL', 'ICAHT', 'ICEC', 'ICEG', 'ICETK', 'ICETMP', 'ICMR', 'LAND', 'LCDC', 'LFTX', 'LHTFL', 'MCDC', 'MSLET', 'O3MR', 'PEVPR', 'PLPL', 'POT', 'PRATE', 'PRES', 'PRMSL', 'PWAT', 'REFC', 'REFD', 'RH', 'RWMR', 'SFCR', 'SHTFL', 'SNMR', 'SNOD', 'SOILL', 'SOILW', 'SOTYP', 'SPFH', 'SUNSD', 'TCDC', 'TMAX', 'TMIN', 'TMP', 'TOZNE', 'TSOIL', 'U-GWD', 'UFLX', 'UGRD', 'ULWRF', 'USTM', 'USWRF', 'V-GWD', 'VEG', 'VFLX', 'VGRD', 'VIS', 'VRATE', 'VSTM', 'VVEL', 'VWSH', 'WATR', 'WEASD', 'WILT']",731.0,ok,10.916348200000357,2026-07-01T15:42:43Z,
gfs,2026-07-01,12,36,https://nomads.ncep.noaa.gov/pub/data/nccf/com/gfs/prod/gfs.20260701/12/atmos/gfs.t12z.pgrb2.0p25.f036.idx,743.0,89.0,"['4LFTX', 'ABSV', 'ACPCP', 'ALBDO', 'APCP', 'APTMP', 'CAPE', 'CFRZR', 'CICEP', 'CIN', 'CLWMR', 'CNWAT', 'CPOFP', 'CPRAT', 'CRAIN', 'CSNOW', 'CWAT', 'CWORK', 'DLWRF', 'DPT', 'DSWRF', 'DZDT', 'FLDCP', 'FRICV', 'GFLUX', 'GRLE', 'GUST', 'HCDC', 'HGT', 'HINDEX', 'HLCY', 'HPBL', 'ICAHT', 'ICEC', 'ICEG', 'ICETK', 'ICETMP', 'ICMR', 'LAND', 'LCDC', 'LFTX', 'LHTFL', 'MCDC', 'MSLET', 'O3MR', 'PEVPR', 'PLPL', 'POT', 'PRATE', 'PRES', 'PRMSL', 'PWAT', 'REFC', 'REFD', 'RH', 'RWMR', 'SFCR', 'SHTFL', 'SNMR', 'SNOD', 'SOILL', 'SOILW', 'SOTYP', 'SPFH', 'SUNSD', 'TCDC', 'TMAX', 'TMIN', 'TMP', 'TOZNE', 'TSOIL', 'U-GWD', 'UFLX', 'UGRD', 'ULWRF', 'USTM', 'USWRF', 'V-GWD', 'VEG', 'VFLX', 'VGRD', 'VIS', 'VRATE', 'VSTM', 'VVEL', 'VWSH', 'WATR', 'WEASD', 'WILT']",731.0,ok,10.94952349999221,2026-07-01T15:41:53Z,
gefs_control,2026-07-01,6,21,https://nomads.ncep.noaa.gov/pub/data/nccf/com/gens/prod/gefs.20260701/06/atmos/pgrb2sp25/gec00.t06z.pgrb2s.0p25.f021.idx,,,[],,error,2.366609199962113,,"HTTPStatusError: Client error '404 Not Found' for url 'https://nomads.ncep.noaa.gov/pub/data/nccf/com/gens/prod/gefs.20260701/06/atmos/pgrb2sp25/gec00.t06z.pgrb2s.0p25.f021.idx'
For more information check: https://developer.mozilla.org/en-US/docs/Web/HTTP/Status/404"
gefs_control,2026-07-01,6,24,https://nomads.ncep.noaa.gov/pub/data/nccf/com/gens/prod/gefs.20260701/06/atmos/pgrb2sp25/gec00.t06z.pgrb2s.0p25.f024.idx,,,[],,error,2.534770899976138,,"HTTPStatusError: Client error '404 Not Found' for url 'https://nomads.ncep.noaa.gov/pub/data/nccf/com/gens/prod/gefs.20260701/06/atmos/pgrb2sp25/gec00.t06z.pgrb2s.0p25.f024.idx'
For more information check: https://developer.mozilla.org/en-US/docs/Web/HTTP/Status/404"
gfs,2026-07-01,18,3,https://nomads.ncep.noaa.gov/pub/data/nccf/com/gfs/prod/gfs.20260701/18/atmos/gfs.t18z.pgrb2.0p25.f003.idx,743.0,89.0,"['4LFTX', 'ABSV', 'ACPCP', 'ALBDO', 'APCP', 'APTMP', 'CAPE', 'CFRZR', 'CICEP', 'CIN', 'CLWMR', 'CNWAT', 'CPOFP', 'CPRAT', 'CRAIN', 'CSNOW', 'CWAT', 'CWORK', 'DLWRF', 'DPT', 'DSWRF', 'DZDT', 'FLDCP', 'FRICV', 'GFLUX', 'GRLE', 'GUST', 'HCDC', 'HGT', 'HINDEX', 'HLCY', 'HPBL', 'ICAHT', 'ICEC', 'ICEG', 'ICETK', 'ICETMP', 'ICMR', 'LAND', 'LCDC', 'LFTX', 'LHTFL', 'MCDC', 'MSLET', 'O3MR', 'PEVPR', 'PLPL', 'POT', 'PRATE', 'PRES', 'PRMSL', 'PWAT', 'REFC', 'REFD', 'RH', 'RWMR', 'SFCR', 'SHTFL', 'SNMR', 'SNOD', 'SOILL', 'SOILW', 'SOTYP', 'SPFH', 'SUNSD', 'TCDC', 'TMAX', 'TMIN', 'TMP', 'TOZNE', 'TSOIL', 'U-GWD', 'UFLX', 'UGRD', 'ULWRF', 'USTM', 'USWRF', 'V-GWD', 'VEG', 'VFLX', 'VGRD', 'VIS', 'VRATE', 'VSTM', 'VVEL', 'VWSH', 'WATR', 'WEASD', 'WILT']",731.0,ok,10.066964500001632,2026-07-01T21:35:12Z,
gefs_control,2026-07-01,0,30,https://nomads.ncep.noaa.gov/pub/data/nccf/com/gens/prod/gefs.20260701/00/atmos/pgrb2sp25/gec00.t00z.pgrb2s.0p25.f030.idx,,,[],,error,4.973511899996083,,"HTTPStatusError: Client error '404 Not Found' for url 'https://nomads.ncep.noaa.gov/pub/data/nccf/com/gens/prod/gefs.20260701/00/atmos/pgrb2sp25/gec00.t00z.pgrb2s.0p25.f030.idx'
For more information check: https://developer.mozilla.org/en-US/docs/Web/HTTP/Status/404"
gefs_control,2026-07-01,0,33,https://nomads.ncep.noaa.gov/pub/data/nccf/com/gens/prod/gefs.20260701/00/atmos/pgrb2sp25/gec00.t00z.pgrb2s.0p25.f033.idx,,,[],,error,5.0809962000348605,,"HTTPStatusError: Client error '404 Not Found' for url 'https://nomads.ncep.noaa.gov/pub/data/nccf/com/gens/prod/gefs.20260701/00/atmos/pgrb2sp25/gec00.t00z.pgrb2s.0p25.f033.idx'
For more information check: https://developer.mozilla.org/en-US/docs/Web/HTTP/Status/404"
gefs_control,2026-07-01,6,27,https://nomads.ncep.noaa.gov/pub/data/nccf/com/gens/prod/gefs.20260701/06/atmos/pgrb2sp25/gec00.t06z.pgrb2s.0p25.f027.idx,,,[],,error,2.3778469000244513,,"HTTPStatusError: Client error '404 Not Found' for url 'https://nomads.ncep.noaa.gov/pub/data/nccf/com/gens/prod/gefs.20260701/06/atmos/pgrb2sp25/gec00.t06z.pgrb2s.0p25.f027.idx'
For more information check: https://developer.mozilla.org/en-US/docs/Web/HTTP/Status/404"
gefs_control,2026-07-01,6,30,https://nomads.ncep.noaa.gov/pub/data/nccf/com/gens/prod/gefs.20260701/06/atmos/pgrb2sp25/gec00.t06z.pgrb2s.0p25.f030.idx,,,[],,error,2.238894700014498,,"HTTPStatusError: Client error '404 Not Found' for url 'https://nomads.ncep.noaa.gov/pub/data/nccf/com/gens/prod/gefs.20260701/06/atmos/pgrb2sp25/gec00.t06z.pgrb2s.0p25.f030.idx'
For more information check: https://developer.mozilla.org/en-US/docs/Web/HTTP/Status/404"
gefs_control,2026-07-01,0,39,https://nomads.ncep.noaa.gov/pub/data/nccf/com/gens/prod/gefs.20260701/00/atmos/pgrb2sp25/gec00.t00z.pgrb2s.0p25.f039.idx,,,[],,error,5.140811100020073,,"HTTPStatusError: Client error '404 Not Found' for url 'https://nomads.ncep.noaa.gov/pub/data/nccf/com/gens/prod/gefs.20260701/00/atmos/pgrb2sp25/gec00.t00z.pgrb2s.0p25.f039.idx'
For more information check: https://developer.mozilla.org/en-US/docs/Web/HTTP/Status/404"
gefs_control,2026-07-01,6,15,https://nomads.ncep.noaa.gov/pub/data/nccf/com/gens/prod/gefs.20260701/06/atmos/pgrb2sp25/gec00.t06z.pgrb2s.0p25.f015.idx,,,[],,error,4.71570870000869,,"HTTPStatusError: Client error '404 Not Found' for url 'https://nomads.ncep.noaa.gov/pub/data/nccf/com/gens/prod/gefs.20260701/06/atmos/pgrb2sp25/gec00.t06z.pgrb2s.0p25.f015.idx'
For more information check: https://developer.mozilla.org/en-US/docs/Web/HTTP/Status/404"
gefs_control,2026-07-01,6,0,https://nomads.ncep.noaa.gov/pub/data/nccf/com/gens/prod/gefs.20260701/06/atmos/pgrb2sp25/gec00.t06z.pgrb2s.0p25.f000.idx,,,[],,error,5.2700064000091515,,"HTTPStatusError: Client error '404 Not Found' for url 'https://nomads.ncep.noaa.gov/pub/data/nccf/com/gens/prod/gefs.20260701/06/atmos/pgrb2sp25/gec00.t06z.pgrb2s.0p25.f000.idx'
For more information check: https://developer.mozilla.org/en-US/docs/Web/HTTP/Status/404"
gefs_control,2026-07-01,0,45,https://nomads.ncep.noaa.gov/pub/data/nccf/com/gens/prod/gefs.20260701/00/atmos/pgrb2sp25/gec00.t00z.pgrb2s.0p25.f045.idx,,,[],,error,5.467273299989756,,"HTTPStatusError: Client error '404 Not Found' for url 'https://nomads.ncep.noaa.gov/pub/data/nccf/com/gens/prod/gefs.20260701/00/atmos/pgrb2sp25/gec00.t00z.pgrb2s.0p25.f045.idx'
For more information check: https://developer.mozilla.org/en-US/docs/Web/HTTP/Status/404"
gefs_control,2026-07-01,6,33,https://nomads.ncep.noaa.gov/pub/data/nccf/com/gens/prod/gefs.20260701/06/atmos/pgrb2sp25/gec00.t06z.pgrb2s.0p25.f033.idx,,,[],,error,2.9124619999784045,,"HTTPStatusError: Client error '404 Not Found' for url 'https://nomads.ncep.noaa.gov/pub/data/nccf/com/gens/prod/gefs.20260701/06/atmos/pgrb2sp25/gec00.t06z.pgrb2s.0p25.f033.idx'
For more information check: https://developer.mozilla.org/en-US/docs/Web/HTTP/Status/404"
gefs_control,2026-07-01,6,42,https://nomads.ncep.noaa.gov/pub/data/nccf/com/gens/prod/gefs.20260701/06/atmos/pgrb2sp25/gec00.t06z.pgrb2s.0p25.f042.idx,,,[],,error,2.813156699994579,,"HTTPStatusError: Client error '404 Not Found' for url 'https://nomads.ncep.noaa.gov/pub/data/nccf/com/gens/prod/gefs.20260701/06/atmos/pgrb2sp25/gec00.t06z.pgrb2s.0p25.f042.idx'
For more information check: https://developer.mozilla.org/en-US/docs/Web/HTTP/Status/404"
gefs_control,2026-07-01,6,36,https://nomads.ncep.noaa.gov/pub/data/nccf/com/gens/prod/gefs.20260701/06/atmos/pgrb2sp25/gec00.t06z.pgrb2s.0p25.f036.idx,,,[],,error,3.0542630000272766,,"HTTPStatusError: Client error '404 Not Found' for url 'https://nomads.ncep.noaa.gov/pub/data/nccf/com/gens/prod/gefs.20260701/06/atmos/pgrb2sp25/gec00.t06z.pgrb2s.0p25.f036.idx'
For more information check: https://developer.mozilla.org/en-US/docs/Web/HTTP/Status/404"
gefs_control,2026-07-01,12,9,https://nomads.ncep.noaa.gov/pub/data/nccf/com/gens/prod/gefs.20260701/12/atmos/pgrb2sp25/gec00.t12z.pgrb2s.0p25.f009.idx,,,[],,error,2.2569252000539564,,"HTTPStatusError: Client error '404 Not Found' for url 'https://nomads.ncep.noaa.gov/pub/data/nccf/com/gens/prod/gefs.20260701/12/atmos/pgrb2sp25/gec00.t12z.pgrb2s.0p25.f009.idx'
For more information check: https://developer.mozilla.org/en-US/docs/Web/HTTP/Status/404"
gefs_control,2026-07-01,6,39,https://nomads.ncep.noaa.gov/pub/data/nccf/com/gens/prod/gefs.20260701/06/atmos/pgrb2sp25/gec00.t06z.pgrb2s.0p25.f039.idx,,,[],,error,3.165577600011602,,"HTTPStatusError: Client error '404 Not Found' for url 'https://nomads.ncep.noaa.gov/pub/data/nccf/com/gens/prod/gefs.20260701/06/atmos/pgrb2sp25/gec00.t06z.pgrb2s.0p25.f039.idx'
For more information check: https://developer.mozilla.org/en-US/docs/Web/HTTP/Status/404"
gefs_control,2026-07-01,6,48,https://nomads.ncep.noaa.gov/pub/data/nccf/com/gens/prod/gefs.20260701/06/atmos/pgrb2sp25/gec00.t06z.pgrb2s.0p25.f048.idx,,,[],,error,2.8432451999979094,,"HTTPStatusError: Client error '404 Not Found' for url 'https://nomads.ncep.noaa.gov/pub/data/nccf/com/gens/prod/gefs.20260701/06/atmos/pgrb2sp25/gec00.t06z.pgrb2s.0p25.f048.idx'
For more information check: https://developer.mozilla.org/en-US/docs/Web/HTTP/Status/404"
gefs_control,2026-07-01,6,45,https://nomads.ncep.noaa.gov/pub/data/nccf/com/gens/prod/gefs.20260701/06/atmos/pgrb2sp25/gec00.t06z.pgrb2s.0p25.f045.idx,,,[],,error,3.0469329000334255,,"HTTPStatusError: Client error '404 Not Found' for url 'https://nomads.ncep.noaa.gov/pub/data/nccf/com/gens/prod/gefs.20260701/06/atmos/pgrb2sp25/gec00.t06z.pgrb2s.0p25.f045.idx'
For more information check: https://developer.mozilla.org/en-US/docs/Web/HTTP/Status/404"
gefs_control,2026-07-01,12,12,https://nomads.ncep.noaa.gov/pub/data/nccf/com/gens/prod/gefs.20260701/12/atmos/pgrb2sp25/gec00.t12z.pgrb2s.0p25.f012.idx,,,[],,error,2.2513192999758758,,"HTTPStatusError: Client error '404 Not Found' for url 'https://nomads.ncep.noaa.gov/pub/data/nccf/com/gens/prod/gefs.20260701/12/atmos/pgrb2sp25/gec00.t12z.pgrb2s.0p25.f012.idx'
For more information check: https://developer.mozilla.org/en-US/docs/Web/HTTP/Status/404"
gefs_control,2026-07-01,12,24,https://nomads.ncep.noaa.gov/pub/data/nccf/com/gens/prod/gefs.20260701/12/atmos/pgrb2sp25/gec00.t12z.pgrb2s.0p25.f024.idx,,,[],,error,2.4250311999931,,"HTTPStatusError: Client error '404 Not Found' for url 'https://nomads.ncep.noaa.gov/pub/data/nccf/com/gens/prod/gefs.20260701/12/atmos/pgrb2sp25/gec00.t12z.pgrb2s.0p25.f024.idx'
For more information check: https://developer.mozilla.org/en-US/docs/Web/HTTP/Status/404"
gefs_control,2026-07-01,12,27,https://nomads.ncep.noaa.gov/pub/data/nccf/com/gens/prod/gefs.20260701/12/atmos/pgrb2sp25/gec00.t12z.pgrb2s.0p25.f027.idx,,,[],,error,2.3946706000133418,,"HTTPStatusError: Client error '404 Not Found' for url 'https://nomads.ncep.noaa.gov/pub/data/nccf/com/gens/prod/gefs.20260701/12/atmos/pgrb2sp25/gec00.t12z.pgrb2s.0p25.f027.idx'
For more information check: https://developer.mozilla.org/en-US/docs/Web/HTTP/Status/404"
gefs_control,2026-07-01,12,3,https://nomads.ncep.noaa.gov/pub/data/nccf/com/gens/prod/gefs.20260701/12/atmos/pgrb2sp25/gec00.t12z.pgrb2s.0p25.f003.idx,,,[],,error,3.895304900011979,,"HTTPStatusError: Client error '404 Not Found' for url 'https://nomads.ncep.noaa.gov/pub/data/nccf/com/gens/prod/gefs.20260701/12/atmos/pgrb2sp25/gec00.t12z.pgrb2s.0p25.f003.idx'
For more information check: https://developer.mozilla.org/en-US/docs/Web/HTTP/Status/404"
gefs_control,2026-07-01,12,6,https://nomads.ncep.noaa.gov/pub/data/nccf/com/gens/prod/gefs.20260701/12/atmos/pgrb2sp25/gec00.t12z.pgrb2s.0p25.f006.idx,,,[],,error,3.9286940000019968,,"HTTPStatusError: Client error '404 Not Found' for url 'https://nomads.ncep.noaa.gov/pub/data/nccf/com/gens/prod/gefs.20260701/12/atmos/pgrb2sp25/gec00.t12z.pgrb2s.0p25.f006.idx'
For more information check: https://developer.mozilla.org/en-US/docs/Web/HTTP/Status/404"
gefs_control,2026-07-01,12,0,https://nomads.ncep.noaa.gov/pub/data/nccf/com/gens/prod/gefs.20260701/12/atmos/pgrb2sp25/gec00.t12z.pgrb2s.0p25.f000.idx,,,[],,error,4.115437900007237,,"HTTPStatusError: Client error '404 Not Found' for url 'https://nomads.ncep.noaa.gov/pub/data/nccf/com/gens/prod/gefs.20260701/12/atmos/pgrb2sp25/gec00.t12z.pgrb2s.0p25.f000.idx'
For more information check: https://developer.mozilla.org/en-US/docs/Web/HTTP/Status/404"
gefs_control,2026-07-01,12,15,https://nomads.ncep.noaa.gov/pub/data/nccf/com/gens/prod/gefs.20260701/12/atmos/pgrb2sp25/gec00.t12z.pgrb2s.0p25.f015.idx,,,[],,error,3.410688400035724,,"HTTPStatusError: Client error '404 Not Found' for url 'https://nomads.ncep.noaa.gov/pub/data/nccf/com/gens/prod/gefs.20260701/12/atmos/pgrb2sp25/gec00.t12z.pgrb2s.0p25.f015.idx'
For more information check: https://developer.mozilla.org/en-US/docs/Web/HTTP/Status/404"
gefs_control,2026-07-01,18,0,https://nomads.ncep.noaa.gov/pub/data/nccf/com/gens/prod/gefs.20260701/18/atmos/pgrb2sp25/gec00.t18z.pgrb2s.0p25.f000.idx,,,[],,error,2.2837530999677256,,"HTTPStatusError: Client error '404 Not Found' for url 'https://nomads.ncep.noaa.gov/pub/data/nccf/com/gens/prod/gefs.20260701/18/atmos/pgrb2sp25/gec00.t18z.pgrb2s.0p25.f000.idx'
For more information check: https://developer.mozilla.org/en-US/docs/Web/HTTP/Status/404"
gefs_control,2026-07-01,12,18,https://nomads.ncep.noaa.gov/pub/data/nccf/com/gens/prod/gefs.20260701/12/atmos/pgrb2sp25/gec00.t12z.pgrb2s.0p25.f018.idx,,,[],,error,3.980172900017351,,"HTTPStatusError: Client error '404 Not Found' for url 'https://nomads.ncep.noaa.gov/pub/data/nccf/com/gens/prod/gefs.20260701/12/atmos/pgrb2sp25/gec00.t12z.pgrb2s.0p25.f018.idx'
For more information check: https://developer.mozilla.org/en-US/docs/Web/HTTP/Status/404"
gefs_control,2026-07-01,12,42,https://nomads.ncep.noaa.gov/pub/data/nccf/com/gens/prod/gefs.20260701/12/atmos/pgrb2sp25/gec00.t12z.pgrb2s.0p25.f042.idx,,,[],,error,2.9757896999944933,,"HTTPStatusError: Client error '404 Not Found' for url 'https://nomads.ncep.noaa.gov/pub/data/nccf/com/gens/prod/gefs.20260701/12/atmos/pgrb2sp25/gec00.t12z.pgrb2s.0p25.f042.idx'
For more information check: https://developer.mozilla.org/en-US/docs/Web/HTTP/Status/404"
gefs_control,2026-07-01,18,12,https://nomads.ncep.noaa.gov/pub/data/nccf/com/gens/prod/gefs.20260701/18/atmos/pgrb2sp25/gec00.t18z.pgrb2s.0p25.f012.idx,,,[],,error,2.4175773999886587,,"HTTPStatusError: Client error '404 Not Found' for url 'https://nomads.ncep.noaa.gov/pub/data/nccf/com/gens/prod/gefs.20260701/18/atmos/pgrb2sp25/gec00.t18z.pgrb2s.0p25.f012.idx'
For more information check: https://developer.mozilla.org/en-US/docs/Web/HTTP/Status/404"
gefs_control,2026-07-01,12,45,https://nomads.ncep.noaa.gov/pub/data/nccf/com/gens/prod/gefs.20260701/12/atmos/pgrb2sp25/gec00.t12z.pgrb2s.0p25.f045.idx,,,[],,error,3.014390500029549,,"HTTPStatusError: Client error '404 Not Found' for url 'https://nomads.ncep.noaa.gov/pub/data/nccf/com/gens/prod/gefs.20260701/12/atmos/pgrb2sp25/gec00.t12z.pgrb2s.0p25.f045.idx'
For more information check: https://developer.mozilla.org/en-US/docs/Web/HTTP/Status/404"
gefs_control,2026-07-01,18,9,https://nomads.ncep.noaa.gov/pub/data/nccf/com/gens/prod/gefs.20260701/18/atmos/pgrb2sp25/gec00.t18z.pgrb2s.0p25.f009.idx,,,[],,error,2.8546142000122927,,"HTTPStatusError: Client error '404 Not Found' for url 'https://nomads.ncep.noaa.gov/pub/data/nccf/com/gens/prod/gefs.20260701/18/atmos/pgrb2sp25/gec00.t18z.pgrb2s.0p25.f009.idx'
For more information check: https://developer.mozilla.org/en-US/docs/Web/HTTP/Status/404"
gefs_control,2026-07-01,12,48,https://nomads.ncep.noaa.gov/pub/data/nccf/com/gens/prod/gefs.20260701/12/atmos/pgrb2sp25/gec00.t12z.pgrb2s.0p25.f048.idx,,,[],,error,3.2308302000164986,,"HTTPStatusError: Client error '404 Not Found' for url 'https://nomads.ncep.noaa.gov/pub/data/nccf/com/gens/prod/gefs.20260701/12/atmos/pgrb2sp25/gec00.t12z.pgrb2s.0p25.f048.idx'
For more information check: https://developer.mozilla.org/en-US/docs/Web/HTTP/Status/404"
gefs_control,2026-07-01,18,3,https://nomads.ncep.noaa.gov/pub/data/nccf/com/gens/prod/gefs.20260701/18/atmos/pgrb2sp25/gec00.t18z.pgrb2s.0p25.f003.idx,,,[],,error,3.229757699999027,,"HTTPStatusError: Client error '404 Not Found' for url 'https://nomads.ncep.noaa.gov/pub/data/nccf/com/gens/prod/gefs.20260701/18/atmos/pgrb2sp25/gec00.t18z.pgrb2s.0p25.f003.idx'
For more information check: https://developer.mozilla.org/en-US/docs/Web/HTTP/Status/404"
gefs_control,2026-07-01,12,30,https://nomads.ncep.noaa.gov/pub/data/nccf/com/gens/prod/gefs.20260701/12/atmos/pgrb2sp25/gec00.t12z.pgrb2s.0p25.f030.idx,,,[],,error,4.457561899966095,,"HTTPStatusError: Client error '404 Not Found' for url 'https://nomads.ncep.noaa.gov/pub/data/nccf/com/gens/prod/gefs.20260701/12/atmos/pgrb2sp25/gec00.t12z.pgrb2s.0p25.f030.idx'
For more information check: https://developer.mozilla.org/en-US/docs/Web/HTTP/Status/404"
gefs_control,2026-07-01,12,21,https://nomads.ncep.noaa.gov/pub/data/nccf/com/gens/prod/gefs.20260701/12/atmos/pgrb2sp25/gec00.t12z.pgrb2s.0p25.f021.idx,,,[],,error,4.712804400012828,,"HTTPStatusError: Client error '404 Not Found' for url 'https://nomads.ncep.noaa.gov/pub/data/nccf/com/gens/prod/gefs.20260701/12/atmos/pgrb2sp25/gec00.t12z.pgrb2s.0p25.f021.idx'
For more information check: https://developer.mozilla.org/en-US/docs/Web/HTTP/Status/404"
gefs_control,2026-07-01,18,6,https://nomads.ncep.noaa.gov/pub/data/nccf/com/gens/prod/gefs.20260701/18/atmos/pgrb2sp25/gec00.t18z.pgrb2s.0p25.f006.idx,,,[],,error,3.3021439999574795,,"HTTPStatusError: Client error '404 Not Found' for url 'https://nomads.ncep.noaa.gov/pub/data/nccf/com/gens/prod/gefs.20260701/18/atmos/pgrb2sp25/gec00.t18z.pgrb2s.0p25.f006.idx'
For more information check: https://developer.mozilla.org/en-US/docs/Web/HTTP/Status/404"
gefs_control,2026-07-01,12,33,https://nomads.ncep.noaa.gov/pub/data/nccf/com/gens/prod/gefs.20260701/12/atmos/pgrb2sp25/gec00.t12z.pgrb2s.0p25.f033.idx,,,[],,error,4.482698199979495,,"HTTPStatusError: Client error '404 Not Found' for url 'https://nomads.ncep.noaa.gov/pub/data/nccf/com/gens/prod/gefs.20260701/12/atmos/pgrb2sp25/gec00.t12z.pgrb2s.0p25.f033.idx'
For more information check: https://developer.mozilla.org/en-US/docs/Web/HTTP/Status/404"
gefs_control,2026-07-01,18,15,https://nomads.ncep.noaa.gov/pub/data/nccf/com/gens/prod/gefs.20260701/18/atmos/pgrb2sp25/gec00.t18z.pgrb2s.0p25.f015.idx,,,[],,error,2.500921799975913,,"HTTPStatusError: Client error '404 Not Found' for url 'https://nomads.ncep.noaa.gov/pub/data/nccf/com/gens/prod/gefs.20260701/18/atmos/pgrb2sp25/gec00.t18z.pgrb2s.0p25.f015.idx'
For more information check: https://developer.mozilla.org/en-US/docs/Web/HTTP/Status/404"
gefs_control,2026-07-01,12,39,https://nomads.ncep.noaa.gov/pub/data/nccf/com/gens/prod/gefs.20260701/12/atmos/pgrb2sp25/gec00.t12z.pgrb2s.0p25.f039.idx,,,[],,error,4.416913199995179,,"HTTPStatusError: Client error '404 Not Found' for url 'https://nomads.ncep.noaa.gov/pub/data/nccf/com/gens/prod/gefs.20260701/12/atmos/pgrb2sp25/gec00.t12z.pgrb2s.0p25.f039.idx'
For more information check: https://developer.mozilla.org/en-US/docs/Web/HTTP/Status/404"
gefs_control,2026-07-01,12,36,https://nomads.ncep.noaa.gov/pub/data/nccf/com/gens/prod/gefs.20260701/12/atmos/pgrb2sp25/gec00.t12z.pgrb2s.0p25.f036.idx,,,[],,error,4.601703000022098,,"HTTPStatusError: Client error '404 Not Found' for url 'https://nomads.ncep.noaa.gov/pub/data/nccf/com/gens/prod/gefs.20260701/12/atmos/pgrb2sp25/gec00.t12z.pgrb2s.0p25.f036.idx'
For more information check: https://developer.mozilla.org/en-US/docs/Web/HTTP/Status/404"
gefs_control,2026-07-01,18,18,https://nomads.ncep.noaa.gov/pub/data/nccf/com/gens/prod/gefs.20260701/18/atmos/pgrb2sp25/gec00.t18z.pgrb2s.0p25.f018.idx,,,[],,error,2.6223220000392757,,"HTTPStatusError: Client error '404 Not Found' for url 'https://nomads.ncep.noaa.gov/pub/data/nccf/com/gens/prod/gefs.20260701/18/atmos/pgrb2sp25/gec00.t18z.pgrb2s.0p25.f018.idx'
For more information check: https://developer.mozilla.org/en-US/docs/Web/HTTP/Status/404"
gefs_control,2026-07-01,18,33,https://nomads.ncep.noaa.gov/pub/data/nccf/com/gens/prod/gefs.20260701/18/atmos/pgrb2sp25/gec00.t18z.pgrb2s.0p25.f033.idx,,,[],,error,1.9088773000403307,,"HTTPStatusError: Client error '404 Not Found' for url 'https://nomads.ncep.noaa.gov/pub/data/nccf/com/gens/prod/gefs.20260701/18/atmos/pgrb2sp25/gec00.t18z.pgrb2s.0p25.f033.idx'
For more information check: https://developer.mozilla.org/en-US/docs/Web/HTTP/Status/404"
gefs_control,2026-07-01,18,42,https://nomads.ncep.noaa.gov/pub/data/nccf/com/gens/prod/gefs.20260701/18/atmos/pgrb2sp25/gec00.t18z.pgrb2s.0p25.f042.idx,,,[],,error,2.162989800039213,,"HTTPStatusError: Client error '404 Not Found' for url 'https://nomads.ncep.noaa.gov/pub/data/nccf/com/gens/prod/gefs.20260701/18/atmos/pgrb2sp25/gec00.t18z.pgrb2s.0p25.f042.idx'
For more information check: https://developer.mozilla.org/en-US/docs/Web/HTTP/Status/404"
gefs_control,2026-07-01,18,39,https://nomads.ncep.noaa.gov/pub/data/nccf/com/gens/prod/gefs.20260701/18/atmos/pgrb2sp25/gec00.t18z.pgrb2s.0p25.f039.idx,,,[],,error,2.762238499999512,,"HTTPStatusError: Client error '404 Not Found' for url 'https://nomads.ncep.noaa.gov/pub/data/nccf/com/gens/prod/gefs.20260701/18/atmos/pgrb2sp25/gec00.t18z.pgrb2s.0p25.f039.idx'
For more information check: https://developer.mozilla.org/en-US/docs/Web/HTTP/Status/404"
gefs_control,2026-07-01,18,45,https://nomads.ncep.noaa.gov/pub/data/nccf/com/gens/prod/gefs.20260701/18/atmos/pgrb2sp25/gec00.t18z.pgrb2s.0p25.f045.idx,,,[],,error,2.6564549000468105,,"HTTPStatusError: Client error '404 Not Found' for url 'https://nomads.ncep.noaa.gov/pub/data/nccf/com/gens/prod/gefs.20260701/18/atmos/pgrb2sp25/gec00.t18z.pgrb2s.0p25.f045.idx'
For more information check: https://developer.mozilla.org/en-US/docs/Web/HTTP/Status/404"
gfs,2026-07-02,0,12,https://nomads.ncep.noaa.gov/pub/data/nccf/com/gfs/prod/gfs.20260702/00/atmos/gfs.t00z.pgrb2.0p25.f012.idx,743.0,89.0,"['4LFTX', 'ABSV', 'ACPCP', 'ALBDO', 'APCP', 'APTMP', 'CAPE', 'CFRZR', 'CICEP', 'CIN', 'CLWMR', 'CNWAT', 'CPOFP', 'CPRAT', 'CRAIN', 'CSNOW', 'CWAT', 'CWORK', 'DLWRF', 'DPT', 'DSWRF', 'DZDT', 'FLDCP', 'FRICV', 'GFLUX', 'GRLE', 'GUST', 'HCDC', 'HGT', 'HINDEX', 'HLCY', 'HPBL', 'ICAHT', 'ICEC', 'ICEG', 'ICETK', 'ICETMP', 'ICMR', 'LAND', 'LCDC', 'LFTX', 'LHTFL', 'MCDC', 'MSLET', 'O3MR', 'PEVPR', 'PLPL', 'POT', 'PRATE', 'PRES', 'PRMSL', 'PWAT', 'REFC', 'REFD', 'RH', 'RWMR', 'SFCR', 'SHTFL', 'SNMR', 'SNOD', 'SOILL', 'SOILW', 'SOTYP', 'SPFH', 'SUNSD', 'TCDC', 'TMAX', 'TMIN', 'TMP', 'TOZNE', 'TSOIL', 'U-GWD', 'UFLX', 'UGRD', 'ULWRF', 'USTM', 'USWRF', 'V-GWD', 'VEG', 'VFLX', 'VGRD', 'VIS', 'VRATE', 'VSTM', 'VVEL', 'VWSH', 'WATR', 'WEASD', 'WILT']",731.0,ok,2.24051639996469,2026-07-02T03:37:38Z,
gfs,2026-07-02,0,27,https://nomads.ncep.noaa.gov/pub/data/nccf/com/gfs/prod/gfs.20260702/00/atmos/gfs.t00z.pgrb2.0p25.f027.idx,743.0,89.0,"['4LFTX', 'ABSV', 'ACPCP', 'ALBDO', 'APCP', 'APTMP', 'CAPE', 'CFRZR', 'CICEP', 'CIN', 'CLWMR', 'CNWAT', 'CPOFP', 'CPRAT', 'CRAIN', 'CSNOW', 'CWAT', 'CWORK', 'DLWRF', 'DPT', 'DSWRF', 'DZDT', 'FLDCP', 'FRICV', 'GFLUX', 'GRLE', 'GUST', 'HCDC', 'HGT', 'HINDEX', 'HLCY', 'HPBL', 'ICAHT', 'ICEC', 'ICEG', 'ICETK', 'ICETMP', 'ICMR', 'LAND', 'LCDC', 'LFTX', 'LHTFL', 'MCDC', 'MSLET', 'O3MR', 'PEVPR', 'PLPL', 'POT', 'PRATE', 'PRES', 'PRMSL', 'PWAT', 'REFC', 'REFD', 'RH', 'RWMR', 'SFCR', 'SHTFL', 'SNMR', 'SNOD', 'SOILL', 'SOILW', 'SOTYP', 'SPFH', 'SUNSD', 'TCDC', 'TMAX', 'TMIN', 'TMP', 'TOZNE', 'TSOIL', 'U-GWD', 'UFLX', 'UGRD', 'ULWRF', 'USTM', 'USWRF', 'V-GWD', 'VEG', 'VFLX', 'VGRD', 'VIS', 'VRATE', 'VSTM', 'VVEL', 'VWSH', 'WATR', 'WEASD', 'WILT']",731.0,ok,1.8708926000399515,2026-07-02T03:41:51Z,
gfs,2026-07-02,0,18,https://nomads.ncep.noaa.gov/pub/data/nccf/com/gfs/prod/gfs.20260702/00/atmos/gfs.t00z.pgrb2.0p25.f018.idx,743.0,89.0,"['4LFTX', 'ABSV', 'ACPCP', 'ALBDO', 'APCP', 'APTMP', 'CAPE', 'CFRZR', 'CICEP', 'CIN', 'CLWMR', 'CNWAT', 'CPOFP', 'CPRAT', 'CRAIN', 'CSNOW', 'CWAT', 'CWORK', 'DLWRF', 'DPT', 'DSWRF', 'DZDT', 'FLDCP', 'FRICV', 'GFLUX', 'GRLE', 'GUST', 'HCDC', 'HGT', 'HINDEX', 'HLCY', 'HPBL', 'ICAHT', 'ICEC', 'ICEG', 'ICETK', 'ICETMP', 'ICMR', 'LAND', 'LCDC', 'LFTX', 'LHTFL', 'MCDC', 'MSLET', 'O3MR', 'PEVPR', 'PLPL', 'POT', 'PRATE', 'PRES', 'PRMSL', 'PWAT', 'REFC', 'REFD', 'RH', 'RWMR', 'SFCR', 'SHTFL', 'SNMR', 'SNOD', 'SOILL', 'SOILW', 'SOTYP', 'SPFH', 'SUNSD', 'TCDC', 'TMAX', 'TMIN', 'TMP', 'TOZNE', 'TSOIL', 'U-GWD', 'UFLX', 'UGRD', 'ULWRF', 'USTM', 'USWRF', 'V-GWD', 'VEG', 'VFLX', 'VGRD', 'VIS', 'VRATE', 'VSTM', 'VVEL', 'VWSH', 'WATR', 'WEASD', 'WILT']",731.0,ok,2.2018709999974817,2026-07-02T03:39:17Z,
gfs,2026-07-02,0,3,https://nomads.ncep.noaa.gov/pub/data/nccf/com/gfs/prod/gfs.20260702/00/atmos/gfs.t00z.pgrb2.0p25.f003.idx,743.0,89.0,"['4LFTX', 'ABSV', 'ACPCP', 'ALBDO', 'APCP', 'APTMP', 'CAPE', 'CFRZR', 'CICEP', 'CIN', 'CLWMR', 'CNWAT', 'CPOFP', 'CPRAT', 'CRAIN', 'CSNOW', 'CWAT', 'CWORK', 'DLWRF', 'DPT', 'DSWRF', 'DZDT', 'FLDCP', 'FRICV', 'GFLUX', 'GRLE', 'GUST', 'HCDC', 'HGT', 'HINDEX', 'HLCY', 'HPBL', 'ICAHT', 'ICEC', 'ICEG', 'ICETK', 'ICETMP', 'ICMR', 'LAND', 'LCDC', 'LFTX', 'LHTFL', 'MCDC', 'MSLET', 'O3MR', 'PEVPR', 'PLPL', 'POT', 'PRATE', 'PRES', 'PRMSL', 'PWAT', 'REFC', 'REFD', 'RH', 'RWMR', 'SFCR', 'SHTFL', 'SNMR', 'SNOD', 'SOILL', 'SOILW', 'SOTYP', 'SPFH', 'SUNSD', 'TCDC', 'TMAX', 'TMIN', 'TMP', 'TOZNE', 'TSOIL', 'U-GWD', 'UFLX', 'UGRD', 'ULWRF', 'USTM', 'USWRF', 'V-GWD', 'VEG', 'VFLX', 'VGRD', 'VIS', 'VRATE', 'VSTM', 'VVEL', 'VWSH', 'WATR', 'WEASD', 'WILT']",731.0,ok,2.6035084999748506,2026-07-02T03:35:11Z,
gefs_control,2026-07-01,18,21,https://nomads.ncep.noaa.gov/pub/data/nccf/com/gens/prod/gefs.20260701/18/atmos/pgrb2sp25/gec00.t18z.pgrb2s.0p25.f021.idx,,,[],,error,4.564443999959622,,"HTTPStatusError: Client error '404 Not Found' for url 'https://nomads.ncep.noaa.gov/pub/data/nccf/com/gens/prod/gefs.20260701/18/atmos/pgrb2sp25/gec00.t18z.pgrb2s.0p25.f021.idx'
For more information check: https://developer.mozilla.org/en-US/docs/Web/HTTP/Status/404"
gfs,2026-07-02,0,0,https://nomads.ncep.noaa.gov/pub/data/nccf/com/gfs/prod/gfs.20260702/00/atmos/gfs.t00z.pgrb2.0p25.f000.idx,696.0,69.0,"['4LFTX', 'ABSV', 'APTMP', 'CAPE', 'CFRZR', 'CICEP', 'CIN', 'CLWMR', 'CNWAT', 'CPOFP', 'CRAIN', 'CSNOW', 'CWAT', 'DPT', 'DZDT', 'FLDCP', 'FRICV', 'GRLE', 'GUST', 'HCDC', 'HGT', 'HINDEX', 'HLCY', 'HPBL', 'ICAHT', 'ICEC', 'ICEG', 'ICETK', 'ICETMP', 'ICMR', 'LAND', 'LCDC', 'LFTX', 'MCDC', 'MSLET', 'O3MR', 'PLPL', 'POT', 'PRATE', 'PRES', 'PRMSL', 'PWAT', 'REFC', 'REFD', 'RH', 'RWMR', 'SFCR', 'SNMR', 'SNOD', 'SOILL', 'SOILW', 'SOTYP', 'SPFH', 'SUNSD', 'TCDC', 'TMP', 'TOZNE', 'TSOIL', 'UGRD', 'USTM', 'VEG', 'VGRD', 'VIS', 'VRATE', 'VSTM', 'VVEL', 'VWSH', 'WEASD', 'WILT']",696.0,ok,2.8249855000176467,2026-07-02T03:34:28Z,
gefs_control,2026-07-01,18,48,https://nomads.ncep.noaa.gov/pub/data/nccf/com/gens/prod/gefs.20260701/18/atmos/pgrb2sp25/gec00.t18z.pgrb2s.0p25.f048.idx,,,[],,error,3.0097822999814525,,"HTTPStatusError: Client error '404 Not Found' for url 'https://nomads.ncep.noaa.gov/pub/data/nccf/com/gens/prod/gefs.20260701/18/atmos/pgrb2sp25/gec00.t18z.pgrb2s.0p25.f048.idx'
For more information check: https://developer.mozilla.org/en-US/docs/Web/HTTP/Status/404"
gefs_control,2026-07-01,18,24,https://nomads.ncep.noaa.gov/pub/data/nccf/com/gens/prod/gefs.20260701/18/atmos/pgrb2sp25/gec00.t18z.pgrb2s.0p25.f024.idx,,,[],,error,4.659515400009695,,"HTTPStatusError: Client error '404 Not Found' for url 'https://nomads.ncep.noaa.gov/pub/data/nccf/com/gens/prod/gefs.20260701/18/atmos/pgrb2sp25/gec00.t18z.pgrb2s.0p25.f024.idx'
For more information check: https://developer.mozilla.org/en-US/docs/Web/HTTP/Status/404"
gefs_control,2026-07-01,18,27,https://nomads.ncep.noaa.gov/pub/data/nccf/com/gens/prod/gefs.20260701/18/atmos/pgrb2sp25/gec00.t18z.pgrb2s.0p25.f027.idx,,,[],,error,4.677650700032245,,"HTTPStatusError: Client error '404 Not Found' for url 'https://nomads.ncep.noaa.gov/pub/data/nccf/com/gens/prod/gefs.20260701/18/atmos/pgrb2sp25/gec00.t18z.pgrb2s.0p25.f027.idx'
For more information check: https://developer.mozilla.org/en-US/docs/Web/HTTP/Status/404"
gefs_control,2026-07-01,18,36,https://nomads.ncep.noaa.gov/pub/data/nccf/com/gens/prod/gefs.20260701/18/atmos/pgrb2sp25/gec00.t18z.pgrb2s.0p25.f036.idx,,,[],,error,3.765716499998234,,"HTTPStatusError: Client error '404 Not Found' for url 'https://nomads.ncep.noaa.gov/pub/data/nccf/com/gens/prod/gefs.20260701/18/atmos/pgrb2sp25/gec00.t18z.pgrb2s.0p25.f036.idx'
For more information check: https://developer.mozilla.org/en-US/docs/Web/HTTP/Status/404"
gefs_control,2026-07-01,18,30,https://nomads.ncep.noaa.gov/pub/data/nccf/com/gens/prod/gefs.20260701/18/atmos/pgrb2sp25/gec00.t18z.pgrb2s.0p25.f030.idx,,,[],,error,4.620388799987268,,"HTTPStatusError: Client error '404 Not Found' for url 'https://nomads.ncep.noaa.gov/pub/data/nccf/com/gens/prod/gefs.20260701/18/atmos/pgrb2sp25/gec00.t18z.pgrb2s.0p25.f030.idx'
For more information check: https://developer.mozilla.org/en-US/docs/Web/HTTP/Status/404"
gfs,2026-07-02,0,30,https://nomads.ncep.noaa.gov/pub/data/nccf/com/gfs/prod/gfs.20260702/00/atmos/gfs.t00z.pgrb2.0p25.f030.idx,743.0,89.0,"['4LFTX', 'ABSV', 'ACPCP', 'ALBDO', 'APCP', 'APTMP', 'CAPE', 'CFRZR', 'CICEP', 'CIN', 'CLWMR', 'CNWAT', 'CPOFP', 'CPRAT', 'CRAIN', 'CSNOW', 'CWAT', 'CWORK', 'DLWRF', 'DPT', 'DSWRF', 'DZDT', 'FLDCP', 'FRICV', 'GFLUX', 'GRLE', 'GUST', 'HCDC', 'HGT', 'HINDEX', 'HLCY', 'HPBL', 'ICAHT', 'ICEC', 'ICEG', 'ICETK', 'ICETMP', 'ICMR', 'LAND', 'LCDC', 'LFTX', 'LHTFL', 'MCDC', 'MSLET', 'O3MR', 'PEVPR', 'PLPL', 'POT', 'PRATE', 'PRES', 'PRMSL', 'PWAT', 'REFC', 'REFD', 'RH', 'RWMR', 'SFCR', 'SHTFL', 'SNMR', 'SNOD', 'SOILL', 'SOILW', 'SOTYP', 'SPFH', 'SUNSD', 'TCDC', 'TMAX', 'TMIN', 'TMP', 'TOZNE', 'TSOIL', 'U-GWD', 'UFLX', 'UGRD', 'ULWRF', 'USTM', 'USWRF', 'V-GWD', 'VEG', 'VFLX', 'VGRD', 'VIS', 'VRATE', 'VSTM', 'VVEL', 'VWSH', 'WATR', 'WEASD', 'WILT']",731.0,ok,2.2598317999509163,2026-07-02T03:42:45Z,
gfs,2026-07-02,0,33,https://nomads.ncep.noaa.gov/pub/data/nccf/com/gfs/prod/gfs.20260702/00/atmos/gfs.t00z.pgrb2.0p25.f033.idx,743.0,89.0,"['4LFTX', 'ABSV', 'ACPCP', 'ALBDO', 'APCP', 'APTMP', 'CAPE', 'CFRZR', 'CICEP', 'CIN', 'CLWMR', 'CNWAT', 'CPOFP', 'CPRAT', 'CRAIN', 'CSNOW', 'CWAT', 'CWORK', 'DLWRF', 'DPT', 'DSWRF', 'DZDT', 'FLDCP', 'FRICV', 'GFLUX', 'GRLE', 'GUST', 'HCDC', 'HGT', 'HINDEX', 'HLCY', 'HPBL', 'ICAHT', 'ICEC', 'ICEG', 'ICETK', 'ICETMP', 'ICMR', 'LAND', 'LCDC', 'LFTX', 'LHTFL', 'MCDC', 'MSLET', 'O3MR', 'PEVPR', 'PLPL', 'POT', 'PRATE', 'PRES', 'PRMSL', 'PWAT', 'REFC', 'REFD', 'RH', 'RWMR', 'SFCR', 'SHTFL', 'SNMR', 'SNOD', 'SOILL', 'SOILW', 'SOTYP', 'SPFH', 'SUNSD', 'TCDC', 'TMAX', 'TMIN', 'TMP', 'TOZNE', 'TSOIL', 'U-GWD', 'UFLX', 'UGRD', 'ULWRF', 'USTM', 'USWRF', 'V-GWD', 'VEG', 'VFLX', 'VGRD', 'VIS', 'VRATE', 'VSTM', 'VVEL', 'VWSH', 'WATR', 'WEASD', 'WILT']",731.0,ok,2.1237604999914765,2026-07-02T03:43:02Z,
gfs,2026-07-02,0,6,https://nomads.ncep.noaa.gov/pub/data/nccf/com/gfs/prod/gfs.20260702/00/atmos/gfs.t00z.pgrb2.0p25.f006.idx,743.0,89.0,"['4LFTX', 'ABSV', 'ACPCP', 'ALBDO', 'APCP', 'APTMP', 'CAPE', 'CFRZR', 'CICEP', 'CIN', 'CLWMR', 'CNWAT', 'CPOFP', 'CPRAT', 'CRAIN', 'CSNOW', 'CWAT', 'CWORK', 'DLWRF', 'DPT', 'DSWRF', 'DZDT', 'FLDCP', 'FRICV', 'GFLUX', 'GRLE', 'GUST', 'HCDC', 'HGT', 'HINDEX', 'HLCY', 'HPBL', 'ICAHT', 'ICEC', 'ICEG', 'ICETK', 'ICETMP', 'ICMR', 'LAND', 'LCDC', 'LFTX', 'LHTFL', 'MCDC', 'MSLET', 'O3MR', 'PEVPR', 'PLPL', 'POT', 'PRATE', 'PRES', 'PRMSL', 'PWAT', 'REFC', 'REFD', 'RH', 'RWMR', 'SFCR', 'SHTFL', 'SNMR', 'SNOD', 'SOILL', 'SOILW', 'SOTYP', 'SPFH', 'SUNSD', 'TCDC', 'TMAX', 'TMIN', 'TMP', 'TOZNE', 'TSOIL', 'U-GWD', 'UFLX', 'UGRD', 'ULWRF', 'USTM', 'USWRF', 'V-GWD', 'VEG', 'VFLX', 'VGRD', 'VIS', 'VRATE', 'VSTM', 'VVEL', 'VWSH', 'WATR', 'WEASD', 'WILT']",731.0,ok,4.380647299985867,2026-07-02T03:35:55Z,
gfs,2026-07-02,0,15,https://nomads.ncep.noaa.gov/pub/data/nccf/com/gfs/prod/gfs.20260702/00/atmos/gfs.t00z.pgrb2.0p25.f015.idx,743.0,89.0,"['4LFTX', 'ABSV', 'ACPCP', 'ALBDO', 'APCP', 'APTMP', 'CAPE', 'CFRZR', 'CICEP', 'CIN', 'CLWMR', 'CNWAT', 'CPOFP', 'CPRAT', 'CRAIN', 'CSNOW', 'CWAT', 'CWORK', 'DLWRF', 'DPT', 'DSWRF', 'DZDT', 'FLDCP', 'FRICV', 'GFLUX', 'GRLE', 'GUST', 'HCDC', 'HGT', 'HINDEX', 'HLCY', 'HPBL', 'ICAHT', 'ICEC', 'ICEG', 'ICETK', 'ICETMP', 'ICMR', 'LAND', 'LCDC', 'LFTX', 'LHTFL', 'MCDC', 'MSLET', 'O3MR', 'PEVPR', 'PLPL', 'POT', 'PRATE', 'PRES', 'PRMSL', 'PWAT', 'REFC', 'REFD', 'RH', 'RWMR', 'SFCR', 'SHTFL', 'SNMR', 'SNOD', 'SOILL', 'SOILW', 'SOTYP', 'SPFH', 'SUNSD', 'TCDC', 'TMAX', 'TMIN', 'TMP', 'TOZNE', 'TSOIL', 'U-GWD', 'UFLX', 'UGRD', 'ULWRF', 'USTM', 'USWRF', 'V-GWD', 'VEG', 'VFLX', 'VGRD', 'VIS', 'VRATE', 'VSTM', 'VVEL', 'VWSH', 'WATR', 'WEASD', 'WILT']",731.0,ok,4.393301600008272,2026-07-02T03:38:28Z,
gfs,2026-07-02,0,9,https://nomads.ncep.noaa.gov/pub/data/nccf/com/gfs/prod/gfs.20260702/00/atmos/gfs.t00z.pgrb2.0p25.f009.idx,743.0,89.0,"['4LFTX', 'ABSV', 'ACPCP', 'ALBDO', 'APCP', 'APTMP', 'CAPE', 'CFRZR', 'CICEP', 'CIN', 'CLWMR', 'CNWAT', 'CPOFP', 'CPRAT', 'CRAIN', 'CSNOW', 'CWAT', 'CWORK', 'DLWRF', 'DPT', 'DSWRF', 'DZDT', 'FLDCP', 'FRICV', 'GFLUX', 'GRLE', 'GUST', 'HCDC', 'HGT', 'HINDEX', 'HLCY', 'HPBL', 'ICAHT', 'ICEC', 'ICEG', 'ICETK', 'ICETMP', 'ICMR', 'LAND', 'LCDC', 'LFTX', 'LHTFL', 'MCDC', 'MSLET', 'O3MR', 'PEVPR', 'PLPL', 'POT', 'PRATE', 'PRES', 'PRMSL', 'PWAT', 'REFC', 'REFD', 'RH', 'RWMR', 'SFCR', 'SHTFL', 'SNMR', 'SNOD', 'SOILL', 'SOILW', 'SOTYP', 'SPFH', 'SUNSD', 'TCDC', 'TMAX', 'TMIN', 'TMP', 'TOZNE', 'TSOIL', 'U-GWD', 'UFLX', 'UGRD', 'ULWRF', 'USTM', 'USWRF', 'V-GWD', 'VEG', 'VFLX', 'VGRD', 'VIS', 'VRATE', 'VSTM', 'VVEL', 'VWSH', 'WATR', 'WEASD', 'WILT']",731.0,ok,4.536622100044042,2026-07-02T03:36:54Z,
gfs,2026-07-02,0,39,https://nomads.ncep.noaa.gov/pub/data/nccf/com/gfs/prod/gfs.20260702/00/atmos/gfs.t00z.pgrb2.0p25.f039.idx,743.0,89.0,"['4LFTX', 'ABSV', 'ACPCP', 'ALBDO', 'APCP', 'APTMP', 'CAPE', 'CFRZR', 'CICEP', 'CIN', 'CLWMR', 'CNWAT', 'CPOFP', 'CPRAT', 'CRAIN', 'CSNOW', 'CWAT', 'CWORK', 'DLWRF', 'DPT', 'DSWRF', 'DZDT', 'FLDCP', 'FRICV', 'GFLUX', 'GRLE', 'GUST', 'HCDC', 'HGT', 'HINDEX', 'HLCY', 'HPBL', 'ICAHT', 'ICEC', 'ICEG', 'ICETK', 'ICETMP', 'ICMR', 'LAND', 'LCDC', 'LFTX', 'LHTFL', 'MCDC', 'MSLET', 'O3MR', 'PEVPR', 'PLPL', 'POT', 'PRATE', 'PRES', 'PRMSL', 'PWAT', 'REFC', 'REFD', 'RH', 'RWMR', 'SFCR', 'SHTFL', 'SNMR', 'SNOD', 'SOILL', 'SOILW', 'SOTYP', 'SPFH', 'SUNSD', 'TCDC', 'TMAX', 'TMIN', 'TMP', 'TOZNE', 'TSOIL', 'U-GWD', 'UFLX', 'UGRD', 'ULWRF', 'USTM', 'USWRF', 'V-GWD', 'VEG', 'VFLX', 'VGRD', 'VIS', 'VRATE', 'VSTM', 'VVEL', 'VWSH', 'WATR', 'WEASD', 'WILT']",731.0,ok,2.5351559999980964,2026-07-02T03:44:39Z,
gfs,2026-07-02,0,21,https://nomads.ncep.noaa.gov/pub/data/nccf/com/gfs/prod/gfs.20260702/00/atmos/gfs.t00z.pgrb2.0p25.f021.idx,743.0,89.0,"['4LFTX', 'ABSV', 'ACPCP', 'ALBDO', 'APCP', 'APTMP', 'CAPE', 'CFRZR', 'CICEP', 'CIN', 'CLWMR', 'CNWAT', 'CPOFP', 'CPRAT', 'CRAIN', 'CSNOW', 'CWAT', 'CWORK', 'DLWRF', 'DPT', 'DSWRF', 'DZDT', 'FLDCP', 'FRICV', 'GFLUX', 'GRLE', 'GUST', 'HCDC', 'HGT', 'HINDEX', 'HLCY', 'HPBL', 'ICAHT', 'ICEC', 'ICEG', 'ICETK', 'ICETMP', 'ICMR', 'LAND', 'LCDC', 'LFTX', 'LHTFL', 'MCDC', 'MSLET', 'O3MR', 'PEVPR', 'PLPL', 'POT', 'PRATE', 'PRES', 'PRMSL', 'PWAT', 'REFC', 'REFD', 'RH', 'RWMR', 'SFCR', 'SHTFL', 'SNMR', 'SNOD', 'SOILL', 'SOILW', 'SOTYP', 'SPFH', 'SUNSD', 'TCDC', 'TMAX', 'TMIN', 'TMP', 'TOZNE', 'TSOIL', 'U-GWD', 'UFLX', 'UGRD', 'ULWRF', 'USTM', 'USWRF', 'V-GWD', 'VEG', 'VFLX', 'VGRD', 'VIS', 'VRATE', 'VSTM', 'VVEL', 'VWSH', 'WATR', 'WEASD', 'WILT']",731.0,ok,4.564423999981955,2026-07-02T03:40:35Z,
gfs,2026-07-02,0,36,https://nomads.ncep.noaa.gov/pub/data/nccf/com/gfs/prod/gfs.20260702/00/atmos/gfs.t00z.pgrb2.0p25.f036.idx,743.0,89.0,"['4LFTX', 'ABSV', 'ACPCP', 'ALBDO', 'APCP', 'APTMP', 'CAPE', 'CFRZR', 'CICEP', 'CIN', 'CLWMR', 'CNWAT', 'CPOFP', 'CPRAT', 'CRAIN', 'CSNOW', 'CWAT', 'CWORK', 'DLWRF', 'DPT', 'DSWRF', 'DZDT', 'FLDCP', 'FRICV', 'GFLUX', 'GRLE', 'GUST', 'HCDC', 'HGT', 'HINDEX', 'HLCY', 'HPBL', 'ICAHT', 'ICEC', 'ICEG', 'ICETK', 'ICETMP', 'ICMR', 'LAND', 'LCDC', 'LFTX', 'LHTFL', 'MCDC', 'MSLET', 'O3MR', 'PEVPR', 'PLPL', 'POT', 'PRATE', 'PRES', 'PRMSL', 'PWAT', 'REFC', 'REFD', 'RH', 'RWMR', 'SFCR', 'SHTFL', 'SNMR', 'SNOD', 'SOILL', 'SOILW', 'SOTYP', 'SPFH', 'SUNSD', 'TCDC', 'TMAX', 'TMIN', 'TMP', 'TOZNE', 'TSOIL', 'U-GWD', 'UFLX', 'UGRD', 'ULWRF', 'USTM', 'USWRF', 'V-GWD', 'VEG', 'VFLX', 'VGRD', 'VIS', 'VRATE', 'VSTM', 'VVEL', 'VWSH', 'WATR', 'WEASD', 'WILT']",731.0,ok,2.9123709999839775,2026-07-02T03:44:02Z,
gfs,2026-07-02,0,45,https://nomads.ncep.noaa.gov/pub/data/nccf/com/gfs/prod/gfs.20260702/00/atmos/gfs.t00z.pgrb2.0p25.f045.idx,743.0,89.0,"['4LFTX', 'ABSV', 'ACPCP', 'ALBDO', 'APCP', 'APTMP', 'CAPE', 'CFRZR', 'CICEP', 'CIN', 'CLWMR', 'CNWAT', 'CPOFP', 'CPRAT', 'CRAIN', 'CSNOW', 'CWAT', 'CWORK', 'DLWRF', 'DPT', 'DSWRF', 'DZDT', 'FLDCP', 'FRICV', 'GFLUX', 'GRLE', 'GUST', 'HCDC', 'HGT', 'HINDEX', 'HLCY', 'HPBL', 'ICAHT', 'ICEC', 'ICEG', 'ICETK', 'ICETMP', 'ICMR', 'LAND', 'LCDC', 'LFTX', 'LHTFL', 'MCDC', 'MSLET', 'O3MR', 'PEVPR', 'PLPL', 'POT', 'PRATE', 'PRES', 'PRMSL', 'PWAT', 'REFC', 'REFD', 'RH', 'RWMR', 'SFCR', 'SHTFL', 'SNMR', 'SNOD', 'SOILL', 'SOILW', 'SOTYP', 'SPFH', 'SUNSD', 'TCDC', 'TMAX', 'TMIN', 'TMP', 'TOZNE', 'TSOIL', 'U-GWD', 'UFLX', 'UGRD', 'ULWRF', 'USTM', 'USWRF', 'V-GWD', 'VEG', 'VFLX', 'VGRD', 'VIS', 'VRATE', 'VSTM', 'VVEL', 'VWSH', 'WATR', 'WEASD', 'WILT']",731.0,ok,2.5766435000114143,2026-07-02T03:46:43Z,
gfs,2026-07-02,0,42,https://nomads.ncep.noaa.gov/pub/data/nccf/com/gfs/prod/gfs.20260702/00/atmos/gfs.t00z.pgrb2.0p25.f042.idx,743.0,89.0,"['4LFTX', 'ABSV', 'ACPCP', 'ALBDO', 'APCP', 'APTMP', 'CAPE', 'CFRZR', 'CICEP', 'CIN', 'CLWMR', 'CNWAT', 'CPOFP', 'CPRAT', 'CRAIN', 'CSNOW', 'CWAT', 'CWORK', 'DLWRF', 'DPT', 'DSWRF', 'DZDT', 'FLDCP', 'FRICV', 'GFLUX', 'GRLE', 'GUST', 'HCDC', 'HGT', 'HINDEX', 'HLCY', 'HPBL', 'ICAHT', 'ICEC', 'ICEG', 'ICETK', 'ICETMP', 'ICMR', 'LAND', 'LCDC', 'LFTX', 'LHTFL', 'MCDC', 'MSLET', 'O3MR', 'PEVPR', 'PLPL', 'POT', 'PRATE', 'PRES', 'PRMSL', 'PWAT', 'REFC', 'REFD', 'RH', 'RWMR', 'SFCR', 'SHTFL', 'SNMR', 'SNOD', 'SOILL', 'SOILW', 'SOTYP', 'SPFH', 'SUNSD', 'TCDC', 'TMAX', 'TMIN', 'TMP', 'TOZNE', 'TSOIL', 'U-GWD', 'UFLX', 'UGRD', 'ULWRF', 'USTM', 'USWRF', 'V-GWD', 'VEG', 'VFLX', 'VGRD', 'VIS', 'VRATE', 'VSTM', 'VVEL', 'VWSH', 'WATR', 'WEASD', 'WILT']",731.0,ok,2.7392857000231743,2026-07-02T03:45:43Z,
gfs,2026-07-02,0,48,https://nomads.ncep.noaa.gov/pub/data/nccf/com/gfs/prod/gfs.20260702/00/atmos/gfs.t00z.pgrb2.0p25.f048.idx,743.0,89.0,"['4LFTX', 'ABSV', 'ACPCP', 'ALBDO', 'APCP', 'APTMP', 'CAPE', 'CFRZR', 'CICEP', 'CIN', 'CLWMR', 'CNWAT', 'CPOFP', 'CPRAT', 'CRAIN', 'CSNOW', 'CWAT', 'CWORK', 'DLWRF', 'DPT', 'DSWRF', 'DZDT', 'FLDCP', 'FRICV', 'GFLUX', 'GRLE', 'GUST', 'HCDC', 'HGT', 'HINDEX', 'HLCY', 'HPBL', 'ICAHT', 'ICEC', 'ICEG', 'ICETK', 'ICETMP', 'ICMR', 'LAND', 'LCDC', 'LFTX', 'LHTFL', 'MCDC', 'MSLET', 'O3MR', 'PEVPR', 'PLPL', 'POT', 'PRATE', 'PRES', 'PRMSL', 'PWAT', 'REFC', 'REFD', 'RH', 'RWMR', 'SFCR', 'SHTFL', 'SNMR', 'SNOD', 'SOILL', 'SOILW', 'SOTYP', 'SPFH', 'SUNSD', 'TCDC', 'TMAX', 'TMIN', 'TMP', 'TOZNE', 'TSOIL', 'U-GWD', 'UFLX', 'UGRD', 'ULWRF', 'USTM', 'USWRF', 'V-GWD', 'VEG', 'VFLX', 'VGRD', 'VIS', 'VRATE', 'VSTM', 'VVEL', 'VWSH', 'WATR', 'WEASD', 'WILT']",731.0,ok,2.6246211000252515,2026-07-02T03:47:33Z,
gfs,2026-07-02,0,24,https://nomads.ncep.noaa.gov/pub/data/nccf/com/gfs/prod/gfs.20260702/00/atmos/gfs.t00z.pgrb2.0p25.f024.idx,743.0,89.0,"['4LFTX', 'ABSV', 'ACPCP', 'ALBDO', 'APCP', 'APTMP', 'CAPE', 'CFRZR', 'CICEP', 'CIN', 'CLWMR', 'CNWAT', 'CPOFP', 'CPRAT', 'CRAIN', 'CSNOW', 'CWAT', 'CWORK', 'DLWRF', 'DPT', 'DSWRF', 'DZDT', 'FLDCP', 'FRICV', 'GFLUX', 'GRLE', 'GUST', 'HCDC', 'HGT', 'HINDEX', 'HLCY', 'HPBL', 'ICAHT', 'ICEC', 'ICEG', 'ICETK', 'ICETMP', 'ICMR', 'LAND', 'LCDC', 'LFTX', 'LHTFL', 'MCDC', 'MSLET', 'O3MR', 'PEVPR', 'PLPL', 'POT', 'PRATE', 'PRES', 'PRMSL', 'PWAT', 'REFC', 'REFD', 'RH', 'RWMR', 'SFCR', 'SHTFL', 'SNMR', 'SNOD', 'SOILL', 'SOILW', 'SOTYP', 'SPFH', 'SUNSD', 'TCDC', 'TMAX', 'TMIN', 'TMP', 'TOZNE', 'TSOIL', 'U-GWD', 'UFLX', 'UGRD', 'ULWRF', 'USTM', 'USWRF', 'V-GWD', 'VEG', 'VFLX', 'VGRD', 'VIS', 'VRATE', 'VSTM', 'VVEL', 'VWSH', 'WATR', 'WEASD', 'WILT']",731.0,ok,4.592437700019218,2026-07-02T03:41:54Z,
gfs,2026-07-02,6,24,https://nomads.ncep.noaa.gov/pub/data/nccf/com/gfs/prod/gfs.20260702/06/atmos/gfs.t06z.pgrb2.0p25.f024.idx,743.0,89.0,"['4LFTX', 'ABSV', 'ACPCP', 'ALBDO', 'APCP', 'APTMP', 'CAPE', 'CFRZR', 'CICEP', 'CIN', 'CLWMR', 'CNWAT', 'CPOFP', 'CPRAT', 'CRAIN', 'CSNOW', 'CWAT', 'CWORK', 'DLWRF', 'DPT', 'DSWRF', 'DZDT', 'FLDCP', 'FRICV', 'GFLUX', 'GRLE', 'GUST', 'HCDC', 'HGT', 'HINDEX', 'HLCY', 'HPBL', 'ICAHT', 'ICEC', 'ICEG', 'ICETK', 'ICETMP', 'ICMR', 'LAND', 'LCDC', 'LFTX', 'LHTFL', 'MCDC', 'MSLET', 'O3MR', 'PEVPR', 'PLPL', 'POT', 'PRATE', 'PRES', 'PRMSL', 'PWAT', 'REFC', 'REFD', 'RH', 'RWMR', 'SFCR', 'SHTFL', 'SNMR', 'SNOD', 'SOILL', 'SOILW', 'SOTYP', 'SPFH', 'SUNSD', 'TCDC', 'TMAX', 'TMIN', 'TMP', 'TOZNE', 'TSOIL', 'U-GWD', 'UFLX', 'UGRD', 'ULWRF', 'USTM', 'USWRF', 'V-GWD', 'VEG', 'VFLX', 'VGRD', 'VIS', 'VRATE', 'VSTM', 'VVEL', 'VWSH', 'WATR', 'WEASD', 'WILT']",731.0,ok,2.2882584999897517,2026-07-02T09:39:09Z,
gfs,2026-07-02,6,6,https://nomads.ncep.noaa.gov/pub/data/nccf/com/gfs/prod/gfs.20260702/06/atmos/gfs.t06z.pgrb2.0p25.f006.idx,743.0,89.0,"['4LFTX', 'ABSV', 'ACPCP', 'ALBDO', 'APCP', 'APTMP', 'CAPE', 'CFRZR', 'CICEP', 'CIN', 'CLWMR', 'CNWAT', 'CPOFP', 'CPRAT', 'CRAIN', 'CSNOW', 'CWAT', 'CWORK', 'DLWRF', 'DPT', 'DSWRF', 'DZDT', 'FLDCP', 'FRICV', 'GFLUX', 'GRLE', 'GUST', 'HCDC', 'HGT', 'HINDEX', 'HLCY', 'HPBL', 'ICAHT', 'ICEC', 'ICEG', 'ICETK', 'ICETMP', 'ICMR', 'LAND', 'LCDC', 'LFTX', 'LHTFL', 'MCDC', 'MSLET', 'O3MR', 'PEVPR', 'PLPL', 'POT', 'PRATE', 'PRES', 'PRMSL', 'PWAT', 'REFC', 'REFD', 'RH', 'RWMR', 'SFCR', 'SHTFL', 'SNMR', 'SNOD', 'SOILL', 'SOILW', 'SOTYP', 'SPFH', 'SUNSD', 'TCDC', 'TMAX', 'TMIN', 'TMP', 'TOZNE', 'TSOIL', 'U-GWD', 'UFLX', 'UGRD', 'ULWRF', 'USTM', 'USWRF', 'V-GWD', 'VEG', 'VFLX', 'VGRD', 'VIS', 'VRATE', 'VSTM', 'VVEL', 'VWSH', 'WATR', 'WEASD', 'WILT']",731.0,ok,2.8887802999815904,2026-07-02T09:33:49Z,
gfs,2026-07-02,6,9,https://nomads.ncep.noaa.gov/pub/data/nccf/com/gfs/prod/gfs.20260702/06/atmos/gfs.t06z.pgrb2.0p25.f009.idx,743.0,89.0,"['4LFTX', 'ABSV', 'ACPCP', 'ALBDO', 'APCP', 'APTMP', 'CAPE', 'CFRZR', 'CICEP', 'CIN', 'CLWMR', 'CNWAT', 'CPOFP', 'CPRAT', 'CRAIN', 'CSNOW', 'CWAT', 'CWORK', 'DLWRF', 'DPT', 'DSWRF', 'DZDT', 'FLDCP', 'FRICV', 'GFLUX', 'GRLE', 'GUST', 'HCDC', 'HGT', 'HINDEX', 'HLCY', 'HPBL', 'ICAHT', 'ICEC', 'ICEG', 'ICETK', 'ICETMP', 'ICMR', 'LAND', 'LCDC', 'LFTX', 'LHTFL', 'MCDC', 'MSLET', 'O3MR', 'PEVPR', 'PLPL', 'POT', 'PRATE', 'PRES', 'PRMSL', 'PWAT', 'REFC', 'REFD', 'RH', 'RWMR', 'SFCR', 'SHTFL', 'SNMR', 'SNOD', 'SOILL', 'SOILW', 'SOTYP', 'SPFH', 'SUNSD', 'TCDC', 'TMAX', 'TMIN', 'TMP', 'TOZNE', 'TSOIL', 'U-GWD', 'UFLX', 'UGRD', 'ULWRF', 'USTM', 'USWRF', 'V-GWD', 'VEG', 'VFLX', 'VGRD', 'VIS', 'VRATE', 'VSTM', 'VVEL', 'VWSH', 'WATR', 'WEASD', 'WILT']",731.0,ok,2.929125999973621,2026-07-02T09:34:51Z,
gfs,2026-07-02,6,0,https://nomads.ncep.noaa.gov/pub/data/nccf/com/gfs/prod/gfs.20260702/06/atmos/gfs.t06z.pgrb2.0p25.f000.idx,696.0,69.0,"['4LFTX', 'ABSV', 'APTMP', 'CAPE', 'CFRZR', 'CICEP', 'CIN', 'CLWMR', 'CNWAT', 'CPOFP', 'CRAIN', 'CSNOW', 'CWAT', 'DPT', 'DZDT', 'FLDCP', 'FRICV', 'GRLE', 'GUST', 'HCDC', 'HGT', 'HINDEX', 'HLCY', 'HPBL', 'ICAHT', 'ICEC', 'ICEG', 'ICETK', 'ICETMP', 'ICMR', 'LAND', 'LCDC', 'LFTX', 'MCDC', 'MSLET', 'O3MR', 'PLPL', 'POT', 'PRATE', 'PRES', 'PRMSL', 'PWAT', 'REFC', 'REFD', 'RH', 'RWMR', 'SFCR', 'SNMR', 'SNOD', 'SOILL', 'SOILW', 'SOTYP', 'SPFH', 'SUNSD', 'TCDC', 'TMP', 'TOZNE', 'TSOIL', 'UGRD', 'USTM', 'VEG', 'VGRD', 'VIS', 'VRATE', 'VSTM', 'VVEL', 'VWSH', 'WEASD', 'WILT']",696.0,ok,3.3716290000011213,2026-07-02T09:32:15Z,
gfs,2026-07-02,6,27,https://nomads.ncep.noaa.gov/pub/data/nccf/com/gfs/prod/gfs.20260702/06/atmos/gfs.t06z.pgrb2.0p25.f027.idx,743.0,89.0,"['4LFTX', 'ABSV', 'ACPCP', 'ALBDO', 'APCP', 'APTMP', 'CAPE', 'CFRZR', 'CICEP', 'CIN', 'CLWMR', 'CNWAT', 'CPOFP', 'CPRAT', 'CRAIN', 'CSNOW', 'CWAT', 'CWORK', 'DLWRF', 'DPT', 'DSWRF', 'DZDT', 'FLDCP', 'FRICV', 'GFLUX', 'GRLE', 'GUST', 'HCDC', 'HGT', 'HINDEX', 'HLCY', 'HPBL', 'ICAHT', 'ICEC', 'ICEG', 'ICETK', 'ICETMP', 'ICMR', 'LAND', 'LCDC', 'LFTX', 'LHTFL', 'MCDC', 'MSLET', 'O3MR', 'PEVPR', 'PLPL', 'POT', 'PRATE', 'PRES', 'PRMSL', 'PWAT', 'REFC', 'REFD', 'RH', 'RWMR', 'SFCR', 'SHTFL', 'SNMR', 'SNOD', 'SOILL', 'SOILW', 'SOTYP', 'SPFH', 'SUNSD', 'TCDC', 'TMAX', 'TMIN', 'TMP', 'TOZNE', 'TSOIL', 'U-GWD', 'UFLX', 'UGRD', 'ULWRF', 'USTM', 'USWRF', 'V-GWD', 'VEG', 'VFLX', 'VGRD', 'VIS', 'VRATE', 'VSTM', 'VVEL', 'VWSH', 'WATR', 'WEASD', 'WILT']",731.0,ok,2.340581599972211,2026-07-02T09:39:56Z,
gfs,2026-07-02,6,12,https://nomads.ncep.noaa.gov/pub/data/nccf/com/gfs/prod/gfs.20260702/06/atmos/gfs.t06z.pgrb2.0p25.f012.idx,743.0,89.0,"['4LFTX', 'ABSV', 'ACPCP', 'ALBDO', 'APCP', 'APTMP', 'CAPE', 'CFRZR', 'CICEP', 'CIN', 'CLWMR', 'CNWAT', 'CPOFP', 'CPRAT', 'CRAIN', 'CSNOW', 'CWAT', 'CWORK', 'DLWRF', 'DPT', 'DSWRF', 'DZDT', 'FLDCP', 'FRICV', 'GFLUX', 'GRLE', 'GUST', 'HCDC', 'HGT', 'HINDEX', 'HLCY', 'HPBL', 'ICAHT', 'ICEC', 'ICEG', 'ICETK', 'ICETMP', 'ICMR', 'LAND', 'LCDC', 'LFTX', 'LHTFL', 'MCDC', 'MSLET', 'O3MR', 'PEVPR', 'PLPL', 'POT', 'PRATE', 'PRES', 'PRMSL', 'PWAT', 'REFC', 'REFD', 'RH', 'RWMR', 'SFCR', 'SHTFL', 'SNMR', 'SNOD', 'SOILL', 'SOILW', 'SOTYP', 'SPFH', 'SUNSD', 'TCDC', 'TMAX', 'TMIN', 'TMP', 'TOZNE', 'TSOIL', 'U-GWD', 'UFLX', 'UGRD', 'ULWRF', 'USTM', 'USWRF', 'V-GWD', 'VEG', 'VFLX', 'VGRD', 'VIS', 'VRATE', 'VSTM', 'VVEL', 'VWSH', 'WATR', 'WEASD', 'WILT']",731.0,ok,3.990933599998243,2026-07-02T09:35:28Z,
gfs,2026-07-02,6,3,https://nomads.ncep.noaa.gov/pub/data/nccf/com/gfs/prod/gfs.20260702/06/atmos/gfs.t06z.pgrb2.0p25.f003.idx,743.0,89.0,"['4LFTX', 'ABSV', 'ACPCP', 'ALBDO', 'APCP', 'APTMP', 'CAPE', 'CFRZR', 'CICEP', 'CIN', 'CLWMR', 'CNWAT', 'CPOFP', 'CPRAT', 'CRAIN', 'CSNOW', 'CWAT', 'CWORK', 'DLWRF', 'DPT', 'DSWRF', 'DZDT', 'FLDCP', 'FRICV', 'GFLUX', 'GRLE', 'GUST', 'HCDC', 'HGT', 'HINDEX', 'HLCY', 'HPBL', 'ICAHT', 'ICEC', 'ICEG', 'ICETK', 'ICETMP', 'ICMR', 'LAND', 'LCDC', 'LFTX', 'LHTFL', 'MCDC', 'MSLET', 'O3MR', 'PEVPR', 'PLPL', 'POT', 'PRATE', 'PRES', 'PRMSL', 'PWAT', 'REFC', 'REFD', 'RH', 'RWMR', 'SFCR', 'SHTFL', 'SNMR', 'SNOD', 'SOILL', 'SOILW', 'SOTYP', 'SPFH', 'SUNSD', 'TCDC', 'TMAX', 'TMIN', 'TMP', 'TOZNE', 'TSOIL', 'U-GWD', 'UFLX', 'UGRD', 'ULWRF', 'USTM', 'USWRF', 'V-GWD', 'VEG', 'VFLX', 'VGRD', 'VIS', 'VRATE', 'VSTM', 'VVEL', 'VWSH', 'WATR', 'WEASD', 'WILT']",731.0,ok,4.352283100015484,2026-07-02T09:33:07Z,
gfs,2026-07-02,6,21,https://nomads.ncep.noaa.gov/pub/data/nccf/com/gfs/prod/gfs.20260702/06/atmos/gfs.t06z.pgrb2.0p25.f021.idx,743.0,89.0,"['4LFTX', 'ABSV', 'ACPCP', 'ALBDO', 'APCP', 'APTMP', 'CAPE', 'CFRZR', 'CICEP', 'CIN', 'CLWMR', 'CNWAT', 'CPOFP', 'CPRAT', 'CRAIN', 'CSNOW', 'CWAT', 'CWORK', 'DLWRF', 'DPT', 'DSWRF', 'DZDT', 'FLDCP', 'FRICV', 'GFLUX', 'GRLE', 'GUST', 'HCDC', 'HGT', 'HINDEX', 'HLCY', 'HPBL', 'ICAHT', 'ICEC', 'ICEG', 'ICETK', 'ICETMP', 'ICMR', 'LAND', 'LCDC', 'LFTX', 'LHTFL', 'MCDC', 'MSLET', 'O3MR', 'PEVPR', 'PLPL', 'POT', 'PRATE', 'PRES', 'PRMSL', 'PWAT', 'REFC', 'REFD', 'RH', 'RWMR', 'SFCR', 'SHTFL', 'SNMR', 'SNOD', 'SOILL', 'SOILW', 'SOTYP', 'SPFH', 'SUNSD', 'TCDC', 'TMAX', 'TMIN', 'TMP', 'TOZNE', 'TSOIL', 'U-GWD', 'UFLX', 'UGRD', 'ULWRF', 'USTM', 'USWRF', 'V-GWD', 'VEG', 'VFLX', 'VGRD', 'VIS', 'VRATE', 'VSTM', 'VVEL', 'VWSH', 'WATR', 'WEASD', 'WILT']",731.0,ok,3.9809111999929883,2026-07-02T09:38:10Z,
gfs,2026-07-02,6,18,https://nomads.ncep.noaa.gov/pub/data/nccf/com/gfs/prod/gfs.20260702/06/atmos/gfs.t06z.pgrb2.0p25.f018.idx,743.0,89.0,"['4LFTX', 'ABSV', 'ACPCP', 'ALBDO', 'APCP', 'APTMP', 'CAPE', 'CFRZR', 'CICEP', 'CIN', 'CLWMR', 'CNWAT', 'CPOFP', 'CPRAT', 'CRAIN', 'CSNOW', 'CWAT', 'CWORK', 'DLWRF', 'DPT', 'DSWRF', 'DZDT', 'FLDCP', 'FRICV', 'GFLUX', 'GRLE', 'GUST', 'HCDC', 'HGT', 'HINDEX', 'HLCY', 'HPBL', 'ICAHT', 'ICEC', 'ICEG', 'ICETK', 'ICETMP', 'ICMR', 'LAND', 'LCDC', 'LFTX', 'LHTFL', 'MCDC', 'MSLET', 'O3MR', 'PEVPR', 'PLPL', 'POT', 'PRATE', 'PRES', 'PRMSL', 'PWAT', 'REFC', 'REFD', 'RH', 'RWMR', 'SFCR', 'SHTFL', 'SNMR', 'SNOD', 'SOILL', 'SOILW', 'SOTYP', 'SPFH', 'SUNSD', 'TCDC', 'TMAX', 'TMIN', 'TMP', 'TOZNE', 'TSOIL', 'U-GWD', 'UFLX', 'UGRD', 'ULWRF', 'USTM', 'USWRF', 'V-GWD', 'VEG', 'VFLX', 'VGRD', 'VIS', 'VRATE', 'VSTM', 'VVEL', 'VWSH', 'WATR', 'WEASD', 'WILT']",731.0,ok,4.485815199965145,2026-07-02T09:37:33Z,
gfs,2026-07-02,12,9,https://nomads.ncep.noaa.gov/pub/data/nccf/com/gfs/prod/gfs.20260702/12/atmos/gfs.t12z.pgrb2.0p25.f009.idx,743.0,89.0,"['4LFTX', 'ABSV', 'ACPCP', 'ALBDO', 'APCP', 'APTMP', 'CAPE', 'CFRZR', 'CICEP', 'CIN', 'CLWMR', 'CNWAT', 'CPOFP', 'CPRAT', 'CRAIN', 'CSNOW', 'CWAT', 'CWORK', 'DLWRF', 'DPT', 'DSWRF', 'DZDT', 'FLDCP', 'FRICV', 'GFLUX', 'GRLE', 'GUST', 'HCDC', 'HGT', 'HINDEX', 'HLCY', 'HPBL', 'ICAHT', 'ICEC', 'ICEG', 'ICETK', 'ICETMP', 'ICMR', 'LAND', 'LCDC', 'LFTX', 'LHTFL', 'MCDC', 'MSLET', 'O3MR', 'PEVPR', 'PLPL', 'POT', 'PRATE', 'PRES', 'PRMSL', 'PWAT', 'REFC', 'REFD', 'RH', 'RWMR', 'SFCR', 'SHTFL', 'SNMR', 'SNOD', 'SOILL', 'SOILW', 'SOTYP', 'SPFH', 'SUNSD', 'TCDC', 'TMAX', 'TMIN', 'TMP', 'TOZNE', 'TSOIL', 'U-GWD', 'UFLX', 'UGRD', 'ULWRF', 'USTM', 'USWRF', 'V-GWD', 'VEG', 'VFLX', 'VGRD', 'VIS', 'VRATE', 'VSTM', 'VVEL', 'VWSH', 'WATR', 'WEASD', 'WILT']",731.0,ok,1.9373973999754526,2026-07-02T15:35:12Z,
gfs,2026-07-02,6,15,https://nomads.ncep.noaa.gov/pub/data/nccf/com/gfs/prod/gfs.20260702/06/atmos/gfs.t06z.pgrb2.0p25.f015.idx,743.0,89.0,"['4LFTX', 'ABSV', 'ACPCP', 'ALBDO', 'APCP', 'APTMP', 'CAPE', 'CFRZR', 'CICEP', 'CIN', 'CLWMR', 'CNWAT', 'CPOFP', 'CPRAT', 'CRAIN', 'CSNOW', 'CWAT', 'CWORK', 'DLWRF', 'DPT', 'DSWRF', 'DZDT', 'FLDCP', 'FRICV', 'GFLUX', 'GRLE', 'GUST', 'HCDC', 'HGT', 'HINDEX', 'HLCY', 'HPBL', 'ICAHT', 'ICEC', 'ICEG', 'ICETK', 'ICETMP', 'ICMR', 'LAND', 'LCDC', 'LFTX', 'LHTFL', 'MCDC', 'MSLET', 'O3MR', 'PEVPR', 'PLPL', 'POT', 'PRATE', 'PRES', 'PRMSL', 'PWAT', 'REFC', 'REFD', 'RH', 'RWMR', 'SFCR', 'SHTFL', 'SNMR', 'SNOD', 'SOILL', 'SOILW', 'SOTYP', 'SPFH', 'SUNSD', 'TCDC', 'TMAX', 'TMIN', 'TMP', 'TOZNE', 'TSOIL', 'U-GWD', 'UFLX', 'UGRD', 'ULWRF', 'USTM', 'USWRF', 'V-GWD', 'VEG', 'VFLX', 'VGRD', 'VIS', 'VRATE', 'VSTM', 'VVEL', 'VWSH', 'WATR', 'WEASD', 'WILT']",731.0,ok,4.513834699988365,2026-07-02T09:36:33Z,
gfs,2026-07-02,6,45,https://nomads.ncep.noaa.gov/pub/data/nccf/com/gfs/prod/gfs.20260702/06/atmos/gfs.t06z.pgrb2.0p25.f045.idx,743.0,89.0,"['4LFTX', 'ABSV', 'ACPCP', 'ALBDO', 'APCP', 'APTMP', 'CAPE', 'CFRZR', 'CICEP', 'CIN', 'CLWMR', 'CNWAT', 'CPOFP', 'CPRAT', 'CRAIN', 'CSNOW', 'CWAT', 'CWORK', 'DLWRF', 'DPT', 'DSWRF', 'DZDT', 'FLDCP', 'FRICV', 'GFLUX', 'GRLE', 'GUST', 'HCDC', 'HGT', 'HINDEX', 'HLCY', 'HPBL', 'ICAHT', 'ICEC', 'ICEG', 'ICETK', 'ICETMP', 'ICMR', 'LAND', 'LCDC', 'LFTX', 'LHTFL', 'MCDC', 'MSLET', 'O3MR', 'PEVPR', 'PLPL', 'POT', 'PRATE', 'PRES', 'PRMSL', 'PWAT', 'REFC', 'REFD', 'RH', 'RWMR', 'SFCR', 'SHTFL', 'SNMR', 'SNOD', 'SOILL', 'SOILW', 'SOTYP', 'SPFH', 'SUNSD', 'TCDC', 'TMAX', 'TMIN', 'TMP', 'TOZNE', 'TSOIL', 'U-GWD', 'UFLX', 'UGRD', 'ULWRF', 'USTM', 'USWRF', 'V-GWD', 'VEG', 'VFLX', 'VGRD', 'VIS', 'VRATE', 'VSTM', 'VVEL', 'VWSH', 'WATR', 'WEASD', 'WILT']",731.0,ok,2.461576299974695,2026-07-02T09:44:14Z,
gfs,2026-07-02,12,0,https://nomads.ncep.noaa.gov/pub/data/nccf/com/gfs/prod/gfs.20260702/12/atmos/gfs.t12z.pgrb2.0p25.f000.idx,696.0,69.0,"['4LFTX', 'ABSV', 'APTMP', 'CAPE', 'CFRZR', 'CICEP', 'CIN', 'CLWMR', 'CNWAT', 'CPOFP', 'CRAIN', 'CSNOW', 'CWAT', 'DPT', 'DZDT', 'FLDCP', 'FRICV', 'GRLE', 'GUST', 'HCDC', 'HGT', 'HINDEX', 'HLCY', 'HPBL', 'ICAHT', 'ICEC', 'ICEG', 'ICETK', 'ICETMP', 'ICMR', 'LAND', 'LCDC', 'LFTX', 'MCDC', 'MSLET', 'O3MR', 'PLPL', 'POT', 'PRATE', 'PRES', 'PRMSL', 'PWAT', 'REFC', 'REFD', 'RH', 'RWMR', 'SFCR', 'SNMR', 'SNOD', 'SOILL', 'SOILW', 'SOTYP', 'SPFH', 'SUNSD', 'TCDC', 'TMP', 'TOZNE', 'TSOIL', 'UGRD', 'USTM', 'VEG', 'VGRD', 'VIS', 'VRATE', 'VSTM', 'VVEL', 'VWSH', 'WEASD', 'WILT']",696.0,ok,2.43192539998563,2026-07-02T15:32:31Z,
gfs,2026-07-02,6,48,https://nomads.ncep.noaa.gov/pub/data/nccf/com/gfs/prod/gfs.20260702/06/atmos/gfs.t06z.pgrb2.0p25.f048.idx,743.0,89.0,"['4LFTX', 'ABSV', 'ACPCP', 'ALBDO', 'APCP', 'APTMP', 'CAPE', 'CFRZR', 'CICEP', 'CIN', 'CLWMR', 'CNWAT', 'CPOFP', 'CPRAT', 'CRAIN', 'CSNOW', 'CWAT', 'CWORK', 'DLWRF', 'DPT', 'DSWRF', 'DZDT', 'FLDCP', 'FRICV', 'GFLUX', 'GRLE', 'GUST', 'HCDC', 'HGT', 'HINDEX', 'HLCY', 'HPBL', 'ICAHT', 'ICEC', 'ICEG', 'ICETK', 'ICETMP', 'ICMR', 'LAND', 'LCDC', 'LFTX', 'LHTFL', 'MCDC', 'MSLET', 'O3MR', 'PEVPR', 'PLPL', 'POT', 'PRATE', 'PRES', 'PRMSL', 'PWAT', 'REFC', 'REFD', 'RH', 'RWMR', 'SFCR', 'SHTFL', 'SNMR', 'SNOD', 'SOILL', 'SOILW', 'SOTYP', 'SPFH', 'SUNSD', 'TCDC', 'TMAX', 'TMIN', 'TMP', 'TOZNE', 'TSOIL', 'U-GWD', 'UFLX', 'UGRD', 'ULWRF', 'USTM', 'USWRF', 'V-GWD', 'VEG', 'VFLX', 'VGRD', 'VIS', 'VRATE', 'VSTM', 'VVEL', 'VWSH', 'WATR', 'WEASD', 'WILT']",731.0,ok,2.58037169999443,2026-07-02T09:45:17Z,
gfs,2026-07-02,12,3,https://nomads.ncep.noaa.gov/pub/data/nccf/com/gfs/prod/gfs.20260702/12/atmos/gfs.t12z.pgrb2.0p25.f003.idx,743.0,89.0,"['4LFTX', 'ABSV', 'ACPCP', 'ALBDO', 'APCP', 'APTMP', 'CAPE', 'CFRZR', 'CICEP', 'CIN', 'CLWMR', 'CNWAT', 'CPOFP', 'CPRAT', 'CRAIN', 'CSNOW', 'CWAT', 'CWORK', 'DLWRF', 'DPT', 'DSWRF', 'DZDT', 'FLDCP', 'FRICV', 'GFLUX', 'GRLE', 'GUST', 'HCDC', 'HGT', 'HINDEX', 'HLCY', 'HPBL', 'ICAHT', 'ICEC', 'ICEG', 'ICETK', 'ICETMP', 'ICMR', 'LAND', 'LCDC', 'LFTX', 'LHTFL', 'MCDC', 'MSLET', 'O3MR', 'PEVPR', 'PLPL', 'POT', 'PRATE', 'PRES', 'PRMSL', 'PWAT', 'REFC', 'REFD', 'RH', 'RWMR', 'SFCR', 'SHTFL', 'SNMR', 'SNOD', 'SOILL', 'SOILW', 'SOTYP', 'SPFH', 'SUNSD', 'TCDC', 'TMAX', 'TMIN', 'TMP', 'TOZNE', 'TSOIL', 'U-GWD', 'UFLX', 'UGRD', 'ULWRF', 'USTM', 'USWRF', 'V-GWD', 'VEG', 'VFLX', 'VGRD', 'VIS', 'VRATE', 'VSTM', 'VVEL', 'VWSH', 'WATR', 'WEASD', 'WILT']",731.0,ok,2.7306155000114813,2026-07-02T15:33:24Z,
gfs,2026-07-02,12,21,https://nomads.ncep.noaa.gov/pub/data/nccf/com/gfs/prod/gfs.20260702/12/atmos/gfs.t12z.pgrb2.0p25.f021.idx,743.0,89.0,"['4LFTX', 'ABSV', 'ACPCP', 'ALBDO', 'APCP', 'APTMP', 'CAPE', 'CFRZR', 'CICEP', 'CIN', 'CLWMR', 'CNWAT', 'CPOFP', 'CPRAT', 'CRAIN', 'CSNOW', 'CWAT', 'CWORK', 'DLWRF', 'DPT', 'DSWRF', 'DZDT', 'FLDCP', 'FRICV', 'GFLUX', 'GRLE', 'GUST', 'HCDC', 'HGT', 'HINDEX', 'HLCY', 'HPBL', 'ICAHT', 'ICEC', 'ICEG', 'ICETK', 'ICETMP', 'ICMR', 'LAND', 'LCDC', 'LFTX', 'LHTFL', 'MCDC', 'MSLET', 'O3MR', 'PEVPR', 'PLPL', 'POT', 'PRATE', 'PRES', 'PRMSL', 'PWAT', 'REFC', 'REFD', 'RH', 'RWMR', 'SFCR', 'SHTFL', 'SNMR', 'SNOD', 'SOILL', 'SOILW', 'SOTYP', 'SPFH', 'SUNSD', 'TCDC', 'TMAX', 'TMIN', 'TMP', 'TOZNE', 'TSOIL', 'U-GWD', 'UFLX', 'UGRD', 'ULWRF', 'USTM', 'USWRF', 'V-GWD', 'VEG', 'VFLX', 'VGRD', 'VIS', 'VRATE', 'VSTM', 'VVEL', 'VWSH', 'WATR', 'WEASD', 'WILT']",731.0,ok,1.830980799975805,2026-07-02T15:38:08Z,
gfs,2026-07-02,6,39,https://nomads.ncep.noaa.gov/pub/data/nccf/com/gfs/prod/gfs.20260702/06/atmos/gfs.t06z.pgrb2.0p25.f039.idx,743.0,89.0,"['4LFTX', 'ABSV', 'ACPCP', 'ALBDO', 'APCP', 'APTMP', 'CAPE', 'CFRZR', 'CICEP', 'CIN', 'CLWMR', 'CNWAT', 'CPOFP', 'CPRAT', 'CRAIN', 'CSNOW', 'CWAT', 'CWORK', 'DLWRF', 'DPT', 'DSWRF', 'DZDT', 'FLDCP', 'FRICV', 'GFLUX', 'GRLE', 'GUST', 'HCDC', 'HGT', 'HINDEX', 'HLCY', 'HPBL', 'ICAHT', 'ICEC', 'ICEG', 'ICETK', 'ICETMP', 'ICMR', 'LAND', 'LCDC', 'LFTX', 'LHTFL', 'MCDC', 'MSLET', 'O3MR', 'PEVPR', 'PLPL', 'POT', 'PRATE', 'PRES', 'PRMSL', 'PWAT', 'REFC', 'REFD', 'RH', 'RWMR', 'SFCR', 'SHTFL', 'SNMR', 'SNOD', 'SOILL', 'SOILW', 'SOTYP', 'SPFH', 'SUNSD', 'TCDC', 'TMAX', 'TMIN', 'TMP', 'TOZNE', 'TSOIL', 'U-GWD', 'UFLX', 'UGRD', 'ULWRF', 'USTM', 'USWRF', 'V-GWD', 'VEG', 'VFLX', 'VGRD', 'VIS', 'VRATE', 'VSTM', 'VVEL', 'VWSH', 'WATR', 'WEASD', 'WILT']",731.0,ok,3.195005800051149,2026-07-02T09:43:50Z,
gfs,2026-07-02,12,15,https://nomads.ncep.noaa.gov/pub/data/nccf/com/gfs/prod/gfs.20260702/12/atmos/gfs.t12z.pgrb2.0p25.f015.idx,743.0,89.0,"['4LFTX', 'ABSV', 'ACPCP', 'ALBDO', 'APCP', 'APTMP', 'CAPE', 'CFRZR', 'CICEP', 'CIN', 'CLWMR', 'CNWAT', 'CPOFP', 'CPRAT', 'CRAIN', 'CSNOW', 'CWAT', 'CWORK', 'DLWRF', 'DPT', 'DSWRF', 'DZDT', 'FLDCP', 'FRICV', 'GFLUX', 'GRLE', 'GUST', 'HCDC', 'HGT', 'HINDEX', 'HLCY', 'HPBL', 'ICAHT', 'ICEC', 'ICEG', 'ICETK', 'ICETMP', 'ICMR', 'LAND', 'LCDC', 'LFTX', 'LHTFL', 'MCDC', 'MSLET', 'O3MR', 'PEVPR', 'PLPL', 'POT', 'PRATE', 'PRES', 'PRMSL', 'PWAT', 'REFC', 'REFD', 'RH', 'RWMR', 'SFCR', 'SHTFL', 'SNMR', 'SNOD', 'SOILL', 'SOILW', 'SOTYP', 'SPFH', 'SUNSD', 'TCDC', 'TMAX', 'TMIN', 'TMP', 'TOZNE', 'TSOIL', 'U-GWD', 'UFLX', 'UGRD', 'ULWRF', 'USTM', 'USWRF', 'V-GWD', 'VEG', 'VFLX', 'VGRD', 'VIS', 'VRATE', 'VSTM', 'VVEL', 'VWSH', 'WATR', 'WEASD', 'WILT']",731.0,ok,2.30529089999618,2026-07-02T15:36:23Z,
gfs,2026-07-02,6,30,https://nomads.ncep.noaa.gov/pub/data/nccf/com/gfs/prod/gfs.20260702/06/atmos/gfs.t06z.pgrb2.0p25.f030.idx,743.0,89.0,"['4LFTX', 'ABSV', 'ACPCP', 'ALBDO', 'APCP', 'APTMP', 'CAPE', 'CFRZR', 'CICEP', 'CIN', 'CLWMR', 'CNWAT', 'CPOFP', 'CPRAT', 'CRAIN', 'CSNOW', 'CWAT', 'CWORK', 'DLWRF', 'DPT', 'DSWRF', 'DZDT', 'FLDCP', 'FRICV', 'GFLUX', 'GRLE', 'GUST', 'HCDC', 'HGT', 'HINDEX', 'HLCY', 'HPBL', 'ICAHT', 'ICEC', 'ICEG', 'ICETK', 'ICETMP', 'ICMR', 'LAND', 'LCDC', 'LFTX', 'LHTFL', 'MCDC', 'MSLET', 'O3MR', 'PEVPR', 'PLPL', 'POT', 'PRATE', 'PRES', 'PRMSL', 'PWAT', 'REFC', 'REFD', 'RH', 'RWMR', 'SFCR', 'SHTFL', 'SNMR', 'SNOD', 'SOILL', 'SOILW', 'SOTYP', 'SPFH', 'SUNSD', 'TCDC', 'TMAX', 'TMIN', 'TMP', 'TOZNE', 'TSOIL', 'U-GWD', 'UFLX', 'UGRD', 'ULWRF', 'USTM', 'USWRF', 'V-GWD', 'VEG', 'VFLX', 'VGRD', 'VIS', 'VRATE', 'VSTM', 'VVEL', 'VWSH', 'WATR', 'WEASD', 'WILT']",731.0,ok,3.6259758999804035,2026-07-02T09:40:32Z,
gfs,2026-07-02,12,18,https://nomads.ncep.noaa.gov/pub/data/nccf/com/gfs/prod/gfs.20260702/12/atmos/gfs.t12z.pgrb2.0p25.f018.idx,743.0,89.0,"['4LFTX', 'ABSV', 'ACPCP', 'ALBDO', 'APCP', 'APTMP', 'CAPE', 'CFRZR', 'CICEP', 'CIN', 'CLWMR', 'CNWAT', 'CPOFP', 'CPRAT', 'CRAIN', 'CSNOW', 'CWAT', 'CWORK', 'DLWRF', 'DPT', 'DSWRF', 'DZDT', 'FLDCP', 'FRICV', 'GFLUX', 'GRLE', 'GUST', 'HCDC', 'HGT', 'HINDEX', 'HLCY', 'HPBL', 'ICAHT', 'ICEC', 'ICEG', 'ICETK', 'ICETMP', 'ICMR', 'LAND', 'LCDC', 'LFTX', 'LHTFL', 'MCDC', 'MSLET', 'O3MR', 'PEVPR', 'PLPL', 'POT', 'PRATE', 'PRES', 'PRMSL', 'PWAT', 'REFC', 'REFD', 'RH', 'RWMR', 'SFCR', 'SHTFL', 'SNMR', 'SNOD', 'SOILL', 'SOILW', 'SOTYP', 'SPFH', 'SUNSD', 'TCDC', 'TMAX', 'TMIN', 'TMP', 'TOZNE', 'TSOIL', 'U-GWD', 'UFLX', 'UGRD', 'ULWRF', 'USTM', 'USWRF', 'V-GWD', 'VEG', 'VFLX', 'VGRD', 'VIS', 'VRATE', 'VSTM', 'VVEL', 'VWSH', 'WATR', 'WEASD', 'WILT']",731.0,ok,2.1768806999898516,2026-07-02T15:37:38Z,
gfs,2026-07-02,12,12,https://nomads.ncep.noaa.gov/pub/data/nccf/com/gfs/prod/gfs.20260702/12/atmos/gfs.t12z.pgrb2.0p25.f012.idx,743.0,89.0,"['4LFTX', 'ABSV', 'ACPCP', 'ALBDO', 'APCP', 'APTMP', 'CAPE', 'CFRZR', 'CICEP', 'CIN', 'CLWMR', 'CNWAT', 'CPOFP', 'CPRAT', 'CRAIN', 'CSNOW', 'CWAT', 'CWORK', 'DLWRF', 'DPT', 'DSWRF', 'DZDT', 'FLDCP', 'FRICV', 'GFLUX', 'GRLE', 'GUST', 'HCDC', 'HGT', 'HINDEX', 'HLCY', 'HPBL', 'ICAHT', 'ICEC', 'ICEG', 'ICETK', 'ICETMP', 'ICMR', 'LAND', 'LCDC', 'LFTX', 'LHTFL', 'MCDC', 'MSLET', 'O3MR', 'PEVPR', 'PLPL', 'POT', 'PRATE', 'PRES', 'PRMSL', 'PWAT', 'REFC', 'REFD', 'RH', 'RWMR', 'SFCR', 'SHTFL', 'SNMR', 'SNOD', 'SOILL', 'SOILW', 'SOTYP', 'SPFH', 'SUNSD', 'TCDC', 'TMAX', 'TMIN', 'TMP', 'TOZNE', 'TSOIL', 'U-GWD', 'UFLX', 'UGRD', 'ULWRF', 'USTM', 'USWRF', 'V-GWD', 'VEG', 'VFLX', 'VGRD', 'VIS', 'VRATE', 'VSTM', 'VVEL', 'VWSH', 'WATR', 'WEASD', 'WILT']",731.0,ok,2.64228919998277,2026-07-02T15:35:35Z,
gfs,2026-07-02,6,33,https://nomads.ncep.noaa.gov/pub/data/nccf/com/gfs/prod/gfs.20260702/06/atmos/gfs.t06z.pgrb2.0p25.f033.idx,743.0,89.0,"['4LFTX', 'ABSV', 'ACPCP', 'ALBDO', 'APCP', 'APTMP', 'CAPE', 'CFRZR', 'CICEP', 'CIN', 'CLWMR', 'CNWAT', 'CPOFP', 'CPRAT', 'CRAIN', 'CSNOW', 'CWAT', 'CWORK', 'DLWRF', 'DPT', 'DSWRF', 'DZDT', 'FLDCP', 'FRICV', 'GFLUX', 'GRLE', 'GUST', 'HCDC', 'HGT', 'HINDEX', 'HLCY', 'HPBL', 'ICAHT', 'ICEC', 'ICEG', 'ICETK', 'ICETMP', 'ICMR', 'LAND', 'LCDC', 'LFTX', 'LHTFL', 'MCDC', 'MSLET', 'O3MR', 'PEVPR', 'PLPL', 'POT', 'PRATE', 'PRES', 'PRMSL', 'PWAT', 'REFC', 'REFD', 'RH', 'RWMR', 'SFCR', 'SHTFL', 'SNMR', 'SNOD', 'SOILL', 'SOILW', 'SOTYP', 'SPFH', 'SUNSD', 'TCDC', 'TMAX', 'TMIN', 'TMP', 'TOZNE', 'TSOIL', 'U-GWD', 'UFLX', 'UGRD', 'ULWRF', 'USTM', 'USWRF', 'V-GWD', 'VEG', 'VFLX', 'VGRD', 'VIS', 'VRATE', 'VSTM', 'VVEL', 'VWSH', 'WATR', 'WEASD', 'WILT']",731.0,ok,3.9372514999704435,2026-07-02T09:41:17Z,
gfs,2026-07-02,6,36,https://nomads.ncep.noaa.gov/pub/data/nccf/com/gfs/prod/gfs.20260702/06/atmos/gfs.t06z.pgrb2.0p25.f036.idx,743.0,89.0,"['4LFTX', 'ABSV', 'ACPCP', 'ALBDO', 'APCP', 'APTMP', 'CAPE', 'CFRZR', 'CICEP', 'CIN', 'CLWMR', 'CNWAT', 'CPOFP', 'CPRAT', 'CRAIN', 'CSNOW', 'CWAT', 'CWORK', 'DLWRF', 'DPT', 'DSWRF', 'DZDT', 'FLDCP', 'FRICV', 'GFLUX', 'GRLE', 'GUST', 'HCDC', 'HGT', 'HINDEX', 'HLCY', 'HPBL', 'ICAHT', 'ICEC', 'ICEG', 'ICETK', 'ICETMP', 'ICMR', 'LAND', 'LCDC', 'LFTX', 'LHTFL', 'MCDC', 'MSLET', 'O3MR', 'PEVPR', 'PLPL', 'POT', 'PRATE', 'PRES', 'PRMSL', 'PWAT', 'REFC', 'REFD', 'RH', 'RWMR', 'SFCR', 'SHTFL', 'SNMR', 'SNOD', 'SOILL', 'SOILW', 'SOTYP', 'SPFH', 'SUNSD', 'TCDC', 'TMAX', 'TMIN', 'TMP', 'TOZNE', 'TSOIL', 'U-GWD', 'UFLX', 'UGRD', 'ULWRF', 'USTM', 'USWRF', 'V-GWD', 'VEG', 'VFLX', 'VGRD', 'VIS', 'VRATE', 'VSTM', 'VVEL', 'VWSH', 'WATR', 'WEASD', 'WILT']",731.0,ok,4.069627900025807,2026-07-02T09:42:18Z,
gfs,2026-07-02,12,6,https://nomads.ncep.noaa.gov/pub/data/nccf/com/gfs/prod/gfs.20260702/12/atmos/gfs.t12z.pgrb2.0p25.f006.idx,743.0,89.0,"['4LFTX', 'ABSV', 'ACPCP', 'ALBDO', 'APCP', 'APTMP', 'CAPE', 'CFRZR', 'CICEP', 'CIN', 'CLWMR', 'CNWAT', 'CPOFP', 'CPRAT', 'CRAIN', 'CSNOW', 'CWAT', 'CWORK', 'DLWRF', 'DPT', 'DSWRF', 'DZDT', 'FLDCP', 'FRICV', 'GFLUX', 'GRLE', 'GUST', 'HCDC', 'HGT', 'HINDEX', 'HLCY', 'HPBL', 'ICAHT', 'ICEC', 'ICEG', 'ICETK', 'ICETMP', 'ICMR', 'LAND', 'LCDC', 'LFTX', 'LHTFL', 'MCDC', 'MSLET', 'O3MR', 'PEVPR', 'PLPL', 'POT', 'PRATE', 'PRES', 'PRMSL', 'PWAT', 'REFC', 'REFD', 'RH', 'RWMR', 'SFCR', 'SHTFL', 'SNMR', 'SNOD', 'SOILL', 'SOILW', 'SOTYP', 'SPFH', 'SUNSD', 'TCDC', 'TMAX', 'TMIN', 'TMP', 'TOZNE', 'TSOIL', 'U-GWD', 'UFLX', 'UGRD', 'ULWRF', 'USTM', 'USWRF', 'V-GWD', 'VEG', 'VFLX', 'VGRD', 'VIS', 'VRATE', 'VSTM', 'VVEL', 'VWSH', 'WATR', 'WEASD', 'WILT']",731.0,ok,3.6299614000017755,2026-07-02T15:34:23Z,
gfs,2026-07-02,6,42,https://nomads.ncep.noaa.gov/pub/data/nccf/com/gfs/prod/gfs.20260702/06/atmos/gfs.t06z.pgrb2.0p25.f042.idx,743.0,89.0,"['4LFTX', 'ABSV', 'ACPCP', 'ALBDO', 'APCP', 'APTMP', 'CAPE', 'CFRZR', 'CICEP', 'CIN', 'CLWMR', 'CNWAT', 'CPOFP', 'CPRAT', 'CRAIN', 'CSNOW', 'CWAT', 'CWORK', 'DLWRF', 'DPT', 'DSWRF', 'DZDT', 'FLDCP', 'FRICV', 'GFLUX', 'GRLE', 'GUST', 'HCDC', 'HGT', 'HINDEX', 'HLCY', 'HPBL', 'ICAHT', 'ICEC', 'ICEG', 'ICETK', 'ICETMP', 'ICMR', 'LAND', 'LCDC', 'LFTX', 'LHTFL', 'MCDC', 'MSLET', 'O3MR', 'PEVPR', 'PLPL', 'POT', 'PRATE', 'PRES', 'PRMSL', 'PWAT', 'REFC', 'REFD', 'RH', 'RWMR', 'SFCR', 'SHTFL', 'SNMR', 'SNOD', 'SOILL', 'SOILW', 'SOTYP', 'SPFH', 'SUNSD', 'TCDC', 'TMAX', 'TMIN', 'TMP', 'TOZNE', 'TSOIL', 'U-GWD', 'UFLX', 'UGRD', 'ULWRF', 'USTM', 'USWRF', 'V-GWD', 'VEG', 'VFLX', 'VGRD', 'VIS', 'VRATE', 'VSTM', 'VVEL', 'VWSH', 'WATR', 'WEASD', 'WILT']",731.0,ok,4.332715899974573,2026-07-02T09:43:59Z,
gfs,2026-07-02,12,24,https://nomads.ncep.noaa.gov/pub/data/nccf/com/gfs/prod/gfs.20260702/12/atmos/gfs.t12z.pgrb2.0p25.f024.idx,743.0,89.0,"['4LFTX', 'ABSV', 'ACPCP', 'ALBDO', 'APCP', 'APTMP', 'CAPE', 'CFRZR', 'CICEP', 'CIN', 'CLWMR', 'CNWAT', 'CPOFP', 'CPRAT', 'CRAIN', 'CSNOW', 'CWAT', 'CWORK', 'DLWRF', 'DPT', 'DSWRF', 'DZDT', 'FLDCP', 'FRICV', 'GFLUX', 'GRLE', 'GUST', 'HCDC', 'HGT', 'HINDEX', 'HLCY', 'HPBL', 'ICAHT', 'ICEC', 'ICEG', 'ICETK', 'ICETMP', 'ICMR', 'LAND', 'LCDC', 'LFTX', 'LHTFL', 'MCDC', 'MSLET', 'O3MR', 'PEVPR', 'PLPL', 'POT', 'PRATE', 'PRES', 'PRMSL', 'PWAT', 'REFC', 'REFD', 'RH', 'RWMR', 'SFCR', 'SHTFL', 'SNMR', 'SNOD', 'SOILL', 'SOILW', 'SOTYP', 'SPFH', 'SUNSD', 'TCDC', 'TMAX', 'TMIN', 'TMP', 'TOZNE', 'TSOIL', 'U-GWD', 'UFLX', 'UGRD', 'ULWRF', 'USTM', 'USWRF', 'V-GWD', 'VEG', 'VFLX', 'VGRD', 'VIS', 'VRATE', 'VSTM', 'VVEL', 'VWSH', 'WATR', 'WEASD', 'WILT']",731.0,ok,2.7729120000149123,2026-07-02T15:39:03Z,
gfs,2026-07-02,12,27,https://nomads.ncep.noaa.gov/pub/data/nccf/com/gfs/prod/gfs.20260702/12/atmos/gfs.t12z.pgrb2.0p25.f027.idx,743.0,89.0,"['4LFTX', 'ABSV', 'ACPCP', 'ALBDO', 'APCP', 'APTMP', 'CAPE', 'CFRZR', 'CICEP', 'CIN', 'CLWMR', 'CNWAT', 'CPOFP', 'CPRAT', 'CRAIN', 'CSNOW', 'CWAT', 'CWORK', 'DLWRF', 'DPT', 'DSWRF', 'DZDT', 'FLDCP', 'FRICV', 'GFLUX', 'GRLE', 'GUST', 'HCDC', 'HGT', 'HINDEX', 'HLCY', 'HPBL', 'ICAHT', 'ICEC', 'ICEG', 'ICETK', 'ICETMP', 'ICMR', 'LAND', 'LCDC', 'LFTX', 'LHTFL', 'MCDC', 'MSLET', 'O3MR', 'PEVPR', 'PLPL', 'POT', 'PRATE', 'PRES', 'PRMSL', 'PWAT', 'REFC', 'REFD', 'RH', 'RWMR', 'SFCR', 'SHTFL', 'SNMR', 'SNOD', 'SOILL', 'SOILW', 'SOTYP', 'SPFH', 'SUNSD', 'TCDC', 'TMAX', 'TMIN', 'TMP', 'TOZNE', 'TSOIL', 'U-GWD', 'UFLX', 'UGRD', 'ULWRF', 'USTM', 'USWRF', 'V-GWD', 'VEG', 'VFLX', 'VGRD', 'VIS', 'VRATE', 'VSTM', 'VVEL', 'VWSH', 'WATR', 'WEASD', 'WILT']",731.0,ok,2.6394169999985024,2026-07-02T15:39:56Z,
gfs,2026-07-02,18,3,https://nomads.ncep.noaa.gov/pub/data/nccf/com/gfs/prod/gfs.20260702/18/atmos/gfs.t18z.pgrb2.0p25.f003.idx,743.0,89.0,"['4LFTX', 'ABSV', 'ACPCP', 'ALBDO', 'APCP', 'APTMP', 'CAPE', 'CFRZR', 'CICEP', 'CIN', 'CLWMR', 'CNWAT', 'CPOFP', 'CPRAT', 'CRAIN', 'CSNOW', 'CWAT', 'CWORK', 'DLWRF', 'DPT', 'DSWRF', 'DZDT', 'FLDCP', 'FRICV', 'GFLUX', 'GRLE', 'GUST', 'HCDC', 'HGT', 'HINDEX', 'HLCY', 'HPBL', 'ICAHT', 'ICEC', 'ICEG', 'ICETK', 'ICETMP', 'ICMR', 'LAND', 'LCDC', 'LFTX', 'LHTFL', 'MCDC', 'MSLET', 'O3MR', 'PEVPR', 'PLPL', 'POT', 'PRATE', 'PRES', 'PRMSL', 'PWAT', 'REFC', 'REFD', 'RH', 'RWMR', 'SFCR', 'SHTFL', 'SNMR', 'SNOD', 'SOILL', 'SOILW', 'SOTYP', 'SPFH', 'SUNSD', 'TCDC', 'TMAX', 'TMIN', 'TMP', 'TOZNE', 'TSOIL', 'U-GWD', 'UFLX', 'UGRD', 'ULWRF', 'USTM', 'USWRF', 'V-GWD', 'VEG', 'VFLX', 'VGRD', 'VIS', 'VRATE', 'VSTM', 'VVEL', 'VWSH', 'WATR', 'WEASD', 'WILT']",731.0,ok,1.8654103000299074,2026-07-02T21:35:11Z,
gfs,2026-07-02,12,36,https://nomads.ncep.noaa.gov/pub/data/nccf/com/gfs/prod/gfs.20260702/12/atmos/gfs.t12z.pgrb2.0p25.f036.idx,743.0,89.0,"['4LFTX', 'ABSV', 'ACPCP', 'ALBDO', 'APCP', 'APTMP', 'CAPE', 'CFRZR', 'CICEP', 'CIN', 'CLWMR', 'CNWAT', 'CPOFP', 'CPRAT', 'CRAIN', 'CSNOW', 'CWAT', 'CWORK', 'DLWRF', 'DPT', 'DSWRF', 'DZDT', 'FLDCP', 'FRICV', 'GFLUX', 'GRLE', 'GUST', 'HCDC', 'HGT', 'HINDEX', 'HLCY', 'HPBL', 'ICAHT', 'ICEC', 'ICEG', 'ICETK', 'ICETMP', 'ICMR', 'LAND', 'LCDC', 'LFTX', 'LHTFL', 'MCDC', 'MSLET', 'O3MR', 'PEVPR', 'PLPL', 'POT', 'PRATE', 'PRES', 'PRMSL', 'PWAT', 'REFC', 'REFD', 'RH', 'RWMR', 'SFCR', 'SHTFL', 'SNMR', 'SNOD', 'SOILL', 'SOILW', 'SOTYP', 'SPFH', 'SUNSD', 'TCDC', 'TMAX', 'TMIN', 'TMP', 'TOZNE', 'TSOIL', 'U-GWD', 'UFLX', 'UGRD', 'ULWRF', 'USTM', 'USWRF', 'V-GWD', 'VEG', 'VFLX', 'VGRD', 'VIS', 'VRATE', 'VSTM', 'VVEL', 'VWSH', 'WATR', 'WEASD', 'WILT']",731.0,ok,2.5097962000290863,2026-07-02T15:42:21Z,
gfs,2026-07-02,12,48,https://nomads.ncep.noaa.gov/pub/data/nccf/com/gfs/prod/gfs.20260702/12/atmos/gfs.t12z.pgrb2.0p25.f048.idx,743.0,89.0,"['4LFTX', 'ABSV', 'ACPCP', 'ALBDO', 'APCP', 'APTMP', 'CAPE', 'CFRZR', 'CICEP', 'CIN', 'CLWMR', 'CNWAT', 'CPOFP', 'CPRAT', 'CRAIN', 'CSNOW', 'CWAT', 'CWORK', 'DLWRF', 'DPT', 'DSWRF', 'DZDT', 'FLDCP', 'FRICV', 'GFLUX', 'GRLE', 'GUST', 'HCDC', 'HGT', 'HINDEX', 'HLCY', 'HPBL', 'ICAHT', 'ICEC', 'ICEG', 'ICETK', 'ICETMP', 'ICMR', 'LAND', 'LCDC', 'LFTX', 'LHTFL', 'MCDC', 'MSLET', 'O3MR', 'PEVPR', 'PLPL', 'POT', 'PRATE', 'PRES', 'PRMSL', 'PWAT', 'REFC', 'REFD', 'RH', 'RWMR', 'SFCR', 'SHTFL', 'SNMR', 'SNOD', 'SOILL', 'SOILW', 'SOTYP', 'SPFH', 'SUNSD', 'TCDC', 'TMAX', 'TMIN', 'TMP', 'TOZNE', 'TSOIL', 'U-GWD', 'UFLX', 'UGRD', 'ULWRF', 'USTM', 'USWRF', 'V-GWD', 'VEG', 'VFLX', 'VGRD', 'VIS', 'VRATE', 'VSTM', 'VVEL', 'VWSH', 'WATR', 'WEASD', 'WILT']",731.0,ok,2.3670592000125907,2026-07-02T15:45:26Z,
gfs,2026-07-02,18,0,https://nomads.ncep.noaa.gov/pub/data/nccf/com/gfs/prod/gfs.20260702/18/atmos/gfs.t18z.pgrb2.0p25.f000.idx,696.0,69.0,"['4LFTX', 'ABSV', 'APTMP', 'CAPE', 'CFRZR', 'CICEP', 'CIN', 'CLWMR', 'CNWAT', 'CPOFP', 'CRAIN', 'CSNOW', 'CWAT', 'DPT', 'DZDT', 'FLDCP', 'FRICV', 'GRLE', 'GUST', 'HCDC', 'HGT', 'HINDEX', 'HLCY', 'HPBL', 'ICAHT', 'ICEC', 'ICEG', 'ICETK', 'ICETMP', 'ICMR', 'LAND', 'LCDC', 'LFTX', 'MCDC', 'MSLET', 'O3MR', 'PLPL', 'POT', 'PRATE', 'PRES', 'PRMSL', 'PWAT', 'REFC', 'REFD', 'RH', 'RWMR', 'SFCR', 'SNMR', 'SNOD', 'SOILL', 'SOILW', 'SOTYP', 'SPFH', 'SUNSD', 'TCDC', 'TMP', 'TOZNE', 'TSOIL', 'UGRD', 'USTM', 'VEG', 'VGRD', 'VIS', 'VRATE', 'VSTM', 'VVEL', 'VWSH', 'WEASD', 'WILT']",696.0,ok,2.1735593999619596,2026-07-02T21:34:36Z,
gfs,2026-07-02,12,30,https://nomads.ncep.noaa.gov/pub/data/nccf/com/gfs/prod/gfs.20260702/12/atmos/gfs.t12z.pgrb2.0p25.f030.idx,743.0,89.0,"['4LFTX', 'ABSV', 'ACPCP', 'ALBDO', 'APCP', 'APTMP', 'CAPE', 'CFRZR', 'CICEP', 'CIN', 'CLWMR', 'CNWAT', 'CPOFP', 'CPRAT', 'CRAIN', 'CSNOW', 'CWAT', 'CWORK', 'DLWRF', 'DPT', 'DSWRF', 'DZDT', 'FLDCP', 'FRICV', 'GFLUX', 'GRLE', 'GUST', 'HCDC', 'HGT', 'HINDEX', 'HLCY', 'HPBL', 'ICAHT', 'ICEC', 'ICEG', 'ICETK', 'ICETMP', 'ICMR', 'LAND', 'LCDC', 'LFTX', 'LHTFL', 'MCDC', 'MSLET', 'O3MR', 'PEVPR', 'PLPL', 'POT', 'PRATE', 'PRES', 'PRMSL', 'PWAT', 'REFC', 'REFD', 'RH', 'RWMR', 'SFCR', 'SHTFL', 'SNMR', 'SNOD', 'SOILL', 'SOILW', 'SOTYP', 'SPFH', 'SUNSD', 'TCDC', 'TMAX', 'TMIN', 'TMP', 'TOZNE', 'TSOIL', 'U-GWD', 'UFLX', 'UGRD', 'ULWRF', 'USTM', 'USWRF', 'V-GWD', 'VEG', 'VFLX', 'VGRD', 'VIS', 'VRATE', 'VSTM', 'VVEL', 'VWSH', 'WATR', 'WEASD', 'WILT']",731.0,ok,3.0860414000344463,2026-07-02T15:40:43Z,
gfs,2026-07-02,12,42,https://nomads.ncep.noaa.gov/pub/data/nccf/com/gfs/prod/gfs.20260702/12/atmos/gfs.t12z.pgrb2.0p25.f042.idx,743.0,89.0,"['4LFTX', 'ABSV', 'ACPCP', 'ALBDO', 'APCP', 'APTMP', 'CAPE', 'CFRZR', 'CICEP', 'CIN', 'CLWMR', 'CNWAT', 'CPOFP', 'CPRAT', 'CRAIN', 'CSNOW', 'CWAT', 'CWORK', 'DLWRF', 'DPT', 'DSWRF', 'DZDT', 'FLDCP', 'FRICV', 'GFLUX', 'GRLE', 'GUST', 'HCDC', 'HGT', 'HINDEX', 'HLCY', 'HPBL', 'ICAHT', 'ICEC', 'ICEG', 'ICETK', 'ICETMP', 'ICMR', 'LAND', 'LCDC', 'LFTX', 'LHTFL', 'MCDC', 'MSLET', 'O3MR', 'PEVPR', 'PLPL', 'POT', 'PRATE', 'PRES', 'PRMSL', 'PWAT', 'REFC', 'REFD', 'RH', 'RWMR', 'SFCR', 'SHTFL', 'SNMR', 'SNOD', 'SOILL', 'SOILW', 'SOTYP', 'SPFH', 'SUNSD', 'TCDC', 'TMAX', 'TMIN', 'TMP', 'TOZNE', 'TSOIL', 'U-GWD', 'UFLX', 'UGRD', 'ULWRF', 'USTM', 'USWRF', 'V-GWD', 'VEG', 'VFLX', 'VGRD', 'VIS', 'VRATE', 'VSTM', 'VVEL', 'VWSH', 'WATR', 'WEASD', 'WILT']",731.0,ok,2.6536398999742232,2026-07-02T15:44:04Z,
gfs,2026-07-02,12,45,https://nomads.ncep.noaa.gov/pub/data/nccf/com/gfs/prod/gfs.20260702/12/atmos/gfs.t12z.pgrb2.0p25.f045.idx,743.0,89.0,"['4LFTX', 'ABSV', 'ACPCP', 'ALBDO', 'APCP', 'APTMP', 'CAPE', 'CFRZR', 'CICEP', 'CIN', 'CLWMR', 'CNWAT', 'CPOFP', 'CPRAT', 'CRAIN', 'CSNOW', 'CWAT', 'CWORK', 'DLWRF', 'DPT', 'DSWRF', 'DZDT', 'FLDCP', 'FRICV', 'GFLUX', 'GRLE', 'GUST', 'HCDC', 'HGT', 'HINDEX', 'HLCY', 'HPBL', 'ICAHT', 'ICEC', 'ICEG', 'ICETK', 'ICETMP', 'ICMR', 'LAND', 'LCDC', 'LFTX', 'LHTFL', 'MCDC', 'MSLET', 'O3MR', 'PEVPR', 'PLPL', 'POT', 'PRATE', 'PRES', 'PRMSL', 'PWAT', 'REFC', 'REFD', 'RH', 'RWMR', 'SFCR', 'SHTFL', 'SNMR', 'SNOD', 'SOILL', 'SOILW', 'SOTYP', 'SPFH', 'SUNSD', 'TCDC', 'TMAX', 'TMIN', 'TMP', 'TOZNE', 'TSOIL', 'U-GWD', 'UFLX', 'UGRD', 'ULWRF', 'USTM', 'USWRF', 'V-GWD', 'VEG', 'VFLX', 'VGRD', 'VIS', 'VRATE', 'VSTM', 'VVEL', 'VWSH', 'WATR', 'WEASD', 'WILT']",731.0,ok,2.629563299997244,2026-07-02T15:44:56Z,
gfs,2026-07-02,12,39,https://nomads.ncep.noaa.gov/pub/data/nccf/com/gfs/prod/gfs.20260702/12/atmos/gfs.t12z.pgrb2.0p25.f039.idx,743.0,89.0,"['4LFTX', 'ABSV', 'ACPCP', 'ALBDO', 'APCP', 'APTMP', 'CAPE', 'CFRZR', 'CICEP', 'CIN', 'CLWMR', 'CNWAT', 'CPOFP', 'CPRAT', 'CRAIN', 'CSNOW', 'CWAT', 'CWORK', 'DLWRF', 'DPT', 'DSWRF', 'DZDT', 'FLDCP', 'FRICV', 'GFLUX', 'GRLE', 'GUST', 'HCDC', 'HGT', 'HINDEX', 'HLCY', 'HPBL', 'ICAHT', 'ICEC', 'ICEG', 'ICETK', 'ICETMP', 'ICMR', 'LAND', 'LCDC', 'LFTX', 'LHTFL', 'MCDC', 'MSLET', 'O3MR', 'PEVPR', 'PLPL', 'POT', 'PRATE', 'PRES', 'PRMSL', 'PWAT', 'REFC', 'REFD', 'RH', 'RWMR', 'SFCR', 'SHTFL', 'SNMR', 'SNOD', 'SOILL', 'SOILW', 'SOTYP', 'SPFH', 'SUNSD', 'TCDC', 'TMAX', 'TMIN', 'TMP', 'TOZNE', 'TSOIL', 'U-GWD', 'UFLX', 'UGRD', 'ULWRF', 'USTM', 'USWRF', 'V-GWD', 'VEG', 'VFLX', 'VGRD', 'VIS', 'VRATE', 'VSTM', 'VVEL', 'VWSH', 'WATR', 'WEASD', 'WILT']",731.0,ok,2.8141382000176236,2026-07-02T15:42:51Z,
gfs,2026-07-02,18,6,https://nomads.ncep.noaa.gov/pub/data/nccf/com/gfs/prod/gfs.20260702/18/atmos/gfs.t18z.pgrb2.0p25.f006.idx,743.0,89.0,"['4LFTX', 'ABSV', 'ACPCP', 'ALBDO', 'APCP', 'APTMP', 'CAPE', 'CFRZR', 'CICEP', 'CIN', 'CLWMR', 'CNWAT', 'CPOFP', 'CPRAT', 'CRAIN', 'CSNOW', 'CWAT', 'CWORK', 'DLWRF', 'DPT', 'DSWRF', 'DZDT', 'FLDCP', 'FRICV', 'GFLUX', 'GRLE', 'GUST', 'HCDC', 'HGT', 'HINDEX', 'HLCY', 'HPBL', 'ICAHT', 'ICEC', 'ICEG', 'ICETK', 'ICETMP', 'ICMR', 'LAND', 'LCDC', 'LFTX', 'LHTFL', 'MCDC', 'MSLET', 'O3MR', 'PEVPR', 'PLPL', 'POT', 'PRATE', 'PRES', 'PRMSL', 'PWAT', 'REFC', 'REFD', 'RH', 'RWMR', 'SFCR', 'SHTFL', 'SNMR', 'SNOD', 'SOILL', 'SOILW', 'SOTYP', 'SPFH', 'SUNSD', 'TCDC', 'TMAX', 'TMIN', 'TMP', 'TOZNE', 'TSOIL', 'U-GWD', 'UFLX', 'UGRD', 'ULWRF', 'USTM', 'USWRF', 'V-GWD', 'VEG', 'VFLX', 'VGRD', 'VIS', 'VRATE', 'VSTM', 'VVEL', 'VWSH', 'WATR', 'WEASD', 'WILT']",731.0,ok,2.808880600030534,2026-07-02T21:36:17Z,
gfs,2026-07-02,18,9,https://nomads.ncep.noaa.gov/pub/data/nccf/com/gfs/prod/gfs.20260702/18/atmos/gfs.t18z.pgrb2.0p25.f009.idx,743.0,89.0,"['4LFTX', 'ABSV', 'ACPCP', 'ALBDO', 'APCP', 'APTMP', 'CAPE', 'CFRZR', 'CICEP', 'CIN', 'CLWMR', 'CNWAT', 'CPOFP', 'CPRAT', 'CRAIN', 'CSNOW', 'CWAT', 'CWORK', 'DLWRF', 'DPT', 'DSWRF', 'DZDT', 'FLDCP', 'FRICV', 'GFLUX', 'GRLE', 'GUST', 'HCDC', 'HGT', 'HINDEX', 'HLCY', 'HPBL', 'ICAHT', 'ICEC', 'ICEG', 'ICETK', 'ICETMP', 'ICMR', 'LAND', 'LCDC', 'LFTX', 'LHTFL', 'MCDC', 'MSLET', 'O3MR', 'PEVPR', 'PLPL', 'POT', 'PRATE', 'PRES', 'PRMSL', 'PWAT', 'REFC', 'REFD', 'RH', 'RWMR', 'SFCR', 'SHTFL', 'SNMR', 'SNOD', 'SOILL', 'SOILW', 'SOTYP', 'SPFH', 'SUNSD', 'TCDC', 'TMAX', 'TMIN', 'TMP', 'TOZNE', 'TSOIL', 'U-GWD', 'UFLX', 'UGRD', 'ULWRF', 'USTM', 'USWRF', 'V-GWD', 'VEG', 'VFLX', 'VGRD', 'VIS', 'VRATE', 'VSTM', 'VVEL', 'VWSH', 'WATR', 'WEASD', 'WILT']",731.0,ok,2.883450700028334,2026-07-02T21:36:47Z,
gfs,2026-07-02,18,18,https://nomads.ncep.noaa.gov/pub/data/nccf/com/gfs/prod/gfs.20260702/18/atmos/gfs.t18z.pgrb2.0p25.f018.idx,743.0,89.0,"['4LFTX', 'ABSV', 'ACPCP', 'ALBDO', 'APCP', 'APTMP', 'CAPE', 'CFRZR', 'CICEP', 'CIN', 'CLWMR', 'CNWAT', 'CPOFP', 'CPRAT', 'CRAIN', 'CSNOW', 'CWAT', 'CWORK', 'DLWRF', 'DPT', 'DSWRF', 'DZDT', 'FLDCP', 'FRICV', 'GFLUX', 'GRLE', 'GUST', 'HCDC', 'HGT', 'HINDEX', 'HLCY', 'HPBL', 'ICAHT', 'ICEC', 'ICEG', 'ICETK', 'ICETMP', 'ICMR', 'LAND', 'LCDC', 'LFTX', 'LHTFL', 'MCDC', 'MSLET', 'O3MR', 'PEVPR', 'PLPL', 'POT', 'PRATE', 'PRES', 'PRMSL', 'PWAT', 'REFC', 'REFD', 'RH', 'RWMR', 'SFCR', 'SHTFL', 'SNMR', 'SNOD', 'SOILL', 'SOILW', 'SOTYP', 'SPFH', 'SUNSD', 'TCDC', 'TMAX', 'TMIN', 'TMP', 'TOZNE', 'TSOIL', 'U-GWD', 'UFLX', 'UGRD', 'ULWRF', 'USTM', 'USWRF', 'V-GWD', 'VEG', 'VFLX', 'VGRD', 'VIS', 'VRATE', 'VSTM', 'VVEL', 'VWSH', 'WATR', 'WEASD', 'WILT']",731.0,ok,2.827415099949576,2026-07-02T21:39:39Z,
gfs,2026-07-02,12,33,https://nomads.ncep.noaa.gov/pub/data/nccf/com/gfs/prod/gfs.20260702/12/atmos/gfs.t12z.pgrb2.0p25.f033.idx,743.0,89.0,"['4LFTX', 'ABSV', 'ACPCP', 'ALBDO', 'APCP', 'APTMP', 'CAPE', 'CFRZR', 'CICEP', 'CIN', 'CLWMR', 'CNWAT', 'CPOFP', 'CPRAT', 'CRAIN', 'CSNOW', 'CWAT', 'CWORK', 'DLWRF', 'DPT', 'DSWRF', 'DZDT', 'FLDCP', 'FRICV', 'GFLUX', 'GRLE', 'GUST', 'HCDC', 'HGT', 'HINDEX', 'HLCY', 'HPBL', 'ICAHT', 'ICEC', 'ICEG', 'ICETK', 'ICETMP', 'ICMR', 'LAND', 'LCDC', 'LFTX', 'LHTFL', 'MCDC', 'MSLET', 'O3MR', 'PEVPR', 'PLPL', 'POT', 'PRATE', 'PRES', 'PRMSL', 'PWAT', 'REFC', 'REFD', 'RH', 'RWMR', 'SFCR', 'SHTFL', 'SNMR', 'SNOD', 'SOILL', 'SOILW', 'SOTYP', 'SPFH', 'SUNSD', 'TCDC', 'TMAX', 'TMIN', 'TMP', 'TOZNE', 'TSOIL', 'U-GWD', 'UFLX', 'UGRD', 'ULWRF', 'USTM', 'USWRF', 'V-GWD', 'VEG', 'VFLX', 'VGRD', 'VIS', 'VRATE', 'VSTM', 'VVEL', 'VWSH', 'WATR', 'WEASD', 'WILT']",731.0,ok,3.7106930999434553,2026-07-02T15:41:15Z,
gfs,2026-07-02,18,15,https://nomads.ncep.noaa.gov/pub/data/nccf/com/gfs/prod/gfs.20260702/18/atmos/gfs.t18z.pgrb2.0p25.f015.idx,743.0,89.0,"['4LFTX', 'ABSV', 'ACPCP', 'ALBDO', 'APCP', 'APTMP', 'CAPE', 'CFRZR', 'CICEP', 'CIN', 'CLWMR', 'CNWAT', 'CPOFP', 'CPRAT', 'CRAIN', 'CSNOW', 'CWAT', 'CWORK', 'DLWRF', 'DPT', 'DSWRF', 'DZDT', 'FLDCP', 'FRICV', 'GFLUX', 'GRLE', 'GUST', 'HCDC', 'HGT', 'HINDEX', 'HLCY', 'HPBL', 'ICAHT', 'ICEC', 'ICEG', 'ICETK', 'ICETMP', 'ICMR', 'LAND', 'LCDC', 'LFTX', 'LHTFL', 'MCDC', 'MSLET', 'O3MR', 'PEVPR', 'PLPL', 'POT', 'PRATE', 'PRES', 'PRMSL', 'PWAT', 'REFC', 'REFD', 'RH', 'RWMR', 'SFCR', 'SHTFL', 'SNMR', 'SNOD', 'SOILL', 'SOILW', 'SOTYP', 'SPFH', 'SUNSD', 'TCDC', 'TMAX', 'TMIN', 'TMP', 'TOZNE', 'TSOIL', 'U-GWD', 'UFLX', 'UGRD', 'ULWRF', 'USTM', 'USWRF', 'V-GWD', 'VEG', 'VFLX', 'VGRD', 'VIS', 'VRATE', 'VSTM', 'VVEL', 'VWSH', 'WATR', 'WEASD', 'WILT']",731.0,ok,3.1495172000140883,2026-07-02T21:38:41Z,
gfs,2026-07-02,18,21,https://nomads.ncep.noaa.gov/pub/data/nccf/com/gfs/prod/gfs.20260702/18/atmos/gfs.t18z.pgrb2.0p25.f021.idx,743.0,89.0,"['4LFTX', 'ABSV', 'ACPCP', 'ALBDO', 'APCP', 'APTMP', 'CAPE', 'CFRZR', 'CICEP', 'CIN', 'CLWMR', 'CNWAT', 'CPOFP', 'CPRAT', 'CRAIN', 'CSNOW', 'CWAT', 'CWORK', 'DLWRF', 'DPT', 'DSWRF', 'DZDT', 'FLDCP', 'FRICV', 'GFLUX', 'GRLE', 'GUST', 'HCDC', 'HGT', 'HINDEX', 'HLCY', 'HPBL', 'ICAHT', 'ICEC', 'ICEG', 'ICETK', 'ICETMP', 'ICMR', 'LAND', 'LCDC', 'LFTX', 'LHTFL', 'MCDC', 'MSLET', 'O3MR', 'PEVPR', 'PLPL', 'POT', 'PRATE', 'PRES', 'PRMSL', 'PWAT', 'REFC', 'REFD', 'RH', 'RWMR', 'SFCR', 'SHTFL', 'SNMR', 'SNOD', 'SOILL', 'SOILW', 'SOTYP', 'SPFH', 'SUNSD', 'TCDC', 'TMAX', 'TMIN', 'TMP', 'TOZNE', 'TSOIL', 'U-GWD', 'UFLX', 'UGRD', 'ULWRF', 'USTM', 'USWRF', 'V-GWD', 'VEG', 'VFLX', 'VGRD', 'VIS', 'VRATE', 'VSTM', 'VVEL', 'VWSH', 'WATR', 'WEASD', 'WILT']",731.0,ok,3.1113522999803536,2026-07-02T21:40:29Z,
gfs,2026-07-02,18,39,https://nomads.ncep.noaa.gov/pub/data/nccf/com/gfs/prod/gfs.20260702/18/atmos/gfs.t18z.pgrb2.0p25.f039.idx,743.0,89.0,"['4LFTX', 'ABSV', 'ACPCP', 'ALBDO', 'APCP', 'APTMP', 'CAPE', 'CFRZR', 'CICEP', 'CIN', 'CLWMR', 'CNWAT', 'CPOFP', 'CPRAT', 'CRAIN', 'CSNOW', 'CWAT', 'CWORK', 'DLWRF', 'DPT', 'DSWRF', 'DZDT', 'FLDCP', 'FRICV', 'GFLUX', 'GRLE', 'GUST', 'HCDC', 'HGT', 'HINDEX', 'HLCY', 'HPBL', 'ICAHT', 'ICEC', 'ICEG', 'ICETK', 'ICETMP', 'ICMR', 'LAND', 'LCDC', 'LFTX', 'LHTFL', 'MCDC', 'MSLET', 'O3MR', 'PEVPR', 'PLPL', 'POT', 'PRATE', 'PRES', 'PRMSL', 'PWAT', 'REFC', 'REFD', 'RH', 'RWMR', 'SFCR', 'SHTFL', 'SNMR', 'SNOD', 'SOILL', 'SOILW', 'SOTYP', 'SPFH', 'SUNSD', 'TCDC', 'TMAX', 'TMIN', 'TMP', 'TOZNE', 'TSOIL', 'U-GWD', 'UFLX', 'UGRD', 'ULWRF', 'USTM', 'USWRF', 'V-GWD', 'VEG', 'VFLX', 'VGRD', 'VIS', 'VRATE', 'VSTM', 'VVEL', 'VWSH', 'WATR', 'WEASD', 'WILT']",731.0,ok,1.8717304000165313,2026-07-02T21:44:52Z,
gfs,2026-07-02,18,12,https://nomads.ncep.noaa.gov/pub/data/nccf/com/gfs/prod/gfs.20260702/18/atmos/gfs.t18z.pgrb2.0p25.f012.idx,743.0,89.0,"['4LFTX', 'ABSV', 'ACPCP', 'ALBDO', 'APCP', 'APTMP', 'CAPE', 'CFRZR', 'CICEP', 'CIN', 'CLWMR', 'CNWAT', 'CPOFP', 'CPRAT', 'CRAIN', 'CSNOW', 'CWAT', 'CWORK', 'DLWRF', 'DPT', 'DSWRF', 'DZDT', 'FLDCP', 'FRICV', 'GFLUX', 'GRLE', 'GUST', 'HCDC', 'HGT', 'HINDEX', 'HLCY', 'HPBL', 'ICAHT', 'ICEC', 'ICEG', 'ICETK', 'ICETMP', 'ICMR', 'LAND', 'LCDC', 'LFTX', 'LHTFL', 'MCDC', 'MSLET', 'O3MR', 'PEVPR', 'PLPL', 'POT', 'PRATE', 'PRES', 'PRMSL', 'PWAT', 'REFC', 'REFD', 'RH', 'RWMR', 'SFCR', 'SHTFL', 'SNMR', 'SNOD', 'SOILL', 'SOILW', 'SOTYP', 'SPFH', 'SUNSD', 'TCDC', 'TMAX', 'TMIN', 'TMP', 'TOZNE', 'TSOIL', 'U-GWD', 'UFLX', 'UGRD', 'ULWRF', 'USTM', 'USWRF', 'V-GWD', 'VEG', 'VFLX', 'VGRD', 'VIS', 'VRATE', 'VSTM', 'VVEL', 'VWSH', 'WATR', 'WEASD', 'WILT']",731.0,ok,3.584256300004199,2026-07-02T21:37:55Z,
gfs,2026-07-02,18,24,https://nomads.ncep.noaa.gov/pub/data/nccf/com/gfs/prod/gfs.20260702/18/atmos/gfs.t18z.pgrb2.0p25.f024.idx,743.0,89.0,"['4LFTX', 'ABSV', 'ACPCP', 'ALBDO', 'APCP', 'APTMP', 'CAPE', 'CFRZR', 'CICEP', 'CIN', 'CLWMR', 'CNWAT', 'CPOFP', 'CPRAT', 'CRAIN', 'CSNOW', 'CWAT', 'CWORK', 'DLWRF', 'DPT', 'DSWRF', 'DZDT', 'FLDCP', 'FRICV', 'GFLUX', 'GRLE', 'GUST', 'HCDC', 'HGT', 'HINDEX', 'HLCY', 'HPBL', 'ICAHT', 'ICEC', 'ICEG', 'ICETK', 'ICETMP', 'ICMR', 'LAND', 'LCDC', 'LFTX', 'LHTFL', 'MCDC', 'MSLET', 'O3MR', 'PEVPR', 'PLPL', 'POT', 'PRATE', 'PRES', 'PRMSL', 'PWAT', 'REFC', 'REFD', 'RH', 'RWMR', 'SFCR', 'SHTFL', 'SNMR', 'SNOD', 'SOILL', 'SOILW', 'SOTYP', 'SPFH', 'SUNSD', 'TCDC', 'TMAX', 'TMIN', 'TMP', 'TOZNE', 'TSOIL', 'U-GWD', 'UFLX', 'UGRD', 'ULWRF', 'USTM', 'USWRF', 'V-GWD', 'VEG', 'VFLX', 'VGRD', 'VIS', 'VRATE', 'VSTM', 'VVEL', 'VWSH', 'WATR', 'WEASD', 'WILT']",731.0,ok,3.183054799970705,2026-07-02T21:41:14Z,
gfs,2026-07-02,18,42,https://nomads.ncep.noaa.gov/pub/data/nccf/com/gfs/prod/gfs.20260702/18/atmos/gfs.t18z.pgrb2.0p25.f042.idx,743.0,89.0,"['4LFTX', 'ABSV', 'ACPCP', 'ALBDO', 'APCP', 'APTMP', 'CAPE', 'CFRZR', 'CICEP', 'CIN', 'CLWMR', 'CNWAT', 'CPOFP', 'CPRAT', 'CRAIN', 'CSNOW', 'CWAT', 'CWORK', 'DLWRF', 'DPT', 'DSWRF', 'DZDT', 'FLDCP', 'FRICV', 'GFLUX', 'GRLE', 'GUST', 'HCDC', 'HGT', 'HINDEX', 'HLCY', 'HPBL', 'ICAHT', 'ICEC', 'ICEG', 'ICETK', 'ICETMP', 'ICMR', 'LAND', 'LCDC', 'LFTX', 'LHTFL', 'MCDC', 'MSLET', 'O3MR', 'PEVPR', 'PLPL', 'POT', 'PRATE', 'PRES', 'PRMSL', 'PWAT', 'REFC', 'REFD', 'RH', 'RWMR', 'SFCR', 'SHTFL', 'SNMR', 'SNOD', 'SOILL', 'SOILW', 'SOTYP', 'SPFH', 'SUNSD', 'TCDC', 'TMAX', 'TMIN', 'TMP', 'TOZNE', 'TSOIL', 'U-GWD', 'UFLX', 'UGRD', 'ULWRF', 'USTM', 'USWRF', 'V-GWD', 'VEG', 'VFLX', 'VGRD', 'VIS', 'VRATE', 'VSTM', 'VVEL', 'VWSH', 'WATR', 'WEASD', 'WILT']",731.0,ok,2.1897100000060163,2026-07-02T21:45:42Z,
gfs,2026-07-02,18,48,https://nomads.ncep.noaa.gov/pub/data/nccf/com/gfs/prod/gfs.20260702/18/atmos/gfs.t18z.pgrb2.0p25.f048.idx,743.0,89.0,"['4LFTX', 'ABSV', 'ACPCP', 'ALBDO', 'APCP', 'APTMP', 'CAPE', 'CFRZR', 'CICEP', 'CIN', 'CLWMR', 'CNWAT', 'CPOFP', 'CPRAT', 'CRAIN', 'CSNOW', 'CWAT', 'CWORK', 'DLWRF', 'DPT', 'DSWRF', 'DZDT', 'FLDCP', 'FRICV', 'GFLUX', 'GRLE', 'GUST', 'HCDC', 'HGT', 'HINDEX', 'HLCY', 'HPBL', 'ICAHT', 'ICEC', 'ICEG', 'ICETK', 'ICETMP', 'ICMR', 'LAND', 'LCDC', 'LFTX', 'LHTFL', 'MCDC', 'MSLET', 'O3MR', 'PEVPR', 'PLPL', 'POT', 'PRATE', 'PRES', 'PRMSL', 'PWAT', 'REFC', 'REFD', 'RH', 'RWMR', 'SFCR', 'SHTFL', 'SNMR', 'SNOD', 'SOILL', 'SOILW', 'SOTYP', 'SPFH', 'SUNSD', 'TCDC', 'TMAX', 'TMIN', 'TMP', 'TOZNE', 'TSOIL', 'U-GWD', 'UFLX', 'UGRD', 'ULWRF', 'USTM', 'USWRF', 'V-GWD', 'VEG', 'VFLX', 'VGRD', 'VIS', 'VRATE', 'VSTM', 'VVEL', 'VWSH', 'WATR', 'WEASD', 'WILT']",731.0,ok,2.248308599984739,2026-07-02T21:47:29Z,
gfs,2026-07-02,18,27,https://nomads.ncep.noaa.gov/pub/data/nccf/com/gfs/prod/gfs.20260702/18/atmos/gfs.t18z.pgrb2.0p25.f027.idx,743.0,89.0,"['4LFTX', 'ABSV', 'ACPCP', 'ALBDO', 'APCP', 'APTMP', 'CAPE', 'CFRZR', 'CICEP', 'CIN', 'CLWMR', 'CNWAT', 'CPOFP', 'CPRAT', 'CRAIN', 'CSNOW', 'CWAT', 'CWORK', 'DLWRF', 'DPT', 'DSWRF', 'DZDT', 'FLDCP', 'FRICV', 'GFLUX', 'GRLE', 'GUST', 'HCDC', 'HGT', 'HINDEX', 'HLCY', 'HPBL', 'ICAHT', 'ICEC', 'ICEG', 'ICETK', 'ICETMP', 'ICMR', 'LAND', 'LCDC', 'LFTX', 'LHTFL', 'MCDC', 'MSLET', 'O3MR', 'PEVPR', 'PLPL', 'POT', 'PRATE', 'PRES', 'PRMSL', 'PWAT', 'REFC', 'REFD', 'RH', 'RWMR', 'SFCR', 'SHTFL', 'SNMR', 'SNOD', 'SOILL', 'SOILW', 'SOTYP', 'SPFH', 'SUNSD', 'TCDC', 'TMAX', 'TMIN', 'TMP', 'TOZNE', 'TSOIL', 'U-GWD', 'UFLX', 'UGRD', 'ULWRF', 'USTM', 'USWRF', 'V-GWD', 'VEG', 'VFLX', 'VGRD', 'VIS', 'VRATE', 'VSTM', 'VVEL', 'VWSH', 'WATR', 'WEASD', 'WILT']",731.0,ok,3.562106199970003,2026-07-02T21:42:03Z,
gefs_control,2026-07-02,0,6,https://nomads.ncep.noaa.gov/pub/data/nccf/com/gens/prod/gefs.20260702/00/atmos/pgrb2sp25/gec00.t00z.pgrb2s.0p25.f006.idx,,,[],,error,2.2133232000051066,,"HTTPStatusError: Client error '404 Not Found' for url 'https://nomads.ncep.noaa.gov/pub/data/nccf/com/gens/prod/gefs.20260702/00/atmos/pgrb2sp25/gec00.t00z.pgrb2s.0p25.f006.idx'
For more information check: https://developer.mozilla.org/en-US/docs/Web/HTTP/Status/404"
gfs,2026-07-02,18,45,https://nomads.ncep.noaa.gov/pub/data/nccf/com/gfs/prod/gfs.20260702/18/atmos/gfs.t18z.pgrb2.0p25.f045.idx,743.0,89.0,"['4LFTX', 'ABSV', 'ACPCP', 'ALBDO', 'APCP', 'APTMP', 'CAPE', 'CFRZR', 'CICEP', 'CIN', 'CLWMR', 'CNWAT', 'CPOFP', 'CPRAT', 'CRAIN', 'CSNOW', 'CWAT', 'CWORK', 'DLWRF', 'DPT', 'DSWRF', 'DZDT', 'FLDCP', 'FRICV', 'GFLUX', 'GRLE', 'GUST', 'HCDC', 'HGT', 'HINDEX', 'HLCY', 'HPBL', 'ICAHT', 'ICEC', 'ICEG', 'ICETK', 'ICETMP', 'ICMR', 'LAND', 'LCDC', 'LFTX', 'LHTFL', 'MCDC', 'MSLET', 'O3MR', 'PEVPR', 'PLPL', 'POT', 'PRATE', 'PRES', 'PRMSL', 'PWAT', 'REFC', 'REFD', 'RH', 'RWMR', 'SFCR', 'SHTFL', 'SNMR', 'SNOD', 'SOILL', 'SOILW', 'SOTYP', 'SPFH', 'SUNSD', 'TCDC', 'TMAX', 'TMIN', 'TMP', 'TOZNE', 'TSOIL', 'U-GWD', 'UFLX', 'UGRD', 'ULWRF', 'USTM', 'USWRF', 'V-GWD', 'VEG', 'VFLX', 'VGRD', 'VIS', 'VRATE', 'VSTM', 'VVEL', 'VWSH', 'WATR', 'WEASD', 'WILT']",731.0,ok,2.4866690000053495,2026-07-02T21:46:37Z,
gefs_control,2026-07-02,0,3,https://nomads.ncep.noaa.gov/pub/data/nccf/com/gens/prod/gefs.20260702/00/atmos/pgrb2sp25/gec00.t00z.pgrb2s.0p25.f003.idx,,,[],,error,2.3860634999582544,,"HTTPStatusError: Client error '404 Not Found' for url 'https://nomads.ncep.noaa.gov/pub/data/nccf/com/gens/prod/gefs.20260702/00/atmos/pgrb2sp25/gec00.t00z.pgrb2s.0p25.f003.idx'
For more information check: https://developer.mozilla.org/en-US/docs/Web/HTTP/Status/404"
gfs,2026-07-02,18,30,https://nomads.ncep.noaa.gov/pub/data/nccf/com/gfs/prod/gfs.20260702/18/atmos/gfs.t18z.pgrb2.0p25.f030.idx,743.0,89.0,"['4LFTX', 'ABSV', 'ACPCP', 'ALBDO', 'APCP', 'APTMP', 'CAPE', 'CFRZR', 'CICEP', 'CIN', 'CLWMR', 'CNWAT', 'CPOFP', 'CPRAT', 'CRAIN', 'CSNOW', 'CWAT', 'CWORK', 'DLWRF', 'DPT', 'DSWRF', 'DZDT', 'FLDCP', 'FRICV', 'GFLUX', 'GRLE', 'GUST', 'HCDC', 'HGT', 'HINDEX', 'HLCY', 'HPBL', 'ICAHT', 'ICEC', 'ICEG', 'ICETK', 'ICETMP', 'ICMR', 'LAND', 'LCDC', 'LFTX', 'LHTFL', 'MCDC', 'MSLET', 'O3MR', 'PEVPR', 'PLPL', 'POT', 'PRATE', 'PRES', 'PRMSL', 'PWAT', 'REFC', 'REFD', 'RH', 'RWMR', 'SFCR', 'SHTFL', 'SNMR', 'SNOD', 'SOILL', 'SOILW', 'SOTYP', 'SPFH', 'SUNSD', 'TCDC', 'TMAX', 'TMIN', 'TMP', 'TOZNE', 'TSOIL', 'U-GWD', 'UFLX', 'UGRD', 'ULWRF', 'USTM', 'USWRF', 'V-GWD', 'VEG', 'VFLX', 'VGRD', 'VIS', 'VRATE', 'VSTM', 'VVEL', 'VWSH', 'WATR', 'WEASD', 'WILT']",731.0,ok,3.6189648000290617,2026-07-02T21:42:50Z,
gefs_control,2026-07-02,0,12,https://nomads.ncep.noaa.gov/pub/data/nccf/com/gens/prod/gefs.20260702/00/atmos/pgrb2sp25/gec00.t00z.pgrb2s.0p25.f012.idx,,,[],,error,2.3586403999943286,,"HTTPStatusError: Client error '404 Not Found' for url 'https://nomads.ncep.noaa.gov/pub/data/nccf/com/gens/prod/gefs.20260702/00/atmos/pgrb2sp25/gec00.t00z.pgrb2s.0p25.f012.idx'
For more information check: https://developer.mozilla.org/en-US/docs/Web/HTTP/Status/404"
gfs,2026-07-02,18,33,https://nomads.ncep.noaa.gov/pub/data/nccf/com/gfs/prod/gfs.20260702/18/atmos/gfs.t18z.pgrb2.0p25.f033.idx,743.0,89.0,"['4LFTX', 'ABSV', 'ACPCP', 'ALBDO', 'APCP', 'APTMP', 'CAPE', 'CFRZR', 'CICEP', 'CIN', 'CLWMR', 'CNWAT', 'CPOFP', 'CPRAT', 'CRAIN', 'CSNOW', 'CWAT', 'CWORK', 'DLWRF', 'DPT', 'DSWRF', 'DZDT', 'FLDCP', 'FRICV', 'GFLUX', 'GRLE', 'GUST', 'HCDC', 'HGT', 'HINDEX', 'HLCY', 'HPBL', 'ICAHT', 'ICEC', 'ICEG', 'ICETK', 'ICETMP', 'ICMR', 'LAND', 'LCDC', 'LFTX', 'LHTFL', 'MCDC', 'MSLET', 'O3MR', 'PEVPR', 'PLPL', 'POT', 'PRATE', 'PRES', 'PRMSL', 'PWAT', 'REFC', 'REFD', 'RH', 'RWMR', 'SFCR', 'SHTFL', 'SNMR', 'SNOD', 'SOILL', 'SOILW', 'SOTYP', 'SPFH', 'SUNSD', 'TCDC', 'TMAX', 'TMIN', 'TMP', 'TOZNE', 'TSOIL', 'U-GWD', 'UFLX', 'UGRD', 'ULWRF', 'USTM', 'USWRF', 'V-GWD', 'VEG', 'VFLX', 'VGRD', 'VIS', 'VRATE', 'VSTM', 'VVEL', 'VWSH', 'WATR', 'WEASD', 'WILT']",731.0,ok,3.84910089999903,2026-07-02T21:43:42Z,
gefs_control,2026-07-02,0,18,https://nomads.ncep.noaa.gov/pub/data/nccf/com/gens/prod/gefs.20260702/00/atmos/pgrb2sp25/gec00.t00z.pgrb2s.0p25.f018.idx,,,[],,error,2.3842778999824077,,"HTTPStatusError: Client error '404 Not Found' for url 'https://nomads.ncep.noaa.gov/pub/data/nccf/com/gens/prod/gefs.20260702/00/atmos/pgrb2sp25/gec00.t00z.pgrb2s.0p25.f018.idx'
For more information check: https://developer.mozilla.org/en-US/docs/Web/HTTP/Status/404"
gefs_control,2026-07-02,0,15,https://nomads.ncep.noaa.gov/pub/data/nccf/com/gens/prod/gefs.20260702/00/atmos/pgrb2sp25/gec00.t00z.pgrb2s.0p25.f015.idx,,,[],,error,2.693732000014279,,"HTTPStatusError: Client error '404 Not Found' for url 'https://nomads.ncep.noaa.gov/pub/data/nccf/com/gens/prod/gefs.20260702/00/atmos/pgrb2sp25/gec00.t00z.pgrb2s.0p25.f015.idx'
For more information check: https://developer.mozilla.org/en-US/docs/Web/HTTP/Status/404"
gefs_control,2026-07-02,0,24,https://nomads.ncep.noaa.gov/pub/data/nccf/com/gens/prod/gefs.20260702/00/atmos/pgrb2sp25/gec00.t00z.pgrb2s.0p25.f024.idx,,,[],,error,2.2624198999837972,,"HTTPStatusError: Client error '404 Not Found' for url 'https://nomads.ncep.noaa.gov/pub/data/nccf/com/gens/prod/gefs.20260702/00/atmos/pgrb2sp25/gec00.t00z.pgrb2s.0p25.f024.idx'
For more information check: https://developer.mozilla.org/en-US/docs/Web/HTTP/Status/404"
gefs_control,2026-07-02,0,30,https://nomads.ncep.noaa.gov/pub/data/nccf/com/gens/prod/gefs.20260702/00/atmos/pgrb2sp25/gec00.t00z.pgrb2s.0p25.f030.idx,,,[],,error,2.1488451000186615,,"HTTPStatusError: Client error '404 Not Found' for url 'https://nomads.ncep.noaa.gov/pub/data/nccf/com/gens/prod/gefs.20260702/00/atmos/pgrb2sp25/gec00.t00z.pgrb2s.0p25.f030.idx'
For more information check: https://developer.mozilla.org/en-US/docs/Web/HTTP/Status/404"
gfs,2026-07-02,18,36,https://nomads.ncep.noaa.gov/pub/data/nccf/com/gfs/prod/gfs.20260702/18/atmos/gfs.t18z.pgrb2.0p25.f036.idx,743.0,89.0,"['4LFTX', 'ABSV', 'ACPCP', 'ALBDO', 'APCP', 'APTMP', 'CAPE', 'CFRZR', 'CICEP', 'CIN', 'CLWMR', 'CNWAT', 'CPOFP', 'CPRAT', 'CRAIN', 'CSNOW', 'CWAT', 'CWORK', 'DLWRF', 'DPT', 'DSWRF', 'DZDT', 'FLDCP', 'FRICV', 'GFLUX', 'GRLE', 'GUST', 'HCDC', 'HGT', 'HINDEX', 'HLCY', 'HPBL', 'ICAHT', 'ICEC', 'ICEG', 'ICETK', 'ICETMP', 'ICMR', 'LAND', 'LCDC', 'LFTX', 'LHTFL', 'MCDC', 'MSLET', 'O3MR', 'PEVPR', 'PLPL', 'POT', 'PRATE', 'PRES', 'PRMSL', 'PWAT', 'REFC', 'REFD', 'RH', 'RWMR', 'SFCR', 'SHTFL', 'SNMR', 'SNOD', 'SOILL', 'SOILW', 'SOTYP', 'SPFH', 'SUNSD', 'TCDC', 'TMAX', 'TMIN', 'TMP', 'TOZNE', 'TSOIL', 'U-GWD', 'UFLX', 'UGRD', 'ULWRF', 'USTM', 'USWRF', 'V-GWD', 'VEG', 'VFLX', 'VGRD', 'VIS', 'VRATE', 'VSTM', 'VVEL', 'VWSH', 'WATR', 'WEASD', 'WILT']",731.0,ok,4.239301800029352,2026-07-02T21:44:17Z,
gefs_control,2026-07-02,0,0,https://nomads.ncep.noaa.gov/pub/data/nccf/com/gens/prod/gefs.20260702/00/atmos/pgrb2sp25/gec00.t00z.pgrb2s.0p25.f000.idx,,,[],,error,4.133758199983276,,"HTTPStatusError: Client error '404 Not Found' for url 'https://nomads.ncep.noaa.gov/pub/data/nccf/com/gens/prod/gefs.20260702/00/atmos/pgrb2sp25/gec00.t00z.pgrb2s.0p25.f000.idx'
For more information check: https://developer.mozilla.org/en-US/docs/Web/HTTP/Status/404"
gefs_control,2026-07-02,0,42,https://nomads.ncep.noaa.gov/pub/data/nccf/com/gens/prod/gefs.20260702/00/atmos/pgrb2sp25/gec00.t00z.pgrb2s.0p25.f042.idx,,,[],,error,2.0915656999568455,,"HTTPStatusError: Client error '404 Not Found' for url 'https://nomads.ncep.noaa.gov/pub/data/nccf/com/gens/prod/gefs.20260702/00/atmos/pgrb2sp25/gec00.t00z.pgrb2s.0p25.f042.idx'
For more information check: https://developer.mozilla.org/en-US/docs/Web/HTTP/Status/404"
gefs_control,2026-07-02,0,9,https://nomads.ncep.noaa.gov/pub/data/nccf/com/gens/prod/gefs.20260702/00/atmos/pgrb2sp25/gec00.t00z.pgrb2s.0p25.f009.idx,,,[],,error,4.238422000024002,,"HTTPStatusError: Client error '404 Not Found' for url 'https://nomads.ncep.noaa.gov/pub/data/nccf/com/gens/prod/gefs.20260702/00/atmos/pgrb2sp25/gec00.t00z.pgrb2s.0p25.f009.idx'
For more information check: https://developer.mozilla.org/en-US/docs/Web/HTTP/Status/404"
gefs_control,2026-07-02,0,39,https://nomads.ncep.noaa.gov/pub/data/nccf/com/gens/prod/gefs.20260702/00/atmos/pgrb2sp25/gec00.t00z.pgrb2s.0p25.f039.idx,,,[],,error,2.435163400019519,,"HTTPStatusError: Client error '404 Not Found' for url 'https://nomads.ncep.noaa.gov/pub/data/nccf/com/gens/prod/gefs.20260702/00/atmos/pgrb2sp25/gec00.t00z.pgrb2s.0p25.f039.idx'
For more information check: https://developer.mozilla.org/en-US/docs/Web/HTTP/Status/404"
gefs_control,2026-07-02,0,48,https://nomads.ncep.noaa.gov/pub/data/nccf/com/gens/prod/gefs.20260702/00/atmos/pgrb2sp25/gec00.t00z.pgrb2s.0p25.f048.idx,,,[],,error,2.363667900033761,,"HTTPStatusError: Client error '404 Not Found' for url 'https://nomads.ncep.noaa.gov/pub/data/nccf/com/gens/prod/gefs.20260702/00/atmos/pgrb2sp25/gec00.t00z.pgrb2s.0p25.f048.idx'
For more information check: https://developer.mozilla.org/en-US/docs/Web/HTTP/Status/404"
gefs_control,2026-07-02,6,0,https://nomads.ncep.noaa.gov/pub/data/nccf/com/gens/prod/gefs.20260702/06/atmos/pgrb2sp25/gec00.t06z.pgrb2s.0p25.f000.idx,,,[],,error,2.3265187999932095,,"HTTPStatusError: Client error '404 Not Found' for url 'https://nomads.ncep.noaa.gov/pub/data/nccf/com/gens/prod/gefs.20260702/06/atmos/pgrb2sp25/gec00.t06z.pgrb2s.0p25.f000.idx'
For more information check: https://developer.mozilla.org/en-US/docs/Web/HTTP/Status/404"
gefs_control,2026-07-02,0,21,https://nomads.ncep.noaa.gov/pub/data/nccf/com/gens/prod/gefs.20260702/00/atmos/pgrb2sp25/gec00.t00z.pgrb2s.0p25.f021.idx,,,[],,error,3.777073500037659,,"HTTPStatusError: Client error '404 Not Found' for url 'https://nomads.ncep.noaa.gov/pub/data/nccf/com/gens/prod/gefs.20260702/00/atmos/pgrb2sp25/gec00.t00z.pgrb2s.0p25.f021.idx'
For more information check: https://developer.mozilla.org/en-US/docs/Web/HTTP/Status/404"
gefs_control,2026-07-02,0,27,https://nomads.ncep.noaa.gov/pub/data/nccf/com/gens/prod/gefs.20260702/00/atmos/pgrb2sp25/gec00.t00z.pgrb2s.0p25.f027.idx,,,[],,error,3.4584517999901436,,"HTTPStatusError: Client error '404 Not Found' for url 'https://nomads.ncep.noaa.gov/pub/data/nccf/com/gens/prod/gefs.20260702/00/atmos/pgrb2sp25/gec00.t00z.pgrb2s.0p25.f027.idx'
For more information check: https://developer.mozilla.org/en-US/docs/Web/HTTP/Status/404"
gefs_control,2026-07-02,6,3,https://nomads.ncep.noaa.gov/pub/data/nccf/com/gens/prod/gefs.20260702/06/atmos/pgrb2sp25/gec00.t06z.pgrb2s.0p25.f003.idx,,,[],,error,2.5653011000249535,,"HTTPStatusError: Client error '404 Not Found' for url 'https://nomads.ncep.noaa.gov/pub/data/nccf/com/gens/prod/gefs.20260702/06/atmos/pgrb2sp25/gec00.t06z.pgrb2s.0p25.f003.idx'
For more information check: https://developer.mozilla.org/en-US/docs/Web/HTTP/Status/404"
gefs_control,2026-07-02,0,33,https://nomads.ncep.noaa.gov/pub/data/nccf/com/gens/prod/gefs.20260702/00/atmos/pgrb2sp25/gec00.t00z.pgrb2s.0p25.f033.idx,,,[],,error,3.6233214999665506,,"HTTPStatusError: Client error '404 Not Found' for url 'https://nomads.ncep.noaa.gov/pub/data/nccf/com/gens/prod/gefs.20260702/00/atmos/pgrb2sp25/gec00.t00z.pgrb2s.0p25.f033.idx'
For more information check: https://developer.mozilla.org/en-US/docs/Web/HTTP/Status/404"
gefs_control,2026-07-02,0,36,https://nomads.ncep.noaa.gov/pub/data/nccf/com/gens/prod/gefs.20260702/00/atmos/pgrb2sp25/gec00.t00z.pgrb2s.0p25.f036.idx,,,[],,error,3.592508599977009,,"HTTPStatusError: Client error '404 Not Found' for url 'https://nomads.ncep.noaa.gov/pub/data/nccf/com/gens/prod/gefs.20260702/00/atmos/pgrb2sp25/gec00.t00z.pgrb2s.0p25.f036.idx'
For more information check: https://developer.mozilla.org/en-US/docs/Web/HTTP/Status/404"
gefs_control,2026-07-02,0,45,https://nomads.ncep.noaa.gov/pub/data/nccf/com/gens/prod/gefs.20260702/00/atmos/pgrb2sp25/gec00.t00z.pgrb2s.0p25.f045.idx,,,[],,error,3.2831665000412613,,"HTTPStatusError: Client error '404 Not Found' for url 'https://nomads.ncep.noaa.gov/pub/data/nccf/com/gens/prod/gefs.20260702/00/atmos/pgrb2sp25/gec00.t00z.pgrb2s.0p25.f045.idx'
For more information check: https://developer.mozilla.org/en-US/docs/Web/HTTP/Status/404"
gefs_control,2026-07-02,6,24,https://nomads.ncep.noaa.gov/pub/data/nccf/com/gens/prod/gefs.20260702/06/atmos/pgrb2sp25/gec00.t06z.pgrb2s.0p25.f024.idx,,,[],,error,2.3871632000082172,,"HTTPStatusError: Client error '404 Not Found' for url 'https://nomads.ncep.noaa.gov/pub/data/nccf/com/gens/prod/gefs.20260702/06/atmos/pgrb2sp25/gec00.t06z.pgrb2s.0p25.f024.idx'
For more information check: https://developer.mozilla.org/en-US/docs/Web/HTTP/Status/404"
gefs_control,2026-07-02,6,9,https://nomads.ncep.noaa.gov/pub/data/nccf/com/gens/prod/gefs.20260702/06/atmos/pgrb2sp25/gec00.t06z.pgrb2s.0p25.f009.idx,,,[],,error,3.140842199965846,,"HTTPStatusError: Client error '404 Not Found' for url 'https://nomads.ncep.noaa.gov/pub/data/nccf/com/gens/prod/gefs.20260702/06/atmos/pgrb2sp25/gec00.t06z.pgrb2s.0p25.f009.idx'
For more information check: https://developer.mozilla.org/en-US/docs/Web/HTTP/Status/404"
gefs_control,2026-07-02,6,6,https://nomads.ncep.noaa.gov/pub/data/nccf/com/gens/prod/gefs.20260702/06/atmos/pgrb2sp25/gec00.t06z.pgrb2s.0p25.f006.idx,,,[],,error,3.434713099966757,,"HTTPStatusError: Client error '404 Not Found' for url 'https://nomads.ncep.noaa.gov/pub/data/nccf/com/gens/prod/gefs.20260702/06/atmos/pgrb2sp25/gec00.t06z.pgrb2s.0p25.f006.idx'
For more information check: https://developer.mozilla.org/en-US/docs/Web/HTTP/Status/404"
gefs_control,2026-07-02,6,15,https://nomads.ncep.noaa.gov/pub/data/nccf/com/gens/prod/gefs.20260702/06/atmos/pgrb2sp25/gec00.t06z.pgrb2s.0p25.f015.idx,,,[],,error,3.235382299986668,,"HTTPStatusError: Client error '404 Not Found' for url 'https://nomads.ncep.noaa.gov/pub/data/nccf/com/gens/prod/gefs.20260702/06/atmos/pgrb2sp25/gec00.t06z.pgrb2s.0p25.f015.idx'
For more information check: https://developer.mozilla.org/en-US/docs/Web/HTTP/Status/404"
gefs_control,2026-07-02,6,18,https://nomads.ncep.noaa.gov/pub/data/nccf/com/gens/prod/gefs.20260702/06/atmos/pgrb2sp25/gec00.t06z.pgrb2s.0p25.f018.idx,,,[],,error,3.110973200004082,,"HTTPStatusError: Client error '404 Not Found' for url 'https://nomads.ncep.noaa.gov/pub/data/nccf/com/gens/prod/gefs.20260702/06/atmos/pgrb2sp25/gec00.t06z.pgrb2s.0p25.f018.idx'
For more information check: https://developer.mozilla.org/en-US/docs/Web/HTTP/Status/404"
gefs_control,2026-07-02,6,21,https://nomads.ncep.noaa.gov/pub/data/nccf/com/gens/prod/gefs.20260702/06/atmos/pgrb2sp25/gec00.t06z.pgrb2s.0p25.f021.idx,,,[],,error,3.3186622000066563,,"HTTPStatusError: Client error '404 Not Found' for url 'https://nomads.ncep.noaa.gov/pub/data/nccf/com/gens/prod/gefs.20260702/06/atmos/pgrb2sp25/gec00.t06z.pgrb2s.0p25.f021.idx'
For more information check: https://developer.mozilla.org/en-US/docs/Web/HTTP/Status/404"
gefs_control,2026-07-02,6,33,https://nomads.ncep.noaa.gov/pub/data/nccf/com/gens/prod/gefs.20260702/06/atmos/pgrb2sp25/gec00.t06z.pgrb2s.0p25.f033.idx,,,[],,error,2.5501549000036903,,"HTTPStatusError: Client error '404 Not Found' for url 'https://nomads.ncep.noaa.gov/pub/data/nccf/com/gens/prod/gefs.20260702/06/atmos/pgrb2sp25/gec00.t06z.pgrb2s.0p25.f033.idx'
For more information check: https://developer.mozilla.org/en-US/docs/Web/HTTP/Status/404"
gefs_control,2026-07-02,6,39,https://nomads.ncep.noaa.gov/pub/data/nccf/com/gens/prod/gefs.20260702/06/atmos/pgrb2sp25/gec00.t06z.pgrb2s.0p25.f039.idx,,,[],,error,2.515772900020238,,"HTTPStatusError: Client error '404 Not Found' for url 'https://nomads.ncep.noaa.gov/pub/data/nccf/com/gens/prod/gefs.20260702/06/atmos/pgrb2sp25/gec00.t06z.pgrb2s.0p25.f039.idx'
For more information check: https://developer.mozilla.org/en-US/docs/Web/HTTP/Status/404"
gefs_control,2026-07-02,6,45,https://nomads.ncep.noaa.gov/pub/data/nccf/com/gens/prod/gefs.20260702/06/atmos/pgrb2sp25/gec00.t06z.pgrb2s.0p25.f045.idx,,,[],,error,2.440244299999904,,"HTTPStatusError: Client error '404 Not Found' for url 'https://nomads.ncep.noaa.gov/pub/data/nccf/com/gens/prod/gefs.20260702/06/atmos/pgrb2sp25/gec00.t06z.pgrb2s.0p25.f045.idx'
For more information check: https://developer.mozilla.org/en-US/docs/Web/HTTP/Status/404"
gefs_control,2026-07-02,6,42,https://nomads.ncep.noaa.gov/pub/data/nccf/com/gens/prod/gefs.20260702/06/atmos/pgrb2sp25/gec00.t06z.pgrb2s.0p25.f042.idx,,,[],,error,2.6990738000022247,,"HTTPStatusError: Client error '404 Not Found' for url 'https://nomads.ncep.noaa.gov/pub/data/nccf/com/gens/prod/gefs.20260702/06/atmos/pgrb2sp25/gec00.t06z.pgrb2s.0p25.f042.idx'
For more information check: https://developer.mozilla.org/en-US/docs/Web/HTTP/Status/404"
gefs_control,2026-07-02,12,3,https://nomads.ncep.noaa.gov/pub/data/nccf/com/gens/prod/gefs.20260702/12/atmos/pgrb2sp25/gec00.t12z.pgrb2s.0p25.f003.idx,,,[],,error,2.6894348000059836,,"HTTPStatusError: Client error '404 Not Found' for url 'https://nomads.ncep.noaa.gov/pub/data/nccf/com/gens/prod/gefs.20260702/12/atmos/pgrb2sp25/gec00.t12z.pgrb2s.0p25.f003.idx'
For more information check: https://developer.mozilla.org/en-US/docs/Web/HTTP/Status/404"
gefs_control,2026-07-02,12,15,https://nomads.ncep.noaa.gov/pub/data/nccf/com/gens/prod/gefs.20260702/12/atmos/pgrb2sp25/gec00.t12z.pgrb2s.0p25.f015.idx,,,[],,error,2.6227477000211366,,"HTTPStatusError: Client error '404 Not Found' for url 'https://nomads.ncep.noaa.gov/pub/data/nccf/com/gens/prod/gefs.20260702/12/atmos/pgrb2sp25/gec00.t12z.pgrb2s.0p25.f015.idx'
For more information check: https://developer.mozilla.org/en-US/docs/Web/HTTP/Status/404"
gefs_control,2026-07-02,6,48,https://nomads.ncep.noaa.gov/pub/data/nccf/com/gens/prod/gefs.20260702/06/atmos/pgrb2sp25/gec00.t06z.pgrb2s.0p25.f048.idx,,,[],,error,4.208023099985439,,"HTTPStatusError: Client error '404 Not Found' for url 'https://nomads.ncep.noaa.gov/pub/data/nccf/com/gens/prod/gefs.20260702/06/atmos/pgrb2sp25/gec00.t06z.pgrb2s.0p25.f048.idx'
For more information check: https://developer.mozilla.org/en-US/docs/Web/HTTP/Status/404"
gefs_control,2026-07-02,12,18,https://nomads.ncep.noaa.gov/pub/data/nccf/com/gens/prod/gefs.20260702/12/atmos/pgrb2sp25/gec00.t12z.pgrb2s.0p25.f018.idx,,,[],,error,2.880746199982241,,"HTTPStatusError: Client error '404 Not Found' for url 'https://nomads.ncep.noaa.gov/pub/data/nccf/com/gens/prod/gefs.20260702/12/atmos/pgrb2sp25/gec00.t12z.pgrb2s.0p25.f018.idx'
For more information check: https://developer.mozilla.org/en-US/docs/Web/HTTP/Status/404"
gefs_control,2026-07-02,12,27,https://nomads.ncep.noaa.gov/pub/data/nccf/com/gens/prod/gefs.20260702/12/atmos/pgrb2sp25/gec00.t12z.pgrb2s.0p25.f027.idx,,,[],,error,2.737729099986609,,"HTTPStatusError: Client error '404 Not Found' for url 'https://nomads.ncep.noaa.gov/pub/data/nccf/com/gens/prod/gefs.20260702/12/atmos/pgrb2sp25/gec00.t12z.pgrb2s.0p25.f027.idx'
For more information check: https://developer.mozilla.org/en-US/docs/Web/HTTP/Status/404"
gefs_control,2026-07-02,12,36,https://nomads.ncep.noaa.gov/pub/data/nccf/com/gens/prod/gefs.20260702/12/atmos/pgrb2sp25/gec00.t12z.pgrb2s.0p25.f036.idx,,,[],,error,2.496185099997092,,"HTTPStatusError: Client error '404 Not Found' for url 'https://nomads.ncep.noaa.gov/pub/data/nccf/com/gens/prod/gefs.20260702/12/atmos/pgrb2sp25/gec00.t12z.pgrb2s.0p25.f036.idx'
For more information check: https://developer.mozilla.org/en-US/docs/Web/HTTP/Status/404"
gefs_control,2026-07-02,12,33,https://nomads.ncep.noaa.gov/pub/data/nccf/com/gens/prod/gefs.20260702/12/atmos/pgrb2sp25/gec00.t12z.pgrb2s.0p25.f033.idx,,,[],,error,2.6620070999488235,,"HTTPStatusError: Client error '404 Not Found' for url 'https://nomads.ncep.noaa.gov/pub/data/nccf/com/gens/prod/gefs.20260702/12/atmos/pgrb2sp25/gec00.t12z.pgrb2s.0p25.f033.idx'
For more information check: https://developer.mozilla.org/en-US/docs/Web/HTTP/Status/404"
gefs_control,2026-07-02,12,24,https://nomads.ncep.noaa.gov/pub/data/nccf/com/gens/prod/gefs.20260702/12/atmos/pgrb2sp25/gec00.t12z.pgrb2s.0p25.f024.idx,,,[],,error,3.0535122000146657,,"HTTPStatusError: Client error '404 Not Found' for url 'https://nomads.ncep.noaa.gov/pub/data/nccf/com/gens/prod/gefs.20260702/12/atmos/pgrb2sp25/gec00.t12z.pgrb2s.0p25.f024.idx'
For more information check: https://developer.mozilla.org/en-US/docs/Web/HTTP/Status/404"
gefs_control,2026-07-02,12,30,https://nomads.ncep.noaa.gov/pub/data/nccf/com/gens/prod/gefs.20260702/12/atmos/pgrb2sp25/gec00.t12z.pgrb2s.0p25.f030.idx,,,[],,error,2.8574737000162713,,"HTTPStatusError: Client error '404 Not Found' for url 'https://nomads.ncep.noaa.gov/pub/data/nccf/com/gens/prod/gefs.20260702/12/atmos/pgrb2sp25/gec00.t12z.pgrb2s.0p25.f030.idx'
For more information check: https://developer.mozilla.org/en-US/docs/Web/HTTP/Status/404"
gefs_control,2026-07-02,12,6,https://nomads.ncep.noaa.gov/pub/data/nccf/com/gens/prod/gefs.20260702/12/atmos/pgrb2sp25/gec00.t12z.pgrb2s.0p25.f006.idx,,,[],,error,4.47554349998245,,"HTTPStatusError: Client error '404 Not Found' for url 'https://nomads.ncep.noaa.gov/pub/data/nccf/com/gens/prod/gefs.20260702/12/atmos/pgrb2sp25/gec00.t12z.pgrb2s.0p25.f006.idx'
For more information check: https://developer.mozilla.org/en-US/docs/Web/HTTP/Status/404"
gefs_control,2026-07-02,12,9,https://nomads.ncep.noaa.gov/pub/data/nccf/com/gens/prod/gefs.20260702/12/atmos/pgrb2sp25/gec00.t12z.pgrb2s.0p25.f009.idx,,,[],,error,4.318765600037295,,"HTTPStatusError: Client error '404 Not Found' for url 'https://nomads.ncep.noaa.gov/pub/data/nccf/com/gens/prod/gefs.20260702/12/atmos/pgrb2sp25/gec00.t12z.pgrb2s.0p25.f009.idx'
For more information check: https://developer.mozilla.org/en-US/docs/Web/HTTP/Status/404"
gefs_control,2026-07-02,12,0,https://nomads.ncep.noaa.gov/pub/data/nccf/com/gens/prod/gefs.20260702/12/atmos/pgrb2sp25/gec00.t12z.pgrb2s.0p25.f000.idx,,,[],,error,4.751622199953999,,"HTTPStatusError: Client error '404 Not Found' for url 'https://nomads.ncep.noaa.gov/pub/data/nccf/com/gens/prod/gefs.20260702/12/atmos/pgrb2sp25/gec00.t12z.pgrb2s.0p25.f000.idx'
For more information check: https://developer.mozilla.org/en-US/docs/Web/HTTP/Status/404"
gefs_control,2026-07-02,12,12,https://nomads.ncep.noaa.gov/pub/data/nccf/com/gens/prod/gefs.20260702/12/atmos/pgrb2sp25/gec00.t12z.pgrb2s.0p25.f012.idx,,,[],,error,4.269458100025076,,"HTTPStatusError: Client error '404 Not Found' for url 'https://nomads.ncep.noaa.gov/pub/data/nccf/com/gens/prod/gefs.20260702/12/atmos/pgrb2sp25/gec00.t12z.pgrb2s.0p25.f012.idx'
For more information check: https://developer.mozilla.org/en-US/docs/Web/HTTP/Status/404"
gefs_control,2026-07-02,12,42,https://nomads.ncep.noaa.gov/pub/data/nccf/com/gens/prod/gefs.20260702/12/atmos/pgrb2sp25/gec00.t12z.pgrb2s.0p25.f042.idx,,,[],,error,2.6040833999868482,,"HTTPStatusError: Client error '404 Not Found' for url 'https://nomads.ncep.noaa.gov/pub/data/nccf/com/gens/prod/gefs.20260702/12/atmos/pgrb2sp25/gec00.t12z.pgrb2s.0p25.f042.idx'
For more information check: https://developer.mozilla.org/en-US/docs/Web/HTTP/Status/404"
gefs_control,2026-07-02,12,39,https://nomads.ncep.noaa.gov/pub/data/nccf/com/gens/prod/gefs.20260702/12/atmos/pgrb2sp25/gec00.t12z.pgrb2s.0p25.f039.idx,,,[],,error,2.8695534999715164,,"HTTPStatusError: Client error '404 Not Found' for url 'https://nomads.ncep.noaa.gov/pub/data/nccf/com/gens/prod/gefs.20260702/12/atmos/pgrb2sp25/gec00.t12z.pgrb2s.0p25.f039.idx'
For more information check: https://developer.mozilla.org/en-US/docs/Web/HTTP/Status/404"
gefs_control,2026-07-02,12,45,https://nomads.ncep.noaa.gov/pub/data/nccf/com/gens/prod/gefs.20260702/12/atmos/pgrb2sp25/gec00.t12z.pgrb2s.0p25.f045.idx,,,[],,error,2.5071182000101544,,"HTTPStatusError: Client error '404 Not Found' for url 'https://nomads.ncep.noaa.gov/pub/data/nccf/com/gens/prod/gefs.20260702/12/atmos/pgrb2sp25/gec00.t12z.pgrb2s.0p25.f045.idx'
For more information check: https://developer.mozilla.org/en-US/docs/Web/HTTP/Status/404"
gefs_control,2026-07-02,6,12,https://nomads.ncep.noaa.gov/pub/data/nccf/com/gens/prod/gefs.20260702/06/atmos/pgrb2sp25/gec00.t06z.pgrb2s.0p25.f012.idx,,,[],,error,6.957947300048545,,"HTTPStatusError: Client error '404 Not Found' for url 'https://nomads.ncep.noaa.gov/pub/data/nccf/com/gens/prod/gefs.20260702/06/atmos/pgrb2sp25/gec00.t06z.pgrb2s.0p25.f012.idx'
For more information check: https://developer.mozilla.org/en-US/docs/Web/HTTP/Status/404"
gefs_control,2026-07-02,12,21,https://nomads.ncep.noaa.gov/pub/data/nccf/com/gens/prod/gefs.20260702/12/atmos/pgrb2sp25/gec00.t12z.pgrb2s.0p25.f021.idx,,,[],,error,4.035946600022726,,"HTTPStatusError: Client error '404 Not Found' for url 'https://nomads.ncep.noaa.gov/pub/data/nccf/com/gens/prod/gefs.20260702/12/atmos/pgrb2sp25/gec00.t12z.pgrb2s.0p25.f021.idx'
For more information check: https://developer.mozilla.org/en-US/docs/Web/HTTP/Status/404"
gefs_control,2026-07-02,12,48,https://nomads.ncep.noaa.gov/pub/data/nccf/com/gens/prod/gefs.20260702/12/atmos/pgrb2sp25/gec00.t12z.pgrb2s.0p25.f048.idx,,,[],,error,1.8309088999521919,,"HTTPStatusError: Client error '404 Not Found' for url 'https://nomads.ncep.noaa.gov/pub/data/nccf/com/gens/prod/gefs.20260702/12/atmos/pgrb2sp25/gec00.t12z.pgrb2s.0p25.f048.idx'
For more information check: https://developer.mozilla.org/en-US/docs/Web/HTTP/Status/404"
gefs_control,2026-07-02,18,3,https://nomads.ncep.noaa.gov/pub/data/nccf/com/gens/prod/gefs.20260702/18/atmos/pgrb2sp25/gec00.t18z.pgrb2s.0p25.f003.idx,,,[],,error,2.24257340002805,,"HTTPStatusError: Client error '404 Not Found' for url 'https://nomads.ncep.noaa.gov/pub/data/nccf/com/gens/prod/gefs.20260702/18/atmos/pgrb2sp25/gec00.t18z.pgrb2s.0p25.f003.idx'
For more information check: https://developer.mozilla.org/en-US/docs/Web/HTTP/Status/404"
gefs_control,2026-07-02,18,9,https://nomads.ncep.noaa.gov/pub/data/nccf/com/gens/prod/gefs.20260702/18/atmos/pgrb2sp25/gec00.t18z.pgrb2s.0p25.f009.idx,,,[],,error,2.375298400002066,,"HTTPStatusError: Client error '404 Not Found' for url 'https://nomads.ncep.noaa.gov/pub/data/nccf/com/gens/prod/gefs.20260702/18/atmos/pgrb2sp25/gec00.t18z.pgrb2s.0p25.f009.idx'
For more information check: https://developer.mozilla.org/en-US/docs/Web/HTTP/Status/404"
gefs_control,2026-07-02,18,6,https://nomads.ncep.noaa.gov/pub/data/nccf/com/gens/prod/gefs.20260702/18/atmos/pgrb2sp25/gec00.t18z.pgrb2s.0p25.f006.idx,,,[],,error,2.6722039000014775,,"HTTPStatusError: Client error '404 Not Found' for url 'https://nomads.ncep.noaa.gov/pub/data/nccf/com/gens/prod/gefs.20260702/18/atmos/pgrb2sp25/gec00.t18z.pgrb2s.0p25.f006.idx'
For more information check: https://developer.mozilla.org/en-US/docs/Web/HTTP/Status/404"
gefs_control,2026-07-02,18,12,https://nomads.ncep.noaa.gov/pub/data/nccf/com/gens/prod/gefs.20260702/18/atmos/pgrb2sp25/gec00.t18z.pgrb2s.0p25.f012.idx,,,[],,error,2.509742100024596,,"HTTPStatusError: Client error '404 Not Found' for url 'https://nomads.ncep.noaa.gov/pub/data/nccf/com/gens/prod/gefs.20260702/18/atmos/pgrb2sp25/gec00.t18z.pgrb2s.0p25.f012.idx'
For more information check: https://developer.mozilla.org/en-US/docs/Web/HTTP/Status/404"
gefs_control,2026-07-02,18,36,https://nomads.ncep.noaa.gov/pub/data/nccf/com/gens/prod/gefs.20260702/18/atmos/pgrb2sp25/gec00.t18z.pgrb2s.0p25.f036.idx,,,[],,error,2.3550898999674246,,"HTTPStatusError: Client error '404 Not Found' for url 'https://nomads.ncep.noaa.gov/pub/data/nccf/com/gens/prod/gefs.20260702/18/atmos/pgrb2sp25/gec00.t18z.pgrb2s.0p25.f036.idx'
For more information check: https://developer.mozilla.org/en-US/docs/Web/HTTP/Status/404"
gefs_control,2026-07-02,6,27,https://nomads.ncep.noaa.gov/pub/data/nccf/com/gens/prod/gefs.20260702/06/atmos/pgrb2sp25/gec00.t06z.pgrb2s.0p25.f027.idx,,,[],,error,8.776922899996862,,"HTTPStatusError: Client error '404 Not Found' for url 'https://nomads.ncep.noaa.gov/pub/data/nccf/com/gens/prod/gefs.20260702/06/atmos/pgrb2sp25/gec00.t06z.pgrb2s.0p25.f027.idx'
For more information check: https://developer.mozilla.org/en-US/docs/Web/HTTP/Status/404"
gefs_control,2026-07-02,6,30,https://nomads.ncep.noaa.gov/pub/data/nccf/com/gens/prod/gefs.20260702/06/atmos/pgrb2sp25/gec00.t06z.pgrb2s.0p25.f030.idx,,,[],,error,8.451320799998939,,"HTTPStatusError: Client error '404 Not Found' for url 'https://nomads.ncep.noaa.gov/pub/data/nccf/com/gens/prod/gefs.20260702/06/atmos/pgrb2sp25/gec00.t06z.pgrb2s.0p25.f030.idx'
For more information check: https://developer.mozilla.org/en-US/docs/Web/HTTP/Status/404"
gefs_control,2026-07-02,18,15,https://nomads.ncep.noaa.gov/pub/data/nccf/com/gens/prod/gefs.20260702/18/atmos/pgrb2sp25/gec00.t18z.pgrb2s.0p25.f015.idx,,,[],,error,3.0033184999483638,,"HTTPStatusError: Client error '404 Not Found' for url 'https://nomads.ncep.noaa.gov/pub/data/nccf/com/gens/prod/gefs.20260702/18/atmos/pgrb2sp25/gec00.t18z.pgrb2s.0p25.f015.idx'
For more information check: https://developer.mozilla.org/en-US/docs/Web/HTTP/Status/404"
gefs_control,2026-07-02,18,18,https://nomads.ncep.noaa.gov/pub/data/nccf/com/gens/prod/gefs.20260702/18/atmos/pgrb2sp25/gec00.t18z.pgrb2s.0p25.f018.idx,,,[],,error,3.0433574999915436,,"HTTPStatusError: Client error '404 Not Found' for url 'https://nomads.ncep.noaa.gov/pub/data/nccf/com/gens/prod/gefs.20260702/18/atmos/pgrb2sp25/gec00.t18z.pgrb2s.0p25.f018.idx'
For more information check: https://developer.mozilla.org/en-US/docs/Web/HTTP/Status/404"
gefs_control,2026-07-02,6,36,https://nomads.ncep.noaa.gov/pub/data/nccf/com/gens/prod/gefs.20260702/06/atmos/pgrb2sp25/gec00.t06z.pgrb2s.0p25.f036.idx,,,[],,error,8.407729400030803,,"HTTPStatusError: Client error '404 Not Found' for url 'https://nomads.ncep.noaa.gov/pub/data/nccf/com/gens/prod/gefs.20260702/06/atmos/pgrb2sp25/gec00.t06z.pgrb2s.0p25.f036.idx'
For more information check: https://developer.mozilla.org/en-US/docs/Web/HTTP/Status/404"
gefs_control,2026-07-02,18,48,https://nomads.ncep.noaa.gov/pub/data/nccf/com/gens/prod/gefs.20260702/18/atmos/pgrb2sp25/gec00.t18z.pgrb2s.0p25.f048.idx,,,[],,error,2.420652100001462,,"HTTPStatusError: Client error '404 Not Found' for url 'https://nomads.ncep.noaa.gov/pub/data/nccf/com/gens/prod/gefs.20260702/18/atmos/pgrb2sp25/gec00.t18z.pgrb2s.0p25.f048.idx'
For more information check: https://developer.mozilla.org/en-US/docs/Web/HTTP/Status/404"
gefs_control,2026-07-02,18,33,https://nomads.ncep.noaa.gov/pub/data/nccf/com/gens/prod/gefs.20260702/18/atmos/pgrb2sp25/gec00.t18z.pgrb2s.0p25.f033.idx,,,[],,error,3.2293310000095516,,"HTTPStatusError: Client error '404 Not Found' for url 'https://nomads.ncep.noaa.gov/pub/data/nccf/com/gens/prod/gefs.20260702/18/atmos/pgrb2sp25/gec00.t18z.pgrb2s.0p25.f033.idx'
For more information check: https://developer.mozilla.org/en-US/docs/Web/HTTP/Status/404"
gefs_control,2026-07-02,18,0,https://nomads.ncep.noaa.gov/pub/data/nccf/com/gens/prod/gefs.20260702/18/atmos/pgrb2sp25/gec00.t18z.pgrb2s.0p25.f000.idx,,,[],,error,4.308591999986675,,"HTTPStatusError: Client error '404 Not Found' for url 'https://nomads.ncep.noaa.gov/pub/data/nccf/com/gens/prod/gefs.20260702/18/atmos/pgrb2sp25/gec00.t18z.pgrb2s.0p25.f000.idx'
For more information check: https://developer.mozilla.org/en-US/docs/Web/HTTP/Status/404"
gefs_control,2026-07-02,18,39,https://nomads.ncep.noaa.gov/pub/data/nccf/com/gens/prod/gefs.20260702/18/atmos/pgrb2sp25/gec00.t18z.pgrb2s.0p25.f039.idx,,,[],,error,3.311507200007327,,"HTTPStatusError: Client error '404 Not Found' for url 'https://nomads.ncep.noaa.gov/pub/data/nccf/com/gens/prod/gefs.20260702/18/atmos/pgrb2sp25/gec00.t18z.pgrb2s.0p25.f039.idx'
For more information check: https://developer.mozilla.org/en-US/docs/Web/HTTP/Status/404"
gfs,2026-07-03,0,3,https://nomads.ncep.noaa.gov/pub/data/nccf/com/gfs/prod/gfs.20260703/00/atmos/gfs.t00z.pgrb2.0p25.f003.idx,743.0,89.0,"['4LFTX', 'ABSV', 'ACPCP', 'ALBDO', 'APCP', 'APTMP', 'CAPE', 'CFRZR', 'CICEP', 'CIN', 'CLWMR', 'CNWAT', 'CPOFP', 'CPRAT', 'CRAIN', 'CSNOW', 'CWAT', 'CWORK', 'DLWRF', 'DPT', 'DSWRF', 'DZDT', 'FLDCP', 'FRICV', 'GFLUX', 'GRLE', 'GUST', 'HCDC', 'HGT', 'HINDEX', 'HLCY', 'HPBL', 'ICAHT', 'ICEC', 'ICEG', 'ICETK', 'ICETMP', 'ICMR', 'LAND', 'LCDC', 'LFTX', 'LHTFL', 'MCDC', 'MSLET', 'O3MR', 'PEVPR', 'PLPL', 'POT', 'PRATE', 'PRES', 'PRMSL', 'PWAT', 'REFC', 'REFD', 'RH', 'RWMR', 'SFCR', 'SHTFL', 'SNMR', 'SNOD', 'SOILL', 'SOILW', 'SOTYP', 'SPFH', 'SUNSD', 'TCDC', 'TMAX', 'TMIN', 'TMP', 'TOZNE', 'TSOIL', 'U-GWD', 'UFLX', 'UGRD', 'ULWRF', 'USTM', 'USWRF', 'V-GWD', 'VEG', 'VFLX', 'VGRD', 'VIS', 'VRATE', 'VSTM', 'VVEL', 'VWSH', 'WATR', 'WEASD', 'WILT']",731.0,ok,2.0391427999711595,2026-07-03T03:35:00Z,
gfs,2026-07-03,0,0,https://nomads.ncep.noaa.gov/pub/data/nccf/com/gfs/prod/gfs.20260703/00/atmos/gfs.t00z.pgrb2.0p25.f000.idx,696.0,69.0,"['4LFTX', 'ABSV', 'APTMP', 'CAPE', 'CFRZR', 'CICEP', 'CIN', 'CLWMR', 'CNWAT', 'CPOFP', 'CRAIN', 'CSNOW', 'CWAT', 'DPT', 'DZDT', 'FLDCP', 'FRICV', 'GRLE', 'GUST', 'HCDC', 'HGT', 'HINDEX', 'HLCY', 'HPBL', 'ICAHT', 'ICEC', 'ICEG', 'ICETK', 'ICETMP', 'ICMR', 'LAND', 'LCDC', 'LFTX', 'MCDC', 'MSLET', 'O3MR', 'PLPL', 'POT', 'PRATE', 'PRES', 'PRMSL', 'PWAT', 'REFC', 'REFD', 'RH', 'RWMR', 'SFCR', 'SNMR', 'SNOD', 'SOILL', 'SOILW', 'SOTYP', 'SPFH', 'SUNSD', 'TCDC', 'TMP', 'TOZNE', 'TSOIL', 'UGRD', 'USTM', 'VEG', 'VGRD', 'VIS', 'VRATE', 'VSTM', 'VVEL', 'VWSH', 'WEASD', 'WILT']",696.0,ok,2.809926399961114,2026-07-03T03:34:19Z,
gfs,2026-07-03,0,12,https://nomads.ncep.noaa.gov/pub/data/nccf/com/gfs/prod/gfs.20260703/00/atmos/gfs.t00z.pgrb2.0p25.f012.idx,743.0,89.0,"['4LFTX', 'ABSV', 'ACPCP', 'ALBDO', 'APCP', 'APTMP', 'CAPE', 'CFRZR', 'CICEP', 'CIN', 'CLWMR', 'CNWAT', 'CPOFP', 'CPRAT', 'CRAIN', 'CSNOW', 'CWAT', 'CWORK', 'DLWRF', 'DPT', 'DSWRF', 'DZDT', 'FLDCP', 'FRICV', 'GFLUX', 'GRLE', 'GUST', 'HCDC', 'HGT', 'HINDEX', 'HLCY', 'HPBL', 'ICAHT', 'ICEC', 'ICEG', 'ICETK', 'ICETMP', 'ICMR', 'LAND', 'LCDC', 'LFTX', 'LHTFL', 'MCDC', 'MSLET', 'O3MR', 'PEVPR', 'PLPL', 'POT', 'PRATE', 'PRES', 'PRMSL', 'PWAT', 'REFC', 'REFD', 'RH', 'RWMR', 'SFCR', 'SHTFL', 'SNMR', 'SNOD', 'SOILL', 'SOILW', 'SOTYP', 'SPFH', 'SUNSD', 'TCDC', 'TMAX', 'TMIN', 'TMP', 'TOZNE', 'TSOIL', 'U-GWD', 'UFLX', 'UGRD', 'ULWRF', 'USTM', 'USWRF', 'V-GWD', 'VEG', 'VFLX', 'VGRD', 'VIS', 'VRATE', 'VSTM', 'VVEL', 'VWSH', 'WATR', 'WEASD', 'WILT']",731.0,ok,2.0493943000328727,2026-07-03T03:38:03Z,
gfs,2026-07-03,0,9,https://nomads.ncep.noaa.gov/pub/data/nccf/com/gfs/prod/gfs.20260703/00/atmos/gfs.t00z.pgrb2.0p25.f009.idx,743.0,89.0,"['4LFTX', 'ABSV', 'ACPCP', 'ALBDO', 'APCP', 'APTMP', 'CAPE', 'CFRZR', 'CICEP', 'CIN', 'CLWMR', 'CNWAT', 'CPOFP', 'CPRAT', 'CRAIN', 'CSNOW', 'CWAT', 'CWORK', 'DLWRF', 'DPT', 'DSWRF', 'DZDT', 'FLDCP', 'FRICV', 'GFLUX', 'GRLE', 'GUST', 'HCDC', 'HGT', 'HINDEX', 'HLCY', 'HPBL', 'ICAHT', 'ICEC', 'ICEG', 'ICETK', 'ICETMP', 'ICMR', 'LAND', 'LCDC', 'LFTX', 'LHTFL', 'MCDC', 'MSLET', 'O3MR', 'PEVPR', 'PLPL', 'POT', 'PRATE', 'PRES', 'PRMSL', 'PWAT', 'REFC', 'REFD', 'RH', 'RWMR', 'SFCR', 'SHTFL', 'SNMR', 'SNOD', 'SOILL', 'SOILW', 'SOTYP', 'SPFH', 'SUNSD', 'TCDC', 'TMAX', 'TMIN', 'TMP', 'TOZNE', 'TSOIL', 'U-GWD', 'UFLX', 'UGRD', 'ULWRF', 'USTM', 'USWRF', 'V-GWD', 'VEG', 'VFLX', 'VGRD', 'VIS', 'VRATE', 'VSTM', 'VVEL', 'VWSH', 'WATR', 'WEASD', 'WILT']",731.0,ok,2.4041774999932386,2026-07-03T03:36:54Z,
gfs,2026-07-03,0,6,https://nomads.ncep.noaa.gov/pub/data/nccf/com/gfs/prod/gfs.20260703/00/atmos/gfs.t00z.pgrb2.0p25.f006.idx,743.0,89.0,"['4LFTX', 'ABSV', 'ACPCP', 'ALBDO', 'APCP', 'APTMP', 'CAPE', 'CFRZR', 'CICEP', 'CIN', 'CLWMR', 'CNWAT', 'CPOFP', 'CPRAT', 'CRAIN', 'CSNOW', 'CWAT', 'CWORK', 'DLWRF', 'DPT', 'DSWRF', 'DZDT', 'FLDCP', 'FRICV', 'GFLUX', 'GRLE', 'GUST', 'HCDC', 'HGT', 'HINDEX', 'HLCY', 'HPBL', 'ICAHT', 'ICEC', 'ICEG', 'ICETK', 'ICETMP', 'ICMR', 'LAND', 'LCDC', 'LFTX', 'LHTFL', 'MCDC', 'MSLET', 'O3MR', 'PEVPR', 'PLPL', 'POT', 'PRATE', 'PRES', 'PRMSL', 'PWAT', 'REFC', 'REFD', 'RH', 'RWMR', 'SFCR', 'SHTFL', 'SNMR', 'SNOD', 'SOILL', 'SOILW', 'SOTYP', 'SPFH', 'SUNSD', 'TCDC', 'TMAX', 'TMIN', 'TMP', 'TOZNE', 'TSOIL', 'U-GWD', 'UFLX', 'UGRD', 'ULWRF', 'USTM', 'USWRF', 'V-GWD', 'VEG', 'VFLX', 'VGRD', 'VIS', 'VRATE', 'VSTM', 'VVEL', 'VWSH', 'WATR', 'WEASD', 'WILT']",731.0,ok,2.533412299992051,2026-07-03T03:36:01Z,
gfs,2026-07-03,0,21,https://nomads.ncep.noaa.gov/pub/data/nccf/com/gfs/prod/gfs.20260703/00/atmos/gfs.t00z.pgrb2.0p25.f021.idx,743.0,89.0,"['4LFTX', 'ABSV', 'ACPCP', 'ALBDO', 'APCP', 'APTMP', 'CAPE', 'CFRZR', 'CICEP', 'CIN', 'CLWMR', 'CNWAT', 'CPOFP', 'CPRAT', 'CRAIN', 'CSNOW', 'CWAT', 'CWORK', 'DLWRF', 'DPT', 'DSWRF', 'DZDT', 'FLDCP', 'FRICV', 'GFLUX', 'GRLE', 'GUST', 'HCDC', 'HGT', 'HINDEX', 'HLCY', 'HPBL', 'ICAHT', 'ICEC', 'ICEG', 'ICETK', 'ICETMP', 'ICMR', 'LAND', 'LCDC', 'LFTX', 'LHTFL', 'MCDC', 'MSLET', 'O3MR', 'PEVPR', 'PLPL', 'POT', 'PRATE', 'PRES', 'PRMSL', 'PWAT', 'REFC', 'REFD', 'RH', 'RWMR', 'SFCR', 'SHTFL', 'SNMR', 'SNOD', 'SOILL', 'SOILW', 'SOTYP', 'SPFH', 'SUNSD', 'TCDC', 'TMAX', 'TMIN', 'TMP', 'TOZNE', 'TSOIL', 'U-GWD', 'UFLX', 'UGRD', 'ULWRF', 'USTM', 'USWRF', 'V-GWD', 'VEG', 'VFLX', 'VGRD', 'VIS', 'VRATE', 'VSTM', 'VVEL', 'VWSH', 'WATR', 'WEASD', 'WILT']",731.0,ok,2.287468300026376,2026-07-03T03:40:36Z,
gfs,2026-07-03,0,30,https://nomads.ncep.noaa.gov/pub/data/nccf/com/gfs/prod/gfs.20260703/00/atmos/gfs.t00z.pgrb2.0p25.f030.idx,743.0,89.0,"['4LFTX', 'ABSV', 'ACPCP', 'ALBDO', 'APCP', 'APTMP', 'CAPE', 'CFRZR', 'CICEP', 'CIN', 'CLWMR', 'CNWAT', 'CPOFP', 'CPRAT', 'CRAIN', 'CSNOW', 'CWAT', 'CWORK', 'DLWRF', 'DPT', 'DSWRF', 'DZDT', 'FLDCP', 'FRICV', 'GFLUX', 'GRLE', 'GUST', 'HCDC', 'HGT', 'HINDEX', 'HLCY', 'HPBL', 'ICAHT', 'ICEC', 'ICEG', 'ICETK', 'ICETMP', 'ICMR', 'LAND', 'LCDC', 'LFTX', 'LHTFL', 'MCDC', 'MSLET', 'O3MR', 'PEVPR', 'PLPL', 'POT', 'PRATE', 'PRES', 'PRMSL', 'PWAT', 'REFC', 'REFD', 'RH', 'RWMR', 'SFCR', 'SHTFL', 'SNMR', 'SNOD', 'SOILL', 'SOILW', 'SOTYP', 'SPFH', 'SUNSD', 'TCDC', 'TMAX', 'TMIN', 'TMP', 'TOZNE', 'TSOIL', 'U-GWD', 'UFLX', 'UGRD', 'ULWRF', 'USTM', 'USWRF', 'V-GWD', 'VEG', 'VFLX', 'VGRD', 'VIS', 'VRATE', 'VSTM', 'VVEL', 'VWSH', 'WATR', 'WEASD', 'WILT']",731.0,ok,1.9753136000363156,2026-07-03T03:42:56Z,
gefs_control,2026-07-02,18,27,https://nomads.ncep.noaa.gov/pub/data/nccf/com/gens/prod/gefs.20260702/18/atmos/pgrb2sp25/gec00.t18z.pgrb2s.0p25.f027.idx,,,[],,error,5.548553500033449,,"HTTPStatusError: Client error '404 Not Found' for url 'https://nomads.ncep.noaa.gov/pub/data/nccf/com/gens/prod/gefs.20260702/18/atmos/pgrb2sp25/gec00.t18z.pgrb2s.0p25.f027.idx'
For more information check: https://developer.mozilla.org/en-US/docs/Web/HTTP/Status/404"
gefs_control,2026-07-02,18,21,https://nomads.ncep.noaa.gov/pub/data/nccf/com/gens/prod/gefs.20260702/18/atmos/pgrb2sp25/gec00.t18z.pgrb2s.0p25.f021.idx,,,[],,error,5.607093500031624,,"HTTPStatusError: Client error '404 Not Found' for url 'https://nomads.ncep.noaa.gov/pub/data/nccf/com/gens/prod/gefs.20260702/18/atmos/pgrb2sp25/gec00.t18z.pgrb2s.0p25.f021.idx'
For more information check: https://developer.mozilla.org/en-US/docs/Web/HTTP/Status/404"
gefs_control,2026-07-02,18,24,https://nomads.ncep.noaa.gov/pub/data/nccf/com/gens/prod/gefs.20260702/18/atmos/pgrb2sp25/gec00.t18z.pgrb2s.0p25.f024.idx,,,[],,error,5.5934626999660395,,"HTTPStatusError: Client error '404 Not Found' for url 'https://nomads.ncep.noaa.gov/pub/data/nccf/com/gens/prod/gefs.20260702/18/atmos/pgrb2sp25/gec00.t18z.pgrb2s.0p25.f024.idx'
For more information check: https://developer.mozilla.org/en-US/docs/Web/HTTP/Status/404"
gefs_control,2026-07-02,18,42,https://nomads.ncep.noaa.gov/pub/data/nccf/com/gens/prod/gefs.20260702/18/atmos/pgrb2sp25/gec00.t18z.pgrb2s.0p25.f042.idx,,,[],,error,5.1011852999799885,,"HTTPStatusError: Client error '404 Not Found' for url 'https://nomads.ncep.noaa.gov/pub/data/nccf/com/gens/prod/gefs.20260702/18/atmos/pgrb2sp25/gec00.t18z.pgrb2s.0p25.f042.idx'
For more information check: https://developer.mozilla.org/en-US/docs/Web/HTTP/Status/404"
gfs,2026-07-03,0,24,https://nomads.ncep.noaa.gov/pub/data/nccf/com/gfs/prod/gfs.20260703/00/atmos/gfs.t00z.pgrb2.0p25.f024.idx,743.0,89.0,"['4LFTX', 'ABSV', 'ACPCP', 'ALBDO', 'APCP', 'APTMP', 'CAPE', 'CFRZR', 'CICEP', 'CIN', 'CLWMR', 'CNWAT', 'CPOFP', 'CPRAT', 'CRAIN', 'CSNOW', 'CWAT', 'CWORK', 'DLWRF', 'DPT', 'DSWRF', 'DZDT', 'FLDCP', 'FRICV', 'GFLUX', 'GRLE', 'GUST', 'HCDC', 'HGT', 'HINDEX', 'HLCY', 'HPBL', 'ICAHT', 'ICEC', 'ICEG', 'ICETK', 'ICETMP', 'ICMR', 'LAND', 'LCDC', 'LFTX', 'LHTFL', 'MCDC', 'MSLET', 'O3MR', 'PEVPR', 'PLPL', 'POT', 'PRATE', 'PRES', 'PRMSL', 'PWAT', 'REFC', 'REFD', 'RH', 'RWMR', 'SFCR', 'SHTFL', 'SNMR', 'SNOD', 'SOILL', 'SOILW', 'SOTYP', 'SPFH', 'SUNSD', 'TCDC', 'TMAX', 'TMIN', 'TMP', 'TOZNE', 'TSOIL', 'U-GWD', 'UFLX', 'UGRD', 'ULWRF', 'USTM', 'USWRF', 'V-GWD', 'VEG', 'VFLX', 'VGRD', 'VIS', 'VRATE', 'VSTM', 'VVEL', 'VWSH', 'WATR', 'WEASD', 'WILT']",731.0,ok,2.6858540999819525,2026-07-03T03:42:00Z,
gefs_control,2026-07-02,18,30,https://nomads.ncep.noaa.gov/pub/data/nccf/com/gens/prod/gefs.20260702/18/atmos/pgrb2sp25/gec00.t18z.pgrb2s.0p25.f030.idx,,,[],,error,5.585527500021271,,"HTTPStatusError: Client error '404 Not Found' for url 'https://nomads.ncep.noaa.gov/pub/data/nccf/com/gens/prod/gefs.20260702/18/atmos/pgrb2sp25/gec00.t18z.pgrb2s.0p25.f030.idx'
For more information check: https://developer.mozilla.org/en-US/docs/Web/HTTP/Status/404"
gefs_control,2026-07-02,18,45,https://nomads.ncep.noaa.gov/pub/data/nccf/com/gens/prod/gefs.20260702/18/atmos/pgrb2sp25/gec00.t18z.pgrb2s.0p25.f045.idx,,,[],,error,5.295695899985731,,"HTTPStatusError: Client error '404 Not Found' for url 'https://nomads.ncep.noaa.gov/pub/data/nccf/com/gens/prod/gefs.20260702/18/atmos/pgrb2sp25/gec00.t18z.pgrb2s.0p25.f045.idx'
For more information check: https://developer.mozilla.org/en-US/docs/Web/HTTP/Status/404"
gfs,2026-07-03,0,42,https://nomads.ncep.noaa.gov/pub/data/nccf/com/gfs/prod/gfs.20260703/00/atmos/gfs.t00z.pgrb2.0p25.f042.idx,743.0,89.0,"['4LFTX', 'ABSV', 'ACPCP', 'ALBDO', 'APCP', 'APTMP', 'CAPE', 'CFRZR', 'CICEP', 'CIN', 'CLWMR', 'CNWAT', 'CPOFP', 'CPRAT', 'CRAIN', 'CSNOW', 'CWAT', 'CWORK', 'DLWRF', 'DPT', 'DSWRF', 'DZDT', 'FLDCP', 'FRICV', 'GFLUX', 'GRLE', 'GUST', 'HCDC', 'HGT', 'HINDEX', 'HLCY', 'HPBL', 'ICAHT', 'ICEC', 'ICEG', 'ICETK', 'ICETMP', 'ICMR', 'LAND', 'LCDC', 'LFTX', 'LHTFL', 'MCDC', 'MSLET', 'O3MR', 'PEVPR', 'PLPL', 'POT', 'PRATE', 'PRES', 'PRMSL', 'PWAT', 'REFC', 'REFD', 'RH', 'RWMR', 'SFCR', 'SHTFL', 'SNMR', 'SNOD', 'SOILL', 'SOILW', 'SOTYP', 'SPFH', 'SUNSD', 'TCDC', 'TMAX', 'TMIN', 'TMP', 'TOZNE', 'TSOIL', 'U-GWD', 'UFLX', 'UGRD', 'ULWRF', 'USTM', 'USWRF', 'V-GWD', 'VEG', 'VFLX', 'VGRD', 'VIS', 'VRATE', 'VSTM', 'VVEL', 'VWSH', 'WATR', 'WEASD', 'WILT']",731.0,ok,1.847516900044866,2026-07-03T03:45:43Z,
gfs,2026-07-03,0,33,https://nomads.ncep.noaa.gov/pub/data/nccf/com/gfs/prod/gfs.20260703/00/atmos/gfs.t00z.pgrb2.0p25.f033.idx,743.0,89.0,"['4LFTX', 'ABSV', 'ACPCP', 'ALBDO', 'APCP', 'APTMP', 'CAPE', 'CFRZR', 'CICEP', 'CIN', 'CLWMR', 'CNWAT', 'CPOFP', 'CPRAT', 'CRAIN', 'CSNOW', 'CWAT', 'CWORK', 'DLWRF', 'DPT', 'DSWRF', 'DZDT', 'FLDCP', 'FRICV', 'GFLUX', 'GRLE', 'GUST', 'HCDC', 'HGT', 'HINDEX', 'HLCY', 'HPBL', 'ICAHT', 'ICEC', 'ICEG', 'ICETK', 'ICETMP', 'ICMR', 'LAND', 'LCDC', 'LFTX', 'LHTFL', 'MCDC', 'MSLET', 'O3MR', 'PEVPR', 'PLPL', 'POT', 'PRATE', 'PRES', 'PRMSL', 'PWAT', 'REFC', 'REFD', 'RH', 'RWMR', 'SFCR', 'SHTFL', 'SNMR', 'SNOD', 'SOILL', 'SOILW', 'SOTYP', 'SPFH', 'SUNSD', 'TCDC', 'TMAX', 'TMIN', 'TMP', 'TOZNE', 'TSOIL', 'U-GWD', 'UFLX', 'UGRD', 'ULWRF', 'USTM', 'USWRF', 'V-GWD', 'VEG', 'VFLX', 'VGRD', 'VIS', 'VRATE', 'VSTM', 'VVEL', 'VWSH', 'WATR', 'WEASD', 'WILT']",731.0,ok,2.563878200016916,2026-07-03T03:43:07Z,
gfs,2026-07-03,0,39,https://nomads.ncep.noaa.gov/pub/data/nccf/com/gfs/prod/gfs.20260703/00/atmos/gfs.t00z.pgrb2.0p25.f039.idx,743.0,89.0,"['4LFTX', 'ABSV', 'ACPCP', 'ALBDO', 'APCP', 'APTMP', 'CAPE', 'CFRZR', 'CICEP', 'CIN', 'CLWMR', 'CNWAT', 'CPOFP', 'CPRAT', 'CRAIN', 'CSNOW', 'CWAT', 'CWORK', 'DLWRF', 'DPT', 'DSWRF', 'DZDT', 'FLDCP', 'FRICV', 'GFLUX', 'GRLE', 'GUST', 'HCDC', 'HGT', 'HINDEX', 'HLCY', 'HPBL', 'ICAHT', 'ICEC', 'ICEG', 'ICETK', 'ICETMP', 'ICMR', 'LAND', 'LCDC', 'LFTX', 'LHTFL', 'MCDC', 'MSLET', 'O3MR', 'PEVPR', 'PLPL', 'POT', 'PRATE', 'PRES', 'PRMSL', 'PWAT', 'REFC', 'REFD', 'RH', 'RWMR', 'SFCR', 'SHTFL', 'SNMR', 'SNOD', 'SOILL', 'SOILW', 'SOTYP', 'SPFH', 'SUNSD', 'TCDC', 'TMAX', 'TMIN', 'TMP', 'TOZNE', 'TSOIL', 'U-GWD', 'UFLX', 'UGRD', 'ULWRF', 'USTM', 'USWRF', 'V-GWD', 'VEG', 'VFLX', 'VGRD', 'VIS', 'VRATE', 'VSTM', 'VVEL', 'VWSH', 'WATR', 'WEASD', 'WILT']",731.0,ok,2.3455026000156067,2026-07-03T03:45:01Z,
gfs,2026-07-03,0,48,https://nomads.ncep.noaa.gov/pub/data/nccf/com/gfs/prod/gfs.20260703/00/atmos/gfs.t00z.pgrb2.0p25.f048.idx,743.0,89.0,"['4LFTX', 'ABSV', 'ACPCP', 'ALBDO', 'APCP', 'APTMP', 'CAPE', 'CFRZR', 'CICEP', 'CIN', 'CLWMR', 'CNWAT', 'CPOFP', 'CPRAT', 'CRAIN', 'CSNOW', 'CWAT', 'CWORK', 'DLWRF', 'DPT', 'DSWRF', 'DZDT', 'FLDCP', 'FRICV', 'GFLUX', 'GRLE', 'GUST', 'HCDC', 'HGT', 'HINDEX', 'HLCY', 'HPBL', 'ICAHT', 'ICEC', 'ICEG', 'ICETK', 'ICETMP', 'ICMR', 'LAND', 'LCDC', 'LFTX', 'LHTFL', 'MCDC', 'MSLET', 'O3MR', 'PEVPR', 'PLPL', 'POT', 'PRATE', 'PRES', 'PRMSL', 'PWAT', 'REFC', 'REFD', 'RH', 'RWMR', 'SFCR', 'SHTFL', 'SNMR', 'SNOD', 'SOILL', 'SOILW', 'SOTYP', 'SPFH', 'SUNSD', 'TCDC', 'TMAX', 'TMIN', 'TMP', 'TOZNE', 'TSOIL', 'U-GWD', 'UFLX', 'UGRD', 'ULWRF', 'USTM', 'USWRF', 'V-GWD', 'VEG', 'VFLX', 'VGRD', 'VIS', 'VRATE', 'VSTM', 'VVEL', 'VWSH', 'WATR', 'WEASD', 'WILT']",731.0,ok,1.8361351999919862,2026-07-03T03:47:42Z,
gfs,2026-07-03,0,45,https://nomads.ncep.noaa.gov/pub/data/nccf/com/gfs/prod/gfs.20260703/00/atmos/gfs.t00z.pgrb2.0p25.f045.idx,743.0,89.0,"['4LFTX', 'ABSV', 'ACPCP', 'ALBDO', 'APCP', 'APTMP', 'CAPE', 'CFRZR', 'CICEP', 'CIN', 'CLWMR', 'CNWAT', 'CPOFP', 'CPRAT', 'CRAIN', 'CSNOW', 'CWAT', 'CWORK', 'DLWRF', 'DPT', 'DSWRF', 'DZDT', 'FLDCP', 'FRICV', 'GFLUX', 'GRLE', 'GUST', 'HCDC', 'HGT', 'HINDEX', 'HLCY', 'HPBL', 'ICAHT', 'ICEC', 'ICEG', 'ICETK', 'ICETMP', 'ICMR', 'LAND', 'LCDC', 'LFTX', 'LHTFL', 'MCDC', 'MSLET', 'O3MR', 'PEVPR', 'PLPL', 'POT', 'PRATE', 'PRES', 'PRMSL', 'PWAT', 'REFC', 'REFD', 'RH', 'RWMR', 'SFCR', 'SHTFL', 'SNMR', 'SNOD', 'SOILL', 'SOILW', 'SOTYP', 'SPFH', 'SUNSD', 'TCDC', 'TMAX', 'TMIN', 'TMP', 'TOZNE', 'TSOIL', 'U-GWD', 'UFLX', 'UGRD', 'ULWRF', 'USTM', 'USWRF', 'V-GWD', 'VEG', 'VFLX', 'VGRD', 'VIS', 'VRATE', 'VSTM', 'VVEL', 'VWSH', 'WATR', 'WEASD', 'WILT']",731.0,ok,2.2217628000071272,2026-07-03T03:46:32Z,
gfs,2026-07-03,6,0,https://nomads.ncep.noaa.gov/pub/data/nccf/com/gfs/prod/gfs.20260703/06/atmos/gfs.t06z.pgrb2.0p25.f000.idx,696.0,69.0,"['4LFTX', 'ABSV', 'APTMP', 'CAPE', 'CFRZR', 'CICEP', 'CIN', 'CLWMR', 'CNWAT', 'CPOFP', 'CRAIN', 'CSNOW', 'CWAT', 'DPT', 'DZDT', 'FLDCP', 'FRICV', 'GRLE', 'GUST', 'HCDC', 'HGT', 'HINDEX', 'HLCY', 'HPBL', 'ICAHT', 'ICEC', 'ICEG', 'ICETK', 'ICETMP', 'ICMR', 'LAND', 'LCDC', 'LFTX', 'MCDC', 'MSLET', 'O3MR', 'PLPL', 'POT', 'PRATE', 'PRES', 'PRMSL', 'PWAT', 'REFC', 'REFD', 'RH', 'RWMR', 'SFCR', 'SNMR', 'SNOD', 'SOILL', 'SOILW', 'SOTYP', 'SPFH', 'SUNSD', 'TCDC', 'TMP', 'TOZNE', 'TSOIL', 'UGRD', 'USTM', 'VEG', 'VGRD', 'VIS', 'VRATE', 'VSTM', 'VVEL', 'VWSH', 'WEASD', 'WILT']",696.0,ok,2.3386942999786697,2026-07-03T09:32:09Z,
gfs,2026-07-03,0,18,https://nomads.ncep.noaa.gov/pub/data/nccf/com/gfs/prod/gfs.20260703/00/atmos/gfs.t00z.pgrb2.0p25.f018.idx,743.0,89.0,"['4LFTX', 'ABSV', 'ACPCP', 'ALBDO', 'APCP', 'APTMP', 'CAPE', 'CFRZR', 'CICEP', 'CIN', 'CLWMR', 'CNWAT', 'CPOFP', 'CPRAT', 'CRAIN', 'CSNOW', 'CWAT', 'CWORK', 'DLWRF', 'DPT', 'DSWRF', 'DZDT', 'FLDCP', 'FRICV', 'GFLUX', 'GRLE', 'GUST', 'HCDC', 'HGT', 'HINDEX', 'HLCY', 'HPBL', 'ICAHT', 'ICEC', 'ICEG', 'ICETK', 'ICETMP', 'ICMR', 'LAND', 'LCDC', 'LFTX', 'LHTFL', 'MCDC', 'MSLET', 'O3MR', 'PEVPR', 'PLPL', 'POT', 'PRATE', 'PRES', 'PRMSL', 'PWAT', 'REFC', 'REFD', 'RH', 'RWMR', 'SFCR', 'SHTFL', 'SNMR', 'SNOD', 'SOILL', 'SOILW', 'SOTYP', 'SPFH', 'SUNSD', 'TCDC', 'TMAX', 'TMIN', 'TMP', 'TOZNE', 'TSOIL', 'U-GWD', 'UFLX', 'UGRD', 'ULWRF', 'USTM', 'USWRF', 'V-GWD', 'VEG', 'VFLX', 'VGRD', 'VIS', 'VRATE', 'VSTM', 'VVEL', 'VWSH', 'WATR', 'WEASD', 'WILT']",731.0,ok,4.273789500002749,2026-07-03T03:39:18Z,
gfs,2026-07-03,0,27,https://nomads.ncep.noaa.gov/pub/data/nccf/com/gfs/prod/gfs.20260703/00/atmos/gfs.t00z.pgrb2.0p25.f027.idx,743.0,89.0,"['4LFTX', 'ABSV', 'ACPCP', 'ALBDO', 'APCP', 'APTMP', 'CAPE', 'CFRZR', 'CICEP', 'CIN', 'CLWMR', 'CNWAT', 'CPOFP', 'CPRAT', 'CRAIN', 'CSNOW', 'CWAT', 'CWORK', 'DLWRF', 'DPT', 'DSWRF', 'DZDT', 'FLDCP', 'FRICV', 'GFLUX', 'GRLE', 'GUST', 'HCDC', 'HGT', 'HINDEX', 'HLCY', 'HPBL', 'ICAHT', 'ICEC', 'ICEG', 'ICETK', 'ICETMP', 'ICMR', 'LAND', 'LCDC', 'LFTX', 'LHTFL', 'MCDC', 'MSLET', 'O3MR', 'PEVPR', 'PLPL', 'POT', 'PRATE', 'PRES', 'PRMSL', 'PWAT', 'REFC', 'REFD', 'RH', 'RWMR', 'SFCR', 'SHTFL', 'SNMR', 'SNOD', 'SOILL', 'SOILW', 'SOTYP', 'SPFH', 'SUNSD', 'TCDC', 'TMAX', 'TMIN', 'TMP', 'TOZNE', 'TSOIL', 'U-GWD', 'UFLX', 'UGRD', 'ULWRF', 'USTM', 'USWRF', 'V-GWD', 'VEG', 'VFLX', 'VGRD', 'VIS', 'VRATE', 'VSTM', 'VVEL', 'VWSH', 'WATR', 'WEASD', 'WILT']",731.0,ok,4.175134400022216,2026-07-03T03:42:20Z,
gfs,2026-07-03,6,6,https://nomads.ncep.noaa.gov/pub/data/nccf/com/gfs/prod/gfs.20260703/06/atmos/gfs.t06z.pgrb2.0p25.f006.idx,743.0,89.0,"['4LFTX', 'ABSV', 'ACPCP', 'ALBDO', 'APCP', 'APTMP', 'CAPE', 'CFRZR', 'CICEP', 'CIN', 'CLWMR', 'CNWAT', 'CPOFP', 'CPRAT', 'CRAIN', 'CSNOW', 'CWAT', 'CWORK', 'DLWRF', 'DPT', 'DSWRF', 'DZDT', 'FLDCP', 'FRICV', 'GFLUX', 'GRLE', 'GUST', 'HCDC', 'HGT', 'HINDEX', 'HLCY', 'HPBL', 'ICAHT', 'ICEC', 'ICEG', 'ICETK', 'ICETMP', 'ICMR', 'LAND', 'LCDC', 'LFTX', 'LHTFL', 'MCDC', 'MSLET', 'O3MR', 'PEVPR', 'PLPL', 'POT', 'PRATE', 'PRES', 'PRMSL', 'PWAT', 'REFC', 'REFD', 'RH', 'RWMR', 'SFCR', 'SHTFL', 'SNMR', 'SNOD', 'SOILL', 'SOILW', 'SOTYP', 'SPFH', 'SUNSD', 'TCDC', 'TMAX', 'TMIN', 'TMP', 'TOZNE', 'TSOIL', 'U-GWD', 'UFLX', 'UGRD', 'ULWRF', 'USTM', 'USWRF', 'V-GWD', 'VEG', 'VFLX', 'VGRD', 'VIS', 'VRATE', 'VSTM', 'VVEL', 'VWSH', 'WATR', 'WEASD', 'WILT']",731.0,ok,2.3001570000196807,2026-07-03T09:33:51Z,
gfs,2026-07-03,0,36,https://nomads.ncep.noaa.gov/pub/data/nccf/com/gfs/prod/gfs.20260703/00/atmos/gfs.t00z.pgrb2.0p25.f036.idx,743.0,89.0,"['4LFTX', 'ABSV', 'ACPCP', 'ALBDO', 'APCP', 'APTMP', 'CAPE', 'CFRZR', 'CICEP', 'CIN', 'CLWMR', 'CNWAT', 'CPOFP', 'CPRAT', 'CRAIN', 'CSNOW', 'CWAT', 'CWORK', 'DLWRF', 'DPT', 'DSWRF', 'DZDT', 'FLDCP', 'FRICV', 'GFLUX', 'GRLE', 'GUST', 'HCDC', 'HGT', 'HINDEX', 'HLCY', 'HPBL', 'ICAHT', 'ICEC', 'ICEG', 'ICETK', 'ICETMP', 'ICMR', 'LAND', 'LCDC', 'LFTX', 'LHTFL', 'MCDC', 'MSLET', 'O3MR', 'PEVPR', 'PLPL', 'POT', 'PRATE', 'PRES', 'PRMSL', 'PWAT', 'REFC', 'REFD', 'RH', 'RWMR', 'SFCR', 'SHTFL', 'SNMR', 'SNOD', 'SOILL', 'SOILW', 'SOTYP', 'SPFH', 'SUNSD', 'TCDC', 'TMAX', 'TMIN', 'TMP', 'TOZNE', 'TSOIL', 'U-GWD', 'UFLX', 'UGRD', 'ULWRF', 'USTM', 'USWRF', 'V-GWD', 'VEG', 'VFLX', 'VGRD', 'VIS', 'VRATE', 'VSTM', 'VVEL', 'VWSH', 'WATR', 'WEASD', 'WILT']",731.0,ok,3.9729804000235163,2026-07-03T03:44:25Z,
gfs,2026-07-03,6,3,https://nomads.ncep.noaa.gov/pub/data/nccf/com/gfs/prod/gfs.20260703/06/atmos/gfs.t06z.pgrb2.0p25.f003.idx,743.0,89.0,"['4LFTX', 'ABSV', 'ACPCP', 'ALBDO', 'APCP', 'APTMP', 'CAPE', 'CFRZR', 'CICEP', 'CIN', 'CLWMR', 'CNWAT', 'CPOFP', 'CPRAT', 'CRAIN', 'CSNOW', 'CWAT', 'CWORK', 'DLWRF', 'DPT', 'DSWRF', 'DZDT', 'FLDCP', 'FRICV', 'GFLUX', 'GRLE', 'GUST', 'HCDC', 'HGT', 'HINDEX', 'HLCY', 'HPBL', 'ICAHT', 'ICEC', 'ICEG', 'ICETK', 'ICETMP', 'ICMR', 'LAND', 'LCDC', 'LFTX', 'LHTFL', 'MCDC', 'MSLET', 'O3MR', 'PEVPR', 'PLPL', 'POT', 'PRATE', 'PRES', 'PRMSL', 'PWAT', 'REFC', 'REFD', 'RH', 'RWMR', 'SFCR', 'SHTFL', 'SNMR', 'SNOD', 'SOILL', 'SOILW', 'SOTYP', 'SPFH', 'SUNSD', 'TCDC', 'TMAX', 'TMIN', 'TMP', 'TOZNE', 'TSOIL', 'U-GWD', 'UFLX', 'UGRD', 'ULWRF', 'USTM', 'USWRF', 'V-GWD', 'VEG', 'VFLX', 'VGRD', 'VIS', 'VRATE', 'VSTM', 'VVEL', 'VWSH', 'WATR', 'WEASD', 'WILT']",731.0,ok,2.722959000035189,2026-07-03T09:33:07Z,
gfs,2026-07-03,6,9,https://nomads.ncep.noaa.gov/pub/data/nccf/com/gfs/prod/gfs.20260703/06/atmos/gfs.t06z.pgrb2.0p25.f009.idx,743.0,89.0,"['4LFTX', 'ABSV', 'ACPCP', 'ALBDO', 'APCP', 'APTMP', 'CAPE', 'CFRZR', 'CICEP', 'CIN', 'CLWMR', 'CNWAT', 'CPOFP', 'CPRAT', 'CRAIN', 'CSNOW', 'CWAT', 'CWORK', 'DLWRF', 'DPT', 'DSWRF', 'DZDT', 'FLDCP', 'FRICV', 'GFLUX', 'GRLE', 'GUST', 'HCDC', 'HGT', 'HINDEX', 'HLCY', 'HPBL', 'ICAHT', 'ICEC', 'ICEG', 'ICETK', 'ICETMP', 'ICMR', 'LAND', 'LCDC', 'LFTX', 'LHTFL', 'MCDC', 'MSLET', 'O3MR', 'PEVPR', 'PLPL', 'POT', 'PRATE', 'PRES', 'PRMSL', 'PWAT', 'REFC', 'REFD', 'RH', 'RWMR', 'SFCR', 'SHTFL', 'SNMR', 'SNOD', 'SOILL', 'SOILW', 'SOTYP', 'SPFH', 'SUNSD', 'TCDC', 'TMAX', 'TMIN', 'TMP', 'TOZNE', 'TSOIL', 'U-GWD', 'UFLX', 'UGRD', 'ULWRF', 'USTM', 'USWRF', 'V-GWD', 'VEG', 'VFLX', 'VGRD', 'VIS', 'VRATE', 'VSTM', 'VVEL', 'VWSH', 'WATR', 'WEASD', 'WILT']",731.0,ok,2.34798929997487,2026-07-03T09:34:36Z,
gfs,2026-07-03,0,15,https://nomads.ncep.noaa.gov/pub/data/nccf/com/gfs/prod/gfs.20260703/00/atmos/gfs.t00z.pgrb2.0p25.f015.idx,743.0,89.0,"['4LFTX', 'ABSV', 'ACPCP', 'ALBDO', 'APCP', 'APTMP', 'CAPE', 'CFRZR', 'CICEP', 'CIN', 'CLWMR', 'CNWAT', 'CPOFP', 'CPRAT', 'CRAIN', 'CSNOW', 'CWAT', 'CWORK', 'DLWRF', 'DPT', 'DSWRF', 'DZDT', 'FLDCP', 'FRICV', 'GFLUX', 'GRLE', 'GUST', 'HCDC', 'HGT', 'HINDEX', 'HLCY', 'HPBL', 'ICAHT', 'ICEC', 'ICEG', 'ICETK', 'ICETMP', 'ICMR', 'LAND', 'LCDC', 'LFTX', 'LHTFL', 'MCDC', 'MSLET', 'O3MR', 'PEVPR', 'PLPL', 'POT', 'PRATE', 'PRES', 'PRMSL', 'PWAT', 'REFC', 'REFD', 'RH', 'RWMR', 'SFCR', 'SHTFL', 'SNMR', 'SNOD', 'SOILL', 'SOILW', 'SOTYP', 'SPFH', 'SUNSD', 'TCDC', 'TMAX', 'TMIN', 'TMP', 'TOZNE', 'TSOIL', 'U-GWD', 'UFLX', 'UGRD', 'ULWRF', 'USTM', 'USWRF', 'V-GWD', 'VEG', 'VFLX', 'VGRD', 'VIS', 'VRATE', 'VSTM', 'VVEL', 'VWSH', 'WATR', 'WEASD', 'WILT']",731.0,ok,4.750362299964763,2026-07-03T03:38:25Z,
gfs,2026-07-03,6,33,https://nomads.ncep.noaa.gov/pub/data/nccf/com/gfs/prod/gfs.20260703/06/atmos/gfs.t06z.pgrb2.0p25.f033.idx,743.0,89.0,"['4LFTX', 'ABSV', 'ACPCP', 'ALBDO', 'APCP', 'APTMP', 'CAPE', 'CFRZR', 'CICEP', 'CIN', 'CLWMR', 'CNWAT', 'CPOFP', 'CPRAT', 'CRAIN', 'CSNOW', 'CWAT', 'CWORK', 'DLWRF', 'DPT', 'DSWRF', 'DZDT', 'FLDCP', 'FRICV', 'GFLUX', 'GRLE', 'GUST', 'HCDC', 'HGT', 'HINDEX', 'HLCY', 'HPBL', 'ICAHT', 'ICEC', 'ICEG', 'ICETK', 'ICETMP', 'ICMR', 'LAND', 'LCDC', 'LFTX', 'LHTFL', 'MCDC', 'MSLET', 'O3MR', 'PEVPR', 'PLPL', 'POT', 'PRATE', 'PRES', 'PRMSL', 'PWAT', 'REFC', 'REFD', 'RH', 'RWMR', 'SFCR', 'SHTFL', 'SNMR', 'SNOD', 'SOILL', 'SOILW', 'SOTYP', 'SPFH', 'SUNSD', 'TCDC', 'TMAX', 'TMIN', 'TMP', 'TOZNE', 'TSOIL', 'U-GWD', 'UFLX', 'UGRD', 'ULWRF', 'USTM', 'USWRF', 'V-GWD', 'VEG', 'VFLX', 'VGRD', 'VIS', 'VRATE', 'VSTM', 'VVEL', 'VWSH', 'WATR', 'WEASD', 'WILT']",731.0,ok,2.124183500010986,2026-07-03T09:41:17Z,
gfs,2026-07-03,6,24,https://nomads.ncep.noaa.gov/pub/data/nccf/com/gfs/prod/gfs.20260703/06/atmos/gfs.t06z.pgrb2.0p25.f024.idx,743.0,89.0,"['4LFTX', 'ABSV', 'ACPCP', 'ALBDO', 'APCP', 'APTMP', 'CAPE', 'CFRZR', 'CICEP', 'CIN', 'CLWMR', 'CNWAT', 'CPOFP', 'CPRAT', 'CRAIN', 'CSNOW', 'CWAT', 'CWORK', 'DLWRF', 'DPT', 'DSWRF', 'DZDT', 'FLDCP', 'FRICV', 'GFLUX', 'GRLE', 'GUST', 'HCDC', 'HGT', 'HINDEX', 'HLCY', 'HPBL', 'ICAHT', 'ICEC', 'ICEG', 'ICETK', 'ICETMP', 'ICMR', 'LAND', 'LCDC', 'LFTX', 'LHTFL', 'MCDC', 'MSLET', 'O3MR', 'PEVPR', 'PLPL', 'POT', 'PRATE', 'PRES', 'PRMSL', 'PWAT', 'REFC', 'REFD', 'RH', 'RWMR', 'SFCR', 'SHTFL', 'SNMR', 'SNOD', 'SOILL', 'SOILW', 'SOTYP', 'SPFH', 'SUNSD', 'TCDC', 'TMAX', 'TMIN', 'TMP', 'TOZNE', 'TSOIL', 'U-GWD', 'UFLX', 'UGRD', 'ULWRF', 'USTM', 'USWRF', 'V-GWD', 'VEG', 'VFLX', 'VGRD', 'VIS', 'VRATE', 'VSTM', 'VVEL', 'VWSH', 'WATR', 'WEASD', 'WILT']",731.0,ok,2.5212460000184365,2026-07-03T09:39:05Z,
gfs,2026-07-03,6,42,https://nomads.ncep.noaa.gov/pub/data/nccf/com/gfs/prod/gfs.20260703/06/atmos/gfs.t06z.pgrb2.0p25.f042.idx,743.0,89.0,"['4LFTX', 'ABSV', 'ACPCP', 'ALBDO', 'APCP', 'APTMP', 'CAPE', 'CFRZR', 'CICEP', 'CIN', 'CLWMR', 'CNWAT', 'CPOFP', 'CPRAT', 'CRAIN', 'CSNOW', 'CWAT', 'CWORK', 'DLWRF', 'DPT', 'DSWRF', 'DZDT', 'FLDCP', 'FRICV', 'GFLUX', 'GRLE', 'GUST', 'HCDC', 'HGT', 'HINDEX', 'HLCY', 'HPBL', 'ICAHT', 'ICEC', 'ICEG', 'ICETK', 'ICETMP', 'ICMR', 'LAND', 'LCDC', 'LFTX', 'LHTFL', 'MCDC', 'MSLET', 'O3MR', 'PEVPR', 'PLPL', 'POT', 'PRATE', 'PRES', 'PRMSL', 'PWAT', 'REFC', 'REFD', 'RH', 'RWMR', 'SFCR', 'SHTFL', 'SNMR', 'SNOD', 'SOILL', 'SOILW', 'SOTYP', 'SPFH', 'SUNSD', 'TCDC', 'TMAX', 'TMIN', 'TMP', 'TOZNE', 'TSOIL', 'U-GWD', 'UFLX', 'UGRD', 'ULWRF', 'USTM', 'USWRF', 'V-GWD', 'VEG', 'VFLX', 'VGRD', 'VIS', 'VRATE', 'VSTM', 'VVEL', 'VWSH', 'WATR', 'WEASD', 'WILT']",731.0,ok,2.080242099997122,2026-07-03T09:43:51Z,
gfs,2026-07-03,6,48,https://nomads.ncep.noaa.gov/pub/data/nccf/com/gfs/prod/gfs.20260703/06/atmos/gfs.t06z.pgrb2.0p25.f048.idx,743.0,89.0,"['4LFTX', 'ABSV', 'ACPCP', 'ALBDO', 'APCP', 'APTMP', 'CAPE', 'CFRZR', 'CICEP', 'CIN', 'CLWMR', 'CNWAT', 'CPOFP', 'CPRAT', 'CRAIN', 'CSNOW', 'CWAT', 'CWORK', 'DLWRF', 'DPT', 'DSWRF', 'DZDT', 'FLDCP', 'FRICV', 'GFLUX', 'GRLE', 'GUST', 'HCDC', 'HGT', 'HINDEX', 'HLCY', 'HPBL', 'ICAHT', 'ICEC', 'ICEG', 'ICETK', 'ICETMP', 'ICMR', 'LAND', 'LCDC', 'LFTX', 'LHTFL', 'MCDC', 'MSLET', 'O3MR', 'PEVPR', 'PLPL', 'POT', 'PRATE', 'PRES', 'PRMSL', 'PWAT', 'REFC', 'REFD', 'RH', 'RWMR', 'SFCR', 'SHTFL', 'SNMR', 'SNOD', 'SOILL', 'SOILW', 'SOTYP', 'SPFH', 'SUNSD', 'TCDC', 'TMAX', 'TMIN', 'TMP', 'TOZNE', 'TSOIL', 'U-GWD', 'UFLX', 'UGRD', 'ULWRF', 'USTM', 'USWRF', 'V-GWD', 'VEG', 'VFLX', 'VGRD', 'VIS', 'VRATE', 'VSTM', 'VVEL', 'VWSH', 'WATR', 'WEASD', 'WILT']",731.0,ok,1.6452219999628142,2026-07-03T09:45:07Z,
gfs,2026-07-03,6,36,https://nomads.ncep.noaa.gov/pub/data/nccf/com/gfs/prod/gfs.20260703/06/atmos/gfs.t06z.pgrb2.0p25.f036.idx,743.0,89.0,"['4LFTX', 'ABSV', 'ACPCP', 'ALBDO', 'APCP', 'APTMP', 'CAPE', 'CFRZR', 'CICEP', 'CIN', 'CLWMR', 'CNWAT', 'CPOFP', 'CPRAT', 'CRAIN', 'CSNOW', 'CWAT', 'CWORK', 'DLWRF', 'DPT', 'DSWRF', 'DZDT', 'FLDCP', 'FRICV', 'GFLUX', 'GRLE', 'GUST', 'HCDC', 'HGT', 'HINDEX', 'HLCY', 'HPBL', 'ICAHT', 'ICEC', 'ICEG', 'ICETK', 'ICETMP', 'ICMR', 'LAND', 'LCDC', 'LFTX', 'LHTFL', 'MCDC', 'MSLET', 'O3MR', 'PEVPR', 'PLPL', 'POT', 'PRATE', 'PRES', 'PRMSL', 'PWAT', 'REFC', 'REFD', 'RH', 'RWMR', 'SFCR', 'SHTFL', 'SNMR', 'SNOD', 'SOILL', 'SOILW', 'SOTYP', 'SPFH', 'SUNSD', 'TCDC', 'TMAX', 'TMIN', 'TMP', 'TOZNE', 'TSOIL', 'U-GWD', 'UFLX', 'UGRD', 'ULWRF', 'USTM', 'USWRF', 'V-GWD', 'VEG', 'VFLX', 'VGRD', 'VIS', 'VRATE', 'VSTM', 'VVEL', 'VWSH', 'WATR', 'WEASD', 'WILT']",731.0,ok,2.936203600023873,2026-07-03T09:42:16Z,
gfs,2026-07-03,6,39,https://nomads.ncep.noaa.gov/pub/data/nccf/com/gfs/prod/gfs.20260703/06/atmos/gfs.t06z.pgrb2.0p25.f039.idx,743.0,89.0,"['4LFTX', 'ABSV', 'ACPCP', 'ALBDO', 'APCP', 'APTMP', 'CAPE', 'CFRZR', 'CICEP', 'CIN', 'CLWMR', 'CNWAT', 'CPOFP', 'CPRAT', 'CRAIN', 'CSNOW', 'CWAT', 'CWORK', 'DLWRF', 'DPT', 'DSWRF', 'DZDT', 'FLDCP', 'FRICV', 'GFLUX', 'GRLE', 'GUST', 'HCDC', 'HGT', 'HINDEX', 'HLCY', 'HPBL', 'ICAHT', 'ICEC', 'ICEG', 'ICETK', 'ICETMP', 'ICMR', 'LAND', 'LCDC', 'LFTX', 'LHTFL', 'MCDC', 'MSLET', 'O3MR', 'PEVPR', 'PLPL', 'POT', 'PRATE', 'PRES', 'PRMSL', 'PWAT', 'REFC', 'REFD', 'RH', 'RWMR', 'SFCR', 'SHTFL', 'SNMR', 'SNOD', 'SOILL', 'SOILW', 'SOTYP', 'SPFH', 'SUNSD', 'TCDC', 'TMAX', 'TMIN', 'TMP', 'TOZNE', 'TSOIL', 'U-GWD', 'UFLX', 'UGRD', 'ULWRF', 'USTM', 'USWRF', 'V-GWD', 'VEG', 'VFLX', 'VGRD', 'VIS', 'VRATE', 'VSTM', 'VVEL', 'VWSH', 'WATR', 'WEASD', 'WILT']",731.0,ok,2.8305528999771923,2026-07-03T09:43:10Z,
gfs,2026-07-03,6,15,https://nomads.ncep.noaa.gov/pub/data/nccf/com/gfs/prod/gfs.20260703/06/atmos/gfs.t06z.pgrb2.0p25.f015.idx,743.0,89.0,"['4LFTX', 'ABSV', 'ACPCP', 'ALBDO', 'APCP', 'APTMP', 'CAPE', 'CFRZR', 'CICEP', 'CIN', 'CLWMR', 'CNWAT', 'CPOFP', 'CPRAT', 'CRAIN', 'CSNOW', 'CWAT', 'CWORK', 'DLWRF', 'DPT', 'DSWRF', 'DZDT', 'FLDCP', 'FRICV', 'GFLUX', 'GRLE', 'GUST', 'HCDC', 'HGT', 'HINDEX', 'HLCY', 'HPBL', 'ICAHT', 'ICEC', 'ICEG', 'ICETK', 'ICETMP', 'ICMR', 'LAND', 'LCDC', 'LFTX', 'LHTFL', 'MCDC', 'MSLET', 'O3MR', 'PEVPR', 'PLPL', 'POT', 'PRATE', 'PRES', 'PRMSL', 'PWAT', 'REFC', 'REFD', 'RH', 'RWMR', 'SFCR', 'SHTFL', 'SNMR', 'SNOD', 'SOILL', 'SOILW', 'SOTYP', 'SPFH', 'SUNSD', 'TCDC', 'TMAX', 'TMIN', 'TMP', 'TOZNE', 'TSOIL', 'U-GWD', 'UFLX', 'UGRD', 'ULWRF', 'USTM', 'USWRF', 'V-GWD', 'VEG', 'VFLX', 'VGRD', 'VIS', 'VRATE', 'VSTM', 'VVEL', 'VWSH', 'WATR', 'WEASD', 'WILT']",731.0,ok,3.6431202000239864,2026-07-03T09:36:21Z,
gfs,2026-07-03,6,45,https://nomads.ncep.noaa.gov/pub/data/nccf/com/gfs/prod/gfs.20260703/06/atmos/gfs.t06z.pgrb2.0p25.f045.idx,743.0,89.0,"['4LFTX', 'ABSV', 'ACPCP', 'ALBDO', 'APCP', 'APTMP', 'CAPE', 'CFRZR', 'CICEP', 'CIN', 'CLWMR', 'CNWAT', 'CPOFP', 'CPRAT', 'CRAIN', 'CSNOW', 'CWAT', 'CWORK', 'DLWRF', 'DPT', 'DSWRF', 'DZDT', 'FLDCP', 'FRICV', 'GFLUX', 'GRLE', 'GUST', 'HCDC', 'HGT', 'HINDEX', 'HLCY', 'HPBL', 'ICAHT', 'ICEC', 'ICEG', 'ICETK', 'ICETMP', 'ICMR', 'LAND', 'LCDC', 'LFTX', 'LHTFL', 'MCDC', 'MSLET', 'O3MR', 'PEVPR', 'PLPL', 'POT', 'PRATE', 'PRES', 'PRMSL', 'PWAT', 'REFC', 'REFD', 'RH', 'RWMR', 'SFCR', 'SHTFL', 'SNMR', 'SNOD', 'SOILL', 'SOILW', 'SOTYP', 'SPFH', 'SUNSD', 'TCDC', 'TMAX', 'TMIN', 'TMP', 'TOZNE', 'TSOIL', 'U-GWD', 'UFLX', 'UGRD', 'ULWRF', 'USTM', 'USWRF', 'V-GWD', 'VEG', 'VFLX', 'VGRD', 'VIS', 'VRATE', 'VSTM', 'VVEL', 'VWSH', 'WATR', 'WEASD', 'WILT']",731.0,ok,2.7121714999666438,2026-07-03T09:44:17Z,
gfs,2026-07-03,6,30,https://nomads.ncep.noaa.gov/pub/data/nccf/com/gfs/prod/gfs.20260703/06/atmos/gfs.t06z.pgrb2.0p25.f030.idx,743.0,89.0,"['4LFTX', 'ABSV', 'ACPCP', 'ALBDO', 'APCP', 'APTMP', 'CAPE', 'CFRZR', 'CICEP', 'CIN', 'CLWMR', 'CNWAT', 'CPOFP', 'CPRAT', 'CRAIN', 'CSNOW', 'CWAT', 'CWORK', 'DLWRF', 'DPT', 'DSWRF', 'DZDT', 'FLDCP', 'FRICV', 'GFLUX', 'GRLE', 'GUST', 'HCDC', 'HGT', 'HINDEX', 'HLCY', 'HPBL', 'ICAHT', 'ICEC', 'ICEG', 'ICETK', 'ICETMP', 'ICMR', 'LAND', 'LCDC', 'LFTX', 'LHTFL', 'MCDC', 'MSLET', 'O3MR', 'PEVPR', 'PLPL', 'POT', 'PRATE', 'PRES', 'PRMSL', 'PWAT', 'REFC', 'REFD', 'RH', 'RWMR', 'SFCR', 'SHTFL', 'SNMR', 'SNOD', 'SOILL', 'SOILW', 'SOTYP', 'SPFH', 'SUNSD', 'TCDC', 'TMAX', 'TMIN', 'TMP', 'TOZNE', 'TSOIL', 'U-GWD', 'UFLX', 'UGRD', 'ULWRF', 'USTM', 'USWRF', 'V-GWD', 'VEG', 'VFLX', 'VGRD', 'VIS', 'VRATE', 'VSTM', 'VVEL', 'VWSH', 'WATR', 'WEASD', 'WILT']",731.0,ok,3.425512499990873,2026-07-03T09:40:31Z,
gfs,2026-07-03,6,27,https://nomads.ncep.noaa.gov/pub/data/nccf/com/gfs/prod/gfs.20260703/06/atmos/gfs.t06z.pgrb2.0p25.f027.idx,743.0,89.0,"['4LFTX', 'ABSV', 'ACPCP', 'ALBDO', 'APCP', 'APTMP', 'CAPE', 'CFRZR', 'CICEP', 'CIN', 'CLWMR', 'CNWAT', 'CPOFP', 'CPRAT', 'CRAIN', 'CSNOW', 'CWAT', 'CWORK', 'DLWRF', 'DPT', 'DSWRF', 'DZDT', 'FLDCP', 'FRICV', 'GFLUX', 'GRLE', 'GUST', 'HCDC', 'HGT', 'HINDEX', 'HLCY', 'HPBL', 'ICAHT', 'ICEC', 'ICEG', 'ICETK', 'ICETMP', 'ICMR', 'LAND', 'LCDC', 'LFTX', 'LHTFL', 'MCDC', 'MSLET', 'O3MR', 'PEVPR', 'PLPL', 'POT', 'PRATE', 'PRES', 'PRMSL', 'PWAT', 'REFC', 'REFD', 'RH', 'RWMR', 'SFCR', 'SHTFL', 'SNMR', 'SNOD', 'SOILL', 'SOILW', 'SOTYP', 'SPFH', 'SUNSD', 'TCDC', 'TMAX', 'TMIN', 'TMP', 'TOZNE', 'TSOIL', 'U-GWD', 'UFLX', 'UGRD', 'ULWRF', 'USTM', 'USWRF', 'V-GWD', 'VEG', 'VFLX', 'VGRD', 'VIS', 'VRATE', 'VSTM', 'VVEL', 'VWSH', 'WATR', 'WEASD', 'WILT']",731.0,ok,3.6128035000292584,2026-07-03T09:39:39Z,
gfs,2026-07-03,6,18,https://nomads.ncep.noaa.gov/pub/data/nccf/com/gfs/prod/gfs.20260703/06/atmos/gfs.t06z.pgrb2.0p25.f018.idx,743.0,89.0,"['4LFTX', 'ABSV', 'ACPCP', 'ALBDO', 'APCP', 'APTMP', 'CAPE', 'CFRZR', 'CICEP', 'CIN', 'CLWMR', 'CNWAT', 'CPOFP', 'CPRAT', 'CRAIN', 'CSNOW', 'CWAT', 'CWORK', 'DLWRF', 'DPT', 'DSWRF', 'DZDT', 'FLDCP', 'FRICV', 'GFLUX', 'GRLE', 'GUST', 'HCDC', 'HGT', 'HINDEX', 'HLCY', 'HPBL', 'ICAHT', 'ICEC', 'ICEG', 'ICETK', 'ICETMP', 'ICMR', 'LAND', 'LCDC', 'LFTX', 'LHTFL', 'MCDC', 'MSLET', 'O3MR', 'PEVPR', 'PLPL', 'POT', 'PRATE', 'PRES', 'PRMSL', 'PWAT', 'REFC', 'REFD', 'RH', 'RWMR', 'SFCR', 'SHTFL', 'SNMR', 'SNOD', 'SOILL', 'SOILW', 'SOTYP', 'SPFH', 'SUNSD', 'TCDC', 'TMAX', 'TMIN', 'TMP', 'TOZNE', 'TSOIL', 'U-GWD', 'UFLX', 'UGRD', 'ULWRF', 'USTM', 'USWRF', 'V-GWD', 'VEG', 'VFLX', 'VGRD', 'VIS', 'VRATE', 'VSTM', 'VVEL', 'VWSH', 'WATR', 'WEASD', 'WILT']",731.0,ok,3.889317299996037,2026-07-03T09:36:57Z,
gfs,2026-07-03,6,12,https://nomads.ncep.noaa.gov/pub/data/nccf/com/gfs/prod/gfs.20260703/06/atmos/gfs.t06z.pgrb2.0p25.f012.idx,743.0,89.0,"['4LFTX', 'ABSV', 'ACPCP', 'ALBDO', 'APCP', 'APTMP', 'CAPE', 'CFRZR', 'CICEP', 'CIN', 'CLWMR', 'CNWAT', 'CPOFP', 'CPRAT', 'CRAIN', 'CSNOW', 'CWAT', 'CWORK', 'DLWRF', 'DPT', 'DSWRF', 'DZDT', 'FLDCP', 'FRICV', 'GFLUX', 'GRLE', 'GUST', 'HCDC', 'HGT', 'HINDEX', 'HLCY', 'HPBL', 'ICAHT', 'ICEC', 'ICEG', 'ICETK', 'ICETMP', 'ICMR', 'LAND', 'LCDC', 'LFTX', 'LHTFL', 'MCDC', 'MSLET', 'O3MR', 'PEVPR', 'PLPL', 'POT', 'PRATE', 'PRES', 'PRMSL', 'PWAT', 'REFC', 'REFD', 'RH', 'RWMR', 'SFCR', 'SHTFL', 'SNMR', 'SNOD', 'SOILL', 'SOILW', 'SOTYP', 'SPFH', 'SUNSD', 'TCDC', 'TMAX', 'TMIN', 'TMP', 'TOZNE', 'TSOIL', 'U-GWD', 'UFLX', 'UGRD', 'ULWRF', 'USTM', 'USWRF', 'V-GWD', 'VEG', 'VFLX', 'VGRD', 'VIS', 'VRATE', 'VSTM', 'VVEL', 'VWSH', 'WATR', 'WEASD', 'WILT']",731.0,ok,3.9916146000032313,2026-07-03T09:35:34Z,
gfs,2026-07-03,12,15,https://nomads.ncep.noaa.gov/pub/data/nccf/com/gfs/prod/gfs.20260703/12/atmos/gfs.t12z.pgrb2.0p25.f015.idx,743.0,89.0,"['4LFTX', 'ABSV', 'ACPCP', 'ALBDO', 'APCP', 'APTMP', 'CAPE', 'CFRZR', 'CICEP', 'CIN', 'CLWMR', 'CNWAT', 'CPOFP', 'CPRAT', 'CRAIN', 'CSNOW', 'CWAT', 'CWORK', 'DLWRF', 'DPT', 'DSWRF', 'DZDT', 'FLDCP', 'FRICV', 'GFLUX', 'GRLE', 'GUST', 'HCDC', 'HGT', 'HINDEX', 'HLCY', 'HPBL', 'ICAHT', 'ICEC', 'ICEG', 'ICETK', 'ICETMP', 'ICMR', 'LAND', 'LCDC', 'LFTX', 'LHTFL', 'MCDC', 'MSLET', 'O3MR', 'PEVPR', 'PLPL', 'POT', 'PRATE', 'PRES', 'PRMSL', 'PWAT', 'REFC', 'REFD', 'RH', 'RWMR', 'SFCR', 'SHTFL', 'SNMR', 'SNOD', 'SOILL', 'SOILW', 'SOTYP', 'SPFH', 'SUNSD', 'TCDC', 'TMAX', 'TMIN', 'TMP', 'TOZNE', 'TSOIL', 'U-GWD', 'UFLX', 'UGRD', 'ULWRF', 'USTM', 'USWRF', 'V-GWD', 'VEG', 'VFLX', 'VGRD', 'VIS', 'VRATE', 'VSTM', 'VVEL', 'VWSH', 'WATR', 'WEASD', 'WILT']",731.0,ok,2.042195799993351,2026-07-03T15:36:05Z,
gfs,2026-07-03,12,12,https://nomads.ncep.noaa.gov/pub/data/nccf/com/gfs/prod/gfs.20260703/12/atmos/gfs.t12z.pgrb2.0p25.f012.idx,743.0,89.0,"['4LFTX', 'ABSV', 'ACPCP', 'ALBDO', 'APCP', 'APTMP', 'CAPE', 'CFRZR', 'CICEP', 'CIN', 'CLWMR', 'CNWAT', 'CPOFP', 'CPRAT', 'CRAIN', 'CSNOW', 'CWAT', 'CWORK', 'DLWRF', 'DPT', 'DSWRF', 'DZDT', 'FLDCP', 'FRICV', 'GFLUX', 'GRLE', 'GUST', 'HCDC', 'HGT', 'HINDEX', 'HLCY', 'HPBL', 'ICAHT', 'ICEC', 'ICEG', 'ICETK', 'ICETMP', 'ICMR', 'LAND', 'LCDC', 'LFTX', 'LHTFL', 'MCDC', 'MSLET', 'O3MR', 'PEVPR', 'PLPL', 'POT', 'PRATE', 'PRES', 'PRMSL', 'PWAT', 'REFC', 'REFD', 'RH', 'RWMR', 'SFCR', 'SHTFL', 'SNMR', 'SNOD', 'SOILL', 'SOILW', 'SOTYP', 'SPFH', 'SUNSD', 'TCDC', 'TMAX', 'TMIN', 'TMP', 'TOZNE', 'TSOIL', 'U-GWD', 'UFLX', 'UGRD', 'ULWRF', 'USTM', 'USWRF', 'V-GWD', 'VEG', 'VFLX', 'VGRD', 'VIS', 'VRATE', 'VSTM', 'VVEL', 'VWSH', 'WATR', 'WEASD', 'WILT']",731.0,ok,2.839563600020483,2026-07-03T15:35:23Z,
gfs,2026-07-03,12,21,https://nomads.ncep.noaa.gov/pub/data/nccf/com/gfs/prod/gfs.20260703/12/atmos/gfs.t12z.pgrb2.0p25.f021.idx,743.0,89.0,"['4LFTX', 'ABSV', 'ACPCP', 'ALBDO', 'APCP', 'APTMP', 'CAPE', 'CFRZR', 'CICEP', 'CIN', 'CLWMR', 'CNWAT', 'CPOFP', 'CPRAT', 'CRAIN', 'CSNOW', 'CWAT', 'CWORK', 'DLWRF', 'DPT', 'DSWRF', 'DZDT', 'FLDCP', 'FRICV', 'GFLUX', 'GRLE', 'GUST', 'HCDC', 'HGT', 'HINDEX', 'HLCY', 'HPBL', 'ICAHT', 'ICEC', 'ICEG', 'ICETK', 'ICETMP', 'ICMR', 'LAND', 'LCDC', 'LFTX', 'LHTFL', 'MCDC', 'MSLET', 'O3MR', 'PEVPR', 'PLPL', 'POT', 'PRATE', 'PRES', 'PRMSL', 'PWAT', 'REFC', 'REFD', 'RH', 'RWMR', 'SFCR', 'SHTFL', 'SNMR', 'SNOD', 'SOILL', 'SOILW', 'SOTYP', 'SPFH', 'SUNSD', 'TCDC', 'TMAX', 'TMIN', 'TMP', 'TOZNE', 'TSOIL', 'U-GWD', 'UFLX', 'UGRD', 'ULWRF', 'USTM', 'USWRF', 'V-GWD', 'VEG', 'VFLX', 'VGRD', 'VIS', 'VRATE', 'VSTM', 'VVEL', 'VWSH', 'WATR', 'WEASD', 'WILT']",731.0,ok,2.5604833000106737,2026-07-03T15:37:40Z,
gfs,2026-07-03,12,6,https://nomads.ncep.noaa.gov/pub/data/nccf/com/gfs/prod/gfs.20260703/12/atmos/gfs.t12z.pgrb2.0p25.f006.idx,743.0,89.0,"['4LFTX', 'ABSV', 'ACPCP', 'ALBDO', 'APCP', 'APTMP', 'CAPE', 'CFRZR', 'CICEP', 'CIN', 'CLWMR', 'CNWAT', 'CPOFP', 'CPRAT', 'CRAIN', 'CSNOW', 'CWAT', 'CWORK', 'DLWRF', 'DPT', 'DSWRF', 'DZDT', 'FLDCP', 'FRICV', 'GFLUX', 'GRLE', 'GUST', 'HCDC', 'HGT', 'HINDEX', 'HLCY', 'HPBL', 'ICAHT', 'ICEC', 'ICEG', 'ICETK', 'ICETMP', 'ICMR', 'LAND', 'LCDC', 'LFTX', 'LHTFL', 'MCDC', 'MSLET', 'O3MR', 'PEVPR', 'PLPL', 'POT', 'PRATE', 'PRES', 'PRMSL', 'PWAT', 'REFC', 'REFD', 'RH', 'RWMR', 'SFCR', 'SHTFL', 'SNMR', 'SNOD', 'SOILL', 'SOILW', 'SOTYP', 'SPFH', 'SUNSD', 'TCDC', 'TMAX', 'TMIN', 'TMP', 'TOZNE', 'TSOIL', 'U-GWD', 'UFLX', 'UGRD', 'ULWRF', 'USTM', 'USWRF', 'V-GWD', 'VEG', 'VFLX', 'VGRD', 'VIS', 'VRATE', 'VSTM', 'VVEL', 'VWSH', 'WATR', 'WEASD', 'WILT']",731.0,ok,3.1954868000466377,2026-07-03T15:33:40Z,
gfs,2026-07-03,12,30,https://nomads.ncep.noaa.gov/pub/data/nccf/com/gfs/prod/gfs.20260703/12/atmos/gfs.t12z.pgrb2.0p25.f030.idx,743.0,89.0,"['4LFTX', 'ABSV', 'ACPCP', 'ALBDO', 'APCP', 'APTMP', 'CAPE', 'CFRZR', 'CICEP', 'CIN', 'CLWMR', 'CNWAT', 'CPOFP', 'CPRAT', 'CRAIN', 'CSNOW', 'CWAT', 'CWORK', 'DLWRF', 'DPT', 'DSWRF', 'DZDT', 'FLDCP', 'FRICV', 'GFLUX', 'GRLE', 'GUST', 'HCDC', 'HGT', 'HINDEX', 'HLCY', 'HPBL', 'ICAHT', 'ICEC', 'ICEG', 'ICETK', 'ICETMP', 'ICMR', 'LAND', 'LCDC', 'LFTX', 'LHTFL', 'MCDC', 'MSLET', 'O3MR', 'PEVPR', 'PLPL', 'POT', 'PRATE', 'PRES', 'PRMSL', 'PWAT', 'REFC', 'REFD', 'RH', 'RWMR', 'SFCR', 'SHTFL', 'SNMR', 'SNOD', 'SOILL', 'SOILW', 'SOTYP', 'SPFH', 'SUNSD', 'TCDC', 'TMAX', 'TMIN', 'TMP', 'TOZNE', 'TSOIL', 'U-GWD', 'UFLX', 'UGRD', 'ULWRF', 'USTM', 'USWRF', 'V-GWD', 'VEG', 'VFLX', 'VGRD', 'VIS', 'VRATE', 'VSTM', 'VVEL', 'VWSH', 'WATR', 'WEASD', 'WILT']",731.0,ok,2.1108153000241145,2026-07-03T15:40:12Z,
gfs,2026-07-03,12,27,https://nomads.ncep.noaa.gov/pub/data/nccf/com/gfs/prod/gfs.20260703/12/atmos/gfs.t12z.pgrb2.0p25.f027.idx,743.0,89.0,"['4LFTX', 'ABSV', 'ACPCP', 'ALBDO', 'APCP', 'APTMP', 'CAPE', 'CFRZR', 'CICEP', 'CIN', 'CLWMR', 'CNWAT', 'CPOFP', 'CPRAT', 'CRAIN', 'CSNOW', 'CWAT', 'CWORK', 'DLWRF', 'DPT', 'DSWRF', 'DZDT', 'FLDCP', 'FRICV', 'GFLUX', 'GRLE', 'GUST', 'HCDC', 'HGT', 'HINDEX', 'HLCY', 'HPBL', 'ICAHT', 'ICEC', 'ICEG', 'ICETK', 'ICETMP', 'ICMR', 'LAND', 'LCDC', 'LFTX', 'LHTFL', 'MCDC', 'MSLET', 'O3MR', 'PEVPR', 'PLPL', 'POT', 'PRATE', 'PRES', 'PRMSL', 'PWAT', 'REFC', 'REFD', 'RH', 'RWMR', 'SFCR', 'SHTFL', 'SNMR', 'SNOD', 'SOILL', 'SOILW', 'SOTYP', 'SPFH', 'SUNSD', 'TCDC', 'TMAX', 'TMIN', 'TMP', 'TOZNE', 'TSOIL', 'U-GWD', 'UFLX', 'UGRD', 'ULWRF', 'USTM', 'USWRF', 'V-GWD', 'VEG', 'VFLX', 'VGRD', 'VIS', 'VRATE', 'VSTM', 'VVEL', 'VWSH', 'WATR', 'WEASD', 'WILT']",731.0,ok,2.643848399980925,2026-07-03T15:39:10Z,
gfs,2026-07-03,12,24,https://nomads.ncep.noaa.gov/pub/data/nccf/com/gfs/prod/gfs.20260703/12/atmos/gfs.t12z.pgrb2.0p25.f024.idx,743.0,89.0,"['4LFTX', 'ABSV', 'ACPCP', 'ALBDO', 'APCP', 'APTMP', 'CAPE', 'CFRZR', 'CICEP', 'CIN', 'CLWMR', 'CNWAT', 'CPOFP', 'CPRAT', 'CRAIN', 'CSNOW', 'CWAT', 'CWORK', 'DLWRF', 'DPT', 'DSWRF', 'DZDT', 'FLDCP', 'FRICV', 'GFLUX', 'GRLE', 'GUST', 'HCDC', 'HGT', 'HINDEX', 'HLCY', 'HPBL', 'ICAHT', 'ICEC', 'ICEG', 'ICETK', 'ICETMP', 'ICMR', 'LAND', 'LCDC', 'LFTX', 'LHTFL', 'MCDC', 'MSLET', 'O3MR', 'PEVPR', 'PLPL', 'POT', 'PRATE', 'PRES', 'PRMSL', 'PWAT', 'REFC', 'REFD', 'RH', 'RWMR', 'SFCR', 'SHTFL', 'SNMR', 'SNOD', 'SOILL', 'SOILW', 'SOTYP', 'SPFH', 'SUNSD', 'TCDC', 'TMAX', 'TMIN', 'TMP', 'TOZNE', 'TSOIL', 'U-GWD', 'UFLX', 'UGRD', 'ULWRF', 'USTM', 'USWRF', 'V-GWD', 'VEG', 'VFLX', 'VGRD', 'VIS', 'VRATE', 'VSTM', 'VVEL', 'VWSH', 'WATR', 'WEASD', 'WILT']",731.0,ok,3.0872412000317127,2026-07-03T15:38:56Z,
gfs,2026-07-03,12,9,https://nomads.ncep.noaa.gov/pub/data/nccf/com/gfs/prod/gfs.20260703/12/atmos/gfs.t12z.pgrb2.0p25.f009.idx,743.0,89.0,"['4LFTX', 'ABSV', 'ACPCP', 'ALBDO', 'APCP', 'APTMP', 'CAPE', 'CFRZR', 'CICEP', 'CIN', 'CLWMR', 'CNWAT', 'CPOFP', 'CPRAT', 'CRAIN', 'CSNOW', 'CWAT', 'CWORK', 'DLWRF', 'DPT', 'DSWRF', 'DZDT', 'FLDCP', 'FRICV', 'GFLUX', 'GRLE', 'GUST', 'HCDC', 'HGT', 'HINDEX', 'HLCY', 'HPBL', 'ICAHT', 'ICEC', 'ICEG', 'ICETK', 'ICETMP', 'ICMR', 'LAND', 'LCDC', 'LFTX', 'LHTFL', 'MCDC', 'MSLET', 'O3MR', 'PEVPR', 'PLPL', 'POT', 'PRATE', 'PRES', 'PRMSL', 'PWAT', 'REFC', 'REFD', 'RH', 'RWMR', 'SFCR', 'SHTFL', 'SNMR', 'SNOD', 'SOILL', 'SOILW', 'SOTYP', 'SPFH', 'SUNSD', 'TCDC', 'TMAX', 'TMIN', 'TMP', 'TOZNE', 'TSOIL', 'U-GWD', 'UFLX', 'UGRD', 'ULWRF', 'USTM', 'USWRF', 'V-GWD', 'VEG', 'VFLX', 'VGRD', 'VIS', 'VRATE', 'VSTM', 'VVEL', 'VWSH', 'WATR', 'WEASD', 'WILT']",731.0,ok,3.8257544999942183,2026-07-03T15:34:24Z,
gfs,2026-07-03,12,36,https://nomads.ncep.noaa.gov/pub/data/nccf/com/gfs/prod/gfs.20260703/12/atmos/gfs.t12z.pgrb2.0p25.f036.idx,743.0,89.0,"['4LFTX', 'ABSV', 'ACPCP', 'ALBDO', 'APCP', 'APTMP', 'CAPE', 'CFRZR', 'CICEP', 'CIN', 'CLWMR', 'CNWAT', 'CPOFP', 'CPRAT', 'CRAIN', 'CSNOW', 'CWAT', 'CWORK', 'DLWRF', 'DPT', 'DSWRF', 'DZDT', 'FLDCP', 'FRICV', 'GFLUX', 'GRLE', 'GUST', 'HCDC', 'HGT', 'HINDEX', 'HLCY', 'HPBL', 'ICAHT', 'ICEC', 'ICEG', 'ICETK', 'ICETMP', 'ICMR', 'LAND', 'LCDC', 'LFTX', 'LHTFL', 'MCDC', 'MSLET', 'O3MR', 'PEVPR', 'PLPL', 'POT', 'PRATE', 'PRES', 'PRMSL', 'PWAT', 'REFC', 'REFD', 'RH', 'RWMR', 'SFCR', 'SHTFL', 'SNMR', 'SNOD', 'SOILL', 'SOILW', 'SOTYP', 'SPFH', 'SUNSD', 'TCDC', 'TMAX', 'TMIN', 'TMP', 'TOZNE', 'TSOIL', 'U-GWD', 'UFLX', 'UGRD', 'ULWRF', 'USTM', 'USWRF', 'V-GWD', 'VEG', 'VFLX', 'VGRD', 'VIS', 'VRATE', 'VSTM', 'VVEL', 'VWSH', 'WATR', 'WEASD', 'WILT']",731.0,ok,2.519649300025776,2026-07-03T15:41:41Z,
gfs,2026-07-03,18,6,https://nomads.ncep.noaa.gov/pub/data/nccf/com/gfs/prod/gfs.20260703/18/atmos/gfs.t18z.pgrb2.0p25.f006.idx,743.0,89.0,"['4LFTX', 'ABSV', 'ACPCP', 'ALBDO', 'APCP', 'APTMP', 'CAPE', 'CFRZR', 'CICEP', 'CIN', 'CLWMR', 'CNWAT', 'CPOFP', 'CPRAT', 'CRAIN', 'CSNOW', 'CWAT', 'CWORK', 'DLWRF', 'DPT', 'DSWRF', 'DZDT', 'FLDCP', 'FRICV', 'GFLUX', 'GRLE', 'GUST', 'HCDC', 'HGT', 'HINDEX', 'HLCY', 'HPBL', 'ICAHT', 'ICEC', 'ICEG', 'ICETK', 'ICETMP', 'ICMR', 'LAND', 'LCDC', 'LFTX', 'LHTFL', 'MCDC', 'MSLET', 'O3MR', 'PEVPR', 'PLPL', 'POT', 'PRATE', 'PRES', 'PRMSL', 'PWAT', 'REFC', 'REFD', 'RH', 'RWMR', 'SFCR', 'SHTFL', 'SNMR', 'SNOD', 'SOILL', 'SOILW', 'SOTYP', 'SPFH', 'SUNSD', 'TCDC', 'TMAX', 'TMIN', 'TMP', 'TOZNE', 'TSOIL', 'U-GWD', 'UFLX', 'UGRD', 'ULWRF', 'USTM', 'USWRF', 'V-GWD', 'VEG', 'VFLX', 'VGRD', 'VIS', 'VRATE', 'VSTM', 'VVEL', 'VWSH', 'WATR', 'WEASD', 'WILT']",731.0,ok,2.167406100023072,2026-07-03T21:36:43Z,
gfs,2026-07-03,6,21,https://nomads.ncep.noaa.gov/pub/data/nccf/com/gfs/prod/gfs.20260703/06/atmos/gfs.t06z.pgrb2.0p25.f021.idx,743.0,89.0,"['4LFTX', 'ABSV', 'ACPCP', 'ALBDO', 'APCP', 'APTMP', 'CAPE', 'CFRZR', 'CICEP', 'CIN', 'CLWMR', 'CNWAT', 'CPOFP', 'CPRAT', 'CRAIN', 'CSNOW', 'CWAT', 'CWORK', 'DLWRF', 'DPT', 'DSWRF', 'DZDT', 'FLDCP', 'FRICV', 'GFLUX', 'GRLE', 'GUST', 'HCDC', 'HGT', 'HINDEX', 'HLCY', 'HPBL', 'ICAHT', 'ICEC', 'ICEG', 'ICETK', 'ICETMP', 'ICMR', 'LAND', 'LCDC', 'LFTX', 'LHTFL', 'MCDC', 'MSLET', 'O3MR', 'PEVPR', 'PLPL', 'POT', 'PRATE', 'PRES', 'PRMSL', 'PWAT', 'REFC', 'REFD', 'RH', 'RWMR', 'SFCR', 'SHTFL', 'SNMR', 'SNOD', 'SOILL', 'SOILW', 'SOTYP', 'SPFH', 'SUNSD', 'TCDC', 'TMAX', 'TMIN', 'TMP', 'TOZNE', 'TSOIL', 'U-GWD', 'UFLX', 'UGRD', 'ULWRF', 'USTM', 'USWRF', 'V-GWD', 'VEG', 'VFLX', 'VGRD', 'VIS', 'VRATE', 'VSTM', 'VVEL', 'VWSH', 'WATR', 'WEASD', 'WILT']",731.0,ok,6.173586399992928,2026-07-03T09:37:40Z,
gfs,2026-07-03,12,33,https://nomads.ncep.noaa.gov/pub/data/nccf/com/gfs/prod/gfs.20260703/12/atmos/gfs.t12z.pgrb2.0p25.f033.idx,743.0,89.0,"['4LFTX', 'ABSV', 'ACPCP', 'ALBDO', 'APCP', 'APTMP', 'CAPE', 'CFRZR', 'CICEP', 'CIN', 'CLWMR', 'CNWAT', 'CPOFP', 'CPRAT', 'CRAIN', 'CSNOW', 'CWAT', 'CWORK', 'DLWRF', 'DPT', 'DSWRF', 'DZDT', 'FLDCP', 'FRICV', 'GFLUX', 'GRLE', 'GUST', 'HCDC', 'HGT', 'HINDEX', 'HLCY', 'HPBL', 'ICAHT', 'ICEC', 'ICEG', 'ICETK', 'ICETMP', 'ICMR', 'LAND', 'LCDC', 'LFTX', 'LHTFL', 'MCDC', 'MSLET', 'O3MR', 'PEVPR', 'PLPL', 'POT', 'PRATE', 'PRES', 'PRMSL', 'PWAT', 'REFC', 'REFD', 'RH', 'RWMR', 'SFCR', 'SHTFL', 'SNMR', 'SNOD', 'SOILL', 'SOILW', 'SOTYP', 'SPFH', 'SUNSD', 'TCDC', 'TMAX', 'TMIN', 'TMP', 'TOZNE', 'TSOIL', 'U-GWD', 'UFLX', 'UGRD', 'ULWRF', 'USTM', 'USWRF', 'V-GWD', 'VEG', 'VFLX', 'VGRD', 'VIS', 'VRATE', 'VSTM', 'VVEL', 'VWSH', 'WATR', 'WEASD', 'WILT']",731.0,ok,2.9543393999920227,2026-07-03T15:40:57Z,
gfs,2026-07-03,18,12,https://nomads.ncep.noaa.gov/pub/data/nccf/com/gfs/prod/gfs.20260703/18/atmos/gfs.t18z.pgrb2.0p25.f012.idx,743.0,89.0,"['4LFTX', 'ABSV', 'ACPCP', 'ALBDO', 'APCP', 'APTMP', 'CAPE', 'CFRZR', 'CICEP', 'CIN', 'CLWMR', 'CNWAT', 'CPOFP', 'CPRAT', 'CRAIN', 'CSNOW', 'CWAT', 'CWORK', 'DLWRF', 'DPT', 'DSWRF', 'DZDT', 'FLDCP', 'FRICV', 'GFLUX', 'GRLE', 'GUST', 'HCDC', 'HGT', 'HINDEX', 'HLCY', 'HPBL', 'ICAHT', 'ICEC', 'ICEG', 'ICETK', 'ICETMP', 'ICMR', 'LAND', 'LCDC', 'LFTX', 'LHTFL', 'MCDC', 'MSLET', 'O3MR', 'PEVPR', 'PLPL', 'POT', 'PRATE', 'PRES', 'PRMSL', 'PWAT', 'REFC', 'REFD', 'RH', 'RWMR', 'SFCR', 'SHTFL', 'SNMR', 'SNOD', 'SOILL', 'SOILW', 'SOTYP', 'SPFH', 'SUNSD', 'TCDC', 'TMAX', 'TMIN', 'TMP', 'TOZNE', 'TSOIL', 'U-GWD', 'UFLX', 'UGRD', 'ULWRF', 'USTM', 'USWRF', 'V-GWD', 'VEG', 'VFLX', 'VGRD', 'VIS', 'VRATE', 'VSTM', 'VVEL', 'VWSH', 'WATR', 'WEASD', 'WILT']",731.0,ok,1.7540684000123292,2026-07-03T21:38:50Z,
gfs,2026-07-03,18,15,https://nomads.ncep.noaa.gov/pub/data/nccf/com/gfs/prod/gfs.20260703/18/atmos/gfs.t18z.pgrb2.0p25.f015.idx,743.0,89.0,"['4LFTX', 'ABSV', 'ACPCP', 'ALBDO', 'APCP', 'APTMP', 'CAPE', 'CFRZR', 'CICEP', 'CIN', 'CLWMR', 'CNWAT', 'CPOFP', 'CPRAT', 'CRAIN', 'CSNOW', 'CWAT', 'CWORK', 'DLWRF', 'DPT', 'DSWRF', 'DZDT', 'FLDCP', 'FRICV', 'GFLUX', 'GRLE', 'GUST', 'HCDC', 'HGT', 'HINDEX', 'HLCY', 'HPBL', 'ICAHT', 'ICEC', 'ICEG', 'ICETK', 'ICETMP', 'ICMR', 'LAND', 'LCDC', 'LFTX', 'LHTFL', 'MCDC', 'MSLET', 'O3MR', 'PEVPR', 'PLPL', 'POT', 'PRATE', 'PRES', 'PRMSL', 'PWAT', 'REFC', 'REFD', 'RH', 'RWMR', 'SFCR', 'SHTFL', 'SNMR', 'SNOD', 'SOILL', 'SOILW', 'SOTYP', 'SPFH', 'SUNSD', 'TCDC', 'TMAX', 'TMIN', 'TMP', 'TOZNE', 'TSOIL', 'U-GWD', 'UFLX', 'UGRD', 'ULWRF', 'USTM', 'USWRF', 'V-GWD', 'VEG', 'VFLX', 'VGRD', 'VIS', 'VRATE', 'VSTM', 'VVEL', 'VWSH', 'WATR', 'WEASD', 'WILT']",731.0,ok,1.7732392000034451,2026-07-03T21:39:21Z,
gfs,2026-07-03,18,9,https://nomads.ncep.noaa.gov/pub/data/nccf/com/gfs/prod/gfs.20260703/18/atmos/gfs.t18z.pgrb2.0p25.f009.idx,743.0,89.0,"['4LFTX', 'ABSV', 'ACPCP', 'ALBDO', 'APCP', 'APTMP', 'CAPE', 'CFRZR', 'CICEP', 'CIN', 'CLWMR', 'CNWAT', 'CPOFP', 'CPRAT', 'CRAIN', 'CSNOW', 'CWAT', 'CWORK', 'DLWRF', 'DPT', 'DSWRF', 'DZDT', 'FLDCP', 'FRICV', 'GFLUX', 'GRLE', 'GUST', 'HCDC', 'HGT', 'HINDEX', 'HLCY', 'HPBL', 'ICAHT', 'ICEC', 'ICEG', 'ICETK', 'ICETMP', 'ICMR', 'LAND', 'LCDC', 'LFTX', 'LHTFL', 'MCDC', 'MSLET', 'O3MR', 'PEVPR', 'PLPL', 'POT', 'PRATE', 'PRES', 'PRMSL', 'PWAT', 'REFC', 'REFD', 'RH', 'RWMR', 'SFCR', 'SHTFL', 'SNMR', 'SNOD', 'SOILL', 'SOILW', 'SOTYP', 'SPFH', 'SUNSD', 'TCDC', 'TMAX', 'TMIN', 'TMP', 'TOZNE', 'TSOIL', 'U-GWD', 'UFLX', 'UGRD', 'ULWRF', 'USTM', 'USWRF', 'V-GWD', 'VEG', 'VFLX', 'VGRD', 'VIS', 'VRATE', 'VSTM', 'VVEL', 'VWSH', 'WATR', 'WEASD', 'WILT']",731.0,ok,2.1523198999930173,2026-07-03T21:37:35Z,
gfs,2026-07-03,18,18,https://nomads.ncep.noaa.gov/pub/data/nccf/com/gfs/prod/gfs.20260703/18/atmos/gfs.t18z.pgrb2.0p25.f018.idx,743.0,89.0,"['4LFTX', 'ABSV', 'ACPCP', 'ALBDO', 'APCP', 'APTMP', 'CAPE', 'CFRZR', 'CICEP', 'CIN', 'CLWMR', 'CNWAT', 'CPOFP', 'CPRAT', 'CRAIN', 'CSNOW', 'CWAT', 'CWORK', 'DLWRF', 'DPT', 'DSWRF', 'DZDT', 'FLDCP', 'FRICV', 'GFLUX', 'GRLE', 'GUST', 'HCDC', 'HGT', 'HINDEX', 'HLCY', 'HPBL', 'ICAHT', 'ICEC', 'ICEG', 'ICETK', 'ICETMP', 'ICMR', 'LAND', 'LCDC', 'LFTX', 'LHTFL', 'MCDC', 'MSLET', 'O3MR', 'PEVPR', 'PLPL', 'POT', 'PRATE', 'PRES', 'PRMSL', 'PWAT', 'REFC', 'REFD', 'RH', 'RWMR', 'SFCR', 'SHTFL', 'SNMR', 'SNOD', 'SOILL', 'SOILW', 'SOTYP', 'SPFH', 'SUNSD', 'TCDC', 'TMAX', 'TMIN', 'TMP', 'TOZNE', 'TSOIL', 'U-GWD', 'UFLX', 'UGRD', 'ULWRF', 'USTM', 'USWRF', 'V-GWD', 'VEG', 'VFLX', 'VGRD', 'VIS', 'VRATE', 'VSTM', 'VVEL', 'VWSH', 'WATR', 'WEASD', 'WILT']",731.0,ok,1.7486455999896862,2026-07-03T21:40:34Z,
gfs,2026-07-03,12,18,https://nomads.ncep.noaa.gov/pub/data/nccf/com/gfs/prod/gfs.20260703/12/atmos/gfs.t12z.pgrb2.0p25.f018.idx,743.0,89.0,"['4LFTX', 'ABSV', 'ACPCP', 'ALBDO', 'APCP', 'APTMP', 'CAPE', 'CFRZR', 'CICEP', 'CIN', 'CLWMR', 'CNWAT', 'CPOFP', 'CPRAT', 'CRAIN', 'CSNOW', 'CWAT', 'CWORK', 'DLWRF', 'DPT', 'DSWRF', 'DZDT', 'FLDCP', 'FRICV', 'GFLUX', 'GRLE', 'GUST', 'HCDC', 'HGT', 'HINDEX', 'HLCY', 'HPBL', 'ICAHT', 'ICEC', 'ICEG', 'ICETK', 'ICETMP', 'ICMR', 'LAND', 'LCDC', 'LFTX', 'LHTFL', 'MCDC', 'MSLET', 'O3MR', 'PEVPR', 'PLPL', 'POT', 'PRATE', 'PRES', 'PRMSL', 'PWAT', 'REFC', 'REFD', 'RH', 'RWMR', 'SFCR', 'SHTFL', 'SNMR', 'SNOD', 'SOILL', 'SOILW', 'SOTYP', 'SPFH', 'SUNSD', 'TCDC', 'TMAX', 'TMIN', 'TMP', 'TOZNE', 'TSOIL', 'U-GWD', 'UFLX', 'UGRD', 'ULWRF', 'USTM', 'USWRF', 'V-GWD', 'VEG', 'VFLX', 'VGRD', 'VIS', 'VRATE', 'VSTM', 'VVEL', 'VWSH', 'WATR', 'WEASD', 'WILT']",731.0,ok,4.993319000001065,2026-07-03T15:37:00Z,
gfs,2026-07-03,12,42,https://nomads.ncep.noaa.gov/pub/data/nccf/com/gfs/prod/gfs.20260703/12/atmos/gfs.t12z.pgrb2.0p25.f042.idx,743.0,89.0,"['4LFTX', 'ABSV', 'ACPCP', 'ALBDO', 'APCP', 'APTMP', 'CAPE', 'CFRZR', 'CICEP', 'CIN', 'CLWMR', 'CNWAT', 'CPOFP', 'CPRAT', 'CRAIN', 'CSNOW', 'CWAT', 'CWORK', 'DLWRF', 'DPT', 'DSWRF', 'DZDT', 'FLDCP', 'FRICV', 'GFLUX', 'GRLE', 'GUST', 'HCDC', 'HGT', 'HINDEX', 'HLCY', 'HPBL', 'ICAHT', 'ICEC', 'ICEG', 'ICETK', 'ICETMP', 'ICMR', 'LAND', 'LCDC', 'LFTX', 'LHTFL', 'MCDC', 'MSLET', 'O3MR', 'PEVPR', 'PLPL', 'POT', 'PRATE', 'PRES', 'PRMSL', 'PWAT', 'REFC', 'REFD', 'RH', 'RWMR', 'SFCR', 'SHTFL', 'SNMR', 'SNOD', 'SOILL', 'SOILW', 'SOTYP', 'SPFH', 'SUNSD', 'TCDC', 'TMAX', 'TMIN', 'TMP', 'TOZNE', 'TSOIL', 'U-GWD', 'UFLX', 'UGRD', 'ULWRF', 'USTM', 'USWRF', 'V-GWD', 'VEG', 'VFLX', 'VGRD', 'VIS', 'VRATE', 'VSTM', 'VVEL', 'VWSH', 'WATR', 'WEASD', 'WILT']",731.0,ok,3.410663500020746,2026-07-03T15:43:01Z,
gfs,2026-07-03,12,3,https://nomads.ncep.noaa.gov/pub/data/nccf/com/gfs/prod/gfs.20260703/12/atmos/gfs.t12z.pgrb2.0p25.f003.idx,743.0,89.0,"['4LFTX', 'ABSV', 'ACPCP', 'ALBDO', 'APCP', 'APTMP', 'CAPE', 'CFRZR', 'CICEP', 'CIN', 'CLWMR', 'CNWAT', 'CPOFP', 'CPRAT', 'CRAIN', 'CSNOW', 'CWAT', 'CWORK', 'DLWRF', 'DPT', 'DSWRF', 'DZDT', 'FLDCP', 'FRICV', 'GFLUX', 'GRLE', 'GUST', 'HCDC', 'HGT', 'HINDEX', 'HLCY', 'HPBL', 'ICAHT', 'ICEC', 'ICEG', 'ICETK', 'ICETMP', 'ICMR', 'LAND', 'LCDC', 'LFTX', 'LHTFL', 'MCDC', 'MSLET', 'O3MR', 'PEVPR', 'PLPL', 'POT', 'PRATE', 'PRES', 'PRMSL', 'PWAT', 'REFC', 'REFD', 'RH', 'RWMR', 'SFCR', 'SHTFL', 'SNMR', 'SNOD', 'SOILL', 'SOILW', 'SOTYP', 'SPFH', 'SUNSD', 'TCDC', 'TMAX', 'TMIN', 'TMP', 'TOZNE', 'TSOIL', 'U-GWD', 'UFLX', 'UGRD', 'ULWRF', 'USTM', 'USWRF', 'V-GWD', 'VEG', 'VFLX', 'VGRD', 'VIS', 'VRATE', 'VSTM', 'VVEL', 'VWSH', 'WATR', 'WEASD', 'WILT']",731.0,ok,5.726535699970555,2026-07-03T15:32:50Z,
gfs,2026-07-03,18,0,https://nomads.ncep.noaa.gov/pub/data/nccf/com/gfs/prod/gfs.20260703/18/atmos/gfs.t18z.pgrb2.0p25.f000.idx,696.0,69.0,"['4LFTX', 'ABSV', 'APTMP', 'CAPE', 'CFRZR', 'CICEP', 'CIN', 'CLWMR', 'CNWAT', 'CPOFP', 'CRAIN', 'CSNOW', 'CWAT', 'DPT', 'DZDT', 'FLDCP', 'FRICV', 'GRLE', 'GUST', 'HCDC', 'HGT', 'HINDEX', 'HLCY', 'HPBL', 'ICAHT', 'ICEC', 'ICEG', 'ICETK', 'ICETMP', 'ICMR', 'LAND', 'LCDC', 'LFTX', 'MCDC', 'MSLET', 'O3MR', 'PLPL', 'POT', 'PRATE', 'PRES', 'PRMSL', 'PWAT', 'REFC', 'REFD', 'RH', 'RWMR', 'SFCR', 'SNMR', 'SNOD', 'SOILL', 'SOILW', 'SOTYP', 'SPFH', 'SUNSD', 'TCDC', 'TMP', 'TOZNE', 'TSOIL', 'UGRD', 'USTM', 'VEG', 'VGRD', 'VIS', 'VRATE', 'VSTM', 'VVEL', 'VWSH', 'WEASD', 'WILT']",696.0,ok,3.4790784000069834,2026-07-03T21:35:15Z,
gfs,2026-07-03,12,0,https://nomads.ncep.noaa.gov/pub/data/nccf/com/gfs/prod/gfs.20260703/12/atmos/gfs.t12z.pgrb2.0p25.f000.idx,696.0,69.0,"['4LFTX', 'ABSV', 'APTMP', 'CAPE', 'CFRZR', 'CICEP', 'CIN', 'CLWMR', 'CNWAT', 'CPOFP', 'CRAIN', 'CSNOW', 'CWAT', 'DPT', 'DZDT', 'FLDCP', 'FRICV', 'GRLE', 'GUST', 'HCDC', 'HGT', 'HINDEX', 'HLCY', 'HPBL', 'ICAHT', 'ICEC', 'ICEG', 'ICETK', 'ICETMP', 'ICMR', 'LAND', 'LCDC', 'LFTX', 'MCDC', 'MSLET', 'O3MR', 'PLPL', 'POT', 'PRATE', 'PRES', 'PRMSL', 'PWAT', 'REFC', 'REFD', 'RH', 'RWMR', 'SFCR', 'SNMR', 'SNOD', 'SOILL', 'SOILW', 'SOTYP', 'SPFH', 'SUNSD', 'TCDC', 'TMP', 'TOZNE', 'TSOIL', 'UGRD', 'USTM', 'VEG', 'VGRD', 'VIS', 'VRATE', 'VSTM', 'VVEL', 'VWSH', 'WEASD', 'WILT']",696.0,ok,5.861676800006535,2026-07-03T15:32:11Z,
gfs,2026-07-03,18,21,https://nomads.ncep.noaa.gov/pub/data/nccf/com/gfs/prod/gfs.20260703/18/atmos/gfs.t18z.pgrb2.0p25.f021.idx,743.0,89.0,"['4LFTX', 'ABSV', 'ACPCP', 'ALBDO', 'APCP', 'APTMP', 'CAPE', 'CFRZR', 'CICEP', 'CIN', 'CLWMR', 'CNWAT', 'CPOFP', 'CPRAT', 'CRAIN', 'CSNOW', 'CWAT', 'CWORK', 'DLWRF', 'DPT', 'DSWRF', 'DZDT', 'FLDCP', 'FRICV', 'GFLUX', 'GRLE', 'GUST', 'HCDC', 'HGT', 'HINDEX', 'HLCY', 'HPBL', 'ICAHT', 'ICEC', 'ICEG', 'ICETK', 'ICETMP', 'ICMR', 'LAND', 'LCDC', 'LFTX', 'LHTFL', 'MCDC', 'MSLET', 'O3MR', 'PEVPR', 'PLPL', 'POT', 'PRATE', 'PRES', 'PRMSL', 'PWAT', 'REFC', 'REFD', 'RH', 'RWMR', 'SFCR', 'SHTFL', 'SNMR', 'SNOD', 'SOILL', 'SOILW', 'SOTYP', 'SPFH', 'SUNSD', 'TCDC', 'TMAX', 'TMIN', 'TMP', 'TOZNE', 'TSOIL', 'U-GWD', 'UFLX', 'UGRD', 'ULWRF', 'USTM', 'USWRF', 'V-GWD', 'VEG', 'VFLX', 'VGRD', 'VIS', 'VRATE', 'VSTM', 'VVEL', 'VWSH', 'WATR', 'WEASD', 'WILT']",731.0,ok,1.8116868000361137,2026-07-03T21:41:46Z,
gfs,2026-07-03,18,3,https://nomads.ncep.noaa.gov/pub/data/nccf/com/gfs/prod/gfs.20260703/18/atmos/gfs.t18z.pgrb2.0p25.f003.idx,743.0,89.0,"['4LFTX', 'ABSV', 'ACPCP', 'ALBDO', 'APCP', 'APTMP', 'CAPE', 'CFRZR', 'CICEP', 'CIN', 'CLWMR', 'CNWAT', 'CPOFP', 'CPRAT', 'CRAIN', 'CSNOW', 'CWAT', 'CWORK', 'DLWRF', 'DPT', 'DSWRF', 'DZDT', 'FLDCP', 'FRICV', 'GFLUX', 'GRLE', 'GUST', 'HCDC', 'HGT', 'HINDEX', 'HLCY', 'HPBL', 'ICAHT', 'ICEC', 'ICEG', 'ICETK', 'ICETMP', 'ICMR', 'LAND', 'LCDC', 'LFTX', 'LHTFL', 'MCDC', 'MSLET', 'O3MR', 'PEVPR', 'PLPL', 'POT', 'PRATE', 'PRES', 'PRMSL', 'PWAT', 'REFC', 'REFD', 'RH', 'RWMR', 'SFCR', 'SHTFL', 'SNMR', 'SNOD', 'SOILL', 'SOILW', 'SOTYP', 'SPFH', 'SUNSD', 'TCDC', 'TMAX', 'TMIN', 'TMP', 'TOZNE', 'TSOIL', 'U-GWD', 'UFLX', 'UGRD', 'ULWRF', 'USTM', 'USWRF', 'V-GWD', 'VEG', 'VFLX', 'VGRD', 'VIS', 'VRATE', 'VSTM', 'VVEL', 'VWSH', 'WATR', 'WEASD', 'WILT']",731.0,ok,3.5242764000431634,2026-07-03T21:36:03Z,
gfs,2026-07-03,12,39,https://nomads.ncep.noaa.gov/pub/data/nccf/com/gfs/prod/gfs.20260703/12/atmos/gfs.t12z.pgrb2.0p25.f039.idx,743.0,89.0,"['4LFTX', 'ABSV', 'ACPCP', 'ALBDO', 'APCP', 'APTMP', 'CAPE', 'CFRZR', 'CICEP', 'CIN', 'CLWMR', 'CNWAT', 'CPOFP', 'CPRAT', 'CRAIN', 'CSNOW', 'CWAT', 'CWORK', 'DLWRF', 'DPT', 'DSWRF', 'DZDT', 'FLDCP', 'FRICV', 'GFLUX', 'GRLE', 'GUST', 'HCDC', 'HGT', 'HINDEX', 'HLCY', 'HPBL', 'ICAHT', 'ICEC', 'ICEG', 'ICETK', 'ICETMP', 'ICMR', 'LAND', 'LCDC', 'LFTX', 'LHTFL', 'MCDC', 'MSLET', 'O3MR', 'PEVPR', 'PLPL', 'POT', 'PRATE', 'PRES', 'PRMSL', 'PWAT', 'REFC', 'REFD', 'RH', 'RWMR', 'SFCR', 'SHTFL', 'SNMR', 'SNOD', 'SOILL', 'SOILW', 'SOTYP', 'SPFH', 'SUNSD', 'TCDC', 'TMAX', 'TMIN', 'TMP', 'TOZNE', 'TSOIL', 'U-GWD', 'UFLX', 'UGRD', 'ULWRF', 'USTM', 'USWRF', 'V-GWD', 'VEG', 'VFLX', 'VGRD', 'VIS', 'VRATE', 'VSTM', 'VVEL', 'VWSH', 'WATR', 'WEASD', 'WILT']",731.0,ok,3.8795858999947086,2026-07-03T15:42:32Z,
gfs,2026-07-03,12,45,https://nomads.ncep.noaa.gov/pub/data/nccf/com/gfs/prod/gfs.20260703/12/atmos/gfs.t12z.pgrb2.0p25.f045.idx,743.0,89.0,"['4LFTX', 'ABSV', 'ACPCP', 'ALBDO', 'APCP', 'APTMP', 'CAPE', 'CFRZR', 'CICEP', 'CIN', 'CLWMR', 'CNWAT', 'CPOFP', 'CPRAT', 'CRAIN', 'CSNOW', 'CWAT', 'CWORK', 'DLWRF', 'DPT', 'DSWRF', 'DZDT', 'FLDCP', 'FRICV', 'GFLUX', 'GRLE', 'GUST', 'HCDC', 'HGT', 'HINDEX', 'HLCY', 'HPBL', 'ICAHT', 'ICEC', 'ICEG', 'ICETK', 'ICETMP', 'ICMR', 'LAND', 'LCDC', 'LFTX', 'LHTFL', 'MCDC', 'MSLET', 'O3MR', 'PEVPR', 'PLPL', 'POT', 'PRATE', 'PRES', 'PRMSL', 'PWAT', 'REFC', 'REFD', 'RH', 'RWMR', 'SFCR', 'SHTFL', 'SNMR', 'SNOD', 'SOILL', 'SOILW', 'SOTYP', 'SPFH', 'SUNSD', 'TCDC', 'TMAX', 'TMIN', 'TMP', 'TOZNE', 'TSOIL', 'U-GWD', 'UFLX', 'UGRD', 'ULWRF', 'USTM', 'USWRF', 'V-GWD', 'VEG', 'VFLX', 'VGRD', 'VIS', 'VRATE', 'VSTM', 'VVEL', 'VWSH', 'WATR', 'WEASD', 'WILT']",731.0,ok,3.935166899987962,2026-07-03T15:44:55Z,
gfs,2026-07-03,12,48,https://nomads.ncep.noaa.gov/pub/data/nccf/com/gfs/prod/gfs.20260703/12/atmos/gfs.t12z.pgrb2.0p25.f048.idx,743.0,89.0,"['4LFTX', 'ABSV', 'ACPCP', 'ALBDO', 'APCP', 'APTMP', 'CAPE', 'CFRZR', 'CICEP', 'CIN', 'CLWMR', 'CNWAT', 'CPOFP', 'CPRAT', 'CRAIN', 'CSNOW', 'CWAT', 'CWORK', 'DLWRF', 'DPT', 'DSWRF', 'DZDT', 'FLDCP', 'FRICV', 'GFLUX', 'GRLE', 'GUST', 'HCDC', 'HGT', 'HINDEX', 'HLCY', 'HPBL', 'ICAHT', 'ICEC', 'ICEG', 'ICETK', 'ICETMP', 'ICMR', 'LAND', 'LCDC', 'LFTX', 'LHTFL', 'MCDC', 'MSLET', 'O3MR', 'PEVPR', 'PLPL', 'POT', 'PRATE', 'PRES', 'PRMSL', 'PWAT', 'REFC', 'REFD', 'RH', 'RWMR', 'SFCR', 'SHTFL', 'SNMR', 'SNOD', 'SOILL', 'SOILW', 'SOTYP', 'SPFH', 'SUNSD', 'TCDC', 'TMAX', 'TMIN', 'TMP', 'TOZNE', 'TSOIL', 'U-GWD', 'UFLX', 'UGRD', 'ULWRF', 'USTM', 'USWRF', 'V-GWD', 'VEG', 'VFLX', 'VGRD', 'VIS', 'VRATE', 'VSTM', 'VVEL', 'VWSH', 'WATR', 'WEASD', 'WILT']",731.0,ok,3.987569299992174,2026-07-03T15:45:23Z,
gfs,2026-07-03,18,24,https://nomads.ncep.noaa.gov/pub/data/nccf/com/gfs/prod/gfs.20260703/18/atmos/gfs.t18z.pgrb2.0p25.f024.idx,743.0,89.0,"['4LFTX', 'ABSV', 'ACPCP', 'ALBDO', 'APCP', 'APTMP', 'CAPE', 'CFRZR', 'CICEP', 'CIN', 'CLWMR', 'CNWAT', 'CPOFP', 'CPRAT', 'CRAIN', 'CSNOW', 'CWAT', 'CWORK', 'DLWRF', 'DPT', 'DSWRF', 'DZDT', 'FLDCP', 'FRICV', 'GFLUX', 'GRLE', 'GUST', 'HCDC', 'HGT', 'HINDEX', 'HLCY', 'HPBL', 'ICAHT', 'ICEC', 'ICEG', 'ICETK', 'ICETMP', 'ICMR', 'LAND', 'LCDC', 'LFTX', 'LHTFL', 'MCDC', 'MSLET', 'O3MR', 'PEVPR', 'PLPL', 'POT', 'PRATE', 'PRES', 'PRMSL', 'PWAT', 'REFC', 'REFD', 'RH', 'RWMR', 'SFCR', 'SHTFL', 'SNMR', 'SNOD', 'SOILL', 'SOILW', 'SOTYP', 'SPFH', 'SUNSD', 'TCDC', 'TMAX', 'TMIN', 'TMP', 'TOZNE', 'TSOIL', 'U-GWD', 'UFLX', 'UGRD', 'ULWRF', 'USTM', 'USWRF', 'V-GWD', 'VEG', 'VFLX', 'VGRD', 'VIS', 'VRATE', 'VSTM', 'VVEL', 'VWSH', 'WATR', 'WEASD', 'WILT']",731.0,ok,2.27169139997568,2026-07-03T21:42:10Z,
gfs,2026-07-03,18,30,https://nomads.ncep.noaa.gov/pub/data/nccf/com/gfs/prod/gfs.20260703/18/atmos/gfs.t18z.pgrb2.0p25.f030.idx,743.0,89.0,"['4LFTX', 'ABSV', 'ACPCP', 'ALBDO', 'APCP', 'APTMP', 'CAPE', 'CFRZR', 'CICEP', 'CIN', 'CLWMR', 'CNWAT', 'CPOFP', 'CPRAT', 'CRAIN', 'CSNOW', 'CWAT', 'CWORK', 'DLWRF', 'DPT', 'DSWRF', 'DZDT', 'FLDCP', 'FRICV', 'GFLUX', 'GRLE', 'GUST', 'HCDC', 'HGT', 'HINDEX', 'HLCY', 'HPBL', 'ICAHT', 'ICEC', 'ICEG', 'ICETK', 'ICETMP', 'ICMR', 'LAND', 'LCDC', 'LFTX', 'LHTFL', 'MCDC', 'MSLET', 'O3MR', 'PEVPR', 'PLPL', 'POT', 'PRATE', 'PRES', 'PRMSL', 'PWAT', 'REFC', 'REFD', 'RH', 'RWMR', 'SFCR', 'SHTFL', 'SNMR', 'SNOD', 'SOILL', 'SOILW', 'SOTYP', 'SPFH', 'SUNSD', 'TCDC', 'TMAX', 'TMIN', 'TMP', 'TOZNE', 'TSOIL', 'U-GWD', 'UFLX', 'UGRD', 'ULWRF', 'USTM', 'USWRF', 'V-GWD', 'VEG', 'VFLX', 'VGRD', 'VIS', 'VRATE', 'VSTM', 'VVEL', 'VWSH', 'WATR', 'WEASD', 'WILT']",731.0,ok,2.5016602000105195,2026-07-03T21:43:23Z,
gfs,2026-07-03,18,33,https://nomads.ncep.noaa.gov/pub/data/nccf/com/gfs/prod/gfs.20260703/18/atmos/gfs.t18z.pgrb2.0p25.f033.idx,743.0,89.0,"['4LFTX', 'ABSV', 'ACPCP', 'ALBDO', 'APCP', 'APTMP', 'CAPE', 'CFRZR', 'CICEP', 'CIN', 'CLWMR', 'CNWAT', 'CPOFP', 'CPRAT', 'CRAIN', 'CSNOW', 'CWAT', 'CWORK', 'DLWRF', 'DPT', 'DSWRF', 'DZDT', 'FLDCP', 'FRICV', 'GFLUX', 'GRLE', 'GUST', 'HCDC', 'HGT', 'HINDEX', 'HLCY', 'HPBL', 'ICAHT', 'ICEC', 'ICEG', 'ICETK', 'ICETMP', 'ICMR', 'LAND', 'LCDC', 'LFTX', 'LHTFL', 'MCDC', 'MSLET', 'O3MR', 'PEVPR', 'PLPL', 'POT', 'PRATE', 'PRES', 'PRMSL', 'PWAT', 'REFC', 'REFD', 'RH', 'RWMR', 'SFCR', 'SHTFL', 'SNMR', 'SNOD', 'SOILL', 'SOILW', 'SOTYP', 'SPFH', 'SUNSD', 'TCDC', 'TMAX', 'TMIN', 'TMP', 'TOZNE', 'TSOIL', 'U-GWD', 'UFLX', 'UGRD', 'ULWRF', 'USTM', 'USWRF', 'V-GWD', 'VEG', 'VFLX', 'VGRD', 'VIS', 'VRATE', 'VSTM', 'VVEL', 'VWSH', 'WATR', 'WEASD', 'WILT']",731.0,ok,2.451389299996663,2026-07-03T21:44:03Z,
gfs,2026-07-03,18,42,https://nomads.ncep.noaa.gov/pub/data/nccf/com/gfs/prod/gfs.20260703/18/atmos/gfs.t18z.pgrb2.0p25.f042.idx,743.0,89.0,"['4LFTX', 'ABSV', 'ACPCP', 'ALBDO', 'APCP', 'APTMP', 'CAPE', 'CFRZR', 'CICEP', 'CIN', 'CLWMR', 'CNWAT', 'CPOFP', 'CPRAT', 'CRAIN', 'CSNOW', 'CWAT', 'CWORK', 'DLWRF', 'DPT', 'DSWRF', 'DZDT', 'FLDCP', 'FRICV', 'GFLUX', 'GRLE', 'GUST', 'HCDC', 'HGT', 'HINDEX', 'HLCY', 'HPBL', 'ICAHT', 'ICEC', 'ICEG', 'ICETK', 'ICETMP', 'ICMR', 'LAND', 'LCDC', 'LFTX', 'LHTFL', 'MCDC', 'MSLET', 'O3MR', 'PEVPR', 'PLPL', 'POT', 'PRATE', 'PRES', 'PRMSL', 'PWAT', 'REFC', 'REFD', 'RH', 'RWMR', 'SFCR', 'SHTFL', 'SNMR', 'SNOD', 'SOILL', 'SOILW', 'SOTYP', 'SPFH', 'SUNSD', 'TCDC', 'TMAX', 'TMIN', 'TMP', 'TOZNE', 'TSOIL', 'U-GWD', 'UFLX', 'UGRD', 'ULWRF', 'USTM', 'USWRF', 'V-GWD', 'VEG', 'VFLX', 'VGRD', 'VIS', 'VRATE', 'VSTM', 'VVEL', 'VWSH', 'WATR', 'WEASD', 'WILT']",731.0,ok,1.8598874000017531,2026-07-03T21:46:46Z,
gefs_control,2026-07-03,0,0,https://nomads.ncep.noaa.gov/pub/data/nccf/com/gens/prod/gefs.20260703/00/atmos/pgrb2sp25/gec00.t00z.pgrb2s.0p25.f000.idx,,,[],,error,2.2172910000081174,,"HTTPStatusError: Client error '404 Not Found' for url 'https://nomads.ncep.noaa.gov/pub/data/nccf/com/gens/prod/gefs.20260703/00/atmos/pgrb2sp25/gec00.t00z.pgrb2s.0p25.f000.idx'
For more information check: https://developer.mozilla.org/en-US/docs/Web/HTTP/Status/404"
gefs_control,2026-07-03,0,18,https://nomads.ncep.noaa.gov/pub/data/nccf/com/gens/prod/gefs.20260703/00/atmos/pgrb2sp25/gec00.t00z.pgrb2s.0p25.f018.idx,,,[],,error,2.1109422000008635,,"HTTPStatusError: Client error '404 Not Found' for url 'https://nomads.ncep.noaa.gov/pub/data/nccf/com/gens/prod/gefs.20260703/00/atmos/pgrb2sp25/gec00.t00z.pgrb2s.0p25.f018.idx'
For more information check: https://developer.mozilla.org/en-US/docs/Web/HTTP/Status/404"
gfs,2026-07-03,18,39,https://nomads.ncep.noaa.gov/pub/data/nccf/com/gfs/prod/gfs.20260703/18/atmos/gfs.t18z.pgrb2.0p25.f039.idx,743.0,89.0,"['4LFTX', 'ABSV', 'ACPCP', 'ALBDO', 'APCP', 'APTMP', 'CAPE', 'CFRZR', 'CICEP', 'CIN', 'CLWMR', 'CNWAT', 'CPOFP', 'CPRAT', 'CRAIN', 'CSNOW', 'CWAT', 'CWORK', 'DLWRF', 'DPT', 'DSWRF', 'DZDT', 'FLDCP', 'FRICV', 'GFLUX', 'GRLE', 'GUST', 'HCDC', 'HGT', 'HINDEX', 'HLCY', 'HPBL', 'ICAHT', 'ICEC', 'ICEG', 'ICETK', 'ICETMP', 'ICMR', 'LAND', 'LCDC', 'LFTX', 'LHTFL', 'MCDC', 'MSLET', 'O3MR', 'PEVPR', 'PLPL', 'POT', 'PRATE', 'PRES', 'PRMSL', 'PWAT', 'REFC', 'REFD', 'RH', 'RWMR', 'SFCR', 'SHTFL', 'SNMR', 'SNOD', 'SOILL', 'SOILW', 'SOTYP', 'SPFH', 'SUNSD', 'TCDC', 'TMAX', 'TMIN', 'TMP', 'TOZNE', 'TSOIL', 'U-GWD', 'UFLX', 'UGRD', 'ULWRF', 'USTM', 'USWRF', 'V-GWD', 'VEG', 'VFLX', 'VGRD', 'VIS', 'VRATE', 'VSTM', 'VVEL', 'VWSH', 'WATR', 'WEASD', 'WILT']",731.0,ok,3.544415099953767,2026-07-03T21:45:52Z,
gfs,2026-07-03,18,27,https://nomads.ncep.noaa.gov/pub/data/nccf/com/gfs/prod/gfs.20260703/18/atmos/gfs.t18z.pgrb2.0p25.f027.idx,743.0,89.0,"['4LFTX', 'ABSV', 'ACPCP', 'ALBDO', 'APCP', 'APTMP', 'CAPE', 'CFRZR', 'CICEP', 'CIN', 'CLWMR', 'CNWAT', 'CPOFP', 'CPRAT', 'CRAIN', 'CSNOW', 'CWAT', 'CWORK', 'DLWRF', 'DPT', 'DSWRF', 'DZDT', 'FLDCP', 'FRICV', 'GFLUX', 'GRLE', 'GUST', 'HCDC', 'HGT', 'HINDEX', 'HLCY', 'HPBL', 'ICAHT', 'ICEC', 'ICEG', 'ICETK', 'ICETMP', 'ICMR', 'LAND', 'LCDC', 'LFTX', 'LHTFL', 'MCDC', 'MSLET', 'O3MR', 'PEVPR', 'PLPL', 'POT', 'PRATE', 'PRES', 'PRMSL', 'PWAT', 'REFC', 'REFD', 'RH', 'RWMR', 'SFCR', 'SHTFL', 'SNMR', 'SNOD', 'SOILL', 'SOILW', 'SOTYP', 'SPFH', 'SUNSD', 'TCDC', 'TMAX', 'TMIN', 'TMP', 'TOZNE', 'TSOIL', 'U-GWD', 'UFLX', 'UGRD', 'ULWRF', 'USTM', 'USWRF', 'V-GWD', 'VEG', 'VFLX', 'VGRD', 'VIS', 'VRATE', 'VSTM', 'VVEL', 'VWSH', 'WATR', 'WEASD', 'WILT']",731.0,ok,4.125588399998378,2026-07-03T21:42:30Z,
gfs,2026-07-03,18,48,https://nomads.ncep.noaa.gov/pub/data/nccf/com/gfs/prod/gfs.20260703/18/atmos/gfs.t18z.pgrb2.0p25.f048.idx,743.0,89.0,"['4LFTX', 'ABSV', 'ACPCP', 'ALBDO', 'APCP', 'APTMP', 'CAPE', 'CFRZR', 'CICEP', 'CIN', 'CLWMR', 'CNWAT', 'CPOFP', 'CPRAT', 'CRAIN', 'CSNOW', 'CWAT', 'CWORK', 'DLWRF', 'DPT', 'DSWRF', 'DZDT', 'FLDCP', 'FRICV', 'GFLUX', 'GRLE', 'GUST', 'HCDC', 'HGT', 'HINDEX', 'HLCY', 'HPBL', 'ICAHT', 'ICEC', 'ICEG', 'ICETK', 'ICETMP', 'ICMR', 'LAND', 'LCDC', 'LFTX', 'LHTFL', 'MCDC', 'MSLET', 'O3MR', 'PEVPR', 'PLPL', 'POT', 'PRATE', 'PRES', 'PRMSL', 'PWAT', 'REFC', 'REFD', 'RH', 'RWMR', 'SFCR', 'SHTFL', 'SNMR', 'SNOD', 'SOILL', 'SOILW', 'SOTYP', 'SPFH', 'SUNSD', 'TCDC', 'TMAX', 'TMIN', 'TMP', 'TOZNE', 'TSOIL', 'U-GWD', 'UFLX', 'UGRD', 'ULWRF', 'USTM', 'USWRF', 'V-GWD', 'VEG', 'VFLX', 'VGRD', 'VIS', 'VRATE', 'VSTM', 'VVEL', 'VWSH', 'WATR', 'WEASD', 'WILT']",731.0,ok,3.1333311999915168,2026-07-03T21:48:14Z,
gfs,2026-07-03,18,45,https://nomads.ncep.noaa.gov/pub/data/nccf/com/gfs/prod/gfs.20260703/18/atmos/gfs.t18z.pgrb2.0p25.f045.idx,743.0,89.0,"['4LFTX', 'ABSV', 'ACPCP', 'ALBDO', 'APCP', 'APTMP', 'CAPE', 'CFRZR', 'CICEP', 'CIN', 'CLWMR', 'CNWAT', 'CPOFP', 'CPRAT', 'CRAIN', 'CSNOW', 'CWAT', 'CWORK', 'DLWRF', 'DPT', 'DSWRF', 'DZDT', 'FLDCP', 'FRICV', 'GFLUX', 'GRLE', 'GUST', 'HCDC', 'HGT', 'HINDEX', 'HLCY', 'HPBL', 'ICAHT', 'ICEC', 'ICEG', 'ICETK', 'ICETMP', 'ICMR', 'LAND', 'LCDC', 'LFTX', 'LHTFL', 'MCDC', 'MSLET', 'O3MR', 'PEVPR', 'PLPL', 'POT', 'PRATE', 'PRES', 'PRMSL', 'PWAT', 'REFC', 'REFD', 'RH', 'RWMR', 'SFCR', 'SHTFL', 'SNMR', 'SNOD', 'SOILL', 'SOILW', 'SOTYP', 'SPFH', 'SUNSD', 'TCDC', 'TMAX', 'TMIN', 'TMP', 'TOZNE', 'TSOIL', 'U-GWD', 'UFLX', 'UGRD', 'ULWRF', 'USTM', 'USWRF', 'V-GWD', 'VEG', 'VFLX', 'VGRD', 'VIS', 'VRATE', 'VSTM', 'VVEL', 'VWSH', 'WATR', 'WEASD', 'WILT']",731.0,ok,3.3761918999953195,2026-07-03T21:47:36Z,
gefs_control,2026-07-03,0,6,https://nomads.ncep.noaa.gov/pub/data/nccf/com/gens/prod/gefs.20260703/00/atmos/pgrb2sp25/gec00.t00z.pgrb2s.0p25.f006.idx,,,[],,error,3.404022899980191,,"HTTPStatusError: Client error '404 Not Found' for url 'https://nomads.ncep.noaa.gov/pub/data/nccf/com/gens/prod/gefs.20260703/00/atmos/pgrb2sp25/gec00.t00z.pgrb2s.0p25.f006.idx'
For more information check: https://developer.mozilla.org/en-US/docs/Web/HTTP/Status/404"
gefs_control,2026-07-03,0,39,https://nomads.ncep.noaa.gov/pub/data/nccf/com/gens/prod/gefs.20260703/00/atmos/pgrb2sp25/gec00.t00z.pgrb2s.0p25.f039.idx,,,[],,error,2.018348600016907,,"HTTPStatusError: Client error '404 Not Found' for url 'https://nomads.ncep.noaa.gov/pub/data/nccf/com/gens/prod/gefs.20260703/00/atmos/pgrb2sp25/gec00.t00z.pgrb2s.0p25.f039.idx'
For more information check: https://developer.mozilla.org/en-US/docs/Web/HTTP/Status/404"
gefs_control,2026-07-03,0,42,https://nomads.ncep.noaa.gov/pub/data/nccf/com/gens/prod/gefs.20260703/00/atmos/pgrb2sp25/gec00.t00z.pgrb2s.0p25.f042.idx,,,[],,error,2.235417800024152,,"HTTPStatusError: Client error '404 Not Found' for url 'https://nomads.ncep.noaa.gov/pub/data/nccf/com/gens/prod/gefs.20260703/00/atmos/pgrb2sp25/gec00.t00z.pgrb2s.0p25.f042.idx'
For more information check: https://developer.mozilla.org/en-US/docs/Web/HTTP/Status/404"
gefs_control,2026-07-03,0,33,https://nomads.ncep.noaa.gov/pub/data/nccf/com/gens/prod/gefs.20260703/00/atmos/pgrb2sp25/gec00.t00z.pgrb2s.0p25.f033.idx,,,[],,error,3.012390299991239,,"HTTPStatusError: Client error '404 Not Found' for url 'https://nomads.ncep.noaa.gov/pub/data/nccf/com/gens/prod/gefs.20260703/00/atmos/pgrb2sp25/gec00.t00z.pgrb2s.0p25.f033.idx'
For more information check: https://developer.mozilla.org/en-US/docs/Web/HTTP/Status/404"
gfs,2026-07-03,18,36,https://nomads.ncep.noaa.gov/pub/data/nccf/com/gfs/prod/gfs.20260703/18/atmos/gfs.t18z.pgrb2.0p25.f036.idx,743.0,89.0,"['4LFTX', 'ABSV', 'ACPCP', 'ALBDO', 'APCP', 'APTMP', 'CAPE', 'CFRZR', 'CICEP', 'CIN', 'CLWMR', 'CNWAT', 'CPOFP', 'CPRAT', 'CRAIN', 'CSNOW', 'CWAT', 'CWORK', 'DLWRF', 'DPT', 'DSWRF', 'DZDT', 'FLDCP', 'FRICV', 'GFLUX', 'GRLE', 'GUST', 'HCDC', 'HGT', 'HINDEX', 'HLCY', 'HPBL', 'ICAHT', 'ICEC', 'ICEG', 'ICETK', 'ICETMP', 'ICMR', 'LAND', 'LCDC', 'LFTX', 'LHTFL', 'MCDC', 'MSLET', 'O3MR', 'PEVPR', 'PLPL', 'POT', 'PRATE', 'PRES', 'PRMSL', 'PWAT', 'REFC', 'REFD', 'RH', 'RWMR', 'SFCR', 'SHTFL', 'SNMR', 'SNOD', 'SOILL', 'SOILW', 'SOTYP', 'SPFH', 'SUNSD', 'TCDC', 'TMAX', 'TMIN', 'TMP', 'TOZNE', 'TSOIL', 'U-GWD', 'UFLX', 'UGRD', 'ULWRF', 'USTM', 'USWRF', 'V-GWD', 'VEG', 'VFLX', 'VGRD', 'VIS', 'VRATE', 'VSTM', 'VVEL', 'VWSH', 'WATR', 'WEASD', 'WILT']",731.0,ok,4.801526200026274,2026-07-03T21:46:01Z,
gefs_control,2026-07-03,0,36,https://nomads.ncep.noaa.gov/pub/data/nccf/com/gens/prod/gefs.20260703/00/atmos/pgrb2sp25/gec00.t00z.pgrb2s.0p25.f036.idx,,,[],,error,2.927460900042206,,"HTTPStatusError: Client error '404 Not Found' for url 'https://nomads.ncep.noaa.gov/pub/data/nccf/com/gens/prod/gefs.20260703/00/atmos/pgrb2sp25/gec00.t00z.pgrb2s.0p25.f036.idx'
For more information check: https://developer.mozilla.org/en-US/docs/Web/HTTP/Status/404"
gefs_control,2026-07-03,0,45,https://nomads.ncep.noaa.gov/pub/data/nccf/com/gens/prod/gefs.20260703/00/atmos/pgrb2sp25/gec00.t00z.pgrb2s.0p25.f045.idx,,,[],,error,2.5435660000075586,,"HTTPStatusError: Client error '404 Not Found' for url 'https://nomads.ncep.noaa.gov/pub/data/nccf/com/gens/prod/gefs.20260703/00/atmos/pgrb2sp25/gec00.t00z.pgrb2s.0p25.f045.idx'
For more information check: https://developer.mozilla.org/en-US/docs/Web/HTTP/Status/404"
gefs_control,2026-07-03,0,48,https://nomads.ncep.noaa.gov/pub/data/nccf/com/gens/prod/gefs.20260703/00/atmos/pgrb2sp25/gec00.t00z.pgrb2s.0p25.f048.idx,,,[],,error,2.254210699989926,,"HTTPStatusError: Client error '404 Not Found' for url 'https://nomads.ncep.noaa.gov/pub/data/nccf/com/gens/prod/gefs.20260703/00/atmos/pgrb2sp25/gec00.t00z.pgrb2s.0p25.f048.idx'
For more information check: https://developer.mozilla.org/en-US/docs/Web/HTTP/Status/404"
gefs_control,2026-07-03,0,21,https://nomads.ncep.noaa.gov/pub/data/nccf/com/gens/prod/gefs.20260703/00/atmos/pgrb2sp25/gec00.t00z.pgrb2s.0p25.f021.idx,,,[],,error,4.533351499994751,,"HTTPStatusError: Client error '404 Not Found' for url 'https://nomads.ncep.noaa.gov/pub/data/nccf/com/gens/prod/gefs.20260703/00/atmos/pgrb2sp25/gec00.t00z.pgrb2s.0p25.f021.idx'
For more information check: https://developer.mozilla.org/en-US/docs/Web/HTTP/Status/404"
gefs_control,2026-07-03,0,30,https://nomads.ncep.noaa.gov/pub/data/nccf/com/gens/prod/gefs.20260703/00/atmos/pgrb2sp25/gec00.t00z.pgrb2s.0p25.f030.idx,,,[],,error,4.387759500008542,,"HTTPStatusError: Client error '404 Not Found' for url 'https://nomads.ncep.noaa.gov/pub/data/nccf/com/gens/prod/gefs.20260703/00/atmos/pgrb2sp25/gec00.t00z.pgrb2s.0p25.f030.idx'
For more information check: https://developer.mozilla.org/en-US/docs/Web/HTTP/Status/404"
gefs_control,2026-07-03,0,12,https://nomads.ncep.noaa.gov/pub/data/nccf/com/gens/prod/gefs.20260703/00/atmos/pgrb2sp25/gec00.t00z.pgrb2s.0p25.f012.idx,,,[],,error,4.77944260003278,,"HTTPStatusError: Client error '404 Not Found' for url 'https://nomads.ncep.noaa.gov/pub/data/nccf/com/gens/prod/gefs.20260703/00/atmos/pgrb2sp25/gec00.t00z.pgrb2s.0p25.f012.idx'
For more information check: https://developer.mozilla.org/en-US/docs/Web/HTTP/Status/404"
gefs_control,2026-07-03,0,27,https://nomads.ncep.noaa.gov/pub/data/nccf/com/gens/prod/gefs.20260703/00/atmos/pgrb2sp25/gec00.t00z.pgrb2s.0p25.f027.idx,,,[],,error,4.562711200036574,,"HTTPStatusError: Client error '404 Not Found' for url 'https://nomads.ncep.noaa.gov/pub/data/nccf/com/gens/prod/gefs.20260703/00/atmos/pgrb2sp25/gec00.t00z.pgrb2s.0p25.f027.idx'
For more information check: https://developer.mozilla.org/en-US/docs/Web/HTTP/Status/404"
gefs_control,2026-07-03,0,24,https://nomads.ncep.noaa.gov/pub/data/nccf/com/gens/prod/gefs.20260703/00/atmos/pgrb2sp25/gec00.t00z.pgrb2s.0p25.f024.idx,,,[],,error,4.785658399981912,,"HTTPStatusError: Client error '404 Not Found' for url 'https://nomads.ncep.noaa.gov/pub/data/nccf/com/gens/prod/gefs.20260703/00/atmos/pgrb2sp25/gec00.t00z.pgrb2s.0p25.f024.idx'
For more information check: https://developer.mozilla.org/en-US/docs/Web/HTTP/Status/404"
gefs_control,2026-07-03,6,0,https://nomads.ncep.noaa.gov/pub/data/nccf/com/gens/prod/gefs.20260703/06/atmos/pgrb2sp25/gec00.t06z.pgrb2s.0p25.f000.idx,,,[],,error,2.8757704999879934,,"HTTPStatusError: Client error '404 Not Found' for url 'https://nomads.ncep.noaa.gov/pub/data/nccf/com/gens/prod/gefs.20260703/06/atmos/pgrb2sp25/gec00.t06z.pgrb2s.0p25.f000.idx'
For more information check: https://developer.mozilla.org/en-US/docs/Web/HTTP/Status/404"
gefs_control,2026-07-03,6,6,https://nomads.ncep.noaa.gov/pub/data/nccf/com/gens/prod/gefs.20260703/06/atmos/pgrb2sp25/gec00.t06z.pgrb2s.0p25.f006.idx,,,[],,error,2.6869032999966294,,"HTTPStatusError: Client error '404 Not Found' for url 'https://nomads.ncep.noaa.gov/pub/data/nccf/com/gens/prod/gefs.20260703/06/atmos/pgrb2sp25/gec00.t06z.pgrb2s.0p25.f006.idx'
For more information check: https://developer.mozilla.org/en-US/docs/Web/HTTP/Status/404"
gefs_control,2026-07-03,6,15,https://nomads.ncep.noaa.gov/pub/data/nccf/com/gens/prod/gefs.20260703/06/atmos/pgrb2sp25/gec00.t06z.pgrb2s.0p25.f015.idx,,,[],,error,2.206424500036519,,"HTTPStatusError: Client error '404 Not Found' for url 'https://nomads.ncep.noaa.gov/pub/data/nccf/com/gens/prod/gefs.20260703/06/atmos/pgrb2sp25/gec00.t06z.pgrb2s.0p25.f015.idx'
For more information check: https://developer.mozilla.org/en-US/docs/Web/HTTP/Status/404"
gefs_control,2026-07-03,6,9,https://nomads.ncep.noaa.gov/pub/data/nccf/com/gens/prod/gefs.20260703/06/atmos/pgrb2sp25/gec00.t06z.pgrb2s.0p25.f009.idx,,,[],,error,2.7920873000402935,,"HTTPStatusError: Client error '404 Not Found' for url 'https://nomads.ncep.noaa.gov/pub/data/nccf/com/gens/prod/gefs.20260703/06/atmos/pgrb2sp25/gec00.t06z.pgrb2s.0p25.f009.idx'
For more information check: https://developer.mozilla.org/en-US/docs/Web/HTTP/Status/404"
gefs_control,2026-07-03,0,3,https://nomads.ncep.noaa.gov/pub/data/nccf/com/gens/prod/gefs.20260703/00/atmos/pgrb2sp25/gec00.t00z.pgrb2s.0p25.f003.idx,,,[],,error,6.065006599994376,,"HTTPStatusError: Client error '404 Not Found' for url 'https://nomads.ncep.noaa.gov/pub/data/nccf/com/gens/prod/gefs.20260703/00/atmos/pgrb2sp25/gec00.t00z.pgrb2s.0p25.f003.idx'
For more information check: https://developer.mozilla.org/en-US/docs/Web/HTTP/Status/404"
gefs_control,2026-07-03,0,9,https://nomads.ncep.noaa.gov/pub/data/nccf/com/gens/prod/gefs.20260703/00/atmos/pgrb2sp25/gec00.t00z.pgrb2s.0p25.f009.idx,,,[],,error,5.906071599980351,,"HTTPStatusError: Client error '404 Not Found' for url 'https://nomads.ncep.noaa.gov/pub/data/nccf/com/gens/prod/gefs.20260703/00/atmos/pgrb2sp25/gec00.t00z.pgrb2s.0p25.f009.idx'
For more information check: https://developer.mozilla.org/en-US/docs/Web/HTTP/Status/404"
gefs_control,2026-07-03,6,3,https://nomads.ncep.noaa.gov/pub/data/nccf/com/gens/prod/gefs.20260703/06/atmos/pgrb2sp25/gec00.t06z.pgrb2s.0p25.f003.idx,,,[],,error,3.3940819000126794,,"HTTPStatusError: Client error '404 Not Found' for url 'https://nomads.ncep.noaa.gov/pub/data/nccf/com/gens/prod/gefs.20260703/06/atmos/pgrb2sp25/gec00.t06z.pgrb2s.0p25.f003.idx'
For more information check: https://developer.mozilla.org/en-US/docs/Web/HTTP/Status/404"
gefs_control,2026-07-03,6,12,https://nomads.ncep.noaa.gov/pub/data/nccf/com/gens/prod/gefs.20260703/06/atmos/pgrb2sp25/gec00.t06z.pgrb2s.0p25.f012.idx,,,[],,error,2.9485325000132434,,"HTTPStatusError: Client error '404 Not Found' for url 'https://nomads.ncep.noaa.gov/pub/data/nccf/com/gens/prod/gefs.20260703/06/atmos/pgrb2sp25/gec00.t06z.pgrb2s.0p25.f012.idx'
For more information check: https://developer.mozilla.org/en-US/docs/Web/HTTP/Status/404"
gefs_control,2026-07-03,6,18,https://nomads.ncep.noaa.gov/pub/data/nccf/com/gens/prod/gefs.20260703/06/atmos/pgrb2sp25/gec00.t06z.pgrb2s.0p25.f018.idx,,,[],,error,2.6609245999716222,,"HTTPStatusError: Client error '404 Not Found' for url 'https://nomads.ncep.noaa.gov/pub/data/nccf/com/gens/prod/gefs.20260703/06/atmos/pgrb2sp25/gec00.t06z.pgrb2s.0p25.f018.idx'
For more information check: https://developer.mozilla.org/en-US/docs/Web/HTTP/Status/404"
gefs_control,2026-07-03,0,15,https://nomads.ncep.noaa.gov/pub/data/nccf/com/gens/prod/gefs.20260703/00/atmos/pgrb2sp25/gec00.t00z.pgrb2s.0p25.f015.idx,,,[],,error,6.420020800025668,,"HTTPStatusError: Client error '404 Not Found' for url 'https://nomads.ncep.noaa.gov/pub/data/nccf/com/gens/prod/gefs.20260703/00/atmos/pgrb2sp25/gec00.t00z.pgrb2s.0p25.f015.idx'
For more information check: https://developer.mozilla.org/en-US/docs/Web/HTTP/Status/404"
gefs_control,2026-07-03,6,21,https://nomads.ncep.noaa.gov/pub/data/nccf/com/gens/prod/gefs.20260703/06/atmos/pgrb2sp25/gec00.t06z.pgrb2s.0p25.f021.idx,,,[],,error,3.0846996000036597,,"HTTPStatusError: Client error '404 Not Found' for url 'https://nomads.ncep.noaa.gov/pub/data/nccf/com/gens/prod/gefs.20260703/06/atmos/pgrb2sp25/gec00.t06z.pgrb2s.0p25.f021.idx'
For more information check: https://developer.mozilla.org/en-US/docs/Web/HTTP/Status/404"
gefs_control,2026-07-03,6,30,https://nomads.ncep.noaa.gov/pub/data/nccf/com/gens/prod/gefs.20260703/06/atmos/pgrb2sp25/gec00.t06z.pgrb2s.0p25.f030.idx,,,[],,error,2.361465699970722,,"HTTPStatusError: Client error '404 Not Found' for url 'https://nomads.ncep.noaa.gov/pub/data/nccf/com/gens/prod/gefs.20260703/06/atmos/pgrb2sp25/gec00.t06z.pgrb2s.0p25.f030.idx'
For more information check: https://developer.mozilla.org/en-US/docs/Web/HTTP/Status/404"
gefs_control,2026-07-03,6,27,https://nomads.ncep.noaa.gov/pub/data/nccf/com/gens/prod/gefs.20260703/06/atmos/pgrb2sp25/gec00.t06z.pgrb2s.0p25.f027.idx,,,[],,error,3.1459891000413336,,"HTTPStatusError: Client error '404 Not Found' for url 'https://nomads.ncep.noaa.gov/pub/data/nccf/com/gens/prod/gefs.20260703/06/atmos/pgrb2sp25/gec00.t06z.pgrb2s.0p25.f027.idx'
For more information check: https://developer.mozilla.org/en-US/docs/Web/HTTP/Status/404"
gefs_control,2026-07-03,6,33,https://nomads.ncep.noaa.gov/pub/data/nccf/com/gens/prod/gefs.20260703/06/atmos/pgrb2sp25/gec00.t06z.pgrb2s.0p25.f033.idx,,,[],,error,2.642774500011001,,"HTTPStatusError: Client error '404 Not Found' for url 'https://nomads.ncep.noaa.gov/pub/data/nccf/com/gens/prod/gefs.20260703/06/atmos/pgrb2sp25/gec00.t06z.pgrb2s.0p25.f033.idx'
For more information check: https://developer.mozilla.org/en-US/docs/Web/HTTP/Status/404"
gefs_control,2026-07-03,12,6,https://nomads.ncep.noaa.gov/pub/data/nccf/com/gens/prod/gefs.20260703/12/atmos/pgrb2sp25/gec00.t12z.pgrb2s.0p25.f006.idx,,,[],,error,2.1329870999907143,,"HTTPStatusError: Client error '404 Not Found' for url 'https://nomads.ncep.noaa.gov/pub/data/nccf/com/gens/prod/gefs.20260703/12/atmos/pgrb2sp25/gec00.t12z.pgrb2s.0p25.f006.idx'
For more information check: https://developer.mozilla.org/en-US/docs/Web/HTTP/Status/404"
gefs_control,2026-07-03,6,36,https://nomads.ncep.noaa.gov/pub/data/nccf/com/gens/prod/gefs.20260703/06/atmos/pgrb2sp25/gec00.t06z.pgrb2s.0p25.f036.idx,,,[],,error,3.7429649000405334,,"HTTPStatusError: Client error '404 Not Found' for url 'https://nomads.ncep.noaa.gov/pub/data/nccf/com/gens/prod/gefs.20260703/06/atmos/pgrb2sp25/gec00.t06z.pgrb2s.0p25.f036.idx'
For more information check: https://developer.mozilla.org/en-US/docs/Web/HTTP/Status/404"
gefs_control,2026-07-03,6,39,https://nomads.ncep.noaa.gov/pub/data/nccf/com/gens/prod/gefs.20260703/06/atmos/pgrb2sp25/gec00.t06z.pgrb2s.0p25.f039.idx,,,[],,error,3.7910377999651246,,"HTTPStatusError: Client error '404 Not Found' for url 'https://nomads.ncep.noaa.gov/pub/data/nccf/com/gens/prod/gefs.20260703/06/atmos/pgrb2sp25/gec00.t06z.pgrb2s.0p25.f039.idx'
For more information check: https://developer.mozilla.org/en-US/docs/Web/HTTP/Status/404"
gefs_control,2026-07-03,6,24,https://nomads.ncep.noaa.gov/pub/data/nccf/com/gens/prod/gefs.20260703/06/atmos/pgrb2sp25/gec00.t06z.pgrb2s.0p25.f024.idx,,,[],,error,4.908285900019109,,"HTTPStatusError: Client error '404 Not Found' for url 'https://nomads.ncep.noaa.gov/pub/data/nccf/com/gens/prod/gefs.20260703/06/atmos/pgrb2sp25/gec00.t06z.pgrb2s.0p25.f024.idx'
For more information check: https://developer.mozilla.org/en-US/docs/Web/HTTP/Status/404"
gefs_control,2026-07-03,6,45,https://nomads.ncep.noaa.gov/pub/data/nccf/com/gens/prod/gefs.20260703/06/atmos/pgrb2sp25/gec00.t06z.pgrb2s.0p25.f045.idx,,,[],,error,3.7128425000119023,,"HTTPStatusError: Client error '404 Not Found' for url 'https://nomads.ncep.noaa.gov/pub/data/nccf/com/gens/prod/gefs.20260703/06/atmos/pgrb2sp25/gec00.t06z.pgrb2s.0p25.f045.idx'
For more information check: https://developer.mozilla.org/en-US/docs/Web/HTTP/Status/404"
gefs_control,2026-07-03,6,48,https://nomads.ncep.noaa.gov/pub/data/nccf/com/gens/prod/gefs.20260703/06/atmos/pgrb2sp25/gec00.t06z.pgrb2s.0p25.f048.idx,,,[],,error,3.815597600012552,,"HTTPStatusError: Client error '404 Not Found' for url 'https://nomads.ncep.noaa.gov/pub/data/nccf/com/gens/prod/gefs.20260703/06/atmos/pgrb2sp25/gec00.t06z.pgrb2s.0p25.f048.idx'
For more information check: https://developer.mozilla.org/en-US/docs/Web/HTTP/Status/404"
gefs_control,2026-07-03,6,42,https://nomads.ncep.noaa.gov/pub/data/nccf/com/gens/prod/gefs.20260703/06/atmos/pgrb2sp25/gec00.t06z.pgrb2s.0p25.f042.idx,,,[],,error,4.020192300027702,,"HTTPStatusError: Client error '404 Not Found' for url 'https://nomads.ncep.noaa.gov/pub/data/nccf/com/gens/prod/gefs.20260703/06/atmos/pgrb2sp25/gec00.t06z.pgrb2s.0p25.f042.idx'
For more information check: https://developer.mozilla.org/en-US/docs/Web/HTTP/Status/404"
gefs_control,2026-07-03,12,0,https://nomads.ncep.noaa.gov/pub/data/nccf/com/gens/prod/gefs.20260703/12/atmos/pgrb2sp25/gec00.t12z.pgrb2s.0p25.f000.idx,,,[],,error,3.499654199986253,,"HTTPStatusError: Client error '404 Not Found' for url 'https://nomads.ncep.noaa.gov/pub/data/nccf/com/gens/prod/gefs.20260703/12/atmos/pgrb2sp25/gec00.t12z.pgrb2s.0p25.f000.idx'
For more information check: https://developer.mozilla.org/en-US/docs/Web/HTTP/Status/404"
gefs_control,2026-07-03,12,21,https://nomads.ncep.noaa.gov/pub/data/nccf/com/gens/prod/gefs.20260703/12/atmos/pgrb2sp25/gec00.t12z.pgrb2s.0p25.f021.idx,,,[],,error,2.951113899995107,,"HTTPStatusError: Client error '404 Not Found' for url 'https://nomads.ncep.noaa.gov/pub/data/nccf/com/gens/prod/gefs.20260703/12/atmos/pgrb2sp25/gec00.t12z.pgrb2s.0p25.f021.idx'
For more information check: https://developer.mozilla.org/en-US/docs/Web/HTTP/Status/404"
gefs_control,2026-07-03,12,24,https://nomads.ncep.noaa.gov/pub/data/nccf/com/gens/prod/gefs.20260703/12/atmos/pgrb2sp25/gec00.t12z.pgrb2s.0p25.f024.idx,,,[],,error,2.8693438000045717,,"HTTPStatusError: Client error '404 Not Found' for url 'https://nomads.ncep.noaa.gov/pub/data/nccf/com/gens/prod/gefs.20260703/12/atmos/pgrb2sp25/gec00.t12z.pgrb2s.0p25.f024.idx'
For more information check: https://developer.mozilla.org/en-US/docs/Web/HTTP/Status/404"
gefs_control,2026-07-03,12,18,https://nomads.ncep.noaa.gov/pub/data/nccf/com/gens/prod/gefs.20260703/12/atmos/pgrb2sp25/gec00.t12z.pgrb2s.0p25.f018.idx,,,[],,error,3.206285299966112,,"HTTPStatusError: Client error '404 Not Found' for url 'https://nomads.ncep.noaa.gov/pub/data/nccf/com/gens/prod/gefs.20260703/12/atmos/pgrb2sp25/gec00.t12z.pgrb2s.0p25.f018.idx'
For more information check: https://developer.mozilla.org/en-US/docs/Web/HTTP/Status/404"
gefs_control,2026-07-03,12,3,https://nomads.ncep.noaa.gov/pub/data/nccf/com/gens/prod/gefs.20260703/12/atmos/pgrb2sp25/gec00.t12z.pgrb2s.0p25.f003.idx,,,[],,error,3.7542470000335015,,"HTTPStatusError: Client error '404 Not Found' for url 'https://nomads.ncep.noaa.gov/pub/data/nccf/com/gens/prod/gefs.20260703/12/atmos/pgrb2sp25/gec00.t12z.pgrb2s.0p25.f003.idx'
For more information check: https://developer.mozilla.org/en-US/docs/Web/HTTP/Status/404"
gefs_control,2026-07-03,12,39,https://nomads.ncep.noaa.gov/pub/data/nccf/com/gens/prod/gefs.20260703/12/atmos/pgrb2sp25/gec00.t12z.pgrb2s.0p25.f039.idx,,,[],,error,2.116006600030232,,"HTTPStatusError: Client error '404 Not Found' for url 'https://nomads.ncep.noaa.gov/pub/data/nccf/com/gens/prod/gefs.20260703/12/atmos/pgrb2sp25/gec00.t12z.pgrb2s.0p25.f039.idx'
For more information check: https://developer.mozilla.org/en-US/docs/Web/HTTP/Status/404"
gefs_control,2026-07-03,12,9,https://nomads.ncep.noaa.gov/pub/data/nccf/com/gens/prod/gefs.20260703/12/atmos/pgrb2sp25/gec00.t12z.pgrb2s.0p25.f009.idx,,,[],,error,3.6750093000009656,,"HTTPStatusError: Client error '404 Not Found' for url 'https://nomads.ncep.noaa.gov/pub/data/nccf/com/gens/prod/gefs.20260703/12/atmos/pgrb2sp25/gec00.t12z.pgrb2s.0p25.f009.idx'
For more information check: https://developer.mozilla.org/en-US/docs/Web/HTTP/Status/404"
gefs_control,2026-07-03,12,33,https://nomads.ncep.noaa.gov/pub/data/nccf/com/gens/prod/gefs.20260703/12/atmos/pgrb2sp25/gec00.t12z.pgrb2s.0p25.f033.idx,,,[],,error,2.716046500019729,,"HTTPStatusError: Client error '404 Not Found' for url 'https://nomads.ncep.noaa.gov/pub/data/nccf/com/gens/prod/gefs.20260703/12/atmos/pgrb2sp25/gec00.t12z.pgrb2s.0p25.f033.idx'
For more information check: https://developer.mozilla.org/en-US/docs/Web/HTTP/Status/404"
gefs_control,2026-07-03,12,30,https://nomads.ncep.noaa.gov/pub/data/nccf/com/gens/prod/gefs.20260703/12/atmos/pgrb2sp25/gec00.t12z.pgrb2s.0p25.f030.idx,,,[],,error,2.76934210001491,,"HTTPStatusError: Client error '404 Not Found' for url 'https://nomads.ncep.noaa.gov/pub/data/nccf/com/gens/prod/gefs.20260703/12/atmos/pgrb2sp25/gec00.t12z.pgrb2s.0p25.f030.idx'
For more information check: https://developer.mozilla.org/en-US/docs/Web/HTTP/Status/404"
gefs_control,2026-07-03,12,36,https://nomads.ncep.noaa.gov/pub/data/nccf/com/gens/prod/gefs.20260703/12/atmos/pgrb2sp25/gec00.t12z.pgrb2s.0p25.f036.idx,,,[],,error,2.4123852999764495,,"HTTPStatusError: Client error '404 Not Found' for url 'https://nomads.ncep.noaa.gov/pub/data/nccf/com/gens/prod/gefs.20260703/12/atmos/pgrb2sp25/gec00.t12z.pgrb2s.0p25.f036.idx'
For more information check: https://developer.mozilla.org/en-US/docs/Web/HTTP/Status/404"
gefs_control,2026-07-03,12,42,https://nomads.ncep.noaa.gov/pub/data/nccf/com/gens/prod/gefs.20260703/12/atmos/pgrb2sp25/gec00.t12z.pgrb2s.0p25.f042.idx,,,[],,error,2.065307499957271,,"HTTPStatusError: Client error '404 Not Found' for url 'https://nomads.ncep.noaa.gov/pub/data/nccf/com/gens/prod/gefs.20260703/12/atmos/pgrb2sp25/gec00.t12z.pgrb2s.0p25.f042.idx'
For more information check: https://developer.mozilla.org/en-US/docs/Web/HTTP/Status/404"
gefs_control,2026-07-03,12,15,https://nomads.ncep.noaa.gov/pub/data/nccf/com/gens/prod/gefs.20260703/12/atmos/pgrb2sp25/gec00.t12z.pgrb2s.0p25.f015.idx,,,[],,error,4.2162807999993674,,"HTTPStatusError: Client error '404 Not Found' for url 'https://nomads.ncep.noaa.gov/pub/data/nccf/com/gens/prod/gefs.20260703/12/atmos/pgrb2sp25/gec00.t12z.pgrb2s.0p25.f015.idx'
For more information check: https://developer.mozilla.org/en-US/docs/Web/HTTP/Status/404"
gefs_control,2026-07-03,12,12,https://nomads.ncep.noaa.gov/pub/data/nccf/com/gens/prod/gefs.20260703/12/atmos/pgrb2sp25/gec00.t12z.pgrb2s.0p25.f012.idx,,,[],,error,4.670714599953499,,"HTTPStatusError: Client error '404 Not Found' for url 'https://nomads.ncep.noaa.gov/pub/data/nccf/com/gens/prod/gefs.20260703/12/atmos/pgrb2sp25/gec00.t12z.pgrb2s.0p25.f012.idx'
For more information check: https://developer.mozilla.org/en-US/docs/Web/HTTP/Status/404"
gefs_control,2026-07-03,12,27,https://nomads.ncep.noaa.gov/pub/data/nccf/com/gens/prod/gefs.20260703/12/atmos/pgrb2sp25/gec00.t12z.pgrb2s.0p25.f027.idx,,,[],,error,4.660507399996277,,"HTTPStatusError: Client error '404 Not Found' for url 'https://nomads.ncep.noaa.gov/pub/data/nccf/com/gens/prod/gefs.20260703/12/atmos/pgrb2sp25/gec00.t12z.pgrb2s.0p25.f027.idx'
For more information check: https://developer.mozilla.org/en-US/docs/Web/HTTP/Status/404"
gefs_control,2026-07-03,18,18,https://nomads.ncep.noaa.gov/pub/data/nccf/com/gens/prod/gefs.20260703/18/atmos/pgrb2sp25/gec00.t18z.pgrb2s.0p25.f018.idx,,,[],,error,2.3265442000119947,,"HTTPStatusError: Client error '404 Not Found' for url 'https://nomads.ncep.noaa.gov/pub/data/nccf/com/gens/prod/gefs.20260703/18/atmos/pgrb2sp25/gec00.t18z.pgrb2s.0p25.f018.idx'
For more information check: https://developer.mozilla.org/en-US/docs/Web/HTTP/Status/404"
gefs_control,2026-07-03,18,0,https://nomads.ncep.noaa.gov/pub/data/nccf/com/gens/prod/gefs.20260703/18/atmos/pgrb2sp25/gec00.t18z.pgrb2s.0p25.f000.idx,,,[],,error,2.944039200025145,,"HTTPStatusError: Client error '404 Not Found' for url 'https://nomads.ncep.noaa.gov/pub/data/nccf/com/gens/prod/gefs.20260703/18/atmos/pgrb2sp25/gec00.t18z.pgrb2s.0p25.f000.idx'
For more information check: https://developer.mozilla.org/en-US/docs/Web/HTTP/Status/404"
gefs_control,2026-07-03,12,45,https://nomads.ncep.noaa.gov/pub/data/nccf/com/gens/prod/gefs.20260703/12/atmos/pgrb2sp25/gec00.t12z.pgrb2s.0p25.f045.idx,,,[],,error,3.36993290000828,,"HTTPStatusError: Client error '404 Not Found' for url 'https://nomads.ncep.noaa.gov/pub/data/nccf/com/gens/prod/gefs.20260703/12/atmos/pgrb2sp25/gec00.t12z.pgrb2s.0p25.f045.idx'
For more information check: https://developer.mozilla.org/en-US/docs/Web/HTTP/Status/404"
gefs_control,2026-07-03,18,12,https://nomads.ncep.noaa.gov/pub/data/nccf/com/gens/prod/gefs.20260703/18/atmos/pgrb2sp25/gec00.t18z.pgrb2s.0p25.f012.idx,,,[],,error,3.0312655000016093,,"HTTPStatusError: Client error '404 Not Found' for url 'https://nomads.ncep.noaa.gov/pub/data/nccf/com/gens/prod/gefs.20260703/18/atmos/pgrb2sp25/gec00.t18z.pgrb2s.0p25.f012.idx'
For more information check: https://developer.mozilla.org/en-US/docs/Web/HTTP/Status/404"
gefs_control,2026-07-03,18,27,https://nomads.ncep.noaa.gov/pub/data/nccf/com/gens/prod/gefs.20260703/18/atmos/pgrb2sp25/gec00.t18z.pgrb2s.0p25.f027.idx,,,[],,error,2.7160364000010304,,"HTTPStatusError: Client error '404 Not Found' for url 'https://nomads.ncep.noaa.gov/pub/data/nccf/com/gens/prod/gefs.20260703/18/atmos/pgrb2sp25/gec00.t18z.pgrb2s.0p25.f027.idx'
For more information check: https://developer.mozilla.org/en-US/docs/Web/HTTP/Status/404"
gefs_control,2026-07-03,18,15,https://nomads.ncep.noaa.gov/pub/data/nccf/com/gens/prod/gefs.20260703/18/atmos/pgrb2sp25/gec00.t18z.pgrb2s.0p25.f015.idx,,,[],,error,2.9998492000158876,,"HTTPStatusError: Client error '404 Not Found' for url 'https://nomads.ncep.noaa.gov/pub/data/nccf/com/gens/prod/gefs.20260703/18/atmos/pgrb2sp25/gec00.t18z.pgrb2s.0p25.f015.idx'
For more information check: https://developer.mozilla.org/en-US/docs/Web/HTTP/Status/404"
gefs_control,2026-07-03,12,48,https://nomads.ncep.noaa.gov/pub/data/nccf/com/gens/prod/gefs.20260703/12/atmos/pgrb2sp25/gec00.t12z.pgrb2s.0p25.f048.idx,,,[],,error,3.5623080999939702,,"HTTPStatusError: Client error '404 Not Found' for url 'https://nomads.ncep.noaa.gov/pub/data/nccf/com/gens/prod/gefs.20260703/12/atmos/pgrb2sp25/gec00.t12z.pgrb2s.0p25.f048.idx'
For more information check: https://developer.mozilla.org/en-US/docs/Web/HTTP/Status/404"
gefs_control,2026-07-03,18,3,https://nomads.ncep.noaa.gov/pub/data/nccf/com/gens/prod/gefs.20260703/18/atmos/pgrb2sp25/gec00.t18z.pgrb2s.0p25.f003.idx,,,[],,error,3.5210549000184983,,"HTTPStatusError: Client error '404 Not Found' for url 'https://nomads.ncep.noaa.gov/pub/data/nccf/com/gens/prod/gefs.20260703/18/atmos/pgrb2sp25/gec00.t18z.pgrb2s.0p25.f003.idx'
For more information check: https://developer.mozilla.org/en-US/docs/Web/HTTP/Status/404"
gefs_control,2026-07-03,18,36,https://nomads.ncep.noaa.gov/pub/data/nccf/com/gens/prod/gefs.20260703/18/atmos/pgrb2sp25/gec00.t18z.pgrb2s.0p25.f036.idx,,,[],,error,2.762350700038951,,"HTTPStatusError: Client error '404 Not Found' for url 'https://nomads.ncep.noaa.gov/pub/data/nccf/com/gens/prod/gefs.20260703/18/atmos/pgrb2sp25/gec00.t18z.pgrb2s.0p25.f036.idx'
For more information check: https://developer.mozilla.org/en-US/docs/Web/HTTP/Status/404"
gefs_control,2026-07-03,18,6,https://nomads.ncep.noaa.gov/pub/data/nccf/com/gens/prod/gefs.20260703/18/atmos/pgrb2sp25/gec00.t18z.pgrb2s.0p25.f006.idx,,,[],,error,3.54039019998163,,"HTTPStatusError: Client error '404 Not Found' for url 'https://nomads.ncep.noaa.gov/pub/data/nccf/com/gens/prod/gefs.20260703/18/atmos/pgrb2sp25/gec00.t18z.pgrb2s.0p25.f006.idx'
For more information check: https://developer.mozilla.org/en-US/docs/Web/HTTP/Status/404"
gefs_control,2026-07-03,18,33,https://nomads.ncep.noaa.gov/pub/data/nccf/com/gens/prod/gefs.20260703/18/atmos/pgrb2sp25/gec00.t18z.pgrb2s.0p25.f033.idx,,,[],,error,2.851544399978593,,"HTTPStatusError: Client error '404 Not Found' for url 'https://nomads.ncep.noaa.gov/pub/data/nccf/com/gens/prod/gefs.20260703/18/atmos/pgrb2sp25/gec00.t18z.pgrb2s.0p25.f033.idx'
For more information check: https://developer.mozilla.org/en-US/docs/Web/HTTP/Status/404"
gefs_control,2026-07-03,18,42,https://nomads.ncep.noaa.gov/pub/data/nccf/com/gens/prod/gefs.20260703/18/atmos/pgrb2sp25/gec00.t18z.pgrb2s.0p25.f042.idx,,,[],,error,2.6534479000256397,,"HTTPStatusError: Client error '404 Not Found' for url 'https://nomads.ncep.noaa.gov/pub/data/nccf/com/gens/prod/gefs.20260703/18/atmos/pgrb2sp25/gec00.t18z.pgrb2s.0p25.f042.idx'
For more information check: https://developer.mozilla.org/en-US/docs/Web/HTTP/Status/404"
gefs_control,2026-07-03,18,30,https://nomads.ncep.noaa.gov/pub/data/nccf/com/gens/prod/gefs.20260703/18/atmos/pgrb2sp25/gec00.t18z.pgrb2s.0p25.f030.idx,,,[],,error,2.978578699985519,,"HTTPStatusError: Client error '404 Not Found' for url 'https://nomads.ncep.noaa.gov/pub/data/nccf/com/gens/prod/gefs.20260703/18/atmos/pgrb2sp25/gec00.t18z.pgrb2s.0p25.f030.idx'
For more information check: https://developer.mozilla.org/en-US/docs/Web/HTTP/Status/404"
gefs_control,2026-07-03,18,24,https://nomads.ncep.noaa.gov/pub/data/nccf/com/gens/prod/gefs.20260703/18/atmos/pgrb2sp25/gec00.t18z.pgrb2s.0p25.f024.idx,,,[],,error,3.257297500036657,,"HTTPStatusError: Client error '404 Not Found' for url 'https://nomads.ncep.noaa.gov/pub/data/nccf/com/gens/prod/gefs.20260703/18/atmos/pgrb2sp25/gec00.t18z.pgrb2s.0p25.f024.idx'
For more information check: https://developer.mozilla.org/en-US/docs/Web/HTTP/Status/404"
gefs_control,2026-07-03,18,39,https://nomads.ncep.noaa.gov/pub/data/nccf/com/gens/prod/gefs.20260703/18/atmos/pgrb2sp25/gec00.t18z.pgrb2s.0p25.f039.idx,,,[],,error,2.9203094999538735,,"HTTPStatusError: Client error '404 Not Found' for url 'https://nomads.ncep.noaa.gov/pub/data/nccf/com/gens/prod/gefs.20260703/18/atmos/pgrb2sp25/gec00.t18z.pgrb2s.0p25.f039.idx'
For more information check: https://developer.mozilla.org/en-US/docs/Web/HTTP/Status/404"
gefs_control,2026-07-03,18,9,https://nomads.ncep.noaa.gov/pub/data/nccf/com/gens/prod/gefs.20260703/18/atmos/pgrb2sp25/gec00.t18z.pgrb2s.0p25.f009.idx,,,[],,error,3.691308500012383,,"HTTPStatusError: Client error '404 Not Found' for url 'https://nomads.ncep.noaa.gov/pub/data/nccf/com/gens/prod/gefs.20260703/18/atmos/pgrb2sp25/gec00.t18z.pgrb2s.0p25.f009.idx'
For more information check: https://developer.mozilla.org/en-US/docs/Web/HTTP/Status/404"
gefs_control,2026-07-03,18,21,https://nomads.ncep.noaa.gov/pub/data/nccf/com/gens/prod/gefs.20260703/18/atmos/pgrb2sp25/gec00.t18z.pgrb2s.0p25.f021.idx,,,[],,error,3.454509499948472,,"HTTPStatusError: Client error '404 Not Found' for url 'https://nomads.ncep.noaa.gov/pub/data/nccf/com/gens/prod/gefs.20260703/18/atmos/pgrb2sp25/gec00.t18z.pgrb2s.0p25.f021.idx'
For more information check: https://developer.mozilla.org/en-US/docs/Web/HTTP/Status/404"
gefs_control,2026-07-03,18,48,https://nomads.ncep.noaa.gov/pub/data/nccf/com/gens/prod/gefs.20260703/18/atmos/pgrb2sp25/gec00.t18z.pgrb2s.0p25.f048.idx,,,[],,error,2.537926199962385,,"HTTPStatusError: Client error '404 Not Found' for url 'https://nomads.ncep.noaa.gov/pub/data/nccf/com/gens/prod/gefs.20260703/18/atmos/pgrb2sp25/gec00.t18z.pgrb2s.0p25.f048.idx'
For more information check: https://developer.mozilla.org/en-US/docs/Web/HTTP/Status/404"
gefs_control,2026-07-03,18,45,https://nomads.ncep.noaa.gov/pub/data/nccf/com/gens/prod/gefs.20260703/18/atmos/pgrb2sp25/gec00.t18z.pgrb2s.0p25.f045.idx,,,[],,error,3.067278200003784,,"HTTPStatusError: Client error '404 Not Found' for url 'https://nomads.ncep.noaa.gov/pub/data/nccf/com/gens/prod/gefs.20260703/18/atmos/pgrb2sp25/gec00.t18z.pgrb2s.0p25.f045.idx'
For more information check: https://developer.mozilla.org/en-US/docs/Web/HTTP/Status/404"
gfs,2026-07-04,0,3,https://nomads.ncep.noaa.gov/pub/data/nccf/com/gfs/prod/gfs.20260704/00/atmos/gfs.t00z.pgrb2.0p25.f003.idx,743.0,89.0,"['4LFTX', 'ABSV', 'ACPCP', 'ALBDO', 'APCP', 'APTMP', 'CAPE', 'CFRZR', 'CICEP', 'CIN', 'CLWMR', 'CNWAT', 'CPOFP', 'CPRAT', 'CRAIN', 'CSNOW', 'CWAT', 'CWORK', 'DLWRF', 'DPT', 'DSWRF', 'DZDT', 'FLDCP', 'FRICV', 'GFLUX', 'GRLE', 'GUST', 'HCDC', 'HGT', 'HINDEX', 'HLCY', 'HPBL', 'ICAHT', 'ICEC', 'ICEG', 'ICETK', 'ICETMP', 'ICMR', 'LAND', 'LCDC', 'LFTX', 'LHTFL', 'MCDC', 'MSLET', 'O3MR', 'PEVPR', 'PLPL', 'POT', 'PRATE', 'PRES', 'PRMSL', 'PWAT', 'REFC', 'REFD', 'RH', 'RWMR', 'SFCR', 'SHTFL', 'SNMR', 'SNOD', 'SOILL', 'SOILW', 'SOTYP', 'SPFH', 'SUNSD', 'TCDC', 'TMAX', 'TMIN', 'TMP', 'TOZNE', 'TSOIL', 'U-GWD', 'UFLX', 'UGRD', 'ULWRF', 'USTM', 'USWRF', 'V-GWD', 'VEG', 'VFLX', 'VGRD', 'VIS', 'VRATE', 'VSTM', 'VVEL', 'VWSH', 'WATR', 'WEASD', 'WILT']",731.0,ok,1.97269010002492,2026-07-04T03:34:45Z,
gfs,2026-07-04,0,36,https://nomads.ncep.noaa.gov/pub/data/nccf/com/gfs/prod/gfs.20260704/00/atmos/gfs.t00z.pgrb2.0p25.f036.idx,743.0,89.0,"['4LFTX', 'ABSV', 'ACPCP', 'ALBDO', 'APCP', 'APTMP', 'CAPE', 'CFRZR', 'CICEP', 'CIN', 'CLWMR', 'CNWAT', 'CPOFP', 'CPRAT', 'CRAIN', 'CSNOW', 'CWAT', 'CWORK', 'DLWRF', 'DPT', 'DSWRF', 'DZDT', 'FLDCP', 'FRICV', 'GFLUX', 'GRLE', 'GUST', 'HCDC', 'HGT', 'HINDEX', 'HLCY', 'HPBL', 'ICAHT', 'ICEC', 'ICEG', 'ICETK', 'ICETMP', 'ICMR', 'LAND', 'LCDC', 'LFTX', 'LHTFL', 'MCDC', 'MSLET', 'O3MR', 'PEVPR', 'PLPL', 'POT', 'PRATE', 'PRES', 'PRMSL', 'PWAT', 'REFC', 'REFD', 'RH', 'RWMR', 'SFCR', 'SHTFL', 'SNMR', 'SNOD', 'SOILL', 'SOILW', 'SOTYP', 'SPFH', 'SUNSD', 'TCDC', 'TMAX', 'TMIN', 'TMP', 'TOZNE', 'TSOIL', 'U-GWD', 'UFLX', 'UGRD', 'ULWRF', 'USTM', 'USWRF', 'V-GWD', 'VEG', 'VFLX', 'VGRD', 'VIS', 'VRATE', 'VSTM', 'VVEL', 'VWSH', 'WATR', 'WEASD', 'WILT']",731.0,ok,1.8365610999753699,2026-07-04T03:43:45Z,
gfs,2026-07-04,0,15,https://nomads.ncep.noaa.gov/pub/data/nccf/com/gfs/prod/gfs.20260704/00/atmos/gfs.t00z.pgrb2.0p25.f015.idx,743.0,89.0,"['4LFTX', 'ABSV', 'ACPCP', 'ALBDO', 'APCP', 'APTMP', 'CAPE', 'CFRZR', 'CICEP', 'CIN', 'CLWMR', 'CNWAT', 'CPOFP', 'CPRAT', 'CRAIN', 'CSNOW', 'CWAT', 'CWORK', 'DLWRF', 'DPT', 'DSWRF', 'DZDT', 'FLDCP', 'FRICV', 'GFLUX', 'GRLE', 'GUST', 'HCDC', 'HGT', 'HINDEX', 'HLCY', 'HPBL', 'ICAHT', 'ICEC', 'ICEG', 'ICETK', 'ICETMP', 'ICMR', 'LAND', 'LCDC', 'LFTX', 'LHTFL', 'MCDC', 'MSLET', 'O3MR', 'PEVPR', 'PLPL', 'POT', 'PRATE', 'PRES', 'PRMSL', 'PWAT', 'REFC', 'REFD', 'RH', 'RWMR', 'SFCR', 'SHTFL', 'SNMR', 'SNOD', 'SOILL', 'SOILW', 'SOTYP', 'SPFH', 'SUNSD', 'TCDC', 'TMAX', 'TMIN', 'TMP', 'TOZNE', 'TSOIL', 'U-GWD', 'UFLX', 'UGRD', 'ULWRF', 'USTM', 'USWRF', 'V-GWD', 'VEG', 'VFLX', 'VGRD', 'VIS', 'VRATE', 'VSTM', 'VVEL', 'VWSH', 'WATR', 'WEASD', 'WILT']",731.0,ok,2.266437500016764,2026-07-04T03:38:25Z,
gfs,2026-07-04,0,33,https://nomads.ncep.noaa.gov/pub/data/nccf/com/gfs/prod/gfs.20260704/00/atmos/gfs.t00z.pgrb2.0p25.f033.idx,743.0,89.0,"['4LFTX', 'ABSV', 'ACPCP', 'ALBDO', 'APCP', 'APTMP', 'CAPE', 'CFRZR', 'CICEP', 'CIN', 'CLWMR', 'CNWAT', 'CPOFP', 'CPRAT', 'CRAIN', 'CSNOW', 'CWAT', 'CWORK', 'DLWRF', 'DPT', 'DSWRF', 'DZDT', 'FLDCP', 'FRICV', 'GFLUX', 'GRLE', 'GUST', 'HCDC', 'HGT', 'HINDEX', 'HLCY', 'HPBL', 'ICAHT', 'ICEC', 'ICEG', 'ICETK', 'ICETMP', 'ICMR', 'LAND', 'LCDC', 'LFTX', 'LHTFL', 'MCDC', 'MSLET', 'O3MR', 'PEVPR', 'PLPL', 'POT', 'PRATE', 'PRES', 'PRMSL', 'PWAT', 'REFC', 'REFD', 'RH', 'RWMR', 'SFCR', 'SHTFL', 'SNMR', 'SNOD', 'SOILL', 'SOILW', 'SOTYP', 'SPFH', 'SUNSD', 'TCDC', 'TMAX', 'TMIN', 'TMP', 'TOZNE', 'TSOIL', 'U-GWD', 'UFLX', 'UGRD', 'ULWRF', 'USTM', 'USWRF', 'V-GWD', 'VEG', 'VFLX', 'VGRD', 'VIS', 'VRATE', 'VSTM', 'VVEL', 'VWSH', 'WATR', 'WEASD', 'WILT']",731.0,ok,2.107860999996774,2026-07-04T03:43:01Z,
gfs,2026-07-04,0,12,https://nomads.ncep.noaa.gov/pub/data/nccf/com/gfs/prod/gfs.20260704/00/atmos/gfs.t00z.pgrb2.0p25.f012.idx,743.0,89.0,"['4LFTX', 'ABSV', 'ACPCP', 'ALBDO', 'APCP', 'APTMP', 'CAPE', 'CFRZR', 'CICEP', 'CIN', 'CLWMR', 'CNWAT', 'CPOFP', 'CPRAT', 'CRAIN', 'CSNOW', 'CWAT', 'CWORK', 'DLWRF', 'DPT', 'DSWRF', 'DZDT', 'FLDCP', 'FRICV', 'GFLUX', 'GRLE', 'GUST', 'HCDC', 'HGT', 'HINDEX', 'HLCY', 'HPBL', 'ICAHT', 'ICEC', 'ICEG', 'ICETK', 'ICETMP', 'ICMR', 'LAND', 'LCDC', 'LFTX', 'LHTFL', 'MCDC', 'MSLET', 'O3MR', 'PEVPR', 'PLPL', 'POT', 'PRATE', 'PRES', 'PRMSL', 'PWAT', 'REFC', 'REFD', 'RH', 'RWMR', 'SFCR', 'SHTFL', 'SNMR', 'SNOD', 'SOILL', 'SOILW', 'SOTYP', 'SPFH', 'SUNSD', 'TCDC', 'TMAX', 'TMIN', 'TMP', 'TOZNE', 'TSOIL', 'U-GWD', 'UFLX', 'UGRD', 'ULWRF', 'USTM', 'USWRF', 'V-GWD', 'VEG', 'VFLX', 'VGRD', 'VIS', 'VRATE', 'VSTM', 'VVEL', 'VWSH', 'WATR', 'WEASD', 'WILT']",731.0,ok,2.587081700039562,2026-07-04T03:37:27Z,
gfs,2026-07-04,0,18,https://nomads.ncep.noaa.gov/pub/data/nccf/com/gfs/prod/gfs.20260704/00/atmos/gfs.t00z.pgrb2.0p25.f018.idx,743.0,89.0,"['4LFTX', 'ABSV', 'ACPCP', 'ALBDO', 'APCP', 'APTMP', 'CAPE', 'CFRZR', 'CICEP', 'CIN', 'CLWMR', 'CNWAT', 'CPOFP', 'CPRAT', 'CRAIN', 'CSNOW', 'CWAT', 'CWORK', 'DLWRF', 'DPT', 'DSWRF', 'DZDT', 'FLDCP', 'FRICV', 'GFLUX', 'GRLE', 'GUST', 'HCDC', 'HGT', 'HINDEX', 'HLCY', 'HPBL', 'ICAHT', 'ICEC', 'ICEG', 'ICETK', 'ICETMP', 'ICMR', 'LAND', 'LCDC', 'LFTX', 'LHTFL', 'MCDC', 'MSLET', 'O3MR', 'PEVPR', 'PLPL', 'POT', 'PRATE', 'PRES', 'PRMSL', 'PWAT', 'REFC', 'REFD', 'RH', 'RWMR', 'SFCR', 'SHTFL', 'SNMR', 'SNOD', 'SOILL', 'SOILW', 'SOTYP', 'SPFH', 'SUNSD', 'TCDC', 'TMAX', 'TMIN', 'TMP', 'TOZNE', 'TSOIL', 'U-GWD', 'UFLX', 'UGRD', 'ULWRF', 'USTM', 'USWRF', 'V-GWD', 'VEG', 'VFLX', 'VGRD', 'VIS', 'VRATE', 'VSTM', 'VVEL', 'VWSH', 'WATR', 'WEASD', 'WILT']",731.0,ok,2.9026144000235945,2026-07-04T03:38:52Z,
gfs,2026-07-04,6,9,https://nomads.ncep.noaa.gov/pub/data/nccf/com/gfs/prod/gfs.20260704/06/atmos/gfs.t06z.pgrb2.0p25.f009.idx,743.0,89.0,"['4LFTX', 'ABSV', 'ACPCP', 'ALBDO', 'APCP', 'APTMP', 'CAPE', 'CFRZR', 'CICEP', 'CIN', 'CLWMR', 'CNWAT', 'CPOFP', 'CPRAT', 'CRAIN', 'CSNOW', 'CWAT', 'CWORK', 'DLWRF', 'DPT', 'DSWRF', 'DZDT', 'FLDCP', 'FRICV', 'GFLUX', 'GRLE', 'GUST', 'HCDC', 'HGT', 'HINDEX', 'HLCY', 'HPBL', 'ICAHT', 'ICEC', 'ICEG', 'ICETK', 'ICETMP', 'ICMR', 'LAND', 'LCDC', 'LFTX', 'LHTFL', 'MCDC', 'MSLET', 'O3MR', 'PEVPR', 'PLPL', 'POT', 'PRATE', 'PRES', 'PRMSL', 'PWAT', 'REFC', 'REFD', 'RH', 'RWMR', 'SFCR', 'SHTFL', 'SNMR', 'SNOD', 'SOILL', 'SOILW', 'SOTYP', 'SPFH', 'SUNSD', 'TCDC', 'TMAX', 'TMIN', 'TMP', 'TOZNE', 'TSOIL', 'U-GWD', 'UFLX', 'UGRD', 'ULWRF', 'USTM', 'USWRF', 'V-GWD', 'VEG', 'VFLX', 'VGRD', 'VIS', 'VRATE', 'VSTM', 'VVEL', 'VWSH', 'WATR', 'WEASD', 'WILT']",731.0,ok,1.6705869000288658,2026-07-04T09:34:00Z,
gfs,2026-07-04,0,9,https://nomads.ncep.noaa.gov/pub/data/nccf/com/gfs/prod/gfs.20260704/00/atmos/gfs.t00z.pgrb2.0p25.f009.idx,743.0,89.0,"['4LFTX', 'ABSV', 'ACPCP', 'ALBDO', 'APCP', 'APTMP', 'CAPE', 'CFRZR', 'CICEP', 'CIN', 'CLWMR', 'CNWAT', 'CPOFP', 'CPRAT', 'CRAIN', 'CSNOW', 'CWAT', 'CWORK', 'DLWRF', 'DPT', 'DSWRF', 'DZDT', 'FLDCP', 'FRICV', 'GFLUX', 'GRLE', 'GUST', 'HCDC', 'HGT', 'HINDEX', 'HLCY', 'HPBL', 'ICAHT', 'ICEC', 'ICEG', 'ICETK', 'ICETMP', 'ICMR', 'LAND', 'LCDC', 'LFTX', 'LHTFL', 'MCDC', 'MSLET', 'O3MR', 'PEVPR', 'PLPL', 'POT', 'PRATE', 'PRES', 'PRMSL', 'PWAT', 'REFC', 'REFD', 'RH', 'RWMR', 'SFCR', 'SHTFL', 'SNMR', 'SNOD', 'SOILL', 'SOILW', 'SOTYP', 'SPFH', 'SUNSD', 'TCDC', 'TMAX', 'TMIN', 'TMP', 'TOZNE', 'TSOIL', 'U-GWD', 'UFLX', 'UGRD', 'ULWRF', 'USTM', 'USWRF', 'V-GWD', 'VEG', 'VFLX', 'VGRD', 'VIS', 'VRATE', 'VSTM', 'VVEL', 'VWSH', 'WATR', 'WEASD', 'WILT']",731.0,ok,3.5007954000029713,2026-07-04T03:36:22Z,
gfs,2026-07-04,0,21,https://nomads.ncep.noaa.gov/pub/data/nccf/com/gfs/prod/gfs.20260704/00/atmos/gfs.t00z.pgrb2.0p25.f021.idx,743.0,89.0,"['4LFTX', 'ABSV', 'ACPCP', 'ALBDO', 'APCP', 'APTMP', 'CAPE', 'CFRZR', 'CICEP', 'CIN', 'CLWMR', 'CNWAT', 'CPOFP', 'CPRAT', 'CRAIN', 'CSNOW', 'CWAT', 'CWORK', 'DLWRF', 'DPT', 'DSWRF', 'DZDT', 'FLDCP', 'FRICV', 'GFLUX', 'GRLE', 'GUST', 'HCDC', 'HGT', 'HINDEX', 'HLCY', 'HPBL', 'ICAHT', 'ICEC', 'ICEG', 'ICETK', 'ICETMP', 'ICMR', 'LAND', 'LCDC', 'LFTX', 'LHTFL', 'MCDC', 'MSLET', 'O3MR', 'PEVPR', 'PLPL', 'POT', 'PRATE', 'PRES', 'PRMSL', 'PWAT', 'REFC', 'REFD', 'RH', 'RWMR', 'SFCR', 'SHTFL', 'SNMR', 'SNOD', 'SOILL', 'SOILW', 'SOTYP', 'SPFH', 'SUNSD', 'TCDC', 'TMAX', 'TMIN', 'TMP', 'TOZNE', 'TSOIL', 'U-GWD', 'UFLX', 'UGRD', 'ULWRF', 'USTM', 'USWRF', 'V-GWD', 'VEG', 'VFLX', 'VGRD', 'VIS', 'VRATE', 'VSTM', 'VVEL', 'VWSH', 'WATR', 'WEASD', 'WILT']",731.0,ok,3.228643399954308,2026-07-04T03:39:45Z,
gfs,2026-07-04,0,39,https://nomads.ncep.noaa.gov/pub/data/nccf/com/gfs/prod/gfs.20260704/00/atmos/gfs.t00z.pgrb2.0p25.f039.idx,743.0,89.0,"['4LFTX', 'ABSV', 'ACPCP', 'ALBDO', 'APCP', 'APTMP', 'CAPE', 'CFRZR', 'CICEP', 'CIN', 'CLWMR', 'CNWAT', 'CPOFP', 'CPRAT', 'CRAIN', 'CSNOW', 'CWAT', 'CWORK', 'DLWRF', 'DPT', 'DSWRF', 'DZDT', 'FLDCP', 'FRICV', 'GFLUX', 'GRLE', 'GUST', 'HCDC', 'HGT', 'HINDEX', 'HLCY', 'HPBL', 'ICAHT', 'ICEC', 'ICEG', 'ICETK', 'ICETMP', 'ICMR', 'LAND', 'LCDC', 'LFTX', 'LHTFL', 'MCDC', 'MSLET', 'O3MR', 'PEVPR', 'PLPL', 'POT', 'PRATE', 'PRES', 'PRMSL', 'PWAT', 'REFC', 'REFD', 'RH', 'RWMR', 'SFCR', 'SHTFL', 'SNMR', 'SNOD', 'SOILL', 'SOILW', 'SOTYP', 'SPFH', 'SUNSD', 'TCDC', 'TMAX', 'TMIN', 'TMP', 'TOZNE', 'TSOIL', 'U-GWD', 'UFLX', 'UGRD', 'ULWRF', 'USTM', 'USWRF', 'V-GWD', 'VEG', 'VFLX', 'VGRD', 'VIS', 'VRATE', 'VSTM', 'VVEL', 'VWSH', 'WATR', 'WEASD', 'WILT']",731.0,ok,2.999212199996691,2026-07-04T03:44:22Z,
gfs,2026-07-04,0,30,https://nomads.ncep.noaa.gov/pub/data/nccf/com/gfs/prod/gfs.20260704/00/atmos/gfs.t00z.pgrb2.0p25.f030.idx,743.0,89.0,"['4LFTX', 'ABSV', 'ACPCP', 'ALBDO', 'APCP', 'APTMP', 'CAPE', 'CFRZR', 'CICEP', 'CIN', 'CLWMR', 'CNWAT', 'CPOFP', 'CPRAT', 'CRAIN', 'CSNOW', 'CWAT', 'CWORK', 'DLWRF', 'DPT', 'DSWRF', 'DZDT', 'FLDCP', 'FRICV', 'GFLUX', 'GRLE', 'GUST', 'HCDC', 'HGT', 'HINDEX', 'HLCY', 'HPBL', 'ICAHT', 'ICEC', 'ICEG', 'ICETK', 'ICETMP', 'ICMR', 'LAND', 'LCDC', 'LFTX', 'LHTFL', 'MCDC', 'MSLET', 'O3MR', 'PEVPR', 'PLPL', 'POT', 'PRATE', 'PRES', 'PRMSL', 'PWAT', 'REFC', 'REFD', 'RH', 'RWMR', 'SFCR', 'SHTFL', 'SNMR', 'SNOD', 'SOILL', 'SOILW', 'SOTYP', 'SPFH', 'SUNSD', 'TCDC', 'TMAX', 'TMIN', 'TMP', 'TOZNE', 'TSOIL', 'U-GWD', 'UFLX', 'UGRD', 'ULWRF', 'USTM', 'USWRF', 'V-GWD', 'VEG', 'VFLX', 'VGRD', 'VIS', 'VRATE', 'VSTM', 'VVEL', 'VWSH', 'WATR', 'WEASD', 'WILT']",731.0,ok,3.0757096000015736,2026-07-04T03:42:31Z,
gfs,2026-07-04,0,48,https://nomads.ncep.noaa.gov/pub/data/nccf/com/gfs/prod/gfs.20260704/00/atmos/gfs.t00z.pgrb2.0p25.f048.idx,743.0,89.0,"['4LFTX', 'ABSV', 'ACPCP', 'ALBDO', 'APCP', 'APTMP', 'CAPE', 'CFRZR', 'CICEP', 'CIN', 'CLWMR', 'CNWAT', 'CPOFP', 'CPRAT', 'CRAIN', 'CSNOW', 'CWAT', 'CWORK', 'DLWRF', 'DPT', 'DSWRF', 'DZDT', 'FLDCP', 'FRICV', 'GFLUX', 'GRLE', 'GUST', 'HCDC', 'HGT', 'HINDEX', 'HLCY', 'HPBL', 'ICAHT', 'ICEC', 'ICEG', 'ICETK', 'ICETMP', 'ICMR', 'LAND', 'LCDC', 'LFTX', 'LHTFL', 'MCDC', 'MSLET', 'O3MR', 'PEVPR', 'PLPL', 'POT', 'PRATE', 'PRES', 'PRMSL', 'PWAT', 'REFC', 'REFD', 'RH', 'RWMR', 'SFCR', 'SHTFL', 'SNMR', 'SNOD', 'SOILL', 'SOILW', 'SOTYP', 'SPFH', 'SUNSD', 'TCDC', 'TMAX', 'TMIN', 'TMP', 'TOZNE', 'TSOIL', 'U-GWD', 'UFLX', 'UGRD', 'ULWRF', 'USTM', 'USWRF', 'V-GWD', 'VEG', 'VFLX', 'VGRD', 'VIS', 'VRATE', 'VSTM', 'VVEL', 'VWSH', 'WATR', 'WEASD', 'WILT']",731.0,ok,2.9461538000032306,2026-07-04T03:47:11Z,
gfs,2026-07-04,0,27,https://nomads.ncep.noaa.gov/pub/data/nccf/com/gfs/prod/gfs.20260704/00/atmos/gfs.t00z.pgrb2.0p25.f027.idx,743.0,89.0,"['4LFTX', 'ABSV', 'ACPCP', 'ALBDO', 'APCP', 'APTMP', 'CAPE', 'CFRZR', 'CICEP', 'CIN', 'CLWMR', 'CNWAT', 'CPOFP', 'CPRAT', 'CRAIN', 'CSNOW', 'CWAT', 'CWORK', 'DLWRF', 'DPT', 'DSWRF', 'DZDT', 'FLDCP', 'FRICV', 'GFLUX', 'GRLE', 'GUST', 'HCDC', 'HGT', 'HINDEX', 'HLCY', 'HPBL', 'ICAHT', 'ICEC', 'ICEG', 'ICETK', 'ICETMP', 'ICMR', 'LAND', 'LCDC', 'LFTX', 'LHTFL', 'MCDC', 'MSLET', 'O3MR', 'PEVPR', 'PLPL', 'POT', 'PRATE', 'PRES', 'PRMSL', 'PWAT', 'REFC', 'REFD', 'RH', 'RWMR', 'SFCR', 'SHTFL', 'SNMR', 'SNOD', 'SOILL', 'SOILW', 'SOTYP', 'SPFH', 'SUNSD', 'TCDC', 'TMAX', 'TMIN', 'TMP', 'TOZNE', 'TSOIL', 'U-GWD', 'UFLX', 'UGRD', 'ULWRF', 'USTM', 'USWRF', 'V-GWD', 'VEG', 'VFLX', 'VGRD', 'VIS', 'VRATE', 'VSTM', 'VVEL', 'VWSH', 'WATR', 'WEASD', 'WILT']",731.0,ok,3.284639099962078,2026-07-04T03:42:37Z,
gfs,2026-07-04,6,0,https://nomads.ncep.noaa.gov/pub/data/nccf/com/gfs/prod/gfs.20260704/06/atmos/gfs.t06z.pgrb2.0p25.f000.idx,696.0,69.0,"['4LFTX', 'ABSV', 'APTMP', 'CAPE', 'CFRZR', 'CICEP', 'CIN', 'CLWMR', 'CNWAT', 'CPOFP', 'CRAIN', 'CSNOW', 'CWAT', 'DPT', 'DZDT', 'FLDCP', 'FRICV', 'GRLE', 'GUST', 'HCDC', 'HGT', 'HINDEX', 'HLCY', 'HPBL', 'ICAHT', 'ICEC', 'ICEG', 'ICETK', 'ICETMP', 'ICMR', 'LAND', 'LCDC', 'LFTX', 'MCDC', 'MSLET', 'O3MR', 'PLPL', 'POT', 'PRATE', 'PRES', 'PRMSL', 'PWAT', 'REFC', 'REFD', 'RH', 'RWMR', 'SFCR', 'SNMR', 'SNOD', 'SOILL', 'SOILW', 'SOTYP', 'SPFH', 'SUNSD', 'TCDC', 'TMP', 'TOZNE', 'TSOIL', 'UGRD', 'USTM', 'VEG', 'VGRD', 'VIS', 'VRATE', 'VSTM', 'VVEL', 'VWSH', 'WEASD', 'WILT']",696.0,ok,2.9430103999911807,2026-07-04T09:31:44Z,
gfs,2026-07-04,0,24,https://nomads.ncep.noaa.gov/pub/data/nccf/com/gfs/prod/gfs.20260704/00/atmos/gfs.t00z.pgrb2.0p25.f024.idx,743.0,89.0,"['4LFTX', 'ABSV', 'ACPCP', 'ALBDO', 'APCP', 'APTMP', 'CAPE', 'CFRZR', 'CICEP', 'CIN', 'CLWMR', 'CNWAT', 'CPOFP', 'CPRAT', 'CRAIN', 'CSNOW', 'CWAT', 'CWORK', 'DLWRF', 'DPT', 'DSWRF', 'DZDT', 'FLDCP', 'FRICV', 'GFLUX', 'GRLE', 'GUST', 'HCDC', 'HGT', 'HINDEX', 'HLCY', 'HPBL', 'ICAHT', 'ICEC', 'ICEG', 'ICETK', 'ICETMP', 'ICMR', 'LAND', 'LCDC', 'LFTX', 'LHTFL', 'MCDC', 'MSLET', 'O3MR', 'PEVPR', 'PLPL', 'POT', 'PRATE', 'PRES', 'PRMSL', 'PWAT', 'REFC', 'REFD', 'RH', 'RWMR', 'SFCR', 'SHTFL', 'SNMR', 'SNOD', 'SOILL', 'SOILW', 'SOTYP', 'SPFH', 'SUNSD', 'TCDC', 'TMAX', 'TMIN', 'TMP', 'TOZNE', 'TSOIL', 'U-GWD', 'UFLX', 'UGRD', 'ULWRF', 'USTM', 'USWRF', 'V-GWD', 'VEG', 'VFLX', 'VGRD', 'VIS', 'VRATE', 'VSTM', 'VVEL', 'VWSH', 'WATR', 'WEASD', 'WILT']",731.0,ok,3.5164717999869026,2026-07-04T03:40:55Z,
gfs,2026-07-04,0,42,https://nomads.ncep.noaa.gov/pub/data/nccf/com/gfs/prod/gfs.20260704/00/atmos/gfs.t00z.pgrb2.0p25.f042.idx,743.0,89.0,"['4LFTX', 'ABSV', 'ACPCP', 'ALBDO', 'APCP', 'APTMP', 'CAPE', 'CFRZR', 'CICEP', 'CIN', 'CLWMR', 'CNWAT', 'CPOFP', 'CPRAT', 'CRAIN', 'CSNOW', 'CWAT', 'CWORK', 'DLWRF', 'DPT', 'DSWRF', 'DZDT', 'FLDCP', 'FRICV', 'GFLUX', 'GRLE', 'GUST', 'HCDC', 'HGT', 'HINDEX', 'HLCY', 'HPBL', 'ICAHT', 'ICEC', 'ICEG', 'ICETK', 'ICETMP', 'ICMR', 'LAND', 'LCDC', 'LFTX', 'LHTFL', 'MCDC', 'MSLET', 'O3MR', 'PEVPR', 'PLPL', 'POT', 'PRATE', 'PRES', 'PRMSL', 'PWAT', 'REFC', 'REFD', 'RH', 'RWMR', 'SFCR', 'SHTFL', 'SNMR', 'SNOD', 'SOILL', 'SOILW', 'SOTYP', 'SPFH', 'SUNSD', 'TCDC', 'TMAX', 'TMIN', 'TMP', 'TOZNE', 'TSOIL', 'U-GWD', 'UFLX', 'UGRD', 'ULWRF', 'USTM', 'USWRF', 'V-GWD', 'VEG', 'VFLX', 'VGRD', 'VIS', 'VRATE', 'VSTM', 'VVEL', 'VWSH', 'WATR', 'WEASD', 'WILT']",731.0,ok,3.31470609997632,2026-07-04T03:45:26Z,
gfs,2026-07-04,0,0,https://nomads.ncep.noaa.gov/pub/data/nccf/com/gfs/prod/gfs.20260704/00/atmos/gfs.t00z.pgrb2.0p25.f000.idx,696.0,69.0,"['4LFTX', 'ABSV', 'APTMP', 'CAPE', 'CFRZR', 'CICEP', 'CIN', 'CLWMR', 'CNWAT', 'CPOFP', 'CRAIN', 'CSNOW', 'CWAT', 'DPT', 'DZDT', 'FLDCP', 'FRICV', 'GRLE', 'GUST', 'HCDC', 'HGT', 'HINDEX', 'HLCY', 'HPBL', 'ICAHT', 'ICEC', 'ICEG', 'ICETK', 'ICETMP', 'ICMR', 'LAND', 'LCDC', 'LFTX', 'MCDC', 'MSLET', 'O3MR', 'PLPL', 'POT', 'PRATE', 'PRES', 'PRMSL', 'PWAT', 'REFC', 'REFD', 'RH', 'RWMR', 'SFCR', 'SNMR', 'SNOD', 'SOILL', 'SOILW', 'SOTYP', 'SPFH', 'SUNSD', 'TCDC', 'TMP', 'TOZNE', 'TSOIL', 'UGRD', 'USTM', 'VEG', 'VGRD', 'VIS', 'VRATE', 'VSTM', 'VVEL', 'VWSH', 'WEASD', 'WILT']",696.0,ok,4.620710300048813,2026-07-04T03:34:05Z,
gfs,2026-07-04,0,6,https://nomads.ncep.noaa.gov/pub/data/nccf/com/gfs/prod/gfs.20260704/00/atmos/gfs.t00z.pgrb2.0p25.f006.idx,743.0,89.0,"['4LFTX', 'ABSV', 'ACPCP', 'ALBDO', 'APCP', 'APTMP', 'CAPE', 'CFRZR', 'CICEP', 'CIN', 'CLWMR', 'CNWAT', 'CPOFP', 'CPRAT', 'CRAIN', 'CSNOW', 'CWAT', 'CWORK', 'DLWRF', 'DPT', 'DSWRF', 'DZDT', 'FLDCP', 'FRICV', 'GFLUX', 'GRLE', 'GUST', 'HCDC', 'HGT', 'HINDEX', 'HLCY', 'HPBL', 'ICAHT', 'ICEC', 'ICEG', 'ICETK', 'ICETMP', 'ICMR', 'LAND', 'LCDC', 'LFTX', 'LHTFL', 'MCDC', 'MSLET', 'O3MR', 'PEVPR', 'PLPL', 'POT', 'PRATE', 'PRES', 'PRMSL', 'PWAT', 'REFC', 'REFD', 'RH', 'RWMR', 'SFCR', 'SHTFL', 'SNMR', 'SNOD', 'SOILL', 'SOILW', 'SOTYP', 'SPFH', 'SUNSD', 'TCDC', 'TMAX', 'TMIN', 'TMP', 'TOZNE', 'TSOIL', 'U-GWD', 'UFLX', 'UGRD', 'ULWRF', 'USTM', 'USWRF', 'V-GWD', 'VEG', 'VFLX', 'VGRD', 'VIS', 'VRATE', 'VSTM', 'VVEL', 'VWSH', 'WATR', 'WEASD', 'WILT']",731.0,ok,4.281310199992731,2026-07-04T03:35:47Z,
gfs,2026-07-04,0,45,https://nomads.ncep.noaa.gov/pub/data/nccf/com/gfs/prod/gfs.20260704/00/atmos/gfs.t00z.pgrb2.0p25.f045.idx,743.0,89.0,"['4LFTX', 'ABSV', 'ACPCP', 'ALBDO', 'APCP', 'APTMP', 'CAPE', 'CFRZR', 'CICEP', 'CIN', 'CLWMR', 'CNWAT', 'CPOFP', 'CPRAT', 'CRAIN', 'CSNOW', 'CWAT', 'CWORK', 'DLWRF', 'DPT', 'DSWRF', 'DZDT', 'FLDCP', 'FRICV', 'GFLUX', 'GRLE', 'GUST', 'HCDC', 'HGT', 'HINDEX', 'HLCY', 'HPBL', 'ICAHT', 'ICEC', 'ICEG', 'ICETK', 'ICETMP', 'ICMR', 'LAND', 'LCDC', 'LFTX', 'LHTFL', 'MCDC', 'MSLET', 'O3MR', 'PEVPR', 'PLPL', 'POT', 'PRATE', 'PRES', 'PRMSL', 'PWAT', 'REFC', 'REFD', 'RH', 'RWMR', 'SFCR', 'SHTFL', 'SNMR', 'SNOD', 'SOILL', 'SOILW', 'SOTYP', 'SPFH', 'SUNSD', 'TCDC', 'TMAX', 'TMIN', 'TMP', 'TOZNE', 'TSOIL', 'U-GWD', 'UFLX', 'UGRD', 'ULWRF', 'USTM', 'USWRF', 'V-GWD', 'VEG', 'VFLX', 'VGRD', 'VIS', 'VRATE', 'VSTM', 'VVEL', 'VWSH', 'WATR', 'WEASD', 'WILT']",731.0,ok,3.3637046000221744,2026-07-04T03:46:08Z,
gfs,2026-07-04,6,12,https://nomads.ncep.noaa.gov/pub/data/nccf/com/gfs/prod/gfs.20260704/06/atmos/gfs.t06z.pgrb2.0p25.f012.idx,743.0,89.0,"['4LFTX', 'ABSV', 'ACPCP', 'ALBDO', 'APCP', 'APTMP', 'CAPE', 'CFRZR', 'CICEP', 'CIN', 'CLWMR', 'CNWAT', 'CPOFP', 'CPRAT', 'CRAIN', 'CSNOW', 'CWAT', 'CWORK', 'DLWRF', 'DPT', 'DSWRF', 'DZDT', 'FLDCP', 'FRICV', 'GFLUX', 'GRLE', 'GUST', 'HCDC', 'HGT', 'HINDEX', 'HLCY', 'HPBL', 'ICAHT', 'ICEC', 'ICEG', 'ICETK', 'ICETMP', 'ICMR', 'LAND', 'LCDC', 'LFTX', 'LHTFL', 'MCDC', 'MSLET', 'O3MR', 'PEVPR', 'PLPL', 'POT', 'PRATE', 'PRES', 'PRMSL', 'PWAT', 'REFC', 'REFD', 'RH', 'RWMR', 'SFCR', 'SHTFL', 'SNMR', 'SNOD', 'SOILL', 'SOILW', 'SOTYP', 'SPFH', 'SUNSD', 'TCDC', 'TMAX', 'TMIN', 'TMP', 'TOZNE', 'TSOIL', 'U-GWD', 'UFLX', 'UGRD', 'ULWRF', 'USTM', 'USWRF', 'V-GWD', 'VEG', 'VFLX', 'VGRD', 'VIS', 'VRATE', 'VSTM', 'VVEL', 'VWSH', 'WATR', 'WEASD', 'WILT']",731.0,ok,1.822094900009688,2026-07-04T09:34:42Z,
gfs,2026-07-04,6,15,https://nomads.ncep.noaa.gov/pub/data/nccf/com/gfs/prod/gfs.20260704/06/atmos/gfs.t06z.pgrb2.0p25.f015.idx,743.0,89.0,"['4LFTX', 'ABSV', 'ACPCP', 'ALBDO', 'APCP', 'APTMP', 'CAPE', 'CFRZR', 'CICEP', 'CIN', 'CLWMR', 'CNWAT', 'CPOFP', 'CPRAT', 'CRAIN', 'CSNOW', 'CWAT', 'CWORK', 'DLWRF', 'DPT', 'DSWRF', 'DZDT', 'FLDCP', 'FRICV', 'GFLUX', 'GRLE', 'GUST', 'HCDC', 'HGT', 'HINDEX', 'HLCY', 'HPBL', 'ICAHT', 'ICEC', 'ICEG', 'ICETK', 'ICETMP', 'ICMR', 'LAND', 'LCDC', 'LFTX', 'LHTFL', 'MCDC', 'MSLET', 'O3MR', 'PEVPR', 'PLPL', 'POT', 'PRATE', 'PRES', 'PRMSL', 'PWAT', 'REFC', 'REFD', 'RH', 'RWMR', 'SFCR', 'SHTFL', 'SNMR', 'SNOD', 'SOILL', 'SOILW', 'SOTYP', 'SPFH', 'SUNSD', 'TCDC', 'TMAX', 'TMIN', 'TMP', 'TOZNE', 'TSOIL', 'U-GWD', 'UFLX', 'UGRD', 'ULWRF', 'USTM', 'USWRF', 'V-GWD', 'VEG', 'VFLX', 'VGRD', 'VIS', 'VRATE', 'VSTM', 'VVEL', 'VWSH', 'WATR', 'WEASD', 'WILT']",731.0,ok,1.8008543999749236,2026-07-04T09:35:37Z,
gfs,2026-07-04,6,18,https://nomads.ncep.noaa.gov/pub/data/nccf/com/gfs/prod/gfs.20260704/06/atmos/gfs.t06z.pgrb2.0p25.f018.idx,743.0,89.0,"['4LFTX', 'ABSV', 'ACPCP', 'ALBDO', 'APCP', 'APTMP', 'CAPE', 'CFRZR', 'CICEP', 'CIN', 'CLWMR', 'CNWAT', 'CPOFP', 'CPRAT', 'CRAIN', 'CSNOW', 'CWAT', 'CWORK', 'DLWRF', 'DPT', 'DSWRF', 'DZDT', 'FLDCP', 'FRICV', 'GFLUX', 'GRLE', 'GUST', 'HCDC', 'HGT', 'HINDEX', 'HLCY', 'HPBL', 'ICAHT', 'ICEC', 'ICEG', 'ICETK', 'ICETMP', 'ICMR', 'LAND', 'LCDC', 'LFTX', 'LHTFL', 'MCDC', 'MSLET', 'O3MR', 'PEVPR', 'PLPL', 'POT', 'PRATE', 'PRES', 'PRMSL', 'PWAT', 'REFC', 'REFD', 'RH', 'RWMR', 'SFCR', 'SHTFL', 'SNMR', 'SNOD', 'SOILL', 'SOILW', 'SOTYP', 'SPFH', 'SUNSD', 'TCDC', 'TMAX', 'TMIN', 'TMP', 'TOZNE', 'TSOIL', 'U-GWD', 'UFLX', 'UGRD', 'ULWRF', 'USTM', 'USWRF', 'V-GWD', 'VEG', 'VFLX', 'VGRD', 'VIS', 'VRATE', 'VSTM', 'VVEL', 'VWSH', 'WATR', 'WEASD', 'WILT']",731.0,ok,1.83652810001513,2026-07-04T09:36:18Z,
gfs,2026-07-04,6,21,https://nomads.ncep.noaa.gov/pub/data/nccf/com/gfs/prod/gfs.20260704/06/atmos/gfs.t06z.pgrb2.0p25.f021.idx,743.0,89.0,"['4LFTX', 'ABSV', 'ACPCP', 'ALBDO', 'APCP', 'APTMP', 'CAPE', 'CFRZR', 'CICEP', 'CIN', 'CLWMR', 'CNWAT', 'CPOFP', 'CPRAT', 'CRAIN', 'CSNOW', 'CWAT', 'CWORK', 'DLWRF', 'DPT', 'DSWRF', 'DZDT', 'FLDCP', 'FRICV', 'GFLUX', 'GRLE', 'GUST', 'HCDC', 'HGT', 'HINDEX', 'HLCY', 'HPBL', 'ICAHT', 'ICEC', 'ICEG', 'ICETK', 'ICETMP', 'ICMR', 'LAND', 'LCDC', 'LFTX', 'LHTFL', 'MCDC', 'MSLET', 'O3MR', 'PEVPR', 'PLPL', 'POT', 'PRATE', 'PRES', 'PRMSL', 'PWAT', 'REFC', 'REFD', 'RH', 'RWMR', 'SFCR', 'SHTFL', 'SNMR', 'SNOD', 'SOILL', 'SOILW', 'SOTYP', 'SPFH', 'SUNSD', 'TCDC', 'TMAX', 'TMIN', 'TMP', 'TOZNE', 'TSOIL', 'U-GWD', 'UFLX', 'UGRD', 'ULWRF', 'USTM', 'USWRF', 'V-GWD', 'VEG', 'VFLX', 'VGRD', 'VIS', 'VRATE', 'VSTM', 'VVEL', 'VWSH', 'WATR', 'WEASD', 'WILT']",731.0,ok,2.5273918000166304,2026-07-04T09:37:28Z,
gfs,2026-07-04,6,24,https://nomads.ncep.noaa.gov/pub/data/nccf/com/gfs/prod/gfs.20260704/06/atmos/gfs.t06z.pgrb2.0p25.f024.idx,743.0,89.0,"['4LFTX', 'ABSV', 'ACPCP', 'ALBDO', 'APCP', 'APTMP', 'CAPE', 'CFRZR', 'CICEP', 'CIN', 'CLWMR', 'CNWAT', 'CPOFP', 'CPRAT', 'CRAIN', 'CSNOW', 'CWAT', 'CWORK', 'DLWRF', 'DPT', 'DSWRF', 'DZDT', 'FLDCP', 'FRICV', 'GFLUX', 'GRLE', 'GUST', 'HCDC', 'HGT', 'HINDEX', 'HLCY', 'HPBL', 'ICAHT', 'ICEC', 'ICEG', 'ICETK', 'ICETMP', 'ICMR', 'LAND', 'LCDC', 'LFTX', 'LHTFL', 'MCDC', 'MSLET', 'O3MR', 'PEVPR', 'PLPL', 'POT', 'PRATE', 'PRES', 'PRMSL', 'PWAT', 'REFC', 'REFD', 'RH', 'RWMR', 'SFCR', 'SHTFL', 'SNMR', 'SNOD', 'SOILL', 'SOILW', 'SOTYP', 'SPFH', 'SUNSD', 'TCDC', 'TMAX', 'TMIN', 'TMP', 'TOZNE', 'TSOIL', 'U-GWD', 'UFLX', 'UGRD', 'ULWRF', 'USTM', 'USWRF', 'V-GWD', 'VEG', 'VFLX', 'VGRD', 'VIS', 'VRATE', 'VSTM', 'VVEL', 'VWSH', 'WATR', 'WEASD', 'WILT']",731.0,ok,2.1942311000311747,2026-07-04T09:38:19Z,
gfs,2026-07-04,6,36,https://nomads.ncep.noaa.gov/pub/data/nccf/com/gfs/prod/gfs.20260704/06/atmos/gfs.t06z.pgrb2.0p25.f036.idx,743.0,89.0,"['4LFTX', 'ABSV', 'ACPCP', 'ALBDO', 'APCP', 'APTMP', 'CAPE', 'CFRZR', 'CICEP', 'CIN', 'CLWMR', 'CNWAT', 'CPOFP', 'CPRAT', 'CRAIN', 'CSNOW', 'CWAT', 'CWORK', 'DLWRF', 'DPT', 'DSWRF', 'DZDT', 'FLDCP', 'FRICV', 'GFLUX', 'GRLE', 'GUST', 'HCDC', 'HGT', 'HINDEX', 'HLCY', 'HPBL', 'ICAHT', 'ICEC', 'ICEG', 'ICETK', 'ICETMP', 'ICMR', 'LAND', 'LCDC', 'LFTX', 'LHTFL', 'MCDC', 'MSLET', 'O3MR', 'PEVPR', 'PLPL', 'POT', 'PRATE', 'PRES', 'PRMSL', 'PWAT', 'REFC', 'REFD', 'RH', 'RWMR', 'SFCR', 'SHTFL', 'SNMR', 'SNOD', 'SOILL', 'SOILW', 'SOTYP', 'SPFH', 'SUNSD', 'TCDC', 'TMAX', 'TMIN', 'TMP', 'TOZNE', 'TSOIL', 'U-GWD', 'UFLX', 'UGRD', 'ULWRF', 'USTM', 'USWRF', 'V-GWD', 'VEG', 'VFLX', 'VGRD', 'VIS', 'VRATE', 'VSTM', 'VVEL', 'VWSH', 'WATR', 'WEASD', 'WILT']",731.0,ok,2.2307376000098884,2026-07-04T09:41:08Z,
gfs,2026-07-04,6,27,https://nomads.ncep.noaa.gov/pub/data/nccf/com/gfs/prod/gfs.20260704/06/atmos/gfs.t06z.pgrb2.0p25.f027.idx,743.0,89.0,"['4LFTX', 'ABSV', 'ACPCP', 'ALBDO', 'APCP', 'APTMP', 'CAPE', 'CFRZR', 'CICEP', 'CIN', 'CLWMR', 'CNWAT', 'CPOFP', 'CPRAT', 'CRAIN', 'CSNOW', 'CWAT', 'CWORK', 'DLWRF', 'DPT', 'DSWRF', 'DZDT', 'FLDCP', 'FRICV', 'GFLUX', 'GRLE', 'GUST', 'HCDC', 'HGT', 'HINDEX', 'HLCY', 'HPBL', 'ICAHT', 'ICEC', 'ICEG', 'ICETK', 'ICETMP', 'ICMR', 'LAND', 'LCDC', 'LFTX', 'LHTFL', 'MCDC', 'MSLET', 'O3MR', 'PEVPR', 'PLPL', 'POT', 'PRATE', 'PRES', 'PRMSL', 'PWAT', 'REFC', 'REFD', 'RH', 'RWMR', 'SFCR', 'SHTFL', 'SNMR', 'SNOD', 'SOILL', 'SOILW', 'SOTYP', 'SPFH', 'SUNSD', 'TCDC', 'TMAX', 'TMIN', 'TMP', 'TOZNE', 'TSOIL', 'U-GWD', 'UFLX', 'UGRD', 'ULWRF', 'USTM', 'USWRF', 'V-GWD', 'VEG', 'VFLX', 'VGRD', 'VIS', 'VRATE', 'VSTM', 'VVEL', 'VWSH', 'WATR', 'WEASD', 'WILT']",731.0,ok,2.548675199970603,2026-07-04T09:39:05Z,
gfs,2026-07-04,6,45,https://nomads.ncep.noaa.gov/pub/data/nccf/com/gfs/prod/gfs.20260704/06/atmos/gfs.t06z.pgrb2.0p25.f045.idx,743.0,89.0,"['4LFTX', 'ABSV', 'ACPCP', 'ALBDO', 'APCP', 'APTMP', 'CAPE', 'CFRZR', 'CICEP', 'CIN', 'CLWMR', 'CNWAT', 'CPOFP', 'CPRAT', 'CRAIN', 'CSNOW', 'CWAT', 'CWORK', 'DLWRF', 'DPT', 'DSWRF', 'DZDT', 'FLDCP', 'FRICV', 'GFLUX', 'GRLE', 'GUST', 'HCDC', 'HGT', 'HINDEX', 'HLCY', 'HPBL', 'ICAHT', 'ICEC', 'ICEG', 'ICETK', 'ICETMP', 'ICMR', 'LAND', 'LCDC', 'LFTX', 'LHTFL', 'MCDC', 'MSLET', 'O3MR', 'PEVPR', 'PLPL', 'POT', 'PRATE', 'PRES', 'PRMSL', 'PWAT', 'REFC', 'REFD', 'RH', 'RWMR', 'SFCR', 'SHTFL', 'SNMR', 'SNOD', 'SOILL', 'SOILW', 'SOTYP', 'SPFH', 'SUNSD', 'TCDC', 'TMAX', 'TMIN', 'TMP', 'TOZNE', 'TSOIL', 'U-GWD', 'UFLX', 'UGRD', 'ULWRF', 'USTM', 'USWRF', 'V-GWD', 'VEG', 'VFLX', 'VGRD', 'VIS', 'VRATE', 'VSTM', 'VVEL', 'VWSH', 'WATR', 'WEASD', 'WILT']",731.0,ok,2.3273733000387438,2026-07-04T09:43:31Z,
gfs,2026-07-04,12,15,https://nomads.ncep.noaa.gov/pub/data/nccf/com/gfs/prod/gfs.20260704/12/atmos/gfs.t12z.pgrb2.0p25.f015.idx,743.0,89.0,"['4LFTX', 'ABSV', 'ACPCP', 'ALBDO', 'APCP', 'APTMP', 'CAPE', 'CFRZR', 'CICEP', 'CIN', 'CLWMR', 'CNWAT', 'CPOFP', 'CPRAT', 'CRAIN', 'CSNOW', 'CWAT', 'CWORK', 'DLWRF', 'DPT', 'DSWRF', 'DZDT', 'FLDCP', 'FRICV', 'GFLUX', 'GRLE', 'GUST', 'HCDC', 'HGT', 'HINDEX', 'HLCY', 'HPBL', 'ICAHT', 'ICEC', 'ICEG', 'ICETK', 'ICETMP', 'ICMR', 'LAND', 'LCDC', 'LFTX', 'LHTFL', 'MCDC', 'MSLET', 'O3MR', 'PEVPR', 'PLPL', 'POT', 'PRATE', 'PRES', 'PRMSL', 'PWAT', 'REFC', 'REFD', 'RH', 'RWMR', 'SFCR', 'SHTFL', 'SNMR', 'SNOD', 'SOILL', 'SOILW', 'SOTYP', 'SPFH', 'SUNSD', 'TCDC', 'TMAX', 'TMIN', 'TMP', 'TOZNE', 'TSOIL', 'U-GWD', 'UFLX', 'UGRD', 'ULWRF', 'USTM', 'USWRF', 'V-GWD', 'VEG', 'VFLX', 'VGRD', 'VIS', 'VRATE', 'VSTM', 'VVEL', 'VWSH', 'WATR', 'WEASD', 'WILT']",731.0,ok,2.068343000020832,2026-07-04T15:36:10Z,
gfs,2026-07-04,12,18,https://nomads.ncep.noaa.gov/pub/data/nccf/com/gfs/prod/gfs.20260704/12/atmos/gfs.t12z.pgrb2.0p25.f018.idx,743.0,89.0,"['4LFTX', 'ABSV', 'ACPCP', 'ALBDO', 'APCP', 'APTMP', 'CAPE', 'CFRZR', 'CICEP', 'CIN', 'CLWMR', 'CNWAT', 'CPOFP', 'CPRAT', 'CRAIN', 'CSNOW', 'CWAT', 'CWORK', 'DLWRF', 'DPT', 'DSWRF', 'DZDT', 'FLDCP', 'FRICV', 'GFLUX', 'GRLE', 'GUST', 'HCDC', 'HGT', 'HINDEX', 'HLCY', 'HPBL', 'ICAHT', 'ICEC', 'ICEG', 'ICETK', 'ICETMP', 'ICMR', 'LAND', 'LCDC', 'LFTX', 'LHTFL', 'MCDC', 'MSLET', 'O3MR', 'PEVPR', 'PLPL', 'POT', 'PRATE', 'PRES', 'PRMSL', 'PWAT', 'REFC', 'REFD', 'RH', 'RWMR', 'SFCR', 'SHTFL', 'SNMR', 'SNOD', 'SOILL', 'SOILW', 'SOTYP', 'SPFH', 'SUNSD', 'TCDC', 'TMAX', 'TMIN', 'TMP', 'TOZNE', 'TSOIL', 'U-GWD', 'UFLX', 'UGRD', 'ULWRF', 'USTM', 'USWRF', 'V-GWD', 'VEG', 'VFLX', 'VGRD', 'VIS', 'VRATE', 'VSTM', 'VVEL', 'VWSH', 'WATR', 'WEASD', 'WILT']",731.0,ok,2.0771628000074998,2026-07-04T15:37:02Z,
gfs,2026-07-04,6,3,https://nomads.ncep.noaa.gov/pub/data/nccf/com/gfs/prod/gfs.20260704/06/atmos/gfs.t06z.pgrb2.0p25.f003.idx,743.0,89.0,"['4LFTX', 'ABSV', 'ACPCP', 'ALBDO', 'APCP', 'APTMP', 'CAPE', 'CFRZR', 'CICEP', 'CIN', 'CLWMR', 'CNWAT', 'CPOFP', 'CPRAT', 'CRAIN', 'CSNOW', 'CWAT', 'CWORK', 'DLWRF', 'DPT', 'DSWRF', 'DZDT', 'FLDCP', 'FRICV', 'GFLUX', 'GRLE', 'GUST', 'HCDC', 'HGT', 'HINDEX', 'HLCY', 'HPBL', 'ICAHT', 'ICEC', 'ICEG', 'ICETK', 'ICETMP', 'ICMR', 'LAND', 'LCDC', 'LFTX', 'LHTFL', 'MCDC', 'MSLET', 'O3MR', 'PEVPR', 'PLPL', 'POT', 'PRATE', 'PRES', 'PRMSL', 'PWAT', 'REFC', 'REFD', 'RH', 'RWMR', 'SFCR', 'SHTFL', 'SNMR', 'SNOD', 'SOILL', 'SOILW', 'SOTYP', 'SPFH', 'SUNSD', 'TCDC', 'TMAX', 'TMIN', 'TMP', 'TOZNE', 'TSOIL', 'U-GWD', 'UFLX', 'UGRD', 'ULWRF', 'USTM', 'USWRF', 'V-GWD', 'VEG', 'VFLX', 'VGRD', 'VIS', 'VRATE', 'VSTM', 'VVEL', 'VWSH', 'WATR', 'WEASD', 'WILT']",731.0,ok,5.538886700000148,2026-07-04T09:32:25Z,
gfs,2026-07-04,12,3,https://nomads.ncep.noaa.gov/pub/data/nccf/com/gfs/prod/gfs.20260704/12/atmos/gfs.t12z.pgrb2.0p25.f003.idx,743.0,89.0,"['4LFTX', 'ABSV', 'ACPCP', 'ALBDO', 'APCP', 'APTMP', 'CAPE', 'CFRZR', 'CICEP', 'CIN', 'CLWMR', 'CNWAT', 'CPOFP', 'CPRAT', 'CRAIN', 'CSNOW', 'CWAT', 'CWORK', 'DLWRF', 'DPT', 'DSWRF', 'DZDT', 'FLDCP', 'FRICV', 'GFLUX', 'GRLE', 'GUST', 'HCDC', 'HGT', 'HINDEX', 'HLCY', 'HPBL', 'ICAHT', 'ICEC', 'ICEG', 'ICETK', 'ICETMP', 'ICMR', 'LAND', 'LCDC', 'LFTX', 'LHTFL', 'MCDC', 'MSLET', 'O3MR', 'PEVPR', 'PLPL', 'POT', 'PRATE', 'PRES', 'PRMSL', 'PWAT', 'REFC', 'REFD', 'RH', 'RWMR', 'SFCR', 'SHTFL', 'SNMR', 'SNOD', 'SOILL', 'SOILW', 'SOTYP', 'SPFH', 'SUNSD', 'TCDC', 'TMAX', 'TMIN', 'TMP', 'TOZNE', 'TSOIL', 'U-GWD', 'UFLX', 'UGRD', 'ULWRF', 'USTM', 'USWRF', 'V-GWD', 'VEG', 'VFLX', 'VGRD', 'VIS', 'VRATE', 'VSTM', 'VVEL', 'VWSH', 'WATR', 'WEASD', 'WILT']",731.0,ok,2.8063171999529004,2026-07-04T15:33:08Z,
gfs,2026-07-04,6,6,https://nomads.ncep.noaa.gov/pub/data/nccf/com/gfs/prod/gfs.20260704/06/atmos/gfs.t06z.pgrb2.0p25.f006.idx,743.0,89.0,"['4LFTX', 'ABSV', 'ACPCP', 'ALBDO', 'APCP', 'APTMP', 'CAPE', 'CFRZR', 'CICEP', 'CIN', 'CLWMR', 'CNWAT', 'CPOFP', 'CPRAT', 'CRAIN', 'CSNOW', 'CWAT', 'CWORK', 'DLWRF', 'DPT', 'DSWRF', 'DZDT', 'FLDCP', 'FRICV', 'GFLUX', 'GRLE', 'GUST', 'HCDC', 'HGT', 'HINDEX', 'HLCY', 'HPBL', 'ICAHT', 'ICEC', 'ICEG', 'ICETK', 'ICETMP', 'ICMR', 'LAND', 'LCDC', 'LFTX', 'LHTFL', 'MCDC', 'MSLET', 'O3MR', 'PEVPR', 'PLPL', 'POT', 'PRATE', 'PRES', 'PRMSL', 'PWAT', 'REFC', 'REFD', 'RH', 'RWMR', 'SFCR', 'SHTFL', 'SNMR', 'SNOD', 'SOILL', 'SOILW', 'SOTYP', 'SPFH', 'SUNSD', 'TCDC', 'TMAX', 'TMIN', 'TMP', 'TOZNE', 'TSOIL', 'U-GWD', 'UFLX', 'UGRD', 'ULWRF', 'USTM', 'USWRF', 'V-GWD', 'VEG', 'VFLX', 'VGRD', 'VIS', 'VRATE', 'VSTM', 'VVEL', 'VWSH', 'WATR', 'WEASD', 'WILT']",731.0,ok,5.395690799981821,2026-07-04T09:33:20Z,
gfs,2026-07-04,12,12,https://nomads.ncep.noaa.gov/pub/data/nccf/com/gfs/prod/gfs.20260704/12/atmos/gfs.t12z.pgrb2.0p25.f012.idx,743.0,89.0,"['4LFTX', 'ABSV', 'ACPCP', 'ALBDO', 'APCP', 'APTMP', 'CAPE', 'CFRZR', 'CICEP', 'CIN', 'CLWMR', 'CNWAT', 'CPOFP', 'CPRAT', 'CRAIN', 'CSNOW', 'CWAT', 'CWORK', 'DLWRF', 'DPT', 'DSWRF', 'DZDT', 'FLDCP', 'FRICV', 'GFLUX', 'GRLE', 'GUST', 'HCDC', 'HGT', 'HINDEX', 'HLCY', 'HPBL', 'ICAHT', 'ICEC', 'ICEG', 'ICETK', 'ICETMP', 'ICMR', 'LAND', 'LCDC', 'LFTX', 'LHTFL', 'MCDC', 'MSLET', 'O3MR', 'PEVPR', 'PLPL', 'POT', 'PRATE', 'PRES', 'PRMSL', 'PWAT', 'REFC', 'REFD', 'RH', 'RWMR', 'SFCR', 'SHTFL', 'SNMR', 'SNOD', 'SOILL', 'SOILW', 'SOTYP', 'SPFH', 'SUNSD', 'TCDC', 'TMAX', 'TMIN', 'TMP', 'TOZNE', 'TSOIL', 'U-GWD', 'UFLX', 'UGRD', 'ULWRF', 'USTM', 'USWRF', 'V-GWD', 'VEG', 'VFLX', 'VGRD', 'VIS', 'VRATE', 'VSTM', 'VVEL', 'VWSH', 'WATR', 'WEASD', 'WILT']",731.0,ok,2.94042299996363,2026-07-04T15:35:26Z,
gfs,2026-07-04,12,21,https://nomads.ncep.noaa.gov/pub/data/nccf/com/gfs/prod/gfs.20260704/12/atmos/gfs.t12z.pgrb2.0p25.f021.idx,743.0,89.0,"['4LFTX', 'ABSV', 'ACPCP', 'ALBDO', 'APCP', 'APTMP', 'CAPE', 'CFRZR', 'CICEP', 'CIN', 'CLWMR', 'CNWAT', 'CPOFP', 'CPRAT', 'CRAIN', 'CSNOW', 'CWAT', 'CWORK', 'DLWRF', 'DPT', 'DSWRF', 'DZDT', 'FLDCP', 'FRICV', 'GFLUX', 'GRLE', 'GUST', 'HCDC', 'HGT', 'HINDEX', 'HLCY', 'HPBL', 'ICAHT', 'ICEC', 'ICEG', 'ICETK', 'ICETMP', 'ICMR', 'LAND', 'LCDC', 'LFTX', 'LHTFL', 'MCDC', 'MSLET', 'O3MR', 'PEVPR', 'PLPL', 'POT', 'PRATE', 'PRES', 'PRMSL', 'PWAT', 'REFC', 'REFD', 'RH', 'RWMR', 'SFCR', 'SHTFL', 'SNMR', 'SNOD', 'SOILL', 'SOILW', 'SOTYP', 'SPFH', 'SUNSD', 'TCDC', 'TMAX', 'TMIN', 'TMP', 'TOZNE', 'TSOIL', 'U-GWD', 'UFLX', 'UGRD', 'ULWRF', 'USTM', 'USWRF', 'V-GWD', 'VEG', 'VFLX', 'VGRD', 'VIS', 'VRATE', 'VSTM', 'VVEL', 'VWSH', 'WATR', 'WEASD', 'WILT']",731.0,ok,2.5712141999974847,2026-07-04T15:38:09Z,
gfs,2026-07-04,6,33,https://nomads.ncep.noaa.gov/pub/data/nccf/com/gfs/prod/gfs.20260704/06/atmos/gfs.t06z.pgrb2.0p25.f033.idx,743.0,89.0,"['4LFTX', 'ABSV', 'ACPCP', 'ALBDO', 'APCP', 'APTMP', 'CAPE', 'CFRZR', 'CICEP', 'CIN', 'CLWMR', 'CNWAT', 'CPOFP', 'CPRAT', 'CRAIN', 'CSNOW', 'CWAT', 'CWORK', 'DLWRF', 'DPT', 'DSWRF', 'DZDT', 'FLDCP', 'FRICV', 'GFLUX', 'GRLE', 'GUST', 'HCDC', 'HGT', 'HINDEX', 'HLCY', 'HPBL', 'ICAHT', 'ICEC', 'ICEG', 'ICETK', 'ICETMP', 'ICMR', 'LAND', 'LCDC', 'LFTX', 'LHTFL', 'MCDC', 'MSLET', 'O3MR', 'PEVPR', 'PLPL', 'POT', 'PRATE', 'PRES', 'PRMSL', 'PWAT', 'REFC', 'REFD', 'RH', 'RWMR', 'SFCR', 'SHTFL', 'SNMR', 'SNOD', 'SOILL', 'SOILW', 'SOTYP', 'SPFH', 'SUNSD', 'TCDC', 'TMAX', 'TMIN', 'TMP', 'TOZNE', 'TSOIL', 'U-GWD', 'UFLX', 'UGRD', 'ULWRF', 'USTM', 'USWRF', 'V-GWD', 'VEG', 'VFLX', 'VGRD', 'VIS', 'VRATE', 'VSTM', 'VVEL', 'VWSH', 'WATR', 'WEASD', 'WILT']",731.0,ok,3.7892162000061944,2026-07-04T09:40:27Z,
gfs,2026-07-04,6,30,https://nomads.ncep.noaa.gov/pub/data/nccf/com/gfs/prod/gfs.20260704/06/atmos/gfs.t06z.pgrb2.0p25.f030.idx,743.0,89.0,"['4LFTX', 'ABSV', 'ACPCP', 'ALBDO', 'APCP', 'APTMP', 'CAPE', 'CFRZR', 'CICEP', 'CIN', 'CLWMR', 'CNWAT', 'CPOFP', 'CPRAT', 'CRAIN', 'CSNOW', 'CWAT', 'CWORK', 'DLWRF', 'DPT', 'DSWRF', 'DZDT', 'FLDCP', 'FRICV', 'GFLUX', 'GRLE', 'GUST', 'HCDC', 'HGT', 'HINDEX', 'HLCY', 'HPBL', 'ICAHT', 'ICEC', 'ICEG', 'ICETK', 'ICETMP', 'ICMR', 'LAND', 'LCDC', 'LFTX', 'LHTFL', 'MCDC', 'MSLET', 'O3MR', 'PEVPR', 'PLPL', 'POT', 'PRATE', 'PRES', 'PRMSL', 'PWAT', 'REFC', 'REFD', 'RH', 'RWMR', 'SFCR', 'SHTFL', 'SNMR', 'SNOD', 'SOILL', 'SOILW', 'SOTYP', 'SPFH', 'SUNSD', 'TCDC', 'TMAX', 'TMIN', 'TMP', 'TOZNE', 'TSOIL', 'U-GWD', 'UFLX', 'UGRD', 'ULWRF', 'USTM', 'USWRF', 'V-GWD', 'VEG', 'VFLX', 'VGRD', 'VIS', 'VRATE', 'VSTM', 'VVEL', 'VWSH', 'WATR', 'WEASD', 'WILT']",731.0,ok,3.931119300017599,2026-07-04T09:40:06Z,
gfs,2026-07-04,6,48,https://nomads.ncep.noaa.gov/pub/data/nccf/com/gfs/prod/gfs.20260704/06/atmos/gfs.t06z.pgrb2.0p25.f048.idx,743.0,89.0,"['4LFTX', 'ABSV', 'ACPCP', 'ALBDO', 'APCP', 'APTMP', 'CAPE', 'CFRZR', 'CICEP', 'CIN', 'CLWMR', 'CNWAT', 'CPOFP', 'CPRAT', 'CRAIN', 'CSNOW', 'CWAT', 'CWORK', 'DLWRF', 'DPT', 'DSWRF', 'DZDT', 'FLDCP', 'FRICV', 'GFLUX', 'GRLE', 'GUST', 'HCDC', 'HGT', 'HINDEX', 'HLCY', 'HPBL', 'ICAHT', 'ICEC', 'ICEG', 'ICETK', 'ICETMP', 'ICMR', 'LAND', 'LCDC', 'LFTX', 'LHTFL', 'MCDC', 'MSLET', 'O3MR', 'PEVPR', 'PLPL', 'POT', 'PRATE', 'PRES', 'PRMSL', 'PWAT', 'REFC', 'REFD', 'RH', 'RWMR', 'SFCR', 'SHTFL', 'SNMR', 'SNOD', 'SOILL', 'SOILW', 'SOTYP', 'SPFH', 'SUNSD', 'TCDC', 'TMAX', 'TMIN', 'TMP', 'TOZNE', 'TSOIL', 'U-GWD', 'UFLX', 'UGRD', 'ULWRF', 'USTM', 'USWRF', 'V-GWD', 'VEG', 'VFLX', 'VGRD', 'VIS', 'VRATE', 'VSTM', 'VVEL', 'VWSH', 'WATR', 'WEASD', 'WILT']",731.0,ok,3.7035605999990366,2026-07-04T09:44:20Z,
gfs,2026-07-04,6,39,https://nomads.ncep.noaa.gov/pub/data/nccf/com/gfs/prod/gfs.20260704/06/atmos/gfs.t06z.pgrb2.0p25.f039.idx,743.0,89.0,"['4LFTX', 'ABSV', 'ACPCP', 'ALBDO', 'APCP', 'APTMP', 'CAPE', 'CFRZR', 'CICEP', 'CIN', 'CLWMR', 'CNWAT', 'CPOFP', 'CPRAT', 'CRAIN', 'CSNOW', 'CWAT', 'CWORK', 'DLWRF', 'DPT', 'DSWRF', 'DZDT', 'FLDCP', 'FRICV', 'GFLUX', 'GRLE', 'GUST', 'HCDC', 'HGT', 'HINDEX', 'HLCY', 'HPBL', 'ICAHT', 'ICEC', 'ICEG', 'ICETK', 'ICETMP', 'ICMR', 'LAND', 'LCDC', 'LFTX', 'LHTFL', 'MCDC', 'MSLET', 'O3MR', 'PEVPR', 'PLPL', 'POT', 'PRATE', 'PRES', 'PRMSL', 'PWAT', 'REFC', 'REFD', 'RH', 'RWMR', 'SFCR', 'SHTFL', 'SNMR', 'SNOD', 'SOILL', 'SOILW', 'SOTYP', 'SPFH', 'SUNSD', 'TCDC', 'TMAX', 'TMIN', 'TMP', 'TOZNE', 'TSOIL', 'U-GWD', 'UFLX', 'UGRD', 'ULWRF', 'USTM', 'USWRF', 'V-GWD', 'VEG', 'VFLX', 'VGRD', 'VIS', 'VRATE', 'VSTM', 'VVEL', 'VWSH', 'WATR', 'WEASD', 'WILT']",731.0,ok,3.861753199947998,2026-07-04T09:42:12Z,
gfs,2026-07-04,6,42,https://nomads.ncep.noaa.gov/pub/data/nccf/com/gfs/prod/gfs.20260704/06/atmos/gfs.t06z.pgrb2.0p25.f042.idx,743.0,89.0,"['4LFTX', 'ABSV', 'ACPCP', 'ALBDO', 'APCP', 'APTMP', 'CAPE', 'CFRZR', 'CICEP', 'CIN', 'CLWMR', 'CNWAT', 'CPOFP', 'CPRAT', 'CRAIN', 'CSNOW', 'CWAT', 'CWORK', 'DLWRF', 'DPT', 'DSWRF', 'DZDT', 'FLDCP', 'FRICV', 'GFLUX', 'GRLE', 'GUST', 'HCDC', 'HGT', 'HINDEX', 'HLCY', 'HPBL', 'ICAHT', 'ICEC', 'ICEG', 'ICETK', 'ICETMP', 'ICMR', 'LAND', 'LCDC', 'LFTX', 'LHTFL', 'MCDC', 'MSLET', 'O3MR', 'PEVPR', 'PLPL', 'POT', 'PRATE', 'PRES', 'PRMSL', 'PWAT', 'REFC', 'REFD', 'RH', 'RWMR', 'SFCR', 'SHTFL', 'SNMR', 'SNOD', 'SOILL', 'SOILW', 'SOTYP', 'SPFH', 'SUNSD', 'TCDC', 'TMAX', 'TMIN', 'TMP', 'TOZNE', 'TSOIL', 'U-GWD', 'UFLX', 'UGRD', 'ULWRF', 'USTM', 'USWRF', 'V-GWD', 'VEG', 'VFLX', 'VGRD', 'VIS', 'VRATE', 'VSTM', 'VVEL', 'VWSH', 'WATR', 'WEASD', 'WILT']",731.0,ok,4.091644199972507,2026-07-04T09:43:17Z,
gfs,2026-07-04,12,33,https://nomads.ncep.noaa.gov/pub/data/nccf/com/gfs/prod/gfs.20260704/12/atmos/gfs.t12z.pgrb2.0p25.f033.idx,743.0,89.0,"['4LFTX', 'ABSV', 'ACPCP', 'ALBDO', 'APCP', 'APTMP', 'CAPE', 'CFRZR', 'CICEP', 'CIN', 'CLWMR', 'CNWAT', 'CPOFP', 'CPRAT', 'CRAIN', 'CSNOW', 'CWAT', 'CWORK', 'DLWRF', 'DPT', 'DSWRF', 'DZDT', 'FLDCP', 'FRICV', 'GFLUX', 'GRLE', 'GUST', 'HCDC', 'HGT', 'HINDEX', 'HLCY', 'HPBL', 'ICAHT', 'ICEC', 'ICEG', 'ICETK', 'ICETMP', 'ICMR', 'LAND', 'LCDC', 'LFTX', 'LHTFL', 'MCDC', 'MSLET', 'O3MR', 'PEVPR', 'PLPL', 'POT', 'PRATE', 'PRES', 'PRMSL', 'PWAT', 'REFC', 'REFD', 'RH', 'RWMR', 'SFCR', 'SHTFL', 'SNMR', 'SNOD', 'SOILL', 'SOILW', 'SOTYP', 'SPFH', 'SUNSD', 'TCDC', 'TMAX', 'TMIN', 'TMP', 'TOZNE', 'TSOIL', 'U-GWD', 'UFLX', 'UGRD', 'ULWRF', 'USTM', 'USWRF', 'V-GWD', 'VEG', 'VFLX', 'VGRD', 'VIS', 'VRATE', 'VSTM', 'VVEL', 'VWSH', 'WATR', 'WEASD', 'WILT']",731.0,ok,1.9837980000302196,2026-07-04T15:41:14Z,
gfs,2026-07-04,12,0,https://nomads.ncep.noaa.gov/pub/data/nccf/com/gfs/prod/gfs.20260704/12/atmos/gfs.t12z.pgrb2.0p25.f000.idx,696.0,69.0,"['4LFTX', 'ABSV', 'APTMP', 'CAPE', 'CFRZR', 'CICEP', 'CIN', 'CLWMR', 'CNWAT', 'CPOFP', 'CRAIN', 'CSNOW', 'CWAT', 'DPT', 'DZDT', 'FLDCP', 'FRICV', 'GRLE', 'GUST', 'HCDC', 'HGT', 'HINDEX', 'HLCY', 'HPBL', 'ICAHT', 'ICEC', 'ICEG', 'ICETK', 'ICETMP', 'ICMR', 'LAND', 'LCDC', 'LFTX', 'MCDC', 'MSLET', 'O3MR', 'PLPL', 'POT', 'PRATE', 'PRES', 'PRMSL', 'PWAT', 'REFC', 'REFD', 'RH', 'RWMR', 'SFCR', 'SNMR', 'SNOD', 'SOILL', 'SOILW', 'SOTYP', 'SPFH', 'SUNSD', 'TCDC', 'TMP', 'TOZNE', 'TSOIL', 'UGRD', 'USTM', 'VEG', 'VGRD', 'VIS', 'VRATE', 'VSTM', 'VVEL', 'VWSH', 'WEASD', 'WILT']",696.0,ok,4.200580700009596,2026-07-04T15:32:26Z,
gfs,2026-07-04,12,27,https://nomads.ncep.noaa.gov/pub/data/nccf/com/gfs/prod/gfs.20260704/12/atmos/gfs.t12z.pgrb2.0p25.f027.idx,743.0,89.0,"['4LFTX', 'ABSV', 'ACPCP', 'ALBDO', 'APCP', 'APTMP', 'CAPE', 'CFRZR', 'CICEP', 'CIN', 'CLWMR', 'CNWAT', 'CPOFP', 'CPRAT', 'CRAIN', 'CSNOW', 'CWAT', 'CWORK', 'DLWRF', 'DPT', 'DSWRF', 'DZDT', 'FLDCP', 'FRICV', 'GFLUX', 'GRLE', 'GUST', 'HCDC', 'HGT', 'HINDEX', 'HLCY', 'HPBL', 'ICAHT', 'ICEC', 'ICEG', 'ICETK', 'ICETMP', 'ICMR', 'LAND', 'LCDC', 'LFTX', 'LHTFL', 'MCDC', 'MSLET', 'O3MR', 'PEVPR', 'PLPL', 'POT', 'PRATE', 'PRES', 'PRMSL', 'PWAT', 'REFC', 'REFD', 'RH', 'RWMR', 'SFCR', 'SHTFL', 'SNMR', 'SNOD', 'SOILL', 'SOILW', 'SOTYP', 'SPFH', 'SUNSD', 'TCDC', 'TMAX', 'TMIN', 'TMP', 'TOZNE', 'TSOIL', 'U-GWD', 'UFLX', 'UGRD', 'ULWRF', 'USTM', 'USWRF', 'V-GWD', 'VEG', 'VFLX', 'VGRD', 'VIS', 'VRATE', 'VSTM', 'VVEL', 'VWSH', 'WATR', 'WEASD', 'WILT']",731.0,ok,2.771740399999544,2026-07-04T15:39:28Z,
gfs,2026-07-04,12,42,https://nomads.ncep.noaa.gov/pub/data/nccf/com/gfs/prod/gfs.20260704/12/atmos/gfs.t12z.pgrb2.0p25.f042.idx,743.0,89.0,"['4LFTX', 'ABSV', 'ACPCP', 'ALBDO', 'APCP', 'APTMP', 'CAPE', 'CFRZR', 'CICEP', 'CIN', 'CLWMR', 'CNWAT', 'CPOFP', 'CPRAT', 'CRAIN', 'CSNOW', 'CWAT', 'CWORK', 'DLWRF', 'DPT', 'DSWRF', 'DZDT', 'FLDCP', 'FRICV', 'GFLUX', 'GRLE', 'GUST', 'HCDC', 'HGT', 'HINDEX', 'HLCY', 'HPBL', 'ICAHT', 'ICEC', 'ICEG', 'ICETK', 'ICETMP', 'ICMR', 'LAND', 'LCDC', 'LFTX', 'LHTFL', 'MCDC', 'MSLET', 'O3MR', 'PEVPR', 'PLPL', 'POT', 'PRATE', 'PRES', 'PRMSL', 'PWAT', 'REFC', 'REFD', 'RH', 'RWMR', 'SFCR', 'SHTFL', 'SNMR', 'SNOD', 'SOILL', 'SOILW', 'SOTYP', 'SPFH', 'SUNSD', 'TCDC', 'TMAX', 'TMIN', 'TMP', 'TOZNE', 'TSOIL', 'U-GWD', 'UFLX', 'UGRD', 'ULWRF', 'USTM', 'USWRF', 'V-GWD', 'VEG', 'VFLX', 'VGRD', 'VIS', 'VRATE', 'VSTM', 'VVEL', 'VWSH', 'WATR', 'WEASD', 'WILT']",731.0,ok,1.988328100007493,2026-07-04T15:43:38Z,
gfs,2026-07-04,12,24,https://nomads.ncep.noaa.gov/pub/data/nccf/com/gfs/prod/gfs.20260704/12/atmos/gfs.t12z.pgrb2.0p25.f024.idx,743.0,89.0,"['4LFTX', 'ABSV', 'ACPCP', 'ALBDO', 'APCP', 'APTMP', 'CAPE', 'CFRZR', 'CICEP', 'CIN', 'CLWMR', 'CNWAT', 'CPOFP', 'CPRAT', 'CRAIN', 'CSNOW', 'CWAT', 'CWORK', 'DLWRF', 'DPT', 'DSWRF', 'DZDT', 'FLDCP', 'FRICV', 'GFLUX', 'GRLE', 'GUST', 'HCDC', 'HGT', 'HINDEX', 'HLCY', 'HPBL', 'ICAHT', 'ICEC', 'ICEG', 'ICETK', 'ICETMP', 'ICMR', 'LAND', 'LCDC', 'LFTX', 'LHTFL', 'MCDC', 'MSLET', 'O3MR', 'PEVPR', 'PLPL', 'POT', 'PRATE', 'PRES', 'PRMSL', 'PWAT', 'REFC', 'REFD', 'RH', 'RWMR', 'SFCR', 'SHTFL', 'SNMR', 'SNOD', 'SOILL', 'SOILW', 'SOTYP', 'SPFH', 'SUNSD', 'TCDC', 'TMAX', 'TMIN', 'TMP', 'TOZNE', 'TSOIL', 'U-GWD', 'UFLX', 'UGRD', 'ULWRF', 'USTM', 'USWRF', 'V-GWD', 'VEG', 'VFLX', 'VGRD', 'VIS', 'VRATE', 'VSTM', 'VVEL', 'VWSH', 'WATR', 'WEASD', 'WILT']",731.0,ok,3.1440141999628395,2026-07-04T15:38:41Z,
gfs,2026-07-04,12,39,https://nomads.ncep.noaa.gov/pub/data/nccf/com/gfs/prod/gfs.20260704/12/atmos/gfs.t12z.pgrb2.0p25.f039.idx,743.0,89.0,"['4LFTX', 'ABSV', 'ACPCP', 'ALBDO', 'APCP', 'APTMP', 'CAPE', 'CFRZR', 'CICEP', 'CIN', 'CLWMR', 'CNWAT', 'CPOFP', 'CPRAT', 'CRAIN', 'CSNOW', 'CWAT', 'CWORK', 'DLWRF', 'DPT', 'DSWRF', 'DZDT', 'FLDCP', 'FRICV', 'GFLUX', 'GRLE', 'GUST', 'HCDC', 'HGT', 'HINDEX', 'HLCY', 'HPBL', 'ICAHT', 'ICEC', 'ICEG', 'ICETK', 'ICETMP', 'ICMR', 'LAND', 'LCDC', 'LFTX', 'LHTFL', 'MCDC', 'MSLET', 'O3MR', 'PEVPR', 'PLPL', 'POT', 'PRATE', 'PRES', 'PRMSL', 'PWAT', 'REFC', 'REFD', 'RH', 'RWMR', 'SFCR', 'SHTFL', 'SNMR', 'SNOD', 'SOILL', 'SOILW', 'SOTYP', 'SPFH', 'SUNSD', 'TCDC', 'TMAX', 'TMIN', 'TMP', 'TOZNE', 'TSOIL', 'U-GWD', 'UFLX', 'UGRD', 'ULWRF', 'USTM', 'USWRF', 'V-GWD', 'VEG', 'VFLX', 'VGRD', 'VIS', 'VRATE', 'VSTM', 'VVEL', 'VWSH', 'WATR', 'WEASD', 'WILT']",731.0,ok,2.443039099976886,2026-07-04T15:42:37Z,
gfs,2026-07-04,12,30,https://nomads.ncep.noaa.gov/pub/data/nccf/com/gfs/prod/gfs.20260704/12/atmos/gfs.t12z.pgrb2.0p25.f030.idx,743.0,89.0,"['4LFTX', 'ABSV', 'ACPCP', 'ALBDO', 'APCP', 'APTMP', 'CAPE', 'CFRZR', 'CICEP', 'CIN', 'CLWMR', 'CNWAT', 'CPOFP', 'CPRAT', 'CRAIN', 'CSNOW', 'CWAT', 'CWORK', 'DLWRF', 'DPT', 'DSWRF', 'DZDT', 'FLDCP', 'FRICV', 'GFLUX', 'GRLE', 'GUST', 'HCDC', 'HGT', 'HINDEX', 'HLCY', 'HPBL', 'ICAHT', 'ICEC', 'ICEG', 'ICETK', 'ICETMP', 'ICMR', 'LAND', 'LCDC', 'LFTX', 'LHTFL', 'MCDC', 'MSLET', 'O3MR', 'PEVPR', 'PLPL', 'POT', 'PRATE', 'PRES', 'PRMSL', 'PWAT', 'REFC', 'REFD', 'RH', 'RWMR', 'SFCR', 'SHTFL', 'SNMR', 'SNOD', 'SOILL', 'SOILW', 'SOTYP', 'SPFH', 'SUNSD', 'TCDC', 'TMAX', 'TMIN', 'TMP', 'TOZNE', 'TSOIL', 'U-GWD', 'UFLX', 'UGRD', 'ULWRF', 'USTM', 'USWRF', 'V-GWD', 'VEG', 'VFLX', 'VGRD', 'VIS', 'VRATE', 'VSTM', 'VVEL', 'VWSH', 'WATR', 'WEASD', 'WILT']",731.0,ok,3.0580979000078514,2026-07-04T15:40:27Z,
gfs,2026-07-04,12,36,https://nomads.ncep.noaa.gov/pub/data/nccf/com/gfs/prod/gfs.20260704/12/atmos/gfs.t12z.pgrb2.0p25.f036.idx,743.0,89.0,"['4LFTX', 'ABSV', 'ACPCP', 'ALBDO', 'APCP', 'APTMP', 'CAPE', 'CFRZR', 'CICEP', 'CIN', 'CLWMR', 'CNWAT', 'CPOFP', 'CPRAT', 'CRAIN', 'CSNOW', 'CWAT', 'CWORK', 'DLWRF', 'DPT', 'DSWRF', 'DZDT', 'FLDCP', 'FRICV', 'GFLUX', 'GRLE', 'GUST', 'HCDC', 'HGT', 'HINDEX', 'HLCY', 'HPBL', 'ICAHT', 'ICEC', 'ICEG', 'ICETK', 'ICETMP', 'ICMR', 'LAND', 'LCDC', 'LFTX', 'LHTFL', 'MCDC', 'MSLET', 'O3MR', 'PEVPR', 'PLPL', 'POT', 'PRATE', 'PRES', 'PRMSL', 'PWAT', 'REFC', 'REFD', 'RH', 'RWMR', 'SFCR', 'SHTFL', 'SNMR', 'SNOD', 'SOILL', 'SOILW', 'SOTYP', 'SPFH', 'SUNSD', 'TCDC', 'TMAX', 'TMIN', 'TMP', 'TOZNE', 'TSOIL', 'U-GWD', 'UFLX', 'UGRD', 'ULWRF', 'USTM', 'USWRF', 'V-GWD', 'VEG', 'VFLX', 'VGRD', 'VIS', 'VRATE', 'VSTM', 'VVEL', 'VWSH', 'WATR', 'WEASD', 'WILT']",731.0,ok,2.854956499999389,2026-07-04T15:41:55Z,
gfs,2026-07-04,18,6,https://nomads.ncep.noaa.gov/pub/data/nccf/com/gfs/prod/gfs.20260704/18/atmos/gfs.t18z.pgrb2.0p25.f006.idx,743.0,89.0,"['4LFTX', 'ABSV', 'ACPCP', 'ALBDO', 'APCP', 'APTMP', 'CAPE', 'CFRZR', 'CICEP', 'CIN', 'CLWMR', 'CNWAT', 'CPOFP', 'CPRAT', 'CRAIN', 'CSNOW', 'CWAT', 'CWORK', 'DLWRF', 'DPT', 'DSWRF', 'DZDT', 'FLDCP', 'FRICV', 'GFLUX', 'GRLE', 'GUST', 'HCDC', 'HGT', 'HINDEX', 'HLCY', 'HPBL', 'ICAHT', 'ICEC', 'ICEG', 'ICETK', 'ICETMP', 'ICMR', 'LAND', 'LCDC', 'LFTX', 'LHTFL', 'MCDC', 'MSLET', 'O3MR', 'PEVPR', 'PLPL', 'POT', 'PRATE', 'PRES', 'PRMSL', 'PWAT', 'REFC', 'REFD', 'RH', 'RWMR', 'SFCR', 'SHTFL', 'SNMR', 'SNOD', 'SOILL', 'SOILW', 'SOTYP', 'SPFH', 'SUNSD', 'TCDC', 'TMAX', 'TMIN', 'TMP', 'TOZNE', 'TSOIL', 'U-GWD', 'UFLX', 'UGRD', 'ULWRF', 'USTM', 'USWRF', 'V-GWD', 'VEG', 'VFLX', 'VGRD', 'VIS', 'VRATE', 'VSTM', 'VVEL', 'VWSH', 'WATR', 'WEASD', 'WILT']",731.0,ok,2.0044284000177868,2026-07-04T21:36:42Z,
gfs,2026-07-04,12,6,https://nomads.ncep.noaa.gov/pub/data/nccf/com/gfs/prod/gfs.20260704/12/atmos/gfs.t12z.pgrb2.0p25.f006.idx,743.0,89.0,"['4LFTX', 'ABSV', 'ACPCP', 'ALBDO', 'APCP', 'APTMP', 'CAPE', 'CFRZR', 'CICEP', 'CIN', 'CLWMR', 'CNWAT', 'CPOFP', 'CPRAT', 'CRAIN', 'CSNOW', 'CWAT', 'CWORK', 'DLWRF', 'DPT', 'DSWRF', 'DZDT', 'FLDCP', 'FRICV', 'GFLUX', 'GRLE', 'GUST', 'HCDC', 'HGT', 'HINDEX', 'HLCY', 'HPBL', 'ICAHT', 'ICEC', 'ICEG', 'ICETK', 'ICETMP', 'ICMR', 'LAND', 'LCDC', 'LFTX', 'LHTFL', 'MCDC', 'MSLET', 'O3MR', 'PEVPR', 'PLPL', 'POT', 'PRATE', 'PRES', 'PRMSL', 'PWAT', 'REFC', 'REFD', 'RH', 'RWMR', 'SFCR', 'SHTFL', 'SNMR', 'SNOD', 'SOILL', 'SOILW', 'SOTYP', 'SPFH', 'SUNSD', 'TCDC', 'TMAX', 'TMIN', 'TMP', 'TOZNE', 'TSOIL', 'U-GWD', 'UFLX', 'UGRD', 'ULWRF', 'USTM', 'USWRF', 'V-GWD', 'VEG', 'VFLX', 'VGRD', 'VIS', 'VRATE', 'VSTM', 'VVEL', 'VWSH', 'WATR', 'WEASD', 'WILT']",731.0,ok,5.314104699995369,2026-07-04T15:33:55Z,
gfs,2026-07-04,12,9,https://nomads.ncep.noaa.gov/pub/data/nccf/com/gfs/prod/gfs.20260704/12/atmos/gfs.t12z.pgrb2.0p25.f009.idx,743.0,89.0,"['4LFTX', 'ABSV', 'ACPCP', 'ALBDO', 'APCP', 'APTMP', 'CAPE', 'CFRZR', 'CICEP', 'CIN', 'CLWMR', 'CNWAT', 'CPOFP', 'CPRAT', 'CRAIN', 'CSNOW', 'CWAT', 'CWORK', 'DLWRF', 'DPT', 'DSWRF', 'DZDT', 'FLDCP', 'FRICV', 'GFLUX', 'GRLE', 'GUST', 'HCDC', 'HGT', 'HINDEX', 'HLCY', 'HPBL', 'ICAHT', 'ICEC', 'ICEG', 'ICETK', 'ICETMP', 'ICMR', 'LAND', 'LCDC', 'LFTX', 'LHTFL', 'MCDC', 'MSLET', 'O3MR', 'PEVPR', 'PLPL', 'POT', 'PRATE', 'PRES', 'PRMSL', 'PWAT', 'REFC', 'REFD', 'RH', 'RWMR', 'SFCR', 'SHTFL', 'SNMR', 'SNOD', 'SOILL', 'SOILW', 'SOTYP', 'SPFH', 'SUNSD', 'TCDC', 'TMAX', 'TMIN', 'TMP', 'TOZNE', 'TSOIL', 'U-GWD', 'UFLX', 'UGRD', 'ULWRF', 'USTM', 'USWRF', 'V-GWD', 'VEG', 'VFLX', 'VGRD', 'VIS', 'VRATE', 'VSTM', 'VVEL', 'VWSH', 'WATR', 'WEASD', 'WILT']",731.0,ok,5.307806999946479,2026-07-04T15:34:35Z,
gfs,2026-07-04,18,3,https://nomads.ncep.noaa.gov/pub/data/nccf/com/gfs/prod/gfs.20260704/18/atmos/gfs.t18z.pgrb2.0p25.f003.idx,743.0,89.0,"['4LFTX', 'ABSV', 'ACPCP', 'ALBDO', 'APCP', 'APTMP', 'CAPE', 'CFRZR', 'CICEP', 'CIN', 'CLWMR', 'CNWAT', 'CPOFP', 'CPRAT', 'CRAIN', 'CSNOW', 'CWAT', 'CWORK', 'DLWRF', 'DPT', 'DSWRF', 'DZDT', 'FLDCP', 'FRICV', 'GFLUX', 'GRLE', 'GUST', 'HCDC', 'HGT', 'HINDEX', 'HLCY', 'HPBL', 'ICAHT', 'ICEC', 'ICEG', 'ICETK', 'ICETMP', 'ICMR', 'LAND', 'LCDC', 'LFTX', 'LHTFL', 'MCDC', 'MSLET', 'O3MR', 'PEVPR', 'PLPL', 'POT', 'PRATE', 'PRES', 'PRMSL', 'PWAT', 'REFC', 'REFD', 'RH', 'RWMR', 'SFCR', 'SHTFL', 'SNMR', 'SNOD', 'SOILL', 'SOILW', 'SOTYP', 'SPFH', 'SUNSD', 'TCDC', 'TMAX', 'TMIN', 'TMP', 'TOZNE', 'TSOIL', 'U-GWD', 'UFLX', 'UGRD', 'ULWRF', 'USTM', 'USWRF', 'V-GWD', 'VEG', 'VFLX', 'VGRD', 'VIS', 'VRATE', 'VSTM', 'VVEL', 'VWSH', 'WATR', 'WEASD', 'WILT']",731.0,ok,2.5240457999752834,2026-07-04T21:36:04Z,
gfs,2026-07-04,12,48,https://nomads.ncep.noaa.gov/pub/data/nccf/com/gfs/prod/gfs.20260704/12/atmos/gfs.t12z.pgrb2.0p25.f048.idx,743.0,89.0,"['4LFTX', 'ABSV', 'ACPCP', 'ALBDO', 'APCP', 'APTMP', 'CAPE', 'CFRZR', 'CICEP', 'CIN', 'CLWMR', 'CNWAT', 'CPOFP', 'CPRAT', 'CRAIN', 'CSNOW', 'CWAT', 'CWORK', 'DLWRF', 'DPT', 'DSWRF', 'DZDT', 'FLDCP', 'FRICV', 'GFLUX', 'GRLE', 'GUST', 'HCDC', 'HGT', 'HINDEX', 'HLCY', 'HPBL', 'ICAHT', 'ICEC', 'ICEG', 'ICETK', 'ICETMP', 'ICMR', 'LAND', 'LCDC', 'LFTX', 'LHTFL', 'MCDC', 'MSLET', 'O3MR', 'PEVPR', 'PLPL', 'POT', 'PRATE', 'PRES', 'PRMSL', 'PWAT', 'REFC', 'REFD', 'RH', 'RWMR', 'SFCR', 'SHTFL', 'SNMR', 'SNOD', 'SOILL', 'SOILW', 'SOTYP', 'SPFH', 'SUNSD', 'TCDC', 'TMAX', 'TMIN', 'TMP', 'TOZNE', 'TSOIL', 'U-GWD', 'UFLX', 'UGRD', 'ULWRF', 'USTM', 'USWRF', 'V-GWD', 'VEG', 'VFLX', 'VGRD', 'VIS', 'VRATE', 'VSTM', 'VVEL', 'VWSH', 'WATR', 'WEASD', 'WILT']",731.0,ok,2.7687896999996156,2026-07-04T15:45:17Z,
gfs,2026-07-04,18,24,https://nomads.ncep.noaa.gov/pub/data/nccf/com/gfs/prod/gfs.20260704/18/atmos/gfs.t18z.pgrb2.0p25.f024.idx,743.0,89.0,"['4LFTX', 'ABSV', 'ACPCP', 'ALBDO', 'APCP', 'APTMP', 'CAPE', 'CFRZR', 'CICEP', 'CIN', 'CLWMR', 'CNWAT', 'CPOFP', 'CPRAT', 'CRAIN', 'CSNOW', 'CWAT', 'CWORK', 'DLWRF', 'DPT', 'DSWRF', 'DZDT', 'FLDCP', 'FRICV', 'GFLUX', 'GRLE', 'GUST', 'HCDC', 'HGT', 'HINDEX', 'HLCY', 'HPBL', 'ICAHT', 'ICEC', 'ICEG', 'ICETK', 'ICETMP', 'ICMR', 'LAND', 'LCDC', 'LFTX', 'LHTFL', 'MCDC', 'MSLET', 'O3MR', 'PEVPR', 'PLPL', 'POT', 'PRATE', 'PRES', 'PRMSL', 'PWAT', 'REFC', 'REFD', 'RH', 'RWMR', 'SFCR', 'SHTFL', 'SNMR', 'SNOD', 'SOILL', 'SOILW', 'SOTYP', 'SPFH', 'SUNSD', 'TCDC', 'TMAX', 'TMIN', 'TMP', 'TOZNE', 'TSOIL', 'U-GWD', 'UFLX', 'UGRD', 'ULWRF', 'USTM', 'USWRF', 'V-GWD', 'VEG', 'VFLX', 'VGRD', 'VIS', 'VRATE', 'VSTM', 'VVEL', 'VWSH', 'WATR', 'WEASD', 'WILT']",731.0,ok,2.140833900019061,2026-07-04T21:41:44Z,
gfs,2026-07-04,18,33,https://nomads.ncep.noaa.gov/pub/data/nccf/com/gfs/prod/gfs.20260704/18/atmos/gfs.t18z.pgrb2.0p25.f033.idx,743.0,89.0,"['4LFTX', 'ABSV', 'ACPCP', 'ALBDO', 'APCP', 'APTMP', 'CAPE', 'CFRZR', 'CICEP', 'CIN', 'CLWMR', 'CNWAT', 'CPOFP', 'CPRAT', 'CRAIN', 'CSNOW', 'CWAT', 'CWORK', 'DLWRF', 'DPT', 'DSWRF', 'DZDT', 'FLDCP', 'FRICV', 'GFLUX', 'GRLE', 'GUST', 'HCDC', 'HGT', 'HINDEX', 'HLCY', 'HPBL', 'ICAHT', 'ICEC', 'ICEG', 'ICETK', 'ICETMP', 'ICMR', 'LAND', 'LCDC', 'LFTX', 'LHTFL', 'MCDC', 'MSLET', 'O3MR', 'PEVPR', 'PLPL', 'POT', 'PRATE', 'PRES', 'PRMSL', 'PWAT', 'REFC', 'REFD', 'RH', 'RWMR', 'SFCR', 'SHTFL', 'SNMR', 'SNOD', 'SOILL', 'SOILW', 'SOTYP', 'SPFH', 'SUNSD', 'TCDC', 'TMAX', 'TMIN', 'TMP', 'TOZNE', 'TSOIL', 'U-GWD', 'UFLX', 'UGRD', 'ULWRF', 'USTM', 'USWRF', 'V-GWD', 'VEG', 'VFLX', 'VGRD', 'VIS', 'VRATE', 'VSTM', 'VVEL', 'VWSH', 'WATR', 'WEASD', 'WILT']",731.0,ok,2.325763500004541,2026-07-04T21:43:57Z,
gfs,2026-07-04,18,15,https://nomads.ncep.noaa.gov/pub/data/nccf/com/gfs/prod/gfs.20260704/18/atmos/gfs.t18z.pgrb2.0p25.f015.idx,743.0,89.0,"['4LFTX', 'ABSV', 'ACPCP', 'ALBDO', 'APCP', 'APTMP', 'CAPE', 'CFRZR', 'CICEP', 'CIN', 'CLWMR', 'CNWAT', 'CPOFP', 'CPRAT', 'CRAIN', 'CSNOW', 'CWAT', 'CWORK', 'DLWRF', 'DPT', 'DSWRF', 'DZDT', 'FLDCP', 'FRICV', 'GFLUX', 'GRLE', 'GUST', 'HCDC', 'HGT', 'HINDEX', 'HLCY', 'HPBL', 'ICAHT', 'ICEC', 'ICEG', 'ICETK', 'ICETMP', 'ICMR', 'LAND', 'LCDC', 'LFTX', 'LHTFL', 'MCDC', 'MSLET', 'O3MR', 'PEVPR', 'PLPL', 'POT', 'PRATE', 'PRES', 'PRMSL', 'PWAT', 'REFC', 'REFD', 'RH', 'RWMR', 'SFCR', 'SHTFL', 'SNMR', 'SNOD', 'SOILL', 'SOILW', 'SOTYP', 'SPFH', 'SUNSD', 'TCDC', 'TMAX', 'TMIN', 'TMP', 'TOZNE', 'TSOIL', 'U-GWD', 'UFLX', 'UGRD', 'ULWRF', 'USTM', 'USWRF', 'V-GWD', 'VEG', 'VFLX', 'VGRD', 'VIS', 'VRATE', 'VSTM', 'VVEL', 'VWSH', 'WATR', 'WEASD', 'WILT']",731.0,ok,3.2537862000172026,2026-07-04T21:39:49Z,
gfs,2026-07-04,18,18,https://nomads.ncep.noaa.gov/pub/data/nccf/com/gfs/prod/gfs.20260704/18/atmos/gfs.t18z.pgrb2.0p25.f018.idx,743.0,89.0,"['4LFTX', 'ABSV', 'ACPCP', 'ALBDO', 'APCP', 'APTMP', 'CAPE', 'CFRZR', 'CICEP', 'CIN', 'CLWMR', 'CNWAT', 'CPOFP', 'CPRAT', 'CRAIN', 'CSNOW', 'CWAT', 'CWORK', 'DLWRF', 'DPT', 'DSWRF', 'DZDT', 'FLDCP', 'FRICV', 'GFLUX', 'GRLE', 'GUST', 'HCDC', 'HGT', 'HINDEX', 'HLCY', 'HPBL', 'ICAHT', 'ICEC', 'ICEG', 'ICETK', 'ICETMP', 'ICMR', 'LAND', 'LCDC', 'LFTX', 'LHTFL', 'MCDC', 'MSLET', 'O3MR', 'PEVPR', 'PLPL', 'POT', 'PRATE', 'PRES', 'PRMSL', 'PWAT', 'REFC', 'REFD', 'RH', 'RWMR', 'SFCR', 'SHTFL', 'SNMR', 'SNOD', 'SOILL', 'SOILW', 'SOTYP', 'SPFH', 'SUNSD', 'TCDC', 'TMAX', 'TMIN', 'TMP', 'TOZNE', 'TSOIL', 'U-GWD', 'UFLX', 'UGRD', 'ULWRF', 'USTM', 'USWRF', 'V-GWD', 'VEG', 'VFLX', 'VGRD', 'VIS', 'VRATE', 'VSTM', 'VVEL', 'VWSH', 'WATR', 'WEASD', 'WILT']",731.0,ok,3.2881858000182547,2026-07-04T21:40:41Z,
gfs,2026-07-04,18,12,https://nomads.ncep.noaa.gov/pub/data/nccf/com/gfs/prod/gfs.20260704/18/atmos/gfs.t18z.pgrb2.0p25.f012.idx,743.0,89.0,"['4LFTX', 'ABSV', 'ACPCP', 'ALBDO', 'APCP', 'APTMP', 'CAPE', 'CFRZR', 'CICEP', 'CIN', 'CLWMR', 'CNWAT', 'CPOFP', 'CPRAT', 'CRAIN', 'CSNOW', 'CWAT', 'CWORK', 'DLWRF', 'DPT', 'DSWRF', 'DZDT', 'FLDCP', 'FRICV', 'GFLUX', 'GRLE', 'GUST', 'HCDC', 'HGT', 'HINDEX', 'HLCY', 'HPBL', 'ICAHT', 'ICEC', 'ICEG', 'ICETK', 'ICETMP', 'ICMR', 'LAND', 'LCDC', 'LFTX', 'LHTFL', 'MCDC', 'MSLET', 'O3MR', 'PEVPR', 'PLPL', 'POT', 'PRATE', 'PRES', 'PRMSL', 'PWAT', 'REFC', 'REFD', 'RH', 'RWMR', 'SFCR', 'SHTFL', 'SNMR', 'SNOD', 'SOILL', 'SOILW', 'SOTYP', 'SPFH', 'SUNSD', 'TCDC', 'TMAX', 'TMIN', 'TMP', 'TOZNE', 'TSOIL', 'U-GWD', 'UFLX', 'UGRD', 'ULWRF', 'USTM', 'USWRF', 'V-GWD', 'VEG', 'VFLX', 'VGRD', 'VIS', 'VRATE', 'VSTM', 'VVEL', 'VWSH', 'WATR', 'WEASD', 'WILT']",731.0,ok,3.313706299988553,2026-07-04T21:39:22Z,
gfs,2026-07-04,18,0,https://nomads.ncep.noaa.gov/pub/data/nccf/com/gfs/prod/gfs.20260704/18/atmos/gfs.t18z.pgrb2.0p25.f000.idx,696.0,69.0,"['4LFTX', 'ABSV', 'APTMP', 'CAPE', 'CFRZR', 'CICEP', 'CIN', 'CLWMR', 'CNWAT', 'CPOFP', 'CRAIN', 'CSNOW', 'CWAT', 'DPT', 'DZDT', 'FLDCP', 'FRICV', 'GRLE', 'GUST', 'HCDC', 'HGT', 'HINDEX', 'HLCY', 'HPBL', 'ICAHT', 'ICEC', 'ICEG', 'ICETK', 'ICETMP', 'ICMR', 'LAND', 'LCDC', 'LFTX', 'MCDC', 'MSLET', 'O3MR', 'PLPL', 'POT', 'PRATE', 'PRES', 'PRMSL', 'PWAT', 'REFC', 'REFD', 'RH', 'RWMR', 'SFCR', 'SNMR', 'SNOD', 'SOILL', 'SOILW', 'SOTYP', 'SPFH', 'SUNSD', 'TCDC', 'TMP', 'TOZNE', 'TSOIL', 'UGRD', 'USTM', 'VEG', 'VGRD', 'VIS', 'VRATE', 'VSTM', 'VVEL', 'VWSH', 'WEASD', 'WILT']",696.0,ok,4.030310600006487,2026-07-04T21:34:57Z,
gfs,2026-07-04,18,9,https://nomads.ncep.noaa.gov/pub/data/nccf/com/gfs/prod/gfs.20260704/18/atmos/gfs.t18z.pgrb2.0p25.f009.idx,743.0,89.0,"['4LFTX', 'ABSV', 'ACPCP', 'ALBDO', 'APCP', 'APTMP', 'CAPE', 'CFRZR', 'CICEP', 'CIN', 'CLWMR', 'CNWAT', 'CPOFP', 'CPRAT', 'CRAIN', 'CSNOW', 'CWAT', 'CWORK', 'DLWRF', 'DPT', 'DSWRF', 'DZDT', 'FLDCP', 'FRICV', 'GFLUX', 'GRLE', 'GUST', 'HCDC', 'HGT', 'HINDEX', 'HLCY', 'HPBL', 'ICAHT', 'ICEC', 'ICEG', 'ICETK', 'ICETMP', 'ICMR', 'LAND', 'LCDC', 'LFTX', 'LHTFL', 'MCDC', 'MSLET', 'O3MR', 'PEVPR', 'PLPL', 'POT', 'PRATE', 'PRES', 'PRMSL', 'PWAT', 'REFC', 'REFD', 'RH', 'RWMR', 'SFCR', 'SHTFL', 'SNMR', 'SNOD', 'SOILL', 'SOILW', 'SOTYP', 'SPFH', 'SUNSD', 'TCDC', 'TMAX', 'TMIN', 'TMP', 'TOZNE', 'TSOIL', 'U-GWD', 'UFLX', 'UGRD', 'ULWRF', 'USTM', 'USWRF', 'V-GWD', 'VEG', 'VFLX', 'VGRD', 'VIS', 'VRATE', 'VSTM', 'VVEL', 'VWSH', 'WATR', 'WEASD', 'WILT']",731.0,ok,3.616550900042057,2026-07-04T21:37:33Z,
gfs,2026-07-04,18,39,https://nomads.ncep.noaa.gov/pub/data/nccf/com/gfs/prod/gfs.20260704/18/atmos/gfs.t18z.pgrb2.0p25.f039.idx,743.0,89.0,"['4LFTX', 'ABSV', 'ACPCP', 'ALBDO', 'APCP', 'APTMP', 'CAPE', 'CFRZR', 'CICEP', 'CIN', 'CLWMR', 'CNWAT', 'CPOFP', 'CPRAT', 'CRAIN', 'CSNOW', 'CWAT', 'CWORK', 'DLWRF', 'DPT', 'DSWRF', 'DZDT', 'FLDCP', 'FRICV', 'GFLUX', 'GRLE', 'GUST', 'HCDC', 'HGT', 'HINDEX', 'HLCY', 'HPBL', 'ICAHT', 'ICEC', 'ICEG', 'ICETK', 'ICETMP', 'ICMR', 'LAND', 'LCDC', 'LFTX', 'LHTFL', 'MCDC', 'MSLET', 'O3MR', 'PEVPR', 'PLPL', 'POT', 'PRATE', 'PRES', 'PRMSL', 'PWAT', 'REFC', 'REFD', 'RH', 'RWMR', 'SFCR', 'SHTFL', 'SNMR', 'SNOD', 'SOILL', 'SOILW', 'SOTYP', 'SPFH', 'SUNSD', 'TCDC', 'TMAX', 'TMIN', 'TMP', 'TOZNE', 'TSOIL', 'U-GWD', 'UFLX', 'UGRD', 'ULWRF', 'USTM', 'USWRF', 'V-GWD', 'VEG', 'VFLX', 'VGRD', 'VIS', 'VRATE', 'VSTM', 'VVEL', 'VWSH', 'WATR', 'WEASD', 'WILT']",731.0,ok,2.3763947000261396,2026-07-04T21:45:35Z,
gfs,2026-07-04,12,45,https://nomads.ncep.noaa.gov/pub/data/nccf/com/gfs/prod/gfs.20260704/12/atmos/gfs.t12z.pgrb2.0p25.f045.idx,743.0,89.0,"['4LFTX', 'ABSV', 'ACPCP', 'ALBDO', 'APCP', 'APTMP', 'CAPE', 'CFRZR', 'CICEP', 'CIN', 'CLWMR', 'CNWAT', 'CPOFP', 'CPRAT', 'CRAIN', 'CSNOW', 'CWAT', 'CWORK', 'DLWRF', 'DPT', 'DSWRF', 'DZDT', 'FLDCP', 'FRICV', 'GFLUX', 'GRLE', 'GUST', 'HCDC', 'HGT', 'HINDEX', 'HLCY', 'HPBL', 'ICAHT', 'ICEC', 'ICEG', 'ICETK', 'ICETMP', 'ICMR', 'LAND', 'LCDC', 'LFTX', 'LHTFL', 'MCDC', 'MSLET', 'O3MR', 'PEVPR', 'PLPL', 'POT', 'PRATE', 'PRES', 'PRMSL', 'PWAT', 'REFC', 'REFD', 'RH', 'RWMR', 'SFCR', 'SHTFL', 'SNMR', 'SNOD', 'SOILL', 'SOILW', 'SOTYP', 'SPFH', 'SUNSD', 'TCDC', 'TMAX', 'TMIN', 'TMP', 'TOZNE', 'TSOIL', 'U-GWD', 'UFLX', 'UGRD', 'ULWRF', 'USTM', 'USWRF', 'V-GWD', 'VEG', 'VFLX', 'VGRD', 'VIS', 'VRATE', 'VSTM', 'VVEL', 'VWSH', 'WATR', 'WEASD', 'WILT']",731.0,ok,4.448964299983345,2026-07-04T15:44:19Z,
gfs,2026-07-04,18,36,https://nomads.ncep.noaa.gov/pub/data/nccf/com/gfs/prod/gfs.20260704/18/atmos/gfs.t18z.pgrb2.0p25.f036.idx,743.0,89.0,"['4LFTX', 'ABSV', 'ACPCP', 'ALBDO', 'APCP', 'APTMP', 'CAPE', 'CFRZR', 'CICEP', 'CIN', 'CLWMR', 'CNWAT', 'CPOFP', 'CPRAT', 'CRAIN', 'CSNOW', 'CWAT', 'CWORK', 'DLWRF', 'DPT', 'DSWRF', 'DZDT', 'FLDCP', 'FRICV', 'GFLUX', 'GRLE', 'GUST', 'HCDC', 'HGT', 'HINDEX', 'HLCY', 'HPBL', 'ICAHT', 'ICEC', 'ICEG', 'ICETK', 'ICETMP', 'ICMR', 'LAND', 'LCDC', 'LFTX', 'LHTFL', 'MCDC', 'MSLET', 'O3MR', 'PEVPR', 'PLPL', 'POT', 'PRATE', 'PRES', 'PRMSL', 'PWAT', 'REFC', 'REFD', 'RH', 'RWMR', 'SFCR', 'SHTFL', 'SNMR', 'SNOD', 'SOILL', 'SOILW', 'SOTYP', 'SPFH', 'SUNSD', 'TCDC', 'TMAX', 'TMIN', 'TMP', 'TOZNE', 'TSOIL', 'U-GWD', 'UFLX', 'UGRD', 'ULWRF', 'USTM', 'USWRF', 'V-GWD', 'VEG', 'VFLX', 'VGRD', 'VIS', 'VRATE', 'VSTM', 'VVEL', 'VWSH', 'WATR', 'WEASD', 'WILT']",731.0,ok,2.7436939000035636,2026-07-04T21:44:48Z,
gfs,2026-07-04,18,48,https://nomads.ncep.noaa.gov/pub/data/nccf/com/gfs/prod/gfs.20260704/18/atmos/gfs.t18z.pgrb2.0p25.f048.idx,743.0,89.0,"['4LFTX', 'ABSV', 'ACPCP', 'ALBDO', 'APCP', 'APTMP', 'CAPE', 'CFRZR', 'CICEP', 'CIN', 'CLWMR', 'CNWAT', 'CPOFP', 'CPRAT', 'CRAIN', 'CSNOW', 'CWAT', 'CWORK', 'DLWRF', 'DPT', 'DSWRF', 'DZDT', 'FLDCP', 'FRICV', 'GFLUX', 'GRLE', 'GUST', 'HCDC', 'HGT', 'HINDEX', 'HLCY', 'HPBL', 'ICAHT', 'ICEC', 'ICEG', 'ICETK', 'ICETMP', 'ICMR', 'LAND', 'LCDC', 'LFTX', 'LHTFL', 'MCDC', 'MSLET', 'O3MR', 'PEVPR', 'PLPL', 'POT', 'PRATE', 'PRES', 'PRMSL', 'PWAT', 'REFC', 'REFD', 'RH', 'RWMR', 'SFCR', 'SHTFL', 'SNMR', 'SNOD', 'SOILL', 'SOILW', 'SOTYP', 'SPFH', 'SUNSD', 'TCDC', 'TMAX', 'TMIN', 'TMP', 'TOZNE', 'TSOIL', 'U-GWD', 'UFLX', 'UGRD', 'ULWRF', 'USTM', 'USWRF', 'V-GWD', 'VEG', 'VFLX', 'VGRD', 'VIS', 'VRATE', 'VSTM', 'VVEL', 'VWSH', 'WATR', 'WEASD', 'WILT']",731.0,ok,2.1874378999928012,2026-07-04T21:48:17Z,
gfs,2026-07-04,18,30,https://nomads.ncep.noaa.gov/pub/data/nccf/com/gfs/prod/gfs.20260704/18/atmos/gfs.t18z.pgrb2.0p25.f030.idx,743.0,89.0,"['4LFTX', 'ABSV', 'ACPCP', 'ALBDO', 'APCP', 'APTMP', 'CAPE', 'CFRZR', 'CICEP', 'CIN', 'CLWMR', 'CNWAT', 'CPOFP', 'CPRAT', 'CRAIN', 'CSNOW', 'CWAT', 'CWORK', 'DLWRF', 'DPT', 'DSWRF', 'DZDT', 'FLDCP', 'FRICV', 'GFLUX', 'GRLE', 'GUST', 'HCDC', 'HGT', 'HINDEX', 'HLCY', 'HPBL', 'ICAHT', 'ICEC', 'ICEG', 'ICETK', 'ICETMP', 'ICMR', 'LAND', 'LCDC', 'LFTX', 'LHTFL', 'MCDC', 'MSLET', 'O3MR', 'PEVPR', 'PLPL', 'POT', 'PRATE', 'PRES', 'PRMSL', 'PWAT', 'REFC', 'REFD', 'RH', 'RWMR', 'SFCR', 'SHTFL', 'SNMR', 'SNOD', 'SOILL', 'SOILW', 'SOTYP', 'SPFH', 'SUNSD', 'TCDC', 'TMAX', 'TMIN', 'TMP', 'TOZNE', 'TSOIL', 'U-GWD', 'UFLX', 'UGRD', 'ULWRF', 'USTM', 'USWRF', 'V-GWD', 'VEG', 'VFLX', 'VGRD', 'VIS', 'VRATE', 'VSTM', 'VVEL', 'VWSH', 'WATR', 'WEASD', 'WILT']",731.0,ok,3.173930399992969,2026-07-04T21:43:43Z,
gfs,2026-07-04,18,21,https://nomads.ncep.noaa.gov/pub/data/nccf/com/gfs/prod/gfs.20260704/18/atmos/gfs.t18z.pgrb2.0p25.f021.idx,743.0,89.0,"['4LFTX', 'ABSV', 'ACPCP', 'ALBDO', 'APCP', 'APTMP', 'CAPE', 'CFRZR', 'CICEP', 'CIN', 'CLWMR', 'CNWAT', 'CPOFP', 'CPRAT', 'CRAIN', 'CSNOW', 'CWAT', 'CWORK', 'DLWRF', 'DPT', 'DSWRF', 'DZDT', 'FLDCP', 'FRICV', 'GFLUX', 'GRLE', 'GUST', 'HCDC', 'HGT', 'HINDEX', 'HLCY', 'HPBL', 'ICAHT', 'ICEC', 'ICEG', 'ICETK', 'ICETMP', 'ICMR', 'LAND', 'LCDC', 'LFTX', 'LHTFL', 'MCDC', 'MSLET', 'O3MR', 'PEVPR', 'PLPL', 'POT', 'PRATE', 'PRES', 'PRMSL', 'PWAT', 'REFC', 'REFD', 'RH', 'RWMR', 'SFCR', 'SHTFL', 'SNMR', 'SNOD', 'SOILL', 'SOILW', 'SOTYP', 'SPFH', 'SUNSD', 'TCDC', 'TMAX', 'TMIN', 'TMP', 'TOZNE', 'TSOIL', 'U-GWD', 'UFLX', 'UGRD', 'ULWRF', 'USTM', 'USWRF', 'V-GWD', 'VEG', 'VFLX', 'VGRD', 'VIS', 'VRATE', 'VSTM', 'VVEL', 'VWSH', 'WATR', 'WEASD', 'WILT']",731.0,ok,3.5844560000114143,2026-07-04T21:40:48Z,
gfs,2026-07-04,18,27,https://nomads.ncep.noaa.gov/pub/data/nccf/com/gfs/prod/gfs.20260704/18/atmos/gfs.t18z.pgrb2.0p25.f027.idx,743.0,89.0,"['4LFTX', 'ABSV', 'ACPCP', 'ALBDO', 'APCP', 'APTMP', 'CAPE', 'CFRZR', 'CICEP', 'CIN', 'CLWMR', 'CNWAT', 'CPOFP', 'CPRAT', 'CRAIN', 'CSNOW', 'CWAT', 'CWORK', 'DLWRF', 'DPT', 'DSWRF', 'DZDT', 'FLDCP', 'FRICV', 'GFLUX', 'GRLE', 'GUST', 'HCDC', 'HGT', 'HINDEX', 'HLCY', 'HPBL', 'ICAHT', 'ICEC', 'ICEG', 'ICETK', 'ICETMP', 'ICMR', 'LAND', 'LCDC', 'LFTX', 'LHTFL', 'MCDC', 'MSLET', 'O3MR', 'PEVPR', 'PLPL', 'POT', 'PRATE', 'PRES', 'PRMSL', 'PWAT', 'REFC', 'REFD', 'RH', 'RWMR', 'SFCR', 'SHTFL', 'SNMR', 'SNOD', 'SOILL', 'SOILW', 'SOTYP', 'SPFH', 'SUNSD', 'TCDC', 'TMAX', 'TMIN', 'TMP', 'TOZNE', 'TSOIL', 'U-GWD', 'UFLX', 'UGRD', 'ULWRF', 'USTM', 'USWRF', 'V-GWD', 'VEG', 'VFLX', 'VGRD', 'VIS', 'VRATE', 'VSTM', 'VVEL', 'VWSH', 'WATR', 'WEASD', 'WILT']",731.0,ok,3.432707500003744,2026-07-04T21:42:56Z,
gfs,2026-07-04,18,42,https://nomads.ncep.noaa.gov/pub/data/nccf/com/gfs/prod/gfs.20260704/18/atmos/gfs.t18z.pgrb2.0p25.f042.idx,743.0,89.0,"['4LFTX', 'ABSV', 'ACPCP', 'ALBDO', 'APCP', 'APTMP', 'CAPE', 'CFRZR', 'CICEP', 'CIN', 'CLWMR', 'CNWAT', 'CPOFP', 'CPRAT', 'CRAIN', 'CSNOW', 'CWAT', 'CWORK', 'DLWRF', 'DPT', 'DSWRF', 'DZDT', 'FLDCP', 'FRICV', 'GFLUX', 'GRLE', 'GUST', 'HCDC', 'HGT', 'HINDEX', 'HLCY', 'HPBL', 'ICAHT', 'ICEC', 'ICEG', 'ICETK', 'ICETMP', 'ICMR', 'LAND', 'LCDC', 'LFTX', 'LHTFL', 'MCDC', 'MSLET', 'O3MR', 'PEVPR', 'PLPL', 'POT', 'PRATE', 'PRES', 'PRMSL', 'PWAT', 'REFC', 'REFD', 'RH', 'RWMR', 'SFCR', 'SHTFL', 'SNMR', 'SNOD', 'SOILL', 'SOILW', 'SOTYP', 'SPFH', 'SUNSD', 'TCDC', 'TMAX', 'TMIN', 'TMP', 'TOZNE', 'TSOIL', 'U-GWD', 'UFLX', 'UGRD', 'ULWRF', 'USTM', 'USWRF', 'V-GWD', 'VEG', 'VFLX', 'VGRD', 'VIS', 'VRATE', 'VSTM', 'VVEL', 'VWSH', 'WATR', 'WEASD', 'WILT']",731.0,ok,2.608657900011167,2026-07-04T21:46:53Z,
gfs,2026-07-04,18,45,https://nomads.ncep.noaa.gov/pub/data/nccf/com/gfs/prod/gfs.20260704/18/atmos/gfs.t18z.pgrb2.0p25.f045.idx,743.0,89.0,"['4LFTX', 'ABSV', 'ACPCP', 'ALBDO', 'APCP', 'APTMP', 'CAPE', 'CFRZR', 'CICEP', 'CIN', 'CLWMR', 'CNWAT', 'CPOFP', 'CPRAT', 'CRAIN', 'CSNOW', 'CWAT', 'CWORK', 'DLWRF', 'DPT', 'DSWRF', 'DZDT', 'FLDCP', 'FRICV', 'GFLUX', 'GRLE', 'GUST', 'HCDC', 'HGT', 'HINDEX', 'HLCY', 'HPBL', 'ICAHT', 'ICEC', 'ICEG', 'ICETK', 'ICETMP', 'ICMR', 'LAND', 'LCDC', 'LFTX', 'LHTFL', 'MCDC', 'MSLET', 'O3MR', 'PEVPR', 'PLPL', 'POT', 'PRATE', 'PRES', 'PRMSL', 'PWAT', 'REFC', 'REFD', 'RH', 'RWMR', 'SFCR', 'SHTFL', 'SNMR', 'SNOD', 'SOILL', 'SOILW', 'SOTYP', 'SPFH', 'SUNSD', 'TCDC', 'TMAX', 'TMIN', 'TMP', 'TOZNE', 'TSOIL', 'U-GWD', 'UFLX', 'UGRD', 'ULWRF', 'USTM', 'USWRF', 'V-GWD', 'VEG', 'VFLX', 'VGRD', 'VIS', 'VRATE', 'VSTM', 'VVEL', 'VWSH', 'WATR', 'WEASD', 'WILT']",731.0,ok,3.0211579999886453,2026-07-04T21:47:11Z,
gefs_control,2026-07-04,0,12,https://nomads.ncep.noaa.gov/pub/data/nccf/com/gens/prod/gefs.20260704/00/atmos/pgrb2sp25/gec00.t00z.pgrb2s.0p25.f012.idx,,,[],,error,2.398520299990196,,"HTTPStatusError: Client error '404 Not Found' for url 'https://nomads.ncep.noaa.gov/pub/data/nccf/com/gens/prod/gefs.20260704/00/atmos/pgrb2sp25/gec00.t00z.pgrb2s.0p25.f012.idx'
For more information check: https://developer.mozilla.org/en-US/docs/Web/HTTP/Status/404"
gefs_control,2026-07-04,0,6,https://nomads.ncep.noaa.gov/pub/data/nccf/com/gens/prod/gefs.20260704/00/atmos/pgrb2sp25/gec00.t00z.pgrb2s.0p25.f006.idx,,,[],,error,2.8761651999666356,,"HTTPStatusError: Client error '404 Not Found' for url 'https://nomads.ncep.noaa.gov/pub/data/nccf/com/gens/prod/gefs.20260704/00/atmos/pgrb2sp25/gec00.t00z.pgrb2s.0p25.f006.idx'
For more information check: https://developer.mozilla.org/en-US/docs/Web/HTTP/Status/404"
gefs_control,2026-07-04,0,9,https://nomads.ncep.noaa.gov/pub/data/nccf/com/gens/prod/gefs.20260704/00/atmos/pgrb2sp25/gec00.t00z.pgrb2s.0p25.f009.idx,,,[],,error,3.1690037000225857,,"HTTPStatusError: Client error '404 Not Found' for url 'https://nomads.ncep.noaa.gov/pub/data/nccf/com/gens/prod/gefs.20260704/00/atmos/pgrb2sp25/gec00.t00z.pgrb2s.0p25.f009.idx'
For more information check: https://developer.mozilla.org/en-US/docs/Web/HTTP/Status/404"
gefs_control,2026-07-04,0,15,https://nomads.ncep.noaa.gov/pub/data/nccf/com/gens/prod/gefs.20260704/00/atmos/pgrb2sp25/gec00.t00z.pgrb2s.0p25.f015.idx,,,[],,error,2.218993299989961,,"HTTPStatusError: Client error '404 Not Found' for url 'https://nomads.ncep.noaa.gov/pub/data/nccf/com/gens/prod/gefs.20260704/00/atmos/pgrb2sp25/gec00.t00z.pgrb2s.0p25.f015.idx'
For more information check: https://developer.mozilla.org/en-US/docs/Web/HTTP/Status/404"
gefs_control,2026-07-04,0,33,https://nomads.ncep.noaa.gov/pub/data/nccf/com/gens/prod/gefs.20260704/00/atmos/pgrb2sp25/gec00.t00z.pgrb2s.0p25.f033.idx,,,[],,error,2.1971453999867663,,"HTTPStatusError: Client error '404 Not Found' for url 'https://nomads.ncep.noaa.gov/pub/data/nccf/com/gens/prod/gefs.20260704/00/atmos/pgrb2sp25/gec00.t00z.pgrb2s.0p25.f033.idx'
For more information check: https://developer.mozilla.org/en-US/docs/Web/HTTP/Status/404"
gefs_control,2026-07-04,0,42,https://nomads.ncep.noaa.gov/pub/data/nccf/com/gens/prod/gefs.20260704/00/atmos/pgrb2sp25/gec00.t00z.pgrb2s.0p25.f042.idx,,,[],,error,2.2851272000116296,,"HTTPStatusError: Client error '404 Not Found' for url 'https://nomads.ncep.noaa.gov/pub/data/nccf/com/gens/prod/gefs.20260704/00/atmos/pgrb2sp25/gec00.t00z.pgrb2s.0p25.f042.idx'
For more information check: https://developer.mozilla.org/en-US/docs/Web/HTTP/Status/404"
gefs_control,2026-07-04,0,39,https://nomads.ncep.noaa.gov/pub/data/nccf/com/gens/prod/gefs.20260704/00/atmos/pgrb2sp25/gec00.t00z.pgrb2s.0p25.f039.idx,,,[],,error,3.145761299994774,,"HTTPStatusError: Client error '404 Not Found' for url 'https://nomads.ncep.noaa.gov/pub/data/nccf/com/gens/prod/gefs.20260704/00/atmos/pgrb2sp25/gec00.t00z.pgrb2s.0p25.f039.idx'
For more information check: https://developer.mozilla.org/en-US/docs/Web/HTTP/Status/404"
gefs_control,2026-07-04,0,45,https://nomads.ncep.noaa.gov/pub/data/nccf/com/gens/prod/gefs.20260704/00/atmos/pgrb2sp25/gec00.t00z.pgrb2s.0p25.f045.idx,,,[],,error,3.2171509999898262,,"HTTPStatusError: Client error '404 Not Found' for url 'https://nomads.ncep.noaa.gov/pub/data/nccf/com/gens/prod/gefs.20260704/00/atmos/pgrb2sp25/gec00.t00z.pgrb2s.0p25.f045.idx'
For more information check: https://developer.mozilla.org/en-US/docs/Web/HTTP/Status/404"
gefs_control,2026-07-04,6,9,https://nomads.ncep.noaa.gov/pub/data/nccf/com/gens/prod/gefs.20260704/06/atmos/pgrb2sp25/gec00.t06z.pgrb2s.0p25.f009.idx,,,[],,error,2.7520294000278227,,"HTTPStatusError: Client error '404 Not Found' for url 'https://nomads.ncep.noaa.gov/pub/data/nccf/com/gens/prod/gefs.20260704/06/atmos/pgrb2sp25/gec00.t06z.pgrb2s.0p25.f009.idx'
For more information check: https://developer.mozilla.org/en-US/docs/Web/HTTP/Status/404"
gefs_control,2026-07-04,0,0,https://nomads.ncep.noaa.gov/pub/data/nccf/com/gens/prod/gefs.20260704/00/atmos/pgrb2sp25/gec00.t00z.pgrb2s.0p25.f000.idx,,,[],,error,5.806960300018545,,"HTTPStatusError: Client error '404 Not Found' for url 'https://nomads.ncep.noaa.gov/pub/data/nccf/com/gens/prod/gefs.20260704/00/atmos/pgrb2sp25/gec00.t00z.pgrb2s.0p25.f000.idx'
For more information check: https://developer.mozilla.org/en-US/docs/Web/HTTP/Status/404"
gefs_control,2026-07-04,0,24,https://nomads.ncep.noaa.gov/pub/data/nccf/com/gens/prod/gefs.20260704/00/atmos/pgrb2sp25/gec00.t00z.pgrb2s.0p25.f024.idx,,,[],,error,4.5610263000126,,"HTTPStatusError: Client error '404 Not Found' for url 'https://nomads.ncep.noaa.gov/pub/data/nccf/com/gens/prod/gefs.20260704/00/atmos/pgrb2sp25/gec00.t00z.pgrb2s.0p25.f024.idx'
For more information check: https://developer.mozilla.org/en-US/docs/Web/HTTP/Status/404"
gefs_control,2026-07-04,6,3,https://nomads.ncep.noaa.gov/pub/data/nccf/com/gens/prod/gefs.20260704/06/atmos/pgrb2sp25/gec00.t06z.pgrb2s.0p25.f003.idx,,,[],,error,3.8543762999470346,,"HTTPStatusError: Client error '404 Not Found' for url 'https://nomads.ncep.noaa.gov/pub/data/nccf/com/gens/prod/gefs.20260704/06/atmos/pgrb2sp25/gec00.t06z.pgrb2s.0p25.f003.idx'
For more information check: https://developer.mozilla.org/en-US/docs/Web/HTTP/Status/404"
gefs_control,2026-07-04,0,21,https://nomads.ncep.noaa.gov/pub/data/nccf/com/gens/prod/gefs.20260704/00/atmos/pgrb2sp25/gec00.t00z.pgrb2s.0p25.f021.idx,,,[],,error,4.617007099965122,,"HTTPStatusError: Client error '404 Not Found' for url 'https://nomads.ncep.noaa.gov/pub/data/nccf/com/gens/prod/gefs.20260704/00/atmos/pgrb2sp25/gec00.t00z.pgrb2s.0p25.f021.idx'
For more information check: https://developer.mozilla.org/en-US/docs/Web/HTTP/Status/404"
gefs_control,2026-07-04,6,12,https://nomads.ncep.noaa.gov/pub/data/nccf/com/gens/prod/gefs.20260704/06/atmos/pgrb2sp25/gec00.t06z.pgrb2s.0p25.f012.idx,,,[],,error,3.009170900040772,,"HTTPStatusError: Client error '404 Not Found' for url 'https://nomads.ncep.noaa.gov/pub/data/nccf/com/gens/prod/gefs.20260704/06/atmos/pgrb2sp25/gec00.t06z.pgrb2s.0p25.f012.idx'
For more information check: https://developer.mozilla.org/en-US/docs/Web/HTTP/Status/404"
gefs_control,2026-07-04,0,30,https://nomads.ncep.noaa.gov/pub/data/nccf/com/gens/prod/gefs.20260704/00/atmos/pgrb2sp25/gec00.t00z.pgrb2s.0p25.f030.idx,,,[],,error,4.496924399980344,,"HTTPStatusError: Client error '404 Not Found' for url 'https://nomads.ncep.noaa.gov/pub/data/nccf/com/gens/prod/gefs.20260704/00/atmos/pgrb2sp25/gec00.t00z.pgrb2s.0p25.f030.idx'
For more information check: https://developer.mozilla.org/en-US/docs/Web/HTTP/Status/404"
gefs_control,2026-07-04,6,6,https://nomads.ncep.noaa.gov/pub/data/nccf/com/gens/prod/gefs.20260704/06/atmos/pgrb2sp25/gec00.t06z.pgrb2s.0p25.f006.idx,,,[],,error,3.527811100007966,,"HTTPStatusError: Client error '404 Not Found' for url 'https://nomads.ncep.noaa.gov/pub/data/nccf/com/gens/prod/gefs.20260704/06/atmos/pgrb2sp25/gec00.t06z.pgrb2s.0p25.f006.idx'
For more information check: https://developer.mozilla.org/en-US/docs/Web/HTTP/Status/404"
gefs_control,2026-07-04,0,3,https://nomads.ncep.noaa.gov/pub/data/nccf/com/gens/prod/gefs.20260704/00/atmos/pgrb2sp25/gec00.t00z.pgrb2s.0p25.f003.idx,,,[],,error,6.203497200040147,,"HTTPStatusError: Client error '404 Not Found' for url 'https://nomads.ncep.noaa.gov/pub/data/nccf/com/gens/prod/gefs.20260704/00/atmos/pgrb2sp25/gec00.t00z.pgrb2s.0p25.f003.idx'
For more information check: https://developer.mozilla.org/en-US/docs/Web/HTTP/Status/404"
gefs_control,2026-07-04,6,18,https://nomads.ncep.noaa.gov/pub/data/nccf/com/gens/prod/gefs.20260704/06/atmos/pgrb2sp25/gec00.t06z.pgrb2s.0p25.f018.idx,,,[],,error,2.790680300036911,,"HTTPStatusError: Client error '404 Not Found' for url 'https://nomads.ncep.noaa.gov/pub/data/nccf/com/gens/prod/gefs.20260704/06/atmos/pgrb2sp25/gec00.t06z.pgrb2s.0p25.f018.idx'
For more information check: https://developer.mozilla.org/en-US/docs/Web/HTTP/Status/404"
gefs_control,2026-07-04,0,18,https://nomads.ncep.noaa.gov/pub/data/nccf/com/gens/prod/gefs.20260704/00/atmos/pgrb2sp25/gec00.t00z.pgrb2s.0p25.f018.idx,,,[],,error,4.995304300042335,,"HTTPStatusError: Client error '404 Not Found' for url 'https://nomads.ncep.noaa.gov/pub/data/nccf/com/gens/prod/gefs.20260704/00/atmos/pgrb2sp25/gec00.t00z.pgrb2s.0p25.f018.idx'
For more information check: https://developer.mozilla.org/en-US/docs/Web/HTTP/Status/404"
gefs_control,2026-07-04,6,0,https://nomads.ncep.noaa.gov/pub/data/nccf/com/gens/prod/gefs.20260704/06/atmos/pgrb2sp25/gec00.t06z.pgrb2s.0p25.f000.idx,,,[],,error,4.292390200018417,,"HTTPStatusError: Client error '404 Not Found' for url 'https://nomads.ncep.noaa.gov/pub/data/nccf/com/gens/prod/gefs.20260704/06/atmos/pgrb2sp25/gec00.t06z.pgrb2s.0p25.f000.idx'
For more information check: https://developer.mozilla.org/en-US/docs/Web/HTTP/Status/404"
gefs_control,2026-07-04,0,48,https://nomads.ncep.noaa.gov/pub/data/nccf/com/gens/prod/gefs.20260704/00/atmos/pgrb2sp25/gec00.t00z.pgrb2s.0p25.f048.idx,,,[],,error,4.413444100006018,,"HTTPStatusError: Client error '404 Not Found' for url 'https://nomads.ncep.noaa.gov/pub/data/nccf/com/gens/prod/gefs.20260704/00/atmos/pgrb2sp25/gec00.t00z.pgrb2s.0p25.f048.idx'
For more information check: https://developer.mozilla.org/en-US/docs/Web/HTTP/Status/404"
gefs_control,2026-07-04,6,15,https://nomads.ncep.noaa.gov/pub/data/nccf/com/gens/prod/gefs.20260704/06/atmos/pgrb2sp25/gec00.t06z.pgrb2s.0p25.f015.idx,,,[],,error,3.1908523000311106,,"HTTPStatusError: Client error '404 Not Found' for url 'https://nomads.ncep.noaa.gov/pub/data/nccf/com/gens/prod/gefs.20260704/06/atmos/pgrb2sp25/gec00.t06z.pgrb2s.0p25.f015.idx'
For more information check: https://developer.mozilla.org/en-US/docs/Web/HTTP/Status/404"
gefs_control,2026-07-04,6,21,https://nomads.ncep.noaa.gov/pub/data/nccf/com/gens/prod/gefs.20260704/06/atmos/pgrb2sp25/gec00.t06z.pgrb2s.0p25.f021.idx,,,[],,error,2.605739700025879,,"HTTPStatusError: Client error '404 Not Found' for url 'https://nomads.ncep.noaa.gov/pub/data/nccf/com/gens/prod/gefs.20260704/06/atmos/pgrb2sp25/gec00.t06z.pgrb2s.0p25.f021.idx'
For more information check: https://developer.mozilla.org/en-US/docs/Web/HTTP/Status/404"
gefs_control,2026-07-04,6,24,https://nomads.ncep.noaa.gov/pub/data/nccf/com/gens/prod/gefs.20260704/06/atmos/pgrb2sp25/gec00.t06z.pgrb2s.0p25.f024.idx,,,[],,error,2.47766530001536,,"HTTPStatusError: Client error '404 Not Found' for url 'https://nomads.ncep.noaa.gov/pub/data/nccf/com/gens/prod/gefs.20260704/06/atmos/pgrb2sp25/gec00.t06z.pgrb2s.0p25.f024.idx'
For more information check: https://developer.mozilla.org/en-US/docs/Web/HTTP/Status/404"
gefs_control,2026-07-04,6,27,https://nomads.ncep.noaa.gov/pub/data/nccf/com/gens/prod/gefs.20260704/06/atmos/pgrb2sp25/gec00.t06z.pgrb2s.0p25.f027.idx,,,[],,error,2.1048108999966644,,"HTTPStatusError: Client error '404 Not Found' for url 'https://nomads.ncep.noaa.gov/pub/data/nccf/com/gens/prod/gefs.20260704/06/atmos/pgrb2sp25/gec00.t06z.pgrb2s.0p25.f027.idx'
For more information check: https://developer.mozilla.org/en-US/docs/Web/HTTP/Status/404"
gefs_control,2026-07-04,6,30,https://nomads.ncep.noaa.gov/pub/data/nccf/com/gens/prod/gefs.20260704/06/atmos/pgrb2sp25/gec00.t06z.pgrb2s.0p25.f030.idx,,,[],,error,2.2072338000289164,,"HTTPStatusError: Client error '404 Not Found' for url 'https://nomads.ncep.noaa.gov/pub/data/nccf/com/gens/prod/gefs.20260704/06/atmos/pgrb2sp25/gec00.t06z.pgrb2s.0p25.f030.idx'
For more information check: https://developer.mozilla.org/en-US/docs/Web/HTTP/Status/404"
gefs_control,2026-07-04,0,27,https://nomads.ncep.noaa.gov/pub/data/nccf/com/gens/prod/gefs.20260704/00/atmos/pgrb2sp25/gec00.t00z.pgrb2s.0p25.f027.idx,,,[],,error,6.296338599990122,,"HTTPStatusError: Client error '404 Not Found' for url 'https://nomads.ncep.noaa.gov/pub/data/nccf/com/gens/prod/gefs.20260704/00/atmos/pgrb2sp25/gec00.t00z.pgrb2s.0p25.f027.idx'
For more information check: https://developer.mozilla.org/en-US/docs/Web/HTTP/Status/404"
gefs_control,2026-07-04,6,33,https://nomads.ncep.noaa.gov/pub/data/nccf/com/gens/prod/gefs.20260704/06/atmos/pgrb2sp25/gec00.t06z.pgrb2s.0p25.f033.idx,,,[],,error,2.6782140999566764,,"HTTPStatusError: Client error '404 Not Found' for url 'https://nomads.ncep.noaa.gov/pub/data/nccf/com/gens/prod/gefs.20260704/06/atmos/pgrb2sp25/gec00.t06z.pgrb2s.0p25.f033.idx'
For more information check: https://developer.mozilla.org/en-US/docs/Web/HTTP/Status/404"
gefs_control,2026-07-04,0,36,https://nomads.ncep.noaa.gov/pub/data/nccf/com/gens/prod/gefs.20260704/00/atmos/pgrb2sp25/gec00.t00z.pgrb2s.0p25.f036.idx,,,[],,error,6.867181800014805,,"HTTPStatusError: Client error '404 Not Found' for url 'https://nomads.ncep.noaa.gov/pub/data/nccf/com/gens/prod/gefs.20260704/00/atmos/pgrb2sp25/gec00.t00z.pgrb2s.0p25.f036.idx'
For more information check: https://developer.mozilla.org/en-US/docs/Web/HTTP/Status/404"
gefs_control,2026-07-04,6,42,https://nomads.ncep.noaa.gov/pub/data/nccf/com/gens/prod/gefs.20260704/06/atmos/pgrb2sp25/gec00.t06z.pgrb2s.0p25.f042.idx,,,[],,error,2.7700783000327647,,"HTTPStatusError: Client error '404 Not Found' for url 'https://nomads.ncep.noaa.gov/pub/data/nccf/com/gens/prod/gefs.20260704/06/atmos/pgrb2sp25/gec00.t06z.pgrb2s.0p25.f042.idx'
For more information check: https://developer.mozilla.org/en-US/docs/Web/HTTP/Status/404"
gefs_control,2026-07-04,12,9,https://nomads.ncep.noaa.gov/pub/data/nccf/com/gens/prod/gefs.20260704/12/atmos/pgrb2sp25/gec00.t12z.pgrb2s.0p25.f009.idx,,,[],,error,2.6763095000060275,,"HTTPStatusError: Client error '404 Not Found' for url 'https://nomads.ncep.noaa.gov/pub/data/nccf/com/gens/prod/gefs.20260704/12/atmos/pgrb2sp25/gec00.t12z.pgrb2s.0p25.f009.idx'
For more information check: https://developer.mozilla.org/en-US/docs/Web/HTTP/Status/404"
gefs_control,2026-07-04,12,24,https://nomads.ncep.noaa.gov/pub/data/nccf/com/gens/prod/gefs.20260704/12/atmos/pgrb2sp25/gec00.t12z.pgrb2s.0p25.f024.idx,,,[],,error,2.428706200036686,,"HTTPStatusError: Client error '404 Not Found' for url 'https://nomads.ncep.noaa.gov/pub/data/nccf/com/gens/prod/gefs.20260704/12/atmos/pgrb2sp25/gec00.t12z.pgrb2s.0p25.f024.idx'
For more information check: https://developer.mozilla.org/en-US/docs/Web/HTTP/Status/404"
gefs_control,2026-07-04,12,27,https://nomads.ncep.noaa.gov/pub/data/nccf/com/gens/prod/gefs.20260704/12/atmos/pgrb2sp25/gec00.t12z.pgrb2s.0p25.f027.idx,,,[],,error,2.370989900024142,,"HTTPStatusError: Client error '404 Not Found' for url 'https://nomads.ncep.noaa.gov/pub/data/nccf/com/gens/prod/gefs.20260704/12/atmos/pgrb2sp25/gec00.t12z.pgrb2s.0p25.f027.idx'
For more information check: https://developer.mozilla.org/en-US/docs/Web/HTTP/Status/404"
gefs_control,2026-07-04,6,48,https://nomads.ncep.noaa.gov/pub/data/nccf/com/gens/prod/gefs.20260704/06/atmos/pgrb2sp25/gec00.t06z.pgrb2s.0p25.f048.idx,,,[],,error,3.218327099981252,,"HTTPStatusError: Client error '404 Not Found' for url 'https://nomads.ncep.noaa.gov/pub/data/nccf/com/gens/prod/gefs.20260704/06/atmos/pgrb2sp25/gec00.t06z.pgrb2s.0p25.f048.idx'
For more information check: https://developer.mozilla.org/en-US/docs/Web/HTTP/Status/404"
gefs_control,2026-07-04,6,39,https://nomads.ncep.noaa.gov/pub/data/nccf/com/gens/prod/gefs.20260704/06/atmos/pgrb2sp25/gec00.t06z.pgrb2s.0p25.f039.idx,,,[],,error,3.3153415999840945,,"HTTPStatusError: Client error '404 Not Found' for url 'https://nomads.ncep.noaa.gov/pub/data/nccf/com/gens/prod/gefs.20260704/06/atmos/pgrb2sp25/gec00.t06z.pgrb2s.0p25.f039.idx'
For more information check: https://developer.mozilla.org/en-US/docs/Web/HTTP/Status/404"
gefs_control,2026-07-04,12,3,https://nomads.ncep.noaa.gov/pub/data/nccf/com/gens/prod/gefs.20260704/12/atmos/pgrb2sp25/gec00.t12z.pgrb2s.0p25.f003.idx,,,[],,error,3.2303636000142433,,"HTTPStatusError: Client error '404 Not Found' for url 'https://nomads.ncep.noaa.gov/pub/data/nccf/com/gens/prod/gefs.20260704/12/atmos/pgrb2sp25/gec00.t12z.pgrb2s.0p25.f003.idx'
For more information check: https://developer.mozilla.org/en-US/docs/Web/HTTP/Status/404"
gefs_control,2026-07-04,6,45,https://nomads.ncep.noaa.gov/pub/data/nccf/com/gens/prod/gefs.20260704/06/atmos/pgrb2sp25/gec00.t06z.pgrb2s.0p25.f045.idx,,,[],,error,3.4647116999840364,,"HTTPStatusError: Client error '404 Not Found' for url 'https://nomads.ncep.noaa.gov/pub/data/nccf/com/gens/prod/gefs.20260704/06/atmos/pgrb2sp25/gec00.t06z.pgrb2s.0p25.f045.idx'
For more information check: https://developer.mozilla.org/en-US/docs/Web/HTTP/Status/404"
gefs_control,2026-07-04,12,0,https://nomads.ncep.noaa.gov/pub/data/nccf/com/gens/prod/gefs.20260704/12/atmos/pgrb2sp25/gec00.t12z.pgrb2s.0p25.f000.idx,,,[],,error,3.5111879000323825,,"HTTPStatusError: Client error '404 Not Found' for url 'https://nomads.ncep.noaa.gov/pub/data/nccf/com/gens/prod/gefs.20260704/12/atmos/pgrb2sp25/gec00.t12z.pgrb2s.0p25.f000.idx'
For more information check: https://developer.mozilla.org/en-US/docs/Web/HTTP/Status/404"
gefs_control,2026-07-04,12,21,https://nomads.ncep.noaa.gov/pub/data/nccf/com/gens/prod/gefs.20260704/12/atmos/pgrb2sp25/gec00.t12z.pgrb2s.0p25.f021.idx,,,[],,error,3.2448309000465088,,"HTTPStatusError: Client error '404 Not Found' for url 'https://nomads.ncep.noaa.gov/pub/data/nccf/com/gens/prod/gefs.20260704/12/atmos/pgrb2sp25/gec00.t12z.pgrb2s.0p25.f021.idx'
For more information check: https://developer.mozilla.org/en-US/docs/Web/HTTP/Status/404"
gefs_control,2026-07-04,12,12,https://nomads.ncep.noaa.gov/pub/data/nccf/com/gens/prod/gefs.20260704/12/atmos/pgrb2sp25/gec00.t12z.pgrb2s.0p25.f012.idx,,,[],,error,3.6032660999917425,,"HTTPStatusError: Client error '404 Not Found' for url 'https://nomads.ncep.noaa.gov/pub/data/nccf/com/gens/prod/gefs.20260704/12/atmos/pgrb2sp25/gec00.t12z.pgrb2s.0p25.f012.idx'
For more information check: https://developer.mozilla.org/en-US/docs/Web/HTTP/Status/404"
gefs_control,2026-07-04,12,30,https://nomads.ncep.noaa.gov/pub/data/nccf/com/gens/prod/gefs.20260704/12/atmos/pgrb2sp25/gec00.t12z.pgrb2s.0p25.f030.idx,,,[],,error,2.985523799958173,,"HTTPStatusError: Client error '404 Not Found' for url 'https://nomads.ncep.noaa.gov/pub/data/nccf/com/gens/prod/gefs.20260704/12/atmos/pgrb2sp25/gec00.t12z.pgrb2s.0p25.f030.idx'
For more information check: https://developer.mozilla.org/en-US/docs/Web/HTTP/Status/404"
gefs_control,2026-07-04,12,33,https://nomads.ncep.noaa.gov/pub/data/nccf/com/gens/prod/gefs.20260704/12/atmos/pgrb2sp25/gec00.t12z.pgrb2s.0p25.f033.idx,,,[],,error,2.7443154000211507,,"HTTPStatusError: Client error '404 Not Found' for url 'https://nomads.ncep.noaa.gov/pub/data/nccf/com/gens/prod/gefs.20260704/12/atmos/pgrb2sp25/gec00.t12z.pgrb2s.0p25.f033.idx'
For more information check: https://developer.mozilla.org/en-US/docs/Web/HTTP/Status/404"
gefs_control,2026-07-04,12,15,https://nomads.ncep.noaa.gov/pub/data/nccf/com/gens/prod/gefs.20260704/12/atmos/pgrb2sp25/gec00.t12z.pgrb2s.0p25.f015.idx,,,[],,error,3.738651000021491,,"HTTPStatusError: Client error '404 Not Found' for url 'https://nomads.ncep.noaa.gov/pub/data/nccf/com/gens/prod/gefs.20260704/12/atmos/pgrb2sp25/gec00.t12z.pgrb2s.0p25.f015.idx'
For more information check: https://developer.mozilla.org/en-US/docs/Web/HTTP/Status/404"
gefs_control,2026-07-04,12,18,https://nomads.ncep.noaa.gov/pub/data/nccf/com/gens/prod/gefs.20260704/12/atmos/pgrb2sp25/gec00.t12z.pgrb2s.0p25.f018.idx,,,[],,error,3.728063399961684,,"HTTPStatusError: Client error '404 Not Found' for url 'https://nomads.ncep.noaa.gov/pub/data/nccf/com/gens/prod/gefs.20260704/12/atmos/pgrb2sp25/gec00.t12z.pgrb2s.0p25.f018.idx'
For more information check: https://developer.mozilla.org/en-US/docs/Web/HTTP/Status/404"
gefs_control,2026-07-04,12,39,https://nomads.ncep.noaa.gov/pub/data/nccf/com/gens/prod/gefs.20260704/12/atmos/pgrb2sp25/gec00.t12z.pgrb2s.0p25.f039.idx,,,[],,error,2.267875599965919,,"HTTPStatusError: Client error '404 Not Found' for url 'https://nomads.ncep.noaa.gov/pub/data/nccf/com/gens/prod/gefs.20260704/12/atmos/pgrb2sp25/gec00.t12z.pgrb2s.0p25.f039.idx'
For more information check: https://developer.mozilla.org/en-US/docs/Web/HTTP/Status/404"
gefs_control,2026-07-04,18,0,https://nomads.ncep.noaa.gov/pub/data/nccf/com/gens/prod/gefs.20260704/18/atmos/pgrb2sp25/gec00.t18z.pgrb2s.0p25.f000.idx,,,[],,error,2.4026115000015125,,"HTTPStatusError: Client error '404 Not Found' for url 'https://nomads.ncep.noaa.gov/pub/data/nccf/com/gens/prod/gefs.20260704/18/atmos/pgrb2sp25/gec00.t18z.pgrb2s.0p25.f000.idx'
For more information check: https://developer.mozilla.org/en-US/docs/Web/HTTP/Status/404"
gefs_control,2026-07-04,12,48,https://nomads.ncep.noaa.gov/pub/data/nccf/com/gens/prod/gefs.20260704/12/atmos/pgrb2sp25/gec00.t12z.pgrb2s.0p25.f048.idx,,,[],,error,2.4844642999814823,,"HTTPStatusError: Client error '404 Not Found' for url 'https://nomads.ncep.noaa.gov/pub/data/nccf/com/gens/prod/gefs.20260704/12/atmos/pgrb2sp25/gec00.t12z.pgrb2s.0p25.f048.idx'
For more information check: https://developer.mozilla.org/en-US/docs/Web/HTTP/Status/404"
gefs_control,2026-07-04,18,3,https://nomads.ncep.noaa.gov/pub/data/nccf/com/gens/prod/gefs.20260704/18/atmos/pgrb2sp25/gec00.t18z.pgrb2s.0p25.f003.idx,,,[],,error,2.537280299991835,,"HTTPStatusError: Client error '404 Not Found' for url 'https://nomads.ncep.noaa.gov/pub/data/nccf/com/gens/prod/gefs.20260704/18/atmos/pgrb2sp25/gec00.t18z.pgrb2s.0p25.f003.idx'
For more information check: https://developer.mozilla.org/en-US/docs/Web/HTTP/Status/404"
gefs_control,2026-07-04,12,45,https://nomads.ncep.noaa.gov/pub/data/nccf/com/gens/prod/gefs.20260704/12/atmos/pgrb2sp25/gec00.t12z.pgrb2s.0p25.f045.idx,,,[],,error,2.995212900044862,,"HTTPStatusError: Client error '404 Not Found' for url 'https://nomads.ncep.noaa.gov/pub/data/nccf/com/gens/prod/gefs.20260704/12/atmos/pgrb2sp25/gec00.t12z.pgrb2s.0p25.f045.idx'
For more information check: https://developer.mozilla.org/en-US/docs/Web/HTTP/Status/404"
gefs_control,2026-07-04,18,6,https://nomads.ncep.noaa.gov/pub/data/nccf/com/gens/prod/gefs.20260704/18/atmos/pgrb2sp25/gec00.t18z.pgrb2s.0p25.f006.idx,,,[],,error,2.884095099987462,,"HTTPStatusError: Client error '404 Not Found' for url 'https://nomads.ncep.noaa.gov/pub/data/nccf/com/gens/prod/gefs.20260704/18/atmos/pgrb2sp25/gec00.t18z.pgrb2s.0p25.f006.idx'
For more information check: https://developer.mozilla.org/en-US/docs/Web/HTTP/Status/404"
gefs_control,2026-07-04,6,36,https://nomads.ncep.noaa.gov/pub/data/nccf/com/gens/prod/gefs.20260704/06/atmos/pgrb2sp25/gec00.t06z.pgrb2s.0p25.f036.idx,,,[],,error,6.562831999966875,,"HTTPStatusError: Client error '404 Not Found' for url 'https://nomads.ncep.noaa.gov/pub/data/nccf/com/gens/prod/gefs.20260704/06/atmos/pgrb2sp25/gec00.t06z.pgrb2s.0p25.f036.idx'
For more information check: https://developer.mozilla.org/en-US/docs/Web/HTTP/Status/404"
gefs_control,2026-07-04,18,12,https://nomads.ncep.noaa.gov/pub/data/nccf/com/gens/prod/gefs.20260704/18/atmos/pgrb2sp25/gec00.t18z.pgrb2s.0p25.f012.idx,,,[],,error,3.0610929999966174,,"HTTPStatusError: Client error '404 Not Found' for url 'https://nomads.ncep.noaa.gov/pub/data/nccf/com/gens/prod/gefs.20260704/18/atmos/pgrb2sp25/gec00.t18z.pgrb2s.0p25.f012.idx'
For more information check: https://developer.mozilla.org/en-US/docs/Web/HTTP/Status/404"
gefs_control,2026-07-04,18,9,https://nomads.ncep.noaa.gov/pub/data/nccf/com/gens/prod/gefs.20260704/18/atmos/pgrb2sp25/gec00.t18z.pgrb2s.0p25.f009.idx,,,[],,error,3.418776099977549,,"HTTPStatusError: Client error '404 Not Found' for url 'https://nomads.ncep.noaa.gov/pub/data/nccf/com/gens/prod/gefs.20260704/18/atmos/pgrb2sp25/gec00.t18z.pgrb2s.0p25.f009.idx'
For more information check: https://developer.mozilla.org/en-US/docs/Web/HTTP/Status/404"
gefs_control,2026-07-04,18,21,https://nomads.ncep.noaa.gov/pub/data/nccf/com/gens/prod/gefs.20260704/18/atmos/pgrb2sp25/gec00.t18z.pgrb2s.0p25.f021.idx,,,[],,error,2.992898900003638,,"HTTPStatusError: Client error '404 Not Found' for url 'https://nomads.ncep.noaa.gov/pub/data/nccf/com/gens/prod/gefs.20260704/18/atmos/pgrb2sp25/gec00.t18z.pgrb2s.0p25.f021.idx'
For more information check: https://developer.mozilla.org/en-US/docs/Web/HTTP/Status/404"
gefs_control,2026-07-04,12,6,https://nomads.ncep.noaa.gov/pub/data/nccf/com/gens/prod/gefs.20260704/12/atmos/pgrb2sp25/gec00.t12z.pgrb2s.0p25.f006.idx,,,[],,error,6.730100699991453,,"HTTPStatusError: Client error '404 Not Found' for url 'https://nomads.ncep.noaa.gov/pub/data/nccf/com/gens/prod/gefs.20260704/12/atmos/pgrb2sp25/gec00.t12z.pgrb2s.0p25.f006.idx'
For more information check: https://developer.mozilla.org/en-US/docs/Web/HTTP/Status/404"
gefs_control,2026-07-04,18,15,https://nomads.ncep.noaa.gov/pub/data/nccf/com/gens/prod/gefs.20260704/18/atmos/pgrb2sp25/gec00.t18z.pgrb2s.0p25.f015.idx,,,[],,error,3.463670000026468,,"HTTPStatusError: Client error '404 Not Found' for url 'https://nomads.ncep.noaa.gov/pub/data/nccf/com/gens/prod/gefs.20260704/18/atmos/pgrb2sp25/gec00.t18z.pgrb2s.0p25.f015.idx'
For more information check: https://developer.mozilla.org/en-US/docs/Web/HTTP/Status/404"
gefs_control,2026-07-04,18,18,https://nomads.ncep.noaa.gov/pub/data/nccf/com/gens/prod/gefs.20260704/18/atmos/pgrb2sp25/gec00.t18z.pgrb2s.0p25.f018.idx,,,[],,error,3.3726697000092827,,"HTTPStatusError: Client error '404 Not Found' for url 'https://nomads.ncep.noaa.gov/pub/data/nccf/com/gens/prod/gefs.20260704/18/atmos/pgrb2sp25/gec00.t18z.pgrb2s.0p25.f018.idx'
For more information check: https://developer.mozilla.org/en-US/docs/Web/HTTP/Status/404"
gefs_control,2026-07-04,18,30,https://nomads.ncep.noaa.gov/pub/data/nccf/com/gens/prod/gefs.20260704/18/atmos/pgrb2sp25/gec00.t18z.pgrb2s.0p25.f030.idx,,,[],,error,2.8380742999725044,,"HTTPStatusError: Client error '404 Not Found' for url 'https://nomads.ncep.noaa.gov/pub/data/nccf/com/gens/prod/gefs.20260704/18/atmos/pgrb2sp25/gec00.t18z.pgrb2s.0p25.f030.idx'
For more information check: https://developer.mozilla.org/en-US/docs/Web/HTTP/Status/404"
gefs_control,2026-07-04,18,27,https://nomads.ncep.noaa.gov/pub/data/nccf/com/gens/prod/gefs.20260704/18/atmos/pgrb2sp25/gec00.t18z.pgrb2s.0p25.f027.idx,,,[],,error,3.134401599992998,,"HTTPStatusError: Client error '404 Not Found' for url 'https://nomads.ncep.noaa.gov/pub/data/nccf/com/gens/prod/gefs.20260704/18/atmos/pgrb2sp25/gec00.t18z.pgrb2s.0p25.f027.idx'
For more information check: https://developer.mozilla.org/en-US/docs/Web/HTTP/Status/404"
gefs_control,2026-07-04,12,36,https://nomads.ncep.noaa.gov/pub/data/nccf/com/gens/prod/gefs.20260704/12/atmos/pgrb2sp25/gec00.t12z.pgrb2s.0p25.f036.idx,,,[],,error,5.455166600004304,,"HTTPStatusError: Client error '404 Not Found' for url 'https://nomads.ncep.noaa.gov/pub/data/nccf/com/gens/prod/gefs.20260704/12/atmos/pgrb2sp25/gec00.t12z.pgrb2s.0p25.f036.idx'
For more information check: https://developer.mozilla.org/en-US/docs/Web/HTTP/Status/404"
gefs_control,2026-07-04,18,39,https://nomads.ncep.noaa.gov/pub/data/nccf/com/gens/prod/gefs.20260704/18/atmos/pgrb2sp25/gec00.t18z.pgrb2s.0p25.f039.idx,,,[],,error,2.57936840003822,,"HTTPStatusError: Client error '404 Not Found' for url 'https://nomads.ncep.noaa.gov/pub/data/nccf/com/gens/prod/gefs.20260704/18/atmos/pgrb2sp25/gec00.t18z.pgrb2s.0p25.f039.idx'
For more information check: https://developer.mozilla.org/en-US/docs/Web/HTTP/Status/404"
gefs_control,2026-07-04,18,33,https://nomads.ncep.noaa.gov/pub/data/nccf/com/gens/prod/gefs.20260704/18/atmos/pgrb2sp25/gec00.t18z.pgrb2s.0p25.f033.idx,,,[],,error,3.7343855000217445,,"HTTPStatusError: Client error '404 Not Found' for url 'https://nomads.ncep.noaa.gov/pub/data/nccf/com/gens/prod/gefs.20260704/18/atmos/pgrb2sp25/gec00.t18z.pgrb2s.0p25.f033.idx'
For more information check: https://developer.mozilla.org/en-US/docs/Web/HTTP/Status/404"
gefs_control,2026-07-04,18,24,https://nomads.ncep.noaa.gov/pub/data/nccf/com/gens/prod/gefs.20260704/18/atmos/pgrb2sp25/gec00.t18z.pgrb2s.0p25.f024.idx,,,[],,error,3.9326241000089794,,"HTTPStatusError: Client error '404 Not Found' for url 'https://nomads.ncep.noaa.gov/pub/data/nccf/com/gens/prod/gefs.20260704/18/atmos/pgrb2sp25/gec00.t18z.pgrb2s.0p25.f024.idx'
For more information check: https://developer.mozilla.org/en-US/docs/Web/HTTP/Status/404"
gefs_control,2026-07-04,18,42,https://nomads.ncep.noaa.gov/pub/data/nccf/com/gens/prod/gefs.20260704/18/atmos/pgrb2sp25/gec00.t18z.pgrb2s.0p25.f042.idx,,,[],,error,2.559799099981319,,"HTTPStatusError: Client error '404 Not Found' for url 'https://nomads.ncep.noaa.gov/pub/data/nccf/com/gens/prod/gefs.20260704/18/atmos/pgrb2sp25/gec00.t18z.pgrb2s.0p25.f042.idx'
For more information check: https://developer.mozilla.org/en-US/docs/Web/HTTP/Status/404"
gefs_control,2026-07-04,18,36,https://nomads.ncep.noaa.gov/pub/data/nccf/com/gens/prod/gefs.20260704/18/atmos/pgrb2sp25/gec00.t18z.pgrb2s.0p25.f036.idx,,,[],,error,3.958323600003496,,"HTTPStatusError: Client error '404 Not Found' for url 'https://nomads.ncep.noaa.gov/pub/data/nccf/com/gens/prod/gefs.20260704/18/atmos/pgrb2sp25/gec00.t18z.pgrb2s.0p25.f036.idx'
For more information check: https://developer.mozilla.org/en-US/docs/Web/HTTP/Status/404"
gefs_control,2026-07-04,12,42,https://nomads.ncep.noaa.gov/pub/data/nccf/com/gens/prod/gefs.20260704/12/atmos/pgrb2sp25/gec00.t12z.pgrb2s.0p25.f042.idx,,,[],,error,5.514246299979277,,"HTTPStatusError: Client error '404 Not Found' for url 'https://nomads.ncep.noaa.gov/pub/data/nccf/com/gens/prod/gefs.20260704/12/atmos/pgrb2sp25/gec00.t12z.pgrb2s.0p25.f042.idx'
For more information check: https://developer.mozilla.org/en-US/docs/Web/HTTP/Status/404"
gefs_control,2026-07-04,18,48,https://nomads.ncep.noaa.gov/pub/data/nccf/com/gens/prod/gefs.20260704/18/atmos/pgrb2sp25/gec00.t18z.pgrb2s.0p25.f048.idx,,,[],,error,2.6019252999685705,,"HTTPStatusError: Client error '404 Not Found' for url 'https://nomads.ncep.noaa.gov/pub/data/nccf/com/gens/prod/gefs.20260704/18/atmos/pgrb2sp25/gec00.t18z.pgrb2s.0p25.f048.idx'
For more information check: https://developer.mozilla.org/en-US/docs/Web/HTTP/Status/404"
gfs,2026-07-05,0,0,https://nomads.ncep.noaa.gov/pub/data/nccf/com/gfs/prod/gfs.20260705/00/atmos/gfs.t00z.pgrb2.0p25.f000.idx,696.0,69.0,"['4LFTX', 'ABSV', 'APTMP', 'CAPE', 'CFRZR', 'CICEP', 'CIN', 'CLWMR', 'CNWAT', 'CPOFP', 'CRAIN', 'CSNOW', 'CWAT', 'DPT', 'DZDT', 'FLDCP', 'FRICV', 'GRLE', 'GUST', 'HCDC', 'HGT', 'HINDEX', 'HLCY', 'HPBL', 'ICAHT', 'ICEC', 'ICEG', 'ICETK', 'ICETMP', 'ICMR', 'LAND', 'LCDC', 'LFTX', 'MCDC', 'MSLET', 'O3MR', 'PLPL', 'POT', 'PRATE', 'PRES', 'PRMSL', 'PWAT', 'REFC', 'REFD', 'RH', 'RWMR', 'SFCR', 'SNMR', 'SNOD', 'SOILL', 'SOILW', 'SOTYP', 'SPFH', 'SUNSD', 'TCDC', 'TMP', 'TOZNE', 'TSOIL', 'UGRD', 'USTM', 'VEG', 'VGRD', 'VIS', 'VRATE', 'VSTM', 'VVEL', 'VWSH', 'WEASD', 'WILT']",696.0,ok,2.6297896999749355,2026-07-05T03:34:00Z,
gfs,2026-07-05,0,3,https://nomads.ncep.noaa.gov/pub/data/nccf/com/gfs/prod/gfs.20260705/00/atmos/gfs.t00z.pgrb2.0p25.f003.idx,743.0,89.0,"['4LFTX', 'ABSV', 'ACPCP', 'ALBDO', 'APCP', 'APTMP', 'CAPE', 'CFRZR', 'CICEP', 'CIN', 'CLWMR', 'CNWAT', 'CPOFP', 'CPRAT', 'CRAIN', 'CSNOW', 'CWAT', 'CWORK', 'DLWRF', 'DPT', 'DSWRF', 'DZDT', 'FLDCP', 'FRICV', 'GFLUX', 'GRLE', 'GUST', 'HCDC', 'HGT', 'HINDEX', 'HLCY', 'HPBL', 'ICAHT', 'ICEC', 'ICEG', 'ICETK', 'ICETMP', 'ICMR', 'LAND', 'LCDC', 'LFTX', 'LHTFL', 'MCDC', 'MSLET', 'O3MR', 'PEVPR', 'PLPL', 'POT', 'PRATE', 'PRES', 'PRMSL', 'PWAT', 'REFC', 'REFD', 'RH', 'RWMR', 'SFCR', 'SHTFL', 'SNMR', 'SNOD', 'SOILL', 'SOILW', 'SOTYP', 'SPFH', 'SUNSD', 'TCDC', 'TMAX', 'TMIN', 'TMP', 'TOZNE', 'TSOIL', 'U-GWD', 'UFLX', 'UGRD', 'ULWRF', 'USTM', 'USWRF', 'V-GWD', 'VEG', 'VFLX', 'VGRD', 'VIS', 'VRATE', 'VSTM', 'VVEL', 'VWSH', 'WATR', 'WEASD', 'WILT']",731.0,ok,2.3256353000178933,2026-07-05T03:34:42Z,
gefs_control,2026-07-04,18,45,https://nomads.ncep.noaa.gov/pub/data/nccf/com/gens/prod/gefs.20260704/18/atmos/pgrb2sp25/gec00.t18z.pgrb2s.0p25.f045.idx,,,[],,error,3.0921511000487953,,"HTTPStatusError: Client error '404 Not Found' for url 'https://nomads.ncep.noaa.gov/pub/data/nccf/com/gens/prod/gefs.20260704/18/atmos/pgrb2sp25/gec00.t18z.pgrb2s.0p25.f045.idx'
For more information check: https://developer.mozilla.org/en-US/docs/Web/HTTP/Status/404"
gfs,2026-07-05,0,9,https://nomads.ncep.noaa.gov/pub/data/nccf/com/gfs/prod/gfs.20260705/00/atmos/gfs.t00z.pgrb2.0p25.f009.idx,743.0,89.0,"['4LFTX', 'ABSV', 'ACPCP', 'ALBDO', 'APCP', 'APTMP', 'CAPE', 'CFRZR', 'CICEP', 'CIN', 'CLWMR', 'CNWAT', 'CPOFP', 'CPRAT', 'CRAIN', 'CSNOW', 'CWAT', 'CWORK', 'DLWRF', 'DPT', 'DSWRF', 'DZDT', 'FLDCP', 'FRICV', 'GFLUX', 'GRLE', 'GUST', 'HCDC', 'HGT', 'HINDEX', 'HLCY', 'HPBL', 'ICAHT', 'ICEC', 'ICEG', 'ICETK', 'ICETMP', 'ICMR', 'LAND', 'LCDC', 'LFTX', 'LHTFL', 'MCDC', 'MSLET', 'O3MR', 'PEVPR', 'PLPL', 'POT', 'PRATE', 'PRES', 'PRMSL', 'PWAT', 'REFC', 'REFD', 'RH', 'RWMR', 'SFCR', 'SHTFL', 'SNMR', 'SNOD', 'SOILL', 'SOILW', 'SOTYP', 'SPFH', 'SUNSD', 'TCDC', 'TMAX', 'TMIN', 'TMP', 'TOZNE', 'TSOIL', 'U-GWD', 'UFLX', 'UGRD', 'ULWRF', 'USTM', 'USWRF', 'V-GWD', 'VEG', 'VFLX', 'VGRD', 'VIS', 'VRATE', 'VSTM', 'VVEL', 'VWSH', 'WATR', 'WEASD', 'WILT']",731.0,ok,2.3532340000383556,2026-07-05T03:36:35Z,
gfs,2026-07-05,0,15,https://nomads.ncep.noaa.gov/pub/data/nccf/com/gfs/prod/gfs.20260705/00/atmos/gfs.t00z.pgrb2.0p25.f015.idx,743.0,89.0,"['4LFTX', 'ABSV', 'ACPCP', 'ALBDO', 'APCP', 'APTMP', 'CAPE', 'CFRZR', 'CICEP', 'CIN', 'CLWMR', 'CNWAT', 'CPOFP', 'CPRAT', 'CRAIN', 'CSNOW', 'CWAT', 'CWORK', 'DLWRF', 'DPT', 'DSWRF', 'DZDT', 'FLDCP', 'FRICV', 'GFLUX', 'GRLE', 'GUST', 'HCDC', 'HGT', 'HINDEX', 'HLCY', 'HPBL', 'ICAHT', 'ICEC', 'ICEG', 'ICETK', 'ICETMP', 'ICMR', 'LAND', 'LCDC', 'LFTX', 'LHTFL', 'MCDC', 'MSLET', 'O3MR', 'PEVPR', 'PLPL', 'POT', 'PRATE', 'PRES', 'PRMSL', 'PWAT', 'REFC', 'REFD', 'RH', 'RWMR', 'SFCR', 'SHTFL', 'SNMR', 'SNOD', 'SOILL', 'SOILW', 'SOTYP', 'SPFH', 'SUNSD', 'TCDC', 'TMAX', 'TMIN', 'TMP', 'TOZNE', 'TSOIL', 'U-GWD', 'UFLX', 'UGRD', 'ULWRF', 'USTM', 'USWRF', 'V-GWD', 'VEG', 'VFLX', 'VGRD', 'VIS', 'VRATE', 'VSTM', 'VVEL', 'VWSH', 'WATR', 'WEASD', 'WILT']",731.0,ok,2.348626899998635,2026-07-05T03:38:19Z,
gfs,2026-07-05,0,30,https://nomads.ncep.noaa.gov/pub/data/nccf/com/gfs/prod/gfs.20260705/00/atmos/gfs.t00z.pgrb2.0p25.f030.idx,743.0,89.0,"['4LFTX', 'ABSV', 'ACPCP', 'ALBDO', 'APCP', 'APTMP', 'CAPE', 'CFRZR', 'CICEP', 'CIN', 'CLWMR', 'CNWAT', 'CPOFP', 'CPRAT', 'CRAIN', 'CSNOW', 'CWAT', 'CWORK', 'DLWRF', 'DPT', 'DSWRF', 'DZDT', 'FLDCP', 'FRICV', 'GFLUX', 'GRLE', 'GUST', 'HCDC', 'HGT', 'HINDEX', 'HLCY', 'HPBL', 'ICAHT', 'ICEC', 'ICEG', 'ICETK', 'ICETMP', 'ICMR', 'LAND', 'LCDC', 'LFTX', 'LHTFL', 'MCDC', 'MSLET', 'O3MR', 'PEVPR', 'PLPL', 'POT', 'PRATE', 'PRES', 'PRMSL', 'PWAT', 'REFC', 'REFD', 'RH', 'RWMR', 'SFCR', 'SHTFL', 'SNMR', 'SNOD', 'SOILL', 'SOILW', 'SOTYP', 'SPFH', 'SUNSD', 'TCDC', 'TMAX', 'TMIN', 'TMP', 'TOZNE', 'TSOIL', 'U-GWD', 'UFLX', 'UGRD', 'ULWRF', 'USTM', 'USWRF', 'V-GWD', 'VEG', 'VFLX', 'VGRD', 'VIS', 'VRATE', 'VSTM', 'VVEL', 'VWSH', 'WATR', 'WEASD', 'WILT']",731.0,ok,1.965537599986419,2026-07-05T03:42:09Z,
gfs,2026-07-05,0,27,https://nomads.ncep.noaa.gov/pub/data/nccf/com/gfs/prod/gfs.20260705/00/atmos/gfs.t00z.pgrb2.0p25.f027.idx,743.0,89.0,"['4LFTX', 'ABSV', 'ACPCP', 'ALBDO', 'APCP', 'APTMP', 'CAPE', 'CFRZR', 'CICEP', 'CIN', 'CLWMR', 'CNWAT', 'CPOFP', 'CPRAT', 'CRAIN', 'CSNOW', 'CWAT', 'CWORK', 'DLWRF', 'DPT', 'DSWRF', 'DZDT', 'FLDCP', 'FRICV', 'GFLUX', 'GRLE', 'GUST', 'HCDC', 'HGT', 'HINDEX', 'HLCY', 'HPBL', 'ICAHT', 'ICEC', 'ICEG', 'ICETK', 'ICETMP', 'ICMR', 'LAND', 'LCDC', 'LFTX', 'LHTFL', 'MCDC', 'MSLET', 'O3MR', 'PEVPR', 'PLPL', 'POT', 'PRATE', 'PRES', 'PRMSL', 'PWAT', 'REFC', 'REFD', 'RH', 'RWMR', 'SFCR', 'SHTFL', 'SNMR', 'SNOD', 'SOILL', 'SOILW', 'SOTYP', 'SPFH', 'SUNSD', 'TCDC', 'TMAX', 'TMIN', 'TMP', 'TOZNE', 'TSOIL', 'U-GWD', 'UFLX', 'UGRD', 'ULWRF', 'USTM', 'USWRF', 'V-GWD', 'VEG', 'VFLX', 'VGRD', 'VIS', 'VRATE', 'VSTM', 'VVEL', 'VWSH', 'WATR', 'WEASD', 'WILT']",731.0,ok,2.339441000018269,2026-07-05T03:42:05Z,
gfs,2026-07-05,0,36,https://nomads.ncep.noaa.gov/pub/data/nccf/com/gfs/prod/gfs.20260705/00/atmos/gfs.t00z.pgrb2.0p25.f036.idx,743.0,89.0,"['4LFTX', 'ABSV', 'ACPCP', 'ALBDO', 'APCP', 'APTMP', 'CAPE', 'CFRZR', 'CICEP', 'CIN', 'CLWMR', 'CNWAT', 'CPOFP', 'CPRAT', 'CRAIN', 'CSNOW', 'CWAT', 'CWORK', 'DLWRF', 'DPT', 'DSWRF', 'DZDT', 'FLDCP', 'FRICV', 'GFLUX', 'GRLE', 'GUST', 'HCDC', 'HGT', 'HINDEX', 'HLCY', 'HPBL', 'ICAHT', 'ICEC', 'ICEG', 'ICETK', 'ICETMP', 'ICMR', 'LAND', 'LCDC', 'LFTX', 'LHTFL', 'MCDC', 'MSLET', 'O3MR', 'PEVPR', 'PLPL', 'POT', 'PRATE', 'PRES', 'PRMSL', 'PWAT', 'REFC', 'REFD', 'RH', 'RWMR', 'SFCR', 'SHTFL', 'SNMR', 'SNOD', 'SOILL', 'SOILW', 'SOTYP', 'SPFH', 'SUNSD', 'TCDC', 'TMAX', 'TMIN', 'TMP', 'TOZNE', 'TSOIL', 'U-GWD', 'UFLX', 'UGRD', 'ULWRF', 'USTM', 'USWRF', 'V-GWD', 'VEG', 'VFLX', 'VGRD', 'VIS', 'VRATE', 'VSTM', 'VVEL', 'VWSH', 'WATR', 'WEASD', 'WILT']",731.0,ok,2.1507320000091568,2026-07-05T03:43:33Z,
gfs,2026-07-05,0,45,https://nomads.ncep.noaa.gov/pub/data/nccf/com/gfs/prod/gfs.20260705/00/atmos/gfs.t00z.pgrb2.0p25.f045.idx,743.0,89.0,"['4LFTX', 'ABSV', 'ACPCP', 'ALBDO', 'APCP', 'APTMP', 'CAPE', 'CFRZR', 'CICEP', 'CIN', 'CLWMR', 'CNWAT', 'CPOFP', 'CPRAT', 'CRAIN', 'CSNOW', 'CWAT', 'CWORK', 'DLWRF', 'DPT', 'DSWRF', 'DZDT', 'FLDCP', 'FRICV', 'GFLUX', 'GRLE', 'GUST', 'HCDC', 'HGT', 'HINDEX', 'HLCY', 'HPBL', 'ICAHT', 'ICEC', 'ICEG', 'ICETK', 'ICETMP', 'ICMR', 'LAND', 'LCDC', 'LFTX', 'LHTFL', 'MCDC', 'MSLET', 'O3MR', 'PEVPR', 'PLPL', 'POT', 'PRATE', 'PRES', 'PRMSL', 'PWAT', 'REFC', 'REFD', 'RH', 'RWMR', 'SFCR', 'SHTFL', 'SNMR', 'SNOD', 'SOILL', 'SOILW', 'SOTYP', 'SPFH', 'SUNSD', 'TCDC', 'TMAX', 'TMIN', 'TMP', 'TOZNE', 'TSOIL', 'U-GWD', 'UFLX', 'UGRD', 'ULWRF', 'USTM', 'USWRF', 'V-GWD', 'VEG', 'VFLX', 'VGRD', 'VIS', 'VRATE', 'VSTM', 'VVEL', 'VWSH', 'WATR', 'WEASD', 'WILT']",731.0,ok,1.7273417999967933,2026-07-05T03:46:04Z,
gfs,2026-07-05,6,3,https://nomads.ncep.noaa.gov/pub/data/nccf/com/gfs/prod/gfs.20260705/06/atmos/gfs.t06z.pgrb2.0p25.f003.idx,743.0,89.0,"['4LFTX', 'ABSV', 'ACPCP', 'ALBDO', 'APCP', 'APTMP', 'CAPE', 'CFRZR', 'CICEP', 'CIN', 'CLWMR', 'CNWAT', 'CPOFP', 'CPRAT', 'CRAIN', 'CSNOW', 'CWAT', 'CWORK', 'DLWRF', 'DPT', 'DSWRF', 'DZDT', 'FLDCP', 'FRICV', 'GFLUX', 'GRLE', 'GUST', 'HCDC', 'HGT', 'HINDEX', 'HLCY', 'HPBL', 'ICAHT', 'ICEC', 'ICEG', 'ICETK', 'ICETMP', 'ICMR', 'LAND', 'LCDC', 'LFTX', 'LHTFL', 'MCDC', 'MSLET', 'O3MR', 'PEVPR', 'PLPL', 'POT', 'PRATE', 'PRES', 'PRMSL', 'PWAT', 'REFC', 'REFD', 'RH', 'RWMR', 'SFCR', 'SHTFL', 'SNMR', 'SNOD', 'SOILL', 'SOILW', 'SOTYP', 'SPFH', 'SUNSD', 'TCDC', 'TMAX', 'TMIN', 'TMP', 'TOZNE', 'TSOIL', 'U-GWD', 'UFLX', 'UGRD', 'ULWRF', 'USTM', 'USWRF', 'V-GWD', 'VEG', 'VFLX', 'VGRD', 'VIS', 'VRATE', 'VSTM', 'VVEL', 'VWSH', 'WATR', 'WEASD', 'WILT']",731.0,ok,2.215306799975224,2026-07-05T09:32:20Z,
gfs,2026-07-05,0,12,https://nomads.ncep.noaa.gov/pub/data/nccf/com/gfs/prod/gfs.20260705/00/atmos/gfs.t00z.pgrb2.0p25.f012.idx,743.0,89.0,"['4LFTX', 'ABSV', 'ACPCP', 'ALBDO', 'APCP', 'APTMP', 'CAPE', 'CFRZR', 'CICEP', 'CIN', 'CLWMR', 'CNWAT', 'CPOFP', 'CPRAT', 'CRAIN', 'CSNOW', 'CWAT', 'CWORK', 'DLWRF', 'DPT', 'DSWRF', 'DZDT', 'FLDCP', 'FRICV', 'GFLUX', 'GRLE', 'GUST', 'HCDC', 'HGT', 'HINDEX', 'HLCY', 'HPBL', 'ICAHT', 'ICEC', 'ICEG', 'ICETK', 'ICETMP', 'ICMR', 'LAND', 'LCDC', 'LFTX', 'LHTFL', 'MCDC', 'MSLET', 'O3MR', 'PEVPR', 'PLPL', 'POT', 'PRATE', 'PRES', 'PRMSL', 'PWAT', 'REFC', 'REFD', 'RH', 'RWMR', 'SFCR', 'SHTFL', 'SNMR', 'SNOD', 'SOILL', 'SOILW', 'SOTYP', 'SPFH', 'SUNSD', 'TCDC', 'TMAX', 'TMIN', 'TMP', 'TOZNE', 'TSOIL', 'U-GWD', 'UFLX', 'UGRD', 'ULWRF', 'USTM', 'USWRF', 'V-GWD', 'VEG', 'VFLX', 'VGRD', 'VIS', 'VRATE', 'VSTM', 'VVEL', 'VWSH', 'WATR', 'WEASD', 'WILT']",731.0,ok,3.738846599997487,2026-07-05T03:37:16Z,
gfs,2026-07-05,6,12,https://nomads.ncep.noaa.gov/pub/data/nccf/com/gfs/prod/gfs.20260705/06/atmos/gfs.t06z.pgrb2.0p25.f012.idx,743.0,89.0,"['4LFTX', 'ABSV', 'ACPCP', 'ALBDO', 'APCP', 'APTMP', 'CAPE', 'CFRZR', 'CICEP', 'CIN', 'CLWMR', 'CNWAT', 'CPOFP', 'CPRAT', 'CRAIN', 'CSNOW', 'CWAT', 'CWORK', 'DLWRF', 'DPT', 'DSWRF', 'DZDT', 'FLDCP', 'FRICV', 'GFLUX', 'GRLE', 'GUST', 'HCDC', 'HGT', 'HINDEX', 'HLCY', 'HPBL', 'ICAHT', 'ICEC', 'ICEG', 'ICETK', 'ICETMP', 'ICMR', 'LAND', 'LCDC', 'LFTX', 'LHTFL', 'MCDC', 'MSLET', 'O3MR', 'PEVPR', 'PLPL', 'POT', 'PRATE', 'PRES', 'PRMSL', 'PWAT', 'REFC', 'REFD', 'RH', 'RWMR', 'SFCR', 'SHTFL', 'SNMR', 'SNOD', 'SOILL', 'SOILW', 'SOTYP', 'SPFH', 'SUNSD', 'TCDC', 'TMAX', 'TMIN', 'TMP', 'TOZNE', 'TSOIL', 'U-GWD', 'UFLX', 'UGRD', 'ULWRF', 'USTM', 'USWRF', 'V-GWD', 'VEG', 'VFLX', 'VGRD', 'VIS', 'VRATE', 'VSTM', 'VVEL', 'VWSH', 'WATR', 'WEASD', 'WILT']",731.0,ok,2.3239447999512777,2026-07-05T09:34:49Z,
gfs,2026-07-05,0,24,https://nomads.ncep.noaa.gov/pub/data/nccf/com/gfs/prod/gfs.20260705/00/atmos/gfs.t00z.pgrb2.0p25.f024.idx,743.0,89.0,"['4LFTX', 'ABSV', 'ACPCP', 'ALBDO', 'APCP', 'APTMP', 'CAPE', 'CFRZR', 'CICEP', 'CIN', 'CLWMR', 'CNWAT', 'CPOFP', 'CPRAT', 'CRAIN', 'CSNOW', 'CWAT', 'CWORK', 'DLWRF', 'DPT', 'DSWRF', 'DZDT', 'FLDCP', 'FRICV', 'GFLUX', 'GRLE', 'GUST', 'HCDC', 'HGT', 'HINDEX', 'HLCY', 'HPBL', 'ICAHT', 'ICEC', 'ICEG', 'ICETK', 'ICETMP', 'ICMR', 'LAND', 'LCDC', 'LFTX', 'LHTFL', 'MCDC', 'MSLET', 'O3MR', 'PEVPR', 'PLPL', 'POT', 'PRATE', 'PRES', 'PRMSL', 'PWAT', 'REFC', 'REFD', 'RH', 'RWMR', 'SFCR', 'SHTFL', 'SNMR', 'SNOD', 'SOILL', 'SOILW', 'SOTYP', 'SPFH', 'SUNSD', 'TCDC', 'TMAX', 'TMIN', 'TMP', 'TOZNE', 'TSOIL', 'U-GWD', 'UFLX', 'UGRD', 'ULWRF', 'USTM', 'USWRF', 'V-GWD', 'VEG', 'VFLX', 'VGRD', 'VIS', 'VRATE', 'VSTM', 'VVEL', 'VWSH', 'WATR', 'WEASD', 'WILT']",731.0,ok,4.013403200020548,2026-07-05T03:41:18Z,
gfs,2026-07-05,0,21,https://nomads.ncep.noaa.gov/pub/data/nccf/com/gfs/prod/gfs.20260705/00/atmos/gfs.t00z.pgrb2.0p25.f021.idx,743.0,89.0,"['4LFTX', 'ABSV', 'ACPCP', 'ALBDO', 'APCP', 'APTMP', 'CAPE', 'CFRZR', 'CICEP', 'CIN', 'CLWMR', 'CNWAT', 'CPOFP', 'CPRAT', 'CRAIN', 'CSNOW', 'CWAT', 'CWORK', 'DLWRF', 'DPT', 'DSWRF', 'DZDT', 'FLDCP', 'FRICV', 'GFLUX', 'GRLE', 'GUST', 'HCDC', 'HGT', 'HINDEX', 'HLCY', 'HPBL', 'ICAHT', 'ICEC', 'ICEG', 'ICETK', 'ICETMP', 'ICMR', 'LAND', 'LCDC', 'LFTX', 'LHTFL', 'MCDC', 'MSLET', 'O3MR', 'PEVPR', 'PLPL', 'POT', 'PRATE', 'PRES', 'PRMSL', 'PWAT', 'REFC', 'REFD', 'RH', 'RWMR', 'SFCR', 'SHTFL', 'SNMR', 'SNOD', 'SOILL', 'SOILW', 'SOTYP', 'SPFH', 'SUNSD', 'TCDC', 'TMAX', 'TMIN', 'TMP', 'TOZNE', 'TSOIL', 'U-GWD', 'UFLX', 'UGRD', 'ULWRF', 'USTM', 'USWRF', 'V-GWD', 'VEG', 'VFLX', 'VGRD', 'VIS', 'VRATE', 'VSTM', 'VVEL', 'VWSH', 'WATR', 'WEASD', 'WILT']",731.0,ok,4.115728100005072,2026-07-05T03:39:33Z,
gfs,2026-07-05,6,9,https://nomads.ncep.noaa.gov/pub/data/nccf/com/gfs/prod/gfs.20260705/06/atmos/gfs.t06z.pgrb2.0p25.f009.idx,743.0,89.0,"['4LFTX', 'ABSV', 'ACPCP', 'ALBDO', 'APCP', 'APTMP', 'CAPE', 'CFRZR', 'CICEP', 'CIN', 'CLWMR', 'CNWAT', 'CPOFP', 'CPRAT', 'CRAIN', 'CSNOW', 'CWAT', 'CWORK', 'DLWRF', 'DPT', 'DSWRF', 'DZDT', 'FLDCP', 'FRICV', 'GFLUX', 'GRLE', 'GUST', 'HCDC', 'HGT', 'HINDEX', 'HLCY', 'HPBL', 'ICAHT', 'ICEC', 'ICEG', 'ICETK', 'ICETMP', 'ICMR', 'LAND', 'LCDC', 'LFTX', 'LHTFL', 'MCDC', 'MSLET', 'O3MR', 'PEVPR', 'PLPL', 'POT', 'PRATE', 'PRES', 'PRMSL', 'PWAT', 'REFC', 'REFD', 'RH', 'RWMR', 'SFCR', 'SHTFL', 'SNMR', 'SNOD', 'SOILL', 'SOILW', 'SOTYP', 'SPFH', 'SUNSD', 'TCDC', 'TMAX', 'TMIN', 'TMP', 'TOZNE', 'TSOIL', 'U-GWD', 'UFLX', 'UGRD', 'ULWRF', 'USTM', 'USWRF', 'V-GWD', 'VEG', 'VFLX', 'VGRD', 'VIS', 'VRATE', 'VSTM', 'VVEL', 'VWSH', 'WATR', 'WEASD', 'WILT']",731.0,ok,2.963298799993936,2026-07-05T09:34:04Z,
gfs,2026-07-05,6,6,https://nomads.ncep.noaa.gov/pub/data/nccf/com/gfs/prod/gfs.20260705/06/atmos/gfs.t06z.pgrb2.0p25.f006.idx,743.0,89.0,"['4LFTX', 'ABSV', 'ACPCP', 'ALBDO', 'APCP', 'APTMP', 'CAPE', 'CFRZR', 'CICEP', 'CIN', 'CLWMR', 'CNWAT', 'CPOFP', 'CPRAT', 'CRAIN', 'CSNOW', 'CWAT', 'CWORK', 'DLWRF', 'DPT', 'DSWRF', 'DZDT', 'FLDCP', 'FRICV', 'GFLUX', 'GRLE', 'GUST', 'HCDC', 'HGT', 'HINDEX', 'HLCY', 'HPBL', 'ICAHT', 'ICEC', 'ICEG', 'ICETK', 'ICETMP', 'ICMR', 'LAND', 'LCDC', 'LFTX', 'LHTFL', 'MCDC', 'MSLET', 'O3MR', 'PEVPR', 'PLPL', 'POT', 'PRATE', 'PRES', 'PRMSL', 'PWAT', 'REFC', 'REFD', 'RH', 'RWMR', 'SFCR', 'SHTFL', 'SNMR', 'SNOD', 'SOILL', 'SOILW', 'SOTYP', 'SPFH', 'SUNSD', 'TCDC', 'TMAX', 'TMIN', 'TMP', 'TOZNE', 'TSOIL', 'U-GWD', 'UFLX', 'UGRD', 'ULWRF', 'USTM', 'USWRF', 'V-GWD', 'VEG', 'VFLX', 'VGRD', 'VIS', 'VRATE', 'VSTM', 'VVEL', 'VWSH', 'WATR', 'WEASD', 'WILT']",731.0,ok,3.380714299972169,2026-07-05T09:33:24Z,
gfs,2026-07-05,0,6,https://nomads.ncep.noaa.gov/pub/data/nccf/com/gfs/prod/gfs.20260705/00/atmos/gfs.t00z.pgrb2.0p25.f006.idx,743.0,89.0,"['4LFTX', 'ABSV', 'ACPCP', 'ALBDO', 'APCP', 'APTMP', 'CAPE', 'CFRZR', 'CICEP', 'CIN', 'CLWMR', 'CNWAT', 'CPOFP', 'CPRAT', 'CRAIN', 'CSNOW', 'CWAT', 'CWORK', 'DLWRF', 'DPT', 'DSWRF', 'DZDT', 'FLDCP', 'FRICV', 'GFLUX', 'GRLE', 'GUST', 'HCDC', 'HGT', 'HINDEX', 'HLCY', 'HPBL', 'ICAHT', 'ICEC', 'ICEG', 'ICETK', 'ICETMP', 'ICMR', 'LAND', 'LCDC', 'LFTX', 'LHTFL', 'MCDC', 'MSLET', 'O3MR', 'PEVPR', 'PLPL', 'POT', 'PRATE', 'PRES', 'PRMSL', 'PWAT', 'REFC', 'REFD', 'RH', 'RWMR', 'SFCR', 'SHTFL', 'SNMR', 'SNOD', 'SOILL', 'SOILW', 'SOTYP', 'SPFH', 'SUNSD', 'TCDC', 'TMAX', 'TMIN', 'TMP', 'TOZNE', 'TSOIL', 'U-GWD', 'UFLX', 'UGRD', 'ULWRF', 'USTM', 'USWRF', 'V-GWD', 'VEG', 'VFLX', 'VGRD', 'VIS', 'VRATE', 'VSTM', 'VVEL', 'VWSH', 'WATR', 'WEASD', 'WILT']",731.0,ok,5.515548399998806,2026-07-05T03:35:26Z,
gfs,2026-07-05,0,42,https://nomads.ncep.noaa.gov/pub/data/nccf/com/gfs/prod/gfs.20260705/00/atmos/gfs.t00z.pgrb2.0p25.f042.idx,743.0,89.0,"['4LFTX', 'ABSV', 'ACPCP', 'ALBDO', 'APCP', 'APTMP', 'CAPE', 'CFRZR', 'CICEP', 'CIN', 'CLWMR', 'CNWAT', 'CPOFP', 'CPRAT', 'CRAIN', 'CSNOW', 'CWAT', 'CWORK', 'DLWRF', 'DPT', 'DSWRF', 'DZDT', 'FLDCP', 'FRICV', 'GFLUX', 'GRLE', 'GUST', 'HCDC', 'HGT', 'HINDEX', 'HLCY', 'HPBL', 'ICAHT', 'ICEC', 'ICEG', 'ICETK', 'ICETMP', 'ICMR', 'LAND', 'LCDC', 'LFTX', 'LHTFL', 'MCDC', 'MSLET', 'O3MR', 'PEVPR', 'PLPL', 'POT', 'PRATE', 'PRES', 'PRMSL', 'PWAT', 'REFC', 'REFD', 'RH', 'RWMR', 'SFCR', 'SHTFL', 'SNMR', 'SNOD', 'SOILL', 'SOILW', 'SOTYP', 'SPFH', 'SUNSD', 'TCDC', 'TMAX', 'TMIN', 'TMP', 'TOZNE', 'TSOIL', 'U-GWD', 'UFLX', 'UGRD', 'ULWRF', 'USTM', 'USWRF', 'V-GWD', 'VEG', 'VFLX', 'VGRD', 'VIS', 'VRATE', 'VSTM', 'VVEL', 'VWSH', 'WATR', 'WEASD', 'WILT']",731.0,ok,4.002345699991565,2026-07-05T03:45:16Z,
gfs,2026-07-05,0,39,https://nomads.ncep.noaa.gov/pub/data/nccf/com/gfs/prod/gfs.20260705/00/atmos/gfs.t00z.pgrb2.0p25.f039.idx,743.0,89.0,"['4LFTX', 'ABSV', 'ACPCP', 'ALBDO', 'APCP', 'APTMP', 'CAPE', 'CFRZR', 'CICEP', 'CIN', 'CLWMR', 'CNWAT', 'CPOFP', 'CPRAT', 'CRAIN', 'CSNOW', 'CWAT', 'CWORK', 'DLWRF', 'DPT', 'DSWRF', 'DZDT', 'FLDCP', 'FRICV', 'GFLUX', 'GRLE', 'GUST', 'HCDC', 'HGT', 'HINDEX', 'HLCY', 'HPBL', 'ICAHT', 'ICEC', 'ICEG', 'ICETK', 'ICETMP', 'ICMR', 'LAND', 'LCDC', 'LFTX', 'LHTFL', 'MCDC', 'MSLET', 'O3MR', 'PEVPR', 'PLPL', 'POT', 'PRATE', 'PRES', 'PRMSL', 'PWAT', 'REFC', 'REFD', 'RH', 'RWMR', 'SFCR', 'SHTFL', 'SNMR', 'SNOD', 'SOILL', 'SOILW', 'SOTYP', 'SPFH', 'SUNSD', 'TCDC', 'TMAX', 'TMIN', 'TMP', 'TOZNE', 'TSOIL', 'U-GWD', 'UFLX', 'UGRD', 'ULWRF', 'USTM', 'USWRF', 'V-GWD', 'VEG', 'VFLX', 'VGRD', 'VIS', 'VRATE', 'VSTM', 'VVEL', 'VWSH', 'WATR', 'WEASD', 'WILT']",731.0,ok,4.141936200030614,2026-07-05T03:44:23Z,
gfs,2026-07-05,6,15,https://nomads.ncep.noaa.gov/pub/data/nccf/com/gfs/prod/gfs.20260705/06/atmos/gfs.t06z.pgrb2.0p25.f015.idx,743.0,89.0,"['4LFTX', 'ABSV', 'ACPCP', 'ALBDO', 'APCP', 'APTMP', 'CAPE', 'CFRZR', 'CICEP', 'CIN', 'CLWMR', 'CNWAT', 'CPOFP', 'CPRAT', 'CRAIN', 'CSNOW', 'CWAT', 'CWORK', 'DLWRF', 'DPT', 'DSWRF', 'DZDT', 'FLDCP', 'FRICV', 'GFLUX', 'GRLE', 'GUST', 'HCDC', 'HGT', 'HINDEX', 'HLCY', 'HPBL', 'ICAHT', 'ICEC', 'ICEG', 'ICETK', 'ICETMP', 'ICMR', 'LAND', 'LCDC', 'LFTX', 'LHTFL', 'MCDC', 'MSLET', 'O3MR', 'PEVPR', 'PLPL', 'POT', 'PRATE', 'PRES', 'PRMSL', 'PWAT', 'REFC', 'REFD', 'RH', 'RWMR', 'SFCR', 'SHTFL', 'SNMR', 'SNOD', 'SOILL', 'SOILW', 'SOTYP', 'SPFH', 'SUNSD', 'TCDC', 'TMAX', 'TMIN', 'TMP', 'TOZNE', 'TSOIL', 'U-GWD', 'UFLX', 'UGRD', 'ULWRF', 'USTM', 'USWRF', 'V-GWD', 'VEG', 'VFLX', 'VGRD', 'VIS', 'VRATE', 'VSTM', 'VVEL', 'VWSH', 'WATR', 'WEASD', 'WILT']",731.0,ok,3.3127265999792144,2026-07-05T09:35:34Z,
gfs,2026-07-05,0,48,https://nomads.ncep.noaa.gov/pub/data/nccf/com/gfs/prod/gfs.20260705/00/atmos/gfs.t00z.pgrb2.0p25.f048.idx,743.0,89.0,"['4LFTX', 'ABSV', 'ACPCP', 'ALBDO', 'APCP', 'APTMP', 'CAPE', 'CFRZR', 'CICEP', 'CIN', 'CLWMR', 'CNWAT', 'CPOFP', 'CPRAT', 'CRAIN', 'CSNOW', 'CWAT', 'CWORK', 'DLWRF', 'DPT', 'DSWRF', 'DZDT', 'FLDCP', 'FRICV', 'GFLUX', 'GRLE', 'GUST', 'HCDC', 'HGT', 'HINDEX', 'HLCY', 'HPBL', 'ICAHT', 'ICEC', 'ICEG', 'ICETK', 'ICETMP', 'ICMR', 'LAND', 'LCDC', 'LFTX', 'LHTFL', 'MCDC', 'MSLET', 'O3MR', 'PEVPR', 'PLPL', 'POT', 'PRATE', 'PRES', 'PRMSL', 'PWAT', 'REFC', 'REFD', 'RH', 'RWMR', 'SFCR', 'SHTFL', 'SNMR', 'SNOD', 'SOILL', 'SOILW', 'SOTYP', 'SPFH', 'SUNSD', 'TCDC', 'TMAX', 'TMIN', 'TMP', 'TOZNE', 'TSOIL', 'U-GWD', 'UFLX', 'UGRD', 'ULWRF', 'USTM', 'USWRF', 'V-GWD', 'VEG', 'VFLX', 'VGRD', 'VIS', 'VRATE', 'VSTM', 'VVEL', 'VWSH', 'WATR', 'WEASD', 'WILT']",731.0,ok,4.164610000036191,2026-07-05T03:47:03Z,
gfs,2026-07-05,6,27,https://nomads.ncep.noaa.gov/pub/data/nccf/com/gfs/prod/gfs.20260705/06/atmos/gfs.t06z.pgrb2.0p25.f027.idx,743.0,89.0,"['4LFTX', 'ABSV', 'ACPCP', 'ALBDO', 'APCP', 'APTMP', 'CAPE', 'CFRZR', 'CICEP', 'CIN', 'CLWMR', 'CNWAT', 'CPOFP', 'CPRAT', 'CRAIN', 'CSNOW', 'CWAT', 'CWORK', 'DLWRF', 'DPT', 'DSWRF', 'DZDT', 'FLDCP', 'FRICV', 'GFLUX', 'GRLE', 'GUST', 'HCDC', 'HGT', 'HINDEX', 'HLCY', 'HPBL', 'ICAHT', 'ICEC', 'ICEG', 'ICETK', 'ICETMP', 'ICMR', 'LAND', 'LCDC', 'LFTX', 'LHTFL', 'MCDC', 'MSLET', 'O3MR', 'PEVPR', 'PLPL', 'POT', 'PRATE', 'PRES', 'PRMSL', 'PWAT', 'REFC', 'REFD', 'RH', 'RWMR', 'SFCR', 'SHTFL', 'SNMR', 'SNOD', 'SOILL', 'SOILW', 'SOTYP', 'SPFH', 'SUNSD', 'TCDC', 'TMAX', 'TMIN', 'TMP', 'TOZNE', 'TSOIL', 'U-GWD', 'UFLX', 'UGRD', 'ULWRF', 'USTM', 'USWRF', 'V-GWD', 'VEG', 'VFLX', 'VGRD', 'VIS', 'VRATE', 'VSTM', 'VVEL', 'VWSH', 'WATR', 'WEASD', 'WILT']",731.0,ok,2.8806882999488153,2026-07-05T09:39:08Z,
gfs,2026-07-05,6,30,https://nomads.ncep.noaa.gov/pub/data/nccf/com/gfs/prod/gfs.20260705/06/atmos/gfs.t06z.pgrb2.0p25.f030.idx,743.0,89.0,"['4LFTX', 'ABSV', 'ACPCP', 'ALBDO', 'APCP', 'APTMP', 'CAPE', 'CFRZR', 'CICEP', 'CIN', 'CLWMR', 'CNWAT', 'CPOFP', 'CPRAT', 'CRAIN', 'CSNOW', 'CWAT', 'CWORK', 'DLWRF', 'DPT', 'DSWRF', 'DZDT', 'FLDCP', 'FRICV', 'GFLUX', 'GRLE', 'GUST', 'HCDC', 'HGT', 'HINDEX', 'HLCY', 'HPBL', 'ICAHT', 'ICEC', 'ICEG', 'ICETK', 'ICETMP', 'ICMR', 'LAND', 'LCDC', 'LFTX', 'LHTFL', 'MCDC', 'MSLET', 'O3MR', 'PEVPR', 'PLPL', 'POT', 'PRATE', 'PRES', 'PRMSL', 'PWAT', 'REFC', 'REFD', 'RH', 'RWMR', 'SFCR', 'SHTFL', 'SNMR', 'SNOD', 'SOILL', 'SOILW', 'SOTYP', 'SPFH', 'SUNSD', 'TCDC', 'TMAX', 'TMIN', 'TMP', 'TOZNE', 'TSOIL', 'U-GWD', 'UFLX', 'UGRD', 'ULWRF', 'USTM', 'USWRF', 'V-GWD', 'VEG', 'VFLX', 'VGRD', 'VIS', 'VRATE', 'VSTM', 'VVEL', 'VWSH', 'WATR', 'WEASD', 'WILT']",731.0,ok,2.6215881999814883,2026-07-05T09:39:54Z,
gfs,2026-07-05,6,21,https://nomads.ncep.noaa.gov/pub/data/nccf/com/gfs/prod/gfs.20260705/06/atmos/gfs.t06z.pgrb2.0p25.f021.idx,743.0,89.0,"['4LFTX', 'ABSV', 'ACPCP', 'ALBDO', 'APCP', 'APTMP', 'CAPE', 'CFRZR', 'CICEP', 'CIN', 'CLWMR', 'CNWAT', 'CPOFP', 'CPRAT', 'CRAIN', 'CSNOW', 'CWAT', 'CWORK', 'DLWRF', 'DPT', 'DSWRF', 'DZDT', 'FLDCP', 'FRICV', 'GFLUX', 'GRLE', 'GUST', 'HCDC', 'HGT', 'HINDEX', 'HLCY', 'HPBL', 'ICAHT', 'ICEC', 'ICEG', 'ICETK', 'ICETMP', 'ICMR', 'LAND', 'LCDC', 'LFTX', 'LHTFL', 'MCDC', 'MSLET', 'O3MR', 'PEVPR', 'PLPL', 'POT', 'PRATE', 'PRES', 'PRMSL', 'PWAT', 'REFC', 'REFD', 'RH', 'RWMR', 'SFCR', 'SHTFL', 'SNMR', 'SNOD', 'SOILL', 'SOILW', 'SOTYP', 'SPFH', 'SUNSD', 'TCDC', 'TMAX', 'TMIN', 'TMP', 'TOZNE', 'TSOIL', 'U-GWD', 'UFLX', 'UGRD', 'ULWRF', 'USTM', 'USWRF', 'V-GWD', 'VEG', 'VFLX', 'VGRD', 'VIS', 'VRATE', 'VSTM', 'VVEL', 'VWSH', 'WATR', 'WEASD', 'WILT']",731.0,ok,3.4053839999833144,2026-07-05T09:37:41Z,
gfs,2026-07-05,6,18,https://nomads.ncep.noaa.gov/pub/data/nccf/com/gfs/prod/gfs.20260705/06/atmos/gfs.t06z.pgrb2.0p25.f018.idx,743.0,89.0,"['4LFTX', 'ABSV', 'ACPCP', 'ALBDO', 'APCP', 'APTMP', 'CAPE', 'CFRZR', 'CICEP', 'CIN', 'CLWMR', 'CNWAT', 'CPOFP', 'CPRAT', 'CRAIN', 'CSNOW', 'CWAT', 'CWORK', 'DLWRF', 'DPT', 'DSWRF', 'DZDT', 'FLDCP', 'FRICV', 'GFLUX', 'GRLE', 'GUST', 'HCDC', 'HGT', 'HINDEX', 'HLCY', 'HPBL', 'ICAHT', 'ICEC', 'ICEG', 'ICETK', 'ICETMP', 'ICMR', 'LAND', 'LCDC', 'LFTX', 'LHTFL', 'MCDC', 'MSLET', 'O3MR', 'PEVPR', 'PLPL', 'POT', 'PRATE', 'PRES', 'PRMSL', 'PWAT', 'REFC', 'REFD', 'RH', 'RWMR', 'SFCR', 'SHTFL', 'SNMR', 'SNOD', 'SOILL', 'SOILW', 'SOTYP', 'SPFH', 'SUNSD', 'TCDC', 'TMAX', 'TMIN', 'TMP', 'TOZNE', 'TSOIL', 'U-GWD', 'UFLX', 'UGRD', 'ULWRF', 'USTM', 'USWRF', 'V-GWD', 'VEG', 'VFLX', 'VGRD', 'VIS', 'VRATE', 'VSTM', 'VVEL', 'VWSH', 'WATR', 'WEASD', 'WILT']",731.0,ok,3.5130205000168644,2026-07-05T09:36:42Z,
gfs,2026-07-05,6,33,https://nomads.ncep.noaa.gov/pub/data/nccf/com/gfs/prod/gfs.20260705/06/atmos/gfs.t06z.pgrb2.0p25.f033.idx,743.0,89.0,"['4LFTX', 'ABSV', 'ACPCP', 'ALBDO', 'APCP', 'APTMP', 'CAPE', 'CFRZR', 'CICEP', 'CIN', 'CLWMR', 'CNWAT', 'CPOFP', 'CPRAT', 'CRAIN', 'CSNOW', 'CWAT', 'CWORK', 'DLWRF', 'DPT', 'DSWRF', 'DZDT', 'FLDCP', 'FRICV', 'GFLUX', 'GRLE', 'GUST', 'HCDC', 'HGT', 'HINDEX', 'HLCY', 'HPBL', 'ICAHT', 'ICEC', 'ICEG', 'ICETK', 'ICETMP', 'ICMR', 'LAND', 'LCDC', 'LFTX', 'LHTFL', 'MCDC', 'MSLET', 'O3MR', 'PEVPR', 'PLPL', 'POT', 'PRATE', 'PRES', 'PRMSL', 'PWAT', 'REFC', 'REFD', 'RH', 'RWMR', 'SFCR', 'SHTFL', 'SNMR', 'SNOD', 'SOILL', 'SOILW', 'SOTYP', 'SPFH', 'SUNSD', 'TCDC', 'TMAX', 'TMIN', 'TMP', 'TOZNE', 'TSOIL', 'U-GWD', 'UFLX', 'UGRD', 'ULWRF', 'USTM', 'USWRF', 'V-GWD', 'VEG', 'VFLX', 'VGRD', 'VIS', 'VRATE', 'VSTM', 'VVEL', 'VWSH', 'WATR', 'WEASD', 'WILT']",731.0,ok,2.299784599978011,2026-07-05T09:40:32Z,
gfs,2026-07-05,6,24,https://nomads.ncep.noaa.gov/pub/data/nccf/com/gfs/prod/gfs.20260705/06/atmos/gfs.t06z.pgrb2.0p25.f024.idx,743.0,89.0,"['4LFTX', 'ABSV', 'ACPCP', 'ALBDO', 'APCP', 'APTMP', 'CAPE', 'CFRZR', 'CICEP', 'CIN', 'CLWMR', 'CNWAT', 'CPOFP', 'CPRAT', 'CRAIN', 'CSNOW', 'CWAT', 'CWORK', 'DLWRF', 'DPT', 'DSWRF', 'DZDT', 'FLDCP', 'FRICV', 'GFLUX', 'GRLE', 'GUST', 'HCDC', 'HGT', 'HINDEX', 'HLCY', 'HPBL', 'ICAHT', 'ICEC', 'ICEG', 'ICETK', 'ICETMP', 'ICMR', 'LAND', 'LCDC', 'LFTX', 'LHTFL', 'MCDC', 'MSLET', 'O3MR', 'PEVPR', 'PLPL', 'POT', 'PRATE', 'PRES', 'PRMSL', 'PWAT', 'REFC', 'REFD', 'RH', 'RWMR', 'SFCR', 'SHTFL', 'SNMR', 'SNOD', 'SOILL', 'SOILW', 'SOTYP', 'SPFH', 'SUNSD', 'TCDC', 'TMAX', 'TMIN', 'TMP', 'TOZNE', 'TSOIL', 'U-GWD', 'UFLX', 'UGRD', 'ULWRF', 'USTM', 'USWRF', 'V-GWD', 'VEG', 'VFLX', 'VGRD', 'VIS', 'VRATE', 'VSTM', 'VVEL', 'VWSH', 'WATR', 'WEASD', 'WILT']",731.0,ok,3.5127623999724165,2026-07-05T09:38:10Z,
gfs,2026-07-05,6,39,https://nomads.ncep.noaa.gov/pub/data/nccf/com/gfs/prod/gfs.20260705/06/atmos/gfs.t06z.pgrb2.0p25.f039.idx,743.0,89.0,"['4LFTX', 'ABSV', 'ACPCP', 'ALBDO', 'APCP', 'APTMP', 'CAPE', 'CFRZR', 'CICEP', 'CIN', 'CLWMR', 'CNWAT', 'CPOFP', 'CPRAT', 'CRAIN', 'CSNOW', 'CWAT', 'CWORK', 'DLWRF', 'DPT', 'DSWRF', 'DZDT', 'FLDCP', 'FRICV', 'GFLUX', 'GRLE', 'GUST', 'HCDC', 'HGT', 'HINDEX', 'HLCY', 'HPBL', 'ICAHT', 'ICEC', 'ICEG', 'ICETK', 'ICETMP', 'ICMR', 'LAND', 'LCDC', 'LFTX', 'LHTFL', 'MCDC', 'MSLET', 'O3MR', 'PEVPR', 'PLPL', 'POT', 'PRATE', 'PRES', 'PRMSL', 'PWAT', 'REFC', 'REFD', 'RH', 'RWMR', 'SFCR', 'SHTFL', 'SNMR', 'SNOD', 'SOILL', 'SOILW', 'SOTYP', 'SPFH', 'SUNSD', 'TCDC', 'TMAX', 'TMIN', 'TMP', 'TOZNE', 'TSOIL', 'U-GWD', 'UFLX', 'UGRD', 'ULWRF', 'USTM', 'USWRF', 'V-GWD', 'VEG', 'VFLX', 'VGRD', 'VIS', 'VRATE', 'VSTM', 'VVEL', 'VWSH', 'WATR', 'WEASD', 'WILT']",731.0,ok,1.9596464000060223,2026-07-05T09:43:07Z,
gfs,2026-07-05,0,18,https://nomads.ncep.noaa.gov/pub/data/nccf/com/gfs/prod/gfs.20260705/00/atmos/gfs.t00z.pgrb2.0p25.f018.idx,743.0,89.0,"['4LFTX', 'ABSV', 'ACPCP', 'ALBDO', 'APCP', 'APTMP', 'CAPE', 'CFRZR', 'CICEP', 'CIN', 'CLWMR', 'CNWAT', 'CPOFP', 'CPRAT', 'CRAIN', 'CSNOW', 'CWAT', 'CWORK', 'DLWRF', 'DPT', 'DSWRF', 'DZDT', 'FLDCP', 'FRICV', 'GFLUX', 'GRLE', 'GUST', 'HCDC', 'HGT', 'HINDEX', 'HLCY', 'HPBL', 'ICAHT', 'ICEC', 'ICEG', 'ICETK', 'ICETMP', 'ICMR', 'LAND', 'LCDC', 'LFTX', 'LHTFL', 'MCDC', 'MSLET', 'O3MR', 'PEVPR', 'PLPL', 'POT', 'PRATE', 'PRES', 'PRMSL', 'PWAT', 'REFC', 'REFD', 'RH', 'RWMR', 'SFCR', 'SHTFL', 'SNMR', 'SNOD', 'SOILL', 'SOILW', 'SOTYP', 'SPFH', 'SUNSD', 'TCDC', 'TMAX', 'TMIN', 'TMP', 'TOZNE', 'TSOIL', 'U-GWD', 'UFLX', 'UGRD', 'ULWRF', 'USTM', 'USWRF', 'V-GWD', 'VEG', 'VFLX', 'VGRD', 'VIS', 'VRATE', 'VSTM', 'VVEL', 'VWSH', 'WATR', 'WEASD', 'WILT']",731.0,ok,6.087656799994875,2026-07-05T03:38:46Z,
gfs,2026-07-05,0,33,https://nomads.ncep.noaa.gov/pub/data/nccf/com/gfs/prod/gfs.20260705/00/atmos/gfs.t00z.pgrb2.0p25.f033.idx,743.0,89.0,"['4LFTX', 'ABSV', 'ACPCP', 'ALBDO', 'APCP', 'APTMP', 'CAPE', 'CFRZR', 'CICEP', 'CIN', 'CLWMR', 'CNWAT', 'CPOFP', 'CPRAT', 'CRAIN', 'CSNOW', 'CWAT', 'CWORK', 'DLWRF', 'DPT', 'DSWRF', 'DZDT', 'FLDCP', 'FRICV', 'GFLUX', 'GRLE', 'GUST', 'HCDC', 'HGT', 'HINDEX', 'HLCY', 'HPBL', 'ICAHT', 'ICEC', 'ICEG', 'ICETK', 'ICETMP', 'ICMR', 'LAND', 'LCDC', 'LFTX', 'LHTFL', 'MCDC', 'MSLET', 'O3MR', 'PEVPR', 'PLPL', 'POT', 'PRATE', 'PRES', 'PRMSL', 'PWAT', 'REFC', 'REFD', 'RH', 'RWMR', 'SFCR', 'SHTFL', 'SNMR', 'SNOD', 'SOILL', 'SOILW', 'SOTYP', 'SPFH', 'SUNSD', 'TCDC', 'TMAX', 'TMIN', 'TMP', 'TOZNE', 'TSOIL', 'U-GWD', 'UFLX', 'UGRD', 'ULWRF', 'USTM', 'USWRF', 'V-GWD', 'VEG', 'VFLX', 'VGRD', 'VIS', 'VRATE', 'VSTM', 'VVEL', 'VWSH', 'WATR', 'WEASD', 'WILT']",731.0,ok,6.186665999994148,2026-07-05T03:43:07Z,
gfs,2026-07-05,6,36,https://nomads.ncep.noaa.gov/pub/data/nccf/com/gfs/prod/gfs.20260705/06/atmos/gfs.t06z.pgrb2.0p25.f036.idx,743.0,89.0,"['4LFTX', 'ABSV', 'ACPCP', 'ALBDO', 'APCP', 'APTMP', 'CAPE', 'CFRZR', 'CICEP', 'CIN', 'CLWMR', 'CNWAT', 'CPOFP', 'CPRAT', 'CRAIN', 'CSNOW', 'CWAT', 'CWORK', 'DLWRF', 'DPT', 'DSWRF', 'DZDT', 'FLDCP', 'FRICV', 'GFLUX', 'GRLE', 'GUST', 'HCDC', 'HGT', 'HINDEX', 'HLCY', 'HPBL', 'ICAHT', 'ICEC', 'ICEG', 'ICETK', 'ICETMP', 'ICMR', 'LAND', 'LCDC', 'LFTX', 'LHTFL', 'MCDC', 'MSLET', 'O3MR', 'PEVPR', 'PLPL', 'POT', 'PRATE', 'PRES', 'PRMSL', 'PWAT', 'REFC', 'REFD', 'RH', 'RWMR', 'SFCR', 'SHTFL', 'SNMR', 'SNOD', 'SOILL', 'SOILW', 'SOTYP', 'SPFH', 'SUNSD', 'TCDC', 'TMAX', 'TMIN', 'TMP', 'TOZNE', 'TSOIL', 'U-GWD', 'UFLX', 'UGRD', 'ULWRF', 'USTM', 'USWRF', 'V-GWD', 'VEG', 'VFLX', 'VGRD', 'VIS', 'VRATE', 'VSTM', 'VVEL', 'VWSH', 'WATR', 'WEASD', 'WILT']",731.0,ok,3.4569161999970675,2026-07-05T09:41:49Z,
gfs,2026-07-05,6,0,https://nomads.ncep.noaa.gov/pub/data/nccf/com/gfs/prod/gfs.20260705/06/atmos/gfs.t06z.pgrb2.0p25.f000.idx,696.0,69.0,"['4LFTX', 'ABSV', 'APTMP', 'CAPE', 'CFRZR', 'CICEP', 'CIN', 'CLWMR', 'CNWAT', 'CPOFP', 'CRAIN', 'CSNOW', 'CWAT', 'DPT', 'DZDT', 'FLDCP', 'FRICV', 'GRLE', 'GUST', 'HCDC', 'HGT', 'HINDEX', 'HLCY', 'HPBL', 'ICAHT', 'ICEC', 'ICEG', 'ICETK', 'ICETMP', 'ICMR', 'LAND', 'LCDC', 'LFTX', 'MCDC', 'MSLET', 'O3MR', 'PLPL', 'POT', 'PRATE', 'PRES', 'PRMSL', 'PWAT', 'REFC', 'REFD', 'RH', 'RWMR', 'SFCR', 'SNMR', 'SNOD', 'SOILL', 'SOILW', 'SOTYP', 'SPFH', 'SUNSD', 'TCDC', 'TMP', 'TOZNE', 'TSOIL', 'UGRD', 'USTM', 'VEG', 'VGRD', 'VIS', 'VRATE', 'VSTM', 'VVEL', 'VWSH', 'WEASD', 'WILT']",696.0,ok,5.827737600018736,2026-07-05T09:31:56Z,
gfs,2026-07-05,6,45,https://nomads.ncep.noaa.gov/pub/data/nccf/com/gfs/prod/gfs.20260705/06/atmos/gfs.t06z.pgrb2.0p25.f045.idx,743.0,89.0,"['4LFTX', 'ABSV', 'ACPCP', 'ALBDO', 'APCP', 'APTMP', 'CAPE', 'CFRZR', 'CICEP', 'CIN', 'CLWMR', 'CNWAT', 'CPOFP', 'CPRAT', 'CRAIN', 'CSNOW', 'CWAT', 'CWORK', 'DLWRF', 'DPT', 'DSWRF', 'DZDT', 'FLDCP', 'FRICV', 'GFLUX', 'GRLE', 'GUST', 'HCDC', 'HGT', 'HINDEX', 'HLCY', 'HPBL', 'ICAHT', 'ICEC', 'ICEG', 'ICETK', 'ICETMP', 'ICMR', 'LAND', 'LCDC', 'LFTX', 'LHTFL', 'MCDC', 'MSLET', 'O3MR', 'PEVPR', 'PLPL', 'POT', 'PRATE', 'PRES', 'PRMSL', 'PWAT', 'REFC', 'REFD', 'RH', 'RWMR', 'SFCR', 'SHTFL', 'SNMR', 'SNOD', 'SOILL', 'SOILW', 'SOTYP', 'SPFH', 'SUNSD', 'TCDC', 'TMAX', 'TMIN', 'TMP', 'TOZNE', 'TSOIL', 'U-GWD', 'UFLX', 'UGRD', 'ULWRF', 'USTM', 'USWRF', 'V-GWD', 'VEG', 'VFLX', 'VGRD', 'VIS', 'VRATE', 'VSTM', 'VVEL', 'VWSH', 'WATR', 'WEASD', 'WILT']",731.0,ok,3.2393071000115015,2026-07-05T09:43:22Z,
gfs,2026-07-05,6,48,https://nomads.ncep.noaa.gov/pub/data/nccf/com/gfs/prod/gfs.20260705/06/atmos/gfs.t06z.pgrb2.0p25.f048.idx,743.0,89.0,"['4LFTX', 'ABSV', 'ACPCP', 'ALBDO', 'APCP', 'APTMP', 'CAPE', 'CFRZR', 'CICEP', 'CIN', 'CLWMR', 'CNWAT', 'CPOFP', 'CPRAT', 'CRAIN', 'CSNOW', 'CWAT', 'CWORK', 'DLWRF', 'DPT', 'DSWRF', 'DZDT', 'FLDCP', 'FRICV', 'GFLUX', 'GRLE', 'GUST', 'HCDC', 'HGT', 'HINDEX', 'HLCY', 'HPBL', 'ICAHT', 'ICEC', 'ICEG', 'ICETK', 'ICETMP', 'ICMR', 'LAND', 'LCDC', 'LFTX', 'LHTFL', 'MCDC', 'MSLET', 'O3MR', 'PEVPR', 'PLPL', 'POT', 'PRATE', 'PRES', 'PRMSL', 'PWAT', 'REFC', 'REFD', 'RH', 'RWMR', 'SFCR', 'SHTFL', 'SNMR', 'SNOD', 'SOILL', 'SOILW', 'SOTYP', 'SPFH', 'SUNSD', 'TCDC', 'TMAX', 'TMIN', 'TMP', 'TOZNE', 'TSOIL', 'U-GWD', 'UFLX', 'UGRD', 'ULWRF', 'USTM', 'USWRF', 'V-GWD', 'VEG', 'VFLX', 'VGRD', 'VIS', 'VRATE', 'VSTM', 'VVEL', 'VWSH', 'WATR', 'WEASD', 'WILT']",731.0,ok,2.8752013000193983,2026-07-05T09:44:29Z,
gfs,2026-07-05,6,42,https://nomads.ncep.noaa.gov/pub/data/nccf/com/gfs/prod/gfs.20260705/06/atmos/gfs.t06z.pgrb2.0p25.f042.idx,743.0,89.0,"['4LFTX', 'ABSV', 'ACPCP', 'ALBDO', 'APCP', 'APTMP', 'CAPE', 'CFRZR', 'CICEP', 'CIN', 'CLWMR', 'CNWAT', 'CPOFP', 'CPRAT', 'CRAIN', 'CSNOW', 'CWAT', 'CWORK', 'DLWRF', 'DPT', 'DSWRF', 'DZDT', 'FLDCP', 'FRICV', 'GFLUX', 'GRLE', 'GUST', 'HCDC', 'HGT', 'HINDEX', 'HLCY', 'HPBL', 'ICAHT', 'ICEC', 'ICEG', 'ICETK', 'ICETMP', 'ICMR', 'LAND', 'LCDC', 'LFTX', 'LHTFL', 'MCDC', 'MSLET', 'O3MR', 'PEVPR', 'PLPL', 'POT', 'PRATE', 'PRES', 'PRMSL', 'PWAT', 'REFC', 'REFD', 'RH', 'RWMR', 'SFCR', 'SHTFL', 'SNMR', 'SNOD', 'SOILL', 'SOILW', 'SOTYP', 'SPFH', 'SUNSD', 'TCDC', 'TMAX', 'TMIN', 'TMP', 'TOZNE', 'TSOIL', 'U-GWD', 'UFLX', 'UGRD', 'ULWRF', 'USTM', 'USWRF', 'V-GWD', 'VEG', 'VFLX', 'VGRD', 'VIS', 'VRATE', 'VSTM', 'VVEL', 'VWSH', 'WATR', 'WEASD', 'WILT']",731.0,ok,3.3936478000250645,2026-07-05T09:42:59Z,
gfs,2026-07-05,12,21,https://nomads.ncep.noaa.gov/pub/data/nccf/com/gfs/prod/gfs.20260705/12/atmos/gfs.t12z.pgrb2.0p25.f021.idx,743.0,89.0,"['4LFTX', 'ABSV', 'ACPCP', 'ALBDO', 'APCP', 'APTMP', 'CAPE', 'CFRZR', 'CICEP', 'CIN', 'CLWMR', 'CNWAT', 'CPOFP', 'CPRAT', 'CRAIN', 'CSNOW', 'CWAT', 'CWORK', 'DLWRF', 'DPT', 'DSWRF', 'DZDT', 'FLDCP', 'FRICV', 'GFLUX', 'GRLE', 'GUST', 'HCDC', 'HGT', 'HINDEX', 'HLCY', 'HPBL', 'ICAHT', 'ICEC', 'ICEG', 'ICETK', 'ICETMP', 'ICMR', 'LAND', 'LCDC', 'LFTX', 'LHTFL', 'MCDC', 'MSLET', 'O3MR', 'PEVPR', 'PLPL', 'POT', 'PRATE', 'PRES', 'PRMSL', 'PWAT', 'REFC', 'REFD', 'RH', 'RWMR', 'SFCR', 'SHTFL', 'SNMR', 'SNOD', 'SOILL', 'SOILW', 'SOTYP', 'SPFH', 'SUNSD', 'TCDC', 'TMAX', 'TMIN', 'TMP', 'TOZNE', 'TSOIL', 'U-GWD', 'UFLX', 'UGRD', 'ULWRF', 'USTM', 'USWRF', 'V-GWD', 'VEG', 'VFLX', 'VGRD', 'VIS', 'VRATE', 'VSTM', 'VVEL', 'VWSH', 'WATR', 'WEASD', 'WILT']",731.0,ok,2.2011178000248037,2026-07-05T15:38:26Z,
gfs,2026-07-05,12,18,https://nomads.ncep.noaa.gov/pub/data/nccf/com/gfs/prod/gfs.20260705/12/atmos/gfs.t12z.pgrb2.0p25.f018.idx,743.0,89.0,"['4LFTX', 'ABSV', 'ACPCP', 'ALBDO', 'APCP', 'APTMP', 'CAPE', 'CFRZR', 'CICEP', 'CIN', 'CLWMR', 'CNWAT', 'CPOFP', 'CPRAT', 'CRAIN', 'CSNOW', 'CWAT', 'CWORK', 'DLWRF', 'DPT', 'DSWRF', 'DZDT', 'FLDCP', 'FRICV', 'GFLUX', 'GRLE', 'GUST', 'HCDC', 'HGT', 'HINDEX', 'HLCY', 'HPBL', 'ICAHT', 'ICEC', 'ICEG', 'ICETK', 'ICETMP', 'ICMR', 'LAND', 'LCDC', 'LFTX', 'LHTFL', 'MCDC', 'MSLET', 'O3MR', 'PEVPR', 'PLPL', 'POT', 'PRATE', 'PRES', 'PRMSL', 'PWAT', 'REFC', 'REFD', 'RH', 'RWMR', 'SFCR', 'SHTFL', 'SNMR', 'SNOD', 'SOILL', 'SOILW', 'SOTYP', 'SPFH', 'SUNSD', 'TCDC', 'TMAX', 'TMIN', 'TMP', 'TOZNE', 'TSOIL', 'U-GWD', 'UFLX', 'UGRD', 'ULWRF', 'USTM', 'USWRF', 'V-GWD', 'VEG', 'VFLX', 'VGRD', 'VIS', 'VRATE', 'VSTM', 'VVEL', 'VWSH', 'WATR', 'WEASD', 'WILT']",731.0,ok,2.2171758000040427,2026-07-05T15:37:32Z,
gfs,2026-07-05,12,30,https://nomads.ncep.noaa.gov/pub/data/nccf/com/gfs/prod/gfs.20260705/12/atmos/gfs.t12z.pgrb2.0p25.f030.idx,743.0,89.0,"['4LFTX', 'ABSV', 'ACPCP', 'ALBDO', 'APCP', 'APTMP', 'CAPE', 'CFRZR', 'CICEP', 'CIN', 'CLWMR', 'CNWAT', 'CPOFP', 'CPRAT', 'CRAIN', 'CSNOW', 'CWAT', 'CWORK', 'DLWRF', 'DPT', 'DSWRF', 'DZDT', 'FLDCP', 'FRICV', 'GFLUX', 'GRLE', 'GUST', 'HCDC', 'HGT', 'HINDEX', 'HLCY', 'HPBL', 'ICAHT', 'ICEC', 'ICEG', 'ICETK', 'ICETMP', 'ICMR', 'LAND', 'LCDC', 'LFTX', 'LHTFL', 'MCDC', 'MSLET', 'O3MR', 'PEVPR', 'PLPL', 'POT', 'PRATE', 'PRES', 'PRMSL', 'PWAT', 'REFC', 'REFD', 'RH', 'RWMR', 'SFCR', 'SHTFL', 'SNMR', 'SNOD', 'SOILL', 'SOILW', 'SOTYP', 'SPFH', 'SUNSD', 'TCDC', 'TMAX', 'TMIN', 'TMP', 'TOZNE', 'TSOIL', 'U-GWD', 'UFLX', 'UGRD', 'ULWRF', 'USTM', 'USWRF', 'V-GWD', 'VEG', 'VFLX', 'VGRD', 'VIS', 'VRATE', 'VSTM', 'VVEL', 'VWSH', 'WATR', 'WEASD', 'WILT']",731.0,ok,2.0624733000295237,2026-07-05T15:41:11Z,
gfs,2026-07-05,12,6,https://nomads.ncep.noaa.gov/pub/data/nccf/com/gfs/prod/gfs.20260705/12/atmos/gfs.t12z.pgrb2.0p25.f006.idx,743.0,89.0,"['4LFTX', 'ABSV', 'ACPCP', 'ALBDO', 'APCP', 'APTMP', 'CAPE', 'CFRZR', 'CICEP', 'CIN', 'CLWMR', 'CNWAT', 'CPOFP', 'CPRAT', 'CRAIN', 'CSNOW', 'CWAT', 'CWORK', 'DLWRF', 'DPT', 'DSWRF', 'DZDT', 'FLDCP', 'FRICV', 'GFLUX', 'GRLE', 'GUST', 'HCDC', 'HGT', 'HINDEX', 'HLCY', 'HPBL', 'ICAHT', 'ICEC', 'ICEG', 'ICETK', 'ICETMP', 'ICMR', 'LAND', 'LCDC', 'LFTX', 'LHTFL', 'MCDC', 'MSLET', 'O3MR', 'PEVPR', 'PLPL', 'POT', 'PRATE', 'PRES', 'PRMSL', 'PWAT', 'REFC', 'REFD', 'RH', 'RWMR', 'SFCR', 'SHTFL', 'SNMR', 'SNOD', 'SOILL', 'SOILW', 'SOTYP', 'SPFH', 'SUNSD', 'TCDC', 'TMAX', 'TMIN', 'TMP', 'TOZNE', 'TSOIL', 'U-GWD', 'UFLX', 'UGRD', 'ULWRF', 'USTM', 'USWRF', 'V-GWD', 'VEG', 'VFLX', 'VGRD', 'VIS', 'VRATE', 'VSTM', 'VVEL', 'VWSH', 'WATR', 'WEASD', 'WILT']",731.0,ok,2.8773579000262544,2026-07-05T15:34:27Z,
gfs,2026-07-05,12,0,https://nomads.ncep.noaa.gov/pub/data/nccf/com/gfs/prod/gfs.20260705/12/atmos/gfs.t12z.pgrb2.0p25.f000.idx,696.0,69.0,"['4LFTX', 'ABSV', 'APTMP', 'CAPE', 'CFRZR', 'CICEP', 'CIN', 'CLWMR', 'CNWAT', 'CPOFP', 'CRAIN', 'CSNOW', 'CWAT', 'DPT', 'DZDT', 'FLDCP', 'FRICV', 'GRLE', 'GUST', 'HCDC', 'HGT', 'HINDEX', 'HLCY', 'HPBL', 'ICAHT', 'ICEC', 'ICEG', 'ICETK', 'ICETMP', 'ICMR', 'LAND', 'LCDC', 'LFTX', 'MCDC', 'MSLET', 'O3MR', 'PLPL', 'POT', 'PRATE', 'PRES', 'PRMSL', 'PWAT', 'REFC', 'REFD', 'RH', 'RWMR', 'SFCR', 'SNMR', 'SNOD', 'SOILL', 'SOILW', 'SOTYP', 'SPFH', 'SUNSD', 'TCDC', 'TMP', 'TOZNE', 'TSOIL', 'UGRD', 'USTM', 'VEG', 'VGRD', 'VIS', 'VRATE', 'VSTM', 'VVEL', 'VWSH', 'WEASD', 'WILT']",696.0,ok,3.0492403999669477,2026-07-05T15:32:41Z,
gfs,2026-07-05,12,12,https://nomads.ncep.noaa.gov/pub/data/nccf/com/gfs/prod/gfs.20260705/12/atmos/gfs.t12z.pgrb2.0p25.f012.idx,743.0,89.0,"['4LFTX', 'ABSV', 'ACPCP', 'ALBDO', 'APCP', 'APTMP', 'CAPE', 'CFRZR', 'CICEP', 'CIN', 'CLWMR', 'CNWAT', 'CPOFP', 'CPRAT', 'CRAIN', 'CSNOW', 'CWAT', 'CWORK', 'DLWRF', 'DPT', 'DSWRF', 'DZDT', 'FLDCP', 'FRICV', 'GFLUX', 'GRLE', 'GUST', 'HCDC', 'HGT', 'HINDEX', 'HLCY', 'HPBL', 'ICAHT', 'ICEC', 'ICEG', 'ICETK', 'ICETMP', 'ICMR', 'LAND', 'LCDC', 'LFTX', 'LHTFL', 'MCDC', 'MSLET', 'O3MR', 'PEVPR', 'PLPL', 'POT', 'PRATE', 'PRES', 'PRMSL', 'PWAT', 'REFC', 'REFD', 'RH', 'RWMR', 'SFCR', 'SHTFL', 'SNMR', 'SNOD', 'SOILL', 'SOILW', 'SOTYP', 'SPFH', 'SUNSD', 'TCDC', 'TMAX', 'TMIN', 'TMP', 'TOZNE', 'TSOIL', 'U-GWD', 'UFLX', 'UGRD', 'ULWRF', 'USTM', 'USWRF', 'V-GWD', 'VEG', 'VFLX', 'VGRD', 'VIS', 'VRATE', 'VSTM', 'VVEL', 'VWSH', 'WATR', 'WEASD', 'WILT']",731.0,ok,2.877652900002431,2026-07-05T15:36:05Z,
gfs,2026-07-05,12,9,https://nomads.ncep.noaa.gov/pub/data/nccf/com/gfs/prod/gfs.20260705/12/atmos/gfs.t12z.pgrb2.0p25.f009.idx,743.0,89.0,"['4LFTX', 'ABSV', 'ACPCP', 'ALBDO', 'APCP', 'APTMP', 'CAPE', 'CFRZR', 'CICEP', 'CIN', 'CLWMR', 'CNWAT', 'CPOFP', 'CPRAT', 'CRAIN', 'CSNOW', 'CWAT', 'CWORK', 'DLWRF', 'DPT', 'DSWRF', 'DZDT', 'FLDCP', 'FRICV', 'GFLUX', 'GRLE', 'GUST', 'HCDC', 'HGT', 'HINDEX', 'HLCY', 'HPBL', 'ICAHT', 'ICEC', 'ICEG', 'ICETK', 'ICETMP', 'ICMR', 'LAND', 'LCDC', 'LFTX', 'LHTFL', 'MCDC', 'MSLET', 'O3MR', 'PEVPR', 'PLPL', 'POT', 'PRATE', 'PRES', 'PRMSL', 'PWAT', 'REFC', 'REFD', 'RH', 'RWMR', 'SFCR', 'SHTFL', 'SNMR', 'SNOD', 'SOILL', 'SOILW', 'SOTYP', 'SPFH', 'SUNSD', 'TCDC', 'TMAX', 'TMIN', 'TMP', 'TOZNE', 'TSOIL', 'U-GWD', 'UFLX', 'UGRD', 'ULWRF', 'USTM', 'USWRF', 'V-GWD', 'VEG', 'VFLX', 'VGRD', 'VIS', 'VRATE', 'VSTM', 'VVEL', 'VWSH', 'WATR', 'WEASD', 'WILT']",731.0,ok,3.063456599949859,2026-07-05T15:35:12Z,
gfs,2026-07-05,12,36,https://nomads.ncep.noaa.gov/pub/data/nccf/com/gfs/prod/gfs.20260705/12/atmos/gfs.t12z.pgrb2.0p25.f036.idx,743.0,89.0,"['4LFTX', 'ABSV', 'ACPCP', 'ALBDO', 'APCP', 'APTMP', 'CAPE', 'CFRZR', 'CICEP', 'CIN', 'CLWMR', 'CNWAT', 'CPOFP', 'CPRAT', 'CRAIN', 'CSNOW', 'CWAT', 'CWORK', 'DLWRF', 'DPT', 'DSWRF', 'DZDT', 'FLDCP', 'FRICV', 'GFLUX', 'GRLE', 'GUST', 'HCDC', 'HGT', 'HINDEX', 'HLCY', 'HPBL', 'ICAHT', 'ICEC', 'ICEG', 'ICETK', 'ICETMP', 'ICMR', 'LAND', 'LCDC', 'LFTX', 'LHTFL', 'MCDC', 'MSLET', 'O3MR', 'PEVPR', 'PLPL', 'POT', 'PRATE', 'PRES', 'PRMSL', 'PWAT', 'REFC', 'REFD', 'RH', 'RWMR', 'SFCR', 'SHTFL', 'SNMR', 'SNOD', 'SOILL', 'SOILW', 'SOTYP', 'SPFH', 'SUNSD', 'TCDC', 'TMAX', 'TMIN', 'TMP', 'TOZNE', 'TSOIL', 'U-GWD', 'UFLX', 'UGRD', 'ULWRF', 'USTM', 'USWRF', 'V-GWD', 'VEG', 'VFLX', 'VGRD', 'VIS', 'VRATE', 'VSTM', 'VVEL', 'VWSH', 'WATR', 'WEASD', 'WILT']",731.0,ok,2.2326759999850765,2026-07-05T15:42:23Z,
gfs,2026-07-05,12,15,https://nomads.ncep.noaa.gov/pub/data/nccf/com/gfs/prod/gfs.20260705/12/atmos/gfs.t12z.pgrb2.0p25.f015.idx,743.0,89.0,"['4LFTX', 'ABSV', 'ACPCP', 'ALBDO', 'APCP', 'APTMP', 'CAPE', 'CFRZR', 'CICEP', 'CIN', 'CLWMR', 'CNWAT', 'CPOFP', 'CPRAT', 'CRAIN', 'CSNOW', 'CWAT', 'CWORK', 'DLWRF', 'DPT', 'DSWRF', 'DZDT', 'FLDCP', 'FRICV', 'GFLUX', 'GRLE', 'GUST', 'HCDC', 'HGT', 'HINDEX', 'HLCY', 'HPBL', 'ICAHT', 'ICEC', 'ICEG', 'ICETK', 'ICETMP', 'ICMR', 'LAND', 'LCDC', 'LFTX', 'LHTFL', 'MCDC', 'MSLET', 'O3MR', 'PEVPR', 'PLPL', 'POT', 'PRATE', 'PRES', 'PRMSL', 'PWAT', 'REFC', 'REFD', 'RH', 'RWMR', 'SFCR', 'SHTFL', 'SNMR', 'SNOD', 'SOILL', 'SOILW', 'SOTYP', 'SPFH', 'SUNSD', 'TCDC', 'TMAX', 'TMIN', 'TMP', 'TOZNE', 'TSOIL', 'U-GWD', 'UFLX', 'UGRD', 'ULWRF', 'USTM', 'USWRF', 'V-GWD', 'VEG', 'VFLX', 'VGRD', 'VIS', 'VRATE', 'VSTM', 'VVEL', 'VWSH', 'WATR', 'WEASD', 'WILT']",731.0,ok,3.0181304999860004,2026-07-05T15:36:42Z,
gfs,2026-07-05,12,24,https://nomads.ncep.noaa.gov/pub/data/nccf/com/gfs/prod/gfs.20260705/12/atmos/gfs.t12z.pgrb2.0p25.f024.idx,743.0,89.0,"['4LFTX', 'ABSV', 'ACPCP', 'ALBDO', 'APCP', 'APTMP', 'CAPE', 'CFRZR', 'CICEP', 'CIN', 'CLWMR', 'CNWAT', 'CPOFP', 'CPRAT', 'CRAIN', 'CSNOW', 'CWAT', 'CWORK', 'DLWRF', 'DPT', 'DSWRF', 'DZDT', 'FLDCP', 'FRICV', 'GFLUX', 'GRLE', 'GUST', 'HCDC', 'HGT', 'HINDEX', 'HLCY', 'HPBL', 'ICAHT', 'ICEC', 'ICEG', 'ICETK', 'ICETMP', 'ICMR', 'LAND', 'LCDC', 'LFTX', 'LHTFL', 'MCDC', 'MSLET', 'O3MR', 'PEVPR', 'PLPL', 'POT', 'PRATE', 'PRES', 'PRMSL', 'PWAT', 'REFC', 'REFD', 'RH', 'RWMR', 'SFCR', 'SHTFL', 'SNMR', 'SNOD', 'SOILL', 'SOILW', 'SOTYP', 'SPFH', 'SUNSD', 'TCDC', 'TMAX', 'TMIN', 'TMP', 'TOZNE', 'TSOIL', 'U-GWD', 'UFLX', 'UGRD', 'ULWRF', 'USTM', 'USWRF', 'V-GWD', 'VEG', 'VFLX', 'VGRD', 'VIS', 'VRATE', 'VSTM', 'VVEL', 'VWSH', 'WATR', 'WEASD', 'WILT']",731.0,ok,3.042972599971108,2026-07-05T15:39:36Z,
gfs,2026-07-05,12,33,https://nomads.ncep.noaa.gov/pub/data/nccf/com/gfs/prod/gfs.20260705/12/atmos/gfs.t12z.pgrb2.0p25.f033.idx,743.0,89.0,"['4LFTX', 'ABSV', 'ACPCP', 'ALBDO', 'APCP', 'APTMP', 'CAPE', 'CFRZR', 'CICEP', 'CIN', 'CLWMR', 'CNWAT', 'CPOFP', 'CPRAT', 'CRAIN', 'CSNOW', 'CWAT', 'CWORK', 'DLWRF', 'DPT', 'DSWRF', 'DZDT', 'FLDCP', 'FRICV', 'GFLUX', 'GRLE', 'GUST', 'HCDC', 'HGT', 'HINDEX', 'HLCY', 'HPBL', 'ICAHT', 'ICEC', 'ICEG', 'ICETK', 'ICETMP', 'ICMR', 'LAND', 'LCDC', 'LFTX', 'LHTFL', 'MCDC', 'MSLET', 'O3MR', 'PEVPR', 'PLPL', 'POT', 'PRATE', 'PRES', 'PRMSL', 'PWAT', 'REFC', 'REFD', 'RH', 'RWMR', 'SFCR', 'SHTFL', 'SNMR', 'SNOD', 'SOILL', 'SOILW', 'SOTYP', 'SPFH', 'SUNSD', 'TCDC', 'TMAX', 'TMIN', 'TMP', 'TOZNE', 'TSOIL', 'U-GWD', 'UFLX', 'UGRD', 'ULWRF', 'USTM', 'USWRF', 'V-GWD', 'VEG', 'VFLX', 'VGRD', 'VIS', 'VRATE', 'VSTM', 'VVEL', 'VWSH', 'WATR', 'WEASD', 'WILT']",731.0,ok,2.919956199999433,2026-07-05T15:41:27Z,
gfs,2026-07-05,12,27,https://nomads.ncep.noaa.gov/pub/data/nccf/com/gfs/prod/gfs.20260705/12/atmos/gfs.t12z.pgrb2.0p25.f027.idx,743.0,89.0,"['4LFTX', 'ABSV', 'ACPCP', 'ALBDO', 'APCP', 'APTMP', 'CAPE', 'CFRZR', 'CICEP', 'CIN', 'CLWMR', 'CNWAT', 'CPOFP', 'CPRAT', 'CRAIN', 'CSNOW', 'CWAT', 'CWORK', 'DLWRF', 'DPT', 'DSWRF', 'DZDT', 'FLDCP', 'FRICV', 'GFLUX', 'GRLE', 'GUST', 'HCDC', 'HGT', 'HINDEX', 'HLCY', 'HPBL', 'ICAHT', 'ICEC', 'ICEG', 'ICETK', 'ICETMP', 'ICMR', 'LAND', 'LCDC', 'LFTX', 'LHTFL', 'MCDC', 'MSLET', 'O3MR', 'PEVPR', 'PLPL', 'POT', 'PRATE', 'PRES', 'PRMSL', 'PWAT', 'REFC', 'REFD', 'RH', 'RWMR', 'SFCR', 'SHTFL', 'SNMR', 'SNOD', 'SOILL', 'SOILW', 'SOTYP', 'SPFH', 'SUNSD', 'TCDC', 'TMAX', 'TMIN', 'TMP', 'TOZNE', 'TSOIL', 'U-GWD', 'UFLX', 'UGRD', 'ULWRF', 'USTM', 'USWRF', 'V-GWD', 'VEG', 'VFLX', 'VGRD', 'VIS', 'VRATE', 'VSTM', 'VVEL', 'VWSH', 'WATR', 'WEASD', 'WILT']",731.0,ok,3.126376200001687,2026-07-05T15:40:07Z,
gfs,2026-07-05,12,3,https://nomads.ncep.noaa.gov/pub/data/nccf/com/gfs/prod/gfs.20260705/12/atmos/gfs.t12z.pgrb2.0p25.f003.idx,743.0,89.0,"['4LFTX', 'ABSV', 'ACPCP', 'ALBDO', 'APCP', 'APTMP', 'CAPE', 'CFRZR', 'CICEP', 'CIN', 'CLWMR', 'CNWAT', 'CPOFP', 'CPRAT', 'CRAIN', 'CSNOW', 'CWAT', 'CWORK', 'DLWRF', 'DPT', 'DSWRF', 'DZDT', 'FLDCP', 'FRICV', 'GFLUX', 'GRLE', 'GUST', 'HCDC', 'HGT', 'HINDEX', 'HLCY', 'HPBL', 'ICAHT', 'ICEC', 'ICEG', 'ICETK', 'ICETMP', 'ICMR', 'LAND', 'LCDC', 'LFTX', 'LHTFL', 'MCDC', 'MSLET', 'O3MR', 'PEVPR', 'PLPL', 'POT', 'PRATE', 'PRES', 'PRMSL', 'PWAT', 'REFC', 'REFD', 'RH', 'RWMR', 'SFCR', 'SHTFL', 'SNMR', 'SNOD', 'SOILL', 'SOILW', 'SOTYP', 'SPFH', 'SUNSD', 'TCDC', 'TMAX', 'TMIN', 'TMP', 'TOZNE', 'TSOIL', 'U-GWD', 'UFLX', 'UGRD', 'ULWRF', 'USTM', 'USWRF', 'V-GWD', 'VEG', 'VFLX', 'VGRD', 'VIS', 'VRATE', 'VSTM', 'VVEL', 'VWSH', 'WATR', 'WEASD', 'WILT']",731.0,ok,4.240894100046717,2026-07-05T15:33:31Z,
gfs,2026-07-05,18,9,https://nomads.ncep.noaa.gov/pub/data/nccf/com/gfs/prod/gfs.20260705/18/atmos/gfs.t18z.pgrb2.0p25.f009.idx,743.0,89.0,"['4LFTX', 'ABSV', 'ACPCP', 'ALBDO', 'APCP', 'APTMP', 'CAPE', 'CFRZR', 'CICEP', 'CIN', 'CLWMR', 'CNWAT', 'CPOFP', 'CPRAT', 'CRAIN', 'CSNOW', 'CWAT', 'CWORK', 'DLWRF', 'DPT', 'DSWRF', 'DZDT', 'FLDCP', 'FRICV', 'GFLUX', 'GRLE', 'GUST', 'HCDC', 'HGT', 'HINDEX', 'HLCY', 'HPBL', 'ICAHT', 'ICEC', 'ICEG', 'ICETK', 'ICETMP', 'ICMR', 'LAND', 'LCDC', 'LFTX', 'LHTFL', 'MCDC', 'MSLET', 'O3MR', 'PEVPR', 'PLPL', 'POT', 'PRATE', 'PRES', 'PRMSL', 'PWAT', 'REFC', 'REFD', 'RH', 'RWMR', 'SFCR', 'SHTFL', 'SNMR', 'SNOD', 'SOILL', 'SOILW', 'SOTYP', 'SPFH', 'SUNSD', 'TCDC', 'TMAX', 'TMIN', 'TMP', 'TOZNE', 'TSOIL', 'U-GWD', 'UFLX', 'UGRD', 'ULWRF', 'USTM', 'USWRF', 'V-GWD', 'VEG', 'VFLX', 'VGRD', 'VIS', 'VRATE', 'VSTM', 'VVEL', 'VWSH', 'WATR', 'WEASD', 'WILT']",731.0,ok,2.3216881999978796,2026-07-05T21:38:13Z,
gfs,2026-07-05,18,12,https://nomads.ncep.noaa.gov/pub/data/nccf/com/gfs/prod/gfs.20260705/18/atmos/gfs.t18z.pgrb2.0p25.f012.idx,743.0,89.0,"['4LFTX', 'ABSV', 'ACPCP', 'ALBDO', 'APCP', 'APTMP', 'CAPE', 'CFRZR', 'CICEP', 'CIN', 'CLWMR', 'CNWAT', 'CPOFP', 'CPRAT', 'CRAIN', 'CSNOW', 'CWAT', 'CWORK', 'DLWRF', 'DPT', 'DSWRF', 'DZDT', 'FLDCP', 'FRICV', 'GFLUX', 'GRLE', 'GUST', 'HCDC', 'HGT', 'HINDEX', 'HLCY', 'HPBL', 'ICAHT', 'ICEC', 'ICEG', 'ICETK', 'ICETMP', 'ICMR', 'LAND', 'LCDC', 'LFTX', 'LHTFL', 'MCDC', 'MSLET', 'O3MR', 'PEVPR', 'PLPL', 'POT', 'PRATE', 'PRES', 'PRMSL', 'PWAT', 'REFC', 'REFD', 'RH', 'RWMR', 'SFCR', 'SHTFL', 'SNMR', 'SNOD', 'SOILL', 'SOILW', 'SOTYP', 'SPFH', 'SUNSD', 'TCDC', 'TMAX', 'TMIN', 'TMP', 'TOZNE', 'TSOIL', 'U-GWD', 'UFLX', 'UGRD', 'ULWRF', 'USTM', 'USWRF', 'V-GWD', 'VEG', 'VFLX', 'VGRD', 'VIS', 'VRATE', 'VSTM', 'VVEL', 'VWSH', 'WATR', 'WEASD', 'WILT']",731.0,ok,2.360921099956613,2026-07-05T21:38:53Z,
gfs,2026-07-05,18,15,https://nomads.ncep.noaa.gov/pub/data/nccf/com/gfs/prod/gfs.20260705/18/atmos/gfs.t18z.pgrb2.0p25.f015.idx,743.0,89.0,"['4LFTX', 'ABSV', 'ACPCP', 'ALBDO', 'APCP', 'APTMP', 'CAPE', 'CFRZR', 'CICEP', 'CIN', 'CLWMR', 'CNWAT', 'CPOFP', 'CPRAT', 'CRAIN', 'CSNOW', 'CWAT', 'CWORK', 'DLWRF', 'DPT', 'DSWRF', 'DZDT', 'FLDCP', 'FRICV', 'GFLUX', 'GRLE', 'GUST', 'HCDC', 'HGT', 'HINDEX', 'HLCY', 'HPBL', 'ICAHT', 'ICEC', 'ICEG', 'ICETK', 'ICETMP', 'ICMR', 'LAND', 'LCDC', 'LFTX', 'LHTFL', 'MCDC', 'MSLET', 'O3MR', 'PEVPR', 'PLPL', 'POT', 'PRATE', 'PRES', 'PRMSL', 'PWAT', 'REFC', 'REFD', 'RH', 'RWMR', 'SFCR', 'SHTFL', 'SNMR', 'SNOD', 'SOILL', 'SOILW', 'SOTYP', 'SPFH', 'SUNSD', 'TCDC', 'TMAX', 'TMIN', 'TMP', 'TOZNE', 'TSOIL', 'U-GWD', 'UFLX', 'UGRD', 'ULWRF', 'USTM', 'USWRF', 'V-GWD', 'VEG', 'VFLX', 'VGRD', 'VIS', 'VRATE', 'VSTM', 'VVEL', 'VWSH', 'WATR', 'WEASD', 'WILT']",731.0,ok,2.191988999955356,2026-07-05T21:39:48Z,
gfs,2026-07-05,12,42,https://nomads.ncep.noaa.gov/pub/data/nccf/com/gfs/prod/gfs.20260705/12/atmos/gfs.t12z.pgrb2.0p25.f042.idx,743.0,89.0,"['4LFTX', 'ABSV', 'ACPCP', 'ALBDO', 'APCP', 'APTMP', 'CAPE', 'CFRZR', 'CICEP', 'CIN', 'CLWMR', 'CNWAT', 'CPOFP', 'CPRAT', 'CRAIN', 'CSNOW', 'CWAT', 'CWORK', 'DLWRF', 'DPT', 'DSWRF', 'DZDT', 'FLDCP', 'FRICV', 'GFLUX', 'GRLE', 'GUST', 'HCDC', 'HGT', 'HINDEX', 'HLCY', 'HPBL', 'ICAHT', 'ICEC', 'ICEG', 'ICETK', 'ICETMP', 'ICMR', 'LAND', 'LCDC', 'LFTX', 'LHTFL', 'MCDC', 'MSLET', 'O3MR', 'PEVPR', 'PLPL', 'POT', 'PRATE', 'PRES', 'PRMSL', 'PWAT', 'REFC', 'REFD', 'RH', 'RWMR', 'SFCR', 'SHTFL', 'SNMR', 'SNOD', 'SOILL', 'SOILW', 'SOTYP', 'SPFH', 'SUNSD', 'TCDC', 'TMAX', 'TMIN', 'TMP', 'TOZNE', 'TSOIL', 'U-GWD', 'UFLX', 'UGRD', 'ULWRF', 'USTM', 'USWRF', 'V-GWD', 'VEG', 'VFLX', 'VGRD', 'VIS', 'VRATE', 'VSTM', 'VVEL', 'VWSH', 'WATR', 'WEASD', 'WILT']",731.0,ok,3.8246975999791175,2026-07-05T15:44:14Z,
gfs,2026-07-05,18,30,https://nomads.ncep.noaa.gov/pub/data/nccf/com/gfs/prod/gfs.20260705/18/atmos/gfs.t18z.pgrb2.0p25.f030.idx,743.0,89.0,"['4LFTX', 'ABSV', 'ACPCP', 'ALBDO', 'APCP', 'APTMP', 'CAPE', 'CFRZR', 'CICEP', 'CIN', 'CLWMR', 'CNWAT', 'CPOFP', 'CPRAT', 'CRAIN', 'CSNOW', 'CWAT', 'CWORK', 'DLWRF', 'DPT', 'DSWRF', 'DZDT', 'FLDCP', 'FRICV', 'GFLUX', 'GRLE', 'GUST', 'HCDC', 'HGT', 'HINDEX', 'HLCY', 'HPBL', 'ICAHT', 'ICEC', 'ICEG', 'ICETK', 'ICETMP', 'ICMR', 'LAND', 'LCDC', 'LFTX', 'LHTFL', 'MCDC', 'MSLET', 'O3MR', 'PEVPR', 'PLPL', 'POT', 'PRATE', 'PRES', 'PRMSL', 'PWAT', 'REFC', 'REFD', 'RH', 'RWMR', 'SFCR', 'SHTFL', 'SNMR', 'SNOD', 'SOILL', 'SOILW', 'SOTYP', 'SPFH', 'SUNSD', 'TCDC', 'TMAX', 'TMIN', 'TMP', 'TOZNE', 'TSOIL', 'U-GWD', 'UFLX', 'UGRD', 'ULWRF', 'USTM', 'USWRF', 'V-GWD', 'VEG', 'VFLX', 'VGRD', 'VIS', 'VRATE', 'VSTM', 'VVEL', 'VWSH', 'WATR', 'WEASD', 'WILT']",731.0,ok,2.2270830999477766,2026-07-05T21:43:39Z,
gfs,2026-07-05,12,45,https://nomads.ncep.noaa.gov/pub/data/nccf/com/gfs/prod/gfs.20260705/12/atmos/gfs.t12z.pgrb2.0p25.f045.idx,743.0,89.0,"['4LFTX', 'ABSV', 'ACPCP', 'ALBDO', 'APCP', 'APTMP', 'CAPE', 'CFRZR', 'CICEP', 'CIN', 'CLWMR', 'CNWAT', 'CPOFP', 'CPRAT', 'CRAIN', 'CSNOW', 'CWAT', 'CWORK', 'DLWRF', 'DPT', 'DSWRF', 'DZDT', 'FLDCP', 'FRICV', 'GFLUX', 'GRLE', 'GUST', 'HCDC', 'HGT', 'HINDEX', 'HLCY', 'HPBL', 'ICAHT', 'ICEC', 'ICEG', 'ICETK', 'ICETMP', 'ICMR', 'LAND', 'LCDC', 'LFTX', 'LHTFL', 'MCDC', 'MSLET', 'O3MR', 'PEVPR', 'PLPL', 'POT', 'PRATE', 'PRES', 'PRMSL', 'PWAT', 'REFC', 'REFD', 'RH', 'RWMR', 'SFCR', 'SHTFL', 'SNMR', 'SNOD', 'SOILL', 'SOILW', 'SOTYP', 'SPFH', 'SUNSD', 'TCDC', 'TMAX', 'TMIN', 'TMP', 'TOZNE', 'TSOIL', 'U-GWD', 'UFLX', 'UGRD', 'ULWRF', 'USTM', 'USWRF', 'V-GWD', 'VEG', 'VFLX', 'VGRD', 'VIS', 'VRATE', 'VSTM', 'VVEL', 'VWSH', 'WATR', 'WEASD', 'WILT']",731.0,ok,3.473171600024216,2026-07-05T15:44:45Z,
gfs,2026-07-05,12,39,https://nomads.ncep.noaa.gov/pub/data/nccf/com/gfs/prod/gfs.20260705/12/atmos/gfs.t12z.pgrb2.0p25.f039.idx,743.0,89.0,"['4LFTX', 'ABSV', 'ACPCP', 'ALBDO', 'APCP', 'APTMP', 'CAPE', 'CFRZR', 'CICEP', 'CIN', 'CLWMR', 'CNWAT', 'CPOFP', 'CPRAT', 'CRAIN', 'CSNOW', 'CWAT', 'CWORK', 'DLWRF', 'DPT', 'DSWRF', 'DZDT', 'FLDCP', 'FRICV', 'GFLUX', 'GRLE', 'GUST', 'HCDC', 'HGT', 'HINDEX', 'HLCY', 'HPBL', 'ICAHT', 'ICEC', 'ICEG', 'ICETK', 'ICETMP', 'ICMR', 'LAND', 'LCDC', 'LFTX', 'LHTFL', 'MCDC', 'MSLET', 'O3MR', 'PEVPR', 'PLPL', 'POT', 'PRATE', 'PRES', 'PRMSL', 'PWAT', 'REFC', 'REFD', 'RH', 'RWMR', 'SFCR', 'SHTFL', 'SNMR', 'SNOD', 'SOILL', 'SOILW', 'SOTYP', 'SPFH', 'SUNSD', 'TCDC', 'TMAX', 'TMIN', 'TMP', 'TOZNE', 'TSOIL', 'U-GWD', 'UFLX', 'UGRD', 'ULWRF', 'USTM', 'USWRF', 'V-GWD', 'VEG', 'VFLX', 'VGRD', 'VIS', 'VRATE', 'VSTM', 'VVEL', 'VWSH', 'WATR', 'WEASD', 'WILT']",731.0,ok,4.423414800025057,2026-07-05T15:43:08Z,
gfs,2026-07-05,18,0,https://nomads.ncep.noaa.gov/pub/data/nccf/com/gfs/prod/gfs.20260705/18/atmos/gfs.t18z.pgrb2.0p25.f000.idx,696.0,69.0,"['4LFTX', 'ABSV', 'APTMP', 'CAPE', 'CFRZR', 'CICEP', 'CIN', 'CLWMR', 'CNWAT', 'CPOFP', 'CRAIN', 'CSNOW', 'CWAT', 'DPT', 'DZDT', 'FLDCP', 'FRICV', 'GRLE', 'GUST', 'HCDC', 'HGT', 'HINDEX', 'HLCY', 'HPBL', 'ICAHT', 'ICEC', 'ICEG', 'ICETK', 'ICETMP', 'ICMR', 'LAND', 'LCDC', 'LFTX', 'MCDC', 'MSLET', 'O3MR', 'PLPL', 'POT', 'PRATE', 'PRES', 'PRMSL', 'PWAT', 'REFC', 'REFD', 'RH', 'RWMR', 'SFCR', 'SNMR', 'SNOD', 'SOILL', 'SOILW', 'SOTYP', 'SPFH', 'SUNSD', 'TCDC', 'TMP', 'TOZNE', 'TSOIL', 'UGRD', 'USTM', 'VEG', 'VGRD', 'VIS', 'VRATE', 'VSTM', 'VVEL', 'VWSH', 'WEASD', 'WILT']",696.0,ok,3.2538500999799,2026-07-05T21:35:22Z,
gfs,2026-07-05,18,3,https://nomads.ncep.noaa.gov/pub/data/nccf/com/gfs/prod/gfs.20260705/18/atmos/gfs.t18z.pgrb2.0p25.f003.idx,743.0,89.0,"['4LFTX', 'ABSV', 'ACPCP', 'ALBDO', 'APCP', 'APTMP', 'CAPE', 'CFRZR', 'CICEP', 'CIN', 'CLWMR', 'CNWAT', 'CPOFP', 'CPRAT', 'CRAIN', 'CSNOW', 'CWAT', 'CWORK', 'DLWRF', 'DPT', 'DSWRF', 'DZDT', 'FLDCP', 'FRICV', 'GFLUX', 'GRLE', 'GUST', 'HCDC', 'HGT', 'HINDEX', 'HLCY', 'HPBL', 'ICAHT', 'ICEC', 'ICEG', 'ICETK', 'ICETMP', 'ICMR', 'LAND', 'LCDC', 'LFTX', 'LHTFL', 'MCDC', 'MSLET', 'O3MR', 'PEVPR', 'PLPL', 'POT', 'PRATE', 'PRES', 'PRMSL', 'PWAT', 'REFC', 'REFD', 'RH', 'RWMR', 'SFCR', 'SHTFL', 'SNMR', 'SNOD', 'SOILL', 'SOILW', 'SOTYP', 'SPFH', 'SUNSD', 'TCDC', 'TMAX', 'TMIN', 'TMP', 'TOZNE', 'TSOIL', 'U-GWD', 'UFLX', 'UGRD', 'ULWRF', 'USTM', 'USWRF', 'V-GWD', 'VEG', 'VFLX', 'VGRD', 'VIS', 'VRATE', 'VSTM', 'VVEL', 'VWSH', 'WATR', 'WEASD', 'WILT']",731.0,ok,3.3256447999738157,2026-07-05T21:36:32Z,
gfs,2026-07-05,18,6,https://nomads.ncep.noaa.gov/pub/data/nccf/com/gfs/prod/gfs.20260705/18/atmos/gfs.t18z.pgrb2.0p25.f006.idx,743.0,89.0,"['4LFTX', 'ABSV', 'ACPCP', 'ALBDO', 'APCP', 'APTMP', 'CAPE', 'CFRZR', 'CICEP', 'CIN', 'CLWMR', 'CNWAT', 'CPOFP', 'CPRAT', 'CRAIN', 'CSNOW', 'CWAT', 'CWORK', 'DLWRF', 'DPT', 'DSWRF', 'DZDT', 'FLDCP', 'FRICV', 'GFLUX', 'GRLE', 'GUST', 'HCDC', 'HGT', 'HINDEX', 'HLCY', 'HPBL', 'ICAHT', 'ICEC', 'ICEG', 'ICETK', 'ICETMP', 'ICMR', 'LAND', 'LCDC', 'LFTX', 'LHTFL', 'MCDC', 'MSLET', 'O3MR', 'PEVPR', 'PLPL', 'POT', 'PRATE', 'PRES', 'PRMSL', 'PWAT', 'REFC', 'REFD', 'RH', 'RWMR', 'SFCR', 'SHTFL', 'SNMR', 'SNOD', 'SOILL', 'SOILW', 'SOTYP', 'SPFH', 'SUNSD', 'TCDC', 'TMAX', 'TMIN', 'TMP', 'TOZNE', 'TSOIL', 'U-GWD', 'UFLX', 'UGRD', 'ULWRF', 'USTM', 'USWRF', 'V-GWD', 'VEG', 'VFLX', 'VGRD', 'VIS', 'VRATE', 'VSTM', 'VVEL', 'VWSH', 'WATR', 'WEASD', 'WILT']",731.0,ok,3.3194444000255316,2026-07-05T21:37:36Z,
gfs,2026-07-05,18,18,https://nomads.ncep.noaa.gov/pub/data/nccf/com/gfs/prod/gfs.20260705/18/atmos/gfs.t18z.pgrb2.0p25.f018.idx,743.0,89.0,"['4LFTX', 'ABSV', 'ACPCP', 'ALBDO', 'APCP', 'APTMP', 'CAPE', 'CFRZR', 'CICEP', 'CIN', 'CLWMR', 'CNWAT', 'CPOFP', 'CPRAT', 'CRAIN', 'CSNOW', 'CWAT', 'CWORK', 'DLWRF', 'DPT', 'DSWRF', 'DZDT', 'FLDCP', 'FRICV', 'GFLUX', 'GRLE', 'GUST', 'HCDC', 'HGT', 'HINDEX', 'HLCY', 'HPBL', 'ICAHT', 'ICEC', 'ICEG', 'ICETK', 'ICETMP', 'ICMR', 'LAND', 'LCDC', 'LFTX', 'LHTFL', 'MCDC', 'MSLET', 'O3MR', 'PEVPR', 'PLPL', 'POT', 'PRATE', 'PRES', 'PRMSL', 'PWAT', 'REFC', 'REFD', 'RH', 'RWMR', 'SFCR', 'SHTFL', 'SNMR', 'SNOD', 'SOILL', 'SOILW', 'SOTYP', 'SPFH', 'SUNSD', 'TCDC', 'TMAX', 'TMIN', 'TMP', 'TOZNE', 'TSOIL', 'U-GWD', 'UFLX', 'UGRD', 'ULWRF', 'USTM', 'USWRF', 'V-GWD', 'VEG', 'VFLX', 'VGRD', 'VIS', 'VRATE', 'VSTM', 'VVEL', 'VWSH', 'WATR', 'WEASD', 'WILT']",731.0,ok,3.3103606999502517,2026-07-05T21:40:21Z,
gfs,2026-07-05,18,24,https://nomads.ncep.noaa.gov/pub/data/nccf/com/gfs/prod/gfs.20260705/18/atmos/gfs.t18z.pgrb2.0p25.f024.idx,743.0,89.0,"['4LFTX', 'ABSV', 'ACPCP', 'ALBDO', 'APCP', 'APTMP', 'CAPE', 'CFRZR', 'CICEP', 'CIN', 'CLWMR', 'CNWAT', 'CPOFP', 'CPRAT', 'CRAIN', 'CSNOW', 'CWAT', 'CWORK', 'DLWRF', 'DPT', 'DSWRF', 'DZDT', 'FLDCP', 'FRICV', 'GFLUX', 'GRLE', 'GUST', 'HCDC', 'HGT', 'HINDEX', 'HLCY', 'HPBL', 'ICAHT', 'ICEC', 'ICEG', 'ICETK', 'ICETMP', 'ICMR', 'LAND', 'LCDC', 'LFTX', 'LHTFL', 'MCDC', 'MSLET', 'O3MR', 'PEVPR', 'PLPL', 'POT', 'PRATE', 'PRES', 'PRMSL', 'PWAT', 'REFC', 'REFD', 'RH', 'RWMR', 'SFCR', 'SHTFL', 'SNMR', 'SNOD', 'SOILL', 'SOILW', 'SOTYP', 'SPFH', 'SUNSD', 'TCDC', 'TMAX', 'TMIN', 'TMP', 'TOZNE', 'TSOIL', 'U-GWD', 'UFLX', 'UGRD', 'ULWRF', 'USTM', 'USWRF', 'V-GWD', 'VEG', 'VFLX', 'VGRD', 'VIS', 'VRATE', 'VSTM', 'VVEL', 'VWSH', 'WATR', 'WEASD', 'WILT']",731.0,ok,3.2260794999892823,2026-07-05T21:42:05Z,
gfs,2026-07-05,18,21,https://nomads.ncep.noaa.gov/pub/data/nccf/com/gfs/prod/gfs.20260705/18/atmos/gfs.t18z.pgrb2.0p25.f021.idx,743.0,89.0,"['4LFTX', 'ABSV', 'ACPCP', 'ALBDO', 'APCP', 'APTMP', 'CAPE', 'CFRZR', 'CICEP', 'CIN', 'CLWMR', 'CNWAT', 'CPOFP', 'CPRAT', 'CRAIN', 'CSNOW', 'CWAT', 'CWORK', 'DLWRF', 'DPT', 'DSWRF', 'DZDT', 'FLDCP', 'FRICV', 'GFLUX', 'GRLE', 'GUST', 'HCDC', 'HGT', 'HINDEX', 'HLCY', 'HPBL', 'ICAHT', 'ICEC', 'ICEG', 'ICETK', 'ICETMP', 'ICMR', 'LAND', 'LCDC', 'LFTX', 'LHTFL', 'MCDC', 'MSLET', 'O3MR', 'PEVPR', 'PLPL', 'POT', 'PRATE', 'PRES', 'PRMSL', 'PWAT', 'REFC', 'REFD', 'RH', 'RWMR', 'SFCR', 'SHTFL', 'SNMR', 'SNOD', 'SOILL', 'SOILW', 'SOTYP', 'SPFH', 'SUNSD', 'TCDC', 'TMAX', 'TMIN', 'TMP', 'TOZNE', 'TSOIL', 'U-GWD', 'UFLX', 'UGRD', 'ULWRF', 'USTM', 'USWRF', 'V-GWD', 'VEG', 'VFLX', 'VGRD', 'VIS', 'VRATE', 'VSTM', 'VVEL', 'VWSH', 'WATR', 'WEASD', 'WILT']",731.0,ok,3.48581689997809,2026-07-05T21:41:01Z,
gfs,2026-07-05,12,48,https://nomads.ncep.noaa.gov/pub/data/nccf/com/gfs/prod/gfs.20260705/12/atmos/gfs.t12z.pgrb2.0p25.f048.idx,743.0,89.0,"['4LFTX', 'ABSV', 'ACPCP', 'ALBDO', 'APCP', 'APTMP', 'CAPE', 'CFRZR', 'CICEP', 'CIN', 'CLWMR', 'CNWAT', 'CPOFP', 'CPRAT', 'CRAIN', 'CSNOW', 'CWAT', 'CWORK', 'DLWRF', 'DPT', 'DSWRF', 'DZDT', 'FLDCP', 'FRICV', 'GFLUX', 'GRLE', 'GUST', 'HCDC', 'HGT', 'HINDEX', 'HLCY', 'HPBL', 'ICAHT', 'ICEC', 'ICEG', 'ICETK', 'ICETMP', 'ICMR', 'LAND', 'LCDC', 'LFTX', 'LHTFL', 'MCDC', 'MSLET', 'O3MR', 'PEVPR', 'PLPL', 'POT', 'PRATE', 'PRES', 'PRMSL', 'PWAT', 'REFC', 'REFD', 'RH', 'RWMR', 'SFCR', 'SHTFL', 'SNMR', 'SNOD', 'SOILL', 'SOILW', 'SOTYP', 'SPFH', 'SUNSD', 'TCDC', 'TMAX', 'TMIN', 'TMP', 'TOZNE', 'TSOIL', 'U-GWD', 'UFLX', 'UGRD', 'ULWRF', 'USTM', 'USWRF', 'V-GWD', 'VEG', 'VFLX', 'VGRD', 'VIS', 'VRATE', 'VSTM', 'VVEL', 'VWSH', 'WATR', 'WEASD', 'WILT']",731.0,ok,4.304641700000502,2026-07-05T15:45:36Z,
gfs,2026-07-05,18,27,https://nomads.ncep.noaa.gov/pub/data/nccf/com/gfs/prod/gfs.20260705/18/atmos/gfs.t18z.pgrb2.0p25.f027.idx,743.0,89.0,"['4LFTX', 'ABSV', 'ACPCP', 'ALBDO', 'APCP', 'APTMP', 'CAPE', 'CFRZR', 'CICEP', 'CIN', 'CLWMR', 'CNWAT', 'CPOFP', 'CPRAT', 'CRAIN', 'CSNOW', 'CWAT', 'CWORK', 'DLWRF', 'DPT', 'DSWRF', 'DZDT', 'FLDCP', 'FRICV', 'GFLUX', 'GRLE', 'GUST', 'HCDC', 'HGT', 'HINDEX', 'HLCY', 'HPBL', 'ICAHT', 'ICEC', 'ICEG', 'ICETK', 'ICETMP', 'ICMR', 'LAND', 'LCDC', 'LFTX', 'LHTFL', 'MCDC', 'MSLET', 'O3MR', 'PEVPR', 'PLPL', 'POT', 'PRATE', 'PRES', 'PRMSL', 'PWAT', 'REFC', 'REFD', 'RH', 'RWMR', 'SFCR', 'SHTFL', 'SNMR', 'SNOD', 'SOILL', 'SOILW', 'SOTYP', 'SPFH', 'SUNSD', 'TCDC', 'TMAX', 'TMIN', 'TMP', 'TOZNE', 'TSOIL', 'U-GWD', 'UFLX', 'UGRD', 'ULWRF', 'USTM', 'USWRF', 'V-GWD', 'VEG', 'VFLX', 'VGRD', 'VIS', 'VRATE', 'VSTM', 'VVEL', 'VWSH', 'WATR', 'WEASD', 'WILT']",731.0,ok,3.256669999973383,2026-07-05T21:43:21Z,
gfs,2026-07-05,18,36,https://nomads.ncep.noaa.gov/pub/data/nccf/com/gfs/prod/gfs.20260705/18/atmos/gfs.t18z.pgrb2.0p25.f036.idx,743.0,89.0,"['4LFTX', 'ABSV', 'ACPCP', 'ALBDO', 'APCP', 'APTMP', 'CAPE', 'CFRZR', 'CICEP', 'CIN', 'CLWMR', 'CNWAT', 'CPOFP', 'CPRAT', 'CRAIN', 'CSNOW', 'CWAT', 'CWORK', 'DLWRF', 'DPT', 'DSWRF', 'DZDT', 'FLDCP', 'FRICV', 'GFLUX', 'GRLE', 'GUST', 'HCDC', 'HGT', 'HINDEX', 'HLCY', 'HPBL', 'ICAHT', 'ICEC', 'ICEG', 'ICETK', 'ICETMP', 'ICMR', 'LAND', 'LCDC', 'LFTX', 'LHTFL', 'MCDC', 'MSLET', 'O3MR', 'PEVPR', 'PLPL', 'POT', 'PRATE', 'PRES', 'PRMSL', 'PWAT', 'REFC', 'REFD', 'RH', 'RWMR', 'SFCR', 'SHTFL', 'SNMR', 'SNOD', 'SOILL', 'SOILW', 'SOTYP', 'SPFH', 'SUNSD', 'TCDC', 'TMAX', 'TMIN', 'TMP', 'TOZNE', 'TSOIL', 'U-GWD', 'UFLX', 'UGRD', 'ULWRF', 'USTM', 'USWRF', 'V-GWD', 'VEG', 'VFLX', 'VGRD', 'VIS', 'VRATE', 'VSTM', 'VVEL', 'VWSH', 'WATR', 'WEASD', 'WILT']",731.0,ok,3.059833300008904,2026-07-05T21:45:10Z,
gfs,2026-07-05,18,39,https://nomads.ncep.noaa.gov/pub/data/nccf/com/gfs/prod/gfs.20260705/18/atmos/gfs.t18z.pgrb2.0p25.f039.idx,743.0,89.0,"['4LFTX', 'ABSV', 'ACPCP', 'ALBDO', 'APCP', 'APTMP', 'CAPE', 'CFRZR', 'CICEP', 'CIN', 'CLWMR', 'CNWAT', 'CPOFP', 'CPRAT', 'CRAIN', 'CSNOW', 'CWAT', 'CWORK', 'DLWRF', 'DPT', 'DSWRF', 'DZDT', 'FLDCP', 'FRICV', 'GFLUX', 'GRLE', 'GUST', 'HCDC', 'HGT', 'HINDEX', 'HLCY', 'HPBL', 'ICAHT', 'ICEC', 'ICEG', 'ICETK', 'ICETMP', 'ICMR', 'LAND', 'LCDC', 'LFTX', 'LHTFL', 'MCDC', 'MSLET', 'O3MR', 'PEVPR', 'PLPL', 'POT', 'PRATE', 'PRES', 'PRMSL', 'PWAT', 'REFC', 'REFD', 'RH', 'RWMR', 'SFCR', 'SHTFL', 'SNMR', 'SNOD', 'SOILL', 'SOILW', 'SOTYP', 'SPFH', 'SUNSD', 'TCDC', 'TMAX', 'TMIN', 'TMP', 'TOZNE', 'TSOIL', 'U-GWD', 'UFLX', 'UGRD', 'ULWRF', 'USTM', 'USWRF', 'V-GWD', 'VEG', 'VFLX', 'VGRD', 'VIS', 'VRATE', 'VSTM', 'VVEL', 'VWSH', 'WATR', 'WEASD', 'WILT']",731.0,ok,2.9912102000089362,2026-07-05T21:45:49Z,
gfs,2026-07-05,18,42,https://nomads.ncep.noaa.gov/pub/data/nccf/com/gfs/prod/gfs.20260705/18/atmos/gfs.t18z.pgrb2.0p25.f042.idx,743.0,89.0,"['4LFTX', 'ABSV', 'ACPCP', 'ALBDO', 'APCP', 'APTMP', 'CAPE', 'CFRZR', 'CICEP', 'CIN', 'CLWMR', 'CNWAT', 'CPOFP', 'CPRAT', 'CRAIN', 'CSNOW', 'CWAT', 'CWORK', 'DLWRF', 'DPT', 'DSWRF', 'DZDT', 'FLDCP', 'FRICV', 'GFLUX', 'GRLE', 'GUST', 'HCDC', 'HGT', 'HINDEX', 'HLCY', 'HPBL', 'ICAHT', 'ICEC', 'ICEG', 'ICETK', 'ICETMP', 'ICMR', 'LAND', 'LCDC', 'LFTX', 'LHTFL', 'MCDC', 'MSLET', 'O3MR', 'PEVPR', 'PLPL', 'POT', 'PRATE', 'PRES', 'PRMSL', 'PWAT', 'REFC', 'REFD', 'RH', 'RWMR', 'SFCR', 'SHTFL', 'SNMR', 'SNOD', 'SOILL', 'SOILW', 'SOTYP', 'SPFH', 'SUNSD', 'TCDC', 'TMAX', 'TMIN', 'TMP', 'TOZNE', 'TSOIL', 'U-GWD', 'UFLX', 'UGRD', 'ULWRF', 'USTM', 'USWRF', 'V-GWD', 'VEG', 'VFLX', 'VGRD', 'VIS', 'VRATE', 'VSTM', 'VVEL', 'VWSH', 'WATR', 'WEASD', 'WILT']",731.0,ok,3.0682452999753878,2026-07-05T21:46:49Z,
gefs_control,2026-07-05,0,0,https://nomads.ncep.noaa.gov/pub/data/nccf/com/gens/prod/gefs.20260705/00/atmos/pgrb2sp25/gec00.t00z.pgrb2s.0p25.f000.idx,26.0,23.0,"['CAPE', 'CIN', 'CPOFP', 'DPT', 'GUST', 'HGT', 'HLCY', 'ICETK', 'MSLET', 'PRES', 'PRMSL', 'PWAT', 'RH', 'SNOD', 'SOILW', 'TMAX', 'TMIN', 'TMP', 'TSOIL', 'UGRD', 'VGRD', 'VIS', 'WEASD']",26.0,ok,2.035609200014733,2026-07-05T03:45:36Z,
gfs,2026-07-05,18,33,https://nomads.ncep.noaa.gov/pub/data/nccf/com/gfs/prod/gfs.20260705/18/atmos/gfs.t18z.pgrb2.0p25.f033.idx,743.0,89.0,"['4LFTX', 'ABSV', 'ACPCP', 'ALBDO', 'APCP', 'APTMP', 'CAPE', 'CFRZR', 'CICEP', 'CIN', 'CLWMR', 'CNWAT', 'CPOFP', 'CPRAT', 'CRAIN', 'CSNOW', 'CWAT', 'CWORK', 'DLWRF', 'DPT', 'DSWRF', 'DZDT', 'FLDCP', 'FRICV', 'GFLUX', 'GRLE', 'GUST', 'HCDC', 'HGT', 'HINDEX', 'HLCY', 'HPBL', 'ICAHT', 'ICEC', 'ICEG', 'ICETK', 'ICETMP', 'ICMR', 'LAND', 'LCDC', 'LFTX', 'LHTFL', 'MCDC', 'MSLET', 'O3MR', 'PEVPR', 'PLPL', 'POT', 'PRATE', 'PRES', 'PRMSL', 'PWAT', 'REFC', 'REFD', 'RH', 'RWMR', 'SFCR', 'SHTFL', 'SNMR', 'SNOD', 'SOILL', 'SOILW', 'SOTYP', 'SPFH', 'SUNSD', 'TCDC', 'TMAX', 'TMIN', 'TMP', 'TOZNE', 'TSOIL', 'U-GWD', 'UFLX', 'UGRD', 'ULWRF', 'USTM', 'USWRF', 'V-GWD', 'VEG', 'VFLX', 'VGRD', 'VIS', 'VRATE', 'VSTM', 'VVEL', 'VWSH', 'WATR', 'WEASD', 'WILT']",731.0,ok,3.6319771999842487,2026-07-05T21:44:24Z,
gefs_control,2026-07-05,0,3,https://nomads.ncep.noaa.gov/pub/data/nccf/com/gens/prod/gefs.20260705/00/atmos/pgrb2sp25/gec00.t00z.pgrb2s.0p25.f003.idx,38.0,35.0,"['APCP', 'CAPE', 'CFRZR', 'CICEP', 'CIN', 'CPOFP', 'CRAIN', 'CSNOW', 'DLWRF', 'DPT', 'DSWRF', 'GUST', 'HGT', 'HLCY', 'ICETK', 'LHTFL', 'MSLET', 'PRES', 'PRMSL', 'PWAT', 'RH', 'SHTFL', 'SNOD', 'SOILW', 'TCDC', 'TMAX', 'TMIN', 'TMP', 'TSOIL', 'UGRD', 'ULWRF', 'USWRF', 'VGRD', 'VIS', 'WEASD']",38.0,ok,2.181976100022439,2026-07-05T03:46:10Z,
gfs,2026-07-05,18,48,https://nomads.ncep.noaa.gov/pub/data/nccf/com/gfs/prod/gfs.20260705/18/atmos/gfs.t18z.pgrb2.0p25.f048.idx,743.0,89.0,"['4LFTX', 'ABSV', 'ACPCP', 'ALBDO', 'APCP', 'APTMP', 'CAPE', 'CFRZR', 'CICEP', 'CIN', 'CLWMR', 'CNWAT', 'CPOFP', 'CPRAT', 'CRAIN', 'CSNOW', 'CWAT', 'CWORK', 'DLWRF', 'DPT', 'DSWRF', 'DZDT', 'FLDCP', 'FRICV', 'GFLUX', 'GRLE', 'GUST', 'HCDC', 'HGT', 'HINDEX', 'HLCY', 'HPBL', 'ICAHT', 'ICEC', 'ICEG', 'ICETK', 'ICETMP', 'ICMR', 'LAND', 'LCDC', 'LFTX', 'LHTFL', 'MCDC', 'MSLET', 'O3MR', 'PEVPR', 'PLPL', 'POT', 'PRATE', 'PRES', 'PRMSL', 'PWAT', 'REFC', 'REFD', 'RH', 'RWMR', 'SFCR', 'SHTFL', 'SNMR', 'SNOD', 'SOILL', 'SOILW', 'SOTYP', 'SPFH', 'SUNSD', 'TCDC', 'TMAX', 'TMIN', 'TMP', 'TOZNE', 'TSOIL', 'U-GWD', 'UFLX', 'UGRD', 'ULWRF', 'USTM', 'USWRF', 'V-GWD', 'VEG', 'VFLX', 'VGRD', 'VIS', 'VRATE', 'VSTM', 'VVEL', 'VWSH', 'WATR', 'WEASD', 'WILT']",731.0,ok,2.435789700015448,2026-07-05T21:48:17Z,
gefs_control,2026-07-05,0,9,https://nomads.ncep.noaa.gov/pub/data/nccf/com/gens/prod/gefs.20260705/00/atmos/pgrb2sp25/gec00.t00z.pgrb2s.0p25.f009.idx,38.0,35.0,"['APCP', 'CAPE', 'CFRZR', 'CICEP', 'CIN', 'CPOFP', 'CRAIN', 'CSNOW', 'DLWRF', 'DPT', 'DSWRF', 'GUST', 'HGT', 'HLCY', 'ICETK', 'LHTFL', 'MSLET', 'PRES', 'PRMSL', 'PWAT', 'RH', 'SHTFL', 'SNOD', 'SOILW', 'TCDC', 'TMAX', 'TMIN', 'TMP', 'TSOIL', 'UGRD', 'ULWRF', 'USWRF', 'VGRD', 'VIS', 'WEASD']",38.0,ok,2.1186483999481425,2026-07-05T03:48:17Z,
gefs_control,2026-07-05,0,21,https://nomads.ncep.noaa.gov/pub/data/nccf/com/gens/prod/gefs.20260705/00/atmos/pgrb2sp25/gec00.t00z.pgrb2s.0p25.f021.idx,38.0,35.0,"['APCP', 'CAPE', 'CFRZR', 'CICEP', 'CIN', 'CPOFP', 'CRAIN', 'CSNOW', 'DLWRF', 'DPT', 'DSWRF', 'GUST', 'HGT', 'HLCY', 'ICETK', 'LHTFL', 'MSLET', 'PRES', 'PRMSL', 'PWAT', 'RH', 'SHTFL', 'SNOD', 'SOILW', 'TCDC', 'TMAX', 'TMIN', 'TMP', 'TSOIL', 'UGRD', 'ULWRF', 'USWRF', 'VGRD', 'VIS', 'WEASD']",38.0,ok,2.336484899977222,2026-07-05T03:52:40Z,
gfs,2026-07-05,18,45,https://nomads.ncep.noaa.gov/pub/data/nccf/com/gfs/prod/gfs.20260705/18/atmos/gfs.t18z.pgrb2.0p25.f045.idx,743.0,89.0,"['4LFTX', 'ABSV', 'ACPCP', 'ALBDO', 'APCP', 'APTMP', 'CAPE', 'CFRZR', 'CICEP', 'CIN', 'CLWMR', 'CNWAT', 'CPOFP', 'CPRAT', 'CRAIN', 'CSNOW', 'CWAT', 'CWORK', 'DLWRF', 'DPT', 'DSWRF', 'DZDT', 'FLDCP', 'FRICV', 'GFLUX', 'GRLE', 'GUST', 'HCDC', 'HGT', 'HINDEX', 'HLCY', 'HPBL', 'ICAHT', 'ICEC', 'ICEG', 'ICETK', 'ICETMP', 'ICMR', 'LAND', 'LCDC', 'LFTX', 'LHTFL', 'MCDC', 'MSLET', 'O3MR', 'PEVPR', 'PLPL', 'POT', 'PRATE', 'PRES', 'PRMSL', 'PWAT', 'REFC', 'REFD', 'RH', 'RWMR', 'SFCR', 'SHTFL', 'SNMR', 'SNOD', 'SOILL', 'SOILW', 'SOTYP', 'SPFH', 'SUNSD', 'TCDC', 'TMAX', 'TMIN', 'TMP', 'TOZNE', 'TSOIL', 'U-GWD', 'UFLX', 'UGRD', 'ULWRF', 'USTM', 'USWRF', 'V-GWD', 'VEG', 'VFLX', 'VGRD', 'VIS', 'VRATE', 'VSTM', 'VVEL', 'VWSH', 'WATR', 'WEASD', 'WILT']",731.0,ok,3.9444455000339076,2026-07-05T21:47:42Z,
gefs_control,2026-07-05,0,30,https://nomads.ncep.noaa.gov/pub/data/nccf/com/gens/prod/gefs.20260705/00/atmos/pgrb2sp25/gec00.t00z.pgrb2s.0p25.f030.idx,38.0,35.0,"['APCP', 'CAPE', 'CFRZR', 'CICEP', 'CIN', 'CPOFP', 'CRAIN', 'CSNOW', 'DLWRF', 'DPT', 'DSWRF', 'GUST', 'HGT', 'HLCY', 'ICETK', 'LHTFL', 'MSLET', 'PRES', 'PRMSL', 'PWAT', 'RH', 'SHTFL', 'SNOD', 'SOILW', 'TCDC', 'TMAX', 'TMIN', 'TMP', 'TSOIL', 'UGRD', 'ULWRF', 'USWRF', 'VGRD', 'VIS', 'WEASD']",38.0,ok,2.2480270999949425,2026-07-05T03:56:04Z,
gefs_control,2026-07-05,0,33,https://nomads.ncep.noaa.gov/pub/data/nccf/com/gens/prod/gefs.20260705/00/atmos/pgrb2sp25/gec00.t00z.pgrb2s.0p25.f033.idx,38.0,35.0,"['APCP', 'CAPE', 'CFRZR', 'CICEP', 'CIN', 'CPOFP', 'CRAIN', 'CSNOW', 'DLWRF', 'DPT', 'DSWRF', 'GUST', 'HGT', 'HLCY', 'ICETK', 'LHTFL', 'MSLET', 'PRES', 'PRMSL', 'PWAT', 'RH', 'SHTFL', 'SNOD', 'SOILW', 'TCDC', 'TMAX', 'TMIN', 'TMP', 'TSOIL', 'UGRD', 'ULWRF', 'USWRF', 'VGRD', 'VIS', 'WEASD']",38.0,ok,2.498713199980557,2026-07-05T03:57:14Z,
gefs_control,2026-07-05,0,6,https://nomads.ncep.noaa.gov/pub/data/nccf/com/gens/prod/gefs.20260705/00/atmos/pgrb2sp25/gec00.t00z.pgrb2s.0p25.f006.idx,38.0,35.0,"['APCP', 'CAPE', 'CFRZR', 'CICEP', 'CIN', 'CPOFP', 'CRAIN', 'CSNOW', 'DLWRF', 'DPT', 'DSWRF', 'GUST', 'HGT', 'HLCY', 'ICETK', 'LHTFL', 'MSLET', 'PRES', 'PRMSL', 'PWAT', 'RH', 'SHTFL', 'SNOD', 'SOILW', 'TCDC', 'TMAX', 'TMIN', 'TMP', 'TSOIL', 'UGRD', 'ULWRF', 'USWRF', 'VGRD', 'VIS', 'WEASD']",38.0,ok,3.655292500043288,2026-07-05T03:47:17Z,
gefs_control,2026-07-05,6,0,https://nomads.ncep.noaa.gov/pub/data/nccf/com/gens/prod/gefs.20260705/06/atmos/pgrb2sp25/gec00.t06z.pgrb2s.0p25.f000.idx,26.0,23.0,"['CAPE', 'CIN', 'CPOFP', 'DPT', 'GUST', 'HGT', 'HLCY', 'ICETK', 'MSLET', 'PRES', 'PRMSL', 'PWAT', 'RH', 'SNOD', 'SOILW', 'TMAX', 'TMIN', 'TMP', 'TSOIL', 'UGRD', 'VGRD', 'VIS', 'WEASD']",26.0,ok,2.1521840000059456,2026-07-05T09:45:49Z,
gefs_control,2026-07-05,0,42,https://nomads.ncep.noaa.gov/pub/data/nccf/com/gens/prod/gefs.20260705/00/atmos/pgrb2sp25/gec00.t00z.pgrb2s.0p25.f042.idx,38.0,35.0,"['APCP', 'CAPE', 'CFRZR', 'CICEP', 'CIN', 'CPOFP', 'CRAIN', 'CSNOW', 'DLWRF', 'DPT', 'DSWRF', 'GUST', 'HGT', 'HLCY', 'ICETK', 'LHTFL', 'MSLET', 'PRES', 'PRMSL', 'PWAT', 'RH', 'SHTFL', 'SNOD', 'SOILW', 'TCDC', 'TMAX', 'TMIN', 'TMP', 'TSOIL', 'UGRD', 'ULWRF', 'USWRF', 'VGRD', 'VIS', 'WEASD']",38.0,ok,2.5207740000332706,2026-07-05T04:00:14Z,
gefs_control,2026-07-05,0,15,https://nomads.ncep.noaa.gov/pub/data/nccf/com/gens/prod/gefs.20260705/00/atmos/pgrb2sp25/gec00.t00z.pgrb2s.0p25.f015.idx,38.0,35.0,"['APCP', 'CAPE', 'CFRZR', 'CICEP', 'CIN', 'CPOFP', 'CRAIN', 'CSNOW', 'DLWRF', 'DPT', 'DSWRF', 'GUST', 'HGT', 'HLCY', 'ICETK', 'LHTFL', 'MSLET', 'PRES', 'PRMSL', 'PWAT', 'RH', 'SHTFL', 'SNOD', 'SOILW', 'TCDC', 'TMAX', 'TMIN', 'TMP', 'TSOIL', 'UGRD', 'ULWRF', 'USWRF', 'VGRD', 'VIS', 'WEASD']",38.0,ok,3.76031330000842,2026-07-05T03:50:31Z,
gefs_control,2026-07-05,0,36,https://nomads.ncep.noaa.gov/pub/data/nccf/com/gens/prod/gefs.20260705/00/atmos/pgrb2sp25/gec00.t00z.pgrb2s.0p25.f036.idx,38.0,35.0,"['APCP', 'CAPE', 'CFRZR', 'CICEP', 'CIN', 'CPOFP', 'CRAIN', 'CSNOW', 'DLWRF', 'DPT', 'DSWRF', 'GUST', 'HGT', 'HLCY', 'ICETK', 'LHTFL', 'MSLET', 'PRES', 'PRMSL', 'PWAT', 'RH', 'SHTFL', 'SNOD', 'SOILW', 'TCDC', 'TMAX', 'TMIN', 'TMP', 'TSOIL', 'UGRD', 'ULWRF', 'USWRF', 'VGRD', 'VIS', 'WEASD']",38.0,ok,2.98878600000171,2026-07-05T03:58:03Z,
gefs_control,2026-07-05,0,12,https://nomads.ncep.noaa.gov/pub/data/nccf/com/gens/prod/gefs.20260705/00/atmos/pgrb2sp25/gec00.t00z.pgrb2s.0p25.f012.idx,38.0,35.0,"['APCP', 'CAPE', 'CFRZR', 'CICEP', 'CIN', 'CPOFP', 'CRAIN', 'CSNOW', 'DLWRF', 'DPT', 'DSWRF', 'GUST', 'HGT', 'HLCY', 'ICETK', 'LHTFL', 'MSLET', 'PRES', 'PRMSL', 'PWAT', 'RH', 'SHTFL', 'SNOD', 'SOILW', 'TCDC', 'TMAX', 'TMIN', 'TMP', 'TSOIL', 'UGRD', 'ULWRF', 'USWRF', 'VGRD', 'VIS', 'WEASD']",38.0,ok,3.927204800012987,2026-07-05T03:49:30Z,
gefs_control,2026-07-05,6,6,https://nomads.ncep.noaa.gov/pub/data/nccf/com/gens/prod/gefs.20260705/06/atmos/pgrb2sp25/gec00.t06z.pgrb2s.0p25.f006.idx,38.0,35.0,"['APCP', 'CAPE', 'CFRZR', 'CICEP', 'CIN', 'CPOFP', 'CRAIN', 'CSNOW', 'DLWRF', 'DPT', 'DSWRF', 'GUST', 'HGT', 'HLCY', 'ICETK', 'LHTFL', 'MSLET', 'PRES', 'PRMSL', 'PWAT', 'RH', 'SHTFL', 'SNOD', 'SOILW', 'TCDC', 'TMAX', 'TMIN', 'TMP', 'TSOIL', 'UGRD', 'ULWRF', 'USWRF', 'VGRD', 'VIS', 'WEASD']",38.0,ok,2.250968699983787,2026-07-05T09:47:12Z,
gefs_control,2026-07-05,6,9,https://nomads.ncep.noaa.gov/pub/data/nccf/com/gens/prod/gefs.20260705/06/atmos/pgrb2sp25/gec00.t06z.pgrb2s.0p25.f009.idx,38.0,35.0,"['APCP', 'CAPE', 'CFRZR', 'CICEP', 'CIN', 'CPOFP', 'CRAIN', 'CSNOW', 'DLWRF', 'DPT', 'DSWRF', 'GUST', 'HGT', 'HLCY', 'ICETK', 'LHTFL', 'MSLET', 'PRES', 'PRMSL', 'PWAT', 'RH', 'SHTFL', 'SNOD', 'SOILW', 'TCDC', 'TMAX', 'TMIN', 'TMP', 'TSOIL', 'UGRD', 'ULWRF', 'USWRF', 'VGRD', 'VIS', 'WEASD']",38.0,ok,2.22500419995049,2026-07-05T09:48:08Z,
gefs_control,2026-07-05,0,45,https://nomads.ncep.noaa.gov/pub/data/nccf/com/gens/prod/gefs.20260705/00/atmos/pgrb2sp25/gec00.t00z.pgrb2s.0p25.f045.idx,38.0,35.0,"['APCP', 'CAPE', 'CFRZR', 'CICEP', 'CIN', 'CPOFP', 'CRAIN', 'CSNOW', 'DLWRF', 'DPT', 'DSWRF', 'GUST', 'HGT', 'HLCY', 'ICETK', 'LHTFL', 'MSLET', 'PRES', 'PRMSL', 'PWAT', 'RH', 'SHTFL', 'SNOD', 'SOILW', 'TCDC', 'TMAX', 'TMIN', 'TMP', 'TSOIL', 'UGRD', 'ULWRF', 'USWRF', 'VGRD', 'VIS', 'WEASD']",38.0,ok,2.7760385000146925,2026-07-05T04:01:17Z,
gefs_control,2026-07-05,0,48,https://nomads.ncep.noaa.gov/pub/data/nccf/com/gens/prod/gefs.20260705/00/atmos/pgrb2sp25/gec00.t00z.pgrb2s.0p25.f048.idx,38.0,35.0,"['APCP', 'CAPE', 'CFRZR', 'CICEP', 'CIN', 'CPOFP', 'CRAIN', 'CSNOW', 'DLWRF', 'DPT', 'DSWRF', 'GUST', 'HGT', 'HLCY', 'ICETK', 'LHTFL', 'MSLET', 'PRES', 'PRMSL', 'PWAT', 'RH', 'SHTFL', 'SNOD', 'SOILW', 'TCDC', 'TMAX', 'TMIN', 'TMP', 'TSOIL', 'UGRD', 'ULWRF', 'USWRF', 'VGRD', 'VIS', 'WEASD']",38.0,ok,2.851281199953519,2026-07-05T04:02:41Z,
gefs_control,2026-07-05,6,12,https://nomads.ncep.noaa.gov/pub/data/nccf/com/gens/prod/gefs.20260705/06/atmos/pgrb2sp25/gec00.t06z.pgrb2s.0p25.f012.idx,38.0,35.0,"['APCP', 'CAPE', 'CFRZR', 'CICEP', 'CIN', 'CPOFP', 'CRAIN', 'CSNOW', 'DLWRF', 'DPT', 'DSWRF', 'GUST', 'HGT', 'HLCY', 'ICETK', 'LHTFL', 'MSLET', 'PRES', 'PRMSL', 'PWAT', 'RH', 'SHTFL', 'SNOD', 'SOILW', 'TCDC', 'TMAX', 'TMIN', 'TMP', 'TSOIL', 'UGRD', 'ULWRF', 'USWRF', 'VGRD', 'VIS', 'WEASD']",38.0,ok,2.422305000014603,2026-07-05T09:49:34Z,
gefs_control,2026-07-05,0,24,https://nomads.ncep.noaa.gov/pub/data/nccf/com/gens/prod/gefs.20260705/00/atmos/pgrb2sp25/gec00.t00z.pgrb2s.0p25.f024.idx,38.0,35.0,"['APCP', 'CAPE', 'CFRZR', 'CICEP', 'CIN', 'CPOFP', 'CRAIN', 'CSNOW', 'DLWRF', 'DPT', 'DSWRF', 'GUST', 'HGT', 'HLCY', 'ICETK', 'LHTFL', 'MSLET', 'PRES', 'PRMSL', 'PWAT', 'RH', 'SHTFL', 'SNOD', 'SOILW', 'TCDC', 'TMAX', 'TMIN', 'TMP', 'TSOIL', 'UGRD', 'ULWRF', 'USWRF', 'VGRD', 'VIS', 'WEASD']",38.0,ok,4.216005199996289,2026-07-05T03:53:53Z,
gefs_control,2026-07-05,0,18,https://nomads.ncep.noaa.gov/pub/data/nccf/com/gens/prod/gefs.20260705/00/atmos/pgrb2sp25/gec00.t00z.pgrb2s.0p25.f018.idx,38.0,35.0,"['APCP', 'CAPE', 'CFRZR', 'CICEP', 'CIN', 'CPOFP', 'CRAIN', 'CSNOW', 'DLWRF', 'DPT', 'DSWRF', 'GUST', 'HGT', 'HLCY', 'ICETK', 'LHTFL', 'MSLET', 'PRES', 'PRMSL', 'PWAT', 'RH', 'SHTFL', 'SNOD', 'SOILW', 'TCDC', 'TMAX', 'TMIN', 'TMP', 'TSOIL', 'UGRD', 'ULWRF', 'USWRF', 'VGRD', 'VIS', 'WEASD']",38.0,ok,4.383930999960285,2026-07-05T03:51:31Z,
gefs_control,2026-07-05,0,27,https://nomads.ncep.noaa.gov/pub/data/nccf/com/gens/prod/gefs.20260705/00/atmos/pgrb2sp25/gec00.t00z.pgrb2s.0p25.f027.idx,38.0,35.0,"['APCP', 'CAPE', 'CFRZR', 'CICEP', 'CIN', 'CPOFP', 'CRAIN', 'CSNOW', 'DLWRF', 'DPT', 'DSWRF', 'GUST', 'HGT', 'HLCY', 'ICETK', 'LHTFL', 'MSLET', 'PRES', 'PRMSL', 'PWAT', 'RH', 'SHTFL', 'SNOD', 'SOILW', 'TCDC', 'TMAX', 'TMIN', 'TMP', 'TSOIL', 'UGRD', 'ULWRF', 'USWRF', 'VGRD', 'VIS', 'WEASD']",38.0,ok,4.216107399959583,2026-07-05T03:54:52Z,
gefs_control,2026-07-05,0,39,https://nomads.ncep.noaa.gov/pub/data/nccf/com/gens/prod/gefs.20260705/00/atmos/pgrb2sp25/gec00.t00z.pgrb2s.0p25.f039.idx,38.0,35.0,"['APCP', 'CAPE', 'CFRZR', 'CICEP', 'CIN', 'CPOFP', 'CRAIN', 'CSNOW', 'DLWRF', 'DPT', 'DSWRF', 'GUST', 'HGT', 'HLCY', 'ICETK', 'LHTFL', 'MSLET', 'PRES', 'PRMSL', 'PWAT', 'RH', 'SHTFL', 'SNOD', 'SOILW', 'TCDC', 'TMAX', 'TMIN', 'TMP', 'TSOIL', 'UGRD', 'ULWRF', 'USWRF', 'VGRD', 'VIS', 'WEASD']",38.0,ok,4.049596600001678,2026-07-05T03:59:28Z,
gefs_control,2026-07-05,6,15,https://nomads.ncep.noaa.gov/pub/data/nccf/com/gens/prod/gefs.20260705/06/atmos/pgrb2sp25/gec00.t06z.pgrb2s.0p25.f015.idx,38.0,35.0,"['APCP', 'CAPE', 'CFRZR', 'CICEP', 'CIN', 'CPOFP', 'CRAIN', 'CSNOW', 'DLWRF', 'DPT', 'DSWRF', 'GUST', 'HGT', 'HLCY', 'ICETK', 'LHTFL', 'MSLET', 'PRES', 'PRMSL', 'PWAT', 'RH', 'SHTFL', 'SNOD', 'SOILW', 'TCDC', 'TMAX', 'TMIN', 'TMP', 'TSOIL', 'UGRD', 'ULWRF', 'USWRF', 'VGRD', 'VIS', 'WEASD']",38.0,ok,2.5102297000121325,2026-07-05T09:50:33Z,
gefs_control,2026-07-05,6,3,https://nomads.ncep.noaa.gov/pub/data/nccf/com/gens/prod/gefs.20260705/06/atmos/pgrb2sp25/gec00.t06z.pgrb2s.0p25.f003.idx,38.0,35.0,"['APCP', 'CAPE', 'CFRZR', 'CICEP', 'CIN', 'CPOFP', 'CRAIN', 'CSNOW', 'DLWRF', 'DPT', 'DSWRF', 'GUST', 'HGT', 'HLCY', 'ICETK', 'LHTFL', 'MSLET', 'PRES', 'PRMSL', 'PWAT', 'RH', 'SHTFL', 'SNOD', 'SOILW', 'TCDC', 'TMAX', 'TMIN', 'TMP', 'TSOIL', 'UGRD', 'ULWRF', 'USWRF', 'VGRD', 'VIS', 'WEASD']",38.0,ok,4.214295600017067,2026-07-05T09:46:11Z,
gefs_control,2026-07-05,6,21,https://nomads.ncep.noaa.gov/pub/data/nccf/com/gens/prod/gefs.20260705/06/atmos/pgrb2sp25/gec00.t06z.pgrb2s.0p25.f021.idx,38.0,35.0,"['APCP', 'CAPE', 'CFRZR', 'CICEP', 'CIN', 'CPOFP', 'CRAIN', 'CSNOW', 'DLWRF', 'DPT', 'DSWRF', 'GUST', 'HGT', 'HLCY', 'ICETK', 'LHTFL', 'MSLET', 'PRES', 'PRMSL', 'PWAT', 'RH', 'SHTFL', 'SNOD', 'SOILW', 'TCDC', 'TMAX', 'TMIN', 'TMP', 'TSOIL', 'UGRD', 'ULWRF', 'USWRF', 'VGRD', 'VIS', 'WEASD']",38.0,ok,2.831048100022599,2026-07-05T09:52:39Z,
gefs_control,2026-07-05,6,24,https://nomads.ncep.noaa.gov/pub/data/nccf/com/gens/prod/gefs.20260705/06/atmos/pgrb2sp25/gec00.t06z.pgrb2s.0p25.f024.idx,38.0,35.0,"['APCP', 'CAPE', 'CFRZR', 'CICEP', 'CIN', 'CPOFP', 'CRAIN', 'CSNOW', 'DLWRF', 'DPT', 'DSWRF', 'GUST', 'HGT', 'HLCY', 'ICETK', 'LHTFL', 'MSLET', 'PRES', 'PRMSL', 'PWAT', 'RH', 'SHTFL', 'SNOD', 'SOILW', 'TCDC', 'TMAX', 'TMIN', 'TMP', 'TSOIL', 'UGRD', 'ULWRF', 'USWRF', 'VGRD', 'VIS', 'WEASD']",38.0,ok,2.7777755000279285,2026-07-05T09:53:34Z,
gefs_control,2026-07-05,6,30,https://nomads.ncep.noaa.gov/pub/data/nccf/com/gens/prod/gefs.20260705/06/atmos/pgrb2sp25/gec00.t06z.pgrb2s.0p25.f030.idx,38.0,35.0,"['APCP', 'CAPE', 'CFRZR', 'CICEP', 'CIN', 'CPOFP', 'CRAIN', 'CSNOW', 'DLWRF', 'DPT', 'DSWRF', 'GUST', 'HGT', 'HLCY', 'ICETK', 'LHTFL', 'MSLET', 'PRES', 'PRMSL', 'PWAT', 'RH', 'SHTFL', 'SNOD', 'SOILW', 'TCDC', 'TMAX', 'TMIN', 'TMP', 'TSOIL', 'UGRD', 'ULWRF', 'USWRF', 'VGRD', 'VIS', 'WEASD']",38.0,ok,2.6064844999928027,2026-07-05T09:55:50Z,
gefs_control,2026-07-05,12,6,https://nomads.ncep.noaa.gov/pub/data/nccf/com/gens/prod/gefs.20260705/12/atmos/pgrb2sp25/gec00.t12z.pgrb2s.0p25.f006.idx,,,[],,error,1.8168526000226848,,"HTTPStatusError: Redirect response '302 Moved Temporarily' for url 'https://nomads.ncep.noaa.gov/pub/data/nccf/com/gens/prod/gefs.20260705/12/atmos/pgrb2sp25/gec00.t12z.pgrb2s.0p25.f006.idx'
For more information check: https://developer.mozilla.org/en-US/docs/Web/HTTP/Status/302"
gefs_control,2026-07-05,6,45,https://nomads.ncep.noaa.gov/pub/data/nccf/com/gens/prod/gefs.20260705/06/atmos/pgrb2sp25/gec00.t06z.pgrb2s.0p25.f045.idx,38.0,35.0,"['APCP', 'CAPE', 'CFRZR', 'CICEP', 'CIN', 'CPOFP', 'CRAIN', 'CSNOW', 'DLWRF', 'DPT', 'DSWRF', 'GUST', 'HGT', 'HLCY', 'ICETK', 'LHTFL', 'MSLET', 'PRES', 'PRMSL', 'PWAT', 'RH', 'SHTFL', 'SNOD', 'SOILW', 'TCDC', 'TMAX', 'TMIN', 'TMP', 'TSOIL', 'UGRD', 'ULWRF', 'USWRF', 'VGRD', 'VIS', 'WEASD']",38.0,ok,2.3558724999893457,2026-07-05T10:01:31Z,
gefs_control,2026-07-05,6,33,https://nomads.ncep.noaa.gov/pub/data/nccf/com/gens/prod/gefs.20260705/06/atmos/pgrb2sp25/gec00.t06z.pgrb2s.0p25.f033.idx,38.0,35.0,"['APCP', 'CAPE', 'CFRZR', 'CICEP', 'CIN', 'CPOFP', 'CRAIN', 'CSNOW', 'DLWRF', 'DPT', 'DSWRF', 'GUST', 'HGT', 'HLCY', 'ICETK', 'LHTFL', 'MSLET', 'PRES', 'PRMSL', 'PWAT', 'RH', 'SHTFL', 'SNOD', 'SOILW', 'TCDC', 'TMAX', 'TMIN', 'TMP', 'TSOIL', 'UGRD', 'ULWRF', 'USWRF', 'VGRD', 'VIS', 'WEASD']",38.0,ok,2.6717727999784984,2026-07-05T09:57:01Z,
gefs_control,2026-07-05,6,48,https://nomads.ncep.noaa.gov/pub/data/nccf/com/gens/prod/gefs.20260705/06/atmos/pgrb2sp25/gec00.t06z.pgrb2s.0p25.f048.idx,38.0,35.0,"['APCP', 'CAPE', 'CFRZR', 'CICEP', 'CIN', 'CPOFP', 'CRAIN', 'CSNOW', 'DLWRF', 'DPT', 'DSWRF', 'GUST', 'HGT', 'HLCY', 'ICETK', 'LHTFL', 'MSLET', 'PRES', 'PRMSL', 'PWAT', 'RH', 'SHTFL', 'SNOD', 'SOILW', 'TCDC', 'TMAX', 'TMIN', 'TMP', 'TSOIL', 'UGRD', 'ULWRF', 'USWRF', 'VGRD', 'VIS', 'WEASD']",38.0,ok,2.3916630999883637,2026-07-05T10:02:54Z,
gefs_control,2026-07-05,6,18,https://nomads.ncep.noaa.gov/pub/data/nccf/com/gens/prod/gefs.20260705/06/atmos/pgrb2sp25/gec00.t06z.pgrb2s.0p25.f018.idx,38.0,35.0,"['APCP', 'CAPE', 'CFRZR', 'CICEP', 'CIN', 'CPOFP', 'CRAIN', 'CSNOW', 'DLWRF', 'DPT', 'DSWRF', 'GUST', 'HGT', 'HLCY', 'ICETK', 'LHTFL', 'MSLET', 'PRES', 'PRMSL', 'PWAT', 'RH', 'SHTFL', 'SNOD', 'SOILW', 'TCDC', 'TMAX', 'TMIN', 'TMP', 'TSOIL', 'UGRD', 'ULWRF', 'USWRF', 'VGRD', 'VIS', 'WEASD']",38.0,ok,4.165905500005465,2026-07-05T09:51:42Z,
gefs_control,2026-07-05,12,0,https://nomads.ncep.noaa.gov/pub/data/nccf/com/gens/prod/gefs.20260705/12/atmos/pgrb2sp25/gec00.t12z.pgrb2s.0p25.f000.idx,26.0,23.0,"['CAPE', 'CIN', 'CPOFP', 'DPT', 'GUST', 'HGT', 'HLCY', 'ICETK', 'MSLET', 'PRES', 'PRMSL', 'PWAT', 'RH', 'SNOD', 'SOILW', 'TMAX', 'TMIN', 'TMP', 'TSOIL', 'UGRD', 'VGRD', 'VIS', 'WEASD']",26.0,ok,2.7576844999566674,2026-07-05T15:45:53Z,
gefs_control,2026-07-05,12,3,https://nomads.ncep.noaa.gov/pub/data/nccf/com/gens/prod/gefs.20260705/12/atmos/pgrb2sp25/gec00.t12z.pgrb2s.0p25.f003.idx,38.0,35.0,"['APCP', 'CAPE', 'CFRZR', 'CICEP', 'CIN', 'CPOFP', 'CRAIN', 'CSNOW', 'DLWRF', 'DPT', 'DSWRF', 'GUST', 'HGT', 'HLCY', 'ICETK', 'LHTFL', 'MSLET', 'PRES', 'PRMSL', 'PWAT', 'RH', 'SHTFL', 'SNOD', 'SOILW', 'TCDC', 'TMAX', 'TMIN', 'TMP', 'TSOIL', 'UGRD', 'ULWRF', 'USWRF', 'VGRD', 'VIS', 'WEASD']",38.0,ok,2.633929100004025,2026-07-05T15:46:26Z,
gefs_control,2026-07-05,6,42,https://nomads.ncep.noaa.gov/pub/data/nccf/com/gens/prod/gefs.20260705/06/atmos/pgrb2sp25/gec00.t06z.pgrb2s.0p25.f042.idx,,,[],,error,3.3747922999900766,,"HTTPStatusError: Redirect response '302 Moved Temporarily' for url 'https://nomads.ncep.noaa.gov/pub/data/nccf/com/gens/prod/gefs.20260705/06/atmos/pgrb2sp25/gec00.t06z.pgrb2s.0p25.f042.idx'
For more information check: https://developer.mozilla.org/en-US/docs/Web/HTTP/Status/302"
gefs_control,2026-07-05,12,21,https://nomads.ncep.noaa.gov/pub/data/nccf/com/gens/prod/gefs.20260705/12/atmos/pgrb2sp25/gec00.t12z.pgrb2s.0p25.f021.idx,38.0,35.0,"['APCP', 'CAPE', 'CFRZR', 'CICEP', 'CIN', 'CPOFP', 'CRAIN', 'CSNOW', 'DLWRF', 'DPT', 'DSWRF', 'GUST', 'HGT', 'HLCY', 'ICETK', 'LHTFL', 'MSLET', 'PRES', 'PRMSL', 'PWAT', 'RH', 'SHTFL', 'SNOD', 'SOILW', 'TCDC', 'TMAX', 'TMIN', 'TMP', 'TSOIL', 'UGRD', 'ULWRF', 'USWRF', 'VGRD', 'VIS', 'WEASD']",38.0,ok,2.392476600012742,2026-07-05T15:52:42Z,
gefs_control,2026-07-05,12,27,https://nomads.ncep.noaa.gov/pub/data/nccf/com/gens/prod/gefs.20260705/12/atmos/pgrb2sp25/gec00.t12z.pgrb2s.0p25.f027.idx,,,[],,error,1.7911820999579504,,"HTTPStatusError: Redirect response '302 Moved Temporarily' for url 'https://nomads.ncep.noaa.gov/pub/data/nccf/com/gens/prod/gefs.20260705/12/atmos/pgrb2sp25/gec00.t12z.pgrb2s.0p25.f027.idx'
For more information check: https://developer.mozilla.org/en-US/docs/Web/HTTP/Status/302"
gefs_control,2026-07-05,6,27,https://nomads.ncep.noaa.gov/pub/data/nccf/com/gens/prod/gefs.20260705/06/atmos/pgrb2sp25/gec00.t06z.pgrb2s.0p25.f027.idx,38.0,35.0,"['APCP', 'CAPE', 'CFRZR', 'CICEP', 'CIN', 'CPOFP', 'CRAIN', 'CSNOW', 'DLWRF', 'DPT', 'DSWRF', 'GUST', 'HGT', 'HLCY', 'ICETK', 'LHTFL', 'MSLET', 'PRES', 'PRMSL', 'PWAT', 'RH', 'SHTFL', 'SNOD', 'SOILW', 'TCDC', 'TMAX', 'TMIN', 'TMP', 'TSOIL', 'UGRD', 'ULWRF', 'USWRF', 'VGRD', 'VIS', 'WEASD']",38.0,ok,4.215486400004011,2026-07-05T09:54:37Z,
gefs_control,2026-07-05,12,9,https://nomads.ncep.noaa.gov/pub/data/nccf/com/gens/prod/gefs.20260705/12/atmos/pgrb2sp25/gec00.t12z.pgrb2s.0p25.f009.idx,,,[],,error,3.6291459999629296,,"HTTPStatusError: Redirect response '302 Moved Temporarily' for url 'https://nomads.ncep.noaa.gov/pub/data/nccf/com/gens/prod/gefs.20260705/12/atmos/pgrb2sp25/gec00.t12z.pgrb2s.0p25.f009.idx'
For more information check: https://developer.mozilla.org/en-US/docs/Web/HTTP/Status/302"
gefs_control,2026-07-05,12,42,https://nomads.ncep.noaa.gov/pub/data/nccf/com/gens/prod/gefs.20260705/12/atmos/pgrb2sp25/gec00.t12z.pgrb2s.0p25.f042.idx,,,[],,error,1.7592769999755546,,"HTTPStatusError: Redirect response '302 Moved Temporarily' for url 'https://nomads.ncep.noaa.gov/pub/data/nccf/com/gens/prod/gefs.20260705/12/atmos/pgrb2sp25/gec00.t12z.pgrb2s.0p25.f042.idx'
For more information check: https://developer.mozilla.org/en-US/docs/Web/HTTP/Status/302"
gefs_control,2026-07-05,12,12,https://nomads.ncep.noaa.gov/pub/data/nccf/com/gens/prod/gefs.20260705/12/atmos/pgrb2sp25/gec00.t12z.pgrb2s.0p25.f012.idx,38.0,35.0,"['APCP', 'CAPE', 'CFRZR', 'CICEP', 'CIN', 'CPOFP', 'CRAIN', 'CSNOW', 'DLWRF', 'DPT', 'DSWRF', 'GUST', 'HGT', 'HLCY', 'ICETK', 'LHTFL', 'MSLET', 'PRES', 'PRMSL', 'PWAT', 'RH', 'SHTFL', 'SNOD', 'SOILW', 'TCDC', 'TMAX', 'TMIN', 'TMP', 'TSOIL', 'UGRD', 'ULWRF', 'USWRF', 'VGRD', 'VIS', 'WEASD']",38.0,ok,3.759370099985972,2026-07-05T15:49:32Z,
gefs_control,2026-07-05,12,30,https://nomads.ncep.noaa.gov/pub/data/nccf/com/gens/prod/gefs.20260705/12/atmos/pgrb2sp25/gec00.t12z.pgrb2s.0p25.f030.idx,38.0,35.0,"['APCP', 'CAPE', 'CFRZR', 'CICEP', 'CIN', 'CPOFP', 'CRAIN', 'CSNOW', 'DLWRF', 'DPT', 'DSWRF', 'GUST', 'HGT', 'HLCY', 'ICETK', 'LHTFL', 'MSLET', 'PRES', 'PRMSL', 'PWAT', 'RH', 'SHTFL', 'SNOD', 'SOILW', 'TCDC', 'TMAX', 'TMIN', 'TMP', 'TSOIL', 'UGRD', 'ULWRF', 'USWRF', 'VGRD', 'VIS', 'WEASD']",38.0,ok,2.1395583999692462,2026-07-05T15:56:05Z,
gefs_control,2026-07-05,6,39,https://nomads.ncep.noaa.gov/pub/data/nccf/com/gens/prod/gefs.20260705/06/atmos/pgrb2sp25/gec00.t06z.pgrb2s.0p25.f039.idx,38.0,35.0,"['APCP', 'CAPE', 'CFRZR', 'CICEP', 'CIN', 'CPOFP', 'CRAIN', 'CSNOW', 'DLWRF', 'DPT', 'DSWRF', 'GUST', 'HGT', 'HLCY', 'ICETK', 'LHTFL', 'MSLET', 'PRES', 'PRMSL', 'PWAT', 'RH', 'SHTFL', 'SNOD', 'SOILW', 'TCDC', 'TMAX', 'TMIN', 'TMP', 'TSOIL', 'UGRD', 'ULWRF', 'USWRF', 'VGRD', 'VIS', 'WEASD']",38.0,ok,4.463764799991623,2026-07-05T09:59:04Z,
gefs_control,2026-07-05,6,36,https://nomads.ncep.noaa.gov/pub/data/nccf/com/gens/prod/gefs.20260705/06/atmos/pgrb2sp25/gec00.t06z.pgrb2s.0p25.f036.idx,38.0,35.0,"['APCP', 'CAPE', 'CFRZR', 'CICEP', 'CIN', 'CPOFP', 'CRAIN', 'CSNOW', 'DLWRF', 'DPT', 'DSWRF', 'GUST', 'HGT', 'HLCY', 'ICETK', 'LHTFL', 'MSLET', 'PRES', 'PRMSL', 'PWAT', 'RH', 'SHTFL', 'SNOD', 'SOILW', 'TCDC', 'TMAX', 'TMIN', 'TMP', 'TSOIL', 'UGRD', 'ULWRF', 'USWRF', 'VGRD', 'VIS', 'WEASD']",38.0,ok,4.566932099987753,2026-07-05T09:58:05Z,
gefs_control,2026-07-05,12,33,https://nomads.ncep.noaa.gov/pub/data/nccf/com/gens/prod/gefs.20260705/12/atmos/pgrb2sp25/gec00.t12z.pgrb2s.0p25.f033.idx,,,[],,error,2.190960600040853,,"HTTPStatusError: Redirect response '302 Moved Temporarily' for url 'https://nomads.ncep.noaa.gov/pub/data/nccf/com/gens/prod/gefs.20260705/12/atmos/pgrb2sp25/gec00.t12z.pgrb2s.0p25.f033.idx'
For more information check: https://developer.mozilla.org/en-US/docs/Web/HTTP/Status/302"
gefs_control,2026-07-05,12,36,https://nomads.ncep.noaa.gov/pub/data/nccf/com/gens/prod/gefs.20260705/12/atmos/pgrb2sp25/gec00.t12z.pgrb2s.0p25.f036.idx,,,[],,error,2.1981213000253774,,"HTTPStatusError: Redirect response '302 Moved Temporarily' for url 'https://nomads.ncep.noaa.gov/pub/data/nccf/com/gens/prod/gefs.20260705/12/atmos/pgrb2sp25/gec00.t12z.pgrb2s.0p25.f036.idx'
For more information check: https://developer.mozilla.org/en-US/docs/Web/HTTP/Status/302"
gefs_control,2026-07-05,12,39,https://nomads.ncep.noaa.gov/pub/data/nccf/com/gens/prod/gefs.20260705/12/atmos/pgrb2sp25/gec00.t12z.pgrb2s.0p25.f039.idx,,,[],,error,2.2818937999545597,,"HTTPStatusError: Redirect response '302 Moved Temporarily' for url 'https://nomads.ncep.noaa.gov/pub/data/nccf/com/gens/prod/gefs.20260705/12/atmos/pgrb2sp25/gec00.t12z.pgrb2s.0p25.f039.idx'
For more information check: https://developer.mozilla.org/en-US/docs/Web/HTTP/Status/302"
gefs_control,2026-07-05,12,15,https://nomads.ncep.noaa.gov/pub/data/nccf/com/gens/prod/gefs.20260705/12/atmos/pgrb2sp25/gec00.t12z.pgrb2s.0p25.f015.idx,,,[],,error,3.934965199965518,,"HTTPStatusError: Redirect response '302 Moved Temporarily' for url 'https://nomads.ncep.noaa.gov/pub/data/nccf/com/gens/prod/gefs.20260705/12/atmos/pgrb2sp25/gec00.t12z.pgrb2s.0p25.f015.idx'
For more information check: https://developer.mozilla.org/en-US/docs/Web/HTTP/Status/302"
gefs_control,2026-07-05,18,0,https://nomads.ncep.noaa.gov/pub/data/nccf/com/gens/prod/gefs.20260705/18/atmos/pgrb2sp25/gec00.t18z.pgrb2s.0p25.f000.idx,,,[],,error,2.009806699992623,,"HTTPStatusError: Redirect response '302 Moved Temporarily' for url 'https://nomads.ncep.noaa.gov/pub/data/nccf/com/gens/prod/gefs.20260705/18/atmos/pgrb2sp25/gec00.t18z.pgrb2s.0p25.f000.idx'
For more information check: https://developer.mozilla.org/en-US/docs/Web/HTTP/Status/302"
gefs_control,2026-07-05,12,18,https://nomads.ncep.noaa.gov/pub/data/nccf/com/gens/prod/gefs.20260705/12/atmos/pgrb2sp25/gec00.t12z.pgrb2s.0p25.f018.idx,,,[],,error,4.004348400048912,,"HTTPStatusError: Redirect response '302 Moved Temporarily' for url 'https://nomads.ncep.noaa.gov/pub/data/nccf/com/gens/prod/gefs.20260705/12/atmos/pgrb2sp25/gec00.t12z.pgrb2s.0p25.f018.idx'
For more information check: https://developer.mozilla.org/en-US/docs/Web/HTTP/Status/302"
gefs_control,2026-07-05,12,45,https://nomads.ncep.noaa.gov/pub/data/nccf/com/gens/prod/gefs.20260705/12/atmos/pgrb2sp25/gec00.t12z.pgrb2s.0p25.f045.idx,38.0,35.0,"['APCP', 'CAPE', 'CFRZR', 'CICEP', 'CIN', 'CPOFP', 'CRAIN', 'CSNOW', 'DLWRF', 'DPT', 'DSWRF', 'GUST', 'HGT', 'HLCY', 'ICETK', 'LHTFL', 'MSLET', 'PRES', 'PRMSL', 'PWAT', 'RH', 'SHTFL', 'SNOD', 'SOILW', 'TCDC', 'TMAX', 'TMIN', 'TMP', 'TSOIL', 'UGRD', 'ULWRF', 'USWRF', 'VGRD', 'VIS', 'WEASD']",38.0,ok,2.6001897000242025,2026-07-05T16:01:21Z,
gefs_control,2026-07-05,18,3,https://nomads.ncep.noaa.gov/pub/data/nccf/com/gens/prod/gefs.20260705/18/atmos/pgrb2sp25/gec00.t18z.pgrb2s.0p25.f003.idx,38.0,35.0,"['APCP', 'CAPE', 'CFRZR', 'CICEP', 'CIN', 'CPOFP', 'CRAIN', 'CSNOW', 'DLWRF', 'DPT', 'DSWRF', 'GUST', 'HGT', 'HLCY', 'ICETK', 'LHTFL', 'MSLET', 'PRES', 'PRMSL', 'PWAT', 'RH', 'SHTFL', 'SNOD', 'SOILW', 'TCDC', 'TMAX', 'TMIN', 'TMP', 'TSOIL', 'UGRD', 'ULWRF', 'USWRF', 'VGRD', 'VIS', 'WEASD']",38.0,ok,2.359854999987874,2026-07-05T21:46:32Z,
gefs_control,2026-07-05,18,9,https://nomads.ncep.noaa.gov/pub/data/nccf/com/gens/prod/gefs.20260705/18/atmos/pgrb2sp25/gec00.t18z.pgrb2s.0p25.f009.idx,,,[],,error,2.1100263000116684,,"HTTPStatusError: Redirect response '302 Moved Temporarily' for url 'https://nomads.ncep.noaa.gov/pub/data/nccf/com/gens/prod/gefs.20260705/18/atmos/pgrb2sp25/gec00.t18z.pgrb2s.0p25.f009.idx'
For more information check: https://developer.mozilla.org/en-US/docs/Web/HTTP/Status/302"
gefs_control,2026-07-05,18,12,https://nomads.ncep.noaa.gov/pub/data/nccf/com/gens/prod/gefs.20260705/18/atmos/pgrb2sp25/gec00.t18z.pgrb2s.0p25.f012.idx,,,[],,error,2.090927599987481,,"HTTPStatusError: Redirect response '302 Moved Temporarily' for url 'https://nomads.ncep.noaa.gov/pub/data/nccf/com/gens/prod/gefs.20260705/18/atmos/pgrb2sp25/gec00.t18z.pgrb2s.0p25.f012.idx'
For more information check: https://developer.mozilla.org/en-US/docs/Web/HTTP/Status/302"
gefs_control,2026-07-05,12,24,https://nomads.ncep.noaa.gov/pub/data/nccf/com/gens/prod/gefs.20260705/12/atmos/pgrb2sp25/gec00.t12z.pgrb2s.0p25.f024.idx,,,[],,error,4.248783499991987,,"HTTPStatusError: Redirect response '302 Moved Temporarily' for url 'https://nomads.ncep.noaa.gov/pub/data/nccf/com/gens/prod/gefs.20260705/12/atmos/pgrb2sp25/gec00.t12z.pgrb2s.0p25.f024.idx'
For more information check: https://developer.mozilla.org/en-US/docs/Web/HTTP/Status/302"
gefs_control,2026-07-05,18,27,https://nomads.ncep.noaa.gov/pub/data/nccf/com/gens/prod/gefs.20260705/18/atmos/pgrb2sp25/gec00.t18z.pgrb2s.0p25.f027.idx,,,[],,error,2.093784200027585,,"HTTPStatusError: Redirect response '302 Moved Temporarily' for url 'https://nomads.ncep.noaa.gov/pub/data/nccf/com/gens/prod/gefs.20260705/18/atmos/pgrb2sp25/gec00.t18z.pgrb2s.0p25.f027.idx'
For more information check: https://developer.mozilla.org/en-US/docs/Web/HTTP/Status/302"
gefs_control,2026-07-05,18,39,https://nomads.ncep.noaa.gov/pub/data/nccf/com/gens/prod/gefs.20260705/18/atmos/pgrb2sp25/gec00.t18z.pgrb2s.0p25.f039.idx,,,[],,error,2.11563469999237,,"HTTPStatusError: Redirect response '302 Moved Temporarily' for url 'https://nomads.ncep.noaa.gov/pub/data/nccf/com/gens/prod/gefs.20260705/18/atmos/pgrb2sp25/gec00.t18z.pgrb2s.0p25.f039.idx'
For more information check: https://developer.mozilla.org/en-US/docs/Web/HTTP/Status/302"
gefs_control,2026-07-05,18,21,https://nomads.ncep.noaa.gov/pub/data/nccf/com/gens/prod/gefs.20260705/18/atmos/pgrb2sp25/gec00.t18z.pgrb2s.0p25.f021.idx,38.0,35.0,"['APCP', 'CAPE', 'CFRZR', 'CICEP', 'CIN', 'CPOFP', 'CRAIN', 'CSNOW', 'DLWRF', 'DPT', 'DSWRF', 'GUST', 'HGT', 'HLCY', 'ICETK', 'LHTFL', 'MSLET', 'PRES', 'PRMSL', 'PWAT', 'RH', 'SHTFL', 'SNOD', 'SOILW', 'TCDC', 'TMAX', 'TMIN', 'TMP', 'TSOIL', 'UGRD', 'ULWRF', 'USWRF', 'VGRD', 'VIS', 'WEASD']",38.0,ok,2.523813000007067,2026-07-05T21:52:49Z,
gefs_control,2026-07-05,18,36,https://nomads.ncep.noaa.gov/pub/data/nccf/com/gens/prod/gefs.20260705/18/atmos/pgrb2sp25/gec00.t18z.pgrb2s.0p25.f036.idx,38.0,35.0,"['APCP', 'CAPE', 'CFRZR', 'CICEP', 'CIN', 'CPOFP', 'CRAIN', 'CSNOW', 'DLWRF', 'DPT', 'DSWRF', 'GUST', 'HGT', 'HLCY', 'ICETK', 'LHTFL', 'MSLET', 'PRES', 'PRMSL', 'PWAT', 'RH', 'SHTFL', 'SNOD', 'SOILW', 'TCDC', 'TMAX', 'TMIN', 'TMP', 'TSOIL', 'UGRD', 'ULWRF', 'USWRF', 'VGRD', 'VIS', 'WEASD']",38.0,ok,2.486473000026308,2026-07-05T21:58:38Z,
gefs_control,2026-07-05,18,48,https://nomads.ncep.noaa.gov/pub/data/nccf/com/gens/prod/gefs.20260705/18/atmos/pgrb2sp25/gec00.t18z.pgrb2s.0p25.f048.idx,,,[],,error,2.0935238000238314,,"HTTPStatusError: Redirect response '302 Moved Temporarily' for url 'https://nomads.ncep.noaa.gov/pub/data/nccf/com/gens/prod/gefs.20260705/18/atmos/pgrb2sp25/gec00.t18z.pgrb2s.0p25.f048.idx'
For more information check: https://developer.mozilla.org/en-US/docs/Web/HTTP/Status/302"
gefs_control,2026-07-05,18,42,https://nomads.ncep.noaa.gov/pub/data/nccf/com/gens/prod/gefs.20260705/18/atmos/pgrb2sp25/gec00.t18z.pgrb2s.0p25.f042.idx,38.0,35.0,"['APCP', 'CAPE', 'CFRZR', 'CICEP', 'CIN', 'CPOFP', 'CRAIN', 'CSNOW', 'DLWRF', 'DPT', 'DSWRF', 'GUST', 'HGT', 'HLCY', 'ICETK', 'LHTFL', 'MSLET', 'PRES', 'PRMSL', 'PWAT', 'RH', 'SHTFL', 'SNOD', 'SOILW', 'TCDC', 'TMAX', 'TMIN', 'TMP', 'TSOIL', 'UGRD', 'ULWRF', 'USWRF', 'VGRD', 'VIS', 'WEASD']",38.0,ok,2.4427684999536723,2026-07-05T22:00:35Z,
gfs,2026-07-06,0,3,https://nomads.ncep.noaa.gov/pub/data/nccf/com/gfs/prod/gfs.20260706/00/atmos/gfs.t00z.pgrb2.0p25.f003.idx,,,[],,error,2.344788200047333,,"HTTPStatusError: Redirect response '302 Moved Temporarily' for url 'https://nomads.ncep.noaa.gov/pub/data/nccf/com/gfs/prod/gfs.20260706/00/atmos/gfs.t00z.pgrb2.0p25.f003.idx'
For more information check: https://developer.mozilla.org/en-US/docs/Web/HTTP/Status/302"
gfs,2026-07-06,0,6,https://nomads.ncep.noaa.gov/pub/data/nccf/com/gfs/prod/gfs.20260706/00/atmos/gfs.t00z.pgrb2.0p25.f006.idx,,,[],,error,2.1875841000000946,,"HTTPStatusError: Redirect response '302 Moved Temporarily' for url 'https://nomads.ncep.noaa.gov/pub/data/nccf/com/gfs/prod/gfs.20260706/00/atmos/gfs.t00z.pgrb2.0p25.f006.idx'
For more information check: https://developer.mozilla.org/en-US/docs/Web/HTTP/Status/302"
gefs_control,2026-07-05,18,6,https://nomads.ncep.noaa.gov/pub/data/nccf/com/gens/prod/gefs.20260705/18/atmos/pgrb2sp25/gec00.t18z.pgrb2s.0p25.f006.idx,,,[],,error,4.677499799989164,,"HTTPStatusError: Redirect response '302 Moved Temporarily' for url 'https://nomads.ncep.noaa.gov/pub/data/nccf/com/gens/prod/gefs.20260705/18/atmos/pgrb2sp25/gec00.t18z.pgrb2s.0p25.f006.idx'
For more information check: https://developer.mozilla.org/en-US/docs/Web/HTTP/Status/302"
gfs,2026-07-06,0,9,https://nomads.ncep.noaa.gov/pub/data/nccf/com/gfs/prod/gfs.20260706/00/atmos/gfs.t00z.pgrb2.0p25.f009.idx,743.0,89.0,"['4LFTX', 'ABSV', 'ACPCP', 'ALBDO', 'APCP', 'APTMP', 'CAPE', 'CFRZR', 'CICEP', 'CIN', 'CLWMR', 'CNWAT', 'CPOFP', 'CPRAT', 'CRAIN', 'CSNOW', 'CWAT', 'CWORK', 'DLWRF', 'DPT', 'DSWRF', 'DZDT', 'FLDCP', 'FRICV', 'GFLUX', 'GRLE', 'GUST', 'HCDC', 'HGT', 'HINDEX', 'HLCY', 'HPBL', 'ICAHT', 'ICEC', 'ICEG', 'ICETK', 'ICETMP', 'ICMR', 'LAND', 'LCDC', 'LFTX', 'LHTFL', 'MCDC', 'MSLET', 'O3MR', 'PEVPR', 'PLPL', 'POT', 'PRATE', 'PRES', 'PRMSL', 'PWAT', 'REFC', 'REFD', 'RH', 'RWMR', 'SFCR', 'SHTFL', 'SNMR', 'SNOD', 'SOILL', 'SOILW', 'SOTYP', 'SPFH', 'SUNSD', 'TCDC', 'TMAX', 'TMIN', 'TMP', 'TOZNE', 'TSOIL', 'U-GWD', 'UFLX', 'UGRD', 'ULWRF', 'USTM', 'USWRF', 'V-GWD', 'VEG', 'VFLX', 'VGRD', 'VIS', 'VRATE', 'VSTM', 'VVEL', 'VWSH', 'WATR', 'WEASD', 'WILT']",731.0,ok,2.5872961999848485,2026-07-06T03:36:43Z,
gfs,2026-07-06,0,12,https://nomads.ncep.noaa.gov/pub/data/nccf/com/gfs/prod/gfs.20260706/00/atmos/gfs.t00z.pgrb2.0p25.f012.idx,743.0,89.0,"['4LFTX', 'ABSV', 'ACPCP', 'ALBDO', 'APCP', 'APTMP', 'CAPE', 'CFRZR', 'CICEP', 'CIN', 'CLWMR', 'CNWAT', 'CPOFP', 'CPRAT', 'CRAIN', 'CSNOW', 'CWAT', 'CWORK', 'DLWRF', 'DPT', 'DSWRF', 'DZDT', 'FLDCP', 'FRICV', 'GFLUX', 'GRLE', 'GUST', 'HCDC', 'HGT', 'HINDEX', 'HLCY', 'HPBL', 'ICAHT', 'ICEC', 'ICEG', 'ICETK', 'ICETMP', 'ICMR', 'LAND', 'LCDC', 'LFTX', 'LHTFL', 'MCDC', 'MSLET', 'O3MR', 'PEVPR', 'PLPL', 'POT', 'PRATE', 'PRES', 'PRMSL', 'PWAT', 'REFC', 'REFD', 'RH', 'RWMR', 'SFCR', 'SHTFL', 'SNMR', 'SNOD', 'SOILL', 'SOILW', 'SOTYP', 'SPFH', 'SUNSD', 'TCDC', 'TMAX', 'TMIN', 'TMP', 'TOZNE', 'TSOIL', 'U-GWD', 'UFLX', 'UGRD', 'ULWRF', 'USTM', 'USWRF', 'V-GWD', 'VEG', 'VFLX', 'VGRD', 'VIS', 'VRATE', 'VSTM', 'VVEL', 'VWSH', 'WATR', 'WEASD', 'WILT']",731.0,ok,2.456378200033214,2026-07-06T03:37:36Z,
gefs_control,2026-07-05,12,48,https://nomads.ncep.noaa.gov/pub/data/nccf/com/gens/prod/gefs.20260705/12/atmos/pgrb2sp25/gec00.t12z.pgrb2s.0p25.f048.idx,38.0,35.0,"['APCP', 'CAPE', 'CFRZR', 'CICEP', 'CIN', 'CPOFP', 'CRAIN', 'CSNOW', 'DLWRF', 'DPT', 'DSWRF', 'GUST', 'HGT', 'HLCY', 'ICETK', 'LHTFL', 'MSLET', 'PRES', 'PRMSL', 'PWAT', 'RH', 'SHTFL', 'SNOD', 'SOILW', 'TCDC', 'TMAX', 'TMIN', 'TMP', 'TSOIL', 'UGRD', 'ULWRF', 'USWRF', 'VGRD', 'VIS', 'WEASD']",38.0,ok,5.598194299964234,2026-07-05T16:02:28Z,
gfs,2026-07-06,0,18,https://nomads.ncep.noaa.gov/pub/data/nccf/com/gfs/prod/gfs.20260706/00/atmos/gfs.t00z.pgrb2.0p25.f018.idx,,,[],,error,2.0974883000017144,,"HTTPStatusError: Redirect response '302 Moved Temporarily' for url 'https://nomads.ncep.noaa.gov/pub/data/nccf/com/gfs/prod/gfs.20260706/00/atmos/gfs.t00z.pgrb2.0p25.f018.idx'
For more information check: https://developer.mozilla.org/en-US/docs/Web/HTTP/Status/302"
gefs_control,2026-07-05,18,15,https://nomads.ncep.noaa.gov/pub/data/nccf/com/gens/prod/gefs.20260705/18/atmos/pgrb2sp25/gec00.t18z.pgrb2s.0p25.f015.idx,,,[],,error,4.981542399968021,,"HTTPStatusError: Redirect response '302 Moved Temporarily' for url 'https://nomads.ncep.noaa.gov/pub/data/nccf/com/gens/prod/gefs.20260705/18/atmos/pgrb2sp25/gec00.t18z.pgrb2s.0p25.f015.idx'
For more information check: https://developer.mozilla.org/en-US/docs/Web/HTTP/Status/302"
gefs_control,2026-07-05,18,24,https://nomads.ncep.noaa.gov/pub/data/nccf/com/gens/prod/gefs.20260705/18/atmos/pgrb2sp25/gec00.t18z.pgrb2s.0p25.f024.idx,,,[],,error,4.492676099995151,,"HTTPStatusError: Redirect response '302 Moved Temporarily' for url 'https://nomads.ncep.noaa.gov/pub/data/nccf/com/gens/prod/gefs.20260705/18/atmos/pgrb2sp25/gec00.t18z.pgrb2s.0p25.f024.idx'
For more information check: https://developer.mozilla.org/en-US/docs/Web/HTTP/Status/302"
gfs,2026-07-06,0,24,https://nomads.ncep.noaa.gov/pub/data/nccf/com/gfs/prod/gfs.20260706/00/atmos/gfs.t00z.pgrb2.0p25.f024.idx,,,[],,error,2.1226960999774747,,"HTTPStatusError: Redirect response '302 Moved Temporarily' for url 'https://nomads.ncep.noaa.gov/pub/data/nccf/com/gfs/prod/gfs.20260706/00/atmos/gfs.t00z.pgrb2.0p25.f024.idx'
For more information check: https://developer.mozilla.org/en-US/docs/Web/HTTP/Status/302"
gfs,2026-07-06,0,21,https://nomads.ncep.noaa.gov/pub/data/nccf/com/gfs/prod/gfs.20260706/00/atmos/gfs.t00z.pgrb2.0p25.f021.idx,,,[],,error,2.3360135999973863,,"HTTPStatusError: Redirect response '302 Moved Temporarily' for url 'https://nomads.ncep.noaa.gov/pub/data/nccf/com/gfs/prod/gfs.20260706/00/atmos/gfs.t00z.pgrb2.0p25.f021.idx'
For more information check: https://developer.mozilla.org/en-US/docs/Web/HTTP/Status/302"
gefs_control,2026-07-05,18,18,https://nomads.ncep.noaa.gov/pub/data/nccf/com/gens/prod/gefs.20260705/18/atmos/pgrb2sp25/gec00.t18z.pgrb2s.0p25.f018.idx,38.0,35.0,"['APCP', 'CAPE', 'CFRZR', 'CICEP', 'CIN', 'CPOFP', 'CRAIN', 'CSNOW', 'DLWRF', 'DPT', 'DSWRF', 'GUST', 'HGT', 'HLCY', 'ICETK', 'LHTFL', 'MSLET', 'PRES', 'PRMSL', 'PWAT', 'RH', 'SHTFL', 'SNOD', 'SOILW', 'TCDC', 'TMAX', 'TMIN', 'TMP', 'TSOIL', 'UGRD', 'ULWRF', 'USWRF', 'VGRD', 'VIS', 'WEASD']",38.0,ok,4.894329900038429,2026-07-05T21:51:57Z,
gfs,2026-07-06,0,30,https://nomads.ncep.noaa.gov/pub/data/nccf/com/gfs/prod/gfs.20260706/00/atmos/gfs.t00z.pgrb2.0p25.f030.idx,,,[],,error,2.1939452000078745,,"HTTPStatusError: Redirect response '302 Moved Temporarily' for url 'https://nomads.ncep.noaa.gov/pub/data/nccf/com/gfs/prod/gfs.20260706/00/atmos/gfs.t00z.pgrb2.0p25.f030.idx'
For more information check: https://developer.mozilla.org/en-US/docs/Web/HTTP/Status/302"
gfs,2026-07-06,0,27,https://nomads.ncep.noaa.gov/pub/data/nccf/com/gfs/prod/gfs.20260706/00/atmos/gfs.t00z.pgrb2.0p25.f027.idx,,,[],,error,2.3553899999824353,,"HTTPStatusError: Redirect response '302 Moved Temporarily' for url 'https://nomads.ncep.noaa.gov/pub/data/nccf/com/gfs/prod/gfs.20260706/00/atmos/gfs.t00z.pgrb2.0p25.f027.idx'
For more information check: https://developer.mozilla.org/en-US/docs/Web/HTTP/Status/302"
gfs,2026-07-06,0,33,https://nomads.ncep.noaa.gov/pub/data/nccf/com/gfs/prod/gfs.20260706/00/atmos/gfs.t00z.pgrb2.0p25.f033.idx,,,[],,error,2.326835499959998,,"HTTPStatusError: Redirect response '302 Moved Temporarily' for url 'https://nomads.ncep.noaa.gov/pub/data/nccf/com/gfs/prod/gfs.20260706/00/atmos/gfs.t00z.pgrb2.0p25.f033.idx'
For more information check: https://developer.mozilla.org/en-US/docs/Web/HTTP/Status/302"
gefs_control,2026-07-05,18,30,https://nomads.ncep.noaa.gov/pub/data/nccf/com/gens/prod/gefs.20260705/18/atmos/pgrb2sp25/gec00.t18z.pgrb2s.0p25.f030.idx,,,[],,error,5.108183600008488,,"HTTPStatusError: Redirect response '302 Moved Temporarily' for url 'https://nomads.ncep.noaa.gov/pub/data/nccf/com/gens/prod/gefs.20260705/18/atmos/pgrb2sp25/gec00.t18z.pgrb2s.0p25.f030.idx'
For more information check: https://developer.mozilla.org/en-US/docs/Web/HTTP/Status/302"
gefs_control,2026-07-05,18,45,https://nomads.ncep.noaa.gov/pub/data/nccf/com/gens/prod/gefs.20260705/18/atmos/pgrb2sp25/gec00.t18z.pgrb2s.0p25.f045.idx,38.0,35.0,"['APCP', 'CAPE', 'CFRZR', 'CICEP', 'CIN', 'CPOFP', 'CRAIN', 'CSNOW', 'DLWRF', 'DPT', 'DSWRF', 'GUST', 'HGT', 'HLCY', 'ICETK', 'LHTFL', 'MSLET', 'PRES', 'PRMSL', 'PWAT', 'RH', 'SHTFL', 'SNOD', 'SOILW', 'TCDC', 'TMAX', 'TMIN', 'TMP', 'TSOIL', 'UGRD', 'ULWRF', 'USWRF', 'VGRD', 'VIS', 'WEASD']",38.0,ok,4.772338100010529,2026-07-05T22:01:35Z,
gfs,2026-07-06,0,0,https://nomads.ncep.noaa.gov/pub/data/nccf/com/gfs/prod/gfs.20260706/00/atmos/gfs.t00z.pgrb2.0p25.f000.idx,696.0,69.0,"['4LFTX', 'ABSV', 'APTMP', 'CAPE', 'CFRZR', 'CICEP', 'CIN', 'CLWMR', 'CNWAT', 'CPOFP', 'CRAIN', 'CSNOW', 'CWAT', 'DPT', 'DZDT', 'FLDCP', 'FRICV', 'GRLE', 'GUST', 'HCDC', 'HGT', 'HINDEX', 'HLCY', 'HPBL', 'ICAHT', 'ICEC', 'ICEG', 'ICETK', 'ICETMP', 'ICMR', 'LAND', 'LCDC', 'LFTX', 'MCDC', 'MSLET', 'O3MR', 'PLPL', 'POT', 'PRATE', 'PRES', 'PRMSL', 'PWAT', 'REFC', 'REFD', 'RH', 'RWMR', 'SFCR', 'SNMR', 'SNOD', 'SOILL', 'SOILW', 'SOTYP', 'SPFH', 'SUNSD', 'TCDC', 'TMP', 'TOZNE', 'TSOIL', 'UGRD', 'USTM', 'VEG', 'VGRD', 'VIS', 'VRATE', 'VSTM', 'VVEL', 'VWSH', 'WEASD', 'WILT']",696.0,ok,4.637144799984526,2026-07-06T03:34:09Z,
gefs_control,2026-07-05,18,33,https://nomads.ncep.noaa.gov/pub/data/nccf/com/gens/prod/gefs.20260705/18/atmos/pgrb2sp25/gec00.t18z.pgrb2s.0p25.f033.idx,38.0,35.0,"['APCP', 'CAPE', 'CFRZR', 'CICEP', 'CIN', 'CPOFP', 'CRAIN', 'CSNOW', 'DLWRF', 'DPT', 'DSWRF', 'GUST', 'HGT', 'HLCY', 'ICETK', 'LHTFL', 'MSLET', 'PRES', 'PRMSL', 'PWAT', 'RH', 'SHTFL', 'SNOD', 'SOILW', 'TCDC', 'TMAX', 'TMIN', 'TMP', 'TSOIL', 'UGRD', 'ULWRF', 'USWRF', 'VGRD', 'VIS', 'WEASD']",38.0,ok,5.543988499965053,2026-07-05T21:57:27Z,
gfs,2026-07-06,0,15,https://nomads.ncep.noaa.gov/pub/data/nccf/com/gfs/prod/gfs.20260706/00/atmos/gfs.t00z.pgrb2.0p25.f015.idx,,,[],,error,4.004202299984172,,"HTTPStatusError: Redirect response '302 Moved Temporarily' for url 'https://nomads.ncep.noaa.gov/pub/data/nccf/com/gfs/prod/gfs.20260706/00/atmos/gfs.t00z.pgrb2.0p25.f015.idx'
For more information check: https://developer.mozilla.org/en-US/docs/Web/HTTP/Status/302"
gfs,2026-07-06,0,36,https://nomads.ncep.noaa.gov/pub/data/nccf/com/gfs/prod/gfs.20260706/00/atmos/gfs.t00z.pgrb2.0p25.f036.idx,743.0,89.0,"['4LFTX', 'ABSV', 'ACPCP', 'ALBDO', 'APCP', 'APTMP', 'CAPE', 'CFRZR', 'CICEP', 'CIN', 'CLWMR', 'CNWAT', 'CPOFP', 'CPRAT', 'CRAIN', 'CSNOW', 'CWAT', 'CWORK', 'DLWRF', 'DPT', 'DSWRF', 'DZDT', 'FLDCP', 'FRICV', 'GFLUX', 'GRLE', 'GUST', 'HCDC', 'HGT', 'HINDEX', 'HLCY', 'HPBL', 'ICAHT', 'ICEC', 'ICEG', 'ICETK', 'ICETMP', 'ICMR', 'LAND', 'LCDC', 'LFTX', 'LHTFL', 'MCDC', 'MSLET', 'O3MR', 'PEVPR', 'PLPL', 'POT', 'PRATE', 'PRES', 'PRMSL', 'PWAT', 'REFC', 'REFD', 'RH', 'RWMR', 'SFCR', 'SHTFL', 'SNMR', 'SNOD', 'SOILL', 'SOILW', 'SOTYP', 'SPFH', 'SUNSD', 'TCDC', 'TMAX', 'TMIN', 'TMP', 'TOZNE', 'TSOIL', 'U-GWD', 'UFLX', 'UGRD', 'ULWRF', 'USTM', 'USWRF', 'V-GWD', 'VEG', 'VFLX', 'VGRD', 'VIS', 'VRATE', 'VSTM', 'VVEL', 'VWSH', 'WATR', 'WEASD', 'WILT']",731.0,ok,2.678459299961105,2026-07-06T03:43:47Z,
gfs,2026-07-06,0,39,https://nomads.ncep.noaa.gov/pub/data/nccf/com/gfs/prod/gfs.20260706/00/atmos/gfs.t00z.pgrb2.0p25.f039.idx,743.0,89.0,"['4LFTX', 'ABSV', 'ACPCP', 'ALBDO', 'APCP', 'APTMP', 'CAPE', 'CFRZR', 'CICEP', 'CIN', 'CLWMR', 'CNWAT', 'CPOFP', 'CPRAT', 'CRAIN', 'CSNOW', 'CWAT', 'CWORK', 'DLWRF', 'DPT', 'DSWRF', 'DZDT', 'FLDCP', 'FRICV', 'GFLUX', 'GRLE', 'GUST', 'HCDC', 'HGT', 'HINDEX', 'HLCY', 'HPBL', 'ICAHT', 'ICEC', 'ICEG', 'ICETK', 'ICETMP', 'ICMR', 'LAND', 'LCDC', 'LFTX', 'LHTFL', 'MCDC', 'MSLET', 'O3MR', 'PEVPR', 'PLPL', 'POT', 'PRATE', 'PRES', 'PRMSL', 'PWAT', 'REFC', 'REFD', 'RH', 'RWMR', 'SFCR', 'SHTFL', 'SNMR', 'SNOD', 'SOILL', 'SOILW', 'SOTYP', 'SPFH', 'SUNSD', 'TCDC', 'TMAX', 'TMIN', 'TMP', 'TOZNE', 'TSOIL', 'U-GWD', 'UFLX', 'UGRD', 'ULWRF', 'USTM', 'USWRF', 'V-GWD', 'VEG', 'VFLX', 'VGRD', 'VIS', 'VRATE', 'VSTM', 'VVEL', 'VWSH', 'WATR', 'WEASD', 'WILT']",731.0,ok,2.688617300009355,2026-07-06T03:44:48Z,
gfs,2026-07-06,0,45,https://nomads.ncep.noaa.gov/pub/data/nccf/com/gfs/prod/gfs.20260706/00/atmos/gfs.t00z.pgrb2.0p25.f045.idx,,,[],,error,2.280001999984961,,"HTTPStatusError: Redirect response '302 Moved Temporarily' for url 'https://nomads.ncep.noaa.gov/pub/data/nccf/com/gfs/prod/gfs.20260706/00/atmos/gfs.t00z.pgrb2.0p25.f045.idx'
For more information check: https://developer.mozilla.org/en-US/docs/Web/HTTP/Status/302"
gfs,2026-07-06,0,48,https://nomads.ncep.noaa.gov/pub/data/nccf/com/gfs/prod/gfs.20260706/00/atmos/gfs.t00z.pgrb2.0p25.f048.idx,743.0,89.0,"['4LFTX', 'ABSV', 'ACPCP', 'ALBDO', 'APCP', 'APTMP', 'CAPE', 'CFRZR', 'CICEP', 'CIN', 'CLWMR', 'CNWAT', 'CPOFP', 'CPRAT', 'CRAIN', 'CSNOW', 'CWAT', 'CWORK', 'DLWRF', 'DPT', 'DSWRF', 'DZDT', 'FLDCP', 'FRICV', 'GFLUX', 'GRLE', 'GUST', 'HCDC', 'HGT', 'HINDEX', 'HLCY', 'HPBL', 'ICAHT', 'ICEC', 'ICEG', 'ICETK', 'ICETMP', 'ICMR', 'LAND', 'LCDC', 'LFTX', 'LHTFL', 'MCDC', 'MSLET', 'O3MR', 'PEVPR', 'PLPL', 'POT', 'PRATE', 'PRES', 'PRMSL', 'PWAT', 'REFC', 'REFD', 'RH', 'RWMR', 'SFCR', 'SHTFL', 'SNMR', 'SNOD', 'SOILL', 'SOILW', 'SOTYP', 'SPFH', 'SUNSD', 'TCDC', 'TMAX', 'TMIN', 'TMP', 'TOZNE', 'TSOIL', 'U-GWD', 'UFLX', 'UGRD', 'ULWRF', 'USTM', 'USWRF', 'V-GWD', 'VEG', 'VFLX', 'VGRD', 'VIS', 'VRATE', 'VSTM', 'VVEL', 'VWSH', 'WATR', 'WEASD', 'WILT']",731.0,ok,2.552929600002244,2026-07-06T03:47:11Z,
gfs,2026-07-06,6,3,https://nomads.ncep.noaa.gov/pub/data/nccf/com/gfs/prod/gfs.20260706/06/atmos/gfs.t06z.pgrb2.0p25.f003.idx,,,[],,error,2.278601100028027,,"HTTPStatusError: Redirect response '302 Moved Temporarily' for url 'https://nomads.ncep.noaa.gov/pub/data/nccf/com/gfs/prod/gfs.20260706/06/atmos/gfs.t06z.pgrb2.0p25.f003.idx'
For more information check: https://developer.mozilla.org/en-US/docs/Web/HTTP/Status/302"
gfs,2026-07-06,6,21,https://nomads.ncep.noaa.gov/pub/data/nccf/com/gfs/prod/gfs.20260706/06/atmos/gfs.t06z.pgrb2.0p25.f021.idx,,,[],,error,2.0043909999658354,,"HTTPStatusError: Redirect response '302 Moved Temporarily' for url 'https://nomads.ncep.noaa.gov/pub/data/nccf/com/gfs/prod/gfs.20260706/06/atmos/gfs.t06z.pgrb2.0p25.f021.idx'
For more information check: https://developer.mozilla.org/en-US/docs/Web/HTTP/Status/302"
gfs,2026-07-06,6,6,https://nomads.ncep.noaa.gov/pub/data/nccf/com/gfs/prod/gfs.20260706/06/atmos/gfs.t06z.pgrb2.0p25.f006.idx,,,[],,error,2.70079520001309,,"HTTPStatusError: Redirect response '302 Moved Temporarily' for url 'https://nomads.ncep.noaa.gov/pub/data/nccf/com/gfs/prod/gfs.20260706/06/atmos/gfs.t06z.pgrb2.0p25.f006.idx'
For more information check: https://developer.mozilla.org/en-US/docs/Web/HTTP/Status/302"
gfs,2026-07-06,6,12,https://nomads.ncep.noaa.gov/pub/data/nccf/com/gfs/prod/gfs.20260706/06/atmos/gfs.t06z.pgrb2.0p25.f012.idx,743.0,89.0,"['4LFTX', 'ABSV', 'ACPCP', 'ALBDO', 'APCP', 'APTMP', 'CAPE', 'CFRZR', 'CICEP', 'CIN', 'CLWMR', 'CNWAT', 'CPOFP', 'CPRAT', 'CRAIN', 'CSNOW', 'CWAT', 'CWORK', 'DLWRF', 'DPT', 'DSWRF', 'DZDT', 'FLDCP', 'FRICV', 'GFLUX', 'GRLE', 'GUST', 'HCDC', 'HGT', 'HINDEX', 'HLCY', 'HPBL', 'ICAHT', 'ICEC', 'ICEG', 'ICETK', 'ICETMP', 'ICMR', 'LAND', 'LCDC', 'LFTX', 'LHTFL', 'MCDC', 'MSLET', 'O3MR', 'PEVPR', 'PLPL', 'POT', 'PRATE', 'PRES', 'PRMSL', 'PWAT', 'REFC', 'REFD', 'RH', 'RWMR', 'SFCR', 'SHTFL', 'SNMR', 'SNOD', 'SOILL', 'SOILW', 'SOTYP', 'SPFH', 'SUNSD', 'TCDC', 'TMAX', 'TMIN', 'TMP', 'TOZNE', 'TSOIL', 'U-GWD', 'UFLX', 'UGRD', 'ULWRF', 'USTM', 'USWRF', 'V-GWD', 'VEG', 'VFLX', 'VGRD', 'VIS', 'VRATE', 'VSTM', 'VVEL', 'VWSH', 'WATR', 'WEASD', 'WILT']",731.0,ok,2.578272000013385,2026-07-06T09:35:44Z,
gfs,2026-07-06,6,15,https://nomads.ncep.noaa.gov/pub/data/nccf/com/gfs/prod/gfs.20260706/06/atmos/gfs.t06z.pgrb2.0p25.f015.idx,743.0,89.0,"['4LFTX', 'ABSV', 'ACPCP', 'ALBDO', 'APCP', 'APTMP', 'CAPE', 'CFRZR', 'CICEP', 'CIN', 'CLWMR', 'CNWAT', 'CPOFP', 'CPRAT', 'CRAIN', 'CSNOW', 'CWAT', 'CWORK', 'DLWRF', 'DPT', 'DSWRF', 'DZDT', 'FLDCP', 'FRICV', 'GFLUX', 'GRLE', 'GUST', 'HCDC', 'HGT', 'HINDEX', 'HLCY', 'HPBL', 'ICAHT', 'ICEC', 'ICEG', 'ICETK', 'ICETMP', 'ICMR', 'LAND', 'LCDC', 'LFTX', 'LHTFL', 'MCDC', 'MSLET', 'O3MR', 'PEVPR', 'PLPL', 'POT', 'PRATE', 'PRES', 'PRMSL', 'PWAT', 'REFC', 'REFD', 'RH', 'RWMR', 'SFCR', 'SHTFL', 'SNMR', 'SNOD', 'SOILL', 'SOILW', 'SOTYP', 'SPFH', 'SUNSD', 'TCDC', 'TMAX', 'TMIN', 'TMP', 'TOZNE', 'TSOIL', 'U-GWD', 'UFLX', 'UGRD', 'ULWRF', 'USTM', 'USWRF', 'V-GWD', 'VEG', 'VFLX', 'VGRD', 'VIS', 'VRATE', 'VSTM', 'VVEL', 'VWSH', 'WATR', 'WEASD', 'WILT']",731.0,ok,2.5067553999833763,2026-07-06T09:36:19Z,
gfs,2026-07-06,6,0,https://nomads.ncep.noaa.gov/pub/data/nccf/com/gfs/prod/gfs.20260706/06/atmos/gfs.t06z.pgrb2.0p25.f000.idx,696.0,69.0,"['4LFTX', 'ABSV', 'APTMP', 'CAPE', 'CFRZR', 'CICEP', 'CIN', 'CLWMR', 'CNWAT', 'CPOFP', 'CRAIN', 'CSNOW', 'CWAT', 'DPT', 'DZDT', 'FLDCP', 'FRICV', 'GRLE', 'GUST', 'HCDC', 'HGT', 'HINDEX', 'HLCY', 'HPBL', 'ICAHT', 'ICEC', 'ICEG', 'ICETK', 'ICETMP', 'ICMR', 'LAND', 'LCDC', 'LFTX', 'MCDC', 'MSLET', 'O3MR', 'PLPL', 'POT', 'PRATE', 'PRES', 'PRMSL', 'PWAT', 'REFC', 'REFD', 'RH', 'RWMR', 'SFCR', 'SNMR', 'SNOD', 'SOILL', 'SOILW', 'SOTYP', 'SPFH', 'SUNSD', 'TCDC', 'TMP', 'TOZNE', 'TSOIL', 'UGRD', 'USTM', 'VEG', 'VGRD', 'VIS', 'VRATE', 'VSTM', 'VVEL', 'VWSH', 'WEASD', 'WILT']",696.0,ok,3.35252140002558,2026-07-06T09:32:18Z,
gfs,2026-07-06,6,24,https://nomads.ncep.noaa.gov/pub/data/nccf/com/gfs/prod/gfs.20260706/06/atmos/gfs.t06z.pgrb2.0p25.f024.idx,743.0,89.0,"['4LFTX', 'ABSV', 'ACPCP', 'ALBDO', 'APCP', 'APTMP', 'CAPE', 'CFRZR', 'CICEP', 'CIN', 'CLWMR', 'CNWAT', 'CPOFP', 'CPRAT', 'CRAIN', 'CSNOW', 'CWAT', 'CWORK', 'DLWRF', 'DPT', 'DSWRF', 'DZDT', 'FLDCP', 'FRICV', 'GFLUX', 'GRLE', 'GUST', 'HCDC', 'HGT', 'HINDEX', 'HLCY', 'HPBL', 'ICAHT', 'ICEC', 'ICEG', 'ICETK', 'ICETMP', 'ICMR', 'LAND', 'LCDC', 'LFTX', 'LHTFL', 'MCDC', 'MSLET', 'O3MR', 'PEVPR', 'PLPL', 'POT', 'PRATE', 'PRES', 'PRMSL', 'PWAT', 'REFC', 'REFD', 'RH', 'RWMR', 'SFCR', 'SHTFL', 'SNMR', 'SNOD', 'SOILL', 'SOILW', 'SOTYP', 'SPFH', 'SUNSD', 'TCDC', 'TMAX', 'TMIN', 'TMP', 'TOZNE', 'TSOIL', 'U-GWD', 'UFLX', 'UGRD', 'ULWRF', 'USTM', 'USWRF', 'V-GWD', 'VEG', 'VFLX', 'VGRD', 'VIS', 'VRATE', 'VSTM', 'VVEL', 'VWSH', 'WATR', 'WEASD', 'WILT']",731.0,ok,2.456579799996689,2026-07-06T09:39:21Z,
gfs,2026-07-06,6,27,https://nomads.ncep.noaa.gov/pub/data/nccf/com/gfs/prod/gfs.20260706/06/atmos/gfs.t06z.pgrb2.0p25.f027.idx,743.0,89.0,"['4LFTX', 'ABSV', 'ACPCP', 'ALBDO', 'APCP', 'APTMP', 'CAPE', 'CFRZR', 'CICEP', 'CIN', 'CLWMR', 'CNWAT', 'CPOFP', 'CPRAT', 'CRAIN', 'CSNOW', 'CWAT', 'CWORK', 'DLWRF', 'DPT', 'DSWRF', 'DZDT', 'FLDCP', 'FRICV', 'GFLUX', 'GRLE', 'GUST', 'HCDC', 'HGT', 'HINDEX', 'HLCY', 'HPBL', 'ICAHT', 'ICEC', 'ICEG', 'ICETK', 'ICETMP', 'ICMR', 'LAND', 'LCDC', 'LFTX', 'LHTFL', 'MCDC', 'MSLET', 'O3MR', 'PEVPR', 'PLPL', 'POT', 'PRATE', 'PRES', 'PRMSL', 'PWAT', 'REFC', 'REFD', 'RH', 'RWMR', 'SFCR', 'SHTFL', 'SNMR', 'SNOD', 'SOILL', 'SOILW', 'SOTYP', 'SPFH', 'SUNSD', 'TCDC', 'TMAX', 'TMIN', 'TMP', 'TOZNE', 'TSOIL', 'U-GWD', 'UFLX', 'UGRD', 'ULWRF', 'USTM', 'USWRF', 'V-GWD', 'VEG', 'VFLX', 'VGRD', 'VIS', 'VRATE', 'VSTM', 'VVEL', 'VWSH', 'WATR', 'WEASD', 'WILT']",731.0,ok,2.4550654999911785,2026-07-06T09:39:42Z,
gfs,2026-07-06,0,42,https://nomads.ncep.noaa.gov/pub/data/nccf/com/gfs/prod/gfs.20260706/00/atmos/gfs.t00z.pgrb2.0p25.f042.idx,743.0,89.0,"['4LFTX', 'ABSV', 'ACPCP', 'ALBDO', 'APCP', 'APTMP', 'CAPE', 'CFRZR', 'CICEP', 'CIN', 'CLWMR', 'CNWAT', 'CPOFP', 'CPRAT', 'CRAIN', 'CSNOW', 'CWAT', 'CWORK', 'DLWRF', 'DPT', 'DSWRF', 'DZDT', 'FLDCP', 'FRICV', 'GFLUX', 'GRLE', 'GUST', 'HCDC', 'HGT', 'HINDEX', 'HLCY', 'HPBL', 'ICAHT', 'ICEC', 'ICEG', 'ICETK', 'ICETMP', 'ICMR', 'LAND', 'LCDC', 'LFTX', 'LHTFL', 'MCDC', 'MSLET', 'O3MR', 'PEVPR', 'PLPL', 'POT', 'PRATE', 'PRES', 'PRMSL', 'PWAT', 'REFC', 'REFD', 'RH', 'RWMR', 'SFCR', 'SHTFL', 'SNMR', 'SNOD', 'SOILL', 'SOILW', 'SOTYP', 'SPFH', 'SUNSD', 'TCDC', 'TMAX', 'TMIN', 'TMP', 'TOZNE', 'TSOIL', 'U-GWD', 'UFLX', 'UGRD', 'ULWRF', 'USTM', 'USWRF', 'V-GWD', 'VEG', 'VFLX', 'VGRD', 'VIS', 'VRATE', 'VSTM', 'VVEL', 'VWSH', 'WATR', 'WEASD', 'WILT']",731.0,ok,4.245260199997574,2026-07-06T03:45:34Z,
gfs,2026-07-06,12,0,https://nomads.ncep.noaa.gov/pub/data/nccf/com/gfs/prod/gfs.20260706/12/atmos/gfs.t12z.pgrb2.0p25.f000.idx,696.0,69.0,"['4LFTX', 'ABSV', 'APTMP', 'CAPE', 'CFRZR', 'CICEP', 'CIN', 'CLWMR', 'CNWAT', 'CPOFP', 'CRAIN', 'CSNOW', 'CWAT', 'DPT', 'DZDT', 'FLDCP', 'FRICV', 'GRLE', 'GUST', 'HCDC', 'HGT', 'HINDEX', 'HLCY', 'HPBL', 'ICAHT', 'ICEC', 'ICEG', 'ICETK', 'ICETMP', 'ICMR', 'LAND', 'LCDC', 'LFTX', 'MCDC', 'MSLET', 'O3MR', 'PLPL', 'POT', 'PRATE', 'PRES', 'PRMSL', 'PWAT', 'REFC', 'REFD', 'RH', 'RWMR', 'SFCR', 'SNMR', 'SNOD', 'SOILL', 'SOILW', 'SOTYP', 'SPFH', 'SUNSD', 'TCDC', 'TMP', 'TOZNE', 'TSOIL', 'UGRD', 'USTM', 'VEG', 'VGRD', 'VIS', 'VRATE', 'VSTM', 'VVEL', 'VWSH', 'WEASD', 'WILT']",696.0,ok,1.8604062999947928,2026-07-06T15:32:01Z,
gfs,2026-07-06,6,48,https://nomads.ncep.noaa.gov/pub/data/nccf/com/gfs/prod/gfs.20260706/06/atmos/gfs.t06z.pgrb2.0p25.f048.idx,743.0,89.0,"['4LFTX', 'ABSV', 'ACPCP', 'ALBDO', 'APCP', 'APTMP', 'CAPE', 'CFRZR', 'CICEP', 'CIN', 'CLWMR', 'CNWAT', 'CPOFP', 'CPRAT', 'CRAIN', 'CSNOW', 'CWAT', 'CWORK', 'DLWRF', 'DPT', 'DSWRF', 'DZDT', 'FLDCP', 'FRICV', 'GFLUX', 'GRLE', 'GUST', 'HCDC', 'HGT', 'HINDEX', 'HLCY', 'HPBL', 'ICAHT', 'ICEC', 'ICEG', 'ICETK', 'ICETMP', 'ICMR', 'LAND', 'LCDC', 'LFTX', 'LHTFL', 'MCDC', 'MSLET', 'O3MR', 'PEVPR', 'PLPL', 'POT', 'PRATE', 'PRES', 'PRMSL', 'PWAT', 'REFC', 'REFD', 'RH', 'RWMR', 'SFCR', 'SHTFL', 'SNMR', 'SNOD', 'SOILL', 'SOILW', 'SOTYP', 'SPFH', 'SUNSD', 'TCDC', 'TMAX', 'TMIN', 'TMP', 'TOZNE', 'TSOIL', 'U-GWD', 'UFLX', 'UGRD', 'ULWRF', 'USTM', 'USWRF', 'V-GWD', 'VEG', 'VFLX', 'VGRD', 'VIS', 'VRATE', 'VSTM', 'VVEL', 'VWSH', 'WATR', 'WEASD', 'WILT']",731.0,ok,2.186413099989295,2026-07-06T09:45:28Z,
gfs,2026-07-06,6,45,https://nomads.ncep.noaa.gov/pub/data/nccf/com/gfs/prod/gfs.20260706/06/atmos/gfs.t06z.pgrb2.0p25.f045.idx,743.0,89.0,"['4LFTX', 'ABSV', 'ACPCP', 'ALBDO', 'APCP', 'APTMP', 'CAPE', 'CFRZR', 'CICEP', 'CIN', 'CLWMR', 'CNWAT', 'CPOFP', 'CPRAT', 'CRAIN', 'CSNOW', 'CWAT', 'CWORK', 'DLWRF', 'DPT', 'DSWRF', 'DZDT', 'FLDCP', 'FRICV', 'GFLUX', 'GRLE', 'GUST', 'HCDC', 'HGT', 'HINDEX', 'HLCY', 'HPBL', 'ICAHT', 'ICEC', 'ICEG', 'ICETK', 'ICETMP', 'ICMR', 'LAND', 'LCDC', 'LFTX', 'LHTFL', 'MCDC', 'MSLET', 'O3MR', 'PEVPR', 'PLPL', 'POT', 'PRATE', 'PRES', 'PRMSL', 'PWAT', 'REFC', 'REFD', 'RH', 'RWMR', 'SFCR', 'SHTFL', 'SNMR', 'SNOD', 'SOILL', 'SOILW', 'SOTYP', 'SPFH', 'SUNSD', 'TCDC', 'TMAX', 'TMIN', 'TMP', 'TOZNE', 'TSOIL', 'U-GWD', 'UFLX', 'UGRD', 'ULWRF', 'USTM', 'USWRF', 'V-GWD', 'VEG', 'VFLX', 'VGRD', 'VIS', 'VRATE', 'VSTM', 'VVEL', 'VWSH', 'WATR', 'WEASD', 'WILT']",731.0,ok,2.3204678000183776,2026-07-06T09:44:38Z,
gfs,2026-07-06,12,6,https://nomads.ncep.noaa.gov/pub/data/nccf/com/gfs/prod/gfs.20260706/12/atmos/gfs.t12z.pgrb2.0p25.f006.idx,743.0,89.0,"['4LFTX', 'ABSV', 'ACPCP', 'ALBDO', 'APCP', 'APTMP', 'CAPE', 'CFRZR', 'CICEP', 'CIN', 'CLWMR', 'CNWAT', 'CPOFP', 'CPRAT', 'CRAIN', 'CSNOW', 'CWAT', 'CWORK', 'DLWRF', 'DPT', 'DSWRF', 'DZDT', 'FLDCP', 'FRICV', 'GFLUX', 'GRLE', 'GUST', 'HCDC', 'HGT', 'HINDEX', 'HLCY', 'HPBL', 'ICAHT', 'ICEC', 'ICEG', 'ICETK', 'ICETMP', 'ICMR', 'LAND', 'LCDC', 'LFTX', 'LHTFL', 'MCDC', 'MSLET', 'O3MR', 'PEVPR', 'PLPL', 'POT', 'PRATE', 'PRES', 'PRMSL', 'PWAT', 'REFC', 'REFD', 'RH', 'RWMR', 'SFCR', 'SHTFL', 'SNMR', 'SNOD', 'SOILL', 'SOILW', 'SOTYP', 'SPFH', 'SUNSD', 'TCDC', 'TMAX', 'TMIN', 'TMP', 'TOZNE', 'TSOIL', 'U-GWD', 'UFLX', 'UGRD', 'ULWRF', 'USTM', 'USWRF', 'V-GWD', 'VEG', 'VFLX', 'VGRD', 'VIS', 'VRATE', 'VSTM', 'VVEL', 'VWSH', 'WATR', 'WEASD', 'WILT']",731.0,ok,1.8102422000374645,2026-07-06T15:33:23Z,
gfs,2026-07-06,6,9,https://nomads.ncep.noaa.gov/pub/data/nccf/com/gfs/prod/gfs.20260706/06/atmos/gfs.t06z.pgrb2.0p25.f009.idx,743.0,89.0,"['4LFTX', 'ABSV', 'ACPCP', 'ALBDO', 'APCP', 'APTMP', 'CAPE', 'CFRZR', 'CICEP', 'CIN', 'CLWMR', 'CNWAT', 'CPOFP', 'CPRAT', 'CRAIN', 'CSNOW', 'CWAT', 'CWORK', 'DLWRF', 'DPT', 'DSWRF', 'DZDT', 'FLDCP', 'FRICV', 'GFLUX', 'GRLE', 'GUST', 'HCDC', 'HGT', 'HINDEX', 'HLCY', 'HPBL', 'ICAHT', 'ICEC', 'ICEG', 'ICETK', 'ICETMP', 'ICMR', 'LAND', 'LCDC', 'LFTX', 'LHTFL', 'MCDC', 'MSLET', 'O3MR', 'PEVPR', 'PLPL', 'POT', 'PRATE', 'PRES', 'PRMSL', 'PWAT', 'REFC', 'REFD', 'RH', 'RWMR', 'SFCR', 'SHTFL', 'SNMR', 'SNOD', 'SOILL', 'SOILW', 'SOTYP', 'SPFH', 'SUNSD', 'TCDC', 'TMAX', 'TMIN', 'TMP', 'TOZNE', 'TSOIL', 'U-GWD', 'UFLX', 'UGRD', 'ULWRF', 'USTM', 'USWRF', 'V-GWD', 'VEG', 'VFLX', 'VGRD', 'VIS', 'VRATE', 'VSTM', 'VVEL', 'VWSH', 'WATR', 'WEASD', 'WILT']",731.0,ok,3.7955866000265814,2026-07-06T09:34:28Z,
gfs,2026-07-06,6,18,https://nomads.ncep.noaa.gov/pub/data/nccf/com/gfs/prod/gfs.20260706/06/atmos/gfs.t06z.pgrb2.0p25.f018.idx,,,[],,error,3.6929336999892257,,"HTTPStatusError: Redirect response '302 Moved Temporarily' for url 'https://nomads.ncep.noaa.gov/pub/data/nccf/com/gfs/prod/gfs.20260706/06/atmos/gfs.t06z.pgrb2.0p25.f018.idx'
For more information check: https://developer.mozilla.org/en-US/docs/Web/HTTP/Status/302"
gfs,2026-07-06,12,3,https://nomads.ncep.noaa.gov/pub/data/nccf/com/gfs/prod/gfs.20260706/12/atmos/gfs.t12z.pgrb2.0p25.f003.idx,743.0,89.0,"['4LFTX', 'ABSV', 'ACPCP', 'ALBDO', 'APCP', 'APTMP', 'CAPE', 'CFRZR', 'CICEP', 'CIN', 'CLWMR', 'CNWAT', 'CPOFP', 'CPRAT', 'CRAIN', 'CSNOW', 'CWAT', 'CWORK', 'DLWRF', 'DPT', 'DSWRF', 'DZDT', 'FLDCP', 'FRICV', 'GFLUX', 'GRLE', 'GUST', 'HCDC', 'HGT', 'HINDEX', 'HLCY', 'HPBL', 'ICAHT', 'ICEC', 'ICEG', 'ICETK', 'ICETMP', 'ICMR', 'LAND', 'LCDC', 'LFTX', 'LHTFL', 'MCDC', 'MSLET', 'O3MR', 'PEVPR', 'PLPL', 'POT', 'PRATE', 'PRES', 'PRMSL', 'PWAT', 'REFC', 'REFD', 'RH', 'RWMR', 'SFCR', 'SHTFL', 'SNMR', 'SNOD', 'SOILL', 'SOILW', 'SOTYP', 'SPFH', 'SUNSD', 'TCDC', 'TMAX', 'TMIN', 'TMP', 'TOZNE', 'TSOIL', 'U-GWD', 'UFLX', 'UGRD', 'ULWRF', 'USTM', 'USWRF', 'V-GWD', 'VEG', 'VFLX', 'VGRD', 'VIS', 'VRATE', 'VSTM', 'VVEL', 'VWSH', 'WATR', 'WEASD', 'WILT']",731.0,ok,2.121106799982954,2026-07-06T15:32:50Z,
gfs,2026-07-06,12,9,https://nomads.ncep.noaa.gov/pub/data/nccf/com/gfs/prod/gfs.20260706/12/atmos/gfs.t12z.pgrb2.0p25.f009.idx,,,[],,error,2.3127774000167847,,"HTTPStatusError: Redirect response '302 Moved Temporarily' for url 'https://nomads.ncep.noaa.gov/pub/data/nccf/com/gfs/prod/gfs.20260706/12/atmos/gfs.t12z.pgrb2.0p25.f009.idx'
For more information check: https://developer.mozilla.org/en-US/docs/Web/HTTP/Status/302"
gfs,2026-07-06,6,30,https://nomads.ncep.noaa.gov/pub/data/nccf/com/gfs/prod/gfs.20260706/06/atmos/gfs.t06z.pgrb2.0p25.f030.idx,743.0,89.0,"['4LFTX', 'ABSV', 'ACPCP', 'ALBDO', 'APCP', 'APTMP', 'CAPE', 'CFRZR', 'CICEP', 'CIN', 'CLWMR', 'CNWAT', 'CPOFP', 'CPRAT', 'CRAIN', 'CSNOW', 'CWAT', 'CWORK', 'DLWRF', 'DPT', 'DSWRF', 'DZDT', 'FLDCP', 'FRICV', 'GFLUX', 'GRLE', 'GUST', 'HCDC', 'HGT', 'HINDEX', 'HLCY', 'HPBL', 'ICAHT', 'ICEC', 'ICEG', 'ICETK', 'ICETMP', 'ICMR', 'LAND', 'LCDC', 'LFTX', 'LHTFL', 'MCDC', 'MSLET', 'O3MR', 'PEVPR', 'PLPL', 'POT', 'PRATE', 'PRES', 'PRMSL', 'PWAT', 'REFC', 'REFD', 'RH', 'RWMR', 'SFCR', 'SHTFL', 'SNMR', 'SNOD', 'SOILL', 'SOILW', 'SOTYP', 'SPFH', 'SUNSD', 'TCDC', 'TMAX', 'TMIN', 'TMP', 'TOZNE', 'TSOIL', 'U-GWD', 'UFLX', 'UGRD', 'ULWRF', 'USTM', 'USWRF', 'V-GWD', 'VEG', 'VFLX', 'VGRD', 'VIS', 'VRATE', 'VSTM', 'VVEL', 'VWSH', 'WATR', 'WEASD', 'WILT']",731.0,ok,4.193496200023219,2026-07-06T09:40:45Z,
gfs,2026-07-06,6,33,https://nomads.ncep.noaa.gov/pub/data/nccf/com/gfs/prod/gfs.20260706/06/atmos/gfs.t06z.pgrb2.0p25.f033.idx,743.0,89.0,"['4LFTX', 'ABSV', 'ACPCP', 'ALBDO', 'APCP', 'APTMP', 'CAPE', 'CFRZR', 'CICEP', 'CIN', 'CLWMR', 'CNWAT', 'CPOFP', 'CPRAT', 'CRAIN', 'CSNOW', 'CWAT', 'CWORK', 'DLWRF', 'DPT', 'DSWRF', 'DZDT', 'FLDCP', 'FRICV', 'GFLUX', 'GRLE', 'GUST', 'HCDC', 'HGT', 'HINDEX', 'HLCY', 'HPBL', 'ICAHT', 'ICEC', 'ICEG', 'ICETK', 'ICETMP', 'ICMR', 'LAND', 'LCDC', 'LFTX', 'LHTFL', 'MCDC', 'MSLET', 'O3MR', 'PEVPR', 'PLPL', 'POT', 'PRATE', 'PRES', 'PRMSL', 'PWAT', 'REFC', 'REFD', 'RH', 'RWMR', 'SFCR', 'SHTFL', 'SNMR', 'SNOD', 'SOILL', 'SOILW', 'SOTYP', 'SPFH', 'SUNSD', 'TCDC', 'TMAX', 'TMIN', 'TMP', 'TOZNE', 'TSOIL', 'U-GWD', 'UFLX', 'UGRD', 'ULWRF', 'USTM', 'USWRF', 'V-GWD', 'VEG', 'VFLX', 'VGRD', 'VIS', 'VRATE', 'VSTM', 'VVEL', 'VWSH', 'WATR', 'WEASD', 'WILT']",731.0,ok,4.097498099959921,2026-07-06T09:41:46Z,
gfs,2026-07-06,12,15,https://nomads.ncep.noaa.gov/pub/data/nccf/com/gfs/prod/gfs.20260706/12/atmos/gfs.t12z.pgrb2.0p25.f015.idx,743.0,89.0,"['4LFTX', 'ABSV', 'ACPCP', 'ALBDO', 'APCP', 'APTMP', 'CAPE', 'CFRZR', 'CICEP', 'CIN', 'CLWMR', 'CNWAT', 'CPOFP', 'CPRAT', 'CRAIN', 'CSNOW', 'CWAT', 'CWORK', 'DLWRF', 'DPT', 'DSWRF', 'DZDT', 'FLDCP', 'FRICV', 'GFLUX', 'GRLE', 'GUST', 'HCDC', 'HGT', 'HINDEX', 'HLCY', 'HPBL', 'ICAHT', 'ICEC', 'ICEG', 'ICETK', 'ICETMP', 'ICMR', 'LAND', 'LCDC', 'LFTX', 'LHTFL', 'MCDC', 'MSLET', 'O3MR', 'PEVPR', 'PLPL', 'POT', 'PRATE', 'PRES', 'PRMSL', 'PWAT', 'REFC', 'REFD', 'RH', 'RWMR', 'SFCR', 'SHTFL', 'SNMR', 'SNOD', 'SOILL', 'SOILW', 'SOTYP', 'SPFH', 'SUNSD', 'TCDC', 'TMAX', 'TMIN', 'TMP', 'TOZNE', 'TSOIL', 'U-GWD', 'UFLX', 'UGRD', 'ULWRF', 'USTM', 'USWRF', 'V-GWD', 'VEG', 'VFLX', 'VGRD', 'VIS', 'VRATE', 'VSTM', 'VVEL', 'VWSH', 'WATR', 'WEASD', 'WILT']",731.0,ok,2.3591980999917723,2026-07-06T15:36:00Z,
gfs,2026-07-06,12,18,https://nomads.ncep.noaa.gov/pub/data/nccf/com/gfs/prod/gfs.20260706/12/atmos/gfs.t12z.pgrb2.0p25.f018.idx,743.0,89.0,"['4LFTX', 'ABSV', 'ACPCP', 'ALBDO', 'APCP', 'APTMP', 'CAPE', 'CFRZR', 'CICEP', 'CIN', 'CLWMR', 'CNWAT', 'CPOFP', 'CPRAT', 'CRAIN', 'CSNOW', 'CWAT', 'CWORK', 'DLWRF', 'DPT', 'DSWRF', 'DZDT', 'FLDCP', 'FRICV', 'GFLUX', 'GRLE', 'GUST', 'HCDC', 'HGT', 'HINDEX', 'HLCY', 'HPBL', 'ICAHT', 'ICEC', 'ICEG', 'ICETK', 'ICETMP', 'ICMR', 'LAND', 'LCDC', 'LFTX', 'LHTFL', 'MCDC', 'MSLET', 'O3MR', 'PEVPR', 'PLPL', 'POT', 'PRATE', 'PRES', 'PRMSL', 'PWAT', 'REFC', 'REFD', 'RH', 'RWMR', 'SFCR', 'SHTFL', 'SNMR', 'SNOD', 'SOILL', 'SOILW', 'SOTYP', 'SPFH', 'SUNSD', 'TCDC', 'TMAX', 'TMIN', 'TMP', 'TOZNE', 'TSOIL', 'U-GWD', 'UFLX', 'UGRD', 'ULWRF', 'USTM', 'USWRF', 'V-GWD', 'VEG', 'VFLX', 'VGRD', 'VIS', 'VRATE', 'VSTM', 'VVEL', 'VWSH', 'WATR', 'WEASD', 'WILT']",731.0,ok,2.358444400015287,2026-07-06T15:36:26Z,
gfs,2026-07-06,6,42,https://nomads.ncep.noaa.gov/pub/data/nccf/com/gfs/prod/gfs.20260706/06/atmos/gfs.t06z.pgrb2.0p25.f042.idx,743.0,89.0,"['4LFTX', 'ABSV', 'ACPCP', 'ALBDO', 'APCP', 'APTMP', 'CAPE', 'CFRZR', 'CICEP', 'CIN', 'CLWMR', 'CNWAT', 'CPOFP', 'CPRAT', 'CRAIN', 'CSNOW', 'CWAT', 'CWORK', 'DLWRF', 'DPT', 'DSWRF', 'DZDT', 'FLDCP', 'FRICV', 'GFLUX', 'GRLE', 'GUST', 'HCDC', 'HGT', 'HINDEX', 'HLCY', 'HPBL', 'ICAHT', 'ICEC', 'ICEG', 'ICETK', 'ICETMP', 'ICMR', 'LAND', 'LCDC', 'LFTX', 'LHTFL', 'MCDC', 'MSLET', 'O3MR', 'PEVPR', 'PLPL', 'POT', 'PRATE', 'PRES', 'PRMSL', 'PWAT', 'REFC', 'REFD', 'RH', 'RWMR', 'SFCR', 'SHTFL', 'SNMR', 'SNOD', 'SOILL', 'SOILW', 'SOTYP', 'SPFH', 'SUNSD', 'TCDC', 'TMAX', 'TMIN', 'TMP', 'TOZNE', 'TSOIL', 'U-GWD', 'UFLX', 'UGRD', 'ULWRF', 'USTM', 'USWRF', 'V-GWD', 'VEG', 'VFLX', 'VGRD', 'VIS', 'VRATE', 'VSTM', 'VVEL', 'VWSH', 'WATR', 'WEASD', 'WILT']",731.0,ok,3.9699214000138454,2026-07-06T09:43:58Z,
gfs,2026-07-06,12,24,https://nomads.ncep.noaa.gov/pub/data/nccf/com/gfs/prod/gfs.20260706/12/atmos/gfs.t12z.pgrb2.0p25.f024.idx,,,[],,error,2.3377507000113837,,"HTTPStatusError: Redirect response '302 Moved Temporarily' for url 'https://nomads.ncep.noaa.gov/pub/data/nccf/com/gfs/prod/gfs.20260706/12/atmos/gfs.t12z.pgrb2.0p25.f024.idx'
For more information check: https://developer.mozilla.org/en-US/docs/Web/HTTP/Status/302"
gfs,2026-07-06,12,27,https://nomads.ncep.noaa.gov/pub/data/nccf/com/gfs/prod/gfs.20260706/12/atmos/gfs.t12z.pgrb2.0p25.f027.idx,,,[],,error,2.298182700003963,,"HTTPStatusError: Redirect response '302 Moved Temporarily' for url 'https://nomads.ncep.noaa.gov/pub/data/nccf/com/gfs/prod/gfs.20260706/12/atmos/gfs.t12z.pgrb2.0p25.f027.idx'
For more information check: https://developer.mozilla.org/en-US/docs/Web/HTTP/Status/302"
gfs,2026-07-06,6,39,https://nomads.ncep.noaa.gov/pub/data/nccf/com/gfs/prod/gfs.20260706/06/atmos/gfs.t06z.pgrb2.0p25.f039.idx,,,[],,error,4.257335899979807,,"HTTPStatusError: Redirect response '302 Moved Temporarily' for url 'https://nomads.ncep.noaa.gov/pub/data/nccf/com/gfs/prod/gfs.20260706/06/atmos/gfs.t06z.pgrb2.0p25.f039.idx'
For more information check: https://developer.mozilla.org/en-US/docs/Web/HTTP/Status/302"
gfs,2026-07-06,6,36,https://nomads.ncep.noaa.gov/pub/data/nccf/com/gfs/prod/gfs.20260706/06/atmos/gfs.t06z.pgrb2.0p25.f036.idx,743.0,89.0,"['4LFTX', 'ABSV', 'ACPCP', 'ALBDO', 'APCP', 'APTMP', 'CAPE', 'CFRZR', 'CICEP', 'CIN', 'CLWMR', 'CNWAT', 'CPOFP', 'CPRAT', 'CRAIN', 'CSNOW', 'CWAT', 'CWORK', 'DLWRF', 'DPT', 'DSWRF', 'DZDT', 'FLDCP', 'FRICV', 'GFLUX', 'GRLE', 'GUST', 'HCDC', 'HGT', 'HINDEX', 'HLCY', 'HPBL', 'ICAHT', 'ICEC', 'ICEG', 'ICETK', 'ICETMP', 'ICMR', 'LAND', 'LCDC', 'LFTX', 'LHTFL', 'MCDC', 'MSLET', 'O3MR', 'PEVPR', 'PLPL', 'POT', 'PRATE', 'PRES', 'PRMSL', 'PWAT', 'REFC', 'REFD', 'RH', 'RWMR', 'SFCR', 'SHTFL', 'SNMR', 'SNOD', 'SOILL', 'SOILW', 'SOTYP', 'SPFH', 'SUNSD', 'TCDC', 'TMAX', 'TMIN', 'TMP', 'TOZNE', 'TSOIL', 'U-GWD', 'UFLX', 'UGRD', 'ULWRF', 'USTM', 'USWRF', 'V-GWD', 'VEG', 'VFLX', 'VGRD', 'VIS', 'VRATE', 'VSTM', 'VVEL', 'VWSH', 'WATR', 'WEASD', 'WILT']",731.0,ok,4.5501788999536075,2026-07-06T09:42:57Z,
gfs,2026-07-06,12,33,https://nomads.ncep.noaa.gov/pub/data/nccf/com/gfs/prod/gfs.20260706/12/atmos/gfs.t12z.pgrb2.0p25.f033.idx,,,[],,error,2.3741235999623314,,"HTTPStatusError: Redirect response '302 Moved Temporarily' for url 'https://nomads.ncep.noaa.gov/pub/data/nccf/com/gfs/prod/gfs.20260706/12/atmos/gfs.t12z.pgrb2.0p25.f033.idx'
For more information check: https://developer.mozilla.org/en-US/docs/Web/HTTP/Status/302"
gfs,2026-07-06,12,39,https://nomads.ncep.noaa.gov/pub/data/nccf/com/gfs/prod/gfs.20260706/12/atmos/gfs.t12z.pgrb2.0p25.f039.idx,743.0,89.0,"['4LFTX', 'ABSV', 'ACPCP', 'ALBDO', 'APCP', 'APTMP', 'CAPE', 'CFRZR', 'CICEP', 'CIN', 'CLWMR', 'CNWAT', 'CPOFP', 'CPRAT', 'CRAIN', 'CSNOW', 'CWAT', 'CWORK', 'DLWRF', 'DPT', 'DSWRF', 'DZDT', 'FLDCP', 'FRICV', 'GFLUX', 'GRLE', 'GUST', 'HCDC', 'HGT', 'HINDEX', 'HLCY', 'HPBL', 'ICAHT', 'ICEC', 'ICEG', 'ICETK', 'ICETMP', 'ICMR', 'LAND', 'LCDC', 'LFTX', 'LHTFL', 'MCDC', 'MSLET', 'O3MR', 'PEVPR', 'PLPL', 'POT', 'PRATE', 'PRES', 'PRMSL', 'PWAT', 'REFC', 'REFD', 'RH', 'RWMR', 'SFCR', 'SHTFL', 'SNMR', 'SNOD', 'SOILL', 'SOILW', 'SOTYP', 'SPFH', 'SUNSD', 'TCDC', 'TMAX', 'TMIN', 'TMP', 'TOZNE', 'TSOIL', 'U-GWD', 'UFLX', 'UGRD', 'ULWRF', 'USTM', 'USWRF', 'V-GWD', 'VEG', 'VFLX', 'VGRD', 'VIS', 'VRATE', 'VSTM', 'VVEL', 'VWSH', 'WATR', 'WEASD', 'WILT']",731.0,ok,2.2824511000071652,2026-07-06T15:42:16Z,
gfs,2026-07-06,12,36,https://nomads.ncep.noaa.gov/pub/data/nccf/com/gfs/prod/gfs.20260706/12/atmos/gfs.t12z.pgrb2.0p25.f036.idx,,,[],,error,2.4159687000210397,,"HTTPStatusError: Redirect response '302 Moved Temporarily' for url 'https://nomads.ncep.noaa.gov/pub/data/nccf/com/gfs/prod/gfs.20260706/12/atmos/gfs.t12z.pgrb2.0p25.f036.idx'
For more information check: https://developer.mozilla.org/en-US/docs/Web/HTTP/Status/302"
gfs,2026-07-06,12,42,https://nomads.ncep.noaa.gov/pub/data/nccf/com/gfs/prod/gfs.20260706/12/atmos/gfs.t12z.pgrb2.0p25.f042.idx,743.0,89.0,"['4LFTX', 'ABSV', 'ACPCP', 'ALBDO', 'APCP', 'APTMP', 'CAPE', 'CFRZR', 'CICEP', 'CIN', 'CLWMR', 'CNWAT', 'CPOFP', 'CPRAT', 'CRAIN', 'CSNOW', 'CWAT', 'CWORK', 'DLWRF', 'DPT', 'DSWRF', 'DZDT', 'FLDCP', 'FRICV', 'GFLUX', 'GRLE', 'GUST', 'HCDC', 'HGT', 'HINDEX', 'HLCY', 'HPBL', 'ICAHT', 'ICEC', 'ICEG', 'ICETK', 'ICETMP', 'ICMR', 'LAND', 'LCDC', 'LFTX', 'LHTFL', 'MCDC', 'MSLET', 'O3MR', 'PEVPR', 'PLPL', 'POT', 'PRATE', 'PRES', 'PRMSL', 'PWAT', 'REFC', 'REFD', 'RH', 'RWMR', 'SFCR', 'SHTFL', 'SNMR', 'SNOD', 'SOILL', 'SOILW', 'SOTYP', 'SPFH', 'SUNSD', 'TCDC', 'TMAX', 'TMIN', 'TMP', 'TOZNE', 'TSOIL', 'U-GWD', 'UFLX', 'UGRD', 'ULWRF', 'USTM', 'USWRF', 'V-GWD', 'VEG', 'VFLX', 'VGRD', 'VIS', 'VRATE', 'VSTM', 'VVEL', 'VWSH', 'WATR', 'WEASD', 'WILT']",731.0,ok,2.340668499993626,2026-07-06T15:43:11Z,
gfs,2026-07-06,18,0,https://nomads.ncep.noaa.gov/pub/data/nccf/com/gfs/prod/gfs.20260706/18/atmos/gfs.t18z.pgrb2.0p25.f000.idx,,,[],,error,2.180064400017727,,"HTTPStatusError: Redirect response '302 Moved Temporarily' for url 'https://nomads.ncep.noaa.gov/pub/data/nccf/com/gfs/prod/gfs.20260706/18/atmos/gfs.t18z.pgrb2.0p25.f000.idx'
For more information check: https://developer.mozilla.org/en-US/docs/Web/HTTP/Status/302"
gfs,2026-07-06,18,3,https://nomads.ncep.noaa.gov/pub/data/nccf/com/gfs/prod/gfs.20260706/18/atmos/gfs.t18z.pgrb2.0p25.f003.idx,,,[],,error,2.091752800042741,,"HTTPStatusError: Redirect response '302 Moved Temporarily' for url 'https://nomads.ncep.noaa.gov/pub/data/nccf/com/gfs/prod/gfs.20260706/18/atmos/gfs.t18z.pgrb2.0p25.f003.idx'
For more information check: https://developer.mozilla.org/en-US/docs/Web/HTTP/Status/302"
gfs,2026-07-06,12,30,https://nomads.ncep.noaa.gov/pub/data/nccf/com/gfs/prod/gfs.20260706/12/atmos/gfs.t12z.pgrb2.0p25.f030.idx,,,[],,error,3.391970199998468,,"HTTPStatusError: Redirect response '302 Moved Temporarily' for url 'https://nomads.ncep.noaa.gov/pub/data/nccf/com/gfs/prod/gfs.20260706/12/atmos/gfs.t12z.pgrb2.0p25.f030.idx'
For more information check: https://developer.mozilla.org/en-US/docs/Web/HTTP/Status/302"
gfs,2026-07-06,18,12,https://nomads.ncep.noaa.gov/pub/data/nccf/com/gfs/prod/gfs.20260706/18/atmos/gfs.t18z.pgrb2.0p25.f012.idx,,,[],,error,1.982842899975367,,"HTTPStatusError: Redirect response '302 Moved Temporarily' for url 'https://nomads.ncep.noaa.gov/pub/data/nccf/com/gfs/prod/gfs.20260706/18/atmos/gfs.t18z.pgrb2.0p25.f012.idx'
For more information check: https://developer.mozilla.org/en-US/docs/Web/HTTP/Status/302"
gfs,2026-07-06,18,15,https://nomads.ncep.noaa.gov/pub/data/nccf/com/gfs/prod/gfs.20260706/18/atmos/gfs.t18z.pgrb2.0p25.f015.idx,743.0,89.0,"['4LFTX', 'ABSV', 'ACPCP', 'ALBDO', 'APCP', 'APTMP', 'CAPE', 'CFRZR', 'CICEP', 'CIN', 'CLWMR', 'CNWAT', 'CPOFP', 'CPRAT', 'CRAIN', 'CSNOW', 'CWAT', 'CWORK', 'DLWRF', 'DPT', 'DSWRF', 'DZDT', 'FLDCP', 'FRICV', 'GFLUX', 'GRLE', 'GUST', 'HCDC', 'HGT', 'HINDEX', 'HLCY', 'HPBL', 'ICAHT', 'ICEC', 'ICEG', 'ICETK', 'ICETMP', 'ICMR', 'LAND', 'LCDC', 'LFTX', 'LHTFL', 'MCDC', 'MSLET', 'O3MR', 'PEVPR', 'PLPL', 'POT', 'PRATE', 'PRES', 'PRMSL', 'PWAT', 'REFC', 'REFD', 'RH', 'RWMR', 'SFCR', 'SHTFL', 'SNMR', 'SNOD', 'SOILL', 'SOILW', 'SOTYP', 'SPFH', 'SUNSD', 'TCDC', 'TMAX', 'TMIN', 'TMP', 'TOZNE', 'TSOIL', 'U-GWD', 'UFLX', 'UGRD', 'ULWRF', 'USTM', 'USWRF', 'V-GWD', 'VEG', 'VFLX', 'VGRD', 'VIS', 'VRATE', 'VSTM', 'VVEL', 'VWSH', 'WATR', 'WEASD', 'WILT']",731.0,ok,2.065499100019224,2026-07-06T21:39:08Z,
gfs,2026-07-06,12,48,https://nomads.ncep.noaa.gov/pub/data/nccf/com/gfs/prod/gfs.20260706/12/atmos/gfs.t12z.pgrb2.0p25.f048.idx,,,[],,error,3.1876789000234567,,"HTTPStatusError: Redirect response '302 Moved Temporarily' for url 'https://nomads.ncep.noaa.gov/pub/data/nccf/com/gfs/prod/gfs.20260706/12/atmos/gfs.t12z.pgrb2.0p25.f048.idx'
For more information check: https://developer.mozilla.org/en-US/docs/Web/HTTP/Status/302"
gfs,2026-07-06,12,45,https://nomads.ncep.noaa.gov/pub/data/nccf/com/gfs/prod/gfs.20260706/12/atmos/gfs.t12z.pgrb2.0p25.f045.idx,743.0,89.0,"['4LFTX', 'ABSV', 'ACPCP', 'ALBDO', 'APCP', 'APTMP', 'CAPE', 'CFRZR', 'CICEP', 'CIN', 'CLWMR', 'CNWAT', 'CPOFP', 'CPRAT', 'CRAIN', 'CSNOW', 'CWAT', 'CWORK', 'DLWRF', 'DPT', 'DSWRF', 'DZDT', 'FLDCP', 'FRICV', 'GFLUX', 'GRLE', 'GUST', 'HCDC', 'HGT', 'HINDEX', 'HLCY', 'HPBL', 'ICAHT', 'ICEC', 'ICEG', 'ICETK', 'ICETMP', 'ICMR', 'LAND', 'LCDC', 'LFTX', 'LHTFL', 'MCDC', 'MSLET', 'O3MR', 'PEVPR', 'PLPL', 'POT', 'PRATE', 'PRES', 'PRMSL', 'PWAT', 'REFC', 'REFD', 'RH', 'RWMR', 'SFCR', 'SHTFL', 'SNMR', 'SNOD', 'SOILL', 'SOILW', 'SOTYP', 'SPFH', 'SUNSD', 'TCDC', 'TMAX', 'TMIN', 'TMP', 'TOZNE', 'TSOIL', 'U-GWD', 'UFLX', 'UGRD', 'ULWRF', 'USTM', 'USWRF', 'V-GWD', 'VEG', 'VFLX', 'VGRD', 'VIS', 'VRATE', 'VSTM', 'VVEL', 'VWSH', 'WATR', 'WEASD', 'WILT']",731.0,ok,3.370893999992404,2026-07-06T15:44:03Z,
gfs,2026-07-06,12,12,https://nomads.ncep.noaa.gov/pub/data/nccf/com/gfs/prod/gfs.20260706/12/atmos/gfs.t12z.pgrb2.0p25.f012.idx,,,[],,error,4.746342199970968,,"HTTPStatusError: Redirect response '302 Moved Temporarily' for url 'https://nomads.ncep.noaa.gov/pub/data/nccf/com/gfs/prod/gfs.20260706/12/atmos/gfs.t12z.pgrb2.0p25.f012.idx'
For more information check: https://developer.mozilla.org/en-US/docs/Web/HTTP/Status/302"
gfs,2026-07-06,18,24,https://nomads.ncep.noaa.gov/pub/data/nccf/com/gfs/prod/gfs.20260706/18/atmos/gfs.t18z.pgrb2.0p25.f024.idx,,,[],,error,2.077906799968332,,"HTTPStatusError: Redirect response '302 Moved Temporarily' for url 'https://nomads.ncep.noaa.gov/pub/data/nccf/com/gfs/prod/gfs.20260706/18/atmos/gfs.t18z.pgrb2.0p25.f024.idx'
For more information check: https://developer.mozilla.org/en-US/docs/Web/HTTP/Status/302"
gfs,2026-07-06,18,21,https://nomads.ncep.noaa.gov/pub/data/nccf/com/gfs/prod/gfs.20260706/18/atmos/gfs.t18z.pgrb2.0p25.f021.idx,743.0,89.0,"['4LFTX', 'ABSV', 'ACPCP', 'ALBDO', 'APCP', 'APTMP', 'CAPE', 'CFRZR', 'CICEP', 'CIN', 'CLWMR', 'CNWAT', 'CPOFP', 'CPRAT', 'CRAIN', 'CSNOW', 'CWAT', 'CWORK', 'DLWRF', 'DPT', 'DSWRF', 'DZDT', 'FLDCP', 'FRICV', 'GFLUX', 'GRLE', 'GUST', 'HCDC', 'HGT', 'HINDEX', 'HLCY', 'HPBL', 'ICAHT', 'ICEC', 'ICEG', 'ICETK', 'ICETMP', 'ICMR', 'LAND', 'LCDC', 'LFTX', 'LHTFL', 'MCDC', 'MSLET', 'O3MR', 'PEVPR', 'PLPL', 'POT', 'PRATE', 'PRES', 'PRMSL', 'PWAT', 'REFC', 'REFD', 'RH', 'RWMR', 'SFCR', 'SHTFL', 'SNMR', 'SNOD', 'SOILL', 'SOILW', 'SOTYP', 'SPFH', 'SUNSD', 'TCDC', 'TMAX', 'TMIN', 'TMP', 'TOZNE', 'TSOIL', 'U-GWD', 'UFLX', 'UGRD', 'ULWRF', 'USTM', 'USWRF', 'V-GWD', 'VEG', 'VFLX', 'VGRD', 'VIS', 'VRATE', 'VSTM', 'VVEL', 'VWSH', 'WATR', 'WEASD', 'WILT']",731.0,ok,2.119322300015483,2026-07-06T21:41:07Z,
gfs,2026-07-06,18,33,https://nomads.ncep.noaa.gov/pub/data/nccf/com/gfs/prod/gfs.20260706/18/atmos/gfs.t18z.pgrb2.0p25.f033.idx,743.0,89.0,"['4LFTX', 'ABSV', 'ACPCP', 'ALBDO', 'APCP', 'APTMP', 'CAPE', 'CFRZR', 'CICEP', 'CIN', 'CLWMR', 'CNWAT', 'CPOFP', 'CPRAT', 'CRAIN', 'CSNOW', 'CWAT', 'CWORK', 'DLWRF', 'DPT', 'DSWRF', 'DZDT', 'FLDCP', 'FRICV', 'GFLUX', 'GRLE', 'GUST', 'HCDC', 'HGT', 'HINDEX', 'HLCY', 'HPBL', 'ICAHT', 'ICEC', 'ICEG', 'ICETK', 'ICETMP', 'ICMR', 'LAND', 'LCDC', 'LFTX', 'LHTFL', 'MCDC', 'MSLET', 'O3MR', 'PEVPR', 'PLPL', 'POT', 'PRATE', 'PRES', 'PRMSL', 'PWAT', 'REFC', 'REFD', 'RH', 'RWMR', 'SFCR', 'SHTFL', 'SNMR', 'SNOD', 'SOILL', 'SOILW', 'SOTYP', 'SPFH', 'SUNSD', 'TCDC', 'TMAX', 'TMIN', 'TMP', 'TOZNE', 'TSOIL', 'U-GWD', 'UFLX', 'UGRD', 'ULWRF', 'USTM', 'USWRF', 'V-GWD', 'VEG', 'VFLX', 'VGRD', 'VIS', 'VRATE', 'VSTM', 'VVEL', 'VWSH', 'WATR', 'WEASD', 'WILT']",731.0,ok,1.9688728000037372,2026-07-06T21:43:50Z,
gfs,2026-07-06,12,21,https://nomads.ncep.noaa.gov/pub/data/nccf/com/gfs/prod/gfs.20260706/12/atmos/gfs.t12z.pgrb2.0p25.f021.idx,,,[],,error,4.949865599977784,,"HTTPStatusError: Redirect response '302 Moved Temporarily' for url 'https://nomads.ncep.noaa.gov/pub/data/nccf/com/gfs/prod/gfs.20260706/12/atmos/gfs.t12z.pgrb2.0p25.f021.idx'
For more information check: https://developer.mozilla.org/en-US/docs/Web/HTTP/Status/302"
gfs,2026-07-06,18,36,https://nomads.ncep.noaa.gov/pub/data/nccf/com/gfs/prod/gfs.20260706/18/atmos/gfs.t18z.pgrb2.0p25.f036.idx,743.0,89.0,"['4LFTX', 'ABSV', 'ACPCP', 'ALBDO', 'APCP', 'APTMP', 'CAPE', 'CFRZR', 'CICEP', 'CIN', 'CLWMR', 'CNWAT', 'CPOFP', 'CPRAT', 'CRAIN', 'CSNOW', 'CWAT', 'CWORK', 'DLWRF', 'DPT', 'DSWRF', 'DZDT', 'FLDCP', 'FRICV', 'GFLUX', 'GRLE', 'GUST', 'HCDC', 'HGT', 'HINDEX', 'HLCY', 'HPBL', 'ICAHT', 'ICEC', 'ICEG', 'ICETK', 'ICETMP', 'ICMR', 'LAND', 'LCDC', 'LFTX', 'LHTFL', 'MCDC', 'MSLET', 'O3MR', 'PEVPR', 'PLPL', 'POT', 'PRATE', 'PRES', 'PRMSL', 'PWAT', 'REFC', 'REFD', 'RH', 'RWMR', 'SFCR', 'SHTFL', 'SNMR', 'SNOD', 'SOILL', 'SOILW', 'SOTYP', 'SPFH', 'SUNSD', 'TCDC', 'TMAX', 'TMIN', 'TMP', 'TOZNE', 'TSOIL', 'U-GWD', 'UFLX', 'UGRD', 'ULWRF', 'USTM', 'USWRF', 'V-GWD', 'VEG', 'VFLX', 'VGRD', 'VIS', 'VRATE', 'VSTM', 'VVEL', 'VWSH', 'WATR', 'WEASD', 'WILT']",731.0,ok,1.9878650000318885,2026-07-06T21:44:41Z,
gfs,2026-07-06,18,9,https://nomads.ncep.noaa.gov/pub/data/nccf/com/gfs/prod/gfs.20260706/18/atmos/gfs.t18z.pgrb2.0p25.f009.idx,,,[],,error,3.01783179998165,,"HTTPStatusError: Redirect response '302 Moved Temporarily' for url 'https://nomads.ncep.noaa.gov/pub/data/nccf/com/gfs/prod/gfs.20260706/18/atmos/gfs.t18z.pgrb2.0p25.f009.idx'
For more information check: https://developer.mozilla.org/en-US/docs/Web/HTTP/Status/302"
gfs,2026-07-06,18,39,https://nomads.ncep.noaa.gov/pub/data/nccf/com/gfs/prod/gfs.20260706/18/atmos/gfs.t18z.pgrb2.0p25.f039.idx,,,[],,error,1.9741643000161275,,"HTTPStatusError: Redirect response '302 Moved Temporarily' for url 'https://nomads.ncep.noaa.gov/pub/data/nccf/com/gfs/prod/gfs.20260706/18/atmos/gfs.t18z.pgrb2.0p25.f039.idx'
For more information check: https://developer.mozilla.org/en-US/docs/Web/HTTP/Status/302"
gfs,2026-07-06,18,42,https://nomads.ncep.noaa.gov/pub/data/nccf/com/gfs/prod/gfs.20260706/18/atmos/gfs.t18z.pgrb2.0p25.f042.idx,743.0,89.0,"['4LFTX', 'ABSV', 'ACPCP', 'ALBDO', 'APCP', 'APTMP', 'CAPE', 'CFRZR', 'CICEP', 'CIN', 'CLWMR', 'CNWAT', 'CPOFP', 'CPRAT', 'CRAIN', 'CSNOW', 'CWAT', 'CWORK', 'DLWRF', 'DPT', 'DSWRF', 'DZDT', 'FLDCP', 'FRICV', 'GFLUX', 'GRLE', 'GUST', 'HCDC', 'HGT', 'HINDEX', 'HLCY', 'HPBL', 'ICAHT', 'ICEC', 'ICEG', 'ICETK', 'ICETMP', 'ICMR', 'LAND', 'LCDC', 'LFTX', 'LHTFL', 'MCDC', 'MSLET', 'O3MR', 'PEVPR', 'PLPL', 'POT', 'PRATE', 'PRES', 'PRMSL', 'PWAT', 'REFC', 'REFD', 'RH', 'RWMR', 'SFCR', 'SHTFL', 'SNMR', 'SNOD', 'SOILL', 'SOILW', 'SOTYP', 'SPFH', 'SUNSD', 'TCDC', 'TMAX', 'TMIN', 'TMP', 'TOZNE', 'TSOIL', 'U-GWD', 'UFLX', 'UGRD', 'ULWRF', 'USTM', 'USWRF', 'V-GWD', 'VEG', 'VFLX', 'VGRD', 'VIS', 'VRATE', 'VSTM', 'VVEL', 'VWSH', 'WATR', 'WEASD', 'WILT']",731.0,ok,2.2145523999934085,2026-07-06T21:46:07Z,
gfs,2026-07-06,18,18,https://nomads.ncep.noaa.gov/pub/data/nccf/com/gfs/prod/gfs.20260706/18/atmos/gfs.t18z.pgrb2.0p25.f018.idx,743.0,89.0,"['4LFTX', 'ABSV', 'ACPCP', 'ALBDO', 'APCP', 'APTMP', 'CAPE', 'CFRZR', 'CICEP', 'CIN', 'CLWMR', 'CNWAT', 'CPOFP', 'CPRAT', 'CRAIN', 'CSNOW', 'CWAT', 'CWORK', 'DLWRF', 'DPT', 'DSWRF', 'DZDT', 'FLDCP', 'FRICV', 'GFLUX', 'GRLE', 'GUST', 'HCDC', 'HGT', 'HINDEX', 'HLCY', 'HPBL', 'ICAHT', 'ICEC', 'ICEG', 'ICETK', 'ICETMP', 'ICMR', 'LAND', 'LCDC', 'LFTX', 'LHTFL', 'MCDC', 'MSLET', 'O3MR', 'PEVPR', 'PLPL', 'POT', 'PRATE', 'PRES', 'PRMSL', 'PWAT', 'REFC', 'REFD', 'RH', 'RWMR', 'SFCR', 'SHTFL', 'SNMR', 'SNOD', 'SOILL', 'SOILW', 'SOTYP', 'SPFH', 'SUNSD', 'TCDC', 'TMAX', 'TMIN', 'TMP', 'TOZNE', 'TSOIL', 'U-GWD', 'UFLX', 'UGRD', 'ULWRF', 'USTM', 'USWRF', 'V-GWD', 'VEG', 'VFLX', 'VGRD', 'VIS', 'VRATE', 'VSTM', 'VVEL', 'VWSH', 'WATR', 'WEASD', 'WILT']",731.0,ok,3.195634500007145,2026-07-06T21:39:46Z,
gfs,2026-07-06,18,30,https://nomads.ncep.noaa.gov/pub/data/nccf/com/gfs/prod/gfs.20260706/18/atmos/gfs.t18z.pgrb2.0p25.f030.idx,,,[],,error,3.201981399965007,,"HTTPStatusError: Redirect response '302 Moved Temporarily' for url 'https://nomads.ncep.noaa.gov/pub/data/nccf/com/gfs/prod/gfs.20260706/18/atmos/gfs.t18z.pgrb2.0p25.f030.idx'
For more information check: https://developer.mozilla.org/en-US/docs/Web/HTTP/Status/302"
gfs,2026-07-06,18,45,https://nomads.ncep.noaa.gov/pub/data/nccf/com/gfs/prod/gfs.20260706/18/atmos/gfs.t18z.pgrb2.0p25.f045.idx,743.0,89.0,"['4LFTX', 'ABSV', 'ACPCP', 'ALBDO', 'APCP', 'APTMP', 'CAPE', 'CFRZR', 'CICEP', 'CIN', 'CLWMR', 'CNWAT', 'CPOFP', 'CPRAT', 'CRAIN', 'CSNOW', 'CWAT', 'CWORK', 'DLWRF', 'DPT', 'DSWRF', 'DZDT', 'FLDCP', 'FRICV', 'GFLUX', 'GRLE', 'GUST', 'HCDC', 'HGT', 'HINDEX', 'HLCY', 'HPBL', 'ICAHT', 'ICEC', 'ICEG', 'ICETK', 'ICETMP', 'ICMR', 'LAND', 'LCDC', 'LFTX', 'LHTFL', 'MCDC', 'MSLET', 'O3MR', 'PEVPR', 'PLPL', 'POT', 'PRATE', 'PRES', 'PRMSL', 'PWAT', 'REFC', 'REFD', 'RH', 'RWMR', 'SFCR', 'SHTFL', 'SNMR', 'SNOD', 'SOILL', 'SOILW', 'SOTYP', 'SPFH', 'SUNSD', 'TCDC', 'TMAX', 'TMIN', 'TMP', 'TOZNE', 'TSOIL', 'U-GWD', 'UFLX', 'UGRD', 'ULWRF', 'USTM', 'USWRF', 'V-GWD', 'VEG', 'VFLX', 'VGRD', 'VIS', 'VRATE', 'VSTM', 'VVEL', 'VWSH', 'WATR', 'WEASD', 'WILT']",731.0,ok,2.3770492000039667,2026-07-06T21:47:01Z,
gfs,2026-07-06,18,6,https://nomads.ncep.noaa.gov/pub/data/nccf/com/gfs/prod/gfs.20260706/18/atmos/gfs.t18z.pgrb2.0p25.f006.idx,,,[],,error,3.945852200035006,,"HTTPStatusError: Redirect response '302 Moved Temporarily' for url 'https://nomads.ncep.noaa.gov/pub/data/nccf/com/gfs/prod/gfs.20260706/18/atmos/gfs.t18z.pgrb2.0p25.f006.idx'
For more information check: https://developer.mozilla.org/en-US/docs/Web/HTTP/Status/302"
gefs_control,2026-07-06,0,6,https://nomads.ncep.noaa.gov/pub/data/nccf/com/gens/prod/gefs.20260706/00/atmos/pgrb2sp25/gec00.t00z.pgrb2s.0p25.f006.idx,,,[],,error,1.9249741000239737,,"HTTPStatusError: Redirect response '302 Moved Temporarily' for url 'https://nomads.ncep.noaa.gov/pub/data/nccf/com/gens/prod/gefs.20260706/00/atmos/pgrb2sp25/gec00.t00z.pgrb2s.0p25.f006.idx'
For more information check: https://developer.mozilla.org/en-US/docs/Web/HTTP/Status/302"
gfs,2026-07-06,18,27,https://nomads.ncep.noaa.gov/pub/data/nccf/com/gfs/prod/gfs.20260706/18/atmos/gfs.t18z.pgrb2.0p25.f027.idx,743.0,89.0,"['4LFTX', 'ABSV', 'ACPCP', 'ALBDO', 'APCP', 'APTMP', 'CAPE', 'CFRZR', 'CICEP', 'CIN', 'CLWMR', 'CNWAT', 'CPOFP', 'CPRAT', 'CRAIN', 'CSNOW', 'CWAT', 'CWORK', 'DLWRF', 'DPT', 'DSWRF', 'DZDT', 'FLDCP', 'FRICV', 'GFLUX', 'GRLE', 'GUST', 'HCDC', 'HGT', 'HINDEX', 'HLCY', 'HPBL', 'ICAHT', 'ICEC', 'ICEG', 'ICETK', 'ICETMP', 'ICMR', 'LAND', 'LCDC', 'LFTX', 'LHTFL', 'MCDC', 'MSLET', 'O3MR', 'PEVPR', 'PLPL', 'POT', 'PRATE', 'PRES', 'PRMSL', 'PWAT', 'REFC', 'REFD', 'RH', 'RWMR', 'SFCR', 'SHTFL', 'SNMR', 'SNOD', 'SOILL', 'SOILW', 'SOTYP', 'SPFH', 'SUNSD', 'TCDC', 'TMAX', 'TMIN', 'TMP', 'TOZNE', 'TSOIL', 'U-GWD', 'UFLX', 'UGRD', 'ULWRF', 'USTM', 'USWRF', 'V-GWD', 'VEG', 'VFLX', 'VGRD', 'VIS', 'VRATE', 'VSTM', 'VVEL', 'VWSH', 'WATR', 'WEASD', 'WILT']",731.0,ok,3.6884926999919116,2026-07-06T21:42:48Z,
gfs,2026-07-06,18,48,https://nomads.ncep.noaa.gov/pub/data/nccf/com/gfs/prod/gfs.20260706/18/atmos/gfs.t18z.pgrb2.0p25.f048.idx,,,[],,error,2.4016362999682315,,"HTTPStatusError: Redirect response '302 Moved Temporarily' for url 'https://nomads.ncep.noaa.gov/pub/data/nccf/com/gfs/prod/gfs.20260706/18/atmos/gfs.t18z.pgrb2.0p25.f048.idx'
For more information check: https://developer.mozilla.org/en-US/docs/Web/HTTP/Status/302"
gefs_control,2026-07-06,0,18,https://nomads.ncep.noaa.gov/pub/data/nccf/com/gens/prod/gefs.20260706/00/atmos/pgrb2sp25/gec00.t00z.pgrb2s.0p25.f018.idx,,,[],,error,1.8123811000259593,,"HTTPStatusError: Redirect response '302 Moved Temporarily' for url 'https://nomads.ncep.noaa.gov/pub/data/nccf/com/gens/prod/gefs.20260706/00/atmos/pgrb2sp25/gec00.t00z.pgrb2s.0p25.f018.idx'
For more information check: https://developer.mozilla.org/en-US/docs/Web/HTTP/Status/302"
gefs_control,2026-07-06,0,21,https://nomads.ncep.noaa.gov/pub/data/nccf/com/gens/prod/gefs.20260706/00/atmos/pgrb2sp25/gec00.t00z.pgrb2s.0p25.f021.idx,,,[],,error,1.8520672000013292,,"HTTPStatusError: Redirect response '302 Moved Temporarily' for url 'https://nomads.ncep.noaa.gov/pub/data/nccf/com/gens/prod/gefs.20260706/00/atmos/pgrb2sp25/gec00.t00z.pgrb2s.0p25.f021.idx'
For more information check: https://developer.mozilla.org/en-US/docs/Web/HTTP/Status/302"
gefs_control,2026-07-06,0,3,https://nomads.ncep.noaa.gov/pub/data/nccf/com/gens/prod/gefs.20260706/00/atmos/pgrb2sp25/gec00.t00z.pgrb2s.0p25.f003.idx,,,[],,error,2.3874598999973387,,"HTTPStatusError: Redirect response '302 Moved Temporarily' for url 'https://nomads.ncep.noaa.gov/pub/data/nccf/com/gens/prod/gefs.20260706/00/atmos/pgrb2sp25/gec00.t00z.pgrb2s.0p25.f003.idx'
For more information check: https://developer.mozilla.org/en-US/docs/Web/HTTP/Status/302"
gefs_control,2026-07-06,0,30,https://nomads.ncep.noaa.gov/pub/data/nccf/com/gens/prod/gefs.20260706/00/atmos/pgrb2sp25/gec00.t00z.pgrb2s.0p25.f030.idx,,,[],,error,1.7933315999689512,,"HTTPStatusError: Redirect response '302 Moved Temporarily' for url 'https://nomads.ncep.noaa.gov/pub/data/nccf/com/gens/prod/gefs.20260706/00/atmos/pgrb2sp25/gec00.t00z.pgrb2s.0p25.f030.idx'
For more information check: https://developer.mozilla.org/en-US/docs/Web/HTTP/Status/302"
gefs_control,2026-07-06,0,0,https://nomads.ncep.noaa.gov/pub/data/nccf/com/gens/prod/gefs.20260706/00/atmos/pgrb2sp25/gec00.t00z.pgrb2s.0p25.f000.idx,26.0,23.0,"['CAPE', 'CIN', 'CPOFP', 'DPT', 'GUST', 'HGT', 'HLCY', 'ICETK', 'MSLET', 'PRES', 'PRMSL', 'PWAT', 'RH', 'SNOD', 'SOILW', 'TMAX', 'TMIN', 'TMP', 'TSOIL', 'UGRD', 'VGRD', 'VIS', 'WEASD']",26.0,ok,3.3989143999642693,2026-07-06T03:45:55Z,
gefs_control,2026-07-06,0,9,https://nomads.ncep.noaa.gov/pub/data/nccf/com/gens/prod/gefs.20260706/00/atmos/pgrb2sp25/gec00.t00z.pgrb2s.0p25.f009.idx,,,[],,error,3.2156810999731533,,"HTTPStatusError: Redirect response '302 Moved Temporarily' for url 'https://nomads.ncep.noaa.gov/pub/data/nccf/com/gens/prod/gefs.20260706/00/atmos/pgrb2sp25/gec00.t00z.pgrb2s.0p25.f009.idx'
For more information check: https://developer.mozilla.org/en-US/docs/Web/HTTP/Status/302"
gefs_control,2026-07-06,0,12,https://nomads.ncep.noaa.gov/pub/data/nccf/com/gens/prod/gefs.20260706/00/atmos/pgrb2sp25/gec00.t00z.pgrb2s.0p25.f012.idx,,,[],,error,3.1905183999915607,,"HTTPStatusError: Redirect response '302 Moved Temporarily' for url 'https://nomads.ncep.noaa.gov/pub/data/nccf/com/gens/prod/gefs.20260706/00/atmos/pgrb2sp25/gec00.t00z.pgrb2s.0p25.f012.idx'
For more information check: https://developer.mozilla.org/en-US/docs/Web/HTTP/Status/302"
gefs_control,2026-07-06,0,24,https://nomads.ncep.noaa.gov/pub/data/nccf/com/gens/prod/gefs.20260706/00/atmos/pgrb2sp25/gec00.t00z.pgrb2s.0p25.f024.idx,38.0,35.0,"['APCP', 'CAPE', 'CFRZR', 'CICEP', 'CIN', 'CPOFP', 'CRAIN', 'CSNOW', 'DLWRF', 'DPT', 'DSWRF', 'GUST', 'HGT', 'HLCY', 'ICETK', 'LHTFL', 'MSLET', 'PRES', 'PRMSL', 'PWAT', 'RH', 'SHTFL', 'SNOD', 'SOILW', 'TCDC', 'TMAX', 'TMIN', 'TMP', 'TSOIL', 'UGRD', 'ULWRF', 'USWRF', 'VGRD', 'VIS', 'WEASD']",38.0,ok,3.080797100032214,2026-07-06T03:53:52Z,
gefs_control,2026-07-06,0,36,https://nomads.ncep.noaa.gov/pub/data/nccf/com/gens/prod/gefs.20260706/00/atmos/pgrb2sp25/gec00.t00z.pgrb2s.0p25.f036.idx,38.0,35.0,"['APCP', 'CAPE', 'CFRZR', 'CICEP', 'CIN', 'CPOFP', 'CRAIN', 'CSNOW', 'DLWRF', 'DPT', 'DSWRF', 'GUST', 'HGT', 'HLCY', 'ICETK', 'LHTFL', 'MSLET', 'PRES', 'PRMSL', 'PWAT', 'RH', 'SHTFL', 'SNOD', 'SOILW', 'TCDC', 'TMAX', 'TMIN', 'TMP', 'TSOIL', 'UGRD', 'ULWRF', 'USWRF', 'VGRD', 'VIS', 'WEASD']",38.0,ok,3.0264903999632224,2026-07-06T03:58:11Z,
gefs_control,2026-07-06,6,12,https://nomads.ncep.noaa.gov/pub/data/nccf/com/gens/prod/gefs.20260706/06/atmos/pgrb2sp25/gec00.t06z.pgrb2s.0p25.f012.idx,,,[],,error,1.9457563999458216,,"HTTPStatusError: Redirect response '302 Moved Temporarily' for url 'https://nomads.ncep.noaa.gov/pub/data/nccf/com/gens/prod/gefs.20260706/06/atmos/pgrb2sp25/gec00.t06z.pgrb2s.0p25.f012.idx'
For more information check: https://developer.mozilla.org/en-US/docs/Web/HTTP/Status/302"
gefs_control,2026-07-06,0,48,https://nomads.ncep.noaa.gov/pub/data/nccf/com/gens/prod/gefs.20260706/00/atmos/pgrb2sp25/gec00.t00z.pgrb2s.0p25.f048.idx,38.0,35.0,"['APCP', 'CAPE', 'CFRZR', 'CICEP', 'CIN', 'CPOFP', 'CRAIN', 'CSNOW', 'DLWRF', 'DPT', 'DSWRF', 'GUST', 'HGT', 'HLCY', 'ICETK', 'LHTFL', 'MSLET', 'PRES', 'PRMSL', 'PWAT', 'RH', 'SHTFL', 'SNOD', 'SOILW', 'TCDC', 'TMAX', 'TMIN', 'TMP', 'TSOIL', 'UGRD', 'ULWRF', 'USWRF', 'VGRD', 'VIS', 'WEASD']",38.0,ok,2.535029700025916,2026-07-06T04:02:32Z,
gefs_control,2026-07-06,6,9,https://nomads.ncep.noaa.gov/pub/data/nccf/com/gens/prod/gefs.20260706/06/atmos/pgrb2sp25/gec00.t06z.pgrb2s.0p25.f009.idx,,,[],,error,2.0233833999955095,,"HTTPStatusError: Redirect response '302 Moved Temporarily' for url 'https://nomads.ncep.noaa.gov/pub/data/nccf/com/gens/prod/gefs.20260706/06/atmos/pgrb2sp25/gec00.t06z.pgrb2s.0p25.f009.idx'
For more information check: https://developer.mozilla.org/en-US/docs/Web/HTTP/Status/302"
gefs_control,2026-07-06,0,39,https://nomads.ncep.noaa.gov/pub/data/nccf/com/gens/prod/gefs.20260706/00/atmos/pgrb2sp25/gec00.t00z.pgrb2s.0p25.f039.idx,38.0,35.0,"['APCP', 'CAPE', 'CFRZR', 'CICEP', 'CIN', 'CPOFP', 'CRAIN', 'CSNOW', 'DLWRF', 'DPT', 'DSWRF', 'GUST', 'HGT', 'HLCY', 'ICETK', 'LHTFL', 'MSLET', 'PRES', 'PRMSL', 'PWAT', 'RH', 'SHTFL', 'SNOD', 'SOILW', 'TCDC', 'TMAX', 'TMIN', 'TMP', 'TSOIL', 'UGRD', 'ULWRF', 'USWRF', 'VGRD', 'VIS', 'WEASD']",38.0,ok,2.911449300008826,2026-07-06T03:59:25Z,
gefs_control,2026-07-06,6,3,https://nomads.ncep.noaa.gov/pub/data/nccf/com/gens/prod/gefs.20260706/06/atmos/pgrb2sp25/gec00.t06z.pgrb2s.0p25.f003.idx,38.0,35.0,"['APCP', 'CAPE', 'CFRZR', 'CICEP', 'CIN', 'CPOFP', 'CRAIN', 'CSNOW', 'DLWRF', 'DPT', 'DSWRF', 'GUST', 'HGT', 'HLCY', 'ICETK', 'LHTFL', 'MSLET', 'PRES', 'PRMSL', 'PWAT', 'RH', 'SHTFL', 'SNOD', 'SOILW', 'TCDC', 'TMAX', 'TMIN', 'TMP', 'TSOIL', 'UGRD', 'ULWRF', 'USWRF', 'VGRD', 'VIS', 'WEASD']",38.0,ok,2.475584900006652,2026-07-06T09:46:53Z,
gefs_control,2026-07-06,0,27,https://nomads.ncep.noaa.gov/pub/data/nccf/com/gens/prod/gefs.20260706/00/atmos/pgrb2sp25/gec00.t00z.pgrb2s.0p25.f027.idx,,,[],,error,3.6012211000197567,,"HTTPStatusError: Redirect response '302 Moved Temporarily' for url 'https://nomads.ncep.noaa.gov/pub/data/nccf/com/gens/prod/gefs.20260706/00/atmos/pgrb2sp25/gec00.t00z.pgrb2s.0p25.f027.idx'
For more information check: https://developer.mozilla.org/en-US/docs/Web/HTTP/Status/302"
gefs_control,2026-07-06,6,15,https://nomads.ncep.noaa.gov/pub/data/nccf/com/gens/prod/gefs.20260706/06/atmos/pgrb2sp25/gec00.t06z.pgrb2s.0p25.f015.idx,38.0,35.0,"['APCP', 'CAPE', 'CFRZR', 'CICEP', 'CIN', 'CPOFP', 'CRAIN', 'CSNOW', 'DLWRF', 'DPT', 'DSWRF', 'GUST', 'HGT', 'HLCY', 'ICETK', 'LHTFL', 'MSLET', 'PRES', 'PRMSL', 'PWAT', 'RH', 'SHTFL', 'SNOD', 'SOILW', 'TCDC', 'TMAX', 'TMIN', 'TMP', 'TSOIL', 'UGRD', 'ULWRF', 'USWRF', 'VGRD', 'VIS', 'WEASD']",38.0,ok,2.320529800024815,2026-07-06T09:50:38Z,
gefs_control,2026-07-06,0,15,https://nomads.ncep.noaa.gov/pub/data/nccf/com/gens/prod/gefs.20260706/00/atmos/pgrb2sp25/gec00.t00z.pgrb2s.0p25.f015.idx,38.0,35.0,"['APCP', 'CAPE', 'CFRZR', 'CICEP', 'CIN', 'CPOFP', 'CRAIN', 'CSNOW', 'DLWRF', 'DPT', 'DSWRF', 'GUST', 'HGT', 'HLCY', 'ICETK', 'LHTFL', 'MSLET', 'PRES', 'PRMSL', 'PWAT', 'RH', 'SHTFL', 'SNOD', 'SOILW', 'TCDC', 'TMAX', 'TMIN', 'TMP', 'TSOIL', 'UGRD', 'ULWRF', 'USWRF', 'VGRD', 'VIS', 'WEASD']",38.0,ok,4.3249335999717005,2026-07-06T03:50:55Z,
gefs_control,2026-07-06,6,18,https://nomads.ncep.noaa.gov/pub/data/nccf/com/gens/prod/gefs.20260706/06/atmos/pgrb2sp25/gec00.t06z.pgrb2s.0p25.f018.idx,38.0,35.0,"['APCP', 'CAPE', 'CFRZR', 'CICEP', 'CIN', 'CPOFP', 'CRAIN', 'CSNOW', 'DLWRF', 'DPT', 'DSWRF', 'GUST', 'HGT', 'HLCY', 'ICETK', 'LHTFL', 'MSLET', 'PRES', 'PRMSL', 'PWAT', 'RH', 'SHTFL', 'SNOD', 'SOILW', 'TCDC', 'TMAX', 'TMIN', 'TMP', 'TSOIL', 'UGRD', 'ULWRF', 'USWRF', 'VGRD', 'VIS', 'WEASD']",38.0,ok,2.38405779999448,2026-07-06T09:51:59Z,
gefs_control,2026-07-06,0,33,https://nomads.ncep.noaa.gov/pub/data/nccf/com/gens/prod/gefs.20260706/00/atmos/pgrb2sp25/gec00.t00z.pgrb2s.0p25.f033.idx,38.0,35.0,"['APCP', 'CAPE', 'CFRZR', 'CICEP', 'CIN', 'CPOFP', 'CRAIN', 'CSNOW', 'DLWRF', 'DPT', 'DSWRF', 'GUST', 'HGT', 'HLCY', 'ICETK', 'LHTFL', 'MSLET', 'PRES', 'PRMSL', 'PWAT', 'RH', 'SHTFL', 'SNOD', 'SOILW', 'TCDC', 'TMAX', 'TMIN', 'TMP', 'TSOIL', 'UGRD', 'ULWRF', 'USWRF', 'VGRD', 'VIS', 'WEASD']",38.0,ok,3.826230000006035,2026-07-06T03:57:14Z,
gefs_control,2026-07-06,0,42,https://nomads.ncep.noaa.gov/pub/data/nccf/com/gens/prod/gefs.20260706/00/atmos/pgrb2sp25/gec00.t00z.pgrb2s.0p25.f042.idx,38.0,35.0,"['APCP', 'CAPE', 'CFRZR', 'CICEP', 'CIN', 'CPOFP', 'CRAIN', 'CSNOW', 'DLWRF', 'DPT', 'DSWRF', 'GUST', 'HGT', 'HLCY', 'ICETK', 'LHTFL', 'MSLET', 'PRES', 'PRMSL', 'PWAT', 'RH', 'SHTFL', 'SNOD', 'SOILW', 'TCDC', 'TMAX', 'TMIN', 'TMP', 'TSOIL', 'UGRD', 'ULWRF', 'USWRF', 'VGRD', 'VIS', 'WEASD']",38.0,ok,3.7036512999911793,2026-07-06T04:00:13Z,
gefs_control,2026-07-06,6,21,https://nomads.ncep.noaa.gov/pub/data/nccf/com/gens/prod/gefs.20260706/06/atmos/pgrb2sp25/gec00.t06z.pgrb2s.0p25.f021.idx,38.0,35.0,"['APCP', 'CAPE', 'CFRZR', 'CICEP', 'CIN', 'CPOFP', 'CRAIN', 'CSNOW', 'DLWRF', 'DPT', 'DSWRF', 'GUST', 'HGT', 'HLCY', 'ICETK', 'LHTFL', 'MSLET', 'PRES', 'PRMSL', 'PWAT', 'RH', 'SHTFL', 'SNOD', 'SOILW', 'TCDC', 'TMAX', 'TMIN', 'TMP', 'TSOIL', 'UGRD', 'ULWRF', 'USWRF', 'VGRD', 'VIS', 'WEASD']",38.0,ok,2.37461339996662,2026-07-06T09:52:49Z,
gefs_control,2026-07-06,0,45,https://nomads.ncep.noaa.gov/pub/data/nccf/com/gens/prod/gefs.20260706/00/atmos/pgrb2sp25/gec00.t00z.pgrb2s.0p25.f045.idx,38.0,35.0,"['APCP', 'CAPE', 'CFRZR', 'CICEP', 'CIN', 'CPOFP', 'CRAIN', 'CSNOW', 'DLWRF', 'DPT', 'DSWRF', 'GUST', 'HGT', 'HLCY', 'ICETK', 'LHTFL', 'MSLET', 'PRES', 'PRMSL', 'PWAT', 'RH', 'SHTFL', 'SNOD', 'SOILW', 'TCDC', 'TMAX', 'TMIN', 'TMP', 'TSOIL', 'UGRD', 'ULWRF', 'USWRF', 'VGRD', 'VIS', 'WEASD']",38.0,ok,3.7511446999851614,2026-07-06T04:01:25Z,
gefs_control,2026-07-06,6,6,https://nomads.ncep.noaa.gov/pub/data/nccf/com/gens/prod/gefs.20260706/06/atmos/pgrb2sp25/gec00.t06z.pgrb2s.0p25.f006.idx,,,[],,error,3.335987299971748,,"HTTPStatusError: Redirect response '302 Moved Temporarily' for url 'https://nomads.ncep.noaa.gov/pub/data/nccf/com/gens/prod/gefs.20260706/06/atmos/pgrb2sp25/gec00.t06z.pgrb2s.0p25.f006.idx'
For more information check: https://developer.mozilla.org/en-US/docs/Web/HTTP/Status/302"
gefs_control,2026-07-06,6,0,https://nomads.ncep.noaa.gov/pub/data/nccf/com/gens/prod/gefs.20260706/06/atmos/pgrb2sp25/gec00.t06z.pgrb2s.0p25.f000.idx,26.0,23.0,"['CAPE', 'CIN', 'CPOFP', 'DPT', 'GUST', 'HGT', 'HLCY', 'ICETK', 'MSLET', 'PRES', 'PRMSL', 'PWAT', 'RH', 'SNOD', 'SOILW', 'TMAX', 'TMIN', 'TMP', 'TSOIL', 'UGRD', 'VGRD', 'VIS', 'WEASD']",26.0,ok,3.8138466000091285,2026-07-06T09:46:17Z,
gefs_control,2026-07-06,6,39,https://nomads.ncep.noaa.gov/pub/data/nccf/com/gens/prod/gefs.20260706/06/atmos/pgrb2sp25/gec00.t06z.pgrb2s.0p25.f039.idx,,,[],,error,1.930208700010553,,"HTTPStatusError: Redirect response '302 Moved Temporarily' for url 'https://nomads.ncep.noaa.gov/pub/data/nccf/com/gens/prod/gefs.20260706/06/atmos/pgrb2sp25/gec00.t06z.pgrb2s.0p25.f039.idx'
For more information check: https://developer.mozilla.org/en-US/docs/Web/HTTP/Status/302"
gefs_control,2026-07-06,6,36,https://nomads.ncep.noaa.gov/pub/data/nccf/com/gens/prod/gefs.20260706/06/atmos/pgrb2sp25/gec00.t06z.pgrb2s.0p25.f036.idx,,,[],,error,2.1769350000540726,,"HTTPStatusError: Redirect response '302 Moved Temporarily' for url 'https://nomads.ncep.noaa.gov/pub/data/nccf/com/gens/prod/gefs.20260706/06/atmos/pgrb2sp25/gec00.t06z.pgrb2s.0p25.f036.idx'
For more information check: https://developer.mozilla.org/en-US/docs/Web/HTTP/Status/302"
gefs_control,2026-07-06,6,33,https://nomads.ncep.noaa.gov/pub/data/nccf/com/gens/prod/gefs.20260706/06/atmos/pgrb2sp25/gec00.t06z.pgrb2s.0p25.f033.idx,,,[],,error,2.218130099994596,,"HTTPStatusError: Redirect response '302 Moved Temporarily' for url 'https://nomads.ncep.noaa.gov/pub/data/nccf/com/gens/prod/gefs.20260706/06/atmos/pgrb2sp25/gec00.t06z.pgrb2s.0p25.f033.idx'
For more information check: https://developer.mozilla.org/en-US/docs/Web/HTTP/Status/302"
gefs_control,2026-07-06,6,42,https://nomads.ncep.noaa.gov/pub/data/nccf/com/gens/prod/gefs.20260706/06/atmos/pgrb2sp25/gec00.t06z.pgrb2s.0p25.f042.idx,,,[],,error,2.2236392999766394,,"HTTPStatusError: Redirect response '302 Moved Temporarily' for url 'https://nomads.ncep.noaa.gov/pub/data/nccf/com/gens/prod/gefs.20260706/06/atmos/pgrb2sp25/gec00.t06z.pgrb2s.0p25.f042.idx'
For more information check: https://developer.mozilla.org/en-US/docs/Web/HTTP/Status/302"
gefs_control,2026-07-06,12,0,https://nomads.ncep.noaa.gov/pub/data/nccf/com/gens/prod/gefs.20260706/12/atmos/pgrb2sp25/gec00.t12z.pgrb2s.0p25.f000.idx,,,[],,error,1.9407560999970883,,"HTTPStatusError: Redirect response '302 Moved Temporarily' for url 'https://nomads.ncep.noaa.gov/pub/data/nccf/com/gens/prod/gefs.20260706/12/atmos/pgrb2sp25/gec00.t12z.pgrb2s.0p25.f000.idx'
For more information check: https://developer.mozilla.org/en-US/docs/Web/HTTP/Status/302"
gefs_control,2026-07-06,6,45,https://nomads.ncep.noaa.gov/pub/data/nccf/com/gens/prod/gefs.20260706/06/atmos/pgrb2sp25/gec00.t06z.pgrb2s.0p25.f045.idx,,,[],,error,2.2356435999972746,,"HTTPStatusError: Redirect response '302 Moved Temporarily' for url 'https://nomads.ncep.noaa.gov/pub/data/nccf/com/gens/prod/gefs.20260706/06/atmos/pgrb2sp25/gec00.t06z.pgrb2s.0p25.f045.idx'
For more information check: https://developer.mozilla.org/en-US/docs/Web/HTTP/Status/302"
gefs_control,2026-07-06,12,6,https://nomads.ncep.noaa.gov/pub/data/nccf/com/gens/prod/gefs.20260706/12/atmos/pgrb2sp25/gec00.t12z.pgrb2s.0p25.f006.idx,,,[],,error,1.9457551999948919,,"HTTPStatusError: Redirect response '302 Moved Temporarily' for url 'https://nomads.ncep.noaa.gov/pub/data/nccf/com/gens/prod/gefs.20260706/12/atmos/pgrb2sp25/gec00.t12z.pgrb2s.0p25.f006.idx'
For more information check: https://developer.mozilla.org/en-US/docs/Web/HTTP/Status/302"
gefs_control,2026-07-06,6,48,https://nomads.ncep.noaa.gov/pub/data/nccf/com/gens/prod/gefs.20260706/06/atmos/pgrb2sp25/gec00.t06z.pgrb2s.0p25.f048.idx,38.0,35.0,"['APCP', 'CAPE', 'CFRZR', 'CICEP', 'CIN', 'CPOFP', 'CRAIN', 'CSNOW', 'DLWRF', 'DPT', 'DSWRF', 'GUST', 'HGT', 'HLCY', 'ICETK', 'LHTFL', 'MSLET', 'PRES', 'PRMSL', 'PWAT', 'RH', 'SHTFL', 'SNOD', 'SOILW', 'TCDC', 'TMAX', 'TMIN', 'TMP', 'TSOIL', 'UGRD', 'ULWRF', 'USWRF', 'VGRD', 'VIS', 'WEASD']",38.0,ok,2.5818526999792084,2026-07-06T10:02:57Z,
gefs_control,2026-07-06,6,24,https://nomads.ncep.noaa.gov/pub/data/nccf/com/gens/prod/gefs.20260706/06/atmos/pgrb2sp25/gec00.t06z.pgrb2s.0p25.f024.idx,,,[],,error,3.641038000001572,,"HTTPStatusError: Redirect response '302 Moved Temporarily' for url 'https://nomads.ncep.noaa.gov/pub/data/nccf/com/gens/prod/gefs.20260706/06/atmos/pgrb2sp25/gec00.t06z.pgrb2s.0p25.f024.idx'
For more information check: https://developer.mozilla.org/en-US/docs/Web/HTTP/Status/302"
gefs_control,2026-07-06,6,27,https://nomads.ncep.noaa.gov/pub/data/nccf/com/gens/prod/gefs.20260706/06/atmos/pgrb2sp25/gec00.t06z.pgrb2s.0p25.f027.idx,,,[],,error,3.51423440000508,,"HTTPStatusError: Redirect response '302 Moved Temporarily' for url 'https://nomads.ncep.noaa.gov/pub/data/nccf/com/gens/prod/gefs.20260706/06/atmos/pgrb2sp25/gec00.t06z.pgrb2s.0p25.f027.idx'
For more information check: https://developer.mozilla.org/en-US/docs/Web/HTTP/Status/302"
gefs_control,2026-07-06,12,12,https://nomads.ncep.noaa.gov/pub/data/nccf/com/gens/prod/gefs.20260706/12/atmos/pgrb2sp25/gec00.t12z.pgrb2s.0p25.f012.idx,38.0,35.0,"['APCP', 'CAPE', 'CFRZR', 'CICEP', 'CIN', 'CPOFP', 'CRAIN', 'CSNOW', 'DLWRF', 'DPT', 'DSWRF', 'GUST', 'HGT', 'HLCY', 'ICETK', 'LHTFL', 'MSLET', 'PRES', 'PRMSL', 'PWAT', 'RH', 'SHTFL', 'SNOD', 'SOILW', 'TCDC', 'TMAX', 'TMIN', 'TMP', 'TSOIL', 'UGRD', 'ULWRF', 'USWRF', 'VGRD', 'VIS', 'WEASD']",38.0,ok,2.1476572999963537,2026-07-06T15:49:33Z,
gefs_control,2026-07-06,6,30,https://nomads.ncep.noaa.gov/pub/data/nccf/com/gens/prod/gefs.20260706/06/atmos/pgrb2sp25/gec00.t06z.pgrb2s.0p25.f030.idx,,,[],,error,3.5601969999843277,,"HTTPStatusError: Redirect response '302 Moved Temporarily' for url 'https://nomads.ncep.noaa.gov/pub/data/nccf/com/gens/prod/gefs.20260706/06/atmos/pgrb2sp25/gec00.t06z.pgrb2s.0p25.f030.idx'
For more information check: https://developer.mozilla.org/en-US/docs/Web/HTTP/Status/302"
gefs_control,2026-07-06,12,21,https://nomads.ncep.noaa.gov/pub/data/nccf/com/gens/prod/gefs.20260706/12/atmos/pgrb2sp25/gec00.t12z.pgrb2s.0p25.f021.idx,,,[],,error,2.17134519998217,,"HTTPStatusError: Redirect response '302 Moved Temporarily' for url 'https://nomads.ncep.noaa.gov/pub/data/nccf/com/gens/prod/gefs.20260706/12/atmos/pgrb2sp25/gec00.t12z.pgrb2s.0p25.f021.idx'
For more information check: https://developer.mozilla.org/en-US/docs/Web/HTTP/Status/302"
gefs_control,2026-07-06,12,3,https://nomads.ncep.noaa.gov/pub/data/nccf/com/gens/prod/gefs.20260706/12/atmos/pgrb2sp25/gec00.t12z.pgrb2s.0p25.f003.idx,,,[],,error,3.399361099989619,,"HTTPStatusError: Redirect response '302 Moved Temporarily' for url 'https://nomads.ncep.noaa.gov/pub/data/nccf/com/gens/prod/gefs.20260706/12/atmos/pgrb2sp25/gec00.t12z.pgrb2s.0p25.f003.idx'
For more information check: https://developer.mozilla.org/en-US/docs/Web/HTTP/Status/302"
gefs_control,2026-07-06,12,36,https://nomads.ncep.noaa.gov/pub/data/nccf/com/gens/prod/gefs.20260706/12/atmos/pgrb2sp25/gec00.t12z.pgrb2s.0p25.f036.idx,,,[],,error,2.0827136000152677,,"HTTPStatusError: Redirect response '302 Moved Temporarily' for url 'https://nomads.ncep.noaa.gov/pub/data/nccf/com/gens/prod/gefs.20260706/12/atmos/pgrb2sp25/gec00.t12z.pgrb2s.0p25.f036.idx'
For more information check: https://developer.mozilla.org/en-US/docs/Web/HTTP/Status/302"
gefs_control,2026-07-06,12,39,https://nomads.ncep.noaa.gov/pub/data/nccf/com/gens/prod/gefs.20260706/12/atmos/pgrb2sp25/gec00.t12z.pgrb2s.0p25.f039.idx,,,[],,error,2.095465400023386,,"HTTPStatusError: Redirect response '302 Moved Temporarily' for url 'https://nomads.ncep.noaa.gov/pub/data/nccf/com/gens/prod/gefs.20260706/12/atmos/pgrb2sp25/gec00.t12z.pgrb2s.0p25.f039.idx'
For more information check: https://developer.mozilla.org/en-US/docs/Web/HTTP/Status/302"
gefs_control,2026-07-06,12,9,https://nomads.ncep.noaa.gov/pub/data/nccf/com/gens/prod/gefs.20260706/12/atmos/pgrb2sp25/gec00.t12z.pgrb2s.0p25.f009.idx,38.0,35.0,"['APCP', 'CAPE', 'CFRZR', 'CICEP', 'CIN', 'CPOFP', 'CRAIN', 'CSNOW', 'DLWRF', 'DPT', 'DSWRF', 'GUST', 'HGT', 'HLCY', 'ICETK', 'LHTFL', 'MSLET', 'PRES', 'PRMSL', 'PWAT', 'RH', 'SHTFL', 'SNOD', 'SOILW', 'TCDC', 'TMAX', 'TMIN', 'TMP', 'TSOIL', 'UGRD', 'ULWRF', 'USWRF', 'VGRD', 'VIS', 'WEASD']",38.0,ok,3.614703700004611,2026-07-06T15:48:16Z,
gefs_control,2026-07-06,12,33,https://nomads.ncep.noaa.gov/pub/data/nccf/com/gens/prod/gefs.20260706/12/atmos/pgrb2sp25/gec00.t12z.pgrb2s.0p25.f033.idx,38.0,35.0,"['APCP', 'CAPE', 'CFRZR', 'CICEP', 'CIN', 'CPOFP', 'CRAIN', 'CSNOW', 'DLWRF', 'DPT', 'DSWRF', 'GUST', 'HGT', 'HLCY', 'ICETK', 'LHTFL', 'MSLET', 'PRES', 'PRMSL', 'PWAT', 'RH', 'SHTFL', 'SNOD', 'SOILW', 'TCDC', 'TMAX', 'TMIN', 'TMP', 'TSOIL', 'UGRD', 'ULWRF', 'USWRF', 'VGRD', 'VIS', 'WEASD']",38.0,ok,2.3798982999869622,2026-07-06T15:57:43Z,
gefs_control,2026-07-06,12,42,https://nomads.ncep.noaa.gov/pub/data/nccf/com/gens/prod/gefs.20260706/12/atmos/pgrb2sp25/gec00.t12z.pgrb2s.0p25.f042.idx,,,[],,error,2.1618265000288375,,"HTTPStatusError: Redirect response '302 Moved Temporarily' for url 'https://nomads.ncep.noaa.gov/pub/data/nccf/com/gens/prod/gefs.20260706/12/atmos/pgrb2sp25/gec00.t12z.pgrb2s.0p25.f042.idx'
For more information check: https://developer.mozilla.org/en-US/docs/Web/HTTP/Status/302"
gefs_control,2026-07-06,12,48,https://nomads.ncep.noaa.gov/pub/data/nccf/com/gens/prod/gefs.20260706/12/atmos/pgrb2sp25/gec00.t12z.pgrb2s.0p25.f048.idx,,,[],,error,2.13871410000138,,"HTTPStatusError: Redirect response '302 Moved Temporarily' for url 'https://nomads.ncep.noaa.gov/pub/data/nccf/com/gens/prod/gefs.20260706/12/atmos/pgrb2sp25/gec00.t12z.pgrb2s.0p25.f048.idx'
For more information check: https://developer.mozilla.org/en-US/docs/Web/HTTP/Status/302"
gefs_control,2026-07-06,12,18,https://nomads.ncep.noaa.gov/pub/data/nccf/com/gens/prod/gefs.20260706/12/atmos/pgrb2sp25/gec00.t12z.pgrb2s.0p25.f018.idx,,,[],,error,3.6695694000227377,,"HTTPStatusError: Redirect response '302 Moved Temporarily' for url 'https://nomads.ncep.noaa.gov/pub/data/nccf/com/gens/prod/gefs.20260706/12/atmos/pgrb2sp25/gec00.t12z.pgrb2s.0p25.f018.idx'
For more information check: https://developer.mozilla.org/en-US/docs/Web/HTTP/Status/302"
gefs_control,2026-07-06,12,45,https://nomads.ncep.noaa.gov/pub/data/nccf/com/gens/prod/gefs.20260706/12/atmos/pgrb2sp25/gec00.t12z.pgrb2s.0p25.f045.idx,38.0,35.0,"['APCP', 'CAPE', 'CFRZR', 'CICEP', 'CIN', 'CPOFP', 'CRAIN', 'CSNOW', 'DLWRF', 'DPT', 'DSWRF', 'GUST', 'HGT', 'HLCY', 'ICETK', 'LHTFL', 'MSLET', 'PRES', 'PRMSL', 'PWAT', 'RH', 'SHTFL', 'SNOD', 'SOILW', 'TCDC', 'TMAX', 'TMIN', 'TMP', 'TSOIL', 'UGRD', 'ULWRF', 'USWRF', 'VGRD', 'VIS', 'WEASD']",38.0,ok,2.3413069000234827,2026-07-06T16:01:24Z,
gefs_control,2026-07-06,18,0,https://nomads.ncep.noaa.gov/pub/data/nccf/com/gens/prod/gefs.20260706/18/atmos/pgrb2sp25/gec00.t18z.pgrb2s.0p25.f000.idx,,,[],,error,2.3264313000254333,,"HTTPStatusError: Redirect response '302 Moved Temporarily' for url 'https://nomads.ncep.noaa.gov/pub/data/nccf/com/gens/prod/gefs.20260706/18/atmos/pgrb2sp25/gec00.t18z.pgrb2s.0p25.f000.idx'
For more information check: https://developer.mozilla.org/en-US/docs/Web/HTTP/Status/302"
gefs_control,2026-07-06,12,24,https://nomads.ncep.noaa.gov/pub/data/nccf/com/gens/prod/gefs.20260706/12/atmos/pgrb2sp25/gec00.t12z.pgrb2s.0p25.f024.idx,,,[],,error,3.592444100009743,,"HTTPStatusError: Redirect response '302 Moved Temporarily' for url 'https://nomads.ncep.noaa.gov/pub/data/nccf/com/gens/prod/gefs.20260706/12/atmos/pgrb2sp25/gec00.t12z.pgrb2s.0p25.f024.idx'
For more information check: https://developer.mozilla.org/en-US/docs/Web/HTTP/Status/302"
gefs_control,2026-07-06,12,15,https://nomads.ncep.noaa.gov/pub/data/nccf/com/gens/prod/gefs.20260706/12/atmos/pgrb2sp25/gec00.t12z.pgrb2s.0p25.f015.idx,38.0,35.0,"['APCP', 'CAPE', 'CFRZR', 'CICEP', 'CIN', 'CPOFP', 'CRAIN', 'CSNOW', 'DLWRF', 'DPT', 'DSWRF', 'GUST', 'HGT', 'HLCY', 'ICETK', 'LHTFL', 'MSLET', 'PRES', 'PRMSL', 'PWAT', 'RH', 'SHTFL', 'SNOD', 'SOILW', 'TCDC', 'TMAX', 'TMIN', 'TMP', 'TSOIL', 'UGRD', 'ULWRF', 'USWRF', 'VGRD', 'VIS', 'WEASD']",38.0,ok,4.210338199976832,2026-07-06T15:50:28Z,
gefs_control,2026-07-06,18,3,https://nomads.ncep.noaa.gov/pub/data/nccf/com/gens/prod/gefs.20260706/18/atmos/pgrb2sp25/gec00.t18z.pgrb2s.0p25.f003.idx,,,[],,error,2.4711760000209324,,"HTTPStatusError: Redirect response '302 Moved Temporarily' for url 'https://nomads.ncep.noaa.gov/pub/data/nccf/com/gens/prod/gefs.20260706/18/atmos/pgrb2sp25/gec00.t18z.pgrb2s.0p25.f003.idx'
For more information check: https://developer.mozilla.org/en-US/docs/Web/HTTP/Status/302"
gefs_control,2026-07-06,18,12,https://nomads.ncep.noaa.gov/pub/data/nccf/com/gens/prod/gefs.20260706/18/atmos/pgrb2sp25/gec00.t18z.pgrb2s.0p25.f012.idx,38.0,35.0,"['APCP', 'CAPE', 'CFRZR', 'CICEP', 'CIN', 'CPOFP', 'CRAIN', 'CSNOW', 'DLWRF', 'DPT', 'DSWRF', 'GUST', 'HGT', 'HLCY', 'ICETK', 'LHTFL', 'MSLET', 'PRES', 'PRMSL', 'PWAT', 'RH', 'SHTFL', 'SNOD', 'SOILW', 'TCDC', 'TMAX', 'TMIN', 'TMP', 'TSOIL', 'UGRD', 'ULWRF', 'USWRF', 'VGRD', 'VIS', 'WEASD']",38.0,ok,2.5291945000062697,2026-07-06T21:49:11Z,
gefs_control,2026-07-06,18,18,https://nomads.ncep.noaa.gov/pub/data/nccf/com/gens/prod/gefs.20260706/18/atmos/pgrb2sp25/gec00.t18z.pgrb2s.0p25.f018.idx,,,[],,error,2.537415000027977,,"HTTPStatusError: Redirect response '302 Moved Temporarily' for url 'https://nomads.ncep.noaa.gov/pub/data/nccf/com/gens/prod/gefs.20260706/18/atmos/pgrb2sp25/gec00.t18z.pgrb2s.0p25.f018.idx'
For more information check: https://developer.mozilla.org/en-US/docs/Web/HTTP/Status/302"
gefs_control,2026-07-06,18,6,https://nomads.ncep.noaa.gov/pub/data/nccf/com/gens/prod/gefs.20260706/18/atmos/pgrb2sp25/gec00.t18z.pgrb2s.0p25.f006.idx,38.0,35.0,"['APCP', 'CAPE', 'CFRZR', 'CICEP', 'CIN', 'CPOFP', 'CRAIN', 'CSNOW', 'DLWRF', 'DPT', 'DSWRF', 'GUST', 'HGT', 'HLCY', 'ICETK', 'LHTFL', 'MSLET', 'PRES', 'PRMSL', 'PWAT', 'RH', 'SHTFL', 'SNOD', 'SOILW', 'TCDC', 'TMAX', 'TMIN', 'TMP', 'TSOIL', 'UGRD', 'ULWRF', 'USWRF', 'VGRD', 'VIS', 'WEASD']",38.0,ok,3.4998790999525227,2026-07-06T21:47:09Z,
gefs_control,2026-07-06,18,15,https://nomads.ncep.noaa.gov/pub/data/nccf/com/gens/prod/gefs.20260706/18/atmos/pgrb2sp25/gec00.t18z.pgrb2s.0p25.f015.idx,38.0,35.0,"['APCP', 'CAPE', 'CFRZR', 'CICEP', 'CIN', 'CPOFP', 'CRAIN', 'CSNOW', 'DLWRF', 'DPT', 'DSWRF', 'GUST', 'HGT', 'HLCY', 'ICETK', 'LHTFL', 'MSLET', 'PRES', 'PRMSL', 'PWAT', 'RH', 'SHTFL', 'SNOD', 'SOILW', 'TCDC', 'TMAX', 'TMIN', 'TMP', 'TSOIL', 'UGRD', 'ULWRF', 'USWRF', 'VGRD', 'VIS', 'WEASD']",38.0,ok,3.437585300009232,2026-07-06T21:50:20Z,
gefs_control,2026-07-06,12,27,https://nomads.ncep.noaa.gov/pub/data/nccf/com/gens/prod/gefs.20260706/12/atmos/pgrb2sp25/gec00.t12z.pgrb2s.0p25.f027.idx,38.0,35.0,"['APCP', 'CAPE', 'CFRZR', 'CICEP', 'CIN', 'CPOFP', 'CRAIN', 'CSNOW', 'DLWRF', 'DPT', 'DSWRF', 'GUST', 'HGT', 'HLCY', 'ICETK', 'LHTFL', 'MSLET', 'PRES', 'PRMSL', 'PWAT', 'RH', 'SHTFL', 'SNOD', 'SOILW', 'TCDC', 'TMAX', 'TMIN', 'TMP', 'TSOIL', 'UGRD', 'ULWRF', 'USWRF', 'VGRD', 'VIS', 'WEASD']",38.0,ok,5.010983099986333,2026-07-06T15:54:57Z,
gefs_control,2026-07-06,18,9,https://nomads.ncep.noaa.gov/pub/data/nccf/com/gens/prod/gefs.20260706/18/atmos/pgrb2sp25/gec00.t18z.pgrb2s.0p25.f009.idx,38.0,35.0,"['APCP', 'CAPE', 'CFRZR', 'CICEP', 'CIN', 'CPOFP', 'CRAIN', 'CSNOW', 'DLWRF', 'DPT', 'DSWRF', 'GUST', 'HGT', 'HLCY', 'ICETK', 'LHTFL', 'MSLET', 'PRES', 'PRMSL', 'PWAT', 'RH', 'SHTFL', 'SNOD', 'SOILW', 'TCDC', 'TMAX', 'TMIN', 'TMP', 'TSOIL', 'UGRD', 'ULWRF', 'USWRF', 'VGRD', 'VIS', 'WEASD']",38.0,ok,3.878067600016948,2026-07-06T21:48:14Z,
gefs_control,2026-07-06,12,30,https://nomads.ncep.noaa.gov/pub/data/nccf/com/gens/prod/gefs.20260706/12/atmos/pgrb2sp25/gec00.t12z.pgrb2s.0p25.f030.idx,38.0,35.0,"['APCP', 'CAPE', 'CFRZR', 'CICEP', 'CIN', 'CPOFP', 'CRAIN', 'CSNOW', 'DLWRF', 'DPT', 'DSWRF', 'GUST', 'HGT', 'HLCY', 'ICETK', 'LHTFL', 'MSLET', 'PRES', 'PRMSL', 'PWAT', 'RH', 'SHTFL', 'SNOD', 'SOILW', 'TCDC', 'TMAX', 'TMIN', 'TMP', 'TSOIL', 'UGRD', 'ULWRF', 'USWRF', 'VGRD', 'VIS', 'WEASD']",38.0,ok,5.26634740002919,2026-07-06T15:56:10Z,
gefs_control,2026-07-06,18,24,https://nomads.ncep.noaa.gov/pub/data/nccf/com/gens/prod/gefs.20260706/18/atmos/pgrb2sp25/gec00.t18z.pgrb2s.0p25.f024.idx,,,[],,error,2.6762729000183754,,"HTTPStatusError: Redirect response '302 Moved Temporarily' for url 'https://nomads.ncep.noaa.gov/pub/data/nccf/com/gens/prod/gefs.20260706/18/atmos/pgrb2sp25/gec00.t18z.pgrb2s.0p25.f024.idx'
For more information check: https://developer.mozilla.org/en-US/docs/Web/HTTP/Status/302"
gefs_control,2026-07-06,18,27,https://nomads.ncep.noaa.gov/pub/data/nccf/com/gens/prod/gefs.20260706/18/atmos/pgrb2sp25/gec00.t18z.pgrb2s.0p25.f027.idx,,,[],,error,2.764728899986949,,"HTTPStatusError: Redirect response '302 Moved Temporarily' for url 'https://nomads.ncep.noaa.gov/pub/data/nccf/com/gens/prod/gefs.20260706/18/atmos/pgrb2sp25/gec00.t18z.pgrb2s.0p25.f027.idx'
For more information check: https://developer.mozilla.org/en-US/docs/Web/HTTP/Status/302"
gefs_control,2026-07-06,18,45,https://nomads.ncep.noaa.gov/pub/data/nccf/com/gens/prod/gefs.20260706/18/atmos/pgrb2sp25/gec00.t18z.pgrb2s.0p25.f045.idx,,,[],,error,2.3018025000346825,,"HTTPStatusError: Redirect response '302 Moved Temporarily' for url 'https://nomads.ncep.noaa.gov/pub/data/nccf/com/gens/prod/gefs.20260706/18/atmos/pgrb2sp25/gec00.t18z.pgrb2s.0p25.f045.idx'
For more information check: https://developer.mozilla.org/en-US/docs/Web/HTTP/Status/302"
gefs_control,2026-07-06,18,36,https://nomads.ncep.noaa.gov/pub/data/nccf/com/gens/prod/gefs.20260706/18/atmos/pgrb2sp25/gec00.t18z.pgrb2s.0p25.f036.idx,,,[],,error,2.5253376999753527,,"HTTPStatusError: Redirect response '302 Moved Temporarily' for url 'https://nomads.ncep.noaa.gov/pub/data/nccf/com/gens/prod/gefs.20260706/18/atmos/pgrb2sp25/gec00.t18z.pgrb2s.0p25.f036.idx'
For more information check: https://developer.mozilla.org/en-US/docs/Web/HTTP/Status/302"
gefs_control,2026-07-06,18,39,https://nomads.ncep.noaa.gov/pub/data/nccf/com/gens/prod/gefs.20260706/18/atmos/pgrb2sp25/gec00.t18z.pgrb2s.0p25.f039.idx,,,[],,error,2.5220515999826603,,"HTTPStatusError: Redirect response '302 Moved Temporarily' for url 'https://nomads.ncep.noaa.gov/pub/data/nccf/com/gens/prod/gefs.20260706/18/atmos/pgrb2sp25/gec00.t18z.pgrb2s.0p25.f039.idx'
For more information check: https://developer.mozilla.org/en-US/docs/Web/HTTP/Status/302"
gefs_control,2026-07-06,18,48,https://nomads.ncep.noaa.gov/pub/data/nccf/com/gens/prod/gefs.20260706/18/atmos/pgrb2sp25/gec00.t18z.pgrb2s.0p25.f048.idx,,,[],,error,2.268172300013248,,"HTTPStatusError: Redirect response '302 Moved Temporarily' for url 'https://nomads.ncep.noaa.gov/pub/data/nccf/com/gens/prod/gefs.20260706/18/atmos/pgrb2sp25/gec00.t18z.pgrb2s.0p25.f048.idx'
For more information check: https://developer.mozilla.org/en-US/docs/Web/HTTP/Status/302"
gefs_control,2026-07-06,18,33,https://nomads.ncep.noaa.gov/pub/data/nccf/com/gens/prod/gefs.20260706/18/atmos/pgrb2sp25/gec00.t18z.pgrb2s.0p25.f033.idx,38.0,35.0,"['APCP', 'CAPE', 'CFRZR', 'CICEP', 'CIN', 'CPOFP', 'CRAIN', 'CSNOW', 'DLWRF', 'DPT', 'DSWRF', 'GUST', 'HGT', 'HLCY', 'ICETK', 'LHTFL', 'MSLET', 'PRES', 'PRMSL', 'PWAT', 'RH', 'SHTFL', 'SNOD', 'SOILW', 'TCDC', 'TMAX', 'TMIN', 'TMP', 'TSOIL', 'UGRD', 'ULWRF', 'USWRF', 'VGRD', 'VIS', 'WEASD']",38.0,ok,2.85720810003113,2026-07-06T21:57:04Z,
gfs,2026-07-07,0,6,https://nomads.ncep.noaa.gov/pub/data/nccf/com/gfs/prod/gfs.20260707/00/atmos/gfs.t00z.pgrb2.0p25.f006.idx,,,[],,error,2.2805720000178553,,"HTTPStatusError: Redirect response '302 Moved Temporarily' for url 'https://nomads.ncep.noaa.gov/pub/data/nccf/com/gfs/prod/gfs.20260707/00/atmos/gfs.t00z.pgrb2.0p25.f006.idx'
For more information check: https://developer.mozilla.org/en-US/docs/Web/HTTP/Status/302"
gfs,2026-07-07,0,9,https://nomads.ncep.noaa.gov/pub/data/nccf/com/gfs/prod/gfs.20260707/00/atmos/gfs.t00z.pgrb2.0p25.f009.idx,,,[],,error,2.222095899982378,,"HTTPStatusError: Redirect response '302 Moved Temporarily' for url 'https://nomads.ncep.noaa.gov/pub/data/nccf/com/gfs/prod/gfs.20260707/00/atmos/gfs.t00z.pgrb2.0p25.f009.idx'
For more information check: https://developer.mozilla.org/en-US/docs/Web/HTTP/Status/302"
gfs,2026-07-07,0,12,https://nomads.ncep.noaa.gov/pub/data/nccf/com/gfs/prod/gfs.20260707/00/atmos/gfs.t00z.pgrb2.0p25.f012.idx,743.0,89.0,"['4LFTX', 'ABSV', 'ACPCP', 'ALBDO', 'APCP', 'APTMP', 'CAPE', 'CFRZR', 'CICEP', 'CIN', 'CLWMR', 'CNWAT', 'CPOFP', 'CPRAT', 'CRAIN', 'CSNOW', 'CWAT', 'CWORK', 'DLWRF', 'DPT', 'DSWRF', 'DZDT', 'FLDCP', 'FRICV', 'GFLUX', 'GRLE', 'GUST', 'HCDC', 'HGT', 'HINDEX', 'HLCY', 'HPBL', 'ICAHT', 'ICEC', 'ICEG', 'ICETK', 'ICETMP', 'ICMR', 'LAND', 'LCDC', 'LFTX', 'LHTFL', 'MCDC', 'MSLET', 'O3MR', 'PEVPR', 'PLPL', 'POT', 'PRATE', 'PRES', 'PRMSL', 'PWAT', 'REFC', 'REFD', 'RH', 'RWMR', 'SFCR', 'SHTFL', 'SNMR', 'SNOD', 'SOILL', 'SOILW', 'SOTYP', 'SPFH', 'SUNSD', 'TCDC', 'TMAX', 'TMIN', 'TMP', 'TOZNE', 'TSOIL', 'U-GWD', 'UFLX', 'UGRD', 'ULWRF', 'USTM', 'USWRF', 'V-GWD', 'VEG', 'VFLX', 'VGRD', 'VIS', 'VRATE', 'VSTM', 'VVEL', 'VWSH', 'WATR', 'WEASD', 'WILT']",731.0,ok,1.9716106999549083,2026-07-07T03:37:52Z,
gefs_control,2026-07-06,18,42,https://nomads.ncep.noaa.gov/pub/data/nccf/com/gens/prod/gefs.20260706/18/atmos/pgrb2sp25/gec00.t18z.pgrb2s.0p25.f042.idx,38.0,35.0,"['APCP', 'CAPE', 'CFRZR', 'CICEP', 'CIN', 'CPOFP', 'CRAIN', 'CSNOW', 'DLWRF', 'DPT', 'DSWRF', 'GUST', 'HGT', 'HLCY', 'ICETK', 'LHTFL', 'MSLET', 'PRES', 'PRMSL', 'PWAT', 'RH', 'SHTFL', 'SNOD', 'SOILW', 'TCDC', 'TMAX', 'TMIN', 'TMP', 'TSOIL', 'UGRD', 'ULWRF', 'USWRF', 'VGRD', 'VIS', 'WEASD']",38.0,ok,3.443781499983743,2026-07-06T22:00:30Z,
gfs,2026-07-07,0,3,https://nomads.ncep.noaa.gov/pub/data/nccf/com/gfs/prod/gfs.20260707/00/atmos/gfs.t00z.pgrb2.0p25.f003.idx,,,[],,error,3.621929100016132,,"HTTPStatusError: Redirect response '302 Moved Temporarily' for url 'https://nomads.ncep.noaa.gov/pub/data/nccf/com/gfs/prod/gfs.20260707/00/atmos/gfs.t00z.pgrb2.0p25.f003.idx'
For more information check: https://developer.mozilla.org/en-US/docs/Web/HTTP/Status/302"
gfs,2026-07-07,0,0,https://nomads.ncep.noaa.gov/pub/data/nccf/com/gfs/prod/gfs.20260707/00/atmos/gfs.t00z.pgrb2.0p25.f000.idx,696.0,69.0,"['4LFTX', 'ABSV', 'APTMP', 'CAPE', 'CFRZR', 'CICEP', 'CIN', 'CLWMR', 'CNWAT', 'CPOFP', 'CRAIN', 'CSNOW', 'CWAT', 'DPT', 'DZDT', 'FLDCP', 'FRICV', 'GRLE', 'GUST', 'HCDC', 'HGT', 'HINDEX', 'HLCY', 'HPBL', 'ICAHT', 'ICEC', 'ICEG', 'ICETK', 'ICETMP', 'ICMR', 'LAND', 'LCDC', 'LFTX', 'MCDC', 'MSLET', 'O3MR', 'PLPL', 'POT', 'PRATE', 'PRES', 'PRMSL', 'PWAT', 'REFC', 'REFD', 'RH', 'RWMR', 'SFCR', 'SNMR', 'SNOD', 'SOILL', 'SOILW', 'SOTYP', 'SPFH', 'SUNSD', 'TCDC', 'TMP', 'TOZNE', 'TSOIL', 'UGRD', 'USTM', 'VEG', 'VGRD', 'VIS', 'VRATE', 'VSTM', 'VVEL', 'VWSH', 'WEASD', 'WILT']",696.0,ok,3.6537117999978364,2026-07-07T03:34:48Z,
gfs,2026-07-07,0,36,https://nomads.ncep.noaa.gov/pub/data/nccf/com/gfs/prod/gfs.20260707/00/atmos/gfs.t00z.pgrb2.0p25.f036.idx,,,[],,error,1.881685100030154,,"HTTPStatusError: Redirect response '302 Moved Temporarily' for url 'https://nomads.ncep.noaa.gov/pub/data/nccf/com/gfs/prod/gfs.20260707/00/atmos/gfs.t00z.pgrb2.0p25.f036.idx'
For more information check: https://developer.mozilla.org/en-US/docs/Web/HTTP/Status/302"
gfs,2026-07-07,0,45,https://nomads.ncep.noaa.gov/pub/data/nccf/com/gfs/prod/gfs.20260707/00/atmos/gfs.t00z.pgrb2.0p25.f045.idx,,,[],,error,1.928433799999766,,"HTTPStatusError: Redirect response '302 Moved Temporarily' for url 'https://nomads.ncep.noaa.gov/pub/data/nccf/com/gfs/prod/gfs.20260707/00/atmos/gfs.t00z.pgrb2.0p25.f045.idx'
For more information check: https://developer.mozilla.org/en-US/docs/Web/HTTP/Status/302"
gfs,2026-07-07,0,30,https://nomads.ncep.noaa.gov/pub/data/nccf/com/gfs/prod/gfs.20260707/00/atmos/gfs.t00z.pgrb2.0p25.f030.idx,743.0,89.0,"['4LFTX', 'ABSV', 'ACPCP', 'ALBDO', 'APCP', 'APTMP', 'CAPE', 'CFRZR', 'CICEP', 'CIN', 'CLWMR', 'CNWAT', 'CPOFP', 'CPRAT', 'CRAIN', 'CSNOW', 'CWAT', 'CWORK', 'DLWRF', 'DPT', 'DSWRF', 'DZDT', 'FLDCP', 'FRICV', 'GFLUX', 'GRLE', 'GUST', 'HCDC', 'HGT', 'HINDEX', 'HLCY', 'HPBL', 'ICAHT', 'ICEC', 'ICEG', 'ICETK', 'ICETMP', 'ICMR', 'LAND', 'LCDC', 'LFTX', 'LHTFL', 'MCDC', 'MSLET', 'O3MR', 'PEVPR', 'PLPL', 'POT', 'PRATE', 'PRES', 'PRMSL', 'PWAT', 'REFC', 'REFD', 'RH', 'RWMR', 'SFCR', 'SHTFL', 'SNMR', 'SNOD', 'SOILL', 'SOILW', 'SOTYP', 'SPFH', 'SUNSD', 'TCDC', 'TMAX', 'TMIN', 'TMP', 'TOZNE', 'TSOIL', 'U-GWD', 'UFLX', 'UGRD', 'ULWRF', 'USTM', 'USWRF', 'V-GWD', 'VEG', 'VFLX', 'VGRD', 'VIS', 'VRATE', 'VSTM', 'VVEL', 'VWSH', 'WATR', 'WEASD', 'WILT']",731.0,ok,2.178298700018786,2026-07-07T03:42:51Z,
gfs,2026-07-07,0,33,https://nomads.ncep.noaa.gov/pub/data/nccf/com/gfs/prod/gfs.20260707/00/atmos/gfs.t00z.pgrb2.0p25.f033.idx,,,[],,error,2.142860500025563,,"HTTPStatusError: Redirect response '302 Moved Temporarily' for url 'https://nomads.ncep.noaa.gov/pub/data/nccf/com/gfs/prod/gfs.20260707/00/atmos/gfs.t00z.pgrb2.0p25.f033.idx'
For more information check: https://developer.mozilla.org/en-US/docs/Web/HTTP/Status/302"
gfs,2026-07-07,0,48,https://nomads.ncep.noaa.gov/pub/data/nccf/com/gfs/prod/gfs.20260707/00/atmos/gfs.t00z.pgrb2.0p25.f048.idx,,,[],,error,1.9709590999991633,,"HTTPStatusError: Redirect response '302 Moved Temporarily' for url 'https://nomads.ncep.noaa.gov/pub/data/nccf/com/gfs/prod/gfs.20260707/00/atmos/gfs.t00z.pgrb2.0p25.f048.idx'
For more information check: https://developer.mozilla.org/en-US/docs/Web/HTTP/Status/302"
gfs,2026-07-07,0,42,https://nomads.ncep.noaa.gov/pub/data/nccf/com/gfs/prod/gfs.20260707/00/atmos/gfs.t00z.pgrb2.0p25.f042.idx,743.0,89.0,"['4LFTX', 'ABSV', 'ACPCP', 'ALBDO', 'APCP', 'APTMP', 'CAPE', 'CFRZR', 'CICEP', 'CIN', 'CLWMR', 'CNWAT', 'CPOFP', 'CPRAT', 'CRAIN', 'CSNOW', 'CWAT', 'CWORK', 'DLWRF', 'DPT', 'DSWRF', 'DZDT', 'FLDCP', 'FRICV', 'GFLUX', 'GRLE', 'GUST', 'HCDC', 'HGT', 'HINDEX', 'HLCY', 'HPBL', 'ICAHT', 'ICEC', 'ICEG', 'ICETK', 'ICETMP', 'ICMR', 'LAND', 'LCDC', 'LFTX', 'LHTFL', 'MCDC', 'MSLET', 'O3MR', 'PEVPR', 'PLPL', 'POT', 'PRATE', 'PRES', 'PRMSL', 'PWAT', 'REFC', 'REFD', 'RH', 'RWMR', 'SFCR', 'SHTFL', 'SNMR', 'SNOD', 'SOILL', 'SOILW', 'SOTYP', 'SPFH', 'SUNSD', 'TCDC', 'TMAX', 'TMIN', 'TMP', 'TOZNE', 'TSOIL', 'U-GWD', 'UFLX', 'UGRD', 'ULWRF', 'USTM', 'USWRF', 'V-GWD', 'VEG', 'VFLX', 'VGRD', 'VIS', 'VRATE', 'VSTM', 'VVEL', 'VWSH', 'WATR', 'WEASD', 'WILT']",731.0,ok,2.2183291999972425,2026-07-07T03:46:00Z,
gfs,2026-07-07,0,39,https://nomads.ncep.noaa.gov/pub/data/nccf/com/gfs/prod/gfs.20260707/00/atmos/gfs.t00z.pgrb2.0p25.f039.idx,743.0,89.0,"['4LFTX', 'ABSV', 'ACPCP', 'ALBDO', 'APCP', 'APTMP', 'CAPE', 'CFRZR', 'CICEP', 'CIN', 'CLWMR', 'CNWAT', 'CPOFP', 'CPRAT', 'CRAIN', 'CSNOW', 'CWAT', 'CWORK', 'DLWRF', 'DPT', 'DSWRF', 'DZDT', 'FLDCP', 'FRICV', 'GFLUX', 'GRLE', 'GUST', 'HCDC', 'HGT', 'HINDEX', 'HLCY', 'HPBL', 'ICAHT', 'ICEC', 'ICEG', 'ICETK', 'ICETMP', 'ICMR', 'LAND', 'LCDC', 'LFTX', 'LHTFL', 'MCDC', 'MSLET', 'O3MR', 'PEVPR', 'PLPL', 'POT', 'PRATE', 'PRES', 'PRMSL', 'PWAT', 'REFC', 'REFD', 'RH', 'RWMR', 'SFCR', 'SHTFL', 'SNMR', 'SNOD', 'SOILL', 'SOILW', 'SOTYP', 'SPFH', 'SUNSD', 'TCDC', 'TMAX', 'TMIN', 'TMP', 'TOZNE', 'TSOIL', 'U-GWD', 'UFLX', 'UGRD', 'ULWRF', 'USTM', 'USWRF', 'V-GWD', 'VEG', 'VFLX', 'VGRD', 'VIS', 'VRATE', 'VSTM', 'VVEL', 'VWSH', 'WATR', 'WEASD', 'WILT']",731.0,ok,2.2584711000090465,2026-07-07T03:45:08Z,
gefs_control,2026-07-06,18,30,https://nomads.ncep.noaa.gov/pub/data/nccf/com/gens/prod/gefs.20260706/18/atmos/pgrb2sp25/gec00.t18z.pgrb2s.0p25.f030.idx,,,[],,error,5.095856300031301,,"HTTPStatusError: Redirect response '302 Moved Temporarily' for url 'https://nomads.ncep.noaa.gov/pub/data/nccf/com/gens/prod/gefs.20260706/18/atmos/pgrb2sp25/gec00.t18z.pgrb2s.0p25.f030.idx'
For more information check: https://developer.mozilla.org/en-US/docs/Web/HTTP/Status/302"
gfs,2026-07-07,0,21,https://nomads.ncep.noaa.gov/pub/data/nccf/com/gfs/prod/gfs.20260707/00/atmos/gfs.t00z.pgrb2.0p25.f021.idx,,,[],,error,3.3559831000166014,,"HTTPStatusError: Redirect response '302 Moved Temporarily' for url 'https://nomads.ncep.noaa.gov/pub/data/nccf/com/gfs/prod/gfs.20260707/00/atmos/gfs.t00z.pgrb2.0p25.f021.idx'
For more information check: https://developer.mozilla.org/en-US/docs/Web/HTTP/Status/302"
gefs_control,2026-07-06,18,21,https://nomads.ncep.noaa.gov/pub/data/nccf/com/gens/prod/gefs.20260706/18/atmos/pgrb2sp25/gec00.t18z.pgrb2s.0p25.f021.idx,38.0,35.0,"['APCP', 'CAPE', 'CFRZR', 'CICEP', 'CIN', 'CPOFP', 'CRAIN', 'CSNOW', 'DLWRF', 'DPT', 'DSWRF', 'GUST', 'HGT', 'HLCY', 'ICETK', 'LHTFL', 'MSLET', 'PRES', 'PRMSL', 'PWAT', 'RH', 'SHTFL', 'SNOD', 'SOILW', 'TCDC', 'TMAX', 'TMIN', 'TMP', 'TSOIL', 'UGRD', 'ULWRF', 'USWRF', 'VGRD', 'VIS', 'WEASD']",38.0,ok,5.969225699955132,2026-07-06T21:52:35Z,
gfs,2026-07-07,6,0,https://nomads.ncep.noaa.gov/pub/data/nccf/com/gfs/prod/gfs.20260707/06/atmos/gfs.t06z.pgrb2.0p25.f000.idx,,,[],,error,2.2854242000030354,,"HTTPStatusError: Redirect response '302 Moved Temporarily' for url 'https://nomads.ncep.noaa.gov/pub/data/nccf/com/gfs/prod/gfs.20260707/06/atmos/gfs.t06z.pgrb2.0p25.f000.idx'
For more information check: https://developer.mozilla.org/en-US/docs/Web/HTTP/Status/302"
gfs,2026-07-07,6,6,https://nomads.ncep.noaa.gov/pub/data/nccf/com/gfs/prod/gfs.20260707/06/atmos/gfs.t06z.pgrb2.0p25.f006.idx,743.0,89.0,"['4LFTX', 'ABSV', 'ACPCP', 'ALBDO', 'APCP', 'APTMP', 'CAPE', 'CFRZR', 'CICEP', 'CIN', 'CLWMR', 'CNWAT', 'CPOFP', 'CPRAT', 'CRAIN', 'CSNOW', 'CWAT', 'CWORK', 'DLWRF', 'DPT', 'DSWRF', 'DZDT', 'FLDCP', 'FRICV', 'GFLUX', 'GRLE', 'GUST', 'HCDC', 'HGT', 'HINDEX', 'HLCY', 'HPBL', 'ICAHT', 'ICEC', 'ICEG', 'ICETK', 'ICETMP', 'ICMR', 'LAND', 'LCDC', 'LFTX', 'LHTFL', 'MCDC', 'MSLET', 'O3MR', 'PEVPR', 'PLPL', 'POT', 'PRATE', 'PRES', 'PRMSL', 'PWAT', 'REFC', 'REFD', 'RH', 'RWMR', 'SFCR', 'SHTFL', 'SNMR', 'SNOD', 'SOILL', 'SOILW', 'SOTYP', 'SPFH', 'SUNSD', 'TCDC', 'TMAX', 'TMIN', 'TMP', 'TOZNE', 'TSOIL', 'U-GWD', 'UFLX', 'UGRD', 'ULWRF', 'USTM', 'USWRF', 'V-GWD', 'VEG', 'VFLX', 'VGRD', 'VIS', 'VRATE', 'VSTM', 'VVEL', 'VWSH', 'WATR', 'WEASD', 'WILT']",731.0,ok,2.1609232000191696,2026-07-07T09:33:33Z,
gfs,2026-07-07,0,15,https://nomads.ncep.noaa.gov/pub/data/nccf/com/gfs/prod/gfs.20260707/00/atmos/gfs.t00z.pgrb2.0p25.f015.idx,743.0,89.0,"['4LFTX', 'ABSV', 'ACPCP', 'ALBDO', 'APCP', 'APTMP', 'CAPE', 'CFRZR', 'CICEP', 'CIN', 'CLWMR', 'CNWAT', 'CPOFP', 'CPRAT', 'CRAIN', 'CSNOW', 'CWAT', 'CWORK', 'DLWRF', 'DPT', 'DSWRF', 'DZDT', 'FLDCP', 'FRICV', 'GFLUX', 'GRLE', 'GUST', 'HCDC', 'HGT', 'HINDEX', 'HLCY', 'HPBL', 'ICAHT', 'ICEC', 'ICEG', 'ICETK', 'ICETMP', 'ICMR', 'LAND', 'LCDC', 'LFTX', 'LHTFL', 'MCDC', 'MSLET', 'O3MR', 'PEVPR', 'PLPL', 'POT', 'PRATE', 'PRES', 'PRMSL', 'PWAT', 'REFC', 'REFD', 'RH', 'RWMR', 'SFCR', 'SHTFL', 'SNMR', 'SNOD', 'SOILL', 'SOILW', 'SOTYP', 'SPFH', 'SUNSD', 'TCDC', 'TMAX', 'TMIN', 'TMP', 'TOZNE', 'TSOIL', 'U-GWD', 'UFLX', 'UGRD', 'ULWRF', 'USTM', 'USWRF', 'V-GWD', 'VEG', 'VFLX', 'VGRD', 'VIS', 'VRATE', 'VSTM', 'VVEL', 'VWSH', 'WATR', 'WEASD', 'WILT']",731.0,ok,3.5986905000172555,2026-07-07T03:38:55Z,
gfs,2026-07-07,6,3,https://nomads.ncep.noaa.gov/pub/data/nccf/com/gfs/prod/gfs.20260707/06/atmos/gfs.t06z.pgrb2.0p25.f003.idx,743.0,89.0,"['4LFTX', 'ABSV', 'ACPCP', 'ALBDO', 'APCP', 'APTMP', 'CAPE', 'CFRZR', 'CICEP', 'CIN', 'CLWMR', 'CNWAT', 'CPOFP', 'CPRAT', 'CRAIN', 'CSNOW', 'CWAT', 'CWORK', 'DLWRF', 'DPT', 'DSWRF', 'DZDT', 'FLDCP', 'FRICV', 'GFLUX', 'GRLE', 'GUST', 'HCDC', 'HGT', 'HINDEX', 'HLCY', 'HPBL', 'ICAHT', 'ICEC', 'ICEG', 'ICETK', 'ICETMP', 'ICMR', 'LAND', 'LCDC', 'LFTX', 'LHTFL', 'MCDC', 'MSLET', 'O3MR', 'PEVPR', 'PLPL', 'POT', 'PRATE', 'PRES', 'PRMSL', 'PWAT', 'REFC', 'REFD', 'RH', 'RWMR', 'SFCR', 'SHTFL', 'SNMR', 'SNOD', 'SOILL', 'SOILW', 'SOTYP', 'SPFH', 'SUNSD', 'TCDC', 'TMAX', 'TMIN', 'TMP', 'TOZNE', 'TSOIL', 'U-GWD', 'UFLX', 'UGRD', 'ULWRF', 'USTM', 'USWRF', 'V-GWD', 'VEG', 'VFLX', 'VGRD', 'VIS', 'VRATE', 'VSTM', 'VVEL', 'VWSH', 'WATR', 'WEASD', 'WILT']",731.0,ok,2.293555499985814,2026-07-07T09:32:42Z,
gfs,2026-07-07,0,18,https://nomads.ncep.noaa.gov/pub/data/nccf/com/gfs/prod/gfs.20260707/00/atmos/gfs.t00z.pgrb2.0p25.f018.idx,743.0,89.0,"['4LFTX', 'ABSV', 'ACPCP', 'ALBDO', 'APCP', 'APTMP', 'CAPE', 'CFRZR', 'CICEP', 'CIN', 'CLWMR', 'CNWAT', 'CPOFP', 'CPRAT', 'CRAIN', 'CSNOW', 'CWAT', 'CWORK', 'DLWRF', 'DPT', 'DSWRF', 'DZDT', 'FLDCP', 'FRICV', 'GFLUX', 'GRLE', 'GUST', 'HCDC', 'HGT', 'HINDEX', 'HLCY', 'HPBL', 'ICAHT', 'ICEC', 'ICEG', 'ICETK', 'ICETMP', 'ICMR', 'LAND', 'LCDC', 'LFTX', 'LHTFL', 'MCDC', 'MSLET', 'O3MR', 'PEVPR', 'PLPL', 'POT', 'PRATE', 'PRES', 'PRMSL', 'PWAT', 'REFC', 'REFD', 'RH', 'RWMR', 'SFCR', 'SHTFL', 'SNMR', 'SNOD', 'SOILL', 'SOILW', 'SOTYP', 'SPFH', 'SUNSD', 'TCDC', 'TMAX', 'TMIN', 'TMP', 'TOZNE', 'TSOIL', 'U-GWD', 'UFLX', 'UGRD', 'ULWRF', 'USTM', 'USWRF', 'V-GWD', 'VEG', 'VFLX', 'VGRD', 'VIS', 'VRATE', 'VSTM', 'VVEL', 'VWSH', 'WATR', 'WEASD', 'WILT']",731.0,ok,3.611915199959185,2026-07-07T03:39:53Z,
gfs,2026-07-07,0,27,https://nomads.ncep.noaa.gov/pub/data/nccf/com/gfs/prod/gfs.20260707/00/atmos/gfs.t00z.pgrb2.0p25.f027.idx,743.0,89.0,"['4LFTX', 'ABSV', 'ACPCP', 'ALBDO', 'APCP', 'APTMP', 'CAPE', 'CFRZR', 'CICEP', 'CIN', 'CLWMR', 'CNWAT', 'CPOFP', 'CPRAT', 'CRAIN', 'CSNOW', 'CWAT', 'CWORK', 'DLWRF', 'DPT', 'DSWRF', 'DZDT', 'FLDCP', 'FRICV', 'GFLUX', 'GRLE', 'GUST', 'HCDC', 'HGT', 'HINDEX', 'HLCY', 'HPBL', 'ICAHT', 'ICEC', 'ICEG', 'ICETK', 'ICETMP', 'ICMR', 'LAND', 'LCDC', 'LFTX', 'LHTFL', 'MCDC', 'MSLET', 'O3MR', 'PEVPR', 'PLPL', 'POT', 'PRATE', 'PRES', 'PRMSL', 'PWAT', 'REFC', 'REFD', 'RH', 'RWMR', 'SFCR', 'SHTFL', 'SNMR', 'SNOD', 'SOILL', 'SOILW', 'SOTYP', 'SPFH', 'SUNSD', 'TCDC', 'TMAX', 'TMIN', 'TMP', 'TOZNE', 'TSOIL', 'U-GWD', 'UFLX', 'UGRD', 'ULWRF', 'USTM', 'USWRF', 'V-GWD', 'VEG', 'VFLX', 'VGRD', 'VIS', 'VRATE', 'VSTM', 'VVEL', 'VWSH', 'WATR', 'WEASD', 'WILT']",731.0,ok,3.1229033999843523,2026-07-07T03:42:27Z,
gfs,2026-07-07,0,24,https://nomads.ncep.noaa.gov/pub/data/nccf/com/gfs/prod/gfs.20260707/00/atmos/gfs.t00z.pgrb2.0p25.f024.idx,743.0,89.0,"['4LFTX', 'ABSV', 'ACPCP', 'ALBDO', 'APCP', 'APTMP', 'CAPE', 'CFRZR', 'CICEP', 'CIN', 'CLWMR', 'CNWAT', 'CPOFP', 'CPRAT', 'CRAIN', 'CSNOW', 'CWAT', 'CWORK', 'DLWRF', 'DPT', 'DSWRF', 'DZDT', 'FLDCP', 'FRICV', 'GFLUX', 'GRLE', 'GUST', 'HCDC', 'HGT', 'HINDEX', 'HLCY', 'HPBL', 'ICAHT', 'ICEC', 'ICEG', 'ICETK', 'ICETMP', 'ICMR', 'LAND', 'LCDC', 'LFTX', 'LHTFL', 'MCDC', 'MSLET', 'O3MR', 'PEVPR', 'PLPL', 'POT', 'PRATE', 'PRES', 'PRMSL', 'PWAT', 'REFC', 'REFD', 'RH', 'RWMR', 'SFCR', 'SHTFL', 'SNMR', 'SNOD', 'SOILL', 'SOILW', 'SOTYP', 'SPFH', 'SUNSD', 'TCDC', 'TMAX', 'TMIN', 'TMP', 'TOZNE', 'TSOIL', 'U-GWD', 'UFLX', 'UGRD', 'ULWRF', 'USTM', 'USWRF', 'V-GWD', 'VEG', 'VFLX', 'VGRD', 'VIS', 'VRATE', 'VSTM', 'VVEL', 'VWSH', 'WATR', 'WEASD', 'WILT']",731.0,ok,3.531090000004042,2026-07-07T03:41:55Z,
gfs,2026-07-07,6,18,https://nomads.ncep.noaa.gov/pub/data/nccf/com/gfs/prod/gfs.20260707/06/atmos/gfs.t06z.pgrb2.0p25.f018.idx,,,[],,error,2.0333602000027895,,"HTTPStatusError: Redirect response '302 Moved Temporarily' for url 'https://nomads.ncep.noaa.gov/pub/data/nccf/com/gfs/prod/gfs.20260707/06/atmos/gfs.t06z.pgrb2.0p25.f018.idx'
For more information check: https://developer.mozilla.org/en-US/docs/Web/HTTP/Status/302"
gfs,2026-07-07,6,21,https://nomads.ncep.noaa.gov/pub/data/nccf/com/gfs/prod/gfs.20260707/06/atmos/gfs.t06z.pgrb2.0p25.f021.idx,,,[],,error,2.0293918999959715,,"HTTPStatusError: Redirect response '302 Moved Temporarily' for url 'https://nomads.ncep.noaa.gov/pub/data/nccf/com/gfs/prod/gfs.20260707/06/atmos/gfs.t06z.pgrb2.0p25.f021.idx'
For more information check: https://developer.mozilla.org/en-US/docs/Web/HTTP/Status/302"
gfs,2026-07-07,6,30,https://nomads.ncep.noaa.gov/pub/data/nccf/com/gfs/prod/gfs.20260707/06/atmos/gfs.t06z.pgrb2.0p25.f030.idx,,,[],,error,2.1331539999810047,,"HTTPStatusError: Redirect response '302 Moved Temporarily' for url 'https://nomads.ncep.noaa.gov/pub/data/nccf/com/gfs/prod/gfs.20260707/06/atmos/gfs.t06z.pgrb2.0p25.f030.idx'
For more information check: https://developer.mozilla.org/en-US/docs/Web/HTTP/Status/302"
gfs,2026-07-07,6,24,https://nomads.ncep.noaa.gov/pub/data/nccf/com/gfs/prod/gfs.20260707/06/atmos/gfs.t06z.pgrb2.0p25.f024.idx,,,[],,error,2.558868399995845,,"HTTPStatusError: Redirect response '302 Moved Temporarily' for url 'https://nomads.ncep.noaa.gov/pub/data/nccf/com/gfs/prod/gfs.20260707/06/atmos/gfs.t06z.pgrb2.0p25.f024.idx'
For more information check: https://developer.mozilla.org/en-US/docs/Web/HTTP/Status/302"
gfs,2026-07-07,6,27,https://nomads.ncep.noaa.gov/pub/data/nccf/com/gfs/prod/gfs.20260707/06/atmos/gfs.t06z.pgrb2.0p25.f027.idx,,,[],,error,2.5230216999771073,,"HTTPStatusError: Redirect response '302 Moved Temporarily' for url 'https://nomads.ncep.noaa.gov/pub/data/nccf/com/gfs/prod/gfs.20260707/06/atmos/gfs.t06z.pgrb2.0p25.f027.idx'
For more information check: https://developer.mozilla.org/en-US/docs/Web/HTTP/Status/302"
gfs,2026-07-07,6,9,https://nomads.ncep.noaa.gov/pub/data/nccf/com/gfs/prod/gfs.20260707/06/atmos/gfs.t06z.pgrb2.0p25.f009.idx,,,[],,error,3.568435600027442,,"HTTPStatusError: Redirect response '302 Moved Temporarily' for url 'https://nomads.ncep.noaa.gov/pub/data/nccf/com/gfs/prod/gfs.20260707/06/atmos/gfs.t06z.pgrb2.0p25.f009.idx'
For more information check: https://developer.mozilla.org/en-US/docs/Web/HTTP/Status/302"
gfs,2026-07-07,6,36,https://nomads.ncep.noaa.gov/pub/data/nccf/com/gfs/prod/gfs.20260707/06/atmos/gfs.t06z.pgrb2.0p25.f036.idx,,,[],,error,2.569063799979631,,"HTTPStatusError: Redirect response '302 Moved Temporarily' for url 'https://nomads.ncep.noaa.gov/pub/data/nccf/com/gfs/prod/gfs.20260707/06/atmos/gfs.t06z.pgrb2.0p25.f036.idx'
For more information check: https://developer.mozilla.org/en-US/docs/Web/HTTP/Status/302"
gfs,2026-07-07,6,33,https://nomads.ncep.noaa.gov/pub/data/nccf/com/gfs/prod/gfs.20260707/06/atmos/gfs.t06z.pgrb2.0p25.f033.idx,,,[],,error,2.652963100001216,,"HTTPStatusError: Redirect response '302 Moved Temporarily' for url 'https://nomads.ncep.noaa.gov/pub/data/nccf/com/gfs/prod/gfs.20260707/06/atmos/gfs.t06z.pgrb2.0p25.f033.idx'
For more information check: https://developer.mozilla.org/en-US/docs/Web/HTTP/Status/302"
gfs,2026-07-07,6,12,https://nomads.ncep.noaa.gov/pub/data/nccf/com/gfs/prod/gfs.20260707/06/atmos/gfs.t06z.pgrb2.0p25.f012.idx,,,[],,error,3.5128247999818996,,"HTTPStatusError: Redirect response '302 Moved Temporarily' for url 'https://nomads.ncep.noaa.gov/pub/data/nccf/com/gfs/prod/gfs.20260707/06/atmos/gfs.t06z.pgrb2.0p25.f012.idx'
For more information check: https://developer.mozilla.org/en-US/docs/Web/HTTP/Status/302"
gfs,2026-07-07,12,0,https://nomads.ncep.noaa.gov/pub/data/nccf/com/gfs/prod/gfs.20260707/12/atmos/gfs.t12z.pgrb2.0p25.f000.idx,696.0,69.0,"['4LFTX', 'ABSV', 'APTMP', 'CAPE', 'CFRZR', 'CICEP', 'CIN', 'CLWMR', 'CNWAT', 'CPOFP', 'CRAIN', 'CSNOW', 'CWAT', 'DPT', 'DZDT', 'FLDCP', 'FRICV', 'GRLE', 'GUST', 'HCDC', 'HGT', 'HINDEX', 'HLCY', 'HPBL', 'ICAHT', 'ICEC', 'ICEG', 'ICETK', 'ICETMP', 'ICMR', 'LAND', 'LCDC', 'LFTX', 'MCDC', 'MSLET', 'O3MR', 'PLPL', 'POT', 'PRATE', 'PRES', 'PRMSL', 'PWAT', 'REFC', 'REFD', 'RH', 'RWMR', 'SFCR', 'SNMR', 'SNOD', 'SOILL', 'SOILW', 'SOTYP', 'SPFH', 'SUNSD', 'TCDC', 'TMP', 'TOZNE', 'TSOIL', 'UGRD', 'USTM', 'VEG', 'VGRD', 'VIS', 'VRATE', 'VSTM', 'VVEL', 'VWSH', 'WEASD', 'WILT']",696.0,ok,2.241817500034813,2026-07-07T15:32:04Z,
gfs,2026-07-07,6,15,https://nomads.ncep.noaa.gov/pub/data/nccf/com/gfs/prod/gfs.20260707/06/atmos/gfs.t06z.pgrb2.0p25.f015.idx,743.0,89.0,"['4LFTX', 'ABSV', 'ACPCP', 'ALBDO', 'APCP', 'APTMP', 'CAPE', 'CFRZR', 'CICEP', 'CIN', 'CLWMR', 'CNWAT', 'CPOFP', 'CPRAT', 'CRAIN', 'CSNOW', 'CWAT', 'CWORK', 'DLWRF', 'DPT', 'DSWRF', 'DZDT', 'FLDCP', 'FRICV', 'GFLUX', 'GRLE', 'GUST', 'HCDC', 'HGT', 'HINDEX', 'HLCY', 'HPBL', 'ICAHT', 'ICEC', 'ICEG', 'ICETK', 'ICETMP', 'ICMR', 'LAND', 'LCDC', 'LFTX', 'LHTFL', 'MCDC', 'MSLET', 'O3MR', 'PEVPR', 'PLPL', 'POT', 'PRATE', 'PRES', 'PRMSL', 'PWAT', 'REFC', 'REFD', 'RH', 'RWMR', 'SFCR', 'SHTFL', 'SNMR', 'SNOD', 'SOILL', 'SOILW', 'SOTYP', 'SPFH', 'SUNSD', 'TCDC', 'TMAX', 'TMIN', 'TMP', 'TOZNE', 'TSOIL', 'U-GWD', 'UFLX', 'UGRD', 'ULWRF', 'USTM', 'USWRF', 'V-GWD', 'VEG', 'VFLX', 'VGRD', 'VIS', 'VRATE', 'VSTM', 'VVEL', 'VWSH', 'WATR', 'WEASD', 'WILT']",731.0,ok,3.608824700000696,2026-07-07T09:35:50Z,
gfs,2026-07-07,6,48,https://nomads.ncep.noaa.gov/pub/data/nccf/com/gfs/prod/gfs.20260707/06/atmos/gfs.t06z.pgrb2.0p25.f048.idx,,,[],,error,2.5809291999903508,,"HTTPStatusError: Redirect response '302 Moved Temporarily' for url 'https://nomads.ncep.noaa.gov/pub/data/nccf/com/gfs/prod/gfs.20260707/06/atmos/gfs.t06z.pgrb2.0p25.f048.idx'
For more information check: https://developer.mozilla.org/en-US/docs/Web/HTTP/Status/302"
gfs,2026-07-07,12,6,https://nomads.ncep.noaa.gov/pub/data/nccf/com/gfs/prod/gfs.20260707/12/atmos/gfs.t12z.pgrb2.0p25.f006.idx,743.0,89.0,"['4LFTX', 'ABSV', 'ACPCP', 'ALBDO', 'APCP', 'APTMP', 'CAPE', 'CFRZR', 'CICEP', 'CIN', 'CLWMR', 'CNWAT', 'CPOFP', 'CPRAT', 'CRAIN', 'CSNOW', 'CWAT', 'CWORK', 'DLWRF', 'DPT', 'DSWRF', 'DZDT', 'FLDCP', 'FRICV', 'GFLUX', 'GRLE', 'GUST', 'HCDC', 'HGT', 'HINDEX', 'HLCY', 'HPBL', 'ICAHT', 'ICEC', 'ICEG', 'ICETK', 'ICETMP', 'ICMR', 'LAND', 'LCDC', 'LFTX', 'LHTFL', 'MCDC', 'MSLET', 'O3MR', 'PEVPR', 'PLPL', 'POT', 'PRATE', 'PRES', 'PRMSL', 'PWAT', 'REFC', 'REFD', 'RH', 'RWMR', 'SFCR', 'SHTFL', 'SNMR', 'SNOD', 'SOILL', 'SOILW', 'SOTYP', 'SPFH', 'SUNSD', 'TCDC', 'TMAX', 'TMIN', 'TMP', 'TOZNE', 'TSOIL', 'U-GWD', 'UFLX', 'UGRD', 'ULWRF', 'USTM', 'USWRF', 'V-GWD', 'VEG', 'VFLX', 'VGRD', 'VIS', 'VRATE', 'VSTM', 'VVEL', 'VWSH', 'WATR', 'WEASD', 'WILT']",731.0,ok,2.5747969999792986,2026-07-07T15:33:54Z,
gfs,2026-07-07,6,39,https://nomads.ncep.noaa.gov/pub/data/nccf/com/gfs/prod/gfs.20260707/06/atmos/gfs.t06z.pgrb2.0p25.f039.idx,,,[],,error,3.2395025999867357,,"HTTPStatusError: Redirect response '302 Moved Temporarily' for url 'https://nomads.ncep.noaa.gov/pub/data/nccf/com/gfs/prod/gfs.20260707/06/atmos/gfs.t06z.pgrb2.0p25.f039.idx'
For more information check: https://developer.mozilla.org/en-US/docs/Web/HTTP/Status/302"
gfs,2026-07-07,12,18,https://nomads.ncep.noaa.gov/pub/data/nccf/com/gfs/prod/gfs.20260707/12/atmos/gfs.t12z.pgrb2.0p25.f018.idx,,,[],,error,2.3269744999706745,,"HTTPStatusError: Redirect response '302 Moved Temporarily' for url 'https://nomads.ncep.noaa.gov/pub/data/nccf/com/gfs/prod/gfs.20260707/12/atmos/gfs.t12z.pgrb2.0p25.f018.idx'
For more information check: https://developer.mozilla.org/en-US/docs/Web/HTTP/Status/302"
gfs,2026-07-07,12,21,https://nomads.ncep.noaa.gov/pub/data/nccf/com/gfs/prod/gfs.20260707/12/atmos/gfs.t12z.pgrb2.0p25.f021.idx,743.0,89.0,"['4LFTX', 'ABSV', 'ACPCP', 'ALBDO', 'APCP', 'APTMP', 'CAPE', 'CFRZR', 'CICEP', 'CIN', 'CLWMR', 'CNWAT', 'CPOFP', 'CPRAT', 'CRAIN', 'CSNOW', 'CWAT', 'CWORK', 'DLWRF', 'DPT', 'DSWRF', 'DZDT', 'FLDCP', 'FRICV', 'GFLUX', 'GRLE', 'GUST', 'HCDC', 'HGT', 'HINDEX', 'HLCY', 'HPBL', 'ICAHT', 'ICEC', 'ICEG', 'ICETK', 'ICETMP', 'ICMR', 'LAND', 'LCDC', 'LFTX', 'LHTFL', 'MCDC', 'MSLET', 'O3MR', 'PEVPR', 'PLPL', 'POT', 'PRATE', 'PRES', 'PRMSL', 'PWAT', 'REFC', 'REFD', 'RH', 'RWMR', 'SFCR', 'SHTFL', 'SNMR', 'SNOD', 'SOILL', 'SOILW', 'SOTYP', 'SPFH', 'SUNSD', 'TCDC', 'TMAX', 'TMIN', 'TMP', 'TOZNE', 'TSOIL', 'U-GWD', 'UFLX', 'UGRD', 'ULWRF', 'USTM', 'USWRF', 'V-GWD', 'VEG', 'VFLX', 'VGRD', 'VIS', 'VRATE', 'VSTM', 'VVEL', 'VWSH', 'WATR', 'WEASD', 'WILT']",731.0,ok,2.287724199995864,2026-07-07T15:37:47Z,
gfs,2026-07-07,12,3,https://nomads.ncep.noaa.gov/pub/data/nccf/com/gfs/prod/gfs.20260707/12/atmos/gfs.t12z.pgrb2.0p25.f003.idx,,,[],,error,3.503750999982003,,"HTTPStatusError: Redirect response '302 Moved Temporarily' for url 'https://nomads.ncep.noaa.gov/pub/data/nccf/com/gfs/prod/gfs.20260707/12/atmos/gfs.t12z.pgrb2.0p25.f003.idx'
For more information check: https://developer.mozilla.org/en-US/docs/Web/HTTP/Status/302"
gfs,2026-07-07,12,9,https://nomads.ncep.noaa.gov/pub/data/nccf/com/gfs/prod/gfs.20260707/12/atmos/gfs.t12z.pgrb2.0p25.f009.idx,743.0,89.0,"['4LFTX', 'ABSV', 'ACPCP', 'ALBDO', 'APCP', 'APTMP', 'CAPE', 'CFRZR', 'CICEP', 'CIN', 'CLWMR', 'CNWAT', 'CPOFP', 'CPRAT', 'CRAIN', 'CSNOW', 'CWAT', 'CWORK', 'DLWRF', 'DPT', 'DSWRF', 'DZDT', 'FLDCP', 'FRICV', 'GFLUX', 'GRLE', 'GUST', 'HCDC', 'HGT', 'HINDEX', 'HLCY', 'HPBL', 'ICAHT', 'ICEC', 'ICEG', 'ICETK', 'ICETMP', 'ICMR', 'LAND', 'LCDC', 'LFTX', 'LHTFL', 'MCDC', 'MSLET', 'O3MR', 'PEVPR', 'PLPL', 'POT', 'PRATE', 'PRES', 'PRMSL', 'PWAT', 'REFC', 'REFD', 'RH', 'RWMR', 'SFCR', 'SHTFL', 'SNMR', 'SNOD', 'SOILL', 'SOILW', 'SOTYP', 'SPFH', 'SUNSD', 'TCDC', 'TMAX', 'TMIN', 'TMP', 'TOZNE', 'TSOIL', 'U-GWD', 'UFLX', 'UGRD', 'ULWRF', 'USTM', 'USWRF', 'V-GWD', 'VEG', 'VFLX', 'VGRD', 'VIS', 'VRATE', 'VSTM', 'VVEL', 'VWSH', 'WATR', 'WEASD', 'WILT']",731.0,ok,3.4986358000314794,2026-07-07T15:34:24Z,
gfs,2026-07-07,12,24,https://nomads.ncep.noaa.gov/pub/data/nccf/com/gfs/prod/gfs.20260707/12/atmos/gfs.t12z.pgrb2.0p25.f024.idx,743.0,89.0,"['4LFTX', 'ABSV', 'ACPCP', 'ALBDO', 'APCP', 'APTMP', 'CAPE', 'CFRZR', 'CICEP', 'CIN', 'CLWMR', 'CNWAT', 'CPOFP', 'CPRAT', 'CRAIN', 'CSNOW', 'CWAT', 'CWORK', 'DLWRF', 'DPT', 'DSWRF', 'DZDT', 'FLDCP', 'FRICV', 'GFLUX', 'GRLE', 'GUST', 'HCDC', 'HGT', 'HINDEX', 'HLCY', 'HPBL', 'ICAHT', 'ICEC', 'ICEG', 'ICETK', 'ICETMP', 'ICMR', 'LAND', 'LCDC', 'LFTX', 'LHTFL', 'MCDC', 'MSLET', 'O3MR', 'PEVPR', 'PLPL', 'POT', 'PRATE', 'PRES', 'PRMSL', 'PWAT', 'REFC', 'REFD', 'RH', 'RWMR', 'SFCR', 'SHTFL', 'SNMR', 'SNOD', 'SOILL', 'SOILW', 'SOTYP', 'SPFH', 'SUNSD', 'TCDC', 'TMAX', 'TMIN', 'TMP', 'TOZNE', 'TSOIL', 'U-GWD', 'UFLX', 'UGRD', 'ULWRF', 'USTM', 'USWRF', 'V-GWD', 'VEG', 'VFLX', 'VGRD', 'VIS', 'VRATE', 'VSTM', 'VVEL', 'VWSH', 'WATR', 'WEASD', 'WILT']",731.0,ok,2.1393131999648176,2026-07-07T15:38:36Z,
gfs,2026-07-07,6,42,https://nomads.ncep.noaa.gov/pub/data/nccf/com/gfs/prod/gfs.20260707/06/atmos/gfs.t06z.pgrb2.0p25.f042.idx,743.0,89.0,"['4LFTX', 'ABSV', 'ACPCP', 'ALBDO', 'APCP', 'APTMP', 'CAPE', 'CFRZR', 'CICEP', 'CIN', 'CLWMR', 'CNWAT', 'CPOFP', 'CPRAT', 'CRAIN', 'CSNOW', 'CWAT', 'CWORK', 'DLWRF', 'DPT', 'DSWRF', 'DZDT', 'FLDCP', 'FRICV', 'GFLUX', 'GRLE', 'GUST', 'HCDC', 'HGT', 'HINDEX', 'HLCY', 'HPBL', 'ICAHT', 'ICEC', 'ICEG', 'ICETK', 'ICETMP', 'ICMR', 'LAND', 'LCDC', 'LFTX', 'LHTFL', 'MCDC', 'MSLET', 'O3MR', 'PEVPR', 'PLPL', 'POT', 'PRATE', 'PRES', 'PRMSL', 'PWAT', 'REFC', 'REFD', 'RH', 'RWMR', 'SFCR', 'SHTFL', 'SNMR', 'SNOD', 'SOILL', 'SOILW', 'SOTYP', 'SPFH', 'SUNSD', 'TCDC', 'TMAX', 'TMIN', 'TMP', 'TOZNE', 'TSOIL', 'U-GWD', 'UFLX', 'UGRD', 'ULWRF', 'USTM', 'USWRF', 'V-GWD', 'VEG', 'VFLX', 'VGRD', 'VIS', 'VRATE', 'VSTM', 'VVEL', 'VWSH', 'WATR', 'WEASD', 'WILT']",731.0,ok,3.829764499969315,2026-07-07T09:43:11Z,
gfs,2026-07-07,6,45,https://nomads.ncep.noaa.gov/pub/data/nccf/com/gfs/prod/gfs.20260707/06/atmos/gfs.t06z.pgrb2.0p25.f045.idx,,,[],,error,3.9275968999718316,,"HTTPStatusError: Redirect response '302 Moved Temporarily' for url 'https://nomads.ncep.noaa.gov/pub/data/nccf/com/gfs/prod/gfs.20260707/06/atmos/gfs.t06z.pgrb2.0p25.f045.idx'
For more information check: https://developer.mozilla.org/en-US/docs/Web/HTTP/Status/302"
gfs,2026-07-07,12,12,https://nomads.ncep.noaa.gov/pub/data/nccf/com/gfs/prod/gfs.20260707/12/atmos/gfs.t12z.pgrb2.0p25.f012.idx,743.0,89.0,"['4LFTX', 'ABSV', 'ACPCP', 'ALBDO', 'APCP', 'APTMP', 'CAPE', 'CFRZR', 'CICEP', 'CIN', 'CLWMR', 'CNWAT', 'CPOFP', 'CPRAT', 'CRAIN', 'CSNOW', 'CWAT', 'CWORK', 'DLWRF', 'DPT', 'DSWRF', 'DZDT', 'FLDCP', 'FRICV', 'GFLUX', 'GRLE', 'GUST', 'HCDC', 'HGT', 'HINDEX', 'HLCY', 'HPBL', 'ICAHT', 'ICEC', 'ICEG', 'ICETK', 'ICETMP', 'ICMR', 'LAND', 'LCDC', 'LFTX', 'LHTFL', 'MCDC', 'MSLET', 'O3MR', 'PEVPR', 'PLPL', 'POT', 'PRATE', 'PRES', 'PRMSL', 'PWAT', 'REFC', 'REFD', 'RH', 'RWMR', 'SFCR', 'SHTFL', 'SNMR', 'SNOD', 'SOILL', 'SOILW', 'SOTYP', 'SPFH', 'SUNSD', 'TCDC', 'TMAX', 'TMIN', 'TMP', 'TOZNE', 'TSOIL', 'U-GWD', 'UFLX', 'UGRD', 'ULWRF', 'USTM', 'USWRF', 'V-GWD', 'VEG', 'VFLX', 'VGRD', 'VIS', 'VRATE', 'VSTM', 'VVEL', 'VWSH', 'WATR', 'WEASD', 'WILT']",731.0,ok,3.8587017999961972,2026-07-07T15:35:22Z,
gfs,2026-07-07,12,15,https://nomads.ncep.noaa.gov/pub/data/nccf/com/gfs/prod/gfs.20260707/12/atmos/gfs.t12z.pgrb2.0p25.f015.idx,743.0,89.0,"['4LFTX', 'ABSV', 'ACPCP', 'ALBDO', 'APCP', 'APTMP', 'CAPE', 'CFRZR', 'CICEP', 'CIN', 'CLWMR', 'CNWAT', 'CPOFP', 'CPRAT', 'CRAIN', 'CSNOW', 'CWAT', 'CWORK', 'DLWRF', 'DPT', 'DSWRF', 'DZDT', 'FLDCP', 'FRICV', 'GFLUX', 'GRLE', 'GUST', 'HCDC', 'HGT', 'HINDEX', 'HLCY', 'HPBL', 'ICAHT', 'ICEC', 'ICEG', 'ICETK', 'ICETMP', 'ICMR', 'LAND', 'LCDC', 'LFTX', 'LHTFL', 'MCDC', 'MSLET', 'O3MR', 'PEVPR', 'PLPL', 'POT', 'PRATE', 'PRES', 'PRMSL', 'PWAT', 'REFC', 'REFD', 'RH', 'RWMR', 'SFCR', 'SHTFL', 'SNMR', 'SNOD', 'SOILL', 'SOILW', 'SOTYP', 'SPFH', 'SUNSD', 'TCDC', 'TMAX', 'TMIN', 'TMP', 'TOZNE', 'TSOIL', 'U-GWD', 'UFLX', 'UGRD', 'ULWRF', 'USTM', 'USWRF', 'V-GWD', 'VEG', 'VFLX', 'VGRD', 'VIS', 'VRATE', 'VSTM', 'VVEL', 'VWSH', 'WATR', 'WEASD', 'WILT']",731.0,ok,3.8459507999941707,2026-07-07T15:36:01Z,
gfs,2026-07-07,12,27,https://nomads.ncep.noaa.gov/pub/data/nccf/com/gfs/prod/gfs.20260707/12/atmos/gfs.t12z.pgrb2.0p25.f027.idx,,,[],,error,2.519185399985872,,"HTTPStatusError: Redirect response '302 Moved Temporarily' for url 'https://nomads.ncep.noaa.gov/pub/data/nccf/com/gfs/prod/gfs.20260707/12/atmos/gfs.t12z.pgrb2.0p25.f027.idx'
For more information check: https://developer.mozilla.org/en-US/docs/Web/HTTP/Status/302"
gfs,2026-07-07,12,30,https://nomads.ncep.noaa.gov/pub/data/nccf/com/gfs/prod/gfs.20260707/12/atmos/gfs.t12z.pgrb2.0p25.f030.idx,,,[],,error,2.485898900020402,,"HTTPStatusError: Redirect response '302 Moved Temporarily' for url 'https://nomads.ncep.noaa.gov/pub/data/nccf/com/gfs/prod/gfs.20260707/12/atmos/gfs.t12z.pgrb2.0p25.f030.idx'
For more information check: https://developer.mozilla.org/en-US/docs/Web/HTTP/Status/302"
gfs,2026-07-07,12,45,https://nomads.ncep.noaa.gov/pub/data/nccf/com/gfs/prod/gfs.20260707/12/atmos/gfs.t12z.pgrb2.0p25.f045.idx,743.0,89.0,"['4LFTX', 'ABSV', 'ACPCP', 'ALBDO', 'APCP', 'APTMP', 'CAPE', 'CFRZR', 'CICEP', 'CIN', 'CLWMR', 'CNWAT', 'CPOFP', 'CPRAT', 'CRAIN', 'CSNOW', 'CWAT', 'CWORK', 'DLWRF', 'DPT', 'DSWRF', 'DZDT', 'FLDCP', 'FRICV', 'GFLUX', 'GRLE', 'GUST', 'HCDC', 'HGT', 'HINDEX', 'HLCY', 'HPBL', 'ICAHT', 'ICEC', 'ICEG', 'ICETK', 'ICETMP', 'ICMR', 'LAND', 'LCDC', 'LFTX', 'LHTFL', 'MCDC', 'MSLET', 'O3MR', 'PEVPR', 'PLPL', 'POT', 'PRATE', 'PRES', 'PRMSL', 'PWAT', 'REFC', 'REFD', 'RH', 'RWMR', 'SFCR', 'SHTFL', 'SNMR', 'SNOD', 'SOILL', 'SOILW', 'SOTYP', 'SPFH', 'SUNSD', 'TCDC', 'TMAX', 'TMIN', 'TMP', 'TOZNE', 'TSOIL', 'U-GWD', 'UFLX', 'UGRD', 'ULWRF', 'USTM', 'USWRF', 'V-GWD', 'VEG', 'VFLX', 'VGRD', 'VIS', 'VRATE', 'VSTM', 'VVEL', 'VWSH', 'WATR', 'WEASD', 'WILT']",731.0,ok,2.101184999977704,2026-07-07T15:44:42Z,
gfs,2026-07-07,12,39,https://nomads.ncep.noaa.gov/pub/data/nccf/com/gfs/prod/gfs.20260707/12/atmos/gfs.t12z.pgrb2.0p25.f039.idx,,,[],,error,2.4840256000170484,,"HTTPStatusError: Redirect response '302 Moved Temporarily' for url 'https://nomads.ncep.noaa.gov/pub/data/nccf/com/gfs/prod/gfs.20260707/12/atmos/gfs.t12z.pgrb2.0p25.f039.idx'
For more information check: https://developer.mozilla.org/en-US/docs/Web/HTTP/Status/302"
gfs,2026-07-07,12,36,https://nomads.ncep.noaa.gov/pub/data/nccf/com/gfs/prod/gfs.20260707/12/atmos/gfs.t12z.pgrb2.0p25.f036.idx,,,[],,error,2.5896136999945156,,"HTTPStatusError: Redirect response '302 Moved Temporarily' for url 'https://nomads.ncep.noaa.gov/pub/data/nccf/com/gfs/prod/gfs.20260707/12/atmos/gfs.t12z.pgrb2.0p25.f036.idx'
For more information check: https://developer.mozilla.org/en-US/docs/Web/HTTP/Status/302"
gfs,2026-07-07,18,0,https://nomads.ncep.noaa.gov/pub/data/nccf/com/gfs/prod/gfs.20260707/18/atmos/gfs.t18z.pgrb2.0p25.f000.idx,696.0,69.0,"['4LFTX', 'ABSV', 'APTMP', 'CAPE', 'CFRZR', 'CICEP', 'CIN', 'CLWMR', 'CNWAT', 'CPOFP', 'CRAIN', 'CSNOW', 'CWAT', 'DPT', 'DZDT', 'FLDCP', 'FRICV', 'GRLE', 'GUST', 'HCDC', 'HGT', 'HINDEX', 'HLCY', 'HPBL', 'ICAHT', 'ICEC', 'ICEG', 'ICETK', 'ICETMP', 'ICMR', 'LAND', 'LCDC', 'LFTX', 'MCDC', 'MSLET', 'O3MR', 'PLPL', 'POT', 'PRATE', 'PRES', 'PRMSL', 'PWAT', 'REFC', 'REFD', 'RH', 'RWMR', 'SFCR', 'SNMR', 'SNOD', 'SOILL', 'SOILW', 'SOTYP', 'SPFH', 'SUNSD', 'TCDC', 'TMP', 'TOZNE', 'TSOIL', 'UGRD', 'USTM', 'VEG', 'VGRD', 'VIS', 'VRATE', 'VSTM', 'VVEL', 'VWSH', 'WEASD', 'WILT']",696.0,ok,2.5723180000204593,2026-07-07T21:36:29Z,
gfs,2026-07-07,18,3,https://nomads.ncep.noaa.gov/pub/data/nccf/com/gfs/prod/gfs.20260707/18/atmos/gfs.t18z.pgrb2.0p25.f003.idx,,,[],,error,2.543199800013099,,"HTTPStatusError: Redirect response '302 Moved Temporarily' for url 'https://nomads.ncep.noaa.gov/pub/data/nccf/com/gfs/prod/gfs.20260707/18/atmos/gfs.t18z.pgrb2.0p25.f003.idx'
For more information check: https://developer.mozilla.org/en-US/docs/Web/HTTP/Status/302"
gfs,2026-07-07,12,33,https://nomads.ncep.noaa.gov/pub/data/nccf/com/gfs/prod/gfs.20260707/12/atmos/gfs.t12z.pgrb2.0p25.f033.idx,743.0,89.0,"['4LFTX', 'ABSV', 'ACPCP', 'ALBDO', 'APCP', 'APTMP', 'CAPE', 'CFRZR', 'CICEP', 'CIN', 'CLWMR', 'CNWAT', 'CPOFP', 'CPRAT', 'CRAIN', 'CSNOW', 'CWAT', 'CWORK', 'DLWRF', 'DPT', 'DSWRF', 'DZDT', 'FLDCP', 'FRICV', 'GFLUX', 'GRLE', 'GUST', 'HCDC', 'HGT', 'HINDEX', 'HLCY', 'HPBL', 'ICAHT', 'ICEC', 'ICEG', 'ICETK', 'ICETMP', 'ICMR', 'LAND', 'LCDC', 'LFTX', 'LHTFL', 'MCDC', 'MSLET', 'O3MR', 'PEVPR', 'PLPL', 'POT', 'PRATE', 'PRES', 'PRMSL', 'PWAT', 'REFC', 'REFD', 'RH', 'RWMR', 'SFCR', 'SHTFL', 'SNMR', 'SNOD', 'SOILL', 'SOILW', 'SOTYP', 'SPFH', 'SUNSD', 'TCDC', 'TMAX', 'TMIN', 'TMP', 'TOZNE', 'TSOIL', 'U-GWD', 'UFLX', 'UGRD', 'ULWRF', 'USTM', 'USWRF', 'V-GWD', 'VEG', 'VFLX', 'VGRD', 'VIS', 'VRATE', 'VSTM', 'VVEL', 'VWSH', 'WATR', 'WEASD', 'WILT']",731.0,ok,3.628763600019738,2026-07-07T15:41:09Z,
gfs,2026-07-07,18,9,https://nomads.ncep.noaa.gov/pub/data/nccf/com/gfs/prod/gfs.20260707/18/atmos/gfs.t18z.pgrb2.0p25.f009.idx,,,[],,error,2.1603119000210427,,"HTTPStatusError: Redirect response '302 Moved Temporarily' for url 'https://nomads.ncep.noaa.gov/pub/data/nccf/com/gfs/prod/gfs.20260707/18/atmos/gfs.t18z.pgrb2.0p25.f009.idx'
For more information check: https://developer.mozilla.org/en-US/docs/Web/HTTP/Status/302"
gfs,2026-07-07,18,12,https://nomads.ncep.noaa.gov/pub/data/nccf/com/gfs/prod/gfs.20260707/18/atmos/gfs.t18z.pgrb2.0p25.f012.idx,,,[],,error,2.2446069000288844,,"HTTPStatusError: Redirect response '302 Moved Temporarily' for url 'https://nomads.ncep.noaa.gov/pub/data/nccf/com/gfs/prod/gfs.20260707/18/atmos/gfs.t18z.pgrb2.0p25.f012.idx'
For more information check: https://developer.mozilla.org/en-US/docs/Web/HTTP/Status/302"
gfs,2026-07-07,12,42,https://nomads.ncep.noaa.gov/pub/data/nccf/com/gfs/prod/gfs.20260707/12/atmos/gfs.t12z.pgrb2.0p25.f042.idx,,,[],,error,3.578783199947793,,"HTTPStatusError: Redirect response '302 Moved Temporarily' for url 'https://nomads.ncep.noaa.gov/pub/data/nccf/com/gfs/prod/gfs.20260707/12/atmos/gfs.t12z.pgrb2.0p25.f042.idx'
For more information check: https://developer.mozilla.org/en-US/docs/Web/HTTP/Status/302"
gfs,2026-07-07,12,48,https://nomads.ncep.noaa.gov/pub/data/nccf/com/gfs/prod/gfs.20260707/12/atmos/gfs.t12z.pgrb2.0p25.f048.idx,743.0,89.0,"['4LFTX', 'ABSV', 'ACPCP', 'ALBDO', 'APCP', 'APTMP', 'CAPE', 'CFRZR', 'CICEP', 'CIN', 'CLWMR', 'CNWAT', 'CPOFP', 'CPRAT', 'CRAIN', 'CSNOW', 'CWAT', 'CWORK', 'DLWRF', 'DPT', 'DSWRF', 'DZDT', 'FLDCP', 'FRICV', 'GFLUX', 'GRLE', 'GUST', 'HCDC', 'HGT', 'HINDEX', 'HLCY', 'HPBL', 'ICAHT', 'ICEC', 'ICEG', 'ICETK', 'ICETMP', 'ICMR', 'LAND', 'LCDC', 'LFTX', 'LHTFL', 'MCDC', 'MSLET', 'O3MR', 'PEVPR', 'PLPL', 'POT', 'PRATE', 'PRES', 'PRMSL', 'PWAT', 'REFC', 'REFD', 'RH', 'RWMR', 'SFCR', 'SHTFL', 'SNMR', 'SNOD', 'SOILL', 'SOILW', 'SOTYP', 'SPFH', 'SUNSD', 'TCDC', 'TMAX', 'TMIN', 'TMP', 'TOZNE', 'TSOIL', 'U-GWD', 'UFLX', 'UGRD', 'ULWRF', 'USTM', 'USWRF', 'V-GWD', 'VEG', 'VFLX', 'VGRD', 'VIS', 'VRATE', 'VSTM', 'VVEL', 'VWSH', 'WATR', 'WEASD', 'WILT']",731.0,ok,3.4833587000030093,2026-07-07T15:45:12Z,
gfs,2026-07-07,18,21,https://nomads.ncep.noaa.gov/pub/data/nccf/com/gfs/prod/gfs.20260707/18/atmos/gfs.t18z.pgrb2.0p25.f021.idx,,,[],,error,2.20609669998521,,"HTTPStatusError: Redirect response '302 Moved Temporarily' for url 'https://nomads.ncep.noaa.gov/pub/data/nccf/com/gfs/prod/gfs.20260707/18/atmos/gfs.t18z.pgrb2.0p25.f021.idx'
For more information check: https://developer.mozilla.org/en-US/docs/Web/HTTP/Status/302"
gfs,2026-07-07,18,42,https://nomads.ncep.noaa.gov/pub/data/nccf/com/gfs/prod/gfs.20260707/18/atmos/gfs.t18z.pgrb2.0p25.f042.idx,743.0,89.0,"['4LFTX', 'ABSV', 'ACPCP', 'ALBDO', 'APCP', 'APTMP', 'CAPE', 'CFRZR', 'CICEP', 'CIN', 'CLWMR', 'CNWAT', 'CPOFP', 'CPRAT', 'CRAIN', 'CSNOW', 'CWAT', 'CWORK', 'DLWRF', 'DPT', 'DSWRF', 'DZDT', 'FLDCP', 'FRICV', 'GFLUX', 'GRLE', 'GUST', 'HCDC', 'HGT', 'HINDEX', 'HLCY', 'HPBL', 'ICAHT', 'ICEC', 'ICEG', 'ICETK', 'ICETMP', 'ICMR', 'LAND', 'LCDC', 'LFTX', 'LHTFL', 'MCDC', 'MSLET', 'O3MR', 'PEVPR', 'PLPL', 'POT', 'PRATE', 'PRES', 'PRMSL', 'PWAT', 'REFC', 'REFD', 'RH', 'RWMR', 'SFCR', 'SHTFL', 'SNMR', 'SNOD', 'SOILL', 'SOILW', 'SOTYP', 'SPFH', 'SUNSD', 'TCDC', 'TMAX', 'TMIN', 'TMP', 'TOZNE', 'TSOIL', 'U-GWD', 'UFLX', 'UGRD', 'ULWRF', 'USTM', 'USWRF', 'V-GWD', 'VEG', 'VFLX', 'VGRD', 'VIS', 'VRATE', 'VSTM', 'VVEL', 'VWSH', 'WATR', 'WEASD', 'WILT']",731.0,ok,2.0839990000240505,2026-07-07T21:48:00Z,
gfs,2026-07-07,18,39,https://nomads.ncep.noaa.gov/pub/data/nccf/com/gfs/prod/gfs.20260707/18/atmos/gfs.t18z.pgrb2.0p25.f039.idx,,,[],,error,2.4654038000153378,,"HTTPStatusError: Redirect response '302 Moved Temporarily' for url 'https://nomads.ncep.noaa.gov/pub/data/nccf/com/gfs/prod/gfs.20260707/18/atmos/gfs.t18z.pgrb2.0p25.f039.idx'
For more information check: https://developer.mozilla.org/en-US/docs/Web/HTTP/Status/302"
gfs,2026-07-07,18,36,https://nomads.ncep.noaa.gov/pub/data/nccf/com/gfs/prod/gfs.20260707/18/atmos/gfs.t18z.pgrb2.0p25.f036.idx,743.0,89.0,"['4LFTX', 'ABSV', 'ACPCP', 'ALBDO', 'APCP', 'APTMP', 'CAPE', 'CFRZR', 'CICEP', 'CIN', 'CLWMR', 'CNWAT', 'CPOFP', 'CPRAT', 'CRAIN', 'CSNOW', 'CWAT', 'CWORK', 'DLWRF', 'DPT', 'DSWRF', 'DZDT', 'FLDCP', 'FRICV', 'GFLUX', 'GRLE', 'GUST', 'HCDC', 'HGT', 'HINDEX', 'HLCY', 'HPBL', 'ICAHT', 'ICEC', 'ICEG', 'ICETK', 'ICETMP', 'ICMR', 'LAND', 'LCDC', 'LFTX', 'LHTFL', 'MCDC', 'MSLET', 'O3MR', 'PEVPR', 'PLPL', 'POT', 'PRATE', 'PRES', 'PRMSL', 'PWAT', 'REFC', 'REFD', 'RH', 'RWMR', 'SFCR', 'SHTFL', 'SNMR', 'SNOD', 'SOILL', 'SOILW', 'SOTYP', 'SPFH', 'SUNSD', 'TCDC', 'TMAX', 'TMIN', 'TMP', 'TOZNE', 'TSOIL', 'U-GWD', 'UFLX', 'UGRD', 'ULWRF', 'USTM', 'USWRF', 'V-GWD', 'VEG', 'VFLX', 'VGRD', 'VIS', 'VRATE', 'VSTM', 'VVEL', 'VWSH', 'WATR', 'WEASD', 'WILT']",731.0,ok,2.600430399994366,2026-07-07T21:46:25Z,
gfs,2026-07-07,18,15,https://nomads.ncep.noaa.gov/pub/data/nccf/com/gfs/prod/gfs.20260707/18/atmos/gfs.t18z.pgrb2.0p25.f015.idx,743.0,89.0,"['4LFTX', 'ABSV', 'ACPCP', 'ALBDO', 'APCP', 'APTMP', 'CAPE', 'CFRZR', 'CICEP', 'CIN', 'CLWMR', 'CNWAT', 'CPOFP', 'CPRAT', 'CRAIN', 'CSNOW', 'CWAT', 'CWORK', 'DLWRF', 'DPT', 'DSWRF', 'DZDT', 'FLDCP', 'FRICV', 'GFLUX', 'GRLE', 'GUST', 'HCDC', 'HGT', 'HINDEX', 'HLCY', 'HPBL', 'ICAHT', 'ICEC', 'ICEG', 'ICETK', 'ICETMP', 'ICMR', 'LAND', 'LCDC', 'LFTX', 'LHTFL', 'MCDC', 'MSLET', 'O3MR', 'PEVPR', 'PLPL', 'POT', 'PRATE', 'PRES', 'PRMSL', 'PWAT', 'REFC', 'REFD', 'RH', 'RWMR', 'SFCR', 'SHTFL', 'SNMR', 'SNOD', 'SOILL', 'SOILW', 'SOTYP', 'SPFH', 'SUNSD', 'TCDC', 'TMAX', 'TMIN', 'TMP', 'TOZNE', 'TSOIL', 'U-GWD', 'UFLX', 'UGRD', 'ULWRF', 'USTM', 'USWRF', 'V-GWD', 'VEG', 'VFLX', 'VGRD', 'VIS', 'VRATE', 'VSTM', 'VVEL', 'VWSH', 'WATR', 'WEASD', 'WILT']",731.0,ok,3.51752240001224,2026-07-07T21:40:57Z,
gfs,2026-07-07,18,45,https://nomads.ncep.noaa.gov/pub/data/nccf/com/gfs/prod/gfs.20260707/18/atmos/gfs.t18z.pgrb2.0p25.f045.idx,,,[],,error,2.5625559000181966,,"HTTPStatusError: Redirect response '302 Moved Temporarily' for url 'https://nomads.ncep.noaa.gov/pub/data/nccf/com/gfs/prod/gfs.20260707/18/atmos/gfs.t18z.pgrb2.0p25.f045.idx'
For more information check: https://developer.mozilla.org/en-US/docs/Web/HTTP/Status/302"
gfs,2026-07-07,18,18,https://nomads.ncep.noaa.gov/pub/data/nccf/com/gfs/prod/gfs.20260707/18/atmos/gfs.t18z.pgrb2.0p25.f018.idx,743.0,89.0,"['4LFTX', 'ABSV', 'ACPCP', 'ALBDO', 'APCP', 'APTMP', 'CAPE', 'CFRZR', 'CICEP', 'CIN', 'CLWMR', 'CNWAT', 'CPOFP', 'CPRAT', 'CRAIN', 'CSNOW', 'CWAT', 'CWORK', 'DLWRF', 'DPT', 'DSWRF', 'DZDT', 'FLDCP', 'FRICV', 'GFLUX', 'GRLE', 'GUST', 'HCDC', 'HGT', 'HINDEX', 'HLCY', 'HPBL', 'ICAHT', 'ICEC', 'ICEG', 'ICETK', 'ICETMP', 'ICMR', 'LAND', 'LCDC', 'LFTX', 'LHTFL', 'MCDC', 'MSLET', 'O3MR', 'PEVPR', 'PLPL', 'POT', 'PRATE', 'PRES', 'PRMSL', 'PWAT', 'REFC', 'REFD', 'RH', 'RWMR', 'SFCR', 'SHTFL', 'SNMR', 'SNOD', 'SOILL', 'SOILW', 'SOTYP', 'SPFH', 'SUNSD', 'TCDC', 'TMAX', 'TMIN', 'TMP', 'TOZNE', 'TSOIL', 'U-GWD', 'UFLX', 'UGRD', 'ULWRF', 'USTM', 'USWRF', 'V-GWD', 'VEG', 'VFLX', 'VGRD', 'VIS', 'VRATE', 'VSTM', 'VVEL', 'VWSH', 'WATR', 'WEASD', 'WILT']",731.0,ok,3.5858967000385746,2026-07-07T21:41:49Z,
gfs,2026-07-07,18,48,https://nomads.ncep.noaa.gov/pub/data/nccf/com/gfs/prod/gfs.20260707/18/atmos/gfs.t18z.pgrb2.0p25.f048.idx,,,[],,error,2.62708260002546,,"HTTPStatusError: Redirect response '302 Moved Temporarily' for url 'https://nomads.ncep.noaa.gov/pub/data/nccf/com/gfs/prod/gfs.20260707/18/atmos/gfs.t18z.pgrb2.0p25.f048.idx'
For more information check: https://developer.mozilla.org/en-US/docs/Web/HTTP/Status/302"
gfs,2026-07-07,18,6,https://nomads.ncep.noaa.gov/pub/data/nccf/com/gfs/prod/gfs.20260707/18/atmos/gfs.t18z.pgrb2.0p25.f006.idx,,,[],,error,4.770930800004862,,"HTTPStatusError: Redirect response '302 Moved Temporarily' for url 'https://nomads.ncep.noaa.gov/pub/data/nccf/com/gfs/prod/gfs.20260707/18/atmos/gfs.t18z.pgrb2.0p25.f006.idx'
For more information check: https://developer.mozilla.org/en-US/docs/Web/HTTP/Status/302"
gefs_control,2026-07-07,0,9,https://nomads.ncep.noaa.gov/pub/data/nccf/com/gens/prod/gefs.20260707/00/atmos/pgrb2sp25/gec00.t00z.pgrb2s.0p25.f009.idx,38.0,35.0,"['APCP', 'CAPE', 'CFRZR', 'CICEP', 'CIN', 'CPOFP', 'CRAIN', 'CSNOW', 'DLWRF', 'DPT', 'DSWRF', 'GUST', 'HGT', 'HLCY', 'ICETK', 'LHTFL', 'MSLET', 'PRES', 'PRMSL', 'PWAT', 'RH', 'SHTFL', 'SNOD', 'SOILW', 'TCDC', 'TMAX', 'TMIN', 'TMP', 'TSOIL', 'UGRD', 'ULWRF', 'USWRF', 'VGRD', 'VIS', 'WEASD']",38.0,ok,2.115079000010155,2026-07-07T03:48:10Z,
gefs_control,2026-07-07,0,3,https://nomads.ncep.noaa.gov/pub/data/nccf/com/gens/prod/gefs.20260707/00/atmos/pgrb2sp25/gec00.t00z.pgrb2s.0p25.f003.idx,,,[],,error,2.546126800007187,,"HTTPStatusError: Redirect response '302 Moved Temporarily' for url 'https://nomads.ncep.noaa.gov/pub/data/nccf/com/gens/prod/gefs.20260707/00/atmos/pgrb2sp25/gec00.t00z.pgrb2s.0p25.f003.idx'
For more information check: https://developer.mozilla.org/en-US/docs/Web/HTTP/Status/302"
gefs_control,2026-07-07,0,0,https://nomads.ncep.noaa.gov/pub/data/nccf/com/gens/prod/gefs.20260707/00/atmos/pgrb2sp25/gec00.t00z.pgrb2s.0p25.f000.idx,,,[],,error,2.6466952999471687,,"HTTPStatusError: Redirect response '302 Moved Temporarily' for url 'https://nomads.ncep.noaa.gov/pub/data/nccf/com/gens/prod/gefs.20260707/00/atmos/pgrb2sp25/gec00.t00z.pgrb2s.0p25.f000.idx'
For more information check: https://developer.mozilla.org/en-US/docs/Web/HTTP/Status/302"
gfs,2026-07-07,18,33,https://nomads.ncep.noaa.gov/pub/data/nccf/com/gfs/prod/gfs.20260707/18/atmos/gfs.t18z.pgrb2.0p25.f033.idx,743.0,89.0,"['4LFTX', 'ABSV', 'ACPCP', 'ALBDO', 'APCP', 'APTMP', 'CAPE', 'CFRZR', 'CICEP', 'CIN', 'CLWMR', 'CNWAT', 'CPOFP', 'CPRAT', 'CRAIN', 'CSNOW', 'CWAT', 'CWORK', 'DLWRF', 'DPT', 'DSWRF', 'DZDT', 'FLDCP', 'FRICV', 'GFLUX', 'GRLE', 'GUST', 'HCDC', 'HGT', 'HINDEX', 'HLCY', 'HPBL', 'ICAHT', 'ICEC', 'ICEG', 'ICETK', 'ICETMP', 'ICMR', 'LAND', 'LCDC', 'LFTX', 'LHTFL', 'MCDC', 'MSLET', 'O3MR', 'PEVPR', 'PLPL', 'POT', 'PRATE', 'PRES', 'PRMSL', 'PWAT', 'REFC', 'REFD', 'RH', 'RWMR', 'SFCR', 'SHTFL', 'SNMR', 'SNOD', 'SOILL', 'SOILW', 'SOTYP', 'SPFH', 'SUNSD', 'TCDC', 'TMAX', 'TMIN', 'TMP', 'TOZNE', 'TSOIL', 'U-GWD', 'UFLX', 'UGRD', 'ULWRF', 'USTM', 'USWRF', 'V-GWD', 'VEG', 'VFLX', 'VGRD', 'VIS', 'VRATE', 'VSTM', 'VVEL', 'VWSH', 'WATR', 'WEASD', 'WILT']",731.0,ok,3.559450200002175,2026-07-07T21:45:21Z,
gefs_control,2026-07-07,0,12,https://nomads.ncep.noaa.gov/pub/data/nccf/com/gens/prod/gefs.20260707/00/atmos/pgrb2sp25/gec00.t00z.pgrb2s.0p25.f012.idx,,,[],,error,2.1297274000244215,,"HTTPStatusError: Redirect response '302 Moved Temporarily' for url 'https://nomads.ncep.noaa.gov/pub/data/nccf/com/gens/prod/gefs.20260707/00/atmos/pgrb2sp25/gec00.t00z.pgrb2s.0p25.f012.idx'
For more information check: https://developer.mozilla.org/en-US/docs/Web/HTTP/Status/302"
gefs_control,2026-07-07,0,21,https://nomads.ncep.noaa.gov/pub/data/nccf/com/gens/prod/gefs.20260707/00/atmos/pgrb2sp25/gec00.t00z.pgrb2s.0p25.f021.idx,38.0,35.0,"['APCP', 'CAPE', 'CFRZR', 'CICEP', 'CIN', 'CPOFP', 'CRAIN', 'CSNOW', 'DLWRF', 'DPT', 'DSWRF', 'GUST', 'HGT', 'HLCY', 'ICETK', 'LHTFL', 'MSLET', 'PRES', 'PRMSL', 'PWAT', 'RH', 'SHTFL', 'SNOD', 'SOILW', 'TCDC', 'TMAX', 'TMIN', 'TMP', 'TSOIL', 'UGRD', 'ULWRF', 'USWRF', 'VGRD', 'VIS', 'WEASD']",38.0,ok,2.2823840999626555,2026-07-07T03:52:35Z,
gefs_control,2026-07-07,0,24,https://nomads.ncep.noaa.gov/pub/data/nccf/com/gens/prod/gefs.20260707/00/atmos/pgrb2sp25/gec00.t00z.pgrb2s.0p25.f024.idx,38.0,35.0,"['APCP', 'CAPE', 'CFRZR', 'CICEP', 'CIN', 'CPOFP', 'CRAIN', 'CSNOW', 'DLWRF', 'DPT', 'DSWRF', 'GUST', 'HGT', 'HLCY', 'ICETK', 'LHTFL', 'MSLET', 'PRES', 'PRMSL', 'PWAT', 'RH', 'SHTFL', 'SNOD', 'SOILW', 'TCDC', 'TMAX', 'TMIN', 'TMP', 'TSOIL', 'UGRD', 'ULWRF', 'USWRF', 'VGRD', 'VIS', 'WEASD']",38.0,ok,2.3909427999751642,2026-07-07T03:53:38Z,
gfs,2026-07-07,18,24,https://nomads.ncep.noaa.gov/pub/data/nccf/com/gfs/prod/gfs.20260707/18/atmos/gfs.t18z.pgrb2.0p25.f024.idx,,,[],,error,5.206413199950475,,"HTTPStatusError: Redirect response '302 Moved Temporarily' for url 'https://nomads.ncep.noaa.gov/pub/data/nccf/com/gfs/prod/gfs.20260707/18/atmos/gfs.t18z.pgrb2.0p25.f024.idx'
For more information check: https://developer.mozilla.org/en-US/docs/Web/HTTP/Status/302"
gefs_control,2026-07-07,0,6,https://nomads.ncep.noaa.gov/pub/data/nccf/com/gens/prod/gefs.20260707/00/atmos/pgrb2sp25/gec00.t00z.pgrb2s.0p25.f006.idx,,,[],,error,3.891423799970653,,"HTTPStatusError: Redirect response '302 Moved Temporarily' for url 'https://nomads.ncep.noaa.gov/pub/data/nccf/com/gens/prod/gefs.20260707/00/atmos/pgrb2sp25/gec00.t00z.pgrb2s.0p25.f006.idx'
For more information check: https://developer.mozilla.org/en-US/docs/Web/HTTP/Status/302"
gefs_control,2026-07-07,0,27,https://nomads.ncep.noaa.gov/pub/data/nccf/com/gens/prod/gefs.20260707/00/atmos/pgrb2sp25/gec00.t00z.pgrb2s.0p25.f027.idx,,,[],,error,2.639690000039991,,"HTTPStatusError: Redirect response '302 Moved Temporarily' for url 'https://nomads.ncep.noaa.gov/pub/data/nccf/com/gens/prod/gefs.20260707/00/atmos/pgrb2sp25/gec00.t00z.pgrb2s.0p25.f027.idx'
For more information check: https://developer.mozilla.org/en-US/docs/Web/HTTP/Status/302"
gefs_control,2026-07-07,0,30,https://nomads.ncep.noaa.gov/pub/data/nccf/com/gens/prod/gefs.20260707/00/atmos/pgrb2sp25/gec00.t00z.pgrb2s.0p25.f030.idx,,,[],,error,2.607934200030286,,"HTTPStatusError: Redirect response '302 Moved Temporarily' for url 'https://nomads.ncep.noaa.gov/pub/data/nccf/com/gens/prod/gefs.20260707/00/atmos/pgrb2sp25/gec00.t00z.pgrb2s.0p25.f030.idx'
For more information check: https://developer.mozilla.org/en-US/docs/Web/HTTP/Status/302"
gefs_control,2026-07-07,0,15,https://nomads.ncep.noaa.gov/pub/data/nccf/com/gens/prod/gefs.20260707/00/atmos/pgrb2sp25/gec00.t00z.pgrb2s.0p25.f015.idx,,,[],,error,3.888992199965287,,"HTTPStatusError: Redirect response '302 Moved Temporarily' for url 'https://nomads.ncep.noaa.gov/pub/data/nccf/com/gens/prod/gefs.20260707/00/atmos/pgrb2sp25/gec00.t00z.pgrb2s.0p25.f015.idx'
For more information check: https://developer.mozilla.org/en-US/docs/Web/HTTP/Status/302"
gefs_control,2026-07-07,0,18,https://nomads.ncep.noaa.gov/pub/data/nccf/com/gens/prod/gefs.20260707/00/atmos/pgrb2sp25/gec00.t00z.pgrb2s.0p25.f018.idx,,,[],,error,3.9064989000326023,,"HTTPStatusError: Redirect response '302 Moved Temporarily' for url 'https://nomads.ncep.noaa.gov/pub/data/nccf/com/gens/prod/gefs.20260707/00/atmos/pgrb2sp25/gec00.t00z.pgrb2s.0p25.f018.idx'
For more information check: https://developer.mozilla.org/en-US/docs/Web/HTTP/Status/302"
gefs_control,2026-07-07,0,48,https://nomads.ncep.noaa.gov/pub/data/nccf/com/gens/prod/gefs.20260707/00/atmos/pgrb2sp25/gec00.t00z.pgrb2s.0p25.f048.idx,38.0,35.0,"['APCP', 'CAPE', 'CFRZR', 'CICEP', 'CIN', 'CPOFP', 'CRAIN', 'CSNOW', 'DLWRF', 'DPT', 'DSWRF', 'GUST', 'HGT', 'HLCY', 'ICETK', 'LHTFL', 'MSLET', 'PRES', 'PRMSL', 'PWAT', 'RH', 'SHTFL', 'SNOD', 'SOILW', 'TCDC', 'TMAX', 'TMIN', 'TMP', 'TSOIL', 'UGRD', 'ULWRF', 'USWRF', 'VGRD', 'VIS', 'WEASD']",38.0,ok,2.2010491999681108,2026-07-07T04:02:33Z,
gefs_control,2026-07-07,6,9,https://nomads.ncep.noaa.gov/pub/data/nccf/com/gens/prod/gefs.20260707/06/atmos/pgrb2sp25/gec00.t06z.pgrb2s.0p25.f009.idx,38.0,35.0,"['APCP', 'CAPE', 'CFRZR', 'CICEP', 'CIN', 'CPOFP', 'CRAIN', 'CSNOW', 'DLWRF', 'DPT', 'DSWRF', 'GUST', 'HGT', 'HLCY', 'ICETK', 'LHTFL', 'MSLET', 'PRES', 'PRMSL', 'PWAT', 'RH', 'SHTFL', 'SNOD', 'SOILW', 'TCDC', 'TMAX', 'TMIN', 'TMP', 'TSOIL', 'UGRD', 'ULWRF', 'USWRF', 'VGRD', 'VIS', 'WEASD']",38.0,ok,2.1228112999815494,2026-07-07T09:48:22Z,
gefs_control,2026-07-07,0,36,https://nomads.ncep.noaa.gov/pub/data/nccf/com/gens/prod/gefs.20260707/00/atmos/pgrb2sp25/gec00.t00z.pgrb2s.0p25.f036.idx,38.0,35.0,"['APCP', 'CAPE', 'CFRZR', 'CICEP', 'CIN', 'CPOFP', 'CRAIN', 'CSNOW', 'DLWRF', 'DPT', 'DSWRF', 'GUST', 'HGT', 'HLCY', 'ICETK', 'LHTFL', 'MSLET', 'PRES', 'PRMSL', 'PWAT', 'RH', 'SHTFL', 'SNOD', 'SOILW', 'TCDC', 'TMAX', 'TMIN', 'TMP', 'TSOIL', 'UGRD', 'ULWRF', 'USWRF', 'VGRD', 'VIS', 'WEASD']",38.0,ok,2.924147300014738,2026-07-07T03:58:14Z,
gefs_control,2026-07-07,6,12,https://nomads.ncep.noaa.gov/pub/data/nccf/com/gens/prod/gefs.20260707/06/atmos/pgrb2sp25/gec00.t06z.pgrb2s.0p25.f012.idx,38.0,35.0,"['APCP', 'CAPE', 'CFRZR', 'CICEP', 'CIN', 'CPOFP', 'CRAIN', 'CSNOW', 'DLWRF', 'DPT', 'DSWRF', 'GUST', 'HGT', 'HLCY', 'ICETK', 'LHTFL', 'MSLET', 'PRES', 'PRMSL', 'PWAT', 'RH', 'SHTFL', 'SNOD', 'SOILW', 'TCDC', 'TMAX', 'TMIN', 'TMP', 'TSOIL', 'UGRD', 'ULWRF', 'USWRF', 'VGRD', 'VIS', 'WEASD']",38.0,ok,2.005984899995383,2026-07-07T09:49:33Z,
gefs_control,2026-07-07,6,3,https://nomads.ncep.noaa.gov/pub/data/nccf/com/gens/prod/gefs.20260707/06/atmos/pgrb2sp25/gec00.t06z.pgrb2s.0p25.f003.idx,38.0,35.0,"['APCP', 'CAPE', 'CFRZR', 'CICEP', 'CIN', 'CPOFP', 'CRAIN', 'CSNOW', 'DLWRF', 'DPT', 'DSWRF', 'GUST', 'HGT', 'HLCY', 'ICETK', 'LHTFL', 'MSLET', 'PRES', 'PRMSL', 'PWAT', 'RH', 'SHTFL', 'SNOD', 'SOILW', 'TCDC', 'TMAX', 'TMIN', 'TMP', 'TSOIL', 'UGRD', 'ULWRF', 'USWRF', 'VGRD', 'VIS', 'WEASD']",38.0,ok,2.494141499977559,2026-07-07T09:46:20Z,
gefs_control,2026-07-07,6,0,https://nomads.ncep.noaa.gov/pub/data/nccf/com/gens/prod/gefs.20260707/06/atmos/pgrb2sp25/gec00.t06z.pgrb2s.0p25.f000.idx,26.0,23.0,"['CAPE', 'CIN', 'CPOFP', 'DPT', 'GUST', 'HGT', 'HLCY', 'ICETK', 'MSLET', 'PRES', 'PRMSL', 'PWAT', 'RH', 'SNOD', 'SOILW', 'TMAX', 'TMIN', 'TMP', 'TSOIL', 'UGRD', 'VGRD', 'VIS', 'WEASD']",26.0,ok,2.56745170004433,2026-07-07T09:45:56Z,
gefs_control,2026-07-07,0,42,https://nomads.ncep.noaa.gov/pub/data/nccf/com/gens/prod/gefs.20260707/00/atmos/pgrb2sp25/gec00.t00z.pgrb2s.0p25.f042.idx,38.0,35.0,"['APCP', 'CAPE', 'CFRZR', 'CICEP', 'CIN', 'CPOFP', 'CRAIN', 'CSNOW', 'DLWRF', 'DPT', 'DSWRF', 'GUST', 'HGT', 'HLCY', 'ICETK', 'LHTFL', 'MSLET', 'PRES', 'PRMSL', 'PWAT', 'RH', 'SHTFL', 'SNOD', 'SOILW', 'TCDC', 'TMAX', 'TMIN', 'TMP', 'TSOIL', 'UGRD', 'ULWRF', 'USWRF', 'VGRD', 'VIS', 'WEASD']",38.0,ok,3.063219699950423,2026-07-07T04:00:10Z,
gfs,2026-07-07,18,27,https://nomads.ncep.noaa.gov/pub/data/nccf/com/gfs/prod/gfs.20260707/18/atmos/gfs.t18z.pgrb2.0p25.f027.idx,743.0,89.0,"['4LFTX', 'ABSV', 'ACPCP', 'ALBDO', 'APCP', 'APTMP', 'CAPE', 'CFRZR', 'CICEP', 'CIN', 'CLWMR', 'CNWAT', 'CPOFP', 'CPRAT', 'CRAIN', 'CSNOW', 'CWAT', 'CWORK', 'DLWRF', 'DPT', 'DSWRF', 'DZDT', 'FLDCP', 'FRICV', 'GFLUX', 'GRLE', 'GUST', 'HCDC', 'HGT', 'HINDEX', 'HLCY', 'HPBL', 'ICAHT', 'ICEC', 'ICEG', 'ICETK', 'ICETMP', 'ICMR', 'LAND', 'LCDC', 'LFTX', 'LHTFL', 'MCDC', 'MSLET', 'O3MR', 'PEVPR', 'PLPL', 'POT', 'PRATE', 'PRES', 'PRMSL', 'PWAT', 'REFC', 'REFD', 'RH', 'RWMR', 'SFCR', 'SHTFL', 'SNMR', 'SNOD', 'SOILL', 'SOILW', 'SOTYP', 'SPFH', 'SUNSD', 'TCDC', 'TMAX', 'TMIN', 'TMP', 'TOZNE', 'TSOIL', 'U-GWD', 'UFLX', 'UGRD', 'ULWRF', 'USTM', 'USWRF', 'V-GWD', 'VEG', 'VFLX', 'VGRD', 'VIS', 'VRATE', 'VSTM', 'VVEL', 'VWSH', 'WATR', 'WEASD', 'WILT']",731.0,ok,6.489893099991605,2026-07-07T21:43:48Z,
gfs,2026-07-07,18,30,https://nomads.ncep.noaa.gov/pub/data/nccf/com/gfs/prod/gfs.20260707/18/atmos/gfs.t18z.pgrb2.0p25.f030.idx,,,[],,error,6.543976599990856,,"HTTPStatusError: Redirect response '302 Moved Temporarily' for url 'https://nomads.ncep.noaa.gov/pub/data/nccf/com/gfs/prod/gfs.20260707/18/atmos/gfs.t18z.pgrb2.0p25.f030.idx'
For more information check: https://developer.mozilla.org/en-US/docs/Web/HTTP/Status/302"
gefs_control,2026-07-07,6,15,https://nomads.ncep.noaa.gov/pub/data/nccf/com/gens/prod/gefs.20260707/06/atmos/pgrb2sp25/gec00.t06z.pgrb2s.0p25.f015.idx,,,[],,error,2.042850699974224,,"HTTPStatusError: Redirect response '302 Moved Temporarily' for url 'https://nomads.ncep.noaa.gov/pub/data/nccf/com/gens/prod/gefs.20260707/06/atmos/pgrb2sp25/gec00.t06z.pgrb2s.0p25.f015.idx'
For more information check: https://developer.mozilla.org/en-US/docs/Web/HTTP/Status/302"
gefs_control,2026-07-07,0,39,https://nomads.ncep.noaa.gov/pub/data/nccf/com/gens/prod/gefs.20260707/00/atmos/pgrb2sp25/gec00.t00z.pgrb2s.0p25.f039.idx,,,[],,error,3.9804131999844685,,"HTTPStatusError: Redirect response '302 Moved Temporarily' for url 'https://nomads.ncep.noaa.gov/pub/data/nccf/com/gens/prod/gefs.20260707/00/atmos/pgrb2sp25/gec00.t00z.pgrb2s.0p25.f039.idx'
For more information check: https://developer.mozilla.org/en-US/docs/Web/HTTP/Status/302"
gefs_control,2026-07-07,0,33,https://nomads.ncep.noaa.gov/pub/data/nccf/com/gens/prod/gefs.20260707/00/atmos/pgrb2sp25/gec00.t00z.pgrb2s.0p25.f033.idx,,,[],,error,4.135364699992351,,"HTTPStatusError: Redirect response '302 Moved Temporarily' for url 'https://nomads.ncep.noaa.gov/pub/data/nccf/com/gens/prod/gefs.20260707/00/atmos/pgrb2sp25/gec00.t00z.pgrb2s.0p25.f033.idx'
For more information check: https://developer.mozilla.org/en-US/docs/Web/HTTP/Status/302"
gefs_control,2026-07-07,6,24,https://nomads.ncep.noaa.gov/pub/data/nccf/com/gens/prod/gefs.20260707/06/atmos/pgrb2sp25/gec00.t06z.pgrb2s.0p25.f024.idx,,,[],,error,2.273074999975506,,"HTTPStatusError: Redirect response '302 Moved Temporarily' for url 'https://nomads.ncep.noaa.gov/pub/data/nccf/com/gens/prod/gefs.20260707/06/atmos/pgrb2sp25/gec00.t06z.pgrb2s.0p25.f024.idx'
For more information check: https://developer.mozilla.org/en-US/docs/Web/HTTP/Status/302"
gefs_control,2026-07-07,6,36,https://nomads.ncep.noaa.gov/pub/data/nccf/com/gens/prod/gefs.20260707/06/atmos/pgrb2sp25/gec00.t06z.pgrb2s.0p25.f036.idx,38.0,35.0,"['APCP', 'CAPE', 'CFRZR', 'CICEP', 'CIN', 'CPOFP', 'CRAIN', 'CSNOW', 'DLWRF', 'DPT', 'DSWRF', 'GUST', 'HGT', 'HLCY', 'ICETK', 'LHTFL', 'MSLET', 'PRES', 'PRMSL', 'PWAT', 'RH', 'SHTFL', 'SNOD', 'SOILW', 'TCDC', 'TMAX', 'TMIN', 'TMP', 'TSOIL', 'UGRD', 'ULWRF', 'USWRF', 'VGRD', 'VIS', 'WEASD']",38.0,ok,1.845109699992463,2026-07-07T09:58:16Z,
gefs_control,2026-07-07,6,27,https://nomads.ncep.noaa.gov/pub/data/nccf/com/gens/prod/gefs.20260707/06/atmos/pgrb2sp25/gec00.t06z.pgrb2s.0p25.f027.idx,38.0,35.0,"['APCP', 'CAPE', 'CFRZR', 'CICEP', 'CIN', 'CPOFP', 'CRAIN', 'CSNOW', 'DLWRF', 'DPT', 'DSWRF', 'GUST', 'HGT', 'HLCY', 'ICETK', 'LHTFL', 'MSLET', 'PRES', 'PRMSL', 'PWAT', 'RH', 'SHTFL', 'SNOD', 'SOILW', 'TCDC', 'TMAX', 'TMIN', 'TMP', 'TSOIL', 'UGRD', 'ULWRF', 'USWRF', 'VGRD', 'VIS', 'WEASD']",38.0,ok,2.3810467000002973,2026-07-07T09:54:55Z,
gefs_control,2026-07-07,6,39,https://nomads.ncep.noaa.gov/pub/data/nccf/com/gens/prod/gefs.20260707/06/atmos/pgrb2sp25/gec00.t06z.pgrb2s.0p25.f039.idx,,,[],,error,1.8939262999920174,,"HTTPStatusError: Redirect response '302 Moved Temporarily' for url 'https://nomads.ncep.noaa.gov/pub/data/nccf/com/gens/prod/gefs.20260707/06/atmos/pgrb2sp25/gec00.t06z.pgrb2s.0p25.f039.idx'
For more information check: https://developer.mozilla.org/en-US/docs/Web/HTTP/Status/302"
gefs_control,2026-07-07,6,6,https://nomads.ncep.noaa.gov/pub/data/nccf/com/gens/prod/gefs.20260707/06/atmos/pgrb2sp25/gec00.t06z.pgrb2s.0p25.f006.idx,38.0,35.0,"['APCP', 'CAPE', 'CFRZR', 'CICEP', 'CIN', 'CPOFP', 'CRAIN', 'CSNOW', 'DLWRF', 'DPT', 'DSWRF', 'GUST', 'HGT', 'HLCY', 'ICETK', 'LHTFL', 'MSLET', 'PRES', 'PRMSL', 'PWAT', 'RH', 'SHTFL', 'SNOD', 'SOILW', 'TCDC', 'TMAX', 'TMIN', 'TMP', 'TSOIL', 'UGRD', 'ULWRF', 'USWRF', 'VGRD', 'VIS', 'WEASD']",38.0,ok,4.199408199987374,2026-07-07T09:47:28Z,
gefs_control,2026-07-07,6,45,https://nomads.ncep.noaa.gov/pub/data/nccf/com/gens/prod/gefs.20260707/06/atmos/pgrb2sp25/gec00.t06z.pgrb2s.0p25.f045.idx,,,[],,error,1.8426402999903075,,"HTTPStatusError: Redirect response '302 Moved Temporarily' for url 'https://nomads.ncep.noaa.gov/pub/data/nccf/com/gens/prod/gefs.20260707/06/atmos/pgrb2sp25/gec00.t06z.pgrb2s.0p25.f045.idx'
For more information check: https://developer.mozilla.org/en-US/docs/Web/HTTP/Status/302"
gefs_control,2026-07-07,6,42,https://nomads.ncep.noaa.gov/pub/data/nccf/com/gens/prod/gefs.20260707/06/atmos/pgrb2sp25/gec00.t06z.pgrb2s.0p25.f042.idx,,,[],,error,2.0696155999903567,,"HTTPStatusError: Redirect response '302 Moved Temporarily' for url 'https://nomads.ncep.noaa.gov/pub/data/nccf/com/gens/prod/gefs.20260707/06/atmos/pgrb2sp25/gec00.t06z.pgrb2s.0p25.f042.idx'
For more information check: https://developer.mozilla.org/en-US/docs/Web/HTTP/Status/302"
gefs_control,2026-07-07,6,48,https://nomads.ncep.noaa.gov/pub/data/nccf/com/gens/prod/gefs.20260707/06/atmos/pgrb2sp25/gec00.t06z.pgrb2s.0p25.f048.idx,,,[],,error,2.154481300036423,,"HTTPStatusError: Redirect response '302 Moved Temporarily' for url 'https://nomads.ncep.noaa.gov/pub/data/nccf/com/gens/prod/gefs.20260707/06/atmos/pgrb2sp25/gec00.t06z.pgrb2s.0p25.f048.idx'
For more information check: https://developer.mozilla.org/en-US/docs/Web/HTTP/Status/302"
gefs_control,2026-07-07,12,3,https://nomads.ncep.noaa.gov/pub/data/nccf/com/gens/prod/gefs.20260707/12/atmos/pgrb2sp25/gec00.t12z.pgrb2s.0p25.f003.idx,,,[],,error,2.186731299967505,,"HTTPStatusError: Redirect response '302 Moved Temporarily' for url 'https://nomads.ncep.noaa.gov/pub/data/nccf/com/gens/prod/gefs.20260707/12/atmos/pgrb2sp25/gec00.t12z.pgrb2s.0p25.f003.idx'
For more information check: https://developer.mozilla.org/en-US/docs/Web/HTTP/Status/302"
gefs_control,2026-07-07,12,0,https://nomads.ncep.noaa.gov/pub/data/nccf/com/gens/prod/gefs.20260707/12/atmos/pgrb2sp25/gec00.t12z.pgrb2s.0p25.f000.idx,26.0,23.0,"['CAPE', 'CIN', 'CPOFP', 'DPT', 'GUST', 'HGT', 'HLCY', 'ICETK', 'MSLET', 'PRES', 'PRMSL', 'PWAT', 'RH', 'SNOD', 'SOILW', 'TMAX', 'TMIN', 'TMP', 'TSOIL', 'UGRD', 'VGRD', 'VIS', 'WEASD']",26.0,ok,2.4636467000236735,2026-07-07T15:45:31Z,
gefs_control,2026-07-07,12,12,https://nomads.ncep.noaa.gov/pub/data/nccf/com/gens/prod/gefs.20260707/12/atmos/pgrb2sp25/gec00.t12z.pgrb2s.0p25.f012.idx,38.0,35.0,"['APCP', 'CAPE', 'CFRZR', 'CICEP', 'CIN', 'CPOFP', 'CRAIN', 'CSNOW', 'DLWRF', 'DPT', 'DSWRF', 'GUST', 'HGT', 'HLCY', 'ICETK', 'LHTFL', 'MSLET', 'PRES', 'PRMSL', 'PWAT', 'RH', 'SHTFL', 'SNOD', 'SOILW', 'TCDC', 'TMAX', 'TMIN', 'TMP', 'TSOIL', 'UGRD', 'ULWRF', 'USWRF', 'VGRD', 'VIS', 'WEASD']",38.0,ok,1.9177409000112675,2026-07-07T15:49:18Z,
gefs_control,2026-07-07,6,21,https://nomads.ncep.noaa.gov/pub/data/nccf/com/gens/prod/gefs.20260707/06/atmos/pgrb2sp25/gec00.t06z.pgrb2s.0p25.f021.idx,38.0,35.0,"['APCP', 'CAPE', 'CFRZR', 'CICEP', 'CIN', 'CPOFP', 'CRAIN', 'CSNOW', 'DLWRF', 'DPT', 'DSWRF', 'GUST', 'HGT', 'HLCY', 'ICETK', 'LHTFL', 'MSLET', 'PRES', 'PRMSL', 'PWAT', 'RH', 'SHTFL', 'SNOD', 'SOILW', 'TCDC', 'TMAX', 'TMIN', 'TMP', 'TSOIL', 'UGRD', 'ULWRF', 'USWRF', 'VGRD', 'VIS', 'WEASD']",38.0,ok,3.482006600010209,2026-07-07T09:52:37Z,
gefs_control,2026-07-07,6,30,https://nomads.ncep.noaa.gov/pub/data/nccf/com/gens/prod/gefs.20260707/06/atmos/pgrb2sp25/gec00.t06z.pgrb2s.0p25.f030.idx,,,[],,error,3.561178600008134,,"HTTPStatusError: Redirect response '302 Moved Temporarily' for url 'https://nomads.ncep.noaa.gov/pub/data/nccf/com/gens/prod/gefs.20260707/06/atmos/pgrb2sp25/gec00.t06z.pgrb2s.0p25.f030.idx'
For more information check: https://developer.mozilla.org/en-US/docs/Web/HTTP/Status/302"
gefs_control,2026-07-07,6,33,https://nomads.ncep.noaa.gov/pub/data/nccf/com/gens/prod/gefs.20260707/06/atmos/pgrb2sp25/gec00.t06z.pgrb2s.0p25.f033.idx,,,[],,error,3.6622901000082493,,"HTTPStatusError: Redirect response '302 Moved Temporarily' for url 'https://nomads.ncep.noaa.gov/pub/data/nccf/com/gens/prod/gefs.20260707/06/atmos/pgrb2sp25/gec00.t06z.pgrb2s.0p25.f033.idx'
For more information check: https://developer.mozilla.org/en-US/docs/Web/HTTP/Status/302"
gefs_control,2026-07-07,12,21,https://nomads.ncep.noaa.gov/pub/data/nccf/com/gens/prod/gefs.20260707/12/atmos/pgrb2sp25/gec00.t12z.pgrb2s.0p25.f021.idx,,,[],,error,2.3142759999609552,,"HTTPStatusError: Redirect response '302 Moved Temporarily' for url 'https://nomads.ncep.noaa.gov/pub/data/nccf/com/gens/prod/gefs.20260707/12/atmos/pgrb2sp25/gec00.t12z.pgrb2s.0p25.f021.idx'
For more information check: https://developer.mozilla.org/en-US/docs/Web/HTTP/Status/302"
gefs_control,2026-07-07,12,24,https://nomads.ncep.noaa.gov/pub/data/nccf/com/gens/prod/gefs.20260707/12/atmos/pgrb2sp25/gec00.t12z.pgrb2s.0p25.f024.idx,,,[],,error,2.4278192999772727,,"HTTPStatusError: Redirect response '302 Moved Temporarily' for url 'https://nomads.ncep.noaa.gov/pub/data/nccf/com/gens/prod/gefs.20260707/12/atmos/pgrb2sp25/gec00.t12z.pgrb2s.0p25.f024.idx'
For more information check: https://developer.mozilla.org/en-US/docs/Web/HTTP/Status/302"
gefs_control,2026-07-07,12,27,https://nomads.ncep.noaa.gov/pub/data/nccf/com/gens/prod/gefs.20260707/12/atmos/pgrb2sp25/gec00.t12z.pgrb2s.0p25.f027.idx,,,[],,error,2.3171102999476716,,"HTTPStatusError: Redirect response '302 Moved Temporarily' for url 'https://nomads.ncep.noaa.gov/pub/data/nccf/com/gens/prod/gefs.20260707/12/atmos/pgrb2sp25/gec00.t12z.pgrb2s.0p25.f027.idx'
For more information check: https://developer.mozilla.org/en-US/docs/Web/HTTP/Status/302"
gefs_control,2026-07-07,12,30,https://nomads.ncep.noaa.gov/pub/data/nccf/com/gens/prod/gefs.20260707/12/atmos/pgrb2sp25/gec00.t12z.pgrb2s.0p25.f030.idx,38.0,35.0,"['APCP', 'CAPE', 'CFRZR', 'CICEP', 'CIN', 'CPOFP', 'CRAIN', 'CSNOW', 'DLWRF', 'DPT', 'DSWRF', 'GUST', 'HGT', 'HLCY', 'ICETK', 'LHTFL', 'MSLET', 'PRES', 'PRMSL', 'PWAT', 'RH', 'SHTFL', 'SNOD', 'SOILW', 'TCDC', 'TMAX', 'TMIN', 'TMP', 'TSOIL', 'UGRD', 'ULWRF', 'USWRF', 'VGRD', 'VIS', 'WEASD']",38.0,ok,2.379230299964547,2026-07-07T15:55:46Z,
gefs_control,2026-07-07,0,45,https://nomads.ncep.noaa.gov/pub/data/nccf/com/gens/prod/gefs.20260707/00/atmos/pgrb2sp25/gec00.t00z.pgrb2s.0p25.f045.idx,38.0,35.0,"['APCP', 'CAPE', 'CFRZR', 'CICEP', 'CIN', 'CPOFP', 'CRAIN', 'CSNOW', 'DLWRF', 'DPT', 'DSWRF', 'GUST', 'HGT', 'HLCY', 'ICETK', 'LHTFL', 'MSLET', 'PRES', 'PRMSL', 'PWAT', 'RH', 'SHTFL', 'SNOD', 'SOILW', 'TCDC', 'TMAX', 'TMIN', 'TMP', 'TSOIL', 'UGRD', 'ULWRF', 'USWRF', 'VGRD', 'VIS', 'WEASD']",38.0,ok,6.9303951999754645,2026-07-07T04:01:16Z,
gefs_control,2026-07-07,12,36,https://nomads.ncep.noaa.gov/pub/data/nccf/com/gens/prod/gefs.20260707/12/atmos/pgrb2sp25/gec00.t12z.pgrb2s.0p25.f036.idx,,,[],,error,2.4000437000067905,,"HTTPStatusError: Redirect response '302 Moved Temporarily' for url 'https://nomads.ncep.noaa.gov/pub/data/nccf/com/gens/prod/gefs.20260707/12/atmos/pgrb2sp25/gec00.t12z.pgrb2s.0p25.f036.idx'
For more information check: https://developer.mozilla.org/en-US/docs/Web/HTTP/Status/302"
gefs_control,2026-07-07,12,39,https://nomads.ncep.noaa.gov/pub/data/nccf/com/gens/prod/gefs.20260707/12/atmos/pgrb2sp25/gec00.t12z.pgrb2s.0p25.f039.idx,38.0,35.0,"['APCP', 'CAPE', 'CFRZR', 'CICEP', 'CIN', 'CPOFP', 'CRAIN', 'CSNOW', 'DLWRF', 'DPT', 'DSWRF', 'GUST', 'HGT', 'HLCY', 'ICETK', 'LHTFL', 'MSLET', 'PRES', 'PRMSL', 'PWAT', 'RH', 'SHTFL', 'SNOD', 'SOILW', 'TCDC', 'TMAX', 'TMIN', 'TMP', 'TSOIL', 'UGRD', 'ULWRF', 'USWRF', 'VGRD', 'VIS', 'WEASD']",38.0,ok,2.435594599985052,2026-07-07T15:59:14Z,
gefs_control,2026-07-07,12,42,https://nomads.ncep.noaa.gov/pub/data/nccf/com/gens/prod/gefs.20260707/12/atmos/pgrb2sp25/gec00.t12z.pgrb2s.0p25.f042.idx,,,[],,error,2.6102159000001848,,"HTTPStatusError: Redirect response '302 Moved Temporarily' for url 'https://nomads.ncep.noaa.gov/pub/data/nccf/com/gens/prod/gefs.20260707/12/atmos/pgrb2sp25/gec00.t12z.pgrb2s.0p25.f042.idx'
For more information check: https://developer.mozilla.org/en-US/docs/Web/HTTP/Status/302"
gefs_control,2026-07-07,12,15,https://nomads.ncep.noaa.gov/pub/data/nccf/com/gens/prod/gefs.20260707/12/atmos/pgrb2sp25/gec00.t12z.pgrb2s.0p25.f015.idx,,,[],,error,3.9296099999919534,,"HTTPStatusError: Redirect response '302 Moved Temporarily' for url 'https://nomads.ncep.noaa.gov/pub/data/nccf/com/gens/prod/gefs.20260707/12/atmos/pgrb2sp25/gec00.t12z.pgrb2s.0p25.f015.idx'
For more information check: https://developer.mozilla.org/en-US/docs/Web/HTTP/Status/302"
gefs_control,2026-07-07,12,18,https://nomads.ncep.noaa.gov/pub/data/nccf/com/gens/prod/gefs.20260707/12/atmos/pgrb2sp25/gec00.t12z.pgrb2s.0p25.f018.idx,,,[],,error,3.9021733999834396,,"HTTPStatusError: Redirect response '302 Moved Temporarily' for url 'https://nomads.ncep.noaa.gov/pub/data/nccf/com/gens/prod/gefs.20260707/12/atmos/pgrb2sp25/gec00.t12z.pgrb2s.0p25.f018.idx'
For more information check: https://developer.mozilla.org/en-US/docs/Web/HTTP/Status/302"
gefs_control,2026-07-07,12,45,https://nomads.ncep.noaa.gov/pub/data/nccf/com/gens/prod/gefs.20260707/12/atmos/pgrb2sp25/gec00.t12z.pgrb2s.0p25.f045.idx,38.0,35.0,"['APCP', 'CAPE', 'CFRZR', 'CICEP', 'CIN', 'CPOFP', 'CRAIN', 'CSNOW', 'DLWRF', 'DPT', 'DSWRF', 'GUST', 'HGT', 'HLCY', 'ICETK', 'LHTFL', 'MSLET', 'PRES', 'PRMSL', 'PWAT', 'RH', 'SHTFL', 'SNOD', 'SOILW', 'TCDC', 'TMAX', 'TMIN', 'TMP', 'TSOIL', 'UGRD', 'ULWRF', 'USWRF', 'VGRD', 'VIS', 'WEASD']",38.0,ok,2.658635800005868,2026-07-07T16:01:33Z,
gefs_control,2026-07-07,12,48,https://nomads.ncep.noaa.gov/pub/data/nccf/com/gens/prod/gefs.20260707/12/atmos/pgrb2sp25/gec00.t12z.pgrb2s.0p25.f048.idx,38.0,35.0,"['APCP', 'CAPE', 'CFRZR', 'CICEP', 'CIN', 'CPOFP', 'CRAIN', 'CSNOW', 'DLWRF', 'DPT', 'DSWRF', 'GUST', 'HGT', 'HLCY', 'ICETK', 'LHTFL', 'MSLET', 'PRES', 'PRMSL', 'PWAT', 'RH', 'SHTFL', 'SNOD', 'SOILW', 'TCDC', 'TMAX', 'TMIN', 'TMP', 'TSOIL', 'UGRD', 'ULWRF', 'USWRF', 'VGRD', 'VIS', 'WEASD']",38.0,ok,3.041218400001526,2026-07-07T16:02:27Z,
gefs_control,2026-07-07,18,0,https://nomads.ncep.noaa.gov/pub/data/nccf/com/gens/prod/gefs.20260707/18/atmos/pgrb2sp25/gec00.t18z.pgrb2s.0p25.f000.idx,26.0,23.0,"['CAPE', 'CIN', 'CPOFP', 'DPT', 'GUST', 'HGT', 'HLCY', 'ICETK', 'MSLET', 'PRES', 'PRMSL', 'PWAT', 'RH', 'SNOD', 'SOILW', 'TMAX', 'TMIN', 'TMP', 'TSOIL', 'UGRD', 'VGRD', 'VIS', 'WEASD']",26.0,ok,3.068521600042004,2026-07-07T21:45:36Z,
gefs_control,2026-07-07,12,33,https://nomads.ncep.noaa.gov/pub/data/nccf/com/gens/prod/gefs.20260707/12/atmos/pgrb2sp25/gec00.t12z.pgrb2s.0p25.f033.idx,,,[],,error,4.108795699954499,,"HTTPStatusError: Redirect response '302 Moved Temporarily' for url 'https://nomads.ncep.noaa.gov/pub/data/nccf/com/gens/prod/gefs.20260707/12/atmos/pgrb2sp25/gec00.t12z.pgrb2s.0p25.f033.idx'
For more information check: https://developer.mozilla.org/en-US/docs/Web/HTTP/Status/302"
gefs_control,2026-07-07,18,15,https://nomads.ncep.noaa.gov/pub/data/nccf/com/gens/prod/gefs.20260707/18/atmos/pgrb2sp25/gec00.t18z.pgrb2s.0p25.f015.idx,38.0,35.0,"['APCP', 'CAPE', 'CFRZR', 'CICEP', 'CIN', 'CPOFP', 'CRAIN', 'CSNOW', 'DLWRF', 'DPT', 'DSWRF', 'GUST', 'HGT', 'HLCY', 'ICETK', 'LHTFL', 'MSLET', 'PRES', 'PRMSL', 'PWAT', 'RH', 'SHTFL', 'SNOD', 'SOILW', 'TCDC', 'TMAX', 'TMIN', 'TMP', 'TSOIL', 'UGRD', 'ULWRF', 'USWRF', 'VGRD', 'VIS', 'WEASD']",38.0,ok,2.359531100024469,2026-07-07T21:50:16Z,
gefs_control,2026-07-07,6,18,https://nomads.ncep.noaa.gov/pub/data/nccf/com/gens/prod/gefs.20260707/06/atmos/pgrb2sp25/gec00.t06z.pgrb2s.0p25.f018.idx,38.0,35.0,"['APCP', 'CAPE', 'CFRZR', 'CICEP', 'CIN', 'CPOFP', 'CRAIN', 'CSNOW', 'DLWRF', 'DPT', 'DSWRF', 'GUST', 'HGT', 'HLCY', 'ICETK', 'LHTFL', 'MSLET', 'PRES', 'PRMSL', 'PWAT', 'RH', 'SHTFL', 'SNOD', 'SOILW', 'TCDC', 'TMAX', 'TMIN', 'TMP', 'TSOIL', 'UGRD', 'ULWRF', 'USWRF', 'VGRD', 'VIS', 'WEASD']",38.0,ok,7.656286200042814,2026-07-07T09:51:41Z,
gefs_control,2026-07-07,18,12,https://nomads.ncep.noaa.gov/pub/data/nccf/com/gens/prod/gefs.20260707/18/atmos/pgrb2sp25/gec00.t18z.pgrb2s.0p25.f012.idx,38.0,35.0,"['APCP', 'CAPE', 'CFRZR', 'CICEP', 'CIN', 'CPOFP', 'CRAIN', 'CSNOW', 'DLWRF', 'DPT', 'DSWRF', 'GUST', 'HGT', 'HLCY', 'ICETK', 'LHTFL', 'MSLET', 'PRES', 'PRMSL', 'PWAT', 'RH', 'SHTFL', 'SNOD', 'SOILW', 'TCDC', 'TMAX', 'TMIN', 'TMP', 'TSOIL', 'UGRD', 'ULWRF', 'USWRF', 'VGRD', 'VIS', 'WEASD']",38.0,ok,2.59644340001978,2026-07-07T21:49:22Z,
gefs_control,2026-07-07,18,27,https://nomads.ncep.noaa.gov/pub/data/nccf/com/gens/prod/gefs.20260707/18/atmos/pgrb2sp25/gec00.t18z.pgrb2s.0p25.f027.idx,,,[],,error,2.3207988000358455,,"HTTPStatusError: Redirect response '302 Moved Temporarily' for url 'https://nomads.ncep.noaa.gov/pub/data/nccf/com/gens/prod/gefs.20260707/18/atmos/pgrb2sp25/gec00.t18z.pgrb2s.0p25.f027.idx'
For more information check: https://developer.mozilla.org/en-US/docs/Web/HTTP/Status/302"
gefs_control,2026-07-07,18,30,https://nomads.ncep.noaa.gov/pub/data/nccf/com/gens/prod/gefs.20260707/18/atmos/pgrb2sp25/gec00.t18z.pgrb2s.0p25.f030.idx,38.0,35.0,"['APCP', 'CAPE', 'CFRZR', 'CICEP', 'CIN', 'CPOFP', 'CRAIN', 'CSNOW', 'DLWRF', 'DPT', 'DSWRF', 'GUST', 'HGT', 'HLCY', 'ICETK', 'LHTFL', 'MSLET', 'PRES', 'PRMSL', 'PWAT', 'RH', 'SHTFL', 'SNOD', 'SOILW', 'TCDC', 'TMAX', 'TMIN', 'TMP', 'TSOIL', 'UGRD', 'ULWRF', 'USWRF', 'VGRD', 'VIS', 'WEASD']",38.0,ok,2.3797503000241704,2026-07-07T21:56:02Z,
gefs_control,2026-07-07,18,21,https://nomads.ncep.noaa.gov/pub/data/nccf/com/gens/prod/gefs.20260707/18/atmos/pgrb2sp25/gec00.t18z.pgrb2s.0p25.f021.idx,38.0,35.0,"['APCP', 'CAPE', 'CFRZR', 'CICEP', 'CIN', 'CPOFP', 'CRAIN', 'CSNOW', 'DLWRF', 'DPT', 'DSWRF', 'GUST', 'HGT', 'HLCY', 'ICETK', 'LHTFL', 'MSLET', 'PRES', 'PRMSL', 'PWAT', 'RH', 'SHTFL', 'SNOD', 'SOILW', 'TCDC', 'TMAX', 'TMIN', 'TMP', 'TSOIL', 'UGRD', 'ULWRF', 'USWRF', 'VGRD', 'VIS', 'WEASD']",38.0,ok,2.6885736000258476,2026-07-07T21:52:29Z,
gefs_control,2026-07-07,18,18,https://nomads.ncep.noaa.gov/pub/data/nccf/com/gens/prod/gefs.20260707/18/atmos/pgrb2sp25/gec00.t18z.pgrb2s.0p25.f018.idx,38.0,35.0,"['APCP', 'CAPE', 'CFRZR', 'CICEP', 'CIN', 'CPOFP', 'CRAIN', 'CSNOW', 'DLWRF', 'DPT', 'DSWRF', 'GUST', 'HGT', 'HLCY', 'ICETK', 'LHTFL', 'MSLET', 'PRES', 'PRMSL', 'PWAT', 'RH', 'SHTFL', 'SNOD', 'SOILW', 'TCDC', 'TMAX', 'TMIN', 'TMP', 'TSOIL', 'UGRD', 'ULWRF', 'USWRF', 'VGRD', 'VIS', 'WEASD']",38.0,ok,2.8327957000001334,2026-07-07T21:51:33Z,
gefs_control,2026-07-07,12,6,https://nomads.ncep.noaa.gov/pub/data/nccf/com/gens/prod/gefs.20260707/12/atmos/pgrb2sp25/gec00.t12z.pgrb2s.0p25.f006.idx,38.0,35.0,"['APCP', 'CAPE', 'CFRZR', 'CICEP', 'CIN', 'CPOFP', 'CRAIN', 'CSNOW', 'DLWRF', 'DPT', 'DSWRF', 'GUST', 'HGT', 'HLCY', 'ICETK', 'LHTFL', 'MSLET', 'PRES', 'PRMSL', 'PWAT', 'RH', 'SHTFL', 'SNOD', 'SOILW', 'TCDC', 'TMAX', 'TMIN', 'TMP', 'TSOIL', 'UGRD', 'ULWRF', 'USWRF', 'VGRD', 'VIS', 'WEASD']",38.0,ok,6.725670799962245,2026-07-07T15:47:06Z,
gefs_control,2026-07-07,12,9,https://nomads.ncep.noaa.gov/pub/data/nccf/com/gens/prod/gefs.20260707/12/atmos/pgrb2sp25/gec00.t12z.pgrb2s.0p25.f009.idx,,,[],,error,6.630293300026096,,"HTTPStatusError: Redirect response '302 Moved Temporarily' for url 'https://nomads.ncep.noaa.gov/pub/data/nccf/com/gens/prod/gefs.20260707/12/atmos/pgrb2sp25/gec00.t12z.pgrb2s.0p25.f009.idx'
For more information check: https://developer.mozilla.org/en-US/docs/Web/HTTP/Status/302"
gefs_control,2026-07-07,18,3,https://nomads.ncep.noaa.gov/pub/data/nccf/com/gens/prod/gefs.20260707/18/atmos/pgrb2sp25/gec00.t18z.pgrb2s.0p25.f003.idx,38.0,35.0,"['APCP', 'CAPE', 'CFRZR', 'CICEP', 'CIN', 'CPOFP', 'CRAIN', 'CSNOW', 'DLWRF', 'DPT', 'DSWRF', 'GUST', 'HGT', 'HLCY', 'ICETK', 'LHTFL', 'MSLET', 'PRES', 'PRMSL', 'PWAT', 'RH', 'SHTFL', 'SNOD', 'SOILW', 'TCDC', 'TMAX', 'TMIN', 'TMP', 'TSOIL', 'UGRD', 'ULWRF', 'USWRF', 'VGRD', 'VIS', 'WEASD']",38.0,ok,4.3134191000135615,2026-07-07T21:45:53Z,
gefs_control,2026-07-07,18,33,https://nomads.ncep.noaa.gov/pub/data/nccf/com/gens/prod/gefs.20260707/18/atmos/pgrb2sp25/gec00.t18z.pgrb2s.0p25.f033.idx,,,[],,error,2.199842499976512,,"HTTPStatusError: Redirect response '302 Moved Temporarily' for url 'https://nomads.ncep.noaa.gov/pub/data/nccf/com/gens/prod/gefs.20260707/18/atmos/pgrb2sp25/gec00.t18z.pgrb2s.0p25.f033.idx'
For more information check: https://developer.mozilla.org/en-US/docs/Web/HTTP/Status/302"
gefs_control,2026-07-07,18,42,https://nomads.ncep.noaa.gov/pub/data/nccf/com/gens/prod/gefs.20260707/18/atmos/pgrb2sp25/gec00.t18z.pgrb2s.0p25.f042.idx,,,[],,error,2.2143658000277355,,"HTTPStatusError: Redirect response '302 Moved Temporarily' for url 'https://nomads.ncep.noaa.gov/pub/data/nccf/com/gens/prod/gefs.20260707/18/atmos/pgrb2sp25/gec00.t18z.pgrb2s.0p25.f042.idx'
For more information check: https://developer.mozilla.org/en-US/docs/Web/HTTP/Status/302"
gefs_control,2026-07-07,18,6,https://nomads.ncep.noaa.gov/pub/data/nccf/com/gens/prod/gefs.20260707/18/atmos/pgrb2sp25/gec00.t18z.pgrb2s.0p25.f006.idx,,,[],,error,4.295400900009554,,"HTTPStatusError: Redirect response '302 Moved Temporarily' for url 'https://nomads.ncep.noaa.gov/pub/data/nccf/com/gens/prod/gefs.20260707/18/atmos/pgrb2sp25/gec00.t18z.pgrb2s.0p25.f006.idx'
For more information check: https://developer.mozilla.org/en-US/docs/Web/HTTP/Status/302"
gefs_control,2026-07-07,18,45,https://nomads.ncep.noaa.gov/pub/data/nccf/com/gens/prod/gefs.20260707/18/atmos/pgrb2sp25/gec00.t18z.pgrb2s.0p25.f045.idx,,,[],,error,1.9208606999600306,,"HTTPStatusError: Redirect response '302 Moved Temporarily' for url 'https://nomads.ncep.noaa.gov/pub/data/nccf/com/gens/prod/gefs.20260707/18/atmos/pgrb2sp25/gec00.t18z.pgrb2s.0p25.f045.idx'
For more information check: https://developer.mozilla.org/en-US/docs/Web/HTTP/Status/302"
gefs_control,2026-07-07,18,48,https://nomads.ncep.noaa.gov/pub/data/nccf/com/gens/prod/gefs.20260707/18/atmos/pgrb2sp25/gec00.t18z.pgrb2s.0p25.f048.idx,38.0,35.0,"['APCP', 'CAPE', 'CFRZR', 'CICEP', 'CIN', 'CPOFP', 'CRAIN', 'CSNOW', 'DLWRF', 'DPT', 'DSWRF', 'GUST', 'HGT', 'HLCY', 'ICETK', 'LHTFL', 'MSLET', 'PRES', 'PRMSL', 'PWAT', 'RH', 'SHTFL', 'SNOD', 'SOILW', 'TCDC', 'TMAX', 'TMIN', 'TMP', 'TSOIL', 'UGRD', 'ULWRF', 'USWRF', 'VGRD', 'VIS', 'WEASD']",38.0,ok,2.132753399957437,2026-07-07T22:02:09Z,
gefs_control,2026-07-07,18,9,https://nomads.ncep.noaa.gov/pub/data/nccf/com/gens/prod/gefs.20260707/18/atmos/pgrb2sp25/gec00.t18z.pgrb2s.0p25.f009.idx,38.0,35.0,"['APCP', 'CAPE', 'CFRZR', 'CICEP', 'CIN', 'CPOFP', 'CRAIN', 'CSNOW', 'DLWRF', 'DPT', 'DSWRF', 'GUST', 'HGT', 'HLCY', 'ICETK', 'LHTFL', 'MSLET', 'PRES', 'PRMSL', 'PWAT', 'RH', 'SHTFL', 'SNOD', 'SOILW', 'TCDC', 'TMAX', 'TMIN', 'TMP', 'TSOIL', 'UGRD', 'ULWRF', 'USWRF', 'VGRD', 'VIS', 'WEASD']",38.0,ok,4.64509960002033,2026-07-07T21:48:02Z,
gefs_control,2026-07-07,18,39,https://nomads.ncep.noaa.gov/pub/data/nccf/com/gens/prod/gefs.20260707/18/atmos/pgrb2sp25/gec00.t18z.pgrb2s.0p25.f039.idx,38.0,35.0,"['APCP', 'CAPE', 'CFRZR', 'CICEP', 'CIN', 'CPOFP', 'CRAIN', 'CSNOW', 'DLWRF', 'DPT', 'DSWRF', 'GUST', 'HGT', 'HLCY', 'ICETK', 'LHTFL', 'MSLET', 'PRES', 'PRMSL', 'PWAT', 'RH', 'SHTFL', 'SNOD', 'SOILW', 'TCDC', 'TMAX', 'TMIN', 'TMP', 'TSOIL', 'UGRD', 'ULWRF', 'USWRF', 'VGRD', 'VIS', 'WEASD']",38.0,ok,3.3079395000240766,2026-07-07T21:59:14Z,
gefs_control,2026-07-07,18,36,https://nomads.ncep.noaa.gov/pub/data/nccf/com/gens/prod/gefs.20260707/18/atmos/pgrb2sp25/gec00.t18z.pgrb2s.0p25.f036.idx,,,[],,error,3.4214322000043467,,"HTTPStatusError: Redirect response '302 Moved Temporarily' for url 'https://nomads.ncep.noaa.gov/pub/data/nccf/com/gens/prod/gefs.20260707/18/atmos/pgrb2sp25/gec00.t18z.pgrb2s.0p25.f036.idx'
For more information check: https://developer.mozilla.org/en-US/docs/Web/HTTP/Status/302"
gefs_control,2026-07-07,18,24,https://nomads.ncep.noaa.gov/pub/data/nccf/com/gens/prod/gefs.20260707/18/atmos/pgrb2sp25/gec00.t18z.pgrb2s.0p25.f024.idx,,,[],,error,4.073955999978352,,"HTTPStatusError: Redirect response '302 Moved Temporarily' for url 'https://nomads.ncep.noaa.gov/pub/data/nccf/com/gens/prod/gefs.20260707/18/atmos/pgrb2sp25/gec00.t18z.pgrb2s.0p25.f024.idx'
For more information check: https://developer.mozilla.org/en-US/docs/Web/HTTP/Status/302"
