cutoff_profile,model_id,month,n_scored,mae,rmse,median_absolute_error,bias,p80_absolute_error,p90_absolute_error,p95_absolute_error,max_absolute_error,mean_prediction,mean_actual,mean_anchor_forecast,scope
tminus1_1800,A0_raw_official,1,409,0.9004889975550122,1.1223120564612319,0.8000000000000007,-0.26968215158924214,1.3999999999999986,1.8199999999999992,2.1999999999999993,4.0,19.273838630806846,19.543520782396087,19.273838630806846,by_month
tminus1_1800,A0_raw_official,2,376,1.0986702127659576,1.3714897165320603,0.8999999999999986,-0.32154255319148944,1.6999999999999993,2.3000000000000007,2.8999999999999986,3.8000000000000007,20.34840425531915,20.669946808510637,20.34840425531915,by_month
tminus1_1800,A0_raw_official,3,444,1.2326576576576578,1.5384925932416635,1.0,-0.18310810810810813,2.0,2.5,2.8999999999999986,4.600000000000001,22.864864864864863,23.04797297297297,22.864864864864863,by_month
tminus1_1800,A0_raw_official,4,446,1.1901345291479821,1.4590831939324582,1.0,-0.07219730941704026,1.8999999999999986,2.3000000000000007,2.8000000000000007,4.0,26.44103139013453,26.513228699551572,26.44103139013453,by_month
tminus1_1800,A0_raw_official,5,467,1.1044967880085652,1.3990513763787673,0.8999999999999986,0.0749464668094219,1.8000000000000007,2.3999999999999986,2.8000000000000007,4.5,29.319700214132762,29.24475374732334,29.319700214132762,by_month
tminus1_1800,A0_raw_official,6,431,0.8164733178654294,1.0258944374309378,0.6999999999999993,-0.005336426914153134,1.3999999999999986,1.6999999999999993,2.0,3.3000000000000007,31.398839907192574,31.40417633410673,31.398839907192574,by_month
tminus1_1800,A0_raw_official,7,448,0.8734374999999999,1.123918130597471,0.7000000000000028,-0.12879464285714284,1.3000000000000007,1.8999999999999986,2.299999999999997,3.700000000000003,32.042410714285715,32.17120535714286,32.042410714285715,by_month
tminus1_1800,A0_raw_official,8,446,0.917713004484305,1.1605530612909298,0.7999999999999972,-0.10784753363228688,1.3999999999999986,1.8999999999999986,2.200000000000003,3.8999999999999986,31.701793721973093,31.809641255605378,31.701793721973093,by_month
tminus1_1800,A0_raw_official,9,438,0.947716894977169,1.2099756592140236,0.7999999999999972,-0.10936073059360725,1.6000000000000014,2.0,2.3999999999999986,3.8999999999999986,31.358447488584474,31.467808219178085,31.358447488584474,by_month
tminus1_1800,A0_raw_official,10,419,0.8040572792362769,1.0152888534044167,0.6999999999999993,-0.1606205250596658,1.3000000000000007,1.7000000000000028,2.0,3.3999999999999986,28.768496420047732,28.929116945107396,28.768496420047732,by_month
tminus1_1800,A0_raw_official,11,367,0.8217983651226158,1.0624633348378,0.6000000000000014,-0.047956403269754776,1.3000000000000007,1.8000000000000007,2.07,4.300000000000001,25.302452316076295,25.350408719346046,25.302452316076295,by_month
tminus1_1800,A0_raw_official,12,359,0.8094707520891365,0.9997492721889523,0.6999999999999993,-0.2612813370473538,1.3000000000000007,1.6000000000000014,1.8099999999999972,3.6999999999999993,20.24233983286908,20.503621169916435,20.24233983286908,by_month
tminus1_1800,A1_grouped_residual,1,409,0.8857068384841064,1.0916346109685908,0.7513418439835782,-0.06971265083748376,1.4107963618476147,1.7469486055606906,2.1712554267114874,3.7655288147777526,19.473808131558606,19.543520782396087,19.273838630806846,by_month
tminus1_1800,A1_grouped_residual,2,376,1.0757441200382811,1.3351505424584533,0.8708037797216619,-0.07710836800820363,1.7328548784694213,2.215362477859953,2.698750017303789,3.54670153555222,20.592838440502433,20.669946808510637,20.34840425531915,by_month
tminus1_1800,A1_grouped_residual,3,444,1.2245086652349892,1.5281149550187791,1.0128625835087952,-0.0005842657767705755,1.9530659743815413,2.5169749762354727,2.9292231331684744,4.388347055915265,23.047388707196202,23.04797297297297,22.864864864864863,by_month
tminus1_1800,A1_grouped_residual,4,446,1.1832480487226533,1.456313411641202,1.0163114792493229,0.06425480030977145,1.9014771356844733,2.3113509658883054,2.768750315267015,3.9196055201154536,26.57748349986134,26.513228699551572,26.44103139013453,by_month
tminus1_1800,A1_grouped_residual,5,467,1.1092070183714677,1.4027907808660414,0.8850973282111312,0.13149488833122766,1.8228714244277904,2.4216349272468967,2.7601546464438322,4.449828392952849,29.37624863565457,29.24475374732334,29.319700214132762,by_month
tminus1_1800,A1_grouped_residual,6,431,0.8183019148502849,1.0265742943048761,0.679907901996053,0.019473352848486,1.3485413983046897,1.631957676430961,2.016919022096115,3.3407193380352993,31.423649686955216,31.40417633410673,31.398839907192574,by_month
tminus1_1800,A1_grouped_residual,7,448,0.8683009892542618,1.1182423286007712,0.7260206123690462,-0.0648472854161403,1.336349852897989,1.8596510844828815,2.294864688128455,3.618123140279728,32.10635807172672,32.17120535714286,32.042410714285715,by_month
tminus1_1800,A1_grouped_residual,8,446,0.9155217101443519,1.157235527868634,0.7573782105901063,-0.0708483922595687,1.4524106948301778,1.8459615130181142,2.2135274756319347,3.91672893751187,31.738792863345807,31.809641255605378,31.701793721973093,by_month
tminus1_1800,A1_grouped_residual,9,438,0.9454715504934671,1.2046923532689264,0.7473553514923328,-0.04549995314947373,1.5648080179953738,2.0375820977312347,2.3616811424750295,3.757339679965874,31.422308266028608,31.467808219178085,31.358447488584474,by_month
tminus1_1800,A1_grouped_residual,10,419,0.7933295664194211,1.0013041023024936,0.6585265141431123,-0.0672108107339269,1.2901592935613189,1.685773436899551,1.8999064024028116,3.498299031130607,28.86190613437347,28.929116945107396,28.768496420047732,by_month
tminus1_1800,A1_grouped_residual,11,367,0.8167958589283235,1.059920134957183,0.6492139569840312,0.10396304000254818,1.3151893275094757,1.8492139569840305,2.1115945827136855,4.099081499117986,25.454371759348593,25.350408719346046,25.302452316076295,by_month
tminus1_1800,A1_grouped_residual,12,359,0.778431544772816,0.9624016960335425,0.647585247768113,-0.01224960674265945,1.2370129983670666,1.4651281095535735,1.8273375056283823,3.950406822321625,20.491371563173775,20.503621169916435,20.24233983286908,by_month
tminus1_1800,A2_revision_residual_lgbm,1,409,0.8853687398352202,1.096947548630421,0.7651830502564287,-0.05308689920626241,1.434260121394892,1.7768305544006475,2.110817286524018,3.752659297410659,19.490433883189823,19.543520782396087,19.273838630806846,by_month
tminus1_1800,A2_revision_residual_lgbm,2,376,1.04563357661037,1.313566561412371,0.8602915154107293,0.015253340730124186,1.6705574313673566,2.1589129477137963,2.709684745422988,3.4766111051688178,20.685200149240764,20.669946808510637,20.34840425531915,by_month
tminus1_1800,A2_revision_residual_lgbm,3,444,1.2057001607338627,1.510579087833478,0.999772227076269,0.07353802904188525,1.942049099918792,2.446610615077298,2.9335144275760734,4.351039687066503,23.121511002014856,23.04797297297297,22.864864864864863,by_month
tminus1_1800,A2_revision_residual_lgbm,4,446,1.1593688934071993,1.439110694087253,0.9752962710532795,0.07427984304269368,1.879503868421871,2.321814612583035,2.6764094911850647,4.1016377610049695,26.587508542594264,26.513228699551572,26.44103139013453,by_month
tminus1_1800,A2_revision_residual_lgbm,5,467,1.098357516640037,1.3907725729000933,0.8892627730015299,0.07482759890434003,1.7266090569460624,2.351640657213468,2.7846798349495367,4.610189062400551,29.319581346227682,29.24475374732334,29.319700214132762,by_month
tminus1_1800,A2_revision_residual_lgbm,6,431,0.8418638657816965,1.052075881046195,0.7181418897946656,0.03862447945020687,1.3993803132900062,1.7395152248645616,2.0020863904447683,3.2284930585813107,31.442800813556936,31.40417633410673,31.398839907192574,by_month
tminus1_1800,A2_revision_residual_lgbm,7,448,0.8658278658319075,1.110164359870709,0.6964398804228651,-0.03915418536659037,1.333872191777661,1.906522519169387,2.288362195527793,3.3687070794734026,32.13205117177627,32.17120535714286,32.042410714285715,by_month
tminus1_1800,A2_revision_residual_lgbm,8,446,0.9056826440954334,1.1427415953851976,0.76042153368358,-0.028355543581519708,1.4018249978831783,1.8350339822037292,2.1977327676636635,3.791532790806791,31.781285712023863,31.809641255605378,31.701793721973093,by_month
tminus1_1800,A2_revision_residual_lgbm,9,438,0.9246444738351258,1.1877303520292102,0.7555742053712855,0.011995609767757256,1.5566711749835664,1.992751030125982,2.3589951693773434,3.5099940442621786,31.47980382894584,31.467808219178085,31.358447488584474,by_month
tminus1_1800,A2_revision_residual_lgbm,10,419,0.780844499445708,0.9901469330994852,0.6481189861298944,-0.04239104289121631,1.247935412270127,1.5926091590960993,1.930357967364069,3.4833315444530086,28.886725902216185,28.929116945107396,28.768496420047732,by_month
tminus1_1800,A2_revision_residual_lgbm,11,367,0.8108398413161129,1.0511787703563367,0.6457323792650307,0.14577836965706603,1.2958811369197976,1.7583504228394955,2.086871547261253,3.9589455099830673,25.49618708900311,25.350408719346046,25.302452316076295,by_month
tminus1_1800,A2_revision_residual_lgbm,12,359,0.7848081854207237,0.9747650406396046,0.686713068072109,0.132693390247258,1.2258499702410472,1.5433254507253145,1.8302109565644167,4.192441312881108,20.636314560163694,20.503621169916435,20.24233983286908,by_month
tminus1_1800,A3_hko_hourly_state_residual_lgbm,1,409,0.8737231652946967,1.0779072882303395,0.7897796027652895,-0.0017325005230401538,1.3592182972317093,1.704657522868768,2.069317538137587,3.892730839290568,19.54178828187305,19.543520782396087,19.273838630806846,by_month
tminus1_1800,A3_hko_hourly_state_residual_lgbm,2,376,1.0413042384265545,1.3085084532040911,0.8379091808670083,0.029101488982301176,1.607694431247765,2.179701872481669,2.6731556433519605,3.8686271997711223,20.69904829749294,20.669946808510637,20.34840425531915,by_month
tminus1_1800,A3_hko_hourly_state_residual_lgbm,3,444,1.1823487843102212,1.480265721109724,1.0126211279585169,0.04472141894670658,1.90869694500513,2.4618296720676964,2.883800563621869,4.646536335096918,23.092694391919682,23.04797297297297,22.864864864864863,by_month
tminus1_1800,A3_hko_hourly_state_residual_lgbm,4,446,1.1300976691017028,1.402352980129894,0.9558391536278386,0.024374763668478648,1.8208160875556736,2.285507220696033,2.6174934623001773,4.070779373150934,26.537603463220048,26.513228699551572,26.44103139013453,by_month
tminus1_1800,A3_hko_hourly_state_residual_lgbm,5,467,1.0841665192935657,1.3741738280703044,0.8724714309199726,0.0973360725449447,1.7243773434932863,2.336921984380426,2.7703082822396783,4.250690279584255,29.342089819868285,29.24475374732334,29.319700214132762,by_month
tminus1_1800,A3_hko_hourly_state_residual_lgbm,6,431,0.8232799354729298,1.0329564136384104,0.7079857044023221,0.07623107973552196,1.349425360976639,1.722564248297921,2.0429228707068567,3.3390928843338585,31.48040741384225,31.40417633410673,31.398839907192574,by_month
tminus1_1800,A3_hko_hourly_state_residual_lgbm,7,448,0.8725036781496309,1.130578496589721,0.6685540055790113,0.003169820246754868,1.3494961763463857,1.9399881863661057,2.2695319660079516,3.607752534636397,32.174375177389614,32.17120535714286,32.042410714285715,by_month
tminus1_1800,A3_hko_hourly_state_residual_lgbm,8,446,0.8860358420633359,1.1253353128860253,0.753199995743655,0.02644286073822071,1.4116924117412353,1.7878248034261865,2.2236957731860656,3.7132612288532556,31.8360841163436,31.809641255605378,31.701793721973093,by_month
tminus1_1800,A3_hko_hourly_state_residual_lgbm,9,438,0.9032532963053119,1.1616235711877911,0.7331102731122101,-0.006763937009898324,1.4698090171973548,1.9126540395424472,2.3225785152182765,3.587492452433054,31.46104428216819,31.467808219178085,31.358447488584474,by_month
tminus1_1800,A3_hko_hourly_state_residual_lgbm,10,419,0.7894877051094216,1.0011830425723187,0.6207731168608817,-0.0893882957948381,1.2923223240733308,1.6577855220401243,1.9096304434604199,3.63878777339443,28.839728649312555,28.929116945107396,28.768496420047732,by_month
tminus1_1800,A3_hko_hourly_state_residual_lgbm,11,367,0.7972595333628634,1.0327185614438874,0.6221567585748282,0.10226293451822523,1.2555504868440752,1.7210951590442862,2.0573355045957675,3.731184183675502,25.45267165386427,25.350408719346046,25.302452316076295,by_month
tminus1_1800,A3_hko_hourly_state_residual_lgbm,12,359,0.7732861551898096,0.967174526111788,0.6420268092370627,0.08711966769047871,1.2050329053507778,1.518299990426081,1.9467649478000078,4.0137039969526604,20.590740837606916,20.503621169916435,20.24233983286908,by_month
tminus1_1800,A4_network_gradients_residual_lgbm,1,409,0.8735429153118464,1.0748457467959933,0.7829988595420225,0.011709644821194872,1.3411183110996185,1.704296200443452,2.0306730293926685,3.7034425393250103,19.555230427217285,19.543520782396087,19.273838630806846,by_month
tminus1_1800,A4_network_gradients_residual_lgbm,2,376,1.0488842086368466,1.3139638903710769,0.8625380418225852,-0.012877342934690412,1.5998272673018015,2.1044700435967254,2.712366462660145,3.797499751162249,20.65706946557595,20.669946808510637,20.34840425531915,by_month
tminus1_1800,A4_network_gradients_residual_lgbm,3,444,1.1756212234620562,1.4766602345689817,1.0254698721265525,0.012956423051229378,1.8316581695548777,2.48934891765741,2.958762647924206,4.734129812117974,23.060929396024203,23.04797297297297,22.864864864864863,by_month
tminus1_1800,A4_network_gradients_residual_lgbm,4,446,1.1308776331916062,1.395005926663589,0.9823381077191691,0.023951956212486348,1.801475399671471,2.2610578101170944,2.6456373081481956,3.7412999843578376,26.537180655764057,26.513228699551572,26.44103139013453,by_month
tminus1_1800,A4_network_gradients_residual_lgbm,5,467,1.0963432177839925,1.3855774557986893,0.9284407709435136,0.1038437490564372,1.7987729334362967,2.3303221998234656,2.7556703868109436,4.4007183601871205,29.348597496379778,29.24475374732334,29.319700214132762,by_month
tminus1_1800,A4_network_gradients_residual_lgbm,6,431,0.8174632809251265,1.0253819359690486,0.7091692689465035,0.07760199209563548,1.3048751488454506,1.6771781744945216,2.0114794346386997,3.2786824260244636,31.481778326202363,31.40417633410673,31.398839907192574,by_month
tminus1_1800,A4_network_gradients_residual_lgbm,7,448,0.8626431862501056,1.1206583503100798,0.6718927506156476,0.02000577694516707,1.3486499559575635,1.9227629061738154,2.358819123861381,3.586086594277198,32.19121113408802,32.17120535714286,32.042410714285715,by_month
tminus1_1800,A4_network_gradients_residual_lgbm,8,446,0.8951277566591193,1.1300205246995283,0.78510290105549,0.022975867734212285,1.4157112131150562,1.8119565988879565,2.187532619698368,3.775030451047126,31.83261712333959,31.809641255605378,31.701793721973093,by_month
tminus1_1800,A4_network_gradients_residual_lgbm,9,438,0.9154050876953553,1.1711270355140686,0.7373586697126484,-0.034042388038810684,1.4891430270157684,1.9961523100248724,2.3339308885562313,3.7721365731534497,31.43376583113927,31.467808219178085,31.358447488584474,by_month
tminus1_1800,A4_network_gradients_residual_lgbm,10,419,0.787778746797791,1.0003874066623242,0.6350046024271769,-0.10281232726633527,1.2803996392113628,1.6905612171492128,1.9458385355593488,3.5087143277604866,28.826304617841064,28.929116945107396,28.768496420047732,by_month
tminus1_1800,A4_network_gradients_residual_lgbm,11,367,0.8053283349779459,1.0432385170570804,0.6189426415615351,0.0983293212211399,1.3132407412537865,1.733460491816484,2.011822062685857,4.032982861786092,25.448738040567186,25.350408719346046,25.302452316076295,by_month
tminus1_1800,A4_network_gradients_residual_lgbm,12,359,0.7702515184672082,0.9638738262703838,0.6429580851027765,0.07073337533039031,1.2212428759682965,1.5282896971475153,1.8808054569314652,4.012680784163859,20.574354545246823,20.503621169916435,20.24233983286908,by_month
tminus1_1800,A5_text_warning_residual_lgbm,1,409,0.8738321495721969,1.073230928612747,0.7838902083686214,0.017016665206467302,1.3429176889470273,1.722543981045887,2.0037861012620053,3.8008383146392397,19.560537447602556,19.543520782396087,19.273838630806846,by_month
tminus1_1800,A5_text_warning_residual_lgbm,2,376,1.0517148650429369,1.3156299804908913,0.861082442204788,-0.013226892509173251,1.611390680157001,2.1146972992294035,2.6735309973849777,3.76029498497865,20.656719916001464,20.669946808510637,20.34840425531915,by_month
tminus1_1800,A5_text_warning_residual_lgbm,3,444,1.1775203813496844,1.4812962161251413,0.9764727292273214,0.003914732747976702,1.8787800403482293,2.421876652732575,2.9520090013302682,4.713543885540865,23.051887705720947,23.04797297297297,22.864864864864863,by_month
tminus1_1800,A5_text_warning_residual_lgbm,4,446,1.1355471461374258,1.401836942914992,0.9891353571209933,0.022828997477791723,1.7674591438880292,2.264306714906544,2.7267064919706163,3.766812614854011,26.53605769702936,26.513228699551572,26.44103139013453,by_month
tminus1_1800,A5_text_warning_residual_lgbm,5,467,1.0925408554855989,1.3866898866628554,0.9064293873449643,0.1115614121544771,1.8039805162674618,2.3490986501294335,2.7279139878961214,4.4466440832843475,29.356315159477813,29.24475374732334,29.319700214132762,by_month
tminus1_1800,A5_text_warning_residual_lgbm,6,431,0.8162681341614118,1.0220370845762081,0.702367900979862,0.08486662161380094,1.2605907594806531,1.7242076416860108,1.9796143488482194,3.3561922045701387,31.489042955720528,31.40417633410673,31.398839907192574,by_month
tminus1_1800,A5_text_warning_residual_lgbm,7,448,0.8692311298731263,1.1223152995087133,0.6747379912690228,0.020954882655376667,1.3545913362504067,1.891614997050303,2.34678365165933,3.628848967310411,32.192160239798234,32.17120535714286,32.042410714285715,by_month
tminus1_1800,A5_text_warning_residual_lgbm,8,446,0.8984511820012047,1.1322466432679954,0.7689108564950367,0.02933247743727601,1.4428474975836778,1.7826608824332624,2.202306232588165,3.6318368926080353,31.838973733042657,31.809641255605378,31.701793721973093,by_month
tminus1_1800,A5_text_warning_residual_lgbm,9,438,0.9104216025041112,1.1684405152868618,0.7416730023895983,-0.037876823609958726,1.4922545418085023,2.0395616265047183,2.341529388079635,3.760667051778789,31.429931395568122,31.467808219178085,31.358447488584474,by_month
tminus1_1800,A5_text_warning_residual_lgbm,10,419,0.7899724006039368,1.0037377635874638,0.631718607549697,-0.10050318242481807,1.2693470535078641,1.6874338153046047,1.9698146591802772,3.700564062185066,28.828613762682583,28.929116945107396,28.768496420047732,by_month
tminus1_1800,A5_text_warning_residual_lgbm,11,367,0.809284055365478,1.0465028086577364,0.6257913028352107,0.07842393785990182,1.3239928540037063,1.7507557477095095,2.0642350015751045,3.973649980075688,25.42883265720595,25.350408719346046,25.302452316076295,by_month
tminus1_1800,A5_text_warning_residual_lgbm,12,359,0.774723121503321,0.967711402060167,0.6748244207345344,0.06147599836669396,1.220572109492578,1.5213290987474124,1.8512210396573479,4.071893226652772,20.565097168283128,20.503621169916435,20.24233983286908,by_month
tminus1_1800,A6_target_memory_residual_lgbm,1,409,0.8706550789359842,1.0744377468955735,0.7616203708540183,-0.005203019547058808,1.3184377918301486,1.747151923903121,2.030944029675581,3.7385443684115423,19.53831776284903,19.543520782396087,19.273838630806846,by_month
tminus1_1800,A6_target_memory_residual_lgbm,2,376,1.0576521798295084,1.3238663973540477,0.8566440886945816,-0.028771849070077515,1.6302082718345723,2.1388268770990333,2.8002770380247384,3.624931026298615,20.641174959440562,20.669946808510637,20.34840425531915,by_month
tminus1_1800,A6_target_memory_residual_lgbm,3,444,1.1833818837763521,1.4737944531832745,1.0267900194546495,0.012316956983016646,1.9038717218138486,2.413985191887237,2.823536556477629,4.484353522135258,23.060289929955992,23.04797297297297,22.864864864864863,by_month
tminus1_1800,A6_target_memory_residual_lgbm,4,446,1.1261858358889025,1.3833642233565768,0.9994235435587235,0.02419400125918111,1.7934307018745947,2.2334412766093052,2.614651623106419,3.7776006403233318,26.537422700810755,26.513228699551572,26.44103139013453,by_month
tminus1_1800,A6_target_memory_residual_lgbm,5,467,1.086584070979595,1.3779770227179484,0.9182385782160516,0.13353758798293924,1.7907870837576638,2.23143421215412,2.7621926520512488,4.441100360402146,29.378291335306283,29.24475374732334,29.319700214132762,by_month
tminus1_1800,A6_target_memory_residual_lgbm,6,431,0.8173130029325046,1.0224937757072448,0.6992414340957538,0.07628190853844066,1.265256823512427,1.6932018129348982,1.9389594855258974,3.366047568403662,31.48045824264517,31.40417633410673,31.398839907192574,by_month
tminus1_1800,A6_target_memory_residual_lgbm,7,448,0.8702534043944775,1.1207543632825545,0.6810495966295846,0.037139020401398985,1.3252879995818412,1.8285119872187987,2.30100140422429,3.5402277498786567,32.20834437754426,32.17120535714286,32.042410714285715,by_month
tminus1_1800,A6_target_memory_residual_lgbm,8,446,0.8976823262430935,1.1385526617782,0.7657309364458555,0.05617479583026799,1.4143213100088587,1.7998256288223988,2.247225124998259,3.7843315167973515,31.86581605143565,31.809641255605378,31.701793721973093,by_month
tminus1_1800,A6_target_memory_residual_lgbm,9,438,0.9181542146509268,1.1694459544589975,0.7358485197293572,-0.03479141069756911,1.5090987911700284,1.9540048015252265,2.278026535942717,3.8199644993401165,31.433016808480513,31.467808219178085,31.358447488584474,by_month
tminus1_1800,A6_target_memory_residual_lgbm,10,419,0.7824586254181335,0.9909885023095262,0.658680222541939,-0.11295585485077173,1.221492967591605,1.6533217207400603,1.956070915101142,3.6954800235035883,28.816161090256628,28.929116945107396,28.768496420047732,by_month
tminus1_1800,A6_target_memory_residual_lgbm,11,367,0.799236004061896,1.0316679376744118,0.6147443769280336,0.07921603317402866,1.2945691805498976,1.706011724193288,2.024884049259676,3.87411996996763,25.429624752520077,25.350408719346046,25.302452316076295,by_month
tminus1_1800,A6_target_memory_residual_lgbm,12,359,0.7650118097405088,0.9610879925891463,0.6519281830767305,0.051383347180182615,1.1932838814566993,1.5504824044501835,1.8102531952589183,4.344809495428233,20.555004517096616,20.503621169916435,20.24233983286908,by_month
tminus1_1800,A7_final_residual_ensemble,1,409,0.8656356130067605,1.067603907748379,0.7742271523303081,-0.008858046638464645,1.3236908675081558,1.7136655694128975,2.0229089666958853,3.730095648376917,19.534662735757625,19.543520782396087,19.273838630806846,by_month
tminus1_1800,A7_final_residual_ensemble,2,376,1.0612900070720324,1.325870606980408,0.8387761769539868,-0.04897192162514196,1.667663676185974,2.14553664340741,2.7451233339796106,3.711146882085945,20.620974886885495,20.669946808510637,20.34840425531915,by_month
tminus1_1800,A7_final_residual_ensemble,3,444,1.1875734330967629,1.478980357058336,1.019359800648541,0.007536349122085907,1.922398992419556,2.432147408168144,2.8185358708889012,4.476817218662621,23.055509322095055,23.04797297297297,22.864864864864863,by_month
tminus1_1800,A7_final_residual_ensemble,4,446,1.1356616935709944,1.3973219364737979,1.0022460515391618,0.04113249822408829,1.8431409260354208,2.241991790535316,2.6331062750312277,3.817609096439849,26.554361197775656,26.513228699551572,26.44103139013453,by_month
tminus1_1800,A7_final_residual_ensemble,5,467,1.086805299866981,1.3761850778758395,0.89256261093945,0.14323571973271626,1.8126127058976635,2.2644149873417456,2.7511014997835206,4.359571289434346,29.387989467056055,29.24475374732334,29.319700214132762,by_month
tminus1_1800,A7_final_residual_ensemble,6,431,0.8169190670006589,1.0246245783596026,0.7085378807235898,0.07853987157633231,1.2995101434875878,1.6604178263665936,2.014955375108931,3.3656919111910675,31.48271620568306,31.40417633410673,31.398839907192574,by_month
tminus1_1800,A7_final_residual_ensemble,7,448,0.8651554707295369,1.1158708718671118,0.6789835621976223,0.030223310262354457,1.3089215783890262,1.8640815555747807,2.3360456646485295,3.574461332406898,32.20142866740521,32.17120535714286,32.042410714285715,by_month
tminus1_1800,A7_final_residual_ensemble,8,446,0.8935088425038537,1.1309953778995632,0.7464438515791336,0.04592899546228088,1.405158012444133,1.809869507234394,2.195753968407537,3.7925009997895245,31.85557025106766,31.809641255605378,31.701793721973093,by_month
tminus1_1800,A7_final_residual_ensemble,9,438,0.9165539760644011,1.1698511778977967,0.7395422720209304,-0.030257272885496397,1.5188104937137665,1.963016304969111,2.271295301758381,3.914669727080266,31.437550946292582,31.467808219178085,31.358447488584474,by_month
tminus1_1800,A7_final_residual_ensemble,10,419,0.7790524327911256,0.9868149424678502,0.6237113629863416,-0.09659436359650964,1.257757358648067,1.677299029424624,1.9279417491438164,3.6424426172705218,28.83252258151089,28.929116945107396,28.768496420047732,by_month
tminus1_1800,A7_final_residual_ensemble,11,367,0.7967170769934656,1.0326704175184025,0.6263507857244335,0.08999262381219364,1.3056617554475096,1.7285762711385537,2.0310686366856214,3.9078058976898866,25.44040134315824,25.350408719346046,25.302452316076295,by_month
tminus1_1800,A7_final_residual_ensemble,12,359,0.7580011895563846,0.9525893385496805,0.6247666818021393,0.03395243593172789,1.1723656780139138,1.5414195037106195,1.8053665753074144,4.179874951744431,20.537573605848163,20.503621169916435,20.24233983286908,by_month
tminus1_1800,A8_direct_lgbm_absolute,1,409,0.9341807510375678,1.1894370588970276,0.81055342137061,0.21954996856056735,1.483438335316542,1.8241773787530213,2.3063246614923347,4.9658173419044385,19.763070750956654,19.543520782396087,19.273838630806846,by_month
tminus1_1800,A8_direct_lgbm_absolute,2,376,1.1619687208612108,1.5158308087382508,0.9390119366549801,0.2120855306994388,1.76513803900324,2.492289255198372,3.113965799678036,5.974847492804566,20.882032339210078,20.669946808510637,20.34840425531915,by_month
tminus1_1800,A8_direct_lgbm_absolute,3,444,1.2141424192801311,1.4957813595767548,1.1284202142941542,0.14059256579575263,1.9691023387094049,2.3902669512371544,2.76175844150089,4.114626867457876,23.188565538768724,23.04797297297297,22.864864864864863,by_month
tminus1_1800,A8_direct_lgbm_absolute,4,446,1.146569701551946,1.4174254894567488,1.0204601301010978,0.10814254751387917,1.840389924400327,2.3416133872593043,2.6998780297548723,4.043042947258865,26.621371247065447,26.513228699551572,26.44103139013453,by_month
tminus1_1800,A8_direct_lgbm_absolute,5,467,1.1296488310759394,1.4080208586522895,0.9893173536453155,0.044812813608814554,1.7546390466596684,2.3687992603946237,2.8147021295714816,4.223835831910719,29.289566560932155,29.24475374732334,29.319700214132762,by_month
tminus1_1800,A8_direct_lgbm_absolute,6,431,0.8655629507104039,1.0688291787749358,0.7308557750169093,-0.10689241831204724,1.4214980306521205,1.7473787746740364,2.0363791230699864,3.0807295261753467,31.297283915794683,31.40417633410673,31.398839907192574,by_month
tminus1_1800,A8_direct_lgbm_absolute,7,448,0.9723298784872964,1.2288759327840428,0.8071422137362791,-0.3354990922327995,1.6005513508402747,2.035882858118998,2.335382848471419,3.577963602452428,31.835706264910055,32.17120535714286,32.042410714285715,by_month
tminus1_1800,A8_direct_lgbm_absolute,8,446,0.9161222628906949,1.1483118084447521,0.7597612887028653,-0.22533910158848072,1.4641169716823512,1.8398823565932005,2.2290657808317675,3.8009815741065296,31.5843021540169,31.809641255605378,31.701793721973093,by_month
tminus1_1800,A8_direct_lgbm_absolute,9,438,0.9445441760109632,1.1965763668184146,0.7796455815390271,-0.2729762110507825,1.5446899774965404,2.0003366115538284,2.309994638261621,3.7207700503773005,31.1948320081273,31.467808219178085,31.358447488584474,by_month
tminus1_1800,A8_direct_lgbm_absolute,10,419,0.8030217981815814,1.0146016158170053,0.6540967436183784,-0.12407349411774808,1.2761633495827045,1.675602326470056,1.9598693089812105,3.9465259387156593,28.80504345098965,28.929116945107396,28.768496420047732,by_month
tminus1_1800,A8_direct_lgbm_absolute,11,367,0.8149856510131193,1.0364318950511833,0.6411606011394575,0.11700530370094359,1.3644674106897796,1.7566284984503298,2.0672261193029833,3.6708617001378485,25.467414023046988,25.350408719346046,25.302452316076295,by_month
tminus1_1800,A8_direct_lgbm_absolute,12,359,0.8086926426569382,1.032041058372057,0.7100822885145917,0.2036510470884341,1.1914386496840936,1.6245354228476603,2.0104056375330956,4.272596968973755,20.707272217004867,20.503621169916435,20.24233983286908,by_month
tminus1_1800,B0_climatology_persistence,1,409,1.9420537897310512,2.502023533140965,1.5499999999999972,-0.579315403422983,3.0,4.195999999999997,5.076,8.600000000000001,18.964205378973105,19.543520782396087,19.273838630806846,by_month
tminus1_1800,B0_climatology_persistence,2,376,2.514468085106383,3.1430758075354936,2.0600000000000005,-0.9751063829787233,4.120000000000001,5.460000000000001,6.1425,8.440000000000001,19.694840425531915,20.669946808510637,20.34840425531915,by_month
tminus1_1800,B0_climatology_persistence,3,444,2.7126126126126127,3.2606632415468444,2.4250000000000007,-0.8774774774774775,4.356000000000003,5.196999999999999,5.98,9.099999999999998,22.170495495495494,23.04797297297297,22.864864864864863,by_month
tminus1_1800,B0_climatology_persistence,4,446,2.3488116591928256,2.7653402956368045,2.254999999999999,-0.7227578475336324,3.620000000000001,4.420000000000002,4.834999999999997,8.040000000000003,25.790470852017943,26.513228699551572,26.44103139013453,by_month
tminus1_1800,B0_climatology_persistence,5,467,2.006338329764454,2.3797960253046213,1.9399999999999977,-0.2919914346895073,3.1559999999999997,3.7120000000000006,4.2139999999999995,6.5,28.95276231263383,29.24475374732334,29.319700214132762,by_month
tminus1_1800,B0_climatology_persistence,6,431,1.434802784222738,1.7301139267504793,1.3000000000000007,-0.4161948955916473,2.3400000000000034,2.6799999999999997,3.0299999999999994,5.800000000000001,30.98798143851508,31.40417633410673,31.398839907192574,by_month
tminus1_1800,B0_climatology_persistence,7,448,1.3877455357142858,1.7113285226688648,1.1949999999999985,-0.15287946428571433,2.1720000000000024,2.7659999999999982,3.4929999999999986,4.600000000000001,32.01832589285714,32.17120535714286,32.042410714285715,by_month
tminus1_1800,B0_climatology_persistence,8,446,1.5256053811659191,1.85495554924804,1.3599999999999994,-0.11426008968609816,2.3399999999999963,2.950000000000003,3.494999999999994,6.260000000000002,31.69538116591928,31.809641255605378,31.701793721973093,by_month
tminus1_1800,B0_climatology_persistence,9,438,1.53324200913242,1.8353925338806023,1.3999999999999968,-0.598310502283105,2.3999999999999986,2.838999999999999,3.2014999999999993,5.199999999999999,30.869497716894976,31.467808219178085,31.358447488584474,by_month
tminus1_1800,B0_climatology_persistence,10,419,1.530310262529833,1.89892696744371,1.3000000000000043,-0.5760859188544154,2.5799999999999996,3.1000000000000014,3.627999999999995,5.700000000000003,28.353031026252978,28.929116945107396,28.768496420047732,by_month
tminus1_1800,B0_climatology_persistence,11,367,1.5946866485013624,2.0050779541403965,1.3000000000000007,-0.44694822888283386,2.577999999999999,3.162000000000002,3.900000000000002,7.0000000000000036,24.903460490463214,25.350408719346046,25.302452316076295,by_month
tminus1_1800,B0_climatology_persistence,12,359,1.9666295264623954,2.5409543532046452,1.6000000000000014,0.07420612813370482,3.319999999999998,4.243999999999998,5.064000000000001,7.960000000000003,20.577827298050142,20.503621169916435,20.24233983286908,by_month
tminus1_1800,D0_A7_reproduction,1,409,0.8656356130067605,1.067603907748379,0.7742271523303081,-0.008858046638464645,1.3236908675081558,1.7136655694128975,2.0229089666958853,3.730095648376917,19.534662735757625,19.543520782396087,19.273838630806846,by_month
tminus1_1800,D0_A7_reproduction,2,376,1.0612900070720324,1.325870606980408,0.8387761769539868,-0.04897192162514196,1.667663676185974,2.14553664340741,2.7451233339796106,3.711146882085945,20.620974886885495,20.669946808510637,20.34840425531915,by_month
tminus1_1800,D0_A7_reproduction,3,444,1.1875734330967629,1.478980357058336,1.019359800648541,0.007536349122085907,1.922398992419556,2.432147408168144,2.8185358708889012,4.476817218662621,23.055509322095055,23.04797297297297,22.864864864864863,by_month
tminus1_1800,D0_A7_reproduction,4,446,1.1356616935709944,1.3973219364737979,1.0022460515391618,0.04113249822408829,1.8431409260354208,2.241991790535316,2.6331062750312277,3.817609096439849,26.554361197775656,26.513228699551572,26.44103139013453,by_month
tminus1_1800,D0_A7_reproduction,5,467,1.086805299866981,1.3761850778758395,0.89256261093945,0.14323571973271626,1.8126127058976635,2.2644149873417456,2.7511014997835206,4.359571289434346,29.387989467056055,29.24475374732334,29.319700214132762,by_month
tminus1_1800,D0_A7_reproduction,6,431,0.8169190670006589,1.0246245783596026,0.7085378807235898,0.07853987157633231,1.2995101434875878,1.6604178263665936,2.014955375108931,3.3656919111910675,31.48271620568306,31.40417633410673,31.398839907192574,by_month
tminus1_1800,D0_A7_reproduction,7,448,0.8651554707295369,1.1158708718671118,0.6789835621976223,0.030223310262354457,1.3089215783890262,1.8640815555747807,2.3360456646485295,3.574461332406898,32.20142866740521,32.17120535714286,32.042410714285715,by_month
tminus1_1800,D0_A7_reproduction,8,446,0.8935088425038537,1.1309953778995632,0.7464438515791336,0.04592899546228088,1.405158012444133,1.809869507234394,2.195753968407537,3.7925009997895245,31.85557025106766,31.809641255605378,31.701793721973093,by_month
tminus1_1800,D0_A7_reproduction,9,438,0.9165539760644011,1.1698511778977967,0.7395422720209304,-0.030257272885496397,1.5188104937137665,1.963016304969111,2.271295301758381,3.914669727080266,31.437550946292582,31.467808219178085,31.358447488584474,by_month
tminus1_1800,D0_A7_reproduction,10,419,0.7790524327911256,0.9868149424678502,0.6237113629863416,-0.09659436359650964,1.257757358648067,1.677299029424624,1.9279417491438164,3.6424426172705218,28.83252258151089,28.929116945107396,28.768496420047732,by_month
tminus1_1800,D0_A7_reproduction,11,367,0.7967170769934656,1.0326704175184025,0.6263507857244335,0.08999262381219364,1.3056617554475096,1.7285762711385537,2.0310686366856214,3.9078058976898866,25.44040134315824,25.350408719346046,25.302452316076295,by_month
tminus1_1800,D0_A7_reproduction,12,359,0.7580011895563846,0.9525893385496805,0.6247666818021393,0.03395243593172789,1.1723656780139138,1.5414195037106195,1.8053665753074144,4.179874951744431,20.537573605848163,20.503621169916435,20.24233983286908,by_month
tminus1_1800,D1_official_residual_memory_shrinkage,1,409,0.8957421291561481,1.1121207507263973,0.7503808256473192,-0.21352873698812683,1.4434117928863608,1.8164540871205188,2.201295150246011,3.9973817114070727,19.32999204540796,19.543520782396087,19.273838630806846,by_month
tminus1_1800,D1_official_residual_memory_shrinkage,2,376,1.0944227563380022,1.3621958170684094,0.9286866740407902,-0.2584446679434925,1.7107599876752033,2.244510959965914,2.79530358242151,3.7470447977628147,20.411502140567148,20.669946808510637,20.34840425531915,by_month
tminus1_1800,D1_official_residual_memory_shrinkage,3,444,1.2295090274447227,1.5328481587928877,0.9850879829450534,-0.13010315107872497,1.9670268565381088,2.495504587858609,2.8936481106017156,4.437977403108462,22.91786982189425,23.04797297297297,22.864864864864863,by_month
tminus1_1800,D1_official_residual_memory_shrinkage,4,446,1.1929773458572737,1.4631026738109756,1.045749325715411,-0.06019684472872575,1.897703707120165,2.329311120647649,2.8075733675685566,4.1506402915577745,26.453031854822843,26.513228699551572,26.44103139013453,by_month
tminus1_1800,D1_official_residual_memory_shrinkage,5,467,1.107735211460018,1.403127474807615,0.9155211491859703,0.07478163967056764,1.7884400770612259,2.4770158980074948,2.7756908111388885,4.461894896350181,29.31953538699391,29.24475374732334,29.319700214132762,by_month
tminus1_1800,D1_official_residual_memory_shrinkage,6,431,0.8156453127232837,1.0235710308396067,0.6655570544695664,-0.012487263312444917,1.3475101054250693,1.6314528852998365,2.003323284785669,3.292886671692351,31.391689070794282,31.40417633410673,31.398839907192574,by_month
tminus1_1800,D1_official_residual_memory_shrinkage,7,448,0.8724915113502483,1.1213069652399692,0.7141576855460592,-0.11322000633741115,1.337605970353976,1.8394707427534813,2.282543226666114,3.6939202262313344,32.057985350805446,32.17120535714286,32.042410714285715,by_month
tminus1_1800,D1_official_residual_memory_shrinkage,8,446,0.9178102779553362,1.1616751108110177,0.7695561337051249,-0.08277757502549929,1.4444624410257134,1.8365884671057433,2.1754605590381395,4.000477373029263,31.726863680579882,31.809641255605378,31.701793721973093,by_month
tminus1_1800,D1_official_residual_memory_shrinkage,9,438,0.9484275043578291,1.2107385668777455,0.7626729386902973,-0.08763007166914855,1.5596462170579153,2.0440822685053495,2.3769362653734225,3.8742762922879415,31.380178147508932,31.467808219178085,31.358447488584474,by_month
tminus1_1800,D1_official_residual_memory_shrinkage,10,419,0.807504665651996,1.0168910663621662,0.6613638965147999,-0.13012557899005117,1.3095598245464413,1.7013064620877885,1.9596729374690596,3.48584358243955,28.798991366117345,28.929116945107396,28.768496420047732,by_month
tminus1_1800,D1_official_residual_memory_shrinkage,11,367,0.8227211583316026,1.06084185330401,0.6455308968221338,-0.028809231014960763,1.291019506640125,1.7567360134729584,2.07698438697371,4.279491257994838,25.32159948833109,25.350408719346046,25.302452316076295,by_month
tminus1_1800,D1_official_residual_memory_shrinkage,12,359,0.8068005036791663,0.9926505562342701,0.6809717656168246,-0.22651694907029968,1.2763566148596854,1.5995902675985583,1.8444928874535622,3.7154618374911728,20.277104220846134,20.503621169916435,20.24233983286908,by_month
tminus1_1800,D2_A3_plus_residual_memory_lgbm,1,409,0.8769232159176634,1.077785444762636,0.7622331249960297,0.0010435440463579856,1.3464459964768951,1.799118629566658,2.1178787989524133,3.597203465457838,19.544564326442444,19.543520782396087,19.273838630806846,by_month
tminus1_1800,D2_A3_plus_residual_memory_lgbm,2,376,1.0730771441938876,1.331625436824701,0.8966388291850507,-0.025169389472490897,1.6451058943128594,2.145753814398711,2.695838962099863,3.853817271812485,20.64477741903815,20.669946808510637,20.34840425531915,by_month
tminus1_1800,D2_A3_plus_residual_memory_lgbm,3,444,1.1869320400811003,1.4943440667848094,0.9938890766858455,0.03419110507579632,1.92320672596728,2.4323652543414704,2.895201017880837,4.752468523271418,23.08216407804877,23.04797297297297,22.864864864864863,by_month
tminus1_1800,D2_A3_plus_residual_memory_lgbm,4,446,1.1453695368468113,1.4243014998255237,1.002003411122102,0.06010918086653643,1.8591052977674458,2.237353455302859,2.6575010308737745,3.9104162965649643,26.573337880418105,26.513228699551572,26.44103139013453,by_month
tminus1_1800,D2_A3_plus_residual_memory_lgbm,5,467,1.0854749130396824,1.373381056932168,0.8827502060251717,0.09661147517176068,1.734951229061904,2.2848152907035253,2.741314032420018,4.3465715513377425,29.3413652224951,29.24475374732334,29.319700214132762,by_month
tminus1_1800,D2_A3_plus_residual_memory_lgbm,6,431,0.8109944081508308,1.0262448841776863,0.6734426129891098,0.06723770111069903,1.3190970335645957,1.6884758317053006,1.9776122333662531,3.2898935386413513,31.47141403521743,31.40417633410673,31.398839907192574,by_month
tminus1_1800,D2_A3_plus_residual_memory_lgbm,7,448,0.8749587629677045,1.1306361863467485,0.6894625119856173,0.005298394146447076,1.3701326921677663,1.8790088398730698,2.291461376875846,3.503967630384331,32.1765037512893,32.17120535714286,32.042410714285715,by_month
tminus1_1800,D2_A3_plus_residual_memory_lgbm,8,446,0.8931355015479966,1.1286074014549408,0.7564991904044085,-0.017022382074662223,1.4016124393517089,1.8538003036755573,2.2063456936966066,3.801190956770043,31.792618873530717,31.809641255605378,31.701793721973093,by_month
tminus1_1800,D2_A3_plus_residual_memory_lgbm,9,438,0.9168474201755655,1.1725896674847636,0.7265244258454047,-0.0437067724452381,1.5009219793781479,1.962858961146514,2.348649041969629,3.6966083515835244,31.424101446732845,31.467808219178085,31.358447488584474,by_month
tminus1_1800,D2_A3_plus_residual_memory_lgbm,10,419,0.784864721908562,0.9911369038008755,0.6381150776875835,-0.051025141609976926,1.2559310425893473,1.6244286070502503,1.9039631744960124,3.7144456680564417,28.87809180349742,28.929116945107396,28.768496420047732,by_month
tminus1_1800,D2_A3_plus_residual_memory_lgbm,11,367,0.7980380200500301,1.0356269361730202,0.6188056797040353,0.14438328741771977,1.2889780099807637,1.769080448523374,2.106087736430166,3.599227133607055,25.494792006763767,25.350408719346046,25.302452316076295,by_month
tminus1_1800,D2_A3_plus_residual_memory_lgbm,12,359,0.7801443895683069,0.97489296224067,0.6879154752561192,0.08445101381635851,1.1682949510169438,1.5732100624236407,1.8915083948209657,3.8853851342040997,20.588072183732795,20.503621169916435,20.24233983286908,by_month
tminus1_1800,D3_pruned_full_plus_residual_memory_lgbm,1,409,0.8611725469877334,1.0647670011258594,0.7550639157700161,0.0362325018745023,1.3531571151099415,1.710329128502887,2.027016250460123,3.5516340052731223,19.57975328427059,19.543520782396087,19.273838630806846,by_month
tminus1_1800,D3_pruned_full_plus_residual_memory_lgbm,2,376,1.0609899120752935,1.3276005319621347,0.8620660579485655,-0.01971859411692325,1.6279010996851468,2.1024322075781505,2.6901504661053526,3.679580481400219,20.650228214393714,20.669946808510637,20.34840425531915,by_month
tminus1_1800,D3_pruned_full_plus_residual_memory_lgbm,3,444,1.1887126138293638,1.4851474142595547,1.0296053656055566,0.023392625278555085,1.8834649697486492,2.472541159686004,2.8311595200238755,4.6334149367750115,23.071365598251525,23.04797297297297,22.864864864864863,by_month
tminus1_1800,D3_pruned_full_plus_residual_memory_lgbm,4,446,1.1404263341022534,1.4059692380540283,0.9945378586812694,0.030418321353073565,1.801844826750333,2.229398856700481,2.7410670867618556,3.7608917272572953,26.543647020904647,26.513228699551572,26.44103139013453,by_month
tminus1_1800,D3_pruned_full_plus_residual_memory_lgbm,5,467,1.0873352600826254,1.3795082959252767,0.903190723430626,0.12214036818817212,1.750308276602094,2.254703704040741,2.827183197661151,4.437663428847813,29.366894115511517,29.24475374732334,29.319700214132762,by_month
tminus1_1800,D3_pruned_full_plus_residual_memory_lgbm,6,431,0.8118289657240627,1.0214088895657425,0.6818803214291265,0.07913138041262475,1.3212437194594884,1.6894395383272887,1.9885209175423704,3.2728377493743253,31.483307714519356,31.40417633410673,31.398839907192574,by_month
tminus1_1800,D3_pruned_full_plus_residual_memory_lgbm,7,448,0.8709999300766361,1.123984109803998,0.6874067915188142,0.00423248482874231,1.3607638465616945,1.8850732168457232,2.3220087724156624,3.4375453384054424,32.1754378419716,32.17120535714286,32.042410714285715,by_month
tminus1_1800,D3_pruned_full_plus_residual_memory_lgbm,8,446,0.8917085361458265,1.1257574596898865,0.7834211235712409,0.018803801878594303,1.3801936182703223,1.823294290516106,2.2091827953529064,3.6772673013282144,31.82844505748397,31.809641255605378,31.701793721973093,by_month
tminus1_1800,D3_pruned_full_plus_residual_memory_lgbm,9,438,0.9186845539148354,1.173691477825341,0.7355351769037952,-0.04472538401906982,1.54394528235083,1.9494215464517026,2.2956718318008793,3.7902453499898243,31.423082835159008,31.467808219178085,31.358447488584474,by_month
tminus1_1800,D3_pruned_full_plus_residual_memory_lgbm,10,419,0.7919909766771361,0.9998311363658089,0.6498605515915195,-0.08988188977931326,1.2565997443646237,1.6918337804231343,1.9404705822949997,3.5862242248826135,28.839235055328086,28.929116945107396,28.768496420047732,by_month
tminus1_1800,D3_pruned_full_plus_residual_memory_lgbm,11,367,0.8058150198211933,1.037065618655182,0.6228698089413314,0.10663361234755629,1.3041099612559586,1.753341199454527,2.074195429452213,3.759077091925626,25.457042331693607,25.350408719346046,25.302452316076295,by_month
tminus1_1800,D3_pruned_full_plus_residual_memory_lgbm,12,359,0.7673824585528107,0.9649491072364941,0.6445762283399574,0.06128698072945635,1.2143517115985,1.527907526354925,1.8288415026410771,4.022362670703423,20.564908150645888,20.503621169916435,20.24233983286908,by_month
tminus1_1800,D4_residual_memory_constrained_stack,1,409,0.862429608081062,1.0637475377691596,0.7756401654626117,0.0071629765907712285,1.3442174496966819,1.6982715715027865,2.0546465710533806,3.677065949865028,19.55068375898686,19.543520782396087,19.273838630806846,by_month
tminus1_1800,D4_residual_memory_constrained_stack,2,376,1.0665025667105554,1.3287851210953698,0.8662383651340395,-0.024125698105622075,1.6493829235093749,2.174888577045122,2.679917713293251,3.8023418435630383,20.645821110405013,20.669946808510637,20.34840425531915,by_month
tminus1_1800,D4_residual_memory_constrained_stack,3,444,1.1885302018358637,1.4808962253661069,1.0336079809471421,0.014957055670719673,1.967636060932709,2.4066708989502223,2.8426885891528095,4.499239532825307,23.062930028643695,23.04797297297297,22.864864864864863,by_month
tminus1_1800,D4_residual_memory_constrained_stack,4,446,1.1341348178638415,1.4005634080377325,1.0316084431713026,0.03598277389220506,1.8558399312912357,2.2255029185332447,2.617852832879131,3.8101560744237517,26.549211473443773,26.513228699551572,26.44103139013453,by_month
tminus1_1800,D4_residual_memory_constrained_stack,5,467,1.082617809242036,1.370533702791138,0.8762160522520865,0.1385390209994799,1.7758013378757356,2.2585526741164186,2.7597521031823824,4.381891424147973,29.383292768322818,29.24475374732334,29.319700214132762,by_month
tminus1_1800,D4_residual_memory_constrained_stack,6,431,0.8146275303296171,1.023634827299767,0.6849165881465851,0.07968972241004048,1.3102459156406177,1.6595084795546526,1.993886699980898,3.2295468776929717,31.483866056516767,31.40417633410673,31.398839907192574,by_month
tminus1_1800,D4_residual_memory_constrained_stack,7,448,0.8659666468804433,1.116456628690951,0.6672780676920667,0.01907822349761968,1.363403226704891,1.9400201272922744,2.282948847127753,3.5028193696631007,32.190283580640475,32.17120535714286,32.042410714285715,by_month
tminus1_1800,D4_residual_memory_constrained_stack,8,446,0.882916099386904,1.119199250910458,0.7454704537089789,0.029781998172533904,1.4002334607272964,1.794160977887639,2.1869065880218743,3.640741338991347,31.83942325377792,31.809641255605378,31.701793721973093,by_month
tminus1_1800,D4_residual_memory_constrained_stack,9,438,0.911286330260965,1.1638881087786082,0.7278268151733016,-0.031705899172515414,1.5048757899604812,1.9773915825723682,2.3282063400595643,3.9315364163466633,31.436102320005567,31.467808219178085,31.358447488584474,by_month
tminus1_1800,D4_residual_memory_constrained_stack,10,419,0.7713076575044072,0.9790784603985768,0.6253981268027502,-0.07543338795712017,1.2554502198176027,1.6543207651185623,1.9134973826162052,3.5776223629362462,28.85368355715028,28.929116945107396,28.768496420047732,by_month
tminus1_1800,D4_residual_memory_constrained_stack,11,367,0.794592163934678,1.027869808455863,0.5981632598657178,0.11540929441063642,1.310702981538971,1.7331344389381478,2.06111285507339,3.8571138226270243,25.46581801375668,25.350408719346046,25.302452316076295,by_month
tminus1_1800,D4_residual_memory_constrained_stack,12,359,0.7553638365713056,0.9522497538596011,0.6461018006042138,0.05104133750893538,1.159382257345222,1.5359867394755824,1.854689175433067,4.079363557899427,20.55466250742537,20.503621169916435,20.24233983286908,by_month
tminus1_1800,D5_conservative_A7_plus_memory_blend,1,409,0.8623913007267937,1.0637052771053948,0.7756401654626117,0.004146563506909865,1.3504328207683727,1.6982715715027865,2.0546465710533806,3.677065949865028,19.547667345902997,19.543520782396087,19.273838630806846,by_month
tminus1_1800,D5_conservative_A7_plus_memory_blend,2,376,1.0657127651792917,1.328212751721925,0.8524883403053263,-0.02718069023204929,1.6475161216415763,2.174888577045122,2.679917713293251,3.8023418435630383,20.64276611827859,20.669946808510637,20.34840425531915,by_month
tminus1_1800,D5_conservative_A7_plus_memory_blend,3,444,1.1885909203573584,1.4811815418889205,1.0336079809471421,0.012387079080726485,1.967636060932709,2.4066708989502223,2.8426885891528095,4.499239532825307,23.0603600520537,23.04797297297297,22.864864864864863,by_month
tminus1_1800,D5_conservative_A7_plus_memory_blend,4,446,1.1344225249808377,1.4006063843281666,1.0316084431713026,0.03569506677520875,1.8558399312912357,2.2255029185332447,2.617852832879131,3.8101560744237517,26.548923766326777,26.513228699551572,26.44103139013453,by_month
tminus1_1800,D5_conservative_A7_plus_memory_blend,5,467,1.082617809242036,1.370533702791138,0.8762160522520865,0.1385390209994799,1.7758013378757356,2.2585526741164186,2.7597521031823824,4.381891424147973,29.383292768322818,29.24475374732334,29.319700214132762,by_month
tminus1_1800,D5_conservative_A7_plus_memory_blend,6,431,0.8145672158385752,1.0235486210869018,0.6849165881465851,0.0797500369010823,1.3102459156406177,1.6595084795546526,1.993886699980898,3.2295468776929717,31.483926371007815,31.40417633410673,31.398839907192574,by_month
tminus1_1800,D5_conservative_A7_plus_memory_blend,7,448,0.8659666468804433,1.116456628690951,0.6672780676920667,0.01907822349761968,1.363403226704891,1.9400201272922744,2.282948847127753,3.5028193696631007,32.190283580640475,32.17120535714286,32.042410714285715,by_month
tminus1_1800,D5_conservative_A7_plus_memory_blend,8,446,0.8832780896238943,1.1194463117507953,0.7462750571892904,0.02923516027719171,1.4002334607272964,1.794160977887639,2.1869065880218743,3.640741338991347,31.838876415882574,31.809641255605378,31.701793721973093,by_month
tminus1_1800,D5_conservative_A7_plus_memory_blend,9,438,0.9115190221048056,1.1642877009526196,0.7278268151733016,-0.031938591016356,1.5048757899604812,1.9941246223748503,2.3282063400595643,3.9315364163466633,31.435869628161726,31.467808219178085,31.358447488584474,by_month
tminus1_1800,D5_conservative_A7_plus_memory_blend,10,419,0.7713197902237406,0.9790926795727296,0.6253981268027502,-0.07544552067645335,1.2554502198176027,1.6543207651185623,1.9134973826162052,3.5776223629362462,28.85367142443095,28.929116945107396,28.768496420047732,by_month
tminus1_1800,D5_conservative_A7_plus_memory_blend,11,367,0.7944259764513555,1.0276751065773284,0.5981632598657178,0.11520463604619668,1.310702981538971,1.7331344389381478,2.06111285507339,3.8571138226270243,25.465613355392247,25.350408719346046,25.302452316076295,by_month
tminus1_1800,D5_conservative_A7_plus_memory_blend,12,359,0.7543708674569296,0.9515810352922628,0.6449506125167837,0.04949532881640058,1.155586642510832,1.5359867394755824,1.854689175433067,4.079363557899427,20.553116498732837,20.503621169916435,20.24233983286908,by_month
tminus1_2100,A0_raw_official,1,410,0.9034146341463416,1.1218234285653195,0.8000000000000007,-0.27121951219512197,1.3999999999999986,1.8000000000000007,2.1999999999999993,4.0,19.270731707317072,19.541951219512196,19.270731707317072,by_month
tminus1_2100,A0_raw_official,2,380,1.1071052631578948,1.3799980930574163,0.8999999999999986,-0.3202631578947369,1.7199999999999984,2.3000000000000007,2.8999999999999986,3.8000000000000007,20.326315789473686,20.646578947368422,20.326315789473686,by_month
tminus1_2100,A0_raw_official,3,447,1.2239373601789711,1.5342109150931795,1.0,-0.18098434004474273,2.0,2.5,2.8999999999999986,4.600000000000001,22.859060402684563,23.04004474272931,22.859060402684563,by_month
tminus1_2100,A0_raw_official,4,447,1.1825503355704698,1.4478248747721352,1.1000000000000014,-0.0702460850111856,1.8999999999999986,2.3000000000000007,2.8000000000000007,4.0,26.43847874720358,26.508724832214767,26.43847874720358,by_month
tminus1_2100,A0_raw_official,5,472,1.0815677966101696,1.374194679421061,0.8999999999999986,0.05021186440677972,1.7000000000000022,2.3999999999999986,2.8000000000000007,4.5,29.328389830508474,29.278177966101694,29.328389830508474,by_month
tminus1_2100,A0_raw_official,6,435,0.8188505747126439,1.0306788299827996,0.6999999999999993,-0.0004597701149425353,1.3999999999999986,1.6999999999999993,2.0,3.3000000000000007,31.404597701149424,31.40505747126437,31.404597701149424,by_month
tminus1_2100,A0_raw_official,7,454,0.8680616740088105,1.1215058316373014,0.7000000000000028,-0.1306167400881057,1.3000000000000007,1.869999999999998,2.299999999999997,3.700000000000003,32.059471365638764,32.19008810572687,32.059471365638764,by_month
tminus1_2100,A0_raw_official,8,448,0.919419642857143,1.1601743249553984,0.7999999999999972,-0.10290178571428561,1.4600000000000017,1.8999999999999986,2.200000000000003,3.6000000000000014,31.700892857142858,31.803794642857145,31.700892857142858,by_month
tminus1_2100,A0_raw_official,9,440,0.9400000000000001,1.1992232334458683,0.7999999999999972,-0.09999999999999994,1.6000000000000014,2.0,2.3999999999999986,3.8999999999999986,31.363636363636363,31.463636363636365,31.363636363636363,by_month
tminus1_2100,A0_raw_official,10,423,0.791016548463357,1.0003309145149315,0.6999999999999993,-0.15555555555555547,1.3000000000000007,1.6999999999999993,1.8999999999999986,3.3999999999999986,28.77777777777778,28.93333333333333,28.77777777777778,by_month
tminus1_2100,A0_raw_official,11,369,0.8222222222222222,1.0616753136174522,0.6999999999999993,-0.04986449864498645,1.3000000000000007,1.8000000000000007,2.0599999999999974,4.300000000000001,25.289972899728998,25.339837398373987,25.289972899728998,by_month
tminus1_2100,A0_raw_official,12,363,0.8016528925619835,0.9885292522958681,0.6999999999999993,-0.26225895316804415,1.3000000000000007,1.6000000000000014,1.8000000000000007,3.6999999999999993,20.234159779614323,20.49641873278237,20.234159779614323,by_month
tminus1_2100,A1_grouped_residual,1,410,0.8854775635509978,1.0895401540466312,0.7564838550892592,-0.06050730501300974,1.4140106680596707,1.740221632314027,2.1692495957210634,3.7485170150403633,19.481443914499184,19.541951219512196,19.270731707317072,by_month
tminus1_2100,A1_grouped_residual,2,380,1.0822273803400135,1.3431780228924128,0.8879762286978323,-0.06397398383388689,1.74634018886901,2.253664172111507,2.666606160515446,3.532835119884634,20.58260496353454,20.646578947368422,20.326315789473686,by_month
tminus1_2100,A1_grouped_residual,3,447,1.2158177605534983,1.5240778591180715,0.9986183093641081,0.012118193784968806,1.9594454122624179,2.514771469743991,2.936702324983567,4.381691694902987,23.052162936514275,23.04004474272931,22.859060402684563,by_month
tminus1_2100,A1_grouped_residual,4,447,1.1764435219898757,1.445719084287006,1.0339965667494297,0.07632862645771529,1.896774294900311,2.2945677442746586,2.741952831219504,3.937618789524297,26.585053458672483,26.508724832214767,26.43847874720358,by_month
tminus1_2100,A1_grouped_residual,5,472,1.08775448067566,1.3792981421664436,0.8542341715726494,0.12837461978677708,1.788851325003752,2.3917430877209274,2.7420280162608366,4.437715255792188,29.406552585888473,29.278177966101694,29.328389830508474,by_month
tminus1_2100,A1_grouped_residual,6,435,0.8200016012343976,1.0317371245208882,0.6702287347224996,0.03698100034647224,1.3583278878789842,1.6519252282726873,2.028181937942737,3.3445304936491915,31.44203847161084,31.40505747126437,31.404597701149424,by_month
tminus1_2100,A1_grouped_residual,7,454,0.8628334651907249,1.1153741838713669,0.708567576401034,-0.04990479764349935,1.316729775764589,1.8342306278685996,2.3062932004505914,3.608702803139014,32.14018330808337,32.19008810572687,32.059471365638764,by_month
tminus1_2100,A1_grouped_residual,8,448,0.9161980683892516,1.156524940525868,0.763061321301695,-0.05334498470677141,1.4532446928021656,1.8485623841978318,2.2287411026395936,3.555044569115381,31.75044965815037,31.803794642857145,31.700892857142858,by_month
tminus1_2100,A1_grouped_residual,9,440,0.9380587531537062,1.1948082724997848,0.753390819476099,-0.026107985464070626,1.554882168045015,2.006532545779037,2.3765908844415264,3.7410798279460877,31.437528378172292,31.463636363636365,31.363636363636363,by_month
tminus1_2100,A1_grouped_residual,10,423,0.7805875713381738,0.9864110528980229,0.6303472628501687,-0.053294576018505235,1.2687679553750544,1.6485261199413046,1.8978734351391924,3.500967197157202,28.880038757314832,28.93333333333333,28.77777777777778,by_month
tminus1_2100,A1_grouped_residual,11,369,0.8169031116473552,1.0599200420100099,0.6478657920960949,0.11282578048394995,1.3215033876852922,1.8582374152175611,2.1192117675024194,4.085810840123191,25.452663178857936,25.339837398373987,25.289972899728998,by_month
tminus1_2100,A1_grouped_residual,12,363,0.7657227243031473,0.9500369078557904,0.6408029014009031,-0.001828985906976684,1.2188059285829043,1.4640744005222914,1.794861444702089,3.957818744264646,20.494589746875395,20.49641873278237,20.234159779614323,by_month
tminus1_2100,A2_revision_residual_lgbm,1,410,0.8810275158213184,1.0858551221581847,0.7509781304202239,-0.04640094911829814,1.4269948634132308,1.7531175415504905,2.1499902992207125,3.847587105074009,19.495550270393895,19.541951219512196,19.270731707317072,by_month
tminus1_2100,A2_revision_residual_lgbm,2,380,1.0588115313174866,1.325145762849237,0.880166607574882,0.01789578518451446,1.7370390245062595,2.1841952067726096,2.6713712492993977,3.4477568986922407,20.664474732552936,20.646578947368422,20.326315789473686,by_month
tminus1_2100,A2_revision_residual_lgbm,3,447,1.1837383023687906,1.4993091370751133,0.967969637605087,0.049948907068988024,1.9707462752830207,2.510072893825007,2.980262788846895,4.3980682309431565,23.089993649798295,23.04004474272931,22.859060402684563,by_month
tminus1_2100,A2_revision_residual_lgbm,4,447,1.1503751188883107,1.4211748421449835,0.9809445817816886,0.06145744589917529,1.8442556224442974,2.2798303691221635,2.552460371678014,3.873792804176137,26.570182278113943,26.508724832214767,26.43847874720358,by_month
tminus1_2100,A2_revision_residual_lgbm,5,472,1.0705876689864526,1.3631173336397073,0.8576669530025995,0.06990304674079087,1.7066011845409472,2.284422460870408,2.7383717011408875,4.599205387695722,29.34808101284249,29.278177966101694,29.328389830508474,by_month
tminus1_2100,A2_revision_residual_lgbm,6,435,0.8356482156711148,1.049213363882173,0.6984762369000492,0.04435159997306807,1.406816890087176,1.688757840585082,2.0415486899758264,2.968502763053827,31.449409071237437,31.40505747126437,31.404597701149424,by_month
tminus1_2100,A2_revision_residual_lgbm,7,454,0.8634057432224475,1.116288643783824,0.6694978219633008,-0.037946450473479096,1.2863421779363144,1.8599659932329686,2.3121368454149613,3.736703616774914,32.152141655253395,32.19008810572687,32.059471365638764,by_month
tminus1_2100,A2_revision_residual_lgbm,8,448,0.906017132802199,1.144553500748692,0.7680132663926074,-0.016260037445785247,1.4324948729882994,1.8336492332795253,2.2802619191714286,3.5905713067953684,31.787534605411356,31.803794642857145,31.700892857142858,by_month
tminus1_2100,A2_revision_residual_lgbm,9,440,0.9169747195067857,1.1778144511355253,0.7385831151788445,0.013511928927991359,1.4991723821281817,2.0510768484621944,2.3676129965324564,3.5313129144835003,31.477148292564355,31.463636363636365,31.363636363636363,by_month
tminus1_2100,A2_revision_residual_lgbm,10,423,0.7740458973592268,0.983126694150124,0.6602710176853677,-0.026073555993537206,1.2263760058225148,1.597657911302376,1.9249064890551801,3.522485628930127,28.907259777339796,28.93333333333333,28.77777777777778,by_month
tminus1_2100,A2_revision_residual_lgbm,11,369,0.8107073480412745,1.0524849617138934,0.646046414209362,0.16537918160375997,1.2999699378300775,1.7931077983247155,2.113375893786695,3.9406670104361723,25.505216579977745,25.339837398373987,25.289972899728998,by_month
tminus1_2100,A2_revision_residual_lgbm,12,363,0.7746285768816938,0.9662318351684765,0.6692037097887749,0.14470486389285325,1.205411312342725,1.524731205264821,1.8583459996358695,4.167199818790717,20.64112359667522,20.49641873278237,20.234159779614323,by_month
tminus1_2100,A3_hko_hourly_state_residual_lgbm,1,410,0.8492766852716759,1.0559642871379882,0.745301685049391,-0.023768367978264805,1.3483274744807412,1.7128078693828468,2.0003284833768293,3.659933254121654,19.51818285153393,19.541951219512196,19.270731707317072,by_month
tminus1_2100,A3_hko_hourly_state_residual_lgbm,2,380,1.055366185083771,1.322398854695805,0.8676698521140374,0.010243410572134874,1.7365316257644554,2.193986726824172,2.6655902874949096,3.8945760320923846,20.65682235794056,20.646578947368422,20.326315789473686,by_month
tminus1_2100,A3_hko_hourly_state_residual_lgbm,3,447,1.1714164063192611,1.4655298088942494,1.0068009709729893,0.03389099481956878,1.9217081981980877,2.3340774013814687,2.8847655637376053,4.731047091260816,23.07393573754888,23.04004474272931,22.859060402684563,by_month
tminus1_2100,A3_hko_hourly_state_residual_lgbm,4,447,1.1297685458609437,1.3944195690611314,0.9958006613863439,0.027504570801703855,1.7897604237548188,2.245343656656807,2.701602083687223,4.266302986793409,26.53622940301647,26.508724832214767,26.43847874720358,by_month
tminus1_2100,A3_hko_hourly_state_residual_lgbm,5,472,1.0526900298193544,1.3478602122413867,0.8279479017456666,0.08151266761831681,1.684949925247271,2.32583654456553,2.7423855849991194,4.617392060371607,29.35969063372001,29.278177966101694,29.328389830508474,by_month
tminus1_2100,A3_hko_hourly_state_residual_lgbm,6,435,0.8194512795897263,1.0301834249870594,0.6903286894864138,0.07139324759847811,1.3428299365425675,1.7181527027945673,2.0389571914921496,3.1872019638053324,31.47645071886285,31.40505747126437,31.404597701149424,by_month
tminus1_2100,A3_hko_hourly_state_residual_lgbm,7,454,0.8534579865296867,1.11266151637728,0.6640694327630392,-0.012715816850898997,1.3123467006915484,1.9120594361346193,2.3119436089627277,3.7905206022589297,32.17737228887597,32.19008810572687,32.059471365638764,by_month
tminus1_2100,A3_hko_hourly_state_residual_lgbm,8,448,0.8825740931347797,1.1194172375568237,0.7604788454956672,0.015196925173393803,1.3900863436154427,1.8538346795711746,2.2037708309936153,3.482348587923841,31.818991568030537,31.803794642857145,31.700892857142858,by_month
tminus1_2100,A3_hko_hourly_state_residual_lgbm,9,440,0.8947338882094183,1.1600117995263866,0.6933526443471045,-0.0010797242371760809,1.4846985152486645,1.9439200455588024,2.3388499060529004,3.7932312083244852,31.462556639399185,31.463636363636365,31.363636363636363,by_month
tminus1_2100,A3_hko_hourly_state_residual_lgbm,10,423,0.7663343538100064,0.9726270316470088,0.6300994098783974,-0.050930127417596456,1.275580290738813,1.551186429070809,1.8172400357868215,3.647218292091189,28.882403205915736,28.93333333333333,28.77777777777778,by_month
tminus1_2100,A3_hko_hourly_state_residual_lgbm,11,369,0.8028926183738033,1.0380352301799318,0.6015844201366853,0.14480234257538993,1.2811785278593513,1.7171583231895253,2.077303868766542,3.723038587207096,25.484639740949373,25.339837398373987,25.289972899728998,by_month
tminus1_2100,A3_hko_hourly_state_residual_lgbm,12,363,0.7452684403413907,0.9294095840875716,0.6711712613404899,0.10745135161833994,1.1668226705119722,1.4954409052587643,1.7503433826928387,3.8802533839376068,20.603870084400707,20.49641873278237,20.234159779614323,by_month
tminus1_2100,A4_network_gradients_residual_lgbm,1,410,0.8448260879339956,1.052701916811161,0.7587124427354626,0.013008594643795607,1.3751096333175092,1.7283348091364095,2.0542994358678626,3.4800661773858543,19.55495981415599,19.541951219512196,19.270731707317072,by_month
tminus1_2100,A4_network_gradients_residual_lgbm,2,380,1.0555639319476353,1.3217142379294575,0.863282131355632,0.008814203328886164,1.704854772447389,2.1576538360134068,2.6387678146873297,3.5448221730298677,20.65539315069731,20.646578947368422,20.326315789473686,by_month
tminus1_2100,A4_network_gradients_residual_lgbm,3,447,1.1794882050599413,1.4687394091598196,0.9916809448637238,0.04501912393217849,1.9069746905474425,2.405228559813582,2.871246896990738,4.759491170235755,23.085063866661482,23.04004474272931,22.859060402684563,by_month
tminus1_2100,A4_network_gradients_residual_lgbm,4,447,1.1330859406260743,1.3946310217757651,0.997135161188698,0.028063954514749374,1.7844926249393624,2.255634716589529,2.7431836637106217,4.311282502538489,26.536788786729513,26.508724832214767,26.43847874720358,by_month
tminus1_2100,A4_network_gradients_residual_lgbm,5,472,1.0605831748099679,1.3523247744958704,0.8279907506741164,0.08486525093134425,1.6985572274994916,2.283576387649478,2.7317845134038468,4.463566118089879,29.36304321703304,29.278177966101694,29.328389830508474,by_month
tminus1_2100,A4_network_gradients_residual_lgbm,6,435,0.8186039379325147,1.0336612823638227,0.686493191528669,0.07528595714486883,1.319939895397173,1.695234096508054,1.9837962510618414,3.20552633831619,31.48034342840924,31.40505747126437,31.404597701149424,by_month
tminus1_2100,A4_network_gradients_residual_lgbm,7,454,0.8550987182890346,1.1134197889274997,0.6570854774927177,0.0009205782467019528,1.3313180231275532,1.8545556842774666,2.356025094671024,3.8414414177732503,32.19100868397357,32.19008810572687,32.059471365638764,by_month
tminus1_2100,A4_network_gradients_residual_lgbm,8,448,0.897980135786943,1.1339706620180745,0.7677794461846332,0.01286113922976143,1.4038136714646074,1.865767813849393,2.213736917538541,3.5793101196485075,31.816655782086904,31.803794642857145,31.700892857142858,by_month
tminus1_2100,A4_network_gradients_residual_lgbm,9,440,0.9107790194736641,1.1684995470950907,0.7242521137480082,-0.0015683433480779788,1.4983966509596602,1.9639720964109355,2.330536662147029,3.676196030465295,31.46206802028829,31.463636363636365,31.363636363636363,by_month
tminus1_2100,A4_network_gradients_residual_lgbm,10,423,0.7665516149198082,0.9737506501883618,0.6198674339429147,-0.03941439213601829,1.258500093270046,1.6147729475265507,1.8903132099767588,3.4013869806570867,28.893918941197317,28.93333333333333,28.77777777777778,by_month
tminus1_2100,A4_network_gradients_residual_lgbm,11,369,0.789719518157882,1.033421863924333,0.6086849043853135,0.15240725234938238,1.2642170399259485,1.7073987415128113,2.1253699519685316,4.061447041008162,25.492244650723368,25.339837398373987,25.289972899728998,by_month
tminus1_2100,A4_network_gradients_residual_lgbm,12,363,0.7413733769373942,0.9281830899568712,0.6417378602302186,0.10125947743861462,1.1905244271491804,1.4893284126938526,1.7563065468232784,3.9031696494960926,20.597678210220984,20.49641873278237,20.234159779614323,by_month
tminus1_2100,A5_text_warning_residual_lgbm,1,410,0.8419389665935206,1.0479455235592186,0.750544963851782,0.011665714742203105,1.3333435434290657,1.6862424349545284,2.0537566869992725,3.5127425079342522,19.553616934254396,19.541951219512196,19.270731707317072,by_month
tminus1_2100,A5_text_warning_residual_lgbm,2,380,1.0655718878017153,1.3344841842481239,0.8486816787297151,-0.0007542261972375333,1.7215902082540684,2.0927457422822515,2.7080163983866976,3.584898626358118,20.645824721171184,20.646578947368422,20.326315789473686,by_month
tminus1_2100,A5_text_warning_residual_lgbm,3,447,1.1826620491165698,1.4708496910015603,1.004295334057531,0.04654899233041208,1.950044468458404,2.394469026491025,2.881502364031878,4.752913346609905,23.086593735059722,23.04004474272931,22.859060402684563,by_month
tminus1_2100,A5_text_warning_residual_lgbm,4,447,1.1358176923651035,1.3985272753062794,1.0329125416596554,0.03193638126626767,1.7883496108507089,2.23420783299104,2.680970029517175,4.427463418136387,26.540661213481034,26.508724832214767,26.43847874720358,by_month
tminus1_2100,A5_text_warning_residual_lgbm,5,472,1.0607374685553348,1.3570438531008442,0.8230305532037399,0.07438581038468403,1.733514226494471,2.3270839747841663,2.7515060578257566,4.54803803019837,29.35256377648638,29.278177966101694,29.328389830508474,by_month
tminus1_2100,A5_text_warning_residual_lgbm,6,435,0.8193291930923539,1.0349275193907863,0.694002483126205,0.07992508324357213,1.3305011142613483,1.7138097271021657,1.9910313574596221,3.263824965769789,31.484982554507937,31.40505747126437,31.404597701149424,by_month
tminus1_2100,A5_text_warning_residual_lgbm,7,454,0.853188168584716,1.1150416073341627,0.6653541926441839,-0.0031915701065139677,1.3355866998910046,1.8777332400374624,2.349038272178102,3.930057691889676,32.18689653562036,32.19008810572687,32.059471365638764,by_month
tminus1_2100,A5_text_warning_residual_lgbm,8,448,0.8969653964591011,1.1328730303860635,0.7694192749106001,0.009738018310869123,1.446224229481898,1.8379248547819298,2.159495707874974,3.5680832131246447,31.81353266116801,31.803794642857145,31.700892857142858,by_month
tminus1_2100,A5_text_warning_residual_lgbm,9,440,0.9096701147258763,1.1645455099045838,0.7422027577367416,-0.006269921772306644,1.5372788985105859,1.8638503164893605,2.327653871545808,3.7711643507479167,31.457366441864053,31.463636363636365,31.363636363636363,by_month
tminus1_2100,A5_text_warning_residual_lgbm,10,423,0.7659043917511387,0.9712536799401827,0.615807825725927,-0.034726764005190446,1.2779570502350186,1.5881596066239339,1.929025430361158,3.4669356759880756,28.898606569328145,28.93333333333333,28.77777777777778,by_month
tminus1_2100,A5_text_warning_residual_lgbm,11,369,0.7940808674744083,1.0346535444619729,0.617046694994638,0.14940192677667985,1.2664691956740384,1.7451932070317224,2.065924836527535,4.181321592702918,25.48923932515066,25.339837398373987,25.289972899728998,by_month
tminus1_2100,A5_text_warning_residual_lgbm,12,363,0.7376066356612027,0.9249315396378657,0.6427469017426901,0.08767402987125238,1.182978556419846,1.525723030046499,1.7601454534140581,3.839343524419988,20.584092762653622,20.49641873278237,20.234159779614323,by_month
tminus1_2100,A6_target_memory_residual_lgbm,1,410,0.8430996151311739,1.0509410396281584,0.7647637561168708,0.008266837564337085,1.3541833096337508,1.6691677169280645,1.995799261805766,3.4046441484912684,19.55021805707653,19.541951219512196,19.270731707317072,by_month
tminus1_2100,A6_target_memory_residual_lgbm,2,380,1.0596475206904616,1.3215060659518312,0.8757876779082441,-0.005899970587556705,1.7103783228906677,2.1915726034090985,2.6946725964889877,3.441221505200442,20.640678976780862,20.646578947368422,20.326315789473686,by_month
tminus1_2100,A6_target_memory_residual_lgbm,3,447,1.1733550902853114,1.465378286958117,0.9993575495553166,0.04788905810668783,1.9134637715653178,2.386418064888677,2.8072764849727574,4.551030046476466,23.087933800835998,23.04004474272931,22.859060402684563,by_month
tminus1_2100,A6_target_memory_residual_lgbm,4,447,1.123509784583443,1.3845689030379356,1.006658583314632,0.04087658313366359,1.7732746327820572,2.176153391615776,2.6146416543142594,4.056315356615677,26.54960141534843,26.508724832214767,26.43847874720358,by_month
tminus1_2100,A6_target_memory_residual_lgbm,5,472,1.0596898063824354,1.3567041654229655,0.8338580315016895,0.10193819621453926,1.704727557688871,2.261530614615215,2.7685441856413275,4.741655470277742,29.380116162316234,29.278177966101694,29.328389830508474,by_month
tminus1_2100,A6_target_memory_residual_lgbm,6,435,0.8158824518591988,1.0328101485674193,0.6973631744727342,0.06602841572576923,1.3265411559286824,1.6809894484688948,2.0018664664325136,3.2996728767815,31.47108588699014,31.40505747126437,31.404597701149424,by_month
tminus1_2100,A6_target_memory_residual_lgbm,7,454,0.846804552173992,1.1069889394514494,0.6555607555786782,0.02150396892215798,1.318017727108533,1.9034929512264385,2.3424794521045307,3.7339621342007803,32.21159207464903,32.19008810572687,32.059471365638764,by_month
tminus1_2100,A6_target_memory_residual_lgbm,8,448,0.8904379539187516,1.1285768029815426,0.7936387618320424,0.03277809340956416,1.445126310982245,1.837630927319001,2.198896058230668,3.583314074188195,31.836572736266707,31.803794642857145,31.700892857142858,by_month
tminus1_2100,A6_target_memory_residual_lgbm,9,440,0.9113991933373141,1.1689145942488266,0.7327221070076,0.002149111495097083,1.5482633239682468,1.9366548235525347,2.3259780426616525,4.054771367993908,31.46578547513146,31.463636363636365,31.363636363636363,by_month
tminus1_2100,A6_target_memory_residual_lgbm,10,423,0.7669188940173454,0.9706111952998157,0.6311068236343296,-0.029249105201715624,1.2455338058355985,1.5807620980412438,1.9367778858018037,3.6317029931170524,28.904084228131616,28.93333333333333,28.77777777777778,by_month
tminus1_2100,A6_target_memory_residual_lgbm,11,369,0.7833857481729688,1.0226104211232607,0.5892189008198088,0.15115889446907613,1.301070707685588,1.7274910121975209,2.1052304677909777,3.88877916411381,25.490996292843064,25.339837398373987,25.289972899728998,by_month
tminus1_2100,A6_target_memory_residual_lgbm,12,363,0.7326800671837232,0.9183112511284136,0.6223497831840206,0.10006175846803367,1.1482326742148177,1.4419766339069966,1.7490769298267284,4.110291274778323,20.596480491250404,20.49641873278237,20.234159779614323,by_month
tminus1_2100,A7_final_residual_ensemble,1,410,0.8407682724158052,1.0445753558388586,0.7552944756639297,-0.006951401062742227,1.3523560642182801,1.6456202850717385,2.021540456001047,3.398991683943226,19.534999818449453,19.541951219512196,19.270731707317072,by_month
tminus1_2100,A7_final_residual_ensemble,2,380,1.0655590482560169,1.3287042032290652,0.8682348193666414,-0.020525054307268194,1.7006395309842088,2.2004480268449553,2.6604393318079382,3.4602237067147463,20.626053893061155,20.646578947368422,20.326315789473686,by_month
tminus1_2100,A7_final_residual_ensemble,3,447,1.1731229092565305,1.4649902230843468,1.016968852062984,0.03673674807559253,1.9284487901092888,2.403247488804963,2.7942939794941077,4.575937219220215,23.0767814908049,23.04004474272931,22.859060402684563,by_month
tminus1_2100,A7_final_residual_ensemble,4,447,1.1184393062152294,1.3803468348123147,1.02176326499362,0.040667956443373975,1.7833189263172868,2.178043412889025,2.6178473489629606,4.082161117899645,26.54939278865814,26.508724832214767,26.43847874720358,by_month
tminus1_2100,A7_final_residual_ensemble,5,472,1.0570489709506499,1.3512528346561818,0.8381984879156974,0.10503338334675834,1.7261787408872382,2.198485396160889,2.7557020029425394,4.719557454626482,29.38321134944845,29.278177966101694,29.328389830508474,by_month
tminus1_2100,A7_final_residual_ensemble,6,435,0.8181037230654319,1.0327102789234308,0.7031357846568689,0.07900816064161482,1.3458198092875164,1.7055781602194944,1.976712709895611,3.3301397642573285,31.484065631905985,31.40505747126437,31.404597701149424,by_month
tminus1_2100,A7_final_residual_ensemble,7,454,0.8431388111680048,1.1059809192085914,0.6553888761942339,0.036871370959614735,1.3099786076411692,1.8396154249689363,2.3359576975118763,3.8542957189881655,32.22695947668649,32.19008810572687,32.059471365638764,by_month
tminus1_2100,A7_final_residual_ensemble,8,448,0.8926317527273956,1.125235771594914,0.7909744636362745,0.03817228238107047,1.4209619435542102,1.8520204855199143,2.169934705796863,3.5870976367632785,31.841966925238214,31.803794642857145,31.700892857142858,by_month
tminus1_2100,A7_final_residual_ensemble,9,440,0.9092086690074326,1.164027291273494,0.7558240943920715,0.008316289365232658,1.5483143863412965,1.9138610470102564,2.348718285169988,4.077010472560612,31.4719526530016,31.463636363636365,31.363636363636363,by_month
tminus1_2100,A7_final_residual_ensemble,10,423,0.7627932749844982,0.9656414255017607,0.6337590727966464,-0.0245924094121489,1.2349118913227854,1.578858944183361,1.884855618856546,3.5570137357868106,28.908740923921187,28.93333333333333,28.77777777777778,by_month
tminus1_2100,A7_final_residual_ensemble,11,369,0.7812662865703142,1.0207222695720064,0.6083667471026892,0.15095656498169016,1.3406957797211967,1.7075715633591528,2.1013715271958797,3.848072164692688,25.49079396335567,25.339837398373987,25.289972899728998,by_month
tminus1_2100,A7_final_residual_ensemble,12,363,0.7301196141604868,0.9140283733665454,0.6239082026281899,0.09593549362638279,1.1562760540762007,1.4542151391841038,1.7651623091930406,4.099891404052219,20.59235422640875,20.49641873278237,20.234159779614323,by_month
tminus1_2100,A8_direct_lgbm_absolute,1,410,0.9142225625475475,1.1736703458820767,0.7854302494340519,0.2275181701902076,1.4571974005784956,1.8724166294948181,2.213053651247185,4.711192103811026,19.769469389702405,19.541951219512196,19.270731707317072,by_month
tminus1_2100,A8_direct_lgbm_absolute,2,380,1.1443291655548646,1.4988056058997965,0.9299222952455821,0.22123669577554184,1.8124454783447788,2.5078308420279267,3.12043781676504,5.798516718201604,20.867815643143967,20.646578947368422,20.326315789473686,by_month
tminus1_2100,A8_direct_lgbm_absolute,3,447,1.2071872189433785,1.4958632703364871,1.081447816237759,0.15008099606734593,1.958811813599288,2.397199157634006,2.8471706013205877,4.370068758598549,23.190125738796656,23.04004474272931,22.859060402684563,by_month
tminus1_2100,A8_direct_lgbm_absolute,4,447,1.1316684075570567,1.4025526431157675,0.9942366489330574,0.11112174337367148,1.8144699744422497,2.2639577492394576,2.703905095674089,4.28990065098742,26.619846575588436,26.508724832214767,26.43847874720358,by_month
tminus1_2100,A8_direct_lgbm_absolute,5,472,1.097362111366373,1.3758192572581012,0.9315586691144162,0.017372052931414146,1.746385927978301,2.2826598039968524,2.7770339719867967,4.2509095179253755,29.295550019033108,29.278177966101694,29.328389830508474,by_month
tminus1_2100,A8_direct_lgbm_absolute,6,435,0.8484669638256159,1.0648572636571505,0.745712391538067,-0.0890301247698443,1.388476952693147,1.7414129333921815,2.0952240215936793,2.9699071977231988,31.316027346494526,31.40505747126437,31.404597701149424,by_month
tminus1_2100,A8_direct_lgbm_absolute,7,454,0.9632816789133485,1.216688315565252,0.8059438864689508,-0.3323336724569831,1.516026880147038,2.0811483496747987,2.3851755009769695,3.7495431546499844,31.85775443326989,32.19008810572687,32.059471365638764,by_month
tminus1_2100,A8_direct_lgbm_absolute,8,448,0.9282728209829624,1.1601207849665465,0.768559240741391,-0.20609379796405225,1.4585514779667192,1.842893911381386,2.21757689910198,3.7821465562391623,31.59770084489309,31.803794642857145,31.700892857142858,by_month
tminus1_2100,A8_direct_lgbm_absolute,9,440,0.9367381844926195,1.1912654941372633,0.7330470964909157,-0.22334251655272427,1.4988893761061008,2.0312096471535583,2.3944070298848605,3.8782809301592316,31.24029384708364,31.463636363636365,31.363636363636363,by_month
tminus1_2100,A8_direct_lgbm_absolute,10,423,0.7816641618611189,0.9853781802282275,0.6594895795717939,-0.0795142358434532,1.3085285515395337,1.5362008791619524,1.8454614681104828,3.696862520420826,28.853819097489886,28.93333333333333,28.77777777777778,by_month
tminus1_2100,A8_direct_lgbm_absolute,11,369,0.8061929456659148,1.0368296710632057,0.6464516169852139,0.15378751419198397,1.3725756949100494,1.8155950407817174,2.04879283049448,3.621397571810757,25.493624912565966,25.339837398373987,25.289972899728998,by_month
tminus1_2100,A8_direct_lgbm_absolute,12,363,0.7904423911829884,0.9987205143231822,0.6832841120552331,0.23504583260961823,1.2562271729699583,1.5801908102184563,1.7310848599992326,4.082033871241828,20.731464565391985,20.49641873278237,20.234159779614323,by_month
tminus1_2100,B0_climatology_persistence,1,410,1.9397560975609756,2.4994583803540222,1.5449999999999982,-0.5754634146341465,3.0,4.188,5.0729999999999995,8.600000000000001,18.96648780487805,19.541951219512196,19.270731707317072,by_month
tminus1_2100,B0_climatology_persistence,2,380,2.501078947368421,3.129700885320984,2.040000000000001,-0.9593947368421051,4.111999999999999,5.460000000000001,6.1405,8.440000000000001,19.687184210526315,20.646578947368422,20.326315789473686,by_month
tminus1_2100,B0_climatology_persistence,3,447,2.71503355704698,3.25967257932216,2.440000000000005,-0.8792393736017897,4.336000000000003,5.194,5.98,9.099999999999998,22.16080536912752,23.04004474272931,22.859060402684563,by_month
tminus1_2100,B0_climatology_persistence,4,447,2.3493288590604027,2.764939529904198,2.259999999999998,-0.7153691275167785,3.616000000000002,4.420000000000002,4.833999999999997,8.040000000000003,25.793355704697987,26.508724832214767,26.43847874720358,by_month
tminus1_2100,B0_climatology_persistence,5,472,2.012351694915254,2.3841942017221296,1.9399999999999977,-0.3161652542372879,3.160000000000003,3.727000000000001,4.2090000000000005,6.5,28.962012711864407,29.278177966101694,29.328389830508474,by_month
tminus1_2100,B0_climatology_persistence,6,435,1.4278160919540228,1.7244522701959333,1.2999999999999972,-0.4105747126436782,2.3240000000000016,2.6799999999999997,3.0179999999999967,5.800000000000001,30.994482758620688,31.40505747126437,31.404597701149424,by_month
tminus1_2100,B0_climatology_persistence,7,454,1.3889207048458148,1.711517797688989,1.1949999999999985,-0.1703744493392071,2.188000000000001,2.753999999999998,3.4870000000000005,4.600000000000001,32.019713656387665,32.19008810572687,32.059471365638764,by_month
tminus1_2100,B0_climatology_persistence,8,448,1.5350892857142857,1.8698290601778855,1.3599999999999994,-0.10665178571428524,2.3399999999999963,2.969000000000004,3.4999999999999973,6.260000000000002,31.697142857142858,31.803794642857145,31.700892857142858,by_month
tminus1_2100,B0_climatology_persistence,9,440,1.5331363636363635,1.8357396329545215,1.3999999999999968,-0.6009090909090908,2.3999999999999995,2.8329999999999993,3.200499999999999,5.199999999999999,30.862727272727273,31.463636363636365,31.363636363636363,by_month
tminus1_2100,B0_climatology_persistence,10,423,1.5223640661938538,1.8912607275254,1.3000000000000007,-0.5726241134751774,2.5720000000000005,3.0880000000000023,3.617999999999997,5.700000000000003,28.36070921985815,28.93333333333333,28.77777777777778,by_month
tminus1_2100,B0_climatology_persistence,11,369,1.5875609756097562,1.9997516783510274,1.2999999999999972,-0.44409214092140936,2.574,3.1560000000000015,3.900000000000002,7.0000000000000036,24.89574525745257,25.339837398373987,25.289972899728998,by_month
tminus1_2100,B0_climatology_persistence,12,363,1.9638842975206614,2.535276241326517,1.6000000000000014,0.07495867768595049,3.311999999999999,4.216,5.056000000000001,7.960000000000003,20.57137741046832,20.49641873278237,20.234159779614323,by_month
tminus1_2100,D0_A7_reproduction,1,410,0.8407682724158052,1.0445753558388586,0.7552944756639297,-0.006951401062742227,1.3523560642182801,1.6456202850717385,2.021540456001047,3.398991683943226,19.534999818449453,19.541951219512196,19.270731707317072,by_month
tminus1_2100,D0_A7_reproduction,2,380,1.0655590482560169,1.3287042032290652,0.8682348193666414,-0.020525054307268194,1.7006395309842088,2.2004480268449553,2.6604393318079382,3.4602237067147463,20.626053893061155,20.646578947368422,20.326315789473686,by_month
tminus1_2100,D0_A7_reproduction,3,447,1.1731229092565305,1.4649902230843468,1.016968852062984,0.03673674807559253,1.9284487901092888,2.403247488804963,2.7942939794941077,4.575937219220215,23.0767814908049,23.04004474272931,22.859060402684563,by_month
tminus1_2100,D0_A7_reproduction,4,447,1.1184393062152294,1.3803468348123147,1.02176326499362,0.040667956443373975,1.7833189263172868,2.178043412889025,2.6178473489629606,4.082161117899645,26.54939278865814,26.508724832214767,26.43847874720358,by_month
tminus1_2100,D0_A7_reproduction,5,472,1.0570489709506499,1.3512528346561818,0.8381984879156974,0.10503338334675834,1.7261787408872382,2.198485396160889,2.7557020029425394,4.719557454626482,29.38321134944845,29.278177966101694,29.328389830508474,by_month
tminus1_2100,D0_A7_reproduction,6,435,0.8181037230654319,1.0327102789234308,0.7031357846568689,0.07900816064161482,1.3458198092875164,1.7055781602194944,1.976712709895611,3.3301397642573285,31.484065631905985,31.40505747126437,31.404597701149424,by_month
tminus1_2100,D0_A7_reproduction,7,454,0.8431388111680048,1.1059809192085914,0.6553888761942339,0.036871370959614735,1.3099786076411692,1.8396154249689363,2.3359576975118763,3.8542957189881655,32.22695947668649,32.19008810572687,32.059471365638764,by_month
tminus1_2100,D0_A7_reproduction,8,448,0.8926317527273956,1.125235771594914,0.7909744636362745,0.03817228238107047,1.4209619435542102,1.8520204855199143,2.169934705796863,3.5870976367632785,31.841966925238214,31.803794642857145,31.700892857142858,by_month
tminus1_2100,D0_A7_reproduction,9,440,0.9092086690074326,1.164027291273494,0.7558240943920715,0.008316289365232658,1.5483143863412965,1.9138610470102564,2.348718285169988,4.077010472560612,31.4719526530016,31.463636363636365,31.363636363636363,by_month
tminus1_2100,D0_A7_reproduction,10,423,0.7627932749844982,0.9656414255017607,0.6337590727966464,-0.0245924094121489,1.2349118913227854,1.578858944183361,1.884855618856546,3.5570137357868106,28.908740923921187,28.93333333333333,28.77777777777778,by_month
tminus1_2100,D0_A7_reproduction,11,369,0.7812662865703142,1.0207222695720064,0.6083667471026892,0.15095656498169016,1.3406957797211967,1.7075715633591528,2.1013715271958797,3.848072164692688,25.49079396335567,25.339837398373987,25.289972899728998,by_month
tminus1_2100,D0_A7_reproduction,12,363,0.7301196141604868,0.9140283733665454,0.6239082026281899,0.09593549362638279,1.1562760540762007,1.4542151391841038,1.7651623091930406,4.099891404052219,20.59235422640875,20.49641873278237,20.234159779614323,by_month
tminus1_2100,D1_official_residual_memory_shrinkage,1,410,0.8991167021823191,1.1122185465796248,0.7629133529206733,-0.21296822837681156,1.424068864649394,1.793141936333962,2.2058578068607484,3.9973817114070727,19.328982991135383,19.541951219512196,19.270731707317072,by_month
tminus1_2100,D1_official_residual_memory_shrinkage,2,380,1.1014853506791815,1.3701075198362362,0.931365273310087,-0.25721849168174404,1.7371371429189975,2.264670956708146,2.786436025284229,3.753971204689222,20.389360455686678,20.646578947368422,20.326315789473686,by_month
tminus1_2100,D1_official_residual_memory_shrinkage,3,447,1.2196246158854445,1.5280491924911845,0.9561729543796069,-0.1280955264644347,1.9772782386271206,2.4864662928423873,2.8850426299969323,4.446004158961305,22.911949216264873,23.04004474272931,22.859060402684563,by_month
tminus1_2100,D1_official_residual_memory_shrinkage,4,447,1.1856027034864414,1.4508182596056218,1.0503836703923284,-0.05777424951207489,1.8797980768746976,2.3000738672260583,2.8036594799702255,4.1506402915577745,26.450950582702692,26.508724832214767,26.43847874720358,by_month
tminus1_2100,D1_official_residual_memory_shrinkage,5,472,1.0839037439105212,1.3777726631145766,0.8727230205668146,0.05317267361398856,1.7483836539701152,2.463065194118255,2.7506464228023484,4.461894896350181,29.331350639715684,29.278177966101694,29.328389830508474,by_month
tminus1_2100,D1_official_residual_memory_shrinkage,6,435,0.8179461993492876,1.0282343839579635,0.6655570544695664,-0.006850570716177302,1.3502790129311197,1.6605831130571598,2.0057727978522286,3.2871855222670625,31.398206900548193,31.40505747126437,31.404597701149424,by_month
tminus1_2100,D1_official_residual_memory_shrinkage,7,454,0.8672001490673594,1.1191659133910377,0.7086295799233078,-0.11545714902711181,1.3001613960589924,1.827217072592696,2.2676203625696987,3.6992108245219306,32.074630956699764,32.19008810572687,32.059471365638764,by_month
tminus1_2100,D1_official_residual_memory_shrinkage,8,448,0.9196506541793378,1.1620068901712208,0.769549730460314,-0.07824798789868774,1.448144466485018,1.8409523774162513,2.182788538837408,3.6370261683018477,31.725546654958457,31.803794642857145,31.700892857142858,by_month
tminus1_2100,D1_official_residual_memory_shrinkage,9,440,0.9405061170374046,1.19980326389769,0.7626729386902973,-0.07993323616440681,1.5470516832253556,2.0250656522112322,2.360781857682393,3.8742762922879415,31.38370312747196,31.463636363636365,31.363636363636363,by_month
tminus1_2100,D1_official_residual_memory_shrinkage,10,423,0.7941356288128162,1.0017742624807475,0.6530168767230791,-0.12702846924877761,1.2727444898646176,1.6788009858977633,1.9272623596359229,3.48584358243955,28.806304864084552,28.93333333333333,28.77777777777778,by_month
tminus1_2100,D1_official_residual_memory_shrinkage,11,369,0.8225841281169076,1.0599230050757158,0.6533437537469844,-0.03065256624553064,1.2859436503435528,1.7564303564639914,2.065403240844591,4.279491257994838,25.30918483212845,25.339837398373987,25.289972899728998,by_month
tminus1_2100,D1_official_residual_memory_shrinkage,12,363,0.7970577746897887,0.9809095232501026,0.6761737880793106,-0.2286611616588306,1.2642352933414913,1.5898304726034043,1.7909186283233438,3.7111916849857245,20.26775757112354,20.49641873278237,20.234159779614323,by_month
tminus1_2100,D2_A3_plus_residual_memory_lgbm,1,410,0.8621243308998968,1.06792539524025,0.7411642593443535,0.0095993965003576,1.368407438184719,1.7736550426111057,2.094346837000689,3.487446665853625,19.551550616012552,19.541951219512196,19.270731707317072,by_month
tminus1_2100,D2_A3_plus_residual_memory_lgbm,2,380,1.0708595664669436,1.3306704639069669,0.8920521367524081,-0.027989039404612108,1.7268705051568107,2.1541746255717946,2.767736803071292,3.7419567145802333,20.61858990796381,20.646578947368422,20.326315789473686,by_month
tminus1_2100,D2_A3_plus_residual_memory_lgbm,3,447,1.1853495681606399,1.4886742846920946,1.0051387544418553,0.04863866871782626,1.9274437425803974,2.4139315641834016,2.927693715255668,4.86540340710393,23.088683411447132,23.04004474272931,22.859060402684563,by_month
tminus1_2100,D2_A3_plus_residual_memory_lgbm,4,447,1.1368993269361274,1.4063203645444775,1.0067029188727368,0.07266126534372698,1.8025604641541748,2.2399607060073197,2.7255540473935285,4.123294823536394,26.581386097558497,26.508724832214767,26.43847874720358,by_month
tminus1_2100,D2_A3_plus_residual_memory_lgbm,5,472,1.0533955827038595,1.3419101576199464,0.851240416042728,0.09258718982283881,1.659433363608531,2.2886238239963674,2.6970926102910107,4.538008814331217,29.37076515592453,29.278177966101694,29.328389830508474,by_month
tminus1_2100,D2_A3_plus_residual_memory_lgbm,6,435,0.8219057723757244,1.0325780212435032,0.6871475227267432,0.08793108807662305,1.3700190613149095,1.6996068732031633,2.013294846150684,3.33380149083105,31.492988559340986,31.40505747126437,31.404597701149424,by_month
tminus1_2100,D2_A3_plus_residual_memory_lgbm,7,454,0.8630160875817274,1.1224647191072732,0.6879955374247864,0.011029734624790184,1.3753431121848367,1.8340487405352028,2.314939240114126,3.6905602840453717,32.201117840351664,32.19008810572687,32.059471365638764,by_month
tminus1_2100,D2_A3_plus_residual_memory_lgbm,8,448,0.8907490418216023,1.1248739184406178,0.75363541349566,-0.0065756186434443985,1.4124641352575853,1.7991392338892263,2.2053347818406137,3.562472932603118,31.797219024213696,31.803794642857145,31.700892857142858,by_month
tminus1_2100,D2_A3_plus_residual_memory_lgbm,9,440,0.9104377942287634,1.1617716760965953,0.7094619384779541,-0.03095837757762579,1.4685524832017347,1.9717047716674054,2.355006478683623,3.8044668011476688,31.432677986058735,31.463636363636365,31.363636363636363,by_month
tminus1_2100,D2_A3_plus_residual_memory_lgbm,10,423,0.7729419512990768,0.971659494609231,0.6504769667055541,-0.03320385508133228,1.2689964697282932,1.5390110298623327,1.8076514948692202,3.6147263324222685,28.900129478252005,28.93333333333333,28.77777777777778,by_month
tminus1_2100,D2_A3_plus_residual_memory_lgbm,11,369,0.800252515478833,1.042063624680827,0.5915262561747419,0.14782827508526394,1.282683724099392,1.7718203477778545,2.115147424568583,3.9620677063273497,25.487665673459244,25.339837398373987,25.289972899728998,by_month
tminus1_2100,D2_A3_plus_residual_memory_lgbm,12,363,0.7493913711355591,0.9335499036988155,0.621164973357395,0.07675309111600477,1.1667692366388445,1.5124784285517565,1.8086358892731693,3.786670077323528,20.573171823898374,20.49641873278237,20.234159779614323,by_month
tminus1_2100,D3_pruned_full_plus_residual_memory_lgbm,1,410,0.850264991900003,1.057574031070745,0.7373827387303074,0.02643229418359454,1.3728476794007634,1.6859514848226056,2.0319320546948254,3.4729743533309723,19.56838351369579,19.541951219512196,19.270731707317072,by_month
tminus1_2100,D3_pruned_full_plus_residual_memory_lgbm,2,380,1.056126998204366,1.324091513533928,0.8696333377700984,-0.023776429702257636,1.6886627949802706,2.2548210742094628,2.6341621871658307,3.626267978745137,20.622802517666166,20.646578947368422,20.326315789473686,by_month
tminus1_2100,D3_pruned_full_plus_residual_memory_lgbm,3,447,1.1816126229270354,1.475168383815842,1.0034529925378664,0.04875225712900935,1.8914468559668578,2.3975744466741378,2.891311700839552,4.599963575021526,23.088796999858317,23.04004474272931,22.859060402684563,by_month
tminus1_2100,D3_pruned_full_plus_residual_memory_lgbm,4,447,1.1352536764933354,1.3995566580512722,1.0081197434842792,0.05720413158855573,1.8130883258237724,2.208425513463813,2.7355801196907064,4.4438017579893625,26.565928963803323,26.508724832214767,26.43847874720358,by_month
tminus1_2100,D3_pruned_full_plus_residual_memory_lgbm,5,472,1.0630662337490415,1.3543752865036214,0.8188402772628471,0.09665158026097803,1.7096204855536374,2.3010225000186835,2.7329293019467715,4.546245624658027,29.374829546362673,29.278177966101694,29.328389830508474,by_month
tminus1_2100,D3_pruned_full_plus_residual_memory_lgbm,6,435,0.8159950730405792,1.0263096219646441,0.6907062261809109,0.0769545733775963,1.3354729155968401,1.6669132964436202,1.9510685302810613,3.1966174449394344,31.482012044641962,31.40505747126437,31.404597701149424,by_month
tminus1_2100,D3_pruned_full_plus_residual_memory_lgbm,7,454,0.8514973875554951,1.1179373698889774,0.653704531501976,0.0032314755090099858,1.3410669237515622,1.8906542202495167,2.298857991376011,3.7406848489148885,32.19331958123588,32.19008810572687,32.059471365638764,by_month
tminus1_2100,D3_pruned_full_plus_residual_memory_lgbm,8,448,0.8954127420586485,1.1303315321246585,0.7413274645128514,-0.008820760715730538,1.4502618694658413,1.8340987386814935,2.2308856622285336,3.480073221096461,31.794973882141417,31.803794642857145,31.700892857142858,by_month
tminus1_2100,D3_pruned_full_plus_residual_memory_lgbm,9,440,0.9157394852111447,1.1725589079750214,0.7523832496601273,-0.04109031097062054,1.5317154174132799,2.0287720872170483,2.3364012556533384,3.79693262755821,31.422546052665744,31.463636363636365,31.363636363636363,by_month
tminus1_2100,D3_pruned_full_plus_residual_memory_lgbm,10,423,0.7765248750968559,0.9773480761160237,0.6480567334101224,-0.034291881568227815,1.2614492343001036,1.5721854446871995,1.8204761039800004,3.5234692199284154,28.899041451765108,28.93333333333333,28.77777777777778,by_month
tminus1_2100,D3_pruned_full_plus_residual_memory_lgbm,11,369,0.793182181493722,1.0334537011286327,0.6041992061278698,0.15889895377004964,1.2916646961219078,1.7597579854829,2.1165555604478166,3.981416382064168,25.498736352144032,25.339837398373987,25.289972899728998,by_month
tminus1_2100,D3_pruned_full_plus_residual_memory_lgbm,12,363,0.7361267268911308,0.9229415098705682,0.6501010023017884,0.07514074789882029,1.141628572697885,1.4901707156091086,1.8253679749635159,3.922959019092204,20.57155948068119,20.49641873278237,20.234159779614323,by_month
tminus1_2100,D4_residual_memory_constrained_stack,1,410,0.8397319589839966,1.042710157425482,0.7467372990814791,-0.0034722379910917312,1.3243122573721129,1.6095061741190733,2.047061979952578,3.413996063112812,19.538478981521106,19.541951219512196,19.270731707317072,by_month
tminus1_2100,D4_residual_memory_constrained_stack,2,380,1.0681388659791091,1.3311250165077062,0.8684018541556338,-0.010229030345314121,1.7446280360529187,2.219203412676667,2.6877864408493664,3.520807844145601,20.636349917023107,20.646578947368422,20.326315789473686,by_month
tminus1_2100,D4_residual_memory_constrained_stack,3,447,1.1749648611962193,1.4661269160758508,1.023493561659098,0.03357745511460484,1.9416110272452478,2.3840671365732136,2.7917126695640087,4.5330191891452145,23.07362219784391,23.04004474272931,22.859060402684563,by_month
tminus1_2100,D4_residual_memory_constrained_stack,4,447,1.117159221716048,1.38040829860934,1.0148156347553225,0.03526603825243078,1.786991569429624,2.1888166180345925,2.671450591984227,4.120693025531981,26.543990870467198,26.508724832214767,26.43847874720358,by_month
tminus1_2100,D4_residual_memory_constrained_stack,5,472,1.0545610405866606,1.3487294658539448,0.8213422832172235,0.09942251988547617,1.7379383167805658,2.2008932691678367,2.710165855385447,4.6939442589251215,29.37760048598717,29.278177966101694,29.328389830508474,by_month
tminus1_2100,D4_residual_memory_constrained_stack,6,435,0.8171409767904722,1.030329835527415,0.7006555294901062,0.0766249404695062,1.3276513738132296,1.72332529177315,2.00668211766059,3.2508952270195124,31.481682411733875,31.40505747126437,31.404597701149424,by_month
tminus1_2100,D4_residual_memory_constrained_stack,7,454,0.8441301832008927,1.1051107552970754,0.6418921305676726,0.028654271557273143,1.3453731381954377,1.8747954667325175,2.330285957345141,3.7953004008288964,32.218742377284144,32.19008810572687,32.059471365638764,by_month
tminus1_2100,D4_residual_memory_constrained_stack,8,448,0.8865020924618028,1.117573158320009,0.7728500009552945,0.026472283774092047,1.430193694922987,1.818921050339076,2.191460620352642,3.505147567395774,31.830266926631236,31.803794642857145,31.700892857142858,by_month
tminus1_2100,D4_residual_memory_constrained_stack,9,440,0.9080055619796056,1.1613771378879785,0.7530804495290582,-0.002339720444271628,1.5169542265183742,1.9179092991620263,2.3268489878379564,4.111831323472288,31.461296643192096,31.463636363636365,31.363636363636363,by_month
tminus1_2100,D4_residual_memory_constrained_stack,10,423,0.7583377415559883,0.960154236811744,0.6260202379111526,-0.026375651913152484,1.2340713239009666,1.5591773536993485,1.8714553043477855,3.4757353041481878,28.90695768142018,28.93333333333333,28.77777777777778,by_month
tminus1_2100,D4_residual_memory_constrained_stack,11,369,0.7801239183508887,1.0195550281718466,0.6121358371948915,0.14934771622059856,1.3217177747737958,1.727155993800833,2.0806933155494893,3.8369465609231987,25.489185114594584,25.339837398373987,25.289972899728998,by_month
tminus1_2100,D4_residual_memory_constrained_stack,12,363,0.7281865692482599,0.9137895006167831,0.6268456230355426,0.09309498602927764,1.1481497254594697,1.4423165749162212,1.7668507204019128,4.034937280111077,20.589513718811645,20.49641873278237,20.234159779614323,by_month
tminus1_2100,D5_conservative_A7_plus_memory_blend,1,410,0.8402394141028371,1.0429439580940403,0.7467372990814791,-0.007567761953818605,1.3243122573721129,1.6095061741190733,2.047061979952578,3.413996063112812,19.53438345755838,19.541951219512196,19.270731707317072,by_month
tminus1_2100,D5_conservative_A7_plus_memory_blend,2,380,1.0686678742277533,1.3314913188216344,0.8636340451193991,-0.017973889252831686,1.7446280360529187,2.219203412676667,2.6877864408493664,3.520807844145601,20.628605058115586,20.646578947368422,20.326315789473686,by_month
tminus1_2100,D5_conservative_A7_plus_memory_blend,3,447,1.175350410927675,1.4682695160252537,1.0261031358112689,0.02747868943296412,1.9416110272452478,2.3840671365732136,2.7917126695640087,4.5330191891452145,23.06752343216227,23.04004474272931,22.859060402684563,by_month
tminus1_2100,D5_conservative_A7_plus_memory_blend,4,447,1.1183876481945139,1.3813834528562965,1.0148156347553225,0.03298955326896001,1.786991569429624,2.1888166180345925,2.671450591984227,4.120693025531981,26.541714385483726,26.508724832214767,26.43847874720358,by_month
tminus1_2100,D5_conservative_A7_plus_memory_blend,5,472,1.0563892760721751,1.3506981240173512,0.8213422832172235,0.0984863501935491,1.7402199095501794,2.2008932691678367,2.710165855385447,4.6939442589251215,29.37666431629524,29.278177966101694,29.328389830508474,by_month
tminus1_2100,D5_conservative_A7_plus_memory_blend,6,435,0.8171142801851397,1.0303154340704521,0.7006555294901062,0.07659824386417374,1.3276513738132296,1.72332529177315,2.00668211766059,3.2508952270195124,31.481655715128543,31.40505747126437,31.404597701149424,by_month
tminus1_2100,D5_conservative_A7_plus_memory_blend,7,454,0.843816185158497,1.104925930497903,0.6418921305676726,0.028101803634737004,1.3453731381954377,1.8747954667325175,2.330285957345141,3.7953004008288964,32.218189909361605,32.19008810572687,32.059471365638764,by_month
tminus1_2100,D5_conservative_A7_plus_memory_blend,8,448,0.8870039957220682,1.1178497729893568,0.7746051245441805,0.02529046021083553,1.430193694922987,1.818921050339076,2.191460620352642,3.505147567395774,31.82908510306798,31.803794642857145,31.700892857142858,by_month
tminus1_2100,D5_conservative_A7_plus_memory_blend,9,440,0.907798703915494,1.1611242649071019,0.7530804495290582,-0.0028534816719461777,1.5169542265183742,1.9179092991620263,2.3268489878379564,4.111831323472288,31.460782881964416,31.463636363636365,31.363636363636363,by_month
tminus1_2100,D5_conservative_A7_plus_memory_blend,10,423,0.759132707802948,0.960874514989925,0.6260202379111526,-0.027887894164632047,1.2340713239009666,1.5591773536993485,1.8714553043477855,3.4757353041481878,28.9054454391687,28.93333333333333,28.77777777777778,by_month
tminus1_2100,D5_conservative_A7_plus_memory_blend,11,369,0.7809398938037753,1.0198523808326307,0.6124898727504977,0.14759276170971594,1.3217177747737958,1.727155993800833,2.0806933155494893,3.8369465609231987,25.4874301600837,25.339837398373987,25.289972899728998,by_month
tminus1_2100,D5_conservative_A7_plus_memory_blend,12,363,0.7268727726034034,0.9139392804294022,0.6228808173954548,0.08387693853970156,1.1481497254594697,1.4423165749162212,1.7647063953643614,4.034937280111077,20.580295671322073,20.49641873278237,20.234159779614323,by_month
tminus1_2359,A0_raw_official,1,496,0.8923387096774194,1.1658618575833681,0.6999999999999993,-0.23185483870967746,1.3999999999999986,1.8000000000000007,2.1999999999999993,8.6,19.046370967741936,19.278225806451612,19.046370967741936,by_month
tminus1_2359,A0_raw_official,2,452,1.0712389380530976,1.3415748241710401,0.8999999999999986,-0.270353982300885,1.6000000000000014,2.1999999999999993,2.8000000000000007,3.8000000000000007,20.057522123893804,20.32787610619469,20.057522123893804,by_month
tminus1_2359,A0_raw_official,3,496,1.1477822580645163,1.4514522760591957,0.8999999999999986,-0.18125000000000002,1.8999999999999986,2.3999999999999986,2.8999999999999986,4.399999999999999,22.846774193548388,23.02802419354839,22.846774193548388,by_month
tminus1_2359,A0_raw_official,4,480,1.1714583333333333,1.4455030842812708,1.1000000000000014,-0.09812499999999993,1.8999999999999986,2.3000000000000007,2.8000000000000007,4.199999999999999,26.385416666666668,26.483541666666667,26.385416666666668,by_month
tminus1_2359,A0_raw_official,5,496,1.061693548387097,1.356941532484228,0.8999999999999986,0.04354838709677426,1.6999999999999993,2.3999999999999986,2.8000000000000007,4.5,29.330645161290324,29.28709677419355,29.330645161290324,by_month
tminus1_2359,A0_raw_official,6,450,0.8200000000000003,1.033376343190934,0.6999999999999993,-0.03377777777777778,1.3999999999999986,1.6999999999999993,2.054999999999996,3.3000000000000007,31.42,31.45377777777778,31.42,by_month
tminus1_2359,A0_raw_official,7,465,0.8576344086021505,1.1074915956379092,0.7000000000000028,-0.13419354838709677,1.2999999999999978,1.7999999999999994,2.299999999999997,3.700000000000003,32.08817204301075,32.22236559139785,32.08817204301075,by_month
tminus1_2359,A0_raw_official,8,465,0.8969892473118282,1.1433491644410108,0.7000000000000028,-0.0819354838709676,1.3999999999999986,1.8999999999999986,2.200000000000003,3.6000000000000014,31.761290322580646,31.843225806451613,31.761290322580646,by_month
tminus1_2359,A0_raw_official,9,450,0.92,1.1825584317252338,0.7000000000000028,-0.09555555555555549,1.5,2.0,2.3999999999999986,3.8999999999999986,31.362222222222222,31.45777777777778,31.362222222222222,by_month
tminus1_2359,A0_raw_official,10,465,0.7666666666666667,0.9762667536045405,0.6000000000000014,-0.1378494623655913,1.2,1.6000000000000014,1.8999999999999986,3.3999999999999986,28.729032258064517,28.866881720430108,28.729032258064517,by_month
tminus1_2359,A0_raw_official,11,449,0.7781737193763919,1.0111626420321438,0.6000000000000014,-0.07216035634743877,1.1999999999999993,1.6999999999999993,2.0599999999999974,4.300000000000001,25.053452115812917,25.125612472160356,25.053452115812917,by_month
tminus1_2359,A0_raw_official,12,465,0.7526881720430108,0.9382665325063584,0.6000000000000014,-0.1810752688172043,1.1999999999999993,1.5,1.8000000000000007,3.0,20.31827956989247,20.499354838709678,20.31827956989247,by_month
tminus1_2359,A1_grouped_residual,1,496,0.8748022995891702,1.1416948396125184,0.7294711096261164,-0.00782108148292089,1.3848110415248236,1.7395592218594782,2.1553250697265005,8.83378546930714,19.270404724968692,19.278225806451612,19.046370967741936,by_month
tminus1_2359,A1_grouped_residual,2,452,1.0596820613777116,1.3143300288572861,0.8768506099561941,-0.017805212591412732,1.7059952675285193,2.188106682187446,2.5720760282568467,3.8682262465380592,20.310070893603278,20.32787610619469,20.057522123893804,by_month
tminus1_2359,A1_grouped_residual,3,496,1.140034493168636,1.440998862688281,0.9037228557575734,0.011959188261099749,1.8815220545562923,2.3851971136437413,2.88155466950377,4.202729636352608,23.03998338180949,23.02802419354839,22.846774193548388,by_month
tminus1_2359,A1_grouped_residual,4,480,1.1671096769324154,1.4403310767425508,1.036074604372173,0.05640905525079116,1.9070584585001793,2.2849536585685044,2.721417403575509,4.001792636704366,26.53995072191746,26.483541666666667,26.385416666666668,by_month
tminus1_2359,A1_grouped_residual,5,496,1.0692287888377223,1.3630608199071408,0.829931522613716,0.1301768299126402,1.7055441991308875,2.3750723678984453,2.7596388543151216,4.438538435245153,29.41727360410619,29.28709677419355,29.330645161290324,by_month
tminus1_2359,A1_grouped_residual,6,450,0.8207742825935177,1.033392565420232,0.6697623128460677,0.0027319422318602686,1.3579888485288933,1.6731772628626527,2.0423865071570075,3.341356276619379,31.456509720009638,31.45377777777778,31.42,by_month
tminus1_2359,A1_grouped_residual,7,465,0.8524030656662592,1.1010172964583678,0.6975729421753769,-0.0465578924518484,1.301332496134576,1.8245902259807438,2.29835219947895,3.6242968712700154,32.175807698946,32.22236559139785,32.08817204301075,by_month
tminus1_2359,A1_grouped_residual,8,465,0.895125843393805,1.1402209853109635,0.7427927513850321,-0.032253321554605086,1.4400604516958624,1.8510480502143567,2.209607964874063,3.5378557951580802,31.810972484897007,31.843225806451613,31.761290322580646,by_month
tminus1_2359,A1_grouped_residual,9,450,0.9191717248546658,1.1781529812735523,0.7344620215094722,-0.02897577596119114,1.5447140155772277,2.017820000186534,2.3620924213218473,3.7336456723424547,31.42880200181659,31.45777777777778,31.362222222222222,by_month
tminus1_2359,A1_grouped_residual,10,465,0.7593043555442494,0.9654444220190719,0.6189074566510548,-0.04202608318837262,1.2172219371575388,1.6031685434949277,1.8831426581105113,3.4874790890235765,28.824855637241736,28.866881720430108,28.729032258064517,by_month
tminus1_2359,A1_grouped_residual,11,449,0.7725632309453878,1.005888413637638,0.6140315830937624,0.08578372665869113,1.2697478687141461,1.6739687990942924,2.062300941181959,4.089805294074129,25.211396198819045,25.125612472160356,25.053452115812917,by_month
tminus1_2359,A1_grouped_residual,12,465,0.7338581895614975,0.9195528667084724,0.6072485485770862,0.06065397483715967,1.1634762831903325,1.4933661819602315,1.759615294944431,2.9781611110213877,20.56000881354684,20.499354838709678,20.31827956989247,by_month
tminus1_2359,A2_revision_residual_lgbm,1,496,0.8769517941427166,1.144934282545243,0.7383800556250968,-0.02980712354885997,1.3638999558872626,1.8229908928966605,2.16853421399101,8.730591372422412,19.248418682902752,19.278225806451612,19.046370967741936,by_month
tminus1_2359,A2_revision_residual_lgbm,2,452,1.0405370466725774,1.3041979662262935,0.8346022689317447,-0.007977344519312392,1.6811654934689486,2.1737723513662,2.678518978018868,3.877312371334204,20.31989876167538,20.32787610619469,20.057522123893804,by_month
tminus1_2359,A2_revision_residual_lgbm,3,496,1.1093151315526188,1.4167964190213354,0.9064179777960977,0.019325779715453174,1.8272316844535084,2.3268819415607886,2.858157061999166,4.278416629360851,23.04734997326384,23.02802419354839,22.846774193548388,by_month
tminus1_2359,A2_revision_residual_lgbm,4,480,1.1380305120237675,1.4124271887194222,0.9974912190962844,0.028989496262476443,1.8192191668392315,2.2605633182588467,2.6241742329529867,4.025921805024652,26.512531162929143,26.483541666666667,26.385416666666668,by_month
tminus1_2359,A2_revision_residual_lgbm,5,496,1.043825029868176,1.3413165995030192,0.8031182551380383,0.06720909052523567,1.6328624594332446,2.315953332317301,2.7492035003188136,4.442932728355654,29.354305864718782,29.28709677419355,29.330645161290324,by_month
tminus1_2359,A2_revision_residual_lgbm,6,450,0.8313644823678497,1.0463553493038833,0.6877033898279947,0.028499924449580556,1.3866105865993845,1.6686867306291198,2.0944434722789445,3.102275113979431,31.482277702227357,31.45377777777778,31.42,by_month
tminus1_2359,A2_revision_residual_lgbm,7,465,0.8497035475645797,1.097528450730861,0.6866388477130414,-0.027961403087628386,1.314404794156923,1.8658051576290975,2.300139602194817,3.565703587431056,32.194404188310216,32.22236559139785,32.08817204301075,by_month
tminus1_2359,A2_revision_residual_lgbm,8,465,0.8836921514613514,1.1261204424778057,0.7261688345738122,-0.008552690321386463,1.4397200075420327,1.8018839886038371,2.1684131315548947,3.7727920494058864,31.83467311613023,31.843225806451613,31.761290322580646,by_month
tminus1_2359,A2_revision_residual_lgbm,9,450,0.8900216104129398,1.152582843608336,0.7196590177147009,-0.01337732152725495,1.5189315594557216,1.9701707472379162,2.312668646387417,3.6976209424599666,31.444400456250523,31.45777777777778,31.362222222222222,by_month
tminus1_2359,A2_revision_residual_lgbm,10,465,0.756821151720412,0.9655709560365667,0.6231265935798689,-0.025105556258443826,1.22139603378986,1.593367400449848,1.9006313086548468,3.5242050569954593,28.841776164171662,28.866881720430108,28.729032258064517,by_month
tminus1_2359,A2_revision_residual_lgbm,11,449,0.7725293706503836,1.0049174195276678,0.5993922555642328,0.09935029302599395,1.2420783344722488,1.6609035423360745,2.095269901043164,3.9514971661534553,25.22496276518635,25.125612472160356,25.053452115812917,by_month
tminus1_2359,A2_revision_residual_lgbm,12,465,0.7484453781880959,0.9343091642179163,0.6370473071717555,0.12382958754257996,1.178100688931669,1.5136842890796538,1.8332511292684956,3.1445919624117007,20.62318442625226,20.499354838709678,20.31827956989247,by_month
tminus1_2359,A3_hko_hourly_state_residual_lgbm,1,496,0.8589920450099519,1.1106917019333815,0.7094510648699206,-0.008281186190148723,1.3145044648409723,1.761639399921851,2.0890709283889892,8.115805377994901,19.269944620261462,19.278225806451612,19.046370967741936,by_month
tminus1_2359,A3_hko_hourly_state_residual_lgbm,2,452,1.0373883947965126,1.2931370195491565,0.8659032816695831,-0.024054258236824576,1.6180530768182693,2.081336663541902,2.6309563345524034,3.8362817997020873,20.303821847957867,20.32787610619469,20.057522123893804,by_month
tminus1_2359,A3_hko_hourly_state_residual_lgbm,3,496,1.0972743661261704,1.3982538235677306,0.8896899742833053,0.00839203895726735,1.8188111610121496,2.330263886712629,2.6982553463031467,4.382234839028023,23.036416232505655,23.02802419354839,22.846774193548388,by_month
tminus1_2359,A3_hko_hourly_state_residual_lgbm,4,480,1.1234224210627346,1.4050704584044666,0.9999451671936246,0.013246053218803884,1.7928939538629374,2.2901103382362087,2.6451896786775366,4.10646723008508,26.496787719885468,26.483541666666667,26.385416666666668,by_month
tminus1_2359,A3_hko_hourly_state_residual_lgbm,5,496,1.036451087289537,1.3333241622259517,0.8009235476162377,0.0667795661180551,1.7130454494093108,2.278610160200758,2.7267491130734447,4.6012294136818745,29.3538763403116,29.28709677419355,29.330645161290324,by_month
tminus1_2359,A3_hko_hourly_state_residual_lgbm,6,450,0.8202925516352803,1.0302726340067077,0.7004994375746172,0.03834546812578991,1.3493005400328344,1.6445491661348342,2.0430986255260324,2.906931573617957,31.492123245903567,31.45377777777778,31.42,by_month
tminus1_2359,A3_hko_hourly_state_residual_lgbm,7,465,0.846433941590489,1.0932003761634292,0.7052087344071865,-0.029120957582499826,1.292123445327765,1.8316847942529564,2.211234164685113,3.977117759812547,32.19324463381535,32.22236559139785,32.08817204301075,by_month
tminus1_2359,A3_hko_hourly_state_residual_lgbm,8,465,0.8755257014832298,1.1164664309309353,0.7401584856516621,-0.010028616984675363,1.4085447365413966,1.8293637398977776,2.163959514837271,3.4106649065251595,31.833197189466937,31.843225806451613,31.761290322580646,by_month
tminus1_2359,A3_hko_hourly_state_residual_lgbm,9,450,0.8751642677331063,1.1359243687190015,0.7044745834929174,-0.026417079790784257,1.5074180361643288,1.9312701448909604,2.2761355750188406,3.935878603663081,31.43136069798699,31.45777777777778,31.362222222222222,by_month
tminus1_2359,A3_hko_hourly_state_residual_lgbm,10,465,0.7365928587445857,0.9420532981861228,0.6243092182866476,-0.05306648236335589,1.1785874657458573,1.5860028417803453,1.851388257269353,3.4437499456032548,28.813815238066752,28.866881720430108,28.729032258064517,by_month
tminus1_2359,A3_hko_hourly_state_residual_lgbm,11,449,0.7495214191240662,0.9648162408169432,0.5928117575417104,0.07811873581723283,1.2185043996829479,1.6388136766439245,2.0079298327355395,3.2315624201866058,25.20373120797759,25.125612472160356,25.053452115812917,by_month
tminus1_2359,A3_hko_hourly_state_residual_lgbm,12,465,0.7206386729227444,0.8979700523485933,0.619089992434624,0.0886921443409463,1.1452672036612976,1.4562305786193772,1.7278213658117825,2.6792049377271727,20.58804698305062,20.499354838709678,20.31827956989247,by_month
tminus1_2359,A4_network_gradients_residual_lgbm,1,496,0.8615825931410551,1.1176861028065441,0.7041221852922277,0.03068155096766952,1.3318204296085518,1.7585860772207003,2.1575865872842126,8.233601160161092,19.30890735741928,19.278225806451612,19.046370967741936,by_month
tminus1_2359,A4_network_gradients_residual_lgbm,2,452,1.040176713465575,1.298265954941719,0.8779782007582604,-0.023357176200995224,1.6169245032540949,2.1030769843116692,2.567352214143045,3.684567239635319,20.304518929993694,20.32787610619469,20.057522123893804,by_month
tminus1_2359,A4_network_gradients_residual_lgbm,3,496,1.097108679699176,1.3878468694464445,0.891385969429443,0.010066247254064303,1.798368089379629,2.2901228734284587,2.74295656747985,4.260585200169594,23.03809044080245,23.02802419354839,22.846774193548388,by_month
tminus1_2359,A4_network_gradients_residual_lgbm,4,480,1.1270134414679849,1.3960092608133257,1.0061756602702747,-0.0034214412520367165,1.7963509441931904,2.263191969597647,2.615609355385589,4.196846295496943,26.48012022541463,26.483541666666667,26.385416666666668,by_month
tminus1_2359,A4_network_gradients_residual_lgbm,5,496,1.0427946930038436,1.3338743126524835,0.8144435167264756,0.0716014552006227,1.7184929916022043,2.276145272421372,2.6679034687015752,4.422518014723931,29.358698229394168,29.28709677419355,29.330645161290324,by_month
tminus1_2359,A4_network_gradients_residual_lgbm,6,450,0.8212734357890334,1.0321890528783846,0.6900325711668867,0.05941435484911516,1.3395820721758833,1.6792098109053168,2.0311307651328323,3.0486131401593966,31.51319213262689,31.45377777777778,31.42,by_month
tminus1_2359,A4_network_gradients_residual_lgbm,7,465,0.8473645730321073,1.097426618789632,0.6842371607343196,-0.009329337023098625,1.2881754144135855,1.7905639210280713,2.2853808452912645,4.211400274479658,32.21303625437475,32.22236559139785,32.08817204301075,by_month
tminus1_2359,A4_network_gradients_residual_lgbm,8,465,0.8785271811469644,1.1192679809376507,0.7434225225866022,-0.0014235673759493061,1.411765178093748,1.7995546400932847,2.1874877148357696,3.543463904272002,31.84180223907567,31.843225806451613,31.761290322580646,by_month
tminus1_2359,A4_network_gradients_residual_lgbm,9,450,0.880701646855051,1.1364156938895262,0.6995910737804429,-0.01808719914839399,1.4970000793547587,1.8993149063741155,2.327435140431923,3.9512267667529635,31.43969057862938,31.45777777777778,31.362222222222222,by_month
tminus1_2359,A4_network_gradients_residual_lgbm,10,465,0.7240082881084388,0.9236543405864965,0.5838071550291986,-0.04608777196990419,1.1747395286823208,1.514557046654813,1.7743709070554623,3.07771843275842,28.820793948460203,28.866881720430108,28.729032258064517,by_month
tminus1_2359,A4_network_gradients_residual_lgbm,11,449,0.735174930114758,0.9557967095329721,0.5536808745568003,0.08438485416895258,1.2242089476683304,1.58017589817111,1.986795986325924,3.157842204487469,25.209997326329308,25.125612472160356,25.053452115812917,by_month
tminus1_2359,A4_network_gradients_residual_lgbm,12,465,0.7268941482386532,0.9000682093914387,0.6637583047131557,0.10640412931812829,1.1338865952480484,1.4549286167668138,1.7578016754502994,2.676779714918487,20.605758968027803,20.499354838709678,20.31827956989247,by_month
tminus1_2359,A5_text_warning_residual_lgbm,1,496,0.86298033268122,1.1215144519934106,0.7227927252239716,0.031732023060708145,1.316128208569861,1.7548308465793863,2.1434834917644876,8.189127588577412,19.30995782951232,19.278225806451612,19.046370967741936,by_month
tminus1_2359,A5_text_warning_residual_lgbm,2,452,1.0447168308679688,1.3035567148251166,0.8670001430483163,-0.023677010680591623,1.643827908290308,2.1097516933141516,2.591460153015412,3.7187031667987505,20.3041990955141,20.32787610619469,20.057522123893804,by_month
tminus1_2359,A5_text_warning_residual_lgbm,3,496,1.1018552840690372,1.3932930866819464,0.8839532890284634,0.010802406724012881,1.7885388427383155,2.302852542515117,2.7605161018632636,4.2372092282564395,23.0388266002724,23.02802419354839,22.846774193548388,by_month
tminus1_2359,A5_text_warning_residual_lgbm,4,480,1.1279363907479711,1.3964954079119338,0.990244883423431,-0.001931660355881104,1.8489573416170302,2.246501536899956,2.638392871103748,4.16287674944445,26.481610006310788,26.483541666666667,26.385416666666668,by_month
tminus1_2359,A5_text_warning_residual_lgbm,5,496,1.036112680427222,1.3279826024369799,0.8218334046694267,0.06183345067991941,1.7009474666336573,2.2731427090785346,2.6542912864420876,4.385345523536646,29.348930224873467,29.28709677419355,29.330645161290324,by_month
tminus1_2359,A5_text_warning_residual_lgbm,6,450,0.8174443620192129,1.0288704170268996,0.7027756469460762,0.051155543536348255,1.3202441309550241,1.739355879137136,2.012808596637557,3.026399583701327,31.504933321314127,31.45377777777778,31.42,by_month
tminus1_2359,A5_text_warning_residual_lgbm,7,465,0.8469306867668245,1.09369666468864,0.6996560135523282,-0.007746699931707292,1.298619686086164,1.7465603986789084,2.299188023236944,4.043439903133073,32.214618891466145,32.22236559139785,32.08817204301075,by_month
tminus1_2359,A5_text_warning_residual_lgbm,8,465,0.8809917278553382,1.1194102035432618,0.7304360345557157,0.002329988617965961,1.4129724711764613,1.8223177302098357,2.150705515312266,3.4545388221599325,31.84555579506958,31.843225806451613,31.761290322580646,by_month
tminus1_2359,A5_text_warning_residual_lgbm,9,450,0.8864985479515113,1.1405272223268639,0.7204715581580636,-0.01839903513928418,1.490105067574699,1.894273226693917,2.323016160760488,4.046676181127399,31.439378742638493,31.45777777777778,31.362222222222222,by_month
tminus1_2359,A5_text_warning_residual_lgbm,10,465,0.7276273503348281,0.9291155739740301,0.5908568751269634,-0.044888370025299065,1.1768311673706415,1.591905341444638,1.7611745438916429,3.1261181467706365,28.821993350404806,28.866881720430108,28.729032258064517,by_month
tminus1_2359,A5_text_warning_residual_lgbm,11,449,0.7335970321575557,0.9521461683392035,0.5610312032647862,0.08236455741266757,1.2062385781532343,1.601705319294578,2.0147887903714015,3.084491155866587,25.207977029573023,25.125612472160356,25.053452115812917,by_month
tminus1_2359,A5_text_warning_residual_lgbm,12,465,0.7242412943966012,0.8979493734530601,0.6376553555133437,0.10693560172490646,1.141898397891214,1.4590858532837325,1.778871952102318,2.5883845797022413,20.606290440434588,20.499354838709678,20.31827956989247,by_month
tminus1_2359,A6_target_memory_residual_lgbm,1,496,0.8586270810063381,1.122049329671515,0.7123468627509144,0.0035348823209541027,1.3175996323233612,1.7398823883039523,2.1411409686176883,8.246808048127383,19.281760688772568,19.278225806451612,19.046370967741936,by_month
tminus1_2359,A6_target_memory_residual_lgbm,2,452,1.0460568533983454,1.3080321174219254,0.8809889468398957,-0.029405343505876484,1.669339067890531,2.11107244128957,2.614897349911169,3.7583991980176616,20.298470762688815,20.32787610619469,20.057522123893804,by_month
tminus1_2359,A6_target_memory_residual_lgbm,3,496,1.1001566546160373,1.3914547752891762,0.8739274140576612,0.007812391467109451,1.8255308493989304,2.347726907556426,2.7811166931523585,4.1221591489060785,23.0358365850155,23.02802419354839,22.846774193548388,by_month
tminus1_2359,A6_target_memory_residual_lgbm,4,480,1.1269846048981613,1.3977297155911854,1.007196860740228,-0.0016697961942318059,1.822422670513873,2.206221418312104,2.6603101277909396,4.080368750134696,26.48187187047244,26.483541666666667,26.385416666666668,by_month
tminus1_2359,A6_target_memory_residual_lgbm,5,496,1.0331964901653996,1.3302989640557783,0.8340045945317236,0.07949644464940182,1.6748634698186535,2.3026159195243974,2.697954468229277,4.494228746793425,29.366593218842947,29.28709677419355,29.330645161290324,by_month
tminus1_2359,A6_target_memory_residual_lgbm,6,450,0.8162689853535807,1.0257206287814888,0.7005626772191711,0.0427539079824358,1.3153006622124057,1.6849191854281618,1.9830568815626195,3.1924797005855616,31.496531685760214,31.45377777777778,31.42,by_month
tminus1_2359,A6_target_memory_residual_lgbm,7,465,0.847134747987976,1.0937980326098968,0.670176149650036,0.02686926258818917,1.2807949013004,1.7871477613680198,2.330814098436131,3.774329617305902,32.24923485398604,32.22236559139785,32.08817204301075,by_month
tminus1_2359,A6_target_memory_residual_lgbm,8,465,0.8730582894554656,1.1203935500279278,0.7268230050375735,0.04097088377848336,1.4101140767252525,1.8358739389594263,2.167236180484783,3.468880989330369,31.8841966902301,31.843225806451613,31.761290322580646,by_month
tminus1_2359,A6_target_memory_residual_lgbm,9,450,0.8878137387304823,1.1410971276828483,0.7259108273039381,-0.0019179162781995589,1.502474062756372,1.8886800070828373,2.285369131344971,3.9265660011737005,31.455859861499576,31.45777777777778,31.362222222222222,by_month
tminus1_2359,A6_target_memory_residual_lgbm,10,465,0.7257620181975958,0.9215601465213529,0.5958787406745891,-0.05738397470604738,1.1609434830297847,1.5098677899614035,1.8073931803806804,3.0910562479488526,28.809497745724062,28.866881720430108,28.729032258064517,by_month
tminus1_2359,A6_target_memory_residual_lgbm,11,449,0.7370960611818304,0.9543624837527445,0.5430681982265817,0.06903384222176753,1.2144523052649676,1.624902604579144,2.0227626951354005,3.1018247754409742,25.194646314382123,25.125612472160356,25.053452115812917,by_month
tminus1_2359,A6_target_memory_residual_lgbm,12,465,0.7240707943773247,0.8986082561760662,0.6421517666958216,0.08056648137460772,1.113291995744752,1.4599319607761132,1.7813204113135808,2.8170503171274106,20.579921320084285,20.499354838709678,20.31827956989247,by_month
tminus1_2359,A7_final_residual_ensemble,1,496,0.8484131754335659,1.1046885391087267,0.7154632091067832,-0.058087416293716616,1.3260895385028526,1.7300501380412605,2.11311677020275,7.769879133313763,19.2201383901579,19.278225806451612,19.046370967741936,by_month
tminus1_2359,A7_final_residual_ensemble,2,452,1.0551375553800961,1.316231545584106,0.8633688217537063,-0.08084773281174573,1.6935189462863804,2.1267908263957387,2.716283749685665,3.644768324873379,20.247028373382943,20.32787610619469,20.057522123893804,by_month
tminus1_2359,A7_final_residual_ensemble,3,496,1.109042339691241,1.3992469930726734,0.8722476094748632,-0.0384605654111378,1.8375697212584683,2.3644930928160335,2.7584380907821355,4.265748402550646,22.98956362813725,23.02802419354839,22.846774193548388,by_month
tminus1_2359,A7_final_residual_ensemble,4,480,1.1276850982976485,1.3926966020405696,1.0192648736724212,-0.01462814140894464,1.8000006786043246,2.229780272496704,2.607979736812884,4.002307873410452,26.468913525257722,26.483541666666667,26.385416666666668,by_month
tminus1_2359,A7_final_residual_ensemble,5,496,1.0285037447949248,1.3180757669836265,0.8179190420244566,0.08814916813211066,1.6667622390929786,2.2610397959706905,2.6363992916753665,4.432900809485698,29.37524594232566,29.28709677419355,29.330645161290324,by_month
tminus1_2359,A7_final_residual_ensemble,6,450,0.8131370417438375,1.022311037771221,0.7035524953511274,0.04710616612778332,1.2981265876125763,1.6788546817245902,1.9794821075376647,3.072855479306284,31.500883943905556,31.45377777777778,31.42,by_month
tminus1_2359,A7_final_residual_ensemble,7,465,0.8335657948665811,1.0817359055981783,0.6559456486682578,0.0205515925159185,1.296058425373574,1.722841682763445,2.249610445379227,3.881135707390907,32.242917183913775,32.22236559139785,32.08817204301075,by_month
tminus1_2359,A7_final_residual_ensemble,8,465,0.8734041078276495,1.116574693569729,0.7447824960092184,0.02813341009640059,1.4326575379248456,1.8266448527231798,2.2178042907515887,3.40869531372082,31.871359216548015,31.843225806451613,31.761290322580646,by_month
tminus1_2359,A7_final_residual_ensemble,9,450,0.8844318782647247,1.1331546737851348,0.7087472681610336,-0.026607684096078433,1.4690084087249295,1.8960976811780632,2.3115659241720277,3.986888470051152,31.431170093681697,31.45777777777778,31.362222222222222,by_month
tminus1_2359,A7_final_residual_ensemble,10,465,0.7274731206149645,0.9234499362567838,0.5961700214531866,-0.06391038024878413,1.1771636627750057,1.5477418562148406,1.7962046341639368,3.0349150926306585,28.802971340181323,28.866881720430108,28.729032258064517,by_month
tminus1_2359,A7_final_residual_ensemble,11,449,0.7383898388915854,0.955632017159466,0.5675730520315447,0.06162607143478793,1.2236226233791168,1.5900513739329132,2.033894930602416,3.2346218784485714,25.187238543595146,25.125612472160356,25.053452115812917,by_month
tminus1_2359,A7_final_residual_ensemble,12,465,0.7137243649164661,0.8879356478543396,0.6403465703343905,0.03264038002959219,1.1375065146816703,1.457156779149348,1.73547034032891,2.821199936072574,20.531995218739272,20.499354838709678,20.31827956989247,by_month
tminus1_2359,A8_direct_lgbm_absolute,1,496,0.9587475979838386,1.306782575579782,0.7617630847435528,0.25097489889996344,1.4522469938759741,1.8805635318988365,2.2796478645318614,8.43206860097291,19.52920070535158,19.278225806451612,19.046370967741936,by_month
tminus1_2359,A8_direct_lgbm_absolute,2,452,1.1396588808532155,1.4521832530329413,0.9738450045046072,0.19860804627672973,1.787554228367297,2.306506949080757,2.808722623483312,5.089968822761708,20.526484152471422,20.32787610619469,20.057522123893804,by_month
tminus1_2359,A8_direct_lgbm_absolute,3,496,1.1328183393780187,1.4079561084458283,0.9566719547538991,0.10030795562452624,1.8751097472313099,2.30696071492525,2.7481871726481293,4.022187033156946,23.128332149172913,23.02802419354839,22.846774193548388,by_month
tminus1_2359,A8_direct_lgbm_absolute,4,480,1.1393747135796113,1.4088160394089728,0.985849270180541,0.017461788635204555,1.8100292989511837,2.227201072646121,2.743458881010406,4.21111250684713,26.501003455301873,26.483541666666667,26.385416666666668,by_month
tminus1_2359,A8_direct_lgbm_absolute,5,496,1.084990756072147,1.3579806964016432,0.9224813905607068,-0.023752670539400365,1.7845463861993913,2.2922031569587897,2.6256342038224165,4.026715327788612,29.26334410365415,29.28709677419355,29.330645161290324,by_month
tminus1_2359,A8_direct_lgbm_absolute,6,450,0.8549962132885219,1.074439292777268,0.7137699916572551,-0.10557027607057026,1.3915687641433545,1.765089425752431,2.2042321441033215,2.7845280886708608,31.348207501707204,31.45377777777778,31.42,by_month
tminus1_2359,A8_direct_lgbm_absolute,7,465,0.9581470065365038,1.2068603374253275,0.8011656531128075,-0.35412836184212443,1.5270963781018658,2.0157301477925604,2.3378439388784105,3.9870382641328668,31.868237229555728,32.22236559139785,32.08817204301075,by_month
tminus1_2359,A8_direct_lgbm_absolute,8,465,0.9101857731921295,1.1567686234291723,0.7553369707319533,-0.19892403286696794,1.4820900003259043,1.9177365135807136,2.149158194763852,3.4835997984893936,31.644301773584644,31.843225806451613,31.761290322580646,by_month
tminus1_2359,A8_direct_lgbm_absolute,9,450,0.909451080920185,1.162461109307652,0.7134369237018756,-0.21626384189059644,1.5247713144951889,2.007426295342601,2.2908091656991028,3.9624683863042485,31.24151393588718,31.45777777777778,31.362222222222222,by_month
tminus1_2359,A8_direct_lgbm_absolute,10,465,0.7551572161296422,0.9562513767923633,0.6253768770359542,-0.0825598632856442,1.208174058781625,1.5794138252135266,1.9015283631249147,3.202691036069929,28.784321857144462,28.866881720430108,28.729032258064517,by_month
tminus1_2359,A8_direct_lgbm_absolute,11,449,0.7568111563146361,0.9665081481271266,0.600685727216753,0.11876882068655828,1.249098634968563,1.6408395022211286,1.9459964254204187,3.1795486539879043,25.244381292846917,25.125612472160356,25.053452115812917,by_month
tminus1_2359,A8_direct_lgbm_absolute,12,465,0.7547839520901376,0.9475295199599794,0.6334689583495923,0.2164155472068725,1.199390944394034,1.5500373552212308,1.8367229272587535,3.6446691952482766,20.715770385916553,20.499354838709678,20.31827956989247,by_month
tminus1_2359,B0_climatology_persistence,1,496,2.052782258064516,2.6705241421017685,1.6500000000000004,-0.3691129032258066,3.0600000000000005,4.620000000000001,5.395000000000002,10.479999999999999,18.909112903225804,19.278225806451612,19.046370967741936,by_month
tminus1_2359,B0_climatology_persistence,2,452,2.52858407079646,3.154671911190867,2.070000000000002,-0.7234955752212388,4.155999999999999,5.3000000000000025,6.109000000000001,8.999999999999996,19.60438053097345,20.32787610619469,20.057522123893804,by_month
tminus1_2359,B0_climatology_persistence,3,496,2.707197580645161,3.2641811266256893,2.445000000000002,-0.8592943548387095,4.340000000000002,5.194999999999999,5.984999999999999,9.099999999999998,22.168729838709677,23.02802419354839,22.846774193548388,by_month
tminus1_2359,B0_climatology_persistence,4,480,2.3668958333333334,2.8095688058846324,2.26,-0.7144791666666667,3.6799999999999997,4.472999999999999,4.850999999999997,9.959999999999997,25.7690625,26.483541666666667,26.385416666666668,by_month
tminus1_2359,B0_climatology_persistence,5,496,2.035725806451613,2.412296957860542,1.9399999999999977,-0.3068951612903223,3.179999999999996,3.744999999999999,4.234999999999999,7.260000000000002,28.980201612903226,29.28709677419355,29.330645161290324,by_month
tminus1_2359,B0_climatology_persistence,6,450,1.4433333333333334,1.7432842567980704,1.299999999999999,-0.45266666666666666,2.3240000000000016,2.6999999999999993,3.0654999999999992,5.800000000000001,31.00111111111111,31.45377777777778,31.42,by_month
tminus1_2359,B0_climatology_persistence,7,465,1.3876559139784945,1.7056906651445596,1.1999999999999957,-0.19793548387096785,2.1640000000000015,2.7519999999999984,3.468000000000001,4.600000000000001,32.02443010752688,32.22236559139785,32.08817204301075,by_month
tminus1_2359,B0_climatology_persistence,8,465,1.5251612903225804,1.8592579164817342,1.3399999999999963,-0.14133333333333278,2.3159999999999967,2.9520000000000035,3.4999999999999987,6.260000000000002,31.70189247311828,31.843225806451613,31.761290322580646,by_month
tminus1_2359,B0_climatology_persistence,9,450,1.5276888888888889,1.8288298626899844,1.3900000000000023,-0.6023999999999999,2.3999999999999986,2.821,3.1910000000000016,5.199999999999999,30.85537777777778,31.45777777777778,31.362222222222222,by_month
tminus1_2359,B0_climatology_persistence,10,465,1.5795698924731183,1.9997225614021175,1.3000000000000043,-0.5108817204301076,2.5999999999999988,3.2060000000000004,3.832000000000001,8.04,28.355999999999998,28.866881720430108,28.729032258064517,by_month
tminus1_2359,B0_climatology_persistence,11,449,1.6280846325167038,2.062984680177214,1.360000000000003,-0.3323608017817372,2.6400000000000006,3.256,3.9800000000000004,7.399999999999999,24.79325167037862,25.125612472160356,25.053452115812917,by_month
tminus1_2359,B0_climatology_persistence,12,465,1.9724301075268817,2.5406193470621816,1.6199999999999974,0.10941935483870982,3.2680000000000025,4.251999999999999,5.131999999999999,7.960000000000003,20.60877419354839,20.499354838709678,20.31827956989247,by_month
tminus1_2359,D0_A7_reproduction,1,496,0.8484131754335659,1.1046885391087267,0.7154632091067832,-0.058087416293716616,1.3260895385028526,1.7300501380412605,2.11311677020275,7.769879133313763,19.2201383901579,19.278225806451612,19.046370967741936,by_month
tminus1_2359,D0_A7_reproduction,2,452,1.0551375553800961,1.316231545584106,0.8633688217537063,-0.08084773281174573,1.6935189462863804,2.1267908263957387,2.716283749685665,3.644768324873379,20.247028373382943,20.32787610619469,20.057522123893804,by_month
tminus1_2359,D0_A7_reproduction,3,496,1.109042339691241,1.3992469930726734,0.8722476094748632,-0.0384605654111378,1.8375697212584683,2.3644930928160335,2.7584380907821355,4.265748402550646,22.98956362813725,23.02802419354839,22.846774193548388,by_month
tminus1_2359,D0_A7_reproduction,4,480,1.1276850982976485,1.3926966020405696,1.0192648736724212,-0.01462814140894464,1.8000006786043246,2.229780272496704,2.607979736812884,4.002307873410452,26.468913525257722,26.483541666666667,26.385416666666668,by_month
tminus1_2359,D0_A7_reproduction,5,496,1.0285037447949248,1.3180757669836265,0.8179190420244566,0.08814916813211066,1.6667622390929786,2.2610397959706905,2.6363992916753665,4.432900809485698,29.37524594232566,29.28709677419355,29.330645161290324,by_month
tminus1_2359,D0_A7_reproduction,6,450,0.8131370417438375,1.022311037771221,0.7035524953511274,0.04710616612778332,1.2981265876125763,1.6788546817245902,1.9794821075376647,3.072855479306284,31.500883943905556,31.45377777777778,31.42,by_month
tminus1_2359,D0_A7_reproduction,7,465,0.8335657948665811,1.0817359055981783,0.6559456486682578,0.0205515925159185,1.296058425373574,1.722841682763445,2.249610445379227,3.881135707390907,32.242917183913775,32.22236559139785,32.08817204301075,by_month
tminus1_2359,D0_A7_reproduction,8,465,0.8734041078276495,1.116574693569729,0.7447824960092184,0.02813341009640059,1.4326575379248456,1.8266448527231798,2.2178042907515887,3.40869531372082,31.871359216548015,31.843225806451613,31.761290322580646,by_month
tminus1_2359,D0_A7_reproduction,9,450,0.8844318782647247,1.1331546737851348,0.7087472681610336,-0.026607684096078433,1.4690084087249295,1.8960976811780632,2.3115659241720277,3.986888470051152,31.431170093681697,31.45777777777778,31.362222222222222,by_month
tminus1_2359,D0_A7_reproduction,10,465,0.7274731206149645,0.9234499362567838,0.5961700214531866,-0.06391038024878413,1.1771636627750057,1.5477418562148406,1.7962046341639368,3.0349150926306585,28.802971340181323,28.866881720430108,28.729032258064517,by_month
tminus1_2359,D0_A7_reproduction,11,449,0.7383898388915854,0.955632017159466,0.5675730520315447,0.06162607143478793,1.2236226233791168,1.5900513739329132,2.033894930602416,3.2346218784485714,25.187238543595146,25.125612472160356,25.053452115812917,by_month
tminus1_2359,D0_A7_reproduction,12,465,0.7137243649164661,0.8879356478543396,0.6403465703343905,0.03264038002959219,1.1375065146816703,1.457156779149348,1.73547034032891,2.821199936072574,20.531995218739272,20.499354838709678,20.31827956989247,by_month
tminus1_2359,D1_official_residual_memory_shrinkage,1,496,0.8868044742153659,1.1573276824052485,0.717764027040042,-0.18341949913696812,1.3896865182692046,1.7919237830754522,2.1656290525105497,8.676413671335707,19.09480630731465,19.278225806451612,19.046370967741936,by_month
tminus1_2359,D1_official_residual_memory_shrinkage,2,452,1.0668714747023105,1.3339754980042111,0.9177517290921013,-0.21820007159766566,1.6618264779161542,2.1689366019491527,2.745723522069546,3.7939563646637335,20.109676034597022,20.32787610619469,20.057522123893804,by_month
tminus1_2359,D1_official_residual_memory_shrinkage,3,496,1.1429122829870912,1.445435748654607,0.8815336235660371,-0.13409465542566523,1.8748536643047622,2.368950402520877,2.7601056171378504,4.3988855176618,22.893929538122723,23.02802419354839,22.846774193548388,by_month
tminus1_2359,D1_official_residual_memory_shrinkage,4,480,1.1743250215528074,1.447267480483834,1.0545984622488156,-0.08171461923140286,1.8944119865087785,2.296412710672221,2.778908295763712,4.1782771337482565,26.40182704743527,26.483541666666667,26.385416666666668,by_month
tminus1_2359,D1_official_residual_memory_shrinkage,5,496,1.0635556597235707,1.3605990379803918,0.8641766291378765,0.04997419942499979,1.6834295805576787,2.442897721560019,2.7685777899436914,4.473738263073525,29.337070973618548,29.28709677419355,29.330645161290324,by_month
tminus1_2359,D1_official_residual_memory_shrinkage,6,450,0.8184595655074052,1.0308542752813343,0.6605696071135263,-0.0370595756834835,1.3458870436449546,1.6704663307331977,2.0168561239354497,3.2871855222670625,31.416718202094295,31.45377777777778,31.42,by_month
tminus1_2359,D1_official_residual_memory_shrinkage,7,465,0.8568744884888255,1.105130368595549,0.6938356306881204,-0.11545437952987002,1.2933065280052647,1.8095787489095074,2.230051456733565,3.6992108245219306,32.106911211867974,32.22236559139785,32.08817204301075,by_month
tminus1_2359,D1_official_residual_memory_shrinkage,8,465,0.8994357911959371,1.146134671684212,0.7365947578347196,-0.06105678457904228,1.4413621508752472,1.838125526960663,2.180981729193896,3.6315527145525337,31.78216902187257,31.843225806451613,31.761290322580646,by_month
tminus1_2359,D1_official_residual_memory_shrinkage,9,450,0.9198332502181036,1.1820751735256894,0.7350434991766619,-0.07686541433363857,1.5232687015696704,2.0150159140551356,2.3572783879945978,3.8720064510180983,31.380912363444136,31.45777777777778,31.362222222222222,by_month
tminus1_2359,D1_official_residual_memory_shrinkage,10,465,0.7685828844092525,0.9775969268776393,0.617379951681901,-0.10999048771633556,1.247875265258554,1.636774574282788,1.9210420626621125,3.48584358243955,28.756891232713773,28.866881720430108,28.729032258064517,by_month
tminus1_2359,D1_official_residual_memory_shrinkage,11,449,0.7816527443798401,1.0118920843263,0.6178875419723973,-0.05833983081600258,1.235205844239323,1.7030593303592914,2.064899492082323,4.295837993083314,25.067272641344353,25.125612472160356,25.053452115812917,by_month
tminus1_2359,D1_official_residual_memory_shrinkage,12,465,0.7502504907636174,0.933448171988968,0.6320352007439389,-0.15342146128458567,1.1815189739380574,1.532594126050293,1.8145333970216129,2.893351851907397,20.34593337742509,20.499354838709678,20.31827956989247,by_month
tminus1_2359,D2_A3_plus_residual_memory_lgbm,1,496,0.8590133039043519,1.1186346312277662,0.7228161251476948,-0.0016952727739842372,1.3431509892173707,1.7659641465143157,2.1786062225624043,8.33355436070451,19.27653053367763,19.278225806451612,19.046370967741936,by_month
tminus1_2359,D2_A3_plus_residual_memory_lgbm,2,452,1.0505252114886268,1.3044534361316598,0.9070390447103396,-0.06557853263844547,1.6447785370055563,2.0932156318775434,2.5972565978265707,3.814907907600011,20.262297573556246,20.32787610619469,20.057522123893804,by_month
tminus1_2359,D2_A3_plus_residual_memory_lgbm,3,496,1.1142395360265716,1.4173691717404826,0.9295601521345738,-0.001395586823928206,1.8342775883065556,2.31335758749319,2.7086232384219002,4.353198966878416,23.026628606724458,23.02802419354839,22.846774193548388,by_month
tminus1_2359,D2_A3_plus_residual_memory_lgbm,4,480,1.1452919310257366,1.4248086990272333,0.9856508917038678,0.002534794631451113,1.8394767354925594,2.2589921845972407,2.7093566554814608,4.041989333191484,26.48607646129812,26.483541666666667,26.385416666666668,by_month
tminus1_2359,D2_A3_plus_residual_memory_lgbm,5,496,1.036463219488503,1.3286019792326178,0.8177374999730898,0.07441124988183058,1.724386756599479,2.3163049817620767,2.633010381552481,4.544581973816044,29.361508024075377,29.28709677419355,29.330645161290324,by_month
tminus1_2359,D2_A3_plus_residual_memory_lgbm,6,450,0.8193329701943421,1.0292186903123244,0.7074685280763209,0.05519457437581298,1.3381651988582222,1.6731969049503936,2.0892810151035293,2.985876026413944,31.50897235215359,31.45377777777778,31.42,by_month
tminus1_2359,D2_A3_plus_residual_memory_lgbm,7,465,0.8515982049839134,1.0967967641577454,0.672405102474066,-0.030069519901650354,1.2877988632709463,1.8101701293461094,2.2845750098745827,3.918719796165824,32.1922960714962,32.22236559139785,32.08817204301075,by_month
tminus1_2359,D2_A3_plus_residual_memory_lgbm,8,465,0.8837582609093597,1.1267597707665928,0.7217990492427191,-0.018023424383762653,1.4005748818744348,1.870241089046771,2.094351773151451,3.489611502229568,31.82520238206785,31.843225806451613,31.761290322580646,by_month
tminus1_2359,D2_A3_plus_residual_memory_lgbm,9,450,0.8940270495314367,1.1544889200915869,0.7214739071353584,-0.03623070059996017,1.4871491852168555,1.9595881913817128,2.275544606901841,3.8502916640594123,31.42154707717782,31.45777777777778,31.362222222222222,by_month
tminus1_2359,D2_A3_plus_residual_memory_lgbm,10,465,0.7382711319642902,0.9404987111327068,0.6225239764736727,-0.0509554415139257,1.1761395099512826,1.5379365381371841,1.8544340323861812,3.4050217221165795,28.81592627891618,28.866881720430108,28.729032258064517,by_month
tminus1_2359,D2_A3_plus_residual_memory_lgbm,11,449,0.7535276128569649,0.9771506523173377,0.5816288833236349,0.10076401261240517,1.2005059498463226,1.670415629515576,2.0020091850839057,3.4162763263256224,25.22637648477276,25.125612472160356,25.053452115812917,by_month
tminus1_2359,D2_A3_plus_residual_memory_lgbm,12,465,0.7186115457681719,0.8969018827121122,0.633052627427368,0.08471238779567931,1.1216060889188448,1.4368872438092297,1.7429546599590453,2.725956392223468,20.58406722650536,20.499354838709678,20.31827956989247,by_month
tminus1_2359,D3_pruned_full_plus_residual_memory_lgbm,1,496,0.8549241017991519,1.114079864070785,0.7095453565882561,-0.00979724517911796,1.327078154177613,1.7371439816543948,2.1670288130945803,8.309032433536702,19.268428561272493,19.278225806451612,19.046370967741936,by_month
tminus1_2359,D3_pruned_full_plus_residual_memory_lgbm,2,452,1.0539857267761188,1.3109357269569744,0.8841503576250567,-0.06785474862713445,1.6362811466857452,2.1123442994814763,2.5559804655366056,3.886150335403686,20.260021357567556,20.32787610619469,20.057522123893804,by_month
tminus1_2359,D3_pruned_full_plus_residual_memory_lgbm,3,496,1.1077097091453627,1.4042099609787442,0.8921048794138855,-0.004677462660370326,1.882531555939579,2.3018247854359206,2.7452867591003676,4.301584291142152,23.023346730888015,23.02802419354839,22.846774193548388,by_month
tminus1_2359,D3_pruned_full_plus_residual_memory_lgbm,4,480,1.1357866765943598,1.4094264940272387,1.0013885924835773,0.0034175645894289155,1.8354571893601759,2.2545155050399797,2.748315193127493,4.190802657159907,26.486959231256094,26.483541666666667,26.385416666666668,by_month
tminus1_2359,D3_pruned_full_plus_residual_memory_lgbm,5,496,1.0427813662415986,1.334194371466317,0.8238462894213825,0.05847933148254563,1.655001025475677,2.2542459290163013,2.703743251630386,4.31514274759947,29.34557610567609,29.28709677419355,29.330645161290324,by_month
tminus1_2359,D3_pruned_full_plus_residual_memory_lgbm,6,450,0.8127320367930145,1.0195100217191433,0.7155074855802628,0.0528841025600692,1.3301444004086103,1.6755258253317806,1.922700082329877,3.13912339769794,31.506661880337848,31.45377777777778,31.42,by_month
tminus1_2359,D3_pruned_full_plus_residual_memory_lgbm,7,465,0.8530359325242323,1.1017957628458617,0.7045534186462774,0.01242787097287629,1.2985691651706088,1.8176348651603793,2.300987897612292,3.848655970716731,32.234793462370725,32.22236559139785,32.08817204301075,by_month
tminus1_2359,D3_pruned_full_plus_residual_memory_lgbm,8,465,0.8827575374062275,1.1228770193917093,0.774022244519557,0.008926264173011145,1.4471956673626765,1.762527408863224,2.156283353100786,3.474611333284173,31.852152070624623,31.843225806451613,31.761290322580646,by_month
tminus1_2359,D3_pruned_full_plus_residual_memory_lgbm,9,450,0.8934329133165106,1.1528510880412255,0.7200721731949979,-0.03471011645422287,1.5193437121958917,1.9228282820205427,2.34580641908269,4.023037183863607,31.423067661323554,31.45777777777778,31.362222222222222,by_month
tminus1_2359,D3_pruned_full_plus_residual_memory_lgbm,10,465,0.7363618521420462,0.9349210652693265,0.5968368599349958,-0.0597827664009412,1.174147408813799,1.566891189382358,1.8228454628715682,3.0067526850491753,28.807098954029172,28.866881720430108,28.729032258064517,by_month
tminus1_2359,D3_pruned_full_plus_residual_memory_lgbm,11,449,0.7419731990869861,0.9608141702609678,0.5678749144501438,0.07920691833639824,1.2258058716840472,1.6384142631659726,2.000693368600691,3.281393678799727,25.204819390496755,25.125612472160356,25.053452115812917,by_month
tminus1_2359,D3_pruned_full_plus_residual_memory_lgbm,12,465,0.7208152940915737,0.892496220654662,0.6550297070154549,0.06304606858446817,1.111741196266499,1.4184965136621708,1.7133667962742607,2.7247858131660916,20.562400907294148,20.499354838709678,20.31827956989247,by_month
tminus1_2359,D4_residual_memory_constrained_stack,1,496,0.8482108828991664,1.1028038131498623,0.6997086151489169,-0.052171373288722005,1.3335759958921258,1.7286432252476303,2.1111565678321433,7.765872394008893,19.22605443316289,19.278225806451612,19.046370967741936,by_month
tminus1_2359,D4_residual_memory_constrained_stack,2,452,1.0549151841370075,1.3140112574494958,0.8704876559128412,-0.07681693957703113,1.7022066130261153,2.1457031961283324,2.697502532548571,3.6317099013780574,20.251059166617658,20.32787610619469,20.057522123893804,by_month
tminus1_2359,D4_residual_memory_constrained_stack,3,496,1.109299438891813,1.3992542447224554,0.8754730264573887,-0.03507684122295279,1.827066396282996,2.3460390394806314,2.7583606860156227,4.282805461966518,22.992947352325437,23.02802419354839,22.846774193548388,by_month
tminus1_2359,D4_residual_memory_constrained_stack,4,480,1.127754746185333,1.3937654424056303,1.018888380547173,-0.014982375575122076,1.7930299800922318,2.2446799687651247,2.633079240731629,3.983554806570467,26.468559291091545,26.483541666666667,26.385416666666668,by_month
tminus1_2359,D4_residual_memory_constrained_stack,5,496,1.0292842597233294,1.3184841959691973,0.8191411205362904,0.08644834559828024,1.6545107495581277,2.2457727077374816,2.617805897520591,4.43121708379833,29.373545119791828,29.28709677419355,29.330645161290324,by_month
tminus1_2359,D4_residual_memory_constrained_stack,6,450,0.8131777688832161,1.022107511584539,0.7018028723396981,0.04920747416256233,1.3037008444790452,1.679472043811984,1.9716997811697998,3.039276630394994,31.50298525194034,31.45377777777778,31.42,by_month
tminus1_2359,D4_residual_memory_constrained_stack,7,465,0.83350131514589,1.080796853476905,0.6514580060537192,0.013714946409429671,1.2994548854298908,1.7171898176917524,2.2439739737137905,3.8961821344505267,32.236080537807275,32.22236559139785,32.08817204301075,by_month
tminus1_2359,D4_residual_memory_constrained_stack,8,465,0.8724992954387979,1.1150224430305988,0.7520940248001651,0.022064459623801044,1.4193663767498463,1.8301994117126557,2.204518967448515,3.4229567863896193,31.865290266075412,31.843225806451613,31.761290322580646,by_month
tminus1_2359,D4_residual_memory_constrained_stack,9,450,0.8840095778764836,1.1330806361074415,0.7136545309440336,-0.02977107336847739,1.4726916599718145,1.8996726250404472,2.3005575476967195,4.011877236165912,31.4280067044093,31.45777777777778,31.362222222222222,by_month
tminus1_2359,D4_residual_memory_constrained_stack,10,465,0.7270506008837246,0.9231165717161102,0.5908060054948088,-0.06348938266368563,1.1761676822560554,1.5455951805355015,1.7809268342826738,3.0519519851191035,28.80339233776642,28.866881720430108,28.729032258064517,by_month
tminus1_2359,D4_residual_memory_constrained_stack,11,449,0.7387639486318376,0.9562321898749324,0.5568812131673972,0.06526238471699725,1.2194681065348918,1.5999480379003521,2.0200598124880007,3.237214610339862,25.190874856877354,25.125612472160356,25.053452115812917,by_month
tminus1_2359,D4_residual_memory_constrained_stack,12,465,0.7121178343931118,0.8861244270684027,0.6364868556406194,0.0378615751880379,1.1251087008875984,1.462949537057198,1.7180854665304157,2.8002462380006534,20.537216413897717,20.499354838709678,20.31827956989247,by_month
tminus1_2359,D5_conservative_A7_plus_memory_blend,1,496,0.8479231464131275,1.104027639842359,0.7079867595271763,-0.05447212577006284,1.3335759958921258,1.7286432252476303,2.1111565678321433,7.85,19.223753680681547,19.278225806451612,19.046370967741936,by_month
tminus1_2359,D5_conservative_A7_plus_memory_blend,2,452,1.0561113652872542,1.3154104671382145,0.8704876559128412,-0.07837973200338337,1.7063277601816318,2.1457031961283324,2.697502532548571,3.6317099013780574,20.24949637419131,20.32787610619469,20.057522123893804,by_month
tminus1_2359,D5_conservative_A7_plus_memory_blend,3,496,1.1090241978804731,1.3991660724678197,0.8754730264573887,-0.03557461307830674,1.827066396282996,2.3460390394806314,2.7583606860156227,4.282805461966518,22.99244958047008,23.02802419354839,22.846774193548388,by_month
tminus1_2359,D5_conservative_A7_plus_memory_blend,4,480,1.127754746185333,1.3937654424056303,1.018888380547173,-0.014982375575122076,1.7930299800922318,2.2446799687651247,2.633079240731629,3.983554806570467,26.468559291091545,26.483541666666667,26.385416666666668,by_month
tminus1_2359,D5_conservative_A7_plus_memory_blend,5,496,1.0298446497849008,1.319430544821534,0.8191411205362904,0.08618037099154262,1.6545107495581277,2.2457727077374816,2.617805897520591,4.43121708379833,29.373277145185092,29.28709677419355,29.330645161290324,by_month
tminus1_2359,D5_conservative_A7_plus_memory_blend,6,450,0.8131777688832161,1.022107511584539,0.7018028723396981,0.04920747416256233,1.3037008444790452,1.679472043811984,1.9716997811697998,3.039276630394994,31.50298525194034,31.45377777777778,31.42,by_month
tminus1_2359,D5_conservative_A7_plus_memory_blend,7,465,0.83350131514589,1.080796853476905,0.6514580060537192,0.013714946409429671,1.2994548854298908,1.7171898176917524,2.2439739737137905,3.8961821344505267,32.236080537807275,32.22236559139785,32.08817204301075,by_month
tminus1_2359,D5_conservative_A7_plus_memory_blend,8,465,0.872491096825119,1.1150176496397324,0.7520940248001651,0.02207265823748004,1.4193663767498463,1.8301994117126557,2.204518967448515,3.4229567863896193,31.86529846468909,31.843225806451613,31.761290322580646,by_month
tminus1_2359,D5_conservative_A7_plus_memory_blend,9,450,0.88388245252178,1.132947173034178,0.7136545309440336,-0.03012042094540318,1.4726916599718145,1.8996726250404472,2.3005575476967195,4.011877236165912,31.427657356832377,31.45777777777778,31.362222222222222,by_month
tminus1_2359,D5_conservative_A7_plus_memory_blend,10,465,0.7271790074278751,0.9231471936896681,0.5908060054948088,-0.06361778920783617,1.1761676822560554,1.5455951805355015,1.7809268342826738,3.0519519851191035,28.803263931222272,28.866881720430108,28.729032258064517,by_month
tminus1_2359,D5_conservative_A7_plus_memory_blend,11,449,0.7392640960486848,0.9586840216439378,0.5568812131673972,0.06418230504886019,1.2194681065348918,1.5999480379003521,2.0200598124880007,3.5500000000000007,25.189794777209215,25.125612472160356,25.053452115812917,by_month
tminus1_2359,D5_conservative_A7_plus_memory_blend,12,465,0.7118712749767032,0.8856555458111003,0.6364868556406194,0.03555072801631073,1.1189089312387552,1.462949537057198,1.7180854665304157,2.8002462380006534,20.534905566725985,20.499354838709678,20.31827956989247,by_month
