{
  "test": {
    "bias": 0.46998645885815765,
    "corr": 0.9907866886496776,
    "mae": 1.8136091262693292,
    "maxAE": 9.405312725114399,
    "medianAE": 1.4252619834940425,
    "n": 332,
    "rmse": 2.389255141988103
  },
  "train": {
    "bias": 2.4212100733919608e-11,
    "corr": 0.9991030532267723,
    "mae": 0.512298933434711,
    "maxAE": 6.926750733055858,
    "medianAE": 0.4062255368673,
    "n": 1224,
    "rmse": 0.7017014413367506
  },
  "validation": {
    "bias": -0.2268427838755711,
    "corr": 0.9922228153473601,
    "mae": 1.875939644164913,
    "maxAE": 7.685550901616747,
    "medianAE": 1.4526586263397334,
    "n": 214,
    "rmse": 2.4784386396575564
  }
}