{
  "fill_values": {
    "asof_cos_hour": -1.0,
    "asof_sin_hour": 1.2246467991473535e-16,
    "cos_doy": -0.009202252152997253,
    "gfs_dpt_mean": 66.86031457721441,
    "gfs_n_x_mean": 78.3112536713557,
    "gfs_tmp_mean": 77.53891637038183,
    "gfs_wsp_mean": 7.20576982532076,
    "inc": 76.33707987067297,
    "inc_mean_30": 76.32471634920279,
    "inc_std_30": 2.749426722677754,
    "inc_z": 0.03019293879066303,
    "is_weekend": 0.28569221260815825,
    "month": 6.457045735475896,
    "nam_dpt_mean": 66.57567264573991,
    "nam_n_x_mean": 78.37757074377609,
    "nam_tmp_mean": 77.52555280655636,
    "nam_wsp_mean": 7.307194216792949,
    "nx_ctx": 2.00730749026647,
    "sin_doy": 0.008954716989572519
  },
  "method": "train_mean"
}