{
  "test": {
    "bias": 0.2563658663285842,
    "corr": 0.9907708567596532,
    "mae": 1.8286566596248406,
    "maxAE": 10.101897867338117,
    "medianAE": 1.5261887227820452,
    "n": 332,
    "rmse": 2.3579954486282872
  },
  "train": {
    "bias": -1.7309012611010486e-11,
    "corr": 0.9990289472915215,
    "mae": 0.5431277752575113,
    "maxAE": 6.600902233021522,
    "medianAE": 0.44183400577547616,
    "n": 1224,
    "rmse": 0.7300513813813685
  },
  "validation": {
    "bias": -0.27791056910616235,
    "corr": 0.992024019241615,
    "mae": 1.8562956354962479,
    "maxAE": 7.7642536752154925,
    "medianAE": 1.444652765024287,
    "n": 214,
    "rmse": 2.4807936694426806
  }
}