{
  "test": {
    "bias": 0.058531518612253815,
    "corr": 0.9919454851592953,
    "mae": 1.6960850219758976,
    "maxAE": 8.73546112992819,
    "medianAE": 1.4045074045214285,
    "n": 332,
    "rmse": 2.1912052911368995
  },
  "train": {
    "bias": -1.4473140188135932e-11,
    "corr": 0.9992039997639169,
    "mae": 0.4917144127457485,
    "maxAE": 6.400630394556924,
    "medianAE": 0.39260380450236454,
    "n": 1224,
    "rmse": 0.6612278082848727
  },
  "validation": {
    "bias": -0.4501285600071329,
    "corr": 0.9918672086314198,
    "mae": 1.941382508238583,
    "maxAE": 8.068296965186121,
    "medianAE": 1.4468898096152216,
    "n": 214,
    "rmse": 2.546859840081554
  }
}