{
  "test": {
    "bias": 0.30280489564593954,
    "corr": 0.9908245608029013,
    "mae": 1.8195926933320152,
    "maxAE": 8.451515781382604,
    "medianAE": 1.4417830882773046,
    "n": 332,
    "rmse": 2.357248235781799
  },
  "train": {
    "bias": 3.868275344197161e-12,
    "corr": 0.998765154117153,
    "mae": 0.6182232816803347,
    "maxAE": 6.712116746643197,
    "medianAE": 0.4953137178210554,
    "n": 1224,
    "rmse": 0.823084180019019
  },
  "validation": {
    "bias": -0.2174043956074504,
    "corr": 0.9916373865993157,
    "mae": 1.941665587729567,
    "maxAE": 7.79013434877082,
    "medianAE": 1.499299862834107,
    "n": 214,
    "rmse": 2.549934581348039
  }
}