{
  "stage1": {
    "fill_values": {
      "asof_cos_hour": -1.0,
      "asof_sin_hour": 1.2246467991473535e-16,
      "cos_doy": -0.009202252152997253,
      "gfs_cig_max": 7.881434533931055,
      "gfs_cig_mean": 7.343812799505333,
      "gfs_cig_median": 7.436929973720822,
      "gfs_cig_min": 6.4857010357087646,
      "gfs_dpt_max": 68.76843407018086,
      "gfs_dpt_mean": 66.86031457721441,
      "gfs_dpt_median": 66.8546916061215,
      "gfs_dpt_min": 65.09893337455557,
      "gfs_n_x_max": 84.8413974339156,
      "gfs_n_x_mean": 78.3112536713557,
      "gfs_n_x_median": 78.3112536713557,
      "gfs_n_x_min": 71.7811099087958,
      "gfs_p06_max": 21.55820064925027,
      "gfs_p06_mean": 13.41374246405936,
      "gfs_p06_median": 12.674292780955325,
      "gfs_p06_min": 6.7481836450765185,
      "gfs_p12_max": 27.89117328798887,
      "gfs_p12_mean": 22.357937857474106,
      "gfs_p12_median": 22.357937857474106,
      "gfs_p12_min": 16.824702426959345,
      "gfs_pos_max": 0.5884595831215048,
      "gfs_pos_mean": 0.2008769700050839,
      "gfs_pos_median": 0.02364006100660905,
      "gfs_pos_min": 0.0,
      "gfs_poz_max": 0.03202846975088968,
      "gfs_poz_mean": 0.0065137264870360955,
      "gfs_poz_median": 0.0013980681240467717,
      "gfs_poz_min": 0.0,
      "gfs_q06_max": 0.47256144690060287,
      "gfs_q06_mean": 0.21815582006492504,
      "gfs_q06_median": 0.17591590663162776,
      "gfs_q06_min": 0.04823002009584171,
      "gfs_q12_max": 0.6204977585407327,
      "gfs_q12_mean": 0.4183799659916525,
      "gfs_q12_median": 0.4183799659916525,
      "gfs_q12_min": 0.21626217344257226,
      "gfs_snw_max": 0.0,
      "gfs_snw_mean": 0.0,
      "gfs_snw_median": 0.0,
      "gfs_snw_min": 0.0,
      "gfs_t06_1_max": 26.519400216416756,
      "gfs_t06_1_mean": 15.001313958880816,
      "gfs_t06_1_median": 13.885376410573505,
      "gfs_t06_1_min": 5.715102797959499,
      "gfs_t06_2_max": 3.995517081465451,
      "gfs_t06_2_mean": 1.6824084093368372,
      "gfs_t06_2_median": 1.1963982068325862,
      "gfs_t06_2_min": 0.3413201422167259,
      "gfs_t06_max": 26.519400216416756,
      "gfs_t06_mean": 15.001313958880816,
      "gfs_t06_median": 13.885376410573505,
      "gfs_t06_min": 5.715102797959499,
      "gfs_tmp_max": 82.69794404081001,
      "gfs_tmp_mean": 77.53891637038183,
      "gfs_tmp_median": 77.15241923017467,
      "gfs_tmp_min": 73.01978667491112,
      "gfs_vis_max": 7.0,
      "gfs_vis_mean": 6.985759004482919,
      "gfs_vis_median": 6.996289998454166,
      "gfs_vis_min": 6.938784974493739,
      "gfs_wdr_max": 195.71958571649404,
      "gfs_wdr_mean": 139.27326480136034,
      "gfs_wdr_median": 137.3867676611532,
      "gfs_wdr_min": 86.28226928427887,
      "gfs_wsp_max": 10.730870304529294,
      "gfs_wsp_mean": 7.20576982532076,
      "gfs_wsp_median": 7.185268202195084,
      "gfs_wsp_min": 3.8406245169268822,
      "is_weekend": 0.28569221260815825,
      "month": 6.457045735475896,
      "nam_cig_max": 7.903046234730168,
      "nam_cig_mean": 7.439780810267512,
      "nam_cig_median": 7.544069893304469,
      "nam_cig_min": 6.635379619607237,
      "nam_dpt_max": 68.70264419359827,
      "nam_dpt_mean": 66.57567264573991,
      "nam_dpt_median": 66.53494665223442,
      "nam_dpt_min": 64.67759393845678,
      "nam_n_x_max": 84.76356888820163,
      "nam_n_x_mean": 78.37757074377609,
      "nam_n_x_median": 78.37760940157723,
      "nam_n_x_min": 71.99149528374826,
      "nam_p06_max": 23.65486315138395,
      "nam_p06_mean": 14.142241379310345,
      "nam_p06_median": 13.080021648368641,
      "nam_p06_min": 6.753827122313282,
      "nam_p12_max": 29.31482913251894,
      "nam_p12_mean": 22.883755991959177,
      "nam_p12_median": 22.883640018555745,
      "nam_p12_min": 16.45291479820628,
      "nam_pos_max": 0.8377342419080068,
      "nam_pos_mean": 0.35711243611584326,
      "nam_pos_median": 0.3594548551959114,
      "nam_pos_min": 0.0,
      "nam_poz_max": 0.6652470187393527,
      "nam_poz_mean": 0.10386499148211244,
      "nam_poz_median": 0.020442930153321975,
      "nam_poz_min": 0.0,
      "nam_q06_max": 0.6077006339879387,
      "nam_q06_mean": 0.2709138704190506,
      "nam_q06_median": 0.2081336013607546,
      "nam_q06_min": 0.05968764496675429,
      "nam_q12_max": 0.728158342353487,
      "nam_q12_mean": 0.48531003556517704,
      "nam_q12_median": 0.48531003556517704,
      "nam_q12_min": 0.24246172877686717,
      "nam_snw_max": 0.0,
      "nam_snw_mean": 0.0,
      "nam_snw_median": 0.0,
      "nam_snw_min": 0.0,
      "nam_t06_1_max": 25.67434668316066,
      "nam_t06_1_mean": 14.505547394464203,
      "nam_t06_1_median": 13.414256997062006,
      "nam_t06_1_min": 5.5198701097881555,
      "nam_t06_2_max": 4.788773774547704,
      "nam_t06_2_mean": 2.4159579403123552,
      "nam_t06_2_median": 2.10762331838565,
      "nam_t06_2_min": 0.6601206123395701,
      "nam_t06_max": 25.67434668316066,
      "nam_t06_mean": 14.505547394464203,
      "nam_t06_median": 13.414256997062006,
      "nam_t06_min": 5.5198701097881555,
      "nam_tmp_max": 82.5141487552188,
      "nam_tmp_mean": 77.52555280655636,
      "nam_tmp_median": 77.14782743157569,
      "nam_tmp_min": 73.13143652389053,
      "nam_vis_max": 7.0003092624091545,
      "nam_vis_mean": 6.973036183701871,
      "nam_vis_median": 6.995824957476419,
      "nam_vis_min": 6.866244008040822,
      "nam_wdr_max": 196.45585279109324,
      "nam_wdr_mean": 140.7124632750889,
      "nam_wdr_median": 138.48616050719036,
      "nam_wdr_min": 90.148445956394,
      "nam_wsp_max": 10.760012370496366,
      "nam_wsp_mean": 7.307194216792949,
      "nam_wsp_median": 7.271687026441936,
      "nam_wsp_min": 4.028142879233029,
      "sin_doy": 0.008954716989572519
    },
    "method": "train_mean"
  },
  "stage2": {
    "fill_values": {
      "bias_ens_30": 6.742911025873302,
      "mae_ens_30": 6.825624204167875,
      "mean_sd_30": -0.06985520144282242,
      "std_sd_30": 1.455051138599927,
      "vol_change_30": 2.615587037728436,
      "vol_change_7": 2.182187749877961
    },
    "method": "train_mean"
  }
}