{
  "per_station_test": {
    "KMIA": {
      "bias": 0.21798881072339985,
      "mae": 1.2273749364799778,
      "p50_abs_error": 0.9198987589174408,
      "p90_abs_error": 2.7191621466343654,
      "p95_abs_error": 3.5035028363767737,
      "rmse": 1.7038161995547614
    }
  },
  "test": {
    "bias": 0.21798881072339985,
    "mae": 1.2273749364799778,
    "p50_abs_error": 0.9198987589174408,
    "p90_abs_error": 2.7191621466343654,
    "p95_abs_error": 3.5035028363767737,
    "rmse": 1.7038161995547614
  },
  "train": {
    "bias": 1.3908491993060135e-11,
    "mae": 1.04509334601361,
    "p50_abs_error": 0.7897606297366337,
    "p90_abs_error": 2.246049135754634,
    "p95_abs_error": 2.8740216860432173,
    "rmse": 1.4346520977920423
  },
  "validation": {
    "bias": -0.034112611078261114,
    "mae": 1.2468665750377161,
    "p50_abs_error": 0.9362356565036549,
    "p90_abs_error": 2.4054290172237134,
    "p95_abs_error": 2.845561946299324,
    "rmse": 1.6012456396149055
  }
}