{
  "test": {
    "bias": 0.30135495056161654,
    "corr": 0.9907567244915868,
    "mae": 1.800633902763751,
    "maxAE": 9.211425508649988,
    "medianAE": 1.349085774441587,
    "n": 332,
    "rmse": 2.3670480839498573
  },
  "train": {
    "bias": 2.2833386597598042e-11,
    "corr": 0.9992251518778247,
    "mae": 0.48306230686991514,
    "maxAE": 6.1609366741171065,
    "medianAE": 0.38601311965796725,
    "n": 1224,
    "rmse": 0.652593611531172
  },
  "validation": {
    "bias": -0.27418685586809255,
    "corr": 0.9923073703874904,
    "mae": 1.8548124454243442,
    "maxAE": 7.906418265477598,
    "medianAE": 1.4418293225576058,
    "n": 214,
    "rmse": 2.4588256583507166
  }
}