{
  "test": {
    "bias": 0.34771953963599267,
    "corr": 0.9908352166852499,
    "mae": 1.8195624975793212,
    "maxAE": 9.316241172447718,
    "medianAE": 1.47345661049048,
    "n": 332,
    "rmse": 2.3628177073031917
  },
  "train": {
    "bias": 1.0349745171274633e-10,
    "corr": 0.9989388805481617,
    "mae": 0.5672050615705703,
    "maxAE": 6.810867280410704,
    "medianAE": 0.4537906730629544,
    "n": 1224,
    "rmse": 0.76313525473719
  },
  "validation": {
    "bias": -0.1279136154402489,
    "corr": 0.9920949429359457,
    "mae": 1.9075984812370135,
    "maxAE": 7.241682838393999,
    "medianAE": 1.5088581211001397,
    "n": 214,
    "rmse": 2.474035682326437
  }
}