{
  "test": {
    "bias": 0.48518072092727726,
    "corr": 0.9903307428174001,
    "mae": 1.8472058061346086,
    "maxAE": 10.423257130431772,
    "medianAE": 1.3857430194469558,
    "n": 332,
    "rmse": 2.4475666588369545
  },
  "train": {
    "bias": 1.414666495784361e-11,
    "corr": 0.9991071089752717,
    "mae": 0.509537298692285,
    "maxAE": 7.045684579575596,
    "medianAE": 0.39976690779179336,
    "n": 1224,
    "rmse": 0.7003387730315105
  },
  "validation": {
    "bias": -0.17088969962464043,
    "corr": 0.9920965505545111,
    "mae": 1.9563794559769607,
    "maxAE": 7.886085139705891,
    "medianAE": 1.592243806433256,
    "n": 214,
    "rmse": 2.5150454172883947
  }
}