{
  "test": {
    "bias": 0.2802615274741692,
    "corr": 0.9911311640024735,
    "mae": 1.7697755717140826,
    "maxAE": 9.062698093414916,
    "medianAE": 1.463047859063547,
    "n": 332,
    "rmse": 2.315851726415458
  },
  "train": {
    "bias": 1.4451309285037597e-10,
    "corr": 0.9986733813163609,
    "mae": 0.638189119524992,
    "maxAE": 7.204506990060359,
    "medianAE": 0.5220810159777258,
    "n": 1224,
    "rmse": 0.8530671350215958
  },
  "validation": {
    "bias": -0.14628884997250813,
    "corr": 0.9920807505936587,
    "mae": 1.9138290093805743,
    "maxAE": 7.9267879600865,
    "medianAE": 1.493513553751363,
    "n": 214,
    "rmse": 2.4933017663193677
  }
}