tree
version=v4
num_class=1
num_tree_per_iteration=1
label_index=0
max_feature_idx=299
objective=binary sigmoid:1
feature_names=Column_0 Column_1 Column_2 Column_3 Column_4 Column_5 Column_6 Column_7 Column_8 Column_9 Column_10 Column_11 Column_12 Column_13 Column_14 Column_15 Column_16 Column_17 Column_18 Column_19 Column_20 Column_21 Column_22 Column_23 Column_24 Column_25 Column_26 Column_27 Column_28 Column_29 Column_30 Column_31 Column_32 Column_33 Column_34 Column_35 Column_36 Column_37 Column_38 Column_39 Column_40 Column_41 Column_42 Column_43 Column_44 Column_45 Column_46 Column_47 Column_48 Column_49 Column_50 Column_51 Column_52 Column_53 Column_54 Column_55 Column_56 Column_57 Column_58 Column_59 Column_60 Column_61 Column_62 Column_63 Column_64 Column_65 Column_66 Column_67 Column_68 Column_69 Column_70 Column_71 Column_72 Column_73 Column_74 Column_75 Column_76 Column_77 Column_78 Column_79 Column_80 Column_81 Column_82 Column_83 Column_84 Column_85 Column_86 Column_87 Column_88 Column_89 Column_90 Column_91 Column_92 Column_93 Column_94 Column_95 Column_96 Column_97 Column_98 Column_99 Column_100 Column_101 Column_102 Column_103 Column_104 Column_105 Column_106 Column_107 Column_108 Column_109 Column_110 Column_111 Column_112 Column_113 Column_114 Column_115 Column_116 Column_117 Column_118 Column_119 Column_120 Column_121 Column_122 Column_123 Column_124 Column_125 Column_126 Column_127 Column_128 Column_129 Column_130 Column_131 Column_132 Column_133 Column_134 Column_135 Column_136 Column_137 Column_138 Column_139 Column_140 Column_141 Column_142 Column_143 Column_144 Column_145 Column_146 Column_147 Column_148 Column_149 Column_150 Column_151 Column_152 Column_153 Column_154 Column_155 Column_156 Column_157 Column_158 Column_159 Column_160 Column_161 Column_162 Column_163 Column_164 Column_165 Column_166 Column_167 Column_168 Column_169 Column_170 Column_171 Column_172 Column_173 Column_174 Column_175 Column_176 Column_177 Column_178 Column_179 Column_180 Column_181 Column_182 Column_183 Column_184 Column_185 Column_186 Column_187 Column_188 Column_189 Column_190 Column_191 Column_192 Column_193 Column_194 Column_195 Column_196 Column_197 Column_198 Column_199 Column_200 Column_201 Column_202 Column_203 Column_204 Column_205 Column_206 Column_207 Column_208 Column_209 Column_210 Column_211 Column_212 Column_213 Column_214 Column_215 Column_216 Column_217 Column_218 Column_219 Column_220 Column_221 Column_222 Column_223 Column_224 Column_225 Column_226 Column_227 Column_228 Column_229 Column_230 Column_231 Column_232 Column_233 Column_234 Column_235 Column_236 Column_237 Column_238 Column_239 Column_240 Column_241 Column_242 Column_243 Column_244 Column_245 Column_246 Column_247 Column_248 Column_249 Column_250 Column_251 Column_252 Column_253 Column_254 Column_255 Column_256 Column_257 Column_258 Column_259 Column_260 Column_261 Column_262 Column_263 Column_264 Column_265 Column_266 Column_267 Column_268 Column_269 Column_270 Column_271 Column_272 Column_273 Column_274 Column_275 Column_276 Column_277 Column_278 Column_279 Column_280 Column_281 Column_282 Column_283 Column_284 Column_285 Column_286 Column_287 Column_288 Column_289 Column_290 Column_291 Column_292 Column_293 Column_294 Column_295 Column_296 Column_297 Column_298 Column_299
feature_infos=[-75:99] [-69:94] [-77.75:94] [-74.25:99] [-34:99] [-17:123] [-89:92] [0:166] [5:810] [0:152] [0:1] [0:60] [0:1] [0:120] [0:1] [0:180] [0:1] [0:60] [0:1] [0:120] [0:1] [0:180] [0:1] [0:60] [0:1] [0:120] [0:1] [0:180] [-390:24] [-27.771428571428569:57.771428571428565] [-25.715394566623541:152.57142857142856] [-47.021081576535288:77.502380688738796] [-50.227799227799224:77.502380688738782] [-77.15952354588164:107.99922779922778] [-30.195128383925415:160.27089772430361] [0:26.414037724075598] [0:52.993599296122774] [0:7.5] [0:11] [0:43.25] [0:123] [0:27] [0:27] [0:25] [0:350] [0:1] [10:315] [-116.69453031245484:63.915533618923455] [-10.95104895104895:21.412987012987017] [-54:70.61818181818181] [0.0024660912453760789:1] [0:738] [0.0061728395061728392:1] [0:745] [0:1430] [0:1430] [0:174] [0:174] [0:65] [56:95] [53:95] [56:95] [52:95] [54.5:95] [54.5:95] none [0:17] none [48:94] [47:93] [40:86] [43:85] [47.5:93] [42:85.5] [1:17.5] [0:13] [0:14] [46.5:89.5] [0:9] [45.5:90.25] [46.75:89.25] [48:94] [47:93] [40:86] [43:85] [48:94] [40:85] [17.375:78.5] [0:9.25] [18.25:78.5] [16.5:79] [20:79] [18:81] [16:78] [15:79] [20:81] [15:78] [1.875:34.75] [0:8.5] [1.75:30.75] [1:38.75] [3:46] [2:54] [0:22] [0:25] [4:54] [0:22] [1.2499999999999969:351.25] [0:177.5] [10:355] [10:360] [10:360] [10:360] [0:350] [0:360] [20:360] [0:340] [2.875:8] [0:3.75] [2.75:8] [2.5:8] [3:8] [3:8] [2:8] [2:8] [4:8] [2:8] [3:7] [0:3.5] [2.75:7] [3.5:7] none none [1:7] [2:7] none [1:7] [0:100] [0:100] [0:100] [0:100] [0:100] [0:100] [0:95.5] [0:100] [0:91] [0:59] [0:59] [0:100] [0:100] [0:100] [0:100] [0:100] [0:100] [0:100] [0:100] [0:100] [0:69] [0:69] [0:5] [0:5] [0:5] [0:5] [0:5] [0:5] [0:5] [0:5] [0:5] [0:5] [0:5] [0:6] [0:6] [0:6] [0:6] [0:6] [0:6] [0:6] [0:6] [0:6] [0:6] [0:6] [0:100] [0:499.5] [0:100] [0:999] [0:100] [0:100] [0:252.75] [0:999] [0:100] [0:493.5] [0:993] [0:53] [0:499.5] [0:100] [0:999] [0:10] [0:99] [0:251.25] [0:999] [0:7] [0:496.5] [0:993] [0:27] [0:549] [0:27] [0:999] [0:27] [0:99] [0:274.5] [0:999] [0:27] [0:549] [0:999] [0:29] [0:29] [0:29] [0:29] [0:29] [0:29] [0:41] [0:41] [0:41] [0:41] [0:41] [0:41] [0:100] [0:999] [0:100] [0:999] [0:100] [0:999] [0:549.5] [0:999] [0:100] [0:999] [0:999] [0:10] [0:0.75] [0:25] [0:2] none none [0:10] [0:25] none [0:0.75] [0:2] none [0:2.25] none [0:3] none none [0:1.25] [0:3] none [0:2] [0:2] [-23.081421906443204:18.941170361358598] [-12.892545659532393:32.387273457577244] [4.5:46.5] [4.5:76.5] [54.735340191163012:95.412793109266914] [0.29954954954954954:0.83333333333333337] [0:0.76000000000000001] [0.29875518672199169:0.46666666666666667] none [0.28602150537634408:0.46666666666666667] [0.33540991776725643:0.66666666666666663] [0.33350305498981669:1] [0.23765432098765432:0.3434518647007806] [-3.5833182482007264:1.3507926683081468] [50.02406287111635:96.599632419758933] [-3.5387412645491341:1.9912822542577708] [48.914803675274214:95.894227358804244] [49.469433273195278:95.592944531964335] [-4.8371562638270174:6.6994629165845527] [50.034380466684929:97.33186029861001] [-4.3925104245425182:7.5814880207305864] [49.027743995808571:96.367312405202256] [49.53106223124675:96.160702749979052] [-43.5:90] [-8.6999999999999993:14.666666666666666] [0:22.133333333333333] [0.875:35.125] [0.10169300671942967:0.99997541951832192] [0:1] [-0.9999994220246925:0.99998555065071859] [-0.99997919295908233:0.9999907524084426] [1:12] [0:11.066666666666666] [9.5:19] [0:1] none none none none none [0:34.75]
tree_sizes=4861 4902 4925 4915 4820 4710 4934 5110 5127 5129 4810 4909 5019 5027 4825 5132 5034 5032 5138 4714 4941 5141 4920 4604 5133 5255 5185 4955 4830 5260 5239 5254 5131 5260 5150 5023 5034 5227 4826 5175 4925 5160 5357 5348 5260 5143 5670 5156 5468 5373 5250 5158 5566 4926 5486 4927 5370 5384 5381 5033 5367 5136 5257 5258 5378 5163 5481 5044 5046 5253 5459 5151 5369 5374 5152 5483 5254 5581 5061 5062 5179 5148 5370 5161 5465 5461 5363 5251 4835 5266 5355 5357 5162 5481 5560 5491 5064 5455 5246 5044 5167 5354 4842 5359 5268 5157 5271 5601 5360 5559 5153 5277 5270 5487

Tree=0
num_leaves=45
num_cat=0
split_feature=9 283 16 283 11 289 113 9 261 289 115 111 111 289 287 107 9 283 30 154 289 99 282 188 73 8 282 4 73 110 72 50 29 137 12 149 103 197 259 235 42 9 272 100
split_gain=364.552 120.043 94.5278 83.9568 60.2009 57.5744 48.9567 47.512 33.4454 29.5111 27.474 26.9777 25.8635 27.4265 24.9485 23.0619 22.6065 16.9686 16.5826 16.523 18.364 16.3974 16.6225 16.0473 15.4721 13.4379 11.1453 9.19981 7.81092 7.74171 12.5643 7.29546 7.18212 6.78045 6.50968 5.48271 5.29145 5.23622 5.03965 4.69453 4.4298 3.42654 2.70717 0.241169
threshold=1.7500000000000002 -0.063508064516129017 0.29166666666666669 -0.25543478260869562 1.0000000180025095e-35 0.14888728888808328 35.000000000000007 2.2500000000000004 5.0000000000000009 0.28313308994381592 215.00000000000003 235.00000000000003 175.00000000000003 0.097680735332368748 0.99999999999998068 102.81250000000001 4.5000000000000009 0.07417582417582419 1.9860139860139865 56.750000000000007 0.28313308994381592 10.125000000000002 -2.7499999999999996 7.5000000000000009 74.250000000000014 57.500000000000007 1.0000000180025095e-35 85.250000000000014 71.250000000000014 100.71430000000002 87.750000000000014 0.84221038615179766 0.34285714285714292 38.500000000000007 0.062500000000000014 34.500000000000007 5.5000000000000009 1.5000000000000002 -11.731506647196285 11.500000000000002 10.500000000000002 0.75000000000000011 -1.3658705301510714 11.125000000000002
decision_type=2 2 2 2 2 2 2 2 2 2 2 2 2 2 2 2 2 2 2 2 2 2 2 2 2 2 2 2 2 2 2 2 2 2 2 2 2 2 2 2 2 2 2 2
left_child=1 2 5 16 31 11 -7 8 26 33 18 21 13 34 32 28 23 -17 25 20 40 22 -1 -2 -10 36 39 -24 -15 -29 -31 -3 -11 41 -6 -14 -8 -25 -23 -5 -9 -4 43 -36
right_child=3 4 9 7 12 6 10 19 24 14 -12 -13 35 15 -16 17 -18 -19 -20 -21 -22 38 27 37 -26 -27 -28 29 -30 30 -32 -33 -34 -35 42 -37 -38 -39 -40 -41 -42 -43 -44 -45
leaf_value=-0.64845048924005166 -0.57472791251498268 -0.63642912818207809 -0.74026736500396417 -0.66406694308846981 -0.69940628276847083 -0.70080752580924388 -0.60863609799268514 -0.67442769875425157 -0.6647343889994255 -0.68225328233215288 -0.6688822113134284 -0.73109151740619838 -0.74537039080945167 -0.73706626734398784 -0.63884586121785181 -0.63458698577364692 -0.55237050050129743 -0.6962117408885895 -0.65282009744984348 -0.5799745818572406 -0.59929771612643157 -0.66370751059428501 -0.71661214537553308 -0.60937935218701333 -0.60829928107451392 -0.63242406413088004 -0.72522143718776977 -0.70769042993229903 -0.69706431806425762 -0.63989528597333234 -0.68985300259728943 -0.67960388636960034 -0.72619934479668913 -0.70011940116123994 -0.74360533241591686 -0.71234688980142291 -0.56450505897497116 -0.64277221614599622 -0.62614551772945171 -0.69814965810746832 -0.63986294693131196 -0.71139663792023111 -0.71458019677437223 -0.72659172929944982
leaf_weight=29.04236763715744 25.021116733551025 20.329657346010208 54.2868871986866 20.776463001966476 18.319031894207001 23.68069976568222 18.989240378141403 18.542434722185135 29.489173293113708 17.872226238250732 25.021116733551025 21.223268657922745 100.97807824611664 20.106254518032074 21.223268657922745 22.116879969835281 26.36153370141983 20.776463001966476 18.319031894207001 19.436046034097672 22.340282797813416 17.872226238250732 24.797713905572891 27.478547841310501 20.329657346010208 22.116879969835281 20.106254518032074 19.659448862075806 32.840215712785721 18.765837550163269 33.733827024698257 17.872226238250732 18.989240378141403 21.446671485900879 46.914593875408173 18.319031894207001 25.467922389507294 27.031742185354233 18.989240378141403 17.872226238250732 17.872226238250732 17.872226238250732 20.776463001966476 21.223268657922745
leaf_count=130 112 91 243 93 82 106 85 83 132 80 112 95 452 90 95 99 118 93 82 87 100 80 111 123 91 99 90 88 147 84 151 80 85 96 210 82 114 121 85 80 80 80 93 95
internal_value=-0.677079 -0.693424 -0.676745 -0.628614 -0.715077 -0.661246 -0.636392 -0.649028 -0.670572 -0.709093 -0.622425 -0.679407 -0.722099 -0.710953 -0.680969 -0.691296 -0.593208 -0.664192 -0.608987 -0.619572 -0.634077 -0.672383 -0.681023 -0.608125 -0.640805 -0.597463 -0.695996 -0.690973 -0.713085 -0.681742 -0.671635 -0.656177 -0.705592 -0.726318 -0.728227 -0.740635 -0.581435 -0.625023 -0.643523 -0.679962 -0.656922 -0.733684 -0.73385 -0.739099
internal_weight=0 829.942 469.369 292.658 360.572 317.679 133.595 186.765 108.574 151.691 109.914 184.084 322.37 203.073 58.0847 95.8398 105.893 42.8933 84.8931 78.191 58.7549 162.861 125.999 79.5314 49.8188 66.574 58.7549 96.9568 52.9465 72.1591 52.4997 38.2019 36.8615 93.6058 107.233 119.297 44.4572 54.5103 36.8615 38.6487 36.4147 72.1591 88.9143 68.1379
internal_count=5025 3715 2101 1310 1614 1422 598 836 486 679 492 824 1443 909 260 429 474 192 380 350 263 729 564 356 223 298 263 434 237 323 235 171 165 419 480 534 199 244 165 173 163 323 398 305
is_linear=0
shrinkage=1


Tree=1
num_leaves=45
num_cat=0
split_feature=9 9 262 111 283 153 283 283 22 283 36 107 289 22 145 282 299 289 148 32 299 14 52 277 85 36 3 9 288 29 278 272 90 138 284 284 284 202 21 283 54 279 22 12
split_gain=351.219 153.059 108.377 86.6987 56.7948 40.4909 38.7654 38.138 33.8858 29.592 27.2037 22.5658 21.6277 21.1116 19.1281 18.6459 20.633 17.5209 15.2356 14.3385 13.9445 14.2406 13.8428 13.1127 12.307 12.7214 11.8603 10.9111 9.29208 8.70242 7.97104 7.04845 6.994 6.64137 6.50253 5.94763 5.41929 4.97129 4.43767 4.22226 3.0309 2.38446 1.71738 0.170787
threshold=1.0000000180025095e-35 2.2500000000000004 5.0000000000000009 195.00000000000003 -0.1348484848484848 23.500000000000004 -0.1348484848484848 -0.30217391304347824 0.29166666666666669 -0.1348484848484848 1.6385355362590655 102.81250000000001 0.36447543099728863 0.12500000000000003 41.500000000000007 -2.7499999999999996 5.4980435195823487 0.41202506375868281 37.500000000000007 1.7397683397683401 9.7499999999997531 0.069444444444444461 0.97007514761137958 -2.4033770952274787 86.500000000000014 1.5464450674424397 79.250000000000014 3.2500000000000004 0.19337368024598436 1.7394957983193284 86.042798551447632 -1.7461996822453176 73.125000000000014 7.1666500000000015 1.8397435897435901 1.8619047619047622 1.5119047619047621 10.500000000000002 7.5000000000000009 -0.037749287749287742 732.50000000000011 -2.2670499711407186 0.37500000000000006 0.062500000000000014
decision_type=2 2 2 2 2 2 2 2 2 2 2 2 2 2 2 2 2 2 2 2 2 2 2 2 2 2 2 2 2 2 2 2 2 2 2 2 2 2 2 2 2 2 2 2
left_child=4 2 7 9 8 39 27 29 15 19 13 35 18 22 20 -1 -17 40 -8 38 30 31 -6 -18 25 -10 -19 -3 -13 32 -9 -22 -2 -25 36 -11 37 -32 -4 -5 -15 -38 -42 -12
right_child=1 6 3 5 10 -7 12 14 24 11 43 28 -14 17 -16 16 23 26 -20 -21 21 -23 -24 33 -26 -27 -28 -29 -30 -31 34 -33 -34 -35 -36 -37 41 -39 -40 -41 42 -43 -44 -45
leaf_value=0.035250842598771773 0.014515746257122781 0.067424615861632106 0.10415157041702681 -0.021318923192797583 0.029502132283006702 0.045063488454409238 -0.016237681368995199 -0.056461930492025594 0.0092603413217253999 -0.012383311887316993 -0.051934732150784063 0.086529706993616021 0.08051691207115709 -0.035060925016412371 0.029755811041089542 -0.042356111477796062 -0.023823772289213636 -0.037100200592892256 0.046530321589625535 0.03723100753899735 0.035549834389498512 -0.030568603911268689 -0.030215695575482399 0.048000167984860384 -0.059002053251528054 -0.042618307985925655 0.013426986881387815 0.10976113551386286 0.034402121546605595 -0.0063204306169152586 0.00019818635013463379 -0.0057091345091000488 0.05006581235498031 0.0052661227693580788 -0.00099879492049977114 0.026776542851945868 -0.030389438284576999 -0.034202311880093331 0.069195863705833235 -0.055638621386501476 -0.050830077161573797 -0.058742955359325714 -0.071899694242191087 -0.069728622831769269
leaf_weight=35.69054639339447 29.67665097117424 33.071497187018394 36.074362203478813 17.899526134133339 18.211382403969765 19.500185400247574 18.67769131064415 27.851433634757996 21.283993273973465 19.091063901782036 17.8550735861063 18.508004307746887 18.784473598003387 18.711203023791313 17.817909643054008 27.168563544750214 17.880015298724174 30.13250358402729 18.225992739200592 18.11842580139637 19.023240879178047 30.110883712768555 18.609642997384071 18.09117229282856 33.776929333806038 24.75663997232914 17.858092248439789 47.611361145973206 19.143595486879349 19.519218280911446 18.636331260204315 20.940047562122345 26.977768689393997 17.886588796973228 20.918075501918793 17.849009498953819 18.6417416036129 23.027967408299446 26.274282649159431 21.943809434771538 38.136095479130745 19.265666335821152 32.480399504303932 84.886962443590164
leaf_count=159 132 145 158 80 81 87 83 126 96 85 81 82 82 85 80 122 80 136 80 80 85 136 84 80 154 112 80 207 85 87 84 94 120 80 94 80 84 104 116 100 173 87 148 387
internal_value=0 0.0245246 0.0118102 0.038726 -0.0321662 -0.0125228 0.0713466 -0.00799014 -0.0115269 0.0582943 -0.046722 0.0348838 0.0382453 -0.0343451 -0.0186928 0.00566025 -0.00764468 -0.0433018 0.0151719 0.079301 -0.0231709 -0.00512777 -0.000680634 0.0103184 -0.0364185 -0.0189484 -0.0184079 0.0934455 0.0616017 0.0222399 -0.0329067 0.0143193 0.0320188 0.0274716 -0.0258861 0.00674531 -0.032335 -0.0191711 0.0907458 -0.04112 -0.056324 -0.045939 -0.0613898 -0.0671667
internal_weight=0 643.18 506.809 214.402 473.416 59.3435 136.371 292.407 196.534 155.059 276.881 74.5917 55.6882 174.139 216.233 116.717 81.0263 137.318 36.9037 80.4671 198.415 70.0742 36.821 53.8578 79.8176 46.0406 47.9906 80.6829 37.6516 76.1736 128.341 39.9633 56.6544 35.9778 100.49 36.9401 79.5717 41.6643 62.3486 39.8433 89.3277 37.9074 70.6165 102.742
internal_count=5001 2863 2266 953 2138 267 597 1313 883 686 1255 332 245 787 974 521 362 622 163 354 894 315 165 240 362 208 216 352 167 339 579 179 252 160 453 165 359 188 274 180 406 171 321 468
is_linear=0
shrinkage=0.05


Tree=2
num_leaves=45
num_cat=0
split_feature=9 9 290 11 283 283 289 32 283 97 31 287 9 146 283 289 105 282 33 286 137 299 261 283 202 199 13 154 283 299 37 39 284 32 289 56 104 232 3 283 2 31 285 114
split_gain=302.894 123.49 77.8674 70.0807 55.7833 41.1548 31.1187 28.7763 26.96 24.3707 22.3003 21.3101 18.1753 17.8993 17.8562 16.3037 15.996 15.8927 14.8881 14.6779 13.5083 19.3514 14.3393 11.0624 9.27156 8.96048 8.36958 8.29366 7.60398 6.33459 6.24193 6.62878 5.86433 5.76128 5.74974 5.47759 5.23689 5.18673 4.05825 2.99323 2.71418 2.15756 0.513907 0.0650737
threshold=1.0000000180025095e-35 2.2500000000000004 10.500000000000002 7.5000000000000009 -0.063508064516129017 -0.20942982456140349 0.26659387353423869 1.6517374517374523 -0.10172413793103448 9.8125000000000018 1.3988944572912312 9.1901589028499458e-08 4.5000000000000009 12.500000000000002 -0.080128205128205107 0.2332836900311728 13.500000000000002 -1.7499999999999998 -0.22471042471042477 0.19044068261283223 34.500000000000007 6.2499065711919073 5.0000000000000009 -0.060661764705882346 20.500000000000004 11.500000000000002 7.5000000000000009 27.250000000000004 0.057189542483660136 6.6249999999988729 0.37500000000000006 0.52272727272727282 1.5894736842105266 1.2393822393822396 0.11478523713130605 12.250000000000002 9.5000000000000018 29.750000000000004 79.250000000000014 -0.12771739130434781 81.750000000000014 1.389130434782609 12.031250000000002 135.00000000000003
decision_type=2 2 2 2 2 2 2 2 2 2 2 2 2 2 2 2 2 2 2 2 2 2 2 2 2 2 2 2 2 2 2 2 2 2 2 2 2 2 2 2 2 2 2 2
left_child=3 2 4 5 9 13 8 23 12 11 18 -2 -3 29 16 26 30 24 -7 -19 21 43 28 25 27 -4 -11 -13 -23 -1 41 -32 -21 34 -16 -34 -30 -20 -36 -8 -12 -5 -43 -6
right_child=1 6 7 14 20 10 39 -9 -10 15 40 17 -14 -15 33 -17 -18 19 37 32 -22 22 -24 -25 -26 -27 -28 -29 36 -31 31 -33 35 -35 38 -37 -38 -39 -40 -41 -42 42 -44 -45
leaf_value=0.024226965648377126 -0.035106425811061027 0.035455645249949264 0.099151036953518651 -0.036658861142048603 -0.064824640048082652 0.031412498778458912 0.10869232544156796 -0.0042790763718672936 0.0083163016133021104 0.038783648160903433 -0.065378436869257248 0.014336161129960327 0.092580189212439934 -0.0096859364300618811 -0.059606745232291508 0.070112893030871259 0.0012623205149435261 0.033933623027895009 -0.0021475400876839758 0.005664581934451577 0.015078087357988984 -0.0045195675680776174 0.014668904613626105 0.035906900542552612 0.0051241232464076464 0.052076094576655602 -0.0025886949833187727 0.056713125582129556 -0.052484261645211555 0.06536765115400256 -0.048722088512819589 -0.012090451614713232 -0.045412816062543618 -0.064246476736647171 -0.045241043393566049 -0.0086968163694154926 -0.017227232815567102 -0.03907605298188041 -0.012235470252106325 0.071416283706201178 -0.034733965656218536 -0.066140410017007809 -0.04498523199721819 -0.047267093761105446
leaf_weight=19.266402930021286 26.967806756496429 29.441517740488052 26.145382478833199 28.060179442167282 18.329482972621918 18.82495304942131 28.733753755688667 18.864346534013748 32.729800581932068 27.399380847811699 21.381536528468132 19.539127171039581 29.357500642538071 20.59898953139782 31.335178539156914 26.0989790558815 29.480715796351433 19.269303098320961 17.918715506792068 22.213130086660385 20.291422754526138 24.418726980686188 27.412167444825172 25.944902136921883 28.72131921350956 23.32916596531868 21.255282819271088 30.649569302797318 28.017394974827766 21.336049273610115 19.38209941983223 33.760942712426186 18.414330989122391 97.311305612325668 19.025887414813042 22.560716405510902 18.696432337164879 19.5586898624897 19.31360924243927 18.709611266851425 17.481900617480278 22.202922895550728 17.376348063349724 22.64232063293457
leaf_count=86 121 127 113 129 84 84 122 84 144 121 99 86 124 92 146 113 133 86 81 100 91 111 122 115 127 101 95 135 128 94 88 153 83 454 87 101 85 89 87 80 80 102 80 104
internal_value=0 0.0212694 0.00997236 -0.0311497 0.000770277 -0.00371492 0.0629393 0.0508058 0.0450706 0.0149056 -0.0241921 0.00524247 0.0650483 0.0280032 -0.0446178 0.0388603 -0.0317426 0.0121603 -0.00386075 -0.00320234 -0.0224484 -0.0279747 -0.0156751 0.0644596 0.0280527 0.0784249 0.0210216 0.0408176 -0.02741 0.0468974 -0.0397427 -0.0261037 -0.0148792 -0.0559457 -0.0436073 -0.0258859 -0.03903 -0.0219345 -0.0293481 0.0957699 -0.0528108 -0.0499221 -0.0581902 -0.0564791
internal_weight=0 656.153 517.181 473.616 422.897 156.367 138.972 94.2838 91.5288 263.089 95.1658 188.335 58.799 61.2014 317.249 74.7536 150.263 161.367 56.3024 82.4575 159.808 139.517 98.5447 75.4195 78.91 49.4745 48.6547 50.1887 71.1326 40.6025 120.782 53.143 63.1882 166.986 69.6747 40.975 46.7138 37.4774 38.3395 47.4434 38.8634 67.6395 39.5793 40.9718
internal_count=5067 2903 2306 2164 1893 705 597 413 395 1168 433 839 251 272 1459 329 685 718 254 370 725 634 446 329 348 214 216 221 324 180 552 241 284 774 320 184 213 170 174 202 179 311 182 188
is_linear=0
shrinkage=0.05


Tree=3
num_leaves=45
num_cat=0
split_feature=9 32 289 283 283 12 282 289 145 287 31 299 14 14 283 31 32 99 33 154 155 198 299 234 12 116 10 30 74 34 1 287 235 33 272 191 2 32 234 201 78 36 14 12
split_gain=254.42 95.3256 96.6651 78.1299 57.4663 55.7816 44.4506 39.1965 29.8392 27.1514 22.9045 18.9117 20.6693 18.1392 17.1108 16.4614 15.4018 14.2187 14.1253 13.7791 13.3333 12.3026 11.2937 9.09213 8.81256 8.76463 8.24104 6.64638 6.59114 5.85234 5.84464 8.34198 5.63566 5.2992 5.28466 4.81598 4.3896 5.2449 4.15728 3.55333 2.69511 2.54951 1.37372 0.956214
threshold=1.2500000000000002 1.662548262548263 0.1318557721318592 -0.074175824175824162 -0.34057971014492744 0.14583333333333334 -1.7499999999999998 0.36447543099728863 30.500000000000004 0.9999999999997945 0.73687370600414093 6.1249999999687263 0.15277777777777782 0.069444444444444461 -0.063508064516129017 1.2547826086956524 1.0416988416988422 10.125000000000002 0.11196911196911205 42.750000000000007 19.500000000000004 15.125000000000002 4.6249998531140557 61.500000000000007 0.14583333333333334 55.000000000000007 0.20833333333333334 -0.60839160839160822 6.2500000000000009 0.12270972270972251 82.250000000000014 0.99998784312717459 4.5000000000000009 -0.48803088803088795 -1.9847334900013294 5.5000000000000009 82.750000000000014 1.12972972972973 36.500000000000007 9.6250000000000018 1.3750000000000002 1.8756684669157091 0.12500000000000003 0.062500000000000014
decision_type=2 2 2 2 2 2 2 2 2 2 2 2 2 2 2 2 2 2 2 2 2 2 2 2 2 2 2 2 2 2 2 2 2 2 2 2 2 2 2 2 2 2 2 2
left_child=1 2 5 9 16 14 22 8 21 25 13 32 29 -9 17 -8 38 23 33 40 24 -6 34 28 -11 -4 -24 -10 -1 -13 43 -32 -5 -16 -3 -18 -23 -38 -2 -21 42 -33 -7 -17
right_child=4 6 3 11 7 19 15 10 27 20 -12 12 -14 -15 18 30 35 -19 -20 39 -22 36 26 -25 -26 -27 -28 -29 -30 -31 31 41 -34 -35 -36 -37 37 -39 -40 -41 -42 -43 -44 -45
leaf_value=-0.031375087687281762 0.11326446569830512 -0.044888949324545749 -0.0054421494584196341 -0.055578623110089848 0.015678368395530929 -0.045740300983939268 -0.0065265559500972768 0.096146508229576558 0.065247493005935853 0.10587459333739563 0.01123594370904835 0.044135919926728925 -0.024346799125852161 0.035869509888459383 -0.021496785983108689 -0.051411842582133598 0.065390232487177971 0.038168026828676399 -0.047008446929852489 -0.03412566924598321 0.035287391879261457 -0.001474970496111406 0.017645296095441722 0.022296800112731951 0.05516244052180478 0.036598961051737794 -0.020231390163753107 0.021559008961655496 0.0041269189549212448 0.0073406032063019419 -0.063233512755303048 -0.011549542528386669 -0.017807155939648572 0.01454413074541399 -0.0093904704399723135 0.028914084416668651 -0.04661842770579 -0.0098001736645762609 0.073190544590268164 -0.0025896073926705409 -0.036792965632049424 -0.039259438280435044 -0.066797805055806542 -0.068998714610951903
leaf_weight=25.65477067232132 20.310462594032288 25.272046640515327 18.283144161105156 17.4599619358778 34.013057708740234 22.239980131387711 17.885771170258522 29.402453422546387 18.556609317660332 25.920674666762352 24.386258497834206 24.974031180143356 30.121699631214142 24.293200939893723 17.769158735871315 27.934041783213615 21.014874488115311 30.041808694601059 30.461267948150635 17.492432549595833 20.756495967507362 18.566901072859764 35.81648351252079 24.799434542655945 18.766061261296272 36.040173575282097 22.560368418693542 18.341140508651733 25.254866078495979 19.310525551438332 29.712219551205635 17.354978919029236 24.399132266640663 21.35034941136837 18.529953211545944 20.148347169160843 22.140059858560562 17.755302011966705 25.226569548249245 17.621656268835068 20.554201662540436 17.299531981348991 50.893728658556938 78.679763674736023
leaf_count=115 85 115 81 81 151 104 82 125 80 110 106 111 136 104 82 130 89 132 141 81 90 82 158 111 82 158 103 80 114 87 140 81 112 95 84 87 99 80 106 81 96 80 240 373
internal_value=0 -0.0152357 -0.00278749 0.0211722 0.0387945 -0.0213905 -0.0382503 0.0243031 0.0072908 0.049343 0.052042 -0.00802027 0.00713158 0.0700301 -0.00297876 -0.052569 0.0727968 0.00966835 -0.0220649 -0.0462375 0.0708618 -0.00794297 -0.0115309 -0.00199063 0.0862517 0.0226069 0.00291324 0.0446727 -0.0140233 0.0286075 -0.0573194 -0.0439438 -0.0344913 -0.00195442 -0.0304165 0.0486453 -0.0217183 -0.0308729 0.0931141 -0.0188095 -0.0562103 -0.0260955 -0.0610976 -0.0649113
internal_weight=0 831.211 540.166 236.032 294.155 304.134 291.045 207.455 129.373 119.767 78.0819 116.265 74.4063 53.6957 175.332 188.866 86.7003 105.751 69.5808 128.802 65.4432 92.4753 102.179 75.7091 44.6867 54.3233 58.3769 36.8977 50.9096 44.2846 170.981 64.3667 41.8591 39.1195 43.802 41.1632 58.4623 39.8954 45.537 35.1141 93.6879 34.6545 73.1337 106.614
internal_count=5060 3786 2440 1048 1274 1392 1346 907 572 521 335 527 334 229 790 886 367 472 318 602 282 412 460 340 192 239 261 160 229 198 804 301 193 177 199 176 261 179 191 162 440 161 344 503
is_linear=0
shrinkage=0.05


Tree=4
num_leaves=44
num_cat=0
split_feature=9 9 283 11 262 36 111 282 289 36 283 283 105 167 32 289 299 282 103 146 12 144 32 10 58 107 291 36 289 88 33 97 50 36 39 31 10 9 283 288 198 146 283
split_gain=238.459 102.084 71.329 57.8601 53.8355 38.4053 30.9238 30.845 26.5055 25.7299 21.4826 21.386 20.9468 18.939 18.2162 15.9911 19.1989 15.6094 12.8325 10.8889 10.6567 10.591 10.148 9.19005 8.99815 8.83526 8.80018 8.51381 9.84648 7.47961 7.26225 6.10437 6.02856 5.62429 5.44199 5.57137 5.22371 4.89055 4.54522 4.15489 2.67108 2.3632 0.683654
threshold=1.0000000180025095e-35 2.2500000000000004 -0.063508064516129017 7.5000000000000009 5.0000000000000009 1.5238585621733911 165.00000000000003 -1.7499999999999998 -0.14250536273956091 1.6923937778759168 -0.30217391304347824 -0.080128205128205107 13.500000000000002 1.0000000180025095e-35 1.9343629343629347 0.39629089145655322 5.8749993402251546 -0.74999999999999989 8.5000000000000018 9.2500000000000018 0.062500000000000014 38.500000000000007 1.5760617760617766 0.12500000000000003 13.500000000000002 67.812500000000014 0.96148148148148149 1.2969919201182452 0.21652257995689161 0.62500000000000011 -0.28494208494208484 8.3125000000000018 0.99305316018584011 1.1137115731913965 0.52272727272727282 1.4360869565217393 0.29166666666666669 3.2500000000000004 0.093073593073593086 0.35846314187849709 6.6250000000000009 9.2500000000000018 0.046536796536796543
decision_type=2 2 2 2 2 2 2 2 2 2 2 2 2 2 2 2 2 2 2 2 2 2 2 2 2 2 2 2 2 2 2 2 2 2 2 2 2 2 2 2 2 2 2
left_child=3 2 4 7 10 15 25 19 13 20 14 12 34 17 29 30 -17 -3 21 -1 31 26 -8 -18 -22 -6 -12 28 -13 -2 32 -9 -4 -34 35 -5 -36 -10 -30 40 -27 -31 -7
right_child=1 8 5 11 6 42 22 9 37 -11 18 27 -14 -15 -16 16 23 -19 -20 -21 24 -23 -24 -25 -26 39 -28 -29 38 41 -32 -33 33 -35 36 -37 -38 -39 -40 -41 -42 -43 -44
leaf_value=0.050732627318596679 0.059342182770303203 0.040267606445552412 0.015092094986893954 -0.027746699077996324 0.030348196493702087 -0.040867037212664596 0.032123242584309812 -0.00158552727359471 0.059839127793134508 -0.055160264325874987 -0.047065280889668368 -0.057533527930986011 0.01169670337863697 0.069646821059759986 -0.018501943846125132 -0.023591962951489295 0.059591352488101351 -0.015882554999255966 0.02162106247872898 0.0031854302343039247 -0.04616921449196093 0.0079727098118993842 -0.017302357980082551 0.010893246422884681 0.0023190322982891104 0.090201428040074069 -0.0062259831198839969 -0.063261023614715306 -0.001654848205413817 0.010465749265360147 -0.035349007332417255 0.036147616807899581 -0.033400287420780959 0.0028546085580602796 -0.0018449566730823937 -0.057928519818629953 -0.034736474296162931 0.092365141490458824 -0.036397981368460619 0.05021890753662106 0.057937361891569117 0.035401997639103025 -0.061199952649338377
leaf_weight=26.802210256457329 23.614297121763229 27.792840301990509 22.080450609326363 31.574186652898788 20.089023396372795 17.079356655478477 21.644083231687546 24.521441876888275 30.338937938213348 31.159756928682327 32.924737200140953 35.238105967640877 29.112641483545303 24.953619092702866 18.191796347498894 18.185509875416756 20.646988317370415 20.964652761816978 24.673318862915039 21.491558715701103 17.696516796946526 24.706170365214348 18.309487164020538 18.51827035844326 19.410426095128059 30.870854929089546 22.145860522985458 88.953697234392166 17.957816570997238 20.32961368560791 29.595427721738815 17.932326003909111 22.077036216855049 19.669195905327797 19.772767901420593 36.521605297923088 30.471074238419533 37.972979754209518 19.018698215484619 26.942404747009277 19.112959161400795 19.066762864589691 28.399721845984459
leaf_count=117 103 117 100 147 86 80 93 111 127 149 150 171 131 104 80 83 90 93 109 96 81 112 82 81 88 129 101 435 82 89 136 80 102 91 89 173 144 157 89 114 80 83 134
internal_value=0 0.01918 0.00885215 -0.0274328 0.0232837 -0.0148699 0.0469428 -0.00289845 0.0565866 -0.0174177 0.00567077 -0.0400238 -0.0259794 0.0350437 0.0248072 -0.00260255 0.0179941 0.0162903 -0.00930062 0.0300672 -0.00213476 -0.0190133 0.0096036 0.0374102 -0.02141 0.0620652 -0.0310463 -0.0526335 -0.0388572 0.0374047 -0.0153032 0.0148179 -0.00560641 -0.0166512 -0.0352684 -0.0445381 -0.0220811 0.0789913 -0.0200127 0.0698523 0.0792426 0.0231118 -0.0546076
internal_weight=0 660.896 518.873 467.635 322.621 196.252 136.969 159.014 142.023 110.72 185.653 308.621 147.452 73.7111 81.2025 150.773 57.3508 48.7575 104.45 48.2938 79.5607 79.7768 39.9536 39.1653 37.1069 97.0152 55.0706 161.168 72.2146 63.0107 93.4221 42.4538 63.8267 41.7462 118.34 68.0958 50.2438 68.3119 36.9765 76.9262 49.9838 39.3964 45.4791
internal_count=5089 2906 2308 2183 1411 897 584 722 598 509 827 1461 684 314 355 683 254 210 472 213 360 363 175 171 169 409 251 777 342 275 429 191 293 193 553 320 233 284 171 323 209 172 214
is_linear=0
shrinkage=0.05


Tree=5
num_leaves=43
num_cat=0
split_feature=9 9 261 299 23 149 283 4 283 282 0 33 31 36 261 8 32 283 112 47 283 282 195 144 157 31 117 283 146 50 284 202 5 8 299 212 58 33 287 33 291 201
split_gain=247.834 105.321 65.5429 64.3735 46.6601 32.4696 31.6921 28.7923 28.6709 26.1246 20.0289 19.7186 18.4176 18.1228 25.1618 17.7136 17.417 15.8873 14.8544 12.6906 11.0158 10.3492 9.63895 9.36662 9.32363 8.50645 8.25574 7.49709 7.48496 7.14628 6.72688 6.08012 5.33235 5.22232 4.8328 3.6308 3.12167 2.37692 2.27671 2.47062 1.9188 0.823138
threshold=1.0000000180025095e-35 2.2500000000000004 5.0000000000000009 5.4980435195823487 7.5000000000000009 29.500000000000004 -0.30217391304347824 74.250000000000014 -0.14550264550264547 -1.0000000180025095e-35 82.250000000000014 2.6393822393822401 1.3800000000000003 1.4833899732862526 5.0000000000000009 97.500000000000014 1.9482625482625486 -0.08514492753623186 245.00000000000003 -0.095942078730857347 0.057189542483660136 -2.2499999999999996 55.500000000000007 35.500000000000007 10.500000000000002 0.83217391304347832 7.3125000000000009 -0.1348484848484848 8.5000000000000018 0.99533954727030627 1.5339366515837105 8.5000000000000018 81.500000000000014 37.500000000000007 10.624999999999995 1.1250000000000002 9.5000000000000018 -4.9675675675675661 0.99999999999743194 -0.44633204633204648 0.91287878787878796 7.7500000000000009
decision_type=2 2 2 2 2 2 2 2 2 2 2 2 2 2 2 2 2 2 2 2 2 2 2 2 2 2 2 2 2 2 2 2 2 2 2 2 2 2 2 2 2 2
left_child=4 2 6 5 8 27 16 -5 11 10 37 28 25 14 33 19 26 -16 20 32 22 -15 30 -11 -24 -10 -2 -4 -1 -22 -8 -32 40 -6 -31 -19 -35 -3 -23 -40 -9 -38
right_child=1 9 3 7 13 -7 18 15 12 23 -12 -13 -14 21 17 -17 -18 35 -20 -21 29 38 24 -25 -26 -27 -28 -29 -30 34 31 -33 -34 36 -36 -37 41 -39 39 -41 -42 -43
leaf_value=0.017839915923887863 0.052187507721798865 0.06414194982534159 -0.0069570572433858254 -0.0062305567238205408 -0.025839296901904913 0.041640925100995117 0.028522415457417422 0.045452858795467746 -0.030927429633529891 0.0013699739017576235 0.036110781876697785 0.058264029574943754 -0.054822460522022623 -0.024472700325181486 0.03052569259301114 0.017851621982224591 -0.023453054006447739 -0.038188376228197873 -0.057306341352150604 0.031281755314243119 -0.0041158962569548358 -0.064492803943736715 -0.039425092302432609 0.047774481279395195 0.00027336477824977209 0.009878845715737666 0.014969575687683451 -0.047631592229908003 -0.020273558112993691 -0.058031534624176241 -0.022546136077372096 0.015836559459011326 0.08791698379981934 -0.031291952184980189 -0.021744332296875654 -0.0068156944488309782 -0.066074585707698183 0.093806990803460222 -0.058640596646726155 -0.029149778815808797 0.071994396715364534 -0.044795875273440644
leaf_weight=26.845773205161095 25.817530244588852 20.698711112141609 17.88268755376339 23.016472056508064 32.935231357812881 19.161697521805763 24.245303019881248 25.521428763866425 20.61511692404747 23.099895000457764 31.63286267220974 19.713341698050499 32.392127424478531 28.445546329021454 22.123610436916351 28.306872189044952 18.299815639853477 17.220022350549698 21.068936169147491 26.653387397527695 17.224760144948959 83.801767662167549 28.590456187725067 19.649699136614799 29.543526828289032 30.381952151656151 36.20915561914444 31.858123511075974 22.970855444669724 22.35780955851078 20.771114394068718 18.659378603100777 37.861487776041031 18.544581174850464 18.162223607301712 19.759122624993324 28.562482118606567 47.762568324804306 18.478259444236755 17.268054366111755 19.363148272037506 19.152861461043358
leaf_count=117 111 85 79 101 156 83 109 108 95 99 133 86 158 133 98 121 81 81 100 113 79 417 131 83 135 137 157 150 103 106 95 85 158 90 85 92 140 195 91 83 82 93
internal_value=0 0.0189605 0.00829615 0.0280532 -0.0289256 -0.0122585 -0.00789385 0.0453039 -0.00631167 0.0567561 0.0706714 0.0172641 -0.0259408 -0.0401586 -0.0280981 0.0539003 0.0184922 -0.00218653 -0.0184977 0.0629816 -0.0136518 -0.0527837 -0.00502987 0.0233041 -0.019587 -0.00689428 0.0310431 -0.0334337 0.000212366 -0.031444 0.00835768 -0.00444015 0.0726971 -0.0433608 -0.042682 -0.0220458 -0.0515564 0.0858905 -0.0592613 -0.0455754 0.0582223 -0.0586282
internal_weight=0 653.419 510.575 229.625 459.211 68.9025 280.95 160.723 152.919 142.844 100.094 69.53 83.3892 306.292 158.298 137.706 80.3265 59.1028 200.624 109.399 179.555 147.994 121.81 42.7496 58.134 50.9971 62.0267 49.7408 49.8166 57.7448 63.6758 39.4305 82.7461 99.1952 40.52 36.9791 66.2599 68.4613 119.548 35.7463 44.8846 47.7153
internal_count=5034 2864 2269 995 2170 312 1274 683 696 595 413 306 390 1474 750 582 349 271 925 461 825 724 555 182 266 232 268 229 220 270 289 180 348 479 191 173 323 280 591 174 190 233
is_linear=0
shrinkage=0.05


Tree=6
num_leaves=45
num_cat=0
split_feature=10 283 32 283 262 80 119 287 30 279 10 29 181 30 282 3 29 8 32 49 76 11 28 262 282 156 115 299 283 291 299 111 212 148 299 291 12 201 29 41 113 30 199 97
split_gain=196.837 84.6678 67.9476 55.1113 41.0571 33.5461 29.6072 28.3278 27.4265 23.2706 18.2742 17.5903 26.2709 16.7848 18.3 16.2526 13.4236 12.6234 11.0137 10.7363 11.91 9.97688 9.56569 10.7685 9.51744 9.34322 7.80033 7.49564 7.39707 7.33448 9.40841 6.58046 5.51431 5.20003 4.66072 4.78954 4.12009 3.87406 3.83492 3.24156 2.77424 2.50662 1.99105 0.521989
threshold=0.12500000000000003 -0.088932806324110658 1.8391716391716395 -0.15268065268065265 5.0000000000000009 80.875000000000014 6.1250000000000009 0.9999999998844139 -0.33146853146853134 -1.6955407119639399 0.29166666666666669 2.5714285714285721 53.500000000000007 1.2797202797202802 1.0000000180025095e-35 77.250000000000014 -1.0000000180025095e-35 12.500000000000002 1.9575289575289578 0.30734240292814158 1.0000000180025095e-35 7.5000000000000009 1.0000000180025095e-35 5.0000000000000009 0.75000000000000011 47.500000000000007 125.00000000000001 6.2499065711919073 -0.26491228070175432 0.9582608695652175 6.3591154572207271 175.00000000000003 1.1250000000000002 25.500000000000004 11.187499846821803 0.69098143236074283 0.14583333333333334 10.750000000000002 -0.64285714285714246 7.5000000000000009 125.00000000000001 0.79860139860139878 4.5000000000000009 8.1875000000000018
decision_type=2 2 2 2 2 2 2 2 2 2 2 2 2 2 2 2 2 2 2 2 2 2 2 2 2 2 2 2 2 2 2 2 2 2 2 2 2 2 2 2 2 2 2 2
left_child=2 4 3 5 10 28 -5 16 9 -3 11 12 33 22 -15 -9 -6 31 29 -7 -21 -14 23 24 -8 37 -22 -25 43 34 -31 -4 -19 -2 38 -36 -17 41 -10 -13 -18 -12 -40 -1
right_child=1 8 17 6 7 19 13 15 18 -11 25 39 21 14 -16 36 40 32 -20 20 26 -23 -24 27 -26 -27 -28 -29 -30 30 -32 -33 -34 -35 35 -37 -38 -39 42 -41 -42 -43 -44 -45
leaf_value=0.067329022461422847 -0.030040691816359412 -0.035758965794685869 -0.013704645507454514 0.060370239258496605 0.027115160134778084 0.057962097748530388 0.027494021811353936 0.0039340358226429596 -0.028302091869424263 0.03012600949408268 -0.035561251594488807 -0.044991847213532749 0.012577624339264263 0.013501590760539462 -0.053543991950065754 0.074752770670600849 -0.03695856287592722 -0.015896406687321531 -0.063008604592113007 0.048935962994539978 0.02461011219364798 0.061259619509707278 -0.0087328203432227771 0.017046257429194345 -0.010779770296532551 -0.0016348864162450572 -0.016404594658941559 0.06038982293685239 0.051496421419539751 -0.04631672757050951 -0.00025442268038572175 -0.052079327491148866 0.019071309397370513 0.0035833934720310109 -0.0077147174465851025 -0.044371259021601335 0.041652605385090878 -0.024120245629635443 -0.03567368235938824 -0.014477356313236349 -0.0085457509939499549 -0.064462701585044718 -0.058641197768518782 0.090754724872190246
leaf_weight=22.521837905049324 27.348605707287788 27.341446846723557 22.790757715702057 29.224051490426064 19.735670804977417 23.287405118346214 32.402218177914619 19.164355963468552 21.702546164393425 24.443186268210411 19.988414153456688 19.322221577167511 21.52248340845108 18.852556958794594 20.321192443370819 22.615916803479195 17.530218303203583 19.258553758263588 63.557295694947243 20.594868838787079 21.542082101106644 20.893798857927322 31.998141214251518 18.957864835858345 30.822431683540344 18.690725162625313 22.896934658288956 22.897925525903702 35.764433413743973 18.273166701197624 26.121959552168846 22.904996305704117 24.477913752198219 19.019357308745384 17.712888330221176 18.032982498407364 25.368642121553421 23.516409799456596 18.208434507250786 17.636860236525536 17.475870326161385 20.351813033223152 66.056390643119812 39.403428837656975
leaf_count=93 124 127 103 125 85 96 145 84 102 109 95 90 95 85 95 94 82 87 328 89 92 91 144 83 138 87 100 96 149 89 123 110 110 84 83 86 109 112 89 80 80 100 325 161
internal_value=0 -0.0187889 0.0236252 0.0325937 -0.00127822 0.0522483 0.0146342 0.0216657 -0.0379008 -0.00467862 -0.0147443 -0.00267893 0.00940711 0.00675294 -0.0217451 0.0431849 -0.00503194 -0.0155602 -0.0447455 0.0294136 0.0184679 0.0374165 0.0149955 0.0222352 0.00895798 -0.0328712 0.00358158 0.0416139 0.0723859 -0.0382051 -0.0198165 -0.0336433 0.00366276 -0.0164642 -0.0437865 -0.0269114 0.0584608 -0.0418479 -0.0491742 -0.0311953 -0.0234055 -0.0513488 -0.0541548 0.0834403
internal_weight=0 631.632 480.92 391.487 330.181 186.011 205.476 121.891 301.45 51.7846 208.291 125.743 88.7842 176.252 39.1737 67.1489 54.7418 89.4322 249.666 88.3213 65.0339 42.4163 137.079 105.08 63.2246 82.5474 44.439 41.8558 97.6897 186.108 44.3951 45.6958 43.7365 46.368 141.713 35.7459 47.9846 63.8566 105.967 36.9591 35.0061 40.3402 84.2648 61.9253
internal_count=5054 2953 2101 1691 1492 780 911 534 1461 236 958 564 394 786 180 287 247 410 1225 377 281 186 606 462 283 394 192 179 403 897 212 213 197 208 685 169 203 307 516 170 162 195 414 254
is_linear=0
shrinkage=0.05


Tree=7
num_leaves=47
num_cat=0
split_feature=9 9 17 262 32 36 39 74 107 0 143 14 106 15 99 12 36 261 98 110 261 148 32 2 5 9 233 292 189 28 278 157 14 109 120 261 34 144 195 190 63 36 54 273 259 13
split_gain=191.749 71.1174 53.7564 50.4056 44.3345 19.6682 17.7375 17.4885 15.9464 15.1089 15.1967 15.1203 20.2334 13.33 12.83 12.4908 12.3807 13.8586 12.2541 11.522 10.6219 13.685 9.99123 9.58853 9.46791 9.2429 9.12805 8.66486 7.61432 7.40778 7.10287 6.98265 6.17324 5.9411 5.90118 5.57458 5.56161 5.48875 5.25362 5.04825 3.68196 3.47145 3.14657 1.88218 1.19026 0.319577
threshold=1.0000000180025095e-35 2.2500000000000004 7.5000000000000009 5.0000000000000009 1.5760617760617766 1.8569022471161951 0.44722222222222224 7.2500000000000009 208.12500000000003 78.250000000000014 37.750000000000007 0.041666666666666671 7.5000000000000009 7.5000000000000009 7.8750000000000009 0.062500000000000014 1.4651295713742774 5.0000000000000009 1.0416500000000004 116.25000000000001 5.0000000000000009 39.500000000000007 1.0906282906282909 79.250000000000014 87.250000000000014 1.2500000000000002 63.500000000000007 13.250000000000002 62.500000000000007 -1.0000000180025095e-35 86.288528686141575 5.5000000000000009 0.069444444444444461 176.25000000000003 7.8125000000000009 5.0000000000000009 -0.19892539892539909 35.500000000000007 6.5000000000000009 6.5000000000000009 81.750000000000014 1.1137115731913965 757.50000000000011 86.909488963566744 -6.1189476921038404 12.500000000000002
decision_type=2 2 2 2 2 2 2 2 2 2 2 2 2 2 2 2 2 2 2 2 2 2 2 2 2 2 2 2 2 2 2 2 2 2 2 2 2 2 2 2 2 2 2 2 2 2
left_child=2 3 5 8 7 6 -1 13 9 -2 11 12 24 27 33 19 17 37 40 -8 21 -3 32 -19 -11 28 -26 -5 -12 39 -23 44 -13 -6 -7 -17 43 42 -22 -24 -15 -9 -4 -33 -18 -44
right_child=1 20 16 4 14 34 15 41 -10 10 25 22 -14 18 -16 35 31 23 -20 -21 38 30 29 -25 26 -27 -28 -29 -30 -31 -32 36 -34 -35 -36 -37 -38 -39 -40 -41 -42 -43 45 -45 -46 -47
leaf_value=-0.028745424455051283 -0.045242573350294267 0.011557006436131221 -0.02982252931911842 0.080273424801764082 -0.010036842567127571 -0.013638923082306065 0.063024066764354569 0.022998742989159972 -0.048819989725709972 -0.032423707382930378 -0.014303088542124785 -0.010622769028704092 0.049885676449059627 -0.0044735045303056281 0.019568327982354247 -0.015245206306954365 -0.044596516333600199 -0.030698060632311897 0.05845696543868243 0.012500248543371964 0.043526627944611311 0.027111313702028711 -0.00033626744848501612 0.0097681251753547402 0.0329951764410523 0.049048308408266746 -0.014478858557084555 0.042554805684353894 0.028331826591836841 0.013425665940725823 0.065877691017280096 -0.035389256602479539 -0.046894256077808089 -0.049071992678468068 -0.051860844093794746 0.019942561102493792 -0.019311879172807342 -0.022282521515411768 0.079453084853265341 -0.036976909593944764 0.025834266733669266 -0.0059097665932354247 -0.04441411331332152 -0.060778617628643318 -0.065389823553225215 -0.063617978366991068
leaf_weight=24.549960479140282 18.84839354455471 36.288469523191452 19.501888886094093 33.494434624910355 21.572598218917847 22.810737282037735 20.881202057003975 19.755194410681725 19.591796606779099 20.113167375326157 19.545797854661942 18.9876669049263 21.892273172736168 18.827343091368675 20.319618239998817 25.921425983309746 20.032385379076004 26.075245544314384 21.018802627921104 24.596596911549568 22.747218787670135 21.433292508125305 17.827006921172142 31.096486702561378 18.959347903728485 19.738082438707352 19.696814090013504 36.022058621048927 20.491071924567223 29.63365963101387 33.182950139045715 21.567416459321976 33.082740262150764 17.833080604672432 18.659562304615974 18.343240708112717 28.908808991312981 31.651053696870804 29.681542471051216 18.931724071502686 19.8266561627388 20.134655654430389 17.386507630348206 20.10440020263195 54.066793918609619 24.92877160012722
leaf_count=113 87 155 97 137 96 107 90 86 94 93 87 87 96 80 90 120 101 124 88 110 92 88 83 141 85 85 88 149 90 137 136 108 156 86 92 82 143 155 120 88 83 89 86 102 283 128
internal_value=0 0.0157571 -0.0263777 0.0072132 0.024803 -0.00257983 0.00815225 0.0378259 -0.00636005 -0.00320061 2.24312e-05 -0.00662763 0.00999644 0.0467085 -0.0120797 0.0184515 -0.0388785 -0.0285067 0.0286207 0.0365552 0.0468527 0.0358092 -0.0179359 -0.00889839 -0.0054488 0.0219199 0.00905019 0.061609 0.00767634 -0.00492737 0.0514254 -0.0494078 -0.0341171 -0.0284795 -0.031653 -0.000544993 -0.037146 -0.0402794 0.0649721 -0.0196867 0.0113316 0.00861932 -0.0489926 -0.0487755 -0.0604371 -0.056935
internal_weight=0 669.477 451.082 526.144 228.804 155.763 114.292 169.079 297.34 277.748 258.899 199.124 80.6616 129.189 59.7253 89.7425 295.32 150.64 59.6728 45.4778 143.333 90.9047 118.463 57.1717 58.7693 59.775 38.6562 69.5165 40.0369 66.3924 54.6162 144.68 52.0704 39.4057 41.4703 44.2647 70.5806 93.4682 52.4288 36.7587 38.654 39.8899 61.8172 41.6718 74.0992 42.3153
internal_count=5113 2931 2182 2340 984 714 515 712 1356 1262 1175 913 362 537 272 402 1468 731 251 200 591 379 551 265 266 262 173 286 177 308 224 737 243 182 199 202 353 466 212 171 163 175 311 210 384 214
is_linear=0
shrinkage=0.05


Tree=8
num_leaves=47
num_cat=0
split_feature=9 10 283 51 9 9 289 287 282 36 283 261 111 36 137 26 291 41 282 262 265 99 283 283 259 262 105 36 279 103 193 4 289 32 97 279 44 291 117 114 291 68 291 36 31 115
split_gain=172.45 67.9673 50.5345 43.9652 42.2054 30.2104 28.5549 34.902 26.4658 21.8356 16.3914 16.372 13.3509 13.1743 12.8657 12.2681 11.1969 10.8675 10.7724 10.3302 9.05812 9.01018 8.81451 8.53603 11.4134 8.92708 7.93951 9.8666 6.77834 6.68901 6.51304 8.28437 6.26457 5.76759 5.61944 5.2488 4.96337 4.26071 3.58611 2.44045 2.18544 1.66277 1.29697 2.85701 0.605378 0.521276
threshold=1.2500000000000002 0.29166666666666669 -0.063508064516129017 38.500000000000007 3.2500000000000004 0.75000000000000011 0.14888728888808328 0.99999999998398403 1.0000000180025095e-35 1.605714028221924 -0.12771739130434781 5.0000000000000009 235.00000000000003 1.0036582657720283 38.500000000000007 0.041666666666666671 0.94281045751633996 7.5000000000000009 -1.7499999999999998 5.0000000000000009 0.4065430693337671 10.625000000000002 -0.36038961038961032 0.13484848484848486 -5.3901451346573239 5.0000000000000009 10.500000000000002 1.4540276491294899 -2.1185229963684256 9.5000000000000018 1.7500000000000002 79.250000000000014 -0.40613878790836594 1.1058369293663413 7.1875000000000009 -1.8670103017774655 7.5000000000000009 0.82085561497326209 7.7708250000000012 95.000000000000014 0.80540540540540551 85.500000000000014 0.9582608695652175 1.4978845523509778 0.92608695652173934 225.00000000000003
decision_type=2 2 2 2 2 2 2 2 2 2 2 2 2 2 2 2 2 2 2 2 2 2 2 2 2 2 2 2 2 2 2 2 2 2 2 2 2 2 2 2 2 2 2 2 2 2
left_child=1 2 6 9 8 20 12 18 11 23 41 14 16 -7 15 -2 21 -18 34 -10 29 26 -13 24 25 37 27 -1 -12 36 -9 -32 -15 -17 -8 -24 -3 -4 -19 -25 -11 -6 44 -44 -38 -45
right_child=4 5 3 -5 10 13 7 30 19 40 28 22 -14 32 -16 33 17 38 -20 -21 -22 -23 35 39 -26 -27 -28 -29 -30 -31 31 -33 -34 -35 -36 -37 42 -39 -40 -41 -42 -43 43 45 -46 -47
leaf_value=0.01889639699437962 0.025393216725411078 -0.022989949918589284 0.0076985701173490854 0.037119582358726845 0.085882861304036676 0.027633170665114934 0.000699626906753269 0.077288218691550364 -0.035186587799812284 -0.035164544175390743 0.010881175125511729 0.073184511698079574 -0.040755082617202051 -0.038863002653413491 0.046710687210575891 -0.032765204720164955 -0.0043678986955962311 0.018875164129472655 -0.018792958408051771 0.012651482162741893 -0.0069495429143039827 0.016213506722980105 0.0152068112537748 -0.048914697792917981 -0.034875214201377902 0.032899377944654626 -0.038093256798285763 -0.027855636398870471 0.052303414822409314 -0.021652553268522612 0.014344508374961124 0.057182298126138169 -0.0042330042976199333 0.0051459070921416354 0.038042467925729025 0.04647449891888672 -0.046639173236308007 -0.026507407834520796 0.050908050972979374 -0.021709878736418713 -0.0612722015394635 0.058293309424482236 -0.026327521461202541 -0.041096687590714144 -0.062317998351764159 -0.062564460845703981
leaf_weight=21.993977814912796 32.91169510781765 17.692986100912094 17.548889130353928 26.982288807630539 34.642702788114548 20.898140639066696 19.690650805830956 19.622668415307999 25.512770637869835 16.138138726353645 18.758500128984451 20.140306696295738 19.306573271751404 21.073267534375191 21.472560033202171 20.90613742172718 31.193689823150635 19.61032047867775 31.561698481440544 18.940610438585281 16.787372827529907 25.684220895171165 24.170242801308632 19.74428129196167 25.273162573575974 18.084784761071205 27.995696634054184 21.191694378852844 21.518590614199638 26.996577113866806 19.023127526044846 30.191706284880638 32.671704024076462 18.071469515562057 19.710873425006866 33.631493866443634 28.316232949495316 17.169060006737709 18.095565304160118 18.372147843241692 43.391684383153915 19.786259397864342 18.709501996636391 16.768856137990952 57.918029397726059 16.453362882137299
leaf_count=99 142 89 84 118 139 92 87 82 119 83 80 82 93 101 90 93 142 87 143 81 83 112 101 95 121 79 127 98 89 133 80 126 149 80 86 139 142 82 81 88 229 80 92 88 303 89
internal_value=0 -0.0123169 -0.00180465 -0.0213369 0.0315144 -0.0324566 0.0104106 0.0273803 0.0191458 -0.0304722 0.0591978 0.0280353 -0.0024863 -0.00522521 0.0136837 0.00331335 0.0021885 0.0174611 0.00264632 -0.0149739 -0.0425612 -0.00874216 0.0448352 -0.0175992 -0.00793187 0.00537264 -0.0178467 -0.00415656 0.0337426 -0.045775 0.052475 0.0412395 -0.0182732 -0.0154992 0.0198599 0.0338806 -0.0497886 -0.00948584 0.0351663 -0.0366922 -0.0548925 0.077086 -0.0530305 -0.0442287 -0.0577633 -0.0532461
internal_weight=0 801.863 527.577 202.704 310.463 274.286 324.872 139.801 215.757 175.722 94.7061 171.304 185.072 74.6431 93.3619 71.8893 165.765 68.8996 70.9632 44.4534 199.643 96.8656 77.942 116.192 78.0759 52.8027 71.1814 43.1857 40.2771 182.856 68.8375 49.2148 53.745 38.9776 39.4015 57.8017 155.859 34.7179 37.7059 38.1164 59.5298 54.429 138.166 51.9317 86.2343 33.2222
internal_count=5098 3783 2422 979 1315 1361 1443 604 927 861 388 727 839 342 405 315 746 310 316 200 1019 436 322 549 366 245 324 197 169 936 288 206 250 173 173 240 803 166 168 183 312 219 714 269 445 177
is_linear=0
shrinkage=0.05


Tree=9
num_leaves=47
num_cat=0
split_feature=9 283 9 283 262 51 10 32 32 262 145 31 289 283 195 31 182 288 12 32 13 76 299 299 31 89 98 104 108 139 74 277 74 106 158 195 13 86 8 155 287 2 288 139 286 29
split_gain=159.403 70.0125 52.3793 37.9585 36.5196 35.4647 27.0155 24.6513 23.5981 26.5064 18.2868 15.4249 13.8662 13.2024 13.7992 13.171 12.7462 12.5582 13.3199 10.2367 9.94336 8.23874 8.1049 7.29375 7.10832 8.07624 6.52795 6.45475 6.50655 6.47823 6.39654 5.84515 5.37722 7.66743 4.8181 7.04516 5.28134 4.74592 3.75784 2.26711 2.23356 1.76563 1.61508 1.55545 1.02866 0.138117
threshold=1.0000000180025095e-35 -0.063508064516129017 3.2500000000000004 -0.15268065268065265 5.0000000000000009 2.5000000000000004 0.29166666666666669 1.9111969111969114 1.6733590733590737 5.0000000000000009 32.500000000000007 1.3800000000000003 0.11478523713130605 -0.30217391304347824 28.500000000000004 2.0634782608695654 9.5000000000000018 -0.0053757284505435614 0.062500000000000014 1.9220077220077225 7.5000000000000009 1.0000000180025095e-35 9.0171213376714139 6.249999999956052 1.389130434782609 72.375000000000014 0.7916500000000003 3.5000000000000004 11.250000000000002 17.500000000000004 6.2500000000000009 -1.8052256973723744 6.2500000000000009 5.5000000000000009 13.500000000000002 13.500000000000002 7.5000000000000009 80.500000000000014 22.500000000000004 7.5000000000000009 0.99999999999999911 81.750000000000014 0.42179998225932674 20.500000000000004 0.15450644357476237 1.21764705882353
decision_type=2 2 2 2 2 2 2 2 2 2 2 2 2 2 2 2 2 2 2 2 2 2 2 2 2 2 2 2 2 2 2 2 2 2 2 2 2 2 2 2 2 2 2 2 2 2
left_child=3 2 4 6 13 11 15 20 9 10 34 12 38 19 -15 16 -1 30 -19 32 23 -18 31 -6 25 -8 -22 -16 29 -29 -11 -14 33 -2 35 -3 -37 -23 -5 -10 44 -4 -25 -40 -13 -26
right_child=1 8 41 5 7 -7 24 -9 39 17 -12 40 22 14 27 -17 21 18 -20 -21 26 37 -24 42 45 -27 -28 28 -30 -31 -32 -33 -34 -35 -36 36 -38 -39 43 -41 -42 -43 -44 -45 -46 -47
leaf_value=0.046087024395365946 0.0012523398336519627 -0.042955089983674109 0.077871593793712918 -0.023452520794503121 0.031170094043927055 0.029781881478602182 0.0090640464894006512 -0.0017774546530534279 -0.061324761412225495 0.060706104651915886 0.023137058679803663 -0.040865107982752891 -0.046747630639080121 0.026267578824076918 0.0080002757837968081 -0.021463562048606791 -0.022376726068460969 0.032405329077392159 -0.021614106093785345 -0.013431185008518552 0.011585231475791461 0.00029289792710613847 0.0096011865780272522 0.076505138335181647 -0.053619040192085014 -0.038492685495631285 0.048519646151277455 0.0039202849200418773 -0.044418066189307742 -0.03348548629825477 0.018866343131482465 -0.0084666750392494109 0.049449859001046863 0.039183988725989022 -0.048087977129852369 0.0043279374307296625 -0.028194073863187015 0.035897683102860199 -0.060748454918747696 -0.030792663275873489 -0.034626407702815394 0.051896617442666139 0.051014319688545487 -0.035923985166874055 -0.062034077769349674 -0.037226422981267347
leaf_weight=27.019379302859306 28.762600302696228 22.186379551887512 38.515282228589058 16.245544910430908 20.655336394906044 17.788915574550629 17.723846271634102 31.867297351360321 15.567541167140009 19.03971940279007 22.166364818811417 15.166011229157446 18.30092254281044 25.385402381420135 22.799816936254501 26.256386086344719 18.041767537593842 19.158449977636337 25.305316314101219 18.1170873939991 26.80330003798008 18.809623822569847 23.989044487476349 35.320746645331383 17.472079440951347 16.383533105254173 21.912701100111008 27.954761505126953 21.702321082353592 18.536982402205467 19.194875851273537 21.765937268733978 20.231939777731895 23.928378626704216 20.009873554110527 29.345963507890701 20.440585687756538 17.661282494664192 31.636101707816124 16.051627412438393 16.100724741816521 19.949021130800247 19.943002179265022 15.303542196750639 79.044492542743683 17.29449774324894
leaf_count=116 122 106 155 79 86 79 85 138 80 79 97 82 89 113 104 122 81 82 110 80 111 84 112 142 90 84 90 126 100 84 83 106 86 101 94 136 99 80 167 80 84 81 81 80 434 89
internal_value=0 0.0144222 0.0264615 -0.0247146 0.0192894 -0.0370074 -0.00683882 0.037444 -0.00785434 -0.00132043 -0.0168777 -0.0421127 -0.0298487 0.00547749 -0.00567052 0.00878694 0.0186708 0.0200985 0.00186248 0.0196351 0.0474067 0.00449639 -0.0131441 0.0587906 -0.0310691 -0.0142256 0.0288403 -0.0147693 -0.0223876 -0.011385 0.0407176 -0.0266644 0.0279207 0.0188871 -0.0266658 -0.0201326 -0.00931668 0.0180326 -0.0463149 -0.0472442 -0.0558636 0.0700303 0.0683765 -0.0535732 -0.0590913 -0.0467334
internal_weight=0 650.853 422.386 432.004 363.922 255.341 176.662 156.502 228.467 196.848 114.149 237.552 127.241 207.419 116.379 107.788 81.5321 82.6984 44.4638 91.04 124.635 54.5127 64.0559 75.9191 68.874 34.1074 48.716 90.9939 68.1941 46.4917 38.2346 40.0669 72.9229 52.691 91.9828 71.9729 49.7865 36.4709 63.1852 31.6192 110.311 58.4643 55.2637 46.9396 94.2105 34.7666
internal_count=4989 2846 1800 2143 1564 1312 831 648 1046 886 532 1233 633 916 527 483 361 354 192 389 510 245 307 309 348 169 201 414 310 210 162 195 309 223 435 341 235 164 326 160 600 236 223 247 516 179
is_linear=0
shrinkage=0.05


Tree=10
num_leaves=44
num_cat=0
split_feature=9 282 9 261 282 111 36 119 39 279 275 33 188 1 282 290 198 32 32 10 14 30 226 291 32 291 282 288 74 57 227 53 144 151 278 2 123 285 181 12 57 36 281
split_gain=164.278 62.7531 52.7313 36.2361 35.2952 34.1456 24.6673 23.0771 18.0729 17.574 16.4498 14.5715 13.4362 11.8533 11.4978 10.9405 10.2298 10.2249 9.99531 9.49467 8.35261 8.7257 7.79933 7.70211 10.599 7.60895 7.0445 6.53858 6.52765 6.06431 5.45686 5.15921 5.02299 4.57106 4.48221 4.45239 4.4183 4.03981 3.6541 2.88379 1.6528 1.48236 1.32445
threshold=1.0000000180025095e-35 -1.0000000180025095e-35 3.2500000000000004 5.0000000000000009 -1.2499999999999998 155.00000000000003 1.4833899732862526 6.1250000000000009 0.44722222222222224 -1.2229799470429263 87.480657646175089 2.8424710424710429 11.500000000000002 78.500000000000014 -2.2499999999999996 9.5000000000000018 12.312500000000002 1.6841698841698844 1.7498069498069504 0.12500000000000003 0.12500000000000003 1.0517482517482521 64.500000000000014 0.94987468671679209 0.57837837837837858 0.95445134575569368 0.75000000000000011 -0.37447345805034543 6.2500000000000009 14.750000000000002 33.500000000000007 17.500000000000004 39.500000000000007 54.500000000000007 88.621033395642939 81.750000000000014 6.5000000000000009 12.312500000000002 47.500000000000007 0.062500000000000014 12.250000000000002 1.2068149201299636 89.98174327168978
decision_type=2 2 2 2 2 2 2 2 2 2 2 2 2 2 2 2 2 2 2 2 2 2 2 2 2 2 2 2 2 2 2 2 2 2 2 2 2 2 2 2 2 2 2
left_child=4 2 3 14 8 18 10 -3 32 17 20 15 -7 -11 28 29 -16 19 23 26 21 -6 25 24 -5 38 -9 -22 33 34 -12 -28 -1 -2 -10 -4 -29 -21 -18 -8 -26 -32 -41
right_child=1 7 35 5 6 12 39 9 11 13 30 -13 -14 -15 16 -17 22 -19 -20 37 27 -23 -24 -25 40 -27 31 36 -30 -31 41 -33 -34 -35 -36 -37 -38 -39 -40 42 -42 -43 -44
leaf_value=-0.045861107209603319 0.023983621180032628 0.031938190942760895 0.07747546311111253 0.01668184035390512 0.028691247508382312 -0.014507102960711336 -0.032484744463822234 0.012519317694517643 -0.006401872221064424 -0.015723820165790915 -0.015928478237210286 0.037815846857012121 0.035407403585192919 0.035661231854499979 0.022523899077355372 0.029300555712256506 -0.041151392976942071 -0.055069141786314592 0.017521039381891722 -0.012821537649312107 0.0023737821345193744 -0.013061220912686543 0.010511306884401756 0.07766614433665793 0.073115370817072894 0.00071746368801193464 -0.034624014187591312 -0.015918697099532166 0.041550710172270092 0.0071232352930318057 -0.058136022236323796 0.00029852909820634737 -0.0098301188643752369 -0.0085537181848992835 -0.040703473605295123 0.044554886075190502 -0.052591347367284172 -0.043136322301952787 -0.012842282222359334 -0.060127146416008498 0.04611021290137135 -0.036032719191458361 -0.038409243455613439
leaf_weight=25.104935377836227 22.542739719152451 31.560133159160614 42.663056522607803 21.770780503749847 20.944519221782684 36.426362484693527 19.273064509034157 31.956304281949997 17.078784421086311 18.888866305351257 16.884787082672119 26.410925164818764 20.085763305425644 25.129069715738297 29.17561574280262 17.296154960989952 29.990509793162346 19.411610841751099 19.801991194486618 17.902209490537643 16.27938424050808 28.191348746418953 32.037945792078972 33.39048233628273 19.795644372701645 32.231722995638847 21.630638301372528 16.778028413653374 24.574161782860756 20.222454041242599 29.572362929582596 19.822031006217003 16.430649235844612 19.200071826577187 21.846113130450249 20.545969977974892 17.799265637993813 32.990820184350014 20.012831062078476 78.665232643485069 20.66297473013401 20.437700927257538 15.727590769529341
leaf_count=123 96 136 172 88 94 159 101 143 80 87 85 116 84 113 129 79 136 101 84 83 79 136 144 135 80 147 100 83 106 95 153 88 80 82 105 83 90 159 91 443 84 105 86
internal_value=0 0.0148869 0.0256582 0.0185483 -0.0248824 0.0354951 -0.0351909 -0.00698358 -0.00474842 -0.0136614 -0.0227356 0.00653004 0.00354089 0.0137515 0.00455535 -0.00462781 -0.00342245 -0.0220947 0.0509756 -0.0165468 -0.00972669 0.00495336 -0.0101849 0.0576507 0.0458525 -0.0182773 -0.00490206 -0.023732 0.0216064 -0.0148715 -0.0417512 -0.0183109 -0.0321742 0.00916773 -0.0261905 0.0676353 -0.0357442 -0.0329253 -0.0302952 -0.0531204 0.0607682 -0.0499865 -0.0569491
internal_weight=0 664.2 444.909 381.7 424.943 171.934 280.553 219.292 144.39 187.732 166.887 102.854 56.5121 44.0179 209.766 76.4435 143.449 143.714 115.422 124.302 99.9925 49.1359 114.273 95.6199 62.2294 82.2351 73.409 50.8567 66.317 59.1474 66.8949 41.4527 41.5356 41.7428 38.9249 63.209 34.5773 50.893 50.0033 113.666 40.4586 50.0101 94.3928
internal_count=5043 2910 1900 1645 2133 714 1455 1010 678 874 825 475 243 200 931 359 647 674 471 573 482 230 518 387 252 374 331 252 284 280 343 188 203 178 185 255 173 242 227 630 164 258 529
is_linear=0
shrinkage=0.05


Tree=11
num_leaves=45
num_cat=0
split_feature=9 283 283 31 10 51 119 106 0 289 31 146 46 9 283 74 282 36 31 288 234 32 195 283 145 109 10 279 279 89 274 39 116 148 283 291 13 57 98 14 55 71 108 41
split_gain=137.398 69.1896 42.6807 35.1936 29.5697 28.7997 27.778 23.3592 20.2781 15.8326 23.3266 14.3649 13.6518 12.2171 11.2138 12.373 10.908 9.96563 9.91663 9.64962 9.52322 8.68251 10.0828 8.32415 10.4905 11.906 8.84519 7.80827 7.1613 7.07118 6.87368 6.86308 6.80173 6.31085 5.76597 5.60169 6.79634 5.57582 5.34739 4.171 4.16451 3.95093 1.62214 0.922536
threshold=1.0000000180025095e-35 -0.15268065268065265 -0.080128205128205107 0.78521739130434787 0.29166666666666669 45.500000000000007 6.1250000000000009 6.5000000000000009 84.250000000000014 0.3484035575467645 1.2443478260869567 12.500000000000002 172.50000000000003 1.7500000000000002 -0.30217391304347824 5.7500000000000009 -2.2499999999999996 1.4540276491294899 1.389130434782609 -0.35846811432664222 22.500000000000004 1.762517291929057 1.5000000000000002 0.14642857142857144 26.500000000000004 163.75000000000003 0.12500000000000003 -1.9442994210912656 -1.5414352416255677 72.125000000000014 -2.1948107785629922 0.6515151515151516 95.000000000000014 35.500000000000007 -0.43303571428571425 0.95445134575569368 7.5000000000000009 12.250000000000002 0.7916500000000003 0.097222222222222224 787.50000000000011 79.500000000000014 6.2500000000000009 9.5000000000000018
decision_type=2 2 2 2 2 2 2 2 2 2 2 2 2 2 2 2 2 2 2 2 2 2 2 2 2 2 2 2 2 2 2 2 2 2 2 2 2 2 2 2 2 2 2 2
left_child=2 3 4 8 11 21 28 14 34 23 27 12 16 -10 15 -5 -1 -18 20 -17 -6 22 -4 24 25 26 30 -11 -3 -16 -8 -9 -29 39 -2 36 -36 -13 -28 40 -24 -25 -20 -41
right_child=1 6 5 7 18 -7 9 31 13 10 -12 37 -14 -15 29 19 17 -19 42 -21 -22 -23 33 41 -26 -27 38 32 -30 -31 -32 -33 -34 -35 35 -37 -38 -39 -40 43 -42 -43 -44 -45
leaf_value=0.053235054215819068 0.079026884407768616 0.0147075229880379 -0.001806264973502584 -0.013191160022606715 0.014622776349350334 0.027212181160427562 0.029953601745123504 0.025223525053147112 -0.0098009371996340289 -0.0072768994359729113 -0.032859127141247099 -0.035288643260707707 -0.018028517175583104 0.040560745959501654 -0.029652471445905201 0.050731127018436739 0.033158805760088887 -0.011948010962855055 -0.030209479444978444 0.008881054478333171 -0.031425452290108305 -0.058800132177896029 -0.048178516408558046 -0.050105118113229874 0.023449413799562793 -0.052331224493898647 -0.037512987893912192 0.010356646217830046 0.057630230519367213 0.0076686967983178077 -0.0096760188081309803 0.060651720201945147 0.043494663347906859 -0.013761919128061073 0.055815374867730416 0.07390479538268728 0.018101515003456602 0.0011202021668055302 -0.0041836312660734317 -0.061213311205321197 -0.012515802124561501 -0.017881861156921277 -0.054727733697577746 -0.041210723859982701
leaf_weight=27.044938683509827 32.317436292767525 20.464084848761559 19.223544776439667 25.393693298101425 18.493810281157494 14.998379603028296 18.215204834938049 33.04318043589592 19.404569298028946 19.471846267580986 26.667294874787331 19.157698825001717 19.284607365727425 29.393467098474503 29.829852983355522 25.138605743646622 27.02180141210556 21.030614897608757 15.529311209917067 30.223873108625412 25.872726708650589 62.84783610701561 16.714053809642792 23.051135495305061 18.197508543729782 18.37349559366703 27.565419733524323 29.267971977591515 19.251946330070496 20.996966853737831 24.601493448019028 25.88522769510746 33.927365481853485 18.659612163901329 30.301591888070107 20.171863093972206 21.5110994130373 21.85952228307724 21.277857184410095 37.075678318738937 16.985629096627235 18.495226979255676 26.048187330365181 19.319727703928947
leaf_count=118 131 88 97 108 86 64 83 140 85 84 132 89 88 123 133 106 118 102 82 129 136 374 85 112 80 90 133 123 81 96 113 108 143 97 123 82 88 101 101 200 86 88 141 105
internal_value=0 0.0146014 -0.0217304 0.0301327 -0.00643857 -0.0380645 -0.00217916 0.0156597 0.0479239 -0.00778176 0.00701987 0.00811947 0.0188004 0.0207397 0.00384427 0.0153527 0.0283705 0.0135762 -0.0292034 0.028447 -0.0123314 -0.0433101 -0.0353064 -0.0172991 -0.010838 -0.0166686 -0.0090323 0.0201233 0.0364183 -0.0143843 0.00748217 0.0415383 0.0285477 -0.0411575 0.0603243 0.0509601 0.0407969 -0.0163202 -0.0233688 -0.046618 -0.0310822 -0.0365177 -0.0464947 -0.0551983
internal_weight=0 662.439 427.168 343.611 221.343 205.824 318.828 190.511 153.1 279.112 109.334 135.399 94.382 48.798 131.583 80.7562 75.0974 48.0524 85.944 55.3625 44.3665 190.826 127.978 169.777 128.231 110.033 91.66 82.6672 39.716 50.8268 42.8167 58.9284 63.1953 108.755 104.302 71.9846 51.8127 41.0172 48.8433 90.0951 33.6997 41.5464 41.5775 56.3954
internal_count=5072 2903 2169 1452 1061 1108 1451 820 632 1282 482 616 426 208 572 343 338 220 445 235 222 1044 670 800 600 520 430 350 169 229 196 248 266 573 424 293 211 190 234 476 171 200 223 305
is_linear=0
shrinkage=0.05


Tree=12
num_leaves=46
num_cat=0
split_feature=16 283 283 289 30 30 9 101 9 290 99 115 299 74 287 289 282 8 299 289 4 226 137 102 12 282 291 234 12 117 137 277 280 283 0 12 195 8 9 210 88 7 56 236 146
split_gain=125.928 53.7243 43.8522 32.4398 23.3537 21.1845 21.0993 18.375 16.8016 15.2151 14.6763 14.5014 14.0631 14.062 14.6559 14.0512 11.8015 10.5925 10.42 12.1532 16.6959 10.2113 10.1375 9.5838 8.5818 8.4903 7.7012 7.69208 7.5747 6.45583 6.34976 6.29164 6.09308 5.69134 5.64919 5.55661 5.33324 3.95725 5.08998 3.83632 3.10651 2.94058 1.86597 0.464836 0.129238
threshold=0.12500000000000003 -0.15268065268065265 -0.15268065268065265 0.42763731121559989 1.0234965034965036 -0.33146853146853134 4.5000000000000009 12.500000000000002 0.75000000000000011 8.5000000000000018 6.1250000000000009 255.00000000000003 7.3749999999998854 5.7500000000000009 0.99999995009669085 0.26659387353423869 1.0000000180025095e-35 17.500000000000004 4.4391281932776101 0.11478523713130605 77.250000000000014 66.500000000000014 5.5000000000000009 11.500000000000002 0.14583333333333334 -2.2499999999999996 1.0385185185185188 38.500000000000007 0.14583333333333334 7.6875000000000009 2.5000000000000004 -1.7874996842248578 80.249605638192591 -0.046536796536796529 83.250000000000014 1.0000000180025095e-35 63.500000000000007 52.500000000000007 0.75000000000000011 5.5000000000000009 0.62500000000000011 9.2500000000000018 16.500000000000004 15.500000000000002 5.5000000000000009
decision_type=2 2 2 2 2 2 2 2 2 2 2 2 2 2 2 2 2 2 2 2 2 2 2 2 2 2 2 2 2 2 2 2 2 2 2 2 2 2 2 2 2 2 2 2 2
left_child=2 3 6 8 15 9 7 13 25 29 -10 16 28 17 27 21 31 -1 41 37 42 33 32 -12 -14 36 -16 -15 -5 -3 -22 -6 -17 -4 -9 -35 -2 38 40 43 -20 -7 -21 -27 -39
right_child=1 5 4 12 11 18 -8 34 10 -11 23 -13 24 14 26 22 -18 -19 19 20 30 -23 -24 -25 -26 39 -28 -29 -30 -31 -32 -33 -34 35 -36 -37 -38 44 -40 -41 -42 -43 -44 -45 -46
leaf_value=-0.031306084722337306 0.014331816821600308 0.00034039670322593015 0.014357190078943101 0.021158100394670924 -0.0075207086557064892 -0.030594705084132187 0.070532299309804911 0.06445725109542462 0.038881063218298373 0.029031720029142272 -0.025304772803270592 -0.050110637065525127 0.065653490198145689 -0.010634421643392372 0.03040022061915167 0.037140906343718347 -0.033435100384291011 0.014846479607950864 -0.023546375312235315 -0.055542142820561483 0.01632026628940238 0.032418399489802414 0.055512697387632703 0.014150717631711593 0.02262931470484732 -0.052415030291265791 0.069190567015332813 0.030247227375151266 -0.018899940454636256 -0.04107269760184705 -0.016879111736497112 0.033727419529227934 0.0014493515745888645 0.00439782715125016 0.029706852526147992 -0.03080323310343959 -0.024636332790209461 -0.059324730858711219 -0.012611966360096587 -0.017042106596307168 -0.054453283593544205 -0.057388582840824168 -0.028196421302602415 -0.035391908964660233 -0.041760336643960241
leaf_weight=19.185749977827072 16.583093330264091 17.529392555356026 18.443687215447426 27.489717498421669 17.766676396131516 17.471440270543098 33.318803027272224 35.14519602060318 22.032692849636078 23.016692891716957 33.777363181114197 23.710064172744751 21.977960973978043 25.475571095943451 37.749111816287041 19.72119577229023 20.381723821163177 31.393168389797211 16.118355914950371 15.992889598011969 31.498618558049202 18.653667345643044 25.611156329512596 26.737622201442719 26.741413608193398 21.811413481831551 21.25572495162487 19.448845610022545 19.184725135564804 19.277770802378654 24.872908994555473 17.622641503810883 28.47505496442318 17.463070884346962 21.571843177080154 29.226528331637383 16.610682621598244 23.08027246594429 23.587695300579071 19.128875240683556 22.959938496351242 54.708217203617096 16.528018772602081 19.97768722474575 16.196371585130692
leaf_count=84 80 80 81 120 83 96 136 143 96 102 150 125 90 111 159 84 100 131 91 86 148 81 107 115 117 113 89 84 92 94 119 80 122 77 91 138 81 127 116 97 129 319 87 101 90
internal_value=0 -0.0152674 0.0190929 0.00110841 0.00373755 -0.029028 0.0339034 0.0278204 -0.011567 -0.00212597 0.00488355 -0.0182177 0.0244585 0.0186731 0.0291133 0.0148555 -0.00401517 -0.00292779 -0.0351157 -0.028717 -0.0149554 0.000783372 0.0306063 -0.00792532 0.0429682 -0.0258959 0.0452941 0.00733746 0.00464186 -0.0218624 0.00163277 0.0133818 0.0165119 -0.00862986 0.0519839 -0.017821 -0.00531866 -0.0404551 -0.0316947 -0.0368413 -0.0426109 -0.0514097 -0.0429001 -0.0452943 -0.0532984
internal_weight=0 594.892 481.619 272.053 237.075 322.839 244.544 211.225 176.659 59.8239 82.5477 79.4811 95.3938 154.508 103.929 157.594 55.771 50.5789 263.015 190.835 88.8924 83.787 73.8074 60.515 48.7194 94.1118 59.0048 44.9244 46.6744 36.8072 56.3715 35.3893 48.1963 65.1333 56.717 46.6896 33.1938 101.943 62.666 60.918 39.0783 72.1797 32.5209 41.7891 39.2766
internal_count=5042 2936 2106 1252 1078 1684 1028 892 833 276 361 388 419 658 443 690 263 215 1408 993 440 377 313 265 207 472 248 195 212 174 267 163 206 296 234 215 161 553 336 311 220 415 173 214 217
is_linear=0
shrinkage=0.05


Tree=13
num_leaves=46
num_cat=0
split_feature=16 32 283 282 289 30 2 30 102 87 30 289 144 74 117 32 16 82 291 137 299 115 3 284 53 282 263 274 285 201 280 99 283 212 33 201 283 280 282 282 204 36 115 30 71
split_gain=104.692 48.1088 41.5571 32.3717 29.8803 24.5981 24.313 18.7079 18.0683 18.7659 17.6657 15.8145 14.7843 11.8641 11.3413 10.8685 10.8562 10.1775 9.72962 11.0765 9.44735 9.36265 10.5982 10.1612 9.26104 8.69733 8.52617 8.4008 8.34849 8.07997 7.06267 6.88691 6.64244 6.9245 6.24524 6.19356 6.0546 5.941 5.92635 5.85682 4.21901 2.09672 1.80254 1.15544 0.837838
threshold=0.12500000000000003 2.1567567567567578 -0.060661764705882346 -1.7499999999999998 0.2499757677084001 -0.33146853146853134 81.250000000000014 2.3706293706293713 13.500000000000002 62.062500000000007 -1.615384615384615 0.44312301391210612 2.5000000000000004 7.7500000000000009 7.6875000000000009 1.662548262548263 0.29166666666666669 80.500000000000014 0.96424010217113676 42.500000000000007 9.9999999999999929 235.00000000000003 85.750000000000014 1.8397435897435901 72.500000000000014 -1.7499999999999998 79.416161744646871 -1.9715053570301417 11.013400000000006 10.250000000000002 86.819287684834748 6.1250000000000009 0.18465909090909094 1.1250000000000002 -2.1204633204633199 3.1666500000000002 -0.2696969696969696 88.016092577090987 -1.0000000180025095e-35 -1.7499999999999998 3.5000000000000004 1.2648804805928566 165.00000000000003 1.2797202797202802 77.500000000000014
decision_type=2 2 2 2 2 2 2 2 2 2 2 2 2 2 2 2 2 2 2 2 2 2 2 2 2 2 2 2 2 2 2 2 2 2 2 2 2 2 2 2 2 2 2 2 2
left_child=1 3 4 6 10 14 42 11 9 25 -2 18 -11 17 -4 27 21 26 19 20 24 22 -12 40 37 -6 -13 43 36 35 32 -18 33 -29 -33 -8 -14 -5 -22 -3 -24 -36 -1 -7 -17
right_child=2 39 5 7 8 15 29 -9 -10 12 16 13 28 -15 -16 44 31 -19 -20 -21 38 -23 23 -25 -26 -27 -28 30 -30 -31 -32 34 -34 -35 41 -37 -38 -39 -40 -41 -42 -43 -44 -45 -46
leaf_value=0.082252019445302943 0.034436360681195974 -0.0086857235497352515 0.02369718392306229 -0.047816194283724349 0.0043422288137404943 -0.053438021724799278 0.020483454598689291 -0.027772290159508346 0.050198473360624309 0.057453432628162576 -0.027784080232735556 0.047611272730331389 0.012860809846517524 -0.0009772793779651511 -0.024391712530965278 -0.060221200509476547 -0.0080764761982381455 0.062741722604152755 0.03263136700534093 0.030502996657697224 0.034223222261594986 -0.039713743366106447 -0.02344685118389753 0.02838274397815126 0.01446078790788255 -0.040904168856201795 0.0052251690546428579 -0.018441633194681572 0.032420679639202622 0.0066353148049094956 -0.04340165744437155 -0.01314772764356659 -0.034175112209041784 0.024203007094694442 -0.034168296126399357 0.055874654146033348 -0.026045988268423893 -0.012727599404162532 -0.0037063498650474515 -0.040407430785892567 0.0076275272265551725 -0.059989118239173127 0.054276659056652125 -0.031600497446247239 -0.040171896652441023
leaf_weight=27.943843528628349 15.846043497323988 29.689686387777328 25.411651164293289 19.154673919081688 18.589797630906105 28.409222662448883 26.157377183437347 23.788314893841743 26.98427776992321 18.74739283323288 29.71622234582901 22.343907788395882 19.224508553743362 20.173587992787361 21.886240929365158 47.291239187121391 21.739391669631004 33.420560985803604 32.026423439383507 26.930859923362732 18.694367483258247 20.097040995955467 22.059570521116257 31.074765160679817 18.140425145626068 23.242667138576508 24.693025916814804 17.619440734386444 20.194224178791046 31.452348724007607 19.64205276966095 15.942757889628409 16.238351225852966 18.503511235117912 18.70745176076889 26.02273154258728 18.887997299432755 32.731786668300629 21.219066843390465 28.919030487537384 20.040291339159012 27.163731500506401 20.167506128549576 15.379364922642706 16.460383400321007
leaf_count=114 67 130 115 89 83 152 109 111 114 82 137 93 85 91 106 298 115 138 145 114 78 99 103 137 80 115 102 88 88 132 109 80 88 90 99 108 84 149 98 151 93 151 84 85 98
internal_value=0 0.0174073 -0.0138831 0.023265 -0.00348882 -0.030668 0.0437767 0.0139348 0.0140395 0.00548206 -0.0149976 0.0177048 0.0200347 0.0333028 0.00140062 -0.0390769 -0.0189378 0.0418045 0.00827008 0.00237446 -0.00472872 -0.00936449 -0.00311135 0.00714774 -0.015716 -0.0211653 0.0259318 -0.0295013 0.0072375 0.0269577 -0.0185793 -0.0327521 -0.00862895 0.00346607 -0.0411636 0.0388522 -0.00659377 -0.0263403 0.0144611 -0.0247533 -0.00882112 -0.0504124 0.0718692 -0.0466451 -0.0557449
internal_weight=0 483.67 595.1 425.061 368.258 226.841 131.744 293.317 145.871 118.887 222.387 269.529 77.0541 100.631 47.2979 179.544 206.541 80.4575 168.898 136.871 109.94 122.988 102.891 73.1746 70.0269 41.8325 47.0369 115.792 58.3067 83.6325 72.0034 83.5533 52.3613 36.123 61.8139 52.1801 38.1125 51.8865 39.9134 58.6087 42.0999 45.8712 48.1113 43.7886 63.7516
internal_count=5077 2116 2961 1835 1732 1229 547 1288 651 537 1081 1177 339 424 221 1008 1014 333 753 608 494 569 470 333 318 198 195 612 257 349 375 445 266 178 330 217 169 238 176 281 196 250 198 237 396
is_linear=0
shrinkage=0.05


Tree=14
num_leaves=44
num_cat=0
split_feature=9 115 289 14 282 32 14 265 289 283 103 32 287 40 8 289 188 15 99 299 283 16 48 75 29 99 16 279 148 187 1 12 39 220 197 259 32 279 3 234 299 54 58
split_gain=108.061 51.1429 56.9366 32.8274 32.0724 24.9282 28.2069 21.8536 22.3274 18.7085 18.0865 16.6845 16.335 13.2138 12.7679 12.1351 11.9514 11.1122 9.90182 13.5612 9.7537 9.34007 8.80587 9.38 7.99 8.28101 7.97918 7.74421 7.72563 6.47422 6.04213 5.38978 5.34644 5.30286 5.17697 4.36138 3.10863 2.94605 5.55354 2.47236 0.933146 0.482355 0.60602
threshold=1.2500000000000002 215.00000000000003 0.1318557721318592 0.097222222222222224 -1.7499999999999998 1.6393822393822399 0.12500000000000003 0.4065430693337671 0.45847758937963173 -0.17028985507246372 5.5000000000000009 0.65868725868725886 0.99999999990523947 1.7500000000000002 102.50000000000001 -0.18493013702746822 59.500000000000007 7.5000000000000009 6.1250000000000009 9.7757815700310946 -0.11324786324786323 0.12500000000000003 1.6578341013824891 1.5000000000000002 -1.1999999999999993 6.3750000000000009 0.12500000000000003 -2.2513445904683738 26.500000000000004 8.2500000000000018 87.875000000000014 0.062500000000000014 0.57738095238095244 5.5000000000000009 1.0000000180025095e-35 -5.3442299417896573 1.2872586872586878 -1.8852064625147913 85.250000000000014 8.5000000000000018 4.8749999981101544 792.50000000000011 15.500000000000002
decision_type=2 2 2 2 2 2 2 2 2 2 2 2 2 2 2 2 2 2 2 2 2 2 2 2 2 2 2 2 2 2 2 2 2 2 2 2 2 2 2 2 2 2 2
left_child=1 2 3 15 10 6 11 8 22 27 16 -4 -13 35 36 18 -2 -10 -1 28 -8 -21 -6 26 -5 -26 -24 -3 31 -17 -30 -20 -29 -22 -14 -7 -11 41 -39 -12 -38 42 -27
right_child=4 9 5 24 7 13 20 -9 17 14 39 12 34 -15 -16 29 -18 -19 19 21 33 -23 23 -25 25 37 -28 32 30 -31 -32 -33 -34 -35 -36 -37 40 38 -40 -41 -42 -43 -44
leaf_value=0.028681022218222392 0.0027818937674247146 -0.02872108277101167 0.0065705054212594691 -0.0044774098445644252 -0.037707401539685062 -0.014537450674607696 0.026724879028024864 0.052212991957244229 0.045561618076530197 -0.029657753418691021 0.081310576767960024 0.013124497162953511 0.075451211488641923 0.022687790941383259 -0.0040324642591857409 -0.051130703904500696 0.047580110185086115 0.0031730353602674576 -0.011803483536544944 0.037518408710050161 0.0011179398718301496 -0.0054825503018014572 0.0019288303867118679 0.022321480960501423 -0.01187921917057169 -0.034007763047090689 -0.035732764844167215 -0.012668104997752767 -0.021689934185720204 -0.0075399898435509569 0.015544084654226232 -0.049306547613856139 0.023359765229576931 -0.032027945871582184 0.043054716042306387 -0.048934207594509435 -0.057647052661441406 -0.011139562348520994 -0.054187725625897402 0.053676257091958203 -0.040090970907237206 -0.062596202997064629 -0.055166301768257431
leaf_weight=28.697756573557854 28.853383392095566 33.329777151346207 29.024790287017822 17.617903143167496 19.876203909516335 24.293311551213264 21.669365540146828 28.580879658460617 37.902073293924332 20.58219538629055 22.956624254584312 22.515477493405342 38.394219249486923 17.23993344604969 18.052902951836586 16.751235917210579 30.05275958776474 25.923207238316536 19.358890265226364 25.638025984168053 28.420002490282059 23.584807544946671 35.841431632637978 27.131909757852554 20.677953347563744 15.187983557581903 22.04475861787796 21.896258741617203 18.421274125576019 17.157749846577644 23.822206094861031 19.715775713324547 17.746631115674973 19.887962117791176 26.163768872618675 15.251839786767958 67.126383736729622 15.614607498049738 14.666911244392393 31.523906424641609 21.453085571527481 27.406918331980705 14.521266624331473
leaf_count=130 120 159 123 89 89 122 92 118 156 104 95 98 160 80 88 83 123 107 90 112 134 112 158 120 111 85 104 103 87 80 105 100 80 94 112 82 410 87 85 130 125 158 82
internal_value=0 -0.0100922 -0.00234009 -0.0162116 0.0248486 0.015863 0.0246826 0.0125604 0.00557529 -0.0317241 0.0459339 0.0396913 0.0505317 -0.0129644 -0.0432428 -0.00322068 0.0260498 0.0286596 0.00261643 -0.00328801 -0.000426512 0.0172159 -0.0086089 -0.00144674 -0.0359911 -0.0410402 -0.0127771 -0.0113302 -0.0157576 -0.0299219 -0.000818798 -0.0314845 0.00363814 -0.0129007 0.0631787 -0.0286834 -0.0496319 -0.0477271 -0.0330557 0.0665763 -0.0538902 -0.0548029 -0.0458093
internal_weight=0 761.889 561.702 318.841 310.687 242.861 186.076 197.3 168.72 200.187 113.387 116.098 87.0735 56.7851 127.215 193.148 58.9061 63.8253 159.239 130.541 69.9773 49.2228 104.894 85.0181 125.694 108.076 57.8862 72.9727 81.3181 33.909 42.2435 39.0747 39.6429 48.308 64.558 39.5452 109.162 87.3977 30.2815 54.4805 88.5795 57.1162 29.7093
internal_count=5082 3762 2693 1596 1320 1097 813 852 734 1069 468 493 370 284 727 899 243 263 736 606 320 224 471 382 697 608 262 342 382 163 192 190 183 228 272 204 639 497 172 225 535 325 167
is_linear=0
shrinkage=0.05


Tree=15
num_leaves=47
num_cat=0
split_feature=10 9 9 115 282 279 282 282 32 30 32 39 285 28 77 12 115 99 198 8 291 92 226 31 226 85 288 158 288 73 154 260 107 282 287 197 195 92 286 31 279 72 31 99 31 288
split_gain=110.576 47.4805 43.4956 19.635 18.395 17.6399 17.7949 15.5659 15.4906 13.6824 12.2383 11.2378 10.8711 10.7667 11.5811 11.2324 10.4888 12.1312 10.4165 9.60582 9.54716 8.45127 8.34851 10.7035 10.1678 8.31285 10.6258 7.98025 7.19938 8.3858 6.54017 5.88573 5.88125 5.77717 6.23052 5.34438 5.14493 5.0076 4.82369 3.89161 3.35535 2.11591 1.9185 1.45147 1.26365 0.619551
threshold=0.12500000000000003 1.0000000180025095e-35 1.2500000000000002 215.00000000000003 -0.74999999999999989 -1.6753987028054949 -1.0000000180025095e-35 -1.7499999999999998 2.1424710424710427 1.2377622377622381 1.2393822393822396 0.44722222222222224 14.812500000000002 9.0000000000000018 84.312500000000014 0.062500000000000014 235.00000000000003 6.1250000000000009 1.8750000000000002 52.500000000000007 0.96424010217113676 68.500000000000014 45.500000000000007 0.70549328375118869 64.500000000000014 86.500000000000014 0.57077594689671507 10.500000000000002 -0.77245553105869302 75.250000000000014 21.750000000000004 2.2469130798763604 105.62500000000001 1.0000000180025095e-35 0.99999999999997158 2.5000000000000004 50.500000000000007 71.500000000000014 0.34941341276217447 1.3800000000000003 -1.9499945416654219 79.250000000000014 1.2547826086956524 8.3750000000000018 0.35739130434782618 -0.59176244063315286
decision_type=2 2 2 2 2 2 2 2 2 2 2 2 2 2 2 2 2 2 2 2 2 2 2 2 2 2 2 2 2 2 2 2 2 2 2 2 2 2 2 2 2 2 2 2 2 2
left_child=2 4 3 8 11 6 16 27 13 22 18 39 20 14 15 33 17 -3 -6 30 21 -7 23 40 -24 26 -13 36 -19 -30 41 -27 -31 34 -1 43 -4 -23 -8 -2 -9 -5 -12 -20 -29 -44
right_child=1 5 7 19 10 12 38 9 -10 -11 42 25 -14 -15 -16 -17 -18 28 35 -21 -22 37 24 -25 -26 31 -28 44 29 32 -32 -33 -34 -35 -36 -37 -38 -39 -40 -41 -42 -43 45 -45 -46 -47
leaf_value=0.018492200492602272 -0.01801103183959632 0.04044208367467389 0.050648221520383833 -0.057098091866944069 0.0089680940789389086 0.040458386949572656 -0.049208268223623612 0.031486150477327488 -0.021550446931200718 -0.011396272243602006 -0.033994436995687452 0.025636774865149203 -0.011539650675258785 0.051981630873965234 -0.012358107444306959 -0.012349790841048413 -0.030340934792017972 0.021872506797541817 -0.029165562398815698 0.011068464890932649 0.054098308383486726 -0.017896444994917837 -0.014164154673680969 0.010242497921803078 0.035642232171030852 -0.042266241518176255 -0.017745263297576325 0.078976288145328033 0.013550297789492495 -0.042922950932294673 -0.0063287425677053151 -0.0055306270915108351 -0.0039811761104542997 0.0087516650888469407 0.049682904750311591 -0.010002567755537589 0.01492253282817447 0.017716848491035976 -0.013950856386369512 -0.048007407661629233 0.060472573956470224 -0.027581539469944957 -0.04234335212469139 -0.052056114949400815 0.052421912865077219 -0.060302522014898399
leaf_weight=31.185095384716988 22.103054627776146 20.974618539214134 22.649200186133385 15.292679101228716 18.122585669159889 20.201343804597855 26.239759549498558 18.832818627357483 27.779875308275223 22.519103422760963 18.812727138400078 33.225319668650627 24.275754600763321 19.826279401779175 33.255847975611687 20.522603899240494 21.328574225306511 23.182238221168518 16.873232781887054 19.643899410963058 21.425060585141182 17.669794097542763 19.25300557911396 22.476856529712677 19.952636197209358 17.784775778651237 23.115180596709251 20.660487562417984 22.489955022931099 19.411844819784164 19.322885826230049 26.839912891387939 18.896847903728485 28.89432929456234 36.443142384290695 17.496434479951859 19.585182294249535 19.946420297026634 16.697134032845497 24.421021446585655 37.462605580687523 15.455144584178923 19.134224593639374 24.252449586987495 20.392613008618355 49.232003912329674
leaf_count=133 112 91 94 84 91 87 139 80 131 98 109 156 116 86 149 91 97 101 93 89 94 77 83 97 84 91 111 86 94 88 91 140 86 129 152 95 81 91 83 135 154 78 120 135 84 328
internal_value=0 -0.0140262 0.0181271 0.00448977 -0.027334 0.00121294 -0.00871931 0.0343433 0.01252 0.0239069 -0.0388333 -0.0143778 0.0173772 0.0181767 0.0134034 0.0207656 0.000810016 0.00736698 -0.0237874 -0.0181612 0.0262692 0.0152124 0.0306846 0.0399995 0.0114395 -0.00488831 0.00783908 0.0514558 -0.00127237 -0.0103085 -0.0296208 -0.0207768 -0.0243038 0.0278611 0.0357791 -0.0338941 0.0348096 0.000957671 -0.0361271 -0.0344353 0.0514944 -0.0435979 -0.0516585 -0.0435798 0.067346 -0.055959
internal_weight=0 584.152 491.406 267.622 311.413 272.739 169.221 223.785 197.907 140.497 163.924 147.489 103.518 170.127 150.301 117.045 126.284 104.956 76.7447 69.7146 79.2426 57.8176 117.978 78.7723 39.2056 100.965 56.3405 83.2875 83.9809 60.7986 50.0707 44.6247 38.3087 96.5226 67.6282 58.6221 42.2344 37.6162 42.9369 46.5241 56.2954 30.7478 87.179 41.1257 41.0531 68.3662
internal_count=5114 2960 2154 1213 1716 1244 779 941 871 596 971 745 465 740 654 505 557 460 414 342 349 255 498 331 167 498 267 345 369 268 253 231 174 414 285 323 175 168 222 247 234 162 557 228 170 448
is_linear=0
shrinkage=0.05


Tree=16
num_leaves=46
num_cat=0
split_feature=9 9 290 17 282 31 32 20 137 36 282 289 287 35 97 282 29 143 9 235 284 193 56 50 115 12 291 34 44 105 35 287 227 44 36 190 181 9 284 260 36 28 117 55 287
split_gain=94.6434 48.132 35.7794 32.8259 19.9204 15.6209 14.9632 22.6058 15.7795 13.1991 17.7421 13.6359 13.373 12.2365 12.0239 11.2639 10.6061 9.80599 9.50459 8.76002 8.66913 9.85645 11.6974 7.5949 10.2458 7.39033 7.06914 6.12314 6.10497 6.07373 5.66518 5.31117 5.00756 5.00487 7.43721 4.75975 4.22813 4.01077 3.84841 3.5714 3.48718 2.75775 2.15159 0.948643 0.152802
threshold=1.0000000180025095e-35 3.2500000000000004 10.500000000000002 7.5000000000000009 0.75000000000000011 1.1285832689471098 2.2540540540540546 0.041666666666666671 43.500000000000007 1.4651295713742774 -2.2499999999999996 0.41202506375868281 0.99999999999996425 0.95011807466920084 9.1875000000000018 -0.74999999999999989 2.2285714285714291 28.750000000000004 1.2500000000000002 13.500000000000002 1.8397435897435901 15.750000000000002 11.250000000000002 0.88215712383488698 205.00000000000003 1.0000000180025095e-35 0.84412955465587058 -1.0768312768312767 27.500000000000004 13.500000000000002 0.52243118397129218 0.99999995009669085 54.500000000000007 1.0000000180025095e-35 1.3291310381597625 5.5000000000000009 19.500000000000004 6.5000000000000009 1.804761904761905 1.3518307998509236 1.0686314721265771 1.0000000180025095e-35 6.9375000000000009 872.50000000000011 0.99999999907895609
decision_type=2 2 2 2 2 2 2 2 2 2 2 2 2 2 2 2 2 2 2 2 2 2 2 2 2 2 2 2 2 2 2 2 2 2 2 2 2 2 2 2 2 2 2 2 2
left_child=3 2 4 13 6 27 7 14 20 11 -11 17 -13 16 18 37 23 41 36 -16 21 22 -9 -1 26 -6 -25 -4 38 44 35 -8 -20 -22 -35 -23 -2 -3 -18 -29 -19 -5 -12 -44 -27
right_child=1 15 5 9 25 -7 31 8 -10 10 42 12 -14 -15 19 -17 28 40 32 -21 33 30 -24 24 -26 29 -28 39 -30 -31 -32 -33 -34 34 -36 -37 -38 -39 -40 -41 -42 -43 43 -45 -46
leaf_value=0.035951909468220911 0.016184844039302117 0.045421582334757814 0.058823208787230512 -0.053446304574351261 -0.00043743567701212942 -0.0011200683488040934 -0.041467023199215809 0.031916312070522743 0.034884705161884341 -0.0035480247944043998 -0.029137419150633004 -0.022555996540582282 0.025446549690667775 0.036783759973339027 0.059255956826431359 0.02404464395673871 -0.048509845197590357 -0.023611949557949173 0.044973768423751288 0.016542394903337219 -0.0091785634487784283 0.0052232038179601571 -0.021170210461512545 -0.0124435034286696 -0.031545836253938905 -0.03653076764817012 0.029015862509348473 0.018084449821396325 0.0020656829658692441 -0.0093604143215814464 -0.04237746740148992 -0.004795473327313819 0.010114154298492623 -0.0025233890254634656 0.04016217184921772 -0.029821141298149185 -0.013556725033941217 0.077329866667490976 -0.0152682760995608 0.045805798913794916 0.0097769504630235166 -0.028985255441709875 -0.057979028329563302 -0.037895128034884429 -0.05376628545815814
leaf_weight=16.563335046172142 18.251750245690346 27.876120761036873 35.093634486198425 30.27577668428421 24.924039050936699 26.642963945865631 19.253776401281357 18.622828096151352 24.418083488941193 24.902533948421478 13.58386082947254 28.783630609512329 27.292242527008057 19.178004711866379 31.392207875847816 35.527312844991684 18.709259852766991 14.640941619873049 23.209466725587845 20.699275761842728 28.203739002346992 17.848552942276001 21.046538606286049 16.479925036430359 18.340537011623383 15.642625898122789 24.492244303226471 29.178956642746925 18.253700494766235 17.422003075480461 31.932354852557182 19.84300771355629 19.212228685617447 21.045646384358406 18.609008952975273 19.551598906517029 30.547743573784828 24.31812196969986 17.984440073370934 21.227127552032471 14.812928631901739 26.148947313427925 63.553948879241943 15.541179642081259 15.866261705756186
leaf_count=71 80 116 144 185 111 120 95 84 104 127 82 146 126 87 131 149 92 81 97 87 123 84 99 79 99 86 116 120 87 86 150 89 81 92 81 95 136 103 87 87 80 147 408 100 82
internal_value=0 0.0124863 0.00713757 -0.018103 0.000909895 0.0323139 0.00550006 0.00884173 -0.00197692 -0.028831 -0.0412075 -0.0183629 0.000843447 0.000526697 0.0239446 0.04675 -0.00502711 -0.0307694 0.0127641 0.0429144 -0.00723372 -0.0159129 0.00392331 0.00706969 -0.00145816 -0.0226916 0.0124408 0.0426249 -0.0215592 -0.0337915 -0.0271569 -0.0234387 0.0297828 0.00673647 0.0180031 -0.0133964 -0.0023313 0.0614624 -0.0330547 0.0304225 -0.00705037 -0.0428125 -0.0511805 -0.0545552 -0.0465966
internal_weight=0 657.407 569.685 409.537 457.543 112.143 383.688 344.591 201.278 259.536 117.582 141.954 56.0759 150.001 143.313 87.7216 130.823 85.8786 91.2212 52.0915 176.86 109.002 39.6694 75.876 59.3127 73.8549 40.9722 85.4997 54.9474 48.9309 69.3325 39.0968 42.4217 67.8584 39.6547 37.4002 48.7995 52.1942 36.6937 50.4061 29.4539 56.4247 92.679 79.0951 31.5089
internal_count=5112 2912 2544 2200 2073 471 1708 1524 912 1482 717 765 272 718 612 368 631 493 394 218 808 512 183 365 294 365 195 351 266 254 329 184 178 296 173 179 216 219 179 207 161 332 590 508 168
is_linear=0
shrinkage=0.05


Tree=17
num_leaves=46
num_cat=0
split_feature=9 9 282 13 289 36 36 283 1 280 282 110 74 281 291 201 289 31 282 31 109 54 57 99 148 51 282 144 254 148 289 291 274 113 181 114 29 36 33 193 87 201 278 1 29
split_gain=87.9748 34.841 27.0916 26.3787 18.8154 17.3124 16.4345 13.5006 11.0707 11.3964 10.7811 9.91755 9.77369 9.43281 11.1803 9.2956 9.13778 20.1452 8.68438 8.4477 9.54807 8.16192 8.909 7.93063 7.91006 7.16716 8.11615 6.67152 6.66001 6.55881 9.54044 8.51642 5.99236 5.11881 7.78724 4.93409 4.77944 4.69691 4.53849 3.776 3.59267 4.65802 3.36893 4.03015 1.02689
threshold=1.0000000180025095e-35 3.2500000000000004 1.0000000180025095e-35 7.5000000000000009 0.39629089145655322 1.3952428232669745 1.5544390785095004 -0.074175824175824162 75.375000000000014 80.550771928385814 -1.7499999999999998 186.25000000000003 7.2500000000000009 83.528914104096145 0.94987468671679209 1.1250000000000002 0.26659387353423869 1.0982608695652176 -2.2499999999999996 0.84782608695652184 121.25000000000001 852.50000000000011 14.750000000000002 6.3750000000000009 22.500000000000004 7.5000000000000009 0.75000000000000011 3.5000000000000004 0.18750000000000003 63.500000000000007 0.26659387353423869 0.84412955465587058 -1.6192081776317206 95.000000000000014 41.500000000000007 85.000000000000014 -1.0026578073089694 1.3952428232669745 -0.19305019305019319 32.750000000000007 73.062500000000014 6.2500000000000009 85.516652713893066 79.125000000000014 0.34285714285714264
decision_type=2 2 2 2 2 2 2 2 2 2 2 2 2 2 2 2 2 2 2 2 2 2 2 2 2 2 2 2 2 2 2 2 2 2 2 2 2 2 2 2 2 2 2 2 2
left_child=3 2 4 8 11 25 12 16 -1 -10 -8 15 13 14 27 -2 23 -18 36 -11 35 22 33 -5 -22 26 -4 -6 37 30 31 -3 -28 34 -20 -21 -17 42 -19 -35 41 -25 43 -9 -7
right_child=1 29 5 7 6 44 10 28 9 19 -12 -13 -14 -15 -16 18 17 38 21 20 24 -23 -24 40 -26 -27 32 -29 -30 -31 -32 -33 -34 39 -36 -37 -38 -39 -40 -41 -42 -43 -44 -45 -46
leaf_value=-0.037216771074755253 0.032520872647003735 -0.0059248576776657815 0.010425735072576147 -0.0050939189765468905 0.035584357979922238 -0.055361496911976775 0.018606546787999941 -0.037967819429590828 0.039754405821409357 -0.029101303779471229 -0.027766505356600087 -0.021585192360259808 0.0069424478833782144 0.068557478208958397 0.059795980897962578 0.037824562182619981 0.034199667807887989 -0.043499382451726007 -0.011356090752872449 0.0052690704896261572 -0.030839692874924329 0.017926049686499371 0.01396010420372585 -0.046114585233065365 0.013205685707483691 0.0237177405689405 -0.03794701942641085 0.0010316959245201172 -0.0062230996318270943 0.065619923626560134 0.058646964732071816 0.038104811337438177 -0.0019637170060549879 0.010628885727688794 -0.05433191619925154 0.039951226421856008 0.0080010670361498112 -0.056324486099495343 -0.0064542584318190328 -0.020645243086629406 -0.0539888040309697 -0.0094022739265198566 -0.048242136555289195 -0.0029893744465693348 -0.031801076248899829
leaf_weight=17.429222300648689 30.989187404513359 20.102706223726273 29.431814476847649 26.899035587906837 28.153229176998138 16.374377220869068 31.251721978187561 17.377912580966949 18.170964524149895 21.825806796550751 19.500507384538651 32.597840428352356 26.858093425631523 23.813647836446762 24.24618399143219 21.596684113144875 22.32741117477417 16.894002839922905 25.714446187019348 21.689009085297585 22.603969156742096 33.925623148679733 28.248680859804153 15.801713332533835 17.165996193885803 18.945497125387192 26.405606761574745 26.942362859845161 12.942632511258124 20.315774381160736 21.476059809327126 22.600494608283043 20.221644848585129 19.325533539056778 17.724644720554352 19.072188049554825 34.91222970187664 49.455140173435211 16.126988127827644 17.447880476713181 22.23574198782444 19.137979045510292 23.131951197981834 15.255407154560087 14.708740577101706
leaf_count=100 135 85 136 148 116 90 132 96 80 102 90 154 113 97 100 89 97 93 117 101 114 153 127 92 79 83 130 110 79 85 91 94 96 87 80 87 147 351 80 80 128 104 144 80 82
internal_value=0 0.011065 0.00658305 -0.0187763 0.0123968 -0.0137915 0.0247642 -0.0281958 -0.00111252 0.0043717 0.000596413 0.00381808 0.0341218 0.0410637 0.0320611 0.00749817 -0.0174606 -0.00161727 0.00345629 -0.00223349 0.00531593 -0.00314637 -0.00984117 -0.027749 -0.0119707 -0.00303421 -0.00991915 0.0190073 -0.0406096 0.0408346 0.0321025 0.0177164 -0.0227104 -0.018292 -0.0297197 0.0220649 0.0198586 -0.0447409 -0.0261286 -0.00436347 -0.0381367 -0.0268268 -0.0336568 -0.0221912 -0.0455513
internal_weight=0 653.831 569.336 395.543 443.248 126.088 180.766 257.586 137.957 120.528 50.7522 262.483 130.014 103.155 79.3418 229.885 139.423 55.3484 198.896 102.357 80.5312 142.387 108.461 84.0745 39.77 95.0046 76.0591 55.0956 118.163 84.495 64.1793 42.7032 46.6273 80.2125 43.4391 40.7612 56.5089 105.22 33.021 36.7734 57.1754 34.9397 55.7653 32.6333 31.0831
internal_count=5054 2899 2544 2155 1927 617 758 1492 663 563 222 1169 536 423 326 1015 742 270 880 483 381 644 491 472 193 445 362 226 750 355 270 179 226 364 197 188 236 671 173 167 324 196 320 176 172
is_linear=0
shrinkage=0.05


Tree=18
num_leaves=47
num_cat=0
split_feature=16 283 31 282 289 30 32 0 283 192 16 108 289 279 12 272 33 76 139 235 149 32 288 204 289 32 1 279 111 285 148 16 90 87 274 289 279 47 272 212 91 2 117 277 71 280
split_gain=71.9943 36.0467 29.2602 29.135 26.2098 20.1583 16.5112 15.436 15.2096 14.1249 17.6512 13.1384 12.9294 12.7161 12.3665 9.89979 9.86805 9.30682 9.97387 9.21185 8.52735 8.40121 8.1669 7.91784 7.88111 7.67065 6.94376 6.8073 9.13575 6.40515 6.62823 5.71202 4.84326 10.3635 4.55375 4.55858 4.45015 4.41835 4.04695 3.89571 3.86138 1.50632 1.41596 0.962908 0.661992 0.544684
threshold=0.12500000000000003 -0.051315789473684204 1.5556914851796526 -1.0000000180025095e-35 0.2332836900311728 -0.33146853146853134 1.8030888030888035 83.250000000000014 -0.25543478260869562 27.250000000000004 0.29166666666666669 11.250000000000002 0.44312301391210612 -1.5229523073872258 0.14583333333333334 -2.089371365827557 0.86023166023166009 1.0000000180025095e-35 10.500000000000002 8.2500000000000018 42.500000000000007 1.662548262548263 -0.31799228562170639 1.2500000000000002 0.097680735332368748 1.43938223938224 80.125000000000014 -2.6612904962219814 95.000000000000014 11.562500000000002 46.500000000000007 1.0000000180025095e-35 65.125000000000014 68.062500000000014 -1.8252758255473125 0.80290535434334509 -2.031373251934812 -0.06986366959158373 -1.3751144855153565 2.3333500000000007 72.500000000000014 79.750000000000014 7.3958250000000012 -2.7826527533961234 77.500000000000014 90.75544721928047
decision_type=2 2 2 2 2 2 2 2 2 2 2 2 2 2 2 2 2 2 2 2 2 2 2 2 2 2 2 2 2 2 2 2 2 2 2 2 2 2 2 2 2 2 2 2 2 2
left_child=2 4 3 7 9 13 14 25 23 27 16 -8 17 -3 15 -6 22 -5 -19 -9 -12 24 -11 -4 38 32 -16 43 -29 30 -21 -14 39 -34 -26 -36 -10 -35 45 -1 42 -38 -30 -2 -23 -7
right_child=1 5 8 12 6 21 11 19 36 10 20 -13 31 -15 26 -17 -18 18 -20 29 -22 44 -24 -25 34 -27 -28 28 40 -31 -32 -33 33 37 35 -37 41 -39 -40 -41 -42 -43 -44 -45 -46 -47
leaf_value=0.07106663682248425 -0.032546110049519315 -0.021638535656690924 -0.013101578322179903 -0.034406236132666253 0.012366459197255165 -0.057104898093280246 0.010784909579463507 0.039577931913371341 -0.0098564582081502317 0.0076248695740777335 -0.051514325998937065 -0.041659914322853236 0.035265198100364818 0.031956627083065063 -0.012196262714472021 0.05809623983621405 -0.014117657354314804 -0.020323066350136337 0.019143180851014099 -0.021961665539545733 -0.0059137098382611121 -0.058464011753068361 0.052504250435989899 0.025950763072017435 -0.034236395345062412 0.012586537266576939 0.023209963472738942 0.0091463490406510656 -0.049947364391326465 0.025254208069595614 0.016280110571751171 0.0029012865415365312 0.0074412717987268496 0.065700494598740028 0.011141288110756565 -0.023376394579738557 -0.051561653240423569 0.030904030007805051 -0.018622503364058313 0.038509534002179907 -0.013010604565252663 -0.026138518270856861 -0.026405803801677535 -0.055518155750355895 -0.036577470884228303 -0.036319965372389872
leaf_weight=30.80585914850235 15.474305883049967 25.055716305971146 21.494257032871246 24.98389233648777 19.573965042829514 25.538030371069908 27.554171651601791 28.714288622140884 20.973971053957939 20.155057802796364 16.457889601588249 19.66556391865015 31.030169785022736 18.240612834692001 24.880071595311165 31.724496409296989 16.624444678425789 28.412051633000374 34.132671266794205 25.030870765447617 25.569498389959335 38.844639025628567 20.236227378249168 30.0263512134552 19.911381080746651 19.398989200592041 28.958536401391029 22.04363651573658 16.660934552550316 26.464167937636375 19.125960156321526 24.074205443263054 20.645048648118973 23.290388703346252 19.883226573467255 16.713343575596809 15.524368271231653 19.799526304006577 14.622980982065199 19.482180595397949 26.626303933560848 15.43216587603092 17.56331992149353 16.071730852127075 11.457052096724508 12.811020568013189
leaf_count=130 81 125 93 116 83 158 137 121 107 90 94 103 128 81 109 133 81 134 150 108 136 286 89 129 105 82 126 108 85 114 80 107 86 97 99 87 89 83 87 82 138 79 91 83 77 82
internal_value=0 -0.0122667 0.0140184 0.0204954 -0.0028666 -0.0291036 0.0129262 0.0313624 -0.00945585 -0.0141452 -0.000289623 -0.0114677 0.0026672 0.00115264 0.023887 0.0412172 0.0177104 -0.0092535 0.00117725 0.0162016 -0.0245531 -0.0372584 0.0308349 0.00971899 -0.0290129 0.0424454 0.00692389 -0.0260302 -0.0181296 0.00627689 -0.00540402 0.0214297 0.0473718 0.0370703 -0.0156037 -0.00482512 -0.0283036 0.0507753 -0.042763 0.0594504 -0.0279986 -0.0401025 -0.0389589 -0.0455959 -0.0542891 -0.0512609
internal_weight=0 568.918 478.841 375.39 365.84 203.078 152.357 232.757 103.451 213.483 99.0431 47.2197 142.633 43.2963 105.137 51.2985 57.0157 87.5286 62.5447 99.3353 42.0274 159.782 40.3913 51.5206 109.48 133.422 53.8386 114.44 82.8942 70.621 44.1568 55.1044 114.023 63.735 56.508 36.5966 51.9305 43.0899 52.972 50.288 60.8506 30.9565 34.2243 31.546 50.3017 38.3491
internal_count=5069 2954 2115 1618 1767 1187 691 983 497 1076 490 240 635 206 451 216 260 400 284 423 230 981 179 222 618 560 235 586 422 302 188 235 478 266 291 186 275 180 327 212 314 168 176 164 363 240
is_linear=0
shrinkage=0.05


Tree=19
num_leaves=43
num_cat=0
split_feature=9 283 10 32 63 283 36 32 262 30 39 137 57 288 19 272 289 299 36 57 32 149 91 12 157 117 193 299 209 4 29 97 100 88 280 286 287 274 289 272 145 35
split_gain=81.3205 30.976 28.2657 22.6223 24.3553 21.0747 21.6458 16.5714 15.0116 14.7162 14.4903 13.9163 12.3636 12.3428 10.7591 10.0667 9.641 16.8566 9.48557 9.29674 9.22727 8.75297 7.57016 7.18786 7.11694 8.21763 6.95822 6.79214 6.19865 5.54277 5.49487 4.63692 4.48418 3.93016 3.49 3.34517 3.08166 2.15053 1.61102 1.26996 4.2446 0.469004
threshold=1.0000000180025095e-35 -0.063508064516129017 0.29166666666666669 1.9220077220077225 86.250000000000014 -0.25543478260869562 1.6646975845974443 1.4864864864864866 5.0000000000000009 -2.2867132867132862 0.44722222222222224 30.500000000000004 10.500000000000002 0.35846314187849709 7.5000000000000009 -2.0131797419758111 0.19969739736768838 7.624999999999944 1.710984308936198 12.250000000000002 0.9722007722007725 22.500000000000004 71.500000000000014 0.14583333333333334 20.500000000000004 7.1875000000000009 8.7500000000000018 6.1249999999687263 0.58332500000000009 79.750000000000014 1.0000000180025095e-35 5.8125000000000009 9.8750000000000018 1.1250000000000002 80.388256808944291 0.23089170063648415 0.99999820735644185 -2.2273896195548777 0.60383265664488517 -1.7821478317968167 12.500000000000002 0.52243118397129218
decision_type=2 2 2 2 2 2 2 2 2 2 2 2 2 2 2 2 2 2 2 2 2 2 2 2 2 2 2 2 2 2 2 2 2 2 2 2 2 2 2 2 2 2
left_child=2 3 5 4 13 10 12 8 11 -6 -1 20 -7 23 28 -5 31 34 22 -14 37 -12 -11 36 25 -24 -21 -10 -15 -19 -29 -4 -22 -27 -18 -9 -2 -3 -8 -33 -41 -38
right_child=1 7 16 15 9 6 38 35 27 18 21 -13 19 14 -16 -17 17 29 -20 26 32 -23 24 -25 -26 33 -28 30 -30 -31 -32 39 -34 -35 -36 -37 41 -39 -40 40 -42 -43
leaf_value=-0.022052299103137427 0.038749485467940589 -0.020103572069228054 -0.013458840915044824 -0.026015220709175647 0.043962387827852577 -0.034260051816437716 -0.05418853197825671 -0.048389542310107593 -0.00077808549462331743 -0.029455563198681946 0.052649319350784797 0.019122248859069022 0.032732408495107883 0.053985933461528315 -0.0038553934578122321 0.0124600981904496 -0.054946601931732224 -0.013916674170719815 0.033411600820796132 0.013009291676126439 -0.017530626966044467 0.01201362797890858 0.034000288601974009 0.02431208864159538 -0.016239779729722861 0.010463581270026038 -0.021075126183996581 0.015978878490919002 0.018999100448955947 0.023849568567124523 0.050037098732256868 -0.055831083999729074 0.016209577217526677 -0.017293837232434682 -0.024240414519974222 -0.017957087655144782 0.073191805556342374 -0.045430841149857404 -0.030395375003015396 -0.052963213496381903 -0.014447860577296965 0.052854941209430767
leaf_weight=18.562551960349083 22.61317640542984 16.033377468585968 11.310120761394499 34.455737367272377 27.572851359844208 25.255626529455185 27.239995658397675 18.182954743504524 28.837117195129395 18.365318715572357 21.147166162729263 29.730302825570107 21.298518881201744 23.290999010205269 26.279345914721489 31.804637029767036 22.516409456729889 19.196963779628277 23.364275857806206 27.251688413321972 20.913358762860298 35.038433209061623 27.06500406563282 24.22099731862545 29.504356205463409 34.836398616433144 30.961793892085552 32.268706977367401 30.112140670418739 17.769407659769058 19.214075729250908 43.952404074370861 16.901215195655823 18.798405513167381 19.796865940093994 20.69246332347393 26.074421152472496 25.701620519161224 16.455612428486347 19.351574905216697 12.548706740140913 23.284202978014946
leaf_count=88 96 80 70 156 115 126 173 108 127 82 90 130 105 98 113 142 155 102 100 131 105 157 116 99 130 154 159 135 126 85 80 293 83 82 114 116 110 130 110 135 77 97
internal_value=0 0.0110708 -0.0177849 0.0190899 0.0240804 -0.0061057 -0.0169711 -0.00374687 0.00240281 0.0110311 0.0154141 -0.00962878 -0.00449759 0.0372615 0.0222762 -0.00763659 -0.0333175 -0.0203003 0.00480636 0.00526406 -0.020478 0.0279613 -0.000609677 0.0493178 0.00441909 0.0120784 -0.00516883 0.0186896 0.0349699 0.00438724 0.0294011 -0.0447928 -0.00242135 0.000596445 -0.0414716 -0.0330476 0.0572847 -0.0363989 -0.0461086 -0.0492289 -0.038712 0.0648383
internal_weight=0 650.117 389.654 421.642 355.382 223.211 148.463 228.475 189.6 179.507 74.7482 109.28 104.768 175.875 79.6825 66.2604 166.442 79.2796 151.934 79.512 79.5496 56.1856 128.569 96.1928 110.204 80.6998 58.2135 80.3199 53.4031 36.9664 51.4828 87.1628 37.8146 53.6348 42.3133 38.8754 71.9718 41.735 43.6956 75.8527 31.9003 49.3586
internal_count=5080 2910 2170 1816 1518 1139 804 1094 870 779 335 528 521 739 337 298 1031 456 664 395 398 247 564 402 482 352 290 342 224 187 215 575 188 236 269 224 303 210 283 505 212 207
is_linear=0
shrinkage=0.05


Tree=20
num_leaves=45
num_cat=0
split_feature=283 31 10 137 32 279 278 14 30 31 229 138 228 212 285 283 32 288 14 299 10 29 234 277 33 276 144 288 34 176 283 29 291 286 31 260 220 34 272 229 272 209 260 260
split_gain=60.5441 44.3365 36.5349 26.8098 26.2635 22.2778 21.6407 13.9969 13.059 16.0061 11.7013 11.4812 10.8083 10.684 11.0859 9.85192 9.78944 9.34879 11.4575 9.13306 7.64428 7.54402 7.32597 7.27695 6.89465 6.69249 6.29676 6.07328 5.60544 5.24272 4.84798 4.48622 4.312 4.28262 3.94884 3.72614 3.59958 5.8459 3.36586 2.98363 2.86835 1.35993 0.867605 0.565794
threshold=-0.1348484848484848 1.3988944572912312 0.29166666666666669 41.500000000000007 1.9111969111969114 -1.2895291321853841 83.06418436056893 0.20833333333333334 -2.2867132867132862 1.3539130434782611 34.500000000000007 6.2500000000000009 13.500000000000002 0.83335000000000015 9.3125000000000018 -0.63397129186602863 1.4972972972972978 -0.39036798905311365 0.12500000000000003 8.1611233578681475 1.0000000180025095e-35 1.21764705882353 58.500000000000007 -1.5611166052656849 -0.39536679536679548 84.153453225097763 26.500000000000004 0.3744682635859638 -0.36264276264276246 1.0000000180025095e-35 -0.41042780748663094 0.34285714285714275 0.7947368421052633 0.16516107081489231 0.84782608695652184 3.152988658870568 1.5000000000000002 -0.65355185355185352 -1.6706033022313771 24.500000000000004 -2.004961089081069 2.2500000000000004 4.8396295080403924 -0.84842024943033456
decision_type=2 2 2 2 2 2 2 2 2 2 2 2 2 2 2 2 2 2 2 2 2 2 2 2 2 2 2 2 2 2 2 2 2 2 2 2 2 2 2 2 2 2 2 2
left_child=2 3 4 5 6 7 27 10 -8 11 23 -10 16 -13 -15 -6 -4 -7 32 33 -12 -17 29 25 -5 -2 -11 34 31 -16 -28 -14 -19 -3 -1 -23 37 -22 -29 -21 -38 -9 43 -35
right_child=1 19 12 24 15 17 8 41 9 26 20 13 28 14 22 21 -18 18 -20 39 36 35 -24 -25 -26 -27 30 38 -30 -31 -32 -33 -34 42 -36 -37 40 -39 -40 -41 -42 -43 -44 -45
leaf_value=0.065523456872612074 -0.024203556083261774 -0.02228782630294196 0.028035594082073057 0.052231334333023904 0.02641353456032355 0.035187197236142956 0.050400084013748771 -0.033917130474791078 0.027451577466602668 0.056297669148685253 -0.0028987702525161015 -0.032300275596871451 -0.00069358970582888177 0.033503890644351969 -0.001950649767563827 0.0046698967347519821 -0.021018704128428895 3.9156547457613106e-05 -0.026846709439141171 0.0025669352530099318 0.0033007057883133865 -0.0141706709931854 0.017001806142880185 0.020220340129452775 0.011129348291706196 0.008365975670367785 0.037468867487003392 0.016409775053216554 -0.044959194062501567 -0.038728507479872616 0.0032233277867643934 -0.033945152485786632 0.030792415050735145 -0.043076387377942144 0.034117473039928958 -0.045026477332218033 -0.055840306593682359 -0.035750142060212202 0.04368048069718123 -0.027410900336714727 -0.026509505791898869 -0.060441828569657956 -0.037169405376630479 -0.059742039378033865
leaf_weight=35.539813384413719 32.360575087368488 20.850391060113907 21.574292004108429 22.066038563847542 18.635661587119102 28.542331710457802 23.56473009288311 15.801514595746996 33.011291891336441 18.999596104025841 33.99328725039959 27.218415707349777 24.025940328836441 21.259065300226212 19.391424715518951 32.496953576803207 17.559134989976883 21.921174958348274 22.646658577024937 15.669452331960203 16.111790478229523 25.328078910708427 18.679997399449348 31.749955579638481 19.515487298369408 29.181339778006077 20.671368435025215 25.763078838586807 25.41583788394928 18.594425365328789 20.148890420794487 16.609923794865608 22.750145465135574 25.881646648049355 19.30558916926384 16.577392250299454 19.423950433731079 22.098732098937035 22.379352852702141 16.280816093087196 19.931321933865547 14.321524515748022 23.496426180005074 33.838271126151085
leaf_count=153 149 138 92 96 81 131 100 92 140 82 151 118 121 90 86 143 94 101 116 85 81 119 81 155 89 145 88 108 148 81 91 95 105 181 82 82 101 120 95 98 104 81 151 224
internal_value=0 -0.0126659 0.0115438 -0.00370836 0.0181716 -0.00849175 0.0248688 -0.0167593 0.0159437 0.0116097 -0.0119447 0.00218406 -0.014691 -0.00593293 0.00356949 -0.00520491 0.00604969 0.0117375 0.00142549 -0.0369858 -0.0227978 -0.0133697 -0.00804712 0.00113761 0.0336553 -0.00887322 0.0329843 0.04373 -0.0268862 -0.0204854 0.0210465 -0.014774 0.0160324 -0.0441318 0.0552774 -0.0271419 -0.0313707 -0.0196198 0.0297176 -0.0130771 -0.0420108 -0.0480647 -0.0492754 -0.0533478
internal_weight=0 508.433 522.75 372.416 417.565 330.834 324.527 234.974 221.539 197.974 204.851 138.155 105.185 105.143 77.9249 93.0381 39.1334 95.8603 67.318 136.017 111.559 74.4024 56.6658 93.2919 41.5815 61.5419 59.8199 102.988 66.0517 37.9859 40.8203 40.6359 44.6713 104.067 54.8454 41.9055 77.5658 38.2105 48.1424 31.9503 39.3553 30.123 83.2163 59.7199
internal_count=5064 2694 2370 1817 1820 1632 1395 1179 957 857 1006 596 550 456 338 425 186 453 322 877 557 344 248 449 185 294 261 438 364 167 179 216 206 694 235 201 406 201 203 183 205 173 556 405
is_linear=0
shrinkage=0.05


Tree=21
num_leaves=47
num_cat=0
split_feature=9 9 282 282 36 36 263 288 154 281 32 146 111 101 111 283 199 22 33 287 143 283 36 288 98 99 259 9 22 80 79 66 155 29 220 7 2 144 33 55 109 156 287 55 287 229
split_gain=56.5541 29.5471 23.1346 20.0931 19.4001 18.7333 17.6437 13.6504 12.662 11.6899 11.198 10.2036 9.69975 9.45139 8.77476 8.66484 8.48065 8.40868 12.0822 8.0666 9.2236 8.11846 7.46089 7.03838 6.87737 6.8354 14.7828 7.23617 6.75138 6.00602 11.2363 5.90697 5.25936 4.51991 4.50014 5.32935 3.78777 3.71855 3.64865 3.63637 2.68833 2.6583 2.5434 2.50649 0.817002 0.0135858
threshold=1.0000000180025095e-35 3.2500000000000004 -2.2499999999999996 1.0000000180025095e-35 1.4833899732862526 1.4018062483443783 85.653037852139548 0.3744682635859638 4.2500000000000009 86.755541632964636 1.8030888030888035 12.500000000000002 235.00000000000003 13.500000000000002 185.00000000000003 -0.080128205128205107 84.500000000000014 0.37500000000000006 -0.4841698841698841 0.99999999999973688 11.750000000000002 -0.18898809523809521 0.75913311233774816 0.34235194516023087 0.31250000000000006 10.125000000000002 -11.731506647196285 1.7500000000000002 0.12500000000000003 78.625000000000014 76.375000000000014 1.0000000180025095e-35 46.500000000000007 3.147508305647841 6.5000000000000009 7.2500000000000009 81.250000000000014 31.500000000000004 0.82393822393822391 857.50000000000011 118.75000000000001 28.500000000000004 0.99999999998848821 782.50000000000011 0.99999999999981237 27.500000000000004
decision_type=2 2 2 2 2 2 2 2 2 2 2 2 2 2 2 2 2 2 2 2 2 2 2 2 2 2 2 2 2 2 2 2 2 2 2 2 2 2 2 2 2 2 2 2 2 2
left_child=2 3 11 6 8 22 7 10 -4 -8 24 38 16 17 28 36 19 18 -10 21 -21 -11 -5 -15 -2 27 -27 43 -6 30 -26 -24 -18 40 35 -33 -3 -22 -1 42 -20 44 -30 -9 -19 -7
right_child=1 15 4 5 14 45 9 25 13 12 -12 -13 -14 23 -16 -17 32 41 33 20 37 -23 31 -25 29 26 -28 -29 39 -31 -32 34 -34 -35 -36 -37 -38 -39 -40 -41 -42 -43 -44 -45 -46 -47
leaf_value=0.0085543526213823547 0.013930347388479253 0.058260348497625083 0.016217684460123043 0.020625576614758556 0.0055122819182965507 -0.038464321236676445 -0.029370702297302098 -0.032977774970074064 0.018576014683021193 0.044313435163031246 -0.0038477159165907406 -0.015455850248634107 -0.028364036431507103 0.026529650753842355 -0.053324625237593452 0.01381436871833526 -0.025721601262827517 -0.035559790372202534 -0.047584662155432389 0.026689768798201535 -0.029513661388988883 0.0059247175874978016 0.012698350189210754 -0.018056600044269466 0.055218854321745114 -0.010280924319328187 0.043593398333725823 0.014448104077136387 -0.055901790778982566 0.064380535737107905 0.0059363796820885934 -0.0080156007130187095 0.0058956894297781939 -0.0084841084033655447 0.00076577174707741853 -0.04711203370407762 0.027959004013010158 0.0020707459002111644 0.037776613623941774 -0.0083599434875831179 -0.018541521830539774 -0.020796632536345106 -0.028222797635919946 -0.0064432605129412764 -0.059003261390959585 -0.055784146445382682
leaf_weight=21.379683047533035 25.860578685998917 32.148327171802521 31.152014568448067 23.23628243803978 13.666177228093146 14.460622161626816 31.890105128288269 17.731731384992599 19.839910104870796 31.61236771941185 20.328444108366966 25.378874987363815 20.856999263167381 17.421426877379417 53.634238183498383 31.580471321940422 24.880426108837128 13.736132994294168 21.714170061051846 21.42373551428318 17.844746321439743 24.447700709104538 18.143139541149139 16.087499380111694 24.485722109675407 23.07798607647419 26.570354744791985 24.810460522770882 16.496147304773331 25.391555294394493 21.6671462059021 16.256563171744347 26.132179975509644 24.739239066839218 17.84994925558567 19.093775227665901 19.656224757432938 18.193421557545662 21.967810034751892 11.978422246873377 15.318407282233236 13.153385840356348 24.533728592097759 18.108287200331688 17.13176254928112 14.660472333431244
leaf_count=104 108 145 156 103 71 88 143 82 93 133 92 125 101 87 395 133 117 86 119 97 82 115 86 85 103 100 113 104 111 106 90 74 114 122 86 99 82 79 98 79 83 79 157 82 107 85
internal_value=0 0.00745142 -0.0168001 0.00335064 -0.0225959 -0.0144014 0.00830307 0.0179864 -0.0125527 -0.00189523 0.0297563 0.00934197 0.00296318 -0.0182506 -0.0382471 0.0350636 0.00708169 -0.0245027 -0.0147033 0.0146521 0.0014035 0.0279694 -0.00342721 0.00522102 0.0367373 0.00526873 0.0188425 -0.00596813 -0.0255097 0.0446755 0.032699 -0.0114379 -0.00972309 -0.0255176 -0.0197517 -0.0298479 0.0475103 -0.0139433 0.0238816 -0.0334615 -0.0363745 -0.0419399 -0.0404165 -0.0201099 -0.0500142 -0.0487462
internal_weight=0 652.4 379.329 569.015 310.603 123.701 445.314 228.032 190.294 217.282 117.733 68.7264 185.392 159.142 120.309 83.385 164.535 125.633 81.6117 113.522 57.4619 56.0601 94.5797 33.5089 97.405 110.299 49.6483 60.6505 66.6745 71.5444 46.1529 71.3434 51.0126 61.7718 53.2003 35.3503 51.8046 36.0382 43.3475 53.0083 37.0326 44.0213 41.0299 35.84 30.8679 29.1211
internal_count=5099 2942 2157 2582 1830 621 1961 980 1017 981 499 327 838 861 813 360 737 689 417 506 258 248 448 172 407 481 213 268 418 299 193 345 231 324 259 173 227 161 202 347 202 272 268 164 193 173
is_linear=0
shrinkage=0.05


Tree=22
num_leaves=45
num_cat=0
split_feature=282 31 1 9 289 161 14 279 33 116 0 36 289 31 283 184 201 232 155 97 31 288 288 3 259 58 108 107 117 273 232 276 204 97 8 157 75 95 154 31 272 289 55 289
split_gain=56.6944 53.7423 25.7501 21.6784 16.7931 15.8957 16.4149 16.1121 14.4394 13.2122 12.648 11.0024 10.9694 10.6601 10.5723 15.9137 10.5533 10.0138 9.73692 9.3076 12.8064 9.0956 8.39265 8.61954 7.96428 7.6601 7.51222 7.47087 11.2142 11.7365 7.23556 6.78283 5.68375 4.4026 4.20001 3.32069 3.01492 2.64646 2.60915 2.55258 2.41547 1.95452 1.34569 0.426643
threshold=-1.7499999999999998 1.3988944572912312 84.500000000000014 1.7500000000000002 0.36447543099728863 1.5000000000000002 0.12500000000000003 -1.766644580180089 -3.8733590733590728 65.000000000000014 86.750000000000014 1.710984308936198 -0.099822328936730861 1.9330434782608699 0.085144927536231887 28.500000000000004 1.7500000000000002 69.750000000000014 47.500000000000007 8.3125000000000018 0.94648221343873529 0.3261394409934788 0.95752911693909493 80.250000000000014 -8.1863754194805178 9.5000000000000018 11.250000000000002 193.12500000000003 7.3125000000000009 91.045021195445415 25.250000000000004 91.097293469717926 3.5000000000000004 7.6875000000000009 97.500000000000014 7.5000000000000009 1.0000000180025095e-35 67.500000000000014 7.7500000000000009 1.5365217391304349 -1.7821478317968167 -0.27694043983797384 867.50000000000011 -0.10837475778693638
decision_type=2 2 2 2 2 2 2 2 2 2 2 2 2 2 2 2 2 2 2 2 2 2 2 2 2 2 2 2 2 2 2 2 2 2 2 2 2 2 2 2 2 2 2 2
left_child=3 2 5 4 10 6 7 22 -3 -9 -1 13 -11 24 15 25 21 31 -19 20 -5 -8 23 -2 -10 -4 35 28 -12 32 38 40 -30 -25 -18 -6 -13 -21 -14 -26 -17 -7 -38 -41
right_child=1 8 14 19 26 41 16 9 11 12 27 36 30 -15 -16 17 34 18 -20 37 -22 -23 -24 33 39 -27 -28 -29 29 -31 -32 -33 -34 -35 -36 -37 42 -39 -40 43 -42 -43 -44 -45
leaf_value=-0.031369822511389089 -0.015143987711160529 0.014678118155770565 0.037941168687972301 0.04245164568370232 0.02605590067346595 0.024897004568470403 0.028866290519729845 -0.0057309316492124718 -0.00062350331947856868 4.4503186116131788e-05 0.034318358212040524 -0.026816669520741077 0.061818445958624825 0.012288045574140729 -0.051995093508423566 -0.06068983930887506 -0.012076658143666355 -0.024637024256928798 0.025576823679723106 0.067792817102712455 -0.002259493096734021 -0.018320789657398098 -0.033307357651294202 -0.00043320095006525359 -0.02257804631039393 -0.0041359173398592824 0.0053353523075392673 -0.023677289119391567 -0.03558039178958055 0.030208996928783507 0.017934207261347722 -0.014034581266809412 0.0033520226095620619 0.028952197405118819 -0.038880262686524329 0.054410573018039469 -0.05698291677419668 0.038921725154939669 0.035708059389405598 -0.060734705111761156 -0.030965894708425885 0.050476331625397997 -0.035457768162557482 -0.039003804090636522
leaf_weight=28.122007414698601 35.693271309137344 15.196927659213541 17.67875711619854 36.590711355209351 27.412572354078293 18.566700130701065 21.321946941316128 29.875827483832836 15.591232590377329 21.18786446750164 32.97969326376915 17.823972798883915 29.169167123734951 17.732870869338512 17.394086912274361 19.807907596230507 30.551306344568729 20.281170539557934 16.674927547574043 20.726479604840279 27.735106512904167 17.906518846750259 17.855224892497063 22.083851739764214 14.216049902141092 25.285002216696739 25.663863942027092 16.890891402959824 20.022520169615746 17.653618991374969 25.770707726478577 25.014038890600204 16.633351534605026 29.052319824695587 29.536519974470139 20.31584569811821 52.896254673600197 22.748408436775208 22.928001746535301 13.522422701120375 16.235735028982162 18.158642843365669 16.344054870307446 14.92300968617201
leaf_count=131 159 80 85 156 119 81 102 137 81 102 151 126 127 96 109 105 158 108 82 93 115 89 86 97 82 127 116 83 97 82 112 135 79 129 140 88 364 96 98 81 86 80 118 95
internal_value=0 -0.00747436 0.000554867 0.0180418 0.00844714 0.00778034 0.0042812 0.011508 -0.0311301 0.0232706 -0.00222358 -0.0354631 0.0319875 -0.0211309 -0.0162532 -0.0115082 -0.0126633 -0.0225613 -0.00190315 0.0361035 0.0234342 0.00740693 -0.00306212 0.00346579 -0.0313398 0.0136472 0.0274542 0.0058675 0.011788 -0.00226679 0.0405684 -0.0348328 -0.0182941 0.0164968 -0.0256729 0.0389941 -0.0475896 0.0539007 0.0512162 -0.0422941 -0.0484982 0.0385473 -0.0524791 -0.051046
internal_weight=0 706.276 528.029 313.495 205.694 369.658 332.933 233.616 178.247 128.932 132.302 163.05 99.0557 75.9856 158.372 140.978 99.3163 98.0138 36.9561 107.801 64.3258 39.2285 104.685 86.8294 58.2527 42.9638 73.3923 104.18 87.2892 54.3095 77.8679 61.0577 36.6559 51.1362 60.0878 47.7284 87.0643 43.4749 52.0972 42.6615 36.0436 36.7253 69.2403 28.4454
internal_count=5063 3657 2534 1406 946 1697 1536 1047 1123 576 623 1043 439 435 837 728 489 516 190 460 271 191 471 385 339 212 323 492 409 258 337 326 176 226 298 207 608 189 225 258 191 161 482 176
is_linear=0
shrinkage=0.05


Tree=23
num_leaves=42
num_cat=0
split_feature=9 115 289 18 9 287 264 261 8 11 30 29 8 283 289 138 34 159 36 6 34 286 101 32 286 292 283 39 195 29 14 235 8 88 143 92 283 103 1 55 157
split_gain=50.1138 36.4181 28.9509 21.4827 17.9871 17.4341 16.6811 13.3515 11.905 10.7779 10.6005 10.4069 9.75747 13.1864 9.44233 9.49368 9.32507 8.76872 8.21698 9.47115 8.06833 7.84857 7.44595 7.9516 14.4498 7.0362 11.6367 6.61579 5.77211 5.5131 5.39907 5.36232 8.11903 5.24834 4.87551 4.76069 3.37919 2.13177 3.4224 1.20396 0.897101
threshold=1.2500000000000002 215.00000000000003 0.097680735332368748 0.14583333333333334 3.2500000000000004 0.99999999999999867 0.41599501454092236 5.0000000000000009 62.500000000000007 17.500000000000004 2.1125874125874131 -1.6285714285714279 112.50000000000001 -0.12132352941176469 -0.15950993297387572 45.500000000000007 -0.51977751977751974 1.0000000180025095e-35 1.1816170682339588 76.250000000000014 -1.3401409401409401 0.45757296383421808 8.5000000000000018 0.81340141985303294 0.28130204518182472 12.750000000000002 -0.14907407407407405 0.68333333333333346 8.5000000000000018 1.114285714285715 0.041666666666666671 17.500000000000004 42.500000000000007 0.62500000000000011 20.750000000000004 66.500000000000014 -0.17914438502673793 4.5000000000000009 84.500000000000014 872.50000000000011 11.500000000000002
decision_type=2 2 2 2 2 2 2 2 2 2 2 2 2 2 2 2 2 2 2 2 2 2 2 2 2 2 2 2 2 2 2 2 2 2 2 2 2 2 2 2 2
left_child=1 2 3 16 7 9 12 17 28 10 22 -5 13 27 15 -6 20 31 29 30 -1 25 -4 -24 -25 -9 -27 34 -7 -18 -20 32 -2 -21 -3 -10 -22 -13 -39 40 -15
right_child=4 6 5 11 14 8 -8 21 35 -11 -12 37 -14 39 -16 -17 18 -19 19 33 36 -23 23 24 -26 26 -28 -29 -30 -31 -32 -33 -34 -35 -36 -37 -38 38 -40 -41 -42
leaf_value=0.0069211380406728907 0.020476054241726049 -0.012293122398355212 -0.0065018619350692688 0.010537968432418568 0.00055864698465311403 0.056901264395840728 0.024500389589299086 0.037998889353109772 0.026238099283541039 -0.031432745826797691 -0.023391844977014489 -0.022409231074729731 0.0070832914731112102 -0.056856040507423239 0.055881962695952796 0.043057843456232002 0.0072362247117623863 0.020833594349006609 0.013034406283070787 0.0087340812702003511 -0.014378943401354824 0.04561003730227052 -0.0028856420524816864 0.0068174795012891079 0.063511939202385001 0.027062019121318684 -0.019032815224380321 0.0038388567483178628 0.022122663723399636 -0.027234993492762496 -0.025867710135159018 -0.026171344240990636 -0.017682138884878684 0.040207146712047781 -0.043436528248552618 -0.004724778605384606 -0.045302089337199453 -0.023660711003732432 -0.05038493804847597 -0.032480614509440203 -0.035512598853397588
leaf_weight=19.885450676083565 23.952844321727753 24.709784552454948 31.172973021864891 12.85550883412361 26.599593475461006 31.403116479516029 13.69195021688938 19.996360421180725 21.215534672141075 21.784396015107632 23.49739171564579 23.173393927514553 14.56690229475498 49.924795299768448 34.347804069519043 25.021609365940094 20.368133902549744 28.643775567412376 16.854510113596916 24.02736684679985 17.21061398088932 25.522516369819641 20.315855443477631 23.328955762088299 21.183128908276558 25.946331992745399 26.86186945438385 21.141886785626411 21.990819163620472 24.937333047389984 16.934858478605747 33.009750440716743 30.588719874620438 30.548168122768402 27.089095063507557 27.567913502454758 20.575228817760944 20.823813006281853 41.38730127364397 15.053564615547655 13.043958760797976
leaf_count=95 105 123 149 66 115 136 67 84 94 124 121 146 73 370 154 108 95 119 78 111 76 106 90 108 93 110 116 103 99 125 92 155 143 138 137 122 109 133 277 110 82
internal_value=0 -0.00773865 -0.001167 -0.0118328 0.016576 0.0115158 -0.0271691 0.00875246 0.0271408 0.000104343 0.00606666 -0.0307109 -0.0315645 -0.0353158 0.0357732 0.0215855 -0.00203096 -0.00273147 0.00522805 0.014053 -0.0186582 0.0222141 0.0134438 0.0229879 0.0346008 0.0135055 0.00369706 -0.0196258 0.0432474 -0.0119161 -0.00664602 -0.0105894 -0.000857382 0.0267573 -0.0290943 0.00899729 -0.0319512 -0.0369714 -0.0419554 -0.0495499 -0.053059
internal_weight=0 712.264 533.042 289.582 300.491 243.46 179.222 214.522 102.177 141.283 119.498 98.24 165.53 150.963 85.969 51.6212 191.342 116.195 133.67 88.3649 57.6713 98.3271 96.0009 64.8279 44.5121 72.8046 52.8082 72.9408 53.3939 45.3055 33.7894 87.5513 54.5416 54.5755 51.7989 48.7834 37.7858 85.3845 62.2111 78.0223 62.9688
internal_count=5057 3742 2677 1541 1315 1136 1065 938 451 685 561 622 998 925 377 223 919 522 639 419 280 416 440 291 201 310 226 363 235 220 170 403 248 249 260 216 185 556 410 562 452
is_linear=0
shrinkage=0.05


Tree=24
num_leaves=47
num_cat=0
split_feature=9 111 261 264 14 31 14 143 29 5 97 50 283 279 97 116 34 288 12 261 291 233 155 137 46 155 33 284 1 59 299 36 31 34 99 111 137 156 57 29 260 272 14 299 44 202
split_gain=50.4321 31.8949 33.4926 25.924 22.5914 20.7858 16.4177 14.5149 12.1777 10.6479 12.2599 12.6755 10.1455 12.0476 9.85083 9.72858 9.71631 8.77096 8.75697 8.61726 8.48511 8.47003 10.5779 8.2571 8.149 7.23118 6.66418 6.55233 8.12628 11.8776 6.22492 6.11386 7.89772 5.92726 5.0701 5.69158 5.06325 4.89717 4.01343 3.23998 2.69275 2.62237 2.51521 2.0117 1.13094 0.457172
threshold=2.2500000000000004 215.00000000000003 5.0000000000000009 0.41599501454092236 0.069444444444444461 1.9956521739130437 0.12500000000000003 27.750000000000004 1.7394957983193284 87.250000000000014 12.062500000000002 0.89813581890812266 -0.37797619047619041 -1.6526925381624717 10.562500000000002 65.000000000000014 -1.2007668007668004 0.056951373111866731 0.27083333333333343 5.0000000000000009 0.81649831649831661 83.500000000000014 45.500000000000007 33.500000000000007 162.50000000000003 9.5000000000000018 -3.0586872586872578 0.80740740740740746 82.250000000000014 86.500000000000014 9.1249999999998561 1.605714028221924 0.90325239977413907 -0.088495288495288857 6.8750000000000009 85.000000000000014 1.0000000180025095e-35 28.500000000000004 13.250000000000002 1.5428571428571434 2.3115212470292987 -2.2405862829253511 0.041666666666666671 9.6249999999999947 1.0000000180025095e-35 95.500000000000014
decision_type=2 2 2 2 2 2 2 2 2 2 2 2 2 2 2 2 2 2 2 2 2 2 2 2 2 2 2 2 2 2 2 2 2 2 2 2 2 2 2 2 2 2 2 2 2 2
left_child=1 2 4 24 9 6 12 26 18 10 11 -1 -4 17 21 -15 -8 -14 41 20 23 22 33 -2 -3 -17 -6 -26 44 -30 -18 32 -13 -11 -28 -36 -19 -31 -22 -7 -37 -9 -21 -42 -29 -46
right_child=19 3 5 -5 7 39 16 8 -10 14 -12 31 13 15 -16 25 30 36 -20 42 38 -23 -24 -25 27 -27 34 28 29 37 -32 -33 -34 -35 35 40 -38 -39 -40 -41 43 -43 -44 -45 45 -47
leaf_value=0.018081944012731273 -0.019346570410250341 -0.0006660911037873413 0.053946805733810291 0.035008442084653722 -0.0032654427485070076 -0.0058102750787754889 0.025963488708670147 0.0087473785824216856 -0.040238393531493576 -0.014052867477263205 0.021288178255926327 -0.039798956999122878 0.032504664485393041 0.0034046297745941399 0.042868747860995315 0.06167856341058861 -0.029943374799704887 -0.023782561181863462 -0.017437532106140189 0.055339542188605734 0.044633272898706 -0.016272739826811586 0.04304732237152064 0.022969274963473237 -0.0027174808618464236 0.024769724063307158 -0.011484324701803475 -0.031658632866803371 0.010513597566153226 -0.050941297304180656 0.0036163964050234922 -0.05068848971015754 0.0031401308234231678 0.021296793061006916 -0.015403177026763124 -0.058407769499390361 0.010610867332065654 -0.017717120982202985 0.014213009877555225 -0.038084570957513275 -0.046989607768819774 0.037176303835335905 0.029443944470253981 -0.018604780277854043 -0.058913605279456639 -0.037921941592616776
leaf_weight=17.391579501330853 21.421279340982437 21.360605075955391 29.496586188673973 16.394363015890121 17.314021594822407 14.423171080648901 23.602064460515976 16.325020387768742 15.863402873277662 26.206587463617325 23.815696701407433 19.521976232528687 18.282956026494503 18.998189978301525 20.513722032308578 29.836623460054398 24.506385944783688 22.455420672893524 19.659557454288006 26.827306002378464 28.217485785484314 30.160432934761047 21.775880172848701 22.742665305733681 15.27260237932205 27.164896830916405 17.187942430377007 11.56100197136402 17.145858980715275 27.45814398676157 29.737758256494999 21.211969293653965 22.112383365631104 20.025016084313393 17.25770477950573 36.705580569803715 18.867280751466751 20.744014210999012 19.314618736505508 17.01233521848917 15.873239576816561 16.867583796381954 21.068599909543991 13.245276533067225 36.817970253527164 11.307995200157164
leaf_count=77 94 112 125 76 93 77 105 79 89 124 108 95 79 85 89 128 123 100 116 122 120 137 93 97 78 116 109 68 89 173 134 115 104 93 104 232 80 108 83 99 108 81 90 83 260 85
internal_value=0 -0.00459696 0.000324271 -0.0233813 -0.00873406 0.0138106 0.0187696 -0.021533 -0.00319884 0.00201955 -0.00960683 -0.0189261 0.0276495 0.0215764 0.012208 0.0346453 -0.000175429 0.00461616 0.00845922 0.027698 0.0183868 0.00543331 0.015156 0.00247049 -0.0294813 0.0448194 -0.03213 -0.0338324 -0.0375813 -0.0247808 -0.0118128 -0.0292901 -0.0174549 0.0013854 -0.0370328 -0.0421188 -0.0081994 -0.0372938 0.0328196 -0.0239122 -0.0487877 0.0238589 0.0447836 -0.0351245 -0.0509566 -0.0548536
internal_weight=0 861.481 683.418 178.063 409.035 274.384 242.948 186.299 68.7156 222.735 104.054 80.2379 165.102 135.605 118.682 75.9997 77.8462 59.6057 52.8522 139.592 91.696 98.1679 68.0075 44.1639 161.668 57.0015 117.584 140.308 125.035 65.348 54.2441 62.8463 41.6344 46.2316 100.27 83.0818 41.3227 48.2022 47.5321 31.4355 65.8241 33.1926 47.8959 29.1185 59.687 48.126
internal_count=5035 4429 3380 1049 2129 1251 1075 1094 365 1035 499 391 713 588 536 329 362 259 276 606 394 447 310 191 973 244 729 861 783 370 257 314 199 217 636 527 180 281 203 176 423 160 212 191 413 345
is_linear=0
shrinkage=0.05


Tree=25
num_leaves=48
num_cat=0
split_feature=10 282 9 282 30 32 288 278 282 32 193 66 116 59 291 39 145 289 58 291 33 144 198 74 278 233 63 89 110 35 274 201 119 54 195 193 138 277 260 220 272 55 214 272 286 54 54
split_gain=45.5413 31.7183 19.9661 16.6934 22.277 17.2421 13.9752 13.6885 12.3929 16.4435 14.043 11.2386 11.2129 12.8212 12.2624 10.4917 10.4473 8.3181 7.42615 7.7576 7.37935 7.22955 6.95921 6.95164 6.86722 6.841 6.3046 6.31647 5.88277 5.71071 5.40468 5.20473 4.62433 4.59042 4.28038 4.89165 3.85618 3.62358 3.23728 3.20516 2.32981 2.14537 1.97081 1.33099 0.693187 0.269956 0.0236679
threshold=0.12500000000000003 0.75000000000000011 1.0000000180025095e-35 1.0000000180025095e-35 1.0234965034965036 2.1567567567567578 0.48314048284850658 87.866341700527983 -2.2499999999999996 1.662548262548263 1.7500000000000002 1.0000000180025095e-35 45.000000000000007 86.500000000000014 0.95445134575569368 0.63068181818181823 29.500000000000004 0.28313308994381592 8.5000000000000018 0.81365740740740755 -0.22471042471042477 31.500000000000004 33.875000000000007 7.7500000000000009 85.516652713893066 67.500000000000014 82.250000000000014 62.875000000000007 146.25000000000003 0.4401131486960887 -1.554037997877753 3.5833500000000007 7.2916500000000015 822.50000000000011 3.5000000000000004 14.250000000000002 15.500000000000002 -1.0371135273327372 1.9553101555629597 5.5000000000000009 -1.8564933827581134 862.50000000000011 3.5000000000000004 -1.7821478317968167 0.19209124884294243 792.50000000000011 842.50000000000011
decision_type=2 2 2 2 2 2 2 2 2 2 2 2 2 2 2 2 2 2 2 2 2 2 2 2 2 2 2 2 2 2 2 2 2 2 2 2 2 2 2 2 2 2 2 2 2 2 2
left_child=3 2 8 5 17 12 7 11 22 10 -10 -4 -1 23 15 29 31 25 24 43 -21 37 -2 26 -12 -5 27 -14 -16 -15 39 -9 -28 -7 -13 -36 -22 45 -33 -8 -19 44 -6 -20 -11 -3 -47
right_child=1 21 6 4 42 33 30 16 9 41 18 34 13 14 28 -17 -18 40 19 20 36 -23 -24 -25 -26 -27 32 -29 -30 -31 -32 38 -34 -35 35 -37 -38 -39 -40 -41 -42 -43 -44 -45 -46 46 -48
leaf_value=-0.0063800305042237427 0.019607029569052605 -0.060201668581617698 -0.0033514494351401386 -0.023728277990281224 -0.050327272921770243 -0.025623701484157782 -0.036954759367843218 0.0064204760070151372 0.028244269924742167 -0.034951197055208619 0.025100389806433684 0.057555420073014618 0.043428263263839854 -0.0043808320989104574 0.046870135663415191 -0.019233388102866206 0.024664832027785178 0.037237583580785702 -0.054939909653915264 0.012148081154424633 -0.0091830273575646496 -0.00431997377293731 -0.020068617707600059 0.011374793189237817 -0.021562159616876811 0.012923301964210536 0.038027125134697484 0.010179869042041798 0.011250639369095823 0.031470364894537521 0.0060579377158724683 -0.0091796591249294051 0.0711871273326104 0.0055359015932781299 0.0077281437322923308 0.041586107167883898 -0.046580222615231905 -0.020987297968708771 -0.039388161173712959 -0.010882347402642115 0.011917071488521079 -0.02381304592915753 -0.022772466502251097 -0.030161408752127118 -0.056105462406570196 -0.033139578496221622 -0.049311165456959259
leaf_weight=33.248346328735352 32.143842145800591 22.806406863033772 23.101069793105125 24.578361332416534 18.916759453713894 25.442385382950306 21.570065706968307 19.627298936247826 17.717893302440643 12.864967875182627 15.263257615268232 18.347120448946953 31.15061017870903 18.561586305499077 28.059676438570023 35.641633972525597 24.01929859817028 19.168985813856125 17.945204041898251 17.498826876282692 14.188138306140901 12.409774430096148 15.640499338507651 26.421077951788902 14.315454833209513 24.437729746103287 29.108250692486763 27.124509632587433 20.624246254563332 25.872042760252953 23.26082456111908 17.848568111658096 22.064076349139214 20.835610091686249 18.769446834921837 25.505560681223869 13.638730481266974 13.522529520094393 18.328466385602951 27.242624893784523 19.047353953123093 12.572410196065901 13.845114536583422 14.808128140866755 28.635257966816425 11.388284124433996 18.063485331833363
leaf_count=149 156 163 100 116 109 122 106 93 86 95 74 79 137 83 119 156 104 82 108 102 79 72 83 118 89 110 126 115 93 115 108 88 94 102 81 112 84 88 95 122 81 91 83 88 207 82 140
internal_value=0 -0.0104774 -0.00548168 0.0108309 -0.00519576 0.0164177 0.00464568 0.0126271 -0.016046 -0.0220457 -0.0119296 0.0263805 0.0208223 0.0242513 0.0127972 0.000681271 -0.00228649 0.00806686 -0.0187404 -0.0267361 -0.0128789 -0.0397332 0.00647545 0.0349332 0.00255013 -0.00556203 0.0404658 0.0283854 0.0323106 0.0167272 -0.0136089 -0.0141169 0.0534152 -0.0117744 0.0372288 0.0277205 -0.0284925 -0.0462493 -0.0251321 -0.0229142 0.0252433 -0.0448589 -0.0397021 -0.0449628 -0.0505244 -0.0522694 -0.0443516
internal_weight=0 543.043 464.853 464.148 119.994 344.154 237.62 165.547 227.233 179.448 125.376 85.7232 297.876 264.628 128.759 80.0753 79.8236 87.2324 107.658 78.079 45.3257 78.1905 47.7843 135.869 29.5787 49.0161 109.447 58.2751 48.6839 44.4336 72.0735 55.8043 51.1723 46.278 62.6221 44.275 27.8269 65.7807 36.177 48.8127 38.2163 54.0726 32.7619 32.7533 41.5002 52.2582 29.4518
internal_count=5085 2975 2430 2110 581 1529 1088 752 1342 1103 710 372 1305 1156 566 354 380 389 624 461 265 545 239 590 163 226 472 252 212 198 336 276 220 224 272 193 163 473 183 228 163 393 192 196 302 385 222
is_linear=0
shrinkage=0.05


Tree=26
num_leaves=47
num_cat=0
split_feature=10 283 30 32 282 30 233 282 290 36 105 12 101 30 32 48 205 37 205 227 182 277 209 28 288 37 46 289 283 50 286 187 279 103 209 291 277 277 285 280 117 220 279 277 155 116
split_gain=38.7869 29.1126 19.7046 18.1425 16.0962 15.7612 12.7037 11.9978 11.4842 10.7526 11.8021 9.58332 8.87002 8.45633 7.85931 7.57587 6.76767 6.53924 6.21544 6.10982 6.07522 8.40922 6.23324 5.95062 6.50718 5.92862 5.7797 9.04295 5.52804 6.83743 7.28815 5.32569 5.24785 4.41679 4.26037 3.70508 3.34918 3.06283 2.63181 3.54843 2.9166 2.46022 1.39365 1.37692 0.453354 0.314994
threshold=0.29166666666666669 -0.15268065268065265 1.0234965034965036 1.9220077220077225 -3.7499999999999996 -0.33146853146853134 9.5000000000000018 1.0000000180025095e-35 10.500000000000002 1.6923937778759168 13.500000000000002 0.062500000000000014 15.500000000000002 -0.713286713286713 1.8131274131274135 3.1743925949826575 1.0000000180025095e-35 0.37500000000000006 7.5000000000000009 12.500000000000002 6.5000000000000009 -2.6725213999909534 1.6250000000000002 -1.0000000180025095e-35 -0.37447345805034543 0.37500000000000006 167.50000000000003 0.36447543099728863 0.87083333333333346 0.98656045946136761 0.34698648945011595 1.0000000180025095e-35 -0.79696106309721426 8.5000000000000018 2.7500000000000004 0.73508771929824568 -1.7262947647221127 -1.8803834398745727 11.013400000000006 88.526593338434466 7.0625000000000009 1.5000000000000002 -1.3573173021764984 -2.5841176378976329 8.5000000000000018 105.00000000000001
decision_type=2 2 2 2 2 2 2 2 2 2 2 2 2 2 2 2 2 2 2 2 2 2 2 2 2 2 2 2 2 2 2 2 2 2 2 2 2 2 2 2 2 2 2 2 2 2
left_child=1 3 8 6 -5 25 31 14 11 10 20 28 15 -13 16 18 37 -12 32 -15 -8 22 -22 -23 -25 -2 27 -6 29 -3 -31 -1 38 42 -11 -21 -10 -4 39 41 -40 -7 45 -42 -45 -9
right_child=5 2 7 4 26 12 9 33 36 34 17 13 -14 19 -16 -17 -18 -19 -20 35 21 23 -24 24 -26 -27 -28 -29 -30 30 -32 -33 -34 -35 -36 -37 -38 -39 40 -41 43 -43 -44 44 -46 -47
leaf_value=0.020745838860298734 0.026730462321157562 0.035629364028492858 0.00024635872430444559 0.033998316170975436 -0.024496250523069196 -0.019277063777407441 0.026864638330163094 -0.059309109333943399 0.012142365181285121 0.022529754496880869 0.049301086564395608 0.0080217487806910053 0.012690069611530332 0.0020982824948007368 -0.030804218681462655 0.0005284158692082469 -0.017549374049256716 0.013885182919832201 0.0006333907794566899 -0.051926285561007528 -0.0016592918831955256 0.01094521109480868 0.038355397941013995 -0.00039726482456614961 -0.031214525533862298 -0.0085140119734477011 -0.039739801618445807 0.017820919502986921 -0.014500981157358534 -0.013781642543420651 0.022709196382999841 0.056345446981259574 -0.0040220724468404368 -0.0096249383215977723 0.053821516619161208 -0.02056487782891573 0.041885208890074015 0.030041332994717042 -0.018317253668107613 -0.0079144029542000671 -0.029742225066152313 -0.048401120153034799 -0.029627058544176937 -0.040762929423542871 -0.058274164030713074 -0.037713462758206702
leaf_weight=18.382066920399666 21.324085935950279 26.475236535072327 15.498188875615595 19.292079493403435 30.238943606615067 14.526016384363173 23.280366644263268 16.296455010771751 18.915817387402058 26.851642638444901 24.781695380806923 31.1239223331213 14.258026562631128 16.191555142402649 23.830291204154491 20.998180374503136 23.186743043363094 28.613669261336327 13.677514553070067 16.524236515164375 18.450718343257904 27.851006507873535 19.410018190741539 33.485846117138863 34.124760270118713 24.864629752933979 18.525620929896832 20.273629501461983 18.324860662221909 26.083605036139488 26.723855927586555 30.343710482120514 12.960853740572928 12.160421125590799 20.869198828935623 25.530662432312965 20.535019770264626 18.497344352304935 11.275943525135515 16.213918671011925 13.288233898580065 19.340144991874695 16.447535276412967 19.569203898310668 30.694588743150234 11.579369761049746
leaf_count=81 101 115 79 84 145 83 102 113 83 120 106 144 77 78 158 118 115 123 89 84 81 118 85 149 152 119 88 91 78 123 119 134 82 70 92 137 87 86 78 106 97 110 114 145 214 85
internal_value=0 0.00524544 -0.0049499 0.0146328 -0.00528566 -0.0180364 0.0203727 -0.0198084 0.00412016 0.0158292 0.0108569 -0.00110002 -0.0244772 -0.012856 -0.00731046 -0.0276039 0.00284156 0.0309265 -0.0314798 -0.0239592 0.00386111 -0.000325802 0.0193141 -0.0082346 -0.0161798 0.00797906 -0.0165919 -0.00749567 0.00968512 0.0153863 0.00476384 0.0436026 -0.0346473 -0.0372946 0.037038 -0.0338073 0.0282769 0.0168533 -0.0377679 -0.0277999 -0.0439846 -0.0368203 -0.0445061 -0.0481844 -0.0523847 -0.0519552
internal_weight=0 758.7 363.925 394.775 88.3303 232.991 306.445 137.496 226.429 257.719 209.998 186.978 186.803 89.3704 81.0126 172.545 57.1823 53.3954 151.546 58.2465 156.603 133.322 37.8607 95.4616 67.6106 46.1887 69.0382 50.5126 97.6076 79.2827 52.8075 48.7258 137.869 56.4838 47.7208 42.0549 39.4508 33.9955 124.908 50.0801 74.828 33.8662 44.3234 63.552 50.2638 27.8758
internal_count=5038 3619 1868 1751 408 1419 1343 820 1048 1128 916 878 1199 443 438 1122 280 229 1004 299 687 585 166 419 301 220 324 236 435 357 242 215 915 382 212 221 170 165 833 299 534 193 312 456 359 198
is_linear=0
shrinkage=0.05


Tree=27
num_leaves=45
num_cat=0
split_feature=282 32 10 49 289 276 283 193 137 187 30 119 111 187 32 282 212 184 226 14 99 98 88 282 234 93 10 263 227 273 201 148 29 290 272 283 272 283 29 58 40 220 3 66
split_gain=38.2716 29.6235 20.0872 15.8812 15.3469 14.782 12.8196 12.4383 11.5043 11.1864 9.81322 9.56263 10.3668 8.47122 8.00383 7.55613 6.85342 6.95503 7.33016 6.45332 8.37315 6.14114 6.87535 6.01079 5.99603 7.84467 5.83007 5.85436 5.43939 5.01564 4.85147 4.70457 4.57355 4.48037 4.05342 3.35036 3.17518 3.69589 2.93332 2.9189 1.63117 1.56246 3.51732 0.535241
threshold=-2.2499999999999996 1.9343629343629347 0.12500000000000003 0.57790982014306291 0.36447543099728863 84.797473889210934 -0.074175824175824162 2.7500000000000004 38.500000000000007 71.750000000000014 0.92517482517482541 6.1250000000000009 275.00000000000006 43.250000000000007 1.9220077220077225 -3.7499999999999996 4.5000000000000009 21.500000000000004 9.5000000000000018 0.097222222222222224 11.375000000000002 0.31250000000000006 0.87500000000000011 -1.0000000180025095e-35 61.500000000000007 72.500000000000014 0.20833333333333334 81.381721262289304 23.500000000000004 87.913096756931949 0.75000000000000011 42.500000000000007 1.0000000180025095e-35 5.5000000000000009 -2.0758971630108012 0.078461538461538485 -1.5729078468074003 -0.057189542483660122 -1.6285714285714279 12.500000000000002 1.7500000000000002 2.5000000000000004 88.750000000000014 1.0000000180025095e-35
decision_type=2 2 2 2 2 2 2 2 2 2 2 2 2 2 2 2 2 2 2 2 2 2 2 2 2 2 2 2 2 2 2 2 2 2 2 2 2 2 2 2 2 2 2 2
left_child=3 2 11 -1 8 6 7 -6 19 14 32 33 13 16 26 -16 17 18 23 20 21 -4 -23 39 25 -15 27 -5 30 35 -8 -29 -3 -2 -17 -21 40 -38 -31 -13 43 42 -40 -12
right_child=1 10 4 9 5 -7 28 -9 -10 -11 36 12 -14 24 15 34 -18 -19 -20 29 -22 22 -24 -25 -26 -27 -28 31 -30 38 -32 -33 -34 -35 -36 -37 37 -39 41 -41 -42 -43 -44 -45
leaf_value=0.055473194870965192 0.010617821340661939 -0.022417367678445863 -0.042938386706899409 0.060319330380182917 0.039385052099994683 0.037778325200405735 -0.010293549279633414 -0.0061136453294265121 0.012748491348127639 -0.012728163199525631 -0.033062890713549779 0.020567124066672677 -0.025152540386227086 0.003842800260784136 0.031612234252537459 -0.021509812207367234 -0.0048989794207798991 0.046625477570900395 -0.0062266039919458907 -0.005102694033229326 0.014693364897716594 0.0089464134468767425 -0.028726913474401362 0.0072051681218977068 0.010926926320823928 -0.036894935936573739 0.0081263683125875671 0.013420253874800451 0.0011516259794397121 -0.015208317864626349 -0.045954732805420048 0.045107024850185654 0.015610743936417822 0.042990333294002495 0.0090232215438093826 -0.034799110981654197 -0.002331952889344702 -0.040845504607302227 -0.048730734185529936 0.049208366953146676 -0.025383434316443677 -0.055879721485130256 -0.011427605284263165 -0.053255738372480377
leaf_weight=25.894967198371887 18.990541622042656 14.875098593533041 19.521457105875015 18.251904964447021 24.680386394262314 25.676470413804054 17.975170508027077 35.647578574717045 28.015850469470024 31.367142975330353 11.378575921058653 19.290979996323586 24.468838505446911 23.549213722348213 17.754599720239639 20.975644171237946 32.906967163085938 20.549972385168076 28.744608044624329 27.135300107300282 22.524835251271725 23.724257215857506 22.994835019111633 32.911796763539314 34.296269819140434 22.381228938698769 25.866275310516357 30.193274557590485 20.830575935542583 12.018132135272024 21.245961062610149 19.585610911250114 14.785270713269709 26.208716988563538 20.682326465845108 13.976360291242598 13.194663256406786 11.022755131125448 15.815398395061495 20.562998235225677 13.39081037044525 20.877888515591621 11.36608339846134 31.937099456787109
leaf_count=122 81 87 108 85 107 116 95 157 149 142 84 83 119 110 79 99 145 93 128 156 113 126 123 150 152 102 120 127 113 64 114 81 85 111 94 97 75 98 113 88 88 152 85 251
internal_value=0 -0.00449003 -0.000510631 0.0194854 -0.00842953 0.00409828 -0.00333759 0.0128387 -0.0168045 0.0141677 -0.0283399 0.00894173 0.0051905 0.00844042 0.0197174 0.00522784 0.0152353 0.0206591 0.0149989 -0.0212071 -0.0111803 -0.0200662 -0.00980958 0.0233543 -0.00471066 -0.0163713 0.0287339 0.036338 -0.0195324 -0.0298073 -0.0302734 0.0265303 -0.00357002 0.0299132 -0.00649463 -0.0157849 -0.0372642 -0.0207863 -0.0389874 0.0361876 -0.0438192 -0.0445026 -0.0340912 -0.0488171
internal_weight=0 779.473 668.889 210.572 364.027 146.056 120.38 60.328 217.97 184.677 110.584 304.862 259.663 235.194 153.31 59.4126 154.967 122.06 101.51 189.955 88.7654 66.2405 46.7191 72.7658 80.2267 45.9304 93.8971 68.0308 60.0517 101.189 39.2211 49.7789 29.6604 45.1993 41.658 41.1117 80.9239 24.2174 60.0775 39.854 56.7065 48.0594 27.1815 43.3157
internal_count=5067 4118 3350 949 1988 702 586 264 1286 827 768 1362 1170 1051 685 272 687 542 449 1137 470 357 249 321 364 212 413 293 322 667 209 208 172 192 193 253 596 173 414 171 423 350 198 335
is_linear=0
shrinkage=0.05


Tree=28
num_leaves=44
num_cat=0
split_feature=31 282 9 289 14 299 8 282 137 299 5 8 282 283 274 33 34 282 193 279 282 291 193 193 286 202 32 158 281 32 41 117 41 56 76 272 289 286 289 36 57 50 214
split_gain=39.1659 28.1171 24.4975 25.5725 16.0193 14.2921 16.9521 13.3721 13.3479 11.3657 10.5282 10.1462 9.53424 8.96046 8.60562 7.62231 7.32321 7.2352 7.03304 6.80764 6.7663 6.46164 7.11383 9.18805 6.44692 6.20393 11.3407 6.09102 5.76127 5.55545 5.50404 4.7626 4.63583 6.31375 4.49182 4.41235 3.74039 3.67496 3.11658 2.02432 1.95949 1.69721 0.875623
threshold=1.4360869565217393 -2.2499999999999996 4.5000000000000009 0.29958852271690523 0.041666666666666671 6.249999999956052 97.500000000000014 1.0000000180025095e-35 41.500000000000007 8.1611233578681475 81.500000000000014 122.50000000000001 -3.7499999999999996 -0.28869047619047611 -2.0160051955045386 0.020077220077219907 -0.9433431433431434 -1.7499999999999998 1.7500000000000002 -1.9020338924618863 -0.74999999999999989 1.0385185185185188 15.750000000000002 7.2500000000000009 0.18298815101771962 8.5000000000000018 2.1969111969111981 12.500000000000002 80.660671050356086 1.9575289575289578 7.5000000000000009 7.5625000000000009 5.5000000000000009 13.250000000000002 1.5000000000000002 -1.9764720273945522 0.7710868207630478 0.18443879605278649 -0.39827153806311183 1.5883204893621297 13.250000000000002 0.9972212640743362 1.0000000180025095e-35
decision_type=2 2 2 2 2 2 2 2 2 2 2 2 2 2 2 2 2 2 2 2 2 2 2 2 2 2 2 2 2 2 2 2 2 2 2 2 2 2 2 2 2 2 2
left_child=2 12 3 4 24 11 10 9 17 25 13 16 -2 -7 29 -10 -5 27 -15 -11 -4 22 23 -19 -1 26 30 -6 -8 -14 -3 -12 -26 35 38 -34 -18 -27 42 -39 -20 -9 -24
right_child=1 7 20 5 8 6 28 41 15 19 31 -13 14 18 -16 -17 36 21 40 -21 -22 -23 34 -25 32 37 -28 -29 -30 -31 -32 -33 33 -35 -36 -37 -38 39 -40 -41 -42 -43 -44
leaf_value=0.031192708928011154 0.029528318996873623 -0.016271667177673848 0.052052641988124641 0.007112957188484874 0.022243535426905263 0.047810429423316536 0.0158981150906914 -0.026622102146673821 0.032388792037057322 -0.017260905911612719 0.03044457510868049 0.028217957809201805 -0.00069777337847547498 0.027760576164771331 0.015409135495490077 -0.011665940779289247 -0.040904073335714067 -0.030940486097841842 -0.016225648813262033 0.022460154902916772 0.016759692361901442 0.0074270691248525846 -0.034503867698641881 0.013734344361820592 0.01921019723313323 -0.015163059778951877 -0.049023805744271044 -0.018598225119850664 -0.017147248933547105 -0.039468170818274612 0.025355621261858453 0.060005685429445003 -0.00066711110372535205 0.015555307480646659 -0.014067676165078006 -0.031573288854781292 -0.010156654058459492 -0.027323371921115443 -0.024728287354759453 -0.054655416871249744 0.006105173073948149 -0.053339554895869237 -0.054337586301014457
leaf_weight=23.679454758763313 28.943825423717499 15.261186063289644 31.617956832051277 29.967280201613903 16.622753128409386 18.717541202902794 22.047665327787399 10.687622264027594 20.822843462228775 20.01338054984808 31.56329220533371 19.771417438983917 18.072326213121414 27.733506485819817 29.159066393971443 17.119455143809319 18.840973488986492 24.197776809334755 18.428913548588753 21.191805496811867 25.596904262900352 14.265529565513132 16.374593615531921 20.375077575445175 28.571709260344505 13.669807791709898 13.948038905858992 17.943704895675182 29.884230211377144 17.984054774045944 14.557381212711332 30.35407817363739 24.429239258170128 24.795251488685608 21.231556363403797 20.977328523993492 21.505026422441006 13.491228103637694 24.192560635507107 27.476959206163883 19.072069197893143 41.742806173861027 32.387778669595718
leaf_count=108 127 93 154 138 78 84 95 83 96 111 139 87 82 122 134 84 92 144 82 109 108 81 99 114 125 84 99 88 132 88 80 133 105 111 127 92 107 75 136 173 84 354 204
internal_value=0 -0.0161794 0.00577513 0.00292812 -0.00618562 0.0139278 0.0214148 -0.0271086 -0.0140685 -0.0187898 0.0300979 -0.00256636 0.00616169 0.018218 -0.00449818 0.0127223 -0.0114969 -0.0195259 0.00913354 0.00321575 0.0368223 -0.0241656 -0.0274434 -0.0106655 0.0083294 -0.0279439 -0.0134685 0.00111546 -0.00308255 -0.0205788 0.00421403 0.0456599 0.00259057 -0.00434831 -0.0351879 -0.0153181 -0.0251573 -0.0390885 -0.0410611 -0.0465202 -0.00500515 -0.0484936 -0.0485046
internal_weight=0 286.199 693.087 635.873 347.987 287.886 197.801 192.04 225.534 139.61 145.869 90.0847 94.1593 83.952 65.2154 37.9423 70.3133 187.591 65.2345 41.2052 57.2149 153.025 138.759 44.5729 122.453 98.4046 43.7666 34.5665 51.9319 36.0564 29.8186 61.9174 98.7735 70.2018 94.1865 45.4066 40.346 54.638 72.9549 40.9682 37.501 52.4304 48.7624
internal_count=5041 1692 3349 3087 1792 1295 871 1261 1251 824 644 424 431 372 304 180 337 1071 288 220 262 905 824 258 541 604 272 166 227 170 173 272 433 308 566 197 199 332 439 248 166 437 303
is_linear=0
shrinkage=0.05


Tree=29
num_leaves=48
num_cat=0
split_feature=9 115 264 289 14 282 117 113 289 46 12 3 61 30 291 138 47 282 260 285 181 291 137 32 232 291 287 277 214 78 292 97 31 155 289 291 279 46 15 285 32 32 108 282 78 68 85
split_gain=38.063 22.0839 22.3994 21.5525 18.9752 17.2329 14.1763 12.2049 11.879 10.2862 10.9392 10.2411 15.2508 8.97588 8.70239 7.72129 8.26553 7.28526 7.45088 9.53197 8.41189 7.47868 6.97504 6.91994 6.69597 6.64677 6.54179 6.21275 5.95348 5.45057 7.63762 5.28969 10.3319 5.21642 4.98962 4.36216 6.04779 4.11086 4.07976 4.0517 2.87044 2.36674 2.30079 4.63806 1.08896 0.779446 0.0958882
threshold=1.2500000000000002 215.00000000000003 0.41599501454092236 0.1318557721318592 0.097222222222222224 -2.2499999999999996 6.0625000000000009 45.000000000000007 0.44312301391210612 137.50000000000003 0.18750000000000003 82.250000000000014 86.500000000000014 0.88111888111888148 0.61803713527851467 41.500000000000007 0.18832277330427874 -1.0000000180025095e-35 2.9732491640667695 12.562500000000002 43.500000000000007 0.95445134575569368 42.500000000000007 1.0849420849420854 13.250000000000002 0.80540540540540551 0.67792404523902017 -2.0881748006551901 3.5000000000000004 0.54164999999999719 14.250000000000002 8.4375000000000018 0.84782608695652184 11.500000000000002 0.65720762023595369 0.95445134575569368 -1.9372236121487372 162.50000000000003 7.5000000000000009 11.781250000000002 1.6254826254826258 1.2316602316602319 11.250000000000002 -1.0000000180025095e-35 0.31250000000000006 73.500000000000014 74.500000000000014
decision_type=2 2 2 2 2 2 2 2 2 2 2 2 2 2 2 2 2 2 2 2 2 2 2 2 2 2 2 2 2 2 2 2 2 2 2 2 2 2 2 2 2 2 2 2 2 2 2
left_child=1 3 11 4 17 31 -7 33 14 -9 28 37 -13 24 -8 16 27 18 19 21 -20 -1 35 38 -12 41 40 -16 29 39 34 32 -2 -5 -31 36 44 -3 -10 -11 -14 -19 43 -39 -6 -44 -45
right_child=5 2 -4 7 22 6 8 9 23 10 13 12 26 -15 15 -17 -18 25 20 -21 -22 -23 -24 -25 -26 -27 -28 -29 -30 30 -32 -33 -34 -35 -36 -37 -38 42 -40 -41 -42 -43 45 46 -46 -47 -48
leaf_value=-0.032239308295386987 0.045623069556359065 -0.013309346019614518 0.035494325535004097 -0.040854456125694993 -0.032040841642072798 0.039433186420823649 -0.03487005839034775 -0.018662167266786951 0.042658541796537233 0.027353456482596791 0.032014322107515029 0.024258846432549025 -0.02092385014776697 -0.025410855032263664 -0.01631560114983617 0.025539064402605005 -0.03627905015130093 -0.015273582148563817 -0.006316953549277679 0.017651631918075065 0.034084639043376407 0.0061436709854386304 0.0039107131239013411 -0.0041376312130530848 -0.0058343164095096788 -0.03977120204723434 0.00079280697916214076 0.015660167629741317 0.0016555742119151737 0.014471757426153378 -0.0031947390495360283 0.050903276632187938 -0.00047525315536507538 0.00061507329284719468 0.052168431734765874 -0.013113064998725513 -0.017197745699591756 -0.0079824893890814968 0.011950404043285479 0.061135202734916266 -0.051656305852601184 0.011484178098618639 -0.034783896231751425 -0.034132448501366201 -0.056377259520297533 -0.057999582082305129 -0.055222530500797784
leaf_weight=31.627883702516556 24.365635275840759 14.107807524502276 14.514471389353274 13.934817038476469 11.225877620279787 29.059313982725143 21.701831087470055 20.495036542415619 25.973122358322144 19.499862819910049 23.327489346265793 18.913292020559311 15.601585067808626 20.122737072408199 26.541606351733208 21.161561727523804 18.322711162269115 16.501885451376442 20.035460732877254 29.664876990020275 33.763165727257729 20.314351558685303 14.362883694469927 21.584300324320793 21.983089558780193 18.921161606907845 14.494222298264502 32.883459866046906 19.282708011567593 17.630830653011799 20.166849844157696 30.885540395975113 23.299065813422203 15.346114680171011 18.843849450349808 21.380244426429272 21.384599216282368 12.897784754633902 19.803786605596542 21.340613827109337 19.431415259838104 14.692462444305418 11.11356846988201 9.3845070004463214 31.170862972736359 28.855863399803638 9.7903569936752302
leaf_count=145 111 81 70 81 81 125 103 94 113 85 109 95 85 106 123 92 84 91 100 136 154 90 80 94 107 114 86 153 87 80 91 145 97 79 83 148 150 68 83 95 130 71 94 83 225 198 81
internal_value=0 -0.00654731 -0.0221749 -0.00140294 -0.0105956 0.0148848 0.00754827 0.00988989 0.00243648 0.0142577 0.0180424 -0.0277828 -0.0130676 0.00162555 -0.00695146 -0.0005381 -0.00787002 -0.00111005 0.00492899 -0.00459606 0.0191977 -0.0173954 -0.0280906 0.0191015 0.013922 -0.017204 -0.0275198 0.00134485 0.0271502 0.0321253 0.0214641 0.0348055 0.0235429 -0.0198177 0.0348193 -0.0334705 -0.0399868 -0.039189 0.0299132 0.0460449 -0.0389304 -0.00270549 -0.0440054 -0.0320887 -0.0508202 -0.052551 -0.0471041
internal_weight=0 686.125 169.105 517.02 285.046 295.582 217.032 231.974 187.972 202.693 182.198 154.59 68.4405 65.4333 120.611 98.9093 77.7478 185.521 135.406 81.6071 53.7986 51.9422 99.5245 67.3612 45.3106 50.1155 49.5272 59.4251 116.765 97.482 56.6415 78.5502 47.6647 29.2809 36.4747 85.1616 63.7813 86.1499 45.7769 40.8405 35.033 31.1943 72.0421 32.0726 42.3967 39.9694 19.1749
internal_count=5076 3753 1071 2682 1585 1323 970 1097 845 937 843 1001 396 322 555 452 360 901 625 371 254 235 684 290 216 276 301 276 521 434 254 353 208 160 163 604 456 605 196 180 215 162 524 232 306 292 164
is_linear=0
shrinkage=0.05


Tree=30
num_leaves=48
num_cat=0
split_feature=9 115 291 144 99 113 54 274 48 285 8 235 117 148 283 11 260 114 7 138 34 14 87 11 110 46 48 144 291 79 148 31 39 35 31 54 220 106 288 95 117 58 182 111 288 103 32
split_gain=40.0027 25.2918 20.2932 16.7939 16.0849 13.2215 12.4741 11.7241 11.5663 10.7347 9.60104 9.19462 8.82351 8.63446 8.27456 8.85254 8.09154 8.20548 9.03201 7.66782 7.47284 7.39122 6.58092 6.34039 6.28731 6.11228 6.09042 6.88142 6.40564 5.80299 5.437 5.2884 12.1793 6.89075 4.90579 4.8101 4.30306 4.27444 3.63229 3.34867 3.18535 5.36469 2.63851 1.73934 1.70064 1.14355 0.486432
threshold=1.7500000000000002 215.00000000000003 0.96424010217113676 61.500000000000007 11.875000000000002 105.00000000000001 747.50000000000011 -1.9027007682637567 2.4824079485680897 13.687500000000002 62.500000000000007 7.5000000000000009 6.1875000000000009 45.500000000000007 -0.17028985507246372 1.0000000180025095e-35 -2.590888985874781 75.000000000000014 8.2500000000000018 11.500000000000002 0.21206361206361216 0.041666666666666671 71.312500000000014 12.500000000000002 106.25000000000001 187.50000000000003 1.9439086497990397 2.5000000000000004 0.70777988614800769 84.625000000000014 3.5000000000000004 0.62347826086956537 0.68333333333333346 0.72330837703699991 0.85639751552795063 787.50000000000011 6.5000000000000009 10.500000000000002 0.10837544681456425 67.500000000000014 7.7708250000000012 12.500000000000002 1.0000000180025095e-35 145.00000000000003 -0.90163369914317015 2.5000000000000004 1.1822393822393824
decision_type=2 2 2 2 2 2 2 2 2 2 2 2 2 2 2 2 2 2 2 2 2 2 2 2 2 2 2 2 2 2 2 2 2 2 2 2 2 2 2 2 2 2 2 2 2 2 2
left_child=1 2 4 14 5 23 11 22 9 19 37 -2 -8 21 36 -16 -14 -18 -19 -4 43 -13 -7 26 -21 42 -1 -28 -29 -24 -11 33 -33 -20 -30 -36 38 -6 -3 -12 41 -25 -10 -9 -17 -46 -47
right_child=6 3 8 -5 10 7 12 20 25 30 39 13 16 -15 15 44 17 18 31 24 -22 -23 29 40 -26 -27 27 28 34 -31 -32 32 -34 -35 35 -37 -38 -39 -40 -41 -42 -43 -44 -45 45 46 -48
leaf_value=-0.037910146849890178 0.052215796450367238 -0.016110492431295635 0.039301234248399708 0.027395053916870738 0.04550283382985601 -0.038022171466003465 0.034139823676562646 0.043458656381798987 0.029373299609970396 -0.038420210520171728 0.0086557568127001352 0.024980284794546788 0.029163969220701719 0.041288333963224365 0.0051130006715080119 -0.021452911699716748 -0.027274013774015029 -0.024068521526522012 0.039190795413915749 -0.018990490218101952 -0.0083196309752910542 -0.017855728288033567 0.018159721766225989 -0.0022691058644670396 0.019603046120490297 0.049073599682342005 0.016954347572474156 0.0041395623582173675 -0.043210786682696595 -0.022170929090309141 -0.00040013182348725725 -0.03147528124761375 0.021505603317212109 0.0024096389160393802 0.007004766408252267 -0.030637526305315466 -0.034142854426622189 0.013460703141180011 0.012726942736312103 -0.020967658798829766 -0.05457605495347561 -0.042912125997365949 0.0013585900874683557 0.018637277989262426 -0.031388977954964835 -0.033089150700344336 -0.053649794455759972
leaf_weight=23.08615704625845 32.072721272706985 26.953568138182163 21.818339198827744 14.211780622601507 18.524484030902386 18.879631221294403 27.634277790784836 16.382307656109333 17.024883583188057 16.098575875163078 17.762344628572464 19.397853963077068 25.746462896466255 25.165446102619171 10.529766276478766 10.655205465853212 23.314882129430771 21.145067423582077 26.654432862997055 17.534389078617096 16.917103320360184 18.921118468046188 17.165365405380726 13.931833468377588 23.53943857550621 26.17603126168251 18.746720820665359 26.390146128833294 22.345440395176411 16.529257550835609 20.940345101058483 18.24600638449192 23.862352050840855 23.859028995037079 15.8521261960268 16.541010461747646 16.913624532520771 24.971644707024097 16.996539130806923 18.612715318799019 16.528509959578514 18.860395208001137 15.938012801110743 16.30505445599556 17.50237462669611 10.015933424234388 42.09611976146698
leaf_count=121 145 137 107 68 91 101 123 80 81 101 86 88 115 111 48 84 104 97 118 86 86 87 87 84 116 123 89 132 111 98 120 84 107 106 78 85 86 120 84 96 118 124 79 82 134 59 361
internal_value=0 -0.0062487 -0.000750747 -0.023159 -0.00740834 -0.0131474 0.0160098 0.00110719 0.0140328 0.00356827 0.0122316 0.0306667 0.00853455 0.019139 -0.0280447 -0.0375652 0.0040071 -0.000894807 0.00470177 0.0160561 0.0183554 0.00391257 -0.0152056 -0.0215593 0.00306772 0.0313622 -0.0152715 -0.00971462 -0.0160085 -0.00169369 -0.0175008 0.0114568 -0.00164918 0.022202 -0.0256222 -0.0125585 -0.0134639 0.027823 -0.00492334 -0.00665766 -0.0366205 -0.026223 0.0162666 0.0319981 -0.0431578 -0.0461291 -0.0503955
internal_weight=0 679.277 513.402 165.875 354.332 274.461 286.02 102.179 159.07 99.9311 79.8712 95.5571 190.463 63.4844 151.663 90.7994 162.828 137.082 113.767 62.8922 49.6045 38.319 52.5743 172.282 41.0738 59.1389 122.962 99.8754 81.1287 33.6946 37.0389 92.6218 42.1084 50.5135 54.7386 32.3931 60.8637 43.4961 43.9501 36.3751 49.3207 32.7922 32.9629 32.6874 80.2696 69.6144 52.1121
internal_count=5028 3743 2682 1061 1869 1476 1285 534 813 530 393 431 854 286 993 686 731 616 512 309 248 175 286 942 202 283 616 495 406 185 221 415 191 224 274 163 307 211 221 182 326 208 160 162 638 554 420
is_linear=0
shrinkage=0.05


Tree=31
num_leaves=48
num_cat=0
split_feature=9 282 99 30 1 48 282 274 14 289 36 36 98 31 288 40 286 291 287 58 182 213 279 3 4 263 277 87 146 233 106 235 156 51 30 119 291 120 198 57 287 77 288 116 124 286 198
split_gain=30.76 28.8803 21.4519 21.2908 11.3752 11.3689 13.5688 15.232 11.2643 17.9415 10.8223 9.9912 9.64054 9.31953 8.74767 7.98196 9.95157 8.06863 10.2365 7.30243 8.32735 7.26379 9.40758 6.74055 6.17719 9.37944 5.87143 6.2047 5.8708 5.83736 5.81968 9.14601 5.65215 5.61374 7.52725 5.52198 5.26243 7.58743 5.22735 5.18046 5.51309 5.17561 5.16477 1.89199 1.53361 1.46322 0.016975
threshold=3.2500000000000004 1.0000000180025095e-35 10.125000000000002 0.92517482517482541 84.500000000000014 0.63423861852433294 -2.2499999999999996 -1.1705435836259281 0.097222222222222224 0.11478523713130605 1.3823354978681499 2.0874033007208967 0.31250000000000006 -0.2113043478260869 -0.29343379936893921 1.2500000000000002 0.74431321835971531 0.95445134575569368 0.99999774081129023 6.5000000000000009 1.1250000000000002 2.5000000000000004 -2.1973406639797952 85.750000000000014 79.250000000000014 80.07804338735059 -2.423155696357024 69.312500000000014 5.5000000000000009 41.500000000000007 2.5000000000000004 20.500000000000004 15.500000000000002 257.50000000000006 0.34965034965034975 6.8750000000000009 0.85449735449735453 6.8750000000000009 6.6250000000000009 14.750000000000002 0.99999998256903877 84.812500000000014 -0.14250824554987665 85.000000000000014 7.5000000000000009 0.16790451345650584 0.56250000000000011
decision_type=2 2 2 2 2 2 2 2 2 2 2 2 2 2 2 2 2 2 2 2 2 2 2 2 2 2 2 2 2 2 2 2 2 2 2 2 2 2 2 2 2 2 2 2 2 2 2
left_child=1 2 5 4 10 -1 14 11 12 -10 24 13 -4 -8 21 16 17 39 -19 -17 -21 22 -7 -22 25 -3 -14 38 -9 -20 -16 32 -32 34 -26 -5 37 -2 -28 40 -15 -25 -11 -13 -42 -37 -47
right_child=36 3 8 35 -6 6 7 28 9 42 -12 43 26 15 30 19 -18 18 29 20 23 -23 -24 41 33 -27 27 -29 -30 -31 31 -33 -34 -35 -36 45 -38 -39 -40 -41 44 -43 -44 -45 -46 46 -48
leaf_value=-0.032578277126515731 0.044541121524542024 0.016055266019638147 -7.8770531949001483e-05 -0.010987468227095724 -0.041526635684209993 -0.0055521826515588868 0.024672611048863691 0.040461866555307674 -0.033847703412738052 0.039020889089816602 -0.038643402918714133 -0.054039628530571995 0.009586026101809926 -0.0014694210431146063 -0.023206023289447687 0.028000848328657308 0.010080187684768614 -0.043422761745156711 0.024383975054914863 0.02266865328801786 -0.034772380270258911 0.051186886019400468 0.040465668388834947 0.013611851292646141 0.0057397915216345161 -0.031095275689583403 0.042754575685650338 0.060576975369976964 0.0013186641451943145 -0.015702263388159016 0.0038037519460930552 -0.018562238941385825 0.041935039190391717 -0.0043044771607269536 0.051226483453753073 -0.030335475313225703 0.047342393424229863 0.0042678237989742848 0.0099281067882430775 -0.062359661971376004 -0.025031866727917979 -0.018267178421649734 0.0031076624067736974 -0.023106002957902459 -0.050364242286981553 -0.039265576078447606 -0.055430144856174091
leaf_weight=29.476359024643898 18.035946935415268 19.187878184020519 28.423550575971603 14.510449938476084 18.659902706742287 25.72645740956068 19.648638308048248 20.274240523576736 23.795758321881294 18.144457206130028 14.822892963886259 12.584064193069937 21.658040530979633 14.145048171281813 18.386484012007713 17.873089231550694 24.29600615054369 14.441449910402296 18.098610647022724 18.943011447787285 24.206772536039352 18.542157098650932 18.270671874284744 23.699450761079788 18.887013494968414 21.23884554952383 27.917076751589775 23.978761687874794 17.551419258117676 16.380474783480167 20.210053622722626 19.88673734664917 18.122102297842503 20.493031412363052 17.070436991751194 17.103239595890045 28.079472348093987 30.954154968261719 22.213427841663361 14.890014439821242 15.34505970031023 25.311019912362099 21.381109520792961 11.824458941817282 15.771800249814987 13.728562377393244 30.751536667346954
leaf_count=159 86 93 126 93 128 117 87 99 147 79 101 82 95 82 83 87 128 93 85 87 122 81 82 127 94 107 125 105 84 87 88 91 81 87 81 137 134 140 99 85 87 139 95 79 97 127 247
internal_value=0 -0.00249271 0.00247672 -0.0188276 -0.00645513 -0.00299446 -0.00105087 -0.00663775 0.0168272 -0.000352804 -0.00027982 -0.0105771 0.0255196 -0.00765253 0.011964 -0.0103523 -0.0185291 -0.0249356 -0.00956967 -0.000363662 -0.00610605 0.0256804 0.0140322 -0.0137559 0.00592492 -0.0088687 0.0330395 0.0396747 0.0228009 0.00543383 0.000579549 0.00835644 0.0224387 0.0164893 0.0281359 -0.0396648 0.0302416 0.019689 0.0286874 -0.0370716 -0.0275843 -0.00288785 0.0201499 -0.0405533 -0.0390401 -0.0461383 -0.0514141
internal_weight=0 887.872 681.418 206.454 130.36 493.906 464.429 325.285 187.512 63.3213 111.7 287.459 124.191 263.05 139.145 243.402 133.368 109.072 48.9205 110.033 92.1603 62.5393 43.9971 73.2172 96.8772 40.4267 95.7673 74.1093 37.8257 34.4791 76.6054 58.2189 38.3322 56.4505 35.9575 76.0938 77.0696 48.9901 50.1305 60.1519 45.2619 49.0105 39.5256 24.4085 31.1169 61.5833 44.4801
internal_count=5045 4685 3390 1295 691 2519 2360 1737 871 321 563 1554 550 1393 623 1306 744 616 265 562 475 280 199 388 462 200 424 329 183 172 343 260 169 262 175 604 360 226 224 351 266 266 174 161 184 511 374
is_linear=0
shrinkage=0.05


Tree=32
num_leaves=47
num_cat=0
split_feature=10 283 32 30 29 282 138 261 170 74 201 54 101 289 291 32 233 88 39 299 272 234 282 279 281 279 289 283 137 56 34 117 2 275 196 30 39 42 214 58 272 106 30 33 235 42
split_gain=32.5439 26.1022 17.8845 15.9411 13.9016 12.0493 11.4011 11.2018 10.8104 11.8262 8.9609 8.51212 7.91837 9.09269 7.64489 10.2908 7.45029 7.38528 7.29515 7.15607 6.8437 6.64 6.5002 9.3832 6.76584 6.18619 6.18257 6.1689 5.4391 5.32836 5.1608 4.8864 5.5276 4.60481 5.64458 4.54911 4.33391 3.97461 3.94641 3.94124 3.75702 3.70024 3.63858 2.33299 1.62967 1.23436
threshold=0.29166666666666669 -0.15268065268065265 1.9111969111969114 1.0234965034965036 -0.34285714285714292 -3.7499999999999996 2.3750000000000004 5.0000000000000009 3.5000000000000004 6.2500000000000009 46.750000000000007 777.50000000000011 13.500000000000002 0.31595530242620651 0.96148148148148149 1.4231660231660237 57.500000000000007 1.3750000000000002 0.44722222222222224 11.562498411886832 -2.0758971630108012 24.500000000000004 1.0000000180025095e-35 -1.2117373915034091 89.795407377565596 -2.150472353724036 -0.38243420677835349 -0.25543478260869562 39.500000000000007 12.250000000000002 -0.98301158301158276 6.8125000000000009 80.250000000000014 87.830248330277996 1.0000000180025095e-35 1.7172827172827176 0.31666666666666671 7.5000000000000009 1.5000000000000002 13.500000000000002 -2.1382321514285025 3.5000000000000004 1.898601398601399 0.76370656370656353 5.5000000000000009 8.5000000000000018
decision_type=2 2 2 2 2 2 2 2 2 2 2 2 2 2 2 2 2 2 2 2 2 2 2 2 2 2 2 2 2 2 2 2 2 2 2 2 2 2 2 2 2 2 2 2 2 2
left_child=1 2 6 7 11 -4 40 17 9 18 16 30 14 -14 28 -16 27 26 -8 22 -7 -20 23 24 42 -9 29 -11 43 -3 -2 -27 39 -23 -35 -22 -24 -13 -19 -33 -1 -17 -5 -6 -42 -38
right_child=4 3 5 19 12 20 8 25 -10 10 -12 37 13 -15 15 41 -18 38 21 -21 35 33 36 -25 -26 31 -28 -29 -30 -31 -32 32 -34 34 -36 -37 45 -39 -40 -41 44 -43 -44 -45 -46 -47
leaf_value=0.021904844637637259 0.032554365681502336 -0.0024911596732008715 0.027352168355575957 -0.017956327462699116 -0.05306862735145991 -0.03225911504921302 -0.01710287096541967 -0.0094514422120782517 0.049371758139160837 0.035650210165513924 -0.0043976567251370136 0.0051207595276341802 -0.030978985893345676 0.021861702145526202 0.020602686482682722 -0.0060396436397047448 0.050634810756855102 -0.039786861092515759 0.028526174335524641 0.012099933926837619 0.01641924417056374 -0.019064058071435835 -0.01259035079343959 0.020205534599520611 0.0048526294088144942 0.042999754448084786 -0.016582934470965188 -0.0034206291421526279 -0.011933041206608524 0.027450096627129369 -0.0027763737656488715 0.019250244948966044 0.032991559871799234 0.025625893718605547 -0.01014008028090202 -0.017818092605371958 -0.055184931000054595 -0.026822413408390873 -0.0081967276528706109 -0.011799611271465758 0.061825225121990707 -0.042848827471622657 -0.051626053699350728 -0.028633299242119565 0.036431735482017009 -0.028446079661472796
leaf_weight=22.133636191487312 22.410119779407978 31.772626154124737 20.884331881999969 17.965164303779602 43.046188496053219 30.811642311513424 34.643425583839417 18.754652768373489 20.55598121881485 21.415541499853134 19.438301682472229 15.06116361171007 13.771576099097731 17.144415035843849 14.295687675476072 11.046500019729139 33.583786115050316 18.687983989715576 29.733841076493263 16.245379783213139 18.559250026941299 20.040030226111412 13.526931598782538 15.771586306393145 14.882768981158732 19.963958844542503 28.555761814117432 18.099445074796677 15.048969767987726 26.666031241416931 18.245987683534622 18.25655472278595 24.064848393201828 23.162925332784653 19.528795450925827 18.252718538045883 20.753105394542221 25.180825941264629 21.188499882817268 20.815461978316307 17.510989472270012 18.602425694465637 16.409285396337509 18.092615015804768 20.744277313351631 10.176207110285757
leaf_count=99 106 155 90 100 349 151 158 82 94 95 87 84 98 81 80 90 148 95 130 80 83 91 98 82 86 86 146 81 91 127 98 84 103 101 87 89 180 137 103 94 84 149 105 132 94 66
internal_value=0 0.00576403 0.014689 -0.00404702 -0.0156495 -0.00502224 0.0204904 0.00381941 0.0154905 0.0121103 0.0256053 0.00108281 -0.0245591 -0.00190941 -0.0303241 -0.0132956 0.0335354 -0.00608054 0.00216252 -0.0182747 -0.0152734 0.00948631 -0.0228504 -0.0124698 -0.0231259 0.01609 0.00213277 0.0181115 -0.0398466 0.0114032 0.0170123 0.0218982 0.0146594 0.000155724 0.00940757 -0.000579145 -0.0374264 -0.0150329 -0.0236125 0.0028269 0.0398014 -0.0297791 -0.0350343 -0.0464147 0.0493342 -0.0475539
internal_weight=0 743.556 389.099 354.457 231.946 88.5079 300.591 228.726 240.202 219.646 92.5371 80.8981 151.048 30.916 120.132 43.9446 73.0988 126.871 127.109 125.73 67.6236 92.4656 109.485 65.0288 49.2572 101.855 86.9944 39.515 76.1878 58.4387 40.6561 83.1008 63.1369 62.7318 42.6917 36.812 44.4562 40.242 39.8765 39.072 60.3889 29.6489 34.3744 61.1388 38.2553 30.9293
internal_count=5129 3634 1762 1872 1495 413 1349 1075 1072 978 411 425 1070 179 891 319 324 626 567 797 323 409 717 373 291 449 428 176 572 282 204 367 281 279 188 172 344 221 198 178 277 239 205 481 178 246
is_linear=0
shrinkage=0.05


Tree=33
num_leaves=48
num_cat=0
split_feature=282 32 289 277 31 283 14 113 115 103 145 14 118 80 189 10 32 103 53 220 103 182 39 56 220 220 279 74 34 287 283 287 289 99 34 34 210 55 157 190 229 155 283 54 107 263 3
split_gain=26.9037 26.5716 16.4563 13.1504 12.1948 11.4933 11.6832 11.0396 10.7653 11.0127 10.2462 14.2441 13.5714 9.04016 12.2039 8.30442 8.16511 14.3812 7.76043 7.39729 6.37674 6.31564 11.0636 5.93174 10.4822 7.79928 5.78106 5.77187 5.55309 5.16774 4.9812 5.38443 4.9727 4.93055 4.48109 4.3926 3.55354 3.43505 3.37235 3.25302 2.80881 3.67927 2.5689 2.51605 0.96772 0.550646 0.576924
threshold=-2.2499999999999996 1.9111969111969114 0.11478523713130605 -2.5938279800605506 0.44608695652173924 0.078461538461538485 0.12500000000000003 45.000000000000007 215.00000000000003 5.5000000000000009 44.500000000000007 0.097222222222222224 0.87500000000000011 79.125000000000014 1.0000000180025095e-35 1.0000000180025095e-35 0.97915057915057946 8.5000000000000018 47.500000000000007 4.5000000000000009 5.5000000000000009 21.500000000000004 0.52272727272727282 12.250000000000002 1.5000000000000002 1.5000000000000002 -1.9698564346716874 5.2500000000000009 0.49799389799389787 0.99999999986897514 -0.15587044534412953 0.99999999999994582 0.78724360164103002 8.6250000000000018 -0.43804303804303818 -0.5341793341793345 3.5000000000000004 747.50000000000011 7.5000000000000009 4.3750000000000009 19.500000000000004 36.500000000000007 -0.23669467787114842 797.50000000000011 98.750000000000071 77.278109242220808 68.750000000000014
decision_type=2 2 2 2 2 2 2 2 2 2 2 2 2 2 2 2 2 2 2 2 2 2 2 2 2 2 2 2 2 2 2 2 2 2 2 2 2 2 2 2 2 2 2 2 2 2 2
left_child=4 2 10 -4 43 7 15 -5 23 36 11 12 16 14 26 -7 28 21 29 -16 -15 -18 -23 24 -6 -25 -9 -12 39 42 31 -13 -28 -31 -8 -24 -10 -34 -27 -2 -32 -42 -3 -1 -22 46 -44
right_child=1 18 3 5 8 6 34 13 9 -11 27 30 -14 20 19 -17 17 -19 -20 -21 44 22 35 25 -26 38 32 -29 -30 33 40 -33 37 -35 -36 -37 -38 -39 -40 -41 41 -43 45 -45 -46 -47 -48
leaf_value=0.051747747994533112 -0.0079192339795336915 -0.017816196134874333 -0.028177648688901422 -0.017797858212928657 0.029977174582946953 0.030684875603894463 -0.0093981427125987213 -0.0012949459444528846 -0.036867035121900142 0.023962184998048086 -0.0030548035289349059 0.01194615357343571 -0.039891004883437296 0.016680520976604996 0.011185878935313899 -0.010527568010997648 -0.021074797229955894 0.042765762833647969 0.011556476241147881 -0.028185824854174514 0.03619793272768012 -0.025776331803218096 0.00030400295301500512 0.0044119611202624223 -0.016980433848280057 0.023673791480864952 0.011720835834675248 0.03299212775698495 0.0073136798042944253 -0.032025694226416962 -0.010150811637051163 -0.028758826762416225 0.02351518112274429 0.0043538846389690978 -0.046757363051383213 0.031954708599974554 -0.0067795141917805337 0.055090763035367668 0.05467778055150932 -0.036591851221014521 -0.049981205653912675 -0.022682253409058568 -0.045068376189259296 0.023680329486849398 0.058150098513268161 -0.053094364174432376 -0.021789093001584242
leaf_weight=22.472456261515617 18.382660493254662 10.856585659086702 22.994347676634789 20.571878522634506 21.51627790927887 23.256276026368141 16.57108660787344 17.936355873942375 19.482211507856846 18.046056017279625 23.06534630805254 14.34779328107834 22.083269171416759 29.382521577179432 23.311993040144444 23.876960732042789 25.356330350041389 23.558649957180023 10.735896043479441 22.596584670245647 18.372577682137489 16.812387906014919 17.216968066990376 21.523592904210091 24.224876344203949 18.151029795408249 23.208520367741585 20.14345520734787 20.567346088588238 21.788375124335289 10.807228960096834 16.531404405832291 18.211025640368462 15.388064861297606 15.810952603816984 29.267755903303623 19.902894034981728 21.17627514898777 22.433576859533787 22.318207547068596 32.896484799683094 23.907513774931431 8.7393080145120638 16.543448776006699 18.755348280072212 28.012940444052219 8.6363674402236921
leaf_count=112 89 61 106 101 96 99 86 82 95 85 112 85 106 139 104 137 133 111 75 102 82 94 85 98 108 81 106 93 103 145 79 107 85 98 94 140 91 97 99 108 260 154 100 78 84 237 80
internal_value=0 -0.00447363 -0.000717779 0.00746787 0.0159298 0.0103512 -0.00582206 0.0163732 0.00986434 -0.00753784 -0.00838756 -0.0117309 -0.00387365 0.0200894 0.0120805 0.0100223 0.000913552 0.00890729 -0.0278002 -0.00838094 0.0349104 -0.000466876 0.00798788 0.0191153 0.00527683 0.0290619 0.0237045 0.014116 -0.0136348 -0.0323975 -0.0271366 -0.0100641 0.0307757 -0.0172479 -0.0284935 0.0204852 -0.0222069 0.0414353 0.0417143 -0.0241422 -0.0346736 -0.0390829 -0.0419348 0.0407358 0.0485215 -0.0471953 -0.0353131
internal_weight=0 757.453 653.296 316.033 204.296 293.038 79.5153 213.523 165.281 57.4312 337.263 294.054 195.564 192.951 126.441 47.1332 173.48 112.212 104.158 45.9086 66.5104 88.6534 63.2971 107.849 45.7412 62.1082 80.5322 43.2088 61.2682 93.4216 98.4904 30.8792 62.5958 37.1764 32.382 46.4847 39.3851 39.3873 40.5846 40.7009 67.6112 56.804 56.2452 39.0159 37.1279 45.3886 17.3757
internal_count=5102 4159 3363 1504 943 1398 416 982 753 271 1859 1654 969 881 576 236 863 563 796 206 305 452 319 482 204 278 370 205 300 721 685 192 288 243 180 225 186 182 180 197 493 414 478 190 166 417 180
is_linear=0
shrinkage=0.05


Tree=34
num_leaves=47
num_cat=0
split_feature=30 283 198 51 159 299 48 10 99 283 286 283 279 291 20 0 32 260 99 13 199 10 288 272 197 158 30 144 110 39 13 200 113 99 292 146 57 44 32 259 158 288 113 202 73 144
split_gain=26.8202 19.3113 19.4748 17.3236 13.4666 15.7361 14.8775 11.2613 11.4659 11.1786 11.0031 10.9194 10.7315 10.6782 8.74503 8.01115 8.46196 8.86091 7.91455 7.67561 8.42716 6.88828 7.1417 6.7509 6.54527 6.34196 6.23675 6.29035 5.98029 5.54592 5.01551 4.8434 6.32348 4.43544 4.58532 5.83284 4.11369 3.98578 3.42216 3.17665 2.63299 2.24486 1.49235 0.951876 1.57013 0.853157
threshold=-0.25174825174825155 -0.15268065268065265 3.1250000000000004 2.5000000000000004 1.5000000000000002 4.3749496200337346 3.7359930982471385 0.29166666666666669 10.125000000000002 0.82085561497326209 0.94963837494268621 0.069047619047619066 -2.0150907694378093 0.96424010217113676 0.041666666666666671 90.500000000000014 2.1424710424710427 2.7819166901333121 6.8750000000000009 7.5000000000000009 26.500000000000004 0.12500000000000003 -0.29343379936893921 -2.2210050244994304 1.5000000000000002 19.500000000000004 0.88111888111888148 9.5000000000000018 103.12500000000001 0.68333333333333346 12.500000000000002 1.0000000180025095e-35 85.000000000000014 11.125000000000002 13.750000000000002 3.2500000000000004 12.250000000000002 42.500000000000007 1.6841698841698844 -11.731506647196285 10.500000000000002 0.26037272046371446 285.00000000000006 9.5000000000000018 75.750000000000014 28.500000000000004
decision_type=2 2 2 2 2 2 2 2 2 2 2 2 2 2 2 2 2 2 2 2 2 2 2 2 2 2 2 2 2 2 2 2 2 2 2 2 2 2 2 2 2 2 2 2 2 2
left_child=10 2 18 4 5 37 11 8 15 -5 12 14 21 19 28 16 17 24 -2 -14 -21 22 -1 -19 36 29 27 -13 -7 33 -23 32 -9 34 35 -16 -4 42 41 -10 -25 -20 45 44 -28 -3
right_child=1 3 7 9 -6 6 -8 31 39 -11 -12 26 13 -15 25 -17 -18 23 38 20 -22 30 -24 40 -26 -27 43 -29 -30 -31 -32 -33 -34 -35 -36 -37 -38 -39 -40 -41 -42 -43 -44 -45 -46 -47
leaf_value=0.034078170638198811 -0.0018134859985006815 -0.054032178050224124 -0.016968265358167079 0.038018282399291864 0.024427516401220095 -0.011039323392628139 0.029313577879350156 -0.036119052337898326 0.0075479885722326157 -0.011161686810777187 0.046480628848667188 -0.033532055935031134 0.030235905716125434 0.047200716287698584 0.0068824258487000514 0.022605407750847517 -0.031474789999967577 -0.0077598217542605751 0.058034959799257525 0.019390996380211505 -0.023332612928218727 -0.028406238286927038 -0.0066277060998916285 0.011379404631700847 -0.034653622867518108 -0.046327186275485127 -0.047574333995664894 0.0064709799457663602 0.025740348766262133 0.0092208177761751459 0.0052400590811016237 -0.046641883909766757 0.00247652445797682 0.0059500690606330408 -0.048890517031904557 -0.035023307390193333 0.014378431539803324 -0.014687476970559377 0.018451561407054385 0.034562590959243154 0.039141993758577645 0.029621295879916854 -0.025542459633369808 -0.056114268735815133 -0.019771991346264728 -0.030425418512862679
leaf_weight=19.549507990479469 19.063255816698074 35.328008756041527 20.756438612937927 25.114311270415783 18.255700372159481 18.150924921035767 18.586587078869343 16.691243395209312 18.195083931088448 20.076849713921547 24.572752892971039 21.293146654963493 31.662804022431374 29.345601111650467 15.703706644475462 25.130712404847145 28.394198104739189 25.019157856702805 17.418475493788719 22.431683212518692 21.752895303070545 26.823396705091 22.087756335735321 18.075128123164177 23.876870945096016 13.859432481229303 12.701226763427259 17.08034110814333 25.591184325516224 24.318139165639877 17.951260223984718 13.89776787906885 26.228776521980762 13.629527546465395 14.178883843123911 15.990264803171156 19.182148963212967 14.498526327311991 21.987354405224323 28.882372349500656 17.435526251792908 18.067258611321449 11.457330487668512 15.725809618830679 11.88842476159334 9.555513069033621
leaf_count=87 92 303 95 116 90 85 94 101 79 85 113 131 146 134 98 115 141 114 82 101 105 131 100 80 108 94 99 101 124 132 94 91 159 76 85 113 85 119 105 125 80 81 98 116 83 66
internal_value=0 -0.00440617 0.00387971 -0.012355 -0.0163572 -0.0188335 -0.0125935 -0.00221914 0.00282775 0.0164007 0.0156013 -0.0162488 0.0114204 0.0220674 -0.00784316 -0.00301209 -0.00734664 -0.00162984 0.0260714 0.0118556 -0.00169352 -0.00164487 0.0128355 0.0119741 -0.014519 -0.0161136 -0.0310677 -0.0160143 0.0105729 -0.0106306 -0.0150968 -0.0219036 -0.0130136 -0.0187621 -0.0260747 -0.0146845 -0.00192926 -0.0393915 0.0351934 0.0244958 0.0257094 0.0447767 -0.0453817 -0.0446616 -0.0354306 -0.049779
internal_weight=0 731.286 358.302 372.984 327.793 309.537 238.698 281.765 224.948 45.1912 216.178 220.111 191.605 105.193 141.422 177.87 152.739 124.345 76.5363 75.8474 44.1846 86.4119 41.6373 60.5298 63.8155 97.68 78.6889 38.3735 43.7421 83.8205 44.7747 56.8178 42.92 59.5024 45.8729 31.694 39.9386 70.8394 57.4731 47.0775 35.5107 35.4857 56.3409 40.3155 24.5897 44.8835
internal_count=5052 4041 1733 2308 2107 2017 1431 1373 1022 201 1011 1337 898 486 807 818 703 562 360 352 206 412 187 274 288 598 530 232 209 504 225 351 260 372 296 211 180 586 268 204 160 163 467 298 182 369
is_linear=0
shrinkage=0.05


Tree=35
num_leaves=46
num_cat=0
split_feature=30 16 32 283 291 46 170 227 289 176 58 115 221 143 31 48 106 31 4 58 34 74 112 235 114 29 109 74 283 156 110 97 99 39 55 156 285 55 277 11 272 33 32 89 291
split_gain=27.5016 21.5454 14.7514 15.8294 13.2286 12.207 10.9238 11.9114 10.1781 13.2201 9.40816 9.08391 8.44227 8.43047 7.72464 7.68174 7.41017 7.21077 7.36081 7.14651 6.94691 6.48 6.39456 6.06549 6.51245 5.78105 5.71991 6.40156 9.01093 5.20343 5.02218 4.08943 10.3249 4.04726 3.82392 3.64 3.63783 2.948 3.92002 2.98831 2.68784 2.31011 2.42578 2.11775 1.84946
threshold=-0.37762237762237738 0.29166666666666669 1.9111969111969114 -0.063508064516129017 0.94987468671679209 157.50000000000003 1.5000000000000002 21.500000000000004 0.28313308994381592 2.2500000000000004 20.500000000000004 215.00000000000003 4.5000000000000009 28.750000000000004 1.2062548806623024 1.3737907098323203 9.5000000000000018 -0.35217391304347817 79.250000000000014 5.5000000000000009 0.97575397575397582 7.7500000000000009 205.00000000000003 931.50000000000011 85.000000000000014 -0.34285714285714292 86.250000000000014 5.7500000000000009 -0.28174603174603169 21.500000000000004 123.75000000000001 8.0625000000000018 10.375000000000002 0.47727272727272735 832.50000000000011 7.5000000000000009 12.312500000000002 712.50000000000011 -1.7696840320499612 17.500000000000004 -1.9606718934168541 -0.20772200772200819 2.0205649258280842 71.375000000000014 0.84731934731934744
decision_type=2 2 2 2 2 2 2 2 2 2 2 2 2 2 2 2 2 2 2 2 2 2 2 2 2 2 2 2 2 2 2 2 2 2 2 2 2 2 2 2 2 2 2 2 2
left_child=8 2 3 4 6 -4 7 12 9 23 13 29 -2 16 -15 -7 25 -10 -19 -5 21 30 33 24 -1 -3 -9 -28 -29 35 31 -21 -33 -17 -24 -6 -26 -27 43 -40 -30 42 -12 -39 -23
right_child=1 10 5 19 11 15 -8 26 17 -11 41 -13 -14 14 -16 22 -18 18 -20 20 -22 44 34 -25 36 37 27 28 40 -31 -32 32 -34 -35 -36 -37 -38 38 39 -41 -42 -43 -44 -45 -46
leaf_value=-0.014358609198018605 0.03859381763826765 -0.0043559704024931914 0.022793905913252876 0.021088026220844634 0.031786580081810206 -0.048034935827697363 0.030054553876744133 0.010776938411319922 0.057743596740984199 0.039217046661683332 -0.057094771940267297 -0.00036616658246878264 -0.002810158448452504 0.037177904228240473 -0.014708270485584729 -0.020581802809555478 0.011357712065491165 0.0045355079934967643 0.037773268585037108 -0.027114798648263258 -0.033467075072468516 -0.01088969060751098 -0.042857354007185038 -0.026932761414106717 0.026648003800505356 -0.054541164941638721 -0.036573785300912355 0.019324672709600789 -0.036754290807729968 0.014185768334784382 0.019352603002357499 0.031778571545706423 -0.015946327330707975 0.0085720355958130139 -0.0077888071758302358 0.060642662571940092 -0.0020766932017992723 -0.050462895127386609 0.0080843307711715544 -0.02701735154564848 -0.0079688654770404977 -0.021245007389458517 -0.023619987566244678 -0.018296274610231013 -0.035619273399241466
leaf_weight=27.047842338681221 24.3382268846035 25.746228665113449 17.729793183505535 18.790223225951195 35.709156215190887 20.412828989326954 31.831964284181595 22.051172837615013 17.820785865187645 24.228769913315773 19.561470530927185 24.48026916384697 23.701169669628143 13.927278041839601 13.017704598605631 18.010913759469986 16.72641945630312 32.351275272667408 34.026832491159439 16.317906342446804 26.875164404511452 15.223134629428385 21.397860798984766 17.906475692987442 28.882187061011791 12.329820789396761 27.723488911986351 19.4755529910326 16.100014068186283 23.983802944421768 26.002489387989044 16.713580936193466 30.466082535684109 30.892394103109837 12.707435660064219 19.351845026016235 17.248303584754467 15.754099294543265 10.979068584740167 11.624617174267767 16.774982362985611 16.441937848925591 10.308051504194735 9.7697048336267454 16.947832316160202
leaf_count=129 111 154 85 95 156 136 143 99 85 111 135 114 105 81 85 102 102 144 150 81 148 84 154 89 134 97 128 84 83 105 129 81 150 154 89 85 86 125 76 88 81 126 94 83 103
internal_value=0 -0.00390118 0.000802094 0.00495182 0.0120926 -0.014623 0.00392722 -0.00177345 0.0169416 0.00718636 -0.0191423 0.0262725 0.0185256 -0.0120738 0.0124813 -0.0211943 -0.01856 0.0300605 0.0218816 -0.00723181 -0.0109312 -0.0057211 -0.0141006 -0.00166724 0.00479488 -0.0244288 -0.0114091 -0.0175764 -0.0070189 0.034424 0.00126122 -0.00633245 0.00126908 -0.00236249 -0.0303851 0.0428292 0.0160916 -0.032767 -0.026192 -0.0103476 -0.0227349 -0.038291 -0.0466819 -0.0393045 -0.0245984
internal_weight=0 750.196 574.009 452.858 285.522 121.151 181.997 150.165 199.512 115.314 176.186 103.525 48.0394 129.875 26.945 103.421 102.93 84.1989 66.3781 167.336 148.546 121.671 83.0086 91.0848 73.1783 86.2035 102.125 80.074 52.3505 79.0448 89.5001 63.4976 47.1797 48.9033 34.1053 55.061 46.1305 60.4573 48.1275 22.6037 32.875 46.3115 29.8695 25.5238 32.171
internal_count=5059 4131 2885 2165 1294 720 834 691 928 549 1246 460 216 891 166 635 725 379 294 871 776 628 499 438 349 623 475 376 248 346 441 312 231 256 243 241 220 469 372 164 164 355 229 208 187
is_linear=0
shrinkage=0.05


Tree=36
num_leaves=46
num_cat=0
split_feature=282 31 0 51 299 291 58 101 119 155 282 105 39 79 193 107 57 288 35 31 44 42 45 213 283 117 14 284 274 43 283 104 34 96 289 182 44 60 112 260 232 97 55 273 279
split_gain=27.2205 17.9106 15.13 15.0665 13.0367 15.9322 14.1069 12.2899 11.9385 11.4829 10.9293 10.4632 9.09751 7.69398 7.49247 8.41272 7.33707 7.12289 6.48701 6.18738 5.8344 6.60295 5.97236 5.47555 5.03036 4.98572 6.03513 7.29979 4.90732 4.78082 4.49955 4.45708 4.0912 7.44566 3.97616 6.73893 4.02813 3.84813 2.70013 2.60279 1.74711 1.68602 1.387 0.687176 0.493306
threshold=0.75000000000000011 -0.32086956521739124 82.250000000000014 7.5000000000000009 3.8749984064317364 0.96424010217113676 8.5000000000000018 15.500000000000002 6.1250000000000009 69.500000000000014 -2.7499999999999996 12.500000000000002 0.41428571428571431 69.875000000000014 1.7500000000000002 134.37500000000006 12.250000000000002 0.40614137006726808 0.75604704659038091 1.6283299084901619 12.500000000000002 7.5000000000000009 1.0000000180025095e-35 2.5000000000000004 0.83974358974358987 6.3125000000000009 0.069444444444444461 1.6220238095238098 -1.8323217686899211 1.5000000000000002 -0.15268065268065265 5.5000000000000009 -0.30431190431190452 64.500000000000014 -0.082691941062253513 11.500000000000002 12.500000000000002 87.500000000000014 115.00000000000001 6.4096965656831708 54.250000000000007 14.187500000000002 867.50000000000011 76.586770554816724 -2.4689694830590923
decision_type=2 2 2 2 2 2 2 2 2 2 2 2 2 2 2 2 2 2 2 2 2 2 2 2 2 2 2 2 2 2 2 2 2 2 2 2 2 2 2 2 2 2 2 2 2
left_child=1 2 29 8 9 6 11 10 -2 13 -8 23 19 -3 -12 25 -13 18 30 -7 21 22 -14 31 -5 -16 27 -27 38 -1 -15 -6 33 -23 42 36 -36 -22 44 -19 -29 -9 -10 -38 -28
right_child=3 4 -4 24 5 12 7 41 34 -11 14 16 20 17 15 -17 -18 39 -20 -21 37 32 -24 -25 -26 26 28 40 -30 -31 -32 -33 -34 -35 35 -37 43 -39 -40 -41 -42 -43 -44 -45 -46
leaf_value=0.053583635760255148 0.0060632406854432344 0.013843894716362673 -0.0064018617027004551 0.025010248721540031 0.024930331531981927 0.0087266013892821209 0.014698328438543285 0.029371409121681943 -0.054609208414931013 0.020500051807672625 0.0076301289010095256 0.044770265133816177 -0.024888583462472164 -0.011314351886299923 -0.051000546843361486 0.0033821403381377752 0.0069100450690972662 -0.05510119489052278 0.011404580582743046 -0.030925507498616379 0.022273623485065785 -0.010931302544303141 0.016517421141696877 -0.024791123775980434 -0.010133828066786893 0.010041829297112406 -0.038540751306707151 -0.036386038905762648 -0.013224399301304464 0.022862373324998887 -0.043107849657962237 -0.010034322986025662 0.035634901809460544 0.027709582703697264 -0.017292794630159196 0.008892449198241564 -0.032359570583093848 0.052147606651083811 -0.022350118860347087 -0.024953289396855202 -0.013101026097503913 0.0069138592632878946 -0.028647114227703215 -0.055854451138511098 -0.061659441456187652
leaf_weight=28.965346306562424 20.349974922835827 14.276181742548941 25.793188638985157 18.880446955561638 18.339347206056118 25.316974528133869 29.662151396274567 17.09194178879261 28.318353474140167 20.148389793932438 25.199918694794178 29.06203755736351 17.053873844444752 29.869393110275265 17.56354071944952 28.336628317832947 23.021121568977833 19.152708660811186 17.179947413504124 14.774338841438292 30.294235307723284 20.212559826672077 15.878254294395445 17.741800248622894 20.040530875325203 24.350170604884624 12.875827908515928 16.932484522461891 21.738549418747425 26.345336228609085 17.78540359437466 16.449912436306477 30.374408803880215 29.817487344145775 21.723251767456532 10.526892900466917 11.410774588584902 18.691200628876686 13.248936779797075 15.609587684273718 17.848290257155895 17.028911754488945 10.996532432734965 15.192520514130591 14.324882231652738
leaf_count=136 108 90 118 83 94 128 132 79 215 97 120 140 90 149 89 151 109 129 84 96 154 94 77 97 85 117 86 82 129 129 129 81 141 137 156 62 119 92 91 87 83 81 82 115 89
internal_value=0 0.00299296 0.0250817 -0.019741 0.00039137 0.00373054 -0.00257137 -0.00888267 -0.0285458 -0.0135653 -0.0131821 0.0128229 0.0149216 -0.0197187 -0.0175337 -0.0213487 0.0284812 -0.0246193 -0.0144564 -0.00628288 0.0201652 0.0137273 -0.00502621 -0.00294394 0.0071139 -0.0263828 -0.022431 -0.0107243 -0.0332163 0.0396165 -0.0238222 0.00857906 0.0213758 0.01219 -0.0357089 -0.0266731 -0.0344435 0.0344877 -0.0433821 -0.0426399 -0.0251371 0.0186794 -0.0482382 -0.0473143 -0.0524706
internal_weight=0 778.355 81.1039 157.439 697.251 563.23 360.816 256.202 118.518 134.022 222.081 104.614 202.413 113.873 192.419 167.219 52.0832 99.597 64.8347 40.0913 162.322 113.337 32.9321 52.5311 38.921 138.883 121.319 59.1309 62.1882 55.3107 47.6548 34.7893 80.4045 50.03 98.1683 58.8534 48.3265 48.9854 40.4496 34.7623 34.7808 34.1209 39.3149 26.6033 27.2007
internal_count=5032 4007 383 1025 3624 2859 1850 1329 857 765 1169 521 1009 668 1037 917 249 578 362 224 785 539 167 272 168 766 677 282 395 265 278 175 372 231 749 452 390 246 266 216 165 160 297 234 175
is_linear=0
shrinkage=0.05


Tree=37
num_leaves=48
num_cat=0
split_feature=9 111 8 289 113 10 5 15 283 2 202 29 99 33 282 120 97 282 56 34 29 49 39 57 277 6 288 33 39 289 36 279 288 143 54 299 220 104 104 288 279 85 58 209 78 284 277
split_gain=26.1084 19.6148 16.6236 16.3488 18.3045 12.1929 15.302 10.7158 9.57611 8.28206 9.13783 8.18954 7.98593 8.13188 7.66503 7.4796 7.09536 7.02771 7.79481 6.9788 7.36922 6.9283 8.05766 6.81547 6.27458 6.57241 7.05854 6.06862 7.08702 5.86722 5.86719 5.74817 5.19585 5.1544 4.6715 4.55711 4.55652 4.37544 4.02752 3.70915 3.64661 3.04196 2.97846 1.71436 3.13267 1.25527 0.790066
threshold=2.2500000000000004 215.00000000000003 102.50000000000001 0.1318557721318592 45.000000000000007 0.29166666666666669 79.500000000000014 7.5000000000000009 -0.057189542483660122 79.250000000000014 5.5000000000000009 -1.6285714285714279 11.875000000000002 -0.4841698841698841 -2.2499999999999996 7.8125000000000009 8.3125000000000018 -2.2499999999999996 11.250000000000002 -1.2293112293112294 1.21764705882353 0.7499427043544693 0.5634920634920636 16.500000000000004 -1.3434678324851677 78.250000000000014 -0.62588817255938378 0.60154440154440125 0.52272727272727282 0.57605713708605399 1.3952428232669745 -1.5340447459604822 -0.2270106897347694 29.750000000000004 772.50000000000011 9.1249999999998561 1.5000000000000002 4.5000000000000009 5.5000000000000009 -0.34235669412071207 -2.1340080139517186 87.500000000000014 19.500000000000004 1.2916750000000004 1.3750000000000002 1.3484848484848486 -2.423155696357024
decision_type=2 2 2 2 2 2 2 2 2 2 2 2 2 2 2 2 2 2 2 2 2 2 2 2 2 2 2 2 2 2 2 2 2 2 2 2 2 2 2 2 2 2 2 2 2 2 2
left_child=1 3 8 5 29 6 -1 21 16 15 35 -7 17 -14 34 -9 19 18 -8 -3 -21 -6 39 24 25 37 -27 28 -16 -5 -30 -12 -31 45 -2 -11 -20 -19 -24 -23 -22 -39 -35 44 -10 -13 -47
right_child=14 2 -4 4 7 11 12 9 43 10 31 33 13 -15 27 -17 -18 23 36 20 40 22 38 -25 -26 26 -28 -29 30 32 -32 -33 -34 42 -36 -37 -38 41 -40 -41 -42 -43 -44 -45 -46 46 -48
leaf_value=-0.045562990447020904 0.059802495888232922 -0.047911142478908021 0.022615352586395694 -0.046095145412698851 0.00025152220748240692 0.0074519798672348777 -0.01344359647659913 0.0062395762270898584 -0.045955100326855826 0.012914426094090334 -0.019441358702836708 -0.023417587415739963 0.047126207360299571 0.002458865874912335 0.044751338713833445 -0.030283189663918408 0.0090286072019564456 -0.0094323647152763212 0.0065153382627121757 0.0089683852030018104 -0.046904886044533606 0.033966798381418119 0.026050896753509203 0.02103398611880386 0.013121375934111097 0.020244213675605537 -0.018335864430862929 -0.0057923823471312651 -0.0077964232953984846 0.014412024708444854 0.027965633418844216 0.016653860710758816 -0.026735350081584598 0.0051196550574151107 0.022053236611123881 0.044759614477335348 0.040017073164223871 -0.04600225824635315 0.058609781297313368 0.0054781168780935405 -0.010714135680387305 -0.017192724565827877 -0.028389476711744546 -0.0539374126921843 -0.0053089217989707232 -0.029511107053374137 -0.053557590039822855
leaf_weight=17.220222964882851 16.417072042822838 19.719711288809776 20.15606527775526 13.94142936170101 21.848374009132385 17.105859994888306 19.172376215457916 31.25086484849453 11.76053783670068 22.820709839463234 22.107915796339512 10.802040383219717 17.078833714127541 23.618214093148708 21.244344785809517 24.022283308207989 21.563004024326801 27.259260006248951 19.478383660316467 21.440035097301006 13.75908960402012 17.979453012347221 18.306751661002636 17.390849679708481 21.208504378795624 20.300053395330906 25.743953496217728 28.342171758413315 22.705025196075439 13.840230330824852 21.498156368732452 20.116489693522453 15.010060124099255 12.325298316776754 19.073763787746429 23.530181378126144 21.294106423854828 25.967466622591019 27.354900971055031 29.916364006698132 14.634703211486338 16.576667189598083 12.728860832750795 23.962261535227299 8.0042013488709909 9.6124917417764646 20.833405882120136
leaf_count=90 91 104 102 74 95 93 83 153 122 117 106 99 78 113 95 127 110 142 84 112 79 82 82 92 111 104 135 127 102 73 95 89 92 82 95 105 90 145 125 133 85 89 90 240 73 85 184
internal_value=0 -0.0029683 -0.0189083 0.000810911 0.00934915 -0.00644495 -0.00129344 0.0143556 -0.025236 0.00518812 0.0146024 -0.023049 0.00186131 0.0218845 0.0211401 -0.00988967 -0.0157141 -0.00202357 0.0123781 -0.0234041 -0.0129547 0.0256397 0.0315032 -0.00765689 -0.0114234 -0.0159907 -0.00125777 0.0133966 0.0216686 -0.0206177 0.0098303 -0.00225748 -0.00717436 -0.030912 0.0406753 0.0296846 0.0245513 -0.025554 0.0463943 0.0166484 -0.0292506 -0.0354297 -0.012341 -0.0442823 -0.0305429 -0.041633 -0.0471454
internal_weight=0 812.762 155 657.763 302.046 355.717 272.309 259.254 134.844 143.848 88.5753 83.408 255.089 40.697 129.281 55.2731 91.1165 214.392 59.9449 69.5535 49.8338 115.406 93.5575 154.447 137.056 115.847 46.044 93.7897 65.4475 42.7917 44.2032 42.2244 28.8503 66.3021 35.4908 46.3509 40.7725 69.8034 45.6617 47.8958 28.3938 42.5441 25.0542 43.727 19.7647 41.2479 30.4459
internal_count=5074 4469 1027 3442 1453 1989 1356 1214 925 697 417 633 1266 191 605 280 490 1075 257 380 276 517 422 818 726 615 239 419 292 239 197 195 165 540 186 222 174 376 207 215 164 234 172 435 195 368 269
is_linear=0
shrinkage=0.05


Tree=38
num_leaves=44
num_cat=0
split_feature=9 282 115 117 262 29 101 109 14 279 30 32 22 226 288 279 221 36 32 18 273 259 4 86 154 289 32 31 299 221 56 7 286 221 277 283 113 182 146 7 106 283 195
split_gain=24.7638 19.2438 18.4219 15.5657 14.1151 10.7424 9.59877 10.8672 9.5748 8.85356 8.41807 9.66783 9.63263 7.75677 7.48093 7.07544 7.56002 7.0633 6.99243 7.36127 6.746 6.5048 6.93418 6.12559 5.81623 7.13782 5.27248 6.63546 6.27079 4.91264 4.84261 4.62684 4.52548 4.09383 3.84258 3.88003 3.80379 3.75791 2.91804 2.78619 1.78555 1.49042 0.484702
threshold=3.2500000000000004 0.75000000000000011 215.00000000000003 6.3125000000000009 5.0000000000000009 1.21764705882353 16.500000000000004 123.75000000000001 0.069444444444444461 -1.5605075689919112 2.1125874125874131 0.65868725868725886 0.37500000000000006 64.500000000000014 -0.12546116083924153 -1.988294583338537 4.5000000000000009 0.91147178257608552 1.6393822393822399 0.10416666666666667 91.598920839656103 -8.7432939291315304 78.625000000000014 81.500000000000014 64.750000000000014 -0.14250536273956091 1.9220077220077225 0.66521739130434809 9.9999999999999929 6.5000000000000009 12.250000000000002 3.2500000000000004 0.3440067652717213 4.5000000000000009 -1.9375823955857376 -0.24568965517241378 135.00000000000003 59.500000000000007 12.500000000000002 10.500000000000002 7.5000000000000009 -0.28869047619047611 1.5000000000000002
decision_type=2 2 2 2 2 2 2 2 2 2 2 2 2 2 2 2 2 2 2 2 2 2 2 2 2 2 2 2 2 2 2 2 2 2 2 2 2 2 2 2 2 2 2
left_child=1 2 4 -4 6 9 7 8 20 31 11 14 21 29 -6 23 -17 -11 19 -5 26 -13 -23 38 25 37 27 -1 30 36 -29 -3 -33 -24 41 -36 -9 -2 39 -10 42 -20 -7
right_child=24 5 3 18 10 40 -8 13 15 17 -12 12 -14 -15 -16 16 -18 -19 34 -21 -22 22 33 -25 -26 -27 -28 28 -30 -31 -32 32 -34 -35 35 -37 -38 -39 -40 -41 -42 -43 -44
leaf_value=-0.019779881963809927 -0.0094411224364052172 0.0017272229127045275 0.019891931963371308 -0.024443021192683739 0.018392960523500253 -0.028329132007802484 0.036153012107285144 0.0049302583943744384 -0.04423035209064613 0.034850869297453062 -0.0091641489660360797 0.050985817329517548 0.0010401078023542041 0.03293736144721892 -0.015501034765754238 -0.019012866379756993 0.025413914516245546 -0.0081436371155333958 -0.029217718868186422 0.011138079729428971 0.026593509217131796 0.005702084444381552 0.053523690916320449 -0.0077572726155532472 0.053382989687984155 0.040286347388510953 -0.027073167017815286 -0.019314007059441734 0.026502838315406868 0.022888358112845973 0.014920284106590763 -0.046643530046328728 -0.011115376575607835 0.02146171932317709 0.00089755486624566489 -0.033425614268069212 -0.026101806372128181 0.021104531881574237 -0.059032183884335954 -0.011636590297908681 -0.019585947800781888 -0.053479449254582534 -0.049241065833980635
leaf_weight=27.256555989384651 19.23833754658699 14.510841012001036 26.916934363543987 30.833833865821362 33.324826255440712 8.9998619593679887 15.47624324262142 22.232939951121807 14.079369336366655 14.995900020003317 30.928490869700909 33.92704464495182 30.463758885860443 28.789450198411942 29.984273448586464 25.608649924397469 13.970715522766112 22.997208710759878 16.614781491458416 25.932869732379913 19.774691864848137 31.022638469934464 19.466869868338108 21.419627144932747 16.093206703662872 24.458546824753284 19.917170971632004 21.804026536643505 28.380091965198517 17.071371339261532 17.926138915121555 20.4229771271348 16.79477870464325 23.928874053061008 14.287514038383959 18.270187608897686 16.401370048522949 19.186373993754387 14.786283887922762 13.30353146791458 11.973983101546763 19.342117100954056 24.700669724494219
leaf_count=126 87 62 128 148 151 91 76 119 91 72 154 159 152 139 131 159 81 145 85 144 90 145 88 159 83 125 101 104 123 94 81 150 95 105 70 152 89 87 90 83 81 160 222
internal_value=0 -0.00191644 0.0013297 -0.0140717 0.00545055 -0.0191437 -0.00107897 -0.00297061 -0.00843048 -0.00890858 0.0148903 0.0185982 0.0259395 0.0123416 0.00234876 -0.0198205 -0.00309128 0.00928488 -0.0214686 -0.00827699 0.000351823 0.032867 0.0240402 -0.0300241 0.0271714 0.0197326 -0.00433941 0.000640166 0.00897988 0.0013043 -0.00388051 -0.0221938 -0.0313215 0.036726 -0.032122 -0.0187854 -0.00856992 0.00595949 -0.0408928 -0.0293631 -0.0386276 -0.0433626 -0.0446338
internal_weight=0 858.839 723.443 152.198 571.245 135.396 338.198 322.722 238.227 89.7217 233.047 202.118 138.809 84.4951 63.3091 103.168 39.5794 37.9931 125.281 56.7667 135.059 108.345 74.4184 63.5888 78.9765 62.8833 115.284 95.3668 68.1103 55.7057 39.7302 51.7286 37.2178 43.3957 68.5146 32.5577 38.6343 38.4247 42.1692 27.3829 45.6745 35.9569 33.7005
internal_count=5077 4695 3777 887 2890 918 1805 1729 1288 524 1085 931 649 441 282 663 240 217 759 292 625 497 338 423 382 299 535 434 308 302 185 307 245 193 467 222 208 174 264 174 394 245 313
is_linear=0
shrinkage=0.05


Tree=39
num_leaves=47
num_cat=0
split_feature=9 39 9 116 48 282 12 277 282 260 199 232 282 36 88 109 259 114 186 2 282 273 284 157 277 36 33 30 117 282 299 80 181 5 31 277 299 200 214 202 80 273 205 199 126 275
split_gain=22.7781 20.3395 11.2596 12.272 9.99039 10.7059 9.70541 9.16809 8.71021 7.75976 9.18163 7.73958 7.67685 10.1147 7.44821 7.09786 9.77264 7.94822 7.74756 7.3642 7.76824 7.49552 9.0721 6.23993 6.53376 6.01115 5.65142 5.45628 5.43904 5.15747 6.33481 5.10602 4.89489 4.85532 5.83752 4.70641 4.29116 5.15583 4.47339 3.58214 3.46733 2.81722 2.52664 2.05921 0.939884 0.210001
threshold=1.0000000180025095e-35 0.44722222222222224 3.2500000000000004 15.000000000000002 3.8179117735889281 1.0000000180025095e-35 0.062500000000000014 -3.0747487130890039 0.75000000000000011 -4.592425496802573e-16 69.500000000000014 2.2500000000000004 -2.2499999999999996 1.422238336488316 1.1250000000000002 208.75000000000003 -4.0393967416472334 155.00000000000003 30.500000000000004 80.250000000000014 -1.2499999999999998 83.255772534123693 1.5266106442577032 2.2500000000000004 -1.6823249423929334 1.3952428232669745 -0.8602316602316602 1.2083916083916091 7.6875000000000009 -1.0000000180025095e-35 7.8749999999999947 79.875000000000014 11.500000000000002 79.500000000000014 0.32608695652173919 -2.1538995194642996 6.4999999995890443 1.0000000180025095e-35 1.0000000180025095e-35 11.500000000000002 82.125000000000014 89.429571345307792 1.0000000180025095e-35 6.5000000000000009 6.5000000000000009 76.912627824346814
decision_type=2 2 2 2 2 2 2 2 2 2 2 2 2 2 2 2 2 2 2 2 2 2 2 2 2 2 2 2 2 2 2 2 2 2 2 2 2 2 2 2 2 2 2 2 2 2
left_child=1 27 3 -2 5 7 14 -5 11 -4 -11 -8 -13 23 -3 16 18 39 19 20 -9 -21 -23 -14 28 33 -22 29 -25 30 -1 45 -24 -7 -35 -33 -20 38 -38 -18 -36 44 -31 -10 -15 -29
right_child=2 6 9 4 -6 25 8 15 43 10 -12 12 13 41 -16 -17 17 -19 36 21 26 22 32 24 -26 -27 -28 31 -30 42 -32 35 -34 34 40 -37 37 -39 -40 -41 -42 -43 -44 -45 -46 -47
leaf_value=-0.022759794999425625 -0.030879602933766376 -0.0014793756126415768 0.046269245824028471 -0.02656710773679662 0.031332575546249998 -0.021194249298634255 0.025478621593299923 0.019936311982226691 -0.017973992226732387 -0.01077425879624639 0.030450331120402782 0.012405511383830121 0.024765196299350339 -0.031425710387396805 0.03458235199253739 -0.015272808671059566 0.056327646607985976 0.0032286138620924152 0.014739983198738281 0.049376753877108319 -0.028349647113551299 0.038769913628868453 0.014445495744907728 -0.048911369512349062 0.01454736741991703 -0.037718982165938914 0.0069781505206920127 -0.038445018886087375 -0.0054077260330485377 -0.015332912942296753 0.024266394852038894 -0.043490907543773778 -0.017610127512917698 -0.018943304952696929 0.033126008631533581 -0.0059101166717289606 -0.018529566255687881 -0.029893046100143206 0.010129460564289917 0.023666901602265724 6.5358466948176489e-05 -0.014747841850932345 -0.049122725887079659 -0.053381711660937775 -0.057499728130269857 -0.060156717839808471
leaf_weight=14.258555866777899 25.509994775056839 30.839219748973846 23.236173741519451 19.362303912639618 30.412122912704945 31.673044696450233 17.991369739174843 30.418788254261017 8.5856542736291903 24.11611146479845 28.595661707222462 31.124443329870701 14.316109590232371 12.022093385457994 25.602312102913857 29.187452062964439 19.801521629095078 20.75621785223484 20.301437303423882 18.863449141383171 23.996777385473251 23.749388247728348 28.152115136384964 12.731146015226837 14.313865333795549 18.042648073285818 20.100363627076149 10.175932604819538 15.663280099630356 12.711711846292021 12.495723575353621 15.283897727727888 19.13905043900013 17.171177931129932 14.879920020699503 17.811293181031942 22.550400450825691 23.004625074565411 31.305382132530212 18.199035003781319 15.850910343229769 11.790473405271767 11.059166818857191 10.765201997011898 11.857724726200102 18.4407122656703
leaf_count=95 140 149 119 91 138 146 104 140 87 114 137 155 75 86 123 144 89 101 91 86 106 111 134 78 79 130 88 95 102 91 72 116 88 85 75 137 105 109 145 83 88 91 86 108 96 139
internal_value=0 -0.011434 0.00491025 0.00227559 0.00403626 0.00219356 -0.00247888 0.00609193 -0.00872438 0.0227684 0.0117403 -0.00430234 -0.00879907 -0.0159754 0.0151958 0.00797174 0.0101306 0.0283872 0.00593729 0.0125242 0.000860301 0.0220759 0.0142419 -0.0027512 -0.0123305 -0.0124504 -0.0124489 -0.0286208 -0.0259137 -0.0159613 -0.000713009 -0.0385657 0.00137635 -0.00632408 0.00374049 -0.0240321 -0.00522332 -0.0106179 -0.00198963 0.0416938 0.0166129 -0.0364648 -0.0324017 -0.039327 -0.0461637 -0.0539949
internal_weight=0 329.84 598.376 522.428 496.918 466.506 217.603 368.888 161.161 75.9479 52.7118 141.811 123.819 92.6947 56.4415 349.526 320.339 58.7568 261.582 164.42 74.5159 89.904 71.0406 57.0244 42.7083 97.6177 44.0971 112.237 28.3944 50.5252 26.7543 61.7118 47.2912 79.5751 47.902 33.0952 97.1618 76.8604 53.8558 38.0006 30.7308 35.6703 23.7709 19.3509 23.8798 28.6166
internal_count=5047 2164 2883 2513 2373 2235 1333 1711 1061 370 251 866 762 607 272 1620 1476 273 1203 753 334 419 333 334 259 524 194 831 180 344 167 487 222 394 248 253 450 359 250 172 163 273 177 195 182 234
is_linear=0
shrinkage=0.05


Tree=40
num_leaves=45
num_cat=0
split_feature=283 137 116 51 289 99 279 40 30 119 31 282 201 99 44 118 48 36 31 114 29 39 41 107 59 2 8 299 107 299 32 34 284 108 31 189 227 263 42 285 157 36 286 288
split_gain=22.1229 21.2028 14.9728 14.2186 12.8272 11.7029 10.5984 10.3288 11.0743 9.57541 8.88251 8.57824 8.33095 7.68874 7.4475 7.13 6.54613 5.92532 7.54229 7.3093 5.79306 5.48711 8.4277 5.65561 5.35963 7.9736 7.16221 5.10271 4.88134 4.82579 12.5401 4.41187 4.35657 4.21284 4.13486 3.91237 3.88749 3.68759 3.24178 2.38867 2.29926 1.73607 1.97446 0.955104
threshold=-0.051315789473684204 30.500000000000004 25.000000000000004 7.5000000000000009 0.16587474750015932 7.3750000000000009 -2.6372254349237845 2.2500000000000004 -0.33146853146853134 7.6250000000000009 -0.2113043478260869 -2.2499999999999996 1.1250000000000002 6.1250000000000009 12.500000000000002 0.14584999999999984 3.5911767021779197 0.93932253824398948 0.80608695652173934 145.00000000000003 0.34285714285714275 0.47727272727272735 9.5000000000000018 105.62500000000001 78.500000000000014 80.250000000000014 67.500000000000014 9.6249999999999947 110.62500000000003 10.936586624551838 1.0247104247104251 -0.77449577449577467 1.9148550724637683 6.2500000000000009 1.150434782608696 48.500000000000007 46.500000000000007 83.456861022353579 10.500000000000002 11.687500000000002 3.2500000000000004 0.71793599907333816 0.1586149741293966 -0.59176244063315286
decision_type=2 2 2 2 2 2 2 2 2 2 2 2 2 2 2 2 2 2 2 2 2 2 2 2 2 2 2 2 2 2 2 2 2 2 2 2 2 2 2 2 2 2 2 2
left_child=2 3 34 7 10 15 -7 8 9 -2 32 13 -13 -12 -3 -6 29 -14 33 21 -17 23 28 -20 40 26 -26 37 -23 38 -31 -15 -4 -19 -1 -33 -16 -27 41 -36 -8 -10 -43 -44
right_child=1 14 4 -5 5 6 24 -9 16 -11 11 12 17 31 36 20 -18 18 19 -21 -22 22 -24 -25 25 27 -28 -29 -30 30 -32 35 -34 -35 39 -37 -38 -39 -40 -41 -42 42 43 -45
leaf_value=-0.00077763565093491496 0.016617987563364748 0.03871511311728755 0.008881325626720055 0.012448193410918972 0.019529423991292989 -0.0096189886871071734 0.029260092008157008 0.017170918225008564 -0.020796581998648173 -0.02744828243857797 0.029788170716103426 0.020674961215435345 0.017750327849799873 -0.014394098234127154 0.018601417381184551 0.0066034643949461182 0.0017037562164227572 -0.049630332133070922 -0.036198304409112564 -0.036042608802800156 -0.028766789315752835 0.0039545830473834412 -0.014124483897138341 0.0024294940975491505 0.023723754372713443 0.037776083140146126 -0.015941536440796326 0.052050221138870062 0.041939649150516428 -0.038335237024823332 0.02074515454473835 0.02823268861708534 0.041535801844741455 -0.015092113046350004 -0.042586835337252577 -0.0029948325377231804 -0.015587359112495508 0.0055839569622113333 -0.017879642703977829 -0.016083193512781258 0.058459312656992828 -0.027348900604359044 -0.035964971176337485 -0.054272742094027174
leaf_weight=20.237168855965137 26.403152488172054 22.217016033828259 26.052602328360081 34.706876493990421 27.549019306898117 19.877867922186852 16.250957161188126 15.289377991110085 10.661835961043833 21.426658913493156 31.702285572886467 21.20100075006485 14.460907287895678 28.582176528871059 15.387835271656513 21.198837265372276 14.135765694081782 19.674956433475018 18.682218767702579 18.863731138408184 23.714265190064907 17.14019687473774 26.501424185931683 18.046014979481697 25.287222471088171 16.895255871117115 19.155046530067921 24.51335221529007 16.151883989572525 24.226037576794624 13.155970901250837 17.165979541838169 16.61459743976593 17.567510388791561 16.610694825649261 22.013625159859657 15.883559130132198 18.5039077475667 17.574876230210066 20.356608144938946 18.518939450383186 17.069840274751186 19.512919716536992 46.418726846575744
leaf_count=97 126 102 122 156 137 92 82 86 61 113 145 110 75 133 80 102 85 103 116 129 116 91 139 111 119 78 88 115 84 139 86 80 83 88 90 101 87 85 113 124 92 143 165 452
internal_value=0 -0.0111822 0.00508835 -0.0170643 0.00757742 0.0165764 0.0241261 -0.0216339 -0.0245191 -0.00328054 0.00124254 -0.0019397 -0.00820108 0.00987701 0.0172608 -9.27679e-05 -0.0307025 -0.0119662 -0.0148789 -0.00841595 -0.0122919 -0.00270251 0.00662303 -0.0176576 0.0289817 0.0229247 0.00665304 0.0346874 0.0230689 -0.0337755 -0.0175441 0.000263864 0.022257 -0.0341591 -0.0190704 0.0110492 0.00129114 0.0215643 -0.0390252 -0.0288002 0.0460115 -0.0427622 -0.0453025 -0.0494727
internal_weight=0 314.07 619.09 260.582 561.886 231.465 159.003 225.875 210.586 47.8298 330.421 287.754 188.29 99.4641 53.4884 72.4621 162.756 167.089 152.628 115.385 44.9131 96.5217 59.7935 36.7282 139.125 104.355 44.4423 59.9125 33.2921 148.62 37.382 67.7618 42.6672 37.2425 57.2045 39.1796 31.2714 35.3992 111.238 36.9673 34.7699 93.6633 83.0015 65.9316
internal_count=5121 1994 3127 1725 2816 1106 751 1569 1483 239 1710 1505 1046 459 269 355 1244 936 861 670 218 541 314 227 659 485 207 278 175 1159 225 314 205 191 311 181 167 163 934 214 174 821 760 617
is_linear=0
shrinkage=0.05


Tree=41
num_leaves=47
num_cat=0
split_feature=119 282 30 15 40 289 22 118 279 155 286 165 107 283 260 273 89 142 32 279 279 286 30 171 190 32 32 154 155 157 39 282 54 260 32 30 260 287 37 202 288 288 284 8 284 227
split_gain=19.1787 22.3433 16.5351 10.0728 10.3519 9.78547 9.26569 8.63986 8.60723 7.99967 7.96204 7.84006 7.28225 6.89122 6.78666 6.48796 8.89459 6.65488 6.29839 6.04335 5.9275 5.49906 7.20083 8.00135 5.17526 5.76392 5.16089 5.32405 5.64188 5.10223 4.99868 4.89479 4.60411 4.55154 4.39567 8.15927 5.88343 4.60468 3.87414 3.61579 3.36514 2.83533 2.47782 2.25063 1.88947 0.206133
threshold=6.1250000000000009 1.0000000180025095e-35 1.2377622377622381 7.5000000000000009 1.2500000000000002 -0.83375966452616657 0.12500000000000003 0.37500000000000006 -1.9314438166372132 62.500000000000007 0.14820180906686861 3.2500000000000004 166.87500000000003 0.24404761904761907 -8.1515552568245691e-16 81.743880416692647 73.125000000000014 4.5000000000000009 1.43938223938224 -2.368895974405524 -1.0350621928229879 0.67529870192062258 -0.27272727272727254 2.5000000000000004 3.5000000000000004 1.5169593717757988 0.72818532818532844 26.750000000000004 13.500000000000002 6.5000000000000009 0.47727272727272735 -2.7499999999999996 792.50000000000011 4.4297199895362942 1.1667953667953672 0.39860139860139882 2.4655292867979539 0.99999999939874684 0.37500000000000006 11.500000000000002 0.78325454425165997 -0.33425342068356556 1.3484848484848486 32.500000000000007 1.6306818181818186 2.5000000000000004
decision_type=2 2 2 2 2 2 2 2 2 2 2 2 2 2 2 2 2 2 2 2 2 2 2 2 2 2 2 2 2 2 2 2 2 2 2 2 2 2 2 2 2 2 2 2 2 2
left_child=11 3 6 4 9 7 14 -6 21 10 -2 13 26 19 -3 18 17 -17 -10 -1 33 31 -23 -24 25 -12 -7 28 40 -21 -26 -5 -16 44 36 -36 -33 -37 -31 -19 -28 -32 43 -4 -8 -44
right_child=1 2 42 8 5 12 20 -9 15 -11 24 -13 -14 -15 32 16 -18 39 -20 29 -22 22 23 -25 30 -27 27 -29 -30 38 41 34 -34 -35 35 37 -38 -39 -40 -41 -42 -43 45 -45 -46 -47
leaf_value=-0.004798477447057482 0.026352561981629798 0.026137109225170818 -0.0089019461335526108 0.0090641392762134676 0.013033617553661517 0.0076379882270056878 -0.052494104837899007 -0.03107783196656785 0.0079807348296466862 0.025525035813985571 0.01368962598448932 0.049583258948557529 -0.0021962772548833544 -0.015853295965797529 0.0069055256602324104 0.0048617181405699117 -0.014981014803681237 0.018371221422604316 -0.031845068830017566 0.0076884982919008353 0.0071309182988800518 0.028926295320736557 0.0077385922445559075 -0.038366118867811459 -0.038899711087470451 -0.019885088739932107 0.040888268494394801 0.011212995704155149 0.060599646204411085 0.051966764793517695 -0.023395431404339237 -0.049834649619293556 -0.021251859004757193 -0.0085092381325253697 0.016362508445564541 -0.043488466018832335 -0.013847330182821766 -0.0087378417478445308 0.018667928022734256 0.053107946301907773 0.01208034871239462 0.0046855620616131138 -0.034826472660532237 -0.042826207107599934 -0.023237421723538307 -0.05712751203418414
leaf_weight=19.884510323405266 14.439273029565809 20.553521193563938 10.041054200381042 13.516861110925673 26.095729157328606 26.896706059575081 19.522216338664297 17.842865869402885 19.096856348216534 20.681647628545761 29.761429265141487 16.615323357284069 25.753941148519516 16.354496255517006 29.254410684108734 30.928635228425264 21.361150987446308 15.825014531612394 18.978180941194296 23.226352594792843 11.630311314016579 15.054605700075625 22.715294159948826 14.752675697207449 24.361942671239376 20.872184071689844 23.37003581225872 22.194155126810074 22.189772680401802 20.809039480984211 16.760237500071526 24.848309367895126 27.122327856719494 14.595410738140343 16.451388344168663 17.084179975092411 22.131422020494938 21.522731326520443 17.407812185585499 16.618107289075851 19.345914579927921 17.641665145754814 7.9462677836418179 9.9362296275794488 11.092637006193398 21.293133806437254
leaf_count=97 72 98 100 65 120 126 158 82 88 93 142 80 130 85 135 158 124 82 127 113 70 74 128 85 123 118 109 100 100 106 80 141 132 97 95 136 121 152 84 90 88 84 91 86 80 207
internal_value=0 -0.0030616 -0.0183604 0.00148264 0.00747618 0.0153202 -0.00909929 -0.00517239 -0.00528236 -0.00253069 -0.00738314 0.0187457 0.0217542 0.013051 0.00224069 0.00475877 0.0124222 0.0217484 -0.0121771 0.0189855 -0.0242207 -0.0126038 0.000813754 -0.0109402 -0.0120343 -0.000267614 0.0271371 0.0330035 0.0401714 0.0266361 -0.0219988 -0.0186571 -0.00677503 -0.0322656 -0.0223816 -0.0124461 -0.0335235 -0.0248253 0.0376619 0.0372201 0.028416 -0.00926961 -0.0428495 -0.0270123 -0.0429639 -0.052419
internal_weight=0 802.08 182.988 619.093 328.207 183.689 133.771 43.9386 290.885 144.518 123.837 114.298 139.751 97.6822 76.9303 122.808 84.7329 63.3718 38.075 81.3277 56.8406 168.077 52.5226 37.468 109.397 50.6336 113.997 87.0999 64.9057 61.4432 58.7638 115.555 56.3767 45.2103 102.038 55.0583 46.9797 38.6069 38.2169 32.4431 42.716 34.4019 49.2167 19.9773 30.6149 29.2394
internal_count=5052 4487 1254 3233 1567 855 770 202 1666 712 619 565 653 485 365 669 454 330 215 400 405 997 287 213 547 260 523 397 297 303 287 710 267 335 645 383 262 288 190 172 197 164 484 186 238 298
is_linear=0
shrinkage=0.05


Tree=42
num_leaves=49
num_cat=0
split_feature=32 282 47 285 289 30 5 3 0 282 6 274 118 232 12 235 48 146 108 54 154 97 200 83 156 148 8 157 287 214 286 154 287 55 6 12 55 50 111 96 291 41 88 232 145 274 32 83
split_gain=15.8572 16.1963 10.1959 9.55277 9.16253 11.9854 14.0097 8.28289 9.42203 8.35602 7.88462 7.86078 6.40123 6.33935 6.308 7.13275 6.30195 7.11146 6.9896 6.38272 6.13107 8.79202 6.00701 5.94091 5.65718 5.6019 6.82066 5.52961 5.57158 5.08421 5.04147 5.00364 4.98609 4.92387 4.62178 4.42954 4.74225 4.29843 4.78794 3.96206 3.93339 3.84291 3.64902 3.56324 3.27599 2.73655 2.01378 0.577898
threshold=1.9220077220077225 -2.2499999999999996 -2.1713018365902665 12.312500000000002 0.1318557721318592 0.16783216783216778 79.500000000000014 78.250000000000014 81.500000000000014 0.75000000000000011 72.500000000000014 -1.8497165551031129 1.1250000000000002 3.2500000000000004 0.14583333333333334 39.500000000000007 0.31470547470547477 1.1666500000000002 11.250000000000002 842.50000000000011 7.2500000000000009 6.6875000000000009 1.0000000180025095e-35 80.500000000000014 3.5000000000000004 31.500000000000004 67.500000000000014 5.5000000000000009 0.99999995009669085 1.5000000000000002 0.59050901476481876 20.750000000000004 0.99999999999999378 742.50000000000011 78.250000000000014 0.062500000000000014 787.50000000000011 0.96810234689492647 105.00000000000001 71.500000000000014 0.87228260869565222 7.5000000000000009 0.87500000000000011 14.750000000000002 46.500000000000007 -1.9099416345565101 0.064092664092664134 70.500000000000014
decision_type=2 2 2 2 2 2 2 2 2 2 2 2 2 2 2 2 2 2 2 2 2 2 2 2 2 2 2 2 2 2 2 2 2 2 2 2 2 2 2 2 2 2 2 2 2 2 2 2
left_child=1 3 -2 14 7 25 13 46 10 12 -9 35 20 41 15 30 -4 47 27 29 -10 23 37 -22 -13 26 32 28 -19 -20 -1 -24 -6 -26 -25 -8 -37 -23 -39 -12 -28 -7 -40 -15 -32 -11 -3 -18
right_child=2 4 16 -5 5 6 11 8 9 45 39 24 -14 43 -16 -17 17 18 19 -21 21 22 31 34 33 -27 40 -29 -30 -31 44 -33 -34 -35 -36 36 -38 38 42 -41 -42 -43 -44 -45 -46 -47 -48 -49
leaf_value=0.0051560194991000143 0.016201200404249754 -0.016133938375788571 -0.048303123734366384 0.043322714754178267 0.0086254305177177071 -0.017620537529551668 0.013684712140980763 -0.0097600484252150406 0.019014408220262704 -0.049667956655718798 0.044377954147112507 0.044230411222597084 -0.03363726394213231 -0.049024033603833332 -0.015279609920155252 -0.0060021521173088893 -0.026849209900595434 -0.03826349168342489 -0.01538661970289623 0.0032240300849682548 0.034652421364873488 0.018019936867206703 -0.0077426992252543868 -0.015798006694324403 -0.0099634800983979099 0.03901097637067736 -0.010251793674824138 0.01952243237680908 0.0089666327352510324 -0.056038102941951065 0.045948597668856617 -0.047860575378995796 0.042478587688591529 0.024569177932023657 0.015415510205320317 -0.033451049973631228 0.0039267777192212626 0.0046527677861831745 -0.0097424588644360703 0.010826038919797189 0.018160566139246544 0.015765787512357302 -0.040454909066429338 -0.018611027895784209 0.016358303125441311 -0.015709704970721227 -0.043592871141834799 -0.049557512863639477
leaf_weight=21.668484777212143 21.713287014514208 14.280373111367227 16.584814168512821 28.399434380233288 21.769391462206841 17.9729906283319 18.303556613624096 21.519285622984171 27.280574880540371 13.620111525058748 17.531139992177486 17.396462738513947 17.135437928140163 17.078814845532179 18.161365270614624 25.133557237684727 9.8536541946232337 10.847285728901626 16.855135146528486 15.330280270427464 15.637968536466358 13.527802884578703 13.366546161472796 22.821152128279209 16.824260495603085 23.558509394526482 34.068875998258591 25.13271302357316 12.563706845045088 14.998185839504002 25.859103053808212 19.194259665906429 22.091442912817001 24.037901185452938 22.617768920958042 17.47381841391325 15.345408145338295 25.950914233922958 24.46004132181406 18.388266421854496 17.66485707461834 14.812645532190798 16.015095718204975 25.191943217068911 16.828293338418007 12.227323990315197 15.542278092354534 12.005832493305205
leaf_count=96 124 66 125 145 101 108 84 120 149 105 85 81 92 91 94 115 85 105 107 114 82 78 83 126 84 107 157 150 73 106 120 112 104 117 123 93 79 148 143 85 82 74 96 141 81 87 99 93
internal_value=0 0.00241044 -0.0150268 0.0179984 -0.000953918 0.00531088 -0.00268089 -0.00669662 -0.00415622 -0.00844942 0.0139032 0.0087119 -0.00518217 -0.0191801 0.0109803 0.0164196 -0.020163 -0.0158202 -0.0097192 -0.0232151 -0.0026002 -0.00608647 -0.0143325 0.00909033 0.0211151 0.0176008 0.0119751 0.0036024 -0.013588 -0.0356505 0.025134 -0.0321132 0.0262431 0.0104526 -0.000263718 -0.0055565 -0.0163748 -0.00678413 -0.0120279 0.0279602 -0.000389779 -0.00251632 -0.0225771 -0.0317479 0.0349249 -0.0347872 -0.0313944 -0.0409436
internal_weight=0 770.757 155.885 136.05 634.707 303.591 184.438 331.116 301.294 243.855 57.4387 109.381 218.008 75.0564 107.651 89.4894 134.172 117.587 95.7273 47.1836 200.872 173.592 112.515 61.0769 58.2586 119.153 95.5946 48.5437 23.411 31.8533 64.3559 32.5608 43.8608 40.8622 45.4389 51.1228 32.8192 79.9539 66.4261 35.9194 51.7337 32.7856 40.4751 42.2708 42.6874 25.8474 29.8227 21.8595
internal_count=5115 4033 1082 651 3382 1503 952 1879 1714 1424 290 538 1232 414 506 412 958 833 655 327 1140 991 660 331 282 551 444 328 178 213 297 195 205 201 249 256 172 465 387 170 239 182 239 232 201 192 165 178
is_linear=0
shrinkage=0.05


Tree=43
num_leaves=49
num_cat=0
split_feature=10 283 10 137 291 287 7 115 31 30 30 261 34 261 110 53 48 287 275 29 279 104 8 190 286 101 33 115 232 6 0 286 279 98 283 2 220 29 54 156 287 198 198 155 284 95 14 33
split_gain=23.2041 15.1367 10.3756 9.1474 8.65128 12.8386 8.84441 8.1976 8.509 8.47014 7.97628 7.87202 8.88266 7.74515 9.63344 7.54658 7.76283 7.51568 7.8496 7.48162 7.1045 8.308 7.08987 9.28816 6.9667 6.54323 5.63734 5.40048 5.03556 4.98171 4.93028 6.72566 4.6087 4.59663 8.53801 4.41886 4.07257 3.76831 3.76128 3.60429 3.19023 2.32998 2.32034 3.67799 2.12152 0.42939 0.25353 0.189683
threshold=0.12500000000000003 0.093073593073593086 0.54166666666666685 31.500000000000004 0.96871945259042047 0.99999999881779633 12.500000000000002 205.00000000000003 0.3862877830526999 0.12587412587412583 2.1909090909090918 5.0000000000000009 0.079963279963279968 5.0000000000000009 103.12500000000001 7.5000000000000009 2.0996769164005915 0.9999999998844139 81.576151590999373 -1.1999999999999993 -1.4911298028101621 2.5000000000000004 47.500000000000007 2.2500000000000004 0.35128761700894834 11.500000000000002 -2.1204633204633199 85.000000000000014 48.250000000000007 77.250000000000014 78.250000000000014 0.41927310776564108 -1.9499945416654219 0.31250000000000006 -0.2240143369175627 81.250000000000014 7.5000000000000009 0.34285714285714314 782.50000000000011 32.500000000000007 0.9999999998125314 14.625000000000002 2.8750000000000004 8.5000000000000018 1.5419580419580423 72.500000000000014 0.097222222222222224 -0.70727181161963759
decision_type=2 2 2 2 2 2 2 2 2 2 2 2 2 2 2 2 2 2 2 2 2 2 2 2 2 2 2 2 2 2 2 2 2 2 2 2 2 2 2 2 2 2 2 2 2 2 2 2
left_child=4 2 7 42 6 22 11 8 9 32 13 15 30 14 27 16 35 -15 -19 -18 21 -9 23 -6 -17 -12 -16 -10 -21 -29 31 -13 -2 -28 -35 -1 37 -7 41 -30 -14 -4 43 47 -23 -46 -44 -3
right_child=1 3 38 -5 5 36 -8 20 10 -11 25 12 40 17 26 24 19 18 -20 28 -22 44 -24 -25 -26 -27 33 29 39 -31 -32 -33 -34 34 -36 -37 -38 -39 -40 -41 -42 -43 46 -45 45 -47 -48 -49
leaf_value=-0.0053078859867128157 -0.019719069278676744 -0.026711428582832486 -0.027107449618309659 0.010542558553591742 -0.030873220287946136 0.041028739237665736 -0.026299513071866176 0.0078805888695394552 0.013660486424713084 -0.042108707696752345 -0.028195292512990001 -0.0018398464604050529 0.011020003621492648 -0.0028972949163306718 0.04300194555541921 0.039072023207935111 0.029317121394233543 0.014181758060271811 0.052956124949434559 -0.024019603461862635 0.0069912860004883899 -0.019708276896584095 0.030229601269600115 0.012285180717921973 0.00041641393849955392 0.012753872491319367 -0.014539862362395484 -0.034053661032425527 0.019658253392832625 -0.001962574586278798 0.043421996876608547 0.038497661422124477 0.015989408351645685 0.046984898612880778 -0.0061143611118172547 -0.037178621429957974 0.054333048953051383 0.012448405549526269 -0.043609644728259095 -0.0099456352321382908 -0.01850928071605111 0.0032136895304508621 -0.033402471555576699 5.3515632525305562e-05 -0.032965430711656953 -0.053406269879826246 -0.054837849424189559 -0.047372654185175167
leaf_weight=19.336414411664009 15.998138926923273 7.8228192292153862 12.934549830853941 10.82456351071596 21.274211402982473 21.01891703158617 22.272888794541359 13.974586814641951 16.383463352918625 18.41657767444849 26.100203029811382 23.833303868770599 17.329967327415943 19.879272606223822 14.773002348840235 18.58911819756031 18.332856804132462 28.43732813000679 24.83574852347374 23.462925180792809 23.899740431457758 16.114612843841314 16.472685039043427 27.437749356031418 28.834672391414642 14.507102757692335 14.451482594013212 24.731093890964985 19.363081716001034 23.061935991048813 26.985148057341576 17.128148376941681 18.292627483606339 13.349894903600214 15.597122423350813 25.03388973325491 17.972788527607918 26.952151909470558 18.906695336103439 19.871897414326668 17.322112232446671 11.268542669713495 8.7450537644326705 8.8080760501325113 13.506723672151567 13.171059992164372 18.621897928416729 8.5468141101300734
leaf_count=99 80 80 79 64 128 97 120 77 91 95 159 115 87 102 72 83 82 132 112 115 146 116 80 136 130 81 86 138 94 135 129 82 83 66 109 125 85 130 151 93 81 81 82 68 89 76 185 93
internal_value=0 -0.00795892 -0.00442905 -0.0305157 0.00805943 0.0187098 0.00332126 -0.00168805 0.00225959 -0.0157207 0.00632278 0.00580311 0.0167014 0.0105114 0.00275935 -0.000725588 -0.00715133 0.0232648 0.0329009 0.00209571 -0.0156766 -0.0251759 0.00286892 -0.00680548 0.0160626 -0.0136111 0.0173454 -0.0105252 -0.00619913 -0.0189261 0.0270843 0.0155429 -0.000756849 0.00784002 0.0191254 -0.0237126 0.0340915 0.0255532 -0.0273505 0.00478982 -0.00384642 -0.0134231 -0.0390129 -0.0262591 -0.0359045 -0.0446222 -0.0494072 -0.0396052
internal_weight=0 475.961 412.592 63.3692 428.825 131.129 297.696 369.482 288.815 52.7073 236.108 275.424 102.599 195.5 122.348 172.825 125.401 73.1523 53.2731 81.0308 80.6667 56.767 65.1846 48.712 47.4238 40.6073 58.1715 64.1765 62.6979 47.793 67.9466 40.9615 34.2908 43.3985 28.947 44.3703 65.9439 47.9711 43.1098 39.235 34.6521 24.2031 52.5447 25.1777 42.7924 26.6778 27.367 16.3696
internal_count=5019 2928 2356 572 2091 656 1435 2045 1541 258 1283 1315 494 1043 697 821 608 346 244 384 504 358 344 264 213 240 333 364 302 273 326 197 163 261 175 224 312 227 311 187 168 160 508 241 281 165 267 173
is_linear=0
shrinkage=0.05


Tree=44
num_leaves=48
num_cat=0
split_feature=16 262 283 9 113 282 30 32 279 109 283 299 139 143 105 198 4 2 32 232 287 284 74 30 113 227 148 277 74 36 85 288 71 289 220 220 32 234 157 289 209 209 195 104 287 43 285
split_gain=14.7556 13.3118 10.57 10.75 10.7467 9.94872 9.67784 9.6535 8.40875 10.2947 7.91807 7.87405 7.75337 6.83535 6.34283 7.61408 6.31813 7.02055 8.48119 7.72663 7.57308 7.50514 6.70139 9.20069 6.51836 6.14036 7.70684 5.55237 5.45524 5.3841 7.65178 5.1084 4.87667 11.0074 5.0759 4.69131 4.51834 4.23966 4.2203 4.10593 2.99328 2.86123 2.53287 2.35229 2.13634 2.09493 1.34749
threshold=0.29166666666666669 5.0000000000000009 0.43303571428571436 2.7500000000000004 35.000000000000007 -3.7499999999999996 0.92517482517482541 2.272586872586873 -2.0150907694378093 141.25000000000003 -0.2240143369175627 9.3749999999999964 35.500000000000007 2.6250000000000004 8.5000000000000018 6.1250000000000009 78.625000000000014 80.750000000000014 0.97915057915057946 531.75000000000011 5.0220062436022879e-07 1.3205128205128207 5.7500000000000009 1.573426573426574 105.00000000000001 27.500000000000004 26.500000000000004 -1.6631262321995923 6.7500000000000009 0.94668831308073165 88.500000000000014 -0.24372957273992746 73.500000000000014 0.29958852271690523 4.5000000000000009 3.5000000000000004 0.16988416988416993 56.500000000000007 7.5000000000000009 0.69521084835931835 1.6250000000000002 1.0000000180025095e-35 6.5000000000000009 3.5000000000000004 0.99999995009669085 1.0000000180025095e-35 13.437500000000002
decision_type=2 2 2 2 2 2 2 2 2 2 2 2 2 2 2 2 2 2 2 2 2 2 2 2 2 2 2 2 2 2 2 2 2 2 2 2 2 2 2 2 2 2 2 2 2 2 2
left_child=1 5 3 4 13 -1 12 16 9 10 -6 41 32 -3 -10 27 36 -18 21 20 -20 -19 40 25 -25 -24 28 31 -27 -23 37 -16 -2 34 45 -17 -7 -31 -13 -35 -22 -8 -5 -43 -9 -34 -29
right_child=6 2 -4 42 8 7 11 44 14 -11 -12 38 -14 -15 15 35 17 18 19 -21 22 29 23 24 -26 26 -28 46 -30 30 -32 -33 33 39 -36 -37 -38 -39 -40 -41 -42 43 -44 -45 -46 -47 -48
leaf_value=0.026937227133407862 -0.027472522812205677 -0.038972231579430208 -0.023375223162502512 0.02431994961277827 0.036111236667020534 -0.00097602485545681772 -0.015646437786421722 -0.046908299444301756 -0.0027891641871041362 -0.02642750222559901 -0.0081770216253493587 -0.020570129771884056 0.021996892799432146 0.0088992281050016466 0.040505276221818126 0.025035768511842978 0.024502239166529459 -0.040783475719673459 -0.022193951091886283 -0.027805787942564421 0.0059549471678532039 0.014858728117151913 0.029911614354487581 0.054242516620382 0.013790283897131536 -0.035044248453959086 0.020831968702072809 0.061761958744043582 0.0004693901350300011 -0.037807806975890645 0.0094644098987993336 0.0024031617944432759 -0.045830451501041536 0.034445911500121711 0.0037123184679327633 -0.0071343326328856295 -0.038627423260248171 -0.0068089754628053254 0.019800759856967675 0.001074962675637078 -0.022612252390091615 -0.019485928892538251 0.053635756519048422 -0.048976650557393621 -0.01721965538647793 -0.015525131497373596 0.037371654802379389
leaf_weight=27.390822380781174 24.788251250982285 15.406021621078255 18.448162298649549 17.009923085570335 20.194534361362457 13.972301274538042 16.593472555279732 12.369168128818275 21.814790658652782 22.748326145112514 18.686447024345398 11.936114843934776 24.831037357449532 13.105996020138262 16.27376826107502 22.669812452048063 26.877646416425705 18.775399535894394 18.65673403814435 16.153524272143841 17.415788717567921 21.275127746164799 21.081789165735245 20.799663551151752 20.008965913206339 16.139900982379913 26.313460655510426 16.868368372321129 29.225854255259037 26.425813116133213 23.610777132213116 18.199798669666052 13.864901486784222 17.193917356431484 14.216125659644602 21.073752745985985 17.707936938852072 19.325948119163513 11.958694584667681 18.817667495459318 17.619993172585964 11.155107270926235 17.880409330129623 29.636484120041132 14.534108925610779 11.70380526781082 20.312828782945871
leaf_count=123 153 114 106 91 92 66 137 99 120 125 86 92 131 66 79 108 135 105 117 77 80 108 101 102 100 80 117 77 154 130 115 89 121 83 103 102 111 91 84 90 83 99 98 275 90 87 98
internal_value=0 0.00390887 0.012341 0.0149328 0.0108616 -0.00166713 -0.011249 -0.00369682 0.0149826 -0.000370826 0.0151547 -0.024576 -0.00248595 -0.0174114 0.0218313 0.0264695 -0.00156151 0.000457187 -0.00168021 0.00435687 0.00726424 -0.0128419 0.0106355 0.0157184 0.0352125 0.00685816 -0.000240427 0.0364174 -0.0126487 -0.00667195 -0.0133932 0.0210246 -0.00868699 -0.00226569 -0.0201547 0.00972454 -0.0225596 -0.0251393 -0.000381829 0.0175083 -0.00864072 -0.0344712 0.0404194 -0.0415712 -0.0320614 -0.033065 0.0497648
internal_weight=0 706.374 280.693 262.245 227.354 425.681 206.696 398.29 198.842 61.6293 38.881 81.2799 125.416 28.512 137.213 115.398 371.387 339.706 312.829 203.416 187.262 109.413 168.605 133.57 40.8086 92.761 71.6792 71.6548 45.3658 90.6377 69.3625 34.4736 100.585 75.7964 39.7848 43.7436 31.6802 45.7518 23.8948 36.0116 35.0358 57.3851 34.8903 40.7916 26.9033 25.5687 37.1812
internal_count=5090 3635 1451 1345 1156 2184 1455 2061 976 303 178 687 768 180 673 553 1872 1695 1560 1011 934 549 817 654 202 452 351 343 234 444 336 168 637 484 311 210 177 221 176 173 163 511 189 374 189 208 175
is_linear=0
shrinkage=0.05


Tree=45
num_leaves=47
num_cat=0
split_feature=9 51 283 36 291 50 289 74 287 7 289 101 101 72 4 289 32 98 199 39 280 154 89 63 71 55 101 110 46 108 124 6 30 263 8 299 227 29 36 57 10 289 289 275 39 192
split_gain=14.1989 13.1808 17.8813 12.5933 8.07982 7.98353 7.48279 11.8703 10.2995 11.901 10.0505 9.08516 8.51802 8.12967 7.46461 6.75983 8.2578 6.15357 6.93589 9.32067 6.15248 5.9636 9.49404 5.85764 5.6981 5.66263 5.50203 5.344 5.22278 5.50536 5.11752 4.55459 4.32188 5.89832 5.8778 5.53175 4.07322 3.72588 3.61531 3.47869 3.47228 3.3744 3.21288 2.34234 2.22027 0.211009
threshold=2.2500000000000004 2.5000000000000004 -0.065591397849462343 1.4978845523509778 0.72902097902097907 0.64047936085219714 0.68274389090025245 5.7500000000000009 0.99999976100830723 13.250000000000002 -0.54219087765047058 12.500000000000002 12.500000000000002 82.250000000000014 79.750000000000014 0.080547328232315238 1.1058369293663413 0.31250000000000006 84.500000000000014 0.63068181818181823 90.391383790692416 53.750000000000007 70.125000000000014 86.750000000000014 77.500000000000014 847.50000000000011 10.500000000000002 100.71430000000002 172.50000000000003 8.7500000000000018 5.5000000000000009 69.250000000000014 0.16783216783216801 81.208891531301944 97.500000000000014 6.8749999999997007 46.500000000000007 1.5428571428571434 1.0150764990936214 12.250000000000002 0.12500000000000003 -0.54219087765047058 -0.34234976856068178 88.227938454691909 0.35681818181818187 12.250000000000002
decision_type=2 2 2 2 2 2 2 2 2 2 2 2 2 2 2 2 2 2 2 2 2 2 2 2 2 2 2 2 2 2 2 2 2 2 2 2 2 2 2 2 2 2 2 2 2 2
left_child=1 2 6 15 23 -3 7 12 10 17 20 14 25 -14 28 16 40 39 19 27 -9 22 -6 -2 44 30 -18 -19 29 -8 -1 -11 33 -17 35 -34 37 -12 -13 -10 -4 -26 -21 -32 -5 -42
right_child=4 5 3 24 21 -7 11 8 9 31 36 38 13 -15 -16 32 26 18 -20 42 -22 -23 -24 -25 41 -27 -28 -29 -30 -31 43 -33 34 -35 -36 -37 -38 -39 -40 -41 45 -43 -44 -45 -46 -47
leaf_value=-0.0095610332698746643 0.012588493663653355 -0.0007788098268760186 -0.017237841495084671 -0.020633024096772631 0.035599827215431187 0.042839488373555168 0.017850966871611647 0.025541291978016658 -0.029882702457777129 0.014971940420092356 0.0030321414978027247 0.014027214054221452 -0.025171272315975997 0.018167966212084448 0.021144852574617727 0.031992305558311653 -0.021180986983672278 0.012723770219226544 -0.012461168427814931 -0.015629172439093991 -0.01244382244226348 0.047769879110423442 -0.0055495019574634584 -0.022702006919928738 -0.032232024674640834 -0.0031648554889124251 0.023053215646637093 0.053711502689360813 -0.029555959422316452 -0.017252361527024248 -0.053656838586113635 0.049581245659065618 -0.021834951625681501 -0.0044152061151554933 -0.035010134027292715 0.01433476775873063 -0.044569620081865831 -0.030954648377314903 0.045252624919653095 0.0013228103761614507 -0.052763715337105423 0.0064973491732590264 0.014288508869488046 -0.025727756077820591 -0.052931378258385592 -0.03376322773324409
leaf_weight=15.983926706016062 29.311215199530125 18.528167322278023 22.679892808198929 8.5551020391285402 28.358892388641834 23.077277921140194 23.129070796072483 21.378152184188366 17.621341064572334 19.033093638718128 15.705134235322477 19.025867938995361 16.573675245046616 27.166989021003246 32.68107932806015 18.050312109291553 12.432150192558767 14.873278766870497 25.346984274685383 16.994050934910774 19.499422036111355 20.308311738073826 26.375843435525894 18.213195234537125 10.58788773044944 20.166285656392574 13.757927216589449 18.312528975307941 18.461474440991879 19.803100183606148 24.109991647303104 20.792129851877689 16.408410914242268 26.242402136325836 15.549004338681696 25.913874976336956 17.481378503143787 15.229432851076124 19.842213749885559 17.005539685487747 13.086338296532633 10.384456206113098 16.903842806816101 15.334802627563475 30.915840648114681 12.493417266756294
leaf_count=81 142 78 123 109 144 109 112 111 93 90 79 90 80 130 151 83 100 81 135 84 109 107 119 83 98 100 95 97 99 103 129 100 113 125 89 129 103 87 93 86 102 85 82 88 368 107
internal_value=0 -0.00320501 -0.00474497 -0.0160543 0.0150245 0.0238526 0.000548968 -0.00306285 0.00301103 0.0103246 -0.0106204 0.0106977 -0.0160183 0.00155083 0.0021962 -0.00920996 -0.0205608 0.00275585 0.0094781 0.0178289 0.00755717 0.0251324 0.0160268 -0.00112532 -0.0355781 -0.0260716 0.00204896 0.0362511 -0.00806778 0.0016349 -0.0342018 0.0338128 -0.000819161 0.0108005 -0.00974483 0.000131395 -0.0258101 -0.0141453 0.0307031 -0.0149505 -0.0326234 -0.0136322 -0.000728208 -0.0437035 -0.0466137 -0.0451031
internal_weight=0 787.117 745.512 237.057 122.567 41.6054 508.455 375.512 256.176 166.883 89.2935 132.943 119.336 43.7407 94.0747 176.614 74.4497 127.058 92.4307 67.0837 40.8776 75.043 54.7347 47.5244 60.4433 75.595 26.1901 33.1858 61.3936 42.9322 55.4287 39.8252 102.164 44.2927 57.8713 42.3223 48.4159 30.9346 38.8681 34.6269 48.2596 20.9723 33.8979 39.4448 39.4709 25.5798
internal_count=5101 4506 4319 1726 595 187 2593 1945 1337 848 489 648 608 210 465 1066 527 658 479 344 220 370 263 225 660 398 195 178 314 215 298 190 539 208 331 242 269 166 183 179 332 183 166 217 477 209
is_linear=0
shrinkage=0.05


Tree=46
num_leaves=52
num_cat=0
split_feature=30 39 143 98 287 34 291 105 282 188 34 155 195 53 58 286 102 18 260 124 99 36 102 54 113 260 209 54 140 288 110 272 72 291 30 49 115 15 284 157 57 43 287 58 277 55 30 57 147 0 54
split_gain=14.8655 13.576 11.9444 9.6606 9.47515 11.9706 9.70484 11.7754 9.48566 8.35707 7.89512 7.62374 7.67132 7.0057 7.76014 6.7419 6.21933 6.18016 6.87388 6.86444 8.03967 6.72635 6.11448 8.1202 8.42889 5.39152 5.42199 5.07041 5.00083 8.2532 8.95445 5.75146 5.08489 4.73059 4.64799 4.39872 4.39421 5.22347 4.26491 4.12406 3.61968 3.52452 3.47232 3.47128 3.06477 4.26811 2.64797 2.25999 2.25543 1.52582 0.938563
threshold=-0.94405594405594384 0.41428571428571431 63.750000000000007 0.7916500000000003 0.099725100768257385 -0.54462834462834475 0.95445134575569368 17.500000000000004 -1.7499999999999998 65.500000000000014 -1.2723168723168723 58.500000000000007 42.500000000000007 432.50000000000006 4.5000000000000009 0.23794333051666119 10.500000000000002 0.062500000000000014 1.5435452747145557 5.5000000000000009 10.125000000000002 0.89067342535627325 9.5000000000000018 752.50000000000011 75.000000000000014 2.6989342219035888 3.6666750000000001 752.50000000000011 19.500000000000004 0.29342972903661901 103.12500000000001 -1.9692495860088608 83.250000000000014 1.0938416422287391 1.5188811188811193 0.080593811937240425 85.000000000000014 7.5000000000000009 1.5339366515837105 12.500000000000002 15.500000000000002 1.0000000180025095e-35 3.6656636339238641e-22 7.5000000000000009 -2.3403079513433607 792.50000000000011 1.427572427572428 13.250000000000002 3.5000000000000004 79.250000000000014 767.50000000000011
decision_type=2 2 2 2 2 2 2 2 2 2 2 2 2 2 2 2 2 2 2 2 2 2 2 2 2 2 2 2 2 2 2 2 2 2 2 2 2 2 2 2 2 2 2 2 2 2 2 2 2 2 2
left_child=3 2 17 27 5 42 7 8 9 16 40 12 -5 14 -10 -7 -6 21 43 -20 25 -2 23 -12 -25 -21 48 -1 29 30 38 -31 -33 -26 -17 -29 -24 -38 -16 46 -8 -36 -3 -19 -30 -46 -23 50 -27 -49 -45
right_child=1 4 -4 11 6 15 10 -9 13 -11 22 -13 -14 -15 28 34 -18 18 19 20 -22 39 36 24 33 26 -28 35 44 31 -32 32 -34 -35 41 -37 37 -39 -40 -41 -42 -43 -44 47 45 -47 -48 49 -50 -51 -52
leaf_value=0.046738310806290671 0.023070503829881909 -0.012418992576763972 0.028305638599540286 0.009654186252644097 0.0049465626854918454 -0.025692118816509835 -0.018329232037267582 0.035804940803597723 0.01712713057921008 -0.012855248738505909 -0.017259344961009403 0.023101295413331238 -0.036999973865424411 0.0198413354797876 0.0064549924076830051 0.032531823780349557 0.042765730023462588 -0.013091217231482844 -0.042988546001568984 0.015233829802585265 0.024970267700968132 0.009062085972768712 0.052706730229145564 -0.010139362000162732 0.0140055243493185 -0.017210236166110268 0.0025023255484651671 0.036018250318718123 -0.011920814451053453 -0.046837355454000619 0.027157678346189807 2.6317787171255508e-05 -0.034871879649322902 0.051914062824096212 -0.017795023403791452 0.0037956820031566692 0.034609913560567133 0.0015089238719060039 -0.028213097731728105 -0.029874151222797601 0.011427949485186131 0.017246806024762012 -0.047032351891076019 -0.064239102403920251 -0.058742489500266518 -0.018270197869087759 -0.017339766336823798 -0.039657852572563122 -0.049416232812171799 -0.012335451835459326 -0.037757971986372998
leaf_weight=23.558547638356686 16.357215151190758 11.699114847928284 15.317283011972902 16.484020434319973 21.257027447223663 16.215276811271906 23.411721549928188 18.647353112697601 18.688014321029186 21.577598936855793 20.448546748608351 21.041277706623077 17.149093732237816 17.300668075680733 15.477060522884129 15.150944031774996 21.899703994393349 16.199716612696648 13.628842655569313 10.782898042351006 15.872048713266848 21.361861832439899 15.720704510807989 15.891363073140381 17.571971155703068 10.84420830756426 13.054047577083109 17.52962388843298 15.811961390078066 17.470655452460051 22.174203954637051 27.871346529573202 15.686089735478161 16.378988437354565 14.270931731909515 25.350143946707249 30.305643633008003 19.398001056164503 18.856714863330126 20.398470163345337 16.694506358355284 12.541732039302586 22.952243395149708 11.323952943086626 14.300702903419735 13.609624564647673 15.528360340744255 11.005213502794506 14.377079412341116 11.183590285480021 14.898513700813053
leaf_count=116 80 84 74 79 103 119 123 91 102 100 106 101 82 81 91 77 103 106 86 79 91 112 78 98 88 94 91 85 89 92 128 150 92 82 99 122 145 111 102 105 81 71 155 81 85 81 103 87 108 77 112
internal_value=0 -0.00302026 -0.0131301 0.0157372 0.00126839 -0.013208 0.00423495 -0.00154072 -0.00432495 0.0121577 0.0134101 0.000116033 -0.0145156 -0.00976842 -0.0127091 0.000759186 0.0246716 -0.0161739 -0.0221971 -0.0120241 -0.0049712 -0.00432407 0.0191378 0.00870895 0.0194927 -0.0149636 -0.0236421 0.0284 -0.0162511 -0.0107202 0.00305171 -0.0233158 -0.0130419 0.0332559 0.0113404 0.0174892 0.0300426 0.021976 -0.0128449 -0.0124074 -0.00596591 -0.00137329 -0.0360222 -0.0341944 -0.0305471 -0.040322 -0.00221568 -0.0408483 -0.0367533 -0.0270127 -0.0511333
internal_weight=0 781.414 232.133 121.113 549.28 92.8302 456.45 280.629 261.981 64.7343 175.821 54.6744 33.6331 197.247 179.946 58.1789 43.1567 216.816 143.17 78.5591 64.9303 73.6459 135.715 70.2909 49.8423 49.0582 38.2753 66.4383 161.258 117.536 56.508 61.0281 43.5574 33.951 41.9636 42.8798 65.4243 49.7036 34.3338 57.2887 40.1062 26.8127 34.6514 64.611 43.7223 27.9103 36.8902 48.4113 25.2213 22.1888 26.2225
internal_count=5078 4493 1486 585 3007 605 2402 1490 1399 306 912 262 161 1093 1012 366 206 1412 1012 549 463 400 708 374 268 372 293 323 910 655 321 334 242 170 247 207 334 256 193 320 204 170 239 463 255 166 215 357 202 164 193
is_linear=0
shrinkage=0.05


Tree=47
num_leaves=47
num_cat=0
split_feature=12 290 283 66 95 101 288 78 157 137 283 51 116 192 101 198 109 74 96 87 55 291 117 33 42 36 279 143 143 56 155 217 12 6 139 33 116 203 281 39 233 288 284 99 98 279
split_gain=15.3045 13.6403 11.7635 11.0848 14.2204 8.75884 8.47065 8.67701 8.89093 8.2947 6.60632 7.89682 9.59926 8.49669 7.42904 6.952 7.42711 6.4816 6.18069 6.49073 6.16551 6.06658 8.70777 7.93282 6.80454 5.6746 9.00897 5.9359 5.63039 5.45852 5.42455 5.10085 4.84676 5.32851 4.71866 4.58462 4.56597 4.35554 4.27684 4.16162 4.00365 3.82771 2.64506 1.63489 0.621618 0.149062
threshold=0.062500000000000014 10.500000000000002 0.093073593073593086 1.0000000180025095e-35 62.500000000000007 16.500000000000004 0.83849049182116964 2.1250000000000004 26.500000000000004 31.500000000000004 0.87083333333333346 1.0000000180025095e-35 25.000000000000004 22.750000000000004 9.5000000000000018 1.0000000180025095e-35 198.75000000000003 5.7500000000000009 59.500000000000007 68.062500000000014 752.50000000000011 0.9582608695652175 6.9375000000000009 -3.1671905127748752 5.5000000000000009 1.655401544311071 -2.2365470151679361 15.250000000000002 5.7500000000000009 10.500000000000002 59.500000000000007 1.0000000180025095e-35 0.14583333333333334 79.250000000000014 1.5000000000000002 -0.8602316602316602 225.00000000000003 4.5000000000000009 88.12870940214566 0.52272727272727282 31.500000000000004 0.84313847884979054 1.7071428571428573 9.8750000000000018 1.0416500000000004 -1.1456166934586383
decision_type=2 2 2 2 2 2 2 2 2 2 2 2 2 2 2 2 2 2 2 2 2 2 2 2 2 2 2 2 2 2 2 2 2 2 2 2 2 2 2 2 2 2 2 2 2 2
left_child=5 2 6 34 -5 10 7 8 21 41 11 12 28 15 17 -14 18 -15 -17 35 42 22 39 -24 -23 26 -26 -27 -1 -8 -10 -21 33 40 -3 -20 -18 43 -34 -2 -25 45 -6 -31 -40 -4
right_child=1 3 9 4 20 -7 29 -9 30 -11 -12 -13 13 14 -16 16 36 -19 19 31 -22 24 23 32 25 27 -28 -29 -30 37 -32 -33 38 -35 -36 -37 -38 -39 44 -41 -42 -43 -44 -45 -46 -47
leaf_value=-0.043684165350842137 -0.0032256147449544709 0.0054668647011212107 -0.053520879609460816 -0.019833761141491098 0.030192343867766969 0.042938035719625983 0.0016414128609922472 0.02469504322308733 -0.046364488815276765 0.0062011219516552203 -0.019202994651599595 0.034793890896984939 -0.014847607088760427 -0.013785153046585827 -0.021915048333249757 0.046826870933556169 -0.024206993759780349 0.020905560959950893 -0.011412918043948742 0.04435916823034157 0.04926798786033329 -0.018991085952163107 0.012894041198507213 0.00027722071342504355 -0.01968382052071932 0.0065919575307507626 0.024153292184296713 0.05195268322742265 -0.00023388948947389803 -0.055901465838842146 -0.0058706446750239148 0.014858925570856491 -0.012033098854671737 0.013368708053593756 -0.033804361356941752 0.018865165430036537 0.015009165540763942 -0.01092580896362684 -0.051234650529595006 0.027864613794399608 -0.033467066449369316 -0.018116390265693536 0.0022618304921308385 -0.027442023492991255 -0.028897755637604185 -0.03303468235313655
leaf_weight=13.126810669898989 21.357077214866877 14.475353945046665 22.142599180340767 16.102476116269827 16.735372789204121 16.551225304603577 17.308065347373486 26.615790609270334 18.043679777532816 12.741704538464544 22.118735820055008 25.280597992241383 16.39908355101943 20.943286180496216 32.996387496590614 22.932642318308353 13.844519324600698 34.174734249711037 23.057976245880127 28.156242713332176 27.42709719389677 16.934001229703426 21.566526368260384 14.466617152094839 20.719880290329456 13.204355128109457 24.496408872306347 15.817840546369551 15.811600148677824 13.920146077871324 15.200644765049217 32.580538764595985 17.828489039093256 16.593892060220242 14.669524665921925 25.119716845452785 13.901103049516676 17.532120924443007 17.056024152785543 20.32645633071661 21.337613254785538 16.852558191865683 16.572042677551508 13.290212564170359 10.164067935198544 8.0370235741138476
leaf_count=91 119 82 223 123 81 80 97 149 117 72 98 112 90 100 156 116 76 157 112 131 133 119 107 71 108 80 120 81 81 103 85 158 109 87 79 120 85 97 147 100 123 152 84 74 92 79
internal_value=0 -0.00487071 -0.00880041 0.011137 0.0210254 0.00845824 -0.00546693 -0.00207929 -0.0046563 -0.0292125 0.00666111 0.00851278 0.00613492 0.00914724 -0.0035031 0.0154649 0.0186528 0.00771332 0.0235699 0.0182915 0.0320042 -0.00140061 -0.00723108 -0.0140933 0.0088429 0.0153599 0.00407415 0.0322217 -0.0207443 -0.0221828 -0.0285612 0.0290316 -0.0201363 -0.00951492 -0.0147652 0.00443659 -0.0047203 -0.0312333 -0.0320157 0.0122328 -0.0201957 -0.0387359 0.0167666 -0.0434667 -0.0442136 -0.0492997
internal_weight=0 539.536 433.554 105.982 76.837 356.995 373.78 311.729 285.114 59.7739 340.444 318.325 293.045 264.106 88.1144 175.992 159.593 55.118 131.847 108.914 60.7345 251.869 160.697 119.013 91.1725 74.2385 45.2163 29.0222 28.9384 62.0505 33.2443 60.7368 97.4467 52.3981 29.1449 48.1777 27.7456 44.7425 45.0486 41.6835 35.8042 47.0322 33.3074 27.2104 27.2201 30.1796
internal_count=5056 3293 2711 582 421 1763 2185 1814 1665 526 1683 1585 1473 1301 413 888 798 257 637 521 298 1463 955 736 508 389 228 161 172 371 202 289 629 281 161 232 161 274 348 219 194 454 165 177 239 302
is_linear=0
shrinkage=0.05


Tree=48
num_leaves=50
num_cat=0
split_feature=283 10 165 287 116 291 8 110 137 8 287 262 6 47 30 288 2 199 155 214 107 274 8 35 220 39 96 194 56 287 29 274 32 79 137 148 29 60 226 55 8 44 88 288 10 12 80 220 100
split_gain=13.0635 11.0974 12.2261 8.32277 7.60877 7.46182 12.3431 10.3836 9.58488 8.59641 8.99545 8.44386 8.64805 6.79096 8.67601 7.78559 6.89141 6.57987 8.34602 8.19648 6.36678 6.25667 6.46204 9.66802 6.04084 6.50224 5.83865 12.2512 5.27747 5.13369 5.25415 5.01131 4.81197 4.83998 4.58996 4.53417 4.47231 4.45038 6.08172 4.2678 3.98703 3.45185 3.28478 2.59988 2.41372 2.16561 2.16425 1.94661 0.497112
threshold=-0.53589743589743577 0.12500000000000003 2.7500000000000004 0.99925096516916867 25.000000000000004 0.96148148148148149 47.500000000000007 106.25000000000001 39.500000000000007 67.500000000000014 0.99999999999999534 5.0000000000000009 79.250000000000014 0.18832277330427874 -0.8181818181818179 0.96687895796550427 81.250000000000014 1.5000000000000002 6.5000000000000009 1.5000000000000002 113.12500000000003 -2.357165371412365 252.50000000000003 0.52243118397129218 7.5000000000000009 0.68333333333333346 58.500000000000007 6.5000000000000009 16.500000000000004 0.99999934740003793 0.34285714285714336 -1.8062960675376802 1.9111969111969114 83.625000000000014 16.500000000000004 28.500000000000004 0.34285714285714275 84.500000000000014 7.5000000000000009 777.50000000000011 47.500000000000007 12.500000000000002 1.1250000000000002 0.056951373111866731 0.20833333333333334 0.14583333333333334 83.562500000000014 1.5000000000000002 7.1250000000000009
decision_type=2 2 2 2 2 2 2 2 2 2 2 2 2 2 2 2 2 2 2 2 2 2 2 2 2 2 2 2 2 2 2 2 2 2 2 2 2 2 2 2 2 2 2 2 2 2 2 2 2
left_child=28 4 3 24 40 8 26 -8 9 10 34 12 41 14 16 17 -6 -16 19 -19 42 35 23 39 25 37 -7 -28 32 -15 -31 -25 33 43 36 -20 -5 38 45 -23 -2 -12 47 -1 -29 -3 -39 -11 -26
right_child=1 2 -4 5 13 6 7 -9 -10 20 11 -13 -14 29 15 -17 -18 18 21 -21 -22 22 -24 31 48 -27 27 44 -30 30 -32 -33 -34 -35 -36 -37 -38 46 -40 -41 -42 -43 -44 -45 -46 -47 -48 -49 -50
leaf_value=0.041403988242648931 -0.037100740452774873 -0.0064651903355192972 0.036409905424634938 0.012102725256252346 0.048015538026833907 -0.033162429270812609 0.0060783860057494112 0.056755619946531589 0.021636900548255025 -0.062493584539902572 -0.02981321244383647 0.027627592888652137 0.023455413877523465 0.010148825167897882 -0.014116456645391623 -0.023631241418181459 0.0069671784118856134 0.0072534841479644507 0.038920146247728014 0.053904277162837647 -0.0023359654893296551 0.005534136037450104 -0.0266787539794274 0.0062083677654283381 -0.054460569054129437 0.012297714721403865 0.030024887220221431 -0.0049926743754111144 0.04173049037682891 -0.036924660362161431 -0.0027921870901362086 -0.024704968366465185 -0.0069261561775935043 -0.0019232938606771645 -0.043233250916436143 0.0040976100032942926 -0.02635543686241193 -0.053960202306938487 0.022439376674023476 0.038786982194804073 -0.0012571596862336939 1.1948963992316679e-05 -0.019484325029505804 0.01423757441995614 -0.033892908392512008 -0.041441046404197109 -0.019789147901629237 -0.033471800590756946 -0.032547773380110882
leaf_weight=19.934737019240856 15.087419085204603 8.5461136735975796 14.050152525305746 11.892398905009033 23.082005240023136 16.734391462057829 26.459931630641222 15.639082077890633 19.476664714515209 13.253860533237455 25.887480042874813 24.217995315790176 15.774831149727104 25.070755854249001 26.91848698630929 19.619287814944983 18.449909135699272 17.782014973461628 20.598375059664249 19.903723079711199 17.694344401359558 17.741066657006741 17.530851289629936 26.856950186192989 10.570904683321716 16.164892978966236 19.582825891673565 14.34336841106415 16.680021807551384 19.054778903722763 26.162755727767944 24.035894032567739 24.667642220854759 18.162825658917427 17.663296613842249 16.940756268799305 17.748448237776756 11.886835735291244 9.0368934348225576 21.208659663796425 15.125139221549032 15.176067318767307 19.55072607845068 17.914415515959263 14.435518499463795 9.2646305523812753 10.015167780220507 18.965945366770029 13.584493339061735
leaf_count=100 104 76 75 72 112 127 146 81 107 90 156 116 100 128 140 106 84 92 97 97 114 87 80 126 83 105 110 73 83 91 129 121 115 84 124 78 133 95 56 96 71 108 121 89 89 109 81 113 104
internal_value=0 -0.0024407 -0.00792298 -0.0095133 0.00387967 -0.00576015 0.00500389 0.0257842 -0.0110686 -0.0143813 -0.00661872 0.0035191 -0.00705325 0.00602714 0.00961759 0.00573995 0.030373 0.00858948 0.0119954 0.0326486 -0.0284277 0.00643744 0.000232324 0.00571932 -0.0229709 -0.0146271 -0.00862195 0.000369476 0.0168691 -0.00774001 -0.0176634 -0.00858625 0.0112812 0.0192805 -0.0237033 0.0237194 -0.011034 -0.0236229 -0.00940377 0.0241584 -0.0197718 -0.0190523 -0.0371322 0.0292433 -0.0201404 -0.0258945 -0.0398811 -0.046932 -0.043921
internal_weight=0 798.786 427.617 413.567 371.169 324.497 107.195 42.099 217.302 197.825 128.361 81.0564 56.8384 340.956 270.668 229.136 41.5319 209.517 182.598 37.6857 69.4649 144.913 107.373 89.8426 89.0699 64.9145 65.0961 48.3617 97.3596 70.2883 45.2175 50.8928 80.6796 56.012 47.3041 37.5391 29.6408 48.7496 26.8476 38.9497 30.2126 41.0635 51.7705 37.8492 28.7789 17.8107 21.902 32.2198 24.1554
internal_count=5074 4603 2764 2689 1839 1980 626 227 1354 1247 809 480 364 1664 1316 1120 196 1014 874 189 438 685 510 430 709 522 399 272 471 348 220 247 388 273 329 175 205 417 241 183 175 264 324 189 162 185 176 203 187
is_linear=0
shrinkage=0.05


Tree=49
num_leaves=49
num_cat=0
split_feature=31 283 47 113 36 93 277 50 291 287 192 272 235 299 31 283 98 57 2 232 215 289 47 10 57 277 212 274 35 289 88 283 190 47 291 48 232 29 283 58 285 155 215 54 117 29 110 190
split_gain=11.673 10.0524 8.69965 11.6105 8.76185 11.1898 8.5066 10.2462 8.06295 10.7915 11.2556 7.42287 7.6571 7.39479 7.0192 7.04787 6.9184 6.70749 6.59233 8.10102 6.34569 6.46486 5.93531 6.52172 6.44403 5.45956 5.21474 6.36045 5.05156 7.35294 4.66296 4.30112 4.14645 4.06728 3.90341 3.89019 3.77457 3.74968 4.35938 3.56563 3.45989 2.26938 2.09948 1.80563 1.8019 1.21944 1.02042 0.756379
threshold=-0.24415019762845844 -0.051315789473684204 -2.8120806127500226 45.000000000000007 2.6374995521717266 55.500000000000007 -1.650332340740676 0.99938347718865617 0.96424010217113676 0.9999998542287577 27.250000000000004 -2.5025229611785229 964.50000000000011 12.04769462582914 1.3619943034764403 0.057189542483660136 1.0416500000000004 13.250000000000002 81.750000000000014 63.250000000000007 1.5000000000000002 -0.31800055644052067 0.24881080742268583 0.29166666666666669 13.250000000000002 -1.3724878963960219 0.83335000000000015 -2.3523137245803714 0.60952412990125227 -0.22700609751797865 0.62500000000000011 -0.2240143369175627 1.3333500000000003 0.87413590716222 1.0871212121212122 3.085367264314633 50.750000000000007 -1.0000000180025095e-35 -0.35147058823529403 11.500000000000002 11.312500000000002 47.500000000000007 1.0000000180025095e-35 807.50000000000011 7.1875000000000009 2.2285714285714291 168.75000000000003 6.5000000000000009
decision_type=2 2 2 2 2 2 2 2 2 2 2 2 2 2 2 2 2 2 2 2 2 2 2 2 2 2 2 2 2 2 2 2 2 2 2 2 2 2 2 2 2 2 2 2 2 2 2 2
left_child=18 2 -2 37 5 -5 7 26 11 10 34 31 22 35 20 -16 17 -11 33 -20 25 -22 23 28 36 -8 -3 -28 30 -30 -13 41 -14 44 -10 42 -25 -4 -39 -23 -32 -7 43 -9 -1 47 -17 -44
right_child=1 6 3 4 -6 8 14 13 9 16 -12 12 32 -15 15 46 -18 -19 19 -21 21 39 -24 24 -26 -27 27 -29 29 -31 40 -33 -34 -35 -36 -37 -38 38 -40 -41 -42 -43 45 -45 -46 -47 -48 -49
leaf_value=0.041672176111354493 0.027398296101702066 0.019205483667584497 -0.0019610159023621186 0.040209992812634182 -0.027606674656800952 -0.019713370611466521 0.012796025654932919 -0.037868003501609022 -0.0018453076918776082 0.015897534523112471 0.027167090226648843 0.045544237787639552 -0.036799947860817743 0.0028851406902962694 0.012328234367605223 -0.052582416036086425 0.0029908970885716606 0.049455288144761161 -0.024072854330892818 0.020806576696161025 -0.0077848139802437436 0.012330308346519478 -0.020138854408688373 0.024070831873629666 -0.033199537586058064 -0.024129341056340303 0.017919606491305813 -0.026833948335464458 -0.010622825876583832 0.026887593193229659 -0.00020727497461991626 -0.036394398606724297 -0.0017366498348444785 0.0064145485886624391 -0.033042222476781423 -0.0042877852684789072 -0.012331794835959314 -0.0087894205991634368 -0.044337591977587354 0.045742095337636637 0.030362035914422044 0.0060251908026880433 -0.059077199032766627 -0.0097836288255843812 0.019475782423584005 -0.025901161209793445 -0.021263336277708631 -0.034633995998717637
leaf_weight=28.602544546127319 32.045649670064449 20.226674571633339 18.056099526584148 20.622377261519432 20.441129989922047 16.326449349522591 17.457013927400112 12.670541789382698 18.263785362243652 31.856072328984737 18.359837684780359 19.936017327010632 16.072643026709557 15.910163335502146 8.9151728600263613 9.1065040491521341 29.271518968045712 29.501948125660419 17.870944943279028 20.523542799055576 14.768464062362908 15.335170730948446 17.543961577117443 14.455394491553308 14.070355750620363 21.066595122218132 11.036702726036308 22.956635992974043 30.756155654788017 21.245094493031502 18.405660048127174 20.009405799210072 16.86455512046814 19.765030838549137 21.574123397469521 9.5739764459431154 12.34549370408058 15.311609447002409 20.699441492557526 18.252563308924437 17.592840440571308 16.224563471972942 19.206605486571792 11.441932722926138 17.581967800855637 9.3560307286679727 6.4057192653417578 10.894622340798376
leaf_count=144 156 109 86 110 121 80 93 97 97 151 92 98 81 96 71 98 143 143 90 98 103 78 86 86 91 120 65 138 145 103 85 119 83 101 121 58 91 77 141 97 84 82 165 111 85 96 91 88
internal_value=0 -0.00137896 0.00255776 0.000900318 0.00359156 0.00516706 -0.0095195 -0.0175318 0.00326782 0.0124534 -0.00431598 -0.00218807 0.00224255 -0.027871 0.000858196 -0.0222853 0.0231514 0.032567 0.0163488 -0.000163634 0.00754485 0.0194366 0.00662353 0.00989211 -0.00699474 -0.00749618 -0.000352945 -0.0122068 0.016292 0.0049202 0.0265921 -0.0187154 -0.019427 0.0258209 -0.0191353 -0.0345098 0.007462 -0.0207536 -0.0298687 0.0312848 0.0151491 -0.00708716 -0.0389245 -0.0254616 0.0338141 -0.046319 -0.0417203 -0.0516284
internal_weight=0 782.433 527.852 495.807 441.739 421.298 254.581 143.274 400.676 148.827 58.1977 251.849 199.288 89.0539 111.307 24.4274 90.6295 61.358 104.344 38.3945 86.8798 48.3562 166.351 148.807 40.8712 38.5236 54.22 33.9933 107.936 52.0013 55.9345 52.5604 32.9372 65.9495 39.8379 73.1437 26.8009 54.0672 36.0111 33.5877 35.9985 32.551 63.5697 24.1125 46.1845 39.4573 15.5122 30.1012
internal_count=5044 4526 2752 2596 2292 2171 1774 1023 2061 747 310 1314 1033 711 751 260 437 294 518 188 491 278 869 783 268 213 312 203 515 248 267 281 164 330 218 615 177 304 218 175 169 162 557 208 229 349 189 253
is_linear=0
shrinkage=0.05


Tree=50
num_leaves=48
num_cat=0
split_feature=283 10 36 260 114 291 287 74 156 117 284 29 30 99 284 54 108 32 283 116 110 201 190 74 288 277 146 18 290 55 112 235 32 56 291 288 36 212 287 49 48 287 276 44 36 41 20
split_gain=10.9953 12.1729 10.5115 8.07478 7.78626 9.56139 11.583 12.9155 8.36365 7.31621 6.58695 10.187 8.92099 7.73147 6.08578 8.43381 5.96823 5.9644 6.84087 8.60464 4.95061 4.94517 4.9403 7.21539 5.24012 4.76586 4.59632 4.54851 4.53716 4.50556 4.44438 4.9809 5.34427 4.26583 3.9402 3.89979 3.80144 3.51008 3.49481 3.29037 3.10549 2.945 2.16399 2.0647 1.87405 0.94364 0.0185194
threshold=1.0000000180025095e-35 1.0000000180025095e-35 1.4018062483443783 -3.3465147327195193 25.000000000000004 0.96424010217113676 0.9999998542287577 5.2500000000000009 27.500000000000004 6.6875000000000009 1.5339366515837105 0.34285714285714242 2.3286713286713292 11.875000000000002 1.2679425837320577 777.50000000000011 3.035699999999999 1.9220077220077225 -0.41042780748663094 95.000000000000014 121.25000000000001 7.2500000000000009 6.5000000000000009 6.2500000000000009 0.29342972903661901 -2.0131713830341869 3.2500000000000004 0.10416666666666667 7.5000000000000009 772.50000000000011 225.00000000000003 13.500000000000002 0.6409266409266412 15.500000000000002 0.9582608695652175 -0.814291907305839 0.9193963476858541 2.3333500000000007 0.99999994171280882 0.61265032975559264 1.926969787330479 0.99999999994549649 86.518799689373438 7.5000000000000009 1.1004978106279562 9.5000000000000018 0.041666666666666671
decision_type=2 2 2 2 2 2 2 2 2 2 2 2 2 2 2 2 2 2 2 2 2 2 2 2 2 2 2 2 2 2 2 2 2 2 2 2 2 2 2 2 2 2 2 2 2 2 2
left_child=1 35 3 -2 34 10 8 -8 25 -4 11 14 16 17 -6 -16 -13 18 21 26 -21 -12 24 -24 29 -7 -20 -15 -18 -9 31 32 -5 -27 -3 -1 -33 44 -22 -11 -37 -42 -19 -28 -34 46 -41
right_child=2 4 9 30 5 6 7 22 -10 39 13 12 -14 27 15 -17 28 42 19 20 38 -23 23 -25 -26 33 43 -29 -30 -31 -32 36 37 -35 -36 40 -38 -39 -40 45 41 -43 -44 -45 -46 -47 -48
leaf_value=-0.0013028935467395185 0.023116997375804468 -0.0031184464713396864 0.010792080048181621 -0.022819406054396574 -0.0030725668853104088 -0.031883988983567611 -0.017017812168688421 0.02419896671278176 0.016211444003303481 -0.0075728257247514854 0.02737501347590551 -0.03797661779119077 0.027905529413983245 0.026037121505806244 0.054451692583142489 0.0077821740275475981 -0.01854068747219861 -0.017321897635131936 -0.0094280289830626918 0.021128316921390222 0.0037123326146799524 -0.007565933120321844 -0.013997163175749651 0.026423727322876248 0.01554296726468154 0.015452984180119381 -0.049704958511609026 -0.0057235871360707654 0.01537816020976304 0.057820145144298667 0.011585202774877313 -0.0083505959698880888 0.0090521175555302071 -0.020592071050588062 -0.040083994010120166 0.011224057930482024 -0.039898577219341314 0.025374583641301931 -0.027427508887951375 -0.034699823470408168 0.018261457450482427 0.047127138634427995 -0.047396919995401708 -0.024983454764063197 -0.016469891120865551 -0.022472128624021131 -0.053282643224922904
leaf_weight=15.475864879786966 22.549067623913288 12.636344611644747 8.8050423413515073 23.662822872400284 17.672896847128868 25.240097511559725 21.27001390978694 20.479608170688152 29.570375062525272 7.8319579735398284 17.773579500615597 18.969829324632883 13.640742182731627 21.274159461259842 19.411429345607758 19.15281954407692 22.090931203216314 12.647834569215776 23.979535274207592 17.165168926119804 18.823092296719551 21.267007909715176 16.982818476855755 28.110534228384495 29.861903712153435 15.298769388347866 19.004103183746338 22.228052750229836 16.249762155115604 24.14787532389164 21.433836217969656 17.216985832899809 12.935594487935306 15.559753026813267 16.364012233912945 22.766494303941727 22.437597632408142 14.57434970140457 15.925088576972483 9.1429107896983641 17.659864015877247 21.842629082500935 14.468733489513395 21.907478589564562 13.98393741250038 6.8581012263894072 19.472574565559626
leaf_count=74 130 79 60 129 98 150 110 102 148 38 83 105 79 102 99 102 139 78 130 91 99 100 84 137 148 86 96 108 90 116 123 97 83 101 109 123 138 82 84 94 88 108 93 135 79 56 292
internal_value=0 0.00261371 -0.0106567 -0.00381324 0.000222017 0.00150387 0.00950174 0.0182727 -0.00496353 -0.0297576 -0.00363128 0.00544679 -0.00712539 -0.0087313 0.0211558 0.032056 -0.0157988 -0.0132259 -0.00933078 -0.0153555 -0.000128959 0.00862765 0.0246389 0.0112272 0.0325016 -0.0162136 -0.02735 0.0100446 -0.00413953 0.0432599 -0.00876721 -0.0129994 -0.00435686 -0.00279784 -0.0246178 0.0211132 -0.0267436 0.00646106 -0.0109271 -0.0380598 0.0266168 0.034992 -0.0344842 -0.037379 -0.00432089 -0.0443987 -0.0487174
internal_weight=0 686.919 200.905 148.794 609.174 580.174 226.522 140.853 85.669 52.1106 353.652 127.188 70.9513 226.464 56.2371 38.5642 57.3105 182.962 155.845 116.804 51.9133 39.0406 119.583 45.0934 74.4894 56.0986 64.8911 43.5022 38.3407 44.6275 126.245 104.811 65.1567 30.8585 29.0004 77.7449 39.6546 41.4939 34.7482 43.3055 62.269 39.5025 27.1166 40.9116 26.9195 35.4736 28.6155
internal_count=5075 3674 1401 861 3281 3093 1182 697 485 540 1911 712 413 1199 299 201 334 989 818 635 274 183 587 221 366 337 361 210 229 218 731 608 373 187 188 393 235 244 183 480 319 196 171 231 162 442 386
is_linear=0
shrinkage=0.05


Tree=51
num_leaves=47
num_cat=0
split_feature=9 2 289 287 4 32 10 234 11 289 29 100 145 74 182 260 288 58 34 46 143 32 283 54 199 39 260 259 54 149 34 277 8 41 289 109 99 54 78 55 154 34 289 220 29 277
split_gain=14.6951 10.1847 10.0515 11.1079 10.2171 9.89421 9.56322 9.43091 8.45273 7.09104 6.81928 6.75678 7.32612 10.5782 6.40592 6.34867 14.2536 6.06998 5.93843 5.76666 5.65998 5.50314 5.49927 5.33723 6.34345 5.30077 5.19574 6.15815 6.12542 5.10247 4.98597 4.93388 4.57053 5.85096 4.53722 4.35918 4.34197 4.31865 4.03537 3.25409 3.10578 2.92184 2.82338 2.63519 2.26961 0.953555
threshold=3.2500000000000004 69.750000000000014 0.097680735332368748 0.99999999999996425 78.625000000000014 0.6409266409266412 0.29166666666666669 6.5000000000000009 17.500000000000004 -0.15950993297387572 -1.6285714285714279 11.125000000000002 3.5000000000000004 6.2500000000000009 59.500000000000007 4.3171356641372229 0.34235194516023087 6.5000000000000009 0.079963279963279968 162.50000000000003 1.6250000000000002 1.0906282906282909 -0.36038961038961032 727.50000000000011 87.500000000000014 0.47727272727272735 -1.0642293957696831 -5.2527457501603214 762.50000000000011 59.500000000000007 -0.5341793341793345 -1.7090833761708757 62.500000000000007 9.5000000000000018 0.69521084835931835 161.25000000000003 6.3750000000000009 787.50000000000011 0.54164999999999719 787.50000000000011 6.2500000000000009 -0.13150633150633154 0.87291090774974645 4.5000000000000009 0.34285714285714264 -1.5713269809656121
decision_type=2 2 2 2 2 2 2 2 2 2 2 2 2 2 2 2 2 2 2 2 2 2 2 2 2 2 2 2 2 2 2 2 2 2 2 2 2 2 2 2 2 2 2 2 2 2
left_child=1 42 4 8 41 7 11 20 15 14 -8 12 43 25 -2 18 -17 -12 19 -4 -5 39 -15 -24 30 29 27 -21 -28 -14 -25 -20 33 34 -7 -18 -19 -10 -27 -13 -34 -3 -1 -6 -11 -38
right_child=9 2 3 5 6 32 10 -9 37 44 17 21 13 22 -16 16 35 36 31 26 -22 -23 23 24 -26 38 28 -29 -30 -31 -32 -33 40 -35 -36 -37 45 -39 -40 -41 -42 -43 -44 -45 -46 -47
leaf_value=-0.057085694683186819 -0.012700645257184921 -0.055919821176808188 0.022657918381622327 0.0021519231828204758 -0.03490875659884423 0.0020614782183595391 0.0059564054341561664 0.027851387311178789 -0.010077006292223474 0.054760800994621196 0.010522733588887223 0.016473112743212934 -0.040627268422700973 0.030758582788569622 0.024843829888016311 0.037730871153769635 0.010763277565948888 -0.010518767591335125 -0.0044952086544750988 -0.0011994796939491261 -0.035766143136813151 0.030285101440410786 -0.020414448928337214 0.0022734257254115407 -0.011870763130381632 0.01363587995742576 0.028843661215694913 -0.042585540946276722 -0.010543440706374028 -0.0051106334694393917 0.033921468111453544 -0.042451333235230815 0.023603129514109339 0.050985266528115636 0.036630986138967425 -0.024032579962329114 -0.0487610767042332 -0.050459994083277782 -0.013263716651122456 -0.014101125569134449 -0.0054777627053174006 -0.018649131243357691 -0.018175497135912048 -0.0076742031850908681 0.023550386803291412 -0.025730129041914681
leaf_weight=8.3609904535114783 19.284846678376198 11.06697027385235 22.980182435363531 20.988330736756325 22.156301748007536 19.277632724493742 19.039566896855831 17.442224189639091 15.905152384191753 14.116916179656984 8.3332978896796686 15.481853380799292 23.576294053345919 23.749779552221298 25.093825727701187 31.397229298949242 15.756112258881329 14.810555294156073 18.215820029377937 21.075004518032074 17.355379194021225 27.766346037387848 16.974486596882343 22.652747176587582 22.136519324034452 22.538891576230526 16.936068136245012 14.750917006283997 21.118303902447224 17.733642838895321 27.038458190858364 15.614620711654423 18.271019458770752 25.263782374560833 17.943076804280281 18.706157624721527 26.902107454836365 11.191797353327273 33.24276552721858 17.439504466950893 16.946585990488529 12.015903767198322 12.196331560611723 15.543839074671267 13.76253432780504 10.100257802754642
leaf_count=92 90 87 110 98 139 97 109 83 114 89 76 78 124 103 128 155 76 125 100 107 82 132 92 117 126 105 84 91 123 90 138 85 85 125 92 103 269 101 156 89 81 89 131 99 74 103
internal_value=0 -0.0020077 -0.00107807 0.00480757 -0.0064865 0.0151195 -0.00450876 -0.0016825 -0.00230524 0.0213781 -0.0198898 -0.000503183 -0.00418042 -0.000488323 0.00860845 0.00135502 0.0138969 -0.0280352 -0.00502276 0.00133087 -0.0154836 0.0143089 0.00990347 0.00404546 0.0100268 -0.012513 -0.00551682 -0.0189334 0.00727547 -0.0258617 0.0198235 -0.0227299 0.0246329 0.0326815 0.0192489 -0.00826905 -0.0343184 -0.0279586 -0.00234605 0.000338715 0.00984464 -0.0380984 -0.0359149 -0.0241683 0.0407029 -0.043317
internal_weight=0 807.993 787.435 377.135 410.3 153.488 387.217 55.7859 223.647 72.2581 79.1858 308.031 247.344 209.644 44.3787 196.55 65.8595 60.1462 130.691 96.8605 38.3437 60.6877 112.552 88.8022 71.8277 97.0916 73.8803 35.8259 38.0544 41.3099 49.6912 33.8304 97.7021 62.4845 37.2207 34.4623 51.8129 27.0969 55.7817 32.9214 35.2176 23.0829 20.5573 37.7001 27.8795 37.0024
internal_count=5042 4661 4438 1992 2446 743 2270 263 1249 381 682 1588 1289 1051 218 1034 334 573 700 515 180 299 576 473 381 475 405 198 207 214 255 185 480 314 189 179 497 215 261 167 166 176 223 238 163 372
is_linear=0
shrinkage=0.05


Tree=52
num_leaves=51
num_cat=0
split_feature=32 282 143 36 106 47 35 29 30 101 291 277 286 110 123 107 8 149 10 279 290 14 102 103 289 111 114 107 273 181 36 103 234 137 189 118 279 291 282 114 8 29 143 214 283 30 182 285 58 30
split_gain=14.4014 12.3737 12.5689 9.11937 11.0589 7.56178 7.28981 7.51682 7.06645 8.26806 7.556 9.1268 8.31074 7.51241 7.59454 6.82524 12.2755 7.18144 6.81621 8.26207 5.47434 7.34789 5.50184 5.38836 5.29585 5.18483 9.08266 5.79254 5.81507 4.96726 4.89517 4.72601 4.47018 4.44775 4.35281 4.25842 4.24779 4.08148 3.98609 3.88709 3.86625 3.7449 3.41825 3.30453 3.2778 3.09525 2.64549 1.94666 1.35093 0.682001
threshold=1.9220077220077225 -1.7499999999999998 63.750000000000007 1.6867993806478929 2.5000000000000004 -1.8279736828418434 0.49494897427831791 1.5428571428571434 2.3706293706293713 12.500000000000002 0.96424010217113676 -2.4844862198446029 0.52048476014249612 100.71430000000002 7.5000000000000009 75.625000000000014 62.500000000000007 16.500000000000004 0.20833333333333334 -2.3254488908078552 8.5000000000000018 0.12500000000000003 11.500000000000002 3.5000000000000004 -0.35846086284744721 105.00000000000001 95.000000000000014 153.12500000000003 86.067788477061058 43.500000000000007 2.0748902969658709 5.5000000000000009 55.500000000000007 26.500000000000004 46.500000000000007 0.37500000000000006 -1.5790832454873307 1.0571895424836604 -2.7499999999999996 125.00000000000001 37.500000000000007 0.68571428571428628 5.7500000000000009 1.0000000180025095e-35 -0.36038961038961032 0.87692307692307703 41.500000000000007 11.562500000000002 15.500000000000002 1.2083916083916091
decision_type=2 2 2 2 2 2 2 2 2 2 2 2 2 2 2 2 2 2 2 2 2 2 2 2 2 2 2 2 2 2 2 2 2 2 2 2 2 2 2 2 2 2 2 2 2 2 2 2 2 2
left_child=1 3 8 4 32 -2 23 30 10 47 11 12 24 14 15 -13 -17 -18 19 31 21 36 43 -7 34 37 -27 28 -28 -23 -8 -6 -1 -20 -3 -5 39 -12 -21 45 -16 -38 48 -22 -40 -15 -44 -10 -9 -25
right_child=5 2 -4 35 18 6 7 42 9 -11 25 13 -14 20 40 16 17 -19 33 38 22 29 -24 49 -26 26 27 -29 -30 -31 -32 -33 -34 -35 -36 -37 41 -39 44 -41 -42 -43 46 -45 -46 -47 -48 -49 -50 -51
leaf_value=-0.034513355851002139 0.011549618631528848 0.0031497393104715035 0.039400544092984546 0.052322513584841281 -0.012828549439464805 -0.0061657566741183095 0.030058570684295155 -0.021711351426677523 -0.049253705408030403 0.010764201109577176 0.043875042788910364 0.017675718563806477 0.0028605038526825642 -0.0067881283509546699 -0.0070173549516969885 0.012941938291910536 -0.052947170130269852 -0.0061308418586922646 0.011868710327740225 0.052137452092244796 0.02317288178042453 -0.034490073182976692 0.041355712339048598 -0.030242093046932057 -0.051905289127486182 -0.02661477108208243 0.0039800323018747341 -0.0057276996707508084 0.04497025773766225 0.0059343132745224049 -0.0086974588403420146 0.020858991210666193 0.0011033032860855981 -0.023166011972225172 -0.03622069544350498 0.016870976113120498 0.035643700511691738 0.0091867939366993504 0.0070496461561980715 -0.020394529811722868 -0.040581342748375576 0.00288636664911501 0.0054857552224822602 -0.0083344910816704181 0.037930136164554151 0.024379633830106891 -0.025343237903090274 -0.021683150272105309 -0.052030198748876891 -0.051139497491373358
leaf_weight=16.955168500542641 22.405236005783081 13.299616765230896 17.086266323924065 17.897230915725231 19.903800882399082 12.510882277041672 13.810740977525713 9.5861937738955039 14.532530255615713 12.942091725766657 15.805250350385903 29.085538022220135 24.607847653329372 15.235169667750599 14.021155416965483 27.540316645056009 17.269683893769979 15.38285583257675 18.823814898729324 19.365355484187603 15.079479698091747 19.922835968434814 17.94500794261694 12.07758094742894 19.883552640676498 18.777320556342602 16.734434217214584 25.020977322012186 17.399456322193146 11.526581924408672 17.363457258790731 19.79778091609478 17.17794843763113 15.73210486024618 13.529182247817515 17.89834501594305 18.80395869165659 18.492415443062782 17.581494450569153 16.722861342132092 23.291576709598303 15.936811421066521 13.045393448323013 16.455314796417952 16.931172110140324 14.948696482926605 13.229366067796944 15.755082119256256 9.2464022338390333 22.406709879636765
leaf_count=78 133 83 83 92 90 119 78 87 93 69 78 147 133 81 80 152 93 81 96 102 84 142 90 92 107 109 82 146 87 85 104 94 82 82 84 95 89 94 90 96 142 93 84 102 80 79 77 112 91 233
internal_value=0 0.00239457 -0.00157506 0.0130319 0.00788031 -0.0147703 -0.0196084 -0.00984785 -0.00300561 -0.0221178 -0.00121482 -0.00474286 -0.0206295 -0.000766985 -0.00985814 -0.0018456 -0.0114131 -0.0317292 0.0146067 0.0215541 0.00632888 0.000216012 0.0200201 -0.0349161 -0.0328046 0.0100592 0.00282018 0.0124507 0.0255597 -0.0199478 0.00887277 0.00407 -0.0170676 -0.00428432 -0.0172921 0.0355365 0.00813019 0.0259622 0.0341288 -0.00172904 -0.0284812 0.021118 -0.0226977 0.00698104 0.0228404 0.00893465 -0.0103967 -0.0360634 -0.0384701 -0.044879
internal_weight=0 731.098 533.034 198.064 162.269 145.682 123.277 76.2816 515.948 43.2297 472.718 360.488 71.3202 289.168 126.591 89.2784 60.1929 32.6525 128.136 93.5796 162.577 113.097 49.4798 46.9952 46.7124 112.23 77.9322 59.1549 34.1339 31.4494 31.1742 39.7016 34.1331 34.5559 26.8288 35.7956 81.6475 34.2977 53.878 46.9067 37.3127 34.7408 45.1074 31.5348 34.5127 30.1839 26.2748 30.2876 18.8326 34.4843
internal_count=5075 3977 2996 981 794 1098 965 521 2913 274 2639 2043 407 1636 695 473 326 174 634 456 941 665 276 444 274 596 424 315 169 227 182 184 160 178 167 187 438 172 272 256 222 182 339 186 170 160 161 205 178 325
is_linear=0
shrinkage=0.05


Tree=53
num_leaves=45
num_cat=0
split_feature=154 283 31 279 198 33 288 58 101 9 190 287 299 55 288 291 146 34 56 283 226 226 280 118 50 55 154 190 227 8 145 148 284 288 109 31 9 58 35 33 38 59 272 187
split_gain=11.6766 10.3637 10.6671 8.96011 8.08682 7.76257 6.57434 6.79816 10.8264 7.35555 6.67311 6.66694 6.49069 6.20579 6.12935 5.82854 6.36109 7.11267 6.20691 6.03493 5.4839 5.36051 5.1685 4.82755 4.80064 5.424 7.24127 4.70593 5.87877 8.31631 8.09349 4.42147 3.96654 3.90394 3.75082 3.73712 3.40017 4.77972 2.94518 2.60465 3.31013 2.26555 1.76014 4.25543
threshold=79.250000000000014 -0.16228070175438594 1.3988944572912312 -1.2229799470429263 60.875000000000007 -0.20772200772200819 0.40614137006726808 12.500000000000002 12.500000000000002 0.75000000000000011 8.2500000000000018 0.99999997543337726 5.499999998863994 857.50000000000011 0.46800856592688472 0.72902097902097907 1.1666500000000002 -0.48192348192348183 13.250000000000002 -0.30217391304347824 38.500000000000007 63.500000000000007 81.141583246190763 0.14584999999999984 0.99800266311584573 847.50000000000011 7.2500000000000009 18.500000000000004 34.500000000000007 87.500000000000014 27.500000000000004 29.500000000000004 1.6417112299465242 -0.39036798905311365 111.25000000000001 0.80608695652173934 0.75000000000000011 10.500000000000002 0.52243118397129218 -1.0880308880308878 0.37500000000000006 83.500000000000014 -2.0384726021185791 6.2500000000000009
decision_type=2 2 2 2 2 2 2 2 2 2 2 2 2 2 2 2 2 2 2 2 2 2 2 2 2 2 2 2 2 2 2 2 2 2 2 2 2 2 2 2 2 2 2 2
left_child=1 4 3 5 6 27 7 8 9 -1 35 32 -5 36 -15 -9 -17 18 -18 21 22 -19 -13 -14 -7 26 -26 28 29 34 39 -20 -8 -25 -3 -11 42 -38 -28 40 -30 -24 43 -4
right_child=-2 2 13 12 -6 24 11 15 -10 10 -12 20 23 14 -16 16 17 19 31 -21 -22 -23 41 33 25 -27 38 -29 30 -31 -32 -33 -34 -35 -36 -37 37 -39 -40 -41 -42 -43 -44 -45
leaf_value=-0.010296966090855113 0.038890702453012876 0.0089442431105441183 0.00082107563176310331 -0.010715547082482102 -0.025280964064638003 -0.03861436282552462 0.00035236298379319144 -0.017901757785285129 0.049251518828314161 0.052401914532658182 -0.003398851223971044 -0.0038943665602249795 0.00093089503516828771 0.025979191411054165 -0.024191189415264422 0.03600682393643459 -0.024811542523949206 0.044168887640395851 -0.010803248033272249 -0.0030986359698661537 -0.018551981597615185 0.0071190547037721756 0.037269911731299607 0.048174411387046479 0.0042464931963785415 0.0091332699913457219 -0.017208829421846362 0.024929303378108843 -0.044912585127353875 -0.015878840369341587 0.018876517729977008 0.02429538904930827 -0.031489460683203026 0.015929389279588643 0.039803055325503239 0.018096146194977469 -0.04167948869354679 -0.0026795996615140991 -0.045363773133090673 -0.0074911151217888954 -0.014207875678441879 0.011128886763969038 -0.050053892266353817 -0.050054404920071065
leaf_weight=25.8033442273736 17.581994354724884 26.221345283091068 8.191668473184107 23.414286836981773 20.639580860733986 20.89751148223877 15.512208364903925 24.289866454899311 24.104292258620262 15.265610605478285 17.072249345481396 28.626971062272787 22.264104582369328 11.289644088596107 11.065682794898747 16.947447590529919 28.199426338076591 21.220909409224987 17.500482961535454 26.046756613999605 18.417100988328457 18.221652798354626 16.816162884235382 16.335094563663006 20.874505084007978 21.774748012423515 20.5350331813097 15.787684723734854 16.336381636559963 22.678674932569265 15.822278656065462 16.547584041953087 25.367974355816841 23.924909375607967 15.580608934164045 18.771789416670799 11.381027098745106 21.90975733101368 19.598064955323935 25.247635751962662 20.628963842988014 17.786970652639866 19.729373294860125 7.1858213394880286
leaf_count=151 93 144 97 129 103 124 84 126 124 80 83 137 115 109 118 84 144 99 93 143 93 89 80 79 120 130 129 80 109 111 74 83 136 123 88 88 81 158 117 137 114 88 258 85
internal_value=0 -0.00117407 -0.0065192 -0.00251209 0.00450322 -0.00710582 0.0061296 0.0104768 0.0206744 0.0112013 0.0220442 -0.00345684 0.0114126 -0.0216866 0.00117283 0.00429465 0.00811833 0.00416728 -0.00787419 0.015559 0.00480937 0.0276519 0.0117968 0.0197374 -0.0176697 -0.0119846 -0.0195477 -0.0001196 -0.00304885 0.00805495 -0.0122098 0.00646141 -0.019687 0.029863 0.0211073 0.0345386 -0.0290673 -0.016839 -0.0317262 -0.0202893 -0.028603 0.0245227 -0.0398754 -0.0245574
internal_weight=0 851.833 438.675 347.922 413.158 261.983 392.519 269.991 101.017 76.913 51.1096 122.527 85.9384 90.753 22.3553 168.974 144.684 127.737 62.2475 65.4893 81.6472 39.4426 63.2301 62.5241 103.68 82.7824 61.0076 158.304 142.516 64.4806 78.0353 34.0481 40.8802 40.26 41.802 34.0374 68.3976 33.2908 40.1331 62.213 36.9653 34.6031 35.1069 15.3775
internal_count=5030 4937 2829 1923 2108 1477 2005 1387 526 402 251 618 446 906 227 861 735 651 320 331 398 188 305 317 620 496 366 857 777 343 434 176 220 202 232 168 679 239 246 360 223 168 440 182
is_linear=0
shrinkage=0.05


Tree=54
num_leaves=50
num_cat=0
split_feature=283 32 291 284 145 14 158 109 56 32 279 118 99 283 51 190 285 263 55 214 190 47 299 88 2 16 154 55 7 138 149 283 279 41 285 279 287 33 262 291 32 123 214 183 220 55 34 146 149
split_gain=11.946 11.3514 8.63646 10.499 11.6172 12.6442 8.65207 7.78873 7.00375 6.14334 6.11161 6.45582 7.60358 6.60473 7.15259 6.02911 5.4915 5.43919 5.36743 5.10252 4.82999 4.77523 4.70321 4.55071 8.72461 6.99135 5.49756 5.79066 4.48427 4.46471 9.55625 6.33057 4.49451 4.43685 4.32817 5.97288 4.18971 3.9752 3.90952 5.60169 4.57769 3.74605 3.72385 3.53054 2.94792 2.72695 2.18385 1.44529 1.03242
threshold=-0.53589743589743577 1.992277992277993 0.96424010217113676 2.3582887700534765 42.500000000000007 0.097222222222222224 8.5000000000000018 161.25000000000003 16.500000000000004 1.9111969111969114 -1.0107886024097994 0.87500000000000011 5.5833500000000003 -0.3100961538461538 1.0000000180025095e-35 4.3750000000000009 8.9375000000000018 89.080649237671722 792.50000000000011 3.5000000000000004 2.2500000000000004 1.0000000180025095e-35 7.1249998001318495 0.87500000000000011 82.250000000000014 0.12500000000000003 4.2500000000000009 807.50000000000011 15.500000000000002 7.1666500000000015 35.500000000000007 -0.12132352941176469 -1.6097469640963531 9.5000000000000018 10.687500000000002 -2.0659560414708511 0.99999999999987566 0.53899613899613907 5.0000000000000009 1.0571895424836604 1.4972972972972978 6.5000000000000009 1.0000000180025095e-35 23.500000000000004 1.0000000180025095e-35 787.50000000000011 -0.99780759780759787 7.5000000000000009 18.500000000000004
decision_type=2 2 2 2 2 2 2 2 2 2 2 2 2 2 2 2 2 2 2 2 2 2 2 2 2 2 2 2 2 2 2 2 2 2 2 2 2 2 2 2 2 2 2 2 2 2 2 2 2
left_child=8 2 3 4 5 10 -6 19 9 18 11 12 -2 -14 21 16 -7 -9 36 38 37 29 -12 28 26 -26 -25 -28 48 31 47 -15 -33 -13 43 45 -1 46 40 -40 44 -22 -41 -17 -4 -36 -18 -31 -3
right_child=1 23 7 -5 6 15 -8 17 -10 -11 22 33 13 14 -16 34 20 -19 -20 -21 41 -23 -24 24 25 -27 27 -29 -30 30 -32 32 -34 -35 35 -37 -38 -39 39 42 -42 -43 -44 -45 -46 -47 -48 -49 -50
leaf_value=0.049402132615136152 -0.025673979452307767 -0.026848000496949839 -0.016406637342079155 -0.039417917285257648 -0.0055171173745574339 0.022204291915747951 0.035357106465317305 0.0037442027813699612 0.044839472048911699 -0.011414444663740794 -0.00064418946105043826 -0.035027311069787952 0.029353774435170295 0.029968398018786958 0.030415905813095764 -0.022739112490761944 -0.013841400894938597 -0.033494745469586078 -0.00032811729817201627 -0.0052196182897824989 0.024620374253709363 -0.022937857145538764 0.036709942854690578 -0.050654496758098702 0.037081257805047785 -0.01245630227342717 -0.033739399459629567 0.015380469228177915 -0.0047622271298855051 -0.013035746287711383 0.020894645189292398 0.010835999659681624 -0.02274024851557457 -0.0018725696655885139 -0.01357824275213885 0.004620954011267781 0.012306582257662492 0.00013164174184203474 0.052226968055063376 4.6148001347718519e-05 0.027833577312695104 -0.014179127080326252 0.031964283269548081 -0.062003624978488305 0.011173346499698554 -0.05241346356347068 -0.040969892112987211 -0.035407148125878203 -0.052172754413813444
leaf_weight=15.582715630531311 20.963084671646357 10.717152979224922 15.82266606390476 18.929411817342043 20.848839618265629 11.867001321166752 32.152879387140274 25.983577586710453 16.36106876283884 23.643232867121696 14.56273404881358 20.939952556043863 23.974740773439407 24.303659796714783 17.911290198564529 12.759201511740686 13.388573665171856 14.582082711160181 21.864694498479366 25.950432226061821 11.477261628955604 22.441652029752731 18.889063686132431 12.986806174740193 12.590407006442549 14.190454728901384 11.291524237021806 10.875264264643191 10.97777174040675 15.516848169267179 16.161672934889793 25.422934133559465 15.011277623474596 18.904421675950289 9.2963838651776332 17.145319692790508 15.704858347773552 14.310153339058159 16.78049823641777 17.169370725750923 21.806723657995462 11.482110545039175 18.54273022711277 13.017180062830446 21.849246934056282 9.9445032738149148 20.978999525308613 16.318364068865776 15.325808830559252
leaf_count=78 115 104 80 98 105 62 155 157 82 113 83 106 114 117 77 73 79 83 106 140 69 115 95 143 67 115 111 100 89 83 83 148 84 94 77 124 83 95 81 81 115 92 87 94 111 90 154 87 107
internal_value=0 -0.0027863 -0.000432204 -0.00386911 -0.00235669 -0.00517149 0.0194743 0.00895141 0.0160846 0.00946083 0.00121793 -0.00162612 0.00209691 0.00551053 0.00161022 -0.0169997 -0.00806716 -0.0101258 0.0187859 0.0145949 -0.0133184 -0.00240195 0.0209017 -0.0185004 -0.00994405 0.0113291 -0.0260156 -0.010017 -0.0321768 0.00185179 -0.00959074 0.0103522 -0.00187723 -0.0197278 -0.0286813 -0.0168404 0.0317398 -0.0220948 0.0191927 0.0290532 0.0101539 0.00543459 0.0170382 -0.0441429 -0.000535294 -0.0352478 -0.0310916 -0.0252322 -0.0431293
internal_weight=0 766.362 667.407 488.92 469.99 416.988 53.0017 178.487 93.1566 76.7955 271.322 237.87 198.026 177.062 153.088 145.667 83.5041 40.5657 53.1523 137.922 71.6371 135.176 33.4518 98.9552 61.9345 26.7809 35.1536 22.1668 37.0207 112.735 47.9969 64.7379 40.4342 39.8444 62.1626 36.3862 31.2876 48.6777 111.971 52.4926 59.4786 22.9594 35.7121 25.7764 37.6719 19.2409 34.3676 31.8352 26.043
internal_count=5001 4539 3703 2768 2670 2410 260 935 462 380 1401 1223 1023 908 794 1009 551 240 267 695 489 717 178 836 536 182 354 211 300 602 253 349 232 200 458 291 161 328 555 249 306 161 168 167 191 167 233 170 211
is_linear=0
shrinkage=0.05


Tree=55
num_leaves=45
num_cat=0
split_feature=9 36 283 12 283 290 111 57 184 41 59 138 291 149 66 93 283 229 80 232 111 145 110 114 285 87 55 176 154 78 114 119 283 58 33 283 289 49 78 214 154 291 259 57
split_gain=10.8321 10.9014 10.8919 8.05387 9.98817 7.45161 7.2003 7.57781 7.75803 7.32895 7.12369 7.012 7.07543 8.91091 5.8718 6.41183 5.37666 7.38682 10.3676 8.11159 6.74068 9.94993 5.76345 7.38025 5.73443 5.33059 5.14043 5.055 4.46237 4.88779 4.6042 4.45263 4.30392 4.03503 4.027 3.88255 3.80985 5.0355 3.72972 3.55272 2.19471 1.252 1.10887 1.61382
threshold=4.5000000000000009 2.1106490820553021 -0.63397129186602863 0.062500000000000014 0.2752525252525253 10.500000000000002 175.00000000000003 10.500000000000002 42.500000000000007 7.5000000000000009 87.500000000000014 17.500000000000004 0.98936170212765961 6.2500000000000009 1.0000000180025095e-35 61.500000000000007 -0.10818713450292396 26.500000000000004 83.125000000000014 69.750000000000014 85.000000000000014 24.500000000000004 111.25000000000001 135.00000000000003 12.562500000000002 73.281250000000014 752.50000000000011 1.0000000180025095e-35 20.750000000000004 0.54164999999999719 155.00000000000003 7.7916500000000015 -0.23205128205128203 11.500000000000002 -3.7050193050193045 -0.39009661835748788 0.097680735332368748 0.88162969365559585 0.31250000000000006 1.0000000180025095e-35 38.750000000000007 0.85449735449735453 -8.3989586424107667 15.500000000000002
decision_type=2 2 2 2 2 2 2 2 2 2 2 2 2 2 2 2 2 2 2 2 2 2 2 2 2 2 2 2 2 2 2 2 2 2 2 2 2 2 2 2 2 2 2 2
left_child=1 3 -3 6 5 16 7 9 11 -1 -2 12 13 -9 -7 -16 17 24 22 27 -18 34 33 -24 -5 -10 -17 -20 29 -8 -30 -21 35 -19 -22 -4 38 -38 -36 -39 -6 -40 -34 -44
right_child=10 2 32 4 40 14 28 8 25 -11 -12 -13 -14 -15 15 26 20 18 19 31 21 -23 23 -25 -26 -27 -28 -29 30 -31 -32 -33 42 -35 36 -37 37 39 41 -41 -42 -43 43 -45
leaf_value=-0.027186675320219397 0.046754759504751497 0.021706270604523497 -0.029257172527869593 -0.0008999806953286834 -0.048719361173413078 -0.0074562348103536158 -0.04075105780198144 0.025517220362147205 0.018121864784489457 0.011416050554743056 0.0070587636866973925 0.051489333212415993 0.037459675747175569 -0.01579951054211215 -0.006956509857351089 0.013624813760636158 0.013521711577474355 -0.009182733960271668 0.011939513561140681 0.04668798474272727 0.0052879944432849824 0.021080206016471519 0.013279180144595082 -0.027452465735649603 0.03725108455976834 -0.015688964655911197 0.048406548944722266 -0.021425124929628156 0.023313427956625891 -0.0026829924375755664 -0.0098362375412318591 0.009685382094624077 -0.016413420624705299 -0.041976567704626905 -0.012138038249563745 0.003433201738908433 -0.038508507793419758 0.013321703768913977 -0.052330751916299691 -0.01760558144166751 -0.015134769448957752 -0.029036634706458828 -0.052434556148182314 -0.023989120971773643
leaf_weight=19.700919084250927 18.352141343057156 13.507584080100058 17.375883728265762 18.023869529366493 12.414707271382214 27.59721814468503 13.616498462855814 28.190371051430702 21.812816590070724 29.3559350669384 28.214636035263538 20.505038246512413 30.555428668856621 22.697274662554264 15.696408882737158 24.428891133517027 21.310589358210564 15.928201265633104 21.408585026860237 14.983228944241999 12.166265420615671 14.814401209354399 26.115352939814329 17.874683275818825 20.595803335309029 22.842257343232632 19.467725176364183 22.103446692228317 18.535110011696815 20.290254920721054 21.71489816904068 17.916591435670853 6.6033870540559283 24.505763731896877 14.4889819920063 17.588440470397472 14.446027606725691 15.514696955680845 19.771474469453096 20.30802420899272 9.6168715693056566 15.274383161216972 17.508754825219516 10.723459864035247
leaf_count=90 117 61 93 89 142 137 85 134 98 142 141 95 153 112 93 120 135 84 141 75 70 92 132 98 99 106 94 121 86 117 104 104 53 135 136 98 71 95 181 145 60 146 195 146
internal_value=0 -0.00119292 -0.0182123 0.0007808 -0.00326371 -0.00156009 0.00761451 0.0126253 0.0182865 -0.00431997 0.0233571 0.0258362 0.0188313 0.0071395 0.0114282 0.0201523 -0.00484192 0.000524605 -0.0042153 0.00906828 -0.0120247 -0.0163908 -0.0162036 -0.00351382 0.0198726 0.000861907 0.0297848 -0.00510978 -0.00559841 -0.0187001 0.00562427 0.0274172 -0.0261348 -0.0295915 -0.0214912 -0.0131744 -0.0247758 -0.0146276 -0.034581 -0.00421306 -0.0353532 -0.0432654 -0.0384124 -0.0428204
internal_weight=0 809.897 83.3075 726.589 456.772 434.741 269.817 195.66 146.603 49.0569 46.5668 101.948 81.4431 50.8876 87.1902 59.593 347.55 199.456 160.836 76.4119 148.095 126.784 84.424 43.99 38.6197 44.6551 43.8966 43.512 74.1568 33.9068 40.25 32.8998 69.7999 40.434 111.97 34.9643 99.8036 50.2687 49.5348 35.8227 22.0316 35.0459 34.8356 28.2322
internal_count=5021 4763 646 4117 2795 2593 1322 930 698 232 258 494 399 246 444 307 2149 1078 890 441 1071 936 449 230 188 204 214 262 392 202 190 179 585 219 844 191 774 311 463 240 202 327 394 341
is_linear=0
shrinkage=0.05


Tree=56
num_leaves=49
num_cat=0
split_feature=9 2 289 4 113 117 29 212 279 16 31 102 16 30 260 103 181 115 89 90 5 120 259 58 278 220 88 124 283 54 30 34 90 90 66 210 210 108 226 285 290 260 116 100 234 209 138 143
split_gain=12.2681 9.62342 9.20227 12.231 11.7722 7.51312 8.61061 7.1447 7.88099 6.44408 6.06702 6.85933 6.6168 6.11611 5.85967 5.36381 5.3578 5.07872 5.07607 12.1013 8.21007 5.94129 6.69115 5.93227 4.91065 4.77886 7.20431 7.14434 5.97429 5.89135 5.56243 4.54711 4.32111 4.13554 5.32029 4.85447 4.05696 3.88809 3.70866 3.55088 4.36042 3.45432 3.3355 2.86939 2.68176 2.61675 1.48597 1.42221
threshold=3.2500000000000004 69.750000000000014 0.1318557721318592 78.625000000000014 45.000000000000007 6.0625000000000009 -3.2571428571428558 3.2500000000000004 -2.1340080139517186 0.29166666666666669 0.34173913043478271 8.5000000000000018 0.20833333333333334 0.51490614648509403 0.38568272354722416 4.5000000000000009 66.500000000000014 85.000000000000014 59.375000000000007 53.125000000000007 81.500000000000014 7.1250000000000009 -4.0393967416472334 16.500000000000004 80.953455084146398 3.5000000000000004 0.20835000000000295 6.5000000000000009 -0.063508064516129017 847.50000000000011 0.39860139860139882 -0.26139799919685719 73.625000000000014 73.125000000000014 1.0000000180025095e-35 7.5000000000000009 5.5000000000000009 3.035699999999999 38.500000000000007 15.562500000000002 10.500000000000002 2.6199392111768955 265.00000000000006 11.125000000000002 57.500000000000007 0.25000000000000006 30.500000000000004 29.250000000000004
decision_type=2 2 2 2 2 2 2 2 2 2 2 2 2 2 2 2 2 2 2 2 2 2 2 2 2 2 2 2 2 2 2 2 2 2 2 2 2 2 2 2 2 2 2 2 2 2 2 2
left_child=1 42 3 45 39 -5 -7 8 -2 17 12 14 13 37 -12 16 46 -8 19 -13 23 -22 36 24 -20 26 -19 44 30 33 -29 -32 -33 34 -27 -36 -23 -6 -30 40 -4 -16 -1 47 -28 -3 -11 -17
right_child=7 2 4 5 10 6 9 -9 -10 15 11 18 -14 -15 41 43 -18 25 20 -21 21 22 -24 -25 -26 29 27 28 38 -31 31 32 -34 -35 35 -37 -38 -39 -40 -41 -42 -43 -44 -45 -46 -47 -48 -49
leaf_value=-0.052194120043764294 -0.0089439303291504926 -0.02110233394339886 -0.025813326421138091 0.023309265271504474 -0.0019958765578233823 0.023454821277955173 0.018564837266558575 0.044425154704433423 0.029049237108028876 -0.0043661368059951687 -0.031620141797942723 -0.0020542003230089234 -0.025760677548168853 -0.018615706489369305 0.024594260585066308 -0.048996117739344112 0.024965953152178089 0.018587513026323846 0.0024992718330814918 0.054978094942042567 0.046788320983193486 0.012879402048011052 -0.0099690607968471387 0.018913771189662101 -0.031166517043027538 -0.035890883260717502 -0.049059534672731726 0.019667939462609349 -0.0098681462722111906 0.021413734686140558 -0.031115083178189087 0.013963504818705451 -0.019167709465366691 0.017223584016247805 -0.016219605210915526 0.015780679959388932 0.044079776551152049 0.029282256809096074 -0.046428854626003574 -0.037777838567330899 0.0066865079119622015 -0.0079528054399407213 -0.0086000179571147379 -0.012127162806718758 -0.019364894450808787 -0.056887652392355804 -0.033727882479253617 -0.022297627861930121
leaf_weight=11.879139130935075 28.350788056850433 11.362830962985756 19.046008452773094 21.494933601468801 17.067998945713043 21.637185163795948 20.303100161254406 18.766061060130596 24.705977268517017 8.4632134139537865 13.73417063988745 15.359066992998121 23.598191253840923 17.63371891528368 13.553427055478098 19.796707900241021 9.3544538468122465 15.916572105139492 24.157288521528244 22.31211794167757 18.045694455504417 29.22447732463479 19.041526842862368 22.043445505201817 18.438486374914646 15.288873258978127 17.610585700720549 20.535146102309227 14.449355116114022 26.337879100814462 16.790583692491055 21.597922310233116 16.434764958918095 14.999842785298823 26.788071531802416 19.685093902051449 16.385930933058262 22.381453014910221 13.687678363174198 14.484196376055477 20.606053616851568 17.734172444790602 7.3508454896509638 13.503413237631319 16.454007849097252 12.188718860968946 8.5650920011103135 10.169650070369242
leaf_count=147 146 95 111 108 85 107 99 107 133 94 90 88 116 84 72 237 61 82 125 120 86 146 106 114 89 87 99 94 94 140 90 107 82 71 147 103 81 108 88 116 118 106 80 117 80 93 72 74
internal_value=0 -0.00273042 -0.00184301 -0.00694289 0.00393894 -0.00477425 -0.00647163 0.0187076 0.00895776 -0.00840122 0.00769621 0.0118207 -0.00406391 0.00519463 -0.00558334 -0.0218668 -0.00384984 -0.00493759 0.0160633 0.0322734 0.011729 0.0220671 0.0145593 -0.0016319 -0.0124543 -0.00686221 -0.0124266 -0.0161234 -0.0094074 0.00146083 -0.00194663 -0.0102501 -0.000477505 -0.00557258 -0.0112952 -0.00261804 0.0247936 0.0160348 -0.0286367 -0.0173741 -0.00917506 0.00647126 -0.0367787 -0.0324692 -0.0356776 -0.0411852 -0.0201865 -0.0409481
internal_weight=0 797.493 778.263 413.416 364.847 389.864 368.369 71.8228 53.0568 346.732 310.711 230.03 80.6814 57.0832 45.0218 69.8525 26.3828 276.879 185.008 37.6712 147.337 82.6976 64.6519 64.6392 42.5958 256.576 153.477 137.56 103.495 103.1 75.3584 54.8233 38.0327 76.7619 61.762 46.4732 45.6104 39.4495 28.137 54.1363 39.6521 31.2876 19.23 43.4698 34.0646 23.5515 17.0283 29.9664
internal_count=5095 4709 4482 2521 1961 2333 2225 386 279 2118 1616 1223 393 277 268 655 227 1463 955 208 747 419 333 328 214 1364 816 734 555 548 373 279 189 408 337 250 227 193 182 345 229 178 227 428 179 188 166 311
is_linear=0
shrinkage=0.05


Tree=57
num_leaves=49
num_cat=0
split_feature=9 39 283 51 119 283 272 102 66 260 126 272 9 155 111 260 260 56 288 99 148 289 110 30 8 274 291 272 8 157 287 30 277 33 299 292 147 38 284 31 288 107 287 283 272 263 279 235
split_gain=8.44103 13.092 10.2833 8.3711 8.10191 7.39293 7.0885 5.81251 6.65335 5.94149 5.91559 5.90101 5.76401 6.79906 6.13148 6.33612 8.45258 6.15291 5.61332 5.54219 5.5113 5.03161 4.91227 6.83589 4.8123 5.52649 4.52582 4.49882 6.59953 4.4832 4.39428 4.30256 4.25717 4.17267 4.16689 4.1387 3.91148 3.71336 3.61862 2.95686 3.16453 2.59514 3.63942 6.70495 2.30208 1.96577 1.67475 0.744529
threshold=1.0000000180025095e-35 0.41428571428571431 0.3585714285714286 9.5000000000000018 6.6250000000000009 0.093073593073593086 -2.667193044514474 14.500000000000002 1.0000000180025095e-35 2.4308471283988928 6.5000000000000009 -2.482813080379858 2.2500000000000004 29.500000000000004 215.00000000000003 4.9753161928549661 6.9463027372133226 12.250000000000002 0.48314048284850658 8.8750000000000018 49.500000000000007 -0.97507822412530132 100.71430000000002 1.0041977657685934 72.500000000000014 -1.8198345546912924 0.95445134575569368 -1.7037645563037078 32.500000000000007 8.5000000000000018 0.99999999999973688 0.083916083916083961 -2.0324668681348608 0.31969111969112013 10.794441001423698 13.250000000000002 10.500000000000002 0.87500000000000011 1.6858552631578949 0.89478260869565229 -0.34235669412071207 91.875000000000014 0.9999998542287577 -1.0000000180025095e-35 -1.5257041441121959 84.126357769688966 -1.6186320957319345 11.500000000000002
decision_type=2 2 2 2 2 2 2 2 2 2 2 2 2 2 2 2 2 2 2 2 2 2 2 2 2 2 2 2 2 2 2 2 2 2 2 2 2 2 2 2 2 2 2 2 2 2 2 2
left_child=1 34 4 5 18 7 38 8 9 -3 19 -12 14 -14 15 21 46 -16 37 36 -15 -8 23 24 25 31 -25 28 -24 -20 -4 -23 -13 -34 41 -19 -10 39 -6 40 -2 -1 44 -44 47 -7 -17 -43
right_child=2 3 30 -5 6 45 12 -9 10 -11 11 32 13 20 17 16 -18 35 29 -21 -22 22 27 26 -26 -27 -28 -29 -30 -31 -32 -33 33 -35 -36 -37 -38 -39 -40 -41 -42 42 43 -45 -46 -47 -48 -49
leaf_value=-0.043650350312308135 0.024118788937425584 -0.039105789075976234 -0.034277490038638427 0.033571255585919654 0.00017095887793705709 -0.047309070173912685 -0.024281260023804822 0.026386034991696478 0.041649857569098371 -0.00052825972330572477 0.024043885354885674 -0.034364470953001151 0.040110214656145921 -0.0076360436570952752 0.0084850038069253387 0.021519548249652728 -0.0052044404302829085 -0.043149779962182416 -0.016772646741817547 -0.0083152720789524594 0.027559115891924137 0.001558130216380514 -0.0023322095524475881 -0.0014075855405359411 -0.031909341068873269 0.0146567603450316 0.031965053904070867 -0.0021016932202521216 0.036852016863151919 0.017760934803614306 -0.00038858868881555943 -0.034156995748801509 -0.022684008856409664 0.012360408167730414 0.0012168515325555445 -0.0068713703136024018 0.0073982863057515669 0.0073334957582356424 -0.029719447824097391 0.015617842518508241 0.057919615262432424 -0.052010582879306044 0.005158881478526371 -0.039732846076237512 -0.0094805168324690256 -0.0094466287653592867 0.046312435635662841 -0.025520415143685107
leaf_weight=16.875557076185942 15.609072901308538 19.22971561178565 22.764265190809965 16.750880137085915 17.579316549003124 9.5994242895394546 17.012718364596367 18.571252755820751 19.278548087924719 19.755426701158285 11.548252273350952 16.369996231049299 21.989482894539833 27.143944710493088 18.84325997531414 15.999408423900602 20.240596637129784 16.993048716336492 16.293084319680929 15.280264921486376 17.482343278825283 16.166941896080971 16.542362652719021 22.716921888291836 20.567693192511797 22.601664662361145 17.261016756296158 29.055964458733797 29.076419077813625 19.602517031133175 16.048685267567635 16.43834138661623 14.49016449600458 17.855779107660055 16.523990090936422 14.753917161375282 15.027830421924589 19.161433830857277 22.844263352453709 17.104723453521729 16.270252138376236 11.813305167481309 24.140866540372372 11.539323695003985 7.567715758457779 5.9567884728312483 17.180467702448368 7.7437740210443726
leaf_count=149 79 124 124 74 90 139 90 102 110 125 77 115 114 128 106 82 100 105 83 87 91 82 80 116 111 115 86 150 144 97 74 82 112 103 110 104 89 97 113 82 84 134 157 106 71 68 82 87
internal_value=0 -0.00653677 0.00388429 0.000784115 0.00574084 -0.00238382 0.00261783 0.000763809 -0.00258801 -0.020059 0.00373733 -0.00674972 0.00475805 0.0179923 0.00187887 0.0049772 0.0201626 -0.013884 0.0181582 0.016364 0.00645349 0.000988654 0.00336131 -0.00309072 -0.0118682 -0.00396693 0.0134299 0.0132712 0.0228977 0.00205632 -0.0206266 -0.0169287 -0.0143862 -0.00354807 -0.0215862 -0.0270146 0.0272805 0.0264875 -0.0170304 0.0336834 0.0426066 -0.0262715 -0.0209909 -0.010047 -0.0345175 -0.0342571 0.0353366 -0.0432733
internal_weight=0 295.919 561.344 199.714 522.531 182.963 418.49 167.407 148.836 38.9851 109.851 60.2642 378.067 66.6158 311.451 260.861 53.4205 50.5902 104.041 49.5866 44.6263 207.44 190.427 115.753 75.7746 55.2069 39.9779 74.6747 45.6188 35.8956 38.813 32.6053 48.7159 32.3459 96.2045 31.747 34.3064 68.1455 40.4236 48.984 31.8793 79.6805 62.805 35.6802 27.1248 15.5562 33.1799 19.5571
internal_count=5030 2139 2891 1325 2693 1251 2171 1044 942 249 693 407 1968 333 1635 1320 264 315 522 286 219 1056 966 592 390 279 202 374 224 180 198 164 330 215 814 209 199 342 203 245 163 704 555 263 292 207 164 221
is_linear=0
shrinkage=0.05


Tree=58
num_leaves=49
num_cat=0
split_feature=10 279 288 108 260 283 234 285 148 116 36 282 196 283 69 30 259 291 10 209 42 102 187 283 112 110 227 212 58 274 226 80 214 277 77 77 34 51 55 197 260 274 259 212 30 234 287 34
split_gain=8.83681 8.90001 7.70591 7.30616 7.84472 6.66322 6.76153 6.61708 10.0895 7.4845 6.53601 7.24844 6.56768 6.37261 6.36584 6.31502 6.05212 6.10716 5.44161 5.27489 7.15707 5.13073 4.885 7.19544 5.377 5.86424 6.31784 4.42275 4.64466 4.44756 4.28211 6.96918 4.07761 4.82822 3.99615 3.94288 3.50742 3.50452 4.05387 3.29991 3.24785 3.03428 2.73403 3.28758 2.48735 2.48294 2.46906 2.82875
threshold=0.12500000000000003 -2.1561641081441381 0.63920241694561786 26.250000000000004 4.2346724667781599 0.12701612903225809 1.0000000180025095e-35 12.312500000000002 60.500000000000007 105.00000000000001 2.165776053066129 1.0000000180025095e-35 1.0000000180025095e-35 -0.051315789473684204 85.500000000000014 2.1125874125874131 -6.1944180393229269 0.91779279279279291 0.29166666666666669 5.2500000000000009 7.5000000000000009 7.5000000000000009 71.750000000000014 -0.50925925925925919 215.00000000000003 131.25000000000003 30.500000000000004 3.2500000000000004 14.500000000000002 -1.2579657283269465 42.500000000000007 78.875000000000014 3.5000000000000004 -2.0372788465335581 83.312500000000014 78.812500000000014 -0.79906039906039916 45.500000000000007 797.50000000000011 1.0000000180025095e-35 -1.3215776962280212 -2.4156219164662525 -7.3471310580566174 1.1250000000000002 2.832167832167833 7.5000000000000009 0.99999999774026727 -0.83998163998164033
decision_type=2 2 2 2 2 2 2 2 2 2 2 2 2 2 2 2 2 2 2 2 2 2 2 2 2 2 2 2 2 2 2 2 2 2 2 2 2 2 2 2 2 2 2 2 2 2 2 2
left_child=7 13 3 4 5 6 -3 8 15 -10 11 12 14 21 32 19 17 34 -18 20 42 -2 23 -23 25 26 -25 29 -29 45 31 -22 33 -9 -8 -5 -28 38 -13 -6 -7 -38 -1 -44 -17 -4 -15 -48
right_child=1 2 27 35 39 40 16 10 9 -11 -12 37 -14 46 -16 44 18 -19 -20 -21 30 22 -24 24 -26 -27 36 28 -30 -31 -32 -33 -34 -35 -36 -37 41 -39 -40 -41 -42 -43 43 -45 -46 -47 47 -49
leaf_value=0.0065612090441664293 0.01483791603200779 0.034053473786443696 -0.019226212505305665 -0.039001073595694484 0.044560189127990722 -0.0011117770574052708 0.010537220608815833 0.0078358378311519893 0.002417418994467649 0.041112472922236874 -0.01492342475077031 0.007319755054458834 0.04400365694654032 -0.0530066862294458 -0.0099602655678041416 -0.040204364968689239 0.0021764767790580248 0.031648725577419184 -0.037420572236330794 -0.019985035782423766 0.0014013555652686084 0.020340630817239636 -0.038812365190336262 0.0061731305491989318 -0.042718937223297317 0.01698438711564117 -0.0431040320728861 -0.014966358329760832 0.025667812678969927 -0.00012750340089824676 -0.00022206533937917276 0.044140271691055576 0.0017982671562307589 0.043123858211969276 -0.020796814136730967 0.00081501898589038 0.0024702893757419454 0.016629395164347572 -0.028350483003427143 0.014458975401148294 -0.043739606547969101 -0.031844338513067824 -0.0023601779654077236 -0.030632693365799286 -0.011224173170827009 -0.049076033342264042 -0.00030174488313089979 -0.03469746272673311
leaf_weight=16.845638364553452 18.670006562024355 19.204384133219719 18.095627620816234 11.93187525868416 17.251449391245842 8.1136066690087336 29.429588455706835 15.353444173932074 29.093575179576874 21.084369763731956 18.785437408834696 15.300747215747835 26.938594318926334 10.152531333267687 18.389858528971672 15.033596668392422 20.520382273942232 22.544612497091293 13.903465602546929 30.657710894942284 17.55307836830616 16.875153504312038 14.777711808681486 21.208540450781584 13.251981511712073 16.190303675830364 18.080465506762263 15.097219163551928 11.503942426294087 15.171787194907663 30.863076470792294 20.067781396210194 16.431958459317684 27.960765182971954 14.287274666130541 11.898762632161377 13.485831458121536 17.953350454568863 14.908988460898398 21.103219673037529 9.093759583309291 11.106555908918386 20.102804236114025 20.442587055265903 15.76634372025728 13.214784724637864 9.2096185348927957 16.12665164843202
leaf_count=78 111 109 132 112 92 84 146 80 142 105 127 93 126 138 87 79 109 116 95 152 88 83 87 110 101 87 113 99 86 108 142 101 87 150 104 78 94 79 99 125 90 71 100 98 83 90 70 156
internal_value=0 -0.00524127 0.000459743 0.00555441 0.00910331 0.00342814 0.00765198 0.00488966 -0.000526173 0.0191624 0.0123271 0.0157428 0.0230466 -0.0138638 0.0153566 -0.0058736 0.00233088 0.0111189 -0.0144213 -0.00173539 0.00283192 -0.00904874 -0.0127066 -0.00888823 -0.0143331 -0.00916625 -0.0159536 -0.0133197 0.00289959 -0.0224674 0.0136558 0.0247518 0.0231848 0.0310745 6.07528e-05 -0.0198885 -0.0268402 -0.000336172 -0.0106284 0.0287864 -0.0248048 -0.0136658 -0.0100968 -0.0170091 -0.026189 -0.0329535 -0.0325714 -0.022681
internal_weight=0 451.501 272.366 199.282 175.452 137.097 119.89 409.534 237.511 50.1779 172.023 153.238 105.075 179.135 78.136 187.333 100.685 66.2615 34.4238 156.533 125.875 143.647 124.977 110.199 93.3237 80.0717 63.8814 73.0834 26.6012 46.4822 68.4839 37.6209 59.7462 43.3142 43.7169 23.8306 42.6729 48.1631 30.2097 38.3547 17.2074 24.5924 57.391 40.5454 30.7999 31.3104 35.4888 25.3363
internal_count=5092 2996 1775 1260 1070 853 679 2096 1168 247 928 801 530 1221 404 921 570 366 204 759 607 857 746 659 576 475 388 515 185 330 331 189 317 230 250 190 278 271 192 217 174 165 276 198 162 222 364 226
is_linear=0
shrinkage=0.05


Tree=59
num_leaves=46
num_cat=0
split_feature=282 143 51 8 32 283 89 29 285 58 58 39 287 45 14 279 10 47 211 58 263 113 232 292 117 119 33 286 32 202 157 277 284 280 290 137 274 72 0 32 292 58 8 277 105
split_gain=10.0444 9.44261 9.51647 13.1383 10.6441 10.3113 9.03401 6.62292 6.28602 6.46533 6.16958 5.84646 5.90077 8.12282 6.63304 5.43599 9.35295 8.10891 8.06798 6.46957 5.90582 5.57051 5.34889 6.95314 4.87941 5.61982 4.79023 4.91308 4.26087 4.85573 4.0862 4.55166 3.97229 6.44064 5.89565 6.64528 5.13964 4.60541 3.7521 4.56196 3.45232 1.9099 1.6843 1.56084 0.502798
threshold=-1.7499999999999998 63.750000000000007 7.5000000000000009 237.50000000000003 2.0496371109274341 0.34057971014492755 72.875000000000014 -3.0833976833976826 11.437500000000002 21.500000000000004 7.5000000000000009 0.83766233766233777 9.1901589028499458e-08 1.0000000180025095e-35 0.041666666666666671 -1.9372236121487372 0.12500000000000003 -0.023078628581764345 3.5000000000000004 10.500000000000002 87.925204075917847 45.000000000000007 1.7500000000000002 11.875000000000002 7.3958250000000012 7.7916500000000015 -3.8733590733590728 0.15768200747968769 1.0324324324324328 7.5000000000000009 6.5000000000000009 -2.5632055242177096 1.6858552631578949 82.292945842030335 10.500000000000002 9.5000000000000018 -1.2579657283269465 82.250000000000014 89.500000000000014 0.40000000000000008 13.250000000000002 15.500000000000002 37.500000000000007 -1.4637174200293732 11.500000000000002
decision_type=2 2 2 2 2 2 2 2 2 2 2 2 2 2 2 2 2 2 2 2 2 2 2 2 2 2 2 2 2 2 2 2 2 2 2 2 2 2 2 2 2 2 2 2 2
left_child=8 2 4 -4 5 6 15 -8 11 28 -9 12 -1 30 -15 16 17 19 24 -2 21 -17 43 -24 -18 -26 -6 -28 -10 40 -14 -32 34 36 35 37 -34 -25 39 -12 -30 -27 -29 -23 -41
right_child=1 -3 3 -5 26 -7 7 10 9 -11 38 -13 13 14 -16 20 18 -19 -20 -21 -22 22 23 32 25 41 27 42 29 -31 31 -33 33 -35 -36 -37 -38 -39 -40 44 -42 -43 -44 -45 -46
leaf_value=-0.024662629408664205 -0.0037274457372078553 0.031866219292557521 0.046920505598212044 -0.0058047495241282136 0.0082906444943082695 -0.038448561528522905 0.014225668490630443 0.0032492908030150483 0.045587859744995581 -0.0043802115055084209 -0.010356044485681859 0.02667524318159083 -0.0043364365302407462 -0.036829716323247767 0.0029573106232381845 -0.020442226799734915 -0.04461009787030875 -0.019039967898040026 0.01404622067308816 0.03509788635968715 -0.021607114936033331 0.042200116937377637 0.031422416002786405 0.0065837023691107267 0.013074665163689478 -0.014799908587959371 0.00088869703898407241 -0.051043752841126791 0.011246802557510378 0.0023145100911169652 0.00032984210611399894 0.032531475959746051 -0.037662650808739345 0.011303671870978941 0.033733483605123078 0.028174303859295948 -0.00098719707582599499 -0.035108392205425873 -0.007017969825961444 -0.05026150068378913 0.04122287148933091 -0.041350963571566132 -0.020128458511240923 0.017177434698674915 -0.031333658407727484
leaf_weight=23.154599390923977 17.567683309316635 17.245721451938152 19.513015165925026 27.413895882666111 6.7804448939859858 20.228666439652443 14.914730362594126 19.867883808910847 16.868551447987556 26.920898862183094 14.484460156410931 19.048251301050186 22.874899357557297 17.902826584875584 23.191185176372528 14.222157225012777 21.456777270883322 18.542092844843864 15.317322786897419 25.872274413704872 16.580564368516207 14.199228992685677 23.744775626808405 12.592068316414954 11.985741127282379 18.039040163159374 7.2869664803147307 23.90176093950868 17.750174775719643 30.303561270236969 16.983547896146774 30.118200320750475 18.266247309744355 29.7446548640728 19.252169225364923 12.920298177748917 19.056552186608318 12.379389101639388 16.448685348033905 22.690196592360735 22.867304250597954 12.017262564972041 7.6282230764627448 14.503797229379414 13.142213489860294
leaf_count=122 84 86 93 118 50 151 72 128 104 146 76 98 114 88 120 98 139 91 104 128 104 77 127 79 77 129 84 320 87 154 84 148 91 153 100 72 96 84 124 159 110 95 91 83 91
internal_value=0 -0.00355041 -0.00469075 0.0166409 -0.00666056 -0.00439072 -0.00277719 -0.0158213 0.00813674 0.0169345 -0.0210974 0.00148536 -0.00226023 0.00258833 -0.0148393 0.00106071 -0.00649516 0.00796845 -0.0178269 0.0196659 0.0061952 0.00871022 0.011159 0.0072154 -0.0256139 -0.0151077 -0.0294626 -0.0360999 0.0234464 0.0176195 0.0128876 0.0211687 0.00237389 -0.00584553 0.0119553 0.000307315 -0.019451 -0.0146408 -0.0282835 -0.034963 0.0287081 -0.0264053 -0.0444129 0.03056 -0.0443585
internal_weight=0 579.807 562.561 46.9269 515.634 470.037 449.808 101.548 267.984 114.71 86.6334 153.274 134.225 111.071 41.094 348.26 140.798 61.9821 78.8161 43.44 207.462 190.881 176.659 147.956 63.4988 42.042 45.5974 38.817 87.7896 70.921 69.9766 47.1017 124.211 67.0675 57.1439 37.8918 37.3228 24.9715 66.7656 50.3169 40.6175 30.0563 31.53 28.703 35.8324
internal_count=5029 3654 3568 211 3357 2812 2661 650 1375 601 578 774 676 554 208 2011 847 303 544 212 1164 1060 962 802 440 301 545 495 455 351 346 232 675 340 335 235 187 163 450 326 197 224 411 160 250
is_linear=0
shrinkage=0.05


Tree=60
num_leaves=49
num_cat=0
split_feature=154 282 30 5 51 281 30 2 63 287 34 115 289 226 32 299 34 182 273 72 29 289 10 29 8 274 195 289 113 99 156 81 97 193 299 287 99 181 109 282 32 292 277 272 280 34 31 148
split_gain=10.2559 8.87825 8.14401 7.97994 12.0926 9.45393 9.7737 9.87263 8.0666 7.86289 6.62334 7.59246 6.15601 5.69565 5.57322 6.98621 6.36736 5.88487 6.50363 6.10177 5.50575 5.09237 6.77142 6.91003 6.542 6.25852 5.6366 7.2834 4.7882 4.57302 4.54507 4.97843 4.50258 5.17913 4.32392 4.22212 4.15585 4.50467 3.20054 2.85679 2.82623 3.07666 2.54505 2.42142 1.87204 1.65998 0.72298 0.115487
threshold=79.250000000000014 -4.2499999999999991 3.8391608391608396 79.500000000000014 1.0000000180025095e-35 80.918570700087983 0.51490614648509403 82.750000000000014 81.250000000000014 8.3724458256606577e-22 -2.6172584172584163 125.00000000000001 0.6174544326165855 3.5000000000000004 -0.88725868725868728 4.6249998531140557 1.5525447525447522 6.5000000000000009 88.920951577380521 85.250000000000014 0.34285714285714264 0.097680735332368748 0.29166666666666669 -1.6285714285714279 102.50000000000001 -1.4010795202870017 56.500000000000007 -0.39036009226888674 75.000000000000014 6.3750000000000009 4.5000000000000009 72.500000000000014 8.1875000000000018 17.750000000000004 6.9999999999995195 0.9999999871346118 10.125000000000002 8.5000000000000018 118.75000000000001 -1.2499999999999998 0.81340141985303294 12.750000000000002 -1.8291690295888425 -1.5010437698183061 82.633554403858028 -0.44887004887004878 0.91565217391304365 2.5000000000000004
decision_type=2 2 2 2 2 2 2 2 2 2 2 2 2 2 2 2 2 2 2 2 2 2 2 2 2 2 2 2 2 2 2 2 2 2 2 2 2 2 2 2 2 2 2 2 2 2 2 2
left_child=1 -1 3 5 8 6 12 13 20 -10 11 -11 -3 30 -12 17 21 -16 19 -19 -5 22 25 -24 36 26 27 32 -28 -25 35 -32 -17 -34 -30 47 37 40 -14 -36 -23 -42 -38 46 -7 -20 -31 -8
right_child=-2 2 -4 4 -6 44 7 -9 9 10 14 -13 38 -15 15 16 -18 18 45 -21 -22 24 23 29 -26 -27 28 -29 34 43 31 -33 33 -35 39 -37 42 -39 -40 -41 41 -43 -44 -45 -46 -47 -48 -49
leaf_value=0.024503096714242591 0.036870995359437768 -0.015926046308085286 -0.03251681556654909 0.039528381782130952 0.037024482072765617 -0.051236544624190285 -0.030877637489603257 0.026128159782890844 -0.032013388012452133 -0.0073649243592319412 0.02689605721572216 0.034023173854868388 0.0092240884847174 -0.043960622071034246 -0.045270310646793058 0.043342585328557157 -0.025956054412772434 -0.013475487550315402 -0.041187896100072938 0.029436850532380484 0.0043904981309217002 -0.0040128094687776781 0.0127414079158446 0.001373836106716219 -0.018858315931343475 -0.022600936524895424 0.019411875437315214 -0.0062821205399865472 0.004180646302713714 -0.028416049511773546 -0.021709718692435032 0.020975584426359703 0.031215475640387343 -0.0065824166970533081 -0.0081128029058580835 -0.010631254065860105 0.011970752602617072 -0.013656462680269259 0.037881879325976281 -0.036367404047003629 0.0042339932304452524 0.032838218659291471 0.039182041291301921 -0.012858250897543966 -0.023185545713196982 -0.014968061655712886 -0.053068400076895318 -0.054850296620548203
leaf_weight=31.337500348687172 17.080148346722126 14.891483394429086 20.584159724414349 19.345879942178726 21.865713067352772 12.166867895051839 6.8565118703991157 11.708612889051436 19.627343380823731 17.918117962777615 14.844884589314459 26.807750351727009 25.697380188852549 20.152350468561053 14.137960223481057 19.401201274245977 22.282475873827934 18.144646147266034 11.912564691156151 13.647865157574413 25.292609341442585 15.374526299536226 13.097243390977381 10.178162682801483 17.182093881070614 22.777717273682356 15.572727188467978 28.818375121802092 27.468596421182156 9.2835854031145555 11.081381184980275 14.735625067725776 17.823657013475895 16.919904142618179 19.474883630871769 22.72114803083241 16.958899684250355 19.359986592084169 15.644969910383223 16.819634258747104 16.450903814285994 22.028098993003368 19.459102861583233 9.0559046342968958 16.793321251869202 14.842804871499537 14.426161158829926 6.7766707297414541
leaf_count=158 90 80 137 101 102 81 94 50 143 92 76 134 129 132 105 99 128 114 78 85 132 74 79 85 87 124 79 155 136 101 108 101 91 88 89 149 83 105 94 102 89 107 98 93 89 103 165 89
internal_value=0 -0.00118971 -0.00221471 -0.00138277 0.00135179 -0.0106246 -0.0054715 -0.0152723 -3.83423e-05 -0.00173489 -0.000538448 0.0176438 0.0108976 -0.0214035 -0.00227394 -0.00326537 -0.000597447 -0.0173856 -0.010005 0.0052818 0.0201514 0.0010045 -0.00326069 -0.0183234 0.00907621 0.00137424 0.00485682 0.0138936 -0.00464846 -0.0278721 -0.0135116 0.00252752 0.0245513 0.013139 -0.0107337 -0.0246646 0.0135852 0.00655319 0.0207074 -0.0218306 0.0139349 0.0210261 0.027169 -0.0367285 -0.0362872 -0.0277055 -0.0449564 -0.0457278
internal_weight=0 839.75 808.412 787.828 608.602 179.226 150.266 94.0323 586.736 542.098 522.47 44.7259 56.2338 82.3237 477.745 462.9 390.214 72.6858 58.5479 31.7925 44.6385 367.931 241.118 56.0411 126.814 185.077 162.299 82.9631 79.3358 42.9438 62.1713 25.817 54.1448 34.7436 63.7631 36.3543 109.632 73.2135 41.3424 36.2945 53.8535 38.479 36.418 32.7657 28.9602 26.7554 23.7097 13.6332
internal_count=5103 5013 4855 4718 3522 1196 1026 723 3420 3187 3044 226 303 673 2818 2742 2257 485 380 199 233 2129 1486 523 643 963 839 433 406 444 541 209 278 179 327 332 556 375 223 191 270 196 181 359 170 181 266 183
is_linear=0
shrinkage=0.05


Tree=61
num_leaves=47
num_cat=0
split_feature=9 48 14 30 57 232 51 138 259 278 78 288 109 30 138 54 8 145 198 36 299 107 86 154 58 110 74 31 274 32 198 227 158 97 97 74 35 55 276 29 274 146 259 282 30 89
split_gain=8.9196 7.89032 6.67757 8.81785 8.66081 8.2036 7.24142 6.26831 5.67359 5.6031 5.4411 9.87411 7.63638 6.57252 5.55717 5.54418 5.79303 5.51298 5.40672 7.4226 5.39453 5.29831 5.18354 4.71015 4.6685 7.17223 4.64172 7.22526 7.54306 4.41641 4.38054 4.7448 4.92245 5.33101 4.2916 3.65719 3.59228 3.32966 3.09844 3.04008 4.33576 3.8954 3.22698 2.49441 0.466839 0.127096
threshold=4.5000000000000009 0.14002664167423898 0.097222222222222224 -0.33146853146853134 10.500000000000002 532.25000000000011 2.5000000000000004 31.500000000000004 -10.594136428986532 88.875224623010425 0.54164999999999719 0.48314048284850658 158.75000000000003 2.0349650349650354 14.166650000000002 802.50000000000011 22.500000000000004 16.500000000000004 1.3333250000000001 1.4978845523509778 12.937489226604738 80.625000000000028 70.500000000000014 10.750000000000002 10.500000000000002 111.25000000000001 6.2500000000000009 1.6408695652173915 -1.8686612728222445 1.7397683397683401 4.0833250000000012 22.500000000000004 26.500000000000004 5.3958250000000012 9.8125000000000018 6.2500000000000009 0.49494897427831791 802.50000000000011 86.256549536533228 -0.34285714285714292 -2.1761165324444529 3.2500000000000004 -6.1944180393229269 -0.74999999999999989 0.79860139860139878 72.875000000000014
decision_type=2 2 2 2 2 2 2 2 2 2 2 2 2 2 2 2 2 2 2 2 2 2 2 2 2 2 2 2 2 2 2 2 2 2 2 2 2 2 2 2 2 2 2 2 2 2
left_child=1 29 4 8 7 6 10 24 -4 43 12 14 15 -14 22 21 -17 -16 19 -5 30 -6 -12 -24 34 44 -13 28 -28 -1 -20 -32 33 -33 -3 -19 -10 -23 -9 -35 45 -42 -43 -2 -26 -41
right_child=9 2 3 18 5 -7 -8 38 36 -11 11 26 13 -15 17 16 -18 35 20 -21 -22 37 23 -25 25 -27 27 -29 -30 -31 31 32 -34 39 -36 -37 -38 -39 -40 40 41 42 -44 -45 -46 -47
leaf_value=-0.004618562133306625 0.046379928300581977 -0.0028043145006229862 -0.016395145555803011 0.02013583128422378 -0.013975154098266405 -0.023601408902430624 0.031634477569681213 -0.042276410699815414 0.029404294044150459 -0.0033976367952642857 -0.0034408573572107734 -0.030094570486589228 -0.023261356731136624 0.022160420773548819 -0.02325856234121176 0.052235250676247791 0.016904260411337132 -0.0022639864522708292 -0.04075096207791587 -0.026611347176357204 0.011224977115813918 0.029856876751104461 0.015322967181367062 0.050093158202525481 -0.032742885191638683 0.012384669370770443 -0.01585780776277481 -0.030512259263530652 0.02846511479982743 -0.04480683408917821 0.0064615146921589532 0.018468023776761877 -0.050300630888792053 -0.0022153625529454865 0.030281635896071607 0.025029337596539275 0.0026646033070289558 0.0027651092115748561 -0.011190873333835514 -0.052193641542320215 -0.035999469424295022 0.017523839987176448 -0.01971006590916342 0.01720526250541406 -0.017950972660802606 -0.031015325385351941
leaf_weight=12.572401225566866 15.836432889103888 22.726387321949005 16.20373922586441 24.374398749321699 16.558975026011467 20.344490543007851 29.604913596063852 15.754386775195597 26.003372255712748 15.854694746434687 15.592002324759958 25.192638155072927 21.549664391204715 11.374404290691016 17.739953976124525 20.27683219127357 28.828841622918844 31.018466390669346 20.924098500981927 11.783715417608617 14.692657776176928 25.839430574327707 24.916353743523359 16.567861892282963 15.191522657871248 18.886044193059206 16.932953618466854 16.789166767150164 19.809058643877506 14.678596178069709 19.196709780022502 9.2325904909521324 11.3150666244328 17.41175801679492 16.032216437160969 19.150989204645157 23.891299705952406 20.026530437171459 17.269939549267292 10.772724000737066 12.506396526470786 10.377889242023224 10.918205011636024 16.307614803314209 16.088319275528193 7.8720933385193339
leaf_count=68 119 125 84 139 85 100 130 76 130 78 117 133 136 76 100 115 144 152 152 136 95 134 135 88 77 108 91 127 109 126 126 70 100 122 82 97 127 100 87 110 110 85 90 75 84 84
internal_value=0 -0.00113467 -0.000179261 -0.00692379 0.00303731 0.00660665 0.0082915 -0.00857407 0.00861843 0.0208452 0.00622169 0.00094269 0.0136085 -0.00737865 0.00965242 0.0198144 0.0322446 -5.78709e-05 -0.0126039 0.00459503 -0.0168884 0.0096822 0.0210078 0.0300616 -0.00157243 -0.0115434 -0.0128329 -0.00430639 0.00815947 -0.0270855 -0.0201142 -0.0158417 -0.0205964 -0.0157718 0.0112989 0.00844012 0.0169043 0.0183392 -0.026827 -0.0204938 -0.0264069 -0.0149917 -0.0015933 0.0325444 -0.0259267 -0.0452858
internal_weight=0 794.79 767.539 247.477 520.062 398.114 377.769 121.949 66.0984 47.9987 348.164 203.709 144.455 32.9241 124.986 111.531 49.1057 67.9094 181.378 36.1581 145.22 62.4249 57.0762 41.4842 88.9245 50.1659 78.7238 53.5312 36.742 27.251 130.528 109.603 90.4067 79.0917 38.7586 50.1695 49.8947 45.866 33.0243 69.8591 52.4473 33.8025 21.2961 32.144 31.2798 18.6448
internal_count=5034 4762 4568 1760 2808 2169 2069 639 341 272 1939 1149 790 212 689 578 259 349 1419 275 1144 319 340 223 476 269 460 327 200 194 1049 897 771 671 207 249 257 234 163 601 479 285 175 194 161 194
is_linear=0
shrinkage=0.05


Tree=62
num_leaves=48
num_cat=0
split_feature=119 283 51 29 193 277 51 36 206 277 137 193 283 35 165 101 138 286 35 30 12 260 284 287 44 220 286 79 283 54 233 283 286 8 235 283 288 107 260 143 292 12 87 284 102 107 137
split_gain=8.5981 8.72462 10.4297 9.82237 9.53707 9.53377 8.7117 7.37499 7.17553 7.09729 7.00295 6.67897 6.41284 6.07527 5.64249 7.07011 5.69696 5.20879 5.19312 5.71394 4.93001 9.75629 5.33407 4.56831 6.32185 5.08544 4.31309 4.15144 4.55363 5.46402 4.41139 4.01899 3.94496 4.78728 3.86342 3.67739 3.56552 5.48129 3.5506 3.50023 3.28595 3.12459 2.73344 2.6131 2.35253 2.2787 0.911792
threshold=6.1250000000000009 -0.30602006688963207 9.5000000000000018 -3.0833976833976826 20.250000000000004 -2.4033770952274787 270.00000000000006 1.4540276491294899 4.5000000000000009 -1.986383236536218 27.500000000000004 2.2500000000000004 0.162280701754386 0.79012959837684982 2.7500000000000004 9.5000000000000018 29.500000000000004 0.52048476014249612 0.84366311034610264 -0.41806791339501609 0.22916666666666671 2.2469130798763604 2.1380952380952385 0.76250901106643976 12.500000000000002 7.5000000000000009 0.31089703208806468 85.375000000000014 -0.71130952380952372 757.50000000000011 69.500000000000014 -0.18350168350168347 0.1586149741293966 52.500000000000007 920.50000000000011 -0.14550264550264547 0.45273815774107123 98.125000000000014 1.3518307998509236 9.2500000000000018 12.250000000000002 0.062500000000000014 62.312500000000007 1.5266106442577032 9.5000000000000018 115.00000000000003 1.0000000180025095e-35
decision_type=2 2 2 2 2 2 2 2 2 2 2 2 2 2 2 2 2 2 2 2 2 2 2 2 2 2 2 2 2 2 2 2 2 2 2 2 2 2 2 2 2 2 2 2 2 2 2
left_child=13 9 3 4 -3 18 -4 11 32 27 36 26 20 14 15 -1 17 -17 19 -5 22 -22 23 -13 25 38 42 28 -2 30 -30 -21 -9 43 44 -10 37 -11 -25 -26 -33 -37 -7 -34 -31 -14 -45
right_child=1 2 6 5 -6 7 -8 8 35 10 -12 12 45 -15 -16 16 -18 -19 -20 31 21 -23 -24 24 39 -27 -28 -29 29 34 -32 40 33 -35 -36 41 -38 -39 -40 -41 -42 -43 -44 46 -46 -47 -48
leaf_value=-0.0157459730845593 0.01866343393218765 0.037497713006706838 0.043336868894059959 -0.001372462170020084 -0.0050926024507498384 0.011518524392763147 -0.0035090879554617437 -0.003042232621836853 0.018755439045933634 0.01608696712024751 -0.0029535835469342462 -0.01677343345355287 -0.043334323519041422 -0.014372426410816947 0.042060333758929563 0.013828931622276523 -0.0028955047143158384 0.052522122809585362 0.0023808545805895924 -0.016714936394993024 -0.046932981480934194 0.006772720482014348 -0.023059456720108836 -0.023629378550903225 0.040857332620717349 0.022977736995750526 -0.0037413018167863177 0.021382961479806575 0.024087278932093729 -0.036140386877462426 -0.011305223145060907 -0.021202164359022842 -0.015321392938485376 -0.0074871464447205903 0.0030264331171593398 0.010056597332002501 0.010225024880895234 0.057371737206098783 0.0062627123917316941 0.0095286900641138646 -0.052562166845846615 -0.026273120939936369 0.041063473954979071 -0.033233580150023069 -0.011703225768150919 -0.010884939474540563 -0.056456647977366527
leaf_weight=17.004557367414236 17.782419808208942 22.096216022968292 18.612729120999575 16.570861458778381 30.027145467698574 17.185629863291979 19.810217157006264 16.27548785507679 16.522449105978012 15.968044292181728 24.120717488229275 15.640559934079645 11.939243845641615 15.829830683767794 19.039922781288624 20.295393265783787 17.393434002995491 15.666024312376974 16.88656004704535 24.043033890426159 14.67921097576618 17.885523200035095 15.480521641671656 19.47817712649703 20.405039913952351 16.85948271304369 18.337090440094471 18.150780748575926 17.739994656294584 22.532729588449001 15.76558757573366 14.264866685494779 9.7041760683059675 16.168986978009343 16.308928459882736 9.3772819973528403 17.211342692375183 17.71563346683979 18.646811727434397 16.611746415495872 29.745879165828228 13.303028220310805 15.296457186341284 14.33783904835582 19.318826362490654 10.820886962115763 16.69072032533586
leaf_count=98 88 107 86 88 154 105 85 149 94 89 120 86 101 83 96 106 93 84 92 142 108 117 77 107 110 92 98 89 90 112 81 122 131 112 85 62 88 93 102 97 265 135 77 163 97 77 142
internal_value=0 -0.0017154 -0.00506735 -0.00702518 0.0133283 -0.00944374 0.0197075 -0.00541278 -0.0158439 0.00709543 0.0191898 -0.000253138 -0.00481815 0.0134998 0.0185395 0.0116743 0.0205422 0.03165 -0.0228252 -0.0278241 -0.00111829 -0.0181132 0.00348644 0.00748125 0.0117407 0.000884642 0.0155602 -0.000108802 -0.0038343 -0.00835297 0.00758882 -0.0341518 -0.0249887 -0.0311051 -0.0175099 0.00142319 0.0295389 0.0388284 -0.00922286 0.0274187 -0.0430946 -0.0114621 0.0262427 -0.0400763 -0.0253965 -0.0290143 -0.0470983
internal_weight=0 736.319 533.704 495.281 52.1234 443.158 38.4229 341.646 112.38 202.615 75.0157 229.266 178.447 105.229 89.3993 70.3594 53.3549 35.9614 101.511 84.6246 155.687 32.5647 123.122 107.642 92.0013 54.9845 50.8192 127.599 109.448 91.6661 33.5056 68.0538 73.1772 56.9017 58.1605 39.2028 50.895 33.6837 38.125 37.0168 44.0107 22.6803 32.4821 40.7327 41.8516 22.7601 31.0286
internal_count=5075 4515 3483 3312 261 3051 171 2342 988 1032 390 1354 1074 560 477 381 283 190 709 617 896 225 671 594 508 301 280 642 553 465 171 529 697 548 294 291 270 182 209 207 387 197 182 436 209 178 305
is_linear=0
shrinkage=0.05


Tree=63
num_leaves=48
num_cat=0
split_feature=282 101 30 282 36 9 215 274 114 42 1 198 138 90 221 148 259 261 58 10 48 274 274 232 34 260 203 204 98 286 227 99 98 286 58 104 35 215 202 48 63 274 33 226 58 115 30
split_gain=9.52541 8.24655 7.04561 8.82976 8.36104 6.63836 5.5579 6.02858 8.14419 7.93818 7.5912 7.13431 6.72236 11.9483 8.00517 7.44742 8.8939 7.29061 6.25681 6.10099 6.46625 6.08465 5.67795 5.53209 8.73189 4.99903 5.04759 4.92138 5.15315 5.10687 8.05432 6.73634 4.91359 4.71157 4.41616 4.31902 4.31053 4.18325 4.0532 3.96542 3.86584 3.03677 3.40494 2.83294 2.62224 2.23659 0.592713
threshold=-3.7499999999999996 15.500000000000002 1.427572427572428 1.0000000180025095e-35 2.1353684448540169 3.2500000000000004 6.5000000000000009 -1.6573671505352878 155.00000000000003 10.500000000000002 80.125000000000014 1.6250000000000002 12.500000000000002 71.875000000000014 10.500000000000002 27.500000000000004 -4.0882210810840842 5.0000000000000009 18.500000000000004 0.37500000000000006 2.9908290418938281 -0.94627472173310945 -2.1117521608350036 69.750000000000014 -0.73818613818613843 -0.42528902681202602 1.0000000180025095e-35 7.5000000000000009 1.5178500000000004 0.31550273558412234 45.500000000000007 7.8750000000000009 0.7916500000000003 0.16957651040697783 12.500000000000002 8.5000000000000018 0.60952412990125227 2.5000000000000004 4.5000000000000009 2.6282390195101741 80.750000000000014 -1.8616947178967456 1.0571428571428572 62.500000000000007 12.500000000000002 115.00000000000001 2.0349650349650354
decision_type=2 2 2 2 2 2 2 2 2 2 2 2 2 2 2 2 2 2 2 2 2 2 2 2 2 2 2 2 2 2 2 2 2 2 2 2 2 2 2 2 2 2 2 2 2 2 2
left_child=36 2 5 4 27 6 7 8 10 19 11 39 13 17 15 44 18 35 -17 20 21 23 -10 24 -9 38 -27 28 29 31 -31 33 -7 -4 -11 -12 -1 -6 -3 -2 -13 -5 46 -32 -14 -19 -43
right_child=1 25 3 41 37 32 -8 9 22 34 12 40 14 -15 -16 16 -18 45 -20 -21 -22 -23 -24 -25 -26 26 -28 -29 -30 30 43 -33 -34 -35 -36 -37 -38 -39 -40 -41 -42 42 -44 -45 -46 -47 -48
leaf_value=0.0054124612277629677 -0.015532912436254665 0.048495699636088269 0.016073341505947136 -0.050921165135740222 -0.04170713090948245 0.03150669819727394 -0.025298257514253571 -0.014252351187846641 -0.042650124378753707 0.0054281367743903462 -0.029893611882740385 -0.013771299553463455 -0.010939468691631676 0.045899040973244425 0.02883910455086295 0.0059806378447991998 0.032714488038866868 0.0063034376492660943 -0.028984374854196644 -0.0082205435228292698 0.047606752746540776 -0.012839071302074435 -0.0019528844178969586 0.045554093863399835 0.032984539730435455 0.019762310023622106 -0.014508170576241054 0.022817831679957573 -0.03005832972084764 -0.035582455809395293 0.017526376753083196 0.031315213336809332 -0.00026765094879339772 -0.022656138670538215 -0.031419455646618799 0.0048959381698606948 0.035386633369646613 -0.0030113688242473301 0.012795767744984794 0.018159834057536343 -0.049485200156612508 -0.018818092315699607 0.004441400404691982 -0.0098552076853566008 -0.040160032303787278 0.032017046917472217 -0.04828166825329433
leaf_weight=22.542878624051809 17.272600801661611 14.141272958368061 13.845300368964674 13.953452738001941 20.185521570965651 27.545027673244476 21.852338897064328 17.866033826023337 20.463877364993095 15.487371042370798 16.812925774604082 15.93819370865822 14.048150200396774 21.132495991885662 14.78054543584585 27.768490541726351 15.151696942746637 17.131519339978695 22.296500969678164 22.13797027990222 17.12252227216959 15.947165625169871 14.433596255257724 15.87299684435129 19.53563675284386 20.961267285048962 20.066159799695015 18.573472674936056 15.631016395986078 19.525753166526556 17.482673965394497 22.080910939723253 21.17672972381115 15.733097251504658 15.554538268595932 17.389140579849482 25.70217976719141 10.6655794121325 18.87683754786849 15.728154033422468 15.568178646266459 5.1598151940852421 8.5084971003234369 18.391578402370214 19.061724472790956 16.966171488165855 5.4042758047580719
leaf_count=122 100 75 76 194 158 145 145 99 134 86 116 86 90 134 80 154 75 86 126 152 81 85 90 82 98 112 104 115 90 117 101 122 112 100 90 103 121 84 100 80 82 73 88 101 120 84 88
internal_value=0 -0.000888231 -0.00253512 -0.0103404 -0.00570277 0.000605979 -0.00125459 -9.95947e-06 -0.0039804 0.00854963 -0.000970951 -0.0157721 0.00379743 0.0139653 -0.0042941 -0.00951492 0.000380779 0.00356501 -0.00985373 0.0149071 0.0208631 0.0136641 -0.026341 0.021688 0.0106369 0.0148843 0.00305453 -0.000481619 -0.00416476 -0.000141039 -0.0105945 0.0110577 0.0179685 -0.00459454 -0.0134399 -0.0125692 0.0217753 -0.0288441 0.0290618 0.000586863 -0.032398 -0.0336313 -0.0190755 0.00360214 -0.0284463 0.0196456 -0.0367625
internal_weight=0 791.229 717.183 205.141 172.115 512.042 463.321 441.468 301.944 139.524 267.046 64.5071 202.539 89.4323 113.107 98.3266 65.2167 68.2998 50.065 108.482 86.3444 69.2218 34.8975 53.2747 37.4017 74.0455 41.0274 141.264 122.69 107.059 55.4 51.6593 48.7218 29.5784 31.0419 34.2021 48.2451 30.8511 33.0181 33.0008 31.5064 33.026 19.0726 35.8743 33.1099 34.0977 10.5641
internal_count=5056 4813 4422 1507 1064 2915 2658 2513 1740 773 1516 348 1168 523 645 565 355 389 280 597 445 364 224 279 197 391 216 822 707 617 319 298 257 176 176 219 243 242 175 180 168 443 249 202 210 170 161
is_linear=0
shrinkage=0.05


Tree=64
num_leaves=49
num_cat=0
split_feature=282 52 148 282 51 108 289 9 289 6 99 90 277 210 98 30 260 33 191 277 259 32 33 78 10 220 114 31 51 56 202 288 289 191 282 8 97 34 280 220 42 283 260 109 272 100 182 140
split_gain=8.2387 6.96433 6.84029 7.53251 5.99161 6.40968 9.40779 6.90678 6.71328 10.4175 8.01434 7.55605 7.53521 6.18796 5.71443 11.3266 8.67078 9.17937 8.7734 7.51459 6.04936 9.74665 6.6608 6.62312 5.57283 5.54056 5.4517 5.02042 4.82478 4.76905 4.71811 4.6894 4.60961 5.36651 4.44971 4.37128 4.16673 3.65337 5.43791 3.43056 3.36125 2.50705 2.19302 3.43607 1.50152 1.48899 0.899634 0.539734
threshold=-4.2499999999999991 0.3033333333333334 77.500000000000014 3.2500000000000004 2.5000000000000004 12.708349999999998 -0.62587551141915865 0.75000000000000011 -0.30164489695395946 78.250000000000014 6.8750000000000009 68.875000000000014 -2.5126108800599183 3.5000000000000004 0.31250000000000006 -0.16783216783216767 4.3479613388526142 0.20418614102824614 4.5000000000000009 -1.782898927418969 -6.7063845801458566 0.65868725868725886 0.23430152123102196 0.54164999999999719 0.12500000000000003 5.5000000000000009 95.000000000000014 0.58173913043478276 115.50000000000001 12.250000000000002 12.500000000000002 -0.73866753694953124 -0.94703994556331683 8.5000000000000018 -1.2499999999999998 37.500000000000007 6.8125000000000009 -0.58142398142398144 89.943429061784443 1.0000000180025095e-35 11.500000000000002 -0.14550264550264547 2.1362991548672836 151.25000000000003 -1.6660749605237415 7.6250000000000009 49.500000000000007 4.5000000000000009
decision_type=2 2 2 2 2 2 2 2 2 2 2 2 2 2 2 2 2 2 2 2 2 2 2 2 2 2 2 2 2 2 2 2 2 2 2 2 2 2 2 2 2 2 2 2 2 2 2 2
left_child=45 -2 3 4 5 8 36 42 10 12 29 13 27 24 15 -14 18 44 20 -20 21 -16 34 -22 -12 26 -9 -10 -5 -3 -31 -13 33 -33 -23 -29 37 -7 -39 -17 46 -41 47 -44 -18 -1 -34 -8
right_child=1 2 -4 28 -6 6 7 25 9 -11 11 31 14 -15 16 39 17 -19 19 -21 23 22 -24 -25 -26 -27 -28 35 -30 30 -32 32 40 -35 -36 -37 -38 38 -40 41 -42 -43 43 -45 -46 -47 -48 -49
leaf_value=0.012267397732888978 0.028062705214022932 -0.0092365298326209395 0.02205776468150332 -0.051804151981906313 0.024307256494409596 -0.0039813067759042389 -0.031627711557568182 -0.01661354743984516 -0.041452162414958381 0.037008295133310519 0.013680629942454975 0.00037575425091684043 0.024199117701145273 0.030510010104057697 -0.0066873325097808849 0.0015319572531620777 0.056885291139332009 -0.0026671012588533991 0.0028961215382655738 -0.042986687165034294 0.018141921799764742 0.035595001263146749 0.054868990621061015 -0.024144458098386022 -0.0304718231839139 -0.02758794123418333 0.015037610038073468 -0.023621639567096672 -0.0099665090016205493 0.042062940665140852 0.0036335424366750768 0.0059810482510150465 -0.055010685546830099 -0.033319388941200311 0.0002797307221782418 0.015577654216949444 -0.013672703502387416 0.044470982210982925 0.00078461398459772418 -0.011248354532341999 -0.013518434650056877 -0.037787977711512079 -0.00047547496646354839 -0.03895889062614221 0.030074505850551519 0.035236936009207007 -0.0330015915433476 -0.057682546135942148
leaf_weight=15.407126054167749 18.331487759947777 20.885151445865631 26.79234367609024 11.431519540026786 19.723066125065088 20.218570299446583 8.6694142296910304 25.689975552260876 13.761413067579268 21.608265396207571 12.848351091146471 20.311290584504604 20.060841828584671 13.744223255664108 26.522848106920719 14.546033229678867 14.025647606700657 15.657970191910861 19.183340758085251 15.496714899316428 14.935432482510803 15.763864293694494 17.275709107518196 21.242611981928349 13.963554879650472 28.488188177347183 26.750926196575165 13.755089469254019 16.840776607394218 13.68721770308912 17.967127045616508 18.641676340252161 16.068748287856579 14.863063942641018 19.096220601350069 12.785186819732187 22.128201171755791 13.938094437122347 13.686096277087925 16.636941760778427 12.732502464205025 21.531075036153197 9.8581333290785569 13.178939696401356 15.487229384481909 15.201793245971201 16.808219000697136 10.321981173008679
leaf_count=73 93 126 145 134 98 110 93 154 69 124 64 128 97 83 136 83 75 92 102 91 98 83 93 159 114 154 143 90 71 75 108 116 109 100 109 71 147 79 83 88 76 155 89 127 85 88 105 88
internal_value=0 -0.00159187 -0.00231495 -0.00319875 -0.00220441 -0.00296884 -0.0107305 -0.0190072 -8.45478e-05 0.00424751 -0.00747965 -0.0137041 0.00183495 0.00441171 0.00488805 -0.0069986 0.00934438 0.0282896 0.00347087 -0.0182367 0.0101273 0.0178392 0.0302075 -0.00666889 -0.00958268 -0.0102482 -0.000488532 -0.0180547 -0.0280748 0.00905056 0.0210295 -0.021064 -0.0265043 -0.0119134 0.0167967 -0.00485829 0.00387668 0.0121074 0.0236106 -0.0191007 -0.0367373 -0.0268022 -0.0352432 -0.0231958 0.0442627 0.024429 -0.0450649 -0.0479657
internal_weight=0 807.941 789.61 762.817 734.545 714.822 192.929 122.958 521.894 329.372 192.521 139.982 307.764 40.5561 267.462 72.7749 194.688 45.1708 149.517 34.6801 114.837 78.6586 52.1358 36.178 26.8119 80.9291 52.4409 40.3017 28.2723 52.5395 31.6543 99.4255 79.1142 33.5047 34.8601 26.5403 69.971 47.8428 27.6242 52.7141 45.6095 38.168 42.0285 23.0371 29.5129 30.6089 32.877 18.9914
internal_count=5073 4912 4819 4674 4469 4371 1267 848 3104 1900 1204 895 1776 261 1546 423 1123 252 871 193 678 421 285 257 178 451 297 230 205 309 183 634 506 216 192 161 419 272 162 326 290 243 397 216 160 161 214 181
is_linear=0
shrinkage=0.05


Tree=65
num_leaves=47
num_cat=0
split_feature=9 116 291 263 29 284 109 62 46 147 279 12 137 56 285 49 220 201 205 277 43 200 234 35 299 32 99 62 46 226 155 283 291 188 8 156 10 220 146 146 57 55 276 274 33 273
split_gain=7.98273 6.60166 5.96284 9.31302 8.73674 7.12521 6.12208 7.46861 6.56139 5.63681 6.33568 5.46055 12.4428 9.40534 7.40314 7.12619 6.04923 5.48246 5.3239 6.55156 7.80709 5.26682 8.06337 4.92478 5.70635 5.9287 5.77975 5.26447 4.73367 4.67557 4.14942 4.05169 3.84658 3.79754 4.80539 4.77468 5.25881 4.81312 3.99417 4.59383 3.56247 3.40822 2.98062 2.48932 1.24541 0.868933
threshold=6.5000000000000009 25.000000000000004 0.96424010217113676 91.564490717318719 0.68571428571428628 2.3582887700534765 176.25000000000003 87.500000000000014 177.50000000000003 7.5000000000000009 -1.9803925603763382 0.14583333333333334 42.500000000000007 8.2500000000000018 12.437500000000002 0.57790982014306291 12.500000000000002 1.1250000000000002 2.5000000000000004 -1.8165190715809907 1.0000000180025095e-35 1.0000000180025095e-35 61.500000000000007 0.92016825471890717 8.1611233578681475 1.2240768240768245 6.6250000000000009 85.500000000000014 187.50000000000003 10.500000000000002 43.500000000000007 -0.43303571428571425 0.76533166458072599 68.500000000000014 107.50000000000001 9.5000000000000018 0.45833333333333343 2.5000000000000004 2.5000000000000004 1.1666500000000002 12.250000000000002 767.50000000000011 88.373983436671395 -2.1948107785629922 -1.5305019305019305 76.861209300216345
decision_type=2 2 2 2 2 2 2 2 2 2 2 2 2 2 2 2 2 2 2 2 2 2 2 2 2 2 2 2 2 2 2 2 2 2 2 2 2 2 2 2 2 2 2 2 2 2
left_child=1 9 5 4 6 11 7 8 41 10 -1 13 28 -3 16 -16 17 -15 19 20 -17 22 29 24 25 -6 27 -27 33 -19 42 -7 -20 34 35 38 37 -37 39 -13 -21 -4 -31 -23 -40 -12
right_child=-2 2 3 -5 23 31 -8 -9 -10 -11 45 12 -14 14 15 18 -18 21 32 40 -22 43 -24 -25 -26 26 -28 -29 -30 30 -32 -33 -34 -35 -36 36 -38 -39 44 -41 -42 -43 -44 -45 -46 -47
leaf_value=-0.0018273541751386404 0.027572438020384213 0.029679847229414438 -0.014658728606555744 -0.028297953599382499 -0.044851765802803423 -0.0062299135547744964 -0.0035748671288387082 0.045841956177230636 0.037183586569805187 0.0032185456080121595 -0.025010857944943145 -0.019646377025731014 0.026709393214876306 0.020806470885611196 -0.020634727499270315 -0.0054617797007100906 -0.034504227238683731 0.0097419784883156293 0.047014519358997836 -0.028431049898580214 0.03983975502656352 -0.038692986065907188 0.023231958874342609 0.019880151044965995 0.014475989892589769 -0.015515477029880537 -0.024672054888722747 0.025983500023924272 -0.043197916976602614 -0.043367135170913423 -0.0017414442803471654 -0.039406209842910586 0.012492838462660331 -0.037847103713901001 -0.028953898553186853 0.00087959239457648976 -0.015800671776430009 0.044259951717995204 -0.013347763758148277 0.019428709232025495 0.006098389535883709 0.014105205028722237 -0.011873207984491671 -0.0099971772419905486 -0.040735787476787091 -0.050149348654923924
leaf_weight=15.813533430919049 25.692072253674269 29.745929792523384 15.276122778654097 15.944166701287029 11.138851612806318 18.954233475029469 22.48044609464705 29.406556643545628 21.434678889811039 25.034176427870989 8.8768512140959519 14.274874111637473 20.868840534240007 20.271644309163094 15.102072104811667 16.3852767534554 15.724072970449923 23.66217309050262 17.375954816117883 13.764938877895476 20.979527920484543 14.563184976577761 24.93398742005229 23.693270804360509 24.926207400858402 12.384291473776104 21.997727150097489 17.039986006915569 11.755809048190711 15.498117677867414 27.036143518984318 17.749953716993332 16.128179980441928 10.759042922407387 20.214839246124029 12.114670509472491 11.518151007592676 12.63972216285765 8.7115390188992041 13.819177843630314 14.533325549215077 27.157736051827669 15.703492216765879 16.548769675195217 10.487691301852463 15.381312809884546
leaf_count=123 158 154 83 93 60 96 144 154 114 154 110 106 112 102 74 95 81 123 96 80 114 73 124 121 148 108 156 94 91 80 142 98 99 98 130 91 104 84 66 95 87 142 82 89 101 113
internal_value=0 -0.000217831 0.00112491 0.00753935 0.0101703 -0.00198845 0.0197228 0.0253161 0.0153046 -0.0153613 -0.0267645 -0.000293202 -0.00822432 0.00339194 0.000585555 0.0104217 -0.00589886 -0.00285712 0.0153101 0.00683512 0.0203495 -0.00645929 -0.0011116 0.00013765 -0.00537326 -0.0133852 -0.0058434 0.00858125 -0.0141612 -0.0087137 -0.0162502 -0.0228934 0.0312402 -0.0108329 -0.00769784 -0.00227435 0.0111995 0.0238883 -0.0126263 -0.000418589 -0.0110947 0.00365115 -0.0283775 -0.024216 -0.0295847 -0.0423048
internal_weight=0 809.811 744.705 242.88 226.936 501.825 115.756 93.2751 63.8685 65.1059 40.0717 465.121 147.164 317.957 288.211 114.269 173.942 158.218 99.1672 65.6631 37.3648 137.946 106.834 111.18 87.4871 62.5609 51.422 29.4243 126.296 81.8999 58.2378 36.7042 33.5041 114.54 103.781 83.5658 36.2725 24.7544 47.2933 28.0941 28.2983 42.4339 31.2016 31.112 19.1992 24.2582
internal_count=5042 4884 4384 1417 1324 2967 637 493 339 500 346 2773 1078 1695 1541 645 896 815 571 376 209 713 551 687 566 418 358 202 966 427 304 194 195 875 777 647 279 175 368 201 167 225 162 162 167 223
is_linear=0
shrinkage=0.05


Tree=66
num_leaves=50
num_cat=0
split_feature=282 32 30 299 87 58 291 299 32 148 60 291 50 260 260 41 30 0 260 110 111 101 190 263 34 274 168 138 44 286 284 286 33 260 88 40 232 119 235 274 47 112 198 74 204 209 289 54 232
split_gain=8.21421 8.88957 6.53285 10.5828 6.17038 5.69773 9.16281 8.08928 8.87147 8.04475 7.90065 6.84228 6.32531 5.7643 6.69952 5.64015 5.47727 6.20741 5.093 4.98415 7.76221 6.65844 7.0821 5.2195 5.18161 4.95773 5.44046 7.0631 4.91786 4.8672 4.70177 5.99655 4.3726 4.19961 5.00249 3.95805 3.84082 3.74032 3.64228 3.64181 3.55294 3.53099 3.37223 3.36537 3.11555 2.92975 2.35473 0.793842 0.323737
threshold=-2.7499999999999996 1.9482625482625486 2.3706293706293713 10.794441001423698 63.687500000000007 7.5000000000000009 0.94281045751633996 8.6707307045353037 0.49961389961389979 2.5000000000000004 91.500000000000014 1.0822072072072075 0.41611185086551272 5.6250743046617364 6.8674361001884456 7.5000000000000009 1.0234965034965036 81.500000000000014 4.8713986258047308 100.71430000000002 95.000000000000014 15.500000000000002 2.2500000000000004 90.036731496707361 -0.86255906255906245 -2.2273896195548777 1.0000000180025095e-35 6.2500000000000009 7.5000000000000009 0.41927310776564108 1.6961538461538463 0.52764327990082383 -2.4223938223938219 0.38568272354722416 0.87500000000000011 1.7500000000000002 12.750000000000002 7.2916500000000015 11.500000000000002 -1.9781317075324367 -1.6064888483109454 175.00000000000003 4.2916750000000006 7.2500000000000009 3.5000000000000004 1.2916750000000004 0.2499757677084001 777.50000000000011 1.7500000000000002
decision_type=2 2 2 2 2 2 2 2 2 2 2 2 2 2 2 2 2 2 2 2 2 2 2 2 2 2 2 2 2 2 2 2 2 2 2 2 2 2 2 2 2 2 2 2 2 2 2 2 2
left_child=4 2 5 38 -1 7 9 8 -2 35 12 16 -11 18 -15 -13 17 -8 19 20 21 22 -14 25 -22 -21 27 -27 -9 45 -6 -32 -33 40 41 -7 -36 -34 -4 -17 -3 -35 -30 -38 -19 -10 -42 -26 -48
right_child=1 33 3 -5 30 6 11 28 29 10 -12 15 13 14 -16 39 -18 44 -20 23 24 -23 -24 -25 47 26 -28 -29 42 -31 31 32 37 34 36 -37 43 -39 -40 -41 46 -43 -44 -45 -46 -47 48 -49 -50
leaf_value=0.034801585853249446 0.032681251672312304 -0.00087921780882097467 -0.014352348423426151 0.022313051048688699 0.026376870285575827 -0.0084578636505283408 0.032114614632889796 0.0065998735600734867 -0.0058762248260324414 0.030114264341181852 -0.031092097032317235 -0.026256241280249799 -0.032794648180738677 0.03805021459985386 -0.0023036012573526615 0.021057995355762915 0.037576867582632699 -0.01949171529399453 -0.034543489282731099 -0.026035466252063977 -0.005873897393354169 0.028336938863561256 0.0074711700934263952 0.033364219703276424 -0.027634895440398762 0.016381320663809582 0.029594195712144583 -0.02718229161957025 0.01578271908881097 0.010475741870203573 -0.020297612460058772 0.030449836924539744 0.014987324438108064 -0.0039406385559376212 -0.01776736136135184 -0.043841942928824346 -0.004306164873720153 -0.015670379172102403 -0.043839645779676036 -0.0087725095463966393 -0.015504942254974279 -0.045168823287178653 0.048831144444488349 0.03676239655176735 0.011495090592755898 -0.034592786081849458 -0.03185312235026596 -0.049590634708775012 -0.056502639668613644
leaf_weight=22.309478297829628 14.053128991276024 8.106244780123232 24.961873626336455 12.893060594797133 21.213327147066593 14.275766290724276 17.434742741286755 24.919008105993271 17.399461533874273 14.649893119931219 22.336796998977661 17.430557981133461 17.362459328025579 16.258985731750727 25.192183777689934 20.794514842331409 26.124548334628344 15.658204656094314 13.747018754482268 13.700433246791361 19.480796460062265 15.381255462765692 26.238760653883219 12.905282173305748 13.855651628226044 18.653024030849338 16.516260623931885 16.705454986542463 14.306802239269016 17.513780571520329 23.496681645512581 16.07991723716259 19.310099482536316 9.9125851169228572 10.460607593879105 18.477751348167658 8.6549391523003596 18.501380324363708 19.1488385386765 18.484680142253637 9.2365364357829112 10.414028499275444 20.078609976917505 10.196872899308799 14.889278322458265 18.253972478210926 7.6523609142750528 13.294229876250027 10.927473286166785
leaf_count=136 75 55 158 66 102 85 90 139 101 69 153 103 101 86 136 103 147 88 81 91 109 81 154 80 84 114 85 109 77 92 112 78 95 76 127 109 75 90 133 98 83 104 106 100 84 111 103 86 118
internal_value=0 -0.00241113 -0.00032569 -0.0163082 0.0116379 0.00130881 -0.00138616 0.010615 -0.00129386 -0.00607816 -0.00325045 0.0096599 -0.000689138 -0.00269246 0.0140484 -0.00339454 0.0195619 0.00918652 -0.00625298 -0.0039652 -0.0110135 0.00109215 -0.00893888 0.00553914 -0.0260273 -0.000355768 0.00679053 -0.00438226 0.023911 -0.0107117 0.00610006 0.000276274 0.00945286 -0.0174257 -0.00774378 -0.0291271 0.00549027 -3.0918e-05 -0.0278411 0.00715057 -0.0302325 -0.0261908 0.0359152 0.0186405 -0.00450268 -0.0211213 -0.0384592 -0.0397655 -0.0484957
internal_weight=0 708.939 623.377 57.0038 120.911 566.373 439.849 126.525 67.2203 309.032 276.278 130.817 253.942 239.292 41.4512 56.7098 74.1068 47.9822 197.841 184.094 105.613 58.9825 43.6012 78.4805 46.6307 65.5752 51.8747 35.3585 59.3044 53.1672 98.6014 77.3881 53.8914 85.5616 49.639 32.7535 29.3124 37.8115 44.1107 39.2792 35.9226 20.3266 34.3854 18.8518 30.5475 35.6534 27.8164 27.1499 18.5798
internal_count=5038 4425 3584 357 613 3227 2526 701 379 1813 1619 713 1466 1397 222 304 409 262 1175 1094 615 336 255 479 279 399 308 223 322 304 477 375 263 841 482 194 302 185 291 201 359 180 183 175 172 212 304 170 221
is_linear=0
shrinkage=0.05


Tree=67
num_leaves=46
num_cat=0
split_feature=155 111 220 291 46 8 282 291 1 283 18 107 33 137 288 226 198 58 97 213 290 55 193 202 32 0 33 283 151 32 32 195 108 286 38 189 33 274 8 18 82 75 47 101 235
split_gain=7.06667 6.02881 14.3984 8.26735 8.38856 6.3975 6.12038 9.70293 5.88777 5.76614 7.4982 9.39471 8.75351 7.77266 7.94378 7.28068 6.55927 6.02609 5.27497 5.23854 5.77544 4.91163 4.61204 4.36893 5.63419 4.94087 4.33088 4.06011 5.50719 5.33177 5.82835 8.07833 5.9803 4.05734 6.02677 5.21968 4.53625 3.9639 3.80514 2.8161 2.59685 2.45169 2.18972 2.0089 1.76548
threshold=87.500000000000014 215.00000000000003 8.5000000000000018 0.95445134575569368 167.50000000000003 97.500000000000014 -2.2499999999999996 0.91779279279279291 73.500000000000014 0.87083333333333346 0.062500000000000014 69.375000000000028 1.0849420849420859 33.500000000000007 -0.15101209918632377 20.500000000000004 25.125000000000004 11.500000000000002 11.187500000000002 5.5000000000000009 10.500000000000002 682.50000000000011 6.7500000000000009 10.500000000000002 0.53359073359073372 81.500000000000014 -0.61698841698841689 -0.054093567251461978 5.5000000000000009 0.84500650383003328 1.2240768240768245 27.500000000000004 8.7500000000000018 0.7803300727517819 0.87500000000000011 3.5000000000000004 -1.5861003861003857 -2.030259187099881 27.500000000000004 0.10416666666666667 85.500000000000014 1.5000000000000002 -0.26389347133089552 8.5000000000000018 15.500000000000002
decision_type=2 2 2 2 2 2 2 2 2 2 2 2 2 2 2 2 2 2 2 2 2 2 2 2 2 2 2 2 2 2 2 2 2 2 2 2 2 2 2 2 2 2 2 2 2
left_child=1 3 5 4 6 21 38 9 -5 10 23 -12 13 14 17 -14 22 -13 26 20 27 -3 -16 24 -8 -25 -6 29 -29 -10 -31 -32 -33 34 35 36 -23 -7 -1 -40 -26 -4 -22 -36 -17
right_child=-2 2 41 8 18 37 7 -9 19 -11 11 12 15 -15 16 44 -18 -19 -20 -21 42 33 -24 25 40 -27 -28 28 -30 30 31 32 -34 -35 43 -37 -38 -39 39 -41 -42 -43 -44 -45 -46
leaf_value=-0.0009393471288527092 0.032316903166317461 -0.037489228002362769 -0.056228167537036758 -0.020505657530626678 -0.043766356792626519 -0.0051581787541839265 -0.0023047404686094438 -0.038815375793733016 0.033615408228372855 -0.029951178033381626 -0.037228744238223775 0.030591085742302446 0.0026401486831174321 0.029466149504872748 -0.016852225784195644 -0.051568735877377529 -0.042479936186996754 -0.0057746045277113581 0.0061648784703050054 0.029977165065911526 0.040212251096944054 0.022133136044192259 0.014442761996929968 0.018888455228208478 0.045760211541447958 -0.014304447577277722 -0.01351503266995702 0.012210109157521137 -0.030647231514406643 -0.02104289390830873 -0.014134572840945948 0.035098807550836011 0.0033410709343897659 0.012404247134720766 0.027624340040688991 -0.039533784264659519 -0.021700571879001814 0.029888118482342341 0.040286383511235598 0.010151845463042479 0.017104598827700507 -0.02178249393169495 0.013636567696144578 -0.0049314684220588129 -0.021109484515457574
leaf_weight=22.213533245027065 14.911840982735155 12.654387649148701 15.288093756884338 15.400001650676129 21.907535495236516 13.126875557005404 16.318681541830301 16.895677864551544 15.52730756998062 15.181262183934448 19.200312489643693 25.140241056680679 18.634181343019009 25.47239038720727 26.565783981233835 12.406210385262968 13.217336509376763 19.708063330501318 14.613187558948992 29.238973397761583 14.344547819346188 8.6598084829747659 19.587407033890486 19.158575236797333 18.297645103186369 24.26003585010767 27.238087106496096 11.979526767507197 17.271125417202711 19.410133615136147 26.026122767478228 28.124333411455154 30.666182894259691 23.136787503957748 9.0324396919459122 20.292033055797219 14.253160264343025 18.923026110976934 15.738947696983816 16.124312274158001 16.568913899362087 10.413202622905372 18.960810147225857 8.490381842479108 10.929625540971754
leaf_count=104 81 111 124 119 133 69 82 110 83 74 127 157 112 144 148 99 97 142 83 155 77 84 128 95 94 120 157 78 125 98 140 149 154 126 82 148 158 109 84 82 76 83 99 83 81
internal_value=0 -0.00132716 -0.010195 0.000750594 -0.00328193 -0.00323008 -0.000386988 -0.00304697 0.00846704 -0.000914849 0.000728489 -0.00497445 -0.00117208 0.00527166 -0.000865623 -0.0207431 -0.0127737 0.0148332 -0.0198886 0.0106627 0.0074184 -0.00965054 -0.00354601 0.0121657 0.0219154 0.000437508 -0.027604 0.00313744 -0.0132717 0.0072222 0.00300814 0.00869325 0.0188663 -0.00505768 -0.0118037 -0.0216934 -0.00490112 0.0158122 0.0150043 0.0258098 0.0329994 -0.0436105 0.0259212 0.0124354 -0.0387564
internal_weight=0 816.597 154.27 662.327 435.378 128.569 371.619 317.542 226.949 300.647 285.465 190.862 171.661 129.691 104.219 41.97 59.3705 44.8483 63.7588 211.549 182.31 96.519 46.1532 94.6039 51.1852 43.4186 49.1456 149.005 29.2507 119.754 104.227 84.8166 58.7905 83.8646 60.7278 43.205 22.913 32.0499 54.0768 31.8633 34.8666 25.7013 33.3054 17.5228 23.3358
internal_count=5064 4983 1177 3806 2529 970 2156 1886 1277 1776 1702 1235 1108 816 672 292 373 299 373 1158 1003 792 276 467 252 215 290 827 203 624 541 443 303 681 555 390 242 178 270 166 170 207 176 165 180
is_linear=0
shrinkage=0.05


Tree=68
num_leaves=46
num_cat=0
split_feature=282 16 290 30 112 273 263 263 279 46 149 280 263 283 232 34 233 146 139 30 227 100 287 109 35 103 282 157 7 44 190 30 283 35 54 34 31 35 108 288 117 279 14 91 140
split_gain=8.54655 6.84349 6.85173 6.54006 6.71386 5.60477 6.48603 5.55097 5.15281 5.53335 7.27082 6.91911 8.28436 7.89994 5.42052 5.05547 7.50828 5.30085 5.03987 4.90071 5.8188 5.5335 4.91692 7.45396 4.79576 5.19779 6.26545 4.78563 4.39318 5.63171 4.37283 4.23816 5.22839 4.23122 4.12315 4.05351 3.64881 3.37229 5.49981 3.2222 3.19975 3.50335 3.05471 1.77323 0.807504
threshold=0.75000000000000011 0.29166666666666669 10.500000000000002 1.0234965034965036 225.00000000000003 91.127374857415461 91.10900827716759 91.258851103001561 -1.8231496160795617 137.50000000000003 38.500000000000007 88.016092577090987 89.118073424147198 -0.36038961038961032 503.25000000000006 0.17982557982557976 2.5000000000000004 2.5000000000000004 13.500000000000002 0.87692307692307703 18.500000000000004 10.125000000000002 0.99880593058868572 111.25000000000001 0.4401131486960887 5.5000000000000009 -1.7499999999999998 8.5000000000000018 9.2500000000000018 22.500000000000004 6.5000000000000009 0.31048951048951062 0.86190476190476206 0.49494897427831791 767.50000000000011 0.28848988848988832 1.1869565217391307 0.8228263892582881 8.7500000000000018 -0.45274443793211405 6.5625000000000009 -0.99163915586209495 0.18055555555555558 65.500000000000014 5.5000000000000009
decision_type=2 2 2 2 2 2 2 2 2 2 2 2 2 2 2 2 2 2 2 2 2 2 2 2 2 2 2 2 2 2 2 2 2 2 2 2 2 2 2 2 2 2 2 2 2
left_child=1 2 5 4 31 6 8 -7 9 10 -1 14 -13 -14 24 16 -4 -18 -9 21 43 22 -3 42 -11 36 -27 44 30 33 -10 39 -33 -30 -23 -29 -26 38 -35 -2 -5 -42 -24 -21 -22
right_child=3 19 15 40 -6 7 -8 18 28 11 -12 12 13 -15 -16 -17 17 -19 -20 20 27 34 23 -25 25 26 -28 35 29 -31 -32 32 -34 37 -36 -37 -38 -39 -40 -41 41 -43 -44 -45 -46
leaf_value=-0.0084278255402700144 -0.0065015904979961181 -0.017081304248832817 -0.004130839127321163 0.0020949671339592075 0.018262830212922184 0.035327021203420426 -0.02932733603588171 -0.014899229566302859 -0.017970661810190979 -0.03094708212924871 0.028893951657873396 0.025233964379640622 0.016548973720829585 -0.025023939589672126 -0.039709594037582015 0.00028350315548665854 0.055875081066162263 0.020302572910442806 0.020490437307737631 0.018434511829396844 -0.026353082789264983 0.002751284263257792 0.014710664369426172 0.038189499417419392 0.001315441354914248 0.027983553758861759 -0.0080701239599725218 -0.030464880846332518 0.028716189039330597 0.039759979901872688 0.014994798567605605 0.011647713648178354 -0.024280188804635634 0.0089813844695122904 -0.033954938491302183 0.011632360229624538 -0.032322691724057585 0.018340286670222201 -0.026549441495387061 -0.040372012416120144 -0.050590623877439858 -0.0042468445546669153 -0.017916501414889412 -0.0098217769545939637 -0.052149574926351687
leaf_weight=22.834719505161047 12.399251345545055 12.565068669617174 14.821926437318323 5.4887253940105465 22.979241911321878 24.21226903796196 15.774354577064512 16.991651708260179 23.195810414850712 19.014466188848019 28.374494403600693 30.93318147584796 18.61645594984293 26.577363977208734 16.090801341459155 26.310941748321056 19.357211587950587 25.462130185216665 21.922970868647099 10.585230382159354 8.8258560039103049 14.593370474874975 14.137932147830726 21.591992093250155 13.428744383156298 19.524308055639267 28.396328158676624 10.343052497133614 20.901870097965002 18.110243756324053 16.268189363181591 25.98819824680686 15.214068405330179 27.362886041402817 14.765740808099507 10.730293020606039 18.891030929982662 23.2777861636132 16.72730814665556 16.665057249367237 17.060986436903484 5.5186876989901021 12.637816108763216 9.7752007134258729 12.686780454590915
leaf_count=117 75 91 84 47 143 120 85 99 116 100 154 157 86 159 89 145 113 135 111 93 75 79 90 129 66 101 157 102 110 100 84 158 67 147 92 92 113 118 96 109 291 82 87 71 120
internal_value=0 0.00311738 0.00570548 -0.0111966 -0.00468659 0.00330021 0.00111915 0.0170336 0.00242741 -0.00203827 0.0124091 -0.00594661 0.00570927 -0.00791149 -0.0136223 0.0185975 0.0265389 0.0365503 0.00505178 -0.00620525 -0.0167965 0.00128151 0.00983994 0.0170379 -0.00903926 -0.00353076 0.00689098 -0.0271146 0.0098215 0.015069 -0.00434662 -0.0123427 -0.00187975 0.00961453 -0.0162199 -0.00947359 -0.0187262 0.00335463 -0.00478845 -0.0266193 -0.0319181 -0.0399242 -0.000779562 0.00504374 -0.0432069
internal_weight=0 706.618 553.379 121.314 93.2458 467.427 404.3 63.1269 388.526 242.682 51.2092 191.473 76.127 45.1938 115.346 85.9522 59.6413 44.8193 38.9146 153.238 62.9464 90.2919 60.9328 48.3677 99.2549 80.2404 47.9206 42.586 145.844 106.38 39.464 70.2666 41.2023 88.2699 29.3591 21.0733 32.3198 67.368 44.0902 29.0643 28.0684 22.5797 26.7757 20.3604 21.5126
internal_count=5055 4083 2962 972 552 2485 2155 330 2070 1299 271 1028 402 245 626 477 332 248 210 1121 553 568 397 306 537 437 258 389 771 571 200 409 225 471 171 194 179 361 243 184 420 373 177 164 195
is_linear=0
shrinkage=0.05


Tree=69
num_leaves=48
num_cat=0
split_feature=154 282 51 284 32 108 282 286 157 285 288 137 260 87 69 36 261 292 148 284 29 227 87 31 260 58 220 259 10 44 272 56 114 107 212 137 263 234 137 232 31 108 78 15 149 156 204
split_gain=8.77556 7.66717 6.25839 9.51226 6.50094 7.01329 6.15425 6.03325 5.33054 5.24598 7.65745 7.31014 7.04229 5.7309 7.55952 5.41025 5.25527 5.22964 5.70485 5.17072 7.14613 5.16242 4.7436 4.40204 4.22765 4.03237 4.56504 4.22249 3.96352 3.79902 3.77218 3.76807 3.64052 5.60627 5.75555 5.07061 3.57624 3.61736 3.46043 3.84081 3.42214 3.19774 2.61745 2.38083 2.36761 2.16348 0.497645
threshold=80.250000000000014 -2.2499999999999996 7.5000000000000009 1.1695402298850577 1.662548262548263 11.250000000000002 0.75000000000000011 0.94382013447706703 5.5000000000000009 15.562500000000002 0.77788564761185042 2.5000000000000004 2.489503595796823 73.062500000000014 87.500000000000014 1.0648345582071237 5.0000000000000009 12.750000000000002 3.5000000000000004 1.4868421052631582 0.34285714285714253 49.500000000000007 74.541675000000012 0.61304347826086969 -3.3465147327195193 12.500000000000002 3.5000000000000004 -6.3912083688316335 0.20833333333333334 1.0000000180025095e-35 -1.7461996822453176 13.250000000000002 85.000000000000014 119.37500000000001 1.1250000000000002 17.250000000000004 87.436448521625763 12.500000000000002 3.5000000000000004 7.7500000000000009 0.62347826086956537 3.035699999999999 1.3750000000000002 12.500000000000002 29.500000000000004 26.500000000000004 4.5000000000000009
decision_type=2 2 2 2 2 2 2 2 2 2 2 2 2 2 2 2 2 2 2 2 2 2 2 2 2 2 2 2 2 2 2 2 2 2 2 2 2 2 2 2 2 2 2 2 2 2 2
left_child=1 7 4 -4 6 8 9 29 17 10 12 -12 13 14 36 -11 -17 -6 -19 20 -14 -10 44 -13 -8 26 -21 -27 30 31 -7 -1 35 -34 -35 -31 37 38 39 -3 -29 -26 43 -43 -15 -36 -30
right_child=-2 2 3 -5 5 28 24 -9 21 15 11 23 19 22 -16 16 -18 18 -20 25 -22 -23 -24 -25 41 27 -28 40 46 32 -32 -33 33 34 45 -37 -38 -39 -40 -41 -42 42 -44 -45 -46 -47 -48
leaf_value=0.013375435127258235 0.037061618402688075 0.01923129601753314 -0.0030745038480107178 0.042242731320314947 -0.051534272431368738 -0.032467707512376459 0.012379785787141214 -0.013830957436888183 0.026337613464181175 0.03512328553773033 -0.044297138394250223 -0.023093579087485581 0.043071076245756235 -0.013780904913851309 0.03194422582825053 -0.016555892368573761 0.020866125127113083 -0.029793887395992827 0.018371231505957781 0.035030874591043169 0.0040719729471144807 -0.015223677800466812 0.0025257023850039891 0.011673574908350963 -0.003658910725055281 -0.023331810345285798 -0.0015838192615971036 0.019461557698679948 -0.053451485022090184 0.020850056030629747 0.0050868110843962323 -0.017005723014691308 0.047370567915584035 -0.007558953582982187 0.01348852998304477 -0.011469412726887757 -0.025326593709464353 0.015352884244837179 -0.02557402549858713 -0.012128269576260363 -0.0086906739604071716 -0.02004703046436555 -0.0097433793331255531 -0.05183980272420733 -0.043430028274864002 0.039963379877870929 -0.027667692839577259
leaf_weight=20.646508298814297 15.113204218447207 15.801653288304804 29.708372093737125 17.84772489592433 7.6954522822052267 14.185354433953764 11.171791359782217 24.375781819224358 18.673476086929444 19.771598100662231 17.664653021842241 16.669141259044409 22.021845299750566 12.700283709913494 15.226433444768189 17.109693352133036 18.49153508245945 11.157007586210968 11.490791523829101 15.913602437824009 24.456318870186806 11.21627092733979 14.754241630434988 17.878538757562637 20.233427256345749 19.597135975956917 16.972772352397442 18.920587923377752 13.058459917083384 25.461956150829792 11.523365795612333 18.313870616257191 18.32829699665308 17.725182436406612 16.856087028980255 21.536173902451992 16.590916648507118 24.168581034988165 16.939783185720444 22.315843902528286 22.671108562499285 13.569210652261974 14.164812877774237 13.230756081640719 17.350498050451279 16.136211082339287 6.689227081835269
leaf_count=100 83 84 129 86 81 129 79 128 144 100 94 83 130 79 95 99 96 120 128 84 146 92 92 102 134 109 92 97 202 139 97 94 95 92 90 105 98 129 85 115 128 97 100 121 105 79 77
internal_value=0 -0.000202982 -0.00280288 0.0144527 -0.00423512 -0.0153922 -0.00173263 0.00888731 -0.00406107 0.000685136 -0.00159887 -0.0190643 0.00153149 -0.00577116 0.000363944 0.014838 0.00292041 -0.0185318 -0.00561292 0.00961238 0.0230681 0.0107536 -0.0206522 -0.00527921 -0.0150546 0.00279181 0.0166448 -0.00480152 -0.0299963 0.0125257 -0.0160745 -0.000973836 0.0170276 0.0242659 0.0151618 0.00610975 -0.00493265 -0.00039944 -0.00746479 0.00103117 0.00427238 -0.0201812 -0.0280603 -0.0370428 -0.0317469 0.0272319 -0.0464721
internal_weight=0 808.982 629.602 47.5561 582.046 105.689 476.357 179.38 60.233 403.987 348.614 52.2123 296.402 155.848 111.043 55.3728 35.6012 30.3433 22.6478 140.553 46.4782 29.8897 44.805 34.5477 72.37 94.0752 32.8864 61.1888 45.4564 155.004 25.7087 38.9604 116.044 69.0458 50.7175 46.9981 95.8168 79.2259 55.0573 38.1175 41.5917 61.1982 40.9648 26.8 30.0508 32.9923 19.7477
internal_count=5063 4980 4058 215 3843 1070 2773 922 565 2242 1947 279 1668 882 606 295 195 329 248 786 276 236 276 185 531 510 176 334 505 794 226 194 600 356 261 244 511 413 284 199 225 452 318 218 184 169 279
is_linear=0
shrinkage=0.05


Tree=70
num_leaves=50
num_cat=0
split_feature=10 54 119 58 282 101 30 259 99 42 235 50 5 229 235 102 283 285 277 284 80 277 30 92 92 290 154 291 58 30 289 232 29 114 259 35 146 40 195 119 6 234 299 8 288 146 137 36 13
split_gain=7.21277 6.38707 6.7652 6.34127 6.16294 6.97462 7.32166 6.74556 8.42409 6.47972 7.37308 6.13765 6.80304 6.38117 6.1 5.64727 5.97658 5.55471 5.3314 6.04401 7.56178 6.09691 5.532 5.2986 6.65384 4.858 4.34636 4.35401 4.31435 5.03198 6.59577 4.29141 4.21985 4.15368 5.41794 5.33274 5.59732 4.02118 6.09731 5.22226 3.96255 3.77033 3.22723 3.19582 3.00169 2.66468 2.56657 1.64955 1.11218
threshold=0.29166666666666669 812.50000000000011 6.1250000000000009 21.500000000000004 -3.7499999999999996 17.500000000000004 3.7528471528471532 -11.887560929122422 11.875000000000002 7.5000000000000009 987.50000000000011 0.97802929427430108 79.500000000000014 14.500000000000002 12.500000000000002 10.500000000000002 -0.35504201680672265 12.312500000000002 -1.4021738370361201 1.7362318840579711 78.625000000000014 -1.8291690295888425 0.51490614648509403 71.500000000000014 73.500000000000014 2.5000000000000004 46.750000000000007 1.1043557168784031 14.500000000000002 0.92517482517482541 0.45847758937963173 2.2500000000000004 0.34285714285714242 75.000000000000014 -6.3229484174273418 0.52243118397129218 7.5000000000000009 1.2500000000000002 37.500000000000007 7.6250000000000009 78.250000000000014 1.5000000000000002 6.249999999956052 77.500000000000014 0.26037272046371446 3.2500000000000004 9.5000000000000018 1.4607782243842964 17.500000000000004
decision_type=2 2 2 2 2 2 2 2 2 2 2 2 2 2 2 2 2 2 2 2 2 2 2 2 2 2 2 2 2 2 2 2 2 2 2 2 2 2 2 2 2 2 2 2 2 2 2 2 2
left_child=4 2 -2 18 14 6 7 17 9 10 11 12 -9 25 -1 28 -17 -6 19 21 -21 22 -4 31 -25 -13 27 40 29 30 -11 -3 -28 -30 -35 -36 -37 44 39 -39 47 -27 -31 -14 -18 -10 -5 -15 -33
right_child=1 23 3 46 5 -7 -8 8 45 15 -12 13 43 26 -16 16 37 -19 -20 20 -22 -23 -24 24 -26 41 32 -29 33 42 -32 48 -34 34 35 36 -38 38 -40 -41 -42 -43 -44 -45 -46 -47 -48 -49 -50
leaf_value=0.036410700798116216 0.027864349087510218 -0.0038240822517872741 -0.047335742636947016 -0.0089481176931427951 -0.039744935449603253 0.032701930165590302 -0.0285442037364078 -0.015785782303540302 0.038954979593090681 -0.023760212134377914 0.02098592033745534 -0.022155897465912237 0.0027875304549076973 -0.062033963609101184 -0.0023283948986319368 0.022585147192664544 -0.0069696786990166562 -0.0038972118844612935 -0.021485984189175425 -0.0062909309106365004 0.045792370807295986 0.019271885833213875 0.0017826972951898346 0.029113637817429507 -0.02430957121285255 -0.0043420828009684415 0.010965377949889332 -0.0049680593276859352 -0.0018053551679988328 3.4301305202213629e-05 0.015373749003150314 -0.029137329928738631 -0.024153984338478509 0.00080615941396482865 0.050365039023107086 0.038802909551986051 -0.0015782881974881287 0.032443239238454581 -0.016777817962167478 -0.0064404249505678624 -0.014139535564104281 0.032353392699382644 0.031358485300459635 0.032492211725604327 -0.036479625802974446 0.010687532845251438 -0.044902357963419445 -0.033119859492584572 -0.054751160130594903
leaf_weight=24.051845159381628 14.982518363744019 8.9301640670746547 10.432795645669101 8.9132794141769427 16.135969191789627 15.801178112626074 20.599363550543785 24.327776208519936 18.19009667634964 26.144730526953936 22.210977898910642 13.422430988401173 18.056612545624375 14.203561592847111 16.904994994401932 18.592180587351322 18.932227060198784 29.933975778520107 21.723747534677386 11.681514086201789 15.518248397856949 12.932391889393331 11.356701400130985 8.6446425914764422 13.753975542262195 13.941301457583906 15.216388035565613 12.568604353815315 19.254382824525237 14.835421845316885 16.968481980264187 12.498864913359286 17.322200611233711 18.771249569952488 22.395076774060726 15.82299157977104 17.36389908567071 17.470339722931385 28.0084896273911 15.692241281270979 12.697626058012245 12.65120637975633 17.453049562871456 17.586694948375225 15.783350285142658 16.562512453645468 12.231621598824857 14.632053164765237 14.013816850259898
leaf_count=121 90 87 87 81 78 81 140 125 91 137 157 107 99 85 88 93 96 157 149 81 103 98 109 80 127 110 78 80 101 84 87 108 100 100 115 84 89 93 155 86 77 74 89 79 88 88 114 109 144
internal_value=0 -0.00913109 -0.00248196 -0.00704313 0.00221052 0.000933096 3.40812e-05 0.00110913 0.0027239 0.00101998 -0.00564779 -0.00891251 0.0042188 -0.0151145 0.0207467 0.00593452 -0.00262945 -0.0170305 -0.000735527 0.00677006 0.0239942 -0.00701665 -0.0227803 -0.0226233 -0.00332807 0.0013957 -0.0226687 -0.0312504 0.0117167 0.00275493 -0.00835853 -0.0343913 -0.00789345 0.01883 0.0241268 0.0318492 0.0182467 -0.00770115 8.09599e-05 0.0143939 -0.0389001 0.0136554 0.0173995 0.0179308 -0.021032 0.0261589 -0.0308349 -0.0489639 -0.044174
internal_weight=0 177.614 119.773 104.79 650.505 609.549 593.747 573.148 527.078 492.326 208.837 186.626 59.9711 126.655 40.9568 283.488 114.479 46.0699 83.6454 61.9217 27.1998 34.7219 21.7895 57.8415 22.3986 40.0149 86.6404 54.1018 169.009 75.4017 43.1132 35.4428 32.5386 93.6076 74.3532 55.582 33.1869 95.8866 61.1711 33.1626 41.5332 26.5925 32.2885 35.6433 34.7156 34.7526 21.1449 28.8356 26.5127
internal_count=5079 1458 912 822 3621 3412 3331 3191 2956 2777 1280 1123 303 820 209 1497 611 235 627 478 184 294 196 546 207 291 529 351 886 397 224 339 178 489 388 288 173 518 334 179 271 184 173 178 184 179 195 194 252
is_linear=0
shrinkage=0.05


Tree=71
num_leaves=47
num_cat=0
split_feature=9 82 101 289 39 30 55 113 283 299 220 29 227 114 274 54 232 206 30 78 146 279 275 184 288 190 6 289 66 190 285 285 36 36 29 57 114 285 290 235 151 73 61 201 260 99
split_gain=9.46944 7.96863 7.27033 9.10133 6.37708 8.28696 6.37255 6.24519 5.89427 6.41801 9.79361 5.41653 5.22012 5.1105 9.11767 6.38487 7.52068 6.24781 5.10362 4.47331 4.29986 4.26759 5.49879 7.25625 4.58827 3.86382 4.36786 3.88714 3.75692 3.70218 3.6237 9.68051 7.18903 5.33577 4.13785 3.6804 5.36607 3.37827 4.78298 3.21759 3.10249 3.10216 3.42245 2.78596 2.25955 1.44197
threshold=4.5000000000000009 84.500000000000014 15.500000000000002 0.59003219687534991 0.41428571428571431 -0.44895104895104881 817.50000000000011 105.00000000000001 -0.53589743589743577 4.6249998531140557 8.5000000000000018 3.9428571428571431 74.500000000000014 95.000000000000014 -1.2716787489407289 882.50000000000011 4.2500000000000009 5.5000000000000009 0.69020979020979034 1.3750000000000002 3.2500000000000004 -2.7614802667583627 89.218529008699818 17.500000000000004 0.54219432480460406 7.5000000000000009 69.250000000000014 0.33222858587828868 1.5000000000000002 3.5000000000000004 12.437500000000002 14.312500000000002 1.3135095209564973 0.89067342535627325 -1.1999999999999993 11.250000000000002 95.000000000000014 15.687500000000002 4.5000000000000009 9.5000000000000018 33.500000000000007 72.250000000000014 77.500000000000014 6.7500000000000009 4.2346724667781599 8.1250000000000018
decision_type=2 2 2 2 2 2 2 2 2 2 2 2 2 2 2 2 2 2 2 2 2 2 2 2 2 2 2 2 2 2 2 2 2 2 2 2 2 2 2 2 2 2 2 2 2 2
left_child=2 -2 4 6 5 7 20 -1 12 10 19 30 39 14 17 16 -15 25 -19 28 -4 -18 23 24 -23 26 41 29 44 -28 33 32 -32 -7 -35 45 -37 -33 -39 -6 -27 42 -11 -24 -10 -36
right_child=1 -3 3 -5 8 11 -8 -9 9 13 -12 -13 -14 15 -16 -17 21 18 -20 -21 -22 22 43 -25 -26 40 27 -29 -30 -31 31 37 -34 34 35 36 -38 38 -40 -41 -42 -43 -44 -45 -46 -47
leaf_value=-0.0081194868566465232 0.04535191331237317 0.0029971002712720425 -0.0040542572057096224 0.042350918294223314 0.0096221373225458314 0.0018786148516544744 -0.020872318179235835 0.031532634404128991 -0.030984115865539716 -0.024729042818182837 -0.044418032810976442 -0.046296044971365358 -0.0050841419415137683 0.030092848255539335 0.023566832851760953 0.033218275052551809 0.018108557843045114 -0.012378154812222051 0.027832908406061729 0.014405832899654783 0.031318889920103149 0.0070532135761470164 -0.038093464042494238 0.023131818766426573 -0.027467211113175058 -0.013010863729573611 -0.022135456731195415 0.018567275829920057 0.0076427014246443119 0.0078168253058196659 -0.0055996806274569745 -0.039044364663376234 0.049577443751518339 0.00012709812148067458 -0.030888281380912031 0.00076706486099140006 -0.0397796293745587 0.017644423395075666 -0.029475428606253615 0.039001234713465671 -0.043152288385221761 -0.034066813916736591 0.010285789215100035 -0.006786485978885458 -0.0074203582736154551 -0.06056526316670538
leaf_weight=20.930028088390827 19.440458480268717 24.649496927857399 15.327101308852432 19.181816764175892 18.301215551793575 23.495062945410609 17.73968219384551 17.364262446761131 21.533924331888556 13.061863096430899 18.952078429982066 12.246166488155721 21.038726821541786 21.877017863094807 25.099528703838587 20.782751757651567 21.566226474940777 12.42370266467333 18.650282200425863 20.665437674149871 17.971266645938158 17.428729876875877 14.96756503544748 24.178513363003731 19.628966495394707 20.816120442003012 20.458634082227945 20.253288362175226 16.542745910584927 19.117964614182711 11.335158322006466 12.424395330250261 10.919394999742506 12.721377559006212 13.167260251939298 16.470911558717493 15.099624577909706 9.8472969885915536 9.7592647410929185 20.002593778073788 15.18816966190934 19.001924585551023 13.030256731435655 13.748747313395141 20.045062819495797 10.717819072306154
leaf_count=105 141 129 88 104 91 142 96 88 155 98 151 98 103 112 146 119 117 74 109 148 94 86 96 123 116 126 127 105 121 116 79 100 87 69 94 125 112 119 105 91 88 113 75 88 128 76
internal_value=0 0.0222641 -0.00130567 0.0139223 -0.00284029 -0.0104651 0.00262931 0.0102054 0.000121691 -0.00184617 -0.0131093 -0.0155012 0.0147955 0.00131597 -0.00401059 0.00810741 0.00397714 -0.0081478 0.0118714 -0.00511577 0.0153933 -0.00136798 -0.00618527 0.00234247 -0.0114731 -0.0126145 -0.00762763 0.00126381 -0.012183 -0.00783057 -0.0126199 -0.00231573 0.0224412 -0.018631 -0.0256239 -0.0314288 -0.0192516 -0.0196751 -0.00610192 0.0255661 -0.0265484 -0.0191961 -0.00750861 -0.0238371 -0.0200652 -0.0461037
internal_weight=0 44.09 775.08 70.2199 704.86 196.498 51.0381 38.2943 508.362 449.02 97.7392 158.204 59.3425 351.28 197.102 154.179 133.396 172.002 31.074 78.7872 33.2984 111.519 89.9525 61.2362 37.0577 140.928 104.924 59.8299 58.1217 39.5766 145.958 54.2855 22.2546 91.6721 68.177 55.4556 31.5705 32.031 19.6066 38.3038 36.0043 45.094 26.0921 28.7163 41.579 23.8851
internal_count=5073 270 4803 382 4421 1399 278 193 3022 2737 703 1206 285 2034 1177 857 738 1031 183 552 182 626 509 325 202 848 634 348 404 243 1108 490 166 618 476 407 237 324 224 182 214 286 173 184 283 170
is_linear=0
shrinkage=0.05


Tree=72
num_leaves=49
num_cat=0
split_feature=9 51 283 52 121 116 158 286 54 232 151 62 148 182 68 101 299 31 56 234 9 234 197 274 120 198 291 204 284 146 288 193 291 284 116 288 34 8 210 42 144 274 283 299 143 33 88 91
split_gain=8.80003 6.55135 8.98774 7.49035 7.39246 7.36806 7.32812 5.16418 6.54465 6.66473 5.01331 5.17082 5.07487 7.76959 6.06777 5.87492 4.63499 4.98923 7.33652 4.80831 10.3476 4.32282 4.24467 4.1469 3.95034 3.91559 6.74037 5.24838 4.83496 4.6545 4.10119 3.83686 3.77532 3.64342 3.54279 3.53569 3.3207 3.5644 3.18057 3.13707 3.08432 3.20287 3.30494 2.83549 2.74302 2.09268 1.45601 0.270477
threshold=3.2500000000000004 2.5000000000000004 0.13484848484848486 0.67333333333333345 6.5000000000000009 25.000000000000004 8.5000000000000018 0.19209124884294243 757.50000000000011 500.75000000000006 3.5000000000000004 77.500000000000014 52.500000000000007 47.500000000000007 81.500000000000014 8.5000000000000018 9.8749999999999893 0.37304347826086975 11.250000000000002 63.500000000000007 0.75000000000000011 50.500000000000007 1.0000000180025095e-35 -2.1175319928020033 6.8750000000000009 27.375000000000004 0.98936170212765961 6.5000000000000009 1.4365079365079367 5.5000000000000009 -0.40614700388750385 22.750000000000004 0.85449735449735453 1.6496163682864451 95.000000000000014 0.15951094710994371 -0.22389502389502411 42.500000000000007 2.5000000000000004 7.5000000000000009 11.500000000000002 -2.0218069249270187 0.21583850931677021 7.6249999999920304 1.2500000000000002 -0.28494208494208484 1.3750000000000002 67.500000000000014
decision_type=2 2 2 2 2 2 2 2 2 2 2 2 2 2 2 2 2 2 2 2 2 2 2 2 2 2 2 2 2 2 2 2 2 2 2 2 2 2 2 2 2 2 2 2 2 2 2 2
left_child=1 2 5 -3 -4 6 46 8 22 36 -9 39 16 14 -14 -15 19 -18 35 21 -21 25 44 -23 -2 27 -27 28 -13 30 -30 40 -26 -29 -31 -19 37 -10 -20 -12 41 -6 -43 -38 -7 -17 -1 -33
right_child=24 3 4 -5 31 7 -8 10 9 -11 11 12 13 15 -16 45 17 18 38 20 -22 23 -24 -25 32 26 -28 33 29 34 -32 47 -34 -35 -36 -37 43 -39 -40 -41 -42 42 -44 -45 -46 -47 -48 -49
leaf_value=-0.047620636691508983 0.033680753820093529 -0.0050637892012507495 0.011446307828368696 0.034834613921977391 -0.052275076176149848 -0.0097355416325506303 0.0016862911869537933 -0.027840015480221098 -0.0010777766777055192 -0.010901081320531043 0.0026456127799411012 0.01537170646702659 0.0045409961231676699 0.017330094004727247 0.047249666591332812 -0.0036414718053753244 -0.01389852246505417 0.041444321580271767 -0.021290429537372951 -0.024816902349079642 0.02530345171788086 -0.042566548898936338 -0.02477087539983051 -0.0085385768864427152 -0.004344108862119416 -0.014419555550953365 0.029656454570366128 -0.046213573357977072 0.019518938491697235 -0.040219064884845057 -0.013885749962176955 -0.030587643727377892 0.024863025681668968 -0.01149021682323473 -0.0078692143668481606 0.0082704121385479591 0.016548148342166419 0.028563267476704131 0.0076633631696262751 0.034673789789556909 0.0085975819694478189 0.0029841353796814145 -0.035604026716803544 0.049837140934701159 0.020259488055370908 -0.029224243024484203 -0.021399093999698936 -0.054472136880124748
leaf_weight=14.855908280238511 21.637327637523413 22.101839318871498 13.81617461889982 23.617873396724463 7.4501561522483817 14.148166541010143 21.62124883942306 17.833932403475046 20.194380670785904 16.789059288799763 15.989692501723768 18.32573414221406 16.454109825193882 18.704095792025328 16.316364575177431 15.483760733157398 28.832049459218979 18.211453974246979 15.632347662001846 15.975998952984808 25.26149245351553 20.582832727581263 17.908874500542879 16.352688770741224 26.305195532739162 17.940647289156914 15.06332150660455 16.442548850551251 14.56865945085883 18.331909351050854 21.420511476695538 7.2149377223104265 17.795969929546118 14.862402262166141 16.117495339363813 14.854322098195551 12.429978204891087 19.234999872744083 21.220831304788589 13.973002552986143 7.7619572579860678 11.916592907160526 9.158724242821334 16.286064941436052 14.478683836758135 16.272742260247469 12.232166299596427 11.047076096758245
leaf_count=116 141 95 79 116 107 81 133 107 123 108 97 125 81 94 80 80 152 99 85 115 126 142 111 101 141 119 87 106 81 108 122 103 105 90 96 84 79 116 117 77 62 102 138 88 81 87 99 108
internal_value=0 -0.00229124 -0.00348089 0.0158514 -0.0205788 -0.00162869 -0.0201185 -7.7292e-05 0.00862586 0.0168145 -0.00257246 -0.00149531 -0.00296533 0.00800319 0.026575 -0.00433991 -0.0057476 0.00329703 0.0104839 -0.00960758 0.00575827 -0.0129551 -0.0063589 -0.0281234 0.0166493 -0.00913633 0.0059777 -0.0133059 -0.00693577 -0.0128734 -0.000201192 -0.0287501 0.00773168 -0.0305942 -0.0257328 0.0272217 0.0237017 0.013731 -0.00485622 0.0182193 -0.0184928 -0.0259057 -0.0146384 0.0364695 0.00560689 -0.0172426 -0.0369632 -0.0471137
internal_weight=0 755.29 709.57 45.7197 68.3656 641.204 48.7093 592.495 131.47 84.9345 461.025 443.191 413.228 83.2311 32.7705 50.4606 329.997 98.751 69.919 231.246 41.2375 190.009 46.5357 36.9355 65.7385 153.073 33.004 120.069 88.7643 70.4386 35.9892 54.5494 44.1012 31.305 34.4494 33.0658 68.1454 39.4294 36.8532 29.9627 36.2874 28.5255 21.0753 28.716 28.6269 31.7565 27.0881 18.262
internal_count=5090 4703 4492 211 699 3793 348 3445 787 514 2658 2551 2377 422 161 261 1955 537 385 1418 241 1177 273 243 387 934 206 728 532 407 203 620 246 196 204 183 406 239 202 174 409 347 240 167 162 167 215 211
is_linear=0
shrinkage=0.05


Tree=73
num_leaves=49
num_cat=0
split_feature=282 33 146 101 209 9 274 282 36 191 144 212 220 76 9 44 275 84 89 156 280 58 47 187 192 40 36 8 36 272 29 188 143 283 263 55 233 280 229 138 259 277 220 169 108 118 235 34
split_gain=6.79178 6.26679 7.64611 6.22423 5.94762 8.64758 5.27744 5.1947 5.61804 4.8397 5.43112 4.80212 4.74105 4.67906 8.19603 7.1524 6.91981 6.34101 5.71217 5.83331 8.08791 7.05309 5.38166 4.59593 7.50224 4.58883 9.73437 6.70093 4.40826 4.15976 4.18142 4.13944 7.24231 7.96834 5.46562 4.05477 4.91038 4.02833 3.80867 3.54233 3.4428 3.35506 3.07631 3.06126 2.87794 2.7593 2.63691 2.42295
threshold=0.75000000000000011 0.26100386100386114 15.333350000000001 8.5000000000000018 9.2500000000000018 6.5000000000000009 -1.6192081776317206 -3.7499999999999996 2.6570281791783001 3.5000000000000004 5.5000000000000009 8.5000000000000018 8.5000000000000018 1.0000000180025095e-35 0.75000000000000011 12.500000000000002 79.707667992780628 70.500000000000014 69.375000000000014 10.500000000000002 91.234703709013957 12.500000000000002 0.59917194591967171 49.250000000000007 8.2500000000000018 1.7500000000000002 0.99671376233843756 72.500000000000014 1.1382415120210494 -2.667193044514474 -3.0833976833976826 54.500000000000007 4.1250000000000009 -0.14550264550264547 90.134506255762517 727.50000000000011 40.500000000000007 85.403319642256179 50.500000000000007 53.500000000000007 -5.8789122344951599 -2.0131713830341869 1.5000000000000002 1.0000000180025095e-35 16.250000000000004 0.37500000000000006 7.5000000000000009 -0.5341793341793345
decision_type=2 2 2 2 2 2 2 2 2 2 2 2 2 2 2 2 2 2 2 2 2 2 2 2 2 2 2 2 2 2 2 2 2 2 2 2 2 2 2 2 2 2 2 2 2 2 2 2
left_child=4 2 3 44 5 7 37 43 11 10 -3 13 -6 14 23 17 -17 -15 28 -20 21 -21 29 24 46 26 -16 38 -18 -19 -31 32 33 -32 -33 -34 -37 -5 -27 -23 -30 -10 -28 -1 -2 -8 -9 -35
right_child=1 9 -4 6 12 -7 45 8 41 -11 -12 -13 -14 15 25 16 18 22 19 20 -22 39 -24 -25 -26 27 42 -29 40 30 31 34 35 47 -36 36 -38 -39 -40 -41 -42 -43 -44 -45 -46 -47 -48 -49
leaf_value=0.032605194961832611 -0.051985010262053037 -0.031534401577937292 0.028809251323269343 -0.033192079060787388 0.0020092316093409742 0.036402363585582249 0.030409755886623004 -0.0091512441396994805 -0.042903077075739822 -0.048174800359649293 0.021745873724084694 -0.02214101378819909 -0.032997876483987693 0.024007613019258512 0.022654612232915761 -0.012227664339558046 0.013713996876297992 -0.022009311417848898 -0.015735041287312991 0.029267248584654189 0.048070350502140265 -0.021699337282547526 -0.0278636454454614 -0.043008339619813978 0.020597281091216793 0.034085100127722416 -0.039275976216315962 -0.013688679476282868 0.059925065630494337 0.020515325456123702 0.031772146553373556 0.029006978221174998 -0.042010745289311778 -0.022815594774444892 -0.0068842114986786057 0.0074675297105139468 -0.027506120732339174 0.0014229121722850208 0.0044488231712770318 0.011172558386419293 0.02243551886416488 -0.0032340021026278868 -0.0082025536274278939 0.0054187117783580027 -0.011890835164672126 -0.0027583962042374952 -0.040012245587222446 0.0052507515445848153
leaf_weight=19.329316526651382 9.8922739662230033 10.79074313491583 13.846211366355417 14.846368022263048 17.244446713477373 17.456975422799587 12.833588233217599 14.653428893536331 10.575025599449875 16.13853607326746 7.1479744128882876 19.859628532081842 20.712291236966848 22.957832781597972 16.039357513189316 21.678142141550779 22.906194642186165 19.08867884427309 17.239242866635323 19.847357057034969 14.415987525135277 18.434723973274235 18.931089799851179 14.983973212540148 12.285413878038524 26.272237285971642 15.505724411457775 17.404644086956978 14.997557729482653 24.961248926818371 18.743487291038036 21.135209321975708 13.659001570194958 14.652659412473442 19.767700701951981 18.825825668871403 19.700633507221937 17.731076598167419 18.555996634066105 13.343499738723038 12.947681136429308 10.205898791551588 16.692845739424229 22.089002087712288 8.8892991282045823 11.188593465834854 13.580671116709707 14.517283000051973
leaf_count=96 96 141 74 122 103 127 103 84 87 142 51 115 119 131 82 143 119 108 122 113 91 131 96 112 91 131 88 89 93 126 99 110 78 83 109 103 120 119 96 79 90 79 88 103 82 78 96 83
internal_value=0 -0.0111714 -0.00408285 -0.0104226 0.00152918 0.00266566 -0.00194908 0.00167585 0.000458737 -0.0290865 -0.0102768 0.00141097 -0.0174502 0.0023021 -0.00469052 0.00533866 0.0135505 -0.000334055 0.0177764 0.00952452 0.0162545 0.00662563 -0.00317741 -0.0201838 -0.0109108 0.00320495 -0.0082738 0.0120925 0.0308464 -0.000515783 0.00207337 -0.00131286 -0.00678083 0.00718914 0.011911 -0.0195012 -0.0106598 -0.0148707 0.0221824 -0.00797685 0.0439305 -0.0244638 -0.0238988 0.0185758 -0.0345689 0.0154685 -0.0248564 -0.00913649
internal_weight=0 123.305 89.2274 75.3812 686.198 648.241 56.5996 630.784 589.366 34.0773 17.9387 568.585 37.9567 548.725 165.974 382.751 155.81 226.941 134.132 83.2808 66.0416 51.6256 203.983 55.5035 40.5195 110.471 48.2379 62.2329 50.8514 185.052 165.963 141.002 100.099 47.9134 40.9029 52.1855 38.5265 32.5774 44.8282 31.7782 27.9452 20.7809 32.1986 41.4183 18.7816 24.0222 28.2341 29.1699
internal_count=5021 1008 674 600 4013 3791 422 3664 3465 334 192 3299 222 3184 957 2227 981 1246 838 536 414 323 1115 383 271 574 258 316 302 1019 911 785 566 265 219 301 223 241 227 210 183 166 176 199 178 181 180 166
is_linear=0
shrinkage=0.05


Tree=74
num_leaves=47
num_cat=0
split_feature=109 283 116 288 78 8 98 33 274 291 97 206 35 101 182 277 279 30 292 18 214 110 145 33 286 8 288 97 89 288 33 32 157 263 286 5 70 279 292 99 235 272 43 88 33 32
split_gain=6.36147 6.64179 6.63924 8.48264 6.39742 6.12748 7.8496 5.89984 5.59778 5.43094 5.3142 5.22745 5.16033 5.1247 4.74254 4.99126 5.33629 6.52073 6.20526 6.03253 5.49281 5.59723 5.35483 4.98782 4.67431 4.57605 5.11819 4.54055 4.39487 4.37347 4.30985 5.36807 4.79391 4.67652 4.07879 4.04059 4.01506 7.04756 4.09577 3.85479 3.55875 3.13318 2.99787 2.93152 2.60572 1.44202
threshold=201.25000000000003 0.22902097902097904 95.000000000000014 0.42179998225932674 0.54164999999999719 77.500000000000014 0.62500000000000011 -0.065637065637065825 -1.6879058921948757 0.91287878787878796 8.4375000000000018 2.5000000000000004 0.75604704659038091 16.500000000000004 83.500000000000014 -3.0747487130890039 -1.5984350614833438 2.1125874125874131 12.750000000000002 0.10416666666666667 2.5000000000000004 100.71430000000002 4.5000000000000009 -3.6270270270270264 0.40388804574403397 67.500000000000014 0.29342972903661901 7.4285750000000013 73.125000000000014 -0.38242426011641079 -0.83397683397683386 1.0615943674767208 5.5000000000000009 87.482670964267044 0.45332486594355897 78.500000000000014 80.500000000000014 -2.4863391960087338 12.750000000000002 5.7916500000000015 5.5000000000000009 -1.6596123322866803 1.0000000180025095e-35 1.1250000000000002 -1.8100386100386097 1.3629343629343633
decision_type=2 2 2 2 2 2 2 2 2 2 2 2 2 2 2 2 2 2 2 2 2 2 2 2 2 2 2 2 2 2 2 2 2 2 2 2 2 2 2 2 2 2 2 2 2 2
left_child=1 2 13 7 11 10 -7 36 12 42 29 -5 28 14 15 -1 19 18 44 23 21 24 25 -17 40 26 -20 34 -9 39 32 33 -25 -32 -3 -29 38 -38 -4 -2 -21 -22 -6 -33 -18 -31
right_child=5 27 3 4 9 6 -8 8 -10 -11 -12 -13 -14 -15 -16 16 17 -19 22 20 41 -23 -24 30 -26 -27 -28 35 -30 45 31 43 -34 -35 -36 -37 37 -39 -40 -41 -42 -43 -44 -45 -46 -47
leaf_value=-0.029473075938355683 0.0075674809287815574 -0.051318856738537116 0.054312346274481886 0.032281904511757324 -0.04283961001597817 0.032845948925782402 -0.01552810954692381 -0.02998860992179779 0.029192033363754588 0.0038203230684503379 0.0015236215890384467 -0.0039753731443823177 0.020040879517966917 0.020666872836174393 -0.030432253487393104 0.033346185502398588 -0.0028534801478592108 -0.034550664928929185 0.026622056677804564 -0.010347679570437548 0.02510658639223376 0.012172451945282877 0.030973715829413963 -0.027632942162437831 -0.0030148262619363675 -0.02327628337174735 -0.011486019034568418 -0.01749758805243536 0.005621820619297605 -0.020416423795161859 0.018648977906764879 0.012000669971406851 0.0080714630113981889 -0.017784414663833299 -0.0092684674887791915 0.014310695959820855 0.036285680460213146 -0.0036763342149147104 0.021166901745973635 -0.033264417106813958 -0.046509239011824639 -0.007608163873484299 -0.01125415905035268 0.038307200084796593 -0.030076379094600498 -0.050411168734947422
leaf_weight=14.175302986055611 11.626452978700401 11.369031017646195 17.824114993214607 17.967670824378729 14.17707506939769 13.909365169703959 18.239302553236485 18.380123890936375 17.070414334535599 26.739012222737074 19.344920855015516 20.482979893684387 15.185305055230854 24.436594173312187 13.629623897373675 20.25885621085763 14.569068495184181 19.300254039466381 17.221560716629028 11.552617214620115 17.939429854974154 16.17344730719924 15.043244484812019 15.281370785087345 21.836773350834846 16.159046057611704 16.235491067171097 21.426679151132703 15.181366592645643 7.5841407999396351 14.899311278015373 23.649018179625273 21.465376164764166 18.756061345338821 11.814870024099944 17.031522519886494 19.03381172567606 24.188822282478213 22.820106945931911 9.9398762807250005 18.446293484419584 11.315607789903877 16.833390980958939 20.408206626772881 22.071351371705532 18.610506779514253
leaf_count=88 86 115 97 104 86 89 105 111 97 153 144 121 84 137 78 100 80 129 102 77 124 124 87 83 151 86 97 131 91 43 78 119 114 100 68 120 112 146 123 93 146 83 98 109 135 228
internal_value=0 0.00137924 0.00287213 0.00933468 -0.00224278 -0.0120717 0.00576078 0.0167409 0.00541276 -0.0126794 -0.0205739 0.0133562 -0.00333381 -0.00106646 -0.00251317 -0.00139569 -0.0001867 -0.00867654 -0.00345729 0.00424519 -0.00521374 -0.0129567 0.00585824 0.0110625 -0.0208793 -0.00221808 0.00833293 -0.0141743 -0.0141838 -0.0293719 0.00686367 0.01348 -0.00711515 -0.00158256 -0.0311587 -0.00340535 0.0254624 0.0143442 0.0366577 -0.011892 -0.0333664 0.0126196 -0.0265813 0.0247661 -0.0196153 -0.0427969
internal_weight=0 712.35 650.708 245.884 96.2001 99.2546 32.1487 149.684 65.8172 57.7495 67.1059 38.4507 48.7468 404.824 380.387 366.758 352.582 120.6 101.3 231.982 97.2642 68.0091 64.6593 134.718 51.8357 49.6161 33.4571 61.6421 33.5615 47.761 114.459 77.7126 36.7467 33.6554 23.1839 38.4582 83.8669 43.2226 40.6442 21.5663 29.9989 29.255 31.0105 44.0572 36.6404 26.1946
internal_count=5072 4284 3850 1423 562 788 194 861 383 337 594 225 286 2427 2290 2212 2124 716 587 1408 705 498 372 703 374 285 199 434 202 450 603 406 197 178 183 251 478 258 220 179 223 207 184 228 215 271
is_linear=0
shrinkage=0.05


Tree=75
num_leaves=50
num_cat=0
split_feature=282 78 54 53 148 74 203 30 221 39 44 35 29 39 39 28 148 285 114 55 54 210 282 110 277 288 110 227 221 104 274 285 182 108 288 288 48 197 113 42 285 274 78 233 36 259 197 12 54
split_gain=5.89876 6.07131 4.94214 4.6701 4.43431 4.57994 5.97676 5.62159 5.51213 5.87471 5.36255 5.58295 6.5017 5.56958 6.6859 5.5804 5.47989 5.44648 5.24652 5.13022 4.99979 4.98418 4.81463 4.73282 4.72258 4.98858 4.44326 4.20303 3.90183 3.88445 3.8173 3.86011 3.74217 3.72832 3.65459 6.5353 5.0153 4.23934 4.31044 4.20214 4.10071 3.9593 3.47874 3.45785 2.78113 4.59314 2.73305 1.94863 0.650676
threshold=-3.7499999999999996 0.95835000000000303 637.50000000000011 532.50000000000011 81.500000000000014 5.2500000000000009 9.5000000000000018 0.56643356643356668 1.5000000000000002 0.52272727272727282 12.500000000000002 0.40728904939721255 1.5428571428571434 0.27922077922077926 0.80909090909090919 -1.0000000180025095e-35 27.500000000000004 11.562500000000002 85.000000000000014 772.50000000000011 702.50000000000011 11.500000000000002 1.0000000180025095e-35 171.25000000000003 -2.653275051676562 0.71503381463111937 88.750000000000014 68.500000000000014 1.0000000180025095e-35 5.5000000000000009 -1.7081239056309994 13.062500000000002 25.500000000000004 8.7500000000000018 0.17646842360078763 0.63920241694561786 2.4824079485680897 1.0000000180025095e-35 85.000000000000014 8.5000000000000018 10.812500000000002 -1.9753259446653735 0.54164999999999719 54.500000000000007 1.1004978106279562 -6.6406480621886415 1.0000000180025095e-35 0.14583333333333334 792.50000000000011
decision_type=2 2 2 2 2 2 2 2 2 2 2 2 2 2 2 2 2 2 2 2 2 2 2 2 2 2 2 2 2 2 2 2 2 2 2 2 2 2 2 2 2 2 2 2 2 2 2 2 2
left_child=1 -1 28 4 5 7 10 8 -4 -10 13 18 16 -7 20 29 30 -17 47 32 -15 -8 43 24 -14 44 -19 -21 -2 -16 31 -13 -9 -30 37 48 42 38 -22 -40 -39 -42 -37 -20 -26 -46 -25 -12 -36
right_child=2 -3 3 -5 -6 6 21 19 9 -11 11 12 23 14 15 17 -18 26 22 27 34 -23 -24 46 25 -27 -28 -29 33 -31 -32 -33 -34 -35 35 36 -38 40 39 -41 41 -43 -44 -45 45 -47 -48 -49 -50
leaf_value=0.036338080563205415 0.004445665790243236 -6.3135559854163691e-05 -0.014867741449502698 0.028386625779061449 0.025143231150957814 0.023343907477584292 -0.041340960722238702 0.0099301063510586172 -0.0048009394288995649 0.03648480395941827 -0.0078979925161996034 -0.012940509389096376 -0.015721123105057234 0.012734101054485296 0.0056668574174611932 0.022509379940507432 0.052863676349584922 0.0097643131620070659 0.02980870820739925 -0.044524739685135269 -0.010843931983378576 -0.0046136029922142019 -0.019815605396654144 -0.034903579803949467 0.0048796103006636489 -0.012189482716611418 -0.025599894249902267 -0.0094447034536244909 -0.010340264824375812 0.039453232322343441 0.03629058478438555 0.023824061271583916 -0.024409690668439284 -0.046007319884290757 -0.049412934921194439 0.00088117155114319319 0.015714419541765456 -0.032705825385547359 0.035778562551545087 -0.0016979791669990306 0.0075421792244674286 -0.025121907257116438 -0.03091979575480814 -0.00105563417764474 0.052694705749737336 0.014096378040690955 0.0018111435424073424 -0.038311714268489928 -0.027991913045149149
leaf_weight=20.721419058740139 13.703427040949462 24.228302482515574 28.179084602743387 12.912772504612802 15.02274978160858 18.910807274281979 13.653194500133393 18.345650836825374 17.883679363876581 15.27064413577318 11.087959587574007 13.698733877390621 12.537906423211096 23.118304137140512 16.934719439595938 14.300251521170138 14.120401810854672 13.28755799308419 17.956048414111137 23.296447647735476 24.059860551729798 25.79438522271812 12.661508236080406 9.0364782549440879 13.377558797597883 10.921997509896753 23.400477426126599 14.176995528861879 16.462322587147359 16.928105033934116 14.976803230121734 12.955002553761004 12.492869494482873 13.411156059242783 12.622945485636594 13.788393732160328 13.876309420913456 19.922395769506693 14.150676947087051 14.6026609018445 23.618776135146614 13.944268289953472 21.616488378494978 17.281743030995131 14.187759475782508 17.736972084268935 10.051876943558453 10.311615174636243 13.00646538287401
leaf_count=109 88 129 149 65 81 132 90 118 94 82 61 81 88 128 89 70 75 72 110 144 139 152 129 103 78 92 151 85 113 90 84 88 80 96 76 95 75 109 86 80 149 82 152 111 93 125 84 109 85
internal_value=0 0.0171431 -0.00130068 -0.000302732 -0.000864403 -0.00146268 0.000489111 -0.00989888 0.00110927 0.0147264 0.0019125 0.00801186 0.0136066 -0.00226064 -0.00398594 0.00778339 0.0268081 -0.00270719 -0.00361019 -0.0196559 -0.00879383 -0.0180331 0.00562473 0.00502133 0.0111298 0.0172876 -0.0128726 -0.0318437 -0.0174579 0.0232039 0.0169377 0.00514418 -0.00431089 -0.0273239 -0.011535 -0.0199934 -0.00899926 -0.00566228 0.00453103 0.0173284 -0.0149445 -0.0049205 -0.0188509 0.0150604 0.0245041 0.0323294 -0.016442 -0.0236093 -0.0400015
internal_weight=0 44.9497 765.595 722.018 709.106 694.083 564.437 129.645 61.3334 33.1543 524.99 212.9 143.601 312.089 293.179 84.8511 55.7509 50.9883 69.2989 68.312 208.328 39.4476 47.8993 87.8505 68.7622 56.2243 36.688 37.4734 43.5769 33.8628 41.6305 26.6537 30.8385 29.8735 185.209 74.9106 49.2812 110.299 52.8132 28.7533 57.4854 37.563 35.4049 35.2378 45.3023 31.9247 19.0884 21.3996 25.6294
internal_count=5046 238 4808 4511 4446 4365 3613 752 325 176 3371 1511 991 1860 1728 472 328 293 520 427 1256 242 350 663 476 388 223 229 297 179 253 169 198 209 1128 483 322 645 305 166 340 231 247 221 296 218 187 170 161
is_linear=0
shrinkage=0.05


Tree=76
num_leaves=48
num_cat=0
split_feature=154 283 51 51 31 31 88 54 58 279 56 233 260 286 74 193 66 299 90 8 291 35 118 291 191 88 149 181 205 33 299 54 35 36 46 105 289 277 204 48 187 95 232 18 288 282 286
split_gain=6.16453 5.06606 8.25545 6.86943 5.81521 9.13818 5.5137 5.39597 6.78787 5.18116 4.59573 4.14761 4.07394 7.33341 6.6564 4.67377 7.51794 6.80197 5.93094 5.81831 4.91781 4.89219 5.01116 4.82912 4.55423 4.46349 5.10021 4.28561 4.62607 4.67386 8.25327 4.10635 5.96679 5.58878 5.23581 4.57618 4.07752 3.67075 5.28654 3.59738 3.84734 3.65383 3.52219 2.72625 2.6622 2.59721 1.59149
threshold=80.250000000000014 0.34057971014492755 2.5000000000000004 458.50000000000006 2.0932628230172465 1.9330434782608699 0.87500000000000011 847.50000000000011 13.500000000000002 -1.508499215381873 11.250000000000002 52.500000000000007 5.6250743046617364 0.28130204518182472 7.2500000000000009 19.750000000000004 1.5000000000000002 1.2169052563354019 69.375000000000014 97.500000000000014 0.84412955465587058 0.72330837703699991 0.37500000000000006 0.54195804195804198 9.5000000000000018 1.1250000000000002 34.500000000000007 21.500000000000004 3.5000000000000004 -1.6455598455598455 6.7499999999899805 722.50000000000011 0.72330837703699991 1.3014289557380214 177.50000000000003 9.5000000000000018 0.33222858587828868 -2.3403079513433607 3.5000000000000004 1.9011947763267574 51.750000000000007 74.500000000000014 25.250000000000004 0.10416666666666667 -0.69057362043749781 -2.2499999999999996 0.2763457982574184
decision_type=2 2 2 2 2 2 2 2 2 2 2 2 2 2 2 2 2 2 2 2 2 2 2 2 2 2 2 2 2 2 2 2 2 2 2 2 2 2 2 2 2 2 2 2 2 2 2
left_child=1 2 4 6 5 12 -3 10 -9 -8 -6 -7 15 14 -14 16 17 -1 21 27 23 22 -18 -17 42 39 -27 28 29 -19 -31 33 34 -22 37 -34 -32 44 -39 -25 43 -42 -15 -41 -33 -12 -47
right_child=-2 3 -4 -5 7 11 9 8 -10 -11 45 -13 13 24 -16 20 18 19 -20 -21 31 -23 -24 25 -26 26 -28 -29 -30 30 36 32 35 -35 -36 -37 -38 38 -40 40 41 -43 -44 -45 -46 46 -48
leaf_value=-0.028410419097922614 0.031723380329050713 -0.046288246762323466 0.03311809854557772 0.016154021079288105 0.00060385932452919388 0.0098516863869600006 -0.027593685297437377 -0.024281304304475185 0.027745571778436735 0.016611826815731062 -0.017269793072550287 0.050120521195010148 0.015110370571727288 0.024186093541066912 -0.027607304396827622 0.011864458812283011 -0.017180323145043131 0.031232332074752553 0.044589427581595356 -0.0225619903093911 -0.03765408125401426 0.028812522267431452 0.019109141033917795 -0.031036070735891291 0.036409848268405674 -0.047541563003739462 -0.0092810488435944426 -0.014726371065628583 -0.0086648135985565363 -0.024642010371164154 0.0014064205663487121 -0.041478216079359274 0.031704410343638842 0.0030714426235337426 0.02112097272710544 0.00055875499865208091 0.031785475475479545 -0.016272634820291763 0.02337398369388239 -0.0017065619353579164 0.024785838807159927 -0.010037174049827098 -0.0062866289617439621 -0.031000918838813764 -0.0083993389633231861 -0.023786153839507093 -0.05803116301844144
leaf_weight=20.831340061500669 14.046244390308855 16.633748793974519 17.916161868721247 12.723495587706564 16.344349969178438 13.757373485714199 14.916215784847735 9.7013811711221951 14.225739892572163 10.487804044038059 20.228310905396938 12.040195761248468 15.664007160812615 17.132216542959213 19.33549503237009 15.786393878981469 21.134196270257235 27.877689957618713 14.31732148490846 20.872085859999061 14.454307241365312 19.499908596277237 15.68919602409005 14.921564668416975 23.934029620140791 20.102031733840704 15.838814776390789 21.612821612507105 27.085256099700928 14.847333095967768 21.09381053596735 12.198829762637617 25.683505788445473 18.214969368651509 14.535095248371361 21.200261395424604 22.412900701165199 20.153362385928631 12.955505277961491 16.311923712491993 15.360757734626533 13.179479680955408 19.202391974627972 14.710612328723071 12.464660149067639 8.2690674206241983 9.8252049684524518
leaf_count=155 82 119 91 54 117 97 109 86 118 89 109 77 83 94 139 103 151 155 85 118 84 106 90 85 133 137 92 137 144 81 123 78 131 107 82 111 122 119 80 86 93 83 115 129 82 115 94
internal_value=0 -0.00058079 0.000509505 -0.0151162 -0.000340817 0.00122761 -0.0247362 -0.013094 0.00652315 -0.0094059 -0.0216432 0.0298149 -6.74902e-06 0.00945046 -0.00860037 -0.00173645 0.00325804 -0.00227099 0.0169218 0.00138286 -0.00617353 0.00923355 -0.00162218 -0.0134255 0.0199023 -0.017115 -0.0313882 0.00522558 0.00912653 0.01475 0.00648234 -9.79832e-05 0.00422595 -0.0155305 -0.00478078 0.0179265 0.017419 -0.011546 -0.00052846 -0.00990321 -0.00418399 0.00890965 0.0083446 -0.016132 -0.0257392 -0.0309055 -0.0444466
internal_weight=0 797.683 742.922 54.7613 725.006 646.412 42.0378 78.5941 23.9271 25.404 54.6669 25.7976 620.614 95.2681 34.9995 525.346 247.274 176.633 70.6406 155.802 278.072 56.3233 36.8234 126.212 60.2686 110.425 35.9408 134.93 113.317 86.2317 58.354 151.86 119.191 32.6693 72.3075 46.8838 43.5067 57.7724 33.1089 74.4843 59.5628 28.5402 36.3346 31.0225 24.6635 38.3226 18.0943
internal_count=5070 4988 4617 371 4526 3887 317 639 204 198 435 174 3713 564 222 3149 1467 1035 432 880 1682 347 241 808 342 705 229 762 625 481 326 874 683 191 441 242 245 359 199 476 391 176 209 215 160 318 209
is_linear=0
shrinkage=0.05


Tree=77
num_leaves=51
num_cat=0
split_feature=282 187 32 47 87 214 299 110 277 17 56 202 36 32 137 226 78 30 235 254 110 62 263 51 56 2 287 110 39 190 108 156 119 282 39 42 187 36 233 110 113 277 227 30 102 189 202 202 277 96
split_gain=5.33758 5.8948 5.70652 5.38811 5.61585 5.11532 6.5517 8.23624 6.39639 6.37387 5.67977 5.26607 5.30068 4.87642 6.22241 7.26422 4.23127 5.25155 3.96477 5.31541 6.18992 5.66002 6.90204 5.7313 5.23882 7.57059 5.26595 5.03856 4.8757 4.94394 4.76407 3.93574 3.99329 3.92217 4.49824 6.28541 5.78136 4.07513 3.8996 3.86376 3.84117 3.8271 3.58415 3.52181 3.36168 3.35986 2.87165 2.3791 2.24656 0.401561
threshold=-2.2499999999999996 71.750000000000014 1.0787644787644792 -0.44186947879443744 73.437500000000014 1.0000000180025095e-35 13.312499999984839 76.250000000000014 -1.7210859029713061 17.500000000000004 9.2500000000000018 98.500000000000014 1.7795727712383946 1.3212355212355216 11.500000000000002 5.5000000000000009 0.54164999999999719 1.9510489510489515 2.5000000000000004 1.0000000180025095e-35 78.750000000000014 85.500000000000014 86.22303445308809 1.0000000180025095e-35 19.500000000000004 79.250000000000014 0.99999999990523947 111.25000000000001 0.31666666666666671 1.3333500000000003 6.2500000000000009 2.5000000000000004 7.6250000000000009 0.75000000000000011 0.57738095238095244 7.5000000000000009 54.250000000000007 1.3823354978681499 75.500000000000014 98.125000000000014 115.00000000000001 -2.2912340097052568 44.500000000000007 0.34965034965034975 13.500000000000002 50.500000000000007 17.500000000000004 12.500000000000002 -1.8803834398745727 64.500000000000014
decision_type=2 2 2 2 2 2 2 2 2 2 2 2 2 2 2 2 2 2 2 2 2 2 2 2 2 2 2 2 2 2 2 2 2 2 2 2 2 2 2 2 2 2 2 2 2 2 2 2 2 2
left_child=1 2 47 -4 16 6 7 8 42 10 38 12 13 14 15 -12 -5 41 24 20 30 28 -23 33 25 31 -27 -21 -22 48 -20 -7 -33 34 35 40 -36 -37 -9 -28 -24 -18 -2 -11 49 -16 -3 -1 -30 -31
right_child=5 46 3 4 -6 18 -8 9 -10 43 11 -13 -14 -15 45 -17 17 -19 19 27 21 22 23 -25 -26 26 39 -29 29 44 -32 32 -34 -35 36 37 -38 -39 -40 -41 -42 -43 -44 -45 -46 -47 -48 -49 -50 -51
leaf_value=0.017130328677768883 0.015656338741363608 0.0047148645880256941 0.028531522435304376 0.011209834059400478 0.025246697396299617 -0.042474309633847837 0.029766809400005367 0.046807885872350324 -0.043642479734033394 0.0028614207353039162 0.0042455628230303839 0.03116812999623186 -0.025365833592905181 0.024681548376358477 0.029601325021637138 -0.036821424184515755 -0.019717096414713475 -0.035880070422567717 0.031366014588802102 -0.045822052035045024 0.0021167704488911226 0.027695711162950998 -0.032000590775181088 0.025094013341718648 0.030488935913130778 -0.013672125111835557 0.0019869575855771806 -0.0079004278763165469 -0.022036894084175879 -0.034676000830182956 -0.0072293671450432738 0.012796502634470939 -0.027549833750425287 -0.036432599593962604 -0.0015474812236215205 -0.0010743553377615186 -0.036873287308162882 0.033523802588584249 0.009702774303861933 0.036133040971119114 0.0051594495907254989 0.01390834344315716 -0.0189580470596151 -0.03726825656942722 -0.013917079411230847 -0.0012791355656432749 -0.024336514918620558 0.045248270099187006 0.0086849715993616832 -0.055491233933087893
leaf_weight=18.997315667569637 12.430898491293192 15.291038259863852 21.802739102393389 25.810860067605972 18.534622803330421 11.061849329620598 21.190946221351624 14.306206196546555 14.771676000207661 9.6591955889016408 24.594717927277088 15.650522960349916 15.327928537502883 23.645959051325917 17.319096203893423 17.906233098357916 14.611444547772406 16.109938114881516 17.582613682374362 16.239019054919481 20.368885919451714 15.692543348297475 14.408499674871566 12.029095329344271 14.121455224230884 14.13413095101714 14.372320981696246 18.844545776024461 10.695588748902084 13.679937317967417 13.485924482345579 11.898030556738377 10.790331391617656 11.510785777121781 24.529745902866125 16.429978214204311 21.099141515791416 16.524653322994709 14.405406527221203 18.959761250764132 12.233869705349205 17.487195014953613 15.932828567922115 11.210463454015551 12.830839470028875 16.81302684918046 17.424049943685532 14.208907730877398 11.297031829133628 12.781888227909802
leaf_count=122 74 81 111 127 88 91 110 74 87 62 128 105 139 142 91 99 72 85 103 99 141 91 111 54 104 100 87 120 79 94 95 74 109 123 158 104 127 108 86 111 97 90 110 124 73 88 89 84 86 73
internal_value=0 0.00793756 0.0121866 0.00675933 0.00138036 -0.00179211 0.0038509 0.00127749 -0.0181045 0.00597481 0.00938699 0.00487752 0.00108161 0.00533471 -0.000875995 -0.0135052 -0.0048527 -0.0135056 -0.00536213 -0.00824347 -0.00569682 -0.00858142 -0.00259143 -0.00646748 0.0034647 -0.00154781 0.0112415 -0.0262365 -0.019019 -0.025965 0.0149099 -0.0193406 -0.00674475 -0.00990524 -0.00668772 0.00237578 -0.0183229 0.0167508 0.0291444 0.0218965 -0.0153678 -0.00153137 -0.00377114 -0.0194133 -0.0363912 0.0147866 -0.0110208 0.030133 -0.0065645 -0.046385
internal_weight=0 180.278 147.563 114.357 92.5541 632.768 245.165 223.974 43.1354 180.839 159.969 131.257 115.607 100.279 76.6331 42.501 74.0194 48.2086 387.602 292.265 257.181 226.112 144.458 128.766 95.3379 81.2164 47.4662 35.0836 81.6542 61.2853 31.0685 33.7502 22.6884 116.737 105.226 59.597 45.6289 32.9546 28.7116 33.3321 26.6424 32.0986 28.3637 20.8697 39.2927 34.1321 32.7151 33.2062 21.9926 26.4618
internal_count=5080 949 779 573 462 4131 1519 1409 271 1138 952 792 687 548 406 227 374 247 2612 1936 1717 1519 973 882 676 572 298 219 546 405 198 274 183 828 705 420 285 212 160 198 208 162 184 186 240 179 170 206 165 167
is_linear=0
shrinkage=0.05


Tree=78
num_leaves=46
num_cat=0
split_feature=121 12 288 260 34 34 91 33 117 157 139 259 259 35 28 272 54 198 96 288 8 120 58 202 193 58 14 100 8 284 284 259 36 280 221 33 97 0 263 281 32 212 38 299 288
split_gain=5.91256 4.96193 8.03783 5.65117 5.85324 5.42586 7.14901 5.62884 5.2743 7.42001 7.85556 6.19461 7.391 5.73617 5.24796 5.81763 5.24405 5.16297 7.39097 4.79173 4.97833 4.77355 4.36055 5.98237 5.49766 4.33384 4.26333 4.18064 4.01426 3.92598 3.56421 5.73058 5.86652 6.53992 4.24651 4.88412 3.67073 3.4346 6.11625 4.26272 3.33358 3.12728 3.05475 2.94163 2.64475
threshold=6.5000000000000009 0.062500000000000014 0.49812943072827093 1.3977748437856148 -2.1954477954477949 -0.31411831411831437 68.500000000000014 -0.12200772200772257 7.5625000000000009 2.2500000000000004 1.5000000000000002 -11.515916428629259 -8.7817598114683104 0.79012959837684982 -1.0000000180025095e-35 -2.4608632657016436 712.50000000000011 1.8750000000000002 60.500000000000007 0.3744682635859638 77.500000000000014 6.3750000000000009 13.500000000000002 10.500000000000002 31.250000000000004 14.500000000000002 0.15277777777777782 7.8750000000000009 27.500000000000004 1.9148550724637683 2.5941176470588241 -2.3976465034546011 0.97558922682193983 80.046911889205674 5.5000000000000009 -1.3760617760617764 8.6875000000000018 82.250000000000014 87.642371472380049 90.815085406992168 1.1907335907335912 1.1250000000000002 0.37500000000000006 10.624999999999995 -0.77245553105869302
decision_type=2 2 2 2 2 2 2 2 2 2 2 2 2 2 2 2 2 2 2 2 2 2 2 2 2 2 2 2 2 2 2 2 2 2 2 2 2 2 2 2 2 2 2 2 2
left_child=19 8 3 17 -5 6 -6 25 11 10 29 -2 -13 14 -11 -16 -14 18 42 20 -1 -18 23 -7 -24 -8 37 41 -17 -10 31 32 -4 -34 40 -36 -33 -19 -39 -40 -35 -23 -3 -21 -28
right_child=1 2 30 4 5 22 7 -9 9 13 -12 12 16 -15 15 28 21 26 -20 43 -22 27 24 -25 -26 -27 44 -29 -30 -31 -32 36 33 34 35 -37 -38 38 39 -41 -42 -43 -44 -45 -46
leaf_value=0.0057418067839484829 -0.035626290362419481 -0.031392769906915606 -0.029891438271034933 0.027289639933700441 0.023461630249726972 -0.025686119427366719 0.0097573118344084202 -0.037007473589698942 0.023954618877194942 0.019346396420719739 0.046526088195634169 0.028191600257691588 0.013886395585778602 0.024176431369447991 -0.034661171725609556 -0.015675076572408748 0.01211966549527353 -0.026257837040427241 0.036249669736931681 0.011717090610280168 0.038089976257056304 0.0046102202282818795 0.038942768944759051 0.017311705664601159 0.0018565814281594777 -0.02002844598646935 -0.013609832189677366 -0.035591619319591088 0.011829029490318058 -0.013320766774645316 -0.040960896478639867 -0.049977094565157358 0.031265253341476035 -0.03684410728905587 0.027113273929587269 -0.011223547960714014 -0.01022449255269612 0.024125171596741258 -0.02571611772550865 0.0094306140621537495 -0.0042401130415437903 -0.023239523781865421 0.0067153330976176991 -0.018479469925787324 -0.048322661065357445
leaf_weight=23.771465208381414 12.987424995750187 8.7803447488695401 20.751776330173016 24.427165325731039 14.276475192978976 14.135589748620989 23.868693616241217 18.655854960903525 13.894019516184928 18.160770006477833 22.327845521271229 17.994321383535862 24.624105265364051 22.059921376407146 17.032595690339804 24.866580789908767 15.292450416833161 18.22692583873868 12.842832608148454 15.763135856017472 23.672737900167704 21.264803187921643 21.144846025854349 16.395527862012386 18.401520397514105 23.102864947170019 11.306333428248765 21.739506423473358 26.247749049216509 12.540793126448987 11.633790865540503 13.840332306921484 12.464689424261449 14.301688060164453 13.783804960548879 18.077775377780199 10.578913830220698 15.247583635151384 22.196802519261837 13.064786981791256 16.685120698064566 17.711171217262745 10.760344891808925 14.577213954180477 12.096991458907722
leaf_count=139 61 80 135 135 99 99 147 135 85 95 114 93 140 112 89 154 83 124 69 91 131 110 143 114 136 154 99 121 135 82 77 165 80 102 79 116 83 82 141 89 127 95 106 79 101
internal_value=0 -0.00185343 -0.00524626 -0.000692904 0.00510567 0.00133579 -0.00752861 -0.0145211 0.00321214 0.00937064 0.0253556 -0.00415555 -0.000441066 0.00201176 -0.00386547 -0.0102416 -0.00578797 -0.00879044 0.00819987 0.0125732 0.0223353 -0.0122594 0.0114069 -0.00277911 0.0221574 -0.00500487 -0.0147858 -0.0184966 -0.00159546 0.00643004 -0.0154661 -0.0126875 -0.00701863 -0.000407139 -0.00708001 0.00568192 -0.0338352 -0.00827081 -0.00139619 -0.0127929 -0.0199696 -0.00830982 -0.0111027 -0.00291776 -0.0327975
internal_weight=0 719.793 431.049 298.931 174.409 149.981 79.9039 65.6274 288.744 157.13 48.7627 131.614 118.626 108.368 86.3077 68.1469 100.632 124.523 32.3835 77.7846 47.4442 76.0079 70.0775 30.5311 39.5464 46.9716 92.1394 60.7155 51.1143 26.4348 132.118 120.484 96.0649 75.3131 62.8484 31.8616 24.4192 68.7361 50.5092 35.2616 30.9868 38.976 19.5407 30.3403 23.4033
internal_count=5026 4586 3017 2053 1162 1027 535 436 1569 866 281 703 642 585 473 378 549 891 255 440 270 409 492 213 279 301 636 326 289 167 964 887 639 504 424 195 248 436 312 230 229 205 186 170 200
is_linear=0
shrinkage=0.05


Tree=79
num_leaves=46
num_cat=0
split_feature=57 260 154 283 116 66 58 29 299 32 54 51 88 195 212 260 288 288 157 54 32 291 34 8 35 288 288 232 41 284 299 187 36 147 204 148 137 291 147 227 190 273 289 48 149
split_gain=4.54178 10.9974 6.19655 5.9074 8.63139 7.28418 5.66182 5.60621 7.30003 5.65744 5.53277 6.60825 5.49999 6.63001 5.38884 5.32918 4.98014 5.99225 5.58839 5.04302 4.93876 4.87852 7.03102 7.89632 6.17707 5.63029 6.82619 5.84804 5.36104 4.90129 5.00839 4.17479 7.16437 3.72129 3.57921 3.55319 4.36179 3.5469 2.76588 2.58441 2.44204 2.37766 2.18237 2.19378 2.03175
threshold=10.500000000000002 5.6250743046617364 57.250000000000007 0.093073593073593086 55.000000000000007 1.0000000180025095e-35 9.5000000000000018 -1.6285714285714279 7.8749999999312896 1.3532951670882707 647.50000000000011 7.5000000000000009 2.7678500000000033 43.500000000000007 3.2500000000000004 1.2683101135488946 -0.82415615971448097 -0.35846811432664222 10.500000000000002 847.50000000000011 0.99831426084371888 0.78416149068322993 0.92226152226152247 32.500000000000007 0.75604704659038091 -0.91597725483594616 -0.49813634056773481 12.750000000000002 8.5000000000000018 1.8619047619047622 6.6249999948857097 1.0000000180025095e-35 1.2844018490780793 12.500000000000002 4.5000000000000009 12.500000000000002 18.500000000000004 0.69098143236074283 9.5000000000000018 18.500000000000004 5.5000000000000009 85.566219205020445 0.88117331841669433 2.1703287435552885 10.500000000000002
decision_type=2 2 2 2 2 2 2 2 2 2 2 2 2 2 2 2 2 2 2 2 2 2 2 2 2 2 2 2 2 2 2 2 2 2 2 2 2 2 2 2 2 2 2 2 2
left_child=1 3 10 4 -1 38 20 -4 9 -9 15 12 13 21 40 -2 18 19 -15 33 -7 22 23 -12 25 -23 -27 29 -26 -28 -31 -19 34 -18 -33 -34 -37 39 -6 -25 -8 -3 43 -14 -5
right_child=2 41 7 44 5 6 14 8 -10 -11 11 -13 42 16 -16 -17 17 31 -20 -21 -22 24 -24 37 28 26 27 -29 -30 30 -32 32 35 -35 -36 36 -38 -39 -40 -41 -42 -43 -44 -45 -46
leaf_value=-0.032699983576813252 -0.00031952385516129887 0.034921707971659145 0.039565167625969941 -0.044306263447545707 -0.0071223582608338706 0.0026670585926896781 -0.0014407940622673397 0.032051585644595655 -0.019873895918483625 -0.0036491533749406233 0.055214310688125802 0.023788337437168669 -0.034504535565053951 -0.04438343019779984 0.020297344543933421 -0.040962736494402102 0.014287218348891913 0.015191343444331172 -0.0055196472644240286 0.037880966422176789 0.043200578847772148 -0.03004903535167713 -0.014846607103889421 0.010246175827858027 0.038343489296685254 0.025313602376399374 -0.037560872805887664 0.014308227931505758 0.0028090253292780351 -0.027424445179533727 0.0088116146020225956 -0.044087089986084668 -0.020232602006132507 -0.016700924971238418 -0.0097125956217270631 0.027900842083542366 -0.0065601466542645689 -0.0039796019789121962 -0.036851660025825288 0.040643471269825066 -0.02513707057934933 0.006917950203471801 0.0014843446239428295 -0.0059289224862110867 -0.017043120372285791
leaf_weight=25.050275715067983 17.122462145052854 14.853012876585128 17.59376347437501 13.93465466052294 17.298715267330412 14.549166344106199 24.850541919469833 27.591723043471575 16.281312864273787 17.830101281404495 15.311797041445969 31.0643067099154 17.948794115334753 14.283175276592372 17.399021200835705 14.274370934814213 26.322943678125739 15.409370947629212 24.286514688283205 13.456764122471212 14.859737465158103 15.823384916409848 12.620300095528362 16.191584520041946 18.41858087759465 21.788034426979721 15.556590028107165 24.244654390960932 23.790599554777145 14.288986906409262 24.467541666701436 18.85333601385355 15.233349317684768 14.03833808377385 13.378587750717996 14.676936896517871 21.458062080666423 16.816139150410891 14.258264768868683 12.692600257694719 18.511455003172159 15.711214676499365 11.358201287686823 11.156619664281605 16.466564213857055
leaf_count=158 120 86 103 132 99 79 141 144 91 101 95 142 142 95 99 97 157 119 148 83 87 119 79 100 108 128 126 157 132 111 152 122 121 92 83 87 126 110 85 86 107 93 92 64 104
internal_value=0 -0.00604698 0.0025036 -0.0108402 -0.00657815 -0.000979874 0.00627801 0.0154416 0.00804185 0.0182607 0.00052878 0.00183555 0.000317414 0.00201483 -0.00249761 -0.0194917 -0.00486005 -0.000761692 -0.0206697 0.0125296 0.023895 0.00768278 0.0182252 0.0251952 0.00269785 -0.00327932 0.00119681 -0.0057261 0.0188435 -0.0147661 -0.00490188 -0.00803943 -0.0124503 0.00336582 -0.0305408 -0.00073272 0.00781127 0.0141704 -0.0212742 0.0245167 -0.0118955 0.0212019 -0.0170644 -0.0241118 -0.0305524
internal_weight=0 207.743 605.63 177.178 146.777 121.727 90.1699 79.2969 61.7031 45.4218 526.333 494.936 463.872 423.408 60.761 31.3968 191.397 152.828 38.5697 53.818 29.4089 232.011 73.6324 61.0121 158.378 116.169 100.346 78.5578 42.2092 54.3131 38.7565 99.0096 83.6003 40.3613 32.2319 51.3683 36.135 45.7003 31.557 28.8842 43.362 30.5642 40.4636 29.1054 30.4012
internal_count=5102 1270 3832 1091 855 697 513 439 336 245 3393 3176 3034 2736 347 217 1233 990 243 332 166 1503 470 391 1033 793 674 546 240 389 263 658 539 249 205 334 213 296 184 186 248 179 298 206 236
is_linear=0
shrinkage=0.05


Tree=80
num_leaves=47
num_cat=0
split_feature=166 74 115 286 113 226 282 201 108 58 12 119 34 120 10 284 201 291 203 29 113 31 32 260 41 149 299 283 88 145 214 34 212 10 108 157 10 204 33 58 183 30 88 102 149 281
split_gain=5.39086 5.14311 5.72588 5.71335 5.64206 5.88435 4.95802 7.44015 5.57911 4.78817 4.53465 5.3623 4.49422 5.71353 4.73911 5.66373 4.90822 4.3257 6.58262 6.46404 5.49106 5.05782 8.44674 6.34159 7.71177 5.84804 8.58118 5.51989 6.27607 5.3885 4.88169 4.73961 4.42015 4.71468 3.96689 3.15763 3.14028 6.41162 4.00901 3.07741 2.91955 2.8884 2.76945 2.65311 1.63389 0.447791
threshold=4.5000000000000009 5.2500000000000009 95.000000000000014 0.41927310776564108 45.000000000000007 4.5000000000000009 1.0000000180025095e-35 50.250000000000007 26.250000000000004 7.5000000000000009 0.062500000000000014 7.7916500000000015 0.19646839646839645 7.3750000000000009 0.37500000000000006 1.804761904761905 2.2500000000000004 0.96662958843159086 5.5000000000000009 0.68571428571428628 145.00000000000003 1.8756521739130434 1.5853281853281858 2.3489169866191593 6.5000000000000009 44.500000000000007 9.7499999999997531 -0.27525252525252519 0.31250000000000006 1.5000000000000002 1.0000000180025095e-35 -0.16597996597996609 3.2500000000000004 0.12500000000000003 12.708349999999998 6.5000000000000009 1.0000000180025095e-35 3.5000000000000004 0.039768339768339746 9.5000000000000018 1.0000000180025095e-35 0.79860139860139878 0.87500000000000011 11.500000000000002 5.2500000000000009 76.160614908563787
decision_type=2 2 2 2 2 2 2 2 2 2 2 2 2 2 2 2 2 2 2 2 2 2 2 2 2 2 2 2 2 2 2 2 2 2 2 2 2 2 2 2 2 2 2 2 2 2
left_child=1 2 3 -1 5 39 8 12 17 -4 -10 -12 13 -8 15 16 44 21 19 32 31 22 23 27 -25 26 30 -6 -29 -30 -26 -21 33 -19 -7 -31 -11 38 -38 -3 -14 -18 -5 -16 -15 -41
right_child=-2 4 9 42 6 34 7 -9 10 36 11 -13 40 14 43 -17 41 18 -20 20 -22 -23 -24 24 25 -27 -28 28 29 35 -32 -33 -34 -35 -36 -37 37 -39 -40 45 -42 -43 -44 -45 -46 -47
leaf_value=-0.016651462370567763 0.024767165465699435 -0.0052289324337143339 0.0038211487297189553 0.0012940737892599276 0.017806769184610893 0.016602283742864824 0.033666223763955706 -0.04494162072652038 0.0084176752035386073 -0.0045278445340401477 -0.0015263356205193585 -0.04453866243703903 -0.0007554473474279328 -0.0069468722744258212 -0.044521455201922862 0.031507783553874798 -0.009215174365148562 0.038807145140941954 -0.0088715123407132872 -0.0015339860168540949 -0.018661593258995222 0.025798574017258453 -0.028201869420274639 0.040030344753264113 0.0047655718414167355 0.031192206706240969 0.022715491150255132 -0.035032145128416722 0.015499555695311015 -0.032616393402328782 -0.030617263043650256 0.030283267223323463 0.050319384646134793 0.0071558228009149785 -0.014619842380348289 -0.0023862736339650011 -0.05089969884421644 -0.0033505277404476952 -0.018160946192945015 -0.026543778176996786 -0.035534124418165426 0.02144657859211373 0.030864193469626561 -0.0027902768784056342 -0.034473853606178564 -0.050589545738898803
leaf_weight=18.345421990379691 19.834078658372164 8.6018619015812892 24.56546219624579 14.359916605055334 19.976607579737902 17.785995185375214 11.923203034326432 10.209210971370338 17.665907185524702 21.760857991874218 14.410471197217703 13.726118909195065 10.378122188150884 11.137017727829518 8.0071100275963527 13.409942818805574 12.172863852232696 19.681327849626541 26.25788689404726 22.266466867178679 15.304215651005505 20.836813317611814 21.875115990638733 19.725723192095757 16.43041243776679 16.291894681751728 21.779863353818655 19.306862786412239 23.363569043576717 13.869367789477108 22.146253999322653 23.462805472314358 17.465706869959831 28.628495909273624 21.190812055021524 21.026706419885159 23.9826077837497 20.081004014238715 17.575184134766459 7.6990581359714296 13.565703326836227 17.926424231380224 16.904504420235753 6.8453321065753689 10.744086373597382 9.9163171872496587
leaf_count=117 112 78 138 84 112 106 73 72 95 119 94 110 94 88 124 95 86 104 153 121 104 138 157 108 93 89 116 120 118 87 130 126 90 154 149 130 147 123 113 100 126 109 89 65 73 85
internal_value=0 -0.00100183 -0.0090468 0.00494677 0.00103115 -0.0127791 0.00265357 -0.0060352 0.00518185 -0.0154632 -0.0111592 -0.0233179 -0.00225973 0.00280724 -0.00213602 0.00375603 -0.00386297 0.00712613 0.0136488 0.0183449 0.006462 0.00286718 0.000544143 0.00391493 0.0129488 0.00555348 -0.0017627 -0.00505149 -0.0110902 -0.00269867 -0.0158075 0.0150895 0.0291092 0.020576 -0.000313576 -0.0149751 -0.0211214 -0.0268138 -0.0378062 -0.030619 -0.0210944 0.00914866 0.0177435 -0.0266773 -0.0213791 -0.0420705
internal_weight=0 784.587 157.575 49.6098 627.012 65.194 561.818 126.319 435.499 107.965 45.8025 28.1366 116.11 92.166 80.2428 65.3903 51.9804 389.696 153.067 126.809 61.0335 236.629 215.792 193.917 96.3741 76.6484 60.3565 97.5431 77.5665 58.2596 38.5767 45.7293 65.7755 48.3098 38.9768 34.8961 83.3997 61.6388 41.5578 26.2172 23.9438 30.0993 31.2644 14.8524 21.8811 17.6154
internal_count=5114 5002 930 290 4072 518 3554 1005 2549 640 299 204 933 713 640 451 356 2250 852 699 351 1398 1260 1103 536 428 339 567 455 335 223 247 348 258 255 217 502 383 260 263 220 195 173 189 161 185
is_linear=0
shrinkage=0.05


Tree=81
num_leaves=47
num_cat=0
split_feature=283 119 274 99 115 290 24 145 291 156 155 198 183 114 187 30 299 210 184 58 30 138 11 0 15 113 48 285 31 279 58 41 122 284 36 146 287 99 233 87 100 168 292 36 285 277
split_gain=5.43627 5.61727 6.72012 4.40288 5.71519 4.65839 6.82427 7.56572 6.26932 6.14112 6.90032 9.50044 5.69117 5.52945 4.98723 4.87416 4.7829 6.366 4.55043 4.43252 4.3585 4.71446 7.32438 6.00959 5.88403 5.77319 5.33733 4.85576 6.20283 4.83351 4.71888 4.28089 5.67353 4.27686 6.79919 5.34268 6.35932 4.70622 4.00031 3.68817 3.02719 2.4769 2.30626 2.02853 1.1539 0.705998
threshold=0.30217391304347835 6.1250000000000009 -2.14939316808784 4.3750000000000009 215.00000000000003 7.5000000000000009 0.062500000000000014 12.500000000000002 0.62284482758620696 11.500000000000002 6.5000000000000009 0.56250000000000011 53.500000000000007 95.000000000000014 42.750000000000007 0.87692307692307703 6.3749999828838062 7.5000000000000009 66.500000000000014 15.500000000000002 -1.9510489510489506 13.500000000000002 17.500000000000004 90.500000000000014 7.5000000000000009 85.000000000000014 2.9458646616541353 15.812500000000002 1.3173913043478263 -2.0508810177500445 11.500000000000002 1.0000000180025095e-35 7.5000000000000009 2.6458333333333335 0.98311775456162864 2.5000000000000004 0.99999999999995204 9.0625000000000018 15.500000000000002 73.687500000000014 11.375000000000002 1.0000000180025095e-35 12.750000000000002 1.1658395482950017 12.562500000000002 -2.2017663274149513
decision_type=2 2 2 2 2 2 2 2 2 2 2 2 2 2 2 2 2 2 2 2 2 2 2 2 2 2 2 2 2 2 2 2 2 2 2 2 2 2 2 2 2 2 2 2 2 2
left_child=1 2 -1 4 -3 6 7 9 40 10 11 -5 14 -14 16 -12 17 44 -15 -9 -7 22 26 24 39 -24 27 28 30 41 -22 -2 -33 34 -18 37 -37 -36 -4 -23 -8 -26 -40 -34 -10 -45
right_child=31 3 38 5 -6 20 8 19 12 -11 15 -13 13 18 -16 -17 33 -19 -20 -21 21 23 25 -25 29 -27 -28 -29 -30 -31 -32 32 43 -35 35 36 -38 -39 42 -41 -42 -43 -44 45 -46 -47
leaf_value=-0.0055924885953497283 0.0038501121940685556 0.0048151016826116846 0.0074464570332926977 -0.009356365571746959 -0.040721071347028084 0.030455212422667056 -0.013459611086055527 -0.025907370835706146 -0.055786663006613592 0.040228988385098308 -0.026286942763176415 0.040641818247801276 -0.012180831729340969 0.040618260595422333 -0.033189297526991825 0.0093056676161261034 -0.022906669830916444 0.0056598560100672626 0.0030867310541176141 0.0046836788812687699 0.031640008286617061 -0.0070331040509606984 -0.040577844223024184 0.027635025506856304 -0.024087603331699573 0.0098489486265973016 -0.0030044101754750419 -0.0044798692393739079 0.049352672612781194 0.020968949132594505 0.0017645929998276009 0.0050780093503135157 -0.016857691499728215 -0.025806344895700148 0.0028687693444735644 0.024757864637051617 -0.019653606843361572 0.041443193224728905 0.01765050506416032 -0.034973676227391913 -0.045614191489972478 0.004462086355666306 0.045208115658564203 -0.025525945328513551 -0.025523763021093101 -0.056098708424778279
leaf_weight=27.104515515267849 25.015820378437638 13.205928366631271 22.720537032932043 14.383159363642333 12.990320747718213 17.607081957161427 18.514194058254365 21.042825940996408 7.335477512329823 18.303193982690573 16.634038314223289 25.276133706793189 16.190995961427689 16.29565787687898 17.131015613675117 20.343884637579322 16.448915250599384 12.21418961510062 15.48381534963846 25.035067945718765 27.056333184242249 29.341634448617697 10.049095107242467 13.92714501544833 12.925903515890239 11.032092163339255 26.461303900927305 13.816049020737408 21.962357401847839 24.642440425232056 25.227139286696911 12.555809522047637 11.265382520854475 12.170613164082168 13.269193148240445 12.252380937337877 19.59181197360158 19.161465976387262 14.710536714643238 19.541789583861828 12.645327661186455 16.148617584258318 20.766298446804285 5.7460290715098372 10.494561507366596 9.432840798981486
leaf_count=143 112 73 137 87 96 100 135 110 53 94 86 147 108 97 125 123 100 95 97 126 151 152 83 73 110 83 147 117 130 156 149 74 86 77 89 79 136 122 83 104 82 107 114 58 138 135
internal_value=0 0.00284796 0.0148406 0.00126866 -0.0184326 0.00211584 -0.00160473 0.00694607 -0.0071123 0.0149635 0.00848889 0.0227249 -0.00360269 0.0111087 -0.00868403 -0.00697579 -0.00502908 -0.0220203 0.0229839 -0.00954018 0.00707198 0.0053252 0.0116286 -0.00204662 -0.00630351 -0.0149378 0.0166058 0.022466 0.0274731 0.0050948 0.0175286 -0.0122314 -0.0223849 0.000642274 0.00489688 0.0122542 -0.00233231 0.0262182 0.0242907 -0.0186799 -0.0275214 -0.00860938 0.0345784 -0.0351343 -0.0402757 -0.0468183
internal_weight=0 741.455 85.3019 656.153 26.1962 629.957 360.218 141.018 219.2 94.9404 76.6372 39.6593 188.04 47.9705 140.07 36.9779 122.939 30.0442 31.7795 46.0779 269.739 252.132 135.604 116.528 102.6 21.0812 114.523 88.0619 74.2458 53.717 52.2835 64.0159 39.0001 92.8944 80.7238 64.2749 31.8442 32.4307 58.1974 48.8834 31.1595 29.0745 35.4768 26.4443 17.83 15.1789
internal_count=5079 4614 477 4137 169 3968 2306 773 1533 537 443 234 1316 302 1014 209 889 286 194 236 1662 1562 860 702 629 166 694 547 430 373 300 465 353 603 526 426 215 211 334 256 217 217 197 279 191 193
is_linear=0
shrinkage=0.05


Tree=82
num_leaves=49
num_cat=0
split_feature=116 291 32 115 32 283 155 32 299 38 97 14 283 54 14 277 286 8 107 113 288 277 274 54 113 140 154 157 75 274 140 202 31 115 39 29 38 188 285 63 228 32 109 109 119 31 235 221
split_gain=4.73279 6.08041 6.31521 5.02582 5.98754 5.57366 5.29906 7.6673 6.24236 4.79044 4.75266 4.69294 8.12694 5.87307 5.38125 5.1618 9.60427 5.14849 5.11592 5.23959 5.99447 4.64384 4.51334 4.26295 5.13077 5.25072 6.08686 5.04257 4.655 4.84843 4.21629 4.16678 4.1536 3.9003 3.73997 3.6483 3.58513 3.45824 3.42549 3.31312 3.17974 3.11475 3.16947 2.88432 2.44634 1.14637 0.556867 0.531504
threshold=25.000000000000004 1.0312805474095799 1.8764478764478769 85.000000000000014 1.1745173745173749 0.92582417582417598 66.500000000000014 1.3532951670882707 7.8749999999312896 0.37500000000000006 8.3125000000000018 0.12500000000000003 0.07417582417582419 787.50000000000011 0.23611111111111113 -1.9476240193859893 0.17092680152235956 122.50000000000001 216.87500000000003 105.00000000000001 -0.2270106897347694 -2.1069448316378927 -1.9618890207314292 737.50000000000011 75.000000000000014 49.500000000000007 5.1250000000000009 5.5000000000000009 1.0000000180025095e-35 -2.7730529649958924 54.500000000000007 4.5000000000000009 1.0721739130434786 105.00000000000001 0.63068181818181823 -0.34285714285714292 0.37500000000000006 2.5000000000000004 11.687500000000002 84.750000000000014 53.500000000000007 1.4324324324324329 116.25000000000001 111.25000000000001 7.1250000000000009 0.44608695652173924 13.500000000000002 4.5000000000000009
decision_type=2 2 2 2 2 2 2 2 2 2 2 2 2 2 2 2 2 2 2 2 2 2 2 2 2 2 2 2 2 2 2 2 2 2 2 2 2 2 2 2 2 2 2 2 2 2 2 2
left_child=1 2 9 4 21 6 11 8 30 -1 -6 15 13 14 32 23 39 18 19 20 -18 -2 -21 34 -25 26 -26 38 -29 -30 -8 -12 -13 -22 46 -14 -24 -3 -28 43 -31 42 -15 -17 -35 -37 -5 -47
right_child=3 37 -4 5 10 -7 7 -9 -10 -11 31 12 35 41 -16 16 17 -19 -20 22 33 -23 36 24 25 -27 27 28 29 40 -32 -33 -34 44 -36 45 -38 -39 -40 -41 -42 -43 -44 -45 -46 47 -48 -49
leaf_value=0.028398114095386496 -0.021132594761021105 -0.053423945282836019 -0.031620001887907583 -0.020164142953897249 0.00020022171203852316 -0.028730442466022785 0.054908607822058669 -0.011395174238387533 -0.0014816347873884308 -0.010419545690844847 0.054264403405618625 -0.014801761017573809 -0.0073025160879778804 -0.021243348379709336 0.034931800072768381 0.017728971890406984 0.013807627882650992 0.02626441037915251 -0.028533784632400735 -0.0067812362735370953 0.001682442222917838 0.011420498780406274 0.0034813651190543486 0.022129710956811193 -0.024834559794032238 -0.029490499656978419 0.0037784564671769372 -0.02333347452986529 0.03034401253181462 0.0090420090321325641 0.018947467822921213 0.017198783792927243 0.017137466642630755 -0.041673509574291633 -0.0030073032511497844 -0.057612582926871506 0.034917690355323348 -0.011034745203972117 0.034191701454761532 0.0079531334251246241 -0.018640333666909828 -0.039463219635811453 0.011965762416224322 0.050585070647699043 -0.013930391002088413 -0.039090629650074767 -0.038200917793664288 -0.013369408404512366
leaf_weight=15.617473725229504 16.973121769726276 10.747373942285778 11.906069279648362 13.343731585890056 14.355802489444612 16.122379954904318 14.325496181845663 22.880711905658245 17.75565629824996 14.472198225557802 14.149820040911434 22.767224077135324 10.507503662258388 16.734988141804937 12.958170330151914 13.895467281341555 22.026149015873671 16.688826408237219 15.487383371219037 19.817429434508085 18.585928164422512 27.069113254547119 15.439132723957298 20.721457337960601 20.345287026837468 16.645296782255173 18.658580955117941 19.862226016819477 12.583919703960417 20.925781229510903 21.110206015408039 18.008877597749233 16.808758236467838 14.469651905819772 25.208483412861824 9.439460592344405 21.853279070928693 9.2461333237588388 17.94133539032191 16.768021201714873 18.769001260399818 10.307701079174874 11.235049225389956 15.6201970949769 19.611900882795453 5.0748450038954598 12.44909382611513 5.3810743372887373
leaf_count=101 95 130 138 84 85 77 85 131 94 97 80 135 70 126 81 78 128 93 129 123 106 154 84 121 140 89 98 117 69 123 119 98 133 82 137 73 120 59 116 107 104 126 74 86 129 89 76 76
internal_value=0 -0.0133047 -0.0022653 0.000977831 0.0119363 -0.000586183 0.000184551 0.0124626 0.0227462 0.0099934 0.0242473 -0.00153654 -0.0101777 -0.00256615 0.00823744 0.000930382 0.00650086 0.000771415 -0.00227471 0.00100245 -0.00767459 -0.00131555 0.0122879 -0.004461 -0.000553645 -0.00390781 -0.000407657 0.00434724 -0.00334758 0.00454108 0.0345934 0.0346523 -0.00114846 -0.0167486 -0.0169575 -0.0321072 0.0223338 -0.0352802 0.0191999 0.0263543 -0.00418353 -0.0172257 -0.00795128 0.0362049 -0.0265612 -0.0442311 -0.0299706 -0.0281759
internal_weight=0 61.9892 41.9957 731.684 90.5567 641.127 625.004 76.0721 53.1914 30.0897 46.5145 548.932 121.215 90.8119 52.5342 427.718 210.263 163.98 147.291 131.803 74.6936 44.0422 57.1098 217.454 166.453 145.731 129.086 108.741 72.1409 52.2787 35.4357 32.1587 39.576 52.6675 51.0013 30.4029 37.2924 19.9935 36.5999 46.2837 39.6948 38.2777 27.97 29.5157 34.0816 19.8954 25.7928 10.4559
internal_count=5065 525 336 4540 512 4028 3951 429 298 198 263 3522 983 675 349 2539 1265 994 901 772 445 249 327 1274 977 856 767 627 413 296 204 178 268 317 297 308 204 189 214 271 227 326 200 164 211 238 160 165
is_linear=0
shrinkage=0.05


Tree=83
num_leaves=47
num_cat=0
split_feature=283 51 53 36 260 9 98 198 282 36 272 138 287 39 116 283 35 286 277 43 39 41 33 259 234 58 154 289 287 79 29 148 288 148 140 188 275 55 114 148 30 272 286 104 32 148
split_gain=5.18844 6.97997 5.90442 5.75115 5.1476 4.71553 5.47207 4.97092 5.75163 6.16298 5.4449 8.40591 9.73865 5.07069 5.00364 10.3861 4.11671 4.4036 4.12443 3.90515 3.89568 3.7687 6.12839 5.94837 5.02164 5.10902 4.20441 4.14676 3.29079 4.60994 4.48518 6.40941 4.95329 4.80224 3.53889 4.05151 5.44879 3.22659 2.70663 2.69415 2.29672 2.1228 2.10813 1.88566 0.95326 0.93458
threshold=0.34057971014492755 9.5000000000000018 487.50000000000006 0.61832221640497564 -1.8536126385542711 2.2500000000000004 1.2916500000000004 62.125000000000007 -1.7499999999999998 1.6646975845974443 -1.7760039040146787 19.500000000000004 0.99999999881779633 0.89898989898989912 85.000000000000014 -0.074175824175824162 0.49494897427831791 0.17092680152235956 -2.0503994713891429 2.5000000000000004 0.44722222222222224 11.500000000000002 -1.2409266409266408 -8.4835411108833494 42.500000000000007 15.500000000000002 6.2500000000000009 -0.082691941062253513 2.0058712045916103e-07 79.875000000000014 2.2285714285714291 32.500000000000007 -0.88622299073327826 10.500000000000002 28.500000000000004 23.500000000000004 81.319026593691504 797.50000000000011 95.000000000000014 4.5000000000000009 0.39860139860139882 -2.1694522111545314 0.17487523729312573 5.5000000000000009 0.83760258597467907 15.500000000000002
decision_type=2 2 2 2 2 2 2 2 2 2 2 2 2 2 2 2 2 2 2 2 2 2 2 2 2 2 2 2 2 2 2 2 2 2 2 2 2 2 2 2 2 2 2 2 2 2
left_child=1 3 4 -1 -2 7 19 8 28 10 11 13 -13 14 20 -16 40 -18 -19 41 -10 22 23 -12 25 26 -24 -23 29 -5 32 33 -30 -32 35 36 -34 -6 -36 -22 -11 -7 -17 -20 -14 -42
right_child=2 -3 -4 5 37 6 -8 -9 9 16 21 12 44 -15 15 42 17 18 43 -21 39 27 24 -25 -26 -27 -28 -29 30 -31 31 -33 34 -35 38 -37 -38 -39 -40 -41 45 -43 -44 -45 -46 -47
leaf_value=0.0280324160320875 0.0047102887301071726 0.034553918089955234 0.013989267499811962 0.006203221098523188 -0.049630988042214989 0.012172227115358699 -0.010135395560351011 -0.029749755484424101 -0.010219143523711671 -0.0046564385304790493 0.051119030255673187 0.0017578542071602947 -0.026812130260047508 -0.026792197790666102 0.013831440381506355 -0.042807751248775297 0.017851135402318901 0.0042154297024774379 -0.045755633855182054 -0.0022998095809271166 0.033856872988869087 -0.024654462214270815 0.0015122957776047936 0.0097235225069627652 0.027322261935648837 0.015360345599022574 -0.029699787948246428 0.011119377863988422 -0.0078765507923831569 -0.027947647250139492 -0.0089896053445086051 -0.022337121882726997 0.0018441026535279414 0.027189326709537893 0.014209380712860315 -0.01059964518557586 0.040138988168224504 -0.016243958406392155 0.040965068176559843 0.0089895385629699103 -0.048875757327967187 0.034646870538053313 -0.014627877036658269 -0.012939588346999507 -0.049890884078075071 -0.020173700341613601
leaf_weight=17.093014325946569 11.404858436435459 14.089236855506895 12.887265533208845 23.866067972034216 15.557563590817155 19.791276399046183 23.085919853299856 14.773515988141297 13.443262655287979 5.645839478820565 13.55905347317457 20.847746424376965 11.625543648377063 15.593776946887372 27.622678212821484 13.023129992187025 10.853886021301149 12.687844522297381 10.247254839167004 17.228652946650982 18.729843115434051 18.35011858120561 20.654895965009928 23.009512646123767 13.997887937352059 20.138201594352722 21.38012488745153 13.152177680283783 20.675298370420933 15.532535791397093 16.351641975343227 23.994153674691916 20.97017689794302 18.836871612817049 18.268435634672642 15.989850156009195 15.82140216976404 15.420662501826881 22.83761153370142 26.629343634471297 13.929803285747768 26.065578576177359 15.691623661667107 8.9376148600131256 18.855441754683852 6.1381490658968678
leaf_count=93 107 72 57 121 106 111 128 88 90 49 77 137 69 85 154 97 98 117 106 99 107 126 127 140 97 131 143 69 107 94 89 128 109 94 90 87 84 112 108 157 247 155 124 80 144 73
internal_value=0 0.000895299 -0.0148533 0.000195396 -0.0237437 -0.00051442 0.0103792 -0.00203624 -0.00131496 -0.00488481 -0.00199989 -0.00773017 -0.0246656 -0.000944212 0.00275701 -0.00782332 -0.0184124 -0.00855105 -0.0178115 0.0179275 0.0128551 0.00523628 0.0094974 0.0260245 0.00132861 -0.00486355 -0.0146842 -0.00983633 0.00528836 -0.00761897 0.00824209 -0.00290666 0.0139768 0.0105936 0.0188215 0.00995925 0.0189383 -0.0340389 0.0296941 0.0197667 -0.0338647 0.0254139 -0.0284189 -0.0318661 -0.0422199 -0.041471
internal_weight=0 740.016 55.2704 725.927 42.3831 708.834 86.1714 622.662 607.889 394.745 326.304 182.062 51.3287 130.734 115.14 56.3374 68.4404 42.7266 31.8727 63.0855 58.8024 144.242 112.74 36.5686 76.1711 62.1732 42.035 31.5023 213.144 39.3986 173.745 59.1827 114.563 35.1885 93.8875 52.7814 36.7916 30.9782 41.106 45.3592 25.7138 45.8569 28.7148 19.1849 30.481 20.068
internal_count=5083 4701 382 4629 325 4536 493 4043 3955 2844 2074 1164 350 814 729 375 770 401 303 365 354 910 715 217 498 401 270 195 1111 215 896 311 585 183 478 280 193 218 198 264 369 266 221 186 213 320
is_linear=0
shrinkage=0.05


Tree=84
num_leaves=50
num_cat=0
split_feature=116 279 279 30 260 49 114 4 213 286 291 66 291 46 274 44 40 31 232 263 112 8 58 58 157 146 290 284 34 55 12 13 155 34 10 55 259 108 97 55 189 69 2 146 289 117 202 36 77
split_gain=4.70433 7.00552 8.09173 5.48844 5.8198 7.5546 6.85629 6.73988 6.01739 5.81086 4.7539 6.66981 5.24538 7.07905 7.22167 5.76873 5.9986 5.43358 5.33014 4.69801 4.99782 5.26095 4.70037 6.67864 4.41091 4.30466 4.28927 4.56479 4.54414 4.01876 4.006 3.98027 3.75522 3.63206 5.63391 3.32603 3.36862 3.10929 3.0955 3.09073 2.95834 2.77944 2.42701 2.40664 2.08941 2.00647 1.32773 1.27392 0.677793
threshold=25.000000000000004 -0.85649460252840071 -0.53996362738453452 -2.0874125874125866 -3.6806527937548634 1.130769230769231 175.00000000000003 80.750000000000014 4.5000000000000009 0.73814185419033085 0.95445134575569368 1.5000000000000002 0.88117647058823534 167.50000000000003 -2.5678237142564391 1.0000000180025095e-35 1.7500000000000002 0.4603344481605352 56.250000000000007 91.564490717318719 115.00000000000001 47.500000000000007 14.500000000000002 23.500000000000004 4.5000000000000009 6.5000000000000009 7.5000000000000009 1.6220238095238098 -0.44887004887004878 707.50000000000011 0.062500000000000014 7.5000000000000009 42.500000000000007 -0.85197505197505186 0.20833333333333334 827.50000000000011 -9.0133121125016782 6.2500000000000009 9.5625000000000018 812.50000000000011 39.500000000000007 86.500000000000014 82.750000000000014 10.333350000000001 0.76556758748011056 7.6875000000000009 7.5000000000000009 1.5951072541767612 71.416675000000012
decision_type=2 2 2 2 2 2 2 2 2 2 2 2 2 2 2 2 2 2 2 2 2 2 2 2 2 2 2 2 2 2 2 2 2 2 2 2 2 2 2 2 2 2 2 2 2 2 2 2 2
left_child=25 3 38 9 5 7 10 31 41 40 11 12 13 14 18 -16 35 -18 -6 20 33 22 -22 -24 -14 29 28 -28 -13 -1 -30 -5 -27 -12 -35 36 -17 -19 -3 44 -2 43 48 47 -4 -23 -38 -8 -31
right_child=1 2 39 4 6 -7 8 -9 -10 -11 19 26 24 -15 15 16 17 37 -20 -21 21 45 23 -25 -26 32 27 -29 30 42 -32 -33 -34 34 -36 -37 46 -39 -40 -41 -42 -43 -44 -45 -46 -47 -48 -49 -50
leaf_value=0.0037923780266458703 0.017285101422991073 0.045579355335606919 -0.0047321894875988505 0.0022768567443594155 0.040155858543351804 0.041702118822284924 -0.010813416872607213 0.020027667014640246 0.0020296840446460728 0.039508041484860298 -0.018878205562671967 0.012855493611576613 -0.0051895075911331211 -0.033269582185278444 -0.029109963395713812 -0.0015981606408015684 -0.012976385843043775 0.0048009107742663856 -0.00035366597495397646 -0.020752475662845552 -0.012228921539550353 0.016475764026620741 0.031500019237523054 -0.0096111738390911982 -0.040123394592958932 0.019595604338280129 0.040040472103575621 0.00058295859549452572 0.0060949294287571641 -0.026403839658549668 -0.03034268531299375 -0.036300469969851833 -0.016009553752570127 0.020032802197901187 -0.018384100070530842 0.0041120211533928579 -0.04295574994518786 0.03468967678375267 0.013967349903739192 -0.018861321928345848 -0.013265441587644764 -0.0082775137387023825 -0.013343485601696676 -0.057964969346240049 0.02236706489767629 0.043853328711139554 -0.019826254114686526 -0.037982267993514722 -0.055689345024505288
leaf_weight=8.4261434506624919 14.710038311779501 18.444924164563417 13.339341383427383 13.964793503284456 13.461329907178881 14.450552325695751 9.1088205017149502 24.462476324290037 19.812263764441013 14.823663707822559 24.227134469896555 25.463318038731813 14.752395106479524 22.000599903985858 26.584128066897392 15.402079815044997 18.083045100793242 17.428096953779459 18.47898830473423 16.263860668987036 22.585522051900625 14.988511003553867 24.650710982270539 15.452128509059547 23.762493560090661 12.718245515599849 14.398226026445629 14.04638573899865 12.360862269997599 6.2298894254490795 17.268533263355494 11.637009362690149 15.09303451888263 23.939120139926672 14.510509753599761 18.207586639560759 12.324242018163206 17.153740392997861 14.927929747849701 14.066529443487523 15.004567973315714 10.443977583199738 9.509961022064088 10.681715436279772 13.563246313482521 14.764393627643585 18.17442312091589 9.6522240014746767 10.10204238258302
leaf_count=84 86 112 81 87 81 99 58 134 130 90 135 151 96 143 157 90 108 107 124 91 136 82 147 96 157 86 87 80 69 104 127 95 98 132 99 118 82 103 81 91 76 80 63 63 81 84 117 106 95
internal_value=0 -7.76917e-05 0.0143673 -0.00172533 -0.00296123 0.0111367 -0.00463081 0.00167039 -0.0204867 0.0150292 -0.00266416 -0.00626248 -0.0105519 -0.00717871 -0.00373406 -0.00853523 -0.00364387 0.00876905 0.0174199 0.00403833 0.00675388 0.0140858 0.00567526 0.0158109 -0.0272126 -0.0143071 0.00582748 0.0212373 -0.00236544 -0.025906 -0.0154389 -0.0159635 0.000387869 -0.00411122 0.00543614 -0.0138191 -0.020868 0.020185 0.0322568 -0.00062651 0.00192879 -0.031447 -0.0353702 -0.0391238 0.00924217 0.0310457 -0.0302397 -0.026006 -0.0466862
internal_weight=0 733.826 74.342 659.484 614.946 64.5148 550.431 50.0643 59.699 44.5383 490.732 319.35 235.813 197.298 175.298 143.357 116.773 52.6649 31.9403 171.382 155.118 92.4413 62.6884 40.1028 38.5149 62.0793 83.5373 28.4446 55.0927 34.268 29.6294 25.6018 27.8113 62.6768 38.4496 64.1083 45.9007 34.5818 33.3729 40.9691 29.7146 39.8867 25.8419 29.4428 26.9026 29.7529 30.4987 18.761 16.3319
internal_count=5079 4549 446 4103 3851 415 3436 316 437 252 2999 1997 1483 1230 1087 882 725 318 205 1002 911 545 379 243 253 530 514 167 347 346 196 182 184 366 231 407 289 210 193 253 162 307 262 227 162 166 199 164 199
is_linear=0
shrinkage=0.05


Tree=85
num_leaves=50
num_cat=0
split_feature=10 282 112 288 8 98 108 284 274 259 193 259 87 78 282 149 287 109 31 111 235 220 4 98 119 33 3 80 284 38 58 194 35 55 32 109 283 155 288 90 29 275 283 10 108 111 154 109 287
split_gain=5.49241 4.90359 6.89446 5.12104 4.7511 4.70355 4.42938 4.2445 6.1447 5.54528 8.03824 7.01793 6.61725 5.88234 4.20875 4.6696 7.5027 6.16106 5.98368 5.36127 7.56981 5.23603 5.14233 4.87947 4.39397 4.1762 7.68524 6.51991 5.98711 5.65053 3.95565 3.93714 3.87621 4.12092 3.83247 4.61682 5.26283 3.78241 3.75263 3.0737 2.97671 2.78537 2.47301 2.46429 2.4221 2.25112 2.2298 1.54173 1.4725
threshold=0.45833333333333343 0.75000000000000011 305.00000000000006 0.98802474685579866 112.50000000000001 0.7916500000000003 3.035699999999999 1.5339366515837105 -1.3725843046928723 1.0050014713594462 20.750000000000004 -4.4065756392730444 67.687500000000014 1.1250000000000002 -3.7499999999999996 22.500000000000004 0.99999991809645039 123.75000000000001 2.0932628230172465 155.00000000000003 9.5000000000000018 5.5000000000000009 87.250000000000014 0.62500000000000011 7.6250000000000009 -1.0416988416988415 80.250000000000014 79.625000000000014 1.9148550724637683 0.87500000000000011 15.500000000000002 1.0000000180025095e-35 0.52243118397129218 802.50000000000011 1.6131274131274136 111.25000000000001 -0.08514492753623186 50.500000000000007 -0.21861968191509915 71.875000000000014 -1.0026578073089694 83.548344417445961 -0.17028985507246372 0.12500000000000003 8.7500000000000018 125.00000000000001 33.250000000000007 101.25000000000001 0.99999999999999978
decision_type=2 2 2 2 2 2 2 2 2 2 2 2 2 2 2 2 2 2 2 2 2 2 2 2 2 2 2 2 2 2 2 2 2 2 2 2 2 2 2 2 2 2 2 2 2 2 2 2 2
left_child=1 3 5 7 -4 32 -7 8 9 10 12 40 -1 -11 30 16 31 25 19 20 46 24 23 -21 37 26 42 29 -28 48 -9 -16 33 -3 35 36 -2 -22 -37 -29 -12 -10 -18 -42 -33 -8 -17 -36 -27
right_child=34 2 4 -5 -6 6 45 14 41 13 11 -13 -14 -15 15 18 17 -19 -20 22 21 -23 -24 -25 -26 27 28 39 -30 -31 -32 44 -34 -35 47 38 -38 -39 -40 -41 43 -43 -44 -45 -46 -47 -48 -49 -50
leaf_value=0.013846325781825309 0.0011001923081705113 -0.010488813196938132 -0.0086856421745277936 -0.020047804210539834 0.045110689797951173 -0.0033179516291215517 -0.020978845197937693 -0.00097376777729956559 0.0061879814054340773 -0.024978905061636691 0.015424866468820129 0.034915878171289758 0.052189636864255151 0.019971268718545654 0.0053971099883585727 -0.010518591514484456 -0.0058448796179872524 0.034310438019980821 -0.028867332477777653 -0.00033296293776609591 0.019801421679160658 0.024087137131821947 -0.011494775838256002 0.036476428324229995 -0.02621549710997231 0.023968242999450693 -0.0065117036332793827 -0.017544224776682712 0.034823100350200496 0.0020626852247032862 0.032930056336998907 -0.0077327126086913466 -0.027510190082016536 0.020980513100163523 -0.011146517198512403 0.02810672423178269 -0.040486227259008793 -0.0098834889599661822 -0.00831675967998592 0.012557534105191562 0.0020039687724263977 -0.024768784690536789 -0.034013646153658858 -0.02787095005903964 -0.038275437689108897 -0.054980517905640215 -0.036823449716740196 -0.046794941518534049 0.048549979138385414
leaf_weight=20.785418519750237 14.740643192082644 22.817328622564673 6.8803674569353452 21.95846813172102 8.2560497261583787 12.437492351979015 10.893749032169582 15.180153634399174 13.299768567085268 14.695855448022487 12.557321406900881 15.578475665301083 26.270511317998171 12.601500540971754 17.217953907325864 14.129755973815916 15.364798545837404 21.533746112138033 23.22485919855535 15.340856932103632 17.369637206196785 17.135635688900948 16.977039031684399 20.73135095089674 18.351953886449337 15.685499764978886 17.993296690285206 17.457819581031799 15.601772233843802 17.639522884041071 18.689473185688257 12.435983916744592 12.53343842551112 17.50563583150506 5.4468325041234484 11.71018901281059 14.609264692291617 24.84609492123127 15.17772072739899 14.741483740508555 13.327452640980484 14.205082334578035 15.924798313528298 13.045499470084904 14.18002989515662 12.047825351357458 21.732827667146921 9.1437685340642911 15.648553486913443
leaf_count=109 93 140 139 142 46 80 87 83 78 106 68 87 144 80 120 77 84 110 151 84 95 91 99 118 110 93 101 102 85 103 93 81 107 111 69 93 153 128 108 77 70 86 87 114 103 103 116 151 89
internal_value=0 0.00143585 -0.00858701 0.00313599 0.0216343 -0.0139557 -0.0278039 0.00402903 0.0110669 0.0156295 0.0209634 0.00766045 0.0358933 -0.00425574 0.00148039 3.2391e-05 0.00513203 0.00994575 -0.00564422 -0.00225419 -0.0083658 0.000480409 0.010742 0.0212353 -0.00648109 0.0061447 -0.00329178 0.0136359 0.0131362 0.0249463 0.0181424 -0.0130837 -0.00434239 0.00335025 -0.0130656 -0.00684769 -0.0202519 0.00250592 0.00798538 -0.0037999 -0.00384745 -0.0101079 -0.0207907 -0.0132521 -0.0248015 -0.0403855 -0.0270259 -0.0350555 0.0373665
internal_weight=0 716.832 103.372 613.46 15.1364 88.2355 35.3791 591.502 156.367 128.862 101.565 54.5087 47.0559 27.2974 435.135 401.265 211.425 167.591 189.84 166.615 113.566 77.7033 53.0492 36.0722 60.5677 146.058 64.8847 81.1729 33.5951 48.9736 33.8696 43.834 52.8564 40.323 70.8284 56.2378 29.3499 42.2157 26.8879 32.1993 38.9303 27.5049 31.2896 26.373 26.616 22.9416 35.8626 14.5906 31.3341
internal_count=5044 4377 813 3564 185 628 270 3422 942 778 592 339 253 186 2480 2304 1235 931 1069 918 617 424 301 202 333 821 357 464 186 285 176 304 358 251 667 447 246 223 201 179 252 164 171 184 184 190 193 220 182
is_linear=0
shrinkage=0.05


Tree=86
num_leaves=49
num_cat=0
split_feature=10 165 286 139 43 76 31 36 54 279 148 33 8 287 88 108 73 220 104 263 88 286 199 75 197 288 231 87 36 272 277 289 288 74 284 155 8 49 77 289 232 44 55 55 63 42 58 199
split_gain=5.6646 6.11166 7.3769 5.4327 5.73025 6.24515 6.88585 9.84149 7.56609 6.53186 6.38128 6.28727 6.07994 5.60101 5.4191 5.28886 6.41675 5.02277 5.55524 6.63774 4.79563 4.61478 6.25936 4.33221 4.74569 4.79915 4.76487 4.46646 4.18749 3.49572 5.86326 3.41608 3.24464 3.00674 3.71795 5.03979 3 2.94838 2.91824 2.78435 2.77934 2.39722 2.38823 3.73989 2.24618 2.14938 1.85934 1.37894
threshold=1.0000000180025095e-35 3.2500000000000004 0.95220071374184378 47.500000000000007 1.0000000180025095e-35 1.0000000180025095e-35 0.41620553359683804 1.422238336488316 852.50000000000011 -0.79696106309721426 2.5000000000000004 1.3830115830115826 97.500000000000014 0.99999374210764169 1.8333499999999996 3.035699999999999 69.750000000000014 8.5000000000000018 6.5000000000000009 88.195869835516547 2.7678500000000033 0.23794333051666119 8.5000000000000018 2.5000000000000004 1.0000000180025095e-35 -0.58482361983252518 76.500000000000014 73.187500000000014 1.2563109932763494 -1.5608730802310651 -2.0222386728622732 -0.75013812021657655 -0.52032787705993211 7.2500000000000009 1.5894736842105266 7.5000000000000009 167.50000000000003 0.7932290619597121 81.937500000000014 0.11478523713130605 22.250000000000004 7.5000000000000009 832.50000000000011 762.50000000000011 85.750000000000014 8.5000000000000018 16.500000000000004 16.500000000000004
decision_type=2 2 2 2 2 2 2 2 2 2 2 2 2 2 2 2 2 2 2 2 2 2 2 2 2 2 2 2 2 2 2 2 2 2 2 2 2 2 2 2 2 2 2 2 2 2 2 2
left_child=15 2 3 4 5 9 37 10 21 32 -8 28 14 -10 23 36 -17 18 19 -18 39 46 -23 24 33 27 42 -26 29 30 -12 -24 40 34 -6 -36 -1 -7 -37 -16 -2 -4 43 -27 -33 47 -9 -34
right_child=1 -3 41 -5 12 6 7 8 13 -11 11 -13 -14 -15 20 16 17 -19 -20 -21 -22 22 31 -25 25 26 -28 -29 -30 -31 -32 44 45 -35 35 38 -38 -39 -40 -41 -42 -43 -44 -45 -46 -47 -48 -49
leaf_value=0.036155100074351854 0.007413921736419732 0.026909567586985352 -0.010511763496771581 0.020275756295910344 0.035088225127540555 -0.0052756237135199221 0.042762962874474779 -0.02202888842453217 -0.016794539027623973 0.013618746859340718 -0.0078808327592274543 -0.020604944644450385 -0.023345166043657106 0.031466890784330716 0.01166109835661706 0.03080765054455167 0.032288650510250309 -0.026659480718187412 -0.019456172625258741 -0.004913650648533479 -0.0018587241701436604 0.02214616329579484 0.0013292770390253442 -0.022753820493884358 0.026525548403297211 0.0052396581859002296 -0.030507924132023974 -0.0073474741066763063 0.033590556977013165 -0.015714173705750643 0.036784047359104517 -0.013382419498628638 -0.028802252481748343 -0.0042267375416295385 -0.013758445822040647 0.035254443123688341 0.0084752610155476842 -0.036902020108835767 0.0040442059354015196 0.040324199297840098 -0.023374803145645551 -0.039949116040460336 0.013580045313602331 -0.027332740699908872 -0.047962024678112287 -0.017162159505951468 -0.054260347080078243 -0.055774653723391812
leaf_weight=21.478483404964209 11.185334648936989 16.358588967472315 13.342041444033386 25.296967647969723 18.44511435367167 12.546155463904144 13.512406546622513 11.731160337105395 9.1099410289898533 12.156858896836637 14.0452369172126 15.941452689468859 20.881318759173155 14.244119258597491 15.943153301253913 15.552914369851349 21.180564358830452 17.020357865840197 18.449965171515942 25.605911005288363 20.138008017092943 10.427248882129787 11.098351597785951 17.500783152878284 18.725671902298927 18.219880156219006 22.468680584803224 18.537151370197535 17.686619682237506 13.058454595506193 13.768768504261972 9.7151548974216002 14.787144955247642 22.805454781278968 15.630176024511455 15.054644510149958 18.736868143081665 18.278209250420332 14.587084360420702 20.241263044066727 18.325374041683972 15.850712921470402 14.299468437209724 15.598582692444323 10.532716870307921 15.015502793714402 9.7764693256467563 12.004101809114216
leaf_count=122 78 87 72 130 107 75 74 139 135 79 96 109 146 122 102 92 110 90 95 131 121 88 75 108 107 106 143 112 117 87 85 80 121 140 91 87 99 113 76 108 144 109 87 91 90 103 108 102
internal_value=0 -0.00236943 -0.00316795 -0.00195758 -0.00296395 -0.00793122 -0.00320895 0.00068494 -0.0112132 -0.0193795 0.0123912 0.00638916 0.00201131 0.0127245 0.00406492 0.00875063 0.00239419 -0.00328366 0.00312557 0.0122513 0.0177038 -0.020108 -0.0099916 0.000373154 0.00256126 -0.0044236 -0.0120301 0.00992309 0.0139603 0.00486642 0.0147389 -0.0210363 -0.025115 0.0112189 0.016727 0.00864952 0.0237772 -0.0245997 0.0205287 0.0283482 -0.0118446 -0.027289 -0.00295639 -0.0101377 -0.032781 -0.0339868 -0.0384398 -0.0424596
internal_weight=0 648.872 632.513 603.32 578.023 288.947 205.472 174.648 86.6352 83.4743 88.0129 74.5005 289.076 23.3541 268.195 138.025 97.8097 82.2568 65.2364 46.7865 56.3224 63.2811 41.7735 211.873 194.372 107.849 70.5866 37.2628 58.5591 40.8725 27.814 31.3462 71.3175 86.5225 63.717 45.2719 40.2154 30.8244 29.6417 36.1844 29.5107 29.1928 48.1179 33.8185 20.2479 41.8067 21.5076 26.7912
internal_count=5089 4350 4263 4082 3952 2220 1593 1405 837 627 568 494 1732 257 1586 739 518 426 336 241 331 580 333 1255 1147 646 427 219 385 268 181 245 548 501 361 254 221 188 163 210 222 181 284 197 170 326 247 223
is_linear=0
shrinkage=0.05


Tree=87
num_leaves=48
num_cat=0
split_feature=101 151 198 282 74 148 299 10 289 273 287 32 0 55 283 227 33 33 34 289 276 104 114 212 220 100 289 110 110 104 292 235 154 299 104 285 287 62 36 283 260 190 36 7 110 285 260
split_gain=3.81624 8.93165 4.08358 4.44674 3.93627 6.89645 6.79186 8.76274 6.85622 7.23468 6.3863 7.12742 6.58369 6.25649 6.11846 5.71126 5.68978 5.5609 6.84054 5.12121 5.30252 5.06661 4.86195 4.71529 4.58131 4.43791 4.08937 5.11261 5.67472 5.78964 5.70225 7.5988 4.73649 4.68266 3.9814 3.82967 5.00586 3.64753 3.47187 3.44876 3.23542 4.43192 2.85251 2.64285 1.50331 1.18439 0.508313
threshold=16.500000000000004 6.5000000000000009 61.875000000000007 -4.2499999999999991 5.2500000000000009 50.500000000000007 4.6249998531140557 1.0000000180025095e-35 0.1318557721318592 90.964758407808361 0.99999999999996425 0.42548262548262555 79.250000000000014 792.50000000000011 -0.28174603174603169 42.500000000000007 1.2880308880308877 -0.8115830115830116 -0.98301158301158276 0.63089349388778826 85.614855763724236 4.5000000000000009 85.000000000000014 2.3333500000000007 8.5000000000000018 8.6250000000000018 -0.048362832084465616 78.750000000000014 91.250000000000014 9.5000000000000018 12.750000000000002 10.500000000000002 25.250000000000004 9.249999999999984 8.5000000000000018 12.562500000000002 0.99999999954704377 76.500000000000014 1.414366466857786 -0.054093567251461978 1.855681082079647 6.5000000000000009 1.655401544311071 8.2500000000000018 201.25000000000003 11.687500000000002 3.9679295855990908
decision_type=2 2 2 2 2 2 2 2 2 2 2 2 2 2 2 2 2 2 2 2 2 2 2 2 2 2 2 2 2 2 2 2 2 2 2 2 2 2 2 2 2 2 2 2 2 2 2
left_child=2 -2 3 -1 16 6 7 -6 9 26 12 -12 35 21 -14 -11 17 18 -5 20 -19 -7 -16 38 37 -13 27 -8 -29 30 31 -30 -33 45 -27 -10 -37 42 -17 40 -39 -42 -9 -18 -26 -32 -41
right_child=1 -3 -4 4 5 13 8 24 10 15 11 25 14 -15 22 23 43 19 -20 -21 -22 -23 -24 -25 44 34 -28 28 29 -31 33 32 -34 -35 -36 36 -38 39 -40 46 41 -43 -44 -45 -46 -47 -48
leaf_value=0.020556276004219678 -0.013810759156777147 0.033342328464946197 -0.022906372662320564 0.0035661456667307142 0.016645811388140239 0.022219608988634253 0.018973333499395964 0.037919568704003537 -0.034318660361693613 -0.017810731572162453 -0.010286370546437182 0.0087891964337919216 0.039575349457361096 0.035099845832706755 -0.01472592546861182 -0.014056526319464482 -0.039242355181409561 -0.023051792557313572 -0.03362520740986203 0.031783401943034383 0.016103409476365901 -0.016848990748162342 0.017722601809439853 0.033687263244015962 -0.021619296102944746 0.051792342501501692 -0.030836281736520518 -0.033577722825675692 -0.025505041095636713 0.023076730597497846 -0.048214411859503842 -0.0060020922991778315 0.032743751828213492 0.0018471736285450597 0.018513776833628103 0.016685895350551733 -0.022368167668698154 0.011013444676855676 0.021803346386059637 -0.050197435697074071 -0.03287299417803171 0.00098560490572464042 -0.010922053493242094 -0.011273275520325997 -0.055204679957806008 -0.023488785968716064 -0.022615975109053672
leaf_weight=25.650900483131409 15.560179140418766 25.2049251049757 18.106288518756628 26.503892799839377 21.962632209062576 15.271119430661203 17.026745842769742 5.0549621898680908 12.944618243724106 12.779355006292461 14.027249928563831 19.89837285131216 14.717961251735685 26.642663683742285 19.967918334528804 13.228665813803675 16.216109026223421 14.744717264547942 21.89611217007041 16.585699690505862 18.187185999006033 15.951046753674744 24.73343139141798 24.716321177780628 8.3237993745133299 22.47126810438931 17.903302945196629 19.523151721805334 15.511987581849096 14.961951266974209 11.100691366940739 13.311300402507188 17.449622862040997 12.053780686110256 17.259712651371956 15.654363529756667 15.190537288784979 12.392112502828239 11.867162209004162 6.3541253507137281 20.486213514581323 17.463545866310596 5.2215066188946366 18.849323159083724 8.603569199331103 14.700447043403981 5.9788776002824306
leaf_count=145 94 142 109 158 113 85 107 46 71 95 74 115 77 144 122 96 103 86 151 99 102 89 130 152 76 124 136 131 99 94 77 98 97 77 92 115 100 81 75 102 138 117 120 118 97 116 81
internal_value=0 0.0154441 -9.0811e-05 0.000512799 -0.000254673 0.00157666 -0.000311182 -0.011126 0.00278696 -0.00318348 0.0100599 0.021201 0.00198174 0.0177726 0.0127333 0.0110303 -0.00795774 -0.00168661 -0.0135993 0.00999589 -0.00159039 0.00235645 0.00322291 0.0186344 -0.0180208 0.0286556 -0.00901159 -0.00592632 -0.00962937 -0.00462262 -0.0097621 0.00205346 0.016316 -0.0238863 0.0381451 -0.0125659 -0.00264594 -0.0122509 0.00308638 -0.0167667 -0.0105299 -0.0176668 0.0143352 -0.0249371 -0.0408167 -0.0355288 -0.0395254
internal_weight=0 40.7651 739.446 721.34 695.689 562.706 504.841 111.841 393 216.134 176.865 73.6566 103.209 57.8648 59.4193 62.5915 132.983 97.9176 48.4 49.5176 32.9319 31.2222 44.7013 49.8121 89.8787 59.6294 153.543 135.64 118.613 99.0898 84.1278 46.2729 30.7609 37.8549 39.731 43.7895 30.8449 72.9513 25.0958 62.6749 50.3419 37.9498 10.2765 35.0654 16.9274 25.8011 12.333
internal_count=5066 236 4830 4721 4576 3759 3441 971 2470 1450 1020 405 615 318 329 418 817 596 309 287 188 174 252 323 858 331 1032 896 789 658 564 294 195 270 216 286 215 685 171 519 336 255 166 221 173 193 183
is_linear=0
shrinkage=0.05


Tree=88
num_leaves=44
num_cat=0
split_feature=282 161 96 226 90 5 51 63 36 144 63 37 291 44 9 144 263 278 279 288 58 100 214 285 30 274 226 31 287 148 145 44 274 74 33 113 35 55 291 227 8 32 274
split_gain=4.51433 7.68629 7.36385 5.75566 8.58453 5.31003 6.46865 7.00749 6.08375 5.50657 5.47902 5.26627 5.82189 5.15941 5.06343 4.83571 5.48267 6.94988 4.8345 4.54583 4.27772 4.19902 4.04094 3.97276 3.74726 4.11195 3.67646 5.32573 5.84167 4.71238 4.95281 4.50344 4.42803 4.26757 3.86509 4.46632 3.60914 3.27037 3.06239 2.99584 2.93951 2.48971 0.953225
threshold=-1.7499999999999998 1.5000000000000002 72.500000000000014 9.5000000000000018 71.562500000000014 79.500000000000014 9.5000000000000018 88.750000000000014 1.5116573282773487 24.500000000000004 80.250000000000014 0.37500000000000006 0.81365740740740755 1.0000000180025095e-35 2.7500000000000004 54.500000000000007 90.091079589014086 91.364791666349802 -2.2670499711407186 -0.44504625642270151 17.500000000000004 7.1250000000000009 2.5000000000000004 11.187500000000002 0.083916083916083892 -1.895545198305258 47.500000000000007 0.34173913043478271 0.99999999990523947 7.5000000000000009 4.5000000000000009 12.500000000000002 -1.8124293424991689 6.2500000000000009 -1.5305019305019305 115.00000000000001 0.60952412990125227 782.50000000000011 0.9582608695652175 31.500000000000004 52.500000000000007 1.2240768240768245 -1.2579657283269465
decision_type=2 2 2 2 2 2 2 2 2 2 2 2 2 2 2 2 2 2 2 2 2 2 2 2 2 2 2 2 2 2 2 2 2 2 2 2 2 2 2 2 2 2 2
left_child=3 5 -3 13 18 8 7 14 10 11 24 12 -9 -1 26 16 37 -18 -5 -13 -17 22 23 -11 -2 -26 27 33 34 31 -31 32 -30 -7 -29 -36 -15 -6 -14 -20 42 -12 -10
right_child=1 2 -4 4 15 6 -8 9 40 21 41 19 38 36 -16 20 17 -19 39 -21 -22 -23 -24 -25 25 -27 -28 28 29 30 -32 -33 -34 -35 35 -37 -38 -39 -40 -41 -42 -43 -44
leaf_value=-0.0042700309408981677 0.019337416641413266 0.035197460222933234 -0.0077490532253403563 -0.029330714213534548 0.012708752214593892 -0.0034053892208891728 0.026795399375092111 0.010457721612980704 -0.049153239622812851 -0.043406394169175355 -0.036610419782276263 0.031373893771523394 -0.05116958120310644 0.012800482275088818 0.025860378873773005 -0.025498827017128873 -0.014497157647553381 0.023844096540259548 -0.017283124735582467 -0.0082049132541938356 0.0082837851647730148 -0.043610753260499645 0.0065184956076425708 -0.0045874241528443133 -0.025222898614338074 0.0066853883481377682 0.020557443715622754 0.005657272821205186 -0.01157959767060269 -0.022183720592907557 0.01304299958096298 0.032338558653740863 0.0202493492614714 -0.03520492561125893 -0.050001542705041896 -0.0080421029541309121 0.0400514265741721 0.043889670035738571 -0.011152743948768563 0.0098963109348510006 -0.0093776881906044579 -0.0084242806057014796 -0.021403175638988876
leaf_weight=19.208473887294531 20.49486880376935 24.011214729398489 16.100679226219654 26.967722326517105 16.467672567814589 23.945910800248384 18.458334013819695 12.680005135945974 14.84014074411243 13.574393421411516 15.548387987539174 15.138249251991512 9.4240566771477479 27.184077817946672 19.692898467183113 15.18554290384054 23.625381641089916 21.766715429723263 17.055224254727364 12.570155419409273 21.431019999086857 17.286048615351319 14.740898167714475 12.512703735381363 16.08421209640801 23.925641983747482 18.622967001050711 16.694927154108882 18.992063900455832 19.857051311060786 18.215127877891064 25.988817667588592 23.26904041133821 18.205616720020771 9.6398743782192486 16.893590351566672 23.254885990172625 18.977595262229443 10.158228579908608 22.151982933282852 11.21743599232286 16.361550552770495 6.8697252431884435
leaf_count=111 106 130 88 145 91 134 85 117 267 98 100 99 97 159 103 84 128 112 90 95 119 145 105 85 98 142 131 128 114 126 109 159 133 101 77 141 137 98 80 119 85 83 117
internal_value=0 -0.00258924 0.0181898 0.00550753 0.000836883 -0.00431712 -0.00126672 -0.00282722 -0.0131573 -0.0126739 -0.00643071 -0.00196488 -0.0154763 0.0176358 0.00226079 0.0089297 0.0156977 0.00400615 -0.0134462 0.0137583 -0.00603188 -0.0235049 -0.0141533 -0.0256436 0.00246127 -0.0064442 -6.07804e-05 -0.00216003 0.00229053 0.00857836 -0.0054275 0.0163569 0.00600845 -0.0176374 -0.0130189 -0.0245488 0.0258989 0.0301494 -0.0319614 -0.0020626 -0.0312905 -0.0228533 -0.0417013
internal_weight=0 532.015 40.1119 253.276 183.629 491.903 366.561 348.103 125.342 118.085 92.4147 59.9707 32.2623 69.6474 230.018 117.454 80.8374 45.3921 66.1749 27.7084 36.6166 58.114 40.828 26.0871 60.5047 40.0099 210.325 191.702 149.55 106.322 38.0722 68.2499 42.2611 42.1515 43.2284 26.5335 50.439 35.4453 19.5823 39.2072 32.9273 31.9099 21.7099
internal_count=5071 3678 218 1393 986 3460 2462 2377 998 921 529 488 294 407 1456 632 429 240 354 194 203 433 288 183 346 240 1353 1222 987 641 235 406 247 235 346 218 296 189 177 209 469 183 384
is_linear=0
shrinkage=0.05


Tree=89
num_leaves=48
num_cat=0
split_feature=288 101 282 237 76 36 29 2 232 226 193 140 143 75 198 110 12 109 282 44 283 109 157 36 31 75 119 220 146 282 29 140 54 48 272 58 202 54 156 87 149 58 40 126 235 291 288
split_gain=5.14442 7.21346 4.71863 5.10423 4.61832 4.3675 5.52869 5.42131 4.80448 4.54835 4.86286 6.33225 4.95971 4.16625 4.04432 5.07593 5.29291 5.14266 5.13671 4.83733 4.74011 4.55213 4.30275 4.15426 3.95806 4.1873 3.92837 3.83029 4.91512 3.82881 3.80156 3.72141 3.68951 3.52359 3.33812 3.33088 3.25039 3.60074 3.03609 3.02024 2.99405 2.91272 2.67975 2.52996 2.48401 1.96143 1.0102
threshold=0.77788564761185042 17.500000000000004 -3.7499999999999996 0.14585000000000001 1.0000000180025095e-35 2.1463386990484277 -1.6285714285714279 82.750000000000014 534.75000000000011 77.500000000000014 61.750000000000007 47.500000000000007 29.750000000000004 1.5000000000000002 1.3333250000000001 100.71430000000002 0.062500000000000014 201.25000000000003 1.0000000180025095e-35 12.500000000000002 -0.069047619047619038 231.25000000000003 8.5000000000000018 1.1382415120210494 1.2062548806623024 1.5000000000000002 7.7916500000000015 2.5000000000000004 4.7500000000000009 -1.7499999999999998 0.34285714285714253 19.500000000000004 772.50000000000011 1.982608695652174 -1.5787447254408331 14.500000000000002 15.500000000000002 777.50000000000011 11.500000000000002 72.312500000000014 27.500000000000004 17.500000000000004 1.7500000000000002 6.5000000000000009 4.5000000000000009 0.91287878787878796 -0.099819732675876835
decision_type=2 2 2 2 2 2 2 2 2 2 2 2 2 2 2 2 2 2 2 2 2 2 2 2 2 2 2 2 2 2 2 2 2 2 2 2 2 2 2 2 2 2 2 2 2 2 2
left_child=1 2 13 5 42 8 -7 29 9 10 14 12 31 -1 20 16 40 18 19 27 30 -19 41 -21 36 35 -22 45 -29 -8 -4 -12 -24 -31 38 -26 37 -6 -20 -25 -16 43 -2 -18 -39 -17 -30
right_child=4 -3 3 -5 24 6 7 -9 -10 -11 11 -13 -14 -15 15 17 22 21 34 23 26 -23 32 39 25 -27 -28 28 46 33 -32 -33 -34 -35 -36 -37 -38 44 -40 -41 -42 -43 -44 -45 -46 -47 -48
leaf_value=0.034611646286193509 -0.036560381625202039 0.036012022570652238 0.039769723639164402 -0.028950250040068876 -0.017754485267817362 0.021344179540943857 0.01212477291546531 -0.043143691658330541 -0.020870830488403453 0.025785236936845632 0.029443989733150711 -0.013207086983432448 0.050652352327541575 0.00049677128973539271 0.014816055155614264 0.025938796799770854 -0.020557545063261934 -0.038764280718016145 0.017727881752502329 0.0035747219274845292 0.011900522497231806 -0.0004141097568093788 0.0095833700094894135 0.045287769861386259 -0.019759166369139498 -0.035951344130161954 -0.018675691845531792 0.012475144701392367 -0.0092217075559398731 -0.046593777176501538 0.008673982369524642 -0.0057230411921291458 -0.019317529519104353 -0.00041832743098303227 -0.032178050631404574 0.01521026584657951 0.020479192911892444 0.022936612679191382 -0.017517728384188986 0.015797952803640894 -0.011744216745828387 -0.0087340346279265579 -0.010281830291769227 -0.052137007055396159 -0.0056820606097391464 0.0028249503443208632 -0.0291758593983069
leaf_weight=18.508974310010672 17.443823873065412 14.444518785923718 17.052273005247116 13.527924939990042 21.208564713597298 9.1587709933519346 13.743149343878029 14.995107972063122 20.115133559331298 20.874530706554651 15.355056943371894 13.119569949805735 12.742904644459484 16.588960435241461 26.575847983360291 17.959017723798752 15.192846080288291 11.599271507933738 11.430729810148479 21.253270160406828 22.99253024160862 20.110870704054832 20.881899069994688 18.571095675230026 12.791708826087417 14.124620458111165 17.693881834857166 18.803809233009815 13.379459179937838 7.0879300860688117 23.200780840590596 13.419637272134421 21.42120442725718 8.4830303397029621 11.057965977117417 12.471317519433795 20.940149419009686 14.302097875624897 11.017004836350678 18.562575381249189 16.326428305357695 14.747472580522297 22.85824428871274 13.487151614390314 14.398824222385882 18.324006728827953 13.90721219033003
leaf_count=101 134 81 97 79 123 60 80 125 119 115 109 74 67 87 142 99 97 85 87 122 138 154 137 105 103 140 154 105 81 91 132 93 158 116 81 112 123 77 79 119 86 95 147 97 89 94 79
internal_value=0 0.00226173 0.00140946 0.000313923 -0.00800112 0.00106499 -0.0123984 -0.0196901 0.00249469 0.00349227 0.00244992 0.016332 0.0257574 0.0189478 0.000589849 -0.00184307 -0.00959696 0.00302222 0.00640553 0.010587 0.0105475 -0.0151985 -0.0167088 0.0214682 -0.00263279 -0.0151373 -0.00152562 0.00270931 -0.00680559 -0.00666544 0.0224917 0.0134018 -0.00515944 -0.0229808 -0.0109588 -0.00257435 0.00443282 -0.00256967 0.000420505 0.0313471 0.00467128 -0.0275897 -0.0222657 -0.0366645 0.00887115 0.0146545 -0.0200637
internal_weight=0 627.714 613.269 578.171 150.539 564.643 53.468 44.3092 511.175 491.06 470.186 54.6372 41.5176 35.0979 415.549 334.609 128.633 205.976 174.266 140.76 80.9395 31.7101 85.7306 58.3869 110.237 39.3876 40.6864 82.3735 46.0905 29.3141 40.2531 28.7747 42.3031 15.571 33.5057 25.263 70.8496 49.9095 22.4477 37.1337 42.9023 43.4275 40.3021 28.68 28.7009 36.283 27.2867
internal_count=5068 4020 3939 3751 1048 3672 472 412 3200 3081 2966 343 269 188 2623 2102 812 1290 1051 804 521 239 584 346 767 355 292 458 265 287 229 202 295 207 247 215 412 289 166 224 228 289 281 194 166 193 160
is_linear=0
shrinkage=0.05


Tree=90
num_leaves=49
num_cat=0
split_feature=16 289 34 121 278 34 263 58 110 142 106 78 36 202 8 263 50 2 263 31 263 33 32 210 18 55 188 281 31 55 266 263 33 73 1 290 289 260 138 138 105 291 149 156 201 97 2 155
split_gain=5.46644 5.42921 6.89493 5.78326 5.04808 4.97528 5.15052 4.81717 4.12064 4.11798 4.11062 4.18229 7.1754 4.04582 3.85344 3.79725 4.00455 4.32368 6.73184 7.84568 6.47905 6.38538 4.63562 7.84355 5.67326 3.98644 3.68448 3.56364 3.40573 4.16996 3.39172 3.35124 3.34866 3.70927 3.34104 4.50723 3.3327 3.32088 3.2905 3.15071 2.91044 3.26037 4.23541 2.79917 2.57164 1.59189 1.31821 0.0912709
threshold=0.29166666666666669 0.68274389090025245 1.0011439301761884 6.5000000000000009 91.711657711635127 -0.050436050436050518 91.564490717318719 6.5000000000000009 73.750000000000014 1.5000000000000002 10.500000000000002 0.31250000000000006 1.3747346994256906 21.500000000000004 62.500000000000007 91.258851103001561 0.82090545938748349 86.750000000000014 88.506950222571405 1.6043478260869566 86.22303445308809 -0.73976833976833978 0.99073359073359091 6.5000000000000009 0.062500000000000014 837.50000000000011 65.500000000000014 87.821200613184772 1.2860869565217394 762.50000000000011 0.3182853546254451 82.945373608314668 0.45714285714285702 72.250000000000014 80.125000000000014 9.5000000000000018 -0.46800559042974538 0.50707537812203252 28.500000000000004 24.500000000000004 9.5000000000000018 0.84412955465587058 5.2500000000000009 26.500000000000004 6.2500000000000009 8.6875000000000018 85.750000000000014 19.500000000000004
decision_type=2 2 2 2 2 2 2 2 2 2 2 2 2 2 2 2 2 2 2 2 2 2 2 2 2 2 2 2 2 2 2 2 2 2 2 2 2 2 2 2 2 2 2 2 2 2 2 2
left_child=1 4 3 -3 15 6 -6 -5 -9 -2 11 12 45 30 38 16 36 20 -19 21 22 -20 24 40 37 26 27 -22 32 -30 -13 -26 33 -10 -32 39 -1 -18 -15 47 -24 -42 -43 -23 -27 -11 -29 -36
right_child=9 2 -4 7 5 -7 -8 8 28 10 -12 13 -14 14 -16 -17 17 18 19 -21 25 43 23 -25 31 44 -28 46 29 -31 34 -33 -34 -35 35 -37 -38 -39 -40 -41 41 42 -44 -45 -46 -47 -48 -49
leaf_value=0.029768364538400923 -0.031206967015134764 0.038575512997057214 -0.015655545449471519 0.029900616803716806 0.023320242287324912 0.035631261307770161 -0.013274882547081852 -0.020541706428156298 0.011463682816983661 -0.024295802312318388 0.021785151113659598 0.0092024431394750038 0.034719769334531032 -0.029854779854002835 0.023536421897998858 -0.022082151638415301 0.042861152575669692 0.028934789001441405 0.0086919428694265093 0.021684661470047741 -0.01404562347081084 -0.010676273705583526 -0.036066353338999095 0.018472251650345734 -0.019000818424807855 -0.014136873018676069 -0.0056393350245876718 -0.052659329240864777 0.0027436126030463415 0.046526026299758168 -0.043384805390353887 0.011789746454483893 0.021561900153553859 -0.019883361110030674 -0.029730078234029535 0.0077853546082632969 0.0015721015622922685 0.01073104049309523 0.011273444335721854 -0.0099733349261069068 -0.029766953086476949 -0.020053504708035477 0.016573862255956744 -0.041592505635330825 0.014878852527978159 0.0030961338727448855 -0.025890268702946851 -0.051551919891733577
leaf_weight=18.054589591920376 15.074032615870236 21.787444271147251 19.584742523729801 24.15873533859849 17.014982603490353 17.788278810679913 19.670406255871058 12.522866334766148 16.295008596032858 9.9209675826132315 12.581811033189295 8.6900673042982799 13.55688354000449 9.8437587134540134 12.1651723831892 20.001583822071552 14.143890284001825 24.466549940407276 21.684311546385288 25.172628492116928 24.183742800727487 15.721850577741863 13.552784130908547 21.123257735744119 16.600206822156906 13.62771260738373 27.18288778886199 13.528086902573706 10.452537659555675 10.646211322396992 14.780824372544883 16.803083561360836 14.904971502721308 19.935746245086193 7.6339676976203936 13.555945996195076 23.55150593444705 19.127349957823753 8.0740396920591575 15.920165065675972 12.890562165528534 13.709018079563977 16.032237688079476 14.427278276532887 14.982549415901302 9.9227813407778722 12.168685590848325 6.6475556269288063
leaf_count=87 137 125 121 148 92 100 110 81 90 87 86 99 135 111 90 112 79 118 113 134 153 89 108 132 92 79 156 91 85 93 115 96 85 109 88 94 124 106 62 145 82 85 105 80 98 76 77 80
internal_value=0 0.00319912 0.0114315 0.0155783 0.000532229 0.0146947 0.00386666 0.0106689 0.00490248 -0.00718628 -0.00446062 -0.00713315 0.00796196 -0.0123426 0.0028446 -0.00136795 -0.000259595 -0.00201072 0.00664957 -0.00071111 -0.00554318 -0.0117921 0.001367 -0.00692595 0.0109428 -0.014883 -0.0207349 -0.0286888 0.00953385 0.0259414 -0.0190805 -0.00361955 0.0023963 -0.0058556 -0.0233632 -0.0157819 0.0142191 0.0252419 -0.0117055 -0.0262705 -0.0166308 -0.00976712 -0.000412391 -0.026331 0.00104734 -0.0111072 -0.0414275 -0.0425962
internal_weight=0 617.498 150.288 130.704 467.21 54.4737 36.6854 108.916 84.7573 158.368 143.294 130.712 33.4006 97.3115 30.083 412.736 392.735 351.129 101.473 77.0061 249.656 51.8334 143.982 77.3079 66.6745 105.674 77.0634 49.8805 72.2345 21.0987 67.2285 33.4033 51.1357 36.2308 58.5385 43.7576 41.6061 33.2712 17.9178 30.2017 56.1846 42.6318 29.7413 30.1491 28.6103 19.8437 25.6968 14.2815
internal_count=5040 3635 937 816 2698 302 202 691 543 1405 1268 1182 298 884 263 2396 2284 2073 534 416 1539 282 885 512 373 654 477 321 462 178 621 188 284 199 522 407 211 185 173 313 380 272 190 169 177 163 168 168
is_linear=0
shrinkage=0.05


Tree=91
num_leaves=49
num_cat=0
split_feature=112 34 155 54 260 48 31 18 54 54 63 0 63 276 48 197 197 286 34 286 289 109 233 288 94 196 35 86 143 99 157 54 55 58 58 137 286 226 34 54 220 55 272 289 287 260 60 99
split_gain=4.63724 5.69183 4.30471 3.75362 3.39413 3.31151 3.53994 3.14493 4.21623 4.45978 7.08211 4.28691 4.21416 5.79217 3.88742 4.73753 4.13958 3.8107 5.04945 5.76228 7.08963 5.37657 5.8049 4.46447 4.82143 5.04651 4.43827 3.61534 4.40299 3.94581 5.16001 3.92962 3.8987 3.53517 5.73437 3.3784 5.31853 3.31812 3.1994 3.46941 3.07612 3.02153 2.96197 2.7015 2.43529 2.10981 1.93515 1.09564
threshold=345.00000000000006 -0.48192348192348183 87.500000000000014 632.50000000000011 1.6501617344033026 0.14002664167423898 1.4360869565217393 0.14583333333333334 697.50000000000011 732.50000000000011 84.750000000000014 87.750000000000014 91.250000000000014 91.822665666120429 4.1242747713335959 3.5000000000000004 7.5000000000000009 0.16644105513929502 -0.14013014013014008 0.24661902252126558 0.59003219687534991 93.125000000000014 67.500000000000014 -0.75015329512557205 58.500000000000007 1.0000000180025095e-35 0.60952412990125227 72.500000000000014 1.6250000000000002 6.3750000000000009 12.500000000000002 812.50000000000011 772.50000000000011 9.5000000000000018 15.500000000000002 33.500000000000007 0.22084317009508916 29.500000000000004 -0.99780759780759787 762.50000000000011 2.5000000000000004 782.50000000000011 -2.3763757440718889 0.91159213926341531 0.99999999965523811 2.3976348257418008 78.500000000000014 8.3750000000000018
decision_type=2 2 2 2 2 2 2 2 2 2 2 2 2 2 2 2 2 2 2 2 2 2 2 2 2 2 2 2 2 2 2 2 2 2 2 2 2 2 2 2 2 2 2 2 2 2 2 2
left_child=2 -2 3 4 -1 6 -5 8 40 10 -10 17 35 -14 15 27 -17 33 19 26 21 -21 37 -20 -25 44 -19 43 -29 30 -30 38 -33 -11 -35 36 -13 -23 -31 -40 -7 -38 -18 46 -26 -12 -9 -22
right_child=1 -3 -4 5 -6 7 -8 14 9 11 45 12 13 -15 -16 16 42 18 23 20 47 22 -24 24 25 -27 -28 28 29 31 -32 32 -34 34 -36 -37 41 -39 39 -41 -42 -43 -44 -45 -46 -47 -48 -49
leaf_value=0.00011862648798427729 -0.048085762098676009 0.00069149010807476388 0.027665364394113892 0.0032236699534508185 -0.029639238743747815 0.028884793970742135 -0.034148744523492071 -0.014159331280241105 0.0084017550196437713 0.033109011037596843 -0.011346288055443153 0.037886083997224512 -0.024335938996487321 0.015538586493425675 0.023272970165681243 0.03456162593129377 0.018082979478181774 -0.035110331886812056 0.010579306180512359 -0.016612835475565812 0.0181751354160468 0.013341090486493418 0.028789878060479342 0.0081688105624219617 -0.017570210969728033 -0.00089882327732720947 0.0055474551502257309 0.014594370292454716 0.03019126816009543 0.0099369329905733845 -0.015488673343190554 -0.051385681109658111 -0.011076745564550752 -0.019014033812002389 0.019405417397280064 0.038181466419394176 -0.011284018612567405 -0.018805193293436495 -0.030223320344988754 0.005149814014617813 0.0036642763673151984 0.015456508902015543 -0.014176054072872802 -0.0013003607803415101 -0.046250074179547462 -0.039369460869062102 -0.046254070389497165 0.040062147192752612
leaf_weight=19.182147675193846 9.8535192180424946 13.259415231645105 13.881521567702292 11.771533316001298 18.130882823839784 27.087962534278631 12.335382905788718 9.2060452271252924 25.331181695684791 14.51468290388584 13.184882368892433 14.667177766561506 14.761807423084973 20.57763366214931 11.851575853303073 11.12516684271395 11.329147415235637 13.814063434489073 16.98357605561614 26.590064443647861 14.027206689119341 14.048980003222825 23.134457571431994 13.589291499927638 14.234567210078238 15.402852145954965 11.837757452391086 21.88435835018754 11.530600531026723 17.099214801564813 11.313760323449968 11.623293528333308 12.77887788787484 14.807666480541227 24.288208616897464 17.703786797821522 18.236563663929701 16.272065568715334 17.253641832619909 10.762646796181796 21.804836560040712 22.514631789177656 15.829300754703583 9.1568034114316088 20.229965329170227 15.540509525686501 12.175459596328436 14.198677513748406
leaf_count=132 104 136 78 75 117 149 124 79 150 81 72 75 85 117 69 70 99 98 99 143 79 85 125 106 86 88 77 137 85 117 85 98 125 90 146 85 95 89 144 102 121 117 122 78 119 96 106 86
internal_value=0 -0.0212351 0.00104125 0.00050204 -0.0147373 0.00133612 -0.0164981 0.00199719 0.00417224 0.00257108 -0.0107328 0.0045049 0.0128429 -0.00132893 -0.00334611 -0.00518647 0.0102699 0.00109494 -0.00190063 0.00404339 0.0091008 0.00138742 0.0104818 -0.0117248 -0.0177659 -0.0248549 -0.0168435 -0.00931582 -0.00512786 -0.00990713 0.00786731 -0.0157768 -0.0315438 0.0128883 0.00474265 0.0196175 0.0131155 -0.00396011 -0.00674956 -0.0169253 0.017936 0.00350621 -0.000554908 -0.024324 -0.0352341 -0.0273213 -0.0336854 0.0301792
internal_weight=0 23.1129 749.606 735.725 37.313 698.412 24.1069 674.305 479.385 430.492 54.0566 376.436 108.462 35.3394 194.92 183.068 38.2836 267.974 214.364 133.923 108.271 80.0456 53.4555 80.4403 63.4567 49.8674 25.6518 144.785 114.246 92.362 22.8444 69.5177 24.4022 53.6106 39.0959 73.1222 55.4184 30.321 45.1155 28.0163 48.8928 40.7512 27.1584 30.5383 34.4645 28.7254 21.3815 28.2259
internal_count=5041 240 4801 4723 249 4474 199 4275 2759 2489 318 2171 574 202 1516 1447 291 1597 1280 782 607 442 299 498 399 293 175 1156 893 756 170 586 223 317 236 372 287 174 363 246 270 212 221 263 205 168 185 165
is_linear=0
shrinkage=0.05


Tree=92
num_leaves=47
num_cat=0
split_feature=166 97 288 289 276 1 66 145 274 260 288 48 288 187 93 284 146 285 12 120 31 32 5 146 276 226 155 285 107 190 274 285 119 89 39 56 220 88 260 209 287 109 283 197 33 260
split_gain=3.79901 4.10395 4.18688 5.54768 7.55334 5.92394 5.94557 4.8789 4.6511 4.94918 9.31627 5.59777 4.96077 6.60566 9.38991 5.65401 5.47947 6.31186 4.63925 6.3731 4.60459 5.0624 7.14339 4.40682 4.68819 6.35437 4.90439 4.15294 4.01655 3.94772 4.88289 3.88133 3.84102 3.77026 3.68148 3.67011 3.55683 3.54247 3.45869 3.25195 3.02051 2.78676 2.32901 2.14906 1.25027 0.572985
threshold=4.5000000000000009 4.3125000000000009 -0.37447345805034543 0.33222858587828868 87.494251823951373 80.125000000000014 1.0000000180025095e-35 44.500000000000007 -2.1824295926765473 5.5798501690122775 0.42179998225932674 4.0842897678407555 0.10837544681456425 48.250000000000007 69.500000000000014 1.7947368421052634 7.5000000000000009 12.562500000000002 0.14583333333333334 7.6250000000000009 0.4603344481605352 1.5061776061776067 81.500000000000014 22.500000000000004 85.30876277100252 46.500000000000007 45.500000000000007 12.812500000000002 105.62500000000001 10.500000000000002 -2.2330078284183146 16.927075000000006 7.7916500000000015 63.625000000000007 0.63068181818181823 11.250000000000002 1.5000000000000002 1.1250000000000002 7.0238853495340399 1.6250000000000002 0.99999999907895609 101.25000000000001 -0.15587044534412953 1.0000000180025095e-35 -0.50965250965250963 -1.1218396623716862
decision_type=2 2 2 2 2 2 2 2 2 2 2 2 2 2 2 2 2 2 2 2 2 2 2 2 2 2 2 2 2 2 2 2 2 2 2 2 2 2 2 2 2 2 2 2 2 2
left_child=1 -1 3 4 35 32 -7 18 23 11 -11 12 15 14 16 34 20 -18 29 -20 -14 22 -22 24 31 42 -27 -23 -8 30 43 41 33 -5 44 -3 -29 -17 -12 -21 -31 -4 -26 -6 -10 -38
right_child=-2 2 8 5 7 6 28 -9 9 10 38 -13 13 -15 -16 37 17 -19 19 39 21 27 -24 -25 25 26 -28 36 -30 40 -32 -33 -34 -35 -36 -37 45 -39 -40 -41 -42 -43 -44 -45 -46 -47
leaf_value=-0.022522929211974924 0.022446562104056073 -0.0053051198612376598 -0.010549875305565184 0.029145026489949807 0.024005983124983192 0.0010708599481510969 0.019075733649557409 0.030747512005923041 -0.024187456669871127 0.036357527626833142 0.01224707503855442 0.026962676985035756 -0.023795537736582884 0.024238531111595681 -0.041930751574353137 -0.014116425697151084 -0.0039607795388895469 0.041613707146606033 0.015154179354014247 -0.010477647813662321 0.027834252486857738 0.015316964284077068 -0.010479263057870272 -0.035765510010303973 0.035899347017397325 -0.029328007771709082 0.00593460411749117 0.0035292436019569128 0.050779278362511518 7.2018067064715422e-05 -0.016248022745468615 0.00538628889695801 -0.0200955959711498 -0.0062135492440206037 -0.0055726363474490935 -0.040718533124093396 -0.049613607181525937 0.019351142617715589 -0.015103669268493462 -0.048249913710721022 0.029526932921250609 -0.036548244826732496 0.0070534116448639304 -0.00024232836205174101 -0.05102493714674558 -0.024123622732314103
leaf_weight=18.556838184595108 18.482178773730993 15.242881048470737 20.593106221407652 13.343293450772764 16.50411656498909 19.335661262273788 23.251654790714383 14.963874191045759 11.306109390221534 25.207251070067286 22.504360944032669 14.38017577677965 23.637951143085957 23.83048328012228 13.440390590578316 17.302083320915703 14.633860718458893 14.451309392228721 11.811271259561179 12.821604231372477 26.637836191803217 7.8272739164531258 20.994669504463673 13.82254967279732 11.670907329767944 17.990956230089068 19.932897750288248 7.1976984692737487 19.611423963680863 13.195116803050039 27.51208383589983 13.953895128332077 14.394625443965195 15.290831204503773 12.016372540965675 13.712522167712448 7.0834653414785853 12.920996427536009 21.751092181541026 10.41825425904244 24.598233129829168 22.18236618489027 17.043899990618229 19.075361236929893 12.572209049947562 8.2794297812506539
leaf_count=129 103 92 120 98 86 104 128 78 74 142 159 79 143 135 92 113 89 98 98 130 154 59 132 81 63 128 114 73 105 82 153 125 124 90 76 95 86 89 149 121 133 139 130 103 93 94
internal_value=0 8.54474e-05 0.000681824 0.00542295 7.15301e-05 0.0144828 0.0242256 0.00459631 -0.00229305 0.00103221 0.0127311 -0.00227571 -0.00417854 0.000409283 -0.003669 -0.0156692 0.000552715 0.019314 0.00151406 -0.0139137 -0.00495086 0.000987416 0.0110788 -0.00995191 -0.00679534 0.00220894 -0.0111176 -0.0146797 0.0344082 0.00695818 -0.000747778 -0.0172275 0.000169153 0.0106908 -0.0288039 -0.0228754 -0.0252953 0.000353174 -0.00123223 -0.0287026 0.01951 -0.0245589 0.0195912 0.0113544 -0.0398007 -0.0381903
internal_weight=0 758.805 740.248 285.083 179.855 105.227 62.1987 150.9 455.166 317.975 69.4627 248.512 234.132 168.014 144.184 66.1178 130.743 29.0852 135.936 35.0511 101.658 78.0204 47.6325 137.191 123.368 66.6387 37.9239 30.3879 42.8631 100.885 63.0916 56.7294 43.0288 28.6341 35.8947 28.9554 22.5606 30.2231 44.2555 23.2399 37.7933 42.7755 28.7148 35.5795 23.8783 15.3629
internal_count=5081 4978 4849 1820 1171 649 337 984 3029 2129 450 1679 1600 1155 1020 445 928 187 906 349 741 598 286 900 819 435 242 312 233 557 342 384 312 188 243 187 253 202 308 251 215 259 193 189 167 180
is_linear=0
shrinkage=0.05


Tree=93
num_leaves=50
num_cat=0
split_feature=9 283 51 119 31 188 283 156 113 95 33 282 193 277 8 227 31 78 249 259 78 31 105 272 260 280 210 283 272 272 272 291 235 105 31 55 55 190 138 291 54 110 103 31 87 274 188 54 203
split_gain=5.82151 5.72673 7.25052 4.62448 5.92006 5.53376 4.97229 5.72209 4.71665 8.67253 6.70575 4.10525 4.17691 5.33186 5.2303 5.19037 5.17772 4.66274 4.44063 4.02649 4.34135 3.56948 4.95896 3.64573 4.53822 5.24584 3.57652 3.40863 5.31391 3.21346 4.97273 5.89862 4.17758 3.44907 3.92496 3.24789 6.51211 3.04042 4.9326 2.96598 2.91409 2.69765 2.46834 2.38636 2.35414 1.67116 1.39373 0.292831 0.138227
threshold=6.5000000000000009 0.96875000000000011 2.5000000000000004 5.8750000000000009 0.99391304347826104 85.500000000000014 0.30217391304347835 34.500000000000007 175.00000000000003 67.500000000000014 -1.5305019305019305 -2.2499999999999996 21.250000000000004 -1.0829675212802405 32.500000000000007 45.500000000000007 1.447826086956522 0.31250000000000006 0.37500000000000006 -2.0944796583305973 1.3750000000000002 0.37304347826086975 13.500000000000002 -1.4705580358337367 2.2469130798763604 88.699133007172108 1.5000000000000002 -0.17028985507246372 -2.004961089081069 -2.5513769257727863 -1.7529089583270041 0.84412955465587058 4.5000000000000009 14.500000000000002 1.2628832951945081 762.50000000000011 852.50000000000011 10.500000000000002 13.500000000000002 1.0690476190476192 767.50000000000011 106.25000000000001 5.5000000000000009 0.044850357723460722 73.281250000000014 -1.8124293424991689 44.500000000000007 787.50000000000011 1.2500000000000002
decision_type=2 2 2 2 2 2 2 2 2 2 2 2 2 2 2 2 2 2 2 2 2 2 2 2 2 2 2 2 2 2 2 2 2 2 2 2 2 2 2 2 2 2 2 2 2 2 2 2 2
left_child=1 2 3 4 43 6 8 48 11 10 -10 19 13 18 -15 -14 21 -18 -13 20 37 22 26 24 25 45 -17 -26 -29 -20 31 32 -31 34 41 -33 -37 38 -5 46 -16 -32 47 -1 -7 -23 -11 -19 -8
right_child=-2 -3 -4 5 -6 44 7 -9 9 39 -12 12 15 14 40 16 17 42 29 -21 -22 23 -24 -25 27 -27 -28 28 -30 30 33 35 -34 -35 -36 36 -38 -39 -40 -41 -42 -43 -44 -45 -46 -47 -48 -49 -50
leaf_value=0.011264759856269414 0.024391755983052672 -0.027173845175098452 0.022135848953007558 0.019417363695680923 -0.0088116642578759275 -0.0091561508470815837 -0.053843478366220256 0.012943867602113688 0.037732372070582186 -0.051273906980091988 -0.013057156681857805 -0.023692349379594968 -0.03658367583103702 0.036706403236408891 -0.013879714936237781 0.014574369775981661 0.0059782928033060255 -0.029253166132423031 -0.014882013657273818 0.030749661903824693 -0.01291141173005046 -0.028521941119060857 -0.035443553210893916 -0.019248834297014909 0.03684010656231753 0.017624142837887415 -0.016494307725703081 -0.015313600990005092 0.028594192747731607 0.0039339409095635143 -0.0034494714000562875 -0.015405127817379459 0.039161198955814061 -0.027474005478963212 -0.02063049040521539 0.028905525864762617 -0.016963400875670342 0.024464260951940677 -0.011527263816531642 -0.0081563880428776742 0.018092367346721771 0.024834164139898723 -0.011029070920440961 0.040583899404065038 -0.03858925029861196 -0.0037735781667435375 -0.023243259892101326 -0.051869669654371058 -0.028286814780827257
leaf_weight=14.447799846529962 21.392916519194841 20.078029632568359 32.091756338253617 23.72409575432539 18.381039826199412 14.285533480346205 6.7374149700626749 5.5966873057186595 10.040135118179025 12.774265531450512 14.94199590757489 18.578105076216161 13.002396002411841 19.423489505425096 12.644600365310909 17.268183834850788 11.168548008427022 8.6312590353190952 24.716573297977448 16.503735058009624 25.24491847679019 13.124334610998629 14.201112303882836 12.824256602674721 16.748474352061749 18.057840932160616 17.797671128064394 12.23215099796653 13.516779720783232 13.22085123695433 17.728058911859989 18.647356146946549 23.391306621953845 13.968235332518814 14.601616690866647 18.111738492734734 12.147327847778795 25.281258754432201 25.927523169666529 11.414068429730831 13.955863920971749 14.717731103301047 10.506428097374735 14.558061294257639 13.547368429601191 13.874560233205559 10.874243689700959 8.6818851167336089 5.3358165174722672
leaf_count=82 149 102 155 137 111 82 109 40 87 102 152 123 99 122 73 95 86 76 150 82 134 81 86 97 91 125 107 99 87 83 110 123 147 85 127 122 81 120 129 79 92 84 87 80 81 84 80 92 97
internal_value=0 -0.00147512 -0.000741323 -0.00180939 0.013116 -0.0028997 -0.00191908 -0.0273404 -0.0011445 -0.0143353 0.00802141 0.000307989 -0.00191799 0.00259578 0.0176692 -0.00718448 -0.00497578 -0.0209587 -0.00113221 0.0085995 0.00468254 -0.00070016 -0.0115899 0.00470626 0.00839276 -0.00267291 -0.00121465 0.0199166 0.00794289 0.00143856 0.00427363 0.011996 0.0268832 -0.00656885 8.04582e-05 0.000535831 0.0105381 0.0107019 0.00334987 -0.0300453 0.00294212 0.00973919 -0.0316051 0.0268422 -0.0243239 -0.0163929 -0.0398505 -0.0428076 -0.0455763
internal_weight=0 759.274 739.196 707.105 47.3869 659.718 631.885 17.6699 614.215 60.0447 24.9821 554.17 437.489 235.853 46.024 201.636 188.633 38.9881 189.829 116.682 100.178 149.645 49.267 100.378 87.5541 45.0567 35.0659 42.4974 25.7489 171.251 146.534 85.5186 36.6122 61.0156 47.0474 48.9064 30.2591 74.9329 49.6516 35.0626 26.6005 32.4458 27.8196 29.0059 27.8329 26.9989 23.6485 17.3131 12.0732
internal_count=5104 4955 4853 4698 273 4425 4262 246 4016 500 239 3516 2914 1522 287 1392 1293 341 1235 602 520 952 288 664 567 290 202 277 186 1112 962 556 230 406 321 326 203 386 266 261 165 194 255 162 163 165 182 168 206
is_linear=0
shrinkage=0.05


Tree=94
num_leaves=51
num_cat=0
split_feature=282 30 39 12 204 35 279 291 143 35 279 30 36 299 283 119 202 98 285 36 29 282 111 289 54 28 279 57 32 5 151 98 87 284 284 120 108 229 289 272 6 88 108 55 182 277 102 147 148 299
split_gain=4.01262 4.90675 5.52461 5.78693 6.40535 5.88196 6.11497 4.97154 4.90856 4.83492 5.48285 5.39121 4.82058 5.84399 7.77712 6.20856 4.42822 4.38008 5.62349 4.54718 4.22642 4.18567 4.12886 5.86474 3.84646 4.71689 3.77189 3.72545 3.34093 3.52692 4.72128 3.22432 3.10219 3.08665 4.62742 3.04103 3.01302 2.99894 3.7265 2.97811 2.92236 2.84449 2.6639 2.64772 3.73859 2.32599 2.31421 2.14035 2.01604 0.985392
threshold=0.75000000000000011 0.083916083916083961 0.41428571428571431 0.18750000000000003 1.2500000000000002 0.75604704659038091 -2.7275422397459073 0.71714285714285719 1.6250000000000002 0.52243118397129218 -2.2365470151679361 -0.56643356643356613 1.1004978106279562 5.4980435195823487 -0.32575757575757569 7.2916500000000015 2.5000000000000004 0.7916500000000003 12.562500000000002 1.3378101398285203 1.5428571428571434 -1.7499999999999998 135.00000000000003 -0.59177783207548873 827.50000000000011 1.0000000180025095e-35 -1.9698564346716874 10.500000000000002 0.40000000000000008 79.500000000000014 5.5000000000000009 0.7916500000000003 69.937500000000014 1.8221343873517788 2.2052631578947373 6.8750000000000009 3.035699999999999 20.500000000000004 0.080547328232315238 -1.5999782457521314 70.500000000000014 1.1250000000000002 3.035699999999999 822.50000000000011 21.500000000000004 -2.263005640754129 11.500000000000002 7.5000000000000009 19.500000000000004 8.1249999999999734
decision_type=2 2 2 2 2 2 2 2 2 2 2 2 2 2 2 2 2 2 2 2 2 2 2 2 2 2 2 2 2 2 2 2 2 2 2 2 2 2 2 2 2 2 2 2 2 2 2 2 2 2
left_child=1 9 17 4 5 6 -4 32 -5 10 11 -1 -9 14 -14 -15 -11 33 19 -19 27 -7 23 -18 25 -17 -25 41 -29 30 -30 37 -6 39 -35 -22 -37 -8 -39 49 -33 -2 -10 44 46 -24 -12 -44 -16 -3
right_child=20 2 3 8 7 21 31 12 42 16 43 -13 13 15 48 24 22 18 -20 -21 35 -23 45 26 -26 -27 -28 28 29 -31 -32 40 -34 34 -36 36 -38 38 -40 -41 -42 -43 47 -45 -46 -47 -48 -49 -50 -51
leaf_value=0.014749891427886101 -0.038332419399455246 -0.051240845172699993 -0.037899809804355318 0.010830409672810742 0.044758799352244673 0.028360207119295058 -0.012803297059966143 -0.018463349403107933 -0.0043779107801894248 -0.018667509048316374 0.011685302958942725 -0.023641471843626902 0.016750578638622376 -0.0079683567397183814 -0.040196079925728857 -0.00025908126115095268 -0.025523432505725547 0.0039698393110340902 0.021529319582562913 -0.031387633670629064 0.0042468995506389539 -0.0035792955015242021 0.0028052591817488096 0.026777490814107269 0.045091600444231689 0.035886511898857804 -0.0064592348057111934 -0.018016776479407866 0.019577311203023084 0.022224486542497347 -0.020427650404614792 -0.035070068888042767 0.011237000988839257 0.011496317985545344 -0.028700046673476195 -0.0061970974450814087 -0.050328713305513133 -0.0059724387308148601 0.029458355623961614 -0.008268745910071422 -0.0034911666967491679 -0.0027752278469732271 -0.052849143585705 0.038061176205496684 -0.0039404165583678871 0.030348030569129554 0.038225103823744631 -0.018935317786740263 -0.008920944456849017 -0.025173937201583681
leaf_weight=20.288056641817093 11.31920994166285 12.534489544108512 17.097024627029896 11.519584855996071 13.903930503875019 17.766910895705223 17.813847664743662 16.875344932079315 9.837836295366289 25.363592278212309 18.224463272839785 15.037102917209266 19.802365027368069 16.710329769179225 10.721547719091179 19.790196403861046 18.654221493750811 18.855419559404254 16.835839604958892 16.215310174971819 5.444014752283695 22.190637921914458 13.382897652685644 14.734488300979136 17.70688235014677 15.571875639259813 17.99143810197711 15.77232516184449 11.612694983370604 22.058690974488854 16.815942851826549 12.827788198366763 14.530068941414354 13.877666062675418 12.95382866822183 5.85053279437125 12.530187067575751 13.571412798017265 14.65780766867101 10.458015227690337 16.110071057453752 10.659210929647086 9.6579004256054777 18.861000519245863 16.12165118008852 17.667073331773281 16.168436218053102 11.436913138255475 10.500396303832529 9.889025090262292
leaf_count=106 89 113 98 76 75 93 104 98 76 141 103 96 98 94 89 107 101 116 129 127 47 129 82 80 93 80 97 93 105 159 107 82 88 99 101 75 234 78 90 76 94 78 94 103 94 100 94 110 74 63
internal_value=0 0.00040566 -0.00259457 0.000661596 0.00321634 -0.00487069 -0.011788 0.0100436 -0.0163539 0.00663231 0.014231 -0.00179336 0.00572261 0.00953832 -0.00536125 0.01825 -0.000811344 -0.0121591 -0.00146544 -0.012795 -0.00979417 0.0109681 0.00484086 -0.00387519 0.0265003 0.016207 0.0088555 -0.00460916 0.0013867 0.00768058 -0.00397624 -0.00541358 0.0285926 -0.0212775 -0.0082438 -0.0280383 -0.0373263 0.00283458 0.0128032 -0.0313558 -0.0181935 -0.021959 -0.0264997 0.0223 0.0157905 0.0189347 0.0248894 -0.0361514 -0.0258193 -0.0413106
internal_weight=0 654.715 442.22 330.601 288.148 132.036 92.078 156.113 42.4522 212.494 104.701 35.3252 127.679 110.804 41.0243 69.7793 107.794 111.62 51.9066 35.0707 112.063 39.9575 82.4301 51.3801 53.069 35.3621 32.7259 88.2381 66.2597 50.4873 28.4286 74.9809 28.434 59.713 26.8315 23.8247 18.3807 46.0431 28.2292 32.8815 28.9379 21.9784 30.9326 69.3756 50.5146 31.05 34.3929 21.0948 21.2219 22.4235
internal_count=5028 4041 2844 2020 1664 768 546 896 356 1197 596 202 733 635 261 374 601 824 372 243 987 222 460 278 280 187 177 631 464 371 212 448 163 452 200 356 309 272 168 252 176 167 280 394 291 182 197 204 163 176
is_linear=0
shrinkage=0.05


Tree=95
num_leaves=50
num_cat=0
split_feature=288 138 193 282 44 193 143 2 34 63 277 56 57 263 36 0 159 119 14 105 88 138 33 13 192 10 274 220 278 289 273 291 39 66 78 285 112 154 291 8 34 32 259 275 220 288 226 291 275
split_gain=3.50549 4.09349 6.06823 5.17917 4.74547 7.06888 5.54412 4.85509 5.10157 5.0141 4.89137 6.99818 4.83615 5.06233 4.29756 4.07349 4.07302 6.21463 5.18007 6.18998 5.9317 6.07021 5.81232 5.09659 4.53915 4.08387 4.46411 5.83238 4.66193 3.81101 6.45387 3.51299 3.28688 4.59646 3.84396 4.43577 5.3519 5.0153 4.82158 3.7208 3.43081 3.2127 3.0834 2.55675 2.48453 2.78775 2.33728 2.11917 1.66777
threshold=-0.99630266176052629 64.500000000000014 90.250000000000014 -1.7499999999999998 47.500000000000007 19.750000000000004 5.7500000000000009 78.750000000000014 -0.59560339210801938 91.750000000000014 -1.4181057111095277 17.500000000000004 15.500000000000002 78.748709527409332 1.2112828555214545 82.250000000000014 1.0000000180025095e-35 7.1250000000000009 0.18055555555555558 13.500000000000002 0.20835000000000295 2.3750000000000004 -2.5891891891891889 12.500000000000002 1.0000000180025095e-35 0.29166666666666669 -1.9781317075324367 1.0000000180025095e-35 90.339425679213079 0.84199059757024453 82.930139543538402 0.87750000000000006 0.80909090909090919 1.0000000180025095e-35 0.31250000000000006 12.187500000000002 115.00000000000001 39.250000000000007 1.0645833333333334 32.500000000000007 -1.1446499446499447 1.4138996138996143 -7.6233018797560783 85.232132917221364 2.5000000000000004 -0.73866753694953124 25.500000000000004 0.98936170212765961 92.884617013213472
decision_type=2 2 2 2 2 2 2 2 2 2 2 2 2 2 2 2 2 2 2 2 2 2 2 2 2 2 2 2 2 2 2 2 2 2 2 2 2 2 2 2 2 2 2 2 2 2 2 2 2
left_child=-1 2 3 32 7 6 -6 8 10 16 11 14 13 -10 -5 -7 17 29 20 -20 -19 24 31 -18 -22 26 27 -24 -29 30 -9 -23 34 -34 39 36 -36 -38 -37 -2 -35 -39 -26 -32 45 -45 -28 -14 -11
right_child=1 -3 -4 4 5 15 -8 9 12 48 -12 -13 47 -15 -16 -17 23 18 19 -21 21 22 25 -25 42 -27 46 28 -30 -31 43 -33 33 40 35 38 37 41 -40 -41 -42 -43 -44 44 -46 -47 -48 -49 -50
leaf_value=-0.020156013681907857 0.0028582064376139714 0.020927220178488255 -0.029666434539696425 0.012959781435510062 0.0072239532816264582 -0.027264597877716568 0.0539154865063491 0.021360314878168675 0.010919768742522925 -0.037834183440050136 -0.025705266482832712 0.037641657326209665 -0.052324619936437493 -0.029695622406512575 -0.026636919333520154 0.011453563191274361 -1.014428213529572e-05 0.034432826079887659 -0.037032743451140791 0.014773533998620395 0.034805324981036952 -0.0016738092721443887 0.03268032171082328 0.038687637415590163 0.019432255400005202 -0.035265827650590865 -0.0060693402334367529 -0.026228003556475945 0.014869771288529961 -0.036368923932439803 -0.033480011793004187 0.032711051365922394 -0.0053238382334704808 0.0070374031270490946 -0.025955940401342106 0.027342662019824788 -0.016105026303107978 0.028727192841548111 -0.0062809431574747795 0.031876131961393467 0.037275487702710941 -0.0018733262488690569 -0.013339038230528004 -0.001115332004397182 0.0074103862487683693 -0.035068301847718357 -0.032415348050415384 -0.019694152117517121 -0.0087717640282866834
leaf_weight=19.745961464010179 24.822932381182909 23.158692289143801 15.832204535603521 12.647800616919996 13.291049021296205 11.476090617477896 11.854750068858264 13.937176391482351 14.554285706952216 10.143807912245395 14.412640511058269 11.937718463130294 14.082804824225606 14.349679460749028 12.894409008324144 14.038633339107035 19.482081897556782 15.975866599008439 14.734769930131735 8.405631570145486 21.166872064583004 14.168508742004635 13.04215050674974 14.104634003713725 14.194920532405378 12.091528491117058 19.858096690848477 13.732893208973111 12.08310375548899 13.481075778603552 14.035156384110449 14.402687003836034 15.787659700959919 15.582232177257536 26.223180882632732 22.386894702911377 23.880207885056734 16.096893969923258 19.028133306652308 19.227226741611958 24.882806282490492 16.982528895139694 12.65694104041904 11.927904466167087 14.278085161000488 11.402098802849656 14.401470974087713 10.173035130836068 10.274838149547575
leaf_count=141 135 133 94 66 115 92 77 77 129 79 121 105 117 107 124 112 106 99 154 64 129 83 75 84 88 143 129 94 75 72 87 83 81 93 146 137 134 92 113 113 127 95 86 76 90 85 97 89 84
internal_value=0 0.000677721 7.96442e-06 0.000705953 -0.00217922 0.012164 0.0304564 -0.00385818 -0.0131787 -0.000895862 -0.00193639 0.00763425 -0.0239147 -0.00956292 -0.00728017 -0.00633269 0.000700714 -0.00129454 0.0033844 -0.0183819 0.00630463 0.00333284 -0.00297998 0.0168896 0.0180467 -0.00951745 -0.00484106 0.00669952 -0.00715512 -0.0130787 -0.00781667 0.0161796 0.00696993 0.0173287 0.00343297 -0.00108423 -0.0077194 0.000979341 0.0121104 0.0159505 0.026082 0.0134233 0.00406081 -0.015947 -0.00870602 -0.0184685 -0.0177495 -0.0399609 -0.0243021
internal_weight=0 753.587 730.428 714.596 489.695 50.6605 25.1458 439.035 105.052 333.982 51.8926 37.4799 53.1598 28.904 25.5422 25.5147 313.564 279.977 200.915 23.1404 177.775 161.799 113.78 33.5867 48.0187 85.2092 73.1177 38.8581 25.816 79.0615 65.5804 28.5712 224.901 56.2527 168.648 124.598 83.1828 56.9596 41.415 44.0502 40.465 33.0794 26.8519 51.6432 37.6081 23.33 34.2596 24.2558 20.4186
internal_count=5127 4986 4853 4759 3493 396 192 3097 858 2239 416 295 442 236 190 204 2076 1886 1399 218 1181 1082 779 190 303 613 470 244 169 487 415 166 1266 301 965 717 467 321 250 248 220 187 174 338 251 161 226 206 163
is_linear=0
shrinkage=0.05


Tree=96
num_leaves=46
num_cat=0
split_feature=277 116 34 76 5 289 24 286 48 29 195 234 211 190 204 200 53 289 198 195 29 118 42 284 3 42 283 88 30 87 36 58 108 115 146 280 30 182 283 148 234 155 281 154 157
split_gain=3.7302 5.99518 4.83448 4.77685 6.10956 6.07242 4.62564 5.78109 4.3883 4.43368 4.83497 5.15228 4.86323 4.7305 4.11092 4.24428 4.07246 4.32961 4.51522 5.11439 3.96227 4.61276 4.5601 3.99244 4.20836 3.94862 3.91748 5.53671 6.0937 3.9061 4.68525 5.01319 6.73425 3.79306 3.84245 3.76965 3.49887 5.15287 3.04295 2.58084 2.48623 2.25795 2.02631 1.79403 0.895534
threshold=-1.986383236536218 45.000000000000007 -0.48192348192348183 1.5000000000000002 88.250000000000014 0.16587474750015932 0.062500000000000014 0.18144894026891284 3.1256209958412948 0.34285714285714253 41.500000000000007 10.500000000000002 1.0000000180025095e-35 10.500000000000002 6.5000000000000009 1.0000000180025095e-35 27.500000000000004 -0.94137724084408114 1.3333250000000001 1.0000000180025095e-35 0.68571428571428628 0.37500000000000006 10.500000000000002 1.7573529411764708 82.250000000000014 8.5000000000000018 -0.32575757575757569 0.62500000000000011 1.2797202797202802 74.437500000000014 1.0377084697998438 10.500000000000002 11.250000000000002 105.00000000000001 6.5000000000000009 85.403319642256179 1.6153846153846156 9.5000000000000018 -0.074175824175824162 9.5000000000000018 51.500000000000007 6.5000000000000009 87.17841517625655 4.7500000000000009 5.5000000000000009
decision_type=2 2 2 2 2 2 2 2 2 2 2 2 2 2 2 2 2 2 2 2 2 2 2 2 2 2 2 2 2 2 2 2 2 2 2 2 2 2 2 2 2 2 2 2 2
left_child=2 36 8 14 5 -5 7 43 9 10 11 -1 13 -12 15 29 17 -8 19 -19 22 38 23 24 -20 -23 -9 -28 35 30 -4 -32 -33 -11 42 -29 37 41 -22 -38 -36 -2 -35 -3 -18
right_child=1 6 3 4 -6 -7 16 26 -10 33 12 -13 -14 -15 -16 -17 44 18 20 -21 21 25 -24 -25 -26 -27 27 28 -30 -31 31 32 -34 34 40 -37 39 -39 -40 -41 -42 -43 -44 -45 -46
leaf_value=-0.0086336918858162231 -0.0051774046733147313 0.045946599451013363 -0.025951341944502146 -0.017172549698874853 0.039213181589256289 0.024887405962439931 0.027037839449362194 0.02529013124981044 0.012497559344121105 -0.0022558569318590431 -0.016698367056087123 0.029140223277840095 -0.032338331275668958 0.017178088718995954 0.018735020611727448 -0.023495331479224748 -0.025650144165964422 -0.0038700268981826515 0.0046344272824294938 0.032914156967342616 -0.01189467625559254 -0.014233549438333576 -0.013977638435787063 -0.0037637197151976633 0.038628534313343621 0.023052113898017219 -0.018102911900573546 0.035968076085706846 -0.015066372290256071 0.020962700073738749 -0.019865515222394343 0.027952116217365864 -0.010603209892490965 -0.025735918916473383 0.0012573730490518303 0.0032873024554258795 -0.04832730972404195 -0.025771543455736907 -0.046092394992153805 -0.0062970450330320452 -0.030119793079315199 0.024636853127886615 -0.062016798374715534 0.019204946763317313 -0.0059951698848418594
leaf_weight=17.567532664164901 11.209491293877365 14.35000439360738 19.346320966258645 17.069217767566442 17.170192567631602 15.360122583806513 18.515251666307449 24.017775610089302 20.855481745675206 17.886669309809804 23.992007011547685 16.837200356647372 20.373650608584285 16.554761322215199 19.726351228542626 24.518049379810691 12.372457848861815 16.108236934058368 17.978924375958741 21.222909160889685 16.790463816374544 14.999704071320595 22.449742397293448 23.986893974244595 18.111097257584333 11.779509067535399 22.034070119261742 20.344548933207989 14.638812901452182 16.371395932510495 18.037384557537735 24.20276475418359 19.820626840926707 9.8687754264101404 11.822867074981334 15.415726654231547 8.1416840003803355 14.290413705632089 10.761876609176396 6.6502265743911257 12.360683873295782 12.82365566678345 9.6014014668762666 14.803400941193102 11.623631907626985
leaf_count=116 86 84 120 121 96 113 123 140 115 120 157 100 125 102 127 155 81 119 105 143 101 114 138 142 127 79 129 113 97 102 124 152 127 98 83 81 124 94 127 59 79 87 77 78 82
internal_value=0 0.00427727 -0.00270193 0.0028023 0.0159958 0.00289765 0.00670617 0.014301 -0.00861918 -0.0114881 -0.00464555 0.0101533 -0.0130322 -0.00278646 -0.00188495 -0.00533592 0.00225858 0.00469984 0.00218467 0.0173551 -0.00204927 -0.0124139 0.00484126 0.0119873 0.0222753 0.00240691 0.00822757 0.00230253 0.0114023 -0.000590668 -0.00512694 0.00167327 0.0107434 -0.0218433 -0.0296388 0.0223525 -0.0112106 -0.00296768 -0.0263987 -0.0310264 -0.0153393 0.0110796 -0.0457828 0.0334551 -0.0167501
internal_weight=0 395.421 369.343 191.622 49.5995 32.4293 342.305 125.604 177.721 156.866 95.3252 34.4047 60.9204 40.5468 142.023 122.297 216.701 192.705 174.189 37.3311 136.858 54.3316 82.5267 60.0769 36.09 26.7792 96.4509 72.4332 50.3991 97.7785 81.4071 62.0608 44.0234 61.5404 43.6537 35.7603 53.1155 38.3236 27.5523 14.7919 24.1836 24.0331 19.4702 29.1534 23.9961
internal_count=5062 2653 2409 1237 330 234 2203 722 1172 1057 600 216 384 259 907 780 1481 1318 1195 262 933 421 512 374 232 193 560 420 291 625 523 403 279 457 337 194 450 267 228 183 162 173 175 162 163
is_linear=0
shrinkage=0.05


Tree=97
num_leaves=50
num_cat=0
split_feature=145 193 39 206 31 278 32 277 33 41 211 44 283 54 49 272 57 284 41 29 148 99 31 10 56 98 195 56 115 74 39 221 277 274 276 97 155 54 98 158 291 115 260 276 114 195 32 287 299
split_gain=5.39755 5.60312 4.35652 5.63821 5.73481 5.36378 5.71321 6.1298 4.76461 4.63831 4.14643 3.98126 8.29648 6.6724 6.0742 5.30974 4.67365 4.39496 5.89234 4.29015 5.46621 6.28663 4.76266 8.68103 4.2601 4.14849 3.50761 3.45595 3.44761 4.64183 4.15702 4.05587 4.51348 4.11842 3.25798 5.82187 3.9086 3.10567 3.58612 3.79752 2.98667 2.81426 2.62797 2.59141 2.31977 2.23182 2.16361 3.98909 1.69967
threshold=65.500000000000014 90.250000000000014 0.41428571428571431 2.5000000000000004 0.96652173913043493 81.343552005448586 0.51912332500567804 -1.7090833761708757 -1.0000000180025095e-35 8.5000000000000018 9.5000000000000018 12.500000000000002 0.14642857142857144 742.50000000000011 1.7101228183581125 -2.667193044514474 11.250000000000002 1.804761904761905 9.5000000000000018 2.2285714285714291 51.500000000000007 5.3750000000000009 0.41620553359683804 0.12500000000000003 8.2500000000000018 0.7916500000000003 60.500000000000007 15.500000000000002 105.00000000000001 6.2500000000000009 0.68333333333333346 6.5000000000000009 -2.2205639246247229 -1.8124293424991689 82.547246830469248 6.5312500000000009 23.500000000000004 707.50000000000011 0.7916500000000003 3.5000000000000004 0.76026272577996723 115.00000000000001 2.2469130798763604 84.036113294778673 95.000000000000014 38.500000000000007 1.0615943674767208 0.99999999926889349 6.6249999999842695
decision_type=2 2 2 2 2 2 2 2 2 2 2 2 2 2 2 2 2 2 2 2 2 2 2 2 2 2 2 2 2 2 2 2 2 2 2 2 2 2 2 2 2 2 2 2 2 2 2 2 2
left_child=1 2 3 4 8 -5 -7 42 41 37 11 15 13 16 17 26 -13 25 43 20 21 -17 23 -23 -24 40 -4 46 31 30 -30 32 -26 -34 -31 -36 -37 -6 39 -39 -15 -1 -8 -19 -18 -14 -21 -48 -44
right_child=-2 -3 10 5 9 6 7 -9 -10 -11 -12 12 45 14 -16 19 44 18 -20 27 -22 22 24 -25 28 -27 -28 -29 29 34 -32 -33 33 -35 35 36 -38 38 -40 -41 -42 -43 48 -45 -46 -47 47 -49 -50
leaf_value=0.0053067154398679988 0.031754329718886302 -0.030182363968760468 -0.032635162617183099 -0.041292028799951148 -0.04681233395421245 0.015995135126001286 -0.048645080463794212 0.0049906764598764619 -0.00607325676377528 0.018409449649164182 -0.023336173628936197 -0.021611304655015245 -0.0044592718715516259 0.018044455239983718 -0.0093361776131506476 -0.022363020103134824 -0.0043992767705055237 0.028631389507711203 0.0093623353192275795 -0.016603650145578634 0.025640603990139666 0.011078222956740921 0.035115884128474516 -0.031435433732641335 0.030676176948346668 0.031167297704876598 -0.00030189234553884672 -0.02885884857187565 -0.03039688906110995 0.027303965242970782 0.0057290783663877243 0.038308056170190834 -0.02237788173949453 0.015531387133140388 0.024613002683944094 -0.023580908573882006 0.010333884991463774 0.026115390084615005 -0.031534273218478084 -0.016308670156010757 -0.014076579679788901 0.032508945414654065 -0.031503834697873753 0.063584003912319012 0.023655021301955306 -0.037766999013817443 -0.012585387401123688 0.025855684765208282 -0.0037420742629839959
leaf_weight=16.706742756068707 12.062798596918581 14.739444497972725 18.443546107038856 15.987302906811236 7.3043977636843911 15.81588135845959 11.723426846787332 19.05731057189405 25.496683912351727 9.3641535406932217 14.308376885950564 17.95645266212523 10.993627552874388 12.932422682642938 14.172295085154472 22.399057071655989 13.636799074709417 11.893078698776664 13.669730719178913 14.99967699870467 26.996077651157975 24.665667470544577 13.239941257983444 21.722012992948294 13.103742530569429 19.807226194068789 14.784807499498127 16.502972982823849 17.457307476550344 15.75556632876396 13.52680862136185 14.354127543047069 13.811180606484411 12.920434042811399 17.330292418599129 20.340462120249867 13.359555106610058 8.1647780071944016 12.634216818027197 11.437316274270414 14.066650408320127 22.562024831771851 10.891975101083519 15.753641134127973 14.379143992438911 8.774425885640083 12.648338175378742 12.466848181560634 10.848821761086581
leaf_count=106 67 92 109 131 81 102 101 134 159 71 92 109 109 74 103 138 83 80 84 96 145 144 77 134 72 135 85 108 109 107 77 78 90 78 99 146 81 96 127 116 101 138 91 84 93 76 88 72 83
internal_value=0 -0.000665836 -3.04077e-05 -0.00634514 0.00093861 -0.0160596 -0.0096462 -0.0175222 0.010629 -0.0118503 0.00232208 0.00307316 0.00937684 0.01345 0.0205036 3.58374e-05 -0.00234757 0.0253535 0.0371428 0.00204619 0.00475704 0.00224875 0.00494714 -0.00907296 0.00891486 0.0143877 -0.0186777 -0.0103153 0.00641736 0.000769464 -0.0149393 0.0164089 0.00777291 -0.00415552 0.00817013 0.00185134 -0.0102259 -0.0192939 -0.0118376 0.00177194 0.00140419 0.021355 -0.0301157 0.0500724 0.0103186 -0.0203502 -0.00217021 0.00675565 -0.0184242
internal_weight=0 745.907 731.167 197.995 113.67 84.3247 68.3374 52.5215 64.7655 48.9049 533.172 518.864 168.035 148.267 102.295 350.828 45.9724 88.1227 41.3165 317.6 260.982 233.986 211.587 46.3877 165.199 46.8063 33.2284 56.6178 151.959 97.77 30.9841 54.1895 39.8354 26.7316 66.7859 51.0303 33.7 39.5407 32.2363 19.6021 26.9991 39.2688 33.4642 27.6467 28.0159 19.7681 40.1149 25.1152 21.7408
internal_count=5051 4984 4892 1536 894 642 511 409 403 491 3356 3264 1131 946 661 2133 285 558 248 1939 1575 1430 1292 278 1014 310 194 364 937 619 186 318 240 168 433 326 227 420 339 212 175 244 275 164 176 185 256 160 174
is_linear=0
shrinkage=0.05


Tree=98
num_leaves=48
num_cat=0
split_feature=46 277 49 259 48 78 100 48 288 31 80 31 55 58 102 78 33 287 260 33 49 49 89 89 36 110 70 96 155 143 284 71 181 8 195 55 105 281 148 272 36 146 108 55 93 107 54
split_gain=4.41694 5.49753 5.62884 5.9387 6.18488 5.30659 4.88254 4.44105 5.51856 7.80346 4.64141 5.82395 5.78386 4.82835 7.10381 6.09896 6.02451 5.628 7.66711 4.29827 4.21052 6.67751 5.01283 4.20229 4.81142 3.81792 3.7814 3.60419 3.93477 6.27611 5.9946 5.75039 3.57687 4.60298 4.53165 3.60071 3.38641 6.13737 2.91787 2.62699 2.44031 2.25399 2.24895 1.72427 1.68408 1.47291 1.07404
threshold=87.500000000000014 -0.99772065931048937 1.585827565502931 -7.8456577453491692 1.5569812496349231 0.31250000000000006 7.1250000000000009 3.1256209958412948 0.70290292807158605 0.35739130434782618 85.125000000000014 1.9069565217391307 767.50000000000011 10.500000000000002 6.5000000000000009 2.3750000000000004 2.3378378378378382 0.99999999926889349 4.2346724667781599 0.76370656370656353 -0.53070955339987635 0.8567364356838042 72.875000000000014 74.125000000000014 1.3135095209564973 100.71430000000002 76.500000000000014 71.500000000000014 58.500000000000007 11.750000000000002 1.6306818181818186 75.500000000000014 18.500000000000004 87.500000000000014 4.5000000000000009 847.50000000000011 11.500000000000002 80.207381416530282 13.500000000000002 -1.9098185907157446 1.4833899732862526 13.500000000000002 6.2500000000000009 747.50000000000011 65.500000000000014 158.12500000000006 812.50000000000011
decision_type=2 2 2 2 2 2 2 2 2 2 2 2 2 2 2 2 2 2 2 2 2 2 2 2 2 2 2 2 2 2 2 2 2 2 2 2 2 2 2 2 2 2 2 2 2 2 2
left_child=19 2 7 -4 45 -3 -7 8 10 -10 13 12 42 16 -15 20 17 18 -2 40 -16 -22 27 -24 -25 38 -8 28 29 30 43 -32 33 34 -11 44 37 -9 -19 -27 -1 46 -12 -23 -36 -5 -14
right_child=1 5 3 4 -6 6 26 36 9 32 11 -13 41 14 15 -17 -18 25 -20 -21 21 22 23 24 -26 39 -28 -29 -30 -31 31 -33 -34 -35 35 -37 -38 -39 -40 -41 -42 -43 -44 -45 -46 -47 -48
leaf_value=0.0084166933352291685 -0.021684735811100059 0.036905327137805463 0.0069295138364316722 -0.054078124954792632 -0.00727182406423698 -0.022300429270573439 0.026056369971846068 -0.024149006632343668 -0.037934786700933504 0.0066560081724865716 -0.012969705252775436 0.02051660259620517 -0.043122022204993088 0.032400687007485017 0.019438747178215966 0.02423093262256612 -0.016258877661726297 0.024703586642967457 0.023684855839303114 -0.0041780629353334276 -0.031977495742611328 -0.00067662534106229595 -0.032984536527864053 -0.025920428327696261 0.015029024430846244 0.053870574162434161 -0.0048031763760753923 0.025261826512470276 0.022465753166901373 -0.026562435211440052 -0.00081426166808991568 0.043743954068570096 0.013815103863128156 0.015974245545996114 -0.020005897879676743 -0.0027247530174470285 0.028194046456416912 0.016849252434338529 -0.0022865335475043473 0.0203362404582909 0.038231129427925101 -0.0079496019097249401 0.015951756905972152 -0.028714127874352371 -0.045755940592101002 -0.023066602095128202 -0.020522927672260827
leaf_weight=12.447988012805583 19.162060616537929 15.632094776257871 18.663641320541501 14.283462665975096 22.859262313693762 12.107815862633286 22.103318057954311 12.788200667127965 22.544569132849574 15.3812193935737 11.792442208155991 11.675500143319367 17.754142593592409 13.274069141596554 13.377816677093504 16.46313551068306 16.820572420954704 23.120316812768579 16.304821073077619 18.805051678791642 25.366878885775805 10.200543560087683 22.464825939387083 12.258969940245153 14.669507805258034 13.117489811033012 16.935273609124124 13.107003822922705 12.936033066362141 24.630537461489439 16.561155817471448 11.81659811735153 18.137535605579615 12.630295038223265 15.180153909139337 13.548585457727311 19.760013332590461 26.058526076376438 16.853763673454523 13.291284859180449 16.509857092052698 11.154670147225259 13.191871982067822 10.983988451771436 14.907897274941204 8.2800076156854612 11.754559310153125
leaf_count=68 147 107 127 139 159 92 146 77 137 132 83 84 130 76 73 104 99 141 100 118 141 72 149 80 81 76 107 75 71 159 136 67 111 71 132 105 116 144 98 85 104 81 92 99 102 93 90
internal_value=0 -0.00119929 -0.00261045 -0.0165595 -0.0261523 0.0123541 0.00428663 -0.0010568 -0.00251705 -0.0122935 0.000158142 -0.0108087 -0.0166042 0.00270062 -0.00172002 -0.00407782 0.010772 0.0153509 -0.000749907 0.0143524 -0.00666678 -0.00876156 -0.00463956 -0.0175054 -0.00387349 0.0238367 0.0128836 0.00181066 -0.00196377 -0.00646536 0.00384992 0.0185974 -0.00550821 -0.0105227 -0.0163649 -0.0244467 0.0118821 0.00308544 0.013546 0.0383508 0.0261237 -0.0280127 0.00232722 -0.0158529 -0.0338258 -0.0441598 -0.0350876
internal_weight=0 715.906 649.128 64.0864 45.4227 66.7785 51.1464 585.042 526.435 112.33 414.105 77.3232 65.6477 336.781 218.111 204.837 118.67 101.85 35.4669 47.7629 188.374 174.996 149.629 49.3933 26.9285 66.3829 39.0386 100.236 87.1289 74.1928 49.5623 28.3778 89.7857 71.6482 59.0179 43.6366 58.6067 38.8467 39.9741 26.4088 28.9578 40.6634 24.9843 21.1845 30.0881 22.5635 29.5087
internal_count=5076 4786 4334 518 391 452 345 3816 3479 790 2689 560 476 2129 1383 1307 746 647 247 290 1203 1130 989 310 161 400 253 679 604 533 374 203 653 542 471 339 337 221 239 161 172 301 175 171 234 232 220
is_linear=0
shrinkage=0.05


Tree=99
num_leaves=46
num_cat=0
split_feature=282 9 4 202 80 275 44 31 5 5 2 193 234 198 33 119 100 31 263 2 108 91 33 2 29 59 157 8 120 259 56 210 182 291 291 283 36 259 291 45 286 259 80 54 197
split_gain=5.89324 4.51268 5.06734 5.15759 4.07608 8.63036 6.47791 4.52248 3.76042 5.80437 6.07858 5.56307 6.93314 5.50573 4.75985 4.88709 4.66701 4.62127 4.71133 5.76025 4.92131 4.15869 4.45478 4.62628 4.01481 3.75648 5.73397 3.62007 9.28472 6.44302 4.36099 4.16857 3.31225 3.29802 6.71324 5.40561 4.66106 3.27282 2.89888 4.01055 3.17212 2.66872 2.55367 2.3453 2.25375
threshold=-4.2499999999999991 3.2500000000000004 85.750000000000014 19.500000000000004 85.125000000000014 91.572281632426922 17.500000000000004 1.3619943034764403 87.250000000000014 85.500000000000014 83.250000000000014 19.750000000000004 46.500000000000007 5.3750000000000009 0.92895752895752881 7.7916500000000015 6.6071500000000007 1.3619943034764403 82.945373608314668 80.250000000000014 23.125000000000004 61.500000000000007 0.3474903474903473 72.750000000000014 2.2285714285714291 86.500000000000014 8.5000000000000018 62.500000000000007 7.1250000000000009 -6.8734609860675056 13.250000000000002 5.5000000000000009 22.500000000000004 0.95445134575569368 0.67375886524822703 0.35147058823529415 1.0309633782949601 -10.519467219319994 0.96148148148148149 1.0000000180025095e-35 0.31089703208806468 -8.1317998608152262 79.125000000000014 787.50000000000011 1.0000000180025095e-35
decision_type=2 2 2 2 2 2 2 2 2 2 2 2 2 2 2 2 2 2 2 2 2 2 2 2 2 2 2 2 2 2 2 2 2 2 2 2 2 2 2 2 2 2 2 2 2
left_child=-1 4 3 44 8 41 7 -7 9 10 17 32 -13 -12 15 16 -14 27 19 20 21 22 23 -19 25 -11 -27 28 -2 38 -31 33 -10 34 35 37 -36 -29 39 40 -30 -6 -20 -33 -3
right_child=1 2 -4 -5 5 6 -8 -9 11 24 13 12 14 -15 -16 -17 -18 18 42 -21 -22 -23 -24 -25 -26 26 -28 31 29 30 -32 43 -34 -35 36 -37 -38 -39 -40 -41 -42 -43 -44 -45 -46
leaf_value=0.021836188914559889 0.033973841222030336 0.021167542561298661 -0.012662948607427347 0.044431869444353927 -0.013399979504876709 -0.027537082141212255 0.023865036457334694 0.0076822589993088709 0.008500119886295246 0.012385834966582493 0.042058088855531549 -0.023537853780068382 0.045302073715489166 0.0022314343084251964 -0.012111641167197842 -0.0027353502168335621 0.0066845025689820335 -0.03784900909587316 -0.051133508614791046 0.020515979933984688 -0.047273596299376164 -0.028243448325116566 0.034318111671114586 0.010370073503687004 -0.035784363910108676 -0.034166831898887917 0.0040075382369488552 -6.4711148958045154e-07 0.029258735161773127 0.0058276415579165564 -0.027130897465300615 -0.0083380417075112553 0.041845521806882002 0.01611938865048072 -0.038872697097299513 -0.011347285913060254 -0.0023928004533669469 0.032190282462225765 0.027992714317724404 -0.017872043004865886 -0.0039602557783408824 -0.044736972684277621 -0.01480992916920692 -0.033314859311560495 -0.006892320691306528
leaf_weight=26.740037277340889 23.735061764717102 13.510915491729977 14.668456278741358 13.968288727104662 12.000648725777866 20.391117956489325 17.15129629150033 15.268500284291802 16.229805849492553 14.177040822803972 13.762076729908584 22.155603770166636 16.657626636326317 21.345446089282632 20.752630371600389 21.430577633902431 14.771351542323826 7.0639529600739541 9.6146465977653879 14.583360493183134 8.2761784456670267 13.555355755612252 7.8051350656896821 12.178423415403811 18.6275022495538 20.79193945042789 17.584929626435041 13.062131114304064 14.737250506877901 15.436458166688679 26.165333427488804 24.152256183326244 13.862108768895267 23.907355491071939 17.448110036551952 24.162093447521329 16.932984791696072 18.962878782302141 15.900804299861191 13.822977796196936 12.836697611957787 19.129320255480707 11.042883493006228 15.444293679669498 13.386530250310896
leaf_count=156 131 89 80 84 83 155 131 108 97 73 95 139 85 154 122 143 84 125 105 88 156 105 92 110 136 151 127 76 91 102 153 134 80 131 106 126 101 102 92 79 77 149 112 83 81
internal_value=0 -0.00164196 0.0119337 0.0208541 -0.00277167 -0.0130164 -0.000574025 -0.0126589 -0.00130197 -0.00336927 -0.000989455 0.00633669 0.000366878 0.0185758 0.0077807 0.0156703 0.027918 -0.00293919 -0.0131273 -0.00614745 -0.0143545 -0.00666947 0.00476421 -0.00832666 -0.0164095 -0.00900217 -0.0170171 0.00019417 0.00657541 -0.00027424 -0.0150518 -0.00489467 0.0247128 -1.26985e-05 -0.00440063 0.00624407 -0.0214815 0.019458 0.0105294 0.00331954 0.0141967 -0.0334496 -0.0332964 -0.0186607 0.00745602
internal_weight=0 732.45 55.5342 40.8657 676.916 83.9409 52.8109 35.6596 592.975 467.116 395.934 125.86 95.7678 35.1075 73.6122 52.8596 31.429 360.827 84.1199 63.4624 48.879 40.6029 27.0475 19.2424 71.1814 52.5539 38.3769 276.707 122.635 98.8995 41.6018 154.072 30.0919 114.476 90.5682 56.1871 34.3811 32.025 57.2977 41.3969 27.5739 31.13 20.6575 39.5965 26.8974
internal_count=5079 4923 334 254 4589 626 394 263 3963 3213 2726 750 573 249 434 312 169 2477 893 676 588 432 327 235 487 351 278 1584 725 594 255 859 177 642 511 304 207 178 339 247 168 232 217 217 170
is_linear=0
shrinkage=0.05


Tree=100
num_leaves=47
num_cat=0
split_feature=74 30 277 197 291 291 114 107 272 274 110 273 206 124 75 272 209 52 118 280 272 233 89 286 273 115 206 119 77 194 232 260 110 260 274 91 111 290 277 206 235 99 146 109 109 260
split_gain=4.4129 4.99534 4.26726 6.18862 4.43166 5.60997 6.12321 5.22441 4.69936 5.15606 5.7063 4.82208 4.80381 4.61342 4.95496 4.54491 4.40894 4.20446 4.13935 4.09885 4.14975 4.0811 4.43744 4.01002 5.03109 3.8817 4.31098 3.82636 3.82449 3.76952 3.66406 3.66307 3.58916 5.17763 3.53011 3.60753 3.29527 3.4468 4.95604 3.28579 3.18282 2.83385 2.72682 2.69036 4.19737 2.40557
threshold=5.2500000000000009 2.7062937062937071 -0.95492997688506231 1.0000000180025095e-35 0.96424010217113676 1.0312805474095799 35.000000000000007 153.12500000000003 -2.3113166698055871 -1.3476750536068043 100.71430000000002 84.372171007079331 1.5000000000000002 6.5000000000000009 1.5000000000000002 -2.3843963531359398 2.2500000000000004 0.97007514761137958 0.62500000000000011 88.388673589874472 -2.6289396036648562 4.5000000000000009 74.375000000000014 0.23593964191472031 86.267029555020571 95.000000000000014 1.0000000180025095e-35 6.1250000000000009 78.687500000000014 3.5000000000000004 69.250000000000014 3.0112157028727373 108.75000000000001 -0.67948771679375608 -2.0075874291634421 69.500000000000014 185.00000000000003 7.5000000000000009 -1.6631262321995923 3.5000000000000004 19.500000000000004 7.8750000000000009 3.2500000000000004 243.75000000000003 198.75000000000003 2.7819166901333121
decision_type=2 2 2 2 2 2 2 2 2 2 2 2 2 2 2 2 2 2 2 2 2 2 2 2 2 2 2 2 2 2 2 2 2 2 2 2 2 2 2 2 2 2 2 2 2 2
left_child=1 21 4 31 8 29 -7 13 11 10 23 -2 34 -8 32 17 42 -13 19 -19 -21 -1 25 -10 -25 27 -27 -23 -14 -6 45 -4 33 -15 -12 -36 37 38 -30 -31 -22 -5 -11 44 -9 -28
right_child=2 -3 3 41 5 6 7 43 9 16 12 15 28 14 -16 -17 -18 18 -20 20 40 22 -24 24 -26 26 30 -29 36 39 -32 -33 -34 -35 35 -37 -38 -39 -40 -41 -42 -43 -44 -45 -46 -47
leaf_value=0.019012581297092625 -0.033085714271170977 -0.032555590611034163 0.044640294735266282 -0.018044918872356722 0.037675345109191558 -0.029812454249902944 0.036243828373343459 -0.0019438709995220826 -0.023188715586669059 0.015115259156831082 0.0044678472718246041 0.021260478326947659 -0.012336696130875228 0.024628226338584719 -0.015624737081099321 -0.033839152085252087 -0.030149364389188284 0.023792472430042313 -0.033197712308706544 -0.027828431260983822 0.021723804354665671 0.020230508545788124 0.012470022333625604 0.016550517116113838 -0.014870540405191904 -0.033580511825877658 -0.031514363971852102 -0.012105644623813992 -0.010830768780602539 -0.0029537746796267418 0.012885524224350398 0.0078743608223315036 0.028733391342648091 -0.015669700167327265 0.054943532914934749 0.015678417950718219 -0.0065921876779619498 0.04012303732072918 0.031208720312175538 0.025168460510883364 -0.014491561724708904 0.013734259537567623 -0.016530349028997735 0.011040647139223659 -0.038078480563391581 -0.0044745390687457474
leaf_weight=16.068154746666551 19.52870808634907 16.210985224694014 17.507323564030234 13.175609154626729 18.548652226105332 13.261187644675372 14.885515451431273 20.434821423143148 22.14818556420505 13.813826848752798 12.811426672153173 15.198285283520816 22.563586617819965 13.504368670284746 18.203848527744412 11.64014872536063 20.494057622738183 11.712585320696233 11.39500201679766 15.648923587054005 11.973182355985054 15.522327981889246 23.197667319327593 26.460863193497062 22.778678150847554 26.316508278250694 14.727609049528835 19.525156025774777 14.485485417768357 21.421023047529161 13.609559010714291 11.483599917031823 22.387084919959307 16.714476163499061 12.593204731121661 12.222897179424761 16.787984230555594 12.51209608837962 11.946110017597677 18.828754730522633 10.459528557956217 12.908967236056922 11.595853500068186 11.473382986616341 12.370043668895958 18.063874520361423
leaf_count=106 139 117 122 82 122 122 80 144 152 98 102 91 159 82 114 81 154 71 76 114 86 87 141 159 159 153 95 117 107 133 83 83 131 103 91 71 114 84 79 119 78 86 80 107 98 103
internal_value=0 -0.00705223 0.00219939 0.0153312 0.000841232 0.0066907 0.00131105 0.00468996 -0.00263618 0.00135842 0.00504748 -0.0112304 0.0118572 0.0118498 0.00628844 -0.00606467 -0.0134815 -0.00144974 -0.0073417 -0.000887683 -0.008893 -0.00403942 -0.00699037 -0.00602156 0.00200817 -0.0112556 -0.0177705 0.00237977 0.00467241 0.0195546 -0.00828454 0.0308251 0.0140213 0.00255091 0.0262994 0.0369604 0.0116548 0.0194889 0.00861459 0.010493 0.00494012 -0.00239134 0.000594516 -0.00912277 -0.0162928 -0.0171921
internal_weight=0 163.242 597.879 55.0755 542.804 202.033 143.235 129.974 340.771 233.214 187.311 107.556 115.923 85.6953 70.8098 88.0277 45.9037 76.3875 61.1892 49.7942 38.0816 147.031 130.963 71.3877 49.2395 107.765 72.7176 35.0475 78.2953 58.7984 46.401 28.9909 52.6059 30.2188 37.6275 24.8161 55.7317 38.9437 26.4316 40.2498 22.4327 26.0846 25.4097 44.2782 32.8049 32.7915
internal_count=5075 1002 4073 373 3700 1355 981 859 2345 1609 1277 736 807 510 430 597 332 516 425 349 278 885 779 470 318 638 434 204 543 374 281 205 316 185 264 162 384 270 186 252 164 168 178 349 242 198
is_linear=0
shrinkage=0.05


Tree=101
num_leaves=49
num_cat=0
split_feature=262 4 198 36 198 36 9 177 100 79 93 98 288 148 280 58 33 12 203 66 274 90 4 74 50 198 215 226 111 56 1 282 36 204 108 70 74 119 79 85 235 115 108 192 286 57 88 291
split_gain=4.0872 9.09261 5.53524 6.17186 5.04691 4.99593 4.58354 4.40889 4.19063 5.18237 5.87958 4.51447 4.4258 4.21579 4.06751 3.89023 3.84794 3.72258 4.43825 4.59515 4.35731 3.9016 5.52416 3.59277 6.32219 5.11143 4.36949 4.49817 4.21633 5.42601 5.92397 4.89383 6.02364 4.80633 4.98683 3.52278 3.38172 3.29923 3.10371 5.33391 2.9612 2.90581 2.82008 2.71732 2.62443 2.14163 2.08175 0.951839
threshold=5.0000000000000009 78.625000000000014 7.1250000000000009 0.93932253824398948 9.8750000000000018 1.1004978106279562 2.7500000000000004 1.5000000000000002 6.1250000000000009 67.875000000000014 54.500000000000007 0.62500000000000011 -0.8041866928211282 8.5000000000000018 87.159222127575262 7.5000000000000009 -0.32664092664092698 0.10416666666666667 5.5000000000000009 1.0000000180025095e-35 -1.1841075958246376 61.125000000000007 79.250000000000014 5.7500000000000009 0.96810234689492647 15.125000000000002 3.5000000000000004 47.500000000000007 215.00000000000003 12.250000000000002 90.500000000000014 -2.7499999999999996 1.4833899732862526 6.5000000000000009 11.250000000000002 66.500000000000014 7.2500000000000009 6.6250000000000009 83.875000000000014 89.500000000000014 7.5000000000000009 115.00000000000001 8.7500000000000018 0.75000000000000011 0.34217003218773528 12.250000000000002 1.1250000000000002 0.84412955465587058
decision_type=2 2 2 2 2 2 2 2 2 2 2 2 2 2 2 2 2 2 2 2 2 2 2 2 2 2 2 2 2 2 2 2 2 2 2 2 2 2 2 2 2 2 2 2 2 2 2 2
left_child=1 37 15 14 -5 7 8 45 11 13 35 43 -12 -10 -4 -3 41 21 19 -19 44 -14 -23 24 -7 -25 27 -26 29 38 33 -30 -33 34 -31 -11 -24 -1 -27 -40 -8 -17 -29 -2 -21 -6 -13 -39
right_child=6 2 3 4 5 23 40 -9 9 10 12 46 17 -15 -16 16 -18 18 -20 20 -22 22 36 25 26 28 -28 42 31 30 -32 32 -34 -35 -36 -37 -38 47 39 -41 -42 -43 -44 -45 -46 -47 -48 -49
leaf_value=-0.0091027621379169595 0.021517875180714165 0.0059056687035017883 0.038390596020679991 0.027577678948671289 -0.042627711950392257 0.020960951642459813 0.0048614452626215493 0.0046033468258385515 -0.047693949582210002 0.010587155100403773 0.028935394418789024 -0.0091460550663151809 0.027389449359064972 0.005940806668000005 0.0048603495597592493 0.0034426408436500663 -0.041537462985180469 -0.018399304354993883 -0.025240841576799539 0.0034926903431233679 -0.013066268457344269 -0.013033571603688291 0.026817996023995157 -0.023174120283526944 0.0031580412559698203 0.013992032416083815 0.0089834968129303052 -0.040816259206674033 0.018592838202545932 0.030225925863443765 -0.0098846365623419252 0.0068471382039221006 -0.039959233342288458 0.047330707302268626 -0.0030748073895940729 0.048226643816541306 -0.0035196684188654511 -0.054622232653904403 -0.026213259493531673 0.010913615953908145 0.036733627746731043 -0.027428401918763303 -0.013672828528996667 -0.012808253675932172 0.029219175729472236 -0.012067406411014933 -0.040590589746486883 -0.025425513977217429
leaf_weight=13.383937722072007 10.745777285657825 16.33020168915391 16.3958620429039 13.970847692340611 14.556035362184049 14.440683178603647 13.283621415495874 13.09107870236039 7.1662461059167963 13.586662380956115 15.382524108514188 10.22248762752861 21.17609990015626 6.285322736017406 19.53998333774507 16.137877389788631 15.620702350512145 21.661503326147795 20.085604711435735 19.173481795936823 16.163538619875908 29.018053413368762 23.527697436511517 14.766117381863294 14.34110061265528 21.471628015860915 15.1120632532984 22.34657846018672 11.172864608466623 26.127523677423596 13.660548368468879 11.800859663635494 14.656736509874461 17.732387900352478 18.908696290105581 11.723895873874424 14.349541138857601 8.8970997259020823 20.22932337410748 16.986327601596713 16.13884287700057 13.12198284268379 18.715562216937542 10.396714948117731 20.23023734241724 10.762749589979647 11.755853898823259 8.3703732099384052
leaf_count=89 100 111 89 86 115 83 91 77 123 110 85 76 122 49 139 99 123 120 117 124 92 150 138 108 82 133 95 145 59 156 88 72 143 98 119 74 74 94 131 114 116 96 119 72 113 82 102 97
internal_value=0 -0.00289613 -0.000955186 0.00141614 -0.000783582 -0.00214247 0.00453098 -0.018782 0.00253663 0.00512682 0.0069551 -0.0116416 0.00402092 -0.0239559 0.0207838 -0.0147302 -0.0222039 0.00180947 -0.00490923 0.00063366 0.00824729 0.00920506 0.00313005 0.000263308 -0.00820938 0.00412519 -0.0143927 -0.0208151 0.00657864 0.010687 0.0193783 -0.00806757 -0.0195932 0.025802 0.0164814 0.0291922 0.0155299 -0.0287438 -0.000766832 -0.0094253 0.0229768 -0.0108508 -0.0290638 0.00482205 0.0170972 -0.030589 -0.0269997 -0.0426358
internal_weight=0 452.648 421.996 360.786 324.85 310.879 312.074 38.4099 282.651 239.53 226.079 43.1208 200.768 13.4516 35.9358 61.2108 44.8806 185.386 97.3144 77.2288 55.5673 88.0714 66.8953 272.469 84.956 187.513 70.5153 55.4032 172.747 135.116 76.4292 37.6305 26.4576 62.7686 45.0362 25.3106 37.8772 30.6514 58.6873 37.2157 29.4225 29.2599 41.0621 21.1425 39.4037 25.3188 21.9783 17.2675
internal_count=5090 3042 2762 2333 2105 2019 2048 274 1841 1491 1319 350 1135 172 228 429 318 1050 566 449 329 484 362 1745 524 1221 441 346 1113 839 461 274 215 373 275 184 212 280 378 245 207 195 264 172 237 197 178 191
is_linear=0
shrinkage=0.05


Tree=102
num_leaves=44
num_cat=0
split_feature=149 279 12 101 59 285 212 260 11 144 259 101 187 150 279 98 29 33 283 260 118 44 202 48 32 202 8 206 274 34 283 8 288 86 118 274 71 149 55 57 201 277 32
split_gain=3.98633 7.25167 7.01874 3.48231 4.9567 4.64685 3.95482 3.73055 3.53439 5.18034 3.71285 4.34359 5.59345 7.06947 4.72173 4.13873 3.95988 4.63673 3.5729 4.5666 5.93752 4.34934 4.74435 4.20166 4.92229 6.75683 5.23988 4.77067 3.82079 4.23747 4.54744 3.99688 4.56519 3.55449 3.33283 3.18166 3.01766 3.75768 3.91007 2.69311 2.2114 1.65343 0.8773
threshold=4.5000000000000009 -1.2229799470429263 0.10416666666666667 15.500000000000002 85.500000000000014 7.5625000000000009 1.1250000000000002 -0.79906035242243845 22.500000000000004 29.500000000000004 -11.823752537992986 7.5000000000000009 72.250000000000014 41.500000000000007 -3.46550852321676 0.62500000000000011 -3.0833976833976826 -3.2980694980694971 -0.1348484848484848 -3.2702489372935597 0.37500000000000006 1.0000000180025095e-35 7.5000000000000009 3.7359930982471385 0.97915057915057946 2.5000000000000004 47.500000000000007 4.5000000000000009 -2.2078007146486809 0.0042876042876039567 -0.36038961038961032 57.500000000000007 -0.29343379936893921 75.500000000000014 0.14584999999999984 -1.9781317075324367 73.500000000000014 39.500000000000007 737.50000000000011 12.250000000000002 2.7500000000000004 -1.5713269809656121 1.5590733590733596
decision_type=2 2 2 2 2 2 2 2 2 2 2 2 2 2 2 2 2 2 2 2 2 2 2 2 2 2 2 2 2 2 2 2 2 2 2 2 2 2 2 2 2 2 2
left_child=1 2 -1 5 7 6 -2 -5 10 40 -7 12 13 15 -13 34 33 -18 21 20 -20 22 -19 24 36 41 27 -27 31 39 -31 32 -23 -16 -12 -17 -21 38 -38 -30 -10 -26 -41
right_child=3 -3 -4 4 -6 8 -8 -9 9 -11 11 14 -14 -15 16 35 17 18 19 23 -22 28 -24 -25 25 26 -28 -29 29 30 -32 -33 -34 -35 -36 -37 37 -39 -40 42 -42 -43 -44
leaf_value=-0.0048432299723497087 -0.028811084227713314 0.013634844871281899 -0.047176101605686034 0.040406415107105353 -0.0084128749295068559 -0.016589493642252574 0.00080532759868666252 0.0092823175377040636 -0.013991157043259025 0.0076055054211425673 0.022333534142335309 -0.017678854680684673 -0.032587059814130813 0.023681511556164367 0.001251093271070059 -0.0043249960500673732 -0.016148598306840258 0.013858640431998043 -0.0024524765502067798 0.0041870030909553005 0.046420129844856828 0.010946914365651336 -0.017669428853628415 0.02266435960030596 -0.038500186518104794 -0.020303642761903051 0.029135648222091737 0.018368849221708554 0.01808828725367416 0.028807861771613166 -0.0078197314313174504 0.026040434888513455 -0.021368288091665112 0.031172221534425022 -0.013133774241630687 -0.036162339695475214 -0.0070506272009285935 0.0008431467878175598 -0.043864914635215843 0.052518073246676046 -0.049240565038668908 -0.007008925133055688 0.029221722494383873
leaf_weight=21.818885177373886 23.422325678169727 17.778044467791915 17.15227753482759 16.26829051040113 18.074363425374031 23.57426979765296 20.835605811327696 23.594349700957537 11.010651651769878 15.297167217358945 12.658465418033304 20.281736334785819 15.871221844106911 20.483966622501612 15.358569134026764 14.741482648998497 23.715177881531417 22.13800086453557 12.939533699303867 13.836058422923086 10.791322397068141 24.701233740895987 23.663472183048725 13.900109827518461 7.9957702057436135 15.677202369086446 23.834949232637882 14.29080855194479 26.507810484617949 13.459538914263247 19.707500204443932 15.512968610972164 18.038358017802238 27.512981865555048 11.940708603709934 16.560615016147498 11.570113899186255 12.688271811231969 20.309224750846624 12.45806907862425 8.0703702052123827 8.7891857856884581 14.138831065967677
leaf_count=147 135 135 157 98 105 141 122 136 126 133 89 133 88 119 90 98 149 122 118 78 70 140 127 78 91 153 154 130 153 74 122 97 114 146 76 135 74 77 156 76 113 86 84
internal_value=0 -0.012309 -0.0241892 0.00136091 0.0129897 0.000286699 -0.0151586 0.0226623 0.001461 -0.0138708 0.00242587 0.00329141 -0.00653085 -0.000765786 0.00534327 -0.00998279 0.00648477 0.00483078 0.00626584 0.000907238 0.0207501 0.0109278 -0.00245993 -0.00250949 -0.0053757 0.00350476 0.0121499 -0.00186429 0.0151583 0.0217867 0.00745225 0.00513964 -0.00286852 0.0207259 0.00527679 -0.0217668 -0.0159871 -0.0222047 -0.0311245 0.0304362 -0.0306097 -0.0233315 0.0416414
internal_weight=0 56.7492 38.9712 696.221 57.937 638.284 44.2579 39.8626 594.026 34.3782 559.648 536.073 92.2565 76.3852 443.817 55.9013 423.535 380.664 356.948 166.623 23.7309 190.326 45.8015 142.892 128.992 70.5879 53.803 29.968 144.524 86.2717 33.167 58.2526 42.7396 42.8716 24.5992 31.3021 58.4037 44.5676 31.8793 53.1047 19.081 16.785 26.5969
internal_count=5045 439 304 4606 339 4267 257 234 4010 372 3638 3497 605 517 2892 398 2759 2523 2374 1265 188 1109 249 1077 999 614 437 283 860 509 196 351 254 236 165 233 385 307 230 313 239 177 160
is_linear=0
shrinkage=0.05


Tree=103
num_leaves=49
num_cat=0
split_feature=101 157 102 28 56 102 42 292 221 32 101 263 285 33 263 3 288 232 188 277 29 210 148 97 143 202 116 286 197 232 194 155 98 143 286 157 202 34 38 234 8 284 56 291 277 182 57 193
split_gain=4.73352 5.04421 4.21745 3.86026 6.44696 5.12455 5.18538 6.3542 4.75918 4.67645 5.66543 5.20244 6.518 5.22196 4.33096 3.7981 3.64906 4.02852 5.22362 4.68442 6.94465 4.27045 4.75118 4.21998 3.84834 3.84437 5.32993 4.11007 3.9589 3.65172 4.06518 3.58668 3.49267 3.32694 3.69248 3.16225 4.64802 2.88289 2.78507 2.76378 2.68419 3.84356 2.76846 2.55254 2.41894 2.20869 1.60097 1.51056
threshold=15.500000000000002 2.2500000000000004 6.5000000000000009 9.0000000000000018 12.250000000000002 8.5000000000000018 7.5000000000000009 13.250000000000002 8.5000000000000018 2.856370656370657 10.500000000000002 78.748709527409332 6.9375000000000009 -2.0957528957528955 76.303503251030705 80.750000000000014 -0.9905448150984083 26.750000000000004 58.500000000000007 -1.9303418156962422 2.2285714285714291 2.5000000000000004 17.500000000000004 7.8125000000000009 4.1250000000000009 2.5000000000000004 115.00000000000001 0.33380881333571893 1.5000000000000002 505.75000000000006 1.5000000000000002 5.5000000000000009 0.7916500000000003 2.0833250000000008 0.43309120005120405 3.2500000000000004 8.5000000000000018 -0.51977751977751974 0.37500000000000006 28.500000000000004 32.500000000000007 1.3798076923076925 12.250000000000002 0.92582417582417598 -1.675715354672878 14.500000000000002 12.250000000000002 28.750000000000004
decision_type=2 2 2 2 2 2 2 2 2 2 2 2 2 2 2 2 2 2 2 2 2 2 2 2 2 2 2 2 2 2 2 2 2 2 2 2 2 2 2 2 2 2 2 2 2 2 2 2
left_child=2 -2 32 5 -5 6 8 35 40 11 -11 13 -13 -7 31 -3 -14 25 21 20 23 29 24 38 -23 26 27 37 33 30 -19 -15 -1 -27 46 -8 -37 -18 -20 -32 42 -42 -4 -24 -21 -17 -35 -6
right_child=1 15 3 4 47 9 7 -9 -10 10 -12 12 16 14 -16 45 17 18 19 44 -22 22 43 -25 -26 28 -28 -29 -30 -31 39 -33 -34 34 -36 36 -38 -39 -40 -41 41 -43 -44 -45 -46 -47 -48 -49
leaf_value=0.028882542147395874 -0.013627684728803297 0.033985841538811561 -0.0052436563024283612 -0.010334880148730638 0.012741383040817705 -0.015719294461509808 0.025934525489592172 -0.028363324938447593 -0.05198258655612812 -0.053571753726246986 0.0022240495177080939 -0.034082637898739505 0.020295871361654724 -0.015444718751519013 0.037195945810968849 -0.0081932714641391353 -0.0041592503912302242 -0.015995453188489481 -0.0025447330788331722 0.03392465804159963 -0.034057877735168336 -0.026686197602302893 -0.045131413457145976 -0.015705625901735958 0.005970198345665494 0.019332703358541557 -0.029013093062967333 -0.015319265617734494 0.027339069542159519 -0.023250462843297983 0.030843923147595383 0.021356772502956079 -0.0051186131815653887 -0.026501753753767517 0.012554575473754277 0.018897112655536751 -0.016178739829593253 0.026152914866665225 0.02655465869727059 -0.0014456844835607596 -0.024931805587554461 0.010749618525971817 -0.039583276079877348 -0.016615276570909981 0.0049011424417025806 0.018760058513158786 -0.0020146252505818568 0.038005867137288638
leaf_weight=17.873916590586308 14.858033843338488 21.925395410507917 9.3447391558438557 20.606102181598544 12.798123167827727 11.897785340435801 13.093319387175141 17.606663092039526 10.965449694544075 8.5338697610422987 8.5559078771620971 15.335446916520594 16.790978647768497 10.398205908946695 20.152022332884371 13.324071461334826 12.988405581563713 14.208055627532302 14.163429098203776 12.430469419807197 15.301113666966556 14.96599797811359 21.497205989435315 17.540681356564164 20.078624126501381 21.516222398728132 17.117139329202473 18.818824032321572 23.086799502372742 15.284048318862913 13.803224924951794 14.954601797275243 12.153865806758402 14.48746976349503 18.606528805568814 15.010551955550907 22.047071106731892 17.91516961529851 18.085420046001673 11.84305991232395 12.816123843193056 15.748160749673842 16.50662140455097 14.726600112393497 16.288897685706615 15.444111146032808 12.041922356933354 13.100699581205843
leaf_count=130 89 130 75 124 90 94 82 119 97 100 78 88 112 91 133 80 88 95 91 73 105 116 151 110 153 130 121 116 136 115 86 127 84 103 102 87 138 104 98 84 83 116 158 92 101 85 79 73
internal_value=0 0.011332 -0.00262853 -0.0034669 0.0102815 -0.00451887 -0.0131669 -0.00338236 -0.0231035 -0.00211481 -0.0270591 -0.00114471 -0.00313151 0.01282 0.0204595 0.0187696 -0.00184223 -0.00287987 -0.00722596 0.00171084 -0.00572175 -0.0138196 -0.0218195 0.0034855 -0.00832935 0.00323968 -0.00578923 0.00262006 0.00995429 -0.00327492 0.00476725 0.00624968 0.015399 0.0036175 -0.00413058 0.00577085 -0.00184771 0.013682 0.0140823 0.0164384 -0.0164509 -0.00556159 -0.0278278 -0.0342961 0.0181821 0.00642066 -0.0158638 0.026459
internal_weight=0 65.5516 693.086 663.058 46.5049 616.553 133.139 67.7576 65.3811 483.414 17.0898 466.324 408.922 57.4026 45.5048 50.6936 393.586 376.795 220.217 93.81 65.0906 126.407 71.2684 49.7895 35.0446 156.578 66.8395 49.7224 89.7389 55.1384 39.8543 25.3528 30.0278 66.6521 45.1359 50.1509 37.0576 30.9036 32.2488 25.6463 54.4156 28.5643 25.8514 36.2238 28.7194 28.7682 26.5294 25.8988
internal_count=5112 384 4728 4514 287 4227 955 426 529 3272 178 3094 2649 445 351 295 2561 2449 1470 578 404 892 512 299 269 979 429 308 550 380 265 218 214 414 284 307 225 192 189 170 432 199 233 243 174 165 182 163
is_linear=0
shrinkage=0.05


Tree=104
num_leaves=48
num_cat=0
split_feature=288 76 110 204 259 32 292 154 283 32 37 55 106 142 35 36 289 259 212 33 226 32 34 157 113 278 3 279 113 35 114 98 6 155 38 226 227 88 55 40 120 283 202 142 106 104 259
split_gain=4.87611 3.99097 5.58973 5.85461 6.20802 6.45533 4.62309 3.94193 4.54034 4.26155 5.46523 5.0433 4.73282 7.22246 6.01553 4.42671 5.01043 5.88178 4.53763 5.99697 4.59581 4.39577 4.44025 4.62346 4.37671 5.37077 6.14008 4.87921 4.77566 3.68674 3.66012 3.64685 5.94691 3.62173 3.47956 2.90444 2.88671 2.78819 2.69169 3.48355 2.46986 2.29833 2.1432 1.96696 1.90743 1.69899 1.05018
threshold=0.77788564761185042 1.0000000180025095e-35 118.75000000000001 3.5000000000000004 -11.823752537992986 1.3042471042471047 14.250000000000002 80.250000000000014 0.11882352941176472 0.33281853281853285 0.62500000000000011 762.50000000000011 3.5000000000000004 19.500000000000004 0.84366311034610264 0.88606297638948883 0.91159213926341531 -6.1944180393229269 1.1250000000000002 -0.53513513513513511 46.500000000000007 0.78223938223938261 -0.45684045684045699 19.500000000000004 65.000000000000014 89.327875522521381 86.125000000000014 -1.7943142642635237 125.00000000000001 0.52243118397129218 165.00000000000003 0.7916500000000003 73.500000000000014 13.500000000000002 0.37500000000000006 6.5000000000000009 22.500000000000004 0.87500000000000011 812.50000000000011 1.7500000000000002 7.6250000000000009 -0.22902097902097898 8.5000000000000018 28.500000000000004 6.5000000000000009 4.5000000000000009 -6.6714467479310136
decision_type=2 2 2 2 2 2 2 2 2 2 2 2 2 2 2 2 2 2 2 2 2 2 2 2 2 2 2 2 2 2 2 2 2 2 2 2 2 2 2 2 2 2 2 2 2 2 2
left_child=7 41 3 4 -3 -6 30 8 9 10 11 -1 14 15 24 -14 17 18 19 -17 36 -15 38 44 34 26 27 -26 -27 31 -4 33 -33 -10 -11 -19 -20 -30 39 -23 -18 -2 -43 -16 -24 -35 -31
right_child=1 2 6 -5 5 -7 -8 -9 29 12 -12 -13 13 21 43 16 40 35 20 -21 -22 22 23 -25 25 28 -28 -29 37 46 -32 32 -34 45 -36 -37 -38 -39 -40 -41 -42 42 -44 -45 -46 -47 -48
leaf_value=0.0055167086098125966 -0.0043926749758643989 -0.027726854989289201 -0.03991564133951412 0.030334739380814935 0.027776140459504751 -0.017084141665881659 0.0036808024922833854 0.029016890699161354 0.027528138044535928 0.0043661061805271651 -0.011811345797776275 0.037504769749224343 -0.015985180899629265 -0.03650774381236728 0.040640874170755209 -0.021493553208421987 0.0057746172249768038 -0.034142225983456807 0.010124493111469721 0.013570048297126634 -0.0057846722239688966 -0.044679353317728696 0.0023648574952794305 -0.020358123920313151 -0.012656857356762858 0.013129651714326186 0.044802315411625583 0.022515743128235451 -0.0019982432855558717 -0.014491178302760852 -0.0028089959506719989 -0.040979411961567444 0.0061987763901646883 0.00746345543857791 -0.033378918357528681 -0.0034941971107316644 0.037545514134352004 -0.03464421025459704 -0.0016288551286343191 -0.0085946216302302328 0.032130443001755903 -0.041869278522768949 -0.011000665099684316 0.01451430212011795 0.027071827973569308 -0.018290492095223803 -0.046040980942481741
leaf_weight=22.983160763978958 13.670714456588028 15.365526527166365 19.252004262059931 17.776349864900112 19.058493889868263 12.496076410636304 18.905594895128161 12.553592737764118 11.655316418036817 11.282925596460702 13.743703406304119 26.600194903090596 24.234832942485809 15.463448423892258 15.074918065220119 23.151773801073432 14.898872096091507 12.902474430389704 18.008205734193325 23.678607854992151 15.487191466614602 14.470055835321547 17.829185064882044 13.862677268683909 16.210676324553784 20.931530982255936 15.124738181009887 22.349934361875061 13.163377033546569 6.0247515765950084 10.12990583013743 12.951923902612181 12.375432830303906 12.113254401832821 11.799848434515296 17.995004137977958 22.280650660395622 12.25982818379998 13.877638800069688 12.810463927686213 23.115170399658382 14.662826335057618 10.224318719469009 16.22600257024169 13.205210408195851 11.679082654416559 6.6954199923202378
leaf_count=139 76 100 154 105 108 99 150 75 139 81 81 154 140 93 77 146 100 110 111 151 110 102 121 87 111 127 83 139 93 62 93 121 89 74 88 125 136 85 82 76 147 117 82 85 71 90 98
internal_value=0 -0.00765487 -0.00284231 0.00673385 -0.00265412 0.0100317 -0.0155489 0.00235325 0.00173624 0.00339934 0.0154415 0.0230797 0.00168066 -0.00200987 0.00875229 0.00360435 0.00644889 0.00182826 0.00759549 -0.00385148 0.0171051 -0.012765 -0.00812827 0.00275645 0.00368177 0.00822059 0.0188411 0.0077832 -0.00421763 -0.00980723 -0.027636 -0.00444337 -0.0185674 0.00588079 -0.0155138 -0.0169616 0.025831 -0.0184564 -0.0197855 -0.0286377 0.0222136 -0.0213285 -0.0301024 0.0279658 0.0133946 -0.00540637 -0.0332431
internal_weight=0 151.542 112.984 64.6964 46.9201 31.5546 48.2875 601.071 588.517 515.022 63.3271 49.5834 451.695 297.271 154.424 195.753 171.518 133.504 102.606 46.8304 55.776 101.519 86.0552 44.8971 123.123 100.04 53.6853 38.5606 46.3547 73.4952 29.3819 60.775 25.3274 35.4477 23.0828 30.8975 40.2889 25.4232 41.1582 27.2805 38.014 38.5579 24.8871 31.3009 31.0344 23.7923 12.7202
internal_count=5083 1084 809 412 307 207 397 3999 3924 3251 374 293 2877 1908 969 1276 1136 889 654 297 357 632 539 279 807 638 333 250 305 673 247 513 210 303 169 235 247 178 260 178 247 275 199 162 192 164 160
is_linear=0
shrinkage=0.05


Tree=105
num_leaves=47
num_cat=0
split_feature=80 273 144 80 3 87 113 121 87 102 182 226 182 56 209 285 279 44 87 284 124 74 288 36 204 98 274 28 286 284 209 288 283 48 58 32 288 35 157 56 116 283 88 156 19 139
split_gain=3.75075 5.9663 5.52945 5.77897 3.95227 4.79287 4.56364 4.39617 3.84821 6.35272 3.49179 5.50582 4.33799 3.33879 4.63101 3.25926 3.91446 7.04764 8.64488 7.02386 6.62934 4.77111 4.53273 5.19285 4.49166 4.3708 3.54206 3.43543 3.60113 3.1991 4.23721 3.16247 3.11598 3.10855 3.08619 4.72581 2.81202 2.77217 3.44169 2.72892 2.59872 2.49138 2.04538 2.02884 1.22563 0.485988
threshold=85.125000000000014 91.127374857415461 9.5000000000000018 85.625000000000014 78.250000000000014 56.937500000000007 45.000000000000007 6.5000000000000009 63.687500000000007 8.5000000000000018 55.500000000000007 62.500000000000007 46.500000000000007 18.500000000000004 0.25000000000000006 15.437500000000002 -1.8852064625147913 57.500000000000007 74.541675000000012 1.4701754385964914 6.5000000000000009 5.2500000000000009 -0.77245553105869302 1.4244980743690803 0.83335000000000015 1.2916500000000004 -2.2893779220113566 1.0000000180025095e-35 0.43309120005120405 1.6306818181818186 6.7500000000000009 0.96687895796550427 -0.15587044534412953 2.783967140324811 10.500000000000002 0.99831426084371888 0.3744682635859638 0.4401131486960887 9.5000000000000018 13.250000000000002 95.000000000000014 -0.15587044534412953 0.87500000000000011 4.5000000000000009 7.5000000000000009 6.5000000000000009
decision_type=2 2 2 2 2 2 2 2 2 2 2 2 2 2 2 2 2 2 2 2 2 2 2 2 2 2 2 2 2 2 2 2 2 2 2 2 2 2 2 2 2 2 2 2 2 2
left_child=1 4 -2 44 5 6 43 36 9 -6 12 -12 -5 14 -9 16 17 18 19 20 -10 24 23 -21 -18 27 -22 28 -24 30 37 39 -8 40 -34 -36 -7 -23 -39 -11 42 -16 -31 -1 -4 -43
right_child=2 -3 3 10 8 7 32 13 15 31 11 -13 -14 -15 41 -17 21 -19 -20 22 26 29 25 -25 -26 -27 -28 -29 -30 33 -32 -33 34 -35 35 -37 -38 38 -40 -41 -42 45 -44 -45 -46 -47
leaf_value=-0.034681472457337645 -0.036926336074569653 0.027217600615584689 -0.032450908001264371 -0.0022174321442696814 -0.015619095700354503 0.017900094707938442 0.027438266852717032 -0.0059617347702473717 -0.0089760397381107981 0.041010236464153978 -0.027500733934575528 0.014799310126114391 0.039528506405482583 0.0017859218241765352 -0.014246245508243528 -0.019634340654788224 -0.028559031150720466 -0.035990633407118465 0.026716200494800415 0.020725811553658408 0.045916182765539125 -0.0075937886925192882 -0.030788695367995861 -0.012323419328239818 0.0058840851770876855 -0.033983930108138105 0.0087614582061115807 0.0067893310317659154 -0.0035253620124197334 0.0002083647898694821 -0.020696704881691473 8.4680841488362476e-06 -0.021229407865729986 -0.0011316888290280166 0.041471930242379884 -0.0089997155742670247 -0.012290832221615736 0.028321267426341109 -0.0029054988425879281 0.015217724981787356 0.036583243273701153 -0.052994304792120028 0.026410838950950491 0.0037420497976005714 -0.009426329791018713 -0.031184324970051955
leaf_weight=7.6187368705868703 13.786044758744536 21.411700673401356 13.7158095613122 11.686164231970908 13.913235818967221 15.724089384078981 19.716118816286325 22.356350753456354 18.831853564828634 19.872181542217731 13.839594257995488 15.049139745533465 12.070665532723067 15.525620266795157 11.424288645386694 16.701555480249226 14.395370110869406 13.329678125679491 25.933817215263844 22.037430007010698 13.726151692681016 14.495430482551454 22.200799558311701 23.606905814260244 23.885744381695986 22.803873853757977 12.388812931254504 22.789904220029712 25.958982118405402 14.05068724602461 12.573784772306679 13.567800254561005 8.8317531710490602 14.000560253858565 7.2970565110445049 9.8742931140586716 13.374687952920793 24.601267712190747 13.201182175427673 23.984246384352446 25.677209503948689 12.466585282236339 14.887224117293952 5.4162959866225719 11.374828767031429 11.556282160803674
leaf_count=129 126 129 76 91 91 98 125 150 120 123 109 92 83 96 80 125 77 98 151 123 86 103 142 150 141 147 84 139 151 89 85 93 96 81 37 149 80 149 85 149 144 95 88 69 99 77
internal_value=0 0.00185596 -0.00888689 -0.00350844 0.000972666 -0.00578507 0.00553971 -0.0122719 0.00323314 0.0138707 0.00592686 -0.00570729 0.0197333 -0.0187267 -0.024173 0.0013625 0.00229674 -0.00206256 0.000248326 -0.00359926 0.0133951 0.00795078 -0.00913522 0.00373525 -0.00746534 -0.0153746 0.0292633 -0.00900414 -0.0164639 0.0123944 0.00432959 0.0211607 0.0129694 0.0198475 0.00138899 0.0135504 0.00407611 0.010622 0.0176226 0.0275585 0.0251491 -0.03518 0.0141203 -0.0195867 -0.0227741 -0.0441681
internal_weight=0 666.01 91.5222 77.7362 644.598 161.182 58.7543 102.428 483.416 71.3375 52.6456 28.8887 23.7568 73.3291 57.8035 412.078 395.377 223.608 210.279 184.345 44.9468 171.768 139.398 45.6443 38.2811 93.7536 26.115 70.9497 48.1598 133.487 64.8717 57.4242 45.7192 68.6157 26.0031 17.1713 29.0988 52.2979 37.8024 43.8564 54.6151 35.4472 28.9379 13.035 25.0906 24.0229
internal_count=5100 4424 676 550 4295 1281 605 676 3014 456 375 201 174 498 402 2558 2433 1391 1293 1142 290 1042 852 273 218 579 170 432 293 824 422 365 407 402 282 186 178 337 234 272 321 252 177 198 175 172
is_linear=0
shrinkage=0.05


Tree=106
num_leaves=48
num_cat=0
split_feature=10 282 158 291 168 97 89 203 209 87 288 288 146 78 283 110 220 44 288 98 289 5 33 281 34 87 192 288 228 195 137 111 277 77 93 299 58 98 45 228 291 63 126 183 187 155 97
split_gain=5.37773 4.90849 4.24337 4.6105 4.07335 3.69497 4.05169 3.36971 3.73975 6.94647 4.29249 6.74275 6.19117 5.39767 5.58947 4.723 5.78408 5.40036 4.47161 4.18457 4.03978 6.12112 5.2546 4.22343 4.01818 3.39742 5.60453 3.3347 3.86142 3.2741 3.18942 3.16268 3.044 2.98682 4.15509 2.98178 2.89671 2.81859 2.5816 2.52279 1.95087 1.93957 1.81786 1.74828 2.47282 1.27858 0.449719
threshold=1.0000000180025095e-35 1.7500000000000002 5.5000000000000009 0.56696428571428581 1.0000000180025095e-35 4.3125000000000009 75.625000000000014 9.5000000000000018 6.7500000000000009 68.67410000000001 0.29342972903661901 -0.048361574224334618 11.500000000000002 0.54164999999999719 -0.45993589743589741 151.25000000000003 7.5000000000000009 12.500000000000002 -0.16799356919963607 0.31250000000000006 0.33222858587828868 90.500000000000014 -3.2108108108108104 84.272879767836102 -0.87397467397467399 72.937500000000014 7.7500000000000009 -0.63921128368950708 4.5000000000000009 21.500000000000004 8.2500000000000018 145.00000000000003 -2.2300170749463892 76.812500000000014 60.500000000000007 7.3749999999796403 18.500000000000004 0.7916500000000003 1.0000000180025095e-35 39.500000000000007 0.53589743589743599 84.250000000000014 6.5000000000000009 65.500000000000014 42.750000000000007 21.500000000000004 6.6875000000000009
decision_type=2 2 2 2 2 2 2 2 2 2 2 2 2 2 2 2 2 2 2 2 2 2 2 2 2 2 2 2 2 2 2 2 2 2 2 2 2 2 2 2 2 2 2 2 2 2 2
left_child=2 5 29 41 39 -2 7 8 10 -10 11 18 36 19 -15 16 17 38 20 -12 21 22 -7 27 -21 26 -24 28 -22 -1 -9 -23 -3 34 -29 -28 42 -26 -16 -5 -34 -4 -13 44 -27 -17 -46
right_child=1 32 3 4 -6 6 -8 30 9 -11 13 12 -14 14 15 45 -18 -19 -20 24 23 31 25 -25 37 43 35 33 -30 -31 -32 -33 40 -35 -36 -37 -38 -39 -40 -41 -42 -43 -44 -45 46 -47 -48
leaf_value=0.0073177731959870769 -0.025827889265260001 0.01015043831031189 -0.02368641102454468 0.013881790216042876 0.028501903532057445 0.012966907938057552 0.025629895416287879 -0.033583689814608568 0.044424321021585715 -0.00073798281651192446 -0.015379590122759055 0.0030891468707862219 -0.010996046555607887 -0.040146803703767012 -0.036059487722712252 -0.043741035613446916 0.016592473532718043 0.0086620658769907717 -0.022766390958715726 -0.0055639822457850298 -0.029898166021467051 0.02285297260136486 -0.034155500810065846 0.02511778328917634 0.036475194365175427 -0.0099545753869682216 -0.0092668329302806902 0.00068546232536301926 0.0081661787576488929 0.034792835219671477 -0.0028909211271984183 -0.0047041139158740027 -0.0077484520755524856 -0.0050254031797724915 0.04099546388109189 0.022282754937468806 0.047658014393927875 0.006810842236603532 -0.0065489893077762089 -0.013693335307473894 -0.04782662954196619 0.00042490099663389523 0.029923390427758507 -0.007805481641319445 -0.029021750515916753 -0.014601256780526187 -0.051554783155095145
leaf_weight=20.891955945640802 13.142220907844601 4.1381164379417923 15.454169504344462 16.114614687860016 21.381697542965412 18.106370897963643 14.066050607711075 13.523396688513456 12.408836966380475 23.238345040008426 20.398851364850998 11.742711625993252 12.17735832557082 16.246374897658825 19.239584697410464 9.2458909004926699 23.891312953084707 18.114566414617002 19.720548384822905 22.210549959912896 12.869349263608457 24.896818585693836 11.098775442689655 28.459613841027021 15.426542920991777 9.4352494757622498 14.393011845648291 12.31118450406939 12.169409243389962 23.148504767566919 20.791954504325986 16.924195036292076 4.8276549074798814 17.090108899399638 12.376477759331463 13.735503584146498 13.079786859452723 16.73380396515131 12.522091681137683 15.095806848257778 9.8804164710454625 16.844974979758263 13.318172303959727 10.378574091941116 10.208348618820311 8.2917655259370786 9.9590369910001737
leaf_count=114 94 68 81 103 125 104 92 105 77 158 143 79 77 83 133 108 148 129 140 153 87 140 79 157 97 86 116 93 81 131 126 108 54 101 69 92 84 126 81 85 225 87 99 69 70 59 92
internal_value=0 -0.00141344 0.00980003 0.00317773 0.0122238 -0.000581334 4.40999e-05 -0.000647127 0.00036266 0.0157663 -0.000795388 0.00283636 0.019368 -0.00684227 -0.013966 -0.00892303 -0.00320734 -0.0128314 -0.000499982 0.00345382 0.00146199 -0.00396226 -0.0108097 0.00934214 0.0106699 -0.0163388 -0.00565627 0.00235141 -0.0117949 0.022211 -0.0155951 0.0118517 -0.0258677 0.0109073 0.021703 0.0063753 0.0290957 0.021711 -0.02498 0.00053325 -0.0360024 -0.0114765 0.0179507 -0.026426 -0.0324859 -0.0314947 -0.0420589
internal_weight=0 602.789 128.932 84.8913 52.5921 583.943 570.801 556.734 522.419 35.6472 486.772 304.451 50.318 182.321 107.552 91.3052 73.7676 49.8762 254.133 74.7697 234.412 139.136 97.3149 95.2761 54.3709 79.2085 39.2273 66.8165 25.0388 44.0405 34.3154 41.821 18.8462 41.7778 24.6877 28.1285 38.1407 32.1603 31.7617 31.2104 14.7081 32.2991 25.0609 39.9812 29.6026 17.5377 20.1674
internal_count=5008 4282 726 481 313 3935 3841 3749 3518 235 3283 2023 339 1260 741 658 491 343 1684 519 1544 956 708 588 376 604 287 431 168 245 231 248 347 263 162 208 262 223 214 188 279 168 178 317 248 167 162
is_linear=0
shrinkage=0.05


Tree=107
num_leaves=51
num_cat=0
split_feature=283 51 148 165 128 282 220 101 30 47 50 272 156 148 273 277 272 105 111 113 277 283 74 145 54 30 274 209 30 8 232 285 102 259 259 220 289 281 55 74 138 29 284 36 234 113 182 28 98 213
split_gain=6.03624 5.27925 4.53909 4.31983 4.80095 5.10232 3.74697 4.43156 4.38107 4.94329 4.91569 5.13535 4.71051 4.8908 4.54812 3.97222 5.98949 4.89605 4.61456 4.82278 4.87387 4.49796 5.44033 5.56411 5.05332 4.78813 4.38464 3.99365 3.63959 4.9153 3.61845 3.6115 3.52017 3.36263 3.72847 2.90286 2.84318 5.71695 3.11231 2.81346 2.80458 2.73987 2.63265 2.2663 2.19675 1.90092 1.80832 1.77628 1.30374 0.0665445
threshold=1.0294117647058825 9.5000000000000018 13.500000000000002 3.2500000000000004 0.37500000000000006 -4.2499999999999991 16.500000000000004 17.500000000000004 3.9650349650349654 3.6200091352831838 0.99938347718865617 -2.7426008137326812 56.500000000000007 52.500000000000007 90.964758407808361 -1.2391734666940775 -1.4934803232001539 10.500000000000002 215.00000000000003 105.00000000000001 -2.2110600804381457 -0.057189542483660122 5.7500000000000009 2.5000000000000004 837.50000000000011 -0.27272727272727254 -0.92197748289776071 0.58332500000000009 -0.41806791339501609 17.500000000000004 63.250000000000007 15.312500000000002 10.500000000000002 -3.1190659024887357 -6.156412799459555 1.5000000000000002 -0.19337245081799007 82.838803287279248 787.50000000000011 6.2500000000000009 65.500000000000014 -0.64285714285714246 1.851648351648352 1.1658395482950017 59.500000000000007 105.00000000000001 7.1666500000000015 -1.0000000180025095e-35 0.62500000000000011 3.5000000000000004
decision_type=2 2 2 2 2 2 2 2 2 2 2 2 2 2 2 2 2 2 2 2 2 2 2 2 2 2 2 2 2 2 2 2 2 2 2 2 2 2 2 2 2 2 2 2 2 2 2 2 2 2
left_child=1 3 -3 4 5 -1 7 8 9 10 14 45 13 15 36 16 18 -18 19 21 30 22 23 -13 27 -23 33 -24 -20 -30 -21 48 -25 34 43 -15 44 42 -39 -22 -5 -29 -38 -17 -7 -12 -41 -31 -27 -49
right_child=-2 2 -4 40 -6 6 -8 -9 -10 -11 11 12 -14 35 -16 26 17 -19 28 20 39 25 24 32 -26 31 -28 41 29 47 -32 -33 -34 -35 -36 -37 37 38 -40 46 -42 -43 -44 -45 -46 -47 -48 49 -50 -51
leaf_value=0.021391117036929128 -0.031729777975098246 0.038097237015716677 0.0013849804271933051 0.0017807879474021735 -0.031932092853526453 -0.039071230119747509 0.023924420143286849 0.021533852760213711 -0.030446536543561987 0.020072979475941555 -0.035497106113563846 0.0077608713126067182 -0.023653182804249724 0.0038546248846007404 0.013323621623910915 0.0050463814310784472 -0.0026602827919820901 -0.042871983103482281 0.010591210960401673 -0.020749798356225535 0.0059840082768276856 0.0062302218854777625 0.018161632465795725 -0.041808454973279487 0.027842849939188136 -0.051198494525247419 -0.012281129058299579 0.0094578456742380225 0.0040921823622348634 -0.01251963314802633 0.013529296308157412 -0.00026883352615529593 -0.0076587969946441559 0.040192698933198309 -0.011300985338830062 0.035398442377530218 -0.038243165158109799 -0.00968014935584895 0.023014974369214427 0.018869780156745623 0.032758110938907764 -0.018036664785164087 -0.01094771628759748 0.033128465483419058 -0.011545671541275761 -0.0074287302347266736 0.04699589026279738 -0.033883620685093589 -0.022536447512292789 -0.056597654756061246
leaf_weight=23.238661792129278 14.288162071257828 15.482880003750322 17.37123366445303 14.284051813185217 11.90049149468541 19.350703484378755 12.677943768911062 17.587088610976934 13.472155274823306 22.150932140648365 12.984392620623114 24.219474516808987 19.090841310098767 14.085767302662136 13.679524585604666 14.026873668655751 14.666908903978767 14.960566608235238 9.6311451196670514 13.473243517801167 14.839412555098532 15.898123517632483 22.291728161275387 13.685485053807499 26.402188269421458 10.103123310953384 15.58705144189298 13.491484891623257 10.763024676591156 6.6729090381413689 15.471733201295136 8.8187119588255864 16.673309527337551 11.448821848724036 13.154010111466052 14.760200889781116 15.328712413087485 13.681381020694973 13.603872220031915 13.817616093903782 14.223550900816916 23.791893374174833 21.834378952160478 14.698009739629923 13.023182736709712 11.774277988821266 12.568967210128902 9.2765553887002188 10.586211393587289 5.9046043129637829
leaf_count=134 76 77 84 83 95 151 79 104 106 145 86 145 118 82 97 87 109 114 53 91 89 99 131 90 153 91 110 75 138 56 96 89 95 103 93 80 114 95 86 91 79 155 156 94 81 82 78 145 105 71
internal_value=0 9.80312e-06 0.0193003 -0.000909171 -0.00171813 -0.00113403 -0.00197613 -0.0025315 -0.00325267 -0.00259491 -0.0034935 -0.00124992 6.87707e-06 0.0011207 -0.0129317 -0.000346192 -0.00264531 -0.0237022 -0.000482297 0.00206092 0.0131319 -0.0021645 0.00227654 -0.00996088 0.0100701 -0.0156646 0.0104781 0.00186398 -0.0155919 -0.0234082 -0.00258694 -0.0272785 -0.0238955 0.0172339 0.0101665 0.0206405 -0.0167394 -0.0103968 0.00685834 0.023968 0.0178229 -0.00810025 -0.0229134 0.0200466 -0.0286761 -0.0229555 0.0334942 -0.0365385 -0.0382481 -0.0456699
internal_weight=0 742.509 32.8541 709.655 681.148 669.247 646.009 633.331 615.744 602.271 580.12 469.619 444.86 425.769 110.502 396.923 328.008 29.6275 298.381 256.133 70.171 185.962 140.556 54.5783 85.9773 45.4062 68.9148 59.5751 42.2482 32.6171 28.945 29.508 30.3588 53.3277 41.8789 28.846 96.8222 64.4483 27.2853 41.226 28.5076 37.2834 37.1631 28.7249 32.3739 24.7587 26.3866 21.8541 20.6893 15.1812
internal_count=5136 5060 161 4899 4737 4642 4508 4429 4325 4219 4074 3294 3126 3008 780 2846 2359 223 2136 1673 445 1228 844 330 514 384 487 361 463 410 187 285 185 377 274 162 683 451 181 258 162 230 270 181 232 168 169 272 196 216
is_linear=0
shrinkage=0.05


Tree=108
num_leaves=49
num_cat=0
split_feature=102 57 155 128 187 46 74 282 284 156 143 97 274 97 114 187 55 98 124 57 54 110 54 32 233 220 299 120 10 272 282 41 233 6 1 105 154 285 10 11 280 279 30 274 55 39 30 283
split_gain=3.81354 3.36108 3.24538 3.60706 3.1842 4.26778 4.3763 3.18721 3.95727 3.40433 6.38372 5.0049 6.25491 3.43106 6.26273 5.93067 6.01005 6.16757 8.13566 5.78567 5.58086 4.20003 3.77523 3.72001 5.01423 3.67842 4.99449 4.81734 4.77769 4.05992 3.54607 4.99872 3.41551 2.97178 2.71414 2.55681 2.53034 4.44365 3.01419 3.84276 2.8697 3.47494 2.40849 2.39234 1.834 1.53801 1.33629 0.880228
threshold=6.5000000000000009 13.250000000000002 87.500000000000014 0.37500000000000006 71.750000000000014 152.50000000000003 6.2500000000000009 -4.2499999999999991 2.8452380952380958 65.500000000000014 51.750000000000007 5.3958250000000012 -2.1552053808065561 6.5312500000000009 95.000000000000014 62.250000000000007 932.50000000000011 0.31250000000000006 6.5000000000000009 13.250000000000002 667.50000000000011 108.75000000000001 807.50000000000011 0.65868725868725886 5.5000000000000009 1.5000000000000002 8.6249999999999982 7.3750000000000009 0.45833333333333343 -2.5126621493718244 -0.74999999999999989 9.5000000000000018 15.500000000000002 61.500000000000007 74.500000000000014 10.500000000000002 4.2500000000000009 16.062500000000004 0.29166666666666669 7.5000000000000009 84.630492137183538 -2.1730459749514526 0.47362637362637372 -1.9820847191476272 767.50000000000011 0.63068181818181823 0.51490614648509403 -0.060661764705882346
decision_type=2 2 2 2 2 2 2 2 2 2 2 2 2 2 2 2 2 2 2 2 2 2 2 2 2 2 2 2 2 2 2 2 2 2 2 2 2 2 2 2 2 2 2 2 2 2 2 2
left_child=1 -1 3 4 7 -6 -7 -2 9 10 11 12 -9 14 42 16 17 18 21 22 -19 -15 -16 -20 -25 26 35 -28 29 -27 -29 -32 -30 34 -10 -22 -31 38 39 40 46 -42 -13 -26 -14 -45 -38 -18
right_child=2 -3 -4 -5 5 6 -8 8 33 -11 -12 13 44 15 19 -17 47 20 23 -21 25 -23 -24 24 43 28 27 30 32 36 31 -33 -34 -35 -36 -37 37 -39 -40 -41 41 -43 -44 45 -46 -47 -48 -49
leaf_value=0.0014617940449719996 0.020675435576282965 0.034868264437541756 0.022924104024527842 -0.022731683314212686 0.010176899020375635 -0.035012835364516541 -0.00033632127261894879 0.013375922256663193 -0.019951569846389707 -0.024045873000959284 0.032300340696248764 0.0097235107933446308 -0.013498414385275791 0.028820949995299706 0.01819007588769014 -0.02592556263301023 -0.012458475124205927 -0.017144368533342301 -0.036757687672738286 0.00099791180419419906 -2.7168013557024282e-06 -0.007968320185332162 0.05364046095547205 0.017810528998288666 -0.0052197444125607262 -0.0053915829254772103 -0.016500430402292942 0.031510135806658145 0.01033377709323262 0.034746105867240348 0.023016869134489356 -0.019248417725985165 -0.032972620860770283 -0.032369431104303535 0.013826543880185503 -0.025073236226737745 0.038614138043031911 -0.010670597796848497 -0.0014884656337398258 0.042490241777973184 0.022850990988371751 -0.010117857489832028 -0.02036789963460936 -0.039456205893713653 -0.043323033172068218 -0.013160502894822627 0.015273176654949181 -0.034527920153024624
leaf_weight=16.069244210608307 17.586378153413534 13.321558478288351 13.094920866191385 18.114798533730209 14.275672629475592 22.068487286567688 15.056939816102384 10.454863400198517 11.355821445584299 12.586374705657361 15.114501766860483 10.021174501627685 9.9137874972075242 17.813155775889758 19.783236099407077 20.273147476837039 10.521090732887389 22.254833057057112 16.584088683128357 23.275719149969518 20.084463419858366 12.602622799575327 13.024819031357763 11.83829675382003 22.12711562030017 18.886603112332523 12.812310066074131 21.796483468264341 8.2928340118378419 21.423100938089192 14.764236939139666 11.610655549913643 8.2028962578624469 15.021739311516283 10.51130023319274 19.601647149771452 13.931426983326675 13.274014136753975 14.1764790546149 19.255290690809488 14.138621024787417 16.055402990430604 16.322292761877179 12.921365914866334 13.615942824631928 11.724141869693993 14.086528159677981 10.240986204706131
leaf_count=117 109 94 80 128 82 133 93 79 101 74 83 59 73 107 136 136 72 152 100 159 153 82 80 94 156 116 69 132 59 148 105 88 104 91 71 138 84 106 110 113 77 95 148 101 117 70 79 91
internal_value=0 0.0172526 -0.000832535 -0.00130943 -0.000707345 -0.01255 -0.0213268 0.000277429 -0.0003412 0.000688255 0.00128305 0.000369792 -0.0179309 0.00161294 0.0108947 -0.00018206 0.00114755 0.0025673 -0.00770399 0.0202259 0.00639181 0.0138091 0.0334342 -0.0164729 -0.0102129 0.00844554 0.000923698 0.00984968 0.0130933 0.0159888 0.0170511 0.00438753 -0.0118551 -0.0159934 -0.00382018 -0.0126974 0.0192021 0.0157301 0.019628 0.0234621 0.0165566 0.00555774 -0.00898402 -0.0175301 -0.0318196 -0.027948 0.0278098 -0.0244307
internal_weight=0 29.3908 712.493 699.398 681.283 51.4011 37.1254 629.882 612.295 575.407 562.82 547.706 33.9846 513.721 82.4272 431.294 411.021 390.259 105.611 56.0838 284.648 30.4158 32.8081 75.195 58.6109 262.393 100.67 60.9837 161.723 145.227 48.1714 26.3749 16.4957 36.8889 21.8671 39.6861 126.341 104.918 91.6437 77.4673 58.212 30.194 26.3435 46.7726 23.5297 24.6455 28.018 20.7621
internal_count=5044 211 4833 4753 4625 308 226 4317 4208 3945 3871 3788 269 3519 582 2937 2801 2638 710 375 1928 189 216 521 421 1776 685 394 1091 928 325 193 163 263 172 291 812 664 558 448 335 172 207 327 190 171 163 163
is_linear=0
shrinkage=0.05


Tree=109
num_leaves=51
num_cat=0
split_feature=9 291 97 187 31 100 30 36 46 284 55 29 104 79 259 157 98 29 148 148 112 226 260 260 100 154 31 195 8 274 75 40 74 190 146 39 143 193 0 1 6 34 36 97 260 74 209 98 91 143
split_gain=4.03982 4.88123 4.34878 4.12966 3.58397 4.7729 5.49836 4.13084 7.13543 4.46311 5.48547 6.86643 5.91794 5.6281 4.57767 4.53892 5.91482 3.90772 5.15725 6.13245 5.08387 4.63641 4.50757 4.2153 3.88607 3.87889 3.99433 3.84238 3.79675 4.85484 3.78271 3.7733 3.63402 3.38536 4.37485 3.32947 3.29526 3.97034 3.9225 3.25892 3.10737 2.94612 2.83919 2.75519 2.6741 2.62333 2.46711 2.20962 1.07779 1.64585
threshold=3.2500000000000004 0.89181286549707617 6.9375000000000009 72.750000000000014 0.32608695652173919 7.8750000000000009 -0.56643356643356613 2.1106490820553021 162.50000000000003 2.9282051282051285 832.50000000000011 3.147508305647841 9.5000000000000018 84.625000000000014 -10.200577142200018 8.5000000000000018 0.7916500000000003 2.2285714285714291 27.500000000000004 20.500000000000004 105.00000000000001 3.5000000000000004 1.4851361317708358 2.7819166901333121 7.8750000000000009 54.250000000000007 1.3173913043478263 37.500000000000007 52.500000000000007 -1.9715053570301417 1.0000000180025095e-35 1.2500000000000002 6.2500000000000009 17.500000000000004 10.333350000000001 0.68333333333333346 4.1250000000000009 20.750000000000004 81.500000000000014 84.500000000000014 79.250000000000014 -0.56871236871236885 0.89712928493674859 7.6875000000000009 3.1738140405168309 5.2500000000000009 1.6250000000000002 0.62500000000000011 67.500000000000014 2.6250000000000004
decision_type=2 2 2 2 2 2 2 2 2 2 2 2 2 2 2 2 2 2 2 2 2 2 2 2 2 2 2 2 2 2 2 2 2 2 2 2 2 2 2 2 2 2 2 2 2 2 2 2 2 2
left_child=3 2 -2 4 5 39 42 9 -9 10 12 13 14 15 -6 16 24 18 19 20 31 -19 -22 -24 -12 26 43 -17 29 -14 -10 -16 45 34 -5 48 38 -38 -25 -1 -15 -18 -7 -20 46 -8 -23 -46 49 -32
right_child=1 -3 -4 33 7 6 32 8 30 -11 11 -13 28 40 17 27 41 21 25 -21 22 44 23 36 -26 -27 -28 -29 -30 -31 35 -33 -34 -35 -36 -37 37 -39 -40 -41 -42 -43 -44 -45 47 -47 -48 -49 -50 -51
leaf_value=0.018137914657112519 -0.015690523936121654 0.034176710422503843 0.017163689316518845 0.012152651926990513 -0.030192264421546284 0.017645895882688559 -0.027691662928216509 0.015425171551778933 0.0029017977032721048 -0.023944390017261952 0.034389052443898255 0.038074360354282452 0.043765972434509776 -0.030947202944300107 0.0016405364826916104 0.044448948180531127 0.0050942274105168737 0.013053931047050764 -0.0054926508390709958 -0.031348686573971711 -0.030101439895729828 -0.012110703473169275 0.024997734112753776 -0.00021506704815480132 0.0012364346702629179 -0.0044542472701214388 0.042261466242706221 0.0096421917088283307 -0.0015906194618789213 0.0054487526725157231 -0.042990596686301702 0.037373271309804827 -0.042247213200214712 -0.032832418807503511 -0.024614233345931547 -0.0053626771849527004 0.026602946511870271 -0.011168510493692628 -0.038449576152807953 -0.012404019801397888 0.0046924363855763863 -0.029583897096372293 -0.01182687701369485 0.025477761890026259 -0.020449730574579023 0.00032104767211501954 -0.044421539282630131 0.0093383948711156014 -0.056236027244146475 -0.0080996503066693339
leaf_weight=22.754213670268655 17.199948966503143 16.948031466454268 21.583988197147846 16.412412330508236 13.287555776536463 14.255642890930178 16.076405519619584 18.017460119910538 11.733490811660884 13.68226847052574 16.389905841089785 21.036789950914681 16.781275913119316 11.864982772618534 15.637181881815195 16.075252326205373 10.475032754242422 13.770307907834647 13.561418652534487 15.861861726269124 14.115260284394024 11.906492294743659 12.650606910698114 14.066318861208858 18.134412205778062 18.758879508823156 15.252369249239562 16.123656671494246 20.157604897394776 16.054378842934966 7.6406238568015414 13.170470394194126 18.046833749860525 16.662794318050146 14.179094564169644 10.062811598181723 11.834906207397582 14.320055535063146 11.842868916690348 12.942423908039926 11.220810407772658 12.932191203348337 16.615363828837872 13.596221625804899 12.047558445483448 16.324606716632843 13.124683225527404 11.069092022255061 7.8221493922173968 6.4791382951661944
leaf_count=134 93 119 146 94 92 74 90 121 118 84 109 134 91 99 102 101 78 109 87 109 131 93 90 100 124 108 92 99 129 96 162 80 112 105 87 74 69 102 90 88 80 93 94 79 83 103 90 83 80 64
internal_value=0 0.0126113 0.0025653 -0.0012706 -0.000206108 -0.00807702 -0.0147126 0.00156847 -0.0104723 0.00320133 0.00408359 0.0124973 0.000444892 0.0074531 -0.00267504 0.0130808 0.00454712 -0.00107629 0.00257757 -0.00331055 0.00107177 -0.0118416 -0.00551742 0.000221187 0.0175001 0.0143277 0.0225466 0.0278348 0.0155109 0.0257462 -0.0212468 0.0186828 -0.0247238 -0.0153754 -0.00512843 -0.0299197 -0.00615668 0.00627304 -0.0184711 0.00702816 -0.014149 -0.0144921 0.00190972 0.0103666 -0.0190824 -0.013991 -0.030108 -0.00639032 -0.0404572 -0.0285748
internal_weight=0 55.732 38.7839 686.828 639.574 117.015 81.3189 522.558 61.7557 460.803 447.12 134.253 312.867 113.216 259.874 90.1305 57.9315 246.587 184.668 123.5 107.638 61.9181 78.83 64.7148 34.5243 61.1689 42.41 32.1989 52.9933 32.8357 43.7382 28.8077 50.4478 47.2543 30.5915 32.0047 52.0641 26.155 25.9092 35.6966 23.0858 23.4072 30.871 27.1576 48.1478 32.401 25.0312 23.1167 21.9419 14.1198
internal_count=5064 358 239 4706 4420 695 473 3725 619 3106 3022 917 2105 783 1789 604 404 1697 1239 873 764 458 582 451 233 366 258 200 316 187 498 182 305 286 181 380 361 171 190 222 179 171 168 166 349 193 183 166 306 226
is_linear=0
shrinkage=0.05


Tree=110
num_leaves=47
num_cat=0
split_feature=154 128 109 274 272 33 47 31 56 36 111 8 146 214 34 112 55 149 274 72 54 80 182 274 66 31 8 272 214 272 150 274 0 58 101 274 114 56 288 275 274 59 1 234 145 235
split_gain=3.33474 4.50118 2.99925 5.74774 5.74267 4.40116 3.97138 4.12681 4.07086 9.39132 3.95236 3.95023 3.73954 3.68706 4.81759 3.50015 5.76342 5.22016 4.97693 6.74521 7.29607 5.57225 5.19498 5.45443 4.48919 4.626 4.43237 4.26855 3.95335 5.17176 3.9344 5.86244 3.93991 3.84994 3.60641 3.57917 4.97484 3.67113 3.46885 3.10427 2.7783 2.60774 2.39441 2.3039 1.64096 1.61461
threshold=80.250000000000014 0.37500000000000006 201.25000000000003 -2.1055473993970142 -2.0758971630108012 -1.5305019305019305 -0.080650118320995987 -0.58956521739130419 12.250000000000002 2.0305344756063222 275.00000000000006 32.500000000000007 7.5000000000000009 6.5000000000000009 -0.16597996597996609 115.00000000000001 912.50000000000011 22.500000000000004 -2.7903803661695599 87.750000000000014 852.50000000000011 79.375000000000014 1.1250000000000002 -1.9208408316932373 1.5000000000000002 0.34173913043478271 27.500000000000004 -1.6902906211464535 1.0000000180025095e-35 -2.2475090214820188 4.5000000000000009 -2.0075874291634421 78.250000000000014 16.500000000000004 8.5000000000000018 -1.92726223464427 125.00000000000001 12.250000000000002 0.21022171450811275 81.885889495602441 -1.3597898619076951 84.500000000000014 81.250000000000014 8.5000000000000018 17.500000000000004 13.500000000000002
decision_type=2 2 2 2 2 2 2 2 2 2 2 2 2 2 2 2 2 2 2 2 2 2 2 2 2 2 2 2 2 2 2 2 2 2 2 2 2 2 2 2 2 2 2 2 2 2
left_child=1 2 6 10 -5 -6 7 -1 9 42 -4 -10 38 15 -15 16 17 24 34 21 26 22 23 -20 25 -9 -21 45 29 -19 32 -32 -27 -30 -17 36 44 -37 -13 -24 -25 -33 -8 -7 -23 -26
right_child=-2 -3 3 4 5 43 8 13 11 -11 -12 12 -14 14 -16 18 -18 28 19 20 -22 35 39 40 27 30 -28 -29 33 -31 31 41 -34 -35 -36 37 -38 -39 -40 -41 -42 -43 -44 -45 -46 -47
leaf_value=0.026749746564000056 0.023995433033784246 -0.026414844940276117 -0.010047953966744573 0.031803010450290409 0.014634480774850425 -0.0063777412256082414 -0.0146041152873816 -0.021602506193135595 -0.01788645585511002 0.017465427248802585 -0.04653849929236982 0.013509330576443651 0.026347189434002868 -0.04055763524779727 0.0055474861300635085 0.041688011481458703 -0.028294288266707119 -0.018124678861756453 -0.015483904141314717 -0.040592739155641502 0.019764163076575775 0.027913384302549173 -0.028562453432777409 0.044002416171351331 0.045543366710189499 -0.0025196906742269692 -0.0065376572314509579 -0.00090075002335340305 -0.0048488748565842623 0.022142796471058868 0.013746825563653493 -0.003500629112510071 0.029898885028939816 -0.036599077673375141 0.0068190378458233046 0.013124553394499531 -0.018946485157473204 0.041943376828678464 -0.019230484293714493 0.00067238823417557195 0.0082748180341023197 -0.035099289021004489 -0.040592289311452485 -0.036816949228879223 0.0049468896942768967 0.017800819640533636
leaf_weight=15.722218815237282 12.162705469876526 16.548993005417287 17.424404908902947 10.554592015221713 12.933056937530635 14.373598336242141 16.920595929026604 18.692036557942629 19.623946968466043 13.233190594241021 12.937424331903456 15.780488764867188 16.956463146954775 10.68843871727586 10.585317768156527 15.229758368805053 18.07191982679069 14.540189186111094 11.011007682420312 17.317880487069488 12.857361977919934 15.990470786578955 18.399801788851619 10.35184052120894 11.745447343215348 15.299473222345112 20.943823110312223 15.315201406367121 18.748401571065187 15.394729901105164 23.239116841927171 12.67143472004682 22.612511275336146 19.228548979386687 14.511905021965502 25.344303855672479 12.582110706716774 20.671726330183446 14.641428921371697 16.985493687912822 11.557666396722199 13.031756328418849 22.516812017187476 10.700459758751093 15.305847577750681 12.534739543683825
leaf_count=96 77 122 128 105 113 158 103 119 133 91 143 95 106 87 78 89 129 90 85 117 89 105 113 84 80 106 157 110 120 85 148 85 136 128 94 152 85 126 89 109 95 90 136 84 91 81
internal_value=0 -0.0014007 -0.000777626 -0.00989952 0.000858522 -0.00832979 0.000384794 0.00232044 -0.00776987 -0.0180309 -0.026585 0.000442837 0.00824755 0.0014862 -0.0183977 0.00242299 -0.00196141 0.000393981 0.00665236 0.00387321 -0.0117645 0.00896836 -0.00179738 0.0123065 0.0057415 0.000303797 -0.0225929 0.0198718 -0.0109522 0.00263017 0.00521051 -0.00414783 0.0170877 -0.0214512 0.0254496 0.0170784 0.00663106 0.0266875 -0.0023582 -0.0148965 0.0263393 -0.0202359 -0.030079 -0.0202816 0.0171823 0.0324918
internal_weight=0 722.328 705.779 78.9235 48.5617 38.0071 626.855 507.182 119.673 52.6706 30.3618 67.0023 47.3784 491.46 21.2738 470.187 231.126 213.054 239.061 209.319 51.1191 158.2 68.3058 32.9205 145.142 105.546 38.2617 39.5954 67.9119 29.9349 86.8543 48.9423 37.912 37.977 29.7417 89.8945 43.8784 46.016 30.4219 35.3853 21.9095 25.7032 39.4374 25.0741 31.2963 24.2802
internal_count=5042 4965 4843 731 460 355 4112 3359 753 330 271 423 290 3263 165 3098 1507 1378 1591 1408 363 1045 486 264 955 684 274 271 423 175 565 323 242 248 183 559 281 278 184 222 179 175 239 242 196 161
is_linear=0
shrinkage=0.05


Tree=111
num_leaves=48
num_cat=0
split_feature=74 10 110 36 210 117 202 283 44 209 277 98 98 299 277 197 214 155 286 210 64 49 98 44 209 32 110 6 87 288 214 280 47 32 283 190 275 192 155 35 210 29 285 188 283 283 201
split_gain=3.57223 4.78139 4.33834 4.17627 4.86438 4.17078 4.2857 4.85143 5.01274 4.74645 4.41602 4.68056 6.5024 7.82181 4.61178 4.36553 4.62641 4.32749 5.60489 4.82767 3.9069 3.90923 3.68925 5.05969 4.23971 3.67503 3.54657 3.49734 7.0055 3.48043 3.78933 5.52666 3.78757 4.25671 4.53846 4.14939 7.15099 3.3362 3.32117 3.31538 3.21686 3.03712 2.77206 2.68177 2.11492 1.67606 1.63707
threshold=5.7500000000000009 0.45833333333333343 43.750000000000007 1.2563109932763494 1.5000000000000002 6.1875000000000009 98.500000000000014 -0.065591397849462343 47.500000000000007 1.2916750000000004 -3.1299071208994871 0.31250000000000006 1.5178500000000004 1.6161007331936562e-06 -2.2835993826442347 24.500000000000004 1.5000000000000002 7.5000000000000009 0.35471462531156511 1.5000000000000002 89.750000000000014 -1.0352843028201268 0.62500000000000011 12.500000000000002 2.2500000000000004 1.0247104247104251 106.25000000000001 75.500000000000014 72.937500000000014 0.48314048284850658 1.0000000180025095e-35 82.292945842030335 0.87413590716222 0.47335907335907346 -0.45993589743589741 4.3750000000000009 83.505032799251055 1.0000000180025095e-35 16.500000000000004 0.49494897427831791 3.5000000000000004 0.34285714285714253 12.562500000000002 51.500000000000007 -0.17028985507246372 -0.14550264550264547 2.2500000000000004
decision_type=2 2 2 2 2 2 2 2 2 2 2 2 2 2 2 2 2 2 2 2 2 2 2 2 2 2 2 2 2 2 2 2 2 2 2 2 2 2 2 2 2 2 2 2 2 2 2
left_child=20 2 -2 38 -5 -4 7 10 15 -8 -7 27 13 -13 -14 16 41 19 -19 -18 21 -1 24 25 -15 -24 -22 44 -29 32 -31 -32 33 -23 43 36 37 -36 -3 -37 -27 -9 -25 -35 -12 -6 -43
right_child=1 3 5 4 45 6 9 8 -10 -11 11 12 14 22 -16 -17 17 18 -20 -21 26 29 23 42 -26 40 -28 28 -30 30 31 -33 -34 34 35 39 -38 -39 -40 -41 -42 46 -44 -45 -46 -47 -48
leaf_value=0.021315904007101434 -0.02517142542390487 -0.010254364670948944 0.024695848862221575 0.029025572824583807 0.0022007339283181622 -0.018269131466863646 0.04093416783448129 -0.0091407039791121854 0.018356353137493366 -0.0016145815601027334 0.017459560363020123 -0.011298330059501194 -0.029856613066692895 0.049743286214128435 0.0065891951499217564 0.021812958604418765 -0.010230273073357433 -0.035365967965346634 0.0045483519155663397 0.028380529145753237 -0.0044480672994539876 0.022740135938493153 0.026258867594484588 0.014576647449393743 0.015314572571411389 -0.01497406071761137 -0.040742887262967035 -0.037593243166532848 0.0083701234491559105 0.0029962682319168311 -0.041723699176734866 -0.0025287793134551018 -0.0188244909935513 0.029692409632492013 0.0054680026644772211 -0.006515993830425431 0.02761236052624387 -0.028657002350083744 -0.051388335474477076 -0.039434120278748791 0.013853877799656659 -0.049414522815573847 0.046795175977753206 0.00049808926527698891 -0.0065007286960760613 -0.035187477717446389 -0.021892680698647082
leaf_weight=14.444693382829426 11.771406221203504 11.192205768078567 22.983155759051442 8.4152167984284478 5.1277904622256756 16.559293769299984 14.230302042327823 22.172928916290402 18.185006950516254 11.377531259320675 20.321193538606167 20.34109934233129 12.701981429010628 20.360336445271969 22.940007690340281 9.5538841914385539 14.554282386787238 16.311317821964622 17.470220599323511 16.189510614611208 13.565696802921595 20.875838246196508 14.677931949496267 14.022689379751684 17.546865709125996 21.303576026111841 12.920463604852555 15.9693725630641 15.624458964914082 18.195351584814489 19.842504017055035 16.060879372060299 23.432906541973352 14.039242021739485 12.488026211038234 17.024036647751931 15.846361018717287 14.974776994436978 8.7268444960936886 13.644611980766056 16.116982776671648 10.867080925963821 14.503494158387182 16.56534967571497 15.487734403461216 5.8574559167027456 15.630351753905414
leaf_count=100 82 101 132 106 50 95 106 154 133 93 115 137 79 105 132 68 119 148 124 145 95 126 87 85 103 123 87 99 93 107 123 100 154 92 93 123 96 101 91 79 91 104 82 88 99 111 128
internal_value=0 0.00214831 0.00358908 -0.0143702 0.00222893 0.00439915 0.0032462 0.00194672 -0.00549146 0.0226796 0.00600792 0.00773805 0.0120412 0.0169065 -0.0068596 -0.00914423 -0.0119252 -0.00304462 -0.0151869 0.0103555 -0.00522199 -0.0029621 0.0218008 0.0154281 0.0346098 0.00592948 -0.0229915 -0.00341665 -0.015303 -0.00478574 -0.0155222 -0.024734 -0.000807171 0.00268033 -0.00150129 -0.00818657 0.00183102 -0.0134926 -0.0298708 -0.0219442 -0.00252049 -0.0234004 0.0319875 0.0144061 0.00720142 -0.0190076 -0.0345665
internal_weight=0 499.094 459.774 39.3195 19.4005 448.003 425.019 399.412 140.935 25.6078 258.477 241.918 174.515 138.873 35.642 122.75 113.196 64.5253 33.7815 30.7438 243.921 217.435 118.532 80.6247 37.9072 52.0985 26.4862 67.4028 31.5938 202.99 54.0987 35.9034 148.891 125.458 104.582 73.9778 43.3092 27.4628 19.9191 30.6686 37.4206 48.6704 28.5262 30.6046 35.8089 10.9852 26.4974
internal_count=5084 3520 3061 459 267 2979 2847 2648 1123 199 1525 1430 1024 813 211 990 922 536 272 264 1564 1382 676 468 208 301 182 406 192 1282 330 223 952 798 672 492 290 194 192 202 214 386 167 180 214 161 232
is_linear=0
shrinkage=0.05


Tree=112
num_leaves=48
num_cat=0
split_feature=51 51 288 35 78 286 32 285 261 36 101 48 59 93 46 10 29 34 288 44 111 47 202 288 117 272 259 277 29 116 226 279 58 274 157 149 116 279 299 198 279 157 147 299 14 33 59
split_gain=3.94242 5.03116 3.59934 6.85672 4.27403 6.16182 5.41732 5.00507 4.90167 3.62473 3.54399 3.0373 4.19381 7.15933 4.16596 4.0689 3.11814 3.96538 3.0002 3.03741 5.67602 7.05765 4.41412 4.31429 5.37836 4.56032 3.37383 3.03161 2.75462 2.63587 5.25577 5.14523 3.13463 2.67228 4.50022 3.9151 3.04955 3.1679 2.99886 2.66522 2.59275 2.42821 2.3136 2.01434 1.97883 1.77788 0.824629
threshold=9.5000000000000018 242.50000000000003 0.77788564761185042 0.40728904939721255 0.95835000000000303 0.38403990083751299 1.5482625482625487 15.562500000000002 5.0000000000000009 1.414366466857786 15.500000000000002 1.527473013496897 89.500000000000014 71.500000000000014 237.50000000000003 0.54166666666666685 -3.4258310474147679e-16 -0.47048087048087045 -0.99630266176052629 12.500000000000002 215.00000000000003 -0.45300964027443053 17.500000000000004 0.074116354202380205 7.5625000000000009 -1.9764720273945522 -7.3796751508627496 -2.4329544412815305 -1.0000000180025095e-35 115.00000000000001 64.500000000000014 -2.2938971943981419 4.5000000000000009 -2.3786836427535012 8.5000000000000018 54.500000000000007 65.000000000000014 -1.4137957872069544 6.9999999999998712 19.375000000000004 -1.6753987028054949 6.5000000000000009 2.5000000000000004 5.1249999237399217 0.12500000000000003 1.254826254826255 85.500000000000014
decision_type=2 2 2 2 2 2 2 2 2 2 2 2 2 2 2 2 2 2 2 2 2 2 2 2 2 2 2 2 2 2 2 2 2 2 2 2 2 2 2 2 2 2 2 2 2 2 2
left_child=2 -2 10 40 5 7 8 9 -6 -5 11 12 13 28 15 18 -17 -18 -13 29 21 -21 41 24 26 27 -23 -26 -1 32 31 -31 -20 34 -34 36 37 -35 -38 -33 -4 -22 -40 -30 46 -25 -12
right_child=1 -3 3 4 6 -7 -8 -9 -10 -11 44 14 -14 -15 -16 16 17 -19 19 20 22 23 -24 45 25 -27 -28 -29 43 30 -32 39 33 35 -36 -37 38 -39 42 -41 -42 -43 -44 -45 -46 -47 -48
leaf_value=0.0048225276038528532 0.030440022558977171 -0.0022138141961630729 -0.047662009945566075 -0.03575082045134996 -0.021644910037230267 0.028206778115010173 -0.040279124437292008 0.014159312216324469 0.017054755978584381 0.0011720351431063151 0.031124296690757669 -0.020621926418283157 -0.033955628975557511 0.022878544375469202 0.028187565304770207 0.0049042798798705975 -0.049811983499687643 -0.0051007217499250274 0.013947777632491382 -0.018584713300784535 -0.039986757826957119 -0.02148257537140541 0.01320965756514905 0.040439298473267771 0.018037327379098193 -0.0016564423015481622 0.0086410438793984943 0.053657546648654658 -0.004872424984084015 -0.024523484254506917 0.029299572465320969 -0.0024454082087707421 -0.014976454126928208 -0.0069364105673488012 0.018322424526921371 -0.035189718442933296 0.014428231756587319 -0.038494901504435831 0.0051049162196414311 0.025792658547475714 -0.012842960318465347 -0.0063732013689903879 -0.01780752667789787 -0.034677877634827464 0.00058676590950462076 0.01531585379700985 0.012156638701393354
leaf_weight=10.839023262262343 22.304326016455889 23.631997793912888 12.257611404173078 13.681229352951052 15.853599440306425 19.109889735467732 13.306710278615354 18.738003769889474 14.923830840736628 12.033731992356477 13.450053526088597 13.77512541413307 13.709333552047609 16.405547140166163 12.709104415029286 10.056250371038916 9.6487102964893001 9.7569914422929269 19.311122025363147 15.125615011900662 10.310732510872187 14.650875089690087 11.961284452117978 21.040657794103026 15.170780228450893 12.828452786430718 21.975631453096867 10.953193783760069 8.9563437141478079 15.468275951221583 18.136534852907062 19.396838092245162 16.81979619525373 21.333804544992745 22.643461866304278 13.553953576833008 20.7649443782866 12.240909796208141 18.430027348920703 13.47691877465695 10.623816728591917 11.098118396475909 25.128014136105776 16.394921006634831 16.354935996234417 13.033345695585011 12.958235703408716
leaf_count=75 113 109 112 94 114 117 148 150 88 84 93 96 100 105 73 81 132 107 116 93 126 92 101 131 102 94 145 78 93 99 99 133 110 143 130 75 120 86 122 84 83 77 157 143 97 93 68
internal_value=0 0.013952 -0.00102279 -0.00846605 -0.00305906 0.00522161 -0.0148496 -0.00506267 -0.00293345 -0.0190751 0.000724547 -0.000430881 -0.0103393 -0.00366489 0.00104614 0.000196361 -0.0174342 -0.0286832 0.00150697 0.00232912 0.0076711 0.0125539 -0.0104209 0.0169784 0.0100871 0.0227809 -0.00365933 0.0343997 -0.015989 -0.00125725 0.00711859 -0.00162822 -0.00455075 -0.00699406 0.0041106 -0.0109276 -0.00724669 -0.0192228 -0.000796917 0.00955075 -0.0327103 -0.0236238 -0.00821595 -0.0247324 0.0143869 0.0315402 0.0226002
internal_weight=0 45.9363 690.396 130.528 107.647 63.5629 44.0841 44.453 30.7774 25.715 559.868 517.105 66.3052 52.5958 450.799 438.09 29.462 19.4057 408.628 394.853 158.149 124.779 33.3701 109.653 75.5789 38.9524 36.6265 26.124 36.1903 236.705 66.4786 48.342 170.226 150.915 39.4633 111.452 97.8977 33.5747 64.323 32.8738 22.8814 21.4089 43.558 25.3513 42.7632 34.074 26.4083
internal_count=5081 222 4859 990 795 445 350 328 202 178 3869 3611 516 416 3095 3022 320 239 2702 2606 1132 828 304 735 511 274 237 180 311 1474 415 316 1059 943 240 703 628 229 399 217 195 203 279 236 258 224 161
is_linear=0
shrinkage=0.05


Tree=113
num_leaves=50
num_cat=0
split_feature=154 31 33 279 33 40 279 286 48 72 157 99 260 86 47 110 272 34 158 278 36 279 290 58 100 286 291 54 157 62 287 235 31 97 108 102 8 234 115 210 288 11 54 117 33 54 137 235 286
split_gain=3.64878 4.11461 5.64833 5.18272 6.0437 3.91754 4.76115 3.89793 3.89095 4.78564 4.77026 3.90327 4.64225 4.19496 3.67664 4.92512 4.30031 3.65298 4.02849 4.87997 4.33907 4.05272 3.88913 3.72299 4.63857 3.64768 3.56622 3.46083 3.27515 4.45557 4.46583 4.8592 4.04448 3.63924 3.52937 3.49346 5.83237 3.21603 3.07919 3.05117 3.00781 2.98933 2.70298 2.51302 2.41112 1.30081 1.25366 1.12272 0.757547
threshold=81.750000000000014 -0.32086956521739124 5.6128466128466128 -0.26590487884688002 4.0506087845353695 1.7500000000000002 -2.7614802667583627 0.97303168749962443 3.9414437175727501 78.750000000000014 8.5000000000000018 5.5833500000000003 4.2346724667781599 82.500000000000014 -0.080650118320995987 113.75000000000001 -1.2628797158032534 0.42481842481842463 5.5000000000000009 90.67763291387412 1.816738792892981 -1.3689931348333035 3.5000000000000004 7.5000000000000009 7.8750000000000009 0.44604504428624814 0.73508771929824568 792.50000000000011 9.5000000000000018 90.500000000000014 0.99999999999556022 5.5000000000000009 0.40434782608695657 6.6875000000000009 3.035699999999999 13.500000000000002 52.500000000000007 4.5000000000000009 165.00000000000003 8.5000000000000018 -0.38242426011641079 7.5000000000000009 767.50000000000011 7.5625000000000009 0.48185328185328191 827.50000000000011 5.5000000000000009 8.2500000000000018 0.25832775846598405
decision_type=2 2 2 2 2 2 2 2 2 2 2 2 2 2 2 2 2 2 2 2 2 2 2 2 2 2 2 2 2 2 2 2 2 2 2 2 2 2 2 2 2 2 2 2 2 2 2 2 2
left_child=1 5 3 4 7 -1 -7 8 10 -10 14 12 27 28 16 48 17 18 19 20 21 23 45 -3 -25 46 -8 -12 -13 30 34 -32 -33 -31 -30 36 -34 -26 43 41 -19 -36 -23 -18 -42 -22 -20 -24 -16
right_child=-2 2 -4 -5 -6 6 26 -9 9 -11 11 13 -14 -15 15 -17 38 40 25 -21 22 42 47 24 37 -27 -28 -29 29 33 31 32 35 -35 39 -37 -38 -39 -40 -41 44 -43 -44 -45 -46 -47 -48 -49 -50
leaf_value=0.026255201284925242 0.026518614878882699 0.013264465815888913 0.028999061570609316 -0.029807480189123638 -0.030938563955730747 0.026556960556146203 -0.02582163685746823 -0.020228110634366948 -0.0034119806108843277 0.035043118846390983 -0.034989644577228148 0.031574921074857591 0.01463898289483518 -0.017565171428214687 -0.041595059670572386 0.00306925429249107 0.0048843146474921318 0.020158922394084532 -0.020625742277598554 0.019850134695144961 -0.019130510899827743 0.029323466463887796 -0.021633519862190451 0.0033885261154554683 -0.01171205379919122 -0.00060598827351100845 0.0050395745720585583 -0.00057235080673978241 0.013861797315251202 0.044457347987580262 -0.0096353084445409253 -0.0062450970912919911 -0.00047077845260071378 0.0070426545442020538 -0.0072585083147155343 0.044612535987922211 0.040285404398282494 -0.042105380585037953 -0.008335881025390143 0.0063117298617290513 -0.020063412198092438 -0.038165582741662485 -0.0026499733188990911 0.036075356002081525 0.0087342313980152148 0.0092267293481907865 -0.044243750617609101 -0.053949982988543602 -0.020668509223743428
leaf_weight=24.634241577237844 11.577038360759614 14.213876349851487 13.441534303128718 16.073200037702918 16.393830347806215 13.632004365324972 14.21763650793582 24.372294967994094 15.215713616460564 15.892669131979344 16.363721784204248 14.013417918235062 12.846252171322702 15.082423081621526 12.676635177806022 15.245868303813038 12.41156355664134 21.134498085826635 15.448705945629628 16.65461662504822 7.1917844414711016 12.617181159555914 6.8310580975376061 22.199774457141757 20.998371552675962 13.16946762986481 23.656223066151142 12.665710602886973 14.445163717493413 12.279191330075266 21.040478941053152 13.505802018567918 22.870420066639781 13.612726096995173 17.176224822178487 14.065830152481793 13.222887873649595 15.353610299527643 11.787676028907297 12.845754077658055 12.35336114279926 14.335379804484544 12.549976644106208 13.329774055629969 15.064486484043298 7.1184336906298995 12.570469475351272 8.2800785396248084 11.995516099035738
leaf_count=140 72 90 81 122 101 78 90 153 99 90 104 91 86 117 85 121 77 133 120 125 79 82 74 153 138 82 148 87 94 73 144 79 151 99 104 86 81 106 99 88 100 126 96 89 112 83 90 109 82
internal_value=0 -0.00064354 -0.00193097 -0.00262533 -0.00187792 0.010279 0.00228344 -0.00104353 -0.000207789 0.0167135 -0.00119067 0.00409049 -0.00962497 0.00701772 -0.00526992 -0.0192486 -0.00314985 -0.00568051 -0.00887286 -0.00485379 -0.0082139 -0.0030567 -0.0247155 -0.00902594 -0.014569 -0.0224767 -0.00691178 -0.0204923 0.0091235 0.00709183 0.00356505 0.0108617 0.0176799 0.0257799 -0.00695167 0.0241181 0.0151439 -0.0253326 0.0123507 -0.0138858 0.00642966 -0.0220603 0.0138875 0.0217812 -0.00449024 -0.00534326 -0.0323812 -0.0415907 -0.0326221
internal_weight=0 729.098 652.957 639.516 623.443 76.1401 51.5059 607.049 582.677 31.1084 551.568 240.371 41.8757 198.496 311.197 39.918 271.279 233.75 185.197 144.009 127.354 97.9328 29.4214 72.7656 58.5518 41.1886 37.8739 29.0294 183.413 169.4 143.508 84.7054 63.6649 25.8919 58.8025 50.1591 36.0933 36.352 37.529 44.3574 48.5523 31.5116 25.1672 25.7413 27.4178 14.3102 28.0192 15.1111 24.6722
internal_count=5109 5037 4581 4500 4378 456 316 4277 4124 189 3935 1610 277 1333 2325 288 2037 1772 1427 1135 1010 665 345 487 397 292 238 191 1216 1125 953 541 397 172 412 318 232 244 265 318 345 230 178 166 212 162 210 183 167
is_linear=0
shrinkage=0.05


end of trees

feature_importances:
Column_283=177
Column_32=129
Column_282=123
Column_289=113
Column_288=106
Column_36=104
Column_30=97
Column_291=97
Column_31=92
Column_9=81
Column_33=77
Column_279=76
Column_29=71
Column_277=70
Column_299=70
Column_8=69
Column_287=68
Column_274=67
Column_260=66
Column_34=64
Column_58=64
Column_54=63
Column_286=60
Column_55=59
Column_10=56
Column_272=56
Column_284=55
Column_285=49
Column_39=46
Column_99=45
Column_259=44
Column_148=43
Column_74=41
Column_110=41
Column_220=41
Column_12=40
Column_14=37
Column_155=37
Column_35=36
Column_97=36
Column_98=36
Column_157=36
Column_137=35
Column_146=35
Column_154=34
Column_56=33
Column_101=33
Column_108=33
Column_51=32
Column_113=32
Column_115=32
Column_232=32
Column_235=32
Column_263=32
Column_48=31
Column_57=31
Column_111=31
Column_44=30
Column_109=30
Column_198=30
Column_202=30
Column_2=29
Column_88=29
Column_119=29
Column_143=29
Column_226=29
Column_114=28
Column_116=28
Column_117=28
Column_193=27
Column_234=27
Column_78=25
Column_87=25
Column_107=24
Column_138=24
Column_190=24
Column_195=23
Column_227=23
Column_149=22
Column_182=22
Column_280=22
Column_0=21
Column_145=21
Column_156=21
Column_209=21
Column_290=21
Column_47=20
Column_102=20
Column_201=20
Column_214=20
Column_41=19
Column_46=19
Column_144=19
Column_212=19
Column_273=19
Column_1=18
Column_5=18
Column_187=18
Column_233=18
Column_261=18
Column_4=17
Column_42=17
Column_100=17
Column_105=17
Column_3=16
Column_6=16
Column_16=16
Column_50=16
Column_80=16
Column_89=16
Column_104=16
Column_197=16
Column_210=16
Column_292=16
Column_66=15
Column_103=15
Column_204=15
Column_262=15
Column_278=15
Column_49=14
Column_63=14
Column_275=14
Column_281=14
Column_11=13
Column_40=13
Column_112=13
Column_118=13
Column_188=13
Column_106=12
Column_120=12
Column_276=12
Column_13=11
Column_28=11
Column_90=11
Column_158=11
Column_181=11
Column_199=11
Column_221=11
Column_7=10
Column_18=10
Column_59=10
Column_38=9
Column_75=9
Column_76=9
Column_79=9
Column_139=9
Column_192=9
Column_15=8
Column_53=8
Column_72=8
Column_77=8
Column_91=8
Column_93=8
Column_96=8
Column_140=8
Column_206=8
Column_229=8
Column_22=7
Column_43=7
Column_71=7
Column_73=7
Column_124=7
Column_147=7
Column_189=7
Column_203=7
Column_37=6
Column_62=6
Column_85=6
Column_86=6
Column_95=6
Column_151=6
Column_92=5
Column_165=5
Column_184=5
Column_191=5
Column_200=5
Column_205=5
Column_213=5
Column_215=5
Column_45=4
Column_52=4
Column_60=4
Column_121=4
Column_126=4
Column_142=4
Column_183=4
Column_194=4
Column_228=4
Column_17=3
Column_20=3
Column_68=3
Column_69=3
Column_70=3
Column_82=3
Column_123=3
Column_128=3
Column_159=3
Column_168=3
Column_176=3
Column_196=3
Column_211=3
Column_264=3
Column_19=2
Column_24=2
Column_61=2
Column_83=2
Column_150=2
Column_161=2
Column_166=2
Column_170=2
Column_254=2
Column_265=2
Column_21=1
Column_23=1
Column_26=1
Column_64=1
Column_81=1
Column_84=1
Column_94=1
Column_122=1
Column_153=1
Column_167=1
Column_169=1
Column_171=1
Column_177=1
Column_186=1
Column_217=1
Column_231=1
Column_236=1
Column_237=1
Column_249=1
Column_266=1

parameters:
[boosting: gbdt]
[objective: binary]
[metric: binary_logloss]
[tree_learner: serial]
[device_type: cpu]
[data_sample_strategy: bagging]
[data: ]
[valid: ]
[num_iterations: 2000]
[learning_rate: 0.05]
[num_leaves: 63]
[num_threads: 0]
[seed: 42]
[deterministic: 0]
[force_col_wise: 0]
[force_row_wise: 0]
[histogram_pool_size: -1]
[max_depth: -1]
[min_data_in_leaf: 80]
[min_sum_hessian_in_leaf: 0.001]
[bagging_fraction: 0.8]
[pos_bagging_fraction: 1]
[neg_bagging_fraction: 1]
[bagging_freq: 1]
[bagging_seed: 400]
[feature_fraction: 0.8]
[feature_fraction_bynode: 1]
[feature_fraction_seed: 30056]
[extra_trees: 0]
[extra_seed: 12879]
[early_stopping_round: 0]
[early_stopping_min_delta: 0]
[first_metric_only: 0]
[max_delta_step: 0]
[lambda_l1: 0]
[lambda_l2: 1]
[linear_lambda: 0]
[min_gain_to_split: 0]
[drop_rate: 0.1]
[max_drop: 50]
[skip_drop: 0.5]
[xgboost_dart_mode: 0]
[uniform_drop: 0]
[drop_seed: 17869]
[top_rate: 0.2]
[other_rate: 0.1]
[min_data_per_group: 100]
[max_cat_threshold: 32]
[cat_l2: 10]
[cat_smooth: 10]
[max_cat_to_onehot: 4]
[top_k: 20]
[monotone_constraints: ]
[monotone_constraints_method: basic]
[monotone_penalty: 0]
[feature_contri: ]
[forcedsplits_filename: ]
[refit_decay_rate: 0.9]
[cegb_tradeoff: 1]
[cegb_penalty_split: 0]
[cegb_penalty_feature_lazy: ]
[cegb_penalty_feature_coupled: ]
[path_smooth: 0]
[interaction_constraints: ]
[verbosity: -1]
[saved_feature_importance_type: 0]
[use_quantized_grad: 0]
[num_grad_quant_bins: 4]
[quant_train_renew_leaf: 0]
[stochastic_rounding: 1]
[linear_tree: 0]
[max_bin: 255]
[max_bin_by_feature: ]
[min_data_in_bin: 3]
[bin_construct_sample_cnt: 200000]
[data_random_seed: 175]
[is_enable_sparse: 1]
[enable_bundle: 1]
[use_missing: 1]
[zero_as_missing: 0]
[feature_pre_filter: 1]
[pre_partition: 0]
[two_round: 0]
[header: 0]
[label_column: ]
[weight_column: ]
[group_column: ]
[ignore_column: ]
[categorical_feature: ]
[forcedbins_filename: ]
[precise_float_parser: 0]
[parser_config_file: ]
[objective_seed: 16083]
[num_class: 1]
[is_unbalance: 0]
[scale_pos_weight: 1]
[sigmoid: 1]
[boost_from_average: 1]
[reg_sqrt: 0]
[alpha: 0.9]
[fair_c: 1]
[poisson_max_delta_step: 0.7]
[tweedie_variance_power: 1.5]
[lambdarank_truncation_level: 30]
[lambdarank_norm: 1]
[label_gain: ]
[lambdarank_position_bias_regularization: 0]
[eval_at: ]
[multi_error_top_k: 1]
[auc_mu_weights: ]
[num_machines: 1]
[local_listen_port: 12400]
[time_out: 120]
[machine_list_filename: ]
[machines: ]
[gpu_platform_id: -1]
[gpu_device_id: -1]
[gpu_use_dp: 0]
[num_gpu: 1]

end of parameters

pandas_categorical:null
