{
  "test": {
    "bias": 0.3746050041232836,
    "corr": 0.9908476659925359,
    "mae": 1.8186759667137917,
    "maxAE": 8.355946527087305,
    "medianAE": 1.4029113333498415,
    "n": 332,
    "rmse": 2.364693208803578
  },
  "train": {
    "bias": 2.299526233916733e-10,
    "corr": 0.9984278332481824,
    "mae": 0.7054075988897202,
    "maxAE": 6.967873671449375,
    "medianAE": 0.5626503520827111,
    "n": 1224,
    "rmse": 0.928239448349184
  },
  "validation": {
    "bias": -0.21222260934956103,
    "corr": 0.9917215837040778,
    "mae": 1.9411231002823806,
    "maxAE": 7.856461689708539,
    "medianAE": 1.558761547881133,
    "n": 214,
    "rmse": 2.5447634414030174
  }
}