{
  "fill_values": {
    "asof_cos_hour": -1.0,
    "asof_sin_hour": 1.2246467991473535e-16,
    "bias_cigvis": 6.816833922346257,
    "cos_doy": -0.009202252152997253,
    "gfs_cig_min": 6.4857010357087646,
    "gfs_n_x_mean": 78.3112536713557,
    "gfs_vis_min": 6.938784974493739,
    "is_weekend": 0.28569221260815825,
    "month": 6.457045735475896,
    "nam_cig_min": 6.635379619607237,
    "nam_n_x_mean": 78.37757074377609,
    "nam_vis_min": 6.866244008040822,
    "nx_cigvis_bc": 85.17820989133851,
    "reg_cig_vis": 1.4582818294190358,
    "sin_doy": 0.008954716989572519
  },
  "method": "train_mean"
}