{
  "per_station_test": {
    "KMIA": {
      "bias": 0.17789023453315514,
      "mae": 1.5573492029097937,
      "p50_abs_error": 1.2241736211600625,
      "p90_abs_error": 3.417507130953073,
      "p95_abs_error": 3.9406798311996942,
      "rmse": 2.0524736558588152
    }
  },
  "test": {
    "bias": 0.17789023453315514,
    "mae": 1.5573492029097937,
    "p50_abs_error": 1.2241736211600625,
    "p90_abs_error": 3.417507130953073,
    "p95_abs_error": 3.9406798311996942,
    "rmse": 2.0524736558588152
  },
  "train": {
    "bias": 6.816829315007751e-11,
    "mae": 1.22154576589626,
    "p50_abs_error": 0.9410213774538221,
    "p90_abs_error": 2.6170586685432755,
    "p95_abs_error": 3.294199832328801,
    "rmse": 1.6087858471873746
  },
  "validation": {
    "bias": 0.02174858667812118,
    "mae": 1.4116773578394275,
    "p50_abs_error": 1.0905267998655006,
    "p90_abs_error": 3.1182352351393603,
    "p95_abs_error": 3.2496994833504993,
    "rmse": 1.8228159701891806
  }
}