{
  "test": {
    "bias": 0.34435088197581953,
    "corr": 0.9905165206286207,
    "mae": 1.8214425932813387,
    "maxAE": 8.242766920852546,
    "medianAE": 1.4332546401415982,
    "n": 332,
    "rmse": 2.4020011269703687
  },
  "train": {
    "bias": -4.3392217923396586e-11,
    "corr": 0.9990821949217094,
    "mae": 0.5127413341576919,
    "maxAE": 7.025492663837294,
    "medianAE": 0.40423500707673554,
    "n": 1224,
    "rmse": 0.7101372015957558
  },
  "validation": {
    "bias": -0.09272192648380931,
    "corr": 0.9920031948773498,
    "mae": 1.8955140014837801,
    "maxAE": 8.124967944468708,
    "medianAE": 1.4831728987321107,
    "n": 214,
    "rmse": 2.4995958146275337
  }
}