{
  "test": {
    "bias": 0.39677983530843225,
    "corr": 0.990974438717826,
    "mae": 1.8084246302309774,
    "maxAE": 10.660834672756614,
    "medianAE": 1.533775317771621,
    "n": 332,
    "rmse": 2.3519247942776453
  },
  "train": {
    "bias": -2.243489635171363e-11,
    "corr": 0.998841409192829,
    "mae": 0.5980792046901903,
    "maxAE": 6.840090800461297,
    "medianAE": 0.4714001796463485,
    "n": 1224,
    "rmse": 0.7972204077272605
  },
  "validation": {
    "bias": 0.05072969011251851,
    "corr": 0.9914917342657373,
    "mae": 1.9617349261521453,
    "maxAE": 8.113903912060742,
    "medianAE": 1.6464169298100302,
    "n": 214,
    "rmse": 2.56526369901044
  }
}