{
  "fill_values": {
    "asof_cos_hour": -1.0,
    "asof_sin_hour": 1.2246467991473535e-16,
    "cos_doy": -0.009202252152997253,
    "dep_shift_mean": -0.0007597210141746004,
    "dep_shift_std": -0.7922927811212127,
    "dep_shift_z": -0.031888284140640925,
    "gfs_dpt_mean": 66.86031457721441,
    "gfs_n_x_mean": 78.3112536713557,
    "gfs_tmp_mean": 77.53891637038183,
    "gfs_wsp_mean": 7.20576982532076,
    "is_weekend": 0.28569221260815825,
    "month": 6.457045735475896,
    "nam_dpt_mean": 66.57567264573991,
    "nam_n_x_mean": 78.37757074377609,
    "nam_tmp_mean": 77.52555280655636,
    "nam_wsp_mean": 7.307194216792949,
    "sin_doy": 0.008954716989572519,
    "wsp_shift_mean": -0.005876570799944333,
    "wsp_shift_std": -0.702249757109185,
    "wsp_shift_z": 0.004767850022439296
  },
  "method": "train_mean"
}