{
  "per_station_test": {
    "KMIA": {
      "bias": 0.29239074294873496,
      "mae": 1.3817864259612107,
      "p50_abs_error": 1.0022713893933997,
      "p90_abs_error": 2.849560163750738,
      "p95_abs_error": 3.8502778692337327,
      "rmse": 1.926674900197894
    }
  },
  "test": {
    "bias": 0.29239074294873496,
    "mae": 1.3817864259612107,
    "p50_abs_error": 1.0022713893933997,
    "p90_abs_error": 2.849560163750738,
    "p95_abs_error": 3.8502778692337327,
    "rmse": 1.926674900197894
  },
  "train": {
    "bias": 2.979672819427202e-11,
    "mae": 1.0722709850701186,
    "p50_abs_error": 0.8199626391248245,
    "p90_abs_error": 2.3289317529578386,
    "p95_abs_error": 2.94241183851736,
    "rmse": 1.43588345716893
  },
  "validation": {
    "bias": 0.24271479168374738,
    "mae": 1.3296613684569203,
    "p50_abs_error": 1.0339003871929293,
    "p90_abs_error": 2.5694172552233567,
    "p95_abs_error": 3.326362510810648,
    "rmse": 1.736794751784027
  }
}