tree
version=v4
num_class=1
num_tree_per_iteration=1
label_index=0
max_feature_idx=50
objective=regression
feature_names=Column_0 Column_1 Column_2 Column_3 Column_4 Column_5 Column_6 Column_7 Column_8 Column_9 Column_10 Column_11 Column_12 Column_13 Column_14 Column_15 Column_16 Column_17 Column_18 Column_19 Column_20 Column_21 Column_22 Column_23 Column_24 Column_25 Column_26 Column_27 Column_28 Column_29 Column_30 Column_31 Column_32 Column_33 Column_34 Column_35 Column_36 Column_37 Column_38 Column_39 Column_40 Column_41 Column_42 Column_43 Column_44 Column_45 Column_46 Column_47 Column_48 Column_49 Column_50
feature_infos=[-72:105.5] [-17:123] [0:805] [5:810] [0:149] [-390:24] [-27.771428571428569:57.771428571428565] [-25.715394566623541:152.57142857142856] [-47.021081576535288:77.502380688738796] [0:37.607138617555044] [0:52.993599296122774] [0:143] [0:148.5] [0:130] [0:125] [-89:92] [0:166] [0:11.066666666666666] [10:195] [-113.00000000000001:12.072727272727272] [-54:97.597633136094672] [-82.039498644986452:57.290560881653995] [54.5:95] [54.5:95] none [0:17] none [46.5:89.5] [17.375:78.5] [1.875:34.75] [1.2499999999999969:351.25] [2:8] [1:7] [0:9] [0:9.25] [0:177.5] [0:100] [0:100] [0:5] [0:6] [0:999] [0:29] [-36:92.5] [-36:92.5] [0:166] [-0.9999994220246925:0.99998555065071859] [-0.99997919295908233:0.9999907524084426] [1:12] [-7.8135346737800209:1.9068825838954315] [54.735340191163012:95.412793109266914] [-36.823411758417393:92.370124292500762]
tree_sizes=4189 4115 4389 4366 4133 4311 4220 4224 4224 4302 4378 4303 4466 4376 4406 4161 4570 4307 4228 4569 4308 4328 4343 4326 4405 4072 4422 4175 4096 4155 4175 4232 4403 4352 4351 4330 4504 4524 4616 4253 4422 4444 4469 4535 4517 4465 4608 4450 4505 4527 4282 4353 4432 4367 4278 4522 4459 4289 4364 4370 4535 4262 4485 4388 4041 4347 4317

Tree=0
num_leaves=50
num_cat=0
split_feature=50 8 20 42 31 50 50 19 8 4 0 42 50 4 4 30 8 50 30 11 47 50 4 4 10 20 30 50 8 18 36 50 19 35 31 19 35 21 42 40 34 19 45 0 31 40 6 27 45
split_gain=2680.42 558.967 448.732 407.786 228.192 186.449 182.222 117.061 91.6113 68.1405 62.2551 57.7929 52.5123 45.4072 44.7486 44.6951 33.2593 32.3463 30.213 29.0928 27.8344 26.0972 25.1475 18.7955 17.7802 17.3723 12.9856 11.9761 10.5002 10.0833 9.5029 9.34024 8.9398 7.00213 6.8926 6.17253 5.91851 5.05826 4.59109 3.84265 4.22523 3.61011 3.3418 4.89354 3.02113 2.3945 2.20256 1.5391 1.28044
threshold=3.3280458421011123 1.5365217391304349 1.0518713444303283 0.75000000000000011 6.5000000000000009 4.9575011044086077 0.87613210253913121 1.8359046994171291 1.5834782608695654 0.62500000000000011 84.250000000000014 1.7500000000000002 5.8594938975876412 1.7500000000000002 1.2500000000000002 171.87500000000003 1.2748681758537421 1.4995650847104474 169.37500000000003 1.0084745762711835 5.5000000000000009 2.0509683534521348 1.0000000180025095e-35 1.0000000180025095e-35 2.0305344756063222 -0.12744360902255639 183.12500000000003 2.0722736535039137 -0.29110892954795509 122.50000000000001 12.500000000000002 0.11926723307965405 1.8737879180710395 8.7500000000000018 6.5000000000000009 2.1523326572008119 8.7500000000000018 0.75855889208830274 -1.2499999999999998 30.500000000000004 0.87500000000000011 1.6152033793596317 0.59868201182722736 81.250000000000014 6.5000000000000009 52.500000000000007 1.21764705882353 81.187500000000014 0.55656748448714433
decision_type=2 2 2 2 2 2 2 2 2 2 2 2 2 2 2 2 2 2 2 2 2 2 2 2 2 2 2 2 2 2 2 2 2 2 2 2 2 2 2 2 2 2 2 2 2 2 2 2 2
left_child=1 6 12 9 8 -6 13 17 -4 15 16 19 14 22 -2 24 21 -5 23 -9 -13 28 36 -12 34 -23 30 39 -8 -11 31 46 -27 37 -3 -33 47 48 -15 -25 -41 45 43 -40 -43 -32 -24 -1 -30
right_child=2 3 4 7 5 -7 10 11 -10 29 18 20 -14 38 -16 -17 -18 -19 -20 -21 -22 25 26 27 -26 32 -28 -29 33 -31 41 35 -34 -35 -36 -37 -38 -39 42 40 -42 44 -44 -45 -46 -47 -48 -49 -50
leaf_value=1.3633614693472222 1.4386880663109185 1.3603126888594173 1.4492271117342788 1.3823342355076524 1.5021759870948526 1.5977436917448706 1.3431306269186865 1.452921951843652 1.5148381991719979 1.3498956597842093 1.4027050278735953 1.4889129081758776 1.467248803562831 1.330407381714652 1.3913659210363336 1.4178595402020846 1.3992615698975766 1.4211447442701977 1.4200265788386854 1.413580458637729 1.4495277901455113 1.3617700504653574 1.3473369134446205 1.366940159085599 1.3962672287326052 1.3776074009097448 1.3736902525211634 1.3973039740476763 1.3484247445657453 1.3710629399313203 1.3478794383661605 1.3491447443339739 1.3987060143420209 1.3743977663300366 1.3800528676200627 1.3679022196351984 1.3848953328010394 1.3690650103328728 1.331603018779284 1.3736600324886921 1.3883152100027323 1.3583999500497095 1.3538449167109752 1.3477072838149908 1.3705115396585115 1.3603289329882049 1.3357066490785059 1.3737216153279719 1.3590129798598629
leaf_weight=81 122 81 127 86 106 107 84 88 95 155 140 104 80 103 84 111 89 140 80 103 90 104 134 80 114 113 96 88 84 94 90 105 89 103 101 85 84 85 100 113 88 117 82 134 110 102 107 83 84
leaf_count=81 122 81 127 86 106 107 84 88 95 155 140 104 80 103 84 111 89 140 80 103 90 104 134 80 114 113 96 88 84 94 90 105 89 103 101 85 84 85 100 113 88 117 82 134 110 102 107 83 84
internal_value=1.39314 1.37779 1.48189 1.40568 1.51384 1.55092 1.36615 1.43504 1.47772 1.37831 1.3792 1.45178 1.43305 1.35465 1.41948 1.39094 1.37043 1.40639 1.39166 1.43192 1.47102 1.36699 1.35968 1.38715 1.38079 1.37827 1.35595 1.38124 1.35919 1.35777 1.35397 1.34865 1.38688 1.36311 1.37114 1.35736 1.37397 1.3586 1.34044 1.37622 1.38002 1.35955 1.3439 1.34059 1.36414 1.35429 1.34196 1.36846 1.35349
internal_weight=0 4304 721 1267 435 213 3037 611 222 656 1424 385 286 1613 206 407 835 226 589 191 194 746 1194 509 296 306 946 369 440 249 850 431 202 356 182 190 248 253 419 281 201 419 316 234 227 192 241 164 168
internal_count=5025 4304 721 1267 435 213 3037 611 222 656 1424 385 286 1613 206 407 835 226 589 191 194 746 1194 509 296 306 946 369 440 249 850 431 202 356 182 190 248 253 419 281 201 419 316 234 227 192 241 164 168
is_linear=0
shrinkage=1


Tree=1
num_leaves=46
num_cat=0
split_feature=50 8 20 50 42 8 50 50 42 4 4 19 19 30 4 0 18 11 50 19 4 30 10 30 0 4 40 50 50 30 2 9 6 30 40 29 50 2 37 42 19 36 9 6 2
split_gain=2405.94 496.691 439.549 353.724 231.229 236.224 168.957 90.6885 88.739 73.4302 70.2734 68.3159 54.9804 50.0372 47.1564 32.1625 31.6268 29.1623 26.1475 28.5591 26.0691 30.9264 25.5417 21.3365 18.8595 16.0766 15.9724 15.4179 15.2299 14.6922 12.5042 8.49556 5.36631 4.94421 4.78375 5.184 4.20116 5.03418 3.43981 3.17457 3.12122 2.57388 2.46348 0.627205 0.126225
threshold=3.3280458421011123 1.5365217391304349 1.0518713444303283 1.4995650847104474 8.2500000000000018 1.174053295932679 0.87613210253913121 4.6465747256124539 1.0000000180025095e-35 2.7500000000000004 0.62500000000000011 1.9693105823136785 1.8147250698974842 169.37500000000003 1.0000000180025095e-35 82.250000000000014 117.50000000000001 1.5639534883720965 -1.4058211119608328 1.9210750039726683 1.7500000000000002 195.625 1.917974380397176 163.12500000000006 84.250000000000014 2.7500000000000004 7.5000000000000009 2.0509683534521348 1.5397667691962342 105.62500000000001 667.50000000000011 0.70355339059327393 -0.64285714285714246 79.375000000000028 12.500000000000002 6.6875000000000009 -0.86883020422507673 727.50000000000011 28.500000000000004 -1.0000000180025095e-35 1.5001057082452431 40.500000000000007 0.63660201852143727 -1.6285714285714279 707.50000000000011
decision_type=2 2 2 2 2 2 2 2 2 2 2 2 2 2 2 2 2 2 2 2 2 2 2 2 2 2 2 2 2 2 2 2 2 2 2 2 2 2 2 2 2 2 2 2 2
left_child=1 6 9 8 5 -4 14 -7 18 16 13 -5 -10 24 31 25 -2 -14 -3 -20 21 26 -13 -21 29 27 33 42 -26 -8 -17 -1 -32 -16 43 -36 -28 38 -38 -35 -30 -40 -12 -22 -41
right_child=2 3 4 11 -6 7 10 -9 12 -11 15 22 17 -15 20 30 -18 -19 19 23 34 -23 -24 -25 28 -27 36 -29 40 -31 32 -33 -34 39 35 -37 37 -39 41 44 -42 -43 -44 -45 -46
leaf_value=-0.007599575795671519 0.072172993754298947 -0.040744627549730503 0.025328901287387403 0.026122580974731809 0.19266137432262123 0.092848445475101474 -0.0036038017886526443 0.15343007880449297 -0.012434923328809291 -0.0039247601120560261 -0.041683678790217359 0.045139040935922553 0.043213110921844364 0.033380916490349716 -0.036549214662140249 0.0044680321670096858 0.03221767638243881 0.0094154294858227929 -0.032008935818235384 -0.014159813301788794 -0.051293828895369778 -0.0062579485566117048 0.081126386501820261 0.017392816465525401 -0.010293907844103299 -0.048240212068475528 -0.042630466473538707 -0.01134545403091531 0.0051792968754415161 -0.026594319649868543 -0.023713817550753157 -0.025925107509636683 -0.0081733030449483816 -0.058598125776783985 -0.055207738629829743 -0.038189784573837066 -0.033677445031622406 -0.037888848318746594 -0.015980455236775534 -0.041237538411866788 0.018841099292039871 -0.028215813927534153 -0.029003497928676038 -0.060990787510360994 -0.048685840221054585
leaf_weight=135 102 115 84 158 82 138 135 124 148 80 83 80 123 92 116 91 101 133 130 147 102 85 152 83 129 115 81 113 80 143 136 120 96 87 80 141 92 131 104 85 89 81 100 97 82
leaf_count=135 102 115 84 158 82 138 135 124 148 80 83 80 123 92 116 91 101 133 130 147 102 85 152 83 129 115 81 113 80 143 136 120 96 87 80 141 92 131 104 85 89 81 100 97 82
internal_value=0 -0.0140896 0.0851554 0.0121537 0.117083 0.0986676 -0.0251137 0.121995 -0.00543967 0.0366272 -0.012394 0.0517189 0.0117711 -0.000655097 -0.036114 -0.023062 0.0525491 0.0257591 -0.0200719 -0.0133735 -0.0398053 -0.0351102 0.0689639 -0.00274743 -0.00613984 -0.0323302 -0.0379546 -0.0260073 0.00259871 -0.0154828 -0.0112054 -0.0162909 -0.0173459 -0.0458767 -0.0502497 -0.0445711 -0.0318789 -0.0296454 -0.0256246 -0.0499764 0.0124425 -0.0214605 -0.0349499 -0.0563018 -0.0451628
internal_weight=0 4290 711 1269 428 346 3021 262 879 283 1402 390 404 668 1619 734 203 256 475 360 1364 944 232 230 576 411 859 296 298 278 323 255 232 370 420 221 489 408 277 254 169 185 183 199 167
internal_count=5001 4290 711 1269 428 346 3021 262 879 283 1402 390 404 668 1619 734 203 256 475 360 1364 944 232 230 576 411 859 296 298 278 323 255 232 370 420 221 489 408 277 254 169 185 183 199 167
is_linear=0
shrinkage=0.05


Tree=2
num_leaves=49
num_cat=0
split_feature=42 42 8 8 42 30 42 42 28 4 16 20 4 4 19 0 29 21 46 45 43 4 30 30 46 19 42 45 48 29 8 7 42 42 3 7 20 30 21 46 37 19 30 1 29 29 13 48
split_gain=2090.27 601.242 517.604 390.052 311.049 145.42 138.182 107.011 70.4827 70.062 68.771 57.3472 55.2931 41.9402 41.456 34.8517 29.0815 26.4263 24.2399 23.5171 21.2817 21.2394 16.7218 16.5307 15.2352 14.8746 14.5453 13.3851 11.1856 10.6614 9.90854 9.80925 9.42163 8.94997 8.12227 7.71085 7.57751 6.81586 6.77132 6.44674 5.98468 4.69129 3.97883 3.33903 2.57491 1.99219 1.95347 0.798866
threshold=3.2500000000000004 8.2500000000000018 1.1112704686617731 1.5365217391304349 0.75000000000000011 179.37500000000003 0.75000000000000011 4.7500000000000009 61.312500000000007 1.0000000180025095e-35 11.250000000000002 0.024241608438674005 0.62500000000000011 0.62500000000000011 1.8976056822087297 84.250000000000014 6.6875000000000009 0.38768779821410965 0.2499757677084001 0.091259403071267925 2.2500000000000004 1.0000000180025095e-35 165.62500000000006 170.62500000000003 -0.082691941062253513 1.9090620031796504 -1.0000000180025095e-35 0.24372619187392155 0.1179402966425825 8.3125000000000018 -0.041848586196412178 1.6153846153846156 -0.74999999999999989 1.7500000000000002 17.500000000000004 0.92517482517482541 -1.3699248120300747 141.87500000000006 0.53426560103228848 0.19969739736768838 12.500000000000002 1.6357642357642359 98.125000000000014 88.250000000000014 8.4375000000000018 8.1875000000000018 28.500000000000004 -0.11100550028753102
decision_type=2 2 2 2 2 2 2 2 2 2 2 2 2 2 2 2 2 2 2 2 2 2 2 2 2 2 2 2 2 2 2 2 2 2 2 2 2 2 2 2 2 2 2 2 2 2 2 2
left_child=3 2 11 6 12 8 13 10 -6 16 -4 -2 14 26 -5 20 -8 -13 32 -7 27 -10 33 38 -18 -22 39 30 46 37 -11 -23 -15 42 -28 36 -34 -14 -16 -1 -36 -20 -17 -38 -32 -43 -29 -44
right_child=1 -3 7 4 5 19 9 -9 21 15 -12 17 29 18 23 22 24 -19 41 -21 25 31 -24 -25 -26 -27 34 28 -30 -31 44 -33 35 -35 40 -37 43 -39 -40 -41 -42 45 47 -45 -46 -47 -48 -49
leaf_value=-0.023575402973311965 -0.010361687756817917 0.1861199304745311 0.04813285218551755 -0.023018369533411867 0.05472036006904784 0.051117366754714358 0.03086454408324283 0.1319525885167501 0.026207309916163934 -0.051234906972056696 0.10642987885037247 0.014367370186625301 -0.034361436526949812 -0.046602451235607821 0.0092511094087048586 -0.0091195402564583257 0.0096935870345024513 0.051088530106676959 -0.057352130868855648 0.088391991948412962 -0.022225351765996122 -0.010892212162575415 0.012689669430255891 0.025872616530681142 -0.014540173942523618 0.0054600186002107323 -0.029905192520883351 -0.035135021256773098 -0.0088701255544267523 -0.045899133886514093 -0.023960096380289866 0.011238888988182658 -0.036647404519760091 -0.0015809709488442453 -0.022440619766712189 -0.042536642870237666 -0.025637708313163671 -0.013817786574363708 -0.010425909452232315 -0.040988936985914527 -0.0061310130280333684 -0.039721368203143113 -0.026185385183787643 -0.011581002812037307 -0.037172046356967518 -0.05063436042803985 -0.024286855329381359 -0.01838440408548677
leaf_weight=100 144 104 111 153 104 80 91 150 98 98 97 110 81 107 94 90 135 89 169 106 121 123 81 97 123 80 89 94 98 88 84 83 91 131 89 85 86 84 80 129 153 118 80 88 83 116 100 82
leaf_count=100 144 104 111 153 104 80 91 150 98 98 97 110 81 107 94 90 135 89 169 106 121 123 81 97 123 80 89 94 98 88 84 83 91 131 89 85 86 84 80 129 153 118 80 88 83 116 100 82
internal_value=0 0.0744153 0.0576014 -0.0133872 0.00981125 0.0361883 -0.0232451 0.0995706 0.0193975 -0.013015 0.0756986 0.0136346 -0.0133512 -0.034546 -0.00229401 -0.0186545 0.00672824 0.0309637 -0.0414923 0.072719 -0.0252562 0.00717363 -0.00783857 0.00944806 -0.00187125 -0.0112338 -0.0238235 -0.0302872 -0.0227609 -0.0317999 -0.0384636 -0.00196409 -0.0334584 -0.0122018 -0.017034 -0.0293188 -0.0249352 -0.0240491 0.000196324 -0.0335203 -0.0121968 -0.0504973 -0.0176949 -0.0186354 -0.0307087 -0.0453237 -0.0296964 -0.0223738
internal_weight=0 805 701 4262 1271 594 2991 358 408 1571 208 343 677 1420 424 1222 349 199 860 186 758 304 464 271 258 201 560 557 292 253 265 206 457 383 331 350 265 165 174 229 242 403 252 174 167 234 194 162
internal_count=5067 805 701 4262 1271 594 2991 358 408 1571 208 343 677 1420 424 1222 349 199 860 186 758 304 464 271 258 201 560 557 292 253 265 206 457 383 331 350 265 165 174 229 242 403 252 174 167 234 194 162
is_linear=0
shrinkage=0.05


Tree=3
num_leaves=49
num_cat=0
split_feature=50 20 8 42 50 8 50 30 0 4 4 19 46 30 46 0 46 2 30 50 4 10 4 29 21 30 50 4 30 10 46 12 12 2 35 35 46 46 50 29 4 19 2 37 9 19 29 10
split_gain=2000.07 417.084 362.501 288.731 255.223 178.586 120.87 103.115 84.697 62.8686 50.5813 45.3717 43.4341 41.6091 40.1169 39.4042 32.6472 30.8969 28.7495 25.5839 23.5388 22.2496 20.729 19.6326 18.443 17.8804 16.6353 16.0664 14.6264 14.1404 15.9553 11.5628 11.3601 10.5386 9.13858 7.74329 6.42555 6.37859 5.74828 4.45127 4.37506 3.26677 3.09223 2.93222 2.47856 2.35043 2.30218 0.678364
threshold=3.2732456319860437 1.0518713444303283 1.5365217391304349 8.2500000000000018 0.5940582854261437 1.7191304347826091 0.9809633047681886 179.37500000000003 75.250000000000014 1.0000000180025095e-35 2.7500000000000004 2.1523326572008119 0.11478523713130605 173.12500000000003 0.2332836900311728 82.250000000000014 0.029024409397335523 667.50000000000011 160.62500000000006 -0.3053232698534955 3.2500000000000004 1.6923937778759168 1.7500000000000002 6.0625000000000009 0.90110561583951931 156.87500000000006 2.1026498567314751 0.62500000000000011 153.12500000000003 1.3879179162275554 0.080547328232315238 2.5499999999999976 1.5357142857142849 702.50000000000011 8.7500000000000018 6.2500000000000009 -0.12545862287572049 0.82777578779003613 -0.2058089161524492 7.4285750000000013 1.0000000180025095e-35 1.3503099424681957 677.50000000000011 42.500000000000007 0.70355339059327393 1.8040284040284043 8.1875000000000018 1.131751888992971
decision_type=2 2 2 2 2 2 2 2 2 2 2 2 2 2 2 2 2 2 2 2 2 2 2 2 2 2 2 2 2 2 2 2 2 2 2 2 2 2 2 2 2 2 2 2 2 2 2 2
left_child=2 10 6 5 13 17 14 8 -6 29 12 -7 -2 24 22 20 -9 -3 26 -15 28 -10 25 -16 27 33 36 34 37 30 -8 -23 -25 35 -4 -1 45 41 46 -24 -35 -11 -40 44 -42 -17 -34 -44
right_child=1 3 4 -5 7 11 9 16 21 15 -12 -13 -14 19 23 18 -18 -19 -20 -21 -22 31 39 32 -26 -27 -28 -29 -30 -31 -32 -33 38 40 -36 -37 -38 -39 42 -41 43 -43 47 -45 -46 -47 -48 -49
leaf_value=-0.0060949381950090266 0.064147380057532913 0.026431431888062282 -0.015953364365157627 0.18758351899516046 0.06050193865773499 0.091931932362563473 0.015767505883643059 0.084757733504687044 -0.0085828500013824909 -0.029503859439316917 -0.0017982387337191351 0.14495772227872999 0.019560092432158338 -0.010431120559877279 -0.019376747355910773 -0.017352338353792827 0.043496682747237142 0.068927877753512154 0.019915814662263508 0.027433007192320943 -0.050156386636874897 0.025459686782158597 -0.045525958064071677 -0.028642248958349228 -0.035332680912688375 0.0029355560555870152 0.0035029836654663091 -0.028725594268725802 -0.0027052571908349082 0.027233381084648962 -0.011583546246632492 0.0022007216838584548 -0.042969209115992314 -0.016697291680324227 0.0071766365533587582 -0.024324309095448138 -0.029711173063722153 -0.037315852140125477 -0.032534815883691164 -0.030347397638252005 -0.02720570417714643 -0.01682887652965441 -0.04809208609389537 -0.022823509485414714 -0.039479000710305717 -0.0067022199013147023 -0.05464633897030622 -0.039079051137697413
leaf_weight=138 117 80 83 88 92 84 112 83 140 84 86 97 104 97 113 149 123 96 83 81 87 141 93 134 159 80 124 110 83 82 100 86 92 80 86 101 86 94 108 127 90 145 98 100 104 82 177 81
leaf_count=138 117 80 83 88 92 84 112 83 140 84 86 97 104 97 113 149 123 96 83 81 87 141 93 134 159 80 124 110 83 82 100 86 92 80 86 101 86 94 108 127 90 145 98 100 104 82 177 81
internal_value=0 0.0757088 -0.012613 0.106596 0.00967726 0.0861649 -0.0220461 0.0311358 0.0178766 -0.0106036 0.0307362 0.120989 0.0433478 -0.0135012 -0.0307768 -0.0164873 0.0604504 0.0498698 -0.00692039 0.00685618 -0.0266212 0.00705586 -0.0235592 -0.0389437 -0.021771 -0.0192639 -0.0120048 -0.0139438 -0.0214671 0.00973614 0.00287225 0.0166962 -0.0421155 -0.0221611 -0.00421009 -0.0138678 -0.0180629 -0.026265 -0.0453053 -0.0369408 -0.0274098 -0.0215863 -0.0399719 -0.0302583 -0.0339539 -0.013617 -0.0508266 -0.0442533
internal_weight=0 752 4308 445 1281 357 3027 665 459 1311 307 181 221 616 1716 1017 206 176 524 178 493 367 913 803 438 693 441 279 406 294 212 227 690 613 169 239 317 323 556 220 374 229 287 294 194 231 269 179
internal_count=5060 752 4308 445 1281 357 3027 665 459 1311 307 181 221 616 1716 1017 206 176 524 178 493 367 913 803 438 693 441 279 406 294 212 227 690 613 169 239 317 323 556 220 374 229 287 294 194 231 269 179
is_linear=0
shrinkage=0.05


Tree=4
num_leaves=46
num_cat=0
split_feature=50 50 30 20 43 50 20 42 20 16 11 28 3 16 46 45 21 11 34 50 42 29 27 28 42 37 20 29 46 50 20 50 50 37 30 3 20 14 30 46 46 31 2 35 42
split_gain=1879.98 443.413 311.885 299.748 198.533 156.025 111.237 89.7296 85.8107 83.9845 56.018 51.426 49.5135 48.8573 41.5514 37.1916 33.4352 31.2483 29.3984 24.7402 19.5637 18.734 18.5703 17.2497 16.216 13.7674 13.5936 12.8378 9.73379 9.67878 9.6063 7.23777 6.99836 7.46024 5.40987 4.80206 6.13482 5.11247 4.13914 3.85192 3.66901 2.95972 1.40983 0.647454 0.361712
threshold=3.2732456319860437 6.8713033659569769 170.62500000000003 1.3366982442844513 -0.34999999999999992 1.4744761099030941 1.226969696969697 9.2500000000000018 1.1869894811071284 11.250000000000002 1.188492063492067 57.937500000000007 192.50000000000003 13.250000000000002 0.39629089145655322 0.43733377705052551 -0.11886033106632253 1.5639534883720965 1.3750000000000002 -1.5947935216376263 1.0000000180025095e-35 9.0312500000000018 83.937500000000014 70.562500000000014 2.2500000000000004 35.500000000000007 -1.283458646616541 6.9375000000000009 0.47369649395226454 2.2747800656733834 0.90000000000000002 0.48921343144287027 -0.70720494842061032 31.500000000000004 115.00000000000003 17.500000000000004 1.3691526112578745 3.5000000000000004 108.12500000000001 0.36447543099728863 -0.61236746317008228 6.5000000000000009 682.50000000000011 3.035699999999999 -1.2499999999999998
decision_type=2 2 2 2 2 2 2 2 2 2 2 2 2 2 2 2 2 2 2 2 2 2 2 2 2 2 2 2 2 2 2 2 2 2 2 2 2 2 2 2 2 2 2 2 2
left_child=2 3 5 12 19 10 16 -3 22 -5 11 -1 18 24 20 17 -6 -8 -2 -4 32 23 25 -13 -10 29 -22 30 -23 39 -16 42 44 -34 -25 -28 38 -38 40 -7 -37 -35 -29 -44 -12
right_child=1 7 4 9 6 8 15 -9 13 -11 14 21 -14 -15 27 -17 -18 -19 -20 -21 26 28 -24 34 -26 -27 35 31 -30 -31 -32 -33 33 41 -36 36 37 -39 -40 -41 -42 -43 43 -45 -46
leaf_value=0.022853597079714141 0.049984560769337882 0.10800849055998366 -0.045884947636061248 0.068407737062922844 0.02297362353314053 -0.011795273120745575 0.052615793661347457 0.18404053112480609 -0.0041954013648666912 0.12786161445633129 -0.043297059981175418 0.0028495049195272938 -0.007399113960925816 0.047035128202768839 -0.040770865435756393 0.066451455048612648 -0.011927847235978067 0.015240686859773554 0.013097384226949591 -0.011812472654812372 -0.035729113291752969 -0.020958297621536923 0.0026322519736932527 -0.010537694385925006 0.020140048935393659 -0.030978119450931749 -0.02492874236601704 -0.042319070433711151 -0.042938001408446128 -0.0003495196545762675 -0.017717264088846389 -0.034467025294706424 -0.035130068776929903 -0.025855038609159622 -0.027628830548758823 -0.0051362430398491608 0.0037450285697424855 -0.01337295205185288 -0.02543998802701632 -0.026036864449270072 -0.018894961548217556 -0.013466151698451976 -0.056054623940206598 -0.047037943745525473 -0.035725048831203483
leaf_weight=89 129 87 89 144 131 100 111 81 157 107 80 142 102 100 83 147 142 114 94 133 94 142 140 85 120 143 105 110 81 111 104 153 158 113 106 86 80 94 104 95 113 91 93 116 90
leaf_count=89 129 87 89 144 131 100 111 81 157 107 80 142 102 100 83 147 142 114 94 133 94 142 140 85 120 143 105 110 81 111 104 153 158 113 106 86 80 94 104 95 113 91 93 116 90
internal_value=0 0.0742341 -0.0117316 0.0532206 0.0150862 -0.0184191 0.0291135 0.145539 -0.00133929 0.0941594 -0.0249841 -0.0122541 0.0214115 0.0172609 -0.0293731 0.0468645 0.00484247 0.0338303 0.0345636 -0.0256167 -0.0238263 -0.0179048 -0.0132537 -0.0103445 0.00638156 -0.0182019 -0.0181328 -0.0394894 -0.029098 -0.0121499 -0.0281121 -0.0439279 -0.0310133 -0.0269202 -0.0201173 -0.0152343 -0.0130526 -0.00552619 -0.0173424 -0.0188309 -0.0130044 -0.0204213 -0.0483437 -0.051298 -0.0395207
internal_weight=0 744 4345 576 867 3478 645 168 966 251 2512 645 325 377 1867 372 273 225 223 222 1208 556 589 333 277 449 676 659 223 306 187 472 532 362 191 582 477 174 303 195 199 204 319 209 170
internal_count=5089 744 4345 576 867 3478 645 168 966 251 2512 645 325 377 1867 372 273 225 223 222 1208 556 589 333 277 449 676 659 223 306 187 472 532 362 191 582 477 174 303 195 199 204 319 209 170
is_linear=0
shrinkage=0.05


Tree=5
num_leaves=48
num_cat=0
split_feature=50 8 20 42 42 8 4 45 10 43 7 46 14 50 50 50 6 42 46 14 8 46 4 46 9 4 49 3 4 36 12 48 50 48 4 48 4 10 13 36 29 41 50 29 48 45 50
split_gain=1804.77 361.873 336.457 228.095 168.483 163.596 122.829 71.0727 59.5586 50.6753 41.8846 50.2691 40.1461 37.5246 36.952 34.4085 33.7113 32.4524 27.8576 25.5359 23.6897 17.8609 17.4159 16.052 13.7962 13.7271 15.0214 12.5264 12.1138 8.74472 8.585 7.86805 7.70419 7.54786 6.95871 6.03222 5.84289 6.45863 5.78271 5.71615 5.63673 5.25312 4.92422 3.72713 3.47385 1.78304 0.529703
threshold=3.2732456319860437 1.7994190268700072 1.0518713444303283 0.75000000000000011 8.2500000000000018 1.7347826086956524 0.62500000000000011 0.12545942051955489 1.5166376561036297 1.2500000000000002 -0.27272727272727254 0.11478523713130605 2.5000000000000004 0.88781491098161791 1.5397667691962342 0.033390225072928111 0.68571428571428628 4.7500000000000009 0.2499757677084001 2.5000000000000004 1.1869565217391307 0.26659387353423869 0.62500000000000011 -0.29342786347392819 0.72019365235355937 3.2500000000000004 86.852105981890091 67.500000000000014 2.7500000000000004 6.5000000000000009 1.5357142857142849 -0.24399792195516498 0.9809633047681886 0.24967229052407927 1.0000000180025095e-35 -0.16734241459810498 2.7500000000000004 1.5116573282773487 30.500000000000004 13.500000000000002 8.0625000000000018 3.5000000000000004 0.07181344507002764 9.8125000000000018 -0.55868678592246745 0.54219432480460406 0.17531034265668669
decision_type=2 2 2 2 2 2 2 2 2 2 2 2 2 2 2 2 2 2 2 2 2 2 2 2 2 2 2 2 2 2 2 2 2 2 2 2 2 2 2 2 2 2 2 2 2 2 2
left_child=1 6 10 15 5 16 8 19 14 18 -2 -12 -9 24 21 22 -4 -7 28 -5 25 27 39 34 -10 26 31 35 32 -15 -23 -11 33 41 -16 44 37 45 -32 -3 -25 42 -8 -37 -1 46 -20
right_child=2 3 4 7 -6 17 9 12 13 20 11 -13 -14 29 23 -17 -18 -19 36 -21 -22 30 -24 40 -26 -27 -28 -29 -30 -31 38 -33 -34 -35 -36 43 -38 -39 -40 -41 -42 -43 -44 -45 -46 -47 -48
leaf_value=-0.018057234961735575 0.00028255646936146609 0.0017441773741710478 0.027216008970635419 0.035855993193335239 0.16183526448989183 0.094325223459186508 -0.032200059355274445 0.077438305604916366 0.0056297850734162557 -0.031610859725354372 0.064215285585731516 0.01461625700035403 0.035765472372758733 0.036011150391662826 0.020827538582933958 0.011581890902494731 0.071635267581968073 0.13840115879448281 -0.047598050950677852 0.00015713737069905461 0.0072012263171850367 -0.015923131932504477 -0.03269103748246658 -0.00045876625970185523 -0.020354628600940415 -0.036247055717515499 -0.0038829731941223151 0.00041278229437322701 -0.040632988061876069 0.014293619783388245 -0.026602757820749987 -0.013698511898260693 -0.0086320850032347227 -0.035986078035784887 0.00022437883222975382 -0.018155830885682785 -0.053194497770392424 -0.028240453326596623 -0.042619893693111165 -0.016027387187761418 -0.017591454294221154 -0.010798710115839926 -0.01695869078530985 -0.032478334193720537 -0.003902766808140569 -0.035375494202194012 -0.04030389310244252
leaf_weight=94 82 81 91 112 88 101 122 142 106 137 116 92 102 84 82 145 83 92 162 90 93 95 120 82 97 105 159 116 123 107 135 115 80 127 81 111 101 112 109 101 115 88 101 84 81 91 101
leaf_count=94 82 81 91 112 88 101 122 142 106 137 116 92 102 84 82 145 83 92 162 90 93 95 120 82 97 105 159 116 123 107 135 115 80 127 81 111 101 112 109 101 115 88 101 84 81 91 101
internal_value=0 -0.0114551 0.0728056 0.0168536 0.0995988 0.0842764 -0.0189019 0.0421108 -0.00869327 -0.0277636 0.0305703 0.0424522 0.0602348 0.00813239 -0.0142898 -0.00838489 0.0486928 0.115941 -0.0336943 0.0200297 -0.0159637 -0.0201163 -0.0179782 -0.000918564 -0.00682533 -0.0201447 -0.0159529 -0.0139246 -0.0264726 0.0239826 -0.0289258 -0.023523 -0.0230383 -0.025644 0.010653 -0.0184086 -0.0417976 -0.0392188 -0.0339027 -0.00815175 -0.0104984 -0.0213188 -0.0254035 -0.0244598 -0.0115651 -0.0426029 -0.0449601
internal_weight=0 4289 745 893 455 367 3396 446 1579 1817 290 208 244 394 1185 447 174 193 1208 202 609 825 302 360 203 516 411 486 641 191 339 252 518 438 163 370 567 466 244 182 197 311 223 195 175 354 263
internal_count=5034 4289 745 893 455 367 3396 446 1579 1817 290 208 244 394 1185 447 174 193 1208 202 609 825 302 360 203 516 411 486 641 191 339 252 518 438 163 370 567 466 244 182 197 311 223 195 175 354 263
is_linear=0
shrinkage=0.05


Tree=6
num_leaves=47
num_cat=0
split_feature=50 8 20 50 50 31 17 4 50 42 12 4 46 16 37 50 29 35 45 14 46 4 20 0 46 50 4 45 6 9 29 8 50 9 33 50 42 40 2 5 9 21 45 35 29 48
split_gain=1526.29 350.705 271.442 248.093 198.685 138.175 118.835 101.198 57.4814 50.1572 47.1515 43.8534 37.3305 34.8078 26.5471 24.9122 22.8666 22.7415 22.6325 20.3394 19.6366 18.0682 17.8619 17.1243 15.1904 9.71366 9.44672 9.56719 8.94359 10.1836 8.8328 8.52309 6.4405 5.90487 5.25275 4.68014 4.39612 4.33599 8.81519 7.42855 3.405 3.18694 3.14528 2.92561 0.648955 0.544234
threshold=3.3280458421011123 1.5365217391304349 0.67617995814926768 1.4320139195430104 5.1115938189515058 6.5000000000000009 0.85449735449735453 1.0000000180025095e-35 0.87613210253913121 1.0000000180025095e-35 1.0370879120879126 2.7500000000000004 0.2332836900311728 10.500000000000002 62.500000000000007 2.1026498567314751 7.0625000000000009 8.7500000000000018 0.42179998225932674 2.5000000000000004 0.1318557721318592 0.62500000000000011 2.168136557610242 84.250000000000014 0.11478523713130605 -0.3053232698534955 0.62500000000000011 0.21022171450811275 0.68571428571428628 0.61862036604191917 8.1875000000000018 0.50217391304347825 1.1781144626336302 0.63660201852143727 0.54164999999999719 0.99613463320631024 -0.74999999999999989 72.500000000000014 727.50000000000011 1.0000000180025095e-35 0.4989647988659846 -0.025767054111717865 0.52766072109828632 11.250000000000002 10.187500000000002 -0.11647019689047321
decision_type=2 2 2 2 2 2 2 2 2 2 2 2 2 2 2 2 2 2 2 2 2 2 2 2 2 2 2 2 2 2 2 2 2 2 2 2 2 2 2 2 2 2 2 2 2 2
left_child=1 7 11 9 6 -6 -4 16 20 17 -11 12 -2 -5 15 23 32 25 -12 22 33 -19 -15 26 35 -3 -10 -28 29 -17 31 -22 -1 40 -25 -18 -32 38 39 41 -9 -35 44 -33 -38 -26
right_child=2 3 4 13 5 -7 -8 8 14 10 18 -13 -14 19 -16 28 24 21 -20 -21 30 -23 -24 34 45 -27 27 -29 -30 -31 36 43 -34 37 -36 -37 42 -39 -40 -41 -42 -43 -44 -45 -46 -47
leaf_value=0.0052622517368879664 0.06175247687388883 -0.03462568987160921 0.02980643289841034 0.019325259379718615 0.084463855897488657 0.16320787747935939 0.098421697890591048 -0.02370730514327685 -0.012630163268025581 0.033628050791043224 -0.014833202236331999 -0.0061370832684599329 0.014072832524960424 0.047046439892169341 -0.035681698544250504 0.0060906442999839787 -0.0058079616607804056 0.0061318207751302166 0.014874754539717025 0.034761630063471591 -0.04282246025927041 -0.021727006089814167 0.079012340256436317 -0.015328715334793457 -0.015333312225562555 -0.012556504311017049 -0.040367265079231537 -0.021106065200591412 0.011478673659551603 -0.017260945617006376 -0.048768255032750001 -0.029144976813663809 0.025100828617452137 -0.032089910961010236 -0.0021014944215615593 0.0084892408355422642 -0.045185769002207304 -0.035873643256539155 -0.03694500222585155 -0.007000412614572616 -0.0099159446123399247 -0.017803630913481302 -0.028155835391378697 -0.016855850845406001 -0.036802200373262171 -0.021827290832628438
leaf_weight=82 85 139 153 114 121 110 108 89 115 131 159 80 80 102 142 84 113 152 106 114 91 93 87 151 80 80 121 147 103 103 147 128 82 87 149 114 87 120 102 83 94 80 80 87 99 80
leaf_count=82 85 139 153 114 121 110 108 89 115 131 159 80 80 102 142 84 113 152 106 114 91 93 87 151 80 80 121 147 103 103 147 128 82 87 149 114 87 120 102 83 94 80 80 87 99 80
internal_value=0 -0.010474 0.0673338 0.011508 0.0887197 0.122503 0.0584662 -0.0197086 -0.0239993 -0.00384629 0.00921206 0.0242013 0.0388591 0.0431073 -0.015542 -0.0125692 -0.00031833 -0.0149868 -0.00293877 0.051962 -0.0308461 -0.0044885 0.0620993 -0.017776 -0.00694808 -0.0266576 -0.024775 -0.0299201 -0.000287462 -0.00679486 -0.03658 -0.029911 0.0152735 -0.0245057 -0.008788 0.00137787 -0.0414369 -0.0274843 -0.0245308 -0.0193388 -0.0167156 -0.0253929 -0.0372179 -0.0242732 -0.0409442 -0.0186957
internal_weight=0 4317 737 1277 492 231 261 3040 2489 860 396 245 165 417 1115 973 551 464 265 303 1374 245 189 683 387 219 383 268 290 187 719 306 164 655 300 227 413 472 352 250 183 167 266 215 186 160
internal_count=5054 4317 737 1277 492 231 261 3040 2489 860 396 245 165 417 1115 973 551 464 265 303 1374 245 189 683 387 219 383 268 290 187 719 306 164 655 300 227 413 472 352 250 183 167 266 215 186 160
is_linear=0
shrinkage=0.05


Tree=7
num_leaves=47
num_cat=0
split_feature=50 8 42 42 8 50 10 46 43 19 14 4 4 46 37 1 45 50 35 14 46 35 4 42 7 19 27 4 50 35 2 19 7 18 8 19 10 21 33 1 45 46 17 7 10 7
split_gain=1442.37 381.448 311.192 270.652 207.253 111.682 85.3246 63.5834 61.1088 52.278 51.1385 41.8068 41.496 32.2893 31.0837 30.5272 27.2929 20.8757 20.7346 20.3208 19.7691 17.6244 15.7936 15.5514 13.4313 10.5996 10.5713 9.53737 9.3074 8.01074 7.7547 9.79936 8.08504 6.74675 6.65054 6.00599 5.44787 4.84653 6.43713 4.78367 4.6944 4.59046 4.11095 2.55657 1.18265 0.340849
threshold=4.2823454033010231 1.5365217391304349 1.7500000000000002 9.2500000000000018 1.5834782608695654 1.4744761099030941 1.5951072541767612 0.26659387353423869 0.28125000000000006 2.2542077117928518 4.5000000000000009 1.0000000180025095e-35 1.0000000180025095e-35 0.53312596302726967 66.500000000000014 81.500000000000014 0.10837544681456425 3.1608816403877218 8.7500000000000018 2.5000000000000004 -0.082691941062253513 18.750000000000004 0.62500000000000011 -0.74999999999999989 1.363636363636364 1.592559116669924 82.687500000000014 2.7500000000000004 0.24459688492576961 8.7500000000000018 702.50000000000011 1.6880131362889983 0.92517482517482541 127.50000000000001 0.68608695652173923 1.1292013818329609 1.0927298892278652 0.90110561583951931 1.1250000000000002 88.250000000000014 0.35846314187849709 -0.074115882986646633 0.83602150537634423 -4.8911923462506886e-17 1.4018062483443783 0.24150581752294822
decision_type=2 2 2 2 2 2 2 2 2 2 2 2 2 2 2 2 2 2 2 2 2 2 2 2 2 2 2 2 2 2 2 2 2 2 2 2 2 2 2 2 2 2 2 2 2 2
left_child=1 5 8 4 7 12 -4 15 18 24 16 20 29 23 17 -2 -8 21 33 -11 -7 26 -20 44 -10 45 36 30 40 41 37 35 -33 -3 -30 -32 43 38 42 -28 -27 -1 -25 -13 -14 -15
right_child=3 2 6 -5 -6 11 10 -9 9 19 -12 14 13 25 -16 -17 -18 -19 22 -21 -22 -23 -24 27 -26 28 39 -29 34 -31 31 32 -34 -35 -36 -37 -38 -39 -40 -41 -42 -43 -44 -45 -46 -47
leaf_value=-0.0057522216706343415 0.080219549604927207 -0.031977494538044764 0.0043291291588617642 0.16800736324102791 0.1170967594717405 0.027759938014223596 0.05300327793894602 0.0065413154519932439 -0.02036173631377677 0.038012082314794998 0.030412469400423709 -0.017281380580899158 -0.030222956982977462 -0.046727366722536405 -0.035454726196599728 0.036111774359956203 0.087469311317671911 0.013985449820756913 0.0054674153667201037 0.0077796064740554855 7.8193253049483672e-05 0.010224999671744318 -0.020057565384373376 -0.012701429553329946 0.0038496006508262795 -0.04127360808184255 0.00391926183924079 -0.031678621562582158 -0.030434734985465187 0.0018002451411378918 -0.019093841298395753 -0.0038006042113952472 -0.022632475348253703 -0.014261334253254758 -0.010907101161068395 -0.034881449469189717 -0.010862155386538648 -0.00033315490977263744 -0.003699662730408212 -0.012274212248268582 -0.026066158063350671 -0.019932629418326544 -0.027987145783290979 -0.029742712534890317 -0.039792477614468053 -0.039807612808220386
leaf_weight=105 82 138 86 80 134 128 111 91 93 156 106 80 98 133 98 80 137 114 158 87 129 96 97 99 146 176 99 125 95 133 116 113 115 92 83 137 133 80 95 83 82 127 83 100 83 101
leaf_count=105 82 138 86 80 134 128 111 91 93 156 106 80 98 133 98 80 137 114 158 87 129 96 97 99 146 176 99 125 95 133 116 113 115 92 83 137 133 80 95 83 82 127 83 100 83 101
internal_value=0 -0.00747289 0.0142577 0.0846191 0.0669926 -0.016914 0.0490655 0.0400987 -0.00161478 0.0109822 0.0598909 -0.00359765 -0.0233872 -0.0264817 -0.00921431 0.0587931 0.0723178 -0.00552166 -0.0141307 0.0272644 0.0139194 -0.00930172 -0.00428251 -0.0213412 -0.00561713 -0.0352141 -0.0131017 -0.0187769 -0.0304505 -0.00797781 -0.016817 -0.0209673 -0.0133565 -0.0249834 -0.021441 -0.0277465 -0.0186603 -0.0111822 -0.014303 -0.00349239 -0.0365595 -0.013567 -0.0197872 -0.0243304 -0.0348057 -0.0439227
internal_weight=0 4646 1407 467 387 3239 440 253 967 482 354 1060 2179 1814 803 162 248 705 485 243 257 591 255 1144 239 670 495 963 436 365 838 481 228 230 178 253 313 357 277 182 258 232 182 180 181 234
internal_count=5113 4646 1407 467 387 3239 440 253 967 482 354 1060 2179 1814 803 162 248 705 485 243 257 591 255 1144 239 670 495 963 436 365 838 481 228 230 178 253 313 357 277 182 258 232 182 180 181 234
is_linear=0
shrinkage=0.05


Tree=8
num_leaves=47
num_cat=0
split_feature=50 8 42 8 50 4 30 46 4 19 42 50 50 28 4 3 21 30 4 10 30 46 30 46 42 49 50 50 10 50 27 4 30 9 46 2 46 19 42 30 19 2 29 46 18 33
split_gain=1119.28 235.185 223.224 298.492 181.642 69.8841 60.5993 49.7178 55.4007 48.6212 51.3257 45.2923 38.9945 35.0082 32.3986 26.9141 25.6314 25.0533 24.9561 28.3614 20.1509 17.4102 18.9108 15.3777 14.8009 14.6136 10.1621 9.73622 8.09978 8.03253 8.92495 7.69902 8.42226 6.4952 6.33084 6.31031 5.0567 4.73474 4.31423 4.6507 4.06948 3.87354 5.02206 2.87238 3.16696 1.32097
threshold=3.2732456319860437 1.5365217391304349 9.2500000000000018 1.7660869565217394 1.4320139195430104 1.0000000180025095e-35 179.37500000000003 0.26659387353423869 1.7500000000000002 1.8147250698974842 0.75000000000000011 0.83974494261531885 4.7520337657867566 61.687500000000007 0.62500000000000011 102.50000000000001 0.63623469623468776 159.37500000000006 3.7500000000000004 1.5238585621733911 115.00000000000003 0.29958852271690523 175.62500000000003 0.36447543099728863 1.7500000000000002 86.852105981890091 0.15867528786654364 2.0722736535039137 1.5883204893621297 1.8927389391561251 78.187500000000014 2.1250000000000004 136.87500000000006 0.8228263892582881 0.82777578779003613 707.50000000000011 0.14888728888808328 1.6561232459599067 -1.0000000180025095e-35 102.81250000000001 1.8860578829126473 707.50000000000011 8.1875000000000018 -0.82413948779581736 87.500000000000014 0.54164999999999719
decision_type=2 2 2 2 2 2 2 2 2 2 2 2 2 2 2 2 2 2 2 2 2 2 2 2 2 2 2 2 2 2 2 2 2 2 2 2 2 2 2 2 2 2 2 2 2 2
left_child=1 5 3 7 9 17 13 8 20 26 14 21 -5 -6 16 -9 -11 23 19 25 -2 22 28 24 35 29 -3 40 41 36 -31 32 38 -15 -25 -1 -13 -38 -23 -40 45 42 -7 -43 -45 -27
right_child=2 4 -4 12 6 11 -8 15 -10 10 -12 18 -14 33 -16 -17 -18 -19 -20 -21 -22 31 -24 34 -26 27 -28 -29 -30 30 -32 -33 -34 -35 -36 -37 37 -39 39 -41 -42 43 -44 44 -46 -47
leaf_value=0.000889575507557183 0.034294082864277785 -0.029764081624961355 0.13450703891339127 0.075598689038744282 0.048626432122370923 -0.026382935858435104 0.062733049766050986 0.024036316255130519 0.0046687937792270415 0.020962619797929245 0.030010822468570304 -0.015329741960626909 0.12110996477409651 0.0012565021034119264 -0.022851410791089266 -0.015101259838168821 -0.0097992356618245447 0.02370149953881415 -0.035201664338068615 0.0085484031073160879 0.067317278716055792 -0.041154815865217881 0.00091144723104841924 -0.028581179752026079 0.015512071845104109 -0.021397559119518416 -0.011621611732511949 0.0049455706828406883 -0.036899399588632788 -0.0032042435037770442 -0.024491587724913375 -0.044596037644777424 -0.02017756668800438 0.020048959428876093 -0.0088359823253224886 -0.016170465982017612 -0.038229183491547497 -0.022619516775012019 -0.023461037259131894 -0.038509470014337528 -0.0034899029620858129 -0.017957182405959993 -0.011090474813542467 -0.037342888810154462 -0.023696671729594207 -0.012616814230338181
leaf_weight=113 92 157 80 116 82 89 135 80 92 135 139 86 91 105 157 95 134 81 123 151 101 156 80 80 105 85 155 111 116 111 88 128 147 81 84 103 97 111 133 93 85 83 140 80 112 100
leaf_count=113 92 157 80 116 82 89 135 80 92 135 139 86 91 105 157 95 134 81 123 151 101 156 80 80 105 85 155 111 116 111 88 128 147 81 84 103 97 111 133 93 85 83 140 80 112 100
internal_value=0 -0.0102357 0.0559751 0.0463687 0.00776597 -0.0177389 0.0355072 0.0238333 0.036678 -0.00500761 0.00374384 -0.0213229 0.0960921 0.0216104 -0.00487706 0.00282512 0.00565933 -0.0018671 -0.0139935 -0.0114167 0.0518336 -0.0275086 -0.021958 -0.00617731 0.000198642 -0.0148719 -0.0208169 -0.00748879 -0.0249056 -0.0205509 -0.0126931 -0.0333802 -0.0305873 0.00950376 -0.0185826 -0.00728257 -0.0258086 -0.0300471 -0.03453 -0.0297959 -0.0126001 -0.0220775 -0.0171227 -0.0261265 -0.0295466 -0.0167446
internal_weight=0 4351 747 667 1280 3071 403 460 285 877 565 2505 207 268 426 175 269 566 1148 1025 193 1357 700 485 321 874 312 381 620 493 199 657 529 186 164 216 294 208 382 226 270 504 229 275 192 185
internal_count=5098 4351 747 667 1280 3071 403 460 285 877 565 2505 207 268 426 175 269 566 1148 1025 193 1357 700 485 321 874 312 381 620 493 199 657 529 186 164 216 294 208 382 226 270 504 229 275 192 185
is_linear=0
shrinkage=0.05


Tree=9
num_leaves=48
num_cat=0
split_feature=50 50 8 30 36 42 4 8 42 19 4 37 8 4 50 46 49 19 8 8 35 46 46 36 9 36 27 14 14 45 19 19 11 8 2 50 4 27 0 2 35 49 28 17 16 30 30
split_gain=1000.18 312.614 212.404 156.774 134.212 128.144 104.958 93.3624 82.0233 69.1855 64.7373 38.6963 37.1238 35.1816 31.2114 24.2136 23.7787 18.1707 18.1405 17.4807 17.2796 12.4368 11.0099 13.7968 10.7583 10.4804 8.94291 8.13708 7.39493 6.43002 6.07073 5.97628 5.24091 4.88422 4.81574 5.25795 4.65582 4.53522 3.30798 3.00555 2.99676 2.97591 2.97498 2.50247 2.38823 2.37724 0.768593
threshold=4.2823454033010231 2.1692808443592075 1.5208695652173916 169.37500000000003 53.500000000000007 7.2500000000000009 1.7500000000000002 1.233913043478261 -1.0000000180025095e-35 1.7960265776001874 1.0000000180025095e-35 62.500000000000007 2.324347826086957 1.0000000180025095e-35 0.67434145468467233 0.3484035575467645 86.525148557519117 2.1674622990112855 1.9956521739130437 2.0165217391304355 11.250000000000002 0.50370931781787065 0.31595530242620651 33.500000000000007 0.97172020246980384 16.500000000000004 77.531250000000014 1.0000000180025095e-35 1.5000000000000002 0.89404822654372251 2.3537051184110012 2.0236375686496424 1.5639534883720965 1.2965217391304351 727.50000000000011 -0.54682699064501594 0.62500000000000011 82.687500000000014 86.250000000000014 692.50000000000011 8.7500000000000018 82.738967623330453 70.687500000000014 0.87228260869565222 11.250000000000002 106.87500000000001 78.125000000000014
decision_type=2 2 2 2 2 2 2 2 2 2 2 2 2 2 2 2 2 2 2 2 2 2 2 2 2 2 2 2 2 2 2 2 2 2 2 2 2 2 2 2 2 2 2 2 2 2 2
left_child=1 3 11 10 5 7 8 -2 30 -4 18 16 -11 -10 21 -15 17 26 25 22 -18 24 23 29 27 33 -3 -12 -27 31 -5 42 -23 39 35 -29 -24 -37 -25 -1 46 -38 -16 -26 -36 -44 -34
right_child=4 2 9 6 -6 -7 -8 -9 13 12 14 -13 -14 15 19 -17 20 -19 -20 -21 -22 32 36 38 43 28 -28 34 -30 -31 -32 -33 40 -35 44 37 41 -39 -40 -41 -42 -43 45 -45 -46 -47 -48
leaf_value=-0.01221149003696303 0.026596654735505584 -0.0010821892780826447 0.016036839348047029 -0.02029594665502801 0.021820383323965787 0.12711207448318601 -0.028742559555917979 0.09196384342163802 0.052533624543584595 0.049402962278196356 -0.010083252627354785 -0.024868789886863071 0.090659784662800488 0.032716899888675204 -0.0015112525328647259 0.00097196498815901573 0.0079304955647153379 0.016937389854847648 0.015413372724958994 0.0061019947456026624 0.037847902203898831 -0.024263504199149421 -0.014982293764952311 -0.031898206217295451 -0.026900805932719537 0.010391283765582756 -0.023745043285009339 -0.029010313420637864 -0.0073071738993617857 -0.019622448603115461 -0.0010914123720592924 0.0061962026496266212 -0.034060606976371914 -0.0052641262486577039 -0.036033938634726738 -0.023877945095300675 -0.024088796833179951 -0.0092422610052205895 -0.017658296302847921 -0.025526561110239959 -0.02888668574400733 -0.03682004746992186 -0.0069580490061317592 -0.039757872646853258 -0.023495561257004739 -0.019169355795523268 -0.041958566127810626
leaf_weight=85 99 93 102 84 106 124 149 124 128 149 155 115 91 152 85 99 117 80 102 87 82 128 85 91 81 100 81 102 141 100 80 85 81 99 89 89 132 134 83 91 109 82 82 98 84 80 174
leaf_count=85 99 93 102 84 106 124 149 124 128 149 155 115 91 152 85 99 117 80 102 87 82 128 85 91 81 100 81 102 141 100 80 85 81 99 89 89 132 134 83 91 109 82 82 98 84 80 174
internal_value=0 -0.00651839 0.019669 -0.0130941 0.0713192 0.0863338 0.00830415 0.0631926 0.018504 0.0507374 -0.0181421 0.000905982 0.0653574 0.0312624 -0.0219774 0.0202495 0.00748961 -0.00265447 -0.00375697 -0.0152452 0.0203859 -0.0270061 -0.0173019 -0.013389 -0.0232171 -0.00756894 -0.0117075 -0.0201803 4.91775e-05 -0.00856628 -0.0109913 -0.00518718 -0.0333534 -0.0142212 -0.0232965 -0.0195852 -0.0251612 -0.0151639 -0.0252453 -0.0192013 -0.0364747 -0.0291157 -0.00911372 -0.0341216 -0.030116 -0.0130689 -0.0395927
internal_weight=0 4536 910 3626 453 347 692 223 543 342 2934 568 240 379 2316 251 453 254 618 992 199 1324 905 606 832 516 174 653 241 432 164 332 492 275 498 325 299 223 174 176 364 214 247 179 173 162 255
internal_count=4989 4536 910 3626 453 347 692 223 543 342 2934 568 240 379 2316 251 453 254 618 992 199 1324 905 606 832 516 174 653 241 432 164 332 492 275 498 325 299 223 174 176 364 214 247 179 173 162 255
is_linear=0
shrinkage=0.05


Tree=10
num_leaves=49
num_cat=0
split_feature=50 50 8 8 42 50 37 11 45 31 4 10 4 10 50 0 4 21 46 50 45 46 42 46 4 45 50 10 45 4 42 49 45 11 35 8 4 33 40 3 3 12 50 15 21 48 33 21
split_gain=1016.12 233.12 244.185 230.656 164.045 72.9558 64.1308 60.891 42.2848 37.2029 34.4518 32.6264 31.6211 36.3574 28.121 24.0972 23.545 19.8166 17.0107 16.0176 15.0883 12.9899 12.3503 9.21326 8.99301 8.2211 8.16354 7.911 7.09826 6.89255 6.84946 6.76425 6.72685 5.34937 5.26537 4.94607 4.05648 3.87437 3.8463 3.81889 3.72572 4.42838 3.5997 3.46657 2.08306 2.0066 1.57655 1.14912
threshold=3.38230369970475 6.8713033659569769 1.5834782608695654 1.5365217391304349 0.75000000000000011 0.88781491098161791 66.500000000000014 1.0084745762711835 0.49812943072827093 6.5000000000000009 0.62500000000000011 1.7659108841139022 0.62500000000000011 1.4540276491294899 1.7434341402204938 82.750000000000014 1.7500000000000002 0.62375612892855525 0.29958852271690523 -0.3053232698534955 0.091259403071267925 0.2332836900311728 1.7500000000000002 -0.091258822863740666 4.2500000000000009 -0.16799356919963607 2.0509683534521348 1.5613726544671587 1.0000000180025095e-35 1.0000000180025095e-35 2.2500000000000004 89.776471112997186 0.14250626876356556 1.5639534883720965 8.7500000000000018 1.9956521739130437 3.2500000000000004 0.95835000000000303 34.500000000000007 42.500000000000007 22.500000000000004 2.5499999999999976 2.1471850759810356 78.250000000000014 -0.21379908055686767 -0.39684465883595316 0.54164999999999719 0.83268301746561957
decision_type=2 2 2 2 2 2 2 2 2 2 2 2 2 2 2 2 2 2 2 2 2 2 2 2 2 2 2 2 2 2 2 2 2 2 2 2 2 2 2 2 2 2 2 2 2 2 2 2
left_child=3 2 6 5 10 16 18 11 -4 -3 17 -6 13 23 20 24 21 19 -2 -5 -9 29 -13 30 26 37 32 33 -16 -1 31 -7 -14 -23 -12 -19 38 -17 44 -35 47 43 46 -42 -18 -41 -25 -31
right_child=1 9 8 4 7 12 -8 14 -10 -11 34 22 15 -15 28 25 36 35 -20 -21 -22 27 -24 42 -26 -27 -28 -29 -30 40 -32 -33 -34 39 -36 -37 -38 -39 -40 45 41 -43 -44 -45 -46 -47 -48 -49
leaf_value=-0.0049178075644519779 0.037451908553575546 0.081767475569949441 0.062229075845222449 -0.00512901582599928 0.01633733923933128 0.0056663009119622505 -0.022542876360768623 -0.014101089065780446 0.11101011381569235 0.13119620658284012 -0.031527055872218879 0.038697429453389026 -0.035923490283176915 0.022679917075272119 0.01715068996274545 -0.016803911420593568 -0.040235935978256587 -0.02016580645609033 0.010741799387149514 0.022063268131017687 0.014093235224161461 -0.019024407450806056 0.06413987562363406 -0.011481947570162661 -0.036990277334751395 0.0062670070035704259 -0.0092622621841456764 -0.012872247083307826 0.03853822438805192 -0.019017500991438643 0.011761823525795571 -0.013831517928176457 -0.017357978738117508 -0.037288990217748265 -0.016422284370660782 -0.003966617934405804 -0.040854955231086079 -0.0024809597651748098 -0.021837027726921244 -0.019694099140924223 -0.0053841463541680007 -0.023782462172545076 -0.0042792804456419416 -0.017971245575976628 -0.02870980919777559 -0.030478429385951383 -0.021227166409133583 -0.028225998199878283
leaf_weight=142 153 84 102 95 81 80 87 97 87 85 115 88 85 139 80 108 88 90 99 124 91 134 125 84 87 115 136 112 80 80 90 98 122 150 124 99 135 84 106 81 136 88 89 92 103 121 92 80
leaf_count=142 153 84 102 95 81 80 87 97 87 85 115 88 85 139 80 108 88 90 99 124 91 134 125 84 87 115 136 112 80 80 90 98 122 150 124 99 135 84 106 81 136 88 89 92 103 121 92 80
internal_value=0 0.0562602 0.0397665 -0.00873049 0.00900363 -0.0162087 0.0142882 0.0268909 0.0851499 0.107254 -0.00875949 0.0436114 -0.0078469 -9.3357e-08 0.0126804 -0.014992 -0.0233487 8.25741e-05 0.0270426 0.0102978 -0.000451477 -0.0197554 0.0538584 -0.00594616 -0.0226184 -0.00427122 -0.0188761 -0.0250197 0.0280174 -0.0146293 0.000594706 -0.00508575 -0.0251176 -0.0277869 -0.0237914 -0.0117461 -0.0333941 -0.0105829 -0.0298771 -0.0310593 -0.0175101 -0.0142763 -0.0125384 -0.0105194 -0.0342022 -0.0262723 -0.0166672 -0.0237685
internal_weight=0 697 528 4346 1289 3057 339 642 189 169 647 294 1409 672 348 737 1648 408 252 219 188 1216 213 533 430 307 343 598 160 618 268 178 207 486 239 189 432 192 297 352 476 316 265 228 191 202 176 160
internal_count=5043 697 528 4346 1289 3057 339 642 189 169 647 294 1409 672 348 737 1648 408 252 219 188 1216 213 533 430 307 343 598 160 618 268 178 207 486 239 189 432 192 297 352 476 316 265 228 191 202 176 160
is_linear=0
shrinkage=0.05


Tree=11
num_leaves=48
num_cat=0
split_feature=50 50 50 3 7 30 11 42 27 42 7 16 2 28 6 45 7 35 50 0 10 10 9 27 19 11 28 48 0 42 35 45 2 19 0 19 29 19 9 6 49 28 45 30 14 50 9
split_gain=1047.48 240.333 233.795 136.954 132.586 108.485 76.5491 70.7656 52.8214 43.3703 39.7514 38.9005 32.3141 31.9758 21.4588 20.7929 17.5985 24.0279 17.4014 16.9715 15.7755 13.1563 10.93 9.87593 9.84778 8.90387 9.3521 8.39764 6.52055 6.47074 5.79525 5.69776 10.2425 4.94927 4.74485 5.70374 4.58698 4.49517 4.41436 4.34532 3.45417 3.17744 2.53223 2.39876 3.75991 2.29165 1.70889
threshold=4.2823454033010231 9.2247607987567282 2.1692808443592075 62.500000000000007 1.3048951048951052 170.62500000000003 1.5639534883720965 -1.0000000180025095e-35 78.187500000000014 1.0000000180025095e-35 1.0517482517482521 12.500000000000002 617.50000000000011 57.437500000000007 -0.34285714285714292 0.46800856592688472 -0.25174825174825155 30.625000000000004 -1.5947935216376263 84.750000000000014 1.607532977863906 1.3809491840114985 0.54364664110870786 83.312500000000014 2.2799332591768633 1.5639534883720965 71.687500000000014 0.43708356316337132 82.250000000000014 -0.74999999999999989 6.2500000000000009 0.70290292807158605 722.50000000000011 0.70794158701135457 85.250000000000014 2.619910044977511 6.9375000000000009 2.3377488376563309 0.84399465815540409 -0.64285714285714246 89.638406236595088 65.312500000000014 0.22700754078277605 114.06250000000003 2.5000000000000004 1.1450551032176792 0.89141405653841399
decision_type=2 2 2 2 2 2 2 2 2 2 2 2 2 2 2 2 2 2 2 2 2 2 2 2 2 2 2 2 2 2 2 2 2 2 2 2 2 2 2 2 2 2 2 2 2 2 2
left_child=2 3 5 -2 12 9 11 18 -5 25 19 -6 -4 -11 -14 -12 28 23 -7 -9 -8 22 -16 27 33 26 30 31 41 42 -1 37 -33 -25 35 -31 -35 43 40 -30 -36 -15 46 44 -18 -38 -27
right_child=1 -3 4 8 6 7 20 10 -10 13 15 -13 14 16 21 -17 17 -19 -20 -21 -22 -23 -24 24 -26 29 -28 -29 39 34 -32 32 -34 36 38 -37 45 -39 -40 -41 -42 -43 -44 -45 -46 -47 -48
leaf_value=-0.018214076788651504 0.09177903529550685 0.15098139949050951 -0.025233757552110925 -0.00083631675090940511 0.039064369966988179 -0.033074898842107701 0.0022245986387133599 -0.010840397160803157 0.049664510482778923 0.011100185838052267 0.020182425146171405 0.08817552275652718 -0.01072592193928874 -0.021424116933914394 0.016771991243181024 0.051730464688893175 -0.014624805256192173 0.01301977827223306 -0.0055120814594925502 0.017732436019513343 0.030200197411620101 0.027395593713551204 -0.008425892328406558 -0.00022372410943110785 0.007114304672730597 -0.030857418551441342 -0.028395530533976854 -0.0024918468428715584 -0.022509057614537968 -0.034223507342217609 -6.7356590893161437e-05 -0.0035628969611151379 -0.02526629509834143 -0.022373818600765216 -0.0063002918285995045 -0.019033268516828718 -0.014175888355326863 -0.014821908892928691 -0.02593537523551652 -0.0077482767770480788 -0.020338928391440556 -0.03419170592209294 -0.025815140244712195 -0.033475807775366344 -0.029571208278054095 -0.003528952123002803 -0.040753245633095507
leaf_weight=87 151 80 105 86 84 96 90 122 129 138 154 82 133 94 91 80 83 96 141 89 114 106 80 86 94 131 99 92 117 157 88 136 90 103 87 110 112 137 125 89 90 123 129 83 93 93 97
leaf_count=87 151 80 105 86 84 96 90 122 129 138 154 82 133 94 91 80 83 96 141 89 114 106 80 86 94 131 99 92 117 157 88 136 90 103 87 110 112 137 125 89 90 123 129 83 93 93 97
internal_value=0 0.0728491 -0.00730312 0.0554061 0.0157949 -0.0127701 0.0385836 0.00525624 0.0295538 -0.0167895 0.0169977 0.0637068 -0.000620538 -0.0119954 0.00572891 0.0311423 -0.0138527 -0.0109514 -0.0167688 0.00123845 0.0179291 0.0136398 0.00500306 -0.0128751 -0.0073703 -0.0242002 -0.016176 -0.0166219 -0.0227087 -0.0265546 -0.0091411 -0.0187045 -0.0122791 -0.0108353 -0.0231458 -0.0280597 -0.0137879 -0.0223314 -0.0187232 -0.0162001 -0.0135127 -0.0287847 -0.0319077 -0.0262313 -0.0226451 -0.00938639 -0.0352271
internal_weight=0 446 4626 366 885 3741 370 682 215 3059 445 166 515 1859 410 234 1721 1298 237 211 204 277 171 1202 488 1200 274 714 423 926 175 622 226 394 569 267 308 396 302 206 177 217 357 259 176 205 228
internal_count=5072 446 4626 366 885 3741 370 682 215 3059 445 166 515 1859 410 234 1721 1298 237 211 204 277 171 1202 488 1200 274 714 423 926 175 622 226 394 569 267 308 396 302 206 177 217 357 259 176 205 228
is_linear=0
shrinkage=0.05


Tree=12
num_leaves=50
num_cat=0
split_feature=50 50 8 50 8 4 31 10 19 46 19 37 43 45 50 11 29 42 46 12 35 18 8 10 8 46 3 46 19 36 42 3 27 47 17 17 41 29 8 19 17 27 46 22 50 37 7 3 45
split_gain=847.453 188.263 223.861 182.67 143.15 85.5195 64.6585 54.3113 43.9558 43.3659 31.9285 28.6706 28.4971 24.5816 23.1305 22.9924 18.0317 17.8252 15.6212 14.3414 13.5439 12.4187 12.3174 11.6571 11.586 8.84935 8.058 7.92419 7.51459 6.89137 6.84132 6.83089 6.43298 5.77528 5.66583 4.50491 4.43185 4.28299 4.01605 3.91948 3.75455 3.47837 3.44545 3.12193 2.65846 1.87516 1.71292 1.59863 0.334643
threshold=3.4323074102086228 9.2247607987567282 1.7347826086956524 1.6143840033922887 1.4843478260869569 0.62500000000000011 5.5000000000000009 1.605714028221924 2.1523326572008119 0.26659387353423869 1.5623904464736385 65.500000000000014 -0.34999999999999992 0.30983042691905771 0.13652873364118537 1.5639534883720965 6.1666750000000006 5.2500000000000009 0.28313308994381592 1.5357142857142849 18.750000000000004 102.50000000000001 0.96652173913043493 1.5733110562994257 -0.065217391304347783 -0.082691941062253513 27.500000000000004 0.26659387353423869 2.3721413721413724 33.500000000000007 -2.2499999999999996 47.500000000000007 82.031250000000014 10.500000000000002 0.69397993311036799 1.0822072072072075 1.5000000000000002 9.4375000000000018 2.0634782608695654 1.2624089868941131 0.98936170212765961 80.562500000000014 0.51849435583340198 81.750000000000014 0.87613210253913121 21.500000000000004 0.24150581752294822 32.500000000000007 -0.54220184589352438
decision_type=2 2 2 2 2 2 2 2 2 2 2 2 2 2 2 2 2 2 2 2 2 2 2 2 2 2 2 2 2 2 2 2 2 2 2 2 2 2 2 2 2 2 2 2 2 2 2 2 2
left_child=3 2 6 5 11 7 17 16 21 -8 -9 20 38 -4 30 -10 -1 -2 26 -14 24 -6 27 32 -5 31 37 29 42 45 -7 -26 -24 35 -20 40 -21 -18 -12 -28 41 -32 -27 -29 -41 -16 -43 -36 -35
right_child=1 -3 13 4 8 14 9 10 15 -11 12 -13 19 -15 22 -17 18 -19 34 36 -22 -23 23 -25 25 28 39 43 -30 -31 33 -33 -34 48 47 -37 -38 -39 -40 44 -42 46 -44 -45 -46 -47 -48 -49 -50
leaf_value=0.0026360520316908759 -0.019188475084813014 0.1242682735125224 0.067483428528621089 -0.018014136162358071 0.0012961425500757555 -0.041244505092585357 0.055516667045070002 -0.014706192895703549 0.062153716202709798 0.013047076362328462 -0.012044053262166949 -0.030071873368902342 0.034719305247398878 0.10663770301153466 -0.013860115255340047 0.027852334350436214 -0.010509504963022968 0.013985139085554783 -0.014459213508161331 0.0040266911510158992 0.016290341693664265 0.026744689381614863 -0.027430389189149862 0.0018146476032687168 -0.0032093184007393133 -0.019353211564677106 -0.013086225745445729 -0.022096187107391627 0.0063871458299274058 -0.02381609374407323 -0.029360307066882443 0.01451753789339872 -0.0073158109353648297 -0.037852704447245096 -0.035019717247840684 -0.015556668567553382 0.019890404770031889 -0.025971949195342237 0.0036203253554341233 -0.0059651857041272119 -0.034765282782385699 -0.013252609616664676 -0.0050765422834295106 -0.03479781439660292 0.0057562812265143336 -0.0032446191383197031 -0.02334689045462782 -0.025332609897326514 -0.030863148905336858
leaf_weight=155 80 80 83 105 84 88 146 139 128 103 82 89 123 97 83 83 89 80 98 84 106 111 80 152 90 83 103 113 80 135 143 135 80 83 83 135 93 94 80 115 103 86 87 99 82 84 94 133 81
leaf_count=155 80 80 83 105 84 88 146 139 128 103 82 89 123 97 83 83 89 80 98 84 106 111 80 152 90 83 103 113 80 135 143 135 80 83 83 135 93 94 80 115 103 86 87 99 82 84 94 133 81
internal_value=0 0.0526585 0.0427381 -0.0077278 0.00906717 -0.0139426 0.0221863 -0.00552956 0.0330786 0.0380714 0.00623236 -0.00353816 0.0125502 0.0890558 -0.021906 0.0488558 -0.0129536 -0.00261783 -0.015985 0.0216517 -5.69743e-05 0.0158448 -0.0159789 -0.0081048 -0.00306748 0.000267417 -0.0103065 -0.0207335 -0.00619541 -0.0154423 -0.0279008 0.00744397 -0.017481 -0.0262266 -0.0246593 -0.0237191 0.0124268 -0.0185499 -0.0043338 -0.00523308 -0.0262632 -0.0234531 -0.0121193 -0.0281631 -0.00108177 -0.00857168 -0.0186239 -0.0291992 -0.0346085
internal_weight=0 669 589 4373 1181 3192 409 1553 406 249 601 775 462 180 1639 211 952 160 797 300 686 195 826 312 580 475 483 514 250 302 813 225 160 725 314 561 177 183 162 300 426 323 170 212 197 167 180 216 164
internal_count=5042 669 589 4373 1181 3192 409 1553 406 249 601 775 462 180 1639 211 952 160 797 300 686 195 826 312 580 475 483 514 250 302 813 225 160 725 314 561 177 183 162 300 426 323 170 212 197 167 180 216 164
is_linear=0
shrinkage=0.05


Tree=13
num_leaves=49
num_cat=0
split_feature=50 8 50 42 3 50 19 11 4 10 50 49 4 8 8 42 29 45 50 42 4 14 19 28 27 23 29 48 2 45 50 9 37 37 3 50 9 9 3 8 7 10 10 27 3 45 45 18
split_gain=633.983 237.286 150.02 82.9089 102.218 78.4718 59.0776 49.2005 34.8958 42.7429 31.3837 24.0126 22.8688 22.5518 18.0382 15.254 14.122 22.4753 13.7174 13.5974 11.616 10.5313 9.24937 9.22024 8.11937 7.89123 7.42557 7.11428 10.7253 7.45533 6.50941 6.16928 6.07557 5.46661 5.04432 4.61064 4.2603 4.02814 4.00253 3.96611 3.94079 3.35387 2.71005 2.3227 2.16721 2.04278 1.74975 0.882422
threshold=4.2823454033010231 1.656521739130435 1.7434341402204938 7.2500000000000009 82.500000000000014 1.0721807903521354 1.9791551664654132 1.0084745762711835 2.1250000000000004 1.4978845523509778 -0.28180103284439179 86.525148557519117 0.62500000000000011 2.1757381748686102 2.0321739130434788 9.2500000000000018 9.5625000000000018 0.49812943072827093 2.3601311577638744 2.7500000000000004 2.7500000000000004 1.5000000000000002 1.4563441996862856 65.062500000000014 82.437500000000014 88.750000000000014 7.8125000000000009 -0.29917828677811648 717.50000000000011 -0.108376950152639 2.0722736535039137 0.70355339059327393 28.500000000000004 8.5000000000000018 17.500000000000004 0.4084471747568586 0.70355339059327393 0.74119186184500963 72.500000000000014 1.9173913043478261 2.1125874125874131 1.5364651941646761 1.0648345582071237 76.062500000000014 37.500000000000007 -0.40614700388750385 -0.50556189049999822 47.500000000000007
decision_type=2 2 2 2 2 2 2 2 2 2 2 2 2 2 2 2 2 2 2 2 2 2 2 2 2 2 2 2 2 2 2 2 2 2 2 2 2 2 2 2 2 2 2 2 2 2 2 2
left_child=1 5 7 4 -2 12 -4 10 9 11 -3 27 21 -8 -12 -5 17 39 22 31 24 23 -13 -1 35 -10 -25 38 29 -29 -31 -11 -24 -23 -35 41 -26 -36 -7 -9 -41 43 -37 -14 -28 -45 -38 -22
right_child=3 2 6 15 -6 8 13 16 25 19 14 18 20 -15 -16 -17 -18 -19 -20 -21 47 33 32 26 36 -27 44 28 -30 30 -32 -33 -34 34 37 42 46 -39 -40 40 -42 -43 -44 45 -46 -47 -48 -49
leaf_value=0.0080843760936670471 0.070801247271579978 -0.0055657900399912934 0.012648397048522953 0.067035701257243216 0.011783058365108446 -0.013558860942320797 0.038531357688378828 -0.0040898137320939613 -0.031247572963630156 0.017215703062639379 0.008541842550039291 -0.013818486028763115 -0.037637325066037758 0.070529608986475784 0.038676981521256044 0.10011103429176189 -0.025909082173408635 0.012341166657038537 0.016016223930098394 0.033747586606208378 -0.029337706716578843 -0.027376709178075078 -0.0052174078819063529 -0.000473605278169825 -0.0092464648847608213 -0.012014576720491964 -0.023076053326516306 -0.016654135139009648 -0.022736942626607533 -0.0082287135496359291 0.0094444984231482863 -0.0013559572870072761 0.012354042448103428 -0.024821623737212084 -0.016824980339202867 -0.024546347206413022 -0.024526649959995574 -0.0029268697027725228 -0.02880378518167926 -0.023193563489498185 -0.0083888309099143608 -0.019318834447892765 -0.011466874142102566 -0.033841052072654879 -0.011736012035575899 -0.023636889964581242 -0.014538935760001329 -0.037479462982945348
leaf_weight=80 136 108 130 83 159 92 114 92 123 100 80 121 93 116 133 80 95 132 134 80 80 123 96 104 152 97 85 82 103 98 109 80 99 87 113 81 115 97 86 105 81 92 83 90 91 147 81 139
leaf_count=80 136 108 130 83 159 92 114 92 123 100 80 121 93 116 133 80 95 132 134 80 80 123 96 104 152 97 85 82 103 98 109 80 99 87 113 81 115 97 86 105 81 92 83 90 91 147 81 139
internal_value=0 -0.00643834 0.0128351 0.0551744 0.0391387 -0.0130986 0.039723 0.00108257 -0.0045127 -0.00134382 0.01636 -0.0059588 -0.0197554 0.0549051 0.0274514 0.0837804 -0.0086416 -0.0045873 0.00267328 0.0167146 -0.0242321 -0.0131153 -0.00301748 -0.00681204 -0.0217544 -0.0228603 -0.0110818 -0.0127664 -0.00896357 -0.00399324 0.00107814 0.00899974 0.003721 -0.0184891 -0.0147288 -0.0253635 -0.0156218 -0.0104497 -0.0210442 -0.0126407 -0.0168257 -0.0281616 -0.0180365 -0.030561 -0.0173122 -0.0276378 -0.0204938 -0.0346522
internal_weight=0 4619 1186 458 295 3433 360 826 1500 1280 321 1020 1933 230 213 163 505 410 450 260 1153 780 316 360 934 220 280 570 392 289 207 180 195 420 297 586 348 210 178 278 186 422 164 330 176 237 196 219
internal_count=5077 4619 1186 458 295 3433 360 826 1500 1280 321 1020 1933 230 213 163 505 410 450 260 1153 780 316 360 934 220 280 570 392 289 207 180 195 420 297 586 348 210 178 278 186 422 164 330 176 237 196 219
is_linear=0
shrinkage=0.05


Tree=14
num_leaves=49
num_cat=0
split_feature=42 20 42 30 3 4 42 43 1 43 21 20 17 4 45 42 20 4 11 8 46 37 4 2 28 29 30 46 29 8 46 4 7 25 42 46 17 9 46 3 35 2 3 21 6 28 37 46
split_gain=668.218 239.356 216.779 125.779 112.25 83.5187 61.8143 58.8404 57.149 40.3782 39.9948 38.8781 35.0903 30.7852 29.461 23.9514 20.7924 16.558 15.5683 13.7976 12.2785 15.1006 12.2718 9.52554 8.42727 7.11702 6.57089 6.94027 8.60313 6.04474 6.21352 5.41047 4.11508 3.96517 6.09171 3.86843 3.68272 3.51996 5.35667 5.11952 3.51631 3.08294 2.48421 2.22337 1.17638 1.6894 1.20264 1.0708
threshold=2.7500000000000004 1.0438170525127048 8.2500000000000018 173.12500000000003 82.500000000000014 1.7500000000000002 4.7500000000000009 -0.34999999999999992 72.500000000000014 0.19375000000000003 0.90110561583951931 0.16005261342073487 0.55586206896551738 1.0000000180025095e-35 0.40614137006726808 3.7500000000000004 1.8005128205128207 0.62500000000000011 1.5639534883720965 2.0634782608695654 0.39629089145655322 57.500000000000007 1.2500000000000002 717.50000000000011 65.687500000000014 6.5312500000000009 60.625000000000007 0.1318557721318592 6.5312500000000009 1.6147826086956523 0.097680735332368748 1.2500000000000002 -1.5372318802502165e-16 1.0000000180025095e-35 1.7500000000000002 -0.099822328936730861 0.91287878787878796 0.74119186184500963 -0.6523320455745395 17.500000000000004 8.7500000000000018 702.50000000000011 82.500000000000014 0.040403287367297487 -1.1999999999999993 66.187500000000014 26.500000000000004 0.76556758748011056
decision_type=2 2 2 2 2 2 2 2 2 2 2 2 2 2 2 2 2 2 2 2 2 2 2 2 2 2 2 2 2 2 2 2 2 2 2 2 2 2 2 2 2 2 2 2 2 2 2 2
left_child=3 11 4 8 6 7 10 -5 -1 22 16 12 -2 25 17 -13 -3 18 -9 20 21 23 26 33 32 -11 -10 37 -29 30 41 -23 -22 -15 36 40 43 38 -28 -39 -25 -27 -26 -35 46 -46 -24 -30
right_child=1 2 -4 5 -6 -7 -8 14 9 13 -12 15 -14 19 -16 -17 -18 -19 -20 -21 24 31 44 35 42 29 27 28 47 -31 -32 -33 -34 34 -36 -37 -38 39 -40 -41 -42 -43 -44 -45 45 -47 -48 -49
leaf_value=0.025696819217668639 -0.027331936658821374 0.036090052812793399 0.1303778332938631 -0.0085217039631380748 0.0034375336153238123 -0.02239356348058209 0.086874989385348794 0.040207332847986693 -0.0052550582658059068 0.011742525982360046 0.014601915074122507 0.0075077775838845243 0.0099503243136425303 -0.012603574899912928 0.045353009758790024 0.041994110651042624 0.069300806444498306 -0.00098503351853251831 0.010133250761868023 0.0010701273103976357 -0.023686206110900172 -0.015748645214616885 -0.027835071153331843 -0.017735274003072711 -0.033700203052756159 0.0050646819312263423 -0.017793667917731144 -0.012735338334459813 -0.027268806695400813 0.0091831954914223714 -0.015334932730261203 -0.033799998707415423 -0.010084765517142803 -0.0071571305613171796 0.0080302578174536506 -0.025580115785754948 -0.014714618737343699 -0.029092998412370532 -0.0013565895579620657 -0.013109904716026272 -0.0046344608912134875 -0.0077073378133631883 -0.021896757394719274 0.0039678584393343808 -0.031762655564617909 -0.020909588443772761 -0.03708828992924644 -0.035615332986045384
leaf_weight=89 106 85 82 147 133 159 118 93 82 107 85 107 153 127 156 95 118 81 81 139 94 80 88 134 135 107 125 87 103 82 112 93 141 100 101 82 87 96 82 110 84 83 80 80 81 84 102 106
leaf_count=89 106 85 82 147 133 159 118 93 82 107 85 107 153 127 156 95 118 81 81 139 94 80 88 134 135 107 125 87 103 82 112 93 141 100 101 82 87 96 82 110 84 83 80 80 81 84 102 106
internal_value=0 0.034789 0.0550264 -0.00948339 0.0433427 0.00947895 0.0563745 0.0185847 -0.0136263 -0.0147298 0.0436204 0.00746776 -0.00535449 -0.0105158 0.0282769 0.0238536 0.0556399 0.0176939 0.0263452 -0.0139563 -0.015429 -0.012234 -0.0222448 -0.00929883 -0.0222596 0.00040065 -0.0187317 -0.0202807 -0.0261532 -0.00278201 -0.00605042 -0.025591 -0.0156027 -0.00502123 -0.00237744 -0.0163167 -0.0063297 -0.0160189 -0.0113202 -0.0206629 -0.0127315 -0.000525815 -0.0294299 -0.00221809 -0.0299979 -0.0263967 -0.0329708 -0.0316514
internal_weight=0 1082 621 4000 539 717 406 558 3283 3194 288 461 259 2048 411 202 203 255 174 1557 1418 968 1146 795 450 491 791 709 296 384 302 173 235 495 368 300 267 413 207 206 218 190 215 180 355 165 190 209
internal_count=5082 1082 621 4000 539 717 406 558 3283 3194 288 461 259 2048 411 202 203 255 174 1557 1418 968 1146 795 450 491 791 709 296 384 302 173 235 495 368 300 267 413 207 206 218 190 215 180 355 165 190 209
is_linear=0
shrinkage=0.05


Tree=15
num_leaves=46
num_cat=0
split_feature=42 20 30 42 10 4 4 43 4 16 20 10 0 21 27 10 49 4 43 10 40 49 7 0 42 27 37 4 2 36 12 15 10 20 30 2 20 5 21 5 21 6 21 42 20
split_gain=507.048 228.178 127.648 117.219 99.9035 83.6323 67.3991 50.6876 35.4206 30.2844 29.9261 29.7129 27.4152 26.4158 22.7871 30.7162 21.8782 15.5732 15.6466 17.0823 13.7177 13.3402 11.7797 9.3809 9.14502 7.74066 7.66598 8.26098 7.25775 6.77173 6.41725 6.13757 5.5977 5.41285 4.78274 4.73748 4.25505 3.55903 3.19847 2.93526 2.85155 2.58686 2.16833 2.04038 1.45859
threshold=2.7500000000000004 0.63949518223711788 173.12500000000003 7.2500000000000009 1.734896684698483 1.7500000000000002 1.0000000180025095e-35 -0.34999999999999992 3.2500000000000004 11.250000000000002 1.1508000771158666 2.0555554184571494 78.750000000000014 -0.32355973988936876 83.937500000000014 1.939278485504744 73.858376647129106 3.7500000000000004 0.75000000000000011 1.5364651941646761 3.5000000000000004 86.658240211999285 0.87692307692307703 80.250000000000014 1.7500000000000002 82.937500000000014 17.500000000000004 1.2500000000000002 702.50000000000011 16.500000000000004 1.5357142857142849 77.250000000000014 1.816738792892981 0.77566223250433786 98.750000000000071 702.50000000000011 0.63949518223711788 1.0000000180025095e-35 0.42704046196693218 1.0000000180025095e-35 0.38768779821410965 0.68571428571428628 -0.96721323031807305 -1.0000000180025095e-35 0.81203619909502267
decision_type=2 2 2 2 2 2 2 2 2 2 2 2 2 2 2 2 2 2 2 2 2 2 2 2 2 2 2 2 2 2 2 2 2 2 2 2 2 2 2 2 2 2 2 2 2
left_child=2 8 6 4 10 7 11 -4 12 -6 -3 24 -2 -14 15 22 -8 18 26 25 -21 -12 -9 -7 29 34 32 30 -27 39 -28 -31 40 -32 36 -29 -20 44 -22 -1 42 -35 -18 -42 -36
right_child=1 3 5 -5 9 23 16 14 -10 -11 21 -13 13 -15 -16 -17 17 -19 19 20 38 -23 -24 -25 -26 28 27 35 -30 31 33 -33 -34 41 37 -37 -38 -39 -40 -41 43 -43 -44 -45 -46
leaf_value=-0.0074044398837596996 0.027677236050712289 -0.0036696432903409004 -0.0051670544344601752 0.089602422380917951 0.0397920480054193 -0.032259493784724994 0.0080157345605574633 -0.0035590245244564132 -0.028221479206242496 0.074701015121221695 0.017242349038462876 0.024766013402092672 0.015759530997020193 -0.021583301428705456 0.048735316946312751 0.043238283233087579 -0.024301616290881844 -0.033532090442022315 -0.0068666068639471837 0.015863787697022218 -0.013693055958519208 0.044440909533011844 0.020132057160471187 -0.0084601644969855751 0.0076385775607236686 -0.001518437820175295 -0.0029493955433398727 -0.015958179224371202 -0.017593537973789354 0.0077554878364834521 -0.005723705099792805 -0.0089871741659301643 -0.013763519001500772 -0.01364423826040531 -0.02934038423090464 -0.030418295389462779 -0.021152346682864975 -0.014308642815112283 -0.00068848614155510334 -0.019147000462415187 -0.028254091293875423 -0.023901006698943093 -0.034707038248451616 -0.017768230494512871 -0.02059878953125166
leaf_weight=110 107 109 157 132 115 87 88 88 89 147 105 111 89 99 101 107 96 139 122 82 115 81 128 80 141 156 123 104 127 107 93 110 102 109 146 136 92 94 80 106 88 159 148 118 91
leaf_count=110 107 109 157 132 115 87 88 88 89 147 105 111 89 99 101 107 96 139 122 82 115 81 128 80 141 156 123 104 127 107 93 110 102 109 146 136 92 94 80 106 88 159 148 118 91
internal_value=0 0.0301361 -0.00851478 0.0473289 0.0371681 0.0101208 -0.0127496 0.0190801 -0.000755231 0.0595879 0.0171222 0.0012068 0.00759854 -0.0039152 0.0280495 0.0214507 -0.0164144 -0.0172703 -0.0163073 -0.0119322 -0.00117794 0.0292612 0.0105082 -0.0209768 -0.00338422 -0.0155242 -0.0200838 -0.0166506 -0.0087689 -0.00698296 -0.0128428 -0.00073387 -0.0245484 -0.0161963 -0.0190095 -0.0242445 -0.013078 -0.0227935 -0.00838858 -0.0132287 -0.0269571 -0.0197956 -0.030729 -0.0223625 -0.0260846
internal_weight=0 1073 4041 689 557 748 3293 581 384 262 295 685 295 188 424 323 2608 2520 2381 1105 277 186 216 167 574 828 1276 724 283 433 484 217 552 361 545 240 214 331 195 216 450 268 244 206 237
internal_count=5114 1073 4041 689 557 748 3293 581 384 262 295 685 295 188 424 323 2608 2520 2381 1105 277 186 216 167 574 828 1276 724 283 433 484 217 552 361 545 240 214 331 195 216 450 268 244 206 237
is_linear=0
shrinkage=0.05


Tree=16
num_leaves=51
num_cat=0
split_feature=42 20 42 4 30 7 0 45 43 45 3 20 38 4 47 30 29 43 42 38 43 29 11 29 47 2 10 4 29 21 27 0 47 20 21 37 20 3 30 33 2 45 16 27 31 37 6 30 13 6
split_gain=505.679 153.745 95.9141 94.3492 112.02 94.0967 59.6729 48.1569 34.6761 25.9502 25.7822 28.7329 34.3521 23.547 24.1686 25.5471 19.2148 17.4882 16.6805 16.6639 15.5775 13.3214 16.903 8.24843 7.93791 7.95888 7.30976 6.64647 6.14118 6.01833 5.83531 5.18714 5.0159 4.99797 4.63799 4.62029 4.609 4.55683 4.12459 4.35883 3.68499 3.11781 2.69238 2.64226 2.56008 2.49562 2.85279 2.38785 1.82941 1.00897
threshold=2.7500000000000004 0.63949518223711788 8.7500000000000018 0.62500000000000011 171.87500000000003 1.427572427572428 73.250000000000014 0.55656748448714433 -0.34999999999999992 0.29342972903661901 87.500000000000014 0.024241608438674005 1.0000000180025095e-35 3.7500000000000004 10.500000000000002 183.12500000000003 8.4375000000000018 0.2207792207792208 4.2500000000000009 1.0000000180025095e-35 0.75000000000000011 6.9375000000000009 1.5639534883720965 5.8125000000000009 10.500000000000002 712.50000000000011 1.7249080675662207 1.0000000180025095e-35 8.8125000000000018 0.85911266742123626 82.031250000000014 80.250000000000014 3.5000000000000004 0.63949518223711788 -0.90163635215359139 8.5000000000000018 1.0521016139890913 17.500000000000004 85.625000000000014 0.95835000000000303 677.50000000000011 0.22700754078277605 10.500000000000002 79.187500000000014 6.5000000000000009 47.500000000000007 -1.6285714285714279 101.87500000000003 29.500000000000004 2.2285714285714291
decision_type=2 2 2 2 2 2 2 2 2 2 2 2 2 2 2 2 2 2 2 2 2 2 2 2 2 2 2 2 2 2 2 2 2 2 2 2 2 2 2 2 2 2 2 2 2 2 2 2 2 2
left_child=3 10 5 4 6 16 -1 18 -6 30 -2 12 -12 14 15 20 43 26 -7 -17 38 22 -19 -22 25 29 35 -24 -27 36 -10 -15 -25 47 -34 -8 41 -37 39 -5 -36 -23 -42 -3 -39 46 -40 -16 -48 -30
right_child=1 2 -4 13 8 7 17 -9 9 -11 11 -13 -14 31 33 19 -18 21 -20 -21 23 24 27 32 -26 28 -28 -29 49 -31 -32 -33 34 -35 40 37 -38 44 45 -41 42 -43 -44 -45 -46 -47 48 -49 -50 -51
leaf_value=0.034553924796774105 0.024769836394288751 0.017944104843432222 0.095007826127560757 -0.0064684644315836084 -0.0024289993648516374 0.026836494020667047 -0.029254346258778086 0.077685663196333576 0.010558715463780306 0.051209718602497067 0.007875022616375375 0.01930869141117085 -0.03673008768403057 -0.037867327659235644 -0.025650772535643442 0.016506149382668082 -0.0036756077742106036 0.019463869147991711 0.05527330256721124 -0.011538559939894501 0.00642136752971315 -0.0078486136856606627 0.0050774516230756113 -0.017956848613970476 -0.022307753685261437 -0.0030260666632392539 -0.0065226927535453191 -0.013397497871801967 -0.021916650676006535 0.0072687655629124492 0.029449667687337085 -0.021719783211333887 0.0030578343026846761 -0.018139590537997293 -0.001846763191928784 -0.025063627788848766 -0.015780949415411891 -0.017111731410980047 -0.017124411545786773 -0.021848141666212142 -0.021206928455418477 0.0057844221810407848 -0.0086483026737053156 0.031248112850719031 -0.0055980302230705346 -0.016017184400209404 -0.023849241226336772 -0.037072228205951067 -0.034039673129403279 -0.014112671064948174
leaf_weight=84 107 81 82 108 93 123 92 135 84 113 80 85 92 131 122 124 94 112 93 91 83 86 90 156 88 108 155 104 91 127 82 89 84 135 85 98 81 104 98 81 81 80 94 80 92 130 137 92 81 94
leaf_count=84 107 81 82 108 93 123 92 135 84 113 80 85 92 131 122 124 94 112 93 91 83 86 90 156 88 108 155 104 91 127 82 89 84 135 85 98 81 104 98 81 81 80 94 80 92 130 137 92 81 94
internal_value=0 0.0305654 0.0444523 -0.00831742 -0.000798363 0.0374662 -0.00628051 0.0542292 0.0239984 0.0327847 0.00426758 -0.00433129 -0.0160579 -0.0160425 -0.0141222 -0.0112344 0.0142708 -0.00844186 0.0392784 0.0046376 -0.0140377 -0.00470383 0.00408706 -0.00811523 -0.00826745 -0.00638444 -0.0157506 -0.00484456 -0.0125404 -0.00154114 0.0200109 -0.0314627 -0.0105363 -0.0259136 -0.00712888 -0.0194297 -0.00608197 -0.0162666 -0.0194538 -0.0131401 -0.0104191 -0.00128318 -0.0145486 0.0247069 -0.0117632 -0.022094 -0.0245355 -0.0307105 -0.0277737 -0.0180486
internal_weight=0 1052 688 4060 2058 606 1686 351 372 279 364 257 172 2002 1782 1433 255 1602 216 215 1218 1061 306 583 755 667 541 194 293 374 166 220 500 349 344 386 247 294 635 189 260 166 175 161 196 446 316 214 218 185
internal_count=5112 1052 688 4060 2058 606 1686 351 372 279 364 257 172 2002 1782 1433 255 1602 216 215 1218 1061 306 583 755 667 541 194 293 374 166 220 500 349 344 386 247 294 635 189 260 166 175 161 196 446 316 214 218 185
is_linear=0
shrinkage=0.05


Tree=17
num_leaves=48
num_cat=0
split_feature=50 20 4 50 3 30 30 4 10 17 50 50 10 45 20 10 11 49 27 42 41 4 4 30 10 36 40 30 50 6 1 35 13 45 37 27 50 6 6 49 13 36 42 20 30 37 30
split_gain=512.759 118.796 113.278 92.3588 86.9726 63.6864 53.8894 50.596 38.8164 35.0722 34.4682 34.1653 30.5644 22.2536 22.0947 21.9949 27.2015 17.5372 13.6513 12.2614 11.971 10.7157 8.96114 9.80522 7.67102 7.63958 7.37459 6.83074 6.6809 6.43943 6.23206 5.38701 4.83742 4.42375 4.70117 4.19279 3.67573 3.54292 2.99123 2.76009 2.64816 2.40835 2.05657 2.26777 2.35159 1.5198 0.737954
threshold=3.3280458421011123 0.16005261342073487 1.0000000180025095e-35 6.8713033659569769 37.500000000000007 158.12500000000006 181.56250000000003 2.1250000000000004 1.9629362610778436 0.55586206896551738 1.6143840033922887 0.67434145468467233 2.2012025322111106 0.30983042691905771 1.1508000771158666 1.5464450674424397 1.188492063492067 84.920746437816277 83.187500000000014 1.7500000000000002 1.5000000000000002 1.7500000000000002 1.2500000000000002 63.125000000000007 1.2445862636835017 18.500000000000004 74.500000000000014 102.81250000000001 -0.25130097602956875 1.114285714285715 88.250000000000014 23.125000000000004 28.500000000000004 0.30983042691905771 6.5000000000000009 85.562500000000014 1.6806717173053018 0.68571428571428628 -1.712915523707384e-16 89.251423674772312 25.500000000000004 5.5000000000000009 -0.74999999999999989 0.68596564725597009 110.62500000000003 26.500000000000004 85.625000000000014
decision_type=2 2 2 2 2 2 2 2 2 2 2 2 2 2 2 2 2 2 2 2 2 2 2 2 2 2 2 2 2 2 2 2 2 2 2 2 2 2 2 2 2 2 2 2 2 2 2
left_child=2 9 5 4 8 12 11 10 -3 -2 17 22 19 -7 -6 18 -17 28 27 25 -19 36 23 -4 -21 41 31 32 -8 38 -20 33 -13 37 -35 -32 -18 40 -29 -27 -25 -1 46 44 -44 -39 -24
right_child=1 3 6 -5 14 13 7 -9 -10 -11 -12 15 -14 -15 -16 16 21 20 30 24 -22 -23 42 26 -26 39 -28 29 -30 -31 35 -33 -34 34 -36 -37 -38 45 -40 -41 -42 -43 43 -45 -46 -47 -48
leaf_value=-0.0094101203787331916 -0.020466738005718552 0.040779934325945323 -0.0012157477964119046 0.085912634840454249 0.00026247507977214725 0.01728592096100541 -0.020152013605161584 -0.026909338932059573 0.085577510410246069 0.022937086955556331 0.032110765408724547 -0.017431973250538867 0.026692127353511754 0.048220851723677842 0.032100688566297823 0.021708082420846972 -0.0053941353607703663 -0.00091452814820336132 0.0038056663407461488 -0.0021931457549634607 0.02564033020099395 -0.019303567350531618 -0.024992004580357496 -0.01385463488057632 0.017890281093802873 0.005355296852700051 -0.0039029767481520415 -0.021382257853582189 3.2557076441922359e-05 -0.010591668801808216 -0.0185703011850516 -0.0079467177995876676 -0.0044137218186760026 -0.024492746147418233 -0.0097275239317533464 -0.004081659946620228 0.0083148841274879783 -0.033897075230183392 -0.033360361214727165 -0.0065954627755742809 -0.02604701560597087 -0.019696830201665967 -0.020707808578989878 -0.01511006348211175 -0.031296375722867316 -0.024438534812292176 -0.032761970886643586
leaf_weight=145 82 107 96 135 109 136 80 113 93 105 129 150 99 103 108 116 118 81 136 98 88 107 84 103 91 102 82 141 83 93 83 86 137 91 136 125 82 102 94 90 85 97 155 90 91 104 93
leaf_count=145 82 107 96 135 109 136 80 113 93 105 129 150 99 103 108 116 118 81 136 98 88 107 84 103 91 102 82 141 83 93 83 86 137 91 136 125 82 102 94 90 85 97 155 90 91 104 93
internal_value=0 0.038369 -0.0066788 0.050019 0.038221 0.00844946 -0.0110146 0.00292896 0.0619329 0.00389677 0.0102853 -0.0138936 0.00103076 0.0307631 0.0161828 -0.00830946 0.00118701 0.00173399 -0.0124951 -0.00308329 0.0129823 -0.00661218 -0.019404 -0.0163178 0.00751992 -0.00770749 -0.0181515 -0.016952 -0.00993645 -0.0218879 -0.00450092 -0.0197962 -0.0112546 -0.0214218 -0.0157281 -0.00992438 0.000239967 -0.0246541 -0.0262946 -0.00025177 -0.0194758 -0.0135974 -0.0246861 -0.0222098 -0.0247356 -0.029263 -0.0292356
internal_weight=0 739 4315 552 417 961 3354 574 200 187 461 2780 722 239 217 1382 423 332 959 623 169 307 1398 885 189 434 789 615 163 328 344 707 287 621 227 208 200 394 235 192 188 242 513 336 246 206 177
internal_count=5054 739 4315 552 417 961 3354 574 200 187 461 2780 722 239 217 1382 423 332 959 623 169 307 1398 885 189 434 789 615 163 328 344 707 287 621 227 208 200 394 235 192 188 242 513 336 246 206 177
is_linear=0
shrinkage=0.05


Tree=18
num_leaves=47
num_cat=0
split_feature=50 20 8 50 42 7 50 7 11 30 8 27 50 11 45 50 38 35 50 50 35 30 50 45 45 0 20 1 15 10 7 11 2 30 6 15 20 2 45 3 45 2 10 20 8 15
split_gain=484.324 145.576 124.737 80.3885 78.734 66.4306 55.1932 50.4177 34.9861 30.8283 31.7139 23.2485 21.8238 21.0667 12.6116 12.0689 11.8443 11.649 11.4836 11.1954 9.78977 9.62242 8.65001 7.04153 5.71185 6.29693 5.42923 5.05817 4.43222 4.05758 3.78569 5.57824 4.74618 3.7783 3.7476 3.40175 4.67077 4.36072 2.23388 3.68018 1.78791 1.48241 1.15173 0.972619 2.16627 0.527654
threshold=4.2823454033010231 0.16005261342073487 1.7994190268700072 8.5563717320649904 0.75000000000000011 1.732867132867133 0.85942501081832756 1.4895104895104898 1.5639534883720965 189.37500000000003 1.1177207078905298 82.187500000000014 2.2747800656733834 1.0084745762711835 0.12545942051955489 -0.28180103284439179 2.5000000000000004 21.250000000000004 2.4252477359418028 0.17531034265668669 21.250000000000004 173.12500000000003 2.6468201555496624 0.19337368024598436 0.67802080537253961 81.750000000000014 -0.12744360902255639 85.500000000000014 77.250000000000014 1.2648804805928566 0.92517482517482541 1.188492063492067 717.50000000000011 114.06250000000003 1.0000000180025095e-35 79.250000000000014 -0.15730034671211138 702.50000000000011 -0.65234524191686594 52.500000000000007 0.022575936829235418 712.50000000000011 1.4378852437763541 0.54721362229102177 0.28709677419354845 66.500000000000014
decision_type=2 2 2 2 2 2 2 2 2 2 2 2 2 2 2 2 2 2 2 2 2 2 2 2 2 2 2 2 2 2 2 2 2 2 2 2 2 2 2 2 2 2 2 2 2 2
left_child=2 -2 6 5 13 -3 19 14 18 11 -11 16 35 15 -6 -4 17 22 -9 20 24 26 30 -15 27 -26 -21 43 -14 41 31 -8 -32 38 -33 36 -13 -38 -28 -40 -35 -29 -31 44 -1 -45
right_child=1 3 4 -5 7 -7 9 8 -10 10 -12 12 28 23 -16 -17 -18 -19 -20 21 -22 -23 -24 -25 25 -27 33 29 -30 42 32 34 -34 40 -36 -37 37 -39 39 -41 -42 -43 -44 45 -46 -47
leaf_value=-0.028733291332504119 0.0011091775947906933 0.028366054236460981 -0.0047626555310562252 0.10767560801191611 -0.010750939606835968 0.079416385161204514 -0.027432291256263855 0.03742888865526766 0.016807265424868094 -0.0038967720049461634 0.031656864110458025 -0.011554067685159252 0.025414764524701941 -0.02162017533522834 0.015928999841751824 0.019887516214841545 -0.029498020732016478 0.0071770791021953445 0.062678953713792215 -0.021887236338443472 -0.0068563549376192846 0.0055927691214558923 0.00020061256877315325 -0.0049211038196266725 -0.022210179096219515 -0.0048458117809336209 -0.012459445974320372 -0.0074635554708158934 0.0087600791176040485 -0.027652351364450552 0.00070666452861254715 -0.0079573383840776026 -0.015532019052027477 -0.021948805254780587 -0.019709686099464985 -0.010397691338335815 0.0093320719073521456 -0.0034838319937669257 -0.010028308606997598 0.0030435474936337196 -0.011158492158326072 -0.016846461911805936 -0.019506415165029468 -0.025133310417902278 -0.01685627236140225 -0.031422269436604776
leaf_weight=87 121 147 99 83 94 114 98 113 159 131 119 84 80 141 82 98 80 93 84 127 155 81 126 115 98 112 131 82 82 86 81 148 100 80 128 145 113 158 119 97 81 92 124 93 80 128
leaf_count=87 121 147 99 83 94 114 98 113 159 131 119 84 80 141 82 98 80 93 84 127 155 81 126 115 98 112 131 82 82 86 81 148 100 80 128 145 113 158 119 97 81 92 124 93 80 128
internal_value=0 0.0483071 -0.0051834 0.0648574 0.0105844 0.0508819 -0.00947674 0.0236108 0.0344083 -0.00314889 0.0130855 -0.00583292 0.00119977 -0.00473197 0.00169925 0.00753838 -0.0112795 -0.00936084 0.0484576 -0.0155025 -0.0185906 -0.0105796 -0.0116265 -0.014167 -0.0204339 -0.013016 -0.0126481 -0.0224323 0.0170901 -0.0182604 -0.0143072 -0.017184 -0.00830103 -0.0102999 -0.0134592 -0.00397252 -0.00132632 0.00187473 -0.00732694 -0.0041711 -0.0166225 -0.0124925 -0.0229576 -0.0265036 -0.0231779 -0.0289009
internal_weight=0 465 4604 344 985 261 3619 532 356 1766 250 1516 662 453 176 197 854 774 197 1853 1137 716 681 256 982 210 635 772 162 384 555 374 181 508 276 500 355 271 347 216 161 174 210 388 167 221
internal_count=5069 465 4604 344 985 261 3619 532 356 1766 250 1516 662 453 176 197 854 774 197 1853 1137 716 681 256 982 210 635 772 162 384 555 374 181 508 276 500 355 271 347 216 161 174 210 388 167 221
is_linear=0
shrinkage=0.05


Tree=19
num_leaves=51
num_cat=0
split_feature=50 8 50 11 8 33 42 42 36 30 4 46 4 50 35 30 30 44 46 50 10 19 42 30 2 48 2 40 50 48 30 19 46 9 50 4 13 37 31 18 33 28 8 21 29 30 37 2 29 10
split_gain=518.404 131.579 106.591 96.2216 89.5232 83.3139 52.3408 52.1309 29.4855 40.2009 24.0463 24.5889 21.8824 21.6529 20.2264 19.9067 19.4533 18.8631 16.1184 15.5238 12.1331 9.12368 8.7577 10.3449 8.39457 8.29162 8.2289 6.88831 8.89218 5.38263 5.35237 4.65896 4.48519 5.33174 3.80731 3.8853 3.80248 3.7218 6.382 3.00279 2.92231 2.88482 2.78534 2.74304 2.36339 2.19015 2.13841 2.39464 0.646617 0.477012
threshold=4.6465747256124539 1.7994190268700072 9.2247607987567282 1.0084745762711835 1.5834782608695654 0.54164999999999719 1.2500000000000002 1.7500000000000002 60.500000000000007 156.87500000000006 1.7500000000000002 -0.15101602693478741 0.62500000000000011 1.4176913219690237 28.750000000000004 168.12500000000003 183.12500000000003 12.500000000000002 -0.13398942717002907 0.07181344507002764 2.0197709585164954 2.4014652014652023 -0.74999999999999989 190.62500000000003 737.50000000000011 0.1179402966425825 707.50000000000011 59.500000000000007 1.7434341402204938 -0.29917828677811648 121.87500000000001 2.1800271841727707 0.3484035575467645 0.70355339059327393 -0.70720494842061032 1.0000000180025095e-35 24.500000000000004 12.500000000000002 6.5000000000000009 97.500000000000014 0.95835000000000303 67.812500000000014 1.0721739130434786 0.10760042636103863 8.1875000000000018 110.62500000000003 38.500000000000007 707.50000000000011 10.812500000000002 1.1055633316046993
decision_type=2 2 2 2 2 2 2 2 2 2 2 2 2 2 2 2 2 2 2 2 2 2 2 2 2 2 2 2 2 2 2 2 2 2 2 2 2 2 2 2 2 2 2 2 2 2 2 2 2 2
left_child=1 6 4 7 5 -2 12 16 9 14 11 -11 15 21 18 24 19 -9 26 -3 -15 40 44 32 34 30 27 28 -8 -13 31 39 33 36 -1 42 -24 -37 -39 -20 -5 -26 -36 49 -14 -28 47 -35 -46 -34
right_child=2 3 -4 13 -6 -7 8 17 -10 10 -12 29 22 20 -16 -17 -18 -19 25 -21 -22 -23 23 -25 41 -27 45 -29 -30 -31 -32 -33 43 46 35 37 -38 38 -40 -41 -42 -43 -44 -45 48 -47 -48 -49 -50 -51
leaf_value=-0.018028193706555701 0.062444021087700891 -0.011353104299078473 0.1032769888814758 -0.022610333753715552 0.076692328780987543 -0.00013924347683662338 -0.0036266693204388394 0.029178337364767989 -0.026439273222225959 0.04086142199902007 -0.0093854493840977004 0.00068159130547779155 -0.020218349983695691 -0.0017001587631446974 0.018095180639222767 0.010550455543242637 0.032720435479836121 0.061267755726502018 -0.011264049241964875 0.017432682551355716 0.024623953694587246 3.0749040440871167e-06 -0.014559096700130877 0.001042619689805321 -0.012603336151611681 -0.0017018853714610011 -0.0038288803318411941 -0.0054730954197089168 0.017459979879133631 0.018353144952433779 -0.028215382143112255 -0.0045384194515645506 -0.030040921435769027 -0.0085160527225776484 0.0040587271028638692 -0.018356684884056448 -0.00031353696129776329 -0.015368518296286071 0.0028858782797955822 -0.024204270026297312 -0.010784457070339058 -0.025122094581956453 -0.0070201764844947251 -0.017273826960874244 -0.032974296408264263 -0.01510926245013252 -0.023147663675489594 -0.020117297097066496 -0.025450941757299006 -0.023235570242553721
leaf_weight=81 82 83 84 108 113 148 80 83 112 103 80 82 126 90 88 123 92 111 87 105 84 129 98 82 83 116 89 120 131 90 83 94 83 86 113 94 89 94 96 99 107 114 112 155 94 84 142 97 81 80
leaf_count=81 82 83 84 108 113 148 80 83 112 103 80 82 126 90 88 123 92 111 87 105 84 129 98 82 83 116 89 120 131 90 83 94 83 86 113 94 89 94 96 99 107 114 112 155 94 84 142 97 81 80
internal_value=0 -0.00450344 0.052999 0.0116411 0.0404216 0.0223468 -0.00888003 0.0278951 -0.00185399 9.41458e-05 0.0146519 0.0216532 -0.0139667 -0.00325728 -0.00474042 -0.00809256 0.0140114 0.0477588 -0.00680102 0.00473124 0.0110761 -0.0105184 -0.0183633 -0.015888 -0.011016 -0.0133584 -0.0005548 0.00406239 0.00948565 0.00998097 -0.0170684 -0.0136755 -0.0175599 -0.0146044 -0.00800823 -0.00638147 -0.00781686 -0.0102595 -0.00617842 -0.0182442 -0.0168021 -0.019938 -0.00146277 -0.0222578 -0.0257856 -0.00936142 -0.0184739 -0.0147413 -0.0296565 -0.0268629
internal_weight=0 4653 427 992 343 230 3661 474 1538 1426 355 275 2123 518 1071 910 280 194 983 188 174 344 1213 912 787 479 504 331 211 172 363 280 830 512 590 509 187 284 190 186 215 197 225 318 301 173 325 183 175 163
internal_count=5080 4653 427 992 343 230 3661 474 1538 1426 355 275 2123 518 1071 910 280 194 983 188 174 344 1213 912 787 479 504 331 211 172 363 280 830 512 590 509 187 284 190 186 215 197 225 318 301 173 325 183 175 163
is_linear=0
shrinkage=0.05


Tree=20
num_leaves=48
num_cat=0
split_feature=50 42 8 4 10 46 50 16 19 50 27 4 10 12 46 50 11 28 29 29 17 37 2 27 34 42 40 36 36 19 47 34 46 2 19 21 7 17 45 2 19 29 45 19 29 21 21
split_gain=413.671 91.7942 105.533 86.2816 81.5008 78.4138 47.9165 35.002 24.7473 24.4039 24.1065 19.5736 19.6062 17.1768 15.8723 14.249 12.9482 12.5193 15.0587 11.6135 9.74399 8.37534 7.69707 7.60206 7.88035 7.08287 6.70335 9.07337 6.50806 6.45893 6.42147 6.28403 5.93378 5.74107 5.5974 5.56988 4.52868 3.69139 3.56104 3.41508 2.68219 1.80925 1.62226 1.60275 1.59107 0.94375 0.878528
threshold=3.2732456319860437 6.2500000000000009 1.1112704686617731 0.62500000000000011 1.605714028221924 0.18281312110578132 1.4320139195430104 11.250000000000002 1.5428571428571429 0.4084471747568586 81.437500000000014 1.7500000000000002 1.6923937778759168 2.2682038834951475 -0.10837475778693638 1.8716935911844177 1.5639534883720965 58.437500000000007 7.3125000000000009 6.0625000000000009 0.96424010217113676 59.500000000000007 677.50000000000011 81.812500000000014 0.87500000000000011 -2.2499999999999996 23.500000000000004 33.500000000000007 30.500000000000004 1.745034965034965 3.5000000000000004 0.62500000000000011 0.5475998096715059 677.50000000000011 1.9210750039726683 1.0036693759470554 0.97342657342657346 1.0417391304347829 0.40614137006726808 732.50000000000011 1.9327362292879535 8.3125000000000018 -0.67803021058859214 1.6430193999548841 6.4375000000000009 0.3087964666911987 -0.48438467699631355
decision_type=2 2 2 2 2 2 2 2 2 2 2 2 2 2 2 2 2 2 2 2 2 2 2 2 2 2 2 2 2 2 2 2 2 2 2 2 2 2 2 2 2 2 2 2 2 2 2
left_child=3 2 10 4 14 -3 8 -4 -6 25 28 12 23 17 15 22 -8 -10 -19 -16 30 26 -1 33 -25 -5 -13 -28 -2 39 43 -31 36 -11 -35 42 37 38 41 46 -38 -27 -32 -21 -34 -46 -24
right_child=1 5 7 9 6 -7 16 -9 13 11 -12 21 -14 -15 19 -17 -18 18 -20 20 -22 -23 29 24 -26 32 27 -29 -30 31 35 -33 44 34 -36 -37 40 -39 -40 -41 -42 -43 -44 -45 45 -47 -48
leaf_value=0.0073450505951768719 -0.0018428925679303534 0.08762655251719538 0.026612444085055101 -0.032402915285711875 -0.014482354015851294 0.028957061038925015 0.039300933558364178 0.06344448724475045 0.032374270868432878 -0.0027320616538658356 0.019844385547582638 -0.01983109908317222 0.01341503172647208 -0.0087466390001341952 0.0034780280237612818 0.012823568312968645 0.018181110418307538 0.019784354715969187 -0.0061298393122442485 -0.0078329891417879705 -0.025430629842701093 -0.027955276200659258 -0.005019389354146836 -0.0084929394479519842 0.0090766910602452979 -0.02310143327847233 0.0065675635175521385 -0.016687657511245242 -0.021672718334989047 0.0085983453196999821 -0.015850580937424027 -0.0097837240922517416 -0.016194732398712188 -0.025291389158616465 -0.0089494052186604046 -0.0048757009905257068 -0.025916901550383543 -0.0014096853722419059 -0.0056095548505409364 -0.021369588380982449 -0.014169114737160272 -0.012396854090981096 -0.026230791406591 0.0020937355626144526 -0.027198049453145356 -0.020343128970349567 -0.012359281388197052
leaf_weight=103 85 123 133 88 130 108 157 129 84 105 96 150 144 90 102 143 140 146 90 81 156 116 81 144 113 84 82 84 80 91 85 93 83 104 108 80 101 83 93 82 103 83 80 80 159 103 86
leaf_count=103 85 123 133 88 130 108 157 129 84 105 96 150 144 90 102 143 140 146 90 81 156 116 81 144 113 84 82 84 80 91 85 93 83 104 108 80 101 83 93 82 103 83 80 80 159 103 86
internal_value=0 0.0342342 0.0225664 -0.00588645 0.0011067 0.0604397 0.013344 0.0449196 0.00445317 -0.0130409 4.1704e-05 -0.00808935 -0.00302119 0.0104777 -0.0065242 -0.0011451 0.0294399 0.015895 0.00991766 -0.0120148 -0.0148279 -0.0164864 -0.00488875 -0.00716072 -0.000762533 -0.0188373 -0.0122014 -0.0052296 -0.01153 -0.00780909 -0.0107014 -0.000695256 -0.0174642 -0.0123292 -0.0170473 -0.0157836 -0.0141748 -0.0106124 -0.0135335 -0.0130421 -0.0200835 -0.0178867 -0.0210111 -0.00291798 -0.0226235 -0.0245908 -0.00885028
internal_weight=0 754 523 4310 2180 231 837 262 540 2130 261 1150 718 410 1343 679 297 320 236 664 562 432 536 574 257 980 316 166 165 433 406 184 892 317 212 245 547 343 260 249 204 167 165 161 345 262 167
internal_count=5064 754 523 4310 2180 231 837 262 540 2130 261 1150 718 410 1343 679 297 320 236 664 562 432 536 574 257 980 316 166 165 433 406 184 892 317 212 245 547 343 260 249 204 167 165 161 345 262 167
is_linear=0
shrinkage=0.05


Tree=21
num_leaves=48
num_cat=0
split_feature=50 50 8 30 43 8 6 46 36 50 46 8 8 50 30 45 30 29 46 37 2 31 0 46 30 45 0 50 6 49 50 30 7 40 36 45 29 22 5 17 21 9 46 19 46 6 2
split_gain=303.592 75.7646 107.842 72.3858 55.4632 50.168 49.7116 59.3061 45.2114 36.9028 30.6884 26.1409 25.9299 20.0103 19.8135 16.5944 12.0359 11.5394 15.5446 10.7727 8.57628 8.34824 8.18729 7.81468 8.43905 7.63514 6.27828 6.54889 5.58329 6.822 5.05185 4.62474 4.39652 4.18496 8.06058 7.85687 3.95716 3.84031 2.6507 2.27506 2.31927 2.2652 2.20088 1.85824 1.78445 0.681905 0.48777
threshold=3.2732456319860437 9.2247607987567282 1.6147826086956523 170.62500000000003 0.19375000000000003 1.4924729570289672 1.5428571428571434 0.26659387353423869 31.500000000000004 1.4744761099030941 0.57605713708605399 2.1409937888198765 2.5539130434782611 -1.5947935216376263 211.87500000000003 0.40614137006726808 51.875000000000007 5.3958250000000012 0.2499757677084001 59.500000000000007 662.50000000000011 6.5000000000000009 86.750000000000014 0.3484035575467645 136.87500000000006 -0.40614700388750385 79.125000000000014 -0.28180103284439179 -0.34285714285714292 90.488152686857504 0.17531034265668669 105.62500000000001 1.0041977657685934 69.500000000000014 16.500000000000004 -0.031173458710879235 8.6875000000000018 90.750000000000014 1.0000000180025095e-35 0.96424010217113676 0.38768779821410965 0.70355339059327393 -0.57782411410281842 1.745034965034965 -0.57077231802681661 0.68571428571428628 692.50000000000011
decision_type=2 2 2 2 2 2 2 2 2 2 2 2 2 2 2 2 2 2 2 2 2 2 2 2 2 2 2 2 2 2 2 2 2 2 2 2 2 2 2 2 2 2 2 2 2 2 2
left_child=3 2 6 9 13 15 7 8 -2 16 14 19 -4 -5 -7 21 -1 25 20 23 -19 -6 -15 24 28 -18 27 -20 -11 36 37 -25 -29 34 43 -36 -30 38 41 40 46 -22 -43 44 -32 -42 -28
right_child=1 -3 12 4 5 10 -8 -9 -10 11 -12 -13 -14 22 -16 -17 17 18 26 -21 30 -23 -24 31 -26 -27 39 32 29 -31 33 -33 -34 -35 35 -37 -38 -39 -40 -41 45 42 -44 -45 -46 -47 -48
leaf_value=0.0034126364571420709 0.041942535848304464 0.074182524926783081 0.038339781892256279 -0.02875826062037326 -0.016393966456006655 0.02650695738731251 0.035186648755734497 -0.027940960088744762 -0.0079705558837421479 -0.009301643558712892 0.0093920401560014816 0.020534778152465485 0.074046081884663148 -0.0085411439579016028 0.059510834624549161 0.020301558755706123 -0.0099466142739198619 0.0034735428782998127 -0.022434991080727842 -0.016442244967683813 -0.010415391015944318 0.0051310339160723457 0.011711111393423727 -0.0012991975794788093 0.016168661678598806 0.0074454030813237209 -0.020990378258838541 -0.013727985121219305 0.016317927808197866 -0.0091303449887109086 -0.010364196856971831 -0.015961035703457232 0.00097325699242912687 -0.017409566166135697 -0.0065501003804673934 0.012003454926627783 0.0024983464890725115 -0.025123299851461695 -0.0075517004080192787 -0.027983865399555483 -0.012190190183838117 -0.013539364626260729 -0.025003224294274474 -0.0076223237750430899 -0.020763987633177924 -0.019033051566843508 -0.027540600183693805
leaf_weight=127 88 83 145 91 101 91 127 127 92 128 101 131 82 129 96 80 142 106 134 132 120 80 80 103 90 112 83 138 82 82 89 112 80 108 158 88 139 80 146 147 80 87 90 140 83 85 84
leaf_count=127 88 83 145 91 101 91 127 127 92 128 101 131 82 129 96 80 142 106 134 132 120 80 80 103 90 112 83 138 82 82 89 112 80 108 158 88 139 80 146 147 80 87 90 140 83 85 84
internal_value=0 0.0293877 0.0236594 -0.00515218 0.00794062 0.0173764 0.00900936 -0.00189876 0.0165283 -0.00832404 0.0317273 -0.000197167 0.0515063 -0.00932727 0.0436765 0.00148036 -0.0115611 -0.0123612 -0.0135642 -0.0033461 -0.0101257 -0.00690424 -0.000770232 -0.000978208 0.0023329 -0.00227857 -0.0189039 -0.0137623 -0.000586977 0.00311295 -0.01134 -0.00897553 -0.00835322 -0.00842954 -0.00666343 0.00010867 0.00767638 -0.0150231 -0.0131467 -0.0226458 -0.0202054 -0.0158625 -0.0194762 -0.0119863 -0.0154737 -0.0158087 -0.0244294
internal_weight=0 744 661 4355 849 549 434 307 180 3506 288 999 227 300 187 261 2507 2380 2126 868 1295 181 209 736 521 254 831 352 431 303 1189 215 218 666 558 246 221 523 443 479 332 297 177 312 172 165 167
internal_count=5099 744 661 4355 849 549 434 307 180 3506 288 999 227 300 187 261 2507 2380 2126 868 1295 181 209 736 521 254 831 352 431 303 1189 215 218 666 558 246 221 523 443 479 332 297 177 312 172 165 167
is_linear=0
shrinkage=0.05


Tree=22
num_leaves=48
num_cat=0
split_feature=50 30 4 45 33 3 1 4 42 45 42 35 42 49 10 42 35 50 37 10 31 27 2 21 4 14 40 0 8 2 6 34 42 5 17 17 7 27 9 6 21 41 48 50 7 45 10
split_gain=345.103 108.876 85.0778 72.3768 70.5241 74.5394 59.5683 39.5575 34.3542 29.7785 18.2767 19.6405 16.5974 14.258 27.8882 11.4435 10.1525 9.60207 8.7917 10.6357 13.8382 8.19961 7.22472 9.81475 7.00415 6.2173 5.61206 5.08685 4.98758 4.61997 4.0175 3.95223 4.41426 3.64048 3.16475 2.78667 2.70205 3.33886 3.54835 3.00773 3.70898 2.67536 3.69491 1.48406 0.962796 1.36732 1.35938
threshold=4.2823454033010231 184.37500000000003 1.7500000000000002 0.82414472752956958 0.54164999999999719 102.50000000000001 71.500000000000014 1.0000000180025095e-35 -1.0000000180025095e-35 0.39036257410962044 0.75000000000000011 30.625000000000004 1.0000000180025095e-35 88.931477589422713 1.5951072541767612 1.7500000000000002 21.250000000000004 1.5397667691962342 66.500000000000014 1.823323412910999 6.5000000000000009 77.312500000000014 682.50000000000011 0.37113079475081184 0.62500000000000011 1.0000000180025095e-35 3.5000000000000004 82.250000000000014 1.2748681758537421 727.50000000000011 0.34285714285714264 1.5625000000000002 2.2500000000000004 1.0000000180025095e-35 0.96148148148148149 0.78416149068322993 -2.0874125874125866 80.937500000000014 0.91854115235469758 0.34285714285714314 -0.55902373488579105 1.0000000180025095e-35 -0.23369306784492064 0.35539443979473623 1.0234965034965036 -0.45274443793211405 1.2502447870406355
decision_type=2 2 2 2 2 2 2 2 2 2 2 2 2 2 2 2 2 2 2 2 2 2 2 2 2 2 2 2 2 2 2 2 2 2 2 2 2 2 2 2 2 2 2 2 2 2 2
left_child=1 6 8 4 -2 -6 -1 12 -3 13 24 18 33 14 -10 -11 17 41 19 22 -21 -4 23 30 25 -9 -27 -25 -19 -28 -12 32 34 -8 35 -24 -26 43 39 40 -39 -14 -43 44 45 -38 -47
right_child=3 2 21 -5 5 -7 7 10 9 15 11 -13 16 -15 -16 -17 -18 28 -20 20 -22 -23 31 27 36 26 29 -29 -30 -31 -32 -33 -34 -35 -36 -37 37 38 -40 -41 -42 42 -44 -45 -46 46 -48
leaf_value=0.032279576535162689 0.060794062399454098 -0.0011191226845819204 -0.030157475409178455 0.075617633355331837 0.04891086188779975 -0.010088839008044588 -0.0046319167744549158 -0.0011984113038900172 -0.013141986382443731 0.028620711058854709 -0.0059350586432642006 0.011242124592284049 0.0028080906267859973 0.031803313619457187 0.024526450935963211 0.054099557184822213 0.018937621813128205 0.0041493920080604091 -0.022275142264552416 -0.011377982968567974 0.01565019995928742 -0.0083258780954699775 -0.014977112293590431 -0.003840576236187998 -0.026304104643824856 -0.023931258278039907 -0.0035358138442380047 0.013443769852596302 0.019392015462382194 -0.017071449833326542 -0.019362198397713276 -0.020352478554714545 -0.0010246380454757148 -0.017956049435417214 -0.020615772306284107 -0.0049589625125918248 -0.025442473102866871 -0.0065994304903771416 -0.021572952815996749 -0.0038463322725594759 -0.021293700031977402 -0.0014948167062054079 -0.015403556576032327 -0.014360554836882027 -0.026322810901040883 -0.021501603228810791 -0.012124301769977643
leaf_weight=90 118 139 80 115 87 136 102 128 81 85 138 126 95 111 122 102 106 154 119 89 99 94 156 89 94 102 133 80 82 120 94 154 89 104 109 127 80 80 104 103 95 113 82 95 96 86 80
leaf_count=90 118 139 80 115 87 136 102 128 81 85 138 126 95 111 122 102 106 154 119 89 99 94 156 89 94 102 133 80 82 120 94 154 89 104 109 127 80 80 104 103 95 113 82 95 96 86 80
internal_value=0 -0.00413506 0.012447 0.0414182 0.0296973 0.0130446 -0.00769602 -0.00867606 0.0208706 0.0269616 -0.0114701 -0.00756877 0.000878687 0.0174638 0.00950544 0.0427321 0.00489683 0.00203675 -0.00934066 -0.00806598 0.00286244 -0.0184784 -0.01005 -0.00477883 -0.0155671 -0.010659 -0.0140572 0.00437231 0.00950503 -0.00999781 -0.0114351 -0.0133659 -0.0110915 -0.0114129 -0.0133687 -0.0105146 -0.0181491 -0.0171822 -0.0136917 -0.0106766 -0.014652 -0.00405267 -0.00739237 -0.0201951 -0.0217693 -0.0198929 -0.0170821
internal_weight=0 4607 814 456 341 223 3793 3703 640 501 2865 1469 838 314 203 187 632 526 1343 1224 188 174 1036 401 1396 483 355 169 236 253 232 635 481 206 392 283 913 819 382 278 175 290 195 437 342 246 166
internal_count=5063 4607 814 456 341 223 3793 3703 640 501 2865 1469 838 314 203 187 632 526 1343 1224 188 174 1036 401 1396 483 355 169 236 253 232 635 481 206 392 283 913 819 382 278 175 290 195 437 342 246 166
is_linear=0
shrinkage=0.05


Tree=23
num_leaves=48
num_cat=0
split_feature=50 29 3 30 42 1 43 20 47 46 41 37 1 46 36 35 1 29 46 29 50 29 20 6 2 31 6 20 1 50 6 9 30 29 2 2 6 1 6 46 47 21 48 30 48 14 46
split_gain=267.256 84.8075 115.947 74.5411 65.0009 44.2498 43.244 36.5183 34.4454 30.9786 37.2645 26.2483 24.0109 19.822 14.1974 19.8413 13.4303 12.3623 11.7364 10.6726 7.41743 7.30387 7.08754 6.99989 5.48241 5.2381 4.92084 4.7881 4.68762 4.31955 4.29061 3.67785 3.57664 3.57239 4.14552 3.21011 2.84899 2.72095 2.50446 2.3429 2.2803 2.25583 1.90318 1.73756 1.63516 1.31198 0.835819
threshold=3.3280458421011123 6.9375000000000009 182.50000000000003 174.16667500000003 7.2500000000000009 72.500000000000014 -0.34999999999999992 1.1869894811071284 5.5000000000000009 -0.13398942717002907 1.5000000000000002 8.5000000000000018 78.500000000000014 0.3484035575467645 43.500000000000007 33.750000000000007 81.500000000000014 5.5625000000000009 0.77652048701313048 7.3125000000000009 1.6806717173053018 8.1875000000000018 1.1229891076665273 -0.64285714285714246 677.50000000000011 6.5000000000000009 -0.34285714285714292 1.2880654123997781 87.250000000000014 0.15867528786654364 1.5428571428571434 0.61862036604191917 141.87500000000006 6.9375000000000009 687.50000000000011 737.50000000000011 -1.1999999999999993 87.250000000000014 -1.0026578073089694 -0.67801649466304881 6.5000000000000009 0.43826178912495101 -0.31564677925408408 83.125000000000014 -0.1932417676391239 2.5000000000000004 0.6174544326165855
decision_type=2 2 2 2 2 2 2 2 2 2 2 2 2 2 2 2 2 2 2 2 2 2 2 2 2 2 2 2 2 2 2 2 2 2 2 2 2 2 2 2 2 2 2 2 2 2 2
left_child=3 4 7 5 8 -1 21 -3 -2 10 -8 -11 -4 14 15 17 19 -7 -13 22 24 -5 -15 -16 40 28 -22 31 -25 43 38 -28 35 -18 -35 36 44 -37 -31 41 -19 -38 -41 -21 -26 -44 -36
right_child=1 2 12 6 -6 13 9 -9 -10 11 -12 18 -14 16 23 -17 33 20 -20 29 26 -23 -24 25 32 -27 27 -29 -30 30 -32 -33 -34 34 46 37 39 -39 -40 42 -42 -43 45 -45 -46 -47 -48
leaf_value=0.024706081894173351 0.059116382156610942 0.015588614284689332 0.0010607244313827582 -0.002103124563255124 0.086300209236432279 0.013559027416964195 0.0085179177423318226 0.054874846152642931 0.01779719019357703 0.023390452869393879 0.048439309975161909 0.0049907747733717173 -0.034997580352831972 -0.0095689010679383176 -0.022824043251730347 0.019921909957557514 -0.013851161633085994 0.0058479817169258203 -0.018465198326759556 -0.014505631446746398 -0.009306899500502782 -0.02062612767352524 0.0076908759623527147 -0.0065335790137760336 -0.0091011319849216808 0.00060212605160921411 -0.0097672645866601591 0.01099557662944727 -0.019498444380486139 -0.0081450391474462477 -0.0020684408556777413 0.0045736637681761047 -0.00053619012010819994 -0.016946905295235026 -0.024684714780923225 -0.010123517516686387 -0.0075782319924479237 -0.022811696654793601 -0.019504363511900328 -0.0041263977515992234 -0.0055687278278925452 0.0022794717098586262 -0.0086837563068577466 -0.024858534745681955 -0.018569533516918976 -0.017029230551328513 -0.032573553938627917
leaf_weight=100 82 112 97 120 82 83 110 127 132 141 125 137 87 120 142 82 139 85 86 80 109 95 116 139 87 92 82 115 142 88 103 96 98 141 97 85 138 89 114 90 88 99 97 97 104 99 88
leaf_count=100 82 112 97 120 82 83 110 127 132 141 125 137 87 120 142 82 139 85 86 80 109 95 116 139 87 92 82 115 142 88 103 96 98 141 97 85 138 89 114 90 88 99 97 97 104 99 88
internal_value=0 0.0281198 0.013702 -0.00477329 0.0486081 -0.00792319 0.00885639 0.0366062 0.0338311 0.0157542 0.029868 0.00658548 -0.0160856 -0.00888308 -0.00611448 -0.00393621 -0.0141182 -0.00513761 -0.00409708 -0.00980824 -0.00613977 -0.0103453 -0.00108863 -0.0133931 -0.00816811 -0.00975129 -0.000286128 0.00308996 -0.0131311 -0.0140665 -0.0104021 -0.00205049 -0.00960721 -0.0207377 -0.0236227 -0.0106066 -0.00909869 -0.0167067 -0.0146202 -0.00716576 4.20095e-05 -0.00346818 -0.0102071 -0.020287 -0.0143266 -0.0129641 -0.0285922
internal_weight=0 719 423 4338 296 3524 814 239 214 599 235 364 184 3424 2241 1726 1183 1644 223 718 1561 215 236 515 1159 373 402 293 281 482 305 178 986 465 326 888 714 174 202 523 173 237 286 177 191 196 185
internal_count=5057 719 423 4338 296 3524 814 239 214 599 235 364 184 3424 2241 1726 1183 1644 223 718 1561 215 236 515 1159 373 402 293 281 482 305 178 986 465 326 888 714 174 202 523 173 237 286 177 191 196 185
is_linear=0
shrinkage=0.05


Tree=24
num_leaves=49
num_cat=0
split_feature=50 20 42 7 8 2 42 11 2 37 42 44 29 50 45 4 18 29 50 47 19 4 21 45 14 29 21 27 49 40 37 50 29 37 8 21 19 45 48 29 40 29 8 2 7 7 27 21
split_gain=197.87 170.408 94.1079 101.171 49.6898 39.352 38.8729 26.8115 26.484 25.965 20.7027 20.5467 16.0661 19.0064 15.4842 15.1766 12.3995 10.6594 10.4552 9.92419 7.43522 7.33947 7.33049 6.17186 6.10367 5.80569 6.39275 4.89139 4.81542 3.99268 3.61837 3.51014 3.29473 5.8793 3.34562 3.26532 4.37024 3.94578 3.1989 2.61348 3.26257 2.18872 2.12243 1.98734 1.60314 1.4109 1.51565 1.37646
threshold=2.5560018018152495 0.63949518223711788 8.2500000000000018 1.4055944055944061 1.656521739130435 632.50000000000011 4.7500000000000009 1.0084745762711835 567.50000000000011 40.500000000000007 -1.0000000180025095e-35 11.250000000000002 8.8125000000000018 -0.28180103284439179 -0.11692013674435776 0.62500000000000011 127.50000000000001 6.2916750000000006 -0.3053232698534955 10.500000000000002 1.5192076183001777 3.2500000000000004 1.2268409724451887 0.24372619187392155 1.5000000000000002 5.3958250000000012 1.4264005602240888 83.312500000000014 84.366259195627535 23.500000000000004 41.500000000000007 1.5397667691962342 6.6875000000000009 22.500000000000004 0.43043478260869567 1.1941563769150039 2.3907511360598774 0.67802080537253961 0.12519602241152125 10.437500000000002 60.500000000000007 7.1875000000000009 0.7486956521739131 717.50000000000011 -0.33146853146853134 1.096323031806903 76.187500000000014 -1.0000000180025095e-35
decision_type=2 2 2 2 2 2 2 2 2 2 2 2 2 2 2 2 2 2 2 2 2 2 2 2 2 2 2 2 2 2 2 2 2 2 2 2 2 2 2 2 2 2 2 2 2 2 2 2
left_child=4 8 3 5 10 -3 11 12 -2 -10 28 -5 13 -6 -15 17 -7 24 29 21 -20 25 23 -22 -12 -17 32 35 41 -9 31 43 -27 38 -35 36 37 47 42 40 -30 -1 -34 -29 -21 46 -43 -19
right_child=1 2 -4 6 7 16 -8 18 9 -11 15 -13 -14 14 -16 19 -18 27 20 44 22 -23 -24 -25 -26 26 -28 30 39 -31 -32 -33 33 34 -36 -37 -38 -39 -40 -41 -42 45 -44 -45 -46 -47 -48 -49
leaf_value=-0.013058462037653146 -0.032726775476288411 -0.027682556559182243 0.07983132899617372 0.017479488118003837 -0.0010817602519980734 0.027855152967947956 0.066652466360978227 -0.0048920121227885478 0.011088115988012241 -0.020951129100008292 0.01794585810295592 0.045542278788052504 -0.006062615144188252 0.011595321841020759 0.037064758040704325 0.0063642864506461743 0.0011465179871513764 -0.013309734846570349 -0.0076876393091919269 -0.024825660861097276 0.0031574023680554495 -0.018279517077018397 -0.0050038109260048119 0.022723432539439786 0.00066374479528001661 -0.01678507252100615 0.0047489407409627279 -0.0019180330230033418 -0.0022626307786245328 -0.020206509165025206 0.0091086446756429695 0.0052597060736812905 -0.011132281924408205 0.0067037089932255635 -0.0060667369632818567 0.0011522588853755693 -0.0026133049758088889 -0.006355842391167244 -0.004914734589054429 -0.019445387648855464 -0.014285162573085271 -0.023700881127895104 -0.021193400826355766 -0.012559118939574855 -0.015819948080911483 -0.027147246570598756 -0.014261171011917893 -0.022928934243944599
leaf_weight=89 92 80 91 135 89 86 112 80 158 104 87 129 81 108 136 80 87 81 136 99 80 153 85 81 122 123 90 94 103 92 82 88 134 81 136 88 156 127 113 80 125 100 91 82 118 105 86 80
leaf_count=89 92 80 91 135 89 86 112 80 158 104 87 129 81 108 136 80 87 81 136 99 80 153 85 81 122 123 90 94 103 92 82 88 134 81 136 88 156 127 113 80 125 100 91 82 118 105 86 80
internal_value=0 0.0185818 0.0325325 0.0255737 -0.00560528 0.00111026 0.0419879 0.00423875 -0.00980408 -0.00166106 -0.00878941 0.0313121 0.0138488 0.0186958 0.0258847 -0.00651248 0.0145074 -0.00221465 -0.00295481 -0.0103431 0.00165936 -0.00822665 0.00683702 0.0130807 0.00790893 -0.00639347 -0.00772895 -0.00463074 -0.0163972 -0.0131529 -1.40824e-06 -0.00285474 -0.00938987 -0.00772369 -0.001291 -0.00763589 -0.00937636 -0.013018 -0.0118376 -0.0116839 -0.00888753 -0.0201769 -0.0152772 -0.00691876 -0.0200236 -0.0223018 -0.0194359 -0.0182015
internal_weight=0 1074 720 629 3961 253 376 968 354 262 2993 264 414 333 244 2305 173 1087 554 1218 382 1001 246 161 209 848 768 878 688 172 346 264 678 555 217 532 444 288 338 308 228 380 225 176 217 291 186 161
internal_count=5035 1074 720 629 3961 253 376 968 354 262 2993 264 414 333 244 2305 173 1087 554 1218 382 1001 246 161 209 848 768 878 688 172 346 264 678 555 217 532 444 288 338 308 228 380 225 176 217 291 186 161
is_linear=0
shrinkage=0.05


Tree=25
num_leaves=45
num_cat=0
split_feature=50 4 30 20 35 3 30 4 47 50 22 35 10 14 5 50 50 5 50 19 4 5 40 22 45 41 50 19 0 0 30 17 6 14 29 21 19 36 30 30 17 8 6 50
split_gain=254.697 104.232 54.1737 50.2518 49.9254 54.1469 32.3406 43.533 30.1553 29.2526 22.8118 16.7684 19.0488 15.404 15.0143 13.1083 10.1044 9.90121 13.9987 8.56568 8.16751 7.09872 10.2889 6.898 6.10041 5.61933 6.50656 5.50486 4.57454 4.77619 4.4728 4.79921 4.46731 4.2007 6.39924 4.00829 3.81474 3.49813 3.95015 3.47284 3.05808 3.00162 1.3067 0.868486
threshold=4.6465747256124539 1.0000000180025095e-35 156.87500000000006 0.16005261342073487 18.750000000000004 617.50000000000011 183.12500000000003 2.1250000000000004 10.500000000000002 1.6143840033922887 77.250000000000014 37.916650000000004 1.6195894043206689 3.5000000000000004 1.0000000180025095e-35 0.17531034265668669 1.4995650847104474 1.0000000180025095e-35 1.8510396524622978 1.8461538461538463 3.7500000000000004 1.0000000180025095e-35 34.500000000000007 86.750000000000014 0.79904096188274243 1.0000000180025095e-35 2.7938028919392939 2.1800271841727707 84.250000000000014 79.125000000000014 70.625000000000028 0.96148148148148149 0.34285714285714275 3.5000000000000004 8.6875000000000018 0.41926578323636937 1.5535138187312103 12.500000000000002 102.81250000000001 108.12500000000001 0.74537037037037046 1.0565217391304349 0.34285714285714292 0.51013554434230468
decision_type=2 2 2 2 2 2 2 2 2 2 2 2 2 2 2 2 2 2 2 2 2 2 2 2 2 2 2 2 2 2 2 2 2 2 2 2 2 2 2 2 2 2 2 2
left_child=1 2 10 -2 5 -5 11 8 9 23 -1 15 -13 14 -4 24 33 20 19 39 25 22 -18 -8 30 27 28 40 29 -27 -3 37 -31 34 -12 -21 -20 -32 -39 -19 -17 -30 -33 -35
right_child=3 6 13 4 -6 -7 7 -9 -10 -11 16 12 -14 -15 -16 17 21 18 36 35 -22 -23 -24 -25 -26 26 -28 -29 41 32 31 42 -34 43 -36 -37 -38 38 -40 -41 -42 -43 -44 -45
leaf_value=0.029195420373300158 0.0057968999637843487 -0.0082220710506654467 0.046116927999622415 0.056766167326885109 0.077335809857243365 0.0060745382739696655 -0.0016707472232690848 -0.022611241831327789 -0.01472824575426057 0.034497211773216678 0.0082078980240248029 -0.012566517122269777 0.018291070413522841 0.010349087589925313 0.018813459457652199 -0.022132416485364716 0.0034258533026635032 -0.0077304785351713637 0.0027232710355432864 0.0092077765939196192 -0.023760510192819172 -0.0028856850130386047 0.027642800787282065 0.014076810334222978 -0.0054104875390246316 -0.0038092116313055164 0.0074625665160976814 -0.0055192334193417091 0.0017270152153651 -0.010041421314547605 -0.020622885550019912 -0.02698118358384818 -0.024525646540974635 -0.013421070357189931 -0.0068506408341763372 -0.0061966473423486013 0.0180640698029065 -0.0040493792324908014 -0.016882043530321904 -0.020896616441834916 -0.011639069199251633 -0.0084226757652862971 -0.019454031149266793 -0.0059848944024171362
leaf_weight=80 90 140 136 118 100 95 135 127 99 139 133 87 115 82 83 150 95 110 80 82 96 85 81 142 151 134 80 158 159 139 147 135 88 82 148 85 82 116 125 94 137 133 132 80
leaf_count=80 90 140 136 118 100 95 135 127 99 139 133 87 115 82 83 150 95 110 80 82 96 85 81 142 151 134 80 158 159 139 147 135 88 82 148 85 82 116 125 94 137 133 132 80
internal_value=0 -0.00257328 0.0110036 0.0388039 0.048246 0.0342913 -0.00667055 0.00349659 0.00996618 0.0158642 0.00406706 -0.00887988 0.00500449 0.0289978 0.0359016 -0.00990009 0.0011742 -0.00739669 -0.00167046 -0.00702131 -0.00978917 0.00895963 0.0146644 0.00642361 -0.0146691 -0.0086314 -0.00592735 -0.0130622 -0.00757667 -0.0113338 -0.0164186 -0.0181554 -0.0157394 -0.00342255 0.000280542 0.00137699 0.0105516 -0.0145324 -0.0107476 -0.0138696 -0.0171812 -0.00290893 -0.0233464 -0.00980813
internal_weight=0 4682 1085 403 313 213 3597 642 515 416 784 2955 202 301 219 2753 704 1807 533 371 1274 261 176 277 946 1178 733 445 653 361 795 655 227 443 281 167 162 388 241 204 287 292 267 162
internal_count=5085 4682 1085 403 313 213 3597 642 515 416 784 2955 202 301 219 2753 704 1807 533 371 1274 261 176 277 946 1178 733 445 653 361 795 655 227 443 281 167 162 388 241 204 287 292 267 162
is_linear=0
shrinkage=0.05


Tree=26
num_leaves=49
num_cat=0
split_feature=43 30 16 43 4 43 43 47 20 21 14 4 47 10 9 29 35 45 30 4 3 10 41 36 21 47 3 29 6 33 45 10 2 14 27 35 28 6 4 10 40 40 48 21 36 36 17 20
split_gain=223.859 66.2922 61.1725 88.9218 42.9753 38.6768 32.4322 37.1739 25.7661 30.4086 25.6059 19.8667 18.7579 17.2518 16.1132 14.1007 11.4614 10.948 8.66368 8.53725 7.29941 7.17387 6.93061 6.8973 6.57528 5.39273 5.50304 6.26979 5.1943 5.18634 5.17013 5.4878 4.29949 3.77774 3.71017 3.92744 3.94531 3.34282 3.71353 2.91024 2.86681 2.04179 1.77612 2.21316 1.66576 1.47466 1.10517 0.637131
threshold=4.7500000000000009 191.56250000000003 9.2500000000000018 8.2500000000000018 2.1250000000000004 2.2500000000000004 0.75000000000000011 7.5000000000000009 1.1508000771158666 0.88612064129305435 4.5000000000000009 0.62500000000000011 3.5000000000000004 2.2297615146622189 0.47155178869693098 8.3125000000000018 30.625000000000004 0.17646842360078763 108.12500000000001 3.2500000000000004 12.500000000000002 2.0874033007208967 1.5000000000000002 20.500000000000004 1.1009568933482046 10.500000000000002 67.500000000000014 7.6875000000000009 8.5288918784596845e-16 0.54164999999999719 0.29342972903661901 1.0686314721265771 707.50000000000011 2.5000000000000004 77.687500000000014 12.708349999999998 66.687500000000014 0.34285714285714292 1.0000000180025095e-35 1.4432420147015068 7.5000000000000009 30.500000000000004 0.15105118224857764 -0.072548358074683947 30.500000000000004 18.500000000000004 0.85449735449735453 0.81203619909502267
decision_type=2 2 2 2 2 2 2 2 2 2 2 2 2 2 2 2 2 2 2 2 2 2 2 2 2 2 2 2 2 2 2 2 2 2 2 2 2 2 2 2 2 2 2 2 2 2 2 2
left_child=1 5 3 10 6 11 15 12 14 -10 -2 13 -8 16 -7 22 20 -15 -16 21 29 25 -3 30 28 26 34 -28 -25 -1 37 -32 -30 -33 47 36 -36 -22 -39 41 -29 -38 43 -27 -43 -20 -21 -13
right_child=2 4 -4 -5 -6 8 7 -9 9 -11 -12 19 -14 17 18 -17 -18 -19 45 46 23 -23 -24 24 -26 42 27 40 32 -31 31 33 -34 -35 35 -37 39 38 -40 -41 -42 44 -44 -45 -46 -47 -48 -49
leaf_value=-0.02220492343433568 -0.010874567130072552 0.00057367203647518963 0.071207984438903318 0.062646482432559492 -0.017904814761797234 0.01234482326812004 0.024750319954160771 0.0052296906632585197 0.031312822608520412 -0.00049790489230433412 0.025551431300544231 -0.015245617418492466 0.0537052635638283 -0.0013630926747746925 -6.9147099504693297e-05 -0.01468814694815699 0.0082527290274656065 0.023155341992740719 -0.011991518864924292 -0.017991655873661135 -0.0052205823024040927 0.00094544851638761083 0.020383465356905672 0.0067541369993705308 0.012511693004586072 -0.020565509439710482 -0.014698506215180474 -0.004936432141030944 -0.0012004175687029045 -0.0081016404721243641 0.0068259044582439608 -0.0018215733494920039 -0.015727497005624879 -0.015961316208644161 -0.003350154423279707 -0.0031369572594424321 -0.017368605285221994 -0.0096899842546225908 -0.022717681524435259 -0.021620353870932852 0.0076986150332463994 -0.0037542827006014391 -0.023373081717640163 -0.0087957372395869576 -0.013638233082232679 -0.021805645791223138 -0.026600438777712135 -0.022155315369912765
leaf_weight=121 109 92 95 102 111 121 133 147 156 144 85 80 100 93 141 84 131 88 82 91 101 125 84 87 82 80 86 85 113 144 87 104 92 86 96 148 106 112 111 110 93 91 99 84 81 81 83 81
leaf_count=121 109 92 95 102 111 121 133 147 156 144 85 80 100 93 141 84 131 88 82 91 101 125 84 87 82 80 86 85 113 144 87 104 92 86 96 148 106 112 111 110 93 91 99 84 81 81 83 81
internal_value=0 -0.00289215 0.0364535 0.025097 0.0107006 -0.00551439 0.0156821 0.0249731 0.00489918 0.0160927 0.00513447 -0.00789609 0.0373537 -0.00385024 -0.00302138 0.00205921 -0.00576685 0.0106192 -0.00915796 -0.0117697 -0.00725341 -0.0104961 0.0100901 -0.00524358 8.88793e-05 -0.0115794 -0.00996755 -0.00369673 -0.00343051 -0.0146005 -0.00855659 -0.00352237 -0.00776459 -0.00827173 -0.0120479 -0.0102913 -0.012468 -0.0128365 -0.0162471 -0.0147096 0.00167115 -0.0119074 -0.0179953 -0.0146269 -0.00846086 -0.0169717 -0.0222267 -0.0188372
internal_weight=0 4647 391 296 751 3896 640 380 725 300 194 3171 233 1552 425 260 1371 181 304 1619 1240 1445 176 975 374 1320 1057 264 292 265 601 277 205 190 793 632 484 324 223 388 178 278 263 164 172 163 174 161
internal_count=5038 4647 391 296 751 3896 640 380 725 300 194 3171 233 1552 425 260 1371 181 304 1619 1240 1445 176 975 374 1320 1057 264 292 265 601 277 205 190 793 632 484 324 223 388 178 278 263 164 172 163 174 161
is_linear=0
shrinkage=0.05


Tree=27
num_leaves=46
num_cat=0
split_feature=42 4 46 1 10 30 4 30 46 45 4 10 3 37 46 45 21 7 29 0 46 0 3 6 38 2 46 29 37 4 42 46 2 10 18 46 8 9 9 49 16 10 10 21 13
split_gain=164.996 76.6006 58.8202 118.468 43.3943 30.7976 40.3457 26.112 20.9987 19.1461 15.5577 20.0262 16.0244 17.2975 15.8234 14.3725 10.2253 10.196 8.72479 7.19282 6.94812 6.31051 5.28312 5.19014 6.99622 7.47093 5.31517 5.81734 4.59239 4.46869 3.81012 3.62238 4.10902 6.19867 3.38506 3.02796 2.646 2.57949 2.46091 2.41449 1.97913 2.32313 1.85106 1.83591 0.990993
threshold=5.2500000000000009 1.0000000180025095e-35 0.26659387353423869 79.500000000000014 2.0874033007208967 184.37500000000003 1.7500000000000002 148.12500000000003 -0.16799793862756093 0.10837544681456425 3.7500000000000004 2.0419971878735601 27.500000000000004 14.500000000000002 0.31595530242620651 0.10837544681456425 -0.072548358074683947 1.2083916083916091 6.6875000000000009 80.750000000000014 0.33222858587828868 79.125000000000014 72.500000000000014 2.5714285714285721 1.0000000180025095e-35 707.50000000000011 -0.21862536810265826 8.3125000000000018 55.500000000000007 1.2500000000000002 1.0000000180025095e-35 0.94636490295939868 667.50000000000011 1.4742544357781413 117.50000000000001 0.83730377313544024 1.1636940176528279 0.76148270704399923 1.580021714473786 88.195869835516547 11.250000000000002 1.1658395482950017 1.1004978106279562 0.37113079475081184 28.500000000000004
decision_type=2 2 2 2 2 2 2 2 2 2 2 2 2 2 2 2 2 2 2 2 2 2 2 2 2 2 2 2 2 2 2 2 2 2 2 2 2 2 2 2 2 2 2 2 2
left_child=1 4 3 -2 7 10 8 18 -7 -6 11 14 13 -13 17 -10 -9 23 -1 31 22 -8 36 24 25 26 27 -3 30 -26 -19 32 -16 42 -33 -22 -20 -32 -12 -29 41 -27 -34 44 -21
right_child=2 5 -4 -5 9 6 21 16 15 -11 38 12 -14 -15 19 -17 -18 28 20 43 35 -23 -24 -25 29 40 -28 39 -30 -31 37 34 33 -35 -36 -37 -38 -39 -40 -41 -42 -43 -44 -45 -46
leaf_value=0.0086516085679953295 0.091274068991263071 0.014242340513737873 0.0077036175303734277 0.01445322798414005 0.011381643770922286 0.027508546527731572 -0.025098388942871055 0.029366272824816408 -0.0071699517347377992 0.041643639302914259 -0.027719877164677848 0.028080525633661035 -0.0093510957148181563 -0.0017061764210024302 -0.00088955112287531727 0.014481098902827318 0.0087186172465089258 -0.017014444836725793 -0.010486492107553536 -0.028013333215435244 -0.019282033797749815 -0.0064831674088263657 0.0092759627078394455 0.005480514963115142 -0.0067054258163548493 -0.0064938059702060779 -0.0072523289754536273 0.0049860326184241084 -0.021587652155457448 -0.020830145708678926 -0.012617506199243546 -0.010477785448379377 -0.012072513764045048 -0.0002407096510912042 -0.024890160334429572 -0.0059419429329235426 -0.00012285713509306418 -0.0022540328243086413 -0.015806687156451338 -0.0064867937468945803 -0.0036277883699060314 -0.01840982967164231 -0.021573498122384679 -0.016558108802143433 -0.019694636000987191
leaf_weight=149 92 111 142 110 95 137 98 99 148 118 111 93 143 101 114 157 153 125 109 97 93 86 92 131 136 85 118 100 109 96 98 84 119 81 83 80 140 154 80 83 107 81 98 151 80
leaf_count=149 92 111 142 110 95 137 98 99 148 118 111 93 143 101 114 157 153 125 109 97 93 86 92 131 136 85 118 100 109 96 98 84 119 81 83 80 140 154 80 83 107 81 98 151 80
internal_value=0 -0.00337059 0.0324476 0.0497182 0.00799228 -0.00693714 0.00313731 0.00324788 0.0113225 0.0282628 -0.00906164 -0.00810655 0.0033106 0.0126438 -0.00968349 0.00398592 0.0169142 -0.00658096 -0.00196422 -0.0149177 -0.00505239 -0.0164799 -0.000901089 -0.00379867 -0.00512879 -0.00257881 0.00167267 0.00526726 -0.0125605 -0.0126145 -0.00990034 -0.0115309 -0.00897461 -0.0120542 -0.0177463 -0.0131828 -0.00468335 -0.00631821 -0.0228384 -0.000224464 -0.00897764 -0.0123837 -0.0164426 -0.0208432 -0.0243852
internal_weight=0 4723 344 202 1128 3595 626 915 442 213 2969 2778 337 194 2441 305 252 1534 663 907 514 184 341 1048 917 685 412 294 486 232 377 579 412 298 167 173 249 252 191 183 273 166 217 328 177
internal_count=5067 4723 344 202 1128 3595 626 915 442 213 2969 2778 337 194 2441 305 252 1534 663 907 514 184 341 1048 917 685 412 294 486 232 377 579 412 298 167 173 249 252 191 183 273 166 217 328 177
is_linear=0
shrinkage=0.05


Tree=28
num_leaves=45
num_cat=0
split_feature=50 20 8 11 35 48 42 35 45 46 4 50 50 29 30 49 28 50 33 30 9 4 10 30 17 10 8 46 7 30 18 30 10 8 29 11 9 36 30 19 9 42 19 19
split_gain=231.896 90.4884 66.8645 54.0307 46.9546 54.6996 33.1585 29.6196 25.1435 22.491 21.2886 20.4466 14.5068 14.2076 13.0936 9.31615 8.27135 8.07028 7.91566 7.7548 10.1719 6.79267 7.24669 6.55958 4.75995 9.31946 5.85797 5.7346 4.70321 4.47569 4.41593 4.08569 4.6141 3.94514 3.79672 3.59499 3.45456 3.27735 2.3063 2.00156 1.91934 1.67855 1.26587 1.14492
threshold=4.6465747256124539 0.16005261342073487 1.7660869565217394 1.0084745762711835 18.750000000000004 -0.13268026872682284 1.0000000180025095e-35 53.750000000000007 -0.29343379936893921 0.36447543099728863 3.7500000000000004 2.7659122364066779 1.8716935911844177 5.6562500000000009 104.37500000000003 88.311372812542757 69.187500000000014 0.48921343144287027 1.1250000000000002 175.62500000000003 0.74119186184500963 1.0000000180025095e-35 1.0565499099442159 190.62500000000003 1.0385185185185188 1.6867993806478929 0.4603344481605352 -0.32613736746952143 0.87692307692307703 134.37500000000006 122.50000000000001 108.12500000000001 0.98311775456162864 1.053280896764619 7.6875000000000009 1.5639534883720965 1.5489655417161903 15.500000000000002 108.12500000000001 1.6561232459599067 0.7523853220844654 0.75000000000000011 2.9449598274669184 1.5824175824175828
decision_type=2 2 2 2 2 2 2 2 2 2 2 2 2 2 2 2 2 2 2 2 2 2 2 2 2 2 2 2 2 2 2 2 2 2 2 2 2 2 2 2 2 2 2 2
left_child=2 -2 7 6 5 -3 -4 9 -8 10 11 19 18 -11 -10 -13 17 35 29 21 -21 22 -1 31 25 26 34 28 30 -5 -28 32 -19 -26 -23 -15 -12 -36 -30 -24 -29 -18 43 -37
right_child=1 4 3 12 -6 -7 8 -9 14 13 36 15 -14 16 -16 -17 41 23 -20 20 -22 24 39 -25 33 -27 27 40 38 -31 -32 -33 -34 -35 37 42 -38 -39 -40 -41 -42 -43 -44 -45
leaf_value=0.013863944590446495 -0.0045771627919748425 0.061178099723266703 -0.00030232432384595827 -0.017842485786674682 0.079771597204749953 0.010820426387747504 0.0086900282520626752 0.015045189749507699 0.021396528721237613 0.0040460341819228036 -0.027413782773708758 0.0033364362761078938 0.011148341758707107 -0.0074501229220583238 0.046613654996363975 0.025295315592057006 -0.017475213779528678 0.0013440303949152565 0.0021171002881601453 0.018245617031163081 -0.0055056215342330315 -0.0093566865095178059 -0.0079165645525539861 0.0042566220353667935 -0.0063813023549523593 0.01021966442289152 -0.0065573319248247988 -0.019410929985858444 -0.0065259089480537956 -0.0044942567023363985 0.0071303761886194993 -0.016945143348642323 -0.012510417818416362 -0.020338291258747698 -0.0025703245977376095 -0.020205350942948522 -0.013344261877630888 0.010483650240588331 -0.017243349465912172 0.00087641927143986508 -0.0099362330333459935 -0.026309180637183561 -0.023187190820122276 -0.012821043974816286
leaf_weight=83 101 111 134 150 92 105 106 159 81 121 87 111 150 87 155 85 113 110 151 85 94 88 115 98 97 86 157 141 107 109 93 141 131 108 110 113 94 84 97 146 92 126 122 115
leaf_count=83 101 111 134 150 92 105 106 159 81 121 87 111 150 87 155 85 113 110 151 85 94 88 115 98 97 86 157 141 107 109 93 141 131 108 110 113 94 84 97 146 92 126 122 115
internal_value=0 0.0364654 -0.00276642 0.00842033 0.0498954 0.0368613 0.0207867 -0.00599074 0.0290265 -0.00696798 -0.00385507 -0.00234883 -0.00210942 -0.0122262 0.0380854 0.0129395 -0.0139315 -0.0117487 -0.00697514 -0.00403575 0.00581161 -0.00513761 0.0010872 -0.00724946 -0.00683659 -0.00547226 -0.00687403 -0.00936173 -0.00606692 -0.0122638 -0.00145738 -0.0102047 -0.00620739 -0.0137973 -0.000801911 -0.0166628 -0.0202204 0.00310669 -0.0116812 -0.00301331 -0.0157283 -0.0222227 -0.018925 -0.0165531
internal_weight=0 409 4632 1036 308 216 476 3596 342 3437 2160 1979 560 1277 236 196 1156 917 410 1783 179 1604 344 480 1260 1055 969 687 454 259 250 382 241 205 282 437 181 194 204 261 233 239 350 228
internal_count=5041 409 4632 1036 308 216 476 3596 342 3437 2160 1979 560 1277 236 196 1156 917 410 1783 179 1604 344 480 1260 1055 969 687 454 259 250 382 241 205 282 437 181 194 204 261 233 239 350 228
is_linear=0
shrinkage=0.05


Tree=29
num_leaves=46
num_cat=0
split_feature=50 8 45 42 29 16 11 19 37 50 20 50 46 30 30 0 16 35 0 46 27 45 10 42 45 49 8 30 27 10 23 8 49 10 42 28 25 35 21 3 20 3 29 31 49
split_gain=158.805 69.1698 62.0859 60.9241 59.5431 36.181 26.9653 19.1678 18.8439 23.4028 18.3727 17.9549 15.8345 14.7446 12.356 12.1317 12.3322 10.7466 10.1046 9.85789 9.30206 12.8683 8.33927 6.57249 5.68504 5.0987 4.92884 4.38104 4.52088 4.27443 4.24211 4.17932 3.8383 5.28835 3.80383 3.53469 3.46737 3.74091 2.86616 2.90856 1.96095 3.13566 1.76809 1.39862 0.675258
threshold=4.6465747256124539 1.4843478260869569 0.82414472752956958 1.7500000000000002 7.3125000000000009 10.500000000000002 1.5639534883720965 1.4308462394113119 66.500000000000014 2.5560018018152495 2.6169886254096784 -0.32645281125727615 -0.23537842981696178 169.37500000000003 169.37500000000003 81.750000000000014 9.2500000000000018 23.125000000000004 82.750000000000014 0.36447543099728863 83.937500000000014 0.40614137006726808 1.917974380397176 1.0000000180025095e-35 0.48314048284850658 83.015367210122562 1.0982608695652176 98.125000000000014 83.937500000000014 1.655401544311071 88.250000000000014 2.0932628230172465 89.978997056659168 1.2563109932763494 -1.0000000180025095e-35 70.687500000000014 1.0000000180025095e-35 3.035699999999999 -0.053162992060940432 82.500000000000014 0.091881451881451887 17.500000000000004 9.8125000000000018 6.5000000000000009 87.229058502303317
decision_type=2 2 2 2 2 2 2 2 2 2 2 2 2 2 2 2 2 2 2 2 2 2 2 2 2 2 2 2 2 2 2 2 2 2 2 2 2 2 2 2 2 2 2 2 2
left_child=1 8 4 7 6 -5 -2 29 9 14 12 31 -7 17 19 16 -11 24 35 23 21 -16 -15 40 -13 26 34 36 30 -3 -29 -9 -30 -34 -21 -10 -25 -38 -36 -40 -1 -42 -27 -43 -39
right_child=2 3 -4 5 -6 10 -8 11 18 15 -12 13 -14 22 20 -17 -18 -19 -20 25 -22 -23 -24 27 -26 42 -28 28 32 -31 -32 -33 33 -35 38 -37 37 44 39 -41 41 43 -44 -45 -46
leaf_value=-0.017393209111711865 0.019214771123050336 -0.019941324775263801 0.065514815691000747 0.001165012805722654 -0.0057168531230298173 0.04120314292563701 0.05892720854885522 -0.012758339914493265 -0.019443092720431029 0.010489071149771151 0.050475938606609289 0.0035626932755985761 0.013800387374706758 0.0099769437100945251 -0.012500104225660719 0.0169980251118305 -0.015568400194718578 0.018263750865922444 -0.0082540541652671856 -0.019059178024671334 0.016688240066538625 0.010884049375541509 0.032244269163120634 -0.0079723443825625712 -0.011590970733599498 -0.015330724328966209 -0.00097011064227001803 -0.0060890524463679697 0.0060204351244052667 -0.0066384721860122779 -0.019560895994800376 -0.00029404663965408882 -0.013719434057858505 0.0024230169622016327 -0.014991970283971232 -0.034095119960882048 -0.00285652399806214 0.011632955114552637 -0.010411267088892163 0.0014669322361615265 -0.017109837189888243 -0.010284820304717869 -0.024646600643172863 -0.0022835208614862229 0.0050443177564532416
leaf_weight=95 90 112 94 155 135 80 83 149 97 94 85 159 156 89 142 157 86 83 142 151 80 99 81 89 100 141 116 153 96 133 95 122 106 96 145 80 136 80 134 83 87 99 89 122 80
leaf_count=95 90 112 94 155 135 80 83 149 97 94 85 159 156 89 142 157 86 83 142 151 80 99 81 89 100 141 116 153 96 133 95 122 106 96 145 80 136 80 134 83 87 99 89 122 80
internal_value=0 -0.00257578 0.0301361 0.00625209 0.0191616 0.0210205 0.0384967 -0.000599991 -0.0067648 -0.00547116 0.0305747 0.00322134 0.0232241 0.00872408 -0.00712979 0.00688668 -0.00197784 0.00272157 -0.0182733 -0.00847041 0.00202682 -0.00288888 0.0207132 -0.00577325 -0.00231022 -0.0126474 -0.0102883 -0.00345764 -0.00633368 -0.0127761 -0.0113075 -0.00716882 -0.00217045 -0.00607363 -0.0123893 -0.0262198 0.000626954 0.00323069 -0.00956233 -0.0058821 -0.0111009 -0.0091101 -0.0190267 -0.005898 0.00839043
internal_weight=0 4674 402 1504 308 476 173 1028 3170 2851 321 783 236 512 2514 337 180 342 319 2193 321 241 170 1334 259 859 629 931 546 245 248 271 298 202 513 177 385 296 362 217 403 308 230 221 160
internal_count=5076 4674 402 1504 308 476 173 1028 3170 2851 321 783 236 512 2514 337 180 342 319 2193 321 241 170 1334 259 859 629 931 546 245 248 271 298 202 513 177 385 296 362 217 403 308 230 221 160
is_linear=0
shrinkage=0.05


Tree=30
num_leaves=46
num_cat=0
split_feature=50 20 35 50 28 49 33 30 30 30 46 36 50 22 42 45 20 0 42 23 7 49 34 18 2 30 46 13 19 10 45 33 50 13 30 11 18 30 21 34 3 30 48 31 19
split_gain=126.926 62.7949 56.5557 40.2866 37.0791 63.0199 35.4395 33.6868 22.9994 23.1251 20.1614 18.7834 14.3265 14.6955 13.2679 12.0165 9.59586 8.80184 9.13325 10.228 8.52599 9.04076 8.28284 7.42285 6.17602 5.5283 4.53182 7.03725 4.5005 6.19276 5.27282 3.99167 5.10932 4.98095 3.45937 3.24402 3.15156 3.93734 2.93344 2.5047 2.36688 2.02979 1.78812 1.72851 1.36549
threshold=2.5560018018152495 0.63949518223711788 21.250000000000004 4.3987423452004224 59.812500000000007 86.016895610695556 0.95835000000000303 194.37500000000003 213.12500000000003 138.12500000000006 0.85561368268953431 39.500000000000007 0.17531034265668669 74.750000000000014 -1.0000000180025095e-35 -0.54220184589352438 -0.041668676151434741 84.250000000000014 2.2500000000000004 87.250000000000014 1.0041977657685934 83.863055341330536 1.3750000000000002 87.500000000000014 737.50000000000011 102.81250000000001 -0.14250536273956091 19.500000000000004 4.8065934065934073 2.182798633515028 0.77788564761185042 0.31250000000000006 -0.52167850225228551 29.500000000000004 73.125000000000014 2.7500000000000004 87.500000000000014 114.06250000000003 -0.18973477526109403 0.87500000000000011 67.500000000000014 106.87500000000001 0.089021818108660361 6.5000000000000009 2.0236375686496424
decision_type=2 2 2 2 2 2 2 2 2 2 2 2 2 2 2 2 2 2 2 2 2 2 2 2 2 2 2 2 2 2 2 2 2 2 2 2 2 2 2 2 2 2 2 2 2
left_child=7 8 4 -4 6 -6 -3 12 9 16 14 -7 28 -14 -9 -16 -2 20 19 -19 25 22 -22 -17 26 34 27 -21 29 30 31 41 42 43 -15 38 39 -38 -27 -29 -36 -1 44 -34 -33
right_child=1 2 3 -5 5 11 -8 10 -10 -11 -12 -13 13 17 15 23 -18 18 -20 24 21 -23 -24 -25 -26 35 -28 36 -30 -31 -32 32 33 -35 40 -37 37 -39 -40 -41 -42 -43 -44 -45 -46
leaf_value=-0.01418719539012183 0.0060764361814492282 0.055100136164464464 0.026223269181459081 0.072357990775695616 -0.020472146871215697 0.010762939491628935 0.010172669771181551 -0.001065279716035215 -0.025140963225479585 0.024004148260349096 -0.0096969011385007811 0.041193844431854157 0.016865091415189475 -0.014138971874059212 0.0051098549962570929 0.015052238022010909 -0.016607585989092431 0.012411475996966907 0.012094849891202377 0.0085656932158675713 0.011402178871373101 -0.013830369601975074 -0.0067515234462916856 0.035701999461485279 -0.015093457566127483 -0.011702010378516189 -0.011469854139591007 -0.0043158971470592623 -0.021976553400932457 0.00059405309148132803 -0.0023924398707765109 -0.015382867611121518 -0.0054916856738045907 -0.015254545805150087 -0.0081206202195062364 -0.0069479504888433786 -0.0026350230912888244 -0.01521302629705696 -0.022866140840897716 0.0074114073958983758 0.0016422993089803611 -0.023991972004233669 -0.020123861216601327 0.0035166947379153463 -0.0070519225895242371
leaf_weight=141 89 91 111 84 140 133 85 122 82 100 132 82 82 107 105 82 96 96 112 142 144 105 110 98 122 102 127 103 80 129 151 126 122 96 127 83 154 104 152 80 120 92 109 93 85
leaf_count=141 89 91 111 84 140 133 85 122 82 100 132 82 82 107 105 82 96 96 112 142 144 105 110 98 122 102 127 103 80 129 151 126 122 96 127 83 154 104 152 80 120 92 109 93 85
internal_value=0 0.0148811 0.0233924 0.0463645 0.014885 0.00554705 0.0335823 -0.00437166 -0.00197374 0.00475651 0.00723104 0.0225061 -0.00621478 -0.00377402 0.0127315 0.0186206 -0.00572073 -0.00459146 -0.00132895 -0.00296034 -0.00781856 -0.00156145 0.00354469 0.02643 -0.00474678 -0.0110624 -0.00295017 -0.00107779 -0.0105393 -0.00972102 -0.0110313 -0.0125366 -0.0104404 -0.00584807 -0.00666966 -0.0156434 -0.00419531 -0.00774439 -0.0184464 0.00082321 -0.00339 -0.0181446 -0.0148714 -0.0015968 -0.0120759
internal_weight=0 1093 726 195 531 355 176 3935 367 285 539 215 3396 2172 407 285 185 2090 1040 928 1050 359 254 180 832 691 710 583 1224 1144 1015 864 631 311 354 337 441 258 254 183 247 233 320 215 211
internal_count=5028 1093 726 195 531 355 176 3935 367 285 539 215 3396 2172 407 285 185 2090 1040 928 1050 359 254 180 832 691 710 583 1224 1144 1015 864 631 311 354 337 441 258 254 183 247 233 320 215 211
is_linear=0
shrinkage=0.05


Tree=31
num_leaves=47
num_cat=0
split_feature=42 20 50 8 44 35 20 18 30 50 30 47 8 27 7 38 14 45 27 11 29 46 7 10 2 50 10 35 37 17 18 2 37 20 15 14 17 13 13 45 18 50 6 17 30 8
split_gain=112.617 85.7145 61.586 49.4321 29.4447 27.277 26.7773 18.2183 16.475 15.8666 15.6945 14.9545 13.2673 12.9484 14.227 12.3398 14.0694 12.0921 9.08112 6.88293 13.84 7.70572 7.13543 6.51354 6.23183 4.75248 5.35219 5.547 4.5153 4.15018 4.09372 3.96415 3.44062 3.2935 2.64686 3.82592 3.00075 2.61522 2.57997 2.54024 2.37755 2.63617 1.77719 1.7673 1.54469 1.12477
threshold=2.2500000000000004 0.22444946357989837 6.8713033659569769 1.174053295932679 10.500000000000002 30.625000000000004 2.442785634832354 72.500000000000014 109.37500000000003 0.10392841744782545 201.87500000000003 7.5000000000000009 0.91565217391304365 82.187500000000014 0.62937062937062982 1.5000000000000002 1.5000000000000002 0.45273815774107123 78.437500000000014 1.0084745762711835 6.8125000000000009 0.11478523713130605 0.083916083916083822 1.6785447448679547 682.50000000000011 -1.5947935216376263 1.8811110367658916 6.2500000000000009 6.5000000000000009 0.96424010217113676 102.50000000000001 712.50000000000011 17.500000000000004 2.1883329012185642 78.250000000000014 2.5000000000000004 0.7947368421052633 28.500000000000004 26.500000000000004 -0.19337636264337835 57.500000000000007 -0.40507881789108774 0.34285714285714275 1.0822072072072075 102.81250000000001 0.6547826086956523
decision_type=2 2 2 2 2 2 2 2 2 2 2 2 2 2 2 2 2 2 2 2 2 2 2 2 2 2 2 2 2 2 2 2 2 2 2 2 2 2 2 2 2 2 2 2 2 2
left_child=5 7 3 12 18 9 17 -2 -9 25 19 -12 13 14 -3 16 -7 -6 -5 20 -11 23 -22 24 30 38 29 -28 -24 32 -21 42 45 -25 35 -26 -36 -33 -1 -30 -34 -42 44 -31 -23 -27
right_child=1 2 -4 4 6 15 -8 8 -10 10 11 -13 -14 -15 -16 -17 -18 -19 -20 21 22 31 28 33 34 26 27 -29 39 43 -32 37 40 -35 36 -37 -38 -39 -40 -41 41 -43 -44 -45 -46 -47
leaf_value=-0.021144084018397399 0.0063663015781894212 0.011467453922035502 0.049299754499871701 -0.0013620346983514945 0.010372615213861172 0.023855683748822361 0.05584399758838117 -0.00080483127385377884 -0.027668308592212667 0.014095385592430832 0.023473768980847194 -0.0043245986862511365 -0.016030264698495771 0.020663463901523706 -0.01781975065133776 -0.009317872551314178 0.0017679158077808098 0.034513406869794788 0.019336946183307606 -0.00067791895643831029 -0.016892215586267412 -0.0011855207631750165 0.0086219764417148244 -0.016897941960469464 0.0047630021137893518 -0.009652104145950741 -0.011015954726424658 0.0055512651555343637 -0.011419995621192072 -0.01987923081156286 0.013925924141726951 -0.024887827091654879 -0.013157661157562457 -0.0040205954961164535 -0.016093377724985827 -0.0072438697937478444 -0.0032435719862640385 -0.012291174297851901 -0.010384433291366568 0.0004877049163761703 -0.0081424770662493571 0.0018080338320871745 -0.012855339216512463 -0.012063268670782208 -0.010499841506910943 -0.017895810302178114
leaf_weight=158 122 84 143 102 96 139 94 93 147 124 96 96 98 90 80 83 149 115 109 110 95 98 83 128 120 80 94 107 88 150 84 80 80 82 90 146 92 92 91 90 137 128 150 154 81 97
leaf_count=158 122 84 143 102 96 139 94 93 147 124 96 96 98 90 80 83 149 115 109 110 95 98 83 128 120 80 94 107 88 150 84 80 80 82 90 146 92 92 91 90 137 128 150 154 81 97
internal_value=0 0.0115269 0.0189976 0.0139544 0.0237943 -0.00525283 0.0337088 -0.00933198 -0.0173052 -0.00669773 -0.00394288 0.00962419 -0.000496564 0.00553611 -0.0028404 0.00758678 0.012474 0.0236307 0.00937158 -0.00536846 -0.000223455 -0.00719222 -0.00523643 -0.00429046 -0.00178261 -0.0110631 -0.00954315 -0.00221277 -0.00094562 -0.0113221 0.00568438 -0.0121086 -0.00858854 -0.0119125 -0.00502155 -0.00182968 -0.00965109 -0.0182601 -0.0172691 -0.00543016 -0.00565375 -0.00334746 -0.008847 -0.0159724 -0.0054353 -0.014245
internal_weight=0 1373 1011 868 516 3672 305 362 240 3301 2025 192 352 254 164 371 288 211 211 1833 480 1353 356 852 642 1276 1027 201 261 826 194 501 522 210 448 266 182 172 249 178 345 265 329 304 179 177
internal_count=5045 1373 1011 868 516 3672 305 362 240 3301 2025 192 352 254 164 371 288 211 211 1833 480 1353 356 852 642 1276 1027 201 261 826 194 501 522 210 448 266 182 172 249 178 345 265 329 304 179 177
is_linear=0
shrinkage=0.05


Tree=32
num_leaves=49
num_cat=0
split_feature=42 4 46 50 4 30 45 27 12 23 8 46 29 3 46 29 50 30 9 19 29 9 17 37 14 7 9 19 8 27 50 7 20 29 13 35 30 17 30 36 8 7 46 29 6 29 30 36
split_gain=145.72 77.7192 46.0759 42.2085 25.8232 33.881 32.8927 19.607 17.324 17.1923 16.5348 22.8093 16.2851 11.3364 9.82702 10.6084 9.72936 16.3463 6.11276 5.51923 7.72782 10.0986 6.8294 6.08367 7.6504 5.33084 4.65674 7.60828 4.52335 4.64626 4.24588 4.07146 4.76472 3.49583 3.31618 3.86867 3.73555 3.16075 3.62513 3.04753 2.99756 2.86109 2.61825 5.0412 2.16692 1.8044 1.64379 1.06941
threshold=6.2500000000000009 1.0000000180025095e-35 0.18281312110578132 2.1471850759810356 2.7500000000000004 201.87500000000003 0.51297097409535064 81.437500000000014 1.0975378787878827 72.750000000000014 2.0932628230172465 -0.091258822863740666 7.6875000000000009 187.50000000000003 0.3484035575467645 5.1875000000000009 2.8628516834870656 108.12500000000001 0.76148270704399923 2.2305741952800782 10.437500000000002 0.91854115235469758 0.96148148148148149 43.500000000000007 1.5000000000000002 0.92517482517482541 1.1303215444083681 1.3312645684162714 0.58173913043478276 78.937500000000014 0.10392841744782545 -0.77622377622377592 0.73765182186234823 6.9375000000000009 21.500000000000004 3.035699999999999 90.625000000000014 0.94987468671679209 102.81250000000001 29.500000000000004 1.6699040090344439 0.31048951048951062 -0.85225707553516283 9.9375000000000018 1.21764705882353 7.4285750000000013 108.12500000000001 7.5000000000000009
decision_type=2 2 2 2 2 2 2 2 2 2 2 2 2 2 2 2 2 2 2 2 2 2 2 2 2 2 2 2 2 2 2 2 2 2 2 2 2 2 2 2 2 2 2 2 2 2 2 2
left_child=1 3 -2 8 5 9 7 25 12 -3 11 -5 -1 26 16 -16 19 -18 -8 22 21 23 31 24 -21 -7 45 -28 37 34 -10 -11 39 -24 -30 -36 -37 38 -17 47 44 -34 -43 -44 -32 -6 -46 -33
right_child=2 4 -4 10 13 6 18 -9 30 14 -12 -13 -14 -15 15 28 17 -19 -20 20 -22 -23 33 -25 -26 -27 27 -29 29 -31 40 32 41 -35 35 36 -38 -39 -40 -41 -42 42 43 -45 46 -47 -48 -49
leaf_value=0.027677785980049521 0.056506164380124894 0.016378465102894642 0.012684473667908973 0.032614742489449948 -0.024298706221892393 -0.02052061908883801 0.03645720304173912 0.017072815619823007 -0.009945413721438293 0.0031211308707281855 0.0387976514714721 0.0027924270699480301 0.0020335391456085435 -0.032887092317558 0.0057845359144266702 -0.00050643056951415772 0.022689646035320608 -0.0076249802921665834 0.016649116135611222 0.022604881983113893 -0.01484606607849682 -0.013641427979171478 -0.020984920248058325 -0.0031519133859818855 0.0020586005770989384 -0.0031185599805726469 0.0038950070289962267 -0.015893560654278532 -0.020395731975741942 -0.025448381353397762 0.0033377982073758104 -0.01230240789319699 0.0044332235759167475 -0.0094741735580374242 -0.018180411782882669 0.0013453757853482615 -0.012616843764907591 -0.01580028152071733 -0.011551476829245844 -0.019562359896118996 0.0071406915205578254 -0.012118407093761822 0.0039666033431853135 -0.009315041047605185 -0.001522645570104942 -0.013521300523439651 -0.011081271214096482 -0.0046746588067352688
leaf_weight=109 136 81 108 113 85 85 80 89 145 117 113 147 142 89 87 156 82 95 81 86 83 80 120 106 95 91 82 117 115 97 97 89 85 152 101 90 101 107 141 91 107 111 134 151 99 81 82 98
leaf_count=109 136 81 108 113 85 85 80 89 145 117 113 147 142 89 87 156 82 95 81 86 83 80 120 106 95 91 82 117 115 97 97 89 85 152 101 90 101 107 141 91 107 111 134 151 99 81 82 98
internal_value=0 -0.00227521 0.0372406 0.00905966 -0.00578258 -0.00423128 0.00890664 -0.00193657 0.00244196 -0.0061968 0.0228724 0.015829 0.0132355 -0.016946 -0.00686262 -0.0108393 -0.00462858 0.00646765 0.0266559 -0.00586092 -0.00116415 0.00196207 -0.00769937 0.00634373 0.0118915 -0.0115914 -0.0129798 -0.00776077 -0.0124367 -0.0156015 -0.00268501 -0.00553917 -0.00687651 -0.0146107 -0.013198 -0.0103034 -0.00606505 -0.00845988 -0.00577121 -0.0120779 6.81058e-05 -0.00385145 -0.00563641 -0.0030783 -0.00266991 -0.0191523 -0.00589017 -0.00835111
internal_weight=0 4885 244 1154 3731 3277 426 265 781 2851 373 260 251 454 2770 995 1775 177 161 1598 450 367 1148 287 181 176 365 199 908 504 530 876 759 272 407 292 191 404 297 278 385 481 396 285 278 166 181 187
internal_count=5129 4885 244 1154 3731 3277 426 265 781 2851 373 260 251 454 2770 995 1775 177 161 1598 450 367 1148 287 181 176 365 199 908 504 530 876 759 272 407 292 191 404 297 278 385 481 396 285 278 166 181 187
is_linear=0
shrinkage=0.05


Tree=33
num_leaves=48
num_cat=0
split_feature=50 19 1 35 4 10 11 46 36 43 30 46 30 46 46 36 30 50 31 2 35 10 40 29 30 36 21 27 49 42 48 10 29 48 30 2 36 4 15 19 19 28 21 2 36 50 48
split_gain=134.89 83.0554 74.8344 55.9139 37.0067 35.6964 34.7071 31.7982 47.7476 28.0074 15.5702 14.1239 14.115 12.851 11.9239 9.31291 9.29366 8.12204 9.26869 6.27057 5.65815 5.57291 6.00915 8.86531 5.48011 4.81062 4.56223 4.11978 6.1587 5.00186 4.47443 3.86943 4.51825 3.86317 5.26739 5.4979 4.22073 3.77454 3.66546 3.62792 4.2119 2.93423 2.90199 3.61326 2.26277 1.55812 0.0876988
threshold=3.3280458421011123 1.8040284040284043 70.250000000000014 8.7500000000000018 1.0000000180025095e-35 1.5364651941646761 1.0084745762711835 0.26659387353423869 49.500000000000007 -0.34999999999999992 201.87500000000003 0.29958852271690523 131.87500000000003 0.5475998096715059 -0.19337245081799007 3.5000000000000004 171.87500000000003 1.7177269628839655 6.5000000000000009 742.50000000000011 33.750000000000007 1.1004978106279562 47.500000000000007 9.1875000000000018 131.87500000000003 43.500000000000007 -0.90163635215359139 81.562500000000014 90.00030571494041 0.75000000000000011 -0.22042485305200651 1.3879179162275554 6.0625000000000009 0.1561962173013059 124.37500000000001 652.50000000000011 3.5000000000000004 3.2500000000000004 79.250000000000014 0.65141231457020943 1.8040284040284043 63.062500000000007 -0.025767054111717865 722.50000000000011 3.5000000000000004 0.25503629455350568 -0.41650272157653118
decision_type=2 2 2 2 2 2 2 2 2 2 2 2 2 2 2 2 2 2 2 2 2 2 2 2 2 2 2 2 2 2 2 2 2 2 2 2 2 2 2 2 2 2 2 2 2 2 2
left_child=5 4 -3 -4 -2 11 9 8 -6 -7 17 16 15 -12 -14 -11 19 20 -19 21 37 27 23 -23 25 38 45 30 29 -29 -1 32 -28 34 35 -34 -35 39 -24 -8 -41 -37 -42 -44 -25 -13 -43
right_child=1 2 3 -5 7 6 10 -9 -10 12 13 26 14 -15 -16 -17 -18 18 -20 -21 -22 22 24 44 -26 -27 31 28 -30 -31 -32 -33 33 36 -36 41 -38 -39 -40 40 42 46 43 -45 -46 -47 -48
leaf_value=-0.013824729549666043 0.028258433359153914 0.070409001558209242 -0.0036232332378124989 0.042846994664702383 0.032297159664416583 -0.0064853594050631978 0.0019580280458756602 -0.029388120338747589 -0.019218309831058423 0.019929131748850901 0.021183789329927254 -0.012980476720258594 0.040534747807741772 -0.0045851944521668239 0.017717813910263027 -0.0016885622602767578 0.008583113400114549 -0.0060010679516320428 0.016075235178116067 -0.015836235818508276 0.0044486961230029206 0.0085992574690072973 0.0029280879697392861 -0.012998198337314248 -0.019800935996075474 -0.015847212177893609 0.0016965502636874311 -0.00065969117915782357 -0.0057595069801250291 0.014829209137877282 0.0018237855570504861 -0.018233530589805865 0.0027945943232798192 -0.011012408310053949 -0.020106458851821826 -0.0047838491620495922 0.0023177949357623896 -0.019150564123299862 -0.010045527217592583 -0.016987093606704466 3.2970135035956725e-05 -0.017877466711330652 -0.015584793992872751 -0.0023199778217214929 -0.0031305357691514702 -0.022475849794419973 -0.014428419285212402
leaf_weight=85 108 114 118 142 88 142 82 95 90 98 114 91 98 83 143 100 147 104 86 113 85 136 125 101 110 101 103 86 110 131 97 106 80 116 143 87 120 83 95 131 115 80 118 91 137 94 80
leaf_count=85 108 114 118 142 88 142 82 95 90 98 114 91 98 83 143 100 147 104 86 113 85 136 125 101 110 101 103 86 110 131 97 106 80 116 143 87 120 83 95 131 115 80 118 91 137 94 80
internal_value=0 0.020076 0.0367813 0.0218236 0.00362432 -0.00280679 0.00292037 -0.00618861 0.00628816 0.0127824 -0.00233361 -0.00638977 0.0190153 0.0103585 0.0271252 0.00905748 -0.00334854 -0.00513573 0.00402321 -0.00458281 -0.00760629 -0.00360374 -0.00619043 -0.00154595 -0.0102078 -0.00686909 -0.0107345 0.000491297 0.00384377 0.00871588 -0.0055202 -0.00926776 -0.00807195 -0.00949749 -0.0121162 -0.00857132 -0.00425316 -0.0092635 -0.00269426 -0.00770257 -0.00944408 -0.012249 -0.0063514 -0.00984775 -0.00735494 -0.0179001 -0.0162533
internal_weight=0 755 374 260 381 4347 1673 273 178 581 1092 2674 439 197 241 198 1574 895 190 1427 705 1314 805 374 431 321 1100 509 327 217 182 915 809 706 470 327 236 620 220 537 455 247 324 209 238 185 160
internal_count=5102 755 374 260 381 4347 1673 273 178 581 1092 2674 439 197 241 198 1574 895 190 1427 705 1314 805 374 431 321 1100 509 327 217 182 915 809 706 470 327 236 620 220 537 455 247 324 209 238 185 160
is_linear=0
shrinkage=0.05


Tree=34
num_leaves=48
num_cat=0
split_feature=42 46 4 10 42 46 3 30 46 15 30 23 46 30 39 46 30 19 43 34 1 49 30 7 17 4 2 17 11 7 19 10 31 30 30 40 17 46 46 2 43 19 5 34 28 45 2
split_gain=134.625 88.4852 52.0196 64.1308 53.342 17.4598 19.5586 17.3203 17.8817 17.9176 14.7861 12.1333 21.3866 12.0944 11.4962 10.3302 9.11548 7.89246 6.53439 8.04288 6.28472 10.1305 7.82481 6.04282 5.20742 4.68125 4.5312 5.36937 5.07079 5.09767 4.35369 4.726 3.57433 3.34613 2.74485 3.12729 3.3424 2.49242 2.38533 1.72045 2.17225 1.66362 1.66269 1.41358 1.40229 1.32067 0.928886
threshold=5.7500000000000009 0.18281312110578132 1.2500000000000002 1.605714028221924 2.2500000000000004 0.28313308994381592 107.50000000000001 181.56250000000003 -0.20180761162458913 66.500000000000014 193.12500000000003 71.750000000000014 -0.21022037796396451 56.875000000000007 2.5000000000000004 -0.22700609751797865 139.37500000000006 1.2289453904729049 0.75000000000000011 0.87500000000000011 88.250000000000014 88.884080780876204 129.37500000000003 -0.20979020979020965 1.0357598978288636 3.2500000000000004 682.50000000000011 0.54195804195804198 1.5639534883720965 1.0041977657685934 2.1045244410761654 1.1979518584481312 6.5000000000000009 105.62500000000001 145.62500000000003 2.5000000000000004 0.88117647058823534 -0.6905596507703472 0.45847758937963173 732.50000000000011 0.75000000000000011 1.4200154063040935 1.0000000180025095e-35 1.1250000000000002 64.812500000000014 0.67802080537253961 712.50000000000011
decision_type=2 2 2 2 2 2 2 2 2 2 2 2 2 2 2 2 2 2 2 2 2 2 2 2 2 2 2 2 2 2 2 2 2 2 2 2 2 2 2 2 2 2 2 2 2 2 2
left_child=2 -2 3 5 7 6 10 13 -9 -10 20 -6 -13 -5 15 16 17 -4 24 -20 21 30 39 -16 -15 34 27 -7 29 -28 31 32 -1 -29 35 36 -17 -19 -14 40 46 -37 44 -26 -30 -33 -22
right_child=1 -3 14 4 11 26 -8 8 9 -11 -12 12 38 18 23 25 -18 37 19 -21 22 -23 -24 -25 43 -27 28 33 42 -31 -32 45 -34 -35 -36 41 -38 -39 -40 -41 -42 -43 -44 -45 -46 -47 -48
leaf_value=0.0050593372553778002 0.05951107386983448 0.002987470722749947 0.004054175837875598 0.015473152229985597 0.043921145365187313 -0.015770162883456108 0.019360055519323165 0.033622769638895988 0.02401237653878828 -0.0068705077846451402 0.018421287473336042 0.039074397600186925 0.016135325856592466 -0.0010820096745243614 -0.02703133572221679 -0.00016011666649809253 0.0094518481088536124 -0.0075892459734209954 -0.0063111311298582641 0.012128834432460428 0.0049998618929978766 0.013835118856945043 -0.019124877964873523 -0.01052762881605601 -0.0089500838211131126 -0.021827557072329272 -0.014505679722557344 0.0057996547267495499 -0.022921256689264872 0.0023694434871125705 0.0044840755172511826 -0.01677041303921192 -0.0075859890428206364 -0.0059587679598612567 -0.0032908199674178229 -0.021715640395610449 -0.013102218982697065 -0.019334694243552365 0.0041050697711330873 -0.0099356594547215446 -0.0072818233868077635 -0.012536333227844934 -0.011221630659663299 -0.018251268971213246 -0.014333596981103053 -0.0075970588740051151 -0.0023524150627610438
leaf_weight=116 153 126 109 103 81 80 117 85 80 111 82 107 86 158 135 90 125 104 113 122 86 107 113 97 85 100 81 105 100 98 142 80 106 140 119 82 111 82 80 98 125 141 133 85 107 82 84
leaf_count=116 153 126 109 103 81 80 117 85 80 111 82 107 86 158 135 90 125 104 113 122 86 107 113 97 85 100 81 105 100 98 142 80 106 140 119 82 111 82 80 98 125 141 133 85 107 82 84
internal_value=0 0.0340861 -0.00158615 0.00159945 0.0104049 -0.00363292 -7.9307e-05 0.00417528 0.0146825 0.00612243 -0.00195637 0.0269235 0.0217384 -0.000194558 -0.0101364 -0.00792182 -0.00181653 -0.00660706 -0.00308329 0.00327279 -0.00343829 -0.000115618 -0.00758648 -0.0202059 -0.0076333 -0.0119007 -0.00925973 -0.00460983 -0.012157 -0.00530495 -0.00297437 -0.00573693 -0.000985464 -0.000916353 -0.0100358 -0.0119167 -0.00733673 -0.0128431 0.0103969 -0.0042287 -0.00230567 -0.0159936 -0.0157383 -0.0136802 -0.0185725 -0.0122022 0.00137446
internal_weight=0 279 4773 3478 1296 2182 1338 942 276 191 1221 354 273 666 1295 1063 420 295 563 235 1139 633 506 232 328 643 844 325 519 179 526 384 222 245 543 424 201 186 166 393 295 223 340 170 207 162 170
internal_count=5052 279 4773 3478 1296 2182 1338 942 276 191 1221 354 273 666 1295 1063 420 295 563 235 1139 633 506 232 328 643 844 325 519 179 526 384 222 245 543 424 201 186 166 393 295 223 340 170 207 162 170
is_linear=0
shrinkage=0.05


Tree=35
num_leaves=48
num_cat=0
split_feature=50 4 50 4 30 46 0 27 35 40 50 10 13 50 46 18 27 36 2 42 42 36 46 36 30 17 29 13 45 30 30 30 9 2 46 45 30 46 30 48 16 9 50 14 30 35 18
split_gain=147.405 68.8951 48.941 28.789 34.5052 29.1859 26.0409 23.2066 17.1257 15.4836 14.46 10.6364 9.89037 12.796 15.3817 12.4956 9.51247 11.5288 7.45683 7.39169 6.97076 6.45418 6.8014 5.88121 6.58614 8.82915 9.85547 6.45945 5.60543 5.55739 5.06329 4.86574 4.52266 4.39461 4.6703 4.25301 5.10438 3.89291 3.6343 3.37781 3.28518 3.10982 2.9373 3.23365 1.73584 1.6507 1.48783
threshold=8.5563717320649904 1.0000000180025095e-35 3.8878718376668435 1.7500000000000002 201.87500000000003 0.04621408538533487 71.625000000000014 70.062500000000014 48.750000000000007 1.0000000180025095e-35 1.5397667691962342 1.6646975845974443 17.500000000000004 2.1026498567314751 -0.23537842981696178 112.50000000000001 72.187500000000014 63.500000000000007 682.50000000000011 2.7500000000000004 1.7500000000000002 35.500000000000007 -0.61236746317008228 56.500000000000007 56.875000000000007 0.96148148148148149 6.1666750000000006 29.500000000000004 0.29342972903661901 110.62500000000003 119.37500000000001 98.750000000000071 0.5779460905347642 677.50000000000011 0.04621408538533487 0.72695311118111527 109.37500000000003 -0.42179730054635828 244.37500000000003 0.19739952681172365 14.250000000000002 1.2513811966839639 0.9809633047681886 5.5000000000000009 91.875000000000014 6.2500000000000009 112.50000000000001
decision_type=2 2 2 2 2 2 2 2 2 2 2 2 2 2 2 2 2 2 2 2 2 2 2 2 2 2 2 2 2 2 2 2 2 2 2 2 2 2 2 2 2 2 2 2 2 2 2
left_child=1 2 7 4 6 -6 -3 -1 10 -7 28 32 20 23 15 -15 -5 19 -16 21 39 22 -18 24 -14 26 -26 30 31 -30 -27 -9 -12 -28 35 36 46 -33 -11 45 -29 -23 43 -24 -36 -8 -35
right_child=-2 3 -4 16 5 9 12 8 -10 38 11 -13 13 14 18 -17 17 -19 -20 -21 -22 41 42 -25 25 27 33 40 29 -31 -32 37 -34 34 44 -37 -38 -39 -40 -41 -42 -43 -44 -45 -46 -47 -48
leaf_value=0.030300049389305729 0.06183678896264419 0.022546105217280163 0.036042023161950446 -0.02680112738738355 0.0312746889563544 0.01893358668574038 -0.0065920488400276287 -0.00042018405183165376 0.025317667763864182 0.00064817521790111509 0.010752109782525193 0.023697357812973982 0.008600496393840083 0.0022176374130966989 0.0050367568465007938 0.028967096108879726 0.0038486989833855707 -0.027148115697006387 -0.014283474272815511 0.0038317089206115771 -0.021562041003926426 -0.022047735356438655 -0.018509697139785258 -0.017854533135218339 0.01320848738989578 -0.011568694829383469 0.0031817767555304107 -0.021457609788552903 -0.0044571346265501249 0.012752242976178727 0.0027666175634658433 -0.0054901587443047135 -0.0034357111582213697 -0.0055026549389660959 -0.006106369929210119 0.0056407992099357894 -0.015811952371150257 -0.019028071574279045 -0.014234858790448579 -0.00045210862644361682 -0.010524572417140008 -0.0094798213835940309 -0.002673006469073395 -0.006352749199020802 -0.015310195895144716 -0.01544047501909992 0.0036791838153952825
leaf_weight=86 94 88 150 96 130 88 102 157 80 80 113 95 87 87 99 87 113 89 99 109 127 132 131 89 90 126 158 133 101 86 119 112 110 92 84 107 89 102 83 107 149 82 89 96 139 114 83
leaf_count=86 94 88 150 96 130 88 102 157 80 80 113 95 87 87 99 87 113 89 99 109 127 132 131 89 90 126 158 133 101 86 119 112 110 92 84 107 89 102 83 107 149 82 89 96 139 114 83
internal_value=0 -0.0010383 0.00943558 -0.00434893 -0.00183674 0.0121436 -0.00401045 0.0055746 0.00332101 0.00215025 0.0012856 0.00977844 -0.00500687 -0.00343737 0.00487824 0.0156815 -0.0119425 -0.0102165 -0.00464659 -0.00817928 -0.0116705 -0.0102182 -0.00665422 -0.00544144 -0.00467093 -0.00552 -0.00233827 -0.0105895 -0.00356324 0.00348307 -0.00462289 -0.0071147 0.00376954 -0.00421399 -0.00618325 -0.0027327 -0.00613499 -0.0120013 -0.00697089 -0.00772674 -0.0157385 -0.0172985 -0.0104103 -0.0134188 -0.011886 -0.0113117 -0.00115168
internal_weight=0 4965 1192 3773 2836 381 2455 1042 956 251 876 318 2367 1917 372 174 937 841 198 752 450 643 429 1545 1456 1369 842 527 558 187 245 371 223 752 594 371 264 214 163 323 282 214 316 227 223 216 175
internal_count=5059 4965 1192 3773 2836 381 2455 1042 956 251 876 318 2367 1917 372 174 937 841 198 752 450 643 429 1545 1456 1369 842 527 558 187 245 371 223 752 594 371 264 214 163 323 282 214 316 227 223 216 175
is_linear=0
shrinkage=0.05


Tree=36
num_leaves=50
num_cat=0
split_feature=43 20 46 4 28 11 43 30 19 46 36 48 4 46 30 3 40 30 29 46 6 43 6 2 19 46 19 18 37 30 18 29 2 46 22 30 46 49 27 48 19 44 20 30 40 36 19 46 30
split_gain=120.695 58.7834 47.9019 39.923 27.147 18.2283 19.7358 18.0339 16.9984 15.671 13.7605 15.0936 12.6469 10.1154 10.6271 10.9067 8.93851 7.91204 7.81314 6.32058 7.89981 5.26265 9.09235 7.26538 7.09168 7.48842 4.87479 5.11463 4.83331 4.17645 4.16679 4.16425 4.04611 3.29588 4.66257 3.07827 5.12383 3.42523 3.51536 3.00098 2.59611 2.4772 2.27572 2.23633 1.84585 1.74608 1.62438 1.53893 1.30641
threshold=5.2500000000000009 0.16005261342073487 0.18281312110578132 1.0000000180025095e-35 53.062500000000007 1.0084745762711835 3.7500000000000004 156.87500000000006 1.489175120365271 0.47369649395226454 47.500000000000007 0.19739952681172365 3.7500000000000004 0.3484035575467645 201.87500000000003 112.50000000000001 41.500000000000007 136.87500000000006 7.4285750000000013 0.36447543099728863 1.0000000180025095e-35 1.2500000000000002 2.5714285714285721 722.50000000000011 2.0236375686496424 -0.6391983530350368 1.6044699486559952 132.50000000000003 62.500000000000007 110.62500000000003 107.50000000000001 5.9375000000000009 687.50000000000011 0.93469109537144635 80.750000000000014 135.62500000000006 -0.71502926860092908 87.158636055570568 78.312500000000014 -0.45978582235611309 1.8526315789473689 9.2500000000000018 1.3568419815478641 116.87500000000001 62.500000000000007 5.5000000000000009 1.1439777756850933 0.79773375822167203 91.875000000000014
decision_type=2 2 2 2 2 2 2 2 2 2 2 2 2 2 2 2 2 2 2 2 2 2 2 2 2 2 2 2 2 2 2 2 2 2 2 2 2 2 2 2 2 2 2 2 2 2 2 2 2
left_child=3 -2 -3 4 -1 6 8 19 29 16 11 18 13 14 15 21 -9 -13 39 20 -6 35 23 24 25 -23 41 -28 -14 -5 -21 -15 33 34 -33 36 40 38 -38 -10 46 -22 43 47 -37 -20 -7 -34 -39
right_child=1 2 -4 5 7 12 -8 9 10 -11 -12 17 28 31 -16 -17 -18 -19 45 30 26 22 -24 -25 -26 -27 27 -29 -30 -31 -32 32 42 -35 -36 44 37 48 -40 -41 -42 -43 -44 -45 -46 -47 -48 -49 -50
leaf_value=0.028593256049567747 -0.0075140751598552734 0.058658753964581235 0.016350473641470922 -0.0039948081788726345 0.015925337326204041 0.00073247016268959719 0.024766947344383772 0.036446643400007438 0.015496722528436053 -0.0021421222397720956 -0.013910126610038182 0.0088991809374113617 -0.010853644192313694 -0.0011069641627657872 0.012172757924002197 0.012076481744763442 0.012714254674104201 0.03008714324808406 -0.0011449643736144146 0.0019696652664881482 0.00042361977574383394 0.0057271755387096907 0.013276966761433237 -0.015351206662508304 0.012383217957557931 -0.014229610752730737 0.011812786406600757 -0.0044123565094016581 -0.024639747869055553 -0.016748254978152199 -0.011882965959492921 0.0055456341132926554 -0.017885688340737477 -0.014823860820473695 -0.0092659606871801237 -0.0080773720440144355 -0.011484563285678935 -0.0100666968281495 0.0020637360124965199 0.0019825198951300728 0.005848668366106171 -0.011092364201413504 -0.018924159043158098 -0.0046491212221672351 -0.018732146598836954 -0.011246916310240825 -0.0089572249021795062 -0.0090559579492749086 -0.018375874677380145
leaf_weight=125 86 150 122 116 96 83 84 80 82 82 89 94 156 129 111 99 81 84 82 85 86 85 91 105 81 103 121 80 110 145 148 91 118 81 125 83 95 103 95 82 98 101 149 91 84 89 89 91 96
leaf_count=125 86 150 122 116 96 83 84 80 82 82 89 94 156 129 111 99 81 84 82 85 86 85 91 105 81 103 121 80 110 145 148 91 118 81 125 83 95 103 95 82 98 101 149 91 84 89 89 91 96
internal_value=0 0.0284536 0.0398116 -0.00163017 0.00677024 -0.00417089 0.00177953 0.0039019 -0.000484025 0.0156432 0.00413672 0.00728862 -0.00630363 -0.00514155 -0.00264767 -0.00383907 0.0246589 0.0190102 0.00102239 -9.36214e-05 0.00316278 -0.00506795 -0.000810441 -0.00426439 0.000104005 -0.00522403 -2.77819e-05 0.00536514 -0.0166256 -0.0111169 -0.00684261 -0.00941172 -0.0108444 -0.0062848 -0.00302909 -0.00746086 -0.00590818 -0.00957384 -0.00473508 0.00879259 -0.000611087 -0.00582216 -0.0138398 -0.01126 -0.0135163 -0.00643753 -0.00430418 -0.0141026 -0.014147
internal_weight=0 358 272 4674 1085 3589 947 960 863 243 602 513 2642 2376 1501 1390 161 178 335 717 484 1291 465 374 269 188 388 201 266 261 233 875 746 297 216 826 659 389 190 164 270 187 449 300 167 171 172 209 199
internal_count=5032 358 272 4674 1085 3589 947 960 863 243 602 513 2642 2376 1501 1390 161 178 335 717 484 1291 465 374 269 188 388 201 266 261 233 875 746 297 216 826 659 389 190 164 270 187 449 300 167 171 172 209 199
is_linear=0
shrinkage=0.05


Tree=37
num_leaves=50
num_cat=0
split_feature=42 15 4 31 35 35 2 50 50 50 8 4 47 30 42 8 29 30 7 48 30 45 37 10 29 0 2 30 48 48 35 37 9 4 45 9 6 30 30 19 31 15 36 3 8 29 21 17 21
split_gain=81.0051 48.721 35.8893 26.0771 21.6862 19.3032 27.1429 23.8999 16.056 16.0346 13.6511 8.11641 9.27831 16.6063 15.2112 7.63879 6.79416 6.65231 6.44496 6.0409 5.93726 5.66851 5.52425 5.13237 7.81252 5.12802 4.59467 4.30783 3.92778 6.98921 4.03478 4.48977 3.85308 6.70693 4.61469 3.79982 3.34427 2.99714 2.65435 3.25404 2.58962 2.58581 2.38124 2.63652 2.30676 1.94351 1.76899 1.52877 0.90403
threshold=9.2500000000000018 50.500000000000007 1.0000000180025095e-35 3.5000000000000004 33.750000000000007 37.916650000000004 697.50000000000011 1.5747614997210777 1.5397667691962342 4.7520337657867566 2.0321739130434788 2.7500000000000004 10.500000000000002 170.62500000000003 0.75000000000000011 0.4603344481605352 5.3958250000000012 55.625000000000014 1.0234965034965036 -0.46971205673958666 153.12500000000003 0.55656748448714433 17.500000000000004 1.7031875194461945 7.9375000000000009 82.250000000000014 742.50000000000011 114.06250000000003 0.35015919825151959 0.57987364713956058 16.250000000000004 10.500000000000002 0.72019365235355937 0.62500000000000011 0.26037272046371446 0.76148270704399923 1.7394957983193284 150.62500000000003 98.750000000000071 1.7895561278594154 6.5000000000000009 76.250000000000014 6.5000000000000009 37.500000000000007 0.89478260869565229 7.9375000000000009 -0.025767054111717865 0.92582417582417598 -0.44432770935502924
decision_type=2 2 2 2 2 2 2 2 2 2 2 2 2 2 2 2 2 2 2 2 2 2 2 2 2 2 2 2 2 2 2 2 2 2 2 2 2 2 2 2 2 2 2 2 2 2 2 2 2
left_child=1 -1 4 -4 8 9 -7 -8 23 11 19 12 13 15 21 27 -17 -18 -16 -10 22 -15 -21 38 -25 45 28 36 30 -30 31 44 34 -34 48 -28 40 42 39 -3 -5 -40 43 -14 -19 -13 -46 -31 -33
right_child=-2 2 3 5 -6 6 7 -9 10 -11 -12 25 37 14 18 16 17 26 -20 20 -22 -23 -24 24 -26 -27 35 -29 29 47 -32 32 33 -35 -36 -37 -38 -39 41 -41 -42 -43 -44 -45 46 -47 -48 -49 -50
leaf_value=0.030583300390120211 0.046950666898522869 -0.008626357819436185 -0.031324510956497006 0.0014843842092967404 0.022930849409557041 -0.0126109766942035 0.0049572131353973724 0.03955299208446602 -0.0065366402983938051 0.010708778185842488 0.026707464281207651 -0.021501155385504598 -0.0047737930261765628 -0.011914041195539576 0.0056626444160029661 0.0054921842003241191 0.0055015720621964274 -0.0068432774072183138 0.024602251349794633 -0.0045370136217404442 0.020263919572311422 0.0053624638120821693 0.01327474094563868 0.012699265189526535 -0.0076680279209233636 -0.0033465950445343666 -0.0084296888336106105 -0.0070973463846980044 0.0076779537305368909 -0.0043557017088528271 -0.018370954276866872 -0.0019557985008613749 0.00040248287265480618 -0.016574343356956771 0.0085927418985764156 -0.023064331352211462 -0.004630132939854867 -0.018638356361503995 -0.015066843060467525 0.0051762635994236916 0.012300380115735938 -0.0036549543750799864 -0.0034860516125927604 -0.015975560591323303 -0.011085953175400695 -0.012596238932225813 -0.02137590289373506 -0.013450184402366481 -0.0094801998386780436
leaf_weight=115 87 82 88 112 154 107 131 80 81 153 95 114 82 101 81 99 85 95 102 92 80 88 81 108 82 103 85 135 104 106 109 80 98 142 85 96 88 108 112 87 109 90 125 151 83 147 93 83 80
leaf_count=115 87 82 88 112 154 107 131 80 81 153 95 114 82 101 81 99 85 95 102 92 80 88 81 108 82 103 85 135 104 106 109 80 98 142 85 96 88 108 112 87 109 90 125 151 83 147 93 83 80
internal_value=0 -0.00144236 -0.00220442 -0.00458151 0.00553913 -0.00392655 0.00782495 0.0181988 0.00281334 -0.00505348 0.0100834 -0.00581763 -0.00490269 -0.00361608 0.00606004 -0.00544818 -0.00712957 -0.00801031 0.0162955 0.00528943 0.00908647 -0.00388407 0.00383096 -0.00275419 0.00391504 -0.0128354 -0.00887151 0.000322374 -0.00770115 -0.00268602 -0.00939485 -0.00807812 -0.0051803 -0.00966923 -0.000761545 -0.0162758 0.00357644 -0.011339 -0.00617105 -0.00153221 0.00685035 -0.0100254 -0.00909123 -0.0120706 -0.0132261 -0.016553 -0.0166133 -0.00839935 -0.00575351
internal_weight=0 4987 4872 3728 1144 3640 318 211 990 3322 429 3169 2805 2339 372 1967 1523 1424 183 334 253 189 173 561 190 364 1339 444 1158 293 865 756 485 240 245 181 309 466 371 169 221 202 358 233 271 261 176 189 160
internal_count=5074 4987 4872 3728 1144 3640 318 211 990 3322 429 3169 2805 2339 372 1967 1523 1424 183 334 253 189 173 561 190 364 1339 444 1158 293 865 756 485 240 245 181 309 466 371 169 221 202 358 233 271 261 176 189 160
is_linear=0
shrinkage=0.05


Tree=38
num_leaves=51
num_cat=0
split_feature=50 45 4 30 45 36 35 2 30 45 30 29 50 39 21 49 17 50 5 42 48 29 17 46 27 11 10 30 25 0 50 37 46 14 4 48 7 45 35 6 46 20 30 36 13 9 29 10 17 49
split_gain=122.03 68.7928 49.6196 26.1541 26.6507 25.7854 24.2234 17.6228 15.909 21.3581 12.5334 14.2692 12.177 11.9828 11.7863 10.6494 10.5731 9.00692 7.94874 9.23851 8.80607 7.7623 10.3573 6.36739 6.10335 6.08167 5.80391 4.74899 6.67849 5.41047 5.1153 4.74744 4.42692 4.40523 6.93917 3.34868 2.65452 2.40638 2.36835 2.20776 3.50824 5.5847 2.23632 2.86442 1.65968 1.1936 1.14496 1.06378 0.940083 0.638942
threshold=6.8713033659569769 0.35846314187849709 1.0000000180025095e-35 141.87500000000006 0.79383249484937135 60.500000000000007 37.916650000000004 697.50000000000011 201.87500000000003 0.51297097409535064 60.625000000000007 6.6875000000000009 1.5603466506691535 4.5000000000000009 -0.072548358074683947 86.525148557519117 0.91779279279279291 0.67434145468467233 1.0000000180025095e-35 2.7500000000000004 -0.83021033138457179 5.8125000000000009 0.92582417582417598 0.36447543099728863 81.937500000000014 1.5639534883720965 1.0406476332089791 106.87500000000001 1.0000000180025095e-35 82.750000000000014 2.1692808443592075 10.500000000000002 0.83730377313544024 1.0000000180025095e-35 0.62500000000000011 0.089021818108660361 1.1874125874125878 0.86548282553247169 3.035699999999999 0.68571428571428628 -0.62587551141915865 0.44777830864787399 104.37500000000003 14.500000000000002 21.500000000000004 0.7523853220844654 8.8125000000000018 1.414366466857786 0.96662958843159086 87.699629112712742
decision_type=2 2 2 2 2 2 2 2 2 2 2 2 2 2 2 2 2 2 2 2 2 2 2 2 2 2 2 2 2 2 2 2 2 2 2 2 2 2 2 2 2 2 2 2 2 2 2 2 2 2
left_child=2 -2 3 10 14 6 8 -8 17 15 -1 16 -9 35 -5 -10 -12 33 20 31 -19 -22 27 26 -24 -16 -13 28 -23 -29 38 -20 -25 34 -4 -7 -33 39 -30 40 41 -35 43 -41 -28 48 -47 -46 -42 -44
right_child=1 -3 5 4 -6 13 7 12 9 -11 11 23 -14 -15 25 -17 -18 18 19 -21 21 22 24 32 -26 -27 44 29 30 -31 -32 36 -34 37 -36 -37 -38 -39 -40 42 45 -43 49 -45 47 46 -48 -49 -50 -51
leaf_value=0.020584469590732166 0.070751446022830441 0.0075640117404637518 0.0065151772814925971 0.022907387604147702 0.039842527081524068 -0.017552458482794464 -0.0082578418231228513 0.0091702754102830266 -0.012028584578265883 0.020329461692630217 0.025247011264150916 0.011515657788757901 0.034154103970064263 -0.034546320265893972 0.011002812355507128 0.010076414558222925 0.00072231240580779516 -0.019917247239870699 0.0071976114683443828 0.016863928539870478 0.0094564051260905627 -0.0091508083031227715 -0.020051303637548409 -0.019819181294673506 -0.0028892569512669226 -0.0074380983755620847 -0.0092323299394331711 -0.014617351731673504 -0.0050349995966740505 -0.00049229658907279372 0.015357101085737668 -0.00080898523025526258 -0.0034328548987282489 -0.012602074840968406 -0.009782668873569338 -0.0037690141726929097 -0.01226488689167632 -0.0030497075659846229 0.0065424120443387211 -0.014628252301190515 -0.010378833262991438 0.0048765094846575747 -0.014349442446626812 -0.0026644139517364757 -0.0046277434743019971 -0.0037149829206516946 -0.01213615994429125 0.0031256971526255999 -0.017409219087234567 -0.021160943372027452
leaf_weight=86 93 80 120 117 106 99 81 123 145 151 85 83 81 82 96 86 90 87 122 96 104 97 148 84 80 82 86 119 84 156 95 135 81 80 141 80 80 126 91 127 107 104 82 83 88 82 81 87 97 81
leaf_count=86 93 80 120 117 106 99 81 123 145 151 85 83 81 82 96 86 90 87 122 96 104 97 148 84 80 82 86 119 84 156 95 135 81 80 141 80 80 126 91 127 107 104 82 83 88 82 81 87 97 81
internal_value=0 0.0417432 -0.000865481 0.00811018 0.0184481 -0.00368246 -0.00254029 0.0114007 -0.00379016 0.00577168 0.00270946 0.000435246 0.0192085 -0.0188087 0.010652 -0.00379106 0.0127101 -0.00509394 -0.00243731 0.00326643 -0.00476593 -0.00339353 -0.00493871 -0.00380163 -0.0140684 0.00251347 7.91152e-05 -0.00167954 0.00204193 -0.00663541 0.00608195 -0.000645478 -0.0118441 -0.00811723 -0.00229314 -0.0114474 -0.00510869 -0.00956137 0.000988221 -0.0104451 -0.00840446 -0.00274992 -0.013429 -0.00993473 -0.00358786 -0.0112243 -0.00794822 -0.000777317 -0.0137903 -0.0178427
internal_weight=0 173 4904 1171 401 3733 3472 285 3187 382 770 684 204 261 295 231 175 2805 1494 433 1061 974 870 509 228 178 344 642 367 275 270 337 165 1311 261 179 215 1050 175 924 551 184 373 210 261 367 163 175 204 163
internal_count=5077 173 4904 1171 401 3733 3472 285 3187 382 770 684 204 261 295 231 175 2805 1494 433 1061 974 870 509 228 178 344 642 367 275 270 337 165 1311 261 179 215 1050 175 924 551 184 373 210 261 367 163 175 204 163
is_linear=0
shrinkage=0.05


Tree=39
num_leaves=47
num_cat=0
split_feature=50 29 46 4 46 10 50 4 30 46 30 29 8 0 12 43 10 8 20 20 29 0 46 21 14 29 46 49 31 10 19 48 8 6 6 4 50 9 14 17 33 20 45 41 18 7
split_gain=84.7346 53.9524 65.1382 35.0839 23.8532 17.4313 17.4398 13.5601 19.3903 12.288 11.3593 7.1955 6.81567 6.67252 6.56011 6.13123 15.1791 10.3946 8.04078 5.69763 4.86028 8.5204 5.68659 4.83453 4.7532 3.87064 6.42465 4.96895 3.75801 3.63268 3.62783 4.35858 3.33328 3.647 4.26537 3.2338 2.99214 4.0927 2.86872 2.81273 2.42855 2.37607 1.64415 1.43955 1.37271 0.737523
threshold=4.6465747256124539 6.2916750000000006 0.26659387353423869 1.0000000180025095e-35 -0.42958798411962301 1.7394966670715626 1.5397667691962342 1.7500000000000002 184.37500000000003 -0.16799793862756093 46.875000000000007 6.2916750000000006 2.1521739130434789 81.750000000000014 1.5357142857142849 2.2500000000000004 1.6243469679587317 0.4603344481605352 0.92327759197324433 3.4300751879699249 6.1666750000000006 81.750000000000014 -0.6523320455745395 1.4264005602240888 3.5000000000000004 5.5625000000000009 0.57605713708605399 85.563320602748263 5.5000000000000009 0.95606509638714188 1.0647025959680827 0.06047341595455457 0.41620553359683804 -1.1999999999999993 0.34285714285714336 0.62500000000000011 0.83974494261531885 0.70355339059327393 7.5000000000000009 0.78416149068322993 0.31250000000000006 1.7083103329308267 0.42179998225932674 1.5000000000000002 122.50000000000001 0.24150581752294822
decision_type=2 2 2 2 2 2 2 2 2 2 2 2 2 2 2 2 2 2 2 2 2 2 2 2 2 2 2 2 2 2 2 2 2 2 2 2 2 2 2 2 2 2 2 2 2 2
left_child=3 -2 4 5 -3 11 14 8 10 -10 -5 -1 -8 -11 -7 19 17 -17 -19 25 38 28 -23 24 30 27 32 -12 -22 -28 -13 -32 45 43 35 -35 40 -38 -9 -30 -36 -42 -41 -34 -31 -27
right_child=1 2 -4 7 -6 6 12 20 9 13 15 23 -14 -15 -16 16 -18 18 -20 -21 21 22 -24 -25 -26 26 29 -29 39 44 31 -33 33 34 36 -37 37 -39 -40 42 41 -43 -44 -45 -46 -47
leaf_value=0.011175706773065031 0.050036258333301567 0.010994192093003834 -0.018965004222548529 0.014008339069828036 0.048076887668549333 0.015811129178604985 0.01601821759306803 -0.021778766624629499 0.019746033814070481 0.0086074092634508669 0.010899040444443625 -0.0075828748791324854 0.036359891088472478 -0.0066774467425776349 -0.0025172034642432168 0.0084470561002381161 0.020300180554665901 -0.022760278639274049 -0.0010623536832716275 -0.017781791235514297 -0.018045747144768635 0.0075257713731378328 -0.0071220482782137096 0.0096598240912758888 -0.010816327258769033 0.0059763973219504147 -0.0046224380517715892 -0.0061736149516461109 -0.0021699885226802058 -0.011113666552974254 -0.0016385860068603997 0.012323297107488746 -0.014940094321147108 0.0084027846617668513 -0.016493811330846733 -0.0029343250299548838 -0.0091718572423304997 0.0061137250129212721 -0.009188724294057992 -0.016474158689263278 -0.01011878442894578 0.00047409880250968316 -0.0067199796395100379 -0.0063558982401762318 -0.01832387857973131 -0.00078330974290032453
leaf_weight=157 121 88 114 83 86 82 81 107 139 156 80 102 89 130 118 99 80 84 86 95 149 124 140 90 135 80 137 89 116 146 147 89 111 104 83 156 81 93 82 99 155 80 80 91 133 80
leaf_count=157 121 88 114 83 86 82 81 107 139 156 80 102 89 130 118 99 80 84 86 95 149 124 140 90 135 80 137 89 116 146 147 89 111 104 83 156 81 93 82 99 155 80 80 91 133 80
internal_value=0 0.0221576 0.0103121 -0.00155608 0.0294924 0.00628597 0.0150907 -0.00396638 -0.00216664 0.00760813 -0.00403547 0.00174665 0.026818 0.00166069 0.00503869 -0.00474053 0.00131992 -0.00437905 -0.0118541 -0.00591959 -0.009277 -0.0073568 -0.000239575 -0.00089792 -0.00292293 -0.00524624 -0.00603906 0.00192469 -0.0115786 -0.0113357 0.00025236 0.00365648 -0.00405274 -0.00517219 -0.00356097 0.00161534 -0.00629414 -0.00101373 -0.0163935 -0.00826224 -0.00917119 -0.00652597 -0.0121763 -0.0111233 -0.014604 0.00261267
internal_weight=0 409 288 4638 174 1090 370 3548 2651 425 2226 720 170 286 200 2143 349 269 170 1794 897 708 264 563 473 1699 1530 169 444 416 338 236 1114 954 752 260 492 174 189 295 318 235 179 202 279 160
internal_count=5047 409 288 4638 174 1090 370 3548 2651 425 2226 720 170 286 200 2143 349 269 170 1794 897 708 264 563 473 1699 1530 169 444 416 338 236 1114 954 752 260 492 174 189 295 318 235 179 202 279 160
is_linear=0
shrinkage=0.05


Tree=40
num_leaves=49
num_cat=0
split_feature=50 13 46 28 35 29 4 50 36 10 47 43 46 29 47 4 29 28 14 34 36 8 16 27 29 45 9 14 46 18 20 46 21 8 50 45 41 49 46 37 40 50 34 14 8 0 20 16
split_gain=62.256 101.642 52.0667 60.8859 30.9226 23.885 20.8585 14.8339 11.715 11.2176 10.1234 11.6837 9.19478 7.77866 10.8404 7.34498 7.90886 16.015 11.3803 9.99014 15.6923 7.69552 6.99463 5.84465 5.51961 5.01207 4.86909 8.47512 4.42955 4.06972 3.74476 3.3604 4.14604 3.00967 2.82321 3.8234 2.65785 4.0008 2.49569 2.37541 2.22826 2.222 2.1851 1.95918 1.53475 1.28107 1.36456 0.98677
threshold=4.2823454033010231 14.500000000000002 0.5475998096715059 65.187500000000014 53.750000000000007 7.1875000000000009 1.0000000180025095e-35 1.5397667691962342 57.500000000000007 1.6385355362590655 10.500000000000002 0.75000000000000011 0.56191161272202661 8.9375000000000018 5.5000000000000009 2.1250000000000004 8.6875000000000018 72.187500000000014 3.5000000000000004 1.5625000000000002 9.5000000000000018 0.48776455074905689 13.250000000000002 83.812500000000014 5.5625000000000009 -0.88622299073327826 0.65281068547051102 3.5000000000000004 -0.36648370705903521 117.50000000000001 2.0877393479385895 0.097680735332368748 -0.82834745386553965 0.88434782608695672 0.96737006127067116 -0.108376950152639 1.0000000180025095e-35 89.080649237671722 -0.19337245081799007 35.500000000000007 14.500000000000002 0.48921343144287027 1.3750000000000002 3.5000000000000004 1.5038969404186797 77.750000000000014 0.30018315018315023 12.500000000000002
decision_type=2 2 2 2 2 2 2 2 2 2 2 2 2 2 2 2 2 2 2 2 2 2 2 2 2 2 2 2 2 2 2 2 2 2 2 2 2 2 2 2 2 2 2 2 2 2 2 2
left_child=4 -2 3 -3 6 -5 7 13 12 29 11 -6 15 14 -1 16 17 18 19 20 -8 43 -20 -19 -14 -10 39 -28 -15 -9 38 32 -23 -34 44 -36 -17 -38 -16 -25 -35 -27 -37 -18 45 -26 -47 -48
right_child=1 2 -4 5 10 -7 8 9 25 -11 -12 -13 24 28 30 36 21 23 22 -21 -22 31 -24 26 34 41 27 -29 -30 -31 -32 -33 33 40 35 42 37 -39 -40 -41 -42 -43 -44 -45 -46 46 47 -49
leaf_value=0.018308989320269503 -0.033505309189147341 0.076715312116307985 0.0021782226380961602 0.041380928128420084 0.0052909321862789072 0.0051204568824206285 0.037963775253468536 0.011175683252268325 -0.0030093498067757071 0.021390240238625794 -1.8519044312162572e-05 0.029693539753075572 0.0030981415616928268 0.00068271445418598468 0.0081179423923416864 -0.001870950568083893 5.614382250664326e-05 -0.012880212096318316 0.0086781853033632596 6.4518482907226788e-05 0.0099614054998241816 0.0021642469732624874 -0.011438457697208616 -0.013104317612072201 -0.014044368897657131 -0.012190959061682225 0.01342445945692583 -0.0068681088129422911 -0.013633170451225703 -0.0017325523658655584 -0.010861308852003681 -0.013851777428640522 -0.0003470570284346315 -0.0049528560359030967 -0.012701574104427949 0.0039513815318544705 -0.019753801810660776 -0.0053905090494081381 -0.0040443142788007674 -0.0009446997494425304 -0.014676328158524161 -0.021843483664062142 -0.0064308669168635134 0.0097656838272212488 -0.016630373522419622 -0.012532921852461533 -0.0085221916497722882 -0.0015197068559883655
leaf_weight=88 81 80 133 96 82 86 81 113 85 157 91 123 105 84 86 84 129 129 88 80 131 142 83 80 130 124 116 91 150 131 80 138 94 99 108 104 96 99 81 80 150 125 97 86 105 112 122 86
leaf_count=88 81 80 133 96 82 86 81 113 85 157 91 123 105 84 86 84 129 129 88 80 131 142 83 80 130 124 116 91 150 131 80 138 94 99 108 104 96 99 81 80 150 125 97 86 105 112 122 86
internal_value=0 0.0172281 0.02769 0.0405832 -0.00173998 0.0243685 -0.00280537 0.00365476 -0.0046604 0.0110074 0.0138702 0.0200056 -0.0036826 -0.00153722 0.00334631 -0.0018038 -0.00062975 0.00246988 0.00914804 0.0151302 0.0207884 -0.00417566 -0.00109577 -0.00376982 -0.00770175 -0.0135372 -0.000541235 0.00451344 -0.0085131 0.00426666 -0.00203685 -0.00698765 -0.00501007 -0.00797785 -0.0090163 -0.00516065 -0.00933643 -0.0125264 0.00222992 -0.00706814 -0.0108456 -0.0171046 -0.00106599 0.00396719 -0.0111498 -0.00983698 -0.0080893 -0.00564806
internal_weight=0 476 395 262 4645 182 4349 970 3379 401 296 205 3045 569 335 2076 1797 959 463 292 212 838 171 496 969 334 367 207 234 244 247 623 485 343 864 309 279 195 167 160 249 249 201 215 555 450 320 208
internal_count=5121 476 395 262 4645 182 4349 970 3379 401 296 205 3045 569 335 2076 1797 959 463 292 212 838 171 496 969 334 367 207 234 244 247 623 485 343 864 309 279 195 167 160 249 249 201 215 555 450 320 208
is_linear=0
shrinkage=0.05


Tree=41
num_leaves=49
num_cat=0
split_feature=15 50 31 4 30 45 9 27 29 50 35 38 10 30 2 20 27 42 9 5 9 14 29 20 22 45 30 2 30 25 42 28 45 29 37 13 20 27 30 10 41 21 13 50 10 21 27 50
split_gain=42.4754 34.9054 30.0089 22.3135 25.6468 20.2664 24.0046 23.2712 19.6451 16.4157 14.6472 10.8717 10.2793 6.62289 6.19534 6.83597 6.00212 5.58675 6.79147 4.86821 5.33162 5.11336 4.62635 4.52122 4.58372 4.12436 4.11479 6.27745 6.23614 3.65188 3.96354 3.54316 3.20534 3.16484 3.02026 2.96697 3.0916 2.7353 6.30282 4.26697 2.8398 2.7266 2.06807 2.24034 1.98438 1.6617 1.48874 1.25424
threshold=50.500000000000007 6.8713033659569769 3.5000000000000004 1.2500000000000002 194.37500000000003 0.45273815774107123 0.8113611778787907 82.437500000000014 6.9375000000000009 4.5152054901559575 36.250000000000007 1.0000000180025095e-35 1.5951072541767612 57.500000000000014 667.50000000000011 0.024241608438674005 83.812500000000014 1.7500000000000002 0.79591616726460612 1.0000000180025095e-35 0.5779460905347642 6.5000000000000009 5.3125000000000009 3.6050420168067228 84.750000000000014 0.29342972903661901 160.62500000000006 737.50000000000011 105.62500000000001 1.5000000000000002 1.2500000000000002 72.406250000000014 -0.67803021058859214 6.4375000000000009 10.500000000000002 21.500000000000004 1.1995989304812837 77.437500000000014 129.37500000000003 1.4018062483443783 1.0000000180025095e-35 0.76855561318477339 30.500000000000004 1.0351507788569381 1.2912841987848005 0.32122704881326319 84.656250000000014 0.93268653407281488
decision_type=2 2 2 2 2 2 2 2 2 2 2 2 2 2 2 2 2 2 2 2 2 2 2 2 2 2 2 2 2 2 2 2 2 2 2 2 2 2 2 2 2 2 2 2 2 2 2 2
left_child=-1 2 -2 4 9 7 -7 12 -3 10 13 -12 -6 34 15 -15 19 18 -18 20 -5 -21 -16 24 33 45 27 28 29 30 46 37 -30 -24 -4 -34 -37 40 39 -39 -22 42 43 -35 -29 -17 -26 -43
right_child=1 8 3 16 5 6 -8 -9 -10 -11 11 -13 -14 14 22 25 17 -19 -20 21 31 -23 23 -25 26 -27 -28 44 32 -31 -32 -33 35 41 -36 36 -38 38 -40 -41 -42 47 -44 -45 -46 -47 -48 -49
leaf_value=0.029306978480929526 -0.026299292801240506 0.038541771652221328 0.012826984943521601 -0.01913920477586864 -0.019460936981803654 0.037464046617591285 0.0032213943686043283 0.022215366703849812 0.0044861921633797134 0.018489356658790472 0.018176961571012937 -0.0041427377419655815 0.0028271431750100523 -0.0092967978542237879 0.004452907779957843 -0.0044019299260352127 0.006767344972647635 0.0107636200661612 -0.011689226584858263 -0.0097790860288843595 -0.0049722250684031419 0.0051127520385974394 0.0011046285150436367 -0.015741979788836777 0.0054095323299989109 0.012677870230982081 0.0068338586751018997 -0.0066477917797035649 -0.014652758767690763 -0.005430042095409305 0.013450641275464909 -0.016944354736045296 0.0028640209718745341 -0.010921817978865513 -0.00024979507879299278 -0.01400450046664925 -0.0010645440626909496 -0.0027460890406451658 0.0067169585810042919 -0.017528976634271259 -0.016088666945894357 -0.0081822495674714456 -0.0070477353338071194 -0.02140031994923073 -0.017241618344443221 0.0051307720163216199 -0.0034825269676996085 0.00029112199798548297
leaf_weight=118 120 83 92 141 87 122 88 106 86 105 153 84 125 98 130 80 80 81 129 110 111 119 81 97 99 127 102 89 87 101 102 101 107 140 84 92 92 124 99 80 121 95 137 84 91 104 88 80
leaf_count=118 120 83 92 141 87 122 88 106 86 105 153 84 125 98 130 80 80 81 129 110 111 119 81 97 99 127 102 89 87 101 102 101 107 140 84 92 92 124 99 80 121 95 137 84 91 104 88 80
internal_value=0 -0.000923125 -0.00171704 -0.00107646 0.00107963 0.0111824 0.023198 0.00319969 0.02134 -0.000814569 -0.00156739 0.010282 -0.0063678 -0.00270391 -0.003419 0.00215746 -0.00664455 -0.00030525 -0.00462593 -0.00846987 -0.0103563 -0.00205195 -0.00462372 -0.00529477 -0.00467779 0.00578507 -0.00266378 -0.0036918 -0.0017152 0.00271754 0.00557388 -0.00838217 -0.00628377 -0.00809535 0.00661964 -0.00374009 -0.00757525 -0.00673716 -0.00359017 -0.00860053 -0.0108142 -0.00948511 -0.0119657 -0.0149289 -0.0120692 0.000984728 0.00122877 -0.00432906
internal_weight=0 4934 4765 4645 3349 528 210 318 169 2821 2716 237 212 2479 2303 409 1296 290 209 1006 777 229 1894 1764 1667 311 1050 948 768 390 289 636 378 617 176 291 184 535 303 204 232 536 361 224 180 184 187 175
internal_count=5052 4934 4765 4645 3349 528 210 318 169 2821 2716 237 212 2479 2303 409 1296 290 209 1006 777 229 1894 1764 1667 311 1050 948 768 390 289 636 378 617 176 291 184 535 303 204 232 536 361 224 180 184 187 175
is_linear=0
shrinkage=0.05


Tree=42
num_leaves=49
num_cat=0
split_feature=42 4 50 30 46 37 38 49 30 46 40 4 13 50 46 49 30 2 2 29 1 49 18 27 40 28 15 46 30 8 49 46 35 46 50 29 49 8 50 46 37 6 8 34 50 48 49 21
split_gain=99.9272 51.4776 32.9259 17.2839 28.9254 17.7089 15.4831 13.6545 10.7893 20.9771 23.1454 9.98783 10.3267 17.5637 13.0899 10.7198 7.88153 7.55505 7.37272 6.90384 9.69873 6.75581 6.72175 6.70953 6.62892 5.65315 5.40381 5.17282 5.71521 5.14889 4.73102 6.17697 4.0909 3.93705 5.74197 3.71601 3.68214 3.56659 3.09956 2.35543 2.52096 2.20859 2.06922 1.80759 2.63602 1.77162 1.75251 1.26896
threshold=8.2500000000000018 1.0000000180025095e-35 4.5152054901559575 156.87500000000006 -0.13398942717002907 8.5000000000000018 4.5000000000000009 69.383182090056025 194.37500000000003 0.04621408538533487 66.500000000000014 3.7500000000000004 17.500000000000004 3.0072294478662447 -0.22700609751797865 89.479204164031344 61.875000000000007 697.50000000000011 737.50000000000011 5.5625000000000009 87.250000000000014 84.685154347343257 72.500000000000014 71.937500000000014 8.5000000000000018 73.062500000000014 78.250000000000014 0.64414586362404946 67.812500000000014 0.34173913043478271 88.040776843103103 0.36447543099728863 23.125000000000004 -0.30164489695395946 0.42619213265581385 6.9375000000000009 80.678131980568608 0.62347826086956537 1.1615093134243824 -0.94703994556331683 18.500000000000004 1.5701725633984358e-16 1.0565217391304349 1.5625000000000002 -0.034647592122382768 -0.038411635961334629 79.863278944470423 -0.053162992060940432
decision_type=2 2 2 2 2 2 2 2 2 2 2 2 2 2 2 2 2 2 2 2 2 2 2 2 2 2 2 2 2 2 2 2 2 2 2 2 2 2 2 2 2 2 2 2 2 2 2 2
left_child=1 2 3 16 -5 -6 7 -3 11 10 -10 12 15 19 -15 17 -1 37 25 20 -14 -19 -13 -11 -25 30 -27 28 45 38 31 -18 33 35 -35 -31 -33 -9 -30 -37 -41 -42 -36 44 -29 -21 -45 -46
right_child=-2 6 -4 4 5 -7 -8 8 9 23 -12 22 13 14 -16 -17 18 21 -20 27 -22 -23 -24 24 -26 26 -28 43 29 32 -32 36 -34 34 42 39 -38 -39 -40 40 41 -43 -44 46 47 -47 -48 -49
leaf_value=0.016182877803437933 0.047176589434211325 0.015902255945231602 0.035461454062412183 0.038271979797793065 0.021290476807485244 -0.0085957140661776076 -0.024230457909321518 -0.0078423848116274363 0.029238065355268072 -0.014629223903416304 -0.004642747746520611 -0.0047630860881749983 0.013452077714275335 0.022766858436183871 -0.00099264042652096626 -0.024863628955169137 0.010567863079874467 -0.0090356879631027353 -0.012009489718376537 0.010652512713137118 -0.0071481390419648964 0.0078277406663944844 -0.023340237943519807 0.0099354005327505854 -0.0080337828982177135 0.018370021930378344 0.0010784707006836391 -0.012726441580195761 -0.0034178045766421364 -0.011742091445119739 -0.0093820901892209124 0.0032940156000492334 0.0036990268754986269 -0.0035861418375010496 -0.012252415121292871 -0.0082445783776347523 -0.0111459284218104 -0.022403175691947524 0.007499917997690903 -0.0050162179419878938 0.0099039510411423563 -0.0013040520686735499 -0.022503870420008041 -0.0082217644705601476 -0.008191362882361693 0.00016036014658985315 -0.018494953355614348 -0.00016267968625840494
leaf_weight=85 110 91 101 97 90 108 88 91 122 115 85 85 126 111 120 102 131 123 105 80 103 113 115 96 108 89 91 128 137 136 117 90 95 146 127 119 85 80 122 139 82 93 86 84 84 80 87 117
leaf_count=85 110 91 101 97 90 108 88 91 122 115 85 85 126 111 120 102 131 123 105 80 103 113 115 96 108 89 91 128 137 136 117 90 95 146 127 119 85 80 122 139 82 93 86 84 84 80 87 117
internal_value=0 -0.000787119 0.00829289 0.00574056 0.0160512 0.00502764 -0.00361773 -0.00312479 -0.0036051 0.00301341 0.0153702 -0.00472475 -0.00397882 -0.00260556 0.0104732 -0.0104415 0.00188957 -0.00677505 0.000153163 -0.00400135 0.00419568 -0.000962291 -0.0155079 -0.00502793 0.00042952 0.00228741 0.00968244 -0.00496961 -0.00344585 -0.00455823 -0.000874819 0.00239793 -0.00615141 -0.0071627 -0.0112592 -0.00456288 -0.00374315 -0.0147451 0.00173397 -0.00228611 -8.9634e-06 0.00397413 -0.0164773 -0.00934846 -0.00714295 0.00544002 -0.0135256 -0.00354189
internal_weight=0 5005 1189 1088 295 198 3816 3728 3637 526 207 3111 2911 2402 231 509 793 407 708 2171 229 236 200 319 204 603 180 1942 1442 1282 423 306 1023 928 359 569 175 171 259 433 314 175 213 500 329 160 171 201
internal_count=5115 5005 1189 1088 295 198 3816 3728 3637 526 207 3111 2911 2402 231 509 793 407 708 2171 229 236 200 319 204 603 180 1942 1442 1282 423 306 1023 928 359 569 175 171 259 433 314 175 213 500 329 160 171 201
is_linear=0
shrinkage=0.05


Tree=43
num_leaves=50
num_cat=0
split_feature=50 8 40 31 50 7 9 11 35 17 45 28 36 46 30 19 46 29 30 29 9 9 30 17 27 30 50 45 30 9 2 17 21 18 18 46 6 10 21 19 31 8 44 1 28 2 36 45 21
split_gain=44.2023 30.2635 25.84 21.0604 16.8517 17.7317 21.477 18.1875 11.9389 11.0449 10.4453 12.6972 8.26655 7.81895 11.1095 7.2313 7.01404 6.50047 5.24308 4.91014 4.43228 4.26015 6.5736 5.14039 4.73541 4.35904 3.91695 3.80804 3.98902 5.12452 3.26093 3.18909 2.84541 3.71805 2.72619 2.47456 2.56805 2.19642 2.04325 2.79187 2.64481 2.00459 2.09813 3.55561 1.95178 1.74195 2.08975 0.987216 2.27475
threshold=8.5563717320649904 2.6739130434782612 1.0000000180025095e-35 3.5000000000000004 2.5560018018152495 1.4895104895104898 0.54364664110870786 1.5639534883720965 53.750000000000007 0.56696428571428581 0.55656748448714433 70.437500000000014 19.500000000000004 -0.24372464231556024 203.12500000000003 1.8359046994171291 0.080547328232315238 5.8125000000000009 51.875000000000007 5.3958250000000012 0.7523853220844654 0.74119186184500963 151.87500000000003 0.9582608695652175 83.312500000000014 104.37500000000003 1.6143840033922887 0.51297097409535064 133.12500000000003 0.6860595800775261 682.50000000000011 0.87750000000000006 0.66499723516986375 132.50000000000003 62.500000000000007 0.097680735332368748 1.0000000180025095e-35 1.1055633316046993 1.7368198476127292 1.7111436950146632 6.5000000000000009 1.7347826086956524 7.2500000000000009 78.500000000000014 73.281250000000014 667.50000000000011 13.500000000000002 -0.77245553105869302 0.27980461273145357
decision_type=2 2 2 2 2 2 2 2 2 2 2 2 2 2 2 2 2 2 2 2 2 2 2 2 2 2 2 2 2 2 2 2 2 2 2 2 2 2 2 2 2 2 2 2 2 2 2 2 2
left_child=1 3 -3 -1 8 6 9 -8 13 -6 11 -7 -9 14 21 -11 -4 20 -19 -10 -15 22 25 38 -25 32 31 34 30 -30 -29 -27 33 -5 37 -32 -37 -20 39 40 -23 42 -36 -44 -26 -45 47 -47 -49
right_child=-2 2 16 4 5 10 7 12 19 15 -12 -13 -14 17 -16 -17 -18 18 27 -21 -22 23 -24 24 44 26 -28 28 29 -31 35 -33 -34 -35 41 36 -38 -39 -40 -41 -42 -43 43 45 -46 46 -48 48 -50
leaf_value=-0.022736785285297999 0.035437961924998533 0.034611011020766171 0.011112537114422595 -0.0051517075793010986 0.025749170288075635 -0.0072101912063705495 -0.025749923873485792 0.0089314717831174752 -0.0007446214996485247 -0.0075280766830676145 0.026321930270798568 0.020634488028860309 -0.01176111825720169 0.0082596790275601961 0.014436729240152879 0.013540561116732111 -0.0076962765041784752 0.0036327769275049902 0.0024042642249921223 0.015238198802204958 -0.0066899068346017131 -0.0015549647599174125 0.013883394690483442 -0.018782569904578852 5.605101521888918e-05 0.0029884421177183754 -0.014181645364679266 0.00060515370135730577 0.011072993403757682 -0.0051244292243542832 -0.0029773785418505411 -0.0076752873009625286 0.011311422605326193 0.0083121029160602763 -0.016470636471691249 -0.0065793366355384577 -0.018568719722295426 -0.0090188864470374854 0.0043755698795342503 0.0022005230336691497 -0.012318086048044199 -0.017252934572867831 0.00021011582480705518 -0.0049665923548010433 -0.010661249693079168 -0.017977073383776267 -0.0066055922420985239 -0.016808333852346622 -0.0056709353608646613
leaf_weight=120 83 101 127 126 80 81 107 109 80 80 118 81 85 127 106 81 80 110 80 119 80 116 80 103 87 150 85 93 80 122 82 130 80 85 99 80 105 87 105 134 112 100 97 128 82 107 142 101 86
leaf_count=120 83 101 127 126 80 81 107 109 80 80 118 81 85 127 106 81 80 110 80 119 80 116 80 103 87 150 85 93 80 122 82 130 80 85 99 80 105 87 105 134 112 100 97 128 82 107 142 101 86
internal_value=0 -0.00113978 0.0140108 -0.00215088 -0.00159798 0.00487163 -0.000412065 -0.00930459 -0.00304167 0.0106869 0.0150644 0.00675333 -0.000148689 -0.00372216 -0.00112141 0.00308983 0.00384138 -0.00587772 -0.00689657 0.00884135 0.00247768 -0.00224851 0.000444403 -0.00492748 -0.0103785 -0.00121314 -0.00484653 -0.0076273 -0.004307 0.00131334 -0.00745554 -0.00197227 0.0033452 0.000285726 -0.0094383 -0.010255 -0.0134474 -0.00356498 -0.00173717 -0.00351737 -0.00687281 -0.0105733 -0.00967294 -0.00863149 -0.00517618 -0.0101498 -0.0116566 -0.0140656 -0.0117437
internal_weight=0 4936 308 4628 4508 822 542 301 3686 241 280 162 194 3487 1581 161 207 1906 1699 199 207 1475 736 739 272 656 365 1589 562 202 360 280 291 211 1027 267 185 167 467 362 228 860 760 661 169 564 436 294 187
internal_count=5019 4936 308 4628 4508 822 542 301 3686 241 280 162 194 3487 1581 161 207 1906 1699 199 207 1475 736 739 272 656 365 1589 562 202 360 280 291 211 1027 267 185 167 467 362 228 860 760 661 169 564 436 294 187
is_linear=0
shrinkage=0.05


Tree=44
num_leaves=50
num_cat=0
split_feature=50 45 15 46 42 8 15 29 29 7 4 36 10 19 50 10 18 9 19 8 37 46 19 12 45 9 2 37 1 36 43 2 7 8 49 19 20 10 35 19 42 50 27 13 20 18 6 45 45
split_gain=58.1157 78.2613 25.5297 19.7145 17.5136 17.4934 19.3394 17.5341 9.83275 13.8127 8.81304 13.7897 11.746 8.71905 8.13259 7.78611 7.36637 6.02546 7.17099 9.18426 5.96812 5.35206 8.44696 5.18755 4.66986 4.64848 4.63738 4.23667 5.93446 4.10134 3.89329 4.68755 5.11644 3.7254 4.35721 3.46671 3.08328 3.07559 2.93667 2.8734 2.66595 2.43317 2.20159 2.17691 2.05891 2.05752 1.83451 1.55251 1.26452
threshold=6.8713033659569769 0.29342972903661901 50.500000000000007 0.36447543099728863 0.75000000000000011 1.447826086956522 72.500000000000014 8.1875000000000018 6.9375000000000009 1.096323031806903 1.0000000180025095e-35 54.500000000000007 1.0377084697998438 1.8359046994171291 3.2732456319860437 1.9629362610778436 127.50000000000001 1.0736554113200594 2.8244587596311734 1.6283299084901619 69.500000000000014 -0.77243990499604276 1.3419065262985408 2.5499999999999976 0.94138322595482449 0.70355339059327393 722.50000000000011 58.500000000000007 81.500000000000014 42.500000000000007 0.2207792207792208 727.50000000000011 1.0041977657685934 0.37304347826086975 88.119031863684228 1.6561232459599067 1.747230176755209 1.3879179162275554 3.035699999999999 1.5824175824175828 0.75000000000000011 2.1692808443592075 84.437500000000014 27.500000000000004 1.1995989304812837 102.50000000000001 -1.712915523707384e-16 -0.32614396506100213 -0.32614396506100213
decision_type=2 2 2 2 2 2 2 2 2 2 2 2 2 2 2 2 2 2 2 2 2 2 2 2 2 2 2 2 2 2 2 2 2 2 2 2 2 2 2 2 2 2 2 2 2 2 2 2 2
left_child=2 -2 -1 4 17 10 7 -7 9 13 12 14 -6 -5 24 47 -15 18 25 -20 -13 -8 -23 -19 29 35 39 28 30 33 38 32 41 42 -35 45 -28 -37 -10 -27 48 46 -12 -36 -14 -4 -32 -11 -30
right_child=1 -3 3 8 5 6 21 -9 27 15 11 20 44 16 -16 -17 -18 23 19 -21 -22 22 -24 -25 -26 26 36 -29 40 -31 31 -33 -34 34 43 37 -38 -39 -40 -41 -42 -43 -44 -45 -46 -47 -48 -49 -50
leaf_value=0.024033498981346688 0.061023476402171789 -0.0066472722989756889 -0.010066341615415045 -0.020082737189987977 0.02392073328491677 0.036585171016044603 0.011753641731901876 0.0068506218187394559 -0.015739190358412907 0.0062365459914917112 0.0035891365573002864 -0.004048164110676742 -0.0041184391260945374 0.0059698818414102468 0.013633762282796769 0.018623596486738985 -0.013286172155654287 -0.019894879338862276 -0.0027761361182957814 0.0193362580114072 -0.022829825056276724 -0.0118977117686249 0.0082036695485426629 -0.0041735672172370968 -0.010018260472394321 -0.0079692317142682854 -0.018091873181270656 -0.015904093834058365 -0.011816459770623344 -0.007954484040150419 -0.00083564085908597566 -0.011241682025498335 0.0095514941791241814 0.0076234398507732011 -0.0090986620537953176 -0.00072106727904650155 -0.0065784779017952488 0.012588609521640693 -0.0042580277378123912 0.0033092756723659884 -0.017137279291241272 0.0041543488453210497 0.015131400020672354 0.0014433127774418086 0.0068278140309055088 0.0003852969522725929 -0.011191770777229097 -0.0034672369038508764 -0.0044320534837833788
leaf_weight=101 89 81 83 92 88 116 154 87 101 80 86 80 83 125 118 107 81 92 106 83 90 91 120 122 108 105 110 146 129 99 81 96 120 116 112 92 126 81 125 120 146 81 80 86 87 107 90 83 108
leaf_count=101 89 81 83 92 88 116 154 87 101 80 86 80 83 125 118 107 81 92 106 83 90 91 120 122 108 105 110 146 129 99 81 96 120 116 112 92 126 81 125 120 146 81 80 86 87 107 90 83 108
internal_value=0 0.02893 -0.000720744 -0.00124444 0.00121517 0.00435286 0.0116049 0.0239378 -0.0054012 3.56857e-05 0.0010054 -0.00117129 0.00920403 -0.00737443 0.00156605 0.00821129 -0.00162928 -0.00339015 -0.00177469 0.00698526 -0.0140668 0.0046991 -0.000480875 -0.0109934 -0.000523515 -0.00378998 -0.00711684 -0.00792423 -0.00682871 0.00126174 -0.00406178 -0.00145209 0.00109762 0.00317518 -3.37719e-05 0.000442984 -0.0119986 0.00554717 -0.00943572 -0.001966 -0.0118188 -0.00294987 0.00920897 -0.00453558 0.00149064 -0.00420922 -0.00631961 0.00130434 -0.00848417
internal_weight=0 170 4920 4819 3028 1801 568 203 1791 568 1233 975 258 298 805 270 206 1227 1013 189 170 365 211 214 687 824 461 1223 1077 579 694 468 372 480 314 363 236 173 226 225 383 252 166 198 170 190 171 163 237
internal_count=5090 170 4920 4819 3028 1801 568 203 1791 568 1233 975 258 298 805 270 206 1227 1013 189 170 365 211 214 687 824 461 1223 1077 579 694 468 372 480 314 363 236 173 226 225 383 252 166 198 170 190 171 163 237
is_linear=0
shrinkage=0.05


Tree=45
num_leaves=49
num_cat=0
split_feature=1 4 42 38 42 3 35 46 42 46 36 43 8 0 29 19 4 30 49 38 35 14 29 17 30 19 29 30 2 43 28 30 6 45 45 36 45 46 48 40 18 29 4 18 30 0 40 8
split_gain=57.4378 23.4173 19.2344 14.3938 25.4971 16.8609 13.1312 12.9389 10.727 26.5098 18.6401 8.11636 14.1548 7.09322 7.07409 6.67196 6.123 8.79754 10.4634 6.97121 5.94818 4.56195 5.91776 4.10422 4.98114 4.71056 9.67296 4.60134 3.91265 4.25272 3.71457 3.39572 2.9722 2.76053 2.73002 2.46323 2.46164 2.31938 2.20801 2.08504 1.89748 2.25055 1.38193 1.35037 1.28006 1.19292 0.999012 0.560018
threshold=64.500000000000014 1.0000000180025095e-35 2.7500000000000004 4.5000000000000009 6.2500000000000009 187.50000000000003 48.750000000000007 0.59003219687534991 2.7500000000000004 -0.20180761162458913 25.500000000000004 0.2207792207792208 2.1639273769708556 81.750000000000014 6.8125000000000009 0.58127013651310333 1.7500000000000002 201.87500000000003 85.210956433699806 1.0000000180025095e-35 36.250000000000007 3.5000000000000004 7.1875000000000009 0.95445134575569368 67.812500000000014 1.7111436950146632 8.6875000000000018 113.12500000000003 712.50000000000011 1.2500000000000002 71.312500000000014 159.37500000000006 1.5701725633984358e-16 0.70290292807158605 0.10837544681456425 56.500000000000007 0.75014288946266361 -0.074115882986646633 -0.025499409301800727 55.500000000000007 147.50000000000003 7.1875000000000009 0.62500000000000011 72.500000000000014 106.87500000000001 85.750000000000014 14.500000000000002 0.77230942970073424
decision_type=2 2 2 2 2 2 2 2 2 2 2 2 2 2 2 2 2 2 2 2 2 2 2 2 2 2 2 2 2 2 2 2 2 2 2 2 2 2 2 2 2 2 2 2 2 2 2 2
left_child=-1 2 6 4 5 8 11 13 16 10 -10 30 21 -4 -11 -7 17 20 -19 28 23 22 -13 25 -25 27 38 33 29 34 -2 32 45 39 -18 -21 47 -24 -27 43 41 -34 -29 -3 -23 -26 -45 -28
right_child=1 3 7 -5 -6 15 -8 -9 9 14 -12 12 -14 -15 -16 -17 19 18 -20 35 -22 44 37 24 31 26 36 42 -30 -31 -32 -33 40 -35 -36 -37 -38 -39 -40 -41 -42 -43 -44 46 -46 -47 -48 -49
leaf_value=0.035418885869625133 -0.013462372392650582 -0.00073217381665736068 0.034632039428414668 -0.022160590149380349 0.018749682670852669 -0.0081507719997092175 0.020691066724248232 -9.980014548069093e-05 0.037191338183557882 0.0060976563295459044 0.004557013969307625 0.013539814480493979 0.021658490721307613 0.015528768423150797 -0.01192903312560367 -0.028340072840053056 -0.0099739843900412475 -0.0018234098021316135 0.018894473482626226 -0.019133463517755446 0.0067090133614083006 -0.0025447529685195714 0.0035650700365454611 0.0027617201730531973 -0.0014097635660601676 0.0041911299569243245 -0.0054947849033718434 -0.0064169340800832621 -0.010628791558760772 0.0070983222500217383 -0.00047203345392757149 -0.00041348705978948725 -0.015185845603381523 0.0051895876979321104 0.0010845548886850122 -0.0081881902139674841 0.0017419379818570486 -0.0068149233519957933 0.013918844654084345 0.0023028964061511331 -0.019051104136135269 -0.0054672071792404445 -0.014467178132829512 -0.012302567260339856 -0.011365747152749135 -0.0092942509221389177 -0.0048263679317971497 -0.011487847071129648
leaf_weight=112 132 80 84 90 141 82 83 81 83 84 92 96 86 121 151 83 119 143 105 127 147 83 113 120 105 115 81 109 147 111 94 112 123 110 104 90 90 101 120 100 91 118 109 89 82 88 93 81
leaf_count=112 132 80 84 90 141 82 83 81 83 84 92 96 86 121 151 83 119 143 105 127 147 83 113 120 105 115 81 109 147 111 94 112 123 110 104 90 90 101 120 100 91 118 109 89 82 88 93 81
internal_value=0 -0.000630026 0.00560466 -0.00251132 -0.00203307 -0.00285159 0.00189959 0.0168294 -0.00209924 0.00548166 0.0201584 -0.000105975 0.00311714 0.0234866 -0.00548692 -0.0184161 -0.00312752 -0.0018948 0.00698893 -0.00723213 -0.00295635 -0.000278274 0.00329472 -0.00369409 -0.00656401 -0.00184426 0.00191863 -0.00449903 -0.0038611 -0.000859665 -0.00808519 -0.0083224 -0.0100056 -0.00171581 -0.00483482 -0.0146523 -0.00487771 -0.00134281 0.0091964 -0.00382265 -0.0128719 -0.0104696 -0.0104897 -0.00616052 -0.00697058 -0.00503414 -0.00852956 -0.00854341
internal_weight=0 4989 1156 3833 3743 3602 870 286 3437 410 175 787 561 205 235 165 3027 2329 248 698 2081 475 310 1934 757 1177 487 690 481 334 226 637 525 472 223 217 252 214 235 362 332 241 218 262 165 193 182 162
internal_count=5101 4989 1156 3833 3743 3602 870 286 3437 410 175 787 561 205 235 165 3027 2329 248 698 2081 475 310 1934 757 1177 487 690 481 334 226 637 525 472 223 217 252 214 235 362 332 241 218 262 165 193 182 162
is_linear=0
shrinkage=0.05


Tree=46
num_leaves=51
num_cat=0
split_feature=38 50 46 2 30 35 30 30 4 45 46 47 18 34 17 14 30 13 2 37 46 50 45 22 49 13 29 29 6 39 2 21 29 14 8 50 20 2 21 0 8 18 49 27 28 45 10 13 14 21
split_gain=35.5675 40.1293 54.1771 47.0283 36.8986 23.9682 15.0904 15.6753 18.0171 15.2707 23.4637 12.5874 6.35602 6.64615 6.0157 7.04792 9.11209 6.0219 4.35872 4.09614 3.79976 6.19742 5.67014 4.40968 4.28969 4.23749 3.6593 3.32859 2.7739 3.09312 4.17739 2.39854 2.91272 3.04062 3.46115 2.39051 2.37561 3.39014 7.80254 2.89676 2.38934 2.28663 2.17657 2.1545 2.05516 1.73862 3.64198 1.47063 1.28305 1.12468
threshold=4.5000000000000009 4.6465747256124539 0.18281312110578132 662.50000000000011 138.12500000000006 53.750000000000007 40.625000000000007 181.56250000000003 2.1250000000000004 -0.16799356919963607 -0.23537842981696178 8.5000000000000018 87.500000000000014 1.5625000000000002 0.94281045751633996 2.5000000000000004 134.37500000000006 26.500000000000004 742.50000000000011 25.500000000000004 0.36447543099728863 2.7659122364066779 0.19337368024598436 81.250000000000014 90.488152686857504 20.500000000000004 9.2812500000000018 8.5625000000000018 3.147508305647841 1.5000000000000002 682.50000000000011 -1.1331179287701116 12.437500000000002 1.0000000180025095e-35 0.95739130434782627 0.70257437379330423 0.81203619909502267 727.50000000000011 1.0000000180025095e-35 84.250000000000014 0.71739130434782628 107.50000000000001 83.771580444413658 85.812500000000014 69.062500000000014 -0.48314718476766422 0.91147178257608552 26.500000000000004 7.5000000000000009 0.59014056119318081
decision_type=2 2 2 2 2 2 2 2 2 2 2 2 2 2 2 2 2 2 2 2 2 2 2 2 2 2 2 2 2 2 2 2 2 2 2 2 2 2 2 2 2 2 2 2 2 2 2 2 2 2
left_child=1 5 4 -4 -3 6 -1 14 9 19 -11 -7 -12 -14 18 16 17 27 20 -9 21 24 -23 25 28 -22 -27 44 29 30 41 -32 33 -33 -35 -31 40 38 -38 -40 48 -8 -39 -26 -16 49 -47 -45 -17 -25
right_child=-2 2 3 -5 -6 11 7 8 -10 10 12 -13 13 -15 15 36 -18 -19 -20 -21 23 22 -24 45 43 26 -28 -29 -30 35 31 32 -34 34 -36 -37 37 42 39 -41 -42 -43 -44 47 -46 46 -48 -49 -50 -51
leaf_value=0.018376814867158166 -0.028454698185092428 0.01429935861189615 -0.029798488517332342 0.021483723847088458 0.056401405765411805 0.02299335899137675 0.0019548038510552976 0.0049349531264263483 -0.014600995042419527 0.033500142211867673 -0.0052138120246321244 0.0026409617625176907 0.02156553147194375 0.0029990338983074964 -0.00072438139194513072 -0.014483640280009792 0.010635173829152772 0.0029797884437089512 -0.010715756852752403 -0.0083037675358355045 -0.009353209515619609 0.016514255008516238 -0.0011079027349578923 -0.01597116502892712 -0.011488108083571274 0.011145509156695271 -0.0022580262422079926 -0.018617412169668369 0.0076754947341231743 -0.00079410109062527504 -0.0093778251842916785 0.010465528183260353 -0.0078917531904627823 0.0067642286382889483 -0.0064467411705472766 -0.012496473690908817 0.0089016696370868807 -0.0063749296063310415 -0.016332254342953947 -0.0030717929389339122 -0.019695831326302142 0.013008803492411972 -0.017364836674006214 -0.0075569176891638725 -0.011895846386934505 0.0026333836019127145 -0.010777489205206475 0.0016484744435306207 -0.0063156558448500049 -0.0077893810697338174
leaf_weight=87 110 122 91 86 91 145 105 101 109 105 88 159 83 114 84 90 108 128 147 136 89 96 86 91 134 90 115 81 105 85 86 81 91 84 118 89 82 82 84 81 99 84 104 87 80 85 123 85 108 84
leaf_count=87 110 122 91 86 91 145 105 101 109 105 88 159 83 114 84 90 108 128 147 136 89 96 86 91 134 90 115 81 105 85 86 81 91 84 118 89 82 82 84 81 99 84 104 87 80 85 123 85 108 84
internal_value=0 0.000162908 0.015538 -0.00490099 0.0324661 -0.00115001 -0.0021159 -0.00254599 0.00407465 0.00733938 0.0134102 0.0123921 0.00591736 0.0108909 -0.00395876 -0.00679691 -0.00209157 -0.00579511 -0.00242204 -0.00266492 -0.0018347 -0.000360618 0.00822675 -0.00491277 -0.00163279 -0.000303317 0.00365199 -0.010373 6.20485e-05 -0.000917426 0.000672332 -0.00190009 -0.000160189 0.00234497 -0.000946812 -0.006817 -0.00989018 -0.00749704 -0.00363423 -0.00988029 -0.0133423 0.0069103 -0.0125798 -0.00675614 -0.00621295 -0.0084411 -0.00531071 -0.00302451 -0.0100825 -0.0121105
internal_weight=0 4968 390 177 213 4578 4274 4187 736 627 390 304 285 197 3451 1211 481 373 2240 237 2093 1416 182 677 1234 294 205 245 928 823 649 460 374 283 202 174 730 433 247 165 297 189 186 306 164 383 208 172 198 175
internal_count=5078 4968 390 177 213 4578 4274 4187 736 627 390 304 285 197 3451 1211 481 373 2240 237 2093 1416 182 677 1234 294 205 245 928 823 649 460 374 283 202 174 730 433 247 165 297 189 186 306 164 383 208 172 198 175
is_linear=0
shrinkage=0.05


Tree=47
num_leaves=49
num_cat=0
split_feature=1 30 38 30 45 42 27 5 42 30 42 3 42 3 7 49 39 29 21 10 47 0 41 40 21 42 13 49 9 49 13 45 25 27 17 13 15 10 28 2 33 10 17 17 2 21 17 10
split_gain=43.9497 29.5064 23.6329 24.0808 20.0255 21.1326 21.0228 11.8936 11.3222 10.703 8.17241 7.96839 8.20661 7.35674 7.63496 7.20186 8.8524 6.80559 4.56051 6.82667 9.95568 3.99737 3.93953 3.92001 5.90432 6.96807 3.32297 2.74775 5.00564 5.25502 5.60906 4.17097 3.46234 3.89538 2.7594 3.44299 2.36448 2.30346 2.99375 2.82399 2.22603 1.95646 1.73835 2.089 2.50223 2.03241 1.28071 1.16695
threshold=70.250000000000014 224.37500000000003 4.5000000000000009 184.37500000000003 0.62587949062545845 2.7500000000000004 84.656250000000014 -1.0000000180025095e-35 6.2500000000000009 41.875000000000007 -1.2499999999999998 187.50000000000003 4.2500000000000009 107.50000000000001 1.0041977657685934 85.210956433699806 1.0000000180025095e-35 8.3125000000000018 2.0355127630989647 2.0555554184571494 5.5000000000000009 82.250000000000014 1.5000000000000002 8.5000000000000018 1.0783199643493691 1.2500000000000002 30.500000000000004 89.638406236595088 0.72505959778585805 87.369887968443066 21.500000000000004 -0.90893996196865023 1.0000000180025095e-35 85.312500000000014 0.76533166458072599 27.500000000000004 77.250000000000014 1.5364651941646761 61.687500000000007 667.50000000000011 0.54164999999999719 1.3702920998562937 0.96424010217113676 0.83602150537634423 727.50000000000011 0.60509294626940868 1.0938416422287391 1.479671783691576
decision_type=2 2 2 2 2 2 2 2 2 2 2 2 2 2 2 2 2 2 2 2 2 2 2 2 2 2 2 2 2 2 2 2 2 2 2 2 2 2 2 2 2 2 2 2 2 2 2 2
left_child=1 -1 3 8 6 17 7 -5 9 -2 26 12 13 18 21 16 -9 -6 19 23 -21 -15 -20 37 27 36 47 28 29 30 -25 -31 33 -29 -34 -36 -26 39 -39 -12 -30 42 43 44 45 -41 -44 -11
right_child=2 -3 -4 4 5 -7 -8 15 -10 10 11 -13 -14 14 -16 -17 -18 -19 22 20 -22 -23 -24 24 25 -27 -28 32 40 31 -32 -33 34 -35 35 -37 -38 38 -40 41 -42 -43 46 -45 -46 -47 -48 -49
leaf_value=0.036479382805388282 0.015137147630543211 0.0038567563147807963 -0.023434991441068375 -0.018792306833229092 0.018654459949222307 0.040147059008751707 0.024778733860658504 0.0040455859970219814 0.013627097044626009 -0.010774595427071855 -0.00025318844384267274 -0.016413373513979482 0.013876497789274855 -0.0059400647598874552 0.016641019498929384 0.01021934369346127 -0.016355472334243101 -0.0009685343914829633 -0.003729975492349782 0.013730238276698135 -0.0046958549007614881 0.0079030041296533054 -0.01824064765472052 -0.011237013277838872 0.006098310275222449 0.016359401566571452 -0.0032414549474858428 -0.019653101989792456 -0.012471312442885749 -0.0013456869953578073 0.0045934177386308351 0.012785486075361924 -0.010357029077231444 -0.0045515022959099509 0.0046810661496065964 -0.0069983991083096379 -0.0047462360207128672 0.0060298231837805361 -0.0072913054739021602 -0.0063200360126665217 -0.0026892409128460872 -0.015171465439330366 -0.015883252463053641 0.00016462148008186643 -0.00046609829157768265 -0.01689739819892027 -0.0068960015207573961 -0.019288050196806177
leaf_weight=134 85 143 111 85 92 81 86 136 114 83 135 93 82 123 99 151 86 84 104 152 140 89 85 111 84 89 87 80 101 83 111 139 92 92 147 109 122 87 80 108 137 87 81 122 83 80 82 89
leaf_count=134 85 143 111 85 92 81 86 136 114 83 135 93 82 123 99 151 86 84 104 152 140 89 85 111 84 89 87 80 101 83 111 139 92 92 147 109 122 87 80 108 137 87 81 122 83 80 82 89
internal_value=0 0.0197126 -0.00073783 -0.000193212 0.00769186 0.0191651 0.00224637 -0.00202937 -0.00182807 -0.00230104 -0.00270915 -0.00205679 -0.00164932 -0.00204715 0.00525258 0.00183064 -0.00389543 0.00933638 -0.00282536 -0.00230384 0.00490993 -0.000118768 -0.0103176 -0.00316808 -0.00157466 0.00475309 -0.0112548 -0.00313031 -0.00104003 0.00209629 -0.00333669 0.00751987 -0.00586453 -0.0116485 -0.0029806 -0.000299712 -0.00031609 -0.00568791 -0.000356972 -0.00683029 -0.00687527 -0.00820863 -0.00709385 -0.00527025 -0.00770855 -0.0108866 -0.0114317 -0.0152658
internal_weight=0 277 4779 4668 801 257 544 458 3867 3753 3668 3409 3316 3234 311 373 222 176 2923 2734 292 212 189 2442 1497 295 259 1202 682 444 222 222 520 172 348 256 206 945 167 778 238 643 556 393 271 188 163 172
internal_count=5056 277 4779 4668 801 257 544 458 3867 3753 3668 3409 3316 3234 311 373 222 176 2923 2734 292 212 189 2442 1497 295 259 1202 682 444 222 222 520 172 348 256 206 945 167 778 238 643 556 393 271 188 163 172
is_linear=0
shrinkage=0.05


Tree=48
num_leaves=50
num_cat=0
split_feature=50 13 19 40 15 36 35 20 27 40 36 3 50 14 41 16 8 36 8 15 0 9 8 43 21 18 3 19 8 25 3 19 45 6 3 8 45 9 17 20 33 37 36 27 49 8 19 45 45
split_gain=28.7169 44.8815 36.418 23.6819 16.9716 13.2046 20.9511 11.5118 12.3416 13.9132 8.11752 8.08681 7.82798 8.17279 10.0702 13.7109 9.97311 9.12386 9.02651 8.96615 11.343 7.46676 7.01247 6.54184 4.04162 3.9972 3.17781 5.36458 3.46199 3.05366 4.7378 3.96666 6.10783 2.71824 2.65024 2.44903 2.43216 2.20942 2.91314 2.662 1.99212 2.84648 1.96674 1.7953 2.56571 2.13034 1.17095 0.958739 0.802462
threshold=4.6465747256124539 14.500000000000002 1.83583249148606 48.500000000000007 50.500000000000007 60.500000000000007 30.625000000000004 2.442785634832354 77.062500000000014 53.500000000000007 65.500000000000014 202.50000000000003 1.5397667691962342 3.5000000000000004 1.5000000000000002 11.250000000000002 0.37304347826086975 16.500000000000004 -0.45782608695652166 77.250000000000014 79.750000000000014 0.84399465815540409 2.6739130434782612 1.7500000000000002 0.37113079475081184 117.50000000000001 22.500000000000004 3.1000999000999006 1.9069565217391307 1.5000000000000002 27.500000000000004 2.8464782269536095 0.3744682635859638 1.7394957983193284 47.500000000000007 0.3862877830526999 0.039769539193789977 0.64416078545056399 0.95445134575569368 1.9305417720051874 0.31250000000000006 30.500000000000004 45.500000000000007 85.687500000000014 89.417234227644371 0.95739130434782627 1.9327362292879535 -0.62588817255938378 0.83376496542330847
decision_type=2 2 2 2 2 2 2 2 2 2 2 2 2 2 2 2 2 2 2 2 2 2 2 2 2 2 2 2 2 2 2 2 2 2 2 2 2 2 2 2 2 2 2 2 2 2 2 2 2
left_child=4 -2 3 -3 -1 6 11 8 -8 -10 -7 12 22 14 19 17 18 -16 -15 20 -14 34 23 26 -12 -25 27 28 37 30 -28 32 42 40 -18 -34 -33 -6 39 -39 -31 46 43 44 45 47 -42 -32 -37
right_child=1 2 -4 -5 5 10 7 -9 9 -11 24 -13 13 16 15 -17 21 -19 -20 -21 -22 -23 -24 25 -26 -27 29 -29 -30 33 31 36 35 -35 -36 48 -38 38 -40 -41 41 -43 -44 -45 -46 -47 -48 -49 -50
leaf_value=0.0216741772779597 -0.020363098882683894 -0.0087474757510857745 0.040587440019716391 0.026546961702954244 -0.0027390568349271432 -0.02485304998453049 -0.0073418893943345475 0.026105990428255784 0.023695114725047636 0.0002424356276605977 0.0014866441851584138 -0.017469730827866532 -0.0087856388576526903 -0.0048663140034322892 -0.002648685638522429 0.026138981020388502 0.0036092504335101696 0.017519292461855168 0.017122477509321703 -0.015045548546394068 0.014416294545711328 -0.019468545407905297 0.0095184825466207747 0.013710416262655192 -0.012937826837989547 -0.0015692226505011654 0.0070336010380599064 0.0013745766860665755 -0.018556513665557911 -0.011568017290243539 -0.0038692290010322039 -0.0040778119293261427 0.012295484673742932 -0.014681940257078273 -0.0080161730322550542 0.004926846647744087 -0.01395905267023149 -0.011697754193793493 -0.016571511062128202 0.00055970113586496426 -0.010645204984089909 0.0043194095332077459 0.0021855247841286256 0.0004638346450386245 -0.013755055700312369 0.0022104613786173423 -0.0023110050266760209 -0.010411012639630249 -0.0018689432980515707
leaf_weight=80 81 107 137 84 150 84 123 83 125 127 90 81 93 93 154 107 87 87 92 83 119 103 105 82 104 88 132 143 88 81 118 143 81 86 110 93 111 98 111 80 84 94 106 108 99 85 85 109 80
leaf_count=80 81 107 137 84 150 84 123 83 125 127 90 81 93 93 154 107 87 87 92 83 119 103 105 82 104 88 132 143 88 81 118 143 81 86 110 93 111 98 111 80 84 94 106 108 99 85 85 109 80
internal_value=0 0.0127879 0.0210116 0.00683211 -0.00101386 -0.00141436 -0.000731328 0.00936629 0.00560165 0.0119234 -0.0119559 -0.00193498 -0.00159649 0.00188883 0.00558143 0.01133 -0.00300813 0.00467418 0.00610192 -0.00121527 0.00424463 -0.00862761 -0.00308582 -0.00361144 -0.00627275 0.00583803 -0.00429286 -0.00720706 -0.00953386 -0.00313737 -0.00189718 -0.00294294 -0.0013485 -0.00677297 -0.0028898 0.00517635 -0.0084338 -0.00768716 -0.0102371 -0.00621644 -0.00475891 -0.00262593 -0.00400423 -0.00527019 -0.00677441 -0.00452252 -0.0064917 -0.00704232 0.0017916
internal_weight=0 409 328 191 4665 4585 4307 458 375 252 278 3849 3768 1128 643 348 485 241 185 295 212 300 2640 2535 194 170 2365 670 527 1695 1265 1133 879 430 197 254 254 439 289 178 344 263 625 519 411 312 169 227 173
internal_count=5074 409 328 191 4665 4585 4307 458 375 252 278 3849 3768 1128 643 348 485 241 185 295 212 300 2640 2535 194 170 2365 670 527 1695 1265 1133 879 430 197 254 254 439 289 178 344 263 625 519 411 312 169 227 173
is_linear=0
shrinkage=0.05


Tree=49
num_leaves=50
num_cat=0
split_feature=17 42 2 8 42 19 42 10 37 19 35 27 7 9 33 29 31 46 29 30 27 28 48 30 37 45 27 45 2 48 46 2 15 14 30 45 20 7 9 48 18 27 6 45 0 13 10 42 48
split_gain=37.7677 59.1876 35.3233 28.8185 24.6855 21.8793 9.34989 15.8901 15.3769 13.3919 11.2542 9.73822 8.99228 11.7387 8.01339 5.49481 10.0311 5.99761 6.09136 7.94957 9.26005 6.18389 6.05392 7.83116 5.57629 5.29036 5.06851 5.02111 4.87755 4.48439 3.75436 3.36125 3.31542 3.14768 3.08227 2.65708 2.09277 2.26289 3.10078 2.54651 2.4498 1.89876 1.81598 1.64483 1.39931 1.2552 1.13874 0.905066 0.729565
threshold=0.38585607940446659 8.2500000000000018 562.50000000000011 2.5539130434782611 3.2500000000000004 0.54554778554778571 2.7500000000000004 1.2445862636835017 5.5000000000000009 1.7895561278594154 53.750000000000007 81.562500000000014 1.898601398601399 1.0188826524550041 0.95835000000000303 5.1875000000000009 6.5000000000000009 0.93769647993491489 7.0625000000000009 141.87500000000006 83.062500000000014 73.562500000000014 -0.14821169499475551 130.62500000000003 39.500000000000007 -0.33425342068356556 78.937500000000014 -0.70291267844185523 732.50000000000011 0.065599478580966958 -0.24372464231556024 662.50000000000011 69.250000000000014 3.5000000000000004 124.37500000000001 -0.98214942551678475 0.16005261342073487 0.42407592407592426 0.72019365235355937 0.051425128082084416 112.50000000000001 75.687500000000014 2.5714285714285721 0.59868201182722736 86.750000000000014 26.500000000000004 1.2912841987848005 0.75000000000000011 -0.038411635961334629
decision_type=2 2 2 2 2 2 2 2 2 2 2 2 2 2 2 2 2 2 2 2 2 2 2 2 2 2 2 2 2 2 2 2 2 2 2 2 2 2 2 2 2 2 2 2 2 2 2 2 2
left_child=1 -1 5 6 12 -2 10 11 -9 -10 15 14 -5 -14 -8 16 -4 18 21 28 29 22 25 -24 -25 -17 -12 -23 30 -21 36 -32 33 -33 41 -34 46 44 39 -39 -40 -19 48 47 -38 -44 -20 -37 -30
right_child=2 -3 3 4 -6 -7 7 8 9 -11 26 -13 13 -15 -16 17 -18 34 19 20 -22 27 23 24 -26 -27 -28 -29 42 -31 31 32 35 -35 -36 43 37 38 40 -41 -42 -43 45 -45 -46 -47 -48 -49 -50
leaf_value=9.7985258991164823e-05 -0.0033075915174368693 0.05345866196306355 -0.0094995327600002014 -0.007713688815472625 0.037182631377826438 -0.035460455854160661 -0.0011473970372735717 -0.0070889730016920676 0.0049341270535852213 0.027031981854874567 0.0011977569592234337 0.0080667438152968226 0.023651006990777598 0.0003267909766041807 -0.023273837447188618 -0.0010512729149276966 0.012476816244166473 -0.010593928671109358 0.00030021931518907276 -0.0049845943536765726 0.020285144272805533 -0.0051355896918533102 -0.0071847216875713538 0.016655598411528881 -0.0013780377345320621 -0.015868690236737686 0.017462565090355219 -0.01963702775012786 -0.0083535622196948336 0.0080087201345445322 0.0025987758770615104 0.0065324245459950445 -0.0011248631369219059 -0.006129409596827385 -0.016545998481223765 -0.010256365074250921 0.012246121105272324 -0.0095844353560211246 -0.00061192196231653426 0.0024187529308816805 0.011640605030058907 -0.00086020245014325428 -0.0082828258275890691 -0.0057517373623947304 0.0030153522324041435 0.00015595718229442467 -0.0077660092652809837 -0.017797327586175766 -0.015231362122633471
leaf_weight=139 97 82 80 82 82 116 80 88 128 148 94 88 104 111 83 106 144 111 95 142 81 110 156 91 80 139 97 132 83 123 154 87 89 110 114 87 83 94 81 82 81 91 97 95 82 80 80 84 81
leaf_count=139 97 82 80 82 82 116 80 88 128 148 94 88 104 111 83 106 144 111 95 142 81 110 156 91 80 139 97 132 83 123 154 87 89 110 114 87 83 94 81 82 81 91 97 95 82 80 80 84 81
internal_value=0 0.0200486 -0.00104371 -0.000121846 0.0130681 -0.020902 -0.00130617 0.00438855 0.0110503 0.0168385 -0.00227566 -0.00527778 0.00630779 0.0116665 -0.0124874 -0.00293525 0.00462078 -0.00346529 -0.00274685 -0.00130512 0.00560134 -0.00640882 -0.00356267 0.000892356 0.00825985 -0.00948822 0.00950582 -0.0130937 -0.00269286 0.0010537 -0.00137049 -0.00392 -0.00574005 -0.000532884 -0.00999511 -0.00862005 0.00128617 0.00292368 0.000574003 -0.00400997 0.00554817 -0.00623477 -0.00804022 -0.0111142 0.00770451 -0.00448924 -0.00341037 -0.0140426 -0.0118222
internal_weight=0 221 4823 4610 379 213 4231 615 364 276 3616 251 297 215 163 3425 224 3201 2885 2071 346 814 572 327 171 245 191 242 1725 265 1384 706 552 197 316 355 678 503 338 176 162 202 341 266 165 177 175 171 164
internal_count=5044 221 4823 4610 379 213 4231 615 364 276 3616 251 297 215 163 3425 224 3201 2885 2071 346 814 572 327 171 245 191 242 1725 265 1384 706 552 197 316 355 678 503 338 176 162 202 341 266 165 177 175 171 164
is_linear=0
shrinkage=0.05


Tree=50
num_leaves=47
num_cat=0
split_feature=17 30 3 0 30 20 35 42 21 10 20 11 9 48 6 8 29 1 27 20 3 9 35 29 0 33 40 30 30 30 34 17 49 40 14 30 17 10 8 36 21 6 30 49 48 33
split_gain=23.6957 88.3433 33.5598 32.2591 19.1671 17.0857 10.7228 9.03312 9.21688 11.6384 11.7114 8.83521 6.99703 8.84282 8.33785 6.91272 6.81404 5.94588 5.10258 7.34782 5.47149 4.89456 4.80289 4.18483 4.08529 3.94428 3.77073 4.0325 3.62189 2.98266 2.83415 3.63839 2.77404 3.94239 3.55357 2.9618 2.30052 1.96066 2.77897 2.90781 2.67151 1.88001 1.66038 1.37526 0.924445 0.898164
threshold=0.36038961038961043 115.00000000000003 187.50000000000003 70.250000000000014 223.12500000000003 1.1369694397283532 93.750000000000014 0.75000000000000011 3.1139476360064653 1.823323412910999 2.5639344748570632 1.188492063492067 0.49393915394851418 0.051425128082084416 2.8714285714285719 0.97826086956521763 6.6875000000000009 80.250000000000014 85.062500000000014 -0.54625668449197862 97.500000000000014 1.1303215444083681 8.7500000000000018 6.6875000000000009 85.250000000000014 0.54164999999999719 83.500000000000014 51.875000000000007 231.87500000000003 120.62500000000001 0.31250000000000006 0.83602150537634423 82.945373608314668 63.500000000000007 1.5000000000000002 171.87500000000003 1.1043557168784031 1.7031875194461945 0.95739130434782627 16.500000000000004 0.38768779821410965 0.34285714285714292 98.750000000000071 80.939811404846907 0.19739952681172365 0.54164999999999719
decision_type=2 2 2 2 2 2 2 2 2 2 2 2 2 2 2 2 2 2 2 2 2 2 2 2 2 2 2 2 2 2 2 2 2 2 2 2 2 2 2 2 2 2 2 2 2 2
left_child=1 -1 3 4 -2 -4 7 21 9 12 11 -11 13 16 15 18 -9 -17 19 -14 29 26 -16 -13 -23 -18 27 -5 32 41 -19 -32 42 35 -35 36 37 38 40 -40 -34 -21 43 44 -29 -44
right_child=2 -3 5 6 -6 -7 -8 8 -10 10 -12 23 14 -15 22 17 25 30 -20 20 -22 24 -24 -25 -26 -27 -28 28 -30 -31 31 -33 33 34 -36 -37 -38 -39 39 -41 -42 -43 45 -45 -46 -47
leaf_value=-0.020555712411268839 0.032165089732809758 0.049534325176830762 -0.031302189934373337 0.0070400452713430348 0.002795217674294556 -0.0025222199481158033 0.016294273476038748 0.011279788881194653 -0.011888562155373652 0.013508206772461643 0.022502904614825226 -0.011743629893092555 -0.013348574790293138 0.014394603739952131 -0.00057102735254555849 -0.019790267257818156 -0.011495676316500326 -0.013783912707559682 0.0091847167264786558 -0.011116022242321855 0.010710642006597482 -0.0053045132261423664 0.013040590453640203 0.0028985611561541942 -0.018923408211480117 0.00099644694039413085 0.0070707063521651264 -0.0063964152270380194 0.0039613899658434096 0.004753968735202784 0.0040445248577743766 -0.0082756662743631755 -0.0034530399100639038 -0.016445749300080786 -0.0042189269643988772 0.0071593843090037509 -0.010338420064760033 0.0055644639010467845 -0.011907157908380032 -0.0010690282327085433 0.007311628099926042 -0.00096470135400389748 -0.015174118754772568 -0.010594748518359598 0.00057086807830880083 -0.0084403774438378144
leaf_weight=83 115 96 136 80 107 83 83 96 144 136 109 80 130 151 150 104 108 88 99 104 95 130 113 122 96 150 82 101 119 81 99 149 137 96 156 83 87 80 124 123 98 81 94 92 89 116
leaf_count=83 115 96 136 80 107 83 83 96 144 136 109 80 130 151 150 104 108 88 99 104 95 130 113 122 96 150 82 101 119 81 99 149 137 96 156 83 87 80 124 123 98 81 94 92 89 116
internal_value=0 0.0171008 -0.00137095 -0.000473128 0.0180854 -0.0204558 -0.00140178 -0.00174138 0.000329402 0.00111804 0.00832864 0.00370476 -0.000678221 0.00430742 -0.00262726 -0.00465575 -2.37344e-05 -0.00939148 -0.0011141 -0.00320509 0.000474473 -0.00423504 0.00530455 -0.00292961 -0.0111474 -0.00425701 -0.00334008 -0.00385365 -0.00440412 -0.00320772 -0.00612364 -0.00336103 -0.0050808 -0.00354203 -0.00892336 -0.0016798 -0.00281951 -0.00163926 -0.00284394 -0.00653611 0.00104802 -0.00670047 -0.0081449 -0.00560554 -0.00314689 -0.0115122
internal_weight=0 179 4896 4677 222 219 4455 4372 2389 2245 447 338 1798 505 1293 1030 354 440 590 491 361 1983 263 202 226 258 1757 1675 1595 266 336 248 1476 984 252 732 649 562 482 247 235 185 492 282 190 210
internal_count=5075 179 4896 4677 222 219 4455 4372 2389 2245 447 338 1798 505 1293 1030 354 440 590 491 361 1983 263 202 226 258 1757 1675 1595 266 336 248 1476 984 252 732 649 562 482 247 235 185 492 282 190 210
is_linear=0
shrinkage=0.05


Tree=51
num_leaves=48
num_cat=0
split_feature=38 42 46 7 50 8 46 46 36 10 50 5 11 21 22 5 2 8 12 50 35 21 18 48 21 7 7 8 8 46 9 50 16 19 2 36 19 45 7 48 19 19 40 17 2 9 50
split_gain=41.3691 37.1228 49.513 17.6771 19.7908 12.9022 14.1067 9.78969 7.58879 7.02779 7.05213 7.01592 10.2934 8.70221 6.54259 5.94301 8.88772 7.77024 5.88612 7.59808 9.61206 7.71099 7.67776 5.54759 5.15571 5.68823 4.93719 4.5424 3.72591 3.70964 3.74852 5.00209 3.63069 4.63938 3.57298 4.11594 3.54797 3.19765 3.69815 5.44377 3.57896 2.84797 2.5466 2.09158 1.49712 1.47393 1.31293
threshold=4.5000000000000009 6.2500000000000009 0.18281312110578132 1.4895104895104898 2.1471850759810356 2.5539130434782611 -0.23537842981696178 -0.14250536273956091 54.500000000000007 1.0113166843822727 2.1026498567314751 9.0000000000000018 1.0084745762711835 0.85911266742123626 78.750000000000014 1.0000000180025095e-35 617.50000000000011 1.9956521739130437 5.5000000000000009 1.0600356061637017 18.750000000000004 -1.1827899019026018 62.500000000000007 0.20332472332596638 -0.61605399092292135 2.0349650349650354 1.1874125874125878 1.7347826086956524 -0.24415019762845844 0.3484035575467645 0.79591616726460612 1.0351507788569381 12.500000000000002 1.0647025959680827 657.50000000000011 14.500000000000002 1.9468473253557455 -0.58482361983252518 2.1413586413586425 -0.25421548339195249 1.7618473741885723 3.9428571428571426 64.500000000000014 0.96424010217113676 732.50000000000011 0.6860595800775261 0.62303862065915905
decision_type=2 2 2 2 2 2 2 2 2 2 2 2 2 2 2 2 2 2 2 2 2 2 2 2 2 2 2 2 2 2 2 2 2 2 2 2 2 2 2 2 2 2 2 2 2 2 2
left_child=1 3 -3 7 11 6 -6 9 15 10 -1 12 13 24 -8 16 -9 26 19 27 21 -21 -23 -24 -5 -26 28 32 -18 -17 31 -31 33 -11 -30 36 46 44 40 -40 -39 43 45 -38 -14 -35 -36
right_child=-2 2 -4 4 5 -7 14 8 -10 18 -12 -13 37 -15 -16 29 17 -19 -20 20 -22 22 23 -25 25 -27 -28 -29 34 30 -32 -33 -34 42 35 -37 41 38 39 -41 -42 -43 -44 -45 -46 -47 -48
leaf_value=0.0020109125577308282 -0.029702312419801181 0.042857971340895466 -0.00439922552344934 0.0043659436673134846 0.020355677366471633 0.027663768201951041 0.0090756968458796435 -0.020375171950901858 -0.016311444500092712 0.0050541656696688891 0.019975167721332537 -0.01258366689422822 -0.0035738129029734391 -0.0050508604489601736 -0.01011107704823011 0.0073768807883314094 -0.014602017953861937 -0.019117407333972151 -0.011785874018798872 0.014766580803480782 0.018780276661368125 0.0098205815028767421 -0.015156517730993703 0.0015844973462202918 0.027792034448820158 0.009002129493917271 0.0064052032230553771 -0.014296699683506824 0.0055817996291944415 -0.004786806244248893 -0.010758407580127059 0.0093519810986785728 0.0052057754347854951 0.00089223654358647772 -0.0076521625101406091 0.0021909277759973081 0.0055703127787084042 -0.012245279904883142 0.012952585463690328 -0.0017001115726184492 0.0010205320457405433 -0.010181139728657026 -0.013854706404470982 -0.0051809781503057879 -0.012049518100479072 -0.0082640962046821431 -0.015868953301937185
leaf_weight=157 115 116 105 106 129 112 81 99 138 96 83 93 138 88 96 138 85 85 115 80 97 85 115 86 82 81 112 85 92 156 94 103 133 83 92 154 91 86 108 151 122 101 103 88 84 92 111
leaf_count=157 115 116 105 106 129 112 81 99 138 96 83 93 138 88 96 138 85 85 115 80 97 85 115 86 82 81 112 85 92 156 94 103 133 83 92 154 91 86 108 151 122 101 103 88 84 92 111
internal_value=0 0.000506352 0.0204868 -0.000436109 0.0039204 0.0132116 0.00784909 -0.00259071 -0.00509992 0.000505394 0.00828066 0.000502026 0.00167638 0.00855459 -0.00132903 -0.00412395 -0.0061485 -0.00473663 -0.00109524 8.01464e-05 0.00487247 0.00114539 -0.00270291 -0.00802131 0.0130077 0.0185665 -0.00339738 -0.0036698 -0.00475234 0.000456128 -0.00226263 0.000850298 -0.00186353 -0.00438466 -0.00358546 -0.00491614 -0.007182 -0.00189474 0.000456412 0.00443621 -0.00449672 -0.00351286 -0.00765055 0.000285343 -0.00682049 -0.00394098 -0.0122009
internal_weight=0 4927 221 4706 1557 418 306 3149 1739 1410 240 1139 1046 357 177 1601 1110 1011 1170 1055 463 366 286 201 269 163 926 592 814 491 353 259 507 374 729 637 483 689 467 259 208 280 278 179 222 175 203
internal_count=5042 4927 221 4706 1557 418 306 3149 1739 1410 240 1139 1046 357 177 1601 1110 1011 1170 1055 463 366 286 201 269 163 926 592 814 491 353 259 507 374 729 637 483 689 467 259 208 280 278 179 222 175 203
is_linear=0
shrinkage=0.05


Tree=52
num_leaves=49
num_cat=0
split_feature=1 38 35 20 17 10 6 3 39 25 21 46 28 8 49 30 21 42 30 17 30 8 29 3 20 46 42 48 45 3 1 20 20 8 17 48 49 46 28 20 3 8 14 3 10 37 29 18
split_gain=25.5779 16.592 19.017 19.2945 35.6263 15.0659 14.6811 12.7966 11.9915 11.8847 13.5444 13.9667 12.6577 8.37852 7.6261 10.3809 7.27501 6.39791 6.36994 7.13291 6.23333 8.33975 6.01615 5.66192 5.55535 4.41452 6.36212 6.45023 4.33123 3.97964 3.19055 4.06077 3.06927 2.98427 2.83417 5.94724 3.23501 2.71281 2.82559 2.55638 5.42843 4.69358 2.48639 3.69953 2.22574 1.92549 1.45828 1.33262
threshold=66.500000000000014 4.5000000000000009 8.7500000000000018 0.14073511631281138 0.58198924731182811 1.605714028221924 1.5701725633984358e-16 197.50000000000003 1.0000000180025095e-35 1.0000000180025095e-35 0.91560165089304502 -0.074115882986646633 69.812500000000014 1.7071300833874494 86.016895610695556 159.37500000000006 -0.81704756596060679 1.2500000000000002 46.875000000000007 0.95445134575569368 159.37500000000006 1.7556521739130437 11.062500000000002 62.500000000000007 2.0877393479385895 0.96633974041180493 2.7500000000000004 -0.25421548339195249 0.69056404122701587 27.500000000000004 87.250000000000014 1.0867043298257721 1.3249744147576965 0.97826086956521763 0.86811594202898557 0.043854800812743219 80.738464988592597 0.38043945030393422 70.937500000000014 0.50968240964142841 27.500000000000004 0.1890953154492184 7.5000000000000009 42.500000000000007 1.1454334249358171 16.500000000000004 6.5312500000000009 127.50000000000001
decision_type=2 2 2 2 2 2 2 2 2 2 2 2 2 2 2 2 2 2 2 2 2 2 2 2 2 2 2 2 2 2 2 2 2 2 2 2 2 2 2 2 2 2 2 2 2 2 2 2
left_child=-1 2 7 6 -5 13 8 18 -4 12 11 17 -7 14 33 30 -13 -11 -2 22 24 -22 25 37 29 26 34 -28 -25 32 -16 -32 -21 47 36 -36 -20 38 44 41 -41 -38 43 -31 -24 -42 -10 -6
right_child=1 -3 3 4 5 9 -8 -9 46 10 -12 16 -14 -15 15 -17 -18 -19 19 20 21 -23 23 28 -26 -27 27 -29 -30 42 31 -33 -34 -35 35 -37 39 -39 -40 40 45 -43 -44 -45 -46 -47 -48 -49
leaf_value=0.019793299062743408 0.011556031179042107 -0.020026192157011895 0.010419633436728927 0.030069915461106267 -0.0058175264001122592 0.031153424366061274 -0.019345350327956326 -0.016909396249268734 -0.013225869486729306 0.010631728979448479 -0.0092898770868778246 -0.010414244516258254 0.0047392725573714685 -0.015925209330351547 0.0088910027407109737 0.020318908608963036 0.0081825394447272021 0.030710027835448274 0.0082261720264077548 -0.019001428402312424 -0.0078856274450772278 0.012767779026180507 0.0031531649690424639 -0.0043693883777040964 -0.01882908960913417 -0.0092493013097819966 0.020873387492814123 0.0015987528686861646 0.009087918484477665 0.0018304596593517854 -0.010775602419479667 0.0033207294975834915 -0.0057668371473963576 -0.01185737276793046 -0.0014055394236843482 0.014889413523875798 0.0010077765407668574 -0.016557120988925984 -0.013751762434895638 -0.0073120650356182128 -0.0010567096921465832 -0.015008190824821788 0.0022711046287910114 -0.011096736028421574 -0.0084028860508107844 0.0087340293106372788 -0.0039401918290609336 0.0032267164952893995
leaf_weight=157 82 107 152 140 80 105 135 153 89 80 124 80 80 85 84 87 149 81 80 91 106 89 85 150 110 87 85 88 98 86 87 121 86 113 134 95 88 87 83 150 80 94 123 153 80 133 82 81
leaf_count=157 82 107 152 140 80 105 135 153 89 80 124 80 80 85 84 87 149 81 80 91 106 89 85 150 110 87 85 88 98 86 87 121 86 113 134 95 88 87 83 150 80 94 123 153 80 133 82 81
internal_value=0 -0.000644731 -0.000209601 0.003461 0.00608411 0.003728 -0.00556455 -0.00290068 0.00023716 0.00898304 0.0050524 0.0096246 0.019818 -0.00125475 0.000676309 0.00526493 0.00166881 0.0208604 -0.00207742 -0.00252176 -0.00627523 0.00155785 -0.000652376 -0.0047632 -0.00862755 0.00150132 0.00242015 0.0111345 0.000963559 -0.00651459 0.000725636 -0.00259868 -0.0126396 -0.0056668 0.000643877 0.00538972 -0.00110083 -0.00899297 -0.00628357 -0.00248249 -5.31741e-05 -0.00730102 -0.0034932 -0.00645686 -0.00246664 0.005069 -0.00882188 -0.00127549
internal_weight=0 4918 4811 2035 1577 1437 458 2776 323 699 514 390 185 738 653 379 229 161 2623 2541 844 195 1697 583 649 1114 1027 173 248 539 292 208 177 274 854 229 625 335 248 545 363 182 362 239 165 213 171 161
internal_count=5075 4918 4811 2035 1577 1437 458 2776 323 699 514 390 185 738 653 379 229 161 2623 2541 844 195 1697 583 649 1114 1027 173 248 539 292 208 177 274 854 229 625 335 248 545 363 182 362 239 165 213 171 161
is_linear=0
shrinkage=0.05


Tree=53
num_leaves=48
num_cat=0
split_feature=1 30 29 50 45 46 30 46 42 0 29 8 29 11 21 36 10 2 6 1 15 36 29 36 8 6 0 7 45 29 15 6 7 7 2 29 8 46 15 28 15 6 50 49 10 45 40
split_gain=22.6722 19.763 18.6028 29.5263 14.8764 25.8356 10.479 11.5302 19.3647 13.9524 12.6072 10.4835 7.59442 8.08491 6.8418 6.22529 5.85216 5.49314 5.79464 7.4576 9.18279 5.92013 5.97496 5.19922 5.18533 4.35745 4.77556 4.51816 4.32179 6.08849 5.9834 6.85588 3.12939 2.54746 2.48949 4.40881 2.2897 2.22962 2.27165 1.96233 2.24615 1.94261 1.90153 1.55853 1.47514 1.29728 0.561886
threshold=66.500000000000014 175.62500000000003 9.2812500000000018 4.2823454033010231 0.27694220057652758 1.0000000180025095e-35 45.625000000000007 0.3484035575467645 6.2500000000000009 82.750000000000014 5.5625000000000009 1.053280896764619 7.3125000000000009 1.5639534883720965 0.23321292168665766 23.500000000000004 1.6385355362590655 742.50000000000011 2.5714285714285721 86.500000000000014 74.500000000000014 37.500000000000007 6.4375000000000009 12.500000000000002 0.34173913043478271 0.34285714285714336 83.250000000000014 1.6153846153846156 -0.099819732675876835 7.9375000000000009 78.250000000000014 -1.712915523707384e-16 1.0041977657685934 0.47362637362637372 662.50000000000011 6.6875000000000009 1.0721739130434786 -0.91595872546125101 78.250000000000014 55.812500000000007 69.250000000000014 -3.4258310474147679e-16 1.0000000180025095e-35 89.363216648060117 0.88606297638948883 -0.12546116083924153 25.500000000000004
decision_type=2 2 2 2 2 2 2 2 2 2 2 2 2 2 2 2 2 2 2 2 2 2 2 2 2 2 2 2 2 2 2 2 2 2 2 2 2 2 2 2 2 2 2 2 2 2 2
left_child=-1 6 3 4 12 -6 -2 8 17 10 -9 -11 13 -3 -15 34 -4 18 21 20 -20 22 -8 -19 41 27 -27 32 30 -30 31 -23 33 36 44 -36 46 -21 -39 -37 42 -24 -41 -28 -12 -42 -26
right_child=1 2 16 -5 5 -7 7 9 -10 11 15 -13 -14 14 -16 -17 -18 23 19 37 -22 28 24 -25 25 26 43 -29 29 -31 -32 -33 -34 -35 35 39 -38 38 -40 40 45 -43 -44 -45 -46 -47 -48
leaf_value=0.01904585146465369 0.011995258033096505 0.012933430664689979 -0.018854734723359665 0.034255107882085682 0.03411267999170204 0.0021394680882076502 0.0089975802386003858 0.010927102331614752 0.022691871144476978 -0.007908479477081334 0.0059620330514139445 -0.029313937059232908 -0.011665633697110159 0.0075983135647067204 -0.010905242034054378 -0.015940519653359485 0.00015126366490199241 -0.00097867649359007695 0.0027542331937487081 0.0063652720973528011 0.024606117436031374 -0.0087468645601932495 0.0014338024344415137 -0.016841933655086905 -0.0021699245116546936 -0.017094200857459229 0.00060750963496723894 0.010336764816276949 -0.019306492439160744 -0.001479161047825107 -0.011674407738538013 0.0097265702336560948 -0.0099793007763881829 0.0069487736514323231 0.003455377706869104 -0.014464389141754842 -0.009532752003014823 0.0010689019631658404 -0.0089477114955661824 -0.0082768197004732327 -0.014483893626639922 0.011731419496457368 0.00096439998182985527 -0.0075175959664565617 -0.0033575643773923964 -0.0059264602791517977 0.0037206839505629038
leaf_weight=154 129 136 81 101 104 159 158 126 86 131 82 102 107 88 113 131 80 101 119 80 80 83 100 105 80 93 110 84 119 80 120 124 100 95 108 87 80 130 99 94 92 84 134 126 86 89 80
leaf_count=154 129 136 81 101 104 159 158 126 86 131 82 102 107 88 113 131 80 101 119 80 80 83 100 105 80 93 110 84 119 80 120 124 100 95 108 87 80 130 99 94 92 84 134 126 86 89 80
internal_value=0 -0.000378454 0.00600967 0.00910162 0.00546496 0.0148642 -0.00196394 -0.00244363 -0.000486627 -0.00634176 -0.00383144 -0.0173643 -0.000123497 0.00356489 -0.00280667 -0.00590058 -0.00946812 -0.00131593 -0.000590546 0.00409518 0.011618 -0.00197927 -2.54404e-05 -0.00910662 -0.00141424 -0.00306584 -0.00755805 -0.000209122 -0.0063911 -0.012183 -0.00284 0.00231291 -0.00226461 6.11336e-05 -0.0041785 -0.00567391 -0.00268274 -0.000771477 -0.0032815 -0.0076647 -0.00618655 0.00617289 -0.00286508 -0.00374389 0.00119965 -0.0103318 0.000780196
internal_weight=0 4876 969 808 707 263 3907 3778 2516 1262 1029 233 444 337 201 903 161 2430 2224 508 199 1716 1190 206 1032 848 329 519 526 199 327 207 435 335 772 604 240 309 229 496 409 184 228 236 168 181 160
internal_count=5030 4876 969 808 707 263 3907 3778 2516 1262 1029 233 444 337 201 903 161 2430 2224 508 199 1716 1190 206 1032 848 329 519 526 199 327 207 435 335 772 604 240 309 229 496 409 184 228 236 168 181 160
is_linear=0
shrinkage=0.05


Tree=54
num_leaves=47
num_cat=0
split_feature=13 17 38 15 4 50 19 42 0 50 11 48 30 46 3 30 36 30 7 4 49 50 37 30 48 50 2 18 48 8 17 16 37 27 49 50 14 8 6 28 36 19 46 14 13 7
split_gain=26.27 63.7915 25.6656 23.9749 15.2803 15.0175 13.5819 19.0438 14.0022 10.8886 8.56836 11.4833 11.5727 8.01447 9.12669 7.96854 7.96282 7.31377 6.23769 5.88111 8.67503 7.67431 5.53824 5.20497 4.85078 4.64234 4.28153 4.31605 4.24819 3.92289 3.87142 3.69764 3.54408 3.22818 4.12149 4.51391 4.36421 3.34349 2.94426 2.83384 2.48853 2.17461 2.58405 2.16199 2.0435 1.66109
threshold=6.5000000000000009 0.28991596638655465 4.5000000000000009 49.500000000000007 1.0000000180025095e-35 4.6465747256124539 1.8976056822087297 3.7500000000000004 73.750000000000014 -1.2990878280063354 1.5639534883720965 -0.025499409301800727 133.12500000000003 0.97062204580664158 172.50000000000003 154.37500000000003 4.5000000000000009 108.12500000000001 2.454545454545455 1.7500000000000002 81.534076022690058 1.4995650847104474 21.500000000000004 165.62500000000006 0.095906855539589594 2.1471850759810356 652.50000000000011 137.50000000000003 0.089021818108660361 1.4924729570289672 1.0385185185185188 11.250000000000002 33.500000000000007 84.812500000000014 87.699629112712742 0.58222414438472481 4.5000000000000009 0.84782608695652184 0.68571428571428628 62.312500000000007 35.500000000000007 1.4791644337162753 0.19969739736768838 5.5000000000000009 25.500000000000004 1.0000000180025095e-35
decision_type=2 2 2 2 2 2 2 2 2 2 2 2 2 2 2 2 2 2 2 2 2 2 2 2 2 2 2 2 2 2 2 2 2 2 2 2 2 2 2 2 2 2 2 2 2 2
left_child=-1 -2 3 -3 5 15 8 9 -6 44 11 16 -13 14 17 25 -11 26 33 20 28 23 -17 30 -21 32 -10 29 -12 39 31 -22 38 34 35 -19 -36 -37 -5 -28 -34 -40 -43 45 -8 -41
right_child=1 2 -4 4 6 -7 7 -9 13 10 19 12 -14 -15 -16 22 -18 18 -20 24 21 -23 -24 -25 -26 -27 27 -29 -30 -31 -32 -33 40 -35 36 37 -38 -39 41 43 -42 42 -44 -45 -46 -47
leaf_value=-0.021231372202647494 0.044119639313185077 0.026584477598107489 -0.025822646337512297 0.003264876556421928 -0.020357130632037299 0.024912961068647831 -0.017058261417939018 0.024207711602437565 0.0091509762394192534 0.012036171813121846 -0.001325135011970997 0.0055055634640853541 0.030024866151801322 0.011727552350965285 -0.017962292957681796 0.016960402518500169 -0.0073476263109351625 0.00071584780307603073 0.0057675060575430315 -0.00092978668601616579 -0.0041429459322178041 0.014910886559934756 0.0026201283242281524 0.01233342848143276 -0.015986591105413908 0.0083531345252866873 -0.0093828132194415728 0.0062715537097201932 -0.015952317493740494 -0.012562338576505058 -0.010148882178455285 0.0098138507672174049 0.010188752735358025 -0.0019281507582324588 -0.021892438506086669 -0.017815302320214329 -0.0072577519381530177 -0.0039764474664906761 -0.013597168713126198 -0.0063997373764868833 -0.00098192488556123232 0.0025424829084725901 -0.0089353799465549215 0.0062127857914259822 -0.0060165802471932369 0.0013964237266003432
leaf_weight=140 82 85 94 96 129 87 83 88 112 85 124 106 88 83 110 152 137 127 88 114 105 139 121 80 100 153 90 148 82 94 96 85 88 152 119 97 91 80 83 119 113 86 112 113 87 158
leaf_count=140 82 85 94 96 129 87 83 88 112 85 124 106 88 83 110 152 137 127 88 114 105 139 121 80 100 153 90 148 82 94 96 85 88 152 119 97 91 80 83 119 113 86 112 113 87 158
internal_value=0 0.00066127 -9.34801e-05 0.000428151 -6.08451e-05 0.00510459 -0.00166785 0.00173141 -0.00451304 0.000407254 0.0019211 0.00787157 0.0167247 -0.00335465 -0.00409835 0.00336504 9.47908e-05 -0.0031273 -0.00669254 -0.000760611 0.00142871 0.00495441 0.0106372 0.00114279 -0.00800731 0.000638349 0.000100101 -0.00131463 -0.00719654 -0.00327815 -0.00201952 0.00211958 -0.0014147 -0.00834509 -0.0102353 -0.00647988 -0.0156152 -0.0116179 -0.00426976 -0.00143766 0.00393495 -0.00684633 -0.00396232 0.000415142 -0.0114757 -0.0019638
internal_weight=0 4861 4779 4685 4600 1091 3509 1599 1910 1511 1341 416 194 1781 1698 1004 222 1588 754 925 711 505 273 366 214 731 834 722 206 574 286 190 578 666 514 304 210 177 377 480 201 281 198 390 170 277
internal_count=5001 4861 4779 4685 4600 1091 3509 1599 1910 1511 1341 416 194 1781 1698 1004 222 1588 754 925 711 505 273 366 214 731 834 722 206 574 286 190 578 666 514 304 210 177 377 480 201 281 198 390 170 277
is_linear=0
shrinkage=0.05


Tree=55
num_leaves=50
num_cat=0
split_feature=4 13 42 42 3 42 7 33 28 35 17 29 14 1 45 42 17 8 10 47 19 9 35 29 35 8 45 9 7 7 28 8 2 20 10 49 7 33 21 36 9 0 18 13 25 45 49 7 8
split_gain=22.2749 30.294 54.6328 22.5966 16.845 12.3016 22.0117 13.8286 10.6578 9.5953 9.58155 8.609 9.7679 7.12725 6.57429 5.62097 5.43668 4.80334 4.69451 4.05118 4.1056 7.16219 8.93474 6.50164 4.7653 5.46476 3.89792 4.83368 3.69831 3.66132 3.16829 3.51727 3.10611 4.23376 3.34185 2.8336 2.70163 2.50401 2.36877 2.78296 2.34987 2.13685 1.99018 1.85012 1.74915 1.84814 1.74695 1.66015 1.48676
threshold=1.0000000180025095e-35 5.5000000000000009 8.2500000000000018 4.7500000000000009 187.50000000000003 2.2500000000000004 1.4895104895104898 1.1250000000000002 53.312500000000007 11.250000000000002 0.58198924731182811 7.0625000000000009 1.5000000000000002 81.500000000000014 0.62587949062545845 -2.2499999999999996 0.88117647058823534 0.37304347826086975 1.4432420147015068 10.500000000000002 2.2421111345373226 0.86455005809202556 18.750000000000004 6.4375000000000009 1.0000000180025095e-35 1.2748681758537421 0.88220160189607266 0.91854115235469758 2.5384615384615392 2.0349650349650354 73.437500000000014 1.4843478260869569 727.50000000000011 1.1995989304812837 1.5951072541767612 87.051469076246079 1.6573426573426577 0.95835000000000303 0.25299084509611452 22.500000000000004 0.74119186184500963 84.250000000000014 132.50000000000003 25.500000000000004 1.5000000000000002 -0.29343379936893921 89.83479705125022 0.27132867132867139 1.0252173913043481
decision_type=2 2 2 2 2 2 2 2 2 2 2 2 2 2 2 2 2 2 2 2 2 2 2 2 2 2 2 2 2 2 2 2 2 2 2 2 2 2 2 2 2 2 2 2 2 2 2 2 2
left_child=3 -2 4 8 5 15 7 9 -1 17 -6 12 16 -9 -8 -3 -10 -7 -14 20 24 22 23 -22 35 32 27 30 36 -23 31 42 33 34 38 -17 46 48 39 41 -34 -26 -13 -40 45 47 -27 -21 -25
right_child=1 2 -4 -5 10 6 14 13 11 -11 -12 26 18 -15 -16 19 -18 -19 -20 44 21 29 -24 37 25 28 -28 -29 -30 -31 -32 -33 40 -35 -36 -37 -38 -39 43 -41 -42 -43 -44 -45 -46 -47 -48 -49 -50
leaf_value=0.017904374309000558 -0.031450508680150271 -0.014970228942425064 0.039275181411606512 0.027443754503370395 -0.0061265772987098904 0.0077221676224359763 0.011223550662053404 -0.021929524080706357 0.025826715542158735 0.017350524759668612 -0.027000869258677552 -0.012025232217057008 -0.0075566237309734182 -0.0016356487517211451 0.029420257360892901 0.011498505400682223 0.0081019537258012007 -0.0084513729323966898 0.0076730187059702165 -0.0027165076745274876 0.012110740194115246 -0.01168933780901444 0.016213814856470093 -0.0033596703684496058 0.0028642201768511004 -0.0044192569024744449 0.0067438058199123978 -0.013853076800093135 0.00062345886090486424 0.00088845189322124844 0.0066785233352122083 0.0047074227318189103 -0.0016202284913096163 0.0088195568394907036 -0.011272736793247666 -0.0013984820083581212 -0.01847803806886077 -0.0072872140140659639 -0.010128806361907654 0.0072184332613392764 -0.012891371321585991 -0.0080045311132491363 -0.0021876714248809559 9.9855824373662472e-06 -0.011917368494168922 0.0016642090848235543 -0.013610283581584462 -0.010846598613352399 0.0057167793344235938
leaf_weight=119 83 88 81 111 127 80 134 91 83 106 97 106 95 82 80 83 92 105 106 125 102 122 128 82 100 127 111 92 81 109 96 86 89 108 81 86 93 141 88 147 96 81 100 91 112 85 88 127 98
leaf_count=119 83 88 81 111 127 80 134 91 83 106 97 106 95 82 80 83 92 105 106 125 102 122 128 82 100 127 111 92 81 109 96 86 89 108 81 86 93 141 88 147 96 81 100 91 112 85 88 127 98
internal_value=0 -0.00175502 -0.00108795 0.00605794 -0.00199172 -0.00112348 0.00490589 -0.00121961 0.00384886 0.00543204 -0.0152457 0.00210246 0.00800664 -0.0123751 0.0181313 -0.00260692 0.0166075 -0.00145349 0.000473154 -0.00219399 -0.00131681 0.00159803 0.00469441 0.00117861 -0.00290084 -0.00395076 -0.00166102 -0.00361461 -0.00887895 -0.00577612 -0.00115756 -0.00374781 -0.00176714 -0.000232905 -0.00190775 0.00496592 -0.0113719 -0.00232197 -0.000392327 0.00213144 -0.0075069 -0.00201695 -0.00728336 -0.00500303 -0.00652041 -0.00469681 -0.00822676 -0.00684049 0.00158623
internal_weight=0 3824 3741 1197 3660 3436 678 464 1086 291 224 967 376 173 214 2758 175 185 201 2670 2221 782 551 423 1439 1270 591 480 389 231 388 292 881 696 588 169 308 321 507 328 185 181 206 179 449 337 215 252 180
internal_count=5021 3824 3741 1197 3660 3436 678 464 1086 291 224 967 376 173 214 2758 175 185 201 2670 2221 782 551 423 1439 1270 591 480 389 231 388 292 881 696 588 169 308 321 507 328 185 181 206 179 449 337 215 252 180
is_linear=0
shrinkage=0.05


Tree=56
num_leaves=49
num_cat=0
split_feature=43 15 4 31 8 46 30 8 1 43 5 12 29 2 17 19 33 17 13 18 29 30 29 46 10 36 19 5 43 37 9 46 29 17 8 29 19 46 18 33 31 19 7 34 7 37 10 3
split_gain=59.5516 21.0079 17.1654 12.4724 10.9975 10.3577 17.6196 13.3291 12.8803 10.6421 8.23604 11.9292 15.6261 7.80889 7.9891 5.9572 7.25834 5.88769 5.14416 4.61239 7.22252 4.32375 4.32277 4.24928 3.99799 4.80242 3.65261 3.48943 6.65366 4.91027 3.42331 3.25122 3.23956 3.09972 2.97423 3.01665 4.01749 2.77377 2.7651 2.6666 2.47731 2.22216 2.20878 3.70318 1.97017 4.28623 2.36042 1.57164
threshold=9.2500000000000018 50.500000000000007 1.0000000180025095e-35 3.5000000000000004 2.5539130434782611 0.26659387353423869 201.87500000000003 1.0460869565217394 79.500000000000014 4.2500000000000009 1.0000000180025095e-35 1.5357142857142849 7.1875000000000009 567.50000000000011 0.94281045751633996 1.9090620031796504 0.54164999999999719 0.71714285714285719 32.500000000000007 132.50000000000003 6.4375000000000009 105.62500000000001 8.8125000000000018 -0.17646730165275518 1.7892408487834766 34.500000000000007 0.51027521800977194 1.0000000180025095e-35 -1.0000000180025095e-35 16.500000000000004 0.86455005809202556 -0.6523320455745395 7.3125000000000009 0.84412955465587058 1.969361942405421 6.0625000000000009 3.6086473981210831 -0.61236746317008228 107.50000000000001 0.54164999999999719 7.5000000000000009 1.3915512150806271 1.0041977657685934 0.62500000000000011 0.16783216783216778 22.500000000000004 1.0377084697998438 67.500000000000014
decision_type=2 2 2 2 2 2 2 2 2 2 2 2 2 2 2 2 2 2 2 2 2 2 2 2 2 2 2 2 2 2 2 2 2 2 2 2 2 2 2 2 2 2 2 2 2 2 2 2
left_child=1 -1 4 -4 10 6 8 -8 -5 26 11 12 -3 -10 15 18 -17 -13 19 20 -15 22 -12 -23 31 -26 -7 34 -29 38 39 32 -16 -18 35 -28 44 -20 -30 -22 -33 -41 -19 -44 47 46 -46 -37
right_child=-2 2 3 5 -6 9 7 -9 13 -11 21 17 -14 14 24 16 33 42 37 -21 30 23 -24 -25 25 -27 27 28 29 -31 -32 40 -34 -35 -36 36 -38 -39 -40 41 -42 -43 43 -45 45 -47 -48 -49
leaf_value=0.021612920277162429 0.04311882489257389 0.031738516676199174 -0.0199108322787089 0.016232069860221725 0.019301299013706863 -0.01294091557054064 -0.0019194085962109027 0.022174007664235482 -0.016816388819973136 -0.0217839710741419 0.011121751089425138 0.011099045723257168 0.005203106624080839 -0.018371354135557672 -0.0038482640423183525 0.015710608426446993 0.0068518466245434465 -0.0094158875525974465 0.012045886468923078 0.0044969025442603595 -0.010352344798291621 -4.1547053384689478e-05 -0.0037532884262014773 -0.013975072067530295 -0.0053719025907841157 -0.021081780463388964 0.0040540261538921018 -0.0084923307974497948 0.015940277859509151 -0.0048231938152493523 0.0043849373427820538 -0.003219542237859445 0.0088912547399689051 -0.0066120606950169211 -0.012746298442258518 -0.010278757923784165 -0.013489592253652394 -0.00030361875193193557 0.0034057617570985767 0.0044155372010374607 -0.014377219853117879 -0.0069210470292498079 0.0084794243519398863 -0.0054277047007496512 0.0021078039355137772 0.0093807068733889384 -0.0088768268537964545 -0.0026186256643041233
leaf_weight=108 80 91 96 100 116 103 92 151 85 88 89 110 141 87 122 134 85 81 98 155 146 107 106 111 122 81 104 128 93 80 123 131 83 84 106 129 116 84 84 87 80 84 81 114 84 80 115 140
leaf_count=108 80 91 96 100 116 103 92 151 85 88 89 110 141 87 122 134 85 81 98 155 146 107 106 111 122 81 104 128 93 80 123 131 83 84 106 129 116 84 84 87 80 84 81 114 84 80 115 140
internal_value=0 -9.80335e-05 -0.000580184 -0.00221358 0.00477153 -0.00174459 0.000407076 0.0130817 -0.0011614 -0.00502797 0.00311963 0.00676866 0.0157029 -0.0020992 -0.00138976 0.00104619 0.00706633 0.00137214 -0.00107076 -0.00306434 -0.00529254 -0.00234382 0.00305794 -0.00716756 -0.00597654 -0.011713 -0.00393016 -0.0031833 0.000781571 0.00541549 -0.00267071 -0.00315589 0.00132781 0.000160198 -0.00492873 -0.00383457 -0.00507437 0.0063756 0.0100442 -0.00541357 -0.0074978 -0.00116117 -0.0025306 0.000362892 -0.00327172 -0.000323969 -0.00425274 -0.00631654
internal_weight=0 5015 4907 3760 1147 3664 2214 243 1971 1450 1031 618 232 1871 1786 1167 303 386 864 682 527 413 195 218 619 203 1362 1259 385 257 440 416 205 169 874 768 664 182 177 317 211 171 276 195 548 279 199 269
internal_count=5095 5015 4907 3760 1147 3664 2214 243 1971 1450 1031 618 232 1871 1786 1167 303 386 864 682 527 413 195 218 619 203 1362 1259 385 257 440 416 205 169 874 768 664 182 177 317 211 171 276 195 548 279 199 269
is_linear=0
shrinkage=0.05


Tree=57
num_leaves=47
num_cat=0
split_feature=13 50 10 11 42 36 48 27 9 48 7 42 21 40 38 50 9 20 33 46 27 13 25 30 30 10 34 13 47 36 49 10 36 48 50 28 34 6 42 50 14 48 6 0 0 6
split_gain=24.9453 88.1553 17.1328 22.3846 15.1671 11.1576 7.45865 8.95151 6.96212 6.59595 6.30885 6.25669 5.87139 5.8237 6.9273 7.91141 11.4335 13.5942 16.9573 9.4407 9.17353 8.47373 3.40316 5.02933 6.13118 3.55647 3.84444 2.94733 2.71351 2.55074 3.63398 3.17546 2.95363 3.42077 4.01227 2.31853 3.8098 1.97254 2.26183 1.81858 1.77667 1.59999 2.49282 1.3876 0.872006 0.237751
threshold=4.5000000000000009 8.5563717320649904 1.823323412910999 1.0084745762711835 3.7500000000000004 38.500000000000007 -0.098104314729781109 78.187500000000014 0.90664760594127003 -0.16051298053853083 1.767129243813182 1.7500000000000002 1.7368198476127292 87.500000000000014 3.5000000000000004 2.0722736535039137 0.49741679636596131 1.1508000771158666 0.54164999999999719 0.2499757677084001 79.812500000000014 26.500000000000004 1.5000000000000002 201.87500000000003 176.87500000000003 1.5733110562994257 0.31250000000000006 27.500000000000004 9.5000000000000018 12.500000000000002 78.987068327689855 1.3606855127386981 46.500000000000007 -0.40660244817370472 0.9809633047681886 72.937500000000014 0.87500000000000011 1.5701725633984358e-16 0.75000000000000011 1.4176913219690237 3.5000000000000004 -0.0072950615744631674 1.0000000180025095e-35 84.750000000000014 86.750000000000014 1.0000000180025095e-35
decision_type=2 2 2 2 2 2 2 2 2 2 2 2 2 2 2 2 2 2 2 2 2 2 2 2 2 2 2 2 2 2 2 2 2 2 2 2 2 2 2 2 2 2 2 2 2 2
left_child=-1 2 13 4 6 8 10 -8 11 -10 -4 27 -7 14 15 22 21 18 -18 -20 -19 -17 23 24 29 26 -24 -5 37 30 -2 39 33 44 35 36 -35 -28 -39 41 -34 42 -32 -33 -31 -43
right_child=1 -3 3 5 -6 12 7 -9 9 -11 -12 -13 -14 -15 -16 16 17 20 19 -21 -22 -23 25 -25 -26 -27 28 -29 -30 32 31 43 40 34 -36 -37 -38 38 -40 -41 -42 45 -44 -45 -46 -47
leaf_value=-0.024876646083014618 0.0033998561502702421 0.051692958301808457 0.01048188457886378 -0.0025205356818868928 0.03206326016224921 -0.0022189995581284165 0.0074691584467247224 0.027633813259646645 0.0061306536572778396 -0.011516468940310901 -0.0082928394992950929 0.020407445213676972 -0.018032996092006214 0.0083898503834811539 -0.013626459389783893 0.0020965855510937225 0.0057065192189879885 -0.0016969053665598652 -0.0077804572346874259 -0.030261314220387067 0.018456912179115333 0.021146939761968235 0.0030343448850400157 0.0067245302064031717 -0.016286589567856183 -0.014386793626615322 -0.0092396601044580223 0.0096741805858283243 -0.013160083165782835 -0.00091081297147379387 0.0065889553203093768 -0.014573750746760357 -0.010841510195525424 -0.0028138691495711871 0.010039908467097932 -0.0046444069468807156 0.011909488645359512 -0.0058880544483492329 0.0050464132458465294 -0.0089947548609338387 -0.00076808955941704059 -0.007640108644364426 -0.0038252110241983948 -0.0060896971301355567 -0.0075257510818796712 -0.0037062043505203396
leaf_weight=97 131 82 89 94 85 124 156 85 98 113 88 80 111 129 131 116 132 118 109 82 107 117 125 145 81 113 126 103 123 98 102 114 92 94 156 136 81 109 82 116 83 80 129 87 101 80
leaf_count=97 131 82 89 94 85 124 156 85 98 113 88 80 111 129 131 116 132 118 109 82 107 117 125 145 81 113 126 103 123 98 102 114 92 94 156 136 81 109 82 116 83 80 129 87 101 80
internal_value=0 0.000598797 -0.000275361 0.00483176 0.0129205 -0.000805727 0.00896056 0.014666 0.00350455 -0.00332992 0.00115341 0.00870384 -0.00973335 -0.00200348 -0.00238928 -0.00194789 0.0024597 -0.00148845 -0.00805115 -0.0175393 0.00792661 0.0117121 -0.0032805 -0.00219622 -0.00293416 -0.0063209 -0.00468515 0.00387204 -0.00688009 -0.00228107 -0.00422994 -0.00564447 -0.000334127 0.00118657 0.00352402 0.0002339 0.00402989 -0.00440966 -0.00119184 -0.00352373 -0.00609534 -0.0018818 0.000781832 -0.0109499 -0.00428899 -0.00570839
internal_weight=0 4933 4851 1226 503 723 418 241 488 211 177 277 235 3625 3496 3365 781 548 323 191 225 233 2584 1906 1761 678 565 197 440 1680 839 708 841 666 467 311 175 317 191 507 175 391 231 201 199 160
internal_count=5030 4933 4851 1226 503 723 418 241 488 211 177 277 235 3625 3496 3365 781 548 323 191 225 233 2584 1906 1761 678 565 197 440 1680 839 708 841 666 467 311 175 317 191 507 175 391 231 201 199 160
is_linear=0
shrinkage=0.05


Tree=58
num_leaves=48
num_cat=0
split_feature=43 30 8 49 30 3 8 44 48 29 30 30 29 27 22 10 30 46 49 37 6 30 29 3 17 29 29 50 50 45 49 29 10 19 13 37 50 21 46 19 33 41 10 50 13 18 37
split_gain=27.8532 32.9268 12.313 14.8538 14.1565 10.1544 19.8291 11.1597 6.57645 4.88554 4.81189 8.53267 9.62369 5.11289 6.36972 6.64723 5.0475 4.71841 4.65349 4.76217 4.54845 4.70347 6.70369 4.63498 4.472 4.72691 6.05286 4.68376 3.92787 3.84057 3.80618 4.01771 3.35573 3.27695 3.82621 3.0021 2.93177 2.79465 2.60818 2.45064 2.14757 1.98605 1.98124 4.57638 1.87787 1.74848 1.27668
threshold=7.2500000000000009 136.87500000000006 2.5539130434782611 88.884080780876204 108.12500000000001 187.50000000000003 0.63913043478260889 5.2500000000000009 -1.6903447741613182 4.4062500000000009 230.62500000000003 280.62500000000006 6.6875000000000009 84.906250000000014 89.750000000000014 1.7031875194461945 154.37500000000003 0.080547328232315238 89.942569589030583 31.500000000000004 4.6285714285714299 67.812500000000014 8.3125000000000018 22.500000000000004 0.9298029556650248 6.9375000000000009 8.0625000000000018 2.5560018018152495 1.7177269628839655 -0.97876850416056738 83.771580444413658 6.1666750000000006 0.92474044173253278 0.9742011667766215 18.500000000000004 47.500000000000007 0.85942501081832756 1.0000000180025095e-35 0.90803977035715633 1.6672637707120468 0.95835000000000303 2.5000000000000004 1.2563109932763494 0.54821625567044674 28.500000000000004 102.50000000000001 8.5000000000000018
decision_type=2 2 2 2 2 2 2 2 2 2 2 2 2 2 2 2 2 2 2 2 2 2 2 2 2 2 2 2 2 2 2 2 2 2 2 2 2 2 2 2 2 2 2 2 2 2 2
left_child=2 -2 5 4 -4 7 -7 -1 -9 -10 13 12 -12 14 17 36 18 24 -15 40 21 22 -19 37 27 -26 -27 29 -6 -11 31 -25 38 -31 -35 41 -16 -23 -33 -32 -20 -36 46 -44 -21 -28 -34
right_child=1 -3 3 -5 28 6 -8 8 9 10 11 -13 -14 16 15 -17 -18 20 19 44 -22 23 -24 30 25 26 45 -29 -30 33 39 32 42 34 35 -37 -38 -39 -40 -41 -42 -43 43 -45 -46 -47 -48
leaf_value=0.015195769369947138 -0.0019417964921491903 0.043118715305908953 0.0012681684419724414 -0.010371467318119748 0.015315034873670015 0.0036003961930559446 -0.026197406423294489 0.012687134029453293 0.0086660691331756322 0.010426713979309972 -0.0023683753952055296 -0.005454972216938722 0.019710280475189065 0.010015975414544985 0.0018142715823109988 -0.021152984350413573 0.01170163837223049 0.010864006873668621 -0.0031349805397750765 0.0088423843130341646 0.0061011830696867768 -0.019661427700220672 -0.0052999630529150556 0.0068867043368206317 -0.012334248359216666 0.010869572948232839 -0.010127545450814068 0.010679669176106868 0.031262398382395876 -0.0080063824145327096 -0.013569355497148428 0.0056069036694243552 -0.013972650369236228 0.0094079057961685714 0.0061078210666525266 -0.0086808743430118931 -0.01014960715310427 -0.0081440690475170011 -0.0057068978620389869 -0.0043622473115700654 -0.012687997487373651 -0.003236856626842274 -0.010277817074325866 0.0055593416782184733 -0.0013636814906600526 -0.00076202603589211194 -0.0058905863183292941
leaf_weight=107 81 80 131 83 81 109 113 84 117 84 84 140 118 92 90 91 108 107 157 92 102 85 157 96 122 81 95 137 80 127 158 124 108 104 118 101 117 143 85 135 94 108 99 83 87 104 93
leaf_count=107 81 80 131 83 81 109 113 84 117 84 84 140 118 92 90 91 108 107 157 92 102 85 157 96 122 81 95 137 80 127 158 124 108 104 118 101 117 143 85 135 94 108 99 83 87 104 93
internal_value=0 0.0205765 -0.000493703 0.00820288 0.0135 -0.00121115 -0.0116164 -0.000675608 -0.00108087 -0.00136301 -0.00165655 0.00400892 0.0105626 -0.00218344 -0.00302932 -0.00996197 0.0019154 -0.00227637 -0.000127846 -0.00231635 -0.00406696 -0.00477473 0.00126762 -0.00609411 0.00011301 -0.00416393 -0.000572783 0.00232262 0.0233833 0.000525425 -0.00459292 -0.00255363 -0.00409353 -0.000981078 0.00110276 -0.00155926 -0.00496421 -0.0125049 0.00100033 -0.00935644 -0.00674876 0.00164764 -0.00686857 -0.00306446 0.00390188 -0.00526129 -0.0102809
internal_weight=0 161 4931 375 292 4556 222 4334 4227 4143 4026 342 202 3684 3054 298 630 2756 522 430 1575 1473 264 1209 1181 402 280 779 161 642 981 688 592 558 431 327 207 228 209 293 251 226 383 182 179 199 201
internal_count=5092 161 4931 375 292 4556 222 4334 4227 4143 4026 342 202 3684 3054 298 630 2756 522 430 1575 1473 264 1209 1181 402 280 779 161 642 981 688 592 558 431 327 207 228 209 293 251 226 383 182 179 199 201
is_linear=0
shrinkage=0.05


Tree=59
num_leaves=48
num_cat=0
split_feature=4 35 13 42 36 36 42 42 46 30 13 35 19 33 30 13 9 30 16 29 5 15 3 20 16 7 10 42 30 9 4 20 13 3 35 13 48 34 46 45 48 21 29 40 13 45 36
split_gain=14.863 18.3624 17.8248 46.7834 13.4555 9.87223 13.481 9.99929 7.69377 13.5022 7.01212 6.18401 5.86586 5.78847 4.86384 4.82149 5.79713 4.90096 4.50265 6.14879 4.47339 7.67171 4.64681 4.38587 4.03008 4.58859 5.11185 4.50663 3.89359 3.47819 3.38543 4.55448 3.6113 3.36578 2.64864 3.19146 2.56632 3.0165 2.25605 1.97462 2.90846 3.7716 2.3418 2.09577 1.61533 1.59435 1.21101
threshold=1.0000000180025095e-35 30.625000000000004 5.5000000000000009 8.2500000000000018 50.500000000000007 54.500000000000007 3.7500000000000004 5.2500000000000009 -0.24372464231556024 175.62500000000003 38.500000000000007 37.916650000000004 0.39098308623340722 1.1250000000000002 46.875000000000007 33.500000000000007 1.0341340197850717 191.56250000000003 19.500000000000004 5.1875000000000009 1.0000000180025095e-35 68.500000000000014 62.500000000000007 1.5066590081582587 14.250000000000002 0.31048951048951062 1.6195894043206689 1.7500000000000002 115.00000000000003 0.8228263892582881 0.62500000000000011 0.66248609566184669 28.500000000000004 32.500000000000007 6.2500000000000009 22.500000000000004 0.2317110965504732 0.87500000000000011 -0.62587551141915865 0.92602006027323147 0.12519602241152125 -0.040097880964921721 10.187500000000002 5.5000000000000009 24.500000000000004 -0.43733984355855576 12.500000000000002
decision_type=2 2 2 2 2 2 2 2 2 2 2 2 2 2 2 2 2 2 2 2 2 2 2 2 2 2 2 2 2 2 2 2 2 2 2 2 2 2 2 2 2 2 2 2 2 2 2
left_child=1 4 -2 5 10 7 30 8 9 12 15 14 -4 -3 -10 16 17 34 19 -16 23 -22 45 39 25 27 28 29 38 44 -7 32 -32 -25 36 -36 37 -1 46 40 42 -42 43 -21 -14 -23 -27
right_child=2 13 3 -5 -6 6 -8 -9 11 -11 -12 -13 24 -15 18 -17 -18 -19 -20 20 21 22 -24 33 -26 26 -28 -29 -30 -31 31 -33 -34 -35 35 -37 -38 -39 -40 -41 41 -43 -44 -45 -46 -47 -48
leaf_value=-0.0056780914167247083 -0.024077842996260267 0.011758322988668185 0.012178529217898687 0.035449801753745992 0.018993424883906145 -0.011813589043915274 -0.026125553541761989 0.013766740042464349 0.0075730599918299255 0.015792328457541343 0.01410406023195214 0.0067816863198746254 0.00041595679132596535 0.030504225288736232 0.0081646192590227717 -0.011067047694064294 -0.011576314522963331 0.012065611302810298 -0.015873282582694551 -0.012724679454867322 0.0085517601974201031 -0.0052825303701438432 0.0040692711655061602 -0.0077317109985547208 -0.01056912402555193 -0.0034815585396888596 0.0058167863531376832 0.013534791721457337 -0.01202966413701422 -0.0059398831170121283 -0.012107052172044504 0.008299555422060869 0.0022193530953868671 -0.020822516689651911 -0.0095386123419399348 0.0021792409667978066 0.011145392145426298 0.006728605336787161 -0.0086483069560165677 -0.0097172130744379685 -0.0057364941252719456 0.0066946801552190812 -0.00077364946909012726 -0.0039201153032060012 0.0099865792098865723 -0.015125947374157435 0.0045635022932167995
leaf_weight=96 80 88 93 88 115 99 84 121 89 158 89 151 84 80 100 96 82 109 80 148 155 82 83 130 96 81 131 98 146 107 96 87 80 80 112 119 81 98 85 157 114 129 141 126 92 85 108
leaf_count=96 80 88 93 88 115 99 84 121 89 158 89 151 84 80 100 96 82 109 80 148 155 82 83 130 96 81 131 98 146 107 96 87 80 80 112 119 81 98 85 157 114 129 141 126 92 85 108
internal_value=0 0.00557096 -0.000869667 -0.000372776 0.00298438 -0.00123505 -0.00820198 -0.000276746 -0.00082404 0.00215683 0.000877882 -0.00288492 0.000222599 0.0208126 -0.00374753 -0.000622413 0.000829954 0.00250023 -0.00437764 -0.00376658 -0.00460605 -0.000156128 -0.00556758 -0.00636245 -0.000869801 0.000139528 -0.00277602 0.00435221 -0.00546361 0.00113592 -0.00398241 -0.00100097 -0.0056193 -0.0127937 0.00041997 -0.00351877 0.00372927 0.000591575 -0.00193389 -0.00469166 -0.00347963 0.000863162 -0.00601849 -0.00870484 0.00544694 -0.0103529 0.00111544
internal_weight=0 1165 3864 3784 997 3696 446 3250 3129 1279 882 1850 1121 168 1699 793 697 615 1610 1530 1430 405 250 1025 1028 932 551 381 420 283 362 263 176 210 506 231 275 194 274 815 658 243 415 274 176 167 189
internal_count=5029 1165 3864 3784 997 3696 446 3250 3129 1279 882 1850 1121 168 1699 793 697 615 1610 1530 1430 405 250 1025 1028 932 551 381 420 283 362 263 176 210 506 231 275 194 274 815 658 243 415 274 176 167 189
is_linear=0
shrinkage=0.05


Tree=60
num_leaves=50
num_cat=0
split_feature=13 50 36 50 46 30 30 47 42 46 14 35 3 39 41 30 48 19 8 40 30 18 21 50 11 48 50 6 48 13 10 50 9 30 47 30 30 34 30 40 48 34 30 14 50 6 27 31 50
split_gain=22.7931 49.6175 10.6913 14.2398 24.3129 9.97963 10.4953 9.11281 11.3548 12.9344 7.02741 6.87899 8.19793 6.63074 6.08524 4.87059 3.96644 5.90852 4.24334 5.0418 4.75582 4.69921 4.16781 4.03795 3.92177 3.68011 3.60366 3.82794 3.49692 3.17662 4.96259 6.64741 4.92712 3.58742 3.1344 3.07763 3.43711 2.97555 2.71005 2.70048 1.94374 2.66587 1.80953 1.72891 2.03756 1.54809 2.06257 1.28248 1.19633
threshold=4.5000000000000009 8.5563717320649904 60.500000000000007 4.6465747256124539 0.21652257995689161 184.37500000000003 40.625000000000007 7.5000000000000009 0.75000000000000011 -0.23537842981696178 4.5000000000000009 30.625000000000004 27.500000000000004 4.5000000000000009 1.5000000000000002 228.12500000000003 -1.2113383222780503 1.8147250698974842 1.053280896764619 54.500000000000007 102.81250000000001 122.50000000000001 0.91560165089304502 1.4744761099030941 1.5639534883720965 0.089021818108660361 2.9488595058913991 -1.1999999999999993 0.1561962173013059 23.500000000000004 1.5116573282773487 1.1274003910417252 0.74119186184500963 98.125000000000014 7.5000000000000009 133.12500000000003 100.62500000000003 0.62500000000000011 78.125000000000014 37.500000000000007 -0.16734241459810498 1.1250000000000002 123.12500000000001 1.5000000000000002 0.48921343144287027 -1.8857142857142846 75.812500000000014 6.5000000000000009 0.83974494261531885
decision_type=2 2 2 2 2 2 2 2 2 2 2 2 2 2 2 2 2 2 2 2 2 2 2 2 2 2 2 2 2 2 2 2 2 2 2 2 2 2 2 2 2 2 2 2 2 2 2 2 2
left_child=-1 2 3 5 -5 6 -2 8 15 -10 14 16 -13 25 -9 -7 17 -8 19 20 23 22 -21 43 -11 -4 27 37 -25 35 33 32 -32 -31 40 36 38 -20 -29 -14 -22 -42 -36 44 -18 -45 -47 -48 -35
right_child=1 -3 13 4 -6 7 11 10 9 24 -12 12 39 -15 -16 -17 18 -19 26 21 34 -23 -24 28 -26 -27 -28 29 -30 30 31 -33 -34 48 42 -37 -38 -39 -40 -41 41 -43 -44 45 -46 46 47 -49 -50
leaf_value=-0.024106094127203874 0.015797366344421689 0.038396120955084649 -0.0092016821945435368 0.026857052325860099 -0.0040319400912028599 -0.0085452559091870432 -0.0039213184978854785 -0.0044195931742742533 0.030208244237720089 0.014634178719654875 -0.013427274621790275 0.014568797868809531 0.0039230098071343757 -0.01920849929828744 0.012755838208586763 0.0078650897251121617 -0.0032460834343928375 0.014472472682178326 -0.017595157904618578 -0.005312451805827588 -0.0072476817554350467 0.012954900456113845 0.0070783837687653992 0.00029383911673600476 -0.00033663170207746148 0.0040032378227139514 -0.014060708544760324 -0.010518909532419709 0.013237311355569352 0.0011887146320579381 0.0062733244533549146 0.012115904899417527 -0.0086049245123420767 -0.0059001208294504962 -0.0069463388410366594 0.0021414581284826171 -0.01446750988269456 -0.0053488211118383339 0.0018023335437299974 -0.0082659295078639575 -0.0061176705287791615 0.0059650700930505996 -0.016624569185975806 0.0011619744044856742 0.0077096149631136332 -0.012617645611595594 0.00051577658180634043 -0.0073666111388502979 -0.014618485652353254
leaf_weight=93 89 85 127 133 121 87 88 112 101 94 87 139 101 102 94 92 86 85 81 141 148 107 129 119 81 89 95 82 92 115 100 134 123 80 122 86 136 129 96 81 83 99 82 108 82 80 110 96 81
leaf_count=93 89 85 127 133 121 87 88 112 101 94 87 139 101 102 94 92 86 85 81 141 148 107 129 119 81 89 95 82 92 115 100 134 123 80 122 86 136 129 96 81 83 99 82 108 82 80 110 96 81
internal_value=0 0.00074489 8.74087e-05 0.000700212 0.0121841 2.7475e-05 -0.00106337 0.00527923 0.00970034 0.0160429 -0.00159595 -0.00149454 0.00547196 -0.00876489 0.0034415 -0.000114051 -0.00219595 0.00514733 -0.00261789 -0.000946845 -0.0024162 0.00414008 0.000611888 9.1906e-05 0.00774229 -0.00376739 -0.00471879 -0.00399407 0.00597326 -0.00273741 -0.000530745 0.00335822 -0.00193484 -0.005555 -0.00604023 -0.00621941 -0.00850886 -0.0101334 -0.0039008 -0.00151726 -0.00301294 0.00045149 -0.0108987 -0.0021229 0.00211532 -0.00393085 -0.00585136 -0.00317541 -0.0103495
internal_weight=0 5010 4925 4607 254 4353 3605 748 455 276 293 3516 321 318 206 179 3195 173 3022 1684 1307 377 270 773 175 216 1338 1243 211 1033 633 357 223 276 534 400 314 210 178 182 330 182 204 562 168 394 286 206 161
internal_count=5103 5010 4925 4607 254 4353 3605 748 455 276 293 3516 321 318 206 179 3195 173 3022 1684 1307 377 270 773 175 216 1338 1243 211 1033 633 357 223 276 534 400 314 210 178 182 330 182 204 562 168 394 286 206 161
is_linear=0
shrinkage=0.05


Tree=61
num_leaves=47
num_cat=0
split_feature=2 11 43 50 4 30 47 34 37 20 49 46 30 50 18 41 50 15 29 14 17 10 38 43 37 15 30 18 30 10 7 50 35 21 29 43 33 45 33 17 37 30 7 18 7 48
split_gain=19.7353 42.7382 42.3722 9.80394 11.8314 12.1164 12.3655 11.5947 10.6459 9.47515 7.81155 8.28072 7.7855 7.56942 6.6667 6.49494 5.39538 5.73514 5.27308 11.9992 5.569 4.8994 6.35488 3.93493 3.82186 3.59716 3.22624 3.11501 3.07925 2.91771 2.80147 4.79562 3.86986 2.57152 4.4665 3.1013 2.61098 2.52007 2.29602 3.76441 2.97516 2.23557 2.19951 2.01582 1.6573 1.24291
threshold=227.50000000000003 1.5639534883720965 6.2500000000000009 0.15867528786654364 1.2500000000000002 181.56250000000003 7.5000000000000009 2.1250000000000004 62.500000000000007 2.587435310684739 75.732248408455789 -0.35846086284744721 109.37500000000003 3.1040614383268239 117.50000000000001 1.5000000000000002 2.5140800367048688 67.500000000000014 8.8125000000000018 3.5000000000000004 0.7947368421052633 1.0309633782949601 1.0000000180025095e-35 1.7500000000000002 49.500000000000007 78.250000000000014 125.62500000000001 122.50000000000001 120.62500000000001 0.97558922682193983 1.573426573426574 -0.22968478867876738 11.250000000000002 -0.78251231527093512 6.4375000000000009 1.7500000000000002 0.54164999999999719 -0.90893996196865023 0.31250000000000006 0.86811594202898557 18.500000000000004 131.87500000000003 1.096323031806903 77.500000000000014 0.56643356643356668 -0.18685055305438422
decision_type=2 2 2 2 2 2 2 2 2 2 2 2 2 2 2 2 2 2 2 2 2 2 2 2 2 2 2 2 2 2 2 2 2 2 2 2 2 2 2 2 2 2 2 2 2 2
left_child=1 -1 3 9 5 10 7 14 24 30 -5 13 18 21 -7 -8 17 -14 19 -13 29 -12 25 41 33 27 -10 -23 -11 -20 37 32 -32 -6 -35 36 -36 -2 44 40 -40 -19 -27 -41 -39 -45
right_child=2 -3 -4 4 8 6 15 -9 26 28 11 12 16 -15 -16 -17 -18 23 20 -21 -22 22 -24 -25 -26 42 -28 -29 -30 -31 31 -33 -34 34 35 -37 -38 38 39 43 -42 -43 -44 45 -46 -47
leaf_value=-0.032771372075325676 0.0042124693116023281 0.0080221789376418891 0.031680163667680554 0.011958797068645556 0.0026640500793040827 0.014126211036739854 -0.0088998247055593425 0.001071442715640712 -0.0084698967021679325 -0.0084503952489663539 0.010590421349325868 0.01669597140215372 0.0061467635767073949 0.018342578269132392 0.033020716480306411 0.010171220223305792 -0.018041516245342792 -0.0096689120855137523 -0.0045050070867929835 -0.0047241527383448563 -0.010390622524156547 0.0026779905116806431 -0.0090880519953362056 -0.01655586794806049 0.0073017034218383001 -0.0065736076673298775 -0.022575561473348056 0.014507766803244622 -0.022034119030303626 0.0080183288583285973 0.00028632987726974739 -0.008441765392306207 0.013728164350830539 -0.015144973789909106 0.0079936955091269579 -0.009081835000376617 -0.0033297252071761035 -0.0054438370575265191 -0.0050590076555426314 -0.011609302389361772 0.0059030566598879163 0.0018826574563760969 0.0040454211047055259 -0.0072661676521139935 -0.014523281157016754 -0.00041426741570598424
leaf_weight=139 86 118 103 149 144 98 97 83 83 88 141 133 88 81 93 81 99 82 82 127 149 140 138 96 105 107 82 92 82 105 142 86 85 86 84 111 126 122 103 123 152 84 88 132 87 132
leaf_count=139 86 118 103 149 144 98 97 83 83 88 141 133 88 81 93 81 99 82 82 127 149 140 138 96 105 107 82 92 82 105 142 86 85 86 84 111 126 122 103 123 152 84 88 132 87 132
internal_value=0 -0.0140828 0.000114449 -0.000587786 0.000925057 0.00267635 0.0100536 0.0166998 -0.00426176 -0.00405275 0.000988861 9.06185e-05 -0.00282553 0.00396143 0.0234502 -0.000213088 -0.00779001 -0.00484715 0.000921277 0.00625505 -0.00321236 0.00228785 0.000200835 -0.0085491 -0.00139714 0.00321708 -0.0155738 0.00741124 -0.0150931 0.00253206 -0.0025404 0.00155138 0.00535775 -0.00306504 -0.0050936 -0.00236204 0.00121606 -0.00390744 -0.004732 -0.00324109 0.00147278 -0.00384727 -0.00178524 -0.00634292 -0.00927448 -0.00385471
internal_weight=0 257 4777 4674 3254 2433 452 274 821 1420 1981 1832 1045 787 191 178 449 350 596 260 336 706 565 262 656 427 165 232 170 187 1250 313 227 551 407 321 210 937 851 642 255 166 195 387 209 264
internal_count=5034 257 4777 4674 3254 2433 452 274 821 1420 1981 1832 1045 787 191 178 449 350 596 260 336 706 565 262 656 427 165 232 170 187 1250 313 227 551 407 321 210 937 851 642 255 166 195 387 209 264
is_linear=0
shrinkage=0.05


Tree=62
num_leaves=49
num_cat=0
split_feature=13 44 31 2 8 40 45 3 46 42 30 42 20 29 37 36 30 7 42 48 28 16 20 45 42 21 30 2 8 6 20 48 3 21 30 0 36 21 45 19 21 30 22 27 6 45 13 8
split_gain=12.6806 14.9542 38.8317 13.337 11.436 19.7563 11.7203 9.28723 8.52243 18.296 9.75524 9.09704 8.40033 5.60677 4.95479 4.82504 6.86306 6.59435 8.32332 5.7654 5.29332 4.92982 3.96519 3.91361 8.06156 6.03009 3.7862 3.63038 3.55141 3.37725 2.93153 2.93571 2.60683 2.33886 2.28947 2.95298 2.31027 2.25584 2.16518 1.90306 3.1856 1.72822 1.72197 1.65648 1.55901 1.48204 1.41466 1.12764
threshold=6.5000000000000009 5.2500000000000009 5.5000000000000009 432.50000000000006 2.8090726664639711 1.0000000180025095e-35 0.19337368024598436 167.50000000000003 0.56191161272202661 4.2500000000000009 57.500000000000014 3.7500000000000004 3.5232198142414863 4.5625000000000009 11.500000000000002 38.500000000000007 201.87500000000003 2.0769230769230775 2.2500000000000004 -0.16051298053853083 72.562500000000014 10.500000000000002 -0.17762845849802358 0.89787622492179153 2.2500000000000004 -0.17573099415203328 189.37500000000003 712.50000000000011 0.73687370600414093 4.1571428571428575 0.8574570590699625 -0.083829284475780155 27.500000000000004 0.48067226890756137 159.37500000000006 82.750000000000014 13.500000000000002 -0.10558986264632607 0.29342972903661901 0.86910361429417715 0.12373459873460747 98.750000000000071 89.750000000000014 83.937500000000014 -3.4258310474147679e-16 -0.50556189049999822 23.500000000000004 1.2748681758537421
decision_type=2 2 2 2 2 2 2 2 2 2 2 2 2 2 2 2 2 2 2 2 2 2 2 2 2 2 2 2 2 2 2 2 2 2 2 2 2 2 2 2 2 2 2 2 2 2 2 2
left_child=-1 2 -2 -3 7 -6 -7 8 9 10 -5 14 13 -12 26 16 23 18 20 -18 33 -22 -16 24 29 -25 32 37 -26 34 -27 -32 -10 -17 35 -15 43 -24 41 -38 44 -34 -42 -37 -41 -23 -45 -29
right_child=1 3 -4 4 5 6 -8 -9 11 -11 12 -13 -14 15 22 17 19 -19 -20 -21 21 45 27 25 28 30 -28 47 -30 -31 31 -33 38 -35 -36 36 39 -39 -40 40 42 -43 -44 46 -46 -47 -48 -49
leaf_value=-0.014981754799373449 -0.0098443233787796451 -0.017052974861248262 0.032041610895345608 0.013676720442829512 0.029359158280898225 -0.012880266232545987 0.013223590064546105 0.015960549597242257 0.0035374273990885358 0.020088919841994846 0.012509475522901773 -0.018177129833705046 -0.013996965019426988 0.0071641132818712379 -0.015286160413380885 -0.0054636514487956629 0.019745715849825908 0.0070683291761802049 -0.020387931448499583 0.0014820441108276236 0.0089684838204023756 -0.00077449806747353521 0.005280814521200005 -0.012536318328085484 0.0023029144307310208 0.0068656276424870575 0.0077249762334323045 -0.0058885163938005771 0.015905869150655751 -0.010327364795238657 0.0025465441683610512 -0.010532201519560849 -0.0028823870293712035 -0.016926850521086178 0.0074823140572915052 -0.0086935771120916824 0.0071122677237409259 -0.0045536445508736912 0.0008789163592365989 -0.011098403179196147 0.0082903526142616285 -0.011115566433593632 -0.00073147314264730527 -0.0062566041015088558 -0.0014168491527465556 -0.0096438027015760732 0.0028743533967909487 -0.014179927666216743
leaf_weight=143 102 118 119 118 87 85 85 81 150 113 81 109 117 104 108 102 80 105 90 93 104 113 97 152 83 96 120 83 114 84 85 85 132 80 93 156 87 143 137 82 88 124 130 81 84 80 87 85
leaf_count=143 102 118 119 118 87 85 85 81 150 113 81 109 117 104 108 102 80 105 90 93 104 113 97 152 83 96 120 83 114 84 85 85 132 80 93 156 87 143 137 82 88 124 130 81 84 80 87 85
internal_value=0 7.06837e-05 0.0127524 -0.000526813 -9.86158e-05 0.0101284 0.000172666 -0.00070698 -0.00102795 0.000446661 -0.000337809 -0.00442252 -0.000947013 -0.000358906 -0.00313656 -0.000774364 0.000537013 -0.0043965 -0.00652085 0.00999262 -0.00387829 0.00024245 -0.00680562 -0.000435689 0.000943227 -0.00462734 -0.000275059 -0.00452889 0.0102153 -0.000762255 -7.79051e-05 -0.00401618 -0.00205397 -0.0105674 5.72786e-05 -0.000718289 -0.00175715 -0.000573465 -0.00419166 0.000479446 -0.00103787 -0.00689807 0.00293159 -0.00499997 -0.00623712 -0.00448165 -0.00153904 -0.0101427
internal_weight=0 4932 221 4711 4593 257 170 4336 4255 2967 2854 1288 2736 2619 1179 2538 1864 674 569 173 479 297 516 1691 1273 418 663 408 197 1076 266 170 543 182 992 899 795 240 393 471 384 256 218 324 166 193 168 168
internal_count=5075 4932 221 4711 4593 257 170 4336 4255 2967 2854 1288 2736 2619 1179 2538 1864 674 569 173 479 297 516 1691 1273 418 663 408 197 1076 266 170 543 182 992 899 795 240 393 471 384 256 218 324 166 193 168 168
is_linear=0
shrinkage=0.05


Tree=63
num_leaves=48
num_cat=0
split_feature=15 36 50 33 37 42 30 40 14 36 35 45 18 27 30 45 46 43 3 48 42 48 8 10 40 29 3 29 30 6 42 16 30 50 50 20 9 36 36 20 28 18 14 45 45 46 6
split_gain=20.6232 13.4047 19.9534 26.9191 32.0787 11.4988 9.65613 7.86249 8.02724 7.89093 6.04449 9.64823 9.0882 5.95251 10.0097 10.8926 15.538 5.4368 3.57684 4.90427 6.36922 5.68674 4.63582 2.68556 5.87934 6.90913 3.31758 2.67017 3.07096 3.21693 2.57674 2.5617 3.32253 2.38664 2.21852 1.97835 1.91611 1.62492 3.63222 3.40302 3.03368 2.54436 3.11464 2.46927 1.46192 1.23544 0.764734
threshold=49.500000000000007 68.500000000000014 4.6465747256124539 0.54164999999999719 39.500000000000007 2.2500000000000004 40.625000000000007 85.500000000000014 3.5000000000000004 60.500000000000007 41.250000000000007 0.46800856592688472 122.50000000000001 71.416675000000012 201.87500000000003 -0.01397611846945947 -0.21862536810265826 2.2500000000000004 67.500000000000014 -0.83021033138457179 2.2500000000000004 -0.14821169499475551 -0.29110892954795509 1.823323412910999 27.500000000000004 7.3125000000000009 7.5000000000000009 12.687500000000002 165.62500000000006 2.8714285714285719 1.0000000180025095e-35 8.2500000000000018 95.625000000000014 0.88781491098161791 2.4484258024551626 0.27320574162679429 0.84399465815540409 13.500000000000002 38.500000000000007 0.9902382448017949 66.562500000000014 132.50000000000003 4.5000000000000009 -0.39826117949089107 -0.26037633224328088 -0.30982845708428081 8.5288918784596845e-16
decision_type=2 2 2 2 2 2 2 2 2 2 2 2 2 2 2 2 2 2 2 2 2 2 2 2 2 2 2 2 2 2 2 2 2 2 2 2 2 2 2 2 2 2 2 2 2 2 2
left_child=-1 2 6 -4 -5 -3 -2 9 -9 10 13 12 -12 17 18 -16 -17 30 23 -20 22 -22 -21 26 25 -25 -15 28 29 34 -8 -24 -33 -31 37 -34 -26 40 39 -39 41 42 -28 -41 -42 -29 -40
right_child=1 5 3 4 -6 -7 7 8 -10 -11 11 -13 -14 14 15 16 -18 -19 19 20 21 -23 31 24 36 -27 27 45 -30 33 -32 32 35 -35 -36 -37 -38 38 46 43 44 -43 -44 -45 -46 -47 -48
leaf_value=0.023274222804078214 0.016470461395830371 -0.0004425386418186036 0.031589973703877804 -0.014411933780756109 0.023760420306158873 -0.026784488073615144 -0.0091658105767999931 0.020560641991905867 -0.0012852385052524154 -0.014548571987949108 0.0082611581552068658 0.01989544250724045 -0.011979436431755568 -0.011071260543507329 -0.0034264686013606529 0.031474736744514953 0.0035435914563171512 -0.018831544858403507 -0.0079669082636836981 -0.0082146816508611668 0.0025085011120245327 0.019137449965525705 0.0082415079750968682 0.014652776895572657 -0.00037212338080100811 -0.0031153035562825749 0.010902943241411396 -0.0041279558005364063 -0.0097120968589129372 -0.0006466112159427569 0.0026776233991895001 0.0056426024134926707 0.0016502212926202504 0.010594185808783069 -0.010148469262224223 -0.0085347252828765537 -0.010930912033905105 -0.0027899607640347636 -0.0025058047240038954 0.0022335934209349079 -0.010979048968276825 -0.0054134678621669766 -0.0028927988877677055 0.013675229161731556 -0.0037867641604855552 -0.012094947099050677 -0.0093556977736943183
leaf_weight=95 81 80 115 128 95 85 98 84 83 108 141 86 90 141 147 80 130 87 137 143 119 90 122 115 80 103 80 90 129 106 85 141 80 84 90 116 92 140 82 104 145 130 82 86 140 109 82
leaf_count=95 81 80 115 128 95 85 98 84 83 108 141 86 90 141 147 80 130 87 137 143 119 90 122 115 80 103 80 90 129 106 85 141 80 84 90 116 92 140 82 104 145 130 82 86 140 109 82
internal_value=0 -0.000123495 0.000359918 0.012054 0.00188331 -0.0140922 -0.000529215 -0.000847498 0.00976009 -0.00127049 -0.000917438 0.00570396 0.000357568 -0.00147335 -0.00092258 0.00700153 0.0142828 -0.00861371 -0.0018203 0.00074841 0.00222866 0.00972632 -0.000386159 -0.00292202 0.000841467 0.00628187 -0.0037285 -0.00310564 -0.00237096 -0.00166332 -0.00368011 0.00206535 -0.0001883 0.00435245 -0.00265071 -0.00439033 -0.00605039 -0.00201177 9.37032e-05 0.00311446 -0.00381142 -0.000225693 0.00394501 0.00745692 -0.00747159 -0.00853044 -0.0059667
internal_weight=0 4961 4796 338 223 165 4458 4377 167 4210 4102 317 231 3785 3515 357 210 270 3158 948 811 209 602 2210 390 218 1820 1679 1480 1351 183 459 337 190 1161 196 172 1071 494 330 577 292 162 190 285 199 164
internal_count=5056 4961 4796 338 223 165 4458 4377 167 4210 4102 317 231 3785 3515 357 210 270 3158 948 811 209 602 2210 390 218 1820 1679 1480 1351 183 459 337 190 1161 196 172 1071 494 330 577 292 162 190 285 199 164
is_linear=0
shrinkage=0.05


Tree=64
num_leaves=44
num_cat=0
split_feature=13 17 15 3 7 50 7 12 50 7 21 46 50 43 28 46 33 49 21 46 6 13 29 7 45 34 7 36 29 50 19 40 16 20 5 45 21 21 14 36 46 27 40
split_gain=18.9803 31.5309 23.273 22.821 12.2258 9.92953 5.10086 6.79029 10.8781 6.83348 9.91467 12.1496 13.6501 5.89684 5.195 8.76198 4.58672 4.51063 4.4488 4.1312 3.45411 3.23696 3.10112 4.23296 6.53078 3.58309 3.02033 2.7238 2.52236 3.59084 3.2052 2.57391 2.25766 2.41994 2.12089 2.6473 2.08252 2.019 1.89651 2.47505 1.35575 1.35503 0.863793
threshold=6.5000000000000009 0.35504201680672276 49.500000000000007 207.50000000000003 0.97342657342657346 5.312721158191601 3.8811188811188813 1.5357142857142849 3.5766522575626003 0.7845886597478956 0.91560165089304502 0.44312301391210612 2.3601311577638744 2.2500000000000004 64.031250000000014 -0.40613878790836594 0.95835000000000303 88.148340731338138 3.3503285779147807 -0.82413948779581736 3.5142857142857147 13.500000000000002 5.3958250000000012 1.767129243813182 0.17646842360078763 0.87500000000000011 0.51490614648509403 6.5000000000000009 6.6875000000000009 0.90014199671009731 2.0770715770715777 5.5000000000000009 11.250000000000002 0.92327759197324433 -1.0000000180025095e-35 0.43733377705052551 -0.13948868500864361 -0.72572243513501167 4.5000000000000009 8.5000000000000018 -0.73865259438682551 82.187500000000014 6.5000000000000009
decision_type=2 2 2 2 2 2 2 2 2 2 2 2 2 2 2 2 2 2 2 2 2 2 2 2 2 2 2 2 2 2 2 2 2 2 2 2 2 2 2 2 2 2 2
left_child=-1 -2 -3 5 -5 6 7 9 13 26 11 12 17 18 -15 19 -13 -11 20 -16 21 -9 25 28 -25 -23 27 -4 29 36 31 37 33 40 -32 42 -24 -30 39 -22 -33 -29 -36
right_child=1 2 3 4 -6 -7 -8 8 -10 10 -12 16 -14 14 15 -17 -18 -19 -20 -21 38 22 23 24 -26 -27 -28 41 30 -31 34 32 -34 -35 35 -37 -38 -39 -40 -41 -42 -43 -44
leaf_value=-0.017010800925527293 0.026134038990379402 0.0253394176242926 0.0058801728395461023 -0.027345542995916572 -0.0020417801667878661 0.015778282923021855 0.0094858164520479227 -0.0090381575936613525 -0.015002852332561392 0.016468307947976876 -0.0054497506097584171 0.0067843600778341902 0.032536558327349245 0.013094062524175913 0.001108293384111122 -0.0080878562801071016 -0.0085144422665123162 0.0030230508498165624 -0.013181370764231199 0.016498227490921551 -0.0037805406225239302 -0.0012275089207513814 -0.01642158972660461 -0.0029462184353567567 0.011437885350529935 0.011299252925319192 -0.010608485489869597 -0.0081285889685639868 -0.0084917978062919626 0.00025248065132147345 -0.0094484156088812388 -0.0012637954666827095 0.0079121374539492719 -0.0043326118890808464 -0.0024975693377200514 0.0029807820925877122 -0.0058222317789808258 0.0004962131268526084 -0.0022523891272450709 -0.015947855663641045 0.0066107820968083555 0.00067498429645118977 -0.0091752629425136921
leaf_weight=159 116 87 117 118 80 98 130 114 145 113 148 98 82 121 91 145 96 139 84 83 82 113 82 158 156 114 86 91 107 133 142 84 153 145 95 143 109 148 145 86 154 83 100
leaf_count=159 116 87 117 118 80 98 130 114 145 113 148 98 82 121 91 145 96 139 84 83 82 113 82 158 156 114 86 91 107 133 142 84 153 145 95 143 109 148 145 86 154 83 100
internal_value=0 0.000488373 -0.000136972 -0.000612733 -0.0171834 0.000117923 -0.000233185 -0.000530188 -0.00166627 0.0029551 0.00595995 0.00916238 0.0149288 -0.00103518 0.00431851 0.000959335 -0.000791022 0.00909334 -0.0019264 0.00850179 -0.00155253 -0.000866547 -0.000426396 -0.00108413 0.00421365 0.00508543 -0.00243442 9.34552e-06 -0.00212906 -0.00606032 -0.00112294 0.000833306 0.00279917 0.000741373 -0.0043417 -0.00217474 -0.0104346 -0.00329367 -0.00646528 -0.0100666 0.00383786 -0.00394932 -0.00595137
internal_weight=0 4914 4798 4711 198 4513 4415 4285 3232 1053 676 528 334 3087 440 319 194 252 2647 174 2563 2250 2136 1909 314 227 377 291 1595 324 1271 791 536 383 480 338 191 255 313 168 238 174 195
internal_count=5073 4914 4798 4711 198 4513 4415 4285 3232 1053 676 528 334 3087 440 319 194 252 2647 174 2563 2250 2136 1909 314 227 377 291 1595 324 1271 791 536 383 480 338 191 255 313 168 238 174 195
is_linear=0
shrinkage=0.05


Tree=65
num_leaves=48
num_cat=0
split_feature=31 2 2 35 46 16 43 32 19 8 29 17 8 45 8 50 20 6 50 6 50 5 49 46 50 37 37 36 2 18 21 17 18 6 28 17 49 10 6 19 29 29 36 10 17 29 40
split_gain=14.2418 19.9147 14.2225 9.97703 10.6341 9.21321 7.23607 7.12219 6.33477 10.5312 10.0771 10.0924 12.7536 5.93616 4.78852 4.77546 5.73901 5.18416 4.42987 4.26685 4.01422 3.92857 3.7042 3.55906 5.25895 3.69609 8.88836 4.1722 3.6311 3.42488 3.39391 3.29084 3.131 7.40822 3.04761 6.05219 3.93205 3.02181 2.97151 2.60174 3.38526 3.2339 2.39681 2.29002 2.01787 1.85989 1.52785
threshold=3.5000000000000004 17.500000000000004 562.50000000000011 53.750000000000007 0.68274389090025245 19.500000000000004 1.2500000000000002 6.5000000000000009 1.6357642357642359 2.7052173913043482 8.3125000000000018 0.93475177304964552 1.7994190268700072 0.49812943072827093 0.92608695652173934 -0.18523875462563663 0.90000000000000002 2.8714285714285719 1.1615093134243824 -0.64285714285714246 1.4459476096855897 -1.0000000180025095e-35 86.909918397529779 0.063390085881955341 2.8248079897931793 64.500000000000014 50.500000000000007 38.500000000000007 677.50000000000011 152.50000000000003 0.29348885814402342 0.95445134575569368 117.50000000000001 0.68571428571428628 69.812500000000014 0.78019323671497598 89.683451888491732 1.414366466857786 -1.712915523707384e-16 0.84952380952380968 8.3125000000000018 11.062500000000002 4.5000000000000009 1.4978845523509778 0.78019323671497598 9.6875000000000018 3.5000000000000004
decision_type=2 2 2 2 2 2 2 2 2 2 2 2 2 2 2 2 2 2 2 2 2 2 2 2 2 2 2 2 2 2 2 2 2 2 2 2 2 2 2 2 2 2 2 2 2 2 2
left_child=-1 -2 -3 5 6 7 -5 -4 23 10 11 12 13 34 18 43 19 20 31 -17 22 -16 -18 25 32 26 27 28 -9 30 -23 42 37 -34 -10 -36 -37 38 -25 45 -41 -42 -12 -13 -20 -30 -40
right_child=1 2 3 4 -6 -7 -8 8 9 -11 14 15 -14 -15 21 16 17 -19 44 -21 -22 29 -24 24 -26 -27 -28 -29 39 -31 -32 -33 33 -35 35 36 -38 -39 46 40 41 -43 -44 -45 -46 -47 -48
leaf_value=-0.017552466879961853 0.01748909910910916 -0.016140333092621854 0.014371071508683173 0.005448178817737806 -0.0029623188865399675 -0.014536771896239529 0.02513963700834625 0.0062128597945981731 -0.0049062796252185544 0.015421618915293828 0.00111128663397338 -0.00011857167560735655 0.023895091111497846 0.016158212453592568 -0.015738729174648011 0.0027496801204403344 0.01337151873310137 0.015632357891429801 -0.001512647608431489 -0.011652164672586051 -0.0063074282649904492 0.0062750853706411147 -0.0011834549777198673 0.0011890492559423751 -0.01770262580241341 -0.0082372042265251976 0.011493288386966392 -0.012271026593622412 0.0070280117966655294 -0.013226007436804306 -0.0062164530158042913 -0.0041193546706831067 -0.008377545747545458 0.011922004679753177 0.015170313365896174 0.0085898442511492777 -0.0054041010735090822 -0.015084275416178039 -0.003574739115214662 -0.012870849874246418 0.0048999377471104985 -0.0073678733319231943 0.012582403830098874 -0.010293751705828455 -0.012125573156076114 -0.003209341371103245 -0.012364315292928543
leaf_weight=117 157 141 80 88 121 116 100 147 115 120 82 86 101 89 111 96 91 93 98 109 94 85 83 141 80 152 144 87 92 87 147 90 92 86 93 80 131 81 94 102 97 118 102 154 82 84 106
leaf_count=117 157 141 80 88 121 116 100 147 115 120 82 86 101 89 111 96 91 93 98 109 94 85 83 141 80 152 144 87 92 87 147 90 92 86 93 80 131 81 94 102 97 118 102 154 82 84 106
internal_value=0 2.48373e-05 -0.00055377 -7.5411e-05 0.00858899 -0.000697289 0.016 -0.00031187 -0.000600253 0.0010443 0.000287469 0.00290324 0.0077555 0.004506 -0.0038981 -0.000768105 0.00173895 0.00552764 -0.000313872 -0.00492728 0.00197607 -0.00767286 0.00646154 -0.00293547 -0.00573635 -0.0010699 0.000188888 -0.00206293 -0.000658294 -0.00482583 -0.00163252 0.00368496 -0.00411405 0.00144191 0.00199837 0.00461785 -8.28489e-05 -0.00645543 -0.00436765 -0.00271553 -0.00541598 -0.00183603 0.00750392 -0.00666327 -0.00638771 0.00215148 -0.00827155
internal_weight=0 4925 4768 4627 309 4318 188 4202 4122 2419 2299 1415 609 508 884 806 566 361 454 205 268 430 174 1703 680 1023 871 727 640 319 232 274 600 178 419 304 211 422 341 493 317 215 184 240 180 176 200
internal_count=5042 4925 4768 4627 309 4318 188 4202 4122 2419 2299 1415 609 508 884 806 566 361 454 205 268 430 174 1703 680 1023 871 727 640 319 232 274 600 178 419 304 211 422 341 493 317 215 184 240 180 176 200
is_linear=0
shrinkage=0.05


Tree=66
num_leaves=47
num_cat=0
split_feature=31 1 4 50 3 37 50 31 50 45 0 30 34 3 30 46 45 5 29 14 45 29 46 35 12 30 40 36 10 30 10 10 48 49 41 19 30 41 30 10 20 45 5 41 46 48
split_gain=13.8901 21.5523 12.4707 28.5505 13.7347 41.5472 7.65027 5.64889 5.57128 7.05385 5.03629 5.02302 7.39052 7.85455 5.00981 4.60393 6.79236 4.05015 3.78604 4.43251 3.69273 3.25915 4.00322 5.00967 3.01738 2.77864 4.29438 2.66269 3.63808 3.68428 2.56027 2.25441 2.80976 2.15916 2.1097 2.29716 2.06295 1.84237 2.78795 1.94026 1.83931 1.75472 1.56928 0.829013 0.966655 0.743575
threshold=3.5000000000000004 66.500000000000014 1.0000000180025095e-35 4.0506355665618949 540.00000000000011 33.500000000000007 4.7520337657867566 5.5000000000000009 1.2711018857277738 0.61237135649459018 81.750000000000014 191.56250000000003 0.62500000000000011 22.500000000000004 154.37500000000003 0.64414586362404946 0.19337368024598436 1.0000000180025095e-35 5.5625000000000009 2.5000000000000004 -0.2270106897347694 6.0625000000000009 -0.98521978256641018 30.625000000000004 1.5357142857142849 109.37500000000003 56.500000000000007 26.500000000000004 0.83031780843597414 57.500000000000014 1.7488971372542166 1.0686314721265771 0.036026190690933081 89.318165452569943 3.5000000000000004 1.7895561278594154 102.81250000000001 2.5000000000000004 94.375000000000014 1.4432420147015068 0.16005261342073487 0.3261394409934788 -1.0000000180025095e-35 1.0000000180025095e-35 0.53312596302726967 -0.020165161493875167
decision_type=2 2 2 2 2 2 2 2 2 2 2 2 2 2 2 2 2 2 2 2 2 2 2 2 2 2 2 2 2 2 2 2 2 2 2 2 2 2 2 2 2 2 2 2 2 2
left_child=-1 -2 3 14 6 -6 7 8 9 20 -10 18 -13 -14 17 16 -16 24 19 -9 -4 33 -23 25 -3 26 27 28 -24 -30 36 -26 -33 -20 40 -36 -19 39 -39 42 -27 -42 -31 44 -44 -28
right_child=1 2 4 -5 5 -7 -8 11 10 -11 -12 12 13 -15 15 -17 -18 30 21 -21 -22 22 23 -25 31 34 45 -29 29 37 -32 32 -34 -35 35 -37 -38 38 -40 -41 41 -43 43 -45 -46 -47
leaf_value=-0.015979225526954157 0.019142466376229406 0.0093797855604834009 -0.0020378791008676803 0.032343959798371152 -0.039494538893190663 0.0086054907492515483 0.011737365286335746 0.011628263923567316 -0.01943064600567657 0.0086507436855542425 -0.0033089811180529762 0.016192163641844847 -0.0089866943806257166 0.0080469128548621063 0.0014181210854907096 -0.0019046830350016976 0.020898281163809932 0.0023977007399886277 -0.0028250226477896912 -0.0017647199975604666 -0.015144558033948256 0.0065430054603913034 0.0069973254204650816 0.010044674969703696 0.007196385777719758 -0.012387658813820472 0.0096987078615419723 -0.0099277724770863909 0.0054828643035769713 0.00070861100210948332 -0.012123259852272403 -0.0072865458319909746 0.0040723245134965209 -0.014249486117570223 -0.0063180773747014687 0.0052777510966701682 -0.0071574283260852096 -0.012287434989668649 -0.00096932560149782696 0.0025286893021366024 -0.0089786887164915574 -0.0014557912163259579 -0.012142674312070442 -0.0026010332936325029 -0.0044897652466792662 0.0028519512826783791
leaf_weight=135 145 129 139 83 88 90 112 114 117 102 83 102 121 151 80 82 101 129 80 133 87 142 108 80 84 125 80 106 118 112 80 125 95 86 87 82 99 135 91 146 153 157 86 96 82 80
leaf_count=135 145 129 139 83 88 90 112 114 117 102 83 102 121 151 80 82 101 129 80 133 87 142 108 80 84 125 80 106 118 112 80 125 95 86 87 82 99 135 91 146 153 157 86 96 82 80
internal_value=0 0.000219987 -0.000360576 0.00434115 -0.00175358 -0.0152621 -0.00106103 -0.00148834 -0.00623397 -0.00220972 -0.0127899 -0.000608197 0.00478546 0.000464301 0.0019963 0.00791062 0.0123434 -0.000110677 -0.00142353 0.00443862 -0.00712786 -0.00207395 -0.00153004 -0.00212895 0.00300439 -0.00266225 -0.00130567 -0.00243936 -0.00161505 -0.00269594 -0.00448552 0.000277151 -0.00238535 -0.00879361 -0.00544052 -0.00069375 -0.00176437 -0.00399178 -0.00775449 -0.002351 -0.00727885 -0.00518564 -0.00424745 -0.00634477 -0.008456 0.00631431
internal_weight=0 4903 4758 1087 3671 178 3493 3381 528 328 200 2853 374 272 1004 263 181 741 2479 247 226 2232 2066 1924 433 1844 1240 1080 974 866 308 304 220 166 604 169 228 748 226 522 435 310 376 264 168 160
internal_count=5038 4903 4758 1087 3671 178 3493 3381 528 328 200 2853 374 272 1004 263 181 741 2479 247 226 2232 2066 1924 433 1844 1240 1080 974 866 308 304 220 166 604 169 228 748 226 522 435 310 376 264 168 160
is_linear=0
shrinkage=0.05


end of trees

feature_importances:
Column_50=235
Column_30=225
Column_46=175
Column_29=138
Column_42=134
Column_8=130
Column_4=129
Column_45=128
Column_10=115
Column_19=104
Column_2=92
Column_20=88
Column_21=82
Column_36=78
Column_7=71
Column_35=70
Column_6=68
Column_3=65
Column_17=65
Column_37=65
Column_9=64
Column_48=64
Column_27=63
Column_49=60
Column_0=50
Column_13=50
Column_14=47
Column_18=47
Column_40=46
Column_28=41
Column_43=40
Column_11=37
Column_31=30
Column_33=30
Column_15=29
Column_1=28
Column_16=25
Column_47=24
Column_34=23
Column_5=21
Column_41=18
Column_38=16
Column_12=15
Column_22=11
Column_25=9
Column_44=7
Column_39=6
Column_23=5
Column_32=1

parameters:
[boosting: gbdt]
[objective: regression]
[metric: l2]
[tree_learner: serial]
[device_type: cpu]
[data_sample_strategy: bagging]
[data: ]
[valid: ]
[num_iterations: 2000]
[learning_rate: 0.05]
[num_leaves: 63]
[num_threads: -1]
[seed: 42]
[deterministic: 0]
[force_col_wise: 0]
[force_row_wise: 0]
[histogram_pool_size: -1]
[max_depth: -1]
[min_data_in_leaf: 80]
[min_sum_hessian_in_leaf: 0.001]
[bagging_fraction: 0.8]
[pos_bagging_fraction: 1]
[neg_bagging_fraction: 1]
[bagging_freq: 1]
[bagging_seed: 400]
[feature_fraction: 0.8]
[feature_fraction_bynode: 1]
[feature_fraction_seed: 30056]
[extra_trees: 0]
[extra_seed: 12879]
[early_stopping_round: 0]
[early_stopping_min_delta: 0]
[first_metric_only: 0]
[max_delta_step: 0]
[lambda_l1: 0]
[lambda_l2: 1]
[linear_lambda: 0]
[min_gain_to_split: 0]
[drop_rate: 0.1]
[max_drop: 50]
[skip_drop: 0.5]
[xgboost_dart_mode: 0]
[uniform_drop: 0]
[drop_seed: 17869]
[top_rate: 0.2]
[other_rate: 0.1]
[min_data_per_group: 100]
[max_cat_threshold: 32]
[cat_l2: 10]
[cat_smooth: 10]
[max_cat_to_onehot: 4]
[top_k: 20]
[monotone_constraints: ]
[monotone_constraints_method: basic]
[monotone_penalty: 0]
[feature_contri: ]
[forcedsplits_filename: ]
[refit_decay_rate: 0.9]
[cegb_tradeoff: 1]
[cegb_penalty_split: 0]
[cegb_penalty_feature_lazy: ]
[cegb_penalty_feature_coupled: ]
[path_smooth: 0]
[interaction_constraints: ]
[verbosity: 1]
[saved_feature_importance_type: 0]
[use_quantized_grad: 0]
[num_grad_quant_bins: 4]
[quant_train_renew_leaf: 0]
[stochastic_rounding: 1]
[linear_tree: 0]
[max_bin: 255]
[max_bin_by_feature: ]
[min_data_in_bin: 3]
[bin_construct_sample_cnt: 200000]
[data_random_seed: 175]
[is_enable_sparse: 1]
[enable_bundle: 1]
[use_missing: 1]
[zero_as_missing: 0]
[feature_pre_filter: 1]
[pre_partition: 0]
[two_round: 0]
[header: 0]
[label_column: ]
[weight_column: ]
[group_column: ]
[ignore_column: ]
[categorical_feature: ]
[forcedbins_filename: ]
[precise_float_parser: 0]
[parser_config_file: ]
[objective_seed: 16083]
[num_class: 1]
[is_unbalance: 0]
[scale_pos_weight: 1.96812]
[sigmoid: 1]
[boost_from_average: 1]
[reg_sqrt: 0]
[alpha: 0.9]
[fair_c: 1]
[poisson_max_delta_step: 0.7]
[tweedie_variance_power: 1.5]
[lambdarank_truncation_level: 30]
[lambdarank_norm: 1]
[label_gain: ]
[lambdarank_position_bias_regularization: 0]
[eval_at: ]
[multi_error_top_k: 1]
[auc_mu_weights: ]
[num_machines: 1]
[local_listen_port: 12400]
[time_out: 120]
[machine_list_filename: ]
[machines: ]
[gpu_platform_id: -1]
[gpu_device_id: -1]
[gpu_use_dp: 0]
[num_gpu: 1]

end of parameters

pandas_categorical:null
