{
  "test": {
    "bias": 0.6172566883417434,
    "corr": 0.990907769325547,
    "mae": 1.852395091197645,
    "maxAE": 9.632911916542653,
    "medianAE": 1.5187725613340604,
    "n": 332,
    "rmse": 2.410405321773071
  },
  "train": {
    "bias": 2.809872305782567e-11,
    "corr": 0.9991175089905854,
    "mae": 0.5209615052680752,
    "maxAE": 6.520829333675415,
    "medianAE": 0.4235850551926603,
    "n": 1224,
    "rmse": 0.6959326247770244
  },
  "validation": {
    "bias": -0.41627046551898156,
    "corr": 0.9915180944219716,
    "mae": 2.030828193473124,
    "maxAE": 7.728100415145917,
    "medianAE": 1.5191020083132116,
    "n": 214,
    "rmse": 2.6765168060934084
  }
}