{
  "test": {
    "bias": 0.32274837208070284,
    "corr": 0.9906111130678762,
    "mae": 1.828301624178532,
    "maxAE": 9.551026060126212,
    "medianAE": 1.4580864196129468,
    "n": 332,
    "rmse": 2.3860477735475687
  },
  "train": {
    "bias": 8.813733185552248e-11,
    "corr": 0.9990246517817444,
    "mae": 0.5474832101991556,
    "maxAE": 6.178110977799044,
    "medianAE": 0.44672873891522613,
    "n": 1224,
    "rmse": 0.7317617316465963
  },
  "validation": {
    "bias": -0.29113024711327995,
    "corr": 0.9924619902123567,
    "mae": 1.8243632032265045,
    "maxAE": 7.490450486173561,
    "medianAE": 1.4290038801862437,
    "n": 214,
    "rmse": 2.420532513761962
  }
}