tree
version=v4
num_class=1
num_tree_per_iteration=1
label_index=0
max_feature_idx=50
objective=regression
feature_names=Column_0 Column_1 Column_2 Column_3 Column_4 Column_5 Column_6 Column_7 Column_8 Column_9 Column_10 Column_11 Column_12 Column_13 Column_14 Column_15 Column_16 Column_17 Column_18 Column_19 Column_20 Column_21 Column_22 Column_23 Column_24 Column_25 Column_26 Column_27 Column_28 Column_29 Column_30 Column_31 Column_32 Column_33 Column_34 Column_35 Column_36 Column_37 Column_38 Column_39 Column_40 Column_41 Column_42 Column_43 Column_44 Column_45 Column_46 Column_47 Column_48 Column_49 Column_50
feature_infos=[-72:105.5] [-17:123] [0:805] [5:810] [0:149] [-390:24] [-27.771428571428569:57.771428571428565] [-25.715394566623541:152.57142857142856] [-47.021081576535288:77.502380688738796] [0:37.607138617555044] [0:52.993599296122774] [0:143] [0:148.5] [0:130] [0:125] [-89:92] [0:166] [0:11.066666666666666] [10:195] [-113.00000000000001:12.072727272727272] [-54:97.597633136094672] [-82.039498644986452:57.290560881653995] [54.5:95] [54.5:95] none [0:17] none [46.5:89.5] [17.375:78.5] [1.875:34.75] [1.2499999999999969:351.25] [2:8] [1:7] [0:9] [0:9.25] [0:177.5] [0:100] [0:100] [0:5] [0:6] [0:999] [0:29] [-36:92.5] [-36:92.5] [0:166] [-0.9999994220246925:0.99998555065071859] [-0.99997919295908233:0.9999907524084426] [1:12] [-7.8135346737800209:1.9068825838954315] [54.735340191163012:95.412793109266914] [-36.823411758417393:92.370124292500762]
tree_sizes=4284 4306 4217 4263 3965 4420 4035 4025 4257 4291 4191 4196 4124 4282 4356 3893 4291 3973 4147 4207 4145 4377 4068 4141 4222 4381 4011 4143 4362 4145 4252 4247 4246 4223 4162 3906 4147 4163 4337 4320 4182 4308 4472 4012 4321 4169 4088 4074 4250 4252 4085 4174 4236 4400 4156 4103 4179 4084 4102 4174 4436 4252 4046 4095 4270 4120 4343 4341 4190 4420 4333 4193 4262 4208 4272 4278 4266 4025 4033 4201 4356 4372 4102 4040 4445 4367 4287 4353 4354 4183 4309 4603 4124 4288 4263 4432 4270 4184 4049 4260 4365 4288 4196 4135 4207 4184 4189 4299 4290 4382 4280 4298 4433 4341 4115 4455 4196 4133 4297 4053 4288 4279 4294 4131 4364 4442 4381 4207 4122 4286 3958 4263 4390 4304 4348 4459 4142 4212 4346 4198 4223 4450 4290 4377 4109 4293 4276 4386 4202 4129 4041 4292 4198 4210 4286 4198 4035 4360

Tree=0
num_leaves=51
num_cat=0
split_feature=3 50 8 50 4 50 47 1 30 9 47 28 20 30 8 36 29 48 19 45 50 27 20 3 50 43 45 2 29 10 9 14 45 50 21 45 20 11 2 48 7 28 45 10 36 9 9 27 3 45
split_gain=1.85253e+07 6.38363e+06 2.4864e+06 1.4881e+06 1.01839e+06 880150 720867 665552 357526 310117 266416 255867 185478 184075 182589 171375 133078 131644 117885 116244 91150.6 92779.6 88827.5 82000.7 79490.1 71165.8 71105.4 70047.5 63767.6 62886.1 58854.9 53774.6 53429 52890.5 50089.8 46715.1 45812.1 44705 36859.9 35982.3 33704.8 30158.2 28214.6 26523 26182.2 25513.7 20242.6 35151.8 18494.9 14810.4
threshold=317.50000000000006 4.3987423452004224 1.389130434782609 1.4320139195430104 3.2500000000000004 2.5560018018152495 10.500000000000002 78.500000000000014 178.12500000000003 1.1829142696877486 2.5000000000000004 61.687500000000007 0.63949518223711788 166.87500000000003 0.69432494279176216 50.500000000000007 8.1875000000000018 0.14368335022506032 1.5104571104571107 0.46800856592688472 0.99613463320631024 83.812500000000014 0.17632112133390906 47.500000000000007 0.15867528786654364 0.75000000000000011 0.71503381463111937 707.50000000000011 6.9375000000000009 2.182798633515028 0.64020395136616792 1.0000000180025095e-35 -0.77245553105869302 1.0000000180025095e-35 -0.053162992060940432 0.45273815774107123 0.35878035008469794 1.0084745762711835 697.50000000000011 -0.75799388500887332 0.56643356643356668 71.312500000000014 -0.25205528343633254 1.414366466857786 18.500000000000004 0.72019365235355937 0.72019365235355937 83.937500000000014 27.500000000000004 -0.031173458710879235
decision_type=2 2 2 2 2 2 2 2 2 2 2 2 2 2 2 2 2 2 2 2 2 2 2 2 2 2 2 2 2 2 2 2 2 2 2 2 2 2 2 2 2 2 2 2 2 2 2 2 2 2
left_child=2 -2 4 13 5 6 10 -3 11 -6 25 -5 17 24 34 20 -14 -7 -11 33 36 23 -17 -22 29 38 31 -13 -16 35 -25 -10 -23 -15 -8 48 41 -26 -1 -38 -27 -12 -29 46 -34 -39 49 -48 -4 -41
right_child=1 7 3 8 9 12 14 -9 26 18 15 27 16 19 28 22 -18 -19 -20 -21 21 32 -24 30 37 40 -28 42 -30 -31 -32 -33 44 -35 -36 -37 39 45 -40 43 -42 -43 -44 -45 -46 -47 47 -49 -50 -51
leaf_value=771.9192787101266 750.86351481091981 770.26297159602075 774.09767539576626 779.08482604040637 769.21983842370253 774.67618303950906 770.91175929318888 763.95194292540475 779.92501222332248 774.07457594705829 774.75516580564488 775.33634149327486 778.90324559617568 774.76623842566926 774.60094064282703 772.31305446279953 776.24262935890567 777.24206681546923 771.37945401909917 777.70887033032625 775.9568350633665 775.25475310303864 774.38350212332318 773.36671638170355 776.39272046143128 773.48593502764538 780.89139538993049 776.39995933829766 772.80758323441762 775.45361146907499 775.19572990514257 778.16711759072462 776.1833047921948 776.5188879700944 772.29142746749744 775.09896620498967 775.98280752817368 774.57310119650549 773.40078608277474 774.96584363333761 774.84286864881153 773.56667415385812 777.76058529645888 774.13497347239138 777.42417696659993 775.62694063996639 773.94280804545713 775.38104337758148 773.09700508486651 775.92213696242879
leaf_weight=84 91 91 110 148 105 131 132 80 108 81 103 91 114 85 90 80 83 80 81 117 127 89 144 86 110 103 98 85 109 124 88 93 100 87 147 81 80 102 88 83 81 109 80 103 83 131 84 84 80 81
leaf_count=84 91 91 110 148 105 131 132 80 108 81 103 91 114 85 90 80 83 80 81 117 127 89 144 86 110 103 98 85 109 124 88 93 100 87 147 81 80 102 88 83 81 109 80 103 83 131 84 84 80 81
internal_value=774.482 761.501 775.133 776.645 774.27 774.555 774.184 767.266 778.415 771.327 774.625 777.432 776.696 775.43 772.452 774.912 777.797 775.657 772.716 776.497 775.133 775.604 773.638 774.996 775.009 773.395 779.729 776.463 773.615 774.525 774.291 779.134 776.271 775.659 771.628 774.099 774.76 775.565 772.667 775.015 774.082 774.143 777.075 774.833 776.759 775.168 775.051 774.663 773.671 775.444
internal_weight=0 262 4763 1730 3033 2766 2358 171 703 267 1880 404 408 1027 478 1524 197 211 162 289 1300 573 224 301 738 356 299 256 199 395 174 201 272 172 279 271 727 343 172 515 184 212 165 435 183 233 332 168 190 164
internal_count=5025 262 4763 1730 3033 2766 2358 171 703 267 1880 404 408 1027 478 1524 197 211 162 289 1300 573 224 301 738 356 299 256 199 395 174 201 272 172 279 271 727 343 172 515 184 212 165 435 183 233 332 168 190 164
is_linear=0
shrinkage=1


Tree=1
num_leaves=51
num_cat=0
split_feature=2 4 42 4 13 2 8 47 42 34 0 47 2 2 50 30 39 30 0 50 8 50 49 50 50 30 2 7 50 4 17 20 41 2 47 19 29 7 19 21 6 9 50 2 7 6 10 50 34 18
split_gain=1.66574e+07 5.20054e+06 2.38093e+06 1.47909e+06 828038 806045 793877 627129 483483 424796 345447 274105 222992 190986 187566 186485 141154 138398 128004 114819 101792 99828.2 71789.8 65239.5 64345.7 61457.9 61196.3 53151.4 47720.1 43838.2 43518.9 43073.3 42493 39570.1 39572.7 38529.4 35730.7 33686.2 29909.4 28703.4 27884.1 27455.2 26650 25760.1 24104.1 20877.1 19027.7 14062.9 11812.5 11072.1
threshold=432.50000000000006 2.7500000000000004 3.2500000000000004 2.1250000000000004 24.500000000000004 662.50000000000011 1.447826086956522 10.500000000000002 0.75000000000000011 1.1250000000000002 82.250000000000014 2.5000000000000004 647.50000000000011 722.50000000000011 3.8878718376668435 195.625 3.5000000000000004 181.56250000000003 78.750000000000014 0.85942501081832756 0.68608695652173923 0.83974494261531885 86.291715334933869 -0.28180103284439179 0.5940582854261437 123.12500000000001 707.50000000000011 1.5188811188811193 -1.4635549700309338 3.2500000000000004 0.82085561497326209 0.31966386554621851 1.5000000000000002 722.50000000000011 5.5000000000000009 2.2957252466203872 9.0312500000000018 0.51490614648509403 1.3821650474495353 0.056912999963756768 -0.64285714285714246 0.85592164416559058 1.8510396524622978 677.50000000000011 0.56643356643356668 1.21764705882353 1.734896684698483 1.6143840033922887 0.87500000000000011 112.50000000000001
decision_type=2 2 2 2 2 2 2 2 2 2 2 2 2 2 2 2 2 2 2 2 2 2 2 2 2 2 2 2 2 2 2 2 2 2 2 2 2 2 2 2 2 2 2 2 2 2 2 2 2 2
left_child=1 4 3 6 -1 9 7 11 17 -4 12 21 -5 20 27 18 19 28 -10 31 38 25 43 -19 -12 -2 -20 -7 -8 -14 37 -13 -16 39 -35 46 -23 -24 -9 -30 -33 45 44 -21 -32 -42 -28 -45 -47 -36
right_child=2 -3 5 10 -6 14 8 13 15 -11 24 16 29 -15 32 -17 -18 23 26 22 -22 36 30 -25 -26 -27 35 -29 33 -31 42 40 -34 34 49 -37 -38 -39 -40 -41 41 -43 -44 47 -46 48 -48 -49 -50 -51
leaf_value=-10.90098347013647 -2.3725523304397411 -22.867018132093477 2.9872149560916221 -5.5418478440265275 -3.9098019023274269 2.6285857403757928 -0.86777864723670783 -3.6423037174271373 3.4336014689468755 -1.5614062110146323 -1.7046209763487181 -0.39440467392697054 -1.717248154050774 0.24514879077962301 4.9029461415608724 4.0683896533904536 -1.1034361462674889 0.95839491139839206 0.44802426691118041 -0.18473679702958945 -1.0826240884211227 0.78213757629367131 0.47889289820598346 2.8634901146094007 0.20580246421112414 -0.6019653542356177 0.9430878700980222 4.4425374396642052 0.58633959938498104 -3.3606776272378323 2.2667243550575917 1.3358223995017378 6.4529867481726875 1.6437189696222239 -0.039469874171274053 2.8569083303765019 -0.67259018486592836 1.6561841257032037 -2.3828702924152214 -0.63953601511519986 0.13598220007073494 -0.2490597302796411 2.7398981114665233 0.41303023439996384 1.0660185650482283 1.3508186264471576 2.0452225826404713 1.3059849704615774 0.52904637383229758 0.77195794371997617
leaf_weight=87 109 81 117 97 85 86 81 81 122 90 89 152 89 102 104 154 101 100 94 80 130 86 117 83 86 90 82 89 84 81 83 94 129 96 83 80 81 128 143 108 123 121 90 84 90 98 80 95 82 84
leaf_count=87 109 81 117 97 85 86 81 81 122 90 89 152 89 102 104 154 101 100 94 80 130 86 117 83 86 90 82 89 84 81 83 94 129 96 83 80 81 128 143 108 123 121 90 84 90 98 80 95 82 84
internal_value=0 -12.4828 0.659522 0.22725 -7.48861 3.55944 0.554765 0.00394081 1.5307 1.01155 -2.5028 0.402982 -3.63145 -1.65947 4.84649 2.56255 0.695611 0.650062 2.04846 0.822737 -2.2074 -0.825248 1.24013 1.83332 -0.769949 -1.5788 1.53683 3.57111 0.243414 -2.51537 1.58527 0.343782 5.78503 0.4427 0.839931 1.95617 0.0767475 1.0982 -2.85245 -0.102956 0.560735 0.386161 2.03312 0.559686 1.6518 0.639815 1.49656 0.891567 0.981447 0.370839
internal_weight=0 253 4748 4133 172 615 3691 2360 1331 207 442 1904 267 456 408 612 1538 719 458 1437 354 366 767 183 175 199 336 175 536 170 508 670 233 455 263 242 167 245 224 192 518 424 263 259 173 303 162 179 180 167
internal_count=5001 253 4748 4133 172 615 3691 2360 1331 207 442 1904 267 456 408 612 1538 719 458 1437 354 366 767 183 175 199 336 175 536 170 508 670 233 455 263 242 167 245 224 192 518 424 263 259 173 303 162 179 180 167
is_linear=0
shrinkage=0.05


Tree=2
num_leaves=49
num_cat=0
split_feature=3 46 8 42 46 8 8 43 36 42 42 30 30 28 48 20 3 20 42 29 46 8 45 42 30 10 46 30 46 36 42 36 15 6 45 3 21 4 37 15 34 21 43 20 46 8 37 13
split_gain=1.16741e+07 5.29116e+06 1.91814e+06 1.12852e+06 925070 692865 439057 302434 289559 274255 273288 253510 217925 204141 167416 164446 148445 124193 100711 94483 89193.4 86491.3 76574.5 71918.3 64129.9 62984.5 60159.3 56494.6 54589.1 51796 49811.1 49598.2 48918.3 47195.7 45319 43701.5 43271.3 38802.7 38243.9 46681.7 34437.7 32173 29351.9 19697.3 26583.1 17821.6 14245.5 13805.2
threshold=317.50000000000006 0.44312301391210612 1.3800000000000003 2.2500000000000004 0.36447543099728863 -0.82695652173913026 -0.32086956521739124 0.2207792207792208 45.500000000000007 2.2500000000000004 1.7500000000000002 181.56250000000003 179.37500000000003 61.562500000000007 0.14368335022506032 0.67617995814926768 52.500000000000007 1.0000000180025095e-35 1.0000000180025095e-35 9.0312500000000018 0.70747208174348741 2.0932628230172465 0.27694220057652758 3.2500000000000004 161.87500000000006 1.8976549054198157 -0.59867820553660911 134.37500000000006 -0.30164489695395946 9.5000000000000018 0.75000000000000011 37.500000000000007 70.500000000000014 0.34285714285714314 0.29342972903661901 47.500000000000007 -0.63489159891599189 0.62500000000000011 20.500000000000004 77.250000000000014 0.87500000000000011 0.78032372950702478 0.75000000000000011 0.55882352941176461 -0.36648370705903521 0.83217391304347832 30.500000000000004 24.500000000000004
decision_type=2 2 2 2 2 2 2 2 2 2 2 2 2 2 2 2 2 2 2 2 2 2 2 2 2 2 2 2 2 2 2 2 2 2 2 2 2 2 2 2 2 2 2 2 2 2 2 2
left_child=2 -2 4 7 5 8 -6 24 -1 16 18 21 13 -5 17 -11 27 -12 33 30 -14 36 -21 26 25 46 -19 42 -15 -13 -18 38 -23 35 -26 -7 -9 -33 43 -40 -38 -35 45 -20 -45 -8 -4 -27
right_child=1 -3 3 12 6 10 9 11 -10 15 14 29 20 28 -16 -17 19 23 31 22 -22 32 -24 -25 34 47 -28 -29 -30 -31 -32 37 -34 41 -36 -37 40 -39 39 -41 -42 -43 -44 44 -46 -47 -48 -49
leaf_value=-0.11987586978536387 -4.482558379361504 -19.351960564851762 -0.95115163538415559 4.8456495955115875 -4.1003212960791 -0.027495317006933279 -1.833611329492866 -0.011125873361847231 -3.7350234797224404 -0.47276617475177929 -0.070008920146784656 4.3903783637143325 6.0080686912392132 2.7976773109546929 3.6682840393321352 2.4394499005306338 -1.9383346600601308 2.3306735807408887 0.11178428805568844 -3.4292936286219842 3.8702216288735793 2.8876832329175053 -1.5052346207452625 2.9843146822984941 0.38210114361001901 0.24650618468339625 0.67800461628047159 0.29367790329230931 0.9705904847965009 2.6466600491450385 -0.366853949546814 0.85794449899254777 1.3113544941532846 0.85531373784613263 1.9416177056556525 -1.4811170929289881 0.57245084013840231 -0.66230152706767242 2.3020445767072366 0.90400816916987525 1.8369851503245258 -0.35996579678486224 -0.27915004255870979 1.5586463569960696 0.31374793218241798 -0.85819220776410443 -0.16214382508687214 1.1307504949583249
leaf_weight=103 151 99 117 94 120 115 97 111 119 114 108 83 131 85 100 83 103 95 102 134 92 101 88 102 103 90 132 118 81 103 99 81 101 133 85 93 110 85 108 137 107 91 95 93 80 96 112 87
leaf_count=103 151 99 117 94 120 115 97 111 119 114 108 83 131 85 100 83 103 95 102 134 92 101 88 102 103 90 132 118 81 103 99 81 101 133 85 93 110 85 108 137 107 91 95 93 80 96 112 87
internal_value=0 -10.4245 0.635984 1.93125 -0.132392 0.551166 -1.2505 1.16791 -2.06578 -0.913849 0.903237 1.85919 3.99488 2.99052 1.82931 0.760332 -1.31165 1.40108 0.457185 -1.96516 5.1473 1.29754 -2.67677 1.88274 0.332937 -0.0211795 1.37684 -0.626018 1.9173 3.44409 -1.17375 0.833347 2.10986 -0.140691 1.09374 -0.681409 0.792372 0.0802007 1.07316 1.52714 1.20154 0.362201 -1.00255 0.664638 0.988082 -1.35535 -0.567644 0.685046
internal_weight=0 250 4817 1793 3024 1877 1147 1310 222 1027 1655 716 483 260 537 197 830 437 1118 424 223 530 222 329 594 406 227 406 166 186 202 686 202 432 188 208 328 166 520 245 217 224 288 275 173 193 229 177
internal_count=5067 250 4817 1793 3024 1877 1147 1310 222 1027 1655 716 483 260 537 197 830 437 1118 424 223 530 222 329 594 406 227 406 166 186 202 686 202 432 188 208 328 166 520 245 217 224 288 275 173 193 229 177
is_linear=0
shrinkage=0.05


Tree=3
num_leaves=50
num_cat=0
split_feature=3 50 8 42 46 14 4 8 50 30 37 50 50 2 20 50 37 2 30 45 43 2 4 27 6 7 50 6 30 45 29 2 18 29 19 29 20 10 35 8 27 45 50 19 12 45 20 3 20
split_gain=1.36849e+07 6.51896e+06 1.7117e+06 963202 898897 753289 538065 400534 353038 344738 287832 244166 234847 182815 147645 147580 139088 128299 112082 100308 94361.9 92336.5 82826.2 74576.4 75285.8 72931 72323.2 68294.6 67325.8 65172.2 50349.8 49011.4 48693.1 46663.2 39030.6 37331.8 58862.7 32219.7 30875.1 30832.8 29861 43774.9 28392 17000 16374.6 14950.1 14893.8 13172.1 7519.75
threshold=317.50000000000006 4.3987423452004224 1.3800000000000003 2.2500000000000004 0.36447543099728863 2.5000000000000004 3.7500000000000004 -0.32086956521739124 3.1608816403877218 181.56250000000003 59.500000000000007 2.0722736535039137 3.8878718376668435 717.50000000000011 0.57663204426274517 0.51013554434230468 62.500000000000007 722.50000000000011 166.87500000000003 0.48314048284850658 -0.34999999999999992 727.50000000000011 1.0000000180025095e-35 83.812500000000014 2.5714285714285721 0.88111888111888148 1.5397667691962342 -1.1999999999999993 115.00000000000003 0.30983042691905771 7.5625000000000009 722.50000000000011 107.50000000000001 7.5625000000000009 2.0882734912146681 8.9375000000000018 0.44777830864787399 1.8976549054198157 8.7500000000000018 1.839130434782609 78.812500000000014 0.58481550752069722 -0.01380243389224489 3.0313888168697614 2.2682038834951475 -0.36647417525074694 1.8005128205128207 67.500000000000014 0.80077220077220101
decision_type=2 2 2 2 2 2 2 2 2 2 2 2 2 2 2 2 2 2 2 2 2 2 2 2 2 2 2 2 2 2 2 2 2 2 2 2 2 2 2 2 2 2 2 2 2 2 2 2 2
left_child=2 -2 4 9 6 -3 8 -6 16 15 -8 13 17 19 -13 27 18 -5 23 22 -11 39 -9 24 28 -10 33 -4 40 -19 -15 -22 -18 -25 -23 36 -24 42 -14 -17 -1 -42 46 -39 45 -35 -29 -37 -28
right_child=1 5 3 12 7 -7 10 11 25 20 -12 14 38 30 -16 21 32 29 -20 -21 31 34 35 26 -26 -27 48 37 -30 -31 -32 -33 -34 44 -36 47 -38 43 -40 -41 41 -43 -44 -45 -46 -47 -48 -49 -50
leaf_value=-0.36380010215299474 -21.850484424632985 -8.5017871590070833 -1.0993574056463937 1.7538764654089221 -3.7308491986730825 -1.9991591356017375 -0.17898260752360029 -0.69712603351649127 4.0528944899054133 1.2562645174208142 -4.1824349575732134 -0.49889509233663665 4.4151361895162005 0.76428861699852302 2.2914675353571425 0.15864902502960632 -1.1291062041625965 2.7328279085812115 2.3595963454692166 -0.60719289410075072 2.0851912708843456 1.4347436598137671 -2.8285405228304312 -0.047198039604656739 1.2746700359738037 1.9495802214538511 1.5913251825222154 0.071869489809741158 -1.0832059416331743 4.7324241042771247 -0.68563843525689228 3.6528773045294907 0.37479249838362921 0.3849401479001282 2.9186126347948265 -2.4711944839928082 -0.94486113105501457 1.3271922160776295 5.9600653771269192 1.3051351874194168 -0.035540591537952422 1.3037826793889205 0.72187317933725281 0.36413712990417912 1.6895607489638214 1.2621158929744569 -0.85952875437559906 -3.4545646904544398 2.3372497281910465
leaf_weight=111 90 92 95 138 137 87 98 84 84 104 82 105 85 101 85 125 136 83 106 151 84 91 85 133 145 87 81 91 113 93 144 145 88 96 93 84 83 97 88 110 124 119 91 88 81 100 80 87 80
leaf_count=111 90 92 95 138 137 87 98 84 84 104 82 105 85 101 85 125 136 83 106 151 84 91 85 133 145 87 81 91 113 93 144 145 88 96 93 84 83 97 88 110 124 119 91 88 81 100 80 87 80
internal_value=0 -10.9444 0.625012 1.85317 -0.102058 -5.36996 0.575369 -1.20345 0.853368 1.13823 -2.01581 -0.856933 3.7466 -1.23132 0.754887 0.65649 0.608894 2.9149 0.80868 -1.71865 2.52236 1.36001 -2.11305 0.667838 0.283658 3.00034 1.07839 0.111118 -0.0261106 3.8102 -0.0872363 3.0894 -0.539249 0.722706 2.19646 -2.46081 -1.90901 0.370258 5.23073 0.698558 0.313425 0.622997 0.0129372 0.873511 1.09121 0.836614 -0.366336 -2.98868 1.97411
internal_weight=0 269 4791 1781 3010 179 1864 1146 1684 1294 180 1009 487 819 190 961 1513 314 1289 574 333 419 423 1183 612 171 571 542 467 176 245 229 224 410 184 339 168 447 173 235 354 243 262 185 277 196 171 171 161
internal_count=5060 269 4791 1781 3010 179 1864 1146 1684 1294 180 1009 487 819 190 961 1513 314 1289 574 333 419 423 1183 612 171 571 542 467 176 245 229 224 410 184 339 168 447 173 235 354 243 262 185 277 196 171 171 161
is_linear=0
shrinkage=0.05


Tree=4
num_leaves=46
num_cat=0
split_feature=2 50 50 2 30 30 2 2 50 20 50 46 43 46 49 2 36 20 27 20 11 46 20 15 42 35 50 2 35 42 46 20 50 29 46 2 20 50 50 46 41 6 49 27 15
split_gain=1.36152e+07 6.22022e+06 1.84189e+06 1.31829e+06 946620 717202 493127 427131 329293 231127 227004 220476 220384 199451 168873 150509 110902 109555 96315.4 93227.3 85480.9 78771.8 77998.4 69358.1 59585.1 57378.5 56281.3 56148.6 49119.1 47136.3 40659.4 37516.7 37462.6 39975.7 43289.5 37028.3 35965.9 29823.3 27070.6 25819.4 25358.9 18612.7 18569.6 17401.9 29949.3
threshold=432.50000000000006 4.3987423452004224 2.7659122364066779 672.50000000000011 119.37500000000001 184.37500000000003 662.50000000000011 602.50000000000011 0.9809633047681886 -0.15730034671211138 3.8878718376668435 0.56191161272202661 -0.34999999999999992 -0.082691941062253513 88.349740419096165 702.50000000000011 28.500000000000004 0.7255405884438143 82.520825000000016 0.30018315018315023 1.5639534883720965 0.5475998096715059 1.3917690152984272 69.250000000000014 0.75000000000000011 37.916650000000004 -1.0535530949455916 697.50000000000011 8.7500000000000018 1.2500000000000002 0.3484035575467645 1.1229891076665273 -0.86883020422507673 6.6875000000000009 -0.6905596507703472 722.50000000000011 1.66347388170238 1.9437218890172832 0.07181344507002764 -0.95242240592625282 1.0000000180025095e-35 1.0000000180025095e-35 88.148340731338138 83.312500000000014 78.250000000000014
decision_type=2 2 2 2 2 2 2 2 2 2 2 2 2 2 2 2 2 2 2 2 2 2 2 2 2 2 2 2 2 2 2 2 2 2 2 2 2 2 2 2 2 2 2 2 2
left_child=1 -1 3 7 -3 8 14 -2 11 18 22 19 26 29 -4 -13 21 27 -9 38 -17 -14 -8 -21 -15 30 -7 -10 -12 -11 37 -22 -25 35 39 -34 -32 43 -5 -35 -36 -26 -42 -19 -45
right_child=2 4 6 5 -6 12 10 9 17 13 28 15 16 24 -16 20 -18 25 -20 23 31 -23 -24 32 41 -27 -28 -29 -30 -31 36 -33 33 34 40 -37 -38 -39 -40 -41 42 -43 -44 44 -46
leaf_value=-21.360102943663904 -5.0768992256827481 -8.9835976893251601 0.038704015099027628 -1.1817354714284178 -1.5848544767533226 -0.21522121647509135 1.7968889220962376 -3.2421199260243947 -0.4541887992845946 -0.22354723422063724 3.9786034528775653 -2.3461662325504666 4.5358945406400242 -2.4353459580710126 2.7720013626935809 0.62911621131857887 1.8282481048531183 0.76813342123196049 -1.1715865224927338 1.6523577237958618 -1.5860790618761318 2.6616667980664093 3.534386697600425 -0.4374696847282607 -0.33430993041874452 2.6248693784077961 1.6463399879726364 0.89214702305159987 5.5295424525790358 1.3349678512592362 -0.21787491656211488 -0.31796234716068617 -0.89382397498449562 0.55900357005496815 -0.36566196477944307 0.41299633266347824 1.256288366558322 2.1014758978860351 -0.10165268198720046 1.6467772022673959 0.9692913573751083 -1.4054279341406766 0.0083284736667052824 2.2174909193341326 0.87627287422617273
leaf_weight=93 81 87 158 121 86 81 126 156 151 89 109 147 116 101 87 121 148 144 90 105 126 121 141 144 80 80 80 157 135 105 82 109 91 95 100 131 82 126 111 132 129 83 82 81 89
leaf_count=93 81 87 158 121 86 81 126 156 151 89 109 147 116 101 87 121 148 144 90 105 126 121 141 144 80 80 80 157 135 105 82 109 91 95 100 131 82 126 111 132 129 83 82 81 89
internal_value=0 -10.9973 0.601781 0.180224 -5.33586 0.620541 2.86637 -1.65914 0.289989 -1.25926 3.74952 -0.123777 2.27338 -0.592926 1.01663 -1.00573 2.92184 1.01681 -2.49242 0.234216 -0.447215 3.59421 2.72421 0.442033 -1.48506 1.369 0.714231 0.232759 4.85577 0.622499 1.1986 -1.00173 0.299783 0.439864 0.672455 -0.124288 0.522353 1.4489 -0.667626 1.19599 0.287716 -0.88497 0.597637 1.1812 1.52455
internal_weight=0 266 4823 4067 173 3282 756 785 2736 704 511 1744 546 458 245 503 385 992 246 1241 356 237 267 1009 264 684 161 308 244 194 604 235 904 760 538 222 164 440 232 227 311 163 211 314 170
internal_count=5089 266 4823 4067 173 3282 756 785 2736 704 511 1744 546 458 245 503 385 992 246 1241 356 237 267 1009 264 684 161 308 244 194 604 235 904 760 538 222 164 440 232 227 311 163 211 314 170
is_linear=0
shrinkage=0.05


Tree=5
num_leaves=52
num_cat=0
split_feature=3 50 50 8 48 2 46 43 2 34 39 10 39 7 4 45 42 2 50 42 10 41 14 17 13 2 3 50 2 10 10 42 36 20 46 48 28 6 50 50 46 48 10 14 50 4 8 7 13 50 2
split_gain=1.0235e+07 4.99894e+06 1.70089e+06 1.1514e+06 734505 661660 479505 427931 406249 290084 251646 209466 198015 176548 155062 140058 102625 94492.6 91006.9 77732.5 76129.5 71483.5 62788 59191.6 77222.4 54619.9 53798.3 53581 49114.7 46377.6 43759.1 42945.3 35395.4 35378.5 46439.8 34725.3 34046.4 31751.7 31540.5 31405.8 27971.2 27904 27292.3 25707.4 25158 19423.6 16669.3 21717 13293.8 11769.4 10645.4
threshold=317.50000000000006 4.2823454033010231 3.2139857180549503 1.1869565217391307 0.095906855539589594 627.50000000000011 0.36447543099728863 0.75000000000000011 662.50000000000011 1.1250000000000002 1.0000000180025095e-35 1.5314345969429468 2.5000000000000004 -0.041958041958041897 1.2500000000000002 0.62587949062545845 5.2500000000000009 717.50000000000011 0.88781491098161791 1.0000000180025095e-35 1.7488971372542166 2.5000000000000004 3.5000000000000004 0.95445134575569368 34.500000000000007 677.50000000000011 42.500000000000007 1.2340371225544831 722.50000000000011 2.182798633515028 1.605714028221924 2.2500000000000004 14.500000000000002 0.22444946357989837 -0.21022037796396451 0.52454911254453063 64.437500000000014 -1.0026578073089694 -0.11320916288663339 0.13652873364118537 -0.065537083312030994 -0.22042485305200651 1.2544668640371113 3.5000000000000004 1.5603466506691535 0.62500000000000011 0.50217391304347825 -0.98601398601398571 23.500000000000004 -0.40507881789108774 712.50000000000011
decision_type=2 2 2 2 2 2 2 2 2 2 2 2 2 2 2 2 2 2 2 2 2 2 2 2 2 2 2 2 2 2 2 2 2 2 2 2 2 2 2 2 2 2 2 2 2 2 2 2 2 2 2
left_child=2 -2 3 5 -3 10 12 17 9 -4 -1 26 19 27 -14 22 20 37 25 35 -10 29 31 24 33 -15 44 46 -17 38 -23 48 -25 41 42 49 -20 -5 45 -39 -32 -21 50 -27 -9 -19 47 -8 -13 -7 -35
right_child=1 4 8 7 -6 6 13 11 16 -11 -12 15 14 18 -16 28 -18 21 36 23 -22 30 -24 32 -26 43 -28 -29 -30 -31 40 -33 -34 34 -36 -37 -38 39 -40 -41 -42 -43 -44 -45 -46 -47 -48 -49 -50 -51 -52
leaf_value=-1.2640994606940177 -19.616209461575465 -1.9501359668432496 3.0138730326890948 -1.0512135726409955 -8.3675836351182724 -0.1456765032062928 -3.2982787086205052 0.70081040662653904 2.6299004431594821 -0.9757203490961166 -4.8045156920905665 2.3571250117588334 0.26180406701953512 -2.1690227328679139 -2.66256512787607 2.4820646061954732 5.2956784403421047 0.15902145802974701 1.088949273581858 -0.43589989566876569 4.3965145525432403 0.54534170733557807 1.0635626327169354 0.83084995397707306 2.4862099521131404 -0.24352958768817554 -0.2507217994956083 -0.94941733773932402 4.1026701334946685 1.3093071249127388 1.2466215208536242 3.3230536753223059 -0.54979257502845513 2.0391781497955321 0.21609136871993542 -0.90184437797424644 -0.31415812286638445 -0.45230320456780887 0.64753960862533377 0.7205253026634455 2.5826907955020308 0.85067274270748561 0.68100896716117865 -1.2620511168514246 1.9067994117337681 -0.89002608846077769 -1.807092824470566 -2.0963388557893685 1.4096819323737448 0.61442169765813637 1.274057226803373
leaf_weight=92 83 101 99 90 80 95 87 93 135 83 112 81 91 84 89 82 122 87 80 80 123 89 144 81 82 140 85 82 134 99 81 83 106 124 109 93 92 132 133 99 82 87 89 111 83 88 82 82 81 108 84
leaf_count=92 83 101 99 90 80 95 87 93 135 83 112 81 91 84 89 82 122 87 80 80 123 89 144 81 82 140 85 82 134 99 81 83 106 124 109 93 92 132 133 99 82 87 89 111 83 88 82 82 81 108 84
internal_value=0 -9.52623 0.569306 0.223932 -4.81697 -0.50717 -0.249176 1.15916 3.15032 1.19905 -3.22181 1.96838 0.345815 -1.18205 -1.19086 2.47872 4.07927 0.442799 -0.59265 0.589706 3.48585 0.785075 1.90316 0.834474 1.05817 -1.07159 0.780478 -2.07496 3.50171 0.373732 1.44532 2.3903 0.0494781 0.849833 1.10136 -0.107025 0.340972 -0.260137 0.0697472 0.0512767 1.9304 0.235424 1.42444 -0.697172 1.2771 -0.370559 -2.43743 -2.73085 1.89496 0.25974 1.73776
internal_weight=0 264 4770 4208 181 2362 2158 1846 562 182 204 866 1318 840 180 605 380 980 507 1138 258 659 389 842 655 335 261 333 216 407 252 245 187 573 406 296 172 321 308 231 163 167 297 251 176 175 251 169 162 203 208
internal_count=5034 264 4770 4208 181 2362 2158 1846 562 182 204 866 1318 840 180 605 380 980 507 1138 258 659 389 842 655 335 261 333 216 407 252 245 187 573 406 296 172 321 308 231 163 167 297 251 176 175 251 169 162 203 208
is_linear=0
shrinkage=0.05


Tree=6
num_leaves=47
num_cat=0
split_feature=3 50 8 42 20 27 50 46 37 46 50 2 2 50 40 42 42 29 3 21 14 2 36 2 48 2 35 8 45 41 50 2 9 29 35 39 46 17 50 9 18 3 9 33 48 50
split_gain=9.76607e+06 4.88676e+06 1.60067e+06 855442 597982 506430 433926 304889 269350 314746 169749 159420 150399 146244 144275 150210 133896 111984 109624 106455 104766 75773.4 61500.5 56865 55625.3 54255.5 49218.2 45912.4 45201.8 37764 36534.3 36350.5 33097.1 33039.5 24848.1 22332 28451.4 21849.8 19962 23339.4 21772.5 20511.1 16617.2 16489.1 11192.1 7327.05
threshold=292.50000000000006 4.3987423452004224 1.447826086956522 1.7500000000000002 0.25870796611619751 79.937500000000014 2.1471850759810356 0.53312596302726967 64.500000000000014 0.5475998096715059 4.3987423452004224 662.50000000000011 707.50000000000011 4.1231374149196407 63.500000000000007 2.2500000000000004 1.0000000180025095e-35 8.8125000000000018 87.500000000000014 -0.053162992060940432 4.5000000000000009 712.50000000000011 56.500000000000007 732.50000000000011 0.036026190690933081 707.50000000000011 16.250000000000004 0.59739130434782617 0.29342972903661901 1.0000000180025095e-35 0.54821625567044674 672.50000000000011 0.76148270704399923 7.5625000000000009 8.7500000000000018 1.5000000000000002 0.26659387353423869 0.85449735449735453 0.90014199671009731 0.63660201852143727 152.50000000000003 17.500000000000004 0.79591616726460612 0.54164999999999719 0.014070287307129146 -0.42713934070841469
decision_type=2 2 2 2 2 2 2 2 2 2 2 2 2 2 2 2 2 2 2 2 2 2 2 2 2 2 2 2 2 2 2 2 2 2 2 2 2 2 2 2 2 2 2 2 2 2
left_child=2 -2 4 16 8 -3 7 22 9 14 12 -10 -5 18 15 24 23 27 33 31 28 -18 35 32 37 -19 29 -9 -14 -23 -29 -11 45 -8 -25 36 38 -1 39 -6 44 -41 -31 -43 -40 -4
right_child=1 5 3 10 6 -7 13 17 11 19 -12 -13 20 -15 -16 -17 21 25 -20 -21 -22 26 -24 34 -26 -27 -28 30 -30 42 -32 -33 -34 -35 -36 -37 -38 -39 40 41 -42 43 -44 -45 -46 -47
leaf_value=-0.15766559223947901 -18.93378737374638 -6.9748936530082464 0.059007133112614421 1.1455764279187284 1.1094746479027564 -1.5249592557365512 2.7761098001585451 -1.3002778827611889 -3.9497725775367338 -3.4389230702494835 4.8476900437737216 -1.2048102358977 3.1819854700818979 3.7419814820749218 -1.3426438714265823 2.0724463661511741 0.44757824268219243 -2.3085722606821406 -0.013411887599663301 -0.92358564981062641 1.9166037362177395 0.55969851493835454 -0.72723791329784593 0.34567614681190917 0.59216754151508211 -0.76415172712777257 2.5837122483433581 -0.47399694331563441 4.5886658416074866 2.3324586607601452 0.81600455434698815 -1.9499260040318096 -0.6318501949576395 1.4585422323656685 1.4551696068474227 -0.027907847274433486 0.016213670392869084 -1.294127762390346 1.6630809405649249 -0.35249704733127502 0.41679248750548475 0.10687217677552854 1.310511309276609 1.0334834825579484 0.97334216174458266 0.72227604112204391
leaf_weight=88 88 92 82 106 138 80 85 83 113 96 135 101 140 82 149 107 136 154 98 141 102 89 93 89 159 92 138 129 118 86 94 81 146 118 118 120 130 81 131 81 87 92 84 100 118 84
leaf_count=88 88 92 82 106 138 80 85 83 113 96 135 101 140 82 149 107 136 154 98 141 102 89 93 89 159 92 138 129 118 86 94 81 146 118 118 120 130 81 131 81 87 92 84 100 118 84
internal_value=0 -9.41492 0.516675 1.77558 -0.146199 -4.46351 0.365944 0.0120723 -1.07499 -0.695011 3.27904 -2.66588 2.8152 1.87909 -0.00508766 0.455092 0.914368 -0.944335 1.36087 -1.95805 3.30228 1.47031 0.49684 0.341702 -0.0772155 -1.73642 1.81866 -0.303982 3.84058 1.40265 0.0709858 -2.7723 -0.084955 2.02114 0.982096 0.611636 0.699077 -0.706769 0.817734 0.581634 1.10395 0.311738 1.83811 0.592336 1.34142 0.396952
internal_weight=0 260 4794 1653 3141 172 2025 1642 1116 902 601 214 466 383 584 435 1052 552 301 318 360 533 1090 519 328 246 397 306 258 259 223 177 312 203 207 997 877 169 747 411 336 273 170 192 249 166
internal_count=5054 260 4794 1653 3141 172 2025 1642 1116 902 601 214 466 383 584 435 1052 552 301 318 360 533 1090 519 328 246 397 306 258 259 223 177 312 203 207 997 877 169 747 411 336 273 170 192 249 166
is_linear=0
shrinkage=0.05


Tree=7
num_leaves=47
num_cat=0
split_feature=3 50 50 20 14 2 50 2 46 8 36 39 46 10 45 42 42 50 7 50 19 50 2 14 27 19 2 14 46 19 19 45 8 2 36 8 10 28 17 41 3 40 6 7 3 20
split_gain=7.60679e+06 2.56709e+06 1.2313e+06 919657 606939 427430 403391 342842 260679 223941 223425 207639 167640 151898 113009 93581.7 92496.8 82694.9 81426.1 78922.7 66992.1 66429.9 56476.7 54658.5 54647.1 53063.5 49932.3 49794 46410 43723.5 38235.7 35965.7 35925.7 35868.6 35644.7 34090.3 33020.1 28866.7 39924.4 28685.8 26927 21798.1 29537 21664.9 20288.6 6663.92
threshold=317.50000000000006 4.3987423452004224 3.2732456319860437 0.55882352941176461 1.5000000000000002 627.50000000000011 1.5397667691962342 627.50000000000011 0.56191161272202661 1.5451999443502327 28.500000000000004 2.5000000000000004 0.2499757677084001 1.5951072541767612 0.62587949062545845 0.75000000000000011 5.2500000000000009 1.8716935911844177 -2.2867132867132862 0.15867528786654364 1.5428571428571429 0.24459688492576961 717.50000000000011 3.5000000000000004 81.062500000000014 1.6357642357642359 732.50000000000011 3.5000000000000004 0.3484035575467645 2.1045244410761654 2.3721413721413724 -0.16799356919963607 0.48776455074905689 677.50000000000011 29.500000000000004 0.96652173913043493 1.7715820823669166 73.187500000000014 0.87750000000000006 3.5000000000000004 17.500000000000004 19.500000000000004 1.21764705882353 -0.25174825174825155 42.500000000000007 1.9511936339522549
decision_type=2 2 2 2 2 2 2 2 2 2 2 2 2 2 2 2 2 2 2 2 2 2 2 2 2 2 2 2 2 2 2 2 2 2 2 2 2 2 2 2 2 2 2 2 2 2
left_child=2 -2 3 5 -3 10 9 -4 11 12 -1 17 34 24 19 32 23 18 -7 26 43 22 -14 36 29 -17 45 28 -15 -8 -21 -26 -10 -22 40 -23 -9 -36 -39 -16 -5 -42 -43 -20 -35 -11
right_child=1 4 7 6 -6 8 13 16 15 14 -12 -13 21 27 39 25 -18 -19 20 30 33 35 -24 -25 31 -27 -28 -29 -30 -31 -32 -33 -34 44 37 -37 -38 38 -40 -41 41 42 -44 -45 -46 -47
leaf_value=-1.3649870225217906 -15.158995758403433 -7.7051034523459041 0.55768881462076136 0.12998733940124513 -1.8185060008879632 -1.3098593829329623 -0.045988813206905454 2.7040763100816143 -2.6925691942731254 -0.10543019811072983 -5.0141511568209021 -1.6466691417607251 -1.9228216730862213 3.7731573113723211 1.533207882489219 -1.6591245366467371 4.5938404360482856 1.3958354451134802 0.26774661699194968 0.78186124661187462 -0.012836585175700306 -0.6454497039542163 -0.49014721215039281 1.9998739752004733 1.0959473359788585 0.020638884973209516 0.85176134999247566 1.8025946909105863 2.1895507641429566 1.4013191583451261 1.9774958298220988 2.4380852191668492 -1.3380014998520293 0.65080161157776328 -0.45393639936422309 0.50946006898472951 4.1197903328772751 1.3107422370233655 -0.22541917246044352 2.7157109931921184 0.47671916781123297 1.8109743938521772 0.58286604625337268 -0.81102476997808981 1.7011255952799431 -0.73514778922344082
leaf_weight=88 87 84 135 124 92 85 126 89 138 82 81 150 138 107 131 80 128 159 80 153 81 132 138 105 116 112 137 142 92 88 121 91 81 84 143 122 98 80 88 91 128 121 84 109 106 86
leaf_count=88 87 84 135 124 92 85 126 89 138 82 81 150 138 107 131 80 128 159 80 153 81 132 138 105 116 112 137 142 92 88 121 91 81 84 143 122 98 80 88 91 128 121 84 109 106 86
internal_value=0 -8.17442 0.540753 0.254081 -4.65568 -0.779014 0.771983 2.75479 -0.462275 0.413862 -3.1332 0.0360227 0.00799442 1.75663 1.07073 -1.49524 3.458 0.396378 0.102771 0.700855 0.366075 -0.675299 -1.21084 2.94612 1.11708 -0.684233 0.146518 2.54064 3.05565 0.552915 1.31513 1.69485 -2.19992 0.868698 0.479803 -0.0909068 3.46397 0.0664775 0.509514 2.02793 0.760322 0.99395 1.31302 -0.355396 1.24261 -0.430228
internal_weight=0 263 4850 4295 176 1434 2861 555 1265 2099 169 854 1298 762 801 411 420 704 545 579 460 530 276 292 421 192 305 341 199 214 274 207 219 271 768 254 187 311 168 222 457 333 205 189 190 168
internal_count=5113 263 4850 4295 176 1434 2861 555 1265 2099 169 854 1298 762 801 411 420 704 545 579 460 530 276 292 421 192 305 341 199 214 274 207 219 271 768 254 187 311 168 222 457 333 205 189 190 168
is_linear=0
shrinkage=0.05


Tree=8
num_leaves=50
num_cat=0
split_feature=3 50 8 50 28 4 46 9 50 50 42 2 36 0 2 19 2 29 30 4 50 36 30 47 50 29 4 13 7 30 21 13 47 50 19 21 7 49 29 28 29 34 8 7 46 10 50 50 29
split_gain=1.06228e+07 3.8937e+06 1.1072e+06 641054 582359 581795 545979 278940 228628 221409 201377 151043 144457 130885 130830 125256 122430 107426 97510.4 95589.9 91525.6 84771.9 84646 61093 59030.5 51033.6 46346 46214.4 45367 44390.9 55389.4 54034.4 40164.5 56008.7 35294.3 32161.5 29851.5 28148.4 25866.4 23749.9 21721.2 21358.5 21320.9 20355.8 17272.2 16028.8 14796.1 9556.66 5873.55
threshold=317.50000000000006 4.0506355665618949 1.4924729570289672 2.2747800656733834 70.562500000000014 3.7500000000000004 0.36447543099728863 1.1721102788584818 3.3280458421011123 2.1692808443592075 0.75000000000000011 717.50000000000011 38.500000000000007 84.750000000000014 707.50000000000011 1.5104571104571107 647.50000000000011 8.8125000000000018 146.87500000000003 1.2500000000000002 1.8510396524622978 19.500000000000004 169.37500000000003 5.5000000000000009 -0.46153150597901765 8.3125000000000018 0.62500000000000011 19.500000000000004 -0.16783216783216767 90.625000000000014 0.90110561583951931 29.500000000000004 2.5000000000000004 0.76511935081488514 1.7111436950146632 -0.68479992419800328 0.62937062937062982 89.118073424147198 7.9375000000000009 65.562500000000014 7.4285750000000013 0.87500000000000011 0.94648221343873529 1.8516483516483522 -0.31800055644052067 1.8756684669157091 1.0351507788569381 0.42619213265581385 7.6875000000000009
decision_type=2 2 2 2 2 2 2 2 2 2 2 2 2 2 2 2 2 2 2 2 2 2 2 2 2 2 2 2 2 2 2 2 2 2 2 2 2 2 2 2 2 2 2 2 2 2 2 2 2
left_child=2 -2 5 10 -3 6 8 -7 12 11 18 17 20 -14 -5 -9 -11 28 26 27 29 -20 35 40 -19 -22 34 -15 -8 41 31 44 -26 -34 -4 -12 -27 -32 -13 -30 -16 -1 -29 -37 46 -36 -31 -43 -28
right_child=1 4 3 14 -6 7 9 15 -10 16 22 38 13 19 23 -17 -18 24 21 -21 25 -23 -24 -25 32 36 48 42 39 30 37 -33 33 -35 45 43 -38 -39 -40 -41 -42 47 -44 -45 -46 -47 -48 -49 -50
leaf_value=0.50873640662914998 -18.835483225380504 -2.9228917400042218 -0.40402643609829625 1.4920061068973323 -8.5361082425681492 -4.6414532466368241 -1.455040449533386 0.2743282659554187 2.4896203236572401 -0.73539252273920108 0.5889160778474164 0.4382312450095685 -1.7321353189647199 1.7141240718694015 4.9171571029557128 -2.4951231956481936 1.7454686477340347 -3.0576624255776408 2.0873672976512316 -1.1233697967914245 2.4541769959937749 0.31405480102850847 2.7341673867493279 2.8181106511245555 -0.82966959510858251 1.7024462236726987 -0.41265698914174681 0.8410456198385392 0.31565044420550725 0.77503264159062846 2.1413660423379195 -0.37000318709320912 -1.1635303828730641 -3.040478868911296 0.26303847452027745 1.1419693385975229 0.36377801072029842 0.85116500607979162 -0.51061905586956358 -0.81833822826544445 3.7045841352655255 -0.705999521414439 -0.24041312749808036 2.1381835395815196 0.23964477347773175 1.237356188762319 1.625638751409672 0.050271317105868768 -1.0253632539584314
leaf_weight=147 81 95 98 86 92 87 131 80 158 81 110 136 111 80 89 82 126 99 128 95 106 142 150 129 103 84 80 86 94 150 94 126 82 80 80 107 83 80 150 89 108 80 95 107 85 90 80 86 80
leaf_count=147 81 95 98 86 92 87 131 80 158 81 110 136 111 80 89 82 126 99 128 95 106 142 150 129 103 84 80 86 94 150 94 126 82 80 80 107 83 80 150 89 108 80 95 107 85 90 80 86 80
internal_value=0 -9.73593 0.472973 1.55621 -5.71519 -0.0559481 0.137311 -2.37329 0.677605 -0.705056 0.958306 -1.02352 0.504575 -0.241255 3.25061 -1.1342 0.775829 -1.4295 0.417178 0.227148 0.794545 1.15934 1.7526 3.70856 -2.01343 1.59804 -0.0526171 0.721127 -0.748346 0.556707 0.803084 0.502999 -1.6133 -2.10339 0.349096 1.29116 1.04325 1.55642 -0.0594627 -0.237302 4.27446 0.0715944 0.275227 1.6477 0.852266 0.783073 1.07665 -0.316242 -0.723476
internal_weight=0 268 4830 1584 187 3246 2997 249 1826 1171 1172 964 1668 467 412 162 207 678 698 356 1201 270 474 326 364 273 428 261 314 928 615 441 265 162 268 324 167 174 286 183 197 313 181 214 315 170 230 166 160
internal_count=5098 268 4830 1584 187 3246 2997 249 1826 1171 1172 964 1668 467 412 162 207 678 698 356 1201 270 474 326 364 273 428 261 314 928 615 441 265 162 268 324 167 174 286 183 197 313 181 214 315 170 230 166 160
is_linear=0
shrinkage=0.05


Tree=9
num_leaves=50
num_cat=0
split_feature=3 50 8 30 46 50 50 4 8 36 30 50 30 28 45 50 39 2 11 30 50 4 30 46 49 17 50 13 45 9 8 6 34 48 7 14 3 14 7 30 7 50 50 33 30 46 17 50 8
split_gain=7.1758e+06 2.73463e+06 1.00971e+06 757295 554934 506381 417254 421127 286309 239284 225022 161957 126652 121266 100629 99639.3 130109 97404.9 90644.5 82139.4 80045.3 76424.8 76140.4 70203.4 58778.3 55717.6 50102.8 49198.1 45724 44963.3 42984.4 40144.9 39940 38830.6 37804.8 36107.1 35169.3 32981.1 25138 24851.4 24641.6 23826.3 22892 28220.1 22098.3 21171.9 20840.4 18913.7 15323.8
threshold=317.50000000000006 4.0506355665618949 1.5038969404186797 119.37500000000001 0.28313308994381592 1.4320139195430104 4.1231374149196407 3.7500000000000004 -0.2113043478260869 45.500000000000007 176.87500000000003 2.1692808443592075 170.62500000000003 60.687500000000007 0.42179998225932674 0.96737006127067116 2.5000000000000004 737.50000000000011 1.5639534883720965 145.62500000000003 -0.073579952919914135 2.1250000000000004 102.81250000000001 0.16587474750015932 85.754716839005781 0.78019323671497598 -0.7710543836622249 27.500000000000004 0.022575936829235418 0.69157740814501489 0.8686956521739132 -3.4258310474147679e-16 2.1250000000000004 -0.52397412475145566 1.0000000180025095e-35 2.5000000000000004 67.500000000000014 1.0000000180025095e-35 0.16783216783216801 102.81250000000001 1.8395651457749962 0.2183524347561914 0.47156271128206845 0.54164999999999719 108.12500000000001 -0.71502926860092908 0.61803713527851467 -0.034647592122382768 1.8234782608695654
decision_type=2 2 2 2 2 2 2 2 2 2 2 2 2 2 2 2 2 2 2 2 2 2 2 2 2 2 2 2 2 2 2 2 2 2 2 2 2 2 2 2 2 2 2 2 2 2 2 2 2
left_child=2 -2 4 -3 6 12 7 15 22 -9 13 17 31 -7 -14 21 19 20 -13 25 36 26 -6 -12 -15 27 -1 46 30 33 38 47 45 -28 -27 -36 39 -25 -22 -10 -26 -35 43 -31 -30 -33 -17 -4 -47
right_child=1 3 5 -5 8 10 -8 9 11 -11 23 18 14 24 -16 16 -18 -19 -20 -21 28 -23 -24 37 40 34 29 -29 44 42 -32 32 -34 41 35 -37 -38 -39 -40 -41 -42 -43 -44 -45 -46 48 -48 -49 -50
leaf_value=-0.6004763505914632 -15.64708297164352 -7.6462986680650218 -0.79188196606688455 -1.2429729885525174 -1.7133740165498523 3.0619947442981772 3.5527311129530648 -0.10614369945761599 -1.8595077286546049 -3.9066563262495886 4.6662206146094176 1.8601687621325256 0.8537872709954778 0.036596460442945185 2.8727057788807615 0.56730373997286143 -0.80450905833833974 0.36276825725870704 -0.29889968564366981 2.3532858415126801 -2.1219954848923583 -1.2493807334275475 -3.8677583317697781 3.7024428855805169 1.0393157489198659 2.1840963402215174 1.8486772761095402 1.4208020919845219 0.3852371073904492 -0.20937039995193485 -0.21009938467989914 -0.20052677085539244 1.6070170806881823 1.1937215173847437 1.7383934540539674 0.45221271566115323 -2.5765954781626892 2.2280730796157431 -0.93431221346606275 -0.69801220248999263 2.2737212308014141 0.16177099078004042 -0.49544990415926338 0.95249292148785158 -0.58530517464741727 0.10716363209617007 -0.48216626801274043 0.24316685227460641 0.92401096765883273
leaf_weight=118 80 96 90 89 89 122 105 80 103 85 110 95 155 82 103 82 92 146 98 124 93 83 80 83 83 101 85 83 104 99 90 110 80 96 96 127 85 83 90 86 84 133 107 109 132 90 109 85 159
leaf_count=118 80 96 90 89 89 122 105 80 103 85 110 95 155 82 103 82 92 146 98 124 93 83 80 83 83 101 85 83 104 99 90 110 80 96 96 127 85 83 90 86 84 133 107 109 132 90 109 85 159
internal_value=0 -7.97358 0.466706 -4.58902 -0.0366401 1.52806 0.503613 0.324768 -0.837374 -2.07572 2.58695 -0.547102 0.740329 1.77482 1.66777 0.566809 0.959536 -0.82084 0.767965 1.18512 -1.04172 0.180961 -2.74995 3.66828 1.13443 0.939366 0.341346 0.412347 -0.668637 0.518703 -1.10806 0.348544 0.603417 0.941126 1.38242 1.01119 -1.72983 2.98301 -1.54614 -1.33745 1.67005 0.597688 0.0959766 0.401135 -0.157788 0.375931 -0.0310004 -0.290619 0.630375
internal_weight=0 265 4724 185 3205 1519 1914 1809 1291 165 647 1122 872 371 258 1644 814 929 193 722 783 830 169 276 249 598 747 274 509 629 273 614 439 314 324 223 274 166 183 189 167 229 315 208 236 359 191 175 249
internal_count=4989 265 4724 185 3205 1519 1914 1809 1291 165 647 1122 872 371 258 1644 814 929 193 722 783 830 169 276 249 598 747 274 509 629 273 614 439 314 324 223 274 166 183 189 167 229 315 208 236 359 191 175 249
is_linear=0
shrinkage=0.05


Tree=10
num_leaves=49
num_cat=0
split_feature=3 50 50 8 36 20 3 46 50 50 0 3 14 39 42 10 8 10 37 39 20 50 14 40 17 6 50 10 50 46 11 3 37 46 8 20 8 20 21 40 20 20 49 16 45 50 15 50
split_gain=7.48385e+06 3.78967e+06 1.03576e+06 699251 616923 356085 318394 247482 228727 227176 226108 205777 130479 115286 108600 110561 92006.9 91040.6 94441.7 75765.9 72559.3 68097.3 71525.2 65133.6 48595.9 64963.2 46018.6 45232.5 40632.1 36002.9 35605.1 34006.3 30247.5 30215.1 29939.6 28770.8 28320.2 27027.6 25388.9 35804.9 22673.5 22558.7 22132 15434.6 13692.1 12091.7 11818.3 7291.65
threshold=317.50000000000006 4.0506355665618949 2.7659122364066779 -0.065217391304347783 33.500000000000007 0.024241608438674005 37.500000000000007 0.29958852271690523 5.312721158191601 1.0600356061637017 81.750000000000014 127.50000000000001 4.5000000000000009 1.0000000180025095e-35 -1.2499999999999998 1.5544390785095004 1.3382608695652176 1.605714028221924 20.500000000000004 2.5000000000000004 1.6948849104859336 0.90014199671009731 1.5000000000000002 65.500000000000014 0.96424010217113676 0.34285714285714264 -0.034647592122382768 1.2241145341831625 1.4459476096855897 -0.50557503990954278 1.5639534883720965 12.500000000000002 9.5000000000000018 0.60383265664488517 0.91565217391304365 1.9013039901275197 1.3988944572912312 2.8359237536656896 -0.15058108982132976 4.5000000000000009 1.1869894811071284 1.2434839697997593 87.925204075917847 11.250000000000002 0.30983042691905771 3.79733352106819 76.250000000000014 1.8510396524622978
decision_type=2 2 2 2 2 2 2 2 2 2 2 2 2 2 2 2 2 2 2 2 2 2 2 2 2 2 2 2 2 2 2 2 2 2 2 2 2 2 2 2 2 2 2 2 2 2 2 2
left_child=2 -2 3 10 -3 11 9 19 12 17 13 -4 27 -1 -9 28 42 26 31 21 -14 24 34 -12 25 -8 33 -7 38 -28 47 -19 -17 36 -23 -20 41 -37 -16 -40 46 -5 -11 -31 -32 -29 -24 -18
right_child=1 4 5 6 -6 8 7 14 -10 16 23 -13 20 -15 15 32 30 18 35 -21 -22 22 40 -25 -26 -27 29 45 -30 43 44 -33 -34 -35 -36 37 -38 -39 39 -41 -42 -43 -44 -45 -46 -47 -48 -49
leaf_value=-1.5678281232388351 -16.89928981236049 -1.3814545244273573 1.8291407362445371 -0.21194627887980882 -7.1218111702565396 1.9945673617966397 -0.3624379308000813 -2.498461776756379 4.8541789741691099 0.44758802832913225 0.44637722591741369 -1.6135545158960736 0.109638949519112 -3.650760080902665 -1.7454423014902407 1.1903212279601154 2.2901840740872412 2.5005917172115968 -0.24812078720233482 -0.76109757797192723 2.1955017321166537 -0.47576016145758332 1.3883093334824208 -1.4133194170802472 -0.73035442892462021 1.2058788065310126 1.102773677791868 2.9437381090579837 -0.21421700921179593 0.45469586644922533 1.232067453577405 1.2330624350626023 -0.15440866358396485 -1.0428213920856182 0.82878040263527319 1.2660040134810053 -0.7547569539567287 0.05638107707701534 -1.3973450504852585 -0.091660212251273077 0.87898016442009741 0.95211082763142052 1.3862807087036744 -0.37572308102366975 2.1301369246601323 3.8621677666570693 2.2512006104619879 3.0458654322741943
leaf_weight=136 83 100 90 85 88 96 122 82 108 136 108 82 83 134 143 85 96 82 121 117 83 81 82 82 119 142 139 112 137 123 104 159 81 103 94 105 87 82 132 87 93 80 118 101 80 86 94 80
leaf_count=136 83 100 90 85 88 96 122 82 108 136 108 82 83 134 143 85 96 82 121 117 83 81 82 82 119 142 139 112 137 123 104 159 81 103 94 105 87 82 132 87 93 80 118 101 80 86 94 80
internal_value=0 -8.06216 0.464577 0.148782 -4.09189 2.18271 0.385204 -0.112669 2.78535 0.832609 -1.68394 0.188016 2.29014 -2.61124 -0.792092 -0.578247 1.62123 0.449458 0.933535 0.425236 1.15947 0.59379 1.01447 -0.359426 0.104735 0.482494 0.0785374 2.92245 -0.949637 0.473755 2.1351 1.67289 0.537162 -0.325782 0.225692 0.351474 -0.0297431 0.738702 -1.2266 -0.881423 1.52488 0.354781 0.8874 0.0802601 1.63194 3.36006 1.85929 2.64894
internal_weight=0 271 4772 4032 188 740 3572 1691 568 1881 460 172 460 270 747 665 614 1267 549 944 166 827 444 190 383 264 718 294 499 363 360 241 166 355 175 308 252 187 362 219 269 165 254 224 184 198 176 176
internal_count=5043 271 4772 4032 188 740 3572 1691 568 1881 460 172 460 270 747 665 614 1267 549 944 166 827 444 190 383 264 718 294 499 363 360 241 166 355 175 308 252 187 362 219 269 165 254 224 184 198 176 176
is_linear=0
shrinkage=0.05


Tree=11
num_leaves=49
num_cat=0
split_feature=3 50 50 2 48 30 50 50 2 2 36 34 36 0 7 15 7 47 49 29 47 50 28 45 37 28 40 28 35 28 45 6 45 50 45 10 50 9 0 42 9 28 21 49 19 30 40 10
split_gain=6.06869e+06 3.20054e+06 932492 738623 728600 465868 272170 192654 184403 170910 156853 153490 153138 181992 129343 125118 101524 105569 78030 70961.5 132511 70597 64001.4 53723.8 53666.2 46191.2 74418.2 45896.2 42844.2 41562.5 35814.1 33236.5 32481.7 28674.6 28664.5 23571.9 23081 26222.1 21947 20858.7 20604.2 30844.8 20437.5 18661.9 17356.1 15738.2 15422.4 5815.19
threshold=317.50000000000006 4.3987423452004224 3.1608816403877218 647.50000000000011 -0.045219502440066062 190.62500000000003 1.0721807903521354 -1.4058211119608328 652.50000000000011 722.50000000000011 41.500000000000007 0.87500000000000011 28.500000000000004 82.250000000000014 0.92517482517482541 71.500000000000014 -2.0874125874125866 10.500000000000002 87.158636055570568 6.6875000000000009 2.5000000000000004 4.5152054901559575 64.031250000000014 -0.18492532721306487 22.500000000000004 60.187500000000007 7.5000000000000009 71.937500000000014 23.125000000000004 72.406250000000014 -0.8041866928211282 -1.1999999999999993 0.43733377705052551 0.11926723307965405 0.9053161325100999 1.2969919201182452 2.1026498567314751 0.61862036604191917 80.250000000000014 0.75000000000000011 0.95561035147231899 72.687500000000014 -0.52621208192894631 85.033554027465982 1.3727034952841408 78.125000000000014 47.500000000000007 1.4036712720230671
decision_type=2 2 2 2 2 2 2 2 2 2 2 2 2 2 2 2 2 2 2 2 2 2 2 2 2 2 2 2 2 2 2 2 2 2 2 2 2 2 2 2 2 2 2 2 2 2 2 2
left_child=2 -2 3 12 -3 6 9 -7 11 16 32 -4 15 -14 18 -1 -5 19 24 27 -21 22 -10 42 36 -16 -27 -18 34 33 -31 -19 43 -22 39 -35 37 -8 -33 40 41 45 -20 -9 -28 -11 -46 -47
right_child=1 4 8 5 -6 7 14 10 21 28 -12 -13 13 -15 25 -17 17 31 23 20 29 -23 -24 -25 -26 26 44 -29 -30 30 -32 38 -34 35 -36 -37 -38 -39 -40 -41 -42 -43 -44 -45 46 47 -48 -49
leaf_value=-2.2660064233284372 -15.022742638221155 -0.051228206858915437 2.4750826251917872 -2.1244473788738252 -6.5989617813465209 -0.55094710114490553 -0.80252897808426304 1.7573027392583236 3.1368451496302074 0.3229890198531476 0.48955147963638113 -0.44267654869150608 -4.4407548088388351 -1.3332968548724526 2.1741459054824634 0.11494379974593801 -0.11469679930630852 -2.1955813355562164 0.88424266403839913 -1.4049744189478632 -0.50760589923177457 3.7344735969162586 1.4283357218796509 1.7149884560959299 -1.3522660901967218 0.034349636075108554 0.9957001423690377 -1.6323315205128215 1.2285487145712946 0.083082289325779879 1.3753111973196477 -0.35502818154125682 3.1941345831458001 0.97096963739022613 0.97126274806261059 -0.16037870161366138 0.77702239432505205 0.3855380700184749 -1.4922364832280757 0.65060755011976745 -0.59480176605550306 0.71305050953574811 -0.20039667545005366 2.7404291344847049 2.1998272592238353 -0.7973319767486482 1.2418498798114497 -0.19838868592992243
leaf_weight=101 90 84 86 99 85 82 94 125 117 87 119 93 96 94 116 120 84 81 80 128 146 158 108 110 84 128 122 122 112 86 142 81 141 95 99 88 83 90 90 121 139 137 93 91 101 83 81 80
leaf_count=101 90 84 86 99 85 82 94 125 117 87 119 93 96 94 116 120 84 81 80 128 146 158 108 110 84 128 122 122 112 86 142 81 141 95 99 88 83 90 90 121 139 137 93 91 101 83 81 80
internal_value=0 -7.45744 0.385029 0.131748 -3.36391 0.347522 0.120228 1.6818 2.29723 -0.221373 2.06678 0.965114 -1.8802 -2.91841 0.726807 -0.978489 -0.596088 -0.461969 0.239876 -0.205772 0.0393255 2.91567 2.32671 0.856162 -0.258037 1.28869 1.04646 -1.01703 0.321109 0.373152 0.890383 -1.36341 2.58968 0.0130949 0.183409 0.429018 0.0899761 -0.222466 -0.958755 0.061544 -0.0749404 0.112832 0.30337 2.18221 1.4711 -0.217619 1.78259 -0.506374
internal_weight=0 259 4813 4251 169 3840 3282 558 562 2100 476 179 411 190 1182 221 1242 1143 634 891 685 383 225 283 351 548 432 206 858 557 228 252 357 329 746 183 267 184 171 647 526 387 173 216 304 250 182 163
internal_count=5072 259 4813 4251 169 3840 3282 558 562 2100 476 179 411 190 1182 221 1242 1143 634 891 685 383 225 283 351 548 432 206 858 557 228 252 357 329 746 183 267 184 171 647 526 387 173 216 304 250 182 163
is_linear=0
shrinkage=0.05


Tree=12
num_leaves=48
num_cat=0
split_feature=3 4 50 4 37 47 3 27 8 43 8 0 34 50 28 10 50 27 45 45 50 10 7 7 13 19 21 13 21 25 8 41 45 49 27 42 28 0 46 49 19 46 35 25 27 13 29
split_gain=5.70524e+06 3.28662e+06 801435 572057 444490 331931 288365 265954 183768 178191 197530 154296 132350 102633 101437 74360.1 74342.1 70969.6 96520.8 71278 59225.1 63674.2 58749 58147.2 55772.3 52714.8 51453.5 46574.2 45123 43505.7 63327 43081 39801.3 59274.9 43995.1 36997.8 34064.6 25799.5 23949.6 30741 35746.5 20620.1 20354.2 19246.3 11059.6 8620.88 7758.25
threshold=317.50000000000006 2.1250000000000004 2.7659122364066779 3.2500000000000004 26.500000000000004 10.500000000000002 77.500000000000014 82.031250000000014 1.1285832689471098 0.19375000000000003 1.4924729570289672 80.250000000000014 1.1250000000000002 4.6465747256124539 70.312500000000014 1.4978845523509778 0.15867528786654364 83.812500000000014 0.67802080537253961 -0.95244167294248061 -1.5947935216376263 2.182798633515028 0.16783216783216801 0.92517482517482541 20.500000000000004 1.8608842138253905 -0.72572243513501167 22.500000000000004 -0.053162992060940432 1.0000000180025095e-35 0.35739130434782618 3.5000000000000004 -0.94705910369513524 89.592770811101673 85.312500000000014 1.7500000000000002 71.187500000000014 80.250000000000014 0.57605713708605399 89.531347163560469 2.5279341891967433 -0.86974577485258975 11.250000000000002 1.5000000000000002 81.666675000000012 26.500000000000004 9.6875000000000018
decision_type=2 2 2 2 2 2 2 2 2 2 2 2 2 2 2 2 2 2 2 2 2 2 2 2 2 2 2 2 2 2 2 2 2 2 2 2 2 2 2 2 2 2 2 2 2 2 2
left_child=2 4 3 5 -2 9 13 12 22 20 17 -5 -8 15 31 -4 -10 18 19 -11 -1 24 28 25 36 -21 -16 -28 -7 -20 -31 35 -19 -34 -35 -12 -22 -24 39 40 44 -36 -17 46 -26 -41 -32
right_child=1 -3 6 11 -6 8 7 -9 16 10 14 -13 -14 -15 26 42 -18 32 29 23 21 -23 37 -25 38 -27 27 -29 -30 30 43 -33 33 34 41 -37 -38 -39 -40 45 -42 -43 -44 -45 -46 -47 -48
leaf_value=-0.95900468953750428 -0.53187700983989672 -15.136754770388549 1.1597218695750906 -3.8012724463756271 -5.551670668522517 -2.6981088653070118 0.93794893047144245 2.8238994439442955 -0.68521784996544877 0.83013013113363121 1.1310725520315923 -1.0948087525367736 -1.7507315964114909 3.8155633070608128 -0.11065961859292456 2.2664650543892786 1.0480395918879015 -0.061885042889143829 -0.30755859098500676 -1.7788869886794165 -0.095435354462615016 1.2772635039836169 -0.14903125577502782 0.27173796249788346 -0.57287490490441006 -0.38700826097693714 2.1084163871039165 0.61432970397747488 -1.2243998921704744 2.1244286803262575 0.54436473798604668 2.78968427299468 2.1756879909895361 -0.10055566754879304 0.68056433332978561 2.4723101165559558 1.0795541711790222 -1.2647640068948269 -1.0456040373262094 -0.32880178696625395 1.020143766535653 1.7055047750861076 3.3390010865970279 1.0823821634054185 0.14167416296221993 -1.0426241163404719 -0.14836776405572891
leaf_weight=158 82 86 120 103 95 108 85 89 107 101 151 109 97 136 107 117 144 92 89 130 110 99 89 118 106 143 88 129 105 83 80 120 95 102 105 80 139 124 97 80 80 95 88 100 109 92 80
leaf_count=158 82 86 120 103 95 108 85 89 107 101 151 109 97 136 107 117 144 92 89 130 110 99 89 118 106 143 88 129 105 83 80 120 95 102 105 80 139 124 97 80 80 95 88 100 109 92 80
internal_value=0 -7.17426 0.376297 0.100737 -3.24217 0.240757 1.89757 0.600158 -0.763166 0.456148 0.724906 -2.42141 -0.496766 2.6573 1.42795 2.16239 0.309374 0.388286 0.130178 -0.348384 -0.0684959 0.0866622 -1.39435 -0.654149 -0.0597097 -1.05388 0.786341 1.22712 -1.98075 0.674753 0.929792 2.01628 0.874738 1.0914 0.744261 1.60422 0.562177 -0.801441 -0.334775 -0.185211 0.124724 1.17347 2.74084 0.541748 -0.211636 -0.714433 0.199228
internal_weight=0 263 4779 4047 177 3835 732 271 677 3158 2088 212 182 461 675 325 251 1413 924 492 1070 912 426 391 813 273 324 217 213 432 343 351 489 397 302 231 249 213 564 467 295 200 205 260 215 172 160
internal_count=5042 263 4779 4047 177 3835 732 271 677 3158 2088 212 182 461 675 325 251 1413 924 492 1070 912 426 391 813 273 324 217 213 432 343 351 489 397 302 231 249 213 564 467 295 200 205 260 215 172 160
is_linear=0
shrinkage=0.05


Tree=13
num_leaves=50
num_cat=0
split_feature=3 4 14 50 2 2 4 50 47 35 50 36 27 2 43 27 19 21 50 10 8 15 2 45 28 27 10 7 19 29 29 18 49 50 45 8 14 28 9 41 47 28 10 45 50 6 10 29 8
split_gain=5.38693e+06 2.64042e+06 773654 704038 558549 492420 267036 192268 189352 174598 164309 227902 142164 137895 125130 95481.2 83645.6 80918.6 79831 82724.9 76970.4 74694.6 67885.2 52117.5 49625.6 47952.5 66314.2 68262.3 42763.8 37826.8 37659.1 32213.7 38343.9 29188.3 28086.6 27897.2 29816.2 26407.4 26160 26158.5 20756.3 18333 32383.4 24725.2 18048.9 15503 11912.7 10860.3 7434.28
threshold=317.50000000000006 2.1250000000000004 2.5000000000000004 2.0509683534521348 662.50000000000011 697.50000000000011 2.7500000000000004 3.8878718376668435 10.500000000000002 30.625000000000004 4.1231374149196407 38.500000000000007 80.187500000000014 757.50000000000011 0.75000000000000011 77.437500000000014 1.9090620031796504 1.2155455321191371 -1.5947935216376263 2.0305344756063222 1.7191304347826091 76.250000000000014 707.50000000000011 0.30983042691905771 73.812500000000014 85.562500000000014 1.2241145341831625 -0.16783216783216767 2.6801093643198914 9.4375000000000018 6.5312500000000009 57.500000000000007 86.291715334933869 0.85942501081832756 0.29342972903661901 0.95739130434782627 2.5000000000000004 66.187500000000014 0.8228263892582881 1.5000000000000002 8.5000000000000018 68.437500000000014 1.4651295713742774 0.40614137006726808 0.053321972413613146 -0.34285714285714292 1.2648804805928566 8.5625000000000018 0.96652173913043493
decision_type=2 2 2 2 2 2 2 2 2 2 2 2 2 2 2 2 2 2 2 2 2 2 2 2 2 2 2 2 2 2 2 2 2 2 2 2 2 2 2 2 2 2 2 2 2 2 2 2 2
left_child=3 2 -2 5 10 6 8 16 15 13 11 12 -5 14 18 39 35 25 47 24 31 -8 -18 -24 40 26 27 -17 -11 -10 -9 -16 37 -28 -22 -6 -37 -33 -21 -1 41 42 -20 44 -43 -42 -47 -7 -34
right_child=1 -3 -4 4 7 9 21 30 29 28 -12 -13 -14 -15 20 17 22 -19 19 38 34 -23 23 -25 -26 -27 33 -29 -30 -31 -32 32 48 -35 -36 36 -38 -39 -40 -41 45 43 -44 -45 -46 46 -48 -49 -50
leaf_value=-0.53163581445532027 -6.5450978712602099 -14.36061426645302 9.5605850219726562e-05 -0.9687188231734315 1.6223254605490938 -0.71785816564792548 -3.4408826902074723 2.4507975183514987 -1.1495291156641076 1.1476408801218376 1.4434668234849382 -2.552114665723062 1.8193830120563508 2.2056084201995581 -0.49768078025730178 -0.70271208097090887 1.1435115054946079 1.4838182870624135 -0.90703853592276573 1.6724351976874723 1.0149794317253933 -1.4420341872906948 1.8230536986695658 3.4007712764940301 0.66748200018439574 0.9896458252092426 -1.4848038663735261 1.1422055002399112 2.4985345495730336 -2.4239854536737715 3.8492694220575348 0.56602326877533449 1.4004572078495858 -0.24600632490480648 2.1918501692876386 1.2456145351462895 -0.067501409422783626 -0.53156678486116149 0.46497009694576263 -1.707988527180119 -1.1983866518015389 -0.59862357974052427 0.31625894405718508 0.87750421139041357 0.39034850784094943 -0.83953046733286318 -0.02440347041934729 -1.5507967277997878 0.78682222210935182
leaf_weight=105 98 82 83 98 116 81 102 84 139 157 117 110 84 88 86 88 106 102 143 82 126 90 100 121 154 88 110 114 96 104 146 125 82 84 88 89 83 96 100 87 90 103 86 82 82 81 99 81 139
leaf_count=105 98 82 83 98 116 81 102 84 139 157 117 110 84 88 86 88 106 102 143 82 126 90 100 121 154 88 110 114 96 104 146 125 82 84 88 89 83 96 100 87 90 103 86 82 82 81 99 81 139
internal_value=0 -6.96927 -3.5602 0.366228 1.38452 0.00724891 -0.810333 2.11795 -0.487386 0.429965 -0.132223 -0.766349 0.321008 0.279653 0.194108 -0.106105 1.65199 0.211244 -0.108502 0.04422 0.709056 -2.51625 2.19932 2.6983 -0.148751 -0.0594495 -0.294487 0.338977 1.66805 -1.70267 3.35134 0.383463 0.555643 -0.95243 1.50687 1.02508 0.615232 0.0889953 1.01516 -1.07076 -0.313506 -0.120974 -0.448257 0.160354 -0.160526 -0.665443 -0.393822 -1.14129 1.01979
internal_weight=0 263 181 4814 1254 3560 1213 845 1021 2347 409 292 182 2094 2006 778 615 586 1264 1102 742 192 327 221 920 484 396 202 253 243 230 528 442 194 214 288 172 221 182 192 766 496 229 267 185 270 180 162 221
internal_count=5077 263 181 4814 1254 3560 1213 845 1021 2347 409 292 182 2094 2006 778 615 586 1264 1102 742 192 327 221 920 484 396 202 253 243 230 528 442 194 214 288 172 221 182 192 766 496 229 267 185 270 180 162 221
is_linear=0
shrinkage=0.05


Tree=14
num_leaves=51
num_cat=0
split_feature=3 4 13 2 42 4 46 30 22 29 2 42 25 43 45 20 0 2 45 43 42 0 37 30 2 17 35 46 29 34 8 46 30 13 7 6 0 5 9 29 40 42 29 14 29 2 21 40 21 19
split_gain=5.43132e+06 3.3941e+06 877465 648898 571511 365917 298629 260387 259133 150467 142026 119968 132971 111334 110857 106130 88528.5 75114.9 72769.3 67494.8 63333.4 62692.3 62649 53765 53566.1 50344 47431.9 53128.9 47712.7 42536.6 40898.5 39074.6 35445.4 33450.2 32229.4 31354.9 27558.7 28811.9 37221.3 25419.5 23127.5 39478 39650.9 22612.5 21009.6 15865 19585.4 15307.4 9549.7 5384.19
threshold=492.50000000000006 2.1250000000000004 22.500000000000004 707.50000000000011 2.7500000000000004 3.7500000000000004 0.28313308994381592 191.56250000000003 87.250000000000014 9.2812500000000018 752.50000000000011 2.2500000000000004 1.0000000180025095e-35 0.28125000000000006 0.27694220057652758 0.46294314381270912 81.250000000000014 632.50000000000011 0.39036257410962044 -0.34999999999999992 -1.0000000180025095e-35 74.750000000000014 62.500000000000007 160.62500000000006 732.50000000000011 1.0741758241758244 30.625000000000004 0.097680735332368748 6.9375000000000009 1.1250000000000002 1.3800000000000003 0.64414586362404946 106.87500000000001 32.500000000000007 -0.041958041958041932 -1.1999999999999993 85.250000000000014 1.0000000180025095e-35 0.76148270704399923 6.8125000000000009 26.500000000000004 1.2500000000000002 7.6875000000000009 1.5000000000000002 7.3125000000000009 722.50000000000011 0.87645719729898286 35.500000000000007 0.5009166409568665 2.1341501976284589
decision_type=2 2 2 2 2 2 2 2 2 2 2 2 2 2 2 2 2 2 2 2 2 2 2 2 2 2 2 2 2 2 2 2 2 2 2 2 2 2 2 2 2 2 2 2 2 2 2 2 2 2
left_child=3 2 -2 5 7 6 11 10 -7 15 13 22 -13 35 -14 16 29 -11 43 -9 -19 -15 25 32 -20 33 27 28 -23 -8 48 39 -17 40 -22 -5 44 38 -38 -21 -1 42 -42 -6 -37 -30 47 -47 -29 -46
right_child=1 -3 -4 4 18 8 9 19 -10 17 -12 12 14 21 -16 23 -18 20 24 31 34 26 -24 -25 -26 -27 -28 30 45 -31 -32 -33 -34 -35 -36 36 37 -39 -40 -41 41 -43 -44 -45 49 46 -48 -49 -50 -51
leaf_value=-0.19284457240426384 -6.9092763429529533 -15.579491217342426 0.082646292448043834 -1.0098267338492655 2.4295714014988459 -4.4556566050023205 0.53618441863232347 0.73927992080737448 -0.90302162170410161 -2.7954226279959959 2.2439733322130309 -0.53030410679402173 2.8175642184235836 1.8467160202299848 0.76432627377225393 0.62158827124971205 -2.2887675482549787 -2.2294678974151614 2.4394139741329437 2.0391728576953692 -1.2835413164687608 -0.1577720696821153 -0.86041249790878005 1.5763351130264778 4.1912073332385011 -0.7937867822318242 1.4631331616518448 -0.36400843312342968 1.2948859001942714 -1.060346432775259 0.58790946288770718 1.2878266714605286 -0.73456512377375649 1.3240995182296134 -0.079161126406516069 0.10783120544477441 1.3449036657382019 -0.33602444817688293 -0.089306227509912697 3.3114112662832911 -0.61965943590590833 1.2862467716909758 0.72436939491675456 1.3723676815475387 -1.1459645956391242 -0.18551573978691568 1.2362383270679518 0.78172825378615685 -1.1223330194866934 -0.55580834945042923
leaf_weight=150 84 80 95 120 121 80 82 111 142 84 89 80 131 84 133 112 80 89 93 92 105 158 131 80 94 86 97 83 141 83 85 80 83 100 117 86 86 150 94 81 94 118 129 96 81 81 85 81 85 80
leaf_count=150 84 80 95 120 121 80 82 111 142 84 89 80 131 84 133 112 80 89 93 92 105 158 131 80 94 86 97 83 141 83 85 80 83 100 117 86 86 150 94 81 94 118 129 96 81 81 85 81 85 80
internal_value=0 -7.0819 -3.21864 0.336928 0.887987 -0.273235 -0.0656036 0.560324 -2.19749 -0.739516 0.308861 0.469842 1.25039 0.204887 1.78996 -0.179917 -0.93478 -1.47389 2.60987 1.77614 -1.10913 0.548231 0.136396 0.493548 3.3376 0.330264 0.424575 0.296821 0.574029 -0.268469 -0.301327 2.22635 0.043551 0.494896 -0.652002 -0.277958 -0.124265 0.174571 0.599572 2.65045 0.323667 0.550771 0.157591 1.97031 -0.522614 0.87167 0.62583 0.299935 -0.752055 -0.85796
internal_weight=0 259 179 4823 2534 2289 2067 2130 222 915 1766 1152 344 1677 264 520 245 395 404 364 311 980 808 275 187 677 896 799 546 165 253 253 195 591 222 697 577 330 180 173 491 341 223 217 247 388 247 162 168 161
internal_count=5082 259 179 4823 2534 2289 2067 2130 222 915 1766 1152 344 1677 264 520 245 395 404 364 311 980 808 275 187 677 896 799 546 165 253 253 195 591 222 697 577 330 180 173 491 341 223 217 247 388 247 162 168 161
is_linear=0
shrinkage=0.05


Tree=15
num_leaves=45
num_cat=0
split_feature=3 4 4 30 27 0 37 20 42 42 2 37 29 40 2 43 45 43 45 3 49 18 10 27 6 10 13 2 7 28 7 10 13 18 33 15 42 16 13 15 10 20 30 40
split_gain=5.27878e+06 2.73771e+06 689155 730513 484042 271197 218231 142564 164758 125697 183913 122754 118638 109447 92979.7 84089.6 78035.6 76617.8 60424.2 58095.9 51586.4 50115.4 37831 61693.4 37570.5 34142.2 34087.6 34059.8 32627.4 49103.4 30441.2 26105.7 31687.7 25479 25048.8 23536.2 33044.8 22410.4 20911.9 28707.6 20765.1 14283.6 14051.5 11980.2
threshold=317.50000000000006 2.7500000000000004 1.7500000000000002 181.56250000000003 80.437500000000014 70.250000000000014 66.500000000000014 0.50968240964142841 2.7500000000000004 1.2500000000000002 672.50000000000011 67.500000000000014 7.8125000000000009 33.500000000000007 617.50000000000011 -0.74999999999999989 0.43733377705052551 0.28125000000000006 -0.77245553105869302 107.50000000000001 88.834282337169029 62.500000000000007 1.5692598319197602 80.562500000000014 -4.6285714285714272 1.3606855127386981 23.500000000000004 687.50000000000011 1.6153846153846156 66.062500000000014 -0.083916083916083808 1.6731125223626064 24.500000000000004 67.500000000000014 0.95835000000000303 73.500000000000014 1.2500000000000002 11.250000000000002 25.500000000000004 78.250000000000014 1.9983594779885212 1.6505639097744365 96.875000000000014 1.0000000180025095e-35
decision_type=2 2 2 2 2 2 2 2 2 2 2 2 2 2 2 2 2 2 2 2 2 2 2 2 2 2 2 2 2 2 2 2 2 2 2 2 2 2 2 2 2 2 2 2
left_child=2 4 3 5 -2 -1 9 14 17 10 -4 15 -10 -11 -7 -5 18 27 -17 20 21 -16 23 28 -12 38 -18 -9 29 43 -23 32 37 -26 -20 40 -37 -29 39 -25 -24 -34 -33 -19
right_child=1 -3 6 11 -6 7 -8 8 12 13 24 -13 -14 -15 19 16 26 22 34 -21 -22 30 35 25 33 -27 -28 31 -30 -31 -32 42 41 -35 -36 36 -38 -39 -40 -41 -42 -43 -44 -45
leaf_value=2.8502143012112655 -5.5365090905574332 -14.180955048494562 -2.7159041607473782 0.72567168737566756 -0.47501958986608001 -1.9927608988114767 -2.6771827451440675 -1.1336370275605743 2.4692685311138631 -0.80574666605195933 0.42498667960943176 0.23932530784999934 0.35170218030611677 1.1756456469679439 0.14426339484062517 2.9789971280445173 2.285400926668284 0.38585505045196983 2.0137984245679434 0.85946015749986371 0.36159294049274054 -1.6499581676120905 0.60034300435748378 1.7140111833189924 -1.2815397795115133 -0.049160704072838762 3.6054053467392126 -0.25722254927862775 0.53591729081144523 -1.4504927298297055 -0.60839098007916093 0.67570134655795477 -0.40123791627439803 -0.27102871152662461 1.0158797801588662 -0.12565870743544241 1.1706486273895611 0.78769307931264243 0.43856866860236876 0.51693689277960686 1.5972630259013716 -1.224515243056344 -0.057143998561335396 -0.43924601310971145
leaf_weight=97 113 85 126 85 81 83 150 81 149 130 85 90 119 148 118 102 85 88 132 103 150 128 89 119 127 135 148 131 101 91 158 141 152 123 127 111 87 83 155 88 132 81 121 86
leaf_count=97 113 85 126 85 81 83 150 81 149 130 85 90 119 148 118 102 85 88 132 103 150 128 89 119 127 135 148 131 101 91 158 141 152 123 127 111 87 83 155 88 132 81 121 86
internal_value=0 -6.74884 0.312385 0.59573 -3.43648 0.260763 -0.944553 0.178313 0.369587 -0.589726 -1.09527 1.97746 1.53381 0.249528 -0.426206 2.20715 2.41757 0.218335 1.9467 -0.225573 -0.428488 -0.722004 0.456878 0.267089 -0.479452 0.629357 3.13568 -0.168858 -0.225218 -0.516235 -1.07867 -0.0571955 -0.289256 -0.787429 1.53026 0.846215 0.446951 0.149827 0.881833 1.21004 1.2003 -0.691452 0.338319 -0.0221332
internal_weight=0 279 4835 3946 194 3177 889 3080 2340 739 461 769 268 278 740 679 594 2072 361 657 554 404 1282 863 335 497 233 790 366 265 286 709 447 250 259 419 198 214 362 207 221 233 262 174
internal_count=5114 279 4835 3946 194 3177 889 3080 2340 739 461 769 268 278 740 679 594 2072 361 657 554 404 1282 863 335 497 233 790 366 265 286 709 447 250 259 419 198 214 362 207 221 233 262 174
is_linear=0
shrinkage=0.05


Tree=16
num_leaves=50
num_cat=0
split_feature=3 4 17 20 42 30 47 12 37 10 2 27 14 28 42 4 27 7 25 45 42 34 10 45 7 28 43 0 16 3 21 10 9 43 28 45 41 30 27 22 29 19 9 17 10 19 19 33 27
split_gain=4.29597e+06 2.26277e+06 954268 589642 576105 366581 256429 239964 162343 135034 134196 93968.7 91664.1 83379.6 77901 71480.1 59130.4 69447.8 54600.7 51774.6 46992.8 58143.5 75163.4 46373.2 47104.2 46194.9 44630.3 46049 36654.6 36593.7 30613.8 29240.6 26195 25824.2 34076.2 22357.1 17435.4 17285.6 16290.2 26007.8 15588.5 15453.8 15351.9 35996.4 15249 14538.7 12642.6 12268 11552.4
threshold=317.50000000000006 2.7500000000000004 0.26969696969696971 0.50968240964142841 4.7500000000000009 171.87500000000003 10.500000000000002 6.1000000000000023 34.500000000000007 2.1463386990484277 612.50000000000011 82.187500000000014 3.5000000000000004 58.812500000000007 1.2500000000000002 1.7500000000000002 85.812500000000014 0.42407592407592426 1.0000000180025095e-35 0.29342972903661901 1.2500000000000002 0.62500000000000011 1.131751888992971 0.77788564761185042 1.5188811188811193 65.312500000000014 0.75000000000000011 82.250000000000014 15.500000000000002 77.500000000000014 -0.13948868500864361 1.1658395482950017 0.76148270704399923 0.75000000000000011 65.812500000000014 0.65233619298682533 2.5000000000000004 79.375000000000028 85.062500000000014 89.250000000000014 6.4375000000000009 1.3029007586121131 0.89141405653841399 0.84731934731934744 1.4378852437763541 2.7844827586206895 1.5428571428571429 1.1250000000000002 83.312500000000014
decision_type=2 2 2 2 2 2 2 2 2 2 2 2 2 2 2 2 2 2 2 2 2 2 2 2 2 2 2 2 2 2 2 2 2 2 2 2 2 2 2 2 2 2 2 2 2 2 2 2 2
left_child=3 2 -2 6 5 9 7 10 19 11 -1 15 32 -12 31 23 17 20 -8 45 29 -22 -23 24 33 -20 -11 -28 -21 35 -19 46 -10 37 -35 48 38 -5 39 -33 -16 -42 43 -25 -38 -7 -13 -26 -15
right_child=1 -3 -4 4 -6 8 18 -9 12 26 13 14 -14 16 40 -17 -18 30 25 28 21 22 -24 42 47 -27 27 -29 -30 -31 -32 36 -34 34 -36 -37 44 -39 -40 -41 41 -43 -44 -45 -46 -47 -48 -49 -50
leaf_value=-1.6330798691252004 -7.1701207456134615 -13.03910324832043 -0.10563008614948817 -0.41071337664752838 3.6697706769189695 1.0674829946292772 -0.72355460590786402 -2.6434168328630165 1.8877964843721953 0.45341898369177286 1.6491243884481233 1.1163634111968483 -0.70978455285231279 -1.1761863029973452 0.41085277560316485 -1.6258549359265495 1.2875730187051437 0.2094020460356748 -1.4279347923337198 3.2289378089344076 -0.83030389194135312 -0.26202266844836147 1.7004338759590281 -0.06894161689739961 0.50710196130692153 -2.9202518727414866 2.1590253057672566 0.6530934674248976 1.8729183803783376 -1.61888603589601 1.4633062600353619 -0.10079701621817727 0.63143825601128967 0.37763336853149837 -0.83935994425269433 0.23484576775367005 -0.1445337766983423 -1.3226070706594375 0.13766765153178803 -1.265128443343565 0.78622260910849429 1.5547744465200231 -0.23554684939079507 1.0883105983904431 0.82121308710840024 2.0110114169351401 0.26923380932029412 -0.24632962349542353 -0.34593459622633155
leaf_weight=114 83 82 111 80 150 89 80 93 84 150 86 81 89 85 80 84 84 123 97 135 107 109 87 129 145 120 132 84 88 89 80 116 84 108 121 82 82 154 129 81 123 149 85 139 80 83 97 85 84
leaf_count=114 83 82 111 80 150 89 80 93 84 150 86 81 89 85 80 84 84 123 97 135 107 109 87 129 145 120 132 84 88 89 80 116 84 108 121 82 82 154 129 81 123 149 85 139 80 83 97 85 84
internal_value=0 -6.12407 -3.14934 0.278486 0.652225 0.508144 -0.536746 -0.216091 1.56367 0.233883 -0.0141593 0.0824038 0.582381 0.168918 0.430617 -0.2314 0.0304149 -0.0957821 -1.852 2.19905 -0.350343 0.102444 0.613278 -0.117971 -0.355417 -2.26279 1.12024 1.57909 2.70458 -0.752974 0.708302 0.112161 1.26707 -0.645499 -0.26626 -0.440731 -0.0881698 -1.01392 -0.298584 -0.583504 1.03112 1.21138 0.347865 0.533089 0.334491 1.53178 0.658808 0.228799 -0.767979
internal_weight=0 276 194 4836 3316 3166 1520 1223 652 2514 1130 2148 257 1016 1018 1130 930 846 297 395 643 303 196 1046 693 217 366 216 223 340 203 666 168 463 229 251 488 234 326 197 352 272 353 268 162 172 178 230 169
internal_count=5112 276 194 4836 3316 3166 1520 1223 652 2514 1130 2148 257 1016 1018 1130 930 846 297 395 643 303 196 1046 693 217 366 216 223 340 203 666 168 463 229 251 488 234 326 197 352 272 353 268 162 172 178 230 169
is_linear=0
shrinkage=0.05


Tree=17
num_leaves=46
num_cat=0
split_feature=3 50 30 50 2 42 30 20 2 37 42 50 30 15 30 40 45 37 30 23 0 30 10 1 42 47 20 44 48 2 2 50 11 29 17 44 42 50 50 29 21 21 29 30 33
split_gain=4.18292e+06 1.35065e+06 648463 557075 410134 249998 244376 198787 183243 166209 153284 105199 98418.9 83722.4 83314.3 130627 78317.2 70627.7 53714.8 60610.9 59014.6 49382.8 46328 43485.4 42490.7 42461.3 38977.5 38603.7 37266.7 36062 35915.3 33422.5 33161.8 29644.8 29438.2 27890.8 20079.2 19968.5 18937.8 16671.1 15391.8 15216.7 20756.9 12097 6409.44
threshold=317.50000000000006 4.3987423452004224 119.37500000000001 3.79733352106819 712.50000000000011 -1.2499999999999998 168.12500000000003 0.14073511631281138 622.50000000000011 38.500000000000007 1.2500000000000002 1.0600356061637017 170.62500000000003 76.250000000000014 108.12500000000001 3.5000000000000004 0.43733377705052551 35.500000000000007 102.81250000000001 82.750000000000014 82.750000000000014 86.875000000000014 2.1201375353655743 75.500000000000014 0.75000000000000011 7.5000000000000009 -0.43246753246753228 10.500000000000002 0.10711648701204592 702.50000000000011 722.50000000000011 0.35539443979473623 1.5639534883720965 9.4375000000000018 0.96424010217113676 9.2500000000000018 1.0000000180025095e-35 1.1781144626336302 0.24459688492576961 6.8125000000000009 0.57706984689080809 0.38768779821410965 8.0625000000000018 109.37500000000003 0.54164999999999719
decision_type=2 2 2 2 2 2 2 2 2 2 2 2 2 2 2 2 2 2 2 2 2 2 2 2 2 2 2 2 2 2 2 2 2 2 2 2 2 2 2 2 2 2 2 2 2
left_child=3 -2 -3 4 5 -1 11 -5 9 -7 12 22 14 18 15 31 32 27 21 -20 -21 -12 30 -13 -18 -15 -17 -9 -28 34 36 -10 37 39 -16 -27 -6 -8 41 -25 -35 44 -43 -40 -32
right_child=1 2 -4 7 6 8 16 17 10 -11 13 23 -14 25 29 26 24 -19 19 20 -22 -23 -24 33 -26 35 28 -29 -30 -31 38 -33 -34 40 -36 -37 -38 -39 43 -41 -42 42 -44 -45 -46
leaf_value=-2.4025951634592086 -11.289635664841226 -6.8343041861929557 -0.6950690746307373 0.24283356404085771 -1.0294151591337646 0.072056989668106489 1.0360356113119493 1.3150434962025397 -1.787641708567981 -2.7974692420164744 0.030417493779639728 1.9817794886304112 0.86254815111557637 1.7429516857696905 -1.146602939790295 -0.67988916731175086 1.566982521613439 3.8630973561685913 0.53854660802949084 -1.6341180764966543 0.011174765980995455 1.5364458584574738 0.86779721963977985 0.63207798482836197 3.0469026589202226 -0.036281840585090305 1.1049511196566564 2.7529850206968765 -0.0022515878963627312 -0.4452816298661324 -0.78439641105540003 -0.49067618354375275 0.57372207103583672 0.64043486735869937 -2.3236132868247874 1.2225017953750701 -0.072288607511048528 2.1639876976425265 0.77250825840014004 1.4147165574184082 -0.29380773500895796 0.61377795241292454 -0.28085943484689135 0.061930145801754183 -0.16889210251661449
leaf_weight=133 86 81 91 108 129 87 83 80 122 119 121 81 128 143 154 80 95 97 136 107 110 98 150 132 108 90 152 123 151 103 80 85 155 96 84 85 95 80 134 146 80 123 135 108 90
leaf_count=133 86 81 91 108 129 87 83 80 122 119 121 81 128 143 154 80 95 97 136 107 110 98 150 132 108 90 152 123 151 103 80 85 155 96 84 85 95 80 134 146 80 123 135 108 90
internal_value=0 -6.20293 -3.60901 0.320542 0.156003 -0.307048 0.660415 2.08543 -0.176663 -1.59109 -0.0264261 0.350113 -0.432741 0.456986 -0.61156 -0.251157 1.59838 2.74575 0.0948614 -0.28662 -0.803873 0.708269 0.0577215 0.919514 2.36541 1.10601 0.295949 2.19553 0.554984 -1.23257 -0.079015 -1.25999 1.10285 0.726052 -1.57 0.578599 -0.625616 1.59945 0.104389 1.0467 0.216518 -0.0955564 0.146377 0.456951 -0.461434
internal_weight=0 258 172 4796 4388 2288 2100 408 2155 206 1949 1579 1059 890 931 590 521 300 572 353 217 219 1044 535 203 318 383 203 303 341 894 207 318 454 238 175 224 163 670 278 176 428 258 242 170
internal_count=5054 258 172 4796 4388 2288 2100 408 2155 206 1949 1579 1059 890 931 590 521 300 572 353 217 219 1044 535 203 318 383 203 303 341 894 207 318 454 238 175 224 163 670 278 176 428 258 242 170
is_linear=0
shrinkage=0.05


Tree=18
num_leaves=48
num_cat=0
split_feature=3 27 50 8 30 50 38 50 0 49 35 0 2 10 31 20 45 7 42 50 27 27 15 45 7 30 6 50 47 17 41 14 8 7 13 45 10 45 27 10 10 6 15 42 13 36 30
split_gain=3.29647e+06 2.39369e+06 568034 429501 287440 155992 153750 138702 124028 147845 117363 102604 99685.4 77307.6 74182 70649.9 50795.1 49790 49562.6 45125.5 44457.6 40074.1 58309 36445.6 33723.8 51957.3 33740.6 33164.3 24400.7 23907.3 27709.5 25598.7 23151.4 20426.2 20285.8 19620.8 19160.9 18289.9 27902.7 26376.2 17444.4 16532.8 17065 15993.7 15244.7 13253 13126.1
threshold=317.50000000000006 78.312500000000014 4.1231374149196407 -0.32086956521739124 173.12500000000003 0.85942501081832756 2.5000000000000004 -1.1034233862911333 80.250000000000014 81.264190621688286 37.916650000000004 82.250000000000014 617.50000000000011 2.1106490820553021 5.5000000000000009 1.0000000180025095e-35 0.29342972903661901 0.16783216783216801 1.2500000000000002 2.7659122364066779 82.187500000000014 83.687500000000014 78.250000000000014 -0.71504373327588355 0.92517482517482541 124.37500000000001 1.0000000180025095e-35 -0.42713934070841469 3.5000000000000004 0.96662958843159086 2.5000000000000004 2.5000000000000004 1.5208695652173916 1.4055944055944061 27.500000000000004 0.27694220057652758 1.2764179206008845 0.67802080537253961 83.812500000000014 1.2648804805928566 1.1658395482950017 1.0000000180025095e-35 72.500000000000014 -1.0000000180025095e-35 25.500000000000004 5.5000000000000009 106.87500000000001
decision_type=2 2 2 2 2 2 2 2 2 2 2 2 2 2 2 2 2 2 2 2 2 2 2 2 2 2 2 2 2 2 2 2 2 2 2 2 2 2 2 2 2 2 2 2 2 2 2
left_child=2 -2 3 11 5 13 7 -6 9 -4 12 14 -7 17 -1 -9 23 20 -16 21 35 24 34 -17 25 26 40 -15 -18 37 31 -31 -25 -33 -23 -5 -24 38 43 -40 -14 -26 -43 -19 -22 -21 -45
right_child=1 -3 8 4 6 10 -8 15 -10 -11 -12 -13 19 27 18 16 28 29 -20 45 44 22 36 32 41 -27 -28 -29 -30 30 -32 33 -34 -35 -36 -37 -38 -39 39 -41 -42 42 -44 46 -46 -47 -48
leaf_value=-3.249018571517047 -9.7993796666463222 -0.19194744013938583 1.9459080416386521 -1.5579645736558234 -0.47108635184439751 -1.343015800828443 -0.8620115297682146 0.27667151108020688 0.93473009974042953 4.6931755604873215 1.8456821231211984 -0.34500048015798845 0.97193737139304481 0.032590563219284344 -2.2602488154588745 2.2366318091289283 2.0249527947585051 -0.9750021936837584 -0.53894245028495791 1.6302711233317133 0.33711035411532331 1.931986139195689 -0.24222712325371379 0.4683407094950478 -0.15383289270562892 -1.2084258041515643 -0.47143345919148677 1.2807210230660218 3.1498427658905221 -0.16365330971422651 0.15318115346706832 -1.5717448863505137 1.5321528944529987 -0.50777218292741222 0.83791305460463994 -0.70652593173980716 0.68494506554276346 0.51294020833447573 0.8440845007295007 -0.23255373443293778 0.0019768574408122472 0.99221157118393366 0.15219026550650597 0.15148576260623287 -0.61603171298670212 0.75014530752475073 -0.67253088442290698
leaf_weight=84 143 118 126 156 87 84 84 81 106 82 137 139 104 106 85 96 151 95 83 82 81 88 122 95 80 97 144 106 80 125 129 100 113 84 86 124 101 143 110 116 83 156 99 117 85 95 81
leaf_count=84 143 118 126 156 87 84 84 81 106 82 137 139 104 106 85 96 151 95 83 82 81 88 122 95 80 97 144 106 80 125 129 100 113 84 86 124 101 143 110 116 83 156 99 117 85 95 81
internal_value=0 -5.4731 0.286115 0.142213 0.293218 0.0892059 1.15161 1.3931 2.33867 3.04624 0.453343 -1.43908 0.317903 -0.233579 -2.03881 1.65672 1.86476 -0.356425 -1.41806 0.423179 -0.801458 0.309119 0.715868 1.43141 0.0968216 -0.197119 0.101993 0.659739 2.42642 -0.175421 -0.461534 -0.71783 1.05084 -1.09139 1.39912 -1.18476 0.178886 0.0142919 -0.123823 0.292884 0.543721 0.471833 0.667954 -0.445144 -0.151711 1.16476 -0.187298
internal_weight=0 261 4808 4494 4103 3316 787 703 314 208 1558 391 1421 1758 252 616 535 1546 168 1337 446 1160 397 304 763 428 331 212 231 1100 438 309 208 184 174 280 223 662 519 226 187 335 255 293 166 177 198
internal_count=5069 261 4808 4494 4103 3316 787 703 314 208 1558 391 1421 1758 252 616 535 1546 168 1337 446 1160 397 304 763 428 331 212 231 1100 438 309 208 184 174 280 223 662 519 226 187 335 255 293 166 177 198
is_linear=0
shrinkage=0.05


Tree=19
num_leaves=49
num_cat=0
split_feature=4 3 8 46 3 1 2 22 43 9 37 2 30 8 50 39 50 47 43 29 28 46 10 15 27 29 2 50 10 2 12 34 2 17 50 41 48 21 29 46 46 42 30 50 36 2 18 49
split_gain=2.5297e+06 3.69484e+06 632926 642284 1.33567e+06 558649 822318 715183 509305 205846 131998 126582 100813 93177.5 88088.8 78844 73819.4 72706.7 59399.6 53934.8 51040.7 47317.6 59385.1 66436.8 46029.2 43058.8 35116.5 33886.4 30839.1 28494.2 32182.3 27352.8 26819.3 23164.4 22707.9 32450.3 29024 21445.6 21159.9 20817.9 20594.3 18746.1 25636.6 16443.3 15949.8 13660.4 13446.1 13222.5
threshold=3.2500000000000004 207.50000000000003 1.3800000000000003 0.50370931781787065 177.50000000000003 79.500000000000014 582.50000000000011 81.250000000000014 2.2500000000000004 1.1721102788584818 52.500000000000007 692.50000000000011 181.56250000000003 -0.2113043478260869 2.0509683534521348 3.5000000000000004 2.6991139204444896 5.5000000000000009 -0.74999999999999989 6.0625000000000009 53.562500000000007 -0.22700609751797865 1.0113166843822727 78.250000000000014 83.812500000000014 7.5625000000000009 717.50000000000011 -0.86883020422507673 2.2012025322111106 737.50000000000011 2.5499999999999976 1.1250000000000002 732.50000000000011 0.81649831649831661 0.99613463320631024 2.5000000000000004 0.08417772719346063 0.12373459873460747 10.312500000000002 -0.85225707553516283 -0.44505783185115427 -1.0000000180025095e-35 108.12500000000001 0.25503629455350568 11.500000000000002 717.50000000000011 122.50000000000001 86.525148557519117
decision_type=2 2 2 2 2 2 2 2 2 2 2 2 2 2 2 2 2 2 2 2 2 2 2 2 2 2 2 2 2 2 2 2 2 2 2 2 2 2 2 2 2 2 2 2 2 2 2 2
left_child=2 9 3 5 13 7 -7 -1 12 -2 -11 -10 20 -5 19 16 21 32 -14 -15 -4 22 23 -8 25 -24 41 -22 37 30 33 -20 -13 -23 35 36 -26 44 -27 -36 -18 -21 -43 -39 -29 -45 -28 -19
right_child=1 -3 8 4 -6 6 15 -9 11 10 -12 17 18 14 -16 -17 40 47 31 26 27 29 24 -25 34 38 46 28 -30 -31 -32 -33 -34 -35 39 -37 -38 43 -40 -41 -42 42 -44 45 -46 -47 -48 -49
leaf_value=0.43065754471987977 -3.0730625466986017 -13.175134840572582 1.4073319574796606 -2.1454624440934924 -7.2353952384856814 -4.7209282673540569 2.172598577897924 6.482745625333088 4.1798412966440956 1.3253116206424993 -1.4554229125547946 2.0645246743700887 0.095571942034974156 0.31136200976263928 0.65728169639368317 -0.87830296695724996 0.85649347950439947 0.83853005759025878 2.1756207715988158 -1.6639475972224507 -0.54977522976446469 -1.0888550486354049 -1.123964229331297 0.32916700218586215 1.266461197441479 0.82279595406282524 0.18955483379818144 -0.73183725702886782 0.98923047938280639 0.66760067243357102 0.4859584992079391 1.1133706213921075 3.1543690725908444 -0.14765758036325377 0.53319801665236088 -0.44692345297542113 0.004841910928119848 -0.047264123845983441 -0.24471391734595482 1.6524320983106184 1.9929488437315996 -0.45201165669868071 -1.3732730807600828 0.22807195088350954 0.090869819962121304 1.0450119114463978 -0.71139282947633331 1.6996566908515018
leaf_weight=121 90 84 86 89 82 83 103 81 82 81 88 130 82 113 147 120 80 94 124 116 148 120 84 93 105 83 83 95 125 97 96 126 117 143 85 86 80 134 103 83 84 154 150 97 152 109 81 91
leaf_count=121 90 84 86 89 82 83 103 81 82 81 88 130 82 113 147 120 80 94 124 116 148 120 84 93 105 83 83 95 125 97 96 126 117 143 85 86 80 134 103 83 84 154 150 97 152 109 81 91
internal_value=0 -4.12905 0.31159 -0.139282 -1.15687 0.396195 0.104642 2.87746 1.05223 -1.15579 -0.122689 2.37985 0.516822 -0.615458 -0.451771 0.350841 0.448073 2.02932 1.26511 -0.686281 0.25315 0.326712 0.535799 1.30402 0.32189 -0.191411 -0.879521 0.136231 0.279399 -0.0885149 -0.2941 1.64682 2.5914 -0.579599 0.637305 0.352039 0.723855 0.126817 0.233501 1.09266 1.44713 -1.1214 -0.909594 0.383935 -0.227231 0.663296 -0.25704 1.26897
internal_weight=0 343 4737 2945 1015 1930 1728 202 1792 259 169 514 1278 933 844 1645 1525 432 332 697 946 1361 905 196 709 270 584 860 712 456 359 250 247 263 439 271 185 587 186 168 164 420 304 340 247 206 164 185
internal_count=5080 343 4737 2945 1015 1930 1728 202 1792 259 169 514 1278 933 844 1645 1525 432 332 697 946 1361 905 196 709 270 584 860 712 456 359 250 247 263 439 271 185 587 186 168 164 420 304 340 247 206 164 185
is_linear=0
shrinkage=0.05


Tree=20
num_leaves=48
num_cat=0
split_feature=4 3 7 3 50 37 2 46 50 2 50 28 27 5 2 36 10 6 7 43 29 4 19 50 48 6 19 7 50 7 45 40 2 48 46 27 17 10 28 27 48 45 9 10 9 36 28
split_gain=2.30237e+06 2.76193e+06 534360 900722 514915 253795 179335 179331 166962 148659 117979 77071 74386.3 72369 86209.7 67533.8 59159.6 53101.6 70411.3 46901 47946.3 39916.9 35786 34407.5 33493.2 33152.8 33014.2 35908.6 32790 32418.1 32286.6 32217.7 31119.3 32772.1 29990.9 29066.9 27431.7 27217.6 26004.8 25403.3 22714.8 22672.6 20205.6 17828.5 17596.3 14296.8 2240.73
threshold=3.7500000000000004 222.50000000000003 0.92517482517482541 672.50000000000011 3.3280458421011123 62.500000000000007 762.50000000000011 0.42763731121559989 1.4995650847104474 672.50000000000011 4.2823454033010231 53.062500000000007 70.562500000000014 1.0000000180025095e-35 647.50000000000011 40.500000000000007 1.5464450674424397 1.21764705882353 -0.27272727272727254 0.19375000000000003 11.062500000000002 0.62500000000000011 0.9742011667766215 2.6468201555496624 0.6036094100070265 2.2285714285714291 1.9791551664654132 -0.73426573426573405 1.4744761099030941 0.31048951048951062 0.056951373111866731 45.500000000000007 712.50000000000011 -0.41650272157653118 -0.14250536273956091 82.687500000000014 0.95445134575569368 1.4607782243842964 65.062500000000014 81.937500000000014 -0.091716727152893224 0.24372619187392155 0.95561035147231899 1.6195894043206689 0.63660201852143727 20.500000000000004 64.937500000000014
decision_type=2 2 2 2 2 2 2 2 2 2 2 2 2 2 2 2 2 2 2 2 2 2 2 2 2 2 2 2 2 2 2 2 2 2 2 2 2 2 2 2 2 2 2 2 2 2 2
left_child=2 5 3 7 6 -2 8 10 11 -6 15 -4 -9 14 -14 23 35 18 -17 20 21 42 -21 24 26 41 27 -1 32 -15 -11 40 33 -16 44 38 -18 -27 -10 -23 -28 45 43 -13 -29 -24 -35
right_child=1 -3 4 -5 9 -7 -8 12 16 30 -12 19 13 29 28 17 36 -19 -20 22 -22 39 25 -25 -26 37 31 34 -30 -31 -32 -33 -34 46 -36 -37 -38 -39 -40 -41 -42 -43 -44 -45 -46 -47 -48
leaf_value=1.0380304676010494 -0.01750273240937127 -11.974112211939801 1.5397064145122257 -4.2269787674519561 4.5474103625909787 -3.5068390974184362 2.8176545694561268 0.84597332666495029 0.81310222340218807 1.2949327982486563 2.1633460828236171 0.08016050080656105 -2.2696622855491468 -0.45214982404158666 -0.49474332673209054 -1.8304177388548852 2.0956742597561258 0.58046007127154109 -0.079234267714329898 -0.44519905295253787 -1.1689602195968232 -1.318029807907779 0.27125237984400169 1.3176390164043055 -0.42017761617898941 0.46122280366856744 -0.084329799314339968 0.63999333189711083 0.072033764944913301 0.78234539566768546 2.5148825169842821 1.6636559396189581 -0.17048116431561944 -1.4276052833339314 -0.7352241173892925 1.2064366587769177 1.1356999523794422 1.6301992834869186 -0.44280673520905633 -0.12114304815019881 1.0880597971561479 0.69052622301115418 -0.30977170834583895 0.93931235756192888 -0.16715642075453485 -0.57686058545158703 -1.8818571799331243
leaf_weight=104 143 82 90 133 80 81 81 83 80 93 83 123 110 129 97 95 152 101 143 120 119 81 101 100 123 107 83 145 103 89 144 93 96 80 102 117 155 94 83 97 81 138 111 118 125 96 80
leaf_count=104 143 82 90 133 80 81 81 83 80 93 83 123 110 129 97 95 152 101 143 120 119 81 101 100 123 107 83 145 103 89 144 93 96 80 102 117 155 94 83 97 81 138 111 118 125 96 80
internal_value=0 -4.18219 0.285293 -0.244771 0.814792 -1.28925 0.525823 -0.00707687 0.430787 2.6878 0.34731 0.132821 -0.570087 -0.720888 -1.01857 0.229336 1.13747 -0.376244 -0.78297 0.0346901 -0.266465 -0.0620091 0.332583 0.444245 0.340795 0.507219 0.468887 0.221473 -0.712465 0.0531124 2.04362 0.924499 -0.940926 -1.22694 -0.00898329 0.60863 1.61626 1.01327 0.17479 -0.670114 0.497801 0.201474 0.246526 0.502967 0.267075 -0.142867 -1.66501
internal_weight=0 306 4758 2378 2380 224 2063 2245 1982 317 1378 1395 867 784 566 1295 587 339 238 1305 649 530 656 956 856 536 733 476 456 218 237 257 353 257 372 280 307 201 163 178 164 335 352 241 270 197 160
internal_count=5064 306 4758 2378 2380 224 2063 2245 1982 317 1378 1395 867 784 566 1295 587 339 238 1305 649 530 656 956 856 536 733 476 456 218 237 257 353 257 372 280 307 201 163 178 164 335 352 241 270 197 160
is_linear=0
shrinkage=0.05


Tree=21
num_leaves=51
num_cat=0
split_feature=2 7 50 50 17 8 30 0 50 46 35 40 35 40 12 45 50 47 29 2 30 6 30 50 15 8 6 40 28 17 17 7 46 36 19 36 46 46 0 46 6 13 29 37 50 21 2 7 42 19
split_gain=1.75994e+06 1.85992e+06 2.14897e+06 492427 354608 258390 274564 147624 136361 103992 117066 69559.3 114777 115073 57503.7 55664 47478.3 46238.8 46236.7 36242.8 28930.8 27131.9 25600.6 31770.3 25806.9 31296.1 24874 52741.7 30799.4 30856.7 40603.5 33332.1 30175.6 22479.2 37830.2 22457 23060.4 22079.6 21156.2 20958.6 19797.4 19446 16200.1 14932.1 12808.3 14580.3 12346.4 12259.7 11424 9867.41
threshold=577.50000000000011 1.0234965034965036 4.5152054901559575 3.1608816403877218 0.33687943262411352 -0.29110892954795509 170.62500000000003 81.750000000000014 -0.28180103284439179 0.36447543099728863 37.916650000000004 56.500000000000007 12.708349999999998 4.5000000000000009 1.5357142857142849 0.43733377705052551 0.17531034265668669 5.5000000000000009 5.3958250000000012 717.50000000000011 193.12500000000003 -1.1999999999999993 124.37500000000001 -0.42713934070841469 69.250000000000014 0.37304347826086975 2.5714285714285721 23.500000000000004 72.406250000000014 1.1277173913043479 0.71714285714285719 1.3048951048951052 -0.7614016681079937 33.500000000000007 1.6430193999548841 37.500000000000007 0.75438814418115718 -0.26867065956352881 77.250000000000014 0.28313308994381592 1.5428571428571434 28.500000000000004 6.8125000000000009 12.500000000000002 -0.86883020422507673 0.43826178912495101 737.50000000000011 0.27132867132867139 1.2500000000000002 1.6880131362889983
decision_type=2 2 2 2 2 2 2 2 2 2 2 2 2 2 2 2 2 2 2 2 2 2 2 2 2 2 2 2 2 2 2 2 2 2 2 2 2 2 2 2 2 2 2 2 2 2 2 2 2 2
left_child=1 2 -1 5 -4 7 9 17 40 16 18 12 14 -14 -5 20 21 -2 -11 22 -10 -7 23 -20 47 -26 28 -28 29 30 37 41 -29 34 -30 36 -22 -18 -21 -17 -8 49 -23 -44 -45 -46 -40 -25 -35 -32
right_child=3 -3 4 11 -6 6 8 -9 15 10 -12 -13 13 -15 -16 39 26 -19 19 38 35 42 -24 24 25 -27 27 32 33 -31 31 -33 -34 48 -36 -37 -38 -39 46 -41 -42 -43 43 44 45 -47 -48 -49 -50 -51
leaf_value=-11.46341721614202 -1.0497017439021621 2.2702851879190318 -0.067373278737068179 2.1971709937130641 -4.5561873441789214 -0.74311257029762712 -0.56680768536893955 0.059542788839653915 0.37178674661196198 0.60964332021946133 1.3084744294801234 0.45584345663295073 1.8042833153825057 4.4095411203525687 0.65614686249622278 2.7167060838343162 0.12624636741245496 -2.564469010179693 -1.3592674259216555 0.39793795265048465 2.3588105980172216 -0.38588008764134329 -1.4865902197262475 -0.43103065012795172 -0.10948427347909838 -1.4128116973819069 1.6153506319954873 0.99735322078833222 0.43708579705562445 -0.8080809417520376 0.070761538424142983 -0.2079377595589966 -0.21075598756472269 -0.22260028493815454 1.6785099960494752 0.75558125157417222 1.1597363303567088 -1.0293987784856631 -0.79669485732180179 1.6177891870791261 0.49370870546596807 1.3495881495522519 -0.35227821670288662 -0.084914253360923675 1.14209474653693 0.25692803503196932 -0.052732131314965396 0.40975498612565198 0.57296022376877831 0.84292601206723394
leaf_weight=95 85 109 95 108 81 130 94 151 90 85 97 84 94 80 139 102 84 131 123 106 82 141 120 81 83 103 123 90 159 84 81 116 119 86 100 87 85 80 121 87 81 101 80 86 83 106 103 91 93 84
leaf_count=95 85 109 95 108 81 130 94 151 90 85 97 84 94 80 139 102 84 131 123 106 82 141 120 81 83 103 123 90 159 84 81 116 119 86 100 87 85 80 121 87 81 101 80 86 83 106 103 91 93 84
internal_value=0 -3.23053 -5.44325 0.302224 -2.14732 0.125224 0.246246 -1.14058 1.13493 0.0455059 -0.342589 1.77604 2.03775 3.02046 1.3361 1.53189 0.258773 -1.97596 -0.501352 -0.603331 1.14737 -0.10309 -0.834224 -0.668725 -0.428346 -0.834915 0.420536 0.798114 0.302524 0.0783569 0.21596 0.498121 0.311754 0.624044 0.921012 1.41965 1.75904 -0.440305 -0.181576 2.22203 -0.075924 0.805652 0.0658153 0.245801 0.420434 0.649617 -0.45636 0.0136008 0.191622 0.466573
internal_weight=0 380 271 4719 176 4214 3847 367 708 3139 1113 505 421 174 247 533 2026 216 1016 931 344 626 601 481 358 186 1400 332 1068 630 546 382 209 438 259 254 167 164 330 189 175 266 496 355 275 189 224 172 179 165
internal_count=5099 380 271 4719 176 4214 3847 367 708 3139 1113 505 421 174 247 533 2026 216 1016 931 344 626 601 481 358 186 1400 332 1068 630 546 382 209 438 259 254 167 164 330 189 175 266 496 355 275 189 224 172 179 165
is_linear=0
shrinkage=0.05


Tree=22
num_leaves=47
num_cat=0
split_feature=4 27 8 3 36 50 50 3 50 21 50 22 30 28 35 4 2 36 42 10 50 29 30 2 30 45 29 45 2 48 10 50 18 36 42 48 10 7 40 33 49 7 14 9 40 28
split_gain=1.68158e+06 2.37273e+06 505397 862915 381197 344197 173201 155650 132975 122675 149753 111872 102606 88965.1 80879.7 77905.5 74208.5 71505.3 68610.2 64775.8 56137.9 60620.3 54462.7 50043.4 45748.3 58695.1 43120.4 47118.4 42298.8 37168.4 37118.3 33415.8 32189.5 30652.6 30392.8 36480.1 30114.2 29043.9 26614.6 26066 35894.8 32891.1 25364.9 21478 21470.9 54.9683
threshold=3.7500000000000004 77.812500000000014 1.4360869565217393 747.50000000000011 54.500000000000007 1.456898558397363 5.8594938975876412 162.50000000000003 3.1608816403877218 0.90110561583951931 4.9575011044086077 86.250000000000014 210.62500000000003 70.312500000000014 37.916650000000004 0.62500000000000011 647.50000000000011 4.5000000000000009 1.0000000180025095e-35 1.0616727718655929 1.0600356061637017 6.6875000000000009 181.56250000000003 707.50000000000011 176.87500000000003 0.27694220057652758 6.2916750000000006 0.52766072109828632 727.50000000000011 0.30217062429738167 1.1178614260063562 -0.52167850225228551 122.50000000000001 25.500000000000004 1.0000000180025095e-35 -0.14821169499475551 1.4080863944892761 1.0000000180025095e-35 8.5000000000000018 0.54164999999999719 89.479204164031344 0.51490614648509403 5.5000000000000009 0.63660201852143727 44.500000000000007 65.187500000000014
decision_type=2 2 2 2 2 2 2 2 2 2 2 2 2 2 2 2 2 2 2 2 2 2 2 2 2 2 2 2 2 2 2 2 2 2 2 2 2 2 2 2 2 2 2 2 2 2
left_child=2 -2 3 6 -3 14 7 8 11 10 12 15 17 -11 18 26 -17 -7 28 -10 21 23 42 -13 25 37 -1 43 38 31 -29 -23 -30 -33 -27 -36 39 45 -4 41 -41 -22 44 -28 -20 -18
right_child=1 4 5 -5 -6 9 -8 -9 19 13 -12 20 -14 -15 -16 16 24 -19 22 -21 36 29 -24 -25 -26 34 27 30 32 -31 -32 33 -34 -35 35 -37 -38 -39 -40 40 -42 -43 -44 -45 -46 -47
leaf_value=1.1161653012392068 -10.605102426506754 0.86132190774988249 -1.3969413771173533 -4.6912501525878909 -3.3843061882188952 2.0219698282255645 2.1316245770454407 -2.1086944680322302 0.3822771324352785 -0.57335800197389397 4.0660161016027585 -1.5115577736128014 2.8163988327642659 1.7578505165964726 1.5264902255689825 -1.9441719093513719 -1.487326797309481 0.41440517382418857 1.0078721837037141 2.3061188173428011 -0.65856297698285848 -0.25150304872144774 1.7542404525555098 0.092027794800057849 0.60689125104648323 -0.82933826861932636 -0.12908957110366959 1.0175298343020038 -0.24271717347102625 -0.4892444878229637 -0.21945260452931048 0.30266250793965876 0.89625714498537568 1.3471693454986369 -0.49438496511768215 0.79942114126903041 1.3543306759425573 -0.58033558972950638 -0.28422914459401327 1.4797864156464735 0.17641924453633173 0.6753080023589888 -0.36564102159149348 -1.0291581780974601 -0.0056455689824623876 -1.7489481859736973
leaf_weight=83 85 134 84 99 86 137 94 87 87 80 88 102 158 82 130 102 80 140 143 88 89 102 90 92 81 125 137 120 145 118 121 148 107 134 109 107 125 115 148 107 104 94 86 128 82 80
leaf_count=83 85 134 84 99 86 137 94 87 87 80 88 102 158 82 130 102 80 140 143 88 89 102 90 92 81 125 137 120 145 118 121 148 107 134 109 107 125 115 148 107 104 94 86 128 82 80
internal_value=0 -3.56273 0.261118 -0.123137 -0.806137 0.95199 0.0312327 -0.0384004 0.0271715 1.81721 2.18921 -0.0627401 1.80108 0.610182 0.366859 -0.369297 -0.690604 1.2139 0.194988 1.3573 0.287482 -0.0061581 0.677836 -0.754522 -0.504633 -0.651538 0.067 -0.106958 -0.205631 0.283975 0.398132 0.522233 0.242526 0.801995 -0.21211 0.147259 0.68052 -1.19369 -0.691374 0.46386 0.841231 0.0265413 0.361712 -0.566074 0.640111 -1.62819
internal_weight=0 305 4758 3058 220 1700 2959 2865 2778 685 523 2603 435 162 1015 1388 799 277 885 175 1215 696 401 194 697 616 589 506 484 502 241 384 252 282 341 216 519 275 232 394 211 183 311 265 225 160
internal_count=5063 305 4758 3058 220 1700 2959 2865 2778 685 523 2603 435 162 1015 1388 799 277 885 175 1215 696 401 194 697 616 589 506 484 502 241 384 252 282 341 216 519 275 232 394 211 183 311 265 225 160
is_linear=0
shrinkage=0.05


Tree=23
num_leaves=48
num_cat=0
split_feature=3 50 14 50 2 39 30 46 29 2 2 50 38 17 29 35 19 43 50 9 2 21 14 30 46 28 46 46 19 46 50 17 6 28 46 46 27 35 20 29 21 31 29 28 37 36 46
split_gain=3.08411e+06 2.25893e+06 745792 402914 323492 187300 151711 151690 93460.5 85572.9 84928.8 72777.4 70013.3 79604.7 57989 130542 53528.7 49601.7 47359.9 43746.8 47312.9 36115 34925.1 33194.5 32875.1 30817.8 47271.5 29735.8 29389.4 31361 40878.8 30372.4 29327.8 28648.3 27463.7 26188.9 31773.3 20235.7 18155.3 23934.4 18116.1 18069.2 14992.3 11934.5 8626.71 8456.58 5334.48
threshold=317.50000000000006 4.0506355665618949 2.5000000000000004 3.1608816403877218 712.50000000000011 3.5000000000000004 191.56250000000003 0.080547328232315238 6.1666750000000006 752.50000000000011 622.50000000000011 1.4744761099030941 1.0000000180025095e-35 1.0385185185185188 6.2916750000000006 12.708349999999998 1.6357642357642359 -0.34999999999999992 0.24459688492576961 0.5779460905347642 677.50000000000011 0.29348885814402342 2.5000000000000004 78.125000000000014 -0.048362832084465616 58.687500000000007 -0.43733099657705293 0.75438814418115718 0.86910361429417715 -0.6391983530350368 1.1450551032176792 0.81365740740740755 1.7394957983193284 65.687500000000014 0.3484035575467645 -0.87810534180523914 83.812500000000014 18.750000000000004 1.3366982442844513 6.8125000000000009 1.0783199643493691 6.5000000000000009 7.3125000000000009 66.687500000000014 35.500000000000007 3.5000000000000004 0.28313308994381592
decision_type=2 2 2 2 2 2 2 2 2 2 2 2 2 2 2 2 2 2 2 2 2 2 2 2 2 2 2 2 2 2 2 2 2 2 2 2 2 2 2 2 2 2 2 2 2 2 2
left_child=3 -2 -3 4 5 7 9 12 33 18 -5 16 13 23 -12 24 43 -8 34 -14 -21 27 -13 -1 -16 -20 35 -18 -25 30 -30 -31 -19 -9 38 -27 -37 41 44 -40 -41 46 -36 -10 -6 -43 -28
right_child=1 2 -4 10 6 -7 17 8 11 -11 14 22 19 -15 15 -17 21 32 25 20 -22 -23 -24 28 -26 26 37 -29 29 31 -32 -33 -34 -35 42 36 -38 -39 39 40 -42 45 -44 -45 -46 -47 -48
leaf_value=-0.20828647209538356 -11.787006374922667 -5.2407704109841209 1.01590355548662 0.3901851112233069 -0.60906995523858953 -2.0343078154601799 0.51143676644334435 1.0489424318417737 -2.1460729183994722 1.8459576339869017 0.95844903908558754 -0.75118698060512545 0.50293377608060841 -0.8078635924137556 2.1893250547704244 3.6030596649375832 -0.52390552441279092 2.2611001419444241 1.180582120269537 -1.6765386632693713 -0.12997566778038708 -0.15280925120923905 0.44314923987984661 1.563432274948467 0.86953929487550463 0.27337476625597396 -0.24183097541154852 -1.7743929782367891 -0.35834738792866233 0.46554437761611123 0.92909368033210438 1.7276578187793494 1.1894323311300361 -0.23201968161897227 -0.046935033660244062 0.49142976773233671 1.7179473157173821 0.67499764534560125 -0.18656807267665865 1.3110766420296083 0.26550418354925659 -0.15930052936812977 -0.83725011235606073 -1.4090684124546649 0.12167505147970387 0.5639060699277455 -0.80322478055284263
leaf_weight=89 87 93 96 132 80 150 103 86 106 88 133 119 84 103 83 109 89 154 135 92 106 142 124 109 113 151 83 104 126 93 119 99 116 87 107 102 111 87 99 83 83 80 136 138 80 80 88
leaf_count=89 87 93 96 132 80 150 103 86 106 88 133 119 84 103 83 109 89 154 135 92 106 142 124 109 113 151 83 104 126 93 119 99 116 87 107 102 111 87 99 83 83 80 136 138 80 80 88
internal_value=0 -5.16732 -2.07416 0.259221 0.0901952 -0.335756 0.540865 -0.208367 -0.647303 0.337113 1.50559 -0.869445 0.220025 0.475943 1.84009 2.22015 -1.1738 1.4514 0.25223 -0.449032 -0.853394 -0.759865 -0.142413 0.685126 1.4367 0.485307 0.363924 -1.20342 0.83087 0.644996 0.268216 1.1219 1.80677 0.407128 -0.067975 0.779672 1.13564 0.00088791 0.174406 0.427729 0.793011 -0.177794 -0.49087 -1.7367 -0.245211 0.203559 -0.533726
internal_weight=0 276 189 4781 4211 2165 2046 2015 995 1673 570 822 1020 738 438 305 579 373 1585 282 198 335 243 635 196 917 782 193 546 437 245 192 270 173 668 364 213 418 425 265 166 331 243 244 160 160 171
internal_count=5057 276 189 4781 4211 2165 2046 2015 995 1673 570 822 1020 738 438 305 579 373 1585 282 198 335 243 635 196 917 782 193 546 437 245 192 270 173 668 364 213 418 425 265 166 331 243 244 160 160 171
is_linear=0
shrinkage=0.05


Tree=24
num_leaves=49
num_cat=0
split_feature=3 20 2 34 50 42 37 17 2 22 2 50 13 7 49 11 20 7 50 8 41 19 34 45 40 40 45 45 29 17 2 27 14 20 20 48 27 0 37 45 40 8 37 17 4 33 29 40
split_gain=1.62015e+06 1.44985e+06 387200 325876 267177 148279 136439 139360 119854 104271 104979 114704 104092 100846 68612.3 56763.6 55483.7 54924.8 54737 72917 64025.4 36859.4 31645.1 30947.8 30502.9 49018.6 27052.8 25317.8 23644.6 24779.8 23479.4 21546 22961.8 22862.2 38838.4 31026.4 20834.4 20729.8 20582.2 18551.7 27525.8 17319.5 16741.8 13715.8 18838 12459.7 8278.04 7266.23
threshold=317.50000000000006 0.99981238273921214 702.50000000000011 1.1250000000000002 2.0066676371668639 -1.2499999999999998 65.500000000000014 0.96424010217113676 757.50000000000011 88.250000000000014 627.50000000000011 2.6991139204444896 34.500000000000007 -1.1118881118881117 91.302067469525426 1.188492063492067 0.44777830864787399 0.24150581752294822 -0.3053232698534955 2.2982608695652176 5.5000000000000009 1.7211853162317559 0.87500000000000011 0.43733377705052551 44.500000000000007 66.500000000000014 0.69056404122701587 -0.159513159777915 8.6875000000000018 0.98936170212765961 677.50000000000011 86.187500000000014 7.5000000000000009 1.4736842105263162 2.1474989205168238 -0.038411635961334629 81.937500000000014 83.750000000000014 14.500000000000002 -0.21861968191509915 4.5000000000000009 0.78521739130434787 15.500000000000002 0.78416149068322993 0.62500000000000011 0.54164999999999719 10.562500000000002 7.5000000000000009
decision_type=2 2 2 2 2 2 2 2 2 2 2 2 2 2 2 2 2 2 2 2 2 2 2 2 2 2 2 2 2 2 2 2 2 2 2 2 2 2 2 2 2 2 2 2 2 2 2 2
left_child=2 -2 5 -3 8 -1 7 9 18 10 -7 21 14 -8 24 23 30 -15 28 20 31 26 -23 42 -11 -26 38 -18 29 -4 -9 32 33 41 35 -35 46 -21 -12 -17 -41 47 -6 -43 -45 -31 -30 -20
right_child=1 3 4 -5 15 6 13 16 -10 12 11 -13 -14 17 -16 39 27 -19 19 37 -22 22 -24 -25 25 -27 -28 -29 36 45 -32 -33 -34 34 -36 -37 -38 -39 -40 40 -42 43 -44 44 -46 -47 -48 -49
leaf_value=-2.0804799004741339 -9.3788579580260496 -3.3276392418405289 0.62986043767252964 1.0115684834922234 1.0797817589462562 -1.3432033048073453 -2.6185828075304141 -1.9569989744070417 1.9960956026725469 -0.025813762254493184 -1.335464179983326 1.8492954614616577 2.3388275028968399 0.36298198980443619 -0.8256992743821705 0.39707329883879305 -0.91203886413055923 -1.3452699250207758 0.050605041471620406 1.75931021825031 1.380151996382496 -0.3472261822020466 0.90440242588520059 2.449497742842365 1.7435840603947641 0.24708534005765964 0.13316606706274409 0.20371697931958918 -1.2366478884365502 -0.67221153263122813 -0.81671345712226118 0.81402268571392544 -0.48711054929701975 1.4853931291866194 -0.18457108057927396 0.28910139737460255 0.056973604247608084 0.70221819094447202 -0.30847088576604925 0.65804757326841357 1.8767090785834526 -0.82279684414346532 2.033754792155289 0.39492886691494328 -0.48934733336286035 0.075001353174448018 -0.51082337403003086 0.69576329794930825
leaf_weight=114 81 91 133 81 117 149 90 110 99 85 101 83 87 84 84 101 91 105 95 107 113 87 118 150 124 98 111 113 81 92 80 105 158 108 137 109 93 85 95 99 89 82 81 112 128 139 80 80
leaf_count=114 81 91 133 81 117 149 90 110 99 85 101 83 87 84 84 101 91 105 95 107 113 87 118 150 124 98 111 113 81 92 80 105 158 108 137 109 93 85 95 99 89 82 81 112 128 139 80 80
internal_value=0 -3.90654 0.191417 -1.29014 0.574285 -0.337075 -0.231153 -0.0545642 0.305943 0.209186 -0.161057 0.136733 0.784597 -1.25013 0.433686 1.4722 -0.871049 -0.588132 0.222861 0.393825 0.251495 -0.143953 0.374116 1.90274 0.779836 1.08704 -0.489987 -0.296019 -0.169694 0.0887283 -1.48367 0.135873 0.0645659 0.167444 0.47391 0.888573 -0.538927 1.29739 -0.841779 0.949 1.24184 -0.0513576 1.4783 -0.268703 -0.0767587 -0.224205 -0.881369 0.347812
internal_weight=0 253 4782 172 2773 2009 1895 1616 2136 1222 744 595 478 279 391 637 394 189 2037 1419 1227 512 205 348 307 222 307 204 618 364 190 1114 1009 851 354 217 254 192 196 289 188 497 198 322 240 231 161 175
internal_count=5035 253 4782 172 2773 2009 1895 1616 2136 1222 744 595 478 279 391 637 394 189 2037 1419 1227 512 205 348 307 222 307 204 618 364 190 1114 1009 851 354 217 254 192 196 289 188 497 198 322 240 231 161 175
is_linear=0
shrinkage=0.05


Tree=25
num_leaves=51
num_cat=0
split_feature=4 3 28 7 1 2 43 7 50 30 9 47 50 43 41 12 35 48 47 36 6 7 30 8 9 8 21 29 30 40 22 50 35 50 28 4 29 10 10 7 16 8 10 7 1 8 40 8 8 19
split_gain=1.07979e+06 1.22883e+06 397991 313408 838082 362522 309540 549016 202644 158297 144063 96940.5 82372.7 72257.4 55002.6 47683 46944.9 53544.3 40790.9 40055.1 58676 62567.9 47646.2 35635.9 33030.6 32547.2 31862 31029.3 30536.3 28500.2 28254.3 28228.1 27011 21101.7 20375.5 19404.8 18864.7 18324.8 16977.5 16792.5 15500 15657.8 14958.2 13483.4 12814.5 42681.7 21935.4 39063.4 12442.8 8980.75
threshold=3.7500000000000004 207.50000000000003 43.062500000000007 0.92517482517482541 72.500000000000014 597.50000000000011 7.2500000000000009 0.88111888111888148 3.38230369970475 170.62500000000003 1.3680232142016184 10.500000000000002 1.5397667691962342 0.28125000000000006 1.0000000180025095e-35 1.5357142857142849 33.750000000000007 0.072206838901563222 2.5000000000000004 38.500000000000007 0.34285714285714264 -0.52447552447552415 150.62500000000003 0.75830927374007751 0.8228263892582881 0.47217391304347833 0.66499723516986375 8.8125000000000018 124.37500000000001 3.5000000000000004 88.250000000000014 0.65710631437243461 8.7500000000000018 2.0722736535039137 73.812500000000014 0.62500000000000011 10.562500000000002 1.2068149201299636 1.2794372481516454 1.7172827172827176 10.500000000000002 1.3382608695652176 1.0090247396302854 2.1125874125874131 83.500000000000014 0.70549328375118869 27.500000000000004 0.68608695652173923 1.8078260869565217 1.5001057082452431
decision_type=2 2 2 2 2 2 2 2 2 2 2 2 2 2 2 2 2 2 2 2 2 2 2 2 2 2 2 2 2 2 2 2 2 2 2 2 2 2 2 2 2 2 2 2 2 2 2 2 2 2
left_child=2 10 -1 4 -4 -5 7 8 11 12 -2 18 15 -11 -15 27 17 38 32 22 21 -21 28 -22 48 29 -19 30 33 -13 -7 34 42 44 35 36 43 -27 -14 -37 -33 -42 -6 -17 45 -20 -46 -48 -16 -49
right_child=1 -3 3 5 6 9 -8 -9 -10 13 -12 25 16 14 24 31 -18 26 19 20 23 -23 -24 -25 -26 37 -28 -29 -30 -31 -32 40 -34 -35 -36 39 -38 -39 -40 -41 41 -43 -44 -45 46 -47 47 49 -50 -51
leaf_value=3.142324827675127 -2.356543411747102 -7.9518431077400855 -5.1797135149560329 3.8717633689322124 -0.2165897554013787 1.3166051661456699 2.9813740974519316 -3.0266598797463753 1.9870348462762761 0.30237378999202824 0.21529293123519785 -0.59995106246736318 0.54959088298211611 0.64987356405833685 2.8293475003054973 -0.37098851767111951 1.8759893115519024 0.51346791508224088 -0.16592984580131898 -1.7925453557524571 1.2043481862822245 -0.0028052798210920996 1.3401293005400559 -0.24553233670691649 1.2668027141796692 -0.84113209135830402 -0.74970110280569213 -0.1230278803006051 -0.60386283055119128 -1.8582955319830714 0.15338610401270036 0.72145266793291984 0.26908750690595068 1.040055570877948 0.31373400667134455 -1.4244069570965239 -0.93324389869784141 0.097584620980839976 1.4797257179899734 -0.42785486672298023 -0.55982494548142669 0.38984388329170566 -1.1021971397985846 0.42642805026127739 -0.37776094242516489 1.4406305572713716 1.2264581986508527 0.29170962463725697 1.9004680331160384 -0.4356285719609842
leaf_weight=116 92 83 81 81 81 133 81 153 128 155 131 89 82 115 88 126 81 118 82 85 85 113 122 83 111 95 85 125 86 93 86 98 98 105 84 89 80 113 128 82 82 90 117 90 143 82 90 87 81 81
leaf_count=116 92 83 81 81 81 133 81 153 128 155 131 89 82 115 88 126 81 118 82 85 85 113 122 83 111 95 85 125 86 93 86 98 98 105 84 89 80 113 128 82 82 90 117 90 143 82 90 87 81 81
internal_value=0 -2.79705 0.262008 0.189697 -0.212951 0.606849 -0.0352418 -0.147053 0.0683942 0.485432 -0.851517 -0.0598156 0.241396 1.21976 1.57807 0.0117991 0.781738 0.563114 0.118621 0.244157 -0.194903 -0.776275 0.427196 0.490824 1.95563 -0.762914 -0.0165275 0.505125 0.278295 -1.24959 0.862589 -0.195268 -0.408013 0.392258 -0.400262 -0.529085 -0.282503 -0.333129 1.12086 -0.951794 0.223004 -0.0635241 -0.742812 -0.0382976 0.270246 0.641213 0.117311 0.39211 2.39794 -0.0594739
internal_weight=0 306 4779 4663 2373 2290 2292 2211 2058 2209 223 1930 1659 550 395 1165 494 413 1540 1244 366 198 878 168 280 390 203 344 756 182 219 821 296 670 551 467 296 208 210 171 270 172 198 216 565 164 401 258 169 168
internal_count=5085 306 4779 4663 2373 2290 2292 2211 2058 2209 223 1930 1659 550 395 1165 494 413 1540 1244 366 198 878 168 280 390 203 344 756 182 219 821 296 670 551 467 296 208 210 171 270 172 198 216 565 164 401 258 169 168
is_linear=0
shrinkage=0.05


Tree=26
num_leaves=46
num_cat=0
split_feature=2 28 43 2 30 48 2 43 29 36 36 4 45 47 29 22 40 30 28 40 9 6 20 30 2 10 3 6 30 17 21 6 21 5 27 33 25 17 7 29 29 49 48 4 10
split_gain=1.73327e+06 1.21444e+06 241666 268019 184415 131957 114856 95109.6 90070.7 84378.4 81582.1 63910 63167.2 62969 63037.7 59062.4 68580.5 46373.8 39600 36433.3 72432.7 37510.8 34982.4 33323.9 63052.9 50158.6 37754.9 33065.1 29710.2 29132.6 25299.4 23537.6 22941.5 20696.6 31402.1 23107.2 21205.4 20497.2 16673.7 15310.7 14562.6 13993.4 13568.9 12781.4 3856.4
threshold=307.50000000000006 65.562500000000014 3.7500000000000004 622.50000000000011 191.56250000000003 -0.083829284475780155 752.50000000000011 0.75000000000000011 8.3125000000000018 45.500000000000007 48.500000000000007 0.62500000000000011 -0.065535378769913874 8.5000000000000018 10.687500000000002 85.250000000000014 1.5000000000000002 106.87500000000001 74.062500000000014 12.500000000000002 0.86455005809202556 0.34285714285714314 0.98199126620179256 98.125000000000014 667.50000000000011 1.734896684698483 67.500000000000014 -1.0026578073089694 105.62500000000001 0.98936170212765961 -0.025767054111717865 1.5428571428571434 0.36093859889889762 1.0000000180025095e-35 84.656250000000014 0.54164999999999719 1.5000000000000002 0.91287878787878796 1.2083916083916091 7.8125000000000009 10.562500000000002 87.925204075917847 -0.19843680242218262 0.62500000000000011 1.3135095209564973
decision_type=2 2 2 2 2 2 2 2 2 2 2 2 2 2 2 2 2 2 2 2 2 2 2 2 2 2 2 2 2 2 2 2 2 2 2 2 2 2 2 2 2 2 2 2 2
left_child=1 -1 3 9 6 8 7 11 12 -2 15 33 -4 18 17 16 -6 30 23 28 21 39 -19 26 -25 27 40 -26 32 -17 -15 43 44 34 35 -5 41 -22 -37 -21 -9 -35 -33 -29 -13
right_child=2 -3 5 4 10 -7 -8 13 -10 -11 -12 19 -14 14 -16 29 -18 22 -20 20 37 -23 -24 24 25 -27 -28 31 -30 -31 -32 42 -34 36 -36 38 -38 -39 -40 -41 -42 -43 -44 -45 -46
leaf_value=-7.6405003697418978 -0.80476833310392171 -0.77184681789480525 0.2170510584925428 -0.41924673126294065 1.5934812359458252 2.538159334185897 1.8401163757482377 0.79562696396414923 -0.64137012424140138 -2.8206353970738345 -0.085754838952863663 -1.2543610222545671 2.0528580764798745 -0.051405265788051574 -1.2189947555894438 2.6113365378785645 -0.0040853183005602305 -1.1188676520458702 1.2394448947008343 -0.66793415930963329 -0.45886789722207155 0.95817964496435948 0.25796595551073553 -0.82459008886263929 0.92886782078181995 1.1793564363228564 1.6620798957481815 -0.85640345830651166 -1.5511455242018233 1.3789953735990261 0.96151542760887931 -0.064894656567346484 -0.097649824475088437 0.32617579104378819 1.17062253513655 -0.070430796132201254 -0.89237752299578421 -1.5454665492992012 0.88745452925562862 0.19869211628637484 0.0070465455736432765 -0.3596278879496691 0.79765163645332249 -0.025056392997503282 -0.74643276560874217
leaf_weight=120 134 138 80 129 138 150 87 133 86 85 134 80 113 106 114 93 130 102 145 92 80 107 83 129 101 150 88 102 121 108 146 104 123 159 85 83 83 97 99 112 104 138 80 84 83
leaf_count=120 134 138 80 129 138 150 87 133 86 85 134 80 113 106 114 93 130 102 145 92 80 107 83 129 101 150 88 102 121 108 146 104 123 159 85 83 83 97 99 112 104 138 80 84 83
internal_value=0 -3.98373 0.215882 0.104104 0.194599 1.34667 0.0564084 0.0108021 0.699313 -1.59645 1.00192 -0.259699 1.29694 0.266032 -0.177384 1.3122 0.821408 0.0965027 0.466278 -0.547386 -0.255228 0.204544 -0.503087 0.360935 0.177213 0.386308 0.783064 0.131782 -0.896206 1.95929 0.536926 -0.0877183 -0.614677 0.0723821 0.324939 0.0907923 -0.190971 -1.05969 0.452619 -0.193491 0.451067 0.00738205 0.31241 -0.483098 -1.00185
internal_weight=0 258 4780 4351 4132 429 3529 3442 279 219 603 1671 193 1771 551 469 268 437 1220 895 488 311 185 1075 750 621 325 471 407 201 252 370 286 776 396 311 380 177 182 204 237 297 184 186 163
internal_count=5038 258 4780 4351 4132 429 3529 3442 279 219 603 1671 193 1771 551 469 268 437 1220 895 488 311 185 1075 750 621 325 471 407 201 252 370 286 776 396 311 380 177 182 204 237 297 184 186 163
is_linear=0
shrinkage=0.05


Tree=27
num_leaves=48
num_cat=0
split_feature=3 46 4 30 2 0 46 9 0 29 43 45 45 25 20 38 8 37 2 10 27 13 45 42 29 46 9 8 46 48 7 46 0 8 45 2 27 35 41 46 29 8 37 8 13 46 20
split_gain=2.03648e+06 1.227e+06 254880 244785 187113 127595 175566 122226 93755.7 79516.6 59032.8 70397.6 42945.4 39513.8 43751.4 51178.6 43819.9 53498.4 37976 37065.9 44224.6 36751.9 36523.4 43589 33772.2 32867 31604.1 58729.2 27703.3 27514.9 29116.3 23071.5 39547.7 33898 23090.3 22669 21911.6 21766.8 19992.1 21001.4 36474.6 32820.8 19631 18633.2 17955.2 13921.8 4001.02
threshold=492.50000000000006 0.50370931781787065 3.7500000000000004 181.56250000000003 662.50000000000011 70.250000000000014 0.50370931781787065 1.6018619323962129 77.250000000000014 5.5625000000000009 -0.74999999999999989 0.40614137006726808 -0.79384350655589164 2.5000000000000004 0.30018315018315023 1.0000000180025095e-35 1.0156126482213439 30.500000000000004 717.50000000000011 2.06145923771841 77.437500000000014 34.500000000000007 -0.46801505794253101 1.2500000000000002 6.9375000000000009 0.2332836900311728 0.63660201852143727 1.6147826086956523 0.92843842216862604 -0.17317967143584884 2.3706293706293713 -0.39827153806311183 87.250000000000014 1.0332304402653658 -0.065535378769913874 712.50000000000011 76.687500000000014 6.2500000000000009 4.5000000000000009 -0.48313741114591585 8.1875000000000018 1.1378656126482216 35.500000000000007 0.99391304347826104 26.500000000000004 0.91511078773075516 -0.32275541795665635
decision_type=2 2 2 2 2 2 2 2 2 2 2 2 2 2 2 2 2 2 2 2 2 2 2 2 2 2 2 2 2 2 2 2 2 2 2 2 2 2 2 2 2 2 2 2 2 2 2
left_child=2 -2 3 5 -5 -1 8 -4 -7 -8 -6 12 -12 14 15 16 17 46 22 20 -16 29 44 36 -21 -13 -14 -28 -25 31 38 32 43 -33 -34 -23 45 -20 39 41 -41 -31 -43 -22 -11 -24 -10
right_child=1 -3 7 4 10 6 9 -9 13 18 11 25 26 -15 19 -17 -18 -19 37 24 21 35 23 28 -26 -27 27 -29 -30 30 -32 33 34 -35 -36 -37 -38 -39 -40 40 -42 42 -44 -45 -46 -47 -48
leaf_value=1.8608913961913167 -1.5305455232921401 -8.6009957386897167 -2.470200065124867 -1.0929179288211621 0.20849687104639802 1.6920466344665599 0.61547176263628223 -0.20510506512863294 -0.40291428646620586 -0.96157624485469106 1.8649558703956957 2.612085438668728 1.3492111081355498 0.95089381491836122 -0.8333399783928418 -1.0894198017460961 -0.80928860678585302 1.3156276416532773 -0.615334619541963 0.12815073659253676 0.68469564571630126 1.5325653858301118 -0.9168344794985761 -0.64516854812490187 1.4393404121582325 1.4576615981326615 -0.71836742182020785 1.1016817147216322 0.5753360984765965 0.76348606968248223 -0.79017519977009087 -0.7665121830661189 0.58516370608423751 0.5527737204634815 -0.47196462850972831 0.35129344865500212 -0.46518448100203563 0.25025447619722246 0.78226565245924329 0.30311746038888632 -1.0221112197896709 0.2671538606632588 -0.818288562492824 1.7579127787807842 -1.9285007026195526 -1.8549954895462311 0.08728356008849493
leaf_weight=96 151 103 128 94 114 107 136 111 84 100 109 139 113 157 102 139 108 96 149 85 85 81 82 93 116 120 80 97 91 147 113 87 136 108 82 82 104 140 86 94 114 85 80 80 99 83 81
leaf_count=96 151 103 128 94 114 107 136 111 84 100 109 139 113 157 102 139 108 96 149 85 85 81 82 93 116 120 80 97 91 147 113 87 136 108 82 82 104 140 86 94 114 85 80 80 99 83 81
internal_value=0 -4.42018 0.164909 0.248197 1.00456 0.0713262 0.0232611 -1.42345 0.250466 -0.511262 1.26103 1.44279 1.02183 0.186267 0.133011 -0.275453 0.0332783 0.383685 -0.674586 0.250797 0.168255 0.238752 -0.885828 -0.63541 0.888237 2.08488 0.699612 0.279646 -0.0417023 0.149452 -0.0570551 0.40599 0.630909 -0.0367385 0.187189 0.944071 -1.03986 -0.196601 0.0807253 -0.0365774 -0.424625 0.222651 -0.26088 1.2125 -1.44985 -1.39709 -0.163196
internal_weight=0 254 4813 4574 866 3708 3612 239 2535 1077 772 658 399 2428 2271 508 369 261 941 1763 1562 1460 652 453 201 259 290 177 184 1297 719 578 383 195 218 163 269 289 606 520 208 312 165 165 199 165 165
internal_count=5067 254 4813 4574 866 3708 3612 239 2535 1077 772 658 399 2428 2271 508 369 261 941 1763 1562 1460 652 453 201 259 290 177 184 1297 719 578 383 195 218 163 269 289 606 520 208 312 165 165 199 165 165
is_linear=0
shrinkage=0.05


Tree=28
num_leaves=51
num_cat=0
split_feature=4 49 17 17 8 2 2 37 19 46 50 50 2 30 2 37 2 46 39 6 30 46 8 8 20 7 14 50 18 28 18 21 6 46 50 20 29 11 20 6 8 29 2 28 46 19 18 30 17 50
split_gain=1.11987e+06 1.55617e+06 572665 612830 341672 692516 498606 232184 177305 166740 118105 97013.2 64383.4 64514.9 59130.6 42317 71826.6 36526 35180.8 48664.4 46580.6 40396.7 38613.1 36469.2 34982.5 34189.8 34029.1 30804.7 27705.5 27627 29135.4 34230.1 25716.2 27215.4 25534.2 25227.8 23683.1 22990.7 22404 19474.5 18711 27723.9 20270.9 15871.1 14335.9 11927.6 13129.3 10602.7 10588 6016.96
threshold=3.2500000000000004 80.804894275427344 0.21525096525096529 0.36038961038961043 1.3988944572912312 567.50000000000011 672.50000000000011 66.500000000000014 1.3915512150806271 0.56191161272202661 3.38230369970475 1.0721807903521354 647.50000000000011 189.37500000000003 717.50000000000011 9.5000000000000018 737.50000000000011 0.71952396275653763 1.5000000000000002 2.2285714285714291 173.12500000000003 0.080547328232315238 0.44608695652173924 1.1378656126482216 -0.17762845849802358 -0.90209790209790186 2.5000000000000004 0.96737006127067116 127.50000000000001 74.187500000000014 77.500000000000014 0.34047383593662778 2.5714285714285721 0.3484035575467645 -0.01380243389224489 1.8838553357088828 8.5625000000000018 1.5639534883720965 1.5588989441930619 1.21764705882353 0.34173913043478271 8.0625000000000018 717.50000000000011 62.562500000000007 -0.67801649466304881 1.6044699486559952 142.50000000000003 110.62500000000003 0.81649831649831661 0.51013554434230468
decision_type=2 2 2 2 2 2 2 2 2 2 2 2 2 2 2 2 2 2 2 2 2 2 2 2 2 2 2 2 2 2 2 2 2 2 2 2 2 2 2 2 2 2 2 2 2 2 2 2 2 2
left_child=2 -2 -1 -4 5 -5 -6 8 -3 10 18 15 -11 25 38 16 -8 28 20 22 21 23 -20 24 -7 -14 32 37 34 30 -26 47 33 -16 44 -30 -29 -27 -13 -25 -23 -42 -43 -28 -17 -39 -47 48 -32 -36
right_child=1 7 3 4 6 9 11 -9 -10 12 -12 14 13 -15 26 17 -18 -19 19 -21 -22 40 -24 39 29 27 43 36 35 -31 31 -33 -34 -35 49 -37 -38 45 -40 -41 41 42 -44 -45 -46 46 -48 -49 -50 -51
leaf_value=-3.8982937461719285 -8.7570186988807031 1.6420470742175455 4.1887752752304079 -4.3766545837340152 4.5664601238377127 -0.18292839073423128 0.13089832353511913 -3.0234420975973442 -1.397008278197849 -1.5301336269447769 1.8002424812595537 0.91142594497966556 -1.4723455340379763 0.87234553227874834 2.642118598698922 -0.98246263195486638 1.955557783421348 -0.93718282731080604 -1.4891766382666196 0.75483396081037313 1.4064184147781797 0.3637568991869054 -0.16777529756072909 -0.65832713317433633 -0.052118469485276042 0.068350533370891309 1.3615123372252396 0.7436197679489851 0.091113653944598305 1.5430412203073502 1.0634074236212792 1.4186324125486065 1.0816648248730907 1.3792521798627431 0.66001003577753359 1.2482510056796965 -0.43403042035110029 -1.3348247796959347 -0.0041692376677547735 0.33591184192233614 0.29772052816402766 -1.3733114477904405 -0.2707137535193137 0.46847432183496879 -0.098162913499492244 -0.28214175369397831 -1.1050944834596972 -0.021121651867786088 0.29932523418445978 0.048020771072234639
leaf_weight=81 80 94 99 91 82 133 148 85 96 137 122 117 83 93 91 84 84 87 84 85 89 93 159 108 138 88 81 87 98 85 86 140 125 88 80 90 82 89 154 89 80 84 83 131 100 115 84 82 97 80
leaf_count=81 80 94 99 91 82 133 148 85 96 137 122 117 83 93 91 84 84 87 84 85 89 93 159 108 138 88 81 87 98 85 86 140 125 88 80 90 82 89 154 89 80 84 83 131 100 115 84 82 97 80
internal_value=0 -2.66531 0.243572 0.317256 0.231286 -0.110838 0.785189 -0.867867 0.10725 0.0347723 0.303525 0.593224 -0.540318 -0.350381 0.993024 0.222761 0.797108 0.00655762 0.196066 -0.269022 0.306166 0.2297 -0.628787 0.39577 0.552584 -0.532552 1.30677 -0.386994 0.16236 0.708397 0.575147 0.788484 1.64629 2.03238 -0.10456 0.648736 0.173024 -0.638495 0.393022 -0.209725 -0.238014 -0.465145 -0.830187 0.814472 -0.504993 -0.853964 -0.633307 0.451493 0.66223 0.356214
internal_weight=0 355 4686 4605 4506 2786 1720 275 190 2695 1837 1638 858 721 787 851 232 619 1715 328 1387 1298 243 958 761 628 516 545 532 628 543 405 304 179 344 188 169 376 271 197 340 247 167 212 184 288 199 265 183 160
internal_count=5041 355 4686 4605 4506 2786 1720 275 190 2695 1837 1638 858 721 787 851 232 619 1715 328 1387 1298 243 958 761 628 516 545 532 628 543 405 304 179 344 188 169 376 271 197 340 247 167 212 184 288 199 265 183 160
is_linear=0
shrinkage=0.05


Tree=29
num_leaves=48
num_cat=0
split_feature=37 42 50 19 3 29 3 30 20 46 20 10 37 10 46 10 10 45 6 30 42 49 28 35 8 35 1 27 29 29 6 40 46 50 8 12 3 0 1 35 21 30 21 10 37 30 19
split_gain=1.00615e+06 439859 314386 724267 562879 356861 861050 197893 108768 66401.4 61833 59024.8 66982.4 55498.1 63855.9 70300 53133.4 48557.7 46672.4 61053.1 65317.8 40191.4 36474.8 34195.9 27627.8 26627.3 58873.4 48076.3 26458.7 22592.5 25682.7 24167.4 21497.3 20046.3 19070.1 17079.4 16835.1 16600.8 37836.6 16503.9 15710.4 15643.1 15586.3 15283.3 15060.1 14881.6 13015.1
threshold=81.500000000000014 -2.2499999999999996 3.79733352106819 0.54554778554778571 177.50000000000003 6.4375000000000009 540.00000000000011 191.56250000000003 0.57663204426274517 0.45847758937963173 -0.063614542474094024 1.5055196306985483 47.500000000000007 1.917974380397176 -0.082691941062253513 1.0761422349668883 1.4378852437763541 0.24372619187392155 0.68571428571428628 98.125000000000014 0.75000000000000011 88.731436898831788 63.187500000000007 11.250000000000002 -0.065217391304347783 6.2500000000000009 83.500000000000014 79.187500000000014 6.4375000000000009 5.6562500000000009 2.5714285714285721 72.500000000000014 0.69521084835931835 0.48921343144287027 0.25304347826086965 1.0370879120879126 52.500000000000007 82.750000000000014 81.500000000000014 8.7500000000000018 -0.21379908055686767 91.875000000000014 -0.095345572899759631 1.0309633782949601 13.500000000000002 104.37500000000003 1.592559116669924
decision_type=2 2 2 2 2 2 2 2 2 2 2 2 2 2 2 2 2 2 2 2 2 2 2 2 2 2 2 2 2 2 2 2 2 2 2 2 2 2 2 2 2 2 2 2 2 2 2
left_child=1 -1 4 -4 7 -5 16 8 9 11 -9 18 -13 14 15 36 -7 23 19 20 -3 -21 42 -12 -24 27 32 -15 44 -17 31 41 -27 -19 -20 -30 -10 38 43 -32 -26 -31 -11 -37 -16 -43 -47
right_child=-2 2 3 5 -6 6 -8 10 13 22 17 12 -14 25 28 29 -18 33 34 21 -22 -23 24 -25 40 26 -28 -29 35 30 39 -33 -34 -35 -36 37 -38 -39 -40 -41 -42 45 -44 -45 -46 46 -48
leaf_value=-2.8236767023555505 -4.0030962340037028 -0.39705809572847883 4.7394564080286798 2.5626255849273658 -3.9180645022281384 0.19545491566679565 -4.8384911615708299 -0.10251393873714708 0.80299657125346702 -0.72208412631794261 0.17398399568573364 -0.021670316147203206 -1.8445002043111758 -0.52806809772463414 -0.13534870901615312 -0.54221921920214056 1.8579740353310719 1.1332474843955334 1.4375726298588081 -1.2818404829579182 1.5613321901707167 0.010370442490019496 -1.9564571355901113 1.3144953027105248 -1.2692050131478094 2.1635603323215391 0.21773688283977133 1.0928239691688355 0.073254964073352954 -0.2939297055825591 0.31821943182369761 -0.67852398253256274 1.0496438014625322 2.1460598708535064 0.35673968022068347 0.11775428963886513 1.706176114518468 -0.07439543411135674 -1.5963984832658875 1.2318605069409718 -0.38814893724377625 0.94619991311972795 0.25946978168723023 -0.69739692730333991 0.75505517201705119 -0.25170302616827417 0.52025874432970276
leaf_weight=120 149 81 122 126 85 82 84 102 150 80 123 118 87 101 100 105 116 80 81 115 88 125 81 141 109 81 150 82 152 111 115 92 100 144 83 90 81 139 90 87 96 87 80 157 89 98 121
leaf_count=120 149 81 122 126 85 82 84 102 150 80 123 118 87 101 100 105 116 80 81 115 88 125 81 141 109 81 150 82 152 111 115 92 100 144 83 90 81 139 90 87 96 87 80 157 89 98 121
internal_value=0 0.153783 0.228683 1.37616 0.0862008 0.361338 -0.627795 0.168309 0.0291633 -0.353632 1.01632 -0.074499 -0.80046 0.226261 0.0992647 0.35763 1.1739 1.24991 0.186167 -0.0999683 0.625881 -0.611564 -0.839294 0.785782 -1.17663 0.68572 0.952724 0.200225 -0.231868 0.139091 0.240327 0.0505798 1.55729 1.79099 0.896043 -0.387842 1.12569 -0.534928 -0.724099 0.715848 -0.8605 0.212676 -0.232744 -0.401101 0.285709 0.396803 0.175241
internal_weight=0 4927 4807 530 4277 408 282 4192 3602 1224 590 778 205 2378 1864 1047 198 488 573 409 169 240 446 264 286 514 331 183 817 816 711 509 181 224 164 628 231 476 337 202 205 417 160 247 189 306 219
internal_count=5076 4927 4807 530 4277 408 282 4192 3602 1224 590 778 205 2378 1864 1047 198 488 573 409 169 240 446 264 286 514 331 183 817 816 711 509 181 224 164 628 231 476 337 202 205 417 160 247 189 306 219
is_linear=0
shrinkage=0.05


Tree=30
num_leaves=49
num_cat=0
split_feature=2 46 20 50 18 42 30 30 17 2 30 46 21 19 21 27 10 46 10 7 22 19 19 28 35 20 46 41 45 2 21 17 27 30 27 2 17 15 28 3 42 46 50 30 18 46 21 36
split_gain=1.0872e+06 2.34267e+06 188976 213100 184954 81158 76107.8 69493.3 66138.5 81704.4 77427.6 63926.4 59046.5 53090.7 50685.1 78876.8 44866.4 53263.2 42633.8 42587.9 56681.2 40664.8 40146.2 39090.5 38133.2 35069 34790.9 30858.8 30001.8 36590 25660.9 25431.2 24840.2 26858.1 23373.7 22218.8 22078.3 26359.3 20712.6 17464.2 14992 14183.1 20175.6 16192.6 15795.7 10128.7 7630.58 5487.94
threshold=262.50000000000006 0.38043945030393422 1.0000000180025095e-35 2.0722736535039137 137.50000000000003 5.2500000000000009 194.37500000000003 184.37500000000003 0.7947368421052633 652.50000000000011 104.37500000000003 0.38043945030393422 2.4047756210227651 5.2563255966001963 0.46956218347772355 81.937500000000014 2.0748902969658709 -0.43733099657705293 1.1747840228653843 -2.2867132867132862 89.250000000000014 1.8461538461538463 1.9090620031796504 59.937500000000007 16.250000000000004 0.57663204426274517 0.48877522411129348 1.0000000180025095e-35 0.022575936829235418 707.50000000000011 -0.26542627160448967 1.1342342342342344 80.312500000000014 130.62500000000003 82.187500000000014 692.50000000000011 0.98936170212765961 77.250000000000014 65.312500000000014 57.500000000000007 1.0000000180025095e-35 -0.80417042486635371 0.46004618753623566 131.87500000000003 107.50000000000001 0.5475998096715059 0.36093859889889762 18.500000000000004
decision_type=2 2 2 2 2 2 2 2 2 2 2 2 2 2 2 2 2 2 2 2 2 2 2 2 2 2 2 2 2 2 2 2 2 2 2 2 2 2 2 2 2 2 2 2 2 2 2 2
left_child=1 -1 4 6 8 7 12 14 10 -10 30 -12 13 16 28 22 17 18 35 -11 27 -8 -16 46 45 39 -9 -21 -5 -30 -2 -18 33 38 -20 -4 37 -34 40 -25 -27 43 -43 44 -36 -23 -19 -37
right_child=2 -3 3 5 -6 -7 21 26 9 19 11 -13 -14 -15 15 -17 31 23 34 20 -22 24 -24 25 -26 32 -28 -29 29 -31 -32 -33 36 -35 41 47 -38 -39 -40 -41 -42 42 -44 -45 -46 -47 -48 -49
leaf_value=1.2409134758843317 0.42733453983484315 -8.4791178529158895 1.4102327042520049 1.5312041607302342 -2.6518859451467343 2.0756641872173591 -0.20904427881700449 2.128078827929238 -1.9557955612418472 -1.2038592340811245 0.29559632765524313 -1.4895384473749149 -1.0541805224027485 -1.1421302299367058 -1.3566127199717601 1.0285712238858666 1.134217510268783 0.7665097669535077 -0.67512089844874956 0.17621256964547294 0.9194086778335846 0.93979080972217377 0.16177933294280078 -0.30557280010487664 1.7445661126548409 -0.76997995899967209 0.84933442559379813 -0.95935960102294171 -0.27921871461986025 1.1525491939485073 1.6627328038544338 0.13071936190128328 0.9407439771542947 0.26138597532962132 -0.26986807812768293 0.76947560796271208 -0.40164947920158262 -0.14014754217361736 -1.1259954879033394 -1.2316139263519343 0.19013589184458665 -0.003219204250632263 1.0903019692748785 -0.53389625029296295 0.64101559442601042 0.15142542999467734 0.12187708763594039 0.23477101769799799
leaf_weight=134 85 114 99 123 87 138 82 114 92 105 131 80 127 89 94 113 150 96 90 104 103 83 80 82 116 80 103 139 80 99 84 109 119 102 82 91 121 106 137 137 81 81 87 97 111 80 88 103
leaf_count=134 85 114 99 123 87 138 82 114 92 105 131 80 127 89 94 113 150 96 90 104 103 83 80 82 116 80 103 139 80 99 84 109 119 102 82 91 121 106 137 137 81 81 87 97 111 80 88 103
internal_value=0 -3.24327 0.145561 0.308282 -0.461528 0.958273 0.0908967 0.764623 -0.252423 -0.606043 0.253147 -0.385066 -0.00851847 0.0487082 0.48134 0.00514943 0.0963201 0.0156074 0.317756 -0.326988 -0.0581831 0.767877 -0.661566 -0.205632 1.05472 -0.332997 1.5278 -0.474623 0.932368 0.514657 1.04755 0.714023 -0.169143 -0.437012 0.0570482 0.803508 0.1409 0.433157 -0.676136 -0.887842 -0.288748 0.202082 0.566169 -0.0100589 0.254612 0.556146 0.460532 0.488246
internal_weight=0 248 4780 3770 1010 944 2826 806 923 543 380 211 2465 2338 589 287 2249 1990 841 451 346 361 174 1149 279 965 217 243 302 179 169 259 746 400 548 293 346 225 298 219 161 458 168 290 193 163 184 194
internal_count=5028 248 4780 3770 1010 944 2826 806 923 543 380 211 2465 2338 589 287 2249 1990 841 451 346 361 174 1149 279 965 217 243 302 179 169 259 746 400 548 293 346 225 298 219 161 458 168 290 193 163 184 194
is_linear=0
shrinkage=0.05


Tree=31
num_leaves=49
num_cat=0
split_feature=3 29 29 20 42 18 2 8 20 46 50 27 35 45 6 38 42 30 42 42 30 29 30 30 46 27 30 30 6 42 20 6 6 17 45 7 29 35 20 37 46 48 46 15 29 20 46 18
split_gain=1.15438e+06 1.58659e+06 930788 177537 175142 116584 107734 89139.3 118254 101784 65644.4 60538.1 62949.6 52652.7 50612.8 47108.2 62418.1 46090.7 41618.5 39809.2 37424.6 35142.7 31836.1 33135.8 30410.1 30391.8 28050.7 35523.6 26303.2 33290.5 25852.3 25266.7 25228 24380.4 23327.5 23005.4 21286.6 19591.1 16637.6 15377 17147.9 21471.2 20993.6 14116.8 13811.6 13261.1 11178.8 7594.42
threshold=462.50000000000006 6.9375000000000009 9.4375000000000018 0.20892736295962111 3.2500000000000004 72.500000000000014 752.50000000000011 0.68608695652173923 -0.54625668449197862 0.78724360164103002 5.8594938975876412 83.812500000000014 63.750000000000007 0.29342972903661901 1.5701725633984358e-16 1.0000000180025095e-35 2.2500000000000004 184.37500000000003 1.7500000000000002 1.2500000000000002 135.62500000000006 10.812500000000002 130.62500000000003 114.06250000000003 -0.46039597980994923 77.906250000000014 102.81250000000001 196.87500000000003 -3.4258310474147679e-16 1.0000000180025095e-35 1.0867043298257721 0.68571428571428628 4.1571428571428575 0.98936170212765961 -0.16799356919963607 1.9860139860139865 7.1875000000000009 3.035699999999999 1.4562281197063809 17.500000000000004 -0.96687281075841669 0.1561962173013059 -0.59867820553660911 75.500000000000014 9.0312500000000018 1.1508000771158666 0.68274389090025245 122.50000000000001
decision_type=2 2 2 2 2 2 2 2 2 2 2 2 2 2 2 2 2 2 2 2 2 2 2 2 2 2 2 2 2 2 2 2 2 2 2 2 2 2 2 2 2 2 2 2 2 2 2 2
left_child=3 -2 -3 5 6 15 11 8 14 18 17 12 13 21 -7 16 28 25 -10 32 -17 26 23 24 45 -6 33 31 29 -1 -24 -28 39 43 36 -32 -21 -26 -33 -13 -41 42 -42 -5 -39 -15 -35 -23
right_child=1 2 -4 4 10 7 -8 -9 9 -11 -12 19 -14 22 -16 20 -18 -19 -20 34 -22 47 30 -25 37 -27 27 -29 -30 -31 35 38 -34 46 -36 -37 -38 44 -40 40 41 -43 -44 -45 -46 -47 -48 -49
leaf_value=-0.37099801612020744 2.3519064312889464 -9.7336148905199629 -2.4033882056342235 0.85328414622727822 1.1953606001686219 -2.3327445024251938 1.7749026451408865 -2.3655105236875875 -0.042936486341059212 -1.4243898417140979 2.4782129969217794 -0.23860619993259513 1.0578029515297434 1.0858826894651761 -0.66857582117304393 0.18176187599406524 1.579006779053632 1.6050696376610447 1.3378425919491312 1.0497140946647814 -1.251214283652077 -1.3639011888276964 -0.19158121134437944 -0.80936198736230536 -0.65407759202496407 -0.0072052345556371357 -1.2923636982984403 0.17763018475871692 -0.62808842567764989 0.81431006116641536 1.1824092426582389 0.048812186393407314 -0.60978961648737517 0.086457414097256144 1.5518176540111503 0.22547953008511745 0.06579627365153283 0.5318291172521924 -0.87980488980970084 -0.11187753315269947 1.4682951942158555 0.17020716321595172 0.38977835731333998 -0.014666682481765747 -0.23146377194386264 0.2072185694478279 -0.73145448371939281 -0.67741906661107099
leaf_weight=98 83 85 89 110 85 109 99 88 134 95 83 95 122 87 80 84 84 147 91 123 98 83 91 119 125 135 135 141 97 147 151 100 81 80 95 108 99 108 92 99 102 140 82 81 129 85 86 85
leaf_count=98 83 85 89 110 85 109 99 88 134 95 83 95 122 87 80 84 84 147 91 123 98 83 91 119 125 135 135 141 97 147 151 100 81 80 95 108 99 108 92 99 102 140 82 81 129 85 86 85
internal_value=0 -3.31719 -6.0194 0.116237 0.292793 -0.40855 0.160124 -0.904253 -0.647476 -0.0606116 1.21406 0.106866 -0.0400515 -0.107651 -1.63556 0.0788695 0.366398 0.922205 0.518961 0.446246 -0.592462 -0.365571 0.147807 -0.0585316 0.109988 0.460729 -0.230692 -0.484925 0.0648292 0.340606 0.531846 -0.770284 0.205814 0.103012 0.898486 0.785783 0.613203 -0.150233 -0.398403 0.33428 0.463202 0.638724 0.992357 0.487041 0.117139 0.655367 -0.339123 -1.02264
internal_weight=0 257 174 4788 3583 1205 3133 597 509 320 450 3034 2118 1996 189 608 426 367 225 916 182 993 1003 653 534 220 825 468 342 245 350 327 599 357 317 259 222 362 192 518 423 324 184 191 237 172 166 168
internal_count=5045 257 174 4788 3583 1205 3133 597 509 320 450 3034 2118 1996 189 608 426 367 225 916 182 993 1003 653 534 220 825 468 342 245 350 327 599 357 317 259 222 362 192 518 423 324 184 191 237 172 166 168
is_linear=0
shrinkage=0.05


Tree=32
num_leaves=49
num_cat=0
split_feature=37 4 27 17 17 28 46 3 50 30 36 29 44 8 41 36 12 4 50 28 30 46 28 29 30 23 35 13 34 8 20 42 45 3 8 23 30 27 23 50 36 41 45 18 27 1 34 35
split_gain=958958 679094 1.17759e+06 282678 750651 250251 258207 463757 251029 161663 142729 94363.8 64004.6 59155.3 58290.7 59389.8 46729.9 45264.9 62835.4 45257.8 41933.2 39814.5 35838.1 45792.4 35440.8 41619.5 35180.9 32877.2 25616.2 24505 44035.5 22469.8 21662 22794.3 20789.1 19585.8 34870.9 30414 16675.5 18953.9 18909.7 14739.5 14438 12929.6 10761.8 10558.4 10069.1 5971.78
threshold=88.500000000000014 3.2500000000000004 76.812500000000014 0.21525096525096529 0.36038961038961043 42.500000000000007 0.5475998096715059 132.50000000000003 4.7520337657867566 184.37500000000003 52.500000000000007 5.3958250000000012 10.500000000000002 -0.17739130434782599 6.5000000000000009 38.500000000000007 1.5357142857142849 1.0000000180025095e-35 2.2077756694842283 72.062500000000014 57.500000000000014 0.28313308994381592 72.406250000000014 6.4375000000000009 76.875000000000014 90.750000000000014 16.250000000000004 16.500000000000004 0.31250000000000006 0.065217391304347866 0.42108781311567695 1.2500000000000002 0.97508442350096236 72.500000000000014 0.55043478260869583 87.750000000000014 98.750000000000071 84.187500000000014 83.250000000000014 -0.22968478867876738 4.5000000000000009 1.0000000180025095e-35 -0.26037633224328088 92.500000000000014 75.812500000000014 89.500000000000014 0.87500000000000011 3.035699999999999
decision_type=2 2 2 2 2 2 2 2 2 2 2 2 2 2 2 2 2 2 2 2 2 2 2 2 2 2 2 2 2 2 2 2 2 2 2 2 2 2 2 2 2 2 2 2 2 2 2 2
left_child=1 3 -3 -1 -5 -6 8 11 9 14 -4 42 -11 -13 15 20 27 -17 22 43 -7 24 -19 -24 46 29 38 -15 -27 -26 -31 -30 33 35 -23 36 -32 -37 39 47 44 -29 -8 -14 -41 -39 -22 -18
right_child=-2 2 10 4 5 6 7 -9 -10 12 -12 13 19 16 -16 17 26 18 -20 -21 21 34 23 -25 25 28 -28 41 31 30 32 -33 -34 -35 -36 37 -38 45 -40 40 -42 -43 -44 -45 -46 -47 -48 -49
leaf_value=-2.7088632910679107 -5.4157070395387255 -7.36849120191218 0.47637296319007877 4.7925646724965842 2.5823419126699556 1.2135005772709846 0.28884355820805191 -3.9079056504037646 2.4669912731301959 2.4701503175060928 -2.0693987948553905 -1.6782476230903907 0.90871982041332466 -0.41312233275315902 1.1164126109097388 0.38258260254065202 -1.2665573928414322 -1.0983789824089916 -1.8816720443007389 0.13458128952589193 -0.046180014950888498 0.17254940854324091 -0.73555069959922026 0.64386053340437899 1.3445718347299391 -0.79049093900065803 0.32736362612233799 1.0328707754648139 -0.28563102528904427 -0.3149435064515228 0.32491223070025449 0.68217049316926437 0.0088850410684706681 1.4987591970534553 -0.78120733820622967 -0.22660700010832488 1.6560908450923784 1.1600879879068171 -1.2279108030291706 -0.26089927188158035 0.22867099758204038 0.17851444496819291 1.1571297446044826 1.748612499293827 -0.96699037402868271 0.3764846537348836 -0.83039178925531898 -0.6638437138449762
leaf_weight=80 80 80 159 89 105 99 82 89 137 81 83 80 89 126 142 149 81 105 80 121 83 90 111 129 81 101 108 102 131 158 99 109 125 83 154 130 98 89 103 124 110 100 117 104 96 85 80 92
leaf_count=80 80 80 159 89 105 99 82 89 137 81 83 80 89 126 142 149 81 105 80 121 83 90 111 129 81 101 108 102 131 158 99 109 125 83 154 130 98 89 103 124 110 100 117 104 96 85 80 92
internal_value=0 0.0681068 -2.15002 0.219627 0.270614 0.181286 0.124103 -0.435031 0.38324 0.28419 -0.401687 -0.198273 1.22313 -0.376342 0.136058 0.0768489 -0.274875 -0.365454 -0.627989 0.894629 0.218412 0.159645 -0.332682 0.00547797 0.258983 0.346856 -0.501599 0.21869 -0.126592 0.517111 0.438345 0.154919 0.606422 0.734086 -0.430143 0.60467 0.992143 0.351148 -0.649631 -0.529014 -0.305221 0.612885 0.802577 1.36799 -0.571993 0.781632 -0.433786 -0.951696
internal_weight=0 5049 322 4727 4647 4558 4453 1410 3043 2906 242 1321 395 1122 2511 2369 1042 574 425 314 1795 1696 345 240 1452 1289 714 328 341 948 867 240 709 584 244 501 197 304 606 503 330 202 199 193 220 174 163 173
internal_count=5129 5049 322 4727 4647 4558 4453 1410 3043 2906 242 1321 395 1122 2511 2369 1042 574 425 314 1795 1696 345 240 1452 1289 714 328 341 948 867 240 709 584 244 501 197 304 606 503 330 202 199 193 220 174 163 173
is_linear=0
shrinkage=0.05


Tree=33
num_leaves=49
num_cat=0
split_feature=4 3 0 36 46 2 1 22 15 16 3 29 30 9 2 29 50 11 10 50 21 29 18 9 0 19 50 4 2 36 13 49 35 49 8 0 29 28 42 30 40 31 31 9 6 46 7 29
split_gain=860846 1.52038e+06 260793 330188 228947 388830 382681 415822 166943 125214 195788 91930.3 76185 61766.7 59428.9 55196.8 39695.1 35167.2 30960.4 28817.7 26357.1 24737.7 23844.4 25180.8 32850.8 37057.3 21967.2 23804.8 28466 30432.6 31363.1 25448.6 21633.1 21330.6 21020.5 23127.4 47005.6 21267.7 21757.7 25181.7 17659.1 16915.4 15712.9 14936.2 11086.5 10620.6 7700.72 5285.36
threshold=3.7500000000000004 222.50000000000003 69.750000000000014 72.500000000000014 0.26659387353423869 577.50000000000011 79.500000000000014 81.250000000000014 54.500000000000007 5.7500000000000009 132.50000000000003 5.3958250000000012 175.62500000000003 1.5931618740211888 742.50000000000011 6.6875000000000009 -1.1841998582231665 1.5639534883720965 1.734896684698483 2.2328996210334116 1.8718209155815517 8.1875000000000018 152.50000000000003 0.4989647988659846 79.750000000000014 1.6357642357642359 3.2732456319860437 1.0000000180025095e-35 687.50000000000011 36.500000000000007 28.500000000000004 89.531347163560469 11.250000000000002 79.787128284339076 0.6547826086956523 87.250000000000014 9.0312500000000018 72.406250000000014 1.0000000180025095e-35 115.00000000000003 62.500000000000007 6.5000000000000009 6.5000000000000009 0.62803254824799992 2.5714285714285721 -0.52034141052533245 1.9860139860139865 9.0312500000000018
decision_type=2 2 2 2 2 2 2 2 2 2 2 2 2 2 2 2 2 2 2 2 2 2 2 2 2 2 2 2 2 2 2 2 2 2 2 2 2 2 2 2 2 2 2 2 2 2 2 2
left_child=2 13 8 4 6 -6 7 -4 -1 -8 12 17 20 -2 16 40 47 -7 19 22 26 -17 23 -18 33 -26 27 31 29 30 -29 45 -20 -25 -30 36 42 -37 -39 -40 -14 -38 -36 -24 -33 -11 -22 -13
right_child=1 -3 3 -5 5 11 9 -9 -10 10 -12 14 15 -15 -16 21 18 -19 32 -21 46 -23 43 24 25 -27 -28 28 34 -31 -32 44 -34 -35 35 37 41 38 39 -41 -42 -43 -44 -45 -46 -47 -48 -49
leaf_value=0.80716174444195576 -1.2821808001073469 -8.4018104066209087 0.49650707436275898 -3.076083032532436 -3.5163577498330016 1.597979212789373 -1.5548803856295925 5.0390098314815104 3.6123779258610291 1.2212457588628718 2.6031938316424692 -0.80975372938462253 0.81714121988158173 0.34039681189019105 0.68371583337688613 2.0155719970777919 -0.96798326101796384 0.2836735088408478 -0.18053829113069253 0.21708262692761904 -0.16289593557065185 0.83085687480321746 -0.55748839835049935 -0.17226744721333187 -1.1661380813534099 0.048002099233369039 0.92375946433356637 -0.58090564234578235 0.6793249890451728 -1.2113097347492396 0.67827963744416653 -0.31970703366857312 0.74289811185308707 0.86011106971391416 1.3702766495255325 -0.66279271456805411 0.23452099753488409 -0.39788951820340651 1.0708084412562995 -0.16309819340705872 -0.1725169481673077 -0.7005521175040994 0.44394508752351003 -1.5049269192166381 0.45780098417819276 0.50596114580542595 -0.83846430861088173 -1.4035386711359026
leaf_weight=156 118 81 115 81 89 87 92 89 80 94 89 80 80 115 143 102 144 122 155 148 87 81 80 119 132 119 88 126 152 85 80 103 106 85 90 158 100 144 80 84 101 92 95 90 81 120 82 82
leaf_count=156 118 81 115 81 89 87 92 89 80 94 89 80 80 115 143 102 144 122 155 148 87 81 80 119 132 119 88 126 152 85 80 103 106 85 90 158 100 144 80 84 101 92 95 90 81 120 82 82
internal_value=0 -2.54616 0.152261 0.068054 0.125691 -0.313926 0.416761 2.4932 1.76931 0.245436 0.315241 -0.143499 0.225809 -0.483305 -0.28198 0.888564 -0.385469 0.835781 -0.283995 -0.420649 0.101128 1.49856 -0.543508 -0.393994 -0.210611 -0.592604 0.158103 0.117568 0.0128772 -0.421257 -0.0909873 0.454962 0.195901 0.259988 0.140141 0.0422314 0.332934 -0.19316 0.0491202 0.441649 0.266987 -0.214843 0.899537 -1.06494 0.02319 0.82437 -0.49369 -1.11708
internal_weight=0 314 4788 4552 4471 1781 2690 204 236 2486 2394 1692 2305 233 1483 364 1340 209 1178 917 1941 183 769 599 455 251 1772 1684 1286 291 206 398 261 204 995 843 377 466 308 164 181 192 185 170 184 214 169 162
internal_count=5102 314 4788 4552 4471 1781 2690 204 236 2486 2394 1692 2305 233 1483 364 1340 209 1178 917 1941 183 769 599 455 251 1772 1684 1286 291 206 398 261 204 995 843 377 466 308 164 181 192 185 170 184 214 169 162
is_linear=0
shrinkage=0.05


Tree=34
num_leaves=48
num_cat=0
split_feature=38 4 27 0 17 2 46 42 46 30 36 1 20 2 4 2 3 19 27 3 17 13 42 6 19 30 17 11 7 30 10 46 45 31 20 44 45 0 46 42 10 30 17 19 46 46 18
split_gain=767578 427063 1.18666e+06 217192 348176 386765 133390 114168 92506.3 89769.2 71697.5 50745.2 53474.6 69265.9 48900.9 53644.7 46471.2 41090.4 32907.8 30566.8 29836.7 51326.7 39709.4 33494.5 39193.8 29535.9 27380.7 27021.1 26951.2 21559.6 21181.2 25503.1 20913.1 20279.9 19121.2 18364.4 17805.4 15476.2 13740.2 16490.2 13200.6 13023.5 11188.1 10173.3 10148.6 9768.53 8713.9
threshold=4.5000000000000009 3.7500000000000004 78.937500000000014 70.250000000000014 0.27429467084639503 512.50000000000011 0.56191161272202661 1.7500000000000002 0.87291090774974645 173.12500000000003 19.500000000000004 78.500000000000014 0.024241608438674005 652.50000000000011 1.0000000180025095e-35 647.50000000000011 107.50000000000001 1.6219563216467245 78.312500000000014 67.500000000000014 1.1017241379310347 32.500000000000007 1.7500000000000002 -1.1999999999999993 1.8359046994171291 195.625 0.9582608695652175 1.5639534883720965 1.6153846153846156 136.87500000000006 1.4080863944892761 -0.065537083312030994 -0.13398594226331254 6.5000000000000009 0.68596564725597009 9.2500000000000018 0.45273815774107123 87.250000000000014 -0.24372464231556024 1.2500000000000002 1.3291310381597625 108.12500000000001 0.92582417582417598 1.3503099424681957 -0.73865259438682551 0.8511460603353429 107.50000000000001
decision_type=2 2 2 2 2 2 2 2 2 2 2 2 2 2 2 2 2 2 2 2 2 2 2 2 2 2 2 2 2 2 2 2 2 2 2 2 2 2 2 2 2 2 2 2 2 2 2
left_child=1 3 -3 8 -5 -6 9 -4 -1 11 28 -7 13 -13 29 -16 20 -12 25 33 21 23 37 40 30 26 34 -19 -11 45 31 35 -32 -15 -17 44 -22 -23 39 42 -14 -28 -26 -37 -25 -8 -20
right_child=-2 2 7 4 5 6 14 -9 -10 10 17 12 16 19 15 18 -18 27 46 -21 36 22 -24 24 38 -27 41 -29 -30 -31 32 -33 -34 -35 -36 43 -38 -39 -40 -41 -42 -43 -44 -45 -46 -47 -48
leaf_value=2.7647124461974335 -4.2034856388502027 -6.5805477020780687 -0.75805103644896088 -2.646900708973408 3.457664721662348 1.0889198464980083 -0.50492464114240432 1.7828481389717625 0.81571755731612261 2.1890421458482741 -0.53300054963977861 -1.6862593890300819 -0.13416246366500856 0.13045812364181747 -1.4475890925822368 0.46198932982859064 1.2089724820639407 1.4034102831197823 -1.3560437812987303 0.55226764102451142 -0.80434655274810474 0.80501799849809808 1.6721657403550734 -0.058447566594407765 0.14221251681447031 0.52028764588993137 -1.0117690743169478 0.26169772760496163 1.0529229610463826 0.75282901720358775 0.72583881083233603 -0.98321501511138887 -0.21510712805762888 -0.84782597138768157 -0.38742479135250224 -0.024547954980867454 0.052145136264152826 -0.096262583962406029 0.21097805953391321 1.3447710566627591 -0.99071258913321669 -0.26707933833918623 0.94119807294592628 -0.80776108396904811 0.69202549875798558 0.21243825438168817 -0.61765156984329228
leaf_weight=102 106 88 88 111 87 139 85 87 152 99 86 83 99 91 130 121 111 91 80 121 115 112 95 92 95 118 154 120 117 116 144 90 99 125 144 82 127 82 158 91 82 96 81 83 87 105 85
leaf_count=102 106 88 88 111 87 139 85 87 152 99 86 83 99 91 130 121 111 91 80 121 115 112 95 92 95 118 154 120 117 116 144 90 99 125 144 82 127 82 158 91 82 96 81 83 87 105 85
internal_value=0 0.0769316 -1.87971 0.187196 0.105475 0.176825 0.108562 0.508091 1.60616 0.288686 0.890189 0.164154 0.108898 -0.401646 -0.328783 -0.509389 0.22044 0.38392 -0.354929 -0.0812049 0.159318 0.238901 0.839673 0.103027 0.206647 -0.190269 -0.353769 0.758392 1.58133 0.218814 -0.0297396 -0.238849 0.34318 -0.436977 0.000699637 -0.0418168 -0.356501 0.425524 0.582383 0.800558 -0.525524 -0.728012 0.513167 -0.421021 0.308126 -0.109451 -0.981672
internal_weight=0 4946 263 4683 4429 4318 4231 175 254 2997 513 2484 2345 420 1234 928 1925 297 798 337 1814 1572 289 1283 1102 633 515 211 216 306 677 434 243 216 265 344 242 194 425 267 181 250 176 165 179 190 165
internal_count=5052 4946 263 4683 4429 4318 4231 175 254 2997 513 2484 2345 420 1234 928 1925 297 798 337 1814 1572 289 1283 1102 633 515 211 216 306 677 434 243 216 265 344 242 194 425 267 181 250 176 165 179 190 165
is_linear=0
shrinkage=0.05


Tree=35
num_leaves=45
num_cat=0
split_feature=4 16 2 3 2 50 30 46 29 9 3 0 27 40 29 17 45 15 21 30 2 30 10 27 30 15 10 10 46 18 18 41 19 10 40 49 50 49 27 19 50 17 10 2
split_gain=529163 422414 492603 206441 151789 120487 79214.3 70845.9 66532.4 75605.7 64812.1 63890.8 91614.1 74113.2 60135 49889.6 47441.5 45306.8 46205.3 45893.2 33328.6 32113.1 30619.7 24932.4 23919.6 24675 58878.9 35862 27367.9 26281.8 23770.6 22045.8 21938.9 19402.1 19244.5 19080.5 14901.7 14254.4 12492.9 12215.2 12849 11871.7 10110.5 6100.45
threshold=6.2500000000000009 3.2500000000000004 42.500000000000007 192.50000000000003 752.50000000000011 3.0523792914697983 193.12500000000003 0.080547328232315238 6.9375000000000009 0.4989647988659846 47.500000000000007 80.250000000000014 82.031250000000014 2.5000000000000004 8.0625000000000018 0.96148148148148149 -0.52032787705993211 68.500000000000014 -0.21379908055686767 106.87500000000001 722.50000000000011 145.62500000000003 2.0197709585164954 81.437500000000014 115.00000000000003 78.250000000000014 1.1979518584481312 1.8756684669157091 -0.61236746317008228 127.50000000000001 87.500000000000014 1.5000000000000002 3.8235712492678435 2.0197709585164954 6.5000000000000009 86.22303445308809 0.62303862065915905 88.982130298960229 84.812500000000014 1.5535138187312103 1.0721807903521354 1.0417391304347829 1.0616727718655929 722.50000000000011
decision_type=2 2 2 2 2 2 2 2 2 2 2 2 2 2 2 2 2 2 2 2 2 2 2 2 2 2 2 2 2 2 2 2 2 2 2 2 2 2 2 2 2 2 2 2
left_child=1 -1 -3 4 5 6 7 8 9 -4 22 13 -13 33 16 17 -8 -12 34 -20 30 24 39 -18 25 26 28 35 -10 31 -11 -27 -24 -7 -19 -28 -37 -26 -22 42 43 -17 -9 -41
right_child=-2 2 3 -5 -6 11 14 10 21 20 15 12 -14 -15 -16 41 23 18 19 -21 38 -23 32 -25 37 29 27 -29 -30 -31 -32 -33 -34 -35 -36 36 -38 -39 -40 40 -42 -43 -44 -45
leaf_value=-2.9529340807451021 -2.880069281565433 3.4719173261097502 0.98253630194248576 -2.1782980489234132 1.829007103529416 0.17949335580674289 0.15675985881733517 -0.11743793992734537 1.6599818253141689 -0.45326111895533705 0.47866616594231026 -0.88485640504649865 1.2427228905260563 2.1889179625079151 -0.24754828662680303 -1.7794892367021538 0.96692710658109271 -1.7042479995599729 0.52623882427686408 -0.91171886822065484 -0.36512047397410313 1.1546078912041209 0.98155290577398702 2.0465935524119891 -0.60857085786826381 0.088561477304315905 -0.6730891052314214 1.0017849578307225 0.62028104469521361 0.60086897802539174 -1.361728719382608 -0.92377291858196264 -0.073435788216262038 1.1710421435134386 -0.68528914026757504 -0.28011559574376971 0.66787216227229051 0.2371349719270236 0.3784825211124761 -0.46682348032481968 0.42140291297276111 -0.99590039898951854 -0.87582312321540012 -0.0010772448626293499
leaf_weight=108 150 111 98 95 132 106 125 81 126 155 116 106 95 128 148 80 152 96 118 103 148 110 114 85 111 146 104 90 130 131 136 84 86 92 93 83 81 89 90 127 111 137 96 156
leaf_count=108 150 111 98 95 132 106 125 81 126 155 116 106 95 128 148 80 152 96 118 103 148 110 114 85 111 146 104 90 130 131 136 84 86 92 93 83 81 89 90 127 111 137 96 156
internal_value=0 0.124996 0.194835 0.116552 0.164461 0.11483 0.0196845 -0.0669145 0.135389 -0.286553 -0.32232 0.824062 0.12189 1.2553 0.600419 -0.655235 0.946828 -0.390743 -0.637289 -0.145029 -0.523069 0.341333 -0.00106281 1.36112 0.26428 0.366405 0.559022 0.144078 1.13648 0.0381562 -0.881046 -0.283559 0.529799 0.643782 -1.2091 -0.146612 0.189308 -0.232924 -0.083519 -0.187605 -0.0322162 -1.29162 -0.531375 -0.210995
internal_weight=0 4909 4801 4690 4595 4463 3936 3426 1912 627 1514 527 201 326 510 743 362 526 410 221 529 1285 771 237 1175 975 614 358 256 361 291 230 200 198 189 268 164 200 238 571 394 217 177 283
internal_count=5059 4909 4801 4690 4595 4463 3936 3426 1912 627 1514 527 201 326 510 743 362 526 410 221 529 1285 771 237 1175 975 614 358 256 361 291 230 200 198 189 268 164 200 238 571 394 217 177 283
is_linear=0
shrinkage=0.05


Tree=36
num_leaves=48
num_cat=0
split_feature=4 3 0 1 43 19 2 33 17 2 46 0 18 29 19 30 12 40 30 29 2 30 20 17 18 19 29 30 17 3 30 3 19 30 49 28 14 46 6 36 6 30 2 48 19 36 33
split_gain=872757 1.39251e+06 323732 387871 224480 178852 178087 142672 113694 103553 90877.4 84093.1 84027.8 61564.6 46058.2 57672.5 51133.1 47786.9 47370.4 39733.7 35558.7 35137.3 58067.9 33993.5 39977.1 28481.6 27552 25691.7 41738 40857.4 36452.2 26793.2 25401.7 23398 20978.2 20836 20232.5 37190.3 25563.1 18212.5 17639.1 17288 29777.8 16421.5 13764.2 13166.3 7152.06
threshold=3.2500000000000004 237.50000000000003 69.750000000000014 71.500000000000014 7.7500000000000009 -0.3558241758241758 567.50000000000011 1.1250000000000002 0.70777988614800769 757.50000000000011 0.36447543099728863 78.750000000000014 47.500000000000007 5.3958250000000012 1.6219563216467245 230.62500000000003 3.1904761904761938 58.500000000000007 145.62500000000003 11.062500000000002 632.50000000000011 125.62500000000001 0.7255405884438143 1.0357598978288636 122.50000000000001 2.2421111345373226 13.062500000000002 102.81250000000001 0.9582608695652175 62.500000000000007 166.87500000000003 67.500000000000014 0.60644107577301332 135.62500000000006 90.488152686857504 72.562500000000014 1.5000000000000002 -0.71502926860092908 0.34285714285714292 3.5000000000000004 0.34285714285714275 105.62500000000001 712.50000000000011 1.0000000180025095e-35 3.8578021978021977 10.500000000000002 0.54164999999999719
decision_type=2 2 2 2 2 2 2 2 2 2 2 2 2 2 2 2 2 2 2 2 2 2 2 2 2 2 2 2 2 2 2 2 2 2 2 2 2 2 2 2 2 2 2 2 2 2 2
left_child=2 12 7 -4 5 8 -7 -1 -5 10 11 -8 -2 39 16 17 21 18 36 27 -14 26 -23 24 33 -20 32 28 29 -15 31 46 -13 -19 35 45 38 -38 -16 -12 -21 42 -39 -32 -30 -34 -29
right_child=1 -3 3 4 -6 6 9 -9 -10 -11 13 14 20 19 15 -17 -18 23 25 40 -22 22 -24 -25 -26 -27 -28 30 44 -31 43 -33 34 -35 -36 -37 37 41 -40 -41 -42 -43 -44 -45 -46 -47 -48
leaf_value=3.2038192929863936 0.69778079910333768 -7.9740692729041687 -3.0997472675947044 3.0979486606739188 2.6838613949464949 -1.9812493491990892 1.4712409730759457 0.6475591385454843 0.46596716387306947 1.7151294708547029 1.1634956573728812 -0.51475676593857 -1.9404154954954635 -0.0015020367184668097 0.088647292946011591 1.6301783546170387 0.87751174851900027 0.23527139969940844 1.870758262036861 -0.50364647565927723 -0.54277779021859174 -1.7075581666532456 -0.084508807333648628 -0.75298831500381025 0.89800405121545812 0.69622138294958535 -0.74766562037097595 -0.735033611766994 -0.04811508670574477 1.3798543987693368 -0.38130756871855781 -1.3448530019020604 0.58970746471768332 -0.82664636782509227 -0.27191809592241384 1.0831508484298149 0.96548615746638355 0.64313892908394343 1.0883906050995513 0.13851810878720777 -1.347475394901509 -0.82937200236178588 -0.64189706170164484 0.44821629170929234 -0.85251788564564035 -0.25642573230150267 -0.14994116188623968
leaf_weight=124 85 83 90 80 88 101 138 98 84 100 87 112 85 130 116 87 126 115 86 132 99 90 140 138 121 132 102 95 118 90 114 123 104 93 105 112 84 95 142 86 119 83 84 123 96 81 116
leaf_count=124 85 83 90 80 88 101 138 98 84 100 87 112 85 130 116 87 126 115 86 132 99 90 140 138 121 132 102 95 118 90 114 123 104 93 105 112 84 95 142 86 119 83 84 123 96 81 116
internal_value=0 -2.35401 0.224189 0.13116 0.198426 0.146708 0.0819811 2.08334 1.76085 0.134363 0.0935587 0.27616 -0.596831 -0.224079 0.205324 0.391342 -0.0581413 0.306529 0.535777 -0.34596 -1.19542 -0.198365 -0.724258 -0.0972696 0.179222 1.166 -0.00115393 -0.20496 0.0849427 0.567285 -0.425069 -0.7608 0.148151 -0.241212 0.33366 0.547948 0.306762 0.0564241 0.640971 0.657694 -0.907468 -0.237594 0.0398894 0.0492792 -0.411255 0.219851 -0.415596
internal_weight=0 352 4680 4458 4368 4280 4116 222 164 4015 3915 2486 269 1429 2348 1376 972 1289 822 1256 184 846 230 467 329 218 616 1005 434 220 571 334 514 208 402 297 604 346 258 173 251 262 179 237 214 185 211
internal_count=5032 352 4680 4458 4368 4280 4116 222 164 4015 3915 2486 269 1429 2348 1376 972 1289 822 1256 184 846 230 467 329 218 616 1005 434 220 571 334 514 208 402 297 604 346 258 173 251 262 179 237 214 185 211
is_linear=0
shrinkage=0.05


Tree=37
num_leaves=48
num_cat=0
split_feature=3 30 50 2 37 30 10 9 50 36 3 50 2 41 17 8 29 17 30 28 2 48 22 28 19 34 8 8 14 36 45 45 19 37 30 41 14 21 6 15 35 36 8 30 17 17 37
split_gain=916702 1.32429e+06 175413 227494 195317 114234 63366.5 87775.7 63170.6 58330.7 56747.6 56155.6 46542.3 44224.1 35594.6 37154.4 33730.3 39342.2 35241.1 35872.3 65870.7 29844.6 29721.8 28196.8 25233.5 31306.9 25036.6 26952.8 23511.4 23358.5 22841.5 39395.4 38144.2 21934.6 25758.6 20833 17044.7 19340.7 23729.6 17221 16943.6 21640.4 23746.1 14324.9 12308.8 12195.1 7167.96
threshold=672.50000000000011 170.62500000000003 5.8594938975876412 627.50000000000011 66.500000000000014 170.62500000000003 0.82323192324752359 0.76148270704399923 0.9809633047681886 56.500000000000007 107.50000000000001 -1.1841998582231665 722.50000000000011 6.5000000000000009 0.96424010217113676 0.48776455074905689 12.187500000000002 0.55586206896551738 108.12500000000001 73.187500000000014 687.50000000000011 0.28402624511468205 88.250000000000014 65.937500000000014 1.6880131362889983 0.62500000000000011 0.28709677419354845 0.68608695652173923 2.5000000000000004 14.500000000000002 0.35846314187849709 -0.82415615971448097 2.7844827586206895 11.500000000000002 104.37500000000003 1.5000000000000002 2.5000000000000004 0.34047383593662778 2.2285714285714291 69.250000000000014 16.250000000000004 2.5000000000000004 1.3173913043478263 129.37500000000003 0.95445134575569368 0.6478537360890303 13.500000000000002
decision_type=2 2 2 2 2 2 2 2 2 2 2 2 2 2 2 2 2 2 2 2 2 2 2 2 2 2 2 2 2 2 2 2 2 2 2 2 2 2 2 2 2 2 2 2 2 2 2
left_child=2 -2 3 4 6 8 -1 -8 12 11 16 -7 14 30 21 -16 17 -10 26 20 -20 24 28 -22 33 -26 -19 -28 -17 -25 31 -13 -32 -5 -35 -33 37 46 -39 -38 41 -29 -43 -21 -41 -18 -14
right_child=1 -3 -4 5 -6 9 7 -9 10 -11 -12 13 36 -15 15 22 45 18 19 43 23 -23 -24 29 25 -27 27 40 -30 -31 32 35 -34 34 -36 -37 39 38 -40 44 -42 42 -44 -45 -46 -47 -48
leaf_value=0.59023424875228969 -0.13036839210823789 -7.8263609917609251 1.876676636774774 -0.90974735715473543 -3.0814782242185061 -0.43280153446886915 -2.0822382575143936 0.16561704379427866 -0.72398416633086826 -0.39820761522676196 1.5002399622700935 1.4501567507727762 0.32496237064833228 1.9834037716852295 -1.5501269690448716 0.42082321086142321 -0.04130675252302584 1.3901901706550899 -1.3062366304072468 1.159690392090053 0.75223762377623526 -0.80775514725981079 -1.1761703932183047 -0.79276310939055228 -0.33017588527278696 0.8377460349250484 -0.33654880101189893 -0.15238952302759645 -0.61462457199891407 0.30455785943911629 1.6937797981021288 -0.14675364821187911 0.43339492590078771 0.49084743576601514 -0.54085801783179455 0.7291913808192596 0.37816147474588546 0.13885004865788969 1.1958372928828838 -0.050517851027889527 1.2303361930345236 1.2462390738751805 0.2277000956555717 0.22729173744426057 -0.76109911309047185 -0.88703175851803151 -0.26271935517297074
leaf_weight=93 145 90 133 98 96 82 91 82 92 116 85 88 91 89 106 100 82 88 98 81 125 144 101 90 93 147 84 98 119 103 142 154 105 120 120 120 112 106 106 137 94 113 116 84 109 88 118
leaf_count=93 145 90 133 98 96 82 91 82 92 116 85 88 91 89 106 100 82 88 98 81 125 144 101 90 93 147 84 98 119 103 142 154 105 120 120 120 112 106 106 137 94 113 116 84 109 88 118
internal_value=0 -3.09844 0.0928493 0.0420472 -1.16044 0.142499 -0.458194 -1.02195 0.0117321 0.645143 0.252533 0.800619 -0.178367 0.945931 -0.380658 -0.742587 0.177686 0.266542 0.344714 0.0677174 -0.179863 -0.166377 -0.471094 0.170265 -0.00546872 0.385684 0.615535 0.478065 -0.142054 -0.208595 0.791311 0.535948 1.1619 -0.283529 -0.025109 0.238129 0.119852 0.335176 0.670477 -0.133594 0.641013 0.468371 0.733531 0.689243 -0.367176 -0.481721 -0.00650983
internal_weight=0 235 4839 4706 362 4344 266 173 3448 896 1521 780 1927 698 1148 426 1436 1266 1174 581 416 722 320 318 578 240 593 505 219 193 609 362 247 338 240 274 779 421 212 358 421 327 229 165 246 170 209
internal_count=5074 235 4839 4706 362 4344 266 173 3448 896 1521 780 1927 698 1148 426 1436 1266 1174 581 416 722 320 318 578 240 593 505 219 193 609 362 247 338 240 274 779 421 212 358 421 327 229 165 246 170 209
is_linear=0
shrinkage=0.05


Tree=38
num_leaves=50
num_cat=0
split_feature=4 3 17 2 9 2 46 2 50 37 0 30 29 37 36 4 17 50 30 3 29 45 29 50 3 35 46 30 10 11 21 18 30 9 14 36 30 27 49 45 2 20 20 46 7 17 2 48 13
split_gain=831836 1.66096e+06 326222 765335 122520 113589 93827.6 159854 113551 83255.7 70346 67221.6 59540.9 42147.8 37298.2 46947.9 94121.9 28286.6 28844.7 28034.4 37726 25283.2 25245.2 24260.1 23332.6 27938.1 21514.2 24084.3 20020.8 21011.7 29007 22574.5 20299.6 18369.3 17804.8 16530.1 23541.8 16461 19973 13114.7 12638.7 12240.6 14877.9 25032.2 14818.9 12087.8 9229.62 7097.87 2640.06
threshold=3.2500000000000004 237.50000000000003 0.26969696969696971 47.500000000000007 1.1303215444083681 752.50000000000011 0.3484035575467645 627.50000000000011 4.6465747256124539 49.500000000000007 71.250000000000014 175.62500000000003 5.3958250000000012 65.500000000000014 38.500000000000007 1.0000000180025095e-35 0.73508771929824568 -1.1841998582231665 190.62500000000003 17.500000000000004 6.6875000000000009 -0.26037633224328088 6.8125000000000009 -0.84433544218002499 97.500000000000014 18.750000000000004 -0.98801846520836312 154.37500000000003 1.8417314154198832 1.5639534883720965 -0.60209003773558567 147.50000000000003 102.81250000000001 0.79591616726460612 1.0000000180025095e-35 13.500000000000002 66.875000000000014 78.812500000000014 91.431264255350399 0.34235194516023087 717.50000000000011 2.1105841526894165 0.50968240964142841 -0.34234976856068178 -0.20979020979020965 0.92582417582417598 712.50000000000011 -0.18685055305438422 26.500000000000004
decision_type=2 2 2 2 2 2 2 2 2 2 2 2 2 2 2 2 2 2 2 2 2 2 2 2 2 2 2 2 2 2 2 2 2 2 2 2 2 2 2 2 2 2 2 2 2 2 2 2 2
left_child=2 4 -1 -4 -2 6 8 -8 11 -6 34 14 21 19 23 -16 -17 48 24 -13 -21 -12 46 -5 25 35 -25 28 29 30 -28 37 -33 -30 -9 36 -19 -31 41 40 47 42 44 -44 -39 -41 -18 -38 -14
right_child=1 -3 3 5 9 -7 7 10 -10 -11 12 13 17 -15 15 16 22 18 -20 20 -22 -23 -24 26 -26 -27 27 -29 33 31 -32 32 -34 -35 -36 -37 39 38 -40 45 -42 -43 43 -45 -46 -47 -48 -49 -50
leaf_value=-2.5167971304484777 -1.93263006381532 -8.4511603759316838 4.6556176235801301 -0.51989082364808947 1.4625986095113928 1.5830842040305915 -1.8450010291198744 1.1073735940304117 1.8248421400452832 -0.66125814433281249 0.043404164566443519 0.46320770914769832 -1.1415704224483076 -0.16915605265114989 0.50113297286629688 -1.8338294587742823 -0.87899377402137313 0.048501403825451629 0.39989883547708871 0.81397284816722493 2.2844064546794427 1.2194758507192776 0.38770845816053195 0.92088971075296788 0.37379958864812757 0.38071966462946955 -1.0298070080736852 0.92766642782975139 1.1196944497050123 -0.50633781589567661 0.084309859713239066 1.1157335572496609 0.071359903697507929 0.12433634560595277 0.20541463396962611 -0.036422100596463503 -0.91198445411210649 0.54239315713153169 -0.53554031405338021 -0.13642984683046472 -0.52793420428758142 -0.25015656562095667 1.2166964754110881 0.053601142193800133 -0.39694241533078345 -0.93717557909977023 -0.14019669824561407 -1.5524757232666015 -0.71732752395861121
leaf_weight=111 93 84 94 104 82 128 136 136 111 103 90 107 82 83 149 103 84 98 154 97 81 92 144 115 101 93 93 107 93 111 154 107 82 92 92 133 88 84 85 110 90 82 109 80 82 82 85 99 82
leaf_count=111 93 84 94 104 82 128 136 136 111 103 90 107 82 83 149 103 84 98 154 97 81 92 144 115 101 93 93 107 93 111 154 107 82 92 92 133 88 84 85 110 90 82 109 80 82 82 85 99 82
internal_value=0 -2.33441 0.149512 0.214327 -0.462518 0.120748 0.0776811 -0.204914 0.267017 0.282929 -0.0663454 0.197509 -0.199636 0.820889 0.0902282 -0.258131 -0.530628 -0.326342 -0.230281 1.1088 1.49213 0.641317 -0.0973047 0.214884 -0.339161 -0.430323 0.266974 0.211084 0.14925 0.0658827 -0.337636 0.187398 0.665379 0.628035 0.745912 -0.538466 -0.655957 0.0438584 0.161599 -0.802948 -1.02322 0.298111 0.4251 0.727254 0.0787856 -0.481499 -0.51042 -1.25752 -0.935082
internal_weight=0 362 4715 4604 278 4510 4382 1758 2624 185 1622 2513 1394 368 2145 565 416 1212 1048 285 178 182 313 1580 894 793 1476 1361 1254 1069 247 822 189 185 228 700 567 633 522 469 277 437 355 189 166 192 169 187 164
internal_count=5077 362 4715 4604 278 4510 4382 1758 2624 185 1622 2513 1394 368 2145 565 416 1212 1048 285 178 182 313 1580 894 793 1476 1361 1254 1069 247 822 189 185 228 700 567 633 522 469 277 437 355 189 166 192 169 187 164
is_linear=0
shrinkage=0.05


Tree=39
num_leaves=50
num_cat=0
split_feature=4 28 38 0 49 17 37 46 17 50 43 45 0 7 7 50 29 46 46 30 20 41 21 8 50 17 19 48 10 6 41 33 21 8 29 45 21 8 20 48 37 9 20 4 7 7 17 19 17
split_gain=543921 838550 217515 203377 316301 312760 197492 189724 145580 122189 121915 104810 85115.9 84456.5 234215 58667.8 57443.2 55624.6 41380.7 44197.4 41248.6 37944.7 35838.5 33828.4 45489.9 39740.4 32093.8 28315.5 28244.8 28198.5 25074.7 25051.9 30307.8 22650.4 21114.6 20266.2 22448.9 19656.4 35675.5 19247.3 18499.4 17627.6 23568.7 15761.4 14508.2 13639.4 12313 10982 8170.59
threshold=3.2500000000000004 65.312500000000014 4.5000000000000009 78.750000000000014 79.922278480867121 0.50806451612903236 66.500000000000014 0.63089349388778826 0.64400921658986188 2.0509683534521348 6.2500000000000009 0.85673801594079257 71.250000000000014 0.92517482517482541 0.88111888111888148 1.7681798044144588 6.0625000000000009 -0.98212955754013376 0.19969739736768838 163.12500000000006 3.5232198142414863 4.5000000000000009 -0.48438467699631355 -0.14999999999999994 2.2328996210334116 0.70777988614800769 3.48618528009079 -0.41650272157653118 2.3897769544408889 1.7394957983193284 5.5000000000000009 0.31250000000000006 0.93054665123631264 1.447826086956522 10.812500000000002 -0.57078386445773377 1.2642089859301395 0.34173913043478271 0.49719682594445413 0.065599478580966958 6.5000000000000009 0.64416078545056399 1.0990450725744847 0.62500000000000011 1.6153846153846156 1.0000000180025095e-35 0.91779279279279291 1.3234485356436581 0.95445134575569368
decision_type=2 2 2 2 2 2 2 2 2 2 2 2 2 2 2 2 2 2 2 2 2 2 2 2 2 2 2 2 2 2 2 2 2 2 2 2 2 2 2 2 2 2 2 2 2 2 2 2 2
left_child=2 -2 3 5 -5 -1 9 11 -9 -3 13 -7 28 14 17 20 -14 -6 19 33 22 -13 27 -19 25 34 40 -15 -10 35 37 -31 -33 -17 -25 46 44 -27 39 -39 -18 42 -40 47 -37 -26 -24 -29 -43
right_child=1 6 -4 4 10 7 -8 8 12 -11 -12 21 16 15 -16 18 26 23 -20 -21 -22 -23 29 24 45 30 -28 43 -30 31 -32 32 -34 -35 -36 36 -38 38 41 -41 -42 48 -44 -45 -46 -47 -48 -49 -50
leaf_value=3.2034625264263248 -6.3152131447085633 -0.73909075867046015 -2.3699331708070708 -2.3470651212211391 1.0484393245572674 3.0732739516800005 -2.5338078287068537 -1.9072430608502355 1.8995662082325329 1.7939465207712992 1.7387166887780894 0.43600078475016818 0.9092334195040167 -0.92333428775486748 -2.2984334237128499 0.33635817514338967 0.51551389344864418 -0.83716307138874591 -0.1119731135831939 2.0715179230975007 -0.76859005577520501 1.811265493803714 0.18702133982664063 -1.1937840641609261 1.2225866378089529 0.59710612368583682 -1.0466703337086134 -0.016112666549506011 0.59083674900049787 0.15986145794391635 0.83869101105809174 1.8324505009370693 0.63111882957962018 1.3097191160065789 -0.26261702647213553 -0.23791461012981557 1.1360411035214983 -1.0477203437708373 0.36747384173795583 -0.13072505984820573 -0.49826424724525875 0.8818005468006489 -0.55773974753066191 -0.4029316617518055 0.64446904383054593 0.31847557485773326 -0.65782120541742684 0.8070991309677682 0.16902970896988381
leaf_weight=122 80 109 81 132 115 83 84 82 87 83 114 129 111 91 119 141 89 136 89 86 108 82 83 111 80 99 120 80 80 109 86 84 142 104 135 107 81 132 127 101 89 80 148 97 81 88 88 81 81
leaf_count=122 80 109 81 132 115 83 84 82 87 83 114 129 111 91 119 141 89 136 89 86 108 82 83 111 80 99 120 80 80 109 86 84 142 104 135 107 81 132 127 101 89 80 148 97 81 88 88 81 81
internal_value=0 -1.84178 0.18277 0.228126 0.0450202 0.830376 -0.527011 0.523219 0.0507708 0.359542 0.138442 1.57685 0.332338 0.0824806 -0.171882 0.334639 -0.0567329 -0.00388328 0.844247 1.10092 0.160365 0.976487 0.250228 -0.0907627 -0.0101105 -0.127342 -0.418377 -0.170163 1.27988 0.439515 0.0341704 0.784503 1.08374 0.753184 -0.68591 0.175671 0.445582 -0.0568926 -0.154419 -0.652482 0.00867301 0.112631 -0.130676 0.0980297 0.14366 0.753691 -0.249048 0.400475 0.526459
internal_weight=0 356 4691 4610 3536 1074 276 952 658 192 3404 294 576 3290 1638 1652 409 1519 420 331 1232 211 1124 1404 1268 1100 298 349 167 775 854 335 226 245 246 440 269 768 669 233 178 436 275 258 188 168 171 161 161
internal_count=5047 356 4691 4610 3536 1074 276 952 658 192 3404 294 576 3290 1638 1652 409 1519 420 331 1232 211 1124 1404 1268 1100 298 349 167 775 854 335 226 245 246 440 269 768 669 233 178 436 275 258 188 168 171 161 161
is_linear=0
shrinkage=0.05


Tree=40
num_leaves=48
num_cat=0
split_feature=2 50 50 3 50 40 2 35 36 8 2 35 13 0 37 46 50 13 3 16 29 36 45 20 29 14 20 15 34 9 5 46 10 36 10 46 46 29 34 46 3 20 28 29 18 9 10
split_gain=811334 526530 390188 268984 85032.2 78943.9 98061.6 93732.8 80619.7 66448.4 55901.1 50992.6 50146.1 41460.9 43871.9 36318.6 34342.9 35883.7 42700.5 41114.9 30131.2 29523.1 26917.7 81058.7 35688.3 25067.2 25059 24040.8 23259.3 21947.4 20276.4 22166.8 19567.8 27348.7 25432.6 27143.5 23884.8 18629.4 17738.4 16097.7 14808.6 14615.1 10604.3 16791.3 11943.4 9143.06 5905.98
threshold=7.5000000000000009 5.7110262175676292 7.2437188972105355 192.50000000000003 1.9437218890172832 64.500000000000014 662.50000000000011 12.708349999999998 29.500000000000004 -0.14999999999999994 747.50000000000011 26.250000000000004 16.500000000000004 81.750000000000014 31.500000000000004 0.63089349388778826 -1.3504067231797661 19.500000000000004 67.500000000000014 8.2500000000000018 8.0625000000000018 50.500000000000007 0.94425825643485939 1.7867347706057386 9.2812500000000018 1.5000000000000002 -2.1364440513047316 59.500000000000007 1.3750000000000002 0.49145229857413525 1.0000000180025095e-35 -0.6391983530350368 1.0686314721265771 2.5000000000000004 2.0555554184571494 0.28313308994381592 -0.93543596745397617 6.2916750000000006 1.1250000000000002 -0.22700609751797865 62.500000000000007 0.75079159696485187 68.812500000000014 7.0625000000000009 107.50000000000001 0.85592164416559058 1.479671783691576
decision_type=2 2 2 2 2 2 2 2 2 2 2 2 2 2 2 2 2 2 2 2 2 2 2 2 2 2 2 2 2 2 2 2 2 2 2 2 2 2 2 2 2 2 2 2 2 2 2
left_child=1 -1 3 4 9 7 -7 12 28 13 11 16 -6 14 -2 22 20 18 19 -18 -11 25 23 24 -14 -13 -19 -17 -9 40 31 -21 33 -31 35 36 -34 -37 -36 -35 -28 -38 -43 -44 -45 -39 -33
right_child=2 -3 -4 -5 5 6 -8 8 -10 10 -12 21 15 -15 -16 27 17 26 -20 30 -22 -23 -24 -25 -26 -27 29 -29 -30 32 -32 46 34 39 38 37 41 45 -40 -41 -42 42 43 44 -46 -47 -48
leaf_value=-6.1734561965579076 -0.31735166719085295 -0.70366191458194827 3.4414150047031313 -2.1442718044374929 -0.73292751901961395 -1.633440044886536 0.61162992826188511 1.3552355219210899 2.7248681179633958 0.055665893208922693 1.2357891879614118 1.2800515395175938 2.1246604609890145 0.011980403477037459 -1.8051687300486385 0.58658557769692976 -0.64925315946829132 -0.92533012362463141 1.1872034488185761 1.2221800430307113 -1.0771101736504098 -0.25037519046921791 0.15418313002912329 -0.31364789097397416 0.79167941520502283 0.35293932598498134 -0.097136917434956727 -0.55073141671648818 0.39977699329455696 -0.34497260905447463 -0.12828416599020842 -0.0096073167113696831 -0.57207600249319668 1.0546513144218403 0.88021629360978904 0.076740080412523254 0.61589782820486538 -0.54891500052283793 -0.07639522718058693 0.26475569171458485 -0.99080437039074154 -0.39838570800088979 -0.30404598264612703 0.021977196687675386 0.8419767891623311 -1.2146342992782593 0.58679810473468252
leaf_weight=83 94 93 87 131 93 89 105 139 81 102 102 150 118 141 105 80 121 83 123 102 137 80 124 80 90 143 91 108 119 104 123 84 146 114 105 80 126 135 89 149 94 117 116 82 96 86 81
leaf_count=83 94 93 87 131 93 89 105 139 81 102 102 150 118 141 105 80 121 83 123 102 137 80 124 80 90 143 91 108 119 104 123 84 146 114 105 80 126 135 89 149 94 117 116 82 96 86 81
internal_value=0 -3.30347 0.141759 0.0819705 0.144107 0.502284 -0.42142 0.676165 1.35631 0.0185713 0.0900796 0.0514854 0.341979 -0.64456 -1.10748 0.509532 -0.0246689 0.0313 0.354776 0.152479 -0.595448 0.598478 0.771779 1.03624 1.55444 0.83031 -0.0819516 -0.0662238 0.917785 -0.0409777 0.402246 0.646214 0.0207831 0.339066 -0.0785797 -0.1818 -0.00725612 -0.576522 0.443217 0.609842 -0.554102 0.147085 0.00221593 0.162449 0.466457 -0.812278 0.284945
internal_weight=0 176 4945 4858 4727 1226 194 1032 339 3501 3161 3059 693 340 199 600 2686 2447 634 511 239 373 412 288 208 293 1813 188 258 1730 390 267 1545 367 1178 984 683 301 194 263 185 537 411 294 178 221 165
internal_count=5121 176 4945 4858 4727 1226 194 1032 339 3501 3161 3059 693 340 199 600 2686 2447 634 511 239 373 412 288 208 293 1813 188 258 1730 390 267 1545 367 1178 984 683 301 194 263 185 537 411 294 178 221 165
is_linear=0
shrinkage=0.05


Tree=41
num_leaves=50
num_cat=0
split_feature=2 50 37 50 27 30 2 20 9 4 12 30 6 13 42 35 45 2 45 16 10 50 30 21 6 2 18 2 31 33 15 31 48 34 20 41 21 31 10 20 13 48 7 41 45 18 40 30 10
split_gain=772120 1.11678e+06 416344 125621 158407 91360.8 89822.9 81060.1 47501.6 40694.9 46191.8 39961.2 50037 44001.3 66024.8 35145.3 49058.3 33171.6 32957.9 32593 47220.2 30925.3 34848.9 52498.8 29389.9 26281 25417 27919.6 24642.1 24563.8 21996.9 19964.4 24872 19955.6 22783.7 19687.5 21850 17997.3 17485.7 17294.4 17111.5 15674.9 15244.8 13682 15032.4 12398.7 10853.4 9778.45 7682.09
threshold=262.50000000000006 4.5152054901559575 44.500000000000007 4.9575011044086077 76.062500000000014 184.37500000000003 602.50000000000011 -0.17762845849802358 0.63660201852143727 0.62500000000000011 1.5357142857142849 102.81250000000001 -4.6285714285714272 34.500000000000007 1.2500000000000002 8.7500000000000018 0.63920241694561786 687.50000000000011 0.24372619187392155 10.500000000000002 0.87705631117922545 0.13652873364118537 75.625000000000014 0.81866646866646431 0.68571428571428628 722.50000000000011 112.50000000000001 692.50000000000011 6.5000000000000009 0.54164999999999719 75.500000000000014 6.5000000000000009 -0.19843680242218262 1.3750000000000002 0.94598332701780985 3.5000000000000004 1.0921850887742937 6.5000000000000009 1.2068149201299636 0.91226065206141116 24.500000000000004 -0.39684465883595316 1.427572427572428 1.5000000000000002 -0.25205528343633254 82.500000000000014 37.500000000000007 106.87500000000001 1.3606855127386981
decision_type=2 2 2 2 2 2 2 2 2 2 2 2 2 2 2 2 2 2 2 2 2 2 2 2 2 2 2 2 2 2 2 2 2 2 2 2 2 2 2 2 2 2 2 2 2 2 2 2 2
left_child=1 -1 -3 5 -5 6 -2 -7 24 10 19 12 -11 17 -15 16 -10 18 -13 20 -8 30 -23 28 -9 -17 31 39 -24 48 38 32 -12 34 -31 36 37 -29 -14 -28 -27 -21 -43 44 -33 -34 -22 -39 -19
right_child=3 2 -4 4 -6 7 9 8 15 11 26 13 21 14 -16 25 -18 29 -20 41 46 22 23 -25 -26 40 27 35 -30 33 -32 43 45 -35 -36 -37 -38 47 -40 -41 -42 42 -44 -45 -46 -47 -48 -49 -50
leaf_value=-7.1705527750651044 -1.3870090421983752 -2.5293735071555856 2.3268572913275825 -0.28537849180920183 2.5528600944559381 -0.50354192820755217 1.1464188345036534 0.90698345547257841 -0.62671097167883039 1.2443939094083856 0.026091350368724384 -1.6304100432395936 -1.287319260254139 -0.61681367390364128 1.2161840767302412 1.5732082353175985 0.96317930692507903 -0.48643450478276051 -0.40040814647770895 1.4495905213057996 -0.54673955537439356 -0.4218450384151165 -0.49732166925128907 1.3838319865454523 2.1432511858685928 0.99338234308693141 1.2014079857956279 -0.85452129829812939 0.56174702709704116 -0.83922464566735122 0.10347385914237411 0.1804892336653772 -0.48440795221127741 0.56115716434187357 0.26545455206842988 0.61858541006391699 0.58301917299991701 0.30779892968148304 -0.35761362984776501 0.21639862005340765 -0.0082415103912353519 0.12668691462859877 1.0118250934058817 0.4001389055872957 -0.67956219117358785 -1.3525303808321436 0.19949845748919029 -0.40219401299338986 -1.1650239345095144
leaf_weight=89 117 96 80 85 115 147 85 117 120 82 120 124 81 102 93 91 80 90 98 93 122 146 105 111 84 89 98 107 113 103 134 106 85 89 84 109 81 96 135 82 81 81 122 149 96 82 80 96 81
leaf_count=89 117 96 80 85 115 147 85 117 120 82 120 124 81 102 93 91 80 90 98 93 122 146 105 111 84 89 98 107 113 103 134 106 85 89 84 109 81 96 135 82 81 81 122 149 96 82 80 96 81
internal_value=0 -2.63994 -0.321321 0.127718 1.35119 0.0740899 -0.0292144 0.555957 0.791628 0.0145456 0.175869 -0.15762 0.074184 -0.400764 0.25913 0.510063 0.0108731 -0.59321 -1.09167 0.54556 0.164939 -0.0434935 0.21912 0.503977 1.43169 0.891083 0.0106739 0.225833 0.0517035 -0.34377 -0.399506 -0.21494 -0.523479 -0.0513053 -0.344233 0.0294027 -0.14078 -0.338149 -0.710579 0.756356 0.518881 0.912809 0.660994 0.0381126 -0.229582 -0.916185 -0.251673 -0.0474421 -0.812776
internal_weight=0 265 176 4787 200 4587 3778 809 662 3661 1890 1771 907 864 195 461 200 669 222 583 287 825 475 329 201 261 1307 669 218 447 350 638 287 276 187 489 380 299 216 180 170 296 203 351 202 167 202 192 171
internal_count=5052 265 176 4787 200 4587 3778 809 662 3661 1890 1771 907 864 195 461 200 669 222 583 287 825 475 329 201 261 1307 669 218 447 350 638 287 276 187 489 380 299 216 180 170 296 203 351 202 167 202 192 171
is_linear=0
shrinkage=0.05


Tree=42
num_leaves=52
num_cat=0
split_feature=37 50 3 37 2 46 17 2 38 2 50 20 27 27 30 20 29 37 27 30 28 30 6 49 27 48 0 46 50 29 0 46 6 50 2 47 13 0 28 20 20 30 3 21 27 18 40 18 17 17 8
split_gain=558117 620490 1.4175e+06 555004 631946 368960 502456 91540 80806.4 69623.5 65759.9 40054.4 37880.4 49009.3 41588.8 36898.3 34124.4 37353.8 40085.1 32817.6 29703.2 25782.5 25454.5 25301.8 27622.3 24184 32617.1 23990.9 23813.9 22150.8 26913.6 21645.7 21523.5 27834.9 19142.2 18902.3 32327.6 18155.3 16149.5 15287.8 18909 14790.2 14698.8 16716.2 14309.3 13417.8 17675.1 11341.3 8264.93 7635 4822.94
threshold=88.500000000000014 4.1231374149196407 202.50000000000003 44.500000000000007 522.50000000000011 -0.28519997588938989 0.53137254901960795 622.50000000000011 1.0000000180025095e-35 752.50000000000011 2.0509683534521348 -0.15730034671211138 83.687500000000014 78.187500000000014 101.87500000000003 -0.79166350890488812 5.9375000000000009 24.500000000000004 82.187500000000014 166.87500000000003 72.406250000000014 129.37500000000003 4.1571428571428575 88.119031863684228 83.812500000000014 -0.24759597350202034 82.750000000000014 -0.46039597980994923 -1.0535530949455916 6.1666750000000006 84.750000000000014 0.74298546529340237 -1.1999999999999993 1.456898558397363 722.50000000000011 7.5000000000000009 22.500000000000004 74.750000000000014 74.812500000000014 1.2798603225073815 2.168136557610242 114.06250000000003 47.500000000000007 -0.053162992060940432 76.562500000000014 112.50000000000001 57.500000000000007 132.50000000000003 0.84412955465587058 0.84731934731934744 1.150434782608696
decision_type=2 2 2 2 2 2 2 2 2 2 2 2 2 2 2 2 2 2 2 2 2 2 2 2 2 2 2 2 2 2 2 2 2 2 2 2 2 2 2 2 2 2 2 2 2 2 2 2 2 2 2
left_child=1 2 7 5 -5 -3 -7 8 -1 10 11 15 13 14 -12 16 -9 -18 -19 20 23 -14 32 27 -25 -15 -27 34 -21 41 37 -16 -22 38 -13 39 -37 -31 45 -30 -41 -29 47 -44 -45 -34 -47 48 -39 -49 -26
right_child=-2 3 -4 4 -6 6 -8 9 -10 -11 12 19 21 25 31 -17 17 18 -20 28 22 -23 -24 24 50 26 -28 29 35 30 -32 -33 33 -35 -36 36 -38 42 -40 40 -42 -43 43 44 -46 46 -48 49 -50 -51 -52
leaf_value=-0.078558122663481444 -4.0665492413956441 -2.3052389882864008 -6.0749781529108686 7.0611332438208834 1.0025895875900293 4.6928821216146632 -0.17811927789328053 -1.0023171456449707 -1.9644313775666871 1.3008265839135351 1.5623285989250455 0.89342948089220708 0.56110934745729646 -0.83110134141312708 0.92990408201109287 -1.0760204112207568 -0.52982216121061987 -0.26461882663936154 1.2257598322216827 -0.35088270924709464 -0.3217735617033517 1.8067450158389999 -0.53223653382725189 -1.3427700868103563 0.053557613285051459 -0.55305374063875368 0.70779045522212991 0.8760348792483168 0.30269165723412128 0.3179253045285102 0.59587328843772414 -0.1054234981004681 0.13270139527169003 1.2839301756178232 -0.10062429697014566 0.87113526317962386 -0.49615872820903517 -0.35074424861619868 -0.28169436512345619 1.6878733283862837 0.59586187174290783 -0.064495876847311506 -1.0798569104731528 -0.83794780249396961 0.031888741668347924 1.2688037588944039 0.3012476316707976 -0.13403881470482035 0.23890560957101675 -0.77719826031928863 -0.45906206753766421
leaf_weight=130 80 82 95 87 85 82 146 91 100 120 104 111 88 89 87 147 137 81 100 80 95 80 89 81 80 91 115 81 80 100 89 118 156 91 85 85 86 95 87 81 80 85 133 83 108 89 101 82 155 106 106
leaf_count=130 80 82 95 87 85 82 146 91 100 120 104 111 88 89 87 147 137 81 100 80 95 80 89 81 80 91 115 81 80 100 89 118 156 91 85 85 86 95 87 81 80 85 133 83 108 89 101 82 155 106 106
internal_value=0 0.117101 -0.0636521 1.8211 4.09019 0.553025 1.58658 0.065783 -0.903458 0.11871 0.0838708 -0.0124107 0.499404 0.313643 0.75268 -0.399419 -0.154209 0.09087 0.561005 0.0651069 -0.0146162 1.16145 0.254294 -0.1352 -0.577943 -0.147217 0.150835 -0.0447964 0.435129 -0.134412 -0.22748 0.336341 0.368058 0.493498 0.464012 0.588233 0.184604 -0.313082 0.324803 0.87268 1.15229 0.396935 -0.396199 -0.651116 -0.348499 0.477676 0.758741 -0.206578 0.014334 -0.498865 -0.239473
internal_weight=0 5035 4553 482 172 310 228 4458 230 4228 4108 3336 772 604 309 556 409 318 181 2780 2288 168 708 1580 267 295 206 1313 492 1117 951 205 619 524 196 412 171 862 433 241 161 166 762 324 191 346 190 438 250 188 186
internal_count=5115 5035 4553 482 172 310 228 4458 230 4228 4108 3336 772 604 309 556 409 318 181 2780 2288 168 708 1580 267 295 206 1313 492 1117 951 205 619 524 196 412 171 862 433 241 161 166 762 324 191 346 190 438 250 188 186
is_linear=0
shrinkage=0.05


Tree=43
num_leaves=46
num_cat=0
split_feature=3 50 50 3 2 2 17 8 30 13 11 45 42 7 27 40 49 2 8 14 45 37 49 40 10 37 18 15 7 7 14 10 28 2 8 27 5 35 2 6 29 21 29 27 37
split_gain=722056 613395 99123.4 133263 61751.8 40144.3 85202.1 85559.8 61803.3 52631.5 65060.6 49155.9 38873.8 29953.7 27451.8 27383.8 41111.8 53208.7 74390.2 44815.9 27741.4 26211.6 23448.9 22688.2 22616 22158.4 21490.7 20062 20000.5 28502.6 21359.3 19309.1 23130.8 22164.5 13754.8 19332.1 21287 17594.7 15877.1 13581.6 12997.6 12267.7 11772.3 11696.1 8723.59
threshold=672.50000000000011 4.5152054901559575 5.8594938975876412 182.50000000000003 752.50000000000011 712.50000000000011 0.93475177304964552 -0.41502028729111767 178.12500000000003 37.500000000000007 2.7500000000000004 0.42179998225932674 -0.74999999999999989 1.898601398601399 83.812500000000014 5.5000000000000009 83.015367210122562 652.50000000000011 0.086086956521739144 5.5000000000000009 0.70290292807158605 55.500000000000007 80.163831453402111 53.500000000000007 1.0150764990936214 9.5000000000000018 52.500000000000007 77.250000000000014 -1.0000000180025095e-35 0.56643356643356668 7.5000000000000009 1.479671783691576 60.437500000000007 692.50000000000011 2.1991304347826093 83.187500000000014 1.0000000180025095e-35 6.2500000000000009 737.50000000000011 1.5701725633984358e-16 7.8125000000000009 -0.18973477526109403 10.562500000000002 76.687500000000014 28.500000000000004
decision_type=2 2 2 2 2 2 2 2 2 2 2 2 2 2 2 2 2 2 2 2 2 2 2 2 2 2 2 2 2 2 2 2 2 2 2 2 2 2 2 2 2 2 2 2 2
left_child=2 -2 3 4 5 6 9 -8 28 12 -11 14 -1 -13 22 20 -17 18 -18 21 25 23 -10 27 -9 -14 -26 -19 -7 39 34 33 -33 -28 35 41 37 -37 -36 -30 -32 -31 43 -43 -34
right_child=1 -3 -4 -5 -6 8 7 24 11 10 -12 13 15 -15 -16 16 17 19 -20 -21 -22 -23 -24 -25 26 -27 31 -29 29 30 40 32 44 -35 38 36 -38 -39 -40 -41 -42 42 -44 -45 -46
leaf_value=-0.90808126266720235 -6.2845758131992673 -0.8249217960384343 1.4660311469736027 -1.8444030860728688 1.2225316559254122 0.77116445832782332 -2.0282184549740383 -1.0676957771516917 0.61914971509370309 0.024439032607608373 1.9831835546979197 2.0512741336988851 -1.0051533154387406 0.76889408981683216 1.0908517229704209 1.0136016721458272 -1.399856412189066 0.48636945969540712 0.44986487432862776 1.1164420907031483 0.28947759460895622 -0.59731374155156891 -0.46877408573161 0.87600647559610467 0.45996286466416686 -0.018794565503390467 0.48407451435252358 -0.3532835791843969 -1.0409800499677659 -0.46898578144850273 0.054944287488857907 0.025734964190494449 -1.3660511783710341 -0.5654488308274227 0.20811048428873599 0.19640335018214372 -0.097386278873247814 1.0556607285141946 1.0174330718801217 -0.12637288092476567 -0.71349840048140134 -0.21021523182703691 -0.37357996182046205 0.50822802502196285 -0.61797251906935813
leaf_weight=102 80 142 128 89 118 98 83 88 86 89 80 85 137 101 80 144 120 136 98 141 140 103 114 117 98 97 110 147 81 154 107 83 81 91 158 111 150 129 98 81 112 87 106 159 80
leaf_count=102 80 142 128 89 118 98 83 88 86 89 80 85 137 101 80 144 120 136 98 141 140 103 114 117 98 97 110 147 81 154 107 83 81 91 158 111 150 129 98 81 112 87 106 159 80
internal_value=0 -2.81172 0.0987802 0.0609913 0.0984121 0.0684169 -0.0727955 -0.528753 0.227635 0.124591 0.957867 0.734803 0.0289863 1.36276 0.314292 0.0988553 0.234614 0.103457 -0.570073 0.331984 -0.265964 0.110307 -0.000213904 0.293555 -0.32862 -0.598098 -0.207101 0.0505164 0.0823688 0.0378622 0.112102 -0.354707 -0.652695 0.00847019 0.198174 0.105551 0.369636 0.660718 0.520683 -0.587257 -0.339506 -0.0983201 0.0647153 0.254322 -1.00044
internal_weight=0 222 4797 4669 4580 4462 2365 714 2097 1651 169 466 1482 186 280 1380 1006 862 218 644 374 503 200 400 631 234 543 283 1631 1533 1371 445 244 201 1152 896 390 240 256 162 219 506 352 246 161
internal_count=5019 222 4797 4669 4580 4462 2365 714 2097 1651 169 466 1482 186 280 1380 1006 862 218 644 374 503 200 400 631 234 543 283 1631 1533 1371 445 244 201 1152 896 390 240 256 162 219 506 352 246 161
is_linear=0
shrinkage=0.05


Tree=44
num_leaves=50
num_cat=0
split_feature=37 42 19 0 13 17 2 35 46 19 50 2 0 29 41 36 50 7 29 19 15 6 17 36 20 25 19 50 50 9 29 20 42 18 34 13 17 8 13 42 36 19 46 46 0 27 40 19 8
split_gain=461081 264148 231579 174679 166880 612711 215404 63304.4 62545.4 59828.5 56701.5 61999.1 41239.9 34676.7 34580.5 30504.1 37342 44002.6 36729.7 35702.4 25719.9 29842.2 24947.5 36191.6 24140.3 26757.1 25423.9 24031.2 23363.6 22572.3 22547.3 21949.4 21835.4 20220.7 23660.7 20187.5 18557.2 17946.3 27810.2 28879.8 17889.7 16874.3 16701.5 16375.5 16328.4 13543.2 10989.6 10944.5 8823.4
threshold=87.500000000000014 -2.2499999999999996 -0.3558241758241758 81.250000000000014 6.5000000000000009 0.36038961038961043 100.00000000000001 66.250000000000014 0.28313308994381592 1.489175120365271 4.2823454033010231 627.50000000000011 68.250000000000014 6.2916750000000006 6.5000000000000009 47.500000000000007 0.67434145468467233 -1.741258741258741 6.5312500000000009 1.0328598231037258 79.250000000000014 2.5714285714285721 0.96424010217113676 23.500000000000004 0.95405291303124129 1.5000000000000002 3.8578021978021977 1.1615093134243824 -0.2058089161524492 0.8228263892582881 6.9375000000000009 1.3249744147576965 1.7500000000000002 127.50000000000001 1.3750000000000002 27.500000000000004 1.0606617647058825 1.5208695652173916 29.500000000000004 1.7500000000000002 55.500000000000007 3.3263799116484543 0.76556758748011056 -0.85225707553516283 80.250000000000014 84.437500000000014 1.5000000000000002 1.5104571104571107 1.4360869565217393
decision_type=2 2 2 2 2 2 2 2 2 2 2 2 2 2 2 2 2 2 2 2 2 2 2 2 2 2 2 2 2 2 2 2 2 2 2 2 2 2 2 2 2 2 2 2 2 2 2 2 2
left_child=1 -1 3 -3 -4 -6 -7 8 10 33 11 -8 -11 35 15 16 22 -18 43 45 21 36 23 47 25 27 29 46 -25 48 -24 -32 -23 34 44 -14 37 38 39 -21 -20 -37 -9 -17 -10 -19 -15 -13 -26
right_child=-2 2 4 -5 5 6 7 42 9 12 -12 14 13 24 -16 18 17 19 40 20 -22 32 30 28 26 -27 -28 -29 -30 -31 31 -33 -34 -35 -36 41 -38 -39 -40 -41 -42 -43 -44 -45 -46 -47 -48 -49 -50
leaf_value=-2.1647256043222214 -3.6396876571433889 3.4928820176558064 -1.529582210312928 0.48030692998457836 3.8955727811129592 -2.4438554651596966 -0.87534132021314959 1.2266862681671364 0.27991420620853463 1.0805503872881939 1.3654752659154874 -0.60727701485157015 -0.11742513797112875 0.4041788941991013 0.96566745318523073 -0.1324846883854234 1.5740757442550894 -0.70753164606411822 -0.23371833729189495 0.66596415941245279 -0.13871885765057343 0.62781322369420978 -0.9267126646481062 0.11025397246596458 1.0542663404787029 -1.1162303691429478 -0.53572436962572356 -0.82638557993958139 1.2184728908970535 -0.28417327424588928 -0.6056039197945301 0.53815498588414035 1.8045086328630096 -1.3321229686128333 -1.0201088207100866 0.23304693724324063 -0.13755933198061857 1.2574410976433175 1.1555005229332231 -0.53349435963888758 0.76016125828027725 1.2451028416437262 0.3462718354876746 -1.0435634490609169 -0.58028901146740475 0.18016697595148912 -0.31744095315836901 0.10418207670046278 0.32160307181806402
leaf_weight=125 83 87 154 107 105 84 135 145 102 81 101 97 111 112 146 82 80 91 85 103 129 80 113 86 80 123 125 116 106 95 80 86 80 93 136 81 109 81 87 96 95 84 87 124 118 80 98 120 86
leaf_count=125 83 87 154 107 105 84 135 145 102 81 101 97 111 112 146 82 80 91 85 103 129 80 113 86 80 123 125 116 106 95 80 86 80 93 136 81 109 81 87 96 95 84 87 124 118 80 98 120 86
internal_value=0 0.0956622 0.153969 1.84229 0.0837246 0.138847 0.0489254 0.0976684 0.052236 -0.187005 0.211064 0.161333 -0.00156234 -0.081357 0.224286 0.172059 0.262957 0.455417 -0.228853 0.358228 0.504124 0.634524 -0.0215067 0.226979 -0.241939 -0.490787 0.0480443 -0.252115 0.725226 0.328605 -0.385285 -0.0133798 1.22371 -0.678217 -0.50414 0.403581 0.434327 0.604091 0.415315 0.0875566 0.292131 0.752672 0.899434 -0.683293 -0.182006 -0.293601 0.0675145 -0.21517 0.678892
internal_weight=0 5007 4882 194 4688 4534 4429 4345 4113 1641 2472 2371 1192 1111 2236 2090 1704 1016 386 936 765 636 688 409 835 449 386 326 192 261 279 166 160 449 356 276 476 367 286 199 180 165 232 206 220 171 210 217 166
internal_count=5090 5007 4882 194 4688 4534 4429 4345 4113 1641 2472 2371 1192 1111 2236 2090 1704 1016 386 936 765 636 688 409 835 449 386 326 192 261 279 166 160 449 356 276 476 367 286 199 180 165 232 206 220 171 210 217 166
is_linear=0
shrinkage=0.05


Tree=45
num_leaves=48
num_cat=0
split_feature=3 33 46 42 3 49 0 36 35 45 0 4 20 19 29 6 29 30 14 0 4 17 8 8 17 46 46 9 45 28 30 2 16 45 29 2 29 7 40 37 6 6 12 2 29 48 45
split_gain=559505 552763 67826.4 177305 129815 74913.9 77971.7 91347.7 68807.4 67798.6 64299.2 62186 47646.6 43923 40879.8 32162 31671.1 38689.8 34738.9 28193.3 26783 25726.8 29090 48345.4 25524.3 23711.5 21691.4 18051.8 17547.9 16990.9 16770.5 16682.3 18145.3 16237.2 16097.4 15838.5 15482.8 14118 13694.9 17592.3 13598.5 12732.5 12652.2 10202.2 7747.31 12119.6 6971.74
threshold=672.50000000000011 1.1250000000000002 0.3484035575467645 4.7500000000000009 147.50000000000003 82.599743468989644 82.250000000000014 31.500000000000004 30.625000000000004 0.96904697354198299 85.750000000000014 1.2500000000000002 0.77566223250433786 1.5824175824175828 5.1875000000000009 1.0000000180025095e-35 6.8125000000000009 160.62500000000006 6.5000000000000009 71.250000000000014 1.7500000000000002 0.95445134575569368 -0.24415019762845844 0.37304347826086975 1.0741758241758244 0.91852788691372023 -0.94137724084408114 0.79591616726460612 -0.12546116083924153 73.062500000000014 148.12500000000003 737.50000000000011 13.250000000000002 1.0000000180025095e-35 7.4285750000000013 692.50000000000011 6.9375000000000009 1.1874125874125878 75.500000000000014 44.500000000000007 0.34285714285714275 -1.1999999999999993 3.1904761904761938 717.50000000000011 9.4375000000000018 -0.020165161493875167 -0.03977009085991149
decision_type=2 2 2 2 2 2 2 2 2 2 2 2 2 2 2 2 2 2 2 2 2 2 2 2 2 2 2 2 2 2 2 2 2 2 2 2 2 2 2 2 2 2 2 2 2 2 2
left_child=2 -2 3 5 8 9 7 15 14 -1 11 12 -8 -13 -4 -7 20 18 26 27 24 22 -21 28 33 -10 29 -16 -24 -18 37 32 -23 38 -25 -28 -34 -14 39 -12 41 -36 -20 -42 45 -37 -38
right_child=1 -3 4 -5 -6 6 10 -9 25 -11 16 13 30 -15 19 -17 17 -19 42 21 -22 31 23 34 -26 -27 35 -29 -30 -31 -32 -33 36 -35 40 44 46 -39 -40 -41 43 -43 -44 -45 -46 -47 -48
leaf_value=1.7355187494281337 -4.46249789485225 0.42428957247266585 0.79517952147871263 2.0560349633539086 -1.9541481642932681 0.84596361223231542 -0.53460115380585194 -1.4784468718294828 1.1400765215353139 0.21168449179214588 0.39001023630375298 2.2386923129475398 0.85603776795347941 0.6944146628518707 0.90044807817401562 -0.50619970721074903 -0.080665754370911183 0.99816522208707681 0.28026537087882003 -0.97126011821045266 -1.0305125162005424 -1.3164164858479654 0.19582277785900026 0.24912776300121867 -0.68148450893977441 0.079113170688534962 -0.72116359982182987 -0.13534389245437414 1.1976685667430962 0.92419910549399364 1.2565712817558428 0.072454406724256626 -0.034189322970130227 -0.54643964040570148 -0.54450476191852282 -0.27518345142932649 -0.41532026319341225 0.038295484270550247 0.64922861259401543 -0.46978554149097373 -1.0421608608843076 0.27180699495914973 1.1231022996321807 -0.33021404995368075 -0.33720057430415373 0.50842737575563102 -1.0040082672449546
leaf_weight=140 134 101 108 132 90 88 119 158 154 152 133 85 96 102 86 86 85 139 88 86 87 92 85 125 140 80 127 81 90 82 81 84 109 81 86 93 87 116 127 106 100 105 91 103 152 103 126
leaf_count=140 134 101 108 132 90 88 119 158 154 152 133 85 96 102 86 86 85 139 88 86 87 92 85 125 140 80 127 81 90 82 81 84 109 81 86 93 87 116 127 106 100 105 91 103 152 103 126
internal_value=0 -2.36932 0.12354 0.271434 -0.111992 0.188291 0.10173 -0.612077 -0.0181726 0.94572 0.208084 0.650759 0.30606 1.40453 -0.138747 0.178579 0.0455077 0.229856 0.0987213 -0.209051 -0.217018 -0.288919 -0.109401 -0.00135566 -0.094901 0.779234 -0.0732817 0.400243 0.714935 0.415305 0.648147 -0.569311 -0.699385 0.0899275 -0.24379 -0.24557 -0.519561 0.410874 0.231868 0.00830966 -0.400407 -0.0966686 0.712606 -0.684316 -0.0704369 0.137103 -0.766623
internal_weight=0 235 4866 2989 1877 2857 2565 332 1787 292 2233 599 412 187 1553 174 1634 960 821 1445 674 1278 780 694 587 234 642 167 175 167 293 498 414 447 519 475 322 212 366 239 394 191 179 203 348 196 213
internal_count=5101 235 4866 2989 1877 2857 2565 332 1787 292 2233 599 412 187 1553 174 1634 960 821 1445 674 1278 780 694 587 234 642 167 175 167 293 498 414 447 519 475 322 212 366 239 394 191 179 203 348 196 213
is_linear=0
shrinkage=0.05


Tree=46
num_leaves=47
num_cat=0
split_feature=2 33 2 0 39 30 46 50 21 29 10 37 10 9 0 10 50 20 8 0 13 35 17 10 27 20 2 30 10 44 21 20 30 30 49 35 14 10 17 2 6 17 20 21 8 36
split_gain=632986 1.11809e+06 69991 55934.1 65035.7 66572.6 60310.4 81576.8 56555.3 43781.8 36308.3 35321 47806.2 37012.4 36151 34995.2 62887.7 34480 52082.3 36326.3 29250.6 28622.5 27895.6 26190.7 33870.5 23445.9 22375.3 21472.4 24330 44839.3 39703.1 31508.3 20850.5 22189.4 35927.3 32539.8 17554 16300 15839.7 27891.4 14888.9 12720.6 11417.6 12202.6 10804.7 6519.31
threshold=195.00000000000003 1.1250000000000002 752.50000000000011 69.750000000000014 4.5000000000000009 189.37500000000003 -0.22700609751797865 3.8878718376668435 0.29348885814402342 6.9375000000000009 2.0197709585164954 44.500000000000007 1.4978845523509778 0.89141405653841399 87.750000000000014 0.67582200240172452 3.4323074102086228 -0.24736842105263165 0.94648221343873529 82.250000000000014 25.500000000000004 6.2500000000000009 0.96148148148148149 0.95606509638714188 78.187500000000014 0.7255405884438143 722.50000000000011 143.12500000000006 1.4742544357781413 11.250000000000002 -0.73761987809975682 1.6359158083296015 109.37500000000003 80.625000000000028 89.026965695226735 3.035699999999999 1.5000000000000002 1.5364651941646761 0.80540540540540551 667.50000000000011 -1.0026578073089694 0.95445134575569368 1.4184017595307921 -0.10558986264632607 0.96652173913043493 3.5000000000000004
decision_type=2 2 2 2 2 2 2 2 2 2 2 2 2 2 2 2 2 2 2 2 2 2 2 2 2 2 2 2 2 2 2 2 2 2 2 2 2 2 2 2 2 2 2 2 2 2
left_child=1 -1 3 8 5 6 7 9 -2 11 15 12 -5 14 -13 -8 22 -7 -19 26 41 -12 23 24 -17 40 -20 28 29 32 -30 -32 33 -11 35 -35 -23 45 39 -25 -24 -21 43 -40 -41 -27
right_child=2 -3 -4 4 -6 17 10 -9 -10 27 21 13 -14 -15 -16 16 -18 18 19 20 -22 36 25 38 -26 37 -28 -29 30 -31 31 -33 -34 34 -36 -37 -38 -39 42 44 -42 -43 -44 -45 -46 -47
leaf_value=-5.2798265418227839 0.20953484207058135 1.5019803010500397 1.2404598427907998 0.89632973953360517 -1.0459511803791803 -0.27201648285958618 0.58054456126015141 1.6697033549208991 1.8685552775150254 -0.34202192572986378 -0.33506955220320517 -1.8397833396021914 -0.43070851737260823 0.087400677116668754 -0.41791069434522332 0.77205223043759663 -1.7156592057810891 1.7214902139902115 1.4864120683073998 0.89178084970256433 -0.68358291699127716 1.1861055025360085 -0.48436897067829626 -1.2459394543441302 -0.27886097443024843 -0.83487797156659838 0.43542999597442034 1.0282415311503155 0.60921408403332222 1.1854689554317848 -1.2795135041591765 0.0043973105359021748 -0.31478444821632551 0.3563180547592969 -0.012902526126230416 1.7291483792053031 0.19018826037645342 0.18418081971732053 -0.22350582624362275 0.068513393446915136 -1.3577463519573212 0.002853561845826514 -0.45513177333456101 0.58248806899726979 -0.54749282314018766 -0.24474174695856432
leaf_weight=146 133 103 130 123 135 112 105 88 83 84 106 81 149 114 100 155 80 99 99 80 87 90 85 96 150 108 105 92 111 142 86 106 148 86 145 87 87 109 87 132 119 80 98 100 153 84
leaf_count=146 133 103 130 123 135 112 105 88 83 84 106 81 149 114 100 155 80 99 99 80 87 90 85 96 150 108 105 92 111 142 86 106 148 86 145 87 87 109 87 132 119 80 98 100 153 84
internal_value=0 -2.47971 0.100498 0.0687031 0.0307467 0.0644097 -0.0185518 0.195044 0.852702 0.115624 -0.209955 -0.240284 0.170471 -0.618311 -1.06083 -0.299147 -0.358844 0.525668 0.688305 0.458201 0.0496375 0.312746 -0.284192 -0.127182 0.255987 -0.585237 0.950228 0.301323 0.233146 0.396578 -0.140182 -0.574338 0.191118 0.37769 0.568279 1.05267 0.700405 -0.303129 -0.302778 -0.51324 -0.997977 0.450096 -0.0206128 0.208313 -0.262943 -0.579299
internal_weight=0 249 4829 4699 4483 4348 3686 1742 216 1654 1944 567 272 295 181 1661 1556 662 550 451 247 283 1476 971 305 505 204 1087 995 692 303 192 550 402 318 173 177 301 666 381 204 160 285 187 285 192
internal_count=5078 249 4829 4699 4483 4348 3686 1742 216 1654 1944 567 272 295 181 1661 1556 662 550 451 247 283 1476 971 305 505 204 1087 995 692 303 192 550 402 318 173 177 301 666 381 204 160 285 187 285 192
is_linear=0
shrinkage=0.05


Tree=47
num_leaves=47
num_cat=0
split_feature=38 13 42 42 3 28 10 3 2 40 2 27 3 40 30 33 42 15 2 29 27 15 17 36 29 14 28 9 47 21 2 21 2 10 10 7 45 45 10 40 27 13 16 2 6 10
split_gain=675214 346574 290826 213453 351681 184485 139504 300111 215770 95678.6 67589.7 130635 80159.1 64124.3 43711.8 34019 32289.6 30233.5 29437.3 25640.8 20731 30808.5 36540.8 38223.5 35563.7 28128.7 22360.1 38270 33933.8 26529.1 34863.6 21967.5 19733.4 17360.9 15070.2 15054.4 14530 21010.4 12481.6 11935.4 11551.2 8697.1 11367.9 11076.4 13475.9 3550.14
threshold=4.5000000000000009 4.5000000000000009 8.2500000000000018 -1.2499999999999998 62.500000000000007 43.062500000000007 1.8319649019081989 492.50000000000006 612.50000000000011 87.500000000000014 627.50000000000011 77.312500000000014 112.50000000000001 71.500000000000014 193.12500000000003 1.1250000000000002 2.7500000000000004 64.500000000000014 697.50000000000011 7.5625000000000009 82.031250000000014 77.250000000000014 0.96871945259042047 24.500000000000004 7.6875000000000009 5.5000000000000009 60.437500000000007 0.84399465815540409 3.5000000000000004 -1.0783156054895213 667.50000000000011 -1.0108658391906429 737.50000000000011 1.4607782243842964 1.0686314721265771 0.92517482517482541 -0.76141707087277943 0.91596454896554913 2.0555554184571494 1.0000000180025095e-35 85.187500000000014 17.500000000000004 13.250000000000002 692.50000000000011 1.0000000180025095e-35 1.479671783691576
decision_type=2 2 2 2 2 2 2 2 2 2 2 2 2 2 2 2 2 2 2 2 2 2 2 2 2 2 2 2 2 2 2 2 2 2 2 2 2 2 2 2 2 2 2 2 2 2
left_child=1 -1 3 4 19 -5 7 9 -8 10 11 -7 14 16 20 33 18 -18 -10 -3 26 22 23 -22 -24 31 27 28 -12 -28 -31 -23 41 -16 -33 -36 -20 38 -38 -40 -37 -32 43 -43 -45 -21
right_child=-2 2 -4 5 -6 6 8 -9 13 -11 12 -13 -14 -15 15 -17 17 -19 36 45 21 25 24 -25 -26 -27 29 -29 -30 30 32 34 -34 -35 35 40 37 -39 39 -41 -42 42 -44 44 -46 -47
leaf_value=-3.0238380721278406 -3.8408130922148715 0.31873765450257524 2.8070060947627731 2.2161625295668563 -3.9538102276353957 -2.2947366982698441 3.0598157375297022 -2.826463817028289 -0.39583297627742847 1.5700282963839445 -0.039850458049255875 0.097787293594404565 1.5358660483628177 -0.7228851049867544 1.5227049810162119 -0.023448988959707064 0.50992489472199021 1.8362633717527919 1.0788251713641639 -0.41074968672850559 0.34399613126785678 0.3391705799563709 -0.54749887645273476 1.7313119110784361 0.77449756775583545 0.48267833586782222 -0.89913411950040012 -0.64510936730209445 1.340794625201787 0.47786846603237615 -0.88119956634792629 0.02729234075317016 0.21659761206670242 0.54277506682276733 -0.98235435390693915 -0.69408429996164023 -0.20080351649808723 1.1118283874766772 0.014197860109178643 0.74927153306554506 0.12665950343889351 0.17872413977332738 -0.77195781099073812 -0.030012706438860587 -0.75000745062378871 -0.88112847733210364
leaf_weight=88 112 116 98 106 82 91 83 93 98 98 91 150 88 109 85 144 88 85 102 84 123 117 128 83 83 159 156 86 86 158 101 129 131 99 147 86 110 85 94 133 84 114 131 123 137 82
leaf_count=88 112 116 98 106 82 91 83 93 98 98 91 150 88 109 85 144 88 85 102 84 123 117 128 83 83 159 156 86 86 158 101 129 131 99 147 86 110 85 94 133 84 114 131 123 137 82
internal_value=0 0.0681174 0.124761 0.0689365 -1.09294 0.165413 0.114213 -0.0417805 0.635445 0.0398031 -0.00890534 -0.811363 0.0587615 0.409719 0.0114857 0.552675 0.56572 1.1684 0.396486 -0.250018 -0.0610745 0.0950062 0.436642 0.908627 -0.0262715 -0.10264 -0.196338 0.215373 0.634735 -0.29947 -0.19406 -0.268506 -0.338563 1.00124 -0.428322 -0.613232 0.545139 0.413899 0.235095 0.446277 -0.290171 -0.458732 -0.372664 -0.231118 -0.410815 -0.64699
internal_weight=0 4944 4856 4758 364 4394 4288 3301 987 3208 3110 241 2869 904 2781 328 795 173 622 282 2453 1139 417 206 211 722 1314 263 177 1051 895 563 737 184 446 317 524 422 337 227 170 606 505 374 260 166
internal_count=5056 4944 4856 4758 364 4394 4288 3301 987 3208 3110 241 2869 904 2781 328 795 173 622 282 2453 1139 417 206 211 722 1314 263 177 1051 895 563 737 184 446 317 524 422 337 227 170 606 505 374 260 166
is_linear=0
shrinkage=0.05


Tree=48
num_leaves=49
num_cat=0
split_feature=4 8 3 29 11 3 36 8 47 50 50 35 19 28 33 14 42 35 9 45 8 7 17 3 41 13 8 13 42 45 3 14 15 18 27 21 19 36 9 7 6 41 3 17 49 34 34 36
split_gain=371346 794651 192036 451066 113163 106576 73798.8 39527 58852.6 36634.2 35417.7 41684 40235.5 29528.1 26890.2 23879.9 32947.1 24295.8 33325.7 23709.8 18959.3 18744.8 30483.7 30293.3 29718 26742.6 23986.4 18251.4 22468.6 17552.2 15662.4 18638.7 20810.2 17531 15545.3 14185.2 22000.7 18755.1 12721.5 15356.3 12228 11363.2 9371.63 9319.26 8818.79 8147.74 6999.16 5288.97
threshold=3.7500000000000004 -0.45782608695652166 707.50000000000011 7.9375000000000009 3.5000000000000004 182.50000000000003 69.500000000000014 -0.32086956521739124 7.5000000000000009 5.7110262175676292 2.1026498567314751 33.750000000000007 0.65141231457020943 71.562500000000014 0.95835000000000303 3.5000000000000004 2.7500000000000004 6.2500000000000009 0.61862036604191917 0.62587949062545845 0.95739130434782627 1.2797202797202802 0.96148148148148149 52.500000000000007 3.5000000000000004 32.500000000000007 0.21101551227750556 19.500000000000004 1.0000000180025095e-35 -0.18492532721306487 77.500000000000014 5.5000000000000009 77.250000000000014 137.50000000000003 77.187500000000014 -0.82834745386553965 1.1063603063603065 33.500000000000007 0.8228263892582881 2.454545454545455 -1.0000000180025095e-35 1.5000000000000002 42.500000000000007 0.92582417582417598 83.863055341330536 0.87500000000000011 0.87500000000000011 2.5000000000000004
decision_type=2 2 2 2 2 2 2 2 2 2 2 2 2 2 2 2 2 2 2 2 2 2 2 2 2 2 2 2 2 2 2 2 2 2 2 2 2 2 2 2 2 2 2 2 2 2 2 2
left_child=2 4 5 -4 -2 6 7 8 -1 10 11 21 -12 15 -13 17 -17 47 -19 -20 -15 22 25 24 44 26 -9 28 43 -27 31 32 40 42 -25 -29 -37 38 41 -40 -28 -38 -34 -23 -24 -46 -42 -14
right_child=1 -3 3 -5 -6 -7 -8 9 -10 -11 12 14 13 20 -16 16 -18 18 19 -21 -22 27 23 34 -26 29 30 35 -30 -31 -32 -33 33 -35 -36 36 37 -39 39 -41 46 -43 -44 -45 45 -47 -48 -49
leaf_value=0.20406216818977288 -1.498619019985199 -5.6804384130775265 -0.71702132331000445 4.4163787562672692 0.84555176317243663 -1.5255858910418003 1.5392115306996166 0.51589475190135792 -1.4565239519443152 -0.93266921898519461 -0.53024844761903045 0.11458819619246892 0.3493432410606524 1.6343364171502068 1.0990103851333797 0.513342972425744 -0.81463175527342069 1.690587317575643 -0.15978067906977364 1.0018994995888244 0.57602417896623193 -0.32215568493394292 -0.099490574816135088 -1.3642196775764548 0.62846353072869154 0.029746767476703347 0.38125567299545193 -0.44978878523947463 0.88736686393385755 0.98137958792762636 -0.73445706145953293 0.56399925830571551 -1.1916641432247805 0.0098331994309867783 -0.52476004399883924 0.81975631058871101 0.055616356095960065 -0.56428732329267806 -0.46573722411447505 0.30013016028678979 -0.53542079395718045 0.84000160037189409 -0.44685700744390489 0.41194849424064162 -0.25532199239029602 -0.93881150125175405 0.042545832244176712 -0.22039085194284536
leaf_weight=107 83 88 89 81 132 106 83 141 105 87 106 139 81 81 138 95 90 80 82 93 91 84 156 92 94 88 156 143 151 107 112 91 88 96 141 90 92 122 133 127 89 92 84 87 84 92 125 80
leaf_count=107 83 88 89 81 132 106 83 141 105 87 106 139 81 81 138 95 90 80 82 93 91 84 156 92 94 88 156 143 151 107 112 91 88 96 141 90 92 122 133 127 89 92 84 87 84 92 125 80
internal_value=0 -1.70719 0.0951382 1.74042 -0.0621556 0.0339827 0.0710912 0.0431299 -0.621375 0.0768115 0.098386 0.0218512 0.379627 0.50492 0.607211 0.338535 -0.133605 0.548319 0.850993 0.459754 1.08098 -0.0331698 -0.131511 -0.403509 -0.152056 0.0209938 -0.0853568 0.127869 0.44504 0.554268 -0.186654 -0.101602 -0.197272 -0.531922 -0.860634 -0.000348449 0.0981596 -0.0178254 0.133259 -0.0919239 0.0459031 0.45023 -0.832607 0.0515595 -0.37427 -0.615886 -0.199196 0.0666326
internal_weight=0 303 4771 170 215 4601 4495 4412 212 4200 4113 3234 879 773 277 601 185 416 255 175 172 2957 1836 659 426 1177 982 1121 322 195 841 729 638 268 233 799 656 566 444 260 370 184 172 171 332 176 214 161
internal_count=5074 303 4771 170 215 4601 4495 4412 212 4200 4113 3234 879 773 277 601 185 416 255 175 172 2957 1836 659 426 1177 982 1121 322 195 841 729 638 268 233 799 656 566 444 260 370 184 172 171 332 176 214 161
is_linear=0
shrinkage=0.05


Tree=49
num_leaves=49
num_cat=0
split_feature=4 3 17 12 28 3 9 19 2 46 28 2 27 1 27 10 21 30 35 48 3 11 19 14 17 13 11 0 7 49 17 27 2 29 36 10 37 10 14 29 49 38 42 46 6 13 20 8
split_gain=438762 821378 341658 774614 166644 182628 98749.8 73338.4 59590.2 38063.8 47018.8 42268.8 41601.6 37835.3 45316.6 41655.6 28710.7 26785 25656.1 24173.2 32261.3 30937.4 24770.9 23909.3 32882.6 23551.4 38377.9 25553.4 22109.8 21896 21618.6 17716.9 17206.6 16866.6 20926 20593.7 20523.5 17155.4 18483.5 23767.7 16247.6 15980.1 15703 15413.1 14435.8 11335.5 9239.03 6883.92
threshold=3.2500000000000004 247.50000000000003 0.38585607940446659 1.5357142857142849 43.062500000000007 197.50000000000003 1.1303215444083681 1.6781782041310176 762.50000000000011 0.42763731121559989 58.062500000000007 627.50000000000011 76.437500000000014 87.250000000000014 83.937500000000014 0.83031780843597414 2.1005519391256375 191.56250000000003 23.125000000000004 -0.27341243386648212 67.500000000000014 1.188492063492067 1.8359046994171291 5.5000000000000009 0.96148148148148149 20.500000000000004 1.5639534883720965 88.250000000000014 0.34965034965034975 85.563320602748263 0.80540540540540551 73.187500000000014 717.50000000000011 11.062500000000002 13.500000000000002 1.5733110562994257 15.500000000000002 1.3014289557380214 6.5000000000000009 7.8125000000000009 89.281438338605128 1.0000000180025095e-35 1.0000000180025095e-35 -0.83375966452616657 0.34285714285714275 26.500000000000004 1.1995989304812837 0.55043478260869583
decision_type=2 2 2 2 2 2 2 2 2 2 2 2 2 2 2 2 2 2 2 2 2 2 2 2 2 2 2 2 2 2 2 2 2 2 2 2 2 2 2 2 2 2 2 2 2 2 2 2
left_child=2 6 3 -1 -4 8 -2 -8 9 10 -6 -11 -12 14 15 -14 17 23 33 21 22 -17 30 25 -25 26 -15 40 -23 -24 -21 -20 -30 34 35 37 -35 38 39 -13 -27 -36 -37 46 -45 -44 -29 -41
right_child=1 -3 4 -5 5 -7 7 -9 -10 11 12 18 13 16 -16 19 -18 -19 31 20 -22 28 29 24 -26 27 -28 43 32 -31 -32 -33 -34 36 41 42 -38 -39 -40 47 -42 -43 45 44 -46 -47 -48 -49
leaf_value=-0.78164640691428067 -1.6823408307451189 -6.1093137588030029 1.9868605689467671 5.2353014164494684 1.0846929898931961 -2.178661401146337 1.131573090771927 -0.84934306144714355 1.2565748096728813 -1.238140237920887 -1.0251855895282274 -1.2041464861859099 -0.76549083800692319 -0.47349329489402303 1.3799427248696066 -0.67331473095728478 -0.89235113982072822 0.60719049923918533 -0.15331561747862368 0.38694242799823936 1.2405829183815062 0.98602302095469307 0.05875589272805623 0.82843604945406624 -0.27778942971940962 -0.44293420004475981 0.68268047541570975 -0.88022712582144258 -0.53919317501562614 1.0914850170248085 -0.67131259732468185 0.73538140352025183 0.41391461316430783 -0.15433669704021794 0.71724919652832408 -0.38332798927406636 -1.1938705891370773 -1.0494633312726735 0.20857892632484437 0.12029610605075443 -1.3990649977052474 -0.19941890498241746 -0.10143202908606415 -0.38410432853073961 0.47084996229883092 0.6726510424334724 -0.15747473533062831 -0.52090265276255432
leaf_weight=112 98 80 106 101 120 94 106 82 97 90 82 88 94 132 93 110 96 158 97 109 128 84 83 146 123 96 155 86 80 134 85 131 113 100 111 120 90 97 119 86 84 82 82 82 121 110 91 80
leaf_count=112 98 80 106 101 120 94 106 82 97 90 82 88 94 132 93 110 96 158 97 109 128 84 83 146 123 96 155 86 80 134 85 131 113 100 111 120 90 97 119 86 84 82 82 82 121 110 91 80
internal_value=0 -1.66437 0.13098 2.08259 0.0374339 -0.0104161 -0.404073 0.267634 0.0378713 0.0092143 0.121497 -0.194021 0.0760302 0.112796 0.329202 0.232141 -0.0631266 9.02246e-06 -0.125722 0.334129 0.550281 0.0324372 0.332808 -0.0864206 0.32346 -0.216823 0.151123 -0.405329 0.314114 0.69856 -0.0777909 0.358277 0.0181011 -0.22067 -0.136344 -0.251407 -0.65042 -0.460115 -0.304457 -0.544692 -0.894393 0.328764 0.0634592 -0.171928 0.125309 0.34324 -0.511615 -0.189984
internal_weight=0 366 4678 213 4465 4359 286 188 4265 4168 2685 1483 2565 2483 1113 1020 1370 1274 1393 926 539 387 411 1116 269 847 287 560 277 217 194 228 193 1165 975 782 190 470 373 254 180 193 312 380 203 192 177 166
internal_count=5044 366 4678 213 4465 4359 286 188 4265 4168 2685 1483 2565 2483 1113 1020 1370 1274 1393 926 539 387 411 1116 269 847 287 560 277 217 194 228 193 1165 975 782 190 470 373 254 180 193 312 380 203 192 177 166
is_linear=0
shrinkage=0.05


Tree=50
num_leaves=47
num_cat=0
split_feature=4 27 13 3 30 3 41 30 6 42 27 34 30 6 30 30 30 34 29 40 9 36 21 41 10 30 17 49 5 9 9 34 30 3 27 0 36 22 27 16 12 12 47 10 13 48
split_gain=369436 927197 208271 487306 400213 92049.3 47060.4 40621.1 37672.2 54654.7 41069.9 39156.4 42109.7 36755.7 35523.5 37649.7 37661.7 33589.4 57320.1 33012.8 37347.6 32963.7 27945.1 24097.2 28220.9 23216 23187.7 21309.6 20766.3 19253 23335.8 19125.4 17544.6 22044.8 36561.5 42725.3 21190.2 27133.2 16451.4 16379.9 15208.4 18765.4 15045 12745.2 6628.34 4304.05
threshold=4.7500000000000009 80.562500000000014 7.5000000000000009 682.50000000000011 119.37500000000001 182.50000000000003 5.5000000000000009 41.875000000000007 2.5714285714285721 0.75000000000000011 86.937500000000014 0.20835000000000295 104.37500000000003 3.646153846153847 83.958325000000016 98.125000000000014 189.37500000000003 2.1250000000000004 6.8125000000000009 43.500000000000007 0.56506053379109633 24.500000000000004 0.93054665123631264 2.5000000000000004 1.8483183852641056 91.875000000000014 0.77171215880893318 87.605005423375232 1.0000000180025095e-35 0.8113611778787907 0.64416078545056399 0.87500000000000011 109.37500000000003 62.500000000000007 82.031250000000014 81.250000000000014 7.5000000000000009 89.750000000000014 81.562500000000014 9.2500000000000018 2.5499999999999976 1.5357142857142849 9.5000000000000018 1.5238585621733911 25.500000000000004 -0.18685055305438422
decision_type=2 2 2 2 2 2 2 2 2 2 2 2 2 2 2 2 2 2 2 2 2 2 2 2 2 2 2 2 2 2 2 2 2 2 2 2 2 2 2 2 2 2 2 2 2 2
left_child=2 -2 4 5 -1 6 7 -4 10 27 11 12 -9 21 23 19 32 18 -18 20 -16 28 29 24 26 -22 -13 31 -11 30 45 -10 36 39 35 -35 -17 -38 -15 -34 41 -41 -28 -29 -43 -8
right_child=1 -3 3 -5 -6 -7 22 8 9 13 -12 14 -14 38 15 16 17 -19 -20 -21 25 -23 -24 -25 -26 -27 42 43 -30 -31 -32 -33 33 34 -36 -37 37 -39 -40 40 -42 44 -44 -45 -46 -47
leaf_value=-3.9451513061589667 -5.758971284941623 0.56709690125996637 1.1290972072276331 2.9351807737662123 0.66714469459321768 -1.4420392808739586 0.40033307059863471 0.026269907077126533 0.72499829820978157 0.1432756848705625 1.0282124351800943 0.062364415517624686 -1.4186075443187647 0.56724832377923551 1.0649223874647951 -0.34478945253044369 0.053139577587445579 -0.32977081974004879 1.5544245227969982 1.2471523453224274 -0.68275802686529341 1.8194399074148173 -0.050328001989065299 -1.0397868682857323 0.5323721858415198 0.43421161957533966 -1.2476396402780046 -0.17095590242237416 1.1489566578028294 0.23457785008983181 1.6854784499393423 -0.16900460052790134 -0.70778780302831112 -0.40773602701150458 0.080793921124367493 -1.9424789864842484 0.90725626886133259 -0.26432216309280282 -0.24295330294331566 0.3302605624533882 0.43355911625756161 -0.10413750548764032 -0.38462472885055882 -1.0077308180891438 -0.62489636029122675 0.92627350073077808
leaf_weight=89 94 148 83 152 98 98 80 91 95 102 81 135 112 128 85 149 149 115 110 104 105 86 136 118 93 82 93 105 103 109 88 158 104 103 104 81 122 82 121 120 134 100 112 80 158 80
leaf_count=89 94 148 83 152 98 98 80 91 95 102 81 135 112 128 85 149 149 115 110 104 105 86 136 118 93 82 93 105 103 109 88 158 104 103 104 81 122 82 121 120 134 100 112 80 158 80
internal_value=0 -1.90372 0.0942369 0.160223 -1.53732 0.0657341 0.0996672 0.0414614 0.0175402 0.285041 -0.0745812 -0.107295 -0.77395 0.621211 -0.0541078 0.0435702 -0.0604856 0.379356 0.694277 0.493903 0.202383 1.00185 0.559456 -0.409331 -0.235521 -0.19326 -0.446508 -0.129885 0.651694 0.791247 1.03399 0.168221 -0.191551 -0.308184 -0.668528 -1.0902 0.107162 0.437336 0.174139 -0.138901 -0.0221918 -0.184472 -0.780295 -0.536277 -0.424233 0.667423
internal_weight=0 242 4833 4646 187 4494 4396 3903 3820 978 2842 2761 203 540 2558 2007 1631 374 259 376 272 291 493 551 433 187 340 438 205 357 248 253 1257 904 288 184 353 204 249 616 512 378 205 185 258 160
internal_count=5075 242 4833 4646 187 4494 4396 3903 3820 978 2842 2761 203 540 2558 2007 1631 374 259 376 272 291 493 551 433 187 340 438 205 357 248 253 1257 904 288 184 353 204 249 616 512 378 205 185 258 160
is_linear=0
shrinkage=0.05


Tree=51
num_leaves=48
num_cat=0
split_feature=38 14 19 36 7 2 2 42 2 41 50 43 14 2 9 33 9 9 17 10 14 44 19 46 19 45 13 15 34 38 13 7 49 50 48 50 6 6 2 13 9 10 6 46 48 7 17
split_gain=697510 189519 151443 110142 101745 368647 126410 97852.5 82111.5 43455.1 43002.2 31188.2 30921.8 26533.9 21210.2 22583.5 20644.3 32523.7 19973.4 33855.7 31120.6 28503.4 19049.1 18649.3 31994.1 35553.1 26631.5 36727.7 22346.3 18076.4 17792.7 28609.6 20055.8 25841.6 31257.6 16908.3 14985.9 14575.4 14280.3 14017.7 12216.5 19488.3 15648.1 12212.8 11835.8 9416.76 6569.08
threshold=4.5000000000000009 16.500000000000004 -0.3558241758241758 28.500000000000004 1.1538461538461544 22.500000000000004 617.50000000000011 5.2500000000000009 617.50000000000011 6.5000000000000009 1.9437218890172832 0.75000000000000011 5.5000000000000009 742.50000000000011 0.64416078545056399 1.3750000000000002 0.49145229857413525 0.63660201852143727 0.96424010217113676 1.0565499099442159 2.5000000000000004 12.500000000000002 1.8359046994171291 -0.22700609751797865 1.154267740200809 0.57077594689671507 24.500000000000004 62.500000000000007 1.1250000000000002 1.5000000000000002 21.500000000000004 0.56643356643356668 82.464469179266032 1.3992954586848472 0.1179402966425825 0.54821625567044674 -0.17142857142857146 0.34285714285714275 712.50000000000011 26.500000000000004 1.0341340197850717 1.8976549054198157 0.68571428571428628 0.29958852271690523 0.1561962173013059 1.9860139860139865 0.87750000000000006
decision_type=2 2 2 2 2 2 2 2 2 2 2 2 2 2 2 2 2 2 2 2 2 2 2 2 2 2 2 2 2 2 2 2 2 2 2 2 2 2 2 2 2 2 2 2 2 2 2
left_child=1 2 3 -1 5 -4 -6 8 -7 10 18 14 16 23 -8 40 -12 -18 21 -20 38 29 -22 24 -13 46 28 -28 -25 30 31 35 36 34 39 -10 -32 -24 -21 -34 41 42 -16 -29 -42 -44 -26
right_child=-2 -3 4 -5 6 7 11 -9 9 -11 12 13 -14 -15 15 -17 17 -19 19 20 22 -23 37 26 25 -27 27 43 -30 -31 32 -33 33 -35 -36 -37 -38 -39 -40 -41 44 -43 45 -45 -46 -47 -48
leaf_value=0.25558770331707631 -3.8520256595364937 -2.0309811553500947 -2.7900591033935549 2.6934235980113348 2.1351834176689066 -1.2354114962085871 0.59640792067404147 1.6194176316261293 0.23666223576208495 0.91763874813308566 0.6952981396733473 -0.22738118288530546 0.98853737562894828 1.0896208423287121 0.2452953071429812 0.44039965773685075 -0.93427270349334268 0.37086587455294551 -1.273077954171778 -0.11760410713522058 -1.0634236274202438 0.78908391244632681 -0.60315586884308914 1.1465360424379778 0.70208827473404933 1.5420159979326571 0.475869072866485 -0.18182749833379475 0.089017365645203336 0.48536695511444761 0.5961417631024406 0.76983663786101986 -0.85307686577786468 0.18289486690618026 -1.3956512834748318 -0.62170124590522102 -0.34300301743801254 0.18484374076417351 0.72055918924186546 -0.042319230620677661 -0.16908744981601126 0.46376270724055568 -0.89925112228095527 -1.0167384043652961 -1.013414022344209 -0.18951581243011686 0.064365796542462009
leaf_weight=90 115 104 124 95 92 141 134 88 110 122 95 87 146 133 86 157 84 108 90 113 109 96 136 93 81 114 131 83 107 114 83 110 90 100 115 118 85 102 91 129 83 114 99 93 83 89 80
leaf_count=90 115 104 124 95 92 141 134 88 110 122 95 87 146 133 86 157 84 108 90 113 109 96 136 93 81 114 131 83 107 114 83 110 90 100 115 118 85 102 91 129 83 114 99 93 83 89 80
internal_value=0 0.0705256 0.116253 1.5152 0.0601371 -0.138344 0.336342 -0.00961615 -0.0678856 0.00278188 -0.0477935 0.245634 0.39879 0.43417 0.0218203 -0.0871561 0.0963883 -0.202015 -0.155924 -0.379339 -0.231314 -0.0311727 -0.518879 0.332716 0.606356 0.869988 0.136528 -0.155949 0.584021 -0.10656 -0.178786 0.111324 -0.341587 -0.520815 -0.731424 -0.208353 0.121761 -0.266081 0.257974 -0.37787 -0.237186 -0.0830543 -0.311421 -0.626254 -0.594791 -0.56604 0.387561
internal_weight=0 4927 4823 185 4638 2699 1939 2575 2487 2346 2224 1847 433 1002 845 711 287 192 1791 641 551 1150 347 869 362 275 507 307 200 1054 940 338 602 434 334 228 168 238 204 219 554 388 274 176 166 188 161
internal_count=5042 4927 4823 185 4638 2699 1939 2575 2487 2346 2224 1847 433 1002 845 711 287 192 1791 641 551 1150 347 869 362 275 507 307 200 1054 940 338 602 434 334 228 168 238 204 219 554 388 274 176 166 188 161
is_linear=0
shrinkage=0.05


Tree=52
num_leaves=49
num_cat=0
split_feature=37 42 42 3 30 30 18 37 8 30 37 0 7 42 10 21 18 20 30 8 3 35 29 17 7 1 3 17 16 46 10 0 48 46 35 17 22 35 8 0 42 3 21 3 7 33 8 6
split_gain=410262 148302 96931.1 176589 66511.5 50525.9 50411.1 61374.2 66176.2 36093.7 31426.3 54605.9 31340.5 87241.2 32399.9 33985.5 39124.1 29225 37916.3 35523.1 37012.4 30842.5 29773.3 44661.8 31016 26633.8 25324.3 27922.9 31862.2 22678.5 21798.7 21666.1 21487.8 19425.2 26678.6 19033.3 18000.9 29576.3 20593.5 17407.9 16843.2 16438 15470.5 14961.6 13910.2 12884 11758.9 11640.1
threshold=87.500000000000014 -2.2499999999999996 8.2500000000000018 672.50000000000011 181.56250000000003 300.62500000000006 162.50000000000003 62.500000000000007 0.62347826086956537 229.37500000000003 62.500000000000007 82.250000000000014 -0.65034965034965009 2.2500000000000004 1.0090247396302854 -1.0108658391906429 52.500000000000007 0.50968240964142841 106.87500000000001 1.0000000180025095e-35 57.500000000000007 8.7500000000000018 9.9375000000000018 0.64142857142857157 0.31048951048951062 86.500000000000014 12.500000000000002 0.72111111111111115 12.500000000000002 -0.3744658827978154 1.4378852437763541 82.750000000000014 0.2317110965504732 0.19969739736768838 3.035699999999999 0.95445134575569368 88.250000000000014 8.7500000000000018 1.6699040090344439 86.750000000000014 1.7500000000000002 32.500000000000007 0.63623469623468776 32.500000000000007 0.7845886597478956 0.54164999999999719 1.7071300833874494 0.34285714285714292
decision_type=2 2 2 2 2 2 2 2 2 2 2 2 2 2 2 2 2 2 2 2 2 2 2 2 2 2 2 2 2 2 2 2 2 2 2 2 2 2 2 2 2 2 2 2 2 2 2 2
left_child=1 -1 3 4 10 6 7 8 -6 29 12 -12 13 14 -3 -16 -17 18 19 -14 -21 31 23 -19 -24 -13 40 -28 30 -10 32 -20 47 34 42 -11 37 46 -39 -32 45 -36 -26 -35 -27 -25 -30 -29
right_child=-2 2 -4 -5 5 -7 -8 -9 9 35 11 25 17 -15 15 16 -18 22 21 20 -22 -23 24 26 33 44 27 28 36 -31 39 -33 -34 43 41 -37 -38 38 -40 -41 -42 -43 -44 -45 -46 -47 -48 -49
leaf_value=-1.698028501514661 -3.512077174281202 -0.61050469607950375 1.6287107845344169 -1.7760931345421498 1.9724212449172449 -0.47363442041371995 1.5837306936975661 -0.53357074016430339 0.65316919329461087 1.4475730549316017 -1.1828473350846431 0.71466884745625403 0.96601665612529308 1.8919030766154448 1.2465477550029755 0.74356228049957396 -0.67308257881862421 1.1741641866949808 0.32070755193179307 0.38210493224217512 -0.77415507744997747 -1.2356740483143134 0.53542720279732692 -0.1547121245454956 -1.1021857583964312 -0.79701020625375563 -0.7594869563485136 -0.64847657893910826 -0.0793663101412099 -0.36621931429311688 1.2631816832614797 -0.79579626501992695 0.74786144521798992 -0.34517501767011405 -0.13240423293816103 0.45532268400144099 -0.61651353275305354 -0.0061628831469494362 1.0828239083649165 0.37484646146114059 1.1155655629687258 0.78827411515739221 -0.12909791974705601 -1.2798823416233063 0.087565048791860278 0.61968469615235477 -0.82721371627356644 0.13036977868464034
leaf_weight=117 81 106 100 126 86 113 122 121 88 97 141 92 84 85 84 98 95 112 87 136 139 138 121 90 80 83 100 80 144 140 97 85 88 93 116 98 151 91 82 129 90 82 83 80 94 131 82 117
leaf_count=117 81 106 100 126 86 113 122 121 88 97 141 92 84 85 84 98 95 112 87 136 139 138 121 90 80 83 100 80 144 140 97 85 88 93 116 98 151 91 82 129 90 82 83 80 94 131 82 117
internal_value=0 0.0534965 0.0958554 0.063433 0.113639 0.508942 0.657023 0.47534 0.715755 0.456213 0.0232117 -0.389611 0.0734477 0.452736 0.129243 0.413501 0.0463749 0.0122723 -0.277458 0.0724391 -0.203019 -0.681591 0.0989272 0.216137 -0.184422 0.0290149 0.142496 0.0349921 0.110517 0.028363 0.394411 -0.232464 0.102856 -0.348229 -0.138635 0.953771 -0.153484 0.0228514 0.513261 0.760008 0.542423 0.250932 -0.610496 -0.782281 -0.329383 0.305043 -0.353158 -0.187591
internal_weight=0 4994 4877 4777 4651 865 752 630 509 423 3786 410 3376 468 383 277 193 2908 669 359 275 310 2239 1584 655 269 1472 1161 1061 228 511 172 285 534 361 195 550 399 173 226 311 198 163 173 177 221 226 197
internal_count=5075 4994 4877 4777 4651 865 752 630 509 423 3786 410 3376 468 383 277 193 2908 669 359 275 310 2239 1584 655 269 1472 1161 1061 228 511 172 285 534 361 195 550 399 173 226 311 198 163 173 177 221 226 197
is_linear=0
shrinkage=0.05


Tree=53
num_leaves=51
num_cat=0
split_feature=36 50 12 2 0 2 46 30 12 9 45 30 27 1 9 10 49 34 4 2 12 30 29 29 18 0 34 7 48 49 6 50 8 29 8 33 40 46 27 22 46 16 18 50 29 48 28 10 9 46
split_gain=560557 280159 680686 1.30558e+06 490328 454592 59776.3 47675.9 40404.3 30383.5 41839.8 26772.3 23620.2 47502.8 42707.7 31850.8 24826.4 19104.5 19051 40021.4 43012.9 21467 21693.9 35544.9 24072.7 27953.5 21066.1 17668.2 25653.5 16895.5 16590.3 25212.1 24460.7 21268.7 19959.9 17376 16835.4 28461.9 15585.8 26442.3 21116.3 15413.2 13362.2 12671.7 11265.4 10636.2 10177.2 9120.93 5444.2 2953.89
threshold=68.500000000000014 4.1231374149196407 1.5357142857142849 67.500000000000014 81.750000000000014 552.50000000000011 1.0000000180025095e-35 170.62500000000003 3.1904761904761938 0.85592164416559058 0.43733377705052551 40.625000000000007 85.062500000000014 90.500000000000014 0.79591616726460612 1.2544668640371113 90.616223642266831 1.3750000000000002 0.62500000000000011 627.50000000000011 3.1904761904761938 98.750000000000071 13.062500000000002 11.562500000000002 122.50000000000001 80.250000000000014 0.62500000000000011 1.6573426573426577 -0.34018203147540399 85.126937563644518 0.68571428571428628 0.58222414438472481 0.34173913043478271 10.312500000000002 0.72782608695652184 1.3750000000000002 51.500000000000007 -0.048362832084465616 83.062500000000014 84.250000000000014 0.6174544326165855 12.500000000000002 117.50000000000001 1.1092212288389691 8.8125000000000018 -0.22948715880807044 70.062500000000014 1.2912841987848005 0.64416078545056399 0.74298546529340237
decision_type=2 2 2 2 2 2 2 2 2 2 2 2 2 2 2 2 2 2 2 2 2 2 2 2 2 2 2 2 2 2 2 2 2 2 2 2 2 2 2 2 2 2 2 2 2 2 2 2 2 2
left_child=1 5 4 -4 -3 -1 -5 11 9 10 27 -7 16 14 15 -14 18 -12 30 -20 21 22 23 24 25 -21 -22 28 -9 -11 31 -13 -32 34 -34 44 37 -36 39 40 -23 47 49 -35 -33 -41 -30 -15 -42 -39
right_child=-2 2 3 6 -6 7 -8 8 -10 29 17 12 13 41 -16 -17 -18 -19 19 20 26 38 -24 -25 -26 -27 -28 -29 46 -31 32 35 33 43 36 -37 -38 42 -40 45 48 -43 -44 -45 -46 -47 -48 -49 -50 -51
leaf_value=-3.4559238758492974 -2.9498011277087275 1.3064916889999332 7.8362874534692653 1.2406816325935663 -3.9483905418616971 0.83794156717644508 -0.57982991477589552 -0.10734346220951255 -0.47796998127647072 -0.48016651440808111 1.8712768443425496 0.30667206906975852 -0.25944704597784302 0.43415354922597793 1.5496644885269637 1.028699740951444 -0.87820741052925588 0.82157595471789446 -1.1169416326123316 0.76376563760183636 0.013915413955962935 0.31846573743969203 -0.70152897876501086 1.0486374197236026 -0.61327500495504828 -0.29189209484342321 1.0949073243731013 -0.17286162056420981 0.59225870364386102 0.42351904406495716 0.94204226936748692 0.14155155113427947 -0.48559878284548541 -0.00060072475901016826 1.3060414393517106 -1.1015175801736337 -0.1743702279243233 -0.24735666932883085 0.14281547123263047 -1.4600142595781522 -0.88412750498815018 -0.76916316005993979 0.6119486751500518 -0.75926783881150195 -0.61559673516700675 -0.67285779897983256 1.3672746324823017 -0.26636634848738483 -0.30835233117327276 0.17968803168400937
leaf_weight=93 154 96 88 101 81 87 80 81 114 93 89 157 117 80 96 80 99 89 110 117 85 95 99 82 140 133 95 94 91 114 93 100 80 129 87 80 115 80 85 87 87 87 159 95 95 90 83 108 80 80
leaf_count=93 154 96 88 101 81 87 80 81 114 93 89 157 117 80 96 80 99 89 110 117 85 95 99 82 140 133 95 94 91 114 93 100 80 129 87 80 115 80 85 87 87 87 159 95 95 90 83 108 80 80
internal_value=0 0.104473 1.29748 2.87783 -1.10696 -0.0159017 0.437271 0.0586437 0.394669 0.530668 0.731954 -0.0231168 -0.0453766 0.248635 0.690569 0.266212 -0.10437 1.35395 -0.0760487 -0.206267 -0.126885 -0.24472 -0.0324772 0.10904 -0.090693 0.20323 0.587336 0.411757 0.627097 0.0171588 0.0575993 -0.19762 0.177787 0.0905981 0.245518 -0.485592 0.358497 0.50949 -0.475498 -0.595269 -0.274552 -0.223021 0.288846 -0.324301 -0.228574 -1.06579 0.967651 0.0324471 -0.611784 -0.0340445
internal_weight=0 4876 446 269 177 4430 181 4337 848 734 527 3489 3402 568 293 197 2834 178 2735 1385 1275 1095 571 472 390 250 180 349 255 207 1350 432 918 825 601 275 521 406 524 439 262 275 319 224 195 177 174 188 167 160
internal_count=5030 4876 446 269 177 4430 181 4337 848 734 527 3489 3402 568 293 197 2834 178 2735 1385 1275 1095 571 472 390 250 180 349 255 207 1350 432 918 825 601 275 521 406 524 439 262 275 319 224 195 177 174 188 167 160
is_linear=0
shrinkage=0.05


Tree=54
num_leaves=48
num_cat=0
split_feature=38 46 2 0 16 17 3 15 21 30 30 7 50 29 21 2 21 2 35 29 39 27 10 15 37 6 2 30 14 49 2 22 8 19 45 45 36 29 15 21 0 27 10 37 10 49 21
split_gain=336935 137125 616693 407744 403450 191060 105751 90511 47513.6 36882.8 44537.3 44067.8 52425.3 35028.2 33337.2 65150.1 38972.3 48151.5 43272.2 29171.4 25940.8 22829.6 23971.7 39183.4 38051.5 34936.6 24581.3 24233.9 20946.8 20938 34218.1 32088 24035.7 23054.1 18244.3 16605 15134.7 14802.1 14796 19963.6 14551.1 22488.6 12932.2 11210.3 9697.77 5926.1 5851.99
threshold=4.5000000000000009 0.50370931781787065 262.50000000000006 78.250000000000014 9.2500000000000018 0.37268518518518523 162.50000000000003 61.500000000000007 2.1005519391256375 159.37500000000006 115.00000000000003 0.31048951048951062 1.6143840033922887 7.5625000000000009 -0.018272261882806614 647.50000000000011 0.63623469623468776 667.50000000000011 18.750000000000004 5.3958250000000012 1.0000000180025095e-35 77.531250000000014 1.479671783691576 78.250000000000014 49.500000000000007 -1.1999999999999993 712.50000000000011 86.875000000000014 3.5000000000000004 89.208155613436716 697.50000000000011 87.250000000000014 0.8686956521739132 1.9791551664654132 0.34235194516023087 0.35846314187849709 34.500000000000007 10.187500000000002 71.500000000000014 1.2462184873949627 77.750000000000014 72.437500000000014 1.1055633316046993 6.5000000000000009 1.8319649019081989 82.738967623330453 -0.7525168768695919
decision_type=2 2 2 2 2 2 2 2 2 2 2 2 2 2 2 2 2 2 2 2 2 2 2 2 2 2 2 2 2 2 2 2 2 2 2 2 2 2 2 2 2 2 2 2 2 2 2
left_child=1 3 -3 4 -1 -5 8 -6 9 10 21 -11 20 -10 15 -4 17 -16 35 -17 -13 -7 23 24 26 -24 27 -23 42 30 -12 -32 -31 -34 43 38 44 -28 39 -18 41 -21 -25 -19 -27 46 -42
right_child=-2 2 14 5 7 6 -8 -9 13 11 29 12 -14 -15 16 19 18 34 -20 40 -22 22 25 28 -26 36 37 -29 -30 32 31 -33 33 -35 -36 -37 -38 -39 -40 -41 45 -43 -44 -45 -46 -47 -48
leaf_value=4.3709132950654075 -2.8216674736317469 -4.2904556798410942 -1.6302787760654127 -2.0844905070504365 1.8423743000358677 -0.52293249863259339 1.8573454638545432 -0.27530615915759254 -1.2091897009748274 -0.24921297214649343 -1.3429880399595608 0.89230009047534531 1.5700602972827538 0.019811496833960218 1.5893445341892187 0.62213078107152675 -1.4395018354978091 0.27572051764537514 0.822101772419226 -0.3589211189746857 -0.097312976109038163 0.21328660919578801 -0.93753225585922262 -0.65402508629066458 1.4766926136057257 0.12595380192995073 0.52405356577672491 1.1992907632479832 0.61178368741704015 0.66727308458403545 0.38471812324046539 -0.87545527437799864 -0.66104317181069283 0.37673744545263405 0.75183088872230286 0.10026262708459839 -0.30357530957381978 -0.35231351833100671 -0.11338168258936901 -0.355052683826374 -0.072137807794364114 0.65941941054855913 0.08555446304380894 -0.50353981443198337 0.84252545172041593 -0.88636443427439482 -0.65704854653941269
leaf_weight=112 101 90 82 97 88 93 88 116 112 134 98 126 141 119 83 104 80 103 94 159 138 108 85 110 117 99 86 148 96 94 107 94 144 84 105 131 94 107 105 91 82 81 126 82 90 88 89
leaf_count=112 101 90 82 97 88 93 88 116 112 134 98 126 141 119 83 104 80 103 94 159 138 108 85 110 117 99 86 148 96 94 107 94 144 84 105 131 94 107 105 91 82 81 126 82 90 88 89
internal_value=0 0.0817916 -0.289486 0.270146 1.97373 0.0861171 0.161014 0.642734 0.106076 0.169078 0.0691452 0.535371 0.794936 -0.578711 -0.055911 -0.316841 0.148722 0.534974 -0.13934 -0.135827 0.376587 0.229404 0.285039 0.42419 0.676781 -0.0547486 0.465523 0.785769 -0.00717222 -0.28137 -0.581915 -0.206033 -0.0013549 -0.278727 0.228781 -0.362863 0.212766 0.0388804 -0.582249 -0.867817 -0.294726 -0.0139211 -0.26047 -0.0705316 0.469817 -0.553878 -0.378615
internal_weight=0 4900 1649 3251 316 2935 2838 204 2750 2519 1980 539 405 231 1559 685 874 373 501 603 264 1359 1266 898 566 368 449 256 332 621 299 201 322 228 290 407 283 193 276 171 499 240 236 185 189 259 171
internal_count=5001 4900 1649 3251 316 2935 2838 204 2750 2519 1980 539 405 231 1559 685 874 373 501 603 264 1359 1266 898 566 368 449 256 332 621 299 201 322 228 290 407 283 193 276 171 499 240 236 185 189 259 171
is_linear=0
shrinkage=0.05


Tree=55
num_leaves=47
num_cat=0
split_feature=2 17 17 2 8 17 6 33 2 42 36 29 36 29 8 35 48 40 19 28 5 28 45 17 12 29 48 3 10 28 49 19 17 35 6 31 19 29 48 2 29 45 13 42 45 22
split_gain=727915 681325 56667.9 46556.4 94127.2 71842.5 82674.2 48176.2 35050 34060.1 22486.6 21787.1 23772.1 40106.1 30376.4 23776.1 29224.9 27206.7 23825.6 26836.1 23175.1 20132.1 34984.5 24497.9 25210.9 19687.3 19281 31358.9 19121.1 24148.7 18162.2 17011.8 24735.1 18127.4 21524.9 18093.9 16523.1 15035.3 14789.7 18099.2 13579 11960.4 11838.9 8630.16 8534.55 7567.13
threshold=195.00000000000003 0.54195804195804198 0.37268518518518523 647.50000000000011 0.61304347826086969 0.81649831649831661 0.68571428571428628 0.95835000000000303 752.50000000000011 1.0000000180025095e-35 54.500000000000007 10.312500000000002 56.500000000000007 6.2916750000000006 0.065217391304347866 37.916650000000004 -0.45978582235611309 2.5000000000000004 1.2182179586898283 73.812500000000014 -1.0000000180025095e-35 74.312500000000014 -0.18492532721306487 0.93475177304964552 1.4166666666666645 7.1875000000000009 -0.81500909974805713 67.500000000000014 2.2297615146622189 65.687500000000014 86.658240211999285 1.6152033793596317 0.83602150537634423 33.750000000000007 -1.0000000180025095e-35 6.5000000000000009 1.0510021458972114 7.8125000000000009 0.043854800812743219 717.50000000000011 11.812500000000002 -0.14250824554987665 22.500000000000004 1.7500000000000002 -0.26866367175705824 87.250000000000014
decision_type=2 2 2 2 2 2 2 2 2 2 2 2 2 2 2 2 2 2 2 2 2 2 2 2 2 2 2 2 2 2 2 2 2 2 2 2 2 2 2 2 2 2 2 2 2 2
left_child=1 -1 -2 4 5 6 7 -4 9 10 31 12 14 -14 -11 18 -17 -18 19 45 25 22 38 24 -24 -20 -13 30 29 -25 40 36 -33 34 41 -36 -5 44 39 -22 -28 -34 -38 -26 -37 -16
right_child=2 -3 3 8 -6 -7 -8 -9 -10 11 -12 26 13 -15 15 16 17 -19 20 -21 21 -23 23 28 43 -27 27 -29 -30 -31 -32 32 33 -35 35 37 42 -39 -40 -41 -42 -43 -44 -45 -46 -47
leaf_value=-0.84129712566639636 1.3562284051485005 -6.4877500322129995 0.51368652188008834 -0.068814356508829916 -1.6872829129030038 -0.93636170974687527 1.4616748695352437 -1.1387488730251789 0.9601159004751465 1.0094994664489432 0.44579437047043102 -0.77527833997175621 -1.100424070422908 0.44109030618917111 -0.79937748697671029 0.0051963571948234486 0.43040160025343488 1.7259407179518824 -0.66202654058283028 0.5193328860733244 -0.70466474078427588 1.114422920588404 1.5646777347851826 0.89578217734823695 0.9012994033385473 0.23934436932758049 -0.84229441477080536 0.68149566819124363 -0.34769367706618814 -0.15907457994974472 0.27142066229554945 0.54172429226672481 -0.34015626072883609 0.48835660231759753 -0.54078468283196146 -0.46835531665955066 -0.2773910094190527 0.73094221357210187 0.36293146582962627 0.20860564596951009 -0.1058359119185695 -1.1283826285740362 -1.0463504299305488 0.18785951418823071 0.24501150108274375 -0.221479202148815
leaf_weight=158 83 80 92 140 110 151 112 83 115 140 148 86 82 85 109 98 80 83 109 89 132 84 92 142 82 134 117 135 94 87 132 133 99 82 138 80 80 80 115 91 134 95 137 88 86 119
leaf_count=158 83 80 92 140 110 151 112 83 115 140 148 86 82 85 109 98 80 83 109 89 132 84 92 142 82 134 117 135 94 87 132 133 99 82 138 80 80 80 115 91 134 95 137 88 86 119
internal_value=0 -2.75847 0.0690008 0.0459852 -0.386754 -0.0570382 0.407247 -0.272057 0.10318 0.0785367 -0.132366 0.178495 0.253474 -0.317866 0.302093 0.247393 0.688382 1.09659 0.17355 -0.21311 0.271699 0.377388 0.309179 0.542849 0.901302 -0.16603 -0.0865214 0.0291017 0.250208 0.49608 -0.20203 -0.207096 -0.0778328 -0.203314 -0.302114 -0.0846325 -0.493206 0.172411 -0.0956597 -0.332717 -0.451106 -0.729951 -0.765436 0.535248 -0.0995256 -0.500039
internal_weight=0 238 4783 4700 548 438 287 175 4152 4037 1298 2739 2135 167 1968 1828 261 163 1567 317 1250 1007 923 585 262 243 604 518 323 229 383 1150 793 660 578 384 357 246 338 223 251 194 217 170 166 228
internal_count=5021 238 4783 4700 548 438 287 175 4152 4037 1298 2739 2135 167 1968 1828 261 163 1567 317 1250 1007 923 585 262 243 604 518 323 229 383 1150 793 660 578 384 357 246 338 223 251 194 217 170 166 228
is_linear=0
shrinkage=0.05


Tree=56
num_leaves=48
num_cat=0
split_feature=38 17 4 28 46 3 2 30 36 7 13 8 50 0 15 0 28 8 18 50 19 50 48 2 9 50 7 12 48 27 10 29 17 4 29 36 36 10 48 9 7 7 4 7 5 16 30
split_gain=216784 174267 147743 170816 155912 660778 286089 57099.7 36253.3 38949.9 38269.7 29985.6 50089 36985.1 34255.1 24130.2 19919.9 19686.7 18036.5 40729.3 23539.4 22785.4 23530.5 17886.2 17806.8 17312.5 18051.4 16941 36462.4 18422.8 23385.4 16403.6 16579.6 30389.6 19566.9 16113 26403.4 15026.4 14525.8 13771.5 11238.9 11157.3 10424.1 20840.7 19287.5 9516.89 6870.23
threshold=4.5000000000000009 0.33687943262411352 7.2500000000000009 43.062500000000007 0.50370931781787065 147.50000000000003 517.50000000000011 170.62500000000003 27.500000000000004 1.6153846153846156 19.500000000000004 0.40434782608695657 2.5874306697880276 82.250000000000014 79.250000000000014 82.250000000000014 72.562500000000014 -0.32086956521739124 127.50000000000001 2.4484258024551626 0.91616506317050794 -0.25130097602956875 -0.27898904247075001 712.50000000000011 0.74119186184500963 2.1026498567314751 0.62937062937062982 1.5357142857142849 -0.2104779686793444 72.437500000000014 1.9983594779885212 6.2916750000000006 0.93475177304964552 1.2500000000000002 9.9375000000000018 12.500000000000002 33.500000000000007 1.5314345969429468 -0.62435775452253395 0.56506053379109633 1.2377622377622381 1.2377622377622381 0.62500000000000011 2.1413586413586425 1.0000000180025095e-35 15.500000000000002 119.37500000000001
decision_type=2 2 2 2 2 2 2 2 2 2 2 2 2 2 2 2 2 2 2 2 2 2 2 2 2 2 2 2 2 2 2 2 2 2 2 2 2 2 2 2 2 2 2 2 2 2 2
left_child=1 -1 3 -3 6 15 -5 11 9 -9 -10 12 13 -8 16 17 -15 -6 20 21 40 -20 -23 -12 -17 26 37 28 -19 30 -29 -31 33 34 -33 -24 -37 39 -28 -22 -13 -27 43 44 -40 -34 -30
right_child=-2 2 -4 4 5 -7 7 8 10 -11 23 18 -14 14 -16 24 -18 27 19 -21 25 22 35 -25 -26 41 38 29 46 31 -32 32 45 -35 -36 36 -38 -39 42 -41 -42 -43 -44 -45 -46 -47 -48
leaf_value=1.7446395553075353 -2.1542305279215541 1.9580690568735619 -1.8174646264842105 3.1560351075195685 -0.74023409085027103 -4.5079413691719807 -0.56272849315404894 1.7166746452697053 1.0711561272084551 0.46975045443925645 -0.68121020422204515 -1.1090226385248714 1.3742822119649851 0.37072226066215364 -0.35355342553798547 -0.89417474699371002 1.4080494609372369 0.89142841600136724 0.90831405081870875 -0.68813975405389982 -0.74812895012337988 0.68350320815280741 -0.43556586620307736 0.30781013171957888 -0.030593892901834813 0.74803508739272251 0.63231215171870736 -1.0345309262228486 0.14414835585944955 0.52263896256153075 0.093529095684780794 -0.70909199554007507 -0.85258760483892171 0.91528075289452215 0.34667443246753127 0.72742233997633488 -0.40096219279195955 -0.96371729014460572 0.84248927403415486 0.051918621446676319 -0.27657919704187206 -0.018458308119286775 -0.4219434363081267 -0.48152294349339275 -0.11982452740856248 -0.1094351720742204 -0.4922572511147304
leaf_weight=155 108 118 103 81 86 90 124 120 90 132 90 82 105 101 85 152 86 156 131 117 81 156 154 91 98 97 83 100 86 139 84 95 85 86 80 118 91 96 106 156 81 92 151 107 101 87 82
leaf_count=155 108 118 103 81 86 90 124 120 90 132 90 82 105 101 85 152 86 156 131 117 81 156 154 91 98 97 83 100 86 139 84 95 85 86 80 118 91 96 106 156 81 92 151 107 101 87 82
internal_value=0 0.0998275 0.0467154 0.0876939 0.0394149 -0.377907 0.241883 0.162808 0.637401 1.06796 0.234572 0.0633475 0.408847 0.150044 0.475855 -0.112409 0.852734 -0.0166635 -0.0233613 0.166887 -0.141746 0.321612 0.172062 -0.185009 -0.557122 -0.0561966 -0.149407 0.0415856 0.343501 -0.0880896 -0.521825 0.052101 -0.0998055 0.151287 -0.227228 -0.0490054 0.236546 -0.439149 0.0271377 -0.22351 -0.699563 0.376794 -0.0820078 0.082285 0.374636 -0.479496 -0.167553
internal_weight=0 4987 4832 4729 4611 1506 3105 3024 523 252 271 2501 501 396 272 1416 187 1166 2000 767 1233 650 519 181 250 1070 881 1080 324 756 184 572 433 261 175 363 209 333 548 237 163 189 465 314 207 172 168
internal_count=5095 4987 4832 4729 4611 1506 3105 3024 523 252 271 2501 501 396 272 1416 187 1166 2000 767 1233 650 519 181 250 1070 881 1080 324 756 184 572 433 261 175 363 209 333 548 237 163 189 465 314 207 172 168
is_linear=0
shrinkage=0.05


Tree=57
num_leaves=47
num_cat=0
split_feature=7 2 2 42 7 50 20 49 11 35 30 20 9 2 35 19 49 46 34 20 34 2 10 10 4 36 22 48 49 34 10 9 6 21 27 14 44 28 30 35 27 21 46 48 2 46
split_gain=156663 858159 726636 804735 71473.6 179421 132058 78359.3 38215.5 37720.7 45117.6 43302 49278 64379.7 28696 32298.9 28824.2 42060.9 28429.6 32350.3 34792.7 27432.2 27440.8 20564.1 20188.4 27500.6 45518.8 39009.1 19161.3 28698.3 18912.7 18686.8 18475.8 16817.1 16711.1 25693.3 20971 18814.8 29838.3 15599 14105.5 13819.6 12273 15121 9273.08 7282.83
threshold=1.0234965034965036 522.50000000000011 195.00000000000003 7.2500000000000009 0.87692307692307703 4.1231374149196407 0.30018315018315023 87.642371472380049 1.0084745762711835 53.750000000000007 120.62500000000001 -1.0000000180025095e-35 0.89141405653841399 677.50000000000011 33.750000000000007 1.3312645684162714 86.968974585960879 0.41202506375868281 0.31250000000000006 0.38939051144933501 1.3750000000000002 642.50000000000011 1.8483183852641056 1.607532977863906 0.62500000000000011 41.500000000000007 84.750000000000014 0.014070287307129146 89.531347163560469 1.3750000000000002 2.06145923771841 0.7523853220844654 -4.1142857142857121 0.65209810579579408 79.812500000000014 5.5000000000000009 10.500000000000002 71.937500000000014 100.62500000000003 73.750000000000014 83.937500000000014 -0.44432770935502924 0.28313308994381592 -0.33140184080328133 692.50000000000011 0.65720762023595369
decision_type=2 2 2 2 2 2 2 2 2 2 2 2 2 2 2 2 2 2 2 2 2 2 2 2 2 2 2 2 2 2 2 2 2 2 2 2 2 2 2 2 2 2 2 2 2 2
left_child=2 -2 3 -1 5 9 -6 -8 14 10 21 12 13 -12 15 -3 17 -17 -13 -20 -21 -4 23 32 28 26 45 -28 29 41 -19 -31 -23 -30 36 37 -34 -36 -39 -16 -18 -10 43 -43 -38 -26
right_child=1 8 4 -5 6 -7 7 -9 24 -11 11 18 -14 -15 39 16 40 30 19 20 -22 22 -24 -25 25 -27 27 -29 33 31 -32 -33 34 -35 35 -37 44 38 -40 -41 -42 42 -44 -45 -46 -47
leaf_value=-6.7624045755671363 5.3793914582994251 -0.41319219475198121 0.75721083679774992 -0.10531633694966634 -2.453600044221413 2.1065663954959466 -0.94068335402544934 0.95452554966418113 -0.011798553665479024 0.92363209689017567 -2.3010384494024847 -0.83153383744390386 -0.041997187499140137 -0.43862551766998914 1.4575496409219855 1.4840809854258479 -0.56772796744924214 0.77490197158108165 0.98094515087960787 -0.65266704747871485 0.46576239507306705 0.72431605539204158 0.65253457956306349 -0.82321569221775714 -1.0199352897434351 -0.97681859495403534 1.0082438971815992 -0.40534996138997825 -0.73927166934524269 0.3497040827466984 -0.091781316596762585 -0.54813719007585726 -0.7676876993740307 0.10242571234703064 0.31975771843527379 0.74631700174462412 0.39508724239739507 -1.0933026583676928 0.14202090310394219 0.51178954509978603 0.33330617696046833 1.4585150221983592 0.32390752627695207 0.50796621323941826 -0.28307526796677357 -0.35500191592199859
leaf_weight=86 80 143 146 95 81 103 122 97 95 100 89 94 121 97 84 112 83 119 86 146 131 80 153 81 82 110 118 82 104 98 132 139 152 136 155 123 87 88 108 93 89 80 138 90 117 85
leaf_count=86 80 143 146 95 81 103 122 97 95 100 89 94 121 97 84 112 83 119 86 146 131 80 153 81 82 110 118 82 104 98 132 139 152 136 155 123 87 88 108 93 89 80 138 90 117 85
internal_value=0 0.324593 -0.235585 -3.28813 -0.018306 0.0781794 -0.742046 -0.10073 0.139431 -0.0197466 -0.0661025 -0.370349 -0.828579 -1.33732 0.401041 0.25227 0.43058 0.682644 -0.0613863 0.139782 -0.123962 0.114234 0.0315866 -0.0648424 -0.0255738 -0.287186 -0.0783908 0.429537 0.116397 0.259184 0.320561 -0.176968 0.00349071 -0.263864 -0.0667745 0.127583 -0.325186 -0.0907428 -0.415349 0.966292 -0.102264 0.515483 0.67763 0.961197 0.00665754 -0.685624
internal_weight=0 2292 2738 181 2557 2257 300 219 2212 2154 2054 764 307 186 855 678 535 363 457 363 277 1290 1144 991 1357 477 367 200 880 640 251 237 910 240 830 474 356 351 196 177 172 403 308 170 204 167
internal_count=5030 2292 2738 181 2557 2257 300 219 2212 2154 2054 764 307 186 855 678 535 363 457 363 277 1290 1144 991 1357 477 367 200 880 640 251 237 910 240 830 474 356 351 196 177 172 403 308 170 204 167
is_linear=0
shrinkage=0.05


Tree=58
num_leaves=47
num_cat=0
split_feature=13 17 2 13 2 27 36 41 30 37 1 23 16 10 3 17 2 14 50 48 48 39 20 47 13 16 48 34 33 41 6 50 45 9 18 17 46 43 14 46 10 9 9 34 9 18
split_gain=172698 621804 671601 60206.7 67727.8 129004 132190 32655.6 28243 33075.9 27912 27473.3 43013.3 21014.5 20979.8 20390.1 62937.5 32264.4 25428.5 25403 23510.3 25317.4 33463.2 24029.6 27867.7 21319 26553.7 20888.4 19188.5 18922.7 17100.3 17095.6 16238 15300.8 14146.8 14044.5 15788.5 20924.8 16775.2 16004 14891.3 13037.1 12386.7 12725 9138.96 7906.97
threshold=6.5000000000000009 0.36038961038961043 7.5000000000000009 46.500000000000007 622.50000000000011 80.437500000000014 9.5000000000000018 6.5000000000000009 193.12500000000003 76.500000000000014 84.500000000000014 74.250000000000014 10.500000000000002 1.4978845523509778 17.500000000000004 0.96424010217113676 682.50000000000011 2.5000000000000004 1.6143840033922887 0.9538297417639553 0.62350821800352463 1.5000000000000002 -1.194427244582043 10.500000000000002 36.500000000000007 12.500000000000002 0.13075458479869242 1.8333499999999996 0.54164999999999719 3.5000000000000004 -1.0026578073089694 1.2889045231959886 -0.39036798905311365 0.72019365235355937 107.50000000000001 0.91779279279279291 -0.29342786347392819 1.2500000000000002 4.5000000000000009 -0.83375966452616657 1.1747840228653843 0.74684373492735923 0.63660201852143727 1.3750000000000002 0.72019365235355937 92.500000000000014
decision_type=2 2 2 2 2 2 2 2 2 2 2 2 2 2 2 2 2 2 2 2 2 2 2 2 2 2 2 2 2 2 2 2 2 2 2 2 2 2 2 2 2 2 2 2 2 2
left_child=-1 -2 -3 4 5 6 -4 8 9 15 -9 -10 -13 -14 -15 19 33 25 30 20 21 22 -6 24 27 -18 41 29 -23 35 -19 -31 -25 -17 -28 36 38 -38 39 -24 -41 -27 -32 -44 -29 -16
right_child=1 2 3 -5 7 -7 -8 10 11 -11 -12 12 13 14 45 16 17 18 -20 -21 -22 28 23 32 -26 26 34 44 -30 31 42 -33 -34 -35 -36 -37 37 -39 -40 40 -42 -43 43 -45 -46 -47
leaf_value=-1.6831340684294702 3.288011848259639 -4.0716688230925921 -0.16938669458480485 1.1694768905112174 0.81688464977969866 0.37400024604323684 -2.9395659822444844 0.12390257667203051 -0.47755017998543653 0.80112879416790972 1.1654498631418762 1.2849579974651337 -0.40883968669176102 -0.14696149557828905 0.40530491818984349 -0.6599222215280558 0.91732869585355115 -1.0220166597449989 0.45160126700120817 -0.65867834175665552 0.68374744672199783 -0.96520589647384802 -0.23893455804540562 -0.77305599650615586 0.89591769490104456 -0.0025009361693733617 0.060888867277696913 -0.13362988680601121 -0.073358001714122711 0.11970409163657357 -0.84684346321879367 -0.84782246563089902 0.059405792593956001 -1.6044922287871199 -0.85632325670746878 0.8081789991091366 -0.63233796704528678 0.26122938230533727 0.92667366909980786 0.98508091112713769 0.023035733420171858 0.78975115793532336 0.13775859239903637 -0.58455560026746811 -0.82872254546866364 1.0762353210373128
leaf_weight=149 142 101 82 112 145 150 90 142 87 113 117 124 99 99 86 95 89 113 84 126 144 103 129 142 103 94 82 111 144 101 81 82 99 81 85 97 116 148 99 80 80 115 158 98 82 93
leaf_count=149 142 101 82 112 145 150 90 142 87 113 117 124 99 99 86 95 89 113 84 126 144 103 129 142 103 94 82 111 144 101 81 82 99 81 85 97 116 148 99 80 80 115 158 98 82 93
internal_value=0 0.0389654 -0.0577969 0.0293064 0.00122437 -0.696859 -1.62751 0.0540671 0.0188281 -0.0362514 0.597081 0.338613 0.481011 0.213882 0.436314 -0.0651069 -0.232237 -0.0781892 -0.343051 0.0271115 0.0705153 0.0227231 0.0949404 0.0231725 0.112832 0.226058 0.0604337 0.0404037 -0.447655 0.138526 -0.492059 -0.316084 -0.432258 -1.10125 -0.408274 0.249873 0.165701 -0.132303 0.368286 0.174469 0.507189 0.435112 -0.31186 -0.139951 -0.431704 0.757931
internal_weight=0 4943 4801 4700 4588 322 172 4266 4007 3419 259 588 501 377 278 3306 1175 999 534 2131 2005 1861 1614 1469 1228 465 376 1125 247 932 450 183 241 176 167 749 652 264 388 289 160 209 337 256 193 179
internal_count=5092 4943 4801 4700 4588 322 172 4266 4007 3419 259 588 501 377 278 3306 1175 999 534 2131 2005 1861 1614 1469 1228 465 376 1125 247 932 450 183 241 176 167 749 652 264 388 289 160 209 337 256 193 179
is_linear=0
shrinkage=0.05


Tree=59
num_leaves=48
num_cat=0
split_feature=38 16 3 32 3 27 35 16 29 49 46 30 47 29 7 3 28 35 46 36 14 30 30 48 29 7 30 3 3 15 29 45 27 19 48 20 19 30 18 46 13 30 19 35 10 30 4
split_gain=270725 203799 333820 103784 154564 35308.7 34508 34126.6 34006.8 40511 40298.8 29170.3 31692.6 29005.1 36342.9 33220.7 26837.9 24313.4 26107.9 23000.6 31698.9 28993.6 30135.3 25391.2 27883.1 22911.9 22157.2 50647.9 40264.3 23294.7 18762.6 17865.2 17838.2 17664.5 19016.5 17547.6 16974.8 20212.8 16870.8 16433.1 15664.2 18159.9 15354.8 12369.8 11587.7 8332.91 7907
threshold=4.5000000000000009 3.2500000000000004 732.50000000000011 5.5000000000000009 192.50000000000003 87.062500000000014 53.750000000000007 19.500000000000004 5.3958250000000012 91.930887244269641 0.3484035575467645 79.375000000000028 9.5000000000000018 6.5312500000000009 1.3048951048951052 32.500000000000007 72.062500000000014 8.7500000000000018 -0.91595872546125101 46.500000000000007 9.5000000000000018 136.87500000000006 114.06250000000003 -0.60031376490786614 11.562500000000002 0.87692307692307703 105.62500000000001 107.50000000000001 87.500000000000014 65.500000000000014 8.1875000000000018 -0.39036798905311365 84.312500000000014 1.5428571428571429 -0.025499409301800727 2.3337418878968315 3.8578021978021977 65.625000000000014 107.50000000000001 -0.6905596507703472 32.500000000000007 98.125000000000014 1.2182179586898283 6.2500000000000009 1.5116573282773487 118.12500000000001 1.0000000180025095e-35
decision_type=2 2 2 2 2 2 2 2 2 2 2 2 2 2 2 2 2 2 2 2 2 2 2 2 2 2 2 2 2 2 2 2 2 2 2 2 2 2 2 2 2 2 2 2 2 2 2
left_child=1 -1 3 -3 5 6 7 8 16 10 11 12 38 17 19 40 44 -13 -19 20 21 22 23 -15 39 -8 27 30 29 43 31 -12 -18 -31 -35 -27 37 -32 -10 -25 41 -16 -39 -28 -5 -43 -17
right_child=-2 2 -4 4 -6 -7 25 -9 9 -11 26 13 -14 14 15 46 32 18 -20 -21 -22 -23 -24 24 -26 35 28 -29 -30 33 36 -33 -34 34 -36 -37 -38 42 -40 -41 -42 45 -44 -45 -46 -47 -48
leaf_value=-2.0801575134847767 -2.4299215839667756 1.7405084955692294 2.7081964649137902 0.45435846534120028 -1.9383849392131882 0.99783819134533402 1.2302529013746388 -0.81354020020817641 -0.99359752544164659 -0.89938186781420826 -0.30787648689001801 0.37310005492634246 0.47293401930329149 -0.61995656868230187 -0.37855069116186141 0.88355744245611589 -0.39353605139255526 -1.1566472749857384 -0.066084450254837668 -0.50794189875283524 1.1444873051082387 0.82213530619282382 -0.67309766741118571 0.48635273058857537 1.0123379576019944 -0.098906337499618538 -0.13728073097691679 1.1706390402665954 -1.2172489600937542 -0.89891208811279599 0.49076501120019844 0.59044555450366631 0.59808835954551243 -0.66615789240481815 0.27193683591306861 0.84664585362246003 -0.99576150983212952 -0.98235304233284637 -0.13021674440020609 -0.35051908861906805 0.99082860297031616 0.87489343151086718 -0.12702542377623502 0.67942125617071647 1.25269578331124 0.24696270406635756 1.6092878435129003
leaf_weight=106 109 89 121 82 97 99 90 121 124 123 95 134 97 80 86 80 99 86 149 120 84 120 137 112 111 124 100 81 122 135 80 130 82 101 114 80 82 80 104 121 88 81 150 85 106 152 80
leaf_count=106 109 89 121 82 97 99 90 121 124 123 95 134 97 80 86 80 99 86 149 120 84 120 137 112 111 124 100 81 122 135 80 130 82 101 114 80 82 80 104 121 88 81 150 85 106 152 80
internal_value=0 0.0781437 0.12609 0.0589523 0.0260752 0.0687751 0.0476875 0.0102275 0.0353876 -0.0112275 0.0202237 0.154993 -0.280751 0.232874 0.333426 0.645593 0.491994 -0.162628 -0.468394 0.132925 0.233985 0.120162 -0.0311879 0.177317 0.36399 0.570061 -0.193176 0.00305716 -0.401344 -0.213363 -0.15187 0.21147 0.056526 -0.452785 -0.169793 0.27422 -0.360427 -0.189709 -0.602063 0.0521134 0.403864 0.239352 -0.427495 0.239596 0.908731 0.468062 1.25416
internal_weight=0 4920 4814 4693 4604 4507 4408 4114 3993 3624 3501 2146 325 1821 1452 567 369 369 235 885 765 681 561 424 344 294 1355 698 657 535 617 225 181 350 215 204 392 310 228 233 407 319 230 185 188 233 160
internal_count=5029 4920 4814 4693 4604 4507 4408 4114 3993 3624 3501 2146 325 1821 1452 567 369 369 235 885 765 681 561 424 344 294 1355 698 657 535 617 225 181 350 215 204 392 310 228 233 407 319 230 185 188 233 160
is_linear=0
shrinkage=0.05


Tree=60
num_leaves=51
num_cat=0
split_feature=36 42 19 15 32 28 3 50 13 42 14 13 42 27 21 9 28 50 50 18 44 10 12 2 33 3 16 46 35 8 36 10 46 21 40 8 13 8 34 3 19 40 30 36 19 18 50 6 13 40
split_gain=230316 135393 187288 139246 123517 112642 87706.4 58605.5 295752 33082.4 38072.8 50773.8 20901.8 69829.1 22916.7 56482.3 25999.1 43890.4 36844.3 16990.5 35363.7 35066.9 24198.5 36584 22399.2 19755.1 16201.2 16492.9 16006.1 15729 19034.8 19008.1 19136.2 16226.3 15094.3 22119.1 13788.6 12775.3 11325 10252.5 10153.9 17169 21312.1 20868.4 14256.5 10488 8764.94 8538.96 9527.36 2481.7
threshold=75.500000000000014 -2.7499999999999996 -0.3558241758241758 75.500000000000014 5.5000000000000009 43.062500000000007 747.50000000000011 4.7520337657867566 26.500000000000004 4.2500000000000009 14.500000000000002 43.500000000000007 3.2500000000000004 78.053575000000009 2.4047756210227651 1.1102328050700525 74.062500000000014 1.3768084538462804 0.44238013571995799 62.500000000000007 7.2500000000000009 0.98311775456162864 1.5357142857142849 707.50000000000011 0.54164999999999719 112.50000000000001 11.250000000000002 -0.72694848937061807 36.250000000000007 -0.065217391304347783 2.5000000000000004 1.0761422349668883 -0.96687281075841669 0.040403287367297487 61.500000000000007 1.389130434782609 22.500000000000004 1.682608695652174 0.87500000000000011 17.500000000000004 3.553277756726033 11.500000000000002 109.37500000000003 27.500000000000004 1.9693105823136785 117.50000000000001 0.87613210253913121 0.34285714285714253 30.500000000000004 1.0000000180025095e-35
decision_type=2 2 2 2 2 2 2 2 2 2 2 2 2 2 2 2 2 2 2 2 2 2 2 2 2 2 2 2 2 2 2 2 2 2 2 2 2 2 2 2 2 2 2 2 2 2 2 2 2 2
left_child=1 -1 3 -3 -4 -6 7 9 -9 10 11 12 14 -14 16 -16 19 18 36 21 -21 -7 23 38 39 28 27 -23 29 -24 47 33 -33 -32 35 -28 -18 -26 -22 -25 41 44 45 -44 -34 -43 -35 49 -49 -31
right_child=-2 2 4 -5 5 6 -8 8 -10 -11 -12 -13 13 -15 15 -17 17 -19 -20 20 22 26 25 24 37 -27 34 -29 -30 30 31 32 40 46 -36 -37 -38 -39 -40 -41 -42 42 43 -45 -46 -47 -48 48 -50 -51
leaf_value=-1.9571006472923873 -2.4813900633653008 2.8604924893379216 -1.6879790575492502 0.15369371555068279 1.6112142075720826 1.1424592524119046 -1.3356426846664564 -0.94128017151842325 3.0665528372786515 -0.89556742906570441 -0.82342758496769342 1.2859222780479942 1.677325763109867 -0.21740052605668705 -1.4982054680953791 0.28383314967757522 1.0346135819095303 1.2714538654790517 -0.52569721716549977 -0.81559128937586933 -0.75647190275580389 -0.78028248901977104 -0.84491493478417401 -0.32862870734791427 0.43986763295488079 0.57695452771564526 1.0684499743179632 0.092022933522049266 0.41439781331715464 -0.5131908312715866 -0.15286248198179442 -0.8844733648183869 -0.088954077930335551 0.26987432466774453 -0.25264247002643209 0.095862460379247325 0.14502941899085314 1.1292438500944306 0.025802353880192974 0.40619777280108055 -0.5224203682199956 -0.14143503425603218 -1.0498504253800469 -0.050873981309788568 0.79173782245757485 0.62810755204409363 1.0100005356617916 -0.53620833944082269 0.1175834994209875 -0.91816415758018044
leaf_weight=80 89 104 100 87 116 91 112 97 86 92 118 85 81 119 80 98 86 112 128 141 85 85 85 85 137 100 103 146 118 80 106 81 82 81 85 134 88 135 100 105 106 93 98 111 103 83 80 124 100 82
leaf_count=80 89 104 100 87 116 91 112 97 86 92 118 85 81 119 80 98 86 112 128 141 85 85 85 85 137 100 103 146 118 80 106 81 82 81 85 134 88 135 100 105 106 93 98 111 103 83 80 124 100 82
internal_value=0 0.0705685 0.103835 1.63477 0.0418527 0.079465 0.0398682 0.0750568 0.948612 0.0370674 0.0580039 0.0840621 0.0577939 0.554491 0.0310701 -0.520979 0.0588188 0.430791 0.115855 0.00973195 -0.0492588 0.238546 -0.00314766 0.257135 0.49476 -0.101549 0.0880073 -0.230935 -0.143945 -0.188262 -0.148106 -0.0351724 -0.163107 0.326804 0.31682 0.521261 0.588109 0.784904 -0.335756 0.0774602 -0.0754924 0.00838986 -0.18178 -0.522062 0.402998 0.222973 0.641603 -0.446838 -0.245112 -0.722553
internal_weight=0 5014 4934 191 4743 4643 4527 4415 183 4232 4140 4022 3937 200 3737 178 3559 414 302 3145 2501 644 2360 647 462 1713 553 231 1613 1495 1410 1024 757 267 322 237 174 272 185 190 676 570 385 209 185 176 161 386 224 162
internal_count=5103 5014 4934 191 4743 4643 4527 4415 183 4232 4140 4022 3937 200 3737 178 3559 414 302 3145 2501 644 2360 647 462 1713 553 231 1613 1495 1410 1024 757 267 322 237 174 272 185 190 676 570 385 209 185 176 161 386 224 162
is_linear=0
shrinkage=0.05


Tree=61
num_leaves=49
num_cat=0
split_feature=3 33 18 2 37 46 29 2 34 30 0 46 8 35 50 50 10 21 8 7 45 20 0 30 17 0 20 48 15 20 41 5 50 29 30 7 33 14 2 19 8 28 27 43 10 34 12 17
split_gain=503098 1.20364e+06 65106.9 86447.8 52871.5 39782.9 69905.5 44238.3 93020.3 41190 33037 41896.5 59067.3 36747.9 27908.3 25881.6 25957.9 25746.5 20115.2 18049.2 17457.1 33906.2 22106.6 19250.1 19732 17296.8 16871.4 18102.5 16336.1 16020 23956.7 23034.1 23992.3 21963.4 17827.3 14522.3 24687.6 18362.3 22969.8 17893.9 18854.5 16689.1 16245.5 14360.9 16047.9 13821.1 11707.7 9206.51
threshold=672.50000000000011 1.1250000000000002 192.50000000000003 547.50000000000011 84.500000000000014 -0.4755978891912595 6.8125000000000009 627.50000000000011 1.1250000000000002 160.62500000000006 78.750000000000014 0.60383265664488517 0.61304347826086969 6.2500000000000009 0.60412536423834962 2.616342741730961 0.93932253824398948 1.0266694963214393 1.2062548806623024 0.16783216783216778 -0.36647417525074694 0.27320574162679429 89.250000000000014 91.875000000000014 0.9298029556650248 87.750000000000014 0.69960932134845188 0.34165631239609012 77.250000000000014 0.63949518223711788 1.5000000000000002 1.0000000180025095e-35 1.3434171535737394 8.6875000000000018 98.750000000000071 0.69020979020979034 0.76785000000000292 2.5000000000000004 742.50000000000011 1.4423753665689152 1.5834782608695654 66.562500000000014 83.062500000000014 1.2500000000000002 1.6195894043206689 1.1250000000000002 1.5357142857142849 1.0106382978723405
decision_type=2 2 2 2 2 2 2 2 2 2 2 2 2 2 2 2 2 2 2 2 2 2 2 2 2 2 2 2 2 2 2 2 2 2 2 2 2 2 2 2 2 2 2 2 2 2 2 2
left_child=2 -2 3 -1 5 6 14 8 -7 15 11 12 -9 -14 28 16 -8 18 -16 45 22 -22 -18 -23 25 -25 -21 46 -5 30 31 32 34 -32 -12 36 41 38 39 -37 -41 -31 43 44 -39 -13 -28 -48
right_child=1 -3 -4 4 -6 7 9 10 -10 -11 29 19 13 -15 17 -17 20 -19 -20 26 21 23 -24 24 -26 -27 27 -29 -30 35 33 -33 -34 -35 -36 37 -38 42 -40 40 -42 -43 -44 -45 -46 -47 47 -49
leaf_value=1.7114015913591154 -5.3385126350569898 1.8416073219448912 -1.0279741283413732 -0.084419303596019749 1.3395784745981665 0.19888081164587113 1.1310544349641229 1.8855673177006804 -2.0364791657243457 1.3818243731240758 -0.14760537899813606 0.070910956977326189 -0.45509507967078167 0.90534978368216101 0.81340323805586623 1.2399298175715092 1.1409234644864736 -0.51785000468025344 -0.091572577454019019 0.7844811118349595 -0.81784218784342433 -0.33543847704736085 0.075026985058690071 1.3095126022652883 -0.11530729186100264 0.31384685337543489 0.17367504537619394 0.62595400737256424 -0.91969553365165169 0.47263427138328551 -0.21144999555945398 0.61777120548617714 0.42303345600763964 -1.1273213260048736 -1.1119443350440854 -0.61630533815446231 0.8598079688121788 -0.64923751147893771 0.84049582395208899 0.50732448312544054 -0.30764708075359581 -0.44472481433083033 0.26115294738513667 -0.99062318826043938 0.21190480093561834 -0.81603094142736854 -0.8089045414612408 -0.05864401058650312
leaf_weight=81 136 101 130 99 80 104 83 80 83 121 102 80 91 107 133 81 94 110 113 91 93 103 100 81 95 95 144 97 143 84 124 90 80 139 90 109 112 129 82 154 130 118 81 110 92 96 83 80
leaf_count=81 136 101 130 99 80 104 83 80 83 121 102 80 91 107 133 81 94 110 113 91 93 103 100 81 95 95 144 97 143 84 124 90 80 139 90 109 112 129 82 154 130 118 81 110 92 96 83 80
internal_value=0 -2.28375 0.0714127 0.10225 0.0734614 0.0506904 0.256379 -0.056579 -0.798839 0.523662 -0.00629023 0.232873 0.747814 0.28095 -0.166615 0.396278 0.302887 0.115057 0.399015 0.018734 0.197345 0.0313612 0.594695 0.244145 0.464852 0.776889 0.173388 0.0341438 -0.579745 -0.130646 -0.335725 -0.0713702 -0.300823 -0.69794 -0.603058 -0.0237332 0.267968 -0.127182 0.0846662 -0.0747717 0.134504 -0.0627997 -0.371037 -0.526063 -0.291413 -0.414753 -0.15427 -0.443281
internal_weight=0 237 4797 4667 4586 4506 1544 2962 187 946 2775 949 278 198 598 825 744 356 246 671 661 467 194 374 271 176 495 404 242 1826 625 362 272 263 192 1201 314 887 475 393 284 202 412 331 221 176 307 163
internal_count=5034 237 4797 4667 4586 4506 1544 2962 187 946 2775 949 278 198 598 825 744 356 246 671 661 467 194 374 271 176 495 404 242 1826 625 362 272 263 192 1201 314 887 475 393 284 202 412 331 221 176 307 163
is_linear=0
shrinkage=0.05


Tree=62
num_leaves=46
num_cat=0
split_feature=36 19 2 42 46 2 42 27 34 7 7 30 40 46 7 20 36 36 37 40 2 46 2 8 19 25 46 30 21 31 2 14 6 8 34 48 29 21 8 48 8 47 2 19 28
split_gain=218503 233105 325414 322861 262188 29419 26785.5 30459.1 43357.5 38510.5 66909.2 63660.5 54923.6 60984.2 48291.4 47682.1 78912.1 28159.6 27294.6 25417.6 27380.5 24844.4 38670.5 35100.8 35850.2 22852.4 24736.9 22732 20076.6 17881.8 17081.4 16982.2 24183.5 25778.6 22215.7 14453.7 13922.5 13506.5 12561.7 17027.5 15082.3 15104 11980.3 9943.3 7054.69
threshold=75.500000000000014 -0.07321339950372209 195.00000000000003 2.7500000000000004 0.39629089145655322 752.50000000000011 1.0000000180025095e-35 84.812500000000014 0.31250000000000006 -0.33146853146853134 1.0000000180025095e-35 106.87500000000001 60.500000000000007 0.38043945030393422 -1.3636363636363631 1.0000000180025095e-35 15.500000000000002 26.500000000000004 16.500000000000004 80.500000000000014 672.50000000000011 -0.96234030595689413 627.50000000000011 0.40434782608695657 0.54554778554778571 1.5000000000000002 -0.29342786347392819 63.125000000000007 0.73890775325408964 7.5000000000000009 697.50000000000011 4.5000000000000009 0.34285714285714275 2.1052173913043482 1.1250000000000002 -0.30465304191610237 5.3125000000000009 0.34047383593662778 1.0565217391304349 0.64486009244267206 0.81604743083003961 8.5000000000000018 712.50000000000011 2.1423536753998467 67.812500000000014
decision_type=2 2 2 2 2 2 2 2 2 2 2 2 2 2 2 2 2 2 2 2 2 2 2 2 2 2 2 2 2 2 2 2 2 2 2 2 2 2 2 2 2 2 2 2 2
left_child=1 3 4 -1 -3 6 19 9 -9 12 11 -11 13 14 -8 16 -12 30 -15 20 -4 -17 -23 -24 -25 31 -27 -22 29 -28 -10 32 37 35 -33 -34 -29 -26 40 42 41 -38 -40 -37 -44
right_child=-2 2 5 -5 -6 -7 7 8 17 10 15 -13 -14 18 -16 21 -18 -19 -20 -21 27 22 23 24 25 26 28 36 -30 -31 -32 34 33 -35 -36 43 38 -39 39 -41 -42 -43 44 -45 -46
leaf_value=-0.0084782133889354135 -2.5015173122800629 -0.43743951504047102 -0.86406843430572955 3.5573159981211391 -4.2443559152108659 0.77048261465934609 1.4808678177403816 -0.28223940028625283 0.92372811286004031 1.9971367485821248 0.30657136712859323 0.12445532673283628 -1.3194480861226718 -0.21350501157747681 -0.10925548400761737 0.89404334257891849 -1.8972360834847262 1.3125974807721468 -1.3713641090778745 0.61464965180043252 0.4991318538158882 -0.95552442455559639 0.84590011809596288 -0.97577679040955345 0.17300940649928873 1.0880818403234669 0.88876779829913921 0.3063442599660946 -0.47188165035054441 -0.0086805010688351062 0.037103203464956845 0.065696736479945048 0.033922330479995877 0.50255547214386076 -0.85890219856575145 -1.0356489627099619 -0.62786237292346503 0.99879841237298916 -1.1430289312075543 0.024746566017468774 0.40390539236433876 0.13430621881579233 -0.76260800876695178 -0.29673518579242364 -0.22812127151244399
leaf_weight=152 86 103 154 108 80 129 80 146 90 87 81 94 116 128 116 93 80 133 84 92 118 88 148 81 107 101 109 105 83 112 135 135 152 128 124 81 146 92 92 125 110 116 114 105 136
leaf_count=152 86 103 154 108 80 129 80 146 90 87 81 94 116 128 116 93 80 133 84 92 118 88 148 81 107 101 109 105 83 112 135 135 152 128 124 81 146 92 92 125 110 116 114 105 136
internal_value=0 0.0259933 -0.0542799 1.48065 -2.11569 0.0291495 0.00732911 0.0871909 0.442583 0.0182884 0.114782 1.03061 -0.364412 -0.0903195 0.543997 0.0270407 -0.79344 0.738143 -0.676564 -0.182417 -0.243177 0.103415 0.058228 0.116064 0.0389114 0.101442 0.414113 -0.152413 0.187362 0.435962 0.394271 -0.035905 0.0979218 -0.0992663 -0.378569 -0.327985 -0.234299 0.557866 -0.302244 -0.47465 -0.0851165 -0.291186 -0.656718 -0.622338 -0.473914
internal_weight=0 4989 4729 260 183 4546 4417 3109 504 2605 2081 181 524 408 196 1900 161 358 212 1308 1216 1739 1646 1558 1410 1329 405 1062 304 221 225 924 665 466 259 338 944 199 839 467 372 262 342 186 250
internal_count=5075 4989 4729 260 183 4546 4417 3109 504 2605 2081 181 524 408 196 1900 161 358 212 1308 1216 1739 1646 1558 1410 1329 405 1062 304 221 225 924 665 466 259 338 944 199 839 467 372 262 342 186 250
is_linear=0
shrinkage=0.05


Tree=63
num_leaves=47
num_cat=0
split_feature=3 50 50 35 48 49 3 29 9 14 41 16 3 35 16 40 46 29 28 50 28 50 40 46 16 21 18 8 25 28 48 41 14 48 40 25 40 36 21 20 18 29 30 47 10 10
split_gain=294025 509538 270476 34293 33875.3 40318.8 45582.2 37454.4 40031 31674.9 41808.3 30414.2 27952.1 23312.2 43736.1 27058.2 25822.8 43661.6 34995.5 34699.3 32836.6 25048.7 24694.3 23600 20891.3 20721.5 19449.3 18658.8 15855.4 15443.9 23313 18810.7 16770.2 16673.2 14941.2 13780.2 15700.6 14824.6 11718.1 14548.3 18418.8 17111 9143.3 9066.4 8948.82 7548.71
threshold=380.00000000000006 4.3987423452004224 8.0853054134580749 96.250000000000014 -0.81500909974805713 84.861088408385783 62.500000000000007 7.6875000000000009 0.64416078545056399 14.500000000000002 6.5000000000000009 11.250000000000002 157.50000000000003 12.708349999999998 8.2500000000000018 76.500000000000014 -0.30164489695395946 7.3125000000000009 73.281250000000014 1.8510396524622978 74.437500000000014 3.9437549295963383 50.500000000000007 -0.18493013702746822 10.500000000000002 -0.10558986264632607 87.500000000000014 2.6739130434782612 2.5000000000000004 73.562500000000014 -0.12661792099639985 2.5000000000000004 1.5000000000000002 0.28944708369002287 31.500000000000004 1.5000000000000002 27.500000000000004 7.5000000000000009 -1.0783156054895213 0.88328173374612995 107.50000000000001 8.9375000000000018 91.875000000000014 5.5000000000000009 1.0309633782949601 1.6309834124304994
decision_type=2 2 2 2 2 2 2 2 2 2 2 2 2 2 2 2 2 2 2 2 2 2 2 2 2 2 2 2 2 2 2 2 2 2 2 2 2 2 2 2 2 2 2 2 2 2
left_child=3 -2 -3 4 5 7 -7 8 -1 10 12 -12 13 16 -15 29 17 24 19 22 -20 23 34 -18 -6 -9 -26 28 35 30 32 33 -16 -32 42 36 38 -37 -25 40 44 45 -19 -35 -40 -41
right_child=1 2 -4 -5 9 6 -8 25 -10 -11 11 -13 -14 14 15 -17 21 18 20 -21 -22 -23 -24 27 26 -27 -28 -29 -30 -31 31 -33 -34 43 -36 37 -38 -39 39 41 -42 -43 -44 -45 -46 -47
leaf_value=1.3664579406748585 -4.8917492418404089 1.9419748765876497 -2.0259992106576985 1.0463674626482482 0.36589562428625011 -0.26659368753655638 -1.7568226385329451 -1.0630704993819013 -0.15627713701737825 -0.58804621528834111 0.1985263789346976 1.2882271028304286 0.92873409117261563 1.2118798901728534 0.22298916167571764 -0.44356019843982741 -0.85112858827888349 -0.42904193233484511 1.485528951784796 0.99051023537621785 0.2005789051222247 -0.9810302771496423 -0.68358452500553302 -0.57591305699320594 -0.070883740607957199 -0.057845258797314149 -0.93142254052271378 0.67806939964759216 0.47410639640504287 0.80410427491889047 0.63939249009157706 0.89403807088180831 -0.60195780098074469 0.21927007470148091 0.71264428388523438 -0.1782972463131326 0.55627777956901714 -0.97543067195082223 0.91302088556519478 -0.21396158128976822 -0.21216979811268466 -0.65706570262584507 0.30690696363042047 -0.52237871376479539 0.20792949583270764 0.40848453906251159
leaf_weight=80 82 82 88 87 94 133 83 80 92 159 128 128 95 108 118 157 96 86 120 101 85 84 108 122 132 140 130 83 112 116 112 134 127 82 94 158 93 92 82 119 154 157 81 81 100 81
leaf_count=80 82 82 88 87 94 133 83 80 92 159 128 128 95 108 118 157 96 86 120 101 85 84 108 122 132 140 130 83 112 116 112 134 127 82 94 158 93 92 82 119 154 157 81 81 100 81
internal_value=0 -1.68042 -0.111871 0.0684014 0.0501459 -0.297885 -0.844685 0.00479498 0.555776 0.101703 0.12961 0.746269 0.0866839 0.0642051 0.264371 0.152795 -0.0166667 0.176722 0.412812 0.17423 0.956305 -0.146758 -0.0512697 -0.0977516 -0.270823 -0.426538 -0.499787 -0.0437078 -0.0913755 0.274807 0.179841 0.410514 -0.205345 0.172521 0.211988 -0.14643 -0.0557183 -0.47436 -0.12615 -0.0462547 0.1896 -0.268145 -0.0723826 -0.150217 0.528861 0.0389072
internal_weight=0 252 170 4804 4717 608 216 392 172 4109 3950 256 3694 3599 1035 927 2564 1031 675 470 205 1533 369 1449 356 220 262 1353 1270 770 654 409 245 275 261 1158 908 250 815 693 336 357 167 163 182 200
internal_count=5056 252 170 4804 4717 608 216 392 172 4109 3950 256 3694 3599 1035 927 2564 1031 675 470 205 1533 369 1449 356 220 262 1353 1270 770 654 409 245 275 261 1158 908 250 815 693 336 357 167 163 182 200
is_linear=0
shrinkage=0.05


Tree=64
num_leaves=49
num_cat=0
split_feature=17 17 2 17 13 0 3 41 33 2 29 29 20 46 49 41 29 2 33 27 12 34 20 46 29 21 7 17 19 45 20 7 27 19 38 40 28 19 21 8 36 45 8 19 9 34 28 46
split_gain=407346 294714 355154 82891.5 67620.2 117383 46840.9 38825 39128.2 24584 22154.1 34675.1 40117.6 37827.2 25011.2 24849.5 29953.5 23965.5 22552.3 22324.1 21565.4 21472.4 34473.5 21310.2 20221.7 18054.8 16773.6 15325 23631.3 22679.9 18522.7 17313.9 14938.7 21783.4 21670.7 18580.6 26144 15582.9 15921.3 14661.2 17615.2 14380.2 17001.6 13471.8 12385.8 11215.9 10517.1 9927.78
threshold=0.23538461538461541 0.36038961038961043 7.5000000000000009 0.44097222222222227 43.500000000000007 75.750000000000014 192.50000000000003 6.5000000000000009 0.95835000000000303 757.50000000000011 5.3958250000000012 6.5312500000000009 0.58782394076511735 -0.34234976856068178 88.682484793575568 1.5000000000000002 7.5625000000000009 662.50000000000011 1.0000000180025095e-35 81.312500000000014 1.5357142857142849 0.87500000000000011 0.57663204426274517 -0.074115882986646633 13.687500000000002 -0.10558986264632607 1.573426573426574 0.96424010217113676 2.5489804313333728 0.22700754078277605 0.62534106342155882 -0.48251748251748222 81.437500000000014 2.0493169301194487 1.5000000000000002 52.500000000000007 72.687500000000014 1.7302425515660811 0.011323353792931814 0.58173913043478276 23.500000000000004 0.98802474685579866 0.55043478260869583 3.7536779997098226 0.86455005809202556 1.5625000000000002 70.812500000000014 0.60383265664488517
decision_type=2 2 2 2 2 2 2 2 2 2 2 2 2 2 2 2 2 2 2 2 2 2 2 2 2 2 2 2 2 2 2 2 2 2 2 2 2 2 2 2 2 2 2 2 2 2 2 2
left_child=-1 -2 -3 -4 6 -6 7 9 -9 10 21 12 14 18 -12 27 -17 -18 -13 45 -21 23 -23 -5 32 -24 -22 29 -29 31 -31 -15 33 -20 35 36 46 38 -37 -33 -41 42 -19 -30 47 -14 -34 -44
right_child=1 2 3 4 5 -7 -8 8 -10 -11 11 13 19 15 -16 16 17 41 24 20 26 22 25 -25 -26 -27 -28 28 43 30 -32 39 34 -35 -36 37 -38 -39 -40 40 -42 -43 44 -45 -46 -47 -48 -49
leaf_value=-3.5254889970145578 2.895329895615578 -3.0194563246264901 -1.4667990913656024 -0.51394596906973655 2.2954267941994799 -0.22873135704743236 -1.142841983409155 0.084013938073870503 1.2624222585931422 0.84696904701548947 -1.4904778993365788 0.94644655494462882 0.57845386536719734 -0.56223150137973865 -0.44846389684556187 0.36408837684353845 -1.2120475125556089 0.1577529195518721 -0.67731251679952187 0.26021421017746132 -0.22281550486882529 1.4581883133911506 -0.33973873883117867 0.50573785652716952 0.91279511631921284 0.63195488969994407 -1.193939244515366 -0.76270502718645294 0.51965638589950236 1.0756880616968119 0.1668621256351471 0.6393807910453706 0.36673052660056527 0.35914033321773309 0.95814920903622414 -0.25569521711583726 1.0695739682575669 -0.53012631191775716 0.61847123693053918 -0.39296332224722835 0.47460834594800122 0.23522968860559687 -0.10171669016818743 -0.28831992391326011 -1.1425385743710732 -0.17052120549104566 -0.32617157552184328 -0.75909543889613196
leaf_weight=81 87 96 89 118 89 94 83 157 127 85 100 104 128 114 137 121 97 83 125 83 89 81 80 89 85 116 89 131 97 102 124 104 139 84 86 113 98 144 95 154 93 85 110 108 89 81 89 120
leaf_count=81 87 96 89 118 89 94 83 157 127 85 100 104 128 114 137 121 97 83 125 83 89 81 80 89 85 116 89 131 97 102 124 104 139 84 86 113 98 144 95 154 93 85 110 108 89 81 89 120
internal_value=0 0.027403 -0.0240452 0.0363662 0.0650145 1.00467 0.0269005 0.0489502 0.613559 0.0103594 -0.00725167 -0.0499663 -0.363614 0.0267565 -0.892547 -0.121288 -0.349647 -0.497896 0.247336 -0.0955671 -0.403244 0.309996 0.597091 -0.0752075 0.177786 0.235634 -0.712335 0.0356598 -0.240883 0.170283 0.579972 -0.0296519 0.112705 -0.261021 0.215149 0.119632 0.391054 -0.132137 0.144612 0.144429 -0.0657102 -0.35346 -0.478209 0.0946575 -0.643655 0.288751 0.0960124 -0.446498
internal_weight=0 4992 4905 4809 4720 183 4537 4454 284 4170 4085 3601 707 2894 237 1732 705 584 1162 470 261 484 277 207 1058 196 178 1027 336 691 226 465 973 209 764 678 326 352 208 351 247 487 402 205 319 209 228 230
internal_count=5073 4992 4905 4809 4720 183 4537 4454 284 4170 4085 3601 707 2894 237 1732 705 584 1162 470 261 484 277 207 1058 196 178 1027 336 691 226 465 973 209 764 678 326 352 208 351 247 487 402 205 319 209 228 230
is_linear=0
shrinkage=0.05


Tree=65
num_leaves=47
num_cat=0
split_feature=14 19 3 17 17 2 3 50 8 35 36 29 16 30 36 30 6 30 46 19 33 15 37 14 3 14 2 40 8 27 19 33 42 10 8 20 45 45 20 42 6 6 5 8 5 44
split_gain=161734 135773 217047 110604 168127 277186 32322.2 35976.4 79785.6 28480.4 28096.5 27260.7 26842.4 28844.4 48755.8 60482.2 24409.7 25271.9 25884.2 24888.9 23771.9 27012.4 22153.7 20802.3 20112.3 29837.1 21411.3 19930.7 33547.4 20608.2 18265.9 20703.1 18181 15953.2 15756.6 11879.1 19336.3 14432.8 11979.4 11670.9 14508.8 29785.2 12317.4 10297.4 8244.31 9578.74
threshold=16.500000000000004 -0.07321339950372209 117.50000000000001 0.26969696969696971 0.38585607940446659 307.50000000000006 162.50000000000003 3.9437549295963383 1.2234782608695653 30.625000000000004 66.500000000000014 6.8125000000000009 19.500000000000004 189.37500000000003 42.500000000000007 213.12500000000003 2.5714285714285721 126.87500000000001 -0.88620506325989179 0.51027521800977194 0.31250000000000006 76.250000000000014 25.500000000000004 1.0000000180025095e-35 87.500000000000014 1.5000000000000002 647.50000000000011 41.500000000000007 1.0826086956521741 84.656250000000014 1.5104571104571107 0.95835000000000303 1.2500000000000002 2.0555554184571494 1.7556521739130437 1.402837162837163 0.94425825643485939 0.65233619298682533 1.9786213786213787 -1.0000000180025095e-35 3.5142857142857147 4.6285714285714299 1.0000000180025095e-35 1.3382608695652176 -1.0000000180025095e-35 10.500000000000002
decision_type=2 2 2 2 2 2 2 2 2 2 2 2 2 2 2 2 2 2 2 2 2 2 2 2 2 2 2 2 2 2 2 2 2 2 2 2 2 2 2 2 2 2 2 2 2 2
left_child=1 2 -1 -3 -5 -6 7 9 -9 10 12 30 13 16 15 -15 17 19 -19 -7 -20 32 34 -18 27 -26 -27 33 29 -29 -11 -32 -22 35 -17 36 37 44 -37 -25 42 -42 -41 -30 -21 -46
right_child=-2 3 -4 4 5 6 -8 8 -10 11 -12 -13 -14 14 -16 22 23 18 20 24 21 -23 -24 39 25 26 -28 28 43 -31 31 -33 -34 -35 -36 38 -38 -39 -40 40 41 -43 -44 -45 45 -47
leaf_value=0.14409730647157573 -1.8601030702569656 -1.7144001630337344 3.3283496167924671 2.2264903678450474 -2.9037799658598722 -0.86170934960137802 1.0019569157183856 -1.8178106713366795 0.1456962658095754 -0.44612267911434178 0.87791093263937092 1.1107267974476729 -0.79465785822698054 1.7307599065204462 -0.54128083118370607 1.1070919121393847 0.72141595086094679 -1.1491267446244118 -0.95135948794319281 0.14044578049595899 0.028749783829815929 0.62009740628085097 -0.31521736652243376 -0.36505061276257039 1.1653988877247119 -0.41285966082052755 0.63354046173732392 1.2489057061076165 -0.65520244380574166 0.23022571559500907 -0.010721484801246668 0.86222927830260232 -0.90620391127912114 0.38843023923208131 0.16032932039271011 -0.93945988750629206 -0.80055626990771533 0.3698988873486882 -0.14354682816192507 0.12211929280823525 -0.74757715874180508 0.38734093980586276 0.89354086881456907 0.052768278481267028 -0.63147400293039957 -0.06835802484162247
leaf_weight=158 111 91 80 85 80 85 86 82 137 80 91 111 104 95 111 83 156 100 93 126 123 102 101 120 86 109 87 89 80 112 141 130 89 105 93 112 100 150 82 108 97 140 99 140 145 157
leaf_count=158 111 91 80 85 80 85 86 82 137 80 91 111 104 95 111 83 156 100 93 126 123 102 101 120 86 109 87 89 80 112 141 130 89 105 93 112 100 150 82 108 97 140 99 140 145 157
internal_value=0 0.0613873 1.22388 0.00218452 0.0364934 -0.00520124 0.0477032 0.028616 -0.594419 0.0617733 0.0151495 0.431307 -0.00702624 0.0167679 0.374884 0.648974 -0.041149 -0.121543 -0.432309 -0.0320808 -0.253802 -0.044836 0.273074 0.212356 0.0103821 0.394794 0.0524721 -0.067387 0.219872 0.685233 0.213902 0.409668 -0.366166 -0.191268 0.610546 -0.261436 -0.162239 -0.0506121 -0.605504 0.0705247 0.188804 -0.0783508 0.493582 -0.206475 -0.198506 -0.33992
internal_weight=0 4931 238 4693 4602 4517 4437 4351 219 4132 3670 462 3579 3475 483 372 2992 2272 507 1765 407 314 277 720 1680 282 196 1398 421 201 351 271 212 977 176 872 678 578 194 564 444 237 207 220 428 302
internal_count=5042 4931 238 4693 4602 4517 4437 4351 219 4132 3670 462 3579 3475 483 372 2992 2272 507 1765 407 314 277 720 1680 282 196 1398 421 201 351 271 212 977 176 872 678 578 194 564 444 237 207 220 428 302
is_linear=0
shrinkage=0.05


Tree=66
num_leaves=50
num_cat=0
split_feature=16 16 3 11 31 3 3 3 40 48 31 40 0 20 35 40 46 33 0 20 13 16 0 20 19 6 46 36 37 27 6 15 15 34 50 30 45 19 49 31 29 14 27 33 36 33 34 37 49
split_gain=256674 232107 357300 55655.8 31319.2 64697.2 39081.3 24585.6 30195.8 42495.8 40528.7 34926.5 48500.8 25546.4 25387.7 22286.6 24590.8 19892.8 24708.8 25936 20590.4 20245.5 19717.6 18459.8 23748.9 23220 17281.1 16082.7 32134.8 20684.1 29312.5 19880 16688.3 12400.2 12169.9 19627.5 15957 14235.9 15942.7 13387.6 17352.2 11806.7 11237.6 11115.3 10223.6 8737.27 8665.97 8546.59 6574.46
threshold=3.2500000000000004 5.2500000000000009 672.50000000000011 5.5000000000000009 4.5000000000000009 72.500000000000014 157.50000000000003 37.500000000000007 64.500000000000014 0.051425128082084416 6.5000000000000009 54.500000000000007 87.750000000000014 -0.12744360902255639 8.7500000000000018 1.5000000000000002 0.60383265664488517 1.5625000000000002 77.750000000000014 1.5830036630036632 26.500000000000004 13.250000000000002 87.750000000000014 1.4736842105263162 0.63043146112199822 0.34285714285714336 0.79773375822167203 28.500000000000004 19.500000000000004 79.812500000000014 0.34285714285714253 68.500000000000014 74.500000000000014 0.87500000000000011 3.4323074102086228 159.37500000000006 0.29342972903661901 3.7941176470588238 79.922278480867121 7.5000000000000009 8.8125000000000018 1.5000000000000002 83.062500000000014 0.54164999999999719 5.5000000000000009 0.95835000000000303 0.62500000000000011 18.500000000000004 87.099234821515623
decision_type=2 2 2 2 2 2 2 2 2 2 2 2 2 2 2 2 2 2 2 2 2 2 2 2 2 2 2 2 2 2 2 2 2 2 2 2 2 2 2 2 2 2 2 2 2 2 2 2 2
left_child=-1 -2 3 4 5 -3 7 14 11 10 -10 13 -13 15 34 -9 33 18 26 20 -20 -19 -11 24 -15 -25 -16 28 29 30 31 -26 -30 -17 35 37 -37 38 -6 40 42 -31 -40 -32 -27 48 -41 -42 -21
right_child=1 2 -4 -5 6 -7 -8 8 9 22 -12 12 -14 23 17 16 -18 21 19 45 -22 -23 -24 25 27 44 -28 -29 32 41 43 -33 -34 -35 -36 36 -38 -39 39 46 47 -43 -44 -45 -46 -47 -48 -49 -50
leaf_value=-2.4294533530506524 2.0014037021539277 0.091619177659352624 -2.8016329681664183 1.0766412340825604 0.6424818880174582 -1.6501956666624826 0.97217788314101883 0.12336153067075289 -0.7345097341192397 -1.655801021910849 0.74196430935964486 1.4916973215202953 -0.16710684233969386 -0.70303683223915692 1.255286596662232 -0.77844957219229816 -1.3797312612997161 1.2694225966334345 0.83247046639927391 -0.74677892829998438 -0.073781298642808746 0.19935527958987673 -0.55222030580043791 -0.85641426669974485 0.76294750829753677 0.4515289088826121 0.23757176724426887 -0.40258531024734873 1.3054621465268887 0.14139202523936509 -0.11495159256692028 -0.24659388954148576 0.35535257339317311 0.051020005656467693 -0.61686901628244217 -0.0090671732253635052 0.88072070142008219 -0.64510856247415738 0.89461041048721046 -0.79099124041809288 0.13410739098403571 0.95567787584217112 0.058358683851030137 -0.82945465718810807 -0.32279682556788125 0.14104755245722259 -0.1621512993364721 -0.4557442045211792 -0.19409519085648713
leaf_weight=108 143 140 113 123 81 85 107 116 94 83 90 85 90 80 83 89 89 99 146 82 109 80 81 123 114 80 84 100 94 92 101 84 92 90 81 96 105 101 80 87 112 86 80 118 89 116 147 134 156
leaf_count=108 143 140 113 123 81 85 107 116 94 83 90 85 90 80 83 89 89 99 146 82 109 80 81 123 114 80 84 100 94 92 101 84 92 90 81 96 105 101 80 87 112 86 80 118 89 116 147 134 156
internal_value=0 0.023536 -0.0359537 0.0314952 0.00301765 -0.57079 0.032987 0.00894305 -0.108876 -0.534754 -0.0122144 -0.0268355 0.642496 -0.0987375 0.132535 -0.454961 -0.704808 0.321163 0.210993 0.0627937 0.446317 0.794945 -1.11739 0.0107082 0.116529 -0.336769 0.747843 0.191664 0.268169 0.0883251 -0.10443 0.33557 0.839929 -0.363431 -0.0307786 0.0161844 0.457806 -0.0922285 -0.013993 -0.0979508 0.0757228 0.537952 0.479444 -0.501955 0.0442478 -0.213952 -0.398322 -0.187738 -0.386843
internal_weight=0 4930 4787 4674 4551 225 4326 4219 2160 348 184 1812 175 1637 2059 384 268 955 776 609 255 179 164 1253 961 292 167 881 781 595 417 198 186 179 1104 1023 201 822 721 640 406 178 160 219 169 354 234 246 238
internal_count=5038 4930 4787 4674 4551 225 4326 4219 2160 348 184 1812 175 1637 2059 384 268 955 776 609 255 179 164 1253 961 292 167 881 781 595 417 198 186 179 1104 1023 201 822 721 640 406 178 160 219 169 354 234 246 238
is_linear=0
shrinkage=0.05


Tree=67
num_leaves=50
num_cat=0
split_feature=37 50 37 3 3 50 41 33 2 27 20 2 8 29 20 49 37 29 20 17 45 41 20 16 10 10 6 29 1 8 48 8 2 10 3 10 27 7 2 29 7 7 40 33 9 46 27 14 21
split_gain=541120 234985 752046 644988 448507 219862 35110.4 49577.4 27585.8 22430.7 32630.6 73928.6 30959 31787.9 46661.8 28816.1 32110.3 36166.9 24748.9 28877.7 23123.8 31324.4 22995.2 20488.1 20980.8 28201.3 30949.1 24909.3 21594.4 20367.7 19883.1 19598.2 19460.3 24162 18569.7 16026.9 14706.9 15734.6 13816.1 13507.6 13207 19780.4 12130.3 9843.26 9615.57 9534.79 7909.08 7124.8 3939.61
threshold=87.500000000000014 4.5152054901559575 8.5000000000000018 737.50000000000011 192.50000000000003 5.5247561545260107 6.5000000000000009 0.95835000000000303 757.50000000000011 86.312500000000014 -0.48599953177752037 652.50000000000011 0.35739130434782618 7.8125000000000009 -0.041668676151434741 82.415242069347741 26.500000000000004 6.8125000000000009 0.22444946357989837 0.55586206896551738 -0.16799356919963607 1.5000000000000002 1.0080576594819475 19.500000000000004 1.5951072541767612 1.3606855127386981 0.68571428571428628 7.6875000000000009 89.500000000000014 -0.041848586196412178 -0.12110109322973896 1.3069565217391308 692.50000000000011 1.2969919201182452 47.500000000000007 1.1454334249358171 80.937500000000014 1.7172827172827176 742.50000000000011 8.3125000000000018 1.767129243813182 1.3048951048951052 8.5000000000000018 0.95835000000000303 0.56506053379109633 0.67007489853957602 84.062500000000014 2.5000000000000004 0.1713679359689593
decision_type=2 2 2 2 2 2 2 2 2 2 2 2 2 2 2 2 2 2 2 2 2 2 2 2 2 2 2 2 2 2 2 2 2 2 2 2 2 2 2 2 2 2 2 2 2 2 2 2 2
left_child=1 4 -3 5 6 -4 8 -8 9 10 11 -1 13 29 -15 -13 -17 -18 30 -20 -16 -22 -11 24 25 32 31 -28 38 -12 -14 -27 35 34 36 44 45 46 39 40 41 47 -41 -42 -21 -34 -38 -26 -30
right_child=-2 2 3 -5 -6 -7 7 -9 -10 22 12 15 18 14 20 16 17 -19 19 23 21 -23 -24 -25 28 26 27 -29 48 -31 -32 -33 33 -35 -36 -37 37 -39 -40 42 43 -43 -44 -45 -46 -47 -48 -49 -50
leaf_value=-1.487247512609728 -4.0446344163359669 -2.0701407717010838 2.8749614997800577 6.0010350237501431 -3.1350604028287141 -0.53643653579733586 -0.043509090111173432 1.3261078375406932 0.79631570766751592 1.0523979264053893 -0.7559520967304707 0.58892534198904678 -1.1758290029805283 1.6173621903088962 -0.27571066038324199 -1.0218712105160266 -0.60463619532885859 0.69629283647224749 -0.79304908692367126 1.0563722494503727 1.3437832471870241 -0.01747563356576964 0.038129351523925936 -0.67626521134605777 0.78426656130080419 -0.4243487210377403 0.3656600566014 -0.7305042943322515 -0.53796890605063674 0.34943473400651581 -0.10551940531215885 -1.4900778947131974 -0.67715520588760703 0.71347045709105106 -0.82500652559101584 -0.084137975661427666 0.19809401004584795 0.65350918284168946 -0.24133227787679062 -0.2727507746520163 -0.056130842005802421 1.4268860332039468 0.46097752170585027 0.58662550464149354 0.30892199781678975 -0.071712413110543757 -0.46485375829395797 0.15347523429366047 -0.058502128452397467
leaf_weight=123 81 122 82 93 114 109 144 121 103 93 85 111 86 87 108 112 110 102 116 91 83 85 138 103 95 91 137 82 83 80 87 83 116 84 95 102 96 107 95 118 117 82 106 120 83 147 83 85 88
leaf_count=123 81 122 82 93 114 109 144 121 103 93 85 111 86 87 108 112 110 102 116 91 83 85 138 103 95 91 137 82 83 80 87 83 116 84 95 102 96 107 95 118 117 82 106 120 83 147 83 85 88
internal_value=0 0.0503629 1.20168 2.60951 -0.0520042 0.935488 0.0274321 0.584498 -0.00786365 -0.0282804 -0.0569371 -0.410245 0.00280171 0.353389 0.614424 -0.103001 -0.341132 0.0216129 -0.0639357 -0.0253625 0.293583 0.659023 0.449247 0.0107198 0.0406467 -0.0840899 -0.442582 -0.0462308 0.216749 -0.221131 -0.641281 -0.938324 0.056537 -0.0790807 -0.183403 0.413247 -0.0710804 0.176817 0.323538 0.397991 0.542556 0.786768 0.0749656 0.270413 0.703633 -0.340305 -0.110181 0.488887 -0.293
internal_weight=0 4983 406 284 4577 191 4463 265 4198 4095 3864 558 3306 528 363 435 324 212 2778 2605 276 168 231 2489 2386 1397 393 219 989 165 173 174 1004 728 644 276 549 286 818 723 499 262 224 237 174 263 179 180 171
internal_count=5064 4983 406 284 4577 191 4463 265 4198 4095 3864 558 3306 528 363 435 324 212 2778 2605 276 168 231 2489 2386 1397 393 219 989 165 173 174 1004 728 644 276 549 286 818 723 499 262 224 237 174 263 179 180 171
is_linear=0
shrinkage=0.05


Tree=68
num_leaves=48
num_cat=0
split_feature=31 3 16 13 3 27 1 3 7 41 9 27 20 0 37 33 20 48 34 18 3 17 41 33 29 45 34 17 15 3 36 46 22 27 37 3 48 8 45 29 19 45 0 46 18 48 0
split_gain=263542 232245 109104 89465.6 39393.5 22259.8 30717.7 24116.8 16665.3 34366.8 28070.8 24094.8 23904.2 26735.8 22832.4 22377.1 24805 21418.3 20910.4 20355 56166.3 27624.7 22343.2 25345.7 39484.2 32108.8 23927.9 20055.3 38003.1 27446.1 29517.5 22598.6 20637 18899.2 17859 17232.8 16622.4 23229.2 22302.1 15055 14375.1 14272.4 13913.1 12334.6 11967.6 10976.7 7249.71
threshold=3.5000000000000004 737.50000000000011 4.5000000000000009 46.500000000000007 192.50000000000003 86.937500000000014 91.500000000000014 152.50000000000003 0.92517482517482541 6.5000000000000009 0.6764887731707302 85.312500000000014 1.8838553357088828 86.750000000000014 56.500000000000007 0.54164999999999719 2.8621587390937235 -0.26239710014715334 0.62500000000000011 47.500000000000007 67.500000000000014 0.89181286549707617 1.5000000000000002 1.1250000000000002 7.8125000000000009 0.88220160189607266 0.87500000000000011 0.96424010217113676 68.500000000000014 87.500000000000014 42.500000000000007 0.36447543099728863 89.250000000000014 79.687500000000014 23.500000000000004 62.500000000000007 0.14368335022506032 1.2628832951945081 0.48314048284850658 7.6875000000000009 1.5296890875838247 -0.62588817255938378 77.750000000000014 -0.4755978891912595 132.50000000000003 -0.025499409301800727 88.750000000000014
decision_type=2 2 2 2 2 2 2 2 2 2 2 2 2 2 2 2 2 2 2 2 2 2 2 2 2 2 2 2 2 2 2 2 2 2 2 2 2 2 2 2 2 2 2 2 2 2 2
left_child=-1 2 -2 4 5 6 7 8 9 19 14 12 18 15 36 39 17 -17 34 20 21 -4 27 25 -25 26 40 28 -21 30 31 32 -30 -28 -12 45 38 -38 41 -14 -24 -10 -20 -44 -45 -29 -15
right_child=1 -3 3 -5 -6 -7 -8 -9 10 -11 11 -13 13 46 -16 16 -18 -19 42 22 -22 -23 23 24 -26 -27 33 35 29 -31 -32 -33 -34 -35 -36 -37 37 -39 -40 -41 -42 -43 43 44 -46 -47 -48
leaf_value=-2.3408650931130111 -1.8095391907706493 1.9712935138058354 -0.65314746671828683 1.509670396745205 -1.0042644497007132 0.69117998242378231 -0.7653403075661247 0.86772404636245182 0.23384807977411484 0.75413596058885268 0.60182129010558139 0.69652092603833549 0.34659130026332363 -0.56816197777152966 1.1393299032463118 0.37331544674780903 0.035891429230018902 1.4090405177715279 -1.0429637284411324 1.0117436073874075 1.3001421429894187 0.33365312908610256 0.091223763536523894 -1.5803762876070464 -0.24163980629263807 -1.0489758526074124 -0.13166150406787269 -0.48115558912677153 0.67624784487534351 -0.63670350249042584 1.0068541815251482 -0.59639426610334134 -0.31755138812484324 0.85701541645885126 -0.36643565172677511 -0.87259688212953768 0.077567793783687417 1.2545254625555349 0.60684932993104068 -0.56127779067346928 -0.79030616098690198 -0.59543251003549491 -0.85080296813764356 0.15529249985396429 -0.53515932172023017 0.28312744667655543 0.018653990294445644
leaf_weight=116 81 153 137 99 95 119 126 82 89 113 99 111 87 132 88 97 134 104 89 96 87 145 80 103 118 93 94 92 122 150 80 122 90 98 90 115 83 84 119 94 108 122 87 136 115 94 87
leaf_count=116 81 153 137 99 95 119 126 82 89 113 99 111 87 132 88 97 134 104 89 96 87 145 80 103 118 93 94 92 122 150 80 122 90 98 90 115 83 84 119 94 108 122 87 136 115 94 87
internal_value=0 0.0600957 -0.00140096 0.0301054 -0.00201676 0.0193081 0.000950736 0.0237579 0.00701403 -0.0906301 0.108946 -0.00824321 -0.0666199 0.125862 0.401332 0.322163 0.563629 0.913535 -0.296117 -0.138143 0.197274 -0.146364 -0.213001 -0.428972 -0.869884 -0.221564 -0.016844 -0.0567512 0.0975445 -0.0595792 0.150554 -0.0569409 0.254842 0.374801 0.141245 -0.394277 0.268635 0.673514 0.0623264 -0.125392 -0.416689 -0.246188 -0.489581 -0.341221 -0.161918 -0.0954565 -0.336018
internal_weight=0 4939 4786 4705 4606 4511 4392 4266 4184 2137 2047 1462 1351 735 585 516 335 201 616 2024 369 282 1655 694 221 473 380 961 660 564 414 334 212 192 189 301 497 167 330 181 188 211 427 338 251 186 219
internal_count=5055 4939 4786 4705 4606 4511 4392 4266 4184 2137 2047 1462 1351 735 585 516 335 201 616 2024 369 282 1655 694 221 473 380 961 660 564 414 334 212 192 189 301 497 167 330 181 188 211 427 338 251 186 219
is_linear=0
shrinkage=0.05


Tree=69
num_leaves=51
num_cat=0
split_feature=2 46 9 44 2 50 2 48 10 36 4 19 35 4 19 29 6 19 48 29 8 16 37 34 37 50 50 10 46 27 28 2 50 10 36 34 4 18 19 19 45 48 46 7 18 7 46 50 9 1
split_gain=244680 708829 70922.9 177087 124688 85947.4 41515.2 81343.8 39543.6 32117.1 22670.8 23720.2 23076.5 23033.9 39108.7 22455.3 21639 21297.7 20589.7 18893.8 18154 17478.4 16079.9 18187.8 42266.9 14747.2 18502.7 16313.8 22417.8 22103.8 13511.8 12770.8 14851.6 22491.5 19297.5 15911.5 18447 15323.2 12246.8 17379.2 15547.9 15497.3 15858.4 12859.1 11315 10782.9 8930.64 8462.43 8358.83 8092.91
threshold=7.5000000000000009 0.44312301391210612 0.38184639055776953 4.5000000000000009 537.50000000000011 3.0072294478662447 622.50000000000011 0.11239934492054431 0.96699979974086592 68.500000000000014 3.7500000000000004 1.489175120365271 30.625000000000004 1.7500000000000002 1.8359046994171291 5.1875000000000009 0.34285714285714336 -0.80139372822299648 -0.059108741347573275 5.1875000000000009 0.21101551227750556 12.500000000000002 63.500000000000007 0.31250000000000006 32.500000000000007 -0.86883020422507673 -0.5704247483625976 1.8976549054198157 0.59003219687534991 79.687500000000014 73.687500000000014 667.50000000000011 1.5397667691962342 1.1625251396116749 2.5000000000000004 1.8333499999999996 0.62500000000000011 117.50000000000001 1.0910991447576814 0.67724960797716238 0.3744682635859638 -0.10508047667762555 0.1318557721318592 0.92517482517482541 137.50000000000003 1.5188811188811193 -0.091258822863740666 0.62303862065915905 0.72019365235355937 87.250000000000014
decision_type=2 2 2 2 2 2 2 2 2 2 2 2 2 2 2 2 2 2 2 2 2 2 2 2 2 2 2 2 2 2 2 2 2 2 2 2 2 2 2 2 2 2 2 2 2 2 2 2 2 2
left_child=1 -1 5 -4 -5 8 7 -6 -2 10 11 17 13 19 -15 -14 -17 -8 -18 47 -21 -16 23 24 48 44 -27 31 29 -29 38 -28 33 46 -34 36 37 -35 39 40 -25 -40 -43 -41 45 -22 -33 -13 -19 -36
right_child=2 -3 3 4 6 -7 9 -9 -10 -11 -12 12 15 14 21 16 18 22 -20 20 25 -23 -24 30 -26 26 27 28 -30 -31 -32 32 34 35 49 -37 -38 -39 41 43 -42 42 -44 -45 -46 -47 -48 -49 -50 -51
leaf_value=1.2756248057573691 1.0152995573311319 -5.2099544152980899 -2.1696112911779806 1.9900949514493711 -1.2896385361750922 2.2192394233780144 0.60332191555305981 0.65734296161227113 -0.51975164689816711 1.0324461413435191 0.66690903851266603 0.25441870689392093 -0.13924026819792662 0.52283595522085935 -1.2361195215244885 1.3597924592851225 -0.14544031014045081 0.11051555394809297 0.91702990057647882 0.64416000869700585 -0.98544280299221187 -0.30756456130995935 -0.70344389317531708 0.10540434295932453 1.1351963149800022 0.78287550346262158 -0.6283822672380196 1.2605632934432764 -0.12305568436376091 0.16531824162131861 -0.69670181913837181 0.67883239062059497 -0.34162216795118233 0.52784428692588181 0.71206804382478361 -0.90835440323060868 -0.6328142222804084 -0.30535986716287183 -0.013472936430972228 -0.044471035237164842 -0.83650639366220547 -0.23110437511679638 -1.2149729836058905 0.77781236539495757 0.11140526495873929 -0.16940462309637189 0.019186318727364218 0.97041282504572579 -0.57033038355153187 0.10027175510213489
leaf_weight=86 81 81 90 81 155 80 85 81 85 82 138 84 109 85 96 86 89 93 92 122 82 108 145 95 84 86 90 90 146 94 145 83 94 106 156 97 141 113 141 96 80 82 82 93 90 80 132 82 86 83
leaf_count=86 81 81 90 81 155 80 85 81 85 82 138 84 109 85 96 86 89 93 92 122 82 108 145 95 84 86 90 90 146 94 145 83 94 106 156 97 141 113 141 96 80 82 82 93 90 80 132 82 86 83
internal_value=0 -1.88236 0.0582506 0.0143924 0.0579639 0.883864 0.0225861 -0.621441 0.230874 0.0585455 0.0391096 0.017414 0.101628 0.0431198 -0.374015 0.464668 0.710806 -0.15753 0.396671 0.102051 0.0568599 -0.74843 -0.210903 -0.144 0.216899 0.0158765 0.0749879 0.0317473 0.339357 0.704954 -0.260728 -0.0611822 -0.00981405 -0.145076 0.262765 -0.343253 -0.188896 0.0984923 -0.165336 0.0305821 -0.32749 -0.398489 -0.727421 0.362109 -0.337453 -0.585973 0.275804 0.611796 -0.217946 0.500906
internal_weight=0 167 4896 4650 4560 246 4479 236 166 4243 4161 4023 2716 2340 289 376 267 1307 181 2051 1885 204 1222 1077 263 1763 1511 1425 330 184 814 1095 1005 672 333 457 360 219 669 364 175 305 164 189 252 162 215 166 179 239
internal_count=5063 167 4896 4650 4560 246 4479 236 166 4243 4161 4023 2716 2340 289 376 267 1307 181 2051 1885 204 1222 1077 263 1763 1511 1425 330 184 814 1095 1005 672 333 457 360 219 669 364 175 305 164 189 252 162 215 166 179 239
is_linear=0
shrinkage=0.05


Tree=70
num_leaves=50
num_cat=0
split_feature=17 50 4 9 3 36 35 16 36 2 9 20 50 29 18 3 9 46 12 40 31 3 10 46 9 36 36 29 29 3 20 17 45 20 50 46 20 7 1 41 37 29 34 10 48 27 41 27 0
split_gain=401183 216957 190457 392478 376403 46591.7 26164.3 25706.9 27846.9 75197.7 39593.1 41853.8 35130.9 29756 26884.7 32677.5 24814.6 22744.7 20886.7 21564.9 18683.7 16659 20018.6 19301.4 18032.5 16370.2 16060 16628 14974.7 13873.7 15883.9 13791.7 13250.5 15320.8 12722.1 11048.3 10692.4 13263.1 27373.3 26018 23167.7 10903.8 20291 9752.14 7941 8116.3 7975.74 11407.4 3100.83
threshold=0.26969696969696971 6.5061518004079213 4.7500000000000009 0.98733208682932949 247.50000000000003 69.500000000000014 53.750000000000007 19.500000000000004 38.500000000000007 637.50000000000011 0.61862036604191917 0.91226065206141116 1.8033220946337283 5.3958250000000012 192.50000000000003 127.50000000000001 0.74119186184500963 -0.23537842981696178 3.1904761904761938 69.500000000000014 5.5000000000000009 97.500000000000014 1.8976549054198157 0.5475998096715059 1.0931551729291171 13.500000000000002 44.500000000000007 6.2916750000000006 8.0625000000000018 72.500000000000014 0.19057804940157883 0.67375886524822703 -0.73866753694953124 1.7317780617551788 0.5940582854261437 0.67007489853957602 2.7633532207503291 1.4895104895104898 88.250000000000014 2.5000000000000004 13.500000000000002 11.812500000000002 0.62500000000000011 1.2705101556141922 0.13834559665575658 76.562500000000014 2.5000000000000004 77.187500000000014 73.750000000000014
decision_type=2 2 2 2 2 2 2 2 2 2 2 2 2 2 2 2 2 2 2 2 2 2 2 2 2 2 2 2 2 2 2 2 2 2 2 2 2 2 2 2 2 2 2 2 2 2 2 2 2
left_child=-1 2 4 -4 5 6 7 8 13 -10 11 -11 26 16 15 17 -2 18 19 36 -19 22 24 -24 25 29 -12 -28 -29 30 -22 -32 -8 -34 -27 -31 37 39 -39 41 -41 42 -15 -44 46 -46 47 -33 -25
right_child=1 -3 3 -5 -6 -7 32 -9 9 10 12 -13 -14 14 -16 -17 -18 20 -20 -21 21 -23 23 48 -26 34 27 28 -30 35 31 44 33 -35 -36 -37 -38 38 -40 40 -42 -43 43 -45 45 -47 -48 -49 -50
leaf_value=-2.8836348136951186 1.1138994776078912 2.2185379596251962 -4.0866033539885569 0.22926192187087638 3.3289010540822925 1.1982214895791787 0.99317140342159704 -0.74614853198113651 -1.5971600323267605 1.0953139462431924 -0.6893618038767263 -0.23249348359632083 -1.2071431958294931 -0.29266927698883444 -0.79711304125078819 0.81587223737996861 0.072553683475616873 -0.60629239777510524 0.84005987926533354 -0.57139671125059255 0.47973612338925409 0.50541657616001689 0.75707903838739166 0.14379830927024653 -0.84035750702023515 -0.078717615987573361 -0.39368197294109963 0.84178796445214477 -0.10148886025670063 -1.0451564219262865 -0.74879308307170866 -0.8706623433720927 -0.24457096294923264 0.62476240053772925 0.76381144297410208 -0.21595512221499191 -0.33620896087515928 1.1096434378573876 0.059643044078168075 -0.8518749733181562 0.15897121530724689 0.89115453243610399 0.20209557176345871 0.9739864810210902 -0.18184977159267521 0.51393428735954816 0.11640987682099245 -0.10964662192914731 -0.29386508527361316
leaf_weight=115 121 116 83 141 88 85 87 114 91 121 94 115 93 108 93 136 108 159 113 99 95 128 122 80 95 97 117 85 82 80 99 85 87 119 82 81 83 118 130 101 127 83 83 81 81 85 97 116 80
leaf_count=115 121 116 83 141 88 85 87 114 91 121 94 115 93 108 93 136 108 159 113 99 95 128 122 80 95 97 117 85 82 80 99 85 87 119 82 81 83 118 130 101 127 83 83 81 81 85 97 116 80
internal_value=0 0.0909569 0.0396024 -1.38098 0.108703 0.0455101 0.0232328 -0.00899637 0.0119632 -0.252472 -0.0773814 0.450038 -0.342045 0.0770299 0.0352259 0.0619626 0.625235 0.0249071 0.198316 0.125972 -0.0926256 -0.0379187 -0.0888288 0.286097 -0.185735 -0.122642 -0.12658 0.0614587 0.380775 -0.217319 -0.115077 -0.216117 0.479076 0.258209 0.309345 -0.631889 0.202049 0.25615 0.56169 0.125438 -0.29058 0.392694 0.237883 0.586927 -0.101098 0.175369 -0.255175 -0.434186 -0.0754994
internal_weight=0 4964 4848 224 4624 4536 4451 4158 4044 798 707 236 471 3246 3017 2924 229 2788 1126 1013 1662 1503 1375 282 1093 998 378 284 167 819 658 563 293 206 179 161 914 831 248 583 228 355 272 164 464 166 298 201 160
internal_count=5079 4964 4848 224 4624 4536 4451 4158 4044 798 707 236 471 3246 3017 2924 229 2788 1126 1013 1662 1503 1375 282 1093 998 378 284 167 819 658 563 293 206 179 161 914 831 248 583 228 355 272 164 464 166 298 201 160
is_linear=0
shrinkage=0.05


Tree=71
num_leaves=48
num_cat=0
split_feature=17 16 2 2 17 34 31 40 36 27 40 2 0 2 28 9 29 46 9 9 19 28 50 13 4 6 19 50 19 19 9 13 34 28 2 28 9 14 46 20 41 49 40 36 29 47 17
split_gain=275170 267979 439926 70731 49248.2 26004.8 38496.4 30824.8 31067.7 24810.1 47131.9 43375 31414.7 28982.4 28005.6 24316.8 21871.9 31508.3 32229.4 23920.2 23224.9 15906.8 15448.7 23734.5 20160.9 32392.9 27629.4 26383.1 26197.4 21717.1 18172.5 14798.7 15935.3 21519.1 13733.4 13227.4 12559.2 12226.2 12416.7 11563.8 11486.5 11202.4 17635.3 10506.6 10439.6 9498.39 8241.89
threshold=0.26969696969696971 5.2500000000000009 7.5000000000000009 542.50000000000011 0.48137931034482767 0.20835000000000295 6.5000000000000009 87.500000000000014 66.500000000000014 83.812500000000014 61.500000000000007 697.50000000000011 87.750000000000014 737.50000000000011 73.187500000000014 0.79591616726460612 5.3958250000000012 -0.46800559042974538 1.2190482598025045 0.74119186184500963 1.6880131362889983 69.812500000000014 4.2262315008619078 42.500000000000007 1.0000000180025095e-35 -1.712915523707384e-16 1.7960265776001874 -0.14479419918521327 3.0547452547452552 3.5143962848297217 0.74119186184500963 19.500000000000004 1.1250000000000002 73.437500000000014 697.50000000000011 73.562500000000014 0.64416078545056399 4.5000000000000009 0.63089349388778826 1.5588989441930619 3.5000000000000004 90.00030571494041 64.500000000000014 3.5000000000000004 7.5625000000000009 9.5000000000000018 0.95445134575569368
decision_type=2 2 2 2 2 2 2 2 2 2 2 2 2 2 2 2 2 2 2 2 2 2 2 2 2 2 2 2 2 2 2 2 2 2 2 2 2 2 2 2 2 2 2 2 2 2 2
left_child=-1 -2 -3 -4 -5 6 -6 8 9 10 13 -12 14 16 -11 -16 19 20 22 -7 -18 39 23 24 37 27 34 45 30 36 43 35 41 -34 -27 -14 -28 38 -19 46 -41 -33 44 -29 -43 -26 -15
right_child=1 2 3 4 5 7 -8 -9 -10 12 11 -13 31 21 15 -17 17 18 -20 -21 -22 -23 -24 -25 25 26 29 28 -30 -31 -32 32 33 -35 -36 -37 -38 -39 -40 40 -42 42 -44 -45 -46 -47 -48
leaf_value=-2.4985153246363367 2.2055783204895127 -3.4268123052453485 1.4836502254718829 -1.1873263922082373 -0.94460611204681166 0.89226311815239612 0.1565471037988018 0.76172744981042895 0.90096792188974539 0.12590909311265658 -1.4521265443858751 -0.13100980561583828 0.037145931281541526 0.51640369765784433 0.49563232884697972 1.7180851789509379 0.86163952323885362 -0.017904383090860915 -1.1638102247220714 -0.16612330732905134 -0.055018690552841247 -0.29556804185296287 -0.75018890607357036 0.69367408611993686 -0.89505534775463147 -1.270615725075757 -0.35147522649633778 -0.22010916874903008 -0.43987864756584172 -0.83103396502824944 1.0387718790939244 0.6344240153645293 0.12593860655296138 -0.99022744615440783 -0.48990945237697947 0.89053822811692962 0.38564715206138489 -0.34793351203545758 0.65691741385405333 0.42407025239159984 1.1304298630578722 -0.72073411973339796 0.47208680303560363 0.56493256406837633 0.04462150481012133 -0.13209222377765747 -0.13827334952236403
leaf_weight=108 138 92 83 82 158 117 158 156 103 131 108 145 94 91 83 81 130 131 81 97 146 80 99 86 80 134 108 81 99 103 100 80 81 91 100 87 122 86 141 154 93 88 107 88 89 83 100
leaf_count=108 138 92 83 82 158 117 158 156 103 131 108 145 94 91 83 81 130 131 81 97 146 80 99 86 80 134 108 81 99 103 100 80 81 91 100 87 122 86 141 154 93 88 107 88 89 83 100
internal_value=0 0.0411245 -0.0211995 0.0456804 0.0197111 0.0416241 -0.395272 0.0741634 0.0478102 0.025594 -0.0469937 -0.698462 0.239391 0.0136141 0.672757 1.10616 -0.065257 -0.116769 -0.19629 0.413986 0.378293 0.349892 -0.147853 -0.108721 -0.156559 -0.262743 -0.525207 0.0179754 0.252461 -0.231448 0.507948 0.0603991 -0.0717498 -0.466901 -0.940485 0.449979 0.039497 0.168938 0.333036 0.468189 0.693513 0.115738 -0.0320843 0.189589 -0.337806 -0.509727 0.174706
internal_weight=0 4965 4827 4735 4652 4570 316 4254 4098 3995 2983 253 1012 2730 295 164 2212 1998 1722 214 276 518 1641 1542 1456 1098 567 531 368 333 269 717 536 172 234 181 230 358 272 438 247 364 284 169 177 163 191
internal_count=5073 4965 4827 4735 4652 4570 316 4254 4098 3995 2983 253 1012 2730 295 164 2212 1998 1722 214 276 518 1641 1542 1456 1098 567 531 368 333 269 717 536 172 234 181 230 358 272 438 247 364 284 169 177 163 191
is_linear=0
shrinkage=0.05


Tree=72
num_leaves=49
num_cat=0
split_feature=38 0 42 4 2 22 19 19 17 2 3 10 17 4 20 8 17 36 8 2 19 19 46 37 21 42 49 29 41 14 41 36 36 2 14 48 28 20 15 30 20 20 29 14 37 36 1 30
split_gain=222626 172195 242721 132535 399727 291589 111797 29158 63906.6 81153.1 50296.9 31469.6 32210.1 25623.6 30944.5 24109.9 23233.3 21916.9 18974.9 25012.6 18792 40933.1 18466.7 28678.5 40575.7 25928.9 20138.8 19641.3 14763.7 14416.2 22078.4 40175.3 18951.7 14016.8 17730.6 23301.9 15602.8 14764.8 14976.1 14321.9 13254.3 12055.7 11518.9 10825.1 8963.77 8933.54 8703.39 7227.27
threshold=4.5000000000000009 62.250000000000007 8.7500000000000018 3.7500000000000004 147.50000000000003 86.750000000000014 1.4791644337162753 1.3108468002585651 0.60303030303030314 662.50000000000011 137.50000000000003 0.858602916985859 0.56125000000000014 1.7500000000000002 -1.0875790875790872 0.79514589782572864 0.96424010217113676 53.500000000000007 0.25304347826086965 667.50000000000011 1.8359046994171291 2.0111867291793857 0.3484035575467645 43.500000000000007 0.29348885814402342 0.75000000000000011 89.318165452569943 8.3125000000000018 1.0000000180025095e-35 6.5000000000000009 2.5000000000000004 21.500000000000004 15.500000000000002 712.50000000000011 5.5000000000000009 -0.25421548339195249 59.937500000000007 2.311456813486847 68.500000000000014 124.37500000000001 1.4562281197063809 1.6190476190476193 7.3125000000000009 4.5000000000000009 19.500000000000004 17.500000000000004 81.500000000000014 130.62500000000003
decision_type=2 2 2 2 2 2 2 2 2 2 2 2 2 2 2 2 2 2 2 2 2 2 2 2 2 2 2 2 2 2 2 2 2 2 2 2 2 2 2 2 2 2 2 2 2 2 2 2
left_child=1 -1 3 4 -3 -5 -7 10 9 -9 11 45 -13 16 -15 -16 18 28 -10 -20 43 -22 23 25 -25 44 27 -27 40 30 32 -32 -30 34 35 -23 39 38 -38 -35 -14 42 -24 -18 -21 -6 -44 -40
right_child=-2 2 -4 5 7 6 -8 8 13 -11 -12 12 17 14 15 -17 20 -19 19 22 21 33 41 24 -26 26 -28 -29 29 -31 31 -33 -34 36 -36 -37 37 -39 47 -41 -42 -43 46 -45 -46 -47 -48 -49
leaf_value=2.3217288778887855 -2.1995034858322984 3.3538433105714862 -2.635477113446524 -3.032367967674082 0.89176360315746739 1.5975484434380589 -0.94697742352883019 2.099386737479104 0.81060364922733175 0.070034200820055875 -1.3184847502545878 -0.93683664328455929 -0.76261144149332094 0.2477961897055308 -1.0558276182360327 -0.016849192480246227 -0.13533731390920919 0.63909459441900252 -0.49481489029160497 -0.21708906943147835 1.1218829985937955 -1.1672094200940237 0.66792665642850535 -0.91439726317630099 0.46147607339867236 1.7559158654345408 0.38684689522150068 0.75149321440046868 -0.25580114356991723 0.48800614028515527 0.060739850176600968 -1.3660768436061013 0.82339636065341804 0.092316489847930713 0.19259711939191063 -0.16022264205640363 -0.38860944951219217 -0.63907505081345639 -0.0079171764436935972 0.86867620426416403 -0.033563274797939122 -0.39467944551007195 0.31055121641049444 -0.9331310285861234 0.48363522272360959 0.16311384807398291 -0.39672386029670981 0.60707600404158102
leaf_weight=80 113 92 85 108 89 82 89 89 140 109 87 124 155 149 149 89 88 94 117 87 80 91 84 84 144 89 123 112 81 113 126 80 80 147 125 154 111 95 85 99 104 132 86 82 94 80 86 108
leaf_count=80 113 92 85 108 89 82 89 89 140 109 87 124 155 149 149 89 88 94 117 87 80 91 84 84 144 89 123 112 81 113 126 80 80 147 125 154 111 95 85 99 104 132 86 82 94 80 86 108
internal_value=0 0.0352101 -0.00261003 0.0444353 0.109622 -1.01128 0.275399 0.0416747 0.120205 0.988184 -0.167236 -0.0771937 -0.18838 0.0631787 -0.316292 -0.668998 0.118841 -0.0759757 0.2608 0.198021 -0.0358827 0.0402075 0.27071 0.418191 -0.0472041 0.627988 0.895139 1.20273 -0.167673 -0.00329761 -0.155486 -0.497286 0.282219 -0.046068 -0.290972 -0.537471 0.0946523 -0.0984626 0.0720202 0.407006 -0.471121 -0.00826638 0.191738 -0.523362 0.147481 0.549829 -0.0433354 0.337579
internal_weight=0 4977 4897 4812 4533 279 171 4441 3228 198 1213 1126 957 3030 387 238 2643 833 1378 1238 1265 1095 1121 733 228 505 324 201 739 480 367 206 161 1015 370 245 645 399 304 246 259 388 256 170 181 169 172 193
internal_count=5090 4977 4897 4812 4533 279 171 4441 3228 198 1213 1126 957 3030 387 238 2643 833 1378 1238 1265 1095 1121 733 228 505 324 201 739 480 367 206 161 1015 370 245 645 399 304 246 259 388 256 170 181 169 172 193
is_linear=0
shrinkage=0.05


Tree=73
num_leaves=48
num_cat=0
split_feature=37 2 17 14 10 14 2 33 17 17 19 30 28 16 2 19 45 40 35 40 35 13 15 13 19 28 50 21 21 30 45 13 10 13 6 19 42 2 21 6 49 44 21 45 46 29 29
split_gain=176440 276801 390312 71856.5 47550.9 48306 36850.9 149567 190274 142936 67433 29059 36598.9 37190.3 25038.6 23244.9 25080.8 21086.1 15962.5 27245.4 18355.8 18429.6 15701.8 17041.7 14165.8 12698.9 27440.1 22660.5 16417.1 15558.9 16408 18768.2 21203.8 17845.7 23900.2 21604.8 18050.2 16983.4 14582.6 14417.2 13432.3 12186.6 8938.62 8764.98 8014.13 7113.27 3737.59
threshold=87.500000000000014 42.500000000000007 0.46862745098039221 14.500000000000002 0.6628928234136684 12.500000000000002 652.50000000000011 0.54164999999999719 0.54858934169279006 0.69397993311036799 1.8860578829126473 184.37500000000003 48.187500000000007 10.500000000000002 672.50000000000011 3.2340573152337861 0.73865729060996177 86.500000000000014 36.250000000000007 46.500000000000007 21.250000000000004 26.500000000000004 81.250000000000014 11.500000000000002 2.1341501976284589 74.312500000000014 0.79184913364278497 1.8718209155815517 1.4098364386693947 71.875000000000014 -0.97113884758256674 19.500000000000004 1.3702920998562937 35.500000000000007 -1.712915523707384e-16 2.0029262345051824 1.2500000000000002 732.50000000000011 -0.78251231527093512 -0.64285714285714246 84.190733585496886 11.250000000000002 0.36093859889889762 -0.78326540922535159 0.39629089145655322 6.2916750000000006 8.8125000000000018
decision_type=2 2 2 2 2 2 2 2 2 2 2 2 2 2 2 2 2 2 2 2 2 2 2 2 2 2 2 2 2 2 2 2 2 2 2 2 2 2 2 2 2 2 2 2 2 2 2
left_child=1 2 -1 4 -3 6 7 9 -9 -6 -10 17 -13 -14 -5 16 24 18 20 45 22 -22 23 -8 -15 27 -27 28 29 39 -31 32 40 34 35 38 -35 41 -33 -25 -32 42 -36 -41 -43 -20 -45
right_child=-2 3 -4 14 5 -7 11 8 10 -11 -12 12 13 15 -16 -17 -18 -19 19 -21 21 -23 -24 25 -26 26 -28 -29 -30 30 31 33 -34 36 37 -37 -38 -39 -40 43 -42 44 -44 46 -46 -47 -48
leaf_value=3.9079022072456979 -2.1922542355865953 0.92646320312982433 -0.63400414708149011 -1.6153666905414914 2.0764359122828435 0.98751707470842787 -0.58908506026422536 -3.1431025818353748 0.42476310292258862 -0.64712822057154717 -1.3798401793871804 -0.49624427156867806 1.170390125278097 0.16635040104389193 -0.36241556829140514 0.90415069992299635 0.68325590752383591 0.74624799953032572 0.40151896418465932 -0.40609344877762565 -0.029677000938839206 -0.9411246136363064 0.54040614351753369 -0.24536788845525206 -0.59465883538126951 -0.17511611146347547 1.0036798809533536 -0.66398897273935009 0.4975805857521019 -0.80578805343588678 -0.48215839818671902 -0.069384915822295737 0.93908402241597122 -0.18347685899053301 -0.60436694495379928 -0.42093025269612339 0.77657558564906548 -0.021332485458386022 0.77948901360588418 0.87118884994703183 0.42843168598634229 -0.065503914228507459 -1.2731440487798755 -0.0019893879507794795 -0.71795545343945666 1.0406469948320505 0.47551884771812536
leaf_weight=110 83 159 82 80 94 132 134 81 127 97 86 107 155 124 80 112 116 92 96 80 110 111 120 102 119 106 91 138 150 81 80 92 87 104 119 133 91 158 111 84 80 111 90 80 81 82 83
leaf_count=110 83 159 82 80 94 132 134 81 127 97 86 107 155 124 80 112 116 92 96 80 110 111 120 102 119 106 91 138 150 81 80 92 87 104 119 133 91 158 111 84 80 111 90 80 81 82 83
internal_value=0 0.118717 1.9749 0.0432246 0.0796572 0.0490409 0.0199752 -0.390058 -1.09631 0.697098 -0.306899 0.0722597 0.354947 0.500998 -0.995033 0.278696 0.0815991 0.00482467 -0.0182688 0.356863 -0.0538776 -0.48964 -0.0152685 -0.0434299 -0.207235 -0.0107149 0.371723 -0.0475398 -0.00284015 -0.0455781 -0.119199 -0.0770314 0.315676 -0.166229 -0.260642 0.072538 0.266224 -0.46068 0.396323 0.25303 -0.0270302 -0.633306 -0.897048 0.459006 -0.343051 0.700118 0.242576
internal_weight=0 4938 192 4746 4586 4427 4295 485 294 191 213 3810 733 626 160 471 359 3077 2985 258 2727 221 2506 2386 243 2252 197 2055 1917 1767 1418 1337 247 1090 895 336 195 559 203 349 160 401 209 247 192 178 163
internal_count=5021 4938 192 4746 4586 4427 4295 485 294 191 213 3810 733 626 160 471 359 3077 2985 258 2727 221 2506 2386 243 2252 197 2055 1917 1767 1418 1337 247 1090 895 336 195 559 203 349 160 401 209 247 192 178 163
is_linear=0
shrinkage=0.05


Tree=74
num_leaves=49
num_cat=0
split_feature=42 36 2 3 41 14 29 27 49 6 8 2 14 19 50 8 13 30 41 6 34 20 19 17 22 17 30 30 34 40 23 30 29 22 40 21 46 46 40 21 21 7 49 13 17 29 50 49
split_gain=328310 128007 226071 111632 27436.2 24747.4 21788.3 27496.7 31638.4 23947.9 54278.2 48222.5 17730.8 16487 15890.7 46226.1 23193.5 20650.4 31623.1 21394.4 17983.4 15817 15698.9 14564 22005.5 16786.5 14312 14241.7 13665 13229.3 21652.3 20283.7 17485 13035.8 32795.1 21618.7 18777.1 23235.7 19176.9 17131.9 11939.9 22429.1 13508.9 11514.6 10799.5 10525.5 6696.5 5156.12
threshold=7.7500000000000009 72.500000000000014 32.500000000000007 197.50000000000003 6.5000000000000009 5.5000000000000009 9.2812500000000018 86.687500000000014 91.930887244269641 0.68571428571428628 0.1890953154492184 642.50000000000011 1.5000000000000002 3.553277756726033 1.2131914887282493 0.47217391304347833 28.500000000000004 190.62500000000003 1.0000000180025095e-35 -2.1428571428571419 0.62500000000000011 1.0080576594819475 1.1806969121959636 0.9582608695652175 83.250000000000014 0.91287878787878796 120.62500000000001 115.00000000000003 1.1250000000000002 50.500000000000007 78.250000000000014 136.87500000000006 6.9375000000000009 84.250000000000014 14.500000000000002 -1.0783156054895213 0.93769647993491489 0.48877522411129348 1.0000000180025095e-35 0.3087964666911987 -0.44432770935502924 1.2797202797202802 86.852105981890091 21.500000000000004 1.1318840579710148 7.6875000000000009 0.90014199671009731 82.738967623330453
decision_type=2 2 2 2 2 2 2 2 2 2 2 2 2 2 2 2 2 2 2 2 2 2 2 2 2 2 2 2 2 2 2 2 2 2 2 2 2 2 2 2 2 2 2 2 2 2 2 2
left_child=1 2 -1 4 6 43 7 8 9 11 -11 -4 13 22 17 -16 21 18 26 -20 -21 -17 -12 25 44 33 45 -24 -29 30 -14 46 -31 34 36 -35 37 38 -8 -39 -37 42 -42 -6 -25 -13 -32 -18
right_child=-2 -3 3 -5 5 -7 23 -9 -10 10 12 14 29 -15 15 16 47 -19 19 20 -22 -23 27 24 -26 -27 -28 28 -30 32 31 -33 -34 35 -36 40 -38 39 -40 -41 41 -43 -44 -45 -46 -47 -48 -49
leaf_value=2.3516520394728735 2.5068535101855245 -1.6948055051957018 -0.96776843578727156 -1.7491279416614109 0.63219787309567144 1.2293721100113479 0.15968323164126452 0.8306979183814136 -0.74239981445010572 1.0950727947103152 -0.15432469694032558 0.79915845207077396 -0.52312192198027063 -0.22597384857475211 1.3317321706428586 -0.88539642882935787 0.17224257601723997 0.50384378395326768 -1.1965134623258009 -0.77910637264805183 0.0665267545160734 0.038554002276254357 1.0326086128790548 -0.46890483384215553 -0.93525406839191061 0.48827624379569645 -0.34650296853347262 0.023991172623937018 0.80781389164239781 -0.73104846000671397 -0.29612430049254834 0.7311100620121973 0.17939097090014097 -0.93083756457915356 0.95984659165511899 0.34293568661338408 -0.76588455348886475 -0.052157051430409218 -0.90395825524540518 0.96622710385954536 -1.0878758874322687 0.28860017351054273 -0.26887130870144499 -0.11785384288855963 0.33571021350813501 0.042153631171191135 0.2837808636467109 0.74097686409030439
leaf_weight=103 134 107 134 89 89 82 84 115 121 158 83 93 107 108 82 80 80 114 91 111 143 108 126 85 137 116 87 127 98 134 112 147 86 112 80 94 92 82 84 82 83 108 128 118 80 90 88 80
leaf_count=103 134 107 134 89 89 82 84 115 121 158 83 93 107 108 82 80 80 114 91 111 143 108 126 85 137 116 87 127 98 134 112 147 86 112 80 94 92 82 84 82 83 108 128 118 80 90 88 80
internal_value=0 0.00764615 0.0456961 -0.00502611 0.0288045 0.499693 -0.00258746 0.0764124 0.0450128 0.081002 0.226273 -0.0734247 0.112579 0.325214 0.0307217 0.271438 0.0184987 -0.111442 -0.226128 -0.542657 -0.304628 -0.357221 0.46258 -0.161022 -0.469301 -0.0793728 0.178836 0.608482 0.367453 -0.0586414 0.0956079 0.287353 -0.375948 -0.143776 0.0378708 -0.317898 -0.137936 0.0378512 -0.37434 0.459805 -0.14983 -0.295652 -0.594651 0.206121 -0.0791162 0.429113 -0.0408236 0.459446
internal_weight=0 4938 4831 4728 4639 289 4350 2903 2788 2667 1374 1293 1216 542 1159 430 348 729 615 345 254 188 434 1447 302 1145 270 351 225 674 454 347 220 1029 504 525 424 332 168 164 413 319 211 207 165 183 200 160
internal_count=5072 4938 4831 4728 4639 289 4350 2903 2788 2667 1374 1293 1216 542 1159 430 348 729 615 345 254 188 434 1447 302 1145 270 351 225 674 454 347 220 1029 504 525 424 332 168 164 413 319 211 207 165 183 200 160
is_linear=0
shrinkage=0.05


Tree=75
num_leaves=49
num_cat=0
split_feature=10 2 48 36 2 46 50 50 49 0 7 48 19 19 14 10 48 10 2 36 45 41 19 10 7 20 20 5 10 2 36 0 22 0 2 46 36 27 35 28 48 46 49 31 41 50 48 45
split_gain=182637 295299 524038 59607.1 26578.5 34590.5 125613 90670.9 35313.8 49195.3 47745.5 24330.2 20471.3 51003.1 29787 27905 20152.6 41694.4 62710.1 28346.7 25792.3 21389.7 30609 19424.1 19012.9 36888.1 26736.6 18563.3 17897.8 19638.8 17193.2 16562.8 20003.9 32043.3 15485.8 17957.5 15135.1 22937.6 14347.1 12737.7 11140.5 17519.4 16888.6 10865.8 15880 9124.92 8057.76 4895.8
threshold=0.49944237277667808 77.500000000000014 0.036026190690933081 69.500000000000014 752.50000000000011 -0.22700609751797865 4.5152054901559575 5.5247561545260107 82.812254080040944 82.250000000000014 -0.90209790209790186 -0.075039258705475828 1.8461538461538463 1.9939819004524888 6.5000000000000009 1.2241145341831625 -0.12661792099639985 0.75913311233774816 662.50000000000011 5.5000000000000009 0.96904697354198299 4.5000000000000009 2.0029262345051824 1.5806506735603114 -0.25174825174825155 0.14073511631281138 -0.32275541795665635 -1.0000000180025095e-35 1.0761422349668883 697.50000000000011 35.500000000000007 78.750000000000014 84.750000000000014 86.250000000000014 722.50000000000011 -0.75013812021657655 25.500000000000004 84.562500000000014 18.750000000000004 56.416675000000005 -0.19843680242218262 0.36447543099728863 80.265431358200416 6.5000000000000009 1.5000000000000002 -0.11320916288663339 0.20332472332596638 0.21022171450811275
decision_type=2 2 2 2 2 2 2 2 2 2 2 2 2 2 2 2 2 2 2 2 2 2 2 2 2 2 2 2 2 2 2 2 2 2 2 2 2 2 2 2 2 2 2 2 2 2 2 2
left_child=-1 2 -2 4 5 6 8 16 -3 11 30 -10 14 -14 28 -15 17 -7 19 -19 40 24 -23 -16 26 -26 -18 -27 -12 -30 -11 39 46 -34 35 -17 47 -38 -36 -29 41 -20 43 -43 -45 -44 -33 -31
right_child=1 3 -4 -5 -6 7 -8 -9 9 10 12 -13 13 15 23 34 21 18 20 -21 -22 22 -24 -25 25 27 -28 31 29 36 -32 32 33 -35 38 -37 37 -39 -40 -41 -42 42 45 44 -46 -47 -48 -49
leaf_value=2.3111085653305055 0.29529486251088372 1.054726465317336 -4.9445297769753331 1.1160487241111696 0.73564381585346439 0.81512160930368638 2.0872578238447508 -1.7352449154569989 -0.23795164478159397 1.4491752377625005 0.18630162878970433 -1.3917179949259686 1.3173019007799474 0.70824403805732727 -0.087191548725453816 -0.88858481965281744 -0.9995702906880739 -0.51135597577909142 0.49614419846018409 -1.819885764108307 -0.86600123426276387 1.2492495049005268 -0.058326041826637844 0.99385586172342311 1.021605989895761 -0.50125735853739739 0.055955374616084345 0.11253931514430243 -0.96414244550419603 -0.85789576172828674 0.40862335487280366 -0.006593425107258623 1.0589344001616594 -0.27395241064768211 -0.17933797482401134 0.060246983332478479 -0.42518766239041189 0.60497158045314026 0.66190265142137106 0.88051219619050325 -0.54547556772828099 0.4711174279675448 -0.049330571276703102 -0.53123137876391413 0.39946652783489811 -0.71588332869578153 -0.60027122165983093 -0.32142181728763147
leaf_weight=84 112 87 82 127 126 89 80 83 106 80 156 80 93 124 81 109 105 81 156 86 106 86 92 84 95 157 138 121 126 87 80 92 80 101 127 91 121 96 83 97 94 132 86 103 81 127 150 86
leaf_count=84 112 87 82 127 126 89 80 83 106 80 156 80 93 124 81 109 105 81 156 86 106 86 92 84 95 157 138 121 126 87 80 92 80 101 127 91 121 96 83 97 94 132 86 103 81 127 150 86
internal_value=0 -0.026343 -1.93348 0.0516434 0.0222821 0.0022158 0.158977 -0.11991 0.0766015 0.0290302 0.117393 -0.738984 0.0274962 0.243312 -0.13427 0.054156 -0.0646133 -0.218254 -0.306369 -1.19203 -0.138088 0.0688636 0.576874 0.465832 -0.0111739 0.0956062 -0.402363 -0.0157726 -0.282089 -0.423782 0.934669 0.103733 -0.0788293 0.31775 -0.144908 -0.458714 -0.247185 0.0312355 0.154714 0.456712 -0.0380558 0.0322691 -0.105204 0.126709 -0.121577 -0.448247 -0.375531 -0.594589
internal_weight=0 4962 194 4768 4641 4515 1977 2538 1897 1810 1624 186 1464 627 837 534 2455 1141 1052 167 885 1314 178 165 1136 893 243 798 672 516 160 641 423 181 410 200 390 217 210 218 779 685 529 316 184 213 242 173
internal_count=5046 4962 194 4768 4641 4515 1977 2538 1897 1810 1624 186 1464 627 837 534 2455 1141 1052 167 885 1314 178 165 1136 893 243 798 672 516 160 641 423 181 410 200 390 217 210 218 779 685 529 316 184 213 242 173
is_linear=0
shrinkage=0.05


Tree=76
num_leaves=49
num_cat=0
split_feature=42 2 11 27 3 49 36 1 30 10 50 3 10 2 21 47 29 14 20 10 29 37 49 11 45 10 35 46 19 48 9 10 46 49 37 27 16 27 36 29 37 45 35 21 29 10 18 19
split_gain=218048 205481 48385.9 27757.4 72280.4 61868.5 52741.8 44910.3 20598.7 19630 29035.4 21842.6 41014.3 23409.3 26655.4 19555.8 25134.8 19443 18357.2 35678.5 17053.5 16599.6 16488.9 24004 19279.1 12300.2 22721.5 21201.2 28510.6 29394.9 18611.6 22385 18913.5 16769 15630.7 15235.8 15147.1 13684.7 12143.1 12084.4 12654.2 11792.8 11185.9 8283.17 7737.17 7048.9 7013.32 5669.34
threshold=8.2500000000000018 77.500000000000014 5.5000000000000009 83.812500000000014 182.50000000000003 89.531347163560469 69.500000000000014 87.250000000000014 40.625000000000007 0.72745725817073137 1.361870395727266 107.50000000000001 0.98311775456162864 737.50000000000011 -0.44432770935502924 4.5000000000000009 7.6875000000000009 9.5000000000000018 0.23725839378013297 1.2705101556141922 5.3958250000000012 16.500000000000004 90.808289872847141 1.188492063492067 -0.44504625642270151 1.3080648894029836 23.125000000000004 -0.12545862287572049 1.2624089868941131 -0.24759597350202034 0.76148270704399923 1.734896684698483 0.011826144619637555 83.863055341330536 16.500000000000004 73.687500000000014 14.250000000000002 80.687500000000014 31.500000000000004 7.8125000000000009 6.5000000000000009 0.51297097409535064 6.2500000000000009 0.056912999963756768 4.6666750000000006 1.4036712720230671 112.50000000000001 1.6430193999548841
decision_type=2 2 2 2 2 2 2 2 2 2 2 2 2 2 2 2 2 2 2 2 2 2 2 2 2 2 2 2 2 2 2 2 2 2 2 2 2 2 2 2 2 2 2 2 2 2 2 2
left_child=1 -1 3 4 5 6 8 -5 -3 10 -10 13 -13 20 47 16 -16 18 19 -9 44 43 24 -24 38 27 30 28 -22 -30 31 42 -32 34 39 -34 -33 -35 -23 -29 -41 -28 -27 -20 -11 -17 -25 -15
right_child=-2 2 -4 7 -6 -7 -8 17 9 11 -12 12 -14 14 15 45 -18 -19 21 -21 25 22 23 46 -26 26 41 33 29 -31 32 36 35 37 -36 -37 -38 -39 -40 40 -42 -43 -44 -45 -46 -47 -48 -49
leaf_value=-1.8499196459452312 2.2034037552773955 0.77016580774460319 0.99620082108747399 1.0892452051089361 -1.4428477691065882 -1.0026915029407693 1.2240405390885742 -1.1055373142483416 0.19807910175971044 -0.060289953576708299 -1.0469692314309735 1.344686351842191 -0.16435199602685793 0.004288286773234974 1.418169131245878 0.38133032002869777 0.3451946831819877 0.81153898419958814 0.061260836414364452 0.21005137084886949 -0.392300134797891 -0.23676736434531764 0.69370304577380093 -0.018852092463429237 0.99252411377338978 -0.20127294227832887 -0.15866666394050677 -0.73720429437916457 -0.020754515830381418 1.2592459345565123 -1.1118507943840492 0.57700858868334615 -0.92323651137175389 -1.07185522323338 0.43119988856010871 -0.065557584166526794 -0.26254295606055472 -0.21086217744482891 0.61148058922894033 0.24564631701831008 -0.50600652994399664 0.64233922329947868 -0.89857087145063363 -0.6487408053039051 0.50593657206718612 -0.25894489272915083 -0.59620783125099386 -0.58727713932351377
leaf_weight=149 111 80 125 129 92 155 87 92 80 102 111 82 98 80 89 84 141 88 82 115 89 85 90 118 130 126 98 81 80 101 143 114 80 81 132 144 100 107 82 150 88 85 106 81 146 86 94 81
leaf_count=149 111 80 125 129 92 155 87 92 80 102 111 82 98 80 89 84 141 88 82 115 89 85 90 118 130 126 98 81 80 101 143 114 80 81 132 144 100 107 82 150 88 85 106 81 146 86 94 81
internal_value=0 -0.0275243 0.0293011 0.00329624 -0.0675648 -0.0300153 0.0166393 0.212235 -0.016926 -0.0375798 -0.527167 -0.00509675 0.52673 -0.04055 0.246848 0.465181 0.764731 0.104273 0.0392725 -0.377159 -0.115516 0.152744 0.274426 0.0140061 0.538294 -0.166309 -0.287594 -0.0332455 0.337472 0.696494 -0.400816 -0.183153 -0.664116 -0.190169 -0.0244318 -0.374613 0.185298 -0.58553 0.180898 -0.213727 -0.0332301 0.214854 -0.522355 -0.293366 0.273746 0.0578063 -0.276447 -0.29512
internal_weight=0 4959 4810 4685 3499 3407 3252 1186 3165 3085 191 2894 180 2714 561 400 230 1057 969 207 2153 762 599 302 297 1905 996 909 270 181 813 446 367 639 451 224 214 188 167 319 238 183 232 163 248 170 212 161
internal_count=5070 4959 4810 4685 3499 3407 3252 1186 3165 3085 191 2894 180 2714 561 400 230 1057 969 207 2153 762 599 302 297 1905 996 909 270 181 813 446 367 639 451 224 214 188 167 319 238 183 232 163 248 170 212 161
is_linear=0
shrinkage=0.05


Tree=77
num_leaves=46
num_cat=0
split_feature=36 42 32 18 1 37 0 42 50 41 42 50 42 22 37 48 9 15 7 19 50 20 8 40 7 8 20 7 41 29 7 15 37 29 15 8 9 47 13 48 41 45 15 14 7
split_gain=122445 282760 221239 89985.2 129340 85514.6 84096.1 68299.6 92389 46192.7 41495 51098 29043.2 27908.8 25425.5 18574.2 44071.6 26473.9 24629.4 36784.8 33397.8 26482.2 25571 23863.4 27164.6 23743.9 22682.2 16023.5 21502 17007.3 19660.5 21152.1 15984.1 15531.1 15043.7 13633.2 14348 13082.1 26510.1 18212.6 13045.4 16049.5 12404.7 10176.1 8762.13
threshold=64.500000000000014 3.2500000000000004 6.5000000000000009 187.50000000000003 64.500000000000014 12.500000000000002 67.250000000000014 6.7500000000000009 4.9575011044086077 7.5000000000000009 4.2500000000000009 3.5766522575626003 -1.2499999999999998 86.250000000000014 31.500000000000004 0.28402624511468205 1.0540101863192708 81.250000000000014 -0.65034965034965009 1.2840980006274778 1.1951427747965726 -0.59721362229102148 0.1890953154492184 59.500000000000007 1.3048951048951052 0.27241687979539653 -0.54625668449197862 1.427572427572428 4.5000000000000009 5.3958250000000012 1.0000000180025095e-35 77.250000000000014 11.500000000000002 8.8125000000000018 70.500000000000014 1.5834782608695654 0.85592164416559058 7.5000000000000009 27.500000000000004 0.9080866368568834 2.5000000000000004 0.45273815774107123 70.500000000000014 1.5000000000000002 0.7845886597478956
decision_type=2 2 2 2 2 2 2 2 2 2 2 2 2 2 2 2 2 2 2 2 2 2 2 2 2 2 2 2 2 2 2 2 2 2 2 2 2 2 2 2 2 2 2 2 2
left_child=2 13 -1 4 -4 -5 -6 8 9 10 11 12 14 -2 33 17 26 18 20 23 25 -21 -23 24 32 -14 -17 28 29 -24 -31 34 -20 -8 44 36 -29 39 -39 40 41 -28 -37 -36 -32
right_child=1 -3 3 5 6 -7 7 -9 -10 -11 -12 -13 15 -15 -16 16 -18 -19 19 21 -22 22 27 -25 -26 -27 37 35 -30 30 31 -33 -34 -35 43 42 -38 38 -40 -41 -42 -43 -44 -45 -46
leaf_value=2.1206671267808455 -0.53670933583203484 -3.4503826949175669 1.7978114518225194 0.1200778908781953 -1.5420392289590301 -1.9211878371338884 0.40625131853732716 -1.2135314692248096 1.6014187106762521 0.87811288414966493 -1.0149551028186836 1.1929576233029366 -0.38708808784131654 0.75633281031396338 -1.0059569013587855 -0.78745110630989079 -0.97807870844314848 0.97365736448102536 -0.37862812775231547 -0.74344545221605962 1.0143277217386937 0.8346316219074652 0.51803788478115953 0.22293112365774409 -0.012142401135393553 0.59063277405241266 0.2486050301705891 0.96627813257643447 0.56140617896472256 0.32315597030960147 -0.17784509775282323 -1.0481151999579263 -1.1829384777647485 -0.54466542147330188 0.39184777805235538 0.36951343972681078 0.20049516302626583 0.22829345033780948 -0.79424052318172145 -0.27842255123883242 -0.016130164148760777 1.1437290495587993 -0.28902287461365073 -0.31030906115707602 -0.87032889938264191
leaf_weight=122 84 84 99 90 88 118 82 110 92 146 102 87 134 81 134 86 144 80 104 85 146 127 82 128 146 114 105 121 123 121 86 96 156 88 112 158 124 147 110 120 101 96 129 94 98
leaf_count=122 84 84 99 90 88 118 82 110 92 146 102 87 134 81 134 86 144 80 104 85 146 127 82 128 146 114 105 121 123 121 86 96 156 88 112 158 124 147 110 120 101 96 129 94 98
internal_value=0 -1.10753 0.0272822 -0.0273916 0.0196979 -1.0416 -0.0206907 0.010693 0.0430065 0.00775842 -0.0244951 0.00190639 -0.025837 0.0987891 -0.493641 0.0152414 -0.178839 0.0840904 0.0550606 -0.0133651 0.417144 0.109543 0.159303 -0.371036 -0.558384 0.0629152 -0.0273134 0.0949154 -0.044854 -0.15374 -0.245194 -0.387069 -0.863898 -0.0862945 -0.222086 0.307932 0.581089 0.0699797 -0.210749 0.241039 0.447685 0.679673 0.0735405 0.0714949 -0.549379
internal_weight=0 249 4831 4709 4501 208 4402 4314 4204 4112 3966 3864 3777 165 304 3473 909 2564 2484 2090 394 1556 1471 534 406 248 765 1344 812 689 607 486 260 170 390 532 245 679 257 422 302 201 287 206 184
internal_count=5080 249 4831 4709 4501 208 4402 4314 4204 4112 3966 3864 3777 165 304 3473 909 2564 2484 2090 394 1556 1471 534 406 248 765 1344 812 689 607 486 260 170 390 532 245 679 257 422 302 201 287 206 184
is_linear=0
shrinkage=0.05


Tree=78
num_leaves=46
num_cat=0
split_feature=37 13 17 32 50 37 2 18 6 7 20 48 37 18 19 49 47 20 48 29 50 34 45 28 22 50 17 49 46 5 46 21 37 44 37 17 19 36 37 29 30 30 40 36 46
split_gain=285769 137037 346783 94691.1 103968 325561 158498 72879.5 25649.7 29423.4 28241.5 32142 45025.6 34531.2 24280.2 23056.9 20125.4 27975 22798.7 18072.9 16277.3 32128.9 29141.2 19642.7 18652.1 15101.2 14141.1 13151.1 12894.1 16057.6 15865.5 16268 19063.3 16134.6 16255.3 13013.2 22527.1 17055.9 38817.4 23104.7 15783.5 8964.64 8867.91 15723.7 8749.52
threshold=87.500000000000014 6.5000000000000009 0.36038961038961043 5.5000000000000009 4.3987423452004224 33.500000000000007 557.50000000000011 107.50000000000001 -4.6285714285714272 -2.2867132867132862 -0.21655944674520522 0.12519602241152125 54.500000000000007 67.500000000000014 5.4478144617530821 82.214772825295711 8.5000000000000018 0.19057804940157883 -0.091716727152893224 12.187500000000002 1.0721807903521354 1.3750000000000002 -0.65234524191686594 63.937500000000007 88.750000000000014 0.44238013571995799 0.98936170212765961 88.119031863684228 0.95691861501572195 9.0000000000000018 0.73136292505298039 2.3359011424068901 60.500000000000007 16.500000000000004 54.500000000000007 0.60990338164251223 1.8461538461538463 7.5000000000000009 28.500000000000004 10.062500000000002 131.87500000000003 135.62500000000006 4.5000000000000009 24.500000000000004 -0.84313311835787952
decision_type=2 2 2 2 2 2 2 2 2 2 2 2 2 2 2 2 2 2 2 2 2 2 2 2 2 2 2 2 2 2 2 2 2 2 2 2 2 2 2 2 2 2 2 2 2
left_child=1 -1 -3 -4 6 7 -5 -6 9 -8 11 12 15 -13 16 -10 17 18 -12 20 23 22 24 -18 -22 26 -25 -17 29 30 31 32 33 34 35 -19 40 39 -39 -38 42 -32 -37 44 -44
right_child=-2 2 3 4 5 -7 8 -9 10 -11 14 13 -14 -15 -16 27 19 28 -20 -21 21 -23 -24 25 -26 -27 -28 -29 -30 -31 41 -33 -34 -35 -36 36 37 38 -40 -41 -42 -43 43 -45 -46
leaf_value=-1.5158387136767653 -2.9598064341817998 2.6541050409117055 -1.516728627266219 -2.2276194081073855 -1.4996564526248861 3.1361152541637423 -0.14213607274904483 0.60341029578731176 0.2465024493296038 1.1299777441811794 0.16043283516859139 -0.2801026339681188 0.83801596393488875 -1.5627820069327001 -0.831024875291964 -1.1985076429233665 0.24731144173251046 0.78482433373019811 1.3453694445603506 -0.77298033371567731 1.2027524100664335 -0.41680593592156279 -0.33028793127798456 0.1249814697968885 0.24789831635131632 -0.81550726286570241 -0.56192360673571984 -0.32126650730768841 -0.39724676064146103 -0.3928335264223774 0.22923902042283872 -0.5297730839744057 0.6834111104109164 -0.45192204653754714 -0.523514999980214 0.50493882140894042 0.42506924665279011 1.2253879921963173 0.076273001723278028 -0.58692853417289392 -0.58898105839403658 0.89853111828366916 0.068321832965593784 0.42334868864579633 -0.57751548064975289
leaf_weight=144 82 123 103 81 80 104 81 83 87 102 81 120 98 93 81 83 154 83 81 99 116 156 81 158 92 149 141 89 133 146 100 96 144 128 86 86 153 139 155 88 122 101 89 109 126
leaf_count=144 82 123 103 81 80 104 81 83 87 102 81 120 98 93 81 83 154 83 81 99 116 156 81 158 92 149 141 89 133 146 100 96 144 128 86 86 153 139 155 88 122 101 89 109 126
internal_value=0 -0.00142712 0.0443115 -0.0248759 0.00904268 0.964576 -0.050403 -0.43162 -0.00815504 0.569199 -0.0344223 -0.360292 -0.0696448 -0.844831 0.0191488 -0.414986 0.0396896 0.126669 0.75752 -0.130739 -0.0693316 0.159763 0.471355 -0.238663 0.78362 -0.405896 -0.199737 -0.749067 0.0772895 0.109826 0.150679 0.0980205 0.138311 0.080305 0.135743 0.185456 0.138141 0.366935 0.621874 0.0546447 -0.0921991 0.568333 0.0566972 -0.0634681 -0.31109
internal_weight=0 4944 4800 4677 4574 267 4307 163 4226 183 4043 570 357 213 3473 259 3392 2246 162 1146 1047 445 289 602 208 448 299 172 2084 1951 1805 1604 1508 1364 1236 1150 1067 535 294 241 532 201 410 324 215
internal_count=5026 4944 4800 4677 4574 267 4307 163 4226 183 4043 570 357 213 3473 259 3392 2246 162 1146 1047 445 289 602 208 448 299 172 2084 1951 1805 1604 1508 1364 1236 1150 1067 535 294 241 532 201 410 324 215
is_linear=0
shrinkage=0.05


Tree=79
num_leaves=48
num_cat=0
split_feature=38 19 42 18 4 28 30 42 8 42 0 36 42 30 19 2 21 45 19 19 42 28 46 9 30 6 49 33 29 0 48 7 6 19 30 18 30 20 8 17 30 33 7 48 30 49 17
split_gain=160932 131651 166844 144346 86553.8 76689 127248 68349.5 49308.6 102340 336208 54469.6 83524.2 80009.9 25982.8 36646.9 31065.5 22746.4 22101 17271.1 24119.7 25331.2 13088.2 22955.5 20512.7 26187.2 18514 20605.4 13988.8 20920.7 16802.3 35674.6 19771.5 19105.8 13575 14267.7 13104.7 12652.4 19694.1 14096.7 11647.8 11224.2 14507.7 10529.3 9180.88 13221.2 7872.62
threshold=4.5000000000000009 -0.3558241758241758 2.7500000000000004 192.50000000000003 6.2500000000000009 43.062500000000007 295.62500000000006 8.2500000000000018 0.044850357723460722 4.2500000000000009 78.750000000000014 53.500000000000007 1.2500000000000002 111.87500000000003 0.60644107577301332 622.50000000000011 -0.93221979677088018 -0.19337636264337835 0.78234712857475019 1.5104571104571107 0.75000000000000011 64.812500000000014 -0.12545862287572049 0.95561035147231899 181.56250000000003 -1.1999999999999993 89.281438338605128 0.95835000000000303 6.4375000000000009 82.250000000000014 -0.059108741347573275 0.16783216783216778 1.0000000180025095e-35 3.7941176470588238 136.87500000000006 122.50000000000001 108.12500000000001 1.8532105149752209 0.68608695652173923 0.78019323671497598 169.37500000000003 1.3750000000000002 1.0234965034965036 -0.063249584893724592 109.37500000000003 86.367979437331101 1.1342342342342344
decision_type=2 2 2 2 2 2 2 2 2 2 2 2 2 2 2 2 2 2 2 2 2 2 2 2 2 2 2 2 2 2 2 2 2 2 2 2 2 2 2 2 2 2 2 2 2 2 2
left_child=1 2 -1 4 5 -3 7 8 11 14 -11 12 17 -14 16 -16 -10 -7 -17 20 44 -22 23 24 25 -21 27 -27 29 40 31 -30 -33 41 35 -28 -34 38 -23 -40 46 42 -32 -25 45 -20 -24
right_child=-2 3 -4 -5 -6 6 -8 -9 9 10 -12 -13 13 -15 15 18 -18 -19 19 22 21 37 28 43 -26 26 34 -29 30 -31 33 32 36 -35 -36 -37 -38 -39 39 -41 -42 -43 -44 -45 -46 -47 -48
leaf_value=-0.017235656520592627 -1.7997653857117795 1.3645597369833427 2.8141674085745687 -1.8058480509844692 -1.3465584507744228 -0.43853792040529904 -1.7536291233434971 1.4721880497651942 0.054739814673283309 1.238914213729341 -3.0371468547979994 -0.50453192825828286 2.3629773119548423 0.46362010534621972 1.0721346935529388 0.81597146084739114 -1.0963130646005825 0.58369775570855287 -0.69583038105987594 -0.42230842616409064 0.85531502754041344 -0.47509245200378597 0.60118325747722812 0.14041715913706207 0.88054408768398895 0.27785396035885651 -0.068824838141424469 1.1661862656852957 -1.1391898370451397 -0.25124999157657535 0.7434752647771149 0.50048448268813317 -0.037985322544207945 -0.46948758949998953 -0.42833720178439699 0.7589866943273349 -0.84078549600782859 -0.62438152231599986 0.86686232612456815 -0.054325935660406603 0.98140502835021304 -0.21315617877173901 0.018222168390639126 -0.59891099641056056 -0.82855784537700505 0.091501485000957145 -0.074589238106005498
leaf_weight=115 121 109 94 109 111 117 97 84 128 81 104 111 110 112 88 89 107 100 103 127 81 106 85 87 143 148 112 117 107 143 150 98 129 121 86 96 83 91 80 85 84 96 127 106 129 109 86
leaf_count=115 121 109 94 109 111 117 97 84 128 81 104 111 110 112 88 89 107 100 103 127 81 106 85 87 143 148 112 117 107 143 150 98 129 121 86 96 83 91 80 85 84 96 127 106 129 109 86
internal_value=0 0.0383172 1.26356 -0.0155982 0.0266281 0.0604014 0.0281067 0.0682682 0.0402594 -0.0252497 -1.16833 0.48163 0.731558 1.41112 0.0350219 0.0713324 -0.471781 0.033055 0.0435188 0.0211939 -0.181671 0.0617154 0.0894736 0.223466 0.33775 0.223485 0.370695 0.672971 -0.0152314 0.231709 -0.123251 -0.356576 -0.0836531 0.0740274 0.0968785 0.315045 -0.354761 -0.117725 0.0540769 0.394842 0.502468 0.251126 0.41222 -0.266633 -0.497116 -0.292494 0.262863
internal_weight=0 4981 209 4772 4663 4552 4443 4346 4262 3712 185 550 439 222 3527 3292 235 217 3204 3115 784 443 2331 1022 829 686 559 265 1309 398 911 417 310 494 294 208 212 362 271 165 255 373 277 193 341 212 171
internal_count=5102 4981 209 4772 4663 4552 4443 4346 4262 3712 185 550 439 222 3527 3292 235 217 3204 3115 784 443 2331 1022 829 686 559 265 1309 398 911 417 310 494 294 208 212 362 271 165 255 373 277 193 341 212 171
is_linear=0
shrinkage=0.05


Tree=80
num_leaves=50
num_cat=0
split_feature=38 2 0 2 36 7 2 15 15 48 35 7 2 18 1 21 31 3 45 17 20 17 9 5 44 10 0 13 46 45 36 48 46 17 2 46 17 10 20 17 18 2 50 48 46 49 7 35 46
split_gain=227204 198179 873907 69321.6 79108.3 42103.8 32304.9 43973 91897.6 31330.4 21842.3 24917.9 26339.6 26173.6 24230.1 21053.3 20943.3 27905.9 33105.3 27751.4 17144.8 25505.6 17469.1 19799.2 17268.9 23043 33572.4 18109.5 17294.2 14535.4 14795.3 16317.3 12678.3 12367.7 18242.4 11786.7 11193.7 12530.6 11178.1 14397.3 13418.6 9415.25 13547.8 8898.7 8020.62 13282.4 11621.2 10754.9 7299.83
threshold=4.5000000000000009 42.500000000000007 82.750000000000014 577.50000000000011 66.500000000000014 -3.7972027972027962 647.50000000000011 71.500000000000014 75.500000000000014 -0.075039258705475828 28.750000000000004 1.6573426573426577 722.50000000000011 72.500000000000014 84.500000000000014 0.10760042636103863 7.5000000000000009 67.500000000000014 -0.16799356919963607 0.69397993311036799 -1.717282717282717 0.86100386100386117 0.8113611778787907 -1.0000000180025095e-35 14.250000000000002 1.7249080675662207 83.250000000000014 33.500000000000007 0.04621408538533487 0.3261394409934788 19.500000000000004 -0.045219502440066062 0.50370931781787065 0.98936170212765961 727.50000000000011 0.47369649395226454 0.91287878787878796 1.1894273486010167 1.0589994493644752 0.69397993311036799 122.50000000000001 732.50000000000011 0.77741532113219602 -0.20454104299082257 0.7710868207630478 87.862256555260032 1.427572427572428 6.2500000000000009 0.85561368268953431
decision_type=2 2 2 2 2 2 2 2 2 2 2 2 2 2 2 2 2 2 2 2 2 2 2 2 2 2 2 2 2 2 2 2 2 2 2 2 2 2 2 2 2 2 2 2 2 2 2 2 2
left_child=1 2 -1 -3 5 -5 7 -7 -9 -10 15 12 13 -12 -13 20 17 19 -19 43 21 -8 24 -24 25 27 -27 28 38 33 31 -31 -26 36 -35 -30 37 -21 39 -22 -41 42 -25 -17 45 46 -18 -47 -37
right_child=-2 3 -4 4 -6 6 10 8 9 -11 11 14 -14 -15 -16 16 44 18 -20 29 22 -23 23 41 32 26 -28 -29 35 30 -32 -33 -34 34 -36 48 -38 -39 -40 40 -42 -43 -44 -45 -46 47 -48 -49 -50
leaf_value=5.1375192955460243 -2.2197394374008002 -1.0520210036697486 -1.6189659881591798 1.048242989052897 1.4324332623137641 -1.1949016462238851 -1.2614052863006133 1.0442329556025842 -0.13694222878260784 -1.5167788482574096 0.99788076461079622 0.34875725176857997 1.3546259619707113 -0.148312769959867 -0.66440045878291132 -0.026541362312578021 -0.088189735080835954 0.0066842985295114069 1.3294678634405137 0.54263353672410763 -0.30083136532332877 -0.028822298850431 -1.0355721454466544 0.011870931756907496 -0.85816066732970619 1.1673777207556479 -0.070803321714986836 0.56109065367983513 -0.89378081835350209 0.65137280736817049 1.0738658789367903 -0.22813655482398143 -0.08641805343684697 -0.76500424977805892 0.23165817425606097 0.14393493069542782 0.76256889824460194 -0.24835963806798383 -0.37495084310246407 0.11574405914793412 0.94518208215461985 0.14241593017065821 -0.87294124847856058 -0.70375903686269736 -0.51594601233800252 0.031442018044651097 0.58807316276262389 -0.6482405333639315 -0.50133652703370901
leaf_weight=91 112 155 99 91 96 134 82 107 82 82 82 143 85 124 99 83 158 83 109 83 90 85 92 86 92 105 113 103 97 127 83 89 125 89 93 80 81 123 106 119 82 120 86 116 119 108 105 125 95
leaf_count=91 112 155 99 91 96 134 82 107 82 82 82 143 85 124 99 83 158 83 109 83 90 85 92 86 92 105 113 103 97 127 83 89 125 89 93 80 81 123 106 119 82 120 86 116 119 108 105 125 95
internal_value=0 0.0474539 1.62699 -0.0152385 0.0194874 -0.0105598 -0.0323445 -0.457619 -0.0900062 -0.831872 0.0101282 0.308172 0.619119 0.310556 -0.0667449 -0.0349229 0.0865755 0.211657 0.760637 0.101983 -0.157507 -0.637949 -0.106708 -0.399971 -0.0131538 0.0754872 0.528176 -0.0528624 -0.148084 0.238347 0.510161 0.289601 -0.416044 0.064342 -0.257238 -0.454433 0.268456 0.0714233 0.0624221 0.222479 0.457126 -0.196863 -0.433024 -0.422846 -0.149109 -0.0602365 0.183006 -0.334407 -0.207214
internal_weight=0 5002 190 4812 4657 4561 4470 405 271 164 4065 533 291 206 242 3532 1774 1159 192 967 1758 167 1591 384 1207 990 218 772 669 768 299 216 217 469 182 272 287 206 397 291 201 292 172 199 615 496 263 233 175
internal_count=5114 5002 190 4812 4657 4561 4470 405 271 164 4065 533 291 206 242 3532 1774 1159 192 967 1758 167 1591 384 1207 990 218 772 669 768 299 216 217 469 182 272 287 206 397 291 201 292 172 199 615 496 263 233 175
is_linear=0
shrinkage=0.05


Tree=81
num_leaves=50
num_cat=0
split_feature=36 2 33 2 2 6 13 20 19 8 38 46 20 30 13 47 28 2 13 3 14 46 50 13 4 46 19 25 21 8 17 16 40 4 20 12 37 13 10 19 25 40 13 0 28 29 46 3 2
split_gain=148977 368832 841230 314153 45738.8 27668.5 18996.4 18613.9 36593.4 35696.3 25160.6 25997 18861.8 19179.2 19442.3 30689.2 26681.4 27628.4 18050.3 17875.7 17865.7 16535.3 15377.1 19780.6 29388.9 38370.5 20468.8 18548.9 16416.6 15474.1 15227.2 25967.7 14863.5 14399.3 14375.7 14071.6 13490.4 13144.9 12227.7 17174.6 16123.6 14027.2 12082.8 10277.7 10135.8 8881.42 8116.72 11547.3 6184.84
threshold=68.500000000000014 47.500000000000007 1.1250000000000002 647.50000000000011 577.50000000000011 -4.6285714285714272 6.5000000000000009 -0.17762845849802358 2.5489804313333728 -0.926086956521739 1.0000000180025095e-35 0.60383265664488517 -0.020691192865105904 40.625000000000007 17.500000000000004 8.5000000000000018 73.281250000000014 702.50000000000011 19.500000000000004 27.500000000000004 4.5000000000000009 -0.39036009226888674 0.65710631437243461 28.500000000000004 1.0000000180025095e-35 -0.62587551141915865 1.9327362292879535 1.0000000180025095e-35 0.46956218347772355 1.5939130434782609 0.85449735449735453 8.2500000000000018 11.500000000000002 1.7500000000000002 0.98199126620179256 2.5499999999999976 14.500000000000002 23.500000000000004 1.8811110367658916 1.116553151995431 1.0000000180025095e-35 25.500000000000004 27.500000000000004 85.750000000000014 73.062500000000014 9.9375000000000018 0.8511460603353429 32.500000000000007 727.50000000000011
decision_type=2 2 2 2 2 2 2 2 2 2 2 2 2 2 2 2 2 2 2 2 2 2 2 2 2 2 2 2 2 2 2 2 2 2 2 2 2 2 2 2 2 2 2 2 2 2 2 2 2
left_child=1 2 -1 -2 -3 20 -7 8 9 -8 11 21 -9 -14 15 16 17 -15 32 -17 -6 -11 33 27 28 -26 35 43 29 -25 31 -29 -16 38 -28 -27 -32 -33 39 -20 48 46 -40 -24 -43 -19 47 -42 -41
right_child=3 4 -4 -5 5 6 7 12 -10 10 -12 -13 13 14 18 19 -18 45 22 -21 -22 -23 23 24 25 26 34 30 -30 -31 36 37 -34 -35 -36 -37 -38 -39 42 40 41 44 -44 -45 -46 -47 -48 -49 -50
leaf_value=-0.58521773509490183 -3.5784530045398899 -0.92304726979375751 5.9804022771971574 0.77895536639808149 1.1590184731247983 0.62756413955410784 0.69496071720586239 0.6923040353453036 -1.2703206980802928 -0.24404237279752353 -1.0142220662889028 -0.79161904734192479 0.74160470748093077 -0.93957943295945923 -0.039978916898724584 -0.23727275152569233 0.72982100552982754 0.37827550404894672 0.33368538165450995 -1.1648166673697107 0.17079126199829245 0.62532867315803076 -0.19215498529758651 0.66782708015427539 1.2240673635184296 0.2278859237782084 0.08482670471072197 0.44366237377891182 -0.55944944213637537 -0.27657700995249407 0.016578958583856697 -0.065372516197520644 0.82834527256075019 -0.74354861551209506 0.83811682240155183 -0.64252524737800876 0.78983072827056966 -0.89243599583168298 -0.16928749781908448 0.33972292106066432 -0.40692409975049293 -1.1135842519940116 0.59218729419913962 -0.95202655207748266 -0.39342547758501406 -0.2983851695761961 -0.55360245395983965 0.3874453668247213 -0.22238117805842697
leaf_weight=116 84 136 83 80 80 109 102 96 82 110 104 98 81 97 83 91 89 112 132 122 106 107 96 82 126 103 109 103 135 90 133 85 120 94 151 83 97 110 96 111 91 101 112 83 97 84 111 90 86
leaf_count=116 84 136 83 80 80 109 102 96 82 110 104 98 81 97 83 91 89 112 132 122 106 107 96 82 126 103 109 103 135 90 133 85 120 94 151 83 97 110 96 111 91 101 112 83 97 84 111 90 86
internal_value=0 0.0663628 2.16942 -1.46105 -0.0228204 0.00410689 -0.0212381 -0.0378846 -0.295153 -0.139532 -0.34385 -0.120011 0.00431684 -0.014289 -0.0319641 -0.292138 -0.0235313 -0.254069 0.021315 -0.771503 0.59976 0.185536 -0.0128596 0.0873091 0.245551 0.457084 0.238149 -0.1095 -0.148779 0.17492 0.0398553 -0.195791 0.474861 -0.15453 0.523849 -0.161882 0.344697 -0.534094 -0.0999475 -0.186881 -0.287242 -0.440579 0.241609 -0.547829 -0.764529 0.0882355 -0.219054 -0.0119752 0.0944536
internal_weight=0 4915 199 164 4716 4580 4394 4285 603 521 419 315 3682 3586 3505 595 382 293 2910 213 186 217 2707 1586 879 572 446 707 307 172 528 298 203 1121 260 186 230 195 1027 819 687 490 208 179 198 196 292 181 197
internal_count=5079 4915 199 164 4716 4580 4394 4285 603 521 419 315 3682 3586 3505 595 382 293 2910 213 186 217 2707 1586 879 572 446 707 307 172 528 298 203 1121 260 186 230 195 1027 819 687 490 208 179 198 196 292 181 197
is_linear=0
shrinkage=0.05


Tree=82
num_leaves=47
num_cat=0
split_feature=38 39 44 44 3 38 30 30 13 14 4 2 13 45 19 21 19 36 19 6 36 8 7 9 21 30 19 28 44 49 36 0 2 40 21 36 5 13 8 7 7 21 40 14 28 19
split_gain=142081 260529 94693.6 104725 90964.9 50012.5 30151.9 39483.7 73781.7 68038.2 58683.9 32215.9 46324.8 70418.1 19957 38289.1 30938.8 41910.9 31530.6 25519.7 19286.4 17931 17702.7 19584.2 12594.1 19891.5 18853.9 16358.1 18575.8 20855.5 14100.2 12423.6 11594.3 10673.8 10508.4 10719.2 17012.9 27372.9 12993.2 17124 11876.6 11751 33257.8 12776.1 8008.48 6815.82
threshold=4.5000000000000009 4.5000000000000009 3.2500000000000004 5.2500000000000009 737.50000000000011 3.5000000000000004 300.62500000000006 143.12500000000006 34.500000000000007 8.5000000000000018 0.62500000000000011 647.50000000000011 21.500000000000004 0.022575936829235418 1.489175120365271 0.70080783193230911 2.619910044977511 28.500000000000004 3.2946394686907028 1.5428571428571434 7.5000000000000009 -0.66521739130434765 1.0041977657685934 0.85592164416559058 -0.42852368220014364 102.81250000000001 0.83014768275686213 74.687500000000014 8.2500000000000018 84.366259195627535 5.5000000000000009 85.750000000000014 707.50000000000011 4.5000000000000009 2.1005519391256375 18.500000000000004 1.0000000180025095e-35 26.500000000000004 0.7486956521739131 0.8481518481518483 0.79860139860139878 0.38768779821410965 1.5000000000000002 1.5000000000000002 63.937500000000007 1.9791551664654132
decision_type=2 2 2 2 2 2 2 2 2 2 2 2 2 2 2 2 2 2 2 2 2 2 2 2 2 2 2 2 2 2 2 2 2 2 2 2 2 2 2 2 2 2 2 2 2 2
left_child=1 2 -1 -4 5 6 7 11 9 14 -10 12 -5 -14 19 16 17 20 -18 -9 -16 -13 -17 -24 25 26 -23 28 29 -26 -27 33 -32 -28 35 36 41 -38 -37 -40 -39 42 -30 -43 -45 -41
right_child=-2 -3 3 4 -6 -7 -8 8 10 -11 -12 21 13 -15 15 22 18 -19 -20 -21 -22 24 23 -25 27 30 31 -29 34 -31 32 -33 -34 -35 -36 38 37 40 39 45 -42 43 -44 44 -46 -47
leaf_value=-1.4191629119086686 -1.7620499096675353 2.6907004163964938 1.4790200586241435 -1.5409293761565572 -1.6600537005765941 1.0738612666859157 -0.7462089448880691 -0.8330459919798634 0.24476616541836776 -1.1769929848359122 1.9167540310729636 0.71390156652553971 0.52312773625835096 -1.0697874199687027 0.90377854806311597 -0.77351979486368316 -0.50987966054736977 0.1668680261122063 0.72478462685391598 0.37678172731974041 1.9743443796729172 0.48594572039621498 0.67276417187282023 -0.38063110946327128 0.090601515976509256 0.036633297491685618 -0.20282167658762776 0.73222546175301795 0.077816612057779969 -0.91064602575368347 -0.95458312593400485 -0.58142387169163401 -0.32362400878889441 0.49596485201134738 -0.40737153492294831 0.82406975066307764 -0.25030881504433744 1.1087689708138622 -0.38656582148451557 0.09183627948874519 0.34479599215772527 0.52857867252826696 -1.0836460943906927 -0.47483404536659901 0.10470109967248781 0.69444348876355988
leaf_weight=113 109 91 122 83 80 111 129 91 101 95 109 82 152 126 93 80 100 111 105 82 81 154 83 92 100 111 159 82 151 107 139 122 155 82 103 100 137 85 94 83 128 99 103 103 139 108
leaf_count=113 109 91 122 83 80 111 129 91 101 95 109 82 152 126 93 80 100 111 105 82 81 154 83 92 100 111 159 82 151 107 139 122 155 82 103 100 137 85 94 83 128 99 103 103 139 108
internal_value=0 0.0547556 0.00490737 0.0390625 0.000808548 0.0303689 0.0040397 0.0266628 0.266976 0.0897137 1.11758 -0.0685995 -0.511775 -0.200088 0.221938 0.33422 0.592403 0.928464 0.122958 -0.260732 1.41058 -0.00974434 -0.162272 0.119963 -0.0324486 -0.181478 0.02417 0.0474041 0.0127377 -0.428841 -0.443409 -0.172532 -0.624159 0.0360067 0.0767794 0.114552 0.0238398 0.299972 0.33657 0.163234 0.653424 -0.138822 -0.395573 0.0530213 -0.1429 0.43442
internal_weight=0 4956 4865 4752 4630 4550 4439 4310 1223 1013 210 3087 361 278 918 745 490 285 205 173 174 2726 255 175 2644 922 517 1722 1640 207 405 363 294 241 1433 1330 945 350 385 285 213 595 254 341 242 191
internal_count=5065 4956 4865 4752 4630 4550 4439 4310 1223 1013 210 3087 361 278 918 745 490 285 205 173 174 2726 255 175 2644 922 517 1722 1640 207 405 363 294 241 1433 1330 945 350 385 285 213 595 254 341 242 191
is_linear=0
shrinkage=0.05


Tree=83
num_leaves=46
num_cat=0
split_feature=50 37 4 49 42 48 39 0 41 27 11 15 50 50 10 18 25 45 1 27 46 37 42 40 17 20 30 33 46 17 0 21 17 19 19 45 40 11 15 37 17 48 37 19 21
split_gain=104681 656116 157372 301964 117982 90782.8 40111.1 41714.3 49866.8 36191 34655.8 35649.1 103837 65896.6 31695.8 23820.8 19235.8 21105 44670 30167.2 18321.1 17423.8 42855.6 19176.3 20351.5 17295.6 16519.2 14807.2 13940.7 12342.3 19047.5 26350.7 18802.9 19345.7 12553.1 11753.8 18981.6 11614.6 11803.7 11030.3 10322.3 13287.6 12776.3 10318 9243.31
threshold=5.8594938975876412 34.500000000000007 3.7500000000000004 86.075906756682528 4.7500000000000009 0.065599478580966958 4.5000000000000009 72.250000000000014 1.0000000180025095e-35 70.437500000000014 4.2500000000000009 78.250000000000014 3.8878718376668435 2.2077756694842283 0.72745725817073137 137.50000000000003 2.5000000000000004 -0.91597725483594616 85.500000000000014 83.812500000000014 -0.75013812021657655 34.500000000000007 1.7500000000000002 12.500000000000002 0.91779279279279291 0.67617995814926768 219.37500000000003 1.1250000000000002 -0.9292178835113839 0.94281045751633996 79.750000000000014 -1.0783156054895213 1.0106382978723405 4.4213637542131199 1.4791644337162753 0.75580964594513067 1.5000000000000002 1.5639534883720965 76.250000000000014 7.5000000000000009 0.69782608695652182 -0.22042485305200651 28.500000000000004 1.8737879180710395 0.46956218347772355
decision_type=2 2 2 2 2 2 2 2 2 2 2 2 2 2 2 2 2 2 2 2 2 2 2 2 2 2 2 2 2 2 2 2 2 2 2 2 2 2 2 2 2 2 2 2 2
left_child=2 -2 4 -4 6 -5 7 8 -1 -9 11 12 14 15 -11 40 17 18 -16 21 -17 26 23 -23 -25 -18 29 28 -21 30 43 -32 -31 35 -33 36 -34 -20 -39 -36 -13 -42 -43 -19 -26
right_child=1 -3 3 5 -6 -7 -8 9 -10 10 -12 13 -14 -15 16 20 25 19 37 27 -22 22 -24 24 44 -27 -28 -29 -30 32 31 34 33 -35 39 -37 -38 38 -40 -41 41 42 -44 -45 -46
leaf_value=-0.089783843803082339 -1.3241696892882424 3.8198906164084168 -3.4981490205973387 1.0550144747216652 -1.4383276803459195 -1.1796008019284769 1.0519775300597152 -1.0545774526220848 1.2750036047186173 -0.63346443507354711 -0.96418944155121911 0.040055085963716631 1.8546961970445588 -1.5672998635775663 1.4305954017290254 0.70879801215241178 1.0994465058758145 0.72241772620071631 -0.38826982776323954 0.19985749997590718 -0.25472496792122173 -0.76042746312824294 -1.1664343630358325 0.56069854532971097 -0.61184572209551769 0.19940341325858046 0.56809786012596342 -0.10142653902823276 1.0017285377704181 -0.72167999096911595 -0.81604418333130657 -0.27241961382278784 0.8201424343718422 -0.66871849003806716 -0.092210720228121712 -0.21881798053210655 -0.15020329129931176 -0.074792479166706796 0.67800224296889222 0.58002253928721348 -0.92794474214315414 -0.74996583806463035 0.017762976210967753 0.069062444539297205 0.12505764208915757
leaf_weight=128 138 111 95 93 138 87 95 82 139 159 90 151 81 87 81 126 83 144 83 94 80 80 117 135 88 148 120 87 129 138 98 146 107 99 102 147 94 102 105 150 103 82 156 104 81
leaf_count=128 138 111 95 93 138 87 95 82 139 159 90 151 81 87 81 126 83 144 83 94 80 80 117 135 88 148 120 87 129 138 98 146 107 99 102 147 94 102 105 150 103 82 156 104 81
internal_value=0 0.975073 -0.0741819 -1.23354 -0.00399427 -0.0255995 0.0410931 0.0186558 0.62283 -0.0212302 0.000335689 0.0229107 0.0990946 -0.27788 0.0514247 -0.115153 0.0896821 0.051176 0.400158 -0.00626428 0.335191 -0.0791641 -0.333025 -0.0767251 0.1051 0.526141 0.00877879 0.451079 0.666121 -0.0421132 0.0929581 -0.0860128 -0.213762 -0.0556938 0.0953384 0.120118 0.367852 0.108419 0.308484 0.308639 -0.304009 -0.456037 -0.24878 0.449808 -0.259997
internal_weight=0 249 4834 275 4559 180 4421 4326 267 4059 3977 3887 3102 785 3021 698 2862 2631 371 2260 206 1950 501 384 304 231 1449 310 223 1329 744 496 585 447 398 348 201 290 207 252 492 341 238 248 169
internal_count=5083 249 4834 275 4559 180 4421 4326 267 4059 3977 3887 3102 785 3021 698 2862 2631 371 2260 206 1950 501 384 304 231 1449 310 223 1329 744 496 585 447 398 348 201 290 207 252 492 341 238 248 169
is_linear=0
shrinkage=0.05


Tree=84
num_leaves=51
num_cat=0
split_feature=2 28 50 50 11 4 46 14 46 48 42 3 37 30 2 8 33 50 30 7 19 28 50 14 46 8 49 8 48 8 35 20 48 2 8 18 44 46 30 45 41 8 28 2 14 18 18 46 18 49
split_gain=132782 284157 63262.6 59793.4 33545.8 45329 29664.8 65751.8 35944.7 24537.6 25099.6 38737.4 33958.2 19801.2 15345.3 16829 17764.6 18197.8 18232.8 27545.2 22492.2 25314.1 21660.9 28760.9 21347.8 22643.7 23662.1 27345.5 17679.4 17355.1 17934.5 20573.3 20453.9 20670.1 21638.6 15361.3 15070.1 14058.6 20503.9 13366.4 12150 11491 11401.1 10988.8 13782.3 13574.4 9771.68 9491.1 9335.12 4835.69
threshold=7.5000000000000009 64.812500000000014 6.5061518004079213 5.5247561545260107 5.5000000000000009 5.2500000000000009 -0.98801846520836312 3.5000000000000004 -0.97111920233974802 -1.6903447741613182 4.2500000000000009 152.50000000000003 78.500000000000014 40.625000000000007 752.50000000000011 3.3026086956521739 0.54164999999999719 -1.5947935216376263 135.62500000000006 0.34965034965034975 3.6909414909414915 60.437500000000007 -0.034647592122382768 4.5000000000000009 -0.46800559042974538 1.447826086956522 90.212114961209934 0.71739130434782628 -0.083829284475780155 -0.14999999999999994 3.035699999999999 1.5830036630036632 -0.63508198464959287 677.50000000000011 0.68608695652173923 92.500000000000014 12.500000000000002 0.88117331841669433 96.875000000000014 -0.022576249993022688 1.0000000180025095e-35 0.35739130434782618 68.812500000000014 722.50000000000011 1.5000000000000002 112.50000000000001 102.50000000000001 -0.39827153806311183 107.50000000000001 87.642371472380049
decision_type=2 2 2 2 2 2 2 2 2 2 2 2 2 2 2 2 2 2 2 2 2 2 2 2 2 2 2 2 2 2 2 2 2 2 2 2 2 2 2 2 2 2 2 2 2 2 2 2 2 2
left_child=1 -1 3 4 5 6 7 -2 -8 -10 11 12 13 -11 15 16 29 -18 20 28 21 -19 -21 40 25 26 27 -23 -20 -15 37 32 -32 -34 -35 -33 47 38 48 -22 -24 -26 -37 44 -43 -45 -42 -36 -31 -40
right_child=2 -3 -4 -5 -6 -7 8 -9 9 10 -12 -13 -14 14 -16 -17 17 18 19 22 39 24 23 -25 41 -27 -28 -29 -30 30 31 35 33 34 36 42 -38 -39 49 -41 46 43 -44 45 -46 -47 -48 -49 -50 -51
leaf_value=-3.4181654582304115 -0.097254791233076981 0.58633182792253391 1.2687721235712743 -1.2884426095655988 0.86890681948392623 -0.94911627874039761 -0.80113178872399871 1.6296788335361698 0.91247228046016005 0.78132519276745349 -0.58103157590339138 1.1390467724785573 1.0114457073536787 -0.74017832333888489 0.56116332285485027 -0.71772076711058619 -0.61059142683429279 0.73115733970488828 0.37775912306138448 0.83711988886634081 -0.065962998356137961 1.0666508586266461 -0.27731172179282154 -0.81842367332214594 0.19388551636351437 0.97142686800992439 -0.56041376804050647 -0.16631276109255852 1.4129127941670871 -0.46908398944545876 -0.43139004217317467 0.10049229294061662 0.97909847769406777 -0.45246866865485319 0.31367611552520502 -0.1796795533171722 0.0080945679618345274 0.19904758814842471 -1.1428792489184576 -0.95885409123757315 0.069143270701169976 -0.91014151613936467 -0.9947789561086231 -0.40703828953779664 -0.18966115352052909 0.48284354243013594 0.78603581018000845 1.0712347183076816 0.26360719563482804 -0.59916961863285023
leaf_weight=84 133 92 105 83 123 113 125 93 81 82 156 81 87 108 117 83 86 139 83 90 83 84 83 86 157 95 94 95 83 87 103 139 100 101 81 83 142 92 87 84 91 116 89 90 155 80 99 86 85 85
leaf_count=84 133 92 105 83 123 113 125 93 81 82 156 81 87 108 117 83 86 139 83 90 83 84 83 86 157 95 94 95 83 87 103 139 100 101 81 83 142 92 87 84 91 116 89 90 155 80 99 86 85 85
internal_value=0 -1.33342 0.0605488 0.033849 0.0573941 0.0354727 0.060519 0.617435 0.0307869 0.0561662 0.0388062 0.0638 0.0406475 0.0176961 0.000288429 -0.018487 -0.00141728 0.0965583 0.129093 0.352373 0.020947 0.102811 0.148101 -0.0264786 0.0117343 0.310886 0.0783211 0.414996 0.900697 -0.133073 -0.0843534 0.0404267 0.208386 0.338187 0.179865 -0.290238 0.387343 -0.348283 -0.494815 -0.518116 0.225075 -0.172571 -0.604758 -0.303176 -0.500271 0.0121043 0.444842 0.70785 -0.107567 -0.879202
internal_weight=0 176 4903 4798 4715 4592 4479 226 4253 4128 4047 3891 3810 3723 3641 3524 3441 1973 1887 615 1272 1105 449 359 966 368 273 179 166 1468 1360 924 613 510 410 311 309 436 344 167 273 598 172 441 271 170 190 167 172 172
internal_count=5079 176 4903 4798 4715 4592 4479 226 4253 4128 4047 3891 3810 3723 3641 3524 3441 1973 1887 615 1272 1105 449 359 966 368 273 179 166 1468 1360 924 613 510 410 311 309 436 344 167 273 598 172 441 271 170 190 167 172 172
is_linear=0
shrinkage=0.05


Tree=85
num_leaves=50
num_cat=0
split_feature=4 3 2 29 36 0 38 29 0 29 17 10 16 2 16 12 29 17 9 3 17 2 29 21 17 13 41 37 20 12 35 10 17 3 35 45 38 22 9 48 50 20 50 48 17 13 37 36 16
split_gain=166756 672697 169117 235233 102592 67474.6 27037.6 60071.8 75626.5 33222.5 83546.7 64608.5 28682 18985.5 18617.8 26375.8 17368.1 20239.6 20125.6 22670.7 18413.3 24834.7 16079.1 17908.9 14615.4 28203.8 24357.8 23253.6 14188.8 12879.1 11220.2 19585.6 30323.9 20828.9 17413.7 22727.8 15883.7 12616.8 12361.7 15144.4 13379.7 13043.5 12443.4 11951.6 11780 11219.6 12846.9 9111.84 7063.47
threshold=3.2500000000000004 237.50000000000003 47.500000000000007 7.9375000000000009 69.500000000000014 78.250000000000014 2.5000000000000004 7.5625000000000009 86.750000000000014 12.187500000000002 0.43614130434782611 1.3606855127386981 9.2500000000000018 762.50000000000011 19.500000000000004 5.5000000000000009 11.812500000000002 0.54858934169279006 1.0849240928099062 27.500000000000004 0.60303030303030314 627.50000000000011 13.062500000000002 0.45160970812133178 0.73508771929824568 27.500000000000004 6.5000000000000009 34.500000000000007 -2.9909090909090899 1.5357142857142849 30.625000000000004 1.0761422349668883 0.96424010217113676 62.500000000000007 76.250000000000014 -0.074117382312902977 1.0000000180025095e-35 88.250000000000014 0.49145229857413525 0.16370166752178195 -0.32645281125727615 2.0654174573055033 0.26668568321724001 -0.051472677494896452 1.0606617647058825 29.500000000000004 12.500000000000002 10.500000000000002 12.500000000000002
decision_type=2 2 2 2 2 2 2 2 2 2 2 2 2 2 2 2 2 2 2 2 2 2 2 2 2 2 2 2 2 2 2 2 2 2 2 2 2 2 2 2 2 2 2 2 2 2 2 2 2
left_child=2 5 3 -1 6 -2 9 8 -8 10 -4 12 22 14 15 16 17 -12 20 48 -19 -22 -11 -24 25 27 30 29 -7 -23 31 32 33 -26 35 -32 38 -38 -33 40 -40 43 -41 45 47 46 -42 -44 -20
right_child=1 -3 4 -5 -6 28 7 -9 -10 11 13 -13 -14 -15 -16 -17 -18 18 19 -21 21 24 23 -25 26 -27 -28 -29 -30 -31 34 36 -34 -35 -36 -37 37 -39 39 42 41 -43 44 -45 -46 -47 -48 -49 -50
leaf_value=-0.28947531617717981 1.2618362543483577 -4.8907157177148868 1.6322580292111351 3.4846955445233512 1.7339069932699205 0.080896541954558587 -2.1096971880467166 0.61326168603207698 -0.054789981376571754 0.84527932381848014 -0.5939317078694053 -1.3608615199317697 -0.63932887606153432 0.73451566746360386 -0.57861578588684404 0.87539639965347638 0.72674145904325305 0.7816048960576113 0.27518286084135374 -0.97339733921758398 -0.80374122875786969 0.31229211476336172 0.50043603893030775 -0.50830292501910168 0.23919993328011555 0.39099914026624377 0.76533462928376927 -1.0937464934891288 -0.83822697028517723 -0.57145507619323499 1.2036538229977831 -0.42951192690508216 -0.30964446668276346 1.1477472769128063 -0.15023484942548485 0.07789535207309943 0.0454952431012349 -0.73812787366391974 0.35556654326972509 -0.071280764915325021 0.48448823513661293 0.25043884902966745 -0.064912772947742101 -0.84175373884453164 0.98085834008979278 -0.52654060396256253 -0.33790386763090891 0.6616594955693057 -0.35127345522244774
leaf_weight=80 95 85 83 84 85 80 83 82 96 81 137 121 131 94 125 91 83 86 89 101 83 81 87 87 137 130 136 102 87 82 93 136 117 117 102 86 82 136 146 134 93 131 92 86 90 135 95 80 89
leaf_count=80 95 85 83 84 85 80 83 82 96 81 137 121 131 94 125 91 83 86 89 101 83 81 87 87 137 130 136 102 87 82 93 136 117 117 102 86 82 136 146 134 93 131 92 86 90 135 95 80 89
internal_value=0 -1.05367 0.0806581 1.65304 0.0234186 0.205038 -0.00965073 -0.502399 -1.01405 0.0211777 0.0734823 -0.357866 -0.0407514 0.0370702 0.0181506 0.0403981 0.0170221 -0.00158426 0.0250603 -0.379052 0.065622 0.0425527 0.268049 -0.00395592 0.0696696 -0.210247 0.119457 -0.505559 -0.400068 -0.133066 0.0770423 0.0312473 0.354585 0.660564 0.370376 0.666224 -0.0524778 -0.444509 0.0179958 0.0745891 -0.0675586 -0.182405 0.320385 -0.321315 0.520212 -0.180575 0.0693287 0.274899 -0.0382578
internal_weight=0 347 4697 164 4533 262 4448 261 179 4187 3680 507 386 3597 3503 3378 3287 3204 3067 279 2788 2702 255 174 2619 395 2224 265 167 163 2088 1807 371 254 281 179 1436 218 1218 1082 686 540 396 409 262 323 188 172 178
internal_count=5044 347 4697 164 4533 262 4448 261 179 4187 3680 507 386 3597 3503 3378 3287 3204 3067 279 2788 2702 255 174 2619 395 2224 265 167 163 2088 1807 371 254 281 179 1436 218 1218 1082 686 540 396 409 262 323 188 172 178
is_linear=0
shrinkage=0.05


Tree=86
num_leaves=49
num_cat=0
split_feature=17 2 37 11 45 10 3 40 8 48 49 8 27 43 46 37 29 35 37 19 19 48 20 20 10 28 50 29 2 8 29 48 29 13 5 29 9 17 17 27 8 50 45 5 48 8 17 33
split_gain=148661 373430 358971 59426.7 103405 56809.8 191590 16378.5 21779.4 77891.3 77082.5 29226.8 28192.6 13381 39048.7 17105.2 14166.2 18130.8 17055.9 15712 16349.5 14686.7 36834.8 14204.3 14901.7 15770.7 23858.6 24073.4 29528.3 19867.3 15472.5 17256.8 16563.6 19335 15265.1 15960.7 14184.1 14076.9 12761.8 13572.4 10719.6 28447.5 14369.3 15193.1 14223 11835 9255.66 8213.56
threshold=0.36038961038961043 7.5000000000000009 44.500000000000007 4.2500000000000009 -0.31799228562170639 0.61832221640497564 187.50000000000003 91.500000000000014 -0.099130434782608648 -0.020165161493875167 85.126937563644518 0.044850357723460722 80.187500000000014 4.2500000000000009 0.60383265664488517 73.500000000000014 5.3958250000000012 43.750000000000007 43.500000000000007 3.6909414909414915 3.2946394686907028 -0.24759597350202034 0.16005261342073487 3.5232198142414863 2.1106490820553021 63.062500000000007 1.456898558397363 6.8125000000000009 722.50000000000011 0.94648221343873529 9.2812500000000018 0.28402624511468205 10.812500000000002 20.500000000000004 1.0000000180025095e-35 9.1875000000000018 0.6860595800775261 1.0645833333333334 1.1957446808510641 76.062500000000014 0.7486956521739131 1.1092212288389691 0.67802080537253961 1.0000000180025095e-35 -0.55096387602765151 1.5208695652173916 1.3585714285714288 0.54164999999999719
decision_type=2 2 2 2 2 2 2 2 2 2 2 2 2 2 2 2 2 2 2 2 2 2 2 2 2 2 2 2 2 2 2 2 2 2 2 2 2 2 2 2 2 2 2 2 2 2 2 2
left_child=2 -2 -1 5 -5 -3 7 8 9 12 -11 -10 -7 15 -15 16 17 18 37 20 21 22 -18 24 25 34 27 28 -27 -28 31 36 -32 -34 35 -23 -29 -13 39 -21 41 -24 43 45 -44 -42 -40 -31
right_child=1 3 -4 4 -6 6 -8 -9 11 10 -12 13 -14 14 -16 -17 19 -19 -20 38 -22 23 40 -25 -26 26 29 30 -30 47 32 -33 33 -35 -36 -37 -38 -39 46 -41 42 -43 44 -45 -46 -47 -48 -49
leaf_value=-0.6379036550669327 -3.0186753536891011 1.1131127828851752 3.8611967284504964 -0.34846014797108849 1.8098608810670118 -0.32376870595002444 -2.4518118108496254 0.68543178925160753 0.90892843551688152 -0.057216752623463735 -2.0998467676890527 1.2360454032818478 0.88945644388978296 0.25619054689175552 -1.1386293342455904 0.5874340498332794 -0.90798517566302728 -0.24517045480401622 -0.016001891214581367 -0.89297045206523118 0.51463105994112357 -0.98039649990387268 0.12914285906987596 -0.50055705786931637 0.63944809629422872 -1.0616366141117537 0.90228918850189077 0.29897143431775963 0.19271796662793605 0.49971438401511742 -0.60477109979662425 -0.063890139581793445 0.76396487016736725 -0.23952645253216437 0.2797687561739059 -0.047589441698588683 1.1957524348454303 0.34634024769395266 0.38891031136952864 -0.16452285295396341 0.42223787296512355 -1.0458176459283244 0.8133007509247312 -0.5202906649961746 -0.065957053114728229 -0.27592809813526958 -0.33260053402703743 -0.17279794659427924
leaf_weight=96 102 108 81 102 120 88 80 85 90 90 94 89 103 107 93 129 144 114 102 130 152 95 128 100 122 103 159 96 85 83 105 117 80 117 83 88 82 90 85 126 145 85 105 138 81 103 91 98
leaf_count=96 102 108 81 102 120 88 80 85 90 90 94 89 103 107 93 129 144 114 102 130 152 95 128 100 122 103 159 96 85 83 105 117 80 117 83 88 82 90 85 126 145 85 105 138 81 103 91 98
internal_value=0 -0.0397813 1.43113 0.0240029 0.821084 -0.014736 -0.0421676 0.00219127 -0.0114234 -0.375011 -1.10644 0.0232684 0.331709 0.00233401 -0.394839 0.0241991 0.00340274 0.285147 0.5004 -0.0322782 0.0126503 -0.0175564 -0.175815 0.0736442 0.111901 0.0652053 0.147086 -0.00460117 -0.496489 0.496291 0.150869 0.407799 -0.100623 0.169783 -0.280348 -0.53453 0.716467 0.793117 -0.311839 -0.536473 -0.0405212 -0.342434 0.0723058 -0.101732 0.432093 0.13233 0.016085 0.136643
internal_weight=0 4912 177 4810 222 4588 4480 4400 4315 375 184 3940 191 3850 200 3650 3521 395 281 3126 2694 2542 929 1613 1513 1391 1125 785 188 340 597 295 302 197 266 183 178 179 432 256 785 213 572 386 186 248 176 181
internal_count=5089 4912 177 4810 222 4588 4480 4400 4315 375 184 3940 191 3850 200 3650 3521 395 281 3126 2694 2542 929 1613 1513 1391 1125 785 188 340 597 295 302 197 266 183 178 179 432 256 785 213 572 386 186 248 176 181
is_linear=0
shrinkage=0.05


Tree=87
num_leaves=50
num_cat=0
split_feature=10 31 2 36 11 2 21 36 21 13 17 28 30 30 8 9 0 4 8 30 30 35 50 21 10 46 29 33 28 50 34 31 34 4 35 48 8 49 29 10 2 46 22 10 48 7 8 10 28
split_gain=118611 120716 158877 375956 84004 124243 43952.7 28450 24809.2 16310.1 26083.7 20580.9 20497.7 29298.1 37343 28999.5 26069.6 24037.2 25638.3 21196.5 20608.2 20422.3 19145.2 18579 18516.8 17034.8 26175.3 22056.9 16930.3 16598 15604 14609.8 19693.5 19449.4 16324.6 13748.9 13476.4 12992.8 15699.3 22076 21182.4 12377.7 12313.4 12256.3 12160.6 11014.3 15370.5 10498.4 10383
threshold=0.49944237277667808 3.5000000000000004 12.500000000000002 10.500000000000002 5.5000000000000009 537.50000000000011 3.8624850611860215 67.500000000000014 2.3359011424068901 40.500000000000007 0.89181286549707617 47.750000000000007 173.12500000000003 108.12500000000001 -0.1226086956521739 1.1721102788584818 73.750000000000014 1.7500000000000002 0.94648221343873529 94.375000000000014 98.750000000000071 6.2500000000000009 -0.28180103284439179 0.7118675444614696 1.823323412910999 0.14888728888808328 6.6875000000000009 0.95835000000000303 73.937500000000014 2.4252477359418028 0.87500000000000011 6.5000000000000009 1.3750000000000002 1.0000000180025095e-35 6.2500000000000009 -0.075039258705475828 1.1285832689471098 89.479204164031344 12.187500000000002 1.3823354978681499 687.50000000000011 0.51849435583340198 80.250000000000014 1.4432420147015068 0.065599478580966958 0.12587412587412583 1.2628832951945081 1.1004978106279562 72.312500000000014
decision_type=2 2 2 2 2 2 2 2 2 2 2 2 2 2 2 2 2 2 2 2 2 2 2 2 2 2 2 2 2 2 2 2 2 2 2 2 2 2 2 2 2 2 2 2 2 2 2 2 2
left_child=-1 -2 3 -3 5 -4 7 8 9 11 -11 -7 13 15 -15 16 -13 18 -14 24 21 -21 30 25 29 26 -20 -27 31 37 -16 34 33 -33 -24 -35 -34 38 39 40 -18 -26 -12 -36 -40 -22 48 -42 -47
right_child=1 2 4 -5 -6 6 -8 -9 -10 10 42 12 17 14 22 -17 19 -19 23 20 45 -23 28 -25 41 27 -28 -29 -30 -31 -32 32 36 35 43 -37 -38 -39 44 -41 47 -43 -44 -45 -46 46 -48 -49 -50
leaf_value=1.9093842906922831 -1.6458124439282853 3.9757923973931208 -1.8969999000761246 -0.8478922740912731 1.2880041697946918 -0.61965259294147079 -1.1085248763253401 0.93002830305953088 -0.68548973329476459 1.0890398713675411 0.45276414758779793 0.77085760585758667 1.1142849047246732 -1.2632033133991512 -0.17081338677630584 0.84000911147430024 0.84625269617654597 -0.47408354068451591 0.11730094031283732 1.028230470614355 -0.4160123394312043 0.00027336012802006286 -0.16012010104780974 -0.25713318067343061 0.69364112114652676 0.59625967215466247 1.2673114744928622 -0.49870667762153753 0.21947636666554438 -0.94301262107896222 0.70913941987509865 0.25858118271543867 0.72077288402289885 -0.9788089791169533 -1.2133183365403597 -0.23407741312153085 -0.15497926214023641 -0.65371260378095841 -0.86507641514953315 -0.45758484383281184 -0.38834943529218435 -0.15095381702721855 -0.38133395780924334 -0.41862569718166842 -0.072479816687475773 0.79109380013064334 -0.39351684858159319 0.34189796179237936 0.025289382643642878
leaf_weight=81 109 80 89 80 118 137 90 80 133 87 87 108 94 82 98 115 112 100 94 121 113 80 128 146 93 92 104 90 157 80 102 83 81 129 117 120 94 125 97 138 95 80 88 85 96 94 81 100 83
leaf_count=81 109 80 89 80 118 137 90 80 133 87 87 108 94 82 98 115 112 100 94 121 113 80 128 146 93 92 104 90 157 80 102 83 81 129 117 120 94 125 97 138 95 80 88 85 96 94 81 100 83
internal_value=0 -0.00781831 0.029128 1.57366 -0.0235961 -0.0575288 -0.0208082 0.00159064 -0.0157377 0.00559875 0.386844 -0.019819 0.00192384 -0.0541228 -0.237536 0.0751671 0.0228413 0.241966 0.358035 -0.0284844 0.214748 0.62112 -0.166099 0.22103 -0.165499 0.404937 0.72468 0.0550265 -0.255898 -0.262189 0.279258 -0.345222 -0.176117 -0.401945 -0.603713 -0.622274 0.252161 -0.189664 -0.0978648 0.0656332 0.301548 0.304454 0.0335484 -0.882627 -0.473237 -0.00649347 0.173783 -0.0140299 0.434147
internal_weight=0 4985 4876 160 4716 4598 4509 4419 4339 4206 262 3944 3807 3087 1276 1811 1696 720 620 1588 572 201 1194 526 1016 380 198 182 994 843 200 837 507 332 330 249 175 763 638 445 307 173 175 202 193 371 258 195 177
internal_count=5066 4985 4876 160 4716 4598 4509 4419 4339 4206 262 3944 3807 3087 1276 1811 1696 720 620 1588 572 201 1194 526 1016 380 198 182 994 843 200 837 507 332 330 249 175 763 638 445 307 173 175 202 193 371 258 195 177
is_linear=0
shrinkage=0.05


Tree=88
num_leaves=50
num_cat=0
split_feature=2 28 42 3 36 27 19 6 37 3 8 17 14 2 49 28 9 48 35 12 9 21 8 17 10 34 42 20 21 14 10 14 18 36 7 15 39 9 48 46 34 48 19 36 20 9 13 9 48
split_gain=188086 444122 115134 71339.2 38621.3 23864.5 20252.9 20310.9 41433.1 45458.1 25643.2 28340.6 73688 61345.1 37607.7 26260.5 21134.9 20353.3 32233.2 21019.9 16904.5 45543.6 16702.4 22595.7 30594.8 35084.3 24298.2 17569.3 16624.4 18084.2 16570 32207.1 16308.9 15462.4 13943.6 13285.9 18807.9 19692.9 15793.8 22684.9 12743.7 10635.8 11074.3 9416.5 19857.9 12514.5 9219.17 8646.04 6201.58
threshold=1.0000000180025095e-35 65.937500000000014 7.2500000000000009 202.50000000000003 71.500000000000014 87.187500000000014 -0.80139372822299648 2.2285714285714291 66.500000000000014 82.500000000000014 0.48776455074905689 0.81649831649831661 4.5000000000000009 647.50000000000011 85.410707250183137 66.687500000000014 0.61862036604191917 -0.032899740843847426 12.708349999999998 1.0136986301369861 1.3488580127445426 2.1622997574084484 1.8848150292363808 0.96424010217113676 1.2161627261058701 0.87500000000000011 2.2500000000000004 2.1474989205168238 1.4264005602240888 1.5000000000000002 1.3080648894029836 5.5000000000000009 117.50000000000001 21.500000000000004 0.39860139860139882 79.250000000000014 1.0000000180025095e-35 0.76148270704399923 0.14368335022506032 0.097680735332368748 1.1250000000000002 -0.2846374009392153 2.9721737086442972 26.500000000000004 1.5588989441930619 0.86455005809202556 27.500000000000004 0.89874077650113293 -0.38654302119521644
decision_type=2 2 2 2 2 2 2 2 2 2 2 2 2 2 2 2 2 2 2 2 2 2 2 2 2 2 2 2 2 2 2 2 2 2 2 2 2 2 2 2 2 2 2 2 2 2 2 2 2
left_child=1 -1 3 4 5 6 -2 8 10 -10 11 12 14 -13 15 -8 -9 22 35 -20 21 28 23 24 26 48 34 -24 29 43 31 -15 -21 40 -12 36 37 38 -19 -40 -25 -31 46 44 -18 -46 -43 -39 -26
right_child=2 -3 -4 -5 -6 -7 7 16 9 -11 17 13 -14 30 -16 -17 20 18 19 32 -22 -23 27 33 25 -27 -28 -29 -30 41 -32 -33 -34 -35 -36 -37 -38 47 39 -41 -42 42 -44 -45 45 -47 -48 -49 -50
leaf_value=-4.0657713996039497 0.7237612930701135 1.0438341629357986 1.779092676256613 -1.2329727036911144 1.0705095491626047 0.84312017912373838 -0.17554562342019731 0.69369228729017229 -0.20957914015618029 -1.6864606717486443 0.43670797827927504 -1.2487212913280183 1.4795353893560308 -0.080706287105128449 -0.79672573420045145 1.0883424122596073 -0.49714063302029016 -0.54404503890228539 -0.1061925675227957 0.3443372982198542 0.64565193642348317 -1.1064663846400522 -1.0494750415205956 0.14091107171681738 0.17433647843728584 0.9398964205810002 -1.045932434599721 -0.17467708907745505 0.61787282964826507 -0.53286155930867318 -0.3356583984269772 1.2037407212941857 1.2475951125013067 -1.0428743798513802 -0.38202584161242448 -0.65678594892270104 0.50386551413990444 -0.97323715529222599 0.83985153945783775 -0.13282760562316981 -0.65492076300439384 0.15787982771913689 0.42296140675122545 0.6939988999009723 0.84462129631069272 -0.014149239950063753 -0.54809627305893671 -0.26209734212393049 -0.43362704578567951
leaf_weight=89 93 80 92 113 87 84 80 156 147 80 84 87 130 105 90 83 85 87 105 109 115 83 124 96 82 139 88 107 136 151 80 90 93 97 133 106 121 86 95 159 104 82 95 100 88 81 104 86 84
leaf_count=89 93 80 92 113 87 84 80 156 147 80 84 87 130 105 90 83 85 87 105 109 115 83 124 96 82 139 88 107 136 151 80 90 93 97 133 106 121 86 95 159 104 82 95 100 88 81 104 86 84
internal_value=0 -1.65511 0.0365968 0.00290556 0.0328943 0.0130845 -0.00250331 -0.0178994 -0.0859376 -0.73518 -0.0354042 0.217732 0.516976 -0.0994222 0.0185021 0.470741 0.150372 -0.121774 0.0373219 0.46719 0.0741437 0.00817049 -0.268052 -0.170994 0.00333528 0.356853 -0.350194 -0.646765 0.109602 0.0209836 0.267381 0.515232 0.764291 -0.527852 -0.0645472 -0.141405 -0.0543388 -0.186725 0.033618 0.232837 -0.274121 -0.195928 -0.0136234 0.285495 0.122576 0.435359 -0.23768 -0.621238 -0.134062
internal_weight=0 169 4902 4810 4697 4610 4526 4433 3157 227 2930 745 383 362 253 163 1276 2185 1047 307 1120 1005 1138 907 610 305 305 231 922 786 275 195 202 297 217 740 634 513 341 254 200 432 281 354 254 169 186 172 166
internal_count=5071 169 4902 4810 4697 4610 4526 4433 3157 227 2930 745 383 362 253 163 1276 2185 1047 307 1120 1005 1138 907 610 305 305 231 922 786 275 195 202 297 217 740 634 513 341 254 200 432 281 354 254 169 186 172 166
is_linear=0
shrinkage=0.05


Tree=89
num_leaves=48
num_cat=0
split_feature=2 29 50 39 50 37 10 14 14 6 2 2 0 19 19 20 34 14 10 30 0 34 10 16 6 50 29 30 42 29 40 7 50 22 30 9 18 8 41 10 9 13 2 35 13 33 13
split_gain=517130 309384 94067.7 35229.2 63380.2 155668 44423.2 43403.9 34568.6 47201.4 135330 31124.7 30594.9 22621.2 38555.8 21124.6 17581.4 16955.8 23892.8 21585.3 24308.7 18163 18393.2 22779 18289.8 18570 16708.1 14559.3 13275.8 13800.2 18289.2 15102.7 24741 12682.3 11438 16060.1 20594.7 15221.2 13286.4 13129 9414.06 18187.5 21832.3 10295.9 7538.06 7365.49 5278.62
threshold=7.5000000000000009 8.4375000000000018 7.2437188972105355 4.5000000000000009 4.1231374149196407 46.500000000000007 1.5951072541767612 14.500000000000002 9.5000000000000018 1.5701725633984358e-16 692.50000000000011 612.50000000000011 81.250000000000014 0.63043146112199822 0.78234712857475019 4.1990712074303413 0.87500000000000011 2.5000000000000004 0.84801875124854165 170.62500000000003 81.250000000000014 0.87500000000000011 0.9193963476858541 17.500000000000004 2.2285714285714291 0.35539443979473623 5.3958250000000012 67.812500000000014 -0.74999999999999989 6.5312500000000009 28.500000000000004 0.16783216783216801 0.54821625567044674 80.750000000000014 150.62500000000003 1.1486548192230464 107.50000000000001 0.12782608695652178 1.5000000000000002 1.5314345969429468 0.47155178869693098 27.500000000000004 702.50000000000011 11.250000000000002 26.500000000000004 0.54164999999999719 24.500000000000004
decision_type=2 2 2 2 2 2 2 2 2 2 2 2 2 2 2 2 2 2 2 2 2 2 2 2 2 2 2 2 2 2 2 2 2 2 2 2 2 2 2 2 2 2 2 2 2 2 2
left_child=1 -1 3 4 7 6 -6 8 11 12 -11 -2 -10 16 -15 17 46 21 -19 27 -21 24 -23 26 40 -26 -24 -20 -28 -30 31 -31 -33 -34 35 36 37 -29 45 44 -16 42 -42 -44 -39 -38 -13
right_child=2 -3 -4 -5 5 -7 -8 -9 9 10 -12 13 -14 14 15 -17 -18 18 19 20 -22 22 23 -25 25 -27 28 34 29 30 -32 32 33 -35 -36 -37 38 39 -40 -41 41 -43 43 -45 -46 -47 -48
leaf_value=-4.6318910042444861 -0.84618875028794283 -0.44391346667186327 1.6873354431460887 -0.76931404217760624 -0.9206462070575836 2.5328435505372151 0.61645893547018726 -0.90287141515348202 -0.63437007191712447 2.5292718839077724 -0.061167049419692192 -0.32317116892481423 0.59273710290154258 1.0946432141295399 0.23811441231518984 -0.76980841069720518 -0.78475537885310542 0.6114734856868691 0.26269300523011585 -0.3950858819891106 0.65622752600533218 -0.26218168421150889 0.97078573254539691 -0.44788740732404125 -0.15106140543130184 0.76413375196062916 -0.23257717001049416 -1.191596405979465 -0.032152159522919763 -0.25499219847498117 1.0348564897121777 1.2428136931126377 0.65753156913533095 -0.17081031337814423 -0.86422499808604314 0.35221175870725085 -0.12050862570603689 0.12271281575323434 -0.41813845664262772 -0.93202424030150144 -1.0237304696087111 0.22850206369577453 -0.4579360813284532 0.1848288274728335 -0.46858168697749925 0.50081804654396633 0.24424416583985736
leaf_weight=95 113 82 84 140 80 85 111 132 114 83 126 82 90 82 103 85 157 105 114 87 146 145 118 82 104 117 91 84 136 80 133 82 83 102 91 90 89 92 149 92 117 128 155 103 128 101 80
leaf_count=95 113 82 84 140 80 85 111 132 114 83 126 82 90 82 103 85 157 105 114 87 146 145 118 82 104 117 91 84 136 80 133 82 83 102 91 90 89 92 149 92 117 128 155 103 128 101 80
internal_value=0 -2.70509 0.0385097 0.00935236 0.0328705 0.76641 -0.0287966 -0.0134008 0.0143722 0.448496 0.974717 -0.0323502 -0.0927487 -0.00749488 0.0301742 0.00365722 -0.409471 0.0241358 -0.109726 -0.17012 0.263666 0.1216 0.259333 0.342903 -0.0537066 0.334713 0.42195 -0.268409 0.329106 0.412325 0.538065 0.345225 0.525346 0.202361 -0.334721 -0.27534 -0.352557 -0.596974 -0.0661268 -0.433588 -0.195676 -0.2848 -0.460149 -0.201606 -0.221877 0.210668 -0.0431867
internal_weight=0 177 4891 4807 4667 276 191 4391 4259 413 209 3846 204 3733 3414 3332 319 3247 1368 1263 233 1879 1052 907 827 221 825 1030 707 616 480 347 267 185 916 825 735 396 339 312 606 503 375 258 220 190 162
internal_count=5068 177 4891 4807 4667 276 191 4391 4259 413 209 3846 204 3733 3414 3332 319 3247 1368 1263 233 1879 1052 907 827 221 825 1030 707 616 480 347 267 185 916 825 735 396 339 312 606 503 375 258 220 190 162
is_linear=0
shrinkage=0.05


Tree=90
num_leaves=49
num_cat=0
split_feature=3 46 9 17 3 9 8 50 3 6 2 3 35 29 28 8 29 29 50 29 16 38 17 29 49 28 28 18 6 45 15 8 28 48 21 21 21 18 10 9 48 50 48 8 40 33 45 7
split_gain=324599 304716 39242.3 87566.9 74124.8 24980.9 30487.1 21396.6 36757.7 18265.6 19802.1 20621.4 17222.8 39902.9 29137 19431.6 16851.9 14860.4 12516.1 11717.8 23001.3 13203.1 20226.1 14610.8 13711.6 15356.8 17228.8 9608.29 9557.77 16741.5 13873.6 19215.6 33303.5 25369.6 14981.9 16756.3 17378.6 14916.9 13246.8 11959.7 11840.3 11579.6 11289.2 8856.59 8196.62 7885.64 6500.07 5107.41
threshold=727.50000000000011 0.50370931781787065 0.38184639055776953 0.4188596491228071 102.50000000000001 1.6158704254834935 -0.926086956521739 -2.3542440574387409 157.50000000000003 -4.6285714285714272 627.50000000000011 107.50000000000001 23.125000000000004 6.8125000000000009 66.437500000000014 -0.14999999999999994 6.1666750000000006 5.0312500000000009 4.2823454033010231 5.3958250000000012 12.500000000000002 1.5000000000000002 0.91287878787878796 5.8125000000000009 75.529175346334938 56.812500000000007 59.562500000000007 112.50000000000001 -1.1999999999999993 0.039769539193789977 81.250000000000014 0.6547826086956523 66.312500000000014 -0.21411851524452893 -0.26542627160448967 0.70080783193230911 1.0036693759470554 102.50000000000001 1.1894273486010167 0.74119186184500963 -0.23369306784492064 0.25503629455350568 -0.26239710014715334 1.447826086956522 20.500000000000004 0.95835000000000303 -0.048361574224334618 1.1538461538461544
decision_type=2 2 2 2 2 2 2 2 2 2 2 2 2 2 2 2 2 2 2 2 2 2 2 2 2 2 2 2 2 2 2 2 2 2 2 2 2 2 2 2 2 2 2 2 2 2 2 2
left_child=2 -2 4 -4 -1 6 -5 -8 9 -9 -11 12 15 16 -15 -12 17 -14 19 20 -17 23 -23 -21 27 -26 -27 -25 29 40 31 32 -30 -34 38 41 -37 44 -33 -31 -28 -36 -40 -44 -38 -19 -39 -43
right_child=1 -3 3 5 -6 -7 7 8 -10 10 11 -13 13 14 -16 18 -18 45 -20 21 -22 22 -24 24 25 26 28 -29 30 39 -32 34 33 -35 35 36 37 46 42 -41 -42 47 43 -45 -46 -47 -48 -49
leaf_value=-0.0035467195143173268 -0.39357219854990644 -4.3305404299781438 -1.3053523379843683 -0.69946335873856458 1.8595168533848554 0.64053588873072043 -0.66435908266089183 0.65170671668675573 1.0249594721742856 -0.62571175739657692 -0.71344130359944846 0.79149228828794815 -0.22222155397958893 0.23042190558299788 1.5628397173115187 0.92293601275719317 -0.530791698462729 0.10690543741308234 -0.60172463845047686 -0.71895623585072965 -0.11162740750746294 0.84242892965529725 -0.20442570380511738 0.016067496014804377 -0.6378639449675878 0.57015923619817155 -0.13874256610870361 0.78405106387487278 -0.35480782003141942 -0.38047114350329875 0.60805957353258711 -0.95506522269437033 0.14265630439333959 1.2552127264288009 -0.17849190450477892 -0.63291510625785552 0.043670236575667577 0.67066381583671753 -0.60776093939263653 0.42310342048153732 -0.91923479772195593 0.81824904860452163 -0.37082450955184465 0.27917033567240368 -0.6130249387223502 0.73554922284050428 0.044297080399358979 0.27175932796567343
leaf_weight=153 119 83 127 150 81 156 109 110 92 121 104 84 138 81 83 96 111 92 89 81 120 102 83 81 113 108 81 81 127 86 82 82 108 97 81 150 92 81 133 98 122 85 96 113 97 109 84 88
leaf_count=153 119 83 127 150 81 156 109 110 92 121 104 84 138 81 83 96 111 92 89 81 120 102 83 81 113 108 81 81 127 86 82 82 108 97 81 150 92 81 133 98 122 85 96 113 97 109 84 88
internal_value=0 -2.0246 0.0162918 -0.0158736 0.646528 0.0209886 -0.00152176 0.0237397 0.0423631 0.0193403 0.00115533 0.0216036 0.00369823 0.245022 0.91014 -0.0450912 0.00114225 0.176364 -0.02119 -0.00284345 0.350313 -0.0319479 0.374185 -0.062793 -0.040035 -0.0727313 -0.0419006 0.402514 -0.0755058 -0.298084 -0.0213819 -0.0558521 0.279715 0.672623 -0.150263 -0.0170039 -0.183813 0.00773119 -0.387894 0.0474932 -0.610014 0.31341 -0.249518 -0.019736 -0.294816 0.449765 0.353974 0.543425
internal_weight=0 202 4838 4604 234 4477 4321 4171 4062 3970 3860 3739 3655 614 164 3041 450 339 2937 2848 216 2632 185 2447 2366 2204 2091 162 1983 387 1596 1514 332 205 1182 758 504 354 424 184 203 254 342 209 189 201 165 173
internal_count=5040 202 4838 4604 234 4477 4321 4171 4062 3970 3860 3739 3655 614 164 3041 450 339 2937 2848 216 2632 185 2447 2366 2204 2091 162 1983 387 1596 1514 332 205 1182 758 504 354 424 184 203 254 342 209 189 201 165 173
is_linear=0
shrinkage=0.05


Tree=91
num_leaves=53
num_cat=0
split_feature=38 2 14 3 36 38 20 3 2 7 3 6 35 35 18 37 36 29 14 7 46 49 9 2 21 7 35 7 41 29 3 17 46 13 21 46 21 41 31 8 18 40 34 8 29 29 17 12 21 17 46 19
split_gain=178073 236383 907462 249516 69094.9 23895.7 30459.2 24251.7 53937.1 68732.5 36941 23117.2 23042.8 26010.3 18340.8 15008 13306.6 14588 13095.2 22810.1 11623 21824.6 16712.9 25799.4 16860.9 11062.4 17207.1 14032.8 10549.2 10140.6 9610.32 9061.28 14458.7 12191.9 15112.7 16536.7 17736.2 17674.7 11798.2 15442.4 10233.3 9824.28 11282.1 7044.15 9951.67 17988 11152.9 9849.31 12677 5783.87 2349.75 1860.83
threshold=4.5000000000000009 42.500000000000007 2.5000000000000004 222.50000000000003 67.500000000000014 2.5000000000000004 0.053137254901960779 157.50000000000003 627.50000000000011 0.42407592407592426 112.50000000000001 -5.3142857142857123 53.750000000000007 73.750000000000014 107.50000000000001 70.500000000000014 38.500000000000007 5.3958250000000012 4.5000000000000009 1.363636363636364 -0.091258822863740666 82.330128059783988 1.1102328050700525 667.50000000000011 -1.5143449167791301 0.62937062937062982 6.2500000000000009 1.4055944055944061 6.5000000000000009 6.0625000000000009 92.500000000000014 0.81649831649831661 0.2332836900311728 16.500000000000004 1.3878529591747653 0.16587474750015932 0.23321292168665766 1.5000000000000002 7.5000000000000009 1.174053295932679 92.500000000000014 1.0000000180025095e-35 1.1250000000000002 1.8756521739130434 8.1875000000000018 6.9375000000000009 0.87228260869565222 1.4166666666666645 0.42704046196693218 0.90615835777126108 -0.58481178939031186 3.6494769598217878
decision_type=2 2 2 2 2 2 2 2 2 2 2 2 2 2 2 2 2 2 2 2 2 2 2 2 2 2 2 2 2 2 2 2 2 2 2 2 2 2 2 2 2 2 2 2 2 2 2 2 2 2 2 2
left_child=1 2 -1 4 5 7 -7 8 9 -3 11 -10 15 -14 -8 16 17 18 19 -13 21 -19 23 -23 -25 26 -18 -27 30 -15 31 32 -22 -33 35 -35 41 -38 39 40 -34 51 -43 44 45 -26 47 -46 -49 -29 -48 -37
right_child=-2 3 -4 -5 -6 6 14 -9 10 -11 -12 12 13 29 -16 -17 25 20 -20 -21 28 22 -24 24 43 27 -28 49 -30 -31 -32 33 38 34 -36 36 37 -39 -40 -41 -42 42 -44 -45 46 -47 50 48 -50 -51 -52 -53
leaf_value=-2.1282139743667052 -2.0368770332268951 -1.8928956745635894 4.8871757397284874 -2.7854245817219772 1.3855974696742166 -1.2365175123919141 -0.59771038711417557 0.83121695190333256 0.67758168708237398 0.11106439867818899 1.0355033531453874 1.1715490692152697 1.1374065835573031 -0.32091682486054379 0.4442942230457283 0.54272413546184328 -0.047609951874104946 0.83123292852850528 -0.17117548146879819 -0.0010007798671722412 -0.978178065980988 -0.85513401678813405 0.59038426266350885 0.66861382126808167 -0.18098233459573804 0.41793357806130393 -1.0066761682430903 -0.66888482145229244 0.37552637588846816 0.447848780333168 0.26393149653367237 -0.62226616453500128 -0.23462551179386321 0.59707172777292861 -0.67358603820374074 0.17596975726845823 0.63305367540430146 -0.26928943336664973 -0.78988658389667188 -0.58018788422603129 0.51612620058685843 -0.1125745553711448 -0.83972367068468512 -0.36074361122207138 -0.32108582579355055 0.618614449968796 -0.26845863937963677 -0.13120073002170435 0.72609287973712477 -0.089832799960958207 -0.65621773604257605 -0.16295112487802535
leaf_weight=82 105 83 103 80 89 87 85 88 125 87 89 84 88 81 82 105 81 84 82 81 86 92 108 89 131 86 110 80 90 89 112 107 83 105 87 80 134 90 81 108 98 98 117 150 105 150 80 87 84 93 80 80
leaf_count=82 105 83 103 80 89 87 85 88 125 87 89 84 88 81 82 105 81 84 82 81 86 92 108 89 131 86 110 80 90 89 112 107 83 105 87 80 134 90 81 108 98 98 117 150 105 150 80 87 84 93 80 80
internal_value=0 0.0343575 1.78293 -0.0340912 0.0136168 -0.0133288 -0.483687 0.0143807 -0.00276446 -0.872688 0.0337768 0.0111276 -0.0106469 0.444866 -0.0864683 -0.0434247 -0.0611947 -0.023622 0.34392 0.599395 -0.0562022 0.0579707 0.00111222 -0.0601192 0.0172021 -0.314654 -0.602318 -0.101014 -0.147167 0.0818199 -0.17949 -0.216337 -0.397647 -0.123928 -0.0558167 0.0213741 -0.0803681 0.27092 -0.26044 -0.109836 0.172461 -0.290366 -0.510335 -0.0503604 0.0149853 0.246529 -0.134466 0.0582568 0.291699 -0.359908 -0.46521 0.00654975
internal_weight=0 4936 185 4751 4671 4582 254 4328 4240 170 4070 3981 3856 258 167 3598 3493 3043 247 165 2796 1240 1156 1048 956 450 191 259 1556 170 1466 1354 456 898 791 704 599 224 370 289 181 375 215 867 717 281 436 276 171 173 160 160
internal_count=5041 4936 185 4751 4671 4582 254 4328 4240 170 4070 3981 3856 258 167 3598 3493 3043 247 165 2796 1240 1156 1048 956 450 191 259 1556 170 1466 1354 456 898 791 704 599 224 370 289 181 375 215 867 717 281 436 276 171 173 160 160
is_linear=0
shrinkage=0.05


Tree=92
num_leaves=47
num_cat=0
split_feature=38 10 17 4 3 3 36 41 0 29 12 23 6 38 7 2 3 36 37 30 13 18 19 10 19 28 30 37 7 0 29 6 19 15 13 29 36 37 48 27 15 15 34 50 31 45
split_gain=153460 87665 93963.7 75007.8 234726 67373.7 54882.5 21802.7 32018 21221 16234.5 28307.4 21190.9 17566.1 31746.6 29859.2 17127.5 16803.9 28298.5 15881.5 18320.3 13863.9 13565.9 19004.7 18979.6 29838.4 18773.8 15911.4 24156.4 15892.3 20183.2 15673.6 23245.7 19211.3 22945.3 15309.5 14764.1 13540.8 13462.8 12633.5 28323.7 17036.8 15350.6 10391.1 13519 6037.63
threshold=4.5000000000000009 0.49944237277667808 0.26969696969696971 7.2500000000000009 737.50000000000011 192.50000000000003 67.500000000000014 6.5000000000000009 84.250000000000014 4.4062500000000009 1.5357142857142849 75.250000000000014 -1.8857142857142846 1.0000000180025095e-35 -1.8251748251748245 652.50000000000011 122.50000000000001 49.500000000000007 62.500000000000007 64.375000000000014 31.500000000000004 117.50000000000001 1.5104571104571107 0.858602916985859 2.118684048448038 63.687500000000007 131.87500000000003 12.500000000000002 1.6153846153846156 85.250000000000014 7.1875000000000009 0.34285714285714314 0.9742011667766215 74.500000000000014 25.500000000000004 6.0625000000000009 12.500000000000002 59.500000000000007 0.1561962173013059 85.687500000000014 77.250000000000014 75.500000000000014 2.1250000000000004 1.6806717173053018 7.5000000000000009 0.24372619187392155
decision_type=2 2 2 2 2 2 2 2 2 2 2 2 2 2 2 2 2 2 2 2 2 2 2 2 2 2 2 2 2 2 2 2 2 2 2 2 2 2 2 2 2 2 2 2 2 2
left_child=1 -1 -3 4 5 6 7 9 21 -4 12 -12 -11 14 -13 -15 22 38 -19 -14 37 -9 26 -24 25 -25 31 35 36 -27 -31 32 -16 -33 -35 -26 -29 39 -17 40 41 42 45 44 -37 -21
right_child=-2 2 3 -5 -6 -7 -8 8 -10 10 11 13 19 15 16 17 -18 18 -20 20 -22 -23 23 24 27 29 -28 28 -30 30 -32 33 -34 34 -36 43 -38 -39 -40 -41 -42 -43 -44 -45 -46 -47
leaf_value=1.6576112673606405 -1.9144747593341611 -1.5497178395589195 0.60751035578716972 -1.3389968790570084 2.6166742240840737 -1.242200240180606 1.2900007380995639 -0.46829568482026823 1.0822311736189802 -0.57460810778041682 -0.74991457424580288 0.72301353586131134 0.75064748204671428 -1.1306728287057561 0.66782238963647056 -0.74144196824127473 0.5925561720929523 0.71583484560251243 -0.31407904021299571 0.0090052790870821034 0.80731643275933329 0.45397191036630558 -0.68432063065807935 -0.49154325372528762 0.73877527973199475 1.0050293751366315 -0.84376612079462832 -0.55673881471157072 -0.97922200395329162 -0.25431604366941551 0.69495931039179182 -0.83924121907307903 -0.2654511524854522 -0.70433241837635274 0.38086388689776263 0.20124138874827691 0.26355698256642673 0.6473863134071941 0.0064668490302444695 0.53653856397702782 -0.76690576807595789 0.72257768480354045 0.40828551706085858 0.41935709775775998 -0.57725121984416139 -0.47858299053727821
leaf_weight=80 103 95 132 97 87 104 85 81 114 95 155 144 116 90 118 150 100 115 156 107 88 80 87 86 82 121 111 88 100 96 132 130 151 81 119 105 142 83 100 86 127 82 116 92 117 155
leaf_count=80 103 95 132 97 87 104 85 81 114 95 155 144 116 90 118 150 100 115 156 107 88 80 87 86 82 121 111 88 100 96 132 130 151 81 119 105 142 83 100 86 127 82 116 92 117 155
internal_value=0 0.0261421 -0.000837932 0.030114 0.0586126 0.00987495 0.0389843 0.0146949 0.445029 -0.0138871 -0.0344219 -0.0943013 0.133965 -0.0579225 0.00793256 -0.294885 -0.0424291 -0.148617 0.123994 0.204609 0.128762 -0.0100526 -0.0751453 0.0241489 0.0777816 0.338556 -0.249468 -0.0787181 -0.33463 0.543927 0.295899 -0.138117 0.144897 -0.368556 -0.0599582 0.134848 -0.0513468 0.0488142 -0.443445 -0.0258577 -0.109025 0.0738763 -0.0683825 -0.0247106 -0.209794 -0.280176
internal_weight=0 4978 4898 4803 4706 4619 4515 4430 275 4155 4023 2968 1055 2813 2202 611 2058 521 271 960 844 161 1958 1248 1161 435 710 726 330 349 228 599 269 330 200 396 230 756 250 673 587 460 378 314 222 262
internal_count=5081 4978 4898 4803 4706 4619 4515 4430 275 4155 4023 2968 1055 2813 2202 611 2058 521 271 960 844 161 1958 1248 1161 435 710 726 330 349 228 599 269 330 200 396 230 756 250 673 587 460 378 314 222 262
is_linear=0
shrinkage=0.05


Tree=93
num_leaves=49
num_cat=0
split_feature=42 17 4 2 9 46 36 50 16 33 22 28 36 37 48 13 46 29 19 37 49 28 37 37 48 10 33 30 45 50 28 46 49 6 50 0 19 48 6 28 28 42 37 45 37 30 10 49
split_gain=263591 248092 95529.4 562291 271170 63039.4 51709.8 25715.3 19868.5 16569.2 20452.6 32315.1 18523.5 18241.2 20475 15466.2 18847.8 14858.4 20410.9 25588.7 19859.5 18324.7 16016.6 16204.1 16350.6 16194.6 17384.2 25118.9 14983.5 13490 13728.5 13277.9 12538.8 13431.8 14677.6 12343.2 22823 11849.1 11660.2 13913.2 10273.1 10575.8 15707.7 13832.2 9685.5 9974.93 6853.58 4820.41
threshold=8.2500000000000018 0.31174089068825916 3.7500000000000004 512.50000000000011 0.7523853220844654 -0.62587551141915865 69.500000000000014 5.7110262175676292 6.2500000000000009 0.31250000000000006 90.750000000000014 72.562500000000014 33.500000000000007 30.500000000000004 0.065599478580966958 31.500000000000004 -0.21862536810265826 8.3125000000000018 1.7724652587810488 49.500000000000007 91.632390213427854 58.812500000000007 66.500000000000014 63.500000000000007 -1.1746120741229429 1.605714028221924 1.8750000000000002 181.56250000000003 -0.52032787705993211 2.3601311577638744 73.281250000000014 0.64414586362404946 80.597442594506177 -1.1999999999999993 0.75139034510421976 87.750000000000014 2.2957252466203872 0.020704447397010085 1.5701725633984358e-16 61.937500000000007 70.812500000000014 1.0000000180025095e-35 13.500000000000002 0.78325454425165997 38.500000000000007 106.87500000000001 1.2161627261058701 85.563320602748263
decision_type=2 2 2 2 2 2 2 2 2 2 2 2 2 2 2 2 2 2 2 2 2 2 2 2 2 2 2 2 2 2 2 2 2 2 2 2 2 2 2 2 2 2 2 2 2 2 2 2
left_child=1 -1 3 -3 -4 -6 7 8 -5 10 11 13 -13 15 -15 16 -10 20 19 40 22 -20 23 24 -11 26 27 29 -22 30 44 -18 -23 -34 47 36 -27 -17 -38 -40 41 -19 43 -43 45 -26 -42 -35
right_child=-2 2 4 6 5 -7 -8 -9 9 17 -12 12 -14 14 -16 37 31 18 21 -21 28 32 -24 -25 25 35 -28 -29 -30 -31 -32 -33 33 34 -36 -37 38 -39 39 -41 46 42 -44 -45 -46 -47 -48 -49
leaf_value=-2.7234997696992829 2.3658705405459917 4.2349408838484024 -3.0751354985910915 -0.54779637258448832 1.0751239212996822 -0.66229705366297309 1.2535231062024832 -0.83768038854680293 0.73905360519886021 0.74557826048079523 -0.64680373873444474 1.0646411884090174 0.049364028184601436 -1.0725508236062105 -0.0084744045027980094 -0.84586591897975838 -0.43777155756481057 -0.19374331625257718 0.2662760927660825 0.85897204972602226 1.1978813362408836 -0.90596943285730147 -0.42408264119896977 0.84934701221910403 0.32294797773957251 0.99004033409357073 -0.72784673992631044 0.82910364140482518 0.23829772806749114 -0.69070459819502306 0.48740285213014722 0.26026169588776676 -0.80606305406883705 0.50717035929361987 -0.44318217158411877 -0.1656952584826428 0.66110742355647845 -0.055116308683698823 0.29463236257308884 -0.50702381610870362 -0.53250010609626774 -0.31154511018232867 0.83077075430550262 0.49084452311197913 -0.62212407243687939 -0.29914315983765105 0.063157316500490362 -0.039559924234578638
leaf_weight=81 120 80 91 145 101 106 84 87 99 105 158 91 88 103 80 83 126 140 145 110 82 89 113 87 124 124 85 84 81 80 112 146 85 80 157 114 94 109 148 84 107 109 103 104 81 132 87 80
leaf_count=81 120 80 91 145 101 106 84 87 99 105 158 91 88 103 80 83 126 140 145 110 82 89 113 87 124 124 85 84 81 80 112 146 85 80 157 114 94 109 148 84 107 109 103 104 81 132 87 80
internal_value=0 0.00402315 0.0496294 0.10584 -0.81644 0.186523 0.0319195 0.00853632 0.0256336 0.0455137 -0.122954 -0.0328726 0.568558 -0.177752 -0.609955 -0.0364338 0.152061 0.1039 -0.0174545 0.157352 0.201778 -0.226262 0.146884 0.191518 0.149062 0.0988798 -0.062122 0.031224 0.725394 -0.0967967 0.0103218 -0.0635111 -0.371961 -0.251781 -0.101089 0.297891 0.41544 -0.399562 0.194521 0.0034472 0.0374791 0.16707 0.327031 0.0806949 -0.149206 0.00226637 -0.266421 0.235257
internal_weight=0 4984 4903 4605 298 207 4525 4441 4354 4209 1083 925 179 746 183 563 371 3126 1396 760 1730 636 1567 1454 1367 1262 698 613 163 529 449 272 491 402 317 564 450 192 326 232 650 456 316 213 337 256 194 160
internal_count=5104 4984 4903 4605 298 207 4525 4441 4354 4209 1083 925 179 746 183 563 371 3126 1396 760 1730 636 1567 1454 1367 1262 698 613 163 529 449 272 491 402 317 564 450 192 326 232 650 456 316 213 337 256 194 160
is_linear=0
shrinkage=0.05


Tree=94
num_leaves=49
num_cat=0
split_feature=50 4 1 17 3 37 36 46 36 3 0 17 33 12 1 47 18 22 29 30 17 3 13 3 46 33 44 17 36 17 30 10 36 12 34 0 34 5 3 17 41 21 14 17 21 29 46 50
split_gain=137587 427833 345971 727972 225069 171194 40956.9 22368.1 29961.9 39572.2 25791.9 22602.7 26987 19538.1 18547.4 18139.8 16149.1 16553.6 14561.2 17574.2 15750.5 14386.8 13883 46474 13857.3 12883 18534.5 17768.4 25051.3 20703.9 18446.9 15885.1 15742.2 33673.4 18168 17933.7 15183.6 14533.9 14442.3 14048.2 13917 12509.6 12180.3 9889.34 20449.5 25875.9 5394.85 1630.95
threshold=4.1231374149196407 1.7500000000000002 79.500000000000014 0.43050193050193059 192.50000000000003 6.5000000000000009 70.500000000000014 -0.98521978256641018 38.500000000000007 117.50000000000001 87.250000000000014 0.83602150537634423 0.95835000000000303 4.4418604651162825 86.500000000000014 6.5000000000000009 47.500000000000007 87.250000000000014 5.3958250000000012 44.375000000000007 1.0645833333333334 42.500000000000007 14.500000000000002 67.500000000000014 0.029024409397335523 1.1250000000000002 8.2500000000000018 0.94987468671679209 20.500000000000004 0.91779279279279291 181.56250000000003 0.94668831308073165 12.500000000000002 2.5499999999999976 0.62500000000000011 78.750000000000014 0.62500000000000011 -1.0000000180025095e-35 57.500000000000007 1.1225000000000003 1.5000000000000002 0.10760042636103863 3.5000000000000004 1.0822072072072075 1.0123808910573617 8.5625000000000018 0.36447543099728863 0.10392841744782545
decision_type=2 2 2 2 2 2 2 2 2 2 2 2 2 2 2 2 2 2 2 2 2 2 2 2 2 2 2 2 2 2 2 2 2 2 2 2 2 2 2 2 2 2 2 2 2 2 2 2
left_child=4 2 3 -2 6 -5 7 10 13 11 -1 12 14 18 -10 -12 -13 -18 20 -20 -9 47 23 24 -21 27 -27 29 30 32 38 -28 34 36 40 -36 -34 -33 39 42 -24 -37 -29 44 45 -39 -41 -19
right_child=1 -3 -4 5 -6 -7 -8 8 9 -11 15 16 -14 -15 -16 -17 17 21 19 22 -22 -23 25 -25 -26 26 31 28 -30 -31 -32 37 33 -35 35 41 -38 43 -40 46 -42 -43 -44 -45 -46 -47 -48 -49
leaf_value=1.1973653980508083 4.2780657893732972 4.0196753435514188 -1.8361263119054181 0.69617570333537604 -2.3174485237552571 -2.4990710770423039 1.122713569700718 0.7467300688049624 -0.80999712579780159 -1.2725242519378663 -0.4192714110196355 0.23074741860230766 0.66909609205656118 0.62986330963301329 0.24514864887609039 0.58312948579439006 0.041770416301685376 -0.60530224516067976 0.7164198983369805 0.34084340157308457 -0.026887866574525833 -1.2126808278926529 0.74546152333636861 1.3183426713501967 -0.40435574102732874 -0.86261840787931132 0.4989370304026774 0.69880772775478583 -0.88800965081210492 0.7655305528233195 0.53135819664155992 -0.71782319474268741 -0.39896716377613223 1.2165596316258114 0.24603610472121373 -0.88513265375889127 0.37019396620717915 -0.99271833380063379 -0.65663265360579381 -0.6340622629881616 -0.13262657489627602 -0.20658189799953131 -0.12720279541280535 0.32956768764438582 0.39897880697415933 0.089657725205699215 -0.084355162130188704 -0.28041971080396094
leaf_weight=81 113 87 140 83 103 83 84 139 80 89 82 83 142 140 85 98 90 80 81 115 124 100 90 80 134 103 83 88 107 116 107 122 109 80 108 123 153 119 123 83 89 152 89 101 89 102 96 80
leaf_count=81 113 87 140 83 103 83 84 139 80 89 82 83 142 140 85 98 90 80 81 115 124 100 90 80 134 103 83 88 107 116 107 122 109 80 108 123 153 119 123 83 89 152 89 101 89 102 96 80
internal_value=0 0.850284 0.184196 1.20092 -0.0183336 -0.906846 0.0357674 0.0144514 -0.0143443 -0.282426 0.462268 -0.16179 0.166084 0.0542085 -0.268235 0.126687 -0.394102 -0.542516 0.0280586 -0.00493536 0.383262 -0.744154 -0.0263496 0.277987 -0.0602008 -0.0676174 -0.245085 0.00697089 -0.18824 0.139654 -0.0591717 -0.140598 0.0585855 0.325553 -0.104165 -0.298296 0.0498992 -0.240936 -0.191918 -0.0299665 0.310559 -0.512187 0.285088 -0.0979793 -0.237889 -0.495007 -0.341354 -0.445612
internal_weight=0 506 419 279 4522 166 4419 4335 4074 829 261 740 307 3245 165 180 433 350 3105 2842 263 260 2761 329 249 2432 719 1713 693 1020 586 616 904 342 562 383 262 533 479 356 179 275 177 411 310 221 179 160
internal_count=5028 506 419 279 4522 166 4419 4335 4074 829 261 740 307 3245 165 180 433 350 3105 2842 263 260 2761 329 249 2432 719 1713 693 1020 586 616 904 342 562 383 262 533 479 356 179 275 177 411 310 221 179 160
is_linear=0
shrinkage=0.05


Tree=95
num_leaves=51
num_cat=0
split_feature=31 42 19 17 29 50 4 22 0 10 40 30 27 44 40 50 9 4 28 10 10 50 19 40 49 0 19 4 37 8 7 10 44 50 11 17 21 49 14 34 50 13 36 49 17 22 30 7 8 9
split_gain=252596 231640 109096 200428 184901 112669 58682.9 111467 76982.5 86977.2 39571.1 33544 41935.2 40276.3 24912.9 42397.8 21094.5 17730.6 16807.4 22191 11646.4 12980.6 10538.1 20340.1 17907.4 30263.9 26811.8 32719.4 28760 24604.1 23325.3 31158.6 25882.1 23179.8 22984.7 21034.1 18845.4 17937.3 17937.3 16304.4 13815.9 33448.7 13090.5 10321.1 8634.7 8579.97 8172.44 7906.18 7072.55 5385.31
threshold=3.5000000000000004 7.7500000000000009 -0.3558241758241758 0.40370370370370373 8.9375000000000018 4.9575011044086077 4.7500000000000009 88.750000000000014 69.750000000000014 2.2668266539764734 85.500000000000014 41.875000000000007 73.437500000000014 11.250000000000002 78.500000000000014 3.79733352106819 1.3943978030078696 0.62500000000000011 60.437500000000007 1.320978438427026 0.72745725817073137 -1.4058211119608328 0.79977413890457372 53.500000000000007 90.488152686857504 88.750000000000014 2.2421111345373226 1.7500000000000002 13.500000000000002 0.026086956521739101 0.34965034965034975 1.2445862636835017 10.500000000000002 0.65710631437243461 1.5639534883720965 0.78019323671497598 0.18283853014890641 87.369887968443066 3.5000000000000004 0.62500000000000011 1.0600356061637017 22.500000000000004 12.500000000000002 83.244570058822902 0.9582608695652175 75.750000000000014 111.87500000000003 0.62937062937062982 0.84782608695652184 0.8228263892582881
decision_type=2 2 2 2 2 2 2 2 2 2 2 2 2 2 2 2 2 2 2 2 2 2 2 2 2 2 2 2 2 2 2 2 2 2 2 2 2 2 2 2 2 2 2 2 2 2 2 2 2 2
left_child=-1 2 4 -4 -2 6 8 -8 9 -5 11 -10 13 -13 15 16 18 45 19 -14 -20 49 23 48 26 -26 28 34 33 -30 31 -31 39 43 37 -35 47 44 -34 -32 41 -27 46 -24 -28 -15 -38 -36 -23 -22
right_child=1 -3 3 5 -6 -7 7 -9 10 -11 -12 12 14 17 -16 -17 -18 -19 20 -21 21 22 24 -25 25 40 27 -29 29 30 32 -33 38 35 36 -37 42 -39 -40 -41 -42 -43 -44 -45 -46 -47 -48 -49 -50 -51
leaf_value=-2.1987212018006379 -0.32083601613839469 2.1846732800915127 -2.0753283528563307 2.243786459719693 2.9669924294348897 1.4888523624637935 -2.1544659624497098 0.29832945652306081 0.94517753098796065 -0.079584476728866135 0.77431735720910488 -1.3454550868425614 -0.084362170570888198 0.39032690182524293 -0.69862448077165451 1.0809779124983241 -0.82188570797443394 -0.77219918139126842 -0.46807255101824802 0.83892258225961491 -0.73935369258677519 -0.2570323133736514 -0.11975115924731068 0.37054206706859449 -1.0844324937913308 0.47460403957150199 0.28686492691437404 -1.0496719368866512 1.1705887233169334 -0.6096666564059452 0.41270414864023525 0.59951943476149372 0.57219625352284853 -0.25941381833310856 0.96645967492035456 0.64151554035229819 0.01029738230837716 -0.97480000382245979 -0.36118931119208753 1.3310680112638513 0.34877868392637801 -0.77886702173286015 0.38769872593429855 -0.89376839262315588 -0.4410854295441291 -0.3101793521779509 -0.68370605817547547 0.28553842792908352 -0.88484855693705544 -0.1584639072418213
leaf_weight=125 89 125 116 80 81 126 89 95 81 80 148 116 129 94 130 88 80 97 149 130 80 88 86 80 85 87 80 83 102 122 83 93 116 117 83 143 89 85 91 119 139 134 105 86 81 80 80 89 93 80
leaf_count=125 89 125 116 80 81 126 89 95 81 80 148 116 129 94 130 88 80 97 149 130 80 88 86 80 85 87 80 83 102 122 83 93 116 117 83 143 89 85 91 119 139 134 105 86 81 80 80 89 93 80
internal_value=0 0.0680038 0.0133157 -0.0317468 1.25391 0.0203287 -0.0214364 -0.89331 0.0162371 1.08882 -0.0256606 -0.0556483 -0.0767148 -0.569941 -0.0221088 0.00414876 -0.0250003 -0.234261 -0.0048716 0.380507 -0.038847 -0.0158389 0.0107478 -0.29022 0.043889 -0.241736 0.109734 -0.117802 0.261985 0.453988 0.335166 -0.0862693 0.556373 -0.0609903 -0.00467826 0.236657 0.209225 -0.391764 0.162104 0.957612 -0.0403127 -0.285504 -0.0485722 -0.509689 -0.079833 0.068323 -0.320314 0.61781 -0.582701 -0.451697
internal_weight=0 5002 4877 4707 170 4591 4465 184 4281 160 4121 3973 3892 387 3505 3375 3287 271 3207 259 2948 2799 2639 261 2378 445 1933 775 1158 726 624 215 409 432 692 260 446 246 207 202 360 221 274 172 161 174 169 172 181 160
internal_count=5127 5002 4877 4707 170 4591 4465 184 4281 160 4121 3973 3892 387 3505 3375 3287 271 3207 259 2948 2799 2639 261 2378 445 1933 775 1158 726 624 215 409 432 692 260 446 246 207 202 360 221 274 172 161 174 169 172 181 160
is_linear=0
shrinkage=0.05


Tree=96
num_leaves=49
num_cat=0
split_feature=3 28 2 36 2 33 1 3 18 2 46 7 21 46 49 14 50 29 13 0 47 14 50 20 9 20 29 29 50 18 50 30 30 42 18 6 36 36 42 0 25 8 6 2 6 29 20 28
split_gain=346023 625050 59747.5 29199.5 27564.2 53266.4 59466.8 29207.1 22804.5 24209.9 24150.1 31432.3 16171.6 18691 32160.2 18578.3 16011.1 21868.4 16696.3 21861.5 20914 16624.3 29806.9 15496.8 15355 25970.9 13742.9 17803.5 14317.7 14050.9 13784 13194.3 16969.9 17574.5 25731.5 13168.4 12421.2 15354.4 11693.8 10996.4 9897.03 19815.4 13996.2 10218.1 9626.68 7673.1 5003.23 4806.98
threshold=672.50000000000011 70.812500000000014 542.50000000000011 71.500000000000014 627.50000000000011 1.1250000000000002 81.500000000000014 112.50000000000001 42.500000000000007 647.50000000000011 -0.87810534180523914 -0.77622377622377592 1.9577283913197265 -0.074115882986646633 82.330128059783988 8.5000000000000018 -0.86883020422507673 5.0312500000000009 19.500000000000004 86.750000000000014 7.5000000000000009 6.5000000000000009 1.361870395727266 -2.3954887218045107 0.8113611778787907 2.0006684491978612 7.5625000000000009 9.4375000000000018 2.12867412324016 172.50000000000003 3.4929130249781939 231.87500000000003 125.62500000000001 -1.0000000180025095e-35 122.50000000000001 1.7394957983193284 23.500000000000004 34.500000000000007 1.2500000000000002 77.750000000000014 1.0000000180025095e-35 0.43043478260869567 0.34285714285714275 722.50000000000011 1.21764705882353 8.3125000000000018 1.0296691799249349 66.312500000000014
decision_type=2 2 2 2 2 2 2 2 2 2 2 2 2 2 2 2 2 2 2 2 2 2 2 2 2 2 2 2 2 2 2 2 2 2 2 2 2 2 2 2 2 2 2 2 2 2 2 2
left_child=2 -2 -1 4 5 6 -4 8 10 -10 -6 -12 13 14 -11 -14 -16 -18 19 -19 -21 24 -23 -13 36 -26 29 28 39 30 31 32 33 -15 -35 47 44 -38 -25 -28 -29 -42 -43 -44 46 -41 -20 -34
right_child=1 -3 3 -5 7 -7 -8 -9 9 12 11 23 15 26 16 -17 17 18 21 20 -22 22 -24 38 25 -27 27 40 -30 -31 -32 -33 35 34 -36 -37 37 -39 -40 45 41 42 43 -45 -46 -47 -48 -49
leaf_value=1.3509352864254089 0.061151250425752229 -5.3595166711246272 -0.93937148580846108 0.92410844143699211 -0.42773545762134157 -1.4764173300369927 0.7483211660807112 0.88331129352251692 -0.78407348219375572 1.0221978677436709 1.147331676076329 -0.38681954305346422 -0.78565282354787958 -0.37842694027061319 -0.46144960886902275 0.15118592391656929 -0.64943841604625474 -0.0013485065935289159 -0.086456500113695531 1.295005882371252 0.24436742996946836 -0.055039463550087035 1.1105768941112399 0.03588229821304257 -0.80547056777369497 0.28812812834643248 0.14517245446283794 -0.40104214222639378 -0.99220976400555994 0.58928354119970683 -0.56877150360275719 0.57885159761005756 -0.33891505979274106 0.84758250066763052 -0.19936687693744901 0.16553070375948778 0.89492045349544957 0.052624041929732281 0.84913439134533497 -0.17885574274941496 0.64312814967301879 0.25966417798289548 -0.83018877200874286 -0.068667418007947956 0.23266711856338607 -0.74029582966146856 -0.63522539889370955 -0.89045487693798409
leaf_weight=83 142 84 96 84 85 91 112 95 105 95 125 81 138 96 125 85 84 135 86 106 86 126 96 88 139 88 96 140 98 104 101 101 81 142 99 80 89 136 88 113 114 134 80 97 120 133 80 80
leaf_count=83 142 84 96 84 85 91 112 95 105 95 125 81 138 96 125 85 84 135 86 106 86 126 96 88 139 88 96 140 98 104 101 101 81 142 99 80 89 136 88 113 114 134 80 97 120 133 80 80
internal_value=0 -1.96834 0.0290735 0.00571095 -0.0110063 -0.47463 -0.0313815 0.0208167 0.00144806 -0.0390218 0.330824 0.50029 -0.0176896 0.00881402 0.135033 -0.429481 0.07805 0.127539 0.178716 0.486714 0.828112 0.0734064 0.451731 0.182354 -0.0408557 -0.382116 -0.0975081 -0.2239 -0.461987 0.0462749 -0.0267881 0.0545488 -0.0379097 0.191006 0.418461 -0.357479 0.111192 0.388285 0.445008 -0.307602 -0.0379987 0.0822528 -0.124744 -0.415588 -0.107395 -0.484167 -0.353144 -0.616777
internal_weight=0 226 4836 4753 4669 299 208 4370 4275 3808 467 382 3703 3480 1591 223 1496 1371 1287 327 192 960 222 257 738 227 1889 1005 440 884 780 679 578 337 241 241 511 225 176 342 565 425 311 177 286 246 166 161
internal_count=5062 226 4836 4753 4669 299 208 4370 4275 3808 467 382 3703 3480 1591 223 1496 1371 1287 327 192 960 222 257 738 227 1889 1005 440 884 780 679 578 337 241 241 511 225 176 342 565 425 311 177 286 246 166 161
is_linear=0
shrinkage=0.05


Tree=97
num_leaves=48
num_cat=0
split_feature=31 19 50 50 29 4 28 27 10 3 3 16 20 29 20 3 7 19 29 37 35 36 8 10 16 45 3 7 6 20 6 29 3 3 45 37 3 45 29 29 3 10 49 23 45 12 29
split_gain=132066 118024 368066 192830 536705 78867.7 44696.1 43957.4 70318.6 70540.4 54694.4 42009.7 26227.1 20103.9 23792.9 22260 20931.1 20819.9 35397.4 27955.3 26420.8 26301.9 13859.6 13698.1 13457.1 18299.5 27697.1 15962.6 29584.3 17215.9 15780.8 13283.9 12605.4 12402.7 11747.9 14757.4 11721.1 15315.1 10646.9 9890.2 9765.07 9694.39 8457.81 12640.4 8302.37 8180.25 5587.85
threshold=3.5000000000000004 0.78234712857475019 4.5152054901559575 5.5247561545260107 6.9375000000000009 6.7500000000000009 43.437500000000007 81.312500000000014 1.5613726544671587 77.500000000000014 67.500000000000014 6.2500000000000009 -4.5739461776613464 5.3958250000000012 0.68596564725597009 42.500000000000007 -2.0874125874125866 1.3108468002585651 7.9375000000000009 73.500000000000014 30.625000000000004 47.500000000000007 2.7821739130434784 1.6785447448679547 15.500000000000002 0.40614137006726808 72.500000000000014 -0.041958041958041897 -1.1999999999999993 0.73765182186234823 0.34285714285714314 10.062500000000002 42.500000000000007 22.500000000000004 -0.2102246306142678 18.500000000000004 17.500000000000004 0.67802080537253961 7.0625000000000009 8.6875000000000018 42.500000000000007 1.6646975845974443 87.229058502303317 90.750000000000014 0.95752911693909493 1.5357142857142849 8.0625000000000018
decision_type=2 2 2 2 2 2 2 2 2 2 2 2 2 2 2 2 2 2 2 2 2 2 2 2 2 2 2 2 2 2 2 2 2 2 2 2 2 2 2 2 2 2 2 2 2 2 2
left_child=-1 2 7 5 -5 6 -3 8 9 -2 39 -8 -13 14 -14 45 -15 18 -18 20 21 22 24 -22 25 27 31 28 -19 30 -29 32 33 -27 -20 -36 -26 -38 -23 -9 41 42 -31 -44 -33 -16 -42
right_child=1 3 -4 4 -6 -7 11 10 -10 -11 -12 12 13 16 15 -17 17 19 34 -21 23 38 -24 -25 36 26 -28 29 -30 40 -32 44 -34 -35 35 -37 37 -39 -40 -41 46 -43 43 -45 -46 -47 -48
leaf_value=-1.6052121680552567 0.10983512432354947 1.1429363710994132 3.2276472128274154 1.301890197992325 -3.8883398140115397 -1.5315309970844084 -0.99163280830663791 0.35591637208092985 0.84164614656636894 -1.8319380983710289 1.5126185219888528 0.75183613594741594 0.9787286403002563 -0.72412138825371164 0.76434853471232111 -0.5969140745239494 -0.93730456014408881 -0.46050569884917314 -0.3744417369289666 0.9430813665951 0.04597217426580541 -0.22485127309110109 0.61181848229880031 0.86094207309964887 0.16434167551271844 0.13134571323088839 0.84633299108866034 -0.1215909704284848 0.71494099594018401 -0.39092103609251322 -0.96898105977231586 -0.46703765887155457 -0.17392559266350804 0.88913412369432909 -0.14165185852366133 0.69032817654884782 -0.13761820166238717 -0.94105739817023282 -1.0318183889701253 -0.31925306068210119 0.5517219993957253 -0.60985840953886505 0.53230538348165846 -0.28736928381718868 0.17495142883724638 0.13825169278608337 -0.0132866015450822
leaf_weight=126 91 88 113 89 111 81 101 138 85 95 96 123 107 104 82 80 151 84 146 84 84 81 93 133 98 112 150 105 144 108 115 133 102 104 128 90 139 103 83 88 85 99 103 85 80 142 89
leaf_count=126 91 88 113 89 111 81 101 138 85 95 96 123 107 104 82 80 151 84 146 84 84 81 93 133 98 112 150 105 144 108 115 133 102 104 128 90 139 103 83 88 85 99 103 85 80 142 89
internal_value=0 0.0278092 0.625679 -0.0723618 -1.5837 0.00322313 0.035172 0.125258 -0.343308 -0.886424 0.519452 0.00956146 0.0367914 0.0123353 0.341174 0.114298 -0.0297959 -0.0063595 -0.296447 0.0512806 0.0210958 -0.0288589 0.0182225 0.547128 -0.00915179 0.048385 0.248785 -0.0859184 0.281762 -0.19239 -0.566925 0.0787121 0.283031 0.498623 -0.0287566 0.20341 -0.295797 -0.482043 -0.637034 0.0927703 -0.0468385 -0.184218 -0.0402841 0.162148 -0.226224 0.369826 0.264299
internal_weight=0 4925 706 4219 200 4019 3938 593 271 186 322 3850 3749 3626 411 304 3215 3111 515 2596 2512 2295 2131 217 2038 1698 681 1017 228 789 220 531 318 216 364 218 340 242 164 226 569 395 296 188 213 224 174
internal_count=5051 4925 706 4219 200 4019 3938 593 271 186 322 3850 3749 3626 411 304 3215 3111 515 2596 2512 2295 2131 217 2038 1698 681 1017 228 789 220 531 318 216 364 218 340 242 164 226 569 395 296 188 213 224 174
is_linear=0
shrinkage=0.05


Tree=98
num_leaves=46
num_cat=0
split_feature=19 2 35 36 3 2 31 6 36 8 30 6 21 6 12 50 14 31 20 33 18 42 25 22 43 20 20 31 36 50 50 35 30 10 50 50 50 8 9 45 25 16 13 9 13
split_gain=130930 157268 637500 81435 45861.3 22118.2 46553.8 45782.3 72224.7 13883.9 26171.9 28778.2 27660.9 18603.5 22775.4 27610.6 18058.3 17229.5 20939.8 16168.2 15938.3 13320.4 18458.1 12331.4 15134.7 15448.3 28677.9 18321.1 12620.1 14957.3 17515.7 11796.1 10960 10356.2 12315.3 13349.1 22687.7 9732.81 17811.7 9376.43 18509.7 7494.15 7415.02 6425.48 12224.5
threshold=-0.80139372822299648 195.00000000000003 11.250000000000002 71.500000000000014 162.50000000000003 647.50000000000011 6.5000000000000009 0.68571428571428628 34.500000000000007 1.9330434782608699 193.12500000000003 1.7394957983193284 -0.42852368220014364 2.5714285714285721 3.1904761904761938 1.2131914887282493 2.5000000000000004 6.5000000000000009 2.1317310223981556 0.76785000000000292 77.500000000000014 -1.0000000180025095e-35 1.5000000000000002 91.750000000000014 1.7500000000000002 -2.1364440513047316 -0.94615384615384601 5.5000000000000009 29.500000000000004 1.6525723611578871 2.7348296261239686 18.750000000000004 114.06250000000003 1.8417314154198832 1.5397667691962342 -0.28180103284439179 -0.7710543836622249 0.75830927374007751 0.6860595800775261 -0.074117382312902977 1.0000000180025095e-35 14.250000000000002 27.500000000000004 0.69157740814501489 21.500000000000004
decision_type=2 2 2 2 2 2 2 2 2 2 2 2 2 2 2 2 2 2 2 2 2 2 2 2 2 2 2 2 2 2 2 2 2 2 2 2 2 2 2 2 2 2 2 2 2
left_child=-1 2 -2 4 5 6 7 8 -3 10 13 12 -12 14 23 -16 17 19 -19 -11 -14 -15 39 24 25 -7 -27 -28 29 -26 -31 32 -18 34 35 36 -29 38 -37 40 -23 -20 -41 44 -39
right_child=1 3 -4 -5 -6 9 -8 -9 -10 16 11 -13 20 21 15 -17 31 18 41 -21 -22 22 -24 -25 28 26 27 33 -30 30 -32 -33 -34 -35 -36 37 -38 43 -40 42 -42 -43 -44 -45 -46
leaf_value=1.4964876354768359 0.79789445434791462 -0.27503781488963536 -4.6702389952780186 1.4985449078302551 0.97719523803157315 -0.62329890208383065 0.35123042633404605 0.072610925608929608 -2.3365383118758967 -0.083370595098881242 0.036446200325375509 -0.14668132343323401 1.5859205980359772 -0.18208553192482607 0.00098830651687948322 1.1452439286228684 -0.59712830919669857 -0.70978924493789686 0.4281099875970763 0.85640292614110214 0.66116529830500614 -0.10641889891673609 0.85125239144848741 0.41395224529032665 0.28170282219318632 0.86663712360403133 0.4659214565224612 -0.41261890224284592 -0.88310034716466701 -0.78990438468270496 0.067224351445935221 -0.89591809008621937 0.12119090436742858 0.35463737182237293 0.34974139895249201 -0.51988394618034361 0.55432426170406179 0.11184629068471666 0.37307749856816663 -0.43655634437288554 0.8426938231983645 -0.18585276207932744 0.22411446966404142 -0.78263103163129166 -0.63484943822708007
leaf_weight=144 137 90 86 92 117 115 147 105 80 88 104 152 80 147 151 80 108 124 97 94 116 96 137 100 93 84 133 125 105 153 97 105 103 90 90 124 116 85 100 83 109 100 85 157 152
leaf_count=144 137 90 86 92 117 115 147 105 80 88 104 152 80 147 151 80 108 124 97 94 116 96 137 100 93 84 133 125 105 153 97 105 103 90 90 124 116 85 100 83 109 100 85 157 152
internal_value=0 -0.0279066 -1.32233 0.0336599 0.00415186 -0.0213587 -0.365506 -0.748519 -1.25315 0.0143352 0.0605907 0.413246 0.696488 0.00367703 -0.0674923 0.400496 -0.169576 0.0166633 -0.20354 0.404034 1.04475 0.236324 0.357044 -0.124006 -0.153791 -0.0712202 -0.020216 -0.0844635 -0.405759 -0.257492 -0.458396 -0.465143 -0.247562 -0.155297 -0.20398 -0.262334 0.0531651 -0.385256 -0.121354 0.173735 0.399872 0.117089 -0.10294 -0.534605 -0.367702
internal_weight=0 4932 223 4709 4617 4500 422 275 170 4078 3259 452 300 2807 2150 231 819 503 321 182 196 657 510 1919 1819 1371 1256 1172 448 343 250 316 211 1039 949 859 241 618 224 373 205 197 168 394 237
internal_count=5076 4932 223 4709 4617 4500 422 275 170 4078 3259 452 300 2807 2150 231 819 503 321 182 196 657 510 1919 1819 1371 1256 1172 448 343 250 316 211 1039 949 859 241 618 224 373 205 197 168 394 237
is_linear=0
shrinkage=0.05


Tree=99
num_leaves=49
num_cat=0
split_feature=36 2 2 15 42 31 3 19 2 34 50 19 19 28 48 41 45 4 16 36 50 30 3 30 45 28 48 2 7 42 16 8 7 48 21 41 29 19 34 40 6 37 0 50 30 41 9 50
split_gain=144610 417113 256367 657650 59091.5 34465.8 72893.4 70962.7 43961.4 29409.5 26654.5 19272.4 25030.3 15469.2 25421 20958.6 27557.6 25204.8 36823.9 20305.4 16673.8 14862.7 15414.1 14238.3 29262.6 23682.1 16660.5 15205.5 19129.7 16489.3 13853.4 12531.7 12525.7 12089.1 11663.1 11303.5 11712 29114.8 10062.6 23480.4 8726.1 11636.1 11564.6 8999.63 8466.73 7857.62 7143.89 5484.25
threshold=68.500000000000014 632.50000000000011 42.500000000000007 68.500000000000014 6.7500000000000009 5.5000000000000009 157.50000000000003 0.91616506317050794 682.50000000000011 0.31250000000000006 -0.14479419918521327 2.325928705440901 1.6044699486559952 73.281250000000014 0.57987364713956058 2.5000000000000004 -0.97113884758256674 0.62500000000000011 11.250000000000002 45.500000000000007 0.10392841744782545 41.875000000000007 112.50000000000001 161.87500000000006 0.43733377705052551 66.781250000000014 -0.34018203147540399 737.50000000000011 0.47362637362637372 2.7500000000000004 11.250000000000002 1.174053295932679 1.427572427572428 -0.31564677925408408 1.2938929608072274 4.5000000000000009 8.4375000000000018 1.9210750039726683 1.5625000000000002 3.5000000000000004 1.114285714285715 12.500000000000002 79.125000000000014 0.85942501081832756 231.87500000000003 2.5000000000000004 0.76148270704399923 1.1781144626336302
decision_type=2 2 2 2 2 2 2 2 2 2 2 2 2 2 2 2 2 2 2 2 2 2 2 2 2 2 2 2 2 2 2 2 2 2 2 2 2 2 2 2 2 2 2 2 2 2 2 2
left_child=2 -2 3 -1 5 7 13 8 -4 -9 -11 12 -12 19 15 16 -15 33 -19 21 -21 -7 23 27 26 44 -25 28 31 34 -29 35 -28 -18 40 36 37 -23 39 -38 42 43 -30 -42 -26 -32 47 -44
right_child=1 -3 4 -5 -6 6 -8 9 -10 10 11 -13 -14 14 -16 -17 17 18 -20 20 -22 22 -24 24 25 -27 32 30 29 -31 45 -33 -34 -35 -36 -37 38 -39 -40 -41 41 -43 46 -45 -46 -47 -48 -49
leaf_value=-1.4760015554989085 -3.9473465476409504 1.0121552353617789 -2.0084023754771163 4.3742152136725352 -1.3177759078996523 0.69645019994105828 1.4537272082364305 -0.69472788076440839 -0.44766327455205829 -0.42675886447230971 0.25451436827488999 -0.11049591333282238 1.4202107082270548 -0.32037395150824027 -0.5518294279717586 -0.21531406827555358 0.72314273220427494 1.5746918021015419 0.24490746962890197 0.032087174193425612 -0.88494567751884468 -0.95255603043429815 0.50963511790518889 -0.62403877993163315 -0.066929441321333619 1.1879014157757317 0.44505209599354467 -0.20182582189639411 0.0098408300982843547 -0.88104236099486044 0.20945220336639625 -0.38120931022247112 -0.28132889523424887 -0.010911744034716063 0.1821587182782792 0.6929609717392341 1.0101613891262984 0.30105524182319643 -0.20736697195944462 -0.022803062200546266 -0.7390991138627776 0.2889131358068468 -0.66223702721595767 -0.00043807867695303524 0.56935609278112354 0.81419852469744303 -0.98283218395087746 -0.14662930308944649
leaf_weight=84 82 86 81 110 83 80 93 118 102 119 108 97 80 87 87 130 93 128 88 87 114 82 145 113 108 96 128 128 100 106 138 137 109 139 147 81 96 104 87 127 80 116 124 84 100 88 90 89
leaf_count=84 82 86 81 110 83 80 93 118 102 119 108 97 80 87 87 130 93 128 88 87 114 82 145 113 108 96 128 128 100 106 138 137 109 139 147 81 96 104 87 127 80 116 124 84 100 88 90 89
internal_value=0 -1.41759 0.0699613 1.84655 -0.0034819 0.0203378 0.0781163 -0.301319 -1.14564 -0.00369627 0.199357 0.461366 0.755445 0.0443958 0.247569 0.352824 0.49102 0.648953 1.03655 -0.00521008 -0.489827 0.0287351 0.00943635 -0.018032 0.184368 0.542413 -0.127279 -0.0841438 -0.147941 -0.296514 0.212794 0.0469694 0.1112 0.285184 -0.220893 0.149118 0.059089 -0.253751 0.247005 0.424406 -0.30778 -0.0928876 -0.456485 -0.363056 0.240238 0.447478 -0.609914 -0.448487
internal_weight=0 168 4911 194 4717 4634 3929 705 183 522 404 285 188 3836 752 665 535 448 216 3084 201 2883 2803 2658 654 304 350 2004 1650 936 354 714 237 232 830 577 496 186 310 223 683 280 403 164 208 226 303 213
internal_count=5079 168 4911 194 4717 4634 3929 705 183 522 404 285 188 3836 752 665 535 448 216 3084 201 2883 2803 2658 654 304 350 2004 1650 936 354 714 237 232 830 577 496 186 310 223 683 280 403 164 208 226 303 213
is_linear=0
shrinkage=0.05


Tree=100
num_leaves=50
num_cat=0
split_feature=37 3 17 50 13 16 11 2 27 3 28 20 12 48 31 49 48 19 10 17 50 21 7 6 21 9 14 37 29 34 29 21 10 20 20 49 48 34 6 48 13 46 20 46 9 10 2 21 50
split_gain=113212 270237 547518 144172 22405.4 56061.8 21900.7 35307.5 84838.9 26442 17405.9 18842.7 17308.4 14612 13668.8 13320 23444.8 17124 16888.5 17399.2 20831.8 38889.2 25529.7 21932.3 18096.6 21285 21031.5 18481.9 19993.3 32191.1 25677.2 20396 17058.6 27704.5 26028.5 15656.9 14962 17994.4 14434.7 14216.9 17715.7 13618.3 12219.8 11754.7 11590.2 11228.1 8803.82 8491.75 5727.99
threshold=87.500000000000014 737.50000000000011 0.38585607940446659 6.2645105164682571 40.500000000000007 11.250000000000002 5.5000000000000009 622.50000000000011 79.437500000000014 117.50000000000001 47.750000000000007 4.3214569214569218 2.0714285714285698 0.92770503615176259 7.5000000000000009 80.265431358200416 -0.83021033138457179 3.48618528009079 0.81128176841745192 0.7543103448275863 1.9437218890172832 0.39801227634843178 -0.16783216783216767 0.68571428571428628 -1.3494892784700097 0.74119186184500963 2.5000000000000004 5.5000000000000009 6.8125000000000009 0.31250000000000006 9.2812500000000018 0.42704046196693218 1.479671783691576 0.8234071175247647 -0.72692307692307667 89.281438338605128 -0.20454104299082257 1.3750000000000002 1.5428571428571434 -0.33140184080328133 27.500000000000004 0.86439018870140905 2.1105841526894165 0.90803977035715633 0.79591616726460612 1.1658395482950017 712.50000000000011 0.19840444840443186 0.79184913364278497
decision_type=2 2 2 2 2 2 2 2 2 2 2 2 2 2 2 2 2 2 2 2 2 2 2 2 2 2 2 2 2 2 2 2 2 2 2 2 2 2 2 2 2 2 2 2 2 2 2 2 2
left_child=1 3 -3 4 6 -6 7 8 -1 10 -9 13 -7 15 44 17 38 36 -18 20 22 -22 -20 48 25 -21 27 -26 29 -29 35 -31 34 -34 -28 -30 37 -12 47 -36 -41 -38 -35 -19 -15 -25 -42 -17 -24
right_child=-2 2 -4 -5 5 12 -8 9 -10 -11 11 -13 -14 14 -16 16 18 43 19 24 21 -23 23 45 26 -27 32 28 30 31 -32 -33 33 42 39 -37 41 -39 -40 40 46 -43 -44 -45 -46 -47 -48 -49 -50
leaf_value=0.27377398580081702 -1.8219002256730954 4.7812835046614728 -0.82019125765020195 -1.7636138523745739 1.3013881854648177 0.40660060396288888 0.68997295120052093 -0.61316796903099335 -1.5830313305733568 0.86858852491822347 0.34851486543628662 -0.69077686687620987 -0.4942024565376012 -0.98821573250896333 0.14704621907051962 -0.35558451735160568 -0.48102141055443615 -0.37523489648449249 -0.49551381250707122 0.10077413385457333 1.4360617093893948 -0.0034577283230456677 1.0586394894413833 0.34822944235470565 -0.47170945400508435 -0.89776378446503691 0.87235557655008833 -0.79314946097204064 1.1640359112606296 -0.08890680342339552 0.013594470253522449 0.84659117905879921 -1.1845817956679008 0.25727692798736995 -0.61801256322403364 0.34237966049224777 0.54737323873183308 1.3395559405680837 0.058560671756115172 0.63055620688073188 -0.57650329876562645 -0.29675587070071036 -0.48493857536695706 0.33469655563925754 -0.17377170485466026 -0.448375715053073 0.14195223652890751 -1.0112121365483731 0.45770944680076053
leaf_weight=128 82 86 87 116 114 100 106 118 117 85 106 95 112 90 95 109 140 137 122 100 97 90 81 89 81 113 81 86 158 129 138 105 84 108 100 93 101 81 107 93 86 89 112 100 85 86 83 92 82
leaf_count=128 82 86 87 116 114 100 106 118 117 85 106 95 112 90 95 109 140 137 122 100 97 90 81 89 81 113 81 86 158 129 138 105 84 108 100 93 101 81 107 93 86 89 112 100 85 86 83 92 82
internal_value=0 0.0400003 1.97583 -0.0298762 0.0132433 0.412481 -0.0165727 -0.0342614 -0.615776 0.00126165 -0.0176558 0.000875895 -0.0693813 0.0186769 -0.334891 0.0463643 0.000751856 0.257367 0.0508165 0.0820668 0.303397 0.746912 0.12187 0.345517 0.000111247 -0.430686 0.0600531 0.239762 0.321594 0.0285881 0.561936 0.332684 -0.130067 -0.41785 0.0679153 0.862164 0.466293 0.782631 -0.410461 -0.113991 0.0800018 0.152482 -0.121063 -0.0755381 -0.595864 -0.0435684 -0.224893 -0.659193 0.760965
internal_weight=0 4993 173 4820 4704 326 4378 4272 245 4027 3942 3824 212 3729 270 3459 2845 614 2537 2397 647 187 460 338 1750 213 1537 790 709 320 389 234 747 304 443 251 377 187 308 362 262 190 220 237 175 175 169 201 163
internal_count=5075 4993 173 4820 4704 326 4378 4272 245 4027 3942 3824 212 3729 270 3459 2845 614 2537 2397 647 187 460 338 1750 213 1537 790 709 320 389 234 747 304 443 251 377 187 308 362 262 190 220 237 175 175 169 201 163
is_linear=0
shrinkage=0.05


Tree=101
num_leaves=49
num_cat=0
split_feature=36 2 3 28 50 50 14 9 12 42 30 19 3 19 23 19 14 44 49 49 19 49 33 8 28 34 15 50 48 30 30 2 19 50 45 10 7 49 19 50 50 28 21 9 50 44 19 40
split_gain=108268 358518 251493 399722 123262 76266.7 25692.5 23905.5 32570.5 63997.7 19848.6 20311.3 19111.8 13632.3 16577.9 27105 20507.6 59534.3 19517.8 20766.4 18236.5 14246 24372.8 18410.8 17406.4 23499.3 21706.9 18225.4 18532.9 14240.4 20859.5 42369.7 17797.4 32811.1 13402 13252.1 12848.3 14116.1 10905.6 10850.5 14708.2 14057.8 21263.2 12736.7 9399.63 15390.4 8942.08 4996.62
threshold=67.500000000000014 627.50000000000011 737.50000000000011 64.031250000000014 5.7110262175676292 4.6465747256124539 14.500000000000002 1.6158704254834935 4.4418604651162825 1.2500000000000002 40.625000000000007 0.17194423223834995 47.500000000000007 0.54554778554778571 78.250000000000014 2.0882734912146681 9.5000000000000018 12.500000000000002 80.265431358200416 81.126731781576368 2.8684413737045324 82.330128059783988 0.54164999999999719 -0.17739130434782599 73.937500000000014 2.6250000000000004 80.250000000000014 1.4995650847104474 0.11239934492054431 170.62500000000003 124.37500000000001 697.50000000000011 2.325928705440901 1.0721807903521354 0.69056404122701587 1.320978438427026 1.0000000180025095e-35 85.033554027465982 1.745034965034965 1.3434171535737394 0.6890346340369079 72.687500000000014 0.3087964666911987 0.74119186184500963 1.2889045231959886 17.500000000000004 3.0313888168697614 22.500000000000004
decision_type=2 2 2 2 2 2 2 2 2 2 2 2 2 2 2 2 2 2 2 2 2 2 2 2 2 2 2 2 2 2 2 2 2 2 2 2 2 2 2 2 2 2 2 2 2 2 2 2
left_child=2 -2 4 -4 5 6 7 8 10 -10 -1 12 -12 -13 15 -15 18 -18 20 -20 -16 22 -21 -23 25 26 29 28 35 30 36 -32 33 -31 44 -26 37 -25 -33 40 41 42 -38 -41 45 -17 -34 -44
right_child=1 -3 3 -5 -6 -7 -8 -9 9 -11 11 13 -14 14 16 34 17 -19 19 21 -22 23 -24 24 27 -27 -28 -29 -30 32 31 38 46 -35 -36 -37 39 -39 -40 43 -42 -43 47 -45 -46 -47 -48 -49
leaf_value=0.78808278551808109 -3.6196838412966046 0.76625940879186005 -0.45915877847110526 4.4586595346898212 -1.4739479432917304 1.3773757006227971 -0.67345818797062185 0.70202010349065325 0.24615605839838586 -1.6018007574845914 0.081741800953944524 -0.5745568322705793 1.0745604113834661 -0.9600523701679391 0.77975220607272511 0.77185232718785612 1.5547644831689009 -0.12788599735746783 -0.60696591032402858 -0.26208172270229885 -0.1161562740802765 -0.631085294532025 0.79944433060599795 0.84096080381193294 0.76087964305210687 0.60877806029077308 -0.7471084221615456 0.95221622035002973 -0.4940749437730203 -0.13085149041441985 -1.303416116298046 -0.5251663559675217 -0.49576429900493518 1.2413228229860243 -0.62583355455320666 -0.089322953689389126 -0.97728373324169837 4.1335229655258531e-05 0.1430561267693711 -0.091966596382803148 0.50297105930045116 0.42305867304036648 0.27482828010873095 -0.84157028865690031 -0.23200765788595348 -0.17637191536586461 0.23066766652060144 -0.27384768028167034
leaf_weight=80 83 104 84 80 143 99 144 118 95 91 119 110 81 112 144 89 82 143 153 90 93 126 133 80 104 117 127 83 86 85 106 99 88 88 87 81 84 130 156 139 116 80 81 95 138 81 80 83
leaf_count=80 83 104 84 80 143 99 144 118 95 91 119 110 81 112 144 89 82 143 153 90 93 126 133 80 104 117 127 83 86 85 106 99 88 88 87 81 84 130 156 139 116 80 81 95 138 81 80 83
internal_value=0 -1.18934 0.0333298 1.95226 -0.0334754 0.0116544 -0.0187111 0.00309808 -0.0165372 -0.661683 0.0132551 -0.00255703 0.487179 -0.0286669 -0.0121034 -0.277173 0.0306075 0.489513 -0.00482387 -0.0432069 0.429182 -0.00898224 0.371768 -0.0458199 -0.0118434 -0.0738391 -0.120681 0.308647 0.108762 -0.0702078 -0.148389 -0.468294 0.215747 0.570256 -0.0816116 0.39015 -0.0179571 0.322859 -0.117409 -0.12384 0.0215258 -0.149753 -0.335488 -0.398579 0.0736413 0.321662 -0.150526 -0.00283204
internal_weight=0 187 4903 164 4739 4596 4497 4353 4235 186 4049 3969 200 3769 3659 507 3152 225 2927 2690 237 2537 223 2314 2188 1834 1717 354 271 1590 1249 361 341 173 395 185 888 210 255 678 444 328 248 234 308 170 168 164
internal_count=5090 187 4903 164 4739 4596 4497 4353 4235 186 4049 3969 200 3769 3659 507 3152 225 2927 2690 237 2537 223 2314 2188 1834 1717 354 271 1590 1249 361 341 173 395 185 888 210 255 678 444 328 248 234 308 170 168 164
is_linear=0
shrinkage=0.05


Tree=102
num_leaves=48
num_cat=0
split_feature=0 2 16 46 19 46 2 10 27 50 35 46 50 40 8 40 20 2 8 23 27 23 8 27 7 50 21 37 40 40 19 7 50 6 28 49 50 33 15 10 14 37 15 48 5 48 8
split_gain=124550 553178 452385 197551 162138 47770.9 72120.1 47613.8 27570.4 32093 24016.4 28922.8 22371.1 19135.1 31161.3 77406.1 17653.2 15987.3 29522.2 11592.3 11072.4 25746.5 19891.3 27351.4 12798.5 24078.5 14110.4 10560.5 12427.3 11769.2 16961.7 14666.5 14028.6 23946 11650.1 29853.1 10213.7 18406.3 12867.2 15648.5 13264.6 10028.7 7540.72 7173.67 14133.9 16478.5 5108.64
threshold=78.750000000000014 227.50000000000003 6.2500000000000009 -0.15101602693478741 1.0057468148549744 0.95436825032516992 647.50000000000011 1.710984308936198 75.062500000000014 4.2823454033010231 6.2500000000000009 0.63089349388778826 3.4929130249781939 92.500000000000014 -0.32086956521739124 65.500000000000014 0.54721362229102177 652.50000000000011 0.25304347826086965 75.250000000000014 83.812500000000014 89.750000000000014 0.73687370600414093 84.906250000000014 0.7845886597478956 1.456898558397363 -0.072548358074683947 73.500000000000014 61.500000000000007 7.5000000000000009 2.6801093643198914 -0.56643356643356613 0.90014199671009731 1.21764705882353 68.562500000000014 86.968974585960879 1.0980894131579293 0.95835000000000303 69.250000000000014 1.5951072541767612 2.5000000000000004 26.500000000000004 58.500000000000007 -0.38654302119521644 1.0000000180025095e-35 0.072206838901563222 1.0156126482213439
decision_type=2 2 2 2 2 2 2 2 2 2 2 2 2 2 2 2 2 2 2 2 2 2 2 2 2 2 2 2 2 2 2 2 2 2 2 2 2 2 2 2 2 2 2 2 2 2 2
left_child=2 -2 -1 -4 -5 6 -6 -7 -3 12 16 -12 13 14 15 -10 -8 18 -16 -13 21 27 23 -22 26 43 -24 28 29 36 31 -31 34 -34 -33 -36 38 -38 39 -19 46 -32 -18 -26 45 -45 -40
right_child=1 8 3 4 5 7 10 -9 9 -11 11 19 -14 -15 17 -17 42 20 -20 -21 22 -23 24 -25 25 -27 -28 -29 -30 30 41 32 33 -35 35 -37 37 -39 40 -41 -42 -43 -44 44 -46 -47 -48
leaf_value=3.2178643949444479 -3.1147529905205533 -0.89548364117574164 2.0666492763939113 -1.7544364550348484 1.7281987480011332 -1.1917005392707001 0.39451510281789876 0.19426010706042518 0.14196360147685458 0.84019425704118322 1.1120753118367952 -0.36684853852522087 -0.82281239957645025 0.74847240514225433 1.0991287775417811 -1.7548225427215751 -0.15955377302908649 -0.099864907448983381 -0.084952000638500599 0.42176150664411205 1.262234831801275 -0.95227465040712467 0.034736735263178428 0.07475855921705564 -0.42967543279131254 0.71365653479444813 -0.69704241236914766 0.43773226772363372 -0.5205728780655634 0.58765646403218497 0.85654041514545676 -0.80905964349963 -0.30029756182006428 0.80573238946240522 0.50068112605429715 -0.75301934145390992 -0.77140931358466613 0.070353792235255244 0.2835656309585976 0.7658520910246619 -0.6845797314316826 0.11857770061355898 -0.81451166045259349 0.86824265086069341 -0.36063547198802737 -0.08301022602516471 -0.26648714360667441
leaf_weight=129 150 88 114 131 82 117 83 130 138 108 106 81 86 80 92 87 89 130 121 107 81 82 154 119 95 137 114 103 146 80 99 96 111 86 93 95 157 110 86 86 112 86 87 81 117 102 81
leaf_count=129 150 88 114 131 82 117 83 130 138 108 106 81 86 80 92 87 89 130 121 107 81 82 154 119 95 137 114 103 146 80 99 96 111 86 93 95 157 110 86 86 112 86 87 81 117 102 81
internal_value=0 -0.149337 0.425006 0.102757 -0.120074 0.124384 0.353779 -0.464406 -0.0262802 -0.00449382 0.147226 0.455799 -0.0312263 -0.0107083 -0.0294646 -0.59598 -0.203452 0.0124817 0.429228 0.0818448 -0.0189254 -0.0917247 0.11491 0.559574 0.00318469 0.145078 -0.277977 -0.0510436 -0.0817274 -0.0389228 0.102184 -0.0349449 -0.1395 0.184169 -0.363876 -0.13347 -0.177019 -0.425647 -0.0423234 0.24676 -0.266212 0.515969 -0.486084 -0.0534293 0.066747 0.340467 0.0167754
internal_weight=0 3789 1256 1127 1013 882 635 247 3639 3551 553 294 3443 3357 3277 225 259 3052 213 188 2839 1839 1000 200 800 532 268 1757 1654 1508 746 561 481 197 284 188 762 267 495 216 279 185 176 395 300 183 167
internal_count=5045 3789 1256 1127 1013 882 635 247 3639 3551 553 294 3443 3357 3277 225 259 3052 213 188 2839 1839 1000 200 800 532 268 1757 1654 1508 746 561 481 197 284 188 762 267 495 216 279 185 176 395 300 183 167
is_linear=0
shrinkage=0.05


Tree=103
num_leaves=47
num_cat=0
split_feature=19 2 29 37 3 13 2 9 20 15 2 19 40 5 19 19 40 13 9 20 20 29 46 43 37 40 7 30 46 33 17 13 9 20 18 46 22 18 19 48 44 17 3 48 20 29
split_gain=70174.1 124955 512334 69481.3 52989.4 23661.4 20687.3 33883.3 29373.4 22266.7 18117 16387.4 19697.3 13121.8 17620.2 12410.1 34445.4 28270.8 16635.8 11051.4 11058.2 10415.1 10353.8 17333.1 14336.5 15724.3 37744.8 13099.1 13822.7 12574.6 14885.5 12076.8 12289.3 11668.4 19209.3 20848.7 19043.2 17256.6 14667.8 16730.7 14988.6 9872.15 8774.49 10099.8 17784.9 8260.27
threshold=-0.80139372822299648 87.500000000000014 7.3125000000000009 84.500000000000014 157.50000000000003 6.5000000000000009 647.50000000000011 0.95561035147231899 -0.21655944674520522 75.500000000000014 762.50000000000011 0.60644107577301332 53.500000000000007 9.0000000000000018 1.8461538461538463 1.0787819799777532 21.500000000000004 23.500000000000004 1.43734445832816 2.9197618480590619 2.5289915966386554 7.6875000000000009 -0.23537842981696178 1.2500000000000002 13.500000000000002 55.500000000000007 0.69020979020979034 67.812500000000014 0.69521084835931835 1.3750000000000002 0.78019323671497598 20.500000000000004 0.8113611778787907 -1.4552785923753662 67.500000000000014 0.5475998096715059 87.250000000000014 87.500000000000014 2.0236375686496424 0.036026190690933081 10.500000000000002 0.73508771929824568 57.500000000000007 -0.39684465883595316 1.3249744147576965 7.4285750000000013
decision_type=2 2 2 2 2 2 2 2 2 2 2 2 2 2 2 2 2 2 2 2 2 2 2 2 2 2 2 2 2 2 2 2 2 2 2 2 2 2 2 2 2 2 2 2 2 2
left_child=-1 2 -2 4 5 -3 7 8 -7 -10 11 12 41 15 -15 16 -13 -18 19 20 22 -21 23 24 -17 26 -26 28 -24 30 -25 -27 -33 -29 35 -35 37 -36 39 -39 -40 -8 43 -42 -45 -32
right_child=1 3 -4 -5 -6 6 10 -9 9 -11 -12 13 -14 14 -16 18 17 -19 -20 21 -22 -23 27 29 25 31 -28 33 -30 -31 45 32 -34 34 36 -37 -38 38 40 -41 42 -43 -44 44 -46 -47
leaf_value=1.0862479637066522 1.8459042525872953 0.70620305342180245 -3.2593397493284892 1.4572039767924476 0.97281089411250188 -1.4044865398571409 -1.053280519189373 0.46888060479060467 0.081342934702869754 -0.93885043940760871 0.67271213081418257 -0.22811978618109149 0.1824736576676369 -0.78462177937866284 0.03991952389478684 -0.49499574208091346 0.13179885650222953 1.3748406472049424 -0.65108387164210768 0.70000885762927822 -0.46710594870150096 -0.038419524266059144 0.58178888655997607 -0.25421800668706601 1.2866483091940115 0.34725968111996303 -0.12400978544484015 -0.64335620597917209 -0.20221850587116494 0.95197726963531404 0.20138868051662781 -0.012864690044391081 -0.73022405117129285 0.98907967564172861 -0.64086386551291263 -0.083334677681034697 -0.70357379680164422 -0.0043015188613875965 -0.6765898132920265 0.91414671595252706 -0.52315336547114633 -0.31164113349384737 0.39091275055474101 -0.38533338757593238 0.3966291077481876 0.83106420709162343
leaf_weight=149 81 110 122 84 139 86 92 91 136 87 97 152 99 116 145 123 87 96 92 113 119 82 147 96 80 107 114 97 90 83 113 158 95 81 117 101 138 121 99 83 109 89 108 133 158 97
leaf_count=149 81 110 122 84 139 86 92 91 136 87 97 152 99 116 145 123 87 96 92 113 119 82 147 96 80 107 114 97 90 83 113 158 95 81 117 101 138 121 99 83 109 89 108 133 158 97
internal_value=0 -0.0114375 -1.22321 0.0404871 0.014731 -0.0148296 -0.0329009 -0.375382 -0.624726 -0.319084 0.00120228 -0.0155388 -0.383471 0.0127835 -0.328139 0.0391283 0.327546 0.787814 0.00739423 0.0280595 0.00235838 0.390879 0.0236243 0.143997 -0.00894548 0.0996657 0.46132 -0.0575261 0.284466 0.409512 0.259751 -0.0959638 -0.284043 -0.117954 -0.0766355 0.396745 -0.157753 -0.0759154 0.00627652 0.372017 -0.117051 -0.692323 -0.006892 -0.115006 0.0391416 0.494799
internal_weight=0 4963 203 4760 4676 4537 4427 400 309 223 4027 3930 280 3650 261 3389 335 183 3054 2962 2767 195 2648 1066 677 554 194 1582 237 389 306 360 253 1345 1248 182 1066 928 811 204 607 181 508 400 291 210
internal_count=5112 4963 203 4760 4676 4537 4427 400 309 223 4027 3930 280 3650 261 3389 335 183 3054 2962 2767 195 2648 1066 677 554 194 1582 237 389 306 360 253 1345 1248 182 1066 928 811 204 607 181 508 400 291 210
is_linear=0
shrinkage=0.05


Tree=104
num_leaves=48
num_cat=0
split_feature=0 17 30 2 2 38 2 2 30 17 45 30 8 8 11 3 7 48 19 2 42 19 19 30 25 21 2 34 15 50 21 8 41 40 28 45 34 7 7 21 40 48 46 48 6 40 21
split_gain=111743 153237 82730 472726 376729 36292.4 32593.5 28083.6 19711 30418.1 17705.8 24719.5 23040.7 24628.5 52655.8 20612.9 14589.8 15553.3 14403.2 16894.4 13229.9 11662.9 17986 10879.3 14326.8 12230.6 14076.6 11611.3 13573.2 19065.7 16429.9 15023.3 11584.1 10664.7 10444.6 15906.2 18054 11027.9 13874.7 9989.02 9824.28 9644.21 8608.68 8380.83 8372.48 6446.68 4584.32
threshold=62.750000000000007 0.26969696969696971 213.12500000000003 507.50000000000006 642.50000000000011 3.5000000000000004 602.50000000000011 687.50000000000011 191.56250000000003 0.98936170212765961 0.77788564761185042 129.37500000000003 3.3026086956521739 -0.32086956521739124 2.7500000000000004 37.500000000000007 -1.1692307692307689 -1.2398480355477981 1.700994880710905 737.50000000000011 1.2500000000000002 1.489175120365271 2.0029262345051824 108.12500000000001 1.5000000000000002 -0.79769320408921363 727.50000000000011 1.3750000000000002 77.250000000000014 0.28079178129782895 -0.60209003773558567 0.97826086956521763 1.5000000000000002 4.5000000000000009 71.562500000000014 0.45273815774107123 1.1250000000000002 2.1125874125874131 0.62937062937062982 0.5009166409568665 3.5000000000000004 -0.091716727152893224 0.80290535434334509 -0.083829284475780155 0.34285714285714336 28.500000000000004 0.59014056119318081
decision_type=2 2 2 2 2 2 2 2 2 2 2 2 2 2 2 2 2 2 2 2 2 2 2 2 2 2 2 2 2 2 2 2 2 2 2 2 2 2 2 2 2 2 2 2 2 2 2
left_child=-1 -2 3 -3 -4 6 -5 -7 10 -10 12 18 13 14 -8 -13 -15 -18 20 33 -12 -6 -23 24 27 -26 46 28 30 -30 -19 -32 41 -20 35 36 -25 38 43 -40 42 -29 -24 -36 -33 -42 -27
right_child=1 2 4 5 21 7 8 -9 9 -11 11 15 -14 16 -16 -17 17 23 19 -21 -22 22 40 34 25 26 -28 32 29 -31 31 44 -34 -35 37 -37 -38 -39 39 -41 45 -43 -44 -45 -46 -47 -48
leaf_value=1.7724172252348103 -1.8232351641369684 3.1047727444815258 -3.1416963283994557 -0.84714964352548128 -0.42916086146207616 1.3155104700393148 -1.3762493390346242 0.051368043614530012 1.1690103107827834 -0.17134812481432077 0.65881572862863547 0.16580911107220742 -0.89317544250539638 0.44707224936439438 0.11797443041295717 1.1786213061858699 0.48215549461139268 -0.10661764713079949 -0.68510786586919359 0.40694747279925525 -0.066718084112865714 0.79607351682652006 0.58863929832702155 -0.98896195961051436 0.24954812824726105 -0.98154075723595735 0.086489283104976986 -0.35039617279317326 0.42743528960025423 -0.42660543803245798 0.94827017428940297 -0.1044688377351988 -0.61417004409589271 -0.0062214028012628356 -0.64025355303152054 0.0072752372361719608 -0.17664696752555728 -0.55485427109119689 0.59371469869365689 -0.030713982914769372 -0.5895099679862752 0.36467132114276696 -0.11216819272321815 0.061629618722272211 0.59257208529148209 0.033460685074692818 -0.44763819069363353
leaf_weight=86 116 125 112 119 106 89 106 86 86 82 124 105 86 155 131 96 128 122 147 82 126 86 90 150 83 81 82 81 112 154 145 83 94 95 87 159 126 91 127 128 84 110 84 82 88 81 85
leaf_count=86 116 125 112 119 106 89 106 86 86 82 124 105 86 155 131 96 128 122 147 82 126 86 90 150 83 81 82 81 112 154 145 83 94 95 87 159 126 91 127 128 84 110 84 82 88 81 85
internal_value=0 -0.0350408 0.00782147 0.0880374 -0.520196 -0.00437792 -0.0357643 0.698096 -0.0102664 0.517645 -0.0346933 0.177273 -0.091854 -0.0668426 -0.553303 0.65298 -0.0214846 -0.0519445 0.00984729 -0.209897 0.294338 0.0376043 0.154755 -0.0822602 0.0106212 -0.273622 -0.449015 0.105933 0.214856 -0.0667553 0.385642 0.575429 -0.162937 -0.419725 -0.211192 -0.391292 -0.620099 -0.0586052 0.0489561 0.28138 -0.00980203 0.0611772 0.251611 -0.301336 0.255602 -0.285329 -0.712474
internal_weight=0 4997 4881 4238 643 4113 3938 175 3819 168 3651 775 2876 2790 237 201 2553 2398 574 324 250 531 425 2270 1320 331 248 989 704 266 438 316 285 242 950 435 276 515 424 255 339 191 174 169 171 165 166
internal_count=5083 4997 4881 4238 643 4113 3938 175 3819 168 3651 775 2876 2790 237 201 2553 2398 574 324 250 531 425 2270 1320 331 248 989 704 266 438 316 285 242 950 435 276 515 424 255 339 191 174 169 171 165 166
is_linear=0
shrinkage=0.05


Tree=105
num_leaves=48
num_cat=0
split_feature=19 2 36 0 42 27 21 37 3 29 30 39 20 33 2 0 19 19 2 6 19 1 3 27 23 29 49 27 40 34 48 6 35 34 9 34 46 2 7 6 0 30 31 48 35 46 36
split_gain=102569 403866 595485 396558 457176 126398 106101 66835.6 26147.2 25160 22648.3 21872.1 18931.8 18411.9 21262.1 17932.4 19623 16923.8 18939.2 26828.8 16365 14714.9 23239.5 12448.3 12555.9 10206.9 11811.8 25315.2 18031.9 12503.3 12405.8 24369.2 11918.4 27330 18505.3 11046.4 32098.5 13924.9 13357 21231.9 19954.4 15850 10770.6 10184.6 12019.1 19574.2 6721.59
threshold=0.58127013651310333 87.500000000000014 15.500000000000002 78.750000000000014 3.7500000000000004 81.812500000000014 -0.96721323031807305 54.500000000000007 142.50000000000003 8.8125000000000018 300.62500000000006 4.5000000000000009 -3.4265934065934061 2.1250000000000004 707.50000000000011 70.250000000000014 5.4478144617530821 0.73568078540011184 647.50000000000011 0.68571428571428628 1.7724652587810488 79.500000000000014 72.500000000000014 76.812500000000014 80.750000000000014 13.437500000000002 90.743250280846993 84.906250000000014 63.500000000000007 0.87500000000000011 -0.83021033138457179 1.5428571428571434 3.035699999999999 1.3750000000000002 0.64020395136616792 1.3750000000000002 -0.3744658827978154 707.50000000000011 -0.33146853146853134 1.0000000180025095e-35 85.750000000000014 106.87500000000001 6.5000000000000009 0.20332472332596638 6.2500000000000009 0.79773375822167203 35.500000000000007
decision_type=2 2 2 2 2 2 2 2 2 2 2 2 2 2 2 2 2 2 2 2 2 2 2 2 2 2 2 2 2 2 2 2 2 2 2 2 2 2 2 2 2 2 2 2 2 2 2
left_child=3 2 -2 4 -1 6 -5 9 10 -7 11 12 20 15 -15 -14 17 -17 19 -19 -3 22 43 24 -23 26 27 30 29 -28 31 -25 33 34 -32 38 -37 -38 -34 40 -40 -41 -43 44 -20 -46 -30
right_child=1 8 -4 5 -6 7 -8 -9 -10 -11 -12 -13 13 14 -16 16 -18 18 21 -21 -22 23 -24 25 -26 -27 28 -29 46 -31 32 -33 35 -35 -36 36 37 -39 39 41 -42 42 -44 -45 45 -47 -48
leaf_value=0.06377614576329467 0.56505938610398621 0.83803440275538055 -5.3840002570041392 -0.036842320804242733 5.0491073610666009 0.46102830247676119 -2.6044810805055834 1.6364682697668309 0.64889828740619127 -0.74142846593886258 -0.76151869567014119 -0.77823086584315582 0.61280701382228964 -0.94002150549231289 -0.024698865627217445 0.70255802792051569 -0.72682736183720076 -0.80929223537445072 -0.10203285170098148 0.25225754708973408 -0.055411892077502078 0.01845488901138306 1.0412035654266847 -0.69772505351226699 -0.69438390295679975 -0.458662167959141 -0.22144679823811628 0.74688504652506649 -0.88968836849644084 0.48003424337538692 -0.3254649509798806 0.38465539749179567 -0.43261235406242532 -0.75661446291666767 0.55190037929540059 1.1811111545007602 0.61658429797873449 -0.20423510869706638 1.093222074020727 0.40187441600141699 0.055248081961343454 -0.63329579825513072 0.039049657236319035 -0.20970035683417665 1.1126419169762556 0.026102210981089898 -0.26187728964620166
leaf_weight=92 82 130 85 80 91 93 80 81 159 80 95 84 129 106 156 91 86 154 104 96 84 124 86 136 122 98 141 146 83 114 105 83 102 116 138 101 82 136 101 134 85 111 127 137 84 81 89
leaf_count=92 82 130 85 80 91 93 80 81 159 80 95 84 129 106 156 91 86 154 104 96 84 124 86 136 122 98 141 146 83 114 105 83 102 116 138 101 82 136 101 134 85 111 127 137 84 81 89
internal_value=0 -0.0715711 -2.47693 0.625373 2.55679 -0.232472 -1.32886 0.460672 0.0216204 -0.0960865 -0.0024069 0.015442 0.0323079 0.00637435 -0.397186 0.0364993 0.0144143 0.0339045 0.0147717 -0.402276 0.488709 0.0500478 0.299488 0.000341176 -0.336447 0.0376612 0.0607012 0.119659 -0.174169 0.0928066 0.0604021 -0.287624 0.117538 -0.128636 0.173012 0.20785 0.448968 0.105919 0.0908066 0.187088 0.621711 -0.0313076 -0.275861 0.140204 0.318524 0.58262 -0.568224
internal_weight=0 4503 167 597 183 414 160 254 4336 173 4177 4082 3998 3784 262 3522 3393 3307 3216 250 214 2966 492 2474 246 2228 2130 1703 427 255 1557 219 1338 359 243 979 319 218 660 558 186 372 238 406 269 165 172
internal_count=5100 4503 167 597 183 414 160 254 4336 173 4177 4082 3998 3784 262 3522 3393 3307 3216 250 214 2966 492 2474 246 2228 2130 1703 427 255 1557 219 1338 359 243 979 319 218 660 558 186 372 238 406 269 165 172
is_linear=0
shrinkage=0.05


Tree=106
num_leaves=48
num_cat=0
split_feature=36 2 3 0 17 10 3 7 21 48 20 6 35 30 48 3 16 19 2 50 3 20 36 48 3 20 13 17 29 19 30 36 34 10 6 18 18 17 17 46 28 28 27 6 30 46 6
split_gain=101733 350197 256752 344553 244557 40636.7 38058.3 15920 27643.9 54832.7 15405.6 29455 32139.4 17288.6 25830.5 30100.2 20359.4 18319 18296.7 17064.5 16299.6 15854.2 19530.8 18511.7 14445.3 15837.8 13994 16703.4 18615.4 11332.1 9880.67 14915.5 14241.2 8704.1 15203.7 19101.7 14438.5 10238.8 14386.9 17000.1 12800.8 8025.68 8645.9 7381.25 6502.04 8161.12 3918.39
threshold=67.500000000000014 622.50000000000011 737.50000000000011 82.750000000000014 0.36602870813397131 0.61832221640497564 172.50000000000003 -3.7972027972027962 2.4047756210227651 -0.025499409301800727 -0.17762845849802358 -4.6285714285714272 18.750000000000004 140.62500000000006 -0.29917828677811648 57.500000000000007 10.500000000000002 1.7111436950146632 712.50000000000011 4.1231374149196407 107.50000000000001 2.1883329012185642 2.5000000000000004 0.37805899533593951 82.500000000000014 0.46294314381270912 34.500000000000007 0.86100386100386117 10.687500000000002 3.1000999000999006 115.00000000000003 44.500000000000007 0.62500000000000011 1.8319649019081989 2.2285714285714291 102.50000000000001 97.500000000000014 0.9582608695652175 0.69782608695652182 -0.38243420677835349 68.312500000000014 66.781250000000014 83.312500000000014 1.21764705882353 94.375000000000014 -0.10837475778693638 0.34285714285714275
decision_type=2 2 2 2 2 2 2 2 2 2 2 2 2 2 2 2 2 2 2 2 2 2 2 2 2 2 2 2 2 2 2 2 2 2 2 2 2 2 2 2 2 2 2 2 2 2 2
left_child=2 -2 4 -4 -1 -6 7 -7 10 -10 11 -9 26 19 16 17 -15 -16 -18 20 24 22 -19 -24 30 -26 27 28 -13 -20 31 33 -32 36 35 -35 44 38 40 -40 -38 -34 -43 -39 45 -12 -41
right_child=1 -3 3 -5 5 6 -8 8 9 -11 13 12 -14 14 15 -17 18 21 29 -21 -22 -23 23 -25 25 -27 -28 -29 -30 -31 32 -33 41 34 -36 -37 37 43 39 46 -42 42 -44 -45 -46 -47 -48
leaf_value=-2.628356200291051 -3.6505740526281758 0.67657064454512561 4.1777625414904431 -0.37520088800569862 1.0004332751333713 0.62302198362822581 -1.0196005696250547 0.60162347140972339 0.15799404529352037 -1.3948304132546652 -0.32452015077366547 -1.0950617960607163 -1.164843245307998 0.48520891465147775 -0.23983673846677825 1.1789415016356442 -0.92862881581698142 0.039039832914229668 -0.33506718887914 -0.72165401434323873 0.61067689908929523 -0.052503378701210024 1.2850568245581497 0.33345943907482756 -0.9219023810343796 -0.04282952275921087 0.41273266111152723 0.091730748998447201 -0.075438999483384284 0.40613197113682586 0.18127187144942583 0.55514580907437627 -0.017681272482049877 -0.019851589118215173 -0.19226092603699915 0.97544954263225758 0.032370293066825394 -0.6551516563296188 0.55298471829749107 0.073854517956952678 -0.85893025724792182 -0.96037439974871563 -0.26498725043332322 -0.11193091618638916 0.4773634543446334 0.34822455747829134 -0.38338122796267271
leaf_weight=89 80 110 84 81 99 100 92 92 125 103 84 98 100 112 135 107 83 100 138 82 106 124 122 89 88 121 82 141 82 81 159 148 86 87 115 107 80 142 150 91 80 87 93 112 151 95 95
leaf_count=89 80 110 84 81 99 100 92 92 125 103 84 98 100 112 135 107 83 100 138 82 106 124 122 89 88 121 82 141 82 81 159 148 86 87 115 107 80 142 150 91 80 87 93 112 151 95 95
internal_value=0 -1.15496 0.0216324 1.95388 -0.047292 0.00360466 -0.0187165 0.00256854 -0.0120942 -0.546529 0.0181574 -0.216591 -0.367141 0.058694 0.223181 0.413217 -0.0878259 0.267663 -0.301242 -0.017441 0.00822499 0.425352 0.615437 0.887138 -0.0214576 -0.415593 -0.166807 -0.315673 -0.63355 -0.0603251 0.0207176 0.0797303 -0.192386 0.0287111 0.262256 0.53129 -0.0382895 -0.159515 -0.0270838 0.158726 -0.415847 -0.415581 -0.60454 -0.417 0.236872 0.0324741 -0.160481
internal_weight=0 190 4818 165 4653 4564 4465 4373 4273 228 4045 595 503 3450 1091 677 414 570 302 2359 2277 435 311 211 2171 209 403 321 180 219 1962 1537 425 1389 309 194 1080 750 496 336 160 266 180 254 330 179 186
internal_count=5008 190 4818 165 4653 4564 4465 4373 4273 228 4045 595 503 3450 1091 677 414 570 302 2359 2277 435 311 211 2171 209 403 321 180 219 1962 1537 425 1389 309 194 1080 750 496 336 160 266 180 254 330 179 186
is_linear=0
shrinkage=0.05


Tree=107
num_leaves=49
num_cat=0
split_feature=17 13 31 2 3 30 11 34 31 25 3 37 49 48 27 28 30 49 48 48 2 8 41 30 10 7 8 17 6 28 46 28 9 46 6 18 30 45 35 8 10 23 41 46 6 36 7 10
split_gain=98632.6 346910 111306 148921 31139.5 17556.1 12983.5 13509.9 48757.9 13008.5 32402.2 12825.7 11878 27297.8 13928.1 24189.5 23229.4 20993.2 13542.7 23519.4 32198.2 27915.1 27657.2 22570.6 37633.6 15814.8 15042.1 19121.8 16055.4 17062.6 18172 14283 16998.6 34904.1 19884.9 12705.3 11953.3 17898.3 17708.7 13171 11844.3 10696.3 9213.29 8585.19 8521.44 7896.46 6704.37 6652.72
threshold=0.36038961038961043 15.500000000000002 3.5000000000000004 507.50000000000006 172.50000000000003 300.62500000000006 5.5000000000000009 0.20835000000000295 6.5000000000000009 2.5000000000000004 62.500000000000007 41.500000000000007 91.930887244269641 0.32622159390325495 84.437500000000014 72.312500000000014 118.12500000000001 89.776471112997186 -0.13268026872682284 -0.020165161493875167 662.50000000000011 0.69432494279176216 1.5000000000000002 194.37500000000003 1.8569022471161951 -0.98601398601398571 -1.0000000180025095e-35 0.59359359359359376 -1.712915523707384e-16 69.312500000000014 0.48877522411129348 59.437500000000007 0.70355339059327393 -0.50557503990954278 2.2285714285714291 122.50000000000001 102.81250000000001 0.42179998225932674 12.708349999999998 0.35739130434782618 1.8811110367658916 76.250000000000014 2.5000000000000004 -0.21862536810265826 0.34285714285714264 9.5000000000000018 1.096323031806903 1.5314345969429468
decision_type=2 2 2 2 2 2 2 2 2 2 2 2 2 2 2 2 2 2 2 2 2 2 2 2 2 2 2 2 2 2 2 2 2 2 2 2 2 2 2 2 2 2 2 2 2 2 2 2
left_child=1 -1 -2 -4 5 6 7 8 11 12 42 -5 14 -14 18 -16 17 -17 25 21 22 -20 -21 36 -25 -9 -27 -28 29 30 -29 41 33 -33 -34 -19 39 44 -39 -22 43 -30 -11 -41 -38 -35 -45 -36
right_child=2 -3 3 4 -6 -7 -8 9 -10 10 -12 -13 13 -15 15 16 -18 35 19 20 23 -23 -24 24 -26 26 27 28 31 -31 -32 32 34 45 47 -37 37 38 -40 40 -42 -43 -44 46 -46 -47 -48 -49
leaf_value=-0.9512824474455237 -1.6380930949481998 3.4813192505476089 1.5537565607933483 -0.46239601758922017 -0.98352376855449908 -0.64332215163637618 0.56422296288971585 -0.64410937805386159 0.32445785191196663 -0.21159654377564174 1.1802498172813407 -1.3608818734133685 0.3087125214408426 -0.87633661649990513 -0.28978630950698608 0.86620469473930728 0.98150936961174018 -0.37293164493670145 1.1814104474554159 -0.049240747072453642 0.74842585359313873 0.083756768418119312 -1.2670631487702215 1.3428139877118423 -0.12254990767473461 0.55033095193545467 -0.81191380331593188 -0.55734335455027495 -0.14523778901036297 0.7698862460631769 0.42109307234437721 0.83509175450686957 -1.0315582355882489 -0.63866724023395338 -0.50139834881638712 0.41548877663641098 -0.83364174464344976 -0.19717946088739804 0.7319039419661334 0.33913551153224192 0.43510418203085255 0.58725047181049983 0.41515895818569226 -0.023310052646674975 -0.22605822605213952 -0.0031015279422323388 -0.55168085516056165 0.12080862507408048
leaf_weight=90 100 85 156 81 80 101 106 135 155 145 83 80 84 113 153 82 135 132 98 102 81 140 85 88 86 88 92 87 111 102 102 82 130 120 91 82 99 139 80 80 145 89 97 137 139 82 106 80
leaf_count=90 100 85 156 81 80 101 106 135 155 145 83 80 84 113 153 82 135 132 98 102 81 140 85 88 86 88 92 87 111 102 102 82 130 120 91 82 99 139 80 80 145 89 97 137 139 82 106 80
internal_value=0 1.20924 0.00477736 0.0389043 -0.011642 0.00537793 0.0199994 0.00681722 -0.307673 0.0311133 0.334152 -0.914493 0.00495614 -0.372029 0.025799 0.248955 0.44043 0.191181 -0.0177687 0.0811737 0.00116638 0.538784 -0.606592 0.0979127 0.621992 -0.131909 -0.0763873 -0.124036 -0.0645221 0.252139 -0.0298612 -0.18208 -0.306657 -0.0288546 -0.567806 -0.0702993 0.00673906 -0.18195 0.143996 0.163854 0.0612975 0.182019 0.0402983 -0.107335 -0.481223 -0.381952 -0.255109 -0.211297
internal_weight=0 175 4961 4861 4705 4625 4524 4418 316 4102 325 161 3777 197 3580 584 431 296 2996 1605 1367 238 187 1180 174 1391 1256 1168 1076 291 189 785 585 284 301 214 1006 457 219 549 468 200 242 323 238 202 243 171
internal_count=5136 175 4961 4861 4705 4625 4524 4418 316 4102 325 161 3777 197 3580 584 431 296 2996 1605 1367 238 187 1180 174 1391 1256 1168 1076 291 189 785 585 284 301 214 1006 457 219 549 468 200 242 323 238 202 243 171
is_linear=0
shrinkage=0.05


Tree=108
num_leaves=49
num_cat=0
split_feature=3 45 32 17 49 30 3 41 41 21 33 28 48 48 6 35 17 13 25 7 13 14 23 28 28 41 4 2 45 10 47 17 21 47 28 18 10 7 45 40 0 48 50 50 27 7 48 50
split_gain=115609 574727 40338.2 56948.4 50900.5 21326.9 24144.9 133125 54196.8 20099.7 21698.2 20538.2 17100.3 16927.5 15401.5 14077.5 14246.5 16591.3 13974.6 13834.9 13794.4 16899.5 15762.1 24742.2 14741.1 14271.8 12723.2 19306.3 13863.1 12632 16168.9 20364.5 11655.5 12196.5 15093.5 13737.3 13670.5 15708.2 11305.9 10944.3 10398.2 8522.65 8321.4 7351.33 5570.24 4626.31 3335.87 2971.59
threshold=672.50000000000011 -0.20180236284700911 6.5000000000000009 0.38585607940446659 86.22303445308809 300.62500000000006 112.50000000000001 1.0000000180025095e-35 2.5000000000000004 2.4047756210227651 0.31250000000000006 74.541675000000012 -0.54263860397126462 -0.22354599379225149 1.21764705882353 36.250000000000007 0.9298029556650248 31.500000000000004 1.5000000000000002 1.2083916083916091 27.500000000000004 2.5000000000000004 89.750000000000014 72.406250000000014 70.312500000000014 1.0000000180025095e-35 0.62500000000000011 702.50000000000011 0.63920241694561786 1.816738792892981 7.5000000000000009 0.84731934731934744 1.0542253544089564 2.5000000000000004 58.937500000000007 152.50000000000003 1.5055196306985483 0.34965034965034975 -0.50556189049999822 36.500000000000007 85.250000000000014 -0.13616175977095604 0.31956280847965962 0.76511935081488514 81.312500000000014 1.9510489510489515 -0.013485125772039043 0.88781491098161791
decision_type=2 2 2 2 2 2 2 2 2 2 2 2 2 2 2 2 2 2 2 2 2 2 2 2 2 2 2 2 2 2 2 2 2 2 2 2 2 2 2 2 2 2 2 2 2 2 2 2
left_child=2 -2 4 -4 -1 6 9 -8 -9 10 11 12 14 -14 -5 16 17 20 38 -17 21 22 23 26 -22 -23 28 -28 -12 30 31 -15 33 43 -35 36 39 -38 -19 -36 -27 -21 -32 -18 -39 -34 -11 -24
right_child=1 -3 3 5 -6 -7 7 8 -10 46 15 -13 13 29 -16 19 32 18 -20 41 24 25 47 -25 -26 40 27 -29 -30 -31 42 -33 45 34 35 -37 37 44 -40 -41 -42 -43 -44 -45 -46 -47 -48 -49
leaf_value=0.026685344844783118 -4.1939074402270107 0.88136098619917758 -1.2823316239340361 -1.0336950744480589 1.6850245177009961 -0.67127618331631478 -0.71394940736533719 1.9293738049679789 0.41245950128211351 -0.3164709773005509 -0.15042942850185292 -0.94093229450830607 0.46757699258377161 -0.45649268118153635 -0.10650096120802979 0.78716776489383644 -0.10208858231418445 0.23241694309245584 -0.035149583988582971 -0.23345306314779132 -0.6769075380431282 -0.01471747672686013 -0.19570767651369544 0.93705581994283771 0.10327793861192369 1.1467758400409027 -0.86400807904846533 0.12005027533809016 0.62068090722209124 0.29630737553781539 -0.17792770623424908 0.47509767100459244 -0.6632702782890707 0.61971404267408492 0.060948198393700609 -0.49331389293387656 -0.69368990986812407 -0.15762521803379059 0.96622141630969183 0.83293275896377938 0.36527759466658938 0.45490175845858816 -0.83169156138117861 -0.71410001046865823 0.37876167795487814 -0.16557320262803588 -0.77691011369964225 -0.62889952282478789
leaf_weight=108 91 141 85 85 80 109 158 115 121 81 111 81 149 112 94 134 121 86 96 88 116 92 80 83 125 85 84 120 121 133 80 121 105 111 93 118 81 89 137 90 87 90 126 82 104 85 80 80
leaf_count=108 91 141 85 85 80 109 158 115 121 81 111 81 149 112 94 134 121 86 96 88 116 92 80 83 125 85 84 120 121 133 80 121 105 111 93 118 81 89 137 90 87 90 126 82 104 85 80 80
internal_value=0 -1.11882 0.0215674 -0.00769557 0.737543 0.0164512 0.0335204 0.406606 1.15666 -0.00299247 0.0198142 -0.183288 -0.114131 -0.00528669 -0.550085 0.0887007 0.0502912 0.149762 0.469217 0.405388 0.0633697 0.149659 0.0174704 0.151294 -0.273492 0.488296 -9.06836e-05 -0.287388 0.252682 -0.129064 -0.258315 0.0272574 -0.088278 -0.0121285 0.0886911 -0.0147174 0.109666 -0.113814 0.68553 0.443076 0.755879 0.115188 -0.579889 -0.351594 0.131875 -0.442649 -0.548644 -0.414864
internal_weight=0 232 4812 4624 188 4539 4430 394 236 4036 3875 981 900 721 179 2894 2582 1503 319 312 1184 943 679 519 241 264 436 204 232 572 439 233 1079 889 686 575 457 274 223 183 172 178 206 203 193 190 161 160
internal_count=5044 232 4812 4624 188 4539 4430 394 236 4036 3875 981 900 721 179 2894 2582 1503 319 312 1184 943 679 519 241 264 436 204 232 572 439 233 1079 889 686 575 457 274 223 183 172 178 206 203 193 190 161 160
is_linear=0
shrinkage=0.05


Tree=109
num_leaves=50
num_cat=0
split_feature=37 3 0 17 38 7 28 38 3 28 20 50 2 3 36 21 38 33 37 42 46 30 23 2 21 36 19 17 30 20 48 20 48 19 19 19 20 3 30 30 7 7 10 7 34 17 41 7 8
split_gain=148368 115328 251685 60977.6 30563.1 78372.7 22714.9 26826.1 34251.6 14964.2 31145.6 37075.9 14965.4 46070.5 30337.4 17790 15238.1 10956.4 10313.1 12407.6 11928.6 24812.9 20262.3 15387 13760.3 11028.7 11774.2 10545.2 11214.6 15492.6 8016 16413.3 13056.7 8622.26 16214.9 12010.1 11332.7 14657.3 28785.9 16949.5 12623.7 11453.8 10964.1 9350.12 7821.07 7752 7319.99 5256.73 1342.32
threshold=87.500000000000014 737.50000000000011 82.750000000000014 0.36602870813397131 3.5000000000000004 0.87692307692307703 75.312500000000014 2.5000000000000004 167.50000000000003 73.937500000000014 0.92327759197324433 1.0156844530177269 627.50000000000011 112.50000000000001 18.500000000000004 2.5997536945812887 1.5000000000000002 0.95835000000000303 39.500000000000007 1.7500000000000002 -0.55656394595157355 159.37500000000006 90.750000000000014 707.50000000000011 -0.11886033106632253 25.500000000000004 0.67724960797716238 0.71714285714285719 138.12500000000006 0.78995923431407311 -0.98101576037870786 1.2173135541556597 -0.80276580270407083 3.5143962848297217 3.2946394686907028 4.1962733806182486 -0.12744360902255639 27.500000000000004 169.37500000000003 165.62500000000006 0.47362637362637372 -0.16783216783216767 1.5364651941646761 0.97342657342657346 1.3750000000000002 1.1835016835016836 1.5000000000000002 -0.73426573426573405 0.9365217391304349
decision_type=2 2 2 2 2 2 2 2 2 2 2 2 2 2 2 2 2 2 2 2 2 2 2 2 2 2 2 2 2 2 2 2 2 2 2 2 2 2 2 2 2 2 2 2 2 2 2 2 2
left_child=1 3 -3 -1 6 -6 7 8 9 12 11 -11 14 15 -5 16 18 -12 20 27 21 22 23 -14 -24 26 -22 -20 29 -29 31 -28 -32 34 36 45 47 39 40 42 41 -39 48 -42 -37 -35 -25 -34 -38
right_child=-2 2 -4 4 5 -7 -8 -9 -10 10 17 -13 13 -15 -16 -17 -18 -19 19 -21 25 -23 24 46 -26 -27 30 28 -30 -31 32 -33 33 35 -36 44 37 38 -40 -41 43 -43 -44 -45 -46 -47 -48 -49 -50
leaf_value=-1.2848708446402299 -2.1413893997577236 3.0875775067702587 -0.64657025283642033 0.14708508965612829 1.5920067516541241 -0.4257217332403711 -0.72228306208351822 -0.65956224158045751 0.91987091350083316 0.088783010256659134 0.15769145093684975 1.5236394782276717 0.69506632680016933 1.1578280757330819 -1.1998198256264498 -0.69896080280635875 0.51759608092952547 -0.57897894259048521 -0.61555005809762975 -0.72242999177909006 -0.55825661060810094 0.9092793400548399 0.092305913004150364 -0.34324471887031738 -0.79882636734462809 0.45232358081172208 0.70105474261341227 0.6874550464014082 -0.36655753197173785 -0.11897201614454389 -0.67211674078084205 -0.19487681709370525 -0.12831567080466302 -0.82887598162638809 0.69365063059477161 0.29385537529313888 -0.06473023312666068 -0.094766614929469958 1.0285265143442137 -0.66732074375909112 -0.54816846106654016 0.69118344240408958 0.47876886366970012 0.066710440277242336 -0.27659256359507184 -0.18436772332471962 0.28808993436396124 -0.66900346792497478 -0.35356441073947487
leaf_weight=94 80 91 88 86 98 93 115 154 100 96 128 84 131 80 80 101 122 82 90 107 124 99 80 87 93 98 98 94 146 159 91 105 90 106 80 110 81 82 87 129 106 105 89 146 130 84 95 90 80
leaf_count=94 80 91 88 86 98 93 115 154 100 96 128 84 131 80 80 101 122 82 90 107 124 99 80 87 93 98 98 94 146 159 91 105 90 106 80 110 81 82 87 129 106 105 89 146 130 84 95 90 80
internal_value=0 0.015845 1.2584 -0.030696 -0.00540371 0.612452 -0.0316419 -0.0134517 0.0101044 -0.0120287 0.282374 0.763101 -0.042624 -0.0211241 -0.505323 -0.0482783 -0.0288294 -0.131341 -0.0492307 -0.237268 -0.00758916 0.192005 0.0443264 0.284076 -0.38858 -0.0629654 -0.0882636 -0.12985 -0.0190281 0.182176 -0.0571327 0.238958 -0.0929035 -0.0594571 0.0112205 -0.250526 -0.0396893 0.0325093 0.203155 -0.204234 0.0376187 0.347871 0.0364247 -0.193073 -0.0150028 -0.546393 -0.0139284 -0.400862 -0.209547
internal_weight=0 4984 179 4805 4711 191 4520 4405 4251 4151 390 180 3761 3595 166 3515 3414 210 3292 596 2696 585 486 313 173 2111 2013 489 399 253 1889 203 1686 1595 1165 430 1085 905 526 379 439 187 250 252 240 190 182 180 161
internal_count=5064 4984 179 4805 4711 191 4520 4405 4251 4151 390 180 3761 3595 166 3515 3414 210 3292 596 2696 585 486 313 173 2111 2013 489 399 253 1889 203 1686 1595 1165 430 1085 905 526 379 439 187 250 252 240 190 182 180 161
is_linear=0
shrinkage=0.05


Tree=110
num_leaves=49
num_cat=0
split_feature=31 3 28 50 10 4 3 40 3 48 2 28 30 29 33 8 43 10 30 30 6 21 48 50 40 30 30 10 46 49 18 45 50 30 29 33 48 47 28 16 18 50 3 9 48 29 31 36
split_gain=208322 329050 220732 86682.3 27306.7 29431.9 79011.2 64789.5 36915.1 99206.7 13832.4 13118.3 21262 18070.3 15129.7 23985.7 23267.9 25504.7 18762.3 14679 21568.5 17080.6 19094 15073.9 21039.3 14017.7 24076.4 23796.5 18420.8 16510.3 15149.9 13277.9 11475 11009.3 10494.5 11738.2 11355.6 12196.9 9389.85 8971.83 14635.6 8811.49 8418.56 8173.87 8062.94 7355.39 6184.48 3788.99
threshold=3.5000000000000004 737.50000000000011 64.031250000000014 6.2645105164682571 0.6628928234136684 3.2500000000000004 127.50000000000001 65.500000000000014 127.50000000000001 -0.10508047667762555 752.50000000000011 47.750000000000007 231.87500000000003 7.5625000000000009 1.8750000000000002 0.6547826086956523 2.7500000000000004 1.2544668640371113 141.87500000000006 64.375000000000014 -1.0000000180025095e-35 -2.1515642549301393 0.92770503615176259 0.67434145468467233 68.500000000000014 108.12500000000001 78.125000000000014 1.414366466857786 -0.18493013702746822 88.040776843103103 77.500000000000014 0.83376496542330847 0.5310256298317243 119.37500000000001 6.8125000000000009 0.54164999999999719 0.20332472332596638 3.5000000000000004 72.687500000000014 11.250000000000002 92.500000000000014 1.6806717173053018 32.500000000000007 0.74684373492735923 -0.26239710014715334 9.0312500000000018 7.5000000000000009 6.5000000000000009
decision_type=2 2 2 2 2 2 2 2 2 2 2 2 2 2 2 2 2 2 2 2 2 2 2 2 2 2 2 2 2 2 2 2 2 2 2 2 2 2 2 2 2 2 2 2 2 2 2 2
left_child=-1 3 -3 4 -2 8 7 -7 10 -10 11 -6 14 41 16 -16 19 -18 42 20 -13 -21 23 24 32 26 -25 30 -29 31 -27 -28 34 -26 35 -23 37 -36 47 40 -39 -14 -17 -22 -19 -24 -31 -32
right_child=1 2 -4 -5 5 6 -8 -9 9 -11 -12 12 13 -15 15 18 17 44 -20 21 43 22 45 25 33 27 29 28 -30 46 38 -33 -34 -35 36 -37 -38 39 -40 -41 -42 -43 -44 -45 -46 -47 -48 -49
leaf_value=-2.0260106748342515 0.69896798786388614 0.43697493282365213 4.145870580202268 -1.3930258231030572 -0.45034146197383707 0.98848231259201258 -1.6879549498086448 -0.92275196976131868 -0.42251042969086594 2.0181758512810961 0.53990506342341826 -0.27458463974213337 1.1439667664378523 -0.010256251225677821 0.96540021014582256 0.074986928109532211 -0.94292342181863464 0.30746108454816484 0.67339533340363278 -0.75334492875837988 1.0187723287716091 -0.73423894025556002 -0.21125917000191233 -0.328969549365563 0.7168432014407935 -0.80100956484675412 1.143514464149308 0.73967055294897177 -0.16876488860858524 0.45607739663682878 -0.48984131502068567 0.32806869305400965 -0.70332912931737213 -0.022951678037643433 -0.36266479823080933 -0.076261359075425375 -0.41978173621676185 0.46497226681298853 0.38196184267232453 0.52843067390651544 -0.28662974999348323 0.40087751065507349 -0.59018546121065008 0.31664082165117619 -0.38538384171853585 -0.83436452967339558 -0.13976642087281468 -0.019095995727880503
leaf_weight=119 151 80 80 107 152 97 90 80 84 81 123 88 82 129 96 106 144 84 83 80 88 130 106 100 107 95 131 142 91 91 91 82 96 94 118 141 142 113 80 144 149 80 85 80 82 86 82 80
leaf_count=119 151 80 80 107 152 97 90 80 84 81 123 88 82 129 96 106 144 84 83 80 88 130 106 100 107 95 131 142 91 91 91 82 96 94 118 141 142 113 80 144 149 80 85 80 82 86 82 80
internal_value=0 0.0825019 2.30566 0.00735284 0.0398273 0.0175838 -0.49058 0.124317 0.049707 0.780585 0.0199144 0.00358969 0.0218703 0.431805 -0.0122582 0.289695 -0.0479537 -0.458446 0.0503013 -0.0027942 0.357512 -0.0387957 -0.0155544 0.024536 -0.0943723 0.162273 0.359972 -0.00400632 0.385669 0.538843 -0.266773 0.832587 -0.185482 0.372469 -0.131733 -0.393435 -0.0248142 0.0828147 -0.0621955 0.212862 0.0380699 0.78172 -0.222564 0.688276 -0.0350459 -0.493235 0.174474 -0.271001
internal_weight=0 4923 160 4763 4656 4505 267 177 4238 165 4073 3950 3798 291 3507 370 3137 310 274 2827 256 2571 2491 2299 1234 1065 486 579 233 386 346 213 1033 201 937 271 666 524 251 406 262 162 191 168 166 192 173 171
internal_count=5042 4923 160 4763 4656 4505 267 177 4238 165 4073 3950 3798 291 3507 370 3137 310 274 2827 256 2571 2491 2299 1234 1065 486 579 233 386 346 213 1033 201 937 271 666 524 251 406 262 162 191 168 166 192 173 171
is_linear=0
shrinkage=0.05


Tree=111
num_leaves=49
num_cat=0
split_feature=10 14 30 2 30 2 11 2 36 9 40 2 15 28 10 19 6 29 30 8 48 14 40 6 45 21 48 13 45 0 45 4 45 19 48 17 7 47 50 29 13 22 28 2 28 1 14 18
split_gain=84563.4 79889.1 66401.4 191392 323213 159516 90857.8 49779.3 58442.3 21559.3 16775.1 16275.1 49582.8 83013.3 13530.8 32360.7 15480.6 17769.8 22476.7 19375.3 18806 21148.3 16375.4 15288.4 14368.5 25636.1 16614.1 15377.2 16032.9 14360.6 13837.1 13564.4 10680.7 14133.8 13559.1 15410.1 12875.5 10995.3 11944.6 14942.5 14587.7 14347.9 13684.7 11194 9964.48 17495.8 15372.5 1744.13
threshold=0.49944237277667808 16.500000000000004 59.375000000000007 27.500000000000004 150.62500000000003 697.50000000000011 5.5000000000000009 557.50000000000011 70.500000000000014 0.7523853220844654 90.500000000000014 647.50000000000011 71.500000000000014 70.812500000000014 0.86580260330563286 1.0910991447576814 3.4258310474147689e-16 7.8125000000000009 191.56250000000003 0.3862877830526999 0.072206838901563222 1.5000000000000002 15.500000000000002 -1.0000000180025095e-35 0.87397152483179585 0.12373459873460747 -0.22042485305200651 39.500000000000007 -0.99275805973510278 85.250000000000014 -0.95754239937548935 0.62500000000000011 0.42179998225932674 1.1806969121959636 -0.10508047667762555 0.96148148148148149 -0.37762237762237738 6.5000000000000009 1.9669948909910107 9.6875000000000018 24.500000000000004 89.250000000000014 73.437500000000014 727.50000000000011 66.781250000000014 87.250000000000014 2.5000000000000004 127.50000000000001
decision_type=2 2 2 2 2 2 2 2 2 2 2 2 2 2 2 2 2 2 2 2 2 2 2 2 2 2 2 2 2 2 2 2 2 2 2 2 2 2 2 2 2 2 2 2 2 2 2 2
left_child=-1 2 5 4 -4 -2 7 -5 10 -7 11 12 -9 -14 15 -13 17 18 20 -19 21 -16 -22 44 27 -26 -27 28 -18 -23 -30 -17 36 -34 35 -35 -32 43 39 40 41 -39 47 -38 46 -46 -21 -42
right_child=1 -3 3 6 -6 9 -8 8 -10 -11 -12 14 13 -15 16 31 24 19 -20 23 22 29 -24 -25 25 26 -28 -29 30 -31 32 -33 33 34 -36 -37 37 38 -40 -41 42 -43 -44 -45 45 -47 -48 -49
leaf_value=1.5984596952624706 -2.4676592500302301 -1.2942428439123823 3.7639785704405413 -1.1277026438713074 -0.56107991613992836 0.583523933761395 1.46589153508801 -1.1566255876594338 1.3353048084747225 -0.3963201570217727 0.67440809614055763 1.1468371641483497 1.3478029929456259 -0.62262649378251467 0.57503928611743393 0.4855309318036361 -0.7421280935231378 0.87159614330234614 0.46862257372636301 0.21203739718957382 -1.1265559992412242 0.12091959455225727 -0.24020036488057001 0.71248368710210475 -0.87426312390495742 0.51139985288298406 -0.43209231200755815 0.59428363920568106 0.52312811670951476 -0.75650170534506611 0.42518048506407508 -0.33165266494597162 -0.45690531822634334 0.39860069740386239 0.63861255813516726 -0.5130278137793024 -0.91320047831418472 -0.099597083386920748 -0.5427853935294682 -0.59792970634349019 -0.057524646888760959 0.74733442506790171 -0.69235848604161065 -0.19859826449027732 0.66839767862822264 -0.14632223322427362 -0.63628893554425581 0.26709157140166673
leaf_weight=86 86 111 91 94 81 103 108 120 83 121 90 87 83 146 114 85 84 120 153 109 81 100 145 107 152 85 101 90 102 86 83 123 80 104 146 82 101 83 134 91 84 124 80 120 130 132 103 80
leaf_count=86 86 111 91 94 81 103 108 120 83 121 90 87 83 146 114 85 84 120 153 109 81 100 145 107 152 85 101 90 102 86 83 123 80 104 146 82 101 83 134 91 84 124 80 120 130 132 103 80
internal_value=0 0.0261029 0.056351 0.104368 1.73571 -0.650646 0.0402899 0.00412634 0.0297019 0.0548241 0.00308206 -0.0120739 -0.337892 0.0943016 0.0189007 0.343082 -0.00943609 0.119412 -0.0628709 0.295813 -0.218065 0.0416171 -0.56144 0.175597 -0.0980909 -0.394853 -0.000497478 -0.0377551 -0.0741564 -0.286646 -0.0361285 0.00301785 -0.0774546 0.135929 0.279723 -0.00389431 -0.16721 -0.222436 -0.121966 -0.017118 0.101138 0.408897 -0.160556 -0.527824 0.0531564 0.258932 -0.201173 0.101484
internal_weight=0 4998 4887 4577 172 310 4405 4297 4203 224 4120 4030 349 229 3681 295 3386 1380 679 701 526 300 226 581 2006 338 186 1668 1578 186 1494 208 1392 412 332 186 980 897 676 542 451 207 244 221 474 262 212 164
internal_count=5084 4998 4887 4577 172 310 4405 4297 4203 224 4120 4030 349 229 3681 295 3386 1380 679 701 526 300 226 581 2006 338 186 1668 1578 186 1494 208 1392 412 332 186 980 897 676 542 451 207 244 221 474 262 212 164
is_linear=0
shrinkage=0.05


Tree=112
num_leaves=51
num_cat=0
split_feature=0 3 29 50 45 4 19 37 3 42 45 37 5 36 10 10 15 29 20 0 23 8 16 29 44 23 10 21 33 19 11 50 4 45 21 21 7 21 36 5 8 3 7 45 35 34 7 4 4 50
split_gain=142920 661050 513807 453410 219422 110036 163991 98469.4 65670.1 28566.6 43987.9 18787.5 16998.3 16755.7 16711.2 23149.4 15615.9 13817.1 17901.9 36710.6 52710.4 45925.4 15928.8 13314.4 12590.7 16023.3 13488.3 31770.4 20496.7 12353.1 11498 18376.7 17561 19817.8 17196.7 13531.3 17626.1 23178 16386 11564.4 10833.3 10477.9 14318 10131 9930.91 7190.5 7641.89 7104.43 6022.76 5213.68
threshold=78.750000000000014 202.50000000000003 7.4285750000000013 6.0104411763314625 -0.69057362043749781 4.7500000000000009 0.58127013651310333 37.500000000000007 87.500000000000014 3.7500000000000004 -0.28519255817492867 76.500000000000014 -1.0000000180025095e-35 2.5000000000000004 1.5116573282773487 2.2162245024290281 81.250000000000014 4.5625000000000009 0.27320574162679429 83.250000000000014 85.750000000000014 0.12782608695652178 10.500000000000002 6.9375000000000009 15.500000000000002 84.250000000000014 2.0305344756063222 2.0355127630989647 0.54164999999999719 1.3029007586121131 1.5639534883720965 2.2747800656733834 0.62500000000000011 -0.92274349529687905 -0.61605399092292135 1.4264005602240888 0.27132867132867139 -0.095345572899759631 45.500000000000007 1.0000000180025095e-35 1.7556521739130437 47.500000000000007 0.97342657342657346 -0.13398594226331254 6.2500000000000009 1.1250000000000002 1.732867132867133 1.0000000180025095e-35 1.2500000000000002 1.2711018857277738
decision_type=2 2 2 2 2 2 2 2 2 2 2 2 2 2 2 2 2 2 2 2 2 2 2 2 2 2 2 2 2 2 2 2 2 2 2 2 2 2 2 2 2 2 2 2 2 2 2 2 2 2
left_child=3 9 -3 4 -1 6 -6 8 12 11 -11 16 -8 14 -14 -16 17 -2 19 20 29 -21 -23 -24 26 -26 27 30 -28 -19 32 35 33 -20 -35 36 37 -32 40 -36 41 42 -38 -30 -37 46 -44 -43 -31 -15
right_child=1 2 -4 -5 5 -7 7 -9 -10 10 -12 -13 13 49 15 -17 -18 18 24 21 -22 22 23 -25 25 -27 28 -29 43 48 31 -33 -34 34 39 44 38 -39 -40 -41 -42 47 45 -45 -46 -47 -48 -49 -50 -51
leaf_value=2.5456153730882538 0.50413168485449489 -0.24935758659638557 -5.6549450763903168 3.7681383162580042 2.1043718759088139 -1.678260877598887 -0.58051090202669597 -1.4964142767919435 1.2121779792267702 0.18183447434788658 -1.4078814005786247 0.58402903062455802 -0.63963189824369915 0.75765818263645535 0.56763391916559447 -0.38339227608932086 0.48141308507283792 0.22084249217401852 -0.62869017660617832 0.82664540011149201 -1.6239301754368676 -0.88549752288004935 -0.47620117114140437 0.38640536733649 0.016284266942077213 -0.85030656841493435 -0.2378602996283338 -0.70934871668889099 0.29733194489795045 -0.82101420951478277 0.98454528876269853 0.78177189076843767 -0.66027540201094093 -0.38143475493309142 0.74867739360637342 0.86571181823724308 0.49227267105539307 -0.097034306028514233 0.50542419770111635 0.012378815520595719 -0.69417323232978911 -0.079996010109230326 -0.31132365089875685 1.0726745670891544 0.11302806738350127 -0.50799379604203365 0.37136733381144976 -0.71909708703557662 -0.20593215366940443 0.18727137540898675
leaf_weight=89 112 82 94 94 94 91 133 107 115 83 90 135 113 80 126 128 150 87 89 129 98 84 90 87 125 92 87 145 82 80 95 102 122 86 130 86 118 102 95 90 92 80 80 88 89 97 82 95 80 81
leaf_count=89 112 82 94 94 94 91 133 107 115 83 90 135 113 80 126 128 150 87 89 129 98 84 90 87 125 92 87 145 82 80 95 102 122 86 130 86 118 102 95 90 92 80 80 88 89 97 82 95 80 81
internal_value=0 -0.167865 -3.15207 0.447481 0.174674 -0.0251008 0.130437 -0.0818418 0.114884 -0.0233035 -0.648524 0.00794629 -0.077565 0.0499819 -0.136647 0.0887526 -0.0154643 -0.0389279 -0.0588069 -0.273983 -0.648895 0.0584808 -0.322893 -0.0524193 0.00860953 -0.353333 0.0455973 -0.00104254 0.384554 -0.25705 0.0586997 0.142823 -0.138567 0.023829 0.215044 0.083511 0.00787061 0.426878 -0.104253 0.448883 -0.194834 -0.110506 0.038104 0.702612 0.485736 -0.169912 0.0343943 -0.429051 -0.516662 0.473621
internal_weight=0 3830 176 1251 1157 1068 977 883 776 3654 173 3481 661 528 367 254 3346 3196 3084 735 345 390 261 177 2349 217 2132 1875 257 247 1730 1213 517 395 306 1111 936 197 739 220 644 552 377 170 175 259 162 175 160 161
internal_count=5081 3830 176 1251 1157 1068 977 883 776 3654 173 3481 661 528 367 254 3346 3196 3084 735 345 390 261 177 2349 217 2132 1875 257 247 1730 1213 517 395 306 1111 936 197 739 220 644 552 377 170 175 259 162 175 160 161
is_linear=0
shrinkage=0.05


Tree=113
num_leaves=50
num_cat=0
split_feature=36 50 4 33 2 4 42 2 8 29 0 15 21 46 8 40 15 30 48 33 8 10 30 2 45 29 45 48 45 17 50 46 6 50 2 19 30 48 10 8 20 31 19 50 22 30 31 8 50
split_gain=105805 153414 570973 527705 163250 141969 98702.9 184176 14991.7 22540.6 27737.8 14410 14189.8 20402.2 15070.7 16017.2 11713 12420.6 11199.6 11227.1 17330.5 17107.5 16881.7 16155.9 19662.9 24054 13656.7 13589.3 12856.5 12845.7 35057.6 14014.6 12719.2 12284.6 12110.1 11718.8 16982.1 11455.6 11099 15173.7 10898.8 12469.6 13574.9 10483.5 8890.06 8572.15 6771.2 4753.84 4652.54
threshold=68.500000000000014 4.5152054901559575 0.62500000000000011 1.1250000000000002 227.50000000000003 5.7500000000000009 4.2500000000000009 582.50000000000011 -0.2113043478260869 11.312500000000002 83.250000000000014 81.250000000000014 2.0355127630989647 -0.49812626372919411 0.044850357723460722 84.500000000000014 77.250000000000014 90.625000000000014 -1.4106266058463568 1.3750000000000002 0.27241687979539653 2.7984642619796598 64.375000000000014 742.50000000000011 0.79904096188274243 9.6875000000000018 -0.77245553105869302 0.19739952681172365 -0.93545489084327571 0.76026272577996723 0.46004618753623566 0.85561368268953431 0.34285714285714292 1.1781144626336302 727.50000000000011 1.7111436950146632 170.62500000000003 -0.051472677494896452 1.9983594779885212 0.85639751552795063 0.16005261342073487 6.5000000000000009 1.745034965034965 -0.16611101392356173 82.250000000000014 114.06250000000003 7.5000000000000009 1.3800000000000003 0.44238013571995799
decision_type=2 2 2 2 2 2 2 2 2 2 2 2 2 2 2 2 2 2 2 2 2 2 2 2 2 2 2 2 2 2 2 2 2 2 2 2 2 2 2 2 2 2 2 2 2 2 2 2 2
left_child=1 5 3 4 -3 6 7 -1 9 10 -9 12 14 -14 -10 16 18 48 -16 20 -20 22 37 24 26 32 28 38 -24 44 31 43 -26 -27 -29 -32 -37 -22 39 -21 -19 45 -43 -31 -28 -42 -25 -41 -18
right_child=-2 2 -4 -5 -6 -7 -8 8 11 -11 -12 -13 13 -15 15 -17 17 40 19 27 21 -23 23 46 25 33 29 34 -30 30 35 -33 -34 -35 -36 36 -38 -39 -40 47 41 42 -44 -45 -46 -47 -48 -49 -50
leaf_value=2.4018761350447875 -1.241912188930437 -3.4355778856975281 4.2959695506728055 2.583859447150358 -0.39306784379536036 -1.5727629157019334 -1.5196335698366166 -1.1222124343378501 0.55956922905965589 0.38209085794431824 0.0041172730191698613 0.54967733558079757 -0.9717147559637116 0.032443379354663196 0.58444168566904897 0.59428206069198086 -0.27781208695434945 -0.56837231780605757 -0.46732540196842615 0.34481512088667265 1.0407119065523147 -0.54926076444775562 0.14791193595156074 0.87522113550914815 -0.20529272067610937 0.58679574640949128 0.24663952243599027 -0.78247280567293132 -0.63491226367736131 0.61001736512503679 1.2548421198413486 -0.45430448890796732 -1.0188545796508883 -0.23109283094343389 -0.0045722312870479769 0.23263283661447917 1.115026245651574 0.23503859036571378 0.54454130681186186 -0.67008110619215078 0.69011639975166572 -0.47584312449461263 0.19957785181701185 -0.1615300402229215 -0.47050131464705747 0.0068394675045117233 0.26107240981878121 -0.14668104410171509 -0.8189435435114083
leaf_weight=82 159 81 98 111 96 141 99 113 141 83 105 138 83 127 98 122 81 86 125 109 87 85 127 88 92 88 87 125 88 96 83 111 101 94 83 148 86 90 81 85 95 158 139 80 84 88 93 89 80
leaf_count=82 159 81 98 111 96 141 99 113 141 83 105 138 83 127 98 122 81 86 125 109 87 85 127 88 92 88 87 125 88 96 83 111 101 94 83 148 86 90 81 85 95 158 139 80 84 88 93 89 80
internal_value=0 0.0644669 1.02028 -0.105373 -1.79688 -0.0165767 0.033377 0.069277 0.0236313 -0.315895 -0.582173 0.0496366 0.0313518 -0.367162 0.0547395 0.0339632 0.0132627 -0.164041 0.0628264 0.0421948 0.0997735 0.139218 0.173481 0.120304 0.0612553 -0.246661 0.178021 -0.15222 -0.173956 0.275765 0.383937 -0.0166471 -0.6341 0.165415 -0.473568 0.745523 0.560296 0.634669 0.0322021 -0.11584 -0.0534509 0.0397957 -0.160128 0.260383 -0.106328 0.363369 0.562832 -0.404733 -0.550093
internal_weight=0 4950 386 288 177 4564 4423 4324 4242 301 218 3941 3803 210 3593 3452 3330 727 2603 2505 1933 1808 1723 1546 1365 375 990 572 215 775 604 287 193 182 208 317 234 177 364 283 566 480 297 176 171 183 181 174 161
internal_count=5109 4950 386 288 177 4564 4423 4324 4242 301 218 3941 3803 210 3593 3452 3330 727 2603 2505 1933 1808 1723 1546 1365 375 990 572 215 775 604 287 193 182 208 317 234 177 364 283 566 480 297 176 171 183 181 174 161
is_linear=0
shrinkage=0.05


Tree=114
num_leaves=47
num_cat=0
split_feature=33 38 50 33 17 0 3 19 33 38 15 20 27 17 50 37 7 19 19 36 14 23 4 7 12 45 0 17 19 20 20 10 50 48 7 21 45 2 25 7 20 37 45 19 33 20
split_gain=85889.2 98841.6 70861.7 268774 751702 532499 138066 18784.9 17765 22665.9 18955.9 28296.1 19685.1 62574.7 19045.1 16865.9 16974.1 13719.5 16274.6 14743 11271.6 8813.57 17643.8 9563.37 17959.5 13077.4 28104.4 10993.3 18717.9 19835.7 13647 15057 18262 18197.6 15639.8 14376 13890.7 25947.8 10998.8 11302.7 10227.4 14774.4 8788.57 8557.71 9799.12 5560.85
threshold=2.8125000000000004 4.5000000000000009 4.1231374149196407 1.1250000000000002 0.53589743589743599 82.750000000000014 197.50000000000003 -0.24840479320457076 2.1250000000000004 3.5000000000000004 77.250000000000014 -1.3699248120300747 83.937500000000014 1.0385185185185188 -0.73702275920181382 14.500000000000002 -0.33146853146853134 1.8461538461538463 2.325928705440901 23.500000000000004 1.5000000000000002 89.250000000000014 3.2500000000000004 -0.8181818181818179 2.5499999999999976 -0.90893996196865023 85.250000000000014 1.0822072072072075 4.4213637542131199 0.66248609566184669 -0.59721362229102148 0.95606509638714188 2.027874684898102 0.26501352796565153 2.3706293706293713 -0.26542627160448967 -0.26037633224328088 687.50000000000011 1.0000000180025095e-35 0.47362637362637372 1.66347388170238 8.5000000000000018 0.39036257410962044 2.8911456359732224 0.54164999999999719 1.7173325062034741
decision_type=2 2 2 2 2 2 2 2 2 2 2 2 2 2 2 2 2 2 2 2 2 2 2 2 2 2 2 2 2 2 2 2 2 2 2 2 2 2 2 2 2 2 2 2 2 2
left_child=1 2 6 5 -5 -4 7 -1 9 10 12 -12 21 -14 -13 -16 -17 19 -19 -18 -21 22 23 24 -9 26 -25 30 29 -29 -27 32 36 34 38 -35 -32 -38 -33 -40 41 -41 -10 -31 -45 -37
right_child=-2 -3 3 4 -6 -7 -8 8 42 -11 11 14 13 -15 15 16 17 18 -20 20 -22 -23 -24 25 -26 27 -28 28 -30 43 31 33 -34 35 -36 45 37 -39 39 40 -42 -43 -44 44 -46 -47
leaf_value=-0.59247540525668041 1.210951142013073 -1.5284261572632478 1.7420595718216001 5.6888394299848581 -0.94165386524829242 -2.6579524233708014 -1.9624044979943169 0.13411555345176804 -0.70324078005475876 0.85154768519780866 -0.83846050252228288 -0.75146535586479102 1.262757346585945 -0.30783557603756589 -0.47668900788934149 0.80072219621035323 -0.53188272854503327 0.81880216521791904 -0.069591469191155345 -0.35504563575909465 0.38618693569658458 -0.39583995884656908 0.76636897282941008 1.1057377001050339 -0.72551843677168693 -0.65013943179338074 -0.12559610011997402 1.1099857569831175 -0.25248116859510333 0.54888015035399818 0.030155924401785203 -0.69659886638280655 -0.3355411916261628 0.69147131935294182 0.35584677648131213 0.22253010150621108 1.4208023136163632 0.1568985377869955 0.1772300161368458 -0.10890263985879352 0.053593665565930163 -0.93944618132222324 -0.041333575881599041 -0.36032913883080647 0.34679464833862195 -0.29693729566766863
leaf_weight=122 151 102 145 80 90 129 89 140 116 87 128 85 134 119 134 83 146 100 105 80 139 99 90 92 106 80 92 81 141 132 94 144 83 111 100 113 81 81 140 100 101 115 88 88 108 93
leaf_count=122 151 102 145 80 90 129 89 140 116 87 128 85 134 119 134 83 146 100 105 80 139 99 90 92 106 80 92 81 141 132 94 144 83 111 100 113 81 81 140 100 101 115 88 88 108 93
internal_value=0 0.0041288 0.0369798 0.638005 2.1936 -0.331611 -0.0243578 0.0164775 0.034522 0.0580903 0.0399814 -0.147289 0.105535 0.525716 -0.0449889 0.0321709 0.137162 0.0393048 0.365642 -0.144479 0.115034 0.0645406 0.0828787 0.057111 -0.237734 0.0906299 0.49272 0.0531476 0.243011 0.414027 -0.0196901 0.0179563 0.306032 -0.0782752 -0.220521 0.235538 0.514538 0.79369 -0.317015 -0.195884 -0.361225 -0.555439 -0.419307 0.239308 0.029093 -0.0122883
internal_weight=0 4906 4804 444 170 274 4360 4271 4149 3945 3858 1000 2858 253 872 787 653 570 205 365 219 2605 2506 2416 246 2170 184 1986 550 409 1436 1356 339 1017 700 317 256 162 600 456 316 215 204 328 196 206
internal_count=5057 4906 4804 444 170 274 4360 4271 4149 3945 3858 1000 2858 253 872 787 653 570 205 365 219 2605 2506 2416 246 2170 184 1986 550 409 1436 1356 339 1017 700 317 256 162 600 456 316 215 204 328 196 206
is_linear=0
shrinkage=0.05


Tree=115
num_leaves=51
num_cat=0
split_feature=13 17 17 31 3 8 17 4 21 1 43 36 12 50 41 0 11 34 12 8 8 46 13 15 28 9 49 17 10 10 30 19 46 30 13 2 37 3 0 21 37 37 8 21 46 30 21 33 21 10
split_gain=115662 196492 165627 70283.1 140092 48464.6 151060 49080.9 132673 15836 17718.7 12397.8 31003.9 37695.1 16813.1 17424.8 14594.3 29943.5 13383.8 13371.3 11750.8 14692.1 27555.3 14275 11348.1 21073.5 11013.7 10669.2 16941.3 9481.58 10716.4 12111 10517.5 15011.6 13113.4 19723.7 14458.8 12301.1 17127.6 11448.3 11154.9 10363.6 8723.76 7988.47 7811.8 7346.65 6646.65 10887 6534.38 5268.62
threshold=4.5000000000000009 0.31174089068825916 0.41522988505747133 3.5000000000000004 732.50000000000011 -1.3956521739130432 0.81649831649831661 2.7500000000000004 0.42704046196693218 67.500000000000014 5.2500000000000009 56.500000000000007 2.5499999999999976 0.58222414438472481 6.5000000000000009 84.250000000000014 3.5000000000000004 0.87500000000000011 3.1904761904761938 1.053280896764619 -0.29110892954795509 -0.90161545992537195 19.500000000000004 78.250000000000014 55.562500000000007 0.72019365235355937 77.796069519036777 0.59359359359359376 0.79754813134226976 0.89067342535627325 215.62500000000003 2.5667763581211513 -0.11692317777808843 69.375000000000028 17.500000000000004 692.50000000000011 13.500000000000002 47.500000000000007 79.750000000000014 0.39801227634843178 23.500000000000004 23.500000000000004 1.5556914851796526 0.34047383593662778 -0.62587551141915865 108.12500000000001 0.65209810579579408 0.95835000000000303 -0.26542627160448967 1.4378852437763541
decision_type=2 2 2 2 2 2 2 2 2 2 2 2 2 2 2 2 2 2 2 2 2 2 2 2 2 2 2 2 2 2 2 2 2 2 2 2 2 2 2 2 2 2 2 2 2 2 2 2 2 2
left_child=-1 -2 -3 -4 5 6 -5 9 -9 -7 11 14 13 -13 16 -16 18 -18 20 -20 -11 22 -22 -24 25 -23 -26 43 -29 -30 32 -32 34 49 -31 44 39 40 -39 -37 46 -38 45 -28 -36 -43 47 -35 -40 -34
right_child=1 2 3 4 -6 7 -8 8 -10 10 -12 12 -14 -15 15 -17 17 -19 19 -21 21 24 23 -25 26 -27 27 28 29 30 31 -33 33 37 35 36 41 38 48 -41 -42 42 -44 -45 -46 -47 -48 -49 -50 -51
leaf_value=-1.7737615811539458 2.0577875312978189 -2.1643580415746668 -1.3158905428825038 2.2679698475382546 2.0531071306711222 -0.57133782338951866 -0.61689316082666534 0.18461566677511629 -2.3712278758607259 -0.59971361947911128 0.68825732008756502 -0.014069134214272104 0.38883722651445746 -1.4381414482554238 0.016871003872525377 0.92750173825206184 0.20699033899071778 -1.150466278922267 0.87241530168330539 -0.0092388766969359205 0.35242281883955001 0.21130523720612895 -0.93755539958293621 -0.2208564312246285 0.52495143252496534 -0.6550325771951987 0.068126720852322062 -0.54379390275478368 0.53084313106536862 -0.38569127344272358 0.83658425949868698 -0.012326872348785401 0.58593977744932535 -0.032406537388525315 0.32193425944665588 -0.70936624515842617 0.68362015056958869 0.14302120737549737 -1.0058641392588616 0.10936265683468478 -0.5072847192778307 0.18733497054077861 0.42730769564252385 0.75574788604345589 1.0139448691816892 -0.46104631912842226 -0.21865043756929606 0.70873979290084144 -0.44482293144516327 0.03258879473132472
leaf_weight=93 112 90 100 87 82 123 93 133 81 83 91 95 97 90 112 98 80 81 86 85 119 129 129 151 129 152 80 124 99 109 83 84 80 125 81 90 93 81 99 80 101 85 108 89 84 88 110 81 114 92
leaf_count=93 112 90 100 87 82 123 93 133 81 83 91 95 97 90 112 98 80 81 86 85 119 129 129 151 129 152 80 124 99 109 83 84 80 125 81 90 93 81 99 80 101 85 108 89 84 88 110 81 114 92
internal_value=0 -0.00336235 -0.0513151 -0.0109673 0.0172753 -0.0195821 0.782284 -0.052526 -0.789312 -0.0147161 0.00225438 -0.0136155 -0.332563 -0.710868 0.0108164 0.444214 -0.0154268 -0.47884 0.00716292 0.43666 -0.016269 -0.000299707 -0.282904 -0.553211 0.0420223 -0.25798 0.0774024 0.0516356 0.0206561 0.0564974 0.0310875 0.412055 -0.00653513 -0.126133 0.122562 0.201133 0.0554506 -0.227518 -0.474621 -0.325696 -0.0525833 0.229105 0.076788 0.432562 0.678216 -0.143232 0.0938903 0.261031 -0.70907 0.291861
internal_weight=0 4968 4856 4766 4666 4584 180 4404 214 4190 4067 3976 282 185 3694 210 3484 161 3323 171 3152 3069 399 280 2670 281 2389 2260 2091 1967 1868 167 1701 883 818 709 544 711 294 170 417 374 281 169 165 173 316 206 213 172
internal_count=5061 4968 4856 4766 4666 4584 180 4404 214 4190 4067 3976 282 185 3694 210 3484 161 3323 171 3152 3069 399 280 2670 281 2389 2260 2091 1967 1868 167 1701 883 818 709 544 711 294 170 417 374 281 169 165 173 316 206 213 172
is_linear=0
shrinkage=0.05


Tree=116
num_leaves=48
num_cat=0
split_feature=2 46 2 37 30 50 20 9 6 20 2 14 30 33 8 6 1 29 21 40 2 50 9 29 9 41 45 30 45 44 27 15 21 44 17 49 29 47 30 46 35 29 50 30 18 27 19
split_gain=123073 367434 261592 40532.7 100306 40462 16963.4 29316.9 15073.8 18423.9 31567.1 29963.2 15725.4 20657 19326.9 24484.7 15864.6 20910 14812.9 19893.8 15170 15966.5 16699.5 12809.7 14809 11222.4 11003.2 11927 10158 20972.9 17533.3 18740.9 16263.2 15749.4 15468.1 16705.7 11569.1 15517 13117.3 10764.1 10747.6 9531.73 9436.67 7738.53 5641.69 5425.64 5165.97
threshold=7.5000000000000009 0.44312301391210612 507.50000000000006 76.500000000000014 151.87500000000003 5.5247561545260107 4.3214569214569218 1.6287294429951398 -5.3142857142857123 -0.59721362229102148 652.50000000000011 5.5000000000000009 79.375000000000028 1.5625000000000002 0.044850357723460722 1.0000000180025095e-35 75.500000000000014 7.5625000000000009 2.5018822710470379 85.500000000000014 672.50000000000011 1.1092212288389691 0.4989647988659846 11.812500000000002 0.74119186184500963 1.0000000180025095e-35 0.54219432480460406 60.625000000000007 -0.39826117949089107 10.500000000000002 84.437500000000014 74.500000000000014 -0.5361652140962504 9.2500000000000018 1.3559907834101386 85.487386985955567 7.3125000000000009 1.5000000000000002 138.12500000000006 0.51849435583340198 6.2500000000000009 9.5625000000000018 0.95647060533627848 144.37500000000003 117.50000000000001 73.812500000000014 1.3613573700954402
decision_type=2 2 2 2 2 2 2 2 2 2 2 2 2 2 2 2 2 2 2 2 2 2 2 2 2 2 2 2 2 2 2 2 2 2 2 2 2 2 2 2 2 2 2 2 2 2 2
left_child=1 -1 -2 5 -5 6 7 8 -4 10 -10 25 13 16 15 -14 -11 -18 19 20 21 -16 -23 28 -25 -12 27 -19 29 33 31 34 -33 46 35 36 38 -38 -30 41 -32 -39 44 -44 -31 -40 -22
right_child=2 -3 3 4 -6 -7 -8 -9 9 12 11 -13 14 -15 18 -17 17 26 -20 -21 23 22 -24 24 -26 -27 -28 -29 30 42 40 32 -34 -35 -36 -37 37 39 45 -41 -42 -43 43 -45 -46 -47 -48
leaf_value=0.90322664160477495 2.5493493028125673 -3.6256180437873393 0.62522387993978523 1.5845454520263682 -0.52895791250832225 -0.90855448206855083 -0.5592902051488392 0.85543820070564203 -1.1440447747030043 0.52522035287693147 0.046808184803217308 0.58587358873502349 1.1676868440988271 -0.84041316723823556 0.12759407013654708 0.078805321755529456 0.37715266682207588 -0.66781162071502076 0.72120180024606428 0.77880289114334378 0.22652346830309172 -0.066379654530397389 -0.95187153855804363 0.78378560795784002 -0.0096748563265074555 -0.67176429759077472 -0.86272212496170642 0.079223435540958287 0.78796976606533375 -0.28883367698612833 0.89980680082896447 -0.81845425170495967 0.002611741555087707 0.7684601276285119 -0.5118185933898477 0.7029147688737688 -0.65806796202229134 -0.50937513215567476 -0.20584374310812731 0.44766827903447615 0.18704536979825334 0.22129474477625866 0.23510174400244771 -0.39448836704959045 -0.74605192666982911 0.33551340915940031 -0.33652381864262793
leaf_weight=94 105 84 101 131 97 117 118 108 87 95 86 112 91 99 139 118 119 86 81 87 80 96 119 124 111 146 90 138 102 138 98 108 135 89 84 135 89 92 86 123 115 85 103 91 135 98 81
leaf_count=94 105 84 101 131 97 117 118 108 87 95 86 112 91 99 139 118 119 86 81 87 80 96 119 124 111 146 90 138 102 138 98 108 135 89 84 135 89 92 86 123 115 85 103 91 135 98 81
internal_value=0 -1.2423 0.0926582 0.0379769 0.686996 0.00520273 0.0296015 0.0458881 0.0248323 0.00986045 -0.298957 -0.0825314 0.0462983 -0.18146 0.0934263 0.556214 -0.0565516 -0.185108 0.0589913 0.0391807 0.0146696 -0.289578 -0.558627 0.061562 0.410549 -0.406339 -0.398715 -0.209278 0.0217059 -0.130276 0.102462 0.0242953 -0.364165 0.238705 0.130172 0.197298 0.0952848 -0.0821943 0.336127 0.0902669 0.517655 -0.159217 -0.327892 -0.06073 -0.516828 0.0827428 -0.0570775
internal_weight=0 178 4868 4763 228 4535 4418 4300 4192 4091 431 344 3660 627 3033 209 528 433 2824 2743 2656 354 215 2302 235 232 314 224 2067 717 1350 1137 243 250 894 810 675 389 286 300 213 177 467 194 273 184 161
internal_count=5046 178 4868 4763 228 4535 4418 4300 4192 4091 431 344 3660 627 3033 209 528 433 2824 2743 2656 354 215 2302 235 232 314 224 2067 717 1350 1137 243 250 894 810 675 389 286 300 213 177 467 194 273 184 161
is_linear=0
shrinkage=0.05


Tree=117
num_leaves=47
num_cat=0
split_feature=42 2 13 17 10 10 8 30 40 13 21 16 0 31 10 28 41 33 30 8 30 10 18 23 4 13 19 30 6 35 6 39 17 8 40 19 19 12 6 8 19 48 9 17 17 40
split_gain=154861 413091 29729.7 44006.9 13724.6 18796.4 18999.2 49857.6 37322.1 32076.8 42261.2 31790.5 25675.9 24473.8 19129.8 18261.7 14201.6 31490.1 13037.7 16197.7 15332.2 13775.7 21570.6 16683.1 16379.4 14091.8 17183.5 20054.2 12716.7 12263.2 17737.1 15800.2 12552.9 20257.8 13935.7 13414.9 21929.4 12143.3 15047.5 10097.2 11070 9173.19 13889.8 7515.5 6973.46 4921.29
threshold=8.2500000000000018 77.500000000000014 5.5000000000000009 0.41522988505747133 0.6415987645720318 0.72745725817073137 0.044850357723460722 191.56250000000003 76.500000000000014 22.500000000000004 -0.52621208192894631 7.2500000000000009 82.250000000000014 6.5000000000000009 0.89067342535627325 67.812500000000014 6.5000000000000009 0.95835000000000303 67.812500000000014 1.7440316205533601 76.875000000000014 2.3052199844070191 102.50000000000001 75.250000000000014 2.1250000000000004 13.500000000000002 3.2946394686907028 111.87500000000003 -1.0000000180025095e-35 6.2500000000000009 1.21764705882353 1.0000000180025095e-35 0.81649831649831661 1.9330434782608699 37.500000000000007 1.4791644337162753 1.8526315789473689 2.5499999999999976 -1.0026578073089694 1.174053295932679 2.3377488376563309 -0.43099720463092894 0.70355339059327393 0.91287878787878796 1.0871212121212122 7.5000000000000009
decision_type=2 2 2 2 2 2 2 2 2 2 2 2 2 2 2 2 2 2 2 2 2 2 2 2 2 2 2 2 2 2 2 2 2 2 2 2 2 2 2 2 2 2 2 2 2 2
left_child=1 -1 -3 -4 -5 -6 7 8 9 -7 -11 12 -8 -12 15 -13 18 -18 19 28 45 23 -23 -22 25 43 29 -28 -16 30 31 37 34 35 -31 -34 -37 38 -27 -38 -41 -32 -43 -25 -29 -20
right_child=-2 2 3 4 5 6 11 -9 -10 10 13 14 -14 -15 16 -17 17 -19 20 -21 21 22 -24 24 -26 26 27 44 -30 32 41 -33 33 -35 -36 36 39 -39 -40 40 -42 42 -44 -45 -46 -47
leaf_value=-2.6864055362907617 1.8648368670390203 0.86680356698731575 -1.0872296825208163 0.56783819720149042 -0.66480049726863699 1.1570559993924865 -1.2627003900666711 1.4189562268463183 -0.86692187938579301 0.94611373672780319 -0.6634185666111625 0.039543296878828724 -0.092927245361109578 0.36427313665980882 0.01452326175085334 1.0409881248531572 -0.18548966513962048 1.0179083091705434 -0.29164616513349445 -0.18045095058778923 -0.69456204206666405 -0.21631759868469091 0.66129993173383905 -0.17230260660967878 -0.71024087123649648 -0.12826493460722643 -0.1583838256124569 1.0153614860634472 0.79540972570578261 -0.078653078963016654 0.21261780276602391 0.86441078788290415 0.47016837629331215 -0.6013738082083937 -0.82223819854403191 -0.69057469341903932 -0.192035391501018 -0.33229998760685631 0.69669939939464842 0.81234232616829294 0.0022837909215831019 -0.86728457809809378 -0.070522596163134429 -0.82858875111481289 0.3659943445807412 -0.82909152512466644
leaf_weight=147 103 95 94 103 107 82 92 80 85 96 156 101 95 91 85 82 120 98 91 149 113 127 154 96 96 98 114 85 134 115 101 95 146 145 139 109 132 97 125 80 88 84 154 80 83 82
leaf_count=147 103 95 94 103 107 82 92 80 85 96 156 101 95 91 85 82 120 98 91 149 113 127 154 96 96 98 114 85 134 115 101 95 146 145 139 109 132 97 125 80 88 84 154 80 83 82
internal_value=0 -0.0848546 -0.00420239 -0.0220683 1.58854e-06 -0.0131715 0.00291375 0.266574 0.0833852 0.275035 0.0614228 -0.0382448 -0.672086 -0.284853 -0.00512435 0.491497 -0.0318729 0.357665 -0.0585387 0.221034 -0.0949711 -0.065157 0.265294 -0.10435 -0.0745714 -0.0460829 -0.00805256 0.352829 0.49377 -0.0678076 0.0828354 0.301692 -0.186831 -0.0772992 -0.487204 0.0604565 -0.0865877 0.132463 0.335205 0.134426 0.39055 -0.185186 -0.354185 -0.47361 0.698607 -0.54969
internal_weight=0 4921 4774 4679 4585 4482 4375 590 510 425 343 3785 187 247 3598 183 3415 218 3197 368 2829 2656 281 2375 2262 2166 1990 282 219 1708 754 415 954 700 254 555 409 320 223 300 168 339 238 176 168 173
internal_count=5024 4921 4774 4679 4585 4482 4375 590 510 425 343 3785 187 247 3598 183 3415 218 3197 368 2829 2656 281 2375 2262 2166 1990 282 219 1708 754 415 954 700 254 555 409 320 223 300 168 339 238 176 168 173
is_linear=0
shrinkage=0.05


Tree=118
num_leaves=49
num_cat=0
split_feature=17 2 2 2 31 50 17 49 2 45 30 3 18 21 30 45 2 3 3 45 39 20 21 36 40 15 29 27 19 31 20 8 2 50 29 6 17 8 29 21 8 10 7 49 13 30 7 21
split_gain=338514 201644 68342.6 48034.9 39491.1 23821.5 41887.2 24714.6 14678.3 12491.3 21610.5 25949.1 18035.1 18635.1 17364.5 19266.1 15052.5 14831.4 17987.7 14302.3 13365.5 23200.1 17078.2 15062.4 13153.8 18337.3 14488.5 12371.8 12966.1 17177.1 11088 15430.9 13202.8 11328.2 11950.9 10992.2 26435.7 12065.5 15566.7 9673.46 9873.01 11386.4 13391.7 8604.73 6981.35 6863.68 6787.34 5869.85
threshold=0.23538461538461541 7.5000000000000009 507.50000000000006 577.50000000000011 3.5000000000000004 3.9437549295963383 0.64400921658986188 80.939811404846907 777.50000000000011 -0.16799356919963607 166.87500000000003 62.500000000000007 97.500000000000014 -0.086076997077370251 163.12500000000006 -0.814291907305839 707.50000000000011 117.50000000000001 92.500000000000014 -0.03977009085991149 1.0000000180025095e-35 0.68596564725597009 0.52217721886839297 47.500000000000007 52.500000000000007 78.250000000000014 6.9375000000000009 84.187500000000014 0.70794158701135457 5.5000000000000009 1.7317780617551788 0.9832478825522305 717.50000000000011 1.0351507788569381 10.062500000000002 -1.6285714285714279 0.89181286549707617 0.53937234390323641 10.687500000000002 1.2462184873949627 0.78521739130434787 1.2445862636835017 1.9860139860139865 85.563320602748263 22.500000000000004 90.625000000000014 1.1538461538461544 0.19840444840443186
decision_type=2 2 2 2 2 2 2 2 2 2 2 2 2 2 2 2 2 2 2 2 2 2 2 2 2 2 2 2 2 2 2 2 2 2 2 2 2 2 2 2 2 2 2 2 2 2 2 2
left_child=-1 -2 -3 -4 -5 8 -7 -8 9 14 19 12 43 -14 17 -16 -17 18 20 -11 30 -22 -23 -24 27 26 -26 28 -21 -30 31 33 -32 34 -6 36 -31 38 -37 40 -39 -42 45 -12 -33 -43 -46 -18
right_child=1 2 3 4 5 6 7 -9 -10 10 11 -13 13 -15 15 16 47 -19 -20 24 21 22 23 -25 25 -27 -28 -29 29 35 32 44 -34 -35 -36 37 -38 39 -40 -41 41 42 -44 -45 46 -47 -48 -49
leaf_value=2.9307515666359354 -2.0490236447552057 1.3830492759744326 -1.1933977408723517 1.0541194583221178 -0.74706716916958493 -1.3606007064118031 -0.61564064098799487 0.55731212848494216 0.63827721774578094 0.4331866861931209 -0.61349995982499772 1.0441286081134684 -0.024794803387369991 0.83747862686637708 0.027159481100588037 -1.2341957053016215 -0.11563029106925515 0.51108692774066222 -0.64163807373847404 -0.58314982462950338 0.66389848996633249 -0.49416973020533006 0.61630012978304616 -0.25472036516500846 -0.23019677250041176 0.23138714550453943 -1.101918908363829 0.57082068880638448 0.50246464126202817 0.89500422561648252 -0.96670663269707957 -0.13221666590163583 -0.15302236798241384 0.1143875850167701 -0.0049315319158310111 -0.91024403556067268 -0.32465390926534005 0.36274204063397575 -0.025559972131505928 0.40963791058505494 -0.63979532503015635 0.48355070837708408 -0.6012114063251851 0.083855148784968317 0.65063111322735434 -0.084268469959497452 0.043605131159226103 -0.71382703207157272
leaf_weight=94 126 83 90 81 149 93 93 85 81 144 80 100 120 130 148 84 84 107 136 107 158 138 110 89 96 80 95 82 142 86 82 94 126 122 85 106 90 82 93 95 122 85 85 97 108 139 80 80
leaf_count=94 126 83 90 81 149 93 93 85 81 144 80 100 120 130 148 84 84 107 136 107 158 138 110 89 96 80 95 82 142 86 82 94 126 122 85 106 90 82 93 95 122 85 85 97 108 139 80 80
internal_value=0 -0.0823181 -0.0307274 -0.05567 -0.0334882 -0.0529151 -0.506757 -0.0555384 -0.0243144 -0.037132 0.0432995 0.323278 0.152416 0.425138 -0.128751 -0.424455 -0.692993 -0.0546038 -0.0959029 -0.0421756 -0.0401192 0.166038 -0.0686542 0.227422 -0.085609 -0.402099 -0.667257 -0.0200798 -0.0598402 -0.009594 -0.160797 -0.0571585 -0.476892 -0.275671 -0.478656 -0.0839993 0.273005 -0.1621 -0.498994 -0.0511961 -0.137167 -0.232896 -0.0706981 -0.23301 0.218693 0.13239 0.39392 -0.409991
internal_weight=0 4968 4842 4759 4669 4588 271 178 4317 4236 2256 527 427 250 1980 396 248 1584 1477 1729 1341 495 337 199 1585 271 191 1314 1232 1125 846 638 208 356 234 983 176 807 199 608 513 431 309 177 282 224 188 164
internal_count=5062 4968 4842 4759 4669 4588 271 178 4317 4236 2256 527 427 250 1980 396 248 1584 1477 1729 1341 495 337 199 1585 271 191 1314 1232 1125 846 638 208 356 234 983 176 807 199 608 513 431 309 177 282 224 188 164
is_linear=0
shrinkage=0.05


Tree=119
num_leaves=46
num_cat=0
split_feature=50 12 3 11 21 30 13 14 50 28 28 50 45 50 29 40 50 10 27 50 21 28 33 28 14 2 50 16 48 13 21 30 14 11 30 36 16 21 34 25 3 27 15 33 18
split_gain=232813 374480 144551 24833 32031.4 28205.5 12510.1 27811.3 32733.1 22395.4 33721.9 20851.8 22269.5 16734 14129.3 13313.2 13043.7 90774 18422.9 18295.3 13867.5 15296.1 25148.8 14937.7 19541.1 21775.5 13780.1 19104.5 12640 11668.3 17471.7 17112.2 14904.9 13985.7 10913.2 14134.9 16660.1 10120.8 9599.03 8712 9014.41 7917.2 7908.83 7854.2 12853.6
threshold=6.5061518004079213 1.5357142857142849 492.50000000000006 5.5000000000000009 3.8624850611860215 300.62500000000006 19.500000000000004 1.5000000000000002 0.70257437379330423 74.437500000000014 73.281250000000014 0.70257437379330423 -0.15101209918632377 0.17531034265668669 8.1875000000000018 6.5000000000000009 3.9437549295963383 1.5544390785095004 67.781250000000014 3.1608816403877218 2.3359011424068901 74.187500000000014 0.31250000000000006 68.937500000000014 9.5000000000000018 672.50000000000011 2.4484258024551626 8.2500000000000018 -0.13616175977095604 30.500000000000004 -1.1158288608545346 161.87500000000006 2.5000000000000004 2.7500000000000004 109.37500000000003 12.500000000000002 10.500000000000002 0.18283853014890641 1.3750000000000002 1.0000000180025095e-35 37.500000000000007 83.187500000000014 78.250000000000014 1.1250000000000002 97.500000000000014
decision_type=2 2 2 2 2 2 2 2 2 2 2 2 2 2 2 2 2 2 2 2 2 2 2 2 2 2 2 2 2 2 2 2 2 2 2 2 2 2 2 2 2 2 2 2 2
left_child=2 -2 3 4 5 6 7 9 -9 10 11 13 -13 14 -1 -14 18 -18 -8 20 21 23 -23 26 25 -25 27 -20 -24 30 -29 39 -31 43 35 -27 -37 -35 41 -32 -41 -36 -43 44 -34
right_child=1 -3 -4 -5 -6 -7 16 8 -10 -11 -12 12 15 -15 -16 -17 17 -19 19 -21 -22 22 28 24 -26 34 -28 29 -30 32 31 -33 33 37 38 36 -38 -39 -40 40 -42 42 -44 -45 -46
leaf_value=0.40201736342262584 -0.68671661977017873 3.7191657987405673 -1.7073046483099461 0.68814771139905573 -0.93192350828333914 -0.81794221346768059 0.72727530729250023 0.068558060179154084 1.1357914629171222 -0.7675464252391494 1.0222902105457481 -0.91450214442752653 -0.48963722409237004 0.79341524065744995 -0.40511669127165151 0.33993324062280489 -1.5010716088492462 0.62511965287666704 0.70488855709544329 0.55965538268952864 -0.60939916719992959 -0.4049802886233444 1.0074933751557882 -0.82473894267892234 0.3860429797957583 -0.45872638797258392 -0.4806719969523976 -0.76268204267947903 0.1979065761294054 0.69130518648935402 0.22364494248044375 0.52208244395360615 0.22387214185279092 0.81147779296426215 -0.76674260996855226 0.69932577509771698 -0.1358917804164741 0.032456294716481704 0.083941237020109777 -0.5668724303444227 0.0018639009356498717 -0.033110523223876955 -0.59706970208457544 0.26511910289860846 -0.55605885735134675
leaf_weight=110 88 105 127 125 94 103 82 149 138 82 86 104 83 98 105 113 98 101 112 126 107 83 103 155 122 100 117 92 91 114 100 113 80 84 129 109 130 82 108 158 124 140 111 88 152
leaf_count=110 88 105 127 125 94 103 82 149 138 82 86 104 83 98 105 113 98 101 112 126 107 83 103 155 122 100 117 92 91 114 100 113 80 84 129 109 130 82 108 158 124 140 111 88 152
internal_value=0 1.71708 -0.0494669 -0.00432595 -0.0233881 -0.00412993 0.0151944 0.163912 0.583884 0.00903158 0.101099 -0.0295932 -0.32691 0.255508 0.00778499 -0.0120667 -0.032811 -0.424219 -0.00765372 -0.0277763 -0.0534479 -0.0319696 0.32003 -0.0707733 -0.208553 -0.282741 0.0367193 0.0836543 0.630701 0.0244934 -0.133884 -0.0157141 0.179404 0.0581555 -0.180283 0.0376254 0.24635 0.429159 -0.331426 -0.175748 -0.317667 -0.449388 -0.28389 -0.13504 -0.287311
internal_weight=0 193 4828 4701 4576 4482 4379 1068 287 781 699 613 300 313 215 196 3311 199 3112 3030 2904 2797 277 2520 1104 982 1416 1299 194 1187 587 495 600 486 827 339 239 166 488 382 282 380 251 320 232
internal_count=5021 193 4828 4701 4576 4482 4379 1068 287 781 699 613 300 313 215 196 3311 199 3112 3030 2904 2797 277 2520 1104 982 1416 1299 194 1187 587 495 600 486 827 339 239 166 488 382 282 380 251 320 232
is_linear=0
shrinkage=0.05


Tree=120
num_leaves=49
num_cat=0
split_feature=31 2 33 3 28 3 48 17 6 30 9 20 50 41 30 4 36 50 28 22 0 27 27 2 1 45 28 17 20 46 50 31 14 28 27 35 6 48 42 7 15 40 48 9 40 20 14 19
split_gain=167472 197258 380081 111286 22590.5 24258.9 50583.8 47552.9 59285.3 20840.9 20342.4 17931.9 26161.4 24101.3 16805.8 17790.2 15535.4 13753.3 11210 20422.8 22096.9 20940.9 16532.8 15137 23361.9 13546.7 18180.2 26164.6 15737.5 18321.8 16083 13520.8 12818.7 14894.8 13317.5 12432.1 12074.3 11055.2 10215.6 11289.8 10022.9 9826.49 8627.46 9440.09 7478.58 6321.34 6149 5557
threshold=3.5000000000000004 17.500000000000004 0.95835000000000303 232.50000000000003 47.750000000000007 117.50000000000001 -0.64483064581656246 0.58198924731182811 1.21764705882353 223.12500000000003 1.8993607383474849 -1.0875790875790872 1.0721807903521354 1.0000000180025095e-35 229.37500000000003 2.1250000000000004 62.500000000000007 3.9437549295963383 72.406250000000014 90.250000000000014 86.250000000000014 84.906250000000014 84.656250000000014 717.50000000000011 88.250000000000014 -0.46801505794253101 68.562500000000014 0.67375886524822703 0.38939051144933501 -0.065537083312030994 0.46004618753623566 7.5000000000000009 1.5000000000000002 60.312500000000007 80.687500000000014 11.250000000000002 0.34285714285714275 -0.063249584893724592 1.2500000000000002 2.2867132867132876 73.500000000000014 61.500000000000007 -0.22042485305200651 0.6860595800775261 62.500000000000007 1.1229891076665273 5.5000000000000009 2.1800271841727707
decision_type=2 2 2 2 2 2 2 2 2 2 2 2 2 2 2 2 2 2 2 2 2 2 2 2 2 2 2 2 2 2 2 2 2 2 2 2 2 2 2 2 2 2 2 2 2 2 2 2
left_child=-1 2 -2 4 9 10 -7 -8 -9 -3 11 12 13 -6 15 16 17 18 23 20 -20 -21 44 24 25 40 27 -27 -29 -30 -31 41 33 -25 47 -36 -28 -16 39 42 -13 -23 -34 -44 -22 -33 -40 -35
right_child=1 3 -4 -5 5 6 7 8 -10 -11 -12 14 -14 -15 37 -17 -18 -19 19 21 22 31 -24 32 -26 26 36 28 29 30 -32 45 38 34 35 -37 -38 -39 46 -41 -42 -43 43 -45 -46 -47 -48 -49
leaf_value=-1.8489177350416659 -0.66913640158517029 -3.9335790571275646e-07 4.0947009745098297 -1.7666704409652287 0.59922433215459547 -0.6931503304439347 1.7450690769854889 -0.31017474713299775 1.3667247354808976 -1.0730634817669353 -0.7402718964316275 -0.72629225234042361 0.90271395701438861 -0.36608136279715436 0.63364732915693844 -0.72924772462562515 -0.63348350275130505 -0.61433191073517657 1.1016268595215981 -0.7327090280264924 -0.24524792065816139 0.020001321522200979 0.81165081211205203 0.77808279381798851 -0.91694992577864065 -0.82761350318078741 0.83895883861552467 -0.48091109241048491 0.75156122364177569 -0.49150557280147239 0.29950246344876769 0.13506579671691105 -0.53554210353915288 0.082267520771849734 0.042975196411024853 0.86222829308854532 0.050244429127175229 0.022003517010145718 -0.10040161516312714 0.49184497295467705 -0.11373960553495972 0.78137967136971076 0.49231327808933489 -0.19749552438152024 0.29355322843898207 -0.44909813944424432 -0.68949869532476782 -0.49205303379717996
leaf_weight=120 83 90 83 89 111 81 80 138 84 90 91 133 132 152 152 94 104 92 88 96 133 81 86 111 98 113 88 119 100 112 148 81 81 83 105 82 107 143 90 110 134 88 80 127 123 106 87 84
leaf_count=120 83 90 83 89 111 81 80 138 84 90 91 133 132 152 152 94 104 92 88 96 133 81 86 111 98 113 88 119 100 112 148 81 81 83 105 82 107 143 90 110 134 88 80 127 123 106 87 84
internal_value=0 0.0337701 1.72304 -0.0250339 0.00825819 0.0301472 0.410337 0.707617 0.327611 -0.539496 -0.00507307 0.0116084 0.331221 0.0420556 -0.0229758 -0.0547424 -0.0351359 -0.015287 0.00283546 0.153259 0.399526 -0.0813863 0.216184 -0.0577331 -0.182503 -0.113411 -0.00884532 -0.146819 0.0151752 0.180037 -0.0418171 0.0958117 0.0805162 0.275433 0.116074 0.404895 0.408642 0.338232 -0.0773162 0.0633541 -0.42044 0.418723 -0.101441 0.0701824 0.0137641 -0.196692 -0.392205 -0.207822
internal_weight=0 4963 166 4797 4708 4528 383 302 222 180 4145 4054 395 263 3659 3364 3270 3166 3074 882 430 452 342 2192 1152 1054 787 592 479 360 260 356 1040 465 354 187 195 295 575 398 267 169 288 207 256 187 177 167
internal_count=5083 4963 166 4797 4708 4528 383 302 222 180 4145 4054 395 263 3659 3364 3270 3166 3074 882 430 452 342 2192 1152 1054 787 592 479 360 260 356 1040 465 354 187 195 295 575 398 267 169 288 207 256 187 177 167
is_linear=0
shrinkage=0.05


Tree=121
num_leaves=49
num_cat=0
split_feature=13 17 42 2 37 19 37 50 50 35 22 6 20 48 8 10 42 17 50 3 2 17 13 6 8 19 48 6 12 19 19 6 45 50 27 15 19 20 27 33 2 3 40 20 4 8 45 8
split_gain=193659 245654 190796 64465.8 42562 27160.3 17856 40665 29320.3 14308.8 19538.5 13326.2 22941.1 41304.8 27164.9 22747.8 13778.5 12391.1 19186.7 25178.9 15558.1 28937.3 13790.9 20294.3 13920.3 16619.8 14718.1 14242.4 21470.5 13369.8 33486.4 11824.5 11406.3 10316.4 10176 13750.3 13730.5 14031.9 9994.11 13551.2 31445.7 21490.6 9969.99 8081.49 10362.7 7006.78 6519.42 4546.35
threshold=4.5000000000000009 0.36038961038961043 7.2500000000000009 32.500000000000007 82.500000000000014 -0.58622828784119085 64.500000000000014 2.7938028919392939 4.9575011044086077 3.035699999999999 87.250000000000014 -4.6285714285714272 -0.59721362229102148 0.39908115467318811 -0.45782608695652166 1.2794372481516454 4.2500000000000009 0.96424010217113676 2.5560018018152495 57.500000000000007 687.50000000000011 1.0822072072072075 35.500000000000007 -1.8857142857142846 2.2617391304347829 1.5001057082452431 -0.95970199775519194 1.21764705882353 1.5357142857142849 1.8359046994171291 2.0645488824900595 0.34285714285714275 0.45273815774107123 -1.2990878280063354 81.312500000000014 75.500000000000014 3.5143962848297217 1.8005128205128207 85.187500000000014 0.54164999999999719 697.50000000000011 47.500000000000007 26.500000000000004 1.3249744147576965 1.0000000180025095e-35 1.0043478260869567 -0.39036798905311365 0.90325239977413907
decision_type=2 2 2 2 2 2 2 2 2 2 2 2 2 2 2 2 2 2 2 2 2 2 2 2 2 2 2 2 2 2 2 2 2 2 2 2 2 2 2 2 2 2 2 2 2 2 2 2
left_child=-1 -2 3 -3 5 -5 8 9 11 -8 -11 -7 13 15 -14 -13 17 18 22 -20 21 -19 23 -16 25 38 -27 42 -29 46 -31 -24 47 -32 36 -36 37 -35 39 41 -41 -25 45 -38 -45 -28 -22 -30
right_child=1 2 -4 4 -6 6 7 -9 -10 10 -12 12 14 -15 16 -17 -18 20 19 -21 29 -23 31 24 -26 26 27 28 32 30 33 -33 -34 34 35 -37 43 -39 -40 40 -42 -43 -44 44 -46 -47 -48 -49
leaf_value=-2.3405163854974407 2.0754385874724726 1.3894781388432147 -2.341402022134174 -0.76510839942097675 1.0255694619535158 0.46285397173607185 -0.62221642602835936 -1.316925957188549 0.87419933768891811 0.60154851358383898 -0.26412417494381468 -0.55582271052331766 0.92239704198307459 -1.3339042574502109 -0.6082041283187114 0.31552831165252199 -0.63660210987464305 -1.2000161851561346 0.039217175188518708 1.0105345652113116 -0.72278147975603746 0.096023957311421979 0.89428290985984571 -0.53974545746195046 0.65834584125701123 0.77773495967976936 -0.19886159723455257 0.50458856410877684 -0.32354230258832961 0.9756419772046736 -0.53762252253233178 0.036793028130943393 0.10347018529387082 0.088500176302411346 -0.66868649536913094 0.14669679406346109 -0.48333965977754006 0.89237543423810317 0.20807667471192504 -1.270332530233049 -0.10649032328430921 0.57497634920127261 0.61161624095877831 -0.3202344475035695 0.41619756579188244 0.40765774821241696 -0.15394127221149195 -0.82983380429672471
leaf_weight=87 141 82 87 124 95 145 92 82 96 111 155 144 80 88 132 154 83 85 146 122 89 86 80 87 84 81 109 92 84 86 97 80 84 131 109 97 92 92 107 96 145 84 146 86 105 83 116 98
leaf_count=87 141 82 87 124 95 145 92 82 96 111 155 144 80 88 132 154 83 85 146 122 89 86 80 87 84 81 109 92 84 86 97 80 84 131 109 97 92 92 107 96 145 84 146 86 105 83 116 98
internal_value=0 0.0257183 -0.034548 0.00825988 -0.0163377 -0.0382402 -0.0177772 -0.31973 0.0155009 -0.0882899 0.0980152 -0.0058276 -0.02402 -0.388643 0.0177972 -0.105978 -0.00444569 0.0120878 0.091572 0.483497 -0.10921 -0.551438 0.0285001 -0.0183321 0.0384899 -0.00216252 0.14411 0.0693589 -0.150231 -0.0400254 0.0435195 0.46843 -0.377752 -0.056651 0.0095367 -0.28589 0.130136 0.422647 -0.221004 -0.332674 -0.573429 0.00799645 0.301699 -0.101035 0.0846695 0.0640854 -0.403211 -0.599206
internal_weight=0 4970 4829 4742 4660 4565 4441 440 4001 358 266 3905 3760 386 3374 298 3294 3211 1940 268 1271 171 1672 1512 1380 1296 777 696 358 1100 895 160 266 809 712 206 506 223 519 412 241 171 338 283 191 192 205 182
internal_count=5057 4970 4829 4742 4660 4565 4441 440 4001 358 266 3905 3760 386 3374 298 3294 3211 1940 268 1271 171 1672 1512 1380 1296 777 696 358 1100 895 160 266 809 712 206 506 223 519 412 241 171 338 283 191 192 205 182
is_linear=0
shrinkage=0.05


Tree=122
num_leaves=49
num_cat=0
split_feature=38 50 41 50 32 4 28 30 35 6 30 9 9 42 17 8 27 31 43 21 17 50 8 7 15 41 17 18 8 4 30 34 20 36 36 18 7 7 30 21 46 34 28 21 6 6 19 45
split_gain=176426 227108 777965 124102 136748 64918.1 77372.5 35816.4 36648.1 88952.6 30232.9 21660.7 16523 26900.8 29013 65939.8 41147 21492.5 20225.2 19955.2 18797.4 21434.9 15416.7 16391.3 13821.9 16556.2 13638.2 15505.7 12283.9 16256 15716.8 19593.1 13719.8 13013.6 17024.3 24578.4 19333 15236.7 15028.3 12582.3 12301.5 12164.7 11525.8 10698.8 11478.9 9739.18 7220.23 4195.48
threshold=4.5000000000000009 6.5061518004079213 1.5000000000000002 5.312721158191601 5.5000000000000009 6.7500000000000009 43.062500000000007 280.62500000000006 66.250000000000014 1.21764705882353 40.625000000000007 1.4988416981504764 0.4598685698396538 4.2500000000000009 0.57518796992481214 -0.45782608695652166 78.312500000000014 5.5000000000000009 2.7500000000000004 -0.040097880964921721 0.91779279279279291 0.48921343144287027 1.9330434782608699 3.0000000000000004 78.250000000000014 3.5000000000000004 0.69782608695652182 117.50000000000001 0.044850357723460722 2.1250000000000004 183.12500000000003 1.1250000000000002 -0.48599953177752037 31.500000000000004 2.5000000000000004 77.500000000000014 0.27132867132867139 1.573426573426574 74.375000000000014 0.45160970812133178 -0.099822328936730861 1.5625000000000002 59.312500000000007 -0.72572243513501167 1.5428571428571434 0.68571428571428628 1.7211853162317559 0.51297097409535064
decision_type=2 2 2 2 2 2 2 2 2 2 2 2 2 2 2 2 2 2 2 2 2 2 2 2 2 2 2 2 2 2 2 2 2 2 2 2 2 2 2 2 2 2 2 2 2 2 2 2
left_child=1 3 -3 4 -1 6 -6 8 10 -10 -8 12 18 14 16 -16 -14 20 19 -12 21 -17 24 41 28 26 -26 46 -19 30 32 -32 -30 34 38 -36 -37 39 -34 40 -38 43 -40 -24 -45 -35 -28 -44
right_child=-2 2 -4 -5 5 -7 7 -9 9 -11 11 -13 13 -15 15 17 -18 22 -20 -21 -22 -23 23 -25 25 -27 27 -29 29 -31 31 -33 33 45 35 36 37 -39 42 -41 -42 -43 47 44 -46 -47 -48 -49
leaf_value=1.8995168490956229 -1.9921934949042641 -1.3505589759598176 5.1441261854734321 -1.6902972905574558 1.4310855656548551 -1.3369077767266169 0.92126791612023406 -0.8192013850561658 -0.47382027412625566 1.7148808171851559 -0.39526751794556314 0.65455998500978407 1.3167611978696974 -0.9582841270870861 -1.2614062748035464 0.3505426695969488 -0.065607065190799049 0.61312702573902378 0.94553837279478703 0.45824140602697255 -0.88317104724870221 -0.62785508887775787 -0.67790912093406319 0.36045745894161252 -0.54959505399068198 -0.84953486238732756 0.14961390361357271 0.59251752579323602 0.62921151525162644 -0.61890973689747453 1.0417726342301621 0.058858447007157588 0.39533575778528129 -0.79146008549212687 -0.36754351096088383 0.8454003268082938 -0.19339302362397659 0.59689652812318739 -0.85315625913102522 -0.45227934247856844 0.64822565325620507 -0.82541742006770713 0.020414943364067156 0.38859287966643613 -0.37086515092926331 -0.058960849480721556 -0.48778453275896194 -0.44437049178429594
leaf_weight=95 106 95 88 106 94 89 83 132 86 99 128 109 88 86 118 111 136 111 83 145 137 111 88 85 104 80 88 106 93 80 94 109 80 81 146 149 85 146 87 108 87 118 121 92 106 102 88 80
leaf_count=95 106 95 88 106 94 89 83 132 86 99 128 109 88 86 118 111 136 111 83 145 137 111 88 85 104 80 88 106 93 80 94 109 80 81 146 149 85 146 87 108 87 118 121 92 106 102 88 80
internal_value=0 0.0599997 1.78355 -0.00676383 0.0320187 -0.0073905 0.019434 -0.0112796 0.0140958 0.700353 -0.0174247 -0.0372969 -0.0570135 -0.0900335 -0.0678942 -0.106557 0.480905 -0.0618161 0.267056 0.0580793 -0.424824 -0.139278 -0.0136597 -0.267556 0.0422356 -0.199609 -0.0630628 0.117676 0.106383 0.0719005 0.107518 0.516877 0.0463051 0.00322617 0.0688804 0.210026 0.357062 0.184678 -0.207477 -0.0316242 0.233596 -0.400252 -0.375713 -0.222569 -0.0178062 -0.385721 -0.170041 -0.165858
internal_weight=0 4933 183 4750 4644 4549 4460 4366 4234 185 4049 3966 3857 3501 3415 3191 224 3073 356 273 359 222 2714 489 2225 466 386 282 1759 1648 1568 203 1365 1272 1089 721 575 426 368 280 172 404 288 286 198 183 176 201
internal_count=5039 4933 183 4750 4644 4549 4460 4366 4234 185 4049 3966 3857 3501 3415 3191 224 3073 356 273 359 222 2714 489 2225 466 386 282 1759 1648 1568 203 1365 1272 1089 721 575 426 368 280 172 404 288 286 198 183 176 201
is_linear=0
shrinkage=0.05


Tree=123
num_leaves=47
num_cat=0
split_feature=17 50 50 2 3 36 18 40 7 19 16 17 2 19 19 2 19 13 13 17 20 27 17 15 15 42 46 7 36 50 25 19 13 30 20 0 31 36 34 30 29 17 0 9 13 20
split_gain=352997 66360.2 159454 68694.7 60891.9 39049.9 19848.5 22882.2 51124.9 21153.3 14265.1 18744.9 13072.5 22727.3 11818.6 34555.6 16313.8 24318 19588.3 24553.9 21868.4 21432.2 16248.3 20557.2 18216.7 14667.6 14141.9 12659.1 15696.2 12199.2 15047.4 14858.8 14653 13208.5 14569.3 12879.4 19874.7 15558.4 11160.6 10269.1 9122.98 8937.56 8726.68 8285.57 6301.65 3536.65
threshold=0.21525096525096529 6.5061518004079213 5.312721158191601 42.500000000000007 187.50000000000003 69.500000000000014 42.500000000000007 65.500000000000014 -0.98601398601398571 1.6430193999548841 6.2500000000000009 0.63818181818181829 687.50000000000011 1.2058096636272209 2.1423536753998467 642.50000000000011 1.8461538461538463 22.500000000000004 22.500000000000004 0.88562091503267981 -0.28439560439560424 81.437500000000014 0.83602150537634423 79.250000000000014 77.250000000000014 1.7500000000000002 -0.57782411410281842 1.3048951048951052 28.500000000000004 1.2603849094601716 1.0000000180025095e-35 2.8464782269536095 36.500000000000007 60.625000000000007 0.30018315018315023 81.750000000000014 6.5000000000000009 13.500000000000002 1.8333499999999996 109.37500000000003 7.6875000000000009 0.59041394335511999 76.750000000000014 0.70355339059327393 28.500000000000004 1.9013039901275197
decision_type=2 2 2 2 2 2 2 2 2 2 2 2 2 2 2 2 2 2 2 2 2 2 2 2 2 2 2 2 2 2 2 2 2 2 2 2 2 2 2 2 2 2 2 2 2 2
left_child=-1 2 3 -2 5 6 7 8 -5 -10 -8 12 13 -12 16 -16 18 -18 21 20 -20 39 23 24 25 -22 -23 28 -21 32 -31 43 33 -17 -35 38 40 -38 -36 -13 -37 -14 -33 -32 -19 -29
right_child=1 -3 -4 4 -6 -7 10 -9 9 -11 11 14 41 -15 15 29 17 44 19 27 22 26 -24 -25 -26 -27 -28 45 -30 30 31 42 -34 34 35 36 37 -39 -40 -41 -42 -43 -44 -45 -46 -47
leaf_value=-3.3058665130196547 1.4397657601230116 1.0827719209850699 -1.9378941608923619 1.4090895058143706 -1.3374317242117488 1.0005445954750996 -0.55193971798046315 -0.39777999614414417 -0.35004404760499042 0.52521701904192364 -0.071671042337137114 -0.37413724351812294 -0.32670167587181131 0.98596690843987744 -1.130159985385407 0.42337670883065776 0.87391890677832829 0.32087924727853739 0.97561427873949857 -0.15980618564498347 -0.32309097402518794 -0.35741767547063291 0.7114789689406753 0.64821808027460226 -0.80489484085278085 0.48422650677486534 0.39414920500346595 0.33227611200278062 -1.0084325432170962 -0.7737728101434187 0.5489054420042313 -0.072732508456888237 0.47077993348026448 -0.78772729447594392 0.46873173034057408 -0.29457863960049901 -0.38191958257307612 0.38538656489176004 -0.1929486316404547 -1.1725367695802735 -0.98709195999469124 0.37594775254043139 -0.67646953097798612 -0.15233463768551991 -0.18635428340270602 -0.13097803142012618
leaf_weight=81 82 137 106 104 84 97 133 94 130 145 84 80 100 127 86 113 128 105 92 150 123 154 99 93 87 102 104 82 85 127 86 110 138 80 155 101 119 146 107 83 91 81 131 81 144 81
leaf_count=81 82 137 106 104 84 97 133 94 130 145 84 80 100 127 86 113 128 105 92 150 123 154 99 93 87 102 104 82 85 127 86 110 138 80 155 101 119 146 107 83 91 81 131 81 144 81
internal_value=0 0.00166626 -0.0292164 0.0140127 -0.0114776 0.0132466 -0.00844063 0.29745 0.470475 0.111688 -0.0447865 -0.0271508 0.300108 0.566565 -0.0642713 -0.159885 0.0249257 0.316739 -0.0529913 0.0681172 0.271011 -0.338418 0.140716 -0.000212308 -0.194948 0.0434161 -0.0541084 -0.235632 -0.469729 -0.10656 -0.300647 -0.151843 -0.00747561 -0.0802796 -0.15195 -0.0802143 -0.240258 0.0406822 0.198797 -0.785355 -0.626215 -0.0119184 -0.402344 0.209901 0.0279673 0.102675
internal_weight=0 4967 4830 4724 4642 4558 4461 473 379 275 3988 3855 392 211 3463 1671 1792 377 1415 994 596 421 504 405 312 225 258 398 235 1585 535 408 1050 912 799 719 457 265 262 163 192 181 241 167 249 163
internal_count=5048 4967 4830 4724 4642 4558 4461 473 379 275 3988 3855 392 211 3463 1671 1792 377 1415 994 596 421 504 405 312 225 258 398 235 1585 535 408 1050 912 799 719 457 265 262 163 192 181 241 167 249 163
is_linear=0
shrinkage=0.05


Tree=124
num_leaves=50
num_cat=0
split_feature=19 50 3 50 44 49 36 27 50 27 50 19 20 9 40 47 33 6 44 13 36 30 3 50 30 34 30 50 7 18 17 30 41 17 30 5 8 6 0 21 8 36 21 48 30 48 20 18 30
split_gain=106646 396368 216664 79657.8 69500.2 78170.9 67538.5 49151.3 36776.8 130695 31075.2 16341.5 18509.2 16093.8 24490.3 14355.1 24078.4 18358.4 10660.4 12466.8 14104.5 13461.7 22189.4 31363.8 25645.7 20188.6 14183.3 14913.9 13303.7 11943.2 20893.7 10653.5 11956 17106.1 15838.2 15252.2 12700.3 13293.4 11926.8 14843.3 10472.9 10267.5 8945.42 8906.06 8085.03 6579.5 8825.12 6168.86 5779.69
threshold=0.54554778554778571 4.1231374149196407 727.50000000000011 2.5874306697880276 9.2500000000000018 84.445947609685604 71.500000000000014 82.031250000000014 4.7520337657867566 76.687500000000014 3.9437549295963383 0.79977413890457372 -0.17762845849802358 1.1303215444083681 63.500000000000007 7.5000000000000009 0.95835000000000303 -0.34285714285714292 19.500000000000004 42.500000000000007 57.500000000000007 286.87500000000006 97.500000000000014 1.1092212288389691 108.12500000000001 2.6250000000000004 156.87500000000006 2.5140800367048688 -0.713286713286713 77.500000000000014 0.95445134575569368 59.375000000000007 2.5000000000000004 0.87228260869565222 83.958325000000016 1.0000000180025095e-35 0.73687370600414093 2.5714285714285721 79.750000000000014 0.41926578323636937 1.3382608695652176 22.500000000000004 0.88612064129305435 0.25491178558367755 196.87500000000003 0.20332472332596638 1.3028535925087652 117.50000000000001 105.62500000000001
decision_type=2 2 2 2 2 2 2 2 2 2 2 2 2 2 2 2 2 2 2 2 2 2 2 2 2 2 2 2 2 2 2 2 2 2 2 2 2 2 2 2 2 2 2 2 2 2 2 2 2
left_child=1 3 6 4 5 -1 8 -6 10 -10 11 -2 13 14 15 17 -17 -13 19 20 21 22 25 -24 -25 26 28 29 -14 -28 -31 -30 33 34 -33 41 -34 45 -35 48 -22 -36 -41 47 -32 46 -38 -27 -40
right_child=2 -3 -4 -5 7 -7 -8 -9 9 -11 -12 12 18 -15 -16 16 -18 -19 -20 -21 40 -23 23 24 -26 43 27 -29 31 30 44 32 36 38 35 -37 37 -39 39 42 -42 -43 -44 -45 -46 -47 -48 -49 -50
leaf_value=2.1705501288175584 0.49007105166325343 3.1708017798170212 -2.0029888315554021 -1.4144927124424678 -1.2706329795645506 0.034691351214828699 1.3862738029162092 0.34122917439256395 -0.69689498438554653 2.0391627626948887 -0.85689991885965522 -0.13103224753427345 -0.69171300276942649 0.19788597508271535 -1.0656032570333125 -0.43044623764706591 0.68204296445574175 -1.0326976696434229 -0.43678787890666482 0.6105436840907057 -0.77761353623607887 -0.58238123795132579 1.3312284805156569 0.75443201819779704 -0.50007659483973577 0.94536306391978142 -0.3459994494648917 0.83291070835619441 0.36501383151124867 -0.24123426558089855 0.98138623055888385 -0.31135166313212653 -0.74256709920442554 0.24451011167619174 0.38105231854481764 -0.056090083153497783 -0.8887456357398611 0.36651131959371669 -0.34995889903283589 0.37907502608639854 0.0045503081546889408 1.0875909698230248 -0.26539728010694191 0.03486838592423333 0.27458110045955841 0.01500382786616683 -0.19171202874408577 0.3418226604111666 -0.89195462522655733
leaf_weight=80 159 125 134 81 81 91 89 111 84 89 109 147 86 149 106 101 92 91 119 93 91 80 80 80 81 87 111 81 136 118 81 103 120 126 146 123 80 92 101 83 80 80 149 89 82 95 105 85 99
leaf_count=80 159 125 134 81 81 91 89 111 84 89 109 147 86 149 106 101 92 91 119 93 91 80 80 80 81 87 111 81 136 118 81 103 120 126 146 123 80 92 101 83 80 80 149 89 82 95 105 85 99
internal_value=0 0.695727 -0.030103 -0.00664376 0.310527 1.04073 0.0307258 -0.341835 0.00228061 0.714302 -0.0278127 -0.00505134 -0.0256319 -0.260863 -0.388283 -0.219621 0.100642 -0.478665 0.0254682 0.0436828 0.0256115 0.0527882 0.0718238 0.528646 0.124091 0.0268369 -0.0226273 0.219628 -0.0891818 0.0911071 0.264387 -0.0571444 -0.0955865 0.00293575 0.231289 0.39187 -0.297433 -0.152236 -0.182121 -0.306833 -0.41379 0.634844 -0.0341944 0.441706 0.629658 -0.323379 -0.49629 0.650802 -0.62135
internal_weight=0 569 4512 444 363 171 4378 192 4289 173 4116 4007 3848 686 537 431 193 238 3162 3043 2950 2779 2699 241 161 2458 2197 473 1724 392 281 1638 1502 1010 452 349 492 372 558 432 171 226 232 261 163 280 185 172 200
internal_count=5081 569 4512 444 363 171 4378 192 4289 173 4116 4007 3848 686 537 431 193 238 3162 3043 2950 2779 2699 241 161 2458 2197 473 1724 392 281 1638 1502 1010 452 349 492 372 558 432 171 226 232 261 163 280 185 172 200
is_linear=0
shrinkage=0.05


Tree=125
num_leaves=51
num_cat=0
split_feature=4 3 45 39 50 8 28 3 13 6 37 10 34 28 10 14 36 49 27 4 8 10 10 6 35 45 23 6 20 40 6 9 10 34 10 14 27 15 3 29 45 45 21 21 10 36 9 0 40 48
split_gain=91207.6 237675 436437 132832 191259 28634.3 37560.8 34890 29136.7 26940.8 12367.1 21823.4 18720.4 19734.2 22211.6 27241.7 16688 15385.9 23043.7 14292 14777.2 21591 12717.1 11307.2 9636.07 9137.86 15095.5 12591.3 10080.9 13122.3 11279 15551.4 13181.3 20548.9 11553.6 11153.6 10080.1 14950.1 14613.8 9904.27 9847.05 8912.83 7974.41 15730.8 9840.13 6713.87 6477.45 6313.19 5256.09 3370.71
threshold=6.2500000000000009 737.50000000000011 0.15951094710994371 4.5000000000000009 6.2645105164682571 -0.75391304347826071 72.062500000000014 172.50000000000003 6.5000000000000009 -5.3142857142857123 23.500000000000004 0.76450383730716664 0.20835000000000295 66.937500000000014 1.0835112497418278 3.5000000000000004 22.500000000000004 90.743250280846993 85.437500000000014 1.0000000180025095e-35 0.95739130434782627 2.0197709585164954 0.70244946413343545 1.5701725633984358e-16 12.708349999999998 -0.82415615971448097 88.750000000000014 0.68571428571428628 -0.24736842105263165 1.5000000000000002 0.34285714285714314 0.5779460905347642 1.7488971372542166 1.1250000000000002 1.5692598319197602 3.5000000000000004 80.562500000000014 78.250000000000014 12.500000000000002 6.1666750000000006 0.79904096188274243 -0.50556189049999822 0.32122704881326319 1.0123808910573617 1.4902913095196093 18.500000000000004 0.64416078545056399 78.750000000000014 52.500000000000007 0.24569139296723888
decision_type=2 2 2 2 2 2 2 2 2 2 2 2 2 2 2 2 2 2 2 2 2 2 2 2 2 2 2 2 2 2 2 2 2 2 2 2 2 2 2 2 2 2 2 2 2 2 2 2 2 2
left_child=1 3 -3 4 5 6 -1 8 -7 -10 16 -12 -13 45 15 41 22 19 -19 46 23 24 -11 -21 48 26 27 -24 29 -27 31 34 33 35 -30 -33 38 40 47 -40 -38 -15 44 -44 -41 -14 -16 -32 -22 -20
right_child=-2 2 -4 -5 -6 7 -8 -9 9 10 11 12 13 14 17 -17 -18 18 49 20 21 -23 25 -25 -26 28 -28 -29 30 -31 36 32 -34 -35 -36 -37 37 -39 39 42 -42 -43 43 -45 -46 -47 -48 -49 -50 -51
leaf_value=1.3330678012707962 -1.2089390419579886 -0.5883073434062388 4.4728440829685763 1.5827038687639512 -2.1897930243227743 0.78602418362580506 -0.13245222504649842 -1.0430842443748758 0.82409186446538529 0.61746021562388975 -0.80080150609431056 -0.64043119837206319 -0.1647934609403213 0.44209037715705429 0.017355152060476581 1.159343567126327 0.72429324792221539 -0.85148059354344419 0.26496718349280179 0.15473614433232477 -0.14611820139911738 0.68268829103073347 0.075581754176389612 0.96571424509702108 0.16827755996159144 0.031693520524152897 -0.29085282600787749 0.91954264490963211 -0.43639461870988216 -0.85986820395503727 0.33284362383031602 0.53839389256068637 -0.10674555875360965 1.0088652229163706 0.3050533226242772 -0.26860824236531317 0.7817093414919718 -0.39592750134264554 0.1330875084070223 -0.62366248723683937 0.023489366980587567 -0.29520026834272761 -1.0531206923672278 -0.19437183381617071 0.024646984221827654 -0.68085877588566612 -0.55569348665220397 -0.18924457765731617 -0.69018186162133799 -0.19121491244913622
leaf_weight=91 142 86 83 129 100 115 83 80 92 83 114 140 119 81 88 89 85 133 80 84 88 91 83 88 111 81 82 94 149 83 143 90 119 122 80 80 90 81 90 98 81 81 116 99 143 135 111 96 90 80
leaf_count=91 142 86 83 129 100 115 83 80 92 83 114 140 119 81 88 89 85 133 80 84 88 91 83 88 111 81 82 94 149 83 143 90 119 122 80 80 90 81 90 98 81 81 116 99 143 135 111 96 90 80
internal_value=0 0.0719943 1.90904 0.00639811 -0.0378337 0.0101225 0.637236 -0.0150564 0.00440733 -0.0173679 -0.0365816 -0.134286 -0.088852 -0.0386188 0.0405192 0.461849 0.0411158 -0.0611225 -0.36777 0.058845 0.189773 0.0153369 0.0141953 0.572839 -0.196428 -0.00993058 0.267556 0.526435 -0.0490927 -0.422 -0.0123949 0.152524 0.336208 0.516474 -0.177173 0.159278 -0.114226 0.160457 -0.202496 -0.345036 0.424777 0.0738956 -0.439487 -0.660427 -0.240469 -0.440675 -0.303465 0.12322 -0.423526 0.0371052
internal_weight=0 4930 169 4761 4632 4532 174 4358 4278 4163 4071 1803 1689 1549 1295 251 2268 1044 293 751 552 380 2183 172 289 2100 259 177 1841 164 1677 640 411 292 229 170 1037 252 785 546 171 162 456 215 241 254 199 239 178 160
internal_count=5072 4930 169 4761 4632 4532 174 4358 4278 4163 4071 1803 1689 1549 1295 251 2268 1044 293 751 552 380 2183 172 289 2100 259 177 1841 164 1677 640 411 292 229 170 1037 252 785 546 171 162 456 215 241 254 199 239 178 160
is_linear=0
shrinkage=0.05


Tree=126
num_leaves=50
num_cat=0
split_feature=2 29 44 4 19 50 20 2 20 7 30 6 46 19 48 36 6 3 14 36 29 38 3 27 30 34 18 7 50 20 14 16 20 13 36 7 33 21 21 16 27 13 48 30 19 48 46 48 50
split_gain=352574 508268 88020.7 36595.1 142843 41078.4 10334.4 23118.5 27215.5 17868.2 15511.1 14163 16427.9 18402.2 15214.6 14142.9 40542.5 49181 26628 25398.4 22576.1 29890.3 20016.1 27239.2 19103.6 27854.5 17121.5 15899.4 14970.9 13375.9 10673.3 13702.3 10228.5 16502 14205.1 10385.4 9741.65 14576 9547.72 8801.05 11154.3 8431.13 13189.3 10306.9 14955.2 14403.1 11034.2 9024.82 5324.3
threshold=195.00000000000003 6.9375000000000009 4.5000000000000009 5.2500000000000009 1.4125577870405459 5.7110262175676292 1.9511936339522549 717.50000000000011 2.2739468213152429 2.7062937062937071 108.12500000000001 4.1571428571428575 -0.99465740988130902 -1.0000000180025095e-35 -0.18685055305438422 29.500000000000004 0.68571428571428628 102.50000000000001 4.5000000000000009 26.500000000000004 5.9375000000000009 1.5000000000000002 107.50000000000001 77.687500000000014 194.37500000000003 1.8333499999999996 77.500000000000014 0.7845886597478956 -1.1413753304059993 -2.3954887218045107 2.5000000000000004 15.500000000000002 1.0000000180025095e-35 30.500000000000004 19.500000000000004 -0.44895104895104881 1.1250000000000002 0.73890775325408964 -1.2048813255709871 14.250000000000002 83.062500000000014 23.500000000000004 -0.22042485305200651 114.06250000000003 3.5143962848297217 -0.11100550028753102 -0.28519997588938989 0.31801614929633593 0.63988484075920138
decision_type=2 2 2 2 2 2 2 2 2 2 2 2 2 2 2 2 2 2 2 2 2 2 2 2 2 2 2 2 2 2 2 2 2 2 2 2 2 2 2 2 2 2 2 2 2 2 2 2 2
left_child=1 -1 -2 5 -5 6 9 8 -8 11 -10 12 -4 -14 -13 19 17 20 27 22 -17 26 24 -24 28 -26 -22 -18 -15 -30 31 36 33 -31 35 -34 37 -9 -37 40 -32 42 -40 44 46 -45 -43 -44 -48
right_child=2 -3 3 4 -6 -7 7 30 10 -11 -12 14 13 15 -16 16 18 -19 -20 -21 21 -23 23 -25 25 -27 -28 -29 29 32 39 -33 34 -35 -36 38 -38 -39 41 -41 -42 43 47 45 -46 -47 48 -49 -50
leaf_value=1.2656514294176218 1.6383168768359437 -3.5632490706443791 0.68362448133528231 2.1074956583173088 -0.79656676988542818 -0.97127613393036105 -1.1540387724694752 0.61018835463550658 -0.63181383253034695 0.7787039364193693 0.25384729058943062 -0.90962798065609407 -0.68023179891434582 0.53799373214798318 -0.019552885834910289 -0.72516044325144724 -0.4807248324584002 -1.4834252936895505 1.0734578976576978 0.91979484900047914 0.24191028377589061 0.75158515098289813 -0.046489676892941381 1.2421025695722729 1.0029092238499568 -0.12642121511755638 -0.69839107396855826 0.4134544557923901 -0.64197504653405124 -0.040247991895364002 -0.62397768873496351 -0.26575185971856119 -0.61336793335294015 0.81986626064066181 0.43725329071533781 -0.5347828287944616 0.71971626128191535 -0.25606027565826878 0.54630317626176061 0.23637408815151037 0.062239513252720695 0.68037789749602484 -0.4053139100007922 -0.83584562395220618 -0.54048534294075157 0.012308586459410818 -0.30631130869104262 0.28053909204472072 0.21307367436718525
leaf_weight=82 83 159 99 88 80 110 104 88 91 80 106 80 87 111 118 128 86 85 87 94 84 103 80 83 116 102 112 115 92 152 148 124 103 87 118 106 114 106 134 85 98 80 106 106 93 94 86 86 113
leaf_count=82 83 159 99 88 80 110 104 88 91 80 106 80 87 111 118 128 86 85 87 94 84 103 80 83 116 102 112 115 92 152 148 124 103 87 118 106 114 106 134 85 98 80 106 106 93 94 86 86 113
internal_value=0 -1.92178 0.0339095 0.00552372 0.728078 -0.0211336 0.00245999 -0.133489 -0.503772 0.0449557 -0.15639 0.0270781 0.0530827 0.0322552 -0.381943 0.0535486 -0.125729 -0.39242 0.348104 0.120533 -0.172282 0.0660301 0.0834174 0.613238 0.0373019 0.476342 -0.296222 0.0303844 -0.0203643 -0.0605157 0.0130549 0.176574 -0.0235626 0.27496 -0.0819817 -0.137674 0.354937 0.137991 -0.0883108 -0.200249 -0.351461 -0.035073 0.167551 -0.150645 0.00521797 -0.439135 0.1884 -0.0982471 -0.0117934
internal_weight=0 241 4831 4748 168 4580 4470 1064 301 3406 197 3326 3128 3029 198 2942 800 512 288 2142 427 299 2048 163 1885 218 196 201 1667 1556 763 432 1464 239 1225 1107 308 194 1004 331 246 898 326 572 372 200 279 192 199
internal_count=5072 241 4831 4748 168 4580 4470 1064 301 3406 197 3326 3128 3029 198 2942 800 512 288 2142 427 299 2048 163 1885 218 196 201 1667 1556 763 432 1464 239 1225 1107 308 194 1004 331 246 898 326 572 372 200 279 192 199
is_linear=0
shrinkage=0.05


Tree=127
num_leaves=48
num_cat=0
split_feature=0 3 33 2 36 27 4 8 50 31 44 17 3 2 19 49 9 25 28 2 18 9 17 31 49 8 36 18 20 29 13 8 8 13 10 17 50 16 17 16 37 17 17 49 2 10 28
split_gain=109494 213575 861367 57392.3 52103.7 19582.9 22028.1 26268 40180.7 32548.1 17797.6 17330.1 24959 28747.7 18917.4 10263.3 15451.6 13028.9 12236.6 17215.4 12540.8 11598.8 10366.7 10324.1 11220.2 17827.7 16225.2 9483.04 12965.6 11464.6 18952 11189.4 12972.6 11252.3 9177.59 13912.6 12762.5 10613.2 9730.34 11123.7 10929.6 9438.04 12142.2 9191.6 7853.94 8290.98 5269.77
threshold=63.250000000000007 672.50000000000011 1.1250000000000002 547.50000000000011 71.500000000000014 86.937500000000014 2.1250000000000004 -2.5252173913043472 1.6143840033922887 6.5000000000000009 5.2500000000000009 0.55586206896551738 137.50000000000003 637.50000000000011 1.0229616170792644 89.417234227644371 0.65281068547051102 1.0000000180025095e-35 73.562500000000014 727.50000000000011 122.50000000000001 0.49393915394851418 0.92582417582417598 4.5000000000000009 88.682484793575568 1.0826086956521741 57.500000000000007 172.50000000000003 1.3366982442844513 12.562500000000002 24.500000000000004 1.9330434782608699 2.1208695652173915 41.500000000000007 1.049785099688922 0.9582608695652175 0.80658779509496992 16.500000000000004 1.0871212121212122 9.2500000000000018 12.500000000000002 0.96662958843159086 0.86100386100386117 83.771580444413658 722.50000000000011 2.2162245024290281 55.812500000000007
decision_type=2 2 2 2 2 2 2 2 2 2 2 2 2 2 2 2 2 2 2 2 2 2 2 2 2 2 2 2 2 2 2 2 2 2 2 2 2 2 2 2 2 2 2 2 2 2 2
left_child=-1 3 -3 -2 5 6 10 -8 9 -9 -5 14 13 -13 -12 23 17 -17 20 -20 22 -19 -18 -15 26 -26 27 29 -29 31 -31 33 -33 34 35 36 -25 38 39 -36 43 42 -42 -41 -34 -46 -47
right_child=1 2 -4 4 -6 -7 7 8 -10 -11 11 12 -14 15 -16 16 18 21 19 -21 -22 -23 -24 24 25 -27 -28 28 -30 30 -32 32 44 -35 37 -37 -38 -39 -40 40 41 -43 -44 -45 45 46 -48
leaf_value=1.7437250059877716 1.3136576057916667 -4.7887663511129528 1.8572849128557287 0.6703679530516915 1.1721610061414951 0.57882864231628084 0.36344915870781785 0.25862533705536839 -1.4366526460796596 -0.91132958740569081 -1.0663893475765136 -0.81243704407747863 0.84949968967093048 0.5325543080098355 -0.10400594383695701 -0.87400756982981032 -0.41919714858134588 0.19596152555884669 -0.72104405260925164 0.21297929177158759 0.73023028151037994 -0.50572898184907611 0.32474347165038997 -0.35019989748756719 0.90242305634809394 0.0021778696402907373 -0.66582440253761088 -0.023554769226095895 0.70896909461755842 0.062034172134670787 -0.86602184993028652 -0.68221035433682398 -0.44809880493415727 0.59420066227276747 0.55604379590600728 -0.74178271126232032 0.34932582347250696 -0.2581730267888791 0.56177840474384289 0.029811067907493327 -0.3576782640452697 -0.58808503374457366 0.40864850193262098 0.64909306248438725 0.49557767325882307 -0.3680374981559158 0.17969633010380409
leaf_weight=85 82 103 91 91 90 125 90 138 99 103 81 112 82 103 136 105 80 102 102 94 88 137 110 126 90 139 89 131 111 122 99 103 89 103 119 80 133 147 152 157 106 95 99 96 85 90 84
leaf_count=85 82 103 91 91 90 125 90 138 99 103 81 112 82 103 136 105 80 102 102 94 88 137 110 126 90 139 89 131 111 122 99 103 89 103 119 80 133 147 152 157 106 95 99 96 85 90 84
internal_value=0 -0.0556737 -1.67775 0.0102898 -0.0126609 -0.0359754 -0.0531858 -0.393088 -0.593826 -0.243097 -0.0171693 -0.0330658 -0.00793488 -0.0272769 -0.46648 -0.0023959 -0.157758 -0.412323 0.0274685 -0.274287 0.240437 -0.206694 0.0109506 0.0438915 0.0246682 0.358371 -0.00709698 0.0183723 0.313972 -0.0160712 -0.35573 0.0243686 -0.192204 0.0935812 0.0537963 -0.169853 0.00897797 0.131972 0.201802 0.119665 0.0249265 -0.178946 0.0125887 0.266426 -0.0456345 0.0938556 -0.104098
internal_weight=0 4989 194 4795 4713 4623 4498 430 340 241 4068 3977 3760 3678 217 3566 818 344 474 196 278 239 190 2748 2645 229 2416 2327 242 2085 221 1864 451 1413 1310 339 259 971 824 672 553 300 205 253 348 259 174
internal_count=5074 4989 194 4795 4713 4623 4498 430 340 241 4068 3977 3760 3678 217 3566 818 344 474 196 278 239 190 2748 2645 229 2416 2327 242 2085 221 1864 451 1413 1310 339 259 971 824 672 553 300 205 253 348 259 174
is_linear=0
shrinkage=0.05


Tree=128
num_leaves=47
num_cat=0
split_feature=42 36 2 13 27 2 0 1 17 2 47 9 20 13 17 20 10 9 20 20 37 45 20 2 15 20 2 35 16 18 5 8 19 19 30 9 42 19 6 27 2 5 30 27 48 16
split_gain=338489 142249 194262 32843 29418.2 113861 56292.6 22602.6 46055.6 40006.6 90255.1 14188.5 16707.9 11873.3 21863.4 28745.3 18827.8 11851.8 17635.5 17738.1 11036.6 13236.4 17405.7 20273.7 20048.9 17429.7 16436.6 15000.3 12275 13696 10541.3 21585.9 10289.4 19527.8 11930.1 23542.4 12072.6 12843.7 10665.9 9210.29 8103.34 7462.48 9257.81 10107.3 6429.14 4100.83
threshold=9.2500000000000018 72.500000000000014 37.500000000000007 5.5000000000000009 72.687500000000014 672.50000000000011 75.250000000000014 78.500000000000014 0.78416149068322993 627.50000000000011 7.5000000000000009 1.8993607383474849 -3.4265934065934061 32.500000000000007 0.89827586206896559 0.22444946357989837 1.4378852437763541 0.63660201852143727 1.747230176755209 2.2909653813678585 57.500000000000007 -0.93545489084327571 -0.15730034671211138 687.50000000000011 81.250000000000014 0.12263336310523246 667.50000000000011 12.708349999999998 9.2500000000000018 132.50000000000003 1.0000000180025095e-35 0.62347826086956537 1.8461538461538463 2.0770715770715777 127.81250000000001 0.70355339059327393 1.2500000000000002 0.95409111012826187 3.147508305647841 82.812500000000014 717.50000000000011 -1.0000000180025095e-35 105.62500000000001 79.687500000000014 0.24967229052407927 10.500000000000002
decision_type=2 2 2 2 2 2 2 2 2 2 2 2 2 2 2 2 2 2 2 2 2 2 2 2 2 2 2 2 2 2 2 2 2 2 2 2 2 2 2 2 2 2 2 2 2 2
left_child=1 2 -1 -4 5 -5 -6 8 -8 10 -9 12 -11 20 15 -15 -17 -7 -19 -20 21 27 23 -23 25 -24 -27 40 -22 39 31 -16 34 -34 36 -36 37 -28 41 -30 -14 -35 -43 -44 -33 -39
right_child=-2 -3 3 4 6 17 7 9 -10 11 -12 -13 13 14 30 16 -18 18 19 -21 28 22 24 -25 -26 26 32 -29 29 -31 -32 44 33 38 35 -37 -38 45 -40 -41 -42 42 43 -45 -46 -47
leaf_value=1.9092361609141033 -3.2021198450800883 -1.6548627833204888 0.9118086776715153 -1.9920083651047076 1.270858237594366 0.36237296040241535 1.3781844088535631 0.34533189914443274 -0.06818557291709143 0.58530693269313727 -1.560991549352184 -0.62184114938690549 0.38016768817755359 1.3276787353518569 -0.88154652705643244 0.6097642219364644 -0.34862102324935212 -0.625379416730802 0.67616615611829878 -0.25855332525611363 -0.64733567256610713 -0.96378776196103821 0.67349439689978252 0.018638755280141521 0.74562261774298855 -0.63026000653244874 0.69389880784764524 0.89908817995612211 -0.63640601571117139 0.42021237512429555 0.35004962918517946 0.2467163720462896 0.66787227756062217 -0.26251175940036775 -1.1148061219471344 0.033134456433747947 -0.39812250468407723 0.16985667403971796 -0.49657983281110463 0.04641436419271408 -0.26837212587225029 -0.15947253867749156 -0.037123783875484859 0.61169591749170027 -0.28467291837997649 -0.28783074234661304
leaf_weight=137 82 123 97 88 89 129 88 120 144 132 127 83 107 80 81 124 86 142 80 135 142 103 83 106 88 118 81 81 104 92 131 157 128 119 84 94 141 100 94 93 86 126 97 156 88 94
leaf_count=137 82 123 97 88 89 129 88 120 144 132 127 83 107 80 81 124 86 142 80 135 142 103 83 106 88 118 81 81 104 92 131 157 128 119 84 94 141 100 94 93 86 126 97 156 88 94
internal_value=0 0.0174196 0.0601184 0.00603102 -0.0131754 -0.347832 0.0343642 0.00624632 0.483998 -0.0236228 -0.637185 0.020109 0.0359771 0.0135891 0.188499 0.527259 0.217491 -0.0466418 -0.195036 0.0907695 -0.0383754 0.00925716 -0.0397768 -0.467808 0.016287 -0.026541 -0.0675573 0.332491 -0.2684 -0.0806205 -0.0271506 -0.179332 -0.0165846 0.110436 -0.170475 -0.511792 -0.0235542 0.169244 -0.0110141 -0.315453 0.0912873 0.0814503 0.189856 0.363772 0.0554687 -0.0522482
internal_weight=0 4978 4855 4718 4621 574 4047 3958 232 3726 247 3479 3396 3264 747 290 210 486 357 215 2517 2086 1812 209 1603 1515 1432 274 431 289 457 326 1314 720 594 178 416 275 592 197 193 498 379 253 245 194
internal_count=5060 4978 4855 4718 4621 574 4047 3958 232 3726 247 3479 3396 3264 747 290 210 486 357 215 2517 2086 1812 209 1603 1515 1432 274 431 289 457 326 1314 720 594 178 416 275 592 197 193 498 379 253 245 194
is_linear=0
shrinkage=0.05


Tree=129
num_leaves=49
num_cat=0
split_feature=37 2 15 46 1 50 6 6 41 47 8 11 19 28 49 46 29 40 33 29 10 21 18 12 6 8 17 35 21 23 33 30 3 50 48 48 50 47 5 35 3 48 50 6 39 18 20 30
split_gain=177922 223583 501004 20034 32288.2 21014.4 57803.8 32805.8 15352.6 14031.7 29485 20079.8 18764.3 13394.7 15232.6 19960.5 18486.6 15123.3 15075.4 14070.8 14140.9 13521.3 13328.4 12497.8 27293.7 26669.1 23806.2 21890.9 26391.8 20237.3 15312.6 14886 33110.3 26054.1 18646.9 13835.2 12362.7 11765 10496.6 10154.4 10795 10038.9 9950.04 13421.2 9613.9 8282.26 7699.94 7070.32
threshold=87.500000000000014 507.50000000000006 68.500000000000014 -0.98212955754013376 88.250000000000014 3.4929130249781939 1.5701725633984358e-16 1.5428571428571434 1.5000000000000002 5.5000000000000009 -0.41502028729111767 4.2500000000000009 0.17194423223834995 68.562500000000014 87.051469076246079 0.14888728888808328 8.6875000000000018 42.500000000000007 1.3750000000000002 9.5625000000000018 0.96699979974086592 -0.30619377683303378 147.50000000000003 2.5499999999999976 2.5714285714285721 0.065217391304347866 0.81649831649831661 8.7500000000000018 0.10760042636103863 86.750000000000014 0.31250000000000006 104.37500000000003 67.500000000000014 1.3768084538462804 -0.14153135502185074 -0.45978582235611309 0.35539443979473623 6.5000000000000009 -1.0000000180025095e-35 3.035699999999999 32.500000000000007 -0.068291537331564151 0.91530619455824092 -0.64285714285714246 1.0000000180025095e-35 122.50000000000001 0.8574570590699625 118.12500000000001
decision_type=2 2 2 2 2 2 2 2 2 2 2 2 2 2 2 2 2 2 2 2 2 2 2 2 2 2 2 2 2 2 2 2 2 2 2 2 2 2 2 2 2 2 2 2 2 2 2 2
left_child=1 2 -1 4 -3 9 -7 -8 -9 10 -5 12 -11 14 15 38 18 21 22 -18 -21 -15 47 24 25 -14 -25 29 -29 -28 -26 33 42 34 35 -27 -32 -6 -12 -40 -41 -22 43 -33 -45 -44 -36 -17
right_child=-2 3 -4 5 37 6 7 8 -10 11 13 -13 23 17 -16 16 19 -19 -20 20 41 -23 -24 26 30 31 27 28 -30 -31 36 32 -34 -35 46 -37 -38 -39 39 40 -42 -43 45 44 -46 -47 -48 -49
leaf_value=-1.3345744673738775 -2.2846319248036639 1.094706620154186 3.2291295210520428 0.96972692499077451 -0.46055861803484555 0.39297412750106187 -1.5396410859513041 0.063092446687457324 -0.85475824475288398 0.51775411963462836 -0.1057422120727813 -0.73463138521245108 -0.98704977499148938 0.089926075856242571 -0.6709428919567948 0.37557216248026604 -0.93852191024951725 -0.27083472543292575 -0.41283805426875397 0.32178891297648937 -0.87226857373743882 0.81088690176988265 0.7858197252911685 0.65999863026093464 -0.2796914949398307 0.13553873573441105 0.12050335650146007 0.92220393646022547 -0.26685775769384285 -0.83370568574894044 0.022225573778152468 0.12057124205998011 -1.2153707828372717 -0.6766155958906791 0.22147544274463302 1.0477793431106737 0.75249006807804109 0.34658469240747247 0.10462941783862037 0.30493651066016364 1.0819547552492592 -0.10761398036954224 0.29035212902257046 -0.24062419156712223 -0.97482795669045308 -0.33570283769175063 -0.39371028759323801 -0.15967776748455234
leaf_weight=96 81 103 158 92 80 158 97 90 91 135 112 112 118 112 83 107 88 80 111 84 80 155 87 146 102 82 99 91 94 125 99 83 95 106 93 84 139 101 121 90 90 92 136 82 99 85 110 143
leaf_count=96 81 103 158 92 80 158 97 90 91 135 112 112 118 112 83 107 88 80 111 84 80 155 87 146 102 82 99 91 94 125 99 83 95 106 93 84 139 101 121 90 90 92 136 82 99 85 110 143
internal_value=0 0.0633737 1.5058 -0.0138636 0.392617 -0.0397249 -0.369104 -0.802083 -0.400529 -0.00411321 0.103712 -0.0845616 -0.0511939 0.0544196 -0.0199317 0.0254289 -0.121508 0.329662 0.0901614 -0.396633 -0.207431 0.509925 0.256569 -0.0885674 -0.162986 -0.277277 0.114235 -0.0817203 0.319846 -0.413318 0.230976 -0.197031 -0.366772 0.0105671 0.209264 0.600664 0.450089 -0.0107341 0.306819 0.460172 0.697277 -0.466253 -0.198393 -0.405006 -0.645355 0.0491342 -0.112172 0.0699928
internal_weight=0 5016 254 4762 284 4478 436 278 181 4042 1727 2315 2203 1635 1288 1205 792 347 448 344 256 267 337 2068 1513 1173 555 409 185 224 340 1055 580 475 369 166 238 181 413 301 180 172 485 264 181 221 203 250
internal_count=5097 5016 254 4762 284 4478 436 278 181 4042 1727 2315 2203 1635 1288 1205 792 347 448 344 256 267 337 2068 1513 1173 555 409 185 224 340 1055 580 475 369 166 238 181 413 301 180 172 485 264 181 221 203 250
is_linear=0
shrinkage=0.05


Tree=130
num_leaves=45
num_cat=0
split_feature=2 36 3 37 30 28 18 36 3 14 29 8 8 16 42 2 46 46 36 18 30 48 45 45 5 28 49 8 35 33 13 37 6 45 41 2 41 6 16 8 48 13 41 8
split_gain=153667 489452 122410 39282.6 53295 22711.5 13232.3 32002.7 37051.7 14728.8 13302.4 13060.7 17038.7 29242 21272 16849.2 11996.7 13908.3 19456.5 10866.1 11435.7 10283.4 7898.24 9561.85 6830.56 7268.09 16967.8 20166 19356.9 17342.9 15717.1 15295.6 13703.1 13356.7 11365 9276.63 11672.7 13251.6 11092 9069.1 8505.54 8350.75 10921.2 5104.85
threshold=17.500000000000004 21.500000000000004 292.50000000000006 75.500000000000014 150.62500000000003 45.937500000000007 62.500000000000007 48.500000000000007 82.500000000000014 4.5000000000000009 4.5625000000000009 -1.5227667984189721 0.16713353575812392 8.2500000000000018 1.2500000000000002 637.50000000000011 -0.78324956448884031 -0.30982845708428081 7.5000000000000009 67.500000000000014 264.37500000000006 -0.098104314729781109 0.99053107487289871 0.96904697354198299 9.0000000000000018 69.562500000000014 89.638406236595088 0.95739130434782627 12.708349999999998 0.95835000000000303 23.500000000000004 21.500000000000004 -0.34285714285714292 -0.73866753694953124 1.5000000000000002 682.50000000000011 1.0000000180025095e-35 1.5428571428571434 12.500000000000002 1.233913043478261 0.12519602241152125 23.500000000000004 1.5000000000000002 1.3382608695652176
decision_type=2 2 2 2 2 2 2 2 2 2 2 2 2 2 2 2 2 2 2 2 2 2 2 2 2 2 2 2 2 2 2 2 2 2 2 2 2 2 2 2 2 2 2 2
left_child=1 -1 3 5 -5 -2 7 8 9 16 -8 -12 13 -13 -15 -14 -7 -18 -19 -17 22 -11 23 24 25 32 27 33 34 31 -31 -28 41 -27 -29 -34 39 43 -39 -37 -33 -21 -43 -38
right_child=2 -3 -4 4 -6 6 10 -9 -10 21 11 12 15 14 -16 19 17 18 -20 20 -22 -23 -24 -25 -26 26 29 28 -30 30 -32 40 35 -35 -36 36 37 38 -40 -41 -42 42 -44 -45
leaf_value=3.8605317096710206 -0.61692232345642695 -1.182910583865258 -1.9319271005966046 1.2967415890076024 -0.16288048885438755 -0.1059545999531411 0.51147576947781181 -0.57007761375337351 1.2930960711269153 -0.49740463371521665 -0.63815084355218077 -0.35286369933968498 -0.5717092899372801 0.14760730416624698 1.0376352682709695 -0.59682480734448107 0.9071368402083877 0.68082692149774482 -0.18332108722534032 0.0029013263454867738 0.4619429901890133 0.20243153686475274 0.35155783145988395 -0.5436431835931127 -0.3775858232317722 0.1591598737941069 0.65975066552859518 0.041995329098985686 0.59115298234281088 0.019494461062106682 -0.83580717618071199 -0.44124876849775047 0.42234254279814731 0.97663181495666507 -0.67095087820224553 0.001145365362566325 -0.49674572793936189 -0.075057659519242717 0.64185239008780748 -0.57140952512692611 0.1689205104064557 -0.23072742470207494 -0.95393415576219565 0.052737758181444029
leaf_weight=99 146 92 80 137 114 120 109 121 83 111 90 125 159 142 127 85 121 132 127 89 114 98 117 100 145 84 88 150 104 93 126 105 108 124 88 123 87 90 133 157 123 111 99 81
leaf_count=99 146 92 80 137 114 120 109 121 83 111 90 125 159 142 127 85 121 132 127 89 114 98 117 100 145 84 88 150 104 93 126 105 108 124 88 123 87 90 133 157 123 111 99 81
internal_value=0 1.43772 -0.00443798 0.0281777 0.63579 -0.00558479 0.0148872 0.184176 0.299983 0.182065 -0.0296181 -0.0472816 -0.0308642 0.277125 0.570093 -0.0730364 0.329212 0.46655 0.258019 -0.0437298 -0.0256957 -0.16985 -0.047886 -0.0674321 -0.0465725 -0.0242183 0.0671104 0.261897 0.0253578 -0.133253 -0.474159 0.103759 -0.116117 0.64884 -0.223319 -0.00553397 -0.0749283 0.101502 0.353473 -0.320785 -0.112778 -0.403246 -0.574573 -0.233072
internal_weight=0 191 4866 4786 251 4535 4389 913 792 709 3476 3367 3277 394 269 2883 500 380 259 2724 2639 209 2525 2408 2308 2163 1085 550 342 535 219 316 1078 208 238 779 671 391 223 280 228 299 210 168
internal_count=5057 191 4866 4786 251 4535 4389 913 792 709 3476 3367 3277 394 269 2883 500 380 259 2724 2639 209 2525 2408 2308 2163 1085 550 342 535 219 316 1078 208 238 779 671 391 223 280 228 299 210 168
is_linear=0
shrinkage=0.05


Tree=131
num_leaves=49
num_cat=0
split_feature=17 15 2 9 4 2 21 46 29 50 35 23 28 42 18 9 2 7 30 17 35 28 35 35 28 21 18 43 40 45 29 10 40 29 2 14 30 37 30 21 46 50 50 8 46 6 6 6
split_gain=136321 838856 184030 43991 47358.8 42587.2 34506.6 18488.4 17918.2 20799.4 13463.3 19157 32342 31657.8 18253 17770.9 13451.6 14908 13319.2 11732.5 11692.3 10724.3 11293.7 10562 19870.6 20439.3 14421 19798.7 13277.4 24024.7 19944.6 17746.6 16989.7 16628.9 19584.6 17662.7 15745 13528 13416 13514.3 12446.8 20866.6 13787.1 11502.7 17532.7 11416.8 10506.4 10118.9
threshold=0.36038961038961043 73.500000000000014 12.500000000000002 1.6018619323962129 4.7500000000000009 572.50000000000011 1.7748619196895066 -0.99628250747696534 4.7812500000000009 0.10392841744782545 11.250000000000002 89.250000000000014 66.062500000000014 1.7500000000000002 127.50000000000001 0.61862036604191917 717.50000000000011 1.573426573426574 134.37500000000006 0.48380355276907011 28.750000000000004 62.437500000000007 26.250000000000004 6.2500000000000009 65.812500000000014 1.4943357033320341 97.500000000000014 1.2500000000000002 6.5000000000000009 0.77788564761185042 9.4375000000000018 1.0416493398424771 2.5000000000000004 8.1875000000000018 727.50000000000011 2.5000000000000004 119.37500000000001 12.500000000000002 101.87500000000003 -0.086076997077370251 -0.082691941062253513 2.2328996210334116 -0.2058089161524492 1.6233344230140572 -0.71502926860092908 0.34285714285714292 -1.712915523707384e-16 1.5701725633984358e-16
decision_type=2 2 2 2 2 2 2 2 2 2 2 2 2 2 2 2 2 2 2 2 2 2 2 2 2 2 2 2 2 2 2 2 2 2 2 2 2 2 2 2 2 2 2 2 2 2 2 2
left_child=1 -1 -2 4 5 -4 -5 -7 9 -9 19 12 15 14 46 -12 18 -18 -13 -10 -11 22 -17 28 26 43 -25 -28 32 30 31 -30 40 34 35 -33 -31 -34 39 -32 -21 42 -42 44 -26 -44 -14 -46
right_child=2 -3 3 6 -6 7 -8 8 10 20 11 16 13 -15 -16 21 17 -19 -20 23 -22 -23 -24 24 25 -27 27 -29 29 36 38 33 37 -35 -36 -37 -38 -39 -40 -41 41 -43 45 -45 47 -47 -48 -49
leaf_value=5.1936401308318718 -1.9912120087393399 -1.5271593236321703 1.1344729762701762 0.12265251720773762 -1.091858810916239 0.62070043551382326 1.5623010912151249 0.21869839536555019 -0.62602464177391748 -0.33169746363052616 0.49748242042701823 0.015086977822440013 0.45201812681296599 1.2206068451358723 0.83230005770714754 -0.36584569182375382 0.65097746373642063 -0.20129583440879784 -0.801620052009821 0.57666041009711577 -1.1896754406116627 -0.61982576279634882 0.33968126842299023 -0.34161937308532225 0.16245476352233512 0.34911034115026762 -0.087910012819550257 0.89608980066065369 0.86485285028334591 0.2255412911320781 0.37452007532119752 0.11591115750602841 -0.15971828134222466 0.62422697725533338 0.53228192157605114 -0.82137756410099216 1.1834540427090174 -1.0030234687753461 -0.7914930618271746 -0.36951721565503826 -0.33413251371650432 -0.75270271683994094 0.60113156265682655 -1.0521511463857278 -0.95855760783085542 -0.032462962174060327 -0.24191631663368263 -0.31133159919426995
leaf_weight=80 115 108 83 86 97 115 80 80 87 80 115 90 91 129 107 115 83 131 111 82 80 111 110 107 101 80 109 95 92 90 101 96 109 107 84 104 82 84 86 151 142 94 134 81 115 150 133 129
leaf_count=80 115 108 83 86 97 115 80 80 87 80 115 90 91 129 107 115 83 131 111 82 80 111 110 107 101 80 109 95 92 90 101 96 109 107 84 104 82 84 86 151 142 94 134 81 115 150 133 129
internal_value=0 1.3451 -0.0237231 0.0246355 -0.00459762 0.01931 0.82166 -0.00211045 -0.0190731 -0.437828 0.00604236 0.136392 0.264573 0.559081 0.298365 -0.036385 -0.144946 0.130749 -0.437666 -0.058191 -0.765411 -0.220041 -0.0209446 -0.038994 -0.187817 -0.380856 0.126473 0.372461 0.0290754 0.150922 0.0380354 0.243989 -0.123116 0.0960694 -0.104412 -0.373141 0.686422 -0.530031 -0.256122 -0.0710102 0.00800325 -0.0826043 0.0666742 -0.518435 -0.390449 0.267547 0.0407506 -0.619044
internal_weight=0 188 4834 4719 4553 4456 166 4373 4258 240 4018 1326 911 460 331 451 415 214 201 2692 160 336 225 2605 817 506 311 204 1788 993 821 483 795 391 284 200 172 193 338 252 602 520 426 426 345 284 224 244
internal_count=5022 188 4834 4719 4553 4456 166 4373 4258 240 4018 1326 911 460 331 451 415 214 201 2692 160 336 225 2605 817 506 311 204 1788 993 821 483 795 391 284 200 172 193 338 252 602 520 426 426 345 284 224 244
is_linear=0
shrinkage=0.05


Tree=132
num_leaves=50
num_cat=0
split_feature=38 4 3 45 3 37 30 37 40 1 19 3 48 30 19 19 17 7 13 46 22 29 20 11 30 28 10 6 5 13 29 5 34 5 30 27 20 48 13 11 50 10 46 48 48 46 10 50 46
split_gain=118743 98213.4 227537 227874 143116 35985.1 41341.6 22635.6 23201.4 18805.5 29938.4 26213.1 32736.1 24831.9 30468.3 20526.5 14283.8 15243.7 18979.8 22798 27699.9 13428.6 13800.6 12342.5 12627 11678.6 11918 22336.8 16275.2 13442.8 21838.4 24948.8 39954.7 12753.3 11451.7 10351.2 9841.2 10445.7 13089 15945.7 12708.3 11564.7 10057.2 9453.01 9943.72 7553.82 7065.73 5906.09 4797.69
threshold=4.5000000000000009 6.2500000000000009 737.50000000000011 0.15951094710994371 217.50000000000003 76.500000000000014 146.87500000000003 66.500000000000014 51.500000000000007 73.500000000000014 2.0882734912146681 122.50000000000001 0.065599478580966958 191.56250000000003 2.0029262345051824 1.6044699486559952 0.5240274599542335 -0.60839160839160822 24.500000000000004 -0.6652727025667432 84.250000000000014 7.3125000000000009 1.6190476190476193 3.5000000000000004 51.875000000000007 55.562500000000007 1.0242041008868157 0.34285714285714253 1.0000000180025095e-35 19.500000000000004 6.1666750000000006 1.0000000180025095e-35 0.87500000000000011 -1.0000000180025095e-35 106.87500000000001 79.812500000000014 0.23725839378013297 -0.55096387602765151 26.500000000000004 2.7500000000000004 0.47156271128206845 1.2844018490780793 -0.6652727025667432 0.25491178558367755 -0.10508047667762555 -0.49812626372919411 0.88606297638948883 0.37297305589841306 -0.039769286347669845
decision_type=2 2 2 2 2 2 2 2 2 2 2 2 2 2 2 2 2 2 2 2 2 2 2 2 2 2 2 2 2 2 2 2 2 2 2 2 2 2 2 2 2 2 2 2 2 2 2 2 2
left_child=1 2 4 -4 5 7 -7 9 -9 10 -1 13 -13 16 15 -15 -11 18 -18 -20 -21 22 -16 24 -19 -26 27 46 35 30 -28 32 -32 45 -12 -29 -35 40 42 41 -38 -40 -39 44 -43 -31 -27 -47 -44
right_child=-2 -3 3 -5 -6 6 -8 8 -10 11 34 12 -14 14 21 -17 17 23 19 20 -22 -23 -24 -25 25 26 29 28 -30 33 31 -33 -34 36 -36 -37 37 38 39 -41 -42 43 48 -45 -46 47 -48 -49 -50
leaf_value=-1.1023812831452724 -1.6594020891723771 -1.3138285927700275 0.034879404090973273 3.7628731425215558 -1.9930097110569478 1.5446276321829786 -0.043033876187271544 0.14198873610031315 -0.95729232523431129 -0.52212900885643854 0.35210134365826573 0.10340376355783727 1.3961856356481226 0.39341521792265838 0.77360850165084916 1.4737432100423953 0.8240031554418451 0.51197010147813204 0.75794869527388153 0.30465352008089663 -0.8132587197453085 -0.26625986123996737 -0.098719999544760767 -0.50545014799995858 -0.57385897776888062 0.26686735231015418 -0.50498239685749191 -0.72482506467770502 0.41335718839296276 -0.72121148582082251 0.013972753935521193 -0.26619873456656934 1.4347189790208121 -0.48538508698588512 -0.31500525829518677 0.0011711097047442482 0.71134227018058305 -0.0080215290076254553 -0.51032610799151434 0.66744492040740122 -0.079270258180510547 -0.058223202438915482 -0.88058601750666843 -0.28867362105116551 0.70599299243023239 -0.54056222850433844 0.86331687710922334 0.027441135365164505 -0.33956668723461242
leaf_weight=88 105 131 82 81 87 83 80 81 116 130 108 122 81 97 97 81 118 110 88 125 98 151 84 131 95 89 86 92 111 127 100 95 97 121 156 104 99 119 107 89 103 84 82 97 85 80 115 105 85
leaf_count=88 105 131 82 81 87 83 80 81 116 130 108 122 81 97 97 81 118 110 88 125 98 151 84 131 95 89 86 92 111 127 100 95 97 121 156 104 99 119 107 89 103 84 82 97 85 80 115 105 85
internal_value=0 0.0318209 0.0684911 1.89909 0.00432734 0.0425946 0.769896 0.01566 -0.506869 0.0400978 -0.309316 0.0718688 0.623558 0.0412498 0.364682 0.890512 -0.010933 0.0111136 0.286948 0.0811896 -0.188064 0.0809337 0.370453 -0.034352 -0.00924334 -0.0336713 -0.0108417 0.20151 -0.0681486 -0.0725405 0.191359 0.39747 0.717241 -0.144755 -0.0417992 -0.341552 -0.0626395 -0.00834133 -0.0945564 0.0700459 0.309804 -0.0739006 -0.35977 0.102908 0.328038 -0.425533 0.605672 -0.219768 -0.608877
internal_weight=0 4973 4842 163 4679 4592 163 4429 197 4232 352 3880 203 3677 510 178 3167 3037 429 311 223 332 181 2608 2477 2367 2272 511 307 1761 378 292 197 1383 264 196 1071 950 748 462 202 373 286 266 169 312 204 185 167
internal_count=5078 4973 4842 163 4679 4592 163 4429 197 4232 352 3880 203 3677 510 178 3167 3037 429 311 223 332 181 2608 2477 2367 2272 511 307 1761 378 292 197 1383 264 196 1071 950 748 462 202 373 286 266 169 312 204 185 167
is_linear=0
shrinkage=0.05


Tree=133
num_leaves=49
num_cat=0
split_feature=38 39 2 17 9 2 4 17 2 50 17 9 16 13 17 13 40 20 20 20 3 7 28 30 10 36 33 17 14 45 18 13 20 49 36 49 27 50 48 13 45 3 36 13 34 35 50 48
split_gain=102389 83385.8 78465.5 52024 192787 95263.5 18849.6 71958.4 17189.6 20246.6 19237.8 9765.28 7393.76 9149.48 9899 11587.2 10486.7 10984.7 12749.2 14559.2 20233.6 8345.4 7510.38 11519.7 14256.9 22616.1 10852.4 10647.2 10518.6 10472.5 11283.4 15021.1 10751.8 8181.57 8750.49 14501.3 21379 9947.29 8613.86 7156.08 8060.49 7149 7051.01 6980.15 6663.45 5338.24 4171.99 3110.64
threshold=4.5000000000000009 4.5000000000000009 7.5000000000000009 0.46862745098039221 0.63660201852143727 592.50000000000011 3.2500000000000004 0.89827586206896559 647.50000000000011 1.0980894131579293 0.73508771929824568 1.2569245018275363 19.500000000000004 43.500000000000007 1.1863425925925928 22.500000000000004 84.500000000000014 -2.1364440513047316 -1.0040400775694891 -0.12744360902255639 67.500000000000014 1.7172827172827176 49.812500000000007 184.37500000000003 1.4244980743690803 7.5000000000000009 1.0000000180025095e-35 0.94281045751633996 1.5000000000000002 0.99053107487289871 97.500000000000014 33.500000000000007 1.8532105149752209 77.972869541866586 3.5000000000000004 89.638406236595088 85.062500000000014 0.15867528786654364 0.27627952404767697 23.500000000000004 -0.01397611846945947 47.500000000000007 18.500000000000004 26.500000000000004 0.87500000000000011 6.2500000000000009 1.2340371225544831 -0.16734241459810498
decision_type=2 2 2 2 2 2 2 2 2 2 2 2 2 2 2 2 2 2 2 2 2 2 2 2 2 2 2 2 2 2 2 2 2 2 2 2 2 2 2 2 2 2 2 2 2 2 2 2
left_child=1 2 -1 4 -4 -5 8 -8 9 -7 -11 12 13 14 16 -16 17 -10 -19 20 -20 -17 -21 26 -25 -26 28 -27 -24 30 31 32 39 -32 38 37 -37 43 41 40 -28 -35 -34 -36 46 -38 -39 -46
right_child=-2 -3 3 5 -6 6 7 -9 11 10 -12 -13 -14 -15 15 21 -18 18 19 22 -22 -23 23 24 25 27 29 -29 -30 -31 33 -33 42 34 35 36 45 44 -40 -41 -42 -43 -44 -45 47 -47 -48 -49
leaf_value=-1.1451386061290767 -1.5351954653449016 1.4431762577295304 0.73829802736505734 1.4585185111326686 -2.2237080196721837 0.20069477697020599 1.2886800956951472 -0.58618444816933735 -0.45299119743885419 -0.21934951317581264 -1.2157259870659223 -0.38917081392761593 -0.34716180073718234 0.50509503875617623 0.77474079485172809 -0.11914075084480664 0.47160673169027856 0.5202114718551395 0.087771705018226495 -0.36284965611383568 -1.0022489603827982 0.48074758118704741 -0.067541215100953747 0.80004894208199906 0.61548481694023527 -0.67849026365977971 0.48557074063502753 0.11892606685327929 0.67228991322896703 0.47939695579850156 0.33036239706888432 -0.51965088345200183 -0.38132668241858481 -0.32584266331653267 -0.47823846921072166 -0.95342781642135588 0.19053108428357815 0.6425146123183143 -0.0066513616787759883 0.63307042076791598 -0.18271009845809005 -0.89590587474481032 0.19519663170903132 0.11294722474854568 -0.24068468623771899 -0.32387420317301385 0.16734687109569929 0.19098235400284039
leaf_weight=148 108 99 110 117 108 102 118 89 131 109 87 137 119 107 91 148 118 118 85 121 84 94 85 100 125 81 93 85 109 91 81 82 99 128 117 105 97 96 94 151 86 98 112 86 81 103 90 84
leaf_count=148 108 99 110 117 108 102 118 89 131 109 87 137 119 107 91 148 118 118 85 121 84 94 85 100 125 81 93 85 109 91 81 82 99 128 117 105 97 96 94 151 86 98 112 86 81 103 90 84
internal_value=0 0.0138568 -0.0153099 0.0201119 -0.732571 0.0564554 0.018995 0.483636 -0.00396021 -0.369367 -0.665545 0.0239623 0.0390545 0.0517171 0.0379096 0.296992 0.010999 -0.00669163 0.0131595 -0.00801673 -0.456722 0.114893 0.0204383 0.0386964 0.288131 0.110077 -0.00640143 -0.271908 0.349453 -0.0415332 -0.0669493 0.107 0.202766 -0.152974 -0.186433 -0.103058 -0.379328 0.0494488 -0.409222 0.380588 0.165266 -0.575896 -0.0758276 -0.228459 0.210369 -0.0746809 0.414719 -0.0211003
internal_weight=0 4999 4900 4752 218 4534 4417 207 4210 298 196 3912 3775 3656 3549 333 3216 3098 2967 2849 169 242 2680 2559 391 291 2168 166 194 1974 1883 623 541 1260 1179 859 305 554 320 330 179 226 211 203 351 200 186 165
internal_count=5107 4999 4900 4752 218 4534 4417 207 4210 298 196 3912 3775 3656 3549 333 3216 3098 2967 2849 169 242 2680 2559 391 291 2168 166 194 1974 1883 623 541 1260 1179 859 305 554 320 330 179 226 211 203 351 200 186 165
is_linear=0
shrinkage=0.05


Tree=134
num_leaves=50
num_cat=0
split_feature=42 3 37 3 31 3 14 6 3 49 36 8 10 13 10 8 8 20 7 48 21 46 17 30 46 36 0 49 6 6 21 36 40 36 10 48 36 36 37 10 27 45 6 29 1 6 50 20 3
split_gain=144981 173428 50042.3 37148 14055.5 28271.9 22643 19137.6 17770.3 42957.9 56506 17372.6 9802.96 10611.5 10610 25313.7 16013.8 18701.1 25562.4 12817.7 12090 13354.6 16206.4 11304.7 10267.9 9399.48 9344.37 10250.3 8682.35 17972.6 12248.6 13220.5 10620 10466.6 19240.2 21984.5 15290.9 10842.8 10231.8 11052.6 8848.4 11712 11432.8 9534.56 8491.15 7558.5 6919.81 5547.26 4830.2
threshold=8.2500000000000018 742.50000000000011 86.500000000000014 212.50000000000003 5.5000000000000009 102.50000000000001 2.5000000000000004 1.0000000180025095e-35 112.50000000000001 82.67765284923496 29.500000000000004 0.62347826086956537 2.4632326190072988 32.500000000000007 1.917974380397176 1.389130434782609 -0.14999999999999994 -0.48599953177752037 -0.44895104895104881 -0.032899740843847426 -0.98175839066082904 0.45847758937963173 1.0606617647058825 108.12500000000001 0.47369649395226454 49.500000000000007 72.750000000000014 77.796069519036777 2.5714285714285721 3.5142857142857147 0.94275016014147195 13.500000000000002 40.500000000000007 30.500000000000004 1.3823354978681499 0.020704447397010085 12.500000000000002 9.5000000000000018 26.500000000000004 1.3747346994256906 77.312500000000014 -0.77245553105869302 0.34285714285714314 9.1875000000000018 79.500000000000014 2.2285714285714291 0.85942501081832756 1.0867043298257721 32.500000000000007
decision_type=2 2 2 2 2 2 2 2 2 2 2 2 2 2 2 2 2 2 2 2 2 2 2 2 2 2 2 2 2 2 2 2 2 2 2 2 2 2 2 2 2 2 2 2 2 2 2 2 2
left_child=1 2 3 4 5 6 7 -1 12 -10 -11 -8 14 24 16 -16 19 18 23 -6 -17 22 -22 -18 -14 -13 -19 -28 33 30 31 -30 46 36 35 -35 37 40 -38 -40 44 -42 43 -43 -29 -9 -31 -44 -36
right_child=-2 -3 -4 -5 8 -7 11 45 9 10 -12 25 13 -15 15 20 17 26 -20 -21 21 -23 -24 -25 -26 -27 27 28 29 32 -32 -33 -34 34 48 -37 38 -39 39 -41 41 42 47 -45 -46 -47 -48 -49 -50
leaf_value=0.71213541029151095 1.8604018748363602 -1.9362087435426965 1.2776458933765507 1.0793787256246661 -0.072325097912489769 -0.85719416206984822 0.14179309396832079 -0.38031358064124077 -0.37715309836647726 1.7955473805777729 0.07329881526175 -0.966513017607185 -0.84395069287917046 0.13295544891485148 1.0467154893530422 -0.43821076951747717 0.37817466154339768 -0.50948030033281877 -0.25076574249548861 -0.92318707998887994 1.000301790135828 -0.12882877337370094 0.081506365746538217 1.2051924670443817 -0.12050335210111768 -0.24959302171167122 0.43490716947426061 0.013748252521390501 0.26297827515312855 -0.16020191063483558 -0.023323455932496611 1.1541402684790749 -0.4872314527371655 -1.1300572575518379 -0.18339242269540881 -0.036014297678146838 0.57384317465595258 -0.59911949870721359 0.35048279728401793 -0.33691916482789175 -0.36323413476347927 0.82777483249832506 0.15501821001610125 0.16831490899180218 -0.57119514964082663 0.2492818109367205 0.44336206822582852 -0.42698538410074915 0.34582018188950497
leaf_weight=128 106 112 80 81 98 131 107 98 109 87 104 105 96 111 82 85 83 90 88 80 87 150 106 84 100 82 131 114 84 101 86 83 114 107 90 80 150 105 131 104 125 86 82 150 135 91 88 80 81
leaf_count=128 106 112 80 81 98 131 107 98 109 87 104 105 96 111 82 85 83 90 88 80 87 150 106 84 100 82 131 114 84 101 86 83 114 107 90 80 150 105 131 104 125 86 82 150 135 91 88 80 81
internal_value=0 0.000170904 0.0452772 0.0243451 0.00589369 -0.193613 -0.0501709 0.242605 0.0434386 0.412683 0.863045 -0.365603 0.01296 -0.256958 0.0378393 0.247526 -2.29159e-05 0.0308607 0.43707 -0.457756 0.0923274 0.224694 0.4987 0.798857 -0.47733 -0.655141 -0.0125173 0.00708245 -0.0188615 0.151452 0.4617 0.710125 -0.108266 -0.0773722 -0.315584 -0.664699 -0.00960053 -0.124901 0.252688 0.0461323 -0.0597107 0.0571472 0.189756 0.411105 -0.304406 -0.0774585 0.121677 -0.133247 0.0678404
internal_weight=0 4962 4850 4770 4689 742 611 317 3947 300 191 294 3647 307 3340 510 2830 2652 255 178 428 343 193 167 196 187 2397 2307 2176 556 253 167 303 1620 358 187 1262 877 385 235 772 523 398 236 249 189 189 162 171
internal_count=5068 4962 4850 4770 4689 742 611 317 3947 300 191 294 3647 307 3340 510 2830 2652 255 178 428 343 193 167 196 187 2397 2307 2176 556 253 167 303 1620 358 187 1262 877 385 235 772 523 398 236 249 189 189 162 171
is_linear=0
shrinkage=0.05


Tree=135
num_leaves=51
num_cat=0
split_feature=0 2 50 29 14 3 8 35 30 37 50 48 11 50 14 36 14 20 46 46 8 30 37 15 33 8 34 20 22 46 34 30 19 25 18 7 42 31 36 49 40 49 14 8 46 45 44 28 50 2
split_gain=85761.5 388808 235967 1.20195e+06 50159.4 44294.6 35501.5 27469.7 26532.9 27414.4 20705.4 22803.5 16134.4 14018.4 30999.5 17823.6 20071.6 15014.6 28440 39255.3 20942.9 11844.7 11729.6 18178.4 9709.41 7933.59 7546.75 24253.8 12427.7 22636.7 8367.35 22931.8 12461 19797.9 15215.6 20374.5 18495.3 9142.87 8901.14 10247.4 10541.3 10421 8525.27 10969.5 8080.05 6716.94 6507.9 5972.59 5627.29 4509.47
threshold=78.750000000000014 547.50000000000011 5.312721158191601 6.9375000000000009 15.500000000000002 157.50000000000003 -1.0704968944099373 6.2500000000000009 114.06250000000003 11.500000000000002 3.5766522575626003 0.4629492144943726 1.5639534883720965 2.6991139204444896 4.5000000000000009 64.500000000000014 12.500000000000002 -0.15730034671211138 -0.88620506325989179 -0.46800559042974538 1.0000000180025095e-35 93.125000000000028 11.500000000000002 58.500000000000007 0.95835000000000303 -0.024620394591337889 1.8333499999999996 0.76391687970635347 88.250000000000014 0.36447543099728863 1.3750000000000002 134.37500000000006 1.0510021458972114 1.5000000000000002 117.50000000000001 2.2338572522260995 -1.0000000180025095e-35 6.5000000000000009 30.500000000000004 86.525148557519117 38.500000000000007 83.683400447047333 2.5000000000000004 1.0460869565217394 -0.38243420677835349 -0.099819732675876835 12.500000000000002 69.062500000000014 0.46004618753623566 702.50000000000011
decision_type=2 2 2 2 2 2 2 2 2 2 2 2 2 2 2 2 2 2 2 2 2 2 2 2 2 2 2 2 2 2 2 2 2 2 2 2 2 2 2 2 2 2 2 2 2 2 2 2 2 2
left_child=1 -1 4 -4 5 13 -3 10 9 12 11 21 -9 15 24 16 17 18 -2 -20 -19 49 23 -10 -15 -21 30 -28 29 -29 32 48 33 37 36 38 46 -22 39 41 -41 -36 43 -38 -44 -45 -34 -27 -32 -8
right_child=2 6 3 -5 -6 -7 7 8 22 -11 -12 -13 -14 14 -16 -17 -18 20 19 25 26 -23 -24 -25 -26 47 27 28 -30 -31 31 -33 34 -35 35 -37 42 -39 -40 40 -42 -43 44 45 -46 -47 -48 -49 -50 -51
leaf_value=2.7848000727543218 -1.0548615023493768 0.99516473655467452 2.2833348835839167 -5.8054941425932221 -1.2193850972371942 1.1441853151434944 -0.92385333514795076 0.71570895763091102 -0.33352846033775657 1.3155913268930692 -1.0300795449716289 0.51578300632536411 -0.27099800222060261 0.38285104835072081 -0.95557866455093632 0.65132781374004656 0.76837772719251618 0.71123836698986231 0.58074415746352659 -0.87133725076550395 0.73485807881459297 -0.041375584074774305 -0.55754506755620248 0.55979734994806696 -0.3277175494215705 0.023054364905960259 -0.89178893575254747 0.68063920732556271 -0.4909187377853827 -0.33217977195507986 -0.31439793444342085 0.94086903168095481 -0.69627241097749726 -0.35802811961813075 -0.206760711013842 0.46371534168720246 0.04354968157721989 0.12924945709902211 -0.7153373766897454 0.4487228335403815 -0.3436513984619185 -0.91519582275123834 -0.28456694664448262 0.94538878136938753 0.29010225365222514 0.32524757141416727 -0.086137207827352458 -0.57126305148185019 0.21657345177206611 -0.38781325908170805
leaf_weight=146 95 91 89 93 84 83 81 80 116 85 81 95 84 105 122 105 80 104 138 81 148 147 95 110 87 86 97 118 87 102 89 89 82 96 138 82 133 108 143 81 85 83 126 90 117 87 93 82 111 80
leaf_count=146 95 91 89 93 84 83 81 80 116 85 81 95 84 105 122 105 80 104 138 81 148 147 95 110 87 86 97 118 87 102 89 89 82 96 138 82 133 108 143 81 85 83 126 90 117 87 93 82 111 80
internal_value=0 0.364045 -0.107203 -1.85911 -0.0190482 0.00966527 0.0532113 -0.028981 0.206075 0.592314 -0.305657 -0.157865 0.211743 -0.0177935 -0.335851 0.0139474 -0.00819425 -0.0293565 -0.284476 -0.0931323 0.0201424 -0.366642 -0.0944399 0.101827 0.0608449 -0.467435 -0.0102789 -0.20695 0.0116257 0.211681 0.0299138 0.278064 -0.0126104 0.251709 -0.0821795 -0.265734 0.0722804 0.480864 -0.379253 -0.253544 0.0433608 -0.475749 0.214043 0.387421 -0.00781941 0.644113 -0.374361 -0.268693 -0.0200975 -0.661536
internal_weight=0 1291 3819 182 3637 3553 1145 1054 570 249 484 403 164 3470 314 3156 3051 2971 482 387 2489 308 321 226 192 249 2385 404 307 220 1981 289 1692 352 1340 612 728 256 530 387 166 221 553 310 243 177 175 168 200 161
internal_count=5110 1291 3819 182 3637 3553 1145 1054 570 249 484 403 164 3470 314 3156 3051 2971 482 387 2489 308 321 226 192 249 2385 404 307 220 1981 289 1692 352 1340 612 728 256 530 387 166 221 553 310 243 177 175 168 200 161
is_linear=0
shrinkage=0.05


Tree=136
num_leaves=47
num_cat=0
split_feature=2 19 34 4 17 19 36 28 27 50 15 27 8 10 17 3 36 10 27 0 2 18 13 36 0 34 48 40 33 4 42 33 48 7 36 28 48 7 7 33 4 48 48 4 48 21
split_gain=130295 543698 210378 52374.3 29587.6 28234.4 30180.3 15155.9 14179 27904.4 12739 19147.8 24185.4 17155.6 17040.7 30766.7 16818.3 18933.6 13183.5 16088.7 13439.4 10886 10708 24189.6 14578.3 15684.2 14652.3 13304.5 16421.1 11640.2 22175.9 11053.9 9753.15 12644.3 8196.11 7973.65 7651.79 11925.7 12477.6 9015.66 11535.1 14714.8 7544.13 7463.82 6759.36 5922.39
threshold=195.00000000000003 0.65141231457020943 1.1250000000000002 5.7500000000000009 0.43614130434782611 -0.58622828784119085 65.500000000000014 75.312500000000014 86.312500000000014 0.9809633047681886 78.250000000000014 83.812500000000014 0.85639751552795063 0.72745725817073137 0.54195804195804198 127.50000000000001 16.500000000000004 1.5806506735603114 83.562500000000014 87.750000000000014 727.50000000000011 37.500000000000007 29.500000000000004 32.500000000000007 82.750000000000014 0.87500000000000011 0.4629492144943726 51.500000000000007 0.95835000000000303 1.0000000180025095e-35 1.7500000000000002 0.31250000000000006 -0.75799388500887332 1.4895104895104898 13.500000000000002 70.187500000000014 0.13075458479869242 0.31048951048951062 1.3048951048951052 1.5625000000000002 0.62500000000000011 -0.1932417676391239 0.4629492144943726 0.62500000000000011 -0.22354599379225149 0.19840444840443186
decision_type=2 2 2 2 2 2 2 2 2 2 2 2 2 2 2 2 2 2 2 2 2 2 2 2 2 2 2 2 2 2 2 2 2 2 2 2 2 2 2 2 2 2 2 2 2 2
left_child=1 -1 -3 4 -2 -6 7 8 10 -10 11 13 -13 -7 -15 21 -14 -18 -12 -20 43 34 27 24 26 -26 29 32 -29 -24 31 -31 33 -23 -16 36 39 -38 -39 40 44 -42 -40 -21 -34 -33
right_child=3 2 -4 -5 5 6 -8 -9 9 -11 18 12 16 14 15 -17 17 -19 19 20 -22 22 23 -25 25 -27 -28 28 -30 30 -32 45 35 -35 -36 -37 37 38 42 -41 41 -43 -44 -45 -46 -47
leaf_value=2.1891202321866667 0.68263796119881959 -4.4885677228028751 -0.93310885080477091 0.95744990718861434 -0.8138692331525077 -0.55640489235054702 0.71982678762253594 -0.638922867178917 -0.19151807894121928 0.9652747008985687 -0.82404460860623263 0.86452998564879702 -0.44573820429267708 -0.61809979726014475 0.045687668940477211 0.92041449852245438 0.82916423697800701 -0.17032834615439496 0.3986853046901524 -0.31215629135186856 0.10662344300140769 -0.6821341265400831 -0.17067302674741339 0.74775755516860798 0.060851559957655357 -0.80758298007357454 -0.34351186517339488 -1.0062642474282295 -0.10333082808689638 -0.396486548440797 0.86152957379274131 0.56933296992792748 0.43126752836033122 0.095974751430399283 0.69388192670289861 0.34961375147395302 -0.72189055246611433 0.3086776430275841 -0.68425029720677888 0.52025886842574198 -0.79416734463638727 0.13634525640511219 -0.029034638535845411 -0.91337905247187745 -0.098637883156015169 0.01660926438341237
leaf_weight=81 148 86 81 143 112 159 135 101 105 102 89 132 107 115 113 87 95 93 99 129 117 136 151 114 100 107 155 93 109 83 136 95 127 84 85 127 95 121 85 86 89 80 90 87 113 98
leaf_count=81 148 86 81 143 112 159 135 101 105 102 89 132 107 115 113 87 95 93 99 129 117 136 151 114 100 107 155 93 109 83 136 95 127 84 85 127 95 121 85 86 89 80 90 87 113 98
internal_value=0 -1.15467 -2.77988 0.0182177 -0.0106548 -0.033421 -0.0134833 -0.0367273 -0.0220554 0.380396 -0.0430719 -0.00833307 0.304747 -0.0524958 -0.024434 0.00052607 0.0521932 0.336449 -0.273317 -0.158216 -0.324479 -0.0297585 -0.0583542 0.0638596 -0.0211427 -0.389774 0.0855283 -0.146825 -0.521947 0.204047 0.341465 0.0830159 -0.0849964 -0.385948 0.326041 -0.0193205 -0.0725384 -0.237578 -0.0802323 0.0580422 -0.0401794 -0.355477 -0.349362 -0.557409 0.182396 0.290208
internal_weight=0 248 167 4827 4684 4536 4424 4289 4188 207 3981 3460 427 3033 2874 2759 295 188 521 432 333 2672 2474 1039 925 207 718 1435 202 563 412 276 1233 220 198 1013 886 391 296 495 409 169 175 216 240 193
internal_count=5075 248 167 4827 4684 4536 4424 4289 4188 207 3981 3460 427 3033 2874 2759 295 188 521 432 333 2672 2474 1039 925 207 718 1435 202 563 412 276 1233 220 198 1013 886 391 296 495 409 169 175 216 240 193
is_linear=0
shrinkage=0.05


Tree=137
num_leaves=48
num_cat=0
split_feature=4 3 41 3 16 4 30 8 36 48 20 20 46 45 19 1 3 45 9 9 20 9 7 48 29 21 17 17 27 46 29 48 20 41 46 7 10 46 48 29 4 17 0 46 8 10 8
split_gain=141504 132972 436742 91851.7 38607.5 29166 14524.4 44426.7 26616.4 24606.6 55196.4 18522 26295.7 18204.1 16170.3 18453.3 16366.5 23839.5 14310.9 13701.4 13466.3 11910.6 11861.7 17527.3 12678.5 14974.6 11724.7 18151.1 11474.5 11896.3 12716.6 16495.5 9211.62 18520.8 20024.8 13709.2 13465.9 11891.5 9341.51 8449.54 8379.21 7850.53 7528.73 7239.01 7000.52 6097.55 4058.65
threshold=7.2500000000000009 737.50000000000011 1.5000000000000002 272.50000000000006 5.2500000000000009 4.2500000000000009 114.06250000000003 -0.1226086956521739 59.500000000000007 -0.083829284475780155 0.16005261342073487 0.90000000000000002 0.18281312110578132 0.15951094710994371 0.060452341566892651 90.500000000000014 107.50000000000001 -0.34235669412071207 1.0540101863192708 1.0540101863192708 2.6169886254096784 0.85592164416559058 0.47362637362637372 -0.53407929598517934 5.9375000000000009 0.50983512084696525 0.7947368421052633 1.1744421906693714 85.187500000000014 -0.9292178835113839 7.3125000000000009 -0.50999059860555074 1.4184017595307921 2.5000000000000004 -0.30982845708428081 1.0234965034965036 1.4742544357781413 0.86004965528756494 -0.27341243386648212 6.2916750000000006 0.62500000000000011 1.1342342342342344 82.250000000000014 -0.25206183926700709 1.3069565217391308 1.0648345582071237 1.7191304347826091
decision_type=2 2 2 2 2 2 2 2 2 2 2 2 2 2 2 2 2 2 2 2 2 2 2 2 2 2 2 2 2 2 2 2 2 2 2 2 2 2 2 2 2 2 2 2 2 2 2
left_child=1 3 -3 4 -1 6 8 -8 14 10 13 12 -11 -9 -6 16 28 -18 21 20 26 22 23 -12 -24 43 -13 39 29 -16 31 -31 33 34 -32 -34 37 45 -37 -28 -17 44 -35 -26 -33 -36 -40
right_child=-2 2 -4 -5 5 -7 7 9 -10 11 18 19 -14 -15 15 40 17 -19 -20 -21 -22 -23 24 -25 25 -27 27 -29 -30 30 32 41 35 42 36 38 -38 -39 46 -41 -42 -43 -44 -45 -46 -47 -48
leaf_value=0.92653512294627416 -1.8235739224027878 3.8314747665239417 -0.99361609319845834 -1.6329292067562244 -0.50333415084495781 0.81165468650951722 -0.97819080074926967 -0.49356602403668709 0.96590787610375739 0.91074037636630245 0.15059374686744478 -0.47883828424272085 -0.034660029074136359 -1.5534322350165424 -0.53090387058608668 -0.076091512665152558 1.2197718100783268 0.074946586290995279 0.51522513979142259 -0.53867527465149756 0.64275378622907287 -0.51579329312242428 -0.32234952378371529 -0.87601607695741712 0.89788576217218385 -0.12956108487586479 0.59533411896903154 -0.50952155246314679 0.49920358573527718 0.84882916028254507 0.76999367572312805 0.02267475259044896 -0.75408004180768906 -0.044650191464624206 -0.45072314867237273 0.37928945286406412 0.62039432234234282 0.40980055046708963 0.0026384599041193724 0.051801909732058754 -0.77170731879501464 -0.25135378523876795 -0.61135701397061348 0.27718030901731189 0.59015792486472773 0.052033799769831635 -0.4483785901608921
leaf_weight=120 100 91 95 82 122 113 132 80 82 159 80 104 136 84 84 91 80 104 100 99 93 150 120 85 86 133 136 87 151 106 136 114 88 142 148 89 89 94 95 150 82 94 99 105 103 101 104
leaf_count=120 100 91 95 82 122 113 132 80 82 159 80 104 136 84 84 91 80 104 100 99 93 150 120 85 86 133 136 87 151 106 136 114 88 142 148 89 89 94 95 150 82 94 99 105 103 101 104
internal_value=0 0.0666808 1.37491 0.0160485 0.0448528 0.0218063 0.00187166 -0.0934841 0.0861369 -0.034249 -0.204956 0.146931 0.47625 -1.04255 0.0545844 0.0858233 0.128306 0.5766 -0.044017 0.00122131 0.095772 -0.118279 -0.0196846 -0.380357 0.114903 0.277342 -0.0119938 0.119104 0.0831139 0.0455747 0.0761143 0.31323 -0.0075201 0.087512 0.243243 -0.21168 0.076019 -0.0666257 -0.0439115 0.311439 -0.408346 0.128543 -0.279011 0.559881 0.293505 -0.247401 -0.234132
internal_weight=0 5018 186 4832 4750 4630 4517 2119 2398 1987 1023 964 295 164 2316 2194 2021 184 859 669 570 759 609 165 444 324 477 373 1837 1686 1602 417 1185 809 568 376 432 343 288 286 173 311 241 191 217 249 199
internal_count=5118 5018 186 4832 4750 4630 4517 2119 2398 1987 1023 964 295 164 2316 2194 2021 184 859 669 570 759 609 165 444 324 477 373 1837 1686 1602 417 1185 809 568 376 432 343 288 286 173 311 241 191 217 249 199
is_linear=0
shrinkage=0.05


Tree=138
num_leaves=50
num_cat=0
split_feature=2 34 36 0 27 5 6 21 48 50 36 50 50 10 21 2 33 20 7 29 30 3 36 36 18 7 19 7 35 36 50 19 44 18 25 7 29 37 37 30 48 48 34 50 10 19 3 10 3
split_gain=162354 955074 45149.3 21265.5 79645.5 23801.3 37130.8 41645.1 24340 19584.7 22769.4 16788.5 15741.2 12204.4 18787.5 16724.8 30261.9 46412.4 28184 22794.4 21092.7 14570.2 12865.1 18908.2 11409.2 22553.4 10709.6 9695.31 21070.4 10344 10669.7 9949.51 8647.26 18981.3 12328 9939.8 8488.28 14392 7816.16 9886.63 9093.92 7062.29 6772.81 8220.89 6463.38 6191.14 5132.64 4929.79 4043.27
threshold=195.00000000000003 1.1250000000000002 71.500000000000014 75.250000000000014 73.187500000000014 -1.0000000180025095e-35 1.21764705882353 -0.06346903181334794 -0.051472677494896452 5.312721158191601 60.500000000000007 3.79733352106819 3.0072294478662447 1.0377084697998438 1.1941563769150039 697.50000000000011 0.54164999999999719 -0.72692307692307667 -1.741258741258741 6.2916750000000006 113.12500000000003 117.50000000000001 32.500000000000007 10.500000000000002 72.500000000000014 -0.44895104895104881 1.7513387541251317 1.573426573426574 30.625000000000004 50.500000000000007 1.2711018857277738 2.3120263511904384 11.250000000000002 127.50000000000001 1.5000000000000002 0.47362637362637372 8.3125000000000018 26.500000000000004 12.500000000000002 174.16667500000003 -0.38654302119521644 -0.068291537331564151 0.62500000000000011 -0.40507881789108774 1.6385355362590655 1.7724652587810488 22.500000000000004 1.479671783691576 27.500000000000004
decision_type=2 2 2 2 2 2 2 2 2 2 2 2 2 2 2 2 2 2 2 2 2 2 2 2 2 2 2 2 2 2 2 2 2 2 2 2 2 2 2 2 2 2 2 2 2 2 2 2 2
left_child=1 -1 3 4 5 -2 7 -7 -8 10 11 12 13 14 21 16 17 -15 -18 -20 26 24 23 -21 -5 -26 -19 28 32 30 38 -32 33 35 42 -17 -27 41 44 40 -40 -38 -34 -44 -29 -35 -42 -14 -45
right_child=2 -3 -4 9 -6 6 8 -9 -10 -11 -12 -13 47 15 -16 27 18 20 19 22 -22 -23 -24 -25 25 36 -28 29 -30 -31 31 -33 34 45 -36 -37 37 -39 39 -41 46 -43 43 48 -46 -47 -48 -49 -50
leaf_value=-4.2616854564960187 -0.69177175058472551 1.9262877893447876 1.0640561861470343 0.39948325731374068 1.6786628837329012 -0.015146479444468723 -0.66233057043024601 1.568690979189989 0.37100067039822587 -0.81896484639541611 -0.62024044454472627 0.53182916613430653 -0.23148139501795356 1.0609917631615764 0.65792669829513351 -0.77474635012869575 -1.3554953656282771 -0.25850187537013269 0.39202756601430122 -0.36806605301680978 -0.77758106845302866 0.62155627903185395 -0.0060560941696166997 -1.3500218815641638 -0.78901611490658041 0.40068642323667353 0.5038429092744301 -0.082855788780295328 0.72959014741437778 0.3691448860820018 -0.18684549699811376 -0.9085757137379713 0.31311806906562523 0.55517472781888821 0.57023117664114886 -0.13370926757375676 0.40389428747319944 -0.6767682667131778 -0.49586495631715155 -0.67041935130681207 -0.1009185092748496 -0.22097667286672246 0.27449545866788128 -0.073347697631422293 0.5122901528170537 -0.045718622704346977 0.39222698565764524 -0.78895420877285949 -0.5637167242409169
leaf_weight=129 92 119 99 115 85 84 130 81 100 80 158 137 80 91 153 105 82 97 83 127 108 94 80 80 107 109 86 91 125 101 118 80 135 91 143 142 100 80 81 81 115 81 85 82 90 80 96 80 86
leaf_count=129 92 119 99 115 85 84 130 81 100 80 158 137 80 91 153 105 82 97 83 127 108 94 80 80 107 109 86 91 125 101 118 80 135 91 143 142 100 80 81 81 115 81 85 82 90 80 96 80 86
internal_value=0 -1.29664 0.0127469 -0.0095861 0.275883 0.028107 0.197098 0.76714 -0.213395 -0.0491326 -0.0337467 -0.00981483 -0.0296864 -0.00805202 0.15884 -0.0588055 -0.245718 0.0818696 -0.522143 -0.334298 -0.226901 0.0467317 -0.544982 -0.752232 -0.0454354 -0.153312 0.10055 0.0221752 0.122075 -0.103603 -0.167503 -0.481554 0.0413706 -0.12857 0.175137 -0.40824 0.0321577 -0.122691 -0.0545949 -0.185283 -0.0488787 0.124578 0.0284305 -0.124113 0.214262 0.275424 0.124243 -0.513387 -0.32622
internal_weight=0 248 4806 4707 572 487 395 165 230 4135 4055 3897 3760 3600 839 2761 834 382 452 370 291 686 287 207 592 477 183 1927 1074 853 752 198 949 418 531 247 370 261 554 373 292 181 388 253 181 171 211 160 168
internal_count=5054 248 4806 4707 572 487 395 165 230 4135 4055 3897 3760 3600 839 2761 834 382 452 370 291 686 287 207 592 477 183 1927 1074 853 752 198 949 418 531 247 370 261 554 373 292 181 388 253 181 171 211 160 168
is_linear=0
shrinkage=0.05


Tree=139
num_leaves=48
num_cat=0
split_feature=42 2 2 36 2 31 7 20 2 8 2 45 36 8 30 6 20 47 46 48 40 30 33 9 36 41 10 45 20 50 46 8 27 41 20 41 2 44 46 48 27 45 11 33 35 36 34
split_gain=113554 92808 47768.3 46330.7 19365.3 31125.9 29790.5 11553.6 11456.8 14439.7 16165.1 14435.5 10485.6 11291.4 9444.29 11946.8 16972.9 10645.8 11859.3 14992.3 15951.7 41365.3 25943.6 23112.7 24115.9 18062.6 12275.5 13323.2 12219.7 19410.5 14354.4 16266.3 17603.6 18772.1 14204.7 11773.7 17059.1 11447.6 10522.9 10212 9020.67 8749.63 8619.39 7574.26 8594.33 5533.08 4346.56
threshold=8.2500000000000018 77.500000000000014 587.50000000000011 71.500000000000014 647.50000000000011 6.5000000000000009 -0.25174825174825155 0.23725839378013297 742.50000000000011 1.9330434782608699 702.50000000000011 0.95752911693909493 40.500000000000007 2.2982608695652176 69.375000000000028 -1.1999999999999993 1.402837162837163 11.500000000000002 -0.12545862287572049 -0.81500909974805713 61.500000000000007 163.12500000000006 1.5625000000000002 0.72505959778585805 45.500000000000007 2.5000000000000004 1.6646975845974443 -0.21861968191509915 1.7173325062034741 1.3062661983228383 0.011826144619637555 0.16713353575812392 73.437500000000014 3.5000000000000004 0.90000000000000002 2.5000000000000004 707.50000000000011 12.500000000000002 0.48877522411129348 -0.17936485097422603 84.656250000000014 -0.76141707087277943 1.188492063492067 1.1250000000000002 11.250000000000002 3.5000000000000004 1.1250000000000002
decision_type=2 2 2 2 2 2 2 2 2 2 2 2 2 2 2 2 2 2 2 2 2 2 2 2 2 2 2 2 2 2 2 2 2 2 2 2 2 2 2 2 2 2 2 2 2 2 2
left_child=1 -1 -3 4 5 6 -4 -8 9 14 -11 42 13 45 15 -6 -17 18 19 -16 21 22 26 24 -22 40 27 41 30 -30 -20 -32 -33 34 38 36 -29 -36 -34 -19 -25 -21 -10 44 -15 -12 -44
right_child=-2 2 3 -5 8 -7 7 -9 11 10 12 -13 -14 43 17 16 -18 39 28 20 23 -23 -24 25 -26 -27 -28 35 29 -31 31 32 33 -35 37 -37 -38 -39 -40 -41 -42 -43 46 -45 -46 -47 -48
leaf_value=-1.250499493197391 1.5973727819022783 0.86219052933393781 -1.3849327313403288 1.1533080394675093 -0.24286340627728442 0.27883051166534423 0.14047637723741077 -0.65795748239815843 0.35873567798658268 -0.90476716640518939 -0.83260840920919788 0.78684051551006651 0.29620473879688192 0.046227302585135806 -0.48021977827548978 0.8111181806414216 -0.099792291098330405 0.73721684231477624 -0.84929525916474857 -0.10328963496434836 -0.19282907735503896 1.2831405258616981 0.94572184700288897 -0.44340576037764551 0.79387247502803815 -0.94439314479868008 0.53481051164796989 0.82837429830988685 0.69222263649423077 -0.364320084820559 0.30206199024163238 -0.78773160440049006 -0.97644850551099571 0.4570748822708236 0.41072014970704918 -0.25257258028819646 -0.17071299666975753 -0.38117234854177501 -0.29523072706114867 0.043957300411237708 0.25304188298853653 -0.83754332754985394 0.0752713589146074 0.24596351967343399 -0.61357055081261525 -0.31157260773181916 -0.38800463660255724
leaf_weight=151 108 156 95 81 81 124 83 98 157 81 88 90 105 109 124 134 82 84 90 80 141 84 80 99 109 103 86 90 93 80 140 139 90 100 95 144 80 86 154 142 86 82 112 123 89 124 91
leaf_count=151 108 156 95 81 81 124 83 98 157 81 88 90 105 109 124 134 82 84 90 80 141 84 80 99 109 103 86 90 93 80 140 139 90 100 95 144 80 86 154 142 86 82 112 123 89 124 91
internal_value=0 -0.0341765 0.00446828 -0.0246237 -0.0458563 -0.37765 -0.672532 -0.293065 -0.0137698 -0.0427823 -0.243721 0.224151 -0.15851 -0.248475 0.00579722 0.27283 0.466443 -0.0238753 -0.0541461 0.0422042 0.0937937 0.246558 0.109146 -0.112428 0.238822 -0.417103 -0.0114081 -0.111009 -0.179405 0.204362 -0.253814 -0.186183 -0.289426 -0.156247 -0.301292 0.0791469 0.359967 0.0344348 -0.549459 0.303742 -0.120032 -0.477807 0.0816883 -0.0609841 -0.251941 -0.530745 -0.133288
internal_weight=0 4935 4784 4628 4547 400 276 181 4147 3697 719 450 638 533 2978 297 216 2681 2455 1388 1264 726 642 538 250 288 562 476 1067 173 894 804 664 525 425 314 170 181 244 226 185 162 360 321 198 212 203
internal_count=5043 4935 4784 4628 4547 400 276 181 4147 3697 719 450 638 533 2978 297 216 2681 2455 1388 1264 726 642 538 250 288 562 476 1067 173 894 804 664 525 425 314 170 181 244 226 185 162 360 321 198 212 203
is_linear=0
shrinkage=0.05


Tree=140
num_leaves=48
num_cat=0
split_feature=38 2 29 17 27 9 9 21 3 20 20 20 19 18 19 36 19 34 39 8 18 19 29 3 6 36 28 48 2 17 19 14 49 45 28 22 27 42 49 21 21 27 45 21 29 34 9
split_gain=180933 205843 392774 48538.3 23416.3 25335.2 18753.9 22885.2 22890.3 15064.8 18038.6 19914.6 16743.4 16717.5 14247.5 17945.4 15495.3 13955.2 22671 14810.7 14139.1 14120.4 14124.8 21082.8 17083.1 16410.1 15672.1 17652.2 13753 13000.5 12602.8 14296.9 11208 10276.2 11689.9 12175.5 12465.7 10179.6 9860.41 9750.57 15854.4 8475.95 8092.66 7449.47 6458.47 6560.57 4088.87
threshold=4.5000000000000009 67.500000000000014 8.4375000000000018 0.36602870813397131 87.187500000000014 1.8993607383474849 1.3680232142016184 3.8624850611860215 172.50000000000003 -1.717282717282717 -0.85378881987577615 -0.21655944674520522 1.700994880710905 32.500000000000007 3.5143962848297217 9.5000000000000018 3.3263799116484543 1.3750000000000002 2.5000000000000004 0.32608695652173919 62.500000000000007 3.0547452547452552 9.9375000000000018 77.500000000000014 -0.64285714285714246 56.500000000000007 74.187500000000014 0.20870355099090468 702.50000000000011 0.96871945259042047 1.3419065262985408 3.5000000000000004 89.531347163560469 0.48314048284850658 67.187500000000014 90.750000000000014 83.812500000000014 1.2500000000000002 84.247654574845413 -0.57438596491227389 0.65209810579579408 82.520825000000016 0.79904096188274243 0.36093859889889762 7.6875000000000009 1.3750000000000002 0.70355339059327393
decision_type=2 2 2 2 2 2 2 2 2 2 2 2 2 2 2 2 2 2 2 2 2 2 2 2 2 2 2 2 2 2 2 2 2 2 2 2 2 2 2 2 2 2 2 2 2 2 2
left_child=1 2 -1 -3 5 6 7 8 9 13 -11 12 -12 -5 16 28 17 20 19 -19 29 22 25 24 -24 26 27 33 -16 41 37 39 -29 34 -22 36 -36 -21 -26 -32 -41 -13 -35 -33 45 -30 -40
right_child=-2 3 -4 4 -6 -7 -8 -9 -10 10 11 14 -14 -15 15 -17 -18 18 -20 30 21 -23 23 -25 38 -27 -28 32 44 -31 31 43 -34 42 35 -37 -38 -39 46 40 -42 -43 -44 -45 -46 -47 -48
leaf_value=-0.33001841367301293 -2.0253573960257234 -1.2466586129164989 4.0609253141615129 0.037119150076939805 0.8151557839342527 -0.77004341926991149 0.55674504416299542 -0.79059254800279932 0.8122717206736646 0.52879187320540477 -0.034674674831330778 0.17087500550836887 -0.95754679023635159 -0.76064510853357725 -0.84703686788030286 0.25223074345027702 0.62603818915252185 0.64628960151563997 0.94882515288720082 -0.0097599499263204964 -0.79659154997474846 -0.73224931864371134 0.45139423602697804 -0.90760959523533469 0.024822052145004273 -0.63036778328918619 0.58356167463504749 0.64527885531230522 0.28971374824850099 -0.243801824457344 -0.087546076304321985 0.097740076647864452 -0.037471031003560015 0.52573479813687951 -0.22596758723664445 -0.64419651469965089 0.54053392117641053 -0.74585676244119314 -0.3171295090816742 0.89418830871279165 0.12849798357408299 0.81615009586745879 -0.16276296976693841 -0.57736275293022754 -0.46493323686953691 -0.28954041942814801 -0.81977309936450604
leaf_weight=117 108 80 89 122 83 111 141 95 82 153 95 105 101 141 114 152 111 109 87 110 86 85 97 108 124 85 137 143 89 86 108 80 103 84 146 86 82 81 85 122 151 99 85 82 145 106 80
leaf_count=117 108 80 89 122 83 111 141 95 82 153 95 105 101 141 114 152 111 109 87 110 86 85 97 108 124 85 137 143 89 86 108 80 103 84 146 86 82 81 85 122 151 99 85 82 145 106 80
internal_value=0 0.0340039 1.57749 -0.0331537 -0.0121347 -0.0272555 -0.00869634 -0.0271822 -0.00992356 -0.0263019 -0.00157005 -0.0233498 -0.512683 -0.391841 0.00378072 -0.216812 0.0492 0.02641 0.185086 0.105235 -0.0510697 -0.108786 -0.0737163 -0.293464 -0.11973 0.0311478 0.0908112 0.00736707 -0.374057 0.269818 0.0241178 0.147004 0.360418 -0.145634 -0.283545 -0.140946 0.0508606 -0.324185 -0.312317 0.314069 0.472689 0.486477 0.180528 -0.245424 -0.213451 -0.0250336 -0.564306
internal_weight=0 4963 206 4757 4677 4594 4483 4342 4247 4165 3902 3749 196 263 3553 606 2947 2836 930 843 1906 1616 1531 494 386 1037 952 815 454 290 734 543 246 569 400 314 228 191 289 381 273 204 169 162 340 195 165
internal_count=5071 4963 206 4757 4677 4594 4483 4342 4247 4165 3902 3749 196 263 3553 606 2947 2836 930 843 1906 1616 1531 494 386 1037 952 815 454 290 734 543 246 569 400 314 228 191 289 381 273 204 169 162 340 195 165
is_linear=0
shrinkage=0.05


Tree=141
num_leaves=51
num_cat=0
split_feature=36 3 2 11 28 3 16 9 17 3 9 17 17 9 9 11 36 12 13 45 8 40 21 0 8 3 7 21 11 2 18 8 29 15 6 37 6 21 0 49 0 8 45 16 21 9 13 6 27 13
split_gain=94369.3 308868 238547 683384 30139.8 25945.6 21879.3 37181 15922.9 16635.4 13809.3 12412.8 10373.7 9629.88 19958.6 16726 26173.2 11613.9 14980 7998.84 15027.1 14475.6 13160.3 8124.88 9309.2 24992.4 21593.7 18718.2 8249.61 16349.7 12504.9 12058.6 11704.1 14417.5 11220.8 21063.1 17223.5 12140.4 10826.1 10544.8 10371.1 8929.72 8809.67 8589.59 7407.32 7197.38 6829.31 6230.55 5193.2 4604.78
threshold=67.500000000000014 122.50000000000001 42.500000000000007 1.5639534883720965 75.312500000000014 202.50000000000003 6.2500000000000009 0.63660201852143727 0.63818181818181829 62.500000000000007 0.72019365235355937 0.64400921658986188 0.59041394335511999 1.9649583075558306 1.3943978030078696 3.5000000000000004 33.500000000000007 3.1904761904761938 33.500000000000007 0.91248814248966237 1.174053295932679 1.0000000180025095e-35 -0.44432770935502924 71.250000000000014 0.34173913043478271 87.500000000000014 -1.2377622377622373 -0.053162992060940432 1.5639534883720965 697.50000000000011 162.50000000000003 0.63913043478260889 7.0625000000000009 76.250000000000014 1.5428571428571434 48.500000000000007 -1.0026578073089694 -0.086076997077370251 86.250000000000014 85.267564645603485 87.250000000000014 1.0982608695652176 -0.35846811432664222 12.500000000000002 0.095702709905488362 0.76148270704399923 22.500000000000004 2.8714285714285719 80.937500000000014 27.500000000000004
decision_type=2 2 2 2 2 2 2 2 2 2 2 2 2 2 2 2 2 2 2 2 2 2 2 2 2 2 2 2 2 2 2 2 2 2 2 2 2 2 2 2 2 2 2 2 2 2 2 2 2 2
left_child=2 -2 3 -1 5 6 7 -4 9 12 -11 -10 -8 14 15 17 -17 19 -19 23 21 -21 -22 44 26 28 -25 -28 29 -26 31 48 33 39 35 36 41 -38 -32 -31 46 -33 49 -39 -13 -24 -34 -44 -30 -36
right_child=1 -3 4 -5 -6 -7 8 -9 11 10 -12 13 -14 -15 -16 16 -18 18 -20 20 22 -23 45 24 25 -27 27 -29 30 32 38 34 40 -35 42 -37 37 43 -40 -41 -42 -43 47 -45 -46 -47 -48 -49 -50 -51
leaf_value=-0.86222361092255495 0.68767989470140534 -3.3855417197797362 0.1283738050609827 5.1688761643001015 -0.76427644956420415 0.88960254967930819 -0.32482722690726962 -1.3189746027071791 -0.61701259889516491 0.30442610290839522 1.1269974384729455 0.0031550812611886125 0.37848944525969658 -0.49596684280194742 0.76221809058353829 0.083774658256509121 -1.0740309721820958 -0.026055097829588911 0.87417679027225204 0.3193831423499498 -0.030606135464820668 -0.5893166214868587 1.0160828173626215 -0.48666269424714542 -0.74362488409747252 -0.88796759854021823 -0.049012523500815683 0.74691864267922936 -0.16477089056998126 0.18558533259707949 0.058598812530606482 0.062367556345315628 0.13908497391824137 0.59258951319155295 -0.17758212460482375 0.75710038998852613 0.60871264729791019 0.29955306713728563 0.79564070550874733 -0.54906125375124459 -0.7681552299852954 -0.61447332411283451 -0.26334440065365211 -0.3868070728730324 0.62311978038700155 0.3540719795006293 -0.43852531849056159 0.26519930461739621 -0.73538547382678521 -0.66662797437725119
leaf_weight=106 107 81 95 83 127 82 116 82 82 138 81 108 94 94 86 105 90 96 88 82 96 92 87 94 114 94 137 159 80 114 117 80 113 106 93 114 130 96 86 84 88 123 101 85 86 80 92 122 80 101
leaf_count=106 107 81 95 83 127 82 116 82 82 138 81 108 94 94 86 105 90 96 88 82 96 92 87 94 114 94 137 159 80 114 117 80 113 106 93 114 130 96 86 84 88 123 101 85 86 80 92 122 80 101
internal_value=0 -1.0759 0.0627918 1.79962 -0.00756845 0.0136555 -0.00256877 -0.545792 0.0198926 0.30856 0.612405 -0.012137 -0.00970753 0.00109887 0.0138611 -0.004158 -0.453351 0.0215939 0.406889 -0.000446588 0.198239 -0.161701 0.436085 -0.0315487 -0.0548497 -0.0945524 0.170103 0.379607 -0.0589538 -0.197655 0.0111771 -0.050072 -0.0923308 0.12485 0.011975 0.145399 0.00852364 0.242092 0.373213 -0.127276 -0.317323 -0.34874 -0.188829 -0.0231251 0.279771 0.702947 -0.121006 0.0257071 -0.452874 -0.434301
internal_weight=0 188 4879 189 4690 4563 4481 177 4304 429 219 3875 210 3793 3699 3613 195 3418 184 3234 437 174 263 2797 2603 2213 390 296 2119 711 1408 1205 597 304 1045 628 514 311 203 198 293 203 417 181 194 167 205 223 160 194
internal_count=5067 188 4879 189 4690 4563 4481 177 4304 429 219 3875 210 3793 3699 3613 195 3418 184 3234 437 174 263 2797 2603 2213 390 296 2119 711 1408 1205 597 304 1045 628 514 311 203 198 293 203 417 181 194 167 205 223 160 194
is_linear=0
shrinkage=0.05


Tree=142
num_leaves=49
num_cat=0
split_feature=17 42 42 2 17 11 37 4 9 15 36 20 2 18 45 6 29 21 28 21 37 18 17 18 6 4 6 28 48 7 19 6 6 45 40 1 27 10 6 6 23 27 29 23 17 6 19 18
split_gain=125713 91849.4 66571 113106 82809.3 64275 24859.1 24086.5 49123.4 16588.3 33837.7 24374.5 22208.1 29776.5 20371.9 11717.7 24194.2 11267.2 14587.6 12103.7 14444.9 18078.6 12552.2 11534.4 11261.9 11775.3 9694.37 10518 10064 13759.7 9677.9 17535.2 9600.26 7835.24 8575.47 8710.66 10605.2 21343.7 17904 10386.2 12004.9 20213.4 12671.9 12305.6 11608.4 9887.2 7016.72 5288.17
threshold=0.25403225806451618 7.2500000000000009 -2.7499999999999996 27.500000000000004 0.41522988505747133 5.5000000000000009 82.500000000000014 3.7500000000000004 1.3680232142016184 71.500000000000014 16.500000000000004 0.40668940255147151 637.50000000000011 117.50000000000001 0.97875492728876534 4.1571428571428575 8.9375000000000018 0.63623469623468776 65.562500000000014 0.40674564084006454 10.500000000000002 137.50000000000003 0.69782608695652182 162.50000000000003 0.34285714285714336 1.0000000180025095e-35 -3.5142857142857133 75.312500000000014 -1.1036203318494271 -1.1692307692307689 4.2962015657667854 2.2285714285714291 -1.712915523707384e-16 0.87397152483179585 84.500000000000014 83.500000000000014 85.187500000000014 1.1558921810695284 1.21764705882353 2.5714285714285721 88.250000000000014 83.187500000000014 9.1875000000000018 86.250000000000014 0.91287878787878796 1.0000000180025095e-35 1.3419065262985408 107.50000000000001
decision_type=2 2 2 2 2 2 2 2 2 2 2 2 2 2 2 2 2 2 2 2 2 2 2 2 2 2 2 2 2 2 2 2 2 2 2 2 2 2 2 2 2 2 2 2 2 2 2 2
left_child=-1 2 -2 -4 -5 6 7 9 -9 10 17 -12 13 -11 15 26 -17 19 24 20 22 -22 -6 30 -19 -26 -14 28 -28 -30 31 32 -24 34 35 46 39 -38 -39 40 43 -42 44 -37 -43 -45 -31 -34
right_child=1 -3 3 4 5 -7 -8 8 -10 12 11 -13 14 -15 -16 16 -18 18 -20 -21 21 -23 23 -25 25 -27 27 -29 29 33 -32 -33 47 -35 -36 36 37 38 -40 -41 41 42 -44 45 -46 -47 -48 -49
leaf_value=1.7300862813664375 -1.3840410327947721 -1.5098297139610908 1.7889740093894628 -1.5465871579675792 0.71256025172310111 1.2466165889840608 0.88044685749564244 -1.4471210330186119 0.28618457129708047 0.011075835306565841 -1.3378175638970875 -0.27027980047464373 -0.31952649476253886 1.3122454385944577 -0.69532649711650962 -0.63603003156833915 0.40183488200162798 0.28837330729875249 -0.82952928785924562 0.53764238921030771 0.049920291412533735 -0.87164608228789719 0.20179101177269507 0.4891148712424454 -0.73926495240794299 0.015842910135378602 -0.30151313137190017 -0.38081526674073318 0.80184447589100061 0.13490982095456935 -0.49222121250511397 0.62948406046628957 -0.64468004539270296 0.59507914462614631 0.56644007333537993 -0.28526996979091923 -0.31527350663241971 0.87582067147377995 0.089035864119982211 0.34387095252813071 -0.97353695581356681 0.46443296691609759 -0.63972650752010118 0.71411820079386246 -0.22240415636606359 0.023924501349619771 0.7774687217105003 -0.10121249106302058
leaf_weight=106 81 98 91 82 80 108 81 82 80 90 83 149 112 85 84 146 90 127 80 126 126 91 125 120 89 121 101 86 92 87 100 99 87 104 113 116 107 154 136 157 83 107 82 99 142 108 83 92
leaf_count=106 81 98 91 82 80 108 81 82 80 90 83 149 112 85 84 146 90 127 80 126 126 91 125 120 89 121 101 86 92 87 100 99 87 104 113 116 107 154 136 157 83 107 82 99 142 108 83 92
internal_value=0 -0.00212612 0.0285552 0.0527618 0.0187145 0.0468865 0.0178353 0.00183533 -0.594663 0.0246587 -0.0966718 -0.656303 0.104874 0.646938 0.0649122 0.0929068 -0.240209 -0.00753871 -0.226988 0.0800806 0.0168989 -0.338769 0.127011 0.0507981 -0.0819208 -0.306166 0.131001 0.156935 0.181843 0.209579 -0.0545335 0.0550234 -0.133505 0.176648 0.148641 0.115961 0.0714828 0.286182 0.50842 -0.0240724 -0.102814 -0.28077 -0.104646 0.125441 0.0734199 0.355863 0.451342 -0.36747
internal_weight=0 4962 4864 4783 4692 4610 4502 4421 162 4259 1695 232 2564 175 2389 2305 236 1463 417 1046 920 217 703 623 337 210 2069 1957 1871 1770 503 403 304 1678 1574 1461 1291 397 290 894 737 414 331 323 249 207 170 179
internal_count=5068 4962 4864 4783 4692 4610 4502 4421 162 4259 1695 232 2564 175 2389 2305 236 1463 417 1046 920 217 703 623 337 210 2069 1957 1871 1770 503 403 304 1678 1574 1461 1291 397 290 894 737 414 331 323 249 207 170 179
is_linear=0
shrinkage=0.05


Tree=143
num_leaves=50
num_cat=0
split_feature=36 3 2 46 50 50 40 10 14 14 42 17 30 8 45 17 8 29 6 0 48 10 13 30 46 28 36 14 46 13 34 45 46 27 6 17 17 14 13 5 19 45 20 31 36 10 20 17 41
split_gain=107920 311683 187063 751493 39064.8 29147.2 75239.3 20367.4 19403.6 19804.9 14413.1 17722.3 18640.9 23861.2 33525.9 21834.8 14174.5 21360.5 20392.2 18818.2 18676.7 13683.7 12633.9 15019.8 17490.2 12730.3 12827.8 12271.6 10763.6 9719.92 11283.3 15254.7 11891.2 15478.7 11783.5 13137.3 18131.2 11753.8 10118.9 9692.23 9376.6 7177.39 7044.56 6012.8 5999.78 4878.92 4595.6 3950.2 3626.18
threshold=68.500000000000014 122.50000000000001 100.00000000000001 0.44312301391210612 5.5247561545260107 4.1231374149196407 3.5000000000000004 0.61832221640497564 14.500000000000002 12.500000000000002 3.7500000000000004 0.49242424242424249 191.56250000000003 1.6283299084901619 0.40614137006726808 0.91779279279279291 0.27241687979539653 7.8125000000000009 1.0000000180025095e-35 81.750000000000014 -0.098104314729781109 0.89712928493674859 30.500000000000004 60.625000000000007 0.50370931781787065 73.687500000000014 5.5000000000000009 5.5000000000000009 0.48877522411129348 29.500000000000004 3.1250000000000004 -0.074117382312902977 -0.97874870457683594 83.187500000000014 3.5142857142857147 0.91779279279279291 1.0357598978288636 1.5000000000000002 24.500000000000004 1.0000000180025095e-35 1.3996336996336998 0.54219432480460406 1.1369694397283532 6.5000000000000009 18.500000000000004 1.8756684669157091 1.3794947446063066 0.93475177304964552 2.5000000000000004
decision_type=2 2 2 2 2 2 2 2 2 2 2 2 2 2 2 2 2 2 2 2 2 2 2 2 2 2 2 2 2 2 2 2 2 2 2 2 2 2 2 2 2 2 2 2 2 2 2 2 2
left_child=2 -2 3 -1 5 7 -7 -4 9 10 11 -9 16 14 15 -14 17 18 -13 20 -19 28 23 24 -23 26 39 44 -18 30 31 34 -33 40 35 37 -37 42 -39 47 -34 45 -25 48 -28 -15 -45 -24 -42
right_child=1 -3 4 -5 -6 6 -8 8 -10 -11 -12 12 13 41 -16 -17 21 19 -20 -21 -22 22 25 29 -26 -27 27 -29 -30 -31 -32 32 33 -35 -36 36 -38 38 -40 -41 43 -43 -44 46 -46 -47 -48 -49 -50
leaf_value=4.2107081199514456 0.89927924678606141 -3.4257396161556244 -0.76779035736532775 -1.8260647148214362 -0.84846869608048692 -0.42704722102950604 1.633300893217005 0.66856320348550691 -0.5739360370563672 0.6714884730276921 -0.52544842060655361 -1.071187952641518 0.87439844226683761 -0.13021459693526047 1.4595732647695661 -0.1666245538140497 0.070580396446112165 -0.83249457447799213 -0.046674608742749257 0.4265055946094527 0.11245144225264853 0.87187917202356324 0.37335423443759425 -0.067369676963017697 -0.15622205730391348 0.7332585240111632 -0.17003719511887302 -0.53290162158627363 0.81046795015749729 -0.63666974692554268 0.46991272774743448 -0.85041274109791076 -0.68906039091431215 0.24705846870098924 -0.48714232611334113 0.75980323479643896 -0.053482456855751849 0.61811462908801518 -0.16117934432099848 0.67755741574547512 -0.22352931574843399 -0.37872062168031373 -0.64420655806362637 -0.65477807333177707 0.40938036904252811 0.41256605458610196 -0.13875854408579028 -0.046853260765012533 0.23844777367201198
leaf_weight=115 84 81 84 92 131 84 92 105 135 117 119 123 84 80 80 123 106 96 80 138 113 83 88 113 81 84 91 125 91 90 80 86 147 135 98 139 134 81 84 109 86 105 99 93 86 84 81 150 82
leaf_count=115 84 81 84 92 131 84 92 105 135 117 119 123 84 80 80 123 106 96 80 138 113 83 88 113 81 84 91 125 91 90 80 86 147 135 98 139 134 81 84 109 86 105 99 93 86 84 81 150 82
internal_value=0 -1.23176 0.0645167 1.53182 -0.00048819 0.0240318 0.653096 -0.00134259 0.0137908 0.0329556 0.0143571 0.0308193 0.0131563 0.280546 0.596833 0.257992 -0.0323522 -0.263623 -0.669647 -0.0248512 -0.323488 0.0144573 -0.0169231 -0.0884478 0.366228 0.157819 0.0823263 -0.155686 0.414723 -0.134447 -0.104664 -0.136491 -0.302321 -0.225543 0.0211076 0.0983666 0.36187 -0.0928985 0.222802 0.289325 -0.356253 -0.0578654 -0.338501 -0.211613 0.112206 0.14861 -0.416728 0.10943 0.00203618
internal_weight=0 165 4902 207 4695 4564 176 4388 4304 4169 4052 3933 3828 556 287 207 3272 550 203 347 209 2722 2525 1792 164 733 649 302 197 1628 1538 1458 710 624 748 650 273 377 165 347 489 269 212 342 177 164 174 238 168
internal_count=5067 165 4902 207 4695 4564 176 4388 4304 4169 4052 3933 3828 556 287 207 3272 550 203 347 209 2722 2525 1792 164 733 649 302 197 1628 1538 1458 710 624 748 650 273 377 165 347 489 269 212 342 177 164 174 238 168
is_linear=0
shrinkage=0.05


Tree=144
num_leaves=47
num_cat=0
split_feature=2 0 32 4 19 19 50 3 49 34 37 7 17 34 18 40 12 40 31 48 0 3 7 19 14 17 36 37 49 29 33 27 31 30 0 45 19 45 46 7 40 19 18 30 19 2
split_gain=143836 505197 63736.1 23398.6 54968.9 18634.3 40868.1 32692.7 11567.6 9764.11 17093.8 20089.5 15156.9 15360.9 16098.9 12568.6 11082.9 23262.5 20146.6 14871.8 23398.9 24146.9 15280.1 14469.5 14620.1 14268.6 14203.5 18071.2 13730.6 13425.1 17403.4 23068.8 11722.1 10072.4 9810.06 20604.1 12455.6 9248.32 8994.29 8727.59 8214.02 9756.43 8496.68 8012.27 6090.99 4179.87
threshold=195.00000000000003 79.750000000000014 5.5000000000000009 4.2500000000000009 1.3312645684162714 1.0000000180025095e-35 2.3229116591078314 157.50000000000003 92.636927408901258 1.8333499999999996 24.500000000000004 0.92517482517482541 0.53589743589743599 0.20835000000000295 122.50000000000001 7.5000000000000009 2.5499999999999976 73.500000000000014 5.5000000000000009 0.029610631322994092 76.250000000000014 77.500000000000014 2.2338572522260995 1.154267740200809 3.5000000000000004 0.69397993311036799 33.500000000000007 26.500000000000004 87.051469076246079 7.9375000000000009 0.31250000000000006 83.937500000000014 6.5000000000000009 119.37500000000001 78.250000000000014 0.49812943072827093 2.6801093643198914 -0.20180236284700911 0.94636490295939868 1.2377622377622381 63.500000000000007 1.5428571428571429 107.50000000000001 101.87500000000003 2.0882734912146681 722.50000000000011
decision_type=2 2 2 2 2 2 2 2 2 2 2 2 2 2 2 2 2 2 2 2 2 2 2 2 2 2 2 2 2 2 2 2 2 2 2 2 2 2 2 2 2 2 2 2 2 2
left_child=1 -1 -2 5 -5 6 45 8 9 12 15 -12 -7 14 37 34 19 18 -18 23 -21 22 40 25 29 -15 27 32 -26 30 -25 39 -20 -34 35 38 -36 -14 -11 -32 41 -22 -43 44 -31 -4
right_child=2 -3 3 4 -6 7 -8 -9 -10 10 11 -13 13 16 -16 -17 17 -19 26 20 21 -23 -24 24 28 -27 -28 -29 -30 43 31 -33 33 -35 36 -37 -38 -39 -40 -41 -42 42 -44 -45 -46 -47
leaf_value=1.2074921365511619 1.1596463987531589 -3.3054352985993596 -0.18982735749012158 1.4815301262260823 -0.22884661312401297 0.55799936094370328 -1.2765136629343035 0.9998047947883606 -0.51634692072868349 0.80529403829194135 -0.91998199297160643 -0.054904849437259186 -0.96305760739459889 0.011690167232471354 0.23867296180227304 0.47901637292489774 -0.56505480422585441 0.96933792382478723 0.53715496218818071 0.57444576012844939 -0.29566406555669872 -0.99621374797313766 -0.68356265385921766 -0.19031949260197911 0.029167583336432774 0.85861987765939518 -0.35916487171155653 0.88165079105245181 -0.76258424448364603 -0.15050337064413377 0.5629546787022125 1.1611736182570458 -0.31725633670813846 0.38077250534601242 -0.021463808641324637 -0.33056041971862721 -0.73377626246763672 -0.2527094437597463 0.085228135818388409 -0.07660038764460371 -0.40121068332206322 0.58417550668512519 0.016181354651785201 -0.3413898597714628 0.45947334876687951 0.31822674669049406
leaf_weight=117 128 130 80 88 99 151 87 85 99 93 122 148 83 84 90 122 87 96 135 97 113 93 103 112 131 121 81 120 93 80 104 99 136 82 152 146 102 103 81 108 107 113 156 156 82 80
leaf_count=117 128 130 80 88 99 151 87 85 99 93 122 148 83 84 90 122 87 96 135 97 113 93 103 112 131 121 81 120 93 80 104 99 136 82 152 146 102 103 81 108 107 113 156 156 82 80
internal_value=0 -1.17148 0.0631942 0.033093 0.579636 0.0103232 -0.41102 0.0348094 0.0149566 0.0279655 -0.110846 -0.447744 0.0710208 0.0460404 -0.308518 0.0203014 0.0825335 0.247591 0.138157 0.0201193 -0.148581 -0.251654 -0.133205 0.132905 0.0516424 0.513327 0.249408 0.354162 -0.301479 0.158651 0.342859 0.534866 0.172862 -0.0541553 -0.077859 0.106212 -0.309266 -0.573148 0.472493 0.238314 -0.0161224 0.0925086 0.256061 -0.0866856 0.159175 0.0645985
internal_weight=0 247 4828 4700 187 4513 247 4266 4181 4082 966 270 3116 2965 276 696 2689 737 641 1952 782 685 592 1170 965 205 554 473 224 741 423 311 353 218 574 320 254 186 174 212 489 382 269 318 162 160
internal_count=5075 247 4828 4700 187 4513 247 4266 4181 4082 966 270 3116 2965 276 696 2689 737 641 1952 782 685 592 1170 965 205 554 473 224 741 423 311 353 218 574 320 254 186 174 212 489 382 269 318 162 160
is_linear=0
shrinkage=0.05


Tree=145
num_leaves=49
num_cat=0
split_feature=17 3 36 2 36 50 15 50 14 21 27 50 48 18 9 17 7 21 8 17 40 2 8 13 45 7 45 7 27 48 21 40 19 18 45 2 28 18 21 8 8 36 8 16 9 35 6 31
split_gain=170052 477321 108865 76300.6 34201.1 21919.5 98873.7 32488 9755.01 16205.8 9133.34 15792.6 9815.63 22872 11344.2 24970.2 21616.7 31761.5 33471.1 16249.5 17369 29601.7 14548.5 16634.3 14980.3 18165.3 13990.3 16796.6 13599.5 13167.1 12917 19109.7 12854.2 16951.8 18988 12574.5 11675.9 11633.8 11299.2 11279.1 10597.9 10138.1 9332.82 8320.86 5134.67 12096.7 7794.89 7474.16
threshold=0.36038961038961043 737.50000000000011 72.500000000000014 42.500000000000007 63.500000000000007 4.5152054901559575 65.500000000000014 3.9437549295963383 14.500000000000002 4.0942116728881368 86.312500000000014 0.99613463320631024 0.9538297417639553 112.50000000000001 0.62803254824799992 0.56125000000000014 0.51490614648509403 0.39801227634843178 0.37304347826086975 0.55586206896551738 55.500000000000007 677.50000000000011 0.34173913043478271 24.500000000000004 0.9893236546938301 1.6573426573426577 -0.065535378769913874 0.31048951048951062 83.562500000000014 -0.81500909974805713 0.32122704881326319 15.500000000000002 4.0635986518019189 127.50000000000001 0.40614137006726808 667.50000000000011 62.812500000000007 112.50000000000001 -0.65291297269558146 1.5208695652173916 1.0156126482213439 21.500000000000004 1.1112704686617731 11.250000000000002 0.79591616726460612 8.7500000000000018 1.5428571428571434 6.5000000000000009
decision_type=2 2 2 2 2 2 2 2 2 2 2 2 2 2 2 2 2 2 2 2 2 2 2 2 2 2 2 2 2 2 2 2 2 2 2 2 2 2 2 2 2 2 2 2 2 2 2 2
left_child=1 -1 3 -2 5 7 -7 8 9 10 12 -12 14 -14 15 -5 17 18 -17 -16 22 -22 23 -21 25 32 27 -23 44 -18 36 -32 33 34 43 -25 -31 38 -20 -29 -36 -38 -35 -24 -27 47 -47 -46
right_child=2 -3 -4 4 -6 6 -8 -9 -10 -11 11 -13 13 -15 19 16 29 -19 37 20 21 26 24 35 -26 28 -28 39 -30 30 31 -33 -34 42 40 -37 41 -39 -40 -41 -42 -43 -44 -45 45 46 -48 -49
leaf_value=-0.99527294169897318 1.3356611045631204 4.2945857252393456 -1.5438433066111159 0.83660434269967188 -0.80661131201088443 -0.66343388731024933 1.4884476374177371 -0.92745323128752666 -0.38328394096610802 0.67312015319111373 -0.078098540162762353 0.7463843455100837 -0.7159751702572259 0.23108850503019218 -0.68740391841806148 -0.68553229836584295 -0.25732984685379529 -0.7619118137579215 0.50667309194435306 0.95619460718706262 -1.0058273141114218 0.73673751764459383 -0.75786888035989941 0.56607065884315444 0.63466929705093866 0.29376059081221589 -0.48056337180298192 -0.46850739656775087 0.65868543608622121 0.67267364087429915 0.15015322537307282 1.1730038142404877 0.30845395693182948 -0.99785024296768288 0.64906827682121238 -0.22795254835910206 -0.36497412123359169 0.72260804200970286 -0.31869880968595254 0.25766791063800171 -0.10240448453638813 0.32987428137435104 -0.29724161462350324 -0.12987796923628561 -0.036858462959527973 -0.15276075252044349 0.48726654077141451 -0.66867288901899646
leaf_weight=86 110 83 110 119 124 96 118 90 139 98 117 114 141 115 91 102 91 151 80 89 105 80 104 91 87 151 141 107 109 87 82 103 99 107 87 108 103 126 84 105 100 105 87 107 99 80 115 88
leaf_count=86 110 83 110 119 124 96 118 90 139 98 117 114 141 115 91 102 91 151 80 89 105 80 104 91 87 151 141 107 109 87 82 103 99 107 87 108 103 126 84 105 100 105 87 107 99 80 115 88
internal_value=0 1.61269 0.00433676 0.0398931 0.00943147 0.0316093 0.524522 0.00743422 0.0272404 0.0410628 0.0256329 0.330252 0.00715955 -0.291293 0.0286367 0.15128 0.0773877 -0.148342 0.0893448 -0.0361069 -0.00942452 -0.256898 0.0686314 0.392004 0.00281624 -0.0388673 -0.0733877 0.124197 0.152502 0.291933 0.396382 0.722877 -0.216629 -0.304811 -0.117363 0.136158 0.189881 0.363307 0.0845523 -0.109324 0.248804 -0.0143093 -0.686795 -0.441524 0.047946 -0.0497348 0.225252 -0.336158
internal_weight=0 169 4942 4832 4722 4598 214 4384 4294 4155 4057 231 3826 256 3570 1233 1114 543 392 2337 2246 538 1708 288 1420 1333 433 292 642 571 480 185 691 592 398 199 295 290 164 212 187 208 194 211 533 382 195 187
internal_count=5111 169 4942 4832 4722 4598 214 4384 4294 4155 4057 231 3826 256 3570 1233 1114 543 392 2337 2246 538 1708 288 1420 1333 433 292 642 571 480 185 691 592 398 199 295 290 164 212 187 208 194 211 533 382 195 187
is_linear=0
shrinkage=0.05


Tree=146
num_leaves=49
num_cat=0
split_feature=50 28 36 1 32 10 41 21 4 22 13 48 17 50 9 9 37 30 8 27 17 8 16 11 44 20 12 6 36 14 50 50 50 37 4 14 45 50 40 30 31 33 19 29 37 10 10 42
split_gain=211548 780164 63786.1 197670 115605 59631.4 36836.9 50743 37232.5 117879 73039.9 14861.8 35296.2 31543 18302.7 19761.9 17437.5 18230.2 17730.6 13561.5 14591.9 14848.3 13043.4 12561.8 11802.8 10854.2 10368 9588.08 20641.2 14880.6 17152.2 11903.8 13666.4 12608.3 15277.8 22380.4 19457.9 14286 13548.5 11981.1 11641.8 17252.1 10917.2 12482.8 9015.99 7950.79 6502.32 3479.17
threshold=6.5061518004079213 66.437500000000014 66.500000000000014 82.250000000000014 6.5000000000000009 0.58650149687184827 7.5000000000000009 0.095702709905488362 3.2500000000000004 86.750000000000014 46.500000000000007 0.28944708369002287 0.48137931034482767 3.4929130249781939 1.1102328050700525 0.56506053379109633 12.500000000000002 118.12500000000001 0.68608695652173923 72.812500000000014 1.2456896551724139 1.5156521739130435 12.500000000000002 3.5000000000000004 10.500000000000002 0.7255405884438143 3.1904761904761938 2.5714285714285721 41.500000000000007 5.5000000000000009 0.24459688492576961 -0.35660840962268731 -1.3504067231797661 57.500000000000007 0.62500000000000011 3.5000000000000004 -0.54220184589352438 0.48921343144287027 28.500000000000004 95.625000000000014 7.5000000000000009 0.95835000000000303 2.4224438100599097 9.4375000000000018 45.500000000000007 1.414366466857786 2.2537565268589166 1.0000000180025095e-35
decision_type=2 2 2 2 2 2 2 2 2 2 2 2 2 2 2 2 2 2 2 2 2 2 2 2 2 2 2 2 2 2 2 2 2 2 2 2 2 2 2 2 2 2 2 2 2 2 2 2
left_child=2 -2 4 -4 -1 -6 8 -8 10 -10 11 12 -7 14 15 25 17 47 -18 22 23 -22 -14 26 -20 -13 27 31 29 30 -29 32 -21 34 35 37 38 -33 -36 -34 41 -38 43 -39 -26 -32 -24 -17
right_child=1 -3 3 -5 5 6 7 -9 9 -11 -12 13 19 -15 -16 16 18 -19 24 20 21 -23 46 -25 44 -27 -28 28 -30 -31 45 33 39 -35 36 -37 40 42 -40 -41 -42 -43 -44 -45 -46 -47 -48 -49
leaf_value=1.6585578966031382 -1.7820631793567114 4.8054043947114167 -2.6851290697911208 0.52137170043346048 -1.2422917303859549 0.97250735657555731 1.654144244895476 -0.064633647065896249 -2.0289725461943697 0.2501076054456946 1.5213250572725041 -0.79536119851530818 -0.76392838392210638 -1.0880318973849459 -0.6980204746524975 0.39614759062428073 -0.61262854315199944 1.0802436551056713 0.65523426746144708 -0.20635060606715838 0.99125551936161882 0.047561738918344663 0.22658872002536812 -0.46999550999793338 -0.30661244846227831 -0.090446210122108461 0.50912071430073014 -0.25721767249337413 0.89066079728036507 -0.52849961283766189 0.24147267559992858 0.55248570785802953 0.94770092770676406 -0.54671333576693681 0.16894621524959805 -0.73707074922639015 0.48109658887753126 0.30246820935669044 1.0262703931237434 0.18246366109784323 -0.42846047429006495 -0.33675744009966202 -0.5983099462321172 -0.46740920913506701 0.32341343124502719 0.88664685814495547 -0.3380590183162453 -0.06379963624768141
leaf_weight=108 83 96 84 110 92 104 81 90 89 153 81 97 94 81 102 82 105 82 80 106 84 82 102 112 136 124 126 113 96 80 115 84 84 131 99 150 155 143 86 130 133 109 103 82 96 82 100 81
leaf_count=108 83 96 84 110 92 104 81 90 89 153 81 97 94 81 102 82 105 82 80 106 84 82 102 112 136 124 126 113 96 80 115 84 84 131 99 150 155 143 86 130 133 109 103 82 96 82 100 81
internal_value=0 1.75795 0.0122488 -0.87366 0.0494292 0.010768 0.0369767 0.754408 0.00810297 -0.592967 0.0443172 0.0136595 0.0726053 -0.145789 -0.0672797 0.00628764 0.143001 0.476865 -0.0538264 0.0386145 0.0767515 0.52817 -0.280736 0.0442241 0.135588 -0.402032 0.0705205 0.0437325 0.237916 0.075374 0.232411 -0.0155478 0.256629 -0.0840064 -0.0305904 -0.216341 0.148841 -0.0254298 0.570861 0.485848 -0.0487587 0.143425 -0.174662 0.021064 -0.0456429 0.513144 -0.0532282 0.16859
internal_weight=0 179 4839 194 4645 4537 4445 171 4274 242 4032 3951 2885 1066 985 883 662 245 417 2781 2485 166 296 2319 312 221 2207 2081 486 390 310 1595 320 1275 1144 562 582 412 185 214 397 264 328 225 232 197 202 163
internal_count=5018 179 4839 194 4645 4537 4445 171 4274 242 4032 3951 2885 1066 985 883 662 245 417 2781 2485 166 296 2319 312 221 2207 2081 486 390 310 1595 320 1275 1144 562 582 412 185 214 397 264 328 225 232 197 202 163
is_linear=0
shrinkage=0.05


Tree=147
num_leaves=50
num_cat=0
split_feature=37 17 2 46 50 28 2 46 18 45 14 8 49 16 19 20 19 25 40 14 45 10 28 36 35 20 6 46 34 49 37 40 46 45 45 6 9 3 41 50 37 10 19 50 30 37 8 7 18
split_gain=75253.6 119853 58184 41432.6 89209.7 30239.8 26204.7 13444.8 18878.9 19550.3 16671.8 33074.9 15158.5 15603.9 10798.3 27142.1 14734.4 14368.2 13478.4 12448.2 12403.3 16907.9 17024.7 15956.9 13555.3 16945.2 12055.7 10918.8 10158.7 13029.6 12091.9 9959.7 9902.85 9332.64 13003 16020.2 13788.4 11978.5 10141.7 9684.83 8857.16 12143.2 8506.68 7658.79 7481.28 6925.52 9748.99 5340.19 3954.83
threshold=87.500000000000014 0.36038961038961043 7.5000000000000009 -0.98521978256641018 1.456898558397363 75.312500000000014 572.50000000000011 -0.97111920233974802 62.500000000000007 0.94704596667653973 4.5000000000000009 0.4603344481605352 91.930887244269641 6.2500000000000009 2.0645488824900595 -0.65784370428333261 1.9693105823136785 2.5000000000000004 70.500000000000014 10.500000000000002 0.94138322595482449 1.3952428232669745 58.687500000000007 2.5000000000000004 11.250000000000002 0.81203619909502267 -0.34285714285714292 -0.27694043983797384 0.31250000000000006 88.394521734473201 14.500000000000002 61.500000000000007 0.18281312110578132 0.97112537654464559 -0.58482361983252518 2.8714285714285719 0.85592164416559058 67.500000000000014 1.0000000180025095e-35 0.83974494261531885 40.500000000000007 1.422238336488316 2.4224438100599097 0.87613210253913121 120.62500000000001 6.5000000000000009 1.969361942405421 1.3048951048951052 102.50000000000001
decision_type=2 2 2 2 2 2 2 2 2 2 2 2 2 2 2 2 2 2 2 2 2 2 2 2 2 2 2 2 2 2 2 2 2 2 2 2 2 2 2 2 2 2 2 2 2 2 2 2 2
left_child=1 -1 -3 4 48 6 -5 -8 9 10 11 -9 13 -10 15 -15 19 18 20 28 21 23 45 43 25 -25 -24 -28 29 30 -17 32 -12 34 36 37 38 39 -30 -36 41 -13 -43 -16 -22 46 -23 -29 -4
right_child=-2 2 3 5 -6 -7 7 8 12 -11 31 40 -14 14 17 16 -18 -19 -20 -21 44 22 26 24 -26 -27 27 47 33 -31 -32 -33 -34 -35 35 -37 -38 -39 -40 -41 -42 42 -44 -45 -46 -47 -48 -49 -50
leaf_value=1.4044847367665707 -1.4867113273681665 -1.2157969194589202 0.20954138523056393 0.78431561178756215 1.907837428657545 -0.77491484741995664 -0.60289446219326337 1.2221756766423768 -0.62661462887278141 0.90428264660576552 0.42660807466801298 -0.37201545569991723 -0.57109782606915194 0.87119286070821933 0.11487115373812527 -0.4497705794043011 0.67096900812660654 0.40114230583563004 -0.73996779141801128 -0.58651428901463409 -0.82056624262847677 0.28706212063198505 -0.86879922891000538 -0.26093523868105634 0.83142356189761168 0.58505700618542478 0.17032110496209218 -0.1634289893767108 -0.61689449452377598 -0.72704304843158518 0.36850716248154641 -0.64039950062246886 -0.32231091220968783 -0.39417928224872978 0.54366638311155291 -0.30961683596982514 0.46453883204431767 0.85163969602584855 0.028380270891411361 -0.018027608155809491 0.48267161016662918 0.62111052091581276 -0.0896042330926934 -0.56128128502298802 -0.18145638225334032 0.43994364608079195 -0.43149397373967563 -0.67183800540009486 -0.26881557754921109
leaf_weight=155 81 96 83 105 89 126 93 80 105 90 80 137 134 102 82 80 83 131 88 87 87 91 105 120 107 115 103 91 115 90 101 84 96 83 156 85 83 124 128 150 119 82 85 84 97 95 96 121 88
leaf_count=155 81 96 83 105 89 126 93 80 105 90 80 137 134 102 82 80 83 131 88 87 87 91 105 120 107 115 103 91 115 90 101 84 96 83 156 85 83 124 128 150 119 82 85 84 97 95 96 121 88
internal_value=0 0.0403408 -0.00351806 0.0212023 0.633649 -0.014348 0.00775362 -0.0115439 0.00177947 0.211442 0.128641 0.296478 -0.0521524 -0.0301468 -0.00961593 0.0885213 0.029441 -0.0988699 -0.143309 -0.0125838 -0.105139 -0.0468019 -0.205675 0.172716 0.367601 0.153786 -0.407076 -0.250906 0.0296557 -0.238988 0.00635337 -0.19595 0.0185938 0.108619 0.158651 0.314848 -0.0883102 0.43872 -0.278273 0.269164 0.118936 -0.0245637 0.260989 -0.22859 -0.486446 0.0946622 -0.0821553 -0.455398 -0.0367623
internal_weight=0 5007 4852 4756 260 4496 4370 4265 4172 853 763 503 3319 3185 3080 1467 1365 1613 1482 1282 1394 1210 702 508 342 235 420 315 1195 271 181 260 176 924 841 515 326 430 243 306 423 304 167 166 184 282 187 212 171
internal_count=5088 5007 4852 4756 260 4496 4370 4265 4172 853 763 503 3319 3185 3080 1467 1365 1613 1482 1282 1394 1210 702 508 342 235 420 315 1195 271 181 260 176 924 841 515 326 430 243 306 423 304 167 166 184 282 187 212 171
is_linear=0
shrinkage=0.05


Tree=148
num_leaves=48
num_cat=0
split_feature=2 40 38 27 2 44 29 34 29 45 3 2 30 19 21 13 21 19 40 19 7 27 49 4 47 35 46 46 48 30 19 9 50 14 8 48 30 35 34 9 17 17 13 35 6 19 28
split_gain=232897 464834 57154.6 21668 24391.2 28890.8 10243.3 23792.9 22555.9 14238.9 34443 23525.8 19488 17056.7 14617.6 13671.4 24409.3 9741.33 14459.7 9418.79 18999.2 14941.6 11865.9 15056.5 13622.3 12904.3 11539.5 10677.6 11386.7 11907.7 14168.6 9489.51 9149.85 9032.51 10819 12044.7 10094.1 12223.3 16315 11256.8 14169.4 8385.93 7262.66 7019.81 4816.81 4798.51 4422.05
threshold=227.50000000000003 28.500000000000004 4.5000000000000009 87.187500000000014 577.50000000000011 5.7500000000000009 5.3958250000000012 1.5625000000000002 4.9375000000000009 0.40614137006726808 117.50000000000001 622.50000000000011 135.62500000000006 3.5143962848297217 -0.8727926801390139 39.500000000000007 2.4047756210227651 2.1423536753998467 3.5000000000000004 1.7960265776001874 -0.8181818181818179 70.187500000000014 91.431264255350399 1.7500000000000002 11.500000000000002 3.035699999999999 -0.074115882986646633 -0.94703994556331683 -0.46971205673958666 67.812500000000014 2.1800271841727707 0.64416078545056399 0.17531034265668669 4.5000000000000009 0.96652173913043493 -0.051472677494896452 115.00000000000003 3.035699999999999 1.3750000000000002 0.76148270704399923 0.84412955465587058 0.96148148148148149 23.500000000000004 16.250000000000004 1.21764705882353 1.0057468148549744 70.437500000000014
decision_type=2 2 2 2 2 2 2 2 2 2 2 2 2 2 2 2 2 2 2 2 2 2 2 2 2 2 2 2 2 2 2 2 2 2 2 2 2 2 2 2 2 2 2 2 2 2 2
left_child=1 -1 3 4 -2 -6 7 8 43 11 12 -8 33 14 -14 16 19 -16 -19 22 -21 -22 23 24 25 31 32 -23 41 -30 -31 -13 -27 36 35 -35 37 38 -11 40 -39 -29 -32 -7 -44 -34 -28
right_child=2 -3 -4 -5 5 6 9 -9 -10 10 -12 15 13 -15 17 -17 -18 18 -20 20 21 27 -24 -25 -26 26 46 28 29 30 42 -33 45 34 -36 -37 -38 39 -40 -41 -42 -43 44 -45 -46 -47 -48
leaf_value=0.27873712778091431 -0.74284923065580055 -4.256782835537626 1.2132893680905303 0.79170606785718312 0.80504170068672731 -0.048326080769635321 -0.86038412523490404 0.7159701463600544 0.4087078354875498 0.12466084419577211 1.0525566565190874 -0.14146076749587796 -0.15429172392490262 -0.42821894985873526 0.81580494628349942 0.34533655661496387 -0.87418081615572785 0.75397934019565582 -0.083182591730255204 -0.82201395850997783 0.50270165226038765 0.24728877879047798 -0.49295924689295223 0.55132330864024681 0.54384144462169492 -0.47576124854834689 -0.32950965829870921 -0.27847120269786479 0.30437792201659514 -0.74994213290836509 0.17029837320605629 0.53621464377722228 -0.11115157487915783 -1.0613099431461959 -0.048211450886681384 -0.19849922016814903 -0.43004918806550524 0.071385762132244346 -0.76665600408990697 -0.069544121372790743 0.99684249155310012 -0.9940406446839557 -0.5451509442293283 -0.64003454676041249 -0.026649888847247668 0.42106791986152531 -0.84921512065202376
leaf_weight=135 117 96 95 80 104 88 107 145 157 134 81 96 108 81 149 156 106 91 117 110 84 117 102 138 93 82 87 85 111 114 138 110 81 82 148 80 125 80 82 130 85 80 98 116 82 87 80
leaf_count=135 117 96 95 80 104 88 107 145 157 134 81 96 108 81 149 156 106 91 117 110 84 117 102 138 93 82 87 85 111 114 138 110 81 82 148 80 125 80 82 130 85 80 98 116 82 87 80
internal_value=0 -1.61638 0.00549823 -0.0190422 -0.033176 -0.0146745 -0.0341265 0.177362 -0.040357 -0.061485 0.0548663 -0.139555 3.33988e-05 0.237641 0.354299 -0.104708 -0.138595 0.50816 0.284931 -0.0986926 -0.204376 -0.128813 0.0140506 0.0751126 -0.017312 -0.101817 -0.26156 -0.193643 -0.266755 -0.155631 -0.274258 0.221247 -0.0460105 -0.137212 -0.358041 -0.639062 -0.0291821 0.0695258 -0.215683 0.27838 0.551269 -0.629312 -0.101914 -0.386269 -0.310397 0.165323 -0.582043
internal_weight=0 231 4819 4724 4644 4527 4423 506 361 3917 1573 2344 1492 546 465 2237 2081 357 208 1975 1019 909 956 854 716 623 417 825 708 543 432 206 250 946 310 162 636 511 216 295 165 165 318 204 180 168 167
internal_count=5050 231 4819 4724 4644 4527 4423 506 361 3917 1573 2344 1492 546 465 2237 2081 357 208 1975 1019 909 956 854 716 623 417 825 708 543 432 206 250 946 310 162 636 511 216 295 165 165 318 204 180 168 167
is_linear=0
shrinkage=0.05


Tree=149
num_leaves=47
num_cat=0
split_feature=17 15 42 2 2 37 20 17 7 50 14 15 2 45 8 45 45 45 19 45 8 8 21 30 8 10 7 45 19 27 21 20 37 21 5 13 46 21 7 46 37 12 33 46 16 30
split_gain=88490.9 448928 295522 183391 37891.4 25873.7 11534 47581.2 18395.7 16567.7 12377 10939.1 16790.4 14711.9 20645.9 14151.7 17289.5 19506.3 16161.9 21373.7 20453 11816.1 11365.1 10850.8 18332.5 10032.2 23333.1 10295.9 12378.3 9845.97 11758.2 10671.7 18767.1 9829.17 9251.95 10937.4 13783.7 15436.7 13523.3 16736.1 9680.33 15689.9 10614.8 7504.59 7345.06 5679.91
threshold=0.36038961038961043 73.500000000000014 6.7500000000000009 37.500000000000007 557.50000000000011 82.500000000000014 -2.585714285714285 0.81649831649831661 -2.4125874125874121 4.8268644619878964 15.500000000000002 78.250000000000014 667.50000000000011 -0.90893996196865023 0.56608695652173924 -0.28519255817492867 -0.048361574224334618 -0.16799356919963607 0.70794158701135457 0.29342972903661901 -0.099130434782608648 0.23217391304347831 -0.81704756596060679 131.87500000000003 0.96652173913043493 1.4244980743690803 1.2377622377622381 -0.70291267844185523 1.9210750039726683 83.937500000000014 -1.029522144522147 0.98199126620179256 29.500000000000004 -0.39436874969108965 9.0000000000000018 12.500000000000002 0.82293497932636273 1.5887084983965283 1.427572427572428 -0.099822328936730861 5.5000000000000009 1.4166666666666645 0.95835000000000303 -0.20180761162458913 11.250000000000002 104.37500000000003
decision_type=2 2 2 2 2 2 2 2 2 2 2 2 2 2 2 2 2 2 2 2 2 2 2 2 2 2 2 2 2 2 2 2 2 2 2 2 2 2 2 2 2 2 2 2 2 2
left_child=1 -1 3 -2 -5 6 7 -6 -9 10 11 13 -13 14 -8 22 17 -17 -18 23 -21 -22 45 24 -20 27 -27 -24 -29 -14 -31 -32 -33 -16 35 -23 37 38 40 -40 -37 -42 43 -43 -35 -15
right_child=2 -3 -4 4 5 -7 9 8 -10 -11 -12 12 29 15 33 16 18 -19 19 20 21 34 25 -25 -26 26 -28 28 -30 30 31 32 -34 44 -36 36 -38 -39 39 -41 41 42 -44 -45 -46 -47
leaf_value=3.8569265912218791 2.3684943789527533 -1.1482170029120011 -2.6934967933893206 -1.0409312710875558 1.2395627526526756 0.86073451520591659 1.051482604189617 -0.67805971160184508 0.3341185562788172 -0.62363565533228638 -0.5950945333252291 -0.70194186457786067 -0.47710844497861604 -0.07728704421707755 0.54673521471721631 0.0283269330031342 -0.44410331335531761 0.97468911704716388 0.4990324691284535 0.89574529490537125 -0.44337167915972797 -0.35039880375651755 -0.41148779774953925 -0.60070263552101888 -0.54265305748186921 -1.072537193497022 -0.087344736175637858 -0.25299420388606947 0.50599010192133764 0.44877536058087242 -0.48849968361198787 -0.35105499129899792 0.43869299137964846 0.26321158084190555 -0.30318175082159515 -0.24112814716994763 0.71179159601667419 -0.48049346639449342 0.86574886773863158 0.11880885616046231 -0.34981036775855612 0.33169166818261148 0.065373850473459214 1.0062687475372243 -0.31471101571805776 0.50034277529978177
leaf_weight=81 83 98 99 83 93 91 81 85 93 105 82 115 111 88 110 107 157 110 85 89 87 84 149 147 82 104 141 106 107 131 120 141 159 107 100 159 134 82 154 146 92 87 137 80 111 81
leaf_count=81 83 98 99 83 93 91 81 85 93 105 82 115 111 88 110 107 157 110 85 89 87 84 149 147 82 104 141 106 107 131 120 141 159 107 100 159 134 82 154 146 92 87 137 80 111 81
internal_value=0 1.12552 -0.00329435 0.0527873 0.0115119 0.0305993 0.0137704 0.329459 -0.150313 -0.00634698 0.00936843 0.0216568 -0.147031 0.0613596 0.341679 0.0216523 0.0885478 0.51032 0.0401848 0.0839862 0.165969 0.11694 -0.160896 -0.288976 -0.0126394 -0.261786 -0.508209 -0.0940678 0.128862 -0.0497213 0.0370851 -0.0920841 0.0675783 0.163729 0.156104 0.196097 0.239246 0.170981 0.23395 0.50384 0.0874197 0.219612 0.392519 0.658909 -0.0311451 0.20088
internal_weight=0 179 4895 4796 4713 4630 4539 271 178 4268 4163 4081 777 3304 409 2895 2119 217 1902 1745 1431 1342 776 314 167 607 245 362 213 662 551 420 300 328 1255 1155 1071 937 855 300 555 396 304 167 218 169
internal_count=5074 179 4895 4796 4713 4630 4539 271 178 4268 4163 4081 777 3304 409 2895 2119 217 1902 1745 1431 1342 776 314 167 607 245 362 213 662 551 420 300 328 1255 1155 1071 937 855 300 555 396 304 167 218 169
is_linear=0
shrinkage=0.05


Tree=150
num_leaves=46
num_cat=0
split_feature=8 4 17 50 17 3 36 36 3 36 36 10 17 9 21 4 37 43 7 37 21 19 44 19 27 40 18 10 9 10 7 3 6 44 18 47 9 4 50 17 22 40 16 13 48
split_gain=78537.1 240295 111416 81579.1 106335 103608 14548.6 14236.6 12101.5 11058.9 18513.3 9955.91 12862.9 20934 11019.8 24768.6 14782 18031.9 14945.5 38393.2 13507 12169 17567 16373.4 16031.8 13750.3 11878.7 14513.2 12902.1 13847.2 14108.7 11325.7 10565.3 10469.2 10087.1 13762.4 13496.7 11222.5 9060.75 8510.28 8077.58 6316.32 11265.7 5871.69 4364.62
threshold=-1.7518577075098811 3.7500000000000004 0.76533166458072599 8.5563717320649904 0.40370370370370373 212.50000000000003 65.500000000000014 56.500000000000007 52.500000000000007 51.500000000000007 48.500000000000007 0.68577875278461764 0.55586206896551738 0.64416078545056399 1.4098364386693947 1.2500000000000002 53.500000000000007 0.28125000000000006 -0.8181818181818179 19.500000000000004 1.6442718773008667 1.8461538461538463 9.2500000000000018 1.4308462394113119 78.187500000000014 29.500000000000004 162.50000000000003 0.92925365826200312 0.79591616726460612 1.479671783691576 2.64922174599594 52.500000000000007 1.7394957983193284 15.500000000000002 137.50000000000003 9.5000000000000018 0.70355339059327393 0.62500000000000011 1.2711018857277738 0.7947368421052633 87.750000000000014 9.5000000000000018 14.250000000000002 25.500000000000004 -0.17936485097422603
decision_type=2 2 2 2 2 2 2 2 2 2 2 2 2 2 2 2 2 2 2 2 2 2 2 2 2 2 2 2 2 2 2 2 2 2 2 2 2 2 2 2 2 2 2 2 2
left_child=2 3 -1 4 -2 6 7 9 -9 10 11 -6 13 -13 16 20 18 -18 19 -14 -16 22 24 39 -20 -26 27 -23 33 -30 43 44 -22 34 35 36 37 -29 -35 -24 -41 42 -28 -31 -25
right_child=1 -3 -4 -5 5 -7 -8 8 -10 -11 -12 12 14 -15 15 -17 17 -19 21 -21 32 26 23 31 25 -27 41 28 29 30 -32 -33 -34 38 -36 -37 -38 -39 -40 40 -42 -43 -44 -45 -46
leaf_value=2.3505564580301206 -1.3111188419187263 -2.0206428099941731 -0.15549117159098388 1.4963789595497978 0.44734743921420517 1.7603723077546982 0.4931764289952707 -0.13151875283867515 -0.89078025445342068 0.41289529664232244 -0.74440290823407562 0.11905293835456981 -0.24052506846285637 -0.97684637773572724 0.49213701412741062 0.88367756673844033 0.043927909388581175 -0.85599783220065717 0.71674003572349099 1.0258917102012142 -0.50243904051499644 -0.63564802357989758 -0.53824772615266103 -0.65944442003965387 -0.41567329194859143 0.29347240319688811 -0.15064211647607323 0.62178400678381529 0.37401817154464684 -0.31152380925885748 0.055010232781418249 -1.1239200202035315 0.11669691296851939 0.09128747035730754 -0.14087232543927869 -0.068594442366615063 1.1064624615197565 -0.094635591317306866 -0.56187245240662154 0.27249448870031817 -0.24644856580386035 0.68339986014232212 0.58059599269181494 -0.86826438151787377 -0.1762149430051142
leaf_weight=82 154 150 95 89 116 83 137 141 83 150 86 85 123 88 112 108 106 116 82 115 122 88 92 91 142 130 116 145 82 88 129 80 156 150 122 126 80 87 81 147 151 88 95 106 97
leaf_count=82 154 150 95 89 116 83 137 141 83 150 86 85 123 88 112 108 106 116 82 115 122 88 92 91 142 130 116 145 82 88 129 80 156 150 122 126 80 87 81 147 151 88 95 106 97
internal_value=0 -0.0569223 1.01219 0.00530576 -0.0233883 0.0207465 -0.01217 -0.0283739 -0.415561 -0.00700952 -0.0231456 -0.00681134 -0.0210667 -0.440809 -0.000510653 0.217342 -0.0360827 -0.428033 -0.00522835 0.373131 0.0310304 -0.0400599 -0.17539 -0.328017 0.108431 -0.0769099 0.046512 -0.0196573 0.0261596 -0.203042 -0.350243 -0.628162 -0.155837 0.143621 0.260316 0.372129 0.549764 0.353874 -0.139177 -0.120686 0.00959533 0.329782 0.179774 -0.618615 -0.41237
internal_weight=0 4915 177 4765 4676 4522 4439 4302 224 4078 3928 3842 3726 173 3553 498 3055 222 2833 238 390 2595 1012 658 354 272 1583 1284 1196 405 323 268 278 791 560 438 312 232 231 390 298 299 211 194 188
internal_count=5092 4915 177 4765 4676 4522 4439 4302 224 4078 3928 3842 3726 173 3553 498 3055 222 2833 238 390 2595 1012 658 354 272 1583 1284 1196 405 323 268 278 791 560 438 312 232 231 390 298 299 211 194 188
is_linear=0
shrinkage=0.05


Tree=151
num_leaves=49
num_cat=0
split_feature=42 17 42 1 2 37 17 27 21 10 16 21 10 3 29 37 37 21 35 18 18 16 15 49 27 17 29 47 35 17 49 28 36 15 19 37 27 49 36 29 36 21 36 36 17 29 49 29
split_gain=95995.8 133905 76843.9 102522 122834 42919.4 22814.2 58234 22107.2 30906.3 10178.5 24901.9 13057.2 19334 8378.97 8475.29 21454.1 15466.3 7278.33 13275.1 20258.6 31353.8 13320.1 17464.7 10555.4 9612.86 10558.2 8133.53 17959.9 14326.6 13612.1 13690.4 14710.6 15493 13153.2 18938.9 15372 15917.3 10367.6 10317.9 9746.75 9453.69 9412.54 6670.9 5073.76 4154.76 8518.16 8580.38
threshold=8.7500000000000018 0.32795698924731187 6.2500000000000009 65.500000000000014 307.50000000000006 83.500000000000014 0.50806451612903236 79.562500000000014 2.7567885013537183 2.2297615146622189 7.2500000000000009 1.0000000180025095e-35 0.72745725817073137 127.50000000000001 14.562500000000002 67.500000000000014 65.500000000000014 0.18283853014890641 36.250000000000007 52.500000000000007 67.500000000000014 11.250000000000002 77.250000000000014 87.763412915056321 78.687500000000014 1.0417391304347829 5.8125000000000009 3.5000000000000004 16.250000000000004 0.70777988614800769 87.051469076246079 72.312500000000014 31.500000000000004 77.250000000000014 2.9721737086442972 9.5000000000000018 79.937500000000014 82.415242069347741 6.5000000000000009 7.0625000000000009 17.500000000000004 0.46956218347772355 12.500000000000002 2.5000000000000004 0.88562091503267981 6.8125000000000009 76.303503251030705 9.4375000000000018
decision_type=2 2 2 2 2 2 2 2 2 2 2 2 2 2 2 2 2 2 2 2 2 2 2 2 2 2 2 2 2 2 2 2 2 2 2 2 2 2 2 2 2 2 2 2 2 2 2 2
left_child=1 -1 3 -3 -5 6 7 -6 10 -10 11 -8 -12 14 15 16 18 -17 19 22 21 -21 23 24 -14 26 -20 28 38 40 34 39 33 -33 36 43 37 -31 45 -32 -29 -35 -41 -36 -34 -22 -47 -48
right_child=-2 2 -4 4 5 -7 8 -9 9 -11 12 -13 13 -15 -16 17 -18 -19 25 20 27 -23 -24 -25 -26 -27 -28 29 -30 30 31 32 44 41 35 -37 -38 -39 -40 42 -42 -43 -44 -45 -46 46 47 -49
leaf_value=-1.8836072169479572 -1.6047900204755825 1.7364704774828947 1.4199101192072821 -1.8264807389911852 0.24601343051351685 1.089916369695773 -0.23341311482061822 -1.5459312702218693 -1.1108715841652088 0.079598680164961688 -0.47820940599063022 0.9688166693574749 0.0056290474849018633 0.75979864139889575 -0.45712160630938936 -0.75251796765999446 0.81612264507833654 0.15355161624434202 0.070795816415920851 1.027413260839819 0.11980813551087713 -0.09195562032982707 -0.6485554192066193 0.55693062058201537 -0.69516736837103965 -0.086165068216674717 0.79909379624185117 -0.063450503103004027 -0.82480546894172824 0.59492191664107585 -0.66999590505724371 0.95048859410079922 0.11302624577846454 0.4087884527661147 0.015494137150900707 -0.61408491422270628 0.90240645366720862 -0.2010244667147979 0.33133589175995443 -0.36509144921866499 -0.76627622565165876 -0.28092273125447426 0.28887100086236994 0.61672037509550537 -0.35386388673602293 0.15144098948029913 -0.71800944002681089 -0.085132778305368334
leaf_weight=94 97 81 94 94 98 86 82 83 105 112 136 89 122 85 96 96 84 91 95 122 85 127 149 80 95 140 104 120 89 135 114 80 97 123 104 85 127 116 127 128 83 82 95 82 143 84 121 96
leaf_count=94 97 81 94 94 98 86 82 83 105 112 136 89 122 85 96 96 84 91 95 122 85 127 149 80 95 140 104 120 89 135 114 80 97 123 104 85 127 116 127 128 83 82 95 82 143 84 121 96
internal_value=0 -0.0244991 0.0118241 -0.0162279 -0.0468817 -0.0100709 -0.0312974 -0.579686 -0.0082241 -0.498889 0.0178034 0.394304 0.00135869 0.0186344 0.00148571 0.0137672 0.0316542 -0.313125 0.0117463 -0.0130114 0.0307971 0.458406 -0.264464 -0.0702427 -0.302953 0.231035 0.453506 -0.0153544 -0.173301 0.0401892 0.0932336 -0.0370009 0.122591 0.364905 0.266001 1.24004e-05 0.456194 0.227736 -0.0588873 -0.285251 -0.35316 0.13288 -0.0864517 0.282431 -0.165476 -0.187801 -0.274777 -0.439702
internal_weight=0 4956 4862 4768 4687 4593 4507 181 4326 217 4109 171 3938 3802 3717 3621 3434 187 3350 3011 2565 249 446 297 217 339 199 2316 602 1714 1511 862 525 285 649 271 378 251 513 337 203 205 223 186 240 386 301 217
internal_count=5053 4956 4862 4768 4687 4593 4507 181 4326 217 4109 171 3938 3802 3717 3621 3434 187 3350 3011 2565 249 446 297 217 339 199 2316 602 1714 1511 862 525 285 649 271 378 251 513 337 203 205 223 186 240 386 301 217
is_linear=0
shrinkage=0.05


Tree=152
num_leaves=48
num_cat=0
split_feature=2 46 2 31 40 2 30 11 49 8 20 2 29 2 28 28 28 34 14 8 21 18 29 7 20 21 49 35 10 25 33 21 10 46 10 49 10 10 40 40 21 48 48 21 0 19 29
split_gain=82184.4 182904 172564 29596.2 24140.9 48528.7 13739.4 12310.3 11964.3 24543.8 14361.7 11556.9 34949 19241.6 10990.8 9727.75 16385.6 13330 12881.2 13407.4 11530.6 11212.7 10706.9 15817.9 15830.8 16930.5 14468.7 12824.7 13146.2 11913.2 13202.7 10084.3 9774.05 10525.7 12302.6 10257.1 8902.69 8641.86 8635.5 14743.1 7860.1 7535.44 8879.54 6870.35 6115.84 5845.72 5732.03
threshold=7.5000000000000009 0.097680735332368748 442.50000000000006 3.5000000000000004 87.500000000000014 577.50000000000011 300.62500000000006 5.5000000000000009 91.431264255350399 0.88434782608695672 1.3917690152984272 622.50000000000011 8.8125000000000018 637.50000000000011 74.312500000000014 58.812500000000007 56.937500000000007 1.3750000000000002 12.500000000000002 -0.1226086956521739 0.25299084509611452 97.500000000000014 7.4285750000000013 -0.60839160839160822 0.16005261342073487 0.75029334471996389 86.658240211999285 12.708349999999998 1.6470973070301176 1.0000000180025095e-35 0.76785000000000292 1.2462184873949627 1.4018062483443783 0.71952396275653763 1.8634477825746456 80.597442594506177 2.0419971878735601 1.2161627261058701 66.500000000000014 50.500000000000007 -0.57438596491227389 -0.2104779686793444 0.15105118224857764 0.25299084509611452 73.250000000000014 2.6389423479206764 10.562500000000002
decision_type=2 2 2 2 2 2 2 2 2 2 2 2 2 2 2 2 2 2 2 2 2 2 2 2 2 2 2 2 2 2 2 2 2 2 2 2 2 2 2 2 2 2 2 2 2 2 2
left_child=1 -1 -2 -4 5 -5 7 8 11 -10 -11 12 -7 -13 15 16 17 36 19 20 -17 -19 23 -21 -25 29 32 28 41 -26 45 -27 35 34 -34 -24 -15 40 39 -16 -37 -28 -43 -42 -23 -31 -45
right_child=2 -3 3 4 -6 6 -8 -9 9 10 -12 13 -14 14 38 18 -18 21 -20 22 -22 44 26 24 25 31 27 -29 -30 30 -32 -33 33 -35 -36 37 -38 -39 -40 -41 43 42 -44 46 -46 -47 -48
leaf_value=-2.7629865902226149 2.2345137204064263 0.44856320803927396 0.91785719330412352 -1.1200996349460073 0.61115573113085708 -1.1017574158059547 -0.53150924747450312 0.58150569028461108 -0.98183890153964359 0.4528188741157706 -0.33754440337526714 0.69674888527498835 0.32956712398339405 0.71454033800896177 0.077278118818364258 -0.075444123646329075 0.67713901482246541 -0.6149477521369332 0.45943897888646462 0.46722555186722303 -0.89521902007215159 0.35352658290754668 0.44171316164328644 -0.84607466417162314 -0.34657842395889682 -0.78424532306558303 0.55138999585392356 0.80975778764960449 -0.35542144583593505 0.170281209849348 0.53736229730362928 -0.16227950745149319 -0.4168559917471778 -0.76784961216506509 0.30518819683849224 -0.55073108145520666 0.02241132561397809 0.37803172341858349 -0.036714822831036491 0.95925969315558379 0.32437158549825351 -0.2980090261533343 0.33786853239840314 0.081279745737535769 -0.24672446431274098 -0.39166700515853264 -0.41157883843106613
leaf_weight=81 89 96 90 96 159 82 113 96 89 97 138 112 87 93 93 87 134 94 127 90 84 87 132 91 148 130 157 87 100 98 150 131 141 83 100 93 92 95 105 96 95 86 148 112 81 86 123
leaf_count=81 89 96 90 96 159 82 113 96 89 97 138 112 87 93 93 87 134 94 127 90 84 87 132 91 148 130 157 87 100 98 150 131 141 83 100 93 92 95 105 96 95 86 148 112 81 86 123
internal_value=0 -1.02839 0.0653273 0.0247176 0.00748927 -0.0136937 0.0103509 0.0245458 0.0118431 -0.279717 -0.010773 0.0359452 -0.367317 0.0541586 0.0342498 0.00851945 0.194371 0.0484597 -0.0304621 -0.0541316 -0.481004 -0.180765 -0.0244683 -0.159129 -0.227199 -0.150367 0.0557541 0.253707 0.153735 0.0254334 0.190819 -0.473882 -0.0618566 -0.28575 -0.11723 0.0500133 0.372317 -0.0504608 0.326849 0.52796 -0.147359 0.284529 0.103896 -0.032361 0.0643724 -0.0930659 -0.177335
internal_weight=0 177 4897 4808 4718 4559 4463 4350 4254 324 235 3930 169 3761 3649 3355 581 447 2774 2647 171 262 2476 924 834 743 1552 578 491 482 334 261 974 324 241 650 185 518 294 189 423 391 234 330 168 184 235
internal_count=5074 177 4897 4808 4718 4559 4463 4350 4254 324 235 3930 169 3761 3649 3355 581 447 2774 2647 171 262 2476 924 834 743 1552 578 491 482 334 261 974 324 241 650 185 518 294 189 423 391 234 330 168 184 235
is_linear=0
shrinkage=0.05


Tree=153
num_leaves=48
num_cat=0
split_feature=3 30 50 3 36 44 16 3 2 7 28 7 7 13 37 29 2 48 40 50 34 40 28 29 36 18 37 27 50 22 29 13 30 42 50 5 50 7 34 29 36 1 46 48 20 46 50
split_gain=225526 302591 130990 90446.4 19321.4 10633.5 15797.4 25158.2 16459.4 9396.13 5207.02 15463.3 6953.02 16086.2 14034 16005.8 14018.7 13788.7 13427.4 12072.1 17863 13451.5 11141.7 8094.62 11475.7 10802.7 8034.59 7537.49 12505.6 10897.8 9146.8 11878.6 12338.3 11202.8 9018.75 8865.49 8701.57 8422.6 8295.56 10100.8 9069.77 8182.42 7176.71 6748.93 8577.83 4920.17 4432.95
threshold=727.50000000000011 154.37500000000003 5.8594938975876412 192.50000000000003 69.500000000000014 5.2500000000000009 6.2500000000000009 142.50000000000003 627.50000000000011 -3.7972027972027962 74.812500000000014 1.096323031806903 0.69020979020979034 41.500000000000007 61.500000000000007 5.3958250000000012 662.50000000000011 -0.24399792195516498 47.500000000000007 1.4744761099030941 0.87500000000000011 1.5000000000000002 73.187500000000014 7.6875000000000009 4.5000000000000009 92.500000000000014 10.500000000000002 83.562500000000014 1.6806717173053018 88.750000000000014 7.6875000000000009 26.500000000000004 96.875000000000014 1.2500000000000002 0.75139034510421976 1.0000000180025095e-35 -0.28180103284439179 1.4055944055944061 1.3750000000000002 6.5312500000000009 5.5000000000000009 81.500000000000014 0.2499757677084001 -0.44982064033039632 2.2318039987450446 0.04621408538533487 -0.2058089161524492
decision_type=2 2 2 2 2 2 2 2 2 2 2 2 2 2 2 2 2 2 2 2 2 2 2 2 2 2 2 2 2 2 2 2 2 2 2 2 2 2 2 2 2 2 2 2 2 2 2
left_child=2 -2 3 4 5 -1 -7 8 -8 -10 12 -12 13 14 15 -11 -14 23 19 21 -21 -19 -20 -17 -25 -26 -23 29 34 30 38 32 41 36 35 46 -33 -34 39 40 -18 -32 -28 -40 -45 -35 -29
right_child=1 -3 -4 -5 -6 6 7 -9 9 10 11 -13 16 -15 -16 17 27 18 22 20 -22 26 -24 24 25 -27 42 28 -30 -31 31 33 37 45 -36 -37 -38 -39 43 -41 -42 -43 -44 44 -46 -47 -48
leaf_value=0.52953875859578448 -0.02524392981278269 -4.0014816674841454 1.4854959403743617 -1.5442538724591337 0.71209721885229416 -0.68654023165675415 -0.58442783730588566 0.81194947400818718 0.5076213024470998 0.62891981736306224 -0.62405588480292773 0.2462827863849022 -0.58163402578564449 0.72983659499146969 -0.43495003417344158 -0.51614317937305676 0.35862063521614163 0.30798437490593644 0.12920522225045025 -0.15162075046230766 0.83587730318307885 -0.71435492682929447 0.93634028233838884 -0.41337584285966811 -0.20135564418210661 0.59527063730690211 0.23976192687764583 0.13616112016496204 0.58464949257924403 -0.55281624064363288 0.061576939320990023 -0.51056930013847623 -0.12837091547183016 -0.3973098604780872 -0.29773195366127586 -0.17251289691776039 0.13658811286913128 0.49189067325771668 -0.4767476234799144 0.57171387115429195 -0.28499556208985882 -0.62422237078567133 -0.36564930574067178 0.26168647883950097 -0.37284584069033949 -0.95519250805785016 0.64760336860252377
leaf_weight=89 113 82 147 95 94 86 126 91 86 123 121 87 121 88 141 134 107 135 83 84 99 81 88 123 80 89 80 83 117 115 83 87 87 81 157 111 126 145 86 144 110 90 123 151 81 81 87
leaf_count=89 113 82 147 95 94 86 126 91 86 123 121 87 121 88 141 134 107 135 83 84 99 81 88 123 80 89 80 83 117 115 83 87 87 81 157 111 126 145 86 144 110 90 123 151 81 81 87
internal_value=0 -1.70919 0.0209846 -0.0253632 0.00646545 -0.00847249 -0.0194778 -0.00601763 -0.0238402 -0.00645289 -0.0176045 -0.260583 -0.00424307 0.0771789 0.0374496 0.0881248 -0.0603793 0.0321692 0.15798 0.046582 0.384239 -0.101455 0.547602 -0.195956 -0.0477613 0.219203 -0.29648 -0.0304951 0.127792 -0.0863535 -0.0492329 -0.165942 0.0218907 -0.368321 0.00470054 0.174132 -0.128894 0.25974 0.0848838 0.248605 0.0325528 -0.296734 -0.127058 -0.101173 0.0394978 -0.6804 0.400156
internal_weight=0 195 4823 4676 4581 4487 4398 4312 4221 4095 4009 208 3801 1551 1463 1322 2250 1199 773 602 183 419 171 426 292 169 284 2129 555 1574 1459 780 405 375 438 281 213 232 679 361 217 173 203 318 232 162 170
internal_count=5018 195 4823 4676 4581 4487 4398 4312 4221 4095 4009 208 3801 1551 1463 1322 2250 1199 773 602 183 419 171 426 292 169 284 2129 555 1574 1459 780 405 375 438 281 213 232 679 361 217 173 203 318 232 162 170
is_linear=0
shrinkage=0.05


Tree=154
num_leaves=49
num_cat=0
split_feature=30 16 50 14 50 50 4 33 3 3 46 48 3 48 9 18 18 4 50 20 7 20 18 6 50 13 30 7 47 38 37 50 48 9 45 45 50 30 22 13 25 30 48 11 9 9 40 45
split_gain=75461.2 170448 115119 498884 101128 74569.1 75567.5 64418.7 59129.8 34568.6 24067.8 11281.2 12553.2 52198.8 90102 31092.2 25132 21506.2 20040.5 19746.6 11098 6681.62 10260.2 29468.5 13572.1 9195.09 9150.61 19750.8 15655.4 10056.3 15904 11070 10828 12093.5 10497.7 16608.5 10171 9820.57 11769.6 9595.51 8009.13 11322.2 7214.65 6863.87 5935.8 8697.47 5726.3 4868.45
threshold=59.375000000000007 10.500000000000002 6.5061518004079213 1.5000000000000002 5.312721158191601 4.6465747256124539 7.2500000000000009 2.8125000000000004 217.50000000000003 142.50000000000003 0.63089349388778826 -1.6903447741613182 82.500000000000014 0.19190249590171712 0.8113611778787907 92.500000000000014 112.50000000000001 2.1250000000000004 0.72099882029174733 0.49719682594445413 -1.2377622377622373 -1.194427244582043 62.500000000000007 -1.712915523707384e-16 3.38230369970475 40.500000000000007 181.56250000000003 1.363636363636364 7.5000000000000009 1.0000000180025095e-35 65.500000000000014 0.48921343144287027 0.1561962173013059 0.98733208682932949 -0.05695216311707673 -0.40614700388750385 0.83974494261531885 110.62500000000003 82.750000000000014 25.500000000000004 1.0000000180025095e-35 105.62500000000001 0.24967229052407927 2.7500000000000004 0.56506053379109633 0.86455005809202556 13.500000000000002 0.63920241694561786
decision_type=2 2 2 2 2 2 2 2 2 2 2 2 2 2 2 2 2 2 2 2 2 2 2 2 2 2 2 2 2 2 2 2 2 2 2 2 2 2 2 2 2 2 2 2 2 2 2 2
left_child=1 -1 4 -4 5 6 7 8 9 11 -3 -2 17 14 15 -14 -15 20 -19 -17 -13 -22 23 -23 25 26 29 -28 47 32 31 -31 33 34 35 36 -24 38 -36 -39 -25 -42 -34 44 -44 46 -46 -29
right_child=2 10 3 -5 -6 -7 -8 -9 -10 -11 -12 12 13 16 -16 19 -18 18 -20 -21 21 22 24 40 -26 -27 27 28 -30 30 -32 -33 42 -35 37 -37 -38 39 -40 -41 41 -43 43 -45 45 -47 -48 -49
leaf_value=-2.5244767981736613 0.57423609322235902 0.54814517606641644 -1.1803501218864598 4.0866484900315605 -1.5748552143719852 1.4420585991276635 -1.3775696509263733 1.231117597862939 -1.3407653994676545 0.86235842159670639 -0.52527997898321377 0.53967155980921933 0.85570638278096001 -0.90104555485267479 1.8927968516783871 -0.58627620195820385 0.21334844540147221 -0.15415805511176586 -1.1479729320321765 0.39899470283661365 -0.42919562282385648 1.0310770893096926 -0.49765970702342033 0.36452431032061577 -0.57543525357246395 0.39339882795666825 0.60412226702697236 0.45647096238386481 -0.62630614494022574 -0.25132986690316883 0.12200679015695004 -0.96216177192601293 0.54743847859125327 0.34699379577516365 -0.60821844461593733 0.52193009930879186 0.10261448578676209 -0.33610671279592474 0.13610915070907637 -1.0305750544254597 0.23101359378619521 -0.46511661160166251 -0.40043738687871611 0.41963166712472844 0.49336620094078898 -0.36236105547064829 -0.056912616033886754 -0.090794590801545769
leaf_weight=95 80 106 96 83 101 89 98 106 81 116 101 83 96 125 91 136 84 129 83 80 107 84 157 99 124 115 150 80 94 111 113 109 83 103 88 98 127 113 131 90 101 136 92 95 105 83 85 81
leaf_count=95 80 106 96 83 101 89 98 106 81 116 101 83 96 125 91 136 84 129 83 80 107 84 157 99 124 115 150 80 94 111 113 109 83 103 88 98 127 113 131 90 101 136 92 95 105 83 85 81
internal_value=0 -0.783092 0.0309445 1.27103 -0.0183045 0.0175228 -0.0120019 0.0198481 -0.01147 0.0153939 0.0243893 -0.00974826 -0.021994 0.18555 0.517672 0.111828 -0.454272 -0.0611333 -0.546809 -0.221204 -0.0270615 -0.0431626 -0.0285085 0.199374 -0.0680101 -0.040451 -0.0634232 0.150868 -0.117071 -0.112156 -0.359515 -0.606275 -0.0551398 -0.160794 -0.226196 -0.0360953 -0.229809 -0.397786 -0.164387 -0.647542 -0.0109945 -0.168729 0.12131 0.0434012 -0.0554007 0.0619124 0.24818 0.182278
internal_weight=0 302 4711 179 4532 4431 4342 4244 4138 4057 207 3941 3861 612 403 312 209 3249 212 216 3037 2954 2847 420 2427 2303 2188 405 255 1783 333 220 1450 907 804 382 284 422 219 203 336 237 543 460 365 273 190 161
internal_count=5013 302 4711 179 4532 4431 4342 4244 4138 4057 207 3941 3861 612 403 312 209 3249 212 216 3037 2954 2847 420 2427 2303 2188 405 255 1783 333 220 1450 907 804 382 284 422 219 203 336 237 543 460 365 273 190 161
is_linear=0
shrinkage=0.05


Tree=155
num_leaves=48
num_cat=0
split_feature=16 8 10 36 2 16 38 27 2 0 16 29 49 18 16 10 14 37 36 49 37 48 37 12 0 2 1 7 20 34 28 7 21 34 34 27 18 49 9 27 13 27 48 9 29 10 14
split_gain=276391 81882.8 116918 75194.6 211636 61312.4 30782 27068.8 85715.9 33417.4 12979.2 10345.4 10890.1 11039.2 8675.26 19087.4 9499.12 36063 13515.9 12369.1 16568.5 21188.4 23008.5 25379 19638.2 19266.4 12271 15948.5 18530.8 12770.6 11954.4 11253.5 15337 10450 9961.92 9937.95 9653.68 8708.19 8357.91 7991.79 7846.52 11219.6 7284.26 7203.11 6660.99 5851.76 3437.43
threshold=3.2500000000000004 -1.7518577075098811 2.4430234952842418 67.500000000000014 17.500000000000004 5.7500000000000009 3.5000000000000004 73.187500000000014 672.50000000000011 75.750000000000014 6.2500000000000009 9.1875000000000018 76.303503251030705 127.50000000000001 7.2500000000000009 0.72745725817073137 9.5000000000000018 52.500000000000007 17.500000000000004 87.051469076246079 53.500000000000007 -0.22042485305200651 31.500000000000004 2.5499999999999976 87.250000000000014 702.50000000000011 86.500000000000014 -0.33146853146853134 0.091881451881451887 0.87500000000000011 64.687500000000014 0.7845886597478956 -0.26542627160448967 0.87500000000000011 1.3750000000000002 84.187500000000014 157.50000000000003 91.302067469525426 0.8228263892582881 85.562500000000014 27.500000000000004 85.062500000000014 0.051425128082084416 0.74119186184500963 6.1666750000000006 1.5733110562994257 3.5000000000000004
decision_type=2 2 2 2 2 2 2 2 2 2 2 2 2 2 2 2 2 2 2 2 2 2 2 2 2 2 2 2 2 2 2 2 2 2 2 2 2 2 2 2 2 2 2 2 2 2 2
left_child=-1 2 -2 4 -3 -6 7 8 -7 -9 -11 12 13 44 -12 -16 19 18 30 26 21 25 40 37 -22 -21 27 29 -29 -17 -18 32 -30 43 -34 -27 38 -24 45 -37 41 -23 -26 -33 -10 -35 -42
right_child=1 3 -4 -5 5 6 -8 9 11 10 14 -13 -14 -15 15 16 17 -19 -20 20 24 22 23 -25 42 35 -28 28 31 -31 -32 33 34 36 -36 39 -38 -39 -40 -41 46 -43 -44 -45 -46 -47 -48
leaf_value=-2.5862433901287263 2.3209606893774537 2.2457269538953466 -0.30272696728323711 -1.0978249969473108 -1.3458496388089793 -1.7927778279747475 0.83819193951055115 0.99621361009776599 -0.64500900699072572 -0.61590940417914553 0.36559590479940368 0.3067555713956639 -0.67826449847221371 0.31385632308951594 -0.63124403460951883 -0.71381225177833629 -0.1004987156511668 1.1438474873470705 -0.57042955612694779 -0.76547158958475581 -1.0207296269364876 -0.25950226427972778 0.40580895577904086 1.1566090953219068 0.15509256926022078 -0.4356679059833557 0.66269008635088467 0.80844335429694336 0.77142790936325722 0.008880528693434097 0.6672252756210022 -0.11788333289063813 -0.21258908775117666 -0.16800218571634853 0.47356106971187151 0.50806944707686874 -0.71106747105533696 -0.24357998737369677 -0.41221914259362813 -0.17412209349520069 -0.59186581208788114 0.40661200909845291 -0.43361558160286839 0.40912147190495834 -0.052327645313926044 0.41240284546079597 -0.14643744608659423
leaf_weight=104 89 102 80 159 88 87 101 83 82 86 156 117 99 113 120 110 135 85 80 152 100 128 136 90 94 110 85 91 113 136 80 113 134 84 86 86 80 82 120 84 86 123 117 150 111 88 88
leaf_count=104 89 102 80 159 88 87 101 83 82 86 156 117 99 113 120 110 135 85 80 152 100 128 136 90 94 110 85 91 113 136 80 113 134 84 86 86 80 82 120 84 86 123 117 150 111 88 88
internal_value=0 0.00628395 1.0845 -0.0322982 0.00483524 -0.0465716 -0.0202921 -0.0406467 -0.349198 0.0103438 -0.0126054 -0.105633 -0.22523 -0.0769278 0.00229672 -0.0146443 0.00833794 0.242896 -0.0196871 -0.0228358 -0.123597 -0.0369002 0.12677 0.455114 -0.4472 -0.31426 0.0841711 0.0460112 0.13029 -0.315856 0.186933 0.0657692 0.300728 -0.0577243 0.0565624 -0.0674643 -0.22802 0.161547 -0.0937026 0.17194 -0.111693 0.0672385 -0.171853 0.183101 -0.306167 0.129617 -0.368716
internal_weight=0 4919 169 4750 4591 4489 4401 4300 609 3691 3608 522 405 306 3522 3366 3246 380 295 2866 1476 1165 733 308 311 432 1390 1305 1059 246 215 968 333 635 220 280 372 218 292 170 425 251 211 263 193 172 174
internal_count=5023 4919 169 4750 4591 4489 4401 4300 609 3691 3608 522 405 306 3522 3366 3246 380 295 2866 1476 1165 733 308 311 432 1390 1305 1059 246 215 968 333 635 220 280 372 218 292 170 425 251 211 263 193 172 174
is_linear=0
shrinkage=0.05


Tree=156
num_leaves=46
num_cat=0
split_feature=3 0 50 11 3 44 17 9 9 50 38 39 49 45 8 6 9 8 15 48 18 13 28 21 0 50 8 48 41 14 45 45 8 17 21 41 49 13 45 7 8 13 9 28 8
split_gain=116138 524380 79731.5 29311.1 57177 28726.2 16392.4 20520.7 17320.2 17198.2 21449.9 22073 17133.5 21116.2 31489.9 16832.4 15212.6 29831.5 22116 14744.7 14044.4 13790.5 16162.3 24070.5 13175.8 12221.2 10560 19043.1 13485.7 12128.4 9391.38 13924.7 8584.93 15084.6 13936 8259.46 8222.16 12387.4 10176.2 9505.61 7802.36 7343.59 4745.44 4331.29 1869.01
threshold=727.50000000000011 78.750000000000014 6.8713033659569769 5.5000000000000009 192.50000000000003 5.2500000000000009 0.96424010217113676 1.3680232142016184 1.2513811966839639 3.9437549295963383 3.5000000000000004 3.5000000000000004 91.302067469525426 -0.93545489084327571 0.80608695652173934 -3.2571428571428558 0.63660201852143727 -0.14999999999999994 68.500000000000014 0.65850371243329497 167.50000000000003 24.500000000000004 68.67410000000001 0.27980461273145357 90.250000000000014 1.0600356061637017 0.55043478260869583 -0.17936485097422603 3.5000000000000004 1.5000000000000002 0.78325454425165997 0.9193901325473397 1.0460869565217394 0.84412955465587058 1.1941563769150039 2.5000000000000004 88.119031863684228 23.500000000000004 0.79383249484937135 1.6573426573426577 1.0043478260869567 24.500000000000004 0.70355339059327393 69.437500000000014 2.1208695652173915
decision_type=2 2 2 2 2 2 2 2 2 2 2 2 2 2 2 2 2 2 2 2 2 2 2 2 2 2 2 2 2 2 2 2 2 2 2 2 2 2 2 2 2 2 2 2 2
left_child=2 -2 3 4 5 -1 7 9 19 10 11 12 13 14 -7 -15 18 -18 -17 26 30 22 -20 -24 -14 -23 27 -8 36 -30 32 -32 33 43 41 -21 38 -38 39 40 -28 -34 -42 -19 -41
right_child=1 -3 -4 -5 -6 6 8 -9 -10 -11 -12 -13 24 15 -16 16 17 20 21 35 -22 25 23 -25 -26 -27 28 -29 29 -31 31 -33 34 -35 -36 -37 37 -39 -40 44 42 -43 -44 -45 -46
leaf_value=0.85417696151137346 1.7389918743878945 -3.4181985261147485 1.5647026349568653 0.77555009973098032 -1.2107366930578174 1.2063544611303278 -1.0523147676972782 0.67316516565798379 -0.7791781762989296 -0.47214543607446458 0.75008630673359111 -0.77225094264672123 -0.76263964755030778 0.61462813229450308 0.08111881653849895 0.7727672053429917 -0.9300041858660113 -0.29639692732266021 -0.13367836824526974 0.053455377034033129 -0.51636007504463199 0.09501984675302573 0.11339186425029767 1.217465656455089 0.020430506819060872 -0.5935943558937361 0.23950747777433956 -0.011394165359113528 -0.14843006454981292 0.51392457179121065 0.75005236558902721 -0.013648215036654305 -0.38436030458520959 0.26508623889263938 0.66569379880314783 0.69078981420140206 -0.022201652310111307 -0.71992332429862493 -0.46537078004330401 0.16028692383825044 -0.10327828929293902 0.2044452412841985 -0.62550935244854589 -0.81442643175492213 0.50396069417029254
leaf_weight=99 86 113 83 121 96 103 84 133 96 154 110 80 103 123 155 130 100 83 152 137 124 140 127 80 111 118 84 91 129 147 103 140 107 84 83 80 109 152 135 80 95 103 80 81 80
leaf_count=99 86 113 83 121 96 103 84 133 96 154 110 80 103 123 155 130 100 83 152 137 124 140 127 80 111 118 84 91 129 147 103 140 107 84 83 80 109 152 135 80 95 103 80 81 80
internal_value=0 -1.19191 0.0377813 0.0106165 -0.00966432 0.0161931 -0.00282537 0.069246 -0.131822 0.0391925 0.0703684 0.0393034 0.0672475 0.110026 0.533264 0.0516284 0.0118428 -0.114839 0.182712 -0.0894198 -0.0241389 0.0573401 0.257434 0.543889 -0.358262 -0.221004 -0.15472 -0.514176 -0.0966435 0.204928 0.054271 0.311808 -0.0617681 -0.277703 0.121325 0.290508 -0.198897 -0.429735 -0.0895661 0.0323362 -0.154703 -0.095965 -0.34421 -0.555638 0.334187
internal_weight=0 199 4805 4722 4601 4505 4406 2827 1579 2694 2540 2430 2350 2136 258 1878 1755 1008 747 1483 908 617 359 207 214 258 1266 175 1091 276 784 243 541 248 293 217 815 261 554 419 259 210 175 164 160
internal_count=5004 199 4805 4722 4601 4505 4406 2827 1579 2694 2540 2430 2350 2136 258 1878 1755 1008 747 1483 908 617 359 207 214 258 1266 175 1091 276 784 243 541 248 293 217 815 261 554 419 259 210 175 164 160
is_linear=0
shrinkage=0.05


Tree=157
num_leaves=50
num_cat=0
split_feature=10 3 36 2 4 6 18 50 7 6 3 0 2 44 9 8 13 27 8 30 46 3 13 30 36 30 33 8 33 0 46 48 13 7 9 7 15 10 6 27 50 46 50 10 48 49 6 17 7
split_gain=120984 163910 987253 80525.4 29216.1 45802.4 20545.8 20124.8 22385.3 26099.6 11300.6 40702.4 12394.6 9540.05 8371.29 10565 20496.1 9302.82 20190.5 11327.9 10170.4 8939.11 12220.3 11032 10960.7 14298.8 12685.2 10464.5 10405.4 9789.68 11823.9 9373.17 9571.86 8311.52 13353.4 11406.9 10136.5 8378.69 10869.5 7855.34 7788.53 7433.11 7423.85 11469.8 6493.98 5286.96 4532.09 4248.26 3820.94
threshold=0.49944237277667808 672.50000000000011 9.5000000000000018 542.50000000000011 3.2500000000000004 -1.712915523707384e-16 52.500000000000007 3.4929130249781939 1.8395651457749962 1.5701725633984358e-16 117.50000000000001 80.750000000000014 647.50000000000011 6.2500000000000009 1.2569245018275363 0.10671936758893276 30.500000000000004 83.812500000000014 0.55043478260869583 191.56250000000003 -0.86974577485258975 27.500000000000004 39.500000000000007 71.875000000000014 12.500000000000002 161.87500000000006 1.3750000000000002 2.1208695652173915 0.54164999999999719 82.750000000000014 0.097680735332368748 0.35015919825151959 26.500000000000004 0.62937062937062982 0.70355339059327393 0.12587412587412614 77.250000000000014 1.1506422282291213 1.21764705882353 77.531250000000014 0.72099882029174733 0.18281312110578132 -0.84433544218002499 1.5613726544671587 -0.075039258705475828 83.399022677571793 1.21764705882353 0.86100386100386117 1.5188811188811193
decision_type=2 2 2 2 2 2 2 2 2 2 2 2 2 2 2 2 2 2 2 2 2 2 2 2 2 2 2 2 2 2 2 2 2 2 2 2 2 2 2 2 2 2 2 2 2 2 2 2 2
left_child=-1 3 -3 -2 7 6 -6 10 9 -9 12 -12 -5 -14 15 16 -15 20 -19 33 44 22 23 -22 25 29 28 42 47 30 -23 32 -32 34 35 -20 -35 -38 -39 -29 -34 -31 -25 46 -17 -45 -44 -26 -48
right_child=1 2 -4 4 5 -7 -8 8 -10 -11 11 -13 13 14 -16 17 -18 18 19 -21 21 24 -24 27 26 -27 -28 39 -30 41 31 -33 40 36 -36 -37 37 38 -40 -41 -42 -43 43 45 -46 -47 48 -49 -50
leaf_value=1.8470718188232251 1.5645776995392735 2.8197100861127988 -4.0674063263517439 -0.49029611177076177 0.5655783689165691 1.3547633515978323 -0.54694283225809237 -0.054871450689169446 0.11993754368027053 -1.1263334681265846 -0.36503129359922915 1.0611820714653664 0.52837951514456005 -0.72718582169877166 -0.40164646251388825 -0.70878823796908064 0.27162719995811069 0.93142676478550757 0.46126994521453463 0.61991298426114216 0.24169155416580348 0.49654156907389946 0.47442977297164152 0.067119282941249289 -0.023620763496451438 0.44458677672634006 -0.14151972299272364 0.45148882318924111 0.83556482268571863 -0.11651709355413914 -0.28702528436426766 -0.4983536863955883 -0.043742629447404077 0.50767584001125943 -0.72246850178933442 -0.3438824226849535 -0.42966239495975223 0.48191176488880044 -0.14331551740895834 -0.21997499302910861 0.5882537670592044 -0.76378183136751632 -0.491887306193314 -0.45464903830010217 -0.072662378240514677 -1.0233768500097924 0.17689873505292872 0.47205854601330233 -0.30737674339317983
leaf_weight=88 85 85 131 122 82 102 82 100 149 131 94 105 89 125 120 80 86 80 86 94 142 103 83 87 83 151 109 81 124 99 134 108 101 146 80 88 81 128 150 92 93 80 100 80 80 89 81 89 80
leaf_count=88 85 85 131 122 82 102 82 100 149 131 94 105 89 125 120 80 86 80 86 94 142 103 83 87 83 151 109 81 124 99 134 108 101 146 80 88 81 128 150 92 93 80 100 80 80 89 81 89 80
internal_value=0 -0.0128413 -1.35669 0.0484897 0.0205599 0.528417 0.00937424 -0.0102344 -0.357552 -0.664733 0.0226528 0.389037 0.00348957 0.0198904 0.00722188 0.0213793 -0.320726 0.0434642 0.176943 0.105174 -0.00960483 0.0185964 -0.100566 -0.158428 0.104192 0.00398232 0.318669 -0.241001 0.488036 -0.0891691 0.0174175 -0.0966473 0.0367346 0.0406934 -0.192137 0.0544283 0.157949 0.0147046 0.145254 0.0951978 0.260688 -0.408434 -0.353468 -0.438522 -0.393152 -0.758415 -0.229284 0.234111 -0.064147
internal_weight=0 4970 216 4754 4669 266 164 4403 380 231 4023 199 3824 3702 3613 3493 211 3282 933 853 2349 2189 915 832 1274 869 405 690 296 718 539 436 328 759 254 174 505 359 278 173 194 179 517 430 160 169 261 172 161
internal_count=5058 4970 216 4754 4669 266 164 4403 380 231 4023 199 3824 3702 3613 3493 211 3282 933 853 2349 2189 915 832 1274 869 405 690 296 718 539 436 328 759 254 174 505 359 278 173 194 179 517 430 160 169 261 172 161
is_linear=0
shrinkage=0.05


end of trees

feature_importances:
Column_50=427
Column_2=411
Column_30=333
Column_46=286
Column_29=280
Column_3=275
Column_8=272
Column_17=270
Column_19=264
Column_10=263
Column_20=238
Column_36=235
Column_45=220
Column_7=216
Column_48=215
Column_21=204
Column_6=190
Column_28=187
Column_27=182
Column_9=174
Column_37=174
Column_13=165
Column_40=144
Column_42=144
Column_0=142
Column_18=134
Column_49=133
Column_14=129
Column_4=126
Column_35=115
Column_34=109
Column_33=94
Column_41=91
Column_15=89
Column_16=80
Column_31=55
Column_47=49
Column_12=46
Column_11=45
Column_22=43
Column_38=43
Column_1=42
Column_44=40
Column_43=36
Column_5=34
Column_25=28
Column_39=26
Column_23=24
Column_32=8

parameters:
[boosting: gbdt]
[objective: regression]
[metric: l2]
[tree_learner: serial]
[device_type: cpu]
[data_sample_strategy: bagging]
[data: ]
[valid: ]
[num_iterations: 2000]
[learning_rate: 0.05]
[num_leaves: 63]
[num_threads: -1]
[seed: 42]
[deterministic: 0]
[force_col_wise: 0]
[force_row_wise: 0]
[histogram_pool_size: -1]
[max_depth: -1]
[min_data_in_leaf: 80]
[min_sum_hessian_in_leaf: 0.001]
[bagging_fraction: 0.8]
[pos_bagging_fraction: 1]
[neg_bagging_fraction: 1]
[bagging_freq: 1]
[bagging_seed: 400]
[feature_fraction: 0.8]
[feature_fraction_bynode: 1]
[feature_fraction_seed: 30056]
[extra_trees: 0]
[extra_seed: 12879]
[early_stopping_round: 0]
[early_stopping_min_delta: 0]
[first_metric_only: 0]
[max_delta_step: 0]
[lambda_l1: 0]
[lambda_l2: 1]
[linear_lambda: 0]
[min_gain_to_split: 0]
[drop_rate: 0.1]
[max_drop: 50]
[skip_drop: 0.5]
[xgboost_dart_mode: 0]
[uniform_drop: 0]
[drop_seed: 17869]
[top_rate: 0.2]
[other_rate: 0.1]
[min_data_per_group: 100]
[max_cat_threshold: 32]
[cat_l2: 10]
[cat_smooth: 10]
[max_cat_to_onehot: 4]
[top_k: 20]
[monotone_constraints: ]
[monotone_constraints_method: basic]
[monotone_penalty: 0]
[feature_contri: ]
[forcedsplits_filename: ]
[refit_decay_rate: 0.9]
[cegb_tradeoff: 1]
[cegb_penalty_split: 0]
[cegb_penalty_feature_lazy: ]
[cegb_penalty_feature_coupled: ]
[path_smooth: 0]
[interaction_constraints: ]
[verbosity: 1]
[saved_feature_importance_type: 0]
[use_quantized_grad: 0]
[num_grad_quant_bins: 4]
[quant_train_renew_leaf: 0]
[stochastic_rounding: 1]
[linear_tree: 0]
[max_bin: 255]
[max_bin_by_feature: ]
[min_data_in_bin: 3]
[bin_construct_sample_cnt: 200000]
[data_random_seed: 175]
[is_enable_sparse: 1]
[enable_bundle: 1]
[use_missing: 1]
[zero_as_missing: 0]
[feature_pre_filter: 1]
[pre_partition: 0]
[two_round: 0]
[header: 0]
[label_column: ]
[weight_column: ]
[group_column: ]
[ignore_column: ]
[categorical_feature: ]
[forcedbins_filename: ]
[precise_float_parser: 0]
[parser_config_file: ]
[objective_seed: 16083]
[num_class: 1]
[is_unbalance: 0]
[scale_pos_weight: 1.96812]
[sigmoid: 1]
[boost_from_average: 1]
[reg_sqrt: 0]
[alpha: 0.9]
[fair_c: 1]
[poisson_max_delta_step: 0.7]
[tweedie_variance_power: 1.5]
[lambdarank_truncation_level: 30]
[lambdarank_norm: 1]
[label_gain: ]
[lambdarank_position_bias_regularization: 0]
[eval_at: ]
[multi_error_top_k: 1]
[auc_mu_weights: ]
[num_machines: 1]
[local_listen_port: 12400]
[time_out: 120]
[machine_list_filename: ]
[machines: ]
[gpu_platform_id: -1]
[gpu_device_id: -1]
[gpu_use_dp: 0]
[num_gpu: 1]

end of parameters

pandas_categorical:null
