{
  "fill_values": {
    "asof_cos_hour": -1.0,
    "asof_sin_hour": 1.2246467991473535e-16,
    "bias_conv": 6.780133138049299,
    "conv_flag": 0.20071075401730532,
    "conv_score": 23.156872875463534,
    "cos_doy": -0.009202252152997253,
    "gfs_n_x_mean": 78.3112536713557,
    "gfs_t06_1_mean": 15.001313958880816,
    "gfs_t06_2_mean": 1.6824084093368372,
    "gfs_t06_mean": 15.001313958880816,
    "is_weekend": 0.28569221260815825,
    "month": 6.457045735475896,
    "nam_n_x_mean": 78.37757074377609,
    "nam_t06_1_mean": 14.505547394464203,
    "nam_t06_2_mean": 2.4159579403123552,
    "nam_t06_mean": 14.505547394464203,
    "nx_conv_bc": 85.13389320620297,
    "sin_doy": 0.008954716989572519
  },
  "method": "train_mean"
}