{
  "per_station_test": {
    "KMIA": {
      "bias": 0.14080805033603688,
      "mae": 1.5196307356784475,
      "p50_abs_error": 1.1179432743806998,
      "p90_abs_error": 3.15302493304047,
      "p95_abs_error": 3.9125773854491905,
      "rmse": 2.0788520714709344
    }
  },
  "test": {
    "bias": 0.14080805033603688,
    "mae": 1.5196307356784475,
    "p50_abs_error": 1.1179432743806998,
    "p90_abs_error": 3.15302493304047,
    "p95_abs_error": 3.9125773854491905,
    "rmse": 2.0788520714709344
  },
  "train": {
    "bias": -1.247721607396063e-10,
    "mae": 1.155836342345991,
    "p50_abs_error": 0.8877462425514153,
    "p90_abs_error": 2.5012308182501286,
    "p95_abs_error": 3.174472229870952,
    "rmse": 1.5387305741648827
  },
  "validation": {
    "bias": 0.025767442724643617,
    "mae": 1.3636190379308473,
    "p50_abs_error": 0.9126802313092952,
    "p90_abs_error": 3.0126261310342244,
    "p95_abs_error": 3.7444627561592254,
    "rmse": 1.8699133502674097
  }
}