{
  "test": {
    "bias": 0.36073078835979483,
    "corr": 0.9905704430875719,
    "mae": 1.8400594968441226,
    "maxAE": 8.579721081480074,
    "medianAE": 1.4361777633787334,
    "n": 332,
    "rmse": 2.3995457787228682
  },
  "train": {
    "bias": 9.64379716243736e-11,
    "corr": 0.9987028884349893,
    "mae": 0.6315067461504635,
    "maxAE": 6.946857078080427,
    "medianAE": 0.492408353178142,
    "n": 1224,
    "rmse": 0.8434315184131405
  },
  "validation": {
    "bias": -0.23544622869748724,
    "corr": 0.9915424638794678,
    "mae": 1.9211479428483178,
    "maxAE": 8.935695302817916,
    "medianAE": 1.5042679893960447,
    "n": 214,
    "rmse": 2.558332813927569
  }
}