{
  "per_station_test": {
    "KMIA": {
      "bias": 0.14582315524030795,
      "mae": 1.5505235953325482,
      "p50_abs_error": 1.1494682964787017,
      "p90_abs_error": 3.369696327119921,
      "p95_abs_error": 4.145805183705867,
      "rmse": 2.1571545828263505
    }
  },
  "test": {
    "bias": 0.14582315524030795,
    "mae": 1.5505235953325482,
    "p50_abs_error": 1.1494682964787017,
    "p90_abs_error": 3.369696327119921,
    "p95_abs_error": 4.145805183705867,
    "rmse": 2.1571545828263505
  },
  "train": {
    "bias": 1.020058159626384e-10,
    "mae": 1.2876586415772544,
    "p50_abs_error": 0.9621861488599066,
    "p90_abs_error": 2.849488425940622,
    "p95_abs_error": 3.5830279434531076,
    "rmse": 1.7272058812394517
  },
  "validation": {
    "bias": 0.30483029326826866,
    "mae": 1.5895599944005923,
    "p50_abs_error": 1.2465617947179624,
    "p90_abs_error": 3.460477758994057,
    "p95_abs_error": 4.102893487680826,
    "rmse": 2.0752559034656795
  }
}