{
  "test": {
    "bias": 0.32919652945367434,
    "corr": 0.991055676687496,
    "mae": 1.7739565909921922,
    "maxAE": 9.069974724703577,
    "medianAE": 1.3249205904270909,
    "n": 332,
    "rmse": 2.331121872481146
  },
  "train": {
    "bias": 5.314024021109629e-11,
    "corr": 0.9994088092829028,
    "mae": 0.4098123632342892,
    "maxAE": 6.250691070182203,
    "medianAE": 0.31998620629249075,
    "n": 1224,
    "rmse": 0.5700986299273479
  },
  "validation": {
    "bias": -0.006200849461714936,
    "corr": 0.9920673237874056,
    "mae": 1.900773869453391,
    "maxAE": 7.989557565458327,
    "medianAE": 1.4183511523097323,
    "n": 214,
    "rmse": 2.4937956968065693
  }
}