{
  "per_station_test": {
    "KMIA": {
      "bias": 0.21612828280924626,
      "mae": 1.5722260905367689,
      "p50_abs_error": 1.285209447218115,
      "p90_abs_error": 3.3655688715346774,
      "p95_abs_error": 3.891289941212099,
      "rmse": 2.06536389737168
    }
  },
  "test": {
    "bias": 0.21612828280924626,
    "mae": 1.5722260905367689,
    "p50_abs_error": 1.285209447218115,
    "p90_abs_error": 3.3655688715346774,
    "p95_abs_error": 3.891289941212099,
    "rmse": 2.06536389737168
  },
  "train": {
    "bias": 3.310686486665771e-11,
    "mae": 1.156623744929872,
    "p50_abs_error": 0.8856453522642624,
    "p90_abs_error": 2.5544436757018776,
    "p95_abs_error": 3.163525249725792,
    "rmse": 1.5391162743937037
  },
  "validation": {
    "bias": 0.5701519318079675,
    "mae": 1.4951165211354023,
    "p50_abs_error": 1.0891465136428167,
    "p90_abs_error": 3.221464010842405,
    "p95_abs_error": 3.93250362588826,
    "rmse": 2.023437371640565
  }
}