tree
version=v4
num_class=1
num_tree_per_iteration=1
label_index=0
max_feature_idx=301
objective=binary sigmoid:1
feature_names=Column_0 Column_1 Column_2 Column_3 Column_4 Column_5 Column_6 Column_7 Column_8 Column_9 Column_10 Column_11 Column_12 Column_13 Column_14 Column_15 Column_16 Column_17 Column_18 Column_19 Column_20 Column_21 Column_22 Column_23 Column_24 Column_25 Column_26 Column_27 Column_28 Column_29 Column_30 Column_31 Column_32 Column_33 Column_34 Column_35 Column_36 Column_37 Column_38 Column_39 Column_40 Column_41 Column_42 Column_43 Column_44 Column_45 Column_46 Column_47 Column_48 Column_49 Column_50 Column_51 Column_52 Column_53 Column_54 Column_55 Column_56 Column_57 Column_58 Column_59 Column_60 Column_61 Column_62 Column_63 Column_64 Column_65 Column_66 Column_67 Column_68 Column_69 Column_70 Column_71 Column_72 Column_73 Column_74 Column_75 Column_76 Column_77 Column_78 Column_79 Column_80 Column_81 Column_82 Column_83 Column_84 Column_85 Column_86 Column_87 Column_88 Column_89 Column_90 Column_91 Column_92 Column_93 Column_94 Column_95 Column_96 Column_97 Column_98 Column_99 Column_100 Column_101 Column_102 Column_103 Column_104 Column_105 Column_106 Column_107 Column_108 Column_109 Column_110 Column_111 Column_112 Column_113 Column_114 Column_115 Column_116 Column_117 Column_118 Column_119 Column_120 Column_121 Column_122 Column_123 Column_124 Column_125 Column_126 Column_127 Column_128 Column_129 Column_130 Column_131 Column_132 Column_133 Column_134 Column_135 Column_136 Column_137 Column_138 Column_139 Column_140 Column_141 Column_142 Column_143 Column_144 Column_145 Column_146 Column_147 Column_148 Column_149 Column_150 Column_151 Column_152 Column_153 Column_154 Column_155 Column_156 Column_157 Column_158 Column_159 Column_160 Column_161 Column_162 Column_163 Column_164 Column_165 Column_166 Column_167 Column_168 Column_169 Column_170 Column_171 Column_172 Column_173 Column_174 Column_175 Column_176 Column_177 Column_178 Column_179 Column_180 Column_181 Column_182 Column_183 Column_184 Column_185 Column_186 Column_187 Column_188 Column_189 Column_190 Column_191 Column_192 Column_193 Column_194 Column_195 Column_196 Column_197 Column_198 Column_199 Column_200 Column_201 Column_202 Column_203 Column_204 Column_205 Column_206 Column_207 Column_208 Column_209 Column_210 Column_211 Column_212 Column_213 Column_214 Column_215 Column_216 Column_217 Column_218 Column_219 Column_220 Column_221 Column_222 Column_223 Column_224 Column_225 Column_226 Column_227 Column_228 Column_229 Column_230 Column_231 Column_232 Column_233 Column_234 Column_235 Column_236 Column_237 Column_238 Column_239 Column_240 Column_241 Column_242 Column_243 Column_244 Column_245 Column_246 Column_247 Column_248 Column_249 Column_250 Column_251 Column_252 Column_253 Column_254 Column_255 Column_256 Column_257 Column_258 Column_259 Column_260 Column_261 Column_262 Column_263 Column_264 Column_265 Column_266 Column_267 Column_268 Column_269 Column_270 Column_271 Column_272 Column_273 Column_274 Column_275 Column_276 Column_277 Column_278 Column_279 Column_280 Column_281 Column_282 Column_283 Column_284 Column_285 Column_286 Column_287 Column_288 Column_289 Column_290 Column_291 Column_292 Column_293 Column_294 Column_295 Column_296 Column_297 Column_298 Column_299 Column_300 Column_301
feature_infos=[-75:99] [-69:94] [-77.75:94] [-74.25:99] [-34:99] [-17:123] [-89:92] [0:166] [5:810] [0:152] [0:1] [0:60] [0:1] [0:120] [0:1] [0:180] [0:1] [0:60] [0:1] [0:120] [0:1] [0:180] [0:1] [0:60] [0:1] [0:120] [0:1] [0:180] [-390:24] [-27.771428571428569:57.771428571428565] [-25.715394566623541:152.57142857142856] [-47.021081576535288:77.502380688738796] [-50.227799227799224:77.502380688738782] [-77.15952354588164:107.99922779922778] [-30.195128383925415:160.27089772430361] [0:26.414037724075598] [0:52.993599296122774] [0:7.5] [0:11] [0:43.25] [0:123] [0:27] [0:27] [0:25] [0:350] [0:1] [10:315] [-116.69453031245484:63.915533618923455] [-10.95104895104895:21.412987012987017] [-54:70.61818181818181] [0.0024660912453760789:1] [0:738] [0.0061728395061728392:1] [0:745] [0:1430] [0:1430] [0:174] [0:174] [0:65] [56:95] [53:95] [56:95] [52:95] [54.5:95] [54.5:95] none [0:17] none [48:94] [47:93] [40:86] [43:85] [47.5:93] [42:85.5] [1:17.5] [0:13] [0:14] [46.5:89.5] [0:9] [45.5:90.25] [46.75:89.25] [48:94] [47:93] [40:86] [43:85] [48:94] [40:85] [17.375:78.5] [0:9.25] [18.25:78.5] [16.5:79] [20:79] [18:81] [16:78] [15:79] [20:81] [15:78] [1.875:34.75] [0:8.5] [1.75:30.75] [1:38.75] [3:46] [2:54] [0:22] [0:25] [4:54] [0:22] [1.2499999999999969:351.25] [0:177.5] [10:355] [10:360] [10:360] [10:360] [0:350] [0:360] [20:360] [0:340] [2.875:8] [0:3.75] [2.75:8] [2.5:8] [3:8] [3:8] [2:8] [2:8] [4:8] [2:8] [3:7] [0:3.5] [2.75:7] [3.5:7] none none [1:7] [2:7] none [1:7] [0:100] [0:100] [0:100] [0:100] [0:100] [0:100] [0:95.5] [0:100] [0:91] [0:59] [0:59] [0:100] [0:100] [0:100] [0:100] [0:100] [0:100] [0:100] [0:100] [0:100] [0:69] [0:69] [0:5] [0:5] [0:5] [0:5] [0:5] [0:5] [0:5] [0:5] [0:5] [0:5] [0:5] [0:6] [0:6] [0:6] [0:6] [0:6] [0:6] [0:6] [0:6] [0:6] [0:6] [0:6] [0:100] [0:499.5] [0:100] [0:999] [0:100] [0:100] [0:252.75] [0:999] [0:100] [0:493.5] [0:993] [0:53] [0:499.5] [0:100] [0:999] [0:10] [0:99] [0:251.25] [0:999] [0:7] [0:496.5] [0:993] [0:27] [0:549] [0:27] [0:999] [0:27] [0:99] [0:274.5] [0:999] [0:27] [0:549] [0:999] [0:29] [0:29] [0:29] [0:29] [0:29] [0:29] [0:41] [0:41] [0:41] [0:41] [0:41] [0:41] [0:100] [0:999] [0:100] [0:999] [0:100] [0:999] [0:549.5] [0:999] [0:100] [0:999] [0:999] [0:10] [0:0.75] [0:25] [0:2] none none [0:10] [0:25] none [0:0.75] [0:2] none [0:2.25] none [0:3] none none [0:1.25] [0:3] none [0:2] [0:2] [-23.081421906443204:18.941170361358598] [-12.892545659532393:32.387273457577244] [4.5:46.5] [4.5:76.5] [54.735340191163012:95.412793109266914] [0.29954954954954954:0.83333333333333337] [0:0.76000000000000001] [0.29875518672199169:0.46666666666666667] none [0.28602150537634408:0.46666666666666667] [0.33540991776725643:0.66666666666666663] [0.33350305498981669:1] [0.23765432098765432:0.3434518647007806] [-3.5833182482007264:1.3507926683081468] [50.02406287111635:96.599632419758933] [-3.5387412645491341:1.9912822542577708] [48.914803675274214:95.894227358804244] [49.469433273195278:95.592944531964335] [-4.8371562638270174:6.6994629165845527] [50.034380466684929:97.33186029861001] [-4.3925104245425182:7.5814880207305864] [49.027743995808571:96.367312405202256] [49.53106223124675:96.160702749979052] [-43.5:90] [-8.6999999999999993:14.666666666666666] [0:22.133333333333333] [0.875:35.125] [0.10169300671942967:0.99997541951832192] [0:1] [-0.9999994220246925:0.99998555065071859] [-0.99997919295908233:0.9999907524084426] [1:12] [0:11.066666666666666] [9.5:19] [-50:0] none [-27.5:47.20000000000001] [0:35] [0:136.5] [-1:44] [0.12725121402631936:0.99975223783362033] [0.24136836632615416:0.99985733177055391] [-0.59929848982889511:6.2329669013245512]
tree_sizes=4869 4806 5042 4711 4930 4920 4505 4715 4710 4721 5038 5471 4832 4717 5245 4932 4717 4948 5144 4829 5012 5045 5360 4942 4818 5036 4850 5137 5134 5340 5148 5247 5357 5253 4956 5457 5157 5374 5343 4850 5347 5130 5359 5151 5121 5575 5350 5568 5267 5271 5267 5356 5469 5145 5027 5161 5139 5046 5365 4929 5567 5254 5145 5577 5466 4846 5251 4955 5248 5036 5274 5260 5263 5275 5467 5067 5043 5595 5249 5565 5260 5239 5281 5261 5486 5033 5390 5573 5486 5377 4964 5583 5484 5249 5249 5273 5243 5779 5168 5369 5487 5464 5145 5177 5564 5147 5043 5371 5700 5154 5260 5572 5478 5605 5279 5490 5357 5160 5173 5283 5267 5058 5158 5490 5360 5486 5154 5264 5388 5368 5586 5362 5276 5571 5160 5476 5155 5373 5276 5160 5272 5385 5588

Tree=0
num_leaves=45
num_cat=0
split_feature=9 283 10 283 51 289 31 9 31 261 289 287 289 111 36 301 9 11 36 154 289 99 301 188 8 283 282 282 291 31 8 299 277 145 110 6 259 236 41 278 44 40 274 34
split_gain=364.552 120.043 94.5278 83.9568 76.0261 57.5744 54.428 47.512 39.7255 33.4454 30.7399 30.1643 29.5111 26.9777 26.5614 26.4692 22.6065 17.2359 16.8958 16.523 18.364 16.3974 16.8615 16.0473 13.0597 12.6476 12.6098 11.1453 10.5607 7.6827 7.65084 7.2516 6.62498 6.58957 5.75506 5.53759 5.03965 4.69453 4.4298 2.53129 1.80034 0.434877 0.322376 0.0773585
threshold=1.7500000000000002 -0.063508064516129017 0.29166666666666669 -0.25543478260869562 7.5000000000000009 0.14888728888808328 1.6283299084901619 2.2500000000000004 1.3800000000000003 5.0000000000000009 0.097680735332368748 0.99999999990523947 0.28313308994381592 235.00000000000003 1.5544390785095004 0.0078902288792354596 4.5000000000000009 12.500000000000002 1.1658395482950017 56.750000000000007 0.28313308994381592 10.125000000000002 -7.1841214087023775e-19 7.5000000000000009 62.500000000000007 -0.30217391304347824 -1.7499999999999998 1.0000000180025095e-35 0.96148148148148149 0.78521739130434787 32.500000000000007 0.90159218331662994 -1.675715354672878 27.500000000000004 106.25000000000001 78.250000000000014 -11.731506647196285 11.500000000000002 10.500000000000002 87.766838289227124 1.0000000180025095e-35 1.7500000000000002 -1.8252758255473125 0.61744741744741749
decision_type=2 2 2 2 2 2 2 2 2 2 2 2 2 2 2 2 2 2 2 2 2 2 2 2 2 2 2 2 2 2 2 2 2 2 2 2 2 2 2 2 2 2 2 2
left_child=1 2 5 16 8 13 11 9 10 27 30 26 31 21 -14 17 23 32 -11 20 38 22 33 -2 42 -8 -7 37 35 -25 -3 41 -12 -1 -19 -24 -23 -5 -9 -32 -10 -4 -13 -42
right_child=3 4 12 7 -6 6 25 19 40 18 15 24 14 -15 -16 -17 -18 34 -20 -21 -22 36 28 29 -26 -27 -28 -29 -30 -31 39 -33 -34 -35 -36 -37 -38 -39 -40 -41 43 -43 -44 -45
leaf_value=-0.67784087148405925 -0.57472791251498268 -0.70479153104680803 -0.74075758646538736 -0.66406694308846981 -0.63756521652962572 -0.62176264057075858 -0.65826761355869556 -0.67442769875425157 -0.72235092345199581 -0.61682848089923747 -0.67416881749438551 -0.59465452530126339 -0.64957933087170217 -0.73109151740619838 -0.71619282191935163 -0.73722774698418303 -0.55237050050129743 -0.71934482580788872 -0.675547228017084 -0.5799745818572406 -0.59929771612643157 -0.66370751059428501 -0.7259426831631588 -0.60481842916934148 -0.63191475904365424 -0.7141213601962445 -0.67784328500280688 -0.72522143718776977 -0.67099953117337685 -0.64426230313983668 -0.72257018291702901 -0.70198157189792654 -0.63580678197415696 -0.63903234706419154 -0.67960388636960034 -0.69261313768927546 -0.62614551772945171 -0.69814965810746832 -0.63986294693131196 -0.74656524200769547 -0.74802920258113903 -0.7248031961077801 -0.56185216600845211 -0.73191845969815472
leaf_weight=19.436046034097672 25.021116733551025 29.935978949069977 39.542300552129745 20.776463001966476 28.372159153223038 18.319031894207001 19.436046034097672 18.542434722185135 18.095629066228867 29.04236763715744 21.670074313879013 19.436046034097672 30.829590260982513 21.223268657922745 27.255145013332367 20.329657346010208 26.36153370141983 17.872226238250732 20.776463001966476 19.436046034097672 22.340282797813416 17.872226238250732 22.56368562579155 25.24451956152916 17.872226238250732 19.212643206119537 20.776463001966476 20.106254518032074 30.606187433004379 29.265770465135574 29.935978949069977 25.24451956152916 22.787088453769684 23.904102593660355 17.872226238250732 29.489173293113708 18.989240378141403 17.872226238250732 17.872226238250732 37.08486944437027 94.499396234750748 28.818964809179306 18.542434722185135 22.116879969835281
leaf_count=87 112 134 177 93 127 82 87 83 81 130 97 87 138 95 122 91 118 80 93 87 100 80 101 113 80 86 93 90 137 131 134 113 102 107 80 132 85 80 80 166 423 129 83 99
internal_value=-0.677079 -0.693424 -0.676745 -0.628614 -0.715077 -0.661246 -0.636392 -0.649028 -0.721795 -0.670572 -0.707265 -0.616205 -0.709093 -0.679407 -0.680969 -0.687721 -0.593208 -0.674586 -0.640805 -0.619572 -0.634077 -0.672383 -0.681023 -0.608125 -0.592848 -0.686267 -0.650841 -0.695996 -0.694207 -0.625023 -0.727213 -0.726318 -0.65403 -0.656061 -0.700084 -0.707709 -0.643523 -0.679962 -0.656922 -0.736674 -0.742717 -0.734817 -0.576094 -0.745466
internal_weight=0 829.942 469.369 292.658 360.572 317.679 133.595 186.765 332.2 108.574 197.488 94.9462 151.691 184.084 58.0847 100.531 105.893 80.2016 49.8188 78.191 58.7549 162.861 125.999 79.5314 55.8507 38.6487 39.0955 58.7549 82.659 54.5103 96.9568 93.6058 44.4572 43.3401 35.7445 52.0529 36.8615 38.6487 36.4147 67.0208 134.712 68.3613 37.9785 116.616
internal_count=5025 3715 2101 1310 1614 1422 598 836 1487 486 884 425 679 824 260 450 474 359 223 350 263 729 564 356 250 173 175 263 370 244 434 419 199 194 160 233 165 173 163 300 603 306 170 522
is_linear=0
shrinkage=1


Tree=1
num_leaves=44
num_cat=0
split_feature=9 9 262 111 283 149 283 283 10 296 283 301 289 110 141 182 150 31 289 32 99 12 282 9 2 83 31 29 282 117 273 14 157 90 21 8 21 283 193 100 279 113 259
split_gain=351.798 152.618 106.891 87.9607 56.2202 40.0897 38.5738 38.1065 33.8589 30.4367 30.1468 25.94 21.6277 18.1959 17.8801 15.4756 15.2356 14.7982 18.8847 13.9152 13.3374 14.608 11.6517 10.9415 10.8612 10.6038 13.4427 8.79586 7.83112 7.61281 7.03012 7.39209 8.32654 6.99035 6.13839 5.93051 4.78051 4.24215 3.20445 2.55778 2.36403 1.72582 1.23785
threshold=1.0000000180025095e-35 2.2500000000000004 5.0000000000000009 195.00000000000003 -0.1348484848484848 23.500000000000004 -0.1348484848484848 -0.30217391304347824 0.29166666666666669 1.0000000180025095e-35 -0.1348484848484848 6.3753103641512304e-10 0.36447543099728863 100.71430000000002 38.500000000000007 4.5000000000000009 37.500000000000007 1.3800000000000003 0.41202506375868281 1.7397683397683401 10.125000000000002 0.10416666666666667 -2.7499999999999996 3.2500000000000004 79.250000000000014 80.500000000000014 1.389130434782609 1.7394957983193284 -1.0000000180025095e-35 7.5625000000000009 87.234582339446519 0.041666666666666671 8.5000000000000018 73.125000000000014 7.5000000000000009 77.500000000000014 7.5000000000000009 -0.037749287749287742 27.750000000000004 7.8750000000000009 -1.766644580180089 85.000000000000014 -6.6018932263798007
decision_type=2 2 2 2 2 2 2 2 2 2 2 2 2 2 2 2 2 2 2 2 2 2 2 2 2 2 2 2 2 2 2 2 2 2 2 2 2 2 2 2 2 2 2
left_child=4 2 7 10 8 37 23 27 11 -6 19 15 16 -12 20 -1 -8 18 34 36 30 28 -17 -3 -20 26 -10 33 -22 -24 40 -32 -33 -2 -11 -15 -4 -5 -34 -25 -9 -36 -19
right_child=1 6 3 5 9 -7 12 14 25 17 13 -13 -14 35 -16 22 -18 42 24 -21 21 -23 29 39 -26 -27 -28 -29 -30 -31 31 32 38 -35 41 -37 -38 -39 -40 -41 -42 -43 -44
leaf_value=0.051249987363241933 0.01469217452740014 0.067279193653383182 0.10451135291109731 -0.021551118506980719 0.012648953616295167 0.044199361297663164 -0.016237681368995199 -0.065528281719350698 0.0070247448276492229 -0.027481969048642786 0.008336127750579644 -0.046355765456161803 0.08051691207115709 0.076395672051731159 0.020127992082500309 0.029276943919416949 0.046530321589625535 -0.050655804915136673 -0.03511077476854129 0.037838054874024134 0.036919999396456508 -0.033530021763909255 -0.030615208181800191 0.089706593270956425 0.01178289054618767 -0.059268293935300642 -0.044758253654155311 -0.0063399097257965291 -0.0070532545617670349 0.009185753369063054 -0.0047644010550045119 -0.058710735725100133 -0.0039605838156965634 0.05026188285021959 -0.046222990175437018 0.034447218377420312 0.06879065643485037 -0.055932274735136213 -0.033804926335415958 0.12808818446675438 -0.035952565881044431 -0.068753131681171212 -0.067788269614096355
leaf_weight=22.661956980824471 29.647567272186279 33.09254364669323 36.024613723158836 17.929554328322411 19.689406111836433 19.586320981383324 18.67769131064415 17.929681599140167 22.451017066836357 20.623125821352005 35.503015905618668 19.095163151621819 18.784473598003387 20.484521016478539 25.542561009526253 28.736248567700386 18.225992739200592 31.858367219567299 25.823243856430054 18.061176627874374 18.250863656401634 26.320445373654366 22.855614393949509 25.72099757194519 22.167397022247314 30.762746050953865 26.70691891014576 19.521474286913872 20.796688303351402 23.491616934537888 29.977762997150421 22.53933110833168 17.710968241095543 26.951040521264076 24.684673175215721 18.689913734793663 26.322622030973434 22.019882097840309 17.927582457661629 21.912773668766022 19.014684125781059 39.383724302053452 92.569481641054153
leaf_count=100 132 145 158 80 88 87 83 81 101 93 158 86 82 91 115 128 80 145 116 80 81 119 102 112 99 140 121 87 94 105 135 102 80 120 112 83 116 100 81 95 86 179 423
internal_value=0 0.0245261 0.0118271 0.038533 -0.0322066 -0.0129775 0.0712711 -0.00785765 -0.0116885 -0.0466972 0.0582638 0.00548507 0.0382453 0.0346719 -0.018563 0.0159794 0.0151719 -0.0512733 -0.0390986 0.0794792 -0.0238296 -0.00541 0.0048002 0.0933068 -0.0136517 -0.0365531 -0.0214398 0.0223683 0.0139086 -0.0106737 -0.0333351 -0.0251645 -0.035418 0.0322083 -0.0531905 0.0577379 0.0907543 -0.0414049 -0.0194864 0.109634 -0.0516548 -0.0609164 -0.0638405
internal_weight=0 643.167 506.752 214.622 473.561 59.5358 136.414 292.131 196.761 276.799 155.086 116.841 55.6882 74.6775 216.011 97.7454 36.9037 257.11 132.682 80.4084 190.468 65.368 75.0835 80.7263 47.9906 79.9207 49.1579 76.1201 39.0476 46.3472 125.1 88.1556 58.1779 56.5986 84.6915 39.1744 62.3472 39.9494 35.6386 47.6338 36.9444 64.0684 124.428
internal_count=5001 2863 2266 953 2138 267 597 1313 883 1255 686 521 245 332 974 435 163 1167 599 354 859 294 335 352 215 362 222 339 175 207 565 398 263 252 384 174 274 180 161 207 167 291 568
is_linear=0
shrinkage=0.05


Tree=2
num_leaves=46
num_cat=0
split_feature=9 9 290 11 283 283 36 289 283 301 50 9 146 283 262 12 105 36 32 103 36 56 283 279 296 44 146 105 286 137 97 235 100 36 198 14 259 291 0 283 146 278 155 288 288
split_gain=303.633 123.421 78.0731 70.0411 55.7779 40.416 32.5846 30.6935 27.1417 26.2909 21.6591 18.5425 17.6819 17.6273 17.1006 19.8359 16.279 16.0884 15.5912 14.0309 12.7901 11.7567 9.79182 9.85643 9.56238 8.83482 14.4819 8.41551 8.16729 7.55819 7.47546 7.19575 6.43131 6.37633 7.48633 6.1008 6.37044 4.31782 3.65396 2.8818 2.34584 2.004 1.39096 1.1943 0.50762
threshold=1.0000000180025095e-35 2.2500000000000004 10.500000000000002 7.5000000000000009 -0.063508064516129017 -0.20942982456140349 1.5238585621733911 0.26659387353423869 -0.10172413793103448 1.0345770189858206e-15 0.87549933422103876 4.5000000000000009 12.500000000000002 -0.080128205128205107 5.0000000000000009 0.14583333333333334 13.500000000000002 1.5116573282773487 1.9675675675675679 5.5000000000000009 1.6923937778759168 14.750000000000002 -0.3141447368421052 -2.5851755825937777 7.5000000000000009 1.0000000180025095e-35 10.333350000000001 10.500000000000002 0.21939198411711372 8.2500000000000018 9.8125000000000018 7.5000000000000009 7.3750000000000009 1.2969919201182452 1.8750000000000002 0.097222222222222224 -4.4065756392730444 0.96148148148148149 78.250000000000014 -0.12771739130434781 2.5000000000000004 85.516652713893066 8.5000000000000018 -0.048361574224334618 -0.59176244063315286
decision_type=2 2 2 2 2 2 2 2 2 2 2 2 2 2 2 2 2 2 2 2 2 2 2 2 2 2 2 2 2 2 2 2 2 2 2 2 2 2 2 2 2 2 2 2 2
left_child=3 2 4 5 9 12 21 8 11 14 -7 -3 32 16 15 18 35 24 22 -16 28 31 23 -2 27 -11 -27 -6 -12 -29 -24 -4 -1 34 -15 36 -5 43 -21 -9 -26 -36 -19 -37 -35
right_child=1 7 6 13 17 10 -8 39 -10 25 20 -13 -14 33 19 -17 -18 42 -20 38 -22 -23 30 -25 40 26 -28 29 -30 -31 -32 -33 -34 44 41 37 -38 -39 -40 -41 -42 -43 -44 -45 -46
leaf_value=0.023192957480787743 0.020508712099896933 0.035396611488228556 0.10293476433486611 -0.0043256136382577581 -0.025605057613512207 0.024821104115092599 -0.00065649015574993359 0.10832076868950723 0.0083163016133021104 -0.030433243810772937 0.0038292232794179004 0.093082976855571306 -0.0098220807644758268 -0.014135136073848122 0.011561022407006266 -0.025622738815034431 0.0014575282294385474 -0.061938661862679746 -0.015078465146233837 0.044900010928460271 -0.063061067732196163 0.031921020421931214 -0.0045447869071901055 0.07003151213196937 -0.020554733481434443 0.028378385842224914 -0.026208746429372105 -0.0057984673880270669 -0.036424300890257305 0.032850082453819721 0.037010386219872453 0.060001252715206677 0.064549190692181457 -0.052767795739410907 -0.038120403089312083 -0.065915160203838155 -0.043634186136763287 -0.032664917844137636 0.081099783931300601 0.071416283706201178 -0.045267707347830789 -0.061620286886520825 -0.03727676476462348 -0.042418273051684177 -0.069179734395843059
leaf_weight=18.900843530893326 18.335301503539085 29.449008360505104 22.077583074569702 21.738471254706383 26.035343527793884 17.669808194041252 23.172653913497925 28.766570463776588 32.729800581932068 29.770389541983604 20.973470419645309 29.305550843477249 20.62164680659771 17.630537763237953 18.960248470306396 23.899465039372444 29.443500965833664 18.448768973350525 19.978622362017632 19.119129166007042 26.513883531093597 19.376992851495743 22.018515393137932 24.731306478381157 25.104941740632057 26.062625154852867 21.066893383860588 33.406176000833511 29.921574860811234 19.127843424677849 19.922164738178253 29.630572646856308 21.809646978974342 27.862359166145325 23.402136489748955 29.046554073691368 19.031332477927208 33.747160702943802 19.202901750802994 18.709611266851425 18.710250228643417 31.706856608390808 18.932148605585098 17.407065883278847 66.311198949813843
leaf_count=84 81 127 96 97 118 79 103 122 144 134 95 124 92 80 83 108 133 85 89 83 123 85 99 109 113 116 95 151 136 86 88 129 96 130 107 134 86 155 83 80 85 147 87 80 310
internal_value=0 0.0212949 0.00999952 -0.031186 0.000785021 -0.00376258 0.0508929 0.0629546 0.0451885 0.0149193 -0.0240824 0.0652456 0.0276187 -0.0446488 0.0250391 0.0147357 -0.0318621 -0.0224364 0.0240781 0.0475713 -0.0354196 0.0674732 0.0333491 0.0498914 -0.0134487 -0.00958659 0.00394037 -0.00289739 -0.020082 0.00862439 0.0155965 0.0799375 0.0463649 -0.0559131 -0.0435176 -0.0399173 -0.0232802 -0.0479839 0.0646406 0.0955505 -0.0318824 -0.0524983 -0.0507449 -0.0581899 -0.0649295
internal_weight=0 656.051 517.091 473.738 422.833 156.411 94.2578 138.961 91.4844 263.068 95.0787 58.7546 61.3321 317.327 186.168 128.885 150.414 159.765 104.986 57.2823 77.4089 71.0851 85.0073 43.0666 122.385 76.8999 47.1295 78.5694 50.895 52.534 41.9407 51.7082 40.7105 166.913 72.7395 120.971 40.7698 80.2008 38.322 47.4762 43.8152 55.109 37.3809 46.4536 94.1736
internal_count=5067 2903 2306 2164 1893 705 413 597 395 1168 433 251 272 1459 823 574 685 725 466 249 354 310 377 190 553 345 211 355 231 237 187 225 180 774 334 552 183 369 166 202 198 254 172 214 440
is_linear=0
shrinkage=0.05


Tree=3
num_leaves=43
num_cat=0
split_feature=9 283 10 10 283 115 262 289 109 145 289 259 111 31 289 31 14 283 9 99 97 198 102 10 56 220 280 8 39 283 99 30 198 31 198 0 151 291 282 29 30 9
split_gain=254.795 91.7849 66.4718 61.1154 57.5335 55.5271 39.1466 39.0566 34.0728 30.2459 28.7341 27.1521 22.3241 22.303 21.6804 19.6269 18.0225 15.9582 12.7452 12.3619 13.9001 12.3294 12.2639 11.188 11.1297 9.95605 8.38414 8.36527 7.6714 7.3438 7.02573 6.55261 5.39357 4.97974 4.67486 4.59251 4.08044 3.22757 2.54564 2.33403 2.31431 1.92428
threshold=1.2500000000000002 -0.065591397849462343 1.0000000180025095e-35 0.29166666666666669 -0.34057971014492744 215.00000000000003 5.0000000000000009 0.36447543099728863 66.250000000000014 30.500000000000004 0.28313308994381592 -5.8461974282421032 175.00000000000003 0.73687370600414093 0.1318557721318592 1.2443478260869567 0.069444444444444461 0.07417582417582419 4.5000000000000009 10.125000000000002 6.9375000000000009 15.125000000000002 10.500000000000002 0.12500000000000003 12.250000000000002 4.5000000000000009 84.901606167869872 32.500000000000007 0.68333333333333346 -0.30217391304347824 6.3750000000000009 -0.60839160839160822 17.125000000000004 1.3539130434782611 2.8750000000000004 82.250000000000014 34.500000000000007 0.90615835777126108 -2.2499999999999996 -0.34285714285714264 -0.27272727272727254 0.75000000000000011
decision_type=2 2 2 2 2 2 2 2 2 2 2 2 2 2 2 2 2 2 2 2 2 2 2 2 2 2 2 2 2 2 2 2 2 2 2 2 2 2 2 2 2 2
left_child=1 3 26 5 18 6 19 9 -8 21 30 -12 14 16 27 17 -9 -16 22 20 24 -6 -2 -21 -1 -10 -3 32 33 -22 -5 -11 -4 -7 -27 -23 -14 -31 -35 -32 -37 -29
right_child=4 2 12 10 7 28 8 13 25 31 11 -13 36 -15 15 -17 -18 -19 -20 23 29 35 -24 -25 -26 34 -28 41 -30 37 39 -33 -34 38 -36 40 -38 -39 -40 -41 -42 -43
leaf_value=-0.0073122148208146932 0.037730100176580871 0.048640039003401178 -0.010349821480961387 -0.020420599515661775 0.015687963747793687 -0.011818073576096618 -0.0075879908511659148 0.095761509796398803 0.087737546527305837 0.065477315412245538 0.030497478770973863 -0.038083906636046536 -0.06391030818412817 0.011668088701232737 0.025363270636827581 -0.048275211440506914 0.035716957741919513 -0.023848885011681784 0.10535799342391348 0.057476075228368062 0.0026784160348868003 -0.0039228830163436498 0.083631623701784147 0.0063013718342496486 0.038847441702305953 0.063448868411176765 0.0038646435010343937 -0.065129656247136514 0.001113931940593427 -0.045796609894102537 -0.033601907516619796 0.02199810476690682 -0.047326279188262106 -0.028136341185767955 0.026599226796802905 -0.045265620313906775 -0.034520274654816371 -0.014754064703779572 -0.056465444996385838 -0.058916502474004928 -0.018359380289202851 -0.04375453087576521
leaf_weight=22.916848748922348 34.681253984570503 18.774057388305664 22.567638024687767 24.37844343483448 34.005556702613831 18.009928092360497 20.216589331626892 29.448824718594551 30.163165211677551 18.544054746627808 32.175405651330948 24.545071259140968 97.263463348150253 24.327061980962753 33.356709763407707 27.153602510690689 24.313786864280701 30.652470126748085 23.296984434127808 19.522135809063911 28.972544938325882 22.770649939775467 28.690050348639488 22.852175936102867 28.543494418263435 20.209256991744041 22.58486145734787 41.231209695339203 20.362286895513535 17.532963156700134 17.284502118825912 18.299953296780586 17.596187859773636 18.391631573438644 18.601725831627846 17.883352190256119 17.963873162865639 17.839569300413132 21.029233381152153 49.394154205918312 17.83505217730999 29.030786439776421
leaf_count=103 149 83 105 114 151 80 89 125 129 80 144 112 461 106 149 128 104 138 96 85 128 101 122 101 128 87 101 196 92 80 80 80 82 82 80 80 84 81 97 232 80 135
internal_value=0 -0.0152256 -0.0342809 -0.000752514 0.0388491 0.0113628 0.0229355 0.0243493 0.0492321 0.0073624 -0.0273077 0.000674113 -0.0420551 0.0520356 -0.0317446 -0.0134827 0.0697548 0.0017924 0.0728789 0.00789177 -0.000630314 -0.00796463 0.0594874 0.0306595 0.0185436 0.0657568 0.024858 -0.0465646 -0.0252607 -0.0160139 -0.0445559 0.0450337 -0.0273058 -0.0344709 0.046899 -0.0217488 -0.0596648 -0.0309769 -0.0442717 -0.0529479 -0.0326966 -0.0570358
internal_weight=0 831.116 358.175 472.941 294.097 325.164 247.37 207.428 89.1907 129.339 147.778 56.7205 316.816 78.0897 201.589 91.1628 53.7626 64.0092 86.6683 158.18 115.805 92.4946 63.3713 42.3743 51.4603 68.9741 41.3589 110.426 77.7931 64.3451 91.0571 36.844 40.1638 57.4308 38.811 58.4891 115.227 35.3725 39.4209 66.6787 35.7184 70.262
internal_count=5060 3786 1662 2124 1274 1442 1091 907 385 572 682 256 1478 335 933 415 229 287 367 706 520 412 271 186 231 296 184 518 351 289 426 160 187 259 167 261 545 161 179 312 160 331
is_linear=0
shrinkage=0.05


Tree=4
num_leaves=45
num_cat=0
split_feature=9 9 283 17 262 36 32 283 289 36 283 283 101 167 32 283 289 70 146 103 12 144 111 109 32 289 74 291 193 13 88 33 296 120 260 17 31 104 189 274 283 81 88 283
split_gain=238.706 101.146 72.5858 57.5352 53.4603 37.1546 31.9535 28.7472 26.429 23.7083 21.5112 21.1895 22.3258 18.8207 17.0266 15.6816 14.7343 18.934 13.6033 12.3787 10.7362 10.3314 10.1814 8.69284 8.52856 10.632 8.42914 8.33302 7.89812 8.14954 7.56719 7.11186 6.57077 5.99822 6.3413 5.94019 7.06744 5.88795 7.9559 4.99578 4.86809 4.20777 1.03769 0.746182
threshold=1.0000000180025095e-35 2.2500000000000004 -0.063508064516129017 7.5000000000000009 5.0000000000000009 1.5238585621733911 1.5760617760617766 -0.23669467787114842 -0.14250536273956091 1.6923937778759168 -0.30217391304347824 -0.080128205128205107 13.500000000000002 1.0000000180025095e-35 1.9343629343629347 -0.10172413793103448 0.39629089145655322 73.500000000000014 12.500000000000002 8.5000000000000018 0.062500000000000014 38.500000000000007 165.00000000000003 118.75000000000001 1.3949290772820186 0.21652257995689161 7.2500000000000009 0.96148148148148149 2.7500000000000004 7.5000000000000009 0.62500000000000011 -0.28494208494208484 7.5000000000000009 6.8750000000000009 -8.1515552568245691e-16 12.500000000000002 1.389130434782609 9.5000000000000018 22.500000000000004 -2.0160051955045386 0.093073593073593086 86.500000000000014 0.87500000000000011 0.046536796536796543
decision_type=2 2 2 2 2 2 2 2 2 2 2 2 2 2 2 2 2 2 2 2 2 2 2 2 2 2 2 2 2 2 2 2 2 2 2 2 2 2 2 2 2 2 2 2
left_child=3 2 4 7 10 16 26 18 13 20 14 12 35 15 30 -3 31 -18 -1 21 23 27 -8 -9 25 -13 28 -12 -6 -30 -2 37 -32 -10 -35 39 41 38 -4 -5 -27 -37 -38 -7
right_child=1 8 5 11 6 43 22 9 33 -11 19 24 -14 -15 -16 -17 17 -19 -20 -21 -22 -23 -24 -25 -26 40 -28 -29 29 -31 32 -33 -34 34 -36 36 42 -39 -40 -41 -42 -43 -44 -45
leaf_value=0.043276238905780098 0.05929313834356692 0.040306350584082218 -0.036811938059914465 -0.034434354894946909 0.093946815603928729 -0.0402442299961542 0.03223856035438967 0.037031907856310047 0.10276323919659991 -0.054668816450274993 -0.046261103841934527 -0.057895116035260014 0.019073970461591674 0.069443652972419848 -0.017040979250759852 -0.015967442565321441 -0.0072610945927797368 0.050045867926569898 -0.0090178233362315802 0.021277958240050181 -0.023152240074492292 0.0080048868143910296 -0.018334363768652388 -0.0086810687738556828 -0.064266317911811227 -0.002888448448997355 0.030042367482821554 -0.0064529284795482493 0.073284875240372832 0.032284003912697513 0.0018460202995245875 -0.035040142306346875 0.042284579185291368 0.081463662975687801 0.040178237592035843 -0.0075033648786988873 -0.06839223526074284 0.016122895732854008 0.0052669758612820814 -0.0030612456292192533 -0.037674932742731398 -0.042435422856471242 -0.044649612380845562 -0.06087351864038433
leaf_weight=36.616608873009682 23.613403633236885 27.778287544846535 21.464425519108772 27.588775962591171 24.610236987471581 16.963876947760582 19.475485280156136 20.071149870753288 21.764795586466789 30.4356409907341 32.632311671972275 40.194446161389351 22.601262658834457 24.961748465895653 18.015319839119911 20.979452520608902 34.033063620328903 23.731734111905098 18.129497036337852 24.71157418191433 33.845346018671989 24.710349023342133 18.451514050364494 19.92671000957489 81.138620212674141 19.799100920557976 19.324133455753326 22.187215447425842 31.530861511826515 23.559743344783783 19.446335688233376 29.508459985256195 19.992271423339844 27.461238205432892 19.107686549425125 17.322158485651016 19.451903939247131 20.336071595549583 22.030817180871964 23.198180258274078 19.82437102496624 17.25675068795681 20.052155196666718 28.28899984061718
leaf_count=159 103 117 99 127 103 80 84 90 90 146 150 195 102 104 80 93 151 103 81 109 155 112 82 91 398 91 83 101 132 100 85 136 87 114 80 79 92 93 101 106 93 83 95 134
internal_value=0 0.0192386 0.00895258 -0.027407 0.0235263 -0.0149637 0.0470958 -0.00294491 0.0564664 -0.0183005 0.005948 -0.0399693 -0.0259934 0.0349557 0.0251106 0.0162586 -0.00294097 0.0167335 0.0261076 -0.00905152 -0.0027806 -0.0186227 0.00779585 0.0146017 -0.0525347 -0.0399613 0.0619195 -0.0305537 0.0691803 0.0566388 0.0372322 -0.0151652 0.0228839 0.0788337 0.0657246 -0.0342373 -0.0432979 -0.00557843 -0.0158591 -0.0204398 -0.0207918 -0.0256391 -0.0577404 -0.0541775
internal_weight=0 660.671 518.618 467.453 322.261 196.357 136.952 159.025 142.053 104.279 185.309 308.428 147.471 73.7195 81.0673 48.7577 151.105 57.7648 54.7461 104.241 73.8432 79.5299 37.927 39.9979 160.957 79.8179 99.025 54.8195 79.7008 55.0906 63.052 93.3398 39.4386 68.3337 46.5689 124.87 74.083 63.8313 43.4952 50.787 39.6235 34.5789 39.5041 45.2529
internal_count=5089 2906 2308 2183 1411 897 584 722 598 482 827 1461 684 314 355 210 683 254 240 472 336 363 166 181 777 379 418 251 335 232 275 429 172 284 194 582 349 293 200 233 184 162 187 214
is_linear=0
shrinkage=0.05


Tree=5
num_leaves=45
num_cat=0
split_feature=10 283 283 289 8 31 31 99 0 10 30 29 48 185 29 289 34 117 29 282 234 12 36 289 76 33 35 198 194 282 279 201 50 288 99 31 111 8 260 272 58 145 276 227
split_gain=196.199 75.5318 72.8556 53.5365 46.9517 42.1239 34.7729 28.553 27.9226 27.4722 27.1607 23.7252 23.3869 18.8132 21.2285 17.7699 16.1602 15.8853 15.7544 14.0829 13.6565 13.5701 13.2654 11.3017 11.2273 8.69912 8.41371 7.68966 7.68564 6.16082 9.04955 6.0644 6.05341 5.38577 5.15804 5.06477 4.82037 3.63876 2.6583 2.66836 1.9367 1.82133 0.280206 0.124803
threshold=0.12500000000000003 -0.063508064516129017 -0.069047619047619038 0.36447543099728863 32.500000000000007 1.3988944572912312 1.1177207078905298 9.8750000000000018 82.250000000000014 0.29166666666666669 -0.33146853146853134 -1.0000000180025095e-35 1.8014738648919979 53.500000000000007 1.7394957983193284 0.28313308994381592 -0.1125469125469125 7.5625000000000009 -1.1999999999999993 -1.7499999999999998 61.500000000000007 0.14583333333333334 1.5692598319197602 0.097680735332368748 1.5000000000000002 0.020077220077219907 0.72330837703699991 11.875000000000002 2.5000000000000004 1.2500000000000002 -1.4642687689157041 6.2500000000000009 0.87017310252996016 0.35846314187849709 10.125000000000002 0.34173913043478271 205.00000000000003 32.500000000000007 4.4987156914537652 -1.7821478317968167 13.500000000000002 3.5000000000000004 87.63693290337541 56.500000000000007
decision_type=2 2 2 2 2 2 2 2 2 2 2 2 2 2 2 2 2 2 2 2 2 2 2 2 2 2 2 2 2 2 2 2 2 2 2 2 2 2 2 2 2 2 2 2
left_child=1 4 3 9 7 15 21 12 33 13 17 -8 -1 24 -15 20 31 -4 -11 -10 32 -5 23 37 34 -13 -18 -9 -17 30 -25 -14 -3 40 -2 -34 -7 -12 39 43 -6 -24 -39 -20
right_child=2 5 10 6 8 36 11 27 19 18 22 25 16 14 -16 28 26 -19 38 -21 -22 -23 41 29 -26 -27 -28 -29 -30 -31 -32 -33 35 -35 -36 -37 -38 42 -40 -41 -42 -43 -44 -45
leaf_value=-0.045326309814585193 -0.043262870718695973 0.008247514354110216 0.031735588871328733 0.069334951137317774 0.099439291037888428 -0.025570824964884109 0.037916980743533751 0.076219247929282696 0.057157777201858918 -6.2542176576978e-05 -0.028307170938782735 -0.043521494694304184 0.010507459752486643 0.041351031802439972 -0.020589210208099847 0.01484320258939114 0.014838719147916613 -0.028177529139248744 -0.039689100489934639 0.006997798933503079 0.031851383810318275 0.023861435431682312 -0.064761227979040034 -0.032400532501784395 0.0095536197162634437 0.00066273707875546151 0.056710400142220091 0.029690127897338395 0.051443069662631936 -0.044021409954658121 0.010295321941999926 -0.026178653065173887 -0.042665402921048007 0.0575278479602521 -0.01102609085043319 -0.00832174572647419 -0.062872819104281066 -0.044232553809862518 -0.067201414897652731 -0.024935517702195802 0.070102561551420708 -0.041100539763457254 -0.061758350224538752 -0.055353390536211571
leaf_weight=17.654383674263954 34.743529468774796 17.608125954866409 18.605412811040878 31.390575602650642 28.679587781429291 17.608379766345024 20.769763723015785 20.341246485710144 25.375379040837288 21.301310986280441 19.350419640541077 26.212367996573448 24.159468933939934 35.174705862998962 21.611843675374985 33.580784007906914 25.712775006890297 24.399283930659294 18.998085767030716 30.492432698607445 18.52484980225563 36.576840624213219 71.883797079324722 22.690578609704971 22.708324924111366 18.81083419919014 23.209312006831169 18.734736129641533 25.687812253832817 18.124442726373672 25.310361057519913 19.486129254102707 21.548988908529282 35.926108554005623 20.340947329998016 21.639536395668983 21.689429089426994 18.741870880126953 17.458589449524879 19.763200879096985 26.384880512952805 17.315689027309418 32.407632187008858 23.448629796504974
leaf_count=79 158 78 83 132 118 83 91 86 107 97 93 121 106 154 98 147 113 112 92 134 82 158 360 105 102 84 101 80 110 87 116 87 98 149 89 100 106 91 84 94 109 86 160 114
internal_value=0 0.0235691 -0.0188569 -0.00441465 0.0389951 -0.00218732 0.020753 0.0190579 0.0589976 -0.0187338 -0.0386074 -0.00517644 0.00586063 -0.00387134 0.0178294 0.0108252 0.016003 -0.00212477 -0.0383113 0.0303851 -0.00466996 0.0455641 -0.045515 -0.0352486 -0.0197375 -0.0254479 0.0354413 0.0552086 0.0312964 -0.0199418 -0.0101368 -0.00609102 -0.0161334 0.0760442 -0.0317677 -0.0260353 -0.047208 -0.0491259 -0.0484105 -0.0421573 0.0868833 -0.0606747 -0.056308 -0.0494173
internal_weight=0 474.044 638.139 369.31 296.156 177.888 133.76 149.298 146.858 235.549 268.829 65.793 110.222 134.579 56.7865 138.59 92.5677 43.0047 100.97 55.8678 79.3215 67.9674 225.825 136.625 77.7928 45.0232 48.9221 39.076 59.2686 66.1254 48.0009 43.6456 60.7967 90.9906 55.0845 43.1885 39.2978 70.4999 79.6685 62.2099 55.0645 89.1995 51.1495 42.4467
internal_count=5034 2073 2961 1668 1269 804 586 652 617 1082 1293 296 486 601 252 615 407 195 481 241 358 290 1098 652 349 205 214 166 257 308 221 193 276 376 247 198 189 344 384 300 227 446 251 206
is_linear=0
shrinkage=0.05


Tree=6
num_leaves=41
num_cat=0
split_feature=9 283 2 11 32 289 32 143 283 301 14 301 32 283 32 154 56 10 35 282 283 283 36 36 114 154 13 298 36 202 283 101 209 76 88 117 36 10 36 36
split_gain=242.994 80.7354 47.3098 45.4296 35.8492 41.7048 30.6917 26.1121 20.1131 19.3798 18.8351 17.7717 17.0325 14.9628 13.0003 20.089 9.42329 11.4412 9.39515 9.35312 8.43159 7.73385 7.64686 10.0405 7.19142 7.15399 7.07223 6.88026 6.43006 6.20342 5.99757 4.61489 4.24957 4.12959 4.07869 3.50022 2.57805 2.28971 0.984519 0.241084
threshold=1.0000000180025095e-35 -0.15268065268065265 83.250000000000014 7.5000000000000009 1.6996138996138999 0.1318557721318592 1.7722007722007727 36.750000000000007 -0.088932806324110658 0.015236189452404016 0.041666666666666671 1.0448356735617115e-09 1.9482625482625486 -0.30217391304347824 1.5667953667953671 14.125000000000002 13.250000000000002 0.12500000000000003 0.92016825471890717 -2.2499999999999996 -0.43303571428571425 0.07417582417582419 1.0377084697998438 1.5166376561036297 95.000000000000014 21.250000000000004 7.5000000000000009 1.8750000000000002 1.6309834124304994 19.500000000000004 0.069047619047619066 14.500000000000002 1.6250000000000002 1.5000000000000002 0.62500000000000011 7.5625000000000009 1.0686314721265771 0.20833333333333334 0.94668831308073165 1.1894273486010167
decision_type=2 2 2 2 2 2 2 2 2 2 2 2 2 2 2 2 2 2 2 2 2 2 2 2 2 2 2 2 2 2 2 2 2 2 2 2 2 2 2 2
left_child=3 2 6 11 5 7 20 10 14 16 21 18 13 29 15 -5 30 -18 22 -16 -2 -3 -1 -24 -17 -15 36 -6 -13 34 -7 37 -25 35 -4 -12 -22 -10 -39 -37
right_child=1 4 12 8 27 9 -8 -9 31 -11 33 28 -14 25 19 24 17 -19 -20 -21 26 -23 23 32 -26 -27 -28 -29 -30 -31 -32 -33 -34 -35 -36 39 -38 38 -40 -41
leaf_value=-0.02945171576009939 0.086922509400347903 0.024925218763362494 0.064646144690094595 0.032796016296706393 -0.011569393855802341 0.063507171442397689 0.010972316650039025 0.029809784234127574 -0.034466371272786053 -0.012530090452729722 -0.023367176128021458 -0.015401823940109841 -0.017961524341711065 0.026626421358487036 -0.015920110060287481 -0.044923160007818458 0.040735302025181053 -0.0079182624294824658 0.034171334531373165 -0.055693188061440996 0.081400957583309966 -0.017357337349740543 0.023501783823793403 -0.030330262868788288 -0.0072498982890084711 -0.010151888227616951 0.036110752672656406 -0.050564048713618338 -0.053909632614476059 0.018453973565358703 0.030257349026648658 -0.026360634834808085 0.0033981366516682232 -0.015882424932127534 0.034210885815531882 -0.060191386542273795 0.055087298295453752 -0.043319398668062843 -0.061122436446521239 -0.041554716400065028
leaf_weight=20.18469050526619 36.901824951171875 23.102329283952713 21.899076163768768 18.510107100009918 18.212859109044075 35.582555219531059 32.544825851917267 31.584265366196632 16.614025041460991 23.283092349767685 18.51184669137001 25.113624528050423 28.039232328534126 20.221060827374458 24.065761849284172 25.646784111857414 27.006724432110786 20.762481287121773 19.758028775453568 42.220236405730247 24.889572456479073 18.682665750384331 34.936705738306046 17.770014762878418 25.019164815545082 34.151209518313408 33.587692782282829 32.396634981036186 19.763622805476189 30.130691647529602 26.759573429822922 17.70299930870533 18.226175367832184 21.257024094462395 31.403858631849289 17.58083875477314 38.302267670631409 21.491063699126244 101.12269224226475 17.892528772354126
leaf_count=91 150 104 92 83 86 151 141 138 83 104 86 116 126 89 113 122 115 91 87 203 102 85 154 82 120 153 140 158 99 129 115 87 82 99 134 83 158 104 514 85
internal_value=0 0.0187297 0.0361306 -0.0288635 0.00130103 0.00828602 0.05492 -0.00990877 -0.0404521 0.0284793 -0.0207901 -0.00698898 0.0170816 0.0242899 -0.0260289 -0.0106281 0.0371855 0.0198597 0.00380793 -0.0417044 0.0654582 0.00605626 -0.00307558 0.00473511 -0.0268203 0.00375982 0.0564687 -0.0370271 -0.0331658 0.037466 0.0499381 -0.0526585 -0.0136221 -0.0355828 0.0476752 -0.04291 0.0665582 -0.0557905 -0.0583777 -0.0521882
internal_weight=0 664.687 332.071 448.146 332.615 282.006 166.226 148.611 292.393 133.394 117.027 155.753 165.845 137.806 135.462 69.1761 110.111 47.7692 110.876 66.286 133.681 41.785 91.1176 70.9329 50.6659 54.3723 96.7795 50.6095 44.8772 83.4336 62.3421 156.931 35.9962 75.2422 53.3029 53.9852 63.1918 139.228 122.614 35.4734
internal_count=5054 2914 1414 2140 1500 1256 691 680 1429 576 542 711 723 597 641 325 472 206 496 316 550 189 409 318 242 242 400 244 215 355 266 788 164 353 226 254 260 701 618 168
is_linear=0
shrinkage=0.05


Tree=7
num_leaves=43
num_cat=0
split_feature=9 283 11 31 32 289 2 99 283 50 145 301 289 273 30 235 282 147 20 11 288 107 30 283 57 106 9 115 288 39 1 226 110 115 32 58 115 301 44 298 101 288
split_gain=191.792 76.7075 52.9533 43.3201 32.7071 34.5631 29.0507 25.7999 23.6368 23.9003 22.317 18.2108 23.815 15.1177 14.2288 12.6665 12.3973 12.3513 11.171 10.8983 10.4534 11.0096 8.99889 8.5239 7.28644 7.11512 6.80923 6.76899 6.69417 6.04593 5.95615 5.86124 5.76032 5.63535 4.99607 4.14916 3.9917 2.84928 3.64967 2.19024 2.38421 0.284279
threshold=1.0000000180025095e-35 -0.15268065268065265 7.5000000000000009 0.88434782608695672 1.6841698841698844 0.28313308994381592 81.750000000000014 10.125000000000002 -0.15268065268065265 0.86617186127497914 34.500000000000007 3.4674727357671289e-14 0.33222858587828868 81.743880416692647 0.12587412587412583 33.500000000000007 -1.7499999999999998 4.5000000000000009 0.041666666666666671 7.5000000000000009 -0.28519255817492867 102.81250000000001 1.0234965034965036 0.07417582417582419 12.250000000000002 4.5000000000000009 1.7500000000000002 245.00000000000003 0.49812943072827093 0.68333333333333346 80.125000000000014 56.500000000000007 98.125000000000014 165.00000000000003 1.6254826254826258 12.500000000000002 205.00000000000003 7.7147047369885897e-12 22.500000000000004 1.5500000000000003 12.500000000000002 -0.26866367175705824
decision_type=2 2 2 2 2 2 2 2 2 2 2 2 2 2 2 2 2 2 2 2 2 2 2 2 2 2 2 2 2 2 2 2 2 2 2 2 2 2 2 2 2 2
left_child=2 3 8 6 5 10 28 15 17 -10 18 12 25 -14 19 16 26 -1 23 35 21 -8 -11 -3 -19 -4 33 -6 -2 -9 -16 32 -20 -5 37 -7 -24 -13 -39 40 -27 -41
right_child=1 4 11 7 27 14 20 29 9 22 -12 34 13 -15 30 -17 -18 24 31 -21 -22 -23 36 -25 -26 39 -28 -29 -30 -31 -32 -33 -34 -35 -36 -37 -38 38 -40 41 -42 -43
leaf_value=0.042626521547790494 0.082720147687038392 0.018454620957548726 -0.020026017079082799 0.02619243229418132 -0.019184712775275056 0.074962884370650226 0.017469351232049467 0.028165694674341754 0.029794706669283078 -0.0068998588038662132 0.030643510697022903 -0.056737381761896369 -0.022970737000227299 0.028441583525008581 -0.0048269904566294467 -0.021153680628273164 -0.017227231896826012 -0.021292024789765801 -0.034353051899783396 0.013523256701740496 0.0076731257427549915 0.063936870482292948 -0.032238345158531703 -0.021750883861506528 0.01863253261624102 -0.050318243491750327 0.043969746530117454 -0.056375484020260894 0.047758851738438718 0.069709664032006277 0.027758632546469597 -0.048471514333028647 -0.0038419705685730889 -0.0094876714826347824 -0.061868819151007254 0.038430162568104539 -0.064830930178584198 -0.013412313729173295 -0.045051211660661179 -0.044653946772331046 -0.02237845641993005 -0.064333114571737265
leaf_weight=28.898459956049919 54.66430751979351 29.319884851574898 31.194153860211372 25.826272651553154 26.865329891443253 19.734765768051147 23.938183218240738 19.566396564245224 17.458818987011909 20.541410848498344 28.262262940406799 18.668395787477493 32.535126924514771 23.927982926368713 35.134248524904251 35.729167252779007 23.752849519252777 19.470051363110542 30.879633381962776 21.686941415071487 33.143579617142677 28.974097192287445 25.888997793197632 22.325598269701004 24.875470072031021 18.679522067308426 25.761975273489952 24.20875771343708 25.431567117571831 19.105166181921959 22.076483324170113 25.010324105620384 30.602235734462738 18.138220831751823 73.355071559548378 19.300226897001266 18.907788619399071 17.948411911725998 20.394206359982491 15.96974655985832 17.106325060129166 25.234553039073944
leaf_count=124 221 131 153 112 128 82 101 83 77 96 122 92 153 109 152 158 106 87 145 93 141 122 123 102 110 94 108 122 104 80 94 118 144 81 384 81 97 89 102 80 84 128
internal_value=0 0.0157799 -0.0263609 0.0327019 -0.00111996 0.00553383 0.0507383 0.0146565 -0.00277259 -0.0209572 -0.00913052 -0.038786 -0.0274499 -0.00106739 0.0261277 0.00379703 0.0134565 0.0177892 -0.0174298 0.0427932 0.0300278 0.0436284 -0.0347632 0.000991341 0.00102054 -0.0410835 0.024005 -0.037557 0.0723452 0.0499298 0.00800801 -0.028315 -0.0194709 0.0115884 -0.0527851 0.058311 -0.0471102 -0.0402322 -0.0309582 -0.0492491 -0.0379339 -0.0579447
internal_weight=0 669.438 451.054 334.032 335.407 284.333 166.152 167.88 156.041 82.797 166.4 295.013 164.647 56.4631 117.933 129.208 93.4793 73.244 138.138 60.7219 86.0559 52.9123 65.3382 51.6455 44.3455 108.184 69.7265 51.0741 80.0959 38.6716 57.2107 86.4922 61.4819 43.9645 130.366 39.035 44.7968 57.011 38.3426 76.9901 35.7858 41.2043
internal_count=5113 2931 2182 1417 1514 1264 689 728 714 393 762 1468 801 262 502 565 407 321 640 256 364 223 316 233 197 539 301 250 325 163 246 407 289 193 667 163 220 283 191 386 178 208
is_linear=0
shrinkage=0.05


Tree=8
num_leaves=43
num_cat=0
split_feature=9 10 283 31 9 289 287 289 74 259 282 289 74 106 12 148 50 34 97 3 121 286 265 48 289 145 157 283 29 100 282 99 75 193 97 282 54 157 30 39 29 88
split_gain=176.822 82.7348 63.4066 47.7682 36.6265 31.732 22.3825 18.4892 17.2212 17.0778 16.969 13.1659 13.076 12.4416 11.9985 11.3146 10.8679 10.0669 9.69358 9.45785 9.90799 9.27733 9.26876 10.7412 9.07792 14.9305 7.563 7.46697 7.41874 7.25494 7.62428 6.6218 6.54565 5.18411 4.96903 4.90127 3.33057 3.18582 2.80027 1.51507 0.833823 0.0844449
threshold=2.2500000000000004 0.29166666666666669 -0.15268065268065265 1.4843478260869569 0.75000000000000011 0.36447543099728863 0.99999999998201861 0.28313308994381592 7.7500000000000009 1.9795579154836866 -2.2499999999999996 0.1318557721318592 5.7500000000000009 5.5000000000000009 0.062500000000000014 26.500000000000004 0.82490013315579247 -0.26139799919685719 7.3125000000000009 79.750000000000014 7.5000000000000009 0.15558916410676171 0.4065430693337671 2.7114319642621534 0.080547328232315238 29.500000000000004 7.5000000000000009 0.057189542483660136 1.7394957983193284 10.125000000000002 -2.7499999999999996 12.125000000000002 1.0000000180025095e-35 15.750000000000002 8.3125000000000018 -1.7499999999999998 797.50000000000011 8.5000000000000018 -1.3216783216783212 0.68333333333333346 1.21764705882353 1.1250000000000002
decision_type=2 2 2 2 2 2 2 2 2 2 2 2 2 2 2 2 2 2 2 2 2 2 2 2 2 2 2 2 2 2 2 2 2 2 2 2 2 2 2 2 2 2
left_child=1 2 5 7 22 9 18 14 19 12 36 26 29 -13 16 17 -4 -14 -7 20 -9 -5 23 31 25 -12 -6 -18 -17 30 -1 39 -16 -34 40 -8 -2 -35 -26 41 -23 -3
right_child=10 4 3 21 11 6 35 8 -10 -11 24 13 15 -15 32 28 27 -19 -20 -21 -22 34 -24 -25 38 -27 -28 -29 -30 -31 -32 -33 33 37 -36 -37 -38 -39 -40 -41 -42 -43
leaf_value=0.0037657705060058738 0.087627773757382246 -0.052097715616029154 0.032725786371289575 -0.0062095426199886162 -0.046730535718916555 -0.001915257290070165 0.075162877462728706 0.037948897548103044 -0.024238893325601148 -0.033793235361514205 0.0024563740339775802 -0.01259487569963528 -0.016106390553946501 0.037938939083628949 -0.047555205876513906 0.052379972022153755 0.0079907427691273455 0.025076790581078146 0.036967433477739217 0.044746793549779507 -0.0082946381241656552 -0.044049523449933167 -0.0061978824536809436 -0.016301913872581116 0.07103657858312705 0.050043247271969162 -0.0037272648800139455 -0.032146244643146929 0.014016965838984159 0.015654861671049975 -0.03734613364168448 -0.022351246343400674 0.0034129050975286418 -0.042516164793226292 -0.028808861031199846 0.043243050911550014 0.053693732592835289 -0.011287518998807757 0.040081717455476673 -0.037092187827998634 -0.062999004535060146 -0.063066182504489351
leaf_weight=20.494205817580223 27.309194341301918 66.949015811085701 20.086773678660393 15.858292669057844 18.542454034090042 34.301314413547516 27.70738373696804 18.262907907366753 21.425252139568329 23.772919490933418 33.782205104827881 22.25675006210804 27.63931180536747 24.923602789640427 23.467266917228699 31.755646452307701 24.423885866999626 29.865273773670197 28.938047468662262 34.645985186100006 28.356999769806862 22.909254521131516 16.670696094632149 27.982436418533325 19.725469335913658 31.392619758844376 21.840316742658615 20.525365695357323 22.039706215262413 22.625668779015541 23.627912446856499 20.040675953030586 21.187103629112244 17.037341982126236 27.185236781835556 32.166795894503593 19.793892368674278 16.718445435166359 20.567396387457848 18.471182808279991 36.183785662055016 48.810313314199448
leaf_count=89 110 349 88 80 90 150 114 79 99 108 148 101 122 107 114 137 110 132 123 147 124 114 83 138 80 129 103 96 99 97 105 98 101 82 135 132 80 80 84 94 190 257
internal_value=0 -0.00802966 0.0015567 -0.013247 -0.0304834 0.0174157 0.0373133 -0.00127233 0.014842 0.0051538 0.0497514 -0.00347507 0.0105137 0.0143336 -0.0128312 0.0209387 0.00304799 0.00534533 0.0161758 0.0253148 0.0102373 -0.0418125 -0.0422952 -0.0455452 0.0379758 0.0257873 -0.024125 -0.0106379 0.0372055 -0.00692212 -0.0185899 -0.0507103 -0.0258745 -0.0159297 -0.0482104 0.0590063 0.0747805 -0.0278191 0.0565891 -0.0547477 -0.0565079 -0.0572231
internal_weight=0 959.696 673.208 348.274 286.487 324.934 123.114 246.137 102.691 201.821 152.571 87.5631 178.048 47.1804 143.446 111.3 65.036 57.5046 63.2394 81.2659 46.6199 102.137 198.924 182.254 105.468 65.1748 40.3828 44.9493 53.7954 66.7478 44.1221 154.271 78.4102 54.9429 86.2783 59.8742 47.1031 33.7558 40.2929 134.231 59.093 115.759
internal_count=5098 4467 3047 1639 1420 1408 519 1120 449 889 631 401 781 208 671 490 294 254 273 350 203 519 1019 936 441 277 193 206 236 291 194 798 377 263 439 246 190 162 164 700 304 606
is_linear=0
shrinkage=0.05


Tree=9
num_leaves=43
num_cat=0
split_feature=10 283 32 283 262 31 0 29 32 279 119 29 10 36 301 0 199 99 33 283 298 32 33 98 85 12 39 49 31 36 10 288 99 283 124 283 290 31 36 190 33 117
split_gain=129.613 66.4199 51.8675 52.1686 40.2482 27.9781 27.9378 25.8583 25.8227 19.0682 19.0097 15.7817 15.3587 13.5549 13.2896 11.375 11.3367 10.139 10.1096 10.9067 9.37871 9.3358 10.7433 10.9347 9.08544 9.00079 8.99394 8.36145 7.99808 7.77664 9.15867 6.76758 6.41433 6.23529 6.12752 5.63153 4.72677 2.91235 1.70611 1.67122 1.55649 0.413672
threshold=0.12500000000000003 -0.065591397849462343 1.8972972972972977 -0.1348484848484848 5.0000000000000009 1.1177207078905298 81.500000000000014 -1.6285714285714279 1.6517374517374523 -1.4642687689157041 6.1250000000000009 -1.0000000180025095e-35 0.29166666666666669 1.4244980743690803 -5.0072252283099804e-17 80.750000000000014 5.5000000000000009 10.125000000000002 -0.19305019305019319 0.14642857142857144 1.4307692307692337 1.9111969111969114 -0.20772200772200819 0.7916500000000003 85.500000000000014 0.14583333333333334 0.47727272727272735 0.98660875501491507 1.3539130434782611 0.94668831308073165 1.0000000180025095e-35 -0.20180236284700911 6.3750000000000009 0.085144927536231887 6.5000000000000009 0.79285714285714304 9.5000000000000018 0.84782608695652184 1.1254284703007735 10.500000000000002 -2.2849420849420849 7.0625000000000009
decision_type=2 2 2 2 2 2 2 2 2 2 2 2 2 2 2 2 2 2 2 2 2 2 2 2 2 2 2 2 2 2 2 2 2 2 2 2 2 2 2 2 2 2
left_child=2 4 3 6 7 15 37 13 9 34 -5 -7 21 -2 -4 16 -6 27 29 24 -11 22 -9 -24 -20 -13 -16 -8 31 -12 35 -29 -14 -22 -3 -31 40 38 -1 -34 -36 -10
right_child=1 8 14 10 5 11 17 12 41 20 18 25 32 -15 26 -17 -18 -19 19 -21 33 -23 23 -25 -26 -27 -28 28 -30 30 -32 -33 39 -35 36 -37 -38 -39 -40 -41 -42 -43
leaf_value=0.05795709372537329 -0.009122432597218488 -0.01596962230928203 0.0063022174300183323 0.044898439115916733 0.047460870034533621 0.029428010101291799 0.046044523588304694 0.01810071658861517 -0.045165260876410825 0.022224030948819192 0.035952367856681475 -7.8195226520408909e-05 -0.01738524745460605 0.043519214895722962 -0.058329232055883341 0.062355763447224058 -0.005638315622061553 0.055790910834354772 0.017402780454135704 -0.044174098546384689 0.00039432201701045046 -0.039053266514866944 -0.037025374682185946 0.010150399039294314 -0.023192362270486447 -0.044098445696277251 -0.014070180837985733 0.014727704036629494 0.034575743712504263 0.036858505790456991 -0.016396449808852881 -0.023643097746162772 -0.05696897468373241 -0.039544111047479631 -0.033599200323434511 -0.00051863560000445664 -0.019054652897185699 0.045870666612454203 0.083330387604240677 -0.034259582162130993 -0.05579818133980842 -0.063675246747012679
leaf_weight=25.195311740040779 24.1276014149189 26.249520465731621 32.632294774055481 28.338965281844139 19.355845749378204 21.957799702882767 22.279304325580597 33.308971539139748 16.334199592471123 22.545260667800903 23.986470460891724 24.153304472565651 22.580732360482216 23.215318277478218 21.186034932732582 31.391744554042816 19.48327848315239 25.470402657985687 29.584619879722595 19.013505354523659 21.579134285449982 22.915085449814796 29.52136754989624 19.966068714857101 24.090709924697876 21.37075974047184 25.561056181788445 26.697624653577805 22.744931727647781 20.426200553774834 31.421732053160667 18.642441347241402 36.393389523029327 16.832527846097946 16.739501625299454 18.974635317921638 16.458132743835449 19.550444096326828 33.560788482427597 18.623883754014969 48.021270662546158 60.45062655210495
leaf_count=102 107 128 142 120 81 95 92 148 89 106 104 109 114 101 106 131 82 105 130 88 101 107 137 92 112 107 122 114 98 88 143 80 188 82 81 82 80 80 135 96 248 336
internal_value=0 -0.0163178 0.0185557 0.0260467 -0.00287133 0.0184377 0.0443475 -0.0156187 -0.0364239 -0.0252155 0.0077711 -0.0045688 -0.0241047 0.0170574 -0.0181123 0.0402975 0.0213512 0.0283581 0.00126035 -0.0126713 -0.00279222 -0.0115282 -0.00353517 -0.0181679 -0.000908187 -0.0212467 -0.0349302 0.0200997 0.0110663 0.0119623 0.00344985 -0.00121894 -0.0408729 -0.0176665 -0.0377912 0.0192911 -0.0445638 0.0673441 0.073602 -0.0500304 -0.0506583 -0.0603689
internal_weight=0 613.575 469.357 389.978 368.365 137.713 194.141 230.652 245.21 168.425 195.837 67.4819 183.309 47.3429 79.3794 70.2309 38.8391 115.835 167.498 72.6888 60.9569 105.711 82.7964 49.4874 53.6753 45.5241 46.7471 90.3643 68.085 94.809 70.8226 45.3401 77.598 38.4117 107.468 39.4008 81.2189 78.3065 58.7561 55.0173 64.7608 76.7848
internal_count=4989 2946 2043 1673 1695 605 806 1090 1251 826 867 311 882 208 370 294 163 489 747 330 289 484 377 229 242 216 228 384 292 417 313 194 398 183 537 170 409 317 237 284 329 425
is_linear=0
shrinkage=0.05


Tree=10
num_leaves=46
num_cat=0
split_feature=9 9 283 262 283 287 36 39 36 283 279 289 2 283 74 103 120 195 234 31 41 283 10 14 272 36 291 259 283 14 195 289 282 143 36 191 97 97 2 13 150 263 73 107 289
split_gain=166.361 69.3208 48.0318 40.3202 37.5836 25.1881 24.1268 21.1757 17.8566 17.4086 16.444 16.1436 14.8561 13.6075 13.4385 12.9062 12.058 10.7285 11.0083 9.4352 9.10571 12.7967 9.09824 7.67474 7.18091 7.01617 8.17826 6.72265 11.3097 6.53701 6.49144 5.95989 5.47725 4.96416 4.37472 4.30853 3.86696 3.35393 2.95886 3.0168 2.65694 2.17616 2.10796 1.72069 0.26623
threshold=1.0000000180025095e-35 3.2500000000000004 -0.063508064516129017 5.0000000000000009 -0.17914438502673793 0.9999998542287577 1.4833899732862526 0.44722222222222224 1.414366466857786 -0.080128205128205107 -1.2466144530732852 0.28313308994381592 84.250000000000014 -0.30217391304347824 6.2500000000000009 7.5000000000000009 7.1250000000000009 28.500000000000004 61.500000000000007 1.4360869565217393 2.5000000000000004 0.07417582417582419 0.12500000000000003 0.097222222222222224 -2.1842429375829848 1.5544390785095004 0.94987468671679209 -5.2904464887756655 0.14642857142857144 0.041666666666666671 5.5000000000000009 -0.67801649466304881 1.0000000180025095e-35 11.250000000000002 1.4540276491294899 5.5000000000000009 7.4285750000000013 9.6875000000000018 81.250000000000014 7.5000000000000009 6.5000000000000009 87.229058502303317 81.250000000000014 126.87500000000001 0.26659387353423869
decision_type=2 2 2 2 2 2 2 2 2 2 2 2 2 2 2 2 2 2 2 2 2 2 2 2 2 2 2 2 2 2 2 2 2 2 2 2 2 2 2 2 2 2 2 2 2
left_child=4 2 3 13 7 16 12 34 10 41 22 23 20 14 15 24 -5 -15 33 -13 -6 30 27 31 -2 26 29 28 -4 -7 -22 -9 -10 -19 -1 -24 -35 42 -8 -40 -23 -3 -14 -41 -34
right_child=1 9 8 5 6 25 38 11 32 -11 -12 19 37 17 -16 -17 -18 18 -20 -21 21 40 35 -25 -26 -27 -28 -29 -30 -31 -32 -33 44 36 -36 -37 -38 -39 39 43 -42 -43 -44 -45 -46
leaf_value=-0.015443265545434319 0.0092005292634454762 0.082654484493759742 0.037323171645742885 0.037883886779241815 0.019402632355728148 0.064876020188131822 -0.061959892793191057 0.021426365314477527 -0.014921343656469797 0.023444872981539397 0.0269972116468386 0.056512097829835808 -0.033511294771760659 0.020984349672542348 0.048162218972598578 0.039298312861365876 -0.011506106229043203 -0.0063772955929708615 0.015608435271763758 0.0071608245454403523 0.022642785374229854 -0.051685422879695291 -0.039972234449201706 -0.030177114724545345 -0.030097014730348311 0.026127742215386492 0.080212810243844537 -0.019875555809059586 -0.01414816970411694 0.029620577933161231 -0.015739921443369869 -0.014255406987917676 -0.055996752132575635 -0.018921754901969175 -0.046832815720864916 -0.0086086482026733087 -0.049598989049511995 -0.02309116493677954 -0.022378257587613363 -0.034306508160939261 -0.023103715719451856 0.05701782856576746 -0.060837114829103825 -0.061975407567986064 -0.037662507887007542
leaf_weight=21.835563823580742 25.351093038916588 29.232532188296318 21.34878446161747 19.371348708868027 18.520497366786003 24.877393633127213 62.281045407056808 23.749295890331268 21.748437762260437 30.894448578357697 35.840111315250397 19.190332010388374 16.529561117291451 26.099684476852417 26.55205999314785 19.506708756089211 30.581942394375801 24.972630336880684 21.802248567342758 19.252070084214211 17.652553603053093 20.537585988640785 28.354935988783836 23.257909908890724 19.944500029087067 25.295480102300644 28.434698209166527 23.927224919199944 19.652920722961426 33.493036687374115 25.904893353581429 21.259239390492439 16.05497419834137 22.854326754808426 25.068439185619354 18.54065465927124 21.23304945230484 17.983062610030174 15.488207161426542 14.984263733029364 17.616691157221794 31.703589931130409 24.932009726762772 19.337808147072792 16.584491714835167
leaf_count=104 109 118 95 81 84 100 351 106 108 131 157 81 85 116 113 82 131 113 99 88 81 105 134 121 85 106 115 107 87 136 124 96 82 105 124 90 97 93 79 81 88 128 133 109 85
internal_value=0 0.0149729 0.00845704 0.0191365 -0.0250347 0.0377603 -0.0361764 -0.00521661 -0.0111167 0.0550606 -0.00202157 0.00712067 -0.0234576 0.00453746 0.0188938 0.00635169 0.00801441 -0.00674083 -0.0148465 0.032605 -0.0115149 -0.0186724 -0.011479 -0.00749368 -0.00837926 0.0508274 0.0576454 0.000705063 0.0129025 0.045486 -2.54759e-05 0.00462899 -0.0353279 -0.0245466 -0.0328472 -0.028011 -0.0344687 -0.043071 -0.053927 -0.0428611 -0.0394157 0.0704523 -0.0509889 -0.051209 -0.0480774
internal_weight=0 664.253 572.423 370.37 425.381 162.054 271.768 153.613 202.053 91.8306 147.665 106.709 159.677 208.316 91.3544 64.8023 49.9533 116.962 90.8623 38.4424 100.232 81.7117 111.825 68.2664 45.2956 112.101 86.8051 64.9289 41.0017 58.3704 43.5574 45.0085 54.3879 69.06 46.904 46.8956 44.0874 59.4446 112.091 49.8103 38.1543 60.9361 41.4616 34.3221 32.6395
internal_count=5043 2910 2533 1588 2133 669 1413 720 945 377 670 492 793 919 389 276 212 530 414 169 482 398 513 323 194 457 351 289 182 236 205 202 275 315 228 224 202 311 620 269 193 246 218 190 167
is_linear=0
shrinkage=0.05


Tree=11
num_leaves=50
num_cat=0
split_feature=283 32 10 32 2 289 97 30 36 30 301 283 301 35 283 29 159 286 26 261 86 96 29 38 148 72 201 32 201 283 287 279 199 199 55 283 117 289 42 12 102 57 202 232 42 182 156 88 227
split_gain=129.673 53.9763 51.9938 40.5739 35.2876 28.1864 23.1425 22.0939 21.3491 19.2167 18.7734 14.6917 12.9353 11.9922 11.8737 11.6132 11.2943 11.0776 10.3596 10.6435 14.2242 10.0773 9.55763 8.70846 8.70353 9.47608 10.0148 8.28603 7.85877 7.4316 6.44055 6.08232 6.58119 5.68775 5.59269 5.35691 5.03812 7.9292 4.94339 10.8653 4.59825 4.20678 3.98105 4.54489 2.87389 2.55841 0.818503 0.121505 0.0183902
threshold=-0.15268065268065265 1.2711315378728594 0.29166666666666669 1.9111969111969114 84.750000000000014 0.080547328232315238 6.2916750000000006 -0.8181818181818179 1.710984308936198 -0.25174825174825155 1.0000000180025095e-35 -0.063508064516129017 0.019894109752758359 0.49494897427831791 0.11882352941176472 2.5714285714285721 1.5000000000000002 0.35700168559365747 0.23611111111111113 5.0000000000000009 74.500000000000014 62.500000000000007 0.34285714285714264 0.37500000000000006 63.500000000000007 88.750000000000014 8.2500000000000018 1.1907335907335912 4.2500000000000009 0.07417582417582419 0.99999999999910649 -2.2365470151679361 11.500000000000002 7.5000000000000009 817.50000000000011 -0.30217391304347824 7.6875000000000009 -0.84313311835787952 6.5000000000000009 0.18750000000000003 9.5000000000000018 12.250000000000002 16.500000000000004 502.25000000000006 3.5000000000000004 12.500000000000002 29.500000000000004 1.1250000000000002 2.5000000000000004
decision_type=2 2 2 2 2 2 2 2 2 2 2 2 2 2 2 2 2 2 2 2 2 2 2 2 2 2 2 2 2 2 2 2 2 2 2 2 2 2 2 2 2 2 2 2 2 2 2 2 2
left_child=2 4 3 5 7 8 -7 17 24 -4 22 23 13 38 15 40 18 -2 19 27 21 30 -5 -9 25 26 28 45 -1 36 -21 -8 -33 -11 -28 -34 -6 -38 47 -40 -15 -24 46 -44 -14 -13 -35 -3 -46
right_child=1 12 9 10 29 6 31 11 -10 33 -12 16 44 14 -16 -17 -18 -19 -20 20 -22 -23 41 -25 -26 -27 34 -29 -30 -31 -32 32 35 42 -36 -37 37 -39 39 -41 -42 -43 43 -45 48 -47 -48 -49 -50
leaf_value=-0.0016035132219121601 0.0070729638079051159 -0.044866596359773039 0.029312124338444497 0.036695014473742328 -0.042807290851301888 0.0012281967622888215 0.039816501669515184 0.046121780184998795 0.055007714664741164 0.0015969738702193226 -0.041498963727415079 -0.048372155125238604 -0.030750576351390436 -0.0054537173300442674 -0.049398857239918458 -0.030907778361723461 0.027113183348542458 0.056145130547464131 -0.04480823566774951 -0.01358312366390693 0.036597574017367761 -0.039038465018409838 -0.020938571702647638 0.0019649579525216664 0.043403947098085212 0.033445794562793847 -0.028607671589183481 0.0034960778249892043 0.037253398682981408 -0.057773995739758388 0.026498045599996772 0.082059992142111682 0.069147259617450565 -0.051210289620368013 0.0056190027652647679 0.032058499047929095 -0.038282886195393412 0.0064722774336858253 -0.00043044438466360234 -0.056034795570485275 0.028337580390076646 0.0087689387443479934 0.00093445874872044642 -0.035570518883859543 -0.045563634262636703 -0.021239078399282976 -0.030485948083587712 -0.062989457018988768 -0.062959886804077436
leaf_weight=28.840109378099442 20.226754695177078 20.618285059928894 20.469980522990227 21.747587576508522 20.118523940443993 19.878166377544403 35.026494085788727 21.081181079149246 36.733456179499626 17.476155027747154 22.608798965811729 20.718852490186691 15.10965859889984 17.550317987799644 16.592527985572815 22.205103397369385 19.148358553647995 26.687863811850548 20.703607723116875 20.334800228476524 23.084757104516029 17.964347988367081 18.173813581466675 22.775700464844704 18.980246648192406 27.128679573535919 29.854412034153938 19.13936185836792 22.593022704124451 21.203338757157326 17.966176435351372 41.607041731476784 21.644965633749962 17.316543027758598 19.001640617847443 22.798700213432312 15.812221318483351 23.48051130771637 18.626371368765831 15.655126735568045 21.774034723639488 30.534128800034523 17.077076107263565 15.929435446858404 15.035047292709349 19.053557738661766 16.064909294247627 16.597682595252991 39.320887938141823
leaf_count=125 88 113 90 92 97 85 144 90 153 82 105 103 86 87 90 116 86 113 102 92 100 81 81 99 80 118 130 85 97 112 80 169 88 90 82 93 81 114 93 87 103 135 83 81 86 92 82 91 220
internal_value=0 -0.0161651 0.0183258 0.0262098 -0.00393893 0.0345435 0.0513204 0.00478493 0.0214218 -0.0131457 -0.00287005 -0.00185357 -0.0355626 -0.0269699 -0.0131705 -0.0027671 -0.00825416 0.0355773 -0.0126572 -0.00755569 0.0044042 -0.00921265 0.00993305 0.0237453 0.0126786 0.00779933 0.00060014 -0.0234695 0.0158501 -0.032739 0.00541395 0.059467 0.0669164 -0.0237324 -0.0154502 0.0512456 -0.0229958 -0.0120413 -0.0416583 -0.0266915 0.0134954 -0.00251371 -0.0303249 -0.0172113 -0.0534246 -0.0362134 -0.0424134 -0.0543858 -0.059058
internal_weight=0 568.585 521.485 417.151 349.5 324.087 140.955 268.885 183.132 104.334 93.0643 221.971 219.085 149.619 78.122 61.5295 178.114 46.9146 158.965 138.262 79.3501 56.2653 70.4555 43.8569 146.398 127.418 100.289 58.9118 51.4331 80.6146 38.301 121.077 86.0507 83.8641 48.8561 44.4437 59.4113 39.2927 71.4975 34.2815 39.3244 48.7079 66.388 33.0065 69.4656 39.7724 33.3815 37.216 54.3559
internal_count=5072 2787 2285 1777 1615 1364 579 1211 785 508 413 1010 1172 780 396 306 821 201 735 633 353 253 308 189 632 552 434 280 222 404 172 494 350 418 212 181 292 195 384 180 190 216 336 164 392 195 172 204 306
is_linear=0
shrinkage=0.05


Tree=12
num_leaves=44
num_cat=0
split_feature=9 9 290 301 26 282 36 12 301 154 15 289 144 108 289 52 275 232 284 36 116 99 227 144 0 106 275 28 36 300 80 299 0 108 149 272 156 282 203 260 272 34 291
split_gain=126.565 59.3378 39.8507 36.1453 38.7781 27.1873 21.0549 18.9518 15.8348 15.1712 14.61 14.4658 12.7269 12.4086 14.683 11.694 11.3626 11.2818 11.0024 10.8589 9.45413 7.81748 7.78549 7.76706 7.73039 7.63466 7.59034 7.40733 6.90127 6.82166 6.3561 6.23317 5.12122 5.04784 8.69051 4.92708 4.3547 4.25462 3.84568 3.75151 1.82427 1.78261 1.34437
threshold=1.0000000180025095e-35 2.2500000000000004 10.500000000000002 1.0448356735617115e-09 0.097222222222222224 1.0000000180025095e-35 2.0874033007208967 0.062500000000000014 4.0888134014091987e-15 56.750000000000007 7.5000000000000009 0.19969739736768838 39.500000000000007 8.7500000000000018 0.1318557721318592 0.91987654320987666 84.660408217999574 505.25000000000006 1.8397435897435901 1.4018062483443783 95.000000000000014 6.3750000000000009 21.500000000000004 3.5000000000000004 87.250000000000014 6.5000000000000009 85.05981954403039 -1.0000000180025095e-35 1.6195894043206689 0.31501957265691771 83.125000000000014 0.14914328070780244 78.250000000000014 6.2500000000000009 24.500000000000004 -2.0709454449058287 31.500000000000004 -1.2499999999999998 1.0000000180025095e-35 1.8124274644935359 -1.5090050879550674 0.079963279963279968 0.74537037037037046
decision_type=2 2 2 2 2 2 2 2 2 2 2 2 2 2 2 2 2 2 2 2 2 2 2 2 2 2 2 2 2 2 2 2 2 2 2 2 2 2 2 2 2 2 2
left_child=3 2 5 4 13 6 7 17 23 10 26 21 18 14 29 -5 31 25 22 27 -10 -6 -9 -4 28 33 -3 -7 -15 -1 -14 -13 -29 -2 -35 -24 41 -16 -20 -8 -23 -17 -11
right_child=1 9 8 15 11 19 39 12 20 42 -12 16 30 24 37 36 -18 -19 38 -21 -22 40 35 -25 -26 -27 -28 32 -30 -31 -32 -33 -34 34 -36 -37 -38 -39 -40 -41 -42 -43 -44
leaf_value=0.02230017971597591 0.040404548911812117 0.060653714905238791 0.067340686119633925 -0.0027288721101661152 -0.011660682909981691 -0.041419533768012412 -0.01176373302337877 0.0071173553001575383 -0.016861916794151315 0.052215687790469804 0.004512059324405719 9.7627913089023017e-05 0.0046434724819597976 -0.0019303658329697057 0.056698632532338658 -0.061178911402302763 0.021447473631335423 -0.0085227521751935851 0.022804567319474386 -0.051018122952231876 0.032449779346155776 -0.056234268152495451 -0.016331031872050029 0.030553747208822341 0.0085216997832876732 0.052032462353011122 0.025851924632216444 -0.022027291095373332 -0.044576243128745412 -0.015670065097888763 0.043338524639937558 -0.037549136308892672 0.0080708940115997215 -0.012767335849627724 0.031610575671629476 -0.047957204178931262 -0.024047844126573785 0.022308308904806864 -0.006870721530253034 -0.042989624989195854 -0.033817498022163252 -0.041542417439269147 0.078549190414705802
leaf_weight=18.366802573204041 23.686091393232346 34.643885910511017 30.281199187040329 14.484832957386969 16.432755723595619 17.104851245880127 20.447997540235519 17.267399221658707 18.673868805170059 21.245748832821846 34.905494391918182 16.726411372423172 23.350404739379883 17.376074582338333 19.141964554786682 58.176574423909187 17.554783999919891 19.454428464174271 24.754914551973343 25.942228853702545 18.305730327963829 50.750927582383156 28.337853074073792 32.203363671898842 29.114860832691193 33.449708163738251 32.516608595848083 23.2646404504776 20.147013366222382 29.394973486661911 18.878991946578026 31.058239176869392 32.976336508989334 19.447595492005348 23.273680076003075 23.233835816383362 15.284960210323332 20.151073902845383 18.309752374887466 19.105572238564491 18.462462544441223 27.898981019854546 21.399848580360413
leaf_count=86 101 142 124 72 88 85 91 76 82 86 147 83 101 80 80 338 86 84 109 141 80 287 135 132 133 139 135 104 100 138 83 153 155 86 101 110 80 94 80 89 104 155 87
internal_value=0 0.0137889 0.00576145 -0.0213096 -0.012195 -0.00111672 0.0061248 0.0110762 0.0339993 0.0419423 0.030955 -0.0301061 -0.0005288 0.00548158 0.0178237 -0.044972 -0.0121206 0.0259481 -0.00935869 -0.0237785 0.00776015 -0.0435291 -0.0216396 0.0491613 -0.010667 0.0326817 0.0444305 -0.0135873 -0.0253907 -0.000910714 0.0225448 -0.0246395 -0.00454683 0.0223073 0.0115789 -0.0312203 -0.0509231 0.0400532 0.010318 -0.0275349 -0.0508215 -0.0553645 0.066927
internal_weight=0 656.462 511.75 420.524 304.678 412.286 312.998 273.445 99.4642 144.712 102.066 150.986 154.133 153.693 87.0548 115.845 65.3394 119.312 111.904 99.2881 36.9796 85.6461 68.8391 62.4846 66.6379 99.8571 67.1605 73.3458 37.5231 47.7618 42.2294 47.7847 56.241 66.4074 42.7213 51.5717 101.361 39.293 43.0647 39.5536 69.2134 86.0756 42.6456
internal_count=5042 2885 2288 2157 1512 1870 1385 1205 418 597 424 801 694 711 398 645 322 511 510 485 162 479 321 256 313 427 277 344 180 224 184 236 259 288 187 245 573 174 189 180 391 493 173
is_linear=0
shrinkage=0.05


Tree=13
num_leaves=43
num_cat=0
split_feature=10 32 301 289 282 114 143 2 0 14 34 30 289 30 259 288 301 301 44 291 141 282 33 10 105 36 100 54 157 29 106 201 288 30 53 101 220 56 31 193 30 30
split_gain=105.551 45.5479 42.5205 36.09 31.9736 27.1095 24.7581 21.0119 20.7536 18.4273 18.3905 18.3677 17.7428 16.8938 12.723 12.23 11.5966 10.5709 10.2912 10.2605 9.91324 9.46226 8.57683 9.98147 8.36716 8.15586 7.94483 7.69383 7.34051 7.19872 7.13348 8.10444 7.03744 6.62992 6.58231 6.17293 5.32271 4.23455 3.437 2.97763 2.51474 0.363838
threshold=0.12500000000000003 1.8391716391716395 0.010862807828173683 0.36447543099728863 -1.7499999999999998 25.000000000000004 28.750000000000004 81.250000000000014 78.250000000000014 0.12500000000000003 -1.9521451521451521 2.3706293706293713 0.44312301391210612 -1.5372318802502165e-16 -5.2904464887756655 -0.48314718476766422 3.1290767563470774e-16 0.0026768598360975859 27.500000000000004 0.96424010217113676 41.500000000000007 0.75000000000000011 -3.0586872586872578 0.29166666666666669 13.500000000000002 1.5238585621733911 11.625000000000002 787.50000000000011 7.5000000000000009 0.68571428571428628 5.5000000000000009 9.6250000000000018 0.19337368024598436 1.732867132867133 17.500000000000004 10.500000000000002 4.5000000000000009 12.250000000000002 0.75830927374007751 15.250000000000002 0.42407592407592426 0.71378621378621399
decision_type=2 2 2 2 2 2 2 2 2 2 2 2 2 2 2 2 2 2 2 2 2 2 2 2 2 2 2 2 2 2 2 2 2 2 2 2 2 2 2 2 2 2
left_child=1 4 3 6 7 -5 21 -1 13 14 -8 12 19 -7 38 -11 29 32 25 20 26 22 -2 24 28 27 34 -12 -24 -3 31 -9 40 -18 36 -15 -6 -4 -10 -25 -14 -23
right_child=2 16 37 5 11 8 10 30 9 15 18 -13 17 35 -16 -17 33 -19 -20 -21 -22 41 23 39 -26 -27 -28 -29 -30 -31 -32 -33 -34 -35 -36 -37 -38 -39 -40 -41 -42 -43
leaf_value=0.073406986764031346 -0.00064962582317260173 0.02441470016320315 -0.029829410722357626 -0.04537904862747133 -0.034704628427558407 0.027694865987568568 0.03712536584951933 0.034426956571944466 0.043542897191933355 0.030888942796520037 0.029409535676355805 -0.028271571824898329 0.06724877285033834 -0.041674382093459833 0.015055840269299924 -0.016611239553597248 -0.013498331927569541 0.001498345660667057 -0.039421536501971131 0.035888366580011981 0.028520861368333372 -0.061081489189048523 -0.045791134923723151 -0.025614222006774514 0.0082263502530829785 -0.024191318480470094 0.019211218505960709 -0.010197386701759075 -0.010135339551956883 -0.01383737247436388 0.052974703529019021 -0.005970062073268184 0.024308022181054569 -0.056015249266525069 0.0092981201401516455 -0.0033021926573323654 -0.0032525195542321174 -0.059318027281280689 0.078671974158761898 -0.051768333309790651 0.039517296629529568 -0.04126367894500392
leaf_weight=44.440233871340752 30.942184999585152 18.844978287816048 20.959213331341743 20.554485455155373 31.333130925893784 20.5126983076334 24.013883292675018 29.827650502324104 19.294579327106476 23.61737371981144 24.636456832289696 21.362326040863991 26.150314182043076 25.468859985470772 23.357523694634438 29.195143476128578 18.627434283494949 18.285420909523964 22.928967922925949 27.874321773648262 28.71003720164299 18.631576120853424 27.533231154084206 18.722414016723633 22.156822577118874 24.905685380101204 26.265762999653816 22.759713098406792 30.709202364087105 31.350284412503242 21.192528963088989 20.354426652193069 31.597576692700386 18.80761131644249 24.383833602070808 17.657453432679176 23.421081751585007 47.378596127033234 18.903676062822342 44.238498508930206 21.038676485419273 16.691813543438911
leaf_count=182 145 81 117 106 142 87 104 123 80 107 116 98 106 130 103 134 94 82 123 125 121 101 136 103 103 120 116 108 148 140 87 85 131 103 107 81 106 280 81 251 87 97
internal_value=0 0.0173969 -0.0140101 -0.00915173 0.0246019 0.00765718 -0.0192929 0.046613 0.0140006 0.0266546 -0.00107855 0.0153779 0.0190722 -0.00880107 0.0450201 0.00480977 -0.0150919 0.0358717 -0.0109979 0.00884665 0.00300226 -0.0295997 -0.0245593 -0.0296796 -0.0176593 -0.00156917 -0.00415125 0.0105725 -0.0274795 0.000720111 0.0291464 0.018245 0.0437306 -0.0357607 -0.0120482 -0.0263943 -0.0215506 -0.0508345 0.0624912 -0.0445131 0.0559616 -0.0531106
internal_weight=0 483.868 595.77 527.432 396.237 198.562 328.87 115.815 178.007 114.368 119.245 280.422 259.06 63.639 61.5558 52.8125 87.6303 97.072 95.2308 161.988 134.114 209.626 174.302 143.36 80.3993 72.3019 105.404 47.3962 58.2424 50.1953 71.3746 50.1821 78.7866 37.435 79.138 43.1263 54.7542 68.3378 38.1983 62.9609 47.189 35.3234
internal_count=5077 2116 2961 2564 1698 909 1655 477 803 505 571 1221 1123 298 264 241 418 406 467 717 592 1084 886 741 387 344 471 224 284 221 295 208 324 197 355 211 248 397 161 354 193 198
is_linear=0
shrinkage=0.05


Tree=14
num_leaves=48
num_cat=0
split_feature=9 301 289 113 283 14 14 99 176 289 289 48 32 99 103 15 288 33 38 36 103 8 283 16 58 104 34 99 31 107 14 233 46 44 111 220 148 9 79 210 261 279 288 299 281 220 148
split_gain=110.844 62.3348 48.7809 41.0577 32.1003 25.3221 24.5391 19.928 19.1591 22.5853 13.5244 13.4965 12.8629 12.2293 11.7713 11.7135 10.81 10.0548 9.8697 8.64554 8.25756 8.04221 7.75835 7.51822 12.2245 10.0451 11.3712 7.2828 7.23732 7.17625 6.59743 7.39945 6.96546 6.57193 5.59992 5.38788 5.38725 4.6782 4.14806 3.76573 3.08669 2.8229 2.73613 1.10407 0.697351 0.141293 0.00883714
threshold=1.2500000000000002 0.00061323685712239126 0.1318557721318592 45.000000000000007 -0.34057971014492744 0.097222222222222224 0.12500000000000003 6.8750000000000009 1.2500000000000002 0.45847758937963173 -0.15101602693478741 1.9734902778381043 0.65868725868725886 6.3750000000000009 9.5000000000000018 7.5000000000000009 -0.39036798905311365 -2.5891891891891889 0.37500000000000006 1.4651295713742774 5.5000000000000009 97.500000000000014 -0.10172413793103448 0.12500000000000003 15.500000000000002 8.5000000000000018 -0.47048087048087045 6.6250000000000009 0.59739130434782617 105.62500000000001 0.041666666666666671 62.500000000000007 132.50000000000003 7.5000000000000009 215.00000000000003 3.5000000000000004 25.500000000000004 3.2500000000000004 80.625000000000014 3.5000000000000004 5.0000000000000009 -1.4059017451426665 0.26037272046371446 0.15634106693249752 85.11219684209307 1.5000000000000002 28.500000000000004
decision_type=2 2 2 2 2 2 2 2 2 2 2 2 2 2 2 2 2 2 2 2 2 2 2 2 2 2 2 2 2 2 2 2 2 2 2 2 2 2 2 2 2 2 2 2 2 2 2
left_child=1 2 5 16 20 10 7 35 9 30 23 -9 -13 -7 22 18 -4 -15 -11 39 28 34 -8 25 36 26 -1 -26 -2 -24 31 -6 -32 -28 -3 -5 -25 -10 -12 -14 -22 44 -34 -18 -19 -46 -36
right_child=4 21 3 6 8 13 14 11 37 15 38 12 19 17 -16 -17 43 41 -20 -21 40 -23 29 24 27 -27 33 -29 -30 -31 32 -33 42 -35 46 -37 -38 -39 -40 -41 -42 -43 -44 -45 45 -47 -48
leaf_value=-0.030065312512946165 0.055340643712377659 -0.026766856717882665 -0.0022109321620664792 0.019787745051975628 0.021168099580808081 -0.0046894807039273827 0.010299036541909064 0.0040852715711464701 0.025665188423421626 0.069551290766775534 -0.052084764339915317 0.014703371314592465 0.084002462099099756 -0.0053908698428698299 0.02908785822752892 0.0030079028030674361 -0.055735278889294505 -0.036573700886443829 0.020654025086160963 0.029418382366879367 0.047288300674927723 -0.0077590862511073546 -0.050365208574722924 -0.043561685401572355 0.032288423983523599 0.036678118672578641 -0.011166995322591203 -0.0083445323257415865 0.015072944896203401 -0.0065316023515523116 0.0036050526954044038 -0.018577989842988453 -0.017415068535781061 0.025768332987584731 -0.057147189661017221 -0.016166996457116774 -0.0080584518085784467 0.060425679852215711 -0.015875150936956003 0.051880101291987862 0.078100849792114554 -0.024765268983656066 -0.046446953895464022 -0.032110333827781383 -0.046315104837295493 -0.061193631744710021 -0.041702113256352806
leaf_weight=21.410162448883057 19.859791159629822 26.939366489648819 26.627632200717926 19.667275726795197 29.120306193828583 29.113581240177155 21.196425244212151 18.89761509001255 21.560509860515594 20.099850833415985 16.483120009303093 20.514180690050125 29.459023177623749 16.607387572526932 21.267246246337891 27.581755951046944 15.808717712759973 14.856041908264158 22.592541247606277 19.323690682649612 23.361965164542198 14.567199587821959 16.723311424255371 25.939673319458961 16.964640587568283 23.589002519845963 18.090605840086937 27.778449788689613 26.298173546791077 20.467581957578659 20.757389068603516 18.213776290416718 18.023772925138474 32.475778982043266 63.737418711185455 20.022315710783005 18.60844849050045 21.414446607232094 16.752079546451569 24.475569128990173 24.207035019993782 13.97396908700466 17.341127187013626 16.145589634776115 26.83767768740654 32.515442326664925 14.555331289768217
leaf_count=98 81 144 128 88 127 154 96 84 91 83 80 86 122 86 95 114 86 83 94 86 96 71 83 130 79 103 81 132 108 99 92 81 85 144 384 91 86 87 80 103 100 79 81 78 156 190 77
internal_value=0 -0.0102315 -0.00403013 0.0111109 0.0251633 -0.0165261 0.0205496 0.0322439 0.0144695 0.00696305 -0.00596336 0.0428945 0.0505899 -0.0335581 -0.00194097 0.0286327 -0.0259889 -0.0414584 0.0447401 0.0603057 0.0494747 -0.0431864 -0.0135425 -0.000613935 -0.0109827 0.00908751 -0.000333507 0.00743079 0.0332045 -0.0270446 -0.00788958 0.00580618 -0.0193401 0.0125941 -0.0479714 0.001698 -0.0292339 0.0439666 -0.0348303 0.0706351 0.0642535 -0.0481143 -0.0325366 -0.0451349 -0.0521233 -0.0553449 -0.0548379
internal_weight=0 762.392 642.592 290.596 310.432 351.996 232.014 152.36 216.705 173.731 218.092 112.67 93.7725 133.904 79.6546 70.2741 58.5819 104.791 42.6924 73.2583 93.727 119.799 58.3873 184.857 89.2912 95.5655 71.9765 44.7431 46.158 37.1909 103.456 47.3341 56.1223 50.5664 105.232 39.6896 44.5481 42.975 33.2352 53.9346 47.569 88.1831 35.3649 31.9543 74.2092 59.3531 78.2928
internal_count=5082 3762 3086 1325 1320 1761 1033 660 935 757 1013 481 397 748 373 291 292 594 177 311 385 676 278 853 427 426 323 211 189 182 466 208 258 225 605 179 216 178 160 225 196 508 166 164 429 346 461
is_linear=0
shrinkage=0.05


Tree=15
num_leaves=45
num_cat=0
split_feature=16 9 9 283 111 111 282 279 154 283 30 289 105 36 50 12 289 36 291 283 301 30 12 274 36 198 41 31 182 291 210 1 95 287 286 99 275 206 110 111 157 277 278 110
split_gain=111.527 51.7434 44.3504 23.1651 20.1698 18.5276 18.0124 19.8881 18.5038 16.5765 17.1233 12.5792 20.9938 12.2005 11.2312 9.54256 9.97053 9.38824 9.30674 9.19322 8.68844 8.60516 8.56244 8.51262 7.88423 8.5811 7.59017 7.33995 10.6841 9.61436 6.21542 6.15125 6.88388 5.53004 5.24006 4.79738 4.37571 4.05234 3.97707 4.03653 3.91676 3.85131 3.35036 0.446535
threshold=0.12500000000000003 1.0000000180025095e-35 1.2500000000000002 -0.080128205128205107 215.00000000000003 215.00000000000003 -1.7499999999999998 -1.5892773204408244 37.250000000000007 -0.34057971014492744 1.4055944055944061 0.097680735332368748 13.500000000000002 2.0874033007208967 0.9987176982272713 0.062500000000000014 0.1318557721318592 1.1679879216624778 0.95445134575569368 0.4188596491228071 -1.6629840271086737e-17 0.47362637362637372 1.0000000180025095e-35 -2.2330078284183146 1.2969919201182452 2.1250000000000004 10.500000000000002 0.70549328375118869 11.500000000000002 0.84412955465587058 1.5000000000000002 78.500000000000014 68.500000000000014 0.99999999999998224 0.39009347578333858 7.6250000000000009 89.690096335680337 1.0000000180025095e-35 98.125000000000014 155.00000000000003 10.500000000000002 -1.986383236536218 85.650066981935638 81.250000000000014
decision_type=2 2 2 2 2 2 2 2 2 2 2 2 2 2 2 2 2 2 2 2 2 2 2 2 2 2 2 2 2 2 2 2 2 2 2 2 2 2 2 2 2 2 2 2
left_child=2 3 4 11 13 6 23 8 18 40 19 20 31 15 -6 16 17 -1 41 22 -2 -7 -11 -3 25 -5 33 28 -24 -30 -19 -13 -33 -9 -16 -18 -32 -37 -22 -40 -4 -8 -27 -26
right_child=1 5 9 24 14 21 7 26 -10 10 -12 12 -14 -15 34 -17 35 30 -20 -21 38 -23 27 -25 43 42 -28 -29 29 -31 36 32 -34 -35 -36 37 -38 -39 39 -41 -42 -43 -44 -45
leaf_value=-0.012227182851610171 -0.0025355981393324982 0.0084119046205533045 0.040242636162519316 0.0014645255337683571 0.0086452416788354962 -0.0059409168117777345 -0.049096593509319574 0.010777373954075048 0.027739138214284018 0.066050422141443341 -0.015629465573147663 -0.037149552875669685 0.043397778947020876 -0.019927809236665196 -0.054067106924736097 -0.009515105013040457 0.016653530624456264 0.002666495912536657 -0.000398825766495784 -0.00052763059223656346 -0.052084749103029897 -0.048809587977164587 0.058807043521543749 0.045478063029274096 -0.037955580635484126 -0.024654227451398499 -0.0056601899787251985 0.0041077191765119146 -0.0049471078719543204 0.043246281430864293 0.015716111587241247 0.018546846194084889 -0.02530947045558158 0.046342127504771881 -0.01561714135735616 0.063212819587468341 0.051155193177437441 0.028969047565235492 -0.013185313302247743 -0.044990488863048364 0.067034688359095956 -0.020431721756823142 -0.051750239625992359 -0.056420369848924561
leaf_weight=29.990863308310509 26.330012604594231 27.221730679273605 33.398233696818352 16.854019418358803 19.643042519688606 24.854606330394745 31.165443658828735 20.0813347697258 18.955044567584991 20.668485432863235 21.521036058664322 19.868702173233032 19.626390382647514 26.067971363663673 20.424240201711655 29.910994872450829 21.971528753638268 26.341318637132645 23.99598340690136 18.827977448701859 25.576525300741196 21.677619606256485 32.110283553600311 36.689122840762138 13.228550150990484 25.051477238535881 19.70185986161232 21.349097579717636 19.998114347457886 20.045480221509933 18.121390119194984 17.665521755814552 16.198301523923874 25.194605588912964 17.014006718993187 19.34920072555542 18.405105978250504 20.512014925479889 26.591645136475563 16.292477279901505 35.780661284923553 22.04737401008606 26.953452125191689 62.9324711561203
leaf_count=134 131 115 138 86 93 113 150 91 86 85 94 99 87 125 110 134 94 117 114 80 138 114 133 154 81 133 88 94 85 84 80 83 79 111 80 80 81 85 142 90 148 108 158 409
internal_value=0 -0.0141119 0.0181709 -0.0279289 0.00440739 0.00186487 0.00782482 -0.00112621 -0.0155052 0.0345519 0.0251667 -0.0151614 0.000413982 0.0115543 -0.0217146 0.0160834 0.0210624 0.0105175 -0.0263408 0.0318354 -0.0270938 -0.0265185 0.0371307 0.0300632 -0.0425276 -0.0295271 0.0200664 0.0301068 0.0376382 0.019644 0.0213894 -0.0157924 -0.00255547 0.0311418 -0.0374542 0.0364789 0.0344606 0.0467317 -0.0363664 -0.0260186 0.0548577 -0.037816 -0.0394091 -0.0537467
internal_weight=0 584.754 491.451 313.17 267.752 271.585 225.052 161.142 96.1638 223.699 154.52 168.15 73.3589 210.67 57.0813 184.602 154.691 92.8587 77.2088 132.999 94.7907 46.5322 114.171 63.9109 145.02 68.8589 64.9778 93.503 72.1539 40.0436 62.8678 53.7325 33.8638 45.2759 37.4382 61.8327 36.5265 39.8612 68.4606 42.8841 69.1789 53.2128 52.0049 76.161
internal_count=5114 2960 2154 1716 1213 1244 1017 748 458 941 655 849 348 930 283 805 671 412 372 561 501 227 481 269 867 377 290 396 302 169 278 261 162 202 190 259 161 165 370 232 286 258 291 490
is_linear=0
shrinkage=0.05


Tree=16
num_leaves=43
num_cat=0
split_feature=9 9 261 301 11 5 301 289 282 301 282 101 288 33 235 289 98 109 36 277 115 259 36 1 55 12 143 291 36 30 42 42 283 291 12 201 109 8 278 9 275 214
split_gain=98.0027 48.5359 35.3069 33.0893 33.0788 19.6685 18.1857 17.25 16.5599 14.1416 12.3015 12.2961 15.9727 10.6312 10.4401 10.0993 10.069 9.88465 9.27384 8.45051 10.7262 12.7231 7.51396 7.39433 7.07079 6.96299 7.75446 6.73639 6.1443 5.86463 5.82526 5.68293 4.66205 4.59815 5.93233 4.59751 4.41401 4.38338 3.48032 3.47265 2.56864 0.581106
threshold=1.0000000180025095e-35 3.2500000000000004 5.0000000000000009 0.010862807828173683 7.5000000000000009 74.500000000000014 3.4674727357671289e-14 0.41202506375868281 1.0000000180025095e-35 1.0448356735617115e-09 -0.74999999999999989 9.5000000000000018 -0.32614396506100213 0.29266409266409227 930.50000000000011 0.1318557721318592 0.31250000000000006 126.25000000000001 1.1658395482950017 -2.9791059628279237 215.00000000000003 -4.0882210810840842 1.3879179162275554 81.250000000000014 777.50000000000011 0.062500000000000014 16.250000000000004 0.84731934731934744 1.4833899732862526 0.42407592407592426 9.5000000000000018 6.5000000000000009 -0.27525252525252519 0.94987468671679209 0.18750000000000003 7.7500000000000009 131.25000000000003 17.500000000000004 85.961191176647958 6.5000000000000009 81.035232447995554 1.0000000180025095e-35
decision_type=2 2 2 2 2 2 2 2 2 2 2 2 2 2 2 2 2 2 2 2 2 2 2 2 2 2 2 2 2 2 2 2 2 2 2 2 2 2 2 2 2 2
left_child=4 2 8 5 9 -4 7 17 14 15 39 12 -7 -9 19 18 -13 37 -1 -2 21 25 31 -17 -14 26 -21 -11 36 30 -27 -10 -16 34 40 -20 -8 -6 -39 -3 -18 -40
right_child=1 10 3 -5 6 11 28 13 22 27 -12 16 24 -15 32 23 33 -19 35 20 -22 -23 -24 -25 -26 29 -28 -29 -30 -31 -32 -33 -34 -35 -36 -37 -38 38 41 -41 -42 -43
leaf_value=-0.031962381673217945 -0.021545881448550065 0.047070745629893551 -0.015856374747910271 -0.029404656807102466 -0.011546133982419684 0.043514672927492025 -0.048598037722717161 -0.019313018259736543 0.0016184461432114734 -0.0002303750944803039 0.023466003168616537 0.016035020071693478 -0.028606886861857164 0.024859974334545135 0.0021732697683448663 0.0097641007526238794 0.03150912465801306 0.0040691949321263292 0.023396211947748602 0.045670931170468457 -0.016375645382787362 0.05167255977895481 -0.05411085939744531 0.050576783247698598 0.013751551254368971 0.0056619482302520639 0.0071654472755119511 -0.042593285055120882 -0.05550442158091954 0.015411753383384776 -0.033725573772766665 -0.030062633698922432 -0.029733188706633981 0.065427272714776316 0.015530409489854281 -0.0071436779386500407 -0.016572584744760404 -0.023489972775593046 -0.03657454455590016 0.077516967477529702 0.05610898753218041 -0.055379435988311347
leaf_weight=18.876527369022369 21.135363876819611 27.899284929037094 23.195556610822678 28.197349205613136 14.805452972650526 24.943998366594315 18.437881976366043 23.787019342184067 25.79159577190876 15.660920858383177 35.617218732833862 34.60923370718956 18.515831038355827 29.300488010048866 17.76316237449646 27.103104218840599 21.349180296063423 17.362255409359932 24.2727430164814 22.119588434696198 28.241670876741409 21.322515457868576 16.066523864865303 18.548501580953598 19.016069486737251 18.506752908229828 31.14260445535183 22.454927816987038 60.93755915760994 30.618887782096863 17.551484853029251 30.113676115870476 30.563048109412193 29.016837671399117 19.713357955217361 23.347428143024445 27.907825842499733 20.437411561608315 15.67176893353462 24.312730669975281 39.275819644331932 31.756412744522095
leaf_count=90 93 116 105 144 76 104 101 119 118 81 149 144 81 133 77 122 88 93 112 95 131 95 89 79 81 84 132 127 398 140 82 151 147 120 82 107 159 115 93 103 161 195
internal_value=0 0.012696 0.00731377 0.020957 -0.0184124 0.0272416 -0.0291583 -0.0179117 -0.00403028 0.000279619 0.0470761 0.0321372 0.0133265 0.00507617 0.00232655 0.00923705 0.0401522 -0.0300409 -0.00322897 0.00759753 0.0113365 0.016953 -0.0248792 0.0270752 -0.00734548 0.0104044 0.0237036 -0.0256382 -0.0448964 -0.00041241 -0.0139028 -0.0156751 -0.0181991 0.0475704 0.0403958 0.00858401 -0.0300707 -0.0371676 -0.0425083 0.0624385 0.048098 -0.0500492
internal_weight=0 656.599 568.77 257.833 410.668 229.636 260.404 153.121 310.937 150.264 87.8292 206.44 62.4759 53.0875 238.965 112.148 143.964 100.033 66.4967 190.639 169.504 141.262 71.9718 45.6516 37.5319 119.939 53.2622 38.1158 107.283 66.6771 36.0582 55.9053 48.3262 109.355 80.3384 47.6202 46.3457 82.671 67.8656 52.212 60.625 47.4282
internal_count=5112 2912 2544 1110 2200 966 1482 824 1434 718 368 861 266 252 1076 510 595 572 309 852 759 628 358 201 162 533 227 208 658 306 166 269 224 451 331 219 260 479 403 219 249 288
is_linear=0
shrinkage=0.05


Tree=17
num_leaves=45
num_cat=0
split_feature=9 9 39 301 289 12 282 101 289 283 8 3 117 29 5 234 297 99 279 41 107 291 48 301 137 26 8 301 57 195 98 289 56 297 110 123 33 226 31 274 272 66 49 102
split_gain=91.7012 35.8078 30.0721 27.986 25.6808 23.4895 19.2212 12.4357 12.4194 12.4181 10.4812 10.4171 9.62157 8.62087 8.51401 10.0334 8.75513 8.42745 10.4298 8.24888 7.98115 7.97381 7.68217 7.3963 7.35063 10.1721 8.31263 6.99981 8.3394 6.88024 6.44832 6.24166 4.67064 4.06538 3.70049 3.16933 3.08421 3.06125 2.45058 2.36451 2.30253 1.82596 1.55279 1.16868
threshold=1.0000000180025095e-35 3.2500000000000004 0.41428571428571431 0.0066143426162365614 0.16587474750015932 0.062500000000000014 -0.74999999999999989 9.5000000000000018 0.82293497932636273 0.11882352941176472 67.500000000000014 82.687500000000014 6.1875000000000009 -1.712915523707384e-16 87.250000000000014 39.500000000000007 4.7500000000000009 8.1250000000000018 -1.9943983401524328 6.5000000000000009 90.625000000000014 0.9298029556650248 2.1703287435552885 8.5249913658579494e-18 38.500000000000007 0.069444444444444461 27.500000000000004 1.0000000180025095e-35 12.250000000000002 1.5000000000000002 0.62500000000000011 -0.6652727025667432 12.250000000000002 5.7500000000000009 151.25000000000003 6.5000000000000009 -0.30888030888030887 3.5000000000000004 0.79514589782572864 -2.0160051955045386 -1.6660749605237415 1.0000000180025095e-35 -0.83626259324199814 11.500000000000002
decision_type=2 2 2 2 2 2 2 2 2 2 2 2 2 2 2 2 2 2 2 2 2 2 2 2 2 2 2 2 2 2 2 2 2 2 2 2 2 2 2 2 2 2 2 2
left_child=2 3 27 4 9 17 8 11 21 12 30 22 -2 -12 15 20 -16 18 -4 -11 -14 36 -6 42 25 26 -18 28 -1 -8 33 -23 -5 -9 -25 -31 -7 -32 -29 -34 -22 -40 -3 -37
right_child=1 23 5 32 7 6 29 10 -10 19 13 -13 14 -15 16 -17 24 -19 -20 -21 40 31 -24 34 -26 -27 -28 38 -30 35 37 -33 39 -35 -36 43 -38 -39 41 -41 -42 -43 -44 -45
leaf_value=-0.041140157934345611 0.037299698943801717 0.066674045185647818 0.030060008306775382 -0.0056890889796381971 -0.02211449153583879 -0.0070706856516421007 -0.0051860273701319955 0.0076217903979100936 0.033977180050857675 -0.00091372866764694895 -0.0032905979919908498 0.036238757893422478 0.022124001830927189 0.031236455389364527 -0.016903833149468618 -0.039990112513097725 0.0022803794299136836 0.043060549668623299 -0.021605099324467959 -0.046665257270762033 -0.027969282271008297 0.028615142033638293 0.014329723774326984 0.010823485348932448 0.04157461159853424 -0.015427393199587284 0.038977265312035977 -0.028648765888570141 -0.0028334953337649858 -0.02418831706695768 0.06596340852048363 -0.010649944821055473 -0.051542995353248904 0.038557191737697893 0.040827077001899539 -0.054391204114827868 -0.035164003590447079 0.038149341120957074 -0.033172461522090267 -0.023686301998414649 -0.0025610905813821215 -0.055455054779278284 0.04161227436811693 -0.032196443911570685
leaf_weight=27.976148128509521 19.030519932508469 22.579459264874458 18.444756299257278 17.194304212927818 30.969715341925621 15.95039092004299 17.162527829408646 19.208714067935944 18.420107632875443 18.008659347891808 34.076538383960724 18.973844975233078 22.250870302319527 37.097475916147232 26.220193207263947 21.75171834230423 32.153225362300873 21.59264974296093 18.655514776706696 20.86066822707653 17.198365926742554 16.241559967398643 25.481596738100052 22.206297904253006 19.882574036717415 29.201211825013161 28.910753384232521 22.381779760122299 28.188031628727913 23.669867917895317 24.853461340069771 23.626314207911491 16.561021134257317 24.540995329618454 19.87262587249279 32.692335963249207 26.948374956846237 26.790158689022064 18.392903000116348 19.202867016196251 17.918175905942917 51.950345888733864 19.928918331861496 14.443957149982451
leaf_count=149 80 96 82 84 140 84 101 81 84 83 142 81 101 154 118 100 142 95 93 110 81 81 108 92 84 140 128 121 144 133 103 119 87 101 82 207 137 111 112 103 82 329 85 84
internal_value=0 0.0112777 -0.0191685 0.00672434 0.010294 -0.00843769 -0.0169988 0.0221212 -0.00207156 -0.000217515 0.0297133 0.00518556 0.00415179 0.0148891 0.00106559 -0.0118934 0.00861609 0.0189755 0.00419551 -0.0260226 -0.000737468 -0.0104042 -0.00570083 0.0414358 0.0147884 0.00849738 0.0200026 -0.036856 -0.0223005 -0.0339526 0.0405046 0.00565483 -0.0275619 0.0254486 0.0256121 -0.040756 -0.0251175 0.0525336 -0.0453404 -0.0376369 -0.0154347 -0.0501754 0.056151 -0.0484002
internal_weight=0 652.925 396.738 568.338 515.379 247.848 189.155 241.993 101.187 273.387 166.567 75.4252 234.518 71.174 215.487 79.1191 136.368 58.6929 37.1003 38.8693 57.3674 82.7666 56.4513 84.5873 110.148 90.2652 61.064 148.889 56.1642 87.9687 95.3933 39.8679 52.9582 43.7497 42.0789 70.8062 42.8988 51.6436 92.725 35.7639 35.1165 70.3432 42.5084 47.1363
internal_count=5054 2899 2155 2544 2270 1300 1030 1021 505 1249 692 329 1056 296 976 364 612 270 175 193 264 421 248 355 494 410 270 855 293 525 396 200 274 182 174 424 221 214 562 190 163 441 181 291
is_linear=0
shrinkage=0.05


Tree=18
num_leaves=47
num_cat=0
split_feature=10 283 31 283 289 30 301 32 289 192 10 1 279 34 12 272 151 32 190 1 11 32 32 90 93 274 235 146 10 109 201 283 137 55 190 221 50 31 261 212 273 14 221 101 71 201
split_gain=71.9529 37.0251 28.5491 28.6972 25.5675 20.88 19.6668 17.9581 14.263 14.2094 15.7247 13.3413 13.2888 11.0435 10.2579 9.57582 8.77099 8.75831 8.14197 7.64028 7.10314 6.62016 6.59701 6.72896 11.1682 6.55122 7.82233 6.53758 6.50121 6.49688 6.42153 6.5005 5.34131 5.29106 4.71172 4.45173 4.04268 3.78391 5.16596 3.6033 2.80335 3.28711 1.2704 0.981579 0.69973 0.00509786
threshold=0.12500000000000003 -0.051315789473684204 1.5556914851796526 -1.0000000180025095e-35 0.2332836900311728 -0.33146853146853134 1.0000000180025095e-35 1.8030888030888035 0.44312301391210612 27.250000000000004 0.29166666666666669 84.500000000000014 -1.5229523073872258 0.25286065286065235 0.14583333333333334 -2.089371365827557 42.500000000000007 1.662548262548263 1.0000000180025095e-35 80.125000000000014 12.500000000000002 2.1424710424710427 1.43938223938224 65.125000000000014 67.500000000000014 -1.8323217686899211 10.500000000000002 11.500000000000002 1.0000000180025095e-35 81.250000000000014 12.750000000000002 0.06458333333333334 29.500000000000004 787.50000000000011 3.5000000000000004 1.5000000000000002 0.92343541944074581 0.41620553359683804 5.0000000000000009 2.3333500000000007 91.127374857415461 0.069444444444444461 5.5000000000000009 12.500000000000002 77.500000000000014 7.7500000000000009
decision_type=2 2 2 2 2 2 2 2 2 2 2 2 2 2 2 2 2 2 2 2 2 2 2 2 2 2 2 2 2 2 2 2 2 2 2 2 2 2 2 2 2 2 2 2 2 2
left_child=2 4 3 11 9 12 21 14 30 29 13 22 -3 27 15 -6 -12 18 -7 -16 -9 -4 23 39 -25 26 -13 -11 -10 -2 31 -5 37 -28 -8 -26 -33 -20 42 -1 41 -31 -39 45 -19 -43
right_child=1 5 6 8 7 17 34 20 28 10 16 25 -14 -15 19 -17 -18 44 32 -21 -22 -23 -24 24 35 -27 33 -29 -30 40 -32 36 -34 -35 -36 -37 -38 38 -40 -41 -42 43 -44 -45 -46 -47
leaf_value=0.070013428153458096 -0.0025010074439141311 -0.021723685827646718 0.027139880217096454 0.0059065814401526619 0.011773188328868095 -0.0036654071434906658 -0.047053332707800426 0.0035470446317037124 0.037275771093933083 0.048013739289140593 -0.050685969828044408 0.046227047184487439 0.033308373520054467 -0.016537598751829783 -0.011281911199924024 0.056649806697824823 -0.0041739868091407199 -0.058841061732022554 -0.064199363264220807 0.025954689954076977 -0.035079423584019172 -0.0071643411816495368 0.014179923082760127 0.0030653046537487748 0.027995783817503912 -0.01047480873408956 -0.0069892230089859874 0.0074717053858994117 0.0027426934141850062 -0.020841947142588808 0.0092518332406108655 -0.01086287764871533 -0.0079410565097034324 0.026623565082797115 -0.015037571983398751 0.059120605796373918 -0.043142467849835553 -0.051658067731079019 -0.0099102958294197754 0.038529527755651258 -0.011134097449619613 -0.039920579835701284 -0.028293776159348097 -0.030799308236884617 -0.036691943544281347 -0.057322730103692633
leaf_weight=31.59382027387619 23.884549647569656 24.830417975783348 29.043510943651199 17.730345577001572 19.633137479424477 24.797124639153481 24.922288984060287 28.556251466274261 30.903878688812256 22.695755392313004 16.199497520923615 22.096241340041161 18.069897726178169 16.804841250181198 24.893453806638718 31.827713549137115 25.166372522711754 39.77104290574789 15.607329502701758 28.685023352503777 19.210156559944153 25.812475100159645 21.910722032189369 20.89769272506237 23.432011678814888 18.688312381505966 22.446854963898659 17.873797222971916 24.090143993496895 27.446916073560715 29.048187956213951 17.536345556378365 14.370810121297835 22.742149114608765 23.095797479152679 29.952009499073029 23.423151731491089 24.931010454893112 15.99551412463188 19.369822517037392 14.896383494138716 15.27574744820595 13.577053233981131 17.502817943692207 11.464995369315146 15.030057728290556
leaf_count=133 119 125 123 80 83 134 142 135 128 100 94 93 81 80 109 133 136 286 85 126 105 115 92 87 98 80 96 80 107 131 132 76 79 97 117 125 112 153 83 82 81 84 84 89 77 82
internal_value=0 -0.0122387 0.0140395 0.0204161 -0.00270198 -0.0292813 -0.0092303 0.0128527 0.00272491 -0.0138804 3.30924e-05 0.0311896 0.0016869 0.0168617 0.0243395 0.0400794 -0.0231552 -0.0375172 -0.0290465 0.00876422 -0.0123881 0.0111588 0.0403138 0.0447372 0.0342848 0.0152882 0.0224924 0.0307615 0.0224677 -0.0258232 -0.00976357 -0.0191725 -0.0363663 0.0101372 -0.0322753 0.0462249 -0.0299106 -0.0419991 -0.0345999 0.059019 -0.0319069 -0.0358189 -0.044345 -0.0438139 -0.0546821 -0.0501065
internal_weight=0 568.998 478.736 375.862 365.582 203.415 102.874 152.806 142.732 212.777 98.7403 233.13 42.9003 57.3744 105.039 51.4609 41.3659 160.515 109.279 53.5785 47.7664 54.856 147.156 125.245 74.2817 85.9736 67.2852 40.5696 54.994 114.036 87.738 58.6898 84.4817 45.189 48.0181 53.384 40.9595 70.1109 54.5036 50.9636 90.1519 75.2555 38.5081 47.8086 51.236 30.3058
internal_count=5069 2954 2115 1618 1767 1187 497 691 635 1076 490 983 206 260 451 216 230 981 618 235 240 238 617 525 310 366 286 180 235 586 400 268 484 193 259 223 188 405 320 215 467 386 237 255 363 166
is_linear=0
shrinkage=0.05


Tree=19
num_leaves=44
num_cat=0
split_feature=10 283 32 31 289 289 289 287 301 33 301 291 229 170 183 137 32 100 301 8 10 34 77 47 31 41 272 228 117 112 272 32 220 112 278 188 283 35 33 44 278 278 211
split_gain=64.9405 49.7141 37.1451 27.9713 23.531 17.3893 16.9275 27.816 15.2667 14.2096 12.174 12.0866 11.6604 16.086 10.4407 9.86355 9.42107 9.64517 9.39908 9.24955 9.15717 8.3288 7.99124 7.73112 7.27886 6.84944 6.49814 7.60426 7.33824 5.20524 5.14806 4.29735 4.20976 7.23849 3.9784 3.3381 3.17427 3.0549 2.83622 2.04719 1.49138 0.420097 0.184349
threshold=0.29166666666666669 -0.063508064516129017 1.9111969111969114 1.3988944572912312 0.68274389090025245 0.36447543099728863 0.097680735332368748 0.99999999999999711 2.9580887653944265e-19 -3.0586872586872578 0.0018612906167662323 0.94987468671679209 24.500000000000004 1.5000000000000002 67.500000000000014 32.500000000000007 0.9722007722007725 9.8750000000000018 0.010862807828173683 62.500000000000007 1.0000000180025095e-35 0.035186435186434946 75.437500000000014 -0.24827198427158234 1.2547826086956524 7.5000000000000009 -2.5025229611785229 58.500000000000007 7.1875000000000009 225.00000000000003 -2.1842429375829848 0.68444947410464674 1.0000000180025095e-35 115.00000000000001 81.279896850391694 4.5000000000000009 1.0000000180025095e-35 0.52243118397129218 0.3474903474903473 37.500000000000007 85.590474509382503 81.0309243552297 2.5000000000000004
decision_type=2 2 2 2 2 2 2 2 2 2 2 2 2 2 2 2 2 2 2 2 2 2 2 2 2 2 2 2 2 2 2 2 2 2 2 2 2 2 2 2 2 2 2
left_child=1 2 4 5 10 15 9 18 23 -2 11 12 -1 26 40 16 37 -18 24 -9 -7 38 -22 -4 35 -13 -14 28 -28 -25 -10 -15 -27 -34 -26 -8 -5 -3 41 -38 -11 -6 -42
right_child=6 3 8 36 21 20 7 19 30 14 -12 25 13 31 -16 -17 17 -19 -20 -21 22 -23 -24 29 34 32 27 -29 -30 -31 -32 -33 33 -35 -36 -37 39 -39 -40 -41 42 -43 -44
leaf_value=0.037297706027857695 0.0035621917760507308 -0.021250233417866589 0.030373432579012202 -0.021137678813358495 0.072315029561548408 0.036363063972008051 0.016163380555862396 0.048115361515258206 -0.058084408878203458 -0.033692505986352678 -0.022561877146416984 0.011943553101336641 -0.024329864930037984 0.049662268622624892 -0.0081295856198193798 0.013310399678321911 -0.022389516707530272 0.020990429640295093 -0.053406647505738647 0.0021528597759984916 -0.02379733773055491 0.02393945440165067 0.017383383998534049 0.0048323097312896095 -0.046631704645158506 0.022370665746943248 0.011741004821633955 0.020654184733688016 -0.025470412578667778 -0.027353884461019898 -0.017521518230535084 0.015000091292466331 0.023428658077623985 0.064560677296266106 -0.011365421379231704 -0.01419923365470778 -0.05431940489568679 -0.048009058158855589 0.035656664694577254 -0.026605708603456259 -0.056558206449837903 0.051879678726527212 -0.040413457638038663
leaf_weight=34.168097674846649 20.305057398974895 23.147577315568924 18.186872869729996 20.49424421787262 20.605650290846825 33.701725110411644 17.067348763346672 19.643776118755341 15.30496099591255 19.638441905379295 17.928933843970299 29.617129564285278 28.391754955053329 18.879423812031746 19.227692157030106 27.887152671813965 30.633906528353691 20.572943955659866 20.940809011459351 23.51024141907692 17.290144681930542 35.046875566244125 32.135842487215996 35.009905472397804 18.390212513506413 23.9912319034338 22.836408391594887 34.70808632671833 29.134370163083076 18.38685268163681 17.46029669046402 18.499607071280479 18.911539673805237 29.9166429489851 15.030143633484839 17.146188884973526 29.397091843187809 24.541349843144417 18.96493798494339 12.706317879259585 50.486763335764408 24.493401125073433 15.595838353037832
leaf_count=144 102 115 78 122 88 139 80 90 82 124 84 128 126 81 111 123 153 100 150 108 85 148 140 153 109 103 99 152 131 85 90 80 80 127 81 82 190 125 80 82 326 101 103
internal_value=0 0.00742944 0.0166239 -0.00979071 0.0234496 -0.000984699 -0.0214912 -0.00887341 -0.00991031 -0.0345859 0.0165151 0.0190083 0.0113326 0.00530797 -0.0419306 -0.0126018 -0.0199688 -0.00489289 -0.0248263 0.0236909 0.0166725 0.0445489 0.00279134 0.00312021 -0.015328 0.0327471 -0.00400831 0.0028496 -0.00920642 -0.00654993 -0.0376279 0.0333451 0.0409319 0.0494198 -0.0315624 0.000975973 -0.0388404 -0.0357239 0.0552823 -0.046767 -0.0493312 0.0625827 -0.0534072
internal_weight=0 782.951 510.443 272.508 406.094 209.911 256.983 131.729 104.349 125.254 306.983 289.054 186.618 152.45 104.949 126.783 98.8958 51.2069 88.5747 43.154 83.1277 99.1109 49.426 71.5836 67.6339 102.437 115.071 86.6789 51.9708 53.3968 32.7653 37.379 72.8194 48.8282 33.4204 34.2135 62.5977 47.6889 64.064 42.1034 85.721 45.0991 66.0826
internal_count=5080 3614 2240 1374 1752 980 1466 700 488 766 1335 1251 813 669 664 616 493 253 502 198 364 417 225 316 352 438 508 382 230 238 172 161 310 207 190 162 394 240 269 272 553 189 429
is_linear=0
shrinkage=0.05


Tree=20
num_leaves=46
num_cat=0
split_feature=9 301 289 113 14 283 9 8 32 193 4 31 1 8 32 119 198 29 272 9 235 5 285 39 30 284 286 63 36 259 58 117 79 13 275 301 117 115 285 100 99 74 279 232 182
split_gain=67.9803 45.6914 32.1663 25.4512 23.0344 21.1028 15.6858 15.2419 16.9811 18.4177 13.8971 15.5523 13.1762 11.4685 11.3988 11.2226 11.1597 9.34105 9.2289 8.92493 8.72751 8.21901 8.1874 9.32563 7.76739 7.02025 6.83292 6.32673 6.29544 5.94441 5.88201 7.58478 6.23549 5.80353 5.39892 5.12739 3.91985 3.61586 3.41402 2.53764 1.44005 3.1594 1.11434 1.13896 0.814755
threshold=1.2500000000000002 0.00076183406928703712 0.097680735332368748 45.000000000000007 0.097222222222222224 0.051315789473684217 3.2500000000000004 97.500000000000014 1.6393822393822399 2.2500000000000004 81.750000000000014 0.96652173913043493 81.250000000000014 97.500000000000014 1.9343629343629347 7.2916500000000015 13.875000000000002 -1.6285714285714279 -2.2819639351725072 3.2500000000000004 17.500000000000004 81.500000000000014 9.1875000000000018 0.80909090909090919 1.2083916083916091 1.8708333333333336 0.73814185419033085 88.250000000000014 1.2794372481516454 -8.9633931972938079 14.500000000000002 7.6875000000000009 84.625000000000014 12.500000000000002 88.360055076727392 3.8444632239620088e-16 7.6875000000000009 205.00000000000003 13.562500000000002 9.8750000000000018 5.7916500000000015 7.7500000000000009 -1.9314438166372132 49.750000000000007 52.500000000000007
decision_type=2 2 2 2 2 2 2 2 2 2 2 2 2 2 2 2 2 2 2 2 2 2 2 2 2 2 2 2 2 2 2 2 2 2 2 2 2 2 2 2 2 2 2 2 2
left_child=1 2 4 12 10 6 16 8 9 36 39 29 35 37 30 -9 18 -6 -2 28 33 -22 -18 34 -10 -16 42 -8 -7 -12 31 -13 -32 -11 -24 -4 -5 -3 -20 -1 41 -39 44 -44 -19
right_child=5 13 3 7 17 19 27 15 24 20 11 14 -14 -15 25 -17 22 26 38 -21 21 -23 23 -25 -26 -27 -28 -29 -30 -31 32 -33 -34 -35 -36 -37 -38 40 -40 -41 -42 -43 43 -45 -46
leaf_value=-0.049101188340990719 0.0039877944030776123 -0.019551883307539569 -0.013023274620515505 0.03576157391289083 0.0044933235477872908 -0.0015642232123295888 0.063140735793353109 0.01167466860934265 0.01699078164609592 0.01652473890969083 -0.00081494277592035914 -0.017957244330254113 0.015634926032947579 0.0030624705422782838 -0.034718922429405198 -0.039781315126425465 0.033117779277544099 -0.056913574534632833 0.056256053957736189 0.018651502161297736 0.010702523753973946 0.054657995496980562 -0.028336530078937057 0.023973139286565196 -0.022215220978963068 0.0088893177463611785 -0.014924507460376102 0.029635364924675424 -0.039910802356921328 -0.034285648761197496 0.044799257666468771 0.023333643889476268 0.0090943912041471387 -0.015799154836223153 0.0040227520174305094 -0.051099584853028929 0.068540012078438378 -0.016440371485408785 0.028213256791837817 -0.018755587482202411 -0.055022684003417067 -0.0517633564583342 -0.02137869308407404 -0.044569115865241996 -0.037463093877459677
leaf_weight=15.158404514193537 19.498204439878464 13.913532838225363 15.04982767999172 19.90771572291851 15.328081265091894 24.084647089242935 33.086425364017487 22.701957657933235 22.738136932253838 37.119061678647995 21.923321649432182 18.61282941699028 16.162535771727562 14.166730456054209 17.907455518841743 18.33042286336422 22.854956403374672 29.062878847122192 28.588589355349541 24.340987607836723 20.502943694591522 22.527875632047653 25.83726866543293 24.874652117490768 26.050512574613094 17.393202036619186 27.355305418372154 29.560748338699341 18.387888565659523 32.783903196454048 30.428375288844109 24.786264061927795 21.03004464507103 20.897535473108292 24.381931632757187 23.955440104007721 26.845185816287994 12.488454416394235 23.22589448094368 15.511289253830908 50.813370659947395 15.361027613282202 13.978626608848574 13.479726910591124 18.737182311713696
leaf_count=84 82 80 71 86 78 108 146 101 109 158 103 85 75 70 91 84 94 191 118 102 89 97 111 108 131 82 154 124 90 154 135 118 95 98 108 143 116 75 99 76 339 107 92 87 120
internal_value=0 -0.00857647 -0.00339648 0.00868136 -0.0139949 0.0196824 0.0267901 0.015784 0.0215532 0.029948 -0.00422652 0.00101087 -0.0216476 -0.038654 0.0104063 -0.0117119 0.0186873 -0.0316608 0.0336009 -0.0050193 0.0176395 0.0344332 0.00759938 -0.000500345 -0.00396885 -0.0135795 -0.0370526 0.0480449 -0.018702 -0.021128 0.019381 0.00561937 0.0306589 0.00481127 -0.012854 -0.037101 0.0556239 -0.0450023 0.044458 -0.0348306 -0.0492019 -0.0370425 -0.0447947 -0.0339293 -0.0502131
internal_weight=0 733.009 626.266 292.789 333.477 298.722 231.909 237.621 196.589 147.8 215.535 184.865 55.1678 106.743 130.158 41.0324 169.261 117.942 71.3127 66.8135 101.047 43.0308 97.9488 75.0939 48.7886 35.3007 102.614 62.6472 42.4725 54.7072 94.8575 43.3991 51.4584 58.0166 50.2192 39.0053 46.7529 92.5764 51.8145 30.6697 78.6629 27.8495 75.2584 27.4584 47.8001
internal_count=5064 3774 3103 1358 1745 1290 990 1069 884 644 1023 863 289 671 606 185 720 722 299 300 442 186 421 327 240 173 644 270 198 257 433 203 230 256 219 214 202 601 217 160 521 182 490 179 311
is_linear=0
shrinkage=0.05


Tree=21
num_leaves=46
num_cat=0
split_feature=9 9 282 36 262 5 299 282 50 202 146 283 32 283 20 33 288 288 291 111 137 10 108 110 282 299 282 9 102 299 277 143 100 232 234 75 36 2 277 33 102 227 114 147 274
split_gain=60.2869 28.3976 23.0964 21.5882 20.4072 21.7678 15.1178 11.9865 11.3656 11.2294 10.7333 10.2438 10.1719 12.3284 9.99728 10.2467 7.61645 10.2208 7.60428 7.42988 7.06368 6.94122 6.91035 6.76813 9.53768 6.08857 5.85596 6.29827 5.65846 5.99424 5.03889 4.84195 9.97966 6.55811 4.09257 3.55699 3.4718 3.321 2.73585 2.47959 2.47514 1.99286 1.36791 1.15934 0.681282
threshold=1.0000000180025095e-35 3.2500000000000004 -2.2499999999999996 1.4833899732862526 5.0000000000000009 72.500000000000014 0.14616246434239097 1.0000000180025095e-35 0.97270306258322248 19.500000000000004 9.2500000000000018 -0.080128205128205107 1.5760617760617766 -0.23205128205128203 0.12500000000000003 -0.17374517374517393 0.52766072109828632 0.9053161325100999 0.95445134575569368 185.00000000000003 31.500000000000004 0.12500000000000003 11.250000000000002 106.25000000000001 -1.2499999999999998 0.80459903181144277 -1.7499999999999998 1.7500000000000002 12.500000000000002 0.21496437112783298 -1.5443490207976491 11.250000000000002 6.8750000000000009 15.250000000000002 53.500000000000007 1.0000000180025095e-35 0.97558922682193983 81.250000000000014 -1.7993270039681211 0.82393822393822391 12.500000000000002 39.500000000000007 105.00000000000001 10.500000000000002 -2.0821160321516521
decision_type=2 2 2 2 2 2 2 2 2 2 2 2 2 2 2 2 2 2 2 2 2 2 2 2 2 2 2 2 2 2 2 2 2 2 2 2 2 2 2 2 2 2 2 2 2
left_child=2 4 10 6 7 -6 -4 9 -9 26 39 37 16 -14 15 -8 23 -18 25 21 40 -5 -20 24 -7 44 27 -2 29 -17 -25 33 -33 -28 -12 -23 -10 -3 -38 -1 42 -37 -16 -31 -11
right_child=1 11 3 19 5 12 14 8 36 18 34 -13 13 -15 20 28 17 -19 22 -21 -22 35 -24 30 -26 -27 31 -29 -30 43 -32 32 -34 -35 -36 41 38 -39 -40 -41 -42 -43 -44 -45 -46
leaf_value=0.013031638811429328 0.0056646554023645612 0.05855562634270374 0.019952573715603807 0.0037608515561509724 -0.032914620267289862 0.042266131157620103 0.021104543525086141 0.0087932199971445368 -0.015214922328184572 -0.046444078568530424 0.0055782736465833337 0.012001073611314951 0.018108023346777316 -0.032464302562205165 -0.057191258281851509 -0.001164850479547468 -0.0089015227423382345 0.03416461443085711 0.025470063045604015 -0.053298260287091018 -0.0019219127994817122 -0.015608894759241643 -0.01756059183211859 0.057260136751073679 0.0034246514511228447 -0.0037529459709596809 -0.0081157021504481581 0.037298780034737432 0.0066492945663641397 -0.047957544375406579 0.026072600637421957 0.015848552835908986 -0.026974358576798797 0.029979728613211184 -0.028913231528956321 -0.027692358658596636 -0.059546203205764509 0.029689843239286362 -0.027599460731094694 0.040017517183069715 -0.024124934602139637 -0.054377503379931316 -0.031751756313991256 -0.025655359153813291 -0.027732747669916059
leaf_weight=17.828762471675873 35.115176662802696 32.187556818127632 29.766691632568836 13.835361883044241 21.172117911279202 26.484255850315094 22.794864371418953 19.543142721056938 15.670702189207075 16.533844798803329 16.824916645884514 31.833840772509575 30.924110054969788 18.359560996294022 22.094545461237431 16.734272263944149 32.574838072061539 22.487235084176064 18.005386903882027 53.695161990821362 14.984923675656317 17.39995265007019 17.367183640599251 31.98239728808403 37.651515692472458 21.102468907833099 20.012120142579079 28.155136451125145 18.049424573779106 16.217181175947189 26.177009835839272 22.43623760342598 31.695421352982521 23.961162984371185 16.03423310816288 15.824035704135893 16.508118905127045 19.630742460489273 16.043252564966682 18.236826315522194 18.981709629297256 21.700589381158352 13.365435786545275 16.295851811766624 16.995746254920959
leaf_count=86 151 145 146 71 115 112 107 92 80 82 79 133 131 95 140 84 138 95 81 395 87 107 81 133 156 91 92 115 89 84 110 104 150 114 81 102 94 82 90 81 110 138 84 86 80
internal_value=0 0.00783134 -0.0171927 -0.022971 0.00379095 0.0145271 -0.012282 -0.00456493 -0.023063 0.000493264 0.00889667 0.0348471 0.0190841 -0.00100255 -0.0183839 -0.00725904 0.0246401 0.00898228 -0.0135689 -0.0392601 -0.032512 -0.0276908 0.00444098 0.0315598 0.0198665 -0.0251 0.0083715 0.0201031 -0.0170347 -0.0256747 0.0439009 0.00067901 -0.00925979 0.0128476 -0.0116093 -0.035539 -0.0358898 0.0483893 -0.0450928 0.0273887 -0.0407454 -0.0441354 -0.0487366 -0.0378785 -0.0380374
internal_weight=0 650.61 380.665 311.74 566.958 247.813 189.285 319.145 67.7652 251.38 68.9247 83.6521 226.641 49.2837 159.518 90.0916 177.357 55.0621 90.0046 122.455 69.4266 68.7599 35.3726 122.295 64.1358 54.6321 161.375 63.2703 67.2967 49.2473 58.1594 98.1049 54.1317 43.9733 32.8591 54.9246 48.2221 51.8183 32.5514 36.0656 54.4417 37.5246 35.46 32.513 33.5296
internal_count=5099 2942 2157 1830 2582 1085 1017 1497 356 1141 327 360 970 226 871 450 744 233 415 813 421 418 162 511 268 253 726 266 343 254 243 460 254 206 160 347 264 227 184 167 334 240 224 170 162
is_linear=0
shrinkage=0.05


Tree=22
num_leaves=49
num_cat=0
split_feature=9 9 39 283 301 261 36 97 12 283 8 99 288 63 291 226 38 297 99 10 233 260 43 206 98 192 259 170 31 301 12 104 198 196 146 186 108 58 126 288 58 55 260 39 234 235 143 114
split_gain=56.0161 29.0268 25.0378 21.1823 19.9923 24.5611 17.4696 13.4055 12.1505 10.1175 9.65999 9.97667 16.9603 9.52162 13.9956 9.46991 9.2319 8.91945 7.92754 7.80977 7.70543 6.99853 8.30678 10.8178 6.83626 6.56972 5.97612 5.52998 4.90507 5.19815 4.90384 4.89348 7.14513 4.88197 7.40427 4.84335 4.51692 4.10916 3.78215 3.54799 2.88457 3.20219 3.30193 2.86349 1.85031 1.84222 0.547036 0.320344
threshold=1.0000000180025095e-35 2.2500000000000004 0.41428571428571431 -0.25543478260869562 0.0066143426162365614 5.0000000000000009 1.8417314154198832 5.8125000000000009 0.062500000000000014 0.057189542483660136 97.500000000000014 10.125000000000002 -0.46801505794253101 86.750000000000014 0.81649831649831661 47.500000000000007 0.37500000000000006 7.7500000000000009 11.375000000000002 0.20833333333333334 5.5000000000000009 5.8518123679684324 1.0000000180025095e-35 4.5000000000000009 1.0416500000000004 30.750000000000004 -9.1079018099311231 1.0000000180025095e-35 2.1991304347826093 -9.0457569092737677e-18 0.062500000000000014 9.5000000000000018 24.625000000000004 1.0000000180025095e-35 9.2500000000000018 63.500000000000007 6.2500000000000009 10.500000000000002 6.5000000000000009 0.19337368024598436 19.500000000000004 742.50000000000011 0.50707537812203252 0.47727272727272735 45.500000000000007 16.500000000000004 4.1250000000000009 95.000000000000014
decision_type=2 2 2 2 2 2 2 2 2 2 2 2 2 2 2 2 2 2 2 2 2 2 2 2 2 2 2 2 2 2 2 2 2 2 2 2 2 2 2 2 2 2 2 2 2 2 2 2
left_child=2 4 18 15 5 9 8 -7 -5 21 11 12 -9 30 -15 19 -14 20 28 -4 -10 22 26 33 -13 -17 -2 -16 29 -1 37 32 -11 34 -24 44 45 -3 -38 -12 41 -31 -43 -6 -28 -22 -8 -42
right_child=1 13 3 6 43 7 46 10 17 31 39 24 16 14 27 25 -18 -19 -20 -21 36 -23 23 -25 -26 -27 35 -29 -30 40 -32 -33 -34 -35 -36 -37 38 -39 -40 -41 47 42 -44 -45 -46 -47 -48 -49
leaf_value=-0.0027693002768425126 0.008711164869445856 0.070244372149319792 0.052101022907933975 0.02081710630993535 -0.012194106875762499 -0.020129534900490468 -0.054988270886797599 0.057618258505180597 0.0069770526362130207 -0.05670533383181825 0.01657851998921402 0.030045631139268471 0.026338013699195813 -0.010177590203076731 0.014075419712687637 -0.025053397805267281 -0.010645948109290409 0.020473548369502145 -0.0022510527178656327 0.0079503608303792567 -0.0543706226358334 0.0273600904556986 0.010739803424295176 -0.017786313346166715 0.067800092883877228 0.015827042792117826 -0.020370835736410086 0.051651852971249371 -0.058229851628607179 -0.045535222926641895 0.022898500473938412 -0.0011939257113973995 -0.011718682415529468 -0.0016509778782736392 0.049870742400739604 -0.00220722037268253 0.0013364645018213526 0.03711341081648413 -0.029938794228640354 -0.012753177362810409 -0.036849363444334086 -0.039548870319837233 -0.0088217676910889147 -0.038309951439346589 -0.044758728839268958 -0.025815103394493985 -0.033313658662404627 -0.058297983629680916
leaf_weight=14.102004662156103 20.868193030357361 18.726318091154099 22.076485574245453 29.192364521324635 19.379900395870209 18.063870176672935 19.780170015990738 20.954203903675079 18.60343661904335 16.023768857121468 20.016447201371193 30.108889892697334 30.755129098892212 29.607741340994835 19.303689107298851 16.241219565272331 35.154959440231323 14.146671704947947 19.884795375168324 18.439798325300217 17.106270506978039 22.694691196084023 31.421349301934242 28.68985952436924 22.953258439898491 21.866345897316933 19.018855705857277 21.248797744512558 21.65015447884798 18.488785892724991 25.400334388017654 18.349026933312416 19.724449470639229 22.044513210654259 19.43406081199646 19.936114102602005 16.451333247125149 27.963597238063812 22.158816285431385 19.259129956364632 12.175939843058588 12.754849582910536 26.245650604367256 25.88270166516304 17.244310781359673 12.938722774386404 11.338443569838999 13.84570839256048
leaf_count=70 93 83 94 131 109 82 149 88 100 90 83 126 130 126 82 82 150 76 109 91 103 101 145 131 96 106 88 90 145 118 108 96 102 98 84 89 94 120 138 82 77 79 158 143 80 78 75 95
internal_value=0 0.00940332 -0.0148134 -0.00499623 0.00368971 0.0068754 -0.0153187 0.0200814 -0.00713466 -0.00336121 0.0242239 0.030336 0.019535 0.0292396 0.0157878 0.0161612 0.00674731 -0.0153061 -0.0316132 0.0326826 -0.021273 0.00182516 -0.00155276 0.00780918 0.0473292 -0.00179107 -0.0138355 0.034534 -0.0364493 -0.031077 0.0419362 -0.0223478 -0.0328778 0.0179867 0.0263668 -0.0222136 -0.0289182 0.0515958 -0.0169155 0.00223593 -0.0357678 -0.0285825 -0.0196083 -0.0276333 -0.032858 -0.043301 -0.048374 -0.0499969
internal_weight=0 640.228 379.488 240.34 497.978 452.715 161.716 197.266 130.598 255.449 179.202 139.926 86.8643 142.25 70.1602 78.6238 65.9101 101.405 139.148 40.5163 87.2586 201.352 178.657 101.59 53.0621 38.1076 77.0675 40.5525 119.263 97.6129 72.0902 54.0972 35.7482 72.8999 50.8554 56.1993 68.6551 46.6899 38.6101 39.2756 83.5109 57.4893 39.0005 45.2626 36.2632 30.045 31.1186 26.0216
internal_count=5063 2895 2168 1317 2286 2034 944 837 720 1197 755 590 368 609 298 373 280 589 851 185 513 909 808 458 222 188 350 172 742 597 311 288 192 327 229 257 413 203 232 165 527 355 237 252 168 181 224 172
is_linear=0
shrinkage=0.05


Tree=23
num_leaves=45
num_cat=0
split_feature=9 115 289 12 101 9 31 14 144 261 193 8 282 29 289 159 188 34 34 36 6 279 260 283 286 33 77 283 279 274 232 272 30 14 39 236 284 283 291 112 263 28 157 55
split_gain=50.7678 36.6827 26.2529 19.636 16.7909 16.5219 16.3448 18.5797 15.2629 13.8582 11.5305 10.9206 12.2445 9.80582 9.67132 9.62421 9.60472 8.4721 7.92459 7.59045 9.39268 7.43859 9.71058 7.19247 6.93707 6.41825 6.29885 6.08878 6.05742 6.33632 5.97469 5.8566 5.45065 5.31381 5.20967 7.34763 4.8975 3.60831 2.89002 5.14854 3.03197 2.8033 1.91048 3.63915
threshold=1.2500000000000002 215.00000000000003 0.097680735332368748 0.14583333333333334 8.5000000000000018 3.2500000000000004 1.9069565217391307 0.12500000000000003 60.500000000000007 5.0000000000000009 8.7500000000000018 112.50000000000001 -1.2499999999999998 -1.6285714285714279 -0.15950993297387572 1.0000000180025095e-35 65.500000000000014 -0.51977751977751974 -1.3401409401409401 1.1816170682339588 76.250000000000014 -2.2600543714831551 4.1516653370822931 -0.063508064516129017 0.45757296383421808 -0.018532818532818515 84.437500000000014 -0.074175824175824162 -1.9499945416654219 -1.6363982335474581 500.25000000000006 -2.0758971630108012 0.34965034965034975 0.041666666666666671 0.80909090909090919 9.5000000000000018 1.851648351648352 -0.18350168350168347 0.91287878787878796 115.00000000000001 86.075906756682528 -1.0000000180025095e-35 15.500000000000002 872.50000000000011
decision_type=2 2 2 2 2 2 2 2 2 2 2 2 2 2 2 2 2 2 2 2 2 2 2 2 2 2 2 2 2 2 2 2 2 2 2 2 2 2 2 2 2 2 2 2
left_child=1 2 3 17 23 9 7 10 11 15 31 12 21 -5 16 34 -7 18 -1 25 33 -3 -23 -4 28 -19 -22 -9 -11 -30 -12 -6 -29 -21 35 -2 -33 -20 40 -40 -15 -37 43 -14
right_child=5 8 4 13 6 14 -8 27 -10 24 30 -13 42 38 -16 -17 -18 19 37 20 26 22 -24 -25 -26 -27 -28 32 29 -31 -32 36 -34 -35 -36 41 -38 -39 39 -41 -42 -43 -44 -45
leaf_value=0.0073648143928891942 0.0064585291355530941 -0.038135668243304777 -0.0011884559037439581 0.010197482416978966 0.027375868355102452 -0.0042641611231207461 -0.023135572884012096 0.017528116677709378 0.021802348352147418 -0.0043314425790234746 -0.0069597342651796209 0.0095083095923453511 -0.05701292041086993 -0.019842874870004079 0.05536594644859915 0.022281887911511436 0.038764854835837692 0.012390725955004065 -0.012789029696398732 0.012278696272172474 0.042841093587319086 -0.027146020199921791 0.023101253925504224 -0.041612353286667098 0.044974031441691306 -0.025824450247589129 0.0088353531537158896 0.0074377516147663665 0.046914808240432343 0.0093470384505442827 0.031586380836941097 0.039477433393191409 -0.030285618589801191 -0.026178825119803507 0.0089634489595370962 -0.041058147355963547 0.07694973439437558 -0.044755799733757352 -0.042512256874945996 -0.0015104594778420817 -0.049688191934264839 -0.014685087855112937 -0.028557124187161755 -0.026180000274647886
leaf_weight=19.781556062400341 20.398693099617958 25.946686431765556 30.260197669267654 12.925962984561918 27.543651342391968 22.032658293843269 21.590906493365765 31.314858347177505 13.882730133831499 26.442442357540131 19.408854112029076 14.363936506211756 57.512729465961456 13.10135382413864 34.424990952014923 28.399619340896606 29.907803729176521 16.747630700469017 16.64804482460022 16.930610984563828 26.703785642981529 19.290679931640625 17.291824728250504 16.34687115997076 25.44268910586834 28.485914409160614 28.075861111283302 18.032691851258278 18.916318714618683 27.199687570333481 19.216231510043144 22.380725301802158 18.678202979266644 17.138144224882126 23.796056777238846 23.439364358782768 20.169436737895012 20.834534041583538 14.46491312235594 15.314647719264029 40.745934210717678 20.020595252513885 15.769974648952482 14.562650740146635
leaf_count=95 92 131 137 66 117 94 115 139 67 113 85 73 419 82 154 119 129 78 73 78 119 91 82 94 106 142 130 86 81 116 82 96 99 92 107 110 86 112 96 100 278 94 97 105
internal_value=0 -0.00778126 -0.00119179 -0.0114106 0.0108167 0.0166976 0.0171534 0.0221775 -0.0273221 0.00916852 0.0349066 -0.0315684 -0.035529 -0.0296678 0.0350397 -0.00253372 0.0207766 -0.00209174 -0.0180192 0.00479364 0.0132343 -0.0181944 -0.00341242 -0.0159429 0.0229121 -0.0117134 0.0258832 0.00162276 0.0146698 0.0254256 0.0125304 0.0468874 -0.0120497 -0.00726204 -0.0107345 -0.0180997 0.0585989 -0.0312589 -0.0358773 -0.0221605 -0.0429208 -0.0295125 -0.0475243 -0.0512267
internal_weight=0 711.463 532.842 287.899 244.943 300.421 198.336 176.745 178.621 214.055 108.719 164.738 150.375 96.5528 86.3655 116.054 51.9405 191.346 57.2641 134.082 88.8484 62.5292 36.5825 46.6071 98.0011 45.2335 54.7796 68.0258 72.5584 46.116 38.6251 70.0938 36.7109 34.0688 87.6547 63.8587 42.5502 37.4826 83.6268 29.7796 53.8473 43.46 87.8454 72.0754
internal_count=5057 3742 2677 1541 1136 1315 905 790 1065 938 466 998 925 622 377 522 223 919 280 639 419 304 173 231 416 220 249 324 310 197 167 299 185 170 403 296 182 185 556 196 360 204 621 524
is_linear=0
shrinkage=0.05


Tree=24
num_leaves=44
num_cat=0
split_feature=10 301 289 144 32 32 148 182 111 8 29 289 99 8 291 12 278 116 34 47 137 3 32 107 272 29 34 119 284 40 124 5 195 5 41 10 54 36 229 32 260 47 93
split_gain=49.2188 27.8334 20.4169 20.4504 18.0435 16.0698 15.1453 16.055 17.7093 15.096 14.8322 13.0192 12.9097 12.013 11.9303 11.2943 9.34578 8.81103 8.57553 8.49475 8.38567 10.8312 8.03888 7.94768 7.62544 7.59688 7.47694 6.27582 5.98933 5.89692 5.7202 5.35546 5.33999 4.69933 4.14805 5.29102 3.9907 3.9567 3.80125 3.57625 2.85626 2.23331 1.52442
threshold=0.12500000000000003 0.025273964998490089 0.097680735332368748 32.500000000000007 2.1424710424710427 1.6733590733590737 62.500000000000007 45.500000000000007 175.00000000000003 97.500000000000014 2.5714285714285721 -0.35042475891464198 5.7916500000000015 47.500000000000007 0.96424010217113676 1.0000000180025095e-35 91.364791666349802 105.00000000000001 -0.61188521591747413 -0.16662974295720898 2.5000000000000004 77.250000000000014 0.74671814671814696 79.375000000000028 -1.7461996822453176 -0.64285714285714246 -0.19892539892539909 7.2916500000000015 1.7947368421052634 1.7500000000000002 6.5000000000000009 80.250000000000014 12.500000000000002 87.250000000000014 7.5000000000000009 0.29166666666666669 777.50000000000011 2.4129121418333885 26.500000000000004 1.6131274131274136 3.2155161213997343 -0.10116300366299667 59.500000000000007
decision_type=2 2 2 2 2 2 2 2 2 2 2 2 2 2 2 2 2 2 2 2 2 2 2 2 2 2 2 2 2 2 2 2 2 2 2 2 2 2 2 2 2 2 2
left_child=4 2 3 23 6 9 7 8 14 20 11 12 -5 29 18 -10 25 -8 38 -6 21 -4 32 -2 -14 -9 -17 -11 -23 42 -22 -24 -20 40 -35 -36 -27 -21 -1 -3 -25 -16 -7
right_child=1 39 5 10 19 13 17 16 15 27 -12 -13 24 -15 41 26 -18 -19 22 37 30 28 31 33 -26 36 -28 -29 -30 -31 -32 -33 -34 34 35 -37 -38 -39 -40 -41 -42 -43 -44
leaf_value=0.049944184858681878 -0.00043086529787967319 -0.02540255873508401 -0.0016422243677839681 0.051093452013068821 0.016474700791829101 -0.053759064418212744 0.019661661453671264 0.013135749058015745 0.030723388590446616 0.0038342508992234162 -0.03379025271266612 -0.027308906427631643 -0.011455137638715748 0.018174845038412473 0.059044730089606659 0.00048934787125805203 0.018508294692232752 0.061722273409214115 0.0094526724584551997 -0.013436939925837298 0.021749842402500812 0.022252587959521442 0.00039894555019886037 -0.054576535308637458 0.028068106783532179 -0.0078976726432413383 -0.038372343922729507 -0.037681805701171724 0.057735141346605512 -0.0040264221782154086 -0.0075168839157646388 0.033790141792652655 -0.027761372486644804 -0.045221186624386331 -0.0031412816231100385 -0.036294946134397814 -0.035289918309289535 -0.045899823048895762 0.020624843701371378 -0.056357485962362112 -0.028765295906005052 0.035399459723776942 -0.027346583113860852
leaf_weight=21.60805980861187 20.682993680238724 16.871743068099022 18.531345516443253 20.693966068327427 15.026476494967936 16.869620956480507 27.00766184926033 17.920314252376556 16.578313812613487 17.781677216291428 25.083900861442089 18.410822115838528 29.219137489795685 16.169474571943283 21.526359394192696 29.508301503956318 28.988815739750862 24.546831831336021 18.460776329040527 24.959843896329403 30.419374749064445 23.043244183063507 19.373741373419762 32.857009097933769 19.508780546486378 23.962618321180344 20.288724981248379 17.297532692551613 28.834390327334404 14.152469135820864 34.832429811358452 30.688341200351715 18.344108104705811 16.987319052219391 30.267142206430435 19.212419763207436 31.04841423034668 15.380269750952719 26.534260213375092 31.423042505979538 21.995835185050964 33.511830344796181 13.66177463531494
leaf_count=94 119 104 85 100 75 117 117 76 75 81 137 98 149 83 92 139 129 106 79 132 137 104 83 199 97 107 103 82 124 68 158 134 83 106 155 136 140 83 117 272 140 145 75
internal_value=0 -0.0104651 -0.00682239 -0.0165577 0.0117508 0.00391855 0.0153703 0.011655 0.0183073 0.0117736 -0.000645841 0.00909361 0.0189983 -0.0179547 0.0260386 -0.00388723 -0.00509675 0.0404815 0.0178139 -0.0148429 0.019314 0.0311647 0.00826043 -0.0291173 0.00461468 -0.0146027 -0.0157877 -0.0171143 0.0426932 -0.0311404 0.00624916 0.0211288 -0.00933907 -0.0339644 -0.0243858 -0.0164785 -0.023712 -0.0266248 0.034533 -0.0462781 -0.0449266 0.0455361 -0.0431825
internal_weight=0 534.807 486.513 254.919 465.264 231.593 409.897 358.343 256.423 170.74 112.917 87.8327 69.4219 60.8533 190.047 66.3753 101.92 51.5545 135.009 55.3666 135.661 70.409 86.867 142.003 48.7279 72.9313 49.797 35.0792 51.8776 44.6839 65.2518 50.0621 36.8049 121.32 66.4669 49.4796 55.011 40.3401 48.1423 48.2948 54.8528 55.0382 30.5314
internal_count=5035 2926 2550 1436 2109 1114 1819 1596 1144 771 581 444 346 343 827 317 452 223 590 290 608 313 379 855 246 323 242 163 228 260 295 217 162 736 397 291 247 215 211 376 339 237 192
is_linear=0
shrinkage=0.05


Tree=25
num_leaves=46
num_cat=0
split_feature=9 282 11 301 9 116 290 301 35 51 289 146 44 120 137 277 87 8 9 66 229 97 85 1 63 12 74 154 99 111 30 193 2 275 289 30 289 182 188 195 280 235 75 283 34
split_gain=45.5021 22.8858 21.8068 18.3497 14.3556 16.9555 17.5789 13.0478 12.4311 11.5948 10.4766 9.09464 8.81941 10.7396 9.16121 11.4773 9.2686 11.2105 8.85244 8.47198 8.3668 7.26834 6.64644 6.63698 9.05568 6.47504 6.13959 10.6563 7.87139 6.09609 5.95507 6.8695 5.72614 5.38472 5.37149 5.29295 5.28486 8.76758 7.08046 4.14643 3.89716 3.18707 2.51661 1.94374 0.799937
threshold=1.0000000180025095e-35 0.75000000000000011 7.5000000000000009 0.015236189452404016 4.5000000000000009 15.000000000000002 10.500000000000002 3.4674727357671289e-14 0.95011807466920084 7.5000000000000009 0.42763731121559989 10.333350000000001 22.500000000000004 7.6250000000000009 38.500000000000007 -0.95492997688506231 61.687500000000007 82.500000000000014 1.2500000000000002 1.0000000180025095e-35 2.5000000000000004 6.8125000000000009 79.500000000000014 80.125000000000014 88.250000000000014 0.062500000000000014 5.7500000000000009 27.250000000000004 10.125000000000002 95.000000000000014 0.92517482517482541 13.750000000000002 87.250000000000014 87.422343167196914 0.7710868207630478 0.88111888111888148 -0.75013812021657655 13.500000000000002 5.5000000000000009 3.5000000000000004 82.529822967041895 18.500000000000004 1.5000000000000002 0.20526315789473687 0.57764752606908976
decision_type=2 2 2 2 2 2 2 2 2 2 2 2 2 2 2 2 2 2 2 2 2 2 2 2 2 2 2 2 2 2 2 2 2 2 2 2 2 2 2 2 2 2 2 2 2
left_child=2 3 8 4 5 -2 12 10 23 11 21 42 14 -14 15 16 20 26 -16 -8 -7 -4 -12 34 25 -25 28 36 -18 -23 31 -9 -26 -6 -1 -29 -28 38 -38 -21 -41 -31 43 -3 -32
right_child=1 9 7 -5 33 6 19 30 -10 -11 22 -13 13 -15 18 -17 17 -19 -20 39 -22 29 -24 24 32 -27 27 35 -30 41 44 -33 -34 -35 -36 -37 37 -39 -40 40 -42 -43 -44 -45 -46
leaf_value=-0.042626056741958573 -0.031520219984940534 -0.02835965884867275 0.0026657129290928111 -0.028584805510076583 0.055358762562978739 -0.007885468238892383 0.0087675411950576872 0.0088936173808666918 0.03767151858106705 0.014484837225199105 -0.015137589503230665 0.0071727788763846934 0.003361237959187309 0.055612435511179364 0.0054592333429539326 0.034627193909382868 -0.036316421097388661 -0.04135692985538799 0.04684252376636186 0.062623154107355847 0.033214433888155571 -0.009144364161341503 0.021027375286595724 0.03505205718892989 -0.036457265611102817 -0.0034720454914874072 -0.026537266936771484 0.0070913903470405208 0.0055016824977044184 -0.052800939139826364 -0.053333038266344404 -0.041045603773750453 0.00014385878716494243 0.020286721853781029 -0.003457904709455735 0.042437608952663117 0.0055350785995700105 0.023632187733675456 -0.035010989447359746 0.016983723213482366 0.048131162844464448 -0.024623484289574064 -0.021058031128031125 -0.056646763463851973 -0.035587426622922989
leaf_weight=17.096347399055958 21.727116167545319 16.152086630463604 18.583492688834667 26.514028117060661 24.650111213326454 19.879873484373093 26.723200812935829 11.971381895244123 18.497831612825394 24.862689316272736 23.438841134309769 17.192944288253784 19.389373019337654 19.245373427867889 29.047565430402756 22.703459441661835 25.196309700608253 19.861953496932983 22.725319221615791 18.885753124952316 30.480878099799156 20.774654701352119 25.504607632756233 23.868192225694656 16.095160111784935 19.134013421833515 23.968347609043121 24.126684293150902 19.319189131259918 28.483528606593609 40.911742627620697 14.315150059759615 28.481563091278076 22.218292310833931 17.326231740415096 18.5929324477911 22.671161517500877 24.522313982248306 19.113511383533478 22.026543572545052 20.52187705039978 19.838951043784618 26.173625163733959 15.315497189760206 19.240800134837627
leaf_count=97 98 87 104 149 117 87 113 77 85 107 120 80 83 84 127 103 112 93 94 81 133 131 120 107 83 94 119 108 85 199 331 101 138 96 93 81 100 116 88 93 86 129 141 85 130
internal_value=0 0.00724551 -0.0148554 0.0112816 0.0133749 0.0106952 0.0128035 -0.024539 0.000583325 -0.0146753 -0.0147461 -0.0244267 0.007866 0.0301359 0.00511074 0.00138687 -0.0017864 -0.00668091 0.0241675 0.0326986 0.0171526 -0.0249975 0.00375179 -0.00530053 0.0020634 0.0182212 -0.00259101 0.00281387 -0.0184457 -0.0323694 -0.0396717 -0.0188099 -0.0135815 0.0395038 -0.0235654 0.023094 -0.00693085 0.000445361 -0.0133967 0.0428012 0.032767 -0.0419664 -0.0338136 -0.0434479 -0.0483316
internal_weight=0 643.808 363.562 544.111 517.597 470.729 449.002 223.063 140.499 99.6968 136.624 74.8342 360.844 38.6347 322.209 270.437 247.733 197.372 51.7729 88.1574 50.3608 87.6806 48.9434 122.002 87.5789 43.0022 177.51 132.995 44.5155 69.0971 86.4391 26.2865 44.5767 46.8684 34.4226 42.7196 90.2753 66.307 41.7847 61.4342 42.5484 48.3225 57.6412 31.4676 60.1525
internal_count=5085 2946 2139 2446 2297 2084 1986 1442 697 500 803 393 1613 167 1446 1225 1122 902 221 373 220 563 240 612 422 201 809 612 197 459 639 178 221 213 190 189 423 304 188 260 179 328 313 172 461
is_linear=0
shrinkage=0.05


Tree=26
num_leaves=44
num_cat=0
split_feature=9 9 282 282 301 51 283 100 277 193 11 117 285 56 187 50 285 190 289 289 279 192 99 20 274 148 87 138 28 285 298 279 190 105 117 195 60 214 20 288 29 280 277
split_gain=38.6997 21.8889 19.4746 14.5254 13.6884 12.2929 13.2811 11.6757 10.1452 9.60519 8.61499 8.52627 8.45725 11.4616 8.33297 7.96053 7.73299 7.39749 7.36656 6.67299 6.37502 9.28166 10.5407 8.83905 6.51772 6.21455 6.2096 8.99059 5.83287 5.3963 5.1355 4.84458 4.78347 4.36324 4.30878 3.86145 3.39225 3.31092 3.64777 3.26852 2.82817 2.58589 0.563449
threshold=1.0000000180025095e-35 3.2500000000000004 -2.2499999999999996 1.0000000180025095e-35 0.015236189452404016 9.5000000000000018 0.078461538461538485 11.875000000000002 -1.5809186845938845 20.750000000000004 12.500000000000002 6.0625000000000009 11.437500000000002 10.500000000000002 65.750000000000014 0.9763020452795369 13.437500000000002 19.250000000000004 -0.099822328936730861 -0.15950993297387572 -1.2229799470429263 27.250000000000004 6.1250000000000009 0.069444444444444461 -2.0920376869260848 55.500000000000007 68.312500000000014 13.500000000000002 9.0000000000000018 10.937500000000002 1.8750000000000002 -1.9499945416654219 8.2500000000000018 11.500000000000002 6.8125000000000009 1.5000000000000002 84.500000000000014 1.0000000180025095e-35 0.12500000000000003 -0.39826117949089107 -3.4258310474147679e-16 90.265757530861379 -1.0680564209950327
decision_type=2 2 2 2 2 2 2 2 2 2 2 2 2 2 2 2 2 2 2 2 2 2 2 2 2 2 2 2 2 2 2 2 2 2 2 2 2 2 2 2 2 2 2
left_child=2 3 14 4 9 6 7 8 28 12 36 -11 26 -14 29 -5 -15 20 40 25 21 23 -23 24 -13 -3 -2 -28 35 -1 -18 -20 -24 -33 -8 -4 -10 38 -37 41 -17 -39 -36
right_child=1 19 5 15 -6 -7 34 -9 10 11 -12 17 13 16 -16 18 30 -19 31 -21 -22 22 32 -25 -26 -27 27 -29 -30 -31 -32 33 -34 -35 42 37 -38 39 -40 -41 -42 -43 -44
leaf_value=0.038045396879808298 -0.017700336988867565 0.0038296731009455571 -0.0058991635288016993 0.0088655452473201651 -0.033912425724532416 0.022741523712225084 -0.013750502274434612 0.017082390448812414 0.028946311622717422 0.033393214876905115 -0.025539299733190551 0.019804296964917159 0.053403932430788198 0.037406125946344786 -0.019425687252833144 -0.018563731422923935 0.020235553270554291 -0.02262824882326013 -0.03073056186260591 0.047901463342835529 0.025481071192705408 0.03751372708240544 0.014044888250899555 -0.031843599545929163 -0.014644856979171963 0.0403018444601045 0.039024566682448081 -0.0077590899923892761 -0.00051450155971020472 0.0052824363056617751 -0.0074091340797667318 -0.013057751093834686 -0.020179885431254818 0.02011658042564771 -0.050685851903810919 -0.0079488641130372358 -0.0023520298899713417 -0.041200604009961651 -0.040138016451018943 -0.053002634886586686 -0.048908314746655905 -0.011141081109131533 -0.030564662642410995
leaf_weight=23.313957273960114 22.204231277108192 29.382531300187111 13.839881762862204 33.713834017515182 17.768412224948406 15.929072916507719 12.861039996147154 24.066217638552189 17.512769430875778 19.783821865916252 21.23911439627409 24.481351122260094 27.896950259804726 30.801104962825775 16.145404323935509 14.984339155256746 34.517972230911255 30.26493775844574 14.69929265975952 34.052773833274841 27.353829920291901 26.29751344025135 19.657081335783005 31.370971366763115 28.779166847467422 18.649401530623436 18.679823771119118 20.903501972556114 18.074293032288551 26.798818528652191 31.11963152885437 20.576326303184032 19.214569345116615 17.348940163850784 41.890492208302021 21.753632135689259 16.00030192732811 16.39304913580418 14.555494569241999 32.234330959618092 20.205728396773338 13.846076272428034 10.263272322714327
leaf_count=109 94 126 81 157 100 73 78 125 89 83 139 107 121 134 80 87 150 137 85 157 118 113 88 152 128 83 80 89 96 127 140 107 86 77 333 125 87 104 97 214 118 91 73
internal_value=0 0.00721011 -0.0133485 0.00360567 0.00790882 -0.0189179 -0.0214089 -0.0151533 -0.0194058 0.00978417 -0.00129287 0.0028615 0.0181743 0.0256393 0.0109848 -0.0115987 0.0171421 -0.000196883 -0.0194668 0.031141 0.00374078 -0.000371679 0.0136957 -0.0112375 0.00126296 0.0185239 0.00298344 0.0147362 -0.0269263 0.0209709 0.00721435 -0.0073673 -0.00295451 0.0022448 -0.0410332 -0.0311231 0.0143682 -0.0345626 -0.0215827 -0.0416475 -0.0368572 -0.028234 -0.0473757
internal_weight=0 634.708 356.717 552.623 431.095 290.459 274.53 209.515 185.449 413.326 54.7522 227.203 186.123 124.336 66.2582 121.528 96.4387 207.419 87.8146 82.0847 177.154 149.801 65.1692 84.6315 53.2605 48.0319 61.7876 39.5833 130.697 50.1128 65.6376 52.6246 38.8717 37.9253 65.0148 112.622 33.5131 98.7826 36.3091 62.4735 35.1901 30.2391 52.1538
internal_count=5038 2917 2121 2551 1920 1805 1732 1248 1123 1820 315 1012 808 545 316 631 424 929 474 366 792 674 287 387 235 209 263 169 808 236 290 269 174 184 484 712 176 631 222 409 205 195 406
is_linear=0
shrinkage=0.05


Tree=27
num_leaves=47
num_cat=0
split_feature=282 31 1 290 111 293 49 291 277 187 14 119 116 283 227 291 32 301 282 214 98 3 36 150 55 57 214 42 60 272 288 272 234 192 16 202 138 58 58 291 209 5 41 260 260 287
split_gain=37.3655 34.5513 24.0305 20.3044 16.3118 15.6433 15.2427 13.0057 12.0687 11.0185 10.8932 10.4936 12.1436 10.2753 9.72652 8.78765 7.92966 7.88878 7.53687 6.88055 7.06285 6.82731 6.71264 6.63255 6.54839 8.01327 7.41656 6.36922 5.68609 4.89303 4.43332 4.31242 4.309 8.00445 3.92539 3.88098 3.82661 3.68439 3.61864 3.49397 2.70959 2.66886 2.4654 1.01231 2.15584 0.944457
threshold=-2.2499999999999996 1.389130434782609 84.500000000000014 5.5000000000000009 205.00000000000003 -0.64999999999999969 0.21258269112732733 0.96424010217113676 -1.213627398225144 71.750000000000014 0.041666666666666671 6.1250000000000009 85.000000000000014 0.085144927536231887 27.500000000000004 1.0822072072072075 1.9220077220077225 -0.001196375770582535 -3.7499999999999996 3.5000000000000004 1.0416500000000004 79.250000000000014 0.95606509638714188 13.500000000000002 772.50000000000011 11.250000000000002 1.0000000180025095e-35 7.5000000000000009 88.500000000000014 -2.0990151264901935 0.95242846126021108 -2.0758971630108012 24.500000000000004 27.750000000000004 0.12500000000000003 4.5000000000000009 20.500000000000004 11.500000000000002 13.500000000000002 0.85449735449735453 0.58332500000000009 83.500000000000014 3.5000000000000004 4.2346724667781599 5.7517298899607292 0.99999999999198963
decision_type=2 2 2 2 2 2 2 2 2 2 2 2 2 2 2 2 2 2 2 2 2 2 2 2 2 2 2 2 2 2 2 2 2 2 2 2 2 2 2 2 2 2 2 2 2 2
left_child=6 2 3 7 5 10 -1 8 22 16 -3 29 27 14 -4 -9 17 -8 -18 20 38 -14 34 -10 25 -16 -26 40 41 -5 37 -20 -19 -34 -2 -7 -27 -24 -12 -28 -13 -23 -6 -44 -45 -37
right_child=1 4 13 11 42 35 9 15 23 -11 19 12 21 -15 24 -17 18 32 31 -21 -22 28 30 -25 26 36 39 -29 -30 -31 -32 -33 33 -35 -36 45 -38 -39 -40 -41 -42 -43 43 44 -46 -47
leaf_value=0.057488865102775226 -0.01724896503318734 0.026729262212134189 0.018573999445326492 0.023677909470667568 -0.021244664856720923 -0.014553004579431672 0.00098558692660846042 0.040297087594034206 -0.004585950222303725 -0.012210179790436952 -0.023505566295295467 -0.0020784333993946911 0.0011610455669811696 -0.051715928696023421 -0.022809052239596669 -0.0023573451973117436 0.03176989016932065 0.049679176017536901 -0.021856902589822785 0.017639732007883501 -0.045749064567798065 0.032164668035300631 -0.017126021300708446 0.034943024016597199 -0.002267906075084509 0.031499386562373076 -0.049171800935250552 0.013875255001424653 0.010000942302068275 0.060673231084484941 -0.027681720031282893 0.0095229902168656039 -0.00029509825258631399 0.042594253061600237 -0.048642640470031008 -0.03236252049210922 -0.0018020107853192154 0.010726675672647668 0.0084316267018458048 -0.021487834008162891 -0.029591385863944095 0.059194106042685574 -0.05260541268367569 -0.016767436257277103 -0.04948270971145631 -0.055296819317809477
leaf_weight=22.282088235020638 21.349161446094513 26.879135712981224 25.062239289283752 19.557375490665436 15.44490125030279 17.770214810967445 20.53932911157608 24.63194528222084 23.192016966640949 31.633122235536575 15.180288024246691 17.928540728986263 19.986083745956421 14.96520848572254 25.778176881372929 22.631881289184093 17.71648482978344 32.783757850527763 20.929698668420315 15.676048651337622 16.059535749256611 28.988751865923405 18.221959352493286 18.254544079303741 25.274129912257195 15.05570864677429 24.045081190764904 34.278466381132603 18.060255944728851 19.517135933041573 19.477646745741367 21.021275654435158 18.67930905520916 25.003856673836708 20.95189106464386 15.875082433223726 18.422853164374828 30.057123258709908 18.803764618933201 26.064329341053963 17.196917220950127 18.128554373979568 33.280284591019154 11.299111105501654 11.084460794925688 14.954700596630571
leaf_count=107 93 124 123 87 124 113 92 111 116 143 87 83 94 106 136 107 79 142 99 89 93 129 87 84 133 80 138 152 82 85 101 95 85 107 106 101 97 137 107 140 81 79 258 82 80 93
internal_value=0 -0.00447107 0.0019781 0.00884061 -0.0216255 -0.0116456 0.0192184 -0.00238856 -0.0095364 0.0144102 0.000486578 0.0203201 0.0142931 -0.0134018 -0.00951207 0.0202467 0.0198283 0.0285837 0.0053573 -0.0104864 -0.0194698 0.0268311 -0.0181546 0.0132371 -0.0148385 -0.00232406 -0.0245164 -0.00125442 0.034566 0.0432094 -0.00818702 -0.00627708 0.0358883 0.0246582 -0.0335626 -0.034305 0.0136533 8.0034e-05 -0.00609846 -0.0354742 -0.0159946 0.0435784 -0.041006 -0.0460174 -0.0343915 -0.0448751
internal_weight=0 779.386 567.078 392.41 212.308 141.199 210.589 198.768 151.504 188.307 92.5988 193.642 154.568 174.668 159.703 47.2638 156.674 97.0063 59.6675 65.7196 50.0436 85.1636 110.058 41.4466 134.64 59.2567 75.3835 69.4039 65.1776 39.0745 67.7567 41.951 76.4669 43.6832 42.3011 48.6 33.4786 48.2791 33.9841 50.1094 35.1255 47.1173 71.1088 55.6639 22.3836 30.8298
internal_count=5067 4118 2767 1814 1351 807 949 942 724 842 500 872 700 953 847 218 699 426 273 376 287 384 524 200 724 313 411 316 290 172 325 194 334 192 199 307 177 224 194 278 164 208 544 420 162 194
is_linear=0
shrinkage=0.05


Tree=28
num_leaves=47
num_cat=0
split_feature=32 282 289 282 183 22 143 100 291 48 47 283 22 4 100 69 12 117 263 36 8 260 0 291 227 112 297 291 289 193 48 274 29 41 126 142 137 12 118 272 107 36 278 203 98 274
split_gain=40.856 31.9865 25.4565 18.9794 15.0045 12.487 12.606 12.3147 14.5637 17.8335 12.0132 10.7625 10.9736 8.84585 8.11852 10.9915 8.01143 9.36761 9.10702 7.6847 7.21257 7.05346 6.87035 8.14752 5.57581 5.54427 5.51148 5.2374 5.16377 4.96325 4.89966 4.86487 9.92024 5.42652 4.10002 4.02649 8.44757 4.50347 3.98233 3.50383 3.34413 2.36842 1.54546 1.18856 1.24875 1.17988
threshold=1.9111969111969114 -2.2499999999999996 0.28313308994381592 -3.7499999999999996 6.5000000000000009 0.12500000000000003 44.750000000000007 6.3750000000000009 0.9582608695652175 2.2197795028577185 -1.8279736828418434 -0.08514492753623186 0.12500000000000003 78.250000000000014 8.6250000000000018 79.500000000000014 0.14583333333333334 7.3125000000000009 87.862256555260032 2.1463386990484277 62.500000000000007 0.7922904976245625 81.500000000000014 0.84412955465587058 67.500000000000014 185.00000000000003 5.7500000000000009 0.9582608695652175 0.73136292505298039 30.750000000000004 2.2069062720225516 -1.8616947178967456 0.68571428571428628 10.500000000000002 6.5000000000000009 19.500000000000004 14.500000000000002 0.10416666666666667 0.37500000000000006 -1.8760326042137245 136.87500000000006 1.2969919201182452 90.522209908412023 1.2500000000000002 0.62500000000000011 -2.2893779220113566
decision_type=2 2 2 2 2 2 2 2 2 2 2 2 2 2 2 2 2 2 2 2 2 2 2 2 2 2 2 2 2 2 2 2 2 2 2 2 2 2 2 2 2 2 2 2 2 2
left_child=1 4 5 -2 -1 13 31 21 9 11 -5 20 38 -3 15 -10 17 18 -6 25 -9 -4 34 26 -19 27 -24 -12 -14 -25 -23 35 33 -33 -15 36 37 -7 -13 -27 42 -34 -37 -21 -45 -39
right_child=3 2 7 10 16 6 -8 8 14 -11 19 12 28 22 -16 -17 -18 24 -20 43 -22 30 23 29 -26 39 -28 -29 -30 -31 -32 32 41 -35 -36 40 -38 45 -40 -41 -42 -43 -44 44 -46 -47
leaf_value=0.054215626154578658 0.020272050663201174 -0.027899625419160315 -0.037886138921797374 0.0052007465390286455 0.017610371381361147 -0.005421645323164628 0.016639822208146842 0.04597006198374403 -0.0068141805666252263 -0.026968996453743677 -0.029448397527212646 0.0046094825630847496 -0.034502410335303726 0.034088243053051033 0.061410657560602072 0.047526655184089217 -0.01414092634976951 0.021317289998622133 0.062618834648819538 -0.053693579085405931 0.01181412140884474 0.020455558808574064 0.002363004057123756 0.026263325175060116 -0.014756660130836772 -0.051539080392894614 -0.02780870780486135 0.0085025664726610609 0.00069654055347808264 -0.0049812337183515326 -0.01664145656229064 0.021465413320771454 -0.017012272392442358 -0.016862124747904116 0.004111553072082599 -0.057156313328224753 0.012076836512767529 -0.029407663183572397 0.035087134200363142 -0.016592739992549288 -0.017000322616338881 -0.046422715291097753 -0.030427915962173108 -0.023193656023248441 -0.047228298553035827 -0.052023405340547071
leaf_weight=34.190019980072975 22.067634180188179 22.382536016404629 15.914857879281042 22.214080840349197 27.225590780377388 14.284279257059096 23.409227177500725 34.705538019537926 17.264366187155247 28.665298566222191 14.952809907495974 20.173425160348415 17.304243996739388 25.460935667157173 21.295312881469727 18.642018228769302 17.417808450758457 22.146900191903114 19.61727075278759 36.271603517234325 28.860397890210152 16.521679870784283 27.480082042515278 28.602380931377411 18.996635466814041 17.29386176913977 32.303077138960361 20.366517253220081 24.099022626876831 21.794226050376892 17.098501496016979 22.446454420685768 16.054118357598785 14.31249365210533 20.591730013489723 20.280949726700783 15.466914020478724 21.83553051948547 22.735193863511086 14.036372363567351 13.900752939283846 13.979687504470347 13.200417406857012 14.615622930228712 13.728829964995382 12.971136912703516
leaf_count=158 98 103 81 121 120 77 121 150 84 128 89 88 91 111 94 84 88 94 84 239 124 83 127 131 81 130 149 107 124 100 81 131 103 78 91 123 91 141 97 102 83 97 83 100 94 87
internal_value=0 0.00418086 -0.000405676 -0.0223801 0.0258463 -0.00884037 -0.0173198 0.0109226 0.0157136 0.00850755 -0.0286042 0.0155194 0.00370805 0.000799014 0.0374256 0.021922 0.0162211 0.0223229 0.0373743 -0.0343211 0.0308856 -0.0115486 0.0050618 -0.00175305 0.00470643 -0.0218842 -0.0141292 -0.00793281 -0.0144814 0.0129175 0.00165309 -0.0218355 -0.0109221 0.00649082 0.0210569 -0.0281929 -0.0195608 -0.0295708 0.0211894 -0.0368801 -0.0393068 -0.0317566 -0.0478064 -0.0466204 -0.0360477 -0.0390532
internal_weight=0 803.631 664.037 175.547 139.594 380.757 202.142 283.28 233.745 176.543 153.48 147.878 84.3119 178.615 57.2017 35.9064 105.404 87.9864 46.8429 131.266 63.5659 49.535 156.232 110.18 41.1435 66.6496 59.7832 35.3193 41.4033 50.3966 33.6202 178.733 66.7928 36.7589 46.0527 111.94 64.5579 49.0909 42.9086 31.3302 47.3821 30.0338 33.4814 64.6161 28.3445 34.8067
internal_count=5041 3961 3336 1080 625 2027 1215 1309 1064 802 982 674 400 812 262 168 467 379 204 861 274 245 709 507 175 428 276 196 215 231 164 1094 409 209 202 685 396 305 185 232 289 200 206 433 194 228
is_linear=0
shrinkage=0.05


Tree=29
num_leaves=49
num_cat=0
split_feature=9 301 289 116 282 117 14 289 297 8 30 202 282 143 99 114 145 8 286 199 45 31 32 182 8 54 274 287 31 277 115 29 286 112 32 156 32 259 57 8 69 279 78 78 290 8 55 144
split_gain=39.5684 30.904 17.2465 19.1145 16.3175 14.2093 13.458 12.8876 12.6086 10.4648 10.1677 12.6554 15.5412 9.55764 10.4971 13.3231 9.39886 9.03565 8.85898 8.59402 12.1454 8.22619 7.19917 7.17846 9.05466 7.19853 7.01324 6.85577 6.48472 6.22916 6.15461 6.13531 5.95861 5.93142 5.79057 5.74529 5.36342 5.03842 4.83228 4.78921 3.7095 3.44842 3.46799 3.15833 1.70144 1.55527 1.48606 1.10972
threshold=1.2500000000000002 0.00076183406928703712 0.097680735332368748 25.000000000000004 -2.2499999999999996 6.0625000000000009 0.097222222222222224 0.44312301391210612 8.2500000000000018 162.50000000000003 0.16783216783216801 4.5000000000000009 -1.7499999999999998 53.250000000000007 10.125000000000002 85.000000000000014 30.500000000000004 107.50000000000001 0.79545248701976312 21.500000000000004 1.0000000180025095e-35 1.2443478260869567 0.65868725868725886 29.500000000000004 17.500000000000004 802.50000000000011 -1.9715053570301417 0.99999999999392508 1.233913043478261 -2.0881748006551901 205.00000000000003 -2.5714285714285703 0.31326981972487666 105.00000000000001 1.0849420849420854 20.500000000000004 1.0416988416988422 -5.600703895804469 12.250000000000002 87.500000000000014 86.500000000000014 -1.9372236121487372 0.31250000000000006 0.54164999999999719 5.5000000000000009 82.500000000000014 792.50000000000011 33.500000000000007
decision_type=2 2 2 2 2 2 2 2 2 2 2 2 2 2 2 2 2 2 2 2 2 2 2 2 2 2 2 2 2 2 2 2 2 2 2 2 2 2 2 2 2 2 2 2 2 2 2 2
left_child=1 2 6 26 36 -6 13 9 10 16 22 12 -12 14 15 40 29 30 41 -13 -21 32 -5 -17 25 -25 -4 -24 33 38 -3 -31 -14 -16 39 -26 45 -38 -7 -9 -1 42 -8 -43 -32 -2 -46 -44
right_child=4 17 3 8 5 7 18 34 -10 -11 11 19 21 -15 28 23 -18 -19 -20 20 -22 -23 27 24 35 -27 -28 -29 -30 31 44 -33 -34 -35 -36 -37 37 -39 -40 -41 -42 43 47 -45 46 -47 -48 -49
leaf_value=-0.056815994894388794 0.060435061151165086 -0.0077539570004662361 0.0035378574329076868 0.002436815484684266 0.040153355609128513 -0.03997831497126992 -0.018197257863935886 0.044705278419375855 0.050672561695395572 -0.040354819681092814 0.044908499650485434 -0.03218997511990087 0.032260331412456322 0.031200213086909841 -0.02148656692011866 -0.02929039983908175 0.031011865336077506 0.0049189530128496903 -0.00048871306493373124 0.0216312948473277 -0.026245303315457214 -0.029550828944834368 0.012981398465542136 -0.038144340202468444 -0.0041324684667629983 0.0067366562087659287 -0.040134375540290861 0.054059594794893077 0.033505875342588178 0.02721993568978183 -0.054929318237595996 -0.009650979515546429 -0.0079612789743244931 0.018897577897738528 -0.0011141383328410349 0.033630815060560044 0.040575827047441532 0.0059771728137675067 -0.0050297319699460219 0.011920129874775207 -0.022311139996122831 -0.035651590370869998 -0.0559890296437974 -0.00103423680114602 -0.025460129042558025 0.034980930633565548 -0.049510044992325142 -0.031878813263884011
leaf_weight=16.847521908581257 17.747642934322357 13.258847728371618 13.708809658885 23.682221218943596 28.912770763039589 18.175587303936481 14.087659567594526 24.889871075749397 18.139981061220169 18.431253030896187 28.139146864414215 31.38423577696085 17.758208937942982 17.555833600461483 17.396025255322456 21.326019205152988 18.4683588296175 13.076360978186129 27.158257685601711 29.189033545553684 22.604370705783367 15.953685410320757 18.537156105041504 16.78498799353838 16.387012906372547 17.441839121282101 25.997736565768719 23.873834490776062 20.288944818079472 17.803737238049507 32.105218537151814 27.32828788459301 17.461235359311104 16.983970776200294 21.440753147006035 24.338527455925941 18.506384819746017 23.743939071893692 21.113845244050026 21.258576780557632 17.632425263524055 11.680165447294714 25.058293700218201 13.844333611428736 21.272036820650101 18.542205512523651 12.917485281825064 12.313667193055151
leaf_count=89 81 81 77 104 125 85 101 107 80 82 124 149 81 77 83 115 80 66 159 136 105 92 82 84 85 83 159 105 94 81 275 129 80 81 94 110 80 100 98 89 88 90 192 97 149 92 97 83
internal_value=0 -0.00658054 -0.00236509 0.00644907 0.0152509 0.00813007 -0.0105796 0.00304327 0.0116467 -0.00670194 0.00834243 0.00157103 0.0157606 -0.00304286 -0.00643489 -0.014098 -0.000343089 -0.0332786 -0.0251006 -0.0119856 0.000635004 -0.000820815 0.0247184 -0.00439763 0.00297744 -0.0157312 -0.0253399 0.0368176 0.0118179 -0.00748516 -0.0395403 0.00516866 0.0126499 -0.00156625 0.0203784 0.0187009 0.0346492 0.0217198 -0.0217882 0.0301757 -0.040297 -0.0336655 -0.0411356 -0.0176222 -0.0456878 0.0487162 -0.0356954 -0.0490828
internal_weight=0 686.185 593.555 286.43 296.363 217.823 307.125 188.91 246.723 121.321 228.583 162.49 79.3123 202.983 185.427 130.758 102.89 92.6299 104.142 83.1776 51.7934 51.1731 66.0932 96.2784 74.9524 34.2268 39.7065 42.411 54.6689 84.4215 79.5536 45.132 35.2194 34.38 67.5892 40.7255 78.5402 42.2503 39.2894 46.1484 34.4799 76.9841 51.4596 25.5245 66.2947 36.2898 34.1895 37.372
internal_count=5076 3753 3085 1374 1323 970 1711 845 1138 555 1058 767 377 989 912 654 473 668 722 390 241 253 291 477 362 167 236 187 258 393 602 210 161 164 290 195 353 180 183 196 177 563 376 187 521 173 246 275
is_linear=0
shrinkage=0.05


Tree=30
num_leaves=47
num_cat=0
split_feature=9 301 48 24 261 99 54 282 39 44 8 15 121 118 299 297 31 289 182 9 85 202 98 5 299 275 77 109 260 137 260 157 36 259 301 111 226 283 57 227 286 10 118 137 236 284
split_gain=40.8993 30.0095 14.8226 13.7617 13.2144 12.9727 12.3696 11.8426 11.361 13.7965 10.7722 10.6108 10.4375 10.1834 9.64962 8.50453 8.7837 8.35882 8.81794 7.16138 7.75414 7.13001 6.97253 6.9552 6.89555 6.70471 6.69074 6.57328 6.1588 7.20919 5.94955 5.36591 4.63679 4.54144 4.34534 4.26357 4.11222 4.5165 3.29863 2.81105 2.48667 1.5461 1.32361 1.13589 1.03043 0.605987
threshold=1.2500000000000002 0.00076183406928703712 3.7359930982471385 0.14583333333333334 5.0000000000000009 10.125000000000002 812.50000000000011 0.75000000000000011 0.52272727272727282 17.500000000000004 117.50000000000001 7.5000000000000009 6.5000000000000009 0.87500000000000011 0.99263139358542385 5.2500000000000009 1.5038969404186797 0.57605713708605399 20.500000000000004 1.0000000180025095e-35 86.500000000000014 20.500000000000004 0.62500000000000011 87.250000000000014 0.14914328070780244 84.497398742692937 84.312500000000014 98.750000000000014 2.4655292867979539 5.5000000000000009 2.3489169866191593 8.5000000000000018 1.5464450674424397 -4.7401942534107961 3.0879215067641778e-18 215.00000000000003 27.500000000000004 -0.25543478260869562 13.250000000000002 46.500000000000007 0.37633144203668412 0.20833333333333334 1.0000000180025095e-35 1.0000000180025095e-35 14.500000000000002 1.7947368421052634
decision_type=2 2 2 2 2 2 2 2 2 2 2 2 2 2 2 2 2 2 2 2 2 2 2 2 2 2 2 2 2 2 2 2 2 2 2 2 2 2 2 2 2 2 2 2 2 2
left_child=1 2 3 5 7 8 12 14 27 15 35 24 -5 28 21 16 -10 18 -17 20 25 23 -13 -2 -6 -14 -20 40 29 -7 -21 43 -23 -26 -11 -3 -29 -38 -25 -33 -1 -4 -22 -8 -37 -45
right_child=4 10 41 6 11 13 31 -9 9 34 -12 22 19 -15 -16 17 -18 -19 26 30 42 32 -24 38 33 -27 -28 36 -30 -31 -32 39 -34 -35 -36 44 37 -39 -40 -41 -42 -43 -44 45 -46 -47
leaf_value=-0.019292261603168218 -0.0018278223808708008 -0.019284975390059522 0.039244775572533697 0.031910627751045105 0.013023223592377543 0.031106064060984946 -0.028442397350683747 -0.023724166703160427 0.0036683787161607621 0.047499624917759192 0.010410460643495413 -0.013552370161115377 -0.023119380926200726 -0.013531860529263445 0.043107942083791165 -0.033407065164075433 -0.043046935871488695 0.033592239015815227 0.027127432232515805 -0.01332732049861414 -0.024972201551477773 -0.021500583526091039 0.025672398980083139 0.016633377629621717 0.063932161061296164 0.014914794889861069 -0.010716883552279344 0.0073043771662241368 0.044630523150019405 -0.0058695786988752288 0.02122524958577493 0.0016359463175242312 0.010405252816470575 0.032608449124657761 0.011760458214825333 -0.053391441611715565 -0.001717505743907121 -0.034962195309813544 0.044240835725957293 -0.029815954033173477 -0.048036324131910238 0.016841405990616804 -0.050772711063558233 -0.037197944954735766 -0.033929737189493027 -0.061798159912653021
leaf_weight=16.582375414669514 31.974085047841072 19.898891277611256 17.543282255530357 15.111538544297217 17.926407769322395 28.672212108969688 12.946422629058359 25.2853112667799 17.704128794372082 18.437033943831921 11.62673958390951 18.383545979857445 27.224090039730072 20.898238308727741 21.256786659359932 16.815022923052311 21.875347718596458 18.940751120448112 22.047799661755562 23.833716794848442 12.154298655688764 26.655063211917877 26.615744635462761 28.824655786156654 27.949291497468948 18.770004145801067 22.86016346514225 26.245290704071522 26.184948295354843 23.231905475258827 24.056416399776936 13.509939432144167 18.557905644178391 26.249564304947853 16.659426309168339 36.810980282723904 21.259796373546124 18.863703317940235 18.633040353655815 13.755726411938666 17.263465344905853 17.682570837438107 15.874898694455622 12.439001083374025 18.125439070165157 12.376671895384787
leaf_count=89 143 130 76 79 79 134 81 122 82 82 59 79 158 95 96 84 115 82 98 122 100 121 115 128 125 114 108 133 120 104 114 85 83 120 86 305 97 104 81 89 87 89 121 87 150 77
internal_value=0 -0.00626801 -0.00222405 -0.00423396 0.0161807 0.00170601 -0.0146139 0.00725461 -0.0042531 0.00421558 -0.0336064 0.029055 -0.0059985 0.0169792 0.0127483 -0.00389195 -0.0225754 0.00543972 -0.00359719 -0.0109188 -0.0205661 0.00726892 0.00970166 0.0162174 0.0408318 -0.0076107 0.00804917 -0.0172921 0.0252125 0.0147579 0.00410843 -0.0324022 -0.00846289 0.0496271 0.0313309 -0.0404922 -0.00792207 -0.0178173 0.028162 -0.0147252 -0.0349113 0.0287741 -0.0408305 -0.0444565 -0.0476917 -0.0513857
internal_weight=0 678.282 591.82 556.594 288.311 354.542 202.053 171.187 255.554 155.34 86.4621 117.125 137.025 98.9873 145.902 120.243 39.5795 80.6637 61.723 121.913 74.0233 124.645 44.9993 79.4318 72.1253 45.9941 44.908 100.215 78.0891 51.9041 47.8901 65.0278 45.213 54.1989 35.0965 74.8353 66.3688 40.1235 47.4577 27.2657 33.8458 35.2259 28.0292 37.7621 54.9364 24.8157
internal_count=5028 3736 3092 2927 1292 1700 1227 774 1247 737 644 518 808 453 652 569 197 372 290 729 493 556 194 352 324 272 206 510 358 238 236 419 204 245 168 585 334 201 209 174 176 165 221 245 455 164
is_linear=0
shrinkage=0.05


Tree=31
num_leaves=48
num_cat=0
split_feature=282 30 31 99 282 274 1 36 14 289 0 144 283 48 288 291 111 46 56 297 272 7 143 117 51 282 272 156 54 259 105 190 36 32 32 291 36 36 286 259 277 33 286 55 289 274 301
split_gain=31.0667 27.4077 20.0406 23.8725 13.899 16.4049 13.7317 12.7744 12.7392 14.9717 11.7149 10.9095 11.2804 9.88254 10.7883 9.38147 9.81826 8.85778 8.57276 7.91456 7.91303 6.99664 6.6734 6.4546 5.8595 6.33616 5.84453 5.73148 6.19169 5.2637 6.27927 5.12876 5.42096 4.68549 5.36151 3.74068 3.29809 5.80223 3.97737 3.23977 3.11535 2.8191 1.55991 1.03363 0.828995 0.414231 0.296363
threshold=1.0000000180025095e-35 1.0041977657685934 -0.29110892954795509 10.125000000000002 -2.2499999999999996 -1.1705435836259281 84.500000000000014 2.165776053066129 0.097222222222222224 0.11478523713130605 82.250000000000014 21.500000000000004 0.3585714285714286 1.8903416403416406 0.29342972903661901 0.96424010217113676 215.00000000000003 172.50000000000003 8.2500000000000018 5.7500000000000009 -1.8436707240331025 14.250000000000002 4.7500000000000009 6.6875000000000009 7.5000000000000009 0.75000000000000011 -2.5126621493718244 39.500000000000007 697.50000000000011 -11.731506647196285 16.500000000000004 14.500000000000002 1.5806506735603114 1.5289575289575295 0.77297297297297318 0.74537037037037046 1.1404119466927822 1.422238336488316 0.32941964224676301 -9.0662315000572331 -1.641108593171529 -0.68339768339768348 0.31089703208806468 782.50000000000011 -0.54219087765047058 -1.9781317075324367 0.23179881076018921
decision_type=2 2 2 2 2 2 2 2 2 2 2 2 2 2 2 2 2 2 2 2 2 2 2 2 2 2 2 2 2 2 2 2 2 2 2 2 2 2 2 2 2 2 2 2 2 2 2
left_child=2 6 10 4 13 7 11 15 29 -10 35 24 -13 -4 21 18 17 19 -6 41 -16 31 -7 -3 25 -2 44 28 -28 30 -5 32 -15 34 -31 -1 42 -38 -39 -25 -27 -17 -30 -36 -20 -9 -41
right_child=1 23 3 8 5 22 -8 45 9 -11 -12 12 -14 14 20 16 -18 -19 26 -21 -22 -23 -24 39 -26 40 27 -29 36 33 -32 -33 -34 -35 43 -37 37 38 -40 46 -42 -43 -44 -45 -46 -47 -48
leaf_value=0.024819453329034291 0.0032608401312114524 -0.0070622654277743627 -0.018841105467472471 -0.0037302544743888118 0.016633540920256436 0.040441342405214215 -0.041680199088235795 -0.034853903036970384 -0.032643436150096142 0.018742606589609859 0.00077887172147473802 0.048161772327702669 -0.0012787003912863887 0.011773295700640875 -0.023679784081663061 -0.030672952656292735 -0.028195931758808253 0.036282387477194554 -0.028606627886711623 0.019218527387160962 0.01869471760578206 0.051340121772158687 -0.0011644252460420103 -0.022197181536916202 0.012192512499342473 -0.045134060958970219 0.0090783275251027761 0.0090875422676828434 -0.024748813517552492 0.019974929389091969 0.033838651277638153 -0.0035985340521826367 0.04668963994017411 0.013275457957456117 0.040204624573444731 0.053903153485583694 -0.00014926236483661268 -0.051493236887396245 -0.013167319713342311 -0.054983570697123722 -0.014621721227230579 -0.0015721102674635273 -0.050534549353748771 0.063729778136277976 -0.050383676075449108 -0.05624535716995719 -0.036143819189415526
leaf_weight=21.643253952264786 24.623740032315254 13.31796111166477 25.880906507372856 24.78846150636673 15.926160618662832 20.016432195901871 19.042145848274231 13.64668792486191 22.261261895298958 35.292934954166412 24.705570235848427 21.084697835147381 24.051303744316101 29.17496932297945 25.019930109381676 16.446237675845623 20.477707952260971 21.784395307302475 14.352649338543417 27.118431195616722 18.163679301738739 18.346011936664581 17.70063342154026 14.068753823637961 25.057773619890213 16.199655927717686 14.328625418245791 18.625003077089787 14.934380829334261 19.904054448008537 18.917611643671989 21.164052382111549 17.977119266986847 19.868530265986919 18.126681745052338 30.373988062143326 24.927694544196129 13.690540425479414 14.275450795888899 40.474099293351173 19.123745791614056 16.130739226937294 15.419960051774977 18.736525550484657 14.84717884659767 11.754039920866488 11.25969661772251
leaf_count=98 120 79 125 109 83 99 133 90 141 157 110 98 108 130 112 88 126 102 86 129 80 83 86 90 108 99 75 95 79 89 84 95 82 91 81 144 131 89 88 322 114 81 81 80 81 79 115
internal_value=0 -0.0158398 0.00523104 0.00239933 -0.00338221 -0.00923771 -0.00314966 -0.0132993 0.0179996 -0.00135094 0.0292472 0.00276295 0.0223601 0.00887156 0.014497 -0.00993155 0.00193696 0.00976006 -0.0173981 -0.000356933 -0.00583671 0.0245803 0.02139 -0.0394294 -0.00778176 -0.016194 -0.0212138 -0.0159392 -0.0207599 0.027189 0.0129241 0.0167571 0.0257786 0.0350532 0.0423136 0.0424984 -0.0259425 -0.0178401 -0.0330595 -0.0457765 -0.0294723 -0.0167394 -0.0390419 0.0535292 -0.0409812 -0.0465082 -0.0516463
internal_weight=0 228.304 736.748 660.026 482.13 326.403 149.183 288.686 177.896 57.5542 76.7228 130.141 45.136 155.727 129.846 263.285 101.958 81.4798 161.328 59.6954 43.1836 86.6622 37.7171 79.1205 85.0049 59.9471 145.401 116.202 97.5767 120.342 43.7061 68.3161 47.1521 76.6358 56.7673 52.0172 83.248 52.8937 27.966 65.8025 35.3234 32.577 30.3543 36.8632 29.1998 25.4007 51.7338
internal_count=5045 1386 3659 3307 2475 1768 780 1583 832 298 352 647 206 707 582 1414 526 400 888 298 192 390 185 606 441 333 805 638 543 534 193 307 212 341 250 242 468 308 177 527 213 169 160 161 167 169 437
is_linear=0
shrinkage=0.05


Tree=32
num_leaves=49
num_cat=0
split_feature=283 31 10 279 32 138 137 282 14 299 74 10 283 201 30 155 279 99 39 234 148 282 33 215 54 197 198 36 138 277 272 31 289 260 272 274 199 232 33 272 44 263 57 78 235 235 109 277
split_gain=32.7569 24.5826 18.2092 17.1505 17.1198 13.7474 13.0562 11.7896 10.7422 9.6998 10.6265 9.3818 9.47114 9.37335 7.9881 7.62534 8.94823 7.49564 9.22746 7.46505 7.2685 6.96203 6.91393 6.438 6.31448 6.20871 6.15947 5.64096 8.14727 5.43472 5.39512 5.28687 5.5372 5.20693 4.95307 4.86011 4.72495 4.66674 4.30936 4.07758 3.83681 3.14222 2.87207 2.79655 2.31842 1.14969 0.969124 0.39415
threshold=-0.15268065268065265 1.3800000000000003 0.29166666666666669 -1.2344671126717783 1.9111969111969114 2.3750000000000004 41.500000000000007 -3.7499999999999996 0.12500000000000003 0.994811144788188 6.2500000000000009 0.12500000000000003 -0.060661764705882346 46.750000000000007 1.2083916083916091 8.5000000000000018 -2.6212933902727582 10.625000000000002 0.52272727272727282 38.500000000000007 36.500000000000007 1.0000000180025095e-35 -0.41930501930501946 1.0000000180025095e-35 702.50000000000011 1.5000000000000002 5.6250000000000009 1.8417314154198832 13.500000000000002 -1.9826600008995698 -2.0758971630108012 1.1378656126482216 -0.6391983530350368 1.3977748437856148 -2.004961089081069 -1.000025117722944 1.5000000000000002 22.750000000000004 -1.4355212355212357 -2.1382321514285025 57.500000000000007 84.589187223792067 12.250000000000002 0.76785000000000292 13.500000000000002 5.5000000000000009 93.125000000000014 -2.1704741723833236
decision_type=2 2 2 2 2 2 2 2 2 2 2 2 2 2 2 2 2 2 2 2 2 2 2 2 2 2 2 2 2 2 2 2 2 2 2 2 2 2 2 2 2 2 2 2 2 2 2 2
left_child=2 3 4 6 5 39 11 -6 24 10 17 15 23 19 26 36 -17 18 34 -12 30 27 -10 -13 -5 37 -4 28 -3 46 -9 32 -20 -28 -7 -26 -2 -18 -31 -1 47 -40 -21 -16 -29 -41 -14 -23
right_child=1 21 14 8 7 9 -8 20 22 -11 13 12 29 -15 43 16 25 -19 31 42 -22 40 -24 -25 35 -27 33 44 -30 38 -32 -33 -34 -35 -36 -37 -38 -39 41 45 -42 -43 -44 -45 -46 -47 -48 -49
leaf_value=0.022763898046687565 -0.0055916409877041261 0.011758720269861531 0.026770750356222995 0.053814477935842132 0.027364681237837248 -0.0061641309167344074 0.019995283895818776 -0.02351826622571692 0.013625064104971777 0.048594750141614643 0.015258708697461843 0.021451475307459139 -0.032285369031332042 -0.0060024624561679481 -0.012863004601031383 0.0187046102878454 -0.015463968905024762 0.023592677874504409 -0.00014517136253606357 0.030825541456993399 -0.042075350652179724 -0.033116903545848009 -0.030356184901781241 -0.017545447705390543 0.032120945484702582 -0.0013192320276553355 -0.029975271456693653 -0.044421614726160213 -0.034271044361544864 0.00018153291473085756 0.0090390679081621787 -0.011518916527773069 0.03837039368314149 0.0049654257538340523 -0.040876876090436859 -0.0015314013552691602 0.026540473363509138 -0.052372369806524113 -0.01377800849775811 0.062577092383508337 -0.012781613041028417 -0.048201356945026037 0.061157974263453513 -0.042491736388145622 -0.013272921683078512 0.039398261817166436 -0.056024105160036419 -0.052360093032404346
leaf_weight=22.150262475013733 18.907002225518227 26.190130390226841 16.076132550835609 17.255541026592255 20.860872134566307 23.04067488014698 34.909535937011242 21.230884820222855 19.369452342391014 18.696883335709572 35.138197168707848 15.594043083488939 12.677621826529501 19.550086706876755 16.271880961954594 17.355579495429993 18.465771123766899 30.643587976694107 17.927956402301788 18.923078179359436 17.047266222536564 11.120340764522547 14.974245831370352 28.27999284863472 24.350292362272739 23.751660667359829 16.34295741468668 17.676359742879871 13.894994907081125 16.181596979498863 28.880977489054203 20.068967163562775 18.444512322545052 27.080041453242302 18.190233528614044 18.450153276324272 26.867192968726158 17.178692668676376 13.95228546112776 17.657594442367554 10.412943713366984 13.914523079991339 19.891330614686012 17.321016862988472 10.467109553515909 21.119281977415085 19.954287312924862 30.857654251158241
leaf_count=99 86 152 73 76 90 104 159 105 97 87 156 82 79 87 99 79 81 134 81 83 84 104 81 155 111 108 89 139 95 90 134 86 83 154 83 90 120 83 84 84 87 102 88 113 76 94 141 282
internal_value=0 -0.00833905 0.00996745 -0.00195949 0.0147101 0.0203596 -0.00821239 -0.00464912 0.0163472 0.0148712 0.0118234 -0.0123287 -0.0221719 0.0245483 -0.00981964 -0.00254281 -0.0121206 0.00243268 -0.00437785 0.032597 -0.0148488 -0.0278567 -0.00586758 -0.00351571 0.028939 -0.0212883 0.00126796 -0.0169378 -0.0046427 -0.0326637 -0.00494476 0.00871591 0.0198902 -0.00856382 -0.022084 0.0179105 0.0134325 -0.0341956 -0.0204623 0.0414356 -0.0414927 -0.0320407 0.0475157 -0.0289267 -0.0336897 0.0512609 -0.0480357 -0.0481516
internal_weight=0 493.009 482.555 372.389 389.463 301.443 277.99 88.02 94.3997 240.516 221.819 243.08 120.554 93.5027 93.092 122.526 76.7517 128.316 97.6723 73.9526 67.1591 120.62 34.3437 43.874 60.056 59.3961 59.4991 68.2286 40.0851 76.6803 50.1119 56.4414 36.3725 43.423 41.2309 42.8004 45.7742 35.6445 44.0484 60.9271 52.3909 27.8668 38.8144 33.5929 28.1435 38.7769 32.6319 41.978
internal_count=5129 2839 2290 1904 1762 1349 1449 413 455 1072 985 1290 733 414 528 557 351 571 437 327 323 935 178 237 277 272 316 462 247 496 239 250 164 243 187 201 206 164 276 277 473 186 171 212 215 178 220 386
is_linear=0
shrinkage=0.05


Tree=33
num_leaves=48
num_cat=0
split_feature=282 31 143 279 73 36 9 111 48 97 283 113 14 31 297 116 12 35 188 274 31 74 214 38 235 34 299 279 289 274 286 32 32 155 201 289 75 108 284 98 33 32 33 49 80 5 13
split_gain=25.9956 28.4894 16.8866 16.2457 16.3384 15.0213 14.3878 15.3155 11.7271 11.217 10.9871 10.8773 9.34428 10.9982 8.53407 8.30999 8.24647 8.19183 8.00552 7.43199 7.36301 6.9209 7.53899 7.29438 7.6381 6.86721 6.28355 5.63249 4.90286 5.45127 4.89796 4.64284 4.32434 4.23227 4.21414 3.90829 3.85525 5.27415 3.63427 3.07729 2.94813 2.74729 2.65272 1.71542 1.3642 1.30918 1.15036
threshold=-1.7499999999999998 1.389130434782609 64.250000000000014 -1.8231496160795617 81.250000000000014 1.5166376561036297 4.5000000000000009 215.00000000000003 3.1256209958412948 8.4375000000000018 0.085144927536231887 65.000000000000014 0.069444444444444461 -0.45782608695652166 5.2500000000000009 45.000000000000007 0.14583333333333334 0.48065123467383375 6.5000000000000009 -2.3382631692693443 0.85639751552795063 5.2500000000000009 3.5000000000000004 0.87500000000000011 13.500000000000002 -0.42838782838782824 0.1910283172000396 -1.9803925603763382 0.42763731121559989 -1.3835649616033716 0.14577609298246322 0.59322839322839338 0.87593555997311878 5.5000000000000009 6.7500000000000009 -0.43733099657705293 1.0000000180025095e-35 8.7500000000000018 1.6858552631578949 1.0416500000000004 -0.46023166023166046 0.92586872586872604 -0.28494208494208484 3.2370487618466988 69.875000000000014 87.250000000000014 12.500000000000002
decision_type=2 2 2 2 2 2 2 2 2 2 2 2 2 2 2 2 2 2 2 2 2 2 2 2 2 2 2 2 2 2 2 2 2 2 2 2 2 2 2 2 2 2 2 2 2 2 2
left_child=6 2 3 12 10 17 7 8 15 38 11 -5 14 -14 34 -1 42 -3 -17 32 27 25 23 24 -23 -20 -22 39 29 -13 -7 -30 -16 -33 -2 -21 37 -32 -9 46 -18 -35 -12 44 -38 -46 -15
right_child=1 5 -4 4 -6 30 -8 9 -10 -11 16 28 13 20 19 18 40 -19 21 35 26 22 -24 -25 -26 -27 -28 -29 31 -31 36 33 -34 41 -36 -37 43 -39 -40 -41 -42 -43 -44 -45 45 -47 -48
leaf_value=-0.012713237618248994 -0.032284413098844812 -0.021396459339334761 0.048399528468891902 -0.010862781464492955 -0.033780974582111427 -0.0031879551821987449 0.049767734048280922 -0.0063767004051384375 0.050431344611586451 0.020787600651137012 0.02074931815115949 0.025261399794699185 0.013589853062569619 -0.064261599735854685 0.0055185629609140552 0.038931577472951083 -0.009876033310335269 0.018081903307953503 0.011918429530850929 -0.020935122666766268 0.013674388432141095 0.032335935483727547 -0.0089355129813245057 0.050235935135035381 -0.0069651086943392287 -0.029623083569546856 -0.025762877135169976 -0.0078244201780526389 0.01323769929251448 -0.0086843952104560408 0.008122032481928488 0.05747675753590268 0.038604268631433347 0.040778877656405886 -0.00026884952073759127 0.0090447062118123762 -0.028013570591610183 -0.041006674736555851 -0.03520517703384065 -0.024613454115121045 -0.04340571595303834 0.013008352845260172 -0.0048630072552040627 -0.020461447693937471 -0.055013330679655276 -0.03339725369895126 -0.039013475578729591
leaf_weight=29.033054918050766 23.587093733251095 24.404579937458038 16.659128606319427 25.11206977814436 20.629210315644741 11.911566652357577 22.633520767092705 17.904250435531139 20.817177161574364 18.048556163907051 21.38318407535553 27.833567187190056 19.692242167890072 17.301376134157181 18.274683758616447 29.954109966754913 14.556913375854494 26.221499130129814 20.838083848357201 20.691550299525261 16.545202895998955 26.312130533158779 19.641052953898907 20.362747766077518 22.044849626719952 17.372930571436882 23.111473120748997 13.593923181295393 25.267268270254135 19.37316282838583 10.342441871762277 21.226013816893101 21.521982446312904 19.681681498885155 17.690853282809258 20.950065732002258 14.371473155915735 9.9610224589705449 29.346189394593239 16.360873162746429 12.212203830480574 18.026535235345364 17.865311972796917 10.418169267475603 38.429639659821987 16.463834121823311 16.243168473243713
leaf_count=132 114 152 74 117 120 86 124 85 93 82 96 136 89 94 83 137 81 140 93 96 100 119 90 92 104 83 159 73 111 94 79 95 96 87 83 92 146 86 140 102 79 84 92 77 294 121 100
internal_value=0 -0.00550436 0.000364456 -0.00136837 0.00777659 -0.0236449 0.0123065 0.00901451 0.0156766 -0.0119597 0.0117628 0.0189428 -0.0104189 -0.0201081 -0.000635123 0.0115282 -0.00528864 -0.000994682 0.0160767 0.00873659 -0.0266096 0.0104052 0.0180324 0.0257579 0.0146414 -0.00724254 -0.00937757 -0.0370592 0.0246777 0.0114392 -0.0337929 0.0318783 0.0239189 0.039516 -0.0188941 -0.00599375 -0.0373712 -0.0167743 -0.02464 -0.0447124 -0.0261847 0.0281821 0.00925982 -0.0423464 -0.0453001 -0.0492437 -0.0535191
internal_weight=0 667.915 505.391 488.732 243.167 162.524 294.309 271.675 206.376 65.299 222.538 156.52 245.564 122.848 122.716 185.559 66.0176 50.6261 156.526 81.4383 103.156 126.572 88.3608 68.7197 48.357 38.211 39.6567 63.4993 131.408 47.2067 111.898 84.2015 39.7967 58.9342 41.2779 41.6416 99.9866 20.3035 47.2504 49.9054 26.7691 37.7082 39.2485 79.6831 69.2649 54.8935 33.5445
internal_count=5102 3728 2547 2473 1192 1181 1374 1250 943 307 1072 724 1281 717 564 850 348 292 718 367 628 581 405 315 223 176 259 369 607 230 889 377 179 266 197 188 803 165 225 296 160 171 188 638 561 415 194
is_linear=0
shrinkage=0.05


Tree=34
num_leaves=45
num_cat=0
split_feature=9 30 39 12 290 177 301 120 262 288 47 30 179 283 301 14 39 190 30 47 116 155 48 286 116 259 227 144 278 288 100 259 301 220 148 283 279 104 288 278 144 32 55 158
split_gain=26.8276 15.3164 13.5578 10.9434 10.6498 13.0863 9.59701 11.5201 8.77151 10.3517 10.1849 11.6838 9.71782 8.56867 7.65182 7.45964 6.7296 7.55847 7.44884 6.72215 7.82951 6.56812 6.16865 6.78474 10.2241 5.9804 5.22836 5.15594 4.98584 8.60684 4.89678 5.11854 5.85927 4.87482 4.5599 4.54929 4.42217 4.77481 4.21086 3.8557 3.48921 3.09015 2.51924 0.68159
threshold=1.0000000180025095e-35 -0.25174825174825155 0.41428571428571431 0.10416666666666667 10.500000000000002 2.5000000000000004 4.7444552493174551e-12 7.6250000000000009 5.0000000000000009 0.9193901325473397 -2.037922695939375 2.1413586413586425 2.5000000000000004 -0.1348484848484848 1.0000000180025095e-35 0.041666666666666671 0.80909090909090919 16.500000000000004 0.16783216783216801 0.24881080742268583 65.000000000000014 24.500000000000004 2.4824079485680897 0.38728705007627118 95.000000000000014 -11.157641218209703 14.250000000000002 39.500000000000007 89.327875522521381 0.52766072109828632 5.8750000000000009 -7.5932537926327646 4.8431879700928719e-15 1.5000000000000002 19.500000000000004 -0.23205128205128203 -1.8670103017774655 4.5000000000000009 -0.44504625642270151 83.722175382439687 6.5000000000000009 0.57837837837837858 782.50000000000011 3.5000000000000004
decision_type=2 2 2 2 2 2 2 2 2 2 2 2 2 2 2 2 2 2 2 2 2 2 2 2 2 2 2 2 2 2 2 2 2 2 2 2 2 2 2 2 2 2 2 2
left_child=2 4 14 6 5 19 7 -4 9 12 -10 13 16 26 27 -15 17 18 -3 20 -2 -8 23 38 -25 -22 -12 40 29 -27 -20 34 -33 -9 -32 -18 43 -38 -5 -11 -1 -6 -40 -16
right_child=1 8 3 22 41 -7 21 33 10 39 11 -13 -14 15 36 -17 35 -19 30 -21 25 -23 -24 24 -26 28 -28 -29 -30 -31 31 32 -34 -35 -36 -37 37 -39 42 -41 -42 -43 -44 -45
leaf_value=-0.0021026716674466383 -0.015733983730873227 -0.024854074778016419 -0.0085579804713218754 -0.0093820384480585908 0.022516053276515006 0.038698203754418931 -0.037253708102768589 0.012914326671971236 0.042975937222817895 -0.04793076725045281 0.039169013861447298 -0.028003461016642545 -0.035491334214171819 0.015727241304679042 -0.032468687627825871 -0.018557041326608945 0.036895612526785762 -0.024772327740043162 0.032336141432282493 -0.01852595222232176 -0.0093270835568640669 0.0093159411386351167 0.0070204621928990213 -0.028734022567553769 0.019574197171331922 0.055067113021097847 0.0095324855247387007 0.014947681331210562 0.0043166916153668392 0.01004228721684294 0.0003941451905528794 -0.029669579234742241 0.006535212527751454 0.046192105737447302 0.034469955228260137 0.0035638121430740808 0.00076671951849058208 -0.036744357245919769 -0.02280616009350156 -0.013134776173745916 -0.03394391623368051 0.051926147642467779 -0.051873956470542604 -0.054022512295236358
leaf_weight=15.726050302386282 22.553332462906837 19.064118802547455 26.060662500560284 15.851975321769713 18.196519792079926 34.112085923552513 15.272431306540968 19.9917002171278 19.154632590711117 15.968662969768046 29.13964731991291 21.73964387178421 17.719515919685364 29.564172610640526 11.995804846286772 32.008767738938332 19.43665486574173 29.774335347115993 16.781914852559566 25.095616430044174 16.579438783228397 13.553294517099856 26.919912241399288 20.909097865223885 20.938460655510426 21.645872354507446 31.088904082775116 14.563331648707388 22.211156383156776 21.00143388658762 20.734479285776615 17.623047910630703 27.244808860123158 26.688813969492912 17.686504855751991 20.986847035586834 14.244061991572378 19.832063779234886 15.058613330125807 16.973062112927437 18.378518521785736 23.312094479799271 21.533753339201212 23.127505175769329
leaf_count=89 105 97 119 111 82 155 112 93 86 86 133 112 82 138 107 157 83 144 78 116 83 73 148 137 131 95 136 79 110 94 104 83 143 127 79 107 114 147 109 91 118 104 169 186
internal_value=0 0.00641831 -0.0110903 -0.00379603 0.0175182 0.0116259 0.00826663 0.0178803 0.000746273 -0.00532248 0.00967617 0.00496595 -0.00112131 0.0110306 -0.024729 -0.00210722 0.00226492 -0.00267689 0.00300546 0.00422936 0.00984492 -0.0157794 -0.0138886 -0.0198691 -0.00467025 0.0170336 0.0242767 -0.00926789 0.0238114 0.0336329 0.00850628 0.00337811 -0.008022 0.0325101 0.0165569 0.0200944 -0.0353159 -0.0214896 -0.0316826 -0.0309175 -0.0197397 0.0398663 -0.0408368 -0.0477638
internal_weight=0 607.397 340.646 222.779 204.708 163.199 101.567 72.7412 402.69 239.994 162.696 143.541 207.052 121.801 117.867 61.5729 189.333 148.909 119.135 129.087 103.991 28.8257 121.212 94.2919 41.8476 81.4379 60.2286 48.6679 64.8585 42.6473 100.071 83.2888 44.8679 46.6805 38.421 40.4235 69.1994 34.0761 52.4443 32.9417 34.1046 41.5086 36.5924 35.1233
internal_count=5052 2883 2169 1329 944 758 524 339 1939 1177 762 676 1000 564 840 295 918 728 584 603 487 185 805 657 268 382 269 286 299 189 487 409 226 220 183 190 554 261 389 177 207 186 278 293
is_linear=0
shrinkage=0.05


Tree=35
num_leaves=50
num_cat=0
split_feature=30 10 32 291 287 46 159 289 188 58 99 32 262 97 276 156 5 143 101 48 38 97 112 198 154 191 291 298 202 30 33 30 182 29 158 220 232 260 115 301 36 259 55 58 79 33 32 87 232
split_gain=26.7633 21.3777 15.6184 13.4721 14.4177 12.423 10.0103 9.98031 11.3392 9.55369 9.20185 9.01107 11.5379 12.3447 15.0867 8.71766 8.45657 8.40289 10.6933 8.31371 7.21886 8.56265 6.85159 6.72334 10.4145 6.6367 6.25556 6.1191 5.98038 5.95604 5.74718 5.27472 5.24558 4.62533 4.46236 4.37384 4.27737 4.24192 4.5698 4.2311 5.19956 4.19937 3.61171 3.41919 3.19816 2.26617 2.08484 2.0161 0.820464
threshold=-0.37762237762237738 0.29166666666666669 1.9111969111969114 0.95445134575569368 0.9999998542287577 157.50000000000003 1.5000000000000002 0.28313308994381592 65.500000000000014 20.500000000000004 5.3750000000000009 0.6409266409266412 5.0000000000000009 9.6875000000000018 88.628150328509506 24.500000000000004 80.250000000000014 28.750000000000004 13.500000000000002 1.3737907098323203 0.87500000000000011 9.6875000000000018 205.00000000000003 21.125000000000004 42.250000000000007 6.5000000000000009 0.95445134575569368 1.8750000000000002 6.5000000000000009 -2.2867132867132862 -1.8355212355212354 1.0041977657685934 59.500000000000007 -1.0026578073089694 4.5000000000000009 4.5000000000000009 22.750000000000004 2.3976348257418008 105.00000000000001 -6.3716612231832356e-15 2.0555554184571494 -4.4065756392730444 832.50000000000011 16.500000000000004 80.875000000000014 -0.20772200772200819 2.0205649258280842 72.812500000000014 48.750000000000007
decision_type=2 2 2 2 2 2 2 2 2 2 2 2 2 2 2 2 2 2 2 2 2 2 2 2 2 2 2 2 2 2 2 2 2 2 2 2 2 2 2 2 2 2 2 2 2 2 2 2 2
left_child=7 2 3 6 25 -4 10 8 23 17 -2 20 13 41 44 37 35 18 26 -7 21 -12 39 -1 -25 -5 33 34 -28 -10 -29 -19 -8 -3 -9 -14 -20 38 -6 -21 -41 43 -24 47 -15 46 -11 -13 -35
right_child=1 9 5 4 15 19 32 27 29 45 11 12 16 14 -16 -17 -18 31 36 22 -22 -23 42 24 -26 -27 28 30 -30 -31 -32 -33 -34 48 -36 -37 -38 -39 -40 40 -42 -43 -44 -45 -46 -47 -48 -49 -50
leaf_value=0.015114735189778489 -0.035160438545437649 -0.010487288409164002 0.022898270646807304 -0.017975165315414137 0.042206667393712795 -0.049058314223354764 0.04211844243403759 0.021188201538259149 0.045568696409146708 -0.056492366287147405 0.015320589997025078 -0.027370455264568168 0.021831208253436717 0.0066188522573039201 0.045342455259439612 0.00036504807753781648 0.040737479149150352 0.032766711455347187 0.026622234738678696 0.014938100126608407 -0.042253897802338188 -0.024979590669275586 -0.043019222695923023 -0.035759122671047111 0.011758389903531402 0.019566748935268011 0.0091648706180641037 0.032721604207714743 -0.035392815535888099 0.0085918054874235712 -0.0058047627337080099 -0.010238854097293103 0.0051018749386547626 -0.054353807840094463 0.054245815010528955 -0.012604335232214717 -0.012148123220527423 0.055935997607395704 0.0094164332196992103 0.0071032585510983808 -0.034518547771645612 0.0023471513811520414 -0.0089193936137515594 -0.044508153461047181 -0.022230680656443208 -0.021371769090726987 -0.024977660515520011 -0.0033757418607332501 -0.031905505950579012
leaf_weight=25.309017971158028 20.537424989044666 11.650800563395022 17.662889920175076 29.74014014005661 24.818500928580761 20.914595454931259 17.99707093834877 18.804429739713669 20.835440710186958 19.395578436553482 23.660998567938805 18.022398591041565 17.30723886936903 20.018309317529202 21.002557873725891 18.966367170214653 29.552889168262482 14.103626266121866 14.186634890735151 20.510516539216042 18.576534047722816 27.426704108715057 21.50690733641386 27.198187179863453 18.848024122416973 18.103053741157055 17.627990491688255 18.903748109936714 11.758299604058264 22.878295421600342 18.345976173877716 12.809232234954832 19.923668056726456 23.244995169341564 27.986611038446426 17.649628110229969 12.553998298943041 23.620266363024712 19.282800257205963 14.189950414001943 14.276835359632967 17.655733995139599 12.822672359645365 15.905466414988039 16.878449529409409 16.50349672883749 10.524048756808041 16.810175210237503 12.041060559451578
leaf_count=125 109 72 85 153 112 136 80 83 96 135 113 90 85 97 98 83 130 82 79 90 91 127 154 137 87 87 117 85 87 104 82 84 91 180 129 84 81 108 89 76 90 96 89 78 82 126 94 82 109
internal_value=0 -0.00381279 0.000864617 0.00513952 0.0183454 -0.0149521 -0.000471015 0.0167601 0.00708943 -0.0189874 -0.00375018 -0.00114852 0.00447934 -0.00432153 0.0125522 0.0303936 0.0215121 -0.0118665 -0.0183325 -0.0215234 -0.0164079 -0.00637898 -0.0141107 -0.00521466 -0.0164723 -0.00366017 -0.0277716 0.0297623 -0.00924196 0.0268412 0.0140912 0.0126646 0.0233006 -0.0389379 0.0416819 0.00457779 0.00863883 0.0386758 0.0283962 -0.00196309 -0.0142342 -0.0185812 -0.0308953 -0.0257684 -0.00681676 -0.0382539 -0.0465736 -0.016208 -0.0477839
internal_weight=0 751.741 575.341 453.456 134.531 121.884 318.925 199.11 115.069 176.4 281.005 260.467 190.803 126.293 57.8993 86.6879 64.5098 129.977 103.064 104.221 69.6642 51.0877 83.3069 71.3552 46.0462 47.8432 76.3231 84.0408 29.3863 43.7137 37.2497 26.9129 37.9207 46.9369 46.791 34.9569 26.7406 67.7216 44.1013 48.9773 28.4668 68.3938 34.3296 50.738 36.8968 46.4231 29.9196 34.8326 35.2861
internal_count=5059 4131 2885 2165 632 720 1533 928 549 1246 1362 1253 922 623 277 392 299 891 725 635 331 240 499 349 224 240 565 379 204 200 167 166 171 361 212 169 160 309 201 256 166 346 243 250 179 355 229 172 289
is_linear=0
shrinkage=0.05


Tree=36
num_leaves=47
num_cat=0
split_feature=282 9 301 51 116 291 101 119 10 36 115 288 279 39 10 286 48 112 195 291 282 99 31 2 286 31 212 36 263 291 198 291 58 282 108 44 6 12 108 38 40 44 289 100 78 288
split_gain=26.8661 22.7049 20.5077 17.0908 12.8627 13.5399 14.372 12.2334 12.0396 11.9362 10.4141 9.77852 8.90351 8.36079 6.70772 6.88957 6.65088 8.34568 6.64035 13.2724 8.47691 7.93343 9.61538 7.48632 6.9528 5.95138 5.69303 5.65064 5.51174 6.50567 5.42697 4.78984 4.74888 4.74989 4.29353 4.25227 4.17038 3.19926 3.02501 2.7572 2.66279 2.61217 2.48691 2.07696 1.4787 0.303828
threshold=0.75000000000000011 3.2500000000000004 0.023066361489553822 7.5000000000000009 25.000000000000004 0.96424010217113676 15.500000000000002 6.1250000000000009 0.54166666666666685 1.0036582657720283 235.00000000000003 0.70290292807158605 -1.0107886024097994 0.47727272727272735 0.29166666666666669 0.15450644357476237 2.4022097129420934 115.00000000000001 38.500000000000007 0.86811594202898557 -2.2499999999999996 6.8750000000000009 1.1973913043478266 82.750000000000014 0.31326981972487666 1.6408695652173915 2.3333500000000007 1.4378852437763541 86.909918397529779 0.85449735449735453 33.125000000000007 0.33687943262411352 8.5000000000000018 -1.2499999999999998 3.035699999999999 12.500000000000002 72.500000000000014 0.062500000000000014 6.2500000000000009 0.37500000000000006 1.7500000000000002 12.500000000000002 -0.082691941062253513 9.6250000000000018 0.54164999999999719 -0.26866367175705824
decision_type=2 2 2 2 2 2 2 2 2 2 2 2 2 2 2 2 2 2 2 2 2 2 2 2 2 2 2 2 2 2 2 2 2 2 2 2 2 2 2 2 2 2 2 2 2 2
left_child=1 2 4 7 25 6 8 -2 12 -7 13 -8 18 16 15 -15 17 -11 19 23 30 22 -22 24 -6 -1 -12 32 -3 -30 -20 -5 -23 -34 39 37 -14 -17 -25 -9 45 42 -36 -35 -10 -4
right_child=3 28 40 31 5 9 11 34 44 10 26 -13 36 14 -16 35 -18 -19 20 -21 21 27 -24 38 -26 -27 -28 -29 29 -31 -32 -33 33 43 41 -37 -38 -39 -40 -41 -42 -43 -44 -45 -46 -47
leaf_value=-0.0047855057245516199 0.0059412608449788372 0.051361585996900917 -0.033257535234639535 -0.0083298584388894741 0.028116994335643259 0.049548482688071972 0.039135627447910146 -0.0029904096380327194 -0.049575889210463825 -0.039259820179229458 -0.029884660425507099 -0.0035048298033961318 0.0039204471912985287 -0.00018140525121235367 -0.0052460971266475188 0.038492033651147534 0.02393383825586189 0.0091856854479090751 0.023898152804898216 -0.023166316568194206 0.022354654103103572 0.00083588364754955645 -0.028088992115430762 0.016637716492246487 -0.010653101589148718 -0.03921999955514071 0.0081321608132965736 -0.049100967257032779 -0.002396674003860874 0.038837911501837775 -0.0084882389903635815 0.025977783185361099 -0.0053677187503966455 -0.022655105469165306 -0.045490787385424523 0.051919720922153779 0.038142321479476826 0.014029029186386644 0.047724535722940165 -0.033587223881402554 -0.015772480962054913 -0.051544069805951054 -0.015422847546391638 -0.051126187373647429 -0.023359861524472697 -0.054458438208417975
leaf_weight=26.046533100306988 20.672317065298557 22.862980380654335 11.096273504197598 19.411923319101334 16.383214354515076 20.767788238823414 33.389737792313099 14.459124576300384 11.734300263226034 15.699980981647967 20.801862917840481 21.824958242475986 17.750220067799091 17.479954563081264 17.218891449272633 26.385468758642673 16.755921132862568 18.363841570913792 22.723715856671333 30.663193918764591 21.919426538050175 21.551901131868362 15.074157871305941 17.305318549275398 33.576167941093445 23.796675503253937 17.333255290985107 19.659492895007133 17.760770097374916 19.45646308362484 27.624762259423733 19.558463290333748 16.67866275459528 14.72318208217621 13.104665294289591 24.391819484531879 17.391109682619572 29.708238400518894 16.317233309149742 14.470751862972973 12.630355626344679 40.023209437727928 16.575090572237968 16.112672075629234 15.559538461267946 11.740186527371407
leaf_count=127 108 122 85 82 74 96 154 98 82 88 109 104 81 81 96 117 82 103 103 152 109 111 91 88 157 148 88 113 80 90 125 86 81 88 97 109 80 134 82 108 83 326 120 85 103 106
internal_value=0 0.00307171 0.000581906 -0.0194647 0.00252969 0.00446707 -0.000968556 -0.0287958 -0.00469817 0.0142875 0.0104762 0.0225184 -0.00197218 0.0158771 0.0232762 0.0282918 -0.00101893 -0.0136257 -0.00487042 0.00449404 -0.0109378 -0.0178403 0.00160156 0.0147955 0.00236306 -0.0216736 -0.0128389 -0.0258739 0.0323372 0.0196122 0.00630942 0.00910761 -0.018656 -0.0273322 -0.0360628 0.034402 0.0214433 0.0260086 0.032667 -0.0189058 -0.0359529 -0.0428157 -0.0297489 -0.0386707 -0.0359846 -0.0459843
internal_weight=0 778.26 718.18 158.276 682.713 632.87 407.963 119.305 352.748 224.907 204.139 55.2147 325.454 166.004 115.184 97.9655 50.8197 34.0638 290.313 114.245 176.068 125.719 36.9936 83.5819 49.9594 49.8432 38.1351 88.7259 60.0802 37.2172 50.3485 38.9704 69.0664 47.5145 98.6328 80.4855 35.1413 56.0937 33.6226 28.9299 35.4668 69.703 29.6798 30.8359 27.2938 22.8365
internal_count=5032 4007 3715 1025 3441 3166 2063 857 1805 1103 1007 258 1620 810 537 441 273 191 1459 553 906 678 200 401 231 275 197 478 292 170 228 168 365 254 749 360 161 251 170 206 274 543 217 173 185 191
is_linear=0
shrinkage=0.05


Tree=37
num_leaves=49
num_cat=0
split_feature=9 301 289 113 0 10 53 103 290 274 108 55 283 148 283 54 58 230 220 143 202 8 199 260 2 301 117 289 273 291 289 148 283 144 260 279 54 107 57 157 214 189 230 276 289 190 233 272
split_gain=25.4678 21.8994 15.2907 21.9895 15.2017 16.2923 12.4034 10.8207 9.80326 9.61307 10.5555 9.33311 8.2747 8.27095 7.49412 7.49225 7.54391 7.34484 7.06514 7.79989 7.39375 6.84005 6.52027 6.12238 6.02902 5.9327 5.92219 5.60134 5.55453 5.31377 7.92923 6.28747 4.15335 3.98053 3.58595 3.83187 4.01177 3.3874 3.36246 3.27771 2.77809 2.71058 2.29108 2.21475 2.11308 4.58817 2.06401 0.252455
threshold=2.2500000000000004 0.019894109752758359 0.1318557721318592 45.000000000000007 78.250000000000014 0.12500000000000003 107.50000000000001 8.5000000000000018 2.5000000000000004 -1.234428241469401 8.7500000000000018 707.50000000000011 -0.14907407407407405 27.500000000000004 -0.59411764705882342 817.50000000000011 20.500000000000004 4.5000000000000009 7.5000000000000009 36.750000000000007 17.500000000000004 47.500000000000007 3.5000000000000004 -2.0221960878449008 80.750000000000014 -2.2325541641511941e-12 7.6875000000000009 0.3484035575467645 89.429571345307792 0.85449735449735453 0.47369649395226454 38.500000000000007 -0.18898809523809521 13.500000000000002 1.4851361317708358 -2.2855258356155868 827.50000000000011 109.37500000000003 12.250000000000002 4.5000000000000009 1.5000000000000002 30.500000000000004 3.5000000000000004 91.380137423251014 0.68274389090025245 1.0000000180025095e-35 64.500000000000014 -2.1842429375829848
decision_type=2 2 2 2 2 2 2 2 2 2 2 2 2 2 2 2 2 2 2 2 2 2 2 2 2 2 2 2 2 2 2 2 2 2 2 2 2 2 2 2 2 2 2 2 2 2 2 2
left_child=1 2 4 21 -1 7 44 18 9 10 12 17 -5 23 -2 16 28 -10 19 26 -21 25 40 -7 39 -4 -6 -26 -15 30 31 -16 -28 -29 46 43 -37 -18 -17 -24 -13 -31 -27 -36 47 -46 -25 -3
right_child=14 6 3 8 5 13 -8 -9 11 -11 -12 22 -14 15 29 38 37 -19 -20 20 -22 -23 24 34 27 42 32 33 -30 41 -32 -33 -34 -35 35 36 -38 -39 -40 -41 -42 -43 -44 -45 45 -47 -48 -49
leaf_value=-0.048759867102682479 0.05199481615543762 -0.034889858859744952 -0.0065571010325068124 0.021623930004330563 -0.037353929770654569 0.005393769285459973 0.022002229069636971 0.033346599895693933 -0.025304899024459062 0.024016984699745829 -0.036962651390593286 0.027283239932291193 -0.016741781780159896 0.0037026672072819804 -0.022306500977078807 -0.035525769579774408 -0.03083771005472143 0.016159243731822714 0.020880805718708234 0.033011145987709059 -0.010563897228475345 0.0064810798917631978 0.015499650985760989 -0.054681524313931466 0.0077310702569891787 -0.058616154878219265 0.012226143784839692 0.050207004390064973 0.040874401418663421 0.042896494622946035 0.032435054566836201 0.012304788622060921 -0.020385594359730273 0.019194626756774986 -0.04684002201368169 -0.021805741846959936 0.013247081291762029 0.0021390449872455528 -0.0052342696085682372 -0.012742336160048336 0.056450607507889689 0.016271563053182666 -0.025815595086160804 -0.016439349628163895 -0.04463248318412763 -0.00077078023055977612 -0.024846108852161417 -0.054180760872721612
leaf_weight=19.988062217831612 15.995651870965956 11.456870246678589 16.383460886776447 27.976898796856403 21.812941133975983 15.058556772768496 8.9065961614251119 30.583053544163704 17.70836815983057 29.721397258341312 22.564436413347721 20.010672740638256 26.313984915614128 24.498069792985916 22.613522708415985 19.948687322437763 13.668772757053377 23.896779917180538 31.370291993021965 18.721886396408081 18.497188687324524 16.586309887468815 21.720109574496746 16.819945275783539 25.025448009371758 14.392181336879732 17.833730921149254 25.878785192966461 16.308510027825832 20.413454830646515 21.509638726711273 28.571416065096855 19.364578358829021 19.943592727184296 15.582130640745165 21.792015261948109 11.887836240231989 16.343013159930706 16.994328878819942 17.785094738006592 18.969792440533638 20.838616132736206 12.311015173792837 11.886788055300711 13.328081220388414 10.272556491196154 12.889201551675798 19.949283141642812
leaf_count=115 88 104 76 124 109 94 48 135 86 140 108 95 124 142 101 116 80 108 148 83 83 79 102 119 126 115 77 114 89 94 101 126 101 87 105 150 81 93 96 83 87 95 75 85 133 81 86 187
internal_value=0 -0.00294907 -0.000533986 0.0069383 -0.00734563 -0.00499476 -0.0308085 0.00714362 0.0124988 0.000335955 -0.0090128 0.0192507 0.00306216 -0.0139721 0.0208094 -0.0041538 0.00538347 -0.00166882 0.000652877 -0.0060882 0.0116454 -0.0205342 0.0250513 -0.0238291 0.0185491 -0.0308449 -0.0172806 0.0271784 0.0191809 0.0160174 0.00769712 -0.00312092 -0.00484001 0.0374075 -0.0286785 -0.0211561 -0.00940807 -0.0133902 -0.0220964 0.00278453 0.0425344 0.0301503 -0.0449718 -0.0347241 -0.0395997 -0.0263484 -0.0429681 -0.0484373
internal_weight=0 812.951 749.038 357.188 391.85 371.862 63.9134 158.184 297.515 106.577 76.8553 190.939 54.2909 213.678 129.942 107.761 70.8184 41.6051 127.601 96.2303 37.2191 59.673 149.333 105.916 110.353 43.0867 59.0113 70.8478 40.8066 113.947 72.6946 51.1849 37.1983 45.8224 90.8579 61.1488 33.6799 30.0118 36.943 39.5052 38.9805 41.2521 26.7032 27.4689 55.0068 23.6006 29.7091 31.4062
internal_count=5074 4469 3916 1729 2187 2072 553 736 1384 496 356 888 248 1336 605 616 404 194 601 453 166 345 694 720 512 266 287 327 231 517 328 227 178 201 626 421 231 173 212 185 182 189 190 190 505 214 205 291
is_linear=0
shrinkage=0.05


Tree=38
num_leaves=49
num_cat=0
split_feature=9 115 283 138 262 31 110 99 20 288 109 274 274 283 31 71 99 74 289 154 289 145 195 7 13 157 112 1 5 88 33 204 46 291 188 287 275 156 286 2 85 34 2 105 39 289 260 73
split_gain=23.3357 19.2319 22.3654 15.006 14.9292 11.2593 9.84652 10.8624 10.2085 9.24935 10.8757 9.61247 9.46019 8.30609 7.33634 7.23102 6.52303 6.13589 5.88385 5.84395 6.52092 5.74617 7.69651 8.91778 7.19724 6.64128 6.31626 5.74215 8.60328 9.95137 7.99772 5.53653 5.37693 5.27473 4.50776 4.27087 4.23225 4.20735 4.10187 4.00049 7.43756 4.34342 3.84764 3.6418 3.3123 2.52867 2.01935 0.902838
threshold=3.2500000000000004 215.00000000000003 0.069047619047619066 61.500000000000007 5.0000000000000009 1.0826086956521741 126.25000000000001 10.125000000000002 0.097222222222222224 0.21022171450811275 78.750000000000014 -1.554037997877753 -1.9099416345565101 -0.34057971014492744 0.69432494279176216 69.500000000000014 6.3750000000000009 5.2500000000000009 0.39629089145655322 64.750000000000014 -0.14250536273956091 2.5000000000000004 56.500000000000007 10.500000000000002 12.500000000000002 12.500000000000002 105.00000000000001 84.500000000000014 79.500000000000014 0.87500000000000011 0.11196911196911205 4.5000000000000009 162.50000000000003 0.72111111111111115 8.5000000000000018 0.99999999999999978 89.1746704753307 11.500000000000002 0.31550273558412234 82.750000000000014 85.500000000000014 -0.050436050436050518 81.750000000000014 11.500000000000002 0.52272727272727282 0.6174544326165855 5.0589881096169718 82.250000000000014
decision_type=2 2 2 2 2 2 2 2 2 2 2 2 2 2 2 2 2 2 2 2 2 2 2 2 2 2 2 2 2 2 2 2 2 2 2 2 2 2 2 2 2 2 2 2 2 2 2 2
left_child=1 2 4 5 6 15 7 21 14 10 12 18 -6 -8 -9 -3 -15 -12 -11 20 36 -1 24 33 26 -25 -23 28 29 -4 34 -18 -7 -24 -30 -20 -2 -17 -16 43 -41 -42 -19 46 -39 -31 -34 -29
right_child=19 3 27 -5 9 32 13 8 -10 11 17 -13 -14 16 38 37 31 42 35 -21 -22 22 23 25 -26 -27 -28 47 30 45 -32 -33 39 -35 -36 -37 -38 44 -40 40 41 -43 -44 -45 -46 -47 -48 -49
leaf_value=-0.035155036874686206 -0.0094899268293692982 0.025198181276346515 -0.056264176536406141 0.035088040884643852 0.030762116741468518 0.0039702762635244774 0.041285646311439994 -0.0073685214821802916 -0.019017301902052589 0.018006612128978729 0.014393803609247822 0.026054994504859243 -0.01491921503255967 0.024184173317666771 0.047026037903082261 -0.03111701627717911 -0.030815489985065742 0.058315526521574207 -0.028148430372846422 0.052813666777716997 0.038748720391484012 -0.0075559067297096758 -0.016766283963443058 0.015029077675627897 -0.023498733603332597 -0.023948755674630659 0.03016146793838502 -0.048201161728575498 -0.0047889781606819479 -0.023364476941886952 -0.022694389377391433 0.011449486303013172 -0.054416806200381578 -0.057944572137169061 0.029348449091297274 0.0032007508126309079 0.022764792636391935 -0.017256322307310976 0.016133347735907813 0.0056906389883982821 -0.047925572227359554 -0.012559590199703201 0.028623097265008647 -0.013243792505537283 0.012782808992062826 0.004874152678114879 -0.023920115998503702 -0.023543762957155882
leaf_weight=23.249536775052547 20.478171840310097 16.310176976025105 17.104472815990448 12.822254568338392 20.056122064590454 11.350022844970225 21.425872430205345 17.903038457036018 22.594247400760651 16.71028633415699 21.547181598842144 34.505750924348831 23.631171472370625 23.016788236796856 19.324305519461632 17.702743105590343 15.163208931684496 31.173568040132523 26.946784853935242 15.901484832167624 24.373800560832024 18.147840827703476 16.252927489578724 21.813996084034443 15.672691799700258 20.009918816387653 26.293773792684078 12.583053655922415 16.321449354290962 14.466290168464186 20.927971474826336 14.115570440888403 32.490132484585047 16.243520803749561 21.883740678429604 17.468325033783913 18.437989413738251 16.627432495355606 26.37198880314827 16.818924125283957 21.745060238987207 15.541971415281294 21.829857379198074 10.062227152287958 18.15535594522953 15.683218814432619 9.310400575399397 10.007935799658297
leaf_count=130 92 80 92 60 92 72 95 81 146 78 99 158 115 119 85 93 89 143 130 83 125 91 93 118 108 104 126 103 87 79 124 81 292 93 111 77 82 85 116 95 156 94 98 76 85 84 80 82
internal_value=0 -0.00183301 0.0022768 -0.0154202 0.00681268 -0.0190689 -7.34321e-05 -0.00492113 0.00928264 0.0169914 0.0262876 0.00534464 0.00627143 0.0158145 0.0194752 -0.00293878 0.00479992 0.0377789 -0.00657772 0.0263682 0.0190057 -0.0126948 -0.00857956 -0.0192342 0.00469209 -0.00374296 0.0149321 -0.0163224 -0.0112459 -0.0269134 0.00151345 -0.010734 -0.0284228 -0.0384649 0.0150146 -0.0160199 0.00597942 -0.0119901 0.0299247 -0.0318971 -0.0217114 -0.0338974 0.046843 -0.0419115 -0.00165793 -0.00899036 -0.0483417 -0.0387388
internal_weight=0 859.383 660.446 198.937 531.468 186.114 317.599 243.878 86.1936 213.869 118.238 95.6311 43.6873 73.7214 63.5993 68.7957 52.2956 74.5506 61.1254 79.1914 63.29 157.684 134.435 74.3204 60.1143 41.8239 44.4416 128.978 106.387 47.254 59.1332 29.2788 117.319 32.4964 38.2052 44.4151 38.9162 52.4855 45.6963 105.969 54.106 37.287 53.0034 51.8628 34.7828 30.1495 41.8005 22.591
internal_count=5077 4695 3427 1268 2665 1208 1675 1291 428 990 547 443 207 384 282 343 289 340 285 382 299 863 733 408 325 222 217 762 577 255 322 170 865 186 198 207 174 263 201 793 345 250 241 448 170 163 372 185
is_linear=0
shrinkage=0.05


Tree=39
num_leaves=44
num_cat=0
split_feature=9 39 9 116 107 290 282 12 301 289 31 97 74 156 288 260 199 301 88 279 155 59 9 272 182 275 31 137 143 198 30 113 29 107 76 156 212 44 277 93 277 4 31
split_gain=22.9477 18.3474 10.3179 12.1862 10.2332 11.6817 9.12527 8.98383 9.53271 14.0716 8.56828 7.79537 7.61306 12.6242 7.54182 7.38885 9.54127 7.21058 7.07469 6.96035 8.09304 7.05051 6.55493 6.11733 8.07486 7.22797 6.10202 6.00007 6.11088 5.90423 5.47254 5.38436 5.37509 4.02311 3.91104 3.85352 3.10155 2.69879 2.19721 2.10951 1.84265 3.4131 1.54376
threshold=1.0000000180025095e-35 0.44722222222222224 3.2500000000000004 15.000000000000002 206.87500000000003 10.500000000000002 1.0000000180025095e-35 0.062500000000000014 1.5734959450714224e-12 0.36447543099728863 0.68608695652173923 12.187500000000002 6.2500000000000009 26.500000000000004 0.30983042691905771 -4.592425496802573e-16 69.500000000000014 1.0000000180025095e-35 1.1250000000000002 -2.2938971943981419 21.500000000000004 89.500000000000014 1.7500000000000002 -2.2672089937121549 38.333350000000003 81.035232447995554 1.0721739130434786 12.500000000000002 35.750000000000007 5.3750000000000009 1.2083916083916091 105.00000000000001 0.68571428571428628 96.875000000000014 1.0000000180025095e-35 14.500000000000002 2.3333500000000007 12.500000000000002 -2.6866209884728147 64.500000000000014 -1.8417416168638494 81.750000000000014 1.2748681758537421
decision_type=2 2 2 2 2 2 2 2 2 2 2 2 2 2 2 2 2 2 2 2 2 2 2 2 2 2 2 2 2 2 2 2 2 2 2 2 2 2 2 2 2 2 2
left_child=1 17 3 -2 5 6 12 18 9 10 -9 36 23 19 -11 -4 -17 30 -3 20 -14 31 -6 32 25 -25 -10 37 -29 34 -1 -21 38 -27 -7 -28 39 -12 -5 -8 -19 42 -42
right_child=2 7 15 4 22 29 11 8 26 14 27 -13 13 -15 -16 16 -18 40 -20 21 -22 -23 -24 24 -26 33 35 28 -30 -31 -32 -33 -34 -35 -36 -37 -38 -39 -40 -41 41 -43 -44
leaf_value=0.0043358593652303946 -0.03053507364122517 -0.0022273612624308619 0.044923506597375901 0.035219286828457812 -0.035391072489033892 0.052024443912348617 -0.013466543696069928 -0.047946083990452006 0.0036528043619431603 0.035901138964283229 -0.040734982937153288 0.018221394690393817 -0.024335138882234569 0.044380270432559571 -0.0053263095624881372 -0.011629594810139726 0.030299042687687447 -0.047769792214239493 0.032826053959709826 0.012291804776272557 0.016785552290971183 -0.0089229761344961581 0.0012945025485209258 -0.019382519700498549 -0.027474858763017369 -0.00069366650381490723 -0.051862999734865169 0.025245910733890306 -0.016622282763957975 0.0064437279884882424 -0.028839727990878018 0.046333482984752525 -0.0075413229457853455 0.031115357383619591 0.021892013500024798 -0.013372879838016855 -0.0045611427555889419 -0.0082863252204602895 0.010019425242086794 -0.038112061368122008 -0.021695781815088647 -0.0044076001673275167 -0.052933093140283764
leaf_weight=23.444749340415001 25.670231893658638 30.988584168255329 23.25562010705471 18.269586622714996 24.143964849412441 18.994329571723938 15.84670068323612 14.706592209637163 10.474737800657747 27.533926039934158 11.730110093951227 15.350871957838534 27.467052176594734 28.21744292974472 17.770672827959061 24.199695058166981 28.730856336653233 32.479209017008543 25.689743407070637 27.255492247641087 19.730237811803818 17.525558866560459 23.477678067982197 23.023823201656342 34.953579314053059 19.616695091128349 21.074707910418514 19.459817707538605 14.278658986091612 30.976615503430367 24.92267419397831 20.659484572708607 21.939475804567337 19.063406243920326 29.369318708777428 10.46334610134363 20.170173265039921 14.219285584986208 17.703819498419762 23.705485612154007 9.4912025034427696 10.355747487396 10.625347226858137
leaf_count=139 140 149 119 82 146 85 88 100 65 131 81 81 135 123 87 114 137 287 123 125 96 92 109 101 157 91 213 122 80 138 152 94 99 86 133 79 103 103 81 128 61 83 109
internal_value=0 -0.0114786 0.00492391 0.00240113 0.00415857 0.00650136 0.00274558 -0.00301807 -0.00901596 -0.00174616 -0.0150566 -0.0127123 0.00670337 0.0150679 0.0199639 0.021991 0.0112692 -0.0279022 0.0139544 0.00739882 -0.00715354 0.017844 -0.0176503 -0.000966856 -0.00863715 0.00230188 -0.0292063 -0.00629635 0.00755821 0.0237874 -0.0129967 0.0276167 0.0117643 0.0153724 0.0345404 -0.0398966 -0.0208326 -0.0239216 0.0234239 -0.0288133 -0.0389721 -0.0283752 -0.0399204
internal_weight=0 329.709 599.317 523.131 497.461 449.839 370.499 218.39 161.712 119.699 74.3945 75.0732 295.426 140.855 45.3046 76.1862 52.9306 111.319 56.6783 112.638 47.1973 65.4405 47.6216 154.57 96.6575 61.7039 42.0128 59.6879 33.7385 79.3403 48.3674 47.915 57.9129 38.6801 48.3636 31.5381 59.7224 25.9494 35.9734 39.5522 62.9515 30.4723 20.1165
internal_count=5047 2164 2883 2513 2373 2118 1762 1333 1061 704 486 400 1362 665 218 370 251 831 272 542 231 311 255 697 435 278 357 386 202 356 291 219 262 177 218 292 319 184 163 216 540 253 170
is_linear=0
shrinkage=0.05


Tree=40
num_leaves=49
num_cat=0
split_feature=283 139 116 289 107 10 282 138 99 34 9 283 44 99 156 145 277 291 274 204 155 29 78 88 100 32 48 277 66 3 108 77 76 9 35 0 50 78 288 107 263 287 56 103 201 149 143 288
split_gain=24.1028 21.4832 14.7292 12.6567 11.2067 11.1027 10.6171 10.5844 10.0851 9.87592 7.75434 7.64049 7.57931 7.53219 7.00545 8.04754 7.86069 6.92891 8.5878 6.59314 6.56717 6.76405 7.22581 7.01648 6.54384 6.27832 5.87283 6.20751 5.77498 7.0338 5.60045 5.34468 5.1372 5.1614 5.09521 5.47446 5.26471 4.7625 4.52568 6.12468 4.36884 3.93934 3.63643 2.55502 1.58447 1.25961 2.2274 0.0536232
threshold=-0.051315789473684204 30.500000000000004 35.000000000000007 0.69521084835931835 206.87500000000003 0.12500000000000003 -2.2499999999999996 12.500000000000002 7.3750000000000009 0.83560763560763507 3.2500000000000004 -0.53137254901960773 12.500000000000002 6.1250000000000009 3.5000000000000004 1.5000000000000002 -2.0372788465335581 0.83602150537634423 -2.1214013219254189 0.83335000000000015 26.500000000000004 1.5428571428571434 0.54164999999999719 0.62500000000000011 6.1250000000000009 1.3891891891891897 3.5911767021779197 -1.675715354672878 1.0000000180025095e-35 85.250000000000014 11.250000000000002 75.562500000000014 1.5000000000000002 0.75000000000000011 0.4401131486960887 74.250000000000014 0.99305316018584011 0.76785000000000292 0.42179998225932674 98.750000000000071 89.531347163560469 0.99999995009669085 12.250000000000002 10.500000000000002 2.7500000000000004 8.5000000000000018 9.6875000000000018 -0.45274443793211405
decision_type=2 2 2 2 2 2 2 2 2 2 2 2 2 2 2 2 2 2 2 2 2 2 2 2 2 2 2 2 2 2 2 2 2 2 2 2 2 2 2 2 2 2 2 2 2 2 2 2
left_child=2 5 11 4 6 9 13 14 31 24 19 -1 -3 -4 16 -16 -8 -17 -19 -9 -21 23 -23 -22 -2 -6 27 43 -15 -30 32 -5 33 -29 -26 -36 -37 -13 39 -10 -31 -14 -25 45 -41 47 -47 -7
right_child=1 12 3 8 25 26 7 10 38 -11 -12 37 41 28 15 17 -18 18 -20 20 21 22 -24 42 34 -27 -28 30 29 40 -32 -33 -34 -35 35 36 -38 -39 -40 44 -42 -43 -44 -45 -46 46 -48 -49
leaf_value=0.015142400304039015 -0.027838973653520161 0.038754710347013693 0.039943462845905331 -0.019909668210111146 0.0027479625141896944 -0.038263769848388522 -0.027858240296633946 -0.034705753478324906 0.020741627859652334 -0.041388586507721793 0.021870053564914393 -0.0098701605202885113 0.019369303722386804 -0.01079030308275197 0.046819828427258792 -0.0082162520310017362 0.015661556112142715 0.050516502969853362 -0.00030178948447228088 -0.033192289758775889 0.03035280154376609 0.0058838845273957233 -0.040208792133772625 -0.020724643855284729 -0.014734880883780586 -0.037997979277528134 0.0032431112955465195 -0.016974176259906878 -0.0039980671568753531 0.045665220800464028 -0.043852311024898456 0.016059872201500687 -0.035589408384733255 0.021172742697194314 -0.010319712959158921 0.039308314028300442 0.0055460806523971356 -0.039300295356637295 0.0096145084868103359 0.064649010455273589 0.012032459772929535 -0.01497421035305125 0.011303031458398366 -0.016631610486218425 0.037939776957325679 -0.016595176674724443 -0.048318662934703771 -0.05832608152565865
leaf_weight=14.947999380528925 17.066615119576454 22.194111749529839 31.173255428671837 16.300514876842499 15.713058583438395 9.7680786214768869 18.465902931988239 24.611913599073887 31.120995827019215 16.133480839431286 18.578393384814262 29.330987565219402 14.645900614559652 21.411469154059887 20.801493108272552 25.885851994156837 21.273073695600033 16.246523551642895 16.027481898665428 17.845307469367981 23.033844254910946 15.739448092877863 16.938579112291336 16.850697554647923 22.744473621249199 22.261484857648611 14.305642753839491 17.707067899405956 21.668255753815174 21.926706001162529 15.06034694239497 24.634638026356697 12.254901569336651 15.861166335642336 18.421219740062952 20.962013855576515 25.16446540504694 26.471127606928349 18.96497567743063 16.734129756689072 18.324385650455952 16.90965411812067 16.692398607730865 10.759654544293879 18.364748083055019 12.012211024761202 12.573415815830229 20.394214712083343
leaf_count=74 101 102 142 86 79 84 90 130 149 86 87 159 74 99 99 132 107 82 81 108 122 89 97 89 126 134 83 140 104 98 131 115 95 85 98 93 127 150 90 83 86 93 83 70 83 102 105 199
internal_value=0 -0.0115035 0.00546756 0.0082462 0.00406457 -0.0174231 0.00664539 0.0011963 0.0220785 -0.00620599 -0.00759791 -0.0158537 0.0170549 0.0193251 0.0123014 0.0208343 -0.00474864 0.0109059 0.0260292 -0.0118879 -0.00637178 -0.000701044 -0.0184926 0.00971783 -0.000425683 -0.0215003 -0.0269178 -0.0303302 0.0112298 0.0188947 -0.0183661 0.00160346 -0.00923206 0.00114151 0.00518853 0.0123266 0.0213977 -0.0242772 0.031785 0.037897 0.0310167 0.00107101 -0.00492057 -0.0410064 0.0521121 -0.0454126 -0.0340734 -0.0532653
internal_weight=0 314.939 618.34 547.59 421.47 261.189 383.495 268.991 126.12 120.492 150.291 70.7501 53.7497 114.504 118.7 78.9614 39.739 58.1599 32.274 131.712 107.1 89.255 32.678 56.5769 104.359 37.9745 140.697 126.391 83.3308 61.9193 60.8835 40.9352 45.8231 33.5682 87.2922 64.5477 46.1265 55.8021 85.1848 66.2199 40.2511 31.5556 33.5431 65.5076 35.0989 54.7479 24.5856 30.1623
internal_count=5121 1994 3127 2744 2138 1725 1925 1396 606 631 805 383 269 529 591 394 197 295 163 718 588 480 186 294 545 213 1094 1011 387 288 451 201 320 225 444 318 220 309 405 315 184 167 172 560 166 490 207 283
is_linear=0
shrinkage=0.05


Tree=41
num_leaves=47
num_cat=0
split_feature=119 282 30 113 291 112 46 30 58 298 165 181 143 148 283 283 272 89 137 74 273 278 32 13 284 32 7 34 279 110 288 64 34 273 12 35 285 284 284 56 283 35 297 97 29 272
split_gain=20.0214 23.4044 18.82 10.3576 11.5865 14.0139 9.11108 9.01825 8.60327 8.47472 7.99878 7.88675 7.75295 7.52707 6.82844 6.23103 6.38375 6.08865 9.3673 9.09866 6.58547 11.5035 5.84007 5.55999 6.18033 6.48353 5.41471 5.45422 5.38769 4.71782 5.43038 4.66394 6.67743 4.53014 4.48433 4.18751 4.18396 3.7252 3.41515 3.38857 3.22886 3.15914 3.01223 2.12916 2.04029 1.25497
threshold=6.1250000000000009 1.0000000180025095e-35 1.0517482517482521 45.000000000000007 0.96424010217113676 215.00000000000003 167.50000000000003 0.71378621378621399 10.500000000000002 1.8750000000000002 3.2500000000000004 11.500000000000002 2.0833250000000008 62.500000000000007 0.87083333333333346 0.24404761904761907 -2.0654657569252119 64.375000000000014 8.2500000000000018 5.7500000000000009 89.04919693036986 91.311248811053119 0.87593555997311878 7.5000000000000009 2.558441558441559 1.7276252761546884 10.500000000000002 -1.1037449037449034 -1.766644580180089 96.250000000000014 -0.21861968191509915 89.750000000000014 -1.3091125091125091 87.234582339446519 0.14583333333333334 0.60952412990125227 12.437500000000002 1.6858552631578949 1.2679425837320577 10.500000000000002 0.085144927536231887 0.52243118397129218 5.7500000000000009 11.312500000000002 0.68571428571428628 -1.5146868167011689
decision_type=2 2 2 2 2 2 2 2 2 2 2 2 2 2 2 2 2 2 2 2 2 2 2 2 2 2 2 2 2 2 2 2 2 2 2 2 2 2 2 2 2 2 2 2 2 2
left_child=10 3 7 9 6 22 8 26 11 -2 15 34 -8 17 28 16 41 -10 35 33 -21 -22 -6 31 25 -25 27 -3 -9 -13 -31 32 -24 -20 39 -19 -7 -18 -29 -5 -28 -1 -34 45 -11 -4
right_child=1 2 43 4 5 36 12 14 13 44 -12 29 -14 -15 -16 -17 37 18 19 20 21 -23 23 24 -26 -27 40 38 -30 30 -32 -33 42 -35 -36 -37 -38 -39 -40 -41 -42 -43 -44 -45 -46 -47
leaf_value=0.017057578405428393 0.0048644777402010939 0.011103920332353578 -0.052496280384382546 0.050941672254472416 0.039606986157076557 0.0035549598268619434 0.0059837778158079733 0.001697899656484403 0.013307006484862736 -0.017499442342523111 0.050319462949643637 -0.023543006421820899 -0.037604373055627638 0.022900465993531904 -0.016605659265048159 -0.013980506827082559 0.047261566337421602 -0.017710803092782779 -0.00083688362955551565 0.030359255997407571 -0.029785532145040452 0.022764250867028796 0.0052989491586033135 -0.0023569997046526611 -0.022583857097100923 0.036221825636363995 -0.016146170133841141 -0.039876149183610786 0.041702140669657363 0.024367785712485126 -0.0090745958814230348 0.0035234879115360034 0.02599459072923431 -0.034715688734310905 0.0052124267457273913 -0.051548556824360783 -0.025260236149476558 0.01769401667560434 -0.0050927842804834381 0.018600357377667534 -0.051516636656022533 -0.011811057303376579 0.056098942571835002 -0.016953297028214645 -0.043831973563557614 -0.030827052378889049
leaf_weight=18.479760102927685 23.273284312337637 20.566818568855524 33.211073234677315 17.637877032160759 29.128869421780109 25.088499523699284 15.021876916289328 16.958767872303724 24.785366330295801 14.40734091028571 16.542921081185341 15.491853706538675 29.250447198748589 19.6236532330513 16.836593940854073 16.549864456057549 19.751224953681231 21.520814310759306 15.430734068155287 19.731793560087681 20.41563143953681 19.29759918153286 17.809703230857849 27.128257423639297 15.714201450347899 17.069677829742432 13.304712731391193 13.071045488119127 15.884114097803829 22.91057275980711 23.858828615397215 21.27026991546154 19.027469426393509 26.617543295025826 18.527009479701519 17.353727616369724 23.873134605586529 26.044225297868252 14.835193410515783 17.524147234857082 14.498728722333906 17.496649295091629 19.985843129456043 8.8080199062824232 20.358881127089262 15.572587523609398
leaf_count=90 118 112 342 81 137 130 73 95 126 79 80 81 156 97 72 85 99 118 77 99 120 112 79 144 83 100 75 82 86 121 128 96 89 141 91 89 158 129 84 85 103 82 91 61 134 142
internal_value=0 -0.00315445 -0.0187831 0.00150163 0.00359184 0.012642 -0.00209705 -0.00782373 0.00104763 -0.018424 0.019078 0.011668 -0.0230092 -0.00564376 0.00865059 0.0133678 0.0190049 -0.00915282 -0.0131847 -0.00506303 0.0075041 -0.00431841 0.0195088 0.0150122 0.00345986 0.0130143 -0.0185267 -0.00813105 0.0217061 -0.000493255 0.00747474 0.0237192 0.0310873 -0.0225912 0.0255222 -0.03373 -0.0107194 0.0311837 -0.0222009 0.0357834 -0.0357391 0.00307798 0.0424331 -0.0422093 -0.033714 -0.0463373
internal_weight=0 802.683 183.548 619.135 561.095 216.096 344.999 125.956 300.727 58.0395 114.865 115.95 44.2723 184.777 49.6795 98.3217 81.7719 165.153 140.368 101.493 59.445 39.7132 167.134 138.005 59.9121 44.1979 76.2765 48.4731 32.8429 62.2613 46.7694 78.0933 56.823 42.0483 53.689 38.8745 48.9616 45.7955 27.9062 35.162 27.8034 35.9764 39.0133 57.5917 34.7662 48.7837
internal_count=5052 4487 1254 3233 2902 1107 1795 709 1566 331 565 587 229 979 253 485 400 882 756 549 331 232 819 682 327 244 456 278 181 330 249 355 259 218 257 207 288 228 166 166 178 172 180 545 213 484
is_linear=0
shrinkage=0.05


Tree=42
num_leaves=49
num_cat=0
split_feature=9 288 119 39 260 31 282 279 282 51 32 34 66 279 33 78 155 80 190 193 52 301 272 57 54 3 190 38 182 36 119 90 204 198 34 97 12 289 114 149 106 215 288 58 8 108 99 31
split_gain=16.5329 10.6346 11.7795 10.2397 9.30835 9.1825 8.77461 8.37949 8.35744 10.1303 8.09963 7.94045 7.54318 7.15178 6.8085 6.67036 6.85179 6.19968 7.08758 6.0995 5.93222 5.90451 5.72504 7.58151 5.67621 5.42629 5.28779 7.06023 4.93208 4.75038 4.69129 4.53375 4.52144 4.2801 6.91269 4.22017 4.18282 5.25702 4.15694 3.94957 3.49513 3.45624 2.85119 2.6095 1.90606 1.45804 1.37457 1.32275
threshold=1.0000000180025095e-35 0.48314048284850658 6.1250000000000009 0.47727272727272735 4.4019008551259322 2.0165217391304355 -1.0000000180025095e-35 -1.6186320957319345 -0.74999999999999989 29.000000000000004 1.1389961389961394 -0.80828805534687886 1.0000000180025095e-35 -1.2229799470429263 2.8424710424710429 0.54164999999999719 6.5000000000000009 85.375000000000014 11.500000000000002 27.750000000000004 0.99691358024691368 1.0000000180025095e-35 -2.1766835413766934 15.500000000000002 812.50000000000011 82.562500000000014 3.5000000000000004 0.37500000000000006 6.5000000000000009 1.235876996689506 7.6250000000000009 63.875000000000007 4.5000000000000009 24.125000000000004 -0.51977751977751974 6.5312500000000009 0.10416666666666667 0.2332836900311728 65.000000000000014 47.500000000000007 4.5000000000000009 1.0000000180025095e-35 -0.77245553105869302 16.500000000000004 32.500000000000007 6.2500000000000009 7.0833500000000003 0.1890953154492184
decision_type=2 2 2 2 2 2 2 2 2 2 2 2 2 2 2 2 2 2 2 2 2 2 2 2 2 2 2 2 2 2 2 2 2 2 2 2 2 2 2 2 2 2 2 2 2 2 2 2
left_child=3 2 25 5 6 21 7 19 12 13 -9 30 -5 43 32 16 -3 18 35 38 -13 36 -17 24 28 47 -21 -28 -24 -18 -8 -25 41 34 -23 -6 -1 -38 -4 -29 -36 -14 -40 44 -10 -7 -35 -2
right_child=1 15 4 8 17 45 11 10 9 -11 -12 20 14 -15 -16 22 29 -19 -20 26 -22 33 23 31 -26 -27 27 39 -30 -31 -32 -33 -34 46 40 -37 37 -39 42 -41 -42 -43 -44 -45 -46 -47 -48 -49
leaf_value=0.017182278771703207 0.052789860162188298 0.02521564635885748 -0.0083305334353163119 -0.014076196156943633 0.056363736804269288 -0.02330845704109101 0.024530632009596751 0.039746127606963874 -0.0073484640224595194 0.020780554137213129 0.0012838153584871195 -0.0036368201226559742 0.01403909923524751 0.0053435748204007111 0.042159117187806683 -0.03034092276060046 0.014680586060174347 -0.0069095676400829364 0.0026594209775797862 -0.030423607049267245 -0.041896303365496441 -0.041312548763380787 -0.0060479716497300251 -0.0055759160794163097 0.001828895081017916 0.007914490251435799 -0.02211503826647835 0.029437618845293625 -0.043049090566444931 -0.01801454567284929 -0.013292055054488487 0.030710875086507463 0.029215447206783429 -0.025583430700981735 0.018780306174927746 0.024214032501542863 -0.029018609008775988 0.0086283619963622975 0.034113568728905995 -0.0035121412774917235 -0.016494450240886065 -0.016555461627854779 0.0083060911423142574 -0.048574954457776147 -0.035572659187244636 -0.050918124391348553 -0.051569234481868502 0.029265679483358949
leaf_weight=19.962996646761894 17.316179864108562 29.2936648465693 17.792467892169952 25.877266436815262 17.716899871826172 9.6359881795942801 15.314095623791218 30.462463140487671 12.523741129785778 15.769258312880991 24.350212477147579 16.60186679661274 15.956225007772444 15.478860419243572 18.634604059159756 30.861093051731586 17.184412032365799 16.816012129187584 21.564251907169819 20.30950403213501 25.847406260669231 12.016345553100107 15.564454503357409 16.06593830883503 26.726534396409988 17.846622206270695 23.26931843906641 16.907887317240238 21.663480512797832 27.736713066697121 15.56773778796196 16.915744468569756 15.092996984720228 16.28400576859713 14.702769014984371 29.013214826583862 18.07947214692831 17.350186832249165 18.811041444540024 18.094186589121819 11.727308969944714 19.298629254102707 25.199978597462177 17.657666306942701 11.737551860511301 20.873201999813318 11.06568757817149 17.133754380047321
leaf_count=92 84 144 82 138 83 87 75 148 92 69 112 78 85 116 88 156 83 88 99 94 148 103 79 86 134 80 109 79 103 141 90 80 82 135 110 137 143 87 87 85 88 107 121 149 88 195 95 81
internal_value=0 0.00431555 0.00897329 -0.00971112 0.00565303 -0.0190831 0.00106178 0.00660063 -0.00118705 -0.0137831 0.0229886 -0.0135723 0.00857095 -0.0234722 0.0171463 -0.0050421 0.00682251 0.0199581 0.026578 8.46533e-05 -0.0273611 -0.0127041 -0.0119316 -0.00582078 -0.015782 0.0308982 -0.00910928 -0.00129258 -0.0281423 -0.00545982 0.00564509 0.013391 0.00724784 -0.0227134 -0.011478 0.0373285 -0.000623053 -0.0108518 0.0117333 0.0127799 0.0030978 -0.00270317 0.0198495 -0.0339892 -0.0218709 -0.0432144 -0.0375455 0.0422456
internal_weight=0 607.947 405.935 319.725 353.639 151.698 268.528 195.197 168.027 73.1671 54.8127 73.3311 94.8597 57.3978 68.9825 202.012 74.2148 85.1104 68.2944 140.384 42.4493 121.189 127.797 96.9362 63.9545 52.2966 78.5809 58.2714 37.2279 44.9211 30.8818 32.9817 50.3479 65.7961 38.4464 46.7301 55.3927 35.4297 61.8035 35.0021 26.4301 35.2549 44.011 41.919 24.2613 30.5092 27.3497 34.4499
internal_count=5115 2966 1960 2149 1715 1135 1308 917 1014 514 260 391 500 445 362 1006 368 407 319 657 226 853 638 482 316 245 367 273 182 224 165 166 274 531 301 220 322 230 290 164 198 192 208 329 180 282 230 165
is_linear=0
shrinkage=0.05


Tree=43
num_leaves=47
num_cat=0
split_feature=10 282 30 10 282 111 8 291 287 30 193 110 261 34 8 41 35 143 53 289 233 211 57 287 54 2 272 35 6 120 0 155 5 291 55 99 286 28 226 32 211 54 30 32 272 8
split_gain=23.367 15.841 10.1335 9.92325 9.49734 9.38259 8.43588 8.41569 10.2722 7.88932 11.0202 10.8143 7.46735 8.00996 7.40828 7.33135 7.1893 6.97501 6.84474 6.68793 6.4564 6.08027 6.0455 6.20279 5.82246 7.6003 5.79724 5.36458 5.11664 4.86807 4.56977 4.43832 5.50674 4.37828 4.09098 3.85807 3.59828 3.33772 4.5873 3.32156 3.07549 4.75473 2.90072 2.22169 1.89926 0.238801
threshold=0.12500000000000003 0.75000000000000011 2.2867132867132876 0.54166666666666685 -2.7499999999999996 215.00000000000003 97.500000000000014 0.93933823529411775 0.9999999998125314 1.9860139860139865 10.250000000000002 103.12500000000001 5.0000000000000009 0.079963279963279968 52.500000000000007 7.5000000000000009 0.72330837703699991 27.750000000000004 7.5000000000000009 0.080547328232315238 61.500000000000007 2.5000000000000004 11.250000000000002 3.6185727630871821e-06 847.50000000000011 80.750000000000014 -2.2672089937121549 0.52243118397129218 65.500000000000014 7.1250000000000009 80.250000000000014 27.500000000000004 80.250000000000014 0.95445134575569368 752.50000000000011 11.875000000000002 0.48790610936680762 -1.0000000180025095e-35 46.500000000000007 1.2711315378728594 1.5000000000000002 782.50000000000011 0.87692307692307703 0.81340141985303294 -1.3846373700358969 72.500000000000014
decision_type=2 2 2 2 2 2 2 2 2 2 2 2 2 2 2 2 2 2 2 2 2 2 2 2 2 2 2 2 2 2 2 2 2 2 2 2 2 2 2 2 2 2 2 2 2 2
left_child=2 3 7 5 -4 6 9 12 14 10 19 35 18 31 16 -10 -9 33 24 -2 -6 22 -7 -24 25 -1 -11 -19 -21 -3 -20 32 -14 -13 -27 37 -36 -12 -39 -28 41 -5 -17 -30 45 -31
right_child=1 29 4 40 20 21 -8 8 15 26 11 17 13 -15 -16 42 -18 27 30 28 -22 -23 23 -25 -26 34 39 -29 43 44 -32 -33 -34 -35 36 -37 -38 38 -40 -41 -42 -43 -44 -45 -46 -47
leaf_value=0.012081781882547805 -0.0051907716926597649 -0.0059528538234981795 0.018308387536231038 1.8321595876871205e-05 -0.0064540232819476811 0.014555543991037787 -0.025504840762387529 -0.02023711628494573 0.010211849803148078 0.0091960329116273359 -0.0025020571037673404 -0.014315919667849586 0.0031805101511250761 -0.0064383886150878511 0.033162416421029794 0.033573072329803291 0.020513971670591533 0.047695377723881938 -0.0031522879847099314 0.006311952006290214 -0.045199957777130914 -0.044122285526213612 -0.044648197589208502 0.0015260969370252302 0.011785824440641132 -0.003729628895984985 -0.0045036989800066344 0.0083878616851556283 0.021172482721077572 -0.051804188847073177 0.028952068313910298 0.043361290576744899 0.036644526007748111 0.018150979958934558 -0.047013891834126333 0.0064144627002301405 -0.016348104061460218 -0.012263266263274043 -0.048492565593367398 -0.036150636223566457 -0.047697119435116543 -0.037906109347686241 0.063782779484935534 0.045446396255883585 -0.021659142931163645 -0.033001308272575129
leaf_weight=18.663561522960663 17.236366398632526 14.274467449635265 19.095709785819054 17.686589889228344 25.520029053092003 16.042701337486506 25.174312487244606 26.039872825145721 18.819720923900604 18.920979097485542 17.346246942877769 24.689288169145584 31.861210029572248 27.764117822051048 18.349422067403793 21.889633983373642 17.072421491146088 17.511982150375843 19.341753579676151 18.271886356174946 18.095729816704988 17.049434639513493 14.516180295497181 13.570341769605873 25.966117411851883 17.841180332005024 13.493286505341528 17.317446701228619 17.229446791112423 21.070629749447107 24.411944143474102 21.913743942975998 19.238304227590561 16.432824268937111 20.513907574117184 16.706433013081551 20.159557320177555 19.940769717097282 15.964006520807741 21.90486953407526 11.959364116191862 14.512801155447958 18.283778704702854 32.273907832801342 13.555984370410444 10.739457868039606
leaf_count=96 105 91 86 115 140 98 128 138 88 107 89 155 156 131 89 104 81 91 86 91 107 107 100 83 128 80 72 81 78 256 108 104 93 91 101 85 93 110 100 140 91 114 82 148 120 82
internal_value=0 -0.00806206 0.00799725 -0.00456803 -0.0104591 -0.00187315 0.00167278 0.0111611 0.0219509 0.00415211 0.00818644 -0.000180515 0.00584644 0.0162562 0.00744779 0.0366849 -0.00400052 0.0128033 -0.00135666 0.0223821 -0.0231821 -0.0196024 -0.00936129 -0.0230531 -0.00837543 -0.0152225 -0.0128365 0.028931 0.0293679 -0.0319418 0.0150067 0.0248565 0.0162408 -0.00121891 -0.0239881 -0.0142586 -0.0325716 -0.0207431 -0.0292491 -0.0245424 -0.0267016 -0.0177018 0.0485373 0.0375845 -0.0398144 -0.0466554
internal_weight=0 475.392 430.842 415.751 62.7115 371.593 310.414 368.13 120.455 285.24 230.921 145.909 247.675 100.777 61.4617 58.9931 43.1123 75.9515 146.898 85.0116 43.6158 61.1787 44.1292 28.0865 103.144 77.1782 54.3191 34.8294 67.7752 59.6405 43.7537 73.0133 51.0995 41.1221 58.5146 69.9575 40.6735 53.251 35.9048 35.3982 44.1588 32.1994 40.1734 49.5034 45.3661 31.8101
internal_count=5019 2928 2091 2379 333 2059 1671 1758 582 1543 1224 802 1176 484 308 274 219 418 692 422 247 388 281 183 498 370 319 172 317 549 194 353 249 246 274 384 194 299 210 212 320 229 186 226 458 338
is_linear=0
shrinkage=0.05


Tree=44
num_leaves=47
num_cat=0
split_feature=282 31 289 193 36 116 299 44 48 234 220 33 31 54 157 187 12 287 226 32 233 283 19 290 260 30 104 286 39 58 274 274 148 277 48 6 36 39 235 233 277 56 33 36 108 99
split_gain=14.2915 14.5686 12.2484 10.9868 9.48783 9.14198 8.31514 9.96204 8.39129 8.18178 7.80063 7.17723 7.03164 8.84463 6.91464 6.75836 7.49013 6.51878 6.56958 6.19527 6.99914 6.02433 6.50393 8.1582 6.52289 7.43654 5.96303 4.8429 4.70973 4.55556 5.75383 4.28968 4.27755 4.20086 6.70527 4.12184 4.07432 3.09709 3.8033 2.79722 2.63687 2.50961 1.64372 1.445 1.82026 1.42294
threshold=-2.2499999999999996 1.389130434782609 0.1318557721318592 83.250000000000014 1.4432420147015068 25.000000000000004 0.859531189509668 22.500000000000004 2.8540508369913584 60.500000000000007 10.500000000000002 -3.8733590733590728 0.50217391304347825 847.50000000000011 3.2500000000000004 68.750000000000014 0.062500000000000014 0.99999995009669085 33.500000000000007 1.1058369293663413 41.500000000000007 0.3585714285714286 7.5000000000000009 9.5000000000000018 3.5428719958314194 0.16783216783216801 6.5000000000000009 0.1586149741293966 0.68333333333333346 8.5000000000000018 -2.2742935761660781 -1.6648245106405619 45.500000000000007 -2.0222386728622732 2.3133873672283465 78.250000000000014 0.97558922682193983 0.52272727272727282 10.500000000000002 68.500000000000014 -1.2268050639906243 19.500000000000004 -0.24401544401544387 2.06145923771841 11.250000000000002 8.3750000000000018
decision_type=2 2 2 2 2 2 2 2 2 2 2 2 2 2 2 2 2 2 2 2 2 2 2 2 2 2 2 2 2 2 2 2 2 2 2 2 2 2 2 2 2 2 2 2 2 2
left_child=3 2 6 12 14 -4 8 9 15 -8 21 -6 45 17 -3 16 29 32 -19 37 -21 22 33 36 25 -25 -12 31 -15 -2 -31 -13 -14 -7 42 40 -24 -18 -39 -22 41 43 -35 44 -29 -1
right_child=1 4 5 -5 11 10 7 -9 -10 -11 26 27 13 28 -16 -17 19 18 -20 20 39 -23 23 24 -26 -27 -28 35 -30 30 -32 -33 -34 34 -36 -37 -38 38 -40 -41 -42 -43 -44 -45 -46 -47
leaf_value=0.046625252894396355 0.021442875689746524 0.033771070291803089 -0.022905116979350455 -0.022612368717898838 0.009342752300525935 0.011482877410689867 -0.0011639352770417043 -0.015262225008832418 0.024297624449284624 0.042864380147228376 -0.027781752051556009 -0.025055958510644794 -0.019747630512052208 0.013900205255134208 -0.0091020285495873581 -0.046472883390806546 -0.047501787436766342 0.034084728001534947 0.00078854809623518445 0.021967979006785109 -0.03682743344518654 -0.011433147975539697 -0.027755837266807321 0.02671825007758933 0.043839166846919853 -0.013593270075095004 0.010117485634751629 -0.023589696859898302 0.049315849305672288 0.014348622201703617 -0.020264948525069534 0.01780413152982779 0.0092936158107169448 0.060310992279676082 0.013885787099395336 -0.0041099543612348076 0.0046422864024551974 -0.041351308182929022 -0.0097626630992306979 -0.0053786621993025174 -0.014697435520543353 -0.013228632515186767 0.034364282092008765 -0.053646006268844693 -0.048175842648532953 0.022931255986079063
leaf_weight=17.604046493768692 19.158620998263359 13.563353743404148 20.177330728620291 19.627961896359921 16.051414851099253 28.950979899615049 18.711480908095837 26.043921627104282 14.238274559378622 23.044561065733433 19.571911409497261 10.786452177911999 32.466249980032444 20.372877866029739 25.711375925689936 14.216590236872433 18.070143882185221 25.126062043011189 34.329479478299618 14.533110115677117 12.07619069516659 18.648853100836277 15.684689737856386 25.023543756455183 18.890253618359566 19.576154172420502 20.160783253610134 22.327258139848709 18.364193961024284 18.874086007475853 29.566884435713291 10.599568024277685 19.650108404457569 17.968643851578236 24.041993781924248 13.257977746427057 22.62794091552496 14.765372000634668 26.31006582826376 16.287976250052452 15.81686647236347 9.6734526716172677 18.095435276627541 22.53212520852685 14.850141339004038 15.202395029366015
leaf_count=89 88 77 109 94 94 133 90 133 82 110 93 91 152 98 156 80 138 117 157 104 87 88 75 117 88 100 94 159 81 84 142 84 92 87 112 93 112 93 159 108 128 96 84 225 133 84
internal_value=0 -0.00287683 0.00122543 0.0121425 -0.0153491 0.00872311 -0.00637577 0.00864771 -0.0115353 0.0235689 0.0113649 -0.0215693 0.0159704 0.0112448 0.0061749 -0.0144266 -0.0114844 0.00399206 0.0151906 -0.0199696 -0.00531508 0.0152079 0.017857 0.00908702 0.0199656 0.00911423 -0.00877501 -0.0257526 0.0315083 0.00142841 -0.006761 -0.00396679 -0.00882901 0.0276699 0.0351511 -0.0303972 -0.00898973 -0.0303331 -0.0218307 -0.0195663 -0.0343927 -0.0386099 0.0485704 -0.0424362 -0.034415 0.0366486
internal_weight=0 710.486 535.316 202.743 175.17 269.419 265.897 67.8 198.097 41.756 249.241 135.895 183.115 150.309 39.2747 183.859 169.642 111.572 59.4555 102.043 42.8973 209.508 190.86 101.803 63.49 44.5997 39.7327 119.844 38.7371 67.5996 48.441 21.386 52.1164 89.0571 60.1061 98.4578 38.3126 59.1456 41.0754 28.3642 85.1998 69.383 36.0641 59.7095 37.1774 32.8064
internal_count=5090 4126 2790 964 1336 1292 1498 333 1165 200 1183 1103 870 697 233 1083 1003 518 274 689 299 996 908 492 305 217 187 1009 179 314 226 175 244 416 283 834 187 390 252 195 741 613 171 517 292 173
is_linear=0
shrinkage=0.05


Tree=45
num_leaves=51
num_cat=0
split_feature=9 51 301 282 114 289 5 220 101 287 291 291 29 263 50 193 158 121 263 58 235 279 0 291 36 260 8 97 99 138 227 54 277 9 36 284 291 9 72 49 284 43 143 286 287 279 182 187 33 66
split_gain=13.8266 14.4402 20.7545 13.6466 11.1837 9.86183 12.2656 8.99886 9.50203 8.78994 8.70866 8.48871 10.5625 8.80134 7.80201 7.4916 6.62206 6.49432 6.415 6.30295 6.7621 6.38299 6.16673 5.60058 12.5226 11.4876 5.60583 5.19505 6.1992 5.33748 5.21105 5.15241 4.59414 4.35547 4.25405 4.17416 4.12992 4.07083 3.54519 3.06338 2.57461 2.29728 2.23762 2.16635 1.74013 1.70443 1.56896 0.76785 0.612602 0.467029
threshold=2.2500000000000004 2.5000000000000004 0.010862807828173683 0.75000000000000011 25.000000000000004 0.1318557721318592 87.250000000000014 10.500000000000002 14.500000000000002 2.0058712045916103e-07 0.72902097902097907 0.96424010217113676 -1.8857142857142846 90.091079589014086 0.64047936085219714 6.7500000000000009 16.500000000000004 6.5000000000000009 86.075906756682528 6.5000000000000009 9.5000000000000018 -1.9132699203271641 82.250000000000014 0.95445134575569368 1.5116573282773487 2.3976348257418008 62.500000000000007 10.562500000000002 6.8750000000000009 27.500000000000004 56.500000000000007 787.50000000000011 -0.99772065931048937 1.7500000000000002 0.81128176841745192 1.6496163682864451 0.76533166458072599 0.75000000000000011 79.250000000000014 -2.7999999999999994 1.6858552631578949 1.5000000000000002 4.7500000000000009 0.42234349251061587 0.99999999998974176 -1.4534211045749814 50.500000000000007 1.0000000180025095e-35 -2.1204633204633199 1.5000000000000002
decision_type=2 2 2 2 2 2 2 2 2 2 2 2 2 2 2 2 2 2 2 2 2 2 2 2 2 2 2 2 2 2 2 2 2 2 2 2 2 2 2 2 2 2 2 2 2 2 2 2 2 2
left_child=1 2 3 4 42 6 19 8 23 -8 18 12 -11 44 -3 -9 -15 -5 -2 -6 40 37 39 25 38 26 35 28 30 46 -14 -26 34 43 -19 -7 -27 -22 -25 -12 -21 -41 -1 48 -13 -10 -30 -36 -4 -50
right_child=10 14 33 17 5 7 9 15 45 11 22 13 27 16 -16 -17 -18 32 -20 20 21 -23 -24 24 31 36 -28 -29 29 -31 -32 -33 -34 -35 47 -37 -38 -39 -40 41 -42 -43 -44 -45 -46 -47 -48 -49 49 -51
leaf_value=-0.046010019387972001 0.013283071069788772 0.00070361176654773613 -0.026243844975481951 0.0095444285655428788 0.011832938365540668 0.016066132541390804 -0.030499326788096887 0.0062512994182158839 0.02265274896953991 0.036628362757118567 0.053744642969088721 0.048956541383233791 0.025015479532750087 0.020482179784363688 0.043990142487131095 -0.035213173457845616 -0.021257526938483307 -0.0099468862685003958 -0.023221959122369133 -0.021603022722927006 -0.043371480570267865 0.0052576323309063162 0.0055084196167120188 0.017716656162863616 0.0181334247458294 0.032151646865648725 -0.032106492005511134 0.013033632903135365 -0.0532986576641638 -0.0067034478359384213 -0.013913909799495933 -0.015807028099409103 -0.0012667697555183873 -0.002905836721526979 -0.029723355637971339 -0.017089009317383011 0.0015664811997386195 -0.011551444165714717 0.047029801557204459 0.038065149608611425 -0.052871381422577801 0.011068238161196257 -0.015614874371398583 -0.018069796423568658 0.023616203910468096 0.046513494745837991 -0.024648922829534448 -0.052274595612675084 -0.055431426101713192 -0.032318567230058444
leaf_weight=12.578623961657287 27.932749502360821 18.42896581441164 7.3235038556158498 11.823726177215574 15.51743547618389 17.027508728206158 16.964961223304272 23.561622180044651 18.502489164471626 14.260131828486918 15.835854098200796 17.403964534401894 13.87607705593109 21.039875671267509 23.021556548774242 18.867355860769749 15.715703986585138 11.422736048698424 19.613548800349236 13.393986605107786 16.904685202986002 28.708847377449274 26.392702147364616 19.782218083739281 17.808041483163834 24.790720194578171 24.486471720039845 22.180796794593334 12.754848551005127 21.438549473881721 19.387524634599686 26.600082941353321 10.953560672700403 9.8298085629940015 10.67634269222617 19.060599692165852 19.481591753661633 25.312909536063671 25.811839401721954 16.954734727740288 18.195089049637318 16.089343287050724 13.777283884584902 11.057805299758909 16.341087840497494 17.989171802997589 12.180789828300474 22.961187198758125 19.859655681997545 8.7726346738636476
leaf_count=84 134 78 88 64 87 82 91 111 84 69 83 77 78 107 109 88 83 68 91 76 125 158 117 91 86 114 115 119 89 122 109 137 73 55 104 95 92 130 117 88 104 82 76 104 83 83 81 197 218 105
internal_value=0 -0.00316046 -0.00476791 -0.00235113 -1.22276e-05 0.0014218 -0.00451012 0.00838064 0.0122613 0.00293246 0.0148116 0.00611868 -0.00221114 0.0196728 0.0252148 -0.0125734 0.00254506 -0.0234746 -0.00194394 -0.0172614 -0.0217371 -0.0128507 0.025282 0.00778027 0.0168559 -9.60489e-05 -0.014153 -0.00795412 -0.0138888 -0.025508 0.00258181 -0.00209701 -0.0304896 -0.0335373 -0.0374116 -0.00143398 0.0190248 -0.0250015 0.0349647 0.0356343 -0.0406831 0.0256314 -0.0312729 -0.0397479 0.0377183 0.0353422 -0.0407936 -0.0461817 -0.0457454 -0.0496795
internal_weight=0 787.834 746.384 689.54 621.703 595.347 321.577 273.77 231.341 203.544 122.819 186.579 116.079 70.5006 41.4505 42.429 36.7556 67.8376 47.5463 118.033 102.516 70.9264 75.2726 194.849 90.0022 104.847 60.5746 101.819 79.6378 46.3742 33.2636 44.4081 56.0138 56.8434 45.0603 36.0881 44.2723 42.2176 45.5941 48.8799 31.5891 33.0441 26.3559 47.0136 33.7451 36.4917 24.9356 33.6375 35.9558 28.6323
internal_count=5101 4506 4319 3749 3243 3083 1788 1295 1096 1108 595 1017 667 350 187 199 190 506 225 680 593 413 370 929 431 498 292 598 479 292 187 223 442 570 369 177 206 255 208 253 180 170 160 515 160 167 170 301 411 323
is_linear=0
shrinkage=0.05


Tree=46
num_leaves=49
num_cat=0
split_feature=30 20 115 149 98 9 283 278 30 291 34 287 20 195 265 56 233 8 57 39 227 8 296 33 206 156 80 66 283 109 8 40 149 260 30 137 285 143 280 20 57 209 112 109 138 227 272 8
split_gain=12.9386 12.9394 13.9082 11.8459 9.98937 9.65324 9.49626 7.52974 7.52876 7.66642 12.61 7.2424 7.76352 7.14925 10.8824 6.74209 7.39171 7.37396 7.35853 7.18038 6.56931 6.21751 6.15444 7.38423 7.36542 5.87335 5.37646 5.23089 5.0797 7.21443 4.89072 4.80458 4.63161 3.91464 3.88551 3.86541 3.85948 3.8333 3.74916 3.73283 3.50533 3.53153 3.38363 3.8159 2.71199 1.3075 0.639195 0.0209484
threshold=-0.86013986013985988 0.12500000000000003 215.00000000000003 68.500000000000014 0.7916500000000003 2.7500000000000004 -0.074175824175824162 89.256318862970161 3.5034965034965038 0.94281045751633996 -1.0301374301374302 0.99999999977072229 0.069444444444444461 31.500000000000004 0.35480901834265816 9.2500000000000018 33.500000000000007 7.5000000000000009 10.500000000000002 0.57738095238095244 6.5000000000000009 22.500000000000004 7.5000000000000009 0.89806949806949798 1.5000000000000002 17.500000000000004 78.875000000000014 1.5000000000000002 -0.27525252525252519 96.250000000000014 102.50000000000001 1.7500000000000002 25.500000000000004 1.9024651703233417 0.88111888111888148 10.500000000000002 17.687500000000004 1.6250000000000002 87.28876638674933 0.18055555555555558 15.500000000000002 1.6250000000000002 235.00000000000003 203.75000000000003 8.5000000000000018 20.500000000000004 -1.4628987747819948 52.500000000000007
decision_type=2 2 2 2 2 2 2 2 2 2 2 2 2 2 2 2 2 2 2 2 2 2 2 2 2 2 2 2 2 2 2 2 2 2 2 2 2 2 2 2 2 2 2 2 2 2 2 2
left_child=4 2 8 6 7 30 20 26 9 15 37 21 35 -6 -15 16 -2 -17 19 -19 -3 -12 23 24 -20 -18 -1 33 -24 -30 31 36 -33 -22 40 45 42 -11 -26 -35 41 -8 -4 -44 -45 -13 47 -36
right_child=1 3 5 -5 13 -7 34 -9 -10 10 11 12 -14 14 -16 17 25 18 22 -21 27 -23 28 -25 38 -27 -28 -29 29 -31 -32 32 -34 39 46 -37 -38 -39 -40 -41 -42 -43 43 44 -46 -47 -48 -49
leaf_value=0.019358877042513368 0.035408602211215438 0.023099730006629033 -0.04151048876774649 0.030489341928997722 0.02578914752101652 0.020558702397895926 -0.013295956714993958 0.00049503453455025214 -0.023254844035384872 -0.026324990745174914 -0.010879626949971853 0.037972676589772381 0.0061578295071092106 -0.035570082154469718 0.015033168573269334 0.028318451649086664 -0.021452004100159405 -0.037727216413423588 -0.0020202801361782477 -0.00041037175405806759 -0.037512560433025442 0.028701824537328155 0.0090675270949525325 -0.018713926865789061 0.013873950310097419 0.019990248580091102 0.052939416266300922 0.0076183336208642859 0.0015938866578558914 -0.039633929886530694 0.0084754783610584607 -0.023852203780777126 0.0096972536549347135 -0.02584660722715389 -0.036138524137867258 0.023250373104441266 -0.052307729900964897 0.003426178073134493 0.046845443712342283 0.010846601572429428 0.0016376514123717649 -0.046902135270969737 0.0015159136720988933 -0.007228860036176463 -0.038493933080008334 0.063533838454242528 -0.027062700263134981 -0.056841572584619443
leaf_weight=25.110341869294643 26.214317142963409 14.136353045701979 16.209487099200487 12.359609074890612 16.402780279517174 18.653155565261841 17.596781522035599 19.635797820985317 21.41293865069747 15.162983592599629 22.089091286063194 16.392114296555519 20.03361613675952 21.979002185165882 18.962955318391323 16.478076003491879 15.499821342527865 28.824521146714687 28.691840823739767 22.742842011153698 21.644624292850494 16.47364067658782 19.61640652269125 17.748176828026772 17.523741468787193 16.743178330361843 25.311042033135891 20.376502558588982 19.00438129901886 22.814562804996967 15.967763409018515 18.346026655286551 21.117577854543924 13.625050131231548 8.8170983046293312 19.561196006834507 12.773691996932028 32.21991028636694 18.581306912004948 12.369407746940849 12.080960310995577 14.905834548175333 20.407343428581953 12.029688354581596 17.378723200410604 18.382704421877861 8.0697358623146993 13.368628229945896
leaf_count=124 126 71 100 66 81 93 124 94 119 83 115 81 105 106 89 79 83 147 137 114 137 83 90 105 82 82 120 128 96 122 79 121 105 85 118 88 159 154 92 83 84 113 135 106 103 89 76 106
internal_value=0 -0.00280475 0.000621225 -0.0149776 0.0143309 -0.0123676 -0.0187275 0.0268597 0.00503007 0.00648658 0.015114 0.0241352 0.0331627 -0.0011733 -0.0123327 0.0013363 0.0162193 -0.00282394 -0.00557892 -0.0215902 -0.00685437 0.00632728 0.000264963 0.00913824 0.0169356 2.21493e-05 0.0369177 -0.0133245 -0.0116127 -0.0212985 -0.0170613 -0.0205514 -0.0061034 -0.0222548 -0.0314986 0.0428281 -0.0276201 -0.0064418 0.0316478 -0.00863123 -0.0213203 -0.0296478 -0.0221347 -0.0151372 -0.0263631 0.0528831 -0.0453349 -0.0505272
internal_weight=0 774.445 605.095 169.351 127.402 152.883 156.991 70.0572 452.211 430.798 160.315 112.932 74.3696 57.3447 40.942 270.483 58.4573 212.026 195.548 51.5674 82.1519 38.5627 143.98 82.5451 64.7969 32.243 50.4214 68.0156 61.4354 41.8189 134.23 118.263 39.4636 47.6391 74.839 54.336 78.7989 47.3829 36.105 25.9945 44.5836 32.5026 66.0252 49.8158 29.4084 34.7748 30.2555 22.1857
internal_count=5078 4464 3273 1191 614 1001 1125 338 2272 2153 798 561 363 276 195 1355 291 1064 985 261 504 198 724 416 311 165 244 433 308 218 908 829 226 305 621 258 603 237 174 168 321 237 444 344 209 170 300 224
is_linear=0
shrinkage=0.05


Tree=47
num_leaves=51
num_cat=0
split_feature=12 290 282 95 36 165 282 32 111 115 34 30 97 234 288 89 57 32 143 112 278 138 114 34 298 138 212 259 0 96 44 107 202 55 210 288 12 58 107 235 140 116 277 289 54 41 277 108 31 58
split_gain=15.1349 13.2268 13.3695 10.093 9.45982 8.88851 7.8054 8.33227 11.9528 7.43391 8.65808 6.21893 6.69456 5.93356 9.10247 7.89594 6.9787 6.42886 5.9236 5.72843 5.61415 5.48413 5.21406 7.01963 6.90179 5.50179 5.10203 5.0007 4.95785 4.86339 4.69162 4.63647 4.64733 4.6408 4.39422 4.31667 4.11517 3.68104 3.40086 4.81879 3.38515 3.33372 3.18886 3.17857 3.11525 2.91368 0.980665 0.735459 0.0734356 0.46172
threshold=0.062500000000000014 10.500000000000002 0.75000000000000011 62.500000000000007 0.92925365826200312 3.2500000000000004 -4.2499999999999991 2.2540540540540546 105.00000000000001 245.00000000000003 -0.050436050436050518 1.898601398601399 7.6875000000000009 29.500000000000004 0.77788564761185042 74.58335000000001 12.250000000000002 1.0906282906282909 35.250000000000007 135.00000000000003 85.090796014396986 37.500000000000007 95.000000000000014 0.30693630693630686 1.5500000000000003 6.2500000000000009 2.3333500000000007 -8.6943957441181787 84.250000000000014 61.500000000000007 7.5000000000000009 106.87500000000001 5.5000000000000009 732.50000000000011 3.5000000000000004 0.84313847884979054 0.18750000000000003 12.500000000000002 85.625000000000014 15.500000000000002 29.500000000000004 75.000000000000014 -2.0324668681348608 0.75438814418115718 807.50000000000011 9.5000000000000018 -2.0989333967519683 18.750000000000004 0.90325239977413907 14.500000000000002
decision_type=2 2 2 2 2 2 2 2 2 2 2 2 2 2 2 2 2 2 2 2 2 2 2 2 2 2 2 2 2 2 2 2 2 2 2 2 2 2 2 2 2 2 2 2 2 2 2 2 2 2
left_child=4 2 5 44 20 9 -6 8 38 11 37 12 19 14 17 27 -16 45 35 36 43 -21 25 24 28 -10 -25 -15 34 -9 -13 32 -5 -33 -24 48 40 -11 39 -8 -2 -32 -26 -1 -3 -14 -43 -39 -4 -50
right_child=1 3 18 31 6 -7 7 29 22 10 -12 30 13 15 16 -17 -18 -19 -20 21 -22 -23 23 26 42 -27 -28 -29 -30 -31 41 33 -34 -35 -36 -37 -38 47 -40 -41 -42 46 -44 -45 -46 -47 -48 -49 49 -51
leaf_value=0.053332077244170266 0.022504079264742655 -0.03453832479590533 -0.057803028644471982 0.022014035112501634 0.034724890967618598 0.031766997268014407 0.0019390063132954884 -0.0037769476012618642 -0.038307030583005282 -0.014720198035566335 0.0070971475033367124 -0.00053368536144920314 0.012298477223184624 -0.045696480756138913 0.0072823281862625343 0.011996368160667611 -0.03356449445260145 0.032771532247095329 0.0029559689632132503 0.0052970593555494326 0.0035359689213933718 0.039280084020879159 0.025942893518910201 -0.028598800646540825 -0.022365809486517473 -0.0026372525222091688 0.0073759733123953666 -0.010735509039187954 0.041247726697923585 -0.042685291905603086 -0.049129216198010965 0.011408453764944966 -0.0096674682204756848 0.047442278669912644 -0.0073162693951872851 -0.017382460184555876 -0.02182955223191986 -0.034018604054766963 0.036552138652628956 0.033774077565793197 -0.007900743626108089 -0.0061825398389164484 0.0076758177049859851 0.022168193075382675 0.00068157467954880102 -0.016120434789149603 -0.027080032700604079 -0.060439699530860473 -0.049159131668306238 -0.023587321018493815
leaf_weight=17.731383487582207 17.642342798411846 11.722832906991245 14.980161320418121 25.06186256557703 19.421675324440002 14.481640890240667 31.478014275431633 18.551073770970106 16.097104258835316 12.527612198144196 14.719972923398016 22.393160574138165 18.573776617646217 23.17374429106712 17.018283601850271 13.998674027621744 24.925291735678911 23.299496680498123 10.149461776018141 24.882852900773287 17.160454660654068 22.356405317783356 20.284638449549675 22.783876866102219 15.782276894897221 29.843669064342976 16.25327206403017 19.094164423644546 19.86477342993021 13.460563495755194 13.002545002847908 16.711796909570694 20.029127784073353 20.454120602458715 17.964856818318367 16.903822649270296 16.625817932188511 10.551484879106285 26.315231949090958 18.228468291461468 17.228528007864952 11.986682459712027 17.863696277141571 18.90797857940197 12.320605065673588 15.729048438370226 11.019059140235187 11.739582080394028 7.2273680381476861 6.6920764222741127
leaf_count=85 91 86 112 122 94 73 148 128 82 78 99 115 88 142 93 83 136 121 58 149 80 118 95 117 79 138 80 125 89 76 91 83 97 100 85 154 113 78 121 84 83 81 90 92 94 83 79 87 94 87
internal_value=0 -0.00492292 -0.00880215 0.0108106 0.0083224 -0.00537507 0.00485975 0.00270854 0.00577364 -0.00694223 -0.0247435 -0.00405452 -0.000652441 -0.00709141 0.000282713 -0.0199147 -0.0172076 0.0130947 -0.0313916 0.00947793 0.0274549 0.0218607 -0.00138243 0.00372217 0.0112495 -0.0156853 -0.0138104 -0.0305163 0.0215525 -0.0209349 -0.0186222 0.0191014 0.00803689 0.031963 0.0105335 -0.0389031 -0.00208116 -0.0380268 0.0222123 0.0140495 0.0076806 -0.0295529 -0.00665459 0.038266 -0.017184 -0.000820101 -0.0169029 -0.0499308 -0.0504885 -0.0392699
internal_weight=0 539.223 432.923 106.3 357.993 376.97 304.193 284.772 252.76 362.489 49.5387 312.95 254.548 155.812 99.5459 56.2666 41.9436 57.6023 55.9529 98.7359 53.7998 47.2393 176.738 130.797 91.7602 45.9408 39.0371 42.2679 58.1143 32.0116 58.4014 82.2569 45.091 37.1659 38.2495 45.8034 51.4967 34.8187 76.0217 49.7065 34.8709 36.0083 33.646 36.6394 24.0434 34.3028 23.0057 22.2911 28.8996 13.9194
internal_count=5056 3293 2711 582 1763 2206 1506 1412 1208 2133 342 1791 1425 871 521 350 229 292 505 554 257 267 855 635 438 220 197 267 269 204 366 402 219 183 180 447 287 243 353 232 174 251 169 177 180 171 160 165 293 181
is_linear=0
shrinkage=0.05


Tree=48
num_leaves=48
num_cat=0
split_feature=282 119 30 282 259 14 10 113 289 5 116 279 48 272 23 12 296 8 107 44 145 35 78 138 259 272 198 91 32 277 33 193 119 203 49 78 236 32 300 286 202 277 34 301 211 283 286
split_gain=14.3527 11.5255 8.84981 16.1196 10.7317 8.9009 7.88556 7.29473 7.22095 10.7584 6.75552 6.84814 6.47816 7.39151 6.47918 6.49022 6.56002 6.42704 6.4158 6.26704 5.78478 5.76436 6.07313 5.61585 5.13285 5.01191 5.00475 4.95191 4.88111 4.77129 5.95577 5.03403 4.68343 4.60227 4.59839 4.94876 6.85902 6.35764 3.88837 3.47999 3.2433 2.99284 2.18824 1.90486 1.71815 1.33838 0.726995
threshold=-2.2499999999999996 6.1250000000000009 1.2377622377622381 1.0000000180025095e-35 -9.2889718449716323 0.18055555555555558 0.20833333333333334 105.00000000000001 -0.79382744783423187 89.500000000000014 85.000000000000014 -1.3935607275654165 2.8130399012751952 -1.9458287659505586 12.500000000000002 0.14583333333333334 12.500000000000002 27.500000000000004 96.875000000000014 52.500000000000007 27.500000000000004 0.75604704659038091 0.54164999999999719 29.500000000000004 -11.515916428629259 -1.0974369567229354 1.3333250000000001 71.500000000000014 0.82393822393822413 -1.4637174200293732 -2.4223938223938219 21.250000000000004 7.6250000000000009 1.0000000180025095e-35 0.72427064191770096 0.31250000000000006 7.5000000000000009 1.0906282906282909 0.68572944810247094 0.32543593033125001 5.5000000000000009 -2.4766082611711266 0.74512514512514494 0.18966343678458411 1.0000000180025095e-35 0.07417582417582419 0.2763457982574184
decision_type=2 2 2 2 2 2 2 2 2 2 2 2 2 2 2 2 2 2 2 2 2 2 2 2 2 2 2 2 2 2 2 2 2 2 2 2 2 2 2 2 2 2 2 2 2 2 2
left_child=6 7 5 4 39 12 17 18 44 10 42 40 14 -14 15 16 19 21 24 25 26 22 -1 -8 -2 29 -7 -16 -17 30 31 -3 38 -28 -32 -36 -37 -38 -19 -4 -12 -25 46 45 -6 -5 -10
right_child=1 2 3 43 8 20 23 -9 9 -11 11 -13 13 -15 27 28 -18 32 -20 -21 -22 -23 -24 41 -26 -27 33 -29 -30 -31 34 -33 -34 -35 35 36 37 -39 -40 -41 -42 -43 -44 -45 -46 -47 -48
leaf_value=0.019046491161866064 0.035023796864437969 0.0006216411934486264 0.031718602182882576 -0.023686832365868899 -0.050983359283859921 0.0012542418872981405 -0.02303852133829578 0.0369170475561321 -0.049690162171494939 0.033413021193369488 0.0025962169740374463 0.025361800688359411 -0.0024465210690851041 0.032997512148668091 -0.0021563390197671859 -0.040821583863815458 0.026508158753705081 0.053537575142572263 -0.02116725323098639 0.024523809383659154 0.011786629542735192 0.025258688559981188 -0.016194599004779042 -0.0067671086595125704 0.00029944793985403433 0.017118673524759563 -0.016150851011947683 0.037769788346627579 -0.0060576590807920683 -0.027100380755297054 -0.022003802619167553 -0.035694072722594304 0.011202517402716425 -0.049977303198556582 -0.012329878009201605 0.040541249072183261 -0.020086137263725358 0.019100897736452665 0.021034508999194595 0.00037879844020686983 -0.031051689931279658 0.022761501814117957 -0.013113441893943806 -0.015272808775752537 -0.022162348262442472 -0.05008859614393444 -0.025844029347900411
leaf_weight=18.955630913376808 16.912801250815392 15.695272851735352 18.301969029009342 9.0760170668363553 11.875382777303459 13.516972351819275 22.784300200641155 23.035253532230854 11.260511778295042 12.905523933470247 13.109580498188732 15.014089260250332 27.474124848842621 30.341871649026871 13.991162687540056 18.406582552939653 18.841954879462719 21.843287847936153 16.829295463860035 17.07485294342041 12.372044052928684 28.531996056437492 30.593943908810616 15.799019560217856 26.26225508004427 19.426883153617382 21.424547929316759 16.171434156596661 21.913461804389954 29.383722029626369 16.193492740392685 23.210068434476852 24.560517735779285 20.651188615709543 23.900344025343657 16.493687566369772 16.612561739981174 24.135799095034599 18.887198835611343 16.41532688587904 14.414145007729529 16.898217342793941 13.524097710847853 7.9790582321584216 13.29766611009836 29.821578361093998 10.309402819722889
leaf_count=84 79 80 92 78 83 80 115 115 86 78 84 85 136 147 90 98 91 113 89 79 74 126 140 82 137 97 155 99 150 150 77 118 116 151 121 82 83 121 100 87 92 82 73 123 88 293 75
internal_value=0 -0.00374839 -0.00611497 -0.014812 -0.00672051 -0.00197666 0.0114472 0.0136299 -0.0140219 -0.00724513 -0.0143431 -0.000823596 0.0012611 0.0163993 -0.00178771 -0.00434275 -0.000937273 0.0176073 0.00423151 -0.0036136 -0.0183924 0.00776885 -0.00260272 -0.00450139 0.0143868 -0.00632772 -0.0251982 0.0197748 -0.0225317 -0.00916408 -0.0051264 -0.0213951 0.0290784 -0.033528 0.00152766 0.00643451 0.0143464 0.00302642 0.0393308 0.0173257 -0.015496 0.00871613 -0.0302534 -0.040095 -0.0371871 -0.0446763 -0.0399429
internal_weight=0 697.576 614.536 197.304 150.428 417.232 198.854 83.0396 115.71 90.5374 77.6318 42.5378 349.267 57.816 291.451 261.289 220.969 143.373 60.0044 202.127 67.9648 78.0816 49.5496 55.4815 43.1751 185.052 55.5927 30.1626 40.32 165.625 136.241 38.9053 65.291 42.0757 97.3359 81.1424 57.242 40.7484 40.7305 34.7173 27.5237 32.6972 35.094 46.8767 25.173 38.8976 21.5699
internal_count=5074 4116 3696 1417 923 2279 958 420 744 573 495 261 1819 283 1536 1347 1099 679 305 1008 460 350 224 279 216 929 386 189 248 832 682 198 329 306 484 407 286 204 213 179 176 164 234 494 171 371 161
is_linear=0
shrinkage=0.05


Tree=49
num_leaves=48
num_cat=0
split_feature=9 301 282 288 101 48 113 299 8 99 78 192 38 220 112 33 56 187 137 47 112 226 235 110 48 213 60 28 216 234 301 209 107 111 301 46 41 35 66 46 235 282 119 138 100 110 21
split_gain=14.3338 12.833 13.2062 9.35544 12.3699 10.3829 9.62702 10.5755 8.84131 8.43895 7.88239 7.24902 6.51999 6.50929 7.67501 6.5012 6.49296 6.43868 8.37127 6.37295 6.18947 5.94737 5.28842 7.09686 5.18954 5.10978 8.09807 5.06409 5.75491 8.95481 4.9719 4.68941 4.79646 4.1739 4.12963 3.6417 3.62023 3.93224 2.92632 2.69135 2.02825 1.98668 4.49488 1.91268 1.79631 1.17112 1.05962
threshold=3.2500000000000004 0.010862807828173683 0.75000000000000011 0.70290292807158605 15.500000000000002 1.5487477131871794 65.000000000000014 0.21496437112783298 107.50000000000001 6.1250000000000009 0.54164999999999719 26.750000000000004 0.87500000000000011 1.5000000000000002 115.00000000000001 0.50656370656370653 16.500000000000004 61.750000000000007 8.2500000000000018 -1.8279736828418434 65.000000000000014 16.500000000000004 21.500000000000004 108.75000000000001 3.1256209958412948 3.5000000000000004 87.500000000000014 1.0000000180025095e-35 1.0000000180025095e-35 46.500000000000007 -3.8372442895508198e-18 6.2500000000000009 95.625000000000014 135.00000000000003 1.6064798606481923e-15 177.50000000000003 3.5000000000000004 0.75604704659038091 1.0000000180025095e-35 167.50000000000003 9.5000000000000018 2.2500000000000004 7.1250000000000009 16.500000000000004 8.8750000000000018 186.25000000000003 7.5000000000000009
decision_type=2 2 2 2 2 2 2 2 2 2 2 2 2 2 2 2 2 2 2 2 2 2 2 2 2 2 2 2 2 2 2 2 2 2 2 2 2 2 2 2 2 2 2 2 2 2 2
left_child=1 2 3 4 5 19 20 12 36 11 22 -9 13 14 -8 -13 35 18 -11 -1 -7 -20 23 -5 31 26 -2 28 -23 -30 -19 32 -12 46 43 38 -3 45 -4 -21 -36 42 -40 -22 -34 -38 -15
right_child=25 8 16 10 -6 6 7 9 -10 17 24 15 -14 33 -16 -17 -18 30 21 39 34 27 -24 -25 -26 -27 -28 -29 29 -31 -32 -33 44 -35 40 -37 37 -39 41 -41 -42 -43 -44 -45 -46 -47 -48
leaf_value=0.0038833326497760751 0.032889496526370104 -0.0013484474882344019 -0.0086210185211753453 -0.0023803085874067359 0.035830378868503272 0.0143258092345478 -0.0076960826575006294 -0.0033848736557958539 0.013000520683961628 -0.022527298497074397 -0.011241733230609858 0.043400252138432079 -0.0014049938554404871 0.063933651038038705 0.036960308110950517 0.0053284660365038542 0.0097952902033144832 0.0030094681208452712 0.039194737810318701 -0.013890929299581254 0.0092748231559604093 0.01822798231105675 -0.016320323348117696 0.039135863547310995 0.008223646913076919 0.042021580469300379 -0.005448253331386912 0.024164272235974848 -0.038766048563625165 0.012280837384634893 -0.030467396273052623 -0.00074334757530117497 -0.025689480292903539 0.019481144959810601 -0.043285684367951001 0.0015701598144879138 -0.026321013246997472 -0.0064810042569201781 0.00057059719123851184 -0.044714322702740672 -0.016384573975374926 -0.044992268887893865 -0.039554131079416188 -0.014234894251973985 -0.052462575178825188 -0.052241030316475104 0.038538002424595319
leaf_weight=22.148092091083527 25.356185935437679 7.9932548552751532 16.743001312017441 22.771041873842478 32.321421429514885 22.340532761067152 19.554060284048319 24.614949323236942 13.040770445019005 21.766712516546249 22.373060580343008 30.473192751407623 20.432564593851566 15.480363585054876 17.419776774942875 17.90268824249506 18.45579257234931 17.888287022709846 14.903272390365599 14.385851524770262 15.540262892842291 18.633558019995689 16.924821976572275 17.625923682004213 16.110394932329655 20.875481240451336 28.347855880856514 23.485795695334673 17.921944085508585 15.050660513341425 27.491018638014793 18.479247435927391 14.552494429051874 15.734021104872225 12.865167532116176 12.871020156890152 9.5642776601016504 8.2958692200481874 11.782342843711378 15.937390986829994 18.428832069039345 21.618067689239979 16.02347606793046 17.215333811938763 18.364258006215096 23.517390228807926 15.686419680714605
leaf_count=112 138 100 109 119 158 108 104 124 68 122 122 151 101 77 84 90 128 81 71 78 81 104 92 88 76 112 135 129 101 85 159 94 85 78 73 78 88 66 76 100 114 117 131 79 99 275 84
internal_value=0 -0.00124716 0.000577474 0.00314789 0.00637616 0.00429345 0.00691645 0.0107548 -0.0228462 0.00472613 -0.0079091 0.0186505 0.0238845 0.0299892 0.0137625 0.0297041 -0.0164914 -0.00181865 0.00464341 -0.0164794 -0.00789574 0.0113904 0.00651249 0.0162418 -0.0170771 0.0215163 0.0129231 0.00542959 -0.00339377 -0.0157896 -0.0174906 -0.0226386 -0.0298134 0.042227 -0.0157477 -0.0226752 -0.0323848 -0.0382071 -0.0273447 -0.0310015 -0.0284417 -0.0333908 -0.0231222 -0.00313682 -0.0417326 -0.0457394 0.0527473
internal_weight=0 812.729 750.317 652.823 505.622 473.301 420.829 334.439 62.4116 230.132 147.201 72.9908 104.307 83.8746 36.9738 48.3759 97.4937 157.141 111.762 52.4713 86.3901 89.9952 57.3218 40.397 89.8795 74.5795 53.704 75.092 51.6062 32.9726 45.3793 73.7691 55.2898 46.9008 64.0496 79.0379 49.3708 41.3775 66.1669 30.3232 31.294 49.4239 27.8058 32.7556 32.9168 33.0817 31.1668
internal_count=5044 4659 4062 3423 2648 2490 2200 1745 597 1217 775 365 528 427 188 241 639 852 612 290 455 490 299 207 476 385 273 419 290 186 240 400 306 239 347 511 529 429 433 178 187 324 207 160 184 363 161
is_linear=0
shrinkage=0.05


Tree=50
num_leaves=48
num_cat=0
split_feature=9 282 36 301 147 114 298 115 171 57 107 277 74 113 291 287 150 283 198 291 48 190 66 157 33 283 98 99 301 104 76 58 140 262 273 292 117 274 66 87 34 2 117 284 46 146 145
split_gain=14.2671 10.7417 13.0207 10.2737 8.47777 9.38965 7.54754 6.86059 6.28782 5.67807 5.42933 5.50394 5.35406 5.4897 6.11617 9.02818 7.63159 6.92798 6.53814 6.29306 6.10708 5.8406 5.4455 6.653 5.33194 5.32022 4.649 4.62043 4.51325 4.63691 4.45474 3.72836 3.53199 3.31966 6.39351 3.61858 3.54599 2.98146 2.96815 3.26076 2.91823 2.78188 2.74388 2.47826 1.28674 0.531069 0.30897
threshold=3.2500000000000004 1.0000000180025095e-35 1.3952428232669745 0.025273964998490089 13.500000000000002 25.000000000000004 1.8750000000000002 85.000000000000014 1.5000000000000002 12.250000000000002 105.62500000000001 -2.0503994713891429 5.2500000000000009 175.00000000000003 0.9582608695652175 0.99999991809645039 49.500000000000007 -0.29705882352941171 29.375000000000004 1.0871212121212122 2.1226173693899617 6.5000000000000009 1.5000000000000002 8.5000000000000018 -0.065637065637065825 -0.08514492753623186 0.62500000000000011 6.3750000000000009 -1.0926602000683247e-15 6.5000000000000009 1.0000000180025095e-35 12.500000000000002 19.500000000000004 5.0000000000000009 89.688025449460454 13.750000000000002 7.3958250000000012 -2.0075874291634421 1.0000000180025095e-35 62.312500000000007 -0.33443853443853472 81.750000000000014 6.8125000000000009 1.8397435897435901 162.50000000000003 4.7500000000000009 30.500000000000004
decision_type=2 2 2 2 2 2 2 2 2 2 2 2 2 2 2 2 2 2 2 2 2 2 2 2 2 2 2 2 2 2 2 2 2 2 2 2 2 2 2 2 2 2 2 2 2 2 2
left_child=1 3 7 4 5 -1 8 -3 28 43 30 -12 22 14 16 19 17 -14 20 -16 33 38 23 -7 26 41 -13 -11 -6 -30 -9 -32 -20 34 36 -35 -19 -15 -17 -40 -5 46 -4 -8 -44 -46 -2
right_child=25 2 42 40 6 12 9 10 -10 27 11 24 13 37 15 21 -18 18 32 -21 -22 -23 -24 -25 -26 -27 -28 -29 29 -31 31 -33 -34 35 -36 -37 -38 -39 39 -41 -42 -43 44 -45 45 -47 -48
leaf_value=-0.027189632476353112 0.050552103605170019 0.024137226888518853 -0.0066535872179794885 -0.044746275958508157 0.032266110830143156 -0.027919733954037969 -0.045606557294097461 -0.046944637608720384 -0.017572512374607403 0.012104574187099244 -0.021592315932477717 0.034648638583565657 0.023194096236890036 -0.024977857682922763 0.020343297567497119 0.017193919090383189 0.036224474990483903 -0.027839683282550539 -0.0064872107463164949 -0.021867651989142062 -0.020438144594281886 0.0074422508678955446 0.016391572029961998 0.0045885812455589278 -0.013652095921255209 0.0047825498945742286 -0.00069434440877062873 -0.020987060066168198 -0.012905124695127486 0.022447574167122002 0.0066199227639953924 -0.029427515292819725 -0.044349304305780241 0.034289390865700375 0.023303625031866539 0.0040245541859214272 0.0032761768077489125 0.0036472168237971052 0.024211447449397298 0.0513554607885367 -0.006906993887709283 0.014520612966561553 -0.01840631786312635 -0.017399934383221734 -0.051743490879167221 -0.027983525974817236 0.031203882868220335
leaf_weight=20.111340671777725 13.034357585012915 16.3120401725173 6.8507251478731623 14.17561072856188 17.713903039693832 31.066448085010052 19.210584945976734 13.311950687319039 24.885110542178154 18.209806546568871 23.732043914496899 18.616669472306967 31.663445446640253 15.081252511590717 15.256056271493433 20.614092655479908 17.583412535488605 17.16472764313221 12.960345037281515 18.347145915031433 21.997858315706253 28.192001529037952 22.148710533976555 30.43263865634799 20.005942229181528 29.610174566507339 17.626507055014372 22.568164981901646 21.153240144252777 14.964302431792019 13.557446394115688 13.549257691949604 11.481398887932299 18.982664830982685 18.458909329026937 20.126263841986656 18.083634972572327 20.443816430866718 21.744720835238695 30.930651761591434 8.3014422766864282 15.229584872722624 6.6670590564608565 15.809548579156397 21.785010222345594 7.3636528812348834 12.094904854893683
leaf_count=124 88 91 53 130 78 156 108 82 121 96 146 98 152 77 80 102 85 96 86 97 104 141 114 149 131 133 96 123 121 72 79 83 79 90 110 94 97 105 108 152 79 72 56 82 304 82 73
internal_value=0 -0.00223024 -0.0130071 0.000806517 0.00203783 0.00542188 -0.00806929 -0.00537226 0.00277769 -0.0192234 -0.00953616 -0.00190217 0.00696112 0.00960999 0.0116583 0.0197451 0.00578956 0.00246605 -0.00237878 -0.00266955 0.00268074 0.0271208 -0.00439009 -0.0120171 0.00663735 0.0211379 0.0179028 -0.00627364 0.0123341 0.00195243 -0.0242318 -0.0118043 -0.0253169 0.00831947 0.000187986 0.0192031 -0.0122262 -0.00885597 0.0344884 0.0408101 -0.0316606 0.0327316 -0.0367875 -0.0337095 -0.0422141 -0.0468684 0.0427903
internal_weight=0 819.242 179.378 639.863 617.386 462.872 154.515 136.712 78.7166 75.7981 120.4 79.9812 442.76 359.112 323.587 135.085 188.503 170.919 139.256 33.6032 114.814 101.481 83.6478 61.4991 56.2491 69.969 36.2432 40.778 53.8314 36.1175 40.4187 27.1067 24.4417 92.8162 53.7073 39.1089 35.2484 35.5251 73.2895 52.6754 22.4771 40.3588 42.6664 35.0201 35.8157 29.1487 25.1293
internal_count=5075 4709 1301 3408 3199 2398 801 806 392 409 715 471 2274 1855 1673 680 993 908 756 177 591 503 419 305 325 366 194 219 271 193 244 162 165 487 303 184 193 182 362 260 209 233 495 190 442 386 161
is_linear=0
shrinkage=0.05


Tree=51
num_leaves=49
num_cat=0
split_feature=301 12 290 51 93 30 76 198 103 273 279 282 48 109 112 102 29 32 69 16 48 291 34 291 34 148 35 30 58 283 300 192 201 289 181 215 73 148 277 41 197 283 34 285 74 31 56 73
split_gain=11.7237 9.87121 8.7655 8.65275 8.64369 8.42871 8.02775 8.02536 7.72366 6.75852 6.70206 8.1589 7.0284 7.21915 11.9236 7.27798 6.40035 7.24962 6.40569 6.30292 6.15983 8.21078 6.11389 9.46259 5.70057 5.51076 5.34687 5.29132 6.40121 5.13601 5.12027 5.01081 4.79042 4.78709 4.60133 3.70776 3.56388 3.54934 3.42724 3.24971 3.73277 3.14292 2.52757 2.4508 2.207 4.34504 2.1123 1.44467
threshold=0.010862807828173683 0.062500000000000014 10.500000000000002 7.5000000000000009 59.500000000000007 -0.25174825174825155 1.0000000180025095e-35 1.3333250000000001 7.5000000000000009 90.964758407808361 -2.031373251934812 -1.0000000180025095e-35 2.4522604984847551 123.75000000000001 195.00000000000003 13.500000000000002 1.5428571428571434 1.1003861003861009 81.500000000000014 0.37500000000000006 1.926969787330479 0.71714285714285719 -1.2875340875340875 0.96871945259042047 -1.4310230310230312 18.500000000000004 0.60952412990125227 -0.44895104895104881 21.500000000000004 -0.15587044534412953 0.68572944810247094 8.2500000000000018 10.250000000000002 0.39629089145655322 29.500000000000004 2.5000000000000004 73.750000000000014 13.500000000000002 -1.9233791902252426 9.5000000000000018 2.5000000000000004 -0.10172413793103448 -0.99780759780759787 11.437500000000002 8.2500000000000018 1.3069565217391308 12.250000000000002 61.750000000000007
decision_type=2 2 2 2 2 2 2 2 2 2 2 2 2 2 2 2 2 2 2 2 2 2 2 2 2 2 2 2 2 2 2 2 2 2 2 2 2 2 2 2 2 2 2 2 2 2 2 2
left_child=1 8 6 5 -4 -2 24 -6 9 16 11 12 13 15 -15 32 17 18 -1 37 -12 31 -19 -24 26 36 -3 -23 33 42 -27 -22 43 34 -29 -31 -18 -9 -13 40 46 -41 -10 -8 45 -7 -26 -46
right_child=3 2 4 -5 7 44 10 19 29 -11 20 38 -14 14 -16 -17 25 22 -20 -21 21 27 23 -25 39 30 -28 28 -30 35 -32 -33 -34 -35 -36 -37 -38 -39 -40 41 -42 -43 -44 -45 47 -47 -48 -49
leaf_value=0.044444923107235267 0.012757910966776358 0.020813403643134401 -0.020818155969138073 0.022915648513714585 0.046437687272398248 -0.045585652870968801 -0.05573685578593035 0.034327561091323393 0.014003743181180526 0.025328377928085479 -0.01864094710758641 -0.04439396598477871 0.025050346576233912 0.030056435827699221 -0.023321783149204647 0.011526245962281627 -0.011901708752167305 -0.028022874401673687 0.0074493075030694789 -0.015397460235619505 0.013519015890857945 0.02948271378453662 -0.011631474687253373 0.033920566052415377 -0.052054627669021539 -0.035051535528843526 -0.018719189120763507 -0.038741554492422982 0.024692670822687529 -0.001440776535827362 -0.00031759567107723897 0.0533038550456214 -0.0053459883876090042 0.0088301474583048611 -0.0015457712261549175 0.025511231605669489 0.019477147315261428 0.0049352829917220439 -0.0079804081083363464 0.0030443649629038404 -0.008716533802782615 -0.026640338443671779 0.040232700358784457 -0.024824547870532541 -0.021435122364466815 -0.0034685935977790622 -0.026104532670611327 -0.054474064513751835
leaf_weight=18.003803983330727 10.346750844269989 16.093485940247774 16.783976666629314 9.3167050927877408 17.7862768471241 10.784945189952852 13.303302075713875 19.44893653690815 15.049218870699404 28.827812679111958 19.348762664943933 18.582554586231712 18.09986700117588 24.216109968721867 16.945783328264952 14.427860155701635 17.033581506460905 17.63686590641737 31.781204432249069 18.001340374350548 18.379767503589392 13.763971351087092 29.059906203299761 17.407753258943558 17.894892983138561 28.194520369172096 16.122164078056812 18.626381330192089 14.432813055813311 32.629902057349682 16.69678470492363 14.273489758372305 15.547471698373554 17.487867273390293 14.575439710170029 19.851267412304878 17.225006811320782 21.430222891271114 10.411944601684807 18.47105024009943 14.395335987210272 15.915506005287169 30.654382899403572 17.188000075519085 6.3293003179132965 13.121801991015671 20.54728240519762 17.452017273753881
leaf_count=92 57 86 105 42 83 79 78 91 79 132 117 150 89 127 98 76 101 81 152 93 104 64 134 85 119 136 83 133 87 151 80 82 91 95 88 94 83 101 81 93 94 105 153 111 77 151 139 220
internal_value=0 0.00155607 -0.0028856 -0.0200038 0.0108231 -0.0271654 -0.00611497 0.0179289 0.0083787 0.00317776 -0.00146096 -0.00869573 -0.00282891 -0.00798987 0.00804942 -0.0188617 -0.000243614 0.00732288 0.0214398 0.00868545 0.0067632 0.0112965 -0.00380155 0.00578837 -0.0169075 -0.0110866 0.00106157 0.00244318 -0.00363121 0.0199807 -0.0224211 0.031977 -0.0284275 -0.0120175 -0.0229354 0.00904035 0.00398033 0.0194049 -0.0320198 -0.0234811 -0.0312095 -0.0110595 0.0320808 -0.0396532 -0.0359116 -0.0235361 -0.0391978 -0.0469007
internal_weight=0 812.554 492.502 67.3515 93.4508 58.0348 399.051 76.6668 320.052 221.867 279.611 148.723 119.728 101.629 41.1619 60.4666 193.039 113.89 49.785 58.8805 130.888 111.54 64.1045 46.4677 119.44 79.1499 32.2157 78.8865 65.1225 98.1848 44.8913 32.6533 46.0388 50.6897 33.2018 52.4812 34.2586 40.8792 28.9945 87.2241 52.8375 34.3866 45.7036 30.4913 47.6881 23.9067 38.4422 23.7813
internal_count=5042 4416 2863 626 473 584 2390 368 1553 1076 1671 901 670 581 225 356 944 544 244 285 770 653 300 219 719 400 169 467 403 477 216 186 280 316 221 245 184 192 231 550 352 198 232 189 527 230 258 297
is_linear=0
shrinkage=0.05


Tree=52
num_leaves=50
num_cat=0
split_feature=32 148 283 285 47 137 14 274 263 42 283 113 95 291 58 59 288 117 124 36 53 56 277 291 100 273 33 157 283 290 301 103 37 221 288 34 292 101 278 279 40 41 78 227 58 36 34 56 290
split_gain=15.4578 11.6589 11.4227 11.1385 7.6889 6.81869 8.69607 8.27147 7.01137 6.70433 8.61574 7.27922 6.67179 6.59433 6.49231 5.90583 5.79131 5.53747 5.3361 5.20876 6.54045 5.18281 5.03737 4.94954 4.86134 4.82981 5.65081 4.99985 4.72669 4.53316 4.39443 4.66745 5.82965 4.38175 4.28263 3.97349 3.85554 4.15659 3.61523 3.61121 3.6059 3.57496 2.47961 2.40229 2.199 2.15643 2.85895 0.767478 0.704104
threshold=1.9220077220077225 83.500000000000014 -0.15268065268065265 12.562500000000002 -1.8279736828418434 41.500000000000007 0.12500000000000003 -1.6573671505352878 87.436448521625763 10.500000000000002 -0.50925925925925919 85.000000000000014 66.500000000000014 0.92582417582417598 9.5000000000000018 78.500000000000014 0.9053161325100999 7.1875000000000009 5.5000000000000009 2.3052199844070191 47.500000000000007 14.750000000000002 -2.5461384472047652 0.83045977011494265 9.6250000000000018 91.127374857415461 -0.24401544401544387 13.250000000000002 -0.18898809523809521 10.500000000000002 6.5483434956472545e-09 3.5000000000000004 0.37500000000000006 4.5000000000000009 0.63920241694561786 -0.51977751977751974 12.250000000000002 12.500000000000002 81.942115840397932 -2.0659560414708511 1.7500000000000002 8.5000000000000018 0.54164999999999719 60.500000000000007 22.500000000000004 1.2161627261058701 -0.26139799919685719 15.500000000000002 4.5000000000000009
decision_type=2 2 2 2 2 2 2 2 2 2 2 2 2 2 2 2 2 2 2 2 2 2 2 2 2 2 2 2 2 2 2 2 2 2 2 2 2 2 2 2 2 2 2 2 2 2 2 2 2
left_child=1 2 3 9 -2 6 7 25 12 10 40 23 15 17 -13 -9 22 -11 -7 20 30 35 -5 -12 44 26 27 33 41 36 31 -6 -33 39 -14 -16 37 -8 -28 -4 -1 -24 -40 -27 47 46 -38 -21 -32
right_child=4 -3 5 16 19 18 29 8 -10 13 11 14 34 -15 21 -17 -18 -19 -20 24 -22 -23 28 -25 -26 43 38 -29 -30 -31 48 32 -34 -35 -36 -37 45 -39 42 -41 -42 -43 -44 -45 -46 -47 -48 -49 -50
leaf_value=0.002213833961725475 0.011485030547082421 0.040805123676044698 0.02900471101291284 0.005184243425289942 0.010908564919698558 -0.003762873165972091 -0.025485459165202385 0.027357013094467916 -0.018886838852473158 0.021751262599141691 -0.043244075783876665 0.018013600015976763 0.047427648793987746 0.03580615517188631 -0.035352898140507176 -0.010265109473365487 -0.0026918039991038929 -0.012937638819994289 0.03601752860230184 -0.058552118035428091 0.023279538288104636 0.010451455010466369 0.042054662567748174 -0.0098081279830881957 -0.0035348672705412081 0.024818417371354994 -0.0490475689176341 -0.028144703460169153 0.059297323082162512 -0.0014491625343547314 -0.023113516826631254 -0.038251891319947551 0.0015227523213237452 -0.014857116892669435 0.011537133762453522 -0.0046229319255596821 -0.012410830131226269 0.014244519528868377 -0.0015747231254838994 -0.0019748064429591784 0.03203338955440347 0.012546180910536608 -0.028379539804532995 -0.0045699869788138709 -0.019139347586391946 -0.051711279649566899 -0.045024482299322967 -0.032930704508161726 -0.050950351139661045
leaf_weight=19.867178544402122 22.32395926117897 18.439190059900284 17.122153609991074 18.002898454666138 16.836220372468233 15.865700133144854 15.998833663761618 15.030811935663221 16.647109512239695 21.214612156152725 19.326484799385071 30.793471328914165 19.134122654795647 24.717307522892952 19.76999332010746 28.911488927900791 18.020781844854355 22.914545930922031 16.58125963807106 15.079852327704431 10.514496415853499 20.713545270264149 18.704456467181444 26.028339371085167 10.832866355776785 12.825378876179457 12.329736944288014 16.222078002989292 15.29789102822542 25.70790122076869 6.8952768072485915 19.436300497502089 16.639169830828905 21.761594880372286 15.570982608944176 22.020643949508667 17.942094530910254 9.9184960983693582 14.758029721677302 19.312916364520788 20.046919703483582 24.055470321327448 20.197478428483009 13.464093267917633 9.7605767026543599 13.765381317585705 10.952461179345848 10.130073964595793 8.2835222445428354
leaf_count=95 133 95 88 88 91 83 137 91 102 105 95 152 93 125 100 155 86 117 80 126 65 99 95 134 72 77 73 82 77 141 104 130 87 109 81 117 117 73 88 96 93 126 120 83 87 127 82 97 106
internal_value=0 0.00259967 0.00155368 0.00813631 -0.0151332 -0.00452704 -0.00664374 -0.00162193 0.00980646 0.00253566 -0.00258815 -0.0084864 0.0160408 0.015672 -0.000435316 0.00292621 0.0226832 0.00385113 0.017035 -0.0199631 -0.0119055 -0.00966494 0.0286521 -0.0246813 -0.0332414 -0.00899721 -0.0131825 -0.00447327 0.0357182 -0.0194487 -0.017597 -0.0103929 -0.0203603 0.00248903 0.0320989 -0.0196469 -0.0260785 -0.0103166 -0.0265129 0.0129695 0.0176076 0.0261201 -0.0174212 0.0101513 -0.0420895 -0.0351988 -0.0258656 -0.0499059 -0.0405151
internal_weight=0 729.954 711.515 341.495 146.732 370.02 337.573 243.288 95.2945 247.413 178.567 138.652 78.6474 68.8465 93.2977 43.9423 94.0815 44.1292 32.447 124.408 78.605 62.5042 76.0607 45.3548 45.8034 147.993 121.704 74.4187 58.0578 94.2852 68.0905 52.9117 36.0755 58.1967 34.7051 41.7906 68.5773 25.9173 47.2852 36.4351 39.9141 42.7599 34.9555 26.2895 34.9705 42.6599 28.8946 25.2099 15.1788
internal_count=5075 3977 3882 1704 1098 2178 2015 1338 522 1232 885 697 420 347 468 246 472 222 163 965 583 316 386 229 382 816 656 375 298 677 518 308 217 293 174 217 536 210 281 184 188 221 208 160 310 326 199 223 210
is_linear=0
shrinkage=0.05


Tree=53
num_leaves=47
num_cat=0
split_feature=143 282 31 232 80 115 16 288 103 204 2 79 58 277 286 234 145 114 29 55 288 277 283 279 291 55 152 47 54 288 5 16 33 101 9 277 31 193 55 105 190 152 33 92 152 99
split_gain=11.2314 12.0523 12.4588 8.90992 8.73828 8.68816 7.5332 7.34081 8.68004 7.56623 6.72186 6.99605 6.1924 10.4932 8.04713 6.00871 8.5129 5.40299 5.82678 6.47112 7.84096 8.61149 5.40324 6.5559 5.27856 5.17641 5.34065 4.91939 6.56851 4.86132 4.8285 5.55942 4.78995 7.92216 4.76235 4.76046 4.35244 4.20105 3.94499 3.92586 3.94463 3.62465 4.9167 3.02603 4.62352 2.25536
threshold=63.750000000000007 -1.7499999999999998 1.3988944572912312 532.25000000000011 85.125000000000014 165.00000000000003 0.20833333333333334 -0.37447345805034543 5.5000000000000009 2.1666500000000002 82.750000000000014 80.875000000000014 7.5000000000000009 -1.8923905756572257 0.33380881333571893 15.500000000000002 1.5000000000000002 95.000000000000014 1.21764705882353 732.50000000000011 0.091259403071267925 -1.6631262321995923 -0.1348484848484848 -1.745034270028085 0.96148148148148149 782.50000000000011 22.500000000000004 0.30200873061773598 752.50000000000011 -0.26037633224328088 87.250000000000014 0.12500000000000003 -1.4833976833976832 9.5000000000000018 0.75000000000000011 -2.0571554312465454 1.6969565217391305 14.750000000000002 797.50000000000011 11.500000000000002 1.3333500000000003 4.5000000000000009 -0.22471042471042477 53.500000000000007 3.5000000000000004 7.0833500000000003
decision_type=2 2 2 2 2 2 2 2 2 2 2 2 2 2 2 2 2 2 2 2 2 2 2 2 2 2 2 2 2 2 2 2 2 2 2 2 2 2 2 2 2 2 2 2 2 2
left_child=1 3 4 5 12 6 27 9 38 -7 39 -12 13 14 -3 16 -15 24 19 -19 -21 -22 -20 -24 32 26 -6 28 -1 -30 -13 -32 37 -34 -8 -26 -33 -14 -9 43 -41 -35 -43 44 -4 -27
right_child=-2 2 10 -5 25 7 34 8 -10 -11 11 30 17 15 -16 -17 -18 18 22 20 21 -23 23 -25 35 45 -28 -29 29 -31 31 36 33 41 -36 -37 -38 -39 -40 40 -42 42 -44 -45 -46 -47
leaf_value=0.049498971885270533 0.030999939048348066 0.01401189375256416 -0.046926878795768165 -0.025257703593246653 0.019453255696831782 -0.0059075312970377969 -0.016272620739266518 -0.0072065813456388475 0.016920266999486844 0.041170043556594656 0.027099765521238779 -0.035658413462914922 -0.010002074597367305 0.032509312797650562 -0.035609634047526199 0.047937075958827277 -0.0090840746671098423 -0.0092248480365436144 0.015820633799276444 0.041227983033309046 -0.013633956444752569 0.030028720412585364 -0.045115530393406093 -0.0012510296266323813 0.028275750574714226 -0.014975326398755637 -0.024920975617991059 0.0014410305943081125 0.036265691317260415 0.0057561001341024185 0.023513891178939653 -0.042123557094570635 -0.032889184635345528 -0.013778902021166576 0.016253747456913409 -0.0065825885421193567 8.6685015314814413e-05 -0.043638120392849512 -0.035467048195614102 0.0081719242876391648 -0.032348479592186528 0.030466651482000451 -0.0045374336811233587 -0.049927506651011144 0.010931116287516128 -0.043934884048297339
leaf_weight=29.082750238478184 26.774327144026756 15.1433517113328 5.7578995712101442 18.286257177591324 12.675457648932936 16.330895602703094 20.80982456728816 25.712323762476444 20.201114870607853 16.388508714735508 10.932110033929346 17.919573057442904 18.011179268360138 26.105867959558964 15.762338712811468 17.271526955068111 21.885597050189972 25.983506057411432 14.115003764629362 25.430383931845427 23.685719545930624 19.888667300343513 13.949748009443278 19.936939492821697 14.977278731763361 12.524738248437645 12.462680984288452 17.591252326965332 22.975467331707478 29.674881726503372 11.256041839718817 9.5100276842713374 20.624812453985214 21.464568689465523 22.251531288027763 24.573278345167637 14.568326413631437 19.991600066423416 23.96442911028862 10.716864660382273 11.781280614435671 17.266827486455441 21.760761953890324 26.480186430737376 6.4410913549363613 18.516192823648453
leaf_count=139 137 84 89 89 81 84 133 128 106 80 79 148 89 130 82 90 111 132 69 128 125 105 94 115 76 75 80 88 107 136 64 80 118 116 98 127 123 105 119 88 79 87 124 271 97 125
internal_value=0 -0.00131474 -0.00534363 0.00753821 -0.00147538 0.0100789 0.0180278 -0.00102018 -0.0101469 0.0181944 -0.0192301 -0.00773888 0.00114871 0.0121282 -0.0116187 0.0233793 0.0137432 -0.00238003 0.00465254 0.0117874 0.0197182 0.00652159 -0.00941865 -0.0200838 -0.00870707 -0.0197529 -0.00265784 0.0255363 0.0306421 0.0194976 -0.0152583 -0.00421592 -0.0139335 -0.00691095 0.000522488 0.00698958 -0.0175996 -0.0283617 -0.0212705 -0.0309681 -0.0135205 0.00233715 0.0113235 -0.0405201 -0.0178641 -0.033082
internal_weight=0 842.641 579.371 263.269 454.008 244.983 142.386 102.597 69.8779 32.7194 125.363 64.1861 397.829 96.1687 30.9057 65.263 47.9915 301.66 142.99 94.9883 69.0048 43.5744 48.0017 33.8867 158.67 56.1791 25.1381 99.3244 81.7331 52.6503 53.254 35.3344 119.12 81.117 43.0614 39.5506 24.0784 38.0028 49.6768 61.1773 22.4981 60.4922 39.0276 38.6792 12.199 31.0409
internal_count=5030 4893 3586 1307 2468 1218 701 517 353 164 1118 494 2107 497 166 331 241 1610 768 490 358 230 278 209 842 361 161 470 382 243 415 267 639 445 231 203 203 194 247 624 167 327 211 457 186 200
is_linear=0
shrinkage=0.05


Tree=54
num_leaves=46
num_cat=0
split_feature=283 32 291 145 12 56 109 33 32 56 36 190 197 54 55 46 102 118 261 7 2 261 36 275 143 263 285 283 274 289 46 145 36 88 182 112 182 55 98 105 110 80 287 54 210
split_gain=12.5362 11.8099 9.06489 10.0619 16.0608 8.44363 8.35058 7.36698 7.03228 6.50949 5.51248 5.73425 7.56173 5.42268 5.39836 5.37659 6.33778 6.41952 6.24225 5.82995 6.26664 6.36627 12.7312 7.02423 5.57859 5.359 5.04242 4.96466 7.64496 5.66506 4.88596 4.62429 4.4919 6.67041 8.87644 4.27788 4.12688 3.90397 3.75535 3.73331 3.59968 3.32069 3.27589 2.79201 0.483045
threshold=-0.53589743589743577 1.992277992277993 0.96424010217113676 42.500000000000007 0.14583333333333334 16.500000000000004 161.25000000000003 0.76370656370656353 1.9111969111969114 8.2500000000000018 0.70244946413343545 4.3750000000000009 2.5000000000000004 807.50000000000011 792.50000000000011 152.50000000000003 7.5000000000000009 0.87500000000000011 5.0000000000000009 11.250000000000002 77.250000000000014 5.0000000000000009 1.1004978106279562 88.539443530289617 3.2500000000000004 89.080649237671722 10.437500000000002 -0.063508064516129017 -1.5804186771528415 0.029024409397335523 152.50000000000003 16.500000000000004 2.1106490820553021 0.87500000000000011 9.5000000000000018 115.00000000000001 50.500000000000007 787.50000000000011 0.62500000000000011 12.500000000000002 100.71430000000002 85.125000000000014 0.99999999971103604 812.50000000000011 2.5000000000000004
decision_type=2 2 2 2 2 2 2 2 2 2 2 2 2 2 2 2 2 2 2 2 2 2 2 2 2 2 2 2 2 2 2 2 2 2 2 2 2 2 2 2 2 2 2 2 2
left_child=5 2 3 4 9 8 27 38 14 -2 -6 12 13 40 36 39 -17 19 -19 20 -18 22 -22 -24 -21 -8 -13 28 31 -29 -3 35 33 -32 -35 -4 -1 -28 -5 -11 -12 -25 44 -44 -34
right_child=1 30 6 7 10 -7 25 -9 -10 15 11 26 -14 -15 -16 16 17 18 -20 24 21 -23 23 41 -26 -27 37 29 -30 -31 32 -33 42 34 -36 -37 -38 -39 -40 -41 -42 -43 43 -45 -46
leaf_value=0.050695119118447735 0.022711726884382902 0.0097251296287528561 0.0095684317047509924 0.044920115659028051 0.0097103732816386963 0.047895751728331139 0.0034379680431669973 -0.0093457661780252284 -0.012944078392963618 -0.0066828846866931694 -0.025977873860871345 -0.055060782106767174 0.018294896482891298 -0.043306700899346455 3.8449370900626182e-05 -0.027783749768582347 -0.014412621301500578 -0.034342461672983146 0.0063115279940432938 0.011953942628237986 -0.01756066926717954 0.037252347256435864 4.9443610039847753e-05 0.05233489039879128 -0.028805800259325765 -0.033628724080701715 -0.0056787253003144703 -0.024067820946530028 0.050121236732799224 0.014284658506199319 -0.032477887175083001 -0.0036355379034560572 -0.03070459357192894 -0.020901049173167457 0.041110038216028079 0.037681426993253532 0.013822197405024295 -0.039072331637699256 0.013199205557906733 -0.036612064650416887 0.0026027647603268349 0.020266790637798657 -0.033690083332290226 0.0015338515182952693 -0.051287440539658419
leaf_weight=14.755039662122728 28.068711794912815 12.555365603417156 31.82310838997364 16.848368175327778 13.4735608138144 16.480496093630791 25.293626844882965 19.600114114582539 23.920063234865665 29.059052668511868 20.247871644794941 20.254245407879353 13.928449749946592 18.725288856774569 21.909369669854641 16.484327752143145 17.69023584574461 18.827145427465439 17.523560971021652 14.319819793105124 27.531289659440517 28.005744129419327 20.563000038266182 16.926746919751167 17.912622030824423 14.704739432781933 17.577575076371431 14.341755151748655 17.54434897005558 24.855118192732334 16.596229981631041 24.976100139319897 11.627484077587726 11.22913631051779 9.9974093623459321 23.831664279103279 16.660570248961449 17.256312057375908 22.12728625535965 15.770933270454405 22.538179211318493 18.502894084900618 10.791415587067606 10.599557783454655 16.164069935679436
leaf_count=80 138 78 157 81 78 82 157 101 113 151 118 125 99 143 106 95 105 95 83 80 148 133 104 82 95 83 132 101 83 122 129 119 126 117 60 113 81 149 108 78 147 100 78 83 165
internal_value=0 -0.00282779 -0.000419435 -0.00392731 -0.00657555 0.0164514 0.00923439 0.01535 0.00921624 0.000272423 -0.0201403 -0.023272 -0.0140219 -0.0215153 0.019212 -0.00223627 0.00108324 0.00361658 -0.0151001 0.00789763 0.0126298 0.0170091 0.00986103 0.0234157 -0.0108828 -0.0106769 -0.0354636 0.0150672 0.0210212 2.21206e-06 -0.018801 0.014153 -0.0229812 -0.00965892 0.00884088 0.0220592 0.03217 -0.0228503 0.0276922 -0.0177809 -0.011207 0.0366036 -0.0328298 -0.0169471 -0.0440415
internal_weight=0 766.694 667.134 489.763 431.188 93.7255 177.37 58.5758 77.245 287.186 144.001 130.528 75.4398 61.5113 53.325 259.117 214.287 197.803 36.3507 161.452 129.22 111.53 83.5239 55.9926 32.2324 39.9984 55.0881 137.372 98.1752 39.1969 99.5607 80.6309 87.0053 37.8228 21.2265 55.6548 31.4156 34.8339 38.9757 44.83 42.7861 35.4296 49.1825 21.391 27.7916
internal_count=5001 4539 3703 2768 2478 462 935 290 380 1487 991 913 507 408 267 1349 1120 1025 178 847 672 567 434 286 175 240 406 695 472 223 836 389 758 306 177 270 161 281 189 229 265 182 452 161 291
is_linear=0
shrinkage=0.05


Tree=55
num_leaves=47
num_cat=0
split_feature=32 301 282 288 143 291 14 123 8 88 301 155 79 102 235 288 29 56 72 73 97 58 286 155 182 29 107 33 138 283 98 8 288 32 88 148 190 282 301 94 283 108 97 12 56 56
split_gain=10.2312 10.3057 9.57985 8.02819 7.73483 7.88278 8.66787 10.0549 7.21021 6.70923 6.51251 6.39691 7.73287 5.80947 5.74947 7.16498 5.30081 7.96026 6.01765 5.62155 5.41943 5.32233 5.27148 9.08279 5.57993 5.19927 4.88875 4.8582 4.71451 7.52013 4.55313 4.93478 4.44941 5.22484 4.42652 4.34136 4.29848 4.27395 7.00427 4.27025 4.00119 3.84284 3.21294 3.1744 2.96179 2.64523
threshold=1.9220077220077225 -6.3716612231832356e-15 -2.2499999999999996 -0.18492532721306487 64.250000000000014 0.96424010217113676 0.15277777777777782 5.5000000000000009 42.500000000000007 1.0000000180025095e-35 9.8720192791393853e-09 8.5000000000000018 76.58335000000001 11.500000000000002 16.500000000000004 -0.61237985104942771 1.114285714285715 9.2500000000000018 81.250000000000014 73.250000000000014 9.8125000000000018 18.500000000000004 0.2140392969093782 45.500000000000007 60.500000000000007 0.34285714285714336 91.875000000000014 -1.5305019305019305 22.500000000000004 -0.063508064516129017 1.2916500000000004 97.500000000000014 -0.13398594226331254 2.272586872586873 1.1250000000000002 6.5000000000000009 1.0000000180025095e-35 -3.7499999999999996 -3.8050369380101818e-09 61.500000000000007 -0.1348484848484848 6.2500000000000009 7.0625000000000009 0.062500000000000014 15.500000000000002 12.250000000000002
decision_type=2 2 2 2 2 2 2 2 2 2 2 2 2 2 2 2 2 2 2 2 2 2 2 2 2 2 2 2 2 2 2 2 2 2 2 2 2 2 2 2 2 2 2 2 2 2
left_child=2 3 14 -2 5 6 9 -8 32 -4 28 12 26 42 37 -16 17 -13 -18 -19 21 43 -21 40 -25 -14 -11 -12 29 41 31 -15 -3 -34 -17 -10 -31 -1 -39 -5 -24 -7 -9 -20 -35 -40
right_child=1 8 4 39 -6 10 7 13 35 11 27 16 25 30 15 34 18 19 20 22 -22 -23 23 24 -26 -27 -28 -29 -30 36 -32 -33 33 44 -36 -37 -38 38 45 -41 -42 -43 -44 -45 -46 -47
leaf_value=0.045021636654587686 0.028069439988950246 -0.04986468446261963 0.022101350714221549 0.010164910841003448 0.031961021654229649 0.017955403496120983 0.02065134508031876 -0.022282758549574982 0.021832072373029698 0.010538210835739296 0.013821806418772202 0.024625159717379792 0.0028395123688768845 -0.0020242838036145842 0.028913234682027129 0.0069826831709741731 -0.040241546237616818 0.01920709990430931 -0.010963801097448574 0.016959577173390684 0.011229578915748203 0.0051698386486676521 -0.012600520431395604 0.020787072591322318 -0.017307661093540188 0.034501024630792861 -0.026932934893729329 -0.022248990019821457 -0.0040237675355857504 0.0199383443180444 0.010926841567715714 -0.044037694518958531 0.0028247008266907726 -0.053184694548271433 -0.028277526213122933 -0.020362098048952407 -0.016283856547628508 -0.0074394529644046525 0.012960418744418931 -0.022534479202081206 -0.04283811419720096 0.046503661601310552 -0.053890840565968212 -0.044556512262011447 -0.015840798602749073 0.039345289322329349
leaf_weight=17.098819077014923 20.816543363034725 22.358939275145531 28.360689494758844 15.91736079007387 17.296790324151516 25.204100914299488 13.47730642557144 17.790779534727335 11.18490735255182 15.259065620601175 14.260614380240439 23.551808133721352 23.431918546557426 13.909533429890873 15.352157160639761 16.773833014070988 20.205158915370703 16.770047158002853 12.90726248919964 13.247948884963987 20.986563600599766 14.897864036262034 19.939564183354378 19.074439112097025 17.461479358375072 28.579706650227308 18.055068925023079 23.409551128745079 23.73909867182374 15.079794369637968 14.018906153738497 13.256531003862618 14.284442102536557 10.906248670071365 17.226282797753811 11.201210189610718 15.700532879680393 19.845814757049084 18.105505436658859 23.860926300287247 26.750586159527302 25.138884365558624 18.42543163523078 17.033999424427748 11.787753736600278 22.921613685786724
leaf_count=92 99 210 148 75 84 123 80 144 92 75 80 115 123 96 76 86 121 84 66 71 110 96 100 92 83 154 106 153 120 73 92 78 124 116 84 91 100 96 89 123 147 118 149 126 149 112
internal_value=0 -0.0119714 0.00266478 0.00363851 -3.96344e-05 -0.00106511 -0.00446113 -0.0180726 -0.0234496 -0.000742565 0.00907816 -0.00290968 0.00866529 -0.0249927 0.0150407 0.00161877 -0.00736093 -0.0012143 -0.0170083 -0.00675675 -0.00938141 -0.0190627 -0.0114208 -0.0160861 0.00260454 0.0205597 -0.00996288 -0.00858953 0.0154462 0.0211233 -0.0117079 -0.0233617 -0.0324411 -0.0208704 -0.0111795 0.000751708 0.00153099 0.0234081 0.0167074 -0.00952136 -0.0304598 0.0328391 -0.0393797 -0.0308975 -0.0352747 0.0282869
internal_weight=0 142.318 714.545 60.5948 587.221 569.924 427.392 90.8785 81.7235 336.513 142.533 308.152 85.3258 77.4012 127.324 49.3523 222.827 136.796 86.0308 113.244 65.8257 44.8391 96.474 83.2261 36.5359 52.0116 33.3141 37.6702 104.862 81.1233 41.185 27.1661 59.3374 36.9784 34.0001 22.3861 30.7803 77.9718 60.8729 39.7783 46.6902 50.343 36.2162 29.9413 22.694 41.0271
internal_count=5021 1079 3942 297 3307 3223 2456 639 782 1817 767 1669 458 559 635 246 1211 692 519 577 398 288 493 422 175 277 181 233 534 414 266 174 599 389 170 183 173 389 297 198 247 241 293 192 265 201
is_linear=0
shrinkage=0.05


Tree=56
num_leaves=47
num_cat=0
split_feature=9 282 301 29 36 263 273 2 262 102 47 158 49 285 7 57 34 260 54 210 98 58 277 277 41 221 31 99 285 231 297 34 156 57 148 58 176 44 91 52 204 158 231 289 29 277
split_gain=12.322 9.91969 10.8721 8.28452 6.90053 6.8416 6.89483 6.09476 7.22754 9.79549 10.5933 6.84919 6.56306 7.62402 11.0351 7.363 7.88399 6.53273 9.16945 7.18632 7.24121 5.93019 6.11163 5.88649 5.8125 5.27835 5.47553 6.13966 6.94116 5.19201 5.18127 4.76689 4.70126 4.68712 4.31012 4.24289 6.64398 3.7972 3.52845 3.52558 2.72602 2.62453 2.53978 2.21669 0.584813 0.187705
threshold=2.2500000000000004 0.75000000000000011 0.019894109752758359 1.21764705882353 0.87705631117922545 91.821823283353339 92.019423152810432 72.750000000000014 5.0000000000000009 8.5000000000000018 -2.8120806127500226 20.500000000000004 0.72427064191770096 15.937500000000002 14.250000000000002 16.500000000000004 0.13981153981153979 4.06601146887908 742.50000000000011 1.0000000180025095e-35 0.7916500000000003 6.5000000000000009 -1.8515652631348185 -1.7033157569814636 11.500000000000002 6.5000000000000009 0.67565217391304355 10.875000000000002 10.562500000000002 45.500000000000007 6.2500000000000009 -0.16597996597996609 3.5000000000000004 12.250000000000002 10.500000000000002 16.500000000000004 1.2500000000000002 12.500000000000002 68.500000000000014 0.75666666666666671 3.5000000000000004 9.5000000000000018 7.5000000000000009 -0.7614016681079937 2.8714285714285719 -1.650332340740676
decision_type=2 2 2 2 2 2 2 2 2 2 2 2 2 2 2 2 2 2 2 2 2 2 2 2 2 2 2 2 2 2 2 2 2 2 2 2 2 2 2 2 2 2 2 2 2 2
left_child=1 2 5 4 -3 6 7 -1 17 29 -11 12 -12 14 15 16 38 21 43 -20 -21 22 -9 25 35 26 -23 28 33 -10 -30 -7 -6 -28 -4 37 -37 -2 -14 -34 -25 -26 -5 -19 -44 -41
right_child=24 3 34 42 32 31 -8 8 9 10 11 -13 13 -15 -16 -17 -18 18 19 20 -22 23 -24 40 41 -27 27 -29 30 -31 -32 -33 39 -35 -36 36 -38 -39 -40 45 -42 -43 44 -45 -46 -47
leaf_value=-0.027583537151783556 0.026839969932951308 0.014431016690858875 -0.04903130203412133 -0.016413608574382742 0.0056736206871917279 -0.040295866414545863 0.033221783796605418 -0.010697152219231371 -0.02707153280872969 0.049430405271680751 -0.0062531785413619222 -0.016291252967019724 0.055003957288504685 0.044857685658259532 -0.023199453306204102 -0.0072409600266568896 0.0039833635318609261 -0.0015315909846634287 -0.012199544324422416 0.0080321566733222074 0.045910736708844879 -0.029839016020719686 0.033528231613810799 -0.037472661435746214 0.045100388381270055 0.014741077035621409 -0.014555560408894528 0.019095586108847037 -0.042154825039594744 0.0077087588337688062 -0.0036807287536866524 -0.00027231108772883425 -0.011354863164900411 0.021533766882995055 -0.0090706022439161205 -0.023354449032241976 0.017121684500872227 -0.0015250849799557837 0.023848220660332042 -0.051036428232786646 -0.01248182436633336 0.016680957713388834 -0.055421330962032271 -0.029029259653514623 -0.030720182776057314 -0.029615932123812163
leaf_weight=17.424226243048906 30.581450164318085 23.261861596256495 14.508577018976213 11.565519316121934 14.659901000559328 15.975955735892059 15.788193143904207 14.36279868707061 25.658992279320955 17.123645521700382 34.345436632633209 22.182140968739986 21.000956460833549 21.32072564586997 17.21570560708642 18.918592140078545 22.741053063422441 14.449813414365055 14.749796982854603 26.290891837328672 24.214301854372025 27.186764128506184 15.212102442979811 25.395210966467857 16.072246141731739 23.97987924143672 16.124204874038696 20.281097747385502 20.841748546808958 17.355433523654938 14.945550609380005 13.267495676875113 18.613755531609055 18.025199711322784 12.921942528337238 21.9443494156003 17.224422968924046 18.671574868261814 20.044091023504734 9.1842850521206838 21.086622174829245 19.172659501433372 13.246355490759017 14.122714437544344 9.0411355495452863 8.2699249070137792
leaf_count=108 154 125 161 135 124 103 96 85 135 79 158 109 103 106 93 91 110 79 84 144 127 154 76 151 84 137 91 100 138 88 90 76 80 92 119 103 86 99 96 92 124 104 148 81 103 74
internal_value=0 -0.00334059 -0.000962612 -0.0172938 -0.00770835 0.000441627 0.00164299 0.000706073 0.00165215 0.00819556 0.012957 0.00918683 0.0129001 0.0183327 0.0122844 0.0198596 0.0278852 -0.00335929 0.0076139 0.0178805 0.0267315 -0.00810749 0.0124031 -0.011385 0.0136387 -0.00621876 -0.0105881 -0.00452345 -0.0115454 -0.0131821 -0.026624 -0.0227469 -0.0179433 0.00456428 -0.0311878 0.00664071 -0.00557199 0.0162705 0.0407183 -0.0274366 -0.0266371 0.0305274 -0.0374218 -0.0156451 -0.0471505 -0.043042
internal_weight=0 746.905 639.062 107.843 73.9897 611.631 582.388 566.6 549.175 237.907 194.892 177.769 155.587 121.241 99.9204 82.7047 63.7861 311.269 93.8275 65.255 50.5052 217.441 29.5749 187.866 123.667 141.384 117.405 90.2178 69.9367 43.0144 35.7873 29.2435 50.7279 34.1494 27.4305 88.4218 39.1688 49.253 41.045 36.068 46.4818 35.2449 33.853 28.5725 22.2875 17.4542
internal_count=5095 4465 3584 881 495 3304 3125 3029 2921 1168 945 866 757 599 493 400 309 1753 515 355 271 1238 161 1077 630 802 665 511 411 223 228 179 370 183 280 442 189 253 199 246 275 188 386 160 251 166
is_linear=0
shrinkage=0.05


Tree=57
num_leaves=46
num_cat=0
split_feature=282 31 80 259 101 31 13 66 212 297 74 287 183 278 116 279 279 276 220 33 35 102 14 220 55 145 36 260 55 198 55 283 88 58 157 63 275 35 32 29 286 56 235 146 212
split_gain=9.43546 11.736 8.02765 7.36876 6.98169 6.90387 6.32221 7.62689 6.8116 6.70159 6.16218 6.97271 6.86665 5.89616 6.98262 9.81789 6.52539 6.44951 6.17255 6.21104 5.9463 6.75159 6.51278 6.91546 5.78323 5.67422 9.75591 7.0688 5.5242 6.30591 5.48947 5.42221 5.0697 4.5006 4.26585 3.79388 3.63097 3.58028 3.54679 3.47118 3.11662 2.98514 2.72724 2.30365 1.63037
threshold=-2.2499999999999996 1.4360869565217393 85.125000000000014 -8.5234945966201909 12.500000000000002 0.44608695652173924 12.500000000000002 1.0000000180025095e-35 0.83335000000000015 5.2500000000000009 5.7500000000000009 0.99998314461751059 1.5000000000000002 90.889403232817997 95.000000000000014 -1.8048306646980929 -0.51651837677616497 88.847901418838219 9.5000000000000018 -0.038610038610038637 0.52243118397129218 13.500000000000002 0.23611111111111113 2.5000000000000004 752.50000000000011 2.5000000000000004 1.3747346994256906 1.1013091800326638 762.50000000000011 8.3750000000000018 832.50000000000011 -0.15587044534412953 0.87500000000000011 11.500000000000002 11.500000000000002 82.750000000000014 92.884617013213472 0.48065123467383375 1.9675675675675679 -0.34285714285714292 0.43309120005120405 12.250000000000002 5.5000000000000009 8.5000000000000018 1.1250000000000002
decision_type=2 2 2 2 2 2 2 2 2 2 2 2 2 2 2 2 2 2 2 2 2 2 2 2 2 2 2 2 2 2 2 2 2 2 2 2 2 2 2 2 2 2 2 2 2
left_child=4 2 13 37 5 -1 7 -7 -9 -10 44 30 -13 14 20 17 18 28 19 42 21 22 23 40 -4 27 -27 31 -16 -30 39 -22 -25 -33 -14 -23 43 -3 -32 -12 -2 -6 -17 -26 -5
right_child=1 3 24 10 41 6 -8 8 9 -11 11 12 34 -15 15 16 -18 -19 -20 -21 25 35 -24 32 36 26 -28 -29 29 -31 38 33 -34 -35 -36 -37 -38 -39 -40 -41 -42 -43 -44 -45 -46
leaf_value=0.029638464988658145 -0.02398010692443742 -0.01293117568439927 0.008750942086904568 -0.023941730746651912 0.042201612468130589 -0.015253133661936561 -0.023894965114125585 -0.0077872693221788308 0.0040515023881996376 0.038570259691790024 -0.0093045883752569947 -0.026967015635711251 0.026057464081167742 0.032103332906419431 -0.028524135948575887 0.025650460737060572 -0.0077915499359496078 0.021544656397580412 0.0012050614064525972 0.011381893205272591 0.02685583176315855 0.0057916801305542935 -0.03292456894196271 -0.003753532908193627 -0.048218583643314543 -0.045691134226937241 0.0010425635529909987 -0.029634176071095114 -0.017619861043729871 0.01865489095491291 0.020019151983778308 0.01234097474229889 0.030238893508707995 -0.024143749761411513 -0.010619138526184017 0.039359110872364295 -0.0028120906151899907 0.020539441958780599 -0.026286136590090593 -0.051451762818792102 0.0032624405496189755 0.012642424652675822 0.054353730598286867 -0.019880953649225749 -0.053657173970415896
leaf_weight=23.466196157038212 22.950593426823616 13.010615080595018 17.159006185829639 10.509940948337318 19.612076118588448 31.191440343856812 20.853396564722061 25.496581397950649 25.933239914476871 30.40146204829216 6.9369476884603527 16.12495207041502 19.587965253740553 15.991738490760325 24.774279214441776 16.567215166985989 17.664439179003239 19.952027186751366 20.646210424602032 23.629046935588121 19.289883844554424 17.27853399515152 14.353744421154259 18.493963219225407 14.515916641801594 24.951364889740944 19.525813467800617 17.122586853802204 23.141331225633621 22.78423348069191 7.1511373668909055 15.979107752442362 25.260328978300095 15.938221890479324 12.174784101545809 16.203121520578861 13.681847609579561 17.787247598171234 7.4191192351281643 20.950085364282131 18.311687141656876 16.624979242682457 25.487956874072552 17.980157013982534 14.408397953957317
leaf_count=133 129 90 105 86 102 142 119 120 121 136 57 146 124 97 134 85 91 107 102 127 92 86 95 100 100 127 101 86 125 117 57 81 129 83 86 87 92 99 121 274 99 86 125 110 119
internal_value=0 -0.00265435 0.000873135 -0.0151245 0.00986007 0.00521579 0.000746909 0.00546318 0.0134484 0.0230276 -0.0208916 -0.0145229 -0.00133456 0.00319805 0.00207786 0.00912794 0.0195373 -0.00289639 0.0251543 0.0325512 -0.00352261 0.00363853 -0.00294846 0.00243648 -0.0156656 -0.0119141 -0.0256029 -0.00276302 -0.00999812 0.00039052 -0.029025 0.00661763 0.0161082 -0.00605801 0.0121042 0.0227067 -0.0247316 0.00643772 -0.00373322 -0.0416526 -0.0120991 0.029344 0.0439047 -0.0336009 -0.0425312
internal_weight=0 665.696 519.634 146.061 193.579 157.342 133.876 113.023 81.8313 56.3347 115.263 90.345 47.8877 456.297 440.306 194.647 103.995 90.6519 86.3304 65.6842 245.659 132.852 99.3703 85.0166 63.3369 112.807 44.4772 68.3298 70.6998 45.9256 42.4573 51.2072 43.7543 31.9173 31.7627 33.4817 46.1779 30.7979 14.5703 27.887 41.2623 36.2371 42.0552 32.4961 24.9183
internal_count=5030 4071 2812 1259 959 771 638 519 377 257 1070 865 356 2405 2308 1013 530 483 439 337 1295 725 552 457 407 570 228 342 376 242 509 256 229 164 210 173 302 189 178 331 228 188 210 210 205
is_linear=0
shrinkage=0.05


Tree=58
num_leaves=49
num_cat=0
split_feature=16 290 283 48 274 144 284 80 58 285 150 29 74 105 193 29 156 220 11 110 30 287 198 74 182 139 284 30 301 301 32 12 283 31 98 56 289 31 202 227 80 272 289 9 286 55 197 42
split_gain=9.71691 9.73329 8.42991 7.47368 7.47282 7.96373 8.07444 6.90205 6.80309 6.28109 13.1095 6.97026 6.83547 5.957 5.84936 6.0516 6.07883 5.67967 6.72053 6.08201 5.63119 6.83642 7.79979 5.79855 5.736 5.27252 6.31995 5.22544 5.19187 5.91356 5.40076 6.03729 5.15649 9.3573 5.01024 4.97539 4.92928 4.84101 4.3944 4.12876 3.80922 2.92048 3.29614 4.35259 2.33917 1.92797 1.27661 0.0221787
threshold=0.12500000000000003 9.5000000000000018 0.07417582417582419 1.624418739827947 -1.674144014514469 39.500000000000007 1.804761904761905 83.125000000000014 9.5000000000000018 12.312500000000002 60.500000000000007 -1.1999999999999993 8.2500000000000018 13.500000000000002 1.7500000000000002 0.34285714285714314 10.500000000000002 6.5000000000000009 1.0000000180025095e-35 106.25000000000001 0.56643356643356668 0.99999999734115697 16.125000000000004 6.2500000000000009 24.500000000000004 1.5000000000000002 2.1483516483516487 1.096323031806903 8.7207087463446854e-07 1.3385579841645278e-12 1.0247104247104251 0.14583333333333334 -0.14550264550264547 1.174053295932679 0.7916500000000003 14.750000000000002 -0.39036009226888674 1.1285832689471098 11.500000000000002 21.500000000000004 79.875000000000014 -2.09403654287815 0.50370931781787065 0.75000000000000011 0.40388804574403397 817.50000000000011 1.0000000180025095e-35 8.5000000000000018
decision_type=2 2 2 2 2 2 2 2 2 2 2 2 2 2 2 2 2 2 2 2 2 2 2 2 2 2 2 2 2 2 2 2 2 2 2 2 2 2 2 2 2 2 2 2 2 2 2 2
left_child=3 2 4 32 7 6 39 14 13 10 20 -11 17 27 -2 16 -16 18 -13 -19 21 -5 -23 38 -25 35 40 -3 29 30 -9 -32 33 -1 -20 -10 -34 -8 -22 -6 -27 -4 43 -43 -33 -14 -17 -48
right_child=1 8 41 9 5 -7 37 28 25 11 -12 12 45 -15 15 46 -18 19 34 -21 23 22 -24 24 -26 26 -28 -29 -30 -31 31 44 36 -35 -36 -37 -38 -39 -40 -41 -42 42 -44 -45 -46 -47 47 -49
leaf_value=0.028209731903653487 0.0038791242637082699 0.021822866559362542 -0.052276840044996942 -0.013461029386042253 0.0017608810882245155 0.034575382794462407 0.031991435349229838 -0.027608887107294651 0.028949205870561819 0.036656482140810617 0.029779312435502983 0.032490580130495404 0.00055416678086626133 0.042761932446117638 -0.036959643395605715 -0.026366359220955524 0.00086258136938486781 0.010115265802481344 -0.017431783049406489 0.05118929798376725 -0.0090641536006892641 0.045865659776405825 0.0017948715909624276 -0.017552291976049125 0.018077943528639544 -0.045006502618261418 0.012201863690127341 -0.016775588546368781 -0.03072598586265551 0.031823454960242192 0.018887904141598508 0.00070706716911236801 -0.046777580826199365 -0.022655470263454575 0.015364352725228115 -0.009948405737935654 -0.0073839904675115538 -0.0059162552175088777 -0.039993973462539238 -0.035979821555090837 -0.010607968391322505 -0.033365486993429318 -0.044440409781574562 0.0087661764376544132 -0.033462228717356761 -0.026953293532410324 -0.055099742451710301 -0.036888506526419743
leaf_weight=17.462400414049625 19.331151625141501 22.151949733495712 10.936701245605944 25.171194635331631 11.727079872041942 17.62566090747714 16.959703098982573 16.202596049755812 17.959239538758997 30.259647406637669 33.582579471170902 16.96096482872963 12.638786345720293 17.293231055140495 15.808049477636812 16.800020379945636 28.751675937324762 18.271807208657265 26.384766187518835 18.049710813909769 24.202225491404533 15.558457553386686 25.72008615732193 20.85521449521184 22.38136962801218 13.675136834383009 15.571914851665495 13.205323878675697 12.442075625061987 13.445998597890137 29.381420612335205 9.8625001758337039 13.028579913079737 16.736073940992355 19.296263482421637 13.817264733836053 19.361843597143888 15.359126657247542 22.251452829688787 17.595622330904007 19.695679616183043 10.207624332979323 10.033387282863258 12.826075930148361 9.0932315886020643 11.762562934309242 12.184299983084204 12.767935547977684
leaf_count=104 112 117 134 125 72 91 83 105 107 151 159 80 85 81 99 107 152 89 140 86 114 79 123 102 105 83 83 108 106 85 148 93 72 86 104 108 108 96 109 130 125 148 103 86 70 75 90 74
internal_value=0 -0.00556291 -0.0102915 0.0050511 -0.00698311 0.00591904 -0.00269604 -0.0122027 0.00575154 0.00802461 0.00191745 0.0155056 0.0100646 0.0195561 -0.0208203 -0.0263332 -0.013072 0.015887 0.00656855 0.0313514 -0.00422645 0.00674773 0.0190977 -0.0123418 0.000883386 -0.00338183 -0.0135717 0.00734211 -0.00201759 0.00289365 -0.00352709 0.0049411 -0.0101729 0.00338084 -0.0035459 0.012248 -0.0241559 0.0143394 -0.0244102 -0.0213258 -0.0256036 -0.0303772 -0.0218121 -0.0105163 -0.0165397 -0.0132448 -0.0398494 -0.0475616
internal_weight=0 452.712 319.342 409.936 275.338 79.2672 61.6415 196.071 133.37 343.347 189.723 153.625 123.365 52.6505 105.643 86.312 44.5597 98.9635 62.642 36.3215 156.14 66.4497 41.2785 89.6903 43.2366 80.7192 48.9427 35.3573 90.4278 77.9857 64.5397 48.3372 66.5889 34.1985 45.681 31.7765 32.3904 32.3188 46.4537 29.3227 33.3708 44.0038 33.0671 23.0337 18.9557 24.4013 41.7523 24.9522
internal_count=5092 2996 2184 2096 1713 472 381 1241 812 1726 916 810 659 306 634 522 251 499 324 175 757 327 202 430 207 506 291 225 607 501 416 311 370 190 244 215 180 179 223 202 208 471 337 234 163 160 271 164
is_linear=0
shrinkage=0.05


Tree=59
num_leaves=45
num_cat=0
split_feature=282 31 141 279 273 283 108 74 286 44 93 109 274 274 78 226 31 18 287 7 99 279 146 192 285 16 285 32 29 107 286 13 227 155 118 279 5 287 31 235 287 8 88 39
split_gain=8.21729 10.164 9.07535 8.89808 8.82066 7.77141 7.15151 7.42191 6.65658 6.59113 6.51488 6.32064 6.64889 7.09963 8.33621 6.94608 6.29671 6.25206 5.84774 5.64165 5.56108 5.53434 5.31565 5.32865 6.7784 4.98861 4.82858 7.02482 4.58466 4.45397 4.31733 4.2326 4.10545 4.1039 4.86246 7.32449 4.01753 4.61381 4.13378 3.61676 3.13025 2.91924 1.76449 0.765969
threshold=-1.7499999999999998 1.3988944572912312 39.500000000000007 -1.7027714227364688 89.04919693036986 0.30217391304347835 11.250000000000002 6.2500000000000009 0.16790451345650584 17.500000000000004 64.500000000000014 86.250000000000014 -2.3523137245803714 -2.1055473993970142 0.95835000000000303 5.5000000000000009 0.51391304347826094 0.10416666666666667 0.9999998542287577 7.2500000000000009 12.375000000000002 -1.5605075689919112 17.500000000000004 27.750000000000004 10.812500000000002 0.12500000000000003 11.781250000000002 1.0849420849420854 -1.6285714285714279 101.87500000000003 0.43309120005120405 17.500000000000004 61.500000000000007 5.5000000000000009 0.14584999999999984 -1.2597968136596258 87.250000000000014 1.601097448437065e-09 1.9330434782608699 8.2500000000000018 0.99999995769470262 37.500000000000007 0.87500000000000011 0.63068181818181823
decision_type=2 2 2 2 2 2 2 2 2 2 2 2 2 2 2 2 2 2 2 2 2 2 2 2 2 2 2 2 2 2 2 2 2 2 2 2 2 2 2 2 2 2 2 2
left_child=6 2 3 11 5 19 7 10 25 -4 -1 17 26 42 15 -15 -8 -2 30 -5 36 -21 23 24 -18 -3 -13 -28 -12 -30 -9 33 -11 -23 -35 -36 37 38 -10 -19 -38 43 -14 -39
right_child=1 8 9 4 -6 -7 16 18 20 32 28 12 13 14 -16 -17 22 39 -20 21 -22 31 -24 -25 -26 -27 27 -29 29 -31 -32 -33 -34 34 35 -37 40 41 -40 -41 -42 -43 -44 -45
leaf_value=0.027273477275776781 0.019276779943053827 0.03147789837415723 0.033075803637259558 0.0387229229518289 -0.028742545940501692 -0.02108737272518876 0.023407738537298065 -0.0077083598274793608 -0.031779105673199526 0.018527529987455989 0.019748819629622497 -0.021473158041177026 -0.025331515419877139 0.0032039125040659376 0.013067359131790369 -0.040920729473936136 -0.036202434935659236 0.0053727057523671896 0.042375381291225755 0.036128483219919474 0.011082947244160505 0.025443277116890733 -0.027872755746801765 0.015609438595559345 0.0043923831588055717 -0.011692374996195989 0.02703381242013075 -0.014698722362355794 -0.023513494865540264 0.0048525262840937071 0.027082149355638081 -0.015171823834548568 -0.016317552373101153 -0.019655292429420698 -0.014356169602725431 0.025065239382965367 -0.027095914272785883 -0.05633007232496523 0.01638677420779586 -0.031451294640944996 0.0067169550402041535 -0.020894242959831569 -0.050211374034149582 -0.031678668359345775
leaf_weight=23.21455941349268 31.275807112455368 10.549908116459848 32.246652618050575 17.484654609113932 16.135475803166628 18.18189686909318 18.590785600244999 15.053778026252983 8.2809825558215362 15.967461608350277 16.254228316247463 19.005515895783901 16.735208261758089 13.514689017087219 21.021830633282661 24.469702214002609 16.262876145541668 12.539856582880022 30.865306213498116 15.48434444516897 10.89881134405732 27.419694270938635 23.342678271234035 28.461267225444317 24.970491964370012 15.038762288168071 21.687644418329 17.286830488592386 27.526606768369675 26.323541335761547 19.676406159996986 20.254224099218845 15.850090026855469 17.004659481346607 17.831345159560438 30.998502075672153 11.662031726911666 20.758103996515278 7.6885307412594548 12.659997142851351 14.222642082720993 15.192714972421525 20.059616547077894 9.5583150554448348
leaf_count=125 144 71 152 89 109 99 97 79 109 81 78 109 108 69 124 150 82 74 148 81 66 138 118 137 132 158 123 116 139 137 103 116 82 88 93 155 103 223 117 88 101 119 118 81
internal_value=0 -0.00325279 0.000213608 -0.0026569 0.0054609 0.00896587 0.00728644 0.014067 -0.0158905 0.0175069 0.00490881 -0.00963002 -0.0148578 -0.0228785 -0.0117982 -0.0255419 -0.00240556 0.00461577 0.0268264 0.012814 -0.0217603 0.00903124 -0.00775766 -0.000721582 -0.0120967 0.0066207 -0.00144186 0.00861901 -0.0027765 -0.00981168 0.0122085 0.00505152 0.00120097 0.00955827 0.00266056 0.0106704 -0.0259366 -0.0328273 -0.0089905 -0.0136214 -0.00895825 -0.0408187 -0.039865 -0.0498176
internal_weight=0 578.967 455.116 391.051 180.795 164.659 270.543 158.914 123.851 64.0642 93.3189 210.257 153.781 95.801 59.0062 37.9844 111.628 56.4757 65.5955 146.477 98.2621 128.993 93.0373 69.6946 41.2334 25.5887 57.98 38.9745 70.1044 53.8501 34.7302 113.508 31.8176 93.2542 65.8345 48.8298 87.3633 61.4786 15.9695 25.1999 25.8847 45.5091 36.7948 30.3164
internal_count=5029 3654 2506 2191 968 859 1375 809 1148 315 479 1223 917 569 343 219 566 306 330 760 919 671 469 351 214 229 348 239 354 276 182 590 163 474 336 248 853 649 226 162 204 423 226 304
is_linear=0
shrinkage=0.05


Tree=60
num_leaves=51
num_cat=0
split_feature=9 39 31 44 301 301 138 1 14 211 260 283 36 137 263 79 31 117 10 34 56 36 227 285 98 46 204 56 34 117 103 34 285 99 283 41 123 287 285 92 29 283 31 36 71 116 157 55 259 235
split_gain=10.1788 8.97791 8.96733 8.73054 11.6263 8.3749 8.10509 7.60428 7.70904 6.22145 7.0362 6.0746 9.12338 7.76648 6.50399 8.83431 6.64299 7.76281 6.95327 5.34601 5.14599 5.11411 4.73075 5.36562 5.08823 4.44249 3.96756 3.8157 3.79249 8.82771 5.22233 4.08072 3.66112 4.43182 3.61314 3.59776 3.24839 3.13799 3.1337 2.67566 2.47673 2.4428 2.40727 2.35225 2.20946 5.75909 2.19023 1.90713 1.14385 0.855884
threshold=3.2500000000000004 0.41428571428571431 1.3619943034764403 12.500000000000002 0.0066143426162365614 2.5728268421168418e-15 47.500000000000007 78.500000000000014 0.15277777777777782 1.5000000000000002 2.2726159463500806 -0.63961038961038952 2.1353684448540169 41.500000000000007 87.925204075917847 85.875000000000014 0.37304347826086975 6.8125000000000009 0.12500000000000003 -1.2007668007668004 10.500000000000002 1.0406476332089791 27.500000000000004 13.156250000000002 0.62500000000000011 187.50000000000003 5.5000000000000009 16.500000000000004 0.10764370764370747 7.3958250000000012 5.5000000000000009 -0.87397467397467399 15.312500000000002 8.6250000000000018 -0.1348484848484848 8.5000000000000018 6.5000000000000009 0.99999999999914913 10.312500000000002 67.500000000000014 -1.0000000180025095e-35 -0.3141447368421052 0.79514589782572864 1.4833899732862526 81.500000000000014 95.000000000000014 14.250000000000002 792.50000000000011 -4.4630762439356308 1.5000000000000002
decision_type=2 2 2 2 2 2 2 2 2 2 2 2 2 2 2 2 2 2 2 2 2 2 2 2 2 2 2 2 2 2 2 2 2 2 2 2 2 2 2 2 2 2 2 2 2 2 2 2 2 2
left_child=1 2 9 11 6 46 7 42 21 19 -11 -3 13 14 16 26 18 -18 -13 38 39 -9 23 -21 -24 32 44 -14 29 -23 -30 -31 33 -22 -26 36 48 -34 -1 -19 -17 -38 -5 -43 45 -16 -2 -6 -4 -45
right_child=5 3 35 4 47 -7 -8 8 -10 10 -12 12 27 -15 15 40 17 20 -20 22 25 28 24 -25 34 -27 -28 -29 30 31 -32 -33 37 -35 -36 -37 41 -39 -40 -41 -42 43 -44 49 -46 -47 -48 -49 -50 -51
leaf_value=0.034706681612001043 0.045123691744286765 0.021490991269522239 -0.059515799139132908 0.0096470878059569058 -0.011421437519765446 -0.0007534345352751033 -0.01272709559804544 0.0077253491540080063 -0.0087668228871409879 -0.047313446797156294 -0.0049117433063207913 0.0066493948076715064 -0.042855988205579801 0.02433199804647506 -0.037742820355458361 0.024900430077603352 -0.020913960433148783 0.040032906770020991 -0.034131970034753045 0.029081266658987848 0.021112062221183957 0.013679652937867057 -0.03454589098402177 -0.011034443321061002 0.015773591875422457 0.02372434541024343 -0.0053061202782629328 -0.006103565794678292 -0.00076228183565395691 0.034610381531702705 0.039244588070364197 0.074988323257978981 -0.032601121703806669 -0.008040753020013813 -0.01712930189270009 -0.00059239808370643442 0.0011896630451123473 0.00042663034740230153 0.004156707649558551 0.011636951279194424 -0.0040361050972623378 -0.0027815494908081419 -0.019787463627037261 -0.017594286445060298 -0.040713282349435664 0.0031751741423271377 0.017990821559263168 -0.048746363325371522 -0.029987136803926465 -0.047103102267278103
leaf_weight=15.028531499207018 20.49077770113945 22.875162787735462 10.472172722220423 12.315984539687635 7.394671678543089 31.003421150147915 23.809979889541864 23.922489363700151 15.57455839216709 14.466369360685347 27.363562118262053 18.00331848859787 19.680701555684212 24.687168635427952 18.576712064445019 13.364537157118322 22.237971290946007 17.5177689678967 23.033421099185944 16.387898504734043 25.525958526879549 17.589198123663664 18.411932840943336 15.235148441046475 14.547801516950132 22.256868246942759 25.596228584647179 11.295722082257269 15.733520910143854 14.060605496168135 15.856183584779499 17.498866140842441 12.817771852016449 24.845871865749359 17.022948503494263 11.324004638940094 9.2023248374462145 14.944302842020988 18.280505944043398 17.115018278360367 14.749591421335934 6.3819102719426182 13.69805610924959 5.3260623905807725 24.238208997994661 15.078597143292425 14.561312407255171 6.9875745046883821 10.303664036095141 10.611269155517219
leaf_count=71 126 106 79 61 75 145 127 121 118 84 157 88 146 114 100 74 111 94 116 84 137 91 115 98 80 113 143 80 90 76 87 91 90 135 115 82 52 82 106 84 89 54 103 74 137 82 89 87 82 162
internal_value=0 -0.002009 -0.0105611 0.00129334 0.0102207 0.0182773 0.0139168 0.0183115 0.02358 -0.00407116 -0.0203382 -0.00296098 -0.00454551 -0.00210045 -0.00427758 -0.0138749 0.00116638 0.00585363 -0.0165081 0.00197454 0.0103835 0.028431 -0.00493382 0.0100088 -0.0143986 0.00453965 -0.0219729 -0.030064 0.0343964 0.0431267 0.0199068 0.0586143 -0.00115595 0.00685585 -0.00194886 -0.02624 -0.0316782 -0.0154256 0.0185502 0.0267204 0.0101022 -0.0204979 -0.00601083 -0.0291074 -0.0291264 -0.0198477 0.0346638 -0.0315457 -0.0469208 -0.0388626
internal_weight=0 793.249 220.366 572.883 184.442 66.0555 170.059 146.249 120.235 156.745 41.8299 388.441 365.566 334.589 309.902 111.604 198.298 157.262 41.0367 114.915 135.024 104.661 81.6057 31.623 49.9827 100.391 83.4897 30.9764 80.7384 49.1487 31.5897 31.5595 78.1339 50.3718 31.5708 63.6214 52.2974 27.7621 33.309 34.6328 28.1141 31.5216 26.014 22.3192 57.8935 33.6553 35.0521 14.3822 20.7758 15.9373
internal_count=5103 4743 1495 3248 1127 360 965 838 674 910 241 2121 2015 1789 1675 625 1050 846 204 669 735 556 492 182 310 557 462 226 435 258 177 167 444 272 195 585 503 172 177 178 163 342 164 290 319 182 215 162 161 236
is_linear=0
shrinkage=0.05


Tree=61
num_leaves=48
num_cat=0
split_feature=9 289 3 1 289 263 30 272 192 209 105 14 118 103 195 56 6 297 44 278 278 93 274 98 124 287 35 286 54 273 105 260 10 55 36 34 8 285 30 275 227 290 283 192 115 34 30
split_gain=9.14348 7.96966 10.3151 8.69279 8.94272 7.71734 8.5104 7.48051 7.46171 6.02972 5.95756 6.96721 6.32384 7.98208 10.2013 6.58029 8.48898 6.07969 6.75364 5.48773 5.39502 5.15231 5.07183 6.93581 5.35594 4.92185 4.93833 6.52061 4.88558 4.8792 4.8407 5.93197 4.69783 4.47714 4.24594 4.1596 4.23752 4.09491 3.59194 3.54433 3.48909 3.3675 3.23492 3.22223 3.03223 2.83778 1.64059
threshold=4.5000000000000009 0.1318557721318592 78.250000000000014 80.125000000000014 0.97648852793709995 81.381721262289304 0.16783216783216778 -2.1766835413766934 1.0000000180025095e-35 1.2916750000000004 7.5000000000000009 0.069444444444444461 0.87500000000000011 8.5000000000000018 20.500000000000004 12.250000000000002 78.250000000000014 8.2500000000000018 27.500000000000004 79.311406159907975 88.875224623010425 72.500000000000014 -1.7902657727754452 1.5178500000000004 6.5000000000000009 0.99999999990523947 0.72330837703699991 0.23794333051666119 737.50000000000011 76.861209300216345 11.500000000000002 2.2726159463500806 0.29166666666666669 752.50000000000011 1.5883204893621297 0.23004023004022986 62.500000000000007 13.937500000000002 1.2083916083916091 88.019951878903484 52.500000000000007 2.5000000000000004 -0.12771739130434781 4.2500000000000009 165.00000000000003 -0.38374598374598384 1.4895104895104898
decision_type=2 2 2 2 2 2 2 2 2 2 2 2 2 2 2 2 2 2 2 2 2 2 2 2 2 2 2 2 2 2 2 2 2 2 2 2 2 2 2 2 2 2 2 2 2 2 2
left_child=1 2 -1 5 8 6 19 -8 -5 30 -4 12 13 14 -12 16 39 18 22 29 42 44 23 24 -13 26 27 -10 -11 -3 31 46 -24 -7 45 36 -27 -15 -14 -16 -20 -30 -2 -29 -17 -26 -9
right_child=20 3 10 4 -6 33 7 9 25 28 11 17 38 37 15 21 -18 -19 40 -21 -22 -23 32 -25 34 35 -28 43 41 -31 -32 -33 -34 -35 -36 -37 -38 -39 -40 -41 -42 -43 -44 -45 -46 -47 -48
leaf_value=-0.0401065771319849 0.048721960195034608 0.021302003470252004 0.017986961265825802 0.037740540393037827 -0.022653368466974251 -0.039744572905583503 -0.03237682586692979 -0.00037377380960259784 -0.020053852052030439 0.009318522388426221 -0.037408226740461015 0.018823722196582796 -0.032261441476854454 0.0076795208134830305 -0.0081754832251181367 0.038761749178679909 0.011379141359156197 -0.040924893745752526 -0.006964725737264559 0.032178108734117104 -0.0028932979470990073 -0.0040553658092208535 0.033577235435449604 -0.04528420501491786 -0.033763816746300135 0.044095146245755931 -0.022929388006221522 0.035534587969151855 -0.040508509762415101 -0.015820400784609976 0.035211897518866365 0.026854059955934862 -0.005936030644879825 -0.0059961831442667968 0.011258481804368137 -0.00017611630440252259 0.012989200930249568 0.04052949724579518 -0.0011650647063135434 -0.041981790641890684 -0.04535579233673652 -0.0075145867165022197 0.01605337649440218 0.0052980970021962587 0.01044886333318111 -0.0032538382980602607 -0.02757158464112416
leaf_weight=20.169248830527067 15.211932785809038 16.446311537176371 27.038951490074396 30.279439132660627 15.839948900043963 18.562056884169579 21.264232626184821 10.63226808793843 13.528472164645789 15.882303072139619 16.616235634312034 17.016998089849949 20.349573954939842 20.238044701516628 15.470562666654589 19.767241425812244 27.686300933361053 17.866429924964905 9.4469509236514586 28.581725552678108 15.740120723843573 23.182198457419872 13.487745229154827 11.496710317209361 20.133622616529461 20.998884011059999 15.749581474810837 16.034562081098557 14.919720917940142 16.985940098762512 14.467735864222048 13.075369732454417 15.120238104835151 20.595606744289398 12.053799590095876 18.118918001651764 24.204616665840149 17.882527738809586 16.572491642087698 15.850847925990818 16.955120574682951 16.134874314069748 17.031569682061672 19.116747044026852 19.211677301675081 12.282742891460659 10.651122257113455
leaf_count=158 116 86 148 159 79 100 154 70 81 114 104 101 95 94 81 94 135 121 100 139 78 115 73 88 146 105 81 84 108 85 77 89 126 117 99 91 118 87 92 86 156 125 78 96 111 104 90
internal_value=0 -0.00120865 -0.00611241 0.00387067 0.012178 -0.00277431 0.00165989 -0.00627083 0.0157897 -0.000199312 -0.00423578 -0.00595635 -0.000174898 0.00379775 -0.00184857 0.00329411 -0.0085932 -0.0143335 -0.0103332 0.0164881 0.021046 0.0145358 -0.00434532 -0.0113074 -0.00433143 0.0103342 0.000557657 0.00846511 -0.0128571 0.00252951 0.0119824 0.00148176 0.0131981 -0.0225854 -0.0134111 0.0201184 0.0280808 0.0237317 -0.0187026 -0.0260534 -0.0323745 -0.0241352 0.0324678 0.0196921 0.0254175 -0.0226467 -0.0146112
internal_weight=0 797.967 405.896 392.07 173.871 218.199 179.042 117.028 158.031 95.7634 385.727 358.688 212.828 175.906 137.785 121.169 59.0077 145.86 127.994 62.014 47.9836 62.1611 101.592 72.9839 61.4872 127.752 64.4294 48.6798 46.9369 33.4323 48.8265 34.3588 28.608 39.1577 44.4702 63.3224 45.2035 38.1206 36.9221 31.3214 26.4021 31.0546 32.2435 35.1513 38.9789 32.4164 21.2834
internal_count=5034 4762 2514 2248 894 1354 1137 827 815 673 2356 2208 1094 907 726 622 302 1114 993 310 272 320 737 538 450 656 342 261 347 171 326 249 199 217 349 314 223 181 187 167 256 233 194 180 205 250 160
is_linear=0
shrinkage=0.05


Tree=62
num_leaves=47
num_cat=0
split_feature=51 51 119 283 272 30 155 144 287 36 260 283 101 272 32 287 291 283 32 272 259 227 87 58 32 235 31 31 208 195 56 54 273 110 56 288 279 30 283 73 282 212 31 8 55 116
split_gain=9.01421 10.4147 10.1343 11.8731 9.64183 9.59975 7.75932 7.52171 10.7566 7.22415 8.28775 6.91799 6.88832 6.54737 5.92622 5.89948 6.17773 5.46796 6.80885 6.51023 5.34104 6.23306 5.31756 5.15487 4.86078 4.70752 4.61462 4.72493 4.35971 5.42989 4.33725 4.09196 4.09183 4.0853 3.62048 3.4761 3.38837 3.9237 4.23247 3.08594 2.83645 2.61247 2.48584 2.48007 2.10801 1.53027
threshold=2.5000000000000004 257.50000000000006 6.6250000000000009 0.069047619047619066 -2.2889572005286749 -1.0699300699300696 16.500000000000004 13.500000000000002 0.99999995009669085 1.6243469679587317 2.1802477300535594 -0.17028985507246372 16.500000000000004 -2.3763757440718889 2.1081081081081088 0.99999955918356476 0.92582417582417598 -0.28174603174603169 1.5667953667953671 -2.5126621493718244 -3.1905397169768288 5.5000000000000009 62.312500000000007 12.500000000000002 1.5289575289575295 19.500000000000004 1.4843478260869569 0.9365217391304349 1.0000000180025095e-35 2.5000000000000004 11.250000000000002 852.50000000000011 83.743091349599112 106.25000000000001 11.250000000000002 0.3744682635859638 -1.1203990141415665 0.42407592407592426 0.14642857142857144 77.250000000000014 -2.2499999999999996 2.3333500000000007 0.70549328375118869 52.500000000000007 762.50000000000011 145.00000000000003
decision_type=2 2 2 2 2 2 2 2 2 2 2 2 2 2 2 2 2 2 2 2 2 2 2 2 2 2 2 2 2 2 2 2 2 2 2 2 2 2 2 2 2 2 2 2 2 2
left_child=2 -2 6 4 13 41 22 8 20 10 44 24 15 17 40 32 23 18 33 31 -7 -22 -1 -17 42 30 27 36 29 -13 -12 43 -8 -4 -30 -23 37 38 -5 -25 -11 -6 -10 -19 -9 -28
right_child=1 -3 3 26 5 7 12 9 11 14 25 28 -14 -15 -16 16 -18 19 -20 -21 21 35 -24 39 -26 -27 45 -29 34 -31 -32 -33 -34 -35 -36 -37 -38 -39 -40 -41 -42 -43 -44 -45 -46 -47
leaf_value=0.0098181178315372396 0.042598008900654682 -0.0028483149933274201 0.033240134772523085 0.0025243865692680585 0.038394631600244089 -0.03928622271805874 0.012066957972035839 -0.049734965629554984 0.022863616562207541 0.034315931795298966 -0.034360226599528247 0.015068132981990286 0.044659382637395453 -0.03456248707911428 -0.016707188953734558 0.01085407949262061 0.028772055643909257 -0.043350514624264938 -0.015513122729153176 0.0058421175786248572 0.02498270328253583 0.0051538610684820256 -0.029161803448788982 -0.0021470234363690321 0.0089814484745668992 0.014788564238748324 -0.051689525220712532 0.0090459411241390671 0.033497145150633498 -0.02074409836886211 -0.00037449050925848602 5.689514534337086e-05 0.044016592330666432 0.0021739494756401515 0.0030157223381476871 -0.030735338242913149 -0.00064507227469200602 -0.046811279404650477 -0.033482098643856505 -0.033122861948710579 0.004466439658937245 0.011419524336290262 0.053410342189049158 -0.017129811601950928 -0.022603157046214899 -0.016580889570336679
leaf_weight=15.501494836062191 25.126099035143852 24.133642628788948 17.990846574306488 15.638281349092724 21.161698311567307 12.251399848610161 25.697567511349916 14.614843644201754 14.30130396038294 15.833523094654081 15.240762706845997 17.452994413673878 16.484685108065605 23.849228346720338 15.661228731274603 25.385917022824287 15.749837107956408 23.469110496342182 27.824076186865568 23.605709165334702 12.797699054703115 10.984163075685503 18.001988139003515 15.077428814023735 19.945372864603996 19.899201784282923 12.476232614368202 16.47980728559196 17.630216997116804 23.956438370049 22.300595231354237 12.221053905785082 16.683658551424742 24.243102483451366 20.877955835312605 15.509510505944489 16.14909428358078 15.920273449271916 15.777952291071413 16.597172729671001 15.748132500797512 17.054833009839058 17.592640779912472 17.5387256257236 19.239863876253366 5.6932793576270333
leaf_count=92 125 103 91 92 106 76 143 81 79 73 87 95 82 152 104 132 80 154 148 150 91 74 96 85 96 111 200 151 97 133 127 85 89 119 120 116 89 140 99 97 104 89 91 107 110 114
internal_value=0 0.020719 -0.00111503 -0.00401119 -0.00104261 0.00359842 0.00987006 0.000750089 0.00737841 -0.00800986 -0.0161631 0.014925 0.0153179 -0.0107934 0.00775452 0.0107707 0.0020449 -0.00672669 0.00336322 -0.0158517 -0.0118295 -0.00250567 -0.0113646 -0.00570082 0.0289747 -0.00440949 -0.0198953 -0.0143859 0.00556604 -0.00565079 -0.0147053 -0.0254027 0.0253689 0.0158703 0.0174657 -0.0162096 -0.0205144 -0.0271393 -0.0160339 -0.018895 0.0200255 0.0269546 0.0408246 -0.0328109 -0.0354067 -0.0421273
internal_weight=0 49.2597 794.111 628.931 530.796 360.054 165.18 321.838 183.3 138.538 91.2953 131.757 131.676 170.742 47.2429 115.192 72.8104 146.893 70.058 76.8346 51.5428 39.2914 33.5035 57.0605 51.8393 57.4406 98.1349 79.9654 79.9176 41.4094 37.5414 53.2289 42.3812 42.2339 38.5082 26.4937 63.4856 47.3365 31.4162 31.6746 31.5817 38.2165 31.8939 41.0078 33.8547 18.1695
internal_count=5075 228 4847 3951 3066 2060 896 1865 1068 797 516 711 708 1006 281 626 394 854 358 496 357 281 188 314 266 325 885 571 445 228 214 346 232 210 217 190 420 331 191 182 177 195 170 261 191 314
is_linear=0
shrinkage=0.05


Tree=63
num_leaves=51
num_cat=0
split_feature=282 154 101 17 140 288 285 33 144 49 107 0 273 31 284 148 229 285 36 7 74 236 137 156 35 108 54 103 204 155 89 54 232 44 143 3 289 156 86 44 108 298 88 144 199 58 214 99 197 279
split_gain=9.22391 9.36328 8.39797 7.53214 5.74063 17.6416 13.7407 9.10105 8.13749 6.6639 6.66643 6.67826 5.71299 5.58242 5.97397 5.56845 5.49609 4.96806 6.63937 5.01421 4.56709 4.43088 4.39927 4.97187 4.36438 4.79688 4.26585 4.82392 4.25156 4.2348 8.34596 4.1721 3.97171 3.79418 3.79294 3.67736 7.65538 3.55389 3.34405 3.30543 4.17006 4.66191 3.03825 2.91069 2.33908 2.22019 4.8839 2.17507 1.52914 0.732416
threshold=-4.2499999999999991 79.250000000000014 15.500000000000002 17.500000000000004 12.500000000000002 -0.33425342068356556 13.812500000000002 1.2007722007722013 32.500000000000007 0.080593811937240425 193.12500000000003 87.250000000000014 89.974903780208251 1.6283299084901619 1.7947368421052634 47.500000000000007 29.500000000000004 16.437500000000004 1.0927298892278652 14.250000000000002 7.2500000000000009 988.50000000000011 50.500000000000007 34.500000000000007 0.52243118397129218 6.2500000000000009 802.50000000000011 11.500000000000002 1.2500000000000002 6.5000000000000009 64.125000000000014 767.50000000000011 3.7500000000000004 7.5000000000000009 27.750000000000004 80.750000000000014 0.19969739736768838 8.5000000000000018 76.500000000000014 22.500000000000004 11.250000000000002 1.8750000000000002 0.31250000000000006 24.500000000000004 52.500000000000007 10.500000000000002 1.0000000180025095e-35 7.6250000000000009 1.0000000180025095e-35 -1.4827292432879049
decision_type=2 2 2 2 2 2 2 2 2 2 2 2 2 2 2 2 2 2 2 2 2 2 2 2 2 2 2 2 2 2 2 2 2 2 2 2 2 2 2 2 2 2 2 2 2 2 2 2 2 2
left_child=47 2 3 4 5 6 24 8 16 -10 11 31 -13 14 21 32 -6 18 -16 -20 45 29 23 34 25 -2 27 -4 -26 30 -7 -11 -5 -33 43 -8 -37 48 49 40 41 -15 -40 -9 -44 -18 -47 -1 -31 -34
right_child=1 -3 26 15 7 13 35 22 9 10 -12 12 -14 39 17 -17 20 -19 19 -21 -22 -23 -24 -25 28 -27 -28 -29 -30 37 -32 33 38 -35 -36 36 -38 -39 42 -41 -42 -43 44 -45 -46 46 -48 -49 -50 -51
leaf_value=0.012086987365683872 0.02736207398253317 0.036911448138503736 0.043034735953172594 -0.0012564121500436962 0.011492584063418897 -0.029237888100798293 -0.018571217545832436 -0.0072448641401476237 0.031388412315153373 0.011094341872103855 -0.024541375386033012 0.041252078121261214 0.0046166449970533128 0.011480874355399046 -0.020540773519526989 0.0084702040176474185 -0.044194784803752704 0.030042237809515246 0.032731517294212378 -0.0043061990375458225 0.00010538189739170313 0.012567220277203245 0.0051385527366144823 -0.041593416686237797 0.0026779767994388856 0.067833581371837356 -0.0030724334413646075 0.010425088444029985 0.038209702578083343 -0.047030150645670482 0.01901259268840335 -0.032475847883254201 -0.057008124178247736 0.00053394854223714463 0.0053573781575224789 -0.017924063291219705 0.032776451814368716 -0.0045598175552582073 0.0055634272737105561 0.0063308123951778374 -0.046899949814397088 -0.029031562746490647 -0.010149955307809606 -0.040755173870803851 -0.04531364291425815 0.00042328793880178214 -0.038201946793497081 0.038994581882815738 -0.020907680209628007 -0.029892140875453461
leaf_weight=15.789662003517153 18.375887878239155 15.258332781493662 17.886603370308876 14.529335234314201 17.229385998100042 14.299212772399185 18.119517549872398 12.764597922563555 21.415568962693214 25.310429107397795 19.253548424690962 19.162306755781174 23.143013756722212 11.012402547523381 19.979662470519543 15.792769368737934 14.546980798244475 20.934683695435524 17.796945758163929 17.382919743657112 20.45710813999176 18.804866265505552 13.916261389851568 27.360100142657757 17.448555588722229 14.510374147444962 22.480432752519846 30.670980006456375 15.566982910037039 13.346600942313673 20.639337778091431 15.723620638251303 10.707066770642998 18.08910833671689 15.665224708616732 12.910734139382841 15.182309731841086 15.178942430764435 8.4904179722070712 9.9253324996680004 13.702672326937316 17.001280611380935 9.6033599171787518 13.358876738697289 9.9887170586734992 15.679853133857252 16.069892477244139 15.990351535379885 13.964945536106823 8.7992088906466943
leaf_count=75 101 80 97 135 96 85 130 80 108 123 107 92 119 73 98 103 90 111 95 88 125 102 73 152 92 84 123 151 83 77 115 77 103 92 93 87 74 89 75 99 141 147 96 82 106 81 97 89 86 79
internal_value=0 -0.000651886 -0.00141909 -0.00303704 -0.0012517 0.00326731 0.0193671 -0.00615919 -0.000932102 0.00635029 0.00168573 0.00685525 0.0217802 -0.00484217 -0.000486143 -0.0176193 -0.0131835 0.00991152 0.00187241 0.0148174 -0.0196281 -0.00872517 -0.0202056 -0.0253067 0.0338513 0.0466941 0.0148645 0.0230631 0.0200621 -0.0139907 -0.000998837 -0.00400884 -0.0242813 -0.0153082 -0.0139205 -0.00156761 0.00966079 -0.0244048 -0.0311405 -0.0190929 -0.0251484 -0.013259 -0.0190067 -0.025252 -0.0294075 -0.0281655 -0.0196961 0.0264023 -0.0348835 -0.0468304
internal_weight=0 809.437 794.179 723.141 645.23 336.084 112.114 309.146 226.081 142.098 120.682 101.428 42.3053 223.97 172.328 77.9109 83.9832 76.0942 55.1595 35.1799 66.7538 96.2339 83.0651 69.1488 65.9018 32.8863 71.038 48.5576 33.0155 77.429 34.9386 59.1232 62.1181 33.8127 41.7887 46.2126 28.093 42.4905 47.5888 51.6417 41.7164 28.0137 28.0825 26.1235 19.5921 46.2967 31.7497 31.78 27.3115 19.5063
internal_count=5056 4892 4812 4441 3744 2057 651 1687 1207 718 610 503 211 1406 946 697 489 392 281 183 393 554 480 407 360 185 371 248 175 452 200 292 594 169 255 291 161 252 459 460 361 220 277 162 202 268 178 164 163 182
is_linear=0
shrinkage=0.05


Tree=64
num_leaves=50
num_cat=0
split_feature=282 51 116 31 291 295 288 103 48 9 101 263 20 203 12 34 260 291 287 149 157 212 199 232 279 281 157 149 301 58 114 61 288 54 79 299 92 280 117 32 74 8 97 54 272 33 289 0 285
split_gain=8.45667 8.62368 6.60794 6.27021 6.12087 7.52052 6.89832 7.00172 6.85281 7.27757 8.05565 6.55737 6.47923 6.11798 5.63187 5.57889 5.28201 5.00826 4.86897 6.60036 4.77636 4.77171 4.90772 4.8607 4.28684 4.28517 4.14302 6.18589 4.09425 5.43862 4.825 4.24836 4.0645 4.05492 3.96408 3.81335 3.57543 3.50155 3.30505 3.25782 2.65634 2.49451 2.12543 2.05636 1.98906 1.96479 1.02295 0.932815 0.263003
threshold=-4.2499999999999991 2.5000000000000004 25.000000000000004 0.68608695652173923 0.96424010217113676 0.65000000000000047 0.42179998225932674 5.5000000000000009 2.1413133208255166 0.75000000000000011 12.500000000000002 91.564490717318719 0.15277777777777782 1.0000000180025095e-35 0.062500000000000014 0.30693630693630686 4.2346724667781599 1.0822072072072075 0.99999999734115697 33.500000000000007 11.500000000000002 6.1666500000000015 46.500000000000007 51.750000000000007 -2.1973406639797952 81.826187887623021 2.2500000000000004 32.500000000000007 -1.0000000180025095e-35 7.5000000000000009 125.00000000000001 86.500000000000014 0.63920241694561786 842.50000000000011 79.125000000000014 0.14914328070780244 71.500000000000014 90.489382025057822 7.5625000000000009 1.4772200772200776 7.2500000000000009 142.50000000000003 7.5625000000000009 777.50000000000011 -1.7299539692209553 -1.6455598455598455 0.77652048701313048 85.250000000000014 11.937500000000002
decision_type=2 2 2 2 2 2 2 2 2 2 2 2 2 2 2 2 2 2 2 2 2 2 2 2 2 2 2 2 2 2 2 2 2 2 2 2 2 2 2 2 2 2 2 2 2 2 2 2 2
left_child=42 2 3 -2 5 41 11 14 9 10 12 16 15 -3 -8 24 18 -9 -6 35 32 22 25 -24 -7 44 -10 -28 -25 -30 31 -31 -12 45 -27 -20 38 -33 -36 -18 -16 -4 -1 -17 -11 -5 -47 -37 -14
right_child=1 13 4 33 6 8 7 17 26 21 20 -13 48 -15 40 43 39 -19 19 -21 -22 -23 23 28 -26 34 27 -29 29 30 -32 37 -34 -35 36 47 -38 -39 -40 -41 -42 -43 -44 -45 -46 46 -48 -49 -50
leaf_value=0.010581108248724644 0.0099282086165632596 0.0048399901387526445 0.032189719664360003 -0.017463247129531349 -0.010238792865940583 -0.021319730798384985 0.0010537155457767239 0.026977440985648405 -0.002338039994030254 0.0086526759288788457 0.025887211571106534 -0.018917464149433249 -0.054287363910793841 0.041140591498099024 -0.051471060411157565 -0.046097401692898783 0.015921402768072079 -0.0077144461614998723 0.0087540171254085527 -0.0069446937303461343 -0.020752343898731773 -0.019622302226282778 -0.02867937255220317 0.019821670542403223 0.012764440021093513 0.039027539037474253 -0.046034170243073727 -0.006731677718395928 0.018344836578486567 0.00094076179210237265 0.013142366963093616 -0.039723770229984766 -0.0087678836752474766 -0.0046174173286848072 -0.0162842566829095 0.046392454395401822 0.02668280948794224 -0.0075833425606157221 0.015473059247569679 0.049672166734247264 -0.017887819201686847 0.0037270598185959064 0.03749216378138142 -0.0170271881419824 -0.016003581160601448 -0.05590052278219694 -0.027587976198016985 0.024880834473120783 -0.030487831070077936
leaf_weight=15.35502375662327 14.203008517622946 31.354685213416815 15.654373142868282 10.984032040461893 22.453559800982475 14.891366474330423 19.965732842683792 19.331246184185147 19.039968926459551 15.406883761286737 21.150207603350282 14.406675405800341 12.314393918961288 17.728084444999695 11.321969259530308 12.263245930895211 15.442870207130911 20.602766843512654 20.764301277697086 21.467824444174767 14.201986730098723 24.157603561878204 15.25400550290942 21.249078519642353 21.003047179430723 16.748820830136538 24.684096287935972 17.050157357007265 20.193072333931923 20.576087456196547 16.111863452941179 21.537720821797848 13.040580440312622 14.159965524449943 14.731468454003336 15.1765468493104 20.928935009986162 14.487116627395151 16.096634943038225 15.005992416292427 14.545990964397786 14.863412898033856 15.27680868655443 14.789860201999543 15.403283167630432 12.304015513509517 8.9426798131316882 14.482815895229576 6.9496120065450659
leaf_count=74 76 149 87 80 151 118 118 104 99 84 126 89 123 80 66 92 84 128 108 114 94 131 84 99 159 93 136 86 113 102 86 117 89 138 78 84 112 82 89 82 132 83 87 114 84 105 83 80 101
internal_value=0 -0.00158948 -0.00290964 -0.0186113 -0.00152535 -0.00474158 0.0052532 -0.00585915 -0.00640336 -0.0039025 -0.0134384 0.012093 -0.0228739 0.018511 -0.019008 -0.0146714 0.0157949 0.00932798 0.00975459 0.0160538 0.00272963 0.00105595 0.00331586 -0.00309715 -0.00157051 0.0116196 -0.0218652 -0.0305107 0.000540649 -0.00403335 -0.0104126 -0.0172294 0.012796 -0.0273741 0.0185046 0.0257901 0.0112494 -0.0273526 0.000262723 0.0336052 -0.0339553 0.0188853 0.0247633 -0.0313783 -0.0037896 -0.0369321 -0.0457596 0.0370424 -0.0476298
internal_weight=0 809.424 760.341 60.5937 699.747 474.779 224.968 85.7677 444.261 383.487 130.604 139.201 82.2115 49.0828 45.8337 62.9475 124.794 39.934 94.345 71.8915 48.3928 252.883 228.725 129.409 35.8944 99.316 60.7742 41.7343 114.155 92.9059 72.7128 56.6009 34.1908 46.3907 68.5059 50.4237 51.757 36.0248 30.8281 30.4489 25.868 30.5178 30.6318 27.0531 30.8102 32.2307 21.2467 29.6594 19.264
internal_count=5073 4912 4683 482 4201 2861 1340 548 2691 2370 1016 792 707 229 316 483 703 232 537 386 309 1354 1223 683 277 540 321 222 599 500 387 301 215 406 372 272 279 199 167 166 198 170 161 206 168 268 188 164 224
is_linear=0
shrinkage=0.05


Tree=65
num_leaves=44
num_cat=0
split_feature=295 9 116 14 143 143 33 138 94 48 33 18 96 113 14 279 114 89 301 227 190 74 34 54 147 156 279 54 55 277 36 72 157 297 284 31 291 263 279 283 91 143 277
split_gain=8.49949 8.40715 7.70539 6.71137 6.34363 12.8673 9.2767 7.4624 7.31754 6.36175 6.93203 6.7359 5.47867 6.94803 6.23013 9.68148 7.45062 7.06999 6.02931 5.96302 5.81187 5.4559 5.31435 5.16686 5.08053 4.78186 4.74872 4.70371 4.57308 4.56286 5.87258 4.41567 4.32097 3.88433 4.28889 5.23341 8.34008 3.36727 3.22676 3.12365 2.51605 2.19494 0.729511
threshold=0.45000000000000023 6.5000000000000009 25.000000000000004 0.18055555555555558 21.250000000000004 27.750000000000004 -1.8355212355212354 34.500000000000007 72.500000000000014 1.8459832020037807 0.061776061776061354 0.062500000000000014 54.500000000000007 145.00000000000003 0.069444444444444461 -1.9699704213367839 95.000000000000014 68.875000000000014 8.7159067585125665e-16 42.500000000000007 6.5000000000000009 6.2500000000000009 -1.2167238167238168 792.50000000000011 9.5000000000000018 10.500000000000002 -1.9803925603763382 787.50000000000011 792.50000000000011 -1.5362342856350331 1.3747346994256906 84.250000000000014 17.500000000000004 4.7500000000000009 1.4868421052631582 0.47217391304347833 0.98936170212765961 83.104516501418445 -2.2452682764563718 -0.093073593073593058 67.500000000000014 24.750000000000004 -1.5267841108930023
decision_type=2 2 2 2 2 2 2 2 2 2 2 2 2 2 2 2 2 2 2 2 2 2 2 2 2 2 2 2 2 2 2 2 2 2 2 2 2 2 2 2 2 2 2
left_child=-1 2 24 4 8 6 -6 38 12 31 21 -12 18 14 29 17 19 -16 -4 -17 37 23 27 -11 26 -10 -2 -5 -20 33 -31 -9 39 -14 -35 -36 -37 -15 -7 -24 -41 -8 -28
right_child=1 -3 3 22 5 7 41 9 25 10 11 -13 13 20 15 16 -18 -19 28 -21 -22 -23 32 -25 -26 -27 42 -29 -30 30 -32 -33 -34 34 35 36 -38 -39 -40 40 -42 -43 -44
leaf_value=0.028937605528081885 -0.0071219534690522479 0.030223050139302099 0.034525171311232006 0.021848831335291214 0.0046923495945060401 0.0064576361360113403 -0.026607002363936899 -0.00476290336134811 0.0047549882888145113 0.016658405897276293 0.0084875403771322369 -0.029223212989468034 -0.001477544057782399 -0.008976805398416601 -0.042861207646587907 0.0098304196789306825 0.027727300727840267 0.0011752453853099822 -0.020637343701388085 -0.02821666578437429 0.012171042849004762 0.027914836114810861 -0.010083604975215417 -0.017893801094722949 0.0028401979859880777 0.038441125809130651 -0.050689576946776664 -0.017070757635211771 0.020330710713050256 0.01283383522698168 -0.019393038609982181 -0.041297946891532697 0.0020609147877473566 0.038705777448076815 0.035801279956513235 -0.014274517345765382 0.026916176285377447 -0.040684311212320023 0.038714571439929638 -0.021330901911738101 -0.055277952910820986 -0.054415841154840418 -0.028070973427279905
leaf_weight=24.841657340526581 18.139668770134449 21.106480792164803 26.718740146607161 15.803773410618307 16.280124846845865 15.146522074937822 18.841487225145102 18.02027103677392 17.942128360271454 21.868671774864197 20.909962445497513 25.268966380506754 25.641447532922029 15.782392781227825 22.215377457439899 22.547631602734327 23.806574190035462 14.920096069574354 12.073320338502528 17.408249910920858 12.378038484603165 30.593920178711414 13.352621186524628 19.535855233669281 20.48088850453496 25.65730519592762 12.501139184460046 13.464583942666648 13.223328707739709 30.131134789437056 24.905203282833099 14.767485357820986 13.319004751741884 23.150325879454613 18.048477873206139 25.89146538823843 21.673206686973572 18.739697759971023 15.981422103941439 11.981930995360019 13.475504817441104 16.030564062297344 12.383853752166031
leaf_count=136 136 131 133 100 88 77 108 98 108 103 101 148 131 101 140 127 139 113 120 96 83 143 94 92 128 149 119 93 130 151 130 85 98 114 99 134 108 134 87 100 130 104 103
internal_value=0 -0.000190024 -0.00103868 0.000429283 0.00214004 -0.00443937 -0.0263377 0.0018224 0.00585888 -0.00281662 0.00263245 -0.0123297 0.00353787 0.0010481 0.00414415 -0.00565709 0.00617461 -0.0256016 0.0184167 -0.0070304 -0.0165119 0.0122664 -0.0130112 0.000318153 -0.0176011 0.024996 -0.0271751 0.00397185 0.000736663 0.00997949 -0.00183539 -0.0219534 -0.0224417 0.0156299 0.0205332 0.0136365 0.0046621 -0.0268494 0.0237082 -0.0306912 -0.0407104 -0.0405512 -0.0409529
internal_weight=0 812.109 791.002 727.497 646.099 233.245 51.1522 182.093 412.854 150.965 118.177 46.1789 369.255 317.239 270.339 100.898 63.7625 37.1355 52.0154 39.9559 46.9001 71.9984 81.3974 41.4045 63.5056 43.5994 43.0247 29.2684 25.2966 169.441 55.0363 32.7878 52.1291 114.405 88.7635 65.6131 47.5647 34.5221 31.1279 38.8101 25.4574 34.8721 24.885
internal_count=5042 4906 4775 4289 3674 1234 300 934 2440 770 587 249 2183 1800 1482 615 362 253 383 223 318 338 615 195 486 257 358 193 250 867 281 183 422 586 455 341 242 235 164 324 230 212 222
is_linear=0
shrinkage=0.05


Tree=66
num_leaves=48
num_cat=0
split_feature=282 32 100 262 5 74 36 263 263 105 272 34 31 275 273 272 260 288 55 40 108 221 263 8 30 144 193 54 93 29 273 13 78 274 233 291 291 98 232 284 108 106 272 233 57 58 34
split_gain=7.62433 9.15313 5.29619 8.05491 7.57662 9.57621 7.52989 6.82169 6.14197 6.85793 7.53516 5.67293 4.93959 5.04627 4.69773 4.62723 4.60036 6.57525 6.85603 5.2523 4.83596 4.51469 5.7958 4.16851 5.67042 5.32872 5.48261 6.17978 6.92877 4.31638 4.08595 4.08053 4.30994 3.99918 9.49556 6.91795 4.16842 3.92896 3.82137 3.76064 3.64738 3.55153 3.08103 2.93174 2.33346 1.70261 1.03829
threshold=-4.2499999999999991 1.9343629343629347 6.1250000000000009 5.0000000000000009 81.500000000000014 7.2500000000000009 1.6923937778759168 81.381721262289304 82.599743468989644 17.500000000000004 -1.0792690057503569 0.021934821934821994 0.065217391304347866 81.806757386139381 83.011810718419582 -1.5146868167011689 1.3518307998509236 0.70290292807158605 802.50000000000011 1.7500000000000002 11.250000000000002 5.5000000000000009 88.444643390935639 7.5000000000000009 2.6006993006993011 31.500000000000004 81.250000000000014 817.50000000000011 72.500000000000014 -3.0833976833976826 84.79438585175491 7.5000000000000009 0.95835000000000303 -2.1214013219254189 77.500000000000014 0.95445134575569368 0.78416149068322993 1.0416500000000004 66.750000000000014 1.4494949494949496 18.750000000000004 5.5000000000000009 -1.7695843983369641 66.500000000000014 12.250000000000002 7.5000000000000009 -0.67537867537867546
decision_type=2 2 2 2 2 2 2 2 2 2 2 2 2 2 2 2 2 2 2 2 2 2 2 2 2 2 2 2 2 2 2 2 2 2 2 2 2 2 2 2 2 2 2 2 2 2 2
left_child=43 2 6 8 7 14 12 11 15 10 23 31 -2 -14 -6 -4 19 18 20 45 -18 22 -15 -10 25 29 27 28 -27 -25 -16 32 -5 34 36 39 -31 -33 -30 -35 -24 -13 -19 -1 -38 -3 -47
right_child=1 16 3 4 5 -7 -8 -9 9 -11 -12 41 13 21 30 -17 17 42 -20 -21 -22 -23 40 24 -26 26 -28 -29 38 33 -32 37 -34 35 -36 -37 44 -39 -40 -41 -42 -43 -44 -45 -46 46 -48
leaf_value=0.037992375804787648 0.0087226598853795464 -0.013426823456660644 -0.041287063568516996 0.010428081513826785 0.054805616802866358 -0.0070718469037646964 0.021901876262784607 -0.018701371452423524 0.019896502294202662 0.032808697867154617 0.027856862941399198 0.011588447742085809 -0.046279308022990982 0.014993966849167215 0.0091821503971643171 -0.0044995105271542386 0.013802813127080532 -0.047064723865646675 0.027593183904790465 -0.0043702456303757031 -0.031580330024405613 -0.036350724436386789 -0.035725458098234422 0.015621933563256593 -0.028703576899799649 0.041004837060597731 -0.020238056768094585 -0.0086012585810348857 -0.012627733801912639 0.0021153740807540742 0.037863495125461326 -0.0068369745528283473 0.04491089684963858 -0.046994912213036588 0.02776721145352315 0.0088783720288500515 -0.042053350140971175 0.024386410443023809 0.021369488233060077 -0.01603747119254809 -0.0016048886480124242 -0.017063739413643003 -0.007556721794469385 0.0072604022232804323 -0.011536368073783713 -0.052799747994740222 -0.028176233728135387
leaf_weight=15.758494883775713 18.453022789210081 7.7453018259257069 15.501219436526297 18.827183470129967 15.19818217307329 21.740279320627451 16.013398634269834 28.345151104032993 16.336641773581505 14.236083775758742 19.166303589940071 16.673982210457325 13.676423780620096 19.505995513871312 27.51151779294014 18.3096883893013 9.56904409453273 9.3889955934137124 19.430678034201264 20.634075878188014 12.558480819687245 15.223759248852728 15.215092550963165 14.270846664905546 22.788484921678901 22.898285049945116 15.742755703628061 25.956233844161034 15.090029977262022 19.201136231422424 23.008161783218384 25.691018054261804 18.011243157088757 20.789300972595811 16.290956612676382 12.943689793348311 13.53798231855035 15.251986965537069 16.08726505190134 20.702676169574261 15.340749584138392 27.171405207365751 10.273486346006392 15.539974719285963 12.824878565967081 13.682434465736151 12.867834188044071
leaf_count=87 94 69 102 98 82 115 96 150 83 75 107 100 86 108 139 100 74 86 153 118 110 92 88 73 143 122 83 141 88 126 116 139 92 148 109 77 90 78 82 137 86 146 101 80 88 136 145
internal_value=0 -0.00134726 0.000864687 0.00283067 0.00984561 0.0214538 -0.00895497 0.00297885 -0.00219039 0.000124364 -0.00161954 0.00814274 -0.0141983 -0.0195969 0.030855 -0.022067 -0.0142606 -0.00470418 0.00661327 -0.024637 -0.0122062 -0.0133935 -0.00583705 -0.00384429 -0.00547444 -0.00301966 0.00590251 0.0112308 0.0207335 -0.00955971 0.0227259 0.0161766 0.028029 -0.0127568 -0.00394567 -0.022517 -0.0156371 0.00509839 0.00503353 -0.0322894 -0.0191887 -0.00615215 -0.0277869 0.0234309 -0.0281718 -0.0363613 -0.0423216
internal_weight=0 799.683 683.533 570.105 237.43 87.4581 113.428 149.972 332.674 298.864 284.627 121.627 97.415 78.962 65.7179 33.8109 116.15 61.2207 41.5582 54.9296 22.1275 65.2856 50.0618 265.461 249.125 226.336 95.7746 80.0318 54.0756 130.561 50.5197 77.7814 36.8384 116.291 61.855 54.4357 45.564 40.943 31.1773 41.492 30.5558 43.8454 19.6625 31.2985 26.3629 34.2956 26.5503
internal_count=5038 4871 3879 3229 1255 452 650 803 1974 1772 1697 653 554 460 337 202 992 524 337 468 184 374 282 1590 1507 1364 516 433 292 848 255 407 190 775 413 362 304 217 170 285 174 246 187 167 178 350 281
is_linear=0
shrinkage=0.05


Tree=67
num_leaves=45
num_cat=0
split_feature=154 14 137 285 48 283 282 115 220 8 274 55 47 283 272 44 285 58 288 260 288 78 212 143 143 33 182 297 36 202 31 98 30 201 226 148 28 31 110 101 146 119 214 58
split_gain=8.33354 7.37049 11.297 9.41235 8.00713 8.6175 7.89247 8.33692 15.1409 6.74763 11.7824 6.25497 6.09215 6.26055 7.4008 7.01716 6.96106 6.75928 7.64461 6.76895 6.59251 6.56468 6.33215 5.47048 5.63604 5.91949 5.87743 4.90738 4.64191 4.15024 4.00431 3.89088 6.96681 4.00172 3.56208 4.63215 3.3736 6.29706 3.34817 3.23306 3.75248 3.15214 3.13811 1.99283
threshold=79.250000000000014 0.097222222222222224 42.500000000000007 8.5625000000000018 4.1242747713335959 0.069047619047619066 -4.2499999999999991 215.00000000000003 9.5000000000000018 37.500000000000007 -2.0992357777456432 832.50000000000011 -0.1000684141029886 0.29705882352941182 -2.2962057706601384 22.500000000000004 11.562500000000002 7.5000000000000009 -0.52032787705993211 4.9753161928549661 -0.88622299073327826 0.54164999999999719 3.2500000000000004 34.750000000000007 27.750000000000004 -3.0586872586872578 9.5000000000000018 6.2500000000000009 1.4978845523509778 13.500000000000002 0.56608695652173924 1.5178500000000004 2.3706293706293713 13.250000000000002 35.500000000000007 24.500000000000004 1.0000000180025095e-35 1.5208695652173916 106.25000000000001 13.500000000000002 11.500000000000002 7.6250000000000009 1.0000000180025095e-35 14.500000000000002
decision_type=2 2 2 2 2 2 2 2 2 2 2 2 2 2 2 2 2 2 2 2 2 2 2 2 2 2 2 2 2 2 2 2 2 2 2 2 2 2 2 2 2 2 2 2
left_child=1 6 4 -4 5 23 -1 12 9 11 -11 36 13 14 16 17 42 21 20 22 -19 -16 29 24 25 -3 28 -18 30 41 -27 32 33 43 -28 -36 37 -9 -17 40 -7 -20 -8 -14
right_child=-2 2 3 -5 -6 39 7 8 -10 10 -12 -13 31 -15 15 38 27 18 19 -21 -22 -23 -24 -25 -26 26 34 -29 -30 -31 -32 -33 -34 -35 35 -37 -38 -39 -40 -41 -42 -43 -44 -45
leaf_value=0.029008609276408134 0.033546153373880255 0.013107322661699984 -0.010070784311625306 0.043476832340306276 0.021933797843770669 -0.05129997924453638 -0.034753928072723088 0.015410967255344375 -0.047816478595543721 -0.017455499537139652 0.032239257158934796 0.0097636770335236163 -0.01629903169407796 -0.014918256745941072 0.046935735276449439 0.018460677250351911 -0.0075527172930223915 -0.0010192030508993184 0.0078519815582042095 0.021736439869883266 0.042419182703306545 0.0071508420649878156 0.011323781831822687 -0.031313995675208948 0.025123108810892109 -0.011591271709510536 -0.047285453870542067 0.023471784002809398 -0.027651539196357641 -0.036109468604693849 0.018471767893030525 -0.030796822397683762 -0.031173486953211167 0.025537456958037587 0.0063421202568291549 -0.03826928345239302 -0.043935950836867424 -0.034545225934444687 0.048050776616376092 -0.014599429108009218 -0.0085748543371119701 -0.021705680776580707 -0.0062175884977572413 0.0067976104367605738
leaf_weight=24.420498184859753 16.452303718775511 24.022007692605257 14.612166404724123 16.856377996504307 14.774001430720089 24.973030462861065 16.27865980938077 10.401686970144512 21.643030615523458 19.918894547969103 27.022372160106897 17.948245296254754 15.885640829801558 29.137781361117959 19.846945658326149 23.344786623492837 22.947179589420557 15.181595034897326 16.280990097671747 20.689926363527775 19.423050418496132 21.477102614939213 24.081852398812771 22.795844040811062 12.805421162396668 20.016499571502209 15.426872108131645 26.652563698589802 14.307940814644097 20.785983342677355 22.512317091226578 14.536639187484978 15.679664228111504 16.420739136636257 11.584722923114898 10.22094479203224 14.334059452638028 13.451662948355077 18.151479072868824 17.280145671218634 6.9728832282125941 18.1761564463377 23.016941674053669 20.015384279191494
leaf_count=127 93 138 86 92 81 305 80 57 147 103 146 150 80 142 99 128 127 75 83 106 101 114 124 142 95 96 123 129 139 105 116 82 94 80 122 100 130 130 97 124 61 96 115 104
internal_value=0 -0.00137195 -0.00852187 0.0190681 -0.0125791 -0.0151871 0.00177862 0.000502297 -0.0107913 -0.00263234 0.0112277 -0.0142159 0.00388961 0.00688233 0.00899773 0.0139487 -0.00313298 0.00947926 0.0039677 -0.00308607 0.0238687 0.0269161 -0.0097504 -0.00923945 -0.00518687 -0.00865694 -0.0142942 0.00925279 -0.00402135 -0.0189751 0.00438115 -0.00821094 -0.00300642 0.00586095 -0.0294607 -0.0153297 -0.025448 -0.0130174 0.0322302 -0.0332031 -0.0425176 -0.00791213 -0.0186082 -0.00358703
internal_weight=0 816.313 249.161 31.4685 217.693 202.919 567.152 542.731 124.72 103.077 46.9413 56.1357 418.011 335.473 306.335 217.44 88.8953 175.944 134.62 100.015 34.6046 41.324 79.325 153.693 130.897 118.091 94.0693 49.5997 56.8368 55.2431 42.5288 82.5381 68.0014 52.3218 37.2325 21.8057 38.1874 23.8533 41.4963 49.2261 31.9459 34.4571 39.2956 35.901
internal_count=5064 4971 1820 178 1642 1561 3151 3024 863 716 249 467 2161 1721 1579 1128 451 903 690 514 176 213 408 1071 929 834 696 256 351 284 212 440 358 264 345 222 317 187 225 490 366 179 195 184
is_linear=0
shrinkage=0.05


Tree=68
num_leaves=48
num_cat=0
split_feature=10 283 295 288 263 48 281 63 88 33 30 50 260 105 84 33 273 2 296 32 279 31 212 259 278 34 102 291 31 298 287 74 154 209 94 31 182 117 280 61 291 291 44 288 263 277 284
split_gain=9.28267 7.96557 8.6285 8.21396 8.57705 9.07762 6.71483 7.7185 6.40405 6.35314 5.99458 5.86463 5.55697 6.4916 5.37631 7.50152 5.91575 5.64546 5.21944 9.73263 5.9246 4.74692 5.1241 4.53591 8.53947 4.36716 4.14971 6.5646 6.25882 4.10496 4.08218 3.74507 6.36585 5.12304 3.72049 3.44887 3.40375 3.31733 2.92685 2.56325 2.42572 2.388 2.08007 2.02346 1.5552 1.22662 0.287939
threshold=0.29166666666666669 0.34057971014492755 0.95000000000000118 0.29342972903661901 88.444643390935639 1.5877304742685165 90.416667022409428 91.750000000000014 1.1250000000000002 -1.8934362934362936 0.8481518481518483 0.87017310252996016 4.2346724667781599 10.500000000000002 73.500000000000014 -2.4555984555984551 87.913096756931949 82.750000000000014 12.500000000000002 0.4877323605227169 -2.6372254349237845 1.4217391304347828 4.5000000000000009 -5.8789122344951599 85.516652713893066 0.40588600588600571 8.5000000000000018 0.83602150537634423 0.55043478260869583 2.3666666666666671 0.9999999658430011 7.7500000000000009 4.2500000000000009 2.7500000000000004 58.500000000000007 1.5556914851796526 4.5000000000000009 7.3125000000000009 81.721086009475172 90.500000000000014 0.87750000000000006 0.85449735449735453 7.5000000000000009 0.82414472752956958 89.318165452569943 -1.7210859029713061 1.6095238095238098
decision_type=2 2 2 2 2 2 2 2 2 2 2 2 2 2 2 2 2 2 2 2 2 2 2 2 2 2 2 2 2 2 2 2 2 2 2 2 2 2 2 2 2 2 2 2 2 2 2
left_child=1 2 -1 4 12 -6 9 8 39 -7 14 -3 26 -14 34 41 17 -17 19 -5 36 31 29 24 38 46 30 28 -28 43 -4 32 -22 45 -2 42 -21 -11 -12 -8 -18 -16 -29 -23 -26 -34 -25
right_child=10 11 3 18 5 6 7 -9 -10 37 23 -13 13 -15 15 16 40 -19 -20 20 21 22 -24 25 44 -27 27 35 -30 -31 -32 -33 33 -35 -36 -37 -38 -39 -40 -41 -42 -43 -44 -45 -46 -47 -48
leaf_value=0.035859556076289434 -0.0012062948774863704 -0.0011559338572338935 -0.020447879228558039 -0.03442511384250211 -0.030279896263583933 0.017965143263614682 0.020501953494492409 -0.0086742827406617803 -0.0003155141539936996 -0.0010637455932373484 -0.0062299094970990855 -0.035049160891638821 0.057885398388475201 0.012848633168604882 0.03650807411227338 -0.011908118464193283 -0.044263573725871488 0.029353500006499986 0.024066367483037213 -0.0035787869174633033 0.03935780783425688 -0.043691620677703255 0.011936812632846967 -0.030121063944310696 -0.048087827892582521 -0.0070088614619325173 -0.012776381168222771 0.022951641830444968 0.021572525590319722 0.0044654903491152306 0.012110214272586996 -0.0080480602727861141 0.0024817961069458425 0.020861636222441509 -0.038415206454199734 0.0091056961065479509 -0.036605553395036371 -0.02820503860124279 0.027156879228745868 0.046824175440837418 -0.0079537585659079386 0.0083094723064181652 0.048117081636753073 -0.014345089608232173 -0.01479265094190782 -0.01691511266428353 -0.052942043572785258
leaf_weight=21.452204093337059 12.877428095787765 31.956927545368671 15.882148280739782 24.067090757191181 19.404433734714985 17.336381319910288 20.686777114868164 25.33122917637229 18.991315137594938 19.466363213956356 13.032170260325076 20.329035742208362 15.34829220548272 17.124650292098522 16.375803541392091 18.096123643219475 9.941943898797037 13.718662913888691 15.481187611818312 15.134943643584849 18.205109432339668 13.029698533937337 18.917438944801688 7.4805870782584014 9.4033804498612898 10.768447758629916 25.856422558426857 18.765083521604538 25.259057987481356 12.076252305880187 21.422494295984507 23.946447510272264 15.033177599310873 29.319465111941099 13.199917187914251 16.410977445542812 15.644300539046524 25.965928234159946 11.64086329564452 21.050400529056787 8.8488469682633859 14.547676652669905 20.591084402054548 12.595209632068871 7.1628113463520995 16.240623854100708 13.630585867911575
leaf_count=117 89 140 109 127 117 87 105 148 103 103 93 152 84 91 92 112 108 80 83 95 91 88 121 113 98 100 133 102 136 91 117 131 74 140 76 98 86 136 76 109 77 83 117 91 85 86 165
internal_value=0 0.00379113 0.00543907 0.00424299 0.00911147 0.00101414 0.00526917 0.0142707 0.023827 -0.00710271 -0.00899359 -0.0147442 0.0167734 0.0352286 -0.00144285 0.00491379 -0.00693761 0.00623638 -0.00307509 -0.00513935 -0.00127183 0.00264347 -0.00888363 -0.0199363 -0.00864501 -0.0338356 0.012403 0.0173747 0.0042856 -0.0193693 -0.00192308 0.00902 0.0142428 0.00618051 -0.020764 0.0290851 -0.0209891 -0.0168492 0.00996638 0.0345627 -0.0284306 0.0239181 0.0369842 -0.0303477 -0.0353535 -0.00780311 -0.0465836
internal_weight=0 648.322 596.036 574.584 344.893 168.233 148.828 86.0597 60.7285 62.7687 180.725 52.286 176.66 32.4729 107.606 81.5291 50.6056 31.8148 229.691 214.21 190.143 159.363 56.6186 73.1188 41.2392 31.8796 144.187 106.883 51.1155 37.7012 37.3046 102.745 78.7984 60.5933 26.0773 55.7671 30.7792 45.4323 24.673 41.7372 18.7908 30.9235 39.3562 25.6249 16.5662 31.2738 21.1112
internal_count=5055 3608 3316 3199 1895 908 791 465 317 326 1447 292 987 175 717 552 377 192 1304 1221 1094 913 391 730 352 378 812 586 269 270 226 522 391 300 165 317 181 239 169 214 185 175 219 179 183 160 278
is_linear=0
shrinkage=0.05


Tree=69
num_leaves=46
num_cat=0
split_feature=154 10 48 226 288 283 31 47 272 235 188 272 272 109 116 44 272 198 6 145 101 114 104 58 30 211 199 101 1 140 299 33 29 220 274 2 7 287 291 279 32 291 119 36 33
split_gain=8.96358 7.72103 6.52376 8.0387 7.47393 6.49244 7.06125 7.04203 7.08771 6.46549 6.17733 6.08663 8.34594 6.03454 5.7885 5.5483 6.43824 6.09051 6.85227 6.39127 7.87175 5.09179 5.87141 7.07389 6.45648 6.26478 5.72012 4.87242 4.86485 6.58926 5.87213 4.77533 4.38215 4.15695 5.60389 4.07553 4.02154 3.83413 3.72363 3.41767 3.31164 3.998 2.87477 2.55821 1.1523
threshold=80.250000000000014 0.54166666666666685 1.926969787330479 53.500000000000007 -0.159513159777915 -0.43303571428571425 -1.0704968944099373 0.87413590716222 -2.2739141917961017 16.500000000000004 69.500000000000014 -1.6967491917413133 -1.7695843983369641 161.25000000000003 115.00000000000001 22.500000000000004 -1.9981411206050599 2.8750000000000004 77.250000000000014 2.5000000000000004 9.5000000000000018 75.000000000000014 3.5000000000000004 20.500000000000004 1.6153846153846156 3.5000000000000004 11.500000000000002 12.500000000000002 80.125000000000014 18.500000000000004 0.80459903181144277 -1.219305019305019 1.21764705882353 1.5000000000000002 -1.3928133364671063 78.750000000000014 11.250000000000002 0.99999999999998224 0.98936170212765961 -2.2192719722298322 1.3283783783783787 0.72902097902097907 7.6250000000000009 1.7892408487834766 -1.8100386100386097
decision_type=2 2 2 2 2 2 2 2 2 2 2 2 2 2 2 2 2 2 2 2 2 2 2 2 2 2 2 2 2 2 2 2 2 2 2 2 2 2 2 2 2 2 2 2 2
left_child=1 2 3 4 32 9 -7 8 13 36 -5 12 15 28 35 17 -17 37 19 31 -21 26 -23 24 25 33 -13 38 -8 40 -31 -19 -1 -24 -35 -6 -4 -10 44 -11 41 -30 -15 -38 -3
right_child=-2 27 5 10 14 6 7 -9 11 39 -12 21 -14 42 -16 16 -18 18 -20 20 -22 22 23 -25 -26 -27 -28 -29 29 30 -32 -33 -34 34 -36 -37 43 -39 -40 -41 -42 -43 -44 -45 -46
leaf_value=0.031404416458187381 0.037489817719588564 -0.020713313997496919 0.043465069253745485 -0.045429430709630424 -0.037403775329083774 0.033920376763130006 -0.02489771733348653 -0.026343811543609999 0.0041247692094079202 -0.015284316746066562 -0.0079859264646537868 -0.0024934081400897583 0.036984706798480003 -0.0084731685662559168 0.012135382575444392 0.041669519312460462 -0.0018803604503687483 -0.017839767146501428 0.017770790255471871 -0.0026002994688652677 -0.05219364617843554 0.024182484205988002 -0.0028232418961385902 -0.028035624494916856 -0.023372187987518764 -0.013754484644351785 -0.044398258846575243 0.002957121263316773 0.019917145110108638 -0.026593028565068733 0.011319235147100835 0.019118338823864378 -0.0029348780860631472 0.040559037107242346 0.0042783269234895806 -0.0032994675084373052 0.0005645432452704354 0.038133761705461955 -0.0041287235772458067 0.01463098090287163 0.030519054880872504 -0.013720571979302569 -0.041758251408925653 0.027704727968658135 -0.04892625484472294
leaf_weight=20.600869737565517 14.99844093620777 7.5969847757369271 20.194985635578632 20.814029622823 20.588599555194378 14.794604472815989 19.760369017720222 23.2199891153723 18.438857389613986 18.92625830322504 23.30655088275671 21.101516595110297 26.212944526225328 11.429297976195814 15.841159913688896 20.254992375150323 13.988798338919876 15.404597066342829 23.006384164094925 15.036500662565233 16.373742703348398 24.775725172832608 17.888673881068826 20.620270486921072 17.386171955615282 20.974333219230175 12.394265994429587 16.385500889271498 17.764400519430637 26.535314545035362 15.513257928192614 17.719380659982562 16.025278814136982 24.971224136650559 18.474673833698038 15.094949554651974 16.442097052931786 14.47344399243593 10.067872870713471 17.333635956048965 17.858105711638927 15.744086720049379 16.156797129660845 17.499410457909107 15.305240124464037
leaf_count=116 83 72 98 124 150 77 108 131 122 93 133 138 159 81 114 134 102 89 133 83 87 149 104 142 130 115 86 109 94 154 82 110 108 136 104 88 82 78 96 90 110 90 125 84 170
internal_value=0 -0.000303419 0.000950139 -0.00910127 -0.000312172 0.00307604 0.000982062 -1.17439e-05 0.0012606 0.0153976 -0.0262654 0.00498293 0.0114208 -0.00821409 -0.0124937 0.00687931 0.0243306 0.00175858 -0.0051576 -0.013478 -0.0292654 -0.00156592 0.00252289 -0.00209989 0.00348963 0.00937612 -0.0188368 -0.0192652 -0.00300143 0.001845 -0.0126678 0.00191154 0.016701 0.0173798 0.0255746 -0.0234601 0.0261825 0.019764 -0.0300712 -0.000974779 0.0137402 0.00417274 -0.0287466 0.0149498 -0.0408258
internal_weight=0 810.296 760.941 132.271 88.1509 628.669 538.273 523.478 500.258 90.3964 44.1206 359.496 180.91 140.762 51.5247 154.697 34.2438 120.453 87.5406 64.5342 31.4102 178.587 145.091 120.315 99.6951 82.3089 33.4958 49.3556 113.176 93.4152 42.0486 33.124 36.6261 61.3346 43.4459 35.6835 54.1365 32.9123 32.9701 36.2599 51.3666 33.5085 27.5861 33.9415 22.9022
internal_count=5063 4980 4533 833 576 3700 3253 3176 3045 447 257 2201 1097 844 352 938 236 702 502 369 170 1104 880 731 589 459 224 447 638 530 236 199 224 344 240 238 264 200 338 183 294 184 206 166 242
is_linear=0
shrinkage=0.05


Tree=70
num_leaves=48
num_cat=0
split_feature=10 101 282 50 283 279 272 66 288 29 209 39 116 74 98 283 9 288 146 296 235 58 137 235 232 283 277 36 291 137 154 260 63 84 150 279 279 150 55 272 87 34 284 156 34 214 117
split_gain=8.22911 5.62584 6.00111 6.04668 7.65358 7.6113 5.61052 5.76885 5.73195 7.12457 5.66078 5.48447 5.67978 6.22073 7.23302 12.2267 6.6101 5.76105 11.5599 5.13751 4.95327 4.843 6.35414 4.79697 4.75481 4.75267 5.74734 4.78549 9.5363 4.62943 7.16366 5.31998 4.60466 3.94261 3.81495 3.79533 5.0186 3.63804 3.40162 3.24258 3.11832 3.02062 2.78577 4.54105 2.62977 2.17121 1.47212
threshold=0.29166666666666669 17.500000000000004 -3.7499999999999996 0.41611185086551272 0.31009615384615391 -1.5340447459604822 -2.3289043058751635 1.5000000000000002 -0.01397611846945947 -0.64285714285714246 10.250000000000002 0.19090909090909094 25.000000000000004 6.2500000000000009 0.31250000000000006 -0.2696969696969696 1.7500000000000002 0.24372619187392155 3.2500000000000004 7.5000000000000009 11.500000000000002 19.500000000000004 35.500000000000007 11.500000000000002 41.750000000000007 0.093073593073593086 -1.4021738370361201 1.5238585621733911 0.9582608695652175 14.500000000000002 7.2500000000000009 3.3869364445256873 84.750000000000014 76.500000000000014 14.500000000000002 -2.7614802667583627 -2.1561641081441381 15.500000000000002 777.50000000000011 -1.4628987747819948 65.687500000000014 -0.22389502389502411 1.804761904761905 19.500000000000004 -0.45684045684045699 1.0000000180025095e-35 7.1875000000000009
decision_type=2 2 2 2 2 2 2 2 2 2 2 2 2 2 2 2 2 2 2 2 2 2 2 2 2 2 2 2 2 2 2 2 2 2 2 2 2 2 2 2 2 2 2 2 2 2 2
left_child=1 2 23 -4 6 -6 7 8 9 -5 11 -8 38 17 16 -16 24 18 -14 -9 41 22 25 -1 -15 26 27 28 37 30 32 -32 44 -27 -29 -11 -37 -2 -13 40 -19 -20 46 -44 -17 -10 -23
right_child=21 -3 3 4 5 -7 10 19 45 35 -12 12 13 14 15 29 -18 39 20 -21 -22 42 -24 -25 -26 33 -28 34 -30 -31 31 -33 -34 -35 -36 36 -38 -39 -40 -41 -42 -43 43 -45 -46 -47 -48
leaf_value=0.03474302605008063 0.0093161048415092412 0.030355383519836989 0.024641174226772807 0.016351936071801285 -0.03873527045099627 0.0051466749096009644 0.028334361868645793 -0.01018759142104483 -0.044484674789293882 0.0025946024140900354 -0.022327077779101742 -0.0004923524356896836 0.031447970027205306 -0.030763948855085745 0.051821022917650894 0.010123034763620295 0.023256113071848133 -0.0082513124666470736 -0.0358690802037544 0.027833146777312454 0.0075285889002515028 -0.017494383293538994 0.019430491481243012 0.000318745029740851 0.0046747158286843367 -0.050153970006831854 -0.026778273364413477 -0.035459462960513992 0.047343812194668822 0.032291716020516399 -0.032892239697335922 0.006911058061095772 -0.0050427887394665551 -0.0058639105675222271 0.0068923922177515379 -0.04295759119547192 -0.0064916380379552155 -0.021857299272818067 -0.034086685927658671 0.00081095648989838601 -0.039336461700504512 -0.0044713467183253135 0.0076992842846386467 -0.032236174953568453 0.041157248334661056 -0.017184939239046702 -0.04918189902864422
leaf_weight=22.500229679048061 24.773984417319298 16.339054115116596 23.275825407356024 24.735746081918478 24.191883593797684 15.911268543452023 23.27929375320673 15.778500769287346 14.409233832731841 19.463031547144055 18.463404010981321 15.371330693364145 28.50641630589962 19.817412031814456 21.97120413929224 12.17508905939758 15.43692536652088 16.421896912157536 14.956717953085901 18.217204868793488 30.450059320777655 7.5211283080279854 21.446925278753042 17.806722722947598 16.931811645627022 10.912726351991298 21.494844663888216 11.563071662560107 12.056264523416756 19.158840492367744 15.290602810680864 16.733671123161912 14.152158575132487 9.2044135276228172 8.7363248132169229 17.736145310103893 19.858358364552259 13.706018462777136 13.837297864258288 20.378491066396236 16.247541543096304 15.359660323709248 13.508270200341942 13.350055696442721 17.411378035321832 17.870201947167516 11.327688833698629
leaf_count=114 157 84 108 126 153 110 138 95 79 107 103 101 155 121 105 74 76 85 78 90 159 60 126 92 98 143 137 114 64 101 91 104 89 101 73 97 110 112 99 105 83 82 119 105 101 108 147
internal_value=0 0.00225405 0.0014833 0.00020106 -0.000837402 -0.0216231 0.000771863 -0.00746072 -0.0128275 -0.00563261 0.00397114 0.00536302 0.00371467 0.00570672 0.0121618 0.0190241 -0.00327793 -0.00199332 0.00575133 0.0103996 -0.00661731 -0.00980802 -0.00493042 0.019911 -0.0147447 -0.00970705 -0.00475658 0.00220558 0.0104162 0.0109716 0.00522972 -0.0125143 0.0182108 -0.0311268 -0.0177645 -0.0152809 -0.0243627 -0.00205979 -0.0170089 -0.0148919 -0.0244201 -0.0206123 -0.023685 -0.0125954 0.0291349 -0.0303418 -0.0380562
internal_weight=0 650.445 634.106 593.799 570.523 40.1032 530.42 148.068 114.073 81.7933 382.351 363.888 340.609 311.4 169.079 116.893 52.1861 142.321 89.2729 33.9957 60.7664 179.602 133.895 40.307 36.7492 112.448 92.3305 70.8357 50.5363 94.9217 75.7629 32.0243 43.7386 20.1171 20.2994 57.0575 37.5945 38.48 29.2086 53.0479 32.6694 30.3164 45.7071 26.8583 29.5865 32.2794 18.8488
internal_count=5079 3621 3537 3331 3223 263 2960 812 627 440 2148 2045 1907 1707 960 665 295 747 474 185 319 1458 1027 206 219 901 657 520 333 560 459 195 264 244 187 314 207 269 200 273 168 160 431 224 175 187 207
is_linear=0
shrinkage=0.05


Tree=71
num_leaves=48
num_cat=0
split_feature=9 69 113 282 78 272 75 3 108 284 107 283 33 263 57 121 107 107 220 33 80 115 220 146 145 74 283 30 277 157 115 58 171 117 44 272 285 88 214 182 209 278 57 156 107 259 30
split_gain=9.35208 7.01848 5.91865 5.65734 6.60714 5.95844 6.60242 7.99493 6.05511 5.73681 6.09405 5.54798 5.1239 6.45986 6.31482 6.26121 5.86326 6.37093 8.05481 7.16182 6.49368 6.30912 7.67857 6.26358 6.6485 6.50384 6.03756 5.12246 4.45684 4.3195 4.05396 4.51565 4.02659 5.40588 4.00228 3.93669 3.56525 3.14781 3.08638 3.38763 3.0866 2.74747 2.66384 2.52061 1.98614 1.72496 1.65418
threshold=4.5000000000000009 84.500000000000014 25.000000000000004 -2.2499999999999996 0.31250000000000006 -2.4760040338831915 1.0000000180025095e-35 87.750000000000014 8.7500000000000018 2.8452380952380958 60.625000000000007 -0.15587044534412953 3.817760617760618 91.564490717318719 8.2500000000000018 6.5000000000000009 96.875000000000014 154.37500000000003 7.5000000000000009 -0.22471042471042477 80.875000000000014 105.00000000000001 7.5000000000000009 12.500000000000002 26.500000000000004 6.2500000000000009 0.07417582417582419 2.454545454545455 -2.1538995194642996 7.5000000000000009 265.00000000000006 10.500000000000002 1.5000000000000002 7.3125000000000009 7.5000000000000009 -1.8211846647791043 13.156250000000002 1.3750000000000002 1.0000000180025095e-35 5.2500000000000009 1.2916750000000004 85.444741143510598 10.500000000000002 3.5000000000000004 219.37500000000003 -8.6405930605580981 1.0234965034965036
decision_type=2 2 2 2 2 2 2 2 2 2 2 2 2 2 2 2 2 2 2 2 2 2 2 2 2 2 2 2 2 2 2 2 2 2 2 2 2 2 2 2 2 2 2 2 2 2 2
left_child=2 -2 29 4 46 6 11 8 41 10 -7 -5 13 14 34 -16 21 23 19 20 44 22 38 24 26 -25 28 30 -18 37 31 -6 33 -33 -12 -21 -20 -1 39 -17 -40 -8 -30 -28 -19 -44 -4
right_child=1 -3 3 5 27 9 7 -9 -10 -11 12 -13 -14 -15 15 16 17 18 36 35 -22 -23 -24 25 -26 -27 43 -29 42 -31 -32 32 -34 -35 -36 -37 -38 -39 40 -41 -42 -43 45 -45 -46 -47 -48
leaf_value=-0.048335504520343575 0.043732044215218528 0.0040051509053575613 0.012976094132629651 -0.0099768449211518912 0.031766151868090196 0.027780798645934274 -0.01342856557460871 0.020755607477458155 0.0049790713712826694 -0.024281880461604583 0.0029112032626465896 -0.053450365519619708 -0.02164150164210989 -0.028213506762362808 0.026850227948448203 -0.014855117836787763 -0.0039032864406973338 0.04835364623110823 -0.048446384644905333 0.0054982142231997828 -0.010393542018858538 -0.032391718633721832 0.028971541180153732 -0.026237453614023628 0.047980699159566903 0.017828075171460737 0.0099608371650842971 -0.017877017182282146 0.0079705570413532399 -0.0024027488768578291 -0.014746278231081177 0.030614470679586333 -0.013468662107502511 -0.0034721034835897011 -0.028589301931842521 -0.038277585408390227 -0.0074564301841446778 -0.011761775494837111 -0.036139993876562672 0.016771956216671068 -0.0040830492309799887 -0.046889461882329002 0.046563142517359102 -0.020165681525062935 0.017211441901514673 0.02404344853467355 0.035697029431899181
leaf_weight=13.070726001635196 19.501024093478918 24.78086245059967 15.424503043293951 14.580185685306789 20.432411760091782 19.352607175707817 12.693879075348379 20.102779386565089 18.952035326510668 22.524223389104009 16.641700778156519 15.021688457578419 25.216427944600582 16.892094407230616 28.256140602752566 15.202202416956426 14.399247910827397 11.40014558285475 11.053674412891271 9.1414528358727711 11.959454173222182 19.274281490594149 15.811216972768305 17.386856012046341 15.636609248816965 14.443225499242542 11.702167684212329 23.765055254101753 14.990637544542549 23.172185091301799 16.294275641441345 21.77290278673172 19.346708737313747 23.402638860046864 23.939939111471176 10.10743132419884 10.238783737644551 11.55208766646683 14.493740402162077 16.746766429394484 15.128712460398672 13.311610933393238 15.688615906983605 14.559222333133219 11.65396806411445 28.062655467540033 20.683717049658298
leaf_count=120 141 129 78 82 106 119 79 136 120 145 95 108 154 131 147 80 85 67 75 84 85 125 89 105 86 88 80 121 84 144 81 104 94 117 148 91 106 121 96 93 91 88 85 106 114 152 98
internal_value=0 0.0220796 -0.00129632 -0.000165701 0.00807201 -0.00251847 -0.013897 -0.00480787 -0.0164415 -0.000211421 0.0010463 -0.0330635 -0.000218504 0.00116602 0.00251461 0.00470704 0.0026684 0.0071282 -0.00463031 0.00566904 0.0189565 -0.00756227 -0.00104346 0.0131676 0.0185643 -0.00630828 0.0135051 0.00255117 0.0208142 -0.0181541 0.00747399 0.0118578 0.00516479 0.0132636 -0.0159122 -0.0182433 -0.0299544 -0.0323052 -0.00909098 0.00172881 -0.0204359 -0.0316585 0.026837 -0.00686825 0.0339811 0.0329787 0.0266025
internal_weight=0 44.2819 775.484 727.689 161.122 566.566 94.6622 65.0603 44.9575 471.904 449.38 29.6019 430.027 404.811 387.919 347.337 319.081 222.424 75.5549 54.2625 35.0136 96.6569 77.3826 146.869 115.039 31.8301 99.4025 125.014 73.1412 47.795 101.249 84.9547 64.5223 45.1755 40.5816 19.2489 21.2925 24.6228 61.5714 31.949 29.6225 26.0055 58.7419 26.2614 23.0541 43.7513 36.1082
internal_count=5073 270 4803 4418 799 3619 613 423 287 3006 2861 190 2742 2588 2457 2214 2067 1493 622 441 266 574 449 871 678 193 592 623 406 385 502 421 315 221 243 175 181 241 360 173 187 167 321 186 181 237 176
is_linear=0
shrinkage=0.05


Tree=72
num_leaves=48
num_cat=0
split_feature=9 51 301 50 282 48 47 272 295 39 14 46 88 289 56 235 101 54 278 31 69 287 273 187 226 277 277 288 273 41 69 99 187 195 72 34 260 108 117 49 142 289 108 44 143 40 291
split_gain=9.13787 10.0049 11.7206 9.73751 7.25347 6.28558 5.20186 6.99443 6.58157 7.03433 7.18727 6.56344 8.12345 6.43635 5.17654 5.14782 4.87887 6.5231 5.26954 4.7529 4.65395 4.60291 4.52659 4.5003 4.98733 5.02659 5.195 4.3838 4.24591 4.8384 3.63848 3.63601 4.56508 3.58625 5.70868 3.29801 3.27688 3.23465 3.17339 2.96471 2.91047 5.82407 4.32333 2.80637 2.54627 1.28738 0.025432
threshold=3.2500000000000004 2.5000000000000004 0.03196811900243323 0.66511318242343553 1.7500000000000002 3.5911767021779197 -0.095942078730857347 -2.6599670323788893 0.85000000000000064 0.52272727272727282 0.097222222222222224 82.500000000000014 1.5625000000000002 0.65720762023595369 10.500000000000002 3.5000000000000004 12.500000000000002 727.50000000000011 91.429697763764324 0.37304347826086975 80.500000000000014 0.0025960767994360799 81.797717878945022 70.250000000000014 58.500000000000007 -1.675715354672878 -1.2391734666940775 -0.814291907305839 87.993045316131074 8.5000000000000018 85.500000000000014 9.8750000000000018 20.750000000000004 59.500000000000007 82.750000000000014 -0.40819720819720856 2.5333067643405589 3.035699999999999 6.4375000000000009 -0.83626259324199814 41.500000000000007 -0.14250536273956091 6.2500000000000009 7.5000000000000009 20.750000000000004 1.7500000000000002 1.0741758241758244
decision_type=2 2 2 2 2 2 2 2 2 2 2 2 2 2 2 2 2 2 2 2 2 2 2 2 2 2 2 2 2 2 2 2 2 2 2 2 2 2 2 2 2 2 2 2 2 2 2
left_child=1 2 4 -3 5 6 7 27 -9 16 13 -8 14 23 -13 -15 17 35 21 -12 -18 -19 -7 24 25 31 -27 -1 29 -21 -16 32 -11 34 -2 -10 -22 -4 -6 -35 41 -23 -43 -29 -30 46 -39
right_child=33 3 37 -5 38 22 11 8 9 10 19 12 -14 15 30 -17 20 18 -20 28 36 40 -24 -25 -26 26 -28 43 44 -31 -32 -33 -34 39 -36 -37 -38 45 -40 -41 -42 42 -44 -45 -46 -47 -48
leaf_value=-0.038872031317866575 0.02735699619529915 -0.003652750118727881 -0.0039130471869711671 0.042206520693949243 -0.0070697575834871478 0.0028956481351025557 0.015543342884798623 0.034001966929198234 -0.017430976957240024 -0.014831336135695684 -0.032324364779378008 -0.056076928774421012 0.0039816085788370722 0.0042382010929662229 -0.03171676011483849 0.040933936230468447 -0.015035349714392215 0.014440216284568054 0.022689077459013034 -0.012009441000235618 -0.0016216282847430681 -0.046065254183894823 0.03314770776468378 -0.018766865163747481 0.025339385894441069 -0.027880084915898263 0.006645140717537518 -0.022407370341222171 -0.00015257132282597534 0.024119439858319186 -0.00067955452047130946 0.025905211725197802 0.016442125811276655 0.039603567320020558 -0.014458855291976306 -0.051594909927855648 0.027144669628450524 -0.052503572836267165 -0.045301559867893637 0.0092435613534169511 0.002192795574713787 0.0078701886087212351 -0.02705631636048127 0.009181735694827586 -0.035351537501433009 -0.020320109322206667 -0.02915284644779715
leaf_weight=16.987144697457552 13.782389625906946 22.038443580269814 8.208811376243828 23.043599031865597 9.7098985053598899 30.301133427768946 15.369857020676134 13.616345599293707 17.716593792662028 20.13841650262475 15.333799704909323 13.67005694285035 25.047403808683157 15.490727640688418 24.569953044876456 25.061624515801668 19.995328780263662 13.553493741899727 12.337588064372538 15.52985051833093 17.97282388061285 16.419910784810774 20.142372366040945 16.525592237710953 31.531420536339283 20.498499009758234 21.465225350111723 12.86702234297991 9.2858165279030818 20.377906151115894 15.042132195085285 25.419332422316074 25.07993096485734 20.399325419217348 17.277252450585365 12.874040044844149 20.752661924809217 12.927675897255542 12.683824814856051 14.110487058758734 15.342994496226309 16.707459218800075 17.058799337595701 13.432630162686108 10.526184998452662 8.3354858253151196 4.8699544910341492
leaf_count=96 99 96 120 115 59 158 79 71 110 107 90 86 137 87 146 130 108 77 90 105 109 132 104 79 149 109 112 71 87 118 93 128 127 121 88 86 113 206 143 79 87 103 134 89 85 88 84
internal_value=0 -0.0023885 -0.00384727 0.0201954 -0.00237704 -0.00139636 -0.00282193 -0.00082157 0.000978726 -8.66086e-05 0.00498351 -0.013584 -0.0194233 0.00980029 -0.0302963 0.0273558 -0.00770991 -0.0133741 -0.00652548 -0.00860344 0.00408618 -0.0113096 0.015385 0.00522724 0.00808864 0.00307744 -0.0104762 -0.0198119 -0.00162075 0.00859193 -0.0202378 0.0111631 0.00249465 0.0169342 0.00437103 -0.0329869 0.0140892 -0.0319199 -0.0297351 0.0277998 -0.0167725 -0.0225001 -0.0100455 -0.00652781 -0.0196539 -0.0402488 -0.0480049
internal_weight=0 755.86 710.778 45.082 676.436 654.042 603.599 509.899 466.612 452.996 272.264 93.6994 78.3295 201.211 53.2821 40.5524 180.732 122.011 91.4202 71.0536 58.7208 79.0827 50.4435 160.658 144.133 112.601 41.9637 43.2868 55.7198 35.9078 39.6121 70.6377 45.2183 65.5695 31.0596 30.5906 38.7255 34.3419 22.3937 34.5098 65.5292 50.1862 33.7663 26.2997 19.812 26.1331 17.7976
internal_count=5090 4703 4492 211 3994 3792 3530 2989 2733 2662 1513 541 462 1028 325 217 1149 819 623 485 330 533 262 811 732 583 221 256 395 223 239 362 234 387 187 196 222 498 202 200 456 369 237 160 172 378 290
is_linear=0
shrinkage=0.05


Tree=73
num_leaves=48
num_cat=0
split_feature=212 282 30 209 9 260 119 30 50 282 138 198 282 116 57 101 287 78 112 192 47 1 198 158 234 12 297 298 113 260 272 29 288 39 74 301 277 272 283 233 146 232 32 34 32 78 117
split_gain=6.76533 6.73658 10.1096 8.9101 8.24788 6.23781 5.59713 5.05421 9.5024 4.92671 7.45674 4.82653 5.36279 5.56697 8.3322 5.76298 5.18126 7.70427 7.45492 8.1976 5.3553 5.06339 6.9227 6.62286 4.66287 4.30372 4.4348 5.44266 4.28837 4.23951 4.61366 4.73397 3.7582 3.5442 3.54331 3.20392 3.51076 2.96643 4.76474 2.92704 2.64376 2.56821 2.53959 6.41363 2.37654 0.424039 0.915659
threshold=9.5000000000000018 1.0000000180025095e-35 0.97342657342657346 9.2500000000000018 6.5000000000000009 -3.2702489372935597 6.8750000000000009 0.71378621378621399 0.67709720372836235 1.7500000000000002 28.500000000000004 61.875000000000007 -3.7499999999999996 65.000000000000014 10.500000000000002 9.5000000000000018 3.6807391052627978e-05 1.1250000000000002 115.00000000000001 23.750000000000004 -0.088279740330733589 78.500000000000014 1.1250000000000002 8.5000000000000018 27.500000000000004 0.10416666666666667 7.2500000000000009 1.8750000000000002 105.00000000000001 6.7254298868072242 -2.3113166698055871 -1.0026578073089694 0.95242846126021108 0.63068181818181823 5.7500000000000009 1.0345770189858206e-15 -1.6565571177924243 -1.6596123322866803 -0.21583850931677015 73.500000000000014 8.5000000000000018 3.7500000000000004 0.67567567567567588 -0.70679590679590665 1.4231660231660237 1.1250000000000002 7.7708250000000012
decision_type=2 2 2 2 2 2 2 2 2 2 2 2 2 2 2 2 2 2 2 2 2 2 2 2 2 2 2 2 2 2 2 2 2 2 2 2 2 2 2 2 2 2 2 2 2 2 2
left_child=1 3 5 4 11 -3 -4 9 -9 10 35 12 40 14 15 -14 17 44 19 25 29 41 -23 -24 -25 42 27 -27 -22 30 39 -32 45 -5 -21 36 -7 38 -33 -20 -1 -16 -18 -44 -15 -8 -47
right_child=-2 2 6 33 -6 7 32 8 -10 -11 -12 -13 13 16 21 -17 18 -19 20 34 28 22 23 24 -26 26 -28 -29 -30 -31 31 37 -34 -35 -36 -37 -38 -39 -40 -41 -42 -43 43 -45 -46 46 -48
leaf_value=0.036147330759224217 -0.029529697616354846 0.026742330326958205 0.0015573006986365329 -0.0056514510994977937 0.038977758863527168 -0.022711409716483024 -0.050972162587553597 -0.014158872109594003 0.030727889789630432 -0.03669101716400875 0.025587588156479338 -0.021694871395838568 -0.048914335248217089 -0.008501622882756547 -0.029636134695455615 -0.0066097167820678183 -0.0023213974162976099 0.014732324242547274 -0.0032486326680495089 -0.03830578646824883 -0.023250764727280424 0.040386166191875461 -0.018483402760930932 0.036053105406102223 -0.0019505556228105788 0.025262525697113725 -0.022308898425189155 -0.013596262759041744 0.011478466039948208 -0.00019365911610850611 0.0077531596723390966 0.064044774804322621 -0.00051708888652583307 -0.03875283363889076 -0.0057275376896863857 -0.033600716932547896 0.012936020510829148 0.021179628641324597 0.026884816840333531 0.02351813806209491 0.0093954654036452583 0.00046466426102592526 -0.0029722121068777307 0.036686932090924808 -0.038086626448195056 -0.044212868817737068 -0.013285575820572741
leaf_weight=16.889508817344904 18.519683351740241 16.552205936983228 12.09302414767444 16.504200305789709 15.579832278192042 12.901903402060269 18.207759631797675 23.441531375050545 21.887524237856269 16.396366374567151 13.146199662238358 17.87050349265337 15.517845191061499 12.585919290781023 15.273309493437411 16.411273747682571 14.77576984465122 18.772745719179511 24.109609492123127 15.987301476299761 14.413720484822987 12.603512804955242 24.46369456127286 13.975249856710436 17.297240782529116 17.801296159625053 19.953443594276905 16.413712743669748 20.046573981642723 25.51509016379714 21.55653665214777 16.673045106232166 5.7739406768232575 15.648846957832573 17.225117862224579 15.525309912860392 12.80614146590233 27.027068134397268 22.034056436270475 16.460611533373594 21.113119833171368 12.498039821162818 16.289222694933414 25.630690157413483 15.837498733773826 5.6167265214025957 5.6762189585715532
leaf_count=83 116 104 97 96 116 88 257 102 130 112 70 99 95 65 101 95 81 129 137 94 80 70 139 76 105 96 114 109 112 139 110 81 73 91 106 109 78 153 134 97 100 82 86 127 125 78 84
internal_value=0 0.000267059 -0.00820622 0.00277395 0.00421167 -0.00106327 -0.0277751 -0.00522181 0.00771051 -0.0134965 -0.00596665 0.00318223 0.00403595 0.00265635 -0.00632436 -0.0280312 0.00569815 -0.00965818 0.00790419 -0.000657233 0.0144398 0.00110128 0.0084072 0.000591488 0.0156237 0.00589776 -0.0041553 0.00676435 -0.00329378 0.0184197 0.0221067 0.0285378 -0.0375967 -0.0224448 -0.0220708 -0.0163946 -0.00513461 0.0351355 0.0441012 0.00791598 0.0219068 -0.0165444 0.0154082 0.021566 -0.0257205 -0.0445991 -0.0310131
internal_weight=0 790.78 180.025 610.755 578.602 132.657 47.3677 116.105 45.3291 70.7759 54.3796 563.022 545.152 507.149 128.04 31.9291 379.109 47.1962 331.913 144.077 187.836 96.111 68.3397 55.7362 31.2725 110.864 54.1685 34.215 34.4603 153.376 127.861 87.2907 35.2746 32.153 33.2124 41.2334 25.708 65.7342 38.7071 40.5702 38.0026 27.7713 56.6957 41.9199 28.4234 29.5007 11.2929
internal_count=5021 4905 1382 3523 3336 793 589 689 232 457 345 3220 3121 2938 763 190 2175 319 1856 813 1043 573 390 320 181 613 319 205 192 851 712 478 492 187 200 275 166 368 215 234 183 183 294 213 190 419 162
is_linear=0
shrinkage=0.05


Tree=74
num_leaves=50
num_cat=0
split_feature=282 51 295 107 282 76 220 220 33 32 53 220 157 75 288 193 108 77 90 93 229 284 215 36 291 291 118 283 117 278 273 155 40 146 56 6 99 99 283 0 13 285 259 32 35 283 233 54 58
split_gain=6.51473 7.16573 6.59142 7.14944 10.1301 7.8343 6.19585 5.40305 6.53942 5.23762 5.01906 4.91469 6.58427 5.51759 6.24358 4.80215 6.66114 5.61618 7.34685 5.34 4.50072 4.76849 4.16019 5.67199 4.36469 6.98057 4.11732 4.92059 4.65423 5.49802 8.42141 5.49412 5.86565 3.48594 3.4316 4.45626 4.07736 3.22048 3.13382 4.67673 3.40025 3.11151 3.06408 3.0523 2.34844 2.24546 2.24271 1.98361 1.03329
threshold=3.2500000000000004 9.5000000000000018 0.59999999999999998 194.37500000000003 -2.2499999999999996 1.5000000000000002 15.500000000000002 8.5000000000000018 -1.2868725868725872 1.0416988416988422 467.50000000000006 6.5000000000000009 8.5000000000000018 1.5000000000000002 -0.2270106897347694 19.750000000000004 28.750000000000004 78.562500000000014 65.125000000000014 63.500000000000007 45.500000000000007 2.3875000000000006 2.5000000000000004 1.1979518584481312 0.72902097902097907 0.9582608695652175 1.1250000000000002 0.14642857142857144 7.9062500000000009 91.246951954085787 89.189776128567033 35.500000000000007 1.7500000000000002 10.333350000000001 11.250000000000002 64.500000000000014 7.8750000000000009 7.0833500000000003 -0.060661764705882346 85.250000000000014 7.5000000000000009 11.937500000000002 -5.9402012438865146 1.4772200772200776 0.72330837703699991 -0.59411764705882342 63.500000000000007 772.50000000000011 15.500000000000002
decision_type=2 2 2 2 2 2 2 2 2 2 2 2 2 2 2 2 2 2 2 2 2 2 2 2 2 2 2 2 2 2 2 2 2 2 2 2 2 2 2 2 2 2 2 2 2 2 2 2 2
left_child=1 2 -1 4 11 7 15 8 -5 -7 47 13 -13 14 42 16 17 18 19 34 -17 26 24 -24 -19 41 27 28 29 30 31 32 -22 -32 -6 36 -36 -33 39 -30 -41 -26 -4 -16 48 -15 -11 -2 -10
right_child=10 -3 3 5 6 9 -8 -9 44 46 -12 12 -14 45 43 20 -18 22 -20 -21 21 -23 23 -25 25 -27 -28 -29 38 -31 33 37 -34 -35 35 -37 -38 -39 -40 40 -42 -43 -44 -45 -46 -47 -48 -49 -50
leaf_value=0.028023845739833155 -0.016024737376725922 0.028324609301481882 0.011847034811229402 0.0070750605734517837 0.01743714607562272 0.032862115263898678 0.028148072904559486 -0.054849280962624716 -0.05114542597864942 -0.021690323054480237 0.0057839687911619775 0.0051685003133598627 0.04819019836357092 -0.022352653975105548 -0.01769292772221678 -0.031703152992590605 -0.027955134982126175 0.021599180614195621 -0.029964205681035819 0.026919506043669356 -0.026401106554219362 -0.025976723300259432 0.0037232753232012044 0.037983848558306096 0.0007659933487324551 0.016656979245085326 -0.026091531690815378 -0.030496034236964717 0.016649954042832201 0.031986626501446527 -0.0026353327415512703 0.039097788574634314 0.015269521375155935 -0.039238624892537911 -0.013177864933857367 -0.027051137158676936 0.022303016504691183 0.0076732487005011594 -0.028694238575903419 -0.030716402498569363 0.0027662670233871097 -0.031655045923658275 0.040276246767177962 0.012128533141499609 -0.0091382817523805258 0.0033952631637942281 0.0088073704463606448 -0.046487994919008353 -0.023533548771721927
leaf_weight=19.200579386204481 11.263128256425263 21.754377797245979 18.341938588768244 17.695282937958837 13.512718576937912 10.538837380707262 15.105132425203918 11.168870529159902 10.801258810795849 12.5280126221478 11.668851658701895 16.675830215215683 18.735506478697062 16.19201398640871 14.737603224813936 18.030436422675848 16.709121530875564 22.358722269535065 21.532177098095417 16.366772331297398 14.118476953357456 26.189883947372437 22.52809925749898 25.660673037171364 11.753908589482309 22.101550133898854 17.537069290876389 12.429653920233248 17.515006974339485 17.530628561973572 12.610324397683145 18.195668902248144 18.160891870036721 12.782387062907217 17.800023227930073 21.326028060168028 13.234121723100541 15.212963752448557 15.413085937499998 15.362813502550127 13.846808996051548 18.769895013421774 21.55336882174015 17.878580573946238 9.5217524860054237 16.234859026968479 10.105260711163281 12.850008361041544 9.0287257209420186
leaf_count=107 86 106 96 133 79 61 82 85 106 110 51 83 99 83 77 127 141 133 119 85 91 159 126 158 72 126 109 121 95 105 81 99 107 90 130 125 82 83 131 79 110 134 106 84 62 84 89 112 73
internal_value=0 0.000679568 -0.000153806 -0.000926519 0.000937975 -0.0139342 -0.00237697 -0.0248401 -0.0167226 0.00537198 -0.0208552 0.0127675 0.0286289 0.00719536 0.0148009 -0.00337624 0.00159279 0.00388139 -0.00466555 0.0022386 -0.00830563 -0.00631546 0.0110617 0.0223684 0.00359659 -0.00431224 -0.00363395 -0.00135393 0.000932678 0.00715629 0.00208163 0.0115215 -0.00320219 -0.0218496 -0.00420446 -0.0100117 0.00217642 0.0254272 -0.0098867 -0.00321139 -0.0152778 -0.0195423 0.0278152 -0.00147175 -0.03083 -0.00974576 -0.00827726 -0.0334635 -0.0403069
internal_weight=0 776.388 754.633 735.433 644.045 91.388 503.695 58.2159 47.047 33.1721 35.782 140.35 35.4113 104.938 72.5115 488.59 243.654 226.945 103.772 82.2397 244.936 226.906 123.173 48.1888 74.9841 52.6254 200.716 183.179 170.749 108.611 91.0807 65.688 32.2794 25.3927 65.8729 52.3602 31.0341 33.4086 62.1377 46.7246 29.2096 30.5238 39.8953 32.6162 29.3517 32.4269 22.6333 24.1131 19.83
internal_count=5072 4823 4717 4610 3891 719 3179 459 374 260 249 712 182 530 363 3097 1510 1369 620 501 1587 1460 749 284 465 332 1301 1192 1071 656 551 380 198 171 416 337 212 182 415 284 189 206 202 161 241 167 199 198 179
is_linear=0
shrinkage=0.05


Tree=75
num_leaves=46
num_cat=0
split_feature=295 282 54 78 220 203 286 74 110 58 111 34 54 274 232 234 301 91 193 143 288 114 260 10 104 210 54 274 59 5 9 38 108 209 157 197 50 116 48 6 189 32 259 32 34
split_gain=5.09402 5.13917 6.1685 5.43574 4.96371 4.36185 5.00113 4.91953 4.74415 4.57122 5.88634 5.53182 4.34287 6.79395 5.72219 4.81405 5.2064 4.91526 6.43359 4.87677 4.67212 7.25571 4.86375 5.03382 4.18505 4.17428 4.96564 4.3222 5.85297 6.31353 5.76504 4.86631 3.91991 3.90869 3.78446 3.73348 3.65472 4.69107 3.35343 4.07149 6.22324 4.74353 4.39117 3.25201 1.40534
threshold=0.45000000000000023 -3.7499999999999996 637.50000000000011 0.95835000000000303 1.0000000180025095e-35 9.5000000000000018 0.39229752071802337 5.2500000000000009 43.750000000000007 12.500000000000002 95.000000000000014 -1.329124929124929 682.50000000000011 -1.9425245215583107 534.75000000000011 61.500000000000007 8.1804654518324185e-14 74.500000000000014 27.250000000000004 32.750000000000007 -0.37447345805034543 175.00000000000003 -3.5548960853902423 0.45833333333333343 2.5000000000000004 7.5000000000000009 782.50000000000011 -2.4600170834715147 85.500000000000014 87.250000000000014 1.2500000000000002 0.87500000000000011 6.2500000000000009 5.7500000000000009 15.500000000000002 1.0000000180025095e-35 0.99938347718865617 95.000000000000014 2.7571980258547426 74.500000000000014 24.500000000000004 1.2872586872586878 -5.9402012438865146 1.2711315378728594 -0.92660469571085835
decision_type=2 2 2 2 2 2 2 2 2 2 2 2 2 2 2 2 2 2 2 2 2 2 2 2 2 2 2 2 2 2 2 2 2 2 2 2 2 2 2 2 2 2 2 2 2
left_child=-1 3 4 -2 -3 7 -7 9 -9 11 -11 -4 13 -10 15 17 19 20 -19 -17 24 22 -22 25 -14 27 -27 -24 30 -30 31 36 -6 43 -12 -13 -29 -38 39 42 -41 -42 -26 -23 -25
right_child=1 2 5 -5 32 6 -8 8 12 10 34 35 14 -15 -16 16 -18 18 -20 -21 21 33 23 44 38 26 -28 28 29 -31 -32 -33 -34 -35 -36 -37 37 -39 -40 40 41 -43 -44 -45 -46
leaf_value=0.0206248191444591 0.033627444204325022 0.0053433254228095143 0.028760331632843163 -0.0009510249996250021 -0.0079136039762340068 -0.033851365287261306 -0.0002194976655797367 -0.024628238179140217 -0.004625672498980337 0.0025344590032373546 -0.039582445667920137 -0.024258176487555648 -0.012325769647099234 0.040466838685852144 -0.028631229658378499 0.02348291584454415 0.034600472326066355 0.0050148210460812196 -0.034571158877186495 -0.015280532951710014 0.027805871623296147 -0.0085136496321992407 0.018128125937649998 -0.0092515844507299241 0.014235247787912304 0.03787012330970492 -0.00087167721780549527 -0.0027480809154558144 -0.036265629701849482 0.0014869509974163571 -0.014651569314269586 -0.012590321530439059 -0.046842339045897401 0.0031291877187798068 -0.010485860598516084 0.0064011874198911861 0.0096585864215269941 0.045833022468989459 -0.0037220805340330097 -0.0067787974665858564 0.047431142261854284 0.0045853521009856998 0.054078889759091857 -0.048229712015554808 -0.039020946897775764
leaf_weight=27.485161535441875 20.555526297539473 12.339487936347721 13.667375281453131 23.929026130586863 10.956022543832661 19.78179725073278 23.641574064269662 14.848814263939856 14.687162721529601 25.525291457772255 25.893113929778337 16.757386151701212 15.450769953429697 17.817258333787322 13.846215410158036 14.448344681411983 22.558961074799299 19.516496216878295 20.142779130488634 16.119336262345314 16.334886757656932 8.7219895310699957 24.856244739145041 8.3917136117815989 15.019421771168711 15.762012509629129 16.240707760676742 14.374617060646413 23.352112954482436 20.171868374571204 31.417891897261143 15.86608564853668 16.652216195128858 10.106549287214873 20.756169147789478 21.803493447601795 19.955316439270973 16.359993489459157 18.873636715114117 25.369755566120148 13.150637421756985 12.320674307644365 13.583571488037704 13.678096085786818 8.2138654645532352
leaf_count=153 106 80 77 125 76 132 132 99 95 151 153 100 99 96 81 85 129 126 135 87 102 51 146 69 89 84 101 83 156 116 158 115 121 65 115 127 142 90 108 154 80 91 103 172 91
internal_value=0 -0.000899684 -0.00190082 0.0154151 -0.0207633 -0.000795316 -0.0159578 0.000231177 0.00232881 -0.00867886 -0.0167463 0.00257469 0.00314956 0.0205618 0.00194072 0.00289952 0.0169294 0.00107687 -0.0154465 0.00320516 0.00284866 -0.000812095 0.00232844 0.00027263 0.0112703 0.00253465 0.0187788 -0.000683887 -0.00409253 -0.0191282 0.0027127 0.0110051 -0.0322105 -0.0225608 -0.027128 -0.00719884 0.0184912 0.0267467 0.0150652 0.0195193 0.010677 0.0276624 0.0343446 -0.03379 -0.0253568
internal_weight=0 783.816 739.332 44.4846 39.9477 699.384 43.4234 655.961 531.558 124.403 72.1746 52.2283 516.709 32.5044 484.205 470.358 53.1266 417.232 39.6593 30.5677 377.572 263.804 231.297 214.962 113.768 198.357 32.0027 166.354 141.498 43.524 97.9739 66.556 27.6082 32.5066 46.6493 38.5609 50.6899 36.3153 98.3177 79.4441 50.8411 25.4713 28.603 22.4001 16.6056
internal_count=5046 4893 4662 231 277 4385 264 4121 3398 723 419 304 3299 191 3108 3027 301 2726 261 172 2465 1741 1453 1351 724 1191 185 1006 860 272 588 430 197 288 268 227 315 232 625 517 325 171 192 223 160
is_linear=0
shrinkage=0.05


Tree=76
num_leaves=46
num_cat=0
split_feature=295 4 263 117 114 1 103 197 55 29 189 11 29 212 272 58 58 145 90 75 16 89 110 282 108 57 44 54 110 272 284 297 40 58 157 55 297 8 115 116 58 34 31 98 193
split_gain=6.84511 5.11069 10.2941 5.46844 5.96801 5.41168 6.18363 5.16967 5.05709 6.47975 5.59668 5.28597 5.8098 5.18288 5.47839 4.99397 10.4273 6.98401 7.93708 6.77128 6.13908 5.52279 4.81058 4.90578 4.51169 4.37399 4.2938 4.14089 4.0922 4.06894 4.18273 4.19963 6.33873 3.98497 3.86217 3.7711 4.51343 3.60697 3.37173 2.94656 2.78268 2.69279 2.54289 2.4892 2.2526
threshold=0.59999999999999998 78.625000000000014 78.748709527409332 6.1875000000000009 195.00000000000003 75.375000000000014 5.5000000000000009 1.0000000180025095e-35 837.50000000000011 2.2285714285714291 23.500000000000004 12.500000000000002 1.5428571428571434 3.2500000000000004 -1.9764720273945522 16.500000000000004 12.500000000000002 8.5000000000000018 71.125000000000014 1.5000000000000002 0.20833333333333334 67.875000000000014 108.75000000000001 -1.7499999999999998 12.708349999999998 14.750000000000002 17.500000000000004 822.50000000000011 88.750000000000014 -2.5126621493718244 2.1602564102564106 7.2500000000000009 1.2500000000000002 20.500000000000004 3.2500000000000004 762.50000000000011 6.2500000000000009 37.500000000000007 175.00000000000003 105.00000000000001 7.5000000000000009 -0.050436050436050518 1.4924729570289672 0.7916500000000003 37.750000000000007
decision_type=2 2 2 2 2 2 2 2 2 2 2 2 2 2 2 2 2 2 2 2 2 2 2 2 2 2 2 2 2 2 2 2 2 2 2 2 2 2 2 2 2 2 2 2 2
left_child=-1 2 5 39 7 22 -7 15 9 13 -11 12 27 29 -15 16 17 18 21 24 -18 40 23 -2 33 -25 37 -10 34 -9 31 32 38 -17 -4 -30 -37 -24 43 -3 -5 -28 -6 -31 -12
right_child=1 3 28 4 42 6 -8 8 11 10 44 -13 -14 14 -16 19 20 -19 -20 -21 -22 -23 26 25 -26 -27 41 -29 35 30 -32 -33 -34 -35 -36 36 -38 -39 -40 -41 -42 -43 -44 -45 -46
leaf_value=0.024486016699282073 0.0084001929676640105 0.0061691595484805045 0.015229288522484969 0.03317692231796792 -0.0072517992095040076 -0.0062379462353722177 0.036586774688823917 -0.025254151923522108 -0.0086864926309151366 -0.0020148653430960709 -0.021477015939057945 -0.020146405684973695 0.031417591108718786 0.029460070220453972 -0.0041155676845957183 0.055320099054868156 -0.036232403393925285 -0.0125154320492751 0.051004249335164065 -0.0039587520004649955 0.0036598248997425815 -0.014051068772662026 -0.00042713590236175626 -0.0090233665463252868 0.0054864459431679868 -0.052128332367281142 -0.034807696524368235 0.022313951300780913 -0.044016656907643843 -0.0077160863390227851 -0.025991240914022287 -0.016335707985478769 0.027467632072336157 0.021196343014420329 -0.021974065615193872 -0.032151162460276099 0.0045530109167058585 0.042527203056513023 -0.024133355328945446 0.032433557250871554 0.0068121015218715738 0.0090942218159875375 -0.036642854886751945 0.0208642708310421 -0.050038827849862459
leaf_weight=26.619285482913256 11.355402931571005 23.943841047585011 12.262233301997187 18.418963449075818 16.181521840393547 14.042627092450855 19.17366336286068 24.021234659478068 30.158196218311787 22.103044562041759 18.639563584700227 13.498755391687153 25.920856390148401 22.365321695804596 24.864003486931324 15.412195835262535 23.010988250374794 24.522573167458177 13.600067988038061 26.358688052743673 15.835503749549387 16.834272244945168 8.8638304788619333 12.400302110239865 17.9225360956043 11.154452558606861 6.1236251331865788 15.474274747073649 22.942885265685618 15.677192296832802 15.428498249500988 23.458881352096796 24.590026676654816 22.424023434519768 13.781598124653099 19.215181447565556 13.922751897945998 9.8402704577893001 13.075102664530275 19.177701402455568 22.0189761929214 6.2094382531940919 13.529830029234288 13.151149671524761 13.459316199645398
leaf_count=151 60 128 78 99 91 84 104 142 158 133 132 126 148 133 148 78 119 148 76 153 107 100 106 90 104 94 97 82 147 97 87 133 141 131 87 145 80 76 86 103 131 70 121 78 88
internal_value=0 -0.000838456 -0.00817818 0.00137048 3.96083e-05 0.00267498 0.0188289 0.00127392 -0.00280223 -0.00663679 -0.0215912 0.00756102 0.0129937 -0.00195209 0.0120653 0.00721064 0.00123747 0.0101221 0.0180201 0.0168429 -0.0202869 0.00944667 -0.00562112 -0.0181208 0.0265729 -0.0307275 0.00856507 0.00207904 -0.0211576 -0.00712145 -0.00278961 0.00143191 0.00784948 0.0361628 -0.00454216 -0.0286591 -0.0170484 0.0231826 -0.00403484 0.0183202 0.0193318 -0.0136797 -0.0213931 0.00558431 -0.0346032
internal_weight=0 786.365 181.288 605.077 561.956 99.1636 33.2163 532.244 315.885 230.833 54.2019 85.0521 71.5533 176.631 47.2293 216.359 134.241 95.3949 70.8723 82.1174 38.8465 57.2722 65.9473 34.9102 55.7588 23.5548 31.0372 45.6325 82.1247 129.402 105.381 89.9524 66.4935 37.8362 26.0438 56.0808 33.1379 18.7041 41.9034 43.1215 40.4379 12.3331 29.7114 28.8283 32.0989
internal_count=5070 4919 1318 3601 3370 781 188 3158 1912 1398 353 514 388 1045 281 1246 780 554 406 466 226 330 593 244 313 184 349 240 537 764 622 535 402 209 165 372 225 182 261 231 230 167 212 175 220
is_linear=0
shrinkage=0.05


Tree=77
num_leaves=51
num_cat=0
split_feature=283 279 10 44 106 30 272 49 47 273 157 77 143 285 108 49 193 272 110 259 204 6 289 109 279 282 55 32 55 33 157 34 298 44 32 77 301 181 156 291 145 282 285 286 32 56 146 272 277 44
split_gain=5.02757 5.91604 6.83153 5.89957 6.3431 6.92728 7.02545 5.73599 6.01002 5.05958 6.00982 5.48535 4.63193 4.58791 4.4534 3.97324 5.44135 5.03564 4.99838 4.67605 4.38406 8.20446 6.78433 5.22462 4.95748 4.93146 5.08466 4.71339 6.12043 5.33702 5.83889 4.69326 4.10893 3.83439 4.10422 7.93522 6.76774 5.6909 4.43469 3.72069 3.5804 3.39094 3.38218 3.33469 3.29597 3.05959 2.60393 2.06968 1.63944 1.07576
threshold=-0.051315789473684204 -1.3400693188864736 0.37500000000000006 47.500000000000007 3.5000000000000004 -0.33146853146853134 -1.8635025571293724 -0.33630507423610878 -2.757174634308782 91.127374857415461 16.500000000000004 85.187500000000014 4.7500000000000009 11.013400000000006 30.625000000000004 0.7499427043544693 1.7500000000000002 -2.0573188355607637 103.12500000000001 -7.3146282013580466 0.83335000000000015 78.250000000000014 0.67007489853957602 203.75000000000003 -2.0061247870566938 -2.2499999999999996 737.50000000000011 0.95521235521235548 832.50000000000011 -2.7351351351351347 7.5000000000000009 -0.22389502389502411 1.8750000000000002 102.50000000000001 0.97915057915057946 80.937500000000014 1.5734959450714224e-12 2.5000000000000004 8.5000000000000018 0.87750000000000006 11.500000000000002 1.0000000180025095e-35 13.687500000000002 0.55612427880286164 0.72818532818532844 12.250000000000002 7.5000000000000009 -2.120458564963442 -1.4021738370361201 12.500000000000002
decision_type=2 2 2 2 2 2 2 2 2 2 2 2 2 2 2 2 2 2 2 2 2 2 2 2 2 2 2 2 2 2 2 2 2 2 2 2 2 2 2 2 2 2 2 2 2 2 2 2 2 2
left_child=7 2 14 4 48 -6 -7 13 12 11 39 15 -9 -1 33 18 17 19 -10 -17 21 22 31 25 -25 26 -22 44 29 -29 -31 40 -19 34 35 38 37 -36 -2 -11 -18 -8 -38 -32 -27 -28 49 -37 -3 -4
right_child=1 3 46 -5 5 6 41 8 9 10 -12 -13 -14 -15 -16 16 20 32 -20 -21 23 -23 -24 24 -26 27 45 28 -30 30 43 -33 -34 -35 36 47 42 -39 -40 -41 -42 -43 -44 -45 -46 -47 -48 -49 -50 -51
leaf_value=0.0059054480210947308 -0.015923136601339462 -0.008490640148038419 -0.056696654910796764 0.035622123991187374 0.034362287586314676 0.027842198030676241 0.0046573367347877417 0.038514720605093505 -0.033631048599125662 0.0067463119690073228 -0.0055402439344418028 -0.027478242825830557 0.0014765626010405464 0.039259384925245833 0.018870501657696732 0.021376447088296158 -0.020581275269966684 0.048359571825685427 0.0024763810596946031 -0.018905310728474164 0.040128125827786958 0.021888607207211142 0.0062480445275390735 -0.036407888941400617 0.0032853455861506127 0.0011317898869934837 -0.0060173810434226097 0.0099140043552533863 0.013402542289046636 -0.047177387797429665 0.0075617723659138205 -0.009326423578812788 0.010069555437803482 -0.035363046097438157 -0.0064495339055380746 -0.016305007029646251 0.0026259992886682728 0.034234386939836936 0.017695890890593428 0.04087773452613775 -0.055766470948579498 -0.028023123404526437 -0.033749557055850032 -0.027246559927336839 0.029152670326580438 0.021021794783484621 -0.0090161445949533837 -0.046551488423850255 -0.039416226649790248 -0.027427779029246108
leaf_weight=23.916633911430836 19.677240364253521 8.6322398558259028 8.6824264060705953 12.469291002489625 16.330437369644642 12.296690369024867 12.68801966309548 17.759705882519484 18.430208347737789 13.845935117453335 22.946966093033552 18.810273703187704 15.496978115290402 17.709666356444359 14.893315688706933 12.446309305727484 16.571166308596734 13.79769476503134 18.663275077939034 14.520170027390121 16.731930565088987 15.500127229839562 22.297418259084225 14.562495656311514 15.600183276459573 23.774997070431709 20.039214223623276 14.370852731168268 24.911910407245159 16.389285553246737 13.683545291423799 25.185763224959373 14.575682137161492 11.702177859842775 14.25586945004761 10.878076415508987 11.945400806143882 19.651331502944231 17.662689983844757 19.478346761316061 15.071897923946379 19.136437555775046 12.41713568381965 12.190829474478958 17.90769562125206 20.126888886094093 8.7209002058953029 15.861281914636491 9.1334719583392125 10.225170634686945
leaf_count=147 109 90 85 88 79 77 71 96 94 83 140 114 82 96 127 66 98 74 95 94 84 81 132 97 87 124 99 72 145 107 82 144 93 70 88 77 81 122 89 108 83 157 154 78 94 97 97 107 70 156
internal_value=0 -0.00528516 -0.0105961 0.00505836 -0.000202238 0.00756997 -0.00288838 0.00306811 0.00158009 0.000113487 0.0140488 -0.00179994 0.0218026 0.0206838 -0.00624959 -0.000518419 0.00110241 0.0153794 -0.0158758 -0.000213803 -0.00153054 -0.0104093 -0.0169304 0.00249507 -0.0164318 0.00573764 0.0177739 8.18642e-05 -0.00689406 -0.0158996 -0.0247032 -0.0259754 0.0297021 -0.00915954 -0.00638691 -0.0150214 0.00320171 0.0174346 2.62495e-05 0.0273061 -0.0385353 -0.0152489 -0.0165136 -0.00924193 0.0135711 0.00771324 -0.0329912 -0.035278 -0.0256429 -0.043041
internal_weight=0 267.26 176.573 90.6866 78.2173 60.4516 44.1211 547.314 505.688 472.431 56.2712 416.16 33.2567 41.6263 148.945 397.35 360.256 55.3399 37.0935 26.9665 304.916 94.6264 79.1262 210.29 30.1627 180.127 56.898 123.229 81.5464 56.6345 42.2637 56.8288 28.3734 134.051 122.349 64.0793 58.2697 33.9072 37.3399 33.3243 31.6431 31.8245 24.3625 25.8744 41.6827 40.1661 27.6285 26.7394 17.7657 18.9076
internal_count=5080 1994 1362 632 544 384 305 3086 2843 2665 331 2334 178 243 1024 2220 2031 327 189 160 1704 538 457 1166 184 982 280 702 484 339 267 325 167 897 827 382 445 210 198 191 181 228 235 160 218 196 338 184 160 241
is_linear=0
shrinkage=0.05


Tree=78
num_leaves=48
num_cat=0
split_feature=288 121 18 291 137 263 276 137 282 42 50 110 138 279 109 234 3 288 274 30 117 49 284 260 99 209 198 89 88 8 280 76 281 201 78 28 203 104 235 215 92 78 182 54 259 34 283
split_gain=6.05609 5.74783 5.59764 8.07099 7.83618 6.77968 5.68536 5.33314 5.18932 6.72126 6.23185 5.46161 5.89315 5.3708 10.6555 4.90114 6.87586 4.78356 4.7067 4.45029 4.31375 4.19031 4.10698 4.94116 4.76028 4.56876 4.0886 4.81674 4.02201 3.99878 3.86623 3.69082 5.10223 4.34234 3.99516 4.22991 5.1979 4.23171 5.14565 4.76889 3.58739 3.49951 3.24998 3.23924 3.08043 2.6697 2.48868
threshold=0.77788564761185042 6.5000000000000009 0.14583333333333334 0.96424010217113676 42.500000000000007 91.10900827716759 91.716514131389317 13.500000000000002 -3.7499999999999996 7.5000000000000009 0.93142476697736354 103.12500000000001 5.5000000000000009 -2.1650903690603696 145.83335000000002 9.5000000000000018 80.750000000000014 -0.75015329512557205 -2.1055473993970142 0.92517482517482541 7.3125000000000009 0.93259441423735145 1.4606060606060607 4.9332235145996588 11.875000000000002 1.2916750000000004 23.875000000000004 61.875000000000007 1.3750000000000002 77.500000000000014 90.124501040425272 1.0000000180025095e-35 81.485896106203555 3.5833500000000007 1.5625000000000002 1.0000000180025095e-35 3.2500000000000004 5.5000000000000009 4.5000000000000009 2.5000000000000004 71.500000000000014 1.3750000000000002 53.500000000000007 772.50000000000011 -6.1944180393229269 -0.3954450954450956 -0.20416666666666664
decision_type=2 2 2 2 2 2 2 2 2 2 2 2 2 2 2 2 2 2 2 2 2 2 2 2 2 2 2 2 2 2 2 2 2 2 2 2 2 2 2 2 2 2 2 2 2 2 2
left_child=1 28 5 4 22 8 -7 -8 -3 10 20 12 18 14 -13 16 19 -14 -11 -12 -10 -15 23 25 30 -4 27 -5 29 -1 44 32 -2 -34 35 37 -37 -33 -39 -40 -27 46 -28 -23 -24 -21 -17
right_child=31 2 3 26 -6 6 7 -9 9 11 15 13 17 21 -16 41 -18 -19 -20 45 -22 43 24 -25 -26 40 42 -29 -30 -31 -32 34 33 -35 -36 36 -38 38 39 -41 -42 -43 -44 -45 -46 -47 -48
leaf_value=-0.0070891683140386326 -0.044426471526827625 0.027955930125259501 0.0079326019398190551 -0.0010178260594844485 0.016379827182752212 -0.029591241769581167 -0.019135075942514766 0.021104182028396826 -0.0052959182978921234 0.036742796551126285 0.011141892052088084 0.025604719273360589 0.0053215304470233295 0.0062800951031129221 -0.027487309833373087 -0.040802812910504693 0.032960927857999776 -0.027260604777729288 0.0025224198822619776 0.00016252707363866202 0.027695654820962781 0.052555167082840783 -0.027417735006041794 0.023407168907853777 0.00022202685337900896 -0.050966158074891944 -0.022586222711107475 0.039828778149253855 0.033579652487770222 0.022473006586857941 -0.0059664579280876333 -0.01361008666387349 -0.028105938850478331 0.01019713949397663 -0.0228701976410935 -0.034007609386213104 0.0074915277347971003 0.037064809623024934 0.0250295295691925 -0.011591725664450214 -0.0082463706881373104 -0.00065879644082328284 0.012458123268243063 0.022665603940889217 -0.057828892873631771 -0.035867782397764052 -0.013630774365172325
leaf_weight=23.298535045236349 14.534504920244215 24.366675183176994 11.673367634415628 12.93766947463155 16.955028057098389 25.166903849691153 14.731380227953197 16.288527123630047 17.458778386935592 14.546410646289585 14.710805129259823 22.282901987433434 21.799764044582844 15.787014096975325 14.924014721065758 19.932234384119507 11.637203140184281 21.721640177071095 28.873194564133883 7.7940741926431647 21.10791377723217 18.205242156982422 22.860812611877915 9.2873249631375057 12.321602407842873 9.623575536534192 12.727024614810945 15.186086283996699 20.66965389996767 20.814423315227032 10.019960163161157 17.714973585680127 13.17479361779988 14.678647641092537 22.4221445992589 15.833790680393578 13.129615236073731 15.679383818060158 13.876977138221262 21.135613346472383 10.003786984831093 15.169480882585047 11.871094642207025 22.458535494282842 16.599962638691071 14.05396922118962 16.559216270223263
leaf_count=133 94 127 113 110 101 140 88 84 86 75 86 114 113 80 88 109 66 113 158 79 108 102 157 66 70 84 96 98 115 118 111 120 83 95 156 120 87 95 76 132 101 95 87 120 131 135 111
internal_value=0 0.001899 0.000287844 -0.00722695 -0.0143881 0.00353386 -0.0124237 0.00199373 0.0061734 0.00442751 -0.00384796 0.0107567 0.00168858 0.0190677 0.00414699 -0.010421 0.00107852 -0.0111873 0.014556 -0.00967748 0.0130043 0.0286586 -0.0195922 -0.0069937 -0.027623 -0.0164594 0.00894969 0.0216485 0.0158954 0.00704851 -0.0344239 -0.00889614 -0.0214037 -0.00826655 -0.00432986 0.000128646 -0.0155731 0.00690535 0.0141993 0.00321481 -0.0306478 -0.0209661 -0.00584777 0.0369874 -0.0413239 -0.0235698 -0.029165
internal_weight=0 636.426 571.643 172.067 119.345 399.576 56.1868 31.0199 343.389 319.022 138.424 180.599 86.941 93.6577 37.2069 99.857 48.1961 43.5214 43.4196 36.5588 38.5667 56.4508 102.39 40.5881 61.8023 31.3007 52.7219 28.1238 64.7826 44.113 49.4807 162.18 42.3879 27.8534 119.792 97.3704 28.9634 68.4069 50.692 35.0126 19.6274 51.6609 24.5981 40.6638 39.4608 21.848 36.4915
internal_count=5026 3968 3602 1325 934 2277 312 172 1965 1838 875 963 459 504 202 681 366 226 233 300 194 302 833 364 469 298 391 208 366 251 399 1058 272 178 786 630 207 423 303 208 185 315 183 222 288 214 220
is_linear=0
shrinkage=0.05


Tree=79
num_leaves=51
num_cat=0
split_feature=298 76 10 113 47 157 78 88 291 193 284 33 291 79 2 8 84 263 262 36 97 109 285 290 6 199 37 100 282 259 146 227 29 143 58 42 197 36 282 97 93 15 278 286 34 108 119 286 285 117
split_gain=5.17272 6.34127 8.32967 8.05485 8.24088 6.64001 6.34337 5.72183 5.19433 6.96676 4.9004 8.2806 6.28789 6.13728 5.83911 5.2702 4.78967 5.38529 4.77295 4.87256 4.43186 7.29152 4.41883 4.2458 4.22321 5.757 3.99262 3.98493 3.6756 5.80306 3.60159 3.93137 3.74562 4.33108 3.44395 4.45966 3.15561 3.11994 2.97243 2.9449 2.8831 2.8715 2.85005 2.81461 2.81255 2.4777 2.39808 2.32468 1.6367 0.883852
threshold=1.6833333333333351 1.0000000180025095e-35 0.54166666666666685 45.000000000000007 0.59917194591967171 23.500000000000004 1.3750000000000002 2.1250000000000004 0.94987468671679209 2.7500000000000004 1.4701754385964914 -1.1127413127413124 0.62284482758620696 85.625000000000014 84.250000000000014 737.50000000000011 77.500000000000014 81.472986936136792 5.0000000000000009 0.89712928493674859 11.437500000000002 123.75000000000001 10.562500000000002 9.5000000000000018 69.250000000000014 5.5000000000000009 1.0000000180025095e-35 8.8750000000000018 -2.2499999999999996 -4.5082708994182772 5.5000000000000009 36.500000000000007 2.2285714285714291 31.750000000000004 18.500000000000004 9.5000000000000018 1.0000000180025095e-35 1.2648804805928566 -0.74999999999999989 7.6875000000000009 72.500000000000014 7.5000000000000009 86.596059657460685 0.53505347867971487 -1.1446499446499447 6.2500000000000009 7.6250000000000009 0.18656084708703305 14.812500000000002 7.6875000000000009
decision_type=2 2 2 2 2 2 2 2 2 2 2 2 2 2 2 2 2 2 2 2 2 2 2 2 2 2 2 2 2 2 2 2 2 2 2 2 2 2 2 2 2 2 2 2 2 2 2 2 2 2
left_child=10 6 3 43 5 7 22 8 9 -5 11 12 -1 18 15 16 17 -13 30 -20 21 45 42 47 25 39 -9 -26 -10 -30 31 -12 34 -34 35 -32 -33 -16 -4 -21 -36 -38 -2 48 -27 -11 -14 -24 -3 -49
right_child=1 2 38 4 -6 -7 -8 26 28 20 13 14 46 -15 37 -17 -18 -19 19 24 -22 -23 23 -25 27 44 -28 -29 29 -31 32 36 33 -35 40 -37 41 -39 -40 -41 -42 -43 -44 -45 -46 -47 -48 49 -50 -51
leaf_value=0.0025336834331351091 -0.020242807797183418 -0.015818596834050219 -0.0088507011927247848 0.041498276652313051 -0.027754194271496325 -0.015968994056224994 0.012804204464287367 0.0090340324821099188 0.048842046034643219 -0.035138581394166583 -0.033964969163857488 0.025651186135945442 0.057153404613222859 0.023168723424274919 -0.033416939300094074 -0.01051837217315681 0.034856016998591366 -0.011218645913609108 -0.01439086078465434 9.6245256686186098e-05 0.025074178180870967 0.014725565974650795 -0.01557321643759435 -0.0064789615875181662 0.006831396620129002 -0.028736307021015248 -0.02552602053498337 0.0420941749687598 0.033807200008900765 -0.0079379248253591602 0.028561268629788691 0.012644851727474551 0.0045984307397632478 -0.033688549543725028 0.0092023293610801644 -0.00411774378977477 -0.029284503390263547 0.0020093207759387861 -0.050621845160793148 0.030503481839960874 -0.020006916222181391 -0.00019202192980000498 0.010768330796789087 -0.0011139813426599228 0.0019318519835751112 -0.0054295855882358279 0.02555407128229352 -0.031443877633041066 -0.046342911737302789 -0.054319222161868533
leaf_weight=15.209158349782227 12.940797409042718 10.382026487961417 8.1629219148308056 12.766686268150805 15.653565686196087 22.575631193816662 16.558447865769267 18.075395096093416 16.017095476388931 14.669321157038214 20.836663220077753 17.511425601318479 13.9550826177001 25.109762767329812 13.133460821583869 22.9134137108922 22.762522652745247 20.420229723677039 23.253571983426809 14.024898145347835 15.626549586653708 25.357191449031234 11.254613529890774 16.665508449077606 16.041848495602608 13.614863995462658 13.976956631988285 15.983732309192417 22.850202154368162 12.291411939077078 22.266407489776611 12.643951859325169 13.013856016099455 15.457268409430979 14.046231608837841 18.53367605805397 17.457084577530622 10.900864019989966 9.2395933065563423 17.440660089254379 18.60487924143672 15.718289094045756 14.88104380853474 11.738703574985264 15.063840661197899 13.489507116377352 14.99511387757957 14.839039569720628 9.3831440117210132 14.488512465730308
leaf_count=97 71 76 68 83 99 132 123 140 79 94 128 112 83 149 101 111 122 122 121 87 88 158 90 106 82 75 92 91 131 104 115 74 81 86 81 102 96 79 127 94 105 100 89 67 88 79 90 102 119 113
internal_value=0 -0.00443965 -0.000175834 0.00235279 0.00602075 0.00896969 -0.0149182 0.012455 0.0169988 0.0090104 0.00358754 0.0109124 0.0288875 -3.32129e-05 0.00334021 0.00958863 0.0172269 0.00602425 -0.00215869 0.00564588 0.00250564 -0.00442338 -0.0204004 -0.0282357 0.0108012 0.00286218 -0.00635278 0.0251725 0.029371 0.0193905 -0.00750415 -0.016449 -0.00155136 -0.0166258 0.00443661 0.0139733 -0.00792816 -0.0179108 -0.0325741 0.0173707 -0.00754129 -0.0159096 -0.00385779 -0.0207798 -0.0131052 -0.0215808 0.0421858 -0.0367996 -0.0318434 -0.0441633
internal_weight=0 353.884 252.256 234.853 203.35 187.696 101.628 165.12 133.068 81.9093 460.913 151.801 44.1594 309.111 107.642 83.6076 60.6942 37.9317 284.002 115.423 69.1426 53.516 85.0695 57.2477 92.1698 60.1443 32.0524 32.0256 51.1587 35.1416 168.578 66.656 101.922 28.4711 73.4512 40.8001 45.8193 24.0343 17.4025 31.4656 32.6511 33.1754 27.8218 31.5039 28.6787 28.1588 28.9502 40.5822 19.7652 29.3276
internal_count=5102 2430 1736 1541 1279 1180 694 1048 816 502 2672 917 270 1755 647 467 356 234 1606 638 419 331 571 411 517 344 232 173 314 235 968 398 570 167 403 217 270 180 195 181 186 196 160 262 163 173 173 305 195 215
is_linear=0
shrinkage=0.05


Tree=80
num_leaves=48
num_cat=0
split_feature=12 290 283 288 33 145 193 118 284 36 212 55 98 274 95 69 52 288 57 181 8 8 35 116 215 199 288 54 9 31 110 36 41 87 105 87 6 142 286 301 155 199 150 193 105 221 115
split_gain=5.50808 7.36086 7.06562 5.55155 5.66526 6.80652 7.2247 6.33207 5.45591 6.08379 7.0813 5.32844 6.92912 5.52475 5.1846 5.16163 5.07106 6.34834 6.5449 4.8442 6.4039 9.91748 6.44704 6.58528 5.89967 6.94033 6.48799 4.86303 4.93817 4.83191 4.70919 5.50796 4.38831 4.17825 3.98781 3.32712 3.22681 3.22325 2.97257 3.7081 4.68986 2.78103 2.51069 2.36721 2.22032 0.845747 0.296065
threshold=0.062500000000000014 11.500000000000002 0.2752525252525253 0.49812943072827093 -1.0880308880308878 42.500000000000007 10.250000000000002 1.0000000180025095e-35 2.5941176470588241 0.9589345914202152 3.2500000000000004 817.50000000000011 1.0416500000000004 -2.0821160321516521 68.500000000000014 86.500000000000014 0.99020397208803013 -0.94139628442229062 14.750000000000002 48.500000000000007 737.50000000000011 117.50000000000001 0.74684373492735923 45.000000000000007 1.0000000180025095e-35 30.500000000000004 0.039769539193789977 847.50000000000011 1.7500000000000002 1.5156521739130435 78.750000000000014 1.2161627261058701 8.5000000000000018 73.437500000000014 11.500000000000002 73.437500000000014 77.250000000000014 2.5000000000000004 0.73061684580452757 4.0888134014091987e-15 21.500000000000004 3.5000000000000004 31.500000000000004 29.750000000000004 10.500000000000002 7.5000000000000009 235.00000000000003
decision_type=2 2 2 2 2 2 2 2 2 2 2 2 2 2 2 2 2 2 2 2 2 2 2 2 2 2 2 2 2 2 2 2 2 2 2 2 2 2 2 2 2 2 2 2 2 2 2
left_child=1 19 3 4 5 6 37 14 9 -5 30 12 15 -13 -6 -8 -9 -18 38 20 21 22 23 -1 26 32 -25 28 33 -12 -11 -32 -26 -21 45 43 -30 41 39 40 -19 -2 46 -16 -24 -33 -4
right_child=2 -3 42 8 7 -7 11 16 -10 10 29 13 -14 -15 35 -17 17 18 -20 27 -22 -23 44 24 25 -27 -28 -29 36 -31 31 34 -34 -35 -36 -37 -38 -39 -40 -41 -42 -43 -44 -45 -46 -47 -48
leaf_value=-0.021819185247659828 0.023598197661098601 -0.022365863076199078 -0.054181691157915907 -0.028784446275704163 0.0041594882611988996 0.040596493648022224 -0.0027986340818203703 0.023661448147388423 -0.039704885889624404 0.014917543228093659 0.026564757166044246 -0.038931555757466541 -0.020585289188348139 0.0040020789715637141 -0.02133937433721568 0.034659657496080028 -0.031521603476089982 0.017638038867045219 0.023837939148669968 -0.0026648469008582034 -0.01520985399471734 0.043621629728009009 0.040554131587085158 0.046541590508941549 -0.0051447212535211265 -0.023169443217005554 0.0028403982517154099 0.016626300150157314 -0.010299138163129235 -0.0094999860007638701 0.0034147245223636658 -0.028442326142049508 0.027054225938388278 -0.036246670438238891 -0.011188946896816033 -0.0065363925140971505 0.019732800012870106 0.037567494047471534 0.0096425292539716895 -0.034298965079238533 -0.021286844351262685 -0.0066263552170490589 -0.011085005340730668 -0.054658803942405479 0.016175439649928992 -0.056344457379497961 -0.025493466973004787
leaf_weight=20.368198884651065 15.786748211830856 22.162783768028021 7.0757441148161906 25.088382888585329 16.695161929354072 14.119025971740482 16.504771126434207 20.740053189918399 13.280289305374025 12.888398595154284 26.72822641953826 16.455967802554373 16.272432699799538 12.829117188230155 12.513612914830448 19.382171049714088 15.32674880325794 13.570785071700813 24.428866973146796 16.840669512748718 19.732914585620165 23.881651476025581 15.768645301461218 16.724817212671041 19.949746616184711 20.874621190130711 16.57223735190928 24.009383399039507 17.043151862919331 13.330909334123133 19.86944267526269 9.2323029916733521 20.90373707562685 20.056691139936447 17.909074822440743 11.809709699824451 16.83308207243681 16.78691503033042 19.436189509928226 13.400391124188898 15.531385129317639 13.283731689676641 10.176544355228542 12.155635397881268 26.713188894093037 9.3837297484278661 4.5066129229962826
leaf_count=144 110 132 82 148 130 74 98 128 83 85 157 114 101 76 102 126 116 76 152 81 105 123 87 90 118 121 95 117 89 110 128 107 115 100 124 96 85 95 118 102 102 82 69 91 140 69 121
internal_value=0 0.00481473 -0.00363246 -0.00229525 0.00143924 0.00885492 0.0050455 -0.00454907 -0.0102663 -0.0070864 -0.00189207 -0.00390992 0.00567899 -0.0206122 -0.0187833 0.0178234 0.00173505 -0.00292359 0.0024541 0.00691638 0.0112843 0.0142281 0.00953524 0.00332151 0.00888141 -0.000350955 0.0255081 -0.00238974 -0.00898255 0.014624 -0.0115138 -0.0177091 0.0115835 -0.021394 -0.0289851 -0.0291143 0.00476163 0.0206947 -0.00622451 -0.0135353 -0.00315263 0.010026 -0.0308377 -0.0392471 0.025949 -0.0446622 -0.0459326
internal_weight=0 318.436 486.499 464.74 317.029 141.421 127.302 175.609 147.711 134.43 109.342 81.4445 52.1594 29.2851 53.1741 35.8869 122.434 101.694 86.3676 296.273 201.49 181.757 157.875 115.393 95.0252 61.7281 33.2971 94.783 70.7736 40.0591 69.2829 56.3946 40.8535 36.8974 36.5251 36.479 33.8762 45.8574 61.9388 42.5026 29.1022 29.0705 21.7589 24.6692 42.4818 18.616 11.5824
internal_count=5114 1742 3372 3100 2089 876 802 1213 1011 928 780 515 325 190 419 224 794 666 550 1610 1138 1033 910 683 539 354 185 472 355 267 513 428 233 181 300 289 174 287 398 280 178 192 272 193 227 176 203
is_linear=0
shrinkage=0.05


Tree=81
num_leaves=48
num_cat=0
split_feature=283 51 295 298 31 0 31 108 259 58 274 31 282 274 145 8 34 106 97 56 31 283 14 284 146 193 143 111 74 33 58 48 233 31 207 74 9 146 279 274 92 201 285 78 285 182 114
split_gain=5.41188 7.29904 6.44401 5.1084 4.58811 6.85896 6.29327 6.68069 5.73724 4.98163 8.44973 6.39482 6.27174 6.81202 5.80903 5.98361 6.44706 5.31148 5.96908 6.80001 5.29232 4.92202 4.91283 4.46128 4.98899 4.23669 4.23401 5.1255 6.2512 5.87011 4.49416 3.73329 3.57695 3.56133 3.2617 3.05435 3.03177 2.99092 3.39196 2.9193 2.74216 2.42036 2.21241 1.87423 1.7252 1.50648 0.552943
threshold=0.31009615384615391 2.5000000000000004 0.59999999999999998 1.4307692307692337 -0.32086956521739124 82.250000000000014 0.34173913043478271 12.708349999999998 -6.0754167486764139 24.500000000000004 -1.720183630678892 2.6113043478260871 -1.7499999999999998 -1.6130249730258222 11.500000000000002 17.500000000000004 1.0011439301761884 9.5000000000000018 10.312500000000002 16.500000000000004 1.1112704686617731 0.057189542483660136 0.041666666666666671 1.4868421052631582 4.7500000000000009 39.250000000000007 41.750000000000007 185.00000000000003 5.7500000000000009 0.92895752895752881 12.500000000000002 1.6578341013824891 74.500000000000014 1.8078260869565217 1.5000000000000002 6.7500000000000009 0.75000000000000011 3.2500000000000004 -2.4585484761322509 -2.3382631692693443 70.500000000000014 2.2500000000000004 13.312500000000002 0.54164999999999719 10.437500000000002 13.500000000000002 105.00000000000001
decision_type=2 2 2 2 2 2 2 2 2 2 2 2 2 2 2 2 2 2 2 2 2 2 2 2 2 2 2 2 2 2 2 2 2 2 2 2 2 2 2 2 2 2 2 2 2 2 2
left_child=1 2 -1 45 5 31 8 9 22 11 25 12 13 37 15 36 17 18 19 23 -16 26 -6 -17 42 39 27 28 -9 30 -30 -4 -28 43 -24 -10 -14 -8 -39 -11 -33 -5 -25 -29 -43 -2 -23
right_child=3 -3 4 41 6 -7 7 21 35 10 -12 -13 14 -15 20 16 -18 -19 -20 -21 -22 46 34 24 -26 -27 32 33 29 -31 -32 40 -34 -35 -36 -37 -38 38 -40 -41 -42 44 -44 -45 -46 -47 -48
leaf_value=0.033944088587720099 -0.04322823354333602 0.033146222251415371 0.0032493027662125386 -0.017909368261392625 0.0012982392165518818 -0.0088620111220546367 0.01204321105654217 -0.028078131242904515 0.019921278255165178 -0.012363237869221362 0.024080765215853905 -0.019654142814098895 0.036317285874062716 -0.0043123497949420671 0.0026543628962234916 0.035945503336047728 -0.029088549481975392 0.025858439119807015 -0.020583379449136848 -0.02031904647399398 -0.033261301874583309 -0.048196048257572302 -0.017130723284552254 0.032167741293639224 -0.018142312654108587 0.0027746131174859519 0.027270495668174008 -0.047055209966889812 0.039040859738193011 -0.018189566606931214 0.0039973233461912108 0.046579615631312216 -0.0050130820110325554 -0.001898483498893151 -0.045551115057075098 -0.010175322482258133 0.0076983588267322822 0.017033522147506624 0.043318118327261679 -0.047030840686267755 0.015722614365005036 -0.0059517302520126682 0.0040262581188333837 -0.019582910226974927 0.01904648129590282 -0.016085903938660728 -0.020461665422377422
leaf_weight=14.372702131047843 11.308166164904835 18.208010796457529 14.990101825445889 13.298768032342194 17.884415797889233 22.856833465397358 28.149740219116211 14.282015044242142 16.033903695642952 11.89071170799434 13.393429564312099 19.404299147427082 23.438177786767483 23.740214567631483 24.15881796553731 18.027298483997583 12.880656734108923 27.392437025904655 22.798261573538184 15.605278771370648 16.653746481984854 5.69731875695288 25.775161040946841 13.329456876963379 13.087081249803303 12.729313848540185 16.307966988533735 11.631541356444361 14.797470800578592 14.230886675417421 22.357540413737297 17.459566030651335 16.495022904127836 15.138203850015996 18.129820359870791 15.800160977989433 15.957027476280926 23.052048889920115 31.33769578486681 13.83531814441085 14.251727472990749 12.224835095927121 14.265535393729804 17.472952861338854 13.823201680555938 12.007046837359665 5.9937468636780977
leaf_count=86 86 97 89 122 93 121 149 91 87 77 84 148 158 120 153 146 83 159 147 111 128 94 152 77 84 82 86 82 83 85 136 98 90 129 100 96 91 117 155 94 82 64 99 117 99 74 78
internal_value=0 0.00272034 0.00191393 -0.0124682 0.00122135 0.0133248 -0.000106316 0.00194117 -0.0120177 0.00538479 -0.00893853 0.00756787 0.0092543 0.0191543 0.00435333 0.00827993 0.00328029 0.00683409 0.00125907 0.00814422 -0.0124462 -0.00684913 -0.0207925 0.0159235 0.00640172 -0.0207575 -0.00416452 -0.00886111 5.97114e-05 0.00826694 0.0186113 0.0241417 0.0113686 -0.0218106 -0.0296195 0.00512852 0.0252027 0.0258747 0.0326865 -0.0320694 0.0336164 -0.00130029 0.0182693 -0.0317605 0.00752806 -0.0304867 -0.0367099
internal_weight=0 745.294 727.086 62.662 712.713 69.5582 643.155 549.531 93.6235 395.127 51.8488 343.278 323.873 106.28 217.594 176.781 137.386 124.505 97.1129 74.3147 40.8126 154.405 61.7894 58.7094 40.6821 38.4553 142.714 109.911 65.6679 51.3859 37.155 46.7014 32.803 44.2427 43.905 31.8341 39.3952 82.5395 54.3897 25.726 31.7113 39.3468 27.595 29.1045 26.048 23.3152 11.6911
internal_count=5079 4634 4537 445 4451 390 4061 3533 528 2462 337 2125 1977 541 1436 1155 906 823 664 517 281 1071 345 406 260 253 899 723 395 304 219 269 176 328 252 183 249 421 272 171 180 285 176 199 163 160 172
is_linear=0
shrinkage=0.05


Tree=82
num_leaves=48
num_cat=0
split_feature=99 116 291 36 279 49 287 149 260 49 287 15 202 301 279 30 74 10 97 105 272 30 284 287 289 4 84 202 92 88 13 59 96 289 54 198 87 236 113 208 91 182 214 198 30 288 288
split_gain=5.38918 4.35232 6.41014 6.92152 6.05701 6.55506 5.56059 5.28358 8.20364 6.3468 5.66474 5.31049 5.20863 5.5488 5.18507 4.26347 4.30725 8.08712 4.75842 5.21031 5.48412 4.73932 5.49622 4.51634 4.44228 8.48994 6.40801 6.55289 5.78535 4.62288 4.35866 5.95101 4.36268 4.29379 4.26032 3.83424 3.73294 3.43997 3.77385 3.31138 3.11966 3.04011 2.99701 2.73294 2.44523 2.27127 2.03573
threshold=15.875000000000002 25.000000000000004 1.0312805474095799 1.7394966670715626 -0.82809875361886109 0.7499427043544693 0.99999867028408918 4.5000000000000009 -2.8217245347621929 1.6682120155804367 3.1007083274395929e-20 7.5000000000000009 51.500000000000007 1.0000000180025095e-35 -0.53996362738453452 -2.2867132867132862 6.2500000000000009 0.37500000000000006 5.3958250000000012 8.5000000000000018 -2.2055414867785612 1.9510489510489515 1.8708333333333336 0.99999999999999822 0.097680735332368748 82.625000000000014 77.500000000000014 16.500000000000004 66.500000000000014 0.31250000000000006 7.5000000000000009 88.500000000000014 72.500000000000014 -0.90161545992537195 772.50000000000011 31.875000000000004 72.812500000000014 9.5000000000000018 105.00000000000001 3.5000000000000004 67.500000000000014 2.5000000000000004 1.0000000180025095e-35 23.625000000000004 0.42407592407592426 0.40614137006726808 -0.23537230790205757
decision_type=2 2 2 2 2 2 2 2 2 2 2 2 2 2 2 2 2 2 2 2 2 2 2 2 2 2 2 2 2 2 2 2 2 2 2 2 2 2 2 2 2 2 2 2 2 2 2
left_child=1 2 3 6 7 -6 -1 11 9 12 40 -3 13 -9 -7 35 24 18 36 -20 23 22 37 46 26 28 -17 29 45 -28 31 -29 -32 -31 -30 -12 -18 -22 -39 -19 -10 -4 -16 -35 -15 -26 -21
right_child=-2 4 41 -5 5 14 -8 8 10 -11 15 -13 -14 44 42 16 17 39 19 20 21 -23 -24 -25 25 -27 27 30 34 33 32 -33 -34 43 -36 -37 -38 38 -40 -41 -42 -43 -44 -45 -46 -47 -48
leaf_value=0.032202441075631243 0.02922200979481393 -0.0013696238121547848 -0.051842278666064237 -0.030580699441847266 -0.01586421761348886 0.038799093721170803 -0.010712825553325422 0.017497191638784711 -0.002894665932213616 0.046469864251308175 -0.0018188014879809017 -0.035597334067747073 0.036536427058627939 0.0028759743101683961 0.024331888539822693 -0.036879962455769251 -0.029275305542104973 -0.037204959347170261 0.030070085531627596 -0.0053058135134171147 0.022464023315958977 -0.011697523577804151 0.041172403330200918 0.011193443057980304 0.022881346538230762 0.032913134525847584 0.0041493637643029357 0.014497392568289087 -0.0043568763845619439 -0.005596660097863991 0.040637435437187425 -0.027044912328367837 -0.00071670604475038309 -0.01490395480907452 -0.038584873127169537 0.032537156026967329 0.0058532629074535183 -0.018941860389289467 0.013914977012001964 -0.0028883009108965334 -0.033884292002889595 -0.011693853300282673 -0.0064239462986954571 -0.046372942494213906 -0.027144045604424034 -0.0037185945311946087 -0.029541372975189852
leaf_weight=14.727979820221664 14.123033080250023 23.856214851140976 11.506296956911685 13.314053291454909 13.638313960283993 24.152428194880482 13.785703815519808 25.779886566102505 13.541367276571689 12.403811065480111 14.998662807047369 20.731288821436465 12.172188939526675 11.479894790798427 13.584737317636614 21.354390624910593 14.684495409950616 15.135215261951091 24.587859423831105 17.727557383477688 29.379208508878946 15.819719748571513 18.156951624900103 20.975519187748432 15.490919884294273 16.816435817629099 17.395113315433264 15.776682399213312 21.713085401803255 18.450720570981503 11.968559168279173 16.854519136250019 12.481650419533251 11.87277467176318 15.011860422790049 16.455523014068604 14.065893266350029 14.782954663038252 18.584808725863695 12.778489902615545 20.072443507611752 8.7460112962871772 16.632462276145816 21.304683826863766 14.983671270310877 15.162961054593323 17.013314474374056
leaf_count=96 75 143 135 146 72 144 93 147 115 81 83 159 77 68 81 129 91 151 140 96 157 105 98 117 91 90 108 77 111 114 71 87 93 81 79 90 80 91 108 147 139 54 112 134 127 79 103
internal_value=0 -0.000912804 -0.0135062 -0.00209329 0.00019052 0.0142776 0.0117939 -0.00129888 -6.62879e-05 0.0150957 -0.00228646 -0.0177158 0.00843633 0.00132604 0.0219885 -0.00092194 -0.00213961 0.00264521 0.00609791 0.00916654 0.00562089 0.0127706 0.0176395 -0.00679735 -0.00695713 0.00219322 -0.0121613 -0.00771828 -0.00584308 -0.0179757 0.00478106 -0.00712599 0.0203278 -0.0253676 -0.019 0.0166035 -0.0124699 0.0102907 -0.00076922 -0.0221385 -0.0218444 -0.0358701 0.00773946 -0.0358771 -0.0144908 0.0100219 -0.0176689
internal_weight=0 781.909 62.08 41.8277 719.829 68.0079 28.5137 651.821 607.234 76.8195 530.414 44.5875 64.4156 52.2435 54.3696 496.801 465.346 233.692 205.778 177.028 152.44 96.7236 80.9039 55.7164 231.654 84.1953 147.459 126.105 67.3788 69.0233 57.0814 32.6312 24.4502 51.6282 36.7249 31.4542 28.7504 62.747 33.3678 27.9137 33.6138 20.2523 30.2172 33.1775 26.4636 30.6539 34.7409
internal_count=5065 4990 524 335 4466 409 189 4057 3755 500 3255 302 419 342 337 3001 2828 1484 1186 1015 875 559 454 316 1344 450 894 765 360 437 328 164 164 329 190 173 171 356 199 298 254 189 193 215 195 170 199
is_linear=0
shrinkage=0.05


Tree=83
num_leaves=48
num_cat=0
split_feature=283 33 51 9 57 105 226 115 96 43 98 289 71 119 58 46 188 282 285 87 36 204 181 54 296 192 274 75 191 66 233 260 42 57 106 54 156 260 103 226 42 126 279 144 289 54 182
split_gain=5.53435 8.02062 7.29312 6.32209 6.07594 6.32559 5.88005 5.37419 5.41602 7.30111 6.19324 5.63993 5.50412 7.3169 5.84457 5.06053 5.0844 5.3675 5.80277 5.77643 5.7705 5.74844 4.90274 4.79724 4.78331 5.62081 6.83573 4.68763 4.44539 4.43439 4.42617 4.15467 7.38178 3.82152 3.71964 4.98457 3.57456 3.54929 3.45244 3.38653 3.00011 2.80885 2.43113 2.40841 2.13814 1.53292 1.0387
threshold=0.22474747474747478 -0.038610038610038637 2.5000000000000004 3.2500000000000004 10.500000000000002 12.500000000000002 43.500000000000007 345.00000000000006 54.500000000000007 1.0000000180025095e-35 0.31250000000000006 0.8511460603353429 73.500000000000014 6.6250000000000009 10.500000000000002 82.500000000000014 83.500000000000014 -2.2499999999999996 12.312500000000002 72.812500000000014 1.5116573282773487 5.5000000000000009 25.250000000000004 662.50000000000011 7.5000000000000009 1.0000000180025095e-35 -2.5678237142564391 1.5000000000000002 8.5000000000000018 1.5000000000000002 10.500000000000002 3.0794523076712417 7.5000000000000009 12.250000000000002 8.5000000000000018 752.50000000000011 38.500000000000007 2.868301160127487 4.5000000000000009 36.500000000000007 8.5000000000000018 6.5000000000000009 -1.9020338924618863 12.500000000000002 0.39629089145655322 842.50000000000011 27.500000000000004
decision_type=2 2 2 2 2 2 2 2 2 2 2 2 2 2 2 2 2 2 2 2 2 2 2 2 2 2 2 2 2 2 2 2 2 2 2 2 2 2 2 2 2 2 2 2 2 2 2
left_child=2 4 3 7 -2 37 -5 8 9 11 12 -1 30 -14 22 -12 17 18 19 28 23 40 -15 -19 27 -26 -27 31 -17 38 -10 33 -33 43 35 -28 -8 -6 -16 -23 45 -9 -29 -25 -3 -22 -40
right_child=1 44 -4 6 5 -7 36 41 10 -11 15 -13 13 14 29 16 -18 20 -20 -21 21 39 -24 24 25 26 34 42 -30 -31 -32 32 -34 -35 -36 -37 -38 -39 46 -41 -42 -43 -44 -45 -46 -47 -48
leaf_value=0.020209301581846285 -0.028523719151221968 -0.054815480202237143 0.036353198058357739 0.045539438863055427 0.0092295256662925703 0.03362862158045387 -0.011825470311123035 -0.0090639501097131269 -0.008523741984636379 0.036661741221407598 0.031038666789108688 -0.025043837927761381 0.021311093452259608 0.019957630759799155 -0.012543383670644706 -0.021779447974505196 -0.021472983892183495 -0.022601602433126824 0.034538301716062571 0.021586323838010679 -0.041871625355444059 0.023951798046030294 -0.014794383065799622 -0.0017601583630029154 0.018154884845591267 0.019723384416767801 -0.0032650864285581754 0.0096963539361435442 0.011928191864828769 0.0016886205063517225 -0.047378776356920352 0.036627717923018346 -0.0046611421892671185 0.010990179810240221 0.00041863980709406113 -0.04019911806938592 0.020235773735420653 -0.025390096271522656 -0.050148819043769811 -0.012594225795425419 -0.0082302762234834348 -0.043847087734537118 0.039432584405444497 -0.030504412974513131 -0.019891704122027346 -0.014870901428625287 -0.025716040903533067
leaf_weight=12.960602942854168 15.83207689039409 10.157202161848547 13.341944947838781 12.772895719856022 15.357846247963609 13.647088972851632 14.444068089127539 14.975762045010926 14.686988320201635 21.76098001934588 13.265480399131773 12.594118738546966 20.744532454758883 22.102660518139601 23.956648943945765 21.85944889485836 23.251420956104994 16.255750071257353 21.962937775999308 29.502102114260197 18.224284229800109 12.38911333307624 17.159040600061417 14.917205877602102 21.447334695607424 14.096574012190102 14.614737618714569 12.133529618382456 16.243526197969913 18.309373324736953 14.777762049809098 21.695616284385324 20.312727093696594 22.783992044627666 18.40424470230937 24.236987806856632 19.099345605820417 12.647598948329685 12.898563656955959 11.159729449078439 21.267873840406537 9.2538075186312181 17.836906667798758 13.495087388902901 10.162734914571045 9.3942445702850801 12.584042718634008
leaf_count=116 98 100 73 97 136 82 75 99 87 116 72 105 109 123 153 110 131 95 116 149 158 92 108 87 118 87 85 81 81 113 83 124 127 137 107 155 117 83 77 87 150 116 96 86 102 93 91
internal_value=0 -0.0129018 0.00105471 0.000336997 -0.00313058 0.00696378 0.0179917 -0.000928217 -2.93878e-05 0.016064 -0.00134954 -0.00219603 -0.00981029 -0.00521096 -0.0105021 0.00175411 0.000751655 0.00211345 0.0128008 0.00533847 -0.00106011 -0.0132803 0.0047793 0.0027921 0.00479876 -0.00375353 -0.0104987 0.0112204 -0.00747212 -0.0192987 -0.0289266 0.0055534 0.0170187 -0.0040001 -0.0181503 -0.0267363 0.00648727 -0.00674145 -0.0269505 0.00682521 -0.0229079 -0.0235598 0.0280957 -0.0159859 -0.0391011 -0.0335281 -0.0395099
internal_weight=0 77.8045 719.174 705.832 57.4846 41.6525 46.3163 659.516 635.286 47.3157 587.97 25.5547 157.22 127.755 107.01 430.751 417.485 394.234 89.568 67.6051 304.666 72.4352 39.2617 232.231 215.975 92.7999 71.3525 123.175 38.103 67.7486 29.4648 93.2046 42.0083 51.1963 57.256 38.8517 33.5434 28.0054 49.4393 23.5488 48.8864 24.2296 29.9704 28.4123 20.3199 27.6185 25.4826
internal_count=5083 601 4482 4409 399 301 289 4120 3905 337 3568 221 944 774 665 2624 2552 2421 456 340 1965 580 231 1385 1290 552 434 738 191 434 170 561 251 310 347 240 192 219 321 179 401 215 177 173 202 251 168
is_linear=0
shrinkage=0.05


Tree=84
num_leaves=50
num_cat=0
split_feature=283 51 295 279 116 146 279 274 283 46 187 285 56 5 187 143 30 181 111 44 49 291 211 118 98 117 137 233 31 165 8 298 31 157 260 260 154 146 55 229 220 78 154 34 297 54 3 181 58
split_gain=4.79667 9.56885 6.59826 6.45571 6.26082 6.78926 5.73155 7.80623 6.10673 8.66596 7.3789 5.05866 5.04699 6.56664 7.2286 7.55885 5.88922 4.65464 5.02402 4.58068 4.13176 4.61932 4.33302 5.87485 4.14499 8.92928 5.77025 6.2201 4.12023 4.085 4.05583 4.40962 3.90005 3.87737 3.52424 5.17258 3.49326 3.25103 3.24043 2.79478 2.79184 2.69128 2.61452 2.44193 2.00381 1.43096 0.98561 0.881204 0.326574
threshold=1.0294117647058825 6.5000000000000009 0.95000000000000118 -2.1261490829693801 25.000000000000004 6.5000000000000009 -0.85649460252840071 -0.92197748289776071 -0.15268065268065265 87.500000000000014 71.750000000000014 10.187500000000002 20.500000000000004 80.250000000000014 44.250000000000007 18.250000000000004 -0.20979020979020965 69.500000000000014 215.00000000000003 7.5000000000000009 1.0129532184549472 0.92582417582417598 6.5000000000000009 1.1250000000000002 0.31250000000000006 7.3125000000000009 14.500000000000002 58.500000000000007 0.63913043478260889 1.0000000180025095e-35 47.500000000000007 1.5500000000000003 1.8234782608695654 11.500000000000002 -3.4325010982135118 4.4737090596302815 12.250000000000002 1.1666500000000002 712.50000000000011 67.500000000000014 6.5000000000000009 0.54164999999999719 6.2500000000000009 -0.61852201852201838 6.2500000000000009 837.50000000000011 77.750000000000014 1.5000000000000002 16.500000000000004
decision_type=2 2 2 2 2 2 2 2 2 2 2 2 2 2 2 2 2 2 2 2 2 2 2 2 2 2 2 2 2 2 2 2 2 2 2 2 2 2 2 2 2 2 2 2 2 2 2 2 2
left_child=1 2 3 -1 5 38 8 -8 9 -6 17 -12 13 16 15 33 -10 18 20 -18 21 -11 23 24 25 -22 30 -28 39 -29 31 -26 -20 34 -15 37 -3 -36 -4 -16 42 -27 -39 -9 -37 48 -21 -40 -30
right_child=-2 36 4 -5 6 -7 7 43 12 10 11 -13 -14 14 28 -17 19 -19 32 46 22 -23 -24 -25 26 41 27 29 45 -31 -32 -33 -34 -35 35 44 -38 40 47 -41 -42 -43 -44 -45 -46 -47 -48 -49 -50
leaf_value=-0.0066298988194189506 -0.026870169250962406 0.041071863135807164 -0.0053408047652258282 0.036544839058937996 0.030656687390005891 0.0016601834028656299 0.034111688325837303 0.010427078214585871 -0.00046824011972496858 -0.029646765821664339 -0.035217379900135334 0.00065107234587535694 0.020218437939150662 0.023995998094903222 -0.021895453344999826 0.034377764773862778 -0.011875568311431479 0.027969683563140824 -0.027309774717142216 -0.055242685952587647 0.024541690911357078 0.0076689479702931086 0.031501860450973966 -0.019990758157582382 0.029404434043007979 -0.034504330585776642 -0.024042609734159996 -0.0049452536594964368 -0.053541726035564556 0.03063320177812642 0.042696493203332173 -0.0014421934733189156 0.0043648197687471578 -0.023622333853624805 -0.030958030234792253 0.001849718283997627 0.0095366298266764699 0.021094984348108747 -0.051875399623184208 0.0084420802779026551 -0.023475411780218607 -0.004976544015016602 -0.0092609139320430078 -0.01412764363551277 0.028975751396004709 -0.015749631939047895 -0.028415978840673723 -0.026323462232484492 -0.029672957342802248
leaf_weight=14.03265239112079 16.592024222016335 16.069365408271551 7.9046945348382023 20.535866308957338 22.61530777066946 23.08218433149159 24.757648119702935 20.088947819545865 17.418930355459452 17.360979668796066 23.150478664785624 16.517137944698334 13.236120439134536 12.881302591413258 14.945361582562329 13.868530470877884 14.912054553627966 15.439593546092508 24.954409707337618 17.119064920581881 15.814886238425968 14.517923846840857 14.633828476071356 21.399949487298727 22.345455903559923 15.573023304343225 16.900673091411591 15.791254397481682 8.1810653321445042 15.001556187868117 17.159065492451191 22.823430582880974 15.143824666738508 18.830873040482402 15.210202701389788 14.962459392845632 19.749964840710163 12.209234664216639 13.675589710474016 13.712057463824747 11.661672886461018 15.176583193242548 14.438063409179447 18.487760670483112 11.72116034477949 8.2514712661504728 8.978892991319297 9.413194324821232 8.338319104164837
leaf_count=88 81 77 83 120 133 159 137 124 90 93 128 87 103 76 101 98 116 83 135 177 81 83 76 114 120 88 100 91 84 77 93 125 96 141 112 123 94 80 174 78 75 83 106 123 71 77 73 67 85
internal_value=0 -0.000468415 -0.00169565 0.0193249 -0.00274395 -0.0189374 -0.00138339 0.0127959 -0.00291627 0.00142783 -0.000728915 -0.0206334 -0.0088259 -0.0105216 -0.00570871 0.000871773 -0.0249389 0.00215398 0.000547956 -0.0350743 0.00347621 -0.0129365 0.00624532 0.00400435 0.00738971 -0.00503903 0.0126479 -0.00047721 -0.0209322 0.0128061 0.0225403 0.0141243 -0.0155322 -0.00354798 0.000720962 -0.00326669 0.0244153 -0.0121681 -0.0338498 -0.00758429 -0.00411 -0.0205465 0.00490746 -0.00140032 0.0143815 -0.0354809 -0.0474023 -0.0429832 -0.0438752
internal_weight=0 780.994 745.175 34.5685 710.606 54.0757 656.531 63.3344 593.196 342.319 319.704 39.6676 250.877 237.641 179.212 125.783 58.4289 280.036 264.597 41.01 224.499 31.8789 192.62 177.986 156.586 46.5645 110.021 47.6935 53.4283 30.7928 62.328 45.1689 40.0982 111.915 93.0841 80.2028 35.8193 53.5192 30.9935 28.6574 38.309 30.7496 26.6473 38.5767 26.6836 24.7709 26.098 23.0888 16.5194
internal_count=5079 4998 4827 208 4619 483 4136 384 3752 1886 1753 215 1866 1763 1307 882 456 1538 1455 366 1224 176 1048 972 858 252 606 268 425 168 338 245 231 784 643 567 171 373 324 179 261 171 186 247 194 246 250 241 169
is_linear=0
shrinkage=0.05


Tree=85
num_leaves=46
num_cat=0
split_feature=10 58 148 201 57 116 103 227 58 36 36 66 288 297 46 46 202 288 48 147 289 274 282 98 299 148 234 56 283 120 54 188 55 116 283 58 287 107 109 287 54 296 55 32 289
split_gain=5.11484 7.19083 6.99793 7.92119 5.98032 7.35822 6.52815 5.29689 5.20489 4.9966 4.91891 4.32688 5.3563 4.96413 4.231 8.01563 5.11731 4.13279 6.63678 4.01409 3.9792 4.69436 3.6996 5.8695 4.17375 4.13182 4.63362 4.06946 8.16712 5.65558 6.46207 6.02475 6.0495 6.01818 5.73914 3.5314 3.48692 3.0177 2.98507 2.77909 3.22978 2.89469 2.31289 2.26864 1.17405
threshold=0.29166666666666669 20.500000000000004 28.500000000000004 3.5833500000000007 10.500000000000002 85.000000000000014 5.5000000000000009 66.500000000000014 5.5000000000000009 1.6385355362590655 1.1178614260063562 1.0000000180025095e-35 0.58481550752069722 6.7500000000000009 167.50000000000003 192.50000000000003 98.500000000000014 -0.47558551945199218 3.0364815759275792 3.5000000000000004 0.11478523713130605 -1.6363982335474581 0.75000000000000011 0.7916500000000003 0.3033018530457226 64.500000000000014 69.500000000000014 14.750000000000002 -0.17028985507246372 7.1250000000000009 767.50000000000011 57.500000000000007 867.50000000000011 125.00000000000001 -0.25543478260869562 14.500000000000002 0.9999999871346118 78.125000000000014 116.25000000000001 0.99999999999283407 737.50000000000011 7.5000000000000009 782.50000000000011 1.3629343629343633 0.79773375822167203
decision_type=2 2 2 2 2 2 2 2 2 2 2 2 2 2 2 2 2 2 2 2 2 2 2 2 2 2 2 2 2 2 2 2 2 2 2 2 2 2 2 2 2 2 2 2 2
left_child=4 2 8 -4 5 6 -1 -5 44 20 -8 -7 13 -13 16 -16 22 -17 38 -3 42 -22 25 24 -24 26 27 29 36 30 -6 32 33 39 -33 -30 -29 -11 -19 -31 -41 -42 -10 -21 -2
right_child=1 19 3 7 14 11 10 -9 9 37 -12 12 -14 -15 15 17 -18 18 -20 43 21 -23 23 -25 -26 -27 -28 28 35 31 -32 34 -34 -35 -36 -37 -38 -39 -40 40 41 -43 -44 -45 -46
leaf_value=-0.03786750534137065 -0.017501034463659592 -0.0051242091006155118 -0.018698218726535883 0.047521475081940587 0.014917354901003555 -0.015779279825442881 -0.026190120636673548 0.0051757873093903018 0.0048069167715391777 -1.6513256031450323e-05 0.0076824156127508801 0.0069963064197229724 -0.011166287971887193 0.043264282050827184 -0.028861199711048779 0.022090918665311075 0.03321764023384205 -0.031460570964497857 0.021162157281721966 -0.052897293368059678 0.0279942072496587 -0.0071097373700575589 -0.0090504671600607541 -0.026356016114424032 0.026272396760246616 0.025913249307355102 -0.015603314116647808 -0.0029194861116318724 -0.036890201643070664 0.054011879396010799 -0.02599207889311303 0.016462293706681671 -0.0056368400174257854 0.00082102672239963239 -0.021605309726904096 -0.0056272226337301286 0.02311783179301001 -0.041872646466727025 0.0006617151502690497 0.0083011146801532133 0.048423172862580688 0.019102533011060421 -0.031447475086011464 -0.019956636311773215 -0.044828259490348292
leaf_weight=25.759682353585958 9.88452061917633 14.771577519364653 11.739352824166415 15.644494947046041 19.001545120030642 19.956023890525103 17.068453833460808 13.764625592157245 7.4647885486483601 6.955885715782645 25.543496709316969 25.61848908290267 18.524618569761515 14.399026248604057 24.122328497469425 20.938687819987535 17.04196940548718 16.691140228882436 15.530351132154463 12.439481513574721 21.418023016303778 15.978858521208165 17.544957358390096 20.7432149220258 14.364504896104334 28.139193151146173 21.779937837272882 22.03402940928936 14.370175145566462 15.303880492225288 17.711521830409765 22.065121240913868 14.904684465378521 15.976783011108635 16.347537390887737 22.982165526598692 29.212604559957981 10.308182608336208 12.165277019143103 15.171130780130623 21.046195458620787 16.971180934458971 8.9565277323126775 11.704707497730849 9.1601449213922006
leaf_count=156 104 149 91 104 105 114 91 92 85 58 142 150 107 80 148 117 118 106 85 106 119 96 131 153 75 156 115 117 86 83 90 104 85 97 97 152 149 154 91 84 110 90 115 131 56
internal_value=0 -0.00760104 -0.00193505 0.0149279 0.00216207 -0.00661967 -0.0184891 0.028524 -0.00971332 -0.00331834 -0.00617484 0.0038211 0.0106553 0.0207828 0.00490192 -0.00484764 0.00718729 0.00432115 -0.00436347 -0.026187 0.00427671 0.0132005 0.00588687 -0.00628566 0.00716578 0.00794791 0.00608892 0.00793694 -0.000789735 0.012347 -0.00498451 0.0169676 0.0234122 0.0285439 0.000124475 -0.018303 0.0120812 -0.0259326 -0.0183499 0.0349057 0.0285131 0.0361593 -0.0156371 -0.038357 -0.0322256
internal_weight=0 170.191 131.275 41.1485 619.03 146.87 68.3716 29.4091 90.1269 71.0823 42.612 78.4982 58.5421 40.0175 472.16 89.4478 382.712 65.3255 44.3868 38.9158 53.8182 37.3969 365.67 52.6527 31.9095 313.018 284.878 263.099 88.599 174.5 36.7131 137.787 99.3739 84.4692 38.4127 37.3523 51.2466 17.2641 28.8564 68.4924 53.1885 38.0174 16.4213 24.1442 19.0447
internal_count=5044 1460 1074 287 3584 840 389 196 787 627 233 451 337 230 2744 547 2197 399 282 386 415 215 2079 359 206 1720 1564 1449 504 945 195 750 549 464 201 238 266 212 197 367 284 200 200 237 160
is_linear=0
shrinkage=0.05


Tree=86
num_leaves=49
num_cat=0
split_feature=261 288 3 66 4 97 299 286 170 34 89 201 297 46 32 99 109 291 97 182 32 263 214 288 74 117 76 274 285 78 36 55 291 289 181 220 195 190 210 234 286 299 29 297 58 29 214 284
split_gain=5.58352 8.14436 5.64234 5.22207 7.40314 5.11413 4.94179 6.94313 6.28226 4.84277 4.53835 7.35695 4.75258 4.50025 4.15307 4.07895 4.03701 3.9151 4.85129 5.9603 4.86239 4.69851 4.28043 6.0115 5.76689 5.12733 5.88725 4.94923 7.77603 4.90563 4.24919 3.97542 4.23396 3.81178 3.76915 4.4675 4.42679 3.69996 3.69277 3.68908 4.77959 3.64825 3.64327 3.43884 2.7212 2.613 2.45507 1.82488
threshold=5.0000000000000009 -0.39036798905311365 78.250000000000014 1.0000000180025095e-35 77.250000000000014 5.5625000000000009 0.99623398337217672 0.95220071374184378 1.5000000000000002 -0.45684045684045699 63.875000000000007 1.0000000180025095e-35 4.7500000000000009 157.50000000000003 0.51912332500567804 8.1250000000000018 223.75000000000003 0.96871945259042047 9.2812500000000018 21.500000000000004 1.2240768240768245 91.258851103001561 1.0000000180025095e-35 -0.93545489084327571 5.7500000000000009 7.6875000000000009 1.0000000180025095e-35 -2.357165371412365 11.437500000000002 0.54164999999999719 1.2764179206008845 752.50000000000011 0.78416149068322993 -0.62587551141915865 13.500000000000002 1.0000000180025095e-35 3.5000000000000004 2.2500000000000004 1.5000000000000002 6.5000000000000009 0.2763457982574184 0.63149210216107576 1.0000000180025095e-35 4.7500000000000009 12.500000000000002 0.34285714285714275 1.5000000000000002 1.8786764705882355
decision_type=2 2 2 2 2 2 2 2 2 2 2 2 2 2 2 2 2 2 2 2 2 2 2 2 2 2 2 2 2 2 2 2 2 2 2 2 2 2 2 2 2 2 2 2 2 2 2 2
left_child=2 3 13 44 -5 43 7 8 16 -10 11 46 38 -1 -14 -16 17 22 19 47 -21 41 25 -24 33 42 -27 29 -29 -26 -28 -30 -33 -25 35 -12 -37 45 -13 40 -38 -22 -4 -3 -2 -6 -7 -19
right_child=1 5 6 4 37 10 -8 -9 9 -11 34 12 14 -15 15 -17 -18 18 -20 20 21 -23 23 24 27 26 30 28 31 -31 -32 32 -34 -35 -36 36 39 -39 -40 -41 -42 -43 -44 -45 -46 -47 -48 -49
leaf_value=0.00089342889990075302 -0.014290093999556334 -0.042496803992022436 0.031855313186764399 -0.0068564555510055754 0.0052287543441579673 -0.029727024557077732 0.023483970785921876 -0.028184473080442675 -0.0011085098139886286 0.033749000597901029 0.014414178987011299 0.019085577781067592 -0.00045281961190943168 -0.04141131748008433 0.011543237552010784 0.044423644758633779 -0.030565177208415624 -0.035986139996554221 0.025301112589375119 -0.015834241291485557 0.042398803134930038 -0.0071221903235470499 -0.039491445617154279 -0.037633941144296162 0.032458719355365026 -0.038311707187737548 0.02132711408534721 0.02044637570089694 0.0042665410163508135 -0.0063957332074065084 -0.017518366871217918 -0.010182249924214154 -0.044598064335397314 -0.0048893916655714511 0.013825595200654945 0.0088453323517159142 -0.01225036269487044 0.050247510893480334 -0.01543684279696369 -0.0059253644707630664 -0.050428892982047759 0.0084100509277787831 0.0018734672432689462 -0.0037339636333200543 0.014674313239514665 0.035562374689066964 0.00012127522093003504 -0.0067030184292539751
leaf_weight=9.7700029313564318 15.551366955041887 10.322817340493204 16.915897488594055 13.795721929520367 14.023512359708549 11.623794021084906 16.339496996253729 26.212977882474661 19.312109861522913 19.450487766414881 14.915539085865019 13.032430037856104 12.425547797232865 16.422619988210499 15.998714268207548 25.649615945294499 12.938853252679108 11.18275389634073 21.733176685869694 16.332164883613586 15.593574019148948 15.575217276811598 16.313878254964948 21.601114504039288 16.519197361543778 11.733972899615763 13.859707269817592 15.698471141979097 13.212422614917157 14.629420064389704 12.398586168885229 18.967776680365205 17.312189567834139 15.203131524845956 19.878784596920013 14.980564076453446 17.281919127330184 20.295104648917913 16.291506795212626 24.289395872503519 16.213736798614264 16.243004353716969 23.631886029615998 11.996108412742613 14.89810476452112 14.269394088536499 15.147336991503833 10.438197754323481
leaf_count=66 93 112 94 121 83 77 93 148 106 104 79 103 74 147 101 143 134 94 118 91 89 94 132 143 112 87 87 99 88 102 89 130 126 90 105 86 96 112 150 142 88 94 141 79 87 80 109 71
internal_value=0 0.0044218 -0.00408608 0.0169122 0.0250877 -0.000458704 -0.00268061 -0.00376995 -0.00204698 0.0167913 0.00191626 0.00900967 0.0162908 -0.0261788 0.0249486 0.0323598 -0.00418721 -0.00308078 0.00477495 -0.000683287 0.00704419 0.0150895 -0.00677562 -0.0117162 -0.00804396 0.00265522 -0.0104038 -0.00153334 -0.00933579 0.0145788 0.00301535 -0.0190002 -0.0273607 -0.0245949 -0.00536528 -0.00982301 -0.0149192 0.034113 2.93749e-05 -0.0211258 -0.031657 0.025842 0.0148471 -0.0227159 -0.000102603 0.0212191 -0.0134424 -0.0227701
internal_weight=0 332.881 455.542 92.8332 62.3837 240.048 429.35 413.01 386.797 38.7626 217.729 110.169 83.3978 26.1926 54.0739 41.6483 348.035 335.096 107.098 85.3649 63.744 47.4118 227.998 149.458 133.144 78.54 37.9923 96.3395 65.1909 31.1486 26.2583 49.4924 36.28 36.8042 107.56 87.6812 72.7656 48.588 29.3239 57.7851 33.4957 31.8366 40.5478 22.3189 30.4495 28.2929 26.7711 21.621
internal_count=5089 2120 2969 576 396 1544 2756 2663 2515 210 1353 757 571 213 318 244 2305 2171 651 533 368 277 1520 1022 890 498 263 657 443 214 176 344 256 233 596 491 412 275 253 326 184 183 235 191 180 163 186 165
is_linear=0
shrinkage=0.05


Tree=87
num_leaves=51
num_cat=0
split_feature=10 48 52 298 17 107 32 301 148 113 301 277 35 202 114 113 158 32 103 273 146 80 57 260 260 198 126 79 109 5 110 158 286 0 111 39 104 279 79 277 9 57 260 117 274 87 282 204 154 30
split_gain=4.203 4.9461 4.18226 5.48365 4.99558 4.67893 7.9295 7.11653 5.88448 5.35687 4.50945 4.40715 4.10794 5.17657 4.81334 6.44769 4.993 4.76277 5.80915 4.10551 5.49835 5.31054 5.97091 8.57954 5.45882 6.04231 5.29602 4.61224 5.19402 5.50859 4.60846 3.98498 3.67357 3.45259 3.36433 3.34976 3.34716 3.14382 3.03958 3.01617 2.92235 2.69049 3.04237 2.56771 2.53896 2.40765 2.37775 2.12905 1.03852 0.594541
threshold=0.12500000000000003 3.3323580063586635 0.95506172839506187 1.6833333333333351 7.5000000000000009 114.06250000000003 1.5853281853281858 2.9580887653944265e-19 41.500000000000007 85.000000000000014 9.2532509966636092e-13 -1.9535997298296397 0.60952412990125227 15.500000000000002 125.00000000000001 95.000000000000014 8.5000000000000018 1.0849420849420854 5.5000000000000009 90.964758407808361 9.2500000000000018 85.125000000000014 10.500000000000002 4.5534336356370053 -3.5548960853902423 1.0000000180025095e-35 5.5000000000000009 75.125000000000014 198.75000000000003 79.500000000000014 108.75000000000001 14.500000000000002 0.15253675872025077 78.250000000000014 175.00000000000003 0.47727272727272735 4.5000000000000009 -2.8104775825796304 82.791650000000018 -1.8923905756572257 1.7500000000000002 12.250000000000002 1.6797494045095587 7.9062500000000009 -1.8686612728222445 60.062500000000007 -1.7499999999999998 1.2500000000000002 6.7500000000000009 2.0769230769230775
decision_type=2 2 2 2 2 2 2 2 2 2 2 2 2 2 2 2 2 2 2 2 2 2 2 2 2 2 2 2 2 2 2 2 2 2 2 2 2 2 2 2 2 2 2 2 2 2 2 2 2 2
left_child=19 2 41 12 46 7 10 9 34 11 -7 -6 14 17 15 16 -4 -14 -19 21 -21 22 23 26 33 -26 -1 30 29 -29 -27 37 -3 -24 -8 -33 -28 -31 39 -39 -38 -2 -43 -9 -17 -34 -5 -15 -41 -36
right_child=1 32 3 4 5 6 8 43 -10 -11 -12 -13 13 47 -16 44 -18 18 -20 20 -22 -23 24 -25 25 27 36 28 -30 31 -32 35 45 -35 49 -37 40 38 -40 48 -42 42 -44 -45 -46 -47 -48 -49 -50 -51
leaf_value=-0.040942587419887683 -0.0053476814046168296 -0.01073838135699565 -0.011015152248662743 -0.0091478243472304828 0.033989044892310631 0.0029844075540758396 0.0023694454742355037 -0.04906423365450114 0.021137906448515195 -0.021056155439409929 0.040028404490323161 -0.0078328706450507095 -0.011027471974928945 -0.032735872322058344 -0.010531100633240869 0.018943148459756098 0.023545547345775079 -0.0042612984627981437 0.039266731278286074 -6.6631281898836257e-05 0.036925528883314067 -0.025232371475438244 0.010915341756507921 0.021033169207233152 -0.024046248338484996 0.0019304557020741603 -0.026544270326235561 -0.016816746416230318 -0.01882337407616512 0.038971949484725162 0.039655937903343215 -0.017878877550309459 0.0056586657301157675 0.044142583824297393 -0.052177156872849219 0.011148617300737277 -0.013856748400021022 0.0039319127293000015 -0.0042111077530898764 0.039765245788451781 0.015189148530505917 -0.049882307867025216 -0.012157085260158454 -0.010698012188202407 0.052913728637031879 0.03326849583918192 -0.037724657397222507 -0.0063051289743046995 0.018824954242656483 -0.021382694271593859
leaf_weight=15.386546939611433 19.078230321407318 11.463128011673687 21.752810092642903 12.690782282501461 11.785398773849012 16.613028744235635 5.5523847751319471 13.938624909147622 7.1604950297623864 19.443273225799203 15.597330361604689 11.817115940153597 24.40028615295887 15.626529941335322 18.950540283694863 12.370990974828603 18.398145087063313 14.489538128487768 14.863094700500367 18.902434784919024 20.428409889340401 15.228553332388399 17.429390417411923 19.23177583143115 15.510654455050824 13.797217838466166 14.937243742868302 19.233953729271889 20.799006745219231 13.497840639203785 18.962098643183708 16.981326244771481 14.50852116383612 14.627928666770456 7.9901185641065222 21.241460055112839 15.576066059991716 19.998099543154233 18.592250429093838 13.131591498851785 17.141821678727865 10.243979137390854 11.837602542713283 7.116083941422402 12.26169206574559 17.701025538146496 19.085883978754282 15.151850100606678 16.387629568576813 4.5230494430288672
leaf_count=88 137 66 154 63 76 104 49 148 47 141 117 88 151 96 148 92 127 100 84 95 101 83 120 103 93 83 82 93 121 71 121 97 93 75 140 110 89 112 95 73 92 76 90 89 73 102 151 91 88 88
internal_value=0 -0.00281733 -0.00473937 -0.0027887 -0.00959907 -0.00488255 0.00543794 -0.0140716 -0.0152198 -0.00218609 0.0215875 0.0135827 0.00343655 -0.00431816 0.0112237 0.0176507 0.00500874 0.00505517 0.0183472 0.00450314 0.0195862 0.00269378 0.00408654 -0.00747589 0.00806165 0.00503685 -0.0163656 0.00749082 0.00391768 0.00742903 0.024295 0.0114277 0.0128955 0.0269538 -0.0299834 -0.00187453 -0.00775199 0.0176054 0.0128683 0.0192376 0.00136036 -0.0195522 -0.0310613 -0.0371702 0.0372577 0.0213768 -0.0269391 -0.0203322 0.029138 -0.0434522
internal_weight=0 406.412 362.739 321.579 153.314 121.537 57.4364 64.1005 25.226 43.0458 32.2104 23.6025 168.265 84.5313 83.7342 64.7836 40.151 53.7529 29.3526 377.023 39.3308 337.692 322.464 82.2735 240.19 208.133 63.0417 192.622 159.863 139.064 32.7593 119.83 43.6727 32.0573 18.0656 38.2228 47.6551 81.6074 68.1096 49.5173 32.7179 41.1598 22.0816 21.0547 24.6327 32.2095 31.7767 30.7784 29.5192 12.5132
internal_count=5066 2981 2720 2417 1301 1087 545 542 324 305 221 164 1116 522 594 446 281 335 184 2085 196 1889 1806 454 1352 1157 351 1064 860 739 204 646 261 195 277 207 263 439 368 273 181 303 166 237 165 195 214 187 161 228
is_linear=0
shrinkage=0.05


Tree=88
num_leaves=50
num_cat=0
split_feature=299 128 282 285 226 90 299 117 299 273 51 52 32 283 33 63 226 276 79 260 277 235 277 144 277 156 148 285 44 284 259 32 98 227 138 137 201 54 263 56 10 58 259 289 41 184 279 89 49
split_gain=5.61697 5.06104 4.06911 6.4075 5.21411 8.83432 5.79361 5.02525 9.10204 8.02217 4.98252 7.2915 5.53986 5.96286 4.76701 4.3702 6.61143 5.56044 8.04656 5.26993 4.88679 6.26417 4.93438 4.45028 4.14319 4.23494 5.36175 5.35264 4.55528 4.91058 6.26288 4.11304 4.05661 4.94667 3.90279 3.78779 3.55223 3.37917 4.89781 3.22511 4.39481 2.97068 2.48355 2.4736 2.0726 1.97751 1.81644 1.28507 0.0421722
threshold=0.99623398337217672 0.37500000000000006 -1.7499999999999998 7.8125000000000009 9.5000000000000018 71.875000000000014 0.17217010972158989 7.3125000000000009 0.91558662026644322 90.603977048274601 7.5000000000000009 0.67333333333333345 2.2857142857142869 0.34057971014492755 -0.41930501930501946 88.750000000000014 60.500000000000007 88.628150328509506 83.875000000000014 5.6250743046617364 -1.1824783211634868 2.5000000000000004 -1.3724878963960219 23.500000000000004 -1.5029892278399279 28.500000000000004 12.500000000000002 10.687500000000002 12.500000000000002 1.8397435897435901 -9.417865847478577 1.6841698841698844 0.31250000000000006 36.500000000000007 33.500000000000007 14.500000000000002 2.2500000000000004 837.50000000000011 90.99731376213721 11.250000000000002 0.12500000000000003 16.500000000000004 -5.4376335405972815 -0.87810534180523914 5.5000000000000009 67.500000000000014 -2.2452682764563718 73.625000000000014 2.2616220295960803
decision_type=2 2 2 2 2 2 2 2 2 2 2 2 2 2 2 2 2 2 2 2 2 2 2 2 2 2 2 2 2 2 2 2 2 2 2 2 2 2 2 2 2 2 2 2 2 2 2 2 2
left_child=1 2 3 -1 6 14 31 8 -7 43 12 -12 13 15 -6 16 19 -17 -19 20 22 -22 24 35 25 26 27 -4 39 30 -30 -5 -21 -34 47 37 -28 38 -20 -29 -41 48 -8 -9 -43 -36 -16 -25 -14
right_child=-2 -3 10 4 5 7 42 9 -10 -11 11 -13 41 -15 46 17 -18 18 23 32 21 -23 -24 34 -26 -27 36 28 29 -31 -32 -33 33 -35 45 -37 -38 -39 -40 40 -42 44 -44 -45 -46 -47 -48 -49 -50
leaf_value=-0.022914211429631601 0.022123232136900428 -0.029684471125978953 0.023844947715723964 0.024391293843119593 0.0014966346922197003 0.051773456503127646 0.048562461775222887 0.00036701208569887346 -0.00038734261412695767 0.022286974968680429 -0.0060732276970545162 0.033234360439802733 -0.050948097069925452 -0.03370576042291145 -0.038794770158595872 -0.042802437169624785 0.032122233570689648 0.029366970510351954 -0.00058136773257626978 -0.0092858495161478299 0.033747611406423413 -0.0044322735727527485 -0.030861210081432219 -0.021808212474099455 0.017059109602890764 0.013530683159633992 -0.0073933667019461732 -0.0011790404064149641 0.016030427095361639 0.0289670098392204 -0.032411613617567996 -0.0085823379224804052 0.036520968474084446 -0.0006769068159232154 0.0067498411012551192 0.023801193757582464 -0.040274792708057755 0.01144859529967818 -0.04429526367322089 -0.0033951183109124728 -0.038677728145473197 -0.02744309617836431 0.01807181176810721 -0.026676328228275259 0.015367720952398059 -0.021816404763353787 -0.013255124283359355 -0.049859717590851067 -0.027698245193198363
leaf_weight=17.912766389548779 26.525800317525864 13.937984991818665 13.531520556658505 15.396885141730307 30.826555205509067 16.938495509326458 15.539270702749493 16.6064343303442 15.641325160861014 28.625143557786942 24.217058107256889 21.536589585244656 6.9940632618963736 14.405285019427536 14.225939132273199 10.830834258347748 15.25326758250594 12.693938840180634 15.210513342171909 13.194288084283469 17.385288835503161 25.366350100375712 18.490889613516629 10.286237046122553 19.204853639006615 21.077704630792141 14.464095491915939 20.226007632911205 12.582792662084101 12.629597067832945 12.220401846803727 21.495712108910084 22.440816080197692 14.387227358296512 11.155991973355414 10.65672332793474 19.797162406146526 13.049874311313031 10.106114741414784 14.109355647116898 23.532447857782245 4.6153656411916 14.325201340019701 16.171371579170227 4.7742201611399651 11.379388337954877 15.782885137945412 11.071109529584644 5.2308094585314393
leaf_count=93 158 95 78 95 155 84 97 88 86 146 107 105 121 144 79 74 94 95 115 82 104 157 109 80 110 126 85 115 73 82 111 112 138 95 85 81 125 98 93 75 154 106 82 90 64 77 85 86 82
internal_value=0 -0.000867435 -0.000291242 0.00506916 0.0074242 0.00234521 0.0189946 0.0119068 0.0274657 0.00334355 -0.00282277 0.0127443 -0.00438743 -0.00314145 -0.0123799 -0.00203226 0.00107714 -0.0102463 -0.00653734 -0.000633249 -0.00366859 0.0115104 -0.0069241 -0.011703 -0.00435609 -0.00694937 -0.0100391 -0.00450349 -0.00873444 0.00478893 -0.00816785 0.00545952 0.0139911 0.0223555 -0.0230776 -0.00126096 -0.0269966 -0.00865002 -0.0190515 -0.017415 -0.0258828 -0.0285318 0.0349963 -0.0133699 -0.00629153 -0.00798894 -0.0262231 -0.0379291 -0.0438465
internal_weight=0 761.534 747.596 239.488 221.575 154.818 66.7571 93.9828 32.5798 61.4029 508.108 45.7536 462.355 440.74 60.8354 426.335 309.894 116.441 105.61 294.641 244.618 42.7516 201.867 92.916 183.376 164.171 143.093 108.832 95.3006 37.4328 24.8032 36.8926 50.0223 36.828 43.8927 49.0232 34.2613 38.3665 25.3166 57.8678 37.6418 21.6145 29.8645 32.7778 9.38959 22.5354 30.0088 21.3573 12.2249
internal_count=5071 4913 4818 1292 1199 813 386 494 170 324 3526 212 3314 2941 319 2797 1913 884 810 1819 1504 261 1243 715 1134 1024 898 688 610 266 184 207 315 233 328 387 210 306 208 344 229 373 179 178 170 162 164 166 203
is_linear=0
shrinkage=0.05


Tree=89
num_leaves=49
num_cat=0
split_feature=288 101 110 63 273 4 274 279 55 280 99 226 7 115 301 289 197 41 283 66 107 56 109 212 301 90 137 76 75 149 109 78 182 55 288 29 44 54 284 137 187 154 143 40 28 29 44 107
split_gain=5.2383 6.61723 5.23427 7.17995 7.00816 6.39107 9.46175 6.27675 7.13511 6.11356 7.4298 5.97847 6.77207 6.66906 5.34813 6.07488 5.69577 7.76685 5.45405 5.07299 5.03941 5.03019 4.85818 5.21983 4.79018 5.11391 4.74274 4.50539 4.37934 4.00726 3.79598 3.71719 4.00063 3.59473 4.36306 3.54746 3.0838 3.0412 4.27867 8.23775 3.55757 3.55455 2.55618 2.27006 2.25884 1.82668 1.60996 1.29143
threshold=0.77788564761185042 17.500000000000004 106.25000000000001 89.250000000000014 91.690188505957408 79.250000000000014 -2.0736788887127902 -2.5120662996399736 872.50000000000011 89.782168185197818 6.3750000000000009 2.5000000000000004 9.2500000000000018 205.00000000000003 -9.0457569092737677e-18 -0.42179730054635828 15.500000000000002 11.500000000000002 -0.15587044534412953 1.0000000180025095e-35 78.125000000000014 11.250000000000002 116.25000000000001 3.2500000000000004 4.7645599025842004e-18 68.375000000000014 8.2500000000000018 1.0000000180025095e-35 1.5000000000000002 51.500000000000007 153.75000000000003 0.54164999999999719 6.5000000000000009 762.50000000000011 -0.25205528343633254 1.5701725633984358e-16 7.5000000000000009 742.50000000000011 1.9148550724637683 3.5000000000000004 1.2500000000000002 4.2500000000000009 1.2500000000000002 1.7500000000000002 1.0000000180025095e-35 1.21764705882353 7.5000000000000009 83.958325000000016
decision_type=2 2 2 2 2 2 2 2 2 2 2 2 2 2 2 2 2 2 2 2 2 2 2 2 2 2 2 2 2 2 2 2 2 2 2 2 2 2 2 2 2 2 2 2 2 2 2 2
left_child=1 2 4 5 14 6 -4 9 33 -5 -11 12 -8 -14 35 24 17 18 20 21 -17 -7 -21 26 25 -16 -24 36 -13 37 -28 47 42 34 -9 -1 -2 46 39 41 -40 -39 -33 -27 -35 -15 -29 -20
right_child=27 -3 3 7 -6 19 11 8 -10 10 -12 28 13 45 15 16 -18 -19 31 22 -22 -23 23 -25 -26 43 30 29 -30 -31 -32 32 -34 44 -36 -37 -38 38 40 -41 -42 -43 -44 -45 -46 -47 -48 -49
leaf_value=0.028569450364882145 -0.0069383717547657174 0.034464359209680932 -0.033459095579067025 -0.019838604666303154 0.024877604452773476 -0.020226981979378351 0.05949449200009941 -0.024744061095224069 0.019453935672384334 0.03492823635032094 -0.0050324652262224217 -0.017743219516703886 0.037892843219088895 0.00359286611473357 -0.0034377901652030717 -0.014624578875025869 0.026891119276340511 0.020707805993296413 -0.021631510643927879 0.043410943742853231 0.018031063984370408 0.018201762261127498 -0.013289908647053948 0.038622692254768089 0.0013161106178336841 -0.022332235132616705 0.00040806502249125923 -0.00012947552756666135 0.016960328472956736 -0.029183945989269367 0.035766229323374261 -0.0044634543407324669 0.011433110253808174 -0.042749644468673784 0.012984973092694916 -0.00069845113740149892 -0.034596634447917655 0.016298975804197282 0.0081308709787608156 0.037270075939006671 -0.02861261421151115 -0.01785362291937222 -0.034029443944697833 -0.049702949034518919 -0.013768748971275125 -0.034690046126039369 -0.024733636372854449 -0.047095561237196951
leaf_weight=15.246768135577438 19.230131253600121 14.487914405763147 15.424718165770171 13.697040433064101 18.972965076565742 13.960066689178346 8.8409850206226128 15.551370128989221 12.859353940933941 25.131437573581934 20.561574401333928 22.820995727553964 9.2484215255826729 5.5560561083257181 14.539461668580769 22.60176445543766 13.15682879090309 21.158371388912201 12.974250245839359 24.564453298225999 22.66641852632165 18.777916206046939 16.492542307823896 18.795605501160026 17.466435305774212 16.042269887402654 14.142086170613767 11.888238446787001 13.745852600783108 11.812624199315904 15.444387443363665 13.484714755788447 13.003957360982893 18.716215012595061 13.399097889661787 28.413298338651657 21.716452478431165 12.367564663290979 12.049202037975194 20.750735061243176 12.665826961398123 16.763870980590582 15.909195022657512 20.537592709064484 12.217114131897686 5.6324052466079593 14.116239953786133 12.397626312449573
leaf_count=79 122 81 139 86 128 78 62 103 81 149 141 139 54 71 90 131 75 128 91 128 140 111 101 111 119 106 81 72 91 71 88 92 82 137 80 151 159 93 85 128 76 137 98 135 83 95 105 85
internal_value=0 0.00218475 0.00136849 0.00556664 -0.00369061 0.0114395 0.000549171 -0.00349389 -0.0132596 0.00848895 0.0172235 0.00889728 0.025342 0.00848157 -0.00586599 -0.00909145 -0.00331707 -0.00645573 -0.0116772 0.0186203 0.00176287 0.00170123 0.024726 0.0170994 -0.0212715 -0.0288664 0.00768619 -0.00809326 -0.00459359 -0.00284801 0.0194312 -0.0205498 -0.0110594 -0.0204885 -0.00743148 0.0099332 -0.0220823 0.000501151 0.00564129 0.0139809 -0.0110797 -0.00329463 -0.0210589 -0.0386131 -0.0320932 -0.0169442 -0.0139069 -0.0353882
internal_weight=0 628.64 614.152 335.58 278.572 203.446 81.2694 132.133 72.7432 59.3901 45.693 65.8447 29.2779 20.4369 259.599 215.939 147.353 134.196 113.038 122.177 45.2682 32.738 89.4391 64.8746 68.5858 51.1193 46.079 153.361 36.5668 112.414 29.5865 67.7697 42.3979 59.8838 28.9505 43.6601 40.9466 100.602 74.5972 49.8822 24.715 29.1314 29.3939 36.5799 30.9333 11.1885 26.0045 25.3719
internal_count=5068 4020 3939 2209 1730 1349 651 860 484 376 290 512 282 220 1602 1372 922 847 719 698 271 189 509 381 450 331 270 1048 230 767 169 448 272 403 183 230 281 696 519 358 161 230 190 241 220 166 177 176
is_linear=0
shrinkage=0.05


Tree=90
num_leaves=45
num_cat=0
split_feature=154 285 10 114 116 59 272 31 285 273 54 30 285 39 142 272 33 187 31 120 48 234 201 31 31 277 109 30 107 206 55 118 33 147 234 157 155 138 279 298 55 43 301 41
split_gain=7.04355 7.51342 6.91744 5.14993 5.46235 5.08949 5.16877 4.74928 4.64786 5.12337 5.07317 4.6173 4.33982 3.85035 3.71675 4.71867 4.67662 8.97519 5.01097 4.95248 3.45153 7.47532 6.0743 4.65263 4.17009 5.49908 6.41158 4.56817 6.2431 3.7731 8.14512 5.64981 5.08952 4.52644 5.2305 3.80134 3.46291 5.23015 3.20945 2.64313 2.58767 2.39021 2.20374 2.20147
threshold=80.250000000000014 7.5625000000000009 0.29166666666666669 165.00000000000003 115.00000000000001 78.500000000000014 -2.1842429375829848 0.9365217391304349 8.5625000000000018 91.690188505957408 842.50000000000011 2.0349650349650354 17.062500000000004 0.52272727272727282 1.5000000000000002 -1.5010437698183061 -3.0586872586872578 2.7500000000000004 1.3539130434782611 7.8125000000000009 1.926969787330479 52.500000000000007 2.2500000000000004 -0.51913043478260856 0.80608695652173934 -2.5030148784088806 83.750000000000014 -0.60839160839160822 106.87500000000001 3.5000000000000004 872.50000000000011 0.37500000000000006 1.3613899613899616 2.5000000000000004 1.5000000000000002 6.5000000000000009 40.500000000000007 11.500000000000002 -1.8317519187104947 1.2916666666666667 767.50000000000011 1.0000000180025095e-35 7.6925897709981105e-16 6.5000000000000009
decision_type=2 2 2 2 2 2 2 2 2 2 2 2 2 2 2 2 2 2 2 2 2 2 2 2 2 2 2 2 2 2 2 2 2 2 2 2 2 2 2 2 2 2 2 2
left_child=1 7 5 4 14 6 -3 -1 13 20 42 12 -8 -7 -4 16 -16 -18 19 -19 21 22 -10 -22 25 -25 -27 -28 -29 31 32 33 35 34 -26 -31 37 -35 -30 -24 -33 -17 -11 -5
right_child=-2 2 3 43 -6 8 11 -9 9 10 -12 -13 -14 -15 15 41 17 18 -20 -21 23 -23 39 24 29 26 27 28 38 30 -32 40 -34 36 -36 -37 -38 -39 -40 -41 -42 -43 -44 -45
leaf_value=-0.004989613846108674 0.035150007447554601 -0.0059075215245400943 -0.033100038859665386 -0.015252102986208625 0.019230699810360467 0.0010628033003928139 0.046343640978678519 -0.038161976754812671 0.023193408833578136 0.01935282029024438 0.03949141434913387 -0.0015246715230319452 0.011001678099378928 0.033904654536867036 0.021317598557580423 -0.042873219816524338 0.019731410281691005 0.0083381468562907443 -0.046086037572472482 -0.031122287433010116 0.023411177911966966 -0.037658401879483869 0.0028175408401613978 -0.029972439035783678 -0.0038132544044415895 0.022671157548521823 0.010912210282763577 -0.034114300723461735 -0.018375315567898922 -0.0049568099388301937 0.042369743634847246 -0.031412632940122476 -0.018738607929757147 0.0035766490638949795 0.035150267340907711 0.022928575253076539 0.012733137177540259 -0.034058526030413261 0.0117458354680171 -0.02557749910529792 -0.0059996003431304805 -0.0076456325488166096 -0.0073477854651614527 -0.05549900643730972
leaf_weight=24.828024104237556 13.725055467337368 18.334573809988797 13.16258329246193 8.2611877731978876 19.051913507282734 16.055115036666393 23.189069028943777 18.575677189975977 16.391864651814103 12.687951181083919 15.000435769557951 12.554322824813424 14.774267099797724 19.283944725990295 18.324943529441953 10.106060313060881 20.626691550016403 18.055557107552886 11.793307667598127 12.777264202013614 20.951719913631678 18.147630885243416 14.168579531833528 21.671501994132996 14.131214890629051 19.094206418842077 20.784533627331257 25.415619716048241 14.870971780270336 19.549144420772791 16.574663614854217 16.358377184718847 17.166424358263612 21.557468861341476 20.363573068752885 30.309567958116531 20.863485362380743 14.927598398178814 18.987252674996853 17.869314419105649 25.131038440391421 9.4282798543572408 16.884815784171224 6.4204520592465988
leaf_count=137 80 131 111 118 156 93 145 102 103 69 79 122 123 99 105 108 156 141 141 146 112 114 82 115 83 103 111 155 86 111 92 92 100 135 121 159 104 84 100 123 143 74 99 77
internal_value=0 0.00023763 0.0014633 -0.00814003 -0.00491229 0.00394919 0.0166017 -0.0197262 0.00219542 0.00086113 0.0167942 0.0247272 0.0332249 0.0194239 -0.00906933 -0.00564753 -0.000251863 -0.00673526 -0.0197011 -0.00847842 -0.000844259 -0.0112106 -0.000738728 0.00110559 -0.000343099 -0.00775102 -0.00264338 -0.00888619 -0.0158944 0.0037995 0.0120597 -0.00143086 0.00405162 0.00549136 0.0195306 0.0121125 -0.00314317 -0.0123193 -0.00163138 -0.0133148 -0.0165229 -0.0270709 0.0043662 -0.0352693
internal_weight=0 765.462 722.058 148.008 133.327 574.05 68.8522 43.4037 505.198 469.859 44.5732 50.5177 37.9633 35.3391 114.275 101.112 81.5778 63.2528 42.6261 30.8328 425.286 66.5774 48.4298 358.708 337.757 120.824 99.1526 80.0584 59.2738 216.933 83.5998 133.333 67.0251 91.8433 34.4948 49.8587 57.3486 36.4851 33.8582 32.0379 41.4894 19.5343 29.5728 14.6816
internal_count=5040 4960 4721 1333 1138 3388 521 239 2867 2675 247 390 268 192 982 871 689 584 428 287 2428 422 308 2006 1894 670 555 452 341 1224 462 762 370 527 204 270 323 219 186 205 235 182 168 195
is_linear=0
shrinkage=0.05


Tree=91
num_leaves=51
num_cat=0
split_feature=112 34 143 48 31 193 233 36 4 88 88 120 0 100 59 32 36 35 279 35 193 287 32 288 74 143 101 8 66 299 277 138 56 277 38 148 55 198 286 49 192 181 232 99 74 32 288 34 146 284
split_gain=5.04125 5.24089 4.37022 5.01828 4.55397 3.378 4.84608 4.11009 4.23744 5.25173 7.23223 6.15034 4.75953 4.09725 4.02954 4.11042 4.9857 4.46922 4.59174 4.15134 4.91531 6.05345 6.07666 4.78018 3.90772 3.80688 3.79358 4.45502 5.50518 4.27687 3.7289 3.46327 3.36645 5.40565 3.32392 3.99271 3.27531 3.25231 3.2309 2.96867 2.93816 3.07671 2.83372 3.54795 2.77442 4.01092 2.67628 2.56922 2.42975 1.88824
threshold=345.00000000000006 -0.48192348192348183 64.250000000000014 0.14002664167423898 1.4360869565217393 2.7500000000000004 8.5000000000000018 2.0419971878735601 77.750000000000014 2.7678500000000033 2.1250000000000004 6.6250000000000009 76.750000000000014 7.8750000000000009 92.500000000000014 1.3212355212355216 1.422238336488316 0.72330837703699991 -2.2600543714831551 0.52243118397129218 29.750000000000004 0.99999999999999822 0.91660231660231684 -0.49813634056773481 6.2500000000000009 16.250000000000004 8.5000000000000018 87.500000000000014 1.0000000180025095e-35 0.14914328070780244 -2.1349963659179507 18.166650000000004 13.250000000000002 -1.8108679856616208 0.37500000000000006 26.500000000000004 792.50000000000011 13.125000000000002 0.26141132306302262 0.98217248033649507 24.750000000000004 18.500000000000004 55.750000000000007 6.6250000000000009 7.2500000000000009 0.69729729729729761 0.51297097409535064 -0.58142398142398144 6.5000000000000009 1.7071428571428573
decision_type=2 2 2 2 2 2 2 2 2 2 2 2 2 2 2 2 2 2 2 2 2 2 2 2 2 2 2 2 2 2 2 2 2 2 2 2 2 2 2 2 2 2 2 2 2 2 2 2 2 2
left_child=2 -2 3 4 -1 26 38 8 12 10 11 32 47 -12 15 19 49 18 36 20 21 24 -23 31 -13 -20 29 28 -28 -5 -19 -21 33 -10 35 -22 -18 -9 -7 -25 41 -41 -39 -44 45 -30 -47 -8 -45 -17
right_child=1 -3 -4 5 -6 6 7 37 9 -11 13 14 -14 -15 -16 16 17 30 25 23 34 22 -24 39 -26 -27 27 -29 44 -31 -32 -33 -34 -35 -36 -37 -38 42 -40 40 -42 -43 43 48 -46 46 -48 -49 -50 -51
leaf_value=0.0018626610537679569 -0.048070749139814656 -0.0010803660113606075 0.022047046747213667 -0.030107691031345543 -0.039498826156383143 -0.032346304973463365 0.012544206471577383 0.034477624233832507 -0.045045831110557058 -0.025798363287618056 0.041407123135340243 -0.038637936379135839 -0.039260038960328647 0.0051454800092508328 -0.023428693560151051 0.014913232958311554 -0.00081524123033995888 0.039174789802865706 0.028746996424781415 0.020980069757594342 -0.015732177426357647 0.034528612948686109 -0.010039206886381194 -0.037448915850505027 -0.0028802804133802539 -0.0066105032658052999 -0.0048955920546252486 -0.0047306607908227773 0.0055587319673087322 0.0099754739395898576 0.0029421902094303801 -0.0075382244162939026 0.0027233864241492374 -0.0047456694934178015 0.029092189738178276 0.023328442034198205 -0.036672080314925845 -0.014262153306167183 -0.0024597923922352509 -0.016402659626442006 -0.027908025860586577 0.015259273234594301 0.031109238954575243 -0.015900848075958797 0.0084449079584246137 0.052148104708729139 0.021715805690676101 -0.017790680819787612 0.01526708247835214 0.04266746166560631
leaf_weight=12.037236329168083 9.7207181891426462 13.394638889469205 23.348170857876539 11.623154488392176 13.648280672729014 17.953680914826691 12.445884697139263 12.605343285948036 16.251494809985157 16.983414372429252 16.052147731184963 13.094098575413229 13.481480130925773 14.936042778193949 13.538562292233108 13.675045847892763 12.652367638424041 13.198362179100515 13.179423731751742 17.65343932621181 12.352847728878261 14.253016978502275 14.642789851874111 13.120105329900978 17.070657510310411 15.796025751158593 20.171225683763623 29.021437037736177 11.743437357246874 13.302166999317704 14.558304281905292 23.948078142479062 15.206245478242634 16.583070140331987 26.710753869265318 11.857679044827817 11.919136675074695 11.48593191616237 17.634865852072835 14.787317413836719 14.840929735451935 13.93174486979842 15.194190642796455 10.858065180480482 19.683835514821112 19.186535919085145 14.890679163858293 13.566031001508236 12.230052230879663 13.238481499254702
leaf_count=76 104 136 129 105 137 118 76 83 95 106 95 83 88 84 96 93 85 75 89 101 89 86 103 76 109 102 127 157 65 104 94 127 81 94 147 74 91 76 106 88 86 81 118 98 152 116 86 92 86 76
internal_value=0 -0.0220152 0.00120898 0.000512098 -0.0207718 0.00131802 -0.00041134 0.000806815 -0.000817749 0.000649869 0.00180822 -0.000122993 -0.0162746 0.0246366 0.00232553 0.00349758 0.011354 0.00502624 -0.00345236 -0.000619488 0.00602851 -0.00377937 0.0123638 -0.00804471 -0.0191439 0.00989429 0.00825066 0.0120799 0.0177631 -0.00915642 0.020934 0.00477181 -0.0166477 -0.0254341 0.0172578 0.00356519 -0.0189626 0.0127533 -0.0180089 -0.0173713 -0.0106193 -0.00104668 0.00668023 0.0131667 0.0247093 0.0313666 0.0398483 -0.00334932 0.000557578 0.0296047
internal_weight=0 23.1154 752.143 728.795 25.6855 703.11 563.487 527.899 465.525 426.032 409.048 378.06 39.4934 30.9882 330.019 316.481 108.217 81.3036 53.547 208.263 109.982 59.0606 28.8958 98.2816 30.1648 28.9754 139.622 114.697 85.6757 24.9253 27.7567 41.6015 48.0408 32.8346 50.9213 24.2105 24.5715 62.3736 35.5885 56.6801 43.56 28.7191 49.7682 38.2823 65.5045 45.8207 34.0772 26.0119 23.0881 26.9135
internal_count=5041 240 4801 4672 213 4459 3547 3323 2862 2606 2500 2321 256 179 2051 1955 705 536 367 1250 691 381 189 559 192 191 912 703 546 209 169 228 270 189 310 163 176 461 224 331 255 169 378 302 419 267 202 168 184 169
is_linear=0
shrinkage=0.05


Tree=92
num_leaves=50
num_cat=0
split_feature=119 51 283 51 109 290 55 34 138 39 117 30 54 28 58 31 103 226 58 287 277 88 8 56 101 12 289 188 202 272 57 201 226 286 214 36 31 31 286 188 55 274 9 289 138 107 273 286 260
split_gain=3.97889 5.17492 7.32526 7.00348 5.6331 5.47359 7.33833 5.34813 5.23319 4.98319 6.70857 5.76205 5.70577 5.69254 5.54407 6.23729 4.91429 6.16526 4.88809 4.61674 4.42664 7.07675 4.40671 7.7119 4.2281 4.11778 4.01719 5.97201 4.7003 4.54743 4.65126 3.95434 5.26992 3.91873 3.80344 4.36386 3.68766 3.68132 4.01232 3.31193 3.23917 2.85053 2.73245 2.51905 4.43481 2.48707 2.08652 2.08344 0.422579
threshold=6.1250000000000009 7.5000000000000009 0.11437908496732027 270.00000000000006 46.250000000000007 8.5000000000000018 762.50000000000011 0.61744741744741749 13.500000000000002 0.76388888888888895 7.3958250000000012 0.39860139860139882 752.50000000000011 -1.0000000180025095e-35 11.500000000000002 1.1112704686617731 4.5000000000000009 4.5000000000000009 18.500000000000004 0.0012267144259751172 -1.1011145884391051 1.3750000000000002 52.500000000000007 12.250000000000002 9.5000000000000018 0.14583333333333334 -0.065537083312030994 13.500000000000002 21.500000000000004 -1.2628797158032534 13.250000000000002 3.1666500000000002 40.500000000000007 0.24497554135599395 1.0000000180025095e-35 1.1404119466927822 1.7347826086956524 1.4217391304347828 0.31795093040883932 50.500000000000007 797.50000000000011 -1.876448753914673 1.7500000000000002 0.28313308994381592 17.500000000000004 85.625000000000014 85.998835379792084 0.6936361101776668 1.5135136465958576
decision_type=2 2 2 2 2 2 2 2 2 2 2 2 2 2 2 2 2 2 2 2 2 2 2 2 2 2 2 2 2 2 2 2 2 2 2 2 2 2 2 2 2 2 2 2 2 2 2 2 2
left_child=19 2 4 -3 -2 9 7 8 25 10 11 12 -6 46 -13 -16 -15 -18 31 -1 21 22 37 -24 -21 -7 28 29 48 30 -28 45 41 -32 -26 -36 -17 40 -39 -20 -12 -33 43 44 -23 -8 -11 -10 -4
right_child=1 3 26 -5 5 6 18 -9 47 13 20 14 -14 16 15 36 17 -19 39 24 -22 42 23 -25 34 -27 27 -29 -30 -31 33 32 -34 -35 35 -37 -38 38 -40 -41 -42 -43 -44 -45 -46 -47 -48 -49 -50
leaf_value=0.031353680922442742 -0.030624229778518103 0.035535779808901539 -0.027490294269502582 -0.0046928598218905597 0.020956310670313037 0.016523937673803595 0.017979000161193012 0.020095498787328775 -0.039931152551326468 0.0091794541137305893 0.001809713305542576 -0.047105594661641881 -0.01529666509203809 0.016196136229174065 -0.037980415033404082 0.019675353369946434 0.013177473030822583 -0.027035324037140769 0.013476193796350917 -0.014152767991400451 0.020408539784102338 -0.042277758014161615 -0.0065803051969574554 0.040698787561794181 0.025480209613622153 -0.015111985768566037 -0.050967831373853537 0.029190224698065866 0.0013987594311952586 0.015793014016861309 -0.032773586856431773 -0.016185654524562373 0.036975375167171337 0.022245918413125246 -0.017947889329957618 0.018060316423546184 -0.016221648561650478 0.026349444564869842 -0.0072075516098998376 -0.019224369984458915 -0.02638158741126358 0.01492065864397675 -0.037725446131126321 0.0041342206103528213 0.0013248031653399985 0.048881612289484393 0.035920055135684838 -0.011061594533328457 -0.053241311112134787
leaf_weight=19.051541566848755 13.820659767836331 21.171268325299025 6.3126145126298132 20.726357817649841 16.125895313918591 20.867036320269108 12.624152526259424 18.040303863584995 13.4873513430357 13.931505039334299 19.376969397068024 19.513460494577885 28.657214030623436 23.318396225571632 16.736870627850294 12.200708305463197 14.371840367093681 24.729081336408854 17.139716222882274 21.363838318735361 21.897503631189466 11.233713245019318 15.570841357111929 17.684976007789373 25.381747517734766 18.431213783100247 10.59076431207359 7.7895941417664281 7.0699947206303468 6.9132004436105516 5.348009384237228 13.117764152586458 13.886053081601856 5.6346552241593599 16.081814710050825 15.582148641347883 14.620279317721723 16.379501337185502 17.588657032698393 12.510421628132461 20.2116011492908 14.397397436201574 12.607758119702337 15.726778269745408 11.031064253300427 17.824856849387288 16.727218449115753 12.842905173078178 11.729635789990423
leaf_count=115 107 105 72 92 88 133 72 101 87 74 120 130 157 127 102 76 81 155 107 126 129 101 106 114 136 111 134 50 80 69 107 82 84 59 90 96 117 128 110 77 119 84 67 112 79 110 87 79 137
internal_value=0 -0.000825339 -0.00194827 0.0159896 -0.000194581 0.000601982 0.00762856 -0.00332249 -0.00996474 -0.00283084 -0.00608644 -0.0158778 -0.00206978 0.00717126 -0.0254968 -0.0149763 -0.00156369 -0.0122948 0.0166001 0.00992563 -0.000141536 -0.00311103 0.00419856 0.0190162 0.00438988 0.00167961 -0.0182269 -0.00723425 -0.0332212 -0.0178466 -0.0288485 0.023566 0.0130103 -0.00504504 0.0114584 -0.000217477 0.000227954 -0.00266586 0.00926447 -0.000498367 -0.0128785 4.32773e-05 -0.0183235 -0.0110825 -0.0215465 0.0370485 0.0244427 -0.0267696 -0.0461483
internal_weight=0 682.518 640.62 41.8976 579.232 565.411 185.169 83.6688 65.6285 380.242 287.164 107.854 44.7831 93.078 63.0713 43.5579 62.4193 39.1009 101.5 97.4611 179.309 157.412 106.813 33.2558 78.4095 39.2983 61.3885 36.2762 25.1122 28.4866 21.5734 71.8502 41.4012 10.9827 57.0457 31.664 26.821 73.5567 33.9682 29.6501 39.5886 27.5152 50.5993 37.9916 22.2648 30.449 30.6587 26.3303 18.0423
internal_count=5081 4518 4321 197 3613 3506 1127 511 410 2379 1855 670 245 524 425 295 363 236 616 563 1185 1056 697 220 448 244 708 419 289 369 300 432 250 166 322 186 193 477 238 184 239 166 359 292 180 182 161 166 209
is_linear=0
shrinkage=0.05


Tree=93
num_leaves=48
num_cat=0
split_feature=283 51 9 262 5 263 80 263 287 188 80 97 279 38 108 95 33 50 55 37 5 36 278 278 192 110 8 279 287 279 190 98 284 57 287 56 297 289 103 60 299 286 201 8 151 57 272
split_gain=6.80794 8.00656 6.48611 4.98232 5.88646 6.66727 5.52567 7.12569 5.43886 5.45224 6.55551 7.69363 5.443 5.39394 5.28554 5.82058 5.09793 5.58788 4.9414 4.89225 5.0764 4.75884 4.31686 4.2737 4.2016 5.09813 5.35456 6.44382 4.09937 4.08906 3.82792 5.612 3.76871 3.45429 3.37777 4.31403 3.37315 3.35288 3.26873 3.18911 2.77052 2.62242 2.61157 2.30432 2.17639 1.90354 1.05713
threshold=0.96875000000000011 2.5000000000000004 3.2500000000000004 5.0000000000000009 87.250000000000014 88.682484793575568 78.875000000000014 82.945373608314668 2.0058712045916103e-07 87.500000000000014 85.125000000000014 5.3125000000000009 -2.4342738617830553 0.37500000000000006 26.250000000000004 65.500000000000014 1.4193050193050185 0.99938347718865617 762.50000000000011 0.62500000000000011 79.500000000000014 0.92474044173253278 78.799702621205 88.980084254460294 26.750000000000004 78.750000000000014 32.500000000000007 -1.5414352416255677 0.9999999998125314 -2.0451831178542172 1.0000000180025095e-35 0.7916500000000003 1.5266106442577032 13.250000000000002 0.95576724078635344 10.500000000000002 4.2500000000000009 0.89309379682046119 5.5000000000000009 89.500000000000014 0.14616246434239097 0.36440478714730301 8.7500000000000018 32.500000000000007 30.500000000000004 12.250000000000002 -1.6759957950254469
decision_type=2 2 2 2 2 2 2 2 2 2 2 2 2 2 2 2 2 2 2 2 2 2 2 2 2 2 2 2 2 2 2 2 2 2 2 2 2 2 2 2 2 2 2 2 2 2 2
left_child=1 2 3 4 5 19 7 13 42 10 11 -10 18 16 15 22 17 -5 -12 20 -1 -22 28 33 25 -23 27 -27 36 39 37 -32 -28 -4 -8 -36 -15 -19 -14 -13 -24 -3 -6 -41 -31 -17 -34
right_child=-2 41 23 6 8 -7 34 -9 9 -11 12 29 38 14 -16 45 -18 30 -20 -21 21 24 40 -25 -26 26 32 -29 -30 44 31 -33 46 -35 35 -37 -38 -39 -40 43 -42 -43 -44 -45 -46 -47 -48
leaf_value=-0.036669408158120004 -0.028091824863340914 0.037384270535154716 0.038328512676165251 -0.010846351720080893 -0.040705618860282587 -0.044989673917815651 -0.0051643268943005628 -0.028951381782060744 0.043100523662226352 -0.026030510639937828 0.02972214027510436 0.0095495346683346517 -0.032816715576977275 -0.0075005496974900748 -0.035400328390342975 -0.031399164674392674 -0.017204585816533221 0.021560229538963291 -0.0076470627297366136 -0.038064172465781691 0.015536655273935865 0.0066650469492385983 0.03646784088830627 -0.003433648738580139 0.011573152524582811 0.011935606317480061 -0.0090010566933206426 -0.034132231929583319 -0.018486351753216404 0.0050817500673484431 0.04843311838277152 0.0084235312234866751 -0.055374517909942383 0.0051390384555695147 0.0034443838313694148 0.033317114577136604 0.034914469820721557 -0.012226207016975243 -0.0038626843815167361 -0.028415776720990119 0.0050406428913236795 0.0089959089647374639 -0.0057898518039825857 0.00084809805560365084 0.030850248064152482 -0.0064776052616089255 -0.029109406340222212
leaf_weight=12.262903708964584 21.213122283108532 16.321132473647594 20.666885662823915 15.953412888571618 10.410727417096497 13.91551288589835 15.186222199350594 20.000481037423015 16.381995040923357 14.792121108621357 13.796730225905774 27.781217208132148 20.200948685407639 9.0016148593276757 12.33543744124472 15.279767436906697 13.47168470546603 16.345824399031702 21.24077021330595 13.107805619016288 24.072518212720752 23.515494391322136 13.652852555736901 18.600785307586193 20.297440405935049 20.302766565233473 11.977439433336256 10.816783307120202 21.448177973739803 14.788598917424677 20.943398166447878 15.423523218370972 12.127266035415227 12.831398140639065 20.428193021565676 29.520874004811049 8.1678455648943764 11.874020168557761 18.601013554260135 13.030635215342047 14.165339153259991 16.919731210917234 10.822502337396143 12.81459693238139 18.767496462911367 15.715529333800076 11.990749923512345
leaf_count=135 106 80 143 99 82 160 90 126 84 78 80 157 158 101 129 85 82 110 148 83 147 152 77 96 121 146 104 83 137 86 126 93 87 89 112 155 70 91 132 73 85 82 84 88 101 86 85
internal_value=0 -1.08536e-05 -0.00111947 -0.00243646 -0.00613288 -0.0129196 0.00252937 -0.00121801 -0.000553289 0.0021444 0.00462639 0.0126918 -0.00670427 0.00163206 -0.00587395 -0.00181405 0.0103655 0.0151315 0.00748426 -0.00987717 -0.0071303 -0.00419935 0.0065379 0.015711 -0.0085789 -0.0131642 -0.0200975 -0.00464115 -0.0042888 0.00655388 0.0216158 0.0321442 -0.0329388 0.0261329 0.0152276 0.0214072 0.0134882 0.00741207 -0.0193824 -0.00205263 0.021195 0.0236192 -0.02397 -0.014415 0.0199694 -0.0193606 -0.0439951
internal_weight=0 762.07 728.829 676.73 387.816 174.387 288.914 223.779 213.429 192.196 177.404 103.565 73.8395 203.778 109.767 97.4311 94.0119 80.5402 35.0375 160.471 147.363 135.1 66.4358 52.0991 111.028 90.7305 67.215 31.1195 38.6176 87.1825 64.5868 36.3669 36.0955 33.4983 65.1353 49.9491 17.1695 28.2198 38.802 53.6264 27.8182 33.2409 21.2332 25.8452 33.5561 30.9953 24.118
internal_count=5104 4998 4836 4508 2654 1303 1854 1497 1351 1185 1107 589 518 1371 770 641 601 519 228 1143 1060 925 470 328 778 657 505 229 308 505 420 219 276 232 357 267 171 201 290 318 162 162 166 161 187 171 172
is_linear=0
shrinkage=0.05


Tree=94
num_leaves=48
num_cat=0
split_feature=12 48 137 54 96 6 6 54 202 8 298 155 3 155 74 113 274 79 283 108 202 54 107 58 289 259 3 272 74 214 198 12 297 57 6 113 284 274 38 272 212 148 283 36 148 117 108
split_gain=4.98689 5.85477 6.29585 5.67463 6.93977 5.81687 5.9996 5.16793 5.1258 6.73829 5.1855 4.91751 4.54921 6.23202 4.22215 5.49828 5.56234 6.03882 5.41913 5.0837 4.85675 5.26332 4.73068 4.28792 4.70603 6.66926 4.4576 6.38921 6.05356 4.1666 3.81842 3.81011 3.4947 3.18418 3.07643 3.04333 3.11327 2.84153 3.78368 2.83602 2.69725 2.5114 2.31444 2.25963 2.15733 1.69483 1.53514
threshold=0.14583333333333334 3.6968069291598709 42.500000000000007 812.50000000000011 73.500000000000014 71.500000000000014 69.250000000000014 742.50000000000011 98.500000000000014 32.500000000000007 0.35416666666666669 73.500000000000014 83.750000000000014 19.500000000000004 7.7500000000000009 105.00000000000001 -1.6192081776317206 79.125000000000014 -0.32575757575757569 6.2500000000000009 24.500000000000004 847.50000000000011 126.87500000000001 28.500000000000004 -0.32613736746952143 -6.0242220353081368 86.750000000000014 -1.3658705301510714 6.2500000000000009 1.5000000000000002 17.375000000000004 0.22916666666666671 5.2500000000000009 11.250000000000002 80.250000000000014 105.00000000000001 1.5266106442577032 -1.9618890207314292 0.37500000000000006 -2.2526631105024202 4.5000000000000009 38.500000000000007 -0.15587044534412953 1.3378101398285203 5.5000000000000009 7.9062500000000009 3.035699999999999
decision_type=2 2 2 2 2 2 2 2 2 2 2 2 2 2 2 2 2 2 2 2 2 2 2 2 2 2 2 2 2 2 2 2 2 2 2 2 2 2 2 2 2 2 2 2 2 2 2
left_child=8 2 3 4 5 6 44 33 10 -10 -1 -4 46 -14 15 22 17 -17 -16 -18 21 29 23 24 25 30 27 28 37 -19 -12 -9 40 -7 41 -34 -37 39 -39 -26 45 -32 -30 -15 -2 -20 -5
right_child=1 -3 11 12 -6 7 -8 31 9 -11 14 -13 13 43 18 16 19 20 32 -21 -22 -23 -24 -25 26 -27 -28 -29 42 -31 34 -33 35 -35 -36 36 -38 38 -40 -41 -42 -43 -44 -45 -46 -47 -48
leaf_value=-0.028011253171507145 0.0018756444553137512 0.017383426980735826 0.028879601117887618 -0.022108809070042954 0.027896256746512239 -0.016753341802912988 0.027895001658028596 0.0083559381893764315 -0.0043518233057216306 0.041946603795030346 0.0068492510061371765 -0.0095339861354590948 0.024116313089598954 -0.045589328201834811 0.019952074475718132 -0.018580272995199373 0.0056618827675488544 -0.0068935884436292991 -0.051381447520156213 0.041260555760316869 -0.006886814245208814 0.040996639880329283 -0.026182461476362093 -0.021890836511396054 0.0016438334509031466 0.021691897610731828 0.031217632006635323 0.030660049788066676 -0.00030157639649000106 0.024619054426189391 -0.037120282127249049 -0.0252780980771612 0.013864351634828718 -0.049024531535294846 0.00040702240616748283 0.00038811047619225023 -0.030675077429961839 0.017379746221548916 -0.016280245095769818 0.031472017148288067 -0.0044360408566928517 -0.012389635531669942 -0.025756577954824868 -0.0098702843418997273 -0.028351623612446898 -0.020553122764003853 -0.049445934777419598
leaf_weight=14.911031836643813 12.610929835587742 20.348888967186213 15.856537770479919 10.631331322714688 11.413556963205336 16.074030175805092 14.666305616497992 18.851248901337385 14.152346963062884 16.203764092177153 19.330586625263095 15.734501168131827 7.7949733855202821 7.8706930279731777 13.085928350687025 21.207125440239906 17.777901865541935 21.038404185324907 9.6069630123674905 23.139385957270861 26.344264147803187 17.36152864433825 16.6274479534477 18.544462272897363 13.675022445619101 16.843626409769058 17.540487498044968 18.962361987680197 14.3862337321043 19.270872663706541 21.374904569238424 13.720352642238138 14.096488134004174 16.896614320576191 15.916452210396526 18.234536828473214 13.429620549082754 13.829298611730339 18.116628678515553 18.492344841361049 10.030721750110386 21.755029741674662 22.647246327251196 10.290083948522804 9.9092290438711625 11.67399940919131 18.29262013360858
leaf_count=101 107 121 97 90 89 116 88 142 120 92 105 90 80 83 71 125 96 115 87 124 143 95 105 100 75 87 86 107 80 104 122 141 80 135 82 110 86 78 112 116 76 118 133 104 89 130 195
internal_value=0 -0.00759846 -0.0102061 -0.0140273 -0.00755681 -0.0117267 0.00401311 -0.0205831 0.00127968 0.0209114 9.39946e-05 0.0100415 -0.0271089 -0.0112682 0.000978725 0.0031163 0.0108827 0.0046973 -0.00876763 0.0262976 0.0107225 0.0187468 -0.00114276 0.000610426 0.00248824 -0.00602046 0.00837519 0.00480911 -0.00028997 0.0084031 -0.0121742 -0.00614289 -0.013837 -0.0342478 -0.0184125 -0.00483016 -0.0133224 0.00897041 -0.00162369 0.0192233 -0.0264432 -0.0252094 -0.0161361 -0.0269219 -0.0120648 -0.0361516 -0.0404725
internal_weight=0 220.962 200.613 169.022 114.142 102.729 37.1865 65.5422 549.607 30.3561 519.251 31.591 54.8797 25.9558 504.34 414.182 146.139 105.222 90.1583 40.9173 84.0151 57.6708 268.042 251.415 232.87 95.2206 137.65 120.109 101.147 40.3093 78.377 32.5716 77.0723 32.9706 59.0464 45.7606 31.6642 64.1133 31.9459 32.1674 31.3117 43.1299 37.0335 18.1608 22.5202 21.281 28.924
internal_count=5028 1767 1646 1459 907 818 284 534 3261 212 3049 187 552 267 2948 2308 802 582 640 220 457 314 1506 1401 1301 514 787 701 594 219 427 283 569 251 322 276 196 381 190 191 293 240 213 187 196 217 285
is_linear=0
shrinkage=0.05


Tree=95
num_leaves=48
num_cat=0
split_feature=295 283 188 197 33 139 14 122 48 31 31 29 235 286 8 74 201 2 259 209 48 209 235 116 286 76 41 36 227 286 190 63 283 296 58 30 209 284 195 262 143 58 209 33 289 279 148
split_gain=8.01589 3.71967 5.13417 4.84797 5.26407 5.49146 4.8209 6.03945 5.35703 6.51067 7.54164 7.00702 5.68108 5.51565 5.24383 4.98833 5.35125 5.14451 5.0435 4.56607 5.46163 7.06183 6.33885 5.56205 5.46321 4.56265 4.89998 4.4619 4.40912 4.35085 4.22833 4.56284 3.92225 3.91363 3.79061 3.68637 3.51535 5.58186 3.21732 3.2081 2.82684 2.79958 2.7977 2.73423 2.67565 2.4287 1.91871
threshold=0.45000000000000023 -0.16228070175438594 86.500000000000014 1.5000000000000002 1.0000000180025095e-35 17.500000000000004 0.20833333333333334 7.5000000000000009 1.5487477131871794 -0.58956521739130419 0.34173913043478271 -3.0833976833976826 17.500000000000004 0.63721612280925921 37.500000000000007 8.2500000000000018 1.7500000000000002 77.750000000000014 -10.102508635619687 6.2500000000000009 2.2566388045684698 0.58332500000000009 3.5000000000000004 65.000000000000014 0.35128761700894834 1.0000000180025095e-35 9.5000000000000018 1.3606855127386981 33.500000000000007 0.21558589797971336 9.5000000000000018 82.750000000000014 -0.37171052631578944 7.5000000000000009 12.500000000000002 -0.33146853146853134 0.25000000000000006 1.4365079365079367 58.500000000000007 5.0000000000000009 22.083325000000006 14.500000000000002 0.58332500000000009 0.26100386100386114 -0.50557503990954278 -2.0939026701683043 4.5000000000000009
decision_type=2 2 2 2 2 2 2 2 2 2 2 2 2 2 2 2 2 2 2 2 2 2 2 2 2 2 2 2 2 2 2 2 2 2 2 2 2 2 2 2 2 2 2 2 2 2 2
left_child=-1 2 3 19 32 -6 7 38 28 -10 35 -12 13 15 30 16 17 -13 -18 20 21 22 -2 -23 45 -26 -27 -22 -9 -19 31 -14 42 41 -34 -11 -16 -38 -3 44 -21 -8 -5 -24 -20 -25 -17
right_child=1 6 -4 4 5 -7 33 8 9 10 11 12 14 -15 36 46 18 29 39 40 27 23 43 24 25 26 -28 -29 -30 -31 -32 -33 34 -35 -36 -37 37 -39 -40 -41 -42 -43 -44 -45 -46 -47 -48
leaf_value=0.027682816104267507 -0.012528373014725433 0.032817485146473598 -0.020577404484821701 -0.014566156949358805 0.029334833042231626 -0.0053092784274690417 0.0011358741572454693 -0.00095890609017041685 0.026930517856111336 -0.00801189267291442 0.032756250739582909 -0.016784097641312952 0.010653832680127288 -0.042507499565383064 0.0011623653248590234 -0.043032997139068059 -0.036189191068526104 0.034981029082321174 0.0027081249967082039 0.0087064069012244109 0.0033378162492042488 -0.026959076026061686 0.013686278196382802 0.0013831873462379716 -0.03309475468603771 -0.016223414753111322 0.020979500350581933 0.033430856200266715 -0.04196499814243481 0.0025450367061173726 0.022567004784594297 -0.031945494881232314 -0.0040757793182467856 -0.048070291147467317 -0.034844314776644722 -0.036653063284471842 0.0067796807523229684 0.056947489346804617 -0.00028749624497678884 0.018821405731687849 0.03889036213656568 -0.031090124943413008 0.014485938032717582 0.040610073155054216 -0.028625029608841973 0.029630977772450787 -0.01033334869836524
leaf_weight=24.133797327056527 14.842639576643704 16.280144099146128 21.785368543118238 14.736432291567327 18.227535720914602 27.624035131186247 17.478024046868089 10.890427092090251 16.457953926175833 22.585196532309055 13.611105846241115 13.320187481120227 9.5281226802617329 10.294856783002613 13.209826972335575 10.000346053391697 15.188336491584776 18.9004777520895 14.08647766523063 15.057907540351154 23.110939018428326 25.224797686561942 25.12560230307281 14.629241302609445 14.50489457324147 19.774465747177601 14.420829601585863 25.987875390797853 15.651252612471579 21.870959647931159 8.880114106461404 15.455042717978356 17.0350551456213 9.2513034176081401 24.337317258119583 22.857418710365891 10.777234372682871 11.129625923931597 12.72758509218693 11.091943642124532 16.789548270404339 9.9007147364318353 16.507700815796852 15.897901214659212 11.917801484465601 15.092759907245634 8.9639691049233061
leaf_count=146 86 101 127 82 105 158 148 116 83 125 75 135 107 77 89 131 98 117 104 87 132 154 143 77 84 120 76 140 138 132 65 132 99 89 148 133 82 80 79 65 87 103 90 89 98 88 107
internal_value=0 -0.00102082 0.00245135 0.00390238 -0.00435186 0.00879509 -0.00456845 -0.00265754 -0.00473846 -0.00265967 -0.00460143 -0.00070451 -0.00307882 -0.00899937 0.00852501 -0.0059325 -0.0016128 0.00932982 -0.0128963 0.00797021 0.00521361 0.000686104 0.0148648 -0.0070253 -0.00035481 -0.0105964 -0.0003839 0.0196153 -0.0257853 0.0180589 -0.00546521 -0.0159141 -0.0126598 -0.0215439 -0.0225706 -0.0228973 0.0217937 0.0336405 0.0187666 -0.00265982 0.0253185 -0.0112026 0.000756607 0.0248382 -0.0121802 0.0162249 -0.0288685
internal_weight=0 753.019 380.713 358.927 118.468 45.8516 372.306 335.676 306.669 280.127 263.669 218.226 204.615 135.635 68.98 125.34 106.376 54.0916 52.2846 240.459 208.612 159.513 55.8661 103.647 78.4222 48.7002 34.1953 49.0988 26.5417 40.7714 33.8633 24.9832 72.6165 36.63 41.3724 45.4426 35.1167 21.9069 29.0077 37.0962 31.8475 27.3787 31.2441 41.0235 26.0043 29.722 18.9643
internal_count=5127 4981 2172 2045 682 263 2809 2469 2289 2035 1952 1694 1619 1064 555 987 749 384 365 1363 1189 917 318 599 445 280 196 272 254 249 304 239 419 340 247 258 251 162 180 267 174 251 172 232 202 165 238
is_linear=0
shrinkage=0.05


Tree=96
num_leaves=48
num_cat=0
split_feature=50 261 5 90 220 109 97 36 36 58 281 277 74 108 58 74 110 117 58 34 279 78 233 157 90 182 8 116 286 2 292 286 34 88 193 6 192 232 8 57 193 137 32 204 119 192 97
split_gain=3.91543 3.78067 8.89785 4.59706 5.78654 5.16526 5.16082 4.49831 4.00559 6.3488 5.48689 5.89953 5.84432 6.53605 5.44256 4.56952 5.28085 4.40609 3.97191 3.92236 4.25853 3.73436 3.68674 3.52012 3.5109 3.38226 3.35963 4.80515 4.97198 6.0867 4.45421 4.16455 4.14913 3.72441 3.44306 6.55174 5.75028 3.70148 3.27981 3.18426 5.34725 3.63694 2.7192 2.6913 3.2246 2.25804 2.21397
threshold=0.26964047936085228 5.0000000000000009 78.500000000000014 72.125000000000014 10.500000000000002 141.25000000000003 13.562500000000002 0.70244946413343545 1.1404119466927822 9.5000000000000018 82.780389009690921 -1.9826600008995698 5.7500000000000009 26.250000000000004 9.5000000000000018 7.7500000000000009 86.250000000000014 7.3125000000000009 14.500000000000002 0.74512514512514494 -2.1650903690603696 0.95835000000000303 76.500000000000014 11.500000000000002 72.875000000000014 51.500000000000007 232.50000000000003 15.000000000000002 0.21755678768803791 78.250000000000014 13.750000000000002 0.14480190376866967 1.027869427869428 1.1250000000000002 1.7500000000000002 63.500000000000007 6.7500000000000009 500.25000000000006 32.500000000000007 10.500000000000002 27.250000000000004 32.500000000000007 0.81340141985303294 0.83335000000000015 7.1250000000000009 25.250000000000004 5.5625000000000009
decision_type=2 2 2 2 2 2 2 2 2 2 2 2 2 2 2 2 2 2 2 2 2 2 2 2 2 2 2 2 2 2 2 2 2 2 2 2 2 2 2 2 2 2 2 2 2 2 2
left_child=-1 2 -2 4 6 42 26 -4 9 24 -10 12 17 14 -14 16 -13 23 -17 20 22 38 45 -12 -9 -23 27 33 29 30 -29 -31 34 -3 35 -30 37 43 -18 -11 -41 -42 -6 -36 -45 -16 -15
right_child=1 3 7 -5 5 -7 -8 8 10 39 11 15 13 46 19 18 21 -19 -20 -21 -22 25 -24 -25 -26 -27 -28 28 32 31 -32 -33 -34 -35 36 -37 -38 -39 -40 40 41 -43 -44 44 -46 -47 -48
leaf_value=0.027119816793192454 -0.040657001880042454 -0.042839854551728486 0.025369896760207178 0.032825966175571805 -0.017219069831906925 -0.035909569615956774 0.033412925011075484 -0.0070144590410691487 -0.029042490956177947 -0.036002682425421172 -0.020573404293596408 -0.0073627760977320669 -0.013074760961121593 -0.0046866362803356732 0.0018479284453947363 -0.027460466994072227 0.047568046316611212 -0.032490352122531672 0.011953840487762204 0.038296534660624548 0.025616587139832066 -0.0086755792644837623 0.015843311905427697 0.011469012006745334 0.027582470544394513 0.022979267524862543 0.026999420839285811 -0.025428671024809148 -0.012358137018204787 0.012062696154583809 0.01232932298436396 0.042038593890538614 -0.024532143657973769 0.0020172454890751705 -0.032595235465346491 0.031359275886298783 0.023518654225018646 0.010801935666398709 0.017770668611628109 0.0060484028947910221 -0.04428165186448936 -0.0070018040667988238 0.010577613168409241 -0.02058401175483876 0.010409804288967126 -0.027575838167270862 -0.034855580954826083
leaf_weight=12.982002941891549 13.841498316265641 8.7567941555753368 14.288036424666641 12.772767074406145 14.337994650006292 14.852737464010714 15.433392532169817 15.600199908018114 13.976129004731773 19.49883222207427 15.933522865176199 18.89015051536262 23.103886000812054 12.07516677491367 12.841847978532302 12.118997752666475 17.987268710508943 24.211945785209537 11.634609900414942 12.927092645317314 23.360113172791912 14.520116060972212 18.664985071867704 16.433844435960054 12.33237470500171 17.871276231482625 14.426256559789179 11.82963475957513 12.996442386880515 26.949496423825622 18.994305103085935 21.005173198878765 15.428384705446659 8.6384430741891247 16.347681367769837 21.904114115983248 14.984343267977236 15.579673703759907 21.827054860070348 22.029356371611357 13.297974819317462 12.88157172128558 19.646707276813686 19.273162739351392 13.503499517217277 12.004436394199727 12.031680094078181
leaf_count=68 125 93 85 71 78 112 80 103 100 140 97 120 156 76 87 106 102 159 104 71 145 98 124 93 78 102 96 100 112 147 147 121 99 106 105 128 81 86 146 153 95 73 118 114 86 77 99
internal_value=0 0.000415674 -0.00260395 0.00455712 0.0032694 -0.0123397 0.006283 -0.00126374 -0.00225606 -0.0111523 0.000494254 0.00196986 -0.0035881 0.00238462 0.00789933 0.0108086 0.0158682 -0.0168042 -0.00845217 0.0140586 0.00887785 0.0219633 -0.000482372 -0.0044484 0.00868566 0.00895447 0.00441177 0.00285866 0.00499532 0.0148221 -0.00250517 0.0257833 -0.00102651 -0.0216652 0.00232317 0.0151888 -0.0034299 -0.00993369 0.0320681 -0.0193436 -0.0120109 -0.0268707 -0.00130666 -0.0165943 -0.00788487 -0.012885 -0.0205325
internal_weight=0 753.845 436.184 317.661 304.888 48.8374 256.051 422.342 408.054 95.6403 312.414 298.438 183.589 127.009 102.902 114.849 91.0959 56.5793 23.7536 79.7985 66.8714 72.2057 43.5113 32.3674 27.9326 32.3914 240.617 226.191 208.796 78.7786 30.8239 47.9547 130.017 17.3952 114.589 34.9006 79.6884 64.704 39.8143 67.7077 48.2089 26.1795 33.9847 49.1243 32.7767 24.8463 24.1068
internal_count=5062 4994 2914 2080 2009 308 1701 2789 2704 642 2062 1962 1184 835 660 778 568 349 210 504 433 448 288 190 181 200 1621 1525 1326 515 247 268 811 199 712 240 472 391 248 461 321 168 196 305 200 164 175
is_linear=0
shrinkage=0.05


Tree=97
num_leaves=53
num_cat=0
split_feature=145 193 52 282 260 109 46 8 189 58 113 8 206 285 288 112 274 66 286 80 192 288 33 286 284 297 78 274 148 301 289 154 190 279 3 146 287 301 56 288 54 274 9 156 291 102 9 155 210 8 233 297
split_gain=5.22738 6.25154 5.35937 5.5921 5.6874 5.43326 5.73416 5.186 4.85554 4.09618 3.99897 4.53581 5.16999 4.43168 4.604 4.53604 6.98089 6.68697 7.03733 5.66316 5.71146 4.65365 5.65261 4.20799 4.01598 4.39605 3.95945 3.95438 3.78257 3.77429 4.0393 3.79753 3.75092 3.72518 5.81639 3.69061 4.88287 4.69494 3.60437 3.51066 3.37676 2.96364 3.81757 2.8745 2.80682 4.67691 2.70959 2.59041 2.56585 1.96939 1.94823 0.664754
threshold=64.500000000000014 90.250000000000014 0.25666666666666677 0.75000000000000011 -3.1852775173012673 198.75000000000003 122.50000000000001 87.500000000000014 1.5000000000000002 20.500000000000004 45.000000000000007 57.500000000000007 2.5000000000000004 18.437500000000004 0.99053107487289871 115.00000000000001 -2.8108712471513577 1.5000000000000002 0.16516107081489231 85.125000000000014 37.250000000000007 0.40614137006726808 0.92895752895752881 0.199891950480616 1.6306818181818186 5.7500000000000009 0.54164999999999719 -3.0282760325625016 2.5000000000000004 3.5790657132294186e-17 -0.67801649466304881 13.750000000000002 12.500000000000002 -1.6186320957319345 82.562500000000014 15.333350000000001 0.9999999998425646 3.2395539519598429e-11 11.250000000000002 0.15951094710994371 802.50000000000011 -1.5350569098990856 0.75000000000000011 2.5000000000000004 0.95445134575569368 11.500000000000002 1.7500000000000002 11.500000000000002 2.5000000000000004 47.500000000000007 7.5000000000000009 5.2500000000000009
decision_type=2 2 2 2 2 2 2 2 2 2 2 2 2 2 2 2 2 2 2 2 2 2 2 2 2 2 2 2 2 2 2 2 2 2 2 2 2 2 2 2 2 2 2 2 2 2 2 2 2 2 2 2
left_child=1 2 -1 5 7 10 -7 -5 -8 32 11 12 47 14 15 17 27 18 43 20 28 22 29 -21 -19 -26 -24 -17 -18 30 -20 -32 33 46 39 36 37 -30 -37 -35 -25 42 -10 -12 45 -38 50 -4 -39 -23 -6 -11
right_child=-2 -3 3 4 9 6 8 -9 41 51 13 -13 -14 -15 -16 16 19 24 21 23 -22 49 26 40 25 -27 -28 -29 35 -31 31 -33 -34 34 -36 38 44 48 -40 -41 -42 -43 -44 -45 -46 -47 -48 -49 -50 -51 -52 -53
leaf_value=0.030877261320595803 0.030584959683995157 -0.031587968123993004 -0.046004935374555925 -0.01394709120712229 -0.016842194073242597 0.018429543595997421 0.0037866791108307125 0.039267114628046128 -0.012072379611984563 -0.046933767464749587 0.031044316748487417 0.013257247589127217 0.0073124857324060296 0.027905499048381438 -0.023678387820827429 0.0086466157004568313 -0.012115674945910902 0.032769817849924956 -0.013453877955015096 0.01160070747361183 -0.02004670085158284 -0.01344403007330822 -0.003116643284704609 -0.04094854658142736 -0.015943039590890631 0.017731414978730594 -0.039627361477711349 0.044711131114694935 -0.012836932032177745 -0.018033160647405257 -0.0029937452508275626 0.029038556763119235 0.017489430381605445 -0.042981950836974529 0.023639998750802294 -0.0180189318767736 0.00293194990180111 0.033720557916874026 0.01263674250351734 -0.00090665362108791883 -0.0043055287985073725 -0.0057388003944297715 -0.050185777775645785 8.1088687473388757e-05 0.042962318035765938 0.034576911209014745 -0.00819411933051877 -0.013952809819926094 0.0036812872020194455 -0.038970274622750316 -0.055367627721186613 -0.022268235799419479
leaf_weight=12.675367861986159 12.498381625860928 15.142382867634295 13.199876077473165 7.9420784069225219 6.5667106667533508 11.937446115538476 16.978120553307235 8.6819222755730134 11.413427435792981 9.7696083849295992 13.948223758488895 14.412371838465331 12.574039114639161 17.886733008548617 14.447907291352747 13.469573356211187 14.442846653982995 17.397485198453069 14.139571145176886 11.794355142861603 14.581103112548588 15.825343426316975 13.434102699160578 12.536877971142532 15.303890708833931 22.990268740803003 16.127675592899323 18.357655549421906 18.884115412831306 16.523535333573818 14.544138915836809 23.627893391996622 9.1985565647482854 8.0723387887701481 11.380439948290585 14.825591722503303 22.233082031831145 13.425342725589873 23.330985441803932 11.028301652520893 12.229486191645263 11.599796066060664 17.550357582047582 15.045221466571091 19.69632900878787 24.06825066357851 10.562869641929863 13.59274793975055 14.560284646227954 16.906686322763562 9.359977522864936 8.0932817952707392
leaf_count=66 70 92 122 127 84 78 158 50 103 121 70 92 88 108 95 87 88 98 93 74 85 90 87 94 89 133 101 102 100 105 82 135 69 73 77 86 130 81 135 118 83 75 108 97 106 128 60 95 95 94 107 67
internal_value=0 -0.000809222 -0.000131384 -0.000718943 -0.011589 0.00106206 -0.0120124 0.0144953 -0.0185347 -0.016859 0.00273141 -0.0101004 -0.0187683 0.00413857 0.00319418 0.00407958 0.00867214 -0.00122279 -0.00641406 0.00538824 0.00903285 -0.0113435 -0.00578265 -0.0123228 0.0135528 0.00421049 -0.0236802 0.0301766 0.0117004 0.00213263 0.00872113 0.0170689 -0.0108027 -0.0155936 -0.00343631 0.0140427 0.0185525 0.00602597 0.000569614 -0.0199423 -0.0237238 -0.0277438 -0.036071 0.0155153 0.0272258 0.0197648 -0.028949 -0.030831 0.018758 -0.0273932 -0.0414167 -0.0375313
internal_weight=0 748.317 733.174 720.499 100.656 619.843 69.4791 16.624 57.5417 84.0321 550.364 53.779 39.3667 496.585 478.698 464.25 248.436 215.814 160.122 216.609 180.048 131.129 98.3969 36.5607 55.6916 38.2942 29.5618 31.8272 165.467 68.8351 52.3116 38.172 66.1692 56.9706 30.4811 151.024 112.867 46.8697 38.1566 19.1006 24.7664 40.5636 28.9638 28.9934 65.9977 46.3013 26.4896 26.7926 27.9856 32.732 15.9267 17.8629
internal_count=5051 4981 4889 4823 953 3870 522 177 444 776 3348 397 305 2951 2843 2748 1474 1274 954 1285 1034 787 603 251 320 222 188 189 949 415 310 217 588 519 268 861 640 276 221 191 177 286 211 167 364 258 251 217 176 184 191 188
is_linear=0
shrinkage=0.05


Tree=98
num_leaves=47
num_cat=0
split_feature=50 283 51 57 50 157 58 296 279 78 30 276 274 279 291 111 29 118 104 291 54 274 289 92 157 199 280 30 291 277 13 97 277 201 36 195 34 100 137 54 36 99 157 2 34 283
split_gain=4.59197 5.89211 5.72494 5.19611 4.67356 4.66178 6.35243 6.26664 6.45556 4.95104 9.10783 6.44514 5.00206 5.99501 4.92952 5.14855 4.82155 5.50614 4.95604 4.75996 6.03598 5.7662 5.18399 6.61839 4.54321 4.26629 4.2135 4.39356 7.40293 4.16446 5.41313 4.15895 4.34668 4.52841 3.73364 3.32518 3.13415 3.07897 3.47403 3.38431 4.01843 2.85454 2.66278 2.59971 2.45943 1.48158
threshold=0.28295605858854866 0.34057971014492755 26.500000000000004 10.500000000000002 0.99938347718865617 8.5000000000000018 7.5000000000000009 12.500000000000002 -1.4748766245247027 0.31250000000000006 0.87692307692307703 88.561900625164554 -1.6310048973329225 -1.988294583338537 0.83045977011494265 215.00000000000003 -3.0833976833976826 0.14584999999999984 8.5000000000000018 0.80540540540540551 722.50000000000011 -1.3476750536068043 0.21652257995689161 64.500000000000014 19.500000000000004 71.500000000000014 89.993382628192137 0.42407592407592426 0.95445134575569368 -1.675715354672878 7.5000000000000009 8.6875000000000018 -2.0372788465335581 3.5833500000000007 1.1679879216624778 26.500000000000004 -0.12211032211032234 8.1250000000000018 2.5000000000000004 837.50000000000011 1.414366466857786 10.125000000000002 18.500000000000004 83.750000000000014 -1.0768312768312767 -0.069047619047619038
decision_type=2 2 2 2 2 2 2 2 2 2 2 2 2 2 2 2 2 2 2 2 2 2 2 2 2 2 2 2 2 2 2 2 2 2 2 2 2 2 2 2 2 2 2 2 2 2
left_child=-1 2 5 -3 -5 6 31 8 14 10 11 -7 13 16 29 37 -11 25 26 21 -21 -10 -22 -24 36 -18 27 -19 -29 30 -8 32 -2 -34 -15 -33 -14 39 41 40 -16 -39 -12 -17 -36 -32
right_child=1 3 -4 4 -6 9 7 -9 19 12 42 -13 24 34 15 43 17 18 -20 20 22 -23 23 -25 -26 -27 -28 28 -30 -31 45 35 33 -35 44 -37 -38 38 -40 -41 -42 -43 -44 -45 -46 -47
leaf_value=0.025877009952799315 -0.024961360255778609 -0.045795305545591525 0.031318061512620309 0.0063393280322658029 -0.030256343562606636 0.015443986119520171 -0.014593515389943874 0.019242099016850481 0.037646990421393189 0.022359016436397691 0.045692283027195857 -0.024171433087356919 -0.034918452598673627 0.0026123121447616383 0.010590443427246269 -0.047369754847053795 -0.043448593435676447 0.0068324994331682128 0.025251973465096968 -0.037084305217773471 -0.024908721744901233 -0.0045300298854148947 -0.0063042527825530525 0.041337825017564951 0.0046199001320937749 -0.0043920130163270015 0.015093677898738814 -0.046100582321427767 0.0042091949303025749 -0.0030304943879594561 -0.057486679855097249 0.029521050254077381 -0.01374552247010781 0.026909022669844813 0.011589012619183429 0.0028879993347584038 -0.004711275104069935 -0.018180359831057251 -0.030417617564868077 0.020829587686907278 -0.020216001395166969 0.013397894738966196 0.015285483603582778 -0.010966718940103854 0.041697135637746047 -0.028505050627649898
leaf_weight=15.187853954732416 14.703836712986229 11.514950527809559 13.397290043532847 21.811011531390246 13.248063614591958 24.144483849406242 25.075348172336817 19.147268313914537 15.565715314820411 17.577123083174229 19.791567107662559 16.353302584961057 21.066737758927047 20.976521369069815 20.718457387760282 10.451880915090443 13.251311520114541 17.250097436830401 16.293522004038095 11.871277214027939 11.424735938198863 15.488430745899676 17.040282862260941 11.456350015476344 24.564409028738737 14.219450287520885 17.973594311624765 16.010787744075063 12.553281670436261 16.197205955162644 16.30827255547047 25.195319460704923 11.924908502958717 13.75189865939319 12.294522039592268 21.640060901641846 14.635767690837381 13.027431370690467 17.511677419766784 18.242263750173151 19.732329433783889 13.628777436912058 13.20286677777767 9.9424127545207721 17.581773145124316 10.735394950956104
leaf_count=81 107 80 69 117 156 144 154 110 95 96 124 103 133 121 127 140 100 98 95 80 89 104 139 66 144 96 121 121 83 108 103 147 92 90 72 137 100 88 115 117 131 86 93 83 110 111
internal_value=0 -0.00103878 0.000112037 -0.018069 -0.00794496 -0.000537825 -0.00423811 -0.00775393 -0.00970058 0.00401014 0.0152498 -0.000749995 0.000464177 0.00472489 -0.0147221 -0.00863459 -0.00118978 -0.00520885 0.00148754 0.00194805 -0.0073044 0.0171259 0.00224097 0.0136011 -0.0118514 -0.0240964 -0.00487876 -0.0128693 -0.024596 -0.025422 -0.0321927 0.00754974 -0.0041732 0.00822061 0.0190209 0.017533 -0.0230012 -0.00395161 -0.0137733 0.00354634 -0.00456244 -0.00213438 0.0343324 -0.030965 0.0300838 -0.0474087
internal_weight=0 750.494 703.92 46.574 35.0591 690.523 380.782 293.566 274.418 309.741 73.4922 40.4978 236.249 175.982 191.571 123.255 125.129 107.552 80.0813 82.8468 51.7926 31.0541 39.9214 28.4966 60.2669 27.4708 63.7878 45.8142 28.5641 68.3162 52.119 87.216 40.3806 25.6768 50.8528 46.8354 35.7025 102.861 44.1679 58.6931 40.4508 26.6562 32.9944 20.3943 29.8763 27.0437
internal_count=5076 4995 4642 353 273 4573 2619 2046 1936 1954 464 247 1490 1113 1363 887 810 714 518 573 374 199 294 205 377 196 423 302 204 476 368 573 289 182 303 284 233 664 289 375 258 174 217 223 182 214
is_linear=0
shrinkage=0.05


Tree=99
num_leaves=49
num_cat=0
split_feature=282 296 0 301 165 286 80 55 275 6 32 291 291 49 181 90 101 29 274 32 99 274 110 281 234 34 146 233 8 273 227 203 48 157 39 34 91 188 32 273 115 56 280 33 115 91 287 32
split_gain=5.71487 4.28598 4.83798 4.59833 4.22596 4.81093 4.64674 6.19494 5.47909 5.34209 5.85141 5.2715 7.34956 6.80559 6.6581 6.50555 6.45924 5.63951 4.50961 7.32648 5.78159 6.04861 4.57348 5.05877 4.32158 4.73469 4.25183 3.85888 3.66943 5.16508 3.98937 3.57239 3.52565 3.67776 3.48302 3.77569 3.44126 4.56308 3.30676 3.13808 3.11916 2.88772 2.59689 2.56565 2.22212 1.34364 1.21123 1.16654
threshold=-4.2499999999999991 12.500000000000002 82.250000000000014 -3.8050369380101818e-09 3.2500000000000004 0.97303168749962443 85.125000000000014 782.50000000000011 91.572281632426922 78.250000000000014 1.0615943674767208 0.96424010217113676 1.0312805474095799 0.99647388014703897 12.500000000000002 62.875000000000007 13.500000000000002 0.34285714285714253 -1.8846339679850443 1.2711315378728594 10.375000000000002 -1.7291933358478457 93.125000000000014 86.5405173924199 1.5000000000000002 0.23991683991683993 9.2500000000000018 9.5000000000000018 97.500000000000014 85.243183556471749 16.500000000000004 1.0000000180025095e-35 4.3851721570312412 3.2500000000000004 0.68333333333333346 -0.30431190431190452 66.500000000000014 18.500000000000004 1.7830115830115834 84.196104522532139 125.00000000000001 15.500000000000002 89.549208672490508 -0.58841698841698842 275.00000000000006 74.500000000000014 0.99999999997567501 1.2177606177606182
decision_type=2 2 2 2 2 2 2 2 2 2 2 2 2 2 2 2 2 2 2 2 2 2 2 2 2 2 2 2 2 2 2 2 2 2 2 2 2 2 2 2 2 2 2 2 2 2 2 2
left_child=-1 3 39 27 5 6 9 8 -8 11 -11 13 14 24 41 32 18 40 19 22 21 -20 -15 -24 -5 43 47 -2 29 30 -18 -29 33 34 35 -14 44 -38 -19 -3 -17 -13 -12 -26 -23 -10 -21 -9
right_child=1 2 -4 4 -6 -7 7 26 45 10 42 12 15 16 -16 17 28 38 20 46 -22 36 23 -25 25 -27 -28 31 -30 -31 -32 -33 -34 -35 -36 -37 37 -39 -40 -41 -42 -43 -44 -45 -46 -47 -48 -49
leaf_value=0.021272617396579589 0.0042620515901819851 0.0051488421642258567 -0.005457940227702361 -0.039419084946901356 0.020469458433644446 -0.025787251193220697 -0.021850150679465441 -0.054174187855930825 0.028153480605413478 -0.0033230017795379801 0.012361608759649671 0.050718401909804839 -0.039250815490915365 -0.025826616214479927 -0.0027738907243800692 0.041750471032049187 0.039731262874447101 -0.014324364030102472 0.036171678483120813 -0.049438553545183284 -0.030076810622621422 0.028978140729733703 -0.012012237045728874 0.030219518287865482 -0.016327955207869203 -0.034384997183703921 -0.0072473529833953611 -0.0071263348207146783 -0.010071940525866312 -0.0073242524661508756 0.0090414489085376432 -0.035273425570376347 0.0094159488826279468 -0.044812658305504724 0.012741492098440372 0.0041760521061086804 -0.029877734739898479 0.0078522192636914425 0.016559031980021923 0.03772818710833159 0.0086493729352472293 0.01652717679967167 0.042534604428890975 0.010036736416816234 -0.0032838977862069659 0.0037673990884579595 -0.024527639347563399 -0.026958906504659742
leaf_weight=26.712245624512434 17.417051061987877 12.941805282607676 23.222437504678965 18.380380142480135 19.961577367037535 20.167439803481102 13.661403825506566 9.339794812723996 11.703992073424162 24.495853446424007 14.229065731167795 15.971388600766661 11.984308224171398 13.599423520267008 16.078317388892174 14.051539216190578 21.727930501103401 23.84701688401401 12.85828803386539 11.611849974840881 11.643386315554379 10.78886021859944 13.689648812636735 12.865786276757715 15.061492651700972 14.427925731986759 17.987572953104973 20.728704016655684 16.397183844819665 16.503168251365423 21.250840816646814 25.454911265522242 11.823831934481857 10.700173922814427 9.6201216131448728 7.8571741431951585 15.385187735781075 15.037477564066647 12.342420635744928 17.428796630352736 14.756904724985359 11.873474666848777 16.023286836221814 20.699014075100422 9.4165698057040554 10.810058841481803 14.7236903719604 13.341246480122207
leaf_count=156 98 83 138 102 111 127 99 78 87 154 80 106 141 87 90 80 125 141 91 162 74 74 86 85 88 84 129 112 87 105 123 144 77 117 58 78 111 97 102 106 89 84 90 107 126 78 119 113
internal_value=0 -0.00185706 0.011629 -0.00293183 -0.0016037 -0.00237251 -0.00151325 -0.0128794 0.0022004 0.000249749 0.0148455 -0.00156718 0.00565115 -0.00563286 0.0228423 -0.000942435 -0.0012728 0.00954146 -0.00756467 -0.0169456 0.000851107 0.00690173 -0.00326795 0.00880269 -0.0192458 -0.0112321 -0.026024 -0.0156269 0.0104159 0.0161369 0.0251073 -0.0230589 -0.0139832 -0.0209334 -0.0110743 -0.0226786 -0.00108875 -0.011572 -0.00362953 0.0244518 0.0256537 0.0372172 0.0291925 -0.00120956 0.0144969 0.0171027 -0.0369181 -0.0399803
internal_weight=0 735.89 53.593 682.297 618.696 598.734 578.567 76.8441 36.1755 501.723 54.7482 446.975 160.907 286.068 43.9232 116.983 217.499 64.9979 141.62 66.4904 75.1298 63.4864 40.1549 26.5554 68.5688 50.1884 40.6686 63.6007 75.8791 59.4819 42.9788 46.1836 51.9856 40.1618 29.4616 19.8415 50.6281 30.4227 36.1894 30.3706 28.8084 27.8449 30.2524 35.7605 20.2054 22.5141 26.3355 22.681
internal_count=5079 4923 327 4596 4242 4131 4004 584 264 3420 324 3096 1163 1933 280 883 1552 412 1112 539 573 499 258 171 381 279 320 354 440 353 248 256 471 394 277 219 408 208 243 189 169 190 170 195 200 165 281 191
is_linear=0
shrinkage=0.05


Tree=100
num_leaves=50
num_cat=0
split_feature=291 114 284 209 277 274 72 46 279 232 141 97 203 48 74 259 235 263 7 36 104 10 150 263 232 76 146 110 108 197 286 232 56 36 233 194 279 197 285 289 289 274 188 80 36 286 29 33 33
split_gain=4.19616 7.75773 6.54535 5.4588 5.16923 6.18679 7.14773 7.09388 6.28815 5.00349 6.18123 6.11726 4.53459 5.1983 6.14655 5.30555 4.86682 4.87691 4.52979 4.40058 4.34431 4.26791 4.22772 5.85439 4.83875 4.31928 5.55811 4.06094 3.52492 3.40078 3.08999 3.07984 2.94974 2.91123 6.10359 3.6466 2.84053 3.38492 2.82802 2.73533 2.60022 2.92563 2.59975 2.3643 2.27367 1.54916 1.50018 1.34371 1.01029
threshold=0.96424010217113676 25.000000000000004 1.6858552631578949 6.2500000000000009 -0.97705540887056108 -1.335924617093917 82.750000000000014 207.50000000000003 -1.5340447459604822 58.250000000000007 2.5000000000000004 11.812500000000002 9.5000000000000018 3.6968069291598709 5.2500000000000009 -8.1863754194805178 16.500000000000004 89.638406236595088 17.500000000000004 1.1004978106279562 4.5000000000000009 0.12500000000000003 10.500000000000002 80.07804338735059 33.250000000000007 1.0000000180025095e-35 4.7500000000000009 100.71430000000002 8.7500000000000018 1.0000000180025095e-35 0.16644105513929502 505.75000000000006 13.250000000000002 1.6785447448679547 8.5000000000000018 3.5000000000000004 -3.0160536495395327 24.500000000000004 10.812500000000002 0.48877522411129348 0.19969739736768838 -2.2640314110283204 14.500000000000002 81.375000000000014 1.2764179206008845 0.59050901476481876 0.68571428571428628 -0.8115830115830116 -1.3969111969111969
decision_type=2 2 2 2 2 2 2 2 2 2 2 2 2 2 2 2 2 2 2 2 2 2 2 2 2 2 2 2 2 2 2 2 2 2 2 2 2 2 2 2 2 2 2 2 2 2 2 2 2
left_child=2 -2 4 9 5 7 19 8 22 10 32 31 13 14 -3 -16 33 20 -15 -7 -18 45 23 -1 39 28 -27 -10 -26 -6 -25 38 -4 35 46 -17 -28 44 43 -24 41 -32 -29 -11 -38 -12 -35 -37 -23
right_child=1 12 3 -5 29 6 -8 -9 27 11 21 -13 -14 18 15 16 17 -19 -20 -21 -22 48 24 30 25 26 36 42 -30 -31 40 -33 -34 34 -36 47 37 -39 -40 -41 -42 -43 -44 -45 -46 -47 -48 -49 -50
leaf_value=0.022172337622106533 -0.028531712492778312 -0.018252362072948069 0.013678798463355816 0.012543162660754503 0.035698241644202079 0.01857812963290208 -0.045671598248316167 -0.032449797974673726 0.00057670133826553287 0.021059835521126516 -0.02709624806645157 0.022858061429535684 -0.017898182814160134 0.041978191891710287 0.029558290043791305 0.008405130650512533 0.047658093379060566 -0.0015770335366483328 0.0068293453928615399 -0.023586778328944812 0.0089443409306855324 -0.029082151098552736 0.034848703910701273 -0.0014433638315108459 -0.00034506620884835299 0.028409366135566223 0.017560675710714093 0.048194695378356273 -0.035143591639968455 0.0036594980957345099 -0.015235700932574021 -0.024493166704241051 -0.017564869681683411 0.00029665191888654643 0.023739391808058216 -0.031388093684918399 -0.033391546063739695 0.010666025101469646 -0.018683918824433082 0.0051385191744224333 -0.0069703766339161283 -0.055349105812767335 0.016139332675669259 -0.0074174402333710993 -0.0036633475652246318 -0.0046442677617428464 -0.028276904183412489 -0.0095319287845216597 -0.052742381465953982
leaf_weight=10.634564890526233 14.941579566337166 22.236937839537859 14.438571035861971 23.29847527295351 16.443356468342245 12.113899044692518 14.2219390720129 12.725203501060603 14.89280892908573 13.857770733535292 15.118321478366854 16.049957945942879 15.451574727892874 19.785442356020212 25.941057655960321 15.935885740444062 15.441687603481116 19.928079160861671 17.219610081985593 10.72026392072439 13.965954451821743 13.163037432357671 17.809112170711163 19.422887397930026 16.304049924016002 20.106399327516556 12.902273731306193 13.296888176351787 12.173341270536183 16.255650298669934 9.5175803638994712 24.288199654780328 13.803434303961692 8.8829880738630909 23.613858494907618 14.19096483103931 12.7099856864661 13.913952352479098 15.778290558606384 13.851869847625492 11.393129920586942 10.007172721438112 14.084001505747436 13.54816687479615 12.636784678325055 15.637258671224116 8.4677033033221942 15.455572064965963 16.254428656771779
leaf_count=99 154 139 84 139 115 70 102 103 100 78 81 89 100 105 158 98 102 123 108 102 108 83 111 135 106 134 81 87 88 102 82 154 103 73 153 82 94 85 102 81 67 80 85 86 84 84 89 89 118
internal_value=0 0.00527817 -0.0025925 -0.00977475 0.00183195 -0.000353311 -0.0191302 0.00251349 0.00453061 -0.012854 -0.0210791 -0.00400073 0.00752518 0.00937476 0.00586213 0.00926756 0.00520627 0.0175707 0.0262324 -0.00137666 0.0301714 -0.0300123 0.000671637 -0.010123 0.00568132 0.000256931 0.00675687 0.0217602 -0.0159081 0.0203521 -0.0172444 -0.0106303 -0.00167018 -0.00196224 0.00761434 -0.0105473 -0.00196656 -0.00866058 -0.00245545 0.0224056 -0.0268146 -0.0374903 0.0328559 0.00721652 -0.019272 -0.0161866 -0.0144292 -0.0206767 -0.0434596
internal_weight=0 251.459 513.373 195.236 318.137 285.438 37.0561 248.382 235.657 171.937 88.4151 83.5224 236.517 221.066 184.061 161.824 135.883 49.3357 37.0051 22.8342 29.4076 60.173 193.383 60.9753 132.408 100.747 72.2694 42.2737 28.4774 32.699 50.3408 67.4724 28.242 86.547 40.9645 45.5824 52.163 39.2607 43.1842 31.661 30.9179 19.5248 27.3809 27.4059 25.3468 30.7556 17.3507 29.6465 29.4175
internal_count=5075 1681 3394 1201 2193 1976 274 1702 1599 1062 553 509 1527 1427 1214 1075 917 333 213 172 210 366 1327 463 864 672 478 272 194 217 364 420 187 584 315 269 344 263 266 192 229 162 172 164 178 165 162 171 201
is_linear=0
shrinkage=0.05


Tree=101
num_leaves=50
num_cat=0
split_feature=262 4 198 36 198 36 144 98 279 54 293 277 277 109 291 98 74 36 297 34 31 93 94 4 259 297 8 39 54 31 263 38 221 116 29 274 147 106 298 227 278 49 98 87 36 272 259 72 274
split_gain=4.23901 8.86756 5.39365 6.257 5.36867 5.61248 5.19982 4.28582 5.20768 5.19462 5.56704 5.4316 4.61757 4.26965 5.59246 4.42674 5.31336 6.23279 4.21212 5.37939 4.40186 4.23605 5.87565 5.09544 5.71923 5.76243 4.09792 5.93391 3.94792 3.92814 3.8559 3.42471 3.35028 3.34569 3.33488 3.32036 3.30552 4.3129 3.24172 3.01904 2.85717 2.8351 2.81929 2.27727 3.58964 2.12511 1.94014 1.45742 1.36663
threshold=5.0000000000000009 78.625000000000014 7.1250000000000009 0.93932253824398948 9.8750000000000018 1.1004978106279562 40.500000000000007 1.5178500000000004 -2.5120662996399736 732.50000000000011 -0.57499999999999962 -3.0747487130890039 -2.5841176378976329 163.75000000000003 1.118823529411765 0.31250000000000006 7.2500000000000009 1.422238336488316 8.2500000000000018 1.1163971163971167 -0.35217391304347817 56.500000000000007 51.500000000000007 79.250000000000014 -4.8702257561406581 5.2500000000000009 102.50000000000001 0.68333333333333346 802.50000000000011 1.150434782608696 81.381721262289304 0.37500000000000006 1.5000000000000002 95.000000000000014 -1.0026578073089694 -1.6050537804611775 5.5000000000000009 7.5000000000000009 1.8750000000000002 68.500000000000014 88.980084254460294 0.99647388014703897 0.31250000000000006 63.562500000000007 1.1927465096080485 -2.2055414867785612 -6.6018932263798007 70.750000000000014 -1.8437104000157742
decision_type=2 2 2 2 2 2 2 2 2 2 2 2 2 2 2 2 2 2 2 2 2 2 2 2 2 2 2 2 2 2 2 2 2 2 2 2 2 2 2 2 2 2 2 2 2 2 2 2 2
left_child=1 33 34 28 -5 6 45 9 -9 12 11 -11 -7 14 15 40 17 -17 19 20 -2 22 26 30 36 -26 27 42 -4 -14 31 35 -10 -1 -3 -23 37 -25 -33 -15 -13 -20 -22 -36 -45 -6 -24 -44 -21
right_child=18 2 3 4 5 7 -8 8 32 10 -12 13 29 39 -16 16 -18 -19 41 48 21 23 46 24 25 -27 -28 -29 -30 -31 -32 38 -34 -35 43 -37 -38 -39 -40 -41 -42 -43 47 44 -46 -47 -48 -49 -50
leaf_value=-0.042373218198313002 0.029785489504493608 0.0043193847979784809 0.03243760000805284 0.028083667913706117 -0.01458698580805441 0.0087840853913009453 0.0025147304290064794 0.0096186785738413411 -0.037078691057574609 -0.018374638212468999 -0.021015774774904059 0.015014229625884111 -0.0030382199675221596 -0.018081056077448775 0.045559370582898405 0.028019458734667754 0.045370338141259146 -0.0067289160468088889 0.0051667763302318285 -0.0046333592499630885 0.0044727719853946942 0.020094181204715043 0.050025891233900048 0.036084901720899662 0.011296130270427376 -0.023549932115611398 0.030709651007864366 0.02532112505158118 -0.0020154238952800143 -0.037018406141370884 -0.031985375187071022 0.0013170540591343986 -0.0041650181074954383 -0.0087852944628079993 -0.0017148858810447809 -0.009138429202757729 -0.0017809514815239791 0.0026461533495374949 -0.031365777374898672 0.01406525575061604 -0.013321321190224656 0.037015740945946098 -0.053878603079944298 -0.047490875812977812 -0.013794793681250826 -0.046833004687050574 0.018452968894488105 -0.014807396274076609 -0.026752969245145353
leaf_weight=17.418346011079851 15.749412842094896 16.56003719381988 23.417441993951797 14.162180729210375 9.8580044582486135 19.233069520443678 15.550542712211607 16.184655863791704 19.45371319539845 14.29617992043495 14.861337860114871 14.225142072886227 15.992697082459925 15.962956482544543 14.382871428504584 26.996390333399177 15.278875021263955 23.35147544182837 13.205901790410282 12.665505457669498 5.2473211009055474 18.650369772687551 10.253624645993115 26.942935474216938 22.773916319012642 22.809762446209788 7.8412583060562602 7.6880477713420978 12.438970930874346 17.649034326896071 14.718274981714783 13.59595948085189 12.880393488332627 13.489566392265258 11.076869813725351 18.357135498896245 16.451158035546541 14.980864159762858 15.948234610259531 11.881224162876604 20.419707616791129 14.789669224992393 6.0474443668499571 13.179689615964888 20.664532426744699 13.450942166149618 11.924012394621966 5.1622970532625914 16.05836074333638
leaf_count=156 98 101 144 86 72 119 96 107 122 91 128 84 97 102 75 159 94 156 85 76 78 116 57 146 132 127 51 56 84 120 98 78 81 124 87 103 87 79 107 86 124 85 109 85 156 106 106 67 107
internal_value=0 -0.00302975 -0.00111156 0.00122716 -0.000977117 -0.00238215 -0.0199086 0.000175697 -0.0131448 0.00309964 0.00731698 0.0101186 -0.0104735 0.0130853 0.017321 0.0128606 0.0203997 0.0120859 0.00452988 0.00266568 0.00499348 0.00324532 0.0154077 -0.00037481 0.00692998 -0.00627183 0.00147006 -0.00886932 0.0207551 -0.0214188 -0.00968958 -0.00435824 -0.0244857 -0.0284487 -0.0146784 0.00573477 0.017171 0.0244761 -0.0167747 -0.00435202 -0.00159196 0.0226885 -0.0253772 -0.0216235 -0.0279032 -0.0343563 0.034579 -0.038572 -0.0174836
internal_weight=0 454.317 423.409 361.928 326.071 311.909 38.8595 273.05 48.5188 224.531 171.656 156.795 52.8748 142.499 114.654 100.272 65.6267 50.3479 311.861 283.866 255.142 239.393 54.164 185.229 103.959 45.5837 31.9864 24.1451 35.8564 33.6417 81.27 66.5517 32.3341 30.9079 61.4811 37.0075 58.375 41.9238 29.5442 27.8442 34.6448 27.9956 16.4571 44.9211 33.8442 23.3089 22.1776 11.2097 28.7239
internal_count=5090 3042 2762 2333 2105 2019 274 1745 310 1435 1099 971 336 880 692 617 409 315 2048 1878 1695 1597 524 1073 571 259 361 310 228 217 502 404 203 280 429 219 312 225 185 188 208 170 254 328 241 178 163 176 183
is_linear=0
shrinkage=0.05


Tree=102
num_leaves=47
num_cat=0
split_feature=154 286 274 101 59 285 284 280 36 291 29 146 287 288 108 143 10 146 33 36 273 226 31 54 204 31 280 200 233 260 286 89 104 89 155 145 182 80 99 291 284 39 284 111 201 214
split_gain=4.24337 4.8337 4.30657 3.65064 4.68215 3.79833 3.87795 3.62457 3.51069 5.40173 7.30591 6.64583 4.43354 4.70446 3.98392 6.17359 5.7466 6.50426 5.71306 4.51111 4.69267 6.71449 4.41685 3.82815 3.60629 3.54342 4.35474 3.45955 4.42133 6.10537 5.16972 4.76465 3.80861 3.74428 4.89854 4.54194 4.60398 3.31347 3.11011 2.95769 2.83563 2.67348 2.59481 2.47346 2.03193 0.828931
threshold=3.1250000000000004 0.21755678768803791 -1.4888542330584755 15.500000000000002 85.500000000000014 7.5625000000000009 1.560386473429952 82.355877271286474 1.1004978106279562 0.96424010217113676 2.2285714285714291 18.500000000000004 0.99999999999926337 -0.48314718476766422 12.708349999999998 1.6250000000000002 0.37500000000000006 15.333350000000001 0.92895752895752881 1.2705101556141922 89.591845297616217 66.500000000000014 2.6113043478260871 807.50000000000011 1.2500000000000002 1.7071300833874494 86.236419682334684 1.5000000000000002 76.500000000000014 5.6250743046617364 0.67529870192062258 54.625000000000007 3.5000000000000004 61.875000000000007 6.5000000000000009 11.500000000000002 8.5000000000000018 80.375000000000014 8.1250000000000018 0.67375886524822703 1.6417112299465242 0.52272727272727282 1.804761904761905 145.00000000000003 6.2500000000000009 2.5000000000000004
decision_type=2 2 2 2 2 2 2 2 2 2 2 2 2 2 2 2 2 2 2 2 2 2 2 2 2 2 2 2 2 2 2 2 2 2 2 2 2 2 2 2 2 2 2 2 2 2
left_child=1 2 -1 5 7 6 -2 -5 9 10 11 12 37 -14 16 43 22 24 19 -17 25 -22 27 -20 -18 26 -21 28 29 31 40 -10 -33 -34 -35 36 -36 -7 -11 -15 -30 -12 -37 -16 -27 -26
right_child=3 -3 -4 4 -6 8 -8 -9 14 38 41 -13 13 39 15 18 17 -19 23 20 21 -23 -24 -25 45 44 -28 -29 30 -31 -32 32 33 34 35 42 -38 -39 -40 -41 -42 -43 -44 -45 -46 -47
leaf_value=-0.016171600886193249 0.0038461713566778108 -0.03766303757600864 0.022276855192803358 0.0074803229234816863 -0.0081366469191534226 0.019879984859719084 -0.025716059657267639 0.036886312671822151 0.031875154471919791 -0.0022111214600204951 -0.048240266150315243 0.025578855698068864 0.0029115611651225177 -0.007784055809476078 -0.050118483888307398 0.030688177705351795 -0.0037501386938376957 0.026853936204465186 -0.031631258893026419 -0.017800456272441395 -0.031924779219888615 0.014620347612856261 -0.014428580069326589 0.0019239049793765902 -0.049468736733792762 0.039238208851708506 0.01874954529120984 -0.0069646547016124442 0.00099049871467228991 0.032707837679483959 0.048105039615130435 -0.016928012547856901 -0.015315430925137053 0.036528979170429389 0.014865434314130233 0.031966058972087735 -0.021560855636959819 -0.010758645595988195 0.029137475134136965 -0.03734493641072973 0.025266921281878185 -0.015042230434660568 0.0029710081178821253 -0.010579132415176941 0.008734825399389818 -0.020853153606733683
leaf_weight=20.163529080338776 18.135665785521269 14.23795026540756 10.118397715501489 22.588395513594151 18.269047293812037 17.591825984418392 26.659357517957687 19.65163074247539 12.920222829096017 15.630632475018503 13.040623359382154 15.498295197263358 19.122347138822079 13.640836164355276 7.8532467791810658 15.015492836013435 14.424078721553089 7.7889579683542243 18.74665304645896 16.250746736302975 18.488380429334942 12.09297821484506 17.399327150546014 14.732642703689633 8.1572194593027216 11.412665325216951 14.447325870394705 23.347400285303593 20.484709857963026 20.99356069136411 15.769024744629858 22.920288165099919 17.021563143469393 13.262919168919323 13.000009136274455 15.13001079298556 22.134881544858217 15.908161593601106 14.754627618938683 24.406058868393302 28.43382658995688 12.992187045514582 15.225527778267859 8.3833784377202374 11.057145045138894 6.8765392983332267
leaf_count=153 102 112 79 137 106 105 155 108 115 91 96 86 133 87 64 90 140 64 127 105 139 71 144 98 99 89 81 136 140 124 88 133 111 76 78 88 140 103 83 158 159 84 81 113 94 80
internal_value=0 -0.0146853 -0.003023 0.00106071 0.0127042 -3.91059e-05 -0.0139249 0.0216978 0.00100795 -0.00525707 -0.00962654 -0.00368079 -0.00890669 -0.0172628 0.00330995 -0.00335594 0.00666177 -0.0114799 0.000310194 0.00637174 0.00170136 -0.013639 0.00931461 -0.0172377 -0.0221647 0.0106138 -0.000550217 0.0110839 0.0130462 0.00830861 0.0239263 0.00419948 0.000945789 0.00535396 0.00995742 0.00410777 -0.00804462 0.00544047 0.0134547 -0.0272173 0.0153246 -0.0328415 0.0179815 -0.0315015 0.0252396 -0.0384967
internal_weight=0 44.5199 30.2819 711.66 60.5091 651.151 44.795 42.24 606.356 162.586 132.2 106.168 90.6692 57.1692 443.771 148.481 295.29 37.2468 132.244 98.7647 83.7492 30.5814 258.043 33.4793 29.4578 53.1679 30.6981 240.644 217.297 152.609 64.6876 131.615 118.695 95.7749 78.7533 65.4904 35.1349 33.5 30.3853 38.0469 48.9185 26.0328 30.3555 16.2366 22.4698 15.0338
internal_count=5045 344 232 4701 351 4350 257 245 4093 1026 852 672 586 378 3067 1071 1996 383 894 669 579 210 1613 225 319 369 186 1469 1333 946 387 822 707 574 463 387 218 208 174 245 299 180 169 177 183 179
is_linear=0
shrinkage=0.05


Tree=103
num_leaves=47
num_cat=0
split_feature=295 297 285 203 284 117 192 144 34 297 274 281 30 35 32 288 35 76 145 301 301 88 31 279 30 210 14 121 88 279 54 190 56 36 214 15 199 117 209 198 154 8 88 296 76 103
split_gain=5.21743 3.88333 3.74494 3.59742 7.56707 3.38105 3.86512 4.09276 3.64848 8.5996 6.30478 5.2199 5.11752 4.87535 4.85747 7.98683 4.5414 4.6178 8.92766 6.6192 4.89856 5.54805 4.8431 4.16311 4.14004 3.49858 3.46573 3.75043 3.39312 3.3726 3.26363 3.27254 3.20462 3.15281 3.10878 2.80011 2.79211 2.76297 2.73415 2.72459 5.21862 3.02379 2.1711 2.1109 1.55634 1.24534
threshold=0.90000000000000135 10.250000000000002 7.1875000000000009 9.5000000000000018 1.8619047619047622 6.1875000000000009 26.250000000000004 30.500000000000004 -0.51977751977751974 4.7500000000000009 -1.0549898499143204 76.833446296585564 0.39860139860139882 0.52243118397129218 0.6409266409266412 -0.49813634056773481 0.92016825471890717 1.0000000180025095e-35 7.5000000000000009 4.0888134014091987e-15 2.5562566326493365e-12 2.1250000000000004 2.0932628230172465 -2.4463392441320448 -0.33146853146853134 5.5000000000000009 0.12500000000000003 7.5000000000000009 0.87500000000000011 -1.8946598585331469 742.50000000000011 6.5000000000000009 17.500000000000004 1.6646975845974443 1.0000000180025095e-35 7.5000000000000009 61.500000000000007 7.5625000000000009 0.58332500000000009 22.125000000000004 9.7500000000000018 52.500000000000007 1.3750000000000002 7.5000000000000009 1.5000000000000002 5.5000000000000009
decision_type=2 2 2 2 2 2 2 2 2 2 2 2 2 2 2 2 2 2 2 2 2 2 2 2 2 2 2 2 2 2 2 2 2 2 2 2 2 2 2 2 2 2 2 2 2 2
left_child=29 2 38 5 36 6 7 -4 9 10 24 -11 13 35 15 -10 17 18 19 -16 22 25 26 -14 -7 44 27 -19 -18 -1 -29 -32 45 39 -17 -13 -5 -20 -2 40 -15 -41 -25 -37 -22 -26
right_child=1 -3 3 4 -6 8 -8 -9 14 11 -12 12 23 33 16 34 28 20 37 -21 21 -23 -24 42 32 -27 -28 30 -30 -31 31 -33 -34 -35 -36 43 -38 -39 -40 41 -42 -43 -44 -45 -46 -47
leaf_value=0.00029922656900008152 -0.035751769676931243 0.022400381282614869 0.021996471625263581 -0.013575829069145218 0.016024270514385524 -0.0058270443460494321 0.034055350741433961 -0.013879674889349894 0.013222931734887143 0.029419708582081889 0.016495507910728145 0.024865190723477287 0.0024558432839214567 -0.020131329180456251 -0.0092159809073065549 -0.04363168688350489 0.0040023945934193304 -0.0026646114112923573 -0.014095395497323082 0.032639560252715111 -0.038594447479970352 0.020473541709191606 -0.015937463191614841 -0.039617333586400412 -0.050571661633064827 0.0062338292870608679 -0.0051417980412360679 0.0060556757789468427 0.038396480472034311 0.029573007131729435 0.041419296776894654 0.015839898837255121 -0.0094437849069636329 0.012512807378721284 -0.013269442510325712 0.015759776510368285 -0.044528685338737273 -0.045334814408960103 -0.0044719826041964492 -0.034209283145569383 0.018807147929209501 -0.0060870286374149988 -0.010248010087520545 -0.0088819905790921746 -0.010753155108965561 -0.027931382256661363
leaf_weight=18.179598083719611 13.72209074161947 14.394527610391377 13.241075711324813 16.20623544417322 12.383541474118827 18.287732234224677 12.768591213971375 17.010068599134684 20.074200976639986 12.115060704760252 9.1628966741263849 24.838314596563578 16.086076894775033 15.618990074843166 23.526859115809202 13.576584214344619 13.494340706616642 15.983992550522087 16.787428228184584 14.437072612345217 13.805050916969778 12.003283647820352 13.258537502028046 17.444175419397656 19.417152027599514 10.022599335759876 17.080125626176596 19.677921339869499 14.955121261999009 20.498363252729177 29.058741645887494 24.749695111066103 10.940647491253911 17.489802330732346 23.27599330432713 15.423010932281612 14.46096286550164 13.23182072304189 13.91746601089835 17.607238378375769 16.843474831432104 20.754813617095351 10.914677592925726 17.515215579420328 9.1434581130743009 16.143871089443564
leaf_count=117 79 94 85 112 69 104 71 106 129 80 83 140 104 96 158 87 82 88 108 127 124 128 104 127 210 83 152 108 83 123 158 131 122 103 143 104 95 94 82 95 102 121 77 106 86 132
internal_value=0 -0.00245504 -0.00299092 -0.00224235 -0.0160629 -0.00128574 0.0120894 0.00202487 -0.00227188 -0.00646116 -0.0209319 -0.00110357 -0.00318784 0.00136151 0.00137924 -0.0117298 0.00426992 0.00192076 -0.00896012 0.00713019 0.00643676 -0.00751572 0.0116932 -0.0178425 -0.0263954 -0.0180081 0.0152476 0.0191538 0.0227723 0.0161679 0.0238715 0.0301575 -0.0341913 -0.00600778 -0.0253121 0.0125364 -0.0291167 -0.0288826 -0.0207074 -0.0106919 3.0557e-05 -0.0195356 -0.0290478 0.00278067 -0.0284137 -0.0413386
internal_weight=0 722.851 708.456 680.816 43.0507 637.766 43.0197 30.2511 594.746 276.603 73.9523 202.651 190.536 146.091 318.143 56.9268 261.216 232.767 67.9832 37.9639 164.783 44.9744 119.809 44.4449 64.7894 32.9711 106.55 89.4704 28.4495 38.678 73.4864 53.8084 46.5017 88.3143 36.8526 57.7765 30.6672 30.0192 27.6396 70.8245 32.4625 38.3621 28.3589 32.9382 22.9485 35.561
internal_count=5112 4872 4778 4617 276 4341 262 191 4079 1906 651 1255 1175 867 2173 359 1814 1649 487 285 1162 421 741 308 568 293 637 485 165 240 397 289 464 517 230 350 207 202 161 414 198 216 204 210 210 342
is_linear=0
shrinkage=0.05


Tree=104
num_leaves=51
num_cat=0
split_feature=282 221 277 112 54 262 0 0 181 189 279 273 60 49 114 95 145 146 33 33 275 150 232 78 44 137 16 113 39 0 54 284 283 58 275 87 291 88 150 0 260 30 29 209 259 117 282 277 201 57
split_gain=4.8563 4.88734 4.89303 6.37219 4.50242 5.19821 5.63839 8.227 5.62195 6.43128 5.32863 5.21295 4.73779 4.62346 4.6629 5.58454 4.55723 4.08736 4.06174 7.38994 4.36718 3.97339 4.12137 3.62378 3.72518 4.59322 4.08683 4.50715 3.67618 3.58895 3.36578 3.23999 7.84473 3.23485 6.67171 6.3475 4.11211 3.16675 3.15614 2.80009 2.74088 2.67395 2.62971 2.61315 2.59758 2.46873 2.28355 1.99621 1.84143 1.18727
threshold=-2.2499999999999996 9.5000000000000018 -2.3711145818986421 165.00000000000003 647.50000000000011 5.0000000000000009 78.250000000000014 80.750000000000014 6.5000000000000009 3.5000000000000004 -2.3864773292483341 91.127374857415461 91.500000000000014 0.7499427043544693 65.000000000000014 68.500000000000014 40.500000000000007 9.2500000000000018 -0.19305019305019319 -0.53513513513513511 85.490678634241277 33.500000000000007 28.250000000000004 0.31250000000000006 1.0000000180025095e-35 24.500000000000004 0.20833333333333334 95.000000000000014 0.68333333333333346 78.250000000000014 807.50000000000011 1.7947368421052634 -0.08514492753623186 12.500000000000002 88.475170082254095 72.687500000000014 0.98936170212765961 1.1250000000000002 11.500000000000002 74.250000000000014 2.5803846893589442 1.0234965034965036 1.0000000180025095e-35 1.2916750000000004 -7.9397684927848307 7.1875000000000009 -2.7499999999999996 -1.5203361099961694 7.2500000000000009 12.250000000000002
decision_type=2 2 2 2 2 2 2 2 2 2 2 2 2 2 2 2 2 2 2 2 2 2 2 2 2 2 2 2 2 2 2 2 2 2 2 2 2 2 2 2 2 2 2 2 2 2 2 2 2 2
left_child=23 4 -3 31 43 6 40 48 9 10 -7 16 49 44 45 29 18 -14 19 33 -20 22 -22 41 28 46 27 -27 -25 39 -24 32 -4 34 -9 36 -35 -5 -33 -16 -6 -1 -10 -2 -12 -15 -26 -47 -8 -13
right_child=1 2 3 37 5 8 7 11 42 -11 13 12 17 14 15 -17 -18 -19 20 -21 21 -23 30 24 25 26 -28 -29 -30 -31 -32 38 -34 35 -36 -37 -38 -39 -40 -41 -42 -43 -44 -45 -46 47 -48 -49 -50 -51
leaf_value=0.0058911742134609129 -0.0044440913335045363 -0.036904198611333809 0.043204935726658643 -0.046586575707957788 -0.036231927657045214 -0.017593458661155456 0.03872023854726464 -0.016973792429061788 0.04273164131886481 -0.028557350923251013 -0.020402818410890589 0.01289607406403756 -0.024192186322006808 0.01920429290106139 0.034353309420012357 0.00069504895223246354 0.01441895322587076 0.015096107566169668 -0.047818123378633635 0.025510348102537002 -0.026619356135951039 -0.032532027217056995 -0.0093378680923426067 -0.025835012584276104 0.0290520701979828 -0.012143318925083779 -0.023835420509692031 0.022637059536674473 0.0066621361863901107 0.048911252973850607 0.028313369739143786 0.0060720803568339926 -0.0066039464864803225 -0.023778455387922937 0.030356249662653635 -0.044871346543625984 0.015991029979621638 -0.0097877885569570573 -0.026038102616907532 0.0027263836944554582 -0.0054410228798824319 0.03243756380599834 0.01199120433243884 -0.033176554018350533 0.0073981478509748365 0.0057411958822835519 0.006889034915962872 -0.026281389757070145 0.010792175558796552 0.0362700466854756
leaf_weight=17.4063560962677 17.656268428079787 15.392233815044163 11.790720626711847 11.192117158323528 16.365600067190829 17.978196912445128 12.989744087681176 17.985799002461139 14.025965701788666 12.789048039354382 14.450767386704682 11.956083904951813 12.348193263635041 8.9059500545263308 14.429064459167423 19.198180068284273 19.483713660389185 12.191251326352356 11.016944435425101 16.438291974365711 11.306186925619839 17.171411051414907 11.397558288648726 17.361555684357882 26.497965525835752 16.15049596503377 14.180201303213833 19.578477092087269 15.917427789419888 19.384312642738223 10.602642437443135 14.636748095974328 20.123289448209107 11.904576397500934 11.252745393663643 14.768673935905097 12.133271796628831 12.541634518653153 14.364427631720899 13.149382788687943 13.082106490619479 21.353085219860077 14.993350248783825 13.895968901924787 17.592954482883215 8.5437898552045244 21.511882580816746 9.4624031195417029 12.045575218275188 12.468871494755147
leaf_count=97 124 102 65 95 129 138 88 123 77 73 79 86 115 72 141 108 114 80 94 102 92 138 84 95 154 83 91 115 85 115 81 91 150 98 80 114 82 99 93 91 87 109 86 119 93 86 124 86 76 84
internal_value=0 -0.00184678 -0.0118512 -0.006918 0.000235418 0.00152064 -0.00291447 -0.00033615 0.0079517 0.00410739 0.00720471 -0.00354324 0.0106439 0.0108792 0.0164738 0.0235208 -0.00778029 -0.00484683 -0.0108212 -0.00362474 -0.0204916 -0.0137145 -0.00334747 0.00773031 0.00369173 0.00858989 -0.00204785 0.00701278 -0.0105506 0.0326428 0.00924962 0.00174452 0.0125517 -0.0109307 0.00164315 -0.0202077 -0.0038676 -0.0283229 -0.01017 0.0198967 -0.0231811 0.0209639 0.0277776 -0.0177286 -0.00537729 -0.00107254 0.0194646 -0.0115843 0.0262135 0.0257857
internal_weight=0 585.406 100.041 84.6489 485.365 453.813 268.909 239.462 184.903 155.884 143.095 214.426 48.9644 125.117 93.0731 66.1609 165.462 24.5394 145.978 84.4834 61.4947 50.4778 33.3064 169.957 131.198 97.919 49.9092 35.729 33.279 46.9628 22.0002 60.9152 31.914 68.0451 29.2385 38.8065 24.0378 23.7338 29.0012 27.5784 29.4477 38.7594 29.0193 31.5522 32.0437 26.9121 48.0098 18.0062 25.0353 24.425
internal_count=5083 4130 695 593 3435 3192 1947 1731 1245 1082 1009 1567 365 871 699 455 1202 195 1088 599 489 395 257 953 747 567 289 198 180 347 165 399 215 497 203 294 180 194 184 232 216 206 163 243 172 244 278 172 164 170
is_linear=0
shrinkage=0.05


Tree=105
num_leaves=47
num_cat=0
split_feature=298 295 5 278 298 288 87 285 96 291 113 234 284 51 32 272 79 278 155 126 79 69 29 198 144 144 29 98 155 142 260 283 273 13 92 283 289 32 298 280 86 97 56 275 78 36
split_gain=4.14039 5.31728 3.65181 8.04808 4.00799 4.07148 3.93032 5.36346 4.44541 6.27441 3.5539 3.563 3.52729 3.30909 3.00311 4.73627 4.46194 6.56019 4.05247 4.01147 3.94949 8.24653 3.82635 3.78031 3.73035 7.81893 4.18019 3.57613 3.49469 4.99013 5.19277 5.08257 5.74928 5.3913 4.9233 3.87714 3.66265 6.81488 3.34997 3.00161 2.92126 2.50502 2.47762 2.1815 1.58636 1.12933
threshold=0.2678571428571429 0.45000000000000023 79.500000000000014 80.201624751577057 1.2916666666666667 0.29342972903661901 63.687500000000007 15.812500000000002 60.500000000000007 1.1143790849673205 45.000000000000007 4.5000000000000009 2.3875000000000006 1.0000000180025095e-35 1.9343629343629347 -1.4563255773587358 86.375000000000014 91.364791666349802 35.500000000000007 5.5000000000000009 83.875000000000014 87.500000000000014 4.6285714285714299 32.125000000000007 33.500000000000007 23.500000000000004 0.68571428571428628 0.18750000000000003 66.500000000000014 13.500000000000002 5.7149815167809441 -0.28869047619047611 84.848464204339578 7.5000000000000009 73.500000000000014 -0.35147058823529403 0.6174544326165855 0.82393822393822413 1.4307692307692337 92.573141824569319 81.500000000000014 7.4285750000000013 17.500000000000004 82.041778612806908 0.54164999999999719 2.0992906400030749
decision_type=2 2 2 2 2 2 2 2 2 2 2 2 2 2 2 2 2 2 2 2 2 2 2 2 2 2 2 2 2 2 2 2 2 2 2 2 2 2 2 2 2 2 2 2 2 2
left_child=-1 -2 3 4 5 -3 8 13 9 43 42 12 41 14 16 19 17 20 -19 -16 21 22 27 45 25 26 -22 -8 29 31 35 -29 36 -34 -30 -31 -33 -38 -37 -18 -26 -12 -6 -4 -5 -21
right_child=1 2 6 44 10 -7 7 -9 -10 -11 11 -13 -14 -15 15 -17 39 18 -20 23 24 -23 -24 -25 40 -27 -28 28 34 30 -32 32 33 -35 -36 38 37 -39 -40 -41 -42 -43 -44 -45 -46 -47
leaf_value=-0.023438688993168026 0.026728816090111199 0.0052471959921489494 0.031227452596084865 -0.040690163623692412 -0.02807217283676838 -0.028523836149426898 -0.01584948895681261 -0.027614293797770553 0.031173999743915184 -0.022611448834472851 0.004507969239312311 -0.013284920252613725 0.0014167559987555908 0.020920146632585047 0.0083601447953296909 0.018370630184139709 0.0010648991973389193 0.039724028905474551 0.0077817186583095388 -0.023732967375857922 -0.02101083143092838 0.036393389961182895 -0.019645150953634186 -0.0049768542598949798 -0.0079730229972139431 -0.043472590581696217 0.017427682915562147 0.034837663487967033 0.036576412571187572 0.0022217546486061539 0.019593096165709714 -0.024992317571293124 -0.00098942837781969837 0.036730383829365498 -0.0015242117763777008 -0.0048174987921719729 -0.018298803738774929 0.02648722250577551 -0.035099104546284621 -0.03405922194128426 0.018428172327813949 0.036462035092631143 0.0084972508955655744 0.0029817126121469847 -0.017329334417798693 -0.050576325292937555
leaf_weight=16.93374262843281 18.368138562887907 14.992811640724538 13.292769722640516 13.935092635452746 10.583024175837638 20.118086913600564 20.63588260486722 15.379971105605362 22.190943137742579 13.920370797626672 8.9064287263900059 11.524418618530033 22.558518428355455 19.936236962676048 11.70516863465309 11.187060903757809 10.794468279927971 17.464338392019272 22.829749889671803 11.642032619565727 12.428958725184204 17.493391731753945 18.260064166039228 15.197108867578207 25.478089852258563 17.135392695665359 13.94569196552038 16.073334634304047 18.559836693108082 24.981612559407949 14.121046032756565 16.319439005106688 17.425713505595922 19.624949222430587 14.830184504389761 15.717411318793891 16.578320421278477 15.45780600234866 22.0699427369982 12.762157799676059 16.36356386076659 21.186777854338288 7.0962595660239449 13.549883279949425 19.593989884015173 9.7265698686242086
leaf_count=116 110 107 79 95 139 134 124 124 138 97 112 72 146 100 75 82 78 108 142 96 103 110 112 111 153 126 104 96 96 132 78 99 100 127 86 95 91 90 146 103 101 156 82 105 135 89
internal_value=0 0.000873432 0.000183009 -0.00672485 -0.000459389 -0.0143572 0.0019993 0.000538776 0.0136863 0.0036477 0.00560324 0.0110566 0.0165327 0.00146416 0.000608594 -0.00980935 0.00211269 0.0033942 0.0222529 -0.0165805 0.00118787 0.00416984 0.00178526 -0.0245744 -0.00812038 -0.0181999 -0.000792149 0.00354607 0.00550177 0.00267189 -0.00688506 0.00990961 0.0048693 0.0194302 0.0201018 -0.0130557 -0.00645507 0.00345862 -0.0229526 -0.0185762 0.00254118 0.027454 -0.0137245 0.0175885 -0.0279356 -0.0376663
internal_weight=0 743.943 725.575 150.495 116.966 35.1109 575.079 512.125 62.954 40.763 81.8554 64.1761 52.6517 496.746 476.809 59.4579 417.351 393.795 40.2941 48.2709 353.501 268.149 250.656 36.5657 85.3517 43.51 26.3747 232.395 211.76 178.37 76.89 101.48 85.4062 37.0507 33.39 62.769 48.3556 32.0361 37.7874 23.5566 41.8417 30.0932 17.6793 26.8427 33.5291 21.3686
internal_count=5100 4984 4874 1178 948 241 3696 3277 419 281 707 486 414 3153 3053 453 2600 2419 250 371 2169 1582 1472 296 587 333 207 1360 1236 1054 451 603 507 227 182 373 280 181 241 181 254 268 221 184 230 185
is_linear=0
shrinkage=0.05


Tree=106
num_leaves=46
num_cat=0
split_feature=296 0 288 12 87 97 58 287 10 182 30 110 46 212 259 55 286 191 42 104 272 204 55 54 54 91 43 195 3 281 93 283 274 36 55 3 29 210 298 291 283 10 157 70 105
split_gain=6.91723 4.8614 4.07782 6.24956 5.14508 4.51911 5.18762 4.14591 4.09827 4.91295 4.45343 4.41639 5.86417 4.06263 5.42843 4.50784 3.99777 3.95367 3.9041 3.7896 6.30763 3.74729 6.16487 5.56285 5.90521 4.72647 3.69546 4.51771 3.58823 5.05563 3.97836 5.43737 3.19383 3.09634 3.05996 2.91827 2.82347 2.73387 2.71848 3.77639 3.22202 2.68698 2.45211 1.15642 0.497088
threshold=12.500000000000002 82.250000000000014 0.46800856592688472 0.062500000000000014 64.031250000000014 5.3958250000000012 15.500000000000002 0.99994309894920075 0.29166666666666669 64.500000000000014 1.3048951048951052 103.12500000000001 117.50000000000001 5.5000000000000009 5.0732317882758107 672.50000000000011 0.35471462531156511 15.500000000000002 10.500000000000002 3.5000000000000004 -2.5126621493718244 3.5000000000000004 837.50000000000011 762.50000000000011 812.50000000000011 68.500000000000014 1.0000000180025095e-35 55.500000000000007 87.750000000000014 88.086802311138499 68.500000000000014 -0.18350168350168347 -1.4010795202870017 1.0648345582071237 827.50000000000011 80.250000000000014 -3.4258310474147679e-16 1.5000000000000002 1.8750000000000002 0.82085561497326209 -0.14550264550264547 0.12500000000000003 5.5000000000000009 74.500000000000014 11.500000000000002
decision_type=2 2 2 2 2 2 2 2 2 2 2 2 2 2 2 2 2 2 2 2 2 2 2 2 2 2 2 2 2 2 2 2 2 2 2 2 2 2 2 2 2 2 2 2 2
left_child=2 18 5 4 33 6 16 36 11 10 38 12 -7 14 15 -13 -1 28 -2 -17 -21 22 23 -9 -25 -23 27 -22 29 30 31 -14 34 -4 -6 -35 -5 -12 39 -10 -40 -8 -42 -24 -38
right_child=1 -3 3 7 32 8 41 21 9 -11 37 13 17 -15 -16 19 -18 -19 -20 20 26 25 43 24 -26 -27 -28 -29 -30 -31 -32 -33 -34 35 -36 -37 44 -39 40 -41 42 -43 -44 -45 -46
leaf_value=-0.0022535032592238681 0.0090831245476816133 0.00081163114249548801 0.036267170535304823 -0.0073871513940148006 -0.0092642204711897366 -0.028805918987804172 -0.0097973129962339797 -0.026885756027500693 0.030483105874253458 -0.035520782280404208 0.0012176965401332256 0.038990601230411759 0.01848921368612062 0.033593544412777905 -0.017856929690698051 0.024655238554680325 -0.040605726306475104 -0.019394861352164228 0.04524338674400074 -0.026736958478774098 0.018048042714037541 0.024513523322318518 -0.044715323211285296 0.036009069466076515 -0.0096497878511872977 -0.0107276023538985 0.02499234070990854 -0.016897019244448423 0.023158687649300291 -0.023209273288742529 0.027897597069338712 -0.01425821905029561 -0.0249684016392656 -0.0052254494989582541 0.018178587355108442 0.025895617711055481 -0.051482173028751813 -0.035935812010989325 0.013093329655149439 -0.0037211923779903542 0.00039586196754680619 0.01642710546065938 -0.034920986674887571 -0.019660053627936422 -0.026664108471736156
leaf_weight=11.108091782778503 13.655575960874559 25.66855575889349 12.272950384765862 9.2028431985527295 26.851401446387172 14.307581311091779 20.777733456343412 15.843364473432301 17.679594481363896 10.647879939526318 8.1399358119815606 13.871885951608418 22.229721754789345 19.498283553868532 15.144425498321651 27.697427295148373 17.013634042814374 14.824511360377072 17.283370073884726 13.322300104424356 16.693920617923141 15.114672299474476 14.148247660137715 11.074260396882893 16.366726271808147 22.295940399169922 23.783282935619354 18.378038570284843 26.059087924659252 14.976555515080689 17.409461168572307 26.901663315482445 15.910998512059448 18.736175227910284 14.991122007369993 11.309329789131878 9.4155826685018855 11.39208305813372 13.981697330251334 13.86158109270036 9.5411863718181866 16.730814155191183 9.0881584100425226 10.423598043620585 7.8098889943212262
leaf_count=102 83 148 70 70 147 89 113 112 117 107 78 89 142 114 117 149 113 83 119 84 114 96 106 67 132 146 140 109 134 95 100 157 90 150 79 59 152 157 94 98 93 127 99 84 84
internal_value=0 0.0170458 -0.00100148 -0.0063649 0.00304173 0.00179956 -0.0102182 -0.0134818 0.00389967 -0.00509564 -0.000850642 0.00688341 0.000386589 0.0128261 0.00945008 0.0132097 -0.0260542 0.00400471 0.0300674 0.00927791 0.00312073 -0.00886898 -0.0157952 -0.0041922 0.00939481 0.00377807 0.010213 -0.000224287 0.00737821 0.00211406 0.00807291 0.000631765 -0.00663052 0.0160901 0.000762665 0.00694552 -0.0308621 -0.021147 0.00555858 0.0157987 -0.00452099 0.002023 -0.0177344 -0.0352711 -0.0423103
internal_weight=0 56.6075 676.828 231.767 100.072 445.061 65.6303 131.695 379.43 94.3321 83.6842 285.098 136.709 148.39 128.891 113.747 28.1217 122.401 30.9389 99.875 72.1775 105.267 67.8562 43.2844 27.441 37.4106 58.8552 35.072 107.576 81.5174 66.5408 49.1314 57.7535 42.3185 41.8425 30.0455 26.4283 19.532 64.1522 31.5412 32.611 37.5085 18.6293 24.5718 17.2255
internal_count=5008 350 4658 1644 595 3014 455 1049 2559 843 736 1716 800 916 802 685 215 711 202 596 447 743 501 311 199 242 363 223 628 494 399 299 316 279 226 209 306 235 501 215 286 240 192 190 236
is_linear=0
shrinkage=0.05


Tree=107
num_leaves=49
num_cat=0
split_feature=301 30 78 282 299 298 36 47 40 12 295 97 143 102 4 47 100 235 192 8 32 56 282 210 50 51 277 31 112 78 33 115 301 41 138 226 110 54 32 198 72 289 104 284 301 299 33 56
split_gain=3.9924 3.85161 6.66968 6.39175 3.85204 4.42201 3.63998 3.5253 3.45202 3.32509 3.27782 3.27055 5.48015 5.4726 7.17056 3.81529 3.2096 3.83499 5.45151 4.42629 3.73492 4.87198 4.34238 5.40642 4.12728 6.18437 5.39702 3.93799 5.77455 5.51367 3.90137 3.61677 4.35496 4.11384 3.39121 3.2244 3.18239 3.04116 2.86296 2.77757 4.4691 3.80491 2.4573 2.18016 2.15836 2.04223 1.81738 0.907286
threshold=-0.044512272071489854 2.3706293706293713 0.54164999999999719 -2.2499999999999996 0.99790809832964522 0.2678571428571429 2.1201375353655743 3.6200091352831838 1.7500000000000002 0.43750000000000006 0.90000000000000135 5.3958250000000012 56.750000000000007 6.5000000000000009 82.125000000000014 -2.7797032659495318 12.375000000000002 4.5000000000000009 1.0000000180025095e-35 37.500000000000007 1.9220077220077225 17.500000000000004 -1.7499999999999998 9.5000000000000018 0.98912506300682546 29.000000000000004 -1.9375823955857376 0.72782608695652184 115.00000000000001 0.95835000000000303 -1.0880308880308878 225.00000000000003 2.9580887653944265e-19 9.5000000000000018 12.500000000000002 51.500000000000007 96.250000000000014 797.50000000000011 1.336679536679537 1.3333250000000001 81.250000000000014 -0.099822328936730861 5.5000000000000009 1.8786764705882355 -3.1788877360748331e-17 0.14914328070780244 -0.34980694980694976 13.250000000000002
decision_type=2 2 2 2 2 2 2 2 2 2 2 2 2 2 2 2 2 2 2 2 2 2 2 2 2 2 2 2 2 2 2 2 2 2 2 2 2 2 2 2 2 2 2 2 2 2 2 2
left_child=-1 4 3 -3 5 -2 8 9 -4 10 -7 13 15 -12 -15 38 20 -18 -19 -20 22 42 31 24 25 34 27 28 -26 30 -29 32 33 35 -24 -17 45 -5 -13 -38 -41 -42 43 -22 -35 -28 -25 -8
right_child=1 2 6 37 -6 7 47 -9 -10 -11 11 12 -14 14 -16 16 17 18 19 -21 21 -23 23 46 26 -27 36 29 -30 -31 -32 -33 -34 44 -36 -37 39 -39 -40 40 41 -43 -44 -45 -46 -47 -48 -49
leaf_value=0.026932569599168749 -0.027229901683425539 0.031451559173909863 -0.028946550132039874 -0.027430974025240158 0.025059672073160649 0.01960112119749147 -0.02358354500141624 0.022535731519817699 0.0012039326882965391 -0.020769348796954593 0.011089020165020337 0.0017349049138616055 -0.027016638150910745 -0.044823352201588923 -0.0038739423763003442 0.051956059526391207 0.011345927752220463 0.010101797222889225 -0.003480626895569907 -0.039886696630928829 -0.023945223662193801 0.015033785697256838 -0.0086594739041197487 -0.0067423599919471779 -0.032614963421252287 0.012477636211634294 0.017351741439967414 0.012959527500212207 0.0061903809275507737 0.027676116675385595 -0.027535478060877035 -0.0074302750403689617 -0.0045771490775816668 -0.0036881314717148376 -0.041590721244080434 0.018504790019916544 0.038172385287985756 0.0074250082053476003 0.0313817135280142 -0.010492470399435063 0.0078415386653791792 0.040989118046331249 -0.032775422649310139 0.0074426882653945529 0.022828368354444947 -0.0071554206447887545 -0.034811552058893955 -0.05237694563861453
leaf_weight=11.916275653988121 13.94726808555424 13.705604217946528 16.401254707016051 11.625406692735853 14.266905713826416 20.257918260991573 7.9103823136538294 16.314623158425093 20.722777903079987 18.294389074668288 18.727736267261207 14.787635345011948 15.955334838479756 17.21090410836041 26.399792596697807 15.741718064993622 15.835026908665894 13.50759534537792 13.465978134423493 21.89343173801899 9.1604254674166459 13.360084251500664 20.261558724567294 11.71343717724085 19.495192972943187 20.175108410418034 12.668972332030533 10.323237584903838 17.50377768650651 17.880958749912679 11.733298884704707 16.601404312998056 16.603405427187681 14.470889654010534 12.492357661947606 15.658411689102648 16.767132802866399 11.743911479599772 17.466531403362751 12.664104576222597 19.298805041238658 15.634073117747908 16.992594874463975 11.377943285275249 14.782123275101185 21.535765197128057 11.624423138797281 8.6385987270623428
leaf_count=75 96 69 141 102 87 119 67 104 129 155 132 97 84 141 159 86 91 84 73 145 129 138 138 79 116 93 69 73 112 126 107 89 93 80 90 81 108 111 100 85 138 88 148 85 85 144 87 108
internal_value=0 -0.00110571 -0.0107002 0.00553673 0.00023816 -0.000352854 -0.0218121 0.000287788 -0.0125263 -0.000342815 0.000322347 -0.000393732 0.000936734 -0.0111095 -0.0206771 0.00189334 0.000712457 -0.00952683 -0.0163824 -0.0264992 0.00240301 -0.0101173 0.00427038 0.000831914 0.00320562 -0.00892016 0.00689234 -0.00301818 -0.0145768 0.0077845 -0.00884234 0.013388 0.0178994 0.0240266 -0.0220795 0.0363608 0.0145805 -0.0103287 0.0182504 0.0210488 0.0143552 0.0234045 -0.0192283 -0.00701857 0.0100229 0.00215674 -0.0215793 -0.0407419
internal_weight=0 745.6 90.7479 37.0749 654.852 640.585 53.673 626.638 37.124 610.323 592.029 571.771 509.433 62.3384 43.6107 493.477 461.223 64.702 48.867 35.3594 396.521 50.891 345.63 251.772 228.434 52.929 175.505 76.9365 36.999 39.9375 22.0565 93.858 77.2565 60.6531 32.7539 31.4001 98.5689 23.3693 32.2542 64.3641 47.597 34.9329 37.531 20.5384 29.253 34.2047 23.3379 16.549
internal_count=5136 5061 727 282 4334 4247 445 4151 270 4047 3892 3773 3341 432 300 3257 3060 393 302 218 2667 500 2167 1653 1487 321 1166 534 228 306 180 514 425 332 228 167 632 213 197 419 311 226 362 214 165 213 166 175
is_linear=0
shrinkage=0.05


Tree=108
num_leaves=52
num_cat=0
split_feature=102 295 58 57 101 147 114 274 274 114 274 157 194 151 260 279 32 78 195 288 1 2 77 148 277 36 57 10 118 148 114 204 288 187 198 274 233 3 147 187 55 112 283 286 54 274 116 280 275 99 54
split_gain=4.52863 3.93441 4.99348 3.82813 3.56583 4.86758 3.81463 4.91952 6.70329 4.45153 5.94204 5.3662 4.75257 4.46738 4.29767 4.80383 4.25843 6.30473 4.55102 5.53243 4.30402 4.31134 4.23117 4.04166 3.81852 5.41656 4.09538 4.04374 3.78255 3.57244 3.43824 3.35642 3.26469 3.60555 4.61368 3.19931 3.01 2.90326 2.89232 3.9181 2.74121 2.60518 2.5471 2.77121 2.31353 2.15818 1.8236 1.8175 1.75636 1.68432 1.34214
threshold=6.5000000000000009 0.90000000000000135 16.500000000000004 13.250000000000002 15.500000000000002 1.5000000000000002 85.000000000000014 -0.92197748289776071 -1.1109282183024178 195.00000000000003 -2.5287886320697326 14.250000000000002 4.5000000000000009 28.500000000000004 2.6533136768074232 -2.8383904570787122 1.3691119691119693 1.0000000180025095e-35 56.500000000000007 0.14250626876356556 84.500000000000014 86.125000000000014 79.562500000000014 51.500000000000007 -2.2474505671876099 1.3291310381597625 10.500000000000002 0.20833333333333334 1.0000000180025095e-35 47.500000000000007 35.000000000000007 3.5000000000000004 -0.16799356919963607 2.7500000000000004 0.56250000000000011 -1.5804186771528415 18.500000000000004 80.250000000000014 8.5000000000000018 1.2500000000000002 757.50000000000011 95.000000000000014 -0.34057971014492744 0.33137433762493473 812.50000000000011 -1.8252758255473125 95.000000000000014 87.944759676421697 84.417517977531034 7.8750000000000009 782.50000000000011
decision_type=2 2 2 2 2 2 2 2 2 2 2 2 2 2 2 2 2 2 2 2 2 2 2 2 2 2 2 2 2 2 2 2 2 2 2 2 2 2 2 2 2 2 2 2 2 2 2 2 2 2 2
left_child=3 2 -2 -1 6 -6 14 8 9 10 13 12 45 31 15 44 17 -12 19 -18 23 -22 -21 32 25 -17 28 38 -26 -15 -16 -8 -19 34 -34 48 -30 -7 39 -28 -23 -39 -20 -44 -3 -11 -42 -27 -29 -9 -35
right_child=1 4 -4 -5 5 37 7 49 -10 11 16 -13 -14 29 30 24 18 20 42 22 21 40 -24 -25 26 47 27 35 36 -31 -32 -33 33 50 -36 -37 -38 41 -40 -41 46 -43 43 -45 -46 -47 -48 -49 -50 -51 -52
leaf_value=0.0017440296972976142 0.028528869384074756 -0.011895196906693209 -0.0072833177815701707 0.037674969580356064 -0.016187399970742544 0.0316135816626077 0.0088246748949764621 -0.0044929380908783779 0.036335422271274037 -0.02072479196204725 0.023922457790429213 0.0099502930764164763 -0.04335550063364698 -0.0090667525102565271 -0.0057410551139558761 -0.011467441311032124 0.039111038903759381 0.0097135721895810819 0.010836796546671766 -0.014895797461579331 -0.04353834571453738 0.0053073062054979749 0.019715806189265061 0.020386490076893901 -0.043743979242004988 0.032929386255832159 -0.0023024331089778554 -0.039586260141407009 -0.026463647204596558 0.022458662237229782 -0.047654548375437866 0.042694108014212639 -0.021128146774765474 -0.036002148375088118 0.016621379824367729 0.0069019542379140601 0.0074781889051614694 0.021920572247268611 -0.012754051293286951 0.028092730153431823 -0.035376069382883367 -0.0074572303838865957 0.0013983803444935774 -0.034817691017479266 -0.041445723302998387 0.018289769243722179 -0.0086610001880016423 0.0070222600806713123 -0.0097672117255830377 -0.029408285869815445 -0.013306275999813023
leaf_weight=15.869826053269209 23.00665009021759 16.67250306066126 15.806145060807465 13.081005942076443 13.564934588968752 18.872455775737762 13.148318910971286 11.504001921042802 12.157626109197734 6.5897328713908792 14.849896689876912 14.123919436708091 16.806508862413466 22.502315120771527 8.7949626818299311 18.834274297580123 17.137542143464088 20.355954151600592 11.785351548343899 14.6999888359569 13.805799070745705 14.930348630994557 19.274424124509096 14.856118842959402 11.69237110391259 16.265458548441533 20.695830625481904 10.969434008933609 11.976666592061521 13.573883075267075 10.973670836538075 17.52147020213306 14.143588982522497 14.404316429048778 16.390277832746506 10.10010064858943 12.463835703209041 13.197868634015324 13.653222821652887 20.442393682897091 11.362675536423923 15.320030745118855 9.9757694024592656 10.051593169569967 11.474609036929904 5.6661338089033979 15.059071116149424 12.241685235872863 9.8700247071683389 17.125188485719264 14.513774961233137
leaf_count=117 142 116 103 94 80 112 86 99 75 109 87 99 126 156 102 121 113 120 66 107 99 96 131 83 81 106 156 86 75 80 79 106 78 87 96 78 87 74 77 114 86 96 76 84 77 67 102 80 85 106 86
internal_value=0 -0.0011501 0.0141281 0.0186947 -0.00204636 0.00939378 -0.00319284 -0.000281487 0.00128628 -3.56943e-06 0.00207906 -0.0148665 -0.0268569 0.0152014 -0.00850802 -0.00619577 -0.00150531 -0.0061481 0.00767772 0.0167954 -0.00926745 -0.0202376 0.0047424 -0.00273072 -0.00294767 0.00897945 -0.00761646 -0.00158938 -0.0214888 0.00308069 -0.0301817 0.0289112 -0.00723298 -0.0131001 -0.000980075 -0.0157605 -0.00954088 0.0168993 0.0065518 0.0131098 -0.0116141 0.00642062 -0.00703661 -0.0175696 -0.0249506 -0.00266852 -0.0210209 0.0224192 -0.0265572 -0.0198861 -0.0254368
internal_weight=0 715.205 38.8128 28.9508 676.392 60.9553 615.437 398.316 369.686 357.529 314.342 43.1863 29.0624 66.746 217.121 197.352 247.596 164.672 82.9247 51.112 149.822 55.1579 33.9744 94.664 169.205 47.3414 121.864 85.731 36.1329 36.0762 19.7686 30.6698 79.8079 59.452 30.5339 30.9396 24.4405 47.3904 54.7914 41.1382 41.3521 28.5179 31.8127 20.0274 28.1471 12.2559 26.4217 28.5071 20.8395 28.6292 28.9181
internal_count=5044 4833 245 211 4588 362 4226 2706 2501 2426 2025 401 302 428 1520 1339 1597 1020 577 351 933 383 238 550 1146 307 839 596 243 236 181 192 467 347 174 249 162 282 347 270 284 170 226 160 193 176 188 186 171 205 173
is_linear=0
shrinkage=0.05


Tree=109
num_leaves=47
num_cat=0
split_feature=9 291 97 187 33 31 100 30 284 55 106 33 44 273 55 47 8 209 108 33 29 34 41 209 233 233 36 289 90 288 286 34 150 8 156 85 137 100 33 155 157 289 291 88 31 8
split_gain=4.40836 5.38395 4.4248 4.39181 5.04848 4.18301 5.69068 5.14058 4.40562 5.48334 6.22273 5.89671 4.74788 6.98204 4.39751 4.22214 4.12437 3.99084 5.01119 4.00128 3.86198 4.61973 6.12089 4.28663 4.111 3.62195 3.47441 3.31588 3.63326 3.13311 3.01515 2.8864 3.34688 3.88413 4.48081 3.30917 3.28939 3.02939 2.75868 2.51292 4.49048 2.46927 2.23882 1.99524 0.973768 0.146533
threshold=3.2500000000000004 0.89181286549707617 6.9375000000000009 72.750000000000014 -0.15135135135135144 0.32608695652173919 7.8750000000000009 -0.56643356643356613 2.8452380952380958 832.50000000000011 9.5000000000000018 2.528957528957529 37.500000000000007 90.18239656716689 817.50000000000011 -0.39097070757349422 52.500000000000007 1.6250000000000002 3.035699999999999 -2.2308880308880306 -2.3351351351351339 -0.48192348192348183 6.5000000000000009 4.0833250000000012 72.500000000000014 47.500000000000007 0.89712928493674859 0.8511460603353429 69.375000000000014 -0.76141707087277943 0.35471462531156511 -0.102767502767503 41.500000000000007 17.500000000000004 4.5000000000000009 81.500000000000014 13.500000000000002 6.8750000000000009 -1.2868725868725872 21.500000000000004 2.2500000000000004 0.097680735332368748 0.88562091503267981 0.62500000000000011 0.8686956521739132 42.500000000000007
decision_type=2 2 2 2 2 2 2 2 2 2 2 2 2 2 2 2 2 2 2 2 2 2 2 2 2 2 2 2 2 2 2 2 2 2 2 2 2 2 2 2 2 2 2 2 2 2
left_child=3 2 -2 5 -5 6 29 26 9 10 14 12 13 17 20 -10 -12 19 -19 -11 25 22 23 44 41 -7 -8 28 -9 -1 -16 35 33 37 -35 -23 -37 -33 -20 40 -21 -24 -15 -36 -22 -46
right_child=1 -3 -4 4 -6 8 7 27 15 11 16 -13 -14 42 30 -17 -18 18 38 39 21 31 24 -25 -26 -27 -28 -29 -30 -31 -32 32 -34 34 43 36 -38 -39 -40 -41 -42 -43 -44 -45 45 -47
leaf_value=-0.01096128652324968 -0.015600314252980918 0.036111110109466285 0.017483407024584684 -0.0014765280363040439 -0.034141359742296165 0.031077596672577354 0.017878793067017059 -0.044308403228180165 0.0071896754862898621 -0.01953962529793811 0.028664070081265553 0.037280080709982004 0.033856123043715859 -0.004068702679816876 -0.041343327242054126 -0.028804652325004423 -0.002337693469990292 -0.006631835860838803 0.047611634119276269 0.020013383162089129 -0.021088803988464588 0.030636148301191258 -0.024358246219498236 0.00059901862728204064 0.014730773839076096 -0.0024024942787294512 -0.014658435870132875 -0.0041564412375082157 -0.01079264409882735 0.018945114049833109 -0.0041596683344799247 -0.013744375940642418 0.014944118018074921 0.0036120731592433463 -0.01086958176561531 -0.012396833370132712 0.018583787237783627 0.015609514984266598 0.01669669678397533 0.027419239989395324 -0.020736146180747775 -0.0010794111474446597 -0.035634603328875483 -0.040237121255069015 -0.055598284878368209 -0.03135717453172783
leaf_weight=13.116475017741321 17.227036535739899 16.784878117963672 21.721072947606444 27.258873749524355 20.026455972343683 15.692852405831218 14.207818649709226 23.927870815619826 12.466752439737318 16.271328858565539 26.943877276033163 17.706287927925587 13.84610293805599 10.930397253483536 11.114780668169262 20.821031324565411 17.183964427560568 11.800504996441303 13.380304217338564 12.933583286590876 7.4181988928467097 15.136687780730425 19.682148013263941 8.6052706036716682 21.063766098581254 15.394687335938215 16.817415449768305 13.910457342863081 13.162324363365768 22.553221084177494 10.363697608932851 13.177926266565917 20.090595319867134 15.538974139839409 10.139632340520622 16.564555971883237 15.758035430684684 22.294835219159722 18.012400557287037 11.901184171438215 12.132818943820892 25.576946433633566 11.224567770957945 16.296325103379786 8.9907111679203791 6.5590927721932522
leaf_count=84 93 119 146 153 133 84 74 141 79 108 148 115 117 86 95 159 109 81 89 101 52 106 143 71 147 84 94 75 89 138 67 99 128 118 85 119 98 140 130 69 108 159 87 138 128 78
internal_value=0 0.0133102 0.00282602 -0.00118999 -0.0157314 -9.39716e-05 -0.00856925 -0.0157615 0.00182596 0.00303337 -0.000491246 0.0109559 0.00718333 0.00381198 -0.00312282 -0.0155077 0.0168073 0.00964797 0.0207548 0.000420352 -0.00137338 -0.00351399 -0.011848 -0.0296032 -0.00308145 0.0149399 0.000334799 -0.0253716 -0.0330102 0.0079489 -0.0243849 0.00215542 -0.00277418 -0.00750236 -0.0176218 0.0121349 0.00281139 0.00462686 0.0309364 0.00948901 0.000250671 -0.0115106 -0.0209095 -0.0297798 -0.0404718 -0.0478857
internal_weight=0 55.733 38.9481 687.996 47.2853 640.71 117.696 82.0259 523.015 489.727 339.588 150.139 132.433 118.587 295.46 33.2878 44.1278 96.4321 43.1932 53.2389 273.981 242.894 97.8961 31.5733 66.3229 31.0875 31.0252 51.0007 37.0902 35.6697 21.4785 144.998 97.5383 77.4477 41.9749 47.4593 32.3226 35.4728 31.3927 36.9676 25.0664 45.2591 22.155 26.436 22.968 15.5498
internal_count=5064 358 239 4706 286 4420 695 473 3725 3487 2396 1091 976 859 2139 238 257 686 300 386 1977 1809 778 329 449 168 168 305 230 222 162 1031 708 580 341 323 217 239 219 278 209 302 173 223 258 206
is_linear=0
shrinkage=0.05


Tree=110
num_leaves=48
num_cat=0
split_feature=102 282 9 100 47 88 143 57 29 109 220 30 31 55 107 286 283 12 30 148 137 117 28 39 293 79 86 227 3 80 54 282 289 91 55 50 146 77 285 190 283 143 144 273 89 278 278
split_gain=3.95951 4.34348 3.57443 7.50899 4.13376 5.21931 5.44488 4.92199 4.21212 4.65238 4.96146 5.04123 3.781 3.50568 5.24261 4.00175 3.69009 4.94723 5.6721 3.4717 4.79661 4.3137 5.4508 4.57864 4.95221 4.41495 4.06888 3.85879 3.74085 3.70416 3.7031 3.66341 3.58277 3.33425 3.06669 3.01479 2.83771 2.61713 3.42121 2.47785 2.11531 2.10868 3.18266 1.97217 1.96276 1.89932 1.98489
threshold=6.5000000000000009 1.7500000000000002 3.2500000000000004 7.3750000000000009 -0.072303018534988425 1.5625000000000002 5.7500000000000009 14.750000000000002 -4.6285714285714272 180.62500000000003 8.5000000000000018 1.0000000180025095e-35 1.9330434782608699 912.50000000000011 116.87500000000001 0.95220071374184378 0.17519181585677754 0.22916666666666671 0.083916083916083892 54.500000000000007 28.500000000000004 7.5625000000000009 1.0000000180025095e-35 0.89898989898989912 -0.57499999999999962 76.875000000000014 77.500000000000014 9.5000000000000018 86.125000000000014 85.125000000000014 807.50000000000011 -1.2499999999999998 -0.73865259438682551 66.500000000000014 952.50000000000011 0.28295605858854866 10.333350000000001 73.687500000000014 16.656250000000004 4.3750000000000009 -0.10172413793103448 24.250000000000004 2.5000000000000004 87.808484425404032 68.625000000000014 82.938639380102913 86.785828992903618
decision_type=2 2 2 2 2 2 2 2 2 2 2 2 2 2 2 2 2 2 2 2 2 2 2 2 2 2 2 2 2 2 2 2 2 2 2 2 2 2 2 2 2 2 2 2 2 2 2
left_child=36 2 4 -4 8 7 -7 43 -2 13 11 -11 39 15 34 16 17 19 -19 20 21 22 27 24 25 -23 40 -10 -28 -30 -31 -29 -22 -24 -15 -3 -1 38 -37 -13 -27 42 -20 44 -6 -39 -47
right_child=1 35 3 -5 5 6 -8 -9 9 10 -12 12 -14 14 -16 -17 -18 18 41 -21 32 23 33 -25 -26 26 28 31 29 30 -32 -33 -34 -35 -36 37 -38 45 -40 -41 -42 -43 -44 -45 -46 46 -48
leaf_value=0.031471456130959731 -0.026938177678988706 0.010476163879378473 -0.0063298687519051447 0.035189798689130573 -0.021517324499819003 -0.01392658260951567 0.026266450760896939 0.00050911532829520437 0.030691625067015511 0.023610075864399852 -0.036035631793594265 -0.0069263630769066794 0.010042806966886713 -0.041498616191027834 0.014408535128729605 -0.017499412206669677 0.03140486082381385 0.0099453276386424518 -0.0058600483876360861 0.029215968756830024 -0.029153824837654219 0.0012550650961697177 0.0046048230926044537 -0.0081495296615169115 -0.010728900709413611 0.055090665743522942 -0.0053429892910696547 0.015971865206450647 0.040235406190461231 -0.0035479070367097267 0.029972610597709011 -0.011224456903436838 0.0047104827124059435 -0.025069020433906766 -0.0054182282670698911 0.023260668059069602 0.00021800459866525075 -0.041685954173212095 -0.025074578220839694 -0.035419144174135386 0.024897401958056453 -0.0014470240397898874 -0.044036556374175875 -0.010936434820375634 -0.04810114674547239 -0.0022319578144045474 -0.031081792930811952
leaf_weight=14.716076079756023 12.799803651869295 9.2717883978039008 22.573071487247944 19.589935770258307 18.750261815264821 16.137404428794984 15.66211161855608 23.779740463010967 14.716929705813525 12.082116281613706 14.257541517727075 16.178485653363172 13.341218152083455 12.232820110395553 11.930970803834496 18.769296750426292 12.396549652330576 22.461752800270915 9.086411742493512 15.887689858675001 15.131186638027431 24.84266360476613 14.495450011454521 20.84139621630311 14.036587591283022 13.517583768814804 13.616209981963037 23.156872978433963 19.836277484893799 16.950094262138013 14.694032320752738 24.428011352196339 14.676433151587842 24.886916378512979 11.231928255409001 6.5796272438019496 13.529361659660934 12.66201990097761 6.0810681241564453 14.552327444776891 14.770737418904899 9.0107273329049331 14.119821073487399 14.577257100492714 14.014298424124716 12.092534942552449 11.089723222889004
leaf_count=122 67 43 134 159 116 103 93 151 90 70 121 141 133 93 81 111 108 138 66 81 89 147 89 125 113 80 89 131 104 116 93 151 87 146 79 62 87 99 129 109 92 85 158 94 94 92 81
internal_value=0 -0.00175368 -0.000575802 0.0133295 -0.00156063 -0.010642 0.00606683 -0.0180934 0.00030781 0.00106963 -0.0107371 -0.00379568 -0.011666 0.00306163 -0.0117899 0.00444926 0.0056145 0.00462867 -0.00908934 0.00714678 0.00581678 0.0080445 5.0514e-05 0.0133189 0.0167375 0.0200611 0.0249976 0.00920657 0.0176555 0.0237243 0.0124588 0.00206679 -0.0128683 -0.0143034 -0.0251553 -0.0147702 0.0170206 -0.0197102 -9.13279e-05 -0.0211099 0.0407136 -0.0222602 -0.0299481 -0.0272546 -0.0339758 -0.0264493 -0.0167475
internal_weight=0 707.798 650.021 42.163 607.858 102.921 31.7995 71.1216 504.937 492.137 70.4117 56.1541 44.072 421.725 35.3957 386.33 367.56 355.164 54.6787 300.485 284.597 254.79 101.684 153.106 132.264 118.228 93.3849 62.3018 65.0966 51.4804 31.6441 47.5849 29.8076 39.3824 23.4647 57.7768 28.2454 48.505 12.6607 30.7308 28.2883 32.217 23.2062 47.3418 32.7646 35.8443 23.1823
internal_count=5042 4833 4327 293 4034 651 196 455 3383 3316 574 453 383 2742 253 2489 2378 2270 447 1823 1742 1566 607 959 834 721 574 372 402 313 209 282 176 235 172 506 209 463 191 250 172 309 224 304 210 272 173
is_linear=0
shrinkage=0.05


Tree=111
num_leaves=51
num_cat=0
split_feature=74 31 291 32 54 75 156 16 232 57 284 203 87 77 74 101 154 31 16 154 28 233 280 36 74 31 210 148 97 33 202 36 77 73 299 282 281 297 285 286 31 7 76 29 283 78 288 78 286 260
split_gain=3.47883 5.11531 8.29489 5.89622 5.79333 4.92162 6.64451 4.68756 4.23257 5.59412 4.56509 7.48073 5.11696 3.97393 3.84734 4.18514 6.13797 3.96629 4.61617 4.45922 6.85005 4.36466 5.73311 4.8141 4.20878 3.46989 3.37226 3.36339 5.00592 7.04567 4.26846 3.57581 3.16619 6.28234 5.4192 3.14948 3.14352 2.98206 4.34172 2.91917 2.55507 2.41614 2.26273 2.15883 2.06859 1.97054 1.56153 1.38763 1.18352 0.714534
threshold=5.7500000000000009 1.9330434782608699 0.86811594202898557 2.2540540540540546 632.50000000000011 2.5000000000000004 6.5000000000000009 0.37500000000000006 2.7500000000000004 13.250000000000002 1.5894736842105266 1.2500000000000002 69.687500000000014 72.562500000000014 8.7500000000000018 7.5000000000000009 37.250000000000007 0.32608695652173919 0.12500000000000003 4.2500000000000009 -1.0000000180025095e-35 6.5000000000000009 86.942693620846669 1.1004978106279562 6.7500000000000009 1.0565217391304349 5.5000000000000009 42.500000000000007 9.2812500000000018 -0.20772200772200819 6.5000000000000009 1.0565499099442159 83.937500000000014 77.750000000000014 0.14738756149153082 -2.2499999999999996 90.466252802599797 7.2500000000000009 9.0625000000000018 0.16516107081489231 2.0932628230172465 10.500000000000002 1.5000000000000002 0.34285714285714292 -0.20416666666666664 0.76785000000000292 0.15951094710994371 0.95835000000000303 0.36180673645245481 3.0794523076712417
decision_type=2 2 2 2 2 2 2 2 2 2 2 2 2 2 2 2 2 2 2 2 2 2 2 2 2 2 2 2 2 2 2 2 2 2 2 2 2 2 2 2 2 2 2 2 2 2 2 2 2 2
left_child=8 4 45 40 -2 7 -7 14 9 -1 11 12 -10 -5 15 16 43 18 26 39 46 -22 24 -24 -23 -25 48 28 35 41 -29 -32 33 34 -9 -12 -27 38 -33 -19 -4 -30 -16 -6 -37 -3 -21 -15 -17 -36
right_child=1 2 3 13 5 6 -8 32 10 -11 27 -13 -14 47 42 17 -18 19 -20 20 21 22 23 25 -26 36 -28 30 29 -31 31 37 -34 -35 49 44 -38 -39 -40 -41 -42 -43 -44 -45 -46 -47 -48 -49 -50 -51
leaf_value=0.038885183566375582 -0.028041764883631311 0.061259312060126608 0.036675173971767248 0.01796496799185433 -0.0082500598236125676 -0.011382338859659729 0.032176907275126669 0.0088129890512866123 -0.0067982976828849257 -0.007793155529136943 -0.0095320425049923371 -0.022522368067650428 0.030985994903246383 -0.011079799786027659 -0.028192077143252222 0.024223938666750443 0.012899424794606271 0.038258390976215251 -0.024402117595397649 0.034441248651311172 -0.025303859118639679 0.034338861170354028 -0.030018147491681441 0.014213806103439981 0.00084271900469291914 -0.026063134139409805 -0.014663270850018782 -0.026100857670332857 -0.034535421154598442 0.013064980927351082 0.024280395930731898 -0.011538438738887659 -0.040309571505800459 0.024300511951844378 -0.046566403950725643 -0.05784385045400197 0.0057426012279748239 -0.022182610428998061 0.023680727220539044 0.0088148378809883698 0.0056692340455328713 -0.0068683378724972727 0.0011265367660340069 -0.035349383272668101 -0.025241863422254235 0.023081000841129885 0.013136910824968741 -0.040332742553715585 0.0038245322901712384 -0.022314028930932595
leaf_weight=11.089193264022471 16.560117630288005 8.2283052410930413 11.794905735179784 6.5525056524202254 14.104207439348103 12.371314460411666 25.829410329461098 10.100626276805999 13.551728712394832 13.100815209560094 11.377594195306299 15.883975541219113 23.782716307789087 9.6558120623230952 15.280696496367456 13.602053286507727 17.583825629204512 18.693965587764978 19.848925551399589 18.148266673088074 14.098036990500985 19.637310667894781 14.117050210013984 27.490394115447998 17.283181497827172 14.326827354729177 14.647400468587874 15.66877059265971 18.017603479325771 22.378465868532658 13.391416121274231 18.746669959276915 8.9178427094593626 9.9734744951128942 8.7224988890811819 11.31134709343314 15.157140066847203 14.559951439499853 14.759519672021268 16.040756093338132 14.73794832266867 14.527425538748501 10.921110166236756 16.354700969532132 12.699268195778133 8.40529967099428 19.275488886982203 7.6520051378756753 14.731181241571901 9.6757763521745783
leaf_count=78 121 74 84 115 79 88 158 83 85 97 66 114 144 102 123 81 97 100 124 102 88 105 98 155 99 89 82 99 104 136 71 113 154 89 86 77 102 93 86 101 103 91 76 110 110 92 108 84 86 82
internal_value=0 0.00209315 0.0148403 0.00441955 9.25607e-05 0.00127445 0.0181397 -0.000469954 -0.00516757 0.0142993 -0.00735656 0.00532518 0.0174514 -0.0133282 0.00164829 0.00324477 -0.0101619 0.00577968 -0.00508097 0.00930022 0.00568334 -0.00010949 0.00338091 -0.00493138 0.0190944 0.00169516 0.0041937 -0.011395 -0.0178937 -0.00818957 -0.00365369 0.00239555 -0.0150083 -0.00827086 -0.0201069 -0.0323158 -0.0100604 -0.00407224 0.00421232 0.0252883 0.020284 -0.0227583 -0.0163797 -0.023462 -0.0422993 0.04437 0.0240957 -0.0255095 0.0141097 -0.0356197
internal_weight=0 500.52 67.0268 50.3932 433.494 416.933 38.2007 378.733 244.846 24.19 220.656 53.2184 37.3344 23.8603 331.343 305.141 48.0427 257.098 62.8296 194.268 159.534 122.11 108.012 71.0914 36.9205 56.9744 42.9806 167.438 90.3117 54.9235 77.1263 61.4576 47.3902 38.4724 28.4989 35.3882 29.484 48.0661 33.5062 34.7347 26.5329 32.545 26.2018 30.4589 24.0106 16.6336 37.4238 17.3078 28.3332 18.3983
internal_count=5084 3520 654 488 2866 2745 246 2499 1564 175 1389 343 229 301 2005 1806 286 1520 373 1147 946 736 648 444 204 346 249 1046 584 331 462 363 494 340 251 253 191 292 199 201 187 195 199 189 187 166 210 186 167 168
is_linear=0
shrinkage=0.05


Tree=112
num_leaves=50
num_cat=0
split_feature=51 283 51 121 301 88 299 286 172 195 48 108 274 47 30 10 249 66 30 274 116 188 41 146 155 116 287 215 289 273 279 21 154 58 124 259 99 277 30 269 60 187 301 98 75 198 29 33 8
split_gain=4.26381 5.67568 5.3375 5.2506 4.74489 3.99197 3.4786 4.65713 3.60121 3.6927 3.6611 4.43383 5.18501 4.1393 5.20186 5.82397 5.89976 5.15464 4.42744 4.05499 5.24645 5.8904 3.83473 3.59157 3.77844 3.49299 3.33062 3.29928 2.96901 5.81476 3.31981 3.25954 3.60438 3.09861 3.8325 2.93052 3.62509 2.89386 2.74068 2.73568 2.83515 2.63434 2.50786 3.98109 2.28867 2.08353 1.5286 1.05008 0.752893
threshold=9.5000000000000018 0.14642857142857144 242.50000000000003 6.5000000000000009 0.023066361489553822 2.6250000000000004 0.99623398337217672 0.97303168749962443 1.5000000000000002 82.500000000000014 2.4672693692861762 26.250000000000004 -2.331490277440492 0.12906547946116834 -0.41806791339501609 0.37500000000000006 0.37500000000000006 1.5000000000000002 -0.041958041958041897 -1.91583763719155 65.000000000000014 1.5000000000000002 7.5000000000000009 3.2500000000000004 47.500000000000007 85.000000000000014 2.2389692867594349e-17 1.5000000000000002 0.1318557721318592 91.127374857415461 -2.368895974405524 7.5000000000000009 34.750000000000007 14.500000000000002 6.5000000000000009 -9.6284429417256074 6.8750000000000009 -1.7993270039681211 -1.1118881118881117 0.336231744597914 82.500000000000014 56.750000000000007 1.3942826462821665e-07 0.62500000000000011 1.0000000180025095e-35 2.8750000000000004 -0.34285714285714292 -1.8934362934362936 52.500000000000007
decision_type=2 2 2 2 2 2 2 2 2 2 2 2 2 2 2 2 2 2 2 2 2 2 2 2 2 2 2 2 2 2 2 2 2 2 2 2 2 2 2 2 2 2 2 2 2 2 2 2 2
left_child=1 4 -2 -3 6 42 7 8 10 41 11 13 -13 14 22 16 -16 44 -18 39 -21 -22 -1 -15 -25 -14 -6 38 29 31 -31 35 -33 34 -30 -20 -37 -36 -24 40 -12 -10 46 -44 -17 -35 -5 -28 -46
right_child=2 3 -4 5 26 -7 -8 -9 9 -11 19 12 25 23 15 17 18 -19 28 20 21 -23 27 24 -26 -27 47 -29 33 30 -32 32 -34 45 37 36 -38 -39 -40 -41 -42 -43 43 -45 48 -47 -48 -49 -50
leaf_value=0.034241492601812973 0.031708100566405564 0.010078779199090246 -0.0019473172852626697 -0.019672107642536536 0.00066861522409084528 0.011378950227745615 0.02145887743601424 -0.02329838715009263 0.0083595317106807867 -0.0029028901613971005 0.041837483048983465 0.0048422564513809635 -0.043440121190923137 -0.035500490473940521 -0.027560152593040722 -0.0071307398307393259 -0.019745802545535925 0.010595909124548756 0.0031493997360901279 -0.02635605678174004 0.027342727040021626 -0.0099242927528151535 0.031758538441538482 0.01389039908695934 -0.022549012376846533 -0.0069736270968485271 -0.01589336223167543 -0.010572351398850859 0.025646017142733509 0.0045868036351098219 0.035965195306196969 -0.0067531149690932841 0.026752075304035883 0.039767781074762511 0.010176511509142132 0.0004790450800837898 -0.030623245918919718 -0.019944642251830146 0.00088677273228521128 0.0028090144766735161 0.011383051576261379 0.038848599020935827 0.013493339009414624 -0.03562244138758848 -0.051890862677450647 0.012446648841907845 -0.048411146544136946 -0.046306342821167697 -0.026507013074929399
leaf_weight=16.976484254002571 21.992302685976028 14.627624121494589 23.935979090631008 9.3253791425377113 11.042409782763572 6.4607234494760624 19.570901803672314 18.802426544949412 13.720642723143103 18.777738969773054 15.702318150550129 17.246577684767544 16.671448038890961 13.196449495851992 15.07340085506439 8.3117132931947726 17.297585047781467 10.051071370020507 20.97833976149559 13.938186338171361 19.509621625766158 21.154805574566126 14.014114089310171 13.511439621448519 13.003395242616532 11.156826581805943 6.2649803450331083 16.624926391988993 14.312585834413765 19.248688507825136 14.485556524246929 17.955951645970348 13.079546913504599 13.836974781006576 15.073564006015657 14.408119112253187 25.624130804091692 14.928461020812394 13.907357476651667 17.911624796688557 15.985785007476805 15.351850183680652 7.3005839893594366 7.4264411148615181 8.1558756325393933 15.728247601538895 15.772796395234765 8.3741544345393759 11.069156117737291
leaf_count=96 113 92 109 76 157 101 121 114 81 101 92 120 150 80 97 78 101 91 110 82 112 123 79 85 78 74 62 98 82 113 85 148 86 79 92 79 155 85 82 106 96 88 94 113 90 89 209 125 112
internal_value=0 -0.0010721 0.0145005 -0.0155197 0.000342628 -0.0236515 0.00124868 0.000539252 0.00136793 0.0143478 0.000148592 -0.00195484 -0.0165833 -0.000137028 0.00170776 -0.00130084 0.00168345 -0.0192892 0.00383231 0.0084833 -0.000949478 0.00818248 0.0147026 -0.0151843 -0.00415024 -0.0295691 -0.0202948 0.00666812 0.00596323 0.00126002 0.0187083 -0.00526698 0.00776156 0.0138467 0.00526524 -0.0119128 -0.0196903 -0.00497112 0.016944 0.018681 0.0272923 0.0252159 -0.029474 -0.0119646 -0.0301864 0.0261161 -0.0388959 -0.0351393 -0.0393089
internal_weight=0 692.949 45.9283 60.9135 632.035 46.2859 606.354 586.783 567.981 47.8502 520.13 415.928 45.0749 370.853 331.142 269.619 232.031 37.5878 216.958 104.202 54.6026 40.6644 61.5229 39.7113 26.5148 27.8283 25.6815 44.5464 199.66 125.78 33.7342 92.0461 31.0355 73.8798 44.3146 61.0106 40.0322 30.002 27.9215 49.5997 31.6881 29.0725 39.8252 14.727 27.5367 29.5652 25.0982 14.6391 19.225
internal_count=5081 4859 222 685 4174 593 3830 3709 3595 270 3325 2714 344 2370 2127 1772 1401 371 1304 611 317 235 355 243 163 224 344 259 1203 776 198 578 234 427 259 344 234 177 161 294 188 169 492 207 280 168 285 187 202
is_linear=0
shrinkage=0.05


Tree=113
num_leaves=51
num_cat=0
split_feature=154 31 33 285 31 279 40 291 287 9 46 284 283 284 33 209 48 193 199 126 47 66 259 299 198 14 34 31 226 289 32 147 31 36 277 272 48 126 155 272 260 147 288 41 100 54 275 31 285 236
split_gain=4.65618 4.21001 5.72388 4.47753 4.59167 4.02596 5.32283 4.21907 3.9442 6.58178 4.64484 6.83969 4.28081 4.83579 5.44817 5.132 6.43088 5.53781 8.09741 5.20979 5.03817 4.8998 4.83661 4.58597 4.48025 4.02499 3.84647 3.2029 3.39151 3.41289 6.91369 5.5297 3.49343 2.99022 4.22445 3.05172 2.85111 2.69431 2.54085 2.45195 2.44383 2.40906 2.36414 2.86561 2.17226 2.09981 1.84019 1.52987 1.51413 0.597873
threshold=82.250000000000014 -0.29110892954795509 5.6128466128466128 7.1875000000000009 0.044850357723460722 -2.7614802667583627 1.7500000000000002 0.73508771929824568 2.0058712045916103e-07 2.7500000000000004 162.50000000000003 0.89444444444444449 0.96875000000000011 1.5419580419580423 -3.3992277992277988 6.7500000000000009 3.9414437175727501 14.250000000000002 14.500000000000002 6.5000000000000009 -0.26389347133089552 1.5000000000000002 -3.2630013307399786 0.16004485213140116 22.125000000000004 0.15277777777777782 -0.50690729316573879 0.67565217391304355 77.500000000000014 -0.82413948779581736 1.3212355212355216 16.500000000000004 1.5556914851796526 1.3747346994256906 -1.986383236536218 -1.5855687709566346 2.3133873672283465 6.5000000000000009 14.500000000000002 -2.0384726021185791 0.61668041905968296 2.5000000000000004 0.92602006027323147 9.5000000000000018 7.8750000000000009 767.50000000000011 83.548344417445961 1.9486956521739132 14.812500000000002 13.500000000000002
decision_type=2 2 2 2 2 2 2 2 2 2 2 2 2 2 2 2 2 2 2 2 2 2 2 2 2 2 2 2 2 2 2 2 2 2 2 2 2 2 2 2 2 2 2 2 2 2 2 2 2 2
left_child=1 5 3 -3 40 -1 -7 -8 9 10 -6 -12 13 14 -10 16 17 18 20 -17 36 22 25 -23 -19 33 49 46 29 30 -29 32 37 34 -16 -36 -15 -31 42 -28 -5 -27 43 48 -41 -25 -26 -34 -22 -13
right_child=-2 2 -4 4 8 6 7 -9 12 -11 11 26 -14 15 21 19 -18 24 -20 -21 38 23 -24 45 27 41 39 28 -30 31 -32 -33 47 -35 35 -37 -38 -39 -40 44 -42 -43 -44 -45 -46 -47 -48 -49 -50 -51
leaf_value=0.030164931838660682 0.030374265544203912 -0.023307346420684879 0.029691909958378566 -0.0015646834640776802 0.014700619398802557 0.023127856897192198 -0.027294310078867963 0.0056207793648262536 0.036069015536912157 0.026958571881275369 0.014873268674684602 -0.052419692862874082 -0.026010137286065334 -0.0092310187392849932 -0.024018739940703242 0.032951685997444871 0.01958580718486223 0.020255738854896101 -0.042753082538432331 -0.005489427820661091 -0.020425313771550553 -0.0050220145293670615 0.027471519894979524 0.046398829492588674 -0.002994972266848612 -0.046117032242814514 0.0014569514758195814 -0.044166138041156669 0.024503691775369579 0.022317221134192655 0.0022058564900589487 0.027712738269242011 -0.032593397746108643 0.01512307232029695 0.023014114536424605 -0.010252224749805397 0.021010119982043041 -0.0059538556145716272 -0.0019173220908839429 -0.0475628876093196 -0.029027480912565368 -0.0061436111582496254 -0.0010935649938879606 -0.0055902870097655844 -0.0074025037908859491 0.016452410734537657 -0.027830615127231492 -0.0063907710720110021 -0.048920265398956747 -0.027262984356227607
leaf_weight=18.015238147228956 11.202011048793791 24.503945581614971 12.873461650684474 12.677588470280169 9.1696614688262326 21.562852665781975 14.897817927412687 24.431717187166214 15.628495281562207 8.8234059456735832 9.5663117356598359 14.215961312875146 13.539355473592876 12.576654862612488 19.392833987250917 19.244469434022903 26.021150073036551 22.230293902568519 19.662353560328484 15.169262625277041 10.320300403982403 11.764985594898461 12.297123135067521 12.423965016379954 13.066670693457128 7.3879554718732816 11.356182424351568 12.05013709515333 12.033158551901577 13.715407896786926 20.695393852889538 16.924879863858223 10.00640211068094 21.870848292484879 12.578635955229396 13.145986769348395 17.733245773240924 18.982108568772674 22.355045098811388 6.767152090556932 22.037628818303347 7.4895035419613123 9.994964784011243 10.010392780415712 6.7140586981549859 13.439415491186081 17.246401662006974 12.535808736458419 13.532411350868641 7.531168387271463
leaf_count=103 69 140 79 79 69 122 93 154 95 53 75 155 70 90 133 107 149 145 126 98 75 94 96 83 72 74 116 83 67 83 136 100 69 145 79 81 105 124 143 98 129 93 80 66 65 92 108 120 136 93
internal_value=0 -0.000768301 -0.00209043 -0.00277459 -0.00192126 0.0100672 0.00372997 -0.00721491 -0.000850468 -0.0115412 -0.0170698 -0.0224244 0.000732382 0.00151715 0.00906844 -0.00171609 -0.00375446 -0.00594138 -0.0142989 0.0163307 -0.00812365 0.00561906 -0.000527011 0.0206147 -0.000161914 -0.00501346 -0.0302353 -0.00336006 0.000439083 -0.00252642 -0.0156618 0.00356653 -0.00419283 0.000346233 -0.00698949 0.0062666 0.00856794 0.00621519 -0.0157782 -0.0158115 -0.019323 -0.0276482 -0.0226431 -0.0287898 -0.0294541 0.0320295 -0.0175626 -0.0189124 -0.0379093 -0.0452893
internal_weight=0 732.21 653.303 640.429 615.925 78.9076 60.8924 39.3295 581.21 74.1439 65.3205 56.1508 507.066 493.527 147.42 346.107 311.693 285.672 116.185 34.4137 96.523 131.791 94.1629 37.6284 169.487 81.8658 46.5845 147.256 116.943 104.91 32.7455 72.1646 55.2397 66.9883 45.1175 25.7246 30.3099 32.6975 66.2131 24.8374 34.7152 14.8775 43.8581 33.8631 13.4812 25.8634 30.3131 22.5422 23.8527 21.7471
internal_count=5109 5040 4568 4489 4349 472 369 247 4141 724 671 602 3417 3347 1065 2282 2077 1928 821 205 695 970 701 269 1107 605 527 962 782 715 219 496 396 438 293 160 195 207 500 279 208 167 357 277 163 175 180 189 211 248
is_linear=0
shrinkage=0.05


Tree=114
num_leaves=48
num_cat=0
split_feature=57 283 66 298 288 58 51 286 33 287 119 111 259 182 198 198 234 118 201 287 8 110 87 273 284 279 112 289 274 284 32 287 100 58 146 30 107 274 119 43 90 147 75 144 89 34 58
split_gain=3.19442 5.68603 5.44001 5.20779 4.66101 4.55206 4.09067 4.23855 5.84524 6.18443 5.4787 5.10604 4.86293 4.8435 6.55665 8.06994 5.72762 4.10249 4.09935 4.71475 4.40243 6.60003 3.82349 4.5302 4.94346 4.21128 4.87077 4.08121 5.36924 3.71008 3.69088 3.85269 3.60324 3.48658 3.44383 3.33557 4.20012 3.28498 3.22459 3.21518 3.13857 3.03743 2.98424 3.48365 2.55698 2.33261 0.0199908
threshold=10.500000000000002 0.3585714285714286 1.0000000180025095e-35 1.6833333333333351 -0.99630266176052629 10.500000000000002 7.5000000000000009 0.41927310776564108 1.2007722007722013 0.99999999999999933 6.8750000000000009 215.00000000000003 -3.8026293309401393 28.500000000000004 27.375000000000004 36.875000000000007 12.500000000000002 0.62500000000000011 49.750000000000007 0.099725100768257385 67.500000000000014 113.75000000000001 73.437500000000014 85.760026342945153 1.5419580419580423 -1.4827292432879049 135.00000000000003 0.78724360164103002 -2.1685321893764438 1.8619047619047622 0.891891891891892 0.99999999999998224 7.1250000000000009 19.500000000000004 6.5000000000000009 -0.48251748251748222 93.125000000000028 -1.6437459067558662 7.1250000000000009 1.0000000180025095e-35 63.125000000000007 6.5000000000000009 1.0000000180025095e-35 26.500000000000004 61.875000000000007 -0.44887004887004878 15.500000000000002
decision_type=2 2 2 2 2 2 2 2 2 2 2 2 2 2 2 2 2 2 2 2 2 2 2 2 2 2 2 2 2 2 2 2 2 2 2 2 2 2 2 2 2 2 2 2 2 2 2
left_child=1 2 3 34 -2 30 7 18 11 10 -10 12 13 16 -15 -16 -9 39 19 32 22 35 23 25 -25 26 27 28 -21 -26 -4 -32 46 -12 -1 -22 -37 42 -8 -13 -34 -20 -7 -44 -27 -39 -6
right_child=4 -3 5 -5 6 37 38 8 9 -11 33 17 -14 14 15 -17 -18 -19 41 20 21 -23 -24 24 29 44 -28 -29 -30 -31 31 -33 40 -35 -36 36 -38 45 -40 -41 -42 -43 43 -45 -46 -47 -48
leaf_value=0.01346164232834865 -0.025406943597417915 -0.035405230806943751 -0.0012670766448518837 -0.037428118252780425 -0.049488182781043784 -0.018990609068614224 0.0032041033591285943 0.0083604102471706316 0.022860509175858964 -0.031255100388828963 -0.027325925900407541 -0.031135690692101283 0.036625056742315601 -0.025716647111703912 0.034621205340941867 -0.0081449501227664391 0.048174788646118627 0.015661381483142514 -0.031596602778796383 0.0009114329469850764 -0.04116067095949421 0.016344409778650267 0.027700320505517267 0.012083032939167454 -0.03213634639018257 0.010211796238364651 -0.023692258518000602 -0.010444394526997157 0.043505176633830078 0.0017934812406821779 0.0074335825142965786 0.043634498617557298 0.016918326978513528 0.0079033978458697956 -0.021801446929606873 0.0069953788883535331 -0.031515494284271979 -0.0046865497701197691 0.033912706499428659 0.0037849675293935739 -0.021585109701861047 0.0023015540562177582 0.02177027582128192 -0.0075073984167839409 0.037284661223345457 -0.035805174403439971 -0.026888805820318152
leaf_weight=13.933632698841395 13.978062520734964 13.612715745344756 23.929084924980998 18.366433693096042 4.8944479720667022 12.264150802977381 16.468097057193518 21.638600440695882 19.736330945044756 16.592268940061331 14.159148225560786 13.626893334090711 24.531562818214297 14.309494296088813 20.054506001994014 22.531481385231018 15.180949619039891 16.663705941289663 18.394525117706511 16.083954485133287 12.432746455073355 16.288702636957169 17.682746153324842 18.621604850515723 20.513528842478991 19.457548764534295 13.389097559265791 15.651521877385674 12.771235018037265 12.718745501711963 15.924693252891302 13.4977593626827 8.3202493842691201 12.426468748599289 11.933113716542719 15.416910137981178 11.656207159161566 12.323046311736109 17.307801306247711 11.643658136948941 11.343567800708113 9.828738169744609 21.034375139512122 18.130008842796087 16.543319182470441 11.466062949970363 5.5611628950573504
leaf_count=93 105 90 150 136 80 87 83 139 124 106 100 99 141 89 122 135 91 112 153 109 78 104 116 138 138 148 107 105 84 76 117 84 128 85 80 103 91 84 79 73 95 79 144 110 97 80 90
internal_value=0 -0.00544739 -0.0028973 -0.0178139 0.00211219 0.00233251 0.00287805 0.00172264 0.00683899 -0.00600693 0.0035062 0.0118905 0.0171698 0.0117441 0.00247965 0.0123267 0.0256159 -0.00304942 -0.00239938 -0.000321624 0.00225387 -0.00976064 0.00638992 0.00363336 -0.00812946 0.0101465 0.00169563 0.00968595 0.0205891 -0.0194776 0.0133727 0.0249294 -0.0185377 -0.0111697 -0.00301225 -0.0206618 -0.0101173 -0.00557096 0.0194628 -0.015514 -0.00526303 -0.0201168 0.00160568 0.00836756 0.0233239 -0.0205247 -0.0408645
internal_weight=0 186.415 172.802 44.2332 548.42 128.569 534.442 500.666 223.095 62.9142 46.3219 160.181 118.247 93.715 56.8955 42.586 36.8196 41.9343 277.571 249.347 219.228 55.7946 163.433 145.751 51.8539 93.8967 57.8958 44.5067 28.8552 33.2323 53.3515 29.4225 30.1194 26.5856 25.8667 39.5059 27.0731 75.2176 33.7759 25.2706 19.6638 28.2233 51.4285 39.1644 36.0009 23.7891 10.4556
internal_count=5057 1255 1165 309 3802 856 3697 3535 1416 415 309 1001 717 576 346 257 230 284 2119 1887 1494 376 1118 1002 352 650 405 298 193 214 351 201 393 185 173 272 194 505 162 172 223 232 341 254 245 164 170
is_linear=0
shrinkage=0.05


Tree=115
num_leaves=50
num_cat=0
split_feature=301 301 101 149 259 149 41 297 101 48 49 28 209 119 149 275 80 279 202 101 0 89 260 279 33 100 8 148 234 272 226 198 203 172 92 290 89 282 29 288 55 119 283 283 90 146 101 138 108
split_gain=3.73021 3.85359 3.7046 7.59851 4.08247 7.29209 3.57398 3.50317 3.49255 3.27821 4.47859 4.44771 4.38575 3.87685 4.66881 3.6911 6.63751 4.29876 3.94029 4.80925 3.92111 3.84847 4.66576 4.79348 5.13141 6.42756 4.02574 5.78014 7.28907 4.79169 4.02311 3.96045 3.62654 3.38943 3.99554 3.3631 4.28089 3.75573 3.05011 2.94671 2.94297 2.86656 2.49535 2.28479 2.09595 2.08289 2.05196 1.88367 1.79603
threshold=0.21855759230072061 0.010862807828173683 16.500000000000004 6.2500000000000009 -11.731506647196285 9.2500000000000018 2.5000000000000004 7.2500000000000009 14.500000000000002 1.527473013496897 0.21258269112732733 9.0000000000000018 1.6250000000000002 7.7916500000000015 48.500000000000007 89.753555747204331 84.812500000000014 -1.9314438166372132 16.500000000000004 8.5000000000000018 88.500000000000014 58.375000000000007 -1.1218396623716862 -1.8670103017774655 -0.10501930501930522 7.3750000000000009 107.50000000000001 52.500000000000007 11.500000000000002 -1.6174249530774818 41.500000000000007 27.625000000000004 2.2500000000000004 1.0000000180025095e-35 70.500000000000014 8.5000000000000018 71.625000000000014 -1.7499999999999998 0.34285714285714253 -0.26037633224328088 762.50000000000011 7.1250000000000009 -0.15587044534412953 -0.065591397849462343 66.125000000000014 5.5000000000000009 10.500000000000002 36.500000000000007 6.2500000000000009
decision_type=2 2 2 2 2 2 2 2 2 2 2 2 2 2 2 2 2 2 2 2 2 2 2 2 2 2 2 2 2 2 2 2 2 2 2 2 2 2 2 2 2 2 2 2 2 2 2 2 2
left_child=1 2 4 -4 5 7 -2 -1 9 35 13 15 -13 14 -11 21 20 18 19 -18 -17 32 39 24 25 31 27 28 29 46 -30 -24 42 34 -26 37 -37 -6 44 41 -27 -23 -12 -40 -3 -10 -25 -39 -45
right_child=6 38 3 -5 8 -7 -8 -9 45 10 11 12 -14 -15 -16 16 17 -19 -20 -21 -22 22 23 26 33 40 -28 -29 30 -31 -32 -33 -34 -35 -36 36 -38 47 43 -41 -42 -43 -44 48 -46 -47 -48 -49 -50
leaf_value=0.015277985688240221 0.050171881274814492 0.017556226904499244 -0.012095024574183178 0.032659152481111363 -0.0022953781856776502 -0.036899246042182185 -0.0027518638039243475 -0.01714845535068335 0.027226420451951856 0.038363587694801582 0.041094441603684258 0.033615655425425918 -0.0026053719851960532 -0.0039139270336766632 0.0013732226992685687 0.043629204156323494 0.036281227611143156 -0.025457572186549277 -0.012619173173914672 -0.0016917179154453375 0.0077691347669675247 0.0042870440446757486 -0.0078573725966958451 0.014244122268321627 -0.030893768421458523 -0.035852981130292234 -0.020903504988680065 0.037150917703024443 -0.028918065979901372 -0.002873040882940785 0.0051048181151901687 0.024053463364878361 -0.0076113413196014952 -0.044993326725428363 0.0061464620459549353 -0.015288893292524461 0.025547432247040765 -0.049778531008391393 -0.0021660846501688129 -0.036850367639183534 -0.0054489661631674262 -0.023066571490532581 0.0061557183125451574 -0.012536109067709897 -0.016378858199304423 0.0012493189695898781 0.04120273125227869 -0.017003427135134211 -0.050126679245051445
leaf_weight=18.174282981082801 6.2145171705633384 8.2577523132786173 14.806179463863371 23.454799834638834 16.201601274311543 19.600431747734547 5.5413519171997905 13.730470297858117 18.32983019575477 21.386192724108696 9.8328235354274494 17.299521682783961 15.135244268923996 18.089288875460625 13.905854903161524 14.429669002071025 13.862284723669289 14.430009357631205 19.963109966367483 18.802130728960037 16.118856048211455 16.416199586354196 15.680144971236585 17.639935597777363 14.675618262961509 13.163335379213093 13.420184837654231 13.037796054035423 20.277998981997371 24.005021370947368 14.243749920278786 23.022106908261776 14.782423529773949 12.822230333462356 13.072665844112633 13.103791292756798 10.799486452713607 9.617447600699963 6.5657503847032812 16.133528335019946 19.165455184876919 21.121073186397552 10.462343222461643 5.7941687582060686 7.9507141150534144 13.010678023099898 13.030187323689459 10.175098145380614 9.4259246527217311
leaf_count=110 46 84 92 136 116 121 139 85 115 120 58 100 92 97 90 92 80 121 153 145 98 96 94 112 98 83 83 67 136 151 85 129 116 81 86 111 68 94 78 107 127 132 110 84 77 83 78 68 137
internal_value=0 -0.000311891 0.000563324 0.0154733 -0.0003477 -0.0137091 0.0269652 0.00122595 0.0008386 -8.49785e-05 0.00124811 -0.000402599 0.0171412 0.014795 0.024228 -0.00181638 0.00663811 -0.0022279 0.00449741 0.0150225 0.0255537 -0.00444047 -0.00639616 -0.00322568 -0.0105737 -0.00237295 0.00389468 0.00732085 0.00259709 0.0138617 -0.0151316 0.0112526 0.0109653 -0.0245292 -0.0138367 -0.0110383 0.00344594 -0.0204903 -0.0155984 -0.0195163 -0.0185329 -0.0113032 0.0242181 -0.0273932 0.000925633 0.0168144 0.0266368 -0.0345574 -0.0374714
internal_weight=0 718.425 680.431 38.261 642.17 51.5052 11.7559 31.9048 590.665 559.324 499.427 446.046 32.4348 53.3813 35.292 413.611 97.6061 67.0575 52.6275 32.6644 30.5485 316.005 280.927 227.256 111.602 71.031 115.655 102.235 89.1969 54.6751 34.5217 38.7023 35.0776 40.5705 27.7483 59.8974 23.9033 35.9941 37.9943 53.6708 32.3288 37.5373 20.2952 21.7858 16.2085 31.3405 30.6701 19.7925 15.2201
internal_count=5061 4876 4416 228 4188 316 185 195 3872 3674 3217 2910 192 307 210 2718 689 499 378 225 190 2029 1745 1410 698 433 712 629 562 341 221 223 284 265 184 457 179 278 460 335 210 228 168 299 161 198 190 162 221
is_linear=0
shrinkage=0.05


Tree=116
num_leaves=49
num_cat=0
split_feature=278 263 54 80 77 233 58 288 274 220 259 110 122 8 94 49 299 63 192 212 202 10 274 204 32 274 274 32 283 119 165 14 58 274 41 2 37 32 192 36 157 98 285 90 299 71 277 107
split_gain=3.45808 5.03605 5.46045 3.9779 3.90257 3.33455 3.14295 3.08511 3.95386 3.46669 7.54139 4.63286 5.25732 4.39202 4.23978 5.1246 4.46118 4.1708 4.4642 4.1445 5.25144 4.55136 4.61127 5.91608 4.4563 3.68352 4.49862 4.78464 3.49936 4.6327 3.30322 3.16434 2.99269 3.98566 2.86223 3.94033 3.83218 2.83971 6.41435 4.02505 2.80371 3.32756 2.51161 2.39877 1.74814 1.6832 1.3136 1.13601
threshold=91.364791666349802 92.148065567921762 837.50000000000011 85.375000000000014 85.062500000000014 71.500000000000014 12.500000000000002 0.9916835347852474 -1.5804186771528415 9.5000000000000018 -5.2009539462942458 166.25000000000003 6.5000000000000009 22.500000000000004 51.500000000000007 2.8542442976262339 0.9717815841339319 90.250000000000014 32.750000000000007 4.5000000000000009 9.5000000000000018 0.20833333333333334 -2.2078007146486809 1.2500000000000002 1.2795366795366798 -2.6471417907355508 -2.331490277440492 1.0615943674767208 0.29705882352941182 6.1250000000000009 2.7500000000000004 0.069444444444444461 7.5000000000000009 -1.8124293424991689 9.5000000000000018 81.750000000000014 1.0000000180025095e-35 1.3814671814671819 0.75000000000000011 1.1004978106279562 5.5000000000000009 0.62500000000000011 10.437500000000002 62.375000000000007 0.15164319605365875 75.500000000000014 -1.6271420984527143 100.62500000000003
decision_type=2 2 2 2 2 2 2 2 2 2 2 2 2 2 2 2 2 2 2 2 2 2 2 2 2 2 2 2 2 2 2 2 2 2 2 2 2 2 2 2 2 2 2 2 2 2 2 2
left_child=4 2 3 -2 7 -3 -6 9 -9 11 40 14 -13 -12 -1 16 17 18 25 21 -21 22 -14 -24 -23 31 27 -27 29 -28 -18 -16 33 -31 37 43 -37 39 -39 47 44 -42 -15 -36 -11 -35 -26 -34
right_child=1 5 -4 -5 6 -7 -8 8 -10 10 13 12 19 42 15 -17 30 -19 -20 20 -22 24 23 -25 46 26 28 -29 -30 32 -32 -33 34 45 35 36 -38 38 -40 -41 41 -43 -44 -45 -46 -47 -48 -49
leaf_value=-0.025739569035975025 0.025061666780151766 -0.028409862169070366 0.039451289192129299 -0.008903315343691454 0.00068240549547706007 0.0083915208164123522 -0.031777904488812292 -0.034845216400313767 0.0054346848764119954 0.002327401363795611 0.0002298431583594759 0.041903697652066807 -0.014022255405979959 -0.051454955806092106 -0.0015331882974548847 0.02957739147406634 -0.026804288154500658 -0.02262117892731302 0.026256405933110145 0.0029539852149152038 0.046496303012019236 0.009044002306905238 0.037109467550916826 -0.0042098443119034205 -0.051411508932876215 -0.0030485358805581106 0.02194964313977088 0.037679977465859188 -0.022735137854488743 -0.0080138129691954864 0.0015104753588551301 -0.033487428475758856 -0.012777062895092148 0.0084009536873169768 -0.01343819336138625 -0.005242016885349414 -0.041998884987169555 -0.032027586751180372 0.011317362491117257 0.027406873468317619 -0.0084836653745831835 0.022375183120853528 -0.020017249690459944 0.014439581704951718 -0.021788919828244206 0.03292966927579747 -0.014184326239531465 0.0073090318098544774
leaf_weight=15.923237161710857 13.9454910736531 11.135326039046051 17.798802133649588 19.51585282664746 12.079165086150171 11.782183109782634 18.315782340243459 13.846621876582505 9.928135287947951 15.079123890027406 11.984817360527812 10.87125752493739 15.480715489014981 13.055173471570017 17.993371363729242 12.956805547233669 26.544120432808995 16.960938142612576 17.098364241421223 15.570845958776774 11.685059530660508 7.6275098565965918 17.84042407758534 15.695908942259846 6.8540159226395199 12.024279111996295 24.339802468195558 16.504903092049062 14.464370097033678 18.585121346637607 16.290091868489981 12.742178555577992 13.023445490747692 14.686004135757686 14.913478937000038 13.049875590950252 15.419283643364905 15.257524898275731 17.173603065311909 17.898250116035342 13.132628686726092 22.771975474432111 15.527458440512417 13.98020353540778 13.642963250167666 14.175329364836214 4.8475025566294763 13.208330746740101
leaf_count=150 84 93 113 152 94 80 151 109 90 94 95 67 115 83 98 94 150 102 101 118 82 55 146 114 129 74 149 108 103 117 99 103 80 88 89 85 97 112 113 115 83 142 126 84 87 84 69 80
internal_value=0 0.00925855 0.0178633 0.00556855 -0.00206697 -0.00993 -0.0192671 -0.001195 -0.0184842 -0.000476571 -0.00866982 0.00129038 0.0104703 -0.0252856 -0.00126751 -0.000145645 -0.00130617 0.00078044 0.00219046 0.00649914 0.0226062 -0.000157591 0.00795277 0.018209 -0.0201044 0.000629537 0.00266659 0.0209921 0.000207882 0.00192329 -0.0162472 -0.0154184 -0.00086986 0.00979524 -0.00469287 -0.0130354 -0.0258997 0.00164516 -0.00942272 0.0098075 0.0019866 0.0111641 -0.0356305 8.22738e-05 -0.0094755 0.0211476 -0.0383206 -0.00276623
internal_weight=0 74.1777 51.2601 33.4613 651.05 22.9175 30.3949 620.655 23.7748 596.88 105.194 491.686 106.473 40.5674 385.213 369.29 356.333 313.499 296.538 95.602 27.2559 68.3461 49.017 33.5363 19.329 279.439 248.704 28.5292 220.175 205.71 42.8342 30.7355 181.37 47.4465 133.924 57.3628 28.4692 76.5612 32.4311 44.13 64.6267 35.9046 28.5826 28.8937 28.7221 28.8613 11.7015 26.2318
internal_count=5046 522 349 236 4524 173 245 4279 199 4080 710 3370 895 304 2475 2325 2231 1982 1880 828 200 628 375 260 253 1779 1578 182 1396 1293 249 201 1144 289 855 355 182 500 225 275 406 225 209 173 181 172 198 160
is_linear=0
shrinkage=0.05


Tree=117
num_leaves=47
num_cat=0
split_feature=288 277 9 289 182 39 288 44 143 31 54 52 49 36 291 288 143 193 42 291 87 101 36 289 76 288 159 282 288 3 55 30 274 277 110 124 36 155 148 89 33 298 70 74 182 98
split_gain=3.37518 4.51407 3.07789 4.8192 4.11277 3.24455 5.27256 4.04222 6.02709 6.19819 5.18982 5.13219 4.46919 6.95667 6.28284 5.83671 5.30414 5.15785 4.78828 5.56231 4.43875 4.38135 5.49131 6.37548 4.05725 3.72685 3.85281 3.63464 3.76496 3.59288 3.54638 3.78033 3.40851 3.37258 3.36839 3.18977 4.59101 4.14272 3.24654 2.9273 2.67294 2.53894 2.38065 2.21766 1.69439 0.90313
threshold=0.99274428880883148 -1.641108593171529 3.2500000000000004 -0.15950993297387572 63.500000000000007 0.41428571428571431 0.48314048284850658 12.500000000000002 43.625000000000007 1.7347826086956524 737.50000000000011 0.98716049382716065 1.2845554293775898 1.5544390785095004 0.88562091503267981 -0.37447345805034543 32.750000000000007 28.250000000000004 7.5000000000000009 0.95445134575569368 73.812500000000014 11.500000000000002 1.4833899732862526 -0.5129677127369543 1.0000000180025095e-35 0.21022171450811275 1.5000000000000002 -0.74999999999999989 0.63920241694561786 78.750000000000014 782.50000000000011 0.56643356643356668 -1.7577727236072749 -1.9171574207013193 100.71430000000002 5.5000000000000009 1.4080863944892761 50.500000000000007 15.500000000000002 70.125000000000014 -0.41930501930501946 1.8750000000000002 79.500000000000014 6.2500000000000009 1.1250000000000002 0.62500000000000011
decision_type=2 2 2 2 2 2 2 2 2 2 2 2 2 2 2 2 2 2 2 2 2 2 2 2 2 2 2 2 2 2 2 2 2 2 2 2 2 2 2 2 2 2 2 2 2 2
left_child=2 -2 5 4 -4 6 25 12 9 10 32 -12 14 -14 15 20 24 -15 42 -20 34 22 -21 -24 -17 26 35 -26 -29 -8 31 -13 -9 -11 -7 -1 37 38 43 -32 45 -31 44 -37 -16 -38
right_child=1 -3 3 -5 -6 7 29 8 -10 33 11 30 13 17 18 16 -18 -19 19 21 -22 -23 23 -25 27 -27 -28 28 -30 41 39 -33 -34 -35 -36 36 40 -39 -40 -41 -42 -43 -44 -45 -46 -47
leaf_value=-0.031368316643656739 -0.036834358213993966 0.007561616321500206 -0.011948616403623059 0.033745323562795609 0.020363333572333973 0.013187079228642571 -0.038879928691172801 -0.022916520834527838 -0.015450981270662715 0.048775606050623754 -0.0077986113208618202 0.054962059876137503 0.036661269963274304 0.014825929027744385 -0.027862960645345627 0.0078901483262377031 0.01988170583246375 -0.026073647708584703 -0.024002045395042023 -0.019258120429820041 -0.0049794285079055737 0.02619885027711167 0.036711492994246191 -0.0094793408381567707 -0.0020567047613835169 0.020328910332917664 0.016242810577105939 -0.04952386723845497 -0.010960499470390836 0.0076946349456677027 0.022260648787494054 0.015354735690720107 0.0093810676895857911 0.011137251236263404 0.044270648222359293 0.021765895074451466 0.0060493481448293945 0.030083030486097718 -0.01819944361547992 -0.0069812183133973298 -0.038087545373839564 -0.022737153506381017 -0.041638450974186225 -0.0066076727455963609 -0.001680211076780689 -0.017585102402885477
leaf_weight=11.415950980968772 12.128443135879936 9.6430290108546597 20.865709513425827 17.787116684019566 16.940264321863651 21.412708885967731 15.259424646385012 17.722637509927157 20.061571083962917 15.771349729038777 18.564676498994231 12.191442834213378 18.702415490522981 18.384657766669992 11.522547988221051 21.826567769981921 18.492993347346783 11.801184879615901 25.373177733272314 27.402235675603151 14.852211905643342 14.732491426169871 12.629121698439121 15.831619737669826 20.738708231598139 18.205533135682344 19.420708414167166 11.969077801331879 13.810588063672183 12.341374209150674 20.840659005567431 13.087708668783305 13.728735833428798 10.370689350180326 15.339634479954837 13.538297018036248 7.3229729505255836 11.028558816760777 18.856857916340232 13.443797982297836 11.460914689116178 13.409888516180215 13.503841975703834 12.39779356587678 12.468238886445759 7.087513882201165
leaf_count=90 110 74 114 151 109 124 137 111 116 127 114 74 104 133 90 134 90 88 156 155 88 89 68 102 121 142 111 94 97 89 145 97 83 112 87 89 81 72 143 104 134 123 88 99 80 85
internal_value=0 -0.0177019 0.00185796 0.0130411 0.00268151 0.000880412 -0.00499342 0.00300321 0.00958316 0.0133695 0.00798727 0.0148381 -0.000211983 0.013549 -0.00272677 0.00472114 -0.0032066 -0.00148715 -0.0104302 -0.00440367 0.017869 0.00287717 -0.00362593 0.0115677 -0.00965053 -4.13294e-05 -0.00348695 -0.0178735 -0.0300456 -0.0204031 0.0219058 0.0358209 -0.00896376 0.0348047 0.0269897 -0.00773107 -0.00408855 0.0040193 -0.00291471 0.0109213 -0.021081 -0.00841018 -0.0253402 0.00846117 -0.0148673 -0.0059616
internal_weight=0 21.7715 703.916 55.5931 37.806 648.323 171.746 476.577 155.783 135.722 109.58 78.1283 320.794 48.8883 271.906 138.442 86.8379 30.1858 133.463 95.9686 51.6046 70.5955 55.863 28.4607 68.3449 130.735 112.53 46.5184 25.7797 41.0107 59.5636 25.2792 31.4514 26.142 36.7523 93.1089 81.6929 55.8215 44.7929 34.2845 25.8714 25.7513 37.4946 25.9361 23.9908 14.4105
internal_count=5024 184 4840 374 223 4466 1395 3071 1083 967 728 534 1988 325 1663 835 536 221 828 570 299 414 325 170 446 1046 904 312 191 349 420 171 194 239 211 793 703 403 331 249 300 212 258 188 170 166
is_linear=0
shrinkage=0.05


Tree=118
num_leaves=47
num_cat=0
split_feature=283 295 51 109 30 47 283 277 148 33 111 32 201 89 284 288 187 149 31 260 301 96 157 283 274 299 88 281 277 57 32 55 282 202 203 227 108 33 288 108 233 143 148 78 97 260
split_gain=4.40744 5.19874 3.23416 3.27379 3.27269 5.13959 3.56983 2.96494 4.69918 5.36034 4.47348 6.21866 4.15537 3.44383 5.73799 3.83042 4.69789 5.70224 4.79012 4.02514 9.23971 9.73999 4.28114 4.66308 4.30763 3.66639 4.97271 5.42619 4.10604 4.40299 6.6569 5.92773 3.55412 3.29292 2.99717 6.1103 3.64403 2.76834 2.75974 2.62285 2.56181 2.53991 2.51917 2.49446 1.25018 1.06447
threshold=0.96875000000000011 0.95000000000000118 2.5000000000000004 43.750000000000007 3.4615384615384621 3.6200091352831838 -0.37171052631578944 -2.6078127199464816 30.500000000000004 -0.038610038610038637 145.00000000000003 1.3283783783783787 7.2500000000000009 58.625000000000007 2.7207792207792214 -0.2270106897347694 51.250000000000007 51.500000000000007 1.0043478260869567 5.3930041243825988 -6.7698032653004106e-14 68.500000000000014 2.2500000000000004 -0.057189542483660122 -1.7652756321610503 0.14738756149153082 0.62500000000000011 86.17124669091227 -1.6039257591818517 11.250000000000002 1.0324324324324328 757.50000000000011 -1.7499999999999998 3.5000000000000004 2.2500000000000004 1.5000000000000002 6.2500000000000009 0.3474903474903473 0.40614137006726808 8.7500000000000018 11.500000000000002 10.250000000000002 3.5000000000000004 0.54164999999999719 9.9375000000000018 1.1292509075692285
decision_type=2 2 2 2 2 2 2 2 2 2 2 2 2 2 2 2 2 2 2 2 2 2 2 2 2 2 2 2 2 2 2 2 2 2 2 2 2 2 2 2 2 2 2 2 2 2
left_child=1 38 3 -3 5 7 -6 8 10 12 11 44 -10 34 15 25 17 19 -18 20 -17 22 24 43 -22 -15 27 -27 29 31 -31 -28 -32 -21 35 -9 -36 -35 -1 45 -25 -12 -37 -24 -5 -29
right_child=-2 2 -4 4 6 -7 -8 13 9 -11 41 -13 -14 14 -16 16 18 -19 -20 33 21 -23 23 40 -26 26 28 39 -30 30 32 -33 -34 37 36 42 -38 -39 -40 -41 -42 -43 -44 -45 -46 -47
leaf_value=0.030668715589292773 -0.022198627611282176 -0.022049888952781833 0.016791456055305139 -0.031491914349746436 0.0065675089713355152 0.024798638967421321 -0.029266732292862276 -0.0088105276438140267 0.034736731133613807 -0.015647709011185496 -0.011764326360911011 0.01755752016614635 -0.00053540015353371743 0.028869323867873012 -0.02418515883498927 -0.048137142946553337 -0.0029850841875611214 -0.036662389916516172 0.029716712862695401 -0.012278877243579567 -0.033032845627124045 -0.039141182876832568 0.006983568602519071 0.01204300786257563 0.0034343074056696721 -0.0083569880530417039 -0.0043031070793320214 0.022350864835579048 -0.022049927267638728 0.014846118243220189 -0.0016807469621532474 0.039755027650961332 -0.038862889029173238 0.028301695311505001 0.016563016458217877 0.017874744340416814 -0.021855568125934911 -0.0025458819858513991 0.0016279836091522394 0.010579820993798729 -0.020606302507035795 -0.048342575015279415 0.055914896641456983 0.035525000366914632 -0.0096278597952401367 0.046242268182125845
leaf_weight=21.66550630889833 19.126188797876239 15.697471727617083 28.283746518194675 12.812972879037263 10.624852471053602 21.176647560670972 17.522922303527594 9.0230410071089882 15.298227474093435 19.872517952695489 8.737108373083176 16.234582341276109 17.060829447582364 16.952969495207071 21.233290858566761 12.005203610286115 24.35667384788394 13.198691483587025 19.472677166573703 11.906353018246589 12.273342124186454 15.038243878632782 13.775270484387876 10.288048007525505 20.345064016990364 16.553940981626511 14.856691049411895 12.979813434183599 19.660810173489153 19.598666876554489 11.286778327077629 14.331040834076701 14.220926757901905 20.203157018870119 13.895045369863512 9.2646674858406204 9.5404184563085419 10.835299927741287 12.98446102440357 20.580480918288231 11.976895895786582 12.090145602822302 10.35136805847287 18.089066999033093 14.87772613763809 12.057605145499108
leaf_count=149 101 146 150 90 60 150 150 104 94 120 93 110 103 98 138 73 153 87 117 89 96 121 81 70 137 107 97 82 136 121 62 98 125 139 116 85 129 81 80 152 109 92 97 111 84 79
internal_value=0 0.00153152 0.000541375 -0.000199352 0.000382435 0.00117755 -0.0159792 0.000269436 -0.00680397 0.00431831 -0.0157048 -0.00634985 0.0166814 0.00207856 0.000518999 0.00193384 -0.00253986 -0.00630744 0.0118826 -0.00353503 -0.00844212 -0.00333749 0.00324463 0.0117879 -0.0108616 0.00744198 0.00494637 0.0157965 -0.00232412 0.00311954 -0.00664485 0.0179296 -0.0230944 0.00936353 0.0140599 0.0246256 0.000668702 0.0177897 0.0201371 0.0245526 -0.00565072 -0.0342398 0.039687 0.0237742 -0.0204898 0.0351907
internal_weight=0 705.091 670.441 642.158 626.46 598.312 28.1478 577.136 116.984 52.2316 64.7525 43.9253 32.3591 460.152 408.077 386.844 213.764 169.935 43.8294 156.736 113.791 101.786 86.7477 54.1293 32.6184 173.08 156.127 62.1718 93.9549 74.2941 45.1064 29.1877 25.5077 42.9448 52.0745 28.6391 23.4355 31.0385 34.65 45.6179 22.2649 20.8273 19.616 31.8643 27.6907 25.0374
internal_count=5062 4961 4732 4582 4436 4226 210 4076 786 317 469 284 197 3290 2759 2621 1464 1194 270 1107 798 725 604 371 233 1157 1059 420 639 503 308 195 187 309 531 286 245 220 229 313 179 185 182 192 174 161
is_linear=0
shrinkage=0.05


Tree=119
num_leaves=48
num_cat=0
split_feature=282 51 288 10 288 288 28 260 44 32 272 33 78 145 259 287 30 9 272 101 157 98 34 277 276 89 99 282 89 157 10 297 146 260 34 54 97 282 109 279 276 149 80 57 34 284 149
split_gain=5.12844 5.03356 3.67546 4.093 4.56009 4.44813 4.24749 4.1267 4.12434 5.88578 4.93257 4.09276 4.03842 5.28192 4.13111 4.90571 4.10257 3.81773 3.61495 3.69191 5.15567 3.66836 3.55627 3.94606 3.2677 3.06768 3.43424 4.08564 4.50426 4.19301 3.52015 3.46492 3.64164 3.14409 3.02785 2.8641 2.79405 5.36192 4.66745 4.54874 2.60704 2.58654 2.36719 2.22217 1.81571 1.39884 1.20519
threshold=3.2500000000000004 483.00000000000006 0.70290292807158605 1.0000000180025095e-35 0.54219432480460406 0.48314048284850658 1.0000000180025095e-35 4.2346724667781599 27.500000000000004 -0.16738424554773931 -2.1842429375829848 -3.6270270270270264 0.54164999999999719 4.5000000000000009 -11.887560929122422 0.99999999999997158 0.31048951048951062 0.75000000000000011 -2.5197009225234615 8.5000000000000018 13.250000000000002 0.31250000000000006 1.9515133515133509 -2.9791059628279237 83.838329387986832 74.875000000000014 4.3750000000000009 -1.7499999999999998 73.375000000000014 15.500000000000002 0.20833333333333334 3.7500000000000004 12.500000000000002 0.38568272354722416 -1.0000000180025095e-35 752.50000000000011 12.437500000000002 1.0000000180025095e-35 81.250000000000014 -1.9608831846551678 83.614840399027955 5.2500000000000009 80.375000000000014 13.250000000000002 0.021934821934821994 1.8708333333333336 27.500000000000004
decision_type=2 2 2 2 2 2 2 2 2 2 2 2 2 2 2 2 2 2 2 2 2 2 2 2 2 2 2 2 2 2 2 2 2 2 2 2 2 2 2 2 2 2 2 2 2 2 2
left_child=2 35 3 8 5 7 43 22 10 -10 -1 -9 13 17 -14 16 -16 -4 -13 20 -20 -21 23 -5 -17 26 -25 29 31 30 34 33 36 45 -28 -2 37 38 -33 -40 -12 -19 -23 -6 -18 -29 -30
right_child=1 -3 12 4 6 -7 -8 11 9 -11 40 18 14 -15 15 24 44 41 19 21 -22 42 -24 25 -26 -27 27 28 46 -31 -32 32 -34 -35 -36 -37 -38 -39 39 -41 -42 -43 -44 -45 -46 -47 -48
leaf_value=0.023029429692714067 -0.0086315847246589989 0.0087126493821460954 -0.027873870214231641 -0.023735510753603934 0.017043013492689749 -0.02625482236249679 0.035704994064258061 0.035214533454496114 0.0027462271601671612 0.044424404271800833 0.004653154024322698 -0.018164960789108339 -0.033773990033752498 0.024675982316273853 0.00046621284073880402 0.019437705716718556 -0.041119324519481956 0.019321918993037427 0.041815184595060742 -0.021420575705899916 -0.00098330553129305455 0.024432375798068461 -0.027871710008857992 -0.024689799328412806 -0.0098859210167868 0.016907405792607622 -0.0018318454710390623 -0.043509439658906093 -0.011777687534129617 0.023757470630686395 -0.017501580143404152 -0.011972983197742093 -0.020706861227481898 0.0069960380601228906 0.026591559142548678 -0.04428258314214658 0.027689082982751623 -0.023296846172199435 -0.0023835790286777089 0.031983502888673382 -0.026791004446804479 -0.009480620340387845 -0.0015368154076569381 -0.013312734586953097 -0.014034156755783553 -0.01204901046557327 -0.036467177198241781
leaf_weight=17.045280318707228 9.8062194092199224 11.349623769521711 12.480791846290229 17.118754071183503 11.649416046217086 14.990849342197178 16.569977501407266 12.325148306787012 15.115864660590885 18.682911690324545 12.804085107520224 12.901927605271338 16.705603417009115 20.270109439268708 18.746204968541861 20.449985165148973 14.903507984708996 13.709842577576639 15.628487538546326 12.339180970564483 12.120889146812258 14.015954554080961 12.043433564715086 13.804916493594645 16.21132080629468 24.405819121748209 24.298844918608665 8.2771223178133386 10.725977560505273 29.258661597967148 17.309684336185455 16.413399005308747 12.818391527980564 8.0777623951435071 14.130630150437353 14.394188857637344 12.686293313279746 14.392808239907025 15.244876615703093 24.538258917629729 12.059066213667391 15.672015201300381 20.849998611956835 10.545995439402757 12.64088363572955 7.3952124416828147 11.10109508037567
leaf_count=107 82 51 143 121 82 101 101 70 94 104 93 94 107 130 107 125 155 81 110 87 87 85 92 108 111 159 140 93 92 159 111 103 93 84 77 124 68 135 107 154 67 102 139 84 114 88 100
internal_value=0 -0.0182591 0.000962191 0.00299728 0.00116717 -0.000402653 0.0173319 0.000644351 0.0136701 0.0263992 0.0030283 0.0093564 -0.005603 0.00436002 -0.0117962 -0.00702051 -0.0176816 -0.00582326 0.00537335 0.00961081 0.0237369 0.000986681 -0.00234554 -0.00116075 0.00655285 0.000382007 -0.00135824 0.00016494 -0.00502465 0.0087726 0.000626641 -0.00113762 0.00312906 -0.0178297 0.00902887 -0.0307522 0.00700023 0.0029472 0.0099585 0.0190785 -0.011044 0.00415252 0.00929283 0.00266757 -0.0296163 -0.0302775 -0.025382
internal_weight=0 35.55 685.477 523.687 447.98 409.214 38.7654 394.224 75.7072 33.7988 41.9084 100.182 161.79 62.1328 99.6575 82.9519 46.2906 41.8626 87.8564 74.9545 27.7494 47.2051 294.042 281.999 36.6613 264.88 240.474 226.669 141.671 84.9978 55.7392 119.844 96.094 23.7501 38.4295 24.2004 83.2756 70.5893 56.1965 39.7831 24.8632 29.3819 34.866 22.1954 27.5444 15.6723 21.8271
internal_count=5021 257 4764 3589 3124 2857 267 2756 465 198 267 672 1175 456 719 612 376 326 602 508 197 311 2084 1992 236 1871 1712 1604 1117 487 328 925 660 265 217 206 567 499 364 261 160 183 224 166 269 181 192
is_linear=0
shrinkage=0.05


Tree=120
num_leaves=48
num_cat=0
split_feature=74 220 34 156 287 291 158 151 62 156 54 36 289 286 291 189 291 78 282 272 74 190 12 107 203 99 31 146 109 151 158 116 209 282 32 210 56 289 148 101 85 192 56 285 60 289 33
split_gain=3.99081 5.12977 5.58639 4.62423 4.96172 4.49457 5.56961 4.21005 4.93008 4.705 4.70824 4.86333 4.16292 5.21176 4.12815 4.09772 5.44358 4.26794 4.40493 3.97835 3.94763 3.88461 3.69761 4.86034 4.65132 3.64794 3.18197 3.68463 2.98003 2.97552 5.63812 4.05406 3.8858 3.60538 4.21848 4.38439 2.83033 4.18723 2.73209 2.71085 2.71056 4.82214 2.60651 2.49388 2.49337 1.94877 1.81133
threshold=5.2500000000000009 3.5000000000000004 -0.87397467397467399 49.500000000000007 0.99999989577068815 0.85449735449735453 8.5000000000000018 26.500000000000004 76.500000000000014 38.500000000000007 862.50000000000011 1.4080863944892761 -0.42179730054635828 0.44604504428624814 0.96424010217113676 44.500000000000007 1.0312805474095799 0.95835000000000303 -0.74999999999999989 -2.0758971630108012 7.7500000000000009 1.0000000180025095e-35 0.22916666666666671 109.37500000000003 7.5000000000000009 7.6250000000000009 1.150434782608696 7.5000000000000009 281.25000000000006 46.500000000000007 11.500000000000002 65.000000000000014 4.0833250000000012 -0.74999999999999989 0.83166023166023195 1.5000000000000002 15.500000000000002 0.8511460603353429 6.5000000000000009 13.500000000000002 82.500000000000014 4.2500000000000009 13.250000000000002 12.031250000000002 83.500000000000014 -0.55656394595157355 -0.48803088803088795
decision_type=2 2 2 2 2 2 2 2 2 2 2 2 2 2 2 2 2 2 2 2 2 2 2 2 2 2 2 2 2 2 2 2 2 2 2 2 2 2 2 2 2 2 2 2 2 2 2
left_child=1 12 -3 4 7 6 -5 8 21 10 11 -9 25 -14 20 16 42 18 44 -15 22 28 24 39 29 -1 27 -4 -2 30 31 -6 33 46 -35 -36 37 40 -38 -24 -10 -42 -16 -32 -18 -13 -33
right_child=3 2 26 5 14 -7 -8 9 36 -11 -12 45 13 19 15 -17 17 -19 -20 -21 -22 -23 23 -25 -26 -27 -28 -29 -30 -31 43 32 -34 34 35 -37 38 -39 -40 -41 41 -43 -44 -45 -46 -47 -48
leaf_value=-0.0093061606853306802 -0.028496569072527844 0.023529130242840354 -0.014940964041713434 -0.019271552787502994 -0.012878492851156826 0.031252365195925641 0.023665844189373123 0.018285371157280208 -0.039900751199602874 -0.017725145813440379 0.034942346689469134 0.00085929984292632705 -0.023364150648659248 -0.0075773244188916053 0.050180797397980884 -0.0072002706852785855 0.013878581110711281 -0.0086326676908541258 -0.0017451955931209887 0.029115954518787443 -0.024020873519072415 0.040062236523555186 -0.044069946566360388 0.0086967514382529833 0.027313340752718292 -0.042857023512962736 -0.025716728958470748 0.018466544930506045 0.018031731190108296 0.02136471495419151 -0.0062161548474027571 0.012325795123893627 -0.013454130948676896 -0.012740897482803432 -0.0026345522576729534 0.035466461668373493 -0.015906675879782339 0.016402969818166514 -0.049252753427190141 -0.0070167889298984702 0.014641034097358006 -0.027533226022457807 0.017272608983504061 -0.032451044723696074 0.043432519026285948 -0.028268099974670807 0.038663238265944241
leaf_weight=14.994619600474833 6.347453706897797 21.716453840956092 15.088346339762213 14.168721726164224 23.84199676476419 24.43378428556025 14.051916912198065 20.814893988892436 10.318080177996306 20.69948379136622 12.899620639160274 10.676945492625235 22.647304971702397 16.602445829659704 12.987668862566354 23.785243229009211 16.493056237697605 24.036096039228141 19.768251656554639 11.872573206201194 14.956857672892509 5.6993978274986139 11.010878741741182 14.525469979271291 18.99704110622406 18.599195413291454 13.980469604954122 15.967589184641836 5.5495832851156592 16.420496324077249 23.053884694352746 12.599626116454603 14.140590151771901 18.272540108300745 14.252404091879727 14.754108835011719 14.350928768049927 9.6828738003969175 12.041986513882874 9.1356522496789676 10.878067056648435 15.080052614212034 13.38251099269837 14.609251217916606 13.830848272889851 11.282470747828485 16.335902705788612
leaf_count=96 103 136 90 83 151 140 83 127 97 134 84 72 157 105 81 137 102 157 141 81 123 54 132 119 109 127 109 93 96 96 137 77 86 122 93 87 147 70 99 72 94 130 83 111 73 91 96
internal_value=0 -0.00706823 0.00327967 0.00202043 0.000596868 0.0160053 0.00218652 -0.00652535 -0.0137948 0.00210388 0.00965895 0.00141008 -0.0151651 -0.00596829 0.00388548 0.0112259 0.0156149 0.00844618 0.0166498 0.00819059 3.62704e-06 0.00952419 0.00172308 -0.0130471 0.00451236 -0.0285835 -0.00678357 0.00227594 -0.00707735 0.00179224 -0.000450032 0.00509793 0.00993041 0.0143872 0.00565483 0.0172816 -0.0195187 -0.0116101 -0.0323637 -0.0283942 -0.0193268 -0.00997208 0.0347216 -0.0169686 0.0283145 -0.0146854 0.0279898
internal_weight=0 151.469 66.7529 580.167 527.512 52.6544 28.2206 166.322 89.9484 76.3734 55.6739 42.7743 84.7161 51.1223 361.19 124.284 100.498 74.1283 50.0922 28.475 236.907 17.5964 221.95 34.672 187.278 33.5938 45.0364 31.0559 11.897 168.281 151.86 114.197 90.3552 76.2146 47.2791 29.0065 72.352 45.9591 26.3929 20.1465 36.2762 25.9581 26.3702 37.6631 30.3239 21.9594 28.9355
internal_count=5083 994 428 4089 3783 306 166 1398 890 508 374 290 566 343 2385 774 637 473 316 186 1611 253 1488 323 1165 223 292 183 199 1056 960 712 561 475 302 180 637 391 246 204 321 224 164 248 175 163 173
is_linear=0
shrinkage=0.05


Tree=121
num_leaves=46
num_cat=0
split_feature=298 49 48 49 4 209 156 263 274 285 33 46 18 202 106 283 137 289 34 235 298 74 95 274 33 289 214 148 42 29 149 280 193 58 34 44 289 285 148 58 58 48 3 186 209
split_gain=3.63975 3.75874 4.11579 3.99434 3.91462 3.72257 3.35369 3.22393 4.40286 2.96052 2.81037 2.76485 2.77091 3.6792 3.27868 5.28336 4.73952 4.2809 3.86676 3.50568 6.01989 6.78327 5.33118 3.52316 3.97936 6.40887 4.19191 3.37028 3.17911 3.86718 4.29748 3.62087 4.20615 4.39956 4.50816 4.4718 3.15043 3.13646 3.0579 2.7271 3.46876 2.61426 1.88204 1.63421 1.52928
threshold=0.2678571428571429 -0.53070955339987635 0.14002664167423898 0.86551031892470653 85.250000000000014 2.2500000000000004 8.5000000000000018 91.821823283353339 -2.4423656801074483 11.187500000000002 0.82393822393822391 237.50000000000003 0.14583333333333334 98.500000000000014 6.5000000000000009 -0.15587044534412953 9.5000000000000018 -0.3744658827978154 -0.81817911817911804 5.5000000000000009 1.6833333333333351 6.7500000000000009 66.500000000000014 -1.4572262118882033 -0.19305019305019319 -0.38243420677835349 1.5000000000000002 21.500000000000004 10.500000000000002 -0.34285714285714292 31.500000000000004 79.700284868999901 1.7500000000000002 7.5000000000000009 -0.78848178848178885 27.500000000000004 0.1318557721318592 12.312500000000002 4.5000000000000009 11.500000000000002 19.500000000000004 2.4981752140768854 79.750000000000014 5.5000000000000009 0.58332500000000009
decision_type=2 2 2 2 2 2 2 2 2 2 2 2 2 2 2 2 2 2 2 2 2 2 2 2 2 2 2 2 2 2 2 2 2 2 2 2 2 2 2 2 2 2 2 2 2
left_child=-1 4 9 5 10 41 -7 11 -9 -3 -2 12 13 14 19 17 38 -16 -19 20 37 -22 -21 24 25 26 -24 -27 29 30 43 44 -33 -34 -35 -36 -30 -5 -17 -26 -41 -4 -43 -14 -31
right_child=1 2 3 7 -6 6 -8 8 -10 -11 -12 -13 28 -15 15 16 -18 18 -20 22 21 -23 23 -25 39 27 -28 -29 36 31 -32 32 33 34 35 -37 -38 -39 -40 40 -42 42 -44 -45 -46
leaf_value=-0.022501157995704429 0.03611392807793206 -0.037750499749736786 -0.013817329321804701 0.0046761626067148392 -0.0054738460372175234 -0.036492462845457305 -0.0037214872319133968 0.0043128195631187737 -0.03248916313757351 -0.0017905839586625243 0.0055030144636271094 0.020343137725292063 0.010673214208256419 0.02478749699827186 0.0029118346557718577 0.0033914183468425445 0.021071573541766076 0.0099015159650819879 0.045529649343606676 -0.028708522180361774 0.017435741651639313 -0.027743213074557863 0.0022368319516420047 0.01555754854096515 0.0018931240380685964 0.00416641809426916 0.035954016052236852 -0.029462700041583408 -0.033325836107313253 -0.0089099830632504776 -0.0087666044681121973 0.031360310076887742 0.017157126215047381 -0.035391822206539213 0.015109773859972947 -0.024186790004050884 0.0014854803893134085 0.03487474968697498 -0.024043324772698882 -0.040375396810070331 -0.0074773160185668324 -0.0050128940317921951 0.018657449853457422 0.037821956208246917 -0.043075679371054082
leaf_weight=16.386373119428754 18.546635050326589 11.362860374152662 23.809791976585984 14.614187333732842 16.526728689670563 17.947170829400424 13.703339339233933 16.588957783766094 14.555381383746861 10.852377038449047 12.837212480604647 20.923444731160998 11.5411329343915 20.143282285891473 19.913658954203129 20.58459067158401 16.790872968733311 12.985705975443123 20.104319233447313 18.60119859315455 14.768868212588133 16.653693335130811 21.367159755900502 25.576956995762885 15.176433172076939 13.361732061952354 15.406094792298971 15.23890123143792 14.989369188901039 6.4702209671959263 13.921977113932369 7.5980015229433766 14.203373664990066 14.857389813289041 15.837536215782171 11.706892187707124 10.812021343037484 21.179156195372343 18.644697934389114 15.010416737757621 17.170803328976035 15.165773460641502 16.921714819967747 12.033041023649274 7.3289073202759027
leaf_count=120 116 93 145 83 97 108 82 118 117 123 83 144 83 151 102 123 97 84 119 159 93 154 116 151 96 77 85 83 155 72 82 65 116 156 159 137 64 139 121 100 106 88 97 80 118
internal_value=0 0.000656211 -0.000339607 0.000416653 0.0140279 -0.00943689 -0.0228525 0.00200905 -0.0133623 -0.0210175 0.0241495 0.00296177 0.0021869 0.00455033 0.0032562 0.0103251 -0.000425109 0.0214846 0.0322485 -0.000212994 0.00925999 -0.00662589 -0.00430391 -0.000839201 -0.00466344 0.00333402 0.0169405 -0.0141418 -0.00371285 -0.000111812 0.0128837 -0.00644285 -0.00128318 -0.00613318 -0.0141503 -0.00185422 -0.0192271 0.0230071 -0.00992117 -0.015544 -0.0235765 -0.00157246 0.00765656 0.025506 -0.0287404
internal_weight=0 704.334 656.423 634.208 47.9106 87.5478 31.6505 546.66 31.1443 22.2152 31.3838 515.516 494.593 353.293 333.149 109.024 56.0202 53.0037 33.09 224.126 67.2159 31.4226 156.91 138.308 112.732 65.3739 36.7733 28.6006 141.3 115.498 37.4962 78.0023 64.2032 56.6052 42.4018 27.5444 25.8014 35.7933 39.2293 47.3577 32.1812 55.8973 32.0875 23.5742 13.7991
internal_count=5057 4937 4641 4425 296 520 190 3905 235 216 199 3670 3526 2239 2088 646 341 305 203 1442 469 247 973 814 663 361 201 160 1287 1068 245 823 633 568 452 296 219 222 244 302 206 330 185 163 190
is_linear=0
shrinkage=0.05


Tree=122
num_leaves=47
num_cat=0
split_feature=283 284 29 115 288 54 187 31 298 78 181 299 112 97 28 56 140 78 291 212 112 113 287 263 158 190 286 32 49 98 285 209 233 272 98 288 98 32 143 277 284 54 45 54 146 286
split_gain=4.04749 3.2051 6.0976 4.60626 5.36441 5.36413 4.72333 4.50523 4.59973 4.03936 4.80994 5.40273 4.47775 3.14804 3.3141 5.31026 2.9882 2.60715 2.53873 5.031 4.67072 4.02001 3.93543 3.61964 4.71376 3.37403 3.68541 3.3643 3.18432 4.24826 3.04702 3.74627 3.16995 5.1338 3.21798 4.6424 4.17816 3.49914 2.66507 2.62793 2.38052 2.25602 2.14872 2.01026 1.92969 1.12157
threshold=1.0294117647058825 1.5266106442577032 -1.1999999999999993 95.000000000000014 0.80926549319045582 877.50000000000011 5.2500000000000009 0.34173913043478271 1.8750000000000002 1.3750000000000002 54.500000000000007 0.16802700046112407 205.00000000000003 4.3125000000000009 9.0000000000000018 12.250000000000002 6.5000000000000009 0.95835000000000303 0.96424010217113676 3.2500000000000004 235.00000000000003 45.000000000000007 0.99999820735644185 89.592770811101673 2.5000000000000004 7.5000000000000009 0.53505347867971487 1.5061776061776067 1.153444816053512 0.62500000000000011 15.687500000000002 4.7500000000000009 20.500000000000004 -1.5010437698183061 0.62500000000000011 -0.54939360607974019 0.31250000000000006 1.0046332046332049 2.0833250000000008 -1.641108593171529 2.1213235294117649 782.50000000000011 1.0000000180025095e-35 832.50000000000011 10.333350000000001 0.50640475679886976
decision_type=2 2 2 2 2 2 2 2 2 2 2 2 2 2 2 2 2 2 2 2 2 2 2 2 2 2 2 2 2 2 2 2 2 2 2 2 2 2 2 2 2 2 2 2 2 2
left_child=1 2 7 6 5 9 -4 -1 -9 10 11 -5 -11 -3 18 -16 -13 -6 22 20 21 -20 27 24 -21 28 -27 -15 29 -23 31 32 38 34 36 37 45 -36 -24 -33 -26 -31 -37 -22 -18 -34
right_child=-2 13 3 4 17 -7 -8 8 -10 12 -12 16 -14 14 15 -17 44 -19 19 23 43 25 30 -25 40 26 -28 -29 -30 41 -32 39 33 -35 35 42 -38 -39 -40 -41 -42 -43 -44 -45 -46 -47
leaf_value=0.0016770058674955689 -0.024404714253917527 -0.026129914778276593 -0.0019787189707224152 -0.025831685397914101 -0.0066891076614334841 0.028251716864941146 0.038664623790314642 0.049553995457644551 0.010969466027358135 -0.0068230216287275035 -0.030262331700981571 0.027389345742781658 0.032681375758099464 0.021005640691832195 -0.011107611768789109 0.027430781331988736 -0.012799952492995009 -0.037209076667631125 -0.024555219169607557 -0.0051714761860981269 -0.038740738854217915 0.031682394653970471 -0.0084079204507013401 -0.007705556356046645 0.042876956421950677 -0.029099439553655237 0.0067681432547823566 -0.0097660572594407899 -0.0059935533590558055 -0.010596654997634248 0.01173029478126616 0.016606364342697792 -0.026421706867406653 0.020219732427796684 0.012010849227910033 -0.020133082937941235 0.015378569067495913 -0.022018090575464846 -0.035780513523851455 -0.011861630906316256 0.013689488846901632 0.01526699632662642 -0.05054286121747939 -0.0045272534173158843 0.011813958163694335 -0.0044364420309636367
leaf_weight=19.779635455459356 15.370753414928911 11.721699257381259 13.376687901094558 14.902131515555082 15.003308201674374 16.038163882680237 14.127588411793111 16.505398923531178 15.118985284119843 13.07565055601299 17.410910311155021 12.86111898627132 14.151437847875057 22.203261163085699 13.493836676701902 23.129333186894655 15.14485456980765 13.063829215709118 13.093658390454946 11.797610805369912 10.895911077968778 22.720632217824459 14.948183393105863 13.465619167312978 18.026605920866135 13.163037888705732 13.872043231502174 13.629355874378232 23.872383620589972 14.460807804018257 16.245031139813364 18.879856090992693 11.587227752432229 12.247822094708679 13.157339758239681 14.35546451527626 17.808812193572521 15.357877298258243 24.140405358746648 12.777712956070898 13.126848841086028 17.638439915142953 12.283951494842768 7.1782853417098513 14.715129425749181 11.65995270013809
leaf_count=128 81 94 86 147 136 136 92 100 99 98 137 101 120 132 82 140 112 123 107 97 118 135 99 89 113 85 82 131 154 91 114 123 82 83 85 107 111 111 151 79 89 110 76 91 103 79
internal_value=0 0.00074624 0.00564109 0.00112832 -0.00243709 0.00227331 0.0195218 0.0205924 0.0320092 -0.00203516 -0.0080133 -0.000889193 0.01414 -0.0015923 -0.000913506 0.0133135 0.00820317 -0.021686 -0.00216904 0.00205485 -0.00313472 0.000547645 -0.00569314 0.0144826 0.0214559 0.00385742 -0.0111104 0.00935389 0.00907456 0.0156261 -0.00848534 -0.0103728 -0.0137057 -0.009157 -0.0130662 -0.0208476 -0.00236562 -0.00644168 -0.0257836 0.00510467 0.0313867 0.00364722 -0.0354769 -0.0261024 -0.000680347 -0.0160324
internal_weight=0 698.214 225.275 173.871 146.367 118.299 27.5043 51.404 31.6244 102.261 75.0341 57.6232 27.2271 472.939 461.217 36.6232 42.7211 28.0671 424.594 193.312 136.895 118.821 231.282 56.4167 42.9511 105.727 27.0351 35.8326 78.6923 54.8199 195.45 179.205 147.547 108.458 96.2106 55.1546 41.056 28.5152 39.0886 31.6576 31.1535 32.0992 26.6394 18.0742 29.86 23.2472
internal_count=5039 4958 1718 1391 1213 954 178 327 199 818 600 463 218 3240 3146 222 316 259 2924 1361 973 764 1563 388 299 657 167 263 490 336 1300 1186 984 734 651 379 272 196 250 202 202 201 183 209 215 161
is_linear=0
shrinkage=0.05


Tree=123
num_leaves=50
num_cat=0
split_feature=50 288 288 118 279 202 277 57 277 272 97 99 157 41 9 57 260 139 276 102 6 263 97 89 273 6 99 102 22 204 300 149 212 149 189 55 233 15 56 236 31 203 30 297 287 283 85 190 31
split_gain=4.10662 3.44591 4.48863 5.66089 5.17033 4.13568 5.35888 5.10465 4.65766 4.11334 3.67175 4.13259 3.58439 3.56237 4.60597 3.73144 6.70971 4.67809 5.17526 3.89912 3.73875 5.16293 4.23139 5.30268 5.05734 7.33431 4.99569 3.31161 4.95386 3.17713 3.15049 5.45947 3.88943 5.19896 5.03491 3.69878 3.44146 3.41338 3.05858 2.59767 2.45714 2.2865 2.18139 2.16811 2.29332 1.97183 1.84485 1.66292 1.18606
threshold=0.26964047936085228 0.35846314187849709 0.10837544681456425 0.62500000000000011 -2.368895974405524 1.0000000180025095e-35 -1.2268050639906243 15.500000000000002 -0.68241508465455303 -2.8218584074849677 11.062500000000002 8.6250000000000018 8.5000000000000018 11.500000000000002 1.7500000000000002 10.500000000000002 4.8713986258047308 21.500000000000004 84.866050396944445 6.5000000000000009 80.250000000000014 91.821823283353339 10.062500000000002 74.875000000000014 85.691198331004003 78.250000000000014 11.375000000000002 8.5000000000000018 0.29166666666666669 3.5000000000000004 0.72758561173712522 35.500000000000007 3.2500000000000004 5.2500000000000009 1.0000000180025095e-35 822.50000000000011 38.500000000000007 7.5000000000000009 13.250000000000002 14.500000000000002 1.1112704686617731 1.0000000180025095e-35 0.7845886597478956 7.2500000000000009 0.99999999843975795 -0.080128205128205107 87.500000000000014 6.5000000000000009 0.89478260869565229
decision_type=2 2 2 2 2 2 2 2 2 2 2 2 2 2 2 2 2 2 2 2 2 2 2 2 2 2 2 2 2 2 2 2 2 2 2 2 2 2 2 2 2 2 2 2 2 2 2 2 2
left_child=-1 2 9 4 -4 7 30 -3 10 -2 11 -8 41 15 40 16 17 18 48 -17 21 22 23 24 27 29 -24 -21 45 38 31 32 33 34 37 -33 -34 -7 -26 -19 -15 -6 -28 44 -35 -29 -20 -16 -11
right_child=1 5 3 -5 12 6 8 -9 -10 13 -12 -13 -14 14 47 19 -18 39 46 20 -22 -23 26 -25 25 -27 42 28 -30 -31 -32 35 36 43 -36 -37 -38 -39 -40 -41 -42 -43 -44 -45 -46 -47 -48 -49 -50
leaf_value=0.024531069764622385 0.026250012607458809 -0.0048988328152605506 -0.019119114188272994 0.043117496130080424 0.019533032392693581 0.025888463098432055 0.0099917804244016133 -0.048057058091350899 -0.012693058875450598 -0.011908826200289322 -0.0042462409878054443 0.046398801135577032 0.038527352292326601 -0.020560073837885339 0.011474264378353723 0.024779449065513784 0.01801053478684176 -0.050287809701926284 0.022009768624643346 -0.0077954583824962499 0.019671829661532469 -0.033045192723798779 -0.036795195036798838 0.030304784782782895 -0.039625840438227623 0.018299822993444435 -0.014641196587418838 0.035701519924183606 -0.011131507955249094 -0.00079778451505047347 -0.027426035658631338 -0.002119635775006715 0.015498871384310815 -0.036147096483324197 -0.028231596086317041 0.030798800621213918 -0.013490044786924268 -0.011018492193790551 -0.010471944584240571 -0.016582688959245594 0.010801825043598695 -0.012617776777701728 0.013396140356364737 -0.041289141221063863 -0.0078459146502343636 0.0096849167794024055 -0.0055678195844277405 0.037336080450030312 -0.035323795924093397
leaf_weight=15.70300588943064 13.557156814262269 16.714652437716726 13.168541340157384 12.768922980874775 10.34102455433459 14.603020230308177 17.800084481015805 10.923768061213194 16.152203691191971 12.379114290699365 12.95022790879011 13.940365089103578 11.226892142556606 11.31889493763447 13.261747375130655 14.452404903247951 14.945223349146543 12.709602504968645 11.43951132707298 17.936780308373272 18.604202996939421 12.522591697052119 15.25761218741536 14.751549912616609 19.35882946383208 17.452222164720297 13.595426289364697 21.019959706813097 10.97969636088237 18.087228309363127 16.660075123421848 18.837144561111927 22.449933307245374 10.442596376873555 10.826060402207075 14.421953365206717 17.202521827071905 9.7213465021923167 17.851784324273467 12.310910338535903 11.760532755404709 9.8489422071725112 12.230448827147482 16.227900600992143 21.201054941862822 12.327058103866873 11.202883584424852 13.297519676387308 11.363649374805389
leaf_count=86 89 129 101 78 75 94 125 87 110 78 83 87 73 87 83 97 97 93 73 149 130 100 96 90 140 119 84 132 104 134 112 119 159 109 78 80 141 106 117 85 73 88 80 106 145 89 91 77 90
internal_value=0 -0.00055292 0.00212989 0.0150545 0.00624794 -0.00509932 -0.00288608 -0.0230391 0.00976849 0.000175403 0.0179867 0.0269105 0.0171425 -0.000841549 0.0114935 -0.00276814 -0.0115991 -0.0179595 -0.00823493 0.000492455 -0.00119286 -0.00318846 -0.00106737 0.00285136 -0.000348944 -0.00924346 -0.015081 0.0100254 0.0172495 -0.0181069 -0.00737766 -0.00507456 -0.00993979 -0.0160338 -0.00132954 0.0126369 0.00290006 0.0112858 -0.0262794 -0.0349784 -0.00479415 0.00399411 -0.00135904 -0.0265825 -0.0180067 0.0266462 0.0087067 0.0253075 -0.0240903
internal_weight=0 704.404 443.329 57.3543 44.5854 261.075 233.436 27.6384 60.8429 385.975 44.6907 31.7404 31.4169 372.417 49.6387 322.779 86.3509 71.4057 46.3852 236.428 221.975 203.371 190.849 149.765 135.014 72.7501 41.0835 62.2635 44.3267 55.2978 172.594 155.934 122.674 83.022 35.1504 33.2591 39.6525 24.3244 37.2106 25.0205 23.0794 20.19 25.8259 47.8716 31.6437 33.347 22.6424 26.5593 23.7428
internal_count=5048 4962 3092 415 337 1870 1654 216 405 2677 295 212 236 2588 320 2268 607 510 332 1661 1564 1434 1334 1074 984 510 260 474 325 391 1249 1137 938 638 278 199 300 200 257 178 160 163 164 360 254 221 164 160 168
is_linear=0
shrinkage=0.05


Tree=124
num_leaves=49
num_cat=0
split_feature=4 213 44 44 226 284 213 90 105 97 41 111 10 87 154 36 58 91 259 89 79 263 74 145 288 8 56 226 202 259 99 284 272 29 220 211 272 220 272 260 60 153 117 195 234 34 259 259
split_gain=3.5644 6.15833 4.16422 4.95508 4.92417 4.46906 6.83954 4.44653 4.05298 4.04648 3.97193 3.90543 3.73158 5.43267 4.86614 4.10209 3.5793 3.56563 3.51282 3.44438 3.29365 3.42517 3.63008 3.16577 4.73301 4.52292 4.37279 4.02269 4.90867 6.16354 3.47857 3.38237 3.04863 4.26826 3.15179 2.73576 2.57556 3.38962 3.00067 2.5379 2.42067 2.33625 2.29298 2.18841 1.91357 1.67652 1.6293 1.26247
threshold=79.250000000000014 2.5000000000000004 87.500000000000014 12.500000000000002 51.500000000000007 1.7362318840579711 3.5000000000000004 66.875000000000014 10.500000000000002 8.9375000000000018 9.5000000000000018 165.00000000000003 0.20833333333333334 61.687500000000007 6.7500000000000009 1.5314345969429468 8.5000000000000018 68.500000000000014 -5.0678541238435271 68.375000000000014 76.58335000000001 82.599743468989644 8.2500000000000018 1.5000000000000002 0.70290292807158605 62.500000000000007 12.250000000000002 57.500000000000007 20.500000000000004 -6.156412799459555 10.125000000000002 1.5339366515837105 -1.7529089583270041 0.68571428571428628 8.5000000000000018 1.0000000180025095e-35 -1.5787447254408331 5.5000000000000009 -2.0654657569252119 0.66675463678932945 80.500000000000014 39.500000000000007 7.5625000000000009 6.5000000000000009 56.500000000000007 -0.44887004887004878 -2.7696875860945105 -4.2221563205235073
decision_type=2 2 2 2 2 2 2 2 2 2 2 2 2 2 2 2 2 2 2 2 2 2 2 2 2 2 2 2 2 2 2 2 2 2 2 2 2 2 2 2 2 2 2 2 2 2 2 2
left_child=1 12 3 20 5 7 17 -5 10 18 11 -6 13 14 15 -1 -11 -7 -9 40 -2 -22 23 24 45 27 42 30 29 -29 31 -25 34 -34 35 43 37 38 -14 -33 -15 -28 -27 -3 -10 -23 -24 -41
right_child=2 32 -4 4 8 6 -8 9 44 16 -12 -13 36 19 -16 -17 -18 -19 -20 -21 21 22 46 25 -26 26 41 28 -30 -31 -32 39 33 -35 -36 -37 -38 -39 -40 47 -42 -43 -44 -45 -46 -47 -48 -49
leaf_value=0.02090811370934624 0.021421002039536344 0.0023501757195757869 -0.02117276974168671 -0.015652197369658418 0.028892503732638034 0.032290000680425986 0.059223663898424275 -0.018658268641659415 -0.031675042824154925 0.047493441384164566 -0.015368562895950689 -0.0057854425174257386 -0.033990005185011447 0.00076438298876350681 0.040053226770911221 -0.017610770127246302 0.0089332622941022954 -0.00039758362690582604 0.017118464528875197 0.013809638425198273 -0.020023915179436802 0.038414103072820255 -0.002956319523244147 0.00262724286144402 -0.0078826362857803405 0.0080044742190370187 0.038869426553274869 -0.0087909928930638061 -0.013138574442304632 0.029540415627847635 0.0028362620990898578 -0.0068909149923082683 -0.011396504669590321 -0.049139468327936781 -0.031553961720349508 0.017539929990480704 -0.028003809805292126 0.021512733071327086 0.0034502589454480123 -0.044132989036416576 -0.027984989019597881 0.010187933077355056 -0.018233080305496186 -0.027475322128305248 -0.004166686149934048 0.011829523145358701 -0.029709264682813288 -0.021829689634509177
leaf_weight=16.482855845242742 14.908092468976973 13.730441739782693 17.439622860401869 14.818697069771586 22.099546138197184 15.192704906687139 11.968492142856119 11.662628130987285 10.461023045703771 11.899959433823826 12.286600671708582 12.07191740721464 8.7350242007523793 12.977874401956798 16.329384118318558 10.491985838860272 12.35418806876987 17.159788981080055 13.977390632964672 14.443167950958012 23.051379438489676 13.466329138725996 9.8735865652561206 13.166802607476709 15.145016260445116 20.210714571177959 13.130608555860819 17.22880189307034 26.901415690779686 24.412687541916966 24.128062229603529 13.346496336162089 17.4956792537123 13.257855671457945 10.090463287662713 12.042199720628558 13.578000024892388 9.2215134408324939 11.51882433705032 15.122155584394923 15.647248280234633 16.261101795360446 12.730759115889667 9.9339937968179566 14.89706891402602 12.200899977236986 13.26215705834329 17.037027105689056
leaf_count=110 87 118 119 122 159 106 78 105 87 71 78 94 85 73 124 127 92 121 118 90 134 86 63 91 101 115 87 104 155 136 139 81 117 126 85 82 128 87 112 95 107 94 92 76 110 77 124 113
internal_value=0 -0.00560023 0.00216896 0.00302987 0.009604 0.0162511 0.0283243 0.00767718 -0.000572477 0.0147775 0.00816681 0.0168255 0.00106787 0.00704254 0.0193491 0.00583206 0.0289838 0.0154604 0.000755525 -0.00548975 -0.000755972 -0.00192291 -0.000353498 0.00139877 0.0139817 -0.0010585 0.0101768 -0.00572237 0.00321912 0.0138469 -0.0130743 -0.0195551 -0.0167425 -0.0287026 -0.00826942 -0.00100899 -0.0108061 -0.002225 -0.0135364 -0.0258919 -0.015365 0.0238586 -0.00237389 -0.0107765 -0.0162859 0.0266946 -0.0188875 -0.033332
internal_weight=0 205.977 513.874 496.434 180.85 109.034 44.321 64.7129 71.8162 49.8942 46.4581 34.1715 129.426 86.3725 43.3042 26.9748 24.2541 32.3525 25.64 43.0683 315.584 300.676 277.625 254.489 40.8122 213.677 62.3332 151.343 68.5429 41.6415 82.8005 58.6725 76.5506 30.7535 45.7971 35.7066 43.0534 29.4754 20.2538 45.5057 28.6251 29.3917 32.9415 23.6644 25.3581 25.6672 23.1357 32.1592
internal_count=5081 1647 3434 3315 1341 813 305 508 528 386 331 253 1043 631 361 237 163 227 223 270 1974 1887 1753 1566 264 1302 388 914 395 240 519 380 604 243 361 276 412 284 197 289 180 181 207 194 197 163 187 208
is_linear=0
shrinkage=0.05


Tree=125
num_leaves=50
num_cat=0
split_feature=273 59 288 149 66 279 56 283 283 193 99 146 277 48 287 194 263 146 32 66 283 3 283 273 78 214 33 58 77 286 283 99 285 99 230 29 279 33 34 291 201 283 190 283 30 289 281 31 55
split_gain=4.04699 3.8291 3.84848 3.38672 4.66864 5.94738 5.57391 4.75022 4.17129 4.34731 4.12032 4.03052 7.09141 4.31051 4.28732 4.91508 5.10262 3.76194 3.73162 4.86631 3.62817 3.61153 3.58126 4.02874 3.98624 4.81646 3.50741 4.13279 3.77089 3.4971 4.45391 3.2952 3.6007 3.28755 5.2035 5.46982 4.7147 4.17262 3.2492 3.17764 3.14021 2.98278 2.91645 2.86471 2.78426 3.24257 1.98666 1.75797 1.04429
threshold=91.127374857415461 91.500000000000014 -0.99630266176052629 8.5000000000000018 1.0000000180025095e-35 -2.2365470151679361 10.500000000000002 -0.15268065268065265 0.4188596491228071 67.250000000000014 14.375000000000002 2.5000000000000004 -2.6866209884728147 2.4824079485680897 0.99999999954704377 2.5000000000000004 86.588533673405692 1.1666500000000002 1.6996138996138999 1.0000000180025095e-35 -0.18350168350168347 80.750000000000014 -0.37171052631578944 88.623412714891515 0.54164999999999719 2.5000000000000004 0.17837837837837831 18.500000000000004 82.437500000000014 0.40087740266804028 -0.30217391304347824 6.8750000000000009 16.312500000000004 6.3750000000000009 55.500000000000007 0.34285714285714275 -2.5991424659264206 -0.66100386100386088 -0.45684045684045699 1.0690476190476192 2.2500000000000004 -0.093073593073593058 9.5000000000000018 -0.55050505050505039 1.2797202797202802 0.64414586362404946 85.908128305325931 1.7765217391304351 777.50000000000011
decision_type=2 2 2 2 2 2 2 2 2 2 2 2 2 2 2 2 2 2 2 2 2 2 2 2 2 2 2 2 2 2 2 2 2 2 2 2 2 2 2 2 2 2 2 2 2 2 2 2 2
left_child=1 2 -1 10 6 7 20 29 9 17 11 12 -4 18 39 40 -17 -7 19 -14 -5 -21 48 24 41 44 27 46 -28 -6 43 -15 -33 36 35 -35 -2 -36 47 -13 -16 -24 -9 -31 45 -26 -8 -20 -19
right_child=33 -3 3 4 5 8 26 42 -10 -11 -12 14 13 31 15 16 -18 22 38 21 -22 -23 23 -25 25 -27 28 -29 -30 30 -32 32 -34 34 37 -37 -38 -39 -40 -41 -42 -43 -44 -45 -46 -47 -48 -49 -50
leaf_value=-0.024649916408112611 0.041525862294882365 -0.025464718955631207 -0.035625003378050156 -0.043954565557526089 -0.018514032696117143 -0.0041196432868014646 0.033673593383627451 -0.033391909666444772 -0.014693488058686553 -0.010924004337494769 -0.02832740147313877 -0.011684489496215582 0.027228234579056983 -0.0033174639568914741 -0.0024004815707228556 0.027856358949884127 -0.014606906209163554 0.045153806873166502 -0.050808092995202704 -0.018031027840319163 -0.0083887873392175568 0.01056825937033759 0.016578350159385299 -0.0095858160701906159 0.044788947603812142 -0.010937148552193186 -0.032183788188482935 -0.0081656822519637507 0.0046690903529526609 0.011724940357973085 0.031286366353898906 0.0094529720275939155 0.043403512321675081 0.04292793557577379 -0.032520186945645589 -0.0023339413670355452 0.00045676928163207957 0.0083857728988857034 0.0058861071304510864 -0.051592473740382498 -0.038980649469689287 0.049670940945217325 -0.0014841259984931714 -0.013412919051169068 0.00065034498329127779 0.011088168400029262 0.0067007167733855386 -0.014165431285787797 0.022697159269354464
leaf_weight=15.571840872988103 15.43506568670273 15.249024406075476 10.558649875223635 12.47254227474332 13.950918916612862 19.58162922039628 14.126777777448298 16.775880724191669 13.378691426478325 15.742187640629707 16.623084682971239 11.123188565950842 16.533887410536408 13.186659466475247 11.587251762859525 15.359849218279125 11.622275322675703 13.734328201040627 6.1139910491183427 21.445397231262177 16.613076786510646 20.796904501505196 15.357642132788898 14.193482724949716 13.990979081019761 17.334600122645497 12.546710177324714 19.955339934676886 13.784739548340438 23.958155630156394 14.816784754395483 16.968468338251117 14.709232213906942 11.013095228001477 12.633396698161961 14.803242262452839 12.1966361310333 10.876024963334201 8.4261610219255072 9.3445340450853092 11.182176164351402 13.896850208751856 12.15529298968613 19.761684320867065 13.322409693151711 15.312115068547426 13.567736152559517 8.1268757069483382 14.308459032326935
leaf_count=123 92 109 94 72 93 130 88 143 90 98 102 101 106 94 84 102 86 92 62 159 117 136 94 109 81 131 91 130 89 140 90 104 87 76 90 123 88 76 142 85 79 93 83 123 101 90 87 132 85
internal_value=0 -0.00150184 -0.000876359 -0.000228374 0.0026151 0.0059436 -0.0064479 -0.00371894 0.0113737 0.0135399 -0.00510725 -0.00311615 0.00189066 0.00528197 -0.0127646 -0.0046054 0.00969739 0.0161449 -0.00160344 0.00506989 -0.0245942 -0.00403212 0.0191719 0.0146212 0.0185359 0.0108446 0.000919155 0.00895938 -0.013426 0.0031598 0.00854949 0.0175436 0.0260634 0.0105641 0.00268337 0.0178553 0.0240471 -0.0140261 -0.0183906 -0.031459 -0.0212493 0.0334206 -0.0204835 0.000316595 0.0197503 0.0281259 0.0211534 -0.0321986 0.0348716
internal_weight=0 639.168 623.919 608.348 384.639 281.572 103.067 101.419 180.153 166.775 223.709 207.086 136.866 126.308 70.2193 49.7516 26.9821 151.032 81.4432 58.7762 29.0856 42.2423 131.451 103.408 89.2146 59.9601 73.9813 47.6499 26.3314 72.4875 58.5366 44.8644 31.6777 76.9575 49.3258 25.8163 27.6317 23.5094 22.667 20.4677 22.7694 29.2545 28.9312 43.7198 42.6255 29.3031 27.6945 14.2409 28.0428
internal_count=5072 4527 4418 4295 2540 1866 674 672 1194 1104 1755 1653 1116 1022 537 351 188 1006 737 401 189 295 876 699 590 403 485 305 180 446 353 285 191 545 365 199 180 166 336 186 163 187 226 263 272 171 175 194 177
is_linear=0
shrinkage=0.05


Tree=126
num_leaves=47
num_cat=0
split_feature=165 298 299 170 10 101 39 66 31 71 91 108 99 288 205 78 98 55 279 14 98 31 291 31 115 199 191 1 199 229 36 101 35 290 46 110 98 9 143 55 7 35 203 285 111 36
split_gain=4.14747 6.59572 2.94624 6.51065 5.08447 4.30113 3.65773 3.05328 4.88943 3.91926 4.29276 3.79644 3.54898 4.38352 6.11794 5.50332 5.07961 4.93503 4.73416 5.11692 4.19632 4.29647 4.37391 4.65312 3.97417 3.72483 3.44193 3.81867 3.33221 4.74864 3.34808 3.32672 4.9876 2.98539 4.65593 2.78702 2.77405 2.66777 3.43873 2.65215 3.95725 3.20112 4.57506 2.25138 2.14152 1.43915
threshold=3.7500000000000004 0.2678571428571429 0.97469637431808431 1.5000000000000002 1.0000000180025095e-35 8.5000000000000018 0.47727272727272735 1.5000000000000002 1.6969565217391305 80.500000000000014 59.500000000000007 26.250000000000004 6.6250000000000009 0.94138322595482449 3.5000000000000004 0.54164999999999719 0.62500000000000011 827.50000000000011 -3.1391730554712081 0.097222222222222224 1.5178500000000004 0.37304347826086975 1.1342342342342344 1.5834782608695654 105.00000000000001 47.500000000000007 6.5000000000000009 80.125000000000014 12.500000000000002 5.5000000000000009 1.320978438427026 7.5000000000000009 0.48065123467383375 10.500000000000002 147.50000000000003 118.75000000000001 0.62500000000000011 1.7500000000000002 9.6875000000000018 742.50000000000011 8.2500000000000018 0.72330837703699991 1.0000000180025095e-35 11.937500000000002 115.00000000000001 1.3702920998562937
decision_type=2 2 2 2 2 2 2 2 2 2 2 2 2 2 2 2 2 2 2 2 2 2 2 2 2 2 2 2 2 2 2 2 2 2 2 2 2 2 2 2 2 2 2 2 2 2
left_child=1 -1 3 7 -4 -6 -5 12 11 10 -10 33 20 14 18 -15 45 25 -14 24 21 -3 31 -24 37 -18 27 -26 29 -21 44 32 -23 34 -9 -33 -29 38 -20 -36 -41 42 -42 -37 -30 -16
right_child=-2 2 4 6 5 -7 -8 8 9 -11 -12 -13 13 15 16 -17 17 -19 19 28 -22 22 23 -25 26 -27 -28 36 30 -31 -32 35 -34 -35 39 43 -38 -39 -40 40 41 -43 -44 -45 -46 -47
leaf_value=-0.034201079288906359 0.023700245282004713 0.030317210226842917 0.012813061428269226 0.0048137331055764718 6.2623357306055809e-05 -0.032547712833163787 0.038384294615700476 -0.026549447138048105 0.040361743591396042 0.051062503896705108 -0.0022294591858483363 -0.023341787549982392 -0.030131205687611403 0.032645274923533384 -0.023056937272075976 -0.0064239862720558497 -0.0093712043520054033 -0.032065613275472284 0.018866637516465806 -0.020294472774892585 -0.01840295807554863 0.012785966430821744 0.0016687049161614191 0.042486812587337289 0.0088214282381218635 0.025935729850810382 0.012175978153507546 -0.003513153028180479 -0.044236173408472274 0.021568656851558156 -0.00010208877248075359 0.027418998032478943 -0.027542425125234873 0.020519822654713943 -0.010505184996798205 0.011127738296261049 -0.03456259067838937 0.030232473127966838 -0.010928208071358558 0.030934650207400646 -0.023239387115045224 0.019922811239189965 0.015066601938417308 -0.017675373502160724 -0.011753626643209522 -0.046248218698296512
leaf_weight=13.014157366007565 17.565428134053946 17.713130762800574 16.27209085971117 15.470751188695429 16.825252946466208 24.325335757806897 16.855113323777914 12.635622113943098 7.8960325587540892 8.1580859282985312 17.374074822291732 12.680442587006835 13.181489150971172 15.734663528855888 21.778474843129516 18.951418804936111 18.380390224047009 12.386588001623748 23.772979963570833 11.854342618025841 15.804445956833659 10.862719767261295 15.14102021418512 12.09388606995344 15.587714316323398 11.195280333049594 24.561213757842779 12.912214869633319 14.052516852505507 13.32916033733636 11.915007221978156 11.044178147800265 21.649781024083495 22.295373003929853 19.935237600468099 14.309883162379267 15.983895844779907 18.61447486281395 15.058835815638302 15.704880204051731 17.373502302914861 15.887534460052846 12.640114839188753 11.194082210771738 9.0758071010932309 12.88723601028323
leaf_count=96 108 107 99 99 99 152 92 81 120 55 157 102 104 117 140 146 127 87 142 83 125 93 90 102 119 76 152 82 117 90 122 74 149 141 142 87 100 110 80 98 132 93 90 101 86 108
internal_value=0 -0.000240511 0.000445259 0.00143033 -0.0103018 -0.0195292 0.0229444 0.000242114 0.00607774 0.0228223 0.0121086 0.00160175 -0.00191802 -0.00481101 -0.00691896 0.0117172 -0.0188339 -0.00685656 -0.00228058 -0.000164413 0.00500138 0.0083776 0.00407179 0.0206571 0.00554202 0.00440468 -0.00254583 -0.0107633 -0.0120441 0.00184042 -0.0217963 -0.00267033 -0.0140889 0.00449296 0.000523039 0.00759209 -0.0212698 0.0151401 0.00732802 0.00498901 0.0100905 0.00245129 -0.00714134 -0.0017043 -0.0325051 -0.0327335
internal_weight=0 706.37 693.356 635.934 57.4227 41.1506 32.3259 603.608 162.581 33.4282 25.2701 129.153 441.027 311.214 276.528 34.6861 76.628 41.9623 199.9 186.718 129.813 114.009 96.2956 27.2349 126.491 29.5757 69.045 44.4838 60.2268 25.1835 35.0433 69.0606 32.5125 116.472 94.1769 36.5481 28.8961 57.4463 38.8318 81.5413 61.606 45.9012 30.0136 25.504 23.1283 34.6657
internal_count=5072 4964 4868 4518 350 251 191 4327 1211 332 277 879 3116 2188 1925 263 538 290 1387 1283 928 803 696 192 785 203 453 301 498 173 325 504 242 777 636 262 182 332 222 555 413 315 222 188 203 248
is_linear=0
shrinkage=0.05


Tree=127
num_leaves=48
num_cat=0
split_feature=9 54 284 290 114 76 260 57 117 3 3 98 283 123 28 279 197 125 189 284 108 123 55 213 291 282 198 209 12 47 220 98 151 279 117 98 57 56 259 55 66 55 259 58 283 189 297
split_gain=2.89533 3.70674 2.94872 4.21123 3.16041 5.52491 5.25151 5.55685 5.48072 4.2517 5.57795 4.0276 4.76043 3.97205 3.96005 4.7903 3.82928 3.73986 3.2838 3.13011 6.10709 4.20489 5.11233 4.45506 4.15484 5.09202 4.86408 6.21548 3.15121 3.95958 5.0006 3.91899 3.12812 4.45657 3.04289 2.82038 2.73495 2.56978 2.44756 2.36103 2.3138 2.27823 1.83669 1.74638 1.73683 1.69681 1.63421
threshold=6.5000000000000009 632.50000000000011 2.8452380952380958 10.500000000000002 145.00000000000003 1.5000000000000002 5.6250743046617364 10.500000000000002 7.3958250000000012 84.750000000000014 82.250000000000014 0.31250000000000006 -0.08514492753623186 7.5000000000000009 1.0000000180025095e-35 -1.8946598585331469 1.0000000180025095e-35 7.5000000000000009 53.500000000000007 1.5266106442577032 3.035699999999999 7.5000000000000009 797.50000000000011 1.5000000000000002 0.96424010217113676 -2.2499999999999996 1.6250000000000002 4.7500000000000009 0.062500000000000014 -0.04879651560965214 6.5000000000000009 1.0416500000000004 9.5000000000000018 -1.9314438166372132 7.5625000000000009 0.31250000000000006 12.250000000000002 12.250000000000002 -8.6405930605580981 817.50000000000011 1.0000000180025095e-35 822.50000000000011 -5.7579582143146295 11.500000000000002 -0.11324786324786323 29.500000000000004 4.7500000000000009
decision_type=2 2 2 2 2 2 2 2 2 2 2 2 2 2 2 2 2 2 2 2 2 2 2 2 2 2 2 2 2 2 2 2 2 2 2 2 2 2 2 2 2 2 2 2 2 2 2
left_child=1 36 4 41 6 9 7 8 14 10 37 -10 -13 43 15 -3 -14 35 -11 20 34 23 -23 -22 25 -21 -27 40 39 30 31 45 -7 -34 -19 -9 -1 -6 -37 -26 -28 -4 -40 -8 -42 -30 -39
right_child=-2 2 3 -5 5 32 13 17 11 18 -12 12 16 -15 -16 -17 -18 19 -20 24 21 22 -24 -25 28 26 27 -29 29 -31 -32 -33 33 -35 -36 38 -38 46 42 -41 44 -43 -44 -45 -46 -47 -48
leaf_value=-0.0020138900159168043 0.019256352881345626 -0.029248694496553058 -0.0089310544599199067 0.012264324167293894 0.0023267046135828011 -0.014590815622166742 0.015756642253827457 0.036175294252019687 -0.016119274771115685 -0.041677530461360968 0.018223168679747204 0.025021289206282667 -0.028098970885029346 0.00054517052186221857 -0.039917621770149007 0.0054198001232383004 0.013688602513103451 -0.025636942999731488 -0.0080632876832163469 0.010324160735054705 0.053721292157325545 0.026359168685320081 -0.017765638236056439 0.012641017897696278 0.0075041220148928632 0.012927673182466452 -0.01113650533650961 0.0077239449158594351 0.0014258736156928338 0.024102235876548004 -0.033318137161584514 -0.020469574545303459 -0.0021086727668369579 0.035027340444753217 0.0062035415112459899 0.02431034649473069 -0.028493157136623988 -0.011334388357375224 -0.013764524521856586 0.034113282605239617 -0.022456224956353896 -0.038843378441522587 0.012117477506775774 0.041102546833301501 -0.047174925647044424 0.026783842407076892 -0.043752508509747212
leaf_weight=19.797174499370158 18.439652912318707 17.158700555562969 14.041484136134388 10.975657537579535 9.8837978104129451 10.198363276198505 15.165208678692581 12.895400913432239 19.897898176684976 17.586228105239574 16.564065415412188 24.024822503328323 9.9438706515356916 19.390160379931331 15.633026564493774 21.50763069558889 10.105814156122504 12.161701647564771 12.881283946335314 27.752556551247835 13.302662955597045 12.701351701281967 11.654817484319208 13.754175284877418 21.993572573177516 12.939723487943409 15.343732373788951 15.22523285076022 14.278569651767613 12.090143333189188 12.122592892497776 11.677880771458147 16.188494898378849 14.917343083769085 16.755336614325643 16.238655965775248 18.536982124205679 8.2169155753217655 11.957286189310251 13.229476941749452 17.830273326486342 11.979682775214313 13.553587416186934 15.220311350189148 16.601417221128948 11.456257307901977 8.4272724175825697
leaf_count=144 148 102 103 86 81 124 91 77 137 159 110 154 89 150 104 128 87 72 91 157 79 92 107 95 134 96 109 101 114 70 85 78 111 101 122 102 144 98 82 86 119 80 95 88 154 68 70
internal_value=0 -0.000307368 0.000583806 -0.0129389 0.00140971 -0.00604323 0.00311159 0.00140919 -0.00787509 -0.0141913 -0.00389047 0.00205943 0.0104419 0.0183655 -0.019405 -0.0103143 -0.00738673 0.00467622 -0.0281737 0.00233636 0.0106224 0.0208193 0.00537681 0.0340332 -0.000986013 -0.00780593 -0.0143106 -0.0198466 0.00646043 -0.000412256 -0.00675408 0.00249659 0.00846025 0.0162368 -0.007597 0.0165289 -0.0152171 -0.0178586 0.00975635 0.0181641 -0.0282659 -0.02363 -7.53697e-05 0.0293577 -0.0353695 0.013294 -0.0292977
internal_weight=0 695.759 657.424 36.9968 620.428 114.864 505.564 455.788 118.272 73.5596 43.0921 63.9724 44.0745 49.7757 54.2994 38.6663 20.0497 337.516 30.4675 282.871 80.33 51.413 24.3562 27.0568 202.541 105.693 77.9404 65.0007 96.8485 61.6254 49.5353 37.4127 41.3042 31.1058 28.917 54.6449 38.3342 26.528 41.7495 35.223 49.7754 26.0212 25.5109 30.3855 34.4317 25.7348 16.6442
internal_count=5074 4926 4638 269 4369 945 3424 3095 801 609 359 467 330 329 334 230 176 2294 250 1938 567 373 199 174 1371 736 579 483 635 415 345 260 336 212 194 356 288 249 279 220 382 183 177 179 273 182 168
is_linear=0
shrinkage=0.05


Tree=128
num_leaves=49
num_cat=0
split_feature=143 128 198 283 284 55 263 261 263 259 32 7 33 158 301 153 190 7 30 32 284 279 286 273 288 60 280 36 36 107 107 195 116 193 148 2 85 14 182 33 93 259 293 4 110 298 40 36
split_gain=3.75249 2.67478 2.56833 2.60048 3.76483 3.82945 3.47793 2.73861 5.07491 3.57206 8.93922 5.1631 4.10366 3.84018 3.86705 3.4232 4.91169 3.29521 3.42775 3.27267 3.04884 3.57863 5.16953 4.03564 4.8421 3.38669 4.48688 4.5036 4.48658 4.10809 3.78826 3.52117 3.11778 2.9909 3.61812 3.76135 2.9095 2.88847 2.87175 2.85026 2.79736 2.78881 2.70036 2.69359 2.23229 1.98327 1.92116 1.03413
threshold=64.250000000000014 0.37500000000000006 61.875000000000007 -0.71130952380952372 2.8989898989898992 827.50000000000011 87.436448521625763 5.0000000000000009 82.599743468989644 -6.6406480621886415 0.6409266409266412 10.500000000000002 -1.2633204633204633 8.5000000000000018 3.4153699843855201e-13 5.5000000000000009 1.3333500000000003 14.250000000000002 3.2517482517482521 0.33281853281853285 2.2761904761904765 -3.0981763323521831 0.37063508054458977 85.566219205020445 0.67802080537253961 86.500000000000014 87.159222127575262 1.1004978106279562 1.2445862636835017 118.12500000000001 102.81250000000001 43.500000000000007 115.00000000000001 8.2500000000000018 7.5000000000000009 79.250000000000014 81.500000000000014 0.069444444444444461 29.500000000000004 -0.39536679536679548 72.500000000000014 -11.731506647196285 -0.7749999999999998 79.250000000000014 111.25000000000001 1.5500000000000003 1.2500000000000002 0.94668831308073165
decision_type=2 2 2 2 2 2 2 2 2 2 2 2 2 2 2 2 2 2 2 2 2 2 2 2 2 2 2 2 2 2 2 2 2 2 2 2 2 2 2 2 2 2 2 2 2 2 2 2
left_child=1 2 3 6 7 -6 -1 8 41 10 36 19 13 14 -13 43 -17 18 20 -11 21 22 -10 24 -23 -25 -27 31 44 30 37 -28 -31 34 35 -14 39 -30 -19 -9 -24 -5 -21 -12 -29 -34 -16 -33
right_child=-2 -3 -4 4 5 -7 -8 9 17 11 15 12 33 -15 46 16 -18 38 -20 42 -22 23 40 25 -26 26 27 28 29 32 -32 47 45 -35 -36 -37 -38 -39 -40 -41 -42 -43 -44 -45 -46 -47 -48 -49
leaf_value=-0.0035347126465531372 0.019336192529178873 -0.021938823910756477 -0.020239319794239763 -0.043346314729639603 -0.0013866401219881342 -0.037555804824327653 0.030829592901686537 -0.032031873743049492 -0.0080132709961516658 0.035379560233371014 0.019353317221225047 -0.02548524163806086 -0.033944115139428056 0.025142867863959098 -0.0065539257049339571 -0.013269667971412115 0.025320068639999263 -0.0024162766727902811 -0.024715886596711201 -0.0068296971198217888 -0.023352493621202963 0.032580964617759132 0.009455965400808319 -0.025677857661247902 -0.0041916471677875726 0.017433155417558528 -0.0021315398682973151 0.0022298357368308107 0.0033130074381683599 -0.033644692724739987 0.019392563223268541 -0.020682551717880943 0.0035528710583713659 0.0020328756684113349 -0.043426789086774283 0.0059911696655086085 0.0094109584760126638 -0.026184040853173513 0.031766565532392599 -0.0009300106477190996 0.043155861464055756 -0.0070005378256765508 0.021308801942067683 0.047790385694601756 0.031393329032112886 -0.022882988188487871 0.027807940686272854 -0.047703874233120072
leaf_weight=13.814003670588137 22.125123612582684 14.121086026541887 15.362288068979977 10.394000606611373 15.792036269791426 12.767982265911995 14.326919954270123 13.546191228553655 17.036999640055001 10.520683713257311 22.595382081344724 13.316453065723183 9.3532732026651519 12.845298131927846 7.6682139476761204 13.482016719877722 18.442761365324259 11.013165484182538 15.736654836684464 20.737794997170568 14.035045426338909 15.596563966013489 12.789617698639633 17.770845012739301 19.002740470692515 21.821472043171525 12.732755667530002 13.839326576329769 22.295076753944159 17.507692043669522 19.873203624039888 9.4100193493068236 17.509250196628276 14.056125513743607 14.631313683465121 13.122713450342415 16.8016257584095 12.044498724862931 12.531330559402702 15.048955094069241 12.325235061347483 10.689676288049666 13.092180017381905 14.998810432851313 11.768129585310815 10.678843742236493 6.9854904860258102 9.5044255983084422
leaf_count=92 139 108 99 75 125 94 75 82 129 70 139 74 123 78 126 89 109 102 122 147 94 97 90 132 149 138 97 98 120 131 135 75 116 114 98 84 96 112 76 86 81 124 120 89 71 106 47 87
internal_value=0 -0.00114188 -0.000672364 -0.000183925 -0.000860444 -0.0182798 0.0144182 -1.03173e-06 -0.00287049 0.00396802 0.0104215 -0.00150811 -0.00824413 0.00355135 -0.00689016 0.0215738 0.00911534 -0.0012989 -0.00271668 0.0123355 -0.00143122 -0.00022535 0.0129988 -0.0026803 0.0128342 -0.00545961 -0.00332069 -0.00629428 -0.0019748 -0.00677611 0.00254296 -0.0228405 -0.0176498 -0.0175416 -0.0248152 -0.0113657 -0.00675342 -0.00748116 0.0163302 -0.0162482 0.0270136 -0.02607 0.00435903 0.0316431 0.0163083 -0.00690302 0.0105566 -0.0359743
internal_weight=0 685.336 671.215 655.853 627.712 28.56 28.1409 599.152 347.907 251.245 114.916 136.33 91.9789 40.8155 27.9702 69.519 31.9248 326.823 303.278 44.3507 287.542 273.507 42.1519 231.355 34.5993 196.756 178.985 157.163 125.516 99.9086 54.2128 31.6472 45.6958 51.1634 37.1073 22.476 45.3968 34.3396 23.5445 28.5951 25.1149 21.0837 33.83 37.5942 25.6075 28.1881 14.6537 18.9144
internal_count=5060 4921 4813 4714 4547 219 167 4328 2557 1771 690 1081 744 325 247 426 198 2358 2180 337 2058 1964 300 1664 246 1418 1286 1148 889 720 367 259 353 419 305 207 264 232 178 168 171 199 267 228 169 222 173 162
is_linear=0
shrinkage=0.05


Tree=129
num_leaves=49
num_cat=0
split_feature=154 48 95 283 6 297 149 260 261 31 116 6 61 110 285 33 74 97 263 212 202 89 33 192 260 227 263 198 114 265 109 285 39 2 29 202 117 277 192 143 8 226 66 221 277 285 284 191
split_gain=3.25788 3.06388 3.16384 3.68796 3.59766 4.86595 4.07629 3.89154 3.82027 3.8457 3.5831 3.63043 3.5486 4.28219 4.53847 3.99397 2.99224 7.11808 5.90874 5.03165 4.69948 4.47238 4.42211 4.01945 3.81544 3.77095 4.0239 3.53624 3.2772 3.57463 3.31122 3.9878 3.54282 3.50024 3.0788 3.11727 3.05854 2.98636 2.801 2.74769 2.73508 2.68541 2.64206 2.29114 2.22217 1.80635 1.50022 1.3613
threshold=78.750000000000014 0.14002664167423898 59.500000000000007 1.0294117647058825 69.250000000000014 8.2500000000000018 30.500000000000004 -3.3465147327195193 5.0000000000000009 0.9365217391304349 65.000000000000014 66.500000000000014 75.500000000000014 76.250000000000014 17.937500000000004 -0.32664092664092698 6.2500000000000009 6.8125000000000009 83.456861022353579 1.1250000000000002 29.500000000000004 75.625000000000014 -0.39536679536679548 35.750000000000007 2.5333067643405589 60.500000000000007 89.170808947947265 23.625000000000004 65.000000000000014 0.4065430693337671 83.750000000000014 8.5625000000000018 0.63068181818181823 84.250000000000014 1.21764705882353 12.500000000000002 7.5625000000000009 -1.9729993968296473 1.0000000180025095e-35 22.750000000000004 47.500000000000007 2.5000000000000004 1.5000000000000002 4.5000000000000009 -1.5443490207976491 11.187500000000002 1.5266106442577032 3.5000000000000004
decision_type=2 2 2 2 2 2 2 2 2 2 2 2 2 2 2 2 2 2 2 2 2 2 2 2 2 2 2 2 2 2 2 2 2 2 2 2 2 2 2 2 2 2 2 2 2 2 2 2
left_child=1 45 12 4 5 6 10 8 9 -6 38 41 13 -3 -15 -14 21 20 -19 42 24 23 27 28 -18 26 -26 46 -9 30 -30 -32 34 -34 35 43 -24 -25 -4 -22 -16 -12 47 -33 -13 -1 -21 -20
right_child=-2 2 3 -5 7 -7 -8 16 -10 -11 11 44 15 14 40 -17 17 18 19 22 39 -23 36 37 25 -27 -28 -29 29 -31 31 32 33 -35 -36 -37 -38 -39 -40 -41 -42 -43 -44 -45 -46 -47 -48 -49
leaf_value=-0.029368211523050098 0.021473128027972341 -0.025843751889740446 -0.012602799676129865 -0.027096993836007451 -0.015827126235516808 0.01916719341193264 0.0095819709859167601 -0.025940594337525592 0.036216285773527659 0.020293346526924549 -0.0062425122782974332 0.017081529814065338 0.0059084894075896073 0.034225922951501571 -0.033143513560087531 0.044738056239133815 0.039460030964617032 0.018687081705969402 -0.047056036381326195 0.03361142730817495 0.012018198070403854 0.02345104678087041 -0.035607026694065506 -0.035242110647234724 0.02194760372731221 0.032501395060123804 -0.010606362016581493 -0.0079108025051190314 0.015027260112613502 0.016658411278492692 0.013822376185942502 -0.0015214962551848025 0.013782517335123007 -0.013882624965966973 -0.0035901390134849527 -0.048723793499753865 -0.0025394358173035148 -0.0040044513838086394 -0.044728588202339284 -0.021051512561646505 0.014454553140482962 -0.034965200671777164 -0.002631877410944318 -0.031383478038852108 -0.011480600974303406 -0.0022949323310764548 0.0079852642897569725 -0.020538385323345912
leaf_weight=13.431440202519299 15.97712294757366 10.046543839387597 13.519294865895064 12.349254265427588 12.095309857279064 13.353735581040381 17.613520326092839 13.254596604034303 13.930433651432393 15.93776388838887 18.005431460216641 14.847560443915429 14.55082667572424 10.412496530450882 5.2816796521656197 11.725141352042554 18.889610595069826 23.008974457159638 9.9519476778805274 11.88972246553749 11.373327500186862 12.807417588308452 10.653450844809415 17.597271163016561 16.17430380359292 16.317941270768642 20.297106254845858 16.321686531417072 18.68808233551681 23.580758459866047 18.322851847857237 12.780345546081664 21.537771165370941 22.205533195286989 20.96708795055747 11.293181695975361 17.907248496077955 13.484358631074427 15.211853777989743 11.849512215703724 4.9867588542401791 14.706608950160442 10.301672628149388 12.134857940487562 11.029655792750416 11.069796274416147 11.720480360090731 13.994027719832955
leaf_count=106 104 88 106 63 77 86 116 89 87 105 135 106 121 96 124 102 128 143 80 85 86 79 85 110 98 94 147 127 115 134 112 100 140 145 152 79 151 86 119 79 50 104 78 80 73 129 80 118
internal_value=0 -0.000696152 -4.76041e-05 -0.00110381 -0.000524187 -0.00829822 -0.0119414 0.00139978 0.0157619 0.00470025 -0.0163422 -0.00898205 0.0111138 -0.000521375 0.0124045 0.0242404 -4.80556e-06 0.00409378 -0.00370467 -0.00885116 0.014358 -0.00414063 -0.000937777 -0.00596241 0.0206215 0.0132723 0.00403107 0.00971834 -0.00295791 -0.000923781 -0.00402794 -0.00711449 -0.0110141 -0.000257614 -0.0190977 -0.0277398 -0.0156613 -0.0222373 -0.0305443 -0.00502817 -0.0107966 -0.0198097 -0.0242017 -0.0167154 0.00493328 -0.017706 0.0217316 -0.0330037
internal_weight=0 693.41 668.909 611.906 599.556 118.288 104.934 481.269 41.9635 28.0331 87.3204 58.5893 57.0034 30.7275 20.6809 26.276 439.305 220.651 125.749 102.74 94.9018 218.654 68.4926 205.847 71.679 52.7894 36.4714 39.9319 174.765 161.51 137.93 119.242 100.919 43.7433 57.1755 36.2084 28.5607 31.0816 28.7311 23.2228 10.2684 32.712 34.2476 24.9152 25.8772 24.5012 23.6102 23.946
internal_count=5097 4993 4758 4177 4114 845 759 3269 269 182 643 418 581 358 270 223 3000 1579 947 804 632 1421 528 1342 467 339 245 292 1146 1057 923 808 696 285 411 259 236 196 225 165 174 239 276 180 179 235 165 198
is_linear=0
shrinkage=0.05


Tree=130
num_leaves=51
num_cat=0
split_feature=299 299 148 35 74 232 112 29 33 44 143 66 99 143 34 299 286 14 214 57 227 73 143 86 259 30 99 184 278 57 232 146 73 201 120 57 285 42 44 57 203 275 187 259 290 289 56 286 181 35
split_gain=2.62151 3.05704 4.05938 3.85206 3.51671 5.31867 3.31455 3.04425 3.33281 3.08288 4.75287 4.23359 4.23966 3.7856 4.22157 3.85513 5.0605 3.84563 4.91632 4.56157 3.46852 5.74833 4.10539 3.34797 3.04156 3.8035 4.26597 4.79145 4.79389 4.14663 3.71291 3.69338 2.88381 3.46237 2.65891 3.42897 2.94376 2.57839 3.24437 2.56492 2.20191 2.16468 1.94719 1.94617 1.9079 1.7996 1.18322 1.12039 0.925853 0.710681
threshold=0.99623398337217672 0.97748311011238076 51.500000000000007 0.72330837703699991 6.2500000000000009 78.250000000000014 175.00000000000003 7.0285714285714294 3.817760617760618 12.500000000000002 42.250000000000007 1.5000000000000002 5.1250000000000009 27.750000000000004 -0.45684045684045699 0.60013984000675025 0.44604504428624814 0.097222222222222224 1.0000000180025095e-35 12.250000000000002 1.5000000000000002 72.250000000000014 2.0833250000000008 68.500000000000014 -4.6108025403692841 2.2338572522260995 8.6250000000000018 29.500000000000004 82.294835782292054 11.250000000000002 42.250000000000007 10.333350000000001 70.250000000000014 3.1666500000000002 7.6250000000000009 14.750000000000002 12.187500000000002 7.5000000000000009 32.500000000000007 11.250000000000002 1.2500000000000002 85.180938189415329 10.250000000000002 -7.0596315634551958 8.5000000000000018 -0.61236746317008228 14.750000000000002 0.2051868506425695 58.500000000000007 0.52243118397129218
decision_type=2 2 2 2 2 2 2 2 2 2 2 2 2 2 2 2 2 2 2 2 2 2 2 2 2 2 2 2 2 2 2 2 2 2 2 2 2 2 2 2 2 2 2 2 2 2 2 2 2 2
left_child=1 2 7 6 5 48 45 8 9 11 13 12 -1 15 -15 16 17 18 19 -11 47 22 -22 -13 25 26 31 28 -28 -30 -26 39 -19 43 -25 36 -36 38 -20 -23 -32 -2 -10 -34 -35 -4 -21 -14 -3 -39
right_child=41 4 3 -5 -6 -7 -8 -9 42 10 -12 23 20 14 -16 -17 -18 32 37 46 21 24 -24 34 30 -27 27 -29 29 -31 40 -33 33 44 35 -37 -38 49 -40 -41 -42 -43 -44 -45 -46 -47 -48 -49 -50 -51
leaf_value=-0.031095151221071878 0.028444369053124054 -0.021635491171310507 -0.00042497355239613744 0.034156290249762397 0.0060486650562782338 0.0040067864739372324 -0.014998967627820435 0.020425042086743297 -0.034440508635532788 -0.001442738120028572 -0.030111570211172306 0.027435741317726033 -0.03459495719600305 2.8014708934803839e-05 0.039819094661442032 -0.021692258258280781 0.026917945608145574 -0.038538355063249208 -0.030436212397027193 0.046753272565386791 0.03022307199665893 0.037222928510243156 -0.0058511958912494839 0.013516486338997342 -0.03592779014624678 -0.028985370871443972 -0.025589348861983864 -0.032493215452593024 -0.011500638284540829 0.019770099338354958 -0.020656137603735084 -0.0090675150761551481 -0.0049300018148944391 -0.034241987099518714 0.0020913011153543908 0.011337088939075857 -0.026911538914352152 0.01586122005798089 0.0036570356980879927 0.0079064356838606329 0.0083499286104111812 -0.00034642930796627015 -0.0053580019008110848 0.024787427251083547 -0.00096759184668534007 0.025059481179881323 0.020173674292958507 -0.011438637536648514 -0.04465874498067799 -0.00048732021955906609
leaf_weight=17.811909269541502 12.267925078049304 11.715066555887462 12.09851681999862 13.536180123686789 16.147781230509281 13.202044095844029 14.01193701289594 13.59993186406791 11.679752696305515 13.966841829940675 9.3269033674150688 12.430664668790994 11.864295522682371 12.022707661613824 13.963470462709664 14.731949372217057 20.301891151815653 6.94809591397643 13.141557717695834 10.607004828751089 17.950228299479935 12.370886260643603 13.031799481250344 25.036619987338781 17.871291971765459 12.542497646063564 14.362870696932076 15.268120476976035 17.190588658675551 24.690369514748454 11.891388268209996 15.165228476747869 11.785519147291781 10.03099815035239 14.691597774624823 18.057904560118914 20.149159264750779 13.033399926498534 13.39776860270649 18.504479123279452 12.460553536191581 12.806658525019882 11.336957514286039 8.9206291879527253 7.1663635410368434 15.104926887899639 10.736772472504525 11.260428303852676 12.603493638336657 12.52037918101996
leaf_count=131 80 79 73 78 98 76 88 86 75 92 62 104 83 93 104 125 152 138 105 73 122 78 89 159 143 85 86 111 110 147 88 103 107 143 93 118 156 80 108 122 75 82 85 83 64 91 87 84 81 82
internal_value=0 -0.00186528 -0.000877497 0.012006 -0.0132066 -0.0214355 0.0040945 -0.00212553 -0.00270839 -0.00189 0.00296855 -0.00483193 -0.00824401 0.00471168 0.0220927 0.00189653 0.00430086 0.000653066 0.00674272 0.0208712 -0.00631758 -0.00416786 0.0153408 0.00437936 -0.0077437 -0.00389206 -0.000992772 -0.00859212 -0.00164958 0.00696574 -0.0192465 0.0107426 -0.0111023 -0.00521163 0.000400888 -0.00594225 -0.0149645 -0.0030468 -0.0137172 0.020452 -0.00607021 0.0142903 -0.0209354 0.008425 -0.0211913 0.0141123 0.034884 -0.0242607 -0.0348603 0.00813436
internal_weight=0 682.242 628.573 54.7516 53.6684 37.5206 41.2154 573.822 560.222 537.205 202.602 334.603 244.237 193.275 25.9862 167.289 152.557 132.255 87.4037 35.3106 226.425 203.3 30.982 90.3659 172.318 130.095 117.553 71.5119 56.2438 41.881 42.2232 46.0406 44.8516 37.9035 77.9353 52.8987 34.8408 52.0931 26.5393 30.8754 24.3519 25.0746 23.0167 20.7061 17.1974 27.2034 21.3438 23.1247 24.3186 25.5538
internal_count=5057 4895 4561 330 334 236 252 4231 4145 3985 1698 2287 1657 1636 197 1439 1314 1162 627 252 1526 1359 211 630 1148 842 757 454 343 257 306 303 535 397 526 367 249 375 213 200 163 162 160 190 207 164 160 167 160 162
is_linear=0
shrinkage=0.05


Tree=131
num_leaves=49
num_cat=0
split_feature=154 128 110 282 57 63 28 288 147 301 78 57 36 72 299 287 287 0 0 73 105 31 157 259 10 44 74 220 58 291 47 109 282 31 41 38 0 202 113 277 209 289 226 77 288 0 286 62
split_gain=3.94332 3.99963 3.2476 3.64284 5.23514 4.82563 3.82738 3.73869 4.34122 3.78077 3.61526 4.11765 4.34618 3.5328 3.16883 3.11605 3.02432 2.83789 2.95564 3.62522 2.60565 4.09811 3.08823 2.89403 2.70977 3.03693 4.83026 5.89878 3.19712 4.28805 4.41213 3.79291 4.19253 4.47461 3.71091 3.63592 3.18874 4.30042 2.84525 2.79275 2.5149 3.47883 2.18013 2.03118 1.92061 2.02718 1.40958 1.32186
threshold=79.250000000000014 0.37500000000000006 43.750000000000007 0.75000000000000011 11.250000000000002 84.250000000000014 1.0000000180025095e-35 0.99274428880883148 13.500000000000002 0.023066361489553822 1.0000000180025095e-35 16.500000000000004 1.7795727712383946 84.250000000000014 0.82126781405210392 3.6215671453240148e-17 0.99999999999999378 81.500000000000014 78.250000000000014 69.750000000000014 15.500000000000002 0.44608695652173924 0.75000000000000011 -13.285074280676438 0.54166666666666685 7.5000000000000009 6.2500000000000009 5.5000000000000009 24.500000000000004 0.69782608695652182 0.77803906379681831 166.25000000000003 -1.7499999999999998 0.84782608695652184 8.5000000000000018 0.37500000000000006 78.250000000000014 19.500000000000004 105.00000000000001 -1.9375823955857376 4.0833250000000012 -0.72694848937061807 8.5000000000000018 84.312500000000014 -0.17647087149565668 84.250000000000014 0.33801613158695043 83.500000000000014
decision_type=2 2 2 2 2 2 2 2 2 2 2 2 2 2 2 2 2 2 2 2 2 2 2 2 2 2 2 2 2 2 2 2 2 2 2 2 2 2 2 2 2 2 2 2 2 2 2 2
left_child=1 2 -1 7 5 -5 17 8 9 20 -10 12 13 -12 -14 -11 -7 18 19 -6 22 -22 -4 -23 25 26 27 44 29 34 31 32 46 47 -27 -35 -28 42 -30 -26 41 -15 -38 -44 45 -24 -31 -34
right_child=-2 -3 3 4 6 16 -8 -9 10 15 11 -13 14 40 -16 -17 -18 -19 -20 -21 21 23 24 -25 39 28 36 -29 38 30 -32 -33 33 35 -36 -37 37 -39 -40 -41 -42 -43 43 -45 -46 -47 -48 -49
leaf_value=-0.0211802858335641 0.026440344289503648 -0.0240000294523285 0.023898932205526961 -0.045795048834100793 0.022310586817688566 -0.025447192959552646 -0.028167820810282802 -0.021105792202644261 0.020230956364005036 0.0043005194227651892 -0.033774974708453441 0.014808367700542108 0.022404141151581968 -0.035179969776161162 -0.012114447553041183 -0.039052710729491055 0.012219185688210165 -0.015305859916440741 0.031070878794189558 -0.011802458304068546 -0.0030120353072146007 0.010180783949002726 0.0022013709065491897 0.041591174732761707 0.0071107891348503238 0.039755276570083521 -0.013783682489373894 0.012194894922625616 0.0088706151511746493 0.01137733891304012 -0.023936057022970025 -0.018875381376007291 -0.0011036841387435192 0.031731991832604715 0.0031036077091921689 -0.00079884908640365715 0.0046534459440584607 -0.0067567602289660246 0.04117552860797867 -0.031459717875798085 0.0036367639813203925 -0.0045391387281257557 0.038598050752878449 0.012231328544231628 -0.034865253102414277 -0.024873229111111703 0.034352087877226122 -0.0225429627748749
leaf_weight=15.640158973634241 13.435139954090117 15.886246985755859 20.258393298834562 13.283465351443736 12.615022383630278 9.800924114882946 8.7395346993580443 15.016756255179642 12.545629024505613 7.8693309389054757 20.696353293955326 17.583532052114606 13.917076598852875 15.232716094702477 11.131448138505219 7.3575236815959215 9.6513377632945776 11.505961726419626 12.64742201939225 17.235165057703853 15.406062718480824 13.830162849277256 12.785797387361528 16.929096665233377 7.9361108094453838 15.211851710453631 13.447799263522027 18.589389286935329 14.602796988561751 13.31100071407854 13.072442118078468 12.579984882846473 13.650165587663659 14.82827474363148 12.349142041057346 18.676952231675386 15.770002778619526 20.539668591693044 13.060741571709512 9.4951771823689324 21.56100548710674 22.391071666032079 17.699047205969695 14.148151364177464 15.180292073637245 13.679160028696058 16.109435446560383 14.44896757788956
leaf_count=137 92 117 124 138 154 78 149 116 75 110 118 108 97 109 80 102 83 113 78 112 92 80 84 100 84 101 85 108 103 85 90 87 80 102 78 148 96 133 76 86 137 153 97 86 91 85 91 94
internal_value=0 3.52513e-05 0.000636466 0.00118607 -0.00779439 -0.0236786 0.000734523 0.00272046 0.00341077 0.00595333 -0.0043475 -0.0070078 -0.0107689 -0.016419 0.00718807 -0.0177632 -0.00707514 0.00583893 0.011784 0.00286998 0.0069039 0.0179636 0.0054042 0.0282335 0.0042043 0.0052843 -0.000137393 -0.0107784 0.00973276 0.00664733 0.00237522 0.00589216 0.00948304 0.00195049 0.0240166 0.0141006 0.0077524 0.0121395 0.0250271 -0.0144663 -0.00988942 -0.0175343 0.0202617 0.0276136 -0.0210786 -0.012189 0.0246731 -0.0125239
internal_weight=0 689.904 674.018 658.377 95.4788 32.7357 62.7431 562.899 547.882 412.823 135.059 122.513 104.93 79.8811 25.0485 15.2269 19.4523 54.0036 42.4976 29.8502 397.596 46.1653 351.431 30.7593 331.172 313.741 141.839 60.2346 171.902 144.238 116.677 103.605 91.0248 61.6044 27.561 33.5052 81.6047 68.1569 27.6635 17.4313 59.1848 37.6238 47.6172 31.8472 41.6452 26.465 29.4204 28.0991
internal_count=5022 4930 4813 4676 905 299 606 3771 3655 2778 877 802 694 517 177 212 161 457 344 266 2566 272 2294 180 2170 2000 865 368 1135 956 777 687 600 424 179 250 497 412 179 170 399 262 279 183 260 169 176 174
is_linear=0
shrinkage=0.05


Tree=132
num_leaves=48
num_cat=0
split_feature=170 291 114 108 288 279 207 39 54 46 285 286 200 235 5 31 212 88 232 107 272 113 297 46 87 31 115 29 58 149 44 57 259 2 279 272 54 148 235 289 277 191 54 157 8 143 277
split_gain=3.2789 3.70625 6.08385 4.30645 4.76288 3.8259 3.78861 3.59223 4.7495 3.27739 5.38295 3.75422 5.19615 7.89581 5.48507 4.86806 4.20384 5.40727 3.95636 4.37079 6.1589 6.42321 4.64705 4.40224 5.11594 4.21858 3.71889 3.01736 3.64627 3.29468 2.97568 4.88838 2.95142 2.93115 2.91494 3.70395 3.12192 2.58464 2.49325 2.43232 2.35378 2.15953 1.95665 1.74948 1.6532 1.59742 1.58645
threshold=4.5000000000000009 0.96424010217113676 25.000000000000004 26.250000000000004 0.95752911693909493 -0.96987192884618578 1.0000000180025095e-35 0.41428571428571431 792.50000000000011 167.50000000000003 9.5625000000000018 0.64844156258151242 1.0000000180025095e-35 18.500000000000004 82.250000000000014 0.30376058723884819 6.1666500000000015 1.1250000000000002 522.25000000000011 138.12500000000006 -1.3439836836725456 165.00000000000003 3.7500000000000004 152.50000000000003 64.937500000000014 0.34173913043478271 125.00000000000001 0.34285714285714336 15.500000000000002 15.250000000000002 12.500000000000002 14.750000000000002 -3.2630013307399786 84.750000000000014 -2.3164282176164299 -2.3763757440718889 747.50000000000011 2.5000000000000004 9.5000000000000018 -0.15950993297387572 -1.8108679856616208 2.5000000000000004 777.50000000000011 4.5000000000000009 27.500000000000004 2.0833250000000008 -1.7601570969248985
decision_type=2 2 2 2 2 2 2 2 2 2 2 2 2 2 2 2 2 2 2 2 2 2 2 2 2 2 2 2 2 2 2 2 2 2 2 2 2 2 2 2 2 2 2 2 2 2 2
left_child=1 9 45 4 5 7 -5 8 -4 11 -11 16 13 15 -15 -13 18 -18 19 22 21 40 46 41 37 -26 33 28 -12 -29 34 -32 -17 -27 35 -9 -36 -25 -14 -38 -21 -24 -28 -23 -35 -3 -1
right_child=-2 2 3 6 -6 -7 -8 30 -10 10 27 12 38 14 -16 32 17 -19 -20 20 -22 43 23 24 25 26 42 29 -30 -31 31 -33 -34 44 36 -37 39 -39 -40 -41 -42 -43 -44 -45 -46 -47 -48
leaf_value=-0.038745130307950945 0.023166276350846414 -0.040494863838846838 0.013083330388351478 -0.027575460450334661 -0.016671073753746511 0.032540645410652373 0.0075333974193267069 0.010513149551375561 -0.024700089385336108 -0.038634188474023744 -0.037089207603477656 0.018261638543435661 0.0070938261796560089 0.0029410121101520279 0.042416595512544737 -0.023967530237321542 -0.0032715658426932291 -0.048956481084586279 -0.025197490539992064 0.020030948274992539 -0.021733750529383405 0.011893869163623094 -0.030944004964055125 0.001447149845130252 -0.027341843155347597 0.024263737316583361 -0.00099449253939241315 0.020697063450645606 0.0021874389846639592 -0.014604557531044549 0.0071961162329275382 0.042499900522889766 0.0068042556152543704 -0.01225891101775415 0.03262046848439417 -0.021888041100178848 0.021128484287468413 0.02961565293735334 -0.019425173228709614 -0.0048609649938324432 0.053401442956498013 -0.003801799622475031 -0.02814241698011102 -0.020931488134265566 0.0097035804247062839 -0.0065746181328656438 -0.010909611793393888
leaf_weight=10.542009556666018 14.08486953563988 7.4661111701279861 15.846356178168209 14.966656693257393 15.038373694755135 19.065501196309924 14.158336606808005 19.218477912247181 15.517608758062122 15.014141073450444 11.11564752738923 19.753165509551764 13.237141246907411 13.536435823887585 25.012669004499912 19.995381550863389 14.830799656920137 10.716555110178886 16.903075222857296 13.094476841390131 9.6205702805891615 7.0862139593809825 15.150403975509109 13.159002454951404 14.335492845624684 18.787269877269864 14.160495383664967 15.397519610822203 11.329743751324711 10.16836949624121 21.046562233939767 18.207260474562645 11.813144501298664 14.496797433122991 16.013089256361127 14.686701729893683 14.678599830716843 20.832124753855169 23.46437550149858 20.458519194275144 10.884643730707468 13.998147737234829 11.62026043795049 7.2378966929391026 18.165514018386602 6.6608849437907338 11.173753641545771
leaf_count=79 96 121 123 121 125 131 118 112 132 109 86 126 85 86 142 147 109 85 139 106 88 102 89 91 99 120 101 121 84 80 134 114 81 88 95 92 84 138 150 130 77 94 93 68 153 52 82
internal_value=0 -0.000398056 0.00472073 0.00681208 0.00956134 0.011901 -0.0108247 0.00918163 -0.00579595 -0.00301488 -0.0135073 -0.00130484 0.00574949 0.0121729 0.0289797 -0.000704633 -0.00466682 -0.0235576 -0.00257736 -0.000768816 0.0124664 0.0213908 -0.00441408 -0.00130467 0.00279427 -0.00338601 0.00135333 -0.00502166 -0.0180159 0.00663525 0.0129767 0.0242202 -0.0126803 0.00907754 0.00756652 -0.00374705 0.0149938 0.0190638 -0.0099261 0.00628041 0.03671 -0.0184678 -0.0138249 -0.00497615 -0.00011882 -0.0259934 -0.0255333
internal_weight=0 689.662 233.029 218.902 189.777 174.739 29.125 155.673 31.364 456.633 63.0254 393.608 126.812 90.1108 38.5491 51.5617 266.796 25.5474 241.248 224.345 47.9238 38.3032 176.421 154.706 125.557 91.5658 77.2303 48.0113 22.4454 25.5659 124.309 39.2538 31.8085 51.4496 85.0554 33.9052 51.1502 33.9911 36.7015 35.1371 23.9791 29.1486 25.7808 14.3241 32.6623 14.127 21.7158
internal_count=5078 4982 1684 1511 1272 1147 239 1016 255 3298 480 2818 817 582 228 354 2001 194 1807 1668 441 353 1227 1066 883 654 555 371 170 201 761 248 228 361 513 204 309 229 235 214 183 183 194 170 241 173 161
is_linear=0
shrinkage=0.05


Tree=133
num_leaves=51
num_cat=0
split_feature=202 33 104 143 202 112 287 56 290 149 298 118 110 32 34 237 146 108 58 118 280 210 137 10 0 233 104 284 263 210 44 98 145 235 201 272 31 57 209 279 90 234 234 32 155 29 97 115 113 279
split_gain=4.05137 7.23772 3.39074 3.96631 3.51436 4.24451 3.20672 2.8637 3.10948 2.83442 2.84937 6.95085 5.77175 4.87932 4.59971 4.54535 4.35823 4.32413 4.20895 4.19485 4.40098 4.63596 5.00077 4.12916 4.6054 4.96723 4.5828 3.78919 3.90838 3.72093 3.63676 3.51128 3.46751 3.23894 3.21389 3.00304 2.87017 2.84814 3.99932 2.82632 2.62956 3.58815 3.39856 2.81382 3.13853 2.52067 2.51783 4.39466 2.15102 1.95633
threshold=98.500000000000014 -0.76602316602316578 2.5000000000000004 36.250000000000007 97.500000000000014 345.00000000000006 0.99999999999999178 12.250000000000002 7.5000000000000009 3.2500000000000004 2.3666666666666671 0.87500000000000011 118.75000000000001 1.9111969111969114 -0.70679590679590665 0.14585000000000001 11.500000000000002 16.250000000000004 15.500000000000002 0.87500000000000011 84.801166126059428 5.5000000000000009 8.2500000000000018 0.20833333333333334 85.250000000000014 34.500000000000007 5.5000000000000009 1.5339366515837105 88.444643390935639 6.5000000000000009 7.5000000000000009 0.7916500000000003 1.5000000000000002 1.5000000000000002 7.2500000000000009 -2.2526631105024202 1.150434782608696 14.750000000000002 2.2500000000000004 -2.4463392441320448 69.375000000000014 26.500000000000004 42.500000000000007 1.3112473125366557 47.500000000000007 -1.1999999999999993 8.1875000000000018 105.00000000000001 95.000000000000014 -1.6097469640963531
decision_type=2 2 2 2 2 2 2 2 2 2 2 2 2 2 2 2 2 2 2 2 2 2 2 2 2 2 2 2 2 2 2 2 2 2 2 2 2 2 2 2 2 2 2 2 2 2 2 2 2 2
left_child=2 -2 3 7 5 9 -3 -1 -9 -4 13 12 14 15 -12 19 29 18 -14 20 21 33 -23 24 25 -22 -27 35 -29 32 -30 37 -15 -11 -33 -26 -16 38 -21 -5 -25 -42 -43 44 -44 -35 -47 -48 -34 -7
right_child=1 6 4 39 -6 49 -8 8 -10 10 11 -13 17 16 36 -17 -18 -19 -20 31 23 22 -24 40 27 26 -28 28 30 -31 -32 34 48 45 -36 -37 -38 -39 -40 -41 41 42 43 -45 -46 46 47 -49 -50 -51
leaf_value=-0.038393785858959389 -0.0087149985496067697 0.010208249578075798 -0.016992362674625096 -0.013944011583839275 -0.025032774225062084 -0.042531753387833535 0.047006241723080974 -0.030896763429494808 0.0039802537126191464 0.0018242149502952665 -0.0052853005727442328 0.037486529411334422 -0.046795825666678621 -0.032694102465671386 0.0078572950758432833 -0.026919609562558219 -0.03625321937324872 0.013308967191598671 -0.002361087993636875 -0.0062672206895528952 0.013313811062206062 -0.019564748332545692 0.017736144656033254 -0.03167562478199467 0.045468639273803173 -0.0013523421858935621 -0.035190049422758052 0.025368935944070053 -0.019596523897477947 0.022306744196222469 0.011308841060204362 -0.0083075193403781711 0.015156796101565381 0.044444329825175016 0.021100906839626475 0.012320839197579904 0.041501608989818563 0.0026690548793718532 -0.044072180295987279 0.016785149381195557 0.022036676936953398 -0.037667428643845646 -0.036114117672932523 0.015222828136468436 0.0056311310194204515 0.035577284476901574 0.027899718339359211 -0.010228857430353502 -0.015809931898014665 -0.0059722493091043391
leaf_weight=14.9417721433565 19.013731698971242 11.080267728306353 19.53325529769063 12.979675114154817 12.742235307581721 7.0088160568848252 13.692701110616326 9.9201259608380514 14.934515945613382 17.763430855236948 17.325893572531641 17.362121732905507 10.441977757960563 12.17137341480702 11.638113455846907 11.937446834519504 14.291014524176715 9.6087780515663308 10.184919840656219 14.042059581726791 25.079337628558278 17.527665369212627 16.45257455483079 10.298468614928423 12.665794083848597 26.019690722227097 15.344583727419375 15.957494504749773 17.353771489113569 8.8463511969894153 18.83315521851182 21.426877148449421 10.595917686820032 14.101067748852072 14.913015156984327 15.767048005014656 14.586563612334428 12.32491075620055 13.751224631443618 15.133037921041248 9.0741708576679212 8.3918970059603435 8.1065442953258806 11.679064651951192 8.4453254137188178 15.017532106488941 15.167352780699732 13.438779632560907 9.8596494104713184 7.4399314778856915
leaf_count=109 156 115 157 78 93 92 85 90 111 122 124 109 88 135 84 70 127 88 96 94 147 112 104 107 70 151 93 85 96 75 107 145 80 95 87 93 100 80 88 90 75 89 105 97 63 97 95 88 88 82
internal_value=0 0.0142799 -0.00125774 -0.0117572 -4.07112e-05 0.000548689 0.0315822 -0.0217185 -0.0105967 0.00125068 0.00193097 0.00995123 0.00305748 0.000311847 0.0145747 0.00224938 -0.013411 -0.0134671 -0.025979 0.00321138 0.00577895 0.0138109 -0.00151365 0.00140157 0.00579831 -0.00392166 -0.0144392 0.0137632 0.0055474 -0.00487176 -0.00364053 -0.00722143 -0.0126851 0.0206387 0.00400289 0.0281301 0.0274078 -0.0172387 -0.0258529 0.00260583 -0.0100417 -0.00459222 -0.0116005 -0.00282836 -0.015707 0.0262988 0.0195688 0.0102469 0.000189538 -0.0253117
internal_weight=0 43.7867 662.426 67.9091 594.517 581.775 24.773 39.7964 24.8546 567.326 547.793 91.1484 73.7862 456.645 43.5506 400.88 55.7643 30.2357 20.6269 388.943 312.485 109.468 33.9802 203.016 147.021 66.4436 41.3643 80.5773 52.1444 41.4733 36.1869 76.4581 32.6269 75.4882 36.3399 28.4328 26.2247 40.1182 27.7933 28.1127 55.9955 45.697 36.6228 28.2309 16.5519 57.7247 43.6237 28.6061 20.4556 14.4487
internal_count=5107 356 4751 478 4273 4180 200 310 201 4006 3849 689 580 3160 308 2655 505 272 184 2585 2091 713 216 1378 842 391 244 451 288 378 203 494 303 497 232 163 184 262 182 168 536 429 354 265 168 375 280 183 168 174
is_linear=0
shrinkage=0.05


Tree=134
num_leaves=47
num_cat=0
split_feature=297 283 284 291 97 205 108 108 284 57 204 115 209 274 66 299 32 15 44 66 260 32 28 112 97 283 204 260 47 35 273 71 285 274 279 4 2 149 108 36 291 55 54 36 221 0
split_gain=3.62051 3.23884 2.63633 4.17133 4.1211 3.9447 4.18283 4.59452 4.04216 5.39786 3.72398 4.68102 3.88361 3.47303 3.45175 4.76956 3.35555 3.31557 3.19578 5.76974 3.10576 3.07245 3.00148 4.59518 3.53801 2.98205 3.4349 2.97683 2.95771 2.96237 2.95302 4.73829 3.51705 2.89518 4.11994 2.88427 6.77414 2.74817 2.63547 2.60436 2.27507 2.25188 2.20707 1.9664 1.60522 1.02404
threshold=9.7500000000000018 1.0801282051282053 1.5266106442577032 0.96424010217113676 11.187500000000002 5.5000000000000009 12.708349999999998 3.035699999999999 1.3021739130434786 10.500000000000002 3.5000000000000004 235.00000000000003 4.7500000000000009 -2.2419479418736947 1.0000000180025095e-35 0.17699280501797179 0.54903474903474925 7.5000000000000009 17.500000000000004 1.0000000180025095e-35 4.2662523377425545 1.7119691119691123 1.0000000180025095e-35 115.00000000000001 7.6875000000000009 -0.17028985507246372 3.5000000000000004 3.1738140405168309 0.77803906379681831 0.8228263892582881 85.645334012165833 76.500000000000014 12.031250000000002 -1.7371623952160442 -2.2452682764563718 79.250000000000014 85.125000000000014 50.500000000000007 8.7500000000000018 1.1816170682339588 1.1471861471861475 782.50000000000011 822.50000000000011 1.2563109932763494 2.5000000000000004 81.500000000000014
decision_type=2 2 2 2 2 2 2 2 2 2 2 2 2 2 2 2 2 2 2 2 2 2 2 2 2 2 2 2 2 2 2 2 2 2 2 2 2 2 2 2 2 2 2 2 2 2
left_child=1 2 5 4 18 8 7 -7 9 20 11 22 21 -14 41 -16 -6 -18 28 -20 45 -12 23 24 -5 -17 -27 -13 29 30 31 44 37 34 43 -21 -37 -32 -24 -35 -26 -10 -25 -11 -4 -1
right_child=-2 -3 3 10 16 6 -8 -9 14 33 12 27 13 -15 15 25 17 -19 19 35 -22 -23 38 42 40 26 -28 -29 -30 -31 32 -33 -34 39 -36 36 -38 -39 -40 -41 -42 -43 -44 -45 -46 -47
leaf_value=-0.015014222460375901 0.019532157250597371 -0.025052741359054942 -0.0017679905315513191 -0.020824105680432029 -0.017251435908113285 -0.021671059447914944 -0.033278625056002438 0.019255911716028237 0.013797943555293983 -0.015104143256486319 0.037729820337133423 -0.00087607868878426332 -0.018369499318068905 0.012683107551405864 -0.00084780798253160893 0.011485801772312884 0.024088080433520242 -0.0024358628311708969 0.020167131950390986 -0.030161976838728441 0.0055119290382726564 0.005704951305904103 0.0018823946199685783 0.0099915647821593664 0.019204082534246825 0.056278997637594433 0.017579411431086957 -0.035123255416978645 -0.036177453901668086 0.0058858797811487959 -0.0045617976257388091 0.019213726713604856 -0.049269638231354884 0.0099682056649799053 0.032657554592120795 0.016166197668661283 -0.032617171386382024 -0.033426972910220162 -0.023263509070808677 -0.022379660790888972 -0.0079243120045526718 -0.017647263213492023 0.035763446688219562 0.014304878629796527 -0.024817255053196294 -0.039068799937583512
leaf_weight=11.100086004473274 20.258406994864345 13.199978569522498 11.83534296415746 16.858596648089588 13.504383429884909 11.342950260266663 12.412442098371683 14.43343974649906 10.366799796000125 9.5215358985587972 17.437836790457371 10.639363639988007 13.880760833621023 21.802868499420583 16.721023249905556 14.405337028205393 21.583968464285135 24.286702012643218 19.211483846884221 13.747966279275714 10.152321815490721 13.307644004933534 23.389328984543681 22.2623918550089 16.31177355255932 14.519677562639119 11.11691753938794 14.914826662745325 15.018910534679888 17.320773720741272 20.458246290683746 11.682729661464689 10.789251885376869 12.176326246932151 18.888883945997804 17.461832694243643 10.587781311944125 13.255486078560351 17.595369191840291 10.893567253835498 13.185796379111705 10.423507873900233 13.462610291317104 11.365926370956002 20.70509557146579 9.6847477508708817
leaf_count=81 143 72 83 115 89 99 97 116 74 82 103 144 95 144 146 90 125 153 144 110 73 90 148 135 108 103 88 149 94 102 144 72 103 84 129 127 110 83 121 108 94 88 83 92 145 90
internal_value=0 -0.00142281 -0.000917626 -0.00304713 -0.00754446 0.00371442 -0.0106318 0.00110919 0.00695515 -5.24978e-05 0.00201387 -0.00239303 0.0117626 0.000432321 0.0153221 0.0216118 0.00384576 0.0102924 -0.0112596 -0.00188236 -0.0168344 0.0244848 0.00170177 0.00719556 -0.00320645 0.0307827 0.0407875 -0.0214346 -0.0159309 -0.0127523 -0.0164158 -0.00702452 -0.0253886 0.00834296 0.0163697 -0.0122514 -0.0027368 -0.0165469 -0.0092101 -0.00560159 0.00721513 -0.0020539 0.0204128 0.000821214 -0.0167366 -0.0275014
internal_weight=0 679.225 666.025 456.499 241.45 209.525 38.1888 25.7764 171.337 93.7834 215.049 148.62 66.4291 35.6836 77.5533 56.763 59.3751 45.8707 182.075 61.0091 30.9372 30.7455 123.066 82.0812 46.3562 40.0419 25.6366 25.5542 121.066 106.047 88.7262 44.2232 44.503 62.8462 39.7763 41.7976 28.0496 33.7137 40.9847 23.0699 29.4976 20.7903 35.725 20.8875 32.5404 20.7848
internal_count=5068 4925 4853 3213 1684 1640 312 215 1328 739 1529 1097 432 239 589 427 367 278 1317 491 244 193 804 535 317 281 191 293 826 732 630 300 330 495 303 347 237 227 269 192 202 162 218 174 228 171
is_linear=0
shrinkage=0.05


Tree=135
num_leaves=50
num_cat=0
split_feature=15 285 282 236 76 284 30 47 47 274 10 34 289 215 63 277 98 120 189 283 108 114 35 49 34 286 148 47 33 49 46 58 157 33 202 137 181 110 272 284 278 298 151 190 137 101 148 272 101
split_gain=3.06397 2.54838 3.44895 4.04464 3.19784 3.00611 3.42616 2.95967 2.56171 2.9632 3.07478 3.32787 2.8392 2.83052 3.6076 3.34502 3.28642 2.96803 3.19106 3.77046 3.63091 3.56184 3.02354 6.34377 3.91544 4.41489 4.63431 3.66608 3.33858 3.28199 3.61083 3.35721 3.21591 4.57897 4.44661 3.20719 3.11995 3.08753 3.04107 3.75173 3.5472 2.97854 2.63165 3.48995 2.41205 2.13631 2.12163 1.68031 1.1612
threshold=42.500000000000007 7.4375000000000009 -3.7499999999999996 12.500000000000002 1.5000000000000002 2.7207792207792214 3.8811188811188813 -1.6734145966078839 3.2180868154914823 -3.1647088195955191 0.54166666666666685 -1.0097416097416099 -0.59867820553660911 5.5000000000000009 92.250000000000014 -0.63614369436606955 0.31250000000000006 6.1250000000000009 62.500000000000007 -0.35504201680672265 3.035699999999999 115.00000000000001 0.52243118397129218 1.4004740357681535 -1.4310230310230312 0.16790451345650584 3.5000000000000004 0.30200873061773598 -0.48803088803088795 1.2992178902997915 182.50000000000003 24.500000000000004 3.2500000000000004 -0.39536679536679548 38.500000000000007 9.5000000000000018 28.500000000000004 126.25000000000001 -1.7407520419795934 1.4037037037037039 81.995179383571582 1.8750000000000002 32.500000000000007 2.2500000000000004 18.500000000000004 11.500000000000002 59.500000000000007 -1.7260216865080658 11.500000000000002
decision_type=2 2 2 2 2 2 2 2 2 2 2 2 2 2 2 2 2 2 2 2 2 2 2 2 2 2 2 2 2 2 2 2 2 2 2 2 2 2 2 2 2 2 2 2 2 2 2 2 2
left_child=1 4 3 -3 46 6 8 -7 9 -4 13 -12 -10 14 15 17 -15 -11 19 20 -19 -20 23 24 41 26 -26 29 36 30 31 32 33 -24 35 47 37 -27 39 -30 -40 -21 43 -18 -22 -9 -1 -34 -13
right_child=-2 2 5 -5 -6 7 -8 45 12 10 11 48 -14 16 -16 -17 42 18 21 22 44 -23 27 -25 25 28 -28 -29 38 -31 -32 -33 34 -35 -36 -37 -38 -39 40 -41 -42 -43 -44 -45 -46 -47 -48 -49 -50
leaf_value=-0.015858796684600409 0.022131060589722546 0.031520063495450508 -0.018319612194229135 -0.0035088100966880831 -0.032348695843472726 0.0062435982300903248 -0.02465559995831491 -0.03276446494311288 -0.00061071505399642447 -0.012674975695948052 0.0058553078180893364 -0.043389443554374442 0.033521919066534754 -0.02951764407318232 -0.019988464736026629 -0.019350327605249237 0.0091841628306506395 0.038815385197841834 -0.024951450186707719 0.046187610823868221 0.023006985272458296 0.0090578113350759989 0.029366133964466051 -0.025146073125971946 0.0037213085472054697 -0.030396205405923041 0.043254177146066525 -0.023336680600354934 0.0050874604408229383 0.024591974343603148 -0.024122666179263813 0.026223546411994605 -0.02303756456831792 -0.0064329814859705728 -0.028657970932417176 0.013855027021538289 0.012964085266331766 0.00431579286659684 0.015248821304381722 0.037048490921003034 -0.023303250703577218 0.012253450360860058 0.014925660132580943 -0.028354497376670867 -0.0019004172517499047 -0.0034616364816773848 0.011669252511571949 0.0019391539980091186 -0.01318347977332561
leaf_weight=13.03591398894787 14.76321301423013 17.848219390958548 19.082809542305768 14.319246230646966 12.408943999558685 12.616515981033443 12.065181819722055 17.053820017725233 11.68086960911751 21.502117771655321 10.361266302876176 7.3285754509270173 11.65509588178247 13.136354264803229 14.957305786199866 13.577985960058866 10.676380077376963 15.898439753800629 15.922198176383974 12.880135994404556 18.234931506216526 13.38833850994706 17.26313728094101 11.095308394171296 13.819776467513295 16.060062272474166 15.520193195901809 14.044446272775529 21.100286684464649 14.178007805254309 12.854391224682329 12.598909702152012 13.070783177390689 16.904794774018228 16.145075764972717 23.685273103415966 11.370461094193159 9.9003534340299648 11.155911068432056 15.786507873330264 10.755932684056459 13.966306599788366 14.476031931117175 12.593621048144994 19.365485157817602 9.8836815711110813 12.98625830747187 12.638906687498098 7.1718608103692532
leaf_count=85 117 110 146 83 76 80 105 156 85 143 118 122 78 114 117 100 102 94 91 73 112 80 105 119 105 116 114 86 146 113 83 82 91 142 115 141 82 94 73 121 87 99 101 92 109 71 86 82 68
internal_value=0 -0.000163077 0.000582992 0.0162914 -0.0125065 -0.00025771 0.000661583 -0.0134187 0.00124194 0.000531552 0.00124976 -0.0155667 0.0171137 0.00211443 0.00338389 0.00423215 -0.00895264 0.00503658 0.00601887 0.0072802 0.0194454 -0.00963053 0.00517106 0.00988169 0.0125806 0.008732 0.0253697 0.000120974 0.00344504 0.00263479 -2.7689e-05 0.00291872 -0.00025718 0.011975 -0.00671831 0.000879185 -0.00811737 -0.0174893 0.0107989 0.0193827 -0.00386648 0.0296081 -0.00121851 -0.0114628 0.0104619 -0.0225217 -0.00219759 -0.0111461 -0.030264
internal_weight=0 690.022 651.591 32.1675 38.4311 619.424 579.87 39.554 567.805 544.469 525.386 24.8617 23.336 500.524 449.642 434.684 50.8824 421.106 399.604 370.294 53.4989 29.3105 316.795 163.411 152.316 125.469 29.34 153.384 96.1295 139.339 125.161 112.307 99.708 34.1679 65.54 49.395 37.3309 25.9604 58.7986 36.8868 21.9118 26.8464 37.746 23.27 37.6004 26.9375 26.0222 25.7097 14.5004
internal_count=5110 4993 4746 193 247 4553 4246 307 4141 3978 3832 308 163 3524 3115 2998 409 2898 2755 2584 315 171 2269 1229 1110 938 219 1040 719 954 841 758 676 247 429 314 292 210 427 267 160 172 295 194 221 227 171 173 190
is_linear=0
shrinkage=0.05


Tree=136
num_leaves=47
num_cat=0
split_feature=74 232 101 39 102 212 56 39 277 104 283 34 196 259 85 29 235 88 34 34 34 220 214 54 286 154 274 284 149 36 108 87 263 34 193 154 36 226 45 97 14 149 54 281 78 287
split_gain=2.73623 4.87074 4.11822 3.60942 3.96199 3.39612 3.21615 2.92339 3.48461 3.26516 3.26624 4.39625 7.03344 4.29814 3.88336 3.80327 4.40444 4.27431 3.65902 3.40759 4.27189 4.49285 5.31803 3.85876 3.74027 3.44952 3.33391 4.15936 3.23776 3.91309 5.99547 2.87053 6.81431 2.78146 2.71986 2.70989 2.68984 3.14592 4.7085 3.89912 2.56688 2.41736 2.35007 1.96322 1.92138 1.61099
threshold=5.2500000000000009 2.7500000000000004 16.500000000000004 0.47727272727272735 12.500000000000002 9.5000000000000018 8.2500000000000018 0.31666666666666671 -2.5030148784088806 12.500000000000002 -0.27525252525252519 -1.2293112293112294 1.5000000000000002 -4.4065756392730444 86.500000000000014 -1.8857142857142846 996.50000000000011 0.62500000000000011 -1.9856953856953858 -0.50690729316573879 -0.12211032211032234 3.5000000000000004 1.5000000000000002 887.50000000000011 0.45332486594355897 6.2500000000000009 -2.4156219164662525 1.560386473429952 45.500000000000007 1.2161627261058701 11.250000000000002 69.312500000000014 86.22303445308809 -0.38374598374598384 8.7500000000000018 12.750000000000002 1.7568207027130824 18.500000000000004 1.0000000180025095e-35 7.4285750000000013 0.097222222222222224 27.500000000000004 782.50000000000011 81.978985661117818 1.1250000000000002 0.9999999999855933
decision_type=2 2 2 2 2 2 2 2 2 2 2 2 2 2 2 2 2 2 2 2 2 2 2 2 2 2 2 2 2 2 2 2 2 2 2 2 2 2 2 2 2 2 2 2 2 2
left_child=1 -1 3 6 33 7 -3 8 -2 10 11 18 13 14 -13 17 19 -12 -9 23 24 26 -23 36 35 -24 -22 -28 29 40 -31 -8 -33 -5 -19 43 37 38 -17 -39 -10 -27 -15 -21 -34 -38
right_child=5 2 -4 4 -6 -7 31 9 28 -11 15 12 -14 42 -16 16 -18 34 -20 20 21 22 25 -25 -26 41 27 -29 -30 30 -32 32 44 -35 -36 -37 45 39 -40 -41 -42 -43 -44 -45 -46 -47
leaf_value=0.022032564347698944 -0.0079602621206787787 0.0039789140412175815 0.016699720401362292 0.020645980687747603 -0.018142505998222615 -0.020582474635376866 -0.041122823444919937 0.0082577635658237208 0.012159293240434554 0.024843983262540309 0.02857124323629516 0.046979124970222011 -0.01471365118569141 -0.0055827310642704731 0.014668342675135108 0.01634144641692236 0.019668585751132672 0.016401654819881092 -0.018946565298418927 0.024837342602710775 0.0060987432066306963 -0.020037412725652955 0.034725762288936549 0.011325402913950311 0.031216637630007538 -0.013745072064133227 -0.042928532933512911 -0.008973140423969907 0.036185937488311934 0.048334434593572964 -0.0069821425407670078 0.015724285394305631 -0.014737000039250579 -0.0072078898507583799 -0.01121312631003674 -0.018220984185332596 -0.046246607670288473 -0.0078456808556870792 -0.019586827290217337 -0.046097346871106087 -0.019801025688523616 0.018540068269339665 0.01957674989763589 -0.00088642128904953829 -0.045271437702532391 -0.013519821743326471
leaf_weight=14.136763865128158 15.782613318413494 11.855324944481252 14.228825110942124 19.592569859698415 21.530993349850178 14.2006769021973 16.789255468174815 25.124109927564859 11.890978945419194 14.021836014464496 19.171935178339481 19.620498234406114 16.780928127467632 17.262372322380543 19.337319443002343 16.834842793643475 17.029418716672808 13.769631471484898 22.5675946213305 11.644458191469313 10.310805537737904 15.909673498943446 11.84751210734248 12.787562623620031 13.891788754612206 11.098418500274422 16.954696146771312 19.483625445514917 16.59889498911798 11.228400478139521 7.7963409372605375 11.098184075206516 11.662097427994015 15.16536971926689 21.501398481428623 11.082690763287244 10.51948501262814 15.876469228416683 17.673885775730014 11.152140107937155 11.300759272649882 10.14464467205107 18.237143602222204 17.782308552414179 10.866176810115574 7.2440657895058385
leaf_count=113 144 72 87 121 129 102 132 149 84 91 111 122 103 98 111 124 141 83 131 85 81 119 81 116 79 100 161 153 108 125 109 74 99 99 133 86 147 120 116 102 94 72 102 122 79 65
internal_value=0 -0.00490972 -0.00792125 -0.0109911 -0.00174786 0.00274191 -0.0191866 0.00339068 0.0125142 0.0019086 0.00114492 0.00749857 0.0138779 0.0204313 0.0317096 -0.00168374 -0.00421167 0.0102136 -0.00473999 -0.00596441 -0.00129558 -0.00762741 0.00295283 -0.0134813 0.00978532 0.0142699 -0.0185467 -0.0254972 0.0180496 0.0102464 0.0264491 -0.0246055 -0.0154092 0.00863125 -0.000277484 0.00186095 -0.0175726 -0.0122631 -0.00209287 -0.0247101 -0.00358893 0.0018131 0.00752467 0.00977448 -0.030763 -0.0343323
internal_weight=0 146.926 132.789 118.56 56.2889 555.462 62.271 541.261 74.598 466.663 452.641 138.93 91.2383 74.4573 38.9578 313.711 259.268 54.443 47.6917 242.239 150.151 95.7494 49.0002 92.0885 54.4012 33.0906 46.7491 36.4383 58.8154 42.2165 19.0247 50.4157 33.6265 34.7579 35.271 40.5095 79.3009 61.5373 34.5087 27.0286 23.1917 21.2431 35.4995 29.4268 22.5283 17.7636
internal_count=5075 1005 892 805 349 4070 456 3968 664 3304 3213 816 536 433 233 2397 2070 327 280 1929 1139 767 372 790 372 253 395 314 520 412 234 384 252 220 216 293 674 462 240 222 178 172 200 207 178 212
is_linear=0
shrinkage=0.05


Tree=137
num_leaves=49
num_cat=0
split_feature=283 29 108 190 35 89 76 285 299 149 74 88 117 56 37 283 31 44 301 284 50 7 29 31 284 29 44 118 55 11 88 288 202 286 197 277 100 289 80 259 104 276 232 34 188 279 149 283
split_gain=3.27009 5.9292 4.1557 3.27288 4.86922 3.49314 3.33641 5.45221 3.0227 3.17297 3.65043 3.08895 2.89488 2.87161 2.7028 2.6519 3.29246 2.94738 5.17818 3.52937 3.31318 3.53751 6.4419 4.14408 3.27634 3.82826 3.40201 3.97824 4.89259 2.94352 2.78781 3.3682 3.16628 4.14708 3.09064 2.97503 2.74917 2.6582 3.79583 3.04075 2.89969 2.55554 2.28517 1.99534 1.94212 1.70696 1.69987 1.55864
threshold=0.078461538461538485 1.5428571428571434 3.035699999999999 17.500000000000004 0.52243118397129218 72.875000000000014 1.5000000000000002 13.812500000000002 0.99623398337217672 76.500000000000014 3.7500000000000004 2.7678500000000033 6.4375000000000009 12.250000000000002 0.37500000000000006 -0.71130952380952372 2.6739130434782612 27.500000000000004 3.0879215067641778e-18 1.8619047619047622 0.9987176982272713 13.250000000000002 0.34285714285714336 0.94648221343873529 1.5894736842105266 -1.8857142857142846 1.0000000180025095e-35 0.37500000000000006 797.50000000000011 7.5000000000000009 0.87500000000000011 -0.108376950152639 23.500000000000004 0.30275065070944912 1.0000000180025095e-35 -1.7993270039681211 8.3125000000000018 -0.8611288361322974 82.375000000000014 -8.5798872153832555 4.5000000000000009 86.822637809632553 11.250000000000002 0.035186435186434946 5.5000000000000009 -1.550083074676613 32.500000000000007 -0.34057971014492744
decision_type=2 2 2 2 2 2 2 2 2 2 2 2 2 2 2 2 2 2 2 2 2 2 2 2 2 2 2 2 2 2 2 2 2 2 2 2 2 2 2 2 2 2 2 2 2 2 2 2
left_child=8 3 -3 4 5 6 7 -2 9 10 -1 15 -4 -13 -15 -12 17 20 36 41 37 24 23 -23 25 -22 -27 28 -28 44 31 43 33 -32 -35 -33 -19 -17 39 -39 -41 -20 -25 46 -24 -9 -26 -18
right_child=1 2 12 -5 -6 -7 -8 45 -10 -11 11 13 -14 14 -16 16 47 18 19 -21 21 22 29 42 30 26 27 -29 -30 -31 32 35 -34 34 -36 -37 -38 38 -40 40 -42 -43 -44 -45 -46 -47 -48 -49
leaf_value=-0.024729942558366191 0.028933305865820082 -0.00047594411638910501 -0.0068575787735674328 0.022839675876154628 -0.032075837726391859 -0.020371154442469688 -0.012583119909473596 -0.022675703848189364 0.02161585376712628 -0.02438771053700467 0.019393242045261255 0.0080771093757705092 -0.052606323009871128 -0.0050695438190903087 -0.036545155588204155 -0.028734128557939127 -0.034995662880804364 0.0046833842687583321 0.005398267992573349 0.018999396767566457 0.025464980348064926 0.002224314387395556 0.0017738842609642284 0.016668389090161627 0.013923480416707538 0.018952605834085756 0.02106462530206208 -0.021314303865727004 -0.016407944514533916 0.015635001408978024 -0.026284955673009938 0.032021917339362681 -0.028017950150647411 0.019846664002771078 -0.010416305006430674 -4.963785855230103e-05 0.034090279853738463 0.0058138107895074759 0.013243246610114041 -0.0043532263858336541 -0.037649951921213891 -0.028063014451411367 0.04805207552951693 -0.02175224391880469 -0.025202346043261034 0.0080800802572125671 -0.0092719392848616897 -0.004359886827273919
leaf_weight=12.573391078040002 22.90972235891968 9.3235025759786385 4.9913005158305195 10.701824612915514 13.21702562458813 15.353990811854599 16.379116101190448 8.4039565189741499 16.153056710958481 11.714312663301824 21.467676471918821 11.979492219164966 13.361684363335369 14.327229183167221 12.705280741676686 12.521151600405572 7.4668530970811871 12.083767138421534 9.4829043131321686 11.653507629409431 20.900232639163733 12.906538691371678 12.665250481106343 10.967039858922364 12.792375506833197 19.751827999949455 20.237323863431811 21.062923979014158 13.835241173394023 13.770464420318602 14.104406658560036 12.779379645362498 20.576071906834841 16.536144303157929 15.373242415487764 15.208768291398881 24.41321889590472 13.779765635728831 20.040882444009185 12.269712412729865 13.755513855256138 12.350629752501844 16.524953363463283 13.738409642130135 12.816056471318005 7.9197947178036037 17.488326058723032 8.79037580732256
leaf_count=82 141 109 43 60 115 112 150 95 111 72 127 84 272 114 92 88 55 86 79 105 125 82 83 72 92 134 144 155 116 102 89 79 125 96 96 97 159 90 136 75 101 118 93 88 79 72 114 114
internal_value=0 -0.00802421 -0.0279502 -0.00198124 -0.00536767 -1.68764e-05 0.00586327 0.0136856 0.000942152 0.000305418 0.000879138 0.00152828 -0.0411617 -0.0118396 -0.020639 0.00260551 0.00180367 0.00260892 0.011974 -0.00225187 0.000886224 0.0031126 0.012145 0.0259071 4.60289e-06 0.007074 0.00167335 -0.00474415 0.00581481 -0.00231096 -0.00489689 0.00192391 -0.0121919 -0.00466955 0.00539315 0.0151937 0.0247385 -0.00868582 -0.00408794 -0.0129245 -0.022694 -0.0139299 0.036557 -0.00666335 -0.0122334 -0.00814885 0.00065904 -0.0196433
internal_weight=0 122.562 27.6765 94.8854 84.1836 70.9666 55.6126 39.2335 573.564 557.411 545.696 533.123 18.353 39.012 27.0325 494.111 472.643 456.386 69.984 33.487 386.402 314.035 79.6503 40.3985 234.385 95.7875 74.8873 55.1355 34.0726 39.2518 138.597 72.0073 66.5899 46.0138 31.9094 27.9881 36.497 72.367 59.8459 39.805 26.0252 21.8335 27.492 44.0191 25.4813 16.3238 30.2807 16.2572
internal_count=5118 1169 424 745 685 570 458 308 3949 3838 3766 3684 315 290 206 3394 3267 3098 547 302 2551 2061 511 247 1550 674 549 415 260 264 876 470 406 281 192 176 245 490 402 266 176 197 165 294 162 167 206 169
is_linear=0
shrinkage=0.05


Tree=138
num_leaves=48
num_cat=0
split_feature=203 284 291 283 102 58 298 107 260 260 288 182 36 288 54 275 123 148 234 33 143 148 58 36 8 112 107 55 30 289 97 3 4 158 220 148 202 288 100 288 108 284 33 291 30 98 199
split_gain=3.23292 3.52727 3.32023 3.23191 3.14229 3.87673 3.04843 3.76493 4.30871 4.43847 4.47905 4.76465 4.1058 5.56479 4.27511 6.13633 3.52501 4.02195 3.93893 4.70666 4.05121 3.8404 4.24198 3.2511 3.23144 3.76272 3.22997 3.07501 2.97092 3.67385 3.70264 3.78523 2.96956 2.93486 2.79603 2.78531 2.73473 2.72896 2.46552 2.38347 2.28277 2.26361 2.17988 2.13277 1.9966 1.49944 1.07723
threshold=9.5000000000000018 2.3875000000000006 0.96424010217113676 -0.43303571428571425 9.5000000000000018 10.500000000000002 1.6833333333333351 67.812500000000014 -1.9540648477653708 -1.0642293957696831 0.46800856592688472 1.1250000000000002 1.1004978106279562 -0.41398024697495356 847.50000000000011 89.039115569700144 7.5000000000000009 34.500000000000007 60.500000000000007 0.69420849420849406 40.250000000000007 6.5000000000000009 19.500000000000004 1.607532977863906 37.500000000000007 175.00000000000003 115.00000000000003 777.50000000000011 -0.33146853146853134 0.88917497572200743 11.937500000000002 84.750000000000014 81.750000000000014 15.500000000000002 2.5000000000000004 26.500000000000004 10.500000000000002 -0.048361574224334618 8.1250000000000018 0.10837544681456425 8.7500000000000018 1.4868421052631582 -0.44633204633204648 1.3141447368421055 0.51490614648509403 0.7916500000000003 7.5000000000000009
decision_type=2 2 2 2 2 2 2 2 2 2 2 2 2 2 2 2 2 2 2 2 2 2 2 2 2 2 2 2 2 2 2 2 2 2 2 2 2 2 2 2 2 2 2 2 2 2 2
left_child=1 6 3 -3 43 -6 16 27 34 -10 11 -11 13 -13 15 42 18 21 20 -20 23 40 37 28 25 -12 -22 -8 39 30 31 32 -30 36 -9 44 -17 -23 -26 -1 41 -18 -14 -4 -2 -25 -7
right_child=35 2 4 -5 5 46 7 8 9 10 24 12 14 -15 -16 33 17 -19 19 -21 26 22 -24 45 38 -27 -28 -29 29 -31 -32 -33 -34 -35 -36 -37 -38 -39 -40 -41 -42 -43 -44 -45 -46 -47 -48
leaf_value=0.032172210907636979 -0.0087752873221265664 -0.0054817138682360048 -0.024844266179527251 -0.039378396868147703 -0.015254039199311937 0.028444691740523664 -0.040764852227512353 0.0015628538950754438 -0.032794357396594857 0.029598867505769556 0.01244933439873463 0.0064738692046990677 0.030503750782422612 -0.032625892351518491 0.025401516841912691 0.014842738786783802 0.015875985464252101 -0.023956152507972294 0.034485028310290787 -0.0014442746076172416 0.0067379838766622171 0.0080315952513425656 -0.0083021576518267273 0.034080496315106137 -0.0061561249416119575 -0.024660752297248095 -0.025247441889150762 -0.0043315153020761507 0.0069666372787320257 -0.023868752502586271 -0.012036837767137992 -0.0058550889494714091 0.041528736751042412 -0.032058164598191406 0.036412599584740878 -0.00028573226703626357 -0.020650171331258932 0.036326266379435798 -0.03816459451088014 0.0025830436336975945 -0.023058071159321833 -0.010344048009722547 0.001680454489938876 0.0030765762492262609 -0.038984676756631885 0.010353342789793158 0.0069979996481210173
leaf_weight=13.914995281025769 10.711778878234329 14.011869153007867 18.078335280530158 13.920460330322383 12.204773795790969 11.924226477742197 10.237094938755037 11.269524100236596 10.899908537976442 14.690015838481484 17.498514714650813 17.078215721994638 13.509423162788154 17.824922617524862 20.785527491942048 10.440389006864281 12.095202471129594 17.029514541849494 26.302662642672658 13.566058229655026 13.626715168356897 19.801279747858644 18.338884091004729 14.967995082959535 10.329411286860706 9.8323028255254012 16.706777723506093 12.505651014856992 12.532471194863321 12.867096522822974 21.096473570913076 15.507660483941434 12.353735458105801 13.123184404335914 10.966487794183193 19.751428358256817 9.33739234972745 15.029776666313408 15.076222403906284 12.866107512265442 16.250931156799197 21.166291307657957 12.197195563465355 10.348415235988794 12.016562200151382 13.541916200425474 12.2923311535269
leaf_count=89 65 99 129 104 91 75 87 113 89 133 120 128 84 127 146 78 87 117 156 89 87 147 126 100 88 141 102 92 95 79 131 116 69 113 102 128 83 97 124 78 122 150 81 92 116 104 85
internal_value=0 -8.81301e-05 -0.0090604 -0.0231518 -0.00273134 0.00692704 0.00141951 -0.00286275 -0.000771236 -0.00320926 -0.00126495 0.00376187 0.000213234 -0.0138468 0.00648972 -0.000531081 0.00460246 -0.00217266 0.00865142 0.0225232 0.00507602 0.00163626 0.0108698 0.00892199 -0.0134011 -0.0013003 -0.0111222 -0.0217573 0.0046103 -0.000594184 0.00458013 0.0133398 0.0250651 -0.0146434 0.0195776 -0.014171 -0.00210139 0.020914 -0.0258766 0.0185617 -0.00829822 -0.000624314 0.0174028 -0.0149209 -0.025717 0.0235431 0.0182676
internal_weight=0 649.944 92.7804 27.9323 64.8481 36.4213 557.164 237.601 214.859 192.623 181.723 128.986 114.296 34.9031 79.3931 58.6076 319.563 119.712 199.851 39.8687 159.982 102.682 53.1699 129.648 52.7365 27.3308 30.3335 22.7427 101.139 74.3574 61.4903 40.3939 24.8862 32.901 22.236 42.4798 19.7778 34.8311 25.4056 26.7811 49.5124 33.2615 25.7066 28.4268 22.7283 28.5099 24.2166
internal_count=5054 4745 675 203 472 251 4070 1929 1750 1535 1446 973 840 255 585 439 2141 846 1295 245 1050 729 370 861 473 261 189 179 657 490 411 280 164 274 215 309 161 244 212 167 359 237 165 221 181 204 160
is_linear=0
shrinkage=0.05


Tree=139
num_leaves=47
num_cat=0
split_feature=285 119 31 233 279 5 278 293 66 35 30 103 236 55 11 274 35 157 32 190 140 5 55 146 31 157 154 58 203 140 201 263 100 102 36 56 36 8 214 151 193 50 201 263 151 236
split_gain=3.28212 4.06385 3.80281 3.29624 2.97286 2.9581 4.05392 4.53284 5.33072 3.88357 3.87275 5.35081 3.86776 3.68392 4.66515 4.81354 3.45704 4.28875 3.43068 3.42846 5.65882 3.18577 3.11205 4.05859 2.86146 2.83319 3.51661 2.8287 2.80726 4.11921 3.6933 2.8816 2.71044 4.14307 4.09636 4.21888 3.97169 3.37258 2.858 4.45665 2.58213 2.17246 2.04553 1.94978 1.76403 1.24158
threshold=7.5625000000000009 5.8750000000000009 0.9365217391304349 41.500000000000007 -0.82809875361886109 87.250000000000014 88.111231254660723 -0.7749999999999998 1.0000000180025095e-35 0.52243118397129218 1.898601398601399 9.5000000000000018 1.5000000000000002 772.50000000000011 17.500000000000004 -2.2419479418736947 0.48065123467383375 19.500000000000004 0.79097119097119106 10.500000000000002 14.500000000000002 90.500000000000014 752.50000000000011 9.2500000000000018 1.1112704686617731 3.2500000000000004 12.750000000000002 14.500000000000002 1.0000000180025095e-35 8.5000000000000018 3.1666500000000002 80.07804338735059 7.8750000000000009 7.5000000000000009 1.607532977863906 14.750000000000002 1.4742544357781413 67.500000000000014 1.0000000180025095e-35 7.5000000000000009 10.750000000000002 0.99800266311584573 1.7500000000000002 80.51736421509662 11.500000000000002 16.500000000000004
decision_type=2 2 2 2 2 2 2 2 2 2 2 2 2 2 2 2 2 2 2 2 2 2 2 2 2 2 2 2 2 2 2 2 2 2 2 2 2 2 2 2 2 2 2 2 2 2
left_child=2 3 27 -2 5 10 -7 9 -9 16 13 12 -12 14 15 18 17 22 -3 20 -11 -22 -8 -24 -21 43 -27 -1 29 30 -17 -30 33 -15 35 38 37 -35 -34 -40 -33 -14 -37 -6 -38 -43
right_child=1 4 -4 -5 25 6 7 8 -10 19 11 -13 41 32 -16 28 -18 -19 -20 24 21 -23 23 -25 -26 26 -28 -29 31 -31 -32 40 34 36 -36 42 44 -39 39 -41 -42 45 -44 -45 -46 -47
leaf_value=0.012224585420202161 0.0035193589679770399 -0.041599568572150761 -0.029277915800292011 0.037098961345754411 0.011037670802046637 0.023459603297547042 0.03683241060783625 0.012419927569434316 -0.03476777475342293 0.010318682532313869 0.001711881058456994 0.015848982069215756 -0.0071836406578262724 -0.011928884696659349 -0.034692842484041558 0.0043300269013632001 0.034938069415389225 -0.017814075379137179 -0.0066287454467901796 -0.0022295876166206585 -0.033151754784326463 -0.0031620214326990486 -0.011356743547694045 0.026047920784417797 0.023450909183055577 0.040377060025437013 0.0065244470002230942 -0.017865581160112144 0.011084777543910863 -0.010283848706673482 0.040515207176317458 -0.0029598994706696012 0.018470131289913379 0.046723068808152385 0.019155441569415257 -0.0055149051690767418 -0.014007957753593378 0.013385153650502267 0.0095915678196373949 -0.024507729108256878 -0.033231305055004601 -0.046583688127937541 -0.032460577583974075 -0.018286176660476071 0.014880587920295136 -0.02047046813765898
leaf_weight=16.944070568308238 16.005742252804342 11.468071617186071 18.638587841764092 12.820818753913043 11.248229453340175 22.495398016646504 10.974935125559567 8.651996196247639 15.789399967063217 21.896066123619676 11.886935324873773 10.332716316916047 7.9525226848199955 14.059956870041786 13.232199634891002 14.995926945470275 14.149252872914074 11.867256310768424 17.097043751273304 24.658734366297722 21.629601011052728 14.926157379522918 14.894530018791558 12.421054731123148 18.15026238001883 12.509082696866246 18.857316132634878 12.833135260269044 13.560385718476025 14.583753416314719 12.779877120628951 16.363146407529715 16.905202811583877 13.581263313069941 18.467951774131507 12.637131471186878 9.9352080612443405 18.267518363893032 20.529280859977007 16.358152128756046 11.666600860655306 16.289524667430673 16.417965583503246 9.5802186420187336 9.2261149380356056 9.6548493257723731
leaf_count=107 105 73 118 77 116 127 78 72 155 146 146 66 81 110 152 106 96 92 128 155 140 88 124 84 106 101 112 82 109 94 74 110 105 86 157 81 102 117 142 109 77 179 109 71 66 112
internal_value=0 0.00117446 -0.0121976 0.0191972 0.000296977 -0.000773304 0.00386466 0.00143412 -0.0182322 0.00442933 -0.00360639 -0.0155149 -0.0227807 -0.00127373 -0.00770045 -0.00424837 0.0139375 0.00744614 -0.0216007 -0.00168618 -0.00949193 -0.0213168 0.0155291 0.00597129 0.00894526 0.0115939 0.0208554 -0.000902557 0.00184079 0.0107772 0.0218085 -0.00730033 0.00360029 0.0114806 -0.00152357 -0.0063067 0.0180382 0.028591 0.00204046 -0.00577789 -0.0162702 -0.0311727 -0.0213143 -0.0026699 -5.00627e-05 -0.0379864
internal_weight=0 641.775 48.4158 28.8266 612.949 560.754 212.505 190.009 24.4414 165.568 348.249 56.1165 45.7838 292.133 125.747 112.515 64.307 50.1578 28.5651 101.261 58.4518 36.5558 38.2905 27.3156 42.809 52.1948 31.3664 29.7772 83.9497 42.3596 27.7758 41.5901 166.386 65.0701 101.316 82.8477 51.0101 31.8488 53.7926 36.8874 28.0297 33.8969 29.0551 20.8284 19.1613 25.9444
internal_count=5043 4736 307 182 4554 4154 1463 1336 227 1109 2691 584 518 2107 923 771 474 378 201 635 374 228 286 208 261 400 213 189 570 274 180 296 1184 481 703 546 371 203 356 251 187 372 190 187 168 291
is_linear=0
shrinkage=0.05


Tree=140
num_leaves=48
num_cat=0
split_feature=102 97 274 57 50 282 292 36 138 44 17 76 202 70 38 29 90 192 39 58 274 235 114 49 202 278 286 260 149 229 10 156 190 144 33 190 220 293 259 33 88 54 188 34 104 292 274
split_gain=3.17052 3.17799 3.46624 2.91624 2.68575 3.10875 3.50154 3.29548 3.82613 3.3675 5.17842 5.10835 4.80779 4.55872 4.76343 3.78883 4.82971 3.76119 3.75701 3.64063 4.85885 3.6958 3.00268 2.95031 3.35062 4.64202 2.97684 2.92337 2.90473 2.86489 2.82177 3.36308 4.33613 2.77188 2.74192 3.15152 2.69312 2.46 2.40508 2.34886 2.2864 2.25352 2.24319 2.14364 1.91965 1.79112 1.33982
threshold=6.5000000000000009 5.3958250000000012 -2.0920376869260848 12.250000000000002 0.26964047936085228 3.2500000000000004 12.750000000000002 0.70244946413343545 59.500000000000007 12.500000000000002 22.500000000000004 1.0000000180025095e-35 8.5000000000000018 69.500000000000014 0.37500000000000006 2.2285714285714291 72.875000000000014 25.250000000000004 0.80909090909090919 13.500000000000002 -1.4476104265363321 8.2500000000000018 105.00000000000001 1.0634652435082852 6.5000000000000009 83.899531987976943 0.22084317009508916 -0.51228389509259531 7.2500000000000009 2.5000000000000004 1.0000000180025095e-35 4.5000000000000009 3.5000000000000004 19.500000000000004 1.7969111969111971 6.5000000000000009 1.5000000000000002 -0.64999999999999969 -8.5234945966201909 0.76370656370656353 0.87500000000000011 767.50000000000011 20.500000000000004 -0.65355185355185352 5.5000000000000009 12.250000000000002 -1.9991953565925875
decision_type=2 2 2 2 2 2 2 2 2 2 2 2 2 2 2 2 2 2 2 2 2 2 2 2 2 2 2 2 2 2 2 2 2 2 2 2 2 2 2 2 2 2 2 2 2 2 2
left_child=3 2 -2 -1 -3 7 -7 38 9 13 11 12 28 14 -9 16 17 23 22 30 21 44 43 24 25 29 -27 -25 -11 -15 -13 -32 -33 -14 -17 -36 41 -12 -6 -23 -19 -26 -38 -18 -21 -4 -34
right_child=1 4 45 -5 5 6 -8 8 -10 10 37 19 33 15 -16 34 18 40 -20 20 -22 39 -24 27 36 26 -28 -29 -30 -31 31 32 46 -35 35 -37 42 -39 -40 -41 -42 -43 -44 -45 -46 -47 -48
leaf_value=-0.003178242124136955 0.0019722558572248879 0.023619221141723004 -0.007353598808232574 0.028660809429617375 0.00075767331108138802 0.0028783134544699131 -0.035170696602390465 0.039095576764111795 -0.020426483882333799 -0.002103806144547415 -0.0021151170815496565 -0.00018329691656192114 0.024867745767534973 -0.027710358297102274 -0.00060277467219086768 -0.031015414168287316 0.027821650095633574 -0.0082010757821453454 0.031924286821008306 -0.0024825323698257772 0.029185217983869218 -0.0049886047661871769 -0.011642268604601297 0.029467097200137966 -0.0076747396244206192 0.034185332201102751 0.0025321778807028939 -0.003116491092857443 -0.035152020133861706 0.0021260946911293771 0.0072265858209205449 0.056677896471648628 0.007919384565495723 -0.0054667416047472356 -0.019779469163765936 0.010951499715126342 -0.014364273198634243 -0.03977400535350599 0.026972673812324922 0.020305156961810983 -0.038239915155007069 -0.036326712793133174 0.012337984310803952 -0.0012728883980625868 -0.031633052228450746 -0.034115331651368194 0.031244955021229655
leaf_weight=11.606762140057983 22.596842580940574 11.258355375379322 10.760030790232124 17.155930500477552 15.702972378581761 11.009759309701623 12.04445359809324 11.668874680995943 21.536950841546059 12.271438740193846 9.0103761837817746 13.035845002159475 13.185810785740616 13.51713184732944 18.651162752881646 19.627891474403441 12.612532991915939 13.556582462042572 14.236236471682785 11.10796511359513 14.910721821710466 17.385659793391824 18.895410276949406 11.759127873927357 12.109523670747878 11.937201314605774 17.854744194075465 14.577670485712586 13.868476917035876 17.754144970327616 18.054394260048866 12.911797771230338 12.588808845728634 15.433819429948924 19.528564006090164 13.215745294466613 19.049785702954981 7.5787506555207065 18.92755201458931 17.719257703050971 12.173416161909698 17.115331458859146 12.000678269192575 11.678666394203903 10.891988946590571 16.555440372787416 13.023649435490372
leaf_count=91 155 63 82 121 91 65 126 92 133 94 111 86 111 86 157 148 80 94 88 89 111 141 121 73 80 89 124 108 106 111 143 94 89 110 132 78 138 128 121 120 74 125 76 84 104 147 81
internal_value=0 -0.000541359 -0.012548 0.0161375 0.000448688 -2.01949e-05 -0.0176358 0.000705817 -0.000251701 0.000610727 0.00544851 0.0077423 -0.00515872 -0.00268252 0.0154359 -0.0046698 -0.00188509 -0.00604557 0.0105671 0.0127315 0.00474554 -0.0020284 0.00296372 -0.00290062 -0.00620145 0.00205604 0.0159135 0.0119775 -0.0202866 -0.0112299 0.0208088 0.0255646 0.0337584 0.00887687 -0.016678 -0.00741934 -0.0144639 -0.0206028 0.0154405 0.00798724 -0.023312 -0.0251013 -0.00398117 0.0143364 -0.0176626 -0.0242054 0.0205086
internal_weight=0 666.892 49.9123 28.7627 616.979 605.721 23.0542 582.667 548.036 526.499 212.979 196.39 54.7595 313.52 30.32 283.2 230.828 173.405 57.4228 141.63 72.0156 57.1049 43.1866 147.675 121.339 61.0632 29.7919 26.3368 26.1399 31.2713 69.6145 56.5787 38.5243 28.6196 52.3722 32.7443 60.2753 16.5891 34.6305 35.1049 25.73 29.2249 31.0505 24.2912 22 27.3155 25.6125
internal_count=5071 4859 384 212 4475 4412 191 4221 4009 3876 1718 1479 421 2158 249 1909 1551 1178 373 1058 565 454 285 1010 829 410 213 181 200 197 493 407 264 221 358 210 419 239 212 261 168 205 214 164 193 229 170
is_linear=0
shrinkage=0.05


Tree=141
num_leaves=49
num_cat=0
split_feature=5 79 198 12 29 7 287 263 44 54 39 76 34 87 143 98 58 263 276 263 117 283 34 44 289 30 154 32 97 198 283 101 108 220 54 66 39 31 289 97 292 33 34 283 273 156 87 155
split_gain=3.84503 4.5386 3.82212 3.7449 6.36542 3.58576 3.91036 8.05689 3.76612 7.57152 4.91956 5.03278 4.37884 3.55001 3.50562 3.28234 3.1743 3.13663 3.40403 3.07057 3.03062 3.07645 2.91717 2.80445 4.68018 3.77147 3.31708 2.79719 3.85258 3.99798 5.15979 4.54707 3.41529 2.84577 2.65928 3.63038 3.42042 2.61153 2.52535 2.31416 2.25234 3.12027 2.08355 2.04149 1.86514 1.03655 0.784553 0.561972
threshold=79.500000000000014 75.375000000000014 1.0000000180025095e-35 0.062500000000000014 1.5428571428571434 5.7500000000000009 3.1007083274395929e-20 83.335016256128498 12.500000000000002 742.50000000000011 0.44722222222222224 1.0000000180025095e-35 -2.6172584172584163 72.937500000000014 35.250000000000007 0.7916500000000003 17.500000000000004 91.058458969354916 91.914334468585963 90.360676388027329 7.5625000000000009 -0.1348484848484848 -0.45684045684045699 1.0000000180025095e-35 0.50370931781787065 0.42407592407592426 6.2500000000000009 2.1567567567567578 7.0625000000000009 2.8750000000000004 -0.15587044534412953 15.500000000000002 3.035699999999999 1.5000000000000002 717.50000000000011 1.0000000180025095e-35 0.44722222222222224 0.55043478260869583 0.94353349168649059 9.9375000000000018 13.250000000000002 -0.038610038610038637 -0.56871236871236885 -0.1348484848484848 82.73492549811094 27.500000000000004 57.187500000000007 30.500000000000004
decision_type=2 2 2 2 2 2 2 2 2 2 2 2 2 2 2 2 2 2 2 2 2 2 2 2 2 2 2 2 2 2 2 2 2 2 2 2 2 2 2 2 2 2 2 2 2 2 2 2
left_child=1 2 38 4 46 -2 7 -7 12 34 11 -11 15 43 16 -8 20 19 -19 27 -12 -22 -3 -5 -25 -26 -27 28 40 30 -30 32 39 47 35 -10 -37 -32 -1 -31 41 -14 -35 -13 -24 -9 -4 -34
right_child=5 22 3 23 -6 6 8 45 9 10 14 13 17 -15 -16 -17 -18 18 -20 -21 21 -23 44 24 25 26 -28 -29 29 31 37 -33 33 42 -36 36 -38 -39 -40 -41 -42 -43 -44 -45 -46 -47 -48 -49
leaf_value=-0.03216840364656761 0.022717487803124665 -0.00011341940678018437 0.040070502301457402 0.017607678643698041 -0.010122742010097621 0.019007544672024857 0.031765918323750024 -0.050202958421753478 -0.018838325289087937 -0.02306752367189038 0.0029550095214978395 0.0066486849250174777 0.025775093645171106 -0.0076088281041116011 0.00087066038597788983 -0.0014349502164899275 0.041776374527579152 -0.035230425420775278 -0.0015627501621259582 0.016280043405730506 0.045223078246943244 0.010171372829538923 -0.041156235071798858 -0.043953194781473935 0.014547274249470693 -0.041152064161875446 0.00076425567639371516 -0.022081223280707798 0.03286351342383944 -0.017233778775751465 -0.021599839169395396 0.014451059642449318 -0.023873521456070881 -6.0631457263606309e-05 -0.021940693665983002 -0.0082567290499816395 0.025936321353614934 0.0093688417396895259 0.0017657829017055666 0.0082916557145763497 -0.0062489229712791227 -0.0024726042235588353 -0.024415948309198424 0.036166610583284353 -0.01346260524615296 -0.021204818662202005 0.018363273940735704 -0.043838474945065466
leaf_weight=13.933323025237771 19.105805618688464 11.357375528663395 11.827737936750056 9.3425032254308444 15.056501788087187 9.1211931072175521 15.474854998290541 8.0940100555308181 15.198836985975502 13.692355693317948 19.359718680381775 11.405173942446707 25.766719070263207 14.951044597662984 16.663448032923043 13.429751366376875 22.348885510116816 14.194612681865694 15.032658562064169 21.223874520510435 13.137012317776682 12.572586574591694 15.567754185758533 7.8098580790683618 15.650692953728138 7.5536446133628514 10.450980789028106 17.057356966659427 12.575096078217028 14.129984866827725 11.710981819778683 14.61919444799423 12.132288649678232 17.490681882947683 19.024722870439291 12.596709163859488 15.28070997353643 13.781084475107489 8.5057403845712525 20.540001682937145 15.967648155987261 15.144703421741722 16.645016397349536 12.363111116923394 11.801948221400378 8.5297857318073493 10.691632965579627 11.857708763331173
leaf_count=130 111 89 88 72 136 64 95 103 108 136 139 80 158 132 113 84 158 99 118 126 82 103 122 88 98 128 99 139 89 95 74 81 82 107 139 105 101 95 82 127 94 92 116 114 67 59 72 78
internal_value=0 -0.0070354 -0.0018204 0.0029092 0.0146769 0.00199485 0.00119609 -0.017433 0.00219342 0.00751183 0.0140649 0.00197506 -0.00135498 0.0111887 0.0214893 0.0168079 0.0264983 -0.0033552 -0.0185385 -0.00144202 0.0181799 0.0291046 -0.0215373 -0.00590917 -0.0114976 -0.00291518 -0.0180613 -0.00322232 -0.00153191 -0.00584028 0.00793638 -0.0107508 -0.0148329 -0.0221413 -0.00688607 0.000109774 0.0107349 -0.00513639 -0.0197788 -0.0023029 0.00939831 0.0155088 -0.0122935 0.0228428 -0.0301101 -0.0373713 0.0309834 -0.0351011
internal_weight=0 149.55 110.823 88.3836 37.5759 542.219 523.114 25.745 497.369 198.594 136.493 52.4117 298.774 38.7193 84.0817 28.9046 67.4182 269.87 29.2273 240.642 45.0693 25.7096 38.7271 50.8077 41.4652 33.6553 18.0046 219.418 202.361 145.482 38.0672 107.415 92.7957 58.1257 62.101 43.0763 27.8774 25.4921 22.4391 34.67 56.8791 40.9114 34.1357 23.7683 27.3697 16.6238 22.5194 23.99
internal_count=5067 1271 993 781 296 3796 3685 226 3459 1510 1057 462 1949 326 595 179 482 1770 217 1553 324 185 278 485 413 325 227 1427 1288 944 258 686 605 383 453 314 206 169 212 222 344 250 223 194 189 162 160 160
is_linear=0
shrinkage=0.05


Tree=142
num_leaves=51
num_cat=0
split_feature=196 192 159 104 233 97 285 285 277 143 33 58 30 8 126 34 46 34 147 104 282 156 226 182 283 39 30 55 190 113 277 291 33 36 232 198 272 233 288 188 226 56 55 31 105 273 112 203 232 158
split_gain=3.00865 3.2414 3.40824 6.33365 2.82665 2.78785 2.73475 4.10002 3.04618 6.16284 3.80488 3.74851 4.09126 4.14277 3.68021 3.62653 3.42771 3.07381 3.14034 2.99711 3.63009 3.50685 2.91649 2.84133 3.48399 3.12005 4.73264 4.12318 3.7769 4.30851 3.28918 2.67873 3.59187 3.53748 2.97553 4.5129 4.20939 3.00494 2.58653 2.51621 3.44457 2.38624 2.6581 2.3136 2.22531 2.17063 2.08563 1.81713 1.75066 1.38224
threshold=2.5000000000000004 40.750000000000007 1.5000000000000002 4.5000000000000009 78.500000000000014 9.2812500000000018 7.8125000000000009 8.6875000000000018 -2.9949920563735417 10.250000000000002 5.6128466128466128 14.500000000000002 -0.25174825174825155 7.5000000000000009 7.5000000000000009 -1.0445284445284446 117.50000000000001 -2.7281097281097275 8.5000000000000018 2.5000000000000004 -2.2499999999999996 9.5000000000000018 33.500000000000007 66.500000000000014 -0.36038961038961032 0.41428571428571431 0.62937062937062982 862.50000000000011 7.5000000000000009 115.00000000000001 -1.6039257591818517 1.1639784946236562 -1.1799227799227798 1.0113166843822727 11.750000000000002 24.875000000000004 -1.8507639135778315 3.5000000000000004 0.45273815774107123 28.500000000000004 55.500000000000007 13.250000000000002 777.50000000000011 0.1890953154492184 9.5000000000000018 83.142351086798712 115.00000000000001 1.0000000180025095e-35 38.750000000000007 5.5000000000000009
decision_type=2 2 2 2 2 2 2 2 2 2 2 2 2 2 2 2 2 2 2 2 2 2 2 2 2 2 2 2 2 2 2 2 2 2 2 2 2 2 2 2 2 2 2 2 2 2 2 2 2 2
left_child=1 2 6 -4 39 -5 45 22 9 -9 11 12 14 -14 38 17 -17 -13 41 -15 21 -21 -8 24 -18 30 -27 28 29 48 47 32 33 -22 37 36 -36 -34 43 -2 -41 -19 -43 -10 -42 -1 -35 -26 -28 -37
right_child=4 -3 3 5 -6 -7 7 8 10 -11 -12 15 13 19 -16 16 23 18 -20 20 31 -23 -24 -25 25 26 27 -29 -30 -31 -32 -33 34 46 35 49 -38 -39 -40 40 44 42 -44 -45 -46 -47 -48 -49 -50 -51
leaf_value=-0.02912198318188591 0.0025080463784356711 -0.021606414540070642 0.0347418237396191 -0.017911725550682506 0.009704678905804516 0.013273015743718187 0.0032160719961297672 0.014682302538771091 0.006930563515451689 -0.030703440617037336 0.028265015118092585 0.014216649768388503 0.01654398667375518 -0.033230935749764587 -0.01413804359584451 0.03587746324842421 0.028371993777015155 0.01469033970892745 -0.030011593950686713 -0.0097142492549165561 -0.01948906603443995 0.025677707063558399 0.036826047609196562 -0.015905837292362734 -0.0057348080760265124 0.034110531998401084 0.0037943441379130966 0.026575591699097453 -0.026865176938129967 -0.018252266030745545 0.012148304706730208 -0.030818786773630522 -0.0075837382056114459 0.022381070585175591 0.025467938097986028 -0.0089421168471195949 -0.012096671930595146 -0.038169797084929936 -0.0015910640248462029 -0.038155280776823855 0.0066737813575238657 -0.029938456179251862 0.0031824731259525577 0.035324560730049963 -0.022324336047176291 -0.00070147432930983103 -0.0034139848841457003 -0.040544545564689824 0.030360060789318889 -0.036461597564093062
leaf_weight=12.636993603780867 15.161531445570288 14.512328181415795 20.204762399196625 12.81683970987797 14.02817654982209 13.904263351112602 12.859699943102898 10.874060046859087 13.383352691307666 19.975923516787589 11.664625020697711 15.79438474588096 15.892846257425843 11.402774220332502 13.860102100297807 10.650680737569926 19.787160906940699 12.276331323198972 13.648763911798595 12.476640880107881 11.312050050124524 13.844662966206668 12.398006290197371 11.01494039967656 7.792265241499992 15.984649078920482 13.026545443572106 14.643497409764676 11.362018764950333 12.278852035757152 9.9298120345920307 14.112009122967718 14.362438600044696 18.407431948930029 13.771611430682233 9.3371346229687351 14.185795959085235 19.135386396199465 16.095241960138083 16.487998705357313 11.908368869684638 9.9482392515055853 13.178283653222023 16.111064802855253 12.942516308277844 13.341988904401658 12.749202472157775 6.9891597256064415 11.436148354317991 9.8730913912877423
leaf_count=82 103 91 115 81 98 85 84 91 90 145 79 95 121 105 91 66 119 89 106 80 74 89 81 76 95 108 108 111 87 112 98 138 115 140 107 79 121 140 97 127 79 80 109 102 95 87 134 90 79 94
internal_value=0 0.000963288 0.00154352 0.0143353 -0.00987006 -0.00179138 0.000435743 0.00122715 0.000220387 -0.0147471 0.00122837 0.000483042 -0.00364208 -0.00720375 0.00772266 0.00540002 0.00977753 -0.00438129 -0.0105341 -0.00944255 -0.00759234 0.00915994 0.0204881 0.00745686 0.00965636 0.00583895 0.0106783 0.00426752 -0.00292633 0.00499223 -0.00939512 -0.0108481 -0.00832954 0.00339254 -0.0144669 -0.00615312 0.00664786 -0.0256558 0.0145295 -0.0148144 -0.0210768 -0.00240689 -0.0117154 0.0230903 -0.00870801 -0.0150931 0.0120479 -0.0237202 0.0169182 -0.02419
internal_weight=0 615.244 600.732 46.9259 70.5286 26.7211 553.806 527.827 502.569 30.85 471.719 460.055 250.313 190.863 59.4498 209.742 144.896 64.846 49.0516 174.97 163.567 26.3213 25.2577 134.245 123.23 103.443 78.7317 62.7471 48.1036 36.7415 24.7112 137.246 123.134 42.4687 80.6655 47.1676 27.9574 33.4978 45.5897 56.5004 41.3389 35.4029 23.1265 29.4944 24.8509 25.979 31.1566 14.7814 24.4627 19.2102
internal_count=5068 4566 4475 281 502 166 4194 4025 3860 236 3624 3545 1917 1537 380 1628 1149 479 384 1416 1311 169 165 1083 1007 888 605 497 386 299 283 1142 1004 348 656 401 228 255 289 404 301 278 189 192 174 169 274 185 187 173
is_linear=0
shrinkage=0.05


end of trees

feature_importances:
Column_283=201
Column_36=139
Column_289=139
Column_31=138
Column_32=126
Column_282=116
Column_288=115
Column_291=107
Column_33=102
Column_30=98
Column_279=98
Column_301=97
Column_9=95
Column_34=95
Column_58=88
Column_274=88
Column_54=85
Column_277=83
Column_272=82
Column_8=80
Column_29=76
Column_286=74
Column_55=73
Column_284=70
Column_260=69
Column_99=67
Column_285=67
Column_10=65
Column_287=62
Column_259=61
Column_56=58
Column_143=57
Column_57=55
Column_44=53
Column_74=52
Column_97=52
Column_108=50
Column_263=48
Column_12=47
Column_48=47
Column_98=47
Column_117=47
Column_148=47
Column_39=44
Column_78=44
Column_101=44
Column_157=44
Column_198=44
Column_146=42
Column_273=42
Column_107=40
Column_14=39
Column_110=39
Column_116=39
Column_299=38
Column_88=37
Column_137=37
Column_193=37
Column_297=37
Column_202=36
Column_220=36
Column_235=36
Column_278=35
Column_0=34
Column_35=34
Column_182=34
Column_298=34
Column_109=33
Column_154=32
Column_190=32
Column_233=32
Column_115=31
Column_201=31
Column_2=30
Column_41=30
Column_66=30
Column_209=30
Column_47=29
Column_49=29
Column_100=29
Column_111=29
Column_112=29
Column_149=29
Column_156=29
Column_226=29
Column_232=29
Column_5=28
Column_51=28
Column_113=28
Column_114=28
Column_155=28
Column_227=28
Column_46=27
Column_145=27
Column_50=26
Column_234=26
Column_3=25
Column_119=25
Column_138=25
Column_192=25
Column_144=24
Column_290=24
Column_87=23
Column_76=22
Column_80=22
Column_89=22
Column_103=22
Column_104=22
Column_105=22
Column_212=22
Column_214=22
Column_275=22
Column_6=21
Column_102=21
Column_188=20
Column_195=20
Column_199=19
Column_203=19
Column_187=18
Column_204=18
Column_262=18
Column_280=18
Column_1=17
Column_28=17
Column_79=17
Column_90=17
Column_118=17
Column_4=16
Column_7=16
Column_38=15
Column_42=15
Column_210=15
Column_261=15
Column_295=15
Column_13=14
Column_77=14
Column_147=14
Column_158=14
Column_181=14
Column_197=14
Column_296=14
Column_11=13
Column_40=13
Column_16=12
Column_63=12
Column_75=12
Column_93=12
Column_106=12
Column_150=12
Column_276=12
Column_281=12
Column_73=11
Column_91=11
Column_189=11
Column_236=11
Column_120=10
Column_151=10
Column_221=10
Column_15=9
Column_20=9
Column_60=9
Column_72=9
Column_85=9
Column_92=9
Column_52=8
Column_59=8
Column_69=8
Column_95=8
Column_96=8
Column_126=8
Column_211=8
Column_215=8
Column_229=8
Column_71=7
Column_121=7
Column_140=7
Column_191=7
Column_43=6
Column_123=6
Column_124=6
Column_165=6
Column_292=6
Column_293=6
Column_17=5
Column_37=5
Column_53=5
Column_86=5
Column_94=5
Column_142=5
Column_159=5
Column_170=5
Column_206=5
Column_18=4
Column_21=4
Column_70=4
Column_84=4
Column_139=4
Column_141=4
Column_194=4
Column_213=4
Column_300=4
Column_22=3
Column_26=3
Column_45=3
Column_61=3
Column_128=3
Column_152=3
Column_183=3
Column_196=3
Column_230=3
Column_265=3
Column_62=2
Column_122=2
Column_153=2
Column_171=2
Column_172=2
Column_176=2
Column_184=2
Column_186=2
Column_200=2
Column_205=2
Column_207=2
Column_208=2
Column_231=2
Column_19=1
Column_23=1
Column_24=1
Column_64=1
Column_81=1
Column_83=1
Column_125=1
Column_167=1
Column_177=1
Column_179=1
Column_185=1
Column_216=1
Column_228=1
Column_237=1
Column_249=1
Column_269=1

parameters:
[boosting: gbdt]
[objective: binary]
[metric: binary_logloss]
[tree_learner: serial]
[device_type: cpu]
[data_sample_strategy: bagging]
[data: ]
[valid: ]
[num_iterations: 2000]
[learning_rate: 0.05]
[num_leaves: 63]
[num_threads: 0]
[seed: 42]
[deterministic: 0]
[force_col_wise: 0]
[force_row_wise: 0]
[histogram_pool_size: -1]
[max_depth: -1]
[min_data_in_leaf: 80]
[min_sum_hessian_in_leaf: 0.001]
[bagging_fraction: 0.8]
[pos_bagging_fraction: 1]
[neg_bagging_fraction: 1]
[bagging_freq: 1]
[bagging_seed: 400]
[feature_fraction: 0.8]
[feature_fraction_bynode: 1]
[feature_fraction_seed: 30056]
[extra_trees: 0]
[extra_seed: 12879]
[early_stopping_round: 0]
[early_stopping_min_delta: 0]
[first_metric_only: 0]
[max_delta_step: 0]
[lambda_l1: 0]
[lambda_l2: 1]
[linear_lambda: 0]
[min_gain_to_split: 0]
[drop_rate: 0.1]
[max_drop: 50]
[skip_drop: 0.5]
[xgboost_dart_mode: 0]
[uniform_drop: 0]
[drop_seed: 17869]
[top_rate: 0.2]
[other_rate: 0.1]
[min_data_per_group: 100]
[max_cat_threshold: 32]
[cat_l2: 10]
[cat_smooth: 10]
[max_cat_to_onehot: 4]
[top_k: 20]
[monotone_constraints: ]
[monotone_constraints_method: basic]
[monotone_penalty: 0]
[feature_contri: ]
[forcedsplits_filename: ]
[refit_decay_rate: 0.9]
[cegb_tradeoff: 1]
[cegb_penalty_split: 0]
[cegb_penalty_feature_lazy: ]
[cegb_penalty_feature_coupled: ]
[path_smooth: 0]
[interaction_constraints: ]
[verbosity: -1]
[saved_feature_importance_type: 0]
[use_quantized_grad: 0]
[num_grad_quant_bins: 4]
[quant_train_renew_leaf: 0]
[stochastic_rounding: 1]
[linear_tree: 0]
[max_bin: 255]
[max_bin_by_feature: ]
[min_data_in_bin: 3]
[bin_construct_sample_cnt: 200000]
[data_random_seed: 175]
[is_enable_sparse: 1]
[enable_bundle: 1]
[use_missing: 1]
[zero_as_missing: 0]
[feature_pre_filter: 1]
[pre_partition: 0]
[two_round: 0]
[header: 0]
[label_column: ]
[weight_column: ]
[group_column: ]
[ignore_column: ]
[categorical_feature: ]
[forcedbins_filename: ]
[precise_float_parser: 0]
[parser_config_file: ]
[objective_seed: 16083]
[num_class: 1]
[is_unbalance: 0]
[scale_pos_weight: 1]
[sigmoid: 1]
[boost_from_average: 1]
[reg_sqrt: 0]
[alpha: 0.9]
[fair_c: 1]
[poisson_max_delta_step: 0.7]
[tweedie_variance_power: 1.5]
[lambdarank_truncation_level: 30]
[lambdarank_norm: 1]
[label_gain: ]
[lambdarank_position_bias_regularization: 0]
[eval_at: ]
[multi_error_top_k: 1]
[auc_mu_weights: ]
[num_machines: 1]
[local_listen_port: 12400]
[time_out: 120]
[machine_list_filename: ]
[machines: ]
[gpu_platform_id: -1]
[gpu_device_id: -1]
[gpu_use_dp: 0]
[num_gpu: 1]

end of parameters

pandas_categorical:null
