{
  "per_station_test": {
    "KMIA": {
      "bias": 0.1866977106840532,
      "mae": 1.6456960976434074,
      "p50_abs_error": 1.3449230642272738,
      "p90_abs_error": 3.30279722741954,
      "p95_abs_error": 4.2214656808180475,
      "rmse": 2.1773044448209284
    }
  },
  "test": {
    "bias": 0.1866977106840532,
    "mae": 1.6456960976434074,
    "p50_abs_error": 1.3449230642272738,
    "p90_abs_error": 3.30279722741954,
    "p95_abs_error": 4.2214656808180475,
    "rmse": 2.1773044448209284
  },
  "train": {
    "bias": 7.154193512840775e-11,
    "mae": 1.315932320074756,
    "p50_abs_error": 1.0105183248837335,
    "p90_abs_error": 2.886624428030083,
    "p95_abs_error": 3.6593346831990905,
    "rmse": 1.7523109682301368
  },
  "validation": {
    "bias": 0.5345925272083837,
    "mae": 1.537265748506229,
    "p50_abs_error": 1.2291606533025856,
    "p90_abs_error": 3.0802350813539134,
    "p95_abs_error": 3.5712840321103623,
    "rmse": 2.005878790136647
  }
}