{
  "test": {
    "bias": 0.394746297300892,
    "corr": 0.9914088588095153,
    "mae": 1.8888495566676802,
    "maxAE": 8.259472280102088,
    "medianAE": 1.5376025046669781,
    "n": 363,
    "rmse": 2.4526480762787153
  },
  "train": {
    "bias": -9.336217202388195e-11,
    "corr": 0.998945662965711,
    "mae": 0.5654046709674955,
    "maxAE": 6.031895736537162,
    "medianAE": 0.46151000332276126,
    "n": 1224,
    "rmse": 0.7608643982377872
  },
  "validation": {
    "bias": -0.1542156160782601,
    "corr": 0.9888574956928762,
    "mae": 1.8778786516906167,
    "maxAE": 8.930470111658025,
    "medianAE": 1.4362598539819693,
    "n": 184,
    "rmse": 2.4745581395788654
  }
}