{
  "per_station_test": {
    "KMIA": {
      "bias": 0.16945512586766326,
      "mae": 1.5462518778309364,
      "p50_abs_error": 1.2570521730289954,
      "p90_abs_error": 3.0681012167515123,
      "p95_abs_error": 3.918401390366984,
      "rmse": 2.0424404748577802
    }
  },
  "test": {
    "bias": 0.16945512586766326,
    "mae": 1.5462518778309364,
    "p50_abs_error": 1.2570521730289954,
    "p90_abs_error": 3.0681012167515123,
    "p95_abs_error": 3.918401390366984,
    "rmse": 2.0424404748577802
  },
  "train": {
    "bias": -1.4720229540175082e-10,
    "mae": 1.2025420916000118,
    "p50_abs_error": 0.9148224470680546,
    "p90_abs_error": 2.627405751297438,
    "p95_abs_error": 3.3356162381245618,
    "rmse": 1.6050938161863122
  },
  "validation": {
    "bias": 0.6242780932217521,
    "mae": 1.5354771502431244,
    "p50_abs_error": 1.2680105858492539,
    "p90_abs_error": 3.3529418171987433,
    "p95_abs_error": 3.924330990738659,
    "rmse": 2.007591534561087
  }
}