{
  "test": {
    "bias": 0.5760680009606541,
    "corr": 0.9904059326845052,
    "mae": 1.8751837266120857,
    "maxAE": 10.422321938764668,
    "medianAE": 1.4886538104259337,
    "n": 332,
    "rmse": 2.4586677407042767
  },
  "train": {
    "bias": 3.056725823801399e-11,
    "corr": 0.9992448137335458,
    "mae": 0.4783593197920984,
    "maxAE": 6.485745205959471,
    "medianAE": 0.3833345656744811,
    "n": 1224,
    "rmse": 0.6440253244346031
  },
  "validation": {
    "bias": -0.119395335337255,
    "corr": 0.9922574920886318,
    "mae": 1.8567748654672989,
    "maxAE": 6.950393503315539,
    "medianAE": 1.4766388954730303,
    "n": 214,
    "rmse": 2.4366407430837067
  }
}