{
  "test": {
    "bias": 0.4497061078178984,
    "corr": 0.9911335070380556,
    "mae": 1.7987422063793865,
    "maxAE": 8.883520854266372,
    "medianAE": 1.4686714023477414,
    "n": 332,
    "rmse": 2.3415449853176153
  },
  "train": {
    "bias": 1.0659649488443065e-10,
    "corr": 0.9985055315156814,
    "mae": 0.6813019749258695,
    "maxAE": 6.872951418593399,
    "medianAE": 0.5354421049383475,
    "n": 1224,
    "rmse": 0.9051878723869418
  },
  "validation": {
    "bias": -0.0787624289060187,
    "corr": 0.9914034881856996,
    "mae": 1.992394245171366,
    "maxAE": 7.992721409360879,
    "medianAE": 1.6873426128675675,
    "n": 214,
    "rmse": 2.5674675046459057
  }
}