tree
version=v4
num_class=1
num_tree_per_iteration=1
label_index=0
max_feature_idx=67
objective=binary sigmoid:1
feature_names=Column_0 Column_1 Column_2 Column_3 Column_4 Column_5 Column_6 Column_7 Column_8 Column_9 Column_10 Column_11 Column_12 Column_13 Column_14 Column_15 Column_16 Column_17 Column_18 Column_19 Column_20 Column_21 Column_22 Column_23 Column_24 Column_25 Column_26 Column_27 Column_28 Column_29 Column_30 Column_31 Column_32 Column_33 Column_34 Column_35 Column_36 Column_37 Column_38 Column_39 Column_40 Column_41 Column_42 Column_43 Column_44 Column_45 Column_46 Column_47 Column_48 Column_49 Column_50 Column_51 Column_52 Column_53 Column_54 Column_55 Column_56 Column_57 Column_58 Column_59 Column_60 Column_61 Column_62 Column_63 Column_64 Column_65 Column_66 Column_67
feature_infos=[-72:105.5] [-17:123] [-89:92] [5:810] [0:149] [-390:24] [-27.771428571428569:57.771428571428565] [-25.715394566623541:152.57142857142856] [-47.021081576535288:77.502380688738796] [-50.227799227799224:77.502380688738782] [-77.15952354588164:107.99922779922778] [-30.195128383925415:160.27089772430361] [0:1] [0:1] [0:1] [0:120] [0:120] [0:120] [0:66] [-2:131] [-1:146] [0:26.414037724075598] [0:52.993599296122774] [0:7.5] [0:11] [0:43.25] [6.5952916518887783e-05:0.96436267240399898] [0.0061728395061728392:1] [0:745] [0:1] [0:180] [0:2] [0:2] [0:29] [0:1] [47.5:93] [42:85.5] [1:17.5] [0:13] [0:14] [-43.5:90] [-8.6999999999999993:14.666666666666666] [0:22.133333333333333] [4.5:46.5] [4.5:76.5] [0:100] [0:100] [0:5] [0:6] [0:999] [0:29] [0:999] [0:999] [0:41] [0:999] [2:8] [1:7] [17.375:78.5] [-0.9999994220246925:0.99998555065071859] [-0.99997919295908233:0.9999907524084426] [1:12] [0:3] [1:3] none [1:3] [-1.8964190351956907:17.232399730292499] [0:1] [0:1]
tree_sizes=4740 4862 4871 4879 4779 5162 4869 4988 4966 4986 4461 5087 5095 5084 5102 4886 5101 5092 5303 4994 5505 5110 5111 5106 5291 5113 5517 5104 4894 5246 4891 5419 5211 5110 5296 5311 5426 5338 5330 5436 5123 5109 5654 5224 5462 5222 5447 5420 5337 5305 5013 5019 5342 5021 5045 5149 5028 5216 5140 4909 5545 5331 5340 5450 5126 5350 5027 5245 5221 5339 5232 5355 5433 5331 5144 5641 5361 5451 5263 5547 5240 5563 5457 5452 5439 5326 5462 4835 5352 5047 5247 5342 5354 5359 5346 5118 5240 5127 5040 5145 5551 5430 5227 5259 5244 5231 5230 5272 5228 5346 5141 5450 5469 5554 5142 5262 5145 5332 5029 5227 5128 5235 5344 5258 5244 5255 5227 5447 5267 5245 5346 5132 5456 5455 5350 5150 5456 5345 5359 5429 5374 5254 5448 5585 5146 5165 5253 5232 5454 5038 5355 5554 5136 5017 5026 4947 4937 5450 5455 5257 5350 5561 5454 5471 5033 5564 4922 5235 5152 5241 5460 5251 5355 5126 5228 5254 4723 5158

Tree=0
num_leaves=44
num_cat=0
split_feature=4 4 41 8 59 59 9 12 40 41 11 59 59 4 12 9 62 8 59 8 41 49 41 11 27 9 58 46 15 0 25 11 8 40 51 59 41 40 9 59 46 11 22
split_gain=624.04 294.018 176.558 143.795 69.1482 64.5117 61.2184 60.8721 58.1816 47.4584 32.6788 32.7113 31.2507 40.4194 29.6761 32.9522 26.4662 22.4966 31.1856 19.1642 19.0003 16.5213 14.5464 16.4703 14.0094 13.4865 10.8726 9.78169 8.22648 8.12719 7.32461 7.31677 7.0372 6.86732 6.68439 6.54685 5.55254 5.51218 5.05454 4.25078 3.04239 2.63985 0.935931
threshold=1.0000000180025095e-35 1.7500000000000002 -0.14907407407407405 1.389130434782609 0.1318557721318592 0.16587474750015932 1.992277992277993 0.062500000000000014 -1.7499999999999998 -0.080128205128205107 -0.75097335097335094 0.36447543099728863 0.26659387353423869 3.2500000000000004 0.14583333333333334 1.9343629343629347 1.5000000000000002 1.5156521739130435 0.33222858587828868 1.2234782608695653 -0.37797619047619041 1.0000000180025095e-35 0.10818713450292398 -0.12211032211032234 0.99691358024691368 1.1003861003861009 0.45273815774107123 22.500000000000004 12.500000000000002 79.750000000000014 0.55050505050505061 -0.21195012253694476 0.78521739130434787 -1.0000000180025095e-35 73.500000000000014 0.84658398682345093 -0.30217391304347824 -2.2499999999999996 1.3042471042471047 0.70747208174348741 51.500000000000007 0.021934821934821994 1.6385355362590655
decision_type=2 2 2 2 2 2 2 2 2 2 2 2 2 2 2 2 2 2 2 2 2 2 2 2 2 2 2 2 2 2 2 2 2 2 2 2 2 2 2 2 2 2 2
left_child=9 2 5 4 7 14 27 24 29 10 -1 28 13 34 15 19 22 18 41 36 -8 -5 23 39 -4 30 31 38 -12 -3 -9 -23 -31 -14 -10 -20 -2 -21 -7 -6 -30 -11 -19
right_child=1 8 3 21 16 6 20 25 12 17 11 -13 33 -15 -16 -17 -18 42 35 37 -22 26 -24 -25 -26 -27 -28 -29 40 32 -32 -33 -34 -35 -36 -37 -38 -39 -40 -41 -42 -43 -44
leaf_value=-0.72677881216796814 -0.62207302971977574 -0.54193893271157223 -0.61364538113177869 -0.73548027603036203 -0.6054697058868983 -0.55795843038324999 -0.61591551435661573 -0.69508749504098533 -0.63545875969365206 -0.74922183284028943 -0.6709738626000098 -0.63251681617513833 -0.56329217424242062 -0.58807648132435686 -0.67288553528660666 -0.66711730241038403 -0.66081938727123446 -0.72872021048053559 -0.65962894476672629 -0.58295752294861758 -0.67860957042679404 -0.66210917479635645 -0.63909571474374027 -0.63345595201960592 -0.65740246293988014 -0.67465879302610154 -0.71645811383613589 -0.5993879155632591 -0.71766612289693132 -0.55965583124526241 -0.73544758968886537 -0.7015763856000683 -0.59801435914830237 -0.59906315494031293 -0.66945963812475495 -0.69742020885531586 -0.65187378518060757 -0.61583805802139546 -0.5923732538262434 -0.57064518246852436 -0.68936621436158241 -0.7199817161051868 -0.75095282361305471
leaf_weight=32.559836328029633 38.062060862779617 59.183735817670822 37.81729182600975 38.159151166677475 27.62622657418251 62.116460859775543 24.771844297647476 26.031299829483032 42.5301174223423 22.116879969835281 31.314624935388565 36.540973484516144 45.170837610960007 54.525268107652664 41.98098412156105 39.076747357845306 34.176129281520844 18.737349271774292 24.187100648880005 39.49768340587616 22.666013270616531 25.967201203107834 36.115534037351608 28.569692373275757 37.05187776684761 40.4314084649086 33.87176501750946 54.128316938877106 20.950011342763901 47.362133473157883 20.755096793174744 19.811630994081497 30.704011678695679 37.334875822067261 22.428366303443909 20.027911752462387 31.048489689826965 33.399089753627777 29.586997538805008 33.508539468050003 18.903775542974472 22.51383113861084 48.255010843276978
leaf_count=138 121 141 117 165 83 158 77 102 141 99 115 120 117 155 155 142 122 80 86 110 85 93 121 94 131 150 140 160 87 121 90 79 90 110 82 79 108 104 85 89 73 94 216
internal_value=-0.677079 -0.623868 -0.639552 -0.661695 -0.644428 -0.616249 -0.595067 -0.667546 -0.584511 -0.704866 -0.683685 -0.67032 -0.602314 -0.619543 -0.634885 -0.626146 -0.621212 -0.723768 -0.706738 -0.615021 -0.645284 -0.708779 -0.610666 -0.599765 -0.634755 -0.695855 -0.695422 -0.57906 -0.690079 -0.559041 -0.713839 -0.679348 -0.573552 -0.578351 -0.646905 -0.676818 -0.634911 -0.59699 -0.568028 -0.584976 -0.704872 -0.735735 -0.745585
internal_weight=0 1195.47 856.228 439.893 322.083 416.335 193.27 162.087 339.239 296.107 140.269 107.709 201.989 119.484 223.065 181.084 159.996 155.838 88.8457 142.007 47.4379 117.81 125.82 89.7045 74.8692 87.2178 79.6506 145.832 71.1684 137.25 46.7864 45.7788 78.0661 82.5057 64.9585 44.215 69.1106 72.8968 91.7035 61.1348 39.8538 44.6307 66.9924
internal_count=5025 3838 2881 1576 1099 1305 565 590 957 1187 533 395 605 378 740 585 509 654 358 443 162 477 387 266 248 342 312 403 275 352 192 172 211 227 223 165 229 214 243 172 160 193 296
is_linear=0
shrinkage=1


Tree=1
num_leaves=45
num_cat=0
split_feature=4 41 4 9 44 4 43 41 4 59 13 9 40 0 13 41 3 9 44 41 9 35 45 59 23 46 45 58 45 50 49 58 26 27 4 9 0 54 13 58 3 41 11 4
split_gain=548.199 183.442 163.247 78.3934 71.5757 61.3104 70.3122 60.5216 45.4395 44.3076 47.6475 37.956 35.2522 27.056 24.9404 23.7554 22.1504 21.6537 30.1659 20.47 17.9881 16.8356 15.5603 15.4467 14.0635 13.6356 12.6174 12.35 12.2448 11.4088 9.8667 8.40225 8.17124 6.87497 6.67706 6.41108 6.09403 6.06816 5.04308 3.47818 3.95695 2.47274 0.641945 0.347181
threshold=0.62500000000000011 -0.1348484848484848 1.0000000180025095e-35 1.8861517054559049 5.0000000000000009 2.7500000000000004 5.0000000000000009 -0.080128205128205107 1.7500000000000002 0.29958852271690523 0.14583333333333334 1.12972972972973 -2.7499999999999996 79.125000000000014 0.14583333333333334 0.11882352941176472 37.500000000000007 1.1389961389961394 5.0000000000000009 -0.30217391304347824 1.5853281853281858 86.750000000000014 52.500000000000007 0.097680735332368748 0.37500000000000006 29.500000000000004 41.500000000000007 0.056951373111866731 18.500000000000004 1.0000000180025095e-35 63.500000000000007 0.15951094710994371 0.0035111110977353436 0.99020397208803013 1.2500000000000002 1.2471042471042475 76.750000000000014 58.500000000000007 0.14583333333333334 0.022575936829235418 32.500000000000007 -0.28174603174603169 -0.45684045684045699 4.2500000000000009
decision_type=2 2 2 2 2 2 2 2 2 2 2 2 2 2 2 2 2 2 2 2 2 2 2 2 2 2 2 2 2 2 2 2 2 2 2 2 2 2 2 2 2 2 2 2
left_child=2 5 7 9 8 6 19 14 15 10 22 27 -5 -11 25 29 32 18 -9 34 41 -12 24 31 33 -1 -10 -6 -21 -3 -30 -16 42 -4 -2 -26 -29 -31 -15 40 -19 -8 -14 -7
right_child=1 4 3 12 11 43 20 17 26 13 21 -13 16 38 23 -17 -18 39 -20 28 -22 -23 -24 -25 35 -27 -28 36 30 37 -32 -33 -34 -35 -36 -37 -38 -39 -40 -41 -42 -43 -44 -45
leaf_value=0.04814472410273786 0.050161647358397635 0.034112930722994518 0.057935155517434979 0.034178781626762758 0.090847177841514748 0.10227471781089799 0.11846013435848085 -0.057741274396558795 0.025511527804253548 0.020064918790602616 0.009233285237360658 0.012500174826166747 -0.066979085190723472 0.084900430288602585 -0.05164927793444081 -0.049328747825712844 0.014353234927281589 -0.031609208460070981 0.01570501128133844 0.055384167361006854 0.067641864105218039 -0.044740858397659712 0.070712444366603816 0.0049056702499552796 -0.011814764557407011 -0.00061974281674485366 0.067251406196027624 0.073174999970563662 -0.0090271634581429606 0.006282676202688988 0.036515433191151539 -0.0087027769293639892 -0.018761595691593642 0.025331725206689554 0.078724673879808499 0.025492164211273 0.037425177382201295 -0.02707390040820189 0.054075481067705836 -0.072356487203312489 -0.063568523891500556 0.094181464994622044 -0.045046028302441816 0.12441119538907897
leaf_weight=27.380623310804367 49.966505244374275 23.843038156628609 34.627077519893646 28.205157533288002 59.127756297588348 49.587487056851387 59.951611042022705 27.435551106929779 46.879632174968719 31.30058091878891 28.905014127492905 32.128386527299881 21.246225848793983 55.364375025033951 32.226012125611305 24.689851671457291 20.648860454559326 21.629961267113686 26.83808322250843 27.966341137886047 47.112040728330612 27.333089590072632 26.817655384540558 39.103599175810814 23.235330954194069 28.916002109646797 30.887976318597794 26.361002653837204 23.570333167910576 34.962101563811302 22.3718371540308 18.043478339910507 21.276830956339836 34.661885052919388 50.486465394496918 21.036220610141754 28.89787894487381 21.057394608855247 28.041858777403831 48.530759081244469 24.769097656011581 57.724071934819221 17.944982260465622 66.771277144551277
leaf_count=88 157 80 106 94 160 126 143 121 159 108 105 115 95 154 139 105 74 90 96 87 139 115 78 144 89 108 91 76 89 129 74 70 84 119 142 72 94 85 86 222 111 152 76 154
internal_value=0 0.0637035 0.00319684 0.0231708 0.035086 0.0842406 0.0730596 -0.0252786 0.0140463 0.0359317 0.0213463 0.0609946 -0.0131655 0.0605316 -0.00229944 -0.00749411 -0.0298434 -0.0475488 -0.0217953 0.0504428 0.0965418 -0.0173228 0.0368509 -0.018646 0.0283069 0.0235238 0.0427332 0.0743891 0.0298485 0.00588935 0.0134555 -0.0367047 -0.0449238 0.0422177 0.0651516 0.00608365 0.055477 -0.00651078 0.0753003 -0.061892 -0.0496512 0.107445 -0.058307 0.115929
internal_weight=0 784.343 715.518 420.645 328.835 455.508 339.149 294.873 182.32 311.323 196.616 146.515 109.322 114.707 145.67 104.552 81.1169 149.203 54.2736 174.361 164.788 56.2381 140.378 89.3731 113.561 56.2966 77.7676 114.387 73.9085 79.8625 45.9422 50.2695 60.468 69.289 100.453 44.2716 55.2589 56.0195 83.4062 94.9298 46.3991 117.676 39.1912 116.359
internal_count=5001 2357 2644 1455 1094 1263 983 1189 649 1032 684 445 423 348 549 399 329 640 217 549 434 220 464 353 386 196 250 330 250 294 163 209 255 225 299 161 170 214 240 423 201 295 171 280
is_linear=0
shrinkage=0.05


Tree=2
num_leaves=45
num_cat=0
split_feature=4 41 4 8 59 9 45 59 41 41 12 49 9 0 59 8 5 28 22 59 46 12 41 45 7 12 49 4 59 53 7 4 58 45 0 54 65 59 12 22 26 26 12 45
split_gain=517.899 221.509 115.054 93.3417 66.6362 62.6303 59.7757 66.1315 34.3893 32.5638 29.7526 29.4123 27.9604 26.5469 25.7204 35.3854 25.4404 21.4373 19.0865 25.4169 15.9988 14.9184 13.4507 21.9121 12.4426 14.9066 10.8014 10.1133 13.9397 9.79768 11.221 9.1114 8.44173 7.99371 17.5404 6.95468 5.39537 5.01766 4.1558 3.69039 2.51019 1.32673 0.685773 0.260804
threshold=1.0000000180025095e-35 -0.063508064516129017 1.7500000000000002 1.3619943034764403 0.3484035575467645 1.8030888030888035 53.500000000000007 0.1318557721318592 -0.051315789473684204 -0.32575757575757569 0.14583333333333334 1.5000000000000002 1.9220077220077225 81.750000000000014 0.39629089145655322 1.3800000000000003 1.0000000180025095e-35 142.50000000000003 1.4833899732862526 0.33222858587828868 17.500000000000004 0.14583333333333334 -0.30217391304347824 12.500000000000002 -0.37762237762237738 0.062500000000000014 55.500000000000007 3.2500000000000004 0.75438814418115718 5.5000000000000009 -0.44895104895104881 0.62500000000000011 -0.30163705152652742 4.5000000000000009 81.250000000000014 56.500000000000007 0.35387457207787903 0.7710868207630478 0.062500000000000014 1.0565499099442159 0.0068808109099659448 0.0028896711448646059 0.27083333333333343 43.500000000000007
decision_type=2 2 2 2 2 2 2 2 2 2 2 2 2 2 2 2 2 2 2 2 2 2 2 2 2 2 2 2 2 2 2 2 2 2 2 2 2 2 2 2 2 2 2 2
left_child=8 2 4 6 10 33 7 17 14 -7 12 41 22 27 21 -16 24 29 19 42 -13 -1 36 -24 -9 -26 -14 28 -4 30 -3 -12 40 37 -35 -23 -2 -6 -25 -32 -15 -5 -10 -37
right_child=1 3 13 11 5 9 -8 16 18 -11 31 20 26 32 15 -17 -18 -19 -20 -21 -22 35 23 38 25 -27 -28 -29 -30 -31 39 -33 -34 34 -36 43 -38 -39 -40 -41 -42 -43 -44 -45
leaf_value=-0.0022542717800235444 0.047967632103606883 0.0025241127770154366 0.061869204653192844 -0.070339828454114864 0.073874330296040985 0.054836078142998929 0.081596776622798795 0.075174648226934995 -0.046096386464646241 -0.017752756200870964 -0.012146669990618763 0.025668939431834875 -0.0074713437403752586 0.092826432875069184 0.05457885651180832 -0.022729230767673671 5.503733593709825e-05 0.037493960877743419 -0.067868228707389219 -0.00048826544841328278 -0.029631865019814498 -0.019505345148459884 0.065152926916397624 0.032114267053367861 0.06281025975193516 0.01706414672219228 0.033987439789406985 0.11574061574807204 0.1080933877741338 0.0040549781180454656 -0.023385419087713633 0.025068642850853969 0.048197422315802887 0.038998851689006957 0.088937550073848085 -0.061734347484361733 0.075888857702760992 0.10700115891266299 0.0077777514170721696 -0.05347213240443998 0.065319789878416912 -0.044724953958263508 -0.068639678070693502 -0.04303064946291843
leaf_weight=37.720447108149529 39.233287945389748 22.420935779809952 39.001467198133469 22.170133739709854 29.592362552881241 36.636016070842743 44.409337803721428 42.253094360232353 20.1722591817379 25.553189650177956 39.089542895555496 24.112589493393898 34.615747079253197 30.230331018567085 27.348471596837044 30.123987004160881 27.686096698045731 22.626029580831528 58.902936652302742 38.254822596907616 26.30733634531498 23.922255381941795 43.76226419210434 34.822080582380295 35.131283417344093 37.149653419852257 27.335221856832504 78.998871549963951 37.839584767818451 41.872106090188026 21.30489045381546 26.908478066325188 42.731517538428307 30.332976266741753 51.22889731824398 21.94701561331749 50.308863177895546 55.186201557517052 36.035215422511101 24.755268514156342 34.058191105723381 18.035653010010719 17.360440075397491 17.42253603041172
leaf_count=142 120 82 111 102 81 111 122 117 89 99 151 84 131 77 85 119 99 72 274 144 106 97 130 115 103 127 91 177 88 154 85 92 129 94 132 99 139 133 129 106 96 77 81 75
internal_value=0 0.0457602 0.0607017 0.0156919 0.0477522 0.0685378 0.0283797 0.0195276 -0.0280916 0.0252008 0.0332866 -0.0288751 0.0407149 0.0880354 -0.0121827 0.0143624 0.0431051 -0.00582182 -0.0465832 -0.0293718 -0.00320019 -0.0272786 0.0496121 0.0376653 0.053421 0.0398522 0.0110712 0.101583 0.085728 -0.0149599 -0.0264774 0.00317432 0.0675499 0.0844927 0.0710626 -0.0419256 0.0643199 0.0964341 0.0200182 -0.0403483 0.0794779 -0.0602137 -0.0580343 -0.0547282
internal_weight=0 1233.73 823.5 410.234 560.64 228.53 319.609 275.199 293.175 62.1892 332.111 90.6257 266.113 262.86 158.485 57.4725 142.22 132.979 134.69 75.7875 50.4199 101.012 204.162 114.62 114.534 72.2809 61.951 155.84 76.8411 110.353 68.4811 65.998 107.02 166.34 81.5619 63.2918 89.5422 84.7786 70.8573 46.0602 64.2885 40.2058 37.5327 39.3696
internal_count=5067 3862 2426 1436 1748 650 1067 945 1205 210 1098 369 855 678 617 204 446 499 588 314 190 413 633 374 347 230 222 376 199 427 273 243 302 440 226 271 259 214 244 191 173 179 170 174
is_linear=0
shrinkage=0.05


Tree=3
num_leaves=45
num_cat=0
split_feature=12 8 7 40 43 40 22 40 40 59 22 8 65 59 12 10 40 22 22 8 58 46 10 22 18 36 25 25 40 40 42 18 12 40 0 51 8 51 19 12 58 12 7 58
split_gain=244.696 174.714 130.704 121.348 84.9173 53.5933 51.0233 55.9449 48.4284 46.0228 63.2803 29.6283 29.3563 32.0423 23.6376 21.9741 21.4891 20.3525 19.3994 17.8576 16.814 15.0046 14.2138 12.3886 12.2913 12.2274 12.1755 11.0627 13.2321 10.7521 10.5956 9.20674 8.44194 8.01415 15.5678 12.718 6.76939 6.29556 5.57777 5.17845 4.31846 3.41852 2.62144 0.0825282
threshold=0.14583333333333334 1.4360869565217393 -0.37762237762237738 -0.74999999999999989 5.0000000000000009 -1.7499999999999998 1.5364651941646761 -2.2499999999999996 1.0000000180025095e-35 0.2499757677084001 1.5692598319197602 1.1869565217391307 0.39197753542362973 0.26659387353423869 0.062500000000000014 -0.17374517374517393 -1.0000000180025095e-35 1.2764179206008845 1.4833899732862526 -0.17739130434782599 -0.022576249993022688 29.500000000000004 -0.46023166023166046 1.1927465096080485 5.5000000000000009 76.750000000000014 0.80909090909090919 0.52272727272727282 -3.7499999999999996 -1.2499999999999998 1.6496163682864451 8.5000000000000018 0.22916666666666671 1.2500000000000002 83.750000000000014 55.500000000000007 1.389130434782609 59.500000000000007 2.2500000000000004 0.062500000000000014 0.34235194516023087 0.062500000000000014 0.56643356643356668 0.22700754078277605
decision_type=2 2 2 2 2 2 2 2 2 2 2 2 2 2 2 2 2 2 2 2 2 2 2 2 2 2 2 2 2 2 2 2 2 2 2 2 2 2 2 2 2 2 2 2
left_child=1 4 12 6 5 19 -3 27 9 26 20 16 13 -2 33 23 38 25 -5 -1 -11 39 -21 -16 -9 -10 29 -8 -29 36 -17 41 -31 34 -7 -36 -4 -26 40 -18 42 -20 -6 -12
right_child=2 3 8 18 11 14 7 24 17 10 43 -13 -14 -15 15 30 21 -19 31 22 -22 -23 -24 -25 37 -27 -28 28 -30 32 -32 -33 -34 -35 35 -37 -38 -39 -40 -41 -42 -43 -44 -45
leaf_value=0.10205384894067282 -0.009037325349351975 0.075243036012530365 0.004769935243575732 0.0081647582763309124 0.10208601379831002 0.068174220277181605 0.016525898038499756 -0.043186553645089408 -0.001754130372862108 0.065620431502256646 -0.024592881167252636 0.031257877794452479 0.08105097651226513 0.056565776866278644 0.0058736955841305217 -0.028052624431941533 0.05764033573176084 -0.066453287920962473 -0.036050906043797418 0.075270782155794524 0.016494705134421663 0.090388956007634677 0.033168437568293352 0.050173566322287616 0.016255737404033323 -0.045514116915974824 0.013223120169112349 0.082639507394471345 0.036616793510182176 -0.022710189081348937 0.015756471857885784 -0.010116699655838508 -0.058900080022721825 0.023118391749132307 0.052634093827986665 0.0056656660096385042 -0.030375282230684891 -0.018663361598487128 0.10733797011942794 0.027395233689639732 0.068716951967727577 -0.061944186630712106 0.075704835138022716 -0.034855355568430044
leaf_weight=31.503629431128502 33.107215106487274 55.143608748912811 30.894498229026794 24.709471732378006 49.749676927924156 53.99921852350235 26.613885745406151 22.200377240777016 33.312644705176353 46.938856855034828 21.732965692877769 35.002526879310608 39.533193141222 40.819300770759583 27.381416007876396 33.740999698638916 39.620573401451111 47.531791836023331 29.714587986469269 45.910815805196762 28.699210047721863 29.427226126194 39.782808601856232 37.228525549173355 28.116826817393303 29.799212574958801 20.976076424121857 26.741149589419365 43.132222071290016 35.142551183700562 22.062812224030495 18.444147169589996 32.402790546417236 44.956035062670708 29.027522414922714 28.235218197107315 23.296026185154915 22.18797679245472 55.355978429317474 26.614839553833008 51.716379582881927 34.795833811163902 36.113941043615341 17.739366829395294
leaf_count=71 123 150 116 91 115 152 90 92 125 134 87 111 104 116 99 136 115 223 126 122 97 75 126 115 97 130 76 71 137 144 77 72 147 148 89 100 97 85 124 87 140 161 94 73
internal_value=0 0.0430236 -9.5624e-06 0.01297 0.0568854 0.0411127 0.0338811 0.0200212 -0.0144727 -0.00255036 0.0208716 0.0758954 0.0466763 0.0274576 0.0289291 0.0121368 0.0811826 -0.0419825 -0.030474 0.0693826 0.0474392 0.060501 0.056333 0.0317751 -0.0130793 -0.0228037 -0.0214561 0.0447734 0.0551476 -0.0274907 -0.0107596 -0.0419434 -0.0406772 0.0417132 0.0489537 0.0299696 -0.0106153 0.000790372 0.0910722 0.0460754 0.0838003 -0.0507497 0.0919895 -0.0299522
internal_weight=0 1049.23 481.926 331.8 717.43 393.829 224.136 168.992 368.466 257.822 115.11 323.601 113.46 73.9265 276.632 120.414 288.599 110.644 107.664 117.197 75.6381 95.6626 85.6936 64.6099 72.5052 63.1119 142.712 96.4873 69.8734 121.736 55.8038 82.9546 67.5453 156.218 111.262 57.2627 54.1905 50.3048 192.936 66.2354 137.58 64.5104 85.8636 39.4723
internal_count=5060 3268 1792 1172 2096 1235 722 572 1449 971 391 861 343 239 916 427 750 478 450 319 231 277 248 214 274 255 580 298 208 504 213 359 291 489 341 189 213 182 473 202 349 287 209 160
is_linear=0
shrinkage=0.05


Tree=4
num_leaves=44
num_cat=0
split_feature=41 8 8 12 12 44 7 9 9 41 12 43 59 23 65 59 46 8 25 10 40 40 9 2 37 41 22 1 8 12 9 40 3 41 12 10 25 65 51 8 52 22 8
split_gain=255.768 184.251 133.066 84.6103 70.9051 62.1226 49.1807 47.2184 46.187 39.6701 30.0759 26.6202 24.5044 22.8966 21.2232 20.9927 20.0235 18.5668 18.4557 15.1107 14.1302 14.1193 12.554 12.543 11.6027 10.7487 10.5785 10.3408 10.2056 9.11344 9.00785 8.30926 7.71143 7.3816 7.37601 6.07561 5.25179 4.8264 4.50763 4.46792 4.39547 3.75566 1.28099
threshold=-0.065591397849462343 1.3619943034764403 0.88434782608695672 0.14583333333333334 0.062500000000000014 5.0000000000000009 -0.33146853146853134 1.9111969111969114 0.27335907335907345 -0.2696969696969696 0.10416666666666667 5.0000000000000009 0.2499757677084001 0.37500000000000006 -0.41527477868618629 0.18281312110578132 53.500000000000007 1.389130434782609 0.47727272727272735 -0.41930501930501946 1.0000000180025095e-35 -2.2499999999999996 0.84500650383003328 73.500000000000014 7.7500000000000009 -0.30217391304347824 1.4540276491294899 84.500000000000014 1.3069565217391308 0.14583333333333334 1.0787644787644792 -1.7499999999999998 17.500000000000004 -0.27525252525252519 0.18750000000000003 -0.48803088803088795 0.68333333333333346 1.8540703102602589 79.500000000000014 0.43043478260869567 5.5000000000000009 1.4742544357781413 2.4286956521739134
decision_type=2 2 2 2 2 2 2 2 2 2 2 2 2 2 2 2 2 2 2 2 2 2 2 2 2 2 2 2 2 2 2 2 2 2 2 2 2 2 2 2 2 2 2
left_child=2 4 5 7 12 8 14 15 37 18 25 19 23 17 -6 21 35 -5 -9 27 24 38 -14 -2 -3 -10 28 -8 -23 40 -25 -19 -11 -17 -13 -12 -20 -1 -4 -21 -7 -22 -43
right_child=1 20 3 13 6 29 11 9 10 32 16 34 22 -15 -16 33 -18 31 36 39 41 26 -24 30 -26 -27 -28 -29 -30 -31 -32 -33 -34 -35 -36 -37 -38 -39 -40 -41 -42 42 -44
leaf_value=0.063256876250647354 0.00034272381074363902 -0.00041913398657435967 0.069644446965276607 0.0067465048151487718 0.0023346709844616802 0.097390435375409257 0.017565020325679467 -0.0014514491432656314 0.071216960212901123 -0.044438563505616258 0.0010298809442413049 0.025104968440975498 0.08671141815757738 0.026202054897221102 0.054479368269590225 0.085129368371446329 0.038586667911119005 -0.014835702339052848 0.03112261810248447 -0.029242408817554279 -0.035330021317909875 0.024027513652843877 0.042060162094253332 0.018324928677662878 -0.044792620717248488 0.033516433745976952 0.0093343612283411734 -0.028806586608581004 0.065037027192786159 0.064197067912450737 0.058959574022100614 -0.053234959982461187 -0.0028757078908822932 0.053592110494315781 -0.0052088297287073895 -0.036700732543350496 0.061063108127090919 0.095375492679945384 0.040765773284056422 -0.062535389268166097 0.073671494196881057 -0.067485265908615116 -0.047897293468422836
leaf_weight=36.686247199773788 28.401622414588928 28.231460675597191 41.053116053342819 42.824282467365265 31.279550313949585 110.41403222084045 20.186228275299072 26.806421965360641 34.958527535200119 21.257970064878464 23.479359716176987 38.565448999404907 39.464464977383614 39.595313936471939 51.286713883280754 48.642512500286102 26.528550043702126 26.527276128530502 31.661948814988136 20.663035705685616 23.892411828041077 38.069879665970802 31.466118738055229 26.153415590524673 29.851125434041023 47.532321572303772 42.406181469559669 26.99332395195961 26.635974556207657 56.816833272576332 30.746789783239365 31.806253701448441 22.67973729968071 43.830168664455414 40.143740743398666 18.475659847259521 35.014757603406906 32.500471413135529 29.107914105057716 26.915901705622673 48.067360043525696 47.652770802378654 27.409976914525032
leaf_count=98 100 110 111 158 110 251 74 96 91 91 84 127 98 134 150 119 85 105 101 87 101 126 94 88 132 151 147 113 75 154 89 141 84 126 150 76 100 75 86 125 121 229 126
internal_value=0 0.0021487 0.0442564 0.0277794 0.0197043 0.0648775 0.00346033 0.0393078 0.0458453 0.0153021 0.0300061 -0.0116611 0.0461336 -0.00561176 0.0349891 0.0514357 0.0053635 -0.018199 0.0336075 -0.0293809 -0.0437725 0.040934 0.0677634 0.0275711 -0.0235967 0.050155 0.0290558 -0.00901328 0.0416419 0.0840377 0.0409215 -0.0363172 -0.0235261 0.0709146 0.00977276 -0.0160531 0.0475156 0.0794885 0.0584047 -0.0489762 0.0907035 -0.0552603 -0.0610563
internal_weight=0 569.304 983.379 547.92 412.266 435.459 256.034 407.167 220.161 137.421 150.974 173.468 156.232 140.753 82.5663 269.746 68.4836 101.158 93.4831 94.7585 157.038 177.273 70.9306 85.3018 58.0826 82.4908 107.112 47.1796 64.7059 215.298 56.9002 58.3335 43.9377 92.4727 78.7092 41.955 66.6767 69.1867 70.161 47.5789 158.481 98.9552 75.0627
internal_count=5089 2103 2986 1800 1405 1186 936 1262 660 472 487 676 469 538 260 790 245 404 297 399 698 545 192 277 242 242 348 187 201 526 177 246 175 245 277 160 201 173 197 212 372 456 355
is_linear=0
shrinkage=0.05


Tree=5
num_leaves=48
num_cat=0
split_feature=4 4 41 9 43 43 9 8 43 9 40 12 9 40 42 6 51 41 65 41 0 46 62 52 52 10 52 20 3 0 37 20 53 12 52 7 40 54 9 6 12 37 12 11 0 11 49
split_gain=368.557 166.04 119.214 89.3566 66.6596 43.227 42.7199 36.2778 40.324 31.778 26.8126 24.8171 32.7496 19.0943 18.2232 17.8244 17.1927 15.5975 15.5578 15.3751 15.3183 14.337 13.2716 14.72 12.0554 11.2396 13.2415 11.177 10.6679 10.4759 9.79379 9.51995 9.23466 9.41232 9.19186 9.12161 8.69032 7.22762 7.75291 6.76393 6.49911 5.77 2.06241 1.44139 1.32847 0.890121 0.75549
threshold=1.0000000180025095e-35 2.1250000000000004 -0.063508064516129017 1.3949290772820186 5.0000000000000009 5.0000000000000009 1.5667953667953671 1.3988944572912312 5.0000000000000009 1.2054054054054057 -1.7499999999999998 0.14583333333333334 1.9482625482625486 -1.7499999999999998 1.8221343873517788 -1.6285714285714279 97.500000000000014 -0.088932806324110658 -0.37717181534043548 -0.051315789473684204 82.750000000000014 44.500000000000007 1.5000000000000002 3.5000000000000004 3.5000000000000004 1.6934362934362934 1.5000000000000002 2.7500000000000004 62.500000000000007 82.250000000000014 6.2500000000000009 2.7500000000000004 10.500000000000002 0.14583333333333334 3.5000000000000004 1.2083916083916091 -2.2499999999999996 38.500000000000007 1.3212355212355216 -1.0000000180025095e-35 0.10416666666666667 6.7500000000000009 0.062500000000000014 0.40588600588600571 81.250000000000014 -0.088495288495288857 36.500000000000007
decision_type=2 2 2 2 2 2 2 2 2 2 2 2 2 2 2 2 2 2 2 2 2 2 2 2 2 2 2 2 2 2 2 2 2 2 2 2 2 2 2 2 2 2 2 2 2 2 2
left_child=7 2 4 5 11 9 32 8 18 21 35 12 14 44 16 -13 37 -10 46 25 34 31 23 -5 -20 26 -9 -14 -17 39 36 40 33 41 -7 -8 -16 -2 -39 -15 -4 45 -24 -21 -3 -6 -1
right_child=1 13 3 22 6 20 10 19 17 -11 -12 15 27 29 30 28 -18 -19 24 43 -22 -23 42 -25 -26 -27 -28 -29 -30 -31 -32 -33 -34 -35 -36 -37 -38 38 -40 -41 -42 -43 -44 -45 -46 -47 -48
leaf_value=-0.041040924640135923 0.059624426460707036 0.1004515273964664 0.0073957368191715838 -0.037904811643977979 0.10047228504443213 0.046529199378221218 0.063512495491506477 -0.0083320871534156068 0.050572548524618788 0.035110221024813891 -0.012780805784101913 0.034647582836417848 -0.026022506515839879 0.081657009002941178 0.060454973485941865 -0.0418806260098529 -0.0043723755045947648 0.0014952391862512247 -0.034966680345266628 -0.067272204428313928 0.075127648029629207 0.017720536023145037 -0.039392878158312189 0.015928460542885443 0.013638431922467414 0.0038243167557972611 -0.057413417406025596 0.018441730273223902 0.0056362010903906121 0.034721048695015549 0.078327853096288869 -0.051693390411961741 0.045193905489675668 0.055294420170932113 0.014727047257621051 0.024291458671506751 0.023902921165079073 0.01360339524325113 0.049048247934564707 0.051924205090453417 -0.031099316173292674 0.064965453119077615 -0.065566276235675833 -0.042982571488046503 0.07887749291489228 0.07845821788072517 -0.063160040619850699
leaf_weight=17.781937539577484 29.498687371611595 63.086668968200684 20.930023461580276 31.097733199596405 50.557599559426308 52.371367603540421 36.399084523320198 22.784806400537491 27.169336497783661 46.787895977497101 25.608066871762276 24.206619545817375 23.528397753834724 60.11494567990303 39.468085139989853 21.930371448397636 29.65390545129776 38.216163575649261 24.453054800629616 43.638022184371948 28.118491619825363 23.520275369286537 21.443536549806595 20.271979361772537 24.769030794501305 21.023013189435005 35.173144161701202 32.349425405263901 23.9323800355196 29.915065869688988 37.623444318771362 23.905210942029953 33.372582450509071 48.443033337593079 41.850416988134384 27.734826728701591 30.645212024450302 37.33263298869133 26.708211898803711 40.369962617754936 21.330531433224678 42.066518604755402 23.559673070907593 16.201967000961304 41.206676498055458 37.119291767477989 18.696707531809807
leaf_count=81 83 133 75 133 109 154 99 91 79 148 96 79 92 146 106 92 104 142 106 220 73 81 93 73 94 78 159 110 87 91 99 104 94 132 138 89 98 124 78 112 89 108 110 76 99 89 88
internal_value=0 0.03844 0.0296098 0.00623943 0.042193 0.0215332 0.059508 -0.0240739 -0.0070368 0.00212874 0.0301211 0.0274491 0.0339458 0.0762802 0.0422245 0.000753265 0.0287047 0.0223427 -0.0294511 -0.0424333 0.0429867 -0.0152747 -0.0346321 -0.0167621 -0.0107236 -0.0273912 -0.0385868 -0.00040911 -0.0174939 0.062496 0.0572778 -0.0270928 0.0717733 0.0764714 0.0327067 0.0471846 0.0450395 0.0391261 0.0289125 0.0703412 -0.0123039 0.083895 -0.0542223 -0.0615102 0.0927576 0.0921422 -0.0537606
internal_weight=0 1248.06 1013.37 355.187 658.178 258.814 301.301 289.907 151.086 136.474 89.742 356.877 286.808 234.693 230.93 70.0694 123.193 65.3855 85.7007 138.821 122.34 89.686 96.3729 51.3697 49.2221 78.981 57.958 55.8778 45.8628 130.4 107.737 66.1658 211.559 178.186 94.2218 64.1339 70.1133 93.5395 64.0408 100.485 42.2606 129.743 45.0032 59.84 104.293 87.6769 36.4786
internal_count=5034 3820 3239 1271 1968 862 816 1214 590 497 284 1152 894 581 692 258 389 221 369 624 365 349 409 206 200 328 250 202 179 349 303 268 532 438 292 188 204 285 202 258 164 306 203 296 232 198 169
is_linear=0
shrinkage=0.05


Tree=6
num_leaves=45
num_cat=0
split_feature=4 4 41 22 9 45 44 12 41 41 37 3 12 60 0 40 42 18 45 49 58 9 66 4 44 41 45 58 40 4 42 55 12 8 9 51 18 57 25 26 58 53 40 10
split_gain=363.903 138.269 83.712 79.7733 50.5103 36.7208 35.3119 33.66 33.5872 28.0338 27.8231 19.8437 19.129 17.5668 17.3907 16.665 16.3503 15.8375 14.7206 18.1338 14.493 11.7588 11.41 11.3191 13.0486 10.1914 10.0962 10.8382 9.89398 9.78889 8.86464 9.13626 8.70602 8.0048 7.92992 7.25698 6.52567 5.65497 5.52905 5.83953 5.51802 5.39299 5.29613 3.78538
threshold=1.0000000180025095e-35 1.7500000000000002 -0.15268065268065265 1.5166376561036297 1.8391716391716395 6.5000000000000009 5.0000000000000009 0.062500000000000014 -0.080128205128205107 -0.15268065268065265 7.7500000000000009 47.500000000000007 0.14583333333333334 9.5000000000000018 80.750000000000014 1.0000000180025095e-35 1.9148550724637683 6.5000000000000009 53.500000000000007 40.500000000000007 0.59868201182722736 1.9343629343629347 1.0000000180025095e-35 5.2500000000000009 5.0000000000000009 -0.27525252525252519 58.500000000000007 0.022575936829235418 -2.2499999999999996 0.62500000000000011 1.7071428571428573 6.5000000000000009 0.18750000000000003 2.1409937888198765 1.6393822393822399 62.500000000000007 10.500000000000002 72.062500000000014 0.52272727272727282 0.0069616342807051054 0.29342972903661901 2.5000000000000004 -2.7499999999999996 -3.1135135135135132
decision_type=2 2 2 2 2 2 2 2 2 2 2 2 2 2 2 2 2 2 2 2 2 2 2 2 2 2 2 2 2 2 2 2 2 2 2 2 2 2 2 2 2 2 2 2
left_child=8 2 4 6 5 40 7 38 13 23 14 15 26 28 29 22 -6 -9 19 20 -11 32 -5 24 42 -14 27 30 -1 -8 -7 -32 -10 -18 37 36 -19 -30 -4 -40 -2 -34 -3 -44
right_child=1 9 3 11 16 12 10 17 21 18 -12 -13 25 -15 -16 -17 33 35 -20 -21 -22 -23 -24 -25 -26 -27 -28 -29 34 -31 31 -33 41 -35 -36 -37 -38 -39 39 -41 -42 -43 43 -45
leaf_value=0.0030882632886606127 0.088260873573047072 0.070254802971051689 0.011642732004077616 -0.044337525284748346 -0.013357891675147952 0.048934080093947091 0.011216901362928799 0.023074016181008621 -0.013114613742006226 0.06498697486846515 -0.0023191395414367418 0.01125735673636731 0.034040260099615728 0.018670326418889528 0.075216608997999479 -0.063122630024834245 0.041108523914371649 0.0050063608455724815 0.074528900818385521 0.0065096128209191813 0.020620619560145326 -0.066036891017377183 0.0026565449151888798 0.094406788918074205 0.081985197695146173 -0.008692166460184933 0.073030198491546752 0.059863879789898135 0.0020814774822980691 0.048972901081563276 0.036554619678129986 -0.0040780280110016016 -0.061213470974336673 0.0076443155666896419 -0.053590299615888563 -0.043156590261357458 -0.031218047371284231 -0.034317077955303053 0.056533360301310211 0.023888523548893648 0.059340936442467296 -0.03021373201553311 0.027085608867256361 0.054100736012644535
leaf_weight=31.038731932640076 57.988694593310356 29.668991297483444 25.944550350308418 22.067032635211945 39.216661795973778 39.595354363322258 27.256397575139999 24.600426256656647 35.436561569571495 52.405033633112907 29.871030643582344 28.050808683037758 28.843076840043068 40.773817375302315 47.15269809961319 34.658997789025307 39.951206907629967 28.274757534265518 33.653205573558807 35.766842484474182 30.028413996100426 40.828440114855766 29.111393943428993 56.714587792754173 76.669733628630638 25.586793065071106 34.469843670725822 54.431253224611282 20.014568611979485 49.008385896682739 28.398208737373352 25.788518846035004 27.585616007447243 32.685309693217278 23.764003291726112 26.321687743067741 20.86959570646286 21.596327170729637 27.578780770301819 31.313245013356209 38.334669977426529 35.637639343738556 27.59531731903553 32.273409515619278
leaf_count=115 131 73 89 97 145 113 90 86 149 136 104 102 91 142 119 167 122 106 84 121 95 212 110 120 175 95 86 147 74 139 82 87 133 113 108 112 86 94 80 99 101 154 83 87
internal_value=0 0.0369905 0.0262877 0.0110939 0.0416538 0.0513877 0.02327 0.00848134 -0.0262061 0.0624792 0.0409382 -0.0249512 0.0405075 -0.00853865 0.0513424 -0.0367771 0.0124386 -0.0111271 0.0453536 0.0364915 0.0492663 -0.0433976 -0.0180677 0.0738904 0.066367 0.0141579 0.0482385 0.0420219 -0.020119 0.035799 0.031144 0.0174933 -0.0334602 0.0263585 -0.0310179 -0.0224319 -0.0106925 -0.0171716 0.03147 0.0398646 0.0774793 -0.0444821 0.0522355 0.0422982
internal_weight=0 1272.14 897.369 452.08 445.29 333.436 338.192 184.903 276.676 374.776 153.289 113.888 237.113 137.187 123.417 85.8374 111.853 100.066 151.853 118.2 82.4334 139.488 51.1784 222.922 166.207 54.4299 182.683 148.213 96.4136 76.2648 93.7821 54.1867 98.6598 72.6365 65.3749 75.466 49.1444 41.6109 84.8366 58.892 96.3234 63.2233 89.5377 59.8687
internal_count=5054 3873 2899 1586 1313 933 1110 658 1181 974 452 476 701 533 348 374 380 390 436 352 231 648 207 538 418 186 515 429 391 229 282 169 436 235 276 304 192 168 268 179 232 287 243 170
is_linear=0
shrinkage=0.05


Tree=7
num_leaves=46
num_cat=0
split_feature=41 8 8 13 43 0 13 46 40 25 9 9 19 3 40 40 9 59 38 57 3 41 20 13 58 13 58 6 58 59 45 13 26 8 8 7 6 46 3 28 13 24 25 41 49
split_gain=203.598 166.154 73.9949 68.1365 52.7239 50.9214 42.4439 32.8741 31.0951 25.1583 20.9681 19.6901 19.5468 19.0845 19.069 18.3082 18.5862 15.5404 14.9212 13.8413 13.0537 18.8402 10.0476 9.41524 9.3035 11.816 9.30111 9.1439 8.84248 8.82219 8.39056 8.26974 8.41559 7.72984 7.43464 6.63485 5.38919 4.71706 4.20368 3.77711 3.14027 2.36015 2.29887 1.27766 1.12863
threshold=-0.15268065268065265 1.3988944572912312 1.1177207078905298 0.062500000000000014 5.0000000000000009 84.250000000000014 0.14583333333333334 53.500000000000007 1.0000000180025095e-35 0.47727272727272735 1.662548262548263 1.1003861003861009 1.7500000000000002 17.500000000000004 0.75000000000000011 -3.7499999999999996 1.9220077220077225 -0.9575230291762723 1.0000000180025095e-35 73.187500000000014 37.500000000000007 0.87083333333333346 2.7500000000000004 0.062500000000000014 0.51297097409535064 0.062500000000000014 1.0000000180025095e-35 -0.34285714285714264 0.59868201182722736 0.26659387353423869 12.500000000000002 0.10416666666666667 0.0060185793210340115 1.6283299084901619 0.75830927374007751 1.1538461538461544 1.21764705882353 12.500000000000002 47.500000000000007 7.5000000000000009 0.14583333333333334 0.37500000000000006 0.31666666666666671 -0.43303571428571425 9.5000000000000018
decision_type=2 2 2 2 2 2 2 2 2 2 2 2 2 2 2 2 2 2 2 2 2 2 2 2 2 2 2 2 2 2 2 2 2 2 2 2 2 2 2 2 2 2 2 2 2
left_child=2 3 5 20 7 24 9 18 10 13 -3 14 35 -4 26 -11 30 -7 41 31 28 29 44 -19 40 -26 -6 -25 -2 39 -17 -20 -33 -32 -29 -8 -18 -24 42 -22 43 -5 -10 -1 -12
right_child=1 8 6 4 11 17 12 -9 38 15 22 -13 -14 -15 -16 16 36 23 19 -21 21 -23 37 27 25 -27 -28 34 -30 -31 33 32 -34 -35 -36 -37 -38 -39 -40 -41 -42 -43 -44 -45 -46
leaf_value=0.091318629609026147 0.0047254819257848231 0.014569265580871509 -0.012307777792547112 -0.060591722535868454 0.060578977612841589 0.0018130769829899241 -0.0064573082298521635 0.027272654608683923 -0.04105221430920647 0.074273104714736235 -0.058029653099683678 -0.0044612005831615297 0.020731381238552126 0.035446787486545527 0.0019323841772774808 0.069427145252194317 0.029549814597188119 0.059041728466833171 0.020795792603925313 -0.043314076593399614 0.031315960660680722 0.013334633474989019 0.0043700802738100477 0.052727957495347255 0.072975076501520561 0.032917606974326413 0.029232203622505278 -0.002776476099117766 0.041128164715677283 0.072684413969935344 0.019508964673555219 -0.031323229485223821 0.0071527787713136729 0.055544890321521184 0.034866580838940654 -0.044389381756893061 -0.00079062984568999432 -0.029511895536487105 -0.029738301057025508 0.057975780805849919 0.060222634525271074 -0.033007539662026956 -0.065854769108138062 0.074014168308730546 -0.034967989253225168
leaf_weight=49.075995177030563 34.609603345394135 38.527167335152626 42.106915220618248 21.171181604266167 51.739849030971527 31.415189102292061 21.333377465605736 40.591773331165314 19.803820475935936 40.171815142035484 20.114757344126701 40.916971981525421 36.801393136382103 39.85121876001358 33.013085767626762 34.34005768597126 26.206600069999695 46.676906362175941 25.182352766394615 26.976432919502258 34.654954880475998 29.62275230884552 20.506682589650154 27.709732666611671 39.921593070030212 38.875613570213318 49.39121450483799 24.845326706767082 31.743234321475029 58.597007721662521 32.417327612638474 29.050706997513771 26.383008643984795 29.45773358643055 26.465785950422287 25.132364347577095 31.56673039495945 19.143250375986099 17.530994921922684 27.889473274350166 41.247521489858627 19.882409498095512 53.858973130583763 89.83806337416172 16.794336497783661
leaf_count=104 116 137 154 98 139 108 82 137 98 100 96 149 128 117 114 86 82 122 89 118 105 93 82 76 94 112 152 87 96 143 100 125 100 80 86 110 113 83 80 76 106 84 273 209 74
internal_value=0 0.00569573 0.0417835 0.0193713 0.00612002 0.0561359 0.0250576 -0.0121483 -0.0327574 0.0344651 -0.0152655 0.0258245 -0.00617724 0.0110597 0.035027 0.0442376 0.0359735 0.033352 -0.0230235 -0.0130093 0.0414755 0.0496268 -0.0302736 0.0411579 0.0697776 0.0538724 0.0457057 0.0299882 0.0224926 0.0583195 0.0493469 -0.00246199 -0.0132088 0.0372757 0.0169348 -0.0274769 0.0132407 -0.0123119 -0.0544272 0.0439292 0.0763983 -0.0483352 -0.0598259 0.0807365 -0.0487354
internal_weight=0 787.696 775.457 581.416 364.299 416.072 359.386 189.238 206.28 276.118 115.086 175.061 83.2671 81.9581 134.144 194.16 153.988 157.113 148.646 107.593 217.117 150.764 76.559 125.698 258.959 78.7972 101.131 79.0208 66.3528 121.141 96.2151 80.6161 55.4337 61.8751 51.3111 46.4657 57.7733 39.6499 91.1938 62.5444 180.162 41.0536 73.6628 138.914 36.9091
internal_count=5113 2857 2256 1934 1305 1104 1152 751 923 832 472 554 320 271 405 561 461 479 614 432 629 417 335 371 625 206 291 249 212 324 266 314 225 180 173 192 195 165 451 181 419 182 371 313 170
is_linear=0
shrinkage=0.05


Tree=8
num_leaves=46
num_cat=0
split_feature=4 4 41 22 59 59 18 12 37 8 46 30 0 18 10 41 42 1 45 9 45 4 59 41 62 59 51 53 18 41 37 11 49 65 42 3 59 46 4 46 64 22 37 4 35
split_gain=278.76 126.602 75.8357 63.2108 35.0197 33.9003 31.6635 31.3099 30.444 27.7095 22.7035 21.92 18.0192 17.2834 16.8546 15.3543 13.0761 12.6638 12.4978 12.1915 11.9436 11.7803 11.6465 15.2399 10.001 21.1033 9.81714 14.6216 9.65628 9.47643 8.83005 11.842 7.8262 6.76607 6.61093 5.89427 5.54118 5.16816 5.0429 3.58582 3.33466 2.65143 2.33867 1.7569 0.428025
threshold=1.0000000180025095e-35 2.1250000000000004 -0.16228070175438594 1.6923937778759168 0.1318557721318592 0.36447543099728863 11.500000000000002 0.14583333333333334 7.7500000000000009 1.4843478260869569 66.500000000000014 7.5000000000000009 79.750000000000014 7.5000000000000009 -0.76602316602316578 -0.063508064516129017 1.2565789473684212 90.500000000000014 58.500000000000007 1.5373967982663641 21.500000000000004 0.62500000000000011 0.26659387353423869 -0.1348484848484848 1.5000000000000002 0.097680735332368748 41.500000000000007 2.5000000000000004 8.5000000000000018 -0.37171052631578944 5.7500000000000009 -1.0623916623916625 5.5000000000000009 0.39197753542362973 1.6496163682864451 42.500000000000007 -0.67801649466304881 8.5000000000000018 5.2500000000000009 23.500000000000004 1.5000000000000002 1.087272041865029 7.7500000000000009 3.2500000000000004 82.250000000000014
decision_type=2 2 2 2 2 2 2 2 2 2 2 2 2 2 2 2 2 2 2 2 2 2 2 2 2 2 2 2 2 2 2 2 2 2 2 2 2 2 2 2 2 2 2 2 2
left_child=7 2 5 4 6 13 11 9 12 -1 24 16 14 17 -6 -11 -4 18 21 32 35 -2 23 38 25 40 -18 -28 -27 -21 33 -32 41 -15 -33 42 -25 -14 -3 -39 -9 -7 -5 -24 -26
right_child=1 22 3 20 8 19 -8 10 -10 15 -12 -13 37 30 -16 -17 26 -19 -20 29 -22 -23 43 36 44 28 27 -29 -30 -31 31 34 -34 -35 -36 -37 -38 39 -40 -41 -42 -43 -44 -45 -46
leaf_value=0.032009514948826867 -0.038793043764011707 0.055854046186492513 -0.027739392153692741 -0.029830472967959827 -0.0038112060090735437 0.060100507903602697 -0.03640163210796829 -0.061757897399310181 -0.0042665730038083157 -0.00026853337185057572 0.016690118994910335 0.044290865558925946 0.071937459072020205 0.0057025587741285286 0.042107680175164974 -0.054619885814880524 0.029305995933584829 0.040104400302083634 0.030514078272286894 0.055674981124603895 0.010048588040310339 0.0082756974748001456 0.067333169689665878 0.017546806806124311 -0.066945648191123558 -0.024254173389222634 0.016673175070890282 -0.030835573944849093 0.018315162871701603 0.019738496365118634 0.019018163091874228 0.034372218992374526 0.048024542699357645 0.038024805718176742 0.064952682824328686 -0.0099355069387195884 0.049368901806120344 0.03170356056535209 0.082327316177120857 0.058564218457465893 -0.036319194716323389 0.084910609639609169 -0.053661604445091063 0.088519657849842795 -0.047275514255126119
leaf_weight=41.54615581035614 22.558832034468651 54.655557170510292 24.842357471585274 24.426623553037643 31.256111413240433 34.210243567824364 35.812318667769432 34.314415454864502 42.121259286999702 32.685018941760063 19.621678605675697 45.041348427534103 39.981376484036446 32.535369724035263 53.65892992913723 20.579993441700935 45.678944513201714 28.135859295725822 23.989058256149292 37.891510590910912 18.1693245023489 29.863798215985298 42.233949527144432 27.491272240877151 25.593379884958267 34.356040120124817 43.977549001574516 24.30829556286335 20.47223824262619 37.945972338318825 32.832790240645409 31.066560611128807 54.316267535090446 32.070793196558952 58.659339368343353 18.533411413431168 30.016418978571892 28.949659317731857 42.969039171934128 30.432308435440063 30.882357314229012 44.17530769109726 27.952884018421173 52.148072421550751 19.985664784908295
leaf_count=138 89 139 100 109 105 83 148 170 149 123 75 132 100 107 153 108 153 83 71 101 67 98 100 86 130 145 155 98 72 122 103 93 141 93 155 74 83 87 93 81 145 97 136 111 97
internal_value=0 0.0334387 0.0256888 0.01257 0.0202498 0.0396697 0.00598125 -0.0215532 0.0340065 0.00181753 -0.0334615 0.0143894 0.0427305 0.0284987 0.0253579 -0.0218878 0.00443929 0.0120561 0.00134371 0.0550855 -0.0256832 -0.0123262 0.0653669 0.0561038 -0.0394682 -0.0314245 0.011634 -0.000439877 -0.00831593 0.0381847 0.0375703 0.0454899 0.0643862 0.0220825 0.0548601 -0.0348508 0.0347164 0.0571764 0.0682227 0.0462111 -0.0504388 0.0749761 -0.0433152 0.0798445 -0.0595207
internal_weight=0 1284.91 1035.39 535.143 446.06 500.252 219.661 280.037 226.4 94.8112 185.226 183.848 184.278 291.712 84.915 53.265 138.807 104.548 76.4117 208.539 89.0822 52.4226 249.514 155.132 165.604 120.025 113.965 68.2858 54.8283 75.8375 187.165 122.559 132.702 64.6062 89.7259 70.9129 57.5077 99.3633 97.6246 59.382 65.1968 78.3856 52.3795 94.382 45.579
internal_count=5098 3895 3283 1847 1461 1436 786 1203 675 369 834 638 526 892 258 231 506 341 258 544 386 187 612 401 759 532 406 253 217 223 551 351 321 200 248 319 169 268 232 168 315 180 245 211 227
is_linear=0
shrinkage=0.05


Tree=9
num_leaves=46
num_cat=0
split_feature=4 4 37 43 41 0 40 8 59 3 12 26 0 40 59 46 46 10 22 3 11 4 26 12 41 41 46 51 3 65 24 12 49 4 59 37 22 8 59 8 41 52 61 62 8
split_gain=236.714 112.829 74.2335 68.2837 38.53 37.8895 31.2872 30.8463 30.548 28.8196 24.4689 23.9861 23.6467 22.8093 20.9176 22.3364 20.0417 17.4041 13.4257 13.6178 13.2565 13.0181 12.5421 10.5689 8.41838 8.15538 8.12192 7.82017 7.80517 9.0435 7.07544 6.68007 6.50253 6.44723 6.88005 6.41795 4.92354 4.85668 4.80344 4.53384 2.98642 2.77035 2.2455 2.1339 2.07472
threshold=1.0000000180025095e-35 1.7500000000000002 7.7500000000000009 5.0000000000000009 -0.11324786324786323 73.750000000000014 -1.7499999999999998 1.3988944572912312 0.33222858587828868 107.50000000000001 0.062500000000000014 0.016852390834716045 79.750000000000014 -2.2499999999999996 0.26659387353423869 66.500000000000014 26.500000000000004 -0.22471042471042477 1.8569022471161951 97.500000000000014 -0.1547641547641547 2.1250000000000004 0.0031692163377517288 0.10416666666666667 -0.080128205128205107 -0.037749287749287742 51.500000000000007 60.500000000000007 37.500000000000007 0.35387457207787903 1.0000000180025095e-35 0.062500000000000014 42.500000000000007 0.62500000000000011 0.88117331841669433 6.2500000000000009 1.4833899732862526 0.78521739130434787 -0.22700609751797865 1.053280896764619 -0.065591397849462343 3.5000000000000004 1.0000000180025095e-35 1.5000000000000002 2.1052173913043482
decision_type=2 2 2 2 2 2 2 2 2 2 2 2 2 2 2 2 2 2 2 2 2 2 2 2 2 2 2 2 2 2 2 2 2 2 2 2 2 2 2 2 2 2 2 2 2
left_child=7 2 3 10 22 -5 37 8 24 25 11 20 -10 -9 15 21 27 28 19 33 30 -8 -4 -21 39 -6 -19 38 -18 -30 -2 -16 -22 34 -7 -23 -15 -3 -12 -1 44 -26 -35 -27 -38
right_child=1 6 4 5 9 18 14 13 12 -11 16 -13 -14 36 31 -17 17 26 -20 23 32 35 -24 -25 41 43 -28 -29 29 -31 -32 -33 -34 42 -36 -37 40 -39 -40 -41 -42 -43 -44 -45 -46
leaf_value=-0.024777443942625873 0.0039402879239500421 0.0782160980453422 -0.0026236559506043742 -0.0071336521574628057 -0.017182497962018355 0.035346881083475494 -0.010373407019032506 0.0042465902057618179 -0.017528239979248177 0.019854278888173156 -0.018036308710164036 -0.0047280025735266006 0.043587864264488546 -0.024674117357100015 0.071691871245072994 0.065853314454768913 0.041835304199265247 0.010527588334056466 0.019354010930918628 0.053542778504624258 0.069800422337754284 0.010714128607976508 0.039848834161515939 0.011174784550859955 -0.055266697515242193 -0.04047218071246076 -0.029889711232448896 -0.039349965371905563 -0.0085750279883501646 0.029808652413530236 0.036660465443645478 0.042126245724080108 0.036572830772474141 0.059452230379807229 0.06700220261680255 0.043077793441026968 -0.029159205699377879 0.056106291001268085 0.011596843356775167 0.0074303613731157465 -0.063810673987389127 -0.025107913214560313 0.07820638784937059 -0.065998199184119588 -0.05556468751738898
leaf_weight=22.844683945178986 30.461262792348862 101.02292370796204 35.222584992647171 31.301437243819237 19.185844600200653 48.125178843736649 32.168600305914879 24.833727911114693 25.010672703385353 20.838139563798904 32.508547112345695 42.445697292685509 40.135139897465706 19.834359526634216 50.662648066878319 27.745410174131393 41.895796880125999 22.939877450466156 32.148063182830811 29.108309254050255 33.406877353787422 29.164595231413841 33.095173925161362 30.107894092798233 20.46065953373909 21.202923581004143 25.156844079494476 25.250939339399338 25.959514588117599 35.301429361104965 35.812233865261078 40.656778767704964 33.849143624305725 61.139775350689888 31.28889761865139 33.424087092280388 21.677968472242355 52.514961212873459 22.220258861780167 19.49965712428093 45.301013961434364 16.32443131506443 54.587277039885521 30.295505523681641 16.474434942007065
leaf_count=96 103 223 122 119 78 137 115 94 97 67 129 146 124 89 118 68 125 80 103 75 89 90 97 93 105 91 95 106 98 113 105 109 98 154 77 94 96 131 81 76 254 76 127 148 78
internal_value=0 0.0304708 0.0207601 0.0275534 -0.0100329 0.0448933 0.0537409 -0.0208984 -0.00497304 -0.0310985 0.0139436 0.0279376 0.020214 -0.0386543 0.0410276 0.0271655 0.00321928 0.0138958 0.0505825 0.0544382 0.0382791 0.0152681 0.0182293 0.0325445 -0.0257025 -0.0461871 -0.0107908 -0.0168939 0.025399 0.013667 0.0219034 0.0591277 0.0538582 0.0608821 0.0484971 0.0284029 -0.0489108 0.0710658 -0.00601285 -0.0101164 -0.0543108 -0.0429016 0.0688926 -0.0564597 -0.0416892
internal_weight=0 1252.22 884.855 725.015 159.84 317.807 367.36 272.397 144.275 91.5224 407.208 175.975 65.1458 128.122 213.822 122.503 231.233 151.253 286.505 254.357 133.53 94.7573 68.3178 59.2162 79.1294 70.6843 48.0967 79.9797 103.157 61.2609 66.2735 91.3194 67.256 195.141 79.4141 62.5887 103.288 153.538 54.7288 42.3443 83.4534 36.7851 115.727 51.4984 38.1524
internal_count=4989 3804 2856 2253 603 885 948 1185 574 384 1368 541 221 611 594 367 827 511 766 663 395 299 219 168 353 317 175 316 336 211 208 227 187 495 214 184 517 354 210 172 428 181 281 239 174
is_linear=0
shrinkage=0.05


Tree=10
num_leaves=41
num_cat=0
split_feature=4 41 22 12 59 40 0 59 0 59 9 46 41 41 6 9 41 6 41 51 49 9 15 58 41 21 41 3 19 42 41 15 9 25 57 41 49 38 11 41
split_gain=236.753 87.5252 74.9202 55.9503 57.9682 53.4454 36.2909 34.3296 28.6858 28.0267 21.4786 20.9051 20.6001 18.0418 17.3007 16.9732 16.4672 18.9312 16.4418 16.2341 11.3239 11.2056 19.9352 10.8542 10.4486 9.95536 7.52617 7.95971 7.20186 6.25839 6.08178 5.59465 5.12821 5.29941 4.99886 4.9584 4.78997 3.35507 2.64952 1.57312
threshold=0.62500000000000011 -0.063508064516129017 1.5238585621733911 0.14583333333333334 0.097680735332368748 -2.7499999999999996 82.250000000000014 0.080547328232315238 82.250000000000014 0.31595530242620651 1.06949806949807 43.500000000000007 0.07417582417582419 -0.28174603174603169 -1.6285714285714279 1.1220077220077223 -0.14550264550264547 1.21764705882353 -0.26491228070175432 30.500000000000004 8.5000000000000018 1.8972972972972977 7.5000000000000009 0.056951373111866731 -0.18350168350168347 0.52243118397129218 0.14642857142857144 52.500000000000007 1.7500000000000002 2.1483516483516487 -0.060661764705882346 7.5000000000000009 1.8030888030888035 0.57738095238095244 72.812500000000014 0.82085561497326209 5.5000000000000009 1.5000000000000002 -1.2293112293112294 -0.088932806324110658
decision_type=2 2 2 2 2 2 2 2 2 2 2 2 2 2 2 2 2 2 2 2 2 2 2 2 2 2 2 2 2 2 2 2 2 2 2 2 2 2 2 2
left_child=2 6 3 16 11 29 15 14 28 21 23 37 36 32 -3 31 20 35 -17 -15 -1 22 -10 -9 -21 -22 27 -16 39 -4 -19 -2 33 -8 -23 -18 -6 -5 -35 -7
right_child=1 7 5 4 12 8 13 10 9 -11 -12 -13 -14 19 26 18 17 30 -20 24 25 34 -24 -25 -26 -27 -28 -29 -30 -31 -32 -33 -34 38 -36 -37 -38 -39 -40 -41
leaf_value=0.06669814377296665 0.076248866241911906 0.019993127360700205 0.0066488246492641999 -0.062615660398602516 0.042900709512230205 -0.043913007929739491 0.039451295549141341 0.05500613645293382 0.027362761132714103 0.040017581058836169 -0.0047668159503720352 -0.005719911272218524 -0.017861859446126279 0.046343016643011797 -0.031245452902574855 0.059954042166840971 0.04380094588972374 0.015565123833387354 0.018344439210720521 0.027210259759721307 0.05050985670505679 -0.053760970588884599 -0.034698813439653156 0.021165159019354268 -0.0076018510500325143 0.012054019863697423 -0.045277855677805429 0.0088100130200788607 -0.019956389025551548 0.041264987512159325 -0.015261845069654435 0.055434911977740156 0.028733486255133951 0.046873699732300843 -0.018722352056410357 0.016646083051339685 0.01649076241740239 -0.032312714568471922 0.071015943774093107 -0.063292852844006639
leaf_weight=34.49933123588562 136.13864682614803 36.038538217544556 26.628139019012451 40.651209309697151 42.312434479594231 27.867336854338646 57.930885195732117 59.474033400416374 21.282779276371002 18.505030080676079 33.293367385864258 35.536948576569557 27.925785347819328 43.957671284675598 22.83024600148201 61.807828068733215 46.5428516715765 25.709895014762878 40.103541240096092 40.154034540057182 32.356449991464615 32.293775841593742 29.973848313093185 42.118293941020966 44.552769675850868 35.648772954940796 22.652742281556129 25.157731339335442 16.752589136362076 25.517269670963287 38.956950753927231 62.785665050148964 34.227208733558655 29.868383839726448 16.832899853587151 28.849283456802368 31.64522285759449 16.500195354223251 41.005652666091919 55.925252065062523
leaf_count=82 304 122 91 205 123 122 157 155 68 60 125 146 113 121 94 154 134 84 122 121 89 155 134 126 159 113 95 87 72 76 154 155 101 77 72 88 105 76 98 308
internal_value=0 0.0387587 -0.000533106 0.0122722 -0.00768349 -0.021114 0.0490897 0.0133202 -0.0319061 -0.015083 0.0299927 -0.0361036 0.0182713 0.0362973 -0.00784335 0.0613321 0.0282454 0.0169094 0.0439174 0.0220338 0.0434216 -0.0255349 -0.00889911 0.0413194 0.00902526 0.0308179 -0.0221254 -0.0104952 -0.0514539 0.0240459 -0.00295543 0.0699896 0.047351 0.0520388 -0.0423683 0.0337639 0.0319711 -0.054573 0.0616354 -0.0574415
internal_weight=0 834.097 708.714 437.135 194.572 271.579 592.532 241.565 219.434 118.888 134.886 92.6884 101.883 291.697 106.679 300.836 242.564 140.059 101.911 128.664 102.505 100.383 51.2566 101.592 84.7068 68.0052 70.6407 47.988 100.545 52.1454 64.6668 198.924 163.032 128.805 49.1267 75.3921 73.9577 57.1514 70.874 83.7926
internal_count=5043 2373 2670 1512 768 1158 1569 804 991 489 406 427 341 834 398 735 744 460 276 401 284 429 202 281 280 202 276 181 502 167 238 459 433 332 227 222 228 281 175 430
is_linear=0
shrinkage=0.05


Tree=11
num_leaves=47
num_cat=0
split_feature=4 14 41 9 9 4 59 9 43 41 41 45 6 6 59 45 45 41 41 0 11 59 4 36 7 40 11 9 46 49 40 36 58 65 45 10 41 26 35 14 40 59 11 14 0 8
split_gain=205.419 83.8843 81.4715 36.4789 35.3946 30.1898 27.6398 41.968 25.4792 25.3217 23.6336 23.9104 22.4941 20.2068 17.9779 18.753 15.4477 15.3426 13.6231 12.3753 11.7639 14.1042 12.1296 11.3771 10.5186 10.5 12.4266 10.0405 9.13825 9.09472 8.27298 8.21731 7.92445 7.3842 7.22652 6.84575 6.66535 6.13293 4.46395 4.41312 3.96792 3.03852 2.43998 2.26244 2.10178 0.223063
threshold=0.62500000000000011 0.14583333333333334 -0.063508064516129017 1.8861517054559049 1.6517374517374523 3.2500000000000004 0.097680735332368748 1.4138996138996143 5.0000000000000009 -0.32575757575757569 -0.063508064516129017 22.500000000000004 1.21764705882353 1.21764705882353 0.39629089145655322 39.500000000000007 27.500000000000004 0.13484848484848486 0.078461538461538485 78.250000000000014 -0.050436050436050518 -0.40613878790836594 1.2500000000000002 74.750000000000014 4.8911923462506898e-17 -2.7499999999999996 0.3206739206739207 1.43938223938224 10.500000000000002 3.5000000000000004 0.75000000000000011 80.750000000000014 -0.57078386445773377 -0.78079797239534343 41.500000000000007 -1.9235521235521233 -0.14550264550264547 0.0052296541475537325 83.750000000000014 0.062500000000000014 1.0000000180025095e-35 0.68274389090025245 -0.38374598374598384 0.22916666666666671 80.750000000000014 1.0826086956521741
decision_type=2 2 2 2 2 2 2 2 2 2 2 2 2 2 2 2 2 2 2 2 2 2 2 2 2 2 2 2 2 2 2 2 2 2 2 2 2 2 2 2 2 2 2 2 2 2
left_child=1 3 5 10 14 8 16 18 20 -5 11 36 33 -11 15 17 43 28 29 -9 21 22 -2 24 -16 -13 -27 39 -4 -8 -14 -18 -22 -12 -24 -29 45 -23 40 42 -15 -41 -10 -3 -7 -1
right_child=2 6 4 9 -6 44 7 19 27 13 12 25 30 38 23 -17 31 -19 -20 -21 32 37 34 -25 -26 26 -28 35 -30 -31 -32 -33 -34 -35 -36 -37 -38 -39 -40 41 -42 -43 -44 -45 -46 -47
leaf_value=0.06948243244344797 0.013249472648596595 -0.039247318633512496 0.026227136893103693 0.021942724800123367 -0.044817131999678836 0.078951144547292323 0.044181847533130009 -0.05707548996923633 0.078867592663426439 0.013790634763787963 0.0081342512375246045 0.042210659501574682 -5.5880657812064741e-05 -0.014309804198475988 0.038995261272117464 0.038318438708189462 -0.00093531076359610514 -0.040847505066039819 -0.01651891214190113 -0.012875367692534962 0.065039548117283838 -0.01198246181182562 0.030947517438917233 0.057798116093383867 -0.0020502996459170922 0.024199350130222924 -0.021396432069760454 0.049656879683688537 -0.011163951498853665 0.0087459372315221214 -0.039701265169726663 -0.035684265733770787 0.032075517139663286 0.040918594759927547 0.063166028822203832 0.017127596039659684 0.032648467612251007 0.018997436948034505 -0.065911213592496729 0.03677565728071245 -0.049387162222815542 0.059502064194667387 0.055739991621512275 -0.060871400234577204 0.058203097730715782 0.053102564082560956
leaf_weight=33.127462550997734 46.347059801220894 31.157078862190247 29.635405510663986 41.35314154624939 23.166176587343216 65.793285429477692 35.489021256566048 32.919520139694214 48.366122379899025 20.985284432768822 32.29592852294445 26.033607855439186 30.947228193283081 17.506539553403854 35.891566947102547 31.314242228865623 34.607676967978477 22.49109448492527 23.893833592534065 31.107071846723557 35.386799782514572 29.062335982918739 42.338939353823662 34.240223124623299 26.890458002686501 33.441626742482185 25.424932897090912 43.984141737222672 34.15005724132061 37.169662907719612 21.896534189581871 32.569879487156868 44.723086997866631 37.231505751609802 34.167107999324799 27.60595740377903 31.757232487201691 33.18968103826046 15.962020039558409 31.467891439795494 16.043036371469498 49.234960198402405 34.008718624711037 38.779778659343719 36.891684472560883 30.707731783390045
leaf_count=80 150 151 99 133 107 142 101 175 105 81 105 71 118 76 98 92 142 93 96 130 89 100 124 86 88 102 92 116 129 124 98 152 129 104 84 83 98 101 80 83 91 118 82 204 89 81
internal_value=0 0.00103271 0.0375205 0.0155542 0.0126683 0.0472902 -0.0191814 -0.0050415 0.0420537 -0.0087903 0.0245441 0.0359996 0.00749292 -0.0268729 0.0190525 0.00581617 -0.0355846 -0.00628447 0.0157327 -0.0361293 0.0312244 0.0240682 0.0338298 0.034872 0.0216583 0.0164048 0.00447772 0.0541084 0.00634503 0.0264189 -0.0169157 -0.018059 0.047259 0.0260213 0.0459654 0.037522 0.0530528 0.0045737 -0.0440398 0.0611167 -0.0320274 0.0511991 0.0701024 -0.0519269 0.0721302 0.0625435
internal_weight=0 712.407 840.347 414.714 237.779 602.568 297.694 160.579 499.883 111.85 302.864 180.493 122.371 70.4969 214.613 117.591 137.114 86.2766 96.5525 64.0266 265.215 185.105 122.853 97.0222 62.782 84.9002 58.8666 234.668 63.7855 72.6587 52.8438 67.1776 80.1099 69.5274 76.506 71.5901 95.5924 62.252 49.5116 163.078 33.5496 80.7029 82.3748 69.9369 102.685 63.8352
internal_count=5072 2685 2387 1410 792 1595 1275 626 1364 461 949 524 425 328 685 413 649 321 321 305 777 559 358 272 186 265 194 587 228 225 216 294 218 209 208 199 259 201 247 388 167 201 187 355 231 161
is_linear=0
shrinkage=0.05


Tree=12
num_leaves=47
num_cat=0
split_feature=4 41 4 4 22 0 43 41 9 58 40 57 28 10 1 59 11 22 45 10 41 59 41 60 0 35 4 12 36 41 45 58 12 58 10 40 58 58 54 11 53 57 22 49 1 52
split_gain=188.36 97.0393 41.34 37.511 41.4346 34.8616 30.1458 26.2844 24.692 19.3751 20.9971 18.3335 17.6468 15.7164 15.6924 14.0739 13.9723 13.3435 12.8479 13.4389 12.2436 11.921 10.9066 10.481 9.9915 15.4251 9.98568 9.82498 8.59023 7.28341 7.20664 7.1111 7.05403 6.65098 6.13556 5.6645 5.62757 12.1528 5.49162 3.97158 3.01808 2.18097 1.97866 1.48665 1.3735 0.0137979
threshold=1.0000000180025095e-35 -0.15268065268065265 1.7500000000000002 2.1250000000000004 1.5364651941646761 85.250000000000014 5.0000000000000009 -0.080128205128205107 1.6393822393822399 0.67802080537253961 0.75000000000000011 71.312500000000014 17.500000000000004 1.3227799227799228 86.500000000000014 0.26659387353423869 -0.22389502389502411 1.2969919201182452 27.500000000000004 -0.39536679536679548 -0.051315789473684204 0.2332836900311728 -0.080128205128205107 5.5000000000000009 78.750000000000014 82.250000000000014 4.7500000000000009 0.062500000000000014 73.750000000000014 -0.34057971014492744 13.500000000000002 -0.73866753694953124 0.062500000000000014 0.29342972903661901 -2.3220077220077213 -2.2499999999999996 0.022575936829235418 -0.67803021058859214 9.5000000000000018 0.27058887058887066 4.5000000000000009 73.437500000000014 0.92474044173253278 47.500000000000007 80.250000000000014 1.5000000000000002
decision_type=2 2 2 2 2 2 2 2 2 2 2 2 2 2 2 2 2 2 2 2 2 2 2 2 2 2 2 2 2 2 2 2 2 2 2 2 2 2 2 2 2 2 2 2 2 2
left_child=7 2 6 4 5 9 14 11 38 10 28 13 -12 23 -2 34 18 21 -16 -20 22 -9 -6 -1 -11 -26 29 -7 -3 43 -31 -29 -22 -10 -5 -13 37 -18 -8 45 -40 -37 -30 -4 -34 -19
right_child=1 3 26 15 20 27 8 17 33 24 12 35 -14 -15 16 -17 36 39 19 -21 32 -23 -24 -25 25 -27 -28 31 42 30 -32 -33 44 -35 -36 41 -38 -39 40 -41 -42 -43 -44 -45 -46 -47
leaf_value=-0.028160735642881796 -0.0084923127501401619 0.026909448711482625 0.069066318072010302 0.042328690722212861 -0.021746766976250154 0.010804135148685012 0.070429497551061579 -0.043684473753040326 0.036442349968010872 -0.017528955858987481 -0.016788238629472315 -0.0019170548741761038 0.031933319957098381 0.03834944989429856 -0.01497807658380507 0.065535418546378607 0.046840047330436313 -0.045981718368499194 0.039417255365918009 -0.0060181217468331851 -0.01495373371382029 0.0015016368502935291 0.025012070656689003 0.017943332770055172 0.036393168392098406 -0.0076635278350730279 0.075510253746584419 -0.0049322632887768593 0.066256442602557655 0.053603870080340947 0.022613102772670965 -0.040341913277562869 -0.059561998417511336 0.0048317698905872078 0.0087545275494578644 -0.021896071052232877 0.055084549327228463 0.0053007924253730175 0.056810945829984694 -0.027702835690108004 0.034526867707966293 -0.046656262292240187 0.045634333697929325 0.050457687581777592 -0.034369603673567541 -0.062368808825740724
leaf_weight=24.737851455807686 40.471535921096802 41.808170139789581 46.332695320248604 25.99374757707119 25.914889872074127 28.684597104787827 58.197990834712982 23.634951263666153 32.022065684199333 30.660841420292854 30.833716228604317 20.220510885119438 43.997389197349548 32.756365805864334 30.366929978132248 37.152802005410194 41.117465227842331 18.49138069152832 45.331492885947227 24.720702573657036 30.134330525994301 35.663345351815224 22.238713815808296 22.723384886980057 41.225237011909485 36.973731011152267 63.528684958815575 25.861281797289848 35.672668650746346 40.596062928438187 38.721904039382935 31.253654956817627 17.54030342400074 34.256742715835571 28.780591562390327 22.140802517533302 33.621687158942223 30.744367316365242 46.130699694156647 18.645745366811752 33.10264889895916 19.101044252514839 38.391036257147789 38.29620960354805 16.618578657507896 30.950839444994926
leaf_count=107 138 121 105 71 105 96 132 124 93 110 111 78 127 100 109 87 112 106 134 84 136 134 80 83 122 137 139 98 87 100 111 138 92 112 90 97 90 97 111 97 88 92 109 95 75 182
internal_value=0 0.0277001 0.0405979 0.0128379 0.00737778 0.015166 0.0316918 -0.0183071 0.045909 0.0231982 0.0327685 -0.00343282 0.0119012 0.0122562 0.0197985 0.042008 0.0253734 -0.0346948 0.0118484 0.0235245 -0.0192115 -0.0169343 -8.26691e-05 -0.00617236 0.00628725 0.0157287 0.0580036 -0.012822 0.0460276 0.0508032 0.0389445 -0.0246694 -0.0333176 0.0204188 0.0251608 -0.0237777 0.0380169 0.0293851 0.0579658 -0.0496935 0.0480473 -0.0341967 0.0563173 0.0613332 -0.0486318 -0.0572731
internal_weight=0 1267.3 677.56 589.736 497.809 385.362 450.084 269.066 203.71 299.563 190.703 141.68 74.8311 80.2176 246.374 91.9271 205.903 127.386 100.419 70.0522 112.447 59.2983 48.1536 47.4612 108.86 78.199 227.476 85.7995 115.872 163.947 79.318 57.1149 64.2932 66.2788 54.7743 61.4624 105.484 71.8618 137.431 68.088 79.2333 41.2418 74.0637 84.6289 34.1589 49.4422
internal_count=5042 3842 1850 1992 1744 1256 1300 1200 536 924 555 557 238 290 764 248 626 643 327 218 488 258 185 190 369 259 550 332 317 411 211 236 303 205 161 267 299 209 331 385 199 189 196 200 167 288
is_linear=0
shrinkage=0.05


Tree=13
num_leaves=47
num_cat=0
split_feature=4 4 0 43 37 41 27 41 41 11 57 9 7 13 7 13 9 57 45 0 59 51 51 41 59 37 3 59 57 51 18 21 50 13 11 66 46 25 26 57 4 10 51 57 1 46
split_gain=179.066 84.1913 50.6153 60.8048 34.335 25.8156 31.0099 24.2656 22.0129 19.4311 20.1052 19.0875 17.4159 17.2227 16.4371 15.7781 14.0026 13.8205 13.8078 11.8637 11.8047 11.8038 11.0884 11.0485 13.514 9.83806 11.8074 12.2488 9.63803 9.22511 8.77612 8.13848 10.0716 8.83805 7.27573 5.64663 5.1544 4.86813 4.55493 4.5209 4.36542 3.97975 3.4156 3.19911 8.29971 3.17649
threshold=1.0000000180025095e-35 2.1250000000000004 71.625000000000014 5.0000000000000009 7.7500000000000009 -0.057189542483660122 0.99691358024691368 -0.24568965517241378 -0.080128205128205107 -0.85197505197505186 71.312500000000014 2.272586872586873 2.1125874125874131 0.14583333333333334 1.6573426573426577 0.062500000000000014 1.2640926640926646 68.562500000000014 38.500000000000007 80.750000000000014 -0.54219087765047058 6.5000000000000009 58.500000000000007 -0.10172413793103448 0.28313308994381592 7.7500000000000009 62.500000000000007 -0.11692317777808843 71.437500000000014 84.500000000000014 7.5000000000000009 0.52243118397129218 1.5000000000000002 0.10416666666666667 -0.45684045684045699 1.0000000180025095e-35 6.5000000000000009 0.41428571428571431 0.0081795032456894508 66.437500000000014 3.2500000000000004 0.98532818532818545 52.500000000000007 60.812500000000007 81.500000000000014 37.500000000000007
decision_type=2 2 2 2 2 2 2 2 2 2 2 2 2 2 2 2 2 2 2 2 2 2 2 2 2 2 2 2 2 2 2 2 2 2 2 2 2 2 2 2 2 2 2 2 2 2
left_child=8 2 36 5 12 11 22 -6 9 -1 14 15 13 35 -11 17 28 -4 31 21 -20 -15 -7 40 -25 26 27 -8 39 38 -12 33 -33 -17 -9 -5 -2 -37 45 -10 42 -18 -3 -39 -45 -19
right_child=1 23 3 4 7 6 25 34 16 10 30 -13 -14 19 -16 18 41 29 20 -21 -22 -23 -24 24 -26 -27 -28 -29 -30 -31 -32 32 -34 -35 -36 37 -38 43 -40 -41 -42 -43 -44 44 -46 -47
leaf_value=-0.043807683513583801 -0.051437178489007133 0.061487768039166661 0.065384353919603233 0.033858472653748785 0.043336558988165401 -0.0017178505587095733 -0.014854891002013308 -0.032385719567703204 -0.018166172985673051 0.052428997693334506 -0.00026904212510307389 -0.016028375863413952 0.0071874650252899755 0.035628598405887939 9.4276379847808579e-05 0.035741559930236082 -0.058251903979159407 0.029782634096942387 0.04206733117014555 0.04984496404670407 0.0024695338649876213 -0.007530575760701208 0.040524893260833653 0.019961590118955624 0.061290317497068481 -0.046533470967159124 -0.034880559646431428 0.03267733739180375 -0.045064408361410922 0.0063066486343196634 -0.042480605291341962 -0.036341358692936823 0.0067850146934322958 -0.0027156099217275995 0.0043318545977006359 0.040845583694960601 -0.014379442971943365 0.077037777502279484 0.019155961925440033 0.014000464108096206 0.068102570334349716 -0.028799608858356071 0.036450872264468852 0.040907216025839639 0.070655477004918421 0.055348690593270682
leaf_weight=24.987556293606758 21.063323140144348 31.994696050882339 28.068495690822601 33.96731136739254 28.28964327275753 25.859284222126007 36.686366394162178 24.835517749190331 21.608248919248581 26.229170456528664 27.335372135043144 35.34599232673645 31.396181225776672 31.828852221369743 33.422703817486763 25.013761669397354 45.874960452318192 28.05502325296402 52.368166252970695 40.341301158070564 29.277631655335426 30.056985318660736 37.615423947572708 50.08295264840126 33.446746662259102 25.479597106575966 33.142073482275009 20.17128549516201 18.849151268601418 39.563168346881866 21.425917968153954 23.905087128281593 29.091879352927208 34.790488228201866 27.806044176220894 41.632328063249588 18.16725318133831 38.073195159435272 31.336346700787544 20.159921914339066 93.474385336041451 19.59705625474453 35.796016409993172 51.792303368449211 54.439980804920197 30.12347175180912
leaf_count=121 104 75 70 93 76 93 149 100 91 76 112 132 99 90 123 75 275 83 150 103 96 98 111 149 79 119 141 68 96 125 98 91 97 128 96 110 74 87 93 79 213 105 94 138 124 78
internal_value=0 0.026283 0.0200356 0.0222291 0.0362807 0.0113962 -0.00429189 0.0068032 -0.0191969 -0.00496948 0.0043007 0.0186441 0.0429906 0.0464471 0.0235911 0.0221653 -0.0340917 0.033917 0.012543 0.0290275 0.0280695 0.0148804 0.0235557 0.0526249 0.0370396 -0.0196695 -0.0116363 0.00228136 -0.0163744 0.0266243 -0.0192979 0.001157 -0.0129806 0.0136928 -0.0132718 0.0543768 -0.0350601 0.057924 0.0354352 -0.00267621 0.0604194 -0.0500021 0.0489894 0.0625361 0.0566688 0.0437317
internal_weight=0 1284.38 1039.58 1000.35 434.46 565.894 178.954 80.9312 259.49 133.401 108.413 386.94 353.528 322.132 59.6519 351.594 126.089 157.147 194.447 102.227 81.6458 61.8858 63.4747 244.795 83.5297 115.479 89.9997 56.8577 60.6173 129.078 48.7613 112.801 52.997 59.8042 52.6416 219.905 39.2306 185.938 89.5148 41.7682 161.265 65.472 67.7907 144.305 106.232 58.1785
internal_count=5077 3901 3291 3113 1214 1899 681 272 1176 530 409 1218 942 843 199 1086 646 449 637 291 246 188 204 610 228 477 358 217 266 379 210 391 188 203 196 552 178 459 254 170 382 380 169 349 262 161
is_linear=0
shrinkage=0.05


Tree=14
num_leaves=47
num_cat=0
split_feature=4 4 37 59 41 0 45 41 40 29 59 8 33 22 12 8 65 59 26 9 26 3 45 12 0 54 19 22 41 28 37 58 59 59 10 0 3 40 59 54 20 36 58 4 43 54
split_gain=145.731 75.0887 43.9411 54.2243 35.4005 27.0546 24.3223 22.7111 22.0282 27.5125 18.284 17.3762 14.7604 16.4146 15.7563 14.5678 14.2477 19.2533 12.55 11.7421 13.1093 16.6517 15.013 19.7316 13.179 11.9206 12.7718 10.0417 14.6715 11.1681 8.73581 8.6884 7.90173 7.68033 10.6049 5.77074 4.95304 4.76146 4.26062 4.07191 4.07187 7.29268 3.65311 2.7934 3.26189 2.6335
threshold=1.0000000180025095e-35 1.7500000000000002 7.7500000000000009 0.1318557721318592 -0.080128205128205107 74.250000000000014 28.500000000000004 -0.34057971014492744 -2.2499999999999996 0.98611111111111127 0.33222858587828868 1.2628832951945081 1.0000000180025095e-35 1.8417314154198832 0.14583333333333334 1.0826086956521741 2.3660780881219341 0.26659387353423869 0.0068808109099659448 1.9343629343629347 0.016852390834716045 12.500000000000002 39.500000000000007 0.18750000000000003 89.250000000000014 54.500000000000007 1.7500000000000002 1.823323412910999 -0.11324786324786323 17.500000000000004 5.7500000000000009 -0.14250824554987665 0.11478523713130605 -0.28519997588938989 1.0849420849420859 81.750000000000014 67.500000000000014 -1.0000000180025095e-35 0.31595530242620651 26.500000000000004 2.7500000000000004 75.750000000000014 -0.71504373327588355 5.2500000000000009 5.0000000000000009 9.5000000000000018
decision_type=2 2 2 2 2 2 2 2 2 2 2 2 2 2 2 2 2 2 2 2 2 2 2 2 2 2 2 2 2 2 2 2 2 2 2 2 2 2 2 2 2 2 2 2 2 2
left_child=4 2 3 8 10 -5 27 43 30 -10 33 -12 13 14 36 32 17 18 -9 20 21 -11 23 24 25 26 -23 28 -4 38 -2 -16 -6 34 -1 -20 42 -19 -30 -29 -17 -42 -7 44 -3 -14
right_child=1 7 6 5 15 12 -8 16 9 19 11 -13 45 -15 31 40 -18 37 35 -21 -22 22 -24 -25 -26 -27 -28 39 29 -31 -32 -33 -34 -35 -36 -37 -38 -39 -40 -41 41 -43 -44 -45 -46 -47
leaf_value=0.013458898318411253 0.012601661480429908 0.044626964982540068 0.024657730834614623 -0.0020592512420317169 -0.038430413508004135 0.037797738685702215 0.030825325816163696 0.033255038645313643 0.035414765437373111 0.036913023334587521 0.051456000529097795 -0.0052685140259531105 0.071941061620969263 0.00042370976653375989 0.034133589050325014 -0.06027678550582001 0.058101099790228899 0.054076731227647938 0.013697295829801909 -0.03992149354847449 -0.032060702712506245 0.02764185996900749 0.025918256856449762 -0.052190807980275283 0.029936399050928611 -0.039194507424705136 -0.023518176649557243 -0.051022059600492581 -0.019143638006325972 0.010894079018189763 0.04308984751235146 -0.00072164265335731377 0.00099639975282838841 -0.036603186112004714 -0.029341299978127584 -0.016999200226371174 0.033837874481139611 0.028558167627269773 -0.052103545346409132 -0.017824671427589527 -0.055006544364050197 -0.008073543377707857 0.061401666551616378 0.074103581645156888 0.066434472773428954 0.047917282678036688
leaf_weight=36.454080924391747 44.123048454523087 54.027625918388367 25.22227318584919 41.481852754950523 19.841125681996346 29.612135738134384 33.348709478974342 42.554963707923889 49.098295271396637 29.686703234910965 27.292216047644615 25.499627456068993 36.42517526447773 30.385901495814323 43.735453099012375 40.387010335922241 50.09121361374855 54.979973539710045 28.897974789142609 21.308001026511192 29.580882593989372 24.100799068808556 32.979856476187706 23.090532079339027 23.823291257023811 25.269405230879784 22.745515137910843 22.162538558244705 24.181346267461777 19.638926908373833 52.203005239367485 29.71379466354847 32.439345359802246 23.283143103122711 22.601459115743637 30.399112194776535 46.163341790437698 33.471065700054169 18.071201130747795 18.02349179983139 18.156808912754059 15.275895372033117 74.659624576568604 37.752331763505936 39.450648799538612 33.081291899085045
leaf_count=153 135 136 74 155 108 81 101 124 144 86 73 101 85 103 122 242 122 133 87 93 117 78 104 108 74 102 88 112 103 66 142 94 125 105 96 105 126 92 79 78 112 77 180 84 90 87
internal_value=0 0.0248928 0.0170819 0.0222018 -0.0160488 0.0359165 -0.00659699 0.0437947 0.00888991 0.00179786 0.00175525 0.0244682 0.0407733 0.0349305 0.0395911 -0.0349916 0.0344013 0.027892 0.0128746 -0.00541985 -0.00176857 0.00331161 -0.00344894 -0.0117339 -0.00155887 -0.0122304 0.00282951 -0.0165644 -0.00685836 -0.0198898 0.0293974 0.0202127 -0.014407 -0.0129261 -0.00313721 -0.00206044 0.0488566 0.0448474 -0.0341191 -0.0369273 -0.0491826 -0.0344194 0.0551211 0.0606117 0.0544361 0.0613488
internal_weight=0 1275.54 903.916 743.268 261.231 365.259 160.648 371.625 378.009 281.683 135.131 52.7918 323.777 254.27 223.884 126.1 240.394 190.303 101.852 232.585 211.277 181.696 152.009 119.03 95.939 72.1157 46.8463 127.3 87.1137 61.8915 96.3261 73.4492 52.2805 82.3387 59.0555 59.2971 150.435 88.451 42.2525 40.186 73.8197 33.4327 104.272 131.231 93.4783 69.5065
internal_count=5082 3890 2917 2304 1192 1033 613 973 1271 994 528 174 878 706 603 664 663 541 316 850 757 640 554 450 342 268 166 512 322 248 277 216 233 354 249 192 387 225 182 190 431 189 261 310 226 172
is_linear=0
shrinkage=0.05


Tree=15
num_leaves=45
num_cat=0
split_feature=12 41 9 9 0 8 40 59 11 25 41 41 41 8 3 60 0 8 8 46 8 59 11 40 49 40 55 0 54 37 25 8 58 39 58 46 6 40 58 11 2 57 57 2
split_gain=121.598 69.9304 49.0528 41.5686 31.2399 29.7565 22.5286 21.5865 21.726 20.5028 19.8424 16.9484 16.2285 14.9003 14.571 14.3261 14.0795 13.4933 12.9311 12.0452 11.4056 10.411 9.89562 9.89225 9.57593 9.38232 8.78971 8.49415 8.28428 8.01735 7.74239 7.3996 6.92801 6.64682 5.98943 5.74801 5.17359 4.8188 6.08042 4.69395 1.16683 1.12589 1.26399 0.0218736
threshold=0.062500000000000014 -0.088932806324110658 1.5061776061776067 2.1567567567567578 84.750000000000014 1.4360869565217393 1.0000000180025095e-35 0.097680735332368748 -2.8037422037422028 0.44722222222222224 -0.29705882352941171 0.18465909090909094 -0.18898809523809521 1.1177207078905298 32.500000000000007 5.5000000000000009 84.750000000000014 0.88434782608695672 0.92608695652173934 39.500000000000007 1.9330434782608699 0.26659387353423869 -0.43804303804303818 -1.7499999999999998 59.500000000000007 1.0000000180025095e-35 6.5000000000000009 88.250000000000014 78.500000000000014 7.7500000000000009 0.47727272727272735 2.0321739130434788 -0.59176244063315286 1.0000000180025095e-35 0.35846314187849709 20.500000000000004 0.34285714285714275 -2.7499999999999996 -0.52032787705993211 1.1163971163971167 71.500000000000014 61.187500000000007 65.812500000000014 70.500000000000014
decision_type=2 2 2 2 2 2 2 2 2 2 2 2 2 2 2 2 2 2 2 2 2 2 2 2 2 2 2 2 2 2 2 2 2 2 2 2 2 2 2 2 2 2 2 2
left_child=3 5 4 6 11 7 16 8 -2 22 31 15 24 -4 -8 18 29 -14 33 -13 -12 28 -7 -5 -10 36 -17 -26 -16 39 -18 -11 -15 -3 35 43 -6 -32 -39 41 -34 -1 -43 -9
right_child=1 2 13 23 25 9 14 34 12 10 20 19 17 32 21 26 30 -19 -20 -21 -22 -23 -24 -25 27 -27 -28 -29 -30 -31 37 -33 40 -35 -36 -37 -38 38 -40 -41 -42 42 -44 -45
leaf_value=0.069689649222768019 0.05171430633823855 -0.027595566719506699 0.0065290224909053153 0.016104034654087166 0.0047444828502355239 -0.00730168911425214 -0.0098207409304564321 0.048168278134323693 -0.0032666820345393804 0.04159276697876621 -0.035517927354251792 -0.037145803517063355 -0.04560303876097771 -0.022682754634438401 -6.4461863336296704e-06 0.048598838772012862 0.015915277889931745 0.0088331727357171593 0.036498971571815191 0.011316680979338294 0.0094693435215806119 0.047389757158535196 -0.055670868306631885 -0.019942001909912768 0.04319892239655581 -0.04776333373089283 0.013538808966377831 0.0077013511327544172 0.036622177286908496 0.030607829294124651 0.054906687521895065 0.010258604615640893 -0.059413152550218777 0.0050725231921037346 0.024614816749437083 0.032006937904103895 -0.028313952327539617 0.044087390917697228 0.014647769404888031 0.037255911488684887 -0.037001980306291156 0.04568859837366613 0.060300074488618544 0.061816499794352435
leaf_weight=45.645181804895401 31.101440355181694 23.052397057414055 15.201107427477835 40.769510418176651 23.252811372280121 24.576354816555977 28.656731560826302 32.658593624830246 37.987428367137909 40.707415625452995 25.737168297171593 26.507574275135994 22.105656340718269 24.654693111777306 35.347749873995781 43.73405048251152 47.679317206144333 21.902524694800377 22.632037580013275 23.333256721496582 29.091752201318741 47.31369061768055 18.042730435729027 33.96792858839035 38.380235925316811 30.054495245218277 31.49117885529995 30.365613728761673 26.403928965330124 39.200567185878754 39.273607164621353 35.929366916418076 50.782700940966606 43.46902123093605 53.284479275345802 50.888278678059578 22.59549206495285 43.454434901475906 31.318204030394554 33.566745907068253 14.234456956386564 41.905896365642548 92.897760882973671 32.370155036449432
leaf_count=106 78 87 58 127 91 102 110 83 132 114 102 117 93 126 115 123 147 82 76 81 108 122 81 151 108 152 99 106 74 111 96 121 311 150 150 140 101 116 96 89 75 107 223 77
internal_value=0 0.00612985 -0.00974969 0.0346715 0.000877948 0.0180701 0.0393963 0.0264319 0.0143517 0.0011537 0.0109377 0.010649 0.00635288 -0.0388808 0.0216381 0.0183717 0.0452242 -0.0189163 0.00470726 -0.0146815 -0.011906 0.029918 -0.0285856 -0.000325768 0.0168507 -0.0264786 0.034292 0.0278546 0.0159893 0.0526769 0.0333033 0.0272238 -0.0465657 -0.00648934 0.039254 0.0457152 -0.0118044 0.0403712 0.0321128 0.056558 -0.0551414 0.0599234 0.0561277 0.0557954
internal_weight=0 920.124 394.995 627.401 290.122 525.129 552.664 351.044 181.843 174.085 131.466 214.22 150.741 104.873 137.722 164.379 414.942 44.0082 89.1535 49.8408 54.8289 109.065 42.6191 74.7374 106.733 75.9028 75.2252 68.7458 61.7517 253.216 161.726 76.6368 89.6719 66.5214 169.202 115.917 45.8483 114.046 74.7726 214.016 65.0172 180.449 134.804 65.0287
internal_count=5114 3324 1647 1790 1077 1677 1512 1049 599 628 445 733 521 570 421 535 1091 175 313 198 210 311 183 278 346 344 222 214 189 636 455 235 512 237 450 300 192 308 212 525 386 436 330 160
is_linear=0
shrinkage=0.05


Tree=16
num_leaves=47
num_cat=0
split_feature=12 40 8 59 8 41 19 46 58 25 8 12 6 40 41 36 23 54 46 6 0 22 0 9 60 58 2 10 41 0 58 58 26 9 54 9 55 46 46 58 59 53 46 5 54 51
split_gain=88.265 67.2968 52.0492 45.9427 40.892 38.7911 25.4363 21.3345 21.0092 21.6083 22.0259 20.1743 18.5839 18.1747 16.9349 16.2928 15.0014 20.0843 14.7318 14.1847 13.6797 13.2513 12.1953 11.2686 10.9398 13.2165 10.834 9.24592 7.95688 8.35078 7.29109 7.04785 8.88458 6.89109 6.29228 6.03745 5.78766 5.52767 5.3951 4.53388 4.40944 3.70112 3.10789 2.82579 2.49373 2.28904
threshold=0.062500000000000014 0.75000000000000011 -0.14999999999999994 0.39629089145655322 1.5556914851796526 -0.25543478260869562 0.75000000000000011 43.500000000000007 0.49812943072827093 0.44722222222222224 0.83217391304347832 0.14583333333333334 -1.6285714285714279 1.0000000180025095e-35 -0.50925925925925919 80.250000000000014 1.0000000180025095e-35 58.500000000000007 58.500000000000007 1.21764705882353 81.750000000000014 2.0748902969658709 86.750000000000014 0.856756756756757 10.500000000000002 0.84313847884979054 73.500000000000014 1.0231660231660227 -0.37797619047619041 79.125000000000014 -0.59176244063315286 0.039769539193789977 0.0032015724042221906 0.94671814671814702 24.500000000000004 1.200772200772201 6.5000000000000009 30.500000000000004 12.500000000000002 0.51297097409535064 -0.59867820553660911 4.5000000000000009 16.500000000000004 1.0000000180025095e-35 72.500000000000014 58.500000000000007
decision_type=2 2 2 2 2 2 2 2 2 2 2 2 2 2 2 2 2 2 2 2 2 2 2 2 2 2 2 2 2 2 2 2 2 2 2 2 2 2 2 2 2 2 2 2 2 2
left_child=4 2 20 6 13 21 -4 24 9 10 -5 14 -13 15 -8 35 17 -16 34 23 45 -6 41 -15 25 -3 -25 36 -11 -30 -24 -7 -33 -17 -14 43 -10 42 -31 -37 -39 -18 -36 44 -1 -2
right_child=1 7 3 8 5 31 11 -9 27 28 -12 12 18 19 16 33 22 -19 -20 -21 -22 -23 30 26 -26 -27 -28 -29 29 38 -32 32 -34 -35 37 39 -38 40 -40 -41 -42 -43 -44 -45 -46 -47
leaf_value=0.06638931630669434 0.069809716597663482 -0.062301527611420451 -0.052789610888072762 0.036995584517613651 0.047663608935687718 -0.043608883562981905 0.04573682722896176 0.0090045393651591848 0.0040482840276218736 0.065887853505350424 -0.018319945017736927 0.019607377861993288 -0.0039495429322969934 0.05322719759296355 -0.0046931949152856089 0.042077361553184721 -0.03951191802873702 0.045986934414834167 0.0085164853546064803 -0.0091265834851597637 0.020731287580959074 0.0056967557891540472 0.024041143741432732 -0.0012560069581759353 -0.0053417948272120857 -0.01864251796466708 0.039780106851646173 0.025815249264179357 0.017267093790452472 0.059207226707742283 -0.0094153248760289014 -0.030510613727584058 0.016426375405160006 0.013316454775575593 -0.032562570674927425 0.027038834950476695 -0.029901265388230465 -0.010759258469819158 0.029446297743034384 0.051986953389720071 -0.041831465963415096 -0.010429264592385197 -0.064396447301067999 0.044782770849961323 0.04682527159518525 0.046591218314445411
leaf_weight=87.853362485766411 33.534159570932388 47.476080358028412 23.030166909098625 33.800382554531097 46.632449954748154 22.299090847373009 28.426250070333481 32.341165840625763 25.723643377423286 29.547443956136703 36.36814571917057 35.389193505048752 19.914634838700294 35.76857040822506 37.402247130870819 35.984072834253311 24.388325423002243 39.571080535650253 32.845585539937019 27.597250193357468 37.49401693046093 31.58534175157547 30.994505852460861 34.257851481437683 21.046018749475479 28.770884081721306 29.220450431108475 22.357380598783493 40.83928157389164 37.79265096783638 32.347278818488121 20.351589918136597 18.216336295008659 50.972669869661331 19.262226581573486 44.781366914510727 23.138116702437401 29.799747601151466 31.279334336519241 36.424077063798904 18.575740352272987 20.903749883174896 18.861402049660683 54.043273642659187 35.718659281730652 32.588418290019035
leaf_count=205 78 267 114 93 122 96 76 119 83 71 146 118 86 91 133 94 100 116 126 97 113 101 103 111 95 141 80 68 134 96 119 98 68 154 95 124 90 132 88 94 89 76 101 138 90 83
internal_value=0 0.00730719 0.0127513 0.00777336 0.0317821 0.00788181 -0.00286752 -0.0259709 0.0233274 0.0312654 0.00847113 0.000218337 -0.0123538 0.0387841 0.0104867 0.0447405 0.00487193 0.0216165 -0.0205577 0.0223239 0.0456312 0.0310027 -0.0070815 0.0310731 -0.0375704 -0.0462819 0.0179578 -0.000146758 0.0425923 0.0357922 0.00707486 -0.0218508 -0.00848655 0.0255612 -0.0295275 0.051061 -0.0123055 -0.0353039 0.0463425 0.0387254 -0.0232963 -0.0266046 -0.0495556 0.0564524 0.0611556 0.0592311
internal_weight=0 925.809 796.175 692.559 611.706 139.085 411.712 129.634 280.846 209.627 70.1685 388.682 174.649 472.622 214.033 345.777 185.607 76.9733 139.259 126.844 103.617 78.2178 108.634 99.2469 97.293 76.247 63.4783 71.2191 139.459 109.911 63.3418 60.867 38.5679 86.9567 106.414 258.821 48.8618 86.4991 69.072 81.2054 48.3755 45.2921 38.1236 177.615 123.572 66.1226
internal_count=5112 3349 2727 2453 1763 485 1584 622 869 628 239 1470 747 1278 723 899 647 249 629 379 274 223 398 282 503 408 191 241 389 318 222 262 166 248 503 651 173 417 184 218 221 176 196 433 295 161
is_linear=0
shrinkage=0.05


Tree=17
num_leaves=47
num_cat=0
split_feature=4 4 41 30 22 49 41 9 42 40 10 59 41 6 1 8 59 26 37 40 46 54 40 10 10 37 22 59 36 57 58 37 7 51 59 10 41 57 10 8 11 0 12 65 41 40
split_gain=132.327 51.5589 33.8338 40.5391 35.817 24.4789 22.596 22.596 17.0437 16.5136 14.2684 15.0486 12.4149 11.1365 10.9625 9.65832 10.2688 9.35736 12.0512 9.99808 8.99408 8.845 8.30099 7.76429 6.90582 6.76628 6.62242 6.38078 5.84933 10.2319 7.39152 5.74433 5.37959 4.99442 4.89459 4.84498 4.80632 4.08027 3.96907 3.53586 3.09959 2.42323 2.4201 2.30604 1.22287 0.491399
threshold=1.0000000180025095e-35 2.1250000000000004 -0.063508064516129017 1.0000000180025095e-35 1.607532977863906 8.5000000000000018 -0.051315789473684204 1.5853281853281858 1.2565789473684212 -2.7499999999999996 -1.0000000180025095e-35 -0.39036009226888674 -0.24568965517241378 2.2285714285714291 87.250000000000014 1.4843478260869569 0.11478523713130605 0.0089103387293887615 7.7500000000000009 0.75000000000000011 58.500000000000007 99.000000000000014 -2.2499999999999996 1.5698841698841697 0.60154440154440125 6.2500000000000009 0.92474044173253278 -0.6652727025667432 76.250000000000014 62.187500000000007 0.34235194516023087 7.2500000000000009 1.4895104895104898 85.500000000000014 0.080547328232315238 1.6023166023166024 0.82085561497326209 72.406250000000014 -0.88262548262548257 2.1208695652173915 -0.45684045684045699 80.250000000000014 0.062500000000000014 -0.41527477868618629 -0.18898809523809521 1.0000000180025095e-35
decision_type=2 2 2 2 2 2 2 2 2 2 2 2 2 2 2 2 2 2 2 2 2 2 2 2 2 2 2 2 2 2 2 2 2 2 2 2 2 2 2 2 2 2 2 2 2 2
left_child=6 2 5 4 8 7 10 28 26 33 32 35 43 20 -15 16 -8 18 19 34 21 25 41 -13 27 38 -4 -24 29 44 -31 -27 -1 40 -10 -12 -5 -22 -11 45 -7 -3 -29 -9 -2 -6
right_child=1 22 3 36 39 9 15 12 17 13 11 23 -14 14 -16 -17 -18 -19 -20 -21 37 -23 24 -25 -26 31 -28 42 -30 30 -32 -33 -34 -35 -36 -37 -38 -39 -40 -41 -42 -43 -44 -45 -46 -47
leaf_value=-0.012097527227606019 0.0625270891224773 0.067051938881570544 -0.00050751899551849803 0.044885871571311318 -0.038286194894560602 0.027325564470652614 -0.048275366153033517 0.01711452134728705 0.018092798722927364 -0.010700137673076029 -0.0015646603110544396 0.00020752052641687471 -0.011159863615270459 -0.034866360396735699 0.0076440069817923966 -0.054695475071693915 -0.006284810041926262 -0.009824639438109779 -0.011312865506833299 -0.00063940319584776268 0.045039165567470452 -0.010720035886607892 0.023702583012088364 0.035813785380550377 0.019853944631207189 0.03623389436194193 -0.036023002578064303 0.061083145861208457 0.064226198650684699 0.039499001192326695 0.0067177188480801557 0.0086425987436394066 -0.044555719171225527 0.017803215896126851 0.044677410697948318 -0.037208104850950496 0.01888574538465156 0.017664651122895871 0.016018659787417396 -0.023266651478858636 0.050095855032876085 0.044901962886542836 0.039798528877530312 0.038276630587361325 0.044167592066615427 -0.058910483494265503
leaf_weight=31.730388730764389 35.829682439565659 40.150489211082458 24.034710884094238 51.2076146453619 15.888593122363089 31.773314878344536 22.927702024579048 28.246626138687134 29.631479069590569 28.987638160586357 19.872406497597694 26.289039343595505 30.146048575639725 23.70381523668766 38.565232023596764 39.871796675026417 38.104314997792244 35.879833459854126 26.08743491768837 25.983576014637947 28.716228693723679 41.97181923687458 31.982147365808487 35.70137183368206 47.033615469932556 44.850887283682823 27.995329588651657 38.966160461306572 36.9405257999897 44.281294196844101 28.496770814061165 33.40643472969532 21.654497176408768 40.786626160144806 49.244379758834839 17.490361973643303 30.434447392821312 29.045754179358482 24.921729251742363 23.481068849563599 39.196674957871437 34.34821455180645 35.753114730119705 28.21376721560955 33.231557846069336 16.818231835961342
leaf_count=143 84 95 83 146 74 89 138 84 105 99 85 101 115 86 127 274 155 128 103 98 77 147 90 109 134 133 121 93 87 114 84 112 107 119 131 78 88 88 75 123 99 86 93 77 86 91
internal_value=0 0.0220946 0.0172908 0.0048281 -0.00438371 0.0238955 -0.0174453 0.0356979 0.00480209 0.0161106 -0.00524213 0.00597319 0.0145099 0.00983389 -0.00883363 -0.0356845 -0.0225832 0.0125902 0.0187599 0.0262777 0.0148628 0.00909233 0.0435617 0.0209568 0.0364455 0.0154173 -0.019936 0.0435068 0.0458242 0.0406155 0.0269283 0.0247134 -0.0258407 0.0323987 0.0350419 -0.0187851 0.0355394 0.0318087 0.00171846 -0.0396216 0.0404229 0.0575695 0.0515586 0.0281715 0.0544492 -0.0503245
internal_weight=0 1256.23 1028 356.687 275.045 671.312 253.642 265.386 218.857 405.926 152.738 99.3532 86.6064 294.17 62.269 100.904 61.032 166.827 130.947 104.859 231.9 174.139 228.234 61.9904 153.735 132.167 52.03 106.701 178.78 141.839 72.7781 78.2573 53.3849 111.757 78.8759 37.3628 81.6421 57.762 53.9094 56.1879 70.97 74.4987 74.7193 56.4604 69.0612 32.7068
internal_count=5054 3864 3273 1291 1057 1982 1190 731 769 1251 623 373 276 944 213 567 293 565 437 334 731 566 591 210 410 419 204 276 455 368 198 245 250 307 236 163 234 165 174 288 188 181 186 161 170 165
is_linear=0
shrinkage=0.05


Tree=18
num_leaves=49
num_cat=0
split_feature=4 12 40 7 59 8 9 65 4 40 40 40 54 46 9 44 7 43 65 59 11 0 65 10 42 7 53 10 10 9 52 42 37 58 59 3 10 12 3 37 59 59 24 20 27 53 7 59
split_gain=108.256 51.6113 44.1458 32.1406 30.8069 33.5503 28.7197 24.6048 23.2309 20.8611 20.5774 19.7611 19.2514 17.6069 17.7906 16.5701 15.3235 13.5721 15.2235 11.1747 10.1796 10.0917 9.97593 9.5283 9.47433 8.3953 8.7419 8.18538 7.67956 6.8361 6.60885 6.53253 5.72104 5.69655 5.47589 4.4292 3.61668 3.37987 7.09906 3.36408 3.30215 3.13333 2.70329 2.36681 1.27693 0.570902 0.48321 0.387339
threshold=0.62500000000000011 0.14583333333333334 -0.74999999999999989 0.97342657342657346 0.097680735332368748 1.3800000000000003 1.9343629343629347 1.0849209594961937 2.1250000000000004 0.75000000000000011 -1.0000000180025095e-35 -2.2499999999999996 42.500000000000007 29.500000000000004 1.3212355212355216 5.0000000000000009 -0.52447552447552415 5.0000000000000009 -0.37717181534043548 0.50370931781787065 -0.102767502767503 79.750000000000014 0.35387457207787903 0.86023166023166009 1.851648351648352 -0.25174825174825155 5.5000000000000009 1.6501930501930502 -0.68339768339768348 1.5667953667953671 3.5000000000000004 1.560386473429952 6.2500000000000009 -0.57078386445773377 -0.7614016681079937 62.500000000000007 -1.0880308880308878 0.22916666666666671 42.500000000000007 6.2500000000000009 -0.6523320455745395 -0.61236746317008228 0.62500000000000011 2.7500000000000004 0.93580246913580256 3.5000000000000004 1.732867132867133 -0.39827153806311183
decision_type=2 2 2 2 2 2 2 2 2 2 2 2 2 2 2 2 2 2 2 2 2 2 2 2 2 2 2 2 2 2 2 2 2 2 2 2 2 2 2 2 2 2 2 2 2 2 2 2
left_child=1 3 8 17 22 23 10 9 15 12 13 -8 25 27 -15 20 -9 18 -1 -11 24 46 37 28 31 -4 -27 -5 -6 35 -12 -2 -14 -22 -24 45 -34 38 -3 41 -26 -10 43 -13 -19 -17 -7 -39
right_child=2 4 7 6 5 21 11 16 39 19 30 42 32 14 -16 29 -18 44 -20 -21 33 -23 34 -25 40 26 -28 -29 -30 -31 -32 -33 36 -35 -36 -37 -38 47 -40 -41 -42 -43 -44 -45 -46 -47 -48 -49
leaf_value=-0.0070477534569858419 0.016118180545063684 -0.052272071623318553 0.040692182553560802 0.019541977800880007 0.007369262518661982 -0.061967082911746768 0.0059839237428569196 0.062692359242151538 0.030797826569209243 -0.040822551465199211 0.00035561652092875505 -0.043808834562403962 -0.023601441800016089 -0.024402541589075316 0.027714463361552578 0.063581095092872172 0.015835979863091123 0.05463865404127586 0.035074649418311475 0.0047079358044499961 0.051445690693364458 -0.0093201715461313159 0.0030347984278056108 -0.0066689374812028109 0.036486349284572527 -0.0035526784614263625 0.033396833010662798 0.056067861081439845 0.041265992255949631 0.024711901287140743 -0.038425051127672416 -0.015006786707839663 -0.0080090868492668256 0.021454209051766399 -0.0309769005690438 0.033473654491992369 0.01864313795852144 -0.06014963920381803 -0.0068422817708547945 0.062170283355167479 0.012355649954712325 0.053500659637710224 -0.057768690349238684 -0.016968682370544729 0.036778828049996874 0.04779092998579354 -0.038916660418071923 -0.040205412243948635
leaf_weight=38.330179035663605 27.896504655480385 18.637653738260269 50.649287268519402 28.339585408568382 30.790250107645988 15.391836799681188 37.618622377514839 32.888987615704536 31.570240840315819 31.812989979982376 24.95884607732296 18.714532002806664 29.033762365579605 29.173972696065903 34.832334876060486 32.929674208164215 37.866068691015244 33.918568149209023 46.902288794517517 22.548727571964264 28.968860074877739 24.65863923728466 20.976980477571487 31.986730247735977 30.476810902357101 35.021140486001968 28.220918834209442 37.048900932073593 36.943789899349213 48.632874712347984 18.59784260392189 39.489572331309319 27.511968106031418 39.136625036597252 25.673722714185715 41.033755734562874 22.065606206655502 30.697500705718994 15.90922564268112 68.034326240420341 28.584962353110313 44.667810305953026 17.326060838997364 17.5776491984725 31.23440033197403 37.783642962574959 12.619445271790026 13.406735174357889
leaf_count=134 85 106 139 87 104 93 124 79 85 140 104 103 105 102 104 77 117 85 133 76 73 107 88 112 84 119 84 97 116 138 87 135 101 113 121 108 73 178 73 162 86 111 98 88 88 94 76 77
internal_value=0 0.000168897 0.0270369 0.0113326 -0.0164785 -0.00133547 0.000803652 0.0124094 0.0363003 0.00489709 0.0127599 -0.0217537 0.0126223 0.0227266 0.00394965 0.0292734 0.0381863 0.0297018 0.0162696 -0.022193 0.0193043 -0.0332574 -0.034739 0.0156877 0.0107664 0.0256733 0.0131987 0.0407702 0.0261888 0.041172 -0.0166937 -0.00207439 -0.0063707 0.034771 -0.0159404 0.0480528 0.00398715 -0.0455489 -0.0321322 0.0532671 0.0252076 0.0446199 -0.0409677 -0.0316128 0.046762 0.0559281 -0.0532819 -0.0551128
internal_weight=0 692.266 816.825 414.574 277.693 152.391 264.188 317.619 499.206 246.864 172.951 91.2369 192.503 129.395 64.0063 354.933 70.7551 150.385 85.2325 54.3617 194.553 52.6699 125.302 99.7208 126.448 113.891 63.2421 65.3885 67.734 160.38 43.5567 67.3861 78.6113 68.1055 46.6507 111.747 49.5776 78.6511 34.5469 144.272 59.0618 76.2381 53.6182 36.2922 65.153 70.7133 28.0113 44.1042
internal_count=5069 2685 2384 1434 1251 608 994 1033 1351 837 581 413 621 390 206 993 196 440 267 216 576 276 643 332 390 342 203 184 220 417 191 220 279 186 209 279 174 434 179 358 170 196 289 191 173 171 169 255
is_linear=0
shrinkage=0.05


Tree=19
num_leaves=46
num_cat=0
split_feature=4 12 41 44 8 59 36 45 41 4 20 66 28 41 59 60 7 50 9 22 53 61 47 42 9 20 22 53 36 41 8 59 35 26 40 26 54 22 26 59 45 0 43 40 38
split_gain=111.629 55.9646 42.3445 29.2287 27.5945 25.5299 27.8794 19.2263 17.6622 17.5533 17.0847 16.1259 21.4153 16.0473 14.0354 13.987 12.4119 16.3361 11.6648 11.0498 10.7921 10.1307 10.1047 10.0757 8.75369 7.84549 7.52638 7.09996 6.96147 6.54251 6.77004 5.67367 5.17546 4.77313 5.29269 4.12386 3.96424 3.88522 8.03125 3.36631 3.15943 2.35491 1.1473 0.223776 0.214466
threshold=0.62500000000000011 0.14583333333333334 -0.12132352941176469 5.0000000000000009 2.0634782608695654 0.097680735332368748 66.750000000000014 40.500000000000007 0.078461538461538485 2.7500000000000004 2.7500000000000004 1.0000000180025095e-35 57.500000000000007 -0.14550264550264547 0.36447543099728863 10.500000000000002 0.92517482517482541 1.5000000000000002 1.12972972972973 1.1004978106279562 5.5000000000000009 1.5000000000000002 1.5000000000000002 1.4494949494949496 1.4046332046332053 2.7500000000000004 2.1201375353655743 6.5000000000000009 75.750000000000014 -0.2696969696969696 1.0721739130434786 0.71952396275653763 78.250000000000014 0.01469828427305481 -1.7499999999999998 0.0034398078285924369 9.5000000000000018 1.3823354978681499 0.0057471821203408978 -0.55656394595157355 3.5000000000000004 82.250000000000014 5.0000000000000009 -2.2499999999999996 1.5000000000000002
decision_type=2 2 2 2 2 2 2 2 2 2 2 2 2 2 2 2 2 2 2 2 2 2 2 2 2 2 2 2 2 2 2 2 2 2 2 2 2 2 2 2 2 2 2 2 2
left_child=1 4 9 7 11 22 -7 8 20 15 42 12 13 -1 19 26 27 -18 28 -13 25 -12 33 -21 -25 -4 29 -8 32 37 35 -16 -5 34 -3 -31 -17 38 -2 -39 -36 43 -6 -11 -42
right_child=2 5 3 18 10 6 16 -9 -10 41 21 14 -14 -15 31 36 17 -19 -20 23 -22 -23 -24 24 -26 -27 -28 -29 -30 30 -32 -33 -34 -35 40 -37 -38 39 -40 -41 44 -43 -44 -45 -46
leaf_value=0.006744525436908135 0.039552539943953045 -0.017534020473602956 0.0030685954621127456 0.04134365554783951 -0.052127996734831594 -0.056771178597591503 0.029419192277461016 0.026009645319327014 -0.041002341575242185 0.06562026050214613 -0.016040186832644091 -0.0087815640768118992 0.035889945787997556 -0.044664478082559855 0.05785400459859176 0.061334400971580605 -0.034332020199725949 0.01883826384915975 0.0010900311317607178 0.0021168159163586111 0.022402398785062151 0.028594196074473749 -0.00702657631355627 0.046412707485864513 0.013432903408990336 -0.033708469566526664 0.0014281329571864437 -0.0031330396749563055 0.055322693426341288 0.022791921242352173 0.03362838250413696 0.029847035969466515 0.016327639091617292 -0.014065687363232941 -0.027075150832542905 -0.0023104923607845758 0.037650039084370257 0.053268968779999273 0.0048200133617270465 0.031183561584687377 -0.060805496417830555 0.040210624780365495 -0.029158715624904481 0.051213002479492502 -0.042923309639981949
leaf_weight=32.12115766108036 41.283858194947243 15.387711524963377 33.782878145575523 38.915996491909027 16.259738638997078 20.108398519456387 49.002412475645542 47.140283644199371 34.559366419911385 40.358974486589432 26.99550474435091 35.395366221666336 26.577960282564163 27.403372295200825 31.762166634202003 38.800697863101959 33.503507852554321 24.004132948815823 29.837278768420219 40.607743814587593 34.151829555630684 22.318704798817635 28.468799516558647 47.507481813430786 36.274601593613625 24.210830017924309 28.791693106293678 24.920728206634521 33.823829814791679 27.499714702367783 44.910760700702667 51.731060117483139 47.559378355741501 15.252619594335554 13.92965619266033 38.028541013598442 47.578263193368912 41.026764392852783 27.958849370479584 40.807801216840744 41.203428275883198 32.706756785511971 16.361787214875221 36.143181294202805 15.023394256830214
leaf_count=101 108 70 119 102 80 130 158 138 152 99 123 129 76 139 80 93 144 91 111 136 113 72 120 135 124 98 92 89 82 78 130 148 137 78 81 121 125 102 83 110 245 84 80 90 84
internal_value=0 -0.000226736 0.0271111 0.0130524 0.0115109 -0.0173996 -0.00342253 -0.000923698 -0.0110694 0.036439 -0.0143272 0.0179622 -0.000636765 -0.0172696 0.0245205 0.0311645 0.00510666 -0.0121957 0.0291346 0.0156764 0.000476688 0.00432734 -0.0336329 0.0226505 0.0324605 -0.012596 0.025747 0.0185499 0.036024 0.0284087 0.0188739 0.04106 0.0279294 -0.0410047 -0.0455899 0.00840828 0.048869 0.0352088 0.0257965 0.0427652 -0.0514106 0.0541841 -0.0418173 0.0595622 -0.0568611
internal_weight=0 692.121 809.878 323.982 411.317 280.805 151.539 173.845 126.705 485.896 81.9357 329.381 86.1025 59.5245 243.278 376.687 131.431 57.5076 150.136 159.785 92.1455 49.3142 129.266 124.39 83.7821 57.9937 290.308 73.9231 120.299 261.516 110.439 83.4932 86.4754 100.797 85.5442 65.5283 86.379 151.077 69.2427 81.8346 70.1565 109.209 32.6215 76.5022 56.2268
internal_count=5080 2713 2367 1052 1423 1290 612 620 482 1315 355 1068 316 240 752 1042 482 235 432 524 330 195 678 395 259 217 824 247 321 732 329 228 239 558 480 199 218 403 191 212 410 273 160 189 329
is_linear=0
shrinkage=0.05


Tree=20
num_leaves=51
num_cat=0
split_feature=4 12 41 9 35 22 4 59 40 41 37 6 26 62 25 4 49 37 10 33 25 45 45 58 20 51 45 45 57 57 59 9 59 26 15 46 24 24 41 12 11 9 41 11 41 41 49 58 54 22
split_gain=85.6752 48.7522 44.7724 25.4701 25.3094 26.6136 23.0132 26.302 21.559 18.9379 17.062 16.1134 15.1373 14.246 12.3683 11.4581 12.3912 11.469 11.3216 11.1175 10.1783 10.18 9.79951 9.26112 9.02049 8.88438 14.7016 13.1557 8.29048 8.22742 8.08255 12.5176 10.5681 9.24028 7.68325 6.7172 6.41 6.3761 6.17582 5.99192 5.94854 5.79425 6.90511 5.06084 4.553 4.4625 4.36269 4.28216 2.93881 0.504597
threshold=0.62500000000000011 0.14583333333333334 -0.30217391304347824 1.8972972972972977 85.750000000000014 1.5238585621733911 3.2500000000000004 0.080547328232315238 -3.2499999999999996 0.13484848484848486 7.7500000000000009 1.21764705882353 0.0089103387293887615 1.5000000000000002 0.44722222222222224 5.2500000000000009 14.500000000000002 6.2500000000000009 -1.5861003861003857 1.0000000180025095e-35 0.44722222222222224 29.500000000000004 20.500000000000004 -0.27694604220087021 2.7500000000000004 44.500000000000007 40.500000000000007 25.500000000000004 74.687500000000014 72.062500000000014 0.28313308994381592 1.0324324324324328 -0.7614016681079937 0.0073319201386346173 7.5000000000000009 64.500000000000014 0.37500000000000006 0.37500000000000006 -0.11324786324786323 0.062500000000000014 -1.2167238167238168 2.856370656370657 -0.21583850931677015 -0.25335745335745347 -0.093073593073593058 -0.14550264550264547 69.500000000000014 -0.26037633224328088 70.500000000000014 1.9983594779885212
decision_type=2 2 2 2 2 2 2 2 2 2 2 2 2 2 2 2 2 2 2 2 2 2 2 2 2 2 2 2 2 2 2 2 2 2 2 2 2 2 2 2 2 2 2 2 2 2 2 2 2 2
left_child=1 3 15 14 5 20 7 9 -5 13 12 -10 34 25 22 16 40 29 -12 30 21 -3 -1 -22 49 39 27 -27 44 -18 31 -16 -33 -34 36 -8 -9 -14 -26 -4 -2 42 -13 -25 48 -32 -31 -36 -6 -7
right_child=2 4 6 8 28 24 35 10 11 -11 18 41 37 -15 19 -17 17 -19 -20 -21 23 -23 -24 43 38 26 -28 -29 -30 46 45 32 33 -35 47 -37 -38 -39 -40 -41 -42 -43 -44 -45 -46 -47 -48 -49 -50 -51
leaf_value=0.016223011841893824 0.036732352245089354 -0.02631399336679608 0.040291147583753205 0.03419409363752484 -0.044709985610483317 -0.061678684173783041 0.028221655220938391 0.057445872306389749 0.014668923952598041 -0.041943741751314975 0.016592824299797984 -0.0022622434526631333 0.022406725695269188 -0.027392666285680618 -0.020438412014294291 0.066503696476660878 -0.0063746548630581644 0.045421849192603926 -0.030745907518263917 0.046033671208579832 0.041972737019623937 0.017789644805884141 -0.023056395735761334 0.02042665312792423 0.0071173351775730871 0.0043351237789239034 0.031556336639343423 -0.042679156089374864 -0.0081810271035337289 0.038894876238536491 0.045830180885214511 0.037410374512997287 -0.016203809960322661 0.024651451066715888 0.035929146045127029 0.058938011739125412 0.02852250672880273 -0.01132581645179623 -0.035584348988611882 0.0082514320499350851 0.063647187510555203 -0.058361652989368545 -0.040407966689457051 -0.01255026146128199 -0.059141699232175438 0.019879062590359538 0.011672863925679035 0.008692289588439801 -0.014799343334419863 -0.038673058171979524
leaf_weight=35.377176254987717 47.613802120089531 31.85201795399189 30.245919480919838 21.739598006010056 19.019113928079605 15.005914568901064 50.297547370195389 53.148766458034515 23.313260123133659 24.837426036596298 28.233759522438049 21.435661941766739 27.694807678461075 29.293227210640907 24.981229662895203 38.192504420876503 28.58199106156826 51.117050021886826 21.25944846868515 45.718273192644119 27.75083039700985 20.853392735123634 27.180481418967247 24.560293927788734 16.907315954566002 40.472696825861931 25.383032396435738 22.383919328451157 19.206173747777939 30.701853379607201 31.408766716718674 41.378023743629456 27.255581215023994 26.160755187273026 28.491699889302254 30.476458266377449 35.20495942234993 26.490340679883957 15.426164031028746 28.587661370635033 46.482396677136421 16.50220825523138 25.919366478919983 20.446097299456596 33.836140282452106 39.729183495044708 29.749983265995979 29.916057631373405 16.377393811941147 12.96886821836233
leaf_count=123 127 133 84 62 97 91 140 131 91 113 91 78 79 111 95 95 88 129 78 128 79 79 102 84 67 142 73 87 91 81 79 117 98 77 79 73 100 86 98 101 111 94 153 81 212 124 86 90 75 81
internal_value=0 0.000362911 0.0244405 0.0113085 -0.015909 -0.00535683 0.0159549 0.0115053 -0.00933272 -0.00195902 0.0222873 -0.0204526 0.0287364 0.00387671 0.0188283 0.0409046 0.0364658 0.0267137 -0.00394739 0.0240357 0.00778099 -0.00885765 -0.000937621 0.0197907 -0.0323693 0.0102477 0.000160637 -0.0128133 -0.0377666 0.0155875 0.0185554 0.0104828 0.0187598 0.00389045 0.0370301 0.0403901 0.0463694 0.00600897 -0.0137118 0.0251209 0.0505574 -0.0333034 -0.0235448 0.0054983 -0.0457408 0.0318135 0.0259061 0.0223598 -0.0316577 -0.0527163
internal_weight=0 682.309 804.857 408.1 274.21 185.771 532.418 451.644 108.91 201.204 250.44 87.1705 200.947 176.366 299.189 272.44 234.247 140.151 49.4932 236.632 125.463 52.7054 62.5577 72.7572 60.3083 147.073 88.2396 62.8566 88.4388 89.0338 190.914 119.776 94.7944 53.4163 146.761 80.774 88.3537 54.1851 32.3335 58.8336 94.0962 63.8572 47.355 45.0064 69.2326 71.138 60.4518 58.4078 35.3965 27.9748
internal_count=5064 2689 2375 1421 1268 793 1658 1445 478 711 734 416 565 598 943 717 622 384 169 718 456 212 225 244 337 487 302 229 475 255 590 387 292 175 400 213 231 165 165 185 238 325 231 165 384 203 167 169 172 172
is_linear=0
shrinkage=0.05


Tree=21
num_leaves=47
num_cat=0
split_feature=4 4 62 45 40 40 45 18 22 40 59 40 26 19 8 65 22 42 36 65 59 6 11 11 1 58 51 12 65 2 25 35 11 11 59 51 6 1 26 7 35 58 58 25 8 52
split_gain=75.9655 40.7381 21.3766 30.3367 20.5303 20.3029 22.9863 17.9114 17.3032 17.0309 21.991 16.8751 13.2251 13.048 13.9786 12.6708 11.9831 11.0988 10.3494 10.3153 11.2042 10.2516 15.7476 9.83908 9.75883 9.71638 9.35272 8.93539 8.72449 8.14167 7.9801 7.95578 7.08762 8.81526 6.75871 6.15149 6.46897 5.59612 5.49511 5.48149 4.4021 5.15651 4.35309 3.10294 3.06866 0.836361
threshold=1.7500000000000002 1.0000000180025095e-35 1.5000000000000002 59.500000000000007 -1.7499999999999998 1.0000000180025095e-35 12.500000000000002 3.5000000000000004 1.4018062483443783 0.75000000000000011 -0.39036009226888674 -2.2499999999999996 0.0020776166129196122 2.7500000000000004 0.95739130434782627 0.39197753542362973 1.816738792892981 1.6220238095238098 76.250000000000014 1.9302762369517605 0.26659387353423869 -1.1999999999999993 -0.76315576315576317 -0.44887004887004878 87.250000000000014 0.77788564761185042 78.500000000000014 0.14583333333333334 -0.41527477868618629 69.250000000000014 0.19090909090909094 86.250000000000014 0.35703755703755702 -0.45673785673785677 0.080547328232315238 43.500000000000007 0.34285714285714292 80.250000000000014 0.0052296541475537325 0.62937062937062982 79.750000000000014 -0.30163705152652742 0.15951094710994371 0.44722222222222224 1.6043478260869566 4.5000000000000009
decision_type=2 2 2 2 2 2 2 2 2 2 2 2 2 2 2 2 2 2 2 2 2 2 2 2 2 2 2 2 2 2 2 2 2 2 2 2 2 2 2 2 2 2 2 2 2 2
left_child=1 9 5 7 40 6 16 -4 18 10 26 -9 43 14 15 38 25 34 29 20 31 -16 -23 -20 -24 35 27 -1 -19 -7 -11 -6 33 -14 -13 36 -3 -22 -8 -37 -2 -42 -29 -12 -26 -32
right_child=4 2 3 -5 19 8 13 11 -10 30 12 17 32 -15 21 -17 -18 28 23 -21 37 22 24 -25 44 -27 -28 42 -30 -31 45 -33 -34 -35 -36 39 -38 -39 -40 -41 41 -43 -44 -45 -46 -47
leaf_value=0.014346766128473333 0.059441304117534483 0.060405334762070231 0.023393367211183787 0.045430425352753961 -0.013346308938859242 0.003891508332527726 -0.00395503197794741 0.0068371927842598287 -0.041048002322498923 -0.0079069098737724348 -0.034581042419292433 -0.063530389843852092 0.0033037440512981688 -0.01977912713034348 0.050391743557914016 0.020658036798619731 0.0054688101882411251 -0.027779072713712799 0.0057284248595536116 0.042863093542989464 0.016775806790689147 -0.013512130469055091 0.002810403711087719 -0.034896807192054284 0.026467646685327278 0.015860971121860731 -0.053392375436389673 -0.047961979415538904 0.014349226874510857 0.040291379465441764 -0.059234837114859842 0.016613701605946066 -8.5374038761737512e-05 0.043613745087292891 -0.027756405843405316 0.0098339596197285079 0.03436297402792992 0.045306587566070207 -0.03608282686746056 0.04175062725253776 0.049772337725415033 0.024206818343137104 -0.0093075753782628119 -0.0044104827436289304 0.051268100089822799 -0.035341461188291762
leaf_weight=16.493719384074211 51.196193978190422 55.204834476113319 32.057162597775459 27.15060205757618 37.31553053855896 33.983607530593872 33.67168727517128 49.89482156932354 22.144629061222076 15.334606580436228 16.938418753445148 23.09880930185318 23.032874420285225 32.764980658888817 27.156660690903664 36.723706096410751 41.017120867967606 28.179080590605736 44.076036542654037 45.92008338868618 38.079711720347404 31.382390484213829 27.455644860863686 21.348345920443535 30.046098813414574 51.852948158979416 23.359446629881859 15.684112019836904 20.402178555727005 27.400692656636238 21.299063324928284 51.648467853665352 40.622252441942692 32.609754033386707 36.009461261332035 26.582498639822006 51.87115666270256 33.483767330646515 21.320805430412292 28.006017401814461 51.335966944694519 37.179589584469795 13.976632617413996 16.873125232756138 27.680555865168571 12.074588164687155
leaf_count=64 130 138 105 72 125 111 114 152 113 84 86 111 100 116 74 108 149 123 151 119 109 112 89 93 89 158 125 95 69 80 150 158 153 113 152 84 143 85 82 78 130 103 73 77 73 81
internal_value=0 0.00560121 0.0106036 -0.00303744 0.0323312 0.0150044 0.0196369 -0.0101784 -0.00127553 -0.0122697 -0.0057166 -0.0171123 0.00642781 0.00936962 0.0134926 -0.00176051 0.0303764 -0.0281694 0.00593677 0.0221376 0.0159803 0.0231714 0.016455 -0.00785361 0.0275241 0.0351134 -0.0282105 -0.0146035 -0.0101543 0.0205251 -0.0384667 0.00403845 0.0158505 0.0272806 -0.0425608 0.0411531 0.0482242 0.0305655 -0.0168331 0.0266649 0.0471297 0.0394243 -0.030645 -0.0200841 0.0390302 -0.0518699
internal_weight=0 1136.78 888.483 216.792 346.159 671.69 522.737 189.642 148.953 248.299 199.59 157.584 130.076 268.203 235.438 91.7162 254.535 107.69 126.809 206.448 160.527 143.721 116.565 65.4244 85.1823 213.517 69.5139 46.1545 48.5813 61.3843 48.7083 88.964 96.2649 55.6426 59.1083 161.665 107.076 71.5635 54.9925 54.5885 139.712 88.5156 29.6607 33.8115 57.7267 33.3737
internal_count=5099 4140 2939 784 959 2155 1607 712 548 1201 886 607 529 857 741 304 750 455 435 596 477 437 363 244 251 601 357 232 192 191 315 283 366 213 263 443 281 194 196 162 363 233 168 163 162 231
is_linear=0
shrinkage=0.05


Tree=22
num_leaves=47
num_cat=0
split_feature=4 40 8 0 10 11 22 8 40 0 47 7 9 42 49 65 7 54 41 12 58 9 26 37 54 41 42 38 29 41 8 59 6 59 4 37 50 21 40 42 59 20 17 3 60 22
split_gain=80.0773 46.3506 44.162 23.0053 21.7935 20.1586 17.2313 24.3616 16.9074 16.208 13.3419 12.2777 11.4498 11.2954 11.0723 10.9773 16.0193 10.4681 10.4631 13.6365 16.5041 9.87837 9.70563 9.32814 9.20199 9.15974 9.06597 9.86045 9.02062 8.66626 8.46487 8.45858 8.09497 8.1818 6.84179 7.57051 5.43832 5.12839 4.47906 4.11746 3.77492 3.53957 2.88113 2.4633 2.34531 0.293958
threshold=1.0000000180025095e-35 -1.7499999999999998 1.389130434782609 84.750000000000014 -3.8733590733590728 -0.51977751977751974 1.8976549054198157 1.9173913043478261 0.75000000000000011 79.750000000000014 2.5000000000000004 1.4055944055944061 2.1567567567567578 1.6858552631578949 65.500000000000014 -0.41527477868618629 1.732867132867133 25.500000000000004 0.23669467787114848 0.062500000000000014 0.48314048284850658 1.5482625482625487 0.011341193553556153 7.2500000000000009 40.500000000000007 -0.23669467787114842 1.2899159663865549 1.0000000180025095e-35 0.68055555555555569 -0.1348484848484848 0.78521739130434787 0.16587474750015932 -1.712915523707384e-16 -0.6391983530350368 1.2500000000000002 5.7500000000000009 1.0000000180025095e-35 0.52243118397129218 -2.7499999999999996 1.7362318840579711 0.39629089145655322 2.7500000000000004 12.500000000000002 27.500000000000004 3.5000000000000004 2.3680337340467212
decision_type=2 2 2 2 2 2 2 2 2 2 2 2 2 2 2 2 2 2 2 2 2 2 2 2 2 2 2 2 2 2 2 2 2 2 2 2 2 2 2 2 2 2 2 2 2 2
left_child=5 9 3 10 -4 25 7 13 14 21 11 18 31 -6 15 29 -17 -5 19 23 24 -2 -10 40 42 -1 -19 -28 -20 -7 37 34 -29 -34 35 -11 -13 -22 -36 -37 -3 -33 -21 45 -27 -8
right_child=1 2 4 17 6 8 43 -9 22 12 -12 36 -14 -15 -16 16 -18 26 28 20 30 -23 -24 -25 -26 44 27 32 -30 -31 -32 41 33 -35 38 39 -38 -39 -40 -41 -42 -43 -44 -45 -46 -47
leaf_value=-0.0089797947527098364 0.061737787704097907 0.033724599472089306 0.031072634943168548 0.031534505726115908 -0.047640066189180791 0.014366262128086671 -0.063213340017868838 0.029356683885232767 -0.052382824841520993 -0.00078516943348488997 0.046117121350983351 0.01207454491270373 0.0028615646742638206 -0.0044623669362737145 -0.027244159676666803 0.043096685106824351 -0.0035732246290541714 -0.032097461287297097 0.018699371086904257 0.050148278503133283 0.0034912719243792851 0.027603049099256666 0.00082957026895112045 0.017287815608540837 0.01182657273644472 -0.027840213978025597 -0.023358395197630329 -0.0095892722197361002 -0.017350096755906541 -0.026522958306289965 0.022926389551728814 0.030340062439891236 0.0035305159736229055 0.041799489421467967 0.046908889842578079 0.012841341306107774 -0.020642795839663722 -0.027651164746045745 0.022616758111677276 0.037775987359667564 0.057590429609075171 0.053115074796882794 0.027923649064560227 -0.026962191656828467 -0.056323361276929121 -0.04155019288573282
leaf_weight=22.118083581328392 61.816381737589836 33.341436594724655 23.507199212908745 22.734565854072571 28.640102460980415 22.690617457032204 14.482531487941744 29.329549938440323 23.663329035043716 42.782604545354843 52.522330671548843 24.901842996478081 45.57902130484581 31.445199608802795 23.396837815642357 39.402209632098675 33.48252684623003 23.371739983558655 45.094667509198189 40.186293736100197 27.085315212607384 35.997130647301674 13.084504485130308 34.934331580996513 44.876689195632935 13.559079967439173 29.191129773855209 33.472320660948753 26.88289076089859 27.799305766820908 25.971195816993713 36.133653372526169 30.532632723450661 25.062030166387558 40.386785179376602 33.543330416083336 23.9807158857584 24.459763959050179 41.734709516167641 34.975172519683838 50.969177380204201 45.623732939362526 30.796782001852989 16.300483271479607 31.702991180121899 14.092099219560621
leaf_count=99 158 91 80 70 132 86 81 101 163 133 136 76 147 112 111 132 139 101 128 103 89 102 66 103 135 81 113 118 96 145 84 98 107 73 102 101 86 91 116 94 125 113 86 79 200 81
internal_value=0 0.0182367 0.011219 0.0169724 -0.0124511 -0.0127245 -0.0202432 -0.00737118 -0.00406695 0.0317272 0.0224313 0.0194619 0.0261453 -0.0254863 0.00358539 0.00960397 0.0218988 0.000792867 0.0224554 0.0264032 0.0180489 0.0495821 -0.0339159 0.0396882 0.0299151 -0.0359003 -0.00432831 0.00138293 0.00518201 -0.00822486 0.000158101 0.0299775 0.00966105 0.0212159 0.0240514 0.0157452 -0.00406793 -0.0115318 0.0349841 0.0259295 0.0486584 0.0435376 0.0410278 -0.0451714 -0.0485769 -0.0542959
internal_weight=0 1226.74 808.165 650.368 157.797 250.899 134.29 89.4149 183.519 418.573 486.003 433.481 320.759 60.0853 146.771 123.375 72.8847 164.364 384.599 312.621 193.376 97.8135 36.7478 119.245 115.86 67.3802 141.63 118.258 71.9776 50.4899 77.5163 275.18 89.067 55.5947 193.423 111.301 48.8826 51.5451 82.1215 68.5185 84.3106 81.7574 70.9831 44.8751 45.2621 28.5746
internal_count=5063 3841 2677 2011 666 1222 586 345 842 1164 1429 1293 904 244 613 502 271 582 1131 907 588 260 229 319 324 380 512 411 224 231 264 757 298 180 546 328 162 180 218 195 216 211 189 241 281 162
is_linear=0
shrinkage=0.05


Tree=23
num_leaves=47
num_cat=0
split_feature=4 41 8 59 29 12 62 57 22 59 45 51 41 41 36 44 12 65 37 52 59 27 26 26 57 26 51 50 46 41 42 65 6 37 42 21 54 36 21 58 3 2 8 58 45 51
split_gain=65.94 43.0071 42.9247 37.3156 25.9052 19.2671 18.2349 16.6321 16.207 14.6294 13.9424 19.6775 13.553 12.6346 12.0598 11.1504 10.9899 10.1103 9.55787 9.47423 9.9438 9.41082 9.23995 9.16235 9.00128 8.99376 8.97005 8.31353 8.07647 7.47991 6.72938 6.65569 7.46399 6.62186 6.27455 7.02089 6.74223 5.93975 3.73289 3.50082 3.18081 3.09543 2.98516 2.08912 0.296333 0.162807
threshold=2.1250000000000004 -0.065591397849462343 1.3988944572912312 0.3484035575467645 0.98611111111111127 0.10416666666666667 1.5000000000000002 68.437500000000014 1.5116573282773487 0.47369649395226454 39.500000000000007 25.500000000000004 -0.35504201680672265 -0.24568965517241378 75.250000000000014 5.0000000000000009 0.18750000000000003 0.35387457207787903 7.2500000000000009 6.5000000000000009 -0.7614016681079937 0.65000000000000002 0.0052296541475537325 0.016852390834716045 72.187500000000014 0.0047855086620933142 14.500000000000002 1.0000000180025095e-35 10.500000000000002 0.057189542483660136 1.3717105263157896 0.85831455561946901 -1.0026578073089694 6.7500000000000009 1.6496163682864451 0.72330837703699991 68.500000000000014 73.250000000000014 0.48065123467383375 -0.30163705152652742 62.500000000000007 51.500000000000007 0.62347826086956537 0.94425825643485939 4.5000000000000009 7.5000000000000009
decision_type=2 2 2 2 2 2 2 2 2 2 2 2 2 2 2 2 2 2 2 2 2 2 2 2 2 2 2 2 2 2 2 2 2 2 2 2 2 2 2 2 2 2 2 2 2 2
left_child=1 3 4 5 21 6 7 -1 18 31 11 15 -8 28 41 30 37 22 26 20 -19 -3 27 34 25 -13 40 -7 -10 -16 -6 33 -33 -2 -9 36 -36 -17 -29 -24 44 -4 -28 -43 -5 -11
right_child=9 2 14 8 10 17 12 23 13 45 -12 24 -14 -15 29 16 -18 19 -20 -21 -22 -23 39 -25 -26 -27 42 38 -30 -31 -32 32 -34 -35 35 -37 -38 -39 -40 -41 -42 43 -44 -45 -46 -47
leaf_value=0.046457410291390958 0.0038549687290339199 0.011825263182237554 -0.021814175880362316 0.060819333683943599 0.0063679348890091055 -0.003948497418700847 0.015267554417306107 0.032270686302931915 0.0024471741065322256 0.048183278636883105 0.025918364850928539 -0.03621470518740131 -0.031282663455995958 -0.010850439330138073 0.0067983313686229346 0.0097759098383749018 -0.0083292721201178761 0.019727477942660908 0.010425504144671459 0.033327738347491559 -0.020910008601108906 0.046726545187132013 0.013814376846270217 -0.011866212469202367 -0.051522383692384224 0.0039345878415973142 0.012462265540933395 -0.024443002526912699 0.035428549700406813 -0.033726842119193121 -0.029384872477366208 0.053321445309660237 0.021929455175663668 0.033903426074860146 -0.017669409919240386 0.029345092953901027 0.015059398776001161 0.04191766954594791 -0.056785628356639119 -0.013929431237646129 0.035144551268159914 -0.057668173931476122 0.034890721629069033 -0.029882716692369589 0.046561255615612605 0.062690477663730093
leaf_weight=46.401895970106125 42.448635265231133 41.23751537501812 13.069816268980501 41.864362105727196 21.059990525245667 21.139621242880821 27.505699127912521 50.077427819371223 29.093725234270096 31.359058886766434 33.170284911990166 26.479483284056187 33.881297200918198 38.771138563752174 24.285176895558834 29.327846229076385 37.377189815044403 24.424721330404282 32.440034791827202 21.834300681948662 35.973555639386177 36.923052608966827 22.314730063080788 30.144423142075539 26.395481489598751 27.969175450503826 29.656118392944336 18.961670711636543 51.053346395492554 19.992696784436703 32.791046671569347 39.926786676049232 39.649621084332466 31.67507292330265 27.512141793966293 30.760632395744324 34.116302117705345 28.772423923015594 21.691127330064774 21.195042990148067 37.092251032590866 38.87537095695734 32.539021953940392 12.605959564447401 31.654926180839539 34.537621483206749
leaf_count=124 130 122 92 103 91 87 81 145 93 84 111 116 127 153 115 96 136 85 95 70 143 101 84 103 142 108 85 90 145 120 146 101 114 87 92 88 101 77 99 88 99 251 88 82 81 86
internal_value=0 0.00720705 -0.00512339 0.0142149 0.00361109 0.00516171 0.0134399 0.0201714 0.0272272 0.0368819 -0.00391413 -0.00830682 -0.0105145 0.0123942 -0.0323154 0.00247691 0.0126954 -0.00722144 0.0357196 0.00588068 -0.00442279 0.0286946 -0.0174122 0.0128782 -0.0280125 -0.0158918 0.0403806 -0.0296831 0.0236339 -0.0118407 -0.0155415 0.0281124 0.0381464 0.0169759 0.0181601 0.0102481 0.000399781 0.0261331 -0.0426491 0.000290142 0.048975 -0.0459648 0.0245627 -0.0515635 0.0553875 0.0566102
internal_weight=0 1242.43 450.333 792.1 341.503 467.935 280.4 219.013 324.165 219.597 263.343 230.173 61.387 118.918 108.829 149.328 95.4775 187.535 205.247 82.2326 60.3983 78.1606 105.302 172.611 80.8441 54.4487 172.807 61.7924 80.1471 44.2779 53.851 153.7 79.5764 74.1237 142.467 92.3891 61.6284 58.1003 40.6528 43.5098 110.612 64.5511 62.1951 51.4813 73.5193 65.8967
internal_count=5057 4455 1906 2549 1246 1607 861 653 942 602 1023 912 208 391 660 546 309 746 551 298 228 223 448 529 366 224 456 276 238 235 237 432 215 217 426 281 193 173 189 172 283 425 173 333 184 170
is_linear=0
shrinkage=0.05


Tree=24
num_leaves=49
num_cat=0
split_feature=4 4 59 0 0 9 37 59 46 9 41 47 62 9 3 0 59 24 46 10 12 3 7 9 37 42 53 42 35 59 37 42 59 41 3 35 7 45 19 51 1 51 51 45 3 51 45 42
split_gain=72.8723 42.7778 29.7522 28.4856 20.2626 16.8031 16.5005 15.2605 14.2483 11.7321 12.916 13.8877 20.3631 13.4645 11.5345 9.90991 16.0918 10.6989 8.8961 10.3077 8.84258 8.51982 8.23079 7.54591 7.47071 12.7983 11.9347 14.1398 7.38965 7.34592 7.20289 7.08409 7.79022 6.59205 5.86096 5.40956 6.10615 5.0022 4.91285 4.21159 3.28445 3.28111 3.20696 3.19801 2.56515 0.572617 0.562642 0.327657
threshold=1.0000000180025095e-35 2.7500000000000004 0.28313308994381592 71.625000000000014 78.750000000000014 1.662548262548263 7.7500000000000009 0.36447543099728863 55.500000000000007 2.2857142857142869 -0.30217391304347824 2.5000000000000004 1.5000000000000002 1.0906282906282909 47.500000000000007 80.750000000000014 0.63089349388778826 0.62500000000000011 11.500000000000002 0.48185328185328191 0.18750000000000003 17.500000000000004 1.1538461538461544 1.662548262548263 6.2500000000000009 1.851648351648352 7.5000000000000009 1.5419580419580423 82.750000000000014 0.080547328232315238 6.2500000000000009 1.3205128205128207 -0.50557503990954278 -0.08514492753623186 27.500000000000004 79.250000000000014 0.69020979020979034 16.500000000000004 4.5000000000000009 2.5000000000000004 87.250000000000014 61.500000000000007 72.500000000000014 2.5000000000000004 67.500000000000014 11.500000000000002 18.500000000000004 1.9148550724637683
decision_type=2 2 2 2 2 2 2 2 2 2 2 2 2 2 2 2 2 2 2 2 2 2 2 2 2 2 2 2 2 2 2 2 2 2 2 2 2 2 2 2 2 2 2 2 2 2 2 2
left_child=5 2 4 39 -2 7 15 8 21 10 30 12 13 28 23 16 -5 35 47 -20 -9 -1 -14 -8 -15 26 27 -26 -12 33 34 -30 41 38 -6 36 -18 43 -3 -4 -11 -33 -36 -17 46 -31 -23 -7
right_child=1 29 3 6 9 18 14 20 -10 40 11 -13 22 24 -16 37 17 -19 19 -21 -22 44 -24 -25 25 -27 -28 -29 31 45 -32 32 -34 -35 42 -37 -38 -39 -40 -41 -42 -43 -44 -45 -46 -47 -48 -49
leaf_value=0.0018452226815045478 -0.037114611014025627 0.023801606055763105 -0.038937526879293735 -0.0049931439450922868 -0.0020107809292598325 -0.057521275543352346 0.0066446299858542671 0.035267322141736376 0.014533105607015298 -0.031823378240327736 0.017915059976024817 0.035351117479576089 -0.012365691414755599 -0.0034264077002599987 0.027697956042205651 0.032935112371937768 0.052800816890326008 0.002577839681667091 -0.039523026427696208 0.0051562467928476232 -0.0012247214688032131 -0.021391644013582393 -0.05470541377774954 -0.033852688505556262 0.018630460162786504 0.052628055792502265 0.041612903129050298 -0.028327267385288908 -0.035391631983991777 0.044071028464929669 0.034955211728814266 0.019304770734571611 -0.027103238702884325 0.012935588874199627 0.034580035747052124 0.019586255924364859 0.025053178358293179 0.025317557755923405 0.051462854331980293 -0.0039294577344858141 -0.003735812650653399 -0.006840073866181429 0.010902177945935142 0.052893838571100985 -0.059102623370036182 0.060198525047784085 -0.039211109874421335 -0.038952225492768604
leaf_weight=14.337766379117964 26.280491337180138 31.503802374005318 16.599843211472034 42.111000537872314 40.48575459420681 19.28413151204586 24.500364899635315 26.95868031680584 22.872151330113411 20.816249616444111 23.588473528623581 30.786032527685165 31.221518218517303 38.585218235850334 29.48100782930851 39.761357232928276 55.964561447501183 30.046334505081177 24.87033960968256 25.358269266784191 40.704953268170357 14.042069204151632 17.933251067996025 20.242829516530037 43.667203038930893 25.366618998348713 25.131573006510735 24.009743258357048 24.58380314707756 30.230388849973679 57.677564889192581 25.092758357524872 24.074122548103333 35.539873600006104 28.059943988919258 39.720499157905579 35.227584093809128 48.383158951997757 39.781275019049644 17.272702887654305 20.479881718754768 21.485862776637077 30.843956872820854 65.508726879954338 15.590419515967367 32.882149711251259 13.536795087158678 16.800561502575874
leaf_count=60 116 88 85 135 123 151 77 82 95 94 77 86 116 135 86 109 142 94 147 112 150 83 85 90 147 73 77 94 108 84 154 84 92 105 76 114 105 133 105 78 73 81 94 166 102 84 80 108
internal_value=0 0.0163477 0.0125398 0.0219524 0.00497389 -0.0140588 0.0254266 -0.00377158 -0.0183963 0.00703416 0.00910777 0.00380887 0.000719257 0.00603244 0.00391596 0.0298789 0.0224321 0.0295938 -0.031458 -0.017306 0.0136164 -0.0315178 -0.0285953 -0.0120168 0.015613 0.0218061 0.0129106 0.00180137 -0.00663158 0.0395527 0.021002 -0.0128343 -0.00460108 0.0310228 0.0126372 0.0357278 0.0424699 0.0395119 0.0397366 -0.0217104 -0.0183116 0.00735435 0.0225705 0.0457361 -0.0423895 0.0532815 -0.0312041 -0.0501593
internal_weight=0 1214.93 1044.99 464.82 580.17 234.356 430.947 148.043 80.3792 553.89 512.593 355.526 324.74 275.585 74.2242 356.723 203.07 160.959 86.3133 50.2286 67.6636 57.5071 49.1548 44.7432 156.76 118.175 92.8085 67.6769 118.825 169.937 157.067 95.2365 70.6527 106.825 99.3897 130.913 91.1921 153.653 71.2851 33.8725 41.2961 46.5786 58.9039 105.27 43.1693 63.1125 27.5789 36.0847
internal_count=5035 3865 3399 1414 1985 1170 1251 652 420 1869 1702 1255 1169 968 253 998 590 455 518 259 232 325 201 167 526 391 318 241 442 466 447 365 257 298 293 361 247 408 193 163 167 165 170 275 265 168 163 259
is_linear=0
shrinkage=0.05


Tree=25
num_leaves=47
num_cat=0
split_feature=4 40 7 13 60 45 40 40 22 4 41 59 59 45 9 26 49 26 41 15 22 59 7 37 65 59 7 11 54 62 26 59 18 22 22 6 11 24 22 7 9 10 21 6 21 10
split_gain=70.4073 32.8252 21.4342 21.596 19.6977 22.9059 19.5253 16.9727 20.4047 15.401 14.2751 12.4764 12.2896 12.0186 10.9165 10.7686 11.1601 10.7633 13.0236 10.5879 9.52576 9.07003 8.93933 8.26052 9.90444 8.48993 8.02404 10.3779 7.98828 7.27738 7.14634 6.5934 5.85154 6.18359 5.60887 5.5134 5.14563 7.84783 5.11462 5.09296 4.41254 4.09311 3.65445 3.22102 2.2743 0.909754
threshold=1.0000000180025095e-35 -1.7499999999999998 2.0769230769230775 0.062500000000000014 10.500000000000002 39.500000000000007 1.0000000180025095e-35 -2.2499999999999996 1.4331824921550875 5.2500000000000009 0.093073593073593086 -0.53495380374625956 0.11478523713130605 12.500000000000002 0.97915057915057946 0.0013797683735713359 6.5000000000000009 0.0018932475173986877 0.22474747474747478 12.500000000000002 1.605714028221924 0.28313308994381592 1.1538461538461544 5.7500000000000009 0.39197753542362973 -0.62587551141915865 0.7845886597478956 -1.6466290466290465 30.500000000000004 1.5000000000000002 0.0057959277819598703 -0.77243990499604276 11.500000000000002 1.5464450674424397 1.479671783691576 1.5428571428571434 -0.21195012253694476 0.87500000000000011 1.414366466857786 0.56643356643356668 1.5667953667953671 0.039768339768339746 0.4401131486960887 -1.712915523707384e-16 0.60952412990125227 -1.6787644787644784
decision_type=2 2 2 2 2 2 2 2 2 2 2 2 2 2 2 2 2 2 2 2 2 2 2 2 2 2 2 2 2 2 2 2 2 2 2 2 2 2 2 2 2 2 2 2 2 2
left_child=7 9 3 17 5 10 20 -1 12 15 13 -7 19 32 30 28 40 -3 31 -9 -4 -20 -14 24 -18 34 27 -15 -2 -27 -6 -19 33 43 -25 42 45 -38 -26 -12 -17 -21 -33 -5 -44 -10
right_child=1 2 6 4 14 11 -8 8 36 -11 39 -13 22 26 -16 16 23 18 21 41 -22 -23 -24 25 38 29 -28 -29 -30 -31 -32 35 -34 -35 -36 -37 37 -39 -40 -41 -42 -43 44 -45 -46 -47
leaf_value=0.015138844113788311 0.021485452525859282 -0.0021771988276267288 0.017536324265458998 0.0093550040728579628 0.017420484542102408 0.044739407548200841 -0.052434146919690207 0.0044307799118920004 -0.034615914660117382 0.058751189626303414 -0.047376377890433356 0.0014391092727914728 0.02409242086356302 -0.0073109531679280311 -0.0010806202080660286 0.05252976378541472 -0.011767830182462455 0.013335150000018219 -0.0078934587123650202 -0.021257720671676816 -0.019899711726569597 0.027188865409923997 -0.012139482188338111 0.026031799282553419 0.035385951491676206 0.03011223721943268 0.0035761551604882287 -0.05150632371259161 -0.016484503784042478 -0.0013881519039794254 0.05170885372558242 0.028877050515277815 -0.010874954157659246 -0.0081416661282861028 0.05453918852794698 0.02288200866288706 -0.00044321663232902266 -0.045421925734624738 0.0074103025355335712 -0.012293314109984223 0.027090086781113284 -0.059593699762302756 0.05939584184063823 0.031556228423682921 0.038118209310572172 -0.057410063778155773
leaf_weight=39.331405788660049 27.04175765812397 39.439470529556274 35.850980430841446 31.737763538956642 29.585381105542183 34.888982981443405 22.884864531457424 18.31375540047884 12.471113152801989 33.703759625554085 26.268400490283966 31.138285726308823 35.070050299167633 27.944221496582031 28.061600342392921 49.785209655761719 33.234140887856483 38.224148496985435 41.151610299944878 14.322244398295881 30.533163607120514 31.873903021216393 31.375101186335087 37.591190353035927 32.051177889108658 41.717334449291229 29.484439194202423 25.006832659244537 26.394825622439384 31.974436655640602 33.881486132740974 34.957455828785896 31.966444984078407 23.406698852777481 37.513922289013863 51.913567669689655 17.597330585122108 20.658054277300835 33.640192314982414 18.133633382618427 31.667006134986877 16.572484061121941 38.379874408245087 35.46148107945919 32.40922474861145 30.146408013999462
leaf_count=144 79 144 110 105 84 98 121 84 89 95 122 102 120 99 95 131 108 119 132 85 133 92 120 104 86 115 107 112 88 99 85 101 111 97 95 159 99 127 102 88 89 107 96 107 89 211
internal_value=0 0.015241 0.00932426 0.0122085 0.00462641 -0.00131992 -0.0136664 -0.0145539 -0.0205429 0.0266262 -0.00826474 0.0246452 -0.00695523 -0.0026333 0.0249122 0.0236506 0.0270212 0.0221682 0.0257336 -0.0256401 0.000277957 0.00757958 0.00705756 0.0215865 0.0102414 0.0290103 -0.0172841 -0.0287506 0.00277203 0.0166088 0.0362433 0.0324286 0.00728018 0.0137342 0.0408004 0.0369445 -0.039652 -0.0252702 0.0213857 -0.0336349 0.0430878 -0.0430455 0.043569 0.0213617 0.050321 -0.0516864
internal_weight=0 1220.9 804.584 715.315 406.966 315.437 89.269 235.858 196.527 416.315 249.41 66.0273 115.654 205.008 91.5285 382.611 329.175 308.349 268.91 49.2085 66.3841 73.0255 66.4452 247.722 98.9255 148.797 82.4355 52.9511 53.4366 73.6918 63.4669 195.884 122.572 90.6059 75.1051 157.66 80.8729 38.2554 65.6914 44.402 81.4522 30.8947 105.747 67.1992 70.7891 42.6175
internal_count=5085 3899 2708 2344 1412 1148 364 1186 1042 1191 948 200 516 738 264 1096 929 932 788 276 243 224 240 709 296 413 318 211 167 214 169 564 420 309 199 445 526 226 188 210 220 192 286 212 185 300
is_linear=0
shrinkage=0.05


Tree=26
num_leaves=51
num_cat=0
split_feature=4 25 40 4 9 21 58 26 51 20 36 22 8 26 46 50 26 41 7 8 42 58 38 15 8 46 36 36 59 41 26 5 58 10 46 26 65 59 58 42 28 9 62 59 36 46 51 45 10 58
split_gain=49.534 30.5056 26.3358 21.4342 16.2471 17.6985 15.2235 15.0057 13.1102 11.7908 10.7201 10.6631 10.6553 10.929 9.45162 14.1797 17.462 9.38372 11.292 9.00998 10.4671 7.65984 7.45572 7.98424 7.18488 9.43239 7.09817 7.03832 6.76589 10.9828 6.24696 6.20468 6.19741 6.36746 12.1305 6.14983 6.14303 8.30072 7.32058 7.01198 6.49959 5.47864 5.14139 4.72945 4.43016 3.44117 3.31215 2.81919 2.57753 1.01725
threshold=0.62500000000000011 0.41428571428571431 0.75000000000000011 3.2500000000000004 1.8972972972972977 0.49494897427831791 0.62587949062545845 0.0032838517492534943 30.500000000000004 1.6370967741935518 81.750000000000014 2.0874033007208967 0.59739130434782617 0.016571604032156708 64.500000000000014 1.0000000180025095e-35 0.0066660734144168747 -0.25543478260869562 0.39860139860139882 0.62347826086956537 1.7362318840579711 0.96234642434711437 1.5000000000000002 17.500000000000004 1.389130434782609 28.500000000000004 76.750000000000014 75.250000000000014 -0.44505783185115427 -0.18898809523809521 0.0038011629490568234 -1.0000000180025095e-35 -0.94139628442229062 1.8401544401544403 8.5000000000000018 0.016178913408179698 -0.37717181534043548 0.76556758748011056 -0.108376950152639 1.6496163682864451 12.500000000000002 1.0138996138996144 1.5000000000000002 0.79773375822167203 73.750000000000014 60.500000000000007 7.5000000000000009 10.500000000000002 -0.73976833976833978 0.15951094710994371
decision_type=2 2 2 2 2 2 2 2 2 2 2 2 2 2 2 2 2 2 2 2 2 2 2 2 2 2 2 2 2 2 2 2 2 2 2 2 2 2 2 2 2 2 2 2 2 2 2 2 2 2
left_child=1 7 3 8 10 47 30 42 17 -4 21 14 -9 22 15 19 28 46 26 48 -21 32 23 -14 25 -12 43 -11 29 -17 -7 -20 -3 36 -35 -5 37 40 -38 -40 -34 -16 44 -19 -1 -37 -2 -6 -10 -44
right_child=2 4 9 35 5 6 -8 12 11 27 24 -13 13 -15 41 16 -18 18 31 20 -22 -23 -24 -25 -26 -27 -28 -29 -30 -31 -32 -33 33 34 -36 45 38 -39 39 -41 -42 -43 49 -45 -46 -47 -48 -49 -50 -51
leaf_value=-0.041774261894536757 0.050281295616911109 -0.0017236077029078936 0.018789596443300395 0.058759414807143168 -0.052998950438960205 0.0054527641574263425 -0.02595940491184269 0.022548714267808974 -0.00425407134717637 -0.04273905417018975 0.005872908519145164 -0.018898297607635721 0.023080821569712806 -0.044187727025005022 0.045327884891714909 0.03939765221433314 -0.029421629026555887 0.0078276713031124653 0.020677790491933027 0.0097264164744579121 0.050576441583007718 -0.0087797929792348007 -0.029029325672522133 -0.016822654876436076 0.017457969747074718 -0.039504247859569415 0.048755325530788013 -0.0065290459498898602 -0.011287096117368247 -0.0039357550059916334 0.041966468537114894 -0.0080667261372713 0.011894681258768077 0.03348967995969826 -0.010265593707671914 0.019717512322870275 0.051354175417470296 -0.009698234280129555 0.0040438741585311928 0.040684910165802717 0.047093323061127984 0.015935911182320059 -0.06098639180164217 0.03378730403000791 -0.010358270985993241 0.043785982107066836 0.028165933156553968 -0.02215151369436516 0.017746463311163269 -0.035165460838029981
leaf_weight=17.936920337378979 45.020699441432953 31.398261860013008 28.334995530545712 39.727939426898956 17.392926469445229 28.529534928500652 26.167751304805279 26.143809095025063 27.563190788030624 20.650551050901413 22.23381831496954 25.338926270604134 29.621074788272381 20.641887061297894 32.692816808819771 31.446939006447792 39.166253417730331 35.719352275133133 33.620118871331215 26.969266191124916 38.469942048192024 26.630311593413353 19.265342116355896 20.307720519602299 21.490992397069931 22.133153036236763 35.508578211069107 36.483527414500713 23.881392866373062 26.313481941819191 19.300201237201691 40.165690913796425 33.40595456212759 26.302184998989105 36.926030404865742 31.355673402547836 40.869570605456829 21.741779066622257 26.409510672092438 25.309185206890106 21.668576568365097 33.111707180738449 14.849180802702906 35.042431265115738 29.863705717027187 33.333326369524002 35.409061655402184 16.488879583775997 24.207594960927963 13.249091625213621
leaf_count=93 118 117 90 105 114 118 128 92 89 94 90 92 111 103 84 83 140 108 104 84 100 107 101 107 80 98 95 140 80 98 67 135 125 80 128 94 110 77 94 73 60 95 88 96 135 94 97 72 72 83
internal_value=0 0.000322951 0.0189607 0.0221826 0.0072517 -0.00968526 0.00410263 -0.0163971 0.0184271 -0.00715704 0.0123894 0.011738 -0.00499428 -0.0131698 0.0143467 0.0096326 -0.00239525 0.0268024 0.0202644 0.0219451 0.0341408 0.0165062 -0.00341883 0.0068391 -0.0057549 -0.017136 0.0306253 -0.0201268 0.0107693 0.0199256 0.0207444 0.00513193 0.01908 0.0218832 0.00817411 0.0430144 0.026922 0.0161435 0.0355964 0.0224062 0.0263361 0.0309983 -0.0335301 0.020975 -0.0227614 0.0325974 0.0410105 -0.0390522 0.00617455 -0.0504381
internal_weight=0 656.277 779.533 694.064 464.399 107.879 73.9975 191.879 589.647 85.4691 356.519 329.162 115.98 89.836 303.823 238.018 120.808 260.486 180.056 117.21 65.4392 290.661 69.1941 49.9288 65.858 44.367 106.27 57.1341 81.6418 57.7604 47.8297 73.7858 264.031 232.633 63.2282 104.417 169.405 76.8163 92.5883 51.7187 55.0745 65.8045 75.8989 70.7618 47.8006 64.689 80.4298 33.8818 51.7708 28.0983
internal_count=5038 2651 2387 2063 1738 499 313 913 1770 324 1239 1017 514 422 925 746 401 753 538 345 184 971 319 218 268 188 299 234 261 181 185 239 864 747 208 293 539 262 277 167 185 179 399 204 228 188 215 186 161 171
is_linear=0
shrinkage=0.05


Tree=27
num_leaves=47
num_cat=0
split_feature=4 4 41 29 49 9 59 55 41 57 26 1 19 42 42 42 10 10 58 7 40 9 18 46 51 8 26 9 58 59 12 41 41 49 41 52 41 7 26 60 46 0 19 9 41 62
split_gain=53.022 35.3615 22.1327 22.1651 16.8011 16.5963 13.9458 13.2782 12.8983 13.1227 11.5595 11.001 10.5736 9.80572 12.5138 9.49623 9.47894 9.14847 8.45255 8.11626 7.93259 11.4066 7.88712 7.60983 7.46563 6.793 6.73843 6.72242 6.4045 6.36446 5.82015 5.67909 5.53194 5.37132 5.73687 5.10011 11.2988 8.5531 9.06746 7.55582 7.2353 4.96884 3.86648 6.43357 3.32294 1.24569
threshold=1.0000000180025095e-35 3.2500000000000004 -0.15268065268065265 0.95833333333333337 8.5000000000000018 1.662548262548263 0.1318557721318592 7.5000000000000009 -0.080128205128205107 71.312500000000014 0.013220197791091107 79.500000000000014 1.7500000000000002 1.2565789473684212 1.5266106442577032 1.720779220779221 0.29266409266409227 1.3227799227799228 0.48314048284850658 1.363636363636364 -3.7499999999999996 1.9220077220077225 7.5000000000000009 7.5000000000000009 57.500000000000007 1.7994190268700072 0.0089103387293887615 1.7119691119691123 -0.14250824554987665 -0.10837475778693638 0.062500000000000014 0.07417582417582419 -0.051315789473684204 34.500000000000007 -0.12771739130434781 4.5000000000000009 -0.30217391304347824 1.0041977657685934 0.0039140291514236517 8.5000000000000018 51.500000000000007 79.125000000000014 1.7500000000000002 1.4679536679536682 -0.28174603174603169 1.5000000000000002
decision_type=2 2 2 2 2 2 2 2 2 2 2 2 2 2 2 2 2 2 2 2 2 2 2 2 2 2 2 2 2 2 2 2 2 2 2 2 2 2 2 2 2 2 2 2 2 2
left_child=8 2 4 11 18 6 13 12 9 17 27 -4 28 -5 24 -16 32 19 23 -1 -6 25 -23 -2 -15 35 -14 29 -8 -10 -20 -31 -7 -3 -35 36 40 38 -37 -38 -22 -9 43 -11 -25 -34
right_child=1 33 3 5 20 16 7 41 10 42 -12 -13 26 14 15 -17 -18 -19 30 -21 21 22 -24 44 -26 -27 -28 -29 -30 31 -32 -33 45 34 -36 37 39 -39 -40 -41 -42 -43 -44 -45 -46 -47
leaf_value=0.02074399187592036 0.023255828778425598 0.05584429687016066 0.0098827565485982045 -0.029630754874292498 0.03192237655744385 -0.012444897702615927 0.019949655486010215 -0.022278183359804863 -0.044131602290280507 0.012553425408157418 0.0117682513814979 0.044684310270082239 0.046163048391508255 0.033877738303934167 -0.030667643692222853 0.0049762222889318556 0.012703101618268138 0.032534681919687967 0.030995729498453431 -0.022194206638304279 0.031490282068772836 -0.028759923107788826 0.0093364407411352223 0.059952087715530192 -0.0031074872766882929 0.036637092345092291 0.017060218420968231 -0.051968947878978801 -0.013970739001017347 0.0075919872881404539 0.0025259354365102949 -0.028715282044147424 -0.030187368327170862 0.043183662622567134 0.015219716440156598 0.026432975132460779 -0.030445650423011318 0.038126460554465717 -0.0099472933285956605 0.0054584250012391644 0.0012514027917220625 0.0081708696472666455 -0.033927154621687272 -0.029409737255281083 0.035339676144857723 -0.053823867907832404
leaf_weight=19.713306099176407 47.11238856613636 40.857035666704178 46.932813033461571 33.736066691577435 47.284114956855774 27.298863381147385 29.750217065215111 26.604134351015091 19.60140322893858 18.570859178900719 18.651991903781891 44.368000239133835 44.702008634805679 31.208188116550446 36.824522852897644 36.455856740474701 16.058171957731247 33.521792605519295 36.684532761573792 22.492894366383553 40.752735033631325 27.963171735405922 24.880474850535393 40.156997978687286 23.402624383568764 29.343549773097038 38.424826592206955 26.238882027566433 24.480421259999275 21.937205739319324 34.651203766465187 19.558800563216209 16.640265360474586 48.569848418235779 31.619752913713455 33.731159463524818 27.215664833784103 38.363117307424545 33.004703119397163 29.953397959470749 37.756034567952156 25.26494175195694 22.2015350908041 16.230969615280628 30.317910701036453 16.662612788379192
leaf_count=77 138 115 142 148 128 118 88 94 137 81 98 121 116 107 154 130 75 100 104 106 112 105 80 103 91 79 114 238 82 84 107 96 91 138 92 95 99 103 108 93 115 78 108 84 85 110
internal_value=0 0.0152291 0.0123272 0.00487517 0.0192204 7.75681e-05 0.00469487 0.0138753 -0.0105394 -0.000125722 -0.0234576 0.0270956 0.0219707 -0.00607245 0.000323602 -0.0131071 -0.020843 0.0134426 0.0313349 -0.00212306 0.0129711 0.0101065 -0.0109827 0.0395751 0.0182574 0.0142575 0.0330732 -0.0310287 0.00466183 -0.0213437 0.0173927 -0.00979416 -0.029794 0.0407594 0.0324804 0.0113898 0.00492558 0.0196097 0.00855962 -0.0118635 0.0171466 -0.00757272 -0.018072 -0.00729228 0.0500065 -0.0432379
internal_weight=0 1199.03 1077.99 518.815 559.171 427.514 350.854 189.227 238.72 132.731 105.988 91.3008 137.357 161.627 127.891 73.2804 76.6599 75.728 188.923 42.2062 370.248 322.964 52.8436 117.587 54.6108 270.12 83.1268 87.3363 54.2306 61.0974 71.3357 41.496 60.6017 121.047 80.1896 240.777 135.678 105.099 66.7359 57.1691 78.5088 51.8691 57.0034 34.8018 70.4749 33.3029
internal_count=5067 3858 3513 1859 1654 1596 1202 572 1209 556 653 263 400 630 482 284 394 283 537 183 1117 989 185 326 198 804 230 555 170 317 211 180 319 345 230 725 419 306 203 192 227 172 273 165 188 201
is_linear=0
shrinkage=0.05


Tree=28
num_leaves=45
num_cat=0
split_feature=8 40 4 59 40 8 12 41 62 65 9 50 12 26 45 40 25 11 65 5 52 9 54 25 9 50 37 59 45 3 22 8 12 8 8 41 9 36 25 54 22 11 3 45
split_gain=52.79 40.9887 28.539 30.0384 23.9956 18.2385 17.6137 17.3337 21.5866 13.1509 12.3863 12.0092 11.2675 10.3009 10.1135 12.0295 9.30246 8.79051 10.2592 8.71127 8.52794 7.90053 7.11221 7.0925 7.04348 8.78991 6.81501 6.39881 5.90533 5.81921 10.6349 5.76319 5.717 5.701 7.94433 5.51026 5.2632 6.43075 5.03503 4.94627 4.61006 3.75497 3.46389 1.30248
threshold=1.4360869565217393 1.0000000180025095e-35 3.2500000000000004 0.097680735332368748 -3.7499999999999996 2.6400000000000001 0.062500000000000014 -0.14550264550264547 2.5000000000000004 1.0468179961504429 1.5482625482625487 1.5000000000000002 0.22916666666666671 0.010798735094808441 46.500000000000007 -2.2499999999999996 0.52272727272727282 -0.49686529686529707 -1.5308958414865332 1.0000000180025095e-35 2.5000000000000004 1.12972972972973 52.500000000000007 0.68333333333333346 1.0247104247104251 1.5000000000000002 6.7500000000000009 -0.15950993297387572 25.500000000000004 57.500000000000007 1.2502447870406355 0.78521739130434787 0.062500000000000014 0.44608695652173924 -0.1226086956521739 -0.12771739130434781 1.2795366795366798 80.250000000000014 0.68333333333333346 14.500000000000002 1.4607782243842964 -0.33443853443853472 37.500000000000007 6.5000000000000009
decision_type=2 2 2 2 2 2 2 2 2 2 2 2 2 2 2 2 2 2 2 2 2 2 2 2 2 2 2 2 2 2 2 2 2 2 2 2 2 2 2 2 2 2 2 2
left_child=2 4 3 6 -2 10 16 26 19 12 23 -11 24 -7 15 -12 42 18 -17 21 -19 33 -14 28 25 -8 32 35 -6 30 -26 -21 -5 34 -9 -4 37 -18 -32 -34 -3 -35 -1 -42
right_child=1 40 27 7 5 13 9 8 -10 11 14 -13 22 -15 -16 17 36 20 -20 31 -22 -23 -24 -25 29 -27 -28 -29 -30 -31 38 -33 39 41 -36 -37 -38 -39 -40 -41 43 -43 -44 -45
leaf_value=-0.015379423710616753 0.033746884138277047 -0.019602086983408186 0.040598019613223291 0.048715117611508152 0.02332571867988939 -0.054542787228088752 -0.038868979812942746 0.039052851288312179 -0.023646234795105425 0.032019180840111093 0.018059303416947451 -0.0088760579164095937 -0.009417250504345066 -0.0048234014789167584 -0.037469993107209658 -0.00025791812041565585 0.02902717315279409 0.026457300336428225 -0.044033124294283403 -0.010012286348896594 -0.015840434135922673 0.0048953013641190365 -0.051573882153247097 0.038070642195898209 0.022884808224333943 -0.0014740067340043765 0.015016534135626309 0.052401496210052523 -0.011094541378525785 0.024803249011074724 -0.035447045324910838 0.020797813115152424 0.041576455093064374 0.053006944466245626 0.0047439510339890127 0.011889293888733585 0.040180140163142551 0.0020444366835283118 -0.00065442251450023917 0.017837079504525188 -0.0578594781072456 0.026894555058511311 0.010095750261475399 -0.031645214813029066
leaf_weight=26.144442364573479 45.331032231450081 16.187554366886616 37.201539769768715 61.670476287603378 23.25894533842802 25.272176496684551 28.110190242528915 28.15372896194458 35.531349122524261 36.508372686803341 48.222130045294762 33.771983712911606 17.070648960769176 17.610494092106819 22.618421152234077 23.137649290263653 44.648597627878189 21.347587890923023 30.790305346250534 39.263198643922806 24.56972249597311 44.052100911736488 25.136355571448803 25.567128613591194 22.038687668740749 34.327549979090691 49.787673249840736 47.577980980277061 24.737407609820366 22.101426735520363 21.592530645430088 23.368852883577347 39.956581816077232 30.849329620599747 40.820654883980751 31.754326522350311 30.528402358293533 43.086699619889259 19.336585693061352 53.328868672251701 33.685577258467674 31.662969470024109 25.293891623616219 10.533675514161585
leaf_count=89 127 81 107 166 78 127 124 74 132 114 148 121 93 71 95 103 126 85 149 130 112 150 156 71 78 136 146 136 89 77 98 74 107 82 128 93 83 132 71 154 283 94 78 73
internal_value=0 -0.0065812 0.0149601 0.0119435 0.000349812 -0.00502158 0.00233745 0.0205479 0.0122461 -0.00583636 0.000309256 0.0125189 -0.0126661 -0.0346999 -0.0070821 -0.00221989 0.0148211 -0.0120961 -0.0255981 0.0176772 0.00396914 0.0233613 -0.0351362 0.017324 -0.00604333 -0.018657 0.0315322 0.0381668 0.00572109 0.00332383 -0.00448524 0.00162956 0.0367084 0.0294643 0.019106 0.0277365 0.022488 0.0159484 -0.0194172 0.0283384 -0.0441122 0.0404125 -0.00289882 -0.0524528
internal_weight=0 392.87 1024.68 908.142 332.463 287.132 429.696 478.446 273.702 259.994 244.249 70.2804 189.714 42.8827 170.686 148.067 169.702 99.8453 53.928 238.171 45.9173 175.539 42.207 73.5635 147.507 62.4377 204.744 116.534 47.9964 85.0692 62.9678 62.6321 154.956 131.487 68.9744 68.9559 118.264 87.7353 40.9291 93.2855 60.4068 62.5123 51.4383 44.2193
internal_count=5041 1692 3349 3013 1255 1128 1576 1437 864 1068 930 235 833 198 692 597 508 449 252 732 197 528 249 238 584 260 573 336 167 324 247 204 427 378 202 200 341 258 169 261 437 176 167 356
is_linear=0
shrinkage=0.05


Tree=29
num_leaves=48
num_cat=0
split_feature=4 4 44 8 40 1 60 26 40 11 12 47 10 27 26 26 10 8 52 11 46 50 58 42 40 10 52 26 12 37 7 6 11 65 45 54 19 42 8 24 53 25 21 11 26 12 65
split_gain=52.8107 30.4277 25.3149 16.4663 22.6794 14.9208 14.2191 12.7554 11.2237 12.3169 9.67327 15.7584 19.973 11.2695 13.6614 13.0041 13.2458 11.4477 9.56414 9.41544 8.63395 8.58731 9.68628 8.81713 8.55528 13.8125 7.99786 7.43418 7.28306 6.95136 6.72291 6.67053 6.53159 6.01523 5.40433 5.24911 5.07739 5.02711 4.93267 4.08338 3.89995 3.11443 7.04729 2.98808 2.53285 1.36396 0.629323
threshold=1.0000000180025095e-35 2.1250000000000004 5.0000000000000009 1.1378656126482216 -1.7499999999999998 79.500000000000014 2.5000000000000004 0.0021091215176728428 -1.0000000180025095e-35 -0.77449577449577467 0.062500000000000014 1.0000000180025095e-35 -0.22471042471042477 0.97007514761137958 0.016852390834716045 0.003745193878674074 1.2880308880308877 1.2965217391304351 1.0000000180025095e-35 0.048940248940248961 42.500000000000007 1.5000000000000002 -0.97113884758256674 1.8221343873517788 -1.7499999999999998 0.60154440154440125 2.5000000000000004 0.013220197791091107 0.14583333333333334 6.2500000000000009 1.2377622377622381 0.34285714285714264 -0.45684045684045699 0.39197753542362973 11.500000000000002 69.500000000000014 1.7500000000000002 1.8619047619047622 0.28709677419354845 0.37500000000000006 4.5000000000000009 0.52272727272727282 0.52243118397129218 0.13981153981153979 0.0030742635271479445 0.10416666666666667 -1.1463211661045005
decision_type=2 2 2 2 2 2 2 2 2 2 2 2 2 2 2 2 2 2 2 2 2 2 2 2 2 2 2 2 2 2 2 2 2 2 2 2 2 2 2 2 2 2 2 2 2 2 2
left_child=8 2 5 6 39 -2 18 -6 9 44 13 21 35 -7 15 31 17 -17 -4 29 28 22 -12 34 38 33 -9 30 -21 -11 32 -15 -10 -26 -23 -13 37 -8 -3 -5 -20 -24 -43 45 -1 -38 -32
right_child=1 24 3 4 7 10 36 26 27 19 11 12 -14 14 -16 16 -18 -19 40 20 -22 23 41 -25 25 -27 -28 -29 -30 -31 46 -33 -34 -35 -36 -37 43 -39 -40 -41 -42 42 -44 -45 -46 -47 -48
leaf_value=-0.045042738394541523 -0.027541616536638565 0.053222447672416212 0.032404633626223631 0.040551042250698686 -0.039098054855864164 0.031871528901213531 0.013801096558356894 0.019876025592646094 -0.042622538728097265 0.041711386325482429 0.0072440381793836888 0.012060681292254752 -0.01966014659749345 0.015236066659345324 -0.025067733842546909 -0.011287978919636239 0.050031771392042818 0.032934699533843551 0.013153900113087456 0.023948896630037492 -0.031473246163269838 0.0055370806156469247 -0.046616112970980339 0.021671637697129407 0.022750830838994509 -0.0017375104041231799 -0.01672100137150007 0.0025852543736775602 -0.015497363313560806 0.0013442366773299878 -0.037462952478647858 -0.017439809484353624 -0.00095210475369525774 0.051116374717573201 -0.024359444029377994 0.041016239571668188 0.056258342806298746 0.039445905284325268 0.026679900807297787 0.015665772074619482 -0.011452308974072315 -0.0016111596167856749 -0.038668980412351506 0.027142072870481933 -0.015390600230615288 0.03861153746286658 -0.059302795979667193
leaf_weight=15.820174574851992 37.347233504056931 50.017667666077614 31.026220485568047 29.210192918777466 27.457804277539253 54.866983562707901 49.563802182674408 29.137991689145565 15.533548653125761 21.069163240492344 23.278128683567047 27.130183354020119 28.552321463823318 24.35215650498867 28.523348987102509 30.134915947914124 31.339379414916039 26.782821834087372 26.927834257483482 23.613653935492039 23.589222893118858 27.792363308370113 19.484864421188831 32.116706043481827 53.396944522857666 40.760693714022636 28.591107964515686 17.014274224638939 21.369712576270103 20.771238498389721 14.911402285099028 39.838161438703537 21.915750421583652 30.823787495493889 31.361526645720005 40.015770077705383 32.958519652485847 32.065463319420815 32.246966525912285 41.14232762157917 37.042516052722931 23.02576370537281 28.230352640151978 31.046130031347275 15.338053144514559 37.747713804244995 17.321916207671165
leaf_count=92 148 149 85 77 143 153 145 109 108 75 85 83 101 74 106 100 82 78 79 78 107 116 91 107 153 128 122 92 97 96 129 144 102 80 133 111 85 87 97 121 119 88 120 88 79 101 133
internal_value=0 0.0133241 0.00965138 0.0186813 0.00560135 0.00256007 0.0259432 -0.0117003 -0.0128799 -0.00414097 0.00478428 -0.00148475 0.0148977 0.0122282 0.00613032 0.0120929 0.0244414 0.0097305 0.0100991 0.00375806 -0.00763382 -0.00998048 -0.0205019 0.000962496 0.0307043 0.0221599 0.00177477 -0.0269403 0.00528013 0.0221707 -0.034084 -0.00499986 -0.0188955 0.0336103 -0.0104546 0.0296655 0.0340516 0.0242303 0.0432634 0.0264216 -0.00105148 -0.0296057 -0.0223709 0.0416181 -0.0313786 0.0475072 -0.0506308
internal_weight=0 1195.34 988.091 433.918 155.539 554.173 278.378 85.1869 228.268 141.571 516.826 280.988 95.6983 235.838 180.971 152.447 88.2571 56.9177 94.9966 110.413 68.5726 185.29 94.0191 91.2706 207.246 124.981 57.7291 86.6969 44.9834 41.8404 69.6826 64.1903 37.4493 84.2207 59.1539 67.146 183.382 81.6293 82.2646 70.3525 63.9704 70.741 51.2561 101.752 31.1582 70.7062 32.2333
internal_count=5076 3888 3281 1361 572 1920 789 374 1188 624 1772 1035 295 737 584 478 260 178 283 453 282 740 384 356 607 361 231 564 175 171 472 218 210 233 249 194 506 232 246 198 198 299 208 274 171 186 262
is_linear=0
shrinkage=0.05


Tree=30
num_leaves=45
num_cat=0
split_feature=4 4 43 1 29 1 62 41 15 5 53 55 41 6 42 42 8 26 42 20 18 57 22 46 59 18 11 26 18 42 59 7 55 10 8 22 22 12 7 59 58 41 57 50
split_gain=49.6362 23.8019 21.6563 23.6869 18.4847 17.9064 14.4717 14.0831 13.5405 12.2122 11.287 10.6278 10.207 11.1226 11.7642 12.4131 9.37611 9.32093 7.763 7.50468 7.38787 7.98729 8.51098 7.19365 7.85403 7.11679 10.6206 7.06804 7.01923 6.95526 6.9028 6.13349 6.07891 5.73354 5.72688 5.53798 5.16522 5.69938 5.0524 4.78233 4.73692 4.33736 4.20852 3.54998
threshold=1.0000000180025095e-35 3.7500000000000004 5.0000000000000009 79.500000000000014 0.90277777777777779 70.250000000000014 2.5000000000000004 -0.08514492753623186 7.5000000000000009 1.0000000180025095e-35 4.5000000000000009 6.5000000000000009 -0.19523809523809521 -1.6285714285714279 1.7947368421052634 1.5419580419580423 1.4360869565217393 0.024207261798604152 1.8221343873517788 2.7500000000000004 12.500000000000002 56.416675000000005 1.1382415120210494 66.500000000000014 -0.15101602693478741 6.5000000000000009 -0.1125469125469125 0.0041486947770393258 7.5000000000000009 1.2899159663865549 0.33222858587828868 0.62937062937062982 5.5000000000000009 -0.93359073359073386 1.1973913043478266 0.97558922682193983 1.3809491840114985 0.22916666666666671 1.2377622377622381 -0.013976481981245173 -0.082689790342551819 0.069047619047619066 68.312500000000014 1.5000000000000002
decision_type=2 2 2 2 2 2 2 2 2 2 2 2 2 2 2 2 2 2 2 2 2 2 2 2 2 2 2 2 2 2 2 2 2 2 2 2 2 2 2 2 2 2 2 2
left_child=7 2 3 -2 -5 -4 8 16 20 31 -8 32 17 19 15 28 30 25 -18 -14 21 -7 42 24 -3 26 -6 -16 -15 -30 -1 35 -9 34 -27 -10 37 -13 -24 -20 -35 -34 -23 -17
right_child=1 23 5 4 12 6 10 11 9 -11 -12 36 13 14 27 43 18 -19 39 -21 -22 22 38 -25 -26 33 -28 -29 29 -31 -32 -33 41 40 -36 -37 -38 -39 -40 -41 -42 -43 -44 -45
leaf_value=-0.0022957141043727174 -0.037723845036090692 0.012020944680201004 -0.015716563853966355 0.038127435312369042 -0.019875389522710288 0.052008826466154227 0.020317090393880185 -0.0335268824276466 0.014215149801220465 -0.015936753444558058 -0.01900110257361939 -0.0036658450233259116 0.029319700092865608 0.011634289189788895 0.029283242576122581 -0.051402008859537524 -0.038795768435204145 -0.015081620904943735 0.01615310697406757 -0.0052768633554998038 0.056098143086232025 0.026452114893204471 0.021846967350213277 0.054977390495642653 0.046029617443707982 0.022479416270223197 0.02346982932244638 -0.0065056810827120509 -0.037838152713359142 -0.0029801534044711785 0.030365756527137078 0.0028203276183552633 0.020487548158158637 0.017166617606935882 -0.0022787189290164296 0.040272681870412164 -0.056066973974584336 -0.045844166003883059 -0.0049336489934127909 -0.018969578400022457 0.040515667880339917 -0.013372140425619811 0.051395862253200676 -0.021824501099391526
leaf_weight=34.427193120121956 29.871861577033997 41.6504737585783 33.24082213640213 43.698009669780731 31.418833032250404 32.977494172751904 36.745197579264641 15.186410441994665 40.538084805011749 26.964498281478882 34.349012471735477 16.360366784036163 38.090111538767815 35.899892665445805 26.508741684257984 22.3374894708395 20.231740288436413 28.718129590153694 19.093120910227299 25.72444099187851 32.093246713280678 50.991172060370445 48.64792737364769 34.22067491710186 28.880828693509102 46.972650200128555 24.054974064230919 27.07896713912487 21.868127658963203 38.750163987278938 29.300127819180489 33.911713398993015 17.56219294667244 49.140485554933548 45.194435223937035 43.722328424453735 25.756339311599731 15.054817020893095 26.804239898920059 17.724412426352501 42.078789979219437 18.32222056388855 28.859556004405022 22.488905608654022
leaf_count=155 125 129 156 120 110 96 113 85 118 90 125 81 126 134 92 100 103 96 85 95 84 146 141 97 86 134 70 101 101 149 82 114 81 142 146 120 240 91 92 85 113 105 76 98
internal_value=0 0.0135114 0.0112614 0.00495202 0.00725059 0.0192896 0.0219846 -0.0118953 0.0259894 0.0139894 0.00132053 -0.024904 0.0046196 -0.00245898 -0.00838964 -0.0159238 -0.00012789 0.0114482 -0.0147173 0.0155072 0.0337936 0.0297154 0.0246791 0.0361643 0.0263955 0.0146875 -0.00099694 0.0114105 -0.00568556 -0.0159652 0.0129583 0.0208943 -0.00808064 0.0194116 0.010445 0.02805 -0.0395349 -0.0246693 0.0123931 -0.000809886 0.0282599 0.00330531 0.0359914 -0.0373633
internal_weight=0 1174.49 1069.74 599.895 570.023 469.845 436.604 229.019 365.51 145.137 71.0942 108.242 526.325 258.747 194.932 141.345 120.777 267.578 57.0493 63.8146 220.374 188.28 155.303 104.752 70.5313 238.86 55.4738 53.5877 96.5182 60.6183 63.7273 118.172 51.0708 183.386 92.1671 84.2604 57.1715 31.4152 75.4522 36.8175 91.2193 35.8844 79.8507 44.8264
internal_count=5028 3835 3523 2052 1927 1471 1315 1193 1077 442 238 683 1807 996 775 582 510 811 273 221 635 551 455 312 215 715 180 193 384 250 237 352 271 535 280 238 412 172 233 170 255 186 222 198
is_linear=0
shrinkage=0.05


Tree=31
num_leaves=50
num_cat=0
split_feature=4 40 22 59 37 0 18 46 4 11 26 3 26 22 59 54 2 11 39 10 11 41 18 25 40 13 52 45 21 1 22 41 42 22 58 42 54 41 3 45 58 42 22 0 21 18 0 22 53
split_gain=37.3673 32.5012 28.6452 18.0737 23.256 15.5212 14.8872 19.296 13.5075 12.455 12.0298 11.6418 9.42324 9.36497 9.17127 9.04071 8.6903 8.63043 11.0605 12.0403 10.287 9.2385 7.93364 8.80229 7.47866 7.86873 7.21569 7.1931 10.6984 6.9091 6.34993 8.41817 5.61035 7.63722 5.05066 5.04513 5.00625 4.63681 4.49574 6.12882 5.35083 4.42744 4.32939 4.01649 2.99634 1.74194 1.71068 1.59292 1.05339
threshold=3.2500000000000004 1.0000000180025095e-35 1.4018062483443783 0.097680735332368748 6.7500000000000009 84.750000000000014 7.5000000000000009 9.5000000000000018 1.2500000000000002 -0.42838782838782824 0.005175177875778419 12.500000000000002 0.0071380031488029946 1.5613726544671587 0.82293497932636273 67.500000000000014 52.500000000000007 -0.49686529686529707 1.0000000180025095e-35 1.2007722007722013 -1.7867159867159865 -0.17914438502673793 9.5000000000000018 0.47727272727272735 -2.2499999999999996 0.10416666666666667 2.5000000000000004 22.500000000000004 0.72330837703699991 89.500000000000014 0.79754813134226976 0.14642857142857144 1.5894736842105266 1.5806506735603114 0.10837544681456425 1.5419580419580423 49.500000000000007 -0.12771739130434781 67.500000000000014 14.500000000000002 0.10837544681456425 1.3717105263157896 0.95606509638714188 88.250000000000014 0.72330837703699991 9.5000000000000018 80.750000000000014 0.95606509638714188 3.5000000000000004
decision_type=2 2 2 2 2 2 2 2 2 2 2 2 2 2 2 2 2 2 2 2 2 2 2 2 2 2 2 2 2 2 2 2 2 2 2 2 2 2 2 2 2 2 2 2 2 2 2 2 2
left_child=1 3 5 8 13 9 10 48 11 15 14 27 32 38 -6 26 -4 20 43 22 -13 29 23 -20 -15 -26 -3 -1 -29 -22 -11 -32 -10 -34 -23 36 -18 46 39 42 47 -7 -5 -19 -14 -44 -2 -40 -8
right_child=37 2 16 4 6 41 7 -9 12 30 -12 17 44 24 -16 -17 35 18 19 -21 21 34 -24 -25 25 -27 -28 28 -30 -31 31 -33 33 -35 -36 -37 -38 -39 40 -41 -42 -43 45 -45 -46 -47 -48 -49 -50
leaf_value=0.030492895642869673 0.050942505790430664 -0.011537930069892642 -5.648099368837367e-07 0.025314814312414693 -0.048674478914171496 -0.012269817448710295 0.04266900889694264 -0.010018369944800201 0.045763273419062341 0.0065911678481598499 0.016993969107777201 0.01231832552965763 0.012531080426817612 0.027477410064339416 -0.0054620952525546475 0.034529105665882354 -0.013050355685139495 -0.0040438717693879658 0.0069018265802627717 -0.01989869990314121 -0.026463161667503628 -0.057928147829005031 -0.001140854356119943 0.04593994119802465 0.01673862694331912 -0.024455919426899758 0.020132391294625407 -0.018363007688474504 0.025089999080007187 0.0079818405811732593 0.0028299439277804806 -0.041894096038614825 0.0007277401356963058 0.036851799035147695 -0.020479020784115367 -0.061661701184964626 -0.053740882175137054 0.022849957825849948 0.038163735466918092 0.019679070813156646 0.0038900056409066903 -0.05070280375810287 0.040193585915835904 -0.034115947695572357 -0.010630153436112099 0.059158240841757685 0.031644173640814219 0.020201841465018088 0.026011595353464791
leaf_weight=39.161932475864887 43.556716799736023 32.886806711554527 13.591562911868094 30.495568543672562 25.391896314918995 15.918398499488832 26.151212073862553 42.361974000930786 28.008977219462395 32.981306202709675 19.810921996831894 24.991865001618862 26.926240831613541 34.844413280487061 23.491785727441311 42.189959116280079 19.684710651636124 22.151382178068161 25.99894955009222 26.005476586520672 29.461139261722565 21.164551429450512 34.147676572203636 32.671666458249092 23.098998039960861 21.357943490147591 37.45558550208807 28.460167244076729 26.296548962593079 27.195840746164322 18.427566640079021 23.158782325685024 30.364503875374794 27.311820447444916 17.938210383057594 24.457412049174309 12.260696813464167 45.305721879005432 29.800657585263252 44.589218288660049 30.257214948534966 14.747181162238119 41.726371482014656 21.895632728934288 26.936279118061066 32.376758351922035 25.679935455322266 28.482844516634941 27.009931281208992
leaf_count=126 141 114 104 89 115 85 74 144 79 116 64 89 81 101 91 121 126 88 105 112 120 115 125 101 78 97 114 101 78 95 71 114 94 75 84 176 88 129 82 131 92 86 117 98 88 84 76 85 86
internal_value=0 0.0064137 -0.00837019 0.0106791 0.0176433 0.000618759 0.00234814 0.0150501 0.00417612 0.00606792 -0.0152771 -0.000747848 0.0174082 0.0255337 -0.0284339 0.016511 -0.0359513 -0.00580291 0.00171487 0.00964537 -0.0158737 -0.0232827 0.0180468 0.0290464 0.0104794 -0.00315463 0.00537155 0.0144181 0.00258073 -0.0100776 -0.00970197 -0.0224751 0.0276138 0.0181703 -0.0416876 -0.0444635 -0.0298246 0.0361095 0.0304905 0.0358637 0.0211375 -0.0317699 0.0425113 -0.0194181 0.000965669 0.0491569 0.0443372 0.0298747 0.0348423
internal_weight=0 1286.1 287.76 998.337 481.248 217.766 164.218 95.5231 517.089 187.1 68.6946 377.541 139.548 317.03 48.8837 112.532 69.9944 283.622 162.871 118.824 120.752 95.7597 92.8183 58.6706 79.3014 44.4569 70.3424 93.9186 54.7567 56.657 74.5677 41.5863 85.6853 57.6763 39.1028 56.4028 31.9454 114.542 237.729 149.188 88.5407 30.6656 104.599 44.047 53.8625 74.1031 69.2367 58.2835 53.1611
internal_count=5045 4699 1315 3384 1530 821 574 304 1854 650 270 1437 417 956 206 349 494 1132 629 443 503 414 331 206 276 175 228 305 179 215 301 185 248 169 199 390 214 346 680 421 259 171 290 186 169 201 217 167 160
is_linear=0
shrinkage=0.05


Tree=32
num_leaves=48
num_cat=0
split_feature=4 4 0 59 41 59 41 26 26 18 46 33 18 26 35 11 24 37 25 2 25 54 7 12 3 57 26 57 10 52 25 12 9 37 42 18 39 9 59 35 41 46 7 10 54 26 25
split_gain=44.1388 23.2652 22.3048 20.3334 15.9064 15.7486 21.3961 13.1048 11.2122 18.5557 12.4443 10.0634 9.20389 9.12401 8.93685 8.80816 8.7572 10.9806 10.6487 8.67405 8.64853 9.46708 8.08187 10.0723 7.04883 9.55353 9.11046 6.66761 6.57477 10.0298 6.46554 6.25277 6.8285 6.0667 5.86166 6.9904 5.78313 6.90803 5.78015 5.46604 5.03855 4.95241 4.94713 6.47634 4.89437 2.90707 2.12074
threshold=1.0000000180025095e-35 3.2500000000000004 70.250000000000014 0.1318557721318592 -0.088932806324110658 -0.38243420677835349 -0.20416666666666664 0.0054521726897098837 0.024207261798604152 6.5000000000000009 58.500000000000007 1.5000000000000002 12.500000000000002 0.0027840687432916758 82.750000000000014 0.94810594810594795 0.87500000000000011 6.7500000000000009 0.44722222222222224 70.500000000000014 0.41428571428571431 96.500000000000014 1.6573426573426577 0.27083333333333343 87.500000000000014 66.312500000000014 0.0096993332602393918 61.437500000000007 0.69420849420849406 1.5000000000000002 0.44722222222222224 0.18750000000000003 1.1003861003861009 6.2500000000000009 1.3717105263157896 7.5000000000000009 1.0000000180025095e-35 1.12972972972973 -0.90161545992537195 88.250000000000014 -0.12771739130434781 28.500000000000004 -0.16783216783216767 -1.8355212355212354 33.500000000000007 0.0026907442941953926 0.52272727272727282
decision_type=2 2 2 2 2 2 2 2 2 2 2 2 2 2 2 2 2 2 2 2 2 2 2 2 2 2 2 2 2 2 2 2 2 2 2 2 2 2 2 2 2 2 2 2 2 2 2
left_child=4 2 -2 5 22 8 7 -7 10 -10 12 16 20 46 -3 31 17 24 -19 27 38 34 23 -1 26 -26 42 -20 29 -18 -24 -15 -33 -12 -22 -36 -8 -38 -4 -37 -16 -23 -5 -44 -39 -45 -6
right_child=1 14 3 11 13 6 36 -9 9 -11 33 -13 -14 15 40 -17 28 18 19 -21 21 41 30 -25 25 -27 -28 -29 -30 -31 -32 32 -34 -35 35 39 37 44 -40 -41 -42 -43 43 45 -46 -47 -48
leaf_value=0.029665764755818332 -0.035725248226990212 0.052379646867402686 0.010416414269147757 0.050674712987740067 -0.058152301517060259 -0.0097611921149532398 -0.042814169015884147 0.034750290905410021 0.021869618712468401 -0.036799614886806463 0.019815479814579665 0.046945832695871825 -0.017566855525826541 0.014071078794737152 0.034504510832247592 -0.046979710115846757 -0.02991494672123339 -0.015390554398918972 0.020623719927059945 0.037398575458650871 0.003106386300490897 0.012918124561551829 -0.032344643809076881 -0.010261207071852622 0.031343143246256387 -0.0055239103192229683 0.009161713972161251 -0.010685465046179819 0.021687635890836353 0.010215929318160875 0.0014153263369874446 2.474183972258849e-05 -0.043833647119348833 0.049411681606634075 0.0064467844570085253 0.047510510865901107 -0.033608288636536129 0.013486167025146248 -0.024307991451440625 0.02063393220173269 0.0071225678188336708 -0.018273687894513641 0.0085737791893153135 0.02543099051810891 -0.020139067862941895 0.047872299996530948 -0.026522985712402903
leaf_weight=37.217226982116699 24.532594315707684 42.530527725815773 22.570121765136719 48.943062037229538 19.73352383822203 30.506368026137352 26.030666217207909 34.231575518846512 23.327170148491859 29.388784021139145 48.032738476991653 29.334167569875717 29.21694515645504 22.505604282021523 38.72259846329689 16.265846021473408 25.05695740878582 33.39289616048336 35.94652433693409 33.117683261632919 28.976304784417152 25.180724181234837 23.002897173166275 26.240052163600922 33.733767718076706 35.051130995154381 36.30817899107933 30.640587665140629 31.326522305607796 37.819796092808247 34.468099236488342 20.342489287257195 14.741533018648623 28.507350757718086 27.5781269967556 44.749037578701973 28.649693086743355 22.615806177258492 23.568238496780396 36.706682130694389 30.224549233913422 23.781025439500809 26.088578417897224 30.673773556947708 18.987455271184444 37.081355169415474 10.857282079756258
leaf_count=138 139 131 78 130 173 100 117 94 69 116 139 81 111 122 120 97 90 122 120 92 108 93 113 126 92 110 115 102 95 125 139 94 121 75 94 127 114 87 98 118 90 84 81 90 78 100 81
internal_value=0 0.0127715 0.0105091 0.0116148 -0.0113176 0.00497487 -0.00815351 0.0139458 0.0103804 -0.0109143 0.0137154 0.0188634 0.00847543 -0.0255113 0.0344346 -0.0156285 0.0170348 0.020403 0.00872877 0.0168794 0.0118005 0.016568 0.0010503 0.0132526 0.0266111 0.0127466 0.0318357 0.00627162 0.00334205 -0.00599455 -0.0124193 -0.00612278 -0.0191076 0.0313337 0.0232282 0.0284988 -0.023003 -0.0151645 -0.00746077 0.0357961 0.0227744 -0.00229445 0.0374975 0.0301632 -0.00197267 0.0382304 -0.0481214
internal_weight=0 1193.13 1081.65 1057.12 225.375 552.605 161.022 64.7379 391.583 52.716 338.867 504.515 262.327 104.446 111.478 73.8555 475.181 380.978 133.098 99.7048 233.11 186.972 120.928 63.4573 247.88 68.7849 179.095 66.5871 94.2033 62.8768 57.471 57.5896 35.084 76.5401 138.01 109.034 96.2836 70.253 46.1384 81.4557 68.9471 48.9617 142.787 93.8437 41.6033 67.7551 30.5908
internal_count=5129 3925 3584 3445 1204 1900 590 194 1310 185 1125 1545 911 688 341 434 1464 1154 436 314 800 624 516 264 718 202 516 222 310 215 252 337 215 214 447 339 396 279 176 245 210 177 401 271 165 190 254
is_linear=0
shrinkage=0.05


Tree=33
num_leaves=47
num_cat=0
split_feature=4 9 41 41 59 30 41 57 57 62 57 46 0 36 5 18 46 41 0 35 62 51 46 54 50 22 18 41 10 62 11 18 12 46 51 12 3 12 53 11 20 5 54 3 41 7
split_gain=31.6447 22.0649 21.5117 15.585 12.5861 12.4397 15.6563 10.9712 9.97804 11.3727 9.18771 8.40241 10.6336 8.32989 16.8379 8.5724 7.26085 8.08626 10.6582 10.5246 10.9066 8.81374 11.6979 8.44952 7.23247 6.91562 6.62678 6.48636 5.43401 5.30445 6.08251 4.96105 5.05431 4.76376 4.67745 4.53816 4.42945 4.22644 4.17538 4.17182 4.08048 3.55487 3.31277 3.28079 2.76168 2.11997
threshold=1.0000000180025095e-35 1.9220077220077225 -0.35147058823529403 0.069047619047619066 0.1318557721318592 1.0000000180025095e-35 -0.21583850931677015 65.562500000000014 71.312500000000014 1.5000000000000002 74.541675000000012 66.500000000000014 79.125000000000014 75.750000000000014 1.0000000180025095e-35 7.5000000000000009 6.5000000000000009 -0.057189542483660122 83.250000000000014 86.250000000000014 1.5000000000000002 56.500000000000007 44.500000000000007 76.500000000000014 2.5000000000000004 1.7488971372542166 5.5000000000000009 -0.63397129186602863 1.0849420849420859 2.5000000000000004 -0.102767502767503 3.5000000000000004 0.18750000000000003 9.5000000000000018 6.5000000000000009 0.10416666666666667 62.500000000000007 0.14583333333333334 1.0000000180025095e-35 -1.7174015174015174 2.7500000000000004 -1.0000000180025095e-35 9.5000000000000018 27.500000000000004 -0.29705882352941171 0.56643356643356668
decision_type=2 2 2 2 2 2 2 2 2 2 2 2 2 2 2 2 2 2 2 2 2 2 2 2 2 2 2 2 2 2 2 2 2 2 2 2 2 2 2 2 2 2 2 2 2 2
left_child=3 2 7 8 11 6 27 -2 9 26 38 12 -4 14 29 -16 24 19 -19 -18 21 -21 -23 -20 -14 28 -1 -3 35 30 41 -5 -33 -28 -29 43 45 -38 -10 -8 -41 -6 -43 -9 -40 -15
right_child=1 5 4 31 13 -7 39 25 10 -11 -12 -13 16 36 15 -17 17 18 23 20 -22 22 -24 -25 -26 -27 33 34 -30 -31 -32 32 -34 -35 -36 -37 37 -39 44 40 -42 42 -44 -45 -46 -47
leaf_value=-0.0048079512200291056 0.049718146755564172 0.022984764879172351 -0.029085139072708946 -0.0065413987325252491 0.015386887858570369 0.031619401921506626 -0.0067967129662917895 0.015988052601759745 -0.04625379350819861 -0.017535869260873301 0.016453568956072959 0.024149568774596598 0.0020959587502349187 0.046209287087890419 -0.032774576415429794 0.0043043080690617274 -0.013874901588060358 0.0052263864196352983 -0.043521136865680668 0.038246935299909336 -0.015427763826236583 -0.0087282612378713955 0.031764372302184582 0.00052774751428896652 0.038744725411002559 0.0441259222646345 0.041650841675701142 0.011459050458627012 -0.0024591213193540778 0.0005007700598674955 0.0080007911174441552 -0.017509514041309432 -0.055877288595860775 0.010557792915439049 -0.014724231925860707 0.0081402798818470835 0.031206462062131974 0.0039794786048973378 -0.0019592648309019645 -0.053128236737639306 -0.021619144974976242 0.04447465262538413 0.02263785364584946 0.038906480015555266 -0.028811259482067059 0.025618325512548359
leaf_weight=20.846230946481228 46.369146481156349 27.427074313163757 25.2660216614604 13.94590140134096 36.309873543679714 19.75436582416296 15.940383873879908 28.651651337742805 16.611710049211979 29.623539209365845 15.903250165283678 45.501951232552528 26.661567777395248 32.749653846025467 24.833341725170612 38.805314570665359 45.209420740604401 49.106990545988083 29.679891861975193 41.961464509367943 25.42814989387989 39.405412122607231 31.099075630307198 16.838197730481625 26.442861370742321 28.56880895793438 28.490819424390793 25.991969302296638 28.02493317425251 32.56203842908144 50.938226163387299 15.102675557136534 23.636177055537701 22.678871124982834 45.628769934177399 38.62648993730545 27.121898338198662 29.585200130939484 18.571603193879124 20.641344793140888 24.112373933196068 42.670804724097252 35.557181507349014 40.403214365243912 19.117418326437477 28.406122207641602
leaf_count=100 141 78 102 101 112 64 73 82 98 153 76 136 99 88 93 124 154 159 148 121 90 138 93 72 85 87 95 79 87 107 158 108 187 90 158 118 77 92 82 134 133 115 103 112 115 85
internal_value=0 0.01126 0.0141747 -0.00919839 0.010331 -0.00485026 -0.0095289 0.0283305 -0.00184083 0.00814763 -0.0162132 0.0041565 0.00154864 0.0168526 0.0118051 -0.010448 0.00396149 0.000705229 -0.0110109 0.00685051 0.0136964 0.0203593 0.00932722 -0.0279012 0.0207237 0.0220292 0.0188079 0.00275987 0.0170886 0.0189725 0.0225825 -0.0327154 -0.0417363 0.0283366 -0.00519508 0.0221519 0.0278656 0.0173167 -0.0259049 -0.0293029 -0.0369953 0.0289421 0.0349601 0.0297613 -0.0159723 0.0372111
internal_weight=0 1172.28 992.785 224.528 782.141 179.496 159.742 210.644 171.843 101.639 70.204 402.601 357.099 379.54 261.677 63.6387 331.833 278.729 95.6251 183.104 137.894 112.466 70.5045 46.5181 53.1044 164.275 72.0159 99.0478 135.706 198.038 165.476 52.6848 38.7389 51.1697 71.6207 107.681 117.863 56.7071 54.3007 60.6941 44.7537 114.538 78.228 69.0549 37.689 61.1558
internal_count=5102 3897 3178 1205 2551 719 655 627 809 438 371 1397 1261 1154 812 217 1159 975 379 596 442 352 231 220 184 486 285 315 399 595 488 396 295 185 237 312 342 169 295 340 267 330 218 194 197 173
is_linear=0
shrinkage=0.05


Tree=34
num_leaves=49
num_cat=0
split_feature=7 12 22 59 37 7 10 41 65 1 12 12 59 9 20 22 62 41 37 45 7 1 22 9 10 52 7 42 10 6 45 54 2 7 54 23 28 21 3 11 9 60 10 2 11 55 6 1
split_gain=28.6751 24.8909 17.1839 15.5062 21.9107 18.7049 18.7054 16.1447 15.0923 14.2808 17.1225 12.1416 11.6304 19.4945 10.5644 10.3987 11.7486 10.2169 9.50299 9.13192 8.34984 9.12431 7.9283 7.31804 7.61498 7.87168 7.23856 10.6221 7.05503 6.98367 6.96333 6.92499 6.27871 5.87737 7.1433 5.48412 5.28435 8.78597 4.82755 4.71352 4.05595 3.83399 3.70875 3.2491 2.90589 2.32063 1.48674 1.30207
threshold=-0.25174825174825155 0.18750000000000003 0.70244946413343545 0.3484035575467645 7.7500000000000009 1.8516483516483522 0.5706563706563702 -0.16228070175438594 1.0468179961504429 87.250000000000014 0.062500000000000014 0.062500000000000014 0.5475998096715059 1.2563706563706567 2.7500000000000004 1.1658395482950017 1.5000000000000002 -0.08514492753623186 6.7500000000000009 3.5000000000000004 2.0769230769230775 79.500000000000014 2.0197709585164954 1.6841698841698844 1.0849420849420859 3.5000000000000004 0.87692307692307703 1.4606060606060607 0.37683397683397668 1.5428571428571434 29.500000000000004 9.5000000000000018 76.250000000000014 1.573426573426574 67.500000000000014 0.37500000000000006 22.500000000000004 0.60952412990125227 27.500000000000004 0.10764370764370747 0.65096525096525115 7.5000000000000009 -0.8115830115830116 59.500000000000007 0.27058887058887066 6.5000000000000009 -3.4258310474147679e-16 84.500000000000014
decision_type=2 2 2 2 2 2 2 2 2 2 2 2 2 2 2 2 2 2 2 2 2 2 2 2 2 2 2 2 2 2 2 2 2 2 2 2 2 2 2 2 2 2 2 2 2 2 2 2
left_child=8 3 -3 9 5 14 -7 -6 11 10 20 41 13 40 29 28 22 19 -18 -4 21 -2 33 24 25 -12 27 -19 -11 42 -21 -14 -32 38 -35 46 37 -23 -17 -20 -13 -1 -5 -9 -28 -16 -10 -25
right_child=1 2 17 4 7 6 -8 43 35 15 23 12 31 -15 45 16 18 26 39 30 -22 36 -24 47 -26 -27 44 -29 -30 -31 32 -33 -34 34 -36 -37 -38 -39 -40 -41 -42 -43 -44 -45 -46 -47 -48 -49
leaf_value=0.020958433577835063 -0.013862966744189815 0.033793084633962626 0.023256873026270407 0.016474827778207263 0.016677760172888367 -0.030951967956040216 0.022079939332925184 -0.011902248941495695 0.055982648057007436 0.009114773244000644 -0.01922540759031964 -0.006468464672466194 0.038513228784674287 0.031164916654852243 0.053472358030317892 0.0030521152733089052 0.022582271525619591 0.013162181553424133 -0.032875391464698069 -0.031323218323367215 -0.01943103814818762 -0.0084994032459584576 -0.0031460213721752959 -0.05292533016320327 -0.033362361848098591 0.019113396245108397 -0.055150851228202215 -0.033241784276518221 -0.026692186121197049 -0.00035123799273804949 0.019715955683676012 0.0058268969208392467 -0.018702517930976627 0.055506395354118512 0.020031023053429492 0.021642147853586181 0.035255527706216996 0.028921397174595017 0.029924576155851697 0.00074735673991105974 -0.030932567921651541 0.045871077262052896 0.038865382395565029 -0.041794193095440149 -0.026901310873671921 0.034021231533086178 0.03610863889996236 -0.028241489933214948
leaf_weight=43.400116682052612 28.10166522860527 17.751566037535667 21.487519174814224 38.638712711632252 34.622712403535843 27.35601157695055 39.20165091753006 16.652831271290779 29.713230147957802 25.999604195356369 27.601566754281521 33.4189612865448 31.514513209462166 25.589910201728344 41.824264585971832 32.331979766488075 22.489755272865295 20.02357342839241 21.294892080128193 29.59030906111002 27.50777817517519 31.786334104835987 24.639897458255291 14.841499999165537 27.910223737359047 24.175082184374332 23.129424013197422 29.401165567338467 27.327811203896999 29.44684199988842 20.001922197639942 33.143462151288986 20.544461593031883 31.019038662314415 28.614252477884293 37.542407467961311 29.882645428180695 29.314005166292191 34.16425559669733 19.494479686021805 34.811047740280628 26.445833325386047 39.595667824149132 22.335438497364521 20.425869822502136 38.497943870723248 28.069985181093216 15.552826978266237
leaf_count=134 104 66 73 120 108 123 140 107 80 89 109 113 88 83 112 106 65 98 90 141 108 112 87 100 130 79 198 149 109 99 74 103 99 87 91 115 80 89 105 75 138 76 109 105 114 115 81 76
internal_value=0 0.00376859 -0.0119564 0.00751205 0.0160174 0.0229447 0.000147661 -0.00792493 0.0207678 0.00216543 -0.00624678 0.0136882 0.00595378 -0.00529101 0.0309719 0.0102341 0.0151437 -0.016514 -0.00291206 -0.00457829 0.00494248 0.0106875 0.0226911 -0.0210576 -0.0128052 -0.00130163 -0.0281019 -0.0145538 -0.00938819 0.0204278 -0.0133131 0.0221023 0.000268069 0.0277235 0.0390951 0.0374067 0.0183386 0.00963053 0.0170974 -0.0171727 -0.0192166 0.0309055 0.0281545 -0.0296435 -0.0428039 0.0446825 0.0471067 -0.0415965
internal_weight=0 1054.58 202.356 852.222 328.172 254.561 66.5577 73.611 323.649 524.05 256.674 228.324 158.478 93.8199 188.003 267.376 214.049 184.604 63.2791 91.6242 146.592 119.085 150.769 110.081 79.6869 51.7766 92.98 49.4247 53.3274 107.681 70.1367 64.658 40.5464 126.13 59.6333 95.3256 90.983 61.1003 66.4962 40.7894 68.23 69.846 78.2344 38.9883 43.5553 80.3222 57.7832 30.3943
internal_count=5052 4041 1012 3029 1138 818 263 320 1011 1891 987 735 525 334 555 904 706 946 230 387 493 385 476 494 318 188 559 247 198 328 314 191 173 389 178 276 281 201 211 165 251 210 229 212 312 227 161 176
is_linear=0
shrinkage=0.05


Tree=35
num_leaves=49
num_cat=0
split_feature=4 0 22 40 8 12 46 45 45 20 59 49 65 58 45 7 15 15 58 3 42 10 11 22 59 39 9 20 6 26 12 26 46 0 53 10 41 58 8 58 21 53 58 15 26 36 41 9
split_gain=40.6798 22.0067 15.9261 17.1429 18.2328 16.0195 14.1199 11.7398 11.7324 10.06 9.97049 9.93546 9.0273 12.5247 11.034 8.53052 8.41815 12.7282 7.90141 7.36957 7.2955 12.5449 7.22059 11.1143 8.66604 12.2182 14.4809 9.28863 7.112 7.91006 7.0004 6.80997 6.66318 6.36391 6.22158 4.88976 4.78121 6.86089 6.30026 4.47428 4.32867 4.78953 4.4025 3.35487 2.63432 1.81864 1.5276 1.36109
threshold=1.7500000000000002 69.750000000000014 1.5238585621733911 -2.2499999999999996 1.2547826086956524 0.22916666666666671 9.5000000000000018 47.500000000000007 60.500000000000007 2.7500000000000004 -0.75013812021657655 63.500000000000007 1.0468179961504429 -0.50556189049999822 3.5000000000000004 -1.208391608391608 7.5000000000000009 12.500000000000002 0.29342972903661901 47.500000000000007 1.3205128205128207 -0.46023166023166046 0.97575397575397582 1.1862892563345437 0.080547328232315238 1.5000000000000002 1.0416988416988422 2.2678571428571463 1.21764705882353 0.0031388349114512605 0.062500000000000014 0.0041486947770393258 3.5000000000000004 85.750000000000014 2.5000000000000004 -0.46023166023166046 -0.14550264550264547 0.58481550752069722 0.95739130434782627 0.67802080537253961 0.60952412990125227 5.5000000000000009 -0.03977009085991149 7.5000000000000009 0.023126488061298158 60.750000000000007 -0.14550264550264547 0.95521235521235548
decision_type=2 2 2 2 2 2 2 2 2 2 2 2 2 2 2 2 2 2 2 2 2 2 2 2 2 2 2 2 2 2 2 2 2 2 2 2 2 2 2 2 2 2 2 2 2 2 2 2
left_child=1 45 5 7 35 6 32 18 20 19 11 -2 13 33 -15 -13 39 -18 -4 40 21 -8 24 -24 25 26 -22 -28 29 -11 -30 -26 -3 -7 -32 -5 -34 43 -39 44 41 42 -6 -38 46 -1 -12 -16
right_child=10 2 3 4 9 12 8 -9 -10 28 16 15 -14 14 47 -17 17 -19 -20 -21 22 -23 23 -25 31 -27 27 -29 30 -31 34 -33 36 -35 -36 -37 37 38 -40 -41 -42 -43 -44 -45 -46 -47 -48 -49
leaf_value=-0.025903476744951744 -0.01512936665778853 0.0007263226527845874 0.032888047397404717 0.028493947899792028 -0.062842948093038073 0.020823376359052268 0.0059562345165299624 -0.013177978115304073 0.033156725868486475 -0.021188877960519097 0.053985051837436161 0.039507152803737788 0.015941425589492877 -0.005811096223576691 -0.061345665654566166 -0.00023979179297039605 -0.0067695788572378016 0.034013331334755842 0.0038452989353747477 -0.0028627851602183022 -0.034835853846354368 -0.037857386226014839 -0.033860934355960187 0.014094422126468456 0.0082353004940192726 0.025918463932721122 0.021015029741595921 -0.016499677387568041 0.0019372811302198929 0.019499659667653373 -0.01291831883875621 0.036474690654309125 0.04268403182708496 -0.01599420184559466 -0.05967242917525728 -0.0036540756923913661 -0.0019719577928840972 0.016392123576057287 0.048595796220893779 0.022991178129694444 -0.066170157321447348 -0.0086251006813601577 -0.021124087408225398 0.022138469700071883 0.027712434481515381 -0.054995798307888921 0.035539449450818959 -0.034743892541994136
leaf_weight=15.15018203854561 27.934009790420532 27.013238549232483 49.03755696117878 25.628022789955139 14.994479991495606 27.473676636815071 42.771893836557865 38.78622967004776 37.276035219430923 18.761596336960793 44.553004324436188 28.299740791320801 33.26779518276453 28.153966195881367 14.715814642608168 25.010021939873695 34.992399632930756 40.474694773554802 44.583943322300911 14.521530464291571 29.505642376840115 25.214327126741409 23.334867082536221 23.170952893793583 40.180901557207108 41.353483282029629 41.697661302983761 25.973411127924919 16.776005081832409 29.243143655359745 14.053304530680181 46.419675424695015 39.792276605963707 19.036444656550884 15.031963251531122 20.914854876697063 30.393366828560829 30.542108289897442 32.531121984124184 50.169926032423973 14.987904727458952 14.066908448934553 12.927018806338314 26.212342351675034 29.25818195939064 12.073366828262804 28.078376263380051 15.77298618853092
leaf_count=113 97 94 144 84 102 90 136 134 105 97 132 83 120 110 75 82 116 118 143 78 116 114 91 77 126 132 134 96 68 116 77 130 112 106 96 85 99 104 93 151 86 79 82 87 90 88 80 91
internal_value=0 0.00327808 0.00444946 -0.00434982 -0.0131451 0.00876655 0.0125069 0.00971922 0.00690697 -0.020902 0.0238506 0.00867615 -0.00643767 -0.0136013 -0.0287759 0.021199 0.0292073 0.015262 0.0192443 -0.0349203 0.00393698 -0.0106063 0.00760249 -0.010174 0.0113034 0.00349234 -0.00621787 0.0065856 -0.00996867 0.00348956 -0.0238298 0.0236158 0.0237277 0.00573459 -0.0382622 0.0142747 0.0275951 0.0222661 0.0335009 0.0359834 -0.0429005 -0.0332483 -0.0449263 0.00938333 0.042095 -0.0402971 0.0474337 -0.049124
internal_weight=0 1073.34 1046.12 344.314 211.907 701.804 563.383 132.408 376.899 165.364 308.77 81.2438 138.421 105.153 58.6428 53.3098 227.527 75.4671 93.6215 71.4978 339.623 67.9862 271.637 46.5058 225.131 138.53 97.1767 67.6711 93.866 48.0047 45.8613 86.6006 186.484 46.5101 29.0853 46.5429 159.471 119.679 63.0732 152.059 56.9763 41.9884 27.9215 56.6057 101.89 27.2235 72.6314 30.4888
internal_count=5059 4110 3909 1471 1050 2438 1846 421 1257 881 949 262 592 472 276 165 687 234 287 427 1152 250 902 168 734 478 346 230 454 213 241 256 589 196 173 169 495 383 197 453 349 263 184 186 302 201 212 166
is_linear=0
shrinkage=0.05


Tree=36
num_leaves=50
num_cat=0
split_feature=40 4 6 62 58 41 26 45 0 13 6 45 13 0 26 26 20 6 0 59 59 53 41 36 60 18 10 58 24 51 54 21 42 54 3 10 0 45 19 27 10 35 18 60 25 10 3 10 57
split_gain=31.0805 27.4088 20.4191 18.5224 16.8248 13.4572 16.8956 13.3824 10.9296 10.8421 10.6889 14.1275 16.4784 11.9826 10.8265 9.74007 9.19618 13.0901 8.92803 11.1723 10.5591 9.36872 9.19512 8.03483 8.01497 7.87529 7.75267 8.72132 8.35518 7.54829 7.03815 6.97194 6.30175 7.57234 6.0107 6.35476 5.78916 12.0852 5.3116 4.9453 4.28089 4.09599 3.9425 4.18917 3.84361 3.73028 3.1683 2.89449 0.290105
threshold=0.75000000000000011 3.7500000000000004 1.5428571428571434 1.5000000000000002 0.62587949062545845 -0.55777777777777771 0.0036101263219378869 12.500000000000002 78.750000000000014 0.22916666666666671 2.2285714285714291 33.500000000000007 0.10416666666666667 87.250000000000014 0.0075631083141249082 0.0030383449227789944 1.6370967741935518 0.34285714285714336 81.750000000000014 0.38043945030393422 0.1318557721318592 5.5000000000000009 -0.17914438502673793 77.750000000000014 3.5000000000000004 7.5000000000000009 -0.48803088803088795 -0.52032787705993211 0.37500000000000006 3.5000000000000004 34.500000000000007 0.4401131486960887 1.8221343873517788 40.500000000000007 72.500000000000014 -1.1127413127413124 88.250000000000014 6.5000000000000009 1.7500000000000002 0.65666666666666684 2.3999999999999999 84.750000000000014 4.5000000000000009 8.5000000000000018 0.63068181818181823 -0.76602316602316578 37.500000000000007 -0.76602316602316578 62.812500000000007
decision_type=2 2 2 2 2 2 2 2 2 2 2 2 2 2 2 2 2 2 2 2 2 2 2 2 2 2 2 2 2 2 2 2 2 2 2 2 2 2 2 2 2 2 2 2 2 2 2 2 2
left_child=1 3 8 7 5 -5 36 9 24 18 11 12 14 23 -9 -14 -10 -18 20 21 -1 32 44 -12 -2 -24 28 -28 31 -11 -6 -13 33 -20 35 -8 37 -7 -17 -19 -15 -3 -4 48 -22 -27 -30 -31 -44
right_child=2 41 42 4 30 6 34 10 16 29 13 26 15 40 -16 38 17 39 19 -21 22 -23 25 -25 -26 45 27 -29 46 47 -32 -33 -34 -35 -36 -37 -38 -39 -40 -41 -42 -43 43 -45 -46 -47 -48 -49 -50
leaf_value=-0.015109196360521396 -8.737982827015486e-05 0.04793997817112388 -0.014373180534319012 0.03375230534026849 -0.012704613251646735 -0.038553961922387046 0.021785004624832585 0.024876328974520977 0.033781365762436878 0.021558237663573999 -0.0060366170979853509 -0.022811885124323254 0.0069529615372741563 -0.0070531835218905414 -0.014686951344224156 -0.014126131567449414 -0.029932311269173402 -0.00064889606127742057 0.017242203758649641 0.050201875428886267 0.015406331770769248 0.042831042705081646 -0.012016094344722512 -0.047394297669611916 -0.039758513185335381 0.0043379344085460103 0.052453143284696982 0.013843406258597117 0.010877154842389269 -0.026640238201866947 -0.047752424003934008 0.013441534640863931 0.031012901190066246 -0.021405702638861369 0.033127254370822007 -0.011451546629697768 -0.042139048017176398 0.0089960576806173455 -0.051382099247308681 0.028854122588183692 0.019843996099826525 0.024287744260813173 -0.042051139522670533 -0.019491528805447852 0.039085943434372022 0.028815453636476585 0.035163953716846517 -0.00034824658513004725 -0.063915625362931147
leaf_weight=27.160641603171825 24.292975977063179 42.566507831215858 16.520623344928026 28.061273321509361 34.501451447606087 22.181085489690304 25.001719616353512 52.878688588738441 24.001496367156506 21.099585846066475 22.595103375613689 24.505616128444672 18.922968566417694 30.265383407473564 24.670979171991348 17.571888223290443 25.469219349324703 31.612412258982658 27.263405203819275 45.583732157945633 29.016049444675446 31.147137030959129 33.10203243792057 24.227521531283855 25.763321980834007 28.865664213895798 28.817230761051178 30.63572883605957 26.910548835992813 21.721998311579227 24.820970222353935 26.677737414836884 23.327675148844719 21.978268578648567 23.660773441195488 31.23397596180439 20.902398474514484 30.856082737445831 23.043859042227268 24.728830046951771 27.244070470333099 38.579668432474136 13.938380885869266 13.653102308511732 49.217860445380211 33.861157327890396 28.627819731831551 19.460138916969299 14.669652558863161
leaf_count=107 115 142 117 79 143 108 81 157 80 74 82 101 75 122 85 80 131 96 88 126 98 95 133 101 128 91 82 100 84 93 120 81 73 89 71 120 97 107 112 88 91 119 107 69 144 95 84 77 94
internal_value=0 0.00929198 -0.011407 0.00713141 -0.00503257 0.00254273 -0.00333144 0.0107097 -0.00186628 0.0170454 0.00426701 0.00901062 -0.00286754 -0.00947594 0.0122633 -0.0224526 0.00724189 -0.000858154 0.0204524 0.02971 0.0134707 0.0203103 0.0179911 -0.02798 -0.0208844 0.00748044 0.0187682 0.0331159 0.0105422 -0.00214938 -0.0279174 -0.00402044 0.0101935 -9.04148e-05 0.0125378 0.00344748 -0.0204176 -0.0112357 -0.0359905 0.0125777 0.00581025 0.0371275 -0.036251 -0.0442735 0.0306087 0.0177962 0.0237966 -0.0145191 -0.0550429
internal_weight=0 1142.77 214.65 1061.62 241.22 181.897 153.836 820.4 155.868 412.805 407.595 303.263 137.088 104.332 77.5497 59.5387 105.812 81.8105 350.524 149.3 201.223 103.716 174.063 46.8226 50.0563 95.8289 166.175 59.453 106.722 62.2817 59.3224 51.1834 72.5693 49.2417 79.8965 56.2357 73.9396 53.0372 40.6157 56.3412 57.5095 81.1462 58.7818 42.2611 78.2339 62.7268 55.5384 41.1821 28.608
internal_count=5032 4007 1025 3746 926 663 584 2820 638 1383 1437 1041 509 396 242 267 395 315 1139 471 668 345 561 183 243 319 532 182 350 244 263 182 250 177 272 201 312 215 192 184 213 261 387 270 242 186 168 170 201
is_linear=0
shrinkage=0.05


Tree=37
num_leaves=49
num_cat=0
split_feature=4 4 0 59 1 8 0 62 59 59 12 2 26 46 40 10 62 55 18 53 41 40 52 53 58 10 41 12 7 58 11 15 33 19 59 59 7 57 26 65 26 0 52 18 46 9 9 10
split_gain=33.7213 23.2321 16.7644 20.1046 13.8829 11.9658 11.33 11.9835 10.5982 9.66453 13.2658 11.4637 9.30827 9.48853 9.30185 7.78754 7.66558 16.8905 11.2187 12.5759 10.2014 7.27596 6.80633 6.43851 7.07296 5.98501 7.03277 5.68546 5.63618 5.35562 8.02249 9.73935 5.30024 8.77686 7.4686 5.10879 6.77616 7.74993 4.75599 4.35132 4.10976 3.8989 2.93154 2.64178 1.99901 1.60802 0.802674 0.469132
threshold=1.0000000180025095e-35 2.7500000000000004 71.625000000000014 0.1318557721318592 79.500000000000014 2.0165217391304355 82.750000000000014 1.5000000000000002 0.70747208174348741 0.36447543099728863 0.10416666666666667 68.500000000000014 0.010798735094808441 55.500000000000007 -2.2499999999999996 1.2880308880308877 1.5000000000000002 5.5000000000000009 13.500000000000002 6.5000000000000009 -0.3141447368421052 -1.7499999999999998 5.5000000000000009 6.5000000000000009 -0.92923668111203805 0.60154440154440125 -0.17028985507246372 0.062500000000000014 0.51490614648509403 -0.63921128368950708 -0.12211032211032234 7.5000000000000009 1.0000000180025095e-35 1.7500000000000002 -0.17646730165275518 -0.62587551141915865 0.24150581752294822 73.187500000000014 0.0034741470183855473 0.35387457207787903 0.0023691997355437702 85.750000000000014 2.5000000000000004 8.5000000000000018 13.500000000000002 1.7119691119691123 -1.0000000180025095e-35 -1.0656370656370653
decision_type=2 2 2 2 2 2 2 2 2 2 2 2 2 2 2 2 2 2 2 2 2 2 2 2 2 2 2 2 2 2 2 2 2 2 2 2 2 2 2 2 2 2 2 2 2 2 2 2
left_child=5 2 42 4 -4 9 7 21 -9 10 -1 15 13 45 -7 -11 18 -18 19 32 -19 43 -22 24 -8 39 -27 -21 -29 -23 31 40 34 -34 35 36 -6 -38 -10 -3 -31 -37 -2 -5 -26 -12 -41 -16
right_child=1 25 3 6 16 14 23 8 38 11 12 -13 -14 -15 47 -17 17 20 -20 27 22 29 -24 -25 44 26 -28 28 -30 30 -32 -33 33 -35 -36 41 37 -39 -40 46 -42 -43 -44 -45 -46 -47 -48 -49
leaf_value=0.021182827995956364 -0.011282031060441899 0.023318324947429043 -0.031716780629350946 0.020164684693476268 -0.020940731548800634 -0.0022612318361353383 0.014288844616108671 -0.032061629714024285 -0.0083699065717612979 -0.031306813524760953 -0.056289225327706909 0.023834643894366046 0.0031090743025091669 -0.0023707384567097575 -0.03421618230454046 0.012267476555664328 0.026076405255464147 0.0063146276955393967 -0.023165177942305475 0.038041626213482949 -0.052164361427445904 -0.0068596119251219728 -0.013848399347296409 0.013252079665400533 0.056011282216464113 0.03350162595728317 -0.0024447039922798745 0.030515001813824019 -0.0020338874693803452 0.020244814453547692 -0.0011543327387313485 0.0060152935112902711 0.037820806794997268 -0.00066491570057193334 -0.022420513824727664 2.4608917141459094e-05 0.019863572875576645 -0.0099242048920880448 0.022396561565904815 0.053734666612381368 0.04815240118133126 0.025465303418951403 -0.043259156038280788 0.042799888732339753 0.035053746092557757 -0.028001314292726787 0.03664590003315981 -0.057737234822414468
leaf_weight=17.917938984930515 14.369697265326979 42.796406283974648 27.875622980296612 28.988436192274094 33.181841619312763 14.80441778898239 27.320166602730751 25.287030018866062 24.067842930555344 22.580567993223667 27.903257876634598 45.277349293231964 19.903859443962574 14.700339160859583 9.3060272336006182 17.396206557750702 24.749395243823528 22.523069858551025 27.601108238101006 43.584386073052883 24.349016956984997 32.118563517928123 23.155624262988567 48.575803868472576 28.704801127314568 25.135577544569969 28.121243551373482 24.117608748376369 28.02072174847126 25.400336928665638 49.856262058019638 47.194267772138119 26.35008516907692 32.247148454189301 30.392734095454216 24.794100418686867 43.715091586112976 41.79661662876606 24.39657761156559 25.778847977519035 33.108918905258179 37.367395974695683 15.462864376604555 28.393041342496872 33.695473656058311 10.119153141975401 27.867300286889076 18.225612565875053
leaf_count=72 80 135 115 86 129 60 86 103 87 131 209 152 110 69 87 65 74 68 108 124 114 109 96 148 76 88 90 81 105 79 157 147 78 111 116 88 139 149 77 77 91 118 88 84 93 84 86 155
internal_value=0 0.0103692 0.00760936 0.00875172 0.00197763 -0.0110331 0.0163749 0.011131 -0.00647244 -0.00519993 -0.0164924 0.00684543 -0.0259488 -0.0367724 -0.0345764 -0.0125085 0.00396347 -0.00873738 0.00703953 0.00937702 -0.0212353 0.0164336 -0.0341582 0.0282969 0.0362065 0.0286827 0.0148256 0.0248494 0.0133132 0.0115589 0.0153813 0.0231183 0.00381699 0.0169856 0.000101378 0.00398866 -0.002108 0.00535741 0.00725735 0.0361041 0.0365808 0.0154789 -0.0287219 0.0319061 0.0454258 -0.0496713 0.0456907 -0.0512647
internal_weight=0 1152.46 1002.76 972.929 515.822 218.135 457.108 318.811 73.7515 175.799 90.5445 85.2541 72.6266 52.7228 42.3361 39.9768 487.946 94.7771 393.169 365.568 70.0277 245.06 47.5046 138.296 89.7204 149.699 53.2568 95.7227 52.1383 187.678 155.56 105.704 269.845 58.5972 211.248 180.855 118.694 85.5117 48.4644 96.4426 58.5093 62.1615 29.8326 57.3815 62.4003 38.0224 53.6461 27.5316
internal_count=5074 3880 3404 3236 1813 1194 1423 1020 267 892 544 348 472 362 302 196 1698 352 1346 1238 278 753 210 403 255 476 178 310 186 583 474 317 928 189 739 623 417 288 164 298 170 206 168 170 169 293 163 242
is_linear=0
shrinkage=0.05


Tree=38
num_leaves=49
num_cat=0
split_feature=4 40 62 37 6 45 40 6 40 45 15 0 43 15 45 8 12 51 0 21 59 35 8 11 10 6 6 65 8 59 41 26 5 10 11 9 8 42 10 49 11 58 5 10 59 11 59 12
split_gain=26.7348 20.6474 24.8782 22.9728 20.9228 18.5752 13.3218 10.3334 9.83906 9.18404 10.1697 9.09864 8.04823 7.71193 12.0284 7.60957 7.04161 11.6049 7.48896 7.00261 6.90767 6.54519 6.53597 8.80326 6.51913 8.05078 9.47361 7.41832 7.2421 6.3573 5.96116 5.93949 5.83323 5.26036 5.24557 4.8432 4.66161 6.40317 4.20439 3.91708 3.45777 4.85743 3.19201 2.98925 2.8136 2.42617 1.84907 1.44873
threshold=2.7500000000000004 0.75000000000000011 1.5000000000000002 6.7500000000000009 1.21764705882353 13.500000000000002 -3.7499999999999996 -1.6285714285714279 -1.7499999999999998 21.500000000000004 7.5000000000000009 82.250000000000014 5.0000000000000009 12.500000000000002 36.500000000000007 1.5939130434782609 0.14583333333333334 3.5000000000000004 81.750000000000014 0.52243118397129218 0.70747208174348741 79.250000000000014 0.96652173913043493 -0.12211032211032234 -0.68339768339768348 2.2285714285714291 4.1571428571428575 0.31577160873212823 1.1112704686617731 0.11478523713130605 -0.12771739130434781 0.0018331548618661824 1.0000000180025095e-35 -0.10501930501930522 0.53376893376893375 1.6254826254826258 0.90325239977413907 1.5894736842105266 -1.9235521235521233 70.500000000000014 0.39017037136575738 0.51297097409535064 1.0000000180025095e-35 -0.78532818532818538 -0.40613878790836594 -0.77449577449577467 0.77652048701313048 0.062500000000000014
decision_type=2 2 2 2 2 2 2 2 2 2 2 2 2 2 2 2 2 2 2 2 2 2 2 2 2 2 2 2 2 2 2 2 2 2 2 2 2 2 2 2 2 2 2 2 2 2 2 2
left_child=1 2 5 35 9 8 -5 19 15 10 12 40 -3 24 30 45 18 -18 22 -7 31 -22 23 -10 28 27 44 -26 -9 -19 -15 -8 43 -31 42 -4 -20 -38 -12 -16 41 47 -6 -33 -27 -1 -24 -2
right_child=11 4 3 6 34 7 20 13 16 -11 38 -13 -14 14 39 -17 17 29 36 -21 21 -23 46 -25 25 26 -28 -29 -30 33 -32 32 -34 -35 -36 -37 37 -39 -40 -41 -42 -43 -44 -45 -46 -47 -48 -49
leaf_value=0.03144027667183346 0.05725508151719029 -0.018106120248136574 0.025646711808397216 0.018840011359726169 -0.061682387448610848 0.036674299169800993 -0.051099521289901632 0.010522214096327483 0.034367357179041963 0.018538064753079144 -0.010625571908120607 0.0049571566553534025 0.019089365748052423 -0.053788930051850092 -0.0090879144580131299 0.012075918154913599 0.026430944057776531 -0.027580427354114957 0.016021603965214529 0.0053532420188581436 -0.026209037493552176 0.012418498892837269 -0.014318022076859345 -0.0011474947645892105 0.0044003506926972172 -0.026764018683350033 0.017782586740829606 0.034757642018916124 -0.02268576540725132 -0.0093945197721167981 -0.013384349510137856 -0.022740143119322223 -0.042288102330748492 0.021116096798592398 -0.013770940686232852 0.00070204218547084013 0.055930587759229516 0.022714956579073055 -0.049606701813527672 0.020809921604065341 0.019338330568131834 0.020664547251693022 -0.029513152852451291 0.003544850271558834 -0.0022178837890415976 0.055081185728066168 0.0063074145844668767 0.036537204707179242
leaf_weight=26.360498532652855 28.093885838985443 24.652015760540962 44.064203411340714 20.342597648501396 18.5277907140553 33.67276057600975 26.889012664556503 27.178156420588493 43.025050312280655 44.339537896215916 12.945746857672932 36.077107489109039 32.617654845118523 18.364342026412487 23.493667885661125 27.72290726006031 40.799419723451138 23.06133946031332 39.264314264059067 37.602071434259415 20.737655013799667 21.25646510720253 21.525815881788731 28.800524771213531 38.13207146525383 26.034921564161777 35.189311593770981 42.408742696046829 38.760927446186543 33.790309220552444 18.945023849606514 23.573018252849579 23.449489183723927 22.813550859689713 19.202659085392952 34.348218645900488 28.406429812312126 33.342453852295876 15.747075714170931 18.889928624033928 32.587185814976692 25.741102814674377 18.559835597872734 18.898255258798599 20.891456320881844 29.188423708081245 20.162600971758366 25.174492552876472
leaf_count=80 88 96 133 60 159 100 138 88 126 145 81 116 109 101 101 88 136 137 128 116 99 69 85 92 129 100 112 121 139 123 104 99 109 71 106 129 81 106 98 78 110 85 123 78 70 82 75 78
internal_value=0 0.00449192 0.00726154 -0.00706845 -0.0107742 0.0114602 -0.0181786 0.00343678 0.0187156 0.000295805 -0.00921854 0.0269585 0.00304243 -0.000550726 -0.0138454 0.0340552 0.0148125 0.00508121 0.020228 0.0204531 -0.0238625 -0.00682259 0.0112631 0.0203064 0.00412418 0.00948575 -0.00154696 0.0206152 -0.00904569 -0.00604487 -0.0341571 -0.0314178 -0.022746 0.00305554 -0.0359573 0.0148662 0.0300932 0.038643 -0.0329692 0.00440977 0.033964 0.0396792 -0.0467814 -0.0112317 -0.0161105 0.0446169 -0.00442846 0.0483176
internal_weight=0 1217.98 1031.39 233.559 186.592 797.827 155.146 379.563 418.264 130.302 85.9625 147.674 57.2697 308.289 79.693 83.2718 334.992 120.465 214.527 71.2748 134.804 41.9941 113.514 71.8256 228.596 162.657 82.1157 80.5408 65.9391 79.6652 37.3094 92.8098 65.9208 56.6039 56.2903 78.4124 101.013 61.7489 28.6928 42.3836 111.597 79.0095 37.0876 42.4713 46.9264 55.5489 41.6884 53.2684
internal_count=5077 4600 3683 914 917 2769 652 1359 1410 529 384 477 205 1143 384 250 1160 467 693 216 592 168 378 218 759 532 282 250 227 331 205 424 286 194 388 262 315 187 179 179 361 251 282 177 170 162 160 166
is_linear=0
shrinkage=0.05


Tree=39
num_leaves=50
num_cat=0
split_feature=4 40 5 59 19 0 46 33 4 37 59 37 7 36 40 42 46 9 8 50 37 62 7 41 3 2 41 42 37 5 25 22 9 25 26 42 9 50 1 52 45 41 51 10 8 10 36 26 5
split_gain=29.81 17.3961 22.2509 15.4501 11.0587 9.70989 9.68008 11.0385 9.26118 18.7024 9.17449 9.58022 8.95051 10.4933 10.8564 8.82731 7.6734 7.65796 7.64877 7.57375 13.9047 9.22445 7.30159 8.92275 7.24751 13.359 6.83152 12.3645 8.88346 6.75554 6.7483 6.49786 9.24706 5.90861 5.86761 5.68282 5.71617 5.46808 5.10798 5.06052 4.90435 4.70401 3.3998 3.15228 3.131 2.57992 1.65266 1.39937 0.980317
threshold=1.0000000180025095e-35 1.0000000180025095e-35 1.0000000180025095e-35 0.65720762023595369 0.75000000000000011 78.750000000000014 66.500000000000014 1.0000000180025095e-35 1.7500000000000002 7.7500000000000009 0.097680735332368748 5.7500000000000009 1.0041977657685934 69.750000000000014 0.75000000000000011 1.7362318840579711 22.500000000000004 1.2330312508354055 0.71739130434782628 1.5000000000000002 6.2500000000000009 1.5000000000000002 0.71378621378621399 0.80625000000000013 32.500000000000007 76.250000000000014 -0.30217391304347824 1.5339366515837105 5.7500000000000009 -1.0000000180025095e-35 0.47727272727272735 1.5116573282773487 0.81340141985303294 0.63068181818181823 0.0064295256173672495 1.8397435897435901 1.0324324324324328 1.5000000000000002 86.500000000000014 3.5000000000000004 22.500000000000004 -0.28869047619047611 53.500000000000007 -0.19305019305019319 1.150434782608696 -1.3227799227799224 63.750000000000007 0.0098262850971556678 1.0000000180025095e-35
decision_type=2 2 2 2 2 2 2 2 2 2 2 2 2 2 2 2 2 2 2 2 2 2 2 2 2 2 2 2 2 2 2 2 2 2 2 2 2 2 2 2 2 2 2 2 2 2 2 2 2
left_child=5 3 12 4 -2 44 7 19 9 16 24 -12 13 -3 -15 -13 31 43 42 26 29 33 40 -24 25 -7 28 34 -6 -21 -14 32 -5 -22 -28 36 -29 -20 -31 -4 -16 -26 -9 -8 -1 -10 -46 48 -43
right_child=1 2 39 8 6 10 17 18 45 -11 11 15 30 14 22 -17 -18 -19 37 20 21 -23 23 -25 41 -27 27 35 -30 38 -32 -33 -34 -35 -36 -37 -38 -39 -40 -41 -42 47 -44 -45 46 -47 -48 -49 -50
leaf_value=-0.015207167012987603 -0.019815467883922497 0.03709048867173307 -0.018950786356980324 0.016299807009028888 -0.01326621256123804 -0.032739121599498329 0.04800216300321352 0.015617145784009601 0.029426412853009579 -0.018203662560461211 0.031140286892967613 -0.023675209061606625 0.0016514310945496338 0.024960124650832027 -0.035395373340857107 0.016802348733031096 0.0055937530079633035 0.0047977497709990723 0.038545857918122137 0.015139763316274455 0.045597736813318746 -0.00026642314458570832 0.027191013980890369 -0.012982473036504788 -0.0038176493941757018 0.019369166644478911 0.023234796446789913 -0.01541367116636065 0.020506851539840554 -0.033457322063668325 -0.041042287052889016 0.012962745634424767 0.054336684179655217 0.016534408187100939 -0.010347336221021507 -0.0066675301189419462 -0.050860616318585086 0.013364301686027695 -0.0025803411256768074 -0.052188741957424949 -0.0017228781125654517 -0.054856844702971835 -0.010504200762099555 0.022840529196275307 -0.023579823104434686 0.053093722138439305 -0.055066080244522399 -0.020554514474345181 -0.028303053066390554
leaf_weight=15.951100707054136 33.367151327431202 27.201416790485382 30.549647137522697 26.791618332266808 30.954771503806114 20.629160273820162 27.067463114857674 24.108490630984306 32.081118047237396 30.33515065908432 24.725906454026699 29.686134696006775 20.127282030880451 40.518802598118782 23.748890720307827 23.074650466442108 39.402182638645172 31.574652254581451 49.294299505650997 25.056199267506599 36.387589000165462 33.049323335289955 26.055786162614822 27.372959092259407 12.413076296448706 27.53546454012394 27.789850741624832 23.143141120672226 49.15441469848156 22.485323011875153 16.019602477550507 33.370052993297577 43.327578663825989 36.206835463643074 22.92006953805685 31.865247458219528 24.000269033014774 40.48833703994751 31.600898683071136 19.422236450016499 19.395038798451424 15.584987793117762 23.762529894709587 28.675852239131927 8.8255653344094771 24.434930190443993 15.269773095846174 9.7403323203325254 9.4360770657658577
leaf_count=70 131 85 136 83 104 128 78 76 104 112 86 133 95 131 105 90 122 99 141 79 103 122 76 86 61 122 93 83 145 84 93 110 119 116 80 108 103 127 109 100 64 145 84 89 91 81 131 66 68
internal_value=0 0.00848424 -0.00313759 0.0117811 0.00783579 -0.0118707 0.00935446 0.00679555 0.0229113 0.017005 -0.00663556 0.0061045 0.00434311 0.00930777 0.0035665 -0.00598931 0.0245542 0.0246993 0.0189329 0.00252451 0.00987974 0.0216694 -0.0055734 0.0067487 -0.0169459 -0.00316104 -0.00396905 -0.0110266 0.00745403 -0.00593185 -0.0178651 0.0316505 0.0402368 0.0315239 0.00814964 -0.0232824 -0.034141 0.0274623 -0.0157912 -0.0326396 -0.0206401 -0.0306623 0.00270124 0.035689 -0.0337514 0.0404043 -0.0449326 -0.0398736 -0.0463153
internal_weight=0 1133.11 250.412 882.695 652.953 212.872 619.586 532.268 229.743 173.227 172.826 77.4867 200.44 164.293 137.091 52.7608 142.891 87.318 137.654 394.614 184.786 105.644 96.5727 53.4287 95.3391 48.1646 209.828 129.719 80.1092 79.1424 36.1469 103.489 70.1192 72.5944 50.7099 79.0087 47.1434 89.7826 54.0862 49.9719 43.1439 47.1745 47.871 55.7433 40.0464 56.516 24.0953 34.7614 25.0211
internal_count=5047 3856 971 2885 2154 1191 2023 1757 731 546 899 309 735 547 462 223 434 266 428 1329 613 341 331 162 590 250 716 467 249 272 188 312 202 219 173 294 186 268 193 236 169 340 160 167 292 185 222 279 213
is_linear=0
shrinkage=0.05


Tree=40
num_leaves=47
num_cat=0
split_feature=41 47 4 11 26 9 8 13 59 41 11 46 58 37 4 9 7 7 25 49 50 18 18 10 54 39 8 40 13 9 26 23 13 42 58 58 42 35 49 7 46 6 10 58 7 58
split_gain=25.487 25.9613 16.9006 15.7419 14.5951 13.556 13.2102 14.7078 13.062 11.4401 12.626 10.8383 10.6472 9.90064 9.62642 9.15724 8.63454 13.3367 12.7751 8.60423 8.2239 8.12633 8.86115 7.87799 7.78517 10.8184 8.21767 7.74043 7.68148 15.9598 7.50717 7.06316 6.72205 6.41553 6.02466 5.97575 5.39173 5.53832 4.77229 4.65714 4.3946 3.6597 2.91278 2.73544 4.83815 2.08739
threshold=-0.051315789473684204 3.5000000000000004 0.62500000000000011 0.92226152226152247 0.023126488061298158 1.5667953667953671 -0.51913043478260856 0.062500000000000014 0.69521084835931835 -0.58114035087719296 -0.49686529686529707 8.5000000000000018 0.57077594689671507 7.7500000000000009 5.2500000000000009 2.3853281853281865 1.0041977657685934 -0.16783216783216767 0.57738095238095244 28.500000000000004 1.5000000000000002 8.5000000000000018 5.5000000000000009 2.2795366795366796 42.500000000000007 1.5000000000000002 0.5240274599542335 -2.2499999999999996 0.062500000000000014 1.2640926640926646 0.0027210377714066555 0.37500000000000006 0.31250000000000006 1.9148550724637683 -0.05695216311707673 0.10837544681456425 1.6858552631578949 87.750000000000014 58.500000000000007 1.9860139860139865 16.500000000000004 3.4258310474147689e-16 -1.1629343629343631 -0.32614396506100213 0.24150581752294822 0.63920241694561786
decision_type=2 2 2 2 2 2 2 2 2 2 2 2 2 2 2 2 2 2 2 2 2 2 2 2 2 2 2 2 2 2 2 2 2 2 2 2 2 2 2 2 2 2 2 2 2 2
left_child=2 3 4 6 5 11 -2 21 14 -7 15 -1 27 24 16 33 17 28 -18 -19 -12 22 35 -5 25 32 -26 -13 -4 31 -10 -30 34 -11 -9 -8 37 -29 -38 -20 45 -28 -21 -32 -45 -15
right_child=1 -3 8 23 -6 9 7 13 30 10 20 12 -14 40 -16 -17 18 19 39 42 -22 -23 -24 -25 26 -27 41 36 29 -31 43 -33 -34 -35 -36 -37 38 -39 -40 -41 -42 -43 -44 44 -46 -47
leaf_value=0.032941057924265771 0.027300982944402565 0.041985221777868037 0.028403489613369776 -0.051245236494745966 -0.031316112464549337 0.022487886333594248 -0.010326472073996997 0.031637382791188592 0.012465794371441959 -0.034788047867390245 0.016323183758620411 0.032551913740232107 -0.024514960317201854 -0.057170471233522847 0.036134006681716541 -0.056854875580235067 -0.0019246904554600646 0.0043400819669274972 0.040651596013574008 -0.036843533040686091 -0.017885116077945819 0.025857533037031973 -0.026422796674016275 -0.010486642115467236 -0.0031479365498959925 -0.033120496532329499 -0.056084467376689151 0.02998177050862097 0.004146676424265968 0.031672541941126481 0.052637830709440385 -0.031807461829918691 -0.017698888517813149 0.0057721806291754739 0.00093239761018190962 0.01930734530820637 -0.019557840051375674 -0.0014490320104194022 0.011193918848320897 0.015336182126570091 -0.0076048964202056982 -0.021311673809073086 -0.011557898318956407 0.044333441113102529 0.014314097635035432 -0.028802368509635842
leaf_weight=51.551597163081169 29.911466494202614 27.200519770383835 50.291986480355263 27.459260694682598 28.837244406342506 27.50349947810173 27.277883626520634 28.666677623987198 42.063542723655701 18.559522427618504 40.126211382448673 33.346342355012894 22.449931293725967 17.105788420885801 35.101826742291451 19.457954175770283 45.035640090703964 44.979482650756836 49.634027868509293 26.280317068099976 29.680661879479885 36.763465866446495 25.121344588696957 21.405183576047421 28.428165055811405 19.748123690485954 16.453287959098816 29.925668522715569 28.770010367035866 31.234381154179573 26.401407837867737 24.665054202079773 19.726479269564152 18.951979860663414 34.752522882074118 42.120805315673351 28.99780385941267 25.470305889844894 20.912613444030285 31.158433005213737 11.135355595499275 16.863587360829115 21.779933959245682 31.495836541056633 25.191167905926704 16.417750183492899
leaf_count=151 89 80 152 145 119 85 94 103 138 91 155 99 85 147 125 112 146 142 137 96 130 124 111 95 119 112 97 94 91 90 81 88 87 78 151 142 111 106 78 94 65 104 72 99 82 129
internal_value=0 -0.00447321 0.0101012 -0.00757932 0.00232499 0.00504677 -0.00401802 -0.00684048 0.0160717 -0.00621355 -0.0125674 0.0132069 0.0067279 -0.0150424 0.0114983 -0.0298158 0.0089593 0.003127 0.0194195 -0.0113658 0.00173124 0.00625028 -0.00156681 -0.0339592 -0.00926299 -0.000790347 -0.0231444 0.0119259 0.0131282 0.00382927 0.0300806 -0.0127288 0.00719081 -0.014678 0.0150873 0.00767823 0.0051497 0.0157609 -0.00670598 0.0311953 -0.0356793 -0.0396179 -0.0258537 0.0387438 0.0314725 -0.0445142
internal_weight=0 446.558 909.854 419.357 395.771 366.934 370.493 340.581 514.083 154.28 126.776 212.654 161.103 209.298 388.931 56.9695 353.829 228.001 125.828 93.0397 69.8069 131.283 94.52 48.8644 164.639 102.894 61.745 138.653 134.961 84.6694 125.152 53.4351 83.1457 37.5115 63.4192 69.3987 105.306 55.396 49.9104 80.7925 44.6589 33.3169 48.0603 83.0884 56.687 33.5235
internal_count=5121 1994 3127 1914 1494 1375 1674 1585 1633 651 566 724 573 1114 1233 281 1108 731 377 310 285 471 347 240 773 453 320 488 421 269 400 179 341 169 254 236 389 200 189 231 341 201 168 262 181 276
is_linear=0
shrinkage=0.05


Tree=41
num_leaves=47
num_cat=0
split_feature=46 40 7 4 8 25 59 26 13 8 9 59 11 9 7 7 41 59 37 9 41 51 51 4 49 10 42 60 42 62 36 37 11 3 46 7 41 59 50 41 52 11 6 59 60 6
split_gain=20.9267 21.6487 22.9329 15.2899 10.8017 10.9803 10.869 10.4935 9.2891 8.75579 8.26333 9.47935 10.8689 8.33493 8.2244 11.0033 7.9857 7.26131 8.49318 8.86523 7.9761 7.75039 17.6646 7.65455 7.25889 8.77021 7.01121 6.86611 6.72109 6.63828 6.57631 6.45671 6.37148 5.74525 12.0336 5.70654 6.3805 5.63204 4.99327 4.81361 6.54825 4.70191 3.42046 3.33957 2.91304 2.8559
threshold=87.500000000000014 1.0000000180025095e-35 1.1538461538461544 0.62500000000000011 2.2826086956521743 0.47727272727272735 0.36447543099728863 0.0019790659310885412 0.062500000000000014 0.71739130434782628 0.95521235521235548 0.011826144619637555 -0.51977751977751974 1.200772200772201 -0.86013986013985988 0.71378621378621399 0.87083333333333346 0.69521084835931835 6.2500000000000009 1.5853281853281858 -0.29705882352941171 30.500000000000004 59.500000000000007 1.7500000000000002 65.500000000000014 0.40308880308880318 1.8786764705882355 6.5000000000000009 1.4606060606060607 1.5000000000000002 76.250000000000014 6.7500000000000009 0.13981153981153979 22.500000000000004 12.500000000000002 1.3048951048951052 -0.41042780748663094 0.26659387353423869 1.5000000000000002 -0.25543478260869562 2.5000000000000004 -0.95709695709695708 -1.1999999999999993 0.41202506375868281 3.5000000000000004 -1.6285714285714279
decision_type=2 2 2 2 2 2 2 2 2 2 2 2 2 2 2 2 2 2 2 2 2 2 2 2 2 2 2 2 2 2 2 2 2 2 2 2 2 2 2 2 2 2 2 2 2 2
left_child=1 3 8 4 6 -6 9 -8 16 -1 -11 12 27 -14 -10 31 37 18 19 21 38 -5 -23 39 25 -15 32 -12 30 33 -4 43 -9 -22 -35 36 -24 -3 -20 -19 -41 -31 -25 -16 -30 -36
right_child=-2 2 28 17 5 -7 7 26 14 10 11 -13 13 24 15 -17 -18 23 20 -21 29 22 35 42 -26 -27 -28 -29 44 41 -32 -33 -34 34 45 -37 -38 -39 -40 40 -42 -43 -44 -45 -46 -47
leaf_value=-0.025613178227017072 0.048332037224054936 0.0072456338714099681 -0.034463834778628584 0.024858678732523086 -0.042305037638162346 -0.00030439934677400693 -0.0071379035026332416 0.02694151324468266 0.013989163108011182 0.027881454347151186 0.0060073585623248577 -0.030738412267422272 -0.015420521688472584 0.0064015572688642525 -0.00028969840620967263 0.0099001853009231377 -0.01189135435796118 0.027829342675212455 0.017248702849276876 -0.021694586713018257 0.036422980590495119 -0.034460992315333443 0.018691598375202203 0.024599038352348543 -0.0010337695584085541 0.04907802177704039 0.036444949587589585 -0.031944286937508067 -0.023828577414037454 0.0084407973944684665 0.0070441935167955246 -0.048825074680623574 -0.0062448965077847064 -0.015250810372910904 0.035583355976342754 0.031301141112641338 -0.0099589830708291388 0.034222227969694229 0.045950325226698362 0.023114523898743647 -0.010265729760764295 -0.022773601107970276 0.052286893985734599 -0.029203391396360495 -0.055900079616794045 0.012102901809308347
leaf_weight=34.165161043405533 26.770713195204735 43.980868257582188 19.58130506798625 43.950275003910065 26.028540208935738 36.711855478584766 39.316250648349524 28.13878707587719 28.666962094604969 24.762498021125793 19.436755813658237 24.317225381731987 20.961414746940136 21.384334042668343 19.612381871789694 27.019811321049929 26.666632190346718 38.552951171994209 32.868612304329872 30.879817962646484 28.104729294776917 26.984499409794807 35.814839661121368 26.259774997830391 27.424805946648121 27.585866034030914 49.707284413278103 28.722499780356884 12.972036264836786 27.300448395311832 17.259742919355631 22.5234330072999 28.109819374978542 29.009296730160713 26.772373393177986 23.756335526704788 40.226847246289253 34.555549383163452 30.59385222196579 26.049352869391441 31.268180429935455 20.105242200195789 24.075720325112343 19.390909880399704 24.83375745639205 27.199055343866348
leaf_count=149 81 143 148 133 145 151 154 90 93 87 91 109 84 93 95 135 84 116 100 107 79 99 114 89 106 94 148 144 101 89 97 136 95 101 78 69 138 100 84 79 105 78 83 75 195 88
internal_value=0 0.00445671 -0.00738631 0.00795583 0.000912515 -0.0181192 0.0041447 0.014791 0.000698874 -0.00265106 0.00149074 -0.00249784 0.00239905 0.0119788 -0.00894628 -0.0164449 0.0114282 0.013344 0.00998661 0.00253619 0.0167125 0.00701953 0.000689286 0.0229366 0.0195988 0.0309431 0.0229186 -0.0168166 -0.0311676 0.0105973 -0.0153454 -0.0279878 0.0105375 0.0172363 0.0103817 0.0104412 0.0036026 0.0193962 0.0315833 0.0143977 0.00504096 -0.00499454 0.0386028 -0.0150351 -0.0457932 0.0241857
internal_weight=0 1303.61 297.063 1006.55 436.773 62.7404 374.033 145.272 222.417 228.761 194.595 169.833 145.516 97.3564 117.213 88.5465 105.203 569.772 423.566 201.613 221.954 170.733 126.783 146.206 76.395 48.9702 105.956 48.1593 74.6468 158.491 36.841 61.5267 56.2486 111.085 82.9807 99.798 76.0417 78.5364 63.4625 95.8705 57.3175 47.4057 50.3355 39.0033 37.8058 53.9714
internal_count=5052 4971 1402 3569 1740 296 1444 487 861 957 808 721 612 377 534 441 327 1829 1357 660 697 553 420 472 293 187 333 235 541 513 245 306 185 346 267 321 252 243 184 300 184 167 172 170 296 166
is_linear=0
shrinkage=0.05


Tree=42
num_leaves=52
num_cat=0
split_feature=9 41 12 45 45 41 27 22 52 29 40 0 1 3 12 20 51 3 38 26 54 45 54 41 55 54 65 18 7 57 8 59 7 35 26 41 22 37 19 9 55 53 26 26 42 26 26 11 9 62 7
split_gain=18.6869 18.0411 14.308 11.9323 11.932 13.919 18.9443 11.6967 13.9273 11.2646 11.7657 10.7121 13.5664 9.62117 8.44559 11.5816 9.60992 10.8679 8.88695 10.7502 8.7166 6.98389 6.93731 7.51032 6.91487 6.89499 7.76618 6.73578 6.6597 6.20182 6.46556 7.67127 6.16518 5.20874 5.12374 4.92526 4.45453 4.43157 4.69412 4.42256 4.46275 4.01463 3.60972 3.44375 3.1972 3.0444 2.45516 2.33836 2.14709 2.07944 1.65768
threshold=1.9220077220077225 -0.15268065268065265 0.14583333333333334 22.500000000000004 68.500000000000014 0.34057971014492755 0.86851851851851858 0.58650149687184827 9.5000000000000018 0.98611111111111127 -1.7499999999999998 81.750000000000014 87.250000000000014 52.500000000000007 0.18750000000000003 1.6370967741935518 49.500000000000007 62.500000000000007 1.0000000180025095e-35 0.0053373536176074847 94.500000000000014 46.500000000000007 96.500000000000014 -0.55050505050505039 7.5000000000000009 52.500000000000007 0.35387457207787903 9.5000000000000018 0.39860139860139882 62.562500000000007 0.90325239977413907 0.36447543099728863 0.8481518481518483 83.250000000000014 0.0062989033926870693 0.078461538461538485 2.2537565268589166 9.2500000000000018 1.7500000000000002 1.2240768240768245 7.5000000000000009 3.5000000000000004 0.013220197791091107 0.0039140291514236517 1.851648351648352 0.0038011629490568234 0.0048264121440916618 -0.68952668952668972 0.73667953667953689 1.5000000000000002 -0.20979020979020965
decision_type=2 2 2 2 2 2 2 2 2 2 2 2 2 2 2 2 2 2 2 2 2 2 2 2 2 2 2 2 2 2 2 2 2 2 2 2 2 2 2 2 2 2 2 2 2 2 2 2 2 2 2
left_child=1 2 3 39 5 7 -7 -3 14 -2 21 50 33 43 16 -16 18 20 19 -9 -18 36 23 -14 -22 -15 -27 -10 -12 -20 31 -31 35 -13 -25 45 -11 38 47 44 -41 -34 -19 -4 48 -17 -32 -30 -1 -49 -5
right_child=9 4 13 11 -6 6 -8 8 27 10 28 12 22 25 15 32 17 42 29 -21 24 -23 -24 34 -26 26 -28 -29 37 30 46 -33 41 -35 -36 -37 -38 -39 -40 40 -42 -43 -44 -45 -46 -47 -48 49 -50 -51 -52
leaf_value=0.015788633087715689 0.025004521117080347 0.037273567537229345 -0.0052877906985288369 0.042383515955932372 0.034645295371281269 -0.0019345622143154115 -0.056296097306933052 -0.026562252987306734 -0.042430463828450504 -0.0052661485708284123 0.0037643016589155131 0.00026591973713428968 0.043011480521855008 0.023287681931964184 0.026682733689809335 0.015035122954533282 -0.042283935305472281 0.026883624344999271 0.0051070867724780974 0.020185131288524529 0.016000411048853174 -0.023413209955552135 -0.0047398315998916328 0.021920155524557727 -0.021444885128211615 -0.025106969021950944 0.013590356271210018 -0.0025773858362291451 -0.056368474919233164 -0.0052225400207374234 0.051106905099678225 0.03239690838342487 -0.05099544768133292 -0.032097920202853424 -0.0053032698836406903 -0.026832618349282758 0.017750026546285949 -0.0038086255133562017 -0.0076648096179091118 0.0058859443734594341 0.032753801736937004 -0.012882192457262787 0.0005070496637962997 -0.034667248453859753 0.04753808752989977 -0.0089515505740864823 0.027201497766010854 -0.018939000687008281 0.035511476110846193 -0.048237985430916973 0.021338855575519781
leaf_weight=25.251237541437149 21.773635867983103 22.719840280711651 20.242478474974632 23.952303767204285 25.084560595452785 46.762520857155323 23.44238630309701 24.168830320239067 24.206711530685425 41.937425874173641 15.871005386114119 24.369467750191689 27.029121704399586 43.161643363535404 19.885628622025251 23.430631347000599 20.546643510460854 26.33428131043911 44.017108984291553 23.07401380687952 22.369457878172398 25.360574260354042 35.225253477692604 47.832993149757385 25.143578134477139 22.371268317103386 28.164969593286514 18.535571306943893 22.135693181306117 25.029613986611366 26.241460129618645 27.942428633570671 14.652777824550869 24.345823794603348 26.241140052676201 19.591498672962189 40.455722272396088 12.229573518037794 11.642617247998713 34.172131009399891 28.062326341867447 13.979564491659401 24.759576998651028 19.514110282063484 38.253541097044945 27.88378106802702 25.723209582269192 16.781854059547197 38.658727645874023 11.097235590219496 21.334571182727814
leaf_count=89 78 67 84 88 75 144 122 99 112 147 69 78 74 138 77 92 92 85 156 78 80 94 113 138 109 96 97 72 180 92 79 81 101 85 85 104 132 107 67 109 83 73 84 87 123 111 89 112 118 96 74
internal_value=0 0.00754826 0.0142663 0.0190407 0.00157599 6.37217e-05 -0.0206223 0.00300222 0.00129714 -0.00838113 -0.012169 0.0116162 0.00619763 0.000107913 0.00399423 -0.00728813 0.00827643 -0.00291207 0.0150517 -0.00378509 -0.0158964 -0.000988107 0.0142711 0.0208763 -0.00384897 0.00884923 -0.00369486 -0.0256018 -0.0254327 0.0210115 0.0275716 0.0148541 -0.0142727 -0.0162284 0.0123339 -0.00617141 0.00611232 -0.0316708 -0.0370482 0.0293097 0.0183274 -0.0334496 0.0143569 -0.0202052 0.0357573 0.00207902 0.0400104 -0.0436038 0.0280821 -0.0318679 0.0331446
internal_weight=0 1123.71 528.183 394.729 595.526 570.441 70.2049 500.236 477.516 219.285 197.512 230.331 185.044 133.454 434.774 119.424 315.35 119.154 196.197 47.2428 68.0597 107.754 136.329 101.103 47.513 93.6979 50.5362 42.7423 89.758 148.954 104.937 52.972 99.5383 48.7153 74.0741 70.9059 82.3931 73.887 61.6574 164.398 62.2345 28.6323 51.0939 39.7566 102.164 51.3144 51.9647 50.0148 63.91 27.8791 45.2869
internal_count=5115 4033 1759 1257 2274 2199 266 1933 1866 1082 1004 735 573 502 1682 558 1124 450 674 177 281 373 410 297 189 331 193 184 631 497 341 173 481 163 223 307 279 562 455 522 192 174 169 171 330 203 168 388 207 208 162
is_linear=0
shrinkage=0.05


Tree=43
num_leaves=48
num_cat=0
split_feature=12 46 7 18 62 3 25 3 59 11 12 49 39 18 22 65 46 65 10 11 37 42 3 65 1 12 6 7 35 6 53 7 22 15 23 20 10 42 28 52 2 25 24 54 6 10 57
split_gain=23.4286 17.8271 15.8547 13.9545 10.9174 18.8037 12.1689 11.3713 13.8561 9.94802 9.55334 7.90641 10.0501 13.0301 7.99461 7.88609 9.08619 7.7549 7.67967 7.85465 7.44569 10.7355 10.077 10.7995 7.16392 6.5048 6.20229 6.08927 5.50663 9.39548 5.44013 8.1189 7.36609 5.02969 5.02064 6.62661 4.97261 6.24028 5.83126 5.75453 6.51671 4.66304 3.82863 3.60575 3.18668 2.64711 2.07771
threshold=0.062500000000000014 83.500000000000014 2.2867132867132876 5.5000000000000009 1.5000000000000002 77.500000000000014 0.68333333333333346 107.50000000000001 0.097680735332368748 0.92226152226152247 0.14583333333333334 52.500000000000007 1.0000000180025095e-35 5.5000000000000009 1.5733110562994257 2.6232196610243244 51.500000000000007 0.31577160873212823 0.62934362934362909 2.046353646353646 7.7500000000000009 1.3021739130434786 67.500000000000014 -1.5308958414865332 87.250000000000014 0.18750000000000003 -3.4258310474147679e-16 1.898601398601399 83.750000000000014 0.34285714285714336 6.5000000000000009 1.0234965034965036 1.1862892563345437 17.500000000000004 1.0000000180025095e-35 2.7500000000000004 -1.5069498069498068 2.1291666666666669 1.0000000180025095e-35 1.0000000180025095e-35 73.500000000000014 0.35681818181818187 0.37500000000000006 57.500000000000007 1.0000000180025095e-35 0.3474903474903473 69.562500000000014
decision_type=2 2 2 2 2 2 2 2 2 2 2 2 2 2 2 2 2 2 2 2 2 2 2 2 2 2 2 2 2 2 2 2 2 2 2 2 2 2 2 2 2 2 2 2 2 2 2
left_child=2 3 11 15 7 6 26 8 9 10 24 20 -13 -14 -15 16 25 -9 -4 -20 21 -1 23 -22 43 28 -6 33 29 -2 31 32 -12 34 44 -36 37 -23 39 -38 -41 -27 -26 -5 -10 -31 -28
right_child=1 -3 18 4 5 -7 -8 17 27 -11 30 12 13 14 -16 -17 -18 -19 19 -21 22 36 -24 -25 42 41 46 -29 -30 45 -32 -33 -34 -35 35 -37 38 -39 -40 40 -42 -43 -44 -45 -46 -47 -48
leaf_value=0.0010283345483469858 0.029486897814310315 0.044796189012060811 -0.026545208936273903 -0.01586798610279078 -0.01692242025218197 0.020635125368513359 -0.00099036170760591954 -0.032363556637413207 0.022254911541408417 -0.028492954668604843 -0.053524680845739858 -0.017628957311805346 0.042135121211048593 -0.012464377392168831 0.02088615232576433 -0.048234364084448811 0.012566503592077064 0.0055406375385776314 0.022470035985548517 -0.016236976396551129 0.012869935800036045 0.0054071993637101606 0.031142476060243708 -0.033917105342111668 0.0074229008384012092 -0.018852721071393519 -0.065598800317049344 -0.0052893972491795732 -0.030754144078165065 -0.031974918241767389 0.013146474270872269 0.0088116794395292387 -0.012915778087741723 0.0019948013624022328 -0.0027851535616172972 0.027095394834053356 0.047178363726000316 0.037522809069340433 0.055219666122670555 0.0061352413200909508 0.036881618507063431 -0.056138889601041131 0.029127056440302723 0.011066287283767434 0.044618508761858439 -0.0011576096697000838 -0.034286255758718492
leaf_weight=37.676050528883934 16.718647066503763 19.903725534677505 30.831377118825912 27.216281935572624 20.030313838273287 30.303437642753124 33.038867354393005 32.216943629086018 36.968831464648247 27.966272968798876 16.378982339054346 32.139961913228035 28.408227249979973 39.17152763903141 31.530792392790318 15.878270775079725 29.131838075816631 22.295212984085083 27.442524872720242 23.357524245977402 29.553305841982365 38.600972890853882 27.378307059407234 19.730926148593426 36.370535209774971 20.963518526405096 17.664516776800159 27.250868294388056 18.794699843972921 13.403463296592237 19.746392760425806 22.426313161849976 33.871485985815525 32.314578887075186 31.798238180577755 42.981848485767841 31.23409029841423 24.312698170542717 30.299980111420155 36.596580497920513 32.407151684165001 15.03674193844199 47.743505403399467 21.275393836200237 33.691123604774475 13.649837404489515 13.423101074993609
leaf_count=119 59 62 128 108 82 108 129 135 115 137 97 111 76 132 103 78 111 79 96 87 117 130 86 82 123 126 123 109 98 90 97 125 156 114 108 133 93 75 82 127 95 105 146 80 96 82 69
internal_value=0 -0.000766053 0.012885 -0.00199948 0.00122764 -0.0126669 -0.02476 0.00434936 0.00692679 -0.000908842 0.00263016 0.0166418 0.00630339 0.0141628 0.00249267 -0.0160027 -0.0116514 -0.0170404 -0.0072776 0.00470293 0.0210158 0.0254843 0.00738911 -0.00616324 0.0111965 -0.0188634 -0.0398091 0.0165541 -0.00886958 0.00100419 -0.00964889 -0.0159368 -0.0269382 0.0199137 0.0238542 0.0145204 0.0302175 0.018211 0.0358216 0.0294705 0.0208957 -0.0355229 0.0199397 -0.00406593 0.0333919 -0.0170215 -0.0535685
internal_weight=0 790.454 520.672 770.55 626.973 114.46 84.1568 512.513 458.001 252.995 225.029 439.041 131.251 99.1105 70.7023 143.577 127.699 54.5122 81.6314 50.8 307.79 231.128 76.6625 49.2842 132.606 98.5669 51.1179 205.005 62.5666 43.7719 92.4232 72.6768 50.2505 177.755 145.44 74.7801 193.451 62.9137 130.538 100.238 69.0037 36.0003 84.114 48.4917 70.66 27.0533 31.0876
internal_count=5019 3280 1739 3218 2469 511 403 1958 1744 1069 932 1428 422 311 235 749 671 214 311 183 1006 721 285 199 457 560 274 675 329 231 475 378 253 566 452 241 602 205 397 315 222 231 269 188 211 172 192
is_linear=0
shrinkage=0.05


Tree=44
num_leaves=50
num_cat=0
split_feature=4 40 8 53 3 35 41 0 26 64 27 7 0 22 58 39 58 22 58 54 22 8 0 59 22 59 41 50 49 0 37 11 59 25 7 26 50 64 25 55 12 49 26 49 26 8 26 12 58
split_gain=15.1785 13.7194 10.9789 11.3202 16.9178 10.1226 10.509 10.0864 9.13731 8.32716 8.1438 9.29841 7.86821 6.8749 8.13498 7.19164 11.8127 9.10514 7.15567 6.68103 6.68017 8.63303 8.90905 12.8967 12.4308 8.03538 7.12175 6.35354 6.34429 7.92753 8.51268 6.19855 5.97893 8.7182 5.67957 5.54664 5.29653 5.29205 5.21317 4.90124 4.79702 4.48925 3.75734 3.54671 3.34475 3.04064 1.69167 0.367714 0.343574
threshold=1.0000000180025095e-35 -1.7499999999999998 1.3619943034764403 7.5000000000000009 37.500000000000007 87.750000000000014 0.87083333333333346 79.750000000000014 0.0013582186168038339 1.5000000000000002 0.8633333333333334 -0.8181818181818179 83.250000000000014 0.79754813134226976 0.039769539193789977 1.0000000180025095e-35 0.35846314187849709 0.95606509638714188 1.0000000180025095e-35 76.500000000000014 0.68577875278461764 0.44608695652173924 78.750000000000014 0.41202506375868281 1.1816170682339588 0.96177147954086928 -0.051315789473684204 1.0000000180025095e-35 13.500000000000002 85.750000000000014 5.7500000000000009 -0.42838782838782824 -0.24372464231556024 0.63068181818181823 0.27132867132867139 0.011598109438896482 1.0000000180025095e-35 1.5000000000000002 0.6515151515151516 6.5000000000000009 0.062500000000000014 3.5000000000000004 0.0053373536176074847 71.500000000000014 0.0054521726897098837 0.75830927374007751 0.0080736980293539401 0.14583333333333334 0.17646842360078763
decision_type=2 2 2 2 2 2 2 2 2 2 2 2 2 2 2 2 2 2 2 2 2 2 2 2 2 2 2 2 2 2 2 2 2 2 2 2 2 2 2 2 2 2 2 2 2 2 2 2 2
left_child=20 7 5 4 32 6 10 36 -9 19 -3 35 -5 14 -13 16 -15 -17 39 40 -1 -22 25 24 -24 47 27 -26 48 34 43 -32 -4 -34 -30 42 -2 -29 45 -19 -7 -25 -12 -31 -28 -20 -38 -23 -10
right_child=1 2 3 12 -6 9 -8 8 28 -11 11 13 -14 15 -16 17 -18 18 38 -21 21 22 23 41 26 -27 44 37 29 30 31 -33 33 -35 -36 -37 46 -39 -40 -41 -42 -43 -44 -45 -46 -47 -48 -49 -50
leaf_value=0.023065245808494297 0.01546419884169844 0.030671629962488851 -0.049624243222488436 -0.0060732836215149286 0.0090603994490909539 -0.0094106715673636585 -0.021397841437787134 -0.014092877784490183 0.034663380668413353 0.0148944087486007 0.018258151117028623 0.03685324222228268 0.035268661285724236 0.0055692598842108244 -0.00095760764617920007 -0.017266170298793043 -0.037127296240087447 0.010744155735602237 0.042681793331179718 0.0029450181838300078 -0.047584040994610943 -0.031582380467467662 -0.04325992368292636 0.035064905997756156 0.028848438980392507 0.004581087710240587 -0.050213043872028698 -0.021851338309217951 0.0082581299509765314 0.01179767180573173 0.0096554721184363822 0.034939667174253432 -0.035983550549139626 0.011112110452386708 -0.024539008473274004 0.0079819750276515448 0.031002382834256888 0.011687620177794789 0.0066245610772006254 -0.017088414022363604 -0.041334436903339752 0.0035972399173788447 0.043615436546375674 -0.013650242672507971 -0.004634229495481635 0.017352368485006896 0.053192360792186179 -0.055496432860927404 0.023423287243593369
leaf_weight=16.178965076804161 33.710169836878777 49.725431188941002 27.312192298471928 24.719379670917988 39.555193319916725 22.589395612478256 24.354020610451698 30.983207002282143 26.760923407971859 30.91579183191061 31.006158396601677 31.851412519812584 20.141770847141743 37.071236059069633 25.002489052712917 32.684705957770348 27.471228927373886 34.524780511856079 25.822872847318649 30.392376936972141 12.853120379149912 8.1603220477700287 22.309678841382265 23.920900706201792 19.443519465625286 10.758615266531704 8.5614437051117402 21.860553406178951 28.402462385594845 27.684873759746552 42.951289519667625 57.845181033015251 25.79536721855402 14.912214539945124 23.087444946169853 42.700575575232506 25.378984823822975 23.305772110819817 40.672634050250053 27.524735346436501 25.402926057577133 21.253532409667969 31.520481064915657 25.19603143632412 7.3361327908933154 25.343393921852112 21.374426439404488 12.423830706626175 25.833101376891136
leaf_count=62 117 142 136 122 153 75 81 107 84 112 95 94 71 125 84 119 109 109 76 111 70 64 142 82 90 74 103 123 96 83 132 157 153 72 81 141 83 112 138 98 117 83 90 83 63 87 80 132 77
internal_value=0 0.00778496 0.00388704 -0.00805194 -0.0168077 0.00694603 0.0100278 0.0156608 0.0112272 -0.00675903 0.0117236 0.00937478 0.0128527 0.00495653 0.0204961 0.00137094 -0.0128929 0.00634775 0.0114423 -0.0153794 -0.00688874 -0.00951671 -0.00653964 -0.00133503 -0.0111042 -0.0303132 -0.00177204 0.00570504 0.0143135 0.0102488 0.015912 0.0243663 -0.031764 -0.0188784 -0.00663504 0.0221373 0.0312376 -0.00466697 0.0202289 -0.00167739 -0.0268071 0.0206586 0.0315264 -0.000355738 -0.0306991 0.0307089 0.0420485 -0.0479185 0.0296825
internal_weight=0 1118.22 749.013 152.436 107.575 596.577 487.276 369.208 288.745 109.3 462.922 413.197 44.8612 307.969 56.8539 251.116 64.5425 186.573 153.888 78.3847 208.366 192.187 179.334 147.992 102.817 31.3428 80.5074 64.6098 257.761 205.167 153.677 100.796 68.0198 40.7076 51.4899 105.227 80.4636 45.1663 91.8389 62.0495 47.9923 45.1744 62.5266 52.8809 15.8976 51.1663 46.7534 20.5842 52.594
internal_count=5090 3890 2710 707 514 2003 1588 1180 900 415 1507 1365 193 1039 178 861 234 627 508 303 1200 1138 1068 798 633 270 491 325 793 632 455 289 361 225 177 326 280 235 301 207 192 165 185 166 166 163 163 196 161
is_linear=0
shrinkage=0.05


Tree=45
num_leaves=48
num_cat=0
split_feature=9 40 40 0 37 62 59 45 40 7 7 45 9 26 3 59 41 60 25 59 6 42 41 12 26 9 11 37 10 25 7 35 59 41 51 5 51 45 24 0 9 64 9 42 65 42 60
split_gain=15.0452 14.0118 13.6353 12.1095 12.2541 13.902 10.824 10.1006 12.2195 13.9126 12.7887 11.0671 10.1435 9.61814 9.20863 9.26077 8.9757 8.66719 7.79691 7.76962 7.61875 13.888 7.06884 6.86536 7.47617 7.42197 6.67384 6.50461 6.15224 5.84244 5.62906 7.462 5.56431 5.19607 5.06795 4.72853 4.6899 4.64136 4.19391 4.10865 3.72668 3.61465 3.18574 3.02427 3.0035 0.855868 0.0165381
threshold=1.5853281853281858 -3.7499999999999996 -2.2499999999999996 78.750000000000014 6.2500000000000009 1.5000000000000002 0.33222858587828868 65.500000000000014 0.75000000000000011 1.0234965034965036 0.71378621378621399 3.5000000000000004 0.65096525096525115 0.00081118825799048478 27.500000000000004 -0.50557503990954278 0.82085561497326209 9.5000000000000018 0.35681818181818187 -0.16799793862756093 -1.6285714285714279 1.5751879699248124 -0.18898809523809521 0.22916666666666671 0.0069616342807051054 0.82393822393822413 -1.3401409401409401 6.2500000000000009 0.43552123552123517 0.47727272727272735 2.0769230769230775 86.250000000000014 0.14888728888808328 -0.11324786324786323 14.500000000000002 -1.0000000180025095e-35 94.500000000000014 15.500000000000002 0.37500000000000006 88.250000000000014 0.93946968606367409 2.5000000000000004 1.2872586872586878 2.1213235294117649 1.0468179961504429 2.296703296703297 4.5000000000000009
decision_type=2 2 2 2 2 2 2 2 2 2 2 2 2 2 2 2 2 2 2 2 2 2 2 2 2 2 2 2 2 2 2 2 2 2 2 2 2 2 2 2 2 2 2 2 2 2 2
left_child=2 -2 19 13 29 14 22 8 11 10 32 12 17 -3 39 -16 -12 -4 -15 36 21 -13 -7 24 26 -25 -22 -23 34 -5 31 -26 -10 40 38 -20 44 -35 -14 -6 -28 -11 -42 -21 -1 -37 -30
right_child=1 3 7 4 5 6 -8 -9 9 41 16 20 28 18 15 -17 -18 -19 35 43 23 27 -24 25 30 -27 33 -29 46 -31 -32 -33 -34 37 -36 45 -38 -39 -40 -41 42 -43 -44 -45 -46 -47 -48
leaf_value=0.0064576977957583647 0.020909357300674867 0.003562564447279508 -0.021796108609356185 -0.037853255673949489 -0.012007053625279563 -0.0074685532301640477 0.015781182193760686 0.028619281165679036 -0.03311306203114283 -0.056264171036878176 0.032338665530993953 0.034095895555269089 0.03389356317220811 -0.0025396117201198273 0.055878425538550429 0.010869380688978031 -0.0064026115708998646 0.018783906616196961 -0.015378866927512738 0.023587955733867863 0.029562417202443764 -0.015310139767986683 -0.045283064943243218 0.0020534310801536919 0.011447589484287006 -0.03592802091361904 0.028345498973962314 0.017141167497578016 0.041249743389931065 -0.0077091859561003537 -0.027742427365959995 -0.018704842675986211 -0.0033606454959864691 0.0030383584804736055 -0.004264172962876382 -0.061997822830296867 -0.0072891467637895418 -0.026900995971525322 0.0080259885255172282 0.01661464663051616 -0.0069046905275493252 -0.01966499206676503 0.017219618209308205 0.046304364427655037 0.030273495731524349 -0.038306861185299718 0.031248095923342101
leaf_weight=26.292341664433479 46.677085980772972 22.273216240108013 26.496013924479485 26.981724575161934 24.440160062164068 28.366762943565845 24.192429840564728 41.929202519357204 28.169235069304705 14.749513603746891 32.530136913061142 46.28216128051281 34.988953627645969 14.621590990573166 22.155849862843752 23.757494445890188 26.474436774849892 24.246337622404099 11.720358252525328 37.214222498238087 29.448341891169548 36.281386211514473 21.583693988621235 23.825185753405094 45.867438673973083 26.69360788166523 22.750961318612099 25.369694545865059 26.671680018305779 39.350646801292896 27.14556872844696 35.508320279419422 34.620629422366619 33.786259226500988 24.04377593845129 20.425059992820024 24.30258883535862 19.810156315565109 29.164757631719112 23.745886027812958 28.450497098267078 14.68932818621397 24.678484976291656 29.217075198888779 27.145511165261269 13.974500846117733 26.530992887914181
leaf_count=85 141 116 93 138 103 108 95 129 150 97 99 139 108 106 79 102 82 80 62 131 89 126 160 95 150 158 71 79 79 141 108 132 122 122 86 180 81 89 93 81 99 79 83 99 86 86 84
internal_value=0 -0.00438972 0.00754224 -0.00816196 -0.00231772 0.00487038 -0.0112375 0.00500953 0.00368719 -0.00901145 -0.00144289 0.00680407 0.0167325 -0.0244519 0.0175468 0.033317 0.015139 -0.00241739 -0.0346158 0.0216602 0.00229616 0.0137089 -0.0243763 -0.00160872 0.00160508 -0.0183234 0.00849191 -0.00189583 0.0235733 -0.0203508 -0.00846584 -0.00177677 -0.0170182 0.00350975 0.0151922 -0.0445153 0.0107172 -0.00831778 0.0224376 0.00214863 0.0118634 -0.039248 0.00441219 0.0341174 0.0188896 -0.0537276 0.0369307
internal_weight=0 364.266 955.375 317.589 234.575 168.242 74.1429 811.203 769.274 151.233 121.794 618.041 192.143 83.0147 94.0994 45.9133 59.0046 50.7424 60.7415 144.172 425.898 107.933 49.9505 317.965 267.446 50.5188 158.925 61.6511 141.4 66.3324 108.521 81.3758 62.7899 129.476 88.1975 46.1199 77.7404 53.5964 64.1537 48.186 75.8799 29.4388 53.129 66.4313 53.4379 34.3996 53.2027
internal_count=5101 1698 3403 1557 1007 728 363 2921 2792 629 453 2163 623 550 365 181 181 173 434 482 1540 344 268 1196 943 253 553 205 450 279 390 282 272 464 287 328 252 211 201 184 253 176 182 230 171 266 163
is_linear=0
shrinkage=0.05


Tree=46
num_leaves=50
num_cat=0
split_feature=47 13 58 62 18 59 65 10 22 36 15 8 55 7 8 53 59 39 35 50 59 26 42 3 22 51 53 3 27 10 41 52 3 26 59 8 3 41 59 53 38 41 3 8 27 8 10 53 58
split_gain=17.0045 16.7682 15.6496 14.0375 11.8968 12.1808 14.5393 11.6885 11.3862 10.9137 10.9105 10.6323 13.512 10.3284 8.5704 10.2773 10.3902 8.49684 9.58657 9.18377 8.30527 9.71836 9.63287 8.74853 7.98068 7.07404 7.27987 6.97713 6.5684 6.3905 6.34774 8.41433 7.98601 6.26448 5.9569 5.90687 5.49936 5.41207 5.09162 4.79367 7.51065 7.4888 6.39375 6.29195 4.05178 3.54724 3.00362 2.69168 1.62528
threshold=4.5000000000000009 0.062500000000000014 0.39036257410962044 1.5000000000000002 6.5000000000000009 0.36447543099728863 0.39197753542362973 -3.1135135135135132 0.97558922682193983 74.750000000000014 17.500000000000004 0.83217391304347832 5.5000000000000009 3.5454545454545463 1.6408695652173915 6.5000000000000009 0.1318557721318592 1.0000000180025095e-35 87.250000000000014 1.0000000180025095e-35 -0.97874870457683594 0.0027500278761866301 1.3205128205128207 37.500000000000007 1.2241145341831625 77.500000000000014 6.5000000000000009 192.50000000000003 0.97007514761137958 -1.5861003861003857 -0.063508064516129017 2.5000000000000004 37.500000000000007 0.0052296541475537325 0.33222858587828868 0.34173913043478271 12.500000000000002 -0.41042780748663094 0.67007489853957602 5.5000000000000009 1.5000000000000002 -0.3100961538461538 17.500000000000004 0.88434782608695672 0.65000000000000002 1.0332304402653658 -2.0239382239382233 4.5000000000000009 -0.73866753694953124
decision_type=2 2 2 2 2 2 2 2 2 2 2 2 2 2 2 2 2 2 2 2 2 2 2 2 2 2 2 2 2 2 2 2 2 2 2 2 2 2 2 2 2 2 2 2 2 2 2 2 2
left_child=1 13 4 8 11 6 7 -6 9 -4 35 38 -13 20 15 16 24 48 -19 -20 -1 23 27 25 -10 26 36 -23 -24 -5 32 -32 -14 -21 -17 -7 -22 -8 -3 40 41 -30 -41 -43 -29 -37 -16 -31 -9
right_child=-2 2 3 29 5 10 37 17 14 -11 -12 12 30 -15 46 34 -18 18 19 33 21 22 28 -25 -26 -27 -28 44 39 47 31 -33 -34 -35 -36 45 -38 -39 -40 42 -42 43 -44 -45 -46 -47 -48 -49 -50
leaf_value=-0.011339530728643386 0.037617027828048523 -0.0036258683358785316 -0.051280663755636773 -0.012773698521149799 0.020608158180234384 0.010295209466891272 0.037718855066815361 -0.021985850599569812 -0.043313044734695952 -0.0015253144748934777 -0.0052952659377892147 -0.057585681410862025 0.014333075853875752 -0.020480463242042769 -0.0043709749616298232 0.034151717521841624 0.022375985764995266 -0.036430031938060013 0.030016052241058841 0.0094860330208025277 -0.028278754080326249 -0.015272117890753015 0.043672278273351128 0.025412395685893475 -0.0023772104361936262 -0.028520964289946767 0.022092131704172839 0.0015725311161543798 0.038801822917289834 -0.027533833304761331 -0.0012129404465709686 -0.0549424802679392 -0.023240679459219076 -0.028284709743517523 0.0015163259117836447 0.044905003731650017 0.0067551212157979977 0.0078169822058236169 0.024847259322876732 0.049496429463587135 -0.0051488661718866856 0.023118533494511234 0.017594548119047509 -0.010456330644136801 0.028848603006324164 0.021960724412803539 -0.034612510772972761 -0.059904866686432058 -0.046526234997584626
leaf_weight=34.49968907982111 35.985593229532242 35.280032180249691 22.208263024687767 23.996176067739725 28.287214674055576 35.963249891996384 26.684856921434402 16.010349936783314 18.851623587310314 21.108477368950844 32.699824284762144 16.241047982126474 37.365854240953922 24.869352981448174 15.04198022931814 36.648238308727741 21.297150172293186 18.638184681534767 20.718255534768105 20.820295095443726 20.628744050860405 29.583196133375168 34.932349793612957 29.280771672725677 30.059339873492718 23.631294600665569 27.771253347396851 28.807517722249031 37.066433563828468 13.966263279318808 14.679138168692591 13.56035006046295 21.397769764065742 21.363610796630383 22.397066794335842 42.425984293222427 22.59601903706789 34.874040491878986 26.981088936328888 26.792830936610699 35.806019090116024 34.104886010289192 40.391737908124924 22.394229866564274 25.026559561491013 33.328395493328571 17.989821650087833 18.631999790668488 17.244708113372326
leaf_count=116 110 139 84 120 93 117 79 73 94 89 121 91 149 97 60 126 66 84 79 93 93 118 100 94 132 99 95 86 116 91 108 121 100 110 73 122 77 128 85 77 129 108 136 81 82 113 109 122 93
internal_value=0 0.00321929 -0.00137403 -0.0112927 0.00369215 0.00891938 0.00105181 -0.00769262 -0.00515378 -0.0276161 0.019984 -0.0073197 -0.017099 0.0103695 0.000974227 0.00680582 -0.00610532 -0.0147841 -0.00592539 0.00354192 0.0120303 0.0138892 0.0185444 0.00200449 -0.0187067 -0.00542868 0.00254706 0.00391665 0.023776 -0.0331182 -0.00897285 -0.0280101 0.000491291 -0.0098546 0.0220039 0.0273645 -0.0102259 0.0211747 0.00891079 0.0200369 0.0142247 0.0216147 0.0308562 0.00986025 0.0145476 0.0352282 -0.0213743 -0.0472682 -0.0356982
internal_weight=0 1274.94 776.761 262.196 514.564 349.059 204.642 143.083 205.602 43.3167 144.417 165.505 103.244 498.183 162.285 129.253 70.2081 114.795 81.5403 62.9022 473.314 438.814 314.906 123.908 48.911 94.6273 70.996 83.4173 231.488 56.5944 87.0031 28.2395 58.7636 42.1839 59.0453 111.718 43.2248 61.5589 62.2611 196.556 129.372 93.5655 67.1846 56.4991 53.8341 75.7544 33.0318 32.5983 33.2551
internal_count=5078 4968 3264 1166 2098 1305 832 625 833 173 473 793 569 1704 660 491 292 532 366 282 1607 1491 1033 458 226 364 265 286 747 333 478 229 249 203 199 352 170 207 224 647 434 305 213 189 168 235 169 213 166
is_linear=0
shrinkage=0.05


Tree=47
num_leaves=50
num_cat=0
split_feature=12 47 41 60 57 39 33 52 7 41 58 8 27 24 8 3 53 21 0 42 37 26 8 42 58 3 7 9 42 8 18 26 54 41 6 57 53 26 10 37 0 12 36 46 3 36 41 7 26
split_gain=18.087 16.5464 17.295 17.307 12.0974 11.6752 10.9274 11.7419 10.4445 10.3001 7.73803 9.19675 8.99 7.90298 7.57787 7.48089 11.8803 8.97073 7.308 7.03281 6.93765 7.60509 6.89037 6.40166 5.90558 5.6834 9.01003 5.59647 6.93682 5.52817 9.83557 6.23133 7.44565 7.17885 5.10683 6.76672 6.18004 4.66426 4.51425 7.22572 4.32276 4.23464 3.83142 3.56374 3.1755 2.81541 2.13008 1.24688 1.07545
threshold=0.062500000000000014 4.5000000000000009 0.30217391304347835 10.500000000000002 61.437500000000007 1.0000000180025095e-35 1.0000000180025095e-35 2.5000000000000004 2.2867132867132876 0.92582417582417598 0.46800856592688472 2.1052173913043482 0.99358024691358027 0.87500000000000011 0.73687370600414093 52.500000000000007 6.5000000000000009 0.92016825471890717 84.250000000000014 1.7362318840579711 7.2500000000000009 0.0029156565636181881 1.053280896764619 1.8708333333333336 0.57077594689671507 27.500000000000004 1.4895104895104898 0.87593555997311878 1.804761904761905 1.6969565217391305 7.5000000000000009 0.0079819247852017747 75.500000000000014 -0.074175824175824162 1.5428571428571434 72.937500000000014 5.5000000000000009 0.0047855086620933142 -1.2633204633204633 5.7500000000000009 78.750000000000014 0.14583333333333334 74.750000000000014 38.500000000000007 42.500000000000007 79.750000000000014 -0.08514492753623186 0.79860139860139878 0.0052296541475537325
decision_type=2 2 2 2 2 2 2 2 2 2 2 2 2 2 2 2 2 2 2 2 2 2 2 2 2 2 2 2 2 2 2 2 2 2 2 2 2 2 2 2 2 2 2 2 2 2 2 2 2
left_child=8 2 3 5 41 6 7 14 9 15 18 12 -12 27 -2 16 17 20 19 -7 25 -22 48 46 43 26 -1 -14 -29 31 -31 33 -33 37 35 36 47 44 -6 -40 -4 -5 -21 -10 -20 -16 -18 -17 -9
right_child=1 -3 40 4 38 10 -8 22 24 -11 11 -13 13 -15 45 34 23 -19 29 42 21 -23 -24 -25 -26 -27 -28 28 -30 30 -32 32 -34 -35 -36 -37 -38 -39 39 -41 -42 -43 -44 -45 -46 -47 -48 -49 -50
leaf_value=-0.01820462696287687 0.012500948761820493 0.044883719516472402 -0.053865803973945275 0.0067919012700391164 0.034426656223402678 0.0016681636754840318 0.0072552919240619464 -0.062733488052598194 -0.027939964583052923 -0.014490078021932246 -0.031326133851016978 -0.040101490308783405 -0.027585463438196914 0.022128895608456958 -0.03625629729089612 0.037094236609780597 0.0041849085012216373 0.027736329389373277 0.013365277324271146 0.015973249693694087 -0.036631118518976845 0.003671535654628045 -0.01816475431869909 0.042556288040464157 0.01543907564170407 0.021217637588630198 0.020395571653972624 -0.013587566174128969 0.022129163138344548 -0.0094022907251566437 0.036650229418574723 -0.036901789381292759 0.0045705777985422698 -0.020885643595376074 0.007848182112474773 0.0080439052470287573 0.018256878616595567 0.028024091979668937 0.03109763581697729 -0.0020567208676323077 -0.013877575066338788 -0.027316268206309613 0.04544799295558765 -0.0025295041090413746 -0.012064339523333674 -0.0071358024560918805 0.025086935363973297 0.055391699458889665 -0.038759528047062085
leaf_weight=37.696067735552788 28.334111496806145 18.890132829546928 17.190442144870762 17.705882258713245 49.783760882914066 36.729901142418385 41.899273805320263 16.724571786820889 23.6669597402215 27.27926079928875 22.68741412460804 18.67184853553772 21.246143728494644 34.36088789626956 16.474356058984995 33.531961306929588 25.268664047122002 31.925129175186157 24.711953781545162 24.030186790972948 23.096985802054405 22.439197368919849 29.6070586591959 36.297445900738239 24.248783253133297 37.843865737318993 23.828666247427464 29.748418867588043 23.380074422806501 21.054122645407915 23.933932714164257 25.53890535980463 17.937763586640358 23.378546547144651 32.958365008234978 27.239279620349407 32.439161837100983 23.886728517711163 31.010282315313816 33.533909022808075 12.188516873866318 17.056131631135941 22.419108182191849 31.81942991912365 22.50247685611248 16.974910758435726 23.451043084263802 27.282832950353622 18.132013931870461
leaf_count=131 99 56 149 74 157 151 156 85 100 88 97 113 83 128 87 112 83 98 85 92 103 81 152 105 91 122 74 157 86 103 82 123 66 134 115 88 108 83 94 115 75 89 71 109 95 77 82 73 79
internal_value=0 -0.000138069 -0.00131025 0.000220646 0.0153678 -0.00366353 -0.0147406 -0.0220403 0.0118721 0.0148683 0.000836039 -0.00820918 -0.00340948 0.00264765 -0.00629333 0.0168269 0.0116162 0.00417648 0.00594921 0.0181411 -0.0011687 -0.0171188 -0.0368058 0.0268618 -0.00473639 0.00623823 -0.00316759 -0.00652681 0.00224862 0.000337441 0.0153621 -0.00463746 -0.0200729 0.00260131 0.0255856 0.0303327 0.0366888 0.0105065 0.0231751 0.0141037 -0.0382787 -0.0102393 0.0308575 -0.0136707 0.00124663 -0.0221143 0.0145482 0.0460662 -0.0516913
internal_weight=0 781.724 762.834 733.455 149.09 584.365 168.146 126.247 522.313 442.578 416.218 150.095 131.423 108.736 61.7834 415.299 261.847 176.83 266.124 83.1792 144.905 45.5362 64.4636 85.0172 79.7352 99.3686 61.5247 74.3746 53.1285 182.944 44.9881 137.956 43.4767 94.4797 153.452 120.493 93.254 71.1012 114.328 64.5442 29.379 34.762 46.4493 55.4864 47.2144 33.4493 48.7197 60.8148 34.8566
internal_count=5056 3293 3237 3013 529 2484 735 579 1763 1463 1749 664 551 454 263 1375 879 609 1085 314 511 184 316 270 300 327 205 326 243 771 185 586 189 397 496 381 293 263 366 209 224 163 163 209 180 164 165 185 164
is_linear=0
shrinkage=0.05


Tree=48
num_leaves=49
num_cat=0
split_feature=4 46 42 22 40 12 22 59 3 33 58 40 58 49 65 46 58 49 10 49 65 62 45 22 10 29 53 57 58 11 59 41 41 25 59 22 0 6 51 35 25 59 51 51 46 25 10 59
split_gain=16.6581 13.8714 10.7603 12.5657 10.2986 11.9424 10.9359 9.90886 9.31355 8.39242 11.6344 8.7772 8.92692 8.4596 7.98931 10.6988 7.97761 7.43461 10.232 8.53188 7.37154 7.62319 7.88768 13.1232 7.11206 6.9252 11.0876 5.89218 6.51376 5.97141 5.73378 5.66525 5.63808 5.30714 4.82312 4.88759 4.75796 5.21034 4.67923 8.37929 4.46517 3.66138 3.54465 3.07416 3.04505 2.21719 2.17079 1.8568
threshold=3.2500000000000004 87.500000000000014 3.8257575757575766 2.1106490820553021 1.0000000180025095e-35 0.062500000000000014 1.4018062483443783 0.96849880583763492 42.500000000000007 1.0000000180025095e-35 -0.38242426011641079 -0.74999999999999989 -0.96235977360714686 53.500000000000007 1.8921732736060097 35.500000000000007 0.074116354202380205 7.5000000000000009 -1.7444015444015442 1.5000000000000002 1.0468179961504429 1.5000000000000002 21.500000000000004 1.4244980743690803 0.31969111969112013 0.93055555555555569 6.5000000000000009 73.687500000000014 0.27694220057652758 -0.45684045684045699 -0.7614016681079937 0.078461538461538485 -0.27525252525252519 0.5634920634920636 0.82777578779003613 1.0565499099442159 84.750000000000014 0.34285714285714336 69.500000000000014 82.250000000000014 0.52272727272727282 -0.18493013702746822 56.500000000000007 44.500000000000007 51.500000000000007 0.52272727272727282 0.23430152123102196 -0.6652727025667432
decision_type=2 2 2 2 2 2 2 2 2 2 2 2 2 2 2 2 2 2 2 2 2 2 2 2 2 2 2 2 2 2 2 2 2 2 2 2 2 2 2 2 2 2 2 2 2 2 2 2
left_child=1 2 3 4 5 20 14 9 -8 10 11 12 -7 17 15 25 -15 19 -19 -12 21 22 34 -24 -13 -6 31 28 45 33 -11 -27 44 -30 35 -1 37 -32 39 -2 -22 -33 -34 -37 -14 -5 -20 -40
right_child=38 -3 -4 27 6 7 8 -9 -10 30 13 24 32 16 -16 -17 -18 18 46 -21 40 -23 23 -25 -26 26 -28 -29 29 -31 36 41 42 -35 -36 43 -38 -39 47 -41 -42 -43 -44 -45 -46 -47 -48 -49
leaf_value=0.041999428044349307 0.032124229615781132 0.041873967447103255 0.035876470377558423 -0.049583945111119611 0.012296688347787046 -0.029077810943683037 -0.051339362804646266 0.023473455398289867 -0.0024346771250255985 0.031007795028499149 -0.023431916996399231 0.0060554492765472877 0.02719239720910413 -0.018921845558808461 -0.030153822001821595 0.024890678575486075 0.016151258549581552 -0.0071295326002605497 -0.060940523664572616 0.012267278674672614 0.013308214051499996 -0.0089124613015569825 -0.025145762588240989 0.023478375703636683 0.040274904685569241 -0.002132815050370216 0.0095370195625181179 0.013201637824250432 -0.040841194104143941 0.01184607344590375 -0.0030195853598925836 -0.012345262835730446 0.0044080768842143627 -0.0013841181298265414 0.0010447858911818186 0.025890955961986595 -0.012405187251307971 0.028591510842393447 0.023581913712497779 -0.011263429758653775 0.041124725832839097 -0.043915059027261852 -0.023456727900901319 0.0039219261800000254 0.002240168738690203 -0.023076676078143024 -0.034195839929766048 0.04410347124659323
leaf_weight=31.169099420309067 22.030367255210876 20.853246346116066 21.552863791584969 16.59611264243722 42.580295942723751 25.605975158512592 21.676104910671711 43.600990526378155 17.241771183907986 26.475330583751202 37.390386033803225 39.867421925067902 24.955692440271378 26.395787928253412 20.986518159508705 38.301666848361492 38.735909573733807 26.812556251883507 17.802386276423931 28.826213963329792 27.335700303316116 44.917371459305286 28.147003784775734 25.491982370615005 23.966189526021481 20.526222199201584 38.761566244065762 14.864261165261267 16.554481949657202 20.948670670390129 25.053671658039093 14.613604251295326 23.172973684966564 16.704196650534868 24.773731179535389 42.598517298698425 26.78847985714674 25.788621537387371 28.220461145043373 20.780916944146156 33.19366692006588 29.393761284649372 20.995947457849979 25.729526534676552 23.48527230322361 20.509162068367004 23.288676463067532 24.749088436365128
leaf_count=92 88 62 80 116 131 105 194 142 106 91 145 159 80 116 85 130 140 101 89 98 86 158 94 73 88 88 157 55 123 113 85 94 82 72 93 129 104 83 98 76 90 144 90 84 80 98 104 83
internal_value=0 0.00239924 0.00166934 0.00100492 0.00265754 0.00536271 -0.00633108 0.000918959 -0.0302769 -0.00115106 -0.00458896 0.00453752 -0.00354308 -0.0129085 -0.00166393 0.00172773 0.00186607 -0.0200441 -0.0315613 -0.00793961 0.0136265 0.00934417 0.0139775 -0.00203033 0.0193261 -0.00448209 -0.0114502 -0.0153098 -0.0200437 -0.00872067 0.0113646 -0.0240092 0.0037523 -0.0216427 0.020848 0.0257194 0.00435624 0.0132567 0.0239635 0.0112872 0.028983 -0.0339388 -0.00906368 0.0177942 0.015385 -0.0359227 -0.0469553 0.0338098
internal_weight=0 1205.03 1184.18 1162.62 1056.45 812.365 244.082 529.008 38.9179 485.407 381.301 182.049 118.216 199.252 205.164 184.177 65.1317 134.12 67.9036 66.2166 283.357 222.827 177.91 53.639 63.8336 145.875 103.295 106.177 91.3126 54.2073 104.106 64.5336 92.6099 33.2587 124.271 99.4971 77.6308 50.8423 95.7808 42.8113 60.5294 44.0074 44.1689 68.328 48.441 37.1053 41.0911 52.9695
internal_count=5074 4729 4667 4587 4010 2881 1129 1982 300 1840 1477 684 437 793 829 744 256 537 294 243 899 723 565 167 247 614 483 577 522 308 363 326 332 195 398 305 272 168 345 164 176 238 172 213 160 214 193 181
is_linear=0
shrinkage=0.05


Tree=49
num_leaves=49
num_cat=0
split_feature=40 7 62 46 41 18 12 29 45 58 22 9 9 51 50 20 49 38 7 6 58 7 58 1 9 58 58 0 51 58 45 36 22 6 55 2 18 0 51 2 25 53 26 26 58 9 18 60
split_gain=14.439 11.7555 11.5392 16.7761 13.4407 13.2812 10.3897 12.0606 14.6075 9.89 9.8662 9.64704 10.393 9.58882 8.62069 7.66372 7.16106 9.70203 9.09139 8.87847 11.2453 7.02755 10.9786 8.06073 6.8847 7.86567 6.72378 9.04741 6.68262 6.56877 6.54187 6.52415 6.51298 6.41696 6.09335 5.59613 7.98702 5.66517 5.39151 4.60858 4.53336 5.36771 4.2368 6.18268 4.20995 3.78862 3.55916 3.4501
threshold=-4.2499999999999991 -0.37762237762237738 1.5000000000000002 28.500000000000004 0.31009615384615391 3.5000000000000004 0.14583333333333334 0.79166666666666685 26.500000000000004 0.48314048284850658 0.71793599907333816 2.1567567567567578 0.57837837837837858 4.5000000000000009 1.5000000000000002 2.7500000000000004 33.500000000000007 1.5000000000000002 0.87692307692307703 -1.1999999999999993 0.074116354202380205 2.6006993006993011 -0.62588817255938378 87.250000000000014 1.6254826254826258 -0.048361574224334618 0.77788564761185042 82.250000000000014 57.500000000000007 -0.90893996196865023 57.500000000000007 82.250000000000014 1.3606855127386981 1.21764705882353 7.5000000000000009 71.500000000000014 7.5000000000000009 76.750000000000014 77.500000000000014 68.500000000000014 0.6515151515151516 5.5000000000000009 0.0089103387293887615 0.018642882362733853 -0.90893996196865023 1.9575289575289578 7.5000000000000009 4.5000000000000009
decision_type=2 2 2 2 2 2 2 2 2 2 2 2 2 2 2 2 2 2 2 2 2 2 2 2 2 2 2 2 2 2 2 2 2 2 2 2 2 2 2 2 2 2 2 2 2 2 2 2
left_child=45 9 4 5 6 -4 7 -3 11 31 -8 12 -9 14 -12 -11 17 18 -15 -18 29 22 44 -24 30 -26 28 -28 40 -21 32 34 -5 -30 42 36 37 -7 -31 -6 41 -14 46 -44 -10 -1 -2 -13
right_child=1 2 3 24 39 35 10 8 21 15 13 47 26 16 -16 -17 19 -19 -20 20 -22 -23 23 -25 25 -27 27 -29 33 38 -32 -33 -34 -35 -36 -37 -38 -39 -40 -41 -42 -43 43 -45 -46 -47 -48 -49
leaf_value=0.04359483001474046 0.020422531318859922 0.041605401349782745 0.0099789789655760717 -0.013208164963628444 0.00095589806929365279 -0.057894450445511926 0.031595814046274838 -0.0088659270706622582 -0.0033552720261979816 0.011089501309826347 -0.010103516217603704 -0.023401876772347147 0.012896315353929414 0.0065900773239032486 0.033584988556723323 -0.021390447766805033 0.030816124076652615 -0.054929816290762074 -0.033878025109491484 0.0013673364880224304 0.021413829809440451 -0.029467158969114407 -0.0058212881805570745 0.028707307520397792 -0.03047521184884518 0.010486613304471544 0.02124891505143002 -0.016245108178857524 -0.0061541578356464647 -0.058475099711401336 0.033571117731523333 -0.0043307642905436585 0.022094212634035857 0.027254091183824811 0.00097084644343479228 -0.050473269139157721 -0.0024195625225142603 -0.016491476485046227 -0.013515945262861793 -0.029803535571757269 0.046091867696527553 0.042033860895777389 -0.0013432064157680775 0.029114567022648641 -0.031951204972002864 0.015096144312589797 0.044154898094032495 0.0063651318177569251
leaf_weight=26.645840600132942 29.151616826653481 27.810946576297283 24.545195806771517 27.73740591853857 18.134207572788 17.180448945611715 17.714397236704826 32.070465117692947 26.775005891919136 41.577983006834984 19.990073401480913 19.401752483099699 40.826735399663448 28.623381812125444 23.906160365790129 30.692465156316757 15.501195572316645 17.64755967259407 25.45818991586566 16.109886340796944 18.616378199309111 23.489353992044926 30.208601728081703 36.569473534822464 23.38520709425211 21.822771683335304 43.584070041775703 24.27865232527256 25.636502921581268 14.567108452320102 25.638723753392696 26.112749665975571 22.978995300829411 30.850796617567539 27.932205781340599 26.17610040679574 28.042831182479858 17.186443723738194 13.017371270805597 35.696481008082628 44.757210478186607 26.298000931739807 27.158003062009811 41.764383211731911 24.264200553297997 22.908059999346733 43.332834511995316 17.967661768198013
leaf_count=93 94 78 139 107 87 147 60 117 91 137 86 98 138 116 96 115 53 91 139 80 89 93 107 106 108 91 141 95 92 113 78 97 77 102 95 141 136 94 70 148 132 78 93 141 88 71 131 75
internal_value=0 0.00371148 0.001157 -0.0084804 0.0042218 -0.0222507 0.00611812 0.0102153 0.00817366 0.0129705 -0.00309933 0.0143046 0.0176142 -0.00642276 0.0139076 -0.00280805 -0.0124433 -0.0237242 -0.012729 -0.00187518 -0.0103662 -0.00509605 -3.00477e-05 0.0132321 0.00441168 -0.0109031 0.0212313 0.00779389 0.0265693 -0.0240825 0.0135029 0.0187893 0.00290485 0.0122486 0.022359 -0.0311925 -0.0224372 -0.0382411 -0.0384735 -0.019613 0.033627 0.0247612 0.0265474 0.0172655 -0.0173026 0.0309795 0.0350181 -0.00929667
internal_weight=0 1242.19 974.466 234.694 739.772 113.131 685.941 474.789 446.978 267.722 211.152 305.672 268.302 193.437 43.8962 72.2704 149.541 71.7291 54.0816 77.8119 62.3107 141.307 117.817 66.7781 121.563 45.208 236.232 67.8627 168.369 43.6944 76.3551 195.452 50.7164 56.4873 169.339 88.5858 62.4097 34.3669 27.5845 53.8307 111.882 67.1247 141.407 68.9224 51.0392 49.5539 72.4845 37.3694
internal_count=5044 4880 3977 1118 2859 657 2624 1631 1553 903 993 1068 895 933 182 252 751 346 255 405 352 485 392 213 461 199 778 236 542 263 262 651 184 194 554 518 377 241 183 235 348 216 459 234 179 164 225 173
is_linear=0
shrinkage=0.05


Tree=50
num_leaves=46
num_cat=0
split_feature=4 0 40 57 22 0 1 20 8 22 9 11 7 54 46 18 11 5 26 7 24 6 57 3 22 9 50 0 59 39 5 24 55 42 26 42 57 59 21 9 19 18 7 42 26
split_gain=16.3496 10.9677 14.0639 12.5992 11.6224 11.5893 7.8258 7.38139 7.82613 7.80572 8.37853 6.89643 7.04916 6.8387 8.26154 7.4441 7.70024 6.69457 6.53731 12.7424 11.0735 10.0529 11.3136 9.38172 9.18681 10.8271 9.03792 8.61439 7.74958 7.28928 7.11173 8.46151 11.7097 6.32443 6.22134 9.86008 5.87404 7.12532 5.76409 5.74087 4.54252 4.23852 3.75886 3.65773 0.703811
threshold=2.1250000000000004 78.750000000000014 -1.7499999999999998 63.687500000000007 1.4978845523509778 73.250000000000014 70.250000000000014 4.5000000000000009 -0.32086956521739124 2.1463386990484277 2.1969111969111981 -0.51977751977751974 1.8516483516483522 38.500000000000007 66.500000000000014 11.500000000000002 -1.7540297540297538 1.0000000180025095e-35 0.0096993332602393918 0.34965034965034975 0.37500000000000006 0.34285714285714264 66.437500000000014 92.500000000000014 1.1679879216624778 1.4046332046332053 2.5000000000000004 84.750000000000014 0.3484035575467645 1.0000000180025095e-35 1.0000000180025095e-35 0.87500000000000011 7.5000000000000009 1.5894736842105266 0.0044734728194162649 1.8397435897435901 56.937500000000007 0.79773375822167203 0.49494897427831791 0.54903474903474925 1.7500000000000002 9.5000000000000018 0.16783216783216778 1.560386473429952 0.0022070866453618378
decision_type=2 2 2 2 2 2 2 2 2 2 2 2 2 2 2 2 2 2 2 2 2 2 2 2 2 2 2 2 2 2 2 2 2 2 2 2 2 2 2 2 2 2 2 2 2
left_child=1 2 -1 11 36 6 44 8 -5 10 18 42 43 39 15 16 -15 -11 21 -20 -21 23 -23 28 27 41 40 -24 30 -30 31 32 33 -10 35 -27 -4 -38 -29 -2 -22 -26 -3 -13 -6
right_child=13 3 4 7 5 -7 -8 -9 9 17 -12 12 -14 14 -16 -17 -18 -19 19 20 26 22 24 -25 25 34 -28 38 29 -31 -32 -33 -34 -35 -36 -37 37 -39 -40 -41 -42 -43 -44 -45 -46
leaf_value=0.015408818861041187 0.015148787729821698 0.017509220678317262 0.010952097712915677 0.026210551516534661 -0.049191446886470425 -0.060084817244309835 0.013233218079181703 0.029031995925589561 0.0024547449938363206 -0.035543582737322124 0.031704399761704298 0.021275302366701866 0.0033055858813490178 -0.024942640418347414 0.031835064603178136 0.020727145437002034 0.013319369921941616 0.0009000230685515027 -0.036072271662573548 0.022249157527864966 -0.0061024957932456769 -0.029120115833696614 0.0047498205818918863 -0.019817825458291801 0.010958735349027268 -0.032187757876326155 0.013821720106102248 -0.0055361351172954695 0.048779046743070119 0.013935452618973674 0.029328631790944998 0.027503280376583145 0.020015150901913668 -0.031133214985162878 0.014986060218951106 0.0057928889554720404 -0.030053400262535598 0.00052267650280282988 -0.039537287761036322 0.049544356219797143 -0.034290882592578224 0.035637100735671612 -0.010433062675015172 0.048136045725238663 -0.020287652324237383
leaf_weight=44.580774463713169 24.69586418569088 21.939926743507385 32.340078335255384 27.411920934915543 7.3501096405088919 24.040603060275316 14.066552527248858 22.286127999424934 22.24626474827528 27.436103526502848 20.34114870429039 25.6408312022686 22.446869358420372 30.2247264534235 33.768387988209724 34.205271348357201 21.875548556447029 22.543100643903017 33.305924102663994 33.964193090796471 26.194033332169056 36.611466053873301 40.726130969822407 22.050149127840996 42.394530743360519 31.429081179201603 24.492453761398792 21.407576914876699 25.076859399676323 38.195882111787796 27.77690963819623 23.311162061989307 28.499449651688337 36.255648717284203 29.412061400711536 35.58248208463192 35.841494455933571 39.394095167517662 30.130792740732431 25.509351029992104 31.887467093765736 30.207246638834476 24.367043808102608 30.769073996692896 5.8969020508229733
leaf_count=147 93 76 127 88 93 180 91 77 97 131 76 83 94 112 118 115 74 96 136 129 89 159 146 92 150 159 86 88 75 127 100 72 111 141 112 130 143 133 133 84 137 98 112 95 70
internal_value=0 0.00130635 -0.00916562 0.00363954 -0.0161121 -0.0354481 -0.0124074 0.00129788 0.000457351 -0.000528746 0.000862022 0.0183138 0.0272179 0.0178952 0.0112528 0.00292725 -0.00892913 -0.0194105 -0.000118512 -0.00928715 -0.00139034 0.00252961 -0.00348073 0.0105237 0.000209135 0.00712565 -0.0112636 -0.0124022 0.0139278 0.0282891 0.00719131 0.00140369 -0.00582251 -0.0185343 -0.00386091 -0.0122318 -0.00664012 -0.0142466 -0.0257884 0.0332515 -0.0218967 0.0215713 0.00289607 0.0365099 -0.038652
internal_weight=0 1119.85 203.511 916.34 158.93 51.3542 27.3136 791.176 768.89 741.478 691.499 125.164 78.8568 170.279 120.074 86.3055 52.1003 49.9792 671.158 149.844 116.538 521.314 297.901 223.412 261.29 169.025 82.574 92.2645 201.362 63.2727 138.089 110.313 87.0014 58.5019 96.4236 67.0116 107.576 75.2356 51.5384 50.2052 58.0815 72.6018 46.307 56.4099 13.247
internal_count=5075 4479 984 3495 837 434 254 3035 2958 2870 2643 460 272 596 419 301 186 227 2567 577 441 1990 1175 815 1016 649 312 367 723 202 521 421 349 238 401 289 403 276 221 177 226 248 188 178 163
is_linear=0
shrinkage=0.05


Tree=51
num_leaves=46
num_cat=0
split_feature=4 12 7 9 28 25 40 45 50 58 25 45 11 58 45 62 9 22 52 12 6 47 54 35 11 10 22 45 46 20 20 22 15 58 46 65 60 10 22 6 12 9 7 65 11
split_gain=15.6953 9.48925 12.3196 8.39534 9.77537 9.12202 9.12037 9.13779 8.205 7.96904 7.96247 8.37351 7.34087 6.04288 6.65756 16.959 9.06577 8.8087 10.663 7.03949 6.60701 8.37177 7.22442 6.56589 5.90046 5.63556 5.63193 5.62562 5.55997 5.36279 5.26736 5.9027 5.34112 5.2287 7.83222 6.59368 5.12347 4.96396 4.88164 4.17809 3.88671 3.23264 2.77507 2.38673 1.18835
threshold=3.7500000000000004 0.14583333333333334 0.8481518481518483 1.9111969111969114 47.500000000000007 0.68333333333333346 -2.2499999999999996 12.500000000000002 2.5000000000000004 -0.29343379936893921 0.52272727272727282 24.500000000000004 -1.0097416097416099 0.98522604642031408 22.500000000000004 1.5000000000000002 0.57837837837837858 0.92925365826200312 1.0000000180025095e-35 1.0000000180025095e-35 2.2285714285714291 1.0000000180025095e-35 60.500000000000007 81.250000000000014 -1.0097416097416099 0.69420849420849406 1.3702920998562937 49.500000000000007 25.500000000000004 2.7500000000000004 2.7500000000000004 2.1106490820553021 7.5000000000000009 -0.78326540922535159 6.5000000000000009 -0.37717181534043548 9.5000000000000018 -0.93359073359073386 1.4432420147015068 1.7394957983193284 0.22916666666666671 1.336679536679537 -0.90209790209790186 1.1230239228419443 0.42481842481842463
decision_type=2 2 2 2 2 2 2 2 2 2 2 2 2 2 2 2 2 2 2 2 2 2 2 2 2 2 2 2 2 2 2 2 2 2 2 2 2 2 2 2 2 2 2 2 2
left_child=1 3 10 6 5 30 7 -1 37 41 12 24 38 14 15 16 -8 -18 23 -16 21 22 -21 -19 -12 43 -17 -23 -7 -10 32 -32 -5 -20 -35 -36 -14 40 42 -39 -4 -9 -3 -2 -22
right_child=25 2 8 4 -6 28 13 9 29 -11 11 -13 36 -15 19 26 17 18 33 20 44 27 -24 -25 -26 -27 -28 -29 -30 -31 31 -33 -34 34 35 -37 -38 39 -40 -41 -42 -43 -44 -45 -46
leaf_value=0.044679319440569812 0.024241004042981587 0.016119106419620419 -0.022333569312012726 -0.043775362461000479 0.023953603612318936 -0.0084882034598368419 -0.0055579225366100271 0.035237027060498929 -0.017163947972042636 -0.0027439624915851588 -0.012354589063682591 -0.03144317000565057 -0.016521781594529002 -0.017884109694333818 0.017597002880388908 -0.032164010602874452 0.043219335629109609 0.01596330465161773 0.043187599434522383 0.0028722834919044575 -0.014259587692355259 0.029708854804156443 -0.033831156576950065 -0.014176793711814122 0.015893402546039534 0.0089736459616506746 0.00011369995576958508 -0.001905392508175136 0.025158482706809482 0.015676369360551293 0.012038410689694525 -0.022348994121236643 -0.0063059018792667766 0.034450685056487747 -0.0084058700725740815 0.023810569188305902 0.014284066760655101 -0.0036100514732362258 0.00089534908348179335 -0.032286231476360859 -0.058881606889640004 0.011211439464323496 0.040128674716525273 0.048228165307041819 -0.032405900433965615
leaf_weight=27.377047538757324 27.522305056452751 24.860998123884201 16.619010459631681 28.691515412181616 24.044005278497934 24.799668680876493 43.718758061528206 31.934607192873955 22.792245153337717 47.388580664992332 38.21894646435976 26.480922564864159 30.220337517559528 26.854374632239342 37.329722091555595 24.997632838785648 31.962704889476299 32.073851007968187 26.45299906283617 28.933390073478222 21.661163486540318 26.608812659978867 23.755679845809937 38.831373415887356 33.973924942314625 35.107195183634758 28.129871312528849 28.468370392918587 22.61661371588707 25.033787772059441 21.115790721029043 27.892979208379984 14.551792372018097 42.570306450128555 33.307763129472733 28.718148030340672 22.809516243636608 30.317493848502636 21.508354965597391 21.227181285619736 15.449832197278736 26.673922374844551 27.176470328122377 21.292406260967255 19.04045844823122
leaf_count=94 100 77 84 153 85 108 159 91 153 152 158 110 149 104 111 103 97 104 76 98 78 79 91 140 130 139 122 95 67 136 85 144 92 132 120 92 77 154 106 139 124 81 91 79 83
internal_value=0 0.00236897 -0.00445589 0.00526713 -0.00487065 -0.00996777 0.00772298 0.0193927 -0.0165587 0.0125051 0.00264844 -0.00795361 0.010911 0.00482845 0.00604147 0.0102855 0.0152358 0.0191292 0.0151224 -0.0015286 -0.00642296 0.000115305 -0.0139979 -0.000510578 0.000974421 0.0246173 -0.0153873 0.0136255 0.00774874 -5.19364e-06 -0.0190593 -0.00758847 -0.031594 0.0235206 0.0181848 0.00665154 -0.00325226 -0.0259152 0.0210299 -0.0158092 -0.0411895 0.024674 0.0291783 0.035462 -0.0233221
internal_weight=0 1197.19 356.689 840.502 163.712 139.668 676.79 133.374 131.44 105.997 225.249 98.6738 126.576 543.415 516.561 330.763 277.636 233.917 201.954 185.798 148.468 107.766 52.6891 70.9052 72.1929 83.9219 53.1275 55.0772 47.4163 47.826 92.2521 49.0088 43.2433 131.049 104.596 62.0259 53.0299 83.6135 73.5458 51.5447 32.0688 58.6085 52.0375 48.8147 40.7016
internal_count=5042 4724 1688 3036 734 649 2302 418 790 324 898 398 500 1884 1780 1145 920 761 664 635 524 363 189 244 288 318 225 174 175 289 474 229 245 420 344 212 226 501 274 293 208 172 168 179 161
is_linear=0
shrinkage=0.05


Tree=52
num_leaves=49
num_cat=0
split_feature=9 46 41 45 21 1 10 3 40 10 47 36 10 11 8 54 45 49 52 24 13 52 58 10 3 60 50 26 23 58 53 41 55 58 58 7 33 45 8 26 51 13 7 55 65 65 9 59
split_gain=16.5095 15.3274 12.7928 13.8825 12.3421 10.0515 9.3734 9.35655 8.59497 10.5051 7.87647 7.80697 7.50543 11.4352 8.49298 7.22994 8.73728 9.9961 6.94385 6.54544 6.49656 9.03012 8.10743 8.21706 9.69073 9.65962 8.84374 7.88066 6.84806 6.31588 6.19999 7.77206 8.43551 6.19355 5.41295 5.19889 4.41802 4.39304 4.04722 3.97058 3.72892 3.83604 3.31375 2.95705 2.63295 2.27161 1.899 1.82425
threshold=1.9220077220077225 66.500000000000014 -0.16228070175438594 12.500000000000002 0.49494897427831791 87.250000000000014 -0.19305019305019319 47.500000000000007 0.75000000000000011 0.29266409266409227 4.5000000000000009 78.250000000000014 -0.46023166023166046 -0.48192348192348183 2.1208695652173915 49.500000000000007 33.500000000000007 74.500000000000014 6.5000000000000009 0.37500000000000006 0.31250000000000006 1.5000000000000002 -0.94139628442229062 -0.78532818532818538 87.500000000000014 8.5000000000000018 2.5000000000000004 0.0046056978977774979 0.37500000000000006 0.40614137006726808 6.5000000000000009 -0.080128205128205107 6.5000000000000009 0.40614137006726808 -0.32614396506100213 2.832167832167833 1.0000000180025095e-35 5.5000000000000009 0.84782608695652184 0.0027500278761866301 6.5000000000000009 0.062500000000000014 1.2083916083916091 6.5000000000000009 -1.5308958414865332 3.3161630850968882 1.1389961389961394 -0.16799793862756093
decision_type=2 2 2 2 2 2 2 2 2 2 2 2 2 2 2 2 2 2 2 2 2 2 2 2 2 2 2 2 2 2 2 2 2 2 2 2 2 2 2 2 2 2 2 2 2 2 2 2
left_child=1 2 3 29 7 11 20 42 9 -8 33 38 13 39 -14 -7 19 43 30 -17 22 -22 -4 25 -25 26 27 -24 -28 37 31 -11 -33 34 45 -16 -31 46 -5 -6 -10 -42 -2 -18 -44 -3 -1 -26
right_child=4 10 6 5 12 15 8 -9 40 18 -12 -13 14 -15 35 16 17 -19 -20 -21 21 -23 23 24 47 -27 28 -29 -30 36 -32 32 -34 -35 -36 -37 -38 -39 -40 -41 41 -43 44 -45 -46 -47 -48 -49
leaf_value=0.047546143274640906 -0.015211302011620713 0.00090608878473368297 -0.019683986056499049 0.012798676449063498 -0.018541972767133593 0.03302976681769889 -0.032562732901190737 0.0044739258906099253 -0.0093058420765572622 -0.020866076480384355 0.046231694055265969 -0.032055318640770616 0.0057356588104998047 0.036686012816828033 -0.048911682500386987 -0.031332420159081623 0.038855614128055188 -0.0040087693496006658 -0.019650289393458947 0.004001400537683871 0.012208613362875416 -0.0373394747627325 0.00081893837747967757 0.041387209876116299 0.016413477903101919 0.022115923591472686 -0.0068508935945952483 -0.033491023220468062 0.029607048283994804 -0.0014372885892358811 0.026204976053541214 0.032615941688853241 -0.0062465098785807194 -0.0075408322467153833 0.039005791051715144 -0.0090705249245354516 0.02491374793177141 0.014317223849611245 -0.012615913793056058 0.011651971433661498 -0.016948697778087534 -0.053494901544940167 -0.024767748434595865 0.015004250932444294 -0.053578117472089709 0.022517828570403683 0.026322432302624016 -0.0018627831394877081
leaf_weight=32.851176336407661 16.109350133687258 25.156054392457008 25.65843578055501 29.372493371367455 23.157528053969145 27.889776036143303 26.191381081938744 19.113329362124205 18.903533849865198 28.420654147863388 25.918518990278244 27.462015248835087 32.334933806210756 25.776445556432009 16.538336105644703 21.322809286415577 29.602246701717377 41.745402581989765 30.052006967365742 31.27453600615263 15.675238847732542 20.001344941556454 32.200688190758228 35.392135482281446 27.683807179331779 44.396845392882824 26.282657437026501 33.744810622185469 23.702803365886211 35.554362632334232 29.76056669652462 23.864817760884762 31.250885613262653 22.305998139083385 28.514031030237675 16.406521242111921 27.634697735309601 27.32649827003479 31.350591160356998 18.911853570491076 14.159023068845274 16.978395566344261 15.697320275008677 26.068515665829182 24.773430710658431 22.693197801709175 22.704344175755978 25.706267520785332
leaf_count=119 73 87 104 101 102 86 121 105 98 112 81 110 145 95 105 88 89 146 134 108 72 108 119 123 83 147 114 135 78 128 96 85 129 85 90 85 86 94 108 68 60 131 144 85 176 79 76 82
internal_value=0 0.00570269 0.0035115 0.0101072 -0.00964083 0.00327993 -0.00162684 -0.0256178 -0.00951025 -0.00406875 0.0221134 -0.0104475 -0.000433272 0.0111322 -0.01244 0.0101049 0.00565228 0.0144677 0.00132692 -0.0106402 0.00396182 -0.0158302 0.00657975 0.00935281 0.0214655 0.00255387 -0.00506267 -0.0169757 0.0106789 0.0224372 0.00701436 -5.15713e-05 0.0108621 0.0153778 0.0220833 -0.0299225 0.0102955 0.0314609 -0.000314381 -0.00501321 -0.0275053 -0.0379208 -0.0356842 0.0281488 -0.0432702 0.0114069 0.0394913 0.00774136
internal_weight=0 1066.77 942.186 412.159 208.819 266.088 530.026 75.6934 219.581 169.54 124.588 88.1851 133.126 67.8458 65.2798 177.903 150.014 97.4162 143.349 52.5973 310.445 35.6766 274.768 249.11 88.7822 160.328 115.931 65.9455 49.9855 146.071 113.297 83.5364 55.1157 98.6693 76.3633 32.9449 63.1891 82.882 60.7231 42.0694 50.041 31.1374 56.5801 55.6708 40.4708 47.8493 55.5555 53.3901
internal_count=5075 3977 3555 1424 1098 921 2131 498 966 677 422 319 600 265 335 602 516 320 556 196 1165 180 985 881 288 593 446 254 192 503 422 326 214 341 256 190 214 289 209 170 289 191 393 174 320 166 195 165
is_linear=0
shrinkage=0.05


Tree=53
num_leaves=46
num_cat=0
split_feature=46 8 42 65 62 3 41 40 59 58 36 9 58 9 22 59 58 10 3 6 45 20 45 49 22 45 9 9 58 5 53 36 45 9 52 42 36 29 8 10 58 9 53 7 49
split_gain=15.0548 11.5222 12.8274 11.8325 13.7919 13.5512 14.1134 10.5592 9.20294 10.273 13.4059 14.1869 13.8003 9.84754 16.458 8.56208 8.22611 8.00671 7.74535 9.09564 8.17506 7.48422 9.64297 7.41192 9.12077 6.11833 5.78529 5.23683 5.18668 5.01402 4.74072 4.44857 4.43429 4.34739 11.1914 6.13175 5.51822 4.3412 4.17042 4.00091 3.24378 3.10879 3.0668 1.06693 0.801816
threshold=86.500000000000014 -0.29110892954795509 1.8397435897435901 2.6613226243700754 1.5000000000000002 107.50000000000001 -0.28869047619047611 1.7500000000000002 0.097680735332368748 0.92602006027323147 76.250000000000014 0.65868725868725886 -0.93545489084327571 1.1907335907335912 0.93932253824398948 0.36447543099728863 0.35846314187849709 1.2007722007722013 7.5000000000000009 2.8714285714285719 39.500000000000007 2.7500000000000004 9.5000000000000018 15.500000000000002 1.1055633316046993 21.500000000000004 2.1274131274131283 1.6254826254826258 -0.61237985104942771 1.0000000180025095e-35 6.5000000000000009 72.750000000000014 60.500000000000007 1.4046332046332053 3.5000000000000004 1.8221343873517788 80.750000000000014 0.90277777777777779 0.90325239977413907 -1.0656370656370653 -0.77245553105869302 0.88185328185328216 1.5000000000000002 0.92517482517482541 1.0000000180025095e-35
decision_type=2 2 2 2 2 2 2 2 2 2 2 2 2 2 2 2 2 2 2 2 2 2 2 2 2 2 2 2 2 2 2 2 2 2 2 2 2 2 2 2 2 2 2 2 2
left_child=1 2 15 4 7 6 29 8 13 10 11 -10 -12 14 -3 17 32 -1 -15 20 33 27 42 -16 41 -26 28 38 -13 -6 31 -30 -5 -20 35 -35 -36 -9 -8 -22 -14 -25 -23 -29 -28
right_child=-2 3 -4 16 5 -7 21 37 9 -11 12 26 40 18 23 -17 -18 -19 19 -21 39 22 -24 24 25 -27 44 43 30 -31 -32 -33 -34 34 36 -37 -38 -39 -40 -41 -42 -43 -44 -45 -46
leaf_value=0.0087902231856181196 0.039036652034165065 0.020895460445377705 0.03738276607894269 -0.021622505055221161 -0.0061924226327371764 0.021923706739857322 -0.037841383651884719 -0.0055378801489973685 -0.022871875133470457 0.036870305540461015 -0.0020794593764245656 -0.0079285417232778984 0.048955752237570059 0.035328361157945139 -0.038496041326988806 0.026814341555956481 -0.046825023330477396 -0.028169365951284959 0.015872531349062004 -0.020282315863990583 0.011412886698725606 -0.0069930093935871313 0.011870886127678337 -0.014881093522549856 0.021613016731642329 -0.0095702968734812724 -0.0015473349063922176 -0.028713027301921712 0.012163690442613244 0.020455271474489431 0.0037664072659645458 0.036529885882439182 0.0089255506957460814 -0.043693212802342667 0.032535229092408843 -0.0052104275639924692 -0.0033707314594185246 -0.036098538029039902 -0.0076692968994808187 0.039761186569760222 0.024990313960415018 -0.043813565051563648 -0.038692195991823636 -0.055173640314500408 -0.016646779444636651
leaf_weight=35.799098983407021 27.532780036330223 38.220725830644369 45.459012717008591 25.739507395774126 41.139190427958965 30.847469214349985 20.109844565391541 31.412460274994373 43.013162150979042 37.423396475613117 31.83081216365099 23.427986729890108 33.479751259088516 22.581462547183037 27.77714529260993 28.580462649464607 18.882575638592243 23.422355987131596 38.858928464353085 29.368299789726734 25.734234139323235 12.650399480015038 28.773598708212376 22.002411801367998 23.584677819162607 42.695829465985298 17.494975324720144 9.2394633516669291 38.087324682623148 29.48389507830143 41.465821035206318 38.938564725220203 20.602415360510349 17.722991339862347 19.684181019663811 23.850947938859463 21.818897359073162 17.873944360762835 26.471314050257206 25.348935350775719 30.993174627423286 17.41347224637866 20.452235322445631 21.69517732039094 17.145878084003925
leaf_count=120 93 149 154 108 142 112 83 100 157 119 119 85 97 69 128 99 84 89 148 135 90 75 120 89 89 159 89 56 138 91 144 120 71 88 73 108 95 131 117 80 100 93 137 211 76
internal_value=0 0.00229712 0.0161287 0.000616496 0.0019195 -0.00854584 -0.013104 0.00508008 0.00655977 0.0124166 0.00941229 0.00255384 0.0248627 0.00132506 -0.00766768 0.00482749 -0.0198773 -0.00605249 0.00819181 0.00500522 0.00938942 -0.0222787 -0.00909807 -0.0159414 -0.0097088 0.00168202 0.00884191 -0.03255 0.0132988 0.00506279 0.0175271 0.0247917 -0.00813997 0.00228703 -0.00418073 -0.0222566 0.0140236 -0.0171183 -0.0212166 0.0259735 0.0379928 -0.0284309 -0.0271384 -0.0484171 -0.00927835
internal_weight=0 1238.6 133.261 1105.34 1040.11 240.863 210.015 799.25 749.964 353.301 315.877 219.574 96.3037 396.663 171.694 87.8019 65.2245 59.2215 224.969 202.387 173.019 139.392 61.8762 133.474 105.696 66.2805 176.561 77.5158 141.92 70.6231 118.492 77.0259 46.3419 121.936 83.077 41.5739 41.5031 49.2864 46.5812 51.0832 64.4729 39.4159 33.1026 30.9346 34.6409
internal_count=5030 4937 462 4475 4212 1144 1032 3068 2837 1244 1125 809 316 1593 707 308 263 209 886 817 682 799 332 558 430 248 652 467 487 233 402 258 179 512 364 196 168 231 200 170 197 182 212 267 165
is_linear=0
shrinkage=0.05


Tree=54
num_leaves=46
num_cat=0
split_feature=41 9 30 44 12 58 26 1 41 7 18 7 59 37 9 58 2 37 7 22 22 26 26 7 11 11 7 10 59 20 36 61 26 26 51 58 41 46 22 49 18 10 11 59 5
split_gain=17.4209 11.7464 9.47264 7.98736 8.91792 8.24061 10.3624 7.61243 8.79803 11.5136 7.33202 8.52575 7.12349 7.82621 7.34531 6.61086 6.44761 7.03062 6.30864 7.11784 6.22773 13.4916 8.31732 9.31923 8.91639 7.62941 6.62122 6.08912 6.24125 5.99243 6.74068 5.65236 5.6481 6.15611 8.79786 5.40708 4.99442 5.24286 4.18534 3.94883 3.99577 3.78804 2.74406 2.71538 0.691612
threshold=-0.53589743589743577 1.992277992277993 7.5000000000000009 5.0000000000000009 0.27083333333333343 0.9193901325473397 0.0052296541475537325 80.250000000000014 -0.2240143369175627 1.0000000180025095e-35 7.5000000000000009 0.39860139860139882 0.71952396275653763 5.7500000000000009 1.1822393822393824 0.61237135649459018 67.500000000000014 6.7500000000000009 3.0839160839160846 1.5806506735603114 1.4540276491294899 0.0066660734144168747 0.0068808109099659448 0.59244402161653231 -1.4590814590814589 -0.063131463131462992 1.8395651457749962 0.92895752895752881 -0.59177783207548873 2.7500000000000004 74.250000000000014 1.0000000180025095e-35 0.0047855086620933142 0.0027840687432916758 66.500000000000014 -0.27694604220087021 -0.1348484848484848 42.500000000000007 1.1747840228653843 65.500000000000014 7.5000000000000009 0.020077220077219907 -0.30431190431190452 0.75438814418115718 1.0000000180025095e-35
decision_type=2 2 2 2 2 2 2 2 2 2 2 2 2 2 2 2 2 2 2 2 2 2 2 2 2 2 2 2 2 2 2 2 2 2 2 2 2 2 2 2 2 2 2 2 2
left_child=12 3 10 5 7 18 -7 8 -5 -10 11 -3 13 14 -1 -12 17 -11 19 20 22 -22 25 24 -24 32 41 28 -13 30 -9 -6 33 38 -35 -32 37 -21 -2 40 -25 -27 -38 -31 -30
right_child=1 2 -4 4 31 6 -8 29 9 16 15 27 -14 -15 -16 -17 -18 -19 -20 36 21 -23 23 39 -26 26 -28 -29 44 43 35 -33 -34 34 -36 -37 42 -39 -40 -41 -42 -43 -44 -45 -46
leaf_value=0.022323128953999738 0.0018747951281725317 0.0091829915009951895 0.022039403869822852 0.027571490015610572 -0.023728533842854727 -0.039243635071136901 0.00075049596287469155 -0.011177076088239566 0.019969757941577817 0.017044744709909077 0.015804628322158586 -0.0059207176460701946 0.040255729347801784 0.03271028308081754 -0.0094897277100264837 -0.022617355082696137 -0.028824276011900025 -0.016475273835570663 -0.022253237536537164 0.036729320840226509 -0.041564162253545589 0.012421382502460934 -0.0031995214883400579 0.02217671793028185 -0.040438807022262713 -0.0027973754758183773 0.016459919440013054 -0.0063388633400979959 -0.056418435610523655 0.039207550981927949 0.030812554985660434 0.0064997524351965291 0.029861516288117132 -0.028961084319742383 0.015393910409462589 0.00088834659063708951 -0.0094592287949146758 0.0077117208987116216 0.030118304255866524 -0.013611241963828581 -0.0031963478072723306 -0.0328417141504454 0.015158869915318432 0.017557296393015703 -0.035758309573130823
leaf_weight=29.965799301862717 21.95099613443017 13.628857817500828 16.318998370319605 31.230229139328003 31.327269967645407 29.300636801868677 34.714186612516642 24.542031943798065 42.086423322558403 27.267918668687344 24.730034738779068 10.101377084851263 30.874303713440895 33.417274951934814 42.901019632816315 18.820455998182297 32.547130905091763 34.036784574389458 26.676727320998907 31.419968359172344 25.41639232635498 19.946340046823025 32.451809044927359 31.500730279833078 31.217823527753353 21.285715848207474 20.189942970871925 16.213230445981026 26.989829659461975 39.210353806614876 38.33003281056881 28.993986513465643 41.230155043303967 20.753442909568548 22.083035945892334 24.59801023453474 26.26950241625309 31.236919738352299 32.119085446000099 23.565986521542072 29.268747143447399 20.086586304008961 18.355487309396267 26.911077976226807 14.18639040365815
leaf_count=106 90 54 61 107 126 145 135 95 134 91 109 61 105 103 148 99 122 155 120 100 121 72 110 108 141 87 77 96 240 122 122 101 143 90 80 86 116 120 109 89 118 98 79 94 116
internal_value=0 0.000598731 -0.0128363 0.00255844 0.00819263 -0.00108198 -0.0178775 0.0115066 0.00408321 -0.00147488 -0.0175405 -0.0263358 0.0194238 0.0130536 0.00371811 -0.000934505 -0.0112006 -0.00153152 0.000988069 0.00226912 -0.000855698 -0.0180704 0.00143557 -0.00751816 -0.0218013 0.00807595 -0.00649076 -0.0335377 -0.0418518 0.0195076 0.0107281 -0.00932997 0.0145678 0.0078223 -0.00626567 0.0193123 0.0136202 0.0226113 0.0188945 0.00339409 0.0101022 -0.017815 0.00077718 0.0307889 -0.050317
internal_weight=0 1113.11 140.989 972.121 381.081 591.04 64.0148 320.76 167.168 135.938 124.67 81.1197 137.158 106.284 72.8668 43.5505 93.8518 61.3047 527.025 500.349 393.067 45.3627 347.704 148.005 63.6696 199.699 61.5622 67.4908 51.2776 153.592 87.4701 60.3213 138.137 96.9066 42.8365 62.928 107.282 62.6569 54.0701 84.3355 60.7695 41.3723 44.625 66.1214 41.1762
internal_count=5001 4539 836 3703 1355 2348 280 1128 609 502 775 567 462 357 254 208 368 246 2068 1948 1533 193 1340 566 251 774 262 513 417 519 303 227 512 369 170 208 415 220 199 315 226 185 195 216 356
is_linear=0
shrinkage=0.05


Tree=55
num_leaves=47
num_cat=0
split_feature=47 40 8 12 41 42 18 57 42 37 59 60 26 33 39 8 7 49 8 46 57 49 59 58 6 18 58 22 53 42 6 42 26 53 41 22 26 59 53 49 46 0 23 53 3 8
split_gain=14.9495 12.0696 13.9262 12.4504 13.0305 12.098 8.46877 10.7627 10.1183 8.05292 12.5256 7.72334 8.74229 7.69923 10.2796 7.63052 6.83144 6.81981 7.39527 6.6286 7.64816 6.49872 6.42939 6.39986 6.35611 11.1197 8.856 6.13922 9.73164 6.11043 6.02197 5.18815 4.95967 4.53436 4.13354 3.99127 3.7726 3.73241 3.64488 3.63958 3.51361 3.40245 3.16396 2.38165 2.21843 0.386215
threshold=4.5000000000000009 -1.7499999999999998 2.4652173913043485 0.062500000000000014 0.2752525252525253 3.183333333333334 7.5000000000000009 65.562500000000014 1.4365079365079367 6.2500000000000009 -0.62587551141915865 9.5000000000000018 0.01247738425594294 1.0000000180025095e-35 1.0000000180025095e-35 2.0165217391304355 -1.2377622377622373 52.500000000000007 0.78521739130434787 15.500000000000002 63.437500000000007 13.500000000000002 -0.6905596507703472 -0.59176244063315286 1.7394957983193284 10.500000000000002 0.76140650896573492 1.0648345582071237 1.0000000180025095e-35 1.9148550724637683 1.7394957983193284 1.6858552631578949 0.007638400005225021 4.5000000000000009 -0.063508064516129017 1.5364651941646761 0.0048652954412467643 0.11478523713130605 4.5000000000000009 1.0000000180025095e-35 43.500000000000007 84.750000000000014 0.37500000000000006 5.5000000000000009 62.500000000000007 0.9832478825522305
decision_type=2 2 2 2 2 2 2 2 2 2 2 2 2 2 2 2 2 2 2 2 2 2 2 2 2 2 2 2 2 2 2 2 2 2 2 2 2 2 2 2 2 2 2 2 2 2
left_child=1 5 3 17 11 6 8 35 -1 32 -11 13 19 14 30 29 -16 21 -19 20 -13 27 -15 -18 25 26 36 34 -29 -10 33 -21 -9 -5 -3 -8 -25 -24 -23 -30 -6 -31 -4 -26 -22 -34
right_child=-2 2 42 4 40 -7 7 9 15 10 -12 12 -14 22 16 -17 23 18 -20 31 44 38 37 24 43 -27 -28 28 39 41 -32 -33 45 -35 -36 -37 -38 -39 -40 -41 -42 -43 -44 -45 -46 -47
leaf_value=0.026124128198234283 0.035930909387775663 0.033621222536511224 -0.018178272774225363 -0.021674405832198256 -0.051253664253647135 0.041282080714194667 0.048405244117940199 0.0087678340431612753 -0.016907177815183843 0.039291605935467336 -0.0012892726364940293 -0.010464191509423071 0.030371230478207736 0.02938815650107475 0.019522185718594431 -0.027752386735180809 0.010795841579507701 -0.023433307128228626 0.0098983455326192328 0.0016351531586517171 0.031882593602116531 0.014287187417739973 -0.015681455109042713 0.0007455140524788293 -0.018335943959990813 -0.03644066331445444 0.023727738041341928 0.023108295336730259 -0.027594645766591621 0.023494551140683169 -0.0044931503492745455 -0.03078059761772757 -0.0096499232453282624 -0.053745046288449554 0.0066303856214788119 0.017544624948243336 -0.028668197202280483 0.010973918588101889 0.036194117809192045 -0.003116997761975391 -0.013909046021477156 -0.001715470513499623 -0.052235775189286321 -0.046751368456745775 0.010235700358293881 -0.019975040657295995
leaf_weight=25.177044436335564 33.252755880355835 25.401886537671089 17.006209418177608 26.286100778728724 16.483353022485975 27.330681592226028 24.603193789720535 44.801267527043819 32.143037997186184 37.936218194663525 37.044363051652908 28.754131358116865 30.234323963522911 22.062575321644545 24.253375142812729 34.207213379442692 33.498347360640764 30.191797614097595 34.805497489869595 26.189184732735157 24.911666542291641 46.214789107441902 25.334055248647928 26.53809279948473 17.967286121100187 22.923470214009285 29.155683986842632 26.602639239281416 23.402267839759588 24.76882167160511 20.750028133392334 22.188260301947594 22.635977208614349 21.456252418458462 32.010404363274574 20.668769903481007 17.44352488219738 25.230219319462776 34.201692394912243 41.001963213086128 11.380143515765665 27.584839440882206 12.707960601896046 14.798661991953848 24.342741534113884 19.824076391756535
leaf_count=81 109 84 142 126 155 90 92 148 122 115 126 137 102 89 74 140 159 111 113 101 86 149 125 127 106 105 136 101 105 82 110 90 88 106 103 72 87 86 101 150 52 94 106 85 81 72
internal_value=0 0.00243159 -0.000925879 0.000332904 -0.00437191 0.00982341 0.00726642 0.0137058 -0.00205132 0.00758597 0.0194894 -0.00242172 0.00668387 -0.00678075 -0.0108621 -0.00819563 -0.0047203 0.0085209 -0.00570496 0.000823394 0.00979867 0.0125688 0.00750621 -0.00843978 -0.0134862 -0.00684595 0.00279635 0.00629165 -0.00180902 -4.63736e-05 -0.0272843 -0.0135546 -0.00274717 -0.0368945 0.0189435 0.0349996 -0.0112982 -0.00242625 0.0239345 -0.0122972 -0.0370115 0.0104283 -0.0339702 -0.0321742 0.0216007 -0.0148193
internal_weight=0 1214.45 835.729 806.014 512.181 378.726 351.395 207.514 143.881 162.242 74.9806 484.318 156.62 327.698 255.071 118.704 186.578 293.833 64.9973 126.386 78.0085 228.836 72.6268 162.325 128.827 96.0608 73.1373 148.419 91.0069 84.4967 68.4924 48.3774 87.2613 47.7424 57.4123 45.272 43.9816 50.5643 80.4165 64.4042 27.8635 52.3537 29.7142 32.7659 49.2544 42.4601
internal_count=5021 4912 3590 3342 2325 1322 1232 713 519 549 241 2118 597 1521 1221 438 879 1017 224 495 304 793 300 805 646 455 350 543 356 298 342 191 308 232 187 164 214 211 250 255 207 176 248 191 167 160
is_linear=0
shrinkage=0.05


Tree=56
num_leaves=46
num_cat=0
split_feature=4 0 43 1 67 30 41 58 0 12 26 57 26 39 21 54 26 10 8 8 0 41 54 59 26 9 37 65 42 23 51 57 45 25 12 45 37 9 57 51 55 15 52 37 46
split_gain=14.8834 14.147 11.4313 23.2525 10.5786 9.57136 9.6994 11.1215 7.88682 8.51085 8.65965 16.8554 9.04687 8.46437 8.386 8.03839 8.65418 7.3582 11.0581 7.67191 8.8869 7.49545 6.93939 7.63859 7.68703 6.64172 6.06995 6.0582 6.0122 4.98212 4.92564 15.3793 12.4032 10.2004 10.0256 13.4484 9.84421 5.26586 4.4701 6.54272 4.0895 2.57188 2.39066 2.18229 1.61404
threshold=3.2500000000000004 70.250000000000014 5.0000000000000009 79.500000000000014 1.0000000180025095e-35 7.5000000000000009 0.12701612903225809 0.82414472752956958 82.750000000000014 0.14583333333333334 0.0027210377714066555 64.437500000000014 0.01469828427305481 1.5000000000000002 0.52243118397129218 4.5000000000000009 0.0071380031488029946 -4.1830115830115826 2.6113043478260871 1.9330434782608699 82.250000000000014 -0.36038961038961032 19.500000000000004 0.097680735332368748 0.017907709651377363 1.6393822393822399 6.7500000000000009 -0.37717181534043548 1.5894736842105266 0.37500000000000006 87.500000000000014 74.437500000000014 47.500000000000007 0.63068181818181823 0.14583333333333334 22.500000000000004 6.7500000000000009 1.3283783783783787 69.687500000000014 69.500000000000014 7.5000000000000009 17.500000000000004 2.5000000000000004 6.2500000000000009 32.500000000000007
decision_type=2 2 2 2 2 2 2 2 2 2 2 2 2 2 2 2 2 2 2 2 2 2 2 2 2 2 2 2 2 2 2 2 2 2 2 2 2 2 2 2 2 2 2 2 2
left_child=1 40 3 43 5 6 17 44 9 10 11 25 26 15 28 -11 41 -5 19 20 -19 -21 -22 24 30 -4 29 -7 -10 -12 32 33 34 -32 35 -24 -36 -37 -2 -40 -1 -17 -28 -3 -8
right_child=38 2 8 4 -6 27 7 -9 14 13 12 -13 -14 -15 -16 16 -18 18 -20 21 22 -23 23 -25 -26 -27 42 -29 -30 -31 31 -33 -34 -35 36 37 -38 -39 39 -41 -42 -43 -44 -45 -46
leaf_value=-0.01751731090849935 0.036139460781064302 -0.05742258583097587 0.027634561833344659 0.020149102712792445 -0.031488022013533026 0.0032914390629784026 -0.057061614546046413 0.012317715291293316 0.014285677346021777 0.018264142619887919 0.042054763965616825 -0.039855623640797602 -0.0080898856437940422 -0.031802242173555477 -0.00041533801285962093 -0.011149780257890422 0.012237581318493888 0.020445474174275891 -0.03615052262108822 0.040500093272351552 -0.029235340978201609 0.0029848266227069497 0.021417239550364182 0.020818333020835092 -0.029024031122732871 -0.0048611585924650518 0.019261913206747926 0.036984358524790199 0.043475904728331932 0.015603651654893601 -0.048116607048220711 0.020106693181825327 0.023524545859332245 -0.0065511933851714237 -0.048466914754963696 -0.029111602763452704 0.0032907177656580321 0.0022306079598197709 -0.0083161876985935173 0.024455938690535532 -0.058207237172086063 -0.036391254521723426 -0.0030995493466836697 -0.027919393171852859 -0.02761817269531229
leaf_weight=16.828982081264257 31.924329593777657 15.603265583515169 28.248314492404461 43.474730595946312 25.390347063541412 25.747214328497648 12.517218548804523 12.716356970369814 36.940419465303421 37.812908280640841 44.148212164640427 21.967458806931973 29.154120959341526 24.947765070945024 36.124199584126472 21.493952840566635 25.911390040069818 39.029851596802473 20.508522003889084 21.135502696037292 25.082386512309313 33.85113624855876 48.809287786483765 30.955302856862545 28.756430774927139 33.464730553328991 22.875144023448229 27.175558503717184 35.53977045789361 32.337158866226673 26.963885508477688 24.983056150376797 49.357431687414646 32.042871780693531 21.49605068564415 27.997288875281811 15.325389016419647 24.6701590269804 22.669271349906921 42.990680903196335 10.160180956125261 20.435755714774132 23.457530040293932 16.022686649113894 12.658234432339666
leaf_count=117 135 76 92 135 137 92 107 71 119 141 143 87 107 117 126 77 92 140 100 63 111 159 159 102 124 146 80 78 114 117 133 87 157 117 136 105 93 85 86 153 123 94 88 102 72
internal_value=0 0.000751505 0.0016145 -0.00262965 -0.000499493 0.000850268 -0.00111075 -0.0251872 0.00752677 0.00399313 0.00965276 -0.00324345 0.0167286 -0.00621465 0.0192984 6.88033e-05 -0.0101908 0.00070806 -0.00112543 0.000545746 -0.00190212 0.0178706 -0.00439952 -0.00243725 -0.00489477 0.0102168 0.0226377 0.0209576 0.0289956 0.0312172 -0.00224335 -0.0122316 0.00226828 -0.0260304 -0.00543232 0.00273116 -0.0274075 -0.0146625 0.0209857 0.0131863 -0.0343676 -0.0240131 0.00811434 -0.0437892 -0.0438781
internal_weight=0 1164.12 1137.13 662.27 630.644 605.254 552.331 37.8918 474.859 366.254 235.653 83.6805 151.972 130.602 108.604 105.654 67.8411 514.439 470.965 450.456 395.469 54.9866 356.44 331.357 300.402 61.713 122.818 52.9228 72.4802 76.4854 271.645 83.9898 187.656 59.0068 138.298 101.477 36.8214 52.6674 97.5843 65.66 26.9892 41.9297 46.3327 31.626 25.1755
internal_count=5095 4721 4481 2741 2563 2426 2256 250 1740 1381 860 325 535 521 359 404 263 2006 1871 1771 1549 222 1409 1298 1196 238 428 170 233 260 1072 337 735 250 578 349 229 190 374 239 240 171 168 178 179
is_linear=0
shrinkage=0.05


Tree=57
num_leaves=48
num_cat=0
split_feature=40 8 10 20 35 9 65 6 23 4 15 59 36 38 41 27 8 8 55 9 11 10 4 26 21 36 6 42 45 52 41 18 60 37 21 51 51 3 9 21 8 8 59 37 24 49 9
split_gain=10.5782 13.5316 9.15453 10.0254 8.86106 8.75757 7.70114 9.69946 7.92792 7.59338 6.9341 6.26192 6.00355 10.7643 6.33398 9.46744 7.35011 8.82148 11.3728 8.25573 7.34105 10.9585 6.26587 6.78612 6.02714 5.7109 10.0316 5.92515 12.6357 7.42126 5.82519 5.82057 5.64038 5.58574 5.97386 6.77331 5.42665 4.89605 4.19765 5.59999 4.98793 6.22476 3.75972 2.8551 2.6931 2.64614 2.25435
threshold=-2.2499999999999996 1.4360869565217393 -3.8733590733590728 2.7500000000000004 88.750000000000014 1.200772200772201 -1.5308958414865332 1.21764705882353 0.37500000000000006 2.7500000000000004 12.500000000000002 0.097680735332368748 81.750000000000014 1.5000000000000002 0.34057971014492755 0.99020397208803013 -0.58956521739130419 0.32608695652173919 5.5000000000000009 -0.16738424554773931 -0.88737748737748745 -0.090347490347490442 0.62500000000000011 0.0067646412255332553 0.52243118397129218 72.750000000000014 1.5428571428571434 1.7573529411764708 2.5000000000000004 5.5000000000000009 -0.093073593073593058 8.5000000000000018 10.500000000000002 5.7500000000000009 0.4401131486960887 68.500000000000014 59.500000000000007 32.500000000000007 2.1274131274131283 0.75604704659038091 1.5365217391304349 0.89478260869565229 0.71952396275653763 6.2500000000000009 0.37500000000000006 8.5000000000000018 2.0648648648648655
decision_type=2 2 2 2 2 2 2 2 2 2 2 2 2 2 2 2 2 2 2 2 2 2 2 2 2 2 2 2 2 2 2 2 2 2 2 2 2 2 2 2 2 2 2 2 2 2 2
left_child=9 12 -3 4 5 -4 7 -5 36 10 32 -12 14 22 16 -16 19 18 -18 -2 24 -22 43 -24 -20 26 31 33 -29 30 -30 -19 38 -27 -35 37 -8 -36 39 40 41 -1 44 -14 -7 -39 -44
right_child=1 2 3 6 -6 42 8 -9 -10 -11 11 -13 13 -15 15 -17 17 25 20 -21 21 -23 23 -25 -26 27 -28 28 29 -31 -32 -33 -34 34 35 -37 -38 45 -40 -41 -42 -43 46 -45 -46 -47 -48
leaf_value=0.016163128285538949 0.0071086417480208525 0.017959029695541973 0.0015386221888069923 0.040624497982155887 0.0093748842643068056 -0.032699283454778454 -0.011029417450555343 -0.0093909416186275935 0.0069792444859555301 0.03449251401633957 -0.027389327652826978 0.010354219081592324 -0.016397287969338089 0.015626972134715568 0.0043802114910075378 -0.034215273483962 0.019537463596515346 -0.005779846780274444 0.016140708012773244 0.0427343345359954 -0.052704528279989483 -0.0062662651358650892 0.012470432369183231 -0.025259231834857815 -0.018280001866346273 0.035363424164586738 -0.026796691152757537 0.03206352125198314 -0.026900673186740949 0.016097720855284697 0.0049770875045679177 0.024874549487440351 0.034254298318641394 -0.0063358103359843383 0.038810144399623062 -0.0019804608996125336 -0.052669182198460868 0.025519934183726126 -0.003393223939832542 0.029319294435157441 0.021414564733157615 -0.016840081555213531 -0.0027462367782414526 -0.046874869948359481 -0.060674837911787974 -0.00041421691943654753 -0.035542705119954103
leaf_weight=24.456512853503227 37.189630873501301 24.241566050797701 15.616244871169327 17.75922168046236 14.905354913324116 21.15836838260293 18.017021337524056 19.433505728840828 24.964165084064007 31.414160028100014 22.155903793871403 20.14430994540453 16.084122221916914 36.253498658537865 47.450201146304607 22.74699117615819 32.580988541245461 30.814875431358814 25.817086525261402 28.591134995222092 22.245939195156097 28.69957585260272 25.286126732826233 20.855110935866833 23.189534746110439 37.56467729061842 26.875838961452246 28.515016920864582 38.297341786324978 26.11254046857357 22.126453951001167 29.521717682480812 25.107062749564648 29.134394928812981 39.310584597289562 28.102230876684189 13.835124436765911 19.914852809160948 47.740397706627846 39.607065826654434 34.956541135907173 31.590313658118248 9.7364431880414504 17.272902052849531 22.983111621811986 18.508409447968006 10.820543907582758
leaf_count=79 135 94 65 85 79 140 106 136 112 147 93 70 79 140 147 101 104 116 86 85 92 112 84 79 86 125 110 92 148 91 78 96 86 127 123 109 86 74 158 117 104 105 67 107 183 86 106
internal_value=0 0.000642897 -0.0104493 -0.0141638 -0.0255111 -0.0320211 -0.00252288 0.0149294 -0.014008 0.0117008 0.00865948 -0.00959099 0.00377198 -0.0066702 0.0056583 -0.00843134 0.00739573 0.00533106 -0.00572534 0.0230011 -0.0140721 -0.0271683 -0.0169062 -0.00475685 -0.000186735 0.00924557 -0.00194589 0.0126344 0.00379817 -0.00577557 -0.0153364 0.00937986 0.0124822 0.0184709 0.0135438 0.0190244 -0.0301685 0.0265467 0.00924339 0.013853 0.00687613 -0.00240796 -0.0400215 -0.0330842 -0.0482867 0.0133339 -0.0208572
internal_weight=0 972.532 213.471 189.229 95.2201 80.3147 94.009 37.1927 56.8163 277.172 245.758 42.3002 759.062 115.752 643.31 70.1972 573.113 507.332 132.533 65.7808 99.9521 50.9455 79.4983 46.1412 49.0066 374.799 87.2124 287.587 115.051 86.5363 60.4238 60.3366 203.458 172.535 134.97 105.836 31.8521 77.7338 178.351 130.61 91.0034 56.0468 64.6985 33.357 44.1415 38.4233 20.557
internal_count=5030 4071 1259 1165 640 561 525 221 304 959 812 163 2812 489 2323 248 2075 1855 480 220 376 204 349 163 172 1375 322 1053 409 317 226 212 649 644 519 392 192 283 563 405 288 184 496 186 323 160 173
is_linear=0
shrinkage=0.05


Tree=58
num_leaves=47
num_cat=0
split_feature=33 46 41 22 67 19 42 8 26 11 0 54 0 42 41 45 41 26 21 58 13 49 41 53 11 45 26 36 26 25 0 21 9 50 42 3 65 9 37 58 10 18 9 52 50 26
split_gain=10.318 10.2868 8.50156 14.3521 11.5652 8.88634 8.44108 8.35741 17.3753 7.54968 10.4694 9.29627 8.37994 11.3298 8.80084 7.95418 9.66451 7.2641 7.13524 7.05148 6.86935 8.5513 10.7152 10.123 7.90998 7.14468 6.73964 6.65848 7.29386 6.67204 6.54465 6.23036 9.7285 5.72283 5.94375 5.5592 4.8112 8.20173 3.64258 5.06077 5.72236 4.5249 3.29972 3.16166 2.90411 1.14173
threshold=1.5000000000000002 81.500000000000014 -0.051315789473684204 1.8909849761265634 1.0000000180025095e-35 4.5000000000000009 1.5119047619047621 -0.29110892954795509 0.023126488061298158 0.97575397575397582 84.750000000000014 53.500000000000007 78.750000000000014 1.7712418300653596 0.30217391304347835 29.500000000000004 0.06458333333333334 0.0026105982328051046 0.72330837703699991 -0.59176244063315286 0.062500000000000014 81.500000000000014 -0.50925925925925919 9.5000000000000018 -0.92660469571085835 2.5000000000000004 0.003745193878674074 73.750000000000014 0.0016296782206348677 0.31666666666666671 79.125000000000014 0.75604704659038091 1.5590733590733596 2.5000000000000004 1.1909090909090911 107.50000000000001 1.0468179961504429 1.2330312508354055 7.2500000000000009 0.3744682635859638 -0.22471042471042477 9.5000000000000018 0.99831426084371888 1.5000000000000002 1.5000000000000002 0.0013582186168038339
decision_type=2 2 2 2 2 2 2 2 2 2 2 2 2 2 2 2 2 2 2 2 2 2 2 2 2 2 2 2 2 2 2 2 2 2 2 2 2 2 2 2 2 2 2 2 2 2
left_child=1 2 4 9 7 45 -6 18 20 10 12 -11 14 15 35 16 -14 -12 -1 -10 26 22 -22 25 -25 30 31 -27 -29 -30 -24 32 -9 34 -18 42 37 -28 39 40 41 -31 -4 -2 -19 -5
right_child=43 -3 3 5 6 -7 -8 8 19 11 17 -13 13 -15 -16 -17 33 44 -20 -21 21 -23 23 24 -26 27 36 28 29 38 -32 -33 -34 -35 -36 -37 -38 -39 -40 -41 -42 -43 -44 -45 -46 -47
leaf_value=0.038439805359526846 0.0084111021109297551 0.025712244290485211 0.0041373765696606181 -0.027283172125842678 0.00012669423511648154 -0.0026805914367895155 -0.040347173140222278 0.012262130040952142 -0.004068519613500546 -0.048317196749262666 0.009466447735609989 0.00176763679475168 -0.029689596844349998 0.036432573153420605 -0.037665442108916397 0.026394545159696275 -0.022790598504798889 -0.042618411866103295 0.0050769564522691081 -0.04300471926662161 0.026962811258915628 -0.025932652016591784 0.00010911221677742038 0.00053415348913349694 -0.040746976635123777 -0.022146475480867334 -0.001631362061194609 0.028754922844237155 0.022332713662121396 -0.028630032900879135 0.032789304176007589 0.023157268164034552 -0.022269111141112366 0.021954207703645482 0.012378484438573978 0.022124068907153904 0.038586198796296982 0.028977428754822499 0.013184426564283345 -0.027599527054130008 0.011955253917933405 0.0016302366202334173 -0.022675185882371517 0.032136374884055033 -0.013789459572086058 -0.057885702503705644
leaf_weight=32.494061835110188 24.532772377133369 41.315428949892521 22.869670838117599 7.0697660278528955 26.89239114522934 15.310881089419125 23.716075129806995 43.950922355055809 21.355989634990692 17.61833668500185 15.110037952661513 18.306261673569679 23.520444009453058 34.265357811003923 18.397120509296656 30.689503282308578 22.793041668832302 21.630711123347282 31.399553798139095 25.144272699952126 42.665716700255871 25.036551609635353 26.501155331730843 22.172890525311232 23.286305204033852 28.732905358076096 40.32667913287878 23.499134127050638 25.570146590471268 24.384403191506863 35.332373924553394 29.179621875286102 36.373258031904697 32.50909673422575 23.351070746779442 19.835578493773937 28.810614801943302 46.596451744437218 21.797817453742027 26.081130139529705 36.708668291568756 23.867556214332581 21.516643524169922 35.009046398103237 16.445638686418533 18.36328356154263
leaf_count=114 96 148 76 92 111 62 107 151 80 95 88 89 99 113 103 99 84 137 120 108 135 104 105 89 103 114 148 88 104 100 116 91 139 119 93 65 86 142 85 108 139 85 125 118 97 222
internal_value=0 0.00150041 0.000610128 -0.00550739 0.0036219 -0.0331725 -0.0192544 0.00525148 0.00355569 -0.00209316 0.00050696 -0.0234386 0.00481212 0.0112299 -0.0081494 0.00450658 -0.00225993 -0.0194245 0.022375 -0.0255848 0.00581208 0.00174939 0.00373776 0.000546268 -0.0210338 0.0042104 0.0127295 -0.000202581 0.00336563 -0.000557471 0.0190076 0.00378089 -0.00345623 0.0062124 -0.00510834 0.000753681 0.0210914 0.0149199 -0.00509752 -0.00877196 -0.00273846 -0.0139328 -0.00907347 0.0226613 -0.0308384 -0.0507329
internal_weight=0 1192.79 1151.48 379.602 771.877 40.7439 50.6085 721.268 657.375 338.859 302.934 35.9246 249.748 167.129 82.619 132.863 102.174 53.1864 63.8936 46.5003 610.874 385.637 360.6 317.934 45.4592 272.475 225.238 210.642 181.909 158.41 61.8335 109.504 80.3242 78.6532 46.1441 64.2219 115.734 86.9231 132.84 111.042 84.9606 48.252 44.3863 59.5418 38.0763 25.433
internal_count=5092 4878 4730 1858 2872 376 218 2654 2420 1482 1298 184 976 607 369 494 395 322 234 188 2232 1475 1371 1236 192 1044 757 823 709 621 221 381 290 296 177 266 376 290 517 432 324 185 201 214 234 314
is_linear=0
shrinkage=0.05


Tree=59
num_leaves=45
num_cat=0
split_feature=45 40 8 49 8 10 37 0 58 4 20 22 18 6 2 36 57 58 8 18 52 52 36 40 2 54 57 54 57 58 45 19 12 45 0 25 22 8 41 51 26 54 10 22
split_gain=10.6369 9.54772 10.7129 10.0017 8.17165 7.98151 8.34228 7.83339 10.4446 10.7501 7.75209 8.32768 7.84792 7.6143 7.33122 9.11277 9.0555 9.29046 7.77636 6.8586 6.45139 6.42599 5.88806 5.66264 5.57807 5.38878 11.1747 8.44805 5.0044 4.99593 4.90756 4.89548 4.83701 4.51556 4.20677 6.90937 6.09993 4.26272 4.15478 3.82734 3.73793 3.51966 3.30171 1.55509
threshold=75.500000000000014 -1.7499999999999998 1.3988944572912312 81.500000000000014 1.3173913043478263 -4.1830115830115826 5.7500000000000009 84.750000000000014 -0.58482361983252518 0.62500000000000011 2.7500000000000004 1.6923937778759168 9.5000000000000018 1.21764705882353 73.500000000000014 80.250000000000014 66.062500000000014 -0.32614396506100213 0.53937234390323641 11.500000000000002 4.5000000000000009 2.5000000000000004 81.250000000000014 -4.2499999999999991 79.250000000000014 9.5000000000000018 72.687500000000014 4.5000000000000009 67.053575000000009 -0.92923668111203805 33.500000000000007 1.7500000000000002 0.062500000000000014 15.500000000000002 79.125000000000014 0.63068181818181823 1.1894273486010167 0.53937234390323641 -0.074175824175824162 54.500000000000007 0.0057959277819598703 32.500000000000007 -0.61698841698841689 1.5166376561036297
decision_type=2 2 2 2 2 2 2 2 2 2 2 2 2 2 2 2 2 2 2 2 2 2 2 2 2 2 2 2 2 2 2 2 2 2 2 2 2 2 2 2 2 2 2 2
left_child=1 3 4 19 7 -4 32 14 24 22 11 21 13 -12 16 18 34 -18 39 23 -11 -8 -10 -1 29 27 28 -25 -27 -9 -28 -30 -7 -19 35 37 -36 -3 -37 -16 -5 -13 -21 -32
right_child=-2 2 5 40 -6 6 10 8 9 20 12 41 -14 -15 15 -17 17 33 -20 42 -22 -23 -24 25 -26 26 30 -29 31 -31 43 -33 -34 -35 36 38 -38 -39 -40 -41 -42 -43 -44 -45
leaf_value=0.027797467226711725 0.035237205089034579 0.017882106814204417 0.020791328372015312 -0.026145955211769118 0.02886490681322533 -0.0124412399576056 0.018356323033751228 -0.019063076020397644 -0.020268270821233416 -0.023898139450670819 0.033828446754318356 -0.057884262975960388 -0.019855233354252936 -0.0072567859210907098 0.019806261974747184 -0.0057476713977213101 0.0092889906002127254 -0.013251091733741633 0.035754666939979883 0.040096777684948202 0.012689691115930419 -0.023991965137608932 -0.062289885079837154 0.0031015272114648892 0.020944886418791234 0.0068250558993339736 -0.00097086769981046179 0.040785161649821849 -0.003850680302436205 0.0097972793441408711 0.032380930627824434 -0.029756857716027638 -0.049735049002849051 -0.042307758161822431 0.025888098972834946 -0.00082098869387572807 -0.00072084991911986753 -0.0053563469058564087 -0.031360190228981344 -0.003923919734813249 0.0023647937584825324 -0.018349144777724199 0.013249493967441368 0.014645340562407164
leaf_weight=33.751790590584278 24.109114646911621 46.624885246157646 16.610975790768862 23.901507258415222 26.811488475650549 15.321261018514631 15.384145829826592 29.98982135206461 18.669348280876875 21.890101194381714 24.091942001134157 14.714762592688205 23.169258922338486 19.945042328909039 37.500881176441908 45.420334082096815 28.618230938911438 34.350537151098251 47.956608295440674 27.889696061611176 24.509105183184147 18.82887526974082 16.536030411720276 35.236314095556736 30.356580231338739 35.334731958806515 29.013531394302845 24.965779729187489 39.728725135326385 28.171566609293222 28.750086158514023 33.259612701833248 22.088216286152601 22.497381545603275 46.832472663372755 22.170311585068703 39.084437925368547 33.064689710736275 21.491704259067774 29.91071492433548 21.071146175265312 10.806216426193712 21.32327127456665 26.201938636600971
leaf_count=112 84 151 65 86 100 75 77 133 101 86 121 160 112 157 126 155 98 127 155 97 86 113 119 130 114 133 105 80 141 110 86 129 160 88 152 79 139 141 88 110 77 100 79 92
internal_value=0 0.0023537 -0.00064426 0.00890592 0.00234434 -0.0113734 -0.0147304 0.00116357 -0.00796218 -0.0207532 -0.00847514 -0.0214254 0.00318067 0.0154723 0.00458171 0.0131337 -0.000112364 -0.0137329 0.0205528 0.0118763 -0.00471164 -0.00496921 -0.0411812 0.00884859 0.00392994 0.00621592 0.00209155 0.01914 -0.00849139 -0.0051547 0.0156837 -0.0158983 -0.0351827 -0.0252828 0.00548918 -0.000443868 0.0139144 0.00829315 -0.0162189 0.00937366 -0.0130269 -0.0424672 0.0289598 0.0243372
internal_weight=0 1213.85 833.418 380.428 652.457 180.961 164.35 625.646 170.123 81.6046 126.94 59.734 67.2062 44.037 455.523 160.789 294.735 85.4661 115.368 335.455 46.3992 34.213 35.2054 286.243 88.518 252.491 192.289 60.2021 108.323 58.1614 83.9656 72.9883 37.4095 56.8479 209.269 123.352 85.9169 79.6896 43.662 67.4116 44.9727 25.521 49.213 54.952
internal_count=5029 4945 3598 1347 2458 1140 1075 2358 749 392 840 450 390 278 1609 546 1063 313 391 1184 172 190 220 1008 357 896 686 210 403 243 283 270 235 215 750 459 291 292 167 236 163 260 176 178
is_linear=0
shrinkage=0.05


Tree=60
num_leaves=51
num_cat=0
split_feature=46 25 11 4 57 40 51 22 2 66 53 3 54 11 9 52 10 25 12 33 3 8 50 19 6 11 26 59 11 1 59 59 57 26 21 36 38 10 59 6 59 35 52 22 11 3 51 3 50 45
split_gain=11.6527 12.0154 12.2584 11.9526 10.9635 10.4084 10.0189 7.24527 9.19355 6.69637 18.5311 13.1276 6.81414 6.48185 7.67413 12.7409 11.3532 10.1598 9.50543 9.03765 8.5112 8.03936 7.25769 7.89047 6.44515 6.0275 8.46347 7.5152 9.59591 7.39459 5.8026 5.74359 4.96839 4.95832 7.36812 6.55147 5.91972 5.80154 4.94658 4.84634 6.58869 4.16999 4.1558 3.91708 3.67273 3.57803 3.01528 2.89138 2.70387 1.98486
threshold=81.500000000000014 0.41428571428571431 0.94810594810594795 2.1250000000000004 71.312500000000014 -4.2499999999999991 89.500000000000014 1.422238336488316 72.500000000000014 1.0000000180025095e-35 7.5000000000000009 32.500000000000007 69.500000000000014 1.5525447525447522 0.53359073359073372 3.5000000000000004 2.4702702702702708 0.55050505050505061 0.14583333333333334 1.0000000180025095e-35 27.500000000000004 0.8686956521739132 1.0000000180025095e-35 2.7500000000000004 1.21764705882353 -1.6289656289656287 0.0020114684294985021 -0.14250536273956091 -0.55776115776115776 80.250000000000014 0.8852232634113919 -0.67801649466304881 69.687500000000014 0.0013797683735713359 0.52243118397129218 78.250000000000014 1.5000000000000002 -0.93359073359073386 0.1318557721318592 3.646153846153847 0.19969739736768838 84.750000000000014 2.5000000000000004 1.2648804805928566 -0.90734670734670719 27.500000000000004 90.500000000000014 72.500000000000014 2.5000000000000004 30.500000000000004
decision_type=2 2 2 2 2 2 2 2 2 2 2 2 2 2 2 2 2 2 2 2 2 2 2 2 2 2 2 2 2 2 2 2 2 2 2 2 2 2 2 2 2 2 2 2 2 2 2 2 2 2
left_child=1 2 3 6 -4 -3 25 8 -8 10 11 39 47 14 22 16 19 20 31 33 -17 -21 -11 -24 -12 -1 42 28 -28 30 -29 -19 -31 -16 35 43 37 -36 -23 40 -7 -20 -27 -35 -22 -15 -37 -13 -33 -30
right_child=-2 5 4 -5 -6 9 7 -9 -10 13 24 12 -14 45 15 17 -18 18 41 21 44 38 23 -25 -26 26 27 29 49 32 -32 48 -34 34 36 46 -38 -39 -40 -41 -42 -43 -44 -45 -46 -47 -48 -49 -50 -51
leaf_value=0.017700551180373243 0.027780981910462906 0.030225322713036851 -0.056901692451532787 0.027464926666451558 -0.0055343281041152961 -0.038288098935530569 0.013024543559151001 -0.048430178503684647 -0.033936806440131043 0.010493571035268705 -0.048896775719237312 -0.0082728771471602246 0.034253809683243167 -0.026204205763687722 0.014553860254340687 0.0082582831738330018 0.028707853812436398 0.00041780692263749739 0.0040333975671305346 -0.010543066396991209 0.023630692930765317 0.0096936363635360383 -0.04121115358343732 -0.00055249298571417285 -0.010572766898178368 -0.0076990168154661325 -0.046490900578911157 -0.026844655400280051 -0.011738505153769464 0.038151515327015384 0.013326266186967526 0.033112698126965608 0.0051189391807593592 0.001994402487804556 -0.015992241424013284 0.025129179908109318 0.00062151529368814249 -0.049463531655800266 0.041016740949943016 0.010354770501097774 -0.0020364320950702168 -0.030206957316206897 -0.044125172243797153 -0.025725513953469881 0.049666434888175022 0.0011361107910940287 2.5313179124448611e-05 0.017426955637455402 0.011651095888277053 0.012598094661379912
leaf_weight=34.169992569833994 42.043032228946686 36.106017172336578 20.690552178770304 27.615409389138222 20.391538519412279 24.168457806110382 19.238432142883539 19.720216486603022 20.739460993558168 32.169291809201241 25.389799777418375 21.772011544555426 33.775564694777131 22.438952654600143 23.209595080465078 31.049250025302172 34.995515543967485 35.958113946020603 16.922679100185633 23.155954636633396 24.772963851690292 27.8276741579175 21.868872068822384 25.01012098044157 19.954122178256512 14.834901081398131 15.085760619491337 17.543662877753377 15.1348545961082 23.994758285582066 16.576303612440825 40.638140894472599 21.556411020457745 23.620199933648109 34.133905120193958 23.593225911259651 22.706418141722679 21.491600390523672 23.365043766796589 16.793125532567501 25.204206626862288 17.264296036213636 16.876593878492713 26.341386578977108 40.542025353759527 24.286968387663364 23.292280863970518 20.167908445000648 25.080948498100042 16.433847233653069
leaf_count=130 148 116 104 99 88 125 69 141 99 113 122 105 119 95 93 112 122 123 63 93 87 99 89 95 100 78 88 90 94 84 84 128 89 86 127 89 88 95 73 73 120 100 109 112 132 99 92 68 88 68
internal_value=0 0.00130489 -0.00697964 -0.00318 -0.0321423 0.00429682 -0.0066348 -0.0243443 -0.0115714 0.00316515 -0.0051693 0.00377184 0.0178803 0.00551329 0.00687308 0.00900275 0.00231444 0.0178177 0.00890404 -0.00116466 0.0301646 0.013592 -0.00760489 -0.0199842 -0.0326239 -0.00103681 -0.00517393 0.00069015 -0.0150586 0.00998475 -0.0075049 0.0165379 0.0229651 -0.00673535 -0.00962258 -0.000364304 -0.0209203 -0.0295694 0.0245019 -0.0123987 -0.0201898 -0.0136249 -0.027841 -0.0128385 0.0402967 -0.0122673 0.0129188 0.0042036 0.0252195 0.00092832
internal_weight=0 1209.67 320.603 279.521 41.0821 889.067 251.905 59.6981 39.9779 852.961 187.225 141.881 75.7155 665.735 619.01 539.961 307.733 232.228 135.864 272.737 96.3642 74.3487 79.0483 46.879 45.3439 192.207 158.037 126.326 46.6545 79.6711 34.12 101.677 45.5512 198.389 175.179 96.8471 78.3319 55.6255 51.1927 66.1658 49.3727 34.187 31.7115 49.9616 65.315 46.7259 46.8855 41.9399 65.7191 31.5687
internal_count=5103 4955 1514 1322 192 3441 1223 309 168 3325 832 610 292 2493 2299 2002 1169 833 502 1047 331 265 297 184 222 914 784 597 250 347 174 339 173 782 689 379 310 222 172 318 245 163 187 198 219 194 181 173 216 162
is_linear=0
shrinkage=0.05


Tree=61
num_leaves=49
num_cat=0
split_feature=40 7 49 12 40 60 6 62 49 8 11 18 49 48 15 2 65 12 41 6 44 11 58 10 22 18 58 18 2 61 8 22 18 39 46 6 54 10 42 8 54 2 51 5 2 10 65 41
split_gain=8.70143 9.35255 9.26814 8.98415 13.1086 9.18287 9.15259 9.68899 14.3343 8.44036 10.2708 7.8958 6.83926 7.61253 6.61511 6.37715 5.84305 5.82571 5.78432 5.76167 5.67262 6.69442 6.70181 6.37 6.44582 6.57131 6.16265 6.51759 7.52727 5.63789 5.69506 7.37243 5.4301 5.62454 9.34086 5.22575 5.22315 5.14124 4.81127 5.02353 4.59791 11.3239 6.98631 4.5778 4.35447 2.28794 2.07296 1.02352
threshold=-2.2499999999999996 3.1944055944055951 81.500000000000014 0.062500000000000014 2.2500000000000004 10.500000000000002 -5.6571428571428548 1.5000000000000002 69.500000000000014 0.37304347826086975 -0.010341010341010535 12.500000000000002 67.500000000000014 1.0000000180025095e-35 12.500000000000002 71.500000000000014 1.8540703102602589 0.14583333333333334 -0.6568627450980391 1.5701725633984358e-16 5.0000000000000009 0.48245268245268208 0.91596454896554913 1.6934362934362934 0.858602916985859 9.5000000000000018 0.49812943072827093 8.5000000000000018 78.250000000000014 1.5000000000000002 1.8848150292363808 1.5544390785095004 5.5000000000000009 1.0000000180025095e-35 12.500000000000002 -1.8857142857142846 61.500000000000007 -0.50965250965250963 1.6858552631578949 0.94648221343873529 20.500000000000004 73.500000000000014 58.500000000000007 1.0000000180025095e-35 77.250000000000014 -0.41930501930501946 0.35387457207787903 -0.11651583710407239
decision_type=2 2 2 2 2 2 2 2 2 2 2 2 2 2 2 2 2 2 2 2 2 2 2 2 2 2 2 2 2 2 2 2 2 2 2 2 2 2 2 2 2 2 2 2 2 2 2 2
left_child=2 3 16 20 5 6 -5 9 17 10 14 12 13 32 -8 -3 18 47 -1 -19 21 22 26 24 -22 37 27 28 -2 30 31 -20 -11 34 -34 -7 -15 -26 -37 -40 -35 -42 -43 44 -31 -6 -14 -9
right_child=1 15 -4 4 45 35 7 8 -10 11 -12 -13 46 36 -16 -17 -18 19 29 -21 23 -23 -24 -25 25 -27 -28 -29 -30 43 -32 -33 33 40 -36 38 -38 -39 39 -41 41 42 -44 -45 -46 -47 -48 -49
leaf_value=0.036223213009889038 -0.028905752837792998 0.0023451130003821017 -0.013267158789188544 0.029459097358323708 -0.022442140834760038 0.031210914291292371 -0.01907553461101269 -0.035740816468402568 0.01904907480750689 -0.010154010457769744 -0.045045594730138735 -0.022327045626568665 -0.02728998417888652 -0.027069790800252 0.012633276835949604 -0.039937179610507238 -0.0025748079664754233 0.00099301259884879644 0.011840959801313345 -0.042399096929435803 0.043026403078789882 0.018988203703056573 -0.026626079828740136 -0.0070057723131854086 -0.013214721497800137 0.035547147287993068 0.019339318126616906 0.011058984409304667 0.0064627136046942011 0.02821144639344364 0.021936278864327641 -0.027492682794593177 -0.021027719297809888 0.0082040064641185038 0.024861230864283487 0.017480688656156988 0.0078774790971657249 0.0160566696224483 0.0081606751634683491 -0.023438773144602701 0.061543110564625414 0.031827243292072385 -0.0062944625626765909 0.038877698582611281 -0.00065969931750634633 -0.06099687346209122 -0.0026417560202134974 -0.062992272224538529
leaf_weight=35.441213898360729 35.949079394340515 14.24700992926955 33.850050933659077 18.444243222475052 9.5744081456214207 25.103852696716785 37.724718578159809 12.567299745976927 15.610758688300846 21.37139761261642 21.338244155049324 28.627555713057518 17.147727120667696 21.703863918781281 27.688024163246155 22.375280186533928 40.89830020070076 17.183428768068556 24.112454473972321 12.724845809862016 24.6804478764534 47.700452290475368 22.868975125253201 24.519343860447407 22.786251280456781 24.602003946900368 36.652259908616543 40.474951691925526 24.853467971086502 24.707652568817139 25.675420574843884 21.777970626950264 22.11998413130641 37.529450215399265 20.313207250088453 45.493412394076586 19.538841500878334 39.859450791031122 30.022177830338478 20.216961797326803 19.505879633128643 29.050924237817526 19.554397445172071 28.044706448912621 26.455641523003578 8.5714701618999225 16.543134041130543 12.945039516314862
leaf_count=118 138 84 122 56 91 78 146 60 62 127 101 129 90 101 100 123 157 93 94 107 79 156 98 93 105 84 119 131 79 85 84 83 107 151 87 158 80 148 102 109 66 119 94 86 91 85 73 105
internal_value=0 0.000579718 0.0108503 0.00156351 -0.00219357 -0.000825364 -0.00411934 -0.0056219 -0.0223622 -0.00226383 -0.0157549 0.00206498 0.00500171 0.00835621 -0.00566564 -0.0238632 0.0144873 -0.0341577 0.0182284 -0.0182432 0.00795802 0.00274502 -0.00216105 0.0158458 0.0208695 0.0141853 0.00205775 -0.00432438 -0.014578 0.0137877 0.00353179 -0.00701363 0.0130347 0.0164272 0.00100642 0.0113539 -0.0107189 0.00536938 0.00587805 -0.00476467 0.0225538 0.0302274 0.0166728 0.0228946 0.0135562 -0.0428887 -0.0156121 -0.0514227
internal_weight=0 969.784 260.963 933.162 588.215 570.069 449.233 430.789 71.0314 359.757 86.751 273.006 244.379 210.688 65.4127 36.6223 227.113 55.4206 186.215 29.9083 344.947 208.499 160.799 136.447 111.928 87.2477 137.93 101.277 60.8025 150.774 71.5658 45.8904 169.445 148.074 42.4332 120.836 41.2427 62.6457 95.7326 50.2391 105.641 68.1112 48.6053 79.208 51.1633 18.1459 33.6909 25.5123
internal_count=5034 4114 920 3907 2677 2501 2054 1998 427 1571 347 1224 1095 932 246 207 798 365 641 200 1230 721 565 509 416 337 467 348 217 523 261 177 751 624 194 447 181 253 369 211 430 279 213 262 176 176 163 165
is_linear=0
shrinkage=0.05


Tree=62
num_leaves=49
num_cat=0
split_feature=47 40 29 7 59 45 42 9 57 19 54 61 40 22 3 23 45 6 42 42 8 35 28 51 26 51 7 22 42 23 42 26 30 3 28 45 65 59 57 58 54 0 60 59 12 25 50 26
split_gain=9.58787 9.69128 8.38557 9.9258 11.7854 12.1123 8.16631 9.79221 7.43065 5.9782 7.86197 7.41463 5.50863 8.694 7.96009 7.34259 6.94789 8.37536 6.8637 8.29546 6.4191 5.67313 5.5069 5.46192 5.36119 5.22785 6.38567 5.6324 5.39286 5.63348 5.02282 4.98163 4.88579 4.86972 7.8551 6.30477 5.76915 6.24909 5.60301 5.24581 4.81852 4.5828 4.4448 4.0669 3.76479 3.54685 3.21734 3.21247
threshold=4.5000000000000009 -1.7499999999999998 0.95833333333333337 -0.77622377622377592 0.6174544326165855 39.500000000000007 3.4415584415584419 2.6023166023166029 65.562500000000014 0.75000000000000011 5.5000000000000009 1.5000000000000002 1.0000000180025095e-35 1.4018062483443783 32.500000000000007 0.37500000000000006 3.5000000000000004 -2.3351351351351339 1.804761904761905 1.5266106442577032 -0.29110892954795509 82.750000000000014 262.50000000000006 84.500000000000014 0.011162070943603544 66.500000000000014 0.79860139860139878 1.6867993806478929 1.720779220779221 0.37500000000000006 1.8221343873517788 0.0081795032456894508 72.500000000000014 17.500000000000004 7.5000000000000009 21.500000000000004 0.35387457207787903 -0.96687281075841669 71.437500000000014 -0.78326540922535159 3.5000000000000004 79.750000000000014 8.5000000000000018 -0.72694848937061807 0.10416666666666667 0.63068181818181823 1.0000000180025095e-35 0.024797774592033028
decision_type=2 2 2 2 2 2 2 2 2 2 2 2 2 2 2 2 2 2 2 2 2 2 2 2 2 2 2 2 2 2 2 2 2 2 2 2 2 2 2 2 2 2 2 2 2 2 2 2
left_child=1 6 22 4 5 24 7 8 31 10 -5 -12 16 14 -14 21 18 -18 19 -11 -19 -16 32 25 -4 27 -27 28 -10 -30 -25 45 -3 35 36 -22 37 -35 44 -40 -15 46 -38 -32 -39 -1 -20 -42
right_child=-2 2 3 9 -6 -7 -8 -9 23 12 11 -13 13 40 15 -17 17 20 41 -21 33 -23 -24 30 -26 26 -28 -29 29 -31 43 -33 -34 34 -36 -37 42 38 39 -41 47 -43 -44 -45 -46 -47 -48 -49
leaf_value=-0.00050316959638951571 0.029332282074009321 0.0087412099238844236 -0.0010866157706783675 -0.056529756494667051 0.034861713851188754 0.026742198802626849 0.037493212431303831 -0.021847872334499696 0.013153211113964981 0.012861061262648502 0.01625787000102474 -0.036514019253812618 0.015217938776441757 -0.0020615194751637238 0.0072519845001020313 -0.037287389801112299 0.01850810980157562 0.018434657408135689 0.0196822708653644 -0.025646014105974377 0.01546395926963522 -0.023189385117807309 -0.0017844921181323866 -0.021444120961297098 -0.031603947349629229 0.040487928289529677 0.0060007268151408034 0.018736396670142888 0.0015841939474204609 -0.032369898727475324 -0.0083555668949640751 0.043095199494945897 0.038242417752807734 0.011211011561389083 -0.044154268175081876 -0.017569830951680243 -0.011461413142942432 0.0027948177219731876 -0.017697421452887649 -0.056653524146806605 -0.056231920627515877 0.031329541265456722 0.01736502189746017 0.019449881304520758 -0.023534969955356606 0.026172961733812949 -0.0072390135820135319 -0.019776000842778516
leaf_weight=22.732587352395058 31.681014828383923 31.293747555464506 40.291498206555843 11.931790951639412 33.281973615288734 28.679666936397552 21.959369771182537 26.830561332404613 28.046036384999752 28.816658053547144 13.663663152605297 11.264926819130777 32.738782860338688 9.8035633154213411 39.093665670603514 22.52028913423419 30.949661374092102 19.251434072852135 21.788675602525473 25.409551005810499 33.520640604197979 23.809885554015636 39.055204853415489 30.091652698814869 21.453279495239258 25.539528377354145 27.989453472197056 41.342290438711643 26.381187245249748 21.610089287161827 28.940660536289215 21.288014270365238 25.661900624632835 15.242057420313357 19.636927168816328 23.843519724905491 26.693794913589954 23.54052373021841 18.492877416312695 17.753529462963343 17.045589076355103 33.675574705004692 24.88672062754631 22.513465389609337 30.467829968780279 26.476658716797829 20.861290287226439 11.464322246611117
leaf_count=88 109 113 144 138 108 87 73 107 94 106 106 83 140 102 157 119 101 63 77 111 120 138 125 113 83 82 97 139 93 83 104 86 76 69 100 101 119 83 88 113 168 108 92 75 148 95 86 65
internal_value=0 0.00188011 -0.00113282 -0.00296013 0.00989803 0.00042898 0.00857509 0.0066579 0.00908626 -0.00558755 -0.0248406 -0.00807764 -0.00430412 -0.0122663 -0.00543915 -0.0134405 -0.00127848 -0.0056592 0.00823115 -0.00532041 -0.00867292 -0.00445308 0.0126834 0.00503365 -0.0120246 0.0100947 0.0228959 0.00411288 -0.00397808 -0.0140537 -0.00556746 0.0233255 0.0224638 -0.0109713 -0.0150604 0.00166762 -0.0111669 -0.017816 -0.0227871 -0.0377869 -0.0326479 0.0178033 0.00251259 0.00394941 -0.0122165 0.0140851 0.00665015 -0.0427393
internal_weight=0 1199.63 827.885 731.874 123.706 90.4244 371.742 349.782 322.952 608.168 36.8604 24.9286 571.307 156.476 118.163 85.4238 414.831 284.28 130.552 54.2262 253.33 62.9036 96.0109 252.454 61.7448 170.909 53.529 117.38 76.0373 47.9913 81.5458 70.4973 56.9556 234.078 176.714 57.3642 157.077 105.497 90.2548 36.2464 38.3135 76.3255 51.5805 51.4541 54.0084 49.2092 42.65 28.5099
internal_count=5075 4966 3637 3323 422 314 1329 1256 1149 2901 327 189 2574 889 554 414 1685 1197 488 217 1096 295 314 880 227 588 179 409 270 176 292 269 189 1033 812 221 712 501 432 201 335 271 211 179 231 183 163 233
is_linear=0
shrinkage=0.05


Tree=63
num_leaves=50
num_cat=0
split_feature=48 40 66 53 7 40 52 11 18 7 8 6 50 13 42 8 50 33 19 22 8 6 58 50 6 6 13 53 11 11 59 26 59 59 9 40 26 37 18 22 26 8 13 54 41 22 10 54 41
split_gain=10.4814 8.47962 7.4889 19.1733 10.5923 9.87582 7.84794 8.8831 7.789 7.01803 8.0244 6.85112 6.82033 6.35587 6.54584 6.7508 11.518 7.14841 7.30556 7.48917 7.45647 9.10091 9.2248 9.09122 6.86792 6.33886 5.94154 5.77492 5.6903 10.4225 6.4677 5.54939 5.06555 6.53009 6.55714 4.91467 4.90588 4.33362 5.91658 4.17797 4.97494 3.77511 3.67202 3.63447 3.37413 2.94511 2.87319 2.8184 1.87678
threshold=4.5000000000000009 -4.2499999999999991 1.0000000180025095e-35 7.5000000000000009 -0.86013986013985988 1.7500000000000002 8.5000000000000018 -1.2875340875340875 1.0000000180025095e-35 2.6006993006993011 1.656521739130435 1.5428571428571434 1.5000000000000002 0.062500000000000014 2.8989898989898992 1.6969565217391305 4.5000000000000009 1.5000000000000002 1.7500000000000002 1.3606855127386981 1.3619943034764403 0.68571428571428628 -0.46801505794253101 1.0000000180025095e-35 1.5701725633984358e-16 3.646153846153847 0.27083333333333343 6.5000000000000009 0.39017037136575738 -0.35001755001755036 0.14888728888808328 0.0047140683082954153 -0.59867820553660911 0.83258597624099873 1.448648648648649 -1.2499999999999998 0.0034398078285924369 6.7500000000000009 4.5000000000000009 1.5238585621733911 0.0038295480604423958 0.91565217391304365 0.062500000000000014 78.500000000000014 -0.14550264550264547 1.5464450674424397 1.6934362934362934 34.500000000000007 -0.15587044534412953
decision_type=2 2 2 2 2 2 2 2 2 2 2 2 2 2 2 2 2 2 2 2 2 2 2 2 2 2 2 2 2 2 2 2 2 2 2 2 2 2 2 2 2 2 2 2 2 2 2 2 2
left_child=1 -1 3 4 -3 9 7 -6 -7 13 46 37 -5 27 15 16 17 18 20 26 21 23 -23 -15 -21 42 28 32 29 30 -20 -12 43 34 48 -2 -25 -9 -39 -17 -41 -29 -13 -4 -18 -14 -11 -10 -34
right_child=35 2 5 12 6 8 -8 11 47 10 31 25 45 14 -16 39 44 -19 19 24 -22 22 -24 36 -26 -27 -28 41 -30 -31 -32 -33 33 -35 -36 -37 -38 38 -40 40 -42 -43 -44 -45 -46 -47 -48 -49 -50
leaf_value=0.023900955602205742 0.041841938366312538 0.028881304522698128 -0.018419392203226217 -0.055322731524965342 -0.038208201479171304 0.0055948709265676447 0.018886259083087147 0.025813199231325912 -0.016320401144326344 0.01712465760635214 -0.0060410706546871577 -0.052008066249819643 -0.0057653374069260724 0.039761714270538588 -0.022265194271192654 0.038909412580503351 -0.0057098883268855462 0.033136462523374446 -0.028670432391697417 0.026358641393675615 -0.016062805799506082 0.02047138027520581 -0.020201680270225699 0.0237907584609378 -0.0072546723502805279 0.0024136063947079924 -0.033034114781384745 0.012079111761638683 -0.026640643509541484 0.028762830740281731 0.0063838859115340346 -0.047963865674994055 0.038215292753099817 -0.0080979803858418822 -0.0017658371832765093 0.0091378175131139518 -0.0070667167130848878 0.021681862531364768 -0.013402813591700095 -0.0083046493818757314 0.027191508900555546 0.034558358800380024 -0.015210165042417076 0.0079330316146807838 -0.031615316944076717 -0.032491625564689576 -0.008469503532774092 -0.046081343478383878 0.019845537621582005
leaf_weight=41.624925822019577 23.143605671823025 28.519664257764816 25.74732032418251 18.622528269886971 20.367950409650803 23.633175544440746 31.132902354001999 20.222940597683191 18.034106895327568 21.083060719072819 15.156358771026136 12.28935417160392 22.060173328965902 45.960797734558582 23.351712580770254 19.007653277367353 23.553143590688705 20.563893981277943 25.018316183239222 31.661484695971012 21.706068586558104 24.705095235258341 29.467509653419256 25.510999411344528 27.775679416954517 23.580900736153126 23.056560944765806 37.062017813324928 22.472875747829676 23.086617484688759 26.022565022110939 16.253813333809376 27.164458192884922 26.978096403181553 25.487567011266947 23.279454916715622 24.361398071050644 17.54162410274148 33.152696685865521 18.313076451420784 19.533436972647905 40.311894796788692 16.331197580322623 24.782977871596813 27.324832905083895 19.263888010755181 20.899044677615166 16.184690652415156 37.156690314412117
leaf_count=148 81 96 91 109 115 71 126 74 106 77 81 66 93 154 102 64 90 68 106 104 109 95 136 94 115 111 103 131 99 79 90 84 90 115 93 87 95 80 159 105 84 124 129 79 129 116 86 99 118
internal_value=0 0.00200419 0.00118548 -0.00619969 0.00117409 0.00340195 -0.00348987 -0.00844202 -0.0163923 0.0048158 -0.00984606 -0.00324954 -0.0307963 0.00626727 0.00303765 0.00431474 0.00211479 0.0051851 0.00345709 -0.00360097 0.0107968 0.0147641 -0.00161812 0.0239457 0.0107906 -0.016831 -0.0107799 0.0128597 -0.00518421 0.00158866 -0.0110192 -0.0285454 0.00755765 0.0132461 0.0196763 0.0259805 0.00887505 0.00684268 -0.00107798 0.0203345 0.0102441 0.0240823 -0.0322332 -0.00559151 -0.019964 -0.0186976 0.00448305 -0.0313054 0.0280698
internal_weight=0 1183.1 1141.47 263.086 203.139 878.389 174.62 143.487 57.852 820.537 73.3923 123.119 59.9466 747.145 502.454 479.102 422.248 371.37 350.806 179.094 171.712 150.006 54.1726 95.8332 59.4372 52.2015 119.657 244.691 96.6004 74.1275 51.0409 31.4102 167.317 116.787 89.8087 46.4231 49.8724 70.9173 50.6943 56.8542 37.8465 77.3739 28.6206 50.5303 50.878 41.3241 41.9821 34.2188 64.3211
internal_count=5056 4888 4740 1274 956 3466 860 734 276 3190 328 619 318 2862 2021 1919 1666 1447 1379 696 683 574 231 343 219 306 477 841 374 275 196 165 586 416 301 168 189 313 239 253 189 255 195 170 219 209 163 205 208
is_linear=0
shrinkage=0.05


Tree=64
num_leaves=47
num_cat=0
split_feature=40 29 8 57 18 36 59 59 57 9 7 3 1 42 52 22 22 36 1 1 50 37 42 46 59 53 12 51 8 38 49 9 22 50 46 26 46 12 42 26 57 57 2 42 9 9
split_gain=9.01975 7.88803 5.95272 7.5243 8.41247 8.26016 10.3534 9.25063 8.10787 7.12151 6.80248 6.7786 8.61047 6.50474 6.10265 5.91544 10.7618 8.75092 6.96298 5.78623 5.07087 5.03395 9.16648 7.38833 8.10273 9.14327 7.38587 7.71594 7.26911 11.0018 6.57609 5.01932 10.3399 7.75858 4.7279 4.41031 4.16453 4.35491 4.13263 4.11797 4.08267 4.00593 3.73776 2.94226 2.31546 1.44382
threshold=-4.2499999999999991 0.98611111111111127 2.6113043478260871 56.062500000000007 9.5000000000000018 73.750000000000014 0.86439018870140905 0.3484035575467645 60.937500000000007 0.96447876447876457 -0.37762237762237738 97.500000000000014 81.500000000000014 2.2583333333333337 4.5000000000000009 0.91147178257608552 1.1004978106279562 79.250000000000014 84.500000000000014 79.500000000000014 1.5000000000000002 5.7500000000000009 1.8619047619047622 66.500000000000014 -0.6523320455745395 3.5000000000000004 0.062500000000000014 61.500000000000007 1.447826086956522 1.0000000180025095e-35 33.500000000000007 1.448648648648649 1.2445862636835017 1.5000000000000002 32.500000000000007 0.0055054166882271037 52.500000000000007 0.10416666666666667 2.1380952380952385 0.0048264121440916618 47.750000000000007 70.687500000000014 67.500000000000014 1.5751879699248124 1.1822393822393824 1.9675675675675679
decision_type=2 2 2 2 2 2 2 2 2 2 2 2 2 2 2 2 2 2 2 2 2 2 2 2 2 2 2 2 2 2 2 2 2 2 2 2 2 2 2 2 2 2 2 2 2 2
left_child=45 19 3 4 13 6 10 15 -8 -10 -5 12 -9 40 38 18 17 -17 -7 42 -4 23 28 24 25 -18 -24 -28 29 35 43 32 -31 -34 -32 -23 37 -19 -12 -21 -3 44 -2 -30 -14 -1
right_child=1 2 20 5 -6 7 8 11 9 -11 14 -13 41 -15 -16 16 21 36 -20 39 -22 22 26 -25 -26 -27 27 -29 30 31 34 -33 33 -35 -36 -37 -38 -39 -40 -41 -42 -43 -44 -45 -46 -47
leaf_value=0.031971096849943148 0.013041768207139882 0.0083402776054097138 -0.03440056994302719 0.00029151240280677238 0.03967514033526149 0.033744291798163399 0.025255593968161127 -0.0071910727905705246 0.0096697101271082265 -0.024809082573811553 -0.028730510639187076 -0.0075697747425188784 0.036678612758632767 0.023357408782814254 -0.04845357684761005 0.0013668198729501026 -0.050232644948679767 -0.023143532545457722 -0.0043237942917916192 0.0057411167898449474 -0.001399424564552917 -0.034365370025037728 0.035832845863031752 0.011014833714979213 -0.00032245665667790123 -0.0040249220197930693 -0.018877322097925107 0.020808709678396847 -0.01444937363111283 0.025392107378244329 0.015616117868116234 0.030403171926962149 -0.027881020526843821 0.010198588879059223 -0.014374715738077488 -0.00053029527256033711 -0.010580507696045394 -0.059666155016988978 -0.00028623692447269804 0.029902854029032668 -0.028962521325567522 0.0075489105206539859 -0.014041308228955763 -0.047731756555689481 0.018172031835816282 0.012999531239676263
leaf_weight=23.697432078421116 24.025724314153194 12.823766654357316 22.4234190993011 28.898355104029179 23.374053042382002 23.605711691081524 26.554170208051801 29.475763861089945 29.228382080793381 28.870187420397997 32.952205091714859 36.183540776371956 44.162430368363857 22.354001503437757 24.397848369553685 31.929435901343822 25.292725063860416 19.277175478637218 23.074953738600016 28.316216953098774 23.315462030470371 19.625046718865633 32.266487315297127 32.860575050115585 39.994075857102871 18.3746397793293 19.288493786007166 30.011124420911074 13.680177738890054 39.036297950893641 19.984477484598756 27.631281074136496 24.942013792693615 26.81666012108326 34.240292340517044 18.127899054437876 17.212091885507107 16.518178045749664 20.5000657774508 48.360270731151104 15.098369929939507 30.930583920329809 24.952565923333168 14.645666159689425 32.843188282102346 20.676984846591949
leaf_count=96 82 109 153 108 76 84 108 112 102 118 159 130 152 100 118 122 116 74 104 105 146 99 97 120 153 72 91 117 89 144 88 106 109 102 154 75 66 116 80 154 110 111 83 82 116 65
internal_value=0 0.000893382 -0.000524349 0.000284934 0.0155603 -0.000935692 -0.0101682 0.00145624 0.00288543 -0.00759328 -0.0204506 0.0115233 0.0165692 0.00379384 -0.0280562 -0.00163298 -0.003168 -0.0193422 0.0152306 0.0126824 -0.0179681 1.39953e-05 0.0032528 -0.00884077 -0.0166776 -0.0313145 0.0176143 0.00521493 -0.00170705 0.0046352 -0.0136179 0.0121204 0.00628582 -0.00833226 -0.003239 -0.0185516 -0.0316108 -0.0411608 -0.0180271 0.0211688 -0.0121345 0.0230643 -0.000760896 -0.0326986 0.0291196 0.0236123
internal_weight=0 1178.48 1052.82 1007.08 73.6502 933.432 191.401 742.031 84.6527 58.0986 106.748 173.596 137.412 50.2761 77.8501 568.435 521.755 84.9369 46.6807 125.655 45.7389 436.818 320.296 116.522 83.6614 43.6674 81.5661 49.2996 238.73 156.179 82.5506 118.426 90.795 51.7587 54.2248 37.7529 53.0074 35.7954 53.4523 76.6765 27.9221 107.936 48.9783 28.3258 77.0056 44.3744
internal_count=5073 4912 4488 4189 395 3794 793 3001 328 220 465 621 491 319 357 2380 2192 378 188 424 299 1814 1353 461 341 188 305 208 1048 635 413 461 355 211 242 174 256 190 239 259 219 379 165 171 268 161
is_linear=0
shrinkage=0.05


Tree=65
num_leaves=49
num_cat=0
split_feature=8 0 42 3 51 22 39 34 11 58 62 3 46 51 3 65 45 1 58 59 10 6 40 0 52 8 21 2 42 59 58 11 2 11 22 51 46 61 18 26 53 18 10 11 54 40 42 11
split_gain=9.69157 10.9339 8.25428 7.85467 6.09903 5.85239 6.74813 6.25547 9.40889 6.01514 5.98781 10.067 8.7611 7.35909 7.17992 10.369 6.92503 10.0621 13.1435 9.64668 7.59795 14.9041 6.86783 6.99627 6.99759 6.84576 6.30116 7.76893 8.29803 13.194 6.82773 6.54519 5.54079 8.05689 6.99563 8.61148 7.37643 5.45704 8.85685 5.59197 5.08912 5.99166 5.06456 4.48465 3.03279 2.71195 2.55416 0.773642
threshold=-0.2113043478260869 81.250000000000014 3.5277777777777781 152.50000000000003 65.500000000000014 2.5564607467542513 1.5000000000000002 1.0000000180025095e-35 -0.3954450954450956 0.98802474685579866 1.5000000000000002 112.50000000000001 34.500000000000007 84.500000000000014 87.500000000000014 -1.1463211661045005 21.500000000000004 88.250000000000014 -0.94139628442229062 -0.6652727025667432 1.2007722007722013 4.1571428571428575 -1.0000000180025095e-35 80.750000000000014 7.5000000000000009 1.3539130434782611 0.95011807466920084 69.250000000000014 1.804761904761905 -0.30164489695395946 -0.2102246306142678 -0.55776115776115776 79.250000000000014 0.57764752606908976 1.6785447448679547 64.500000000000014 57.500000000000007 2.5000000000000004 4.5000000000000009 0.0080736980293539401 2.5000000000000004 8.5000000000000018 -1.0416988416988415 0.16720036720036713 22.500000000000004 -1.0000000180025095e-35 1.8397435897435901 -0.9711585711585714
decision_type=2 2 2 2 2 2 2 2 2 2 2 2 2 2 2 2 2 2 2 2 2 2 2 2 2 2 2 2 2 2 2 2 2 2 2 2 2 2 2 2 2 2 2 2 2 2 2 2
left_child=1 3 5 46 -3 7 -7 9 -9 10 14 12 22 42 16 -16 17 18 -2 25 32 -22 23 -12 -25 -19 27 30 29 44 -20 -31 33 34 35 -18 -37 38 -17 -40 -32 -42 -14 47 -29 -11 -1 -24
right_child=2 4 -4 -5 -6 6 -8 8 -10 45 11 -13 13 -15 15 37 20 19 26 -21 21 -23 43 24 -26 -27 -28 28 -30 31 40 -33 -34 -35 -36 36 -38 -39 39 -41 41 -43 -44 -45 -46 -47 -48 -49
leaf_value=0.026529775892462956 -0.029910296241811393 -0.021116153025950574 0.026585717813572142 0.00016773474055411689 0.011501590318720362 -0.0030097603359795734 -0.045878086581419592 0.035959871768312772 -0.0061800908882845788 -0.032620979668397623 0.012559938066168492 0.018110085865726162 0.023452682294259616 -0.021848755684333157 -0.034778180580261657 0.012576934548097461 -0.023677726337297693 -0.0053699300039170587 -0.025484877949438142 0.04987554109014395 -0.046496454724643602 0.0080759564369517218 -0.031321553043595123 -0.039104448190672624 0.00086159838866037373 0.033632958264450043 0.031785666446518084 -0.0036209838603166304 0.033042874099115903 0.038870045584030871 0.02123537031384163 0.0043092022561422539 -0.014568160354750205 0.032015474649659731 0.021892027623306443 -0.010704006486032867 0.027386886111536203 0.017669767478636505 -0.042844517863904127 -0.0053344523639696061 -0.026418676471456772 0.0086197199377741531 -0.0036250108902747152 -0.0077086451934402613 -0.033954758805869109 -0.0050462650502857073 0.048961099144974679 -0.059725374885970822
leaf_weight=41.391536056995392 22.569876499474049 23.111985445022583 30.332800179719925 21.500361785292625 34.349192179739475 26.416573895141482 13.197118844836949 29.784838497638702 22.802472896873951 18.034020569175482 19.917789898812771 35.573558274656534 31.122354727238417 26.024195302277803 26.092272780835629 30.303499005734921 35.663911666721106 24.907092899084091 26.10637235455215 27.009446259588003 23.148078437894583 25.443356603384018 7.6790588404983309 25.43212354183197 18.629089813679457 19.17564744874835 26.466968573629856 16.492138851433992 40.19455623626709 25.071158118546009 25.940180860459805 29.464316207915545 32.419565141201019 27.197129767388105 31.620305057615042 24.867476057261229 24.165531747043133 29.813977129757404 17.819546476006508 21.74604420363903 19.636000379920006 29.009639453142881 36.850252360105515 8.2448526211082918 16.020009007304907 17.588078070431948 22.442232474684715 14.569015685468914
leaf_count=148 104 90 127 84 120 146 99 92 87 80 79 132 110 110 113 97 142 112 113 89 108 92 66 118 73 69 89 73 140 84 101 108 126 93 111 104 75 109 85 92 97 104 145 71 88 98 86 163
internal_value=0 0.0151159 0.00129685 0.0263647 -0.00175468 0.000541862 -0.0180691 0.00128851 0.0179131 0.000358235 0.00114605 -0.00594952 -0.0105624 0.000270564 0.00342763 -0.00734918 0.00580356 0.0102099 0.00585477 0.0268605 -0.00104217 -0.0183347 -0.0212308 -0.0116034 -0.0225627 0.0119657 0.00913244 0.00637468 0.0145397 0.00571753 -0.00398476 0.0206114 0.00381052 0.0080343 0.00220195 -0.00531872 0.00824096 0.000104544 -0.00753431 -0.022868 0.00377827 -0.00577092 0.00893322 -0.0404209 -0.0191348 -0.0195158 0.0350496 -0.0516906
internal_weight=0 142.795 1080.56 85.3341 57.4612 1050.23 39.6137 1010.62 52.5873 958.028 922.406 224.042 188.469 93.9968 698.364 125.775 572.589 348.063 276.971 71.0922 224.525 48.5914 94.4719 63.979 44.0612 44.0827 254.401 227.934 127.242 87.0476 100.692 54.5355 175.934 143.514 116.317 84.6969 49.033 99.6831 69.8691 39.5656 74.5858 48.6456 67.9726 30.4929 32.5121 35.6221 63.8338 22.2481
internal_count=5042 528 4514 318 210 4387 245 4142 179 3963 3785 1067 935 365 2718 496 2222 1371 1101 270 851 200 570 270 191 181 997 908 493 353 415 192 651 525 432 321 179 383 274 177 302 201 255 300 161 178 234 229
is_linear=0
shrinkage=0.05


Tree=66
num_leaves=46
num_cat=0
split_feature=8 20 7 3 35 11 3 11 25 22 49 28 7 8 11 40 58 26 62 7 2 59 24 10 39 50 23 59 40 52 57 21 12 49 22 2 49 2 36 57 22 15 2 65 7
split_gain=10.1981 6.88026 14.1597 8.0154 7.84897 7.60885 8.82925 8.23415 6.83914 6.55922 9.24029 8.51151 8.67964 7.34616 8.57376 7.75108 7.14676 6.42075 6.29916 7.20657 6.98496 6.43624 7.07421 9.09745 5.95421 6.57566 11.1868 5.24958 5.13067 15.8349 7.0252 4.98183 4.97365 9.1525 6.25439 5.65746 4.8103 5.87694 4.53872 4.06036 5.94128 3.34555 3.04724 1.22904 0.955715
threshold=-0.29110892954795509 2.0416666666666647 1.6963036963036966 32.500000000000007 81.250000000000014 -1.0301374301374302 107.50000000000001 -1.329124929124929 0.41428571428571431 0.70244946413343545 14.500000000000002 482.50000000000006 -0.16783216783216767 0.3862877830526999 -1.3401409401409401 2.2500000000000004 -0.92923668111203805 0.048321019604928843 1.5000000000000002 1.0234965034965036 69.250000000000014 -0.34234976856068178 1.0000000180025095e-35 -0.44633204633204648 1.5000000000000002 1.5000000000000002 0.37500000000000006 -0.39036009226888674 1.0000000180025095e-35 3.5000000000000004 58.187500000000007 0.75604704659038091 0.14583333333333334 16.500000000000004 1.5364651941646761 75.500000000000014 35.500000000000007 70.500000000000014 77.250000000000014 70.187500000000014 1.4018062483443783 7.5000000000000009 78.250000000000014 0.39197753542362973 2.2338572522260995
decision_type=2 2 2 2 2 2 2 2 2 2 2 2 2 2 2 2 2 2 2 2 2 2 2 2 2 2 2 2 2 2 2 2 2 2 2 2 2 2 2 2 2 2 2 2 2
left_child=17 2 9 4 44 7 8 24 27 10 -2 12 36 -14 -15 16 -16 31 20 -20 -18 22 23 -22 25 26 -3 -7 30 -30 -10 41 33 34 -32 -35 37 -11 -34 -6 -41 -1 -37 -38 -4
right_child=1 5 3 -5 39 6 -8 -9 28 11 -12 -13 13 14 15 -17 18 -19 19 -21 21 -23 -24 -25 -26 -27 -28 -29 29 -31 32 -33 38 35 -36 42 43 -39 -40 40 -42 -43 -44 -45 -46
leaf_value=0.039960540934463468 -0.0045513736835376259 0.016589723366640854 -0.034390298119838153 0.0052448430625786323 0.0040681025128221559 -0.023942160486594137 -0.021163982710155377 -0.027512409695576414 0.039193845236489021 -0.0018386515117335028 0.037094152796629552 0.027866040454070751 -0.032499391192535379 -0.03056118692036644 -0.02091798160123047 -0.026102037636930326 -0.013939257122013394 -0.0045623415575279727 -0.034055824202209282 0.0079178707663827095 -0.030571207260578149 0.031104436929880203 0.024186380065442808 0.014267162260022335 -0.01916125625606073 0.02204862990824186 -0.028256966584380996 0.008321936569418634 -0.040760545104789207 0.033495163376843912 0.01341805324150493 0.0040421550390799489 0.015301197671694048 0.042777444403336654 -0.01901987434512482 0.0057350798447921283 -0.012662663468709145 0.027394301174194099 -0.017749329533827091 -0.0046030940612016595 -0.041629661243657835 0.017242884876510389 0.026613303113945941 0.0037003509251556351 -0.060487547560374971
leaf_weight=33.206901393830776 25.369203723967075 29.020046105608344 12.908946070820095 25.494759568944573 17.434683188796043 21.445847354829311 21.835416853427887 30.058761136606336 29.379337318241596 27.681218516081572 26.595636710524559 22.222898997366428 26.419005863368511 28.784433355554938 29.896425392478704 28.440571293234825 24.120056003332138 31.238358870148659 18.653343219310045 20.688680708408356 20.079453844577074 40.238136526197195 31.182047717273235 23.514439605176449 26.579456925392151 40.984709737822413 24.935674011707306 27.933564759790897 14.358347704634072 12.505799472331999 40.472247257828712 29.910466454923153 18.282549280673265 33.483205981552601 22.165176920592785 31.610687367618084 22.223834991455078 43.864960685372353 21.546373512595892 20.826827213168144 22.228120815008879 35.959011532366276 40.076789163053036 21.992474094033241 12.808702588081358
leaf_count=121 95 109 92 134 88 115 101 147 99 100 87 66 121 145 138 127 104 125 89 103 101 133 114 92 122 150 102 147 107 69 143 114 70 99 89 104 89 147 120 79 110 124 120 74 113
internal_value=0 0.000337207 -0.0032732 -0.0192284 -0.0264432 0.00473904 0.00893556 -0.00453597 0.0110943 0.000456786 0.0170608 -0.0015847 -0.00325393 -0.00784069 -0.00527518 -0.00208611 0.00130081 0.015094 0.00511848 -0.0123341 0.0101062 0.0152256 0.00638322 -0.00660792 0.00132557 0.00720099 -0.00427324 -0.0058877 0.0142823 -0.00623151 0.0166238 0.0212753 0.0132578 0.0170086 0.00182091 0.0259518 0.00828446 0.0162146 -0.00257506 -0.0161402 -0.02423 0.0285638 0.0176126 -0.00462212 -0.0491655
internal_weight=0 1080.34 593.669 111.702 86.2073 486.674 335.095 151.579 313.26 481.967 51.9648 430.002 407.779 292.017 265.598 236.813 208.373 130.315 178.476 39.342 139.134 115.014 74.7759 43.5939 121.52 94.9404 53.9557 49.3794 263.881 26.8641 237.016 99.0764 207.637 167.808 62.6374 105.171 115.762 71.5462 39.8289 60.4896 43.0549 69.1659 71.6875 44.2163 25.7176
internal_count=5038 4554 2541 616 482 2013 1383 630 1282 1925 182 1743 1677 1267 1146 1001 874 484 736 192 544 440 307 193 483 361 211 262 1020 176 844 359 745 555 232 323 410 247 190 277 189 245 224 163 205
is_linear=0
shrinkage=0.05


Tree=67
num_leaves=48
num_cat=0
split_feature=41 51 8 12 8 47 8 10 10 10 10 37 26 26 26 50 26 15 26 62 53 60 1 7 26 53 38 37 21 26 10 42 53 11 42 7 3 42 42 53 8 59 26 1 59 59 7
split_gain=7.95519 9.07332 7.00156 9.69023 11.2016 8.90199 8.82703 7.66181 7.47048 7.72897 7.28391 7.10204 6.58499 6.46923 11.4553 11.2229 9.78521 7.36367 6.7272 6.34589 11.5591 6.82695 11.0206 8.29632 8.95186 7.72698 6.37736 7.86475 6.10249 5.84379 5.65377 6.96026 5.44939 6.46887 5.18335 4.94104 5.25964 4.82786 4.96918 4.74722 4.69477 4.41997 4.19569 4.07188 3.77553 3.50754 3.0664
threshold=-0.6568627450980391 78.500000000000014 -0.32086956521739124 0.14583333333333334 0.41620553359683804 1.0000000180025095e-35 1.389130434782609 0.86023166023166009 0.039768339768339746 -1.3760617760617764 3.817760617760618 5.7500000000000009 0.0016296782206348677 0.0047855086620933142 0.016852390834716045 2.5000000000000004 0.029207153899119744 7.5000000000000009 0.0063621693730606691 1.5000000000000002 9.5000000000000018 6.5000000000000009 87.250000000000014 0.39860139860139882 0.0032498085397687803 1.5000000000000002 1.5000000000000002 7.2500000000000009 0.48065123467383375 0.010365310575508374 -3.1671905127748752 1.9148550724637683 2.5000000000000004 -0.71771471771471773 1.7712418300653596 -0.20979020979020965 7.5000000000000009 1.8397435897435901 1.5894736842105266 1.5000000000000002 0.83217391304347832 -0.22700609751797865 0.0020524732378833098 80.250000000000014 -0.29342786347392819 -0.36648370705903521 0.92517482517482541
decision_type=2 2 2 2 2 2 2 2 2 2 2 2 2 2 2 2 2 2 2 2 2 2 2 2 2 2 2 2 2 2 2 2 2 2 2 2 2 2 2 2 2 2 2 2 2 2 2
left_child=1 -1 10 13 5 11 7 8 9 34 37 -5 -8 19 17 16 -16 35 -19 21 26 22 32 -23 25 -25 27 -21 40 -20 -14 45 -4 -34 -6 -15 -37 38 -2 46 -11 -41 -29 -35 -18 -32 -38
right_child=2 -3 3 4 6 -7 12 -9 -10 28 -12 -13 30 14 15 -17 44 18 29 20 -22 23 -24 24 -26 -27 -28 42 -30 -31 31 -33 33 43 -36 36 39 -39 -40 41 -42 -43 -44 -45 -46 -47 -48
leaf_value=0.030583121773681263 0.02074729801355497 -0.0049744500971693481 0.01668362325305189 -0.01389899830044624 0.026311188164002214 0.002264453554401788 -0.047373462633780117 -0.020327803036560899 0.036906196348549289 -0.0048899320757992415 -0.012852610571711951 -0.052620689587188546 0.017966621718352099 0.033058366964178278 -0.046684579938337051 0.012794021491487107 -0.01938433679468702 0.019456496869780921 -0.029033645238424263 0.0078825557668894732 -0.049556897831244368 0.013677619734903293 0.032538253482213092 -0.025540647114773704 -0.044856811695773185 0.013679487419668547 0.011956511329393731 -0.047833003634952867 0.012951662633675387 0.0074109153953862738 -0.055222375796009929 0.0048811536468462762 -0.025427494936427771 -0.0098760216950017892 -0.0013555513814403623 0.033060618328253223 0.0075986149395425324 0.035257608786044677 -0.0070773520999477786 -0.017431089308375662 -0.043160088934921702 0.00904343477778311 -0.013186628111418824 0.019289436197377875 0.0094228545990824742 -0.018600872941856108 0.030452545675271166
leaf_weight=45.154299683868885 41.285332933068275 28.94433119148016 34.464583698660135 20.927371188998222 37.24153521284461 19.771362718194723 13.825045667588709 27.611554574221373 18.374850247055292 16.109404731541876 23.657881908118725 29.421601235866547 13.29388779401779 38.679727099835873 21.613312274217606 42.296102281659842 23.376474559307098 22.682444071397185 24.716289140284061 22.070521980524063 17.06732465326786 28.592470586299896 34.723624311387539 23.976820979267359 20.469785183668137 24.348041694611311 32.203736253082752 16.127458432689309 15.641243975609539 18.637136913836002 10.353561865165828 20.16946030035615 28.370286388322711 23.431983090937138 30.208455827087164 26.075128626078367 31.35436874628067 27.020298168063164 25.207483559846878 23.848072648048401 15.536082871258257 42.134208366274834 20.053715504705906 22.548226241022348 20.474527236074209 19.519496656954292 28.165485501289368
leaf_count=156 146 112 133 81 151 71 142 152 79 74 97 144 56 130 93 158 91 88 108 80 94 104 103 97 87 91 144 95 69 71 100 116 123 99 115 86 104 98 92 85 100 150 100 78 70 159 92
internal_value=0 0.0168124 1.04033e-05 -0.00132255 -0.00871789 -0.0261323 -0.00349681 0.00318746 0.00818048 0.00330098 0.0115328 -0.0371103 -0.0172824 0.0018821 0.00653485 -0.00709755 -0.0199485 0.012272 -0.00209337 -0.00298381 -0.0130239 0.0015323 0.00844196 -0.00863413 -0.0179705 -0.00590323 -0.00566429 -0.0154431 -0.0120495 -0.0135527 -0.0100799 -0.0177366 0.000526395 -0.00708518 0.0140815 0.0172429 0.0130169 0.0177727 0.0102504 0.00862408 -0.0244249 -0.000642671 -0.0295011 0.00453257 -0.00602373 -0.0326709 0.0187378
internal_weight=0 74.0986 1137.68 1020.51 308.005 70.1203 237.885 160.723 133.112 114.737 117.171 50.349 77.1615 712.502 364.053 107.76 65.4643 256.293 66.0359 348.449 107.523 240.926 143.539 97.3871 68.7946 48.3249 90.4554 58.2517 47.2867 43.3534 63.3364 50.0425 108.815 74.3505 67.45 190.257 151.577 93.5131 66.4928 125.502 31.6455 65.9823 36.1812 45.9802 43.851 29.8731 59.5199
internal_count=5064 268 4796 4363 1609 296 1313 740 588 509 433 225 573 2754 1326 412 254 914 267 1428 513 915 536 379 275 188 419 275 243 179 431 375 433 300 266 647 517 336 238 431 174 235 195 177 161 259 196
is_linear=0
shrinkage=0.05


Tree=68
num_leaves=48
num_cat=0
split_feature=58 14 7 50 26 0 5 62 26 45 54 65 49 7 37 25 3 42 62 20 45 0 49 10 7 37 65 26 9 10 36 60 45 10 10 58 59 53 57 45 26 49 26 7 11 59 37
split_gain=9.69497 9.20449 7.35529 12.1446 9.73494 8.3698 6.79397 6.8069 7.2154 8.84282 7.14083 6.6832 6.23328 5.92883 6.63244 9.03113 9.72612 7.74207 7.75466 7.16733 6.83219 6.49433 11.5376 7.45753 6.25517 6.1846 6.56652 10.0441 6.96163 6.58624 5.81976 5.57659 5.32703 8.30717 7.86557 5.25826 4.75475 7.57064 5.94184 11.3006 5.92374 3.38514 3.36449 2.75207 2.3609 2.0365 1.10736
threshold=0.99700008544936913 0.14583333333333334 0.8481518481518483 1.0000000180025095e-35 0.0037020820695493118 84.250000000000014 1.0000000180025095e-35 2.5000000000000004 0.004058425004808775 38.500000000000007 50.500000000000007 -0.78079797239534343 1.5000000000000002 3.7528471528471532 7.7500000000000009 0.68333333333333346 47.500000000000007 1.3021739130434786 1.5000000000000002 2.7500000000000004 16.500000000000004 79.750000000000014 1.5000000000000002 0.92895752895752881 0.92517482517482541 6.2500000000000009 1.0000000180025095e-35 0.0057959277819598703 1.4231660231660237 1.254826254826255 79.750000000000014 6.5000000000000009 33.500000000000007 -0.63706563706563768 -0.090347490347490442 0.57077594689671507 0.3484035575467645 7.5000000000000009 71.187500000000014 3.5000000000000004 0.0038646510952410375 34.500000000000007 0.0073319201386346173 1.0041977657685934 -0.088495288495288857 -0.32613736746952143 6.2500000000000009
decision_type=2 2 2 2 2 2 2 2 2 2 2 2 2 2 2 2 2 2 2 2 2 2 2 2 2 2 2 2 2 2 2 2 2 2 2 2 2 2 2 2 2 2 2 2 2 2 2
left_child=1 13 6 41 12 -6 7 8 11 10 -10 -3 -5 14 17 16 19 18 35 44 21 22 23 24 -19 26 27 -22 29 42 -30 -8 33 -27 -34 45 37 38 39 -23 -38 46 -28 -17 -16 -1 -4
right_child=-2 2 3 4 5 -7 31 -9 9 -11 -12 -13 -14 -15 15 43 -18 20 -20 -21 25 36 -24 -25 -26 32 28 -29 30 -31 -32 -33 34 -35 -36 -37 40 -39 -40 -41 -42 -43 -44 -45 -46 -47 -48
leaf_value=-0.034255043101886054 -0.031223929756805099 0.037275501016804768 -0.030353270964557678 0.0073800225673452445 0.030228438307529533 -0.010644911083590874 0.0045279035626208186 -0.017936236103778921 0.0038425910536972262 0.024440734650138747 -0.031596158897385422 0.0050615091267724975 -0.039356463512105012 -0.015507668010879029 -0.05340866387281841 0.0022800220322506158 0.0080495906398464819 0.01951938148828938 0.019743248466401214 -0.006444856476526953 0.0062118365829423906 0.020666671859932352 -0.023260341395947893 0.038853557700159969 -0.014532865878610374 -0.017010298029528245 0.0073451395315878264 -0.040443064366879639 -0.027895862313371735 -0.005124006360794805 0.0072903589582464477 -0.027359114527356093 0.038207266481443257 0.02174219933121864 0.0036787626077351625 0.0065411307019434418 0.01691437093367338 0.038503440892591854 0.024647867856520941 -0.028908494797386854 0.047434008544319062 -0.010891018038576977 0.030483770911526334 0.026142046897511147 -0.021819277590013647 -0.011808907744447327 -0.053601640342857727
leaf_weight=21.257405638694763 19.490445196628571 35.910437621176243 17.056474376469854 10.518886234611275 27.492454199120402 21.637193642556667 24.158334841951728 23.079728119075298 36.755389269441366 26.720035195350647 21.988861443474889 29.193841107189655 19.495020192116499 29.148771692067385 16.645710570737723 22.848444737493992 39.143686264753342 32.010053023695946 22.93038834258914 30.314716743305326 23.956592783331871 22.104752250015736 23.154484987258911 24.00658355653286 21.879911841824651 25.713597401976585 26.053844131529331 20.849045269191265 22.45774732157588 33.21965629607439 22.892373561859131 29.973487056791782 39.898143567144871 27.699319936335087 28.030175253748894 21.282324399799109 31.273917891085148 26.359754055738449 29.106892105191946 21.903426580131054 35.330904275178909 12.759527809917925 41.885419681668282 25.15281455218792 12.230556940659879 21.45338412374258 14.50731812790036
leaf_count=86 109 139 87 87 132 135 110 102 139 93 111 110 152 130 116 82 150 119 80 157 80 75 100 86 109 93 91 82 92 129 77 143 124 94 98 75 119 81 93 88 118 71 140 98 76 78 119
internal_value=0 0.00346856 -0.00332417 -0.0130994 -0.00126386 0.0123741 0.0020085 0.00683086 0.0107205 0.00111279 -0.00972949 0.0231253 -0.023267 0.00630214 0.00710214 -0.00252301 -0.0111723 0.00921537 -0.0046559 -0.0238065 0.0112994 0.0171622 0.00707076 0.0162671 0.00568091 0.00625162 0.00063373 -0.0159067 0.00576569 0.0130256 -0.0103601 -0.0133043 0.0150316 0.00311654 0.0242194 -0.013568 0.0232232 0.016033 0.00752162 -0.00410159 0.0335659 -0.0337386 0.0218457 0.0150621 -0.0412071 -0.0235086 -0.0423566
internal_weight=0 1193.44 351.247 123.467 79.1436 49.1296 227.78 173.648 150.569 85.4643 58.7443 65.1043 30.0139 842.195 813.046 146.336 98.3347 666.71 86.9235 59.191 579.787 267.131 101.051 77.8965 53.89 312.656 191.315 44.8056 146.509 101.159 45.3501 54.1318 121.341 53.4129 67.9283 63.9931 166.08 99.4748 73.1151 44.0082 66.6048 44.3233 67.9393 48.0013 28.8763 42.7108 31.5638
internal_count=5055 4946 1730 783 506 267 947 694 592 343 250 249 239 3216 3086 679 499 2407 319 349 2088 988 414 314 228 1100 691 162 529 360 169 253 409 187 222 239 574 337 256 163 237 277 231 180 192 164 206
is_linear=0
shrinkage=0.05


Tree=69
num_leaves=49
num_cat=0
split_feature=46 13 42 9 11 4 42 52 41 39 9 41 65 62 42 21 52 51 46 35 52 42 0 35 37 25 24 11 22 23 39 8 47 7 55 54 52 52 22 37 50 54 6 1 10 8 51 54
split_gain=10.4465 10.666 5.75142 10.753 5.52242 9.6229 9.36779 7.83293 5.62785 5.23325 13.6298 10.5415 9.89783 10.0273 9.37133 8.50883 8.2662 11.3532 7.31073 7.30251 6.59686 6.24373 9.34844 7.33038 6.21189 7.41332 6.35449 9.54837 6.89934 6.09345 6.02717 5.69713 6.38237 5.46186 5.4248 6.76484 5.35655 5.06336 4.21418 5.10188 8.74545 4.05745 3.90609 3.88324 5.12018 3.23859 2.9006 0.975145
threshold=87.500000000000014 0.27083333333333343 3.477272727272728 2.856370656370657 -0.83998163998164033 1.0000000180025095e-35 1.3205128205128207 3.5000000000000004 -0.08514492753623186 1.0000000180025095e-35 2.1424710424710427 -0.11324786324786323 -1.5308958414865332 1.5000000000000002 1.5266106442577032 0.8228263892582881 2.5000000000000004 21.500000000000004 17.500000000000004 86.750000000000014 2.5000000000000004 1.8397435897435901 89.250000000000014 84.750000000000014 5.7500000000000009 0.80909090909090919 0.37500000000000006 -0.76315576315576317 1.7715820823669166 0.37500000000000006 1.5000000000000002 1.9330434782608699 1.0000000180025095e-35 0.87692307692307703 6.5000000000000009 14.500000000000002 1.0000000180025095e-35 3.5000000000000004 1.3014289557380214 6.2500000000000009 2.5000000000000004 27.500000000000004 1.0000000180025095e-35 78.500000000000014 -0.78532818532818538 0.68608695652173923 35.500000000000007 8.5000000000000018
decision_type=2 2 2 2 2 2 2 2 2 2 2 2 2 2 2 2 2 2 2 2 2 2 2 2 2 2 2 2 2 2 2 2 2 2 2 2 2 2 2 2 2 2 2 2 2 2 2 2
left_child=1 2 3 9 5 -3 -6 -8 -7 10 11 12 -1 15 31 19 18 -18 47 20 -14 22 23 29 25 30 27 -26 34 42 36 32 38 -25 -28 -36 -23 -34 39 -11 45 -31 -16 -40 -45 -41 -5 -13
right_child=-2 4 -4 46 6 8 7 -9 -10 14 -12 16 13 -15 21 -17 17 -19 -20 -21 -22 24 -24 33 26 -27 28 -29 -30 41 -32 -33 37 -35 35 -37 -38 -39 43 40 -42 -43 -44 44 -46 -47 -48 -49
leaf_value=0.036385172147436896 0.035722775013854395 -0.033597336246101721 0.02513346761598256 -0.039000037301980213 0.0055920481509638617 0.025291553989753024 -0.054938981714012194 -0.011052107150417559 -0.0070136160590815819 0.030511973101984165 -0.040976164197681707 0.02198759555238957 -0.0054830827917178851 -0.025161503024628041 -0.0048805842663380578 0.036830792532246706 -7.4641677915797709e-05 -0.045293021402854163 -0.022601960500006207 -0.020115054476270794 0.029466434489431016 0.019087096446170335 0.018164792354965261 -0.011344428037048429 0.0076984995999261237 0.021997333536437264 0.013769122827911326 0.047050448746993663 0.022073964772416559 -0.031240062450524016 -0.026014857925755669 0.038780411082123774 0.040267995184852363 -0.041928037725102896 0.0037032707845469181 -0.035961887602646403 -0.011369505843731259 0.010440467642832778 -0.019197327242932688 0.003559543064236836 0.024817204716839326 0.00046817417173143205 0.02361223827805415 -0.014305297501390266 0.018160405883140787 -0.024825651972026477 -0.0085553334415069664 0.0062558123927190972
leaf_weight=27.48854311555624 22.212930843234062 16.803464023396373 28.931410513818264 16.759453574195504 20.041881423443556 25.398780986666679 22.560595456510782 18.977001264691353 26.862505812197924 28.99344377964735 19.712720822542906 20.398466575890779 25.42691021412611 23.38366799429059 21.460749514400959 22.629696764051914 26.14582572132349 28.599997384473681 18.524441540241241 23.63359010219574 27.160945653915405 22.901240926235914 33.503898493945599 37.598611433058977 35.402448005974293 23.567927397787571 24.222526244819164 26.973686959594488 36.650741532444954 19.429677294567227 32.02715115621686 20.245023166760802 28.880080617964268 24.052748985588551 21.935178924351931 19.766374379396439 35.459823299199343 28.966450668871403 22.823417328298092 20.589514769613743 31.851604871451855 19.875019300729036 25.555844912305474 19.206763137131929 29.605594363063574 18.231813956052065 15.258806094527243 20.311168849468231
leaf_count=93 81 149 120 122 103 80 143 102 111 105 114 76 95 93 88 77 102 147 81 91 90 82 118 142 133 84 84 89 152 85 131 116 89 122 81 81 141 101 121 83 122 77 105 84 119 84 87 87
internal_value=0 0.00184981 0.00352265 0.00288889 -0.0115722 -0.0017969 -0.0223319 -0.0356199 0.00886665 0.00381851 -0.00192033 0.001143 0.00983741 0.00362046 0.00610952 0.0106128 -0.0102641 -0.0240861 0.00269829 0.00245263 0.0127809 0.00187109 -0.00532981 -0.0107357 0.00655881 -0.00241042 0.0127324 0.0251896 0.00498703 -0.00127151 -0.00894559 0.013895 0.0115374 -0.0237551 -0.00470041 -0.0154997 0.000702061 0.0257632 0.00661194 0.0132105 0.00578589 -0.0155925 0.0107759 -0.00262405 0.00535502 -0.0100598 -0.0251897 0.0144767
internal_weight=0 1184.79 1054.14 1025.21 130.644 69.0648 61.5795 41.5376 52.2613 993.193 283.416 263.703 149.723 122.235 709.777 98.8511 113.98 54.7458 59.2341 76.2214 52.5879 460.384 181.477 147.973 278.907 113.956 164.951 62.3761 102.575 86.3213 90.3882 249.394 229.149 61.6514 65.9241 41.7016 58.3611 57.8465 171.302 99.6664 70.6729 39.3047 47.0166 71.6358 48.8124 38.8213 32.0183 40.7096
internal_count=5063 4982 4294 4174 688 340 348 245 191 3965 1146 1032 539 446 2819 353 493 249 244 276 185 1795 737 619 1058 438 620 222 398 355 354 1024 908 264 246 162 223 190 718 394 289 162 193 324 203 167 209 163
is_linear=0
shrinkage=0.05


Tree=70
num_leaves=48
num_cat=0
split_feature=12 65 24 28 27 29 40 7 11 44 46 49 37 59 37 53 54 22 26 59 53 54 10 7 6 22 41 54 61 12 59 54 59 57 11 3 10 3 53 40 25 4 59 55 52 36 22
split_gain=10.7407 10.4996 6.60535 5.95429 9.17809 7.48489 7.78512 8.53122 7.67994 10.3283 8.19279 12.1263 8.48152 7.7979 7.97935 7.05774 6.4855 6.45268 6.19868 6.14243 6.06082 5.76793 5.57343 5.3836 5.36553 7.27612 6.87178 5.18342 6.44306 5.08545 4.84603 4.83863 8.23692 5.37171 6.13052 4.62686 4.54386 4.45799 4.37175 4.23715 3.69532 3.38725 3.26659 3.22633 1.87075 1.28372 1.26165
threshold=0.22916666666666671 0.39197753542362973 0.87500000000000011 427.50000000000006 0.65000000000000002 0.95833333333333337 -2.2499999999999996 2.1909090909090918 -0.27307827307827304 5.0000000000000009 9.5000000000000018 22.500000000000004 6.2500000000000009 -0.91595872546125101 5.7500000000000009 7.5000000000000009 3.5000000000000004 1.5951072541767612 0.0041486947770393258 -0.39036009226888674 2.5000000000000004 4.5000000000000009 0.039768339768339746 -0.27272727272727254 0.34285714285714253 1.2794372481516454 -0.1348484848484848 5.5000000000000009 2.5000000000000004 0.10416666666666667 -0.31800055644052067 83.500000000000014 -0.26037106507032781 73.937500000000014 -1.2446094446094447 67.500000000000014 -0.66100386100386088 52.500000000000007 6.5000000000000009 -3.7499999999999996 0.63068181818181823 1.7500000000000002 0.011826144619637555 7.5000000000000009 3.5000000000000004 81.250000000000014 1.0150764990936214
decision_type=2 2 2 2 2 2 2 2 2 2 2 2 2 2 2 2 2 2 2 2 2 2 2 2 2 2 2 2 2 2 2 2 2 2 2 2 2 2 2 2 2 2 2 2 2 2 2
left_child=3 2 27 4 -1 37 31 8 9 13 38 12 -12 20 -15 24 -9 30 -13 45 -8 43 -19 -3 26 -26 -16 -2 35 41 -18 33 -33 34 -7 44 -25 -6 40 -36 -10 -23 -41 -11 -29 -20 -37
right_child=1 23 -4 -5 5 6 7 16 10 21 11 18 -14 14 15 -17 17 22 19 -21 -22 29 -24 36 25 -27 -28 28 -30 -31 -32 32 -34 -35 39 46 -38 -39 -40 42 -42 -43 -44 -45 -46 -47 -48
leaf_value=-0.02792202175208432 0.005960561510693586 0.027842560927561801 -0.047897039186835327 0.021846495028145618 0.0019850923380513286 -0.0051845298011977889 0.024279587528429784 0.01219360498915526 -0.0012076004600376031 0.0062440972323935025 0.001033492466161376 -0.0098659240618732894 -0.039955414157157948 -0.035999201476376738 0.012702098712357824 0.010654707085095746 0.010145041373927945 -0.010907064178738671 -0.001251638797688334 0.037326932704941737 -0.01028982564498658 0.012920202474571841 -0.051037123350647633 -0.022081964626131687 -0.002334515710290357 -0.04833893631927165 -0.021210706099591328 0.0021678967906573537 -0.0014460937165061694 0.00074171217261197056 -0.02172135969616348 -0.014442181717764457 0.021270601348937337 0.034964035621161675 0.035044056481646421 -0.030234192401911792 0.012813551811559061 0.028702474496844901 0.036652693664414614 0.00071594144482503628 0.024655708063547728 0.037930195819000347 0.023230017477908996 -0.020769548723577023 -0.026673744990144757 0.015611490591669242 -0.057235512205872467
leaf_weight=22.832579031586647 25.487752184271812 20.230378068983555 15.407294273376463 41.559177838265896 24.201669063419104 41.135128356516361 25.317528918385506 18.986644525080919 25.736286383122206 21.301162727177143 27.116317495703697 23.290914472192526 22.529146302491426 34.310947090387344 25.684520274400711 33.020468972623348 21.470899004489183 15.201541777700184 21.659312516450882 28.001708559691906 23.648591872304678 32.956123692914844 21.374172307550907 16.828451871871948 13.963620796799658 21.803875265643001 33.115820210427046 10.550708450376989 29.70858914963901 39.805651443079114 24.649487163871527 41.719169445335865 24.957486569881439 27.175092794001102 25.179374009370804 13.43051319383085 18.621250387281179 43.817062944173813 29.540105614811182 35.816711530089378 28.584332168102264 24.125884592533112 28.38173795491457 21.204597825184464 10.705940654501317 22.255815729498863 12.579751854762433
leaf_count=84 130 66 72 127 91 159 90 132 118 94 100 106 102 143 86 134 89 103 85 89 94 127 147 89 54 140 145 78 148 158 104 152 95 85 84 67 81 134 111 120 100 88 103 110 88 79 98
internal_value=0 -0.00987844 -0.0182814 0.0035271 0.00274146 0.00348891 0.00227583 -0.000390544 0.00196194 -0.00269081 0.00906799 0.00182739 -0.017989 -0.00965357 -0.0149209 -0.00901669 -0.013674 -0.0196879 0.0122401 0.0194364 0.00771221 0.00783574 -0.0350925 0.00791881 -0.015925 -0.0309308 -0.00643259 -0.0134083 -0.0198158 0.014527 -0.0069858 0.0103307 -0.000957888 0.0150799 0.0107052 -0.0310925 -0.00390317 0.0193627 0.0214058 0.0179948 0.0126017 0.0239618 0.0108729 -0.00739968 -0.012904 0.00745176 -0.0449288
internal_weight=0 173.551 117.871 1037.43 995.871 973.039 905.02 680.655 578.973 350.259 228.714 144.853 49.6455 210.865 161.899 127.588 101.683 82.6961 95.2078 71.9168 48.9661 139.393 36.5757 55.6801 94.5678 35.7675 58.8003 102.463 76.9755 96.8877 46.1204 224.365 66.6767 157.688 130.513 47.2669 35.4497 68.0187 83.8607 89.3778 54.3206 57.082 64.1984 42.5058 21.2566 43.9151 26.0103
internal_count=5079 917 681 4162 4035 3951 3726 2928 2353 1463 890 561 202 886 702 559 575 443 359 253 184 577 250 236 425 194 231 609 479 373 193 798 247 551 466 331 170 225 329 307 218 215 223 204 166 164 165
is_linear=0
shrinkage=0.05


Tree=71
num_leaves=49
num_cat=0
split_feature=4 28 28 29 41 46 53 40 28 58 58 45 22 37 49 58 20 8 41 9 18 37 42 26 7 7 45 7 3 50 58 7 41 49 35 11 39 8 11 18 26 8 36 22 36 26 7 58
split_gain=10.8634 7.90101 6.58925 6.35236 7.16345 5.86675 5.48508 6.03148 6.41229 7.75921 7.09814 7.47707 6.30741 5.31143 4.73806 5.76228 4.69994 11.9554 7.96289 7.32672 6.17669 7.73344 10.9687 10.7633 10.5545 6.76655 5.56267 5.04121 8.69248 4.66617 5.79909 8.92696 8.52232 8.44795 4.44759 3.93951 3.75207 5.42645 4.19765 3.66406 3.57481 4.9001 3.20314 2.93352 2.7444 2.67382 2.19642 1.80401
threshold=3.7500000000000004 427.50000000000006 262.50000000000006 0.90277777777777779 0.30217391304347835 43.500000000000007 16.500000000000004 -2.2499999999999996 7.5000000000000009 -0.99630266176052629 0.14250626876356556 13.500000000000002 2.06145923771841 5.7500000000000009 80.500000000000014 0.73865729060996177 2.2678571428571463 1.1869565217391307 0.085144927536231887 1.3629343629343633 11.500000000000002 5.7500000000000009 1.7712418300653596 0.00830890522955797 -0.713286713286713 0.59244402161653231 23.500000000000004 0.88111888111888148 17.500000000000004 1.0000000180025095e-35 -0.86976336936302323 1.0000000180025095e-35 -0.19523809523809521 35.500000000000007 82.750000000000014 0.079963279963279968 1.0000000180025095e-35 1.2748681758537421 0.06610686610686585 9.5000000000000018 0.0012696892843055798 2.2617391304347829 80.250000000000014 2.1201375353655743 76.750000000000014 0.0053373536176074847 0.62937062937062982 0.3261394409934788
decision_type=2 2 2 2 2 2 2 2 2 2 2 2 2 2 2 2 2 2 2 2 2 2 2 2 2 2 2 2 2 2 2 2 2 2 2 2 2 2 2 2 2 2 2 2 2 2 2 2
left_child=1 2 3 45 6 47 7 14 9 -9 11 -10 16 -14 15 36 17 19 29 20 21 22 -11 24 -23 -26 27 -19 -29 35 -31 -32 -33 39 -2 44 -5 -38 -39 -34 -15 -42 -28 -36 -18 -1 -12 -6
right_child=34 -3 -4 4 5 -7 -8 8 10 12 46 -13 13 40 -16 -17 18 26 -20 -21 -22 23 -24 -25 25 -27 42 28 -30 30 31 32 33 -35 43 -37 37 38 -40 -41 41 -43 -44 -45 -46 -47 -48 -49
leaf_value=0.0058537263794696181 0.037556501154863267 0.021839538224460706 -0.025523573101005698 9.2874436453032507e-05 -0.05685362827127393 -0.0019792013513751845 0.024794740862292636 -0.031801060179774687 0.020294013475359553 0.026494191007034446 -0.016919885847357239 -0.021078906105034878 -0.041358036345520946 0.018758686337544395 -0.010373923047185622 -0.0071917459596509484 0.037527369167671069 0.013591467144038508 -0.020510861882145501 0.027986998249464469 0.020915402890549179 0.025762754723824402 -0.013484860189710974 -0.04385148086197091 -0.030483746216196594 0.0011481921747795248 -0.050066847835751473 0.011461093321004145 -0.039570148579444145 0.026199812238237193 -0.023425780479744997 -0.014114111888778445 0.018865818901345928 0.040825885049719485 -0.00024816704062151796 0.0046473907315969561 0.0036430435499816374 0.033802920295349433 0.0091554071673841404 -0.0089394004886966961 -0.036149480187716562 0.009168362832004515 -0.017632684894783576 0.024357841522175665 0.013655960597725029 0.028008137587521437 -0.044608400142804483 -0.020437539309121563
leaf_weight=27.982392605394125 24.699904657900333 42.030938159674406 23.723832461982965 37.241328693926334 9.2976941373199242 18.002322040498257 21.667734865099192 18.494824465364218 18.984983757138252 39.620386302471161 14.433659743517635 23.092245645821095 14.468057099729775 9.6396467313170415 33.200458027422428 39.364714428782463 28.424723215401173 17.192159306257963 23.610362313687801 25.820934932678938 29.700238008052111 21.508204758167267 28.875392064452171 19.981128672137856 30.969279985874891 35.734656650573015 15.843585815280674 13.420632794499396 19.589166672900319 24.136561073362827 30.170916154980659 31.410427913069725 21.350672855973244 23.216733418405056 25.66400258988142 31.221893079578876 42.531745105981827 53.346276707947254 26.718016594648361 24.315021187067032 12.397842247039081 10.15773820132017 16.988298203796148 21.906301975250244 23.327260565012693 26.833201959729195 18.229700013995171 7.6177012864500275
leaf_count=101 127 138 90 133 101 78 77 92 74 131 58 107 95 73 117 143 95 76 147 101 107 71 108 88 137 145 83 72 135 83 119 123 94 94 96 119 158 159 90 99 94 88 88 86 91 84 110 98
internal_value=0 0.00082758 -6.62535e-06 0.000587913 -0.000323316 -0.0222507 0.000487789 -9.28721e-05 -0.00236446 -0.000739022 -0.0161235 -0.00237394 0.000232451 -0.0172495 0.0068889 0.00980349 0.00167508 -0.00243208 0.0066227 0.00340268 0.000206864 -0.00337222 0.00968892 -0.0116541 -0.00395116 -0.0137712 -0.0185957 -0.00785482 -0.0190957 0.00939393 0.00420923 -2.74999e-05 0.00717314 0.0169432 0.0206978 0.0188891 0.0140078 0.0181998 0.0257923 0.00418643 -0.005496 -0.0162181 -0.0343016 0.0113512 0.0272302 0.0170062 -0.0332392 -0.0425101
internal_weight=0 1125.89 1083.85 1060.13 1005.32 34.9177 970.398 948.73 716.327 641.587 74.7406 42.0772 623.092 46.6633 232.403 199.202 576.429 315.244 261.185 232.21 206.389 176.689 68.4958 108.193 88.2121 66.7039 83.0338 50.202 33.0098 237.574 154.6 130.464 100.293 68.8824 72.2702 82.9739 159.837 122.596 80.0643 45.6657 32.1952 22.5556 32.8319 47.5703 51.752 54.8156 32.6634 16.9154
internal_count=5073 4764 4626 4536 4351 277 4074 3997 3197 2848 349 181 2756 350 800 683 2406 1342 1064 888 787 680 239 441 353 282 454 283 207 917 612 529 410 287 309 305 540 407 249 193 255 182 171 182 186 185 168 199
is_linear=0
shrinkage=0.05


Tree=72
num_leaves=50
num_cat=0
split_feature=4 0 1 8 2 0 36 8 21 60 58 22 45 67 65 3 2 30 11 4 38 51 45 37 41 35 59 52 52 1 22 44 11 50 37 9 36 11 11 35 6 51 8 21 59 49 18 10 58
split_gain=12.1858 9.53869 7.62448 6.5423 6.16038 7.48291 8.3306 8.0834 6.69489 6.20994 6.18982 5.42487 9.46216 6.85912 5.99725 5.85812 11.0993 5.71531 5.66109 5.15802 4.88226 5.07778 4.77659 8.38938 12.6715 6.86874 5.76122 8.57156 5.75554 6.67202 5.53032 5.67501 8.11461 7.08358 7.98231 7.51575 5.29914 5.09469 4.72097 6.20432 6.83892 7.74085 7.61457 10.328 5.8162 4.93842 4.31231 2.45453 1.99992
threshold=3.2500000000000004 69.750000000000014 73.500000000000014 1.1177207078905298 57.250000000000007 78.750000000000014 72.250000000000014 1.1636940176528279 0.49494897427831791 10.500000000000002 -0.99630266176052629 0.70244946413343545 27.500000000000004 1.0000000180025095e-35 0.35387457207787903 107.50000000000001 74.500000000000014 47.500000000000007 1.9515133515133509 0.62500000000000011 1.5000000000000002 69.500000000000014 16.500000000000004 7.7500000000000009 -0.054093567251461978 86.250000000000014 -0.97507822412530132 3.5000000000000004 11.500000000000002 91.500000000000014 1.8634477825746456 5.0000000000000009 0.21206361206361216 1.5000000000000002 6.2500000000000009 1.1003861003861009 75.750000000000014 -0.68952668952668972 0.57764752606908976 87.250000000000014 2.2285714285714291 83.500000000000014 0.70549328375118869 0.49494897427831791 -0.73865259438682551 60.500000000000007 2.5000000000000004 -0.19305019305019319 -0.54939360607974019
decision_type=2 2 2 2 2 2 2 2 2 2 2 2 2 2 2 2 2 2 2 2 2 2 2 2 2 2 2 2 2 2 2 2 2 2 2 2 2 2 2 2 2 2 2 2 2 2 2 2 2
left_child=1 3 46 -1 -4 6 7 8 -6 -8 -7 12 -12 15 -15 18 -17 -18 22 -9 21 -2 23 30 -25 -26 27 -24 29 38 31 33 36 34 -13 -35 37 -33 39 40 41 42 -28 -44 -41 -46 -3 -22 -40
right_child=20 2 4 -5 5 10 9 19 -10 -11 11 13 -14 14 -16 16 17 -19 -20 -21 47 -23 26 24 25 -27 28 -29 -30 -31 -32 32 -34 35 -36 -37 -38 -39 48 44 -42 -43 43 -45 45 -47 -48 -49 -50
leaf_value=0.0043587906396472947 -0.00918135115424 0.037495042596490641 0.02634494890258739 -0.050729702787941179 0.024788549261349924 -0.02194294084694336 -0.040530703277708524 -0.040859357076407081 -0.0071111042293981784 -0.0043207577930046322 -0.0034524132822065117 0.014045125249652721 0.040787937525634019 -0.039897783610883919 -0.0036467197649157159 -0.039386429465945172 -0.016502064247693359 0.01868974334626106 -0.019808159647172231 -0.0022222662576938655 0.043224808384066157 0.022623653970681556 0.035110602654634483 0.010204282153256446 -0.06013287620856396 -0.0072128048702925374 0.03161946630104303 -0.0058552338163841769 0.020771844610404936 0.01791088070121942 -0.0083363874670503418 0.0044972262489735319 0.0018680186582111205 -0.0020011028533489911 -0.021066493290519444 0.033258787901315083 0.049485090406021844 0.036365211027972112 0.017301681907639675 -0.0061530546002136173 -0.025099404201277261 -0.021226285136162853 -0.024706381726432452 0.020326530859116475 -0.016954019203338867 -0.054956147192731092 0.0057237005702889202 0.017085960690428597 -0.004222930409050799
leaf_weight=8.0068680793046969 22.712888315320015 19.452025767415762 19.801339758560061 14.602691879495977 29.309705168008804 28.352908443659544 32.401745546609163 17.02924520149827 35.228212106972933 18.747717477381229 25.035786855965853 29.748235501348972 22.11147402971983 17.814883580431342 29.564059760421515 23.419846497476101 20.413973402231932 24.037127733230591 25.19971982948482 16.816701028496027 20.923206634819508 25.930191531777382 25.245561644434929 36.422344416379929 12.459346242249014 11.829752087593077 25.132588520646095 24.389103002846241 22.36782031878829 27.186519421637058 28.86051613278687 24.164202757179737 32.505379378795624 25.04853829741478 33.25448390468955 36.691494543105364 26.787741512060165 25.814580902457237 22.044151064008474 27.402249082922935 30.65279627032578 26.398538403213024 23.966608436778188 24.988047093153 18.020434033125639 17.835019450634718 23.255801115185022 18.806094534695148 19.69556775316596
leaf_count=33 101 69 80 192 99 133 146 128 136 73 96 114 70 109 116 96 105 70 113 69 78 110 89 141 96 75 80 100 85 91 127 92 118 114 155 139 89 84 83 116 123 104 107 81 85 87 133 83 77
internal_value=0 -0.000420948 0.000261781 -0.0318626 -0.000594042 -0.00113995 -0.0114371 -0.00284297 0.00753321 -0.0275961 0.000631112 0.00141221 0.017712 0.000429897 -0.0178204 0.0016019 -0.012302 0.00252057 0.00299725 -0.0222768 0.0187706 0.00788716 0.00389813 0.00822183 -0.00842663 -0.0356631 -0.000286256 0.015263 -0.00303154 -0.00512444 0.0120842 0.0146274 0.0229066 0.00725043 -0.00452729 0.0191496 0.0316764 0.0213478 -0.00784087 -0.011109 -0.00483072 0.00153856 0.00982472 -0.00177336 -0.0238467 -0.0368351 0.0207213 0.0315751 0.00728378
internal_weight=0 1109.51 1086.9 22.6096 1044.2 1024.39 149.533 98.3839 64.5379 51.1495 874.861 846.508 47.1473 799.361 47.3789 751.982 67.8709 44.4511 684.111 33.8459 88.3724 48.6431 658.912 323.587 60.7114 24.2891 335.325 49.6347 285.69 263.323 262.875 234.015 109.272 124.743 63.0027 61.74 76.7665 49.9788 236.136 194.396 131.139 100.486 74.0872 48.9547 63.2577 35.8555 42.7078 39.7293 41.7397
internal_count=5090 4718 4493 225 4291 4211 651 432 235 219 3560 3427 166 3261 225 3036 271 175 2765 197 372 211 2652 1344 312 171 1308 189 1119 1034 1032 905 383 522 269 253 265 176 943 783 495 372 268 188 288 172 202 161 160
is_linear=0
shrinkage=0.05


Tree=73
num_leaves=49
num_cat=0
split_feature=41 7 58 52 42 52 4 3 49 37 42 54 41 4 36 18 11 45 65 37 10 6 7 42 62 45 41 41 45 36 7 7 41 45 6 18 2 10 24 38 12 49 59 7 59 42 49 50
split_gain=7.8704 9.63258 8.37414 8.20928 10.1487 9.34205 9.15948 6.89519 6.50716 5.68273 12.229 11.3575 10.8972 8.63299 6.26935 7.87435 7.92977 6.36647 7.44834 7.34944 6.0774 6.04892 5.72477 6.34979 9.49798 7.23956 5.28749 5.23112 11.7897 7.58167 7.51478 5.08062 6.1463 5.54402 4.74497 4.68208 4.56714 4.53182 4.51065 4.39087 6.82566 4.31637 6.02493 4.40083 4.10386 3.2813 2.19559 1.9611
threshold=1.0000000180025095e-35 0.97342657342657346 0.95242846126021108 9.5000000000000018 1.8786764705882355 11.500000000000002 5.7500000000000009 197.50000000000003 84.500000000000014 5.2500000000000009 1.5894736842105266 5.5000000000000009 -0.43303571428571425 0.62500000000000011 73.750000000000014 11.500000000000002 -1.2167238167238168 4.5000000000000009 0.39197753542362973 5.7500000000000009 -1.3969111969111969 -1.0026578073089694 2.832167832167833 1.8619047619047622 1.5000000000000002 18.500000000000004 -0.2240143369175627 0.35147058823529415 38.500000000000007 73.250000000000014 0.71378621378621399 0.62937062937062982 -0.24568965517241378 2.5000000000000004 1.7394957983193284 9.5000000000000018 74.500000000000014 -3.3992277992277988 0.37500000000000006 1.5000000000000002 0.18750000000000003 23.500000000000004 -0.8142754349318998 0.87692307692307703 0.44312301391210612 1.7712418300653596 1.0000000180025095e-35 1.5000000000000002
decision_type=2 2 2 2 2 2 2 2 2 2 2 2 2 2 2 2 2 2 2 2 2 2 2 2 2 2 2 2 2 2 2 2 2 2 2 2 2 2 2 2 2 2 2 2 2 2 2 2
left_child=3 27 7 6 5 -5 8 35 9 10 -1 -12 13 -13 15 16 21 38 19 -19 -20 -11 23 24 37 -25 -7 28 30 -29 39 -18 -33 -34 -22 46 -31 -21 -16 40 -2 -39 43 -43 -14 -40 47 -3
right_child=1 2 -4 4 -6 26 -8 -9 -10 14 11 12 44 -15 17 -17 31 18 20 22 34 -23 -24 25 -26 -27 -28 29 -30 36 -32 32 33 -35 -36 -37 -38 41 45 -41 -42 42 -44 -45 -46 -47 -48 -49
leaf_value=0.028868506141102337 0.011158006077187109 -0.0070702863599359346 0.01568611061822181 -0.04183614271463313 0.014629337449628972 0.012578305459928156 0.034070367578125704 0.0085373791959959897 -0.015340462432285915 -0.0012156907174639478 0.024186180759951343 -0.01885229626220878 -0.040061945844712024 0.021975537965107247 0.035402552555849058 0.025543687959797182 0.023495067319659658 -0.017505201420632183 0.0028003654770623536 0.025815382383649329 0.042690726193849504 -0.038543306461028499 0.03155262989574744 0.039442255470410248 -0.027621332335265009 0.001980770391269435 -0.022265537498147719 0.012368721925561349 0.037376227535920535 -0.038776564837311955 0.023003375180886323 0.013177385606306319 -0.00055495569036546422 -0.035155741000981837 0.01295417154891081 -0.01013865506330793 -0.0075367246510800387 -0.016755077116870711 -0.0014796999717385899 -0.029515170556202053 -0.021408659964051741 0.0097624804380479699 0.020260915557852522 -0.024527589069717873 -0.013813260885772477 0.025254373343218301 -0.057423070297616854 -0.044860851406129471
leaf_weight=24.163548409938812 37.689182177186012 6.7602100782096368 11.398126922547815 28.330343637615442 28.792876707389951 20.934859037399292 25.581845045089722 9.2566181533038598 39.440382983535528 18.980216182768345 20.67632669210434 24.218978695571423 35.562100205570459 25.6201561242342 38.64854558557272 23.525088384747505 21.717528857290745 35.591326151043177 32.921207822859287 20.158912688493729 31.092545170336962 24.557824188843369 19.992267027497292 22.706691034138203 26.791958197951317 28.529090546071529 20.693386320024729 21.790049696341157 22.520448308438063 22.182319544255733 22.897334529086947 32.531880132853985 28.294205432757735 18.632481273263693 25.139040343463421 12.260563541203735 24.842282548546791 26.103995777666569 22.901843924075365 18.584524068981409 26.559716962277889 17.315711177885532 37.651089280843735 18.356892522424459 27.732597235590219 21.800869971513748 21.094833083450794 7.0463274586945772
leaf_count=82 147 92 93 127 109 71 130 45 151 71 77 91 157 93 141 85 72 149 118 63 98 118 69 77 132 107 99 80 69 87 97 113 129 94 91 70 86 105 90 97 140 75 150 90 112 74 210 98
internal_value=0 -0.00622958 -0.0223345 0.00354158 -0.0100082 -0.0202115 0.00518971 -0.0301551 0.00421427 0.005259 -0.00315386 -0.00910774 -0.0153511 0.00215497 0.00749815 -0.000672129 -0.00507989 0.0107211 0.00766154 0.00325313 0.0200067 -0.0226632 0.00671287 0.00405367 -0.00127847 0.0190202 -0.00485855 -0.000602583 0.00535749 -0.0116281 -0.00174873 0.00263429 -0.00328851 -0.0147403 0.0298553 -0.037769 -0.0227737 0.00480345 0.0230478 -0.00878365 -0.00242644 0.000328652 0.00655424 -0.00807063 -0.0289548 0.0118254 -0.0469226 -0.0280844
internal_weight=0 264.883 67.8167 915.689 98.7515 69.9586 816.937 56.4186 791.355 751.915 157.974 133.81 113.134 49.8391 593.941 168.239 144.714 425.702 342.351 253.198 89.1528 43.538 217.607 197.614 146.379 51.2358 41.6282 197.066 128.251 68.8147 105.731 101.176 79.4586 46.9267 56.2316 47.1619 47.0246 119.587 83.3513 82.8334 64.2489 99.4277 73.3237 35.6726 63.2947 44.7027 34.9014 13.8065
internal_count=5021 1411 608 3610 406 297 3204 515 3074 2923 612 530 453 184 2311 682 597 1629 1324 1017 307 189 868 799 615 184 170 803 550 253 481 408 336 223 189 470 173 483 305 384 287 420 315 165 269 164 400 190
is_linear=0
shrinkage=0.05


Tree=74
num_leaves=47
num_cat=0
split_feature=53 41 7 26 36 1 46 0 7 9 67 59 50 22 7 26 37 19 26 54 26 65 26 38 10 26 7 36 26 49 18 22 45 46 45 58 42 18 10 54 10 7 58 45 5 59
split_gain=8.46252 8.3144 8.01022 7.10963 6.44722 7.8376 8.27545 6.41367 7.31013 6.18144 5.79757 11.4607 5.77645 5.08902 10.2116 8.51392 8.66856 7.52191 6.3466 6.33954 5.6095 6.1396 6.87783 5.95931 6.22617 5.58656 5.36726 4.67348 10.7503 7.04732 6.9467 6.14151 6.00341 4.4287 6.68004 4.31281 4.10653 4.7655 4.02562 3.69358 3.19263 2.46819 2.45606 2.33133 1.05113 0.94403
threshold=16.500000000000004 1.0000000180025095e-35 1.1538461538461544 0.0085404798124038665 69.750000000000014 79.500000000000014 27.500000000000004 80.750000000000014 -0.08391608391608385 0.9722007722007725 1.0000000180025095e-35 0.76556758748011056 2.5000000000000004 1.3606855127386981 3.5034965034965038 0.003745193878674074 7.2500000000000009 0.75000000000000011 0.017907709651377363 60.500000000000007 0.011598109438896482 1.8921732736060097 0.0089103387293887615 1.5000000000000002 -0.22471042471042477 0.0012035984915901171 0.7845886597478956 74.250000000000014 0.0027210377714066555 21.500000000000004 8.5000000000000018 1.1454334249358171 33.500000000000007 27.500000000000004 32.500000000000007 -0.28519255817492867 1.8397435897435901 8.5000000000000018 0.020077220077219907 33.500000000000007 1.1189189189189188 1.2083916083916091 0.022575936829235418 38.500000000000007 1.0000000180025095e-35 -0.23537842981696178
decision_type=2 2 2 2 2 2 2 2 2 2 2 2 2 2 2 2 2 2 2 2 2 2 2 2 2 2 2 2 2 2 2 2 2 2 2 2 2 2 2 2 2 2 2 2 2 2
left_child=1 10 4 40 -3 6 -6 -7 -9 -10 13 12 -12 18 15 17 19 25 20 26 21 22 23 27 35 -15 -17 28 -1 30 -29 -31 -33 38 -35 -25 43 -38 41 -5 44 -19 -28 -21 -4 -18
right_child=-2 2 3 39 5 7 -8 8 9 -11 11 -13 -14 14 -16 16 45 33 -20 36 -22 -23 -24 24 -26 -27 42 29 -30 31 -32 32 -34 34 -36 -37 37 -39 -40 -41 -42 -43 -44 -45 -46 -47
leaf_value=-0.042750237053449838 0.030692534737593886 0.019008337900220756 -0.057322734480333606 0.014963286938469964 -0.038091074000750506 0.019053233065314597 0.00023724539337990517 -0.029993080402878031 -0.017316946604251395 0.016763922357807822 -0.048059662909802639 0.014847817781833928 -0.008735730577576508 0.0017679234736827885 -0.021229285577335309 0.0066008094525198029 0.026488579331161062 -0.00071376840114881191 -0.019816316973890653 -0.022139267106743441 0.019945232180403793 0.022933453996528998 -0.025728708524525357 0.038100128596558286 -0.004801995840275272 -0.04060031426766491 0.020342672979660317 0.027808564530070856 0.0015219923427493797 -0.025639373148031164 -0.0026670464567661433 -0.015800313394060145 0.019741415152990435 0.036579997260237758 0.0034717925527419252 0.007242180650540244 -0.0050687573651165127 0.023722689648905598 0.013081386163551881 -0.021265859288213548 -0.013185470300520506 -0.021777477521298605 0.044834681179195576 0.0023034633154040943 -0.02547967955367075 0.043681335273615479
leaf_weight=21.938339591026306 23.194945480674505 29.034143049269915 15.309162022545939 12.497077643871309 30.945223152637482 34.829647250473499 25.164053205400705 22.246502704918385 20.868412565439939 33.043253846466541 18.269617343321443 24.134490169584751 19.178685696795583 14.65425628423691 27.28204482793808 36.096182182431221 24.468511588871479 38.246342446655035 35.346617717295885 19.022517193108797 38.278858944773674 25.854986578226089 26.778764631599188 23.685471229255199 31.940865214914083 15.396071903407572 24.59485000371933 33.899513632059097 33.926211468875408 33.781405076384544 39.939712382853031 22.503473121672869 23.042792037129402 24.151834841817617 39.245792664587498 21.981831662356853 25.650625746697187 30.852924935519695 33.216856310144067 13.748151773586867 9.3379774652421457 20.918284546583891 21.436244316399097 18.691334836184978 6.0753274578601113 22.194628927856684
leaf_count=91 82 124 207 71 135 124 87 106 103 154 98 102 91 76 123 139 85 151 150 83 131 88 110 79 119 91 94 111 129 146 156 101 75 84 148 83 104 121 128 95 81 106 70 77 82 81
internal_value=0 0.000815124 -0.00718392 -0.0235156 -0.00234504 -0.00614633 -0.0211983 0.00158446 -0.00654798 0.0034966 0.00304388 -0.0116514 -0.0286714 0.00412224 0.0078823 0.009872 0.0164364 0.00194849 0.000141267 0.0112441 0.00205712 -1.3811e-05 -0.00197373 0.000327266 0.0120697 -0.0205476 0.0213101 -0.00406911 -0.01631 0.000472347 0.0115089 -0.00981601 0.00221879 0.00639145 0.0164568 0.0237202 0.00233808 0.0107915 -0.000618258 -0.00409875 -0.0394507 -0.00839925 0.0324592 -0.0102786 -0.0498186 0.0354109
internal_weight=0 1163.7 253.099 56.9677 196.131 167.097 56.1093 110.988 76.1582 53.9117 910.601 61.5828 37.4483 849.018 436.119 408.837 223.008 185.829 412.899 176.345 377.552 339.273 313.418 286.64 77.6082 30.0503 82.1273 209.031 55.8646 153.167 73.8392 79.3277 45.5463 155.779 63.3976 45.6673 94.2174 56.5036 92.3815 26.2452 30.7225 59.1646 46.0311 37.7139 21.3845 46.6631
internal_count=5072 4990 1369 536 833 709 222 487 363 257 3621 291 189 3330 1761 1638 854 784 1569 688 1419 1288 1200 1090 281 167 303 809 220 589 267 322 176 617 232 162 385 225 385 166 370 257 164 160 289 166
is_linear=0
shrinkage=0.05


Tree=75
num_leaves=52
num_cat=0
split_feature=46 27 40 30 42 62 53 4 10 9 42 11 8 42 50 7 8 6 21 7 50 53 21 57 45 11 42 51 49 7 42 40 8 45 35 10 0 11 57 15 42 42 41 10 46 59 10 9 51 6 59
split_gain=6.40384 5.10707 8.41286 5.77872 5.02207 4.25704 13.9019 14.3282 9.89348 8.2332 7.68059 8.27416 5.42711 9.71703 7.65319 5.26542 4.84172 4.8399 4.77305 4.50248 5.26044 4.99331 5.91288 5.26594 6.83136 9.62096 9.71817 5.08719 8.87606 5.68817 5.0152 4.89919 4.9785 4.53285 4.3974 4.03223 3.85026 4.25642 3.98426 5.36573 3.7558 3.68302 3.62284 3.42476 3.41462 3.35094 4.49468 3.20588 2.55576 2.34624 2.01062
threshold=87.500000000000014 0.25666666666666677 3.2500000000000004 112.50000000000001 0.82843137254901966 1.5000000000000002 8.5000000000000018 1.7500000000000002 0.3474903474903473 0.51912332500567804 2.2761904761904765 -0.26139799919685719 -0.24415019762845844 1.8397435897435901 1.0000000180025095e-35 0.92517482517482541 1.4217391304347828 1.5428571428571434 1.1363672635645734 2.6006993006993011 6.5000000000000009 7.5000000000000009 0.49494897427831791 75.312500000000014 4.5000000000000009 0.57764752606908976 1.6858552631578949 43.500000000000007 69.500000000000014 0.34965034965034975 1.6306818181818186 -1.2499999999999998 0.88434782608695672 33.500000000000007 84.250000000000014 2.3378378378378382 81.750000000000014 -0.1125469125469125 61.562500000000007 7.5000000000000009 1.5339366515837105 1.6754385964912284 -0.21583850931677015 -0.68339768339768348 18.500000000000004 -0.59867820553660911 0.62934362934362909 1.336679536679537 26.500000000000004 0.68571428571428628 0.18281312110578132
decision_type=2 2 2 2 2 2 2 2 2 2 2 2 2 2 2 2 2 2 2 2 2 2 2 2 2 2 2 2 2 2 2 2 2 2 2 2 2 2 2 2 2 2 2 2 2 2 2 2 2 2 2
left_child=1 -1 4 -4 -3 9 7 10 16 12 11 15 13 40 -14 48 -8 -13 19 20 21 23 30 24 34 26 31 29 33 -28 -23 -26 -33 43 36 -19 37 38 39 -11 -6 -24 -9 -29 -34 -21 -47 -43 -7 -16 -17
right_child=-2 2 3 -5 5 6 8 42 -10 18 -12 17 14 -15 49 50 -18 35 -20 45 -22 22 41 -25 25 -27 27 28 -30 -31 -32 32 44 -35 -36 -37 -38 -39 -40 -41 -42 47 -44 -45 -46 46 -48 -49 -50 -51 -52
leaf_value=0.025350276743855593 0.027663163681639194 0.024072809875496915 -0.046082050106953078 -0.0068803604044390945 0.0022856690486516363 -0.027226833792318935 -0.063649036988620206 0.039559154445834056 0.0019089355854714288 0.022063420274029653 0.019714892666392383 0.018971107586870692 -0.00094403018729399151 0.024911591447009041 -0.044781326308631117 -0.061950196797337223 -0.023220595007598158 -0.025946442155362473 0.02641530252933862 -0.025694598441816791 -0.01774077202911107 -0.017597226001485035 0.03505594140155998 0.028239003880335952 0.020423665071563818 0.023627269384998546 -0.0096996308080035901 -0.022223294607729906 -0.030391011030804372 -0.045675054430786233 0.012017412327818411 -0.016821190005267661 0.026003558282390926 0.017578503735921007 -0.0079103326011884297 0.0083297010134403167 0.031910257508857766 -0.006555042700756384 0.029990628582309903 -0.013516575847846563 -0.027495844987315041 0.0017421439282494682 0.011520095844964464 0.0062552993143450688 -0.0053046625870275046 -0.016567301240604165 0.016992263850542599 0.024758797604732232 -0.0029906343755576408 -0.018515760040069131 -0.02588917963794643
leaf_weight=20.293174747377634 22.12272934615612 23.021526897326112 14.220512012019752 25.725938722491264 20.129372052848339 18.732341561466455 15.658535026013849 21.560720600187778 17.817430919036269 22.385463666170835 22.283403107896447 23.763883275911212 36.246298804879189 26.709325827658176 19.666984342038631 9.1676482893526572 16.623354313895106 17.442496113479137 23.823868557810783 19.205895345658064 22.853147329762578 20.857239065691829 33.130385778844357 19.51357801258564 36.530511118471622 30.383669879287481 22.477017983794212 20.450197692960501 28.824421916157007 21.861241802573204 40.356256702914834 30.031135942786932 16.841235648840666 27.59235467389226 25.210042409598827 15.344707563519476 25.089276887476444 27.214935295283794 30.061641162261367 18.470243899151683 21.003147035837173 28.55428746342659 25.977677322924137 20.110990323126316 16.463132970035076 19.796124754473567 18.178649481385946 31.570611678063869 24.868203973397613 18.480437647551298 10.309137487784026
leaf_count=64 84 93 140 82 80 87 72 89 86 89 97 97 132 106 87 80 99 111 88 91 105 97 116 71 124 119 84 94 115 104 158 141 76 94 120 66 89 110 108 96 84 104 90 78 84 108 76 110 106 83 82
internal_value=0 0.0010879 0.000635197 -0.0216203 0.00146033 0.000956315 -0.00491026 0.0013255 -0.0280552 0.00263304 -0.00665324 -0.0116876 -0.00829241 0.00194043 -0.017526 -0.0239911 -0.0441539 0.00221417 0.00486858 0.00406898 0.00531607 0.0062315 0.0139368 0.00349794 0.00228409 -0.0024324 -0.00579935 -0.0141961 -0.00763868 -0.0280537 0.00180617 0.00610542 -0.00234211 0.00228437 0.0108718 -0.0101331 0.0147472 0.0100815 0.0164682 0.00603961 -0.0132131 0.0217958 0.02479 -0.00829232 0.0108237 -0.00924412 -0.000478437 0.0140351 -0.0137804 -0.032855 -0.0450594
internal_weight=0 1162.88 1142.59 39.9465 1102.64 1079.62 239.55 189.45 50.0993 840.073 141.912 119.628 142.236 67.8418 74.3937 63.0773 32.2819 56.5511 697.838 674.014 616.833 593.98 154.469 439.511 419.998 271.566 241.182 141.316 96.978 44.3383 61.2135 99.866 63.3355 68.1535 148.432 32.7872 123.222 98.1323 70.9173 40.8557 41.1325 93.2553 47.5384 40.5612 33.3044 57.1807 37.9748 60.1249 43.6005 38.1474 19.4768
internal_count=5046 4962 4898 222 4676 4583 1162 905 257 3421 726 629 572 270 302 355 171 274 2849 2761 2486 2381 585 1796 1725 1113 994 569 381 188 255 425 301 266 612 177 492 403 293 185 164 330 179 172 160 275 184 214 193 170 162
is_linear=0
shrinkage=0.05


Tree=76
num_leaves=49
num_cat=0
split_feature=46 40 18 53 4 0 58 58 53 51 12 41 42 10 7 11 12 9 4 28 26 41 51 26 10 10 22 10 22 42 37 26 60 0 54 45 46 24 53 7 11 58 24 36 41 11 22 46
split_gain=8.97444 6.77693 17.0574 6.38525 6.40825 5.50643 5.42478 9.46635 6.41891 9.32399 6.70056 6.24049 5.7879 4.88258 4.62762 9.14695 5.67222 6.66067 8.44353 6.6178 5.90883 6.99717 6.87339 5.82927 5.59679 6.94675 6.36747 5.51299 6.46709 9.07452 5.27616 6.8563 5.05244 4.63034 4.63924 4.74688 5.66033 5.08039 4.46216 5.72244 6.74644 4.36183 3.5845 3.26423 3.11976 2.68661 2.36662 0.470635
threshold=87.500000000000014 3.2500000000000004 1.0000000180025095e-35 16.500000000000004 3.2500000000000004 82.250000000000014 0.98802474685579866 0.97696484778429815 9.5000000000000018 84.500000000000014 0.062500000000000014 -0.12132352941176469 1.8221343873517788 5.2501930501930509 2.1125874125874131 0.27058887058887066 0.10416666666666667 2.0648648648648655 1.7500000000000002 32.500000000000007 0.016571604032156708 0.11437908496732027 4.5000000000000009 0.016852390834716045 2.528957528957529 0.48185328185328191 1.4540276491294899 -3.1671905127748752 0.83031780843597414 1.6306818181818186 7.7500000000000009 0.0036101263219378869 7.5000000000000009 84.750000000000014 2.5000000000000004 3.5000000000000004 26.500000000000004 0.37500000000000006 3.5000000000000004 0.42407592407592426 -0.088495288495288857 -0.76141707087277943 0.37500000000000006 74.250000000000014 -0.12771739130434781 -0.21195012253694476 1.3809491840114985 11.500000000000002
decision_type=2 2 2 2 2 2 2 2 2 2 2 2 2 2 2 2 2 2 2 2 2 2 2 2 2 2 2 2 2 2 2 2 2 2 2 2 2 2 2 2 2 2 2 2 2 2 2 2
left_child=1 3 -3 4 6 44 7 8 13 10 46 12 -12 14 16 45 23 18 19 20 21 22 -18 30 25 26 -17 -24 -29 41 33 -32 -31 34 -1 37 -37 -36 39 -35 -41 -30 -19 -8 -6 -16 -10 -13
right_child=-2 2 -4 -5 5 -7 43 -9 9 -11 11 47 -14 -15 15 24 17 42 -20 -21 -22 -23 27 -25 -26 -27 -28 28 29 32 31 -33 -34 38 35 36 -38 -39 -40 40 -42 -43 -44 -45 -46 -47 -48 -49
leaf_value=-0.0011547862011900961 0.033075289069625029 0.0058345252587715495 -0.051775363509360899 0.027032196829368079 0.035276632336240656 -0.0076540048295642947 -0.034595793872597397 0.034318751099314572 -0.00083714912360188158 -0.040607359317560023 0.015650833213385146 -0.022388139677250531 -0.018566163531730347 0.022744382639845063 -0.0168734245552794 -0.031168764992826642 0.024208591242834712 -0.0073964769893072203 -0.024386910305091422 -0.019319321995508655 0.030872052205559171 -0.023552896771233602 0.023773479337178299 -0.01187124199158842 -0.022396713098468971 0.021582796098846876 0.0073824821345427937 0.023368619618590901 -0.0037469488725336156 0.016969516456054577 -0.018225330340791223 0.015092772739814171 -0.0098269732588377387 0.015668248565768792 0.050394334335501605 -0.0042820183201586082 0.025848520991565593 0.016839394999844954 0.022790495211959173 -0.027111832950968071 0.0064686099758797357 -0.038603848875808131 -0.044681579731872006 -0.0051347390426120338 0.011201219283678118 -0.051597306423742023 0.021672424379007404 -0.039706175767972779
leaf_weight=24.183846265077591 20.874964065849781 32.645142912864685 20.001436561346054 23.118342230096459 26.081859573721886 19.344338998198509 16.252177186310291 19.500315012410283 23.042367465794086 20.008501654490829 22.352286241948605 13.349617637693884 25.276523876935244 25.616967033594847 12.693726481869819 16.814059421420097 40.747717387974262 13.511301208287479 30.722617499530315 28.653778076171875 20.308797053992748 20.928043583407998 21.976326145231724 35.89533057063818 22.646644812077284 34.952143725007772 26.134046161547303 18.93660306558013 14.036481361836193 33.646690122783184 34.986490009352565 26.088110197335482 34.798792902380228 34.767506070435047 24.44734375923872 25.85669987462461 37.313372872769833 22.943301342427731 26.512139081954956 27.663737565279007 30.635457418859005 25.090982433408499 12.224545294418929 21.583166984841228 29.508248761296272 11.500258987769483 22.52634259313345 13.769177637994288
leaf_count=100 80 98 157 83 143 74 105 78 85 99 80 77 103 95 86 73 145 102 118 128 82 158 70 135 99 154 118 65 72 135 158 92 149 113 84 106 123 85 84 105 99 151 88 92 101 81 79 83
internal_value=0 0.000749315 -0.0166097 0.00158463 0.00102053 0.015031 -2.77027e-05 0.000700028 -1.96929e-05 -0.00985966 -0.00445377 -0.0135986 -0.00251644 0.00167988 0.000970394 -0.00783059 0.0026259 -0.00223636 -3.3585e-05 0.00293648 0.00577499 0.00321504 0.00628365 0.00698784 -0.00106931 0.00533613 -0.00807602 0.00123563 -0.00283523 -0.00762077 0.00916492 -0.00397958 0.00340042 0.0123247 0.0186516 0.0229555 0.013641 0.034833 0.0050999 -0.000128365 -0.00965425 -0.0265044 -0.0261157 -0.0183547 0.0229207 -0.0347718 0.0105166 -0.0322805
internal_weight=0 1165.59 52.6466 1112.95 1089.83 74.9344 1014.89 977.059 957.559 140.325 120.316 74.7476 47.6288 817.234 791.617 124.741 666.876 315.583 289.847 259.124 230.47 210.162 189.234 351.293 100.547 77.9002 42.9481 148.486 126.51 107.573 315.398 61.0746 68.4455 254.323 134.745 110.561 63.1701 47.3906 119.579 93.0667 58.2992 39.1275 25.7358 37.8353 55.5901 24.194 45.5687 27.1188
internal_count=5070 4990 255 4735 4652 318 4334 4137 4059 606 507 343 183 3453 3358 611 2747 1463 1273 1155 1027 945 787 1284 444 345 191 642 572 507 1149 250 284 899 498 398 229 169 401 317 204 223 190 197 244 167 164 160
is_linear=0
shrinkage=0.05


Tree=77
num_leaves=50
num_cat=0
split_feature=58 53 62 12 45 3 8 59 1 7 41 59 45 35 51 24 37 42 58 18 58 6 5 53 36 61 58 45 28 0 0 18 41 65 35 58 6 0 41 51 4 1 36 12 36 1 11 6 3
split_gain=7.02087 7.24997 12.594 8.47952 9.63339 7.59384 8.26252 6.70716 8.53206 6.59644 6.67363 5.84549 7.20399 6.48518 7.92394 5.71666 7.68534 7.50977 5.71334 5.26058 5.3989 5.36071 5.14508 4.96384 4.69045 6.44102 10.1158 6.52711 4.6374 6.44969 4.70106 4.16013 4.6437 4.06138 4.31469 4.04872 5.57793 3.94684 3.85905 3.84936 4.71204 4.60746 6.30533 3.42481 2.67485 2.66354 2.13253 1.97933 0.986149
threshold=0.99274428880883148 9.5000000000000018 1.5000000000000002 0.18750000000000003 62.500000000000007 27.500000000000004 1.9486956521739132 0.29958852271690523 88.250000000000014 0.92517482517482541 -0.074175824175824162 0.96407344085605606 26.500000000000004 87.750000000000014 78.500000000000014 0.87500000000000011 7.7500000000000009 1.7071428571428573 1.0000000180025095e-35 8.5000000000000018 -0.41398024697495356 0.34285714285714275 1.0000000180025095e-35 7.5000000000000009 81.250000000000014 1.5000000000000002 -0.65234524191686594 3.5000000000000004 142.50000000000003 81.250000000000014 79.125000000000014 9.5000000000000018 -0.13961038961038957 -1.1463211661045005 88.250000000000014 -0.46038400545438724 0.34285714285714314 87.250000000000014 -0.17028985507246372 7.5000000000000009 0.62500000000000011 77.500000000000014 73.750000000000014 0.062500000000000014 74.250000000000014 81.500000000000014 -0.12211032211032234 0.34285714285714264 52.500000000000007
decision_type=2 2 2 2 2 2 2 2 2 2 2 2 2 2 2 2 2 2 2 2 2 2 2 2 2 2 2 2 2 2 2 2 2 2 2 2 2 2 2 2 2 2 2 2 2 2 2 2 2
left_child=1 3 19 5 9 11 7 8 28 24 47 12 15 14 37 16 18 -17 38 20 -3 -22 -4 -2 25 27 -27 -5 29 30 -7 32 -31 -10 -35 -21 -37 -14 -1 40 -9 -42 -43 -41 -18 -45 -20 -11 -12
right_child=23 2 22 4 -6 6 -8 39 33 10 48 -13 13 -15 -16 17 44 -19 46 35 21 -23 -24 -25 -26 26 -28 -29 -30 31 -32 -33 -34 34 -36 36 -38 -39 -40 43 41 42 -44 45 -46 -47 -48 -49 -50
leaf_value=0.011199456926290711 -0.041104510474792688 -0.031627339967866333 -0.042424282260509628 0.0068685979830528576 0.031151451734372476 -0.0076928333067994362 0.032342175382578088 0.024237056646033945 0.00028257585658734665 -0.020576036067921147 -0.029625825621224008 -0.025347769173522647 -0.0016504539591248365 -0.026448128596674055 -0.020156222728443939 0.042634705207178436 -0.034690845333360983 0.0039611946729649072 0.03157196409009385 0.02583962177195534 0.016378828830507283 -0.015716615754936977 -0.0061036299631798659 -0.0021547758011792356 -0.022901186159505357 -0.0039964548016929793 0.040629803877730471 -0.025327455815838569 0.012521080244415126 -0.023177426666683848 0.024446078463401778 -0.029551989167594175 0.0074783060850387058 0.010298338384792688 0.036928205484149809 -0.014570433609090817 0.016529339574310572 0.027154755197544758 -0.018619165575635255 0.034121942505269467 0.01918316928355444 -0.027814993128241507 0.010956699026384714 0.001655254990647597 -0.0039657221398983564 0.025165872787755283 0.010138666736491567 0.0040053920165994241 -0.059306271030512316
leaf_weight=20.650451570749283 14.867709189653398 18.790163058787584 27.681347513571382 31.345266006886959 15.975711178034542 24.023029521107674 38.91093254648149 30.579969760030508 30.927656151354313 16.152652271091942 9.4112231517210621 19.673853307962418 23.403079941868782 31.763009391725063 28.42003128118813 23.478066859766841 13.844794642180206 26.231991156935692 24.072856035083532 24.204719357192516 23.354246407747269 26.932787697762251 15.348851479589937 17.125366259366274 22.115923367440701 29.781286045908928 20.933255758136511 29.961334789171815 33.404941119253635 21.866188995540142 20.029138818383217 33.981542438268661 26.090457081794739 35.080554649233818 27.448047708719969 26.680012412369251 29.104022525250912 22.952042102813721 20.81703726015985 39.751480758190155 20.488171026110649 20.901497647166252 19.330004952847958 23.433450927957892 14.106690790504215 24.124203778803349 24.202578783035278 15.146169554442166 9.1412939112633449
leaf_count=76 99 91 145 129 56 104 155 105 120 87 130 119 94 125 110 107 101 116 85 90 84 124 80 79 139 127 71 138 104 81 73 144 105 120 93 106 105 72 98 155 78 94 78 85 72 82 93 81 75
internal_value=0 0.00244112 -0.00640628 0.00420904 -0.00493912 0.00660679 0.0105385 0.00850193 0.00323943 -0.00822432 -0.0235617 0.000293805 0.00222081 -0.00789842 0.000226182 0.00866947 0.00259903 0.0227073 0.00973495 0.000530068 -0.00950416 -0.000782164 -0.0299016 -0.0209526 -0.00239209 0.00182375 0.0148532 -0.00901999 -0.00379558 -0.0081863 0.00713799 -0.0164118 -0.00668732 0.0151512 0.0223853 0.00920585 0.0016605 0.0128843 -0.0038557 0.0158924 0.00857183 0.000417549 -0.00937245 0.0233638 -0.0198569 0.013854 0.0212503 -0.00892484 -0.0465354
internal_weight=0 1156.05 192.096 963.952 199.964 763.988 470.371 431.46 252.852 183.988 49.8513 293.616 273.943 106.538 74.7752 167.404 117.694 49.7101 89.7429 149.066 69.0772 50.287 43.0302 31.9931 134.137 112.021 50.7145 61.3066 159.395 125.99 44.0522 81.9382 47.9566 93.4563 62.5286 79.9888 55.784 46.3551 41.4675 178.609 91.2996 60.7197 40.2315 87.3091 27.9515 47.5577 48.2754 31.2988 18.5525
internal_count=5080 4902 825 4077 1033 3044 1776 1621 944 977 373 1268 1149 401 276 748 525 223 352 600 299 208 225 178 604 465 198 267 611 507 177 330 186 333 213 301 211 166 174 677 355 250 172 322 173 167 178 168 205
is_linear=0
shrinkage=0.05


Tree=78
num_leaves=48
num_cat=0
split_feature=47 42 8 42 65 8 0 45 42 26 46 65 41 8 41 12 8 59 22 42 10 59 51 42 10 25 61 59 11 51 52 25 36 59 52 41 8 46 52 7 11 26 58 59 59 10 8
split_gain=8.61157 7.62068 6.35464 7.47431 6.46371 6.95392 6.96207 6.22016 6.10484 4.677 4.57737 4.92546 7.07614 6.53128 5.82207 6.03024 7.27171 6.4611 7.87143 6.30897 9.91369 6.93854 5.71242 5.42959 7.31363 5.38848 8.87895 6.16232 5.49943 4.96487 4.80925 4.62556 4.19621 3.75232 6.75501 4.23292 11.6837 5.66076 6.18672 4.38666 7.32693 6.45545 3.73045 3.45772 3.29642 2.99466 2.70945
threshold=4.5000000000000009 3.8090909090909095 -0.29110892954795509 1.8619047619047622 3.7464085181447566 0.044850357723460722 80.750000000000014 60.500000000000007 2.8452380952380958 0.0090654442894090494 74.500000000000014 -0.21920354383512752 -0.50925925925925919 0.47217391304347833 -0.55050505050505039 0.10416666666666667 0.3862877830526999 -0.20180761162458913 1.5364651941646761 1.6858552631578949 -2.6926640926640917 -0.79382744783423187 8.5000000000000018 1.6417112299465242 -1.2868725868725872 0.68333333333333346 1.0000000180025095e-35 -0.78324956448884031 -0.56871236871236885 1.0000000180025095e-35 1.5000000000000002 0.55050505050505061 70.750000000000014 0.82293497932636273 1.5000000000000002 -0.26491228070175432 1.6408695652173915 6.5000000000000009 3.5000000000000004 0.88111888111888148 -0.98301158301158276 0.0089103387293887615 -0.54939360607974019 -0.75013812021657655 0.65720762023595369 0.17837837837837831 1.9330434782608699
decision_type=2 2 2 2 2 2 2 2 2 2 2 2 2 2 2 2 2 2 2 2 2 2 2 2 2 2 2 2 2 2 2 2 2 2 2 2 2 2 2 2 2 2 2 2 2 2 2
left_child=1 2 3 9 5 6 -4 -6 10 -1 11 14 -13 -14 -7 29 -17 19 23 20 -18 -21 44 24 -19 26 -15 -28 -29 -16 -25 43 -10 35 -35 45 37 38 -37 40 -39 -41 -11 -22 -20 -31 -38
right_child=-2 -3 4 -5 7 8 -8 -9 32 42 -12 12 13 25 15 16 17 18 22 21 31 -23 -24 30 -26 -27 27 28 -30 33 -32 -33 -34 34 -36 36 46 39 -40 41 -42 -43 -44 -45 -46 -47 -48
leaf_value=0.01983570849747204 0.026461108679416617 0.028393226507061182 -0.035324150056896465 0.032265054118565499 -0.040768140709818532 -0.028528070542840095 0.0014674633357164874 -0.00081306034569856916 -0.0030673382157041188 0.01097914592208672 -0.020553260302092397 0.02532244313773524 0.024021487177930956 -0.036253705302828829 -0.015316565890218087 -0.02838462123841546 0.013026851726776005 0.045287471210060451 0.020046490627289193 0.021139837200753329 -0.041059574084875393 -0.02243308095765835 -0.038802036107106752 -0.016233743516450783 0.0057658293099911752 0.0143063116144591 -0.01791217863316957 -0.0096059062505410072 0.020750558185277854 0.0045974730823195621 0.013688933586312966 -0.061013368373726118 -0.034683974002027405 0.036864305727045264 0.0013740549699391015 0.0041389452275105744 -0.042934371065943097 0.0036468598305500026 0.037811993899174168 0.018872664639417586 -0.035646963861399268 -0.014018235525744067 -0.015058617417630489 0.00093024836589675132 -0.015515653625455709 0.025265257867607901 -0.012820913397421566
leaf_weight=27.198456384241581 31.526544287800789 22.74676239490509 27.135468915104866 29.256720453500748 19.157007090747356 17.008040152490139 23.53901981189847 18.930600687861443 22.265203041955829 21.511944845318794 22.481241755187511 46.183136679232121 31.346298642456532 19.45885256305337 27.952066861093044 29.789986964315176 11.490355931222437 20.62046767026186 10.677595833316447 19.883831493556499 9.617834057658909 15.249429021030663 14.22797962464392 23.123415123671293 26.267786625772715 42.245021186769009 30.378646314144135 23.359580740332603 38.113072656095028 38.058528482913971 29.288587063550949 13.940307721495627 19.21959425136447 24.763599380850792 28.123984914273024 32.861657157540321 14.227143567055466 28.703953634947538 22.669031899422407 41.633835878223181 19.025667630136013 22.067353926599026 34.614155136048794 9.0281650144606846 13.743905078619717 32.385997451841831 17.112595766782761
leaf_count=99 116 98 113 120 95 70 97 74 107 78 90 148 111 89 142 141 51 67 68 92 84 101 133 96 120 146 139 105 152 129 110 106 83 92 125 119 79 104 72 145 80 82 143 83 116 104 112
internal_value=0 0.000366747 -0.000232662 0.0109739 -0.00150738 -0.000694532 -0.0185363 -0.0214382 0.000319829 0.00320427 0.00122516 0.00182845 0.00803297 0.00360156 -0.000517685 0.000327336 -0.00564094 -0.00240515 0.00412969 -0.0136957 -0.0260774 0.00212978 -0.014768 0.0115589 0.0237294 -0.000695351 -0.00646555 0.000167605 0.009246 0.00454744 0.000430711 -0.0398434 -0.0181867 0.00631587 0.0183674 0.0038849 0.000124733 0.00542295 0.0183108 -0.00110537 -0.0124263 0.00743805 -0.0050614 -0.0217161 0.000209802 0.0143199 -0.0273963
internal_weight=0 1132.68 1109.94 112.581 997.356 959.268 50.6745 38.0876 908.594 83.3246 867.109 844.628 231.085 184.901 613.543 596.535 246.95 217.16 137.95 79.2099 44.0767 35.1333 38.6495 99.3003 46.8883 153.555 111.31 91.8513 61.4727 349.585 52.412 32.5863 41.4848 321.633 52.8876 268.746 198.301 166.962 55.5307 111.431 47.7296 63.7012 56.1261 18.646 24.4215 70.4445 31.3397
internal_count=5026 4910 4812 440 4372 4203 210 169 3993 320 3803 3713 890 742 2823 2753 1368 1227 710 517 324 193 317 393 187 631 485 396 257 1385 206 273 190 1243 217 1026 793 602 191 411 184 227 221 167 184 233 191
is_linear=0
shrinkage=0.05


Tree=79
num_leaves=51
num_cat=0
split_feature=40 42 35 57 45 21 25 59 9 7 26 18 40 11 42 12 58 59 16 26 51 7 20 1 18 62 50 58 26 9 21 42 26 60 49 1 21 46 4 65 18 49 10 25 10 58 58 25 42 51
split_gain=6.45488 6.84951 6.74078 10.8693 6.68043 5.75157 9.34025 8.89776 7.29974 8.9555 8.88905 7.74725 6.02269 7.07671 5.84649 6.11507 6.16274 5.70788 5.58794 5.5469 6.4541 5.45297 6.90433 9.42492 10.1478 10.0382 8.97376 7.19719 6.73588 5.81778 5.2168 5.18037 4.95447 5.35122 4.75691 8.13839 4.63011 4.55794 5.79447 6.34621 6.70585 5.84123 4.75041 4.23569 3.77586 3.65975 3.16986 2.68016 2.07741 0.601574
threshold=-3.7499999999999996 1.5266106442577032 72.250000000000014 55.562500000000007 64.500000000000014 0.52243118397129218 0.44722222222222224 0.93158198870884079 1.5169593717757988 0.59244402161653231 0.0022838929199046668 8.5000000000000018 -1.7499999999999998 -1.5626805626805624 1.804761904761905 0.062500000000000014 -0.13398594226331254 -0.98212955754013376 12.500000000000002 0.0031388349114512605 76.500000000000014 -0.86013986013985988 2.7500000000000004 89.500000000000014 4.5000000000000009 2.5000000000000004 3.5000000000000004 -0.66528616069191593 0.00830890522955797 1.0555984555984559 0.75604704659038091 2.7386363636363638 0.0026105982328051046 10.500000000000002 32.500000000000007 78.500000000000014 0.52243118397129218 8.5000000000000018 1.7500000000000002 0.35387457207787903 8.5000000000000018 59.500000000000007 -0.61698841698841689 0.52272727272727282 -0.72355212355212351 -0.21861968191509915 0.26037272046371446 0.68333333333333346 1.720779220779221 51.500000000000007
decision_type=2 2 2 2 2 2 2 2 2 2 2 2 2 2 2 2 2 2 2 2 2 2 2 2 2 2 2 2 2 2 2 2 2 2 2 2 2 2 2 2 2 2 2 2 2 2 2 2 2 2
left_child=43 4 36 -4 17 6 7 12 11 -10 -11 49 -5 -14 15 30 -17 -2 45 -15 48 28 23 24 34 32 27 -24 -19 -29 -7 37 -26 44 35 -23 -3 47 39 42 -41 -40 -39 -1 -34 -13 -46 -16 -21 -8
right_child=1 2 3 5 -6 14 8 -9 9 10 -12 18 13 19 31 16 -18 21 -20 20 -22 22 26 -25 25 -27 -28 29 -30 -31 -32 -33 33 -35 -36 -37 -38 38 41 40 -42 -43 -44 -45 46 -47 -48 -49 -50 -51
leaf_value=-0.0013509209606261336 -0.022714175924487753 -0.046242448396652813 0.02626487245949511 0.0045635418411806399 0.030272791653370969 -0.016945529326959436 0.024533482707854607 0.023207811398197147 0.024803723257770981 0.0090827476345739944 -0.035444901314949595 0.028918327230778192 0.008952404853365124 -0.047716057000105463 0.024794829344059768 -0.011462580226928464 -0.041536177215724002 0.037890757593514519 -0.014103941807381812 -0.01468303338226826 0.0060439597110979217 -0.00078185547746888152 0.026538676634127553 0.028427635387187906 0.012391905658755602 -0.048308263600966281 0.037293809372847174 -0.031903755966285842 0.0013671126745285654 0.0063497189899873524 0.014738113021198221 -0.025274427432861863 -0.04197468256104589 0.0081373720907055268 -0.010847795962854309 0.039273545233808854 -0.0035810732043344237 -0.0036116123318914147 -0.0062629584887642885 -0.016953217030046795 0.019032916896369254 0.02918636120486769 -0.033719325812989275 0.025333481366665252 -0.030295129919470837 0.001753147051390985 -0.0024256805346900365 0.0023609165930285531 -0.040745718416066369 0.038897413021028907
leaf_weight=22.025044366717339 17.7600192502141 13.364458703435959 33.009069455787539 38.213056840002537 25.349403202533722 27.88103498890996 23.437128093093634 19.843415694311261 17.85089909657836 19.205535525456071 24.837892418727279 24.473552122712135 17.783692957833409 20.019085912033916 23.445418138056993 37.770291496068239 31.734579263255 25.951596900820732 22.15770360454917 15.416552009060977 19.436020817607641 27.732541220262647 21.068839641287923 21.785109378397465 21.94835995696485 17.629687912762165 28.361099129542708 15.468652408570049 23.891737721860409 24.408724723383784 22.639155991375446 21.355039481073618 15.682076022028921 19.678902056068182 20.068713814020157 22.305943258106709 11.73873815871775 21.442564368247986 24.12392245978117 23.4489571377635 26.530185461044312 20.918808102607727 33.778234213590622 44.171120770275593 15.799638429656623 24.42277817428112 26.477361485362053 29.752968963235617 18.454750556498766 23.670024301856756
leaf_count=94 89 124 147 150 89 111 82 77 66 94 121 89 69 140 82 155 149 84 101 78 82 130 89 90 103 108 131 74 92 133 77 94 84 80 80 83 72 80 92 91 84 79 144 151 86 95 117 111 99 80
internal_value=0 0.000612759 -0.00224127 -0.00131817 0.00594407 -0.00270587 0.00201886 -0.00720757 0.00966007 -0.00420908 -0.0162576 0.0168993 -0.0120168 -0.0189449 -0.00720966 -0.0160718 -0.025588 0.00418124 0.00630926 -0.0257402 -0.0167607 0.00561392 0.00302411 -0.00195673 -0.00562253 -0.0145762 0.014579 0.00357736 0.0207549 -0.00890648 -0.00273694 -0.00242771 -0.00818379 -0.0140842 0.00934214 0.0174935 -0.0271946 8.23912e-05 -0.00437628 -0.0107746 0.00214777 0.0104768 -0.0223005 0.016567 -0.0216391 0.0156569 -0.0133003 0.012523 -0.0296445 0.0324095
internal_weight=0 1123.52 732.156 707.052 391.368 674.043 329.222 149.167 180.056 61.8943 44.0434 118.161 129.323 91.1101 344.821 120.025 69.5049 366.019 71.054 73.3264 53.3073 348.259 298.416 209.108 187.323 117.216 89.3073 60.9462 49.8433 39.8774 50.5202 224.796 99.5863 77.638 70.1072 50.0385 25.1032 203.441 150.243 105.2 49.9791 45.0427 55.2208 66.1962 57.9591 48.8963 42.277 53.1984 33.8713 47.1072
internal_count=5102 4857 3115 2919 1742 2772 1423 695 728 281 215 447 618 468 1349 492 304 1653 285 399 259 1564 1388 961 871 578 427 296 176 207 188 857 470 367 293 213 196 763 570 399 175 171 224 245 287 184 203 193 177 162
is_linear=0
shrinkage=0.05


Tree=80
num_leaves=48
num_cat=0
split_feature=45 56 59 11 7 11 41 25 50 58 41 20 10 59 59 51 51 13 50 36 7 7 1 57 10 59 42 53 8 53 58 8 7 25 20 13 55 10 21 1 46 50 58 59 40 42 22
split_gain=6.3172 4.89204 6.83917 4.61582 6.07369 5.84702 14.2613 9.97709 4.64619 7.97748 5.83349 12.8381 4.64139 9.40348 9.17852 8.77754 8.76075 8.35068 6.66993 7.88237 7.61907 6.15688 10.1906 8.72191 5.80798 6.23937 6.40631 6.10725 5.39574 5.28057 4.99334 8.00492 7.6329 4.86383 4.82199 9.40363 5.74177 6.30639 4.30082 4.22518 4.10862 3.77269 2.87241 2.87077 2.65292 2.1383 2.12438
threshold=73.500000000000014 6.5000000000000009 -0.10837475778693638 2.3420957420957431 3.8391608391608396 0.97575397575397582 -0.051315789473684204 0.52272727272727282 5.5000000000000009 0.92602006027323147 -0.20416666666666664 2.7500000000000004 1.1583011583011584 -0.30982845708428081 -0.6652727025667432 1.5000000000000002 96.500000000000014 0.18750000000000003 2.5000000000000004 74.750000000000014 0.7845886597478956 1.4055944055944061 89.500000000000014 64.312500000000014 -4.4903474903474896 0.6174544326165855 1.4494949494949496 1.0000000180025095e-35 1.6969565217391305 2.5000000000000004 0.27694220057652758 0.89478260869565229 0.87692307692307703 0.47727272727272735 1.6370967741935518 0.27083333333333343 6.5000000000000009 -1.1127413127413124 0.79012959837684982 81.500000000000014 18.500000000000004 1.0000000180025095e-35 0.12545942051955489 0.5475998096715059 -0.74999999999999989 1.8397435897435901 1.3606855127386981
decision_type=2 2 2 2 2 2 2 2 2 2 2 2 2 2 2 2 2 2 2 2 2 2 2 2 2 2 2 2 2 2 2 2 2 2 2 2 2 2 2 2 2 2 2 2 2 2 2
left_child=1 2 -1 5 -5 8 7 -7 12 10 -10 -12 15 14 38 30 18 29 21 43 40 23 42 -17 -18 26 -26 -27 33 -15 31 -3 -32 -28 -25 36 41 -38 -14 -31 -21 -36 -23 -20 -22 -35 -9
right_child=-2 3 -4 4 -6 6 -8 46 9 -11 11 -13 13 17 -16 16 24 -19 19 20 44 22 -24 34 25 27 28 -29 -30 39 32 -33 -34 45 35 -37 37 -39 -40 -41 -42 -43 -44 -45 -46 -47 -48
leaf_value=-0.038477280655580003 0.02336722093092564 0.029166817770643855 0.0055385573156030363 0.03285432051094607 -0.004424443008117839 -0.026404589619437393 -0.043278980285440694 0.0027637382493034745 -0.016291143689192458 -0.032852364862536197 -0.0098001304110428098 0.045279410232285114 -0.020040505571896808 0.024941778026767183 -0.045891024665582682 0.030219468560325209 -0.025595661114501927 -0.023836293904642925 0.014721778368338701 0.029694212876683536 0.027689289234604487 -0.038113141807347331 0.018428698780737166 0.024264950025995817 -0.023815435663044116 -0.0020763331146908441 -0.0087803287519116462 0.031455749164192401 -0.019298793566035647 -0.015754012725965987 -0.046382730110860998 -0.015073971593510573 -0.0029212597568330748 0.0066419729791377079 0.027844802256017449 -0.025966762051797827 0.0094547524325434163 -0.021922414016328239 0.010939155989947144 0.014980037645655224 0.0013514920098277896 0.0055036457803360177 -0.0080953519857888123 -0.012244723595001616 0.054422331527551195 0.027995875731304361 0.023598387068744231
leaf_weight=17.932390546426177 29.507158942520618 15.103669963777064 16.11615745164454 24.161122903227806 18.937854563817382 23.011316668242216 24.842418083921075 25.687837064266205 32.448899649083614 24.616580940783024 26.924019744619727 16.141153827309608 23.852580046281219 38.335825558751822 21.161091316491365 41.299630612134933 22.319179803133011 19.695195000618696 17.395620541647077 21.606887776404619 22.170968644320965 18.884037376381457 20.205799546092749 27.004647940397263 32.661246733739972 26.22806522808969 26.870493449270725 26.89940438605845 22.787366198375821 21.423158040270209 18.183862622827291 27.012188961729407 21.644878959283233 24.180132128298283 35.168901972472668 24.778456587344408 35.989444807171822 27.29451447725296 19.526940237730742 21.308587625622749 29.667075488716364 40.87539380043745 14.415748007595537 20.293773487210274 22.661936907097697 23.357945322990417 22.899541541934013
leaf_count=93 112 60 76 95 87 100 153 95 128 149 150 75 121 149 113 152 92 91 72 79 78 106 77 100 157 114 120 116 122 100 83 152 115 90 115 143 129 117 75 78 116 148 80 99 90 73 79
internal_value=0 0.000313396 -0.0180797 0.000892351 0.016745 0.000238065 -0.0114397 5.15142e-05 0.00140681 -0.00874121 -0.00055465 0.0114032 0.00258042 -0.00494138 -0.0196902 0.00434368 0.00636352 0.00460618 0.0104959 0.0196752 0.0272078 0.00614674 -0.00902373 0.00966298 -0.00209437 0.000895689 -0.00501515 0.015169 0.00148059 0.0117225 -0.0109533 0.00110024 -0.0234137 0.00801574 0.0050865 0.00180273 0.00689117 -0.0042088 -0.006163 -0.000436096 0.0136347 0.0160633 -0.0257331 0.000260533 0.0420948 0.0174949 0.0128611
internal_weight=0 1145.98 34.0485 1111.94 43.099 1068.84 96.4411 71.5987 972.395 100.131 75.5141 43.0652 872.265 165.303 64.5406 706.961 625.017 100.763 419.713 133.796 96.1069 285.917 53.5056 232.411 205.304 182.985 129.857 53.1275 97.1959 81.0676 81.9446 42.1159 39.8287 74.4086 191.111 164.107 139.328 63.284 43.3795 42.7317 51.274 76.0443 33.2998 37.6894 44.8329 47.5381 48.5874
internal_count=5114 5002 169 4833 182 4651 427 274 4224 502 353 225 3722 727 309 2995 2585 418 1701 534 363 1167 263 904 884 792 562 230 405 327 410 212 198 283 752 652 509 246 196 178 195 263 186 171 168 163 174
is_linear=0
shrinkage=0.05


Tree=81
num_leaves=51
num_cat=0
split_feature=46 40 18 5 54 59 26 2 8 50 65 4 65 42 18 12 26 24 42 58 2 58 25 42 25 6 49 49 6 45 7 5 45 36 9 18 25 53 21 52 2 54 6 8 49 26 26 22 1 59
split_gain=6.93679 5.3714 10.0183 4.2311 6.51568 5.9163 7.18844 7.11918 6.83015 6.72401 7.15587 6.00392 8.05837 5.40742 5.19987 5.11944 5.94656 4.93452 4.90787 4.87226 6.75891 6.32153 5.62 7.17745 6.08309 7.96111 7.56009 7.20407 9.6029 6.22788 5.38509 7.30615 5.41976 9.57252 6.98957 6.70928 9.70045 6.68092 5.18672 5.20982 4.64008 4.34308 4.23876 3.24952 2.84788 2.73702 5.02912 2.40096 0.87759 0.252456
threshold=87.500000000000014 3.2500000000000004 1.0000000180025095e-35 9.0000000000000018 73.500000000000014 -0.75013812021657655 0.0029383205082303201 80.250000000000014 1.053280896764619 2.5000000000000004 0.39197753542362973 3.7500000000000004 3.1276596445659144 3.477272727272728 7.5000000000000009 0.10416666666666667 0.0071380031488029946 0.87500000000000011 1.9148550724637683 -0.92923668111203805 78.250000000000014 -0.86976336936302323 0.22474747474747478 1.5339366515837105 0.68333333333333346 3.9428571428571431 18.500000000000004 7.5000000000000009 0.68571428571428628 2.5000000000000004 -0.25174825174825155 -1.0000000180025095e-35 4.5000000000000009 73.750000000000014 1.2330312508354055 8.5000000000000018 0.41428571428571431 4.5000000000000009 0.37342186746367961 1.0000000180025095e-35 71.500000000000014 23.500000000000004 -1.0000000180025095e-35 0.77230942970073424 1.0000000180025095e-35 0.0039681991713246692 0.0014789646646579278 1.734896684698483 74.500000000000014 -0.9292178835113839
decision_type=2 2 2 2 2 2 2 2 2 2 2 2 2 2 2 2 2 2 2 2 2 2 2 2 2 2 2 2 2 2 2 2 2 2 2 2 2 2 2 2 2 2 2 2 2 2 2 2 2 2
left_child=1 3 -3 5 17 6 8 11 -1 10 15 12 13 19 -11 16 -8 -5 -10 20 38 -21 23 -23 25 30 27 28 29 -26 31 -24 33 34 -32 36 -34 -37 -7 -40 -35 -38 -33 -12 -30 46 -36 -13 -4 -17
right_child=-2 2 48 4 -6 7 9 -9 18 14 43 47 -14 -15 -16 49 -18 -19 -20 21 -22 22 24 -25 26 -27 -28 -29 44 -31 32 42 35 40 45 37 41 -39 39 -41 -42 -43 -44 -45 -46 -47 -48 -49 -50 -51
leaf_value=-0.012640474873857192 0.030616058026393431 0.0045680174877886963 -0.024965783014734733 0.014702075756198606 0.031588643813397613 0.0058703998646237841 0.0021570708892919457 0.026275839803568485 0.0045166219945315736 -0.016402635933905913 0.013034017572250776 0.035734381346625849 -0.021481178024849772 0.025874996054622703 0.014023134141452382 -0.03316677713185915 -0.033812836687337353 -0.01617354838342288 0.038519693767700237 0.025013933797810139 0.01306671796383199 0.043168176739114036 -0.012893986626623437 0.0015031593337135663 0.011121184146613429 -0.031702010720768829 0.028859236849867406 -0.022228888173475656 0.010878591807371357 -0.02300689833955058 0.0095623573885988428 0.032911647841328003 -0.025265102069794002 0.035976389715414663 -0.0094453614633369393 -0.0089925940209607032 -0.0056977743004684236 -0.048429491889727803 -0.0058974239098271231 -0.037507003560540035 0.0038064866904455267 0.025685566979420916 0.0044350280595586667 -0.014656591943562183 0.035872511135174978 -0.0018238640464746062 -0.051362564776491273 0.0096104199470828117 -0.050429636327625593 -0.052325403283308272
leaf_weight=22.372037515044212 21.042991973459721 31.736111376434565 10.376423700712623 32.807269232347608 30.988080274313688 20.104059431701899 22.437137864530087 33.985966853797436 22.317510521039367 20.714056957513094 20.581659749150276 17.392559088766575 33.293168650940061 24.675252791494131 38.843444980680943 12.673588480800392 22.310522586107254 19.988913014531136 19.770436014980078 33.577723791822791 27.786712732166052 18.055056653916836 21.694867946207523 22.754517078399658 26.002387426793575 20.733125600963831 37.157057382166386 21.615367420017719 21.833082366734743 25.589796539396048 32.573564872145653 30.486497446894646 27.068457685410976 23.788931047543883 15.894040925428273 24.178485464304686 18.799587853252888 19.181021749973297 23.801775859668851 29.036432627588511 20.941074449568987 24.648451704531908 22.94463286921382 19.813233386725187 26.000514917075634 13.187574937939642 12.911597159691153 18.804058983922005 10.311659660190342 12.965124601498244
leaf_count=95 83 98 105 124 113 93 78 123 102 97 79 84 149 101 155 83 92 85 65 132 110 72 87 112 102 109 123 95 89 111 122 103 131 99 115 106 82 88 103 139 90 101 85 87 92 69 103 85 55 78
internal_value=0 0.0022961 -0.0131949 0.00303955 0.0137765 0.00214959 -0.00480545 0.00421888 0.00931796 -0.0101732 -0.0174057 0.00319461 0.00217988 0.00335605 0.00334496 -0.0269222 -0.0161241 0.00292905 0.0210125 0.00247938 -0.00759671 0.00429687 0.00293469 0.0205283 0.00142206 -0.00245339 0.00944726 0.00330055 0.00901679 -0.00592199 -0.000390276 0.0111636 -0.0041446 0.00329514 -0.0076613 -0.0118993 -0.00228159 -0.0271368 -0.0155385 -0.023642 0.0213281 0.0122836 0.0209892 -0.000573871 0.0249207 -0.0209331 -0.0293269 0.0227863 -0.0393979 -0.0444556
internal_weight=0 1161.5 52.4242 1109.08 83.7843 1025.3 234.799 790.497 64.46 170.339 110.781 756.511 720.315 687.022 59.5575 70.3864 44.7477 52.7962 42.0879 662.346 100.729 561.617 528.04 40.8096 487.23 329.032 158.198 121.041 99.4258 51.5922 308.299 75.126 233.173 119.297 74.5668 113.876 70.5165 43.3595 72.9423 52.8382 44.73 43.448 53.4311 40.3949 47.8336 41.9932 28.8056 36.1966 20.6881 25.6387
internal_count=5079 4996 258 4738 322 4416 1011 3405 262 749 497 3282 3113 2964 252 331 170 209 167 2863 445 2418 2286 184 2102 1490 612 489 394 213 1381 275 1106 598 409 508 314 194 335 242 189 183 188 166 181 287 218 169 160 161
is_linear=0
shrinkage=0.05


Tree=82
num_leaves=50
num_cat=0
split_feature=47 65 7 54 59 46 41 6 62 26 18 40 37 4 35 11 3 8 40 7 18 57 57 14 26 10 59 49 22 23 24 45 54 11 18 28 11 41 42 3 9 20 6 20 3 11 26 26 11
split_gain=6.50016 6.03002 12.3595 6.45152 7.10186 5.94675 8.13641 6.24179 5.36131 10.5821 8.53455 8.89243 6.65083 6.17822 7.3683 6.74221 8.78864 5.77064 5.89806 7.21807 5.13356 4.81495 5.16224 8.37007 4.86497 5.5248 6.14979 5.77199 5.35602 9.29744 7.22313 6.92296 4.80783 4.63107 4.29163 4.14458 7.16213 4.47638 8.05576 7.33323 6.7554 4.80644 4.13973 3.85118 2.98469 2.641 2.51416 3.50944 0.947392
threshold=4.5000000000000009 2.6232196610243244 -0.20979020979020965 46.500000000000007 -0.83375966452616657 66.500000000000014 -0.26491228070175432 6.6857142857142859 1.5000000000000002 0.019202909422231906 3.5000000000000004 1.2500000000000002 6.7500000000000009 1.7500000000000002 81.750000000000014 -1.1037449037449034 17.500000000000004 2.6113043478260871 1.2500000000000002 0.71378621378621399 7.5000000000000009 56.562500000000007 59.937500000000007 0.10416666666666667 0.0062989033926870693 -3.0200772200772197 -0.35846086284744721 1.0000000180025095e-35 1.3606855127386981 0.37500000000000006 0.87500000000000011 29.500000000000004 2.5000000000000004 -0.82942462942462958 10.500000000000002 12.500000000000002 -0.14013014013014008 -0.08514492753623186 2.1602564102564106 32.500000000000007 1.1389961389961394 2.7500000000000004 0.34285714285714275 2.7500000000000004 682.50000000000011 -2.3154089154089155 0.0040017091933508067 0.0017037344390721063 -0.25335745335745347
decision_type=2 2 2 2 2 2 2 2 2 2 2 2 2 2 2 2 2 2 2 2 2 2 2 2 2 2 2 2 2 2 2 2 2 2 2 2 2 2 2 2 2 2 2 2 2 2 2 2 2
left_child=1 5 -3 -4 -5 7 -7 8 17 10 11 -10 -12 14 46 -16 -17 18 21 -20 -19 32 23 -23 25 26 -24 -27 29 31 -31 42 -1 45 -35 37 -37 38 40 -39 48 -42 -26 -41 -21 -30 47 -14 -29
right_child=-2 2 3 4 -6 6 -8 -9 9 -11 12 -13 13 -15 15 16 -18 20 19 44 -22 22 24 -25 28 27 -28 35 33 30 -32 -33 -34 34 -36 36 -38 39 -40 43 41 -43 -44 -45 -46 -47 -48 -49 -50
leaf_value=0.0029101012734173842 0.024035434692629001 0.019266145078208202 -0.0027708667890274925 -0.013218760134656027 -0.057659306475759425 -0.00075772297548948894 0.036201019763422555 0.023560280050850774 -0.012572215761668743 0.022427435599667409 0.0026454080947751375 0.042240953950862713 -0.055987383899347647 6.669746754596672e-05 0.012087383176583692 -0.00088463161929659196 -0.046798687210262375 -0.039136594640376568 -0.037490921723196478 0.010957207936053728 0.0020216398874070797 0.0074748010298270042 0.03645411582138041 -0.036708003088696657 -0.020637096740592928 0.021852098520081718 0.006433175152850315 0.022230038186499986 0.0084395929805525412 -0.0087888090200185752 -0.044117488415789351 0.024294401141744585 0.036799321451310353 0.0046878651769334777 0.034546748797831033 0.0051325927322117063 -0.035402248233588854 0.015035913205625721 -0.012237404610152207 -0.028723592826282132 -0.010856624520062598 0.018844742033135443 0.0071178248430325249 0.0014542751729426883 -0.014496350267757703 -0.01599088081493916 -0.065973285714580887 -0.017886789649619733 0.038737723994454409
leaf_weight=20.541467387229204 28.955229662358761 21.31099159270525 21.919538639485836 17.804245438426733 18.889465903863311 31.315085016191006 27.324671309441328 27.569443188607693 14.868290614336731 25.433343671262264 36.454379333183169 13.075963098555802 10.280889535322787 25.696538835763931 15.239592827856539 19.032082663848996 22.144918635487556 14.929015483707191 18.197237357497215 24.024542422965169 14.269274704158304 21.689144767820835 31.384531766176224 19.668992383405566 25.551501989364624 41.074661057442427 37.164271265268326 24.073790393769741 20.862872652709484 40.628418020904064 22.061333686113358 26.450560577213764 20.738393077626824 26.693565685302019 21.479046083986759 25.248929791152477 17.889297526329756 26.920083899050951 29.593925096094608 27.554588770493865 25.150576762855053 27.53730883449316 26.427979147061706 16.640167661011219 20.34017145074904 21.502502743154764 10.539132148027418 16.241654665209353 22.420480005443096
leaf_count=87 109 89 101 75 92 116 93 101 95 101 150 77 86 100 70 92 153 115 111 133 63 86 96 93 114 149 136 88 79 158 98 95 83 113 74 100 81 108 122 152 102 101 106 82 69 93 90 116 72
internal_value=0 0.000437834 -0.0127161 -0.0244726 -0.037019 0.00144647 0.0167824 0.000526979 -0.000152866 -0.00722387 -0.0114312 0.0136498 -0.015993 -0.0216689 -0.0275814 -0.0157547 -0.0261013 0.00180198 0.00268513 -0.0118762 -0.0196216 0.00406677 0.0029581 -0.0139081 0.00417363 0.00786332 0.0205046 0.00475201 -0.00145284 -0.0075225 -0.0217189 0.00395539 0.0204032 0.00798664 0.0184331 0.0017842 -0.0120983 0.00482548 0.0103573 -0.00519633 0.0171539 0.00472865 -0.00665764 -0.0175803 -0.000774952 -0.00404288 -0.0446974 -0.0341533 0.0308384
internal_weight=0 1133.85 79.9242 58.6132 36.6937 1053.92 58.6398 995.285 967.715 209.007 183.573 27.9443 155.629 119.175 93.4783 56.4166 41.177 758.709 729.51 62.562 29.1983 666.948 625.669 41.3581 584.31 352.653 68.5488 284.104 231.658 141.12 62.6898 78.43 41.2799 90.538 48.1726 243.029 43.1382 199.891 128.776 71.1148 99.1822 52.6879 51.9795 44.1948 44.3647 42.3654 37.0617 26.5225 46.4943
internal_count=5065 4956 357 268 167 4599 209 4390 4289 1130 1029 172 857 707 607 315 245 3159 2981 313 178 2668 2498 179 2319 1389 232 1157 930 571 256 315 170 359 187 1008 181 827 485 342 363 203 220 234 202 172 292 202 160
is_linear=0
shrinkage=0.05


Tree=83
num_leaves=50
num_cat=0
split_feature=41 22 28 2 53 53 66 10 59 26 8 49 1 53 37 59 41 53 2 59 9 59 37 11 21 8 9 22 7 8 26 42 10 10 8 38 8 59 0 22 7 11 11 41 42 1 52 15 9
split_gain=7.3433 7.95985 7.66469 9.84854 6.09937 6.62393 7.34427 8.59356 8.51404 8.6805 5.34311 6.7333 4.58373 4.21736 6.36525 8.25672 6.28819 6.79926 6.44319 5.69641 6.0751 6.69399 6.27075 5.15458 6.06696 4.97935 4.82741 8.12834 4.70991 6.42566 5.78856 6.02663 4.54823 4.99263 6.55112 6.33189 7.30683 4.11575 4.07047 4.03205 3.87347 3.75943 4.73909 8.24718 6.35267 5.21173 3.36464 2.33951 0.129388
threshold=0.34057971014492755 0.61832221640497564 522.50000000000011 66.500000000000014 16.500000000000004 9.5000000000000018 1.0000000180025095e-35 0.31969111969112013 0.63089349388778826 0.0064295256173672495 -2.2965886287625414 87.500000000000014 79.500000000000014 5.5000000000000009 5.2500000000000009 -0.39036009226888674 -0.074175824175824162 3.5000000000000004 76.250000000000014 -0.43733099657705293 0.72818532818532844 0.11478523713130605 6.7500000000000009 -1.1446499446499447 0.49494897427831791 0.99391304347826104 0.66795366795366817 1.4978845523509778 1.7172827172827176 1.6147826086956523 0.0063621693730606691 1.9148550724637683 -3.3505791505791502 2.6393822393822401 1.7556521739130437 1.5000000000000002 1.0332304402653658 -0.8611288361322974 83.250000000000014 1.4378852437763541 -0.37762237762237738 -2.1954477954477949 -0.21195012253694476 -0.21583850931677015 1.5894736842105266 90.500000000000014 7.5000000000000009 7.5000000000000009 1.3891891891891897
decision_type=2 2 2 2 2 2 2 2 2 2 2 2 2 2 2 2 2 2 2 2 2 2 2 2 2 2 2 2 2 2 2 2 2 2 2 2 2 2 2 2 2 2 2 2 2 2 2 2 2
left_child=1 -1 3 -2 5 10 7 -7 9 46 -3 13 -5 14 15 37 18 32 23 25 -21 -22 48 24 -16 -15 -17 -28 30 -30 31 -25 -18 34 35 36 38 -12 -34 -11 -26 -20 44 -44 -43 -46 -8 -19 -23
right_child=2 4 -4 12 -6 6 8 -9 -10 39 11 -13 -14 19 16 26 17 47 41 20 21 22 -24 28 40 -27 27 -29 29 -31 -32 -33 33 -35 -36 -37 -38 -39 -40 -41 -42 42 43 -45 45 -47 -48 -49 -50
leaf_value=0.027370286802553479 0.0056036590918954457 0.025426957245521176 0.015545571738664641 -0.052183306006167531 0.027078795248808969 -0.049512546860357172 0.0032553865450594003 0.00059484554476144525 -0.029032986465939589 -0.026552987114198807 -0.010293700505674061 -0.020939790236053774 -0.017133522901996521 0.041330746440941285 0.019514006922221851 -0.018056536660618148 0.017529014893426207 -0.042230454874904066 0.01835633688307961 -0.017569162471910618 -0.017138963350313619 0.03264491765148024 -0.000908296387897853 0.0018829792121926551 0.0042111939095789523 0.0084647455668830883 0.024650709021524875 -0.014018072698352278 -0.011224245948082894 0.021348565187760904 0.047297843582635814 0.032720404117896458 0.0025702679268618548 0.020000802480080515 0.019380791329631941 0.00836321326692957 -0.047064733442844391 -0.042994161196389782 -0.028478979355593848 0.0034569915862430536 -0.024499862339774855 0.005673696713883688 0.017749045839049526 -0.019136257216460312 -0.044227330413527076 -0.0076517263176225248 0.027024643767213474 -0.012645429864145161 0.022705045961174772
leaf_weight=29.201521385461092 20.938612816855311 23.690886229276657 16.664372317492962 20.802919745445251 21.519394295290112 19.60101259406656 28.673716936260462 14.59566732123494 24.065352911129594 24.12884135171771 18.909337937831879 30.295461371541023 18.808685511350632 21.858183909207582 27.989558767527342 24.537940047681332 28.029524201527238 12.399602465331556 20.396878845989704 24.892014242708683 17.657676409929991 22.395311459898949 30.696902411989868 32.055001057684422 23.967577546834946 24.564977519214153 30.900295957922935 22.813424099236727 26.438563220202923 33.003144346177578 21.637075610458851 30.58116152882576 25.065174743533134 16.672333834692836 16.270232574082911 21.840754564851522 19.596599150449038 20.490815624594688 17.049550415948033 19.810309179127216 21.581998482346535 25.141818575561047 43.279754854738712 22.084546603262424 19.077456492930651 19.901435814797878 30.68097623065114 15.857603065669535 20.851616835221648
leaf_count=100 157 104 49 96 78 115 124 76 102 101 78 123 80 82 106 103 113 66 71 98 93 78 148 119 93 105 117 111 99 138 79 110 98 80 150 110 144 94 101 87 87 101 146 103 92 76 104 116 82
internal_value=0 0.00205907 -0.0138031 -0.0220016 0.00133496 0.000774641 -0.00849549 -0.0287167 -0.00288456 0.00342745 0.00249501 0.00182735 -0.0363724 0.00269247 0.00090235 -0.00958688 0.00320153 -0.00464608 0.00689735 0.0098682 0.0038846 0.00984127 0.0164268 0.0123792 0.00157756 0.0244848 -0.000108265 0.00827117 0.0178573 0.00691478 0.0254039 0.0172165 -0.000194875 -0.00457228 -0.00883414 -0.0144927 -0.0225862 -0.0279435 -0.0103686 -0.0132469 -0.00962657 -0.00107795 -0.00425652 0.0051861 -0.0138141 -0.0262114 0.0157861 -0.0266274 0.0284738
internal_weight=0 1086.75 77.2146 60.5502 1057.55 1036.03 161.556 34.1967 127.359 103.294 874.472 850.781 39.6116 820.486 657.569 117.652 539.917 172.781 367.136 162.917 116.494 91.6015 73.9438 217.254 73.5391 46.4232 78.2517 53.7137 143.715 59.4417 84.2732 62.6362 144.524 116.495 99.8223 83.5521 61.7113 39.4002 42.1147 43.9392 45.5496 149.882 129.485 65.3643 64.1207 38.9789 59.3547 28.2572 43.2469
internal_count=5083 4701 382 333 4601 4523 709 191 518 416 3814 3710 176 3587 2901 503 2398 978 1420 686 499 401 308 831 286 187 331 228 545 237 308 229 796 683 603 453 343 172 199 188 180 589 518 249 269 168 228 182 160
is_linear=0
shrinkage=0.05


Tree=84
num_leaves=50
num_cat=0
split_feature=41 29 3 46 6 33 53 46 6 41 19 59 37 39 53 3 67 45 6 6 59 9 45 36 41 7 11 8 7 45 8 52 50 59 15 59 45 46 57 1 46 52 40 10 50 57 9 11 57
split_gain=4.71287 8.62314 6.81454 5.71024 8.37221 6.35421 5.08976 7.04914 4.3969 3.96527 3.7892 8.18192 4.79336 10.2704 4.44619 4.16897 5.80723 4.74993 6.95032 5.51869 4.30974 8.31272 7.09507 6.82336 7.43574 6.71578 6.9723 6.66964 6.38466 6.25851 5.60891 5.47348 5.69513 5.29738 4.73958 7.12583 6.95386 6.31626 4.29597 4.52082 3.99717 3.87459 3.80249 3.68868 3.546 3.2638 2.51709 1.88196 1.86302
threshold=1.0294117647058825 0.98611111111111127 37.500000000000007 66.500000000000014 2.2285714285714291 1.5000000000000002 2.5000000000000004 76.500000000000014 7.0285714285714294 0.4188596491228071 0.75000000000000011 0.88117331841669433 8.7500000000000018 1.5000000000000002 1.5000000000000002 107.50000000000001 1.0000000180025095e-35 21.500000000000004 1.5701725633984358e-16 1.0000000180025095e-35 -0.6652727025667432 1.4972972972972978 22.500000000000004 74.250000000000014 0.069047619047619066 -0.33146853146853134 -1.8264222264222263 1.3173913043478263 0.7845886597478956 38.500000000000007 0.23217391304347831 2.5000000000000004 2.5000000000000004 0.70747208174348741 7.5000000000000009 -0.14250536273956091 18.500000000000004 12.500000000000002 70.437500000000014 84.500000000000014 43.500000000000007 2.5000000000000004 -1.2499999999999998 -0.17374517374517393 2.5000000000000004 72.562500000000014 1.1058369293663413 -0.48192348192348183 72.937500000000014
decision_type=2 2 2 2 2 2 2 2 2 2 2 2 2 2 2 2 2 2 2 2 2 2 2 2 2 2 2 2 2 2 2 2 2 2 2 2 2 2 2 2 2 2 2 2 2 2 2 2 2
left_child=1 2 -1 5 6 8 7 -5 10 46 11 14 15 -14 -3 16 20 19 -19 -17 21 22 28 24 31 26 -25 34 -12 48 -24 33 47 -22 36 -36 41 -37 39 -29 -40 -27 -35 -16 -7 -32 -4 -33 -23
right_child=-2 3 9 4 -6 44 -8 -9 -10 -11 12 -13 13 -15 43 17 -18 18 -20 -21 23 29 30 25 -26 27 -28 38 -30 -31 45 32 -34 42 35 37 -38 -39 40 -41 -42 -43 -44 -45 -46 -47 -48 -49 -50
leaf_value=-0.0067555880568461587 -0.022399256122619136 -0.052172778571609062 0.017805998048021226 0.045786985302300465 -0.012539614452971895 0.0037564045783154173 0.0034265713401813933 0.0083240948602506439 0.016509939813259798 0.0057623742362729454 -0.01587620591023765 0.017547930163196872 -0.040651599503121361 0.0068186955151345319 -0.033416436346314145 -0.043740020661735268 -0.027111160081584897 0.017496063261027914 -0.022259298281488347 -0.0052117753356148442 -0.011066328805546994 -0.014214165164215038 -0.001654267191628901 0.0076980699719680495 -0.033123289693709597 -0.016332382562916137 0.040514858298060799 0.0076417945438276014 0.018093387396162518 0.030366369339183508 -0.049878425421536622 -0.011430479797563252 -0.033793055796165254 0.0015288618134563115 0.025221229568831723 0.01404684977390939 -0.034635198610741123 -0.023878797051865117 -0.013111684215653542 0.039571669239685137 0.017207132978769493 0.012605342808631846 0.027255709944061113 0.0052460032557179693 0.03001221609389524 -0.022355319271168912 0.041077470911091818 0.0095715418865325221 0.007194161650314188
leaf_weight=28.576667610555887 21.967970890924335 12.59032441023737 26.262638811022043 24.841646924614906 31.922472532838583 32.46860259398818 39.802704732865095 25.483745276927948 26.084955554455519 26.995569661259651 28.186434008181095 11.789376547560094 23.74158095009625 20.660362403839827 11.94242427870631 19.110078576952219 19.404585087671876 22.24674953147769 19.862318549305201 17.85017941519618 27.254626769572496 18.427206449210644 20.883960649371147 41.177045799791813 20.228374975733459 21.315222375094891 26.333840437233448 21.936529442667961 25.294104846194386 20.746118381619453 17.39303769543767 22.158068902790546 20.143297377973795 26.857739757746458 26.428713582456112 18.701581858098507 23.378519356250763 23.980988871306181 20.733946599066257 22.703099368140101 20.768824189901352 23.026377566158772 30.185363505035639 11.338594653643669 20.666732963174582 34.586530983448029 24.633659828454256 18.799502566456795 20.397291198372841
leaf_count=116 81 113 98 82 134 139 159 101 98 83 133 95 149 136 93 88 117 85 90 82 117 86 79 150 140 87 91 99 111 78 78 92 92 106 133 72 90 111 101 85 81 91 103 71 73 156 81 68 85
internal_value=0 0.000476631 0.0139568 -0.000923759 0.00918844 -0.00228595 0.0169375 0.0273483 -0.00332993 0.021545 -0.00397059 -0.0175168 -0.0031268 -0.0188998 -0.0292044 -0.0021568 -0.000851045 -0.0129327 -0.0013374 -0.0257601 -1.64325e-05 -0.00641277 -0.0136385 0.00259909 -0.00547901 0.00720802 0.0209034 0.00298659 0.00022723 0.00888458 -0.0236811 -0.00143306 -0.0127163 0.00679848 -0.00387386 0.00530607 -0.0131833 -0.00732033 0.0138034 0.0243921 0.00210834 -0.00135858 0.0153777 -0.015146 0.0143342 -0.0323325 0.0296438 -0.00179219 -0.00306861
internal_weight=0 1140.3 106.469 1033.83 122.051 911.783 90.1281 50.3254 858.648 77.8919 832.563 47.6607 784.902 44.4019 35.8713 740.5 661.431 79.0693 42.1091 36.9603 642.026 185.915 126.344 456.112 165.627 290.485 67.5109 222.974 53.4805 59.5706 72.8635 145.399 61.1009 84.2977 136.831 69.1113 67.7201 42.6826 86.1424 44.6396 41.5028 44.3416 57.0431 23.281 53.1353 51.9796 50.8963 40.9576 38.8245
internal_count=5079 4998 378 4620 476 4144 342 183 3932 262 3834 372 3462 285 277 3177 2832 345 175 170 2715 806 557 1909 718 1191 241 950 244 249 313 578 252 326 584 316 268 183 366 184 182 178 209 164 212 234 179 160 171
is_linear=0
shrinkage=0.05


Tree=85
num_leaves=49
num_cat=0
split_feature=46 12 45 6 45 49 45 10 58 10 37 53 58 51 6 10 10 59 2 26 61 62 26 9 42 29 45 9 40 57 49 20 3 26 41 26 21 3 46 22 26 18 26 53 0 42 18 45
split_gain=5.98551 6.93322 7.32074 8.06376 8.5683 6.54007 6.19498 7.64335 10.9552 15.0937 7.65525 11.4558 9.50619 10.7977 6.70451 7.40394 9.85343 7.27 6.84888 8.25519 5.88424 5.32801 9.31386 7.90781 7.58093 7.17184 4.23676 4.10933 4.0894 7.08817 3.7354 3.42063 3.25161 3.22523 4.13246 5.86584 4.59495 6.86205 6.73059 5.42237 3.29623 3.11938 2.83907 2.75069 2.74324 2.63205 2.30205 2.10827
threshold=87.500000000000014 0.22916666666666671 27.500000000000004 0.34285714285714336 52.500000000000007 16.500000000000004 26.500000000000004 1.2007722007722013 -0.88622299073327826 2.8424710424710429 6.2500000000000009 9.5000000000000018 -0.814291907305839 98.500000000000014 6.3428571428571443 3.0571428571428574 0.86023166023166009 -0.42958798411962301 69.250000000000014 0.0027500278761866301 2.5000000000000004 2.5000000000000004 0.0025557885751182684 0.40000000000000008 1.1277173913043479 0.98611111111111127 3.5000000000000004 2.6023166023166029 -1.2499999999999998 72.937500000000014 69.500000000000014 2.7500000000000004 47.500000000000007 0.0012035984915901171 -0.25543478260869562 0.0020776166129196122 0.52243118397129218 42.500000000000007 21.500000000000004 1.2705101556141922 0.0034741470183855473 9.5000000000000018 0.0066660734144168747 1.5000000000000002 78.250000000000014 1.297058823529412 6.5000000000000009 47.500000000000007
decision_type=2 2 2 2 2 2 2 2 2 2 2 2 2 2 2 2 2 2 2 2 2 2 2 2 2 2 2 2 2 2 2 2 2 2 2 2 2 2 2 2 2 2 2 2 2 2 2 2
left_child=1 6 5 4 -4 20 14 10 -9 47 11 28 -12 30 15 16 21 -18 19 -19 26 23 -23 -1 -25 -26 44 33 29 -8 32 -31 -14 -27 43 -36 38 39 40 -38 -37 -17 -42 -35 -3 -24 -30 -10
right_child=-2 2 3 -5 -6 -7 7 8 9 -11 12 -13 13 -15 -16 41 17 18 -20 -21 -22 22 45 24 25 27 -28 -29 46 31 -32 -33 -34 34 35 36 37 -39 -40 -41 42 -43 -44 -45 -46 -47 -48 -49
leaf_value=-0.019831724182232117 0.026814353284144072 0.0059262070627964835 0.032417509598576699 -0.025023792482841856 -0.0099976684452588102 -0.046885585277434721 -0.027469037227375117 0.012273432494096199 -0.059008003127093478 -0.0023273673679770125 -0.015451106777992527 -0.037904312406318565 0.0053836853288016621 -0.01083402090857165 0.033785578843758927 -0.031892576170266376 -0.0050596157680083999 -0.014861118168513279 0.039915693218593534 0.028656472272238571 0.0072185243020256116 -0.035277347481595431 0.018166677036789865 -0.015368915731449712 0.034522394500847951 0.025362826885980086 -0.037956086443739975 -0.013560477458785565 0.00020600758683276605 -0.0084522828073744609 0.04129377994178126 0.017602358413609218 0.031630591732643244 0.0060766106100719136 -0.018657010656786242 0.038432082020654026 -0.0092035308308586073 -0.024938158817016089 -0.011014701032970906 0.023402502912500286 0.0021933116206784213 -0.0027172659259177508 0.027718124599502514 0.028362478439802382 -0.022176050173092821 -0.0074705670547319794 0.022538903205709383 -0.031175195087280311
leaf_weight=29.104088537395 21.388851813971996 15.447193154133855 27.326359465718269 16.387674855068326 19.89414582028985 14.966850791126488 26.332253061234951 27.78654957190156 18.842397347092628 39.215619400143623 26.786094585433602 22.820802208036184 25.762074928730726 24.528212385252118 19.191266790032387 17.294011853635311 23.906236841343343 17.239358888939023 42.722241204231977 26.504092197865248 27.185369362123311 23.240502736531198 17.270020766183734 33.500461151823401 25.03269974142313 25.492263736203313 21.195517536252737 21.469269877299666 22.311568699777126 24.977754727005959 28.056214544922113 23.557601243257523 21.58506216853857 25.6390191167593 25.4550821185112 20.853016867302358 23.580662682652473 22.187157224863768 18.916032843291759 25.746069241315126 23.857474217191339 18.762246288359165 19.344636667519808 30.948931105434895 17.888902464881539 21.274737967178226 22.939978994429111 17.447669789195061
leaf_count=120 84 96 125 99 90 155 106 105 93 159 109 96 99 95 70 81 114 95 153 120 119 151 76 146 80 100 132 154 81 94 94 76 72 103 122 85 87 95 89 92 103 86 71 115 91 100 89 77
internal_value=0 0.000706209 -0.00889538 0.00424515 0.0147111 -0.0174955 0.00229797 -0.00275565 -0.0142509 -0.0240448 0.00168398 -0.00622911 0.010589 0.0176528 0.00544626 0.00445089 0.00591635 0.0191817 0.0258652 0.0115573 -0.0116108 0.00249791 -0.0109841 0.00476588 0.0069107 0.00937174 -0.0209586 0.00703735 5.19565e-05 -0.00709249 0.0269399 0.00429391 0.0177561 0.00877022 0.00688267 0.00313254 0.00681978 -0.00246227 0.0147542 0.00794202 0.0224163 -0.0171939 0.0139911 0.018546 -0.00936075 0.00418515 0.0117701 -0.0468213
internal_weight=0 1131.77 160.292 63.6082 47.2205 96.6838 971.481 372.95 103.292 75.5057 269.658 142.94 126.718 99.9316 598.532 579.34 543.284 110.372 86.4657 43.7435 81.717 432.912 61.7853 371.127 342.023 308.522 54.5316 283.49 120.119 74.8676 75.4034 48.5354 47.3471 262.02 236.528 179.94 154.485 71.5139 82.9712 49.3267 64.0551 36.0563 43.2021 56.588 33.3361 38.5448 45.2515 36.2901
internal_count=5044 4960 907 314 215 593 4053 1445 434 329 1011 542 469 360 2608 2538 2371 482 368 215 438 1889 327 1562 1442 1296 319 1216 446 276 265 170 171 1062 962 744 622 274 348 179 259 167 174 218 187 176 170 170
is_linear=0
shrinkage=0.05


Tree=86
num_leaves=50
num_cat=0
split_feature=4 49 57 0 60 19 53 21 40 22 8 42 0 11 10 21 10 26 10 42 42 65 26 0 9 25 12 54 6 11 44 51 2 39 26 26 40 22 22 37 42 45 37 10 18 20 42 26 60
split_gain=7.0636 8.13946 7.04558 12.4358 7.34127 7.10601 12.7528 7.86341 6.78515 8.00256 6.57119 6.26944 5.71728 6.07064 5.69524 7.29522 6.06359 5.41131 5.1749 5.16042 7.10609 7.58517 7.54978 6.04223 7.68955 5.85862 5.82908 5.78173 5.58179 5.29057 5.55448 4.98351 4.86971 5.49353 4.80203 4.38699 5.05096 3.9774 7.18324 3.78061 3.50927 3.25215 6.62712 2.97468 2.84683 2.70129 2.09372 1.20218 0.263407
threshold=2.1250000000000004 47.500000000000007 63.687500000000007 81.750000000000014 4.5000000000000009 1.7500000000000002 7.5000000000000009 0.75604704659038091 -1.2499999999999998 1.0927298892278652 0.50217391304347825 2.2583333333333337 78.750000000000014 -1.4590814590814589 -3.4602316602316594 0.69714552606141234 -2.7652509652509649 0.0020776166129196122 0.79459459459459458 2.1602564102564106 1.9148550724637683 0.35387457207787903 0.01742053753420256 84.750000000000014 1.4679536679536682 0.76388888888888895 0.18750000000000003 57.500000000000007 2.2285714285714291 -1.091902691902692 5.0000000000000009 12.500000000000002 80.250000000000014 1.0000000180025095e-35 0.0027210377714066555 0.01540606269146051 -2.2499999999999996 1.1816170682339588 1.3952428232669745 6.2500000000000009 1.6754385964912284 22.500000000000004 6.7500000000000009 -0.39536679536679548 7.5000000000000009 2.7500000000000004 1.6417112299465242 0.0042678519136483658 3.5000000000000004
decision_type=2 2 2 2 2 2 2 2 2 2 2 2 2 2 2 2 2 2 2 2 2 2 2 2 2 2 2 2 2 2 2 2 2 2 2 2 2 2 2 2 2 2 2 2 2 2 2 2 2
left_child=2 41 3 5 10 6 7 12 -7 -10 -4 -8 13 -1 15 -6 -16 -12 39 20 21 25 23 -23 -25 26 29 -28 45 -18 32 43 33 -31 -21 36 -36 -35 -39 -3 -15 42 -2 -19 -33 -22 -5 -27 -42
right_child=1 18 4 46 14 8 11 -9 9 -11 17 -13 -14 40 16 -17 19 31 -20 34 28 22 -24 24 -26 47 27 -29 -30 30 -32 44 -34 37 35 -37 -38 38 -40 -41 48 -43 -44 -45 -46 -47 -48 -49 -50
leaf_value=0.0014203635266082724 -0.0022298144070290321 -0.0039480619263343227 -0.031270262386211022 0.017158348882667027 0.026404934536109655 0.02842711674941123 -0.0033213713816235956 0.018226965100725006 0.016811103736296584 -0.018759430350083598 -0.025172110685257626 0.042007581427066024 -0.00070458099306713428 -0.021732920095954348 -0.021644207418065442 -0.0086397814982595387 0.023572418979540332 -0.00043365115560727225 -0.017367570703622059 0.0060684892498741733 0.012994746610646299 0.030214173459651023 -0.012061771319219646 -0.0094549796467601564 0.028348362636831017 -0.014701600302129076 -0.0039371011080183036 -0.043497049077171668 -0.0041597738188922746 -0.032975591187636967 0.020880569308723441 0.023625841259866082 0.010248782632675386 -0.023215652710805109 -0.0096812503633196302 -0.00033954799816626318 -0.045249600257898648 0.026293318932431437 -0.016124777145698894 0.024618884306583731 -0.041089059608085947 0.038623241364920388 0.035148319873537739 -0.027473477803552054 -0.0012219309008482428 0.037973306528458851 0.03923371187758011 -0.03429782796382775 -0.064077204404836316
leaf_weight=11.033921636641024 25.257739663124084 23.683503821492195 36.245624795556068 23.153369657695293 39.160109661519527 34.776681013405323 14.103437974117698 12.896579291671513 34.697721015661955 27.387845762073994 29.165382374078035 15.272020643576978 20.830400243401527 18.306299693882465 36.851848136633635 22.9349614828825 21.170636877417564 21.582724347710609 27.359705097973347 25.523786962032318 22.883104756474495 38.910549389198422 33.22075348906219 35.355047140270472 20.389608725905418 17.678097790107131 21.928164046257734 15.242417782545088 22.590990707278252 24.193558633327484 19.777216903865337 21.272827411070466 28.365278024226427 18.417711481451988 19.482093885540962 20.115228980779648 21.063310481607914 18.356555037200451 19.652022188529372 21.232140943408012 14.267879924736919 22.670345120131969 21.168901734054089 18.292035333812237 23.69982785359025 22.645137662068009 24.676636820659041 18.114412382245064 9.6455243853852135
leaf_count=63 116 100 150 83 133 125 107 53 124 136 147 66 103 159 156 87 78 82 117 96 90 135 153 146 81 80 139 133 86 114 70 86 110 83 72 80 103 63 103 74 99 96 86 80 95 79 88 83 101
internal_value=0 0.0111835 -0.000708296 0.00635667 -0.00315858 0.00113871 -0.00716344 -0.0167543 0.011083 0.00107122 -0.0130094 0.0208518 -0.0230055 -0.0315549 -0.000690604 0.0135293 -0.00234187 -0.00698275 -0.000582197 -0.000893523 0.00140672 -0.00147663 0.0081918 0.0153519 0.00462817 -0.00703524 -0.00342887 -0.0208739 0.0160607 0.00100565 -0.00285776 -0.000509969 -0.00731617 -0.0135461 -0.0119615 -0.0195233 -0.0288034 -0.00478624 0.00451026 0.00979794 -0.0400063 0.023323 0.015195 -0.0132065 0.0107897 0.0259679 0.0291178 -0.0252818 -0.0525612
internal_weight=0 141.372 1015.33 261.048 754.281 213.218 116.356 86.9806 96.8622 62.0856 150.258 29.3755 74.084 53.2536 604.023 62.0951 541.928 114.013 72.2753 505.076 418.891 350.772 127.876 94.6552 55.7447 222.896 187.104 37.1706 68.1192 149.933 128.762 84.8474 108.985 80.6198 86.1844 60.6606 40.5454 56.4263 38.0086 44.9156 42.2197 69.097 46.4266 39.8748 44.9727 45.5282 47.83 35.7925 23.9134
internal_count=5089 589 4500 1307 3193 1136 751 578 385 260 640 173 525 422 2553 220 2333 490 291 2177 1826 1571 515 362 227 1056 893 272 255 621 543 343 473 363 351 255 175 249 166 174 359 298 202 162 181 169 171 163 200
is_linear=0
shrinkage=0.05


Tree=87
num_leaves=44
num_cat=0
split_feature=40 18 42 9 45 45 53 0 11 26 22 24 49 35 52 5 21 26 55 0 26 52 12 58 26 59 45 52 58 26 8 24 10 8 9 50 2 59 22 42 26 21 11
split_gain=5.57836 14.9447 6.09103 5.8884 6.41955 7.32425 8.11347 5.22324 4.90411 4.51892 4.37118 8.20684 4.43228 5.88876 13.3777 11.4676 6.32122 5.92843 5.12275 6.60472 6.46025 5.42466 6.16234 5.19863 4.35155 4.27202 5.63463 3.95984 5.91106 4.91661 3.93881 8.00745 3.71676 5.21491 5.55624 3.54152 3.44223 3.40915 4.3472 3.27855 2.85045 4.16762 2.35928
threshold=3.2500000000000004 1.5000000000000002 3.8090909090909095 1.9111969111969114 50.500000000000007 5.5000000000000009 4.5000000000000009 76.750000000000014 -1.848038448038448 0.0022838929199046668 1.7715820823669166 0.87500000000000011 1.0000000180025095e-35 81.250000000000014 1.5000000000000002 1.0000000180025095e-35 0.49494897427831791 0.0046740366345960817 6.5000000000000009 81.750000000000014 0.018642882362733853 9.5000000000000018 0.062500000000000014 -0.95754239937548935 0.0047855086620933142 0.95691861501572195 2.5000000000000004 3.5000000000000004 -0.86976336936302323 0.0029156565636181881 1.7556521739130437 0.62500000000000011 1.529729729729729 1.5939130434782609 1.3212355212355216 1.0000000180025095e-35 67.500000000000014 -0.88620506325989179 0.98682476561774546 1.5419580419580423 0.0044284509730886162 0.52243118397129218 -0.5341793341793345
decision_type=2 2 2 2 2 2 2 2 2 2 2 2 2 2 2 2 2 2 2 2 2 2 2 2 2 2 2 2 2 2 2 2 2 2 2 2 2 2 2 2 2 2 2
left_child=2 -2 3 7 5 8 9 25 -5 -7 12 -12 40 14 17 16 -16 -14 19 -15 23 22 24 -21 -20 26 -1 28 -24 -29 -10 42 33 34 37 -30 -28 -25 -39 -31 41 -9 -32
right_child=1 -3 -4 4 -6 6 -8 10 30 -11 11 -13 13 18 15 -17 -18 -19 21 20 -22 -23 27 32 -26 -27 36 29 35 39 31 -33 -34 -35 -36 -37 -38 38 -40 -41 -42 -43 -44
leaf_value=-0.0084451828701139799 0.0038103488938884275 -0.051548398689997471 0.027541702236558087 0.0090244020248267717 -0.030092107749724081 0.013101133901103797 0.024409992040386561 0.032850906453378577 -0.042342735684061827 -0.017676216312881309 0.034244362133885896 -0.0018684120023721091 -0.0076430390525506868 0.026637249753739423 -0.027536028852453195 -0.055638774479765035 0.0064326778147662141 0.027567262534144807 -0.0015749432188340408 -0.011731166320664213 -0.018262276692849584 -0.025142132224956894 0.006692958502833822 0.02596169132254196 0.022334953945084252 0.032007670264313053 0.031600234934253318 -0.01711609409358383 -0.010644947672921512 -0.0040432219432046295 -0.009092225369805083 -0.048084815480539653 -0.0039115909309708477 -0.0083181572850235912 0.035010332021125683 -0.036012498932443134 0.0051015609027578188 0.019213356951092209 -0.0060944571961112828 0.023703510147943706 0.0014988594443231199 0.0033079653676837428 0.021968402243098217
leaf_weight=30.44812293164432 38.48232595436275 16.762058245018125 22.843050008639693 15.391132704913614 23.601038195192814 18.115060936659575 36.871602950617671 26.035054657608271 16.159760262817144 31.004881925880909 28.266712687909603 33.808682180941105 22.545501243323088 34.755044560879469 27.265358589589596 19.284294802695513 25.970914833247662 23.652989523485303 36.768255308270454 32.218344878405333 28.759064972400665 24.5574005022645 23.516162779182196 26.058830387890339 38.171881340444088 24.419896919280291 24.326203405857086 20.422076072543859 30.316447481513023 17.856145907193422 13.555492480285464 9.6448781173676235 38.94215814396739 22.880726099014282 32.096389174461365 26.191469449549913 24.637242872267962 28.815890911966562 38.574855625629425 24.467924501746893 38.566617425531149 21.819421347230673 9.5923099368810671
leaf_count=134 122 156 101 69 114 90 151 104 108 156 107 142 90 127 120 86 99 91 134 139 126 114 113 96 120 96 105 106 142 96 123 97 159 93 106 147 107 106 154 100 157 89 74
internal_value=0 -0.0136043 0.00254363 0.00198492 -0.00640989 -0.00251775 0.0070024 0.00361914 -0.0151533 -0.00629083 0.00222878 0.0148581 0.00113675 -0.000296666 -0.0103054 -0.0235773 -0.0111516 0.0105863 0.00198032 0.00653732 0.00362887 -0.00334972 -0.000787857 0.00656572 0.0107377 0.0141098 0.00827641 -0.00687021 -0.0141749 0.00252215 -0.0227835 -0.0121773 0.00975747 0.0133459 0.0173288 -0.0228246 0.0186357 0.0109494 0.00484972 0.0121743 0.011701 0.0197241 0.00415584
internal_weight=0 55.2444 1093.2 1070.35 173.936 150.335 85.9915 896.416 64.3436 49.1199 792.585 62.0754 730.509 644.088 118.719 72.5206 53.2363 46.1985 525.369 283.101 248.346 242.268 217.71 219.587 74.9401 103.831 79.4116 142.77 80.0241 62.7461 48.9524 32.7927 187.369 148.427 125.546 56.5079 48.9634 93.4496 67.3907 42.3241 86.4211 47.8545 23.1478
internal_count=5066 278 4788 4687 982 868 397 3705 471 246 3263 249 3014 2664 486 305 219 181 2178 1106 979 1072 958 853 254 442 346 704 402 302 402 294 714 555 462 289 212 356 260 196 350 193 197
is_linear=0
shrinkage=0.05


Tree=88
num_leaves=49
num_cat=0
split_feature=46 40 65 58 58 58 37 58 58 10 41 38 1 10 0 27 6 22 4 18 46 54 26 10 40 52 50 22 58 0 18 53 41 10 18 3 27 7 2 46 26 54 18 4 23 58 46 8
split_gain=4.97329 4.273 8.03922 7.18601 6.9074 6.64322 6.36119 6.05634 6.24969 5.50198 4.81346 4.55988 3.36041 9.83085 6.25336 6.14555 6.08969 8.80174 6.04653 5.42824 5.23067 4.35453 8.25953 6.96988 5.44253 5.04487 3.95664 3.81066 3.76832 3.6647 3.62817 4.61765 5.23134 3.50723 3.27751 3.13966 4.52561 3.28638 3.71023 7.32813 4.29593 3.58127 3.1181 3.11463 2.28479 2.71306 1.97485 1.77769
threshold=87.500000000000014 -2.2499999999999996 1.8540703102602589 -0.35846811432664222 1.0000000180025095e-35 -0.62588817255938378 8.7500000000000018 0.29342972903661901 0.89787622492179153 0.11196911196911205 -0.43303571428571425 1.5000000000000002 79.500000000000014 -2.0957528957528955 84.250000000000014 0.65666666666666684 4.6285714285714299 2.3897769544408889 1.0000000180025095e-35 12.500000000000002 7.5000000000000009 77.500000000000014 0.016571604032156708 0.29266409266409227 -1.0000000180025095e-35 1.5000000000000002 1.5000000000000002 1.049785099688922 0.48314048284850658 83.750000000000014 10.500000000000002 5.5000000000000009 -0.15587044534412953 0.17837837837837831 7.5000000000000009 117.50000000000001 0.99020397208803013 1.2377622377622381 73.500000000000014 18.500000000000004 0.0052296541475537325 8.5000000000000018 6.5000000000000009 0.62500000000000011 0.37500000000000006 0.78325454425165997 6.5000000000000009 1.1378656126482216
decision_type=2 2 2 2 2 2 2 2 2 2 2 2 2 2 2 2 2 2 2 2 2 2 2 2 2 2 2 2 2 2 2 2 2 2 2 2 2 2 2 2 2 2 2 2 2 2 2 2
left_child=1 2 3 5 -5 34 12 -6 10 11 -9 -8 13 46 16 -15 17 29 26 20 -16 22 24 25 30 -23 -17 -26 42 35 31 32 -22 -30 -1 37 -37 38 39 44 -40 -39 -20 -4 45 -14 -3 -43
right_child=-2 6 43 4 7 -7 9 8 -10 -11 -12 -13 14 15 19 18 -18 -19 28 -21 21 23 -24 -25 27 -27 -28 -29 33 -31 -32 -33 -34 -35 -36 36 -38 41 40 -41 -42 47 -44 -45 -46 -47 -48 -49
leaf_value=0.025222172512518251 0.025359998732749897 -0.040626480453579895 0.0021995519404301267 -0.020681269251240073 0.029833548142258845 0.042862038685911659 -0.020977218594141294 -0.021943883452207918 0.023375869074393939 -0.042288779025088492 0.0087250095112450052 0.017265609219516257 0.0016525590186811743 -0.023281375952405415 0.017021671175694385 -0.036577330496402299 -0.019261407255963005 0.038413280379997999 0.0054190005468098207 -0.025115487441344415 -0.0086568638269808509 -0.025363883391350317 -0.040250567316496455 0.023675050755128667 -0.002788210942407358 0.0070033106962392863 0.0028519488327591034 -0.0411836837489995 0.01138715885134196 0.022923798443461138 0.015552547900018289 -0.020052377748072392 0.019959505078895615 -0.015550161423632834 0.0012396110633074928 0.0070499239278079343 -0.021982635876091196 0.032202217225762109 0.028274249064243664 -0.02423239449321276 0.0014846156062177163 0.01729813807993099 0.029904986032713927 -0.022360383304808659 -0.0048944382532014989 0.025635192948787269 -0.015369639432565019 -0.0041062766153870415
leaf_weight=24.977266170084476 19.284626584500074 18.760060274042189 22.945809230208397 24.085081569850445 24.223485641181469 25.123087897896767 19.201764037832621 27.708942279219627 21.29427108168602 15.616489398293195 22.316775090992451 11.762772681191562 27.924893438816071 23.756121162325144 31.87316114641726 12.369235942140223 21.473657555878162 20.773515693843365 24.948269063606858 26.25269416347146 38.911246862262487 19.547760715708137 17.546251520514488 30.658952174708247 11.277698066085579 28.300526199862361 11.883650271221994 14.636322909966109 25.610510922968388 26.472543735057116 26.817515399307013 32.260958295315504 25.651791112497449 21.138185203075409 31.788151957094669 26.660631775856018 25.308812968432903 21.438080132007599 24.485576309263706 28.284577582031488 36.536223910748959 18.405262373387814 27.427158830687404 28.036284126341343 34.226977542042732 19.603190094232559 15.851300947368143 18.777694905176759
leaf_count=84 82 109 84 95 87 84 140 109 77 127 81 81 120 86 130 111 94 86 121 124 157 98 101 133 63 124 106 130 103 101 101 146 109 89 118 86 105 76 89 117 141 66 98 125 132 73 77 95
internal_value=0 0.000381647 0.00610361 0.010586 0.00272171 0.0219034 -0.00126069 0.00877436 0.00130809 -0.0190435 -0.00835944 -0.00636392 -0.000248102 -0.0062432 0.00142463 -0.000534187 0.00596863 0.00766928 0.00399773 -0.00381945 -0.00172168 -0.0042132 -0.00875998 0.00545305 -0.00482262 -0.0064684 -0.0179095 -0.0251985 0.00948316 0.00547899 -0.000384123 -0.00491199 0.00284383 -0.000863568 0.0120461 0.00376404 -0.00723685 0.00627376 0.0027329 -0.00275654 0.0125168 0.0163871 0.0185615 -0.0114769 0.00487645 0.0118687 -0.0298158 0.00666429
internal_weight=0 1134.93 252.499 201.517 119.629 81.8885 882.432 95.5435 71.32 46.581 50.0257 30.9645 835.851 181.744 654.107 147.133 350.372 328.898 123.377 303.735 277.482 245.609 167.102 78.5072 149.556 47.8483 24.2529 25.914 99.1241 308.124 123.642 96.824 64.563 46.7487 56.7654 281.652 51.9694 229.682 171.061 110.04 61.0218 58.621 52.3754 50.9821 81.7551 47.5281 34.6114 37.183
internal_count=5071 4989 944 735 449 286 4045 354 267 348 190 221 3697 900 2797 714 1381 1287 628 1416 1292 1162 807 355 706 222 217 193 411 1201 513 412 266 192 202 1100 191 909 672 442 230 237 219 209 325 193 186 161
is_linear=0
shrinkage=0.05


Tree=89
num_leaves=46
num_cat=0
split_feature=30 1 6 26 50 26 57 36 53 11 11 19 49 59 10 65 51 50 45 51 10 57 51 45 10 4 39 53 3 59 60 26 61 51 12 5 46 37 37 61 52 11 19 42 12
split_gain=4.01295 7.58483 4.82698 6.761 7.23605 6.24058 7.56215 6.56997 6.05344 8.42874 8.14914 5.91413 5.78556 5.31036 7.60853 6.28231 6.25544 6.70525 6.13814 5.16344 5.7753 5.06706 5.03131 11.126 6.88205 5.56508 5.97662 6.73991 7.44463 7.36652 5.70042 4.91638 4.81475 4.78844 4.67667 5.06935 4.30573 4.27764 4.1584 3.81217 3.64066 3.46889 3.02792 2.72127 1.92667
threshold=47.500000000000007 79.500000000000014 0.34285714285714253 0.0010876253177240453 1.0000000180025095e-35 0.0045251421710948954 58.187500000000007 73.750000000000014 5.5000000000000009 -0.45673785673785677 -0.022512622512622368 1.7500000000000002 49.500000000000007 -0.70289845916694649 -0.90424710424710464 0.31577160873212823 4.5000000000000009 1.5000000000000002 22.500000000000004 67.500000000000014 0.79459459459459458 72.687500000000014 50.500000000000007 33.500000000000007 -4.8447876447876439 2.1250000000000004 1.0000000180025095e-35 3.5000000000000004 37.500000000000007 0.38043945030393422 10.500000000000002 0.0029156565636181881 2.5000000000000004 17.500000000000004 0.18750000000000003 -1.0000000180025095e-35 49.500000000000007 6.7500000000000009 5.7500000000000009 1.5000000000000002 2.5000000000000004 -0.99780759780759787 1.7500000000000002 1.804761904761905 0.062500000000000014
decision_type=2 2 2 2 2 2 2 2 2 2 2 2 2 2 2 2 2 2 2 2 2 2 2 2 2 2 2 2 2 2 2 2 2 2 2 2 2 2 2 2 2 2 2 2 2
left_child=2 -2 22 4 -4 13 -7 33 9 21 -11 -12 -13 15 -15 18 17 -16 -5 37 -21 -9 25 24 -24 26 30 32 -29 -30 31 -1 43 -8 35 -25 44 -18 -26 -40 -37 -36 -41 -28 -10
right_child=1 -3 3 5 -6 6 7 8 36 10 11 12 -14 14 16 -17 19 -19 -20 20 -22 -23 23 34 38 -27 27 28 29 -31 -32 -33 -34 -35 41 40 -38 -39 39 42 -42 -43 -44 -45 -46
leaf_value=0.024512764234310591 -0.0045184902164470296 0.026201083229499239 0.038402602257891993 0.0081804313952406251 -0.0019163101029561983 0.024957569632625316 -0.034168308506326565 -0.040072986538166926 0.032053547685089452 0.030281810155012467 0.014418591982179027 0.0042890439750287758 -0.025984207381974819 -0.044233231841330281 -0.018600250250883122 0.021366227625865826 -0.014774906372443617 0.018840905641396309 -0.029555399461326223 -0.023125198904995682 0.011546037133898493 -0.0069075895573588357 -0.038600976605656423 0.01555766763181729 -0.022801211392667407 0.027056218207119766 -0.012026873411197028 0.0097519777185917436 0.0015208691121432871 -0.03719632320251548 0.037668827404440254 -0.0074853550982718247 0.027216999811163597 -9.9455071577682304e-06 0.035368682222218138 0.0050050920836858699 -0.0047025770675446707 -0.04200733258886389 0.015377446086853624 0.0054436800834262297 -0.022886623597841826 0.0065870701721811586 -0.022899100523405644 0.013473323747412065 0.011958382758308532
leaf_weight=21.294027011841536 37.469803981482983 41.707065768539906 18.799496061168611 21.663437835872173 25.204206360504031 27.365388800390065 24.163781423121691 20.49660425260663 21.328207336366177 21.089839193969965 30.030072843655944 28.528102554380894 33.654574997723103 18.837926064617932 19.045490829274058 24.296519357711077 33.559080801904202 28.701660313643515 19.802061891183257 22.009545484557748 24.220210425555706 25.914209835231304 20.314121559262276 35.666194170713425 26.857123747467995 34.807224240154028 20.64210637845099 29.812655227258801 20.577517781406641 29.211460946127772 22.777255529537797 25.253371307626367 27.525714440271258 17.323626197874546 22.057242900133133 22.284532628953457 23.841938156634569 26.821974235586822 24.565268268808722 17.15843487996608 22.962297633290291 20.19765093177557 19.08772056736052 19.253382340073586 29.978059273213148
leaf_count=80 129 132 97 109 143 140 112 107 67 86 126 127 153 139 104 82 139 146 92 119 114 114 86 128 129 147 98 124 93 129 78 106 110 85 82 87 102 153 117 84 94 90 86 72 131
internal_value=0 0.0117883 0.000190088 -0.00285419 0.0157795 -0.00439139 0.000368969 -0.00214712 0.00112136 -0.00438569 0.00299648 -0.00350182 -0.0122474 -0.0104181 -0.0149888 0.00166374 -0.011158 0.0038311 -0.0101121 -0.0178443 -0.00510074 -0.0220909 0.00389139 -0.00143112 -0.0130841 0.00877622 0.00572428 -9.97475e-06 -0.00980693 -0.0214798 0.0177126 0.0073605 0.0115312 -0.020241 0.00880824 0.00169162 0.0127294 -0.0273592 -0.00680275 0.000517485 -0.00933847 0.0220815 -0.00969609 0.000307944 0.0207651
internal_weight=0 79.1769 1068.98 586.676 44.0037 542.672 303.714 276.349 234.862 159.713 113.303 92.2128 62.1827 238.958 173.196 65.762 154.358 47.7472 41.4655 106.611 46.2298 46.4108 482.305 231.151 107.983 251.155 216.347 147.023 79.6016 49.789 69.3247 46.5474 67.4212 41.4874 123.168 80.913 75.1482 60.3811 87.6685 60.8114 45.2468 42.2549 36.2462 39.8955 51.3063
internal_count=5068 261 4807 2787 240 2547 1350 1210 1013 713 492 406 280 1197 914 283 775 250 201 525 233 221 2020 983 502 1037 890 626 346 222 264 186 280 197 481 309 300 292 416 287 181 172 170 170 198
is_linear=0
shrinkage=0.05


Tree=90
num_leaves=48
num_cat=0
split_feature=46 14 8 57 54 36 51 10 45 11 51 49 57 54 58 52 11 53 18 6 10 51 59 37 53 45 54 45 43 46 19 60 18 1 59 41 65 65 58 45 22 45 52 10 57 54 58
split_gain=7.73042 8.59522 8.08921 6.7236 6.47645 10.3635 8.91154 8.61769 9.41564 6.74417 12.4603 6.5999 6.3138 6.06061 5.10965 4.94407 4.43735 4.30672 5.39547 6.47761 4.75258 7.15786 10.506 7.15014 6.42077 7.8828 6.43017 6.07209 5.98004 6.11328 5.3375 4.94595 4.6707 4.51547 4.21892 4.0687 3.88332 3.74359 3.54766 3.30376 3.29956 3.14266 3.12348 2.82034 2.10826 1.67956 0.995149
threshold=87.500000000000014 0.14583333333333334 -0.51913043478260856 57.312500000000007 1.0000000180025095e-35 72.750000000000014 3.5000000000000004 -2.4555984555984551 27.500000000000004 -0.45673785673785677 63.500000000000007 5.5000000000000009 55.812500000000007 1.0000000180025095e-35 -0.99630266176052629 2.5000000000000004 -1.2007668007668004 9.5000000000000018 8.5000000000000018 0.34285714285714292 -0.20772200772200819 17.500000000000004 -0.39827153806311183 7.2500000000000009 1.0000000180025095e-35 31.500000000000004 549.50000000000011 23.500000000000004 5.0000000000000009 20.500000000000004 1.2500000000000002 8.5000000000000018 5.5000000000000009 80.250000000000014 0.57605713708605399 -0.32575757575757569 -0.37717181534043548 1.0000000180025095e-35 -0.49813634056773481 40.500000000000007 1.2544668640371113 10.500000000000002 3.5000000000000004 -0.73976833976833978 52.312500000000007 10.500000000000002 -0.48314718476766422
decision_type=2 2 2 2 2 2 2 2 2 2 2 2 2 2 2 2 2 2 2 2 2 2 2 2 2 2 2 2 2 2 2 2 2 2 2 2 2 2 2 2 2 2 2 2 2 2 2
left_child=1 3 -3 13 -4 12 -7 37 11 38 -11 -9 -6 -1 -5 43 -13 20 32 -20 24 23 27 34 26 28 31 -23 29 -26 -28 -16 -19 -30 -22 -29 -24 -8 -10 -38 -37 -18 -27 -15 -17 -14 -43
right_child=-2 2 4 14 5 6 7 8 9 10 -12 16 45 15 17 44 41 18 19 -21 21 22 36 -25 25 42 30 35 33 -31 -32 -33 -34 -35 -36 40 39 -39 -40 -41 -42 46 -44 -45 -46 -47 -48
leaf_value=-0.0088142869620148907 0.032356783969205598 0.018258704775366143 0.023929321616787822 -0.020147096587013899 -0.0030039483927880905 0.024612066847758504 0.018480329849961934 -0.0046290879193648712 -0.034000475891834026 0.04366249684107476 -0.013756278008499299 -0.012268482246067783 -0.055002975439279372 0.01866550531342814 0.023296434807263431 -0.0043963408755542171 -0.062613383480504547 0.00047761009690104128 -0.012674233167955393 0.018269745336028462 -0.018364788797168814 0.013407270732830535 0.036844783518044016 -0.037208759747289981 0.010980667236716334 0.015084135365403949 0.0023898263862282432 -0.00061544516580760089 0.0050846948852163419 -0.019244256991182734 -0.02778655754816698 -0.0041555848694137731 -0.026591985611020247 0.032602495472184988 0.010535468036344364 -0.0075743646551761773 -0.00041418603543658892 -0.0073531020832381423 -8.9463325046474427e-06 0.026044068597957427 -0.037422763554782718 -0.016395764700562636 0.03740707796528224 0.048180051143403138 0.021626491636148493 -0.029612541129956944 -0.040288163748870877
leaf_weight=16.575171599164605 19.96248734742403 31.976267136633396 14.221810881979762 22.316052086651325 15.718393272720276 22.009989889338613 33.85614569298923 24.17255599796772 15.44110210798681 16.879295889288187 19.281000996008515 15.042639933526514 14.357608253136275 15.796209910884498 36.466350719332695 14.906703917309644 15.760021377354859 28.166074818000197 28.2386669293046 39.281785260885954 22.017084497958422 34.747433979064226 23.637570856139064 20.467499348334968 35.79724826477468 28.369933195412159 31.813858069479465 42.070425093173981 30.195499420166016 29.704835310578346 25.939758032560349 28.725355450063944 35.592859648168087 29.315652541816235 27.01541094481945 18.614853970706463 25.413269329816103 22.739470448344946 14.399584503844379 20.973304860293865 18.764467503875494 9.887774839997288 41.04817321896553 21.29039085097611 14.670149970799683 21.124611005187035 12.08138727396727
leaf_count=109 78 115 91 94 127 93 143 114 91 74 114 84 81 74 127 98 126 110 115 139 90 137 88 102 137 101 120 152 115 116 108 113 151 114 104 76 104 89 71 74 89 78 130 102 62 118 102
internal_value=0 0.00170846 -0.00523081 0.00445097 -0.00790247 -0.00964359 -0.00489707 -0.00825851 -0.0147679 -0.00085789 0.0135 -0.0265354 -0.0296951 0.0178245 0.00289244 0.0244803 -0.0362971 0.00365206 -0.00448888 0.00533213 0.00552801 0.000421361 0.00558066 -0.0131394 0.00959629 0.0152282 0.000638688 -0.00377998 0.00761945 -0.00280944 -0.011406 0.0113202 -0.014811 0.0189549 -0.00254931 -0.0113701 0.0206845 0.0081533 -0.01813 0.0118459 -0.023143 -0.0453131 0.0286279 0.0364291 0.00879617 -0.0411126 -0.0307168
internal_weight=0 1126.88 318.95 807.932 286.973 272.752 221.551 199.541 142.945 66.001 36.1603 76.9444 51.2006 83.2386 724.693 66.6635 52.7718 702.377 131.279 67.5205 571.098 253.721 184.221 69.5 317.377 194.431 122.945 114.197 125.013 65.5021 57.7536 65.1917 63.7589 59.5112 49.0325 79.4497 70.0241 56.5956 29.8407 46.3866 37.3793 37.7292 69.4181 37.0866 29.5769 35.4822 21.9692
internal_count=5040 4962 1711 3251 1596 1505 1179 1086 854 350 188 504 326 445 2806 336 390 2712 515 254 2197 1016 720 296 1181 713 468 454 482 253 228 240 261 229 194 317 266 232 162 178 165 306 231 176 160 199 180
is_linear=0
shrinkage=0.05


Tree=91
num_leaves=49
num_cat=0
split_feature=46 26 26 13 26 27 24 59 36 46 45 22 8 9 59 61 60 20 59 21 62 42 10 53 11 65 26 59 26 36 45 38 52 46 11 9 62 11 46 24 11 35 51 0 9 22 9 2
split_gain=5.3403 3.72115 6.87832 3.51616 8.16811 8.05233 5.94356 5.58048 9.26266 5.06811 10.2464 9.86334 5.11928 4.9885 6.2347 4.82295 4.77065 4.72247 7.19081 5.32385 4.73765 11.0778 12.1282 10.2196 6.25264 5.39039 4.84225 6.42289 5.11921 5.1129 5.4357 5.52479 9.17145 5.04722 4.62075 4.29641 3.63607 3.50403 4.45057 3.88898 5.27986 3.484 3.3148 2.9101 2.90706 2.46623 2.03136 1.98192
threshold=87.500000000000014 0.00070347386533482206 0.00051969389496727 0.14583333333333334 0.0010635416940573052 0.93000000000000005 0.87500000000000011 0.59003219687534991 80.750000000000014 14.500000000000002 22.500000000000004 1.3135095209564973 0.44608695652173924 0.891891891891892 -0.46039597980994923 2.5000000000000004 4.5000000000000009 1.1599999999999968 -0.065537083312030994 1.0000000180025095e-35 1.5000000000000002 1.3717105263157896 0.82393822393822391 6.5000000000000009 -0.43804303804303818 0.35387457207787903 0.016852390834716045 -0.6391983530350368 0.011162070943603544 71.250000000000014 25.500000000000004 1.0000000180025095e-35 3.5000000000000004 23.500000000000004 0.48245268245268208 0.80539859051908091 1.5000000000000002 -0.073980073980074154 5.5000000000000009 0.37500000000000006 -0.71771471771471773 83.750000000000014 65.500000000000014 85.750000000000014 1.43938223938224 1.710984308936198 1.1822393822393824 67.500000000000014
decision_type=2 2 2 2 2 2 2 2 2 2 2 2 2 2 2 2 2 2 2 2 2 2 2 2 2 2 2 2 2 2 2 2 2 2 2 2 2 2 2 2 2 2 2 2 2 2 2 2
left_child=1 2 -1 4 -3 -5 9 8 41 12 11 -11 -7 -12 -15 16 47 18 -6 -19 26 24 23 25 -22 -23 28 35 29 44 33 -32 -33 34 37 -28 -20 38 -31 40 -40 -8 -29 -30 -21 -24 -35 -14
right_child=-2 3 -4 5 17 6 7 -9 -10 10 13 -13 15 14 -16 -17 -18 19 36 20 21 22 45 -25 -26 -27 27 42 43 30 31 32 -34 46 -36 -37 -38 -39 39 -41 -42 -43 -44 -45 -46 -47 -48 -49
leaf_value=0.0072458586036130979 0.025949930313836401 0.028184802060022076 -0.039872817377687296 -0.029219466509826292 -0.026629448423432844 -0.0066561763067408261 -0.0040479339106878707 -0.034647130637566019 -0.031407147970254769 -0.043741380200936229 0.019243133916331243 0.0068705688931194019 0.0073714512861549446 -0.021235378727768012 0.012544057188526352 0.039584858584338016 -0.012461818919581801 0.028371387452256699 -0.0088075141958205826 0.0027381938535292354 0.032492941262884288 -0.027630863259071034 -0.004224042922911956 -0.057598917554435886 -0.0047079932000681024 0.0067088408068098366 -0.0043887390863537636 -0.0044855472578465474 0.0099969164482866715 0.024168766122055676 0.01607167338157597 -0.024383872853824859 0.0090415969352358513 0.014817490650314942 0.022937165377202633 -0.037848391206498709 0.01864350716760747 -0.013603824207742693 -0.0051268551341192041 -0.012190237644529998 0.028833959768721981 0.027537555436624429 0.020808724458326423 0.035188302550492427 -0.026096637334631374 0.02101952029034174 0.036565489931478325 0.034266255754920892
leaf_weight=15.042345447465779 20.641546495258808 30.333462916314602 14.418334306217728 25.944409213960171 33.39929211139679 24.102055333554745 17.272776864469051 20.163036352023482 18.684701073914766 23.431722594425082 40.605786986649036 15.488020321354268 13.546158729121091 25.463410541415215 27.288569623604417 20.427835379727185 14.615376749075947 19.869806133210659 26.32200775295496 15.826067358255385 23.628891715779901 27.524837369099259 18.908094950020313 18.535800419747829 20.451530953869224 18.521908462047577 20.029289163649082 30.665557205677032 24.233305145055056 27.086856242269278 30.516266942024231 42.261203102767467 38.279910650104284 23.238137807697058 37.399831272661686 17.957255836576223 20.647569803521037 24.300174549221992 24.70025709271431 32.023721285164356 19.929560944437981 16.205650983378291 21.077161259949207 22.844180434942245 18.059549013152719 18.23653357103467 23.429232738912106 14.459454799070953
leaf_count=78 82 122 90 150 147 100 89 106 110 140 149 100 96 152 127 101 109 71 109 64 94 148 82 97 116 72 89 119 95 104 100 158 130 86 132 76 94 102 100 131 70 79 79 69 105 81 74 67
internal_value=0 0.000871527 -0.0163664 0.00135292 0.00317745 -0.00306659 -0.000649072 -0.0129782 -0.00410822 0.00345521 -0.00271521 -0.0239329 0.0127452 0.00629009 -0.00385301 0.02015 0.0101412 0.00211558 -0.00925522 0.0035131 0.00269785 -0.00519671 -0.0142337 -0.0271785 0.0155116 -0.013969 0.00503445 -0.0054275 0.007365 0.0052855 0.00723025 -0.00172415 -0.00858122 0.0119048 0.00771797 -0.0207711 0.0033969 0.00312924 0.00714126 0.00089054 0.010338 0.0115967 0.00601714 0.0226986 -0.0129371 0.00839568 0.0262741 0.02196
internal_weight=0 1117.4 29.4607 1087.94 770.237 317.699 291.755 72.3262 52.1631 219.428 132.278 38.9197 87.1509 93.3578 52.752 63.0488 42.621 739.904 80.3689 659.535 639.665 145.808 101.727 64.5825 44.0804 46.0467 493.858 89.7293 404.128 357.051 323.165 111.057 80.5411 212.108 165.44 37.9865 46.9696 128.041 103.74 76.6535 44.6298 33.4784 51.7427 47.0775 33.8856 37.1446 46.6674 28.0056
internal_count=5041 4959 168 4791 3116 1675 1525 384 278 1141 668 240 473 428 279 373 272 2994 350 2644 2573 690 480 317 210 220 1883 363 1520 1356 1187 388 288 799 639 165 203 507 405 301 170 168 198 164 169 163 160 163
is_linear=0
shrinkage=0.05


Tree=92
num_leaves=49
num_cat=0
split_feature=47 54 45 6 10 59 26 54 43 58 58 49 37 57 57 57 10 54 29 41 59 47 6 45 10 54 22 6 42 1 52 26 36 2 22 26 10 59 10 36 8 11 52 1 41 19 54 55
split_gain=5.73822 4.54131 6.23763 5.74448 6.73334 5.32466 4.84072 7.52501 5.54751 6.97515 8.0748 6.77505 6.1515 7.32935 5.4552 4.89818 4.77578 4.55524 4.70364 9.89571 7.18439 5.54794 8.21821 7.51038 5.92193 6.13166 5.90057 5.45823 5.34371 4.71982 4.22326 4.21247 4.45638 3.98158 3.97928 5.5007 3.93482 3.80096 3.40643 3.31355 4.67989 3.05438 3.03234 2.98446 2.94913 2.56662 2.52318 1.99413
threshold=4.5000000000000009 52.500000000000007 66.500000000000014 -3.0833976833976826 -3.2617760617760618 -0.7614016681079937 0.028044338461017178 23.500000000000004 5.0000000000000009 0.92602006027323147 0.29342972903661901 14.500000000000002 6.2500000000000009 65.687500000000014 63.562500000000007 69.812500000000014 -1.5305019305019305 56.500000000000007 0.23611111111111113 0.22474747474747478 -0.082691941062253513 1.0000000180025095e-35 -0.64285714285714246 45.500000000000007 -0.78532818532818538 74.500000000000014 1.4902913095196093 -3.4258310474147679e-16 1.560386473429952 86.500000000000014 1.5000000000000002 0.0021746085318193309 73.250000000000014 72.500000000000014 1.0616727718655929 0.0048652954412467643 0.62934362934362909 -0.73865259438682551 1.0849420849420859 80.250000000000014 0.9365217391304349 -0.49686529686529707 2.5000000000000004 88.250000000000014 -0.15587044534412953 1.7500000000000002 4.5000000000000009 7.5000000000000009
decision_type=2 2 2 2 2 2 2 2 2 2 2 2 2 2 2 2 2 2 2 2 2 2 2 2 2 2 2 2 2 2 2 2 2 2 2 2 2 2 2 2 2 2 2 2 2 2 2 2
left_child=1 3 17 33 -5 -6 8 -8 11 10 12 14 13 41 -7 -15 -14 -3 -19 21 -21 24 37 -24 26 36 28 -28 -20 -25 -16 -12 45 -1 -13 -36 -26 -23 46 40 -27 -10 -30 -31 -42 -33 -18 -41
right_child=-2 2 -4 4 5 6 7 -9 9 -11 31 34 16 15 30 -17 38 18 19 20 -22 22 23 29 25 39 27 -29 42 43 -32 32 -34 -35 35 -37 -38 -39 -40 47 44 -43 -44 -45 -46 -47 -48 -49
leaf_value=0.0061252268505821422 0.02394762400727822 -0.02220706783473312 -0.029131740782066748 -0.019465888238029888 0.022882172629291986 -0.0018263031389326773 -0.00055900907123411947 0.040156376710457388 0.017188318083717229 0.025901343435088344 0.0055222182430035589 0.020481955093673333 0.019734437822853279 -0.012751151050251789 -0.050783834552302287 0.020636058013294486 -0.028903890560649625 0.021040486425165685 -0.005183447499326985 -0.062622640672155033 -0.0043501439582139334 0.0085612139556146948 0.019003590464927615 -0.027072143995790471 0.003204122467204547 0.013435964861223388 0.011625718887884204 -0.02129637695614247 -0.046396914102268094 0.012224997203749845 -0.01513009719646277 -0.012903495971462745 0.00086877302451134574 0.033739831618968465 -0.019699427040089701 0.011325380464045231 -0.02796297360445954 0.035119496212694438 0.0075396338371606659 0.030985656615156305 0.0022347730278350383 0.046214112908829132 -0.018153849135873444 -0.0099810426238628996 -0.026507120708895146 -0.03922011453038126 -0.0026894806192245485 0.0080159069110822805
leaf_weight=27.275701895356178 26.940749574452639 23.615011662244797 19.80669129639864 31.77158684656024 33.530488623306155 24.683762192726135 24.90478453412652 19.806547518819571 18.600637061521411 33.457922667264938 29.14985882025212 20.904762137681246 18.676533379592001 21.803278364241123 15.931711314246057 20.235195837914944 20.503031604923308 23.835264690220356 30.378190409392118 10.022047717124225 10.478598691523073 25.775647073984146 34.844178270548582 23.000493194907904 17.864080164581537 41.221075795590878 36.002735383808613 18.082619219087064 20.402872398495674 24.724318772554398 18.734481152147055 18.880621932446957 21.677991829812527 25.033178873360157 28.328912093304098 26.940595658496022 21.831308759748936 29.292870707809925 20.11802164837718 19.507579579949379 18.880633100867271 20.926586976274848 20.910456769168377 35.75114906206727 15.687249163165687 20.407286832109094 16.407601902261376 19.2657386418432
leaf_count=108 103 115 85 146 145 150 108 72 86 128 149 82 84 90 83 73 120 70 139 83 85 95 133 106 80 158 143 117 95 97 103 105 79 84 147 114 105 97 87 72 77 87 87 143 116 88 71 91
internal_value=0 0.00100604 -0.00228439 0.00408182 0.00249278 0.00393974 0.00251567 0.0179613 0.000817999 0.00482333 0.00187982 -0.0074567 0.00869933 0.018139 -0.0199726 0.00342583 -0.00157501 -0.00121066 -0.000172003 -0.00128091 -0.0344252 0.000290102 0.00729515 -0.000175258 -0.00405773 0.00250731 -0.0120656 0.000431925 -0.0213702 -0.008311 -0.0324801 -0.00998652 -0.0173712 0.0197256 0.00242733 -0.00464417 -0.0142028 0.0230629 -0.00877354 0.0083701 0.00220577 0.0333164 -0.0328688 -0.000851316 -0.0111871 -0.0272073 -0.0176293 0.0200609
internal_weight=0 1119.87 541.181 578.691 526.382 494.611 461.08 44.7113 416.369 280.845 247.387 135.524 157.271 81.5657 59.35 42.0385 75.7052 521.374 497.759 473.924 20.5006 453.423 173.389 118.32 280.035 154.258 125.777 54.0854 71.6915 83.476 34.6662 90.1158 60.9659 52.3089 76.1743 55.2695 39.6954 55.0685 57.0287 114.562 75.789 39.5272 41.3133 60.4755 34.5679 39.2879 36.9106 38.7733
internal_count=5081 4978 2389 2589 2397 2251 2106 180 1926 1247 1119 679 698 336 336 163 362 2304 2189 2119 168 1951 671 479 1280 699 581 260 321 346 186 421 272 192 343 261 185 192 278 514 351 173 182 240 193 193 191 163
is_linear=0
shrinkage=0.05


Tree=93
num_leaves=49
num_cat=0
split_feature=41 49 25 22 28 4 47 57 9 0 37 41 26 13 57 42 49 18 51 7 2 11 13 61 59 8 13 25 49 2 59 6 46 41 13 8 26 6 37 49 42 58 40 22 11 10 26 38
split_gain=7.40852 5.64761 6.00691 5.80864 5.0578 4.76333 4.0603 3.93994 6.49359 9.1458 5.76059 7.21201 6.56582 7.13505 8.59923 7.12145 6.49516 8.56219 6.98996 6.44111 10.2716 10.4376 6.14723 5.79085 5.55526 6.03563 5.51814 5.38733 5.3408 9.73554 6.69068 5.62808 6.68022 6.14711 5.18593 5.02075 4.73741 6.39027 4.33514 4.16954 4.25527 3.948 3.80783 3.71189 3.41868 3.24788 2.70782 2.0678
threshold=0.96875000000000011 85.500000000000014 0.095454545454545472 0.71793599907333816 427.50000000000006 6.7500000000000009 2.5000000000000004 56.812500000000007 0.96447876447876457 69.750000000000014 7.7500000000000009 0.057189542483660136 0.0068808109099659448 0.10416666666666667 60.687500000000007 1.5894736842105266 7.5000000000000009 7.5000000000000009 70.500000000000014 0.34965034965034975 74.500000000000014 -1.5804411804411804 0.14583333333333334 1.0000000180025095e-35 -0.73865259438682551 1.389130434782609 0.062500000000000014 0.68333333333333346 1.0000000180025095e-35 74.500000000000014 0.39629089145655322 0.34285714285714336 52.500000000000007 -0.1348484848484848 0.18750000000000003 1.8848150292363808 0.013802984225098052 2.2285714285714291 5.7500000000000009 2.5000000000000004 2.1602564102564106 -0.79384350655589164 -1.0000000180025095e-35 1.607532977863906 -0.14013014013014008 -1.2868725868725872 0.0032838517492534943 1.5000000000000002
decision_type=2 2 2 2 2 2 2 2 2 2 2 2 2 2 2 2 2 2 2 2 2 2 2 2 2 2 2 2 2 2 2 2 2 2 2 2 2 2 2 2 2 2 2 2 2 2 2 2
left_child=1 2 3 -1 5 7 -3 8 -4 47 12 22 13 15 -15 44 39 18 -18 20 42 -22 27 -21 25 -25 -13 45 -16 30 -30 32 33 -31 -32 43 38 -38 -26 40 -17 -33 -14 -11 -9 -12 -19 -10
right_child=-2 6 4 -5 -6 -7 -8 10 9 35 11 26 19 14 28 16 17 46 -20 23 21 -23 -24 24 36 -27 -28 -29 29 31 34 41 -34 -35 -36 -37 37 -39 -40 -41 -42 -43 -44 -45 -46 -47 -48 -49
leaf_value=0.040531751771497489 -0.024902422404629771 -0.031414842024445187 0.030621533504547944 0.0010877649650539128 0.021435541408102842 0.024055886371083524 -0.0028394536839281819 0.033482182708472259 -0.053223193790187522 0.014499987882860313 -0.0068089508898928064 -0.0092448055292371142 0.015073739800295985 -0.034501781442837644 0.021895409472224365 -0.0096916570033804758 -0.036060667379074381 -0.00242728102568791 0.0027546726061083216 -0.01861394549188182 -0.011663452983487525 -0.0534364935089836 0.016468480343196892 0.0046922962354117546 -0.018733222771489335 -0.030971942660444798 -0.057400729179609949 0.0021364915833442569 -0.039486050100419896 0.026222674925493128 0.01182901727213039 -0.026370917759237535 0.041923385403784826 -0.012322609744469588 -0.019259518209520547 0.028186996929918901 0.03178565142773087 -0.0028773689120001385 0.010637729859927128 0.032147560853581079 0.021095352385321266 0.0048654688332954114 -0.012186630052677647 -0.01862646307505007 0.0099181053515291044 -0.034160293575911459 0.018344872946128923 -0.011257548661843118
leaf_weight=18.090008556842804 27.811866277828813 21.436316516250372 25.242317505180836 18.373939670622349 27.958110734820366 19.567178506404161 28.373659614473581 38.320315934717655 6.5823136083781701 15.59206171706319 18.970949370414019 11.664554500952365 26.445490315556526 18.051218919456005 24.798678889870644 20.179274972528219 25.412764724344015 27.855659365653992 20.443012122064829 32.295657783746719 39.802553795278072 23.713512815535069 24.286030162125826 28.843237709254026 19.360394703224301 18.893481016159058 12.19339076336473 38.472455322742462 20.780430901795626 18.436001896858215 22.044244490563869 14.467428114265202 18.194108638912439 21.211620535701513 31.342151667922735 21.82207989320159 38.419521145522594 19.828987557440996 31.809941925108433 25.832168728113174 23.096445105969906 28.539845490828156 23.049267493188381 16.268591801635921 27.176221631467342 26.409982562065125 34.31400253623724 5.8890556478872895
leaf_count=61 106 93 90 102 103 102 119 132 94 67 77 50 110 96 90 85 104 95 75 138 157 112 130 122 85 100 142 145 119 73 77 83 60 124 127 134 147 94 129 97 92 151 91 96 101 135 114 78
internal_value=0 0.000775521 0.00154733 0.0212158 0.000833808 0.000240492 -0.0155135 -0.000255842 0.00957493 0.0012078 -0.00126937 -0.010872 0.000404023 0.00415985 -0.00240458 0.0100399 0.00477197 -0.00289477 -0.0190669 -0.00530905 -0.0146993 -0.0278458 -0.00523696 0.000340139 0.00432829 -0.00976895 -0.0351755 -0.0116434 0.000652451 -0.00246484 -0.0161019 0.00762379 0.0176854 0.00580498 -0.00644101 0.0102815 0.0105113 0.0201362 -0.000620899 0.0166265 0.00684485 -0.00600276 0.00238889 -0.00246703 0.024001 -0.0231197 0.00914664 -0.0357134
internal_weight=0 1120.15 1070.34 36.4639 1033.88 1005.92 49.81 986.351 91.3964 66.1541 894.955 131.997 762.958 460.496 217.866 242.63 177.133 108.025 45.8558 302.462 113.011 63.5161 108.139 189.451 157.156 47.7367 23.8579 83.8534 199.815 175.016 74.1668 100.849 57.8417 39.6476 53.3864 53.6827 109.419 58.2485 51.1703 69.1079 43.2757 43.0073 49.4948 31.8607 65.4965 45.3809 62.1697 12.4714
internal_count=5104 4998 4786 163 4623 4520 212 4418 559 469 3859 679 3180 1895 1000 895 662 388 179 1285 470 269 487 815 677 222 192 357 904 814 323 491 257 197 204 297 455 241 214 274 177 234 201 163 233 212 209 172
is_linear=0
shrinkage=0.05


Tree=94
num_leaves=49
num_cat=0
split_feature=20 13 7 40 38 52 7 3 29 28 59 41 11 42 2 35 6 54 3 46 8 8 49 50 3 11 36 11 26 6 7 9 22 6 38 41 49 45 10 57 9 26 53 54 45 4 25 10
split_gain=5.58669 5.0063 6.30143 6.15603 5.62499 5.36348 4.95407 4.28437 8.51771 4.82857 8.39617 4.22812 5.44076 5.54583 6.03258 6.76079 5.33384 4.6833 4.51249 4.71193 4.12671 7.02615 4.42021 5.97844 5.5298 6.97585 6.07772 5.75914 5.18023 4.83994 4.45154 10.5963 6.01829 4.84305 9.53391 7.09908 6.61586 3.96192 3.88329 4.03474 3.281 3.13511 3.13205 5.23095 5.0753 3.11546 2.53032 1.09805
threshold=1.0000000180025095e-35 0.14583333333333334 2.6006993006993011 -3.7499999999999996 1.5000000000000002 11.500000000000002 3.797202797202798 212.50000000000003 0.73611111111111127 467.50000000000006 0.26659387353423869 -0.36038961038961032 -1.7540297540297538 1.8221343873517788 69.250000000000014 82.250000000000014 1.0000000180025095e-35 72.500000000000014 47.500000000000007 16.500000000000004 2.4652173913043485 2.8669565217391306 45.500000000000007 4.5000000000000009 37.500000000000007 -0.42838782838782824 81.250000000000014 0.079963279963279968 0.0057471821203408978 0.34285714285714264 0.083916083916083822 0.57837837837837858 0.92925365826200312 1.7394957983193284 1.5000000000000002 -0.25543478260869562 4.5000000000000009 36.500000000000007 -3.1671905127748752 66.312500000000014 1.2711315378728594 0.0038011629490568234 7.5000000000000009 51.500000000000007 3.5000000000000004 1.2500000000000002 0.52272727272727282 -0.5667953667953668
decision_type=2 2 2 2 2 2 2 2 2 2 2 2 2 2 2 2 2 2 2 2 2 2 2 2 2 2 2 2 2 2 2 2 2 2 2 2 2 2 2 2 2 2 2 2 2 2 2 2
left_child=-1 3 5 4 -2 11 7 8 -5 10 -9 46 45 14 -14 -16 41 -18 -17 -20 22 -22 23 30 25 -24 29 -27 47 -26 38 -32 -33 34 35 -34 -37 -21 -10 -40 -29 -15 43 44 -35 -13 -3 -25
right_child=1 2 -4 6 -6 -7 -8 9 20 -11 -12 12 13 16 15 18 17 -19 19 37 21 -23 24 28 26 27 -28 40 -30 -31 31 32 33 42 -36 36 -38 -39 39 -41 -42 -43 -44 -45 -46 -47 -48 -49
leaf_value=-0.026509370286472728 0.033975432691420712 -0.006575099880574406 -0.035083878573016043 0.028577863680979827 0.0011897730004374063 0.022664610523871351 -0.020812879644357442 -0.038976929939729045 0.0025159417229374467 0.0095160627750115866 0.0055234917268809861 0.02530129775959571 -0.04108608464849392 -0.024667357476748777 0.0098444058252016818 0.0047354111770880622 0.0029455424579614212 0.037415029742111409 -0.0053534376012489551 -0.051548323428058401 -0.037729456032926434 0.0085531790596416937 -0.027038620215018929 -0.032970021009855272 0.010387453861713903 0.01704627308724992 0.020608449096570017 -0.024513309259034992 0.0092001280967895817 -0.019975184711485464 -0.02755473501184218 0.034057184234959369 0.011622436524076159 0.013611898060149483 0.019357542909321412 -0.040534359174893321 -0.0050559692359320634 -0.015925528461133456 0.035067877290910272 0.010805292615516517 0.0015611117437764035 0.0051744200398170133 0.03115004978602914 0.028155520710682891 -0.022030044558230159 0.00029671188244107449 -0.030920556609114275 -0.012356862455007098
leaf_weight=18.513331467285752 27.877922683954239 21.722676210105419 15.280182506889103 30.941093452274799 24.055512882769108 17.928720816969872 23.196757001802325 23.481501705944538 31.370112851262093 20.157189592719078 18.304051663726568 23.376962050795555 15.048368572257457 16.451186235994101 34.871669180691242 18.226098414510489 24.618365629576147 15.644925059750674 21.973050469532609 17.116685204207897 15.819790548644962 15.411644099280236 39.085797995328903 14.17114267498255 24.746119499206543 26.735513281077147 39.908884949982166 23.251588951796293 20.170474179089069 25.895406536757946 21.966634660959244 19.402281768620014 22.599671930074692 21.307329529896379 36.457482879981399 23.542283914983273 28.993568772450089 15.964480493217705 36.528459288179874 33.875090532004833 23.784601891413331 17.18061176687479 20.563277607783675 20.890628458932042 17.100575216114521 25.525472447276115 21.372776247560978 14.610443621873854
leaf_count=91 100 95 130 97 93 79 113 98 122 61 78 113 135 91 136 140 134 72 129 137 107 97 153 78 96 91 139 90 82 103 90 66 87 101 139 115 118 84 133 133 90 71 81 87 80 96 92 85
internal_value=0 0.000478427 -0.00476055 0.00262946 0.0190985 -0.00314239 0.00144024 0.00219439 0.00339751 -0.0102673 -0.0198101 -0.00481548 -0.00225004 -0.00595871 -0.0124172 -0.00808835 0.00483116 0.0169213 -0.0166396 -0.0236742 0.00209309 -0.0153338 0.00304486 0.00619908 -0.00290404 -0.0102485 0.00626174 -0.00111015 -0.00997592 -0.00522456 0.00858818 0.00473797 0.00821634 0.00543424 -0.00130631 -0.0114554 -0.0214147 -0.035329 0.0172643 0.0237086 -0.0115703 -0.00971363 0.0147527 0.00864417 -0.00241351 0.0125172 -0.0190764 -0.0232724
internal_weight=0 1108.51 322.302 786.203 51.9334 307.022 734.269 711.073 649.13 61.9427 41.7856 289.093 245.998 197.095 123.2 108.152 73.8951 40.2633 73.2803 55.0542 618.189 31.2314 586.957 383.549 203.408 112.858 90.5504 73.7717 48.9521 50.6415 334.597 232.824 210.857 191.455 111.593 75.1355 52.5359 33.0812 101.774 70.4035 47.0362 33.6318 79.8618 59.2985 38.4079 48.9024 43.0955 28.7816
internal_count=5028 4937 1734 3203 193 1604 3010 2897 2660 237 176 1525 1338 1129 761 626 368 206 490 350 2563 204 2359 1597 762 424 338 271 245 199 1352 964 874 808 459 320 233 221 388 266 180 162 349 268 181 209 187 163
is_linear=0
shrinkage=0.05


Tree=95
num_leaves=47
num_cat=0
split_feature=58 65 40 24 51 45 9 3 19 3 0 11 22 0 59 12 22 52 46 2 22 20 26 45 11 46 41 41 53 11 26 21 10 22 11 25 9 15 42 54 42 41 3 65 35 41
split_gain=6.11738 5.35168 4.62159 8.78296 8.5946 6.52925 5.8295 5.96229 6.11209 8.15136 5.39428 10.8658 6.64354 6.73821 6.30249 6.29662 5.70934 5.76802 6.14116 10.1637 6.58834 7.31261 6.98609 5.41858 5.28217 5.05559 4.65641 4.36742 5.40609 5.19767 6.16586 4.72422 6.95782 4.78468 4.26295 4.15829 4.10939 6.10345 6.4906 5.07121 4.41391 3.52656 2.81303 2.41163 1.65456 1.1196
threshold=-0.99630266176052629 5.7434764455486418 -1.7499999999999998 0.62500000000000011 85.500000000000014 46.500000000000007 1.6733590733590737 17.500000000000004 2.7500000000000004 82.500000000000014 78.750000000000014 -0.59560339210801938 1.5055196306985483 72.750000000000014 0.50370931781787065 0.062500000000000014 1.9906221892552833 9.5000000000000018 17.500000000000004 72.500000000000014 0.78934539344665999 2.0416666666666647 0.0069616342807051054 43.500000000000007 0.48245268245268208 26.500000000000004 -0.6568627450980391 -0.39642857142857141 6.5000000000000009 -1.1587223587223585 0.0035111110977353436 0.60952412990125227 0.50656370656370653 1.5733110562994257 -1.1446499446499447 0.80909090909090919 0.6409266409266412 7.5000000000000009 1.8397435897435901 19.500000000000004 1.4365079365079367 -0.15268065268065265 57.500000000000007 -1.1463211661045005 84.750000000000014 -0.1348484848484848
decision_type=2 2 2 2 2 2 2 2 2 2 2 2 2 2 2 2 2 2 2 2 2 2 2 2 2 2 2 2 2 2 2 2 2 2 2 2 2 2 2 2 2 2 2 2 2 2
left_child=-1 2 4 10 26 34 7 -5 24 -10 11 12 -4 -14 -13 -16 17 18 36 -20 -21 23 -23 41 -9 -19 -2 31 29 -29 -31 33 -33 -28 -6 45 -12 39 40 43 -39 -22 -43 -38 -36 -8
right_child=1 -3 3 6 5 -7 35 8 9 -11 16 14 13 -15 15 -17 -18 25 19 20 21 22 -24 -25 -26 -27 27 28 -30 30 -32 32 -34 -35 44 -37 37 38 -40 -41 -42 42 -44 -45 -46 -47
leaf_value=-0.021050068483435776 0.027319796572223127 0.0214502307037399 0.018430176445817136 0.01780893749697024 -0.014994811469661343 -0.02279207535709328 -0.025002347638020339 -0.034734637186963228 0.018963768692634966 -0.017651270651561565 -0.0068325354692030972 -0.049480716625536297 0.014411982936372745 -0.041354359228375902 0.0058183746868295666 -0.030881654979754748 0.02669842815774431 -0.030907124997708525 -0.028372553048502881 0.026156035903887077 0.013200076595205078 0.027888289499315932 -0.0095473405763495597 -0.027924316859655671 -0.0060614213706834839 0.002115388442882568 0.0033352192106808317 0.0023293291562467228 -0.0019129557666090911 0.013072325055649189 0.047627412573980871 0.026055654923719029 -0.010804300888894012 -0.029234031283099052 0.02148696503282669 -0.0021423689138030015 0.0062036501730932999 0.029477225717220081 0.048273488225509774 0.018424159319966795 -0.00052821157452167416 -0.025403045205395304 0.0018366998257250131 -0.016362679724946191 0.0019745494246134689 -0.054484256786171692
leaf_weight=29.148955488577485 36.488458454608917 32.52858542650938 42.162762299180031 20.289657635614276 20.266551699489355 36.676185607910156 8.4456938020885008 33.788680244237185 29.654494009912014 29.152652453631163 25.11731731146574 14.927736716344951 9.360635665245356 10.697085249237714 23.055606929585338 22.161000736989081 26.215700129978359 21.09928691573441 28.050765603780746 26.263346802443266 24.526158697903156 32.460585568100214 19.21243711002171 26.458344783633947 30.78273419290781 24.121811693534255 24.17122046649456 23.435437977313995 33.517299346625805 26.777029238641262 25.963252067565918 29.118782885372639 21.510026142001152 19.844491191208363 22.16041674464941 8.7367340791970474 21.903543017804623 24.370001951232553 21.110484505072236 40.434605069458485 23.644816856831312 16.691931344568729 20.144725807011127 23.771877650171518 20.882033217698336 11.095844286493959
leaf_count=141 131 147 151 79 90 154 46 153 109 126 107 100 104 96 102 141 152 107 121 93 98 132 87 117 140 102 96 91 135 96 88 109 81 82 90 52 79 125 76 144 126 101 88 94 78 170
internal_value=0 0.00177612 0.00116467 -0.00105534 0.00597334 -0.0063054 -0.0109215 -0.00672423 -0.0108695 0.00082084 0.00194553 -0.00731418 0.00729335 -0.0158805 -0.0222981 -0.0124476 0.004499 0.0030511 0.00509784 -0.00108497 0.0036753 -0.000713319 0.0140524 -0.00946172 -0.0213663 -0.0136276 0.0110762 0.00805664 0.0147994 0.0220823 0.030653 0.000168777 0.0104895 -0.0116719 0.00345156 -0.031288 0.0117113 0.0147362 0.0256993 0.00574158 0.0149918 -0.00118091 -0.0108517 -0.00563999 0.0122803 -0.0435799
internal_weight=0 1113.25 1080.72 739.909 340.811 99.9852 171.946 143.668 123.379 58.8071 567.963 122.365 62.2205 20.0577 60.1443 45.2166 445.598 419.382 374.161 193.808 165.758 139.494 51.673 87.8212 64.5714 45.2211 240.826 204.338 109.693 76.1757 52.7403 94.6445 50.6288 44.0157 63.309 28.2783 180.353 155.235 69.1253 86.11 48.0148 61.3628 36.8367 45.6754 43.0424 19.5415
internal_count=5127 4986 4839 3518 1321 412 875 607 528 235 2643 694 351 200 343 243 1949 1797 1588 837 716 623 219 404 293 209 909 778 410 275 184 368 190 178 258 268 751 644 327 317 251 287 189 173 168 216
is_linear=0
shrinkage=0.05


Tree=96
num_leaves=48
num_cat=0
split_feature=59 59 47 18 0 18 59 36 57 10 58 59 41 9 22 51 24 10 21 18 50 19 22 7 46 7 9 37 45 59 53 11 22 7 15 60 45 57 15 53 58 45 22 10 36 6 24
split_gain=4.96239 10.3842 5.77846 5.93494 6.3894 8.28079 6.33561 5.91014 7.52273 7.65385 6.89661 6.76099 5.60903 5.20189 8.57324 6.95194 4.84596 4.59933 6.36413 5.6266 5.28889 5.1855 6.46963 5.96323 8.0153 10.8954 7.53014 5.14432 5.14022 6.98133 4.63466 4.23268 4.16855 4.07067 4.45683 3.80512 3.54977 3.4671 4.17245 3.85988 3.15119 3.1163 3.34798 2.92376 2.9187 2.61981 1.63878
threshold=0.080547328232315238 0.011826144619637555 2.5000000000000004 12.500000000000002 82.750000000000014 6.5000000000000009 0.39629089145655322 76.250000000000014 66.187500000000014 2.6393822393822401 -0.73866753694953124 0.93769647993491489 -0.15268065268065265 1.9111969111969114 2.34183273785957 7.5000000000000009 0.37500000000000006 0.89806949806949798 0.92016825471890717 12.500000000000002 3.5000000000000004 0.75000000000000011 1.4651295713742774 0.71378621378621399 53.500000000000007 -0.27272727272727254 0.9722007722007725 5.2500000000000009 12.500000000000002 -0.57077231802681661 1.0000000180025095e-35 0.3206739206739207 1.4244980743690803 0.51490614648509403 7.5000000000000009 2.5000000000000004 18.500000000000004 70.812500000000014 7.5000000000000009 7.5000000000000009 0.022575936829235418 37.500000000000007 1.3135095209564973 1.8401544401544403 73.250000000000014 0.34285714285714275 0.37500000000000006
decision_type=2 2 2 2 2 2 2 2 2 2 2 2 2 2 2 2 2 2 2 2 2 2 2 2 2 2 2 2 2 2 2 2 2 2 2 2 2 2 2 2 2 2 2 2 2 2 2
left_child=1 17 3 4 7 36 -7 8 9 10 -2 46 13 15 -15 -12 33 19 20 21 41 22 -1 24 26 -26 -23 -25 -28 -30 40 -20 -21 -14 -35 -18 -6 39 -39 -32 -29 43 -43 -19 -5 -37 -10
right_child=2 -3 -4 44 5 6 -8 -9 11 -11 12 -13 16 14 -16 -17 35 18 31 32 -22 23 -24 27 25 -27 28 30 29 -31 37 -33 -34 34 -36 45 -38 38 -40 -41 -42 42 -44 -45 -46 -47 -48
leaf_value=0.0077208749021825855 -0.031099288528874405 -0.035977656642037607 0.029933816298268159 0.006815180534534864 0.03322041054938913 -0.016145930745657452 0.012718271911094535 0.019243942285207531 -0.042153426605788996 0.025682286401695533 0.036519930119288072 0.0020404732830022042 0.013536286765006454 -0.027229431020351136 0.017235518446273617 -0.0008730319912054218 -0.0027018968433143455 -0.026442177039193049 -0.0084272844906959406 -0.029635025630474848 0.0023714611820001676 -0.028309603461343171 -0.037741507660967621 -0.0064451521532050641 0.030039658616996642 -0.012682631540752205 0.017234245120642918 -0.0085691872205329415 0.0062067842376952245 -0.032884384056672114 -0.0074614723378592833 0.019983197649525344 0.0027425964632495897 0.0062518333054815307 -0.032703955389110147 -0.013715591386536011 0.0087664928548219275 0.017327874844550391 0.04396451886591507 0.025763893933341699 0.015193387246478557 -0.01581015920507017 -0.047115558479960504 0.00099358151897031453 0.032829483141885454 -0.045716478263569171 -0.019599677039745023
leaf_weight=15.057146545499565 18.278130022808909 19.986716826446354 21.615740768611431 20.045758521184325 40.592577816918492 32.93594173155725 42.227677136659622 30.780936501920223 19.002557748928666 25.982954973354936 27.337237603962421 23.830861473456025 33.39635493606329 19.411505505442619 22.149430174380541 22.061031352728605 20.679423433728516 16.394602673128247 23.368564363569021 21.287903722375631 33.031023790128529 33.079222429543734 14.683797392994164 29.365004420280457 37.669672027230263 23.570419333875179 26.735909350216389 24.626066654920578 27.138704050332308 18.405353873968124 16.658578678034246 27.660713052377105 17.663277640938759 15.299442529678347 12.662537029944358 13.348190886899831 24.509826067835093 34.576024681329727 27.836896788328886 16.617468130774796 29.793707605451345 18.56637054681778 17.669298203662038 21.825376443564892 24.092919673770666 13.886958214454351 18.916104139760137
leaf_count=59 99 108 81 86 143 143 152 110 86 109 119 93 125 82 88 94 155 102 91 101 159 156 113 123 133 98 116 110 116 83 95 99 75 75 114 60 91 113 123 69 127 79 89 114 91 132 83
internal_value=0 -0.00143331 0.00517652 0.00409487 0.00245052 0.0113772 2.43422e-05 -0.00128733 -0.00340688 0.000554476 -0.00253685 -0.0188505 0.000212055 0.00932957 -0.00368416 0.0201344 -0.00739318 -0.000168414 -0.00738584 0.00260109 -0.0142463 0.00448699 -0.0152225 0.00621977 -0.000598081 0.0136569 -0.00893429 0.0125168 0.000198215 -0.00995793 0.0162443 0.00706087 -0.0152515 0.00193529 -0.0119093 -0.0191344 0.0242859 0.0228195 0.0297141 0.00939827 0.00447974 -0.0215522 -0.0319307 -0.0111492 0.0214277 -0.0310738 -0.031695
internal_weight=0 593.268 543.044 521.428 477.29 140.266 75.1636 337.024 306.243 244.493 218.51 61.7495 200.232 90.9592 41.5609 49.3983 109.273 573.281 158.516 414.765 107.487 375.814 29.7409 346.073 166.599 61.2401 105.359 179.474 72.28 45.5441 150.109 51.0293 38.9512 61.3583 27.962 47.9146 65.1024 95.689 62.4129 33.276 54.4198 74.4556 36.2357 38.22 44.1387 27.2351 37.9187
internal_count=5062 2651 2411 2330 2153 529 295 1624 1514 1252 1143 262 1044 383 170 213 661 2543 733 1810 543 1634 172 1462 702 231 471 760 315 199 637 190 176 314 189 347 234 400 236 164 237 384 168 216 177 192 169
is_linear=0
shrinkage=0.05


Tree=97
num_leaves=47
num_cat=0
split_feature=8 7 8 38 26 49 65 8 57 59 59 2 59 9 11 26 9 45 33 23 11 39 2 55 11 45 22 26 22 9 7 54 25 22 57 49 18 65 54 40 58 3 11 46 65 37
split_gain=4.91791 10.5553 10.2523 6.08031 8.10994 5.66458 5.40132 4.803 6.73893 9.15086 6.19958 5.89944 7.17103 5.75954 5.3238 5.06773 5.83469 7.21606 7.11234 5.6196 11.5508 8.06592 7.18392 6.0178 5.94614 5.50534 6.0916 5.26193 4.84601 7.3485 4.79765 4.76008 4.55349 4.30656 4.12184 4.1097 3.97777 3.51947 3.47143 3.23294 3.19566 2.61685 2.42134 2.36097 1.34373 0.0881696
threshold=2.0932628230172465 1.2377622377622381 1.9330434782608699 1.0000000180025095e-35 0.0086671688009602749 18.500000000000004 5.7434764455486418 1.4360869565217393 73.187500000000014 -0.82413948779581736 -0.96687281075841669 78.250000000000014 -0.30982845708428081 0.6409266409266412 0.23004023004022986 0.018642882362733853 0.6256693835245658 23.500000000000004 1.0000000180025095e-35 0.37500000000000006 -1.1037449037449034 1.5000000000000002 77.250000000000014 6.5000000000000009 -1.2723168723168723 3.5000000000000004 1.3639833975385416 0.081268239955007843 2.0197709585164954 1.7276252761546884 -0.77622377622377592 38.500000000000007 0.5634920634920636 1.4080863944892761 65.312500000000014 1.0000000180025095e-35 5.5000000000000009 0.35387457207787903 52.500000000000007 -0.74999999999999989 1.0000000180025095e-35 32.500000000000007 -1.4933336933336931 15.500000000000002 0.35387457207787903 7.7500000000000009
decision_type=2 2 2 2 2 2 2 2 2 2 2 2 2 2 2 2 2 2 2 2 2 2 2 2 2 2 2 2 2 2 2 2 2 2 2 2 2 2 2 2 2 2 2 2 2 2
left_child=2 -2 6 -3 5 45 7 8 15 14 -9 13 -13 -11 42 16 17 30 19 22 31 23 24 -22 43 40 37 33 29 34 -1 -21 -32 44 -12 -20 -31 -27 -4 -37 -26 -36 -10 -18 -17 -5
right_child=1 3 38 4 -6 -7 -8 10 9 11 28 12 -14 -15 -16 27 18 -19 35 20 21 -23 -24 -25 25 26 -28 -29 -30 36 32 -33 -34 -35 41 39 -38 -39 -40 -41 -42 -43 -44 -45 -46 -47
leaf_value=0.0033051884193842601 0.016789894696254647 0.0035193457891400737 0.010329265272544028 -0.061906201144646733 -0.0024969558268067888 -0.017160786727997285 0.021030418710818972 0.020661423878492371 -0.014663446729310858 0.012631157693979307 0.014229597715520305 -0.0015384804429824008 0.035164789222571387 -0.021592785744332529 0.0005936511003772955 0.0032486459598753841 0.0049507631594697885 0.011436618072979184 0.00046695284589533861 -0.01242894428636318 0.01274848026973676 0.029819960170245199 0.027739326491941586 -0.019496105633490884 -0.0076431897793387028 -0.039032072594140266 0.0087559491190444903 -0.0060171511156344084 0.0097588878848907656 -0.010436684680595111 -0.034671317444615539 -0.046321639769971973 -0.0064246035588087537 0.038287001500955799 -0.02105725009198324 0.031934586547446964 -0.04428635352228337 -0.0096074144797070483 0.0409394770081144 0.0095719602061658682 0.018230568491189657 0.0013646551578969006 -0.040107358891313755 0.027897922412721807 0.020557183596868749 -0.038101004415080499
leaf_weight=23.793543204665184 29.296131044626236 25.172051042318344 18.340518642216921 14.180760950781407 24.909458812326193 18.828095340169966 30.678710795938969 15.749593734741209 16.219667993485928 17.829805690795183 17.730864133685827 32.995262937620282 21.214161407202482 35.125059794634581 18.243501391261816 22.851537331938744 21.745566848665476 34.22923019900918 27.988927882164717 24.545438662171364 24.676629960536957 21.346916671842337 32.273971984162927 32.306315891444683 18.78869977965951 20.528833376243711 19.293217314407229 22.366834565997124 21.464306215755641 14.020066937431691 34.259969901293516 18.35102590918541 24.87919956818223 24.14378447830677 34.734753170982003 41.216720692813396 25.593143610283732 20.89230914413929 19.758342145010829 28.075609616935253 29.706370797008276 20.283223303034902 28.227527493610978 23.338736284524202 21.896932806819677 7.8453924581408492
leaf_count=94 132 146 98 141 138 93 129 64 71 79 89 135 74 155 84 90 91 130 114 104 92 79 131 144 85 107 77 86 109 104 152 82 107 98 152 141 154 83 81 116 120 96 137 84 80 103
internal_value=0 -0.00891667 0.00174543 -0.0172909 -0.0251898 -0.0386357 0.000726246 3.67528e-05 0.00160693 -0.00717953 -0.00814257 0.00172568 0.0132016 -0.0100491 -0.0221903 0.00404731 0.0021344 -0.00764986 0.00497622 0.00123286 -0.00711381 0.0043411 0.0066653 -0.00555345 0.00210695 -0.0042139 -0.0141451 0.0148523 -0.0116605 -0.0158022 -0.0155699 -0.0276531 -0.0230927 0.021617 -0.00619533 0.016687 -0.0328581 -0.024767 0.026845 0.0231389 0.00825427 -0.0129143 -0.0313493 0.0171774 0.0119825 -0.0554501
internal_weight=0 120.232 1001.7 90.9358 65.7637 40.8542 963.606 932.927 783.351 169.855 149.576 107.164 54.2094 52.9549 62.6907 613.496 522.237 117.162 405.075 307.794 121.226 78.3299 186.568 56.9829 154.294 109.209 60.7144 91.2591 133.826 112.362 82.9327 42.8965 59.1392 68.8923 72.7488 97.2813 39.6132 41.4211 38.0989 69.2923 48.4951 55.018 44.4472 45.0843 44.7485 22.0262
internal_count=5051 753 4298 621 475 337 4119 3990 3222 735 768 443 209 234 292 2487 2133 483 1650 1279 501 315 778 236 647 472 267 354 704 595 353 186 259 268 337 371 258 190 179 257 205 248 208 175 170 244
is_linear=0
shrinkage=0.05


Tree=98
num_leaves=46
num_cat=0
split_feature=53 66 5 26 46 5 9 4 6 6 6 43 57 53 52 25 58 57 58 2 11 51 59 54 15 50 9 49 7 59 7 11 25 3 54 11 9 57 57 10 46 23 11 59 9
split_gain=5.26354 6.8612 7.73569 7.01958 9.45517 8.87345 7.24664 5.06311 6.7878 7.19562 5.96108 5.44933 7.19795 5.84672 8.56394 5.79648 5.79281 6.03844 5.23343 4.92282 4.75079 4.65837 7.16125 4.95048 4.29351 8.23794 4.51492 4.24299 4.05093 5.36266 5.99107 4.06963 3.88563 5.03267 10.0612 7.37938 5.86975 5.42936 5.2649 4.84284 4.59858 4.54158 3.08332 2.2088 2.12893
threshold=9.5000000000000018 1.0000000180025095e-35 1.0000000180025095e-35 0.014022844353249823 53.500000000000007 -1.0000000180025095e-35 1.3283783783783787 3.7500000000000004 -4.6285714285714272 -3.5142857142857133 -1.712915523707384e-16 5.0000000000000009 60.687500000000007 4.5000000000000009 7.5000000000000009 0.63068181818181823 0.94425825643485939 49.187500000000007 0.77788564761185042 76.250000000000014 1.0011439301761884 19.500000000000004 -0.30164489695395946 34.500000000000007 12.500000000000002 2.5000000000000004 0.93946968606367409 5.5000000000000009 -0.10489510489510494 0.96633974041180493 0.79860139860139878 -0.14013014013014008 0.22474747474747478 27.500000000000004 69.500000000000014 0.17982557982557976 1.2711315378728594 74.541675000000012 73.687500000000014 -0.48803088803088795 35.500000000000007 0.37500000000000006 -0.18164538164538122 -0.7614016681079937 1.5482625482625487
decision_type=2 2 2 2 2 2 2 2 2 2 2 2 2 2 2 2 2 2 2 2 2 2 2 2 2 2 2 2 2 2 2 2 2 2 2 2 2 2 2 2 2 2 2 2 2
left_child=7 2 -2 4 5 -3 27 8 -1 -10 -9 12 -11 14 21 19 17 44 20 -15 24 22 -14 -23 28 26 -26 -7 -19 30 -30 -32 -25 35 39 40 -37 38 41 -35 -34 43 -17 -36 -13
right_child=1 3 -4 -5 -6 6 -8 10 9 11 -12 16 13 15 -16 42 -18 18 -20 -21 -22 23 -24 32 25 -27 -28 -29 29 -31 31 -33 33 34 37 36 -38 -39 -40 -41 -42 -43 -44 -45 -46
leaf_value=-0.026955755038722308 -0.041525852147160966 0.02219745670106469 0.0027748880358133884 -0.022261477288915824 0.034367873341977655 -0.0057315430718320355 0.0080341524181878413 0.03157362090503394 0.028703066392640472 -0.032179231746480602 -0.0013101552249985585 -0.0028214660933399737 0.0028137485616359366 0.033900228957247695 -0.029529256567516423 -0.016762524809734503 0.030581449957839527 0.028511661276688555 -0.011962648811293008 0.0026711413021479197 -0.011110718288002842 0.024012169640825625 -0.037970228720494686 -0.020284023704076521 0.0032254415982605703 0.02369839611225949 -0.026299643481376724 -0.036116030097748109 -0.002267822229787692 -0.0076423214008921082 0.036172268519004562 0.010049867043386215 -0.0054401620935502206 0.0010675130161442354 0.010812229581283616 -0.015126421417588236 0.017544162990627134 0.029814417933470422 -0.015168880409722427 -0.029901373765763142 -0.038241692489826278 -0.0038953209269940083 0.010413245979063224 0.03410836220463076 -0.035891158829377816
leaf_weight=20.333942279219627 25.480727199465036 25.380226366221905 15.504947409965096 33.291509928181767 19.453377917408943 20.395798645913601 29.148475904017687 29.0171156860888 22.80467477440834 18.668425510637462 25.338600151240826 8.4917303174734133 21.626831639558077 29.558231672272086 29.311958549544215 21.510246517136693 20.862864006310701 40.663836620748043 35.911569231189787 21.809628043323755 27.818512681871653 19.55191339738667 20.177924232557416 23.860016547143459 26.552900113165379 24.609176080673933 23.917252664454281 26.681041203439236 29.403615869581699 30.641902804374695 34.684541441500187 27.388185948133469 19.572666749358177 27.16624298132956 21.325717385858297 23.029871646314859 31.198670729994774 34.297986023128033 20.546582657843828 22.474877342581749 23.588403776288033 24.348958754912019 18.54366010427475 21.163650024682283 11.009277299977837
leaf_count=81 145 91 81 151 68 79 132 137 81 153 126 41 91 125 148 100 81 159 143 94 120 72 116 133 93 104 146 125 126 138 127 109 86 118 85 96 123 128 93 121 101 109 75 80 145
internal_value=0 -0.00717568 -0.0250999 -0.00228522 0.00334568 -0.00287089 -0.0113971 0.00183068 0.000905376 0.0015962 0.0164977 0.000822704 -0.00253816 -0.00130719 -0.00402044 0.00998729 0.00566463 0.00395574 0.00572363 0.0209453 0.00815016 -0.0018306 -0.0172986 0.000289753 0.0104399 0.000531706 -0.0110053 -0.0233451 0.0149786 0.0102773 0.0162976 0.0249884 -0.00137194 0.000376304 0.00552623 -0.00864734 0.0036469 0.0132387 0.00646917 -0.0132671 -0.0238269 0.0132464 -0.00423384 0.0229333 -0.022331
internal_weight=0 195.336 40.9857 154.35 121.059 101.606 76.2253 932.782 878.426 858.093 54.3557 835.288 493.332 474.664 383.242 91.4218 341.955 321.093 301.591 51.3679 265.68 353.93 41.8048 312.126 237.861 75.0793 50.4702 47.0768 162.782 122.118 91.4763 62.0727 292.574 268.714 171.324 97.3896 54.2285 121.683 87.3849 49.6411 43.1611 66.8383 40.0539 42.4894 19.501
internal_count=5076 872 226 646 495 427 336 4204 3941 3860 263 3779 2247 2094 1700 394 1532 1451 1265 219 1122 1552 207 1345 1002 343 239 204 659 500 362 236 1273 1140 734 406 219 495 367 239 187 274 175 165 186
is_linear=0
shrinkage=0.05


Tree=99
num_leaves=47
num_cat=0
split_feature=40 65 65 65 8 7 22 58 58 8 22 38 9 58 4 26 22 22 7 53 26 7 8 26 59 6 7 3 8 12 65 58 40 21 18 57 58 41 62 57 7 50 53 50 57 41
split_gain=7.70751 4.36696 5.48443 3.54533 5.14899 11.1268 8.38297 9.6625 8.34923 7.04078 14.2003 6.92363 6.92066 6.65806 5.80245 5.46083 5.05593 4.79188 7.36854 4.62213 4.47058 4.07367 6.3673 3.88174 3.84298 3.46122 5.65304 8.5741 17.3663 6.0942 5.07053 4.90557 5.69279 6.61881 7.77344 5.79873 5.19399 5.16874 4.95196 4.21543 3.42637 4.9051 3.68919 2.81623 2.33161 1.79342
threshold=-4.2499999999999991 5.7434764455486418 3.7464085181447566 -0.37717181534043548 1.682608695652174 0.92517482517482541 0.96699979974086592 -0.108376950152639 -0.30163705152652742 0.99391304347826104 1.5314345969429468 1.0000000180025095e-35 1.7191432539258631 0.30983042691905771 0.62500000000000011 0.0048264121440916618 0.82323192324752359 1.1404119466927822 0.34965034965034975 3.5000000000000004 0.0067646412255332553 3.0839160839160846 1.7660869565217394 0.0035111110977353436 0.63089349388778826 -1.712915523707384e-16 -0.52447552447552415 42.500000000000007 1.2234782608695653 0.18750000000000003 0.39197753542362973 -0.97113884758256674 0.75000000000000011 0.52243118397129218 7.5000000000000009 69.187500000000014 -0.48314718476766422 0.54772727272727284 1.5000000000000002 69.812500000000014 0.92517482517482541 1.5000000000000002 1.5000000000000002 1.5000000000000002 68.67410000000001 -0.08514492753623186
decision_type=2 2 2 2 2 2 2 2 2 2 2 2 2 2 2 2 2 2 2 2 2 2 2 2 2 2 2 2 2 2 2 2 2 2 2 2 2 2 2 2 2 2 2 2 2 2
left_child=-1 2 3 4 6 -6 13 8 14 17 15 -7 -13 16 23 -11 -2 -9 -19 -12 -16 25 -23 -8 44 26 29 28 -28 39 -29 -27 33 38 35 -35 -34 -38 40 -5 42 -42 -33 -36 -14 -25
right_child=1 -3 -4 21 5 11 7 9 -10 10 19 12 24 -15 20 -17 -18 18 -20 -21 -22 22 -24 45 -26 31 27 30 -30 -31 -32 32 36 34 43 -37 37 -39 -40 -41 41 -43 -44 -45 -46 -47
leaf_value=0.021818576787893139 0.0010258365284753939 0.017478928716888397 -0.021876495078363534 0.014218332758040873 0.034781946096136628 0.018887132474395094 -0.041221181491622155 -0.030810611320494931 -0.050634762531434924 0.035613259805124246 0.0008040885962957953 0.017573936101911963 -0.055852575530619425 -0.010772029881706511 0.0051983314874788676 0.0037082127513680683 0.031596977277094603 -0.024050168351694816 0.016379148497008705 -0.038153338509256951 -0.022780348272975003 0.004429537260559605 -0.036729949216992935 -0.00089903839398369594 -0.0041261948490676163 -0.014393830826841758 0.03101776574750488 -0.038766407128467538 -0.023095201418874573 0.028007111047151423 -0.0053383579170929139 0.013648657012063178 0.016980975813326016 0.0020028805520521174 0.0011378868480884938 -0.034898170318465198 -0.034380911066155088 0.0023051284017812463 0.00067316889867633553 -0.015514187360355591 -0.0054801355177503197 0.027500530923753652 0.039120284109590696 0.019998517555796222 -0.020984107146679802 -0.0247383801984415
leaf_weight=38.251296583563089 24.742684848606586 30.939650047570467 30.383080868050456 20.411342836916447 24.53795213624835 22.159996006637812 24.451116845011711 24.807822164148092 18.52313445135951 32.029942627996206 14.296508843079211 12.001068053767083 9.4104542369022983 31.640182200819254 41.236713200807571 23.010682329535484 29.014101887121797 21.079264633357525 22.051062738522887 15.190426622517405 20.622326083481312 20.871975984424353 15.813599493354557 14.291001453995706 14.047930094413458 25.892167275771499 27.751407369971275 27.715963803231716 29.628300420939922 24.467017851769924 19.352043032646179 23.419389344751835 15.054938759654759 22.947400333359838 36.429580722004175 18.69676836207509 19.165116814896464 18.101984476670623 31.383508829399943 25.928344860672951 20.903640042990446 22.782290149480104 42.328889101743698 42.672348633408546 12.671332018449901 16.828750493004918
leaf_count=156 101 137 143 89 102 140 151 116 100 128 67 56 110 131 158 88 115 92 95 97 86 90 99 65 145 123 95 135 123 79 77 87 66 95 144 82 133 67 147 107 94 96 142 151 79 100
internal_value=0 -0.000735916 -0.00128837 -0.000654502 -0.00384815 0.00650894 -0.00648587 -0.0105528 -0.0201929 -0.00188111 0.00771589 -0.00371038 -0.0142872 0.00721277 -0.0150041 0.022579 0.0178017 -0.0137603 -0.00347727 -0.0198583 -0.00434311 0.00206032 -0.0138164 -0.0265848 -0.0250587 0.0032158 -0.00248223 -0.00983827 0.00315928 0.00835465 -0.0254194 0.00615345 0.00788871 0.0108952 0.00227158 -0.0149943 -0.00706338 -0.0169666 0.0182214 -0.00239414 0.0232022 0.0119499 0.0303878 0.0114351 -0.0376198 -0.0141596
internal_weight=0 1081.69 1050.75 1020.36 468.644 94.8287 373.816 288.419 135.953 152.466 84.5276 70.2908 48.1308 85.397 117.43 55.0406 53.7568 67.9381 43.1303 29.4869 61.859 551.718 36.6856 55.5709 36.1297 515.032 175.254 104.448 57.3797 70.8067 47.068 339.778 313.886 261.564 120.746 41.6442 52.322 37.2671 140.818 46.3397 109.434 43.6859 65.7483 79.1019 22.0818 31.1198
internal_count=5079 4923 4786 4643 2322 632 1690 1343 660 683 380 530 390 347 560 216 216 303 187 164 244 2321 189 316 334 2132 705 430 218 275 212 1427 1304 1038 472 177 266 200 566 196 419 190 229 295 189 165
is_linear=0
shrinkage=0.05


Tree=100
num_leaves=51
num_cat=0
split_feature=45 45 3 5 25 22 46 9 20 42 36 51 39 46 58 50 42 6 42 0 59 12 62 58 39 25 11 5 24 42 55 41 9 36 1 35 46 49 36 42 21 6 51 9 3 21 37 51 11 5
split_gain=3.65133 9.72181 6.62626 6.18004 7.76896 7.39045 6.14678 6.11261 5.88381 5.68862 5.40895 10.3483 8.09496 5.90567 5.58482 5.23196 5.10422 4.98734 4.76466 5.64909 10.9019 7.46596 6.84135 6.48657 5.39243 6.69613 5.71674 5.78508 5.91422 5.90388 5.11686 4.61223 4.49582 7.46851 4.33621 4.03466 3.98445 3.85831 3.85622 3.82112 3.75753 3.29319 3.29075 3.20193 3.13757 4.73439 4.95255 2.59666 2.33061 1.90588
threshold=25.500000000000004 30.500000000000004 62.500000000000007 -1.0000000180025095e-35 0.80909090909090919 0.70244946413343545 66.500000000000014 0.6256693835245658 2.7500000000000004 1.5894736842105266 81.250000000000014 70.500000000000014 1.5000000000000002 49.500000000000007 -0.065535378769913874 2.5000000000000004 1.7573529411764708 0.34285714285714275 0.62019230769230782 82.750000000000014 0.39629089145655322 0.22916666666666671 1.5000000000000002 -0.72696319516528884 1.0000000180025095e-35 0.52272727272727282 0.25286065286065235 1.0000000180025095e-35 0.37500000000000006 1.7573529411764708 6.5000000000000009 -0.093073593073593058 1.0906282906282909 80.750000000000014 84.500000000000014 86.750000000000014 6.5000000000000009 1.0000000180025095e-35 81.250000000000014 2.228758169934641 0.60952412990125227 -1.1999999999999993 7.5000000000000009 1.1220077220077223 52.500000000000007 0.60952412990125227 7.2500000000000009 68.500000000000014 -0.27307827307827304 -1.0000000180025095e-35
decision_type=2 2 2 2 2 2 2 2 2 2 2 2 2 2 2 2 2 2 2 2 2 2 2 2 2 2 2 2 2 2 2 2 2 2 2 2 2 2 2 2 2 2 2 2 2 2 2 2 2 2
left_child=7 2 38 4 9 -5 10 15 34 -3 12 -12 13 14 -7 36 -15 -17 -9 23 21 22 32 -20 25 -25 27 28 30 -29 -26 -28 33 -21 -8 -23 -1 -27 -2 49 -38 -11 -22 -32 45 46 -34 -14 -24 -30
right_child=1 3 -4 5 -6 6 8 18 -10 41 11 -13 47 16 -16 17 -18 -19 19 20 42 35 48 24 26 37 31 29 39 -31 43 -33 44 -35 -36 -37 40 -39 -40 -41 -42 -43 -44 -45 -46 -47 -48 -49 -50 -51
leaf_value=-0.030636847924871903 -0.017718081865116871 0.023244657669854507 0.00081331746990360467 0.02033223822296441 0.034588310419717633 -0.011396337679276022 -0.01534487515339546 -0.018154679939913692 0.025841626379126251 0.005380055645003756 -0.024490305963200412 0.016505300461054914 -0.021180192983365626 -0.03471984384735663 0.024560066477675415 -0.01076287232168442 -0.0042500267554991047 0.023787435392450856 -0.023507255492352906 -0.022292105773927262 0.044976078901383304 0.0003504690681816628 -0.025256379856427032 -0.026317526294944372 0.039283817969788484 -0.012783126945320189 0.0058509392851566477 -0.037397714910602418 -0.0044190571469411247 0.0012477603120681128 0.024831812404922961 0.037512256766584484 -0.009668279579175312 0.01700472498026399 0.012419245145254058 -0.044573606122177575 0.004828308590526768 0.017560406699462499 -0.052140337431261501 -0.020000038789289718 -0.021984261194742727 -0.019769713865452128 0.017856681079225643 -0.0067414872498369974 0.035251624904104294 0.026582587202090575 0.022428367394129199 -0.05046066876322032 0.0022734836466075854 0.02091020241793266
leaf_weight=24.874267980456352 18.340005343779922 22.212302930653095 20.293727017939091 29.024115435779095 25.053036414086819 22.310184255242348 31.119710333645344 19.524653103202581 24.291745649650693 26.815880171954632 23.459836602210999 40.536776147782803 17.21781237795949 26.508125700056553 19.198477145284414 19.013121951371431 28.107542902231216 21.050653003156185 22.772948601283133 19.51065131649375 25.743833050131798 9.8246209677308816 15.030767863616349 28.311926450580359 21.510989833623171 17.164064585231245 21.548751644790173 14.093102339655159 14.156933238729835 28.450266639702022 13.605947699397804 24.785330835729837 28.154914185404778 28.456717593595386 24.058259509503841 9.1405725777149183 30.529748994857073 23.89327746629715 16.323600500822067 18.866177760064602 21.480478201061487 23.702171258628368 22.90385989844799 17.113636151887476 23.439055427908897 42.303136287257075 19.484265990555286 17.225733924657106 14.480257682502268 13.981087851338089
leaf_count=105 93 82 92 105 89 93 140 75 91 100 119 157 81 124 69 84 115 85 117 86 90 71 86 156 86 95 86 97 67 147 53 133 127 115 90 106 126 96 85 109 98 88 84 113 79 147 77 81 86 99
internal_value=0 -0.00243346 -0.0219562 0.000291174 0.0111556 -0.00323945 -0.00580088 0.00335329 0.00586446 0.00272423 -0.0105712 0.00133158 -0.016371 -0.00873479 0.00542066 -0.00699932 -0.0193972 0.00752804 0.0055307 0.00642116 0.0117378 0.00671629 0.00971631 0.00149344 0.00378701 -0.00805003 0.00817159 0.00312478 0.0097157 -0.012119 0.0211325 0.0232221 0.0137596 0.000891977 -0.0032338 -0.0224495 -0.0145688 0.00487293 -0.0349355 -0.00314652 -0.00645123 -0.00657447 0.0328248 0.00758457 0.019148 0.0146099 0.00365037 -0.0368343 -0.0121164 0.00845213
internal_weight=0 455.799 54.9573 400.842 97.7834 303.058 274.034 675.2 79.4697 72.7304 194.564 63.9966 130.568 96.1243 41.5087 116.948 54.6157 40.0638 558.252 538.727 258.473 209.825 190.86 280.254 257.481 69.3693 188.112 141.778 99.2348 42.5434 52.2306 46.3341 161.349 47.9674 55.178 18.9652 76.8845 41.0573 34.6636 47.0042 52.0102 50.5181 48.6477 30.7196 113.381 89.9423 47.6392 34.4435 29.511 28.138
internal_count=5075 1894 270 1624 359 1265 1160 3181 321 270 839 276 563 401 162 498 239 169 2683 2608 1154 980 803 1454 1337 347 990 771 527 244 252 219 631 201 230 177 329 191 178 275 224 188 174 166 430 351 204 162 172 166
is_linear=0
shrinkage=0.05


Tree=101
num_leaves=50
num_cat=0
split_feature=44 0 4 9 65 46 46 58 57 58 51 0 46 8 10 36 11 11 37 51 51 51 59 22 22 9 37 41 58 58 57 62 41 9 22 2 3 20 19 12 57 37 54 10 1 22 8 58 0
split_gain=6.24088 8.97641 7.16098 6.72743 5.3622 5.50371 6.78258 4.87246 6.43836 10.4005 7.23663 6.92616 8.78671 6.26099 4.9032 4.58196 6.05758 5.96048 5.39329 6.38611 4.51888 7.5388 7.01058 5.28858 10.0431 7.49215 5.09294 6.99518 6.65871 7.2528 5.6892 5.10366 6.338 9.98677 5.76066 5.94861 4.76956 4.41044 4.80313 4.2838 5.79786 4.16513 3.91992 3.70268 3.12284 2.91046 2.54726 2.50818 2.16342
threshold=5.0000000000000009 78.750000000000014 2.7500000000000004 -0.051737451737451777 4.7858236542536021 76.500000000000014 66.500000000000014 0.98049069993378934 60.812500000000007 -0.14250824554987665 9.5000000000000018 71.625000000000014 8.5000000000000018 1.0460869565217394 -1.3552123552123552 74.250000000000014 -1.2293112293112294 -0.55776115776115776 5.7500000000000009 11.500000000000002 13.500000000000002 24.500000000000004 -0.039769286347669845 0.93932253824398948 1.1004978106279562 0.94671814671814702 5.7500000000000009 -0.057189542483660122 -0.76141707087277943 -0.099819732675876835 73.562500000000014 1.5000000000000002 -0.32575757575757569 1.43938223938224 1.2844018490780793 75.500000000000014 82.500000000000014 2.0416666666666647 1.7500000000000002 0.10416666666666667 55.562500000000007 6.7500000000000009 40.500000000000007 -1.0092664092664092 70.250000000000014 1.3809491840114985 0.51391304347826094 -0.62588817255938378 86.750000000000014
decision_type=2 2 2 2 2 2 2 2 2 2 2 2 2 2 2 2 2 2 2 2 2 2 2 2 2 2 2 2 2 2 2 2 2 2 2 2 2 2 2 2 2 2 2 2 2 2 2 2 2
left_child=1 3 7 -1 5 6 20 8 11 10 14 12 44 47 -10 16 -11 -17 -18 -20 22 43 45 46 25 -25 28 31 -26 -30 36 34 -33 -34 -28 -36 48 -37 -39 41 -41 -13 -5 -22 -2 -3 -23 -12 -29
right_child=2 4 -4 42 -6 -7 -8 -9 9 15 13 39 -14 -15 -16 17 18 -19 19 -21 21 23 -24 24 26 -27 27 30 29 -31 -32 32 33 -35 35 37 -38 38 -40 40 -42 -43 -44 -45 -46 -47 -48 -49 -50
leaf_value=0.000542175678488736 -0.055877115981561212 0.0081463580260105507 0.029952206200221095 -0.01976597974084765 0.022595494045941213 -0.024957878513350309 0.019019080227292571 0.027111669819160241 0.038327801516874094 -0.041671918967724694 -0.0047322292357191605 0.039141430211326295 0.019257888498871591 -0.024647794344981374 0.0091270075098108944 0.016667873899296925 -0.032682045488528731 -0.016477876187306693 -0.017756927939991216 0.017654799755966327 0.035453830373796576 0.0014873257645563681 -0.031950260004003854 -0.010038328222631534 0.0054912095218375831 -0.051115863542416165 -0.0058642998235244386 -0.031268690602096659 -0.045850931229690278 -0.0071371876958253484 -0.039556141848839044 0.013290523788797535 0.0072784538625405588 -0.046959845318707345 0.037201489757594755 0.023597366423536451 0.018063670773606332 0.018287611837838648 -0.011786233612328225 0.027894544966238347 -0.0067548098708754504 0.012743959671089034 -0.062402985648121613 0.0059560642833085074 -0.0080650734450997096 -0.016230186155510681 0.02652954309151322 0.018340923775547382 -0.0010677038519624552
leaf_weight=15.32319402694702 8.0610119048506039 30.08818730711937 26.67736342176795 12.246201353147628 22.518525891005993 23.491749580949545 39.36701725050807 20.125430718064308 22.955560699105263 20.204064447432756 21.837340548634529 28.33910746127367 11.802960323169826 21.612388879060745 38.15515011548996 26.605191726237535 19.066926442086697 25.664909671992064 27.386746262200177 22.094907313585281 18.786441162228584 19.384058812633157 29.718054765835404 30.765628676861525 32.994361948221922 16.963631248101592 36.782984510064125 11.879240008071067 19.891976036131382 29.817519940435886 14.333444261923431 23.11395014077425 16.287219073623419 16.208683956414461 26.281321935355663 35.54581031948328 14.81736748665571 22.006160706281662 30.398731678724289 17.733124872669578 33.163744183257222 33.455175835639238 11.052708365023134 24.083581939339638 6.1039660274982444 19.21205073595047 20.62194960936904 23.759382471442223 11.125062050297855
leaf_count=71 155 129 150 86 91 97 137 80 81 88 85 105 74 97 144 97 82 109 122 81 72 88 158 138 135 100 143 90 107 125 84 83 64 107 90 132 52 78 120 85 150 139 84 110 39 109 79 85 83
internal_value=0 -0.00227598 0.00529428 -0.0253671 -0.000837206 -0.001732 -0.000767331 0.00369158 0.00247288 -0.00203742 0.00822941 0.0111859 -0.0117562 -0.00309793 0.0205364 -0.0113716 -0.0182253 0.000389314 -0.0108148 -0.00190813 -0.00221261 -0.000349534 -0.0132 -0.0023622 -0.0041521 -0.0253872 -0.0011186 0.0023408 -0.0118417 -0.0232277 -0.0138552 0.00647595 -0.00639122 -0.0203694 0.011225 0.016731 -0.00334718 0.0102646 0.000948508 0.0165295 0.00562235 0.0252805 -0.0417282 0.019396 -0.0371644 -0.00148687 0.014728 0.00742624 -0.0173162
internal_weight=0 675.107 454.804 38.6221 636.485 613.966 590.474 428.127 408.002 269.343 128.32 138.659 25.9679 67.2091 61.1107 141.023 88.7526 52.2701 68.5486 49.4817 551.107 472.089 79.0183 429.219 389.213 47.7293 341.484 258.78 82.7039 49.7095 52.1551 206.625 55.6099 32.4959 151.015 114.232 37.8217 87.9507 52.4049 112.691 50.8969 61.7943 23.2989 42.87 14.165 49.3002 40.006 45.5967 23.0043
internal_count=5090 3042 2048 241 2801 2710 2613 1898 1818 1071 492 747 268 267 225 579 373 206 285 203 2476 2080 396 1898 1731 238 1493 1126 367 232 309 817 254 171 563 420 225 330 198 479 235 244 170 182 194 238 167 170 173
is_linear=0
shrinkage=0.05


Tree=102
num_leaves=48
num_cat=0
split_feature=25 8 10 10 60 58 8 49 59 37 11 35 26 37 7 49 55 8 38 45 8 22 36 35 35 49 59 11 39 11 45 58 11 26 11 22 50 7 28 42 10 49 10 55 49 58 59
split_gain=3.8998 7.10605 6.17282 8.24911 7.39387 5.30524 5.80939 8.42038 8.17471 9.4127 5.83511 9.75219 5.91443 6.82861 6.39962 6.53635 5.12332 5.9915 5.37516 5.02473 4.95073 4.94516 4.63872 4.35524 4.24424 6.1041 3.65213 3.65114 7.60968 5.62073 4.68735 8.8419 4.44784 4.43468 3.97027 3.1646 3.10772 3.07612 4.31691 4.15039 2.97622 4.55969 2.50853 2.46029 2.11754 2.43466 0.664502
threshold=0.41428571428571431 -0.17739130434782599 1.4525096525096526 1.0231660231660227 8.5000000000000018 0.98802474685579866 0.37304347826086975 65.500000000000014 0.50370931781787065 6.2500000000000009 -1.0445284445284446 88.750000000000014 0.0010635416940573052 5.2500000000000009 -0.16783216783216767 13.500000000000002 6.5000000000000009 1.8848150292363808 1.0000000180025095e-35 27.500000000000004 2.1208695652173915 1.8417314154198832 80.750000000000014 77.250000000000014 81.250000000000014 13.500000000000002 -0.91595872546125101 -1.0623916623916625 1.0000000180025095e-35 -0.1547641547641547 34.500000000000007 0.83376496542330847 -0.23778923778923813 0.00830890522955797 -1.6927720927720928 1.3639833975385416 3.5000000000000004 2.1909090909090918 7.5000000000000009 2.1380952380952385 -1.4355212355212357 20.500000000000004 -0.53513513513513511 5.5000000000000009 47.500000000000007 0.69056404122701587 -0.40613878790836594
decision_type=2 2 2 2 2 2 2 2 2 2 2 2 2 2 2 2 2 2 2 2 2 2 2 2 2 2 2 2 2 2 2 2 2 2 2 2 2 2 2 2 2 2 2 2 2 2 2
left_child=1 43 3 27 -4 6 7 8 44 -10 11 12 -8 -14 15 -15 20 22 -19 -16 37 -20 23 -18 -25 -26 -24 33 29 -29 31 32 -30 34 -3 -28 -7 38 39 40 -12 -42 -9 -1 45 -2 -32
right_child=5 2 4 -5 -6 36 10 42 9 -11 16 -13 13 14 19 -17 17 18 21 -21 -22 -23 26 24 25 -27 35 28 30 -31 46 -33 -34 -35 -36 -37 -38 -39 -40 -41 41 -43 -44 -45 -46 -47 -48
leaf_value=0.0019643767273005291 -0.003529728108642537 -0.00539121329721095 -0.044107733687868529 0.029995305887131948 0.00028162694542431511 -0.0017766019009380675 0.018182326426988426 0.026917071598595639 0.019663633941420372 -0.022017328461659286 0.0156334292605553 0.027851268922998631 0.013512271463953774 0.010893436420415849 -0.043392401335029779 -0.022782108045701504 -0.015997459679108792 0.042045054608229632 0.026572880824908596 -0.009007965257331647 -0.0036334437881598183 -0.011477751208359751 -0.025760769323688398 0.022993695770799797 -0.012504364215494213 0.017676645383245943 0.01188197480371854 -0.052148072624147668 -0.0076748192093576669 -0.009076851400224668 0.0019018888952294821 0.023004997299045996 -0.039353642885373949 -0.017164068291406456 0.021732288994788032 -0.01608665055685805 -0.031365606535681358 0.0046424022586811177 0.0065050046925654529 0.008039383294425894 0.019370005836078504 0.048962138030190894 0.001995573749834798 0.024839760636058215 -0.034844299550448286 -0.026895300946396101 0.015288399974588751
leaf_weight=22.9089674949646 21.834726098924875 23.747207631357014 21.575093127787113 15.585611036047338 16.029617883265018 18.540460890159011 19.092104292474687 20.094974130392075 33.021358624100685 21.520099453628063 24.654634390026331 22.205239117145538 22.29223570972681 29.572438664734364 27.533585130237043 26.335895910859108 19.427729647606611 15.749724116176365 15.389276405796407 17.945497374981642 33.139957544393837 16.964992943219841 25.379126161336899 35.477305827662349 34.736229268833995 30.548708999529481 20.095051446929574 16.477329323999587 22.549505007453259 14.259005604311822 17.835533918812871 12.072684863582252 21.994488181546334 20.454784290865064 29.279311162419617 18.440243288874626 16.248586174100637 39.526216827332973 41.462275069206953 26.543537750840187 23.924758037552238 34.127866635099053 19.700049348175526 23.549602426588535 23.443902511149645 22.545083086937666 19.061630066484213
leaf_count=96 94 105 141 86 79 85 79 81 136 96 99 85 88 115 155 106 102 72 65 71 153 119 116 131 158 121 90 112 149 81 81 70 150 99 149 78 93 158 148 97 99 109 79 86 106 98 79
internal_value=0 -0.0039299 -0.00726169 -0.00391213 -0.0256689 0.00274769 0.00360427 -0.00480086 -0.0112871 0.00311751 0.00580481 -0.00224238 -0.007084 -0.0110988 -0.0165893 -0.00509118 0.00871738 0.00349346 0.0190118 -0.0303104 0.014108 0.00687506 -0.000642077 0.00513881 0.00933121 0.00167182 -0.0114246 -0.00672227 -0.0119145 -0.0330824 -0.00468063 -0.0136231 -0.0238375 0.00209945 0.00971044 -0.00157018 -0.0160867 0.0172014 0.0204429 0.0256255 0.031106 0.0373011 0.0149313 0.0138389 -0.0227477 -0.0157306 0.00903849
internal_weight=0 297.38 250.922 213.317 37.6047 817.514 782.725 162.16 122.365 54.5415 620.565 164.977 142.772 123.68 101.387 55.9083 455.588 232.208 48.104 45.4791 223.379 32.3543 184.104 120.19 100.762 65.2849 63.9144 197.731 124.25 30.7363 93.5138 56.6167 44.544 73.4813 53.0265 38.5353 34.789 190.239 150.713 109.251 82.7073 58.0526 39.795 46.4586 67.8237 44.3798 36.8972
internal_count=5045 1563 1381 1161 220 3482 3304 690 530 232 2614 699 614 535 447 221 1915 1052 256 226 863 184 796 512 410 279 284 1075 722 193 529 369 299 353 254 168 178 710 552 404 307 208 160 182 298 192 160
is_linear=0
shrinkage=0.05


Tree=103
num_leaves=48
num_cat=0
split_feature=20 25 57 5 59 41 57 25 12 36 37 58 58 45 8 58 45 65 6 26 20 7 8 45 26 2 58 19 10 45 51 26 8 7 59 11 6 26 19 2 50 3 26 26 45 46 41
split_gain=4.46138 4.51333 7.35124 4.03043 4.92848 4.40155 4.35329 8.69524 7.66821 5.96008 5.72668 5.89087 5.35116 6.70971 4.7796 10.5257 4.64737 12.5917 6.08002 5.26758 5.82621 4.59319 4.75907 4.69981 8.02565 7.37237 6.58476 5.02011 7.86598 5.86286 8.44771 4.57415 4.31011 4.28807 7.17547 4.15738 4.08266 3.99953 3.86601 3.83586 3.70755 3.48851 3.40511 2.81867 2.66506 2.59247 1.74691
threshold=1.0000000180025095e-35 0.095454545454545472 69.437500000000014 9.0000000000000018 -0.71502926860092908 -0.25543478260869562 64.031250000000014 0.68333333333333346 0.14583333333333334 74.750000000000014 9.2500000000000018 -0.55657520495441892 -0.40614700388750385 12.500000000000002 1.1378656126482216 0.3261394409934788 33.500000000000007 0.39197753542362973 2.2285714285714291 0.0035622780486493639 2.7500000000000004 2.7902097902097909 -1.0704968944099373 3.5000000000000004 0.0027840687432916758 74.500000000000014 0.12545942051955489 2.7500000000000004 0.89806949806949798 27.500000000000004 60.500000000000007 0.0047140683082954153 0.5240274599542335 1.767129243813182 0.33222858587828868 -0.49686529686529707 0.34285714285714292 0.0052296541475537325 1.2500000000000002 63.500000000000007 1.0000000180025095e-35 27.500000000000004 0.0053373536176074847 0.0027210377714066555 50.500000000000007 18.500000000000004 -0.12132352941176469
decision_type=2 2 2 2 2 2 2 2 2 2 2 2 2 2 2 2 2 2 2 2 2 2 2 2 2 2 2 2 2 2 2 2 2 2 2 2 2 2 2 2 2 2 2 2 2 2 2
left_child=-1 2 -2 6 -5 -6 7 9 46 10 11 -3 13 33 31 -16 17 35 19 -18 32 22 -14 24 -24 26 -25 28 29 30 -27 -13 -21 34 -8 -15 -31 41 -26 -12 -37 -28 -7 -17 -20 -43 -9
right_child=1 3 -4 4 5 42 12 8 -10 -11 39 14 21 16 15 43 18 -19 44 20 -22 -23 23 25 38 27 37 -29 -30 36 -32 -33 -34 -35 -36 40 -38 -39 -40 -41 -42 45 -44 -45 -46 -47 -48
leaf_value=-0.024784405025728019 0.038956028632391032 -0.035408570555609586 -0.0043631196810125289 0.028001368725371761 0.020686520649524066 -0.023810685034087842 -0.014827965267001343 0.033784392344854426 -0.0088229628587122733 0.022403111022493677 0.035709634658612717 0.015018967176775819 0.01686971741229145 -0.034929079365946282 0.0064566801428660135 -0.055616251675507759 -0.010726330055392041 0.025474654116985365 -0.0012793606300997419 0.016396543158365803 0.02672932102180366 -0.026729275507814555 -0.019970907944122741 -0.043185258644444141 0.029656573541338008 0.0082238155597230255 -0.004567058544911678 -0.02388438835218477 -0.02372033998954981 0.0036340808562541553 -0.033223752103423813 -0.010494673725778945 -0.014543630462126773 0.032437836540108782 0.01970801424174267 0.0041969310341047235 0.02943292492275202 -0.00031834032490071909 0.0016785205557765235 -0.0033178516162202182 -0.024845081533496668 -0.014955345938852137 0.0056782506073087616 -0.019259893742953327 -0.026659170044675187 -0.041966195259552017 0.01417168769633801
leaf_weight=17.982964402064681 17.732818689197302 18.011927410028875 20.146229850128293 24.417872868478298 18.6522571220994 17.606789957731962 23.653485424816608 36.100942187011242 19.348592645488679 20.66545648034662 11.749376529827716 36.620378371328115 20.310081176459789 30.707739997655153 23.490681000053883 12.684033382683994 27.682127336040139 17.093534089624882 20.28159693069756 21.434758245944977 43.414055682718754 28.331817178986967 22.88920889236033 23.385280083864927 23.142366796731949 34.624299932271242 20.505076039582491 24.588032703846693 26.681278301402926 31.440809864550829 17.823143811896443 32.009656665846705 21.592935217544436 20.609418148174882 37.79162878356874 21.152084803208709 29.547855976969004 35.162956533953547 25.533255957067013 12.131363885477183 21.329114696010947 17.790531581267715 20.011633072048426 11.344027979299424 20.336600620299578 20.85964984446764 19.612926118075848
leaf_count=88 79 108 103 85 70 89 125 141 86 90 102 141 86 150 158 130 116 65 87 88 150 142 111 109 90 158 92 111 134 120 91 132 95 88 144 88 102 144 105 69 108 88 80 87 96 97 94
internal_value=0 -0.000336658 0.0163968 -0.000947129 0.00972647 0.00144587 -0.00183184 0.00379887 0.0179592 -0.00221572 -0.0055555 -0.00958313 -0.00379258 0.00095783 -0.00531015 -0.0173267 -0.00319344 -0.0121425 0.00207221 0.00798073 0.0140256 -0.00764455 -0.00613253 -0.00749615 0.00390585 -0.0103891 -0.0198916 -0.0035193 0.000198332 0.00598236 -0.00621934 0.00313936 0.00089192 0.0132432 0.00638873 -0.021153 0.0164063 -0.0137236 0.0153097 0.0165472 -0.0106206 -0.0215542 -0.00838282 -0.0399072 -0.0143217 -0.030224 0.0272518
internal_weight=0 1102.03 37.879 1064.15 80.6886 56.2707 983.464 253.769 75.0625 178.707 158.041 134.161 729.695 327.079 116.149 47.5187 245.025 90.2825 154.742 114.124 86.4417 402.616 374.284 353.974 71.5648 282.409 117.703 164.705 140.117 113.436 52.4474 68.63 43.0277 82.0545 61.4451 73.1889 60.9887 94.3182 48.6756 23.8807 42.4812 59.1553 37.6184 24.0281 40.6182 38.6502 55.7139
internal_count=5112 5024 182 4842 324 239 4518 1338 321 1017 927 756 3180 1400 648 375 1043 411 632 449 333 1780 1638 1552 306 1246 530 716 605 471 249 273 183 357 269 346 222 421 195 171 196 277 169 217 183 185 235
is_linear=0
shrinkage=0.05


Tree=104
num_leaves=48
num_cat=0
split_feature=59 40 58 53 36 21 26 57 65 9 5 3 8 8 57 6 6 58 57 8 8 12 51 8 26 8 21 58 37 7 50 11 58 37 50 1 26 41 50 57 65 46 21 6 26 58 7
split_gain=6.07457 6.70132 5.22074 4.71497 5.9846 7.81744 5.47749 5.03856 4.6556 4.83302 4.66571 7.51863 4.68962 5.16811 3.77917 3.51467 4.86864 5.34374 3.98146 4.31644 4.28622 4.18308 3.56992 3.45258 3.17275 3.13352 9.07173 5.75854 4.51232 3.45663 6.64094 7.62862 4.74314 4.48714 8.84724 6.33709 4.3215 3.69039 4.08657 4.77253 6.30387 4.51934 3.30891 3.45619 2.75415 2.24426 2.21424
threshold=0.99855310097228334 -2.2499999999999996 0.99374995976406788 9.5000000000000018 76.250000000000014 0.49494897427831791 0.0049011754473450948 61.312500000000007 1.8540703102602589 1.7191432539258631 1.0000000180025095e-35 17.500000000000004 1.8848150292363808 0.90325239977413907 71.562500000000014 -5.3142857142857123 -3.0833976833976826 -0.99275805973510278 75.312500000000014 2.4286956521739134 1.9330434782608699 0.062500000000000014 32.500000000000007 1.389130434782609 0.0032838517492534943 1.3988944572912312 0.52243118397129218 -0.62588817255938378 7.2500000000000009 0.79860139860139878 1.0000000180025095e-35 -1.4108324108324106 0.10837544681456425 6.7500000000000009 2.5000000000000004 79.500000000000014 0.0060790062862046759 0.11882352941176472 4.5000000000000009 73.187500000000014 -0.37717181534043548 25.500000000000004 0.69714552606141234 0.34285714285714336 0.0064295256173672495 0.69056404122701587 1.2797202797202802
decision_type=2 2 2 2 2 2 2 2 2 2 2 2 2 2 2 2 2 2 2 2 2 2 2 2 2 2 2 2 2 2 2 2 2 2 2 2 2 2 2 2 2 2 2 2 2 2 2
left_child=1 8 3 15 7 6 -6 -5 10 -10 11 -1 13 -13 -7 -3 22 -18 19 20 25 -21 -17 -12 -22 29 27 -27 -29 30 31 -19 36 35 44 -31 -33 38 39 40 -32 -42 43 -37 -35 -9 -45
right_child=-2 2 -4 4 5 14 -8 45 9 -11 23 12 -14 -15 -16 16 17 18 -20 21 24 -23 -24 -25 -26 26 -28 28 -30 33 37 32 -34 34 -36 42 -38 -39 -40 -41 41 -43 -44 46 -46 -47 -48
leaf_value=-0.015447572121280301 0.029604584689560034 -0.017228166013702955 -0.024498934817665411 -0.00080753582092719109 0.00054088319398596122 0.021508260410958074 -0.041934921141359022 -0.018848703838080811 0.0067408300554211431 -0.024571511752568317 0.0083374478650945164 0.021588215073642902 0.03250324085494858 -0.0065114032114255765 -0.004636259527142369 0.030434607902945051 -0.021863885987636902 0.026516611860238706 0.021917211340758996 0.0018595805949205323 0.00012800688789579262 -0.039797580031719244 0.0024651499150062234 0.030536923651285155 0.030232560521233187 0.026711208005556427 -0.031450253209618376 -0.02530317230723951 0.012064421032596251 -0.017979708969607402 -0.012153764375708356 -0.028935004622048118 0.014105168192644658 0.011710047681657875 0.037004967209592843 -0.0046475234833998165 0.0041973635689298763 -0.027484372965526832 -0.025357892281123891 -0.020357634119264518 0.00054929046000308502 0.03182094858322073 -0.0092813319391604303 0.010000339226881446 -0.011495104072502862 -0.045861299259565502 0.031655912092936708
leaf_weight=30.95996156334877 17.52662271540612 24.516469374299049 22.671789689920843 18.370285940356553 14.784568328410389 31.141692966222763 14.542595390230415 17.525097681209445 31.178137432783842 19.048243947327137 30.954827830195427 28.309090472757816 21.691705904901028 36.273273520171642 23.726334543898702 23.487361587584019 24.575914971530437 34.33211824670434 21.906043210998178 11.306800009682776 14.642825808376072 11.698856198228894 21.718207381665707 42.565744176506996 20.786902404390275 17.024777112528682 27.268269894644618 16.991742355749015 13.83621155656874 32.475897572934628 31.207496352493763 19.938246842473745 25.05197935551405 33.759008731693029 29.729660231620073 20.05015149526298 18.150313276797533 21.701687704771757 20.222299639135599 23.622541626915336 22.466035213321447 22.863736532628536 21.790558736771345 28.347404599189758 19.275254899635911 17.076861726120114 21.124784838408232
leaf_count=119 75 99 149 111 77 118 88 74 138 79 123 128 74 140 104 80 138 126 91 71 142 151 82 135 108 86 155 107 115 128 131 93 96 145 108 91 76 119 87 108 88 83 90 108 80 87 82
internal_value=0 0.000732037 -0.00134399 -0.00068519 -0.00912234 -0.000781332 -0.02121 -0.0221196 0.00807897 -0.00538215 0.0116329 0.00536123 0.01292 0.00594717 0.0103221 0.000988616 0.00167849 0.000521841 0.00147113 0.00066204 0.00155457 -0.0200994 0.0173414 0.0214274 0.0181356 0.000394933 -0.00898357 0.0042005 -0.00867972 0.00199075 -0.00209368 0.00790969 -0.00246334 0.00671508 0.0156525 0.000662075 -0.013443 -0.00896354 -0.0054258 -0.00119062 0.00491137 0.0166687 0.00741507 0.0127057 0.0032195 -0.0330938 0.0196913
internal_weight=0 1096.69 855.709 833.037 137.167 84.1952 29.3272 52.9722 240.981 50.2264 190.755 117.234 86.2741 64.5824 54.868 695.87 671.353 626.148 601.572 579.666 556.66 23.0057 45.2056 73.5206 35.4297 521.23 75.121 47.8527 30.828 446.109 239.556 97.4727 63.1405 206.553 82.7639 123.789 38.0886 142.084 120.382 100.16 76.5373 45.3298 91.3129 69.5223 53.0343 34.602 49.4722
internal_count=5083 5008 4072 3923 659 387 165 272 936 217 719 461 342 268 222 3264 3165 3003 2865 2774 2552 222 162 258 250 2302 463 308 222 1839 1007 391 265 832 333 499 169 616 497 410 302 171 371 281 225 161 190
is_linear=0
shrinkage=0.05


Tree=105
num_leaves=48
num_cat=0
split_feature=46 9 37 4 46 59 2 9 9 58 41 36 1 59 36 54 59 37 37 3 59 46 37 9 7 52 11 1 0 10 36 39 11 46 10 51 51 52 59 5 22 7 10 18 11 11 3
split_gain=4.3318 7.98488 5.83842 5.55723 4.86187 4.71756 14.3684 5.84587 5.59004 7.51222 5.79444 4.9588 7.88834 4.68562 6.64406 4.11023 7.61982 9.29317 6.12123 8.62457 5.19843 5.33046 5.85031 4.18028 3.7391 5.14496 4.68102 7.72382 5.39913 4.83464 6.74548 6.68356 6.49436 6.42144 4.61942 5.70918 4.56045 5.09458 4.70927 4.60385 4.46409 3.71215 6.23853 5.94035 3.23453 2.67322 2.62463
threshold=66.500000000000014 1.2316602316602319 5.2500000000000009 1.2500000000000002 76.500000000000014 -0.22700609751797865 78.250000000000014 0.65868725868725886 0.94671814671814702 -0.95754239937548935 -0.063508064516129017 74.250000000000014 85.500000000000014 0.65720762023595369 76.250000000000014 11.500000000000002 0.67007489853957602 7.2500000000000009 6.7500000000000009 47.500000000000007 0.47369649395226454 9.5000000000000018 7.7500000000000009 1.5853281853281858 2.6006993006993011 5.5000000000000009 0.23004023004022986 87.250000000000014 88.750000000000014 0.061776061776061354 82.750000000000014 1.0000000180025095e-35 -0.95709695709695708 22.500000000000004 1.9335907335907334 64.500000000000014 68.500000000000014 4.5000000000000009 -0.77243990499604276 -1.0000000180025095e-35 1.4378852437763541 -0.77622377622377592 -0.4841698841698841 8.5000000000000018 -0.49686529686529707 -0.6293328293328293 52.500000000000007
decision_type=2 2 2 2 2 2 2 2 2 2 2 2 2 2 2 2 2 2 2 2 2 2 2 2 2 2 2 2 2 2 2 2 2 2 2 2 2 2 2 2 2 2 2 2 2 2 2
left_child=5 2 3 -2 -3 24 7 41 10 45 46 15 13 14 -13 18 23 -18 19 44 -20 22 -22 -17 26 -26 29 -28 -29 30 31 33 -31 -1 35 -34 39 38 -38 -33 -41 -7 -43 -44 -11 -10 -9
right_child=1 4 -4 -5 -6 6 -8 8 9 11 -12 12 -14 -15 -16 16 17 -19 20 -21 21 -23 -24 -25 25 -27 27 28 -30 32 -32 36 34 -35 -36 -37 37 -39 -40 40 -42 42 43 -45 -46 -47 -48
leaf_value=0.0080809595216917943 -0.010622018975846137 0.0073824043678706033 0.033562089734814025 0.023553522719442197 -0.022827423141302372 0.0045886781626342998 0.033318218372631693 0.034740713657504911 -0.0053026412820522256 -0.017608906132562933 -0.00082285663130898595 -0.0067212845446357255 -0.011403657315823178 0.03752499038233964 0.030535266437486393 -0.01136867757398914 -0.016109608508040309 0.030454932496433607 0.017381482025140019 0.036633483300893277 0.016049819339509035 -0.038979616259315029 -0.023051234204285398 -0.051462624231801452 -0.030833988661607487 0.0048397902425570474 -0.014198811035514564 0.036128970890157958 0.0043349470689324696 -0.036913905229424601 -0.023378245840628017 -0.018641051872555055 -0.039221346157371197 -0.029945638915273395 0.011785888312909229 0.002080511200745224 -0.013770868023449945 0.032798523253714844 0.020101479623093655 0.020367417465219431 -0.009739440677895032 -0.032166585789012048 -0.020104795092802351 0.011735063659649582 0.013261493200143297 -0.032877042919481764 0.011686069403940054
leaf_weight=18.060620285570621 22.599060446023941 29.77531923353672 36.741471275687218 23.142682477831841 22.592967860400677 36.19695121049881 35.096864964812994 29.586299806833267 16.227183730341494 15.437654154375197 36.254348028451204 24.892895372584462 25.176483085379004 25.605590352788568 21.537349820137024 13.85198841802776 26.629681614227593 16.50752401445061 16.558532279916108 25.926384864374995 18.10887785628438 14.253700744360684 18.190012310631573 12.612204209901391 27.103251065127552 15.405163690447806 25.35594467073679 23.690752122551203 29.76332706399262 24.423692984506488 29.500223873183131 24.306445423513651 15.039700906723736 26.43972834944725 21.118822341784835 17.292272407561541 17.753545930609107 27.522338226437569 21.760886732488871 27.79294834472239 20.701015977188945 30.516641091555357 28.453865151852369 28.215791825205088 16.552074838429689 19.419478857889771 23.170728676021099
leaf_count=78 93 115 134 101 97 154 129 112 83 92 146 107 109 91 83 64 127 98 94 91 90 77 152 106 151 71 132 86 132 128 146 104 96 122 90 77 83 95 92 107 114 132 120 111 85 111 92
internal_value=0 0.00937264 0.0189818 0.00680282 -0.00583438 -0.000149643 0.00277683 0.000733457 0.00356678 0.000531925 0.0146026 0.0032011 0.0123612 0.0207094 0.0108401 -0.00141393 -0.0110661 0.00199576 0.00400449 0.0157805 -0.00624053 -0.014165 -0.00363709 -0.0316546 -0.00422045 -0.0180916 -0.00258466 0.0081592 0.0188307 -0.00550522 -0.00159471 0.00199871 -0.0160868 -0.014674 -0.00606697 -0.017732 0.00737099 0.0166787 0.00491861 -0.0013097 0.00757834 -0.00878263 -0.0143231 -0.00432315 -0.00171818 -0.0208118 0.0250209
internal_weight=0 134.852 82.4832 45.7417 52.3683 988.01 574.979 539.882 416.499 327.488 89.0114 291.841 97.2123 72.0358 46.4302 194.629 69.6014 43.1372 125.027 57.9161 67.1111 50.5526 36.2989 26.4642 413.031 42.5084 370.522 78.81 53.4541 291.712 213.838 184.338 77.8745 44.5003 53.4508 32.332 139.837 67.0368 39.5144 72.8004 48.494 123.383 87.1863 56.6697 31.9897 35.6467 52.757
internal_count=5100 540 328 194 212 4560 2656 2527 2010 1660 350 1466 390 281 190 1076 395 225 681 268 413 319 242 170 1904 222 1682 350 218 1332 941 795 391 200 263 173 595 270 175 325 221 517 363 231 177 194 204
is_linear=0
shrinkage=0.05


Tree=106
num_leaves=48
num_cat=0
split_feature=46 53 4 46 46 3 3 45 41 0 67 6 46 26 8 6 18 46 54 3 45 42 42 8 8 45 9 12 35 1 6 51 10 26 11 46 65 7 53 16 26 12 46 11 50 46 3
split_gain=5.89456 3.79514 3.51069 4.53101 5.01121 4.41817 4.089 6.64849 11.2519 7.56105 6.72538 6.3759 5.51517 6.17905 5.38941 5.41327 4.61035 7.547 4.7742 4.33716 4.16742 4.16436 4.372 7.60272 7.20119 8.02641 4.04434 3.87801 5.20267 9.32934 4.85759 4.31324 4.01329 5.46231 3.83695 3.5869 5.42771 3.31349 3.12783 3.11498 5.32438 3.89794 2.90043 2.82448 2.57275 2.43772 1.70218
threshold=4.5000000000000009 16.500000000000004 2.1250000000000004 30.500000000000004 58.500000000000007 112.50000000000001 132.50000000000003 18.500000000000004 0.078461538461538485 80.250000000000014 1.0000000180025095e-35 2.2285714285714291 26.500000000000004 0.014435657677621831 2.0478260869565221 4.1571428571428575 4.5000000000000009 16.500000000000004 5.5000000000000009 737.50000000000011 25.500000000000004 1.3484848484848486 1.6858552631578949 1.1177207078905298 1.0826086956521741 40.500000000000007 0.83166023166023195 0.22916666666666671 87.250000000000014 86.500000000000014 -1.0000000180025095e-35 4.5000000000000009 -0.90424710424710464 0.0021091215176728428 0.97575397575397582 12.500000000000002 -1.1463211661045005 1.573426573426574 2.5000000000000004 7.5000000000000009 0.0028085288888051829 0.18750000000000003 47.500000000000007 -1.7867159867159865 1.0000000180025095e-35 8.5000000000000018 37.500000000000007
decision_type=2 2 2 2 2 2 2 2 2 2 2 2 2 2 2 2 2 2 2 2 2 2 2 2 2 2 2 2 2 2 2 2 2 2 2 2 2 2 2 2 2 2 2 2 2 2 2
left_child=39 2 6 43 38 -6 7 8 10 26 27 12 -11 21 15 42 -10 18 -18 20 -8 -14 23 -23 -24 -26 -9 28 29 32 -30 -29 33 -2 35 36 -34 -32 -5 40 -1 -41 -13 -4 -33 -35 -20
right_child=1 -3 3 4 5 -7 19 9 16 11 -12 14 13 -15 -16 -17 17 -19 46 -21 -22 22 24 -25 25 -27 -28 31 30 -31 37 44 34 45 -36 -37 -38 -39 -40 41 -42 -43 -44 -45 -46 -47 -48
leaf_value=-0.0227479492471452 -0.016458692122249624 0.022807436250049992 0.0093717477175907747 -0.023903181043927552 0.029161731675852759 -0.00057094856628322251 0.0027478635924140862 -0.0087113836991740429 0.013415671506737843 -0.019986804089489451 -0.020397950813519625 -0.033488373716869684 0.018429794256916886 0.022540780133955593 -0.038476494055174414 0.0080160419123087006 -0.013411453871914187 0.011543651492460574 -0.027444471533259403 -0.0037485086740899954 0.030422129714230056 0.0018488377340681299 -0.014984525986645845 -0.039312332382296297 0.02982795348024499 -0.0041200045552422784 -0.041973677692157402 0.014852114220470497 0.042059842574588578 -0.024270014168641316 -0.0023104372041628999 -0.0015613220612392476 0.026938040013019599 -0.00054728626399834946 -0.0034239318571292312 0.033101284162953271 -0.0017928713984557785 0.025916671073214909 0.0026332609232766944 -0.04304005784368832 0.015329506000914676 -0.006510570084281019 -0.0072810659768693499 0.036134735519616649 -0.031663307247693638 0.019754530518914019 -0.061844658953046798
leaf_weight=17.024063581600785 26.486147493124008 20.085831271484494 21.131959922611713 19.456031836569309 22.77224325761199 26.257193487137556 23.742774730548263 17.558936521410942 10.277105241082607 26.912108229473233 20.369012957438827 19.12045481428504 24.656020447611809 34.96805115044117 17.894390309229493 29.542578337714076 18.776834676973522 12.121711511164902 8.853545789606871 33.877480659633875 31.54877346009016 25.210053825750947 38.252752831205726 19.091146329417825 31.72500354424119 36.757157968357205 19.661878043785691 16.038044985383749 21.659213952720165 20.549584399908781 19.413217529654503 14.033829044550659 32.698025163263083 27.107864873483777 20.345366202294827 34.604470655322075 31.865715399384499 21.016366939991713 23.904023766517639 14.482115289196374 17.74417313374579 14.618421177379785 23.743852443993092 19.194424346089363 13.592517532408236 31.391379445791245 11.59632479213178
leaf_count=91 126 81 89 85 102 127 95 68 122 131 126 102 98 133 101 116 149 82 80 129 113 106 154 106 114 140 110 68 69 93 86 71 129 111 79 132 137 85 98 98 73 96 97 82 99 123 106
internal_value=0 0.00181324 0.00136909 0.00891014 0.00272292 0.0135456 0.000205887 -0.000961281 0.00338235 -0.00586826 0.00684759 -0.00340376 0.000908378 0.00365958 -0.0146342 -0.00829803 -0.0161582 -0.0222204 -0.0326817 0.0102857 0.0187984 -0.000204651 -0.00334786 -0.0163654 0.00215693 0.0118097 -0.0269206 0.00858164 0.0106889 0.00709318 0.0234031 -0.0052048 0.0103475 0.00200159 0.0162165 0.0202398 0.0129467 0.0126341 -0.00954429 -0.0137309 -0.00342962 -0.0255157 -0.0194683 0.0226764 -0.0169606 0.0104958 -0.0489253
internal_weight=0 1019.86 999.776 132.716 92.3895 49.0294 867.06 777.891 412.796 365.094 351.171 327.874 237.572 210.66 90.3013 72.4069 61.6255 51.3484 39.2267 89.169 55.2915 175.692 151.036 44.3012 106.735 68.4822 37.2208 330.802 287.137 225.049 62.0888 43.6644 204.499 84.9854 119.514 99.1682 64.5637 40.4296 43.3601 63.8688 34.7682 29.1005 42.8643 40.3264 27.6263 58.4992 20.4499
internal_count=5008 4650 4569 583 412 229 3986 3649 2073 1576 1534 1398 982 851 416 315 539 417 335 337 208 718 620 212 408 254 178 1408 1170 930 240 238 837 360 477 398 266 171 183 358 164 194 199 171 170 234 186
is_linear=0
shrinkage=0.05


Tree=107
num_leaves=48
num_cat=0
split_feature=41 45 56 40 53 49 18 41 50 42 59 40 7 6 7 13 32 26 45 58 45 7 36 53 2 10 58 24 26 26 13 36 51 11 3 22 2 7 59 45 37 10 35 11 26 41 3
split_gain=8.78597 5.06243 8.57441 5.51775 6.27671 3.79761 3.49798 3.35128 4.37014 3.20804 3.78727 3.68187 4.32825 5.58515 9.02846 5.06448 6.62128 6.1445 3.95709 9.77629 6.20791 5.62536 4.73093 4.67657 4.88419 4.48565 4.54424 5.66028 7.26497 5.96791 5.53255 4.44481 3.8251 3.51117 3.88738 3.24203 3.01736 5.33459 4.04009 6.62794 3.67452 2.95956 2.92804 4.50117 2.25292 1.04034 0.820744
threshold=1.0294117647058825 68.500000000000014 6.5000000000000009 -4.2499999999999991 16.500000000000004 87.500000000000014 1.0000000180025095e-35 0.34057971014492755 1.5000000000000002 2.8452380952380958 0.70747208174348741 -2.2499999999999996 2.3706293706293713 3.9428571428571431 2.9580419580419588 0.062500000000000014 1.0000000180025095e-35 0.0026105982328051046 36.500000000000007 -0.8041866928211282 13.500000000000002 0.69020979020979034 81.750000000000014 8.5000000000000018 72.500000000000014 2.0787644787644788 -0.86976336936302323 0.87500000000000011 0.0047140683082954153 0.0032015724042221906 0.14583333333333334 73.750000000000014 70.500000000000014 -1.8068580068580069 27.500000000000004 1.3080648894029836 79.250000000000014 0.87692307692307703 0.080547328232315238 7.5000000000000009 7.7500000000000009 -2.4555984555984551 87.250000000000014 0.06610686610686585 0.0039681991713246692 -0.20416666666666664 67.500000000000014
decision_type=2 2 2 2 2 2 2 2 2 2 2 2 2 2 2 2 2 2 2 2 2 2 2 2 2 2 2 2 2 2 2 2 2 2 2 2 2 2 2 2 2 2 2 2 2 2 2
left_child=1 2 -1 -4 5 6 -5 9 -9 11 -11 33 15 14 -14 36 18 -18 20 -20 23 41 -23 25 -25 26 -17 28 29 31 -30 -28 -21 -8 42 -36 37 38 -13 -40 44 -22 43 -35 -39 -3 -43
right_child=-2 45 3 4 -6 -7 7 8 -10 10 -12 12 13 -15 -16 16 17 -19 19 32 21 22 -24 24 -26 -27 27 -29 30 -31 -32 -33 -34 34 35 -37 -38 40 39 -41 -42 46 -44 -45 -46 -47 -48
leaf_value=-0.027432647109336329 -0.032864549492725006 0.0093433930042316291 0.020205218387674719 0.019572857574235016 0.026898382180653886 -0.017947450791362531 -0.0069891961873500223 -0.038870269208765851 0.0021375358943075346 -0.029960357437648105 -0.0014882596907057554 -0.010740089319594753 -0.025640516985185925 -0.03632516864080744 0.016746556824979882 0.023473420999409116 0.0052293615801588542 -0.034290783758886244 -0.016293862688495916 0.0088330621592874314 -0.0099896055248574721 -0.01433547645182618 0.019065116335250414 -0.030326734120289852 0.0044338934578991608 0.024586105352074773 -0.01366718586350376 -0.021110950744005805 0.0054808139684689831 0.037259540274835454 -0.032062676374366883 0.017256071353560439 0.037371724543512064 0.024770673170623807 0.0059043710156136539 0.030074211139140068 -0.0090944509566573076 0.012338500681646903 -0.0039232094871468996 0.030354424026774157 0.00084754673859634058 -0.044124586367179613 -0.011162810305314375 -0.0055143436270609462 0.032407021411740476 0.026067470611876142 -0.02374917998177738
leaf_weight=26.80118459276855 18.928675996139646 20.351225178688765 34.0499815531075 21.281862058676779 20.260920900851488 29.435090437531471 32.549090422689915 11.871682642027737 12.918934987857936 17.866075191646814 30.95513366907835 40.916125610470772 23.432142028585076 17.481548114679754 24.894954171963036 19.932259378023446 14.444345018826423 28.310395693406463 22.993813738226891 25.145832624286413 21.173857506364584 23.902663418091834 17.461236109957099 20.11570140812546 18.951999180950224 24.419514030218124 19.380739895626903 28.02042374573648 19.240917801856995 18.474362568929791 18.511852546595037 26.127101846039295 22.463803922757506 24.421291917562485 23.527112916111946 35.013029776513577 25.343185722827911 25.42332025244832 35.402589563280344 22.226710058748722 22.47550305724144 14.531865738332273 22.909625254571438 23.135136783123016 36.181420333683491 19.358591452240944 14.671499397605656
leaf_count=147 76 90 135 77 80 124 136 96 110 85 151 157 146 110 125 101 76 147 110 101 88 134 91 119 88 107 131 144 80 84 102 124 87 83 96 127 91 94 158 83 117 86 78 89 120 71 84
internal_value=0 0.000633948 -3.11315e-05 0.000706181 2.14839e-05 -0.000562261 -4.40806e-06 -0.000474355 -0.0182459 3.35039e-05 -0.0122998 0.000752463 -0.000836956 -0.0129347 -0.00390863 0.000452924 -0.00271714 -0.0211249 -0.000570789 0.0100118 -0.00304591 -0.0138456 -0.000118637 0.00164475 -0.0137743 0.00516352 0.00185286 -0.00162248 0.00389838 0.0140833 -0.0132807 0.00407587 0.0227903 0.00752429 0.0112117 0.0206227 0.00681115 0.0090559 0.00112547 0.00958938 0.0182282 -0.0248949 0.00321432 0.0102275 0.0244544 0.0179365 -0.0350134
internal_weight=0 1098.76 1059.05 1032.25 998.197 977.936 948.501 927.219 24.7906 902.428 48.8212 853.607 692.052 65.8086 48.3271 626.243 418.274 42.7547 375.519 70.6035 304.916 91.7411 41.3639 213.175 39.0677 174.107 149.688 129.755 101.735 63.9822 37.7528 45.5078 47.6096 161.555 129.006 58.5401 207.969 182.626 98.5454 57.6293 84.0802 50.3772 70.4661 47.5564 61.6047 39.7098 29.2034
internal_count=5136 5060 4899 4752 4617 4537 4413 4336 206 4130 236 3894 3285 381 271 2904 2084 223 1861 298 1563 483 225 1080 207 873 766 665 521 339 182 255 188 609 473 223 820 729 398 241 331 258 250 172 214 161 170
is_linear=0
shrinkage=0.05


Tree=108
num_leaves=48
num_cat=0
split_feature=46 12 28 42 53 6 20 40 57 7 8 8 6 8 49 37 21 54 58 57 25 42 40 60 28 42 4 54 9 45 1 26 21 24 11 6 57 54 9 19 59 49 54 58 36 18 36
split_gain=4.26816 4.21039 4.83272 7.14836 4.64931 7.7036 4.52369 4.21457 4.71425 3.80701 5.6397 5.23229 4.22587 4.75893 5.77049 9.75036 8.66885 5.38474 4.2697 4.12008 7.75958 6.36401 3.96524 6.82124 5.76979 8.4908 6.32038 4.75936 7.6706 5.05712 4.76266 4.52449 4.51391 3.44368 8.05718 5.92208 5.03904 6.94753 8.16967 4.53597 4.32031 3.45964 3.42786 3.1477 2.95882 2.83939 2.31114
threshold=87.500000000000014 0.27083333333333343 532.50000000000011 0.6043478260869567 1.0000000180025095e-35 -0.34285714285714292 1.6370967741935518 -1.7499999999999998 64.937500000000014 3.2517482517482521 2.0843478260869568 3.1288537549407116 6.6857142857142859 -0.926086956521739 70.500000000000014 6.2500000000000009 0.52243118397129218 68.500000000000014 -0.99630266176052629 72.812500000000014 0.41428571428571431 1.560386473429952 1.7500000000000002 2.5000000000000004 27.500000000000004 1.7573529411764708 2.7500000000000004 65.500000000000014 1.0615943674767208 2.5000000000000004 75.500000000000014 0.0010635416940573052 0.52243118397129218 0.37500000000000006 -1.0623916623916625 -1.1999999999999993 62.437500000000007 29.500000000000004 1.3949290772820186 1.7500000000000002 0.2499757677084001 11.500000000000002 80.500000000000014 0.29342972903661901 74.750000000000014 9.5000000000000018 77.750000000000014
decision_type=2 2 2 2 2 2 2 2 2 2 2 2 2 2 2 2 2 2 2 2 2 2 2 2 2 2 2 2 2 2 2 2 2 2 2 2 2 2 2 2 2 2 2 2 2 2 2
left_child=1 2 3 -1 5 -3 -6 -8 -9 11 -11 12 13 17 18 42 -17 -5 -15 22 -21 -22 24 -24 26 -26 27 30 32 -30 -20 -32 -29 39 35 -35 -36 38 -38 41 -41 -33 -16 -31 -25 -23 -10
right_child=-2 4 -4 9 6 -7 7 8 46 10 -12 -13 -14 14 15 16 -18 -19 19 20 21 45 23 44 25 -27 -28 28 29 43 31 33 -34 34 36 -37 37 -39 -40 40 -42 -43 -44 -45 -46 -47 -48
leaf_value=-0.027659578449762204 0.023541606099024132 0.030003602036759888 0.023359428197199411 -0.00067432720919066279 0.0069224079057456063 -0.01557340567480681 0.0027075339964908614 -0.00725771414425586 -0.057122294623776673 0.0033145460928833727 -0.029887952623317372 0.028124661523486184 0.023729702318525375 -0.019722819159562491 -0.041739557374357396 0.025547185871568057 -0.016683990026077351 0.034217083267444569 -0.018051162302145086 -0.012450210586973215 -0.0022630528331210411 0.035814678647278192 0.047072923882144416 -0.016078887417532061 -0.032900395677408129 0.0044702377328271091 0.025982371067301887 0.020361657592828625 0.0049443556355363424 -0.039465997989014456 0.026165966248812036 0.0067544639968796843 -0.0080256116713853347 -0.0013379538391519242 0.023036299698712265 -0.040878398556804099 -0.026485621499591286 0.018552296612215184 0.01192899176934272 -0.019075518906991443 0.0089629416428430361 0.029339390211090166 -0.01491072610106612 -0.01318179698842634 0.018098879598674969 0.014003045541577367 -0.026427486197576178
leaf_weight=20.744931299239397 18.905904833227396 16.503638736903667 23.086651649326086 21.822921421378851 16.746247978881001 18.788672008551657 13.268735185265539 16.982850103639066 12.429445220157506 27.579284619539976 22.566319920122623 17.922895317897201 19.934545315802097 21.509373284876347 20.06512214243412 24.320751989260316 22.422951497137547 21.337505646049976 23.458028607070446 26.872595768421888 27.687192376703024 34.937509622424841 11.194149299524723 11.782508769538255 30.664357031695545 28.824036258272827 23.75389688462019 25.087825678288937 14.932253064587711 26.25937319919467 22.113224614411592 35.889911216683686 29.385214880108833 18.300006113946438 27.10809882171452 18.781265035271645 34.200875237584114 28.01493669487536 22.047952366992831 20.538199327886105 36.953482061624527 32.534140136092901 31.753134563565254 22.087542468681931 11.551952319219707 29.002255249768496 17.721627315506339
leaf_count=80 81 64 76 104 74 150 60 102 66 118 150 103 73 102 90 92 93 88 141 127 123 116 78 113 147 119 116 95 89 128 95 149 117 70 112 92 151 114 91 91 147 113 124 114 58 110 138
internal_value=0 0.000176719 0.00124246 0.000678572 -0.00893789 0.0059791 -0.015751 -0.0220474 -0.0289276 0.00134315 -0.0119193 0.00211591 0.00153991 0.000983871 9.52676e-05 -0.0111643 0.00536376 0.0169594 0.0017047 0.00241676 0.0108391 0.0177302 0.000603728 0.0167657 -0.00049759 -0.0150186 0.00140284 1.27081e-05 -0.00853919 -0.0202457 0.00317699 0.00491162 0.00517966 0.00310979 -0.00204764 -0.0219123 0.00470244 -0.00139666 -0.0114828 0.00915856 -0.00120833 0.017761 -0.025893 -0.0279684 0.000889593 0.0262892 -0.0405086
internal_weight=0 1081.47 969.029 945.943 112.441 35.2923 77.1489 60.4027 47.1339 925.198 50.1456 875.052 857.129 837.195 794.034 98.562 46.7437 43.1604 695.472 673.963 118.5 91.627 555.463 34.5286 520.935 59.4884 461.446 437.692 117.752 63.2792 319.94 296.482 54.473 274.369 148.453 37.0813 111.372 84.2638 56.2488 125.916 57.4917 68.4241 51.8183 48.3469 23.3345 63.9398 30.1511
internal_count=5044 4963 4309 4233 654 214 440 366 306 4153 268 3885 3782 3709 3517 399 185 192 3118 3016 476 349 2540 249 2291 266 2025 1909 543 331 1366 1225 212 1130 630 162 468 356 242 500 238 262 214 242 171 226 204
is_linear=0
shrinkage=0.05


Tree=109
num_leaves=49
num_cat=0
split_feature=4 6 46 33 37 60 42 8 52 6 49 59 8 21 10 55 42 52 59 42 10 46 37 42 50 37 38 28 59 36 21 42 35 40 54 45 51 22 5 59 46 52 55 41 54 59 13 41
split_gain=3.7793 4.70693 4.23011 4.19676 3.78778 3.78529 3.61845 6.49397 6.15929 6.1957 6.66646 8.01554 6.27729 5.70492 6.66581 5.05407 6.95495 3.59229 8.32919 7.23565 6.07519 4.74589 3.9835 4.2436 4.00413 6.14436 8.7538 10.605 6.40273 6.17982 4.08133 4.70727 7.57588 10.4131 6.93069 6.25781 5.4992 4.28465 3.86309 3.44583 4.24512 3.29995 3.19147 3.1149 2.78038 2.12757 1.71082 1.67214
threshold=3.7500000000000004 -5.3142857142857123 66.500000000000014 1.5000000000000002 6.2500000000000009 3.5000000000000004 1.5266106442577032 2.2281987577639759 9.5000000000000018 -1.1999999999999993 56.500000000000007 0.97263757644091875 -0.14999999999999994 0.4401131486960887 -0.46023166023166046 7.5000000000000009 1.3205128205128207 7.5000000000000009 0.63089349388778826 2.1213235294117649 -1.5629343629343628 33.500000000000007 7.7500000000000009 1.804761904761905 4.5000000000000009 5.2500000000000009 1.0000000180025095e-35 1.0000000180025095e-35 0.63089349388778826 80.750000000000014 0.8228263892582881 1.8221343873517788 83.750000000000014 -1.2499999999999998 28.500000000000004 4.5000000000000009 94.500000000000014 1.5364651941646761 1.0000000180025095e-35 -0.26867065956352881 13.500000000000002 2.5000000000000004 6.5000000000000009 -0.28869047619047611 45.500000000000007 -0.80417042486635371 0.062500000000000014 -0.069047619047619038
decision_type=2 2 2 2 2 2 2 2 2 2 2 2 2 2 2 2 2 2 2 2 2 2 2 2 2 2 2 2 2 2 2 2 2 2 2 2 2 2 2 2 2 2 2 2 2 2 2 2
left_child=1 -1 4 6 -2 -5 7 8 9 42 11 12 -11 14 -14 39 -17 22 19 20 -19 -22 24 -24 25 26 -8 28 29 -28 31 32 -27 -34 35 37 41 -33 -26 -15 -41 -36 -3 -38 -10 -12 -32 -35
right_child=2 3 -4 5 -6 -7 17 -9 44 10 45 -13 13 15 -16 16 -18 18 -20 -21 21 -23 23 -25 38 30 27 -29 -30 -31 46 34 33 47 36 -37 43 -39 -40 40 -42 -43 -44 -45 -46 -47 -48 -49
leaf_value=-0.023444109671425253 -0.010458178272483111 0.0065847736678833939 0.033447939615864251 0.031304668444735895 0.018485457257459762 0.0033016046916694666 0.012337999302679311 0.031972624773600154 -0.032911974387996278 0.03603385649279691 -0.0069385676572095382 -0.026835955159672215 -0.036890152796645474 0.00093323250845967582 0.0078469931793113713 -0.024669398721374598 0.017806107846423596 -0.014059881705407519 0.03460902362574389 -0.026294914647682882 -0.001290126893123868 0.029502200997393663 -0.03250489047556019 -0.0029885702645248836 -0.0059189433343854528 0.009948378146277654 -0.057303889458639151 0.012487173570154508 -0.009316144883696224 -0.01721882880775227 0.025820115982673093 0.015459725314497245 0.00088461042758912522 -0.053136689279404341 0.039815404285677036 -0.026599720333267629 -0.012589724100649428 -0.013457632864594563 -0.035244403798621447 0.038370758069248723 0.010808987235576335 0.012566523711318818 0.031601859999103893 0.012463562557222191 -0.0041152155872248358 -0.029327202461629662 0.0064219817180242002 -0.025713518212091748
leaf_weight=20.374661982059479 21.591477826237679 24.781886018812656 16.403961908072233 18.851874504238367 21.703437849879265 31.471550606191158 29.449986962601542 18.21942292060703 15.377487346529959 17.38893336430192 26.604880712926388 16.831820236518979 14.81951546855271 23.882384007796645 16.976814089342952 19.90510443225503 16.930340249091387 23.428149297833443 19.078475922346115 20.642137328162789 21.777673854492605 28.161045486107469 23.857963084243238 24.308655069209635 32.266309173777699 32.467809490859509 22.835937235504389 20.433764038607478 28.605124214664102 18.113217078149319 21.554943099617958 30.079112499952316 30.121539600193501 14.426855444908144 21.546235904097557 24.733708795160055 20.549147866666317 20.835174369625747 16.662894401699305 25.542167130857706 31.878933168947697 24.62103439681232 26.777991792187095 28.273391833528876 17.845355498604476 17.652209345251322 24.721438253298402 14.365168137475846
leaf_count=80 103 95 92 72 97 141 114 124 82 62 126 81 107 119 84 115 85 103 74 91 103 106 159 157 154 138 118 86 140 76 71 115 117 84 75 115 80 115 86 100 125 98 102 130 90 88 98 91
internal_value=0 -0.000222854 0.0126122 0.000263666 0.00414083 0.0141975 -0.000473604 0.0037578 0.00201994 0.00445318 0.000887568 0.00508855 0.00844031 0.00502258 -0.013493 0.0100774 -0.00519214 -0.00267438 0.00537561 -0.00085893 0.00655496 0.0163123 -0.00441587 -0.0179724 -0.00301123 -0.00144363 -0.011022 -0.0187185 -0.0279332 -0.040406 0.0022908 -0.000148357 -0.00924801 -0.0198168 0.00475025 -0.00649573 0.0136807 0.00359486 -0.0164116 0.0169744 0.023516 0.0258581 0.0199316 0.00187772 -0.0180163 -0.0163191 0.0158124 -0.0407768
internal_weight=0 1040.03 59.6989 1019.66 43.2949 50.3234 969.332 331.415 313.196 279.973 228.413 184.156 167.324 149.935 31.7963 118.139 36.8354 637.917 113.087 94.009 73.3669 49.9387 524.829 48.1666 476.663 427.734 119.438 89.988 69.5543 40.9492 308.296 262.019 91.3814 58.9136 170.638 75.648 94.9898 50.9143 48.9292 81.3035 57.4211 46.1673 51.5599 48.8225 33.2228 44.2571 46.2764 28.792
internal_count=5064 4772 292 4692 200 213 4479 1585 1461 1289 1092 878 797 735 191 544 200 2894 477 403 312 209 2417 316 2101 1861 534 420 334 194 1327 1158 430 292 728 345 383 230 240 344 225 173 197 210 172 214 169 175
is_linear=0
shrinkage=0.05


Tree=110
num_leaves=47
num_cat=0
split_feature=4 49 49 9 8 8 0 60 52 10 51 58 57 0 22 25 59 25 59 67 59 1 49 11 15 42 51 2 12 10 49 11 46 36 10 58 21 8 3 11 8 1 26 22 45 10
split_gain=4.56403 6.32105 5.26727 4.56555 5.74777 5.78936 7.01685 7.02211 9.40423 6.03971 4.8318 5.53096 4.40842 7.02972 6.39062 4.97223 6.30699 4.46977 4.38267 4.30084 9.53118 5.12871 7.68472 12.5252 5.507 7.03915 4.97038 7.20955 5.78556 4.94759 4.77246 3.93054 3.8961 3.66911 3.62674 7.25494 5.44366 4.34084 6.33862 3.12996 3.06707 2.79911 2.48296 2.44434 1.99544 0.566314
threshold=3.2500000000000004 33.500000000000007 65.500000000000014 -0.16738424554773931 -0.58956521739130419 0.37304347826086975 84.250000000000014 4.5000000000000009 1.5000000000000002 -0.63706563706563768 1.0000000180025095e-35 0.10837544681456425 57.312500000000007 78.750000000000014 0.82323192324752359 0.68333333333333346 0.92519182738459482 0.21111111111111114 0.60383265664488517 1.0000000180025095e-35 0.50370931781787065 87.250000000000014 10.500000000000002 -0.26139799919685719 7.5000000000000009 2.1602564102564106 28.500000000000004 79.250000000000014 0.10416666666666667 -0.83397683397683386 4.5000000000000009 -1.0445284445284446 34.500000000000007 78.250000000000014 2.0787644787644788 -0.814291907305839 0.49494897427831791 1.1636940176528279 32.500000000000007 -0.59560339210801938 1.053280896764619 84.500000000000014 0.0057471821203408978 1.3606855127386981 30.500000000000004 -0.28494208494208484
decision_type=2 2 2 2 2 2 2 2 2 2 2 2 2 2 2 2 2 2 2 2 2 2 2 2 2 2 2 2 2 2 2 2 2 2 2 2 2 2 2 2 2 2 2 2 2 2
left_child=3 -2 -3 -1 -5 6 7 8 -6 -8 11 -7 15 39 -15 16 18 -16 -12 21 -21 22 24 31 29 30 -23 34 44 -19 -26 -24 -9 -25 35 36 -28 -37 -39 -14 -13 -33 -31 -30 -29 -41
right_child=1 2 -4 4 5 10 9 32 -10 -11 12 40 13 14 17 -17 -18 19 -20 20 -22 26 23 33 25 -27 27 28 43 42 -32 41 -34 -35 -36 37 -38 38 -40 45 -42 -43 -44 -45 -46 -47
leaf_value=-0.022111617708048356 0.036188620206945903 -0.014974921693159901 0.016681652255359607 0.02511081307553208 0.0090675638411172998 0.0038190025283785264 -0.0051909601841123049 -0.0020983833892513977 -0.033732341578867224 -0.044780287858825908 -0.007074911870767058 -0.044453591400063816 -0.0046105507025254741 0.02285204493762362 -0.019091952423851075 0.034190497615824475 -0.023060334356670719 -0.021732069295727428 0.032661945263823981 -0.036170967524759567 0.014381877178671933 0.026605481765056817 -0.012264838385738053 -0.01814051233696996 0.010254551728257818 -0.010182293115071416 0.0090237621406286921 -0.0068355915623744233 -0.040165282301601726 -0.0048238665096857793 0.039095506223452717 -0.0013968326046386443 0.023661962096430362 -0.046944439389273812 0.028068692747476798 -0.00049384760365608937 -0.027279737375397774 0.0079632932076960875 0.038817868158498879 -0.017929726955449064 -0.011406935357530908 0.021298433783376078 0.017122079339554022 -0.0090955257172550593 0.013196277191558107 -0.034912529334139276
leaf_weight=24.146217778325081 18.620962511748075 22.536277506500483 28.786517880856991 20.375141628086567 20.664240743964911 24.009141192771494 17.094781804829836 37.408253125846386 31.427764214575291 21.975640965625644 10.788362210616471 13.921884398907425 30.24771982897073 33.607524465769529 26.089730445295572 19.938597954809666 13.343829521909354 24.758670978248119 17.024998067878187 20.811774126254022 15.540076892822979 29.984111802652478 33.719471011310816 28.387125082314014 32.410617861896753 20.1603550799191 19.004712302237749 25.114149317145348 13.521176587790253 27.786922611296177 26.227673887275159 28.705518340691924 23.002413839101791 19.765878411009908 25.590845327824354 30.986412722617388 20.667707335203886 37.431271428242326 29.966698287054896 13.268710605800154 15.031301202252505 24.599173258990049 22.513806939125061 12.554505828768013 22.796011738479137 14.785434719175099
leaf_count=105 108 96 135 72 82 134 78 156 139 117 95 67 145 125 159 83 117 111 124 127 63 113 152 127 148 85 84 92 91 116 110 105 82 121 90 136 86 148 114 77 112 103 79 73 77 83
internal_value=0 0.0120446 0.00276045 -0.00107012 -0.000538875 -0.00109913 -0.0100467 -0.0036129 -0.0169032 -0.0280203 0.000554812 -0.0139114 0.00156383 0.000447386 0.0019421 0.0143401 0.00414061 0.00077198 0.017538 0.00167658 -0.0147536 0.00277408 -0.00184274 -0.0105013 0.00578324 0.014933 0.00774868 0.00526784 -0.00761503 -0.00389233 0.0235937 0.000884984 0.0079359 -0.0306785 0.0111031 0.00777907 -0.0100946 0.0150155 0.0220489 -0.0160368 -0.0282507 0.00927597 0.00514108 -0.0260947 0.00277065 -0.0277738
internal_weight=0 69.9438 51.3228 1021.16 997.01 976.635 151.573 112.503 52.092 39.0704 825.062 52.9623 772.1 711.004 652.702 61.0958 41.1572 619.094 27.8134 593.005 36.3519 556.653 289.035 135.177 153.858 78.7986 267.618 237.633 73.9858 75.0594 58.6383 87.0242 60.4107 48.153 163.648 138.057 39.6724 98.3844 67.398 58.3019 28.9532 53.3047 50.3007 26.0757 47.9102 28.0541
internal_count=5042 339 231 4703 4598 4526 654 459 221 195 3872 313 3559 3140 2835 419 336 2710 219 2551 190 2361 1257 608 649 343 1104 991 333 306 258 360 238 248 658 568 170 398 262 305 179 208 195 164 169 160
is_linear=0
shrinkage=0.05


Tree=111
num_leaves=50
num_cat=0
split_feature=8 38 39 58 7 25 37 7 57 0 26 0 9 35 53 26 11 22 55 22 7 9 22 15 26 43 54 5 26 22 7 15 11 5 37 58 10 49 21 65 35 52 0 58 25 45 57 49 3
split_gain=5.0435 6.0481 6.77403 7.41608 5.74701 5.11419 4.71706 3.7873 3.69685 5.41544 5.17444 5.4552 6.26144 6.6591 6.18522 5.21401 7.8485 7.01089 6.36778 5.66562 5.21224 4.35796 6.40214 4.18737 4.48098 4.15839 4.14558 5.73401 4.11977 4.02299 3.87062 5.35777 3.78223 3.77514 3.98409 8.01754 3.55959 3.76391 3.40789 5.46025 3.10888 3.0561 2.81093 2.2263 1.92095 1.88739 1.76731 1.57718 1.35309
threshold=1.8848150292363808 1.0000000180025095e-35 1.0000000180025095e-35 0.48314048284850658 2.7062937062937071 0.68333333333333346 6.7500000000000009 1.7172827172827176 64.437500000000014 75.250000000000014 0.0030742635271479445 82.750000000000014 0.92586872586872604 84.250000000000014 3.5000000000000004 0.0096993332602393918 0.094122094122094185 1.1137115731913965 5.5000000000000009 0.858602916985859 0.12587412587412583 1.4046332046332053 1.6243469679587317 12.500000000000002 0.0062989033926870693 5.0000000000000009 99.000000000000014 -1.0000000180025095e-35 0.0019790659310885412 1.3606855127386981 1.4055944055944061 7.5000000000000009 -0.14013014013014008 1.0000000180025095e-35 6.2500000000000009 0.62587949062545845 -1.0416988416988415 59.500000000000007 0.52243118397129218 1.1230239228419443 86.250000000000014 1.5000000000000002 80.250000000000014 -0.031173458710879235 0.63068181818181823 7.5000000000000009 61.687500000000007 52.500000000000007 262.50000000000006
decision_type=2 2 2 2 2 2 2 2 2 2 2 2 2 2 2 2 2 2 2 2 2 2 2 2 2 2 2 2 2 2 2 2 2 2 2 2 2 2 2 2 2 2 2 2 2 2 2 2 2
left_child=8 6 7 4 43 45 -2 -3 9 30 11 14 -13 -14 -10 17 25 19 -19 20 -12 29 -23 24 -21 36 27 -15 -29 32 31 -1 -20 34 46 -36 37 -17 39 -18 -40 -35 -37 47 48 -5 -11 -4 -38
right_child=1 2 3 5 -6 -7 -8 -9 10 33 15 12 13 26 -16 16 38 18 21 23 -22 22 -24 -25 -26 -27 -28 28 -30 -31 -32 -33 -34 41 35 42 44 -39 40 -41 -42 -43 -44 -45 -46 -47 -48 -49 -50
leaf_value=0.012449678963360944 0.0078406206783148951 0.0017492497507175381 0.028171087589350299 -0.043261862524104737 -0.0075349138010599231 0.011653854426651176 0.040230066453001971 -0.035790658174660921 -0.0071420072213713966 0.033377528506151978 0.026242427829944567 0.016164606811755092 0.014466031861754642 0.010884897470462214 -0.045307791875135728 -0.02056770991447868 0.030304800203980239 -0.01073264013499841 0.023101583733235207 0.0045788601075987178 -0.0086162484786515541 -0.014160955872283932 0.019860940703519278 -0.034643482982157719 -0.025753707537346744 0.0048687104637029199 -0.035957884951475991 -0.035693170002132256 -0.0056655215586776273 0.036019295987412277 -0.030189539781948389 -0.019074261318525399 -0.0011391741284928823 0.0073892561011156561 -0.011601045474974883 0.030652678380503357 -0.0089610348271462938 0.0059385308422415274 -0.018867647180314077 -0.003034808841284908 0.0084764121750752486 -0.016964217738148168 0.0058994406394684458 0.042104075773314986 -0.039604303521346369 -0.010217551033259767 0.013990081901965091 0.0060987942742675889 -0.028263651622440995
leaf_weight=29.424542108550668 23.759637923911214 11.690096541307868 17.783756998367608 8.8219435214996391 15.85954876244068 13.646985821425913 21.422778700478375 14.520044448785482 22.399175796657801 24.490148264914751 20.076425351202488 26.296749470755458 20.518700994551182 21.063052047044039 19.977323912084103 27.637941747903824 24.444075559265912 29.758451648056507 39.709051735699177 31.603999931365252 21.079735033214092 26.818915992975235 26.520033095031977 18.094485342502594 18.563420906662941 24.041324689984322 20.324217319488525 21.334014199674129 24.308733580633998 28.989620804786682 14.246597132645546 23.206740164197981 26.46044934168458 29.259870851412416 35.866571873426437 24.868705773726106 18.928347649052739 24.496054209768772 19.909604467451572 23.418275691568851 19.819624546915293 21.478075014427304 21.651495046913624 15.501195268705485 18.77876178920269 9.1675940183922631 26.501397199928761 15.443071020767091 19.233937099575996
leaf_count=136 105 58 106 111 99 66 120 111 97 93 76 119 79 78 92 119 104 124 155 127 90 130 109 104 83 98 99 115 115 99 119 121 119 123 152 100 91 106 88 103 80 100 89 85 90 53 105 71 72
internal_value=0 0.00831466 0.00247735 0.00863021 0.0182531 -0.0109727 0.0237363 -0.0195984 -0.001079 0.00410116 -0.00298139 -0.0103385 -0.00529975 -0.0106486 -0.025764 -0.000415903 -0.00618175 0.00401383 0.0101077 -0.0059156 0.00860733 0.0143279 0.00280887 -0.0146695 -0.00692905 -0.0137901 -0.0166668 -0.0103448 -0.0201652 0.0206883 -0.00800316 -0.00154667 0.0135353 0.00851738 0.0129071 0.00598279 -0.0179096 -0.00823593 0.00540608 0.014264 -0.00535339 -0.00304854 0.0194986 0.026629 -0.0264715 -0.0278471 0.0237643 0.0183903 -0.0191629
internal_weight=0 167.617 122.434 96.2241 64.5876 31.6365 45.1824 26.2101 935.599 250.994 684.605 176.222 133.845 107.549 42.3765 508.383 220.708 287.675 178.257 109.418 41.1562 148.498 53.3389 68.2619 50.1674 133.116 87.03 66.7058 45.6427 95.1591 66.8779 52.6313 66.1695 184.116 133.378 82.3868 109.075 52.134 87.5916 47.8624 39.7292 50.7379 46.5202 48.728 56.941 17.9895 50.9915 33.2268 38.1623
internal_count=5084 985 760 591 361 230 225 169 4099 1138 2961 794 605 486 189 2167 951 1216 736 480 166 612 239 314 210 576 407 308 230 373 376 257 274 762 539 341 478 225 375 207 168 223 189 262 253 164 198 177 163
is_linear=0
shrinkage=0.05


Tree=112
num_leaves=50
num_cat=0
split_feature=33 40 21 22 26 26 10 42 18 40 59 46 46 60 60 2 59 57 50 1 38 1 7 1 21 65 18 12 24 41 11 11 35 53 5 50 9 53 5 11 10 60 59 42 9 18 46 12 53
split_gain=4.91731 3.93912 5.91342 4.65781 6.4401 6.49086 4.42649 4.3783 3.89156 6.44865 5.71332 4.5808 3.65981 4.51119 4.19162 4.70215 3.58412 3.9464 3.45625 5.99763 5.65192 4.91572 4.91419 4.94391 5.47488 4.65263 4.47382 6.69501 4.75083 6.35919 4.53004 4.3944 3.90346 10.1334 7.91353 4.14184 3.44738 6.72668 3.49973 3.34851 5.10043 4.44858 4.52871 3.31468 2.90836 2.3716 2.23754 2.15772 1.02787
threshold=1.5000000000000002 -3.7499999999999996 0.60952412990125227 2.1463386990484277 0.017907709651377363 0.0010378303219440732 1.1189189189189188 2.5393939393939395 4.5000000000000009 0.75000000000000011 -0.39827153806311183 43.500000000000007 9.5000000000000018 11.500000000000002 7.5000000000000009 68.500000000000014 0.21652257995689161 60.187500000000007 1.0000000180025095e-35 87.250000000000014 1.0000000180025095e-35 86.500000000000014 2.0349650349650354 88.250000000000014 0.52243118397129218 -0.37717181534043548 6.5000000000000009 0.14583333333333334 0.87500000000000011 -0.32575757575757569 -0.83998163998164033 -0.35001755001755036 82.750000000000014 4.5000000000000009 1.0000000180025095e-35 3.5000000000000004 0.65868725868725886 1.5000000000000002 -1.0000000180025095e-35 0.7098577098577098 0.43552123552123517 10.500000000000002 -0.42179730054635828 0.93725490196078443 1.1667953667953672 11.500000000000002 36.500000000000007 0.10416666666666667 1.0000000180025095e-35
decision_type=2 2 2 2 2 2 2 2 2 2 2 2 2 2 2 2 2 2 2 2 2 2 2 2 2 2 2 2 2 2 2 2 2 2 2 2 2 2 2 2 2 2 2 2 2 2 2 2 2
left_child=1 2 -1 8 5 -5 -6 47 39 12 -11 16 14 18 36 -16 -12 -18 26 21 25 32 23 -22 -25 -21 -14 28 29 -28 -29 -31 34 -34 35 -20 -10 -38 -39 40 41 42 -3 -44 -40 -2 -26 -7 -17
right_child=45 3 -4 4 6 7 -8 -9 9 10 11 -13 13 -15 15 48 17 -19 19 20 22 -23 -24 24 46 -27 27 30 -30 31 -32 -33 33 -35 -36 -37 37 38 44 -41 -42 -43 43 -45 -46 -47 -48 -49 -50
leaf_value=-0.0054434291004453496 0.0055870875944244039 0.016749628266855162 0.025604297714951943 0.0019607623534839492 0.019986062939769896 -0.05633739596230139 -0.013171898169196176 -0.0060269441841141391 -0.017447042539450602 -0.038303240988062516 0.0041233957284275971 0.0171023393760893 0.019571639886282188 -0.023060723985083922 -0.00096232170758584639 0.016181057186420707 -0.0040328872139711591 -0.041244296320182207 -0.016228502701364965 0.0028057053604099809 0.031969627764087759 -0.032700180781653161 -0.013247728115030827 0.019453427762126926 0.0053551828346619776 -0.033036975601146205 0.02088895487602787 0.00092025220408275654 0.025584625599403044 0.0037027674797505631 -0.034318086594900647 -0.027656306068129452 -0.024415734703142285 0.021738958254944478 -0.041609936346252208 0.013388073403773791 -0.018129011656889554 -0.0052491989719680773 0.030657948664971343 0.02588063889439067 -0.018574440025108059 0.026653149322639735 -0.023797510190852755 0.0030880644132917612 0.0061421522770774622 0.027098251033473943 -0.017505985117871145 -0.023367777848482974 0.032960704968500454
leaf_weight=27.006711401045322 29.544540833681822 33.102998927235603 33.614639401435852 18.048387325368822 19.728423185646534 16.127935431897644 18.618702255189419 10.312430479563771 21.45466572791338 18.806435434147716 15.785709840711204 13.971550922840832 37.892835352569818 23.519119672477245 26.701993528753519 20.75469833612442 12.869414352811875 15.653512272983788 27.355911862105131 17.801261335611343 22.859585424885154 22.717537833377719 22.849800702184439 37.508289808407426 19.804031293839216 17.126687191426754 23.259151637554169 16.978703511878848 24.764457561075687 23.589040573686361 18.578479235991836 19.876162402331829 18.833880534395576 28.732155557721853 19.073105245828629 19.276237197220325 23.673419920727611 19.876555476337671 25.62064154446125 20.139722417108715 19.513571195304394 25.014952886849642 17.355884708464146 30.01733754761517 23.313186162151396 22.575632650405169 21.398388087749481 10.150462105870245 22.907196804881096
leaf_count=119 130 127 117 127 99 124 89 74 87 151 112 57 146 103 116 82 106 92 119 84 88 116 101 159 77 85 80 72 88 94 108 82 93 111 92 79 113 79 86 84 116 108 66 153 114 85 89 114 88
internal_value=0 -0.000355316 0.0119087 -0.00112272 -0.0117088 -0.02258 0.00396126 -0.0344149 -5.20873e-06 -0.0014665 -0.0150626 -0.00704339 0.000122416 -0.00216227 0.00609904 0.0156011 -0.0148665 -0.02516 -0.00104673 -0.00427988 0.00230217 -0.0119531 0.00729746 0.0120035 0.00587652 -0.0151999 0.00473342 0.000189473 0.00734805 0.000301786 -0.0179267 -0.0109369 -0.00754229 0.00333746 -0.0153504 -0.00396191 0.000146271 0.00437059 0.0122601 0.00745587 0.00430558 0.00867257 0.00282502 -0.0070502 0.019335 0.0152393 -0.00665119 -0.0449258 0.0255254
internal_weight=0 1043.94 60.6214 983.315 92.9863 54.6392 38.3471 36.5908 890.328 745.184 77.0866 58.2802 668.097 483.795 184.302 70.3639 44.3086 28.5229 460.276 295.337 159.348 135.989 124.42 101.57 78.7107 34.9279 164.939 127.046 91.4888 66.7244 35.5572 43.4652 113.271 47.566 65.7053 46.6321 113.938 92.4838 68.8104 145.144 125.005 105.491 80.4762 47.3732 48.9338 52.1202 41.2024 26.2784 43.6619
internal_count=5081 4866 236 4630 627 439 188 312 4003 3349 518 367 2831 2066 765 286 310 198 1963 1293 683 610 514 413 325 169 670 524 344 256 180 176 494 204 290 198 479 392 279 654 570 454 346 219 200 215 166 238 170
is_linear=0
shrinkage=0.05


Tree=113
num_leaves=51
num_cat=0
split_feature=42 8 1 26 10 58 35 54 26 45 3 42 35 37 45 26 26 36 7 57 10 25 36 57 6 37 22 3 2 22 45 45 42 50 26 22 55 41 22 7 41 45 7 58 52 41 45 42 7 26
split_gain=4.49038 4.86529 5.86027 6.05839 5.79539 5.65197 7.02349 5.28281 5.40453 10.1426 7.35623 5.72866 8.95679 5.1545 5.87136 4.96905 4.62102 4.38004 4.55328 4.29977 9.0446 6.91443 5.71551 6.75497 6.11814 5.70991 4.21199 3.78351 3.57174 3.44346 4.77772 5.45625 4.50542 4.23004 4.08536 4.03446 5.58165 3.47329 3.45634 3.27052 3.08 3.58483 4.47957 4.30628 2.95741 2.7853 2.67027 1.94471 1.7663 0.369563
threshold=3.8257575757575766 -0.29110892954795509 87.250000000000014 0.023126488061298158 3.5559845559845562 0.58481550752069722 83.250000000000014 52.500000000000007 0.0035111110977353436 33.500000000000007 22.500000000000004 1.8397435897435901 88.750000000000014 4.2500000000000009 60.500000000000007 0.041447093911580836 0.0058433984665388601 80.250000000000014 0.62937062937062982 58.187500000000007 0.3474903474903473 0.52272727272727282 71.750000000000014 61.562500000000007 4.1571428571428575 8.2500000000000018 1.2544668640371113 32.500000000000007 62.500000000000007 0.9589345914202152 43.500000000000007 57.500000000000007 1.6220238095238098 1.0000000180025095e-35 0.0038011629490568234 1.5238585621733911 6.5000000000000009 0.085144927536231887 1.4018062483443783 1.5188811188811193 -0.18898809523809521 5.5000000000000009 0.79860139860139878 0.85673801594079257 3.5000000000000004 -0.097619047619047605 7.5000000000000009 1.8786764705882355 0.75524475524475554 0.0046740366345960817
decision_type=2 2 2 2 2 2 2 2 2 2 2 2 2 2 2 2 2 2 2 2 2 2 2 2 2 2 2 2 2 2 2 2 2 2 2 2 2 2 2 2 2 2 2 2 2 2 2 2 2 2
left_child=1 5 13 4 7 6 -1 17 11 10 -10 12 -9 14 -3 -8 -11 -4 -19 20 21 26 23 -21 25 29 -15 -13 -22 32 35 -32 34 -34 -24 38 -37 -36 40 -26 -31 43 -43 49 -12 -23 -27 -28 -38 -42
right_child=-2 2 3 -5 -6 -7 15 8 9 16 44 27 -14 19 -16 -17 -18 18 -20 22 28 45 24 -25 39 46 47 -29 -30 30 31 -33 33 -35 37 36 48 -39 -40 -41 41 42 -44 -45 -46 -47 -48 -49 -50 -51
leaf_value=0.033781390741731115 0.024139473145121323 -0.033789583891599854 0.030895570416874709 -0.021742553747718957 0.030686535433837116 -0.012548745885938427 0.0151083561712341 -0.049882807740982762 0.013813268132493828 0.036128051986389249 -0.037770801902853673 -0.011412574183581272 -0.0030414649560864381 0.0032665237552377373 0.0030691334108445367 -0.014860115903294377 0.0087992824316250606 0.023434960973217428 -0.0079689715205703473 -0.0016270553052709455 0.0114055487020574 0.020153145112976386 0.017209311645342732 -0.034971712262683578 -0.0061400456329102383 -0.037454094425303175 -0.060422519922591067 0.016909539904598835 0.042770557994051023 -0.0062821337302325963 -0.030670544221089769 0.0045894339987693012 -0.035443521129007428 -0.0035208818814704123 -0.020198238721098324 0.010681931194258653 -0.0059734639447958059 0.0076186559343854043 0.027478738402255138 -0.039016851643196439 0.017128353149058455 0.034941147200785998 0.0059817767581701676 -0.015145072900018109 -0.0076255266618239356 -0.0049153104093190821 -0.0058692293538223986 -0.021113016365793155 -0.029660492356550557 0.0070769295910057747
leaf_weight=32.315574999898672 19.039843782782555 27.418949337676167 28.313550006598234 19.42634766548872 21.767127428203821 21.708866555243731 39.900488924235106 16.427881116047502 21.393089864403009 26.598983097821474 16.235202539712191 22.062011703848839 24.964886033907533 7.99644831940532 17.181082531809807 19.963525101542473 37.21914991363883 19.577276593074203 25.467659743502736 29.890317588113248 20.747529063373804 20.899415869265795 24.596363242715597 30.095658938400447 14.812035692855718 13.52291019074619 6.4372063316404811 23.180523481220007 16.684805915690958 30.899061523377895 18.937241025269032 23.903840748593211 19.907070599496365 21.092210022732615 24.100679375231266 31.532060215249658 15.670648951083423 19.551430232822895 25.01810816116631 15.463417530059813 20.128081683069468 26.400949664413929 27.02184918243438 20.671416126191616 16.614265965297818 21.793735871091485 13.225693318992851 8.4505172362551075 16.198710115626454 20.363948818296194
leaf_count=140 94 141 107 96 77 95 153 89 82 89 93 86 132 37 69 93 140 82 122 140 138 82 99 139 69 105 94 89 75 136 89 90 85 88 98 153 67 89 99 94 74 105 114 92 91 145 68 89 110 86
internal_value=0 0.0002532 -0.000898417 0.00464099 0.00641705 0.0099827 0.0153667 0.00441399 0.000266299 0.00720149 -0.00861625 -0.00915885 -0.0223699 -0.00361948 -0.0198347 0.00503448 0.0205714 0.0158283 0.00589224 -0.0023954 0.00686685 -0.00435903 -0.00430207 -0.0186556 -0.00232092 -0.000703561 -0.0259384 0.00315045 0.0261351 0.000869118 0.00383468 -0.0113408 -0.00660987 -0.0194957 0.00130083 0.0066506 -0.00407132 -0.00784767 0.010638 -0.0236427 0.00757422 0.0113327 0.0206722 0.00297386 -0.0231999 0.00753674 -0.0226115 -0.0408431 -0.0185493 0.0123658
internal_weight=0 1083.75 969.861 319.248 299.822 113.888 92.1796 278.054 204.696 118.061 54.2426 86.6353 41.3928 650.613 44.6 59.864 63.8181 73.3585 45.0449 606.013 103.01 65.5773 503.004 59.986 443.018 412.742 22.8842 45.2425 37.4323 385.994 276.746 42.8411 109.248 40.9993 68.2485 233.905 63.4014 43.6521 170.503 30.2755 145.485 114.586 53.4228 61.1634 32.8495 42.6932 26.7486 14.8877 31.8694 40.492
internal_count=5109 5015 4534 1375 1279 481 386 1202 891 495 266 396 221 3159 210 246 229 311 204 2949 660 447 2289 279 2010 1847 220 175 213 1674 1215 179 459 173 286 1036 330 187 706 163 607 471 219 252 184 227 173 183 177 160
is_linear=0
shrinkage=0.05


Tree=114
num_leaves=47
num_cat=0
split_feature=1 26 47 0 9 26 25 50 0 12 53 53 36 8 53 42 42 62 1 8 60 3 50 45 3 10 52 61 52 26 38 25 9 46 4 45 59 26 26 49 51 65 52 45 53 51
split_gain=3.31422 4.90306 6.60814 4.59416 6.42905 11.2328 5.02242 4.72598 4.78613 4.72495 4.52891 5.74053 5.16861 4.22758 5.14477 3.5137 3.22338 4.67629 4.00482 3.40808 6.98148 4.86886 9.17815 8.23304 7.66475 5.86798 5.43314 6.67865 5.38817 4.19543 4.58821 4.5088 4.09929 4.04245 3.90844 3.07007 4.04754 4.56662 7.17247 6.56394 4.93328 5.45463 3.8055 2.63525 2.09202 0.730356
threshold=87.250000000000014 0.02123772358232735 1.0000000180025095e-35 84.750000000000014 1.0615943674767208 0.0048652954412467643 0.52272727272727282 7.5000000000000009 69.750000000000014 1.0000000180025095e-35 15.500000000000002 10.500000000000002 75.750000000000014 1.9330434782608699 3.5000000000000004 1.8619047619047622 0.89444444444444449 1.5000000000000002 73.500000000000014 2.0932628230172465 4.5000000000000009 62.500000000000007 2.5000000000000004 23.500000000000004 52.500000000000007 0.37683397683397668 1.0000000180025095e-35 1.0000000180025095e-35 6.5000000000000009 0.0020776166129196122 1.0000000180025095e-35 0.63068181818181823 1.2711315378728594 10.500000000000002 0.62500000000000011 8.5000000000000018 -0.99052477729077237 0.0038011629490568234 0.0056596548061294107 74.500000000000014 96.500000000000014 -0.41527477868618629 2.5000000000000004 25.500000000000004 2.5000000000000004 71.500000000000014
decision_type=2 2 2 2 2 2 2 2 2 2 2 2 2 2 2 2 2 2 2 2 2 2 2 2 2 2 2 2 2 2 2 2 2 2 2 2 2 2 2 2 2 2 2 2 2 2
left_child=3 13 -3 7 43 6 -6 8 9 -1 11 16 15 35 -15 -13 17 -10 -18 21 -21 24 23 26 28 -25 -23 -28 29 31 -31 -20 34 -24 -32 -2 -37 40 45 42 41 -38 -40 -5 -11 -39
right_child=1 2 -4 4 5 -7 -8 -9 10 44 -12 12 -14 14 -16 -17 18 -19 19 20 -22 22 33 25 -26 -27 27 -29 -30 30 32 -33 -34 -35 -36 36 37 38 39 -41 -42 -43 -44 -45 -46 -47
leaf_value=0.0070698225289279508 -0.011896212136086522 -0.033772704922278657 0.0094437842856776553 -0.01441592983244566 0.0011431291608675921 0.021555414601023656 -0.039106536390392001 0.021802418880959639 -0.02503285289697026 -0.016220307295602095 0.023047180871310555 -0.042264123680930007 0.0023868746723735498 0.0050078499621211674 0.035843860968969236 -0.01127049788851371 0.021808749813897327 0.0057814226717687218 -0.031850433668556201 0.0070931017204257695 -0.034211262010158748 -0.023825446730977737 -0.0046582213205762849 0.032184855207909556 0.02910658678568713 -0.0016313866150673732 -0.01607498406803199 0.019363171885262376 0.021470559495330787 -0.012077539065946413 0.032319531262592696 0.0013068925379719622 -0.0045629217715570363 -0.03287222099055901 0.0058849534032217295 0.023918983647975095 -0.015529000498298699 0.017805911460150717 0.020772656041963315 -0.023747119954792284 -0.025390979906941259 0.013861357783123583 -0.0039871422933652817 -0.043819608708164287 -0.058027524903496323 0.032562445074994138
leaf_weight=7.9437329992651966 25.780859816819429 17.223433114588261 16.521369442343712 17.364284077659249 13.480371552519502 27.221437316387892 17.059667117893696 23.984773246571422 25.555816818028688 6.5511105135083181 20.420839346945286 17.032109025865793 27.067351344972849 29.43796107545495 24.642410213127732 20.61888452898711 24.818483106791973 22.3788943272084 17.914004873484373 21.326741831377149 18.1793801356107 27.477190863341093 22.73002409748733 31.877935864031315 34.706282492727041 20.885015100240707 23.382660858333111 28.278211059048772 34.232609084341675 29.418777074664831 25.680812437087297 22.224999111145735 29.258931530639529 28.887682851403952 30.543911591172218 26.800314797088504 25.802786154672503 21.656039087101817 31.199961800128222 19.550690837204456 21.570585696026683 37.433003233745694 29.431822711601853 15.042018327862023 6.878727987408638 21.822919905185699
leaf_count=49 136 91 73 87 89 124 93 137 95 82 77 92 115 129 92 92 144 91 104 120 124 130 105 112 136 89 104 111 148 133 95 93 141 132 126 106 123 82 124 84 101 143 134 84 107 78
internal_value=0 0.00490879 -0.0129512 -0.00099546 -0.011507 -0.00138481 -0.0218674 0.000477553 -0.000372597 -0.0230823 0.000466604 -0.000360348 -0.0142848 0.0068562 0.0194543 -0.0260218 0.00139757 -0.0108227 0.00265935 0.00154983 -0.0122891 0.00291829 -0.00311112 0.00390482 0.00785037 0.0190181 -0.00628308 0.00332255 0.00382023 -0.000189526 0.0046806 -0.0139057 0.0105208 -0.0207727 0.0183128 0.00418202 0.00598677 0.00357825 0.00967504 0.0007332 -0.00532101 0.00181384 0.0088841 -0.0289674 -0.0401712 0.0257781
internal_weight=0 348.874 33.7448 740.424 90.1678 57.7615 30.54 650.256 626.271 21.3736 604.898 584.477 64.7183 315.129 54.0804 37.651 519.758 47.9347 471.824 447.005 39.5061 407.499 183.519 131.901 223.98 52.763 79.1381 51.6609 189.274 155.041 114.902 40.139 85.4837 51.6177 56.2247 261.049 235.268 208.468 123.661 80.1825 84.8064 63.2358 60.6318 32.4063 13.4298 43.479
internal_count=5057 1496 164 3561 477 306 182 3084 2947 238 2709 2632 299 1332 221 184 2333 186 2147 2003 244 1759 783 546 976 201 345 215 840 692 495 197 362 237 221 1111 975 869 502 342 367 266 258 171 189 160
is_linear=0
shrinkage=0.05


Tree=115
num_leaves=48
num_cat=0
split_feature=20 18 47 12 52 57 2 22 50 42 36 59 36 42 4 48 41 41 37 11 22 18 41 42 29 37 4 38 65 65 51 51 51 6 11 38 37 42 1 59 58 15 36 57 65 11 50
split_gain=3.92862 5.84302 5.33279 3.61079 3.45463 4.25623 6.30783 5.02352 4.87296 4.24054 3.88986 3.34719 10.2462 7.90495 4.92192 9.10764 7.58434 4.31598 5.80971 6.54298 5.21646 5.75046 4.4278 6.70728 4.24822 3.75586 5.38331 3.58195 3.50383 6.91779 7.7938 5.70475 4.15038 4.18446 4.81002 4.51073 3.75986 4.86095 5.72555 3.90856 3.74372 3.65675 3.26997 2.82905 2.59651 2.19238 2.15163
threshold=1.0000000180025095e-35 4.5000000000000009 3.5000000000000004 0.43750000000000006 8.5000000000000018 55.312500000000007 73.500000000000014 1.049785099688922 1.0000000180025095e-35 1.9148550724637683 72.750000000000014 0.28313308994381592 76.250000000000014 1.1055555555555558 1.0000000180025095e-35 1.0000000180025095e-35 -0.093073593073593058 -0.53589743589743577 5.2500000000000009 -0.3752085752085757 0.75913311233774816 7.5000000000000009 -0.17028985507246372 1.7362318840579711 0.98611111111111127 7.2500000000000009 1.2500000000000002 1.0000000180025095e-35 2.699425587715826 1.0468179961504429 61.500000000000007 84.500000000000014 57.500000000000007 1.21764705882353 -0.27307827307827304 1.5000000000000002 5.7500000000000009 1.4494949494949496 90.500000000000014 -0.6391983530350368 -0.048361574224334618 7.5000000000000009 72.250000000000014 70.437500000000014 -1.1463211661045005 -0.70679590679590665 1.0000000180025095e-35
decision_type=2 2 2 2 2 2 2 2 2 2 2 2 2 2 2 2 2 2 2 2 2 2 2 2 2 2 2 2 2 2 2 2 2 2 2 2 2 2 2 2 2 2 2 2 2 2 2
left_child=-1 2 4 11 5 9 7 -7 -8 -2 -9 13 17 -3 15 16 -15 -13 19 -19 -20 22 -22 -24 -16 26 46 -14 29 32 -31 -32 33 35 -35 41 39 -38 40 -34 -39 45 -27 -29 -18 -26 -23
right_child=1 3 -4 -5 -6 6 8 10 -10 -11 -12 12 27 14 24 -17 44 18 20 -21 21 25 23 -25 28 42 -28 43 -30 30 31 -33 36 34 -36 -37 37 38 -40 -41 -42 -43 -44 -45 -46 -47 -48
leaf_value=-0.022056386025372868 0.047140311145405227 -0.032473905086951103 0.036097026583141706 -0.019958332302011772 0.027792042273146189 0.011364795123949055 0.028527042023111959 -0.0068738513029572472 -0.0013555054391536335 0.0028770589648620341 -0.039408087282258364 0.020951246891435502 0.035761208656017444 0.021306304276829377 0.019285746461751036 -0.038305625745840295 -0.0026518064790511178 -0.0005415948323981689 0.025664349358419526 -0.041242664241433739 0.00025463867551338276 0.0096827248611309757 -0.046752663279086254 -0.0041532543274375054 0.020787316308973916 0.0041502622328857507 -0.0059631622818912882 0.023966220686332557 -0.015756200710667936 -0.010541400845773843 0.037711461457057623 0.0063882982837096276 -0.035730994475416604 -0.025461445247659677 0.0042068509384622444 0.023790719498658242 -0.021666460265836587 -0.023796746279803063 0.016284618765643612 -0.0046348702218357886 0.0025255595934824547 -0.01262471124834269 -0.02255821395751486 -9.4861843836086887e-05 -0.043062644133179742 -0.0010780595208586428 0.031088007462351016
leaf_weight=17.32609080709517 9.4068012740463036 19.750738856382668 16.591737128794193 21.691050005145371 16.329629580490291 14.941272933036087 23.041446873918176 20.129812313243747 31.342327695339918 11.561773904599248 16.745161787606776 20.806843869388103 24.819107353687286 20.070025507360697 27.922686707228422 23.035114036872983 7.6654307926073653 20.907506352290511 18.539314661175013 17.757140075787902 34.405818473547697 22.760108929127455 16.863794152624905 19.587206060066819 23.14739902317524 29.903670530766249 26.881636187434196 23.988847646862268 33.658712491393089 23.117515936493874 30.952694550156593 27.560648404061794 20.824409700930119 22.000369346700609 33.071460276842117 33.721173256635666 27.652876584790647 22.350228823721409 38.866104621440172 19.45387802273035 31.644976105540991 26.5679567810148 17.336202245205641 23.886402348056436 7.5817078240215778 21.647526208311319 26.45106484554708
leaf_count=86 81 132 55 123 81 58 85 110 144 105 105 100 88 107 99 159 93 90 71 84 135 91 141 115 85 146 123 95 155 92 103 104 94 111 130 122 127 107 133 75 136 131 78 97 102 84 93
internal_value=0 0.00129221 0.0100687 -0.0002631 0.00683026 0.00394274 -0.000199493 -0.0125601 0.0115917 0.0239761 -0.0222983 0.000240379 0.00408475 -0.00220776 -0.00100387 -0.014562 0.00155283 -0.000391501 -0.00223397 -0.0198025 0.00103693 -0.0014337 -0.0126873 -0.0245837 0.000728234 0.00508173 0.0118973 0.0206237 -0.000500985 0.000810349 0.0137141 0.023313 -0.00250402 0.00318486 -0.0078879 0.00900747 -0.00815504 -0.0036606 0.00187502 -0.0211881 -0.00860462 0.00178968 -0.00591572 0.0122051 -0.02416 0.0104279 0.0215781
internal_weight=0 1068.94 160.09 908.849 143.498 127.169 106.2 51.8162 54.3838 20.9686 36.875 887.158 344.895 542.264 522.513 58.3523 35.3172 272.2 251.393 38.6646 212.729 194.19 70.8568 36.451 464.161 123.333 76.0928 72.6944 436.238 402.579 81.6309 58.5133 320.948 160.156 55.0718 105.084 160.792 120.514 92.8613 40.2783 53.9952 71.3629 47.2399 47.8752 15.2471 44.7949 49.2112
internal_count=5061 4975 824 4151 769 688 502 273 229 186 215 4028 1547 2481 2349 461 302 1267 1167 174 993 922 391 256 1888 531 307 280 1789 1634 299 207 1335 663 241 422 672 503 376 169 243 300 224 192 195 169 184
is_linear=0
shrinkage=0.05


Tree=116
num_leaves=47
num_cat=0
split_feature=42 42 9 8 45 42 49 7 26 7 9 39 58 41 18 22 23 26 2 11 11 54 54 58 53 65 7 11 41 9 8 8 35 25 15 37 9 2 53 36 26 25 58 58 55 41
split_gain=3.63135 4.49577 5.35281 4.92201 6.71123 5.31076 5.44611 6.30256 4.34727 3.96917 3.311 4.49071 4.5968 4.38063 5.26274 3.80692 4.82031 7.64232 5.90863 5.31366 5.13967 9.6009 7.34582 7.92311 6.86934 5.68501 4.31653 4.31523 4.21481 3.93692 4.78473 4.68066 3.82701 3.71905 7.12854 4.01327 3.7154 3.40206 3.28394 3.09194 2.97482 2.75344 2.67539 5.09002 1.69758 1.08245
threshold=3.8257575757575766 2.8452380952380958 1.2872586872586878 1.8848150292363808 50.500000000000007 1.5266106442577032 16.500000000000004 2.2338572522260995 0.0025261270297051584 1.732867132867133 1.9111969111969114 1.5000000000000002 0.3261394409934788 0.30217391304347835 1.0000000180025095e-35 1.6867993806478929 1.0000000180025095e-35 0.017907709651377363 79.250000000000014 1.1163971163971167 -0.36264276264276246 77.500000000000014 28.500000000000004 -0.93545489084327571 1.0000000180025095e-35 -1.5308958414865332 1.0517482517482521 0.46262926262926246 -0.30217391304347824 1.43938223938224 0.85639751552795063 -0.14999999999999994 87.250000000000014 0.41428571428571431 7.5000000000000009 5.7500000000000009 0.69729729729729761 72.500000000000014 4.5000000000000009 79.750000000000014 0.0039681991713246692 0.31666666666666671 0.67802080537253961 -0.05695216311707673 7.5000000000000009 -0.093073593073593058
decision_type=2 2 2 2 2 2 2 2 2 2 2 2 2 2 2 2 2 2 2 2 2 2 2 2 2 2 2 2 2 2 2 2 2 2 2 2 2 2 2 2 2 2 2 2 2 2
left_child=1 3 -3 10 5 9 7 44 -8 -5 13 12 -12 15 -15 16 20 18 19 27 21 24 25 -24 45 -22 -27 29 -17 30 31 -18 42 35 -35 -25 -33 -38 -32 -30 -23 -16 43 -26 -7 -1
right_child=-2 2 -4 4 -6 6 8 -9 -10 -11 11 -13 -14 14 41 28 17 -19 -20 -21 22 40 23 33 32 26 -28 -29 39 -31 38 36 -34 34 -36 -37 37 -39 -40 -41 -42 -43 -44 -45 -46 -47
leaf_value=0.0092491086408994835 0.019924091960690463 0.0047434908098728237 -0.030828038893669953 0.048036378762586318 -0.019023435307237949 -0.0054773258998662248 0.035423448299823551 -0.032955035258151237 0.0054481550863642453 0.010588627448289005 0.0089892646022982116 -0.036770556131780999 -0.0232876052435926 0.0022418667975631717 -0.010587467340260531 0.028684826786130754 0.011160307234520356 -0.029824550331892481 0.015064378183017788 -0.02876036879015445 0.028811716074896923 0.01102877677108614 0.014981799349175796 -0.051499796164502704 -0.0080860624140301311 0.015819542778367675 -0.013633761125390579 0.013696055576665084 0.013443970886723744 -0.022505464204627373 -0.0011605816241600619 0.00069257020410666852 -0.023897583799272818 -0.028379786953526845 0.011453195621025746 -0.015085337662555008 -0.038300754842739954 -0.011735340509489723 0.024287853016909312 -0.010632623497666581 0.03310855909092069 -0.037459740573838961 -0.013579806128438003 0.022106063253589821 0.019184475403111759 0.026518847326859486
leaf_weight=19.305007062852383 19.847895326092839 17.116181388497353 25.710100936703384 14.9627657905221 18.563234442844987 12.794947411864996 19.179997375234962 14.048564988188444 31.314979994669557 14.004613502882419 24.696578169241548 14.196579013951121 18.400392587296665 32.278888791799545 19.502532821148634 21.885684221982956 20.478189017623663 28.873707432299852 37.305836115032434 22.36865958571434 21.886639062315226 28.243999537080526 19.414628902450204 14.704956583678724 30.542606599628925 20.394847873598337 28.730729756876826 29.906879415735602 29.272912690415978 30.813113298267126 31.279353320598602 24.448800399899483 22.381207634694874 23.690960690379143 19.82996211387217 16.908570254221559 20.457140687853098 30.610992509871721 20.217678382992744 22.877190057188272 36.320054162293673 19.947703195735812 26.854424271732569 24.143785119056702 13.481856021098793 19.396619405597448
leaf_count=77 99 75 140 80 98 84 79 139 143 115 124 104 104 103 104 102 85 133 150 98 93 118 84 78 134 76 129 120 130 147 130 103 125 98 103 100 94 130 77 104 135 114 117 92 95 84
internal_value=0 -0.00114938 -0.0168275 -0.000469225 0.00825796 0.0126082 0.00650448 -0.00710601 0.0173008 0.0308893 -0.00186084 -0.0133734 -0.00500704 -0.00103641 -0.0127481 0.000109017 -0.00108636 -0.00583109 -0.00314369 -0.00614192 0.0026966 0.00792842 -0.00385892 -0.0129281 0.00064377 0.00822803 -0.00133435 -0.00358612 0.0107893 -0.00654505 -0.0030816 -0.00964442 -0.00606391 -0.020242 -0.0103806 -0.0330832 -0.0153582 -0.0229083 0.00910278 0.00288073 0.0237651 -0.0247654 -0.000938724 0.00540122 0.00741536 0.0183544
internal_weight=0 1053.75 42.8263 1010.92 138.351 119.788 90.8203 40.3254 50.495 28.9674 872.568 57.2935 43.097 815.274 71.7291 743.545 669.509 296.76 267.887 230.581 372.749 207.188 165.561 94.5491 142.624 71.0122 49.1256 208.212 74.0358 178.305 147.492 95.9951 103.922 75.1344 43.5209 31.6135 75.5169 51.0681 51.497 52.1501 64.5641 39.4502 81.5408 54.6864 26.2768 38.7016
internal_count=5046 4947 215 4732 833 735 540 318 222 195 3899 332 228 3567 321 3246 2910 1267 1134 984 1643 882 761 463 629 298 205 886 336 766 619 412 468 379 201 178 327 224 207 234 253 218 343 226 179 161
is_linear=0
shrinkage=0.05


Tree=117
num_leaves=49
num_cat=0
split_feature=47 58 53 41 62 1 3 18 45 2 58 12 58 37 24 10 6 3 5 8 39 0 8 51 10 53 3 25 18 53 7 53 6 11 41 25 8 49 12 6 49 18 6 0 54 45 49 41
split_gain=4.70609 4.04732 5.18692 3.48507 4.0927 3.79316 3.44311 4.19211 3.89517 3.43503 3.83551 3.7261 3.61807 3.65485 8.02542 6.39778 8.87237 4.11646 6.04032 4.29145 8.61467 8.23808 6.61999 7.59267 5.19489 4.1902 4.99099 6.47623 5.30201 6.19472 4.89505 4.26196 4.66307 5.16896 4.11209 3.78417 7.67564 3.45025 3.4089 5.66035 3.89141 3.80551 3.20961 3.68085 2.86232 3.15666 2.74031 2.34787
threshold=4.5000000000000009 0.99274428880883148 6.5000000000000009 0.30217391304347835 1.5000000000000002 78.500000000000014 232.50000000000003 2.5000000000000004 66.500000000000014 59.500000000000007 0.97696484778429815 1.0000000180025095e-35 0.95752911693909493 7.7500000000000009 0.37500000000000006 -1.5305019305019305 2.2285714285714291 7.5000000000000009 1.0000000180025095e-35 0.71739130434782628 1.0000000180025095e-35 82.250000000000014 1.0565217391304349 56.500000000000007 0.95366795366795376 3.5000000000000004 27.500000000000004 0.68333333333333346 9.5000000000000018 1.0000000180025095e-35 1.6573426573426577 4.5000000000000009 -1.0026578073089694 -0.76315576315576317 -0.11324786324786323 0.47727272727272735 0.67565217391304355 45.500000000000007 0.22916666666666671 0.68571428571428628 39.500000000000007 6.5000000000000009 2.2285714285714291 73.250000000000014 65.500000000000014 10.500000000000002 42.500000000000007 0.73863636363636376
decision_type=2 2 2 2 2 2 2 2 2 2 2 2 2 2 2 2 2 2 2 2 2 2 2 2 2 2 2 2 2 2 2 2 2 2 2 2 2 2 2 2 2 2 2 2 2 2 2 2
left_child=1 3 -3 6 5 -5 7 -1 9 42 11 -11 13 17 34 -16 -17 37 25 21 -21 -20 -22 -24 -23 26 27 30 38 46 -19 -27 33 -33 -15 36 -34 -13 39 40 -28 -40 43 -9 45 -37 -30 -6
right_child=-2 2 -4 4 47 -7 -8 8 -10 10 -12 12 -14 14 15 16 -18 18 19 20 22 24 23 -25 -26 31 28 -29 29 -31 -32 32 35 -35 -36 44 -38 -39 41 -41 -42 -43 -44 -45 -46 -47 -48 -49
leaf_value=-0.018736141177819909 0.021573114511147309 -0.037639456804393207 0.0025515361741053843 -0.031426867015601372 -0.007586517205060205 -0.0029150500665140878 0.022587554544123672 0.0060726039370819045 -0.019440167651486887 0.022474450237512572 0.020579058397469402 0.028938912705396721 -0.020288230073694145 -0.007538985567101507 0.022278014179291494 -0.034386177544771766 0.0099838673065200129 -0.028563743604188119 0.001955469178430572 -0.023671895802175588 0.029605565105487702 -0.010755321533199962 -0.021937875734964852 0.017079590073669822 -0.049451250521609917 -0.020907447275189211 0.030393539712623641 0.015649825833852202 -0.019237581213254664 0.019049670851264165 0.0038063137935753135 0.0014397445057205754 0.021745579686479319 -0.0307302370852514 -0.039046687702120157 0.019718684355122681 -0.020151528869333746 0.0021611273478241862 0.024444764131720351 0.047527687781428324 0.0031588805827242163 -0.009137999991173363 -0.0042003870518646279 0.038613099470822448 0.030000329447585725 -0.0063932209782514224 0.0059531097820228959 0.021763800164894015
leaf_weight=22.610977026633918 28.061238288879395 14.100356195122005 16.887179589364678 23.163570768199861 13.006477909628304 22.988304479047656 19.922744084149599 16.581121326424181 18.619924064725637 20.043285574764013 26.854803122580051 26.194192260503769 18.202772178687155 20.929346971213818 27.178506501019001 17.866176905110478 27.166921008378267 23.98299253731966 34.825046747922897 25.688583262264729 25.308893501758575 16.726846925914288 22.854382995516062 25.129828110337257 18.735780578106642 21.905598813667893 25.996739495545626 31.299282848834991 25.395384566858411 34.584478988312185 21.539696175605059 35.354465991258621 17.251884020864964 18.23409141227603 20.716125939041376 24.40802974998951 26.297505587339401 21.882417447865009 15.025238212198017 21.976166609674692 26.013074103742838 16.99456112831831 13.992107132449744 18.339251819998026 21.550694733858109 20.561996579170227 17.628900695592165 12.482076554559169
leaf_count=152 112 99 83 130 120 108 106 111 85 78 117 93 95 90 117 106 135 105 145 121 98 76 116 107 93 99 104 106 119 148 100 133 68 79 154 97 141 78 80 83 97 96 93 73 74 84 72 48
internal_value=0 0.00117485 -0.0163417 0.00172035 -0.00884014 -0.0175881 0.00252318 0.00207074 0.00260783 0.00308975 0.00233153 0.00170612 0.00115522 0.00168287 -0.00655621 0.00355463 -0.00798384 0.00310477 0.00198975 -0.0060285 0.000701054 -0.0153822 0.0094472 -0.0015725 -0.0319949 0.00503957 0.00911813 -0.001572 0.013575 0.00357453 -0.0134948 -0.000702829 0.0021121 -0.00986886 -0.0237603 0.00798146 -0.00343863 0.0170432 0.0207948 0.0266431 0.0170885 0.00688371 0.0158385 0.0237612 0.0153981 0.00789998 -0.0090151 0.00706572
internal_weight=0 1055 30.9875 1024.01 71.6404 46.1519 952.371 932.448 909.837 891.217 842.305 815.45 795.407 777.204 113.857 72.2116 45.0331 663.347 615.27 169.269 98.9817 70.2877 73.2931 47.9842 35.4626 446.001 260.437 76.822 183.615 77.6088 45.5227 185.564 163.659 53.5886 41.6455 110.07 43.5494 48.0766 106.006 73.986 52.0098 32.0198 48.9125 34.9204 66.5207 44.97 43.0243 25.4886
internal_count=5024 4912 182 4730 406 238 4324 4218 4066 3981 3704 3587 3509 3414 602 358 241 2812 2641 756 442 314 321 223 169 1885 1110 311 799 339 205 775 676 212 244 464 209 171 460 284 201 176 277 184 255 181 191 168
is_linear=0
shrinkage=0.05


Tree=118
num_leaves=46
num_cat=0
split_feature=42 42 12 41 42 52 37 7 42 9 52 45 49 42 8 7 57 53 10 37 0 0 1 51 2 10 60 57 6 8 26 7 42 7 8 19 6 49 36 51 26 45 7 18 41
split_gain=6.95499 5.87518 5.32982 4.65397 6.13962 5.38417 5.07005 5.05881 5.19851 6.51842 8.51261 6.49159 7.42036 6.33943 6.14797 6.21837 7.88928 7.65076 4.72289 3.88659 4.86367 5.29523 6.45156 4.42631 4.76013 4.28845 4.73254 5.39105 5.50949 4.40575 4.57496 3.96416 5.1739 3.64588 5.48989 5.4699 4.09363 3.47146 3.42874 3.38117 3.27273 3.68327 3.15292 2.0871 1.27213
threshold=0.57603686635944717 0.77350427350427364 0.47916666666666669 -0.53137254901960773 3.1269841269841274 4.5000000000000009 5.2500000000000009 3.5034965034965038 1.4868421052631582 1.5169593717757988 9.5000000000000018 53.500000000000007 40.500000000000007 1.3205128205128207 1.2062548806623024 -0.33146853146853134 63.812500000000007 3.5000000000000004 -1.6787644787644784 7.7500000000000009 89.250000000000014 88.250000000000014 88.250000000000014 2.5000000000000004 72.500000000000014 -2.909652509652509 11.500000000000002 61.187500000000007 4.6285714285714299 0.83217391304347832 0.0033692954030817672 -0.37762237762237738 1.9148550724637683 1.2377622377622381 0.84782608695652184 2.7500000000000004 1.0000000180025095e-35 68.500000000000014 73.750000000000014 65.500000000000014 0.0027840687432916758 9.5000000000000018 1.6573426573426577 7.5000000000000009 -0.18898809523809521
decision_type=2 2 2 2 2 2 2 2 2 2 2 2 2 2 2 2 2 2 2 2 2 2 2 2 2 2 2 2 2 2 2 2 2 2 2 2 2 2 2 2 2 2 2 2 2
left_child=-1 -2 3 4 5 6 -3 8 9 10 11 12 14 -14 15 -5 -17 -18 -11 20 21 22 25 -21 38 31 27 29 33 -27 -31 -10 -33 34 35 39 -36 -22 -25 -29 -35 -42 -20 -28 -9
right_child=1 2 -4 7 -6 -7 -8 44 19 18 -12 -13 13 -15 -16 16 17 -19 42 23 37 -23 -24 24 -26 26 43 28 -30 30 -32 32 -34 40 36 -37 -38 -39 -40 -41 41 -43 -44 -45 -46
leaf_value=-0.019741624746490494 0.02946143804304361 -0.019687744418980482 -0.022385734671854118 0.022915901795314456 0.036741841379552172 0.021381408002226265 0.0099735809457916665 -0.028239783844745032 0.00057343753492461837 0.00095315664993383194 -0.024899226229002952 0.032587474284857518 -0.03706132090493329 0.0032374638840766976 0.034176264696582463 -0.030279861426959456 -0.012444835954286668 0.02520818177643884 0.015449593738965204 -0.031499951448412999 0.023389758677138734 -0.020164349932632924 0.020505861316636287 -0.0073763220044227159 -0.019626468577609076 0.029807493412336607 -0.0036240517469398738 -0.019682470827648547 -0.025830769684454708 -0.011053342078489731 0.023784911194482089 -0.040897613422176196 -0.0055926731593581545 -0.025672159826690796 -0.0012084558042591079 0.019800927894964557 0.026471701900604529 -0.00080138898282203675 0.023082200308809767 0.0040572319408500148 0.017106747969237602 -0.012726089305738101 0.046402598738509361 -0.027421842906399842 -0.007584662891144101
leaf_weight=36.329719439148903 18.433672367595136 25.062347166240215 21.463269148021936 30.880769181996584 19.341127056628466 34.955168351531029 31.277093172073364 15.517109926790001 34.894310854375362 16.401660294272006 22.229772703722119 21.215748455375433 17.043922061100602 20.9356683883816 20.264292364940047 19.070898953825235 25.998647896572948 26.083785347640514 16.080515671521425 18.782659018412232 36.952728990465403 32.257051695138216 36.005497351288795 17.936909895390272 27.172846178524196 29.620452392846346 19.030465387739241 34.62303825840354 18.40824624709785 21.036888306029141 15.502603556960819 18.74468220770359 22.657770108431578 17.674684873782098 19.475412832573056 20.105508845299482 40.938236128538847 24.235487576574087 17.288147110957652 25.40399968624115 16.664992198348045 23.9735605744645 19.670753635466099 17.525244183838367 15.414523895829914
leaf_count=136 83 112 123 125 83 130 123 74 141 107 107 82 98 98 83 90 130 100 108 130 148 153 133 131 141 115 104 155 87 135 71 87 99 95 91 77 158 99 98 98 68 132 139 81 104
internal_value=0 0.0022237 0.00170603 0.00224263 0.0118685 0.00625802 -0.00333437 0.00103908 0.00176042 0.00772275 0.00363486 0.00724707 0.00371154 -0.0153341 0.00970253 0.00455744 -0.00361736 0.00653209 0.0233223 -0.000761897 0.000817257 -0.000938705 0.000539136 -0.0108741 -0.00426651 -0.00132206 0.0012275 0.00342651 -0.000398847 0.0158078 0.00396733 -0.0118923 -0.0221643 0.00207283 0.00642419 -0.00217069 0.0176741 0.0139493 0.00779698 -0.00973376 -0.00834628 -0.000375258 0.0332795 -0.0154594 -0.0185064
internal_weight=0 1044.25 1025.82 1004.36 110.636 91.2946 56.3394 893.719 862.788 255.876 203.724 181.494 160.278 37.9796 122.298 102.034 71.1533 52.0824 52.1529 606.911 525.731 464.543 432.286 81.1806 62.3979 396.28 319.983 283.428 217.268 66.1599 36.5395 76.2968 41.4025 198.859 140.546 80.1325 60.4136 61.1882 35.2251 60.027 58.3132 40.6386 35.7513 36.5557 30.9316
internal_count=5062 4926 4843 4720 448 365 235 4272 4094 1267 913 806 724 196 528 445 320 230 354 2827 2327 2080 1927 500 370 1794 1467 1282 961 321 206 327 186 874 579 330 249 247 229 253 295 200 247 185 178
is_linear=0
shrinkage=0.05


Tree=119
num_leaves=48
num_cat=0
split_feature=65 41 65 46 46 37 10 2 41 50 3 49 3 20 10 22 11 10 52 52 18 25 57 25 51 51 22 50 26 26 54 50 2 57 25 53 23 65 8 50 65 49 49 11 8 51 50
split_gain=5.0119 6.57544 3.15479 5.03216 5.48134 4.65042 4.99553 9.09574 7.73458 5.59923 4.94533 3.78549 4.47891 5.77128 5.58224 4.75171 6.71807 4.52303 4.55591 8.95299 5.61014 5.5675 7.17736 5.2254 6.61287 4.71438 5.88719 3.70416 3.6527 3.63965 4.51607 4.137 5.70194 3.61809 3.41945 4.42917 3.59309 3.38336 3.07413 2.95845 2.87727 2.79506 4.85577 2.58245 2.19043 1.91268 0.0933563
threshold=5.7434764455486418 0.87083333333333346 4.0166743034895376 76.500000000000014 66.500000000000014 7.7500000000000009 -1.7042471042471043 76.250000000000014 -0.25543478260869562 2.5000000000000004 132.50000000000003 81.500000000000014 67.500000000000014 3.4736842105263155 5.0339768339768343 1.3639833975385416 -1.9079839079839076 3.6424710424710427 6.5000000000000009 2.5000000000000004 11.500000000000002 0.63068181818181823 69.312500000000014 0.35681818181818187 1.5000000000000002 44.500000000000007 1.087272041865029 1.5000000000000002 0.0038011629490568234 0.0014443375354506786 83.500000000000014 1.5000000000000002 73.500000000000014 73.562500000000014 0.44722222222222224 2.5000000000000004 0.37500000000000006 -1.5308958414865332 1.5834782608695654 1.0000000180025095e-35 2.3660780881219341 15.500000000000002 3.5000000000000004 -0.42838782838782824 1.0565217391304349 2.5000000000000004 2.5000000000000004
decision_type=2 2 2 2 2 2 2 2 2 2 2 2 2 2 2 2 2 2 2 2 2 2 2 2 2 2 2 2 2 2 2 2 2 2 2 2 2 2 2 2 2 2 2 2 2 2 2
left_child=1 2 3 4 5 11 9 8 -8 28 37 12 14 15 17 16 -14 18 19 23 29 43 -23 44 -25 41 -27 -17 -7 -21 31 -31 -33 38 35 -18 39 45 -28 -36 -6 42 -26 -20 -1 -10 -39
right_child=-2 -3 -4 -5 40 6 7 -9 10 -11 -12 -13 13 -15 -16 27 34 -19 21 20 -22 22 -24 24 25 26 33 -29 -30 30 -32 32 -34 -35 36 -37 -38 46 -40 -41 -42 -43 -44 -45 -46 -47 -48
leaf_value=0.040200506818199193 0.019382606732647314 -0.02479529965387511 -0.015434974180477949 -0.020845444707239553 0.0050507403464794924 -0.024309370439220521 0.0066210418566048784 0.010822643294084536 -0.042034846383460972 0.021864183617081319 0.00063394121573397447 -0.01315210732492419 -0.033249674564932254 -0.025461339247750271 0.031095673392622914 0.0011124723121034563 -0.026886211274081598 -0.018860595769240329 0.014318194803361543 -0.033619431156549417 0.013421693130097499 0.022164294148502725 -0.016071625553716089 -0.016328783471397823 0.024944445170699835 -0.020997703884342592 0.023987404388064969 0.026814033172731812 0.0088264634707135876 -0.016171579230316164 -0.030485204349479045 -0.012549793434608892 0.024000938534797824 -0.0087190769047278804 0.028455134591557976 0.0030167364217931285 -0.006796329201902835 -0.062528939530702682 -0.0010175142026787448 0.0019509700090867546 0.029257546912952976 0.033115589446694758 -0.0055227765405074427 0.037597961940167506 0.01377421219220458 -0.014224391028864409 -0.03917030694888593
leaf_weight=15.596863053739069 32.88466121070087 25.394724852405488 29.207678638398647 24.752550330013037 24.300357289612293 17.007549043744806 17.267779432237148 27.347764989361167 9.8921694830059987 25.314664160832763 10.146822705864905 36.638195779174566 17.220126800239086 24.007275257259607 19.814926326274872 32.776109516620636 21.933952515944839 18.72811721637845 25.363265609368682 16.169389935210347 25.196661964058876 22.978767104446888 24.161647882312536 28.133686258457601 29.555560436099768 20.614160198718309 34.847830984741449 23.615567240864038 14.71148995682597 31.00056860409677 17.31247416138649 18.538936813361943 22.717228226363659 20.93399141356349 20.873543448746204 26.527384303510189 29.977400224655867 10.110279221087699 18.585611842572689 20.604686578735709 24.891411425545812 22.802853191271424 22.330570802092552 25.357007535174489 17.943341787904501 18.343932654708624 9.6650299737229926
leaf_count=59 157 103 137 107 93 113 72 138 107 135 45 153 72 124 73 145 121 83 113 89 101 85 106 146 132 95 127 97 67 149 91 90 91 94 73 114 138 83 91 95 93 84 97 98 108 156 81
internal_value=0 -0.000157232 0.000482482 0.000968855 0.00155129 0.000665856 -0.0070543 -0.0135936 -0.0224721 0.00476057 -0.0310761 0.00231178 0.00312007 -0.00285741 0.00572807 6.30869e-05 -0.00496134 0.00461578 0.00561012 0.00300463 -0.00740784 0.0151276 0.00263986 0.00890435 0.00573803 0.00947125 0.00203035 0.0121554 -0.00914071 -0.0124506 -0.0083001 -0.00264104 0.00766814 0.00860748 -0.000657742 -0.0107875 0.00626635 -0.0376539 0.0154311 0.0156448 0.0176384 0.018782 0.0119756 0.0264586 0.0268711 -0.025072 -0.0535475
internal_weight=0 1041.21 1015.82 986.61 961.857 912.665 159.807 102.774 75.426 57.0337 58.1582 752.858 716.22 217.536 498.683 193.529 137.137 478.869 460.14 362.28 130.935 97.8607 47.1404 231.344 197.804 169.671 94.9816 56.3917 31.719 105.739 89.5692 72.2567 41.2562 74.3674 119.917 48.4613 71.4556 48.0114 53.4334 41.4782 49.1918 74.689 51.8861 50.7203 33.5402 28.2361 19.7753
internal_count=5021 4864 4761 4624 4517 4331 997 682 544 315 472 3334 3181 979 2202 855 613 2129 2046 1644 611 402 191 1033 866 720 407 242 180 510 421 330 181 312 541 235 306 427 218 168 186 313 229 211 167 263 164
is_linear=0
shrinkage=0.05


Tree=120
num_leaves=47
num_cat=0
split_feature=46 37 53 11 59 3 49 40 49 45 51 45 10 6 62 37 37 40 58 60 29 9 9 51 58 18 12 33 49 1 8 52 23 0 4 10 1 18 22 9 45 54 11 8 18 49
split_gain=4.56751 3.94878 7.60695 8.26673 8.08998 8.42125 6.88356 6.64993 5.14802 4.82239 7.92024 4.17193 6.92321 4.08283 4.67349 5.14324 5.08508 7.2378 6.08554 7.77889 5.03521 5.59696 4.76496 3.75971 8.03939 3.93496 8.02561 5.57548 4.91621 3.4739 3.3926 3.35012 3.27087 3.24543 6.78491 5.36974 4.09941 2.66979 2.61874 2.61322 2.37817 2.35698 2.23632 2.13501 1.91845 3.07501
threshold=87.500000000000014 5.2500000000000009 3.5000000000000004 -0.87397467397467399 -0.42179730054635828 62.500000000000007 84.500000000000014 -2.2499999999999996 6.5000000000000009 39.500000000000007 64.500000000000014 24.500000000000004 4.4088803088803097 4.6285714285714299 2.5000000000000004 7.2500000000000009 9.7500000000000018 0.75000000000000011 0.76140650896573492 10.500000000000002 0.98611111111111127 2.4378378378378387 1.662548262548263 1.5000000000000002 0.39036257410962044 8.5000000000000018 0.10416666666666667 1.0000000180025095e-35 1.5000000000000002 84.500000000000014 1.9330434782608699 7.5000000000000009 0.37500000000000006 87.750000000000014 1.2500000000000002 -0.41930501930501946 90.500000000000014 4.5000000000000009 1.4080863944892761 0.891891891891892 9.5000000000000018 24.500000000000004 -0.50690729316573879 0.95739130434782627 12.500000000000002 13.500000000000002
decision_type=2 2 2 2 2 2 2 2 2 2 2 2 2 2 2 2 2 2 2 2 2 2 2 2 2 2 2 2 2 2 2 2 2 2 2 2 2 2 2 2 2 2 2 2 2 2
left_child=1 2 4 -4 5 -1 9 -6 -9 11 31 12 13 14 16 -16 17 20 19 37 -3 23 -17 24 -22 28 44 41 -25 -30 -24 38 42 34 35 -13 -35 -19 -11 -5 -31 -28 -12 -20 45 -27
right_child=-2 6 3 39 7 -7 -8 8 -10 10 32 33 -14 -15 15 22 -18 18 43 -21 21 -23 30 25 -26 26 27 -29 29 40 -32 -33 -34 36 -36 -37 -38 -39 -40 -41 -42 -43 -44 -45 -46 -47
leaf_value=-0.053385264952645575 0.024536443191343116 0.02842032386968233 0.02579341191023975 0.003283743062408587 0.022572824737370895 -0.0095436720324443003 -0.019605834466933564 -0.029578981631340481 0.0011314812900487992 0.00037531017937325362 0.041373779178758396 0.028175686227923376 0.029424951199467378 -0.022435273589695479 0.0082482521190144677 -0.0065337681220916117 0.028376701107780507 -0.019894275195495099 -0.009880927129907062 0.0065245805468380673 0.011364693879993207 -0.021124037371825978 -0.058198031366768377 0.034089438014399578 -0.025870958727945027 -0.0032762322219067387 -0.0095379461833826115 0.0069465342152105194 -0.0025385834276875604 0.029921717808642109 -0.011921795300291051 0.013463377029149161 0.0098058057456243044 -0.032576525963629276 -0.018122589089759524 -0.0066986820846340256 -0.004340084292034781 -0.057010406401547559 -0.024703757014975798 -0.017318923941658248 0.0084842846938913523 -0.035607889565519413 0.017923867230018545 0.015862947871658647 0.024249529983582152 0.018050625500380394
leaf_weight=20.79238061234355 18.772391229867935 22.189007053151727 30.205690193921328 34.502497177571058 17.011545192450285 23.097844060510397 35.128574479371309 23.412867045029998 30.781385062262416 23.203006740659475 21.765571378171444 23.041347667574883 22.363351594656706 16.093178564682603 25.906227188184857 29.065267741680145 19.913363647181541 9.8044099286198634 13.960856057703497 11.812887189909814 30.783872555941343 19.389219593256712 9.4300311198458093 25.882740767672658 25.729800086468458 32.095405034720898 17.717377066612244 25.329468343406916 35.817357007414103 21.635199363343418 7.4091392974369219 20.392429888248444 38.67879855632782 22.046212140470743 30.614249639213085 19.823917830362916 29.885549213737249 13.056698754429815 17.834379641339183 26.412524365819991 32.956580521538854 18.080419121310115 23.317383095622063 16.562554143369198 24.194058761000633 34.100055135786533
leaf_count=106 81 82 127 142 70 105 158 126 134 90 76 82 88 97 121 136 129 65 82 71 127 121 93 101 109 137 73 104 150 87 93 79 153 132 127 103 123 132 85 131 147 118 91 90 96 113
internal_value=0 0.000284264 -0.00591759 0.00484936 -0.0144101 -0.0310396 0.00176448 -0.00387194 -0.0124315 0.00268936 0.0109354 0.000932482 0.00277641 0.00161812 0.00239993 -0.00936359 0.00428951 0.00311377 -0.0121147 -0.0261458 0.00585285 0.00431774 -0.0192668 0.005899 -0.00574318 0.00836799 0.00302297 -0.0108654 0.0152469 0.00953862 -0.0396464 -0.00269394 0.0208448 -0.00727668 -0.00047051 0.0122623 -0.0167161 -0.0425933 -0.0108522 -0.00578493 0.0173655 -0.023315 0.0298974 0.00414824 0.0124313 0.00781526
internal_weight=0 1073.23 206.217 91.1207 115.096 43.8902 867.01 71.2058 54.1943 831.881 145.192 686.69 561.279 538.915 522.822 71.8107 451.011 431.098 65.1974 34.674 365.901 343.712 45.9044 324.322 56.5137 267.809 151.517 61.1273 116.292 90.4091 16.8392 61.4298 83.7618 125.411 73.4795 42.8653 51.9318 22.8611 41.0374 60.915 54.5918 35.7978 45.083 30.5234 90.3895 66.1955
internal_count=5083 5002 941 400 541 211 4061 330 260 3903 574 3329 2762 2674 2577 443 2134 2005 440 268 1565 1483 322 1362 236 1126 641 295 485 384 186 254 320 567 312 185 255 197 175 273 234 191 167 172 346 250
is_linear=0
shrinkage=0.05


Tree=121
num_leaves=48
num_cat=0
split_feature=58 58 6 6 58 54 18 47 59 53 7 50 7 52 46 26 59 50 10 19 46 26 20 53 41 9 50 60 22 8 3 10 10 27 25 3 64 10 41 60 25 46 26 46 26 8 7
split_gain=3.5527 3.51186 3.15422 3.62111 5.97277 7.64361 7.08135 6.07701 5.54314 4.50711 4.61383 3.8341 4.63057 4.3104 7.70323 3.63987 6.57015 7.02782 8.67223 7.26259 6.59758 6.52132 5.96897 5.11509 6.64718 5.13871 5.97586 4.99563 6.36635 4.91362 6.96211 7.28926 5.43452 4.77783 4.76204 4.66055 4.56343 4.0074 3.50378 3.06644 3.04551 2.85578 2.63093 1.67219 1.50422 1.49237 1.27832
threshold=0.98802474685579866 0.97696484778429815 -5.3142857142857123 -1.1999999999999993 -0.28519255817492867 21.500000000000004 10.500000000000002 1.0000000180025095e-35 0.78724360164103002 13.500000000000002 1.096323031806903 6.5000000000000009 1.096323031806903 9.5000000000000018 23.500000000000004 0.0051360216801355626 0.97263757644091875 1.0000000180025095e-35 -0.48803088803088795 2.7500000000000004 23.500000000000004 0.0095735687436049408 2.7500000000000004 1.5000000000000002 0.093073593073593086 1.662548262548263 1.0000000180025095e-35 2.5000000000000004 1.8756684669157091 0.4603344481605352 47.500000000000007 2.1156433577881759 0.40308880308880318 0.94333333333333347 0.52272727272727282 77.500000000000014 1.5000000000000002 -0.48803088803088795 -0.17028985507246372 4.5000000000000009 0.47727272727272735 17.500000000000004 0.012720939031767331 57.500000000000007 0.0081795032456894508 0.85639751552795063 1.0234965034965036
decision_type=2 2 2 2 2 2 2 2 2 2 2 2 2 2 2 2 2 2 2 2 2 2 2 2 2 2 2 2 2 2 2 2 2 2 2 2 2 2 2 2 2 2 2 2 2 2 2
left_child=1 2 -1 4 5 -4 8 -7 38 11 -11 13 -13 15 -15 23 17 18 -17 42 21 -19 35 29 25 26 -25 -27 -29 -5 31 32 34 -26 -31 43 -28 -24 -6 -38 -2 -32 44 -22 -20 -39 -16
right_child=40 -3 3 9 6 7 -8 -9 -10 10 -12 12 -14 14 46 16 -18 20 19 -21 22 -23 37 24 33 27 36 28 -30 30 41 -33 -34 -35 -36 -37 39 45 -40 -41 -42 -43 -44 -45 -46 -47 -48
leaf_value=-0.013732928333269435 0.0046871979436212711 0.021950352136394086 0.040336566970443966 -0.026247866895287148 0.0028080884129683447 -0.0062825178786417779 -0.0205648415808838 0.024581414339015503 -0.012344831122676991 -0.031739059067617245 0.0015712719813527802 -0.0031164540127078472 0.030736295831829463 -0.038228589870924673 0.010042089991251488 -0.015745873771270107 -0.029110578157252431 -0.013603898794737265 0.024175672940994951 -0.0071187148193692833 -0.050392123696072544 0.019593782256261405 0.016525033760184212 0.0010904338277234434 0.0084461409623858841 -0.021051232980541672 0.0069921311270669598 -0.011408581856374861 0.028277283539897176 -0.023806636326196517 0.031016887581937765 0.02147942407604098 -0.035252812241302438 -0.040528842909488251 0.0062109041700300705 -0.010401716389922974 0.018749738816853118 -0.021683417911097048 0.02833084693020213 0.043163449991587617 -0.02310437833240048 0.0043967120739045141 0.035180133401117017 -0.024025360244259775 0.0044878880444259939 -0.0013813747842897595 -0.0086187903043685576
leaf_weight=33.997678462415934 14.841059603262691 19.447638504207134 24.579987831413746 17.476396394893527 25.429791525006294 34.569844454526901 29.887642703950405 28.11614341288805 23.156173843890429 20.951492082327604 19.575886102858931 17.78473056666553 21.880190088879317 18.902894224971533 17.425874682143331 27.594079619273543 20.858816987834871 23.853388322517276 19.948971131816506 25.050402543507516 15.050652116537096 35.76307674869895 18.378046661615372 32.079145584255457 8.9259726880118251 16.884693183936179 22.493168719112873 17.466901881620288 21.669394757598639 19.954729942604899 20.472875870764256 17.994896838441491 19.429552447982132 9.500692187808454 34.954494616016746 30.548874609172344 23.88720815628767 17.327251624315977 28.127663660794497 35.172566751018167 26.72878750693053 19.703780695796013 29.665043635293841 15.197565149515865 19.109945954754949 18.173065647482872 17.290461098775268
leaf_count=159 92 90 98 82 93 147 132 106 99 103 104 86 119 111 70 138 111 132 84 116 90 146 75 129 38 111 96 89 102 140 90 66 113 127 152 143 84 81 110 121 147 94 109 80 80 80 92
internal_value=0 0.0014332 0.00101938 0.00154343 0.00764665 0.0172666 -0.000315747 0.0077293 0.00773641 3.486e-05 -0.0159988 0.000923936 0.0158542 6.65495e-05 -0.0134287 0.00119079 -0.00265835 -0.000700307 0.00849748 0.0157222 -0.00711713 0.00630563 -0.0140894 0.00479181 0.0102624 0.0133731 0.0194387 0.00094444 0.0107222 -0.00209069 0.00126806 -0.00629731 -0.013217 -0.0175915 -0.00492856 -0.024696 0.0265554 -0.0018889 0.0164859 0.0337657 -0.0133053 0.0183854 0.0240306 -0.0383375 0.0148957 -0.0116131 0.00076695
internal_weight=0 1035.71 1016.26 982.264 193.867 87.266 106.601 62.686 76.7136 788.397 40.5274 747.87 39.6649 708.205 53.6192 654.586 316.519 295.66 121.368 93.7744 174.292 59.6165 114.675 338.066 188.08 169.653 113.632 56.021 39.1363 149.987 132.51 92.3337 74.3388 18.4267 54.9092 60.7971 81.5529 53.8784 53.5575 59.0598 41.5698 40.1767 68.724 30.2482 39.0589 35.5003 34.7163
internal_count=5057 4818 4728 4569 785 351 434 253 302 3784 207 3577 205 3372 273 3099 1465 1354 527 389 827 278 549 1634 897 732 430 302 191 737 655 471 405 165 292 313 301 236 203 205 239 184 273 170 164 161 162
is_linear=0
shrinkage=0.05


Tree=122
num_leaves=49
num_cat=0
split_feature=41 47 20 58 46 5 8 58 11 3 65 53 10 53 26 22 22 42 42 41 37 57 67 11 0 54 5 0 53 51 51 6 8 3 53 11 36 37 58 22 18 0 37 15 59 41 41 46
split_gain=4.30405 3.70631 3.31264 3.36951 4.04786 4.42482 7.5148 5.94942 6.1071 7.04785 5.45646 6.39741 5.08579 4.82764 4.56524 4.53987 4.24062 3.74241 7.37459 3.3698 7.75093 4.44013 6.16559 7.04325 5.73465 7.58448 6.45733 6.11338 5.46532 5.41496 6.22311 5.60512 7.45544 5.38733 4.98454 4.56976 4.36201 4.90398 4.78993 4.72594 5.03591 4.26825 4.2414 3.83263 5.19348 3.47902 3.26454 1.95058
threshold=1.0294117647058825 4.5000000000000009 4.5000000000000009 -0.37447345805034543 76.500000000000014 1.0000000180025095e-35 0.40434782608695657 -0.62588817255938378 -0.050436050436050518 27.500000000000004 -1.1463211661045005 3.5000000000000004 1.6501930501930502 2.5000000000000004 0.0052734751718995741 1.4244980743690803 1.7488971372542166 1.5339366515837105 1.8619047619047622 0.31009615384615391 5.7500000000000009 64.031250000000014 1.0000000180025095e-35 -0.55776115776115776 87.250000000000014 53.500000000000007 -1.0000000180025095e-35 89.250000000000014 3.5000000000000004 62.500000000000007 87.500000000000014 0.34285714285714275 0.69432494279176216 62.500000000000007 6.5000000000000009 -1.3091125091125091 74.250000000000014 7.2500000000000009 0.89404822654372251 1.0835112497418278 7.5000000000000009 83.250000000000014 7.2500000000000009 7.5000000000000009 0.93469109537144635 -0.21583850931677015 -0.15587044534412953 20.500000000000004
decision_type=2 2 2 2 2 2 2 2 2 2 2 2 2 2 2 2 2 2 2 2 2 2 2 2 2 2 2 2 2 2 2 2 2 2 2 2 2 2 2 2 2 2 2 2 2 2 2 2
left_child=1 2 3 4 5 7 -7 8 9 -1 -11 14 15 46 -12 -8 -17 -10 -19 21 -21 36 23 29 26 -26 -25 -27 41 31 -31 33 -33 -23 -30 -32 37 43 39 -39 -41 -28 -22 45 -45 -5 -9 -36
right_child=-2 -3 -4 19 -6 6 12 13 17 10 11 -13 -14 -15 -16 16 -18 18 -20 20 42 22 -24 24 25 27 28 -29 34 30 35 32 -34 -35 47 -37 -38 38 -40 40 -42 -43 -44 44 -46 -47 -48 -49
leaf_value=-0.026574939654757615 -0.02111689069579565 0.019685744904799414 0.01563008532549931 0.018091489660216842 -0.017331170160464818 -0.025752685121565335 0.0084281968971591705 0.023820257196554933 0.033414423965947772 -0.016303378717593863 0.0014120176415625121 -0.011565571270869256 0.020635929281738203 0.036666704590908109 0.030470284333917519 -0.03636746625435832 0.00070341508315405503 -0.013732103270726987 0.028935418365057298 -0.04700479798431683 0.021340718427538007 0.016222766537929947 -0.030518988354560489 -0.039565867198632865 0.029197129595691096 0.0095338346803797887 -0.010111304436975006 -0.026510237940065406 0.021358331318975549 0.033656300368197563 -0.010713278197681534 0.0083906360596217849 -0.037671960356654981 -0.014232401531095222 -0.020877935047269505 0.019205963349911467 0.024524411390943756 0.025783033280591949 0.031364419856525036 0.009428560160250548 -0.030046595230983953 -0.043323751536116506 -0.021003653367931491 -0.028311823927017754 0.0067428239930011485 -0.0079868216261168076 -0.0053446077223159028 0.00163281250829218
leaf_weight=22.780012595467269 20.814814153127372 25.779342226684093 35.510925633832812 23.120115473866463 20.335934396833181 26.604523479938507 33.423420522361994 18.078930057585239 21.604147311300039 25.198928029276431 22.360332015901804 23.507639897987247 29.701478574424982 28.804391941986978 33.569791063666344 14.566520582884552 15.219832416623829 19.565915380604565 19.069726549088955 12.407261120155452 11.454535325989129 40.835040789097548 20.120660245418549 22.507227960973978 17.94329959154129 23.029672814533114 24.73979802057147 22.250102682039142 17.72193019837141 26.256663460284472 25.512464677914977 14.315482983365653 20.538660526275635 21.321896247565746 19.070864082314074 23.666312149725854 24.210784213617444 14.32065614312887 21.330963376909494 17.654824838042263 13.375591342337428 15.826673738658426 10.263521580025552 28.236718224361539 16.03452858235687 26.345837604254484 18.702100903727114 18.22839773260057
leaf_count=113 81 102 151 102 94 129 145 77 97 136 101 107 119 120 131 78 88 92 74 80 61 155 112 107 72 106 115 109 75 103 109 63 123 92 93 99 105 54 124 134 71 95 119 142 86 118 98 82
internal_value=0 0.00132303 0.000840698 0.000292613 0.00387656 0.00507683 -0.0028371 0.00880822 0.00422686 -0.001995 0.0035571 0.00998153 0.00392898 0.0216563 0.0190819 -0.00412053 -0.0180179 0.0172048 0.00752637 -0.00208712 -0.0171099 -0.00114028 -0.0042699 -0.00269515 -0.00955087 0.00258192 -0.0160134 -0.00836804 -0.0101155 0.00452677 0.0144836 -0.00328443 -0.0190465 0.0057157 0.000218263 0.00378058 0.00518623 0.00213382 0.0124015 0.00299807 -0.00799395 -0.0237994 0.00128592 -0.00522415 -0.0157469 0.004319 0.00924181 -0.0101214
internal_weight=0 1047.02 1021.25 985.734 393.094 372.758 119.516 253.242 187.656 127.417 104.637 79.4378 92.9113 65.5854 55.9301 63.2098 29.7864 60.2398 38.6356 592.64 34.1253 558.515 373.885 353.764 181.318 63.2231 118.095 45.2798 95.5877 172.447 75.4354 97.0111 34.8541 62.1569 55.0212 49.1788 184.63 160.419 66.682 45.3511 31.0304 40.5665 21.7181 93.7372 44.2712 49.466 36.781 37.2993
internal_count=5039 4958 4856 4705 1799 1705 559 1146 851 588 475 339 430 295 232 311 166 263 166 2906 260 2646 1710 1598 854 287 567 215 460 744 311 433 186 247 250 208 936 831 383 259 205 210 180 448 228 220 175 175
is_linear=0
shrinkage=0.05


Tree=123
num_leaves=48
num_cat=0
split_feature=27 28 27 58 58 18 51 57 58 21 59 57 42 22 50 41 0 41 52 50 37 0 0 10 26 11 11 11 0 26 45 52 46 36 54 1 52 53 11 10 14 52 0 41 57 57 49
split_gain=4.82205 4.58183 5.06344 3.77288 8.51037 4.94986 4.85033 5.22257 4.7759 4.60863 4.47511 8.03816 4.25744 5.09324 6.9895 6.08778 5.28216 4.94163 3.84112 5.55795 8.16509 7.27614 5.46359 5.15689 3.56044 3.55298 3.45262 4.90334 4.8214 4.9371 4.67737 4.56482 4.30722 4.18885 3.39079 4.70159 3.74638 3.27745 3.2357 3.01582 3.29046 2.57626 2.43034 2.4284 2.17684 1.76466 1.62644
threshold=0.4366666666666667 282.50000000000006 0.76333333333333353 0.35846314187849709 0.10837544681456425 11.500000000000002 1.0000000180025095e-35 68.437500000000014 0.82899317702918729 0.52243118397129218 0.95691861501572195 72.937500000000014 3.183333333333334 0.89067342535627325 1.0000000180025095e-35 0.06458333333333334 78.750000000000014 -0.080128205128205107 4.5000000000000009 1.0000000180025095e-35 7.2500000000000009 79.750000000000014 81.750000000000014 0.72664092664092672 0.0033692954030817672 -0.72765072765072769 -0.48192348192348183 -0.14013014013014008 89.250000000000014 0.020581356047274815 11.500000000000002 6.5000000000000009 45.500000000000007 75.750000000000014 549.50000000000011 87.250000000000014 8.5000000000000018 3.5000000000000004 0.0042876042876039567 1.3227799227799228 0.10416666666666667 2.5000000000000004 86.750000000000014 0.07417582417582419 71.062500000000014 72.562500000000014 40.500000000000007
decision_type=2 2 2 2 2 2 2 2 2 2 2 2 2 2 2 2 2 2 2 2 2 2 2 2 2 2 2 2 2 2 2 2 2 2 2 2 2 2 2 2 2 2 2 2 2 2 2
left_child=-1 2 -2 4 5 12 8 18 -5 -7 11 44 13 14 -4 -16 17 -15 19 24 22 -22 37 25 -8 -20 28 45 29 30 33 39 -32 -18 35 36 46 -21 -11 40 -29 -41 -34 -19 -6 -28 -9
right_child=1 -3 3 6 10 9 7 34 -10 38 -12 -13 -14 16 15 -17 26 43 23 20 21 -23 -24 -25 -26 -27 27 31 -30 -31 32 -33 42 -35 -36 -37 -38 -39 -40 41 -42 -43 -44 -45 -46 -47 -48
leaf_value=0.016451063601307426 0.023119741594527052 -0.023805048871583773 0.023222876994500142 -0.042824578969765575 0.0047982906799831811 0.027308340115770546 -0.0049554359695898782 -0.015677893357408917 -0.002564972139991779 0.011754184916661642 0.031837666915713041 0.030710787531633661 0.019725957815235541 -0.0031597977369215735 0.011396019604694668 -0.027421982307217874 -0.019895472928347951 -0.055185194422322628 0.0050217938742173401 -0.013146658554365004 0.035133049710721564 -0.0095163471562429748 0.00055526789182318672 -0.0094685232257938155 0.023582124585879789 0.028566987475620559 0.028536315723124945 -0.023992552641482923 0.0073485796867164459 0.011068180665320233 -0.0409767504472765 0.016026008209059053 -0.0042653089463251179 0.012604536338988876 -0.028904667171050377 0.0097846590294043898 -0.032242474736962491 -0.043049104606212835 -0.014592238701889488 0.012150657782732966 -0.0014458834563646954 -0.010642058386960558 -0.028096247608876319 -0.020226219834363873 -0.020175693435137431 0.0063552553150305561 0.0052800324415503436
leaf_weight=43.569572715088725 22.391465624794364 19.403032934293151 38.252535242587328 14.673358249478044 17.029440265148878 27.597412921488285 18.973488004878163 17.54668259806931 14.154284832533447 29.978986399248242 29.82878028601408 21.850437903776765 20.00521656870842 18.965746972709894 21.078171819448471 17.712433710694313 18.211206115782261 10.140498440712692 32.272872149944305 16.201338333077729 14.052878090180455 22.380488676019013 19.067180905491114 24.955734915100038 23.87504156678915 31.867854405660182 17.224186224862933 36.507916182279587 34.926023380830884 16.935858659446239 25.916237639263272 24.68308474496007 24.672774069011211 19.527684357948601 22.164227558299899 26.943649990484118 19.77890551649034 24.44530216883868 17.694114223122597 27.148523965850472 28.699294411577284 21.183632977306843 18.49214088730514 12.383335408754645 16.252564921975136 19.120217794552445 17.731205724179745
leaf_count=159 83 80 142 87 85 121 98 86 79 128 149 82 89 100 87 83 91 68 143 82 83 141 84 127 96 147 75 157 156 74 138 107 99 87 120 110 96 125 80 117 155 95 89 124 79 88 77
internal_value=0 -0.000345333 0.00012589 -0.000415287 0.00191361 -0.000383803 -0.00448567 -0.00274298 -0.0238059 0.0114368 0.0165388 0.00784186 -0.00228991 -0.0033062 0.00832909 -0.00657263 -0.00571412 -0.0223248 0.00150094 -0.00368875 -0.0103352 0.00818405 -0.0215831 0.00954824 0.0111208 0.016979 -0.00358548 0.00126794 -0.00889925 -0.0135068 -0.0174696 -0.00305491 -0.0251151 -0.00318734 -0.0119619 -0.00708931 -0.0153743 -0.0317322 0.00187668 -0.00730674 -0.0142409 0.00214756 -0.0148796 -0.037642 -0.00763001 0.0173499 -0.00528894
internal_weight=0 1034.9 1015.49 993.103 632.018 547.057 361.084 332.257 28.8276 75.2705 84.9612 55.1324 471.787 451.782 77.0431 38.7906 374.738 41.4896 228.092 138.996 96.1472 36.4334 59.7138 89.0965 42.8485 64.1407 333.249 174.567 158.682 123.756 106.82 138.222 69.0812 37.7389 104.165 82.0004 55.0568 40.6466 47.6731 113.539 65.2072 48.3322 43.1649 22.5238 33.282 36.3444 35.2779
internal_count=5048 4889 4809 4726 2945 2550 1781 1615 166 329 395 246 2221 2132 312 170 1820 292 1126 709 515 224 291 417 194 290 1528 794 734 578 504 631 326 178 489 369 259 207 208 524 312 212 188 192 164 163 163
is_linear=0
shrinkage=0.05


Tree=124
num_leaves=48
num_cat=0
split_feature=0 59 18 0 46 58 57 37 57 67 36 19 53 11 58 2 11 11 58 48 58 9 7 11 53 46 51 42 37 1 19 57 59 1 11 57 57 18 52 2 49 59 42 58 53 21 7
split_gain=4.06104 6.74341 6.12901 5.03224 4.97264 10.1685 4.73222 4.49364 4.06272 4.34672 5.75813 4.57397 4.20586 3.83874 3.79517 5.64017 4.45126 3.93442 3.71013 3.76512 3.57939 5.58006 6.20525 6.56595 4.11596 5.91011 6.09515 4.63837 4.30245 4.78775 4.04184 7.61766 3.64701 4.07087 4.29975 4.73238 3.41363 3.39238 3.25663 2.86816 2.54943 2.66077 2.54497 2.53882 2.30735 2.23025 2.22053
threshold=78.750000000000014 0.95936279103287792 11.500000000000002 77.750000000000014 5.5000000000000009 0.58481550752069722 60.562500000000007 6.2500000000000009 63.687500000000007 1.0000000180025095e-35 78.250000000000014 0.75000000000000011 6.5000000000000009 -0.92660469571085835 0.48314048284850658 65.500000000000014 -1.1285579285579288 0.21206361206361216 -0.99630266176052629 4.5000000000000009 -0.58482361983252518 0.82393822393822413 -0.60839160839160822 1.4071820071820074 5.5000000000000009 32.500000000000007 7.5000000000000009 1.5419580419580423 6.7500000000000009 90.500000000000014 1.2500000000000002 71.687500000000014 0.36447543099728863 85.500000000000014 -0.47048087048087045 73.812500000000014 70.187500000000014 9.5000000000000018 2.5000000000000004 75.500000000000014 40.500000000000007 -0.41399101439218416 1.8397435897435901 -0.77245553105869302 1.0000000180025095e-35 0.60952412990125227 1.1874125874125878
decision_type=2 2 2 2 2 2 2 2 2 2 2 2 2 2 2 2 2 2 2 2 2 2 2 2 2 2 2 2 2 2 2 2 2 2 2 2 2 2 2 2 2 2 2 2 2 2 2
left_child=1 2 3 4 5 -1 7 -3 12 11 -11 39 13 -2 15 -6 -16 -18 -13 20 32 22 -22 36 28 26 -26 -28 30 40 42 -32 33 -20 37 38 -24 44 -36 -10 41 -30 -23 -34 -35 -27 -15
right_child=8 6 -4 -5 14 -7 -8 -9 9 10 -12 18 -14 46 16 -17 17 -19 19 -21 21 24 23 -25 25 45 27 -29 29 -31 31 -33 43 34 35 -37 -38 -39 -40 -41 -42 -43 -44 -45 -46 -47 -48
leaf_value=-0.053172108467548967 -0.0011028582582482071 0.043727164019852119 0.0096742329832767687 -0.035084114951791243 0.028625611188538791 -0.00079872464941507836 -0.0068996193626764298 0.0046447547339687678 -0.00062897334338558701 0.00030096720854808274 -0.038775489764898384 -0.01523170590368411 -0.0046183104260359769 0.033756812499477901 -0.035543389944807456 -0.010079515549593972 0.018008651276965392 -0.019995270609740618 -0.016556708661982566 0.024699601866701573 0.0077845519299282297 0.0098364764870149096 -0.037806173068201623 0.0074678017527704671 0.024794909144128907 0.035481720205826295 0.0081254206867521338 -0.022790010449824035 -0.0074102058606657448 -0.013894303130169519 -0.038184518057129267 0.00028924027088895831 0.025702207760451946 0.019228283320729678 0.03743652606332748 0.00071449571986417131 -0.012138355363971783 -0.013644345137172593 0.010165104670226653 -0.028940918335223904 0.028809787306847957 0.018470823932899585 -0.011797258909029554 0.0045107365379274114 -0.0036006028536849327 0.012596118634638241 0.013158128301381584
leaf_weight=16.309634586796165 20.398905357345939 13.14623700361699 30.410002607852221 24.369714912027121 17.327096562832594 20.015239018946886 22.428577471524477 15.879659372381864 16.963431335985661 23.546554037369788 14.705095841549335 26.798513071611524 29.489817232824862 28.606825523078442 13.448255800642071 18.56732415407896 12.842578612267973 12.406777819618581 20.476857396773994 19.172998920083046 33.414141461253166 34.747070800513029 29.807362493127584 18.470908271148801 18.578567992895842 22.82558954693377 22.188844287768006 24.76009251922369 17.34371455013752 18.479382699355483 23.227175844833255 27.402862228453159 38.42568276450038 20.231560006737709 24.064522206783295 34.740283992141485 24.690552316606045 33.152806170284748 21.224260674789548 18.033577937632799 19.984414519742131 20.982466969639063 20.951405260711908 22.808281064033508 22.573332250118256 22.317545048892498 27.158400965854526
leaf_count=137 95 72 141 143 108 123 102 118 91 120 88 130 140 103 73 88 83 77 104 79 131 146 143 84 75 82 103 115 87 83 107 121 146 84 87 150 119 145 94 97 77 92 91 90 107 83 127
internal_value=0 -0.00546861 -0.010368 -0.0149111 -0.0102049 -0.0251086 0.0102056 0.0232125 0.00216655 0.000878275 -0.0153264 0.00176067 0.0113032 0.0174478 -0.00271101 0.00887384 -0.0134095 -0.000715674 0.00267149 0.00342373 0.00274657 -0.000143551 -0.00990144 -0.017996 0.00341145 0.0109776 0.00130465 -0.00831413 -0.00119608 0.00776459 -0.0076795 -0.0177588 0.00759239 0.00389695 0.00667032 0.0146833 -0.0266055 -0.00185328 0.0251517 -0.0156165 0.0147471 0.00686829 0.00163424 0.0180082 0.00738201 0.0246859 0.0241335
internal_weight=0 217.151 165.697 135.287 110.917 36.3249 51.4545 29.0259 862.744 757.09 38.2516 718.838 105.654 76.1641 74.592 35.8944 38.6976 25.2494 683.841 657.043 637.87 400.172 106.383 72.9688 293.789 110.671 65.5275 46.9489 183.118 76.79 106.329 50.63 237.698 176.464 155.987 80.0291 54.4979 75.9577 45.2888 34.997 58.3106 38.3262 55.6985 61.234 42.8049 45.1431 55.7652
internal_count=5081 1265 973 832 689 260 292 190 3816 3351 208 3143 465 325 429 196 233 160 2955 2825 2746 1739 477 346 1262 458 293 218 804 339 465 228 1007 771 667 331 262 336 181 188 256 179 237 236 191 165 230
is_linear=0
shrinkage=0.05


Tree=125
num_leaves=48
num_cat=0
split_feature=58 15 41 10 8 8 12 58 6 53 53 58 9 10 41 59 38 59 8 21 59 0 57 57 43 0 59 47 49 10 50 10 27 46 58 41 2 54 65 21 15 52 54 58 65 58 51
split_gain=5.53065 2.85163 5.2236 6.00339 5.32416 5.18933 5.04151 5.07036 4.93933 5.67516 4.40771 3.79766 5.43996 3.30536 6.99627 6.74623 4.64687 4.97329 4.38125 5.18775 4.10249 4.35796 5.32887 6.26768 3.97743 6.91341 6.09683 3.95352 3.85548 3.527 6.35727 3.70696 3.3786 3.76392 3.30469 3.8443 3.74595 3.80928 3.38036 4.6202 5.67142 2.85068 2.82987 2.61795 2.52546 2.46523 1.82123
threshold=-0.99630266176052629 12.500000000000002 -0.55777777777777771 -2.909652509652509 1.0156126482213439 -0.51913043478260856 0.14583333333333334 -0.27694604220087021 -1.6285714285714279 3.5000000000000004 13.500000000000002 0.039769539193789977 0.83760258597467907 -0.39536679536679548 0.14642857142857144 0.26659387353423869 2.5000000000000004 -0.7614016681079937 2.0634782608695654 0.69714552606141234 0.93469109537144635 79.125000000000014 64.031250000000014 67.937500000000014 5.0000000000000009 86.750000000000014 0.94353349168649059 1.5000000000000002 1.5000000000000002 2.0347490347490349 1.0000000180025095e-35 0.60154440154440125 0.93000000000000005 13.500000000000002 0.10837544681456425 -0.10818713450292396 73.500000000000014 16.500000000000004 0.39197753542362973 1.0000000180025095e-35 17.500000000000004 2.5000000000000004 66.500000000000014 -0.8041866928211282 -0.37717181534043548 0.022575936829235418 77.500000000000014
decision_type=2 2 2 2 2 2 2 2 2 2 2 2 2 2 2 2 2 2 2 2 2 2 2 2 2 2 2 2 2 2 2 2 2 2 2 2 2 2 2 2 2 2 2 2 2 2 2
left_child=-1 2 41 4 11 -3 7 -7 9 -8 13 12 -4 16 18 -16 17 45 20 -20 21 28 -23 -24 25 44 32 29 -15 30 -25 -32 -26 -34 38 -36 37 -37 39 -10 -41 46 -6 -42 -19 -5 -2
right_child=1 5 3 10 42 6 8 -9 34 -11 -12 -13 -14 14 15 -17 -18 24 19 -21 -22 22 23 27 26 -27 -28 -29 -30 -31 31 -33 33 -35 35 36 -38 -39 -40 40 43 -43 -44 -45 -46 -47 -48
leaf_value=-0.021711049495763256 0.011989745291341818 0.026167413095573751 0.0074811740777853799 0.0086894490111807856 -0.0085803850241217578 0.042325719638980575 0.026575730868553128 0.001848455387999726 0.0094140892375726357 -0.0052260293548821307 -0.01791628005986463 -0.033503895292781381 -0.028780575236631661 -0.00052305357766428359 -0.052147920409507748 -0.0035031306755478964 -0.015740825545054161 -0.028043111411235062 0.0035616677616692955 -0.037461752836419539 0.020512465702334653 0.027594708518096402 -0.02065689842619186 0.021061021140967643 0.035085422025536189 0.016856232554634181 -0.012321444585601353 -0.013888297605117957 -0.031185265613110986 0.020227069000930843 0.004876640939028622 -0.024065901618818299 -0.00091879118747585024 0.025930872136809491 0.016751323438691384 -0.040754452227801219 0.015708769573650912 0.0038178971394001414 0.0040507898010517396 -0.0056321540535892506 -0.017797430942321307 0.020670440778783543 0.015116332234770484 -0.051874531257069013 -0.0051936284163476096 0.031133575851914799 -0.0082767924880157977
leaf_weight=26.24183337111026 21.833116754889488 26.474959932267666 20.902800843119621 22.798011347651482 32.204729631543159 14.424869323149325 31.660972528159618 15.71426301402971 13.214095300063489 24.098717447370291 30.339994989335537 31.081744410097599 18.865024395287037 22.79147551394999 12.028352422639729 16.080391152761877 21.833884921856225 21.574078354984522 14.768251268193128 14.762531243264673 27.236616648733616 19.546481817960739 27.698649244382977 25.771149925887585 19.06903681717813 23.408203609287739 21.614827508106828 21.876823797821999 17.685879703611135 41.794415885582566 21.252145208418369 21.45789136365056 30.367651940323412 21.806061740964651 31.140929192304611 9.9388062842190319 9.6623291671276075 8.2516995132900757 28.77018454298377 24.947217301465571 10.914017135277389 40.57912514731288 19.302802041172981 15.351386382244529 27.274759767577052 28.307006031274796 20.588392294943333
leaf_count=139 91 108 90 88 139 67 114 97 95 98 148 136 75 102 101 107 103 108 86 85 113 75 130 96 63 91 112 88 83 156 89 100 151 86 151 104 75 93 142 154 83 158 77 120 121 99 85
internal_value=0 0.0011101 -0.000415573 -0.00183557 -0.0118415 0.00558416 0.00319548 0.0219584 0.000384025 0.0129814 0.000317442 -0.0206366 -0.0100047 0.00136769 -0.00207889 -0.0253957 0.00577016 0.00800481 0.000373186 -0.0175014 0.00257119 0.000265944 0.00362482 0.000540465 0.00372982 -0.00502976 0.0105271 0.00510512 -0.0143492 0.00896405 0.00189798 -0.00988225 0.0175338 0.0105797 -0.00428603 0.00492405 -0.00842174 -0.0213899 -0.0101064 -0.0163937 -0.0231055 0.0113635 0.000418883 -0.0388866 -0.0156452 0.0214801 0.00218971
internal_weight=0 1043.07 778.502 695.502 122.357 264.564 238.089 30.1391 207.95 55.7597 573.145 70.8496 39.7678 542.805 304.751 28.1087 238.054 216.22 276.642 29.5308 247.112 219.875 179.398 159.851 165.115 72.257 92.8576 132.152 40.4774 110.276 68.4812 42.71 71.2428 52.1737 152.191 58.9938 27.8528 18.1905 93.1969 64.4267 51.2126 83.0006 51.5075 26.2654 48.8488 51.105 42.4215
internal_count=5072 4933 3432 3098 517 1501 1393 164 1229 212 2581 301 165 2433 1411 208 1022 919 1203 171 1032 919 734 659 732 320 412 529 185 441 285 189 300 237 1017 423 272 197 594 452 357 334 216 203 229 187 176
is_linear=0
shrinkage=0.05


Tree=126
num_leaves=48
num_cat=0
split_feature=20 42 42 9 42 9 23 39 53 1 35 21 9 7 53 42 11 11 22 18 22 2 54 6 53 59 7 52 59 36 59 25 25 50 25 42 55 42 49 37 35 59 11 22 50 18 59
split_gain=3.38904 3.34274 3.18045 4.8027 4.42205 6.28357 6.82361 5.46066 4.50927 5.26781 8.46241 4.28381 4.09486 4.74782 5.08113 5.94336 5.05822 5.04638 4.469 4.11607 3.97873 4.84879 4.06636 6.6183 3.98812 5.66733 3.92193 4.40008 4.65516 3.92981 5.54851 4.04725 4.1853 3.78503 3.67885 3.52319 3.41989 3.40628 3.32328 3.21124 2.96062 4.42147 2.93663 2.1045 1.94283 1.80598 1.41214
threshold=1.0000000180025095e-35 3.8090909090909095 1.5266106442577032 -0.16738424554773931 1.8221343873517788 1.7276252761546884 0.62500000000000011 1.0000000180025095e-35 8.5000000000000018 89.500000000000014 84.750000000000014 0.52243118397129218 0.31503811503811513 -1.208391608391608 9.5000000000000018 2.8452380952380958 1.4071820071820074 0.856813456813457 1.7795727712383946 8.5000000000000018 0.93932253824398948 77.250000000000014 29.500000000000004 0.34285714285714253 1.0000000180025095e-35 -0.13398942717002907 2.8741258741258746 9.5000000000000018 0.98005052076767474 81.750000000000014 -0.9292178835113839 0.35681818181818187 0.44722222222222224 1.5000000000000002 0.63068181818181823 1.6858552631578949 6.5000000000000009 2.2583333333333337 40.500000000000007 6.7500000000000009 86.750000000000014 0.11478523713130605 -0.51977751977751974 1.2112828555214545 4.5000000000000009 9.5000000000000018 -0.85225707553516283
decision_type=2 2 2 2 2 2 2 2 2 2 2 2 2 2 2 2 2 2 2 2 2 2 2 2 2 2 2 2 2 2 2 2 2 2 2 2 2 2 2 2 2 2 2 2 2 2 2
left_child=-1 2 3 -2 5 6 7 36 9 10 11 -9 45 -14 15 16 17 20 19 -16 -15 22 23 -22 34 46 27 28 29 30 -5 33 -33 -32 -24 -7 -4 -25 40 -31 41 43 -43 -34 -29 -6 -26
right_child=1 -3 4 26 12 35 -8 8 -10 -11 -12 -13 13 14 18 -17 -18 -19 -20 -21 21 -23 24 37 25 -27 -28 44 -30 39 31 32 38 -35 -36 -37 -38 -39 -40 -41 -42 42 -44 -45 -46 -47 -48
leaf_value=-0.020471841107632404 -0.016109234723741213 0.021897792753955082 0.023667060569698237 0.036629138893323129 0.0059262200776703721 -0.03982390964348282 -0.0301977157072746 0.0077672771774303269 0.010901587640634799 0.010137025897308558 -0.038199786608926971 -0.020760519707469356 -0.020324890572022747 -0.01386340280288369 -0.035842585603876008 -0.016115805405279928 -0.016299811666341653 0.032830710858265243 0.008109745121453394 -0.0054815479647168167 0.019140206729786547 -0.0087628939459396572 -0.0067480872214349744 -0.021188476535508413 0.021984384181462993 0.042763653445877785 0.029631942529267166 -0.022644936651953929 -0.017186093467581268 0.0082805586080440096 0.007288573989622695 -0.01575136863219569 -0.021176462625814768 0.037146905048358818 0.020961427534604671 -0.0087615598686795176 -0.0014310830791831506 0.0052711004657604475 -0.0096978806996554628 -0.017690479085740701 0.029120907319561237 0.00050326682674784102 0.022971373200268579 0.004126890867963493 0.0012340360625611448 0.02805126203339374 0.0026062539688610619
leaf_weight=17.021508108824492 24.45260800793767 18.517888814210892 31.626359600573778 19.302044466137886 18.3551324903965 18.630957436747849 19.662530079483986 30.278405263088644 31.768962718546391 23.439446898177266 27.832603346556425 21.784174211323261 24.570050954818726 20.703114405274391 19.835482884198427 30.492798160761595 21.072667917236686 19.02928455453366 21.083895506337285 24.982888542115688 35.816013623028994 33.558008797466755 24.520459306426346 25.275338422507048 18.539629450067878 27.299320089630783 16.338543195277452 17.741986518725753 17.421321332454681 23.665618693456054 21.642163325101137 19.73527783062309 13.801270660012962 21.046802639961243 21.762392107397318 18.413629836402833 23.055775149725378 22.044171692803502 20.728306541219354 22.10582566820085 19.291528277099133 22.003347964026034 42.156831471249461 17.876262900419533 15.434819823130963 19.022916007786989 18.70798974763602
leaf_count=88 118 92 124 72 73 152 93 126 132 89 152 92 108 88 92 151 92 75 102 102 146 130 132 156 73 104 87 102 89 114 109 121 72 107 76 128 101 111 83 126 81 111 157 92 72 91 88
internal_value=0 0.00139448 0.00101163 0.00485506 -0.00095951 -0.00632171 -0.00291142 5.90122e-05 -0.00533774 -0.010387 -0.0164591 -0.0043357 0.0020071 0.00054144 0.00192329 0.00454 0.00677265 0.00864585 -0.0106144 -0.0194076 0.00666753 0.00858819 0.0116197 0.00320198 0.0178488 0.0258 0.00645105 0.00515444 0.00719555 0.00886734 0.0116598 0.00905748 0.00524284 0.0225228 0.00644881 -0.02502 0.0132492 -0.00900808 0.00838536 -0.0043725 0.0116966 0.0079247 0.015392 -0.00720796 -0.0118247 0.0176239 0.0125741
internal_weight=0 1066.43 1047.91 354.745 693.164 246.493 209.448 189.786 135.104 103.335 79.8952 52.0626 446.672 409.294 384.723 318.821 288.328 267.256 65.9023 44.8184 248.226 227.523 193.965 83.1355 110.83 64.5469 330.292 313.953 280.777 263.355 217.584 198.282 155.593 42.689 46.2829 37.0446 54.6821 47.3195 135.858 45.7714 115.129 95.8377 64.1602 31.6775 33.1768 37.378 37.2476
internal_count=5072 4984 4892 1713 3179 1189 909 816 591 459 370 218 1990 1826 1718 1422 1271 1179 296 194 1104 1016 886 413 473 265 1595 1508 1334 1245 1005 933 717 216 208 280 225 267 596 240 513 432 268 164 174 164 161
is_linear=0
shrinkage=0.05


Tree=127
num_leaves=50
num_cat=0
split_feature=20 4 45 8 10 62 22 26 42 52 45 41 42 65 9 21 22 60 45 48 51 11 44 9 10 7 52 52 59 51 42 51 65 65 10 7 45 9 11 51 42 39 12 7 42 1 6 42 41
split_gain=3.91358 2.9734 2.71504 6.6857 5.88924 5.48593 9.12161 8.50829 7.76545 6.67325 5.26407 4.77724 4.29189 6.46206 7.51764 4.60483 6.53051 8.25638 4.55747 7.18405 5.42579 4.45606 4.41311 7.41353 6.80888 4.80644 3.99249 3.81149 3.67718 3.64097 3.59336 3.50596 3.43648 8.0624 4.41505 6.63032 3.87892 3.55264 2.81226 2.72513 2.69063 2.50171 2.42868 2.32372 2.21736 2.06688 1.82337 1.47195 1.35417
threshold=1.0000000180025095e-35 6.2500000000000009 50.500000000000007 1.447826086956522 0.23430152123102196 2.5000000000000004 1.235876996689506 0.0034067624632303016 2.296703296703297 7.5000000000000009 61.500000000000007 -0.6568627450980391 2.4365079365079372 -1.5308958414865332 0.89961389961389981 0.60952412990125227 0.99671376233843756 2.5000000000000004 33.500000000000007 1.0000000180025095e-35 76.500000000000014 0.49799389799389787 5.0000000000000009 1.2240768240768245 -0.065637065637065825 1.0041977657685934 4.5000000000000009 2.5000000000000004 0.48877522411129348 72.500000000000014 1.6496163682864451 17.500000000000004 -0.21920354383512752 -0.78079797239534343 -0.70727181161963759 1.363636363636364 35.500000000000007 1.2240768240768245 -0.72765072765072769 8.5000000000000018 1.420168067226891 1.0000000180025095e-35 0.10416666666666667 1.2797202797202802 1.560386473429952 83.500000000000014 -2.1428571428571419 1.7071428571428573 -0.34057971014492744
decision_type=2 2 2 2 2 2 2 2 2 2 2 2 2 2 2 2 2 2 2 2 2 2 2 2 2 2 2 2 2 2 2 2 2 2 2 2 2 2 2 2 2 2 2 2 2 2 2 2 2
left_child=-1 2 5 4 30 11 -7 8 9 43 -5 -2 15 -14 -15 18 31 -18 19 21 26 22 23 24 40 28 -20 -23 -24 -6 -4 -17 33 34 46 -36 -34 -35 -25 -16 -13 -30 -43 -8 -21 -9 -19 -40 -32
right_child=1 -3 3 10 29 6 7 45 -10 -11 -12 12 13 14 39 16 17 32 20 44 -22 27 25 38 -26 -27 -28 -29 41 -31 48 -33 36 37 35 -37 -38 -39 47 -41 -42 42 -44 -45 -46 -47 -48 -49 -50
leaf_value=-0.021440593489866905 0.02464475996065002 0.018518589605323901 0.021472239618093664 -0.034148282648773155 0.0017774855627207872 -0.034633123505328316 -0.060472749475634482 0.027420504316462264 0.015405290261077467 0.0010934778729219791 0.0010881668261269379 0.011048496408062406 0.010111273436499681 0.0082871520837185502 -0.017726532224370938 -0.0066341058130846946 0.028013115355141893 0.0022777950913179389 0.022581140328981331 -0.029060774461652589 0.036177444375100509 0.035100563441756556 0.03509300890341336 -0.0051540452711574839 -0.04364205818465159 -0.010177776935112612 -0.0082372264286797395 0.0072814659382721292 0.022185012588047039 -0.027073858075088782 -0.008486699304677929 -0.034543025141320918 -0.0034882036353513224 -0.008393417768766882 0.029609533346059716 -0.0067567593841445246 0.025200606481009927 -0.035395108312758959 0.0077995673196913657 -0.049086760794045184 -0.016392818760276272 0.014441354999006908 -0.0083087792992950389 -0.025666240901621253 -0.0034259727592238273 0.0057279193749376414 -0.01943104794145193 0.025723016296262093 0.0088438985311583267
leaf_weight=18.211361214518547 25.160150334239006 23.582803707569838 33.658383212983608 27.920106140896678 20.52801163867116 24.118004063144326 9.8795837741345185 18.143074911087751 14.787778984755276 13.880785839632152 16.636357354000211 15.509782737120984 28.251686882227659 15.311715856194494 15.610919396393003 29.78531613945961 27.153152161277831 18.84617406129837 20.129973875358701 16.451579962857068 27.231798293069005 23.950938136316836 20.000241704285145 25.809952540323138 14.970403743907807 19.81907538510859 20.128257306292653 25.620836158283055 29.423582050018013 22.121070474386215 22.405723705887794 17.716515383683145 23.578539716079831 27.449581131339073 27.73854123800993 21.678231513127685 22.133149370551109 22.171348882839084 30.548135597724468 14.683916863054035 18.559122851118445 23.345008786767721 21.729508676566184 13.477483872324227 16.91559967212379 27.397742012515664 18.47294083237648 18.735304981470108 20.742394749075174
leaf_count=91 95 134 120 145 83 127 70 95 72 80 74 74 143 62 86 122 118 76 88 83 93 112 71 153 101 158 97 123 114 96 89 91 107 121 112 112 80 115 151 86 101 97 97 113 81 121 85 80 79
internal_value=0 0.00133217 0.000921221 -0.00495872 0.00124637 0.00203887 -0.00776265 -0.000836401 -0.0145215 -0.0264981 -0.0212567 0.00364887 0.00288144 -0.00846102 -0.019936 0.00419012 -0.00100603 0.0028136 0.00761421 0.00509994 0.0193379 0.00765582 0.00477373 -0.00175548 -0.0166909 0.0118173 0.00734643 0.0211507 0.0164886 -0.0134644 0.00948305 -0.0175407 -0.00107707 -0.00505554 0.00415485 0.0138387 0.0106448 -0.020919 0.00808919 -0.0340097 -0.00394141 0.0110952 0.00353168 -0.042267 -0.016543 0.0147735 -0.00869472 0.0149893 -0.00014383
internal_weight=0 1053.9 1030.32 164.012 119.456 866.305 121.684 97.5664 52.0256 37.2379 44.5565 744.621 719.461 73.8582 45.6066 645.603 256.723 209.222 388.879 321.389 67.49 288.022 238.45 124.133 49.0393 114.317 40.2582 49.5718 94.4983 42.6491 76.8065 47.5018 182.069 136.357 86.7359 49.4168 45.7117 49.6209 75.0934 30.2948 34.0689 74.4981 45.0745 23.3571 33.3672 45.5408 37.3191 49.2834 43.1481
internal_count=5074 4983 4849 686 467 4163 678 551 335 263 219 3485 3390 377 234 3013 1139 926 1874 1596 278 1432 1197 660 276 537 185 235 379 179 288 213 808 621 385 224 187 236 384 172 175 308 194 183 164 216 161 231 168
is_linear=0
shrinkage=0.05


Tree=128
num_leaves=48
num_cat=0
split_feature=65 53 45 12 28 1 58 5 26 6 52 58 59 6 21 11 36 15 58 53 58 26 26 41 11 41 10 0 8 41 6 41 50 8 8 11 11 25 53 65 46 26 46 8 18 52 0
split_gain=5.6561 4.14434 3.63763 3.41906 6.32678 3.88255 4.17628 6.76531 5.47639 11.2372 3.85576 3.7084 5.49421 5.03141 5.33861 4.09593 3.97875 3.33619 4.25956 3.22297 3.1336 3.97695 5.50329 4.68868 4.225 3.87208 4.04879 4.91251 5.73224 3.6825 7.76038 5.30431 4.53143 3.16165 4.58769 4.42906 4.612 4.32829 5.20114 3.5266 4.63759 3.99716 5.16762 2.84523 2.80784 2.63118 1.40084
threshold=5.7434764455486418 16.500000000000004 70.500000000000014 0.14583333333333334 42.500000000000007 76.250000000000014 -0.31799228562170639 -1.0000000180025095e-35 0.011341193553556153 0.34285714285714336 3.5000000000000004 -0.49813634056773481 0.36447543099728863 0.34285714285714275 0.48065123467383375 -0.9711585711585714 76.750000000000014 12.500000000000002 -0.26866367175705824 5.5000000000000009 0.98802474685579866 0.0010876253177240453 0.0015351461778985245 -0.2696969696969696 -0.55776115776115776 -0.37171052631578944 -2.3544401544401539 82.250000000000014 1.5038969404186797 -0.20416666666666664 -1.0026578073089694 -0.30217391304347824 1.5000000000000002 1.4582608695652177 1.233913043478261 0.48245268245268208 -0.073980073980074154 0.63068181818181823 2.5000000000000004 -0.37717181534043548 27.500000000000004 0.011598109438896482 31.500000000000004 0.37304347826086975 8.5000000000000018 1.5000000000000002 72.750000000000014
decision_type=2 2 2 2 2 2 2 2 2 2 2 2 2 2 2 2 2 2 2 2 2 2 2 2 2 2 2 2 2 2 2 2 2 2 2 2 2 2 2 2 2 2 2 2 2 2 2
left_child=1 3 -2 17 5 44 11 -8 9 10 -9 12 13 15 -15 -7 -14 20 -19 -11 21 24 23 -23 -1 26 -24 -28 -29 30 -27 -32 -33 34 35 36 39 38 -35 40 45 42 -41 -37 46 -31 -5
right_child=2 -3 -4 4 -6 6 7 8 -10 19 -12 -13 16 14 -16 -17 -18 18 -20 -21 -22 22 25 -25 -26 29 27 28 -30 33 31 32 -34 37 -36 43 -38 -39 -40 41 -42 -43 -44 -45 -46 -47 -48
leaf_value=0.02573238297202627 0.0030883147552190227 0.021343142365917469 0.035347759603408364 -0.016151928455197192 -0.029679078140500366 0.012822403032453923 -0.016058604266409496 0.0039250321207344972 0.033657706402062122 -0.0047996671527166298 0.033426645648152793 -0.029875499833779323 -0.0055836019533907827 -0.0092837371953488606 -0.055625461805446232 -0.02051332887159811 0.024721808441528801 0.032706017495930738 -0.0022910669932817208 -0.037223609200382979 -0.016035473186854953 -0.040196894642144015 0.023232053190311224 -0.0028947148720513786 -0.0044851541883072108 -0.029963078048561517 0.022781824355694855 -0.017163447394838986 0.010776736264316139 -0.011247796277447843 0.013152791624223668 0.0023415891927331639 -0.026062416010823392 -0.04453606181634423 0.024762440912321503 0.00065957267215895066 -0.021516648419507262 0.005156541009887783 -0.002551862129193453 0.0010548565413567629 -0.026505817685569633 -0.0050529108160398094 0.032982178147202161 0.023306895994781009 -0.0021893046347847035 0.010108703906234843 -0.0510622703805148
leaf_weight=29.532327955588698 17.393110809847713 19.801196539774537 16.999043272808194 6.5776719185523707 24.262584984302521 20.002798497676849 28.974880065768957 19.799987770617008 20.144966604188085 20.015585594810549 25.023565642535686 16.051863268017769 21.701757500879467 14.041753861121835 10.89645437337458 15.426801324822007 20.043544201180339 16.9527080161497 16.621895924210548 11.78631425835192 28.538094299845397 14.597853168845175 32.663107894361019 18.683414067141712 18.20352958701551 31.223286874592304 22.59047682210803 36.425429947674274 35.089237429201603 24.623960375785828 36.510029539465904 29.330807525664568 25.675002209842205 13.144747732207181 22.293282482773066 24.108435090631247 25.509651727974415 26.16487536020577 15.688017908483742 25.596140526235104 20.436387971043587 34.25312178581953 24.237148068845272 31.841949783265591 10.398191468790172 31.997584402561188 7.0022817840799689
leaf_count=132 87 83 76 102 150 78 137 103 98 141 107 90 100 102 85 112 68 80 98 89 153 63 136 108 95 134 114 137 122 103 137 117 108 115 91 99 112 137 114 101 80 134 87 113 43 122 67
internal_value=0 -0.000748813 0.0195814 -0.00120501 -0.00575029 -0.00348075 -0.00155147 0.00477364 0.0111117 0.00482703 0.0207649 -0.00826591 -0.00461216 -0.0141614 -0.0308961 -0.00185734 0.00920515 0.000664082 0.0158147 -0.017585 -0.000107278 0.000615138 -0.000495004 -0.0199515 0.0143537 0.000675203 0.00834379 0.00298626 -0.00349481 -0.0015349 -0.00886009 -0.00141415 -0.0111451 0.00129452 0.00356478 0.00152324 -0.00218987 -0.00950862 -0.0225436 0.000983451 -0.00669809 0.00801891 0.0169265 0.0137313 -0.022258 0.000787027 -0.0364205
internal_weight=0 1024.48 34.3922 1004.68 292.151 267.888 243.91 125.745 96.7704 76.6255 44.8236 118.165 102.113 60.3678 24.9382 35.4296 41.7453 712.533 33.5746 31.8019 678.958 650.42 602.684 33.2813 47.7359 569.403 126.768 94.1051 71.5147 442.634 122.739 91.5158 55.0058 319.895 264.898 242.604 186.654 54.9976 28.8328 161.144 77.0579 84.0864 49.8333 55.9504 23.9781 56.6215 13.58
internal_count=5060 4897 163 4814 1672 1522 1310 675 538 440 210 635 545 377 187 190 168 3142 178 230 2964 2811 2584 171 227 2413 509 373 259 1904 496 362 225 1408 1042 951 739 366 229 627 305 322 188 212 212 225 169
is_linear=0
shrinkage=0.05


Tree=129
num_leaves=48
num_cat=0
split_feature=48 40 65 59 65 9 9 52 53 12 24 18 51 15 61 35 1 59 10 54 35 11 51 0 4 59 59 45 59 37 46 8 36 39 8 52 39 8 11 18 45 8 54 41 51 41 42
split_gain=4.14762 4.48946 2.70031 4.76924 4.25302 4.63935 4.87644 4.55807 4.07392 3.77037 5.19155 4.74407 6.01761 5.27442 4.22215 4.78681 4.63943 3.96729 4.48872 3.86646 4.75358 5.52818 2.33235 8.81214 7.45946 4.56823 5.85181 6.78078 5.03517 4.6207 5.58481 4.29723 4.19914 3.92304 5.17608 5.10501 3.71095 3.37228 3.23218 2.95847 2.14733 1.94216 4.69175 1.84243 1.79432 1.43738 0.281056
threshold=4.5000000000000009 -1.2499999999999998 2.699425587715826 -0.15950993297387572 1.0468179961504429 1.4138996138996143 -0.051737451737451777 3.5000000000000004 16.500000000000004 0.14583333333333334 0.87500000000000011 5.5000000000000009 3.5000000000000004 32.500000000000007 2.5000000000000004 88.250000000000014 82.250000000000014 0.59003219687534991 -0.72355212355212351 1.0000000180025095e-35 75.250000000000014 -0.3954450954450956 60.500000000000007 90.250000000000014 2.1250000000000004 -0.71502926860092908 0.14888728888808328 15.500000000000002 -0.16799793862756093 7.2500000000000009 14.500000000000002 1.1285832689471098 81.250000000000014 1.0000000180025095e-35 0.66521739130434809 2.5000000000000004 1.5000000000000002 1.1177207078905298 -0.49686529686529707 7.5000000000000009 15.500000000000002 0.63913043478260889 70.500000000000014 -0.15587044534412953 2.5000000000000004 -0.080128205128205107 1.6496163682864451
decision_type=2 2 2 2 2 2 2 2 2 2 2 2 2 2 2 2 2 2 2 2 2 2 2 2 2 2 2 2 2 2 2 2 2 2 2 2 2 2 2 2 2 2 2 2 2 2 2
left_child=2 -2 4 -4 8 6 -6 -7 9 19 11 13 -13 43 15 16 -14 18 -12 -1 21 -21 24 33 25 32 27 28 -27 30 44 -31 -22 35 38 -24 37 -36 -35 -32 -18 -8 -43 -11 -28 -16 -45
right_child=1 -3 3 -5 5 7 41 -9 -10 10 17 12 14 -15 45 -17 40 -19 -20 20 22 -23 23 -25 -26 26 29 -29 -30 31 39 -33 -34 34 36 -37 -38 -39 -40 -41 -42 42 -44 46 -46 -47 -48
leaf_value=-0.018307319730534132 0.031069540005108129 -0.002450893938663871 -0.024755415171448598 0.0039177185051503353 -0.0080749902240520519 -0.019270354853572765 0.026908429621904501 0.0094716603979796282 0.022915099901998193 -0.011071084649607653 0.0039245734879223186 0.020094994134969801 -0.0038327314169334971 0.01106415109351681 -0.0001404313185865798 0.011153114240375222 -0.04850581959608255 -0.037537114609199312 -0.031021916020869261 0.031081086730490357 0.029180974212026867 -0.0034484116891034936 -0.0066328660514860709 0.019294944424474658 0.028078555542607037 -0.01160622350160509 0.010553436004048136 0.0036020347898386377 -0.044466204784567954 -0.02595931186635363 -0.016679100332667837 0.0059369648392834443 0.00065746221033648438 -0.030813347874805542 0.024297220361344969 -0.039269272271349083 -0.011057574528674308 -0.001214890942123283 -0.0022391634172809305 0.0094608839139418976 -0.018342116809419415 -0.0033146177863517244 0.027191699001653941 -0.049638392087369053 0.03049888769108457 0.019999275531457111 -0.027143308192106259
leaf_weight=24.649648539721966 21.442988272756338 17.754504550248384 28.462833533994853 28.095607869327068 20.354865912348032 25.232516651973128 39.652253612875938 28.184537226334214 16.386635504662991 9.0625276789069158 23.015552537515759 32.445719878189266 28.304394602775574 10.02928603440523 17.476318027824163 17.737774391658604 11.6083892416209 19.685242859646678 14.085776769556103 26.710244984366 22.803729977458715 19.613983266986907 29.01404308155179 32.653638042509556 25.809073429554701 30.955445682629943 22.230814844369888 36.20706420764327 18.758104283362627 19.880452167242765 19.930215736851096 20.753518440760672 28.279882676899433 21.518355250358582 25.202625289559364 20.037370212376118 26.468638388440013 25.43677996005863 17.956322941929102 21.481175310909748 14.949910135939716 25.336073912680149 23.705432783812284 7.9316197102889436 25.742748126387596 16.939414297230542 7.9539056168869138
leaf_count=151 90 85 136 128 99 121 147 122 68 52 109 153 153 67 81 134 91 118 122 134 77 133 124 110 104 146 89 141 100 80 82 97 119 99 87 104 123 121 75 90 98 104 80 87 98 94 74
internal_value=0 0.0162032 -0.000168343 -0.0106913 0.000454214 0.00781114 0.0136843 -0.00420978 -0.00102975 -0.00155258 -0.00691207 -0.00259325 0.001572 -0.018783 -0.00417795 -0.0109709 -0.0181955 -0.0199043 -0.00980908 0.000660494 0.00156283 0.0166971 0.000104278 -0.00407136 0.00293599 0.000410147 -0.0027839 -0.0128327 -0.0246374 0.00390395 0.0102272 -0.0099172 0.0137062 -0.00876601 -0.00370391 -0.020483 0.00385103 0.0117068 -0.0181919 -0.00321624 -0.0328081 0.0187123 0.0116801 -0.0307458 0.0216604 0.0100571 -0.0406496
internal_weight=0 39.1975 1028.73 56.5584 972.172 162.466 109.049 53.4171 809.706 793.32 231.226 174.439 139.462 34.9773 107.016 72.6005 54.8627 56.7866 37.1013 562.094 537.444 46.3242 491.12 198.288 292.832 267.023 215.94 85.9206 49.7135 130.019 89.385 40.634 51.0836 165.634 116.583 49.0514 77.108 50.6394 39.4747 41.4114 26.5583 88.6938 49.0415 24.9481 47.9736 34.4157 15.8855
internal_count=5097 175 4922 264 4658 673 430 243 3985 3917 1433 1084 804 280 651 476 342 349 231 2484 2333 267 2066 843 1223 1119 923 387 246 536 359 177 196 733 505 228 331 208 174 172 189 331 184 213 187 175 161
is_linear=0
shrinkage=0.05


Tree=130
num_leaves=49
num_cat=0
split_feature=41 19 42 47 50 33 52 48 53 66 42 42 35 51 58 45 12 11 53 50 9 26 50 65 8 22 18 9 45 38 10 2 9 45 21 0 0 65 45 22 24 12 42 22 41 8 22 52
split_gain=4.06337 4.66047 3.7711 3.72234 5.55351 3.0424 4.06519 3.17082 3.09294 7.26276 5.93659 6.90973 6.3623 4.78981 3.9051 4.05439 3.78087 3.54538 3.26338 6.13801 5.83556 5.693 7.2661 4.79019 4.30921 4.53484 6.48395 5.78656 4.95752 4.79067 5.47569 4.94612 4.1321 7.61738 4.13794 4.0305 5.04117 4.22048 4.53704 5.07628 5.56979 3.88032 3.7674 3.57588 6.88346 3.48738 1.97884 1.88788
threshold=0.34057971014492755 1.0000000180025095e-35 0.75595238095238104 1.5000000000000002 2.5000000000000004 1.5000000000000002 1.5000000000000002 4.5000000000000009 9.5000000000000018 1.0000000180025095e-35 1.3717105263157896 1.7362318840579711 85.250000000000014 29.500000000000004 0.99053107487289871 61.500000000000007 0.062500000000000014 -1.0301374301374302 1.5000000000000002 1.5000000000000002 0.74671814671814696 0.019202909422231906 2.5000000000000004 -0.37717181534043548 0.37304347826086975 1.3952428232669745 7.5000000000000009 1.8972972972972977 31.500000000000004 1.5000000000000002 0.50656370656370653 77.250000000000014 0.6256693835245658 2.5000000000000004 0.52243118397129218 89.250000000000014 90.250000000000014 -1.1463211661045005 44.500000000000007 1.1382415120210494 0.87500000000000011 0.14583333333333334 1.8397435897435901 1.4978845523509778 -0.23205128205128203 1.3257665903890163 1.3809491840114985 2.5000000000000004
decision_type=2 2 2 2 2 2 2 2 2 2 2 2 2 2 2 2 2 2 2 2 2 2 2 2 2 2 2 2 2 2 2 2 2 2 2 2 2 2 2 2 2 2 2 2 2 2 2 2
left_child=2 -2 -1 4 -3 7 -7 8 14 13 -11 12 -12 -10 15 18 -13 -18 19 24 -21 32 -23 42 41 29 27 -27 -28 30 31 -26 34 43 -20 37 -37 -35 39 -39 45 -4 -22 47 -45 -41 -25 -34
right_child=1 3 5 -5 -6 6 -8 -9 9 10 11 16 -14 -15 -16 -17 17 -19 21 20 23 22 -24 46 25 26 28 -29 -30 -31 -32 -33 33 35 -36 36 -38 38 -40 40 -42 -43 -44 44 -46 -47 -48 -49
leaf_value=0.020796055502336375 0.012576664003764899 -0.041887486431556285 -0.0017245103943213031 0.0010368207203726859 -0.0042370842895904292 -0.0052420161440079483 0.023328059711112306 0.015724583127544479 -0.0056583380806253109 -0.028368993340568405 -0.0031684300780606741 0.007198321752907428 0.035543288649818462 -0.04576190139563549 -0.022893708227712178 0.017076528054624823 -0.00012501636132540832 -0.029298893344724797 -0.00043358078247127617 0.0056985672063494808 -0.026411534244816098 0.00046578263417228709 0.040326994278324438 -0.021268545550535513 -0.018161682051183785 -0.041181716010106235 0.019268306382492321 -0.0032589358433126694 -0.011911118774290078 0.02878587560800417 0.020850106556327266 0.014341520433470797 0.036155859338612456 -0.025252910471641056 -0.030267308435852371 0.028508045849961028 -0.0044697117227062702 0.022338016517611553 -0.022736157376764113 -0.0019634681978658651 0.015671088798413862 -0.029285848661828442 0.005524427969826 0.028701129425420982 -0.018760584184437698 -0.03104248268419162 -0.04903360844206911 0.014440581395549868
leaf_weight=20.710653014481068 14.566052590962498 23.28858903888613 33.807677257806063 17.242674488574266 16.826277825981379 20.649862810969353 29.218784837052226 26.703644273802638 13.038119699805977 17.8071997333318 19.324401118792593 25.363433107733727 22.144915048032999 17.401588979177177 17.297463140450418 34.07419053837657 18.057017634622753 23.63096983358264 27.859250029549003 24.688584994524717 16.459981312975287 23.983321186155081 20.887482978403568 14.672338247299196 30.201605618000031 16.299452687613666 32.045573443174362 24.488795867189765 19.900460869073868 26.379077339544892 29.85982359573245 17.818172816187143 21.143517933785915 24.454620972275734 18.97919774055481 19.767194662243128 25.701449340209365 22.79501847922802 21.067082650959492 22.451655432581902 20.979970678687096 19.655857985839248 19.004513951949775 12.986875720322134 15.85078679397702 18.297046791762114 15.843130737543104 22.349140867590904
leaf_count=91 91 142 150 71 99 99 120 128 76 91 84 104 85 112 123 138 78 111 119 102 110 112 85 72 140 92 131 159 81 98 119 80 81 139 85 81 125 96 91 99 90 90 92 50 141 112 99 93
internal_value=0 -0.0120432 0.000187866 -0.0184039 -0.0265821 -0.000275306 0.0116271 -0.000935613 -0.00145326 -0.00780316 -0.00243121 0.00204509 0.0178541 -0.0293108 -8.46492e-05 0.000498559 -0.00785098 -0.0169613 -0.000355154 -0.00380368 -0.0148737 0.00311033 0.0194959 -0.0225416 0.000247022 0.00367218 -0.00434956 -0.0190362 0.00732414 0.0107808 0.00439452 -0.00605454 0.000557832 0.00314321 -0.0129024 -0.00249799 0.0101721 -0.00697175 -0.00254067 0.00269994 -0.00479246 -0.0122091 -0.00961569 0.0166793 0.00285909 -0.0154514 -0.0367822 0.0255726
internal_weight=0 71.9236 986.101 57.3575 40.1149 965.39 49.8686 915.522 888.818 156.768 126.328 108.521 41.4693 30.4397 732.05 714.753 67.0514 41.688 680.679 341.125 90.6685 339.554 44.8708 65.98 250.456 196.993 92.7343 40.7882 51.946 104.259 77.8796 48.0198 294.683 247.844 46.8384 175.514 45.4686 130.045 105.591 84.5237 61.7287 53.4635 35.4645 72.3303 28.8377 40.7487 30.5155 43.4927
internal_count=5057 403 4654 312 241 4563 219 4344 4216 741 553 462 169 188 3475 3352 293 189 3214 1615 475 1599 197 373 1140 900 463 251 212 437 339 220 1402 1198 204 833 206 627 488 397 301 240 202 365 191 211 171 174
is_linear=0
shrinkage=0.05


Tree=131
num_leaves=47
num_cat=0
split_feature=46 56 41 50 26 41 10 40 58 58 45 51 57 57 0 37 26 8 37 51 10 54 45 53 57 26 12 8 45 26 6 58 45 57 26 0 26 10 23 41 26 51 58 42 45 9
split_gain=4.34508 5.19547 5.19522 4.38212 4.12756 4.55327 12.1502 5.64442 4.4587 4.43244 3.40561 3.24002 5.14927 4.74495 4.35239 3.75964 5.68707 5.19888 6.92509 5.45239 5.2546 5.36884 5.53599 6.39307 5.79217 4.31279 3.93569 5.11638 5.96408 4.24619 3.67234 5.55483 4.50677 3.585 5.26751 5.01623 3.44537 3.42187 3.0985 3.01085 2.95457 2.6235 2.37354 2.25633 1.43666 0.303626
threshold=81.500000000000014 5.5000000000000009 0.34057971014492755 2.5000000000000004 0.097218777325615582 0.17519181585677754 -0.038610038610038637 0.75000000000000011 0.99274428880883148 0.84313847884979054 15.500000000000002 1.5000000000000002 56.562500000000007 53.062500000000007 77.750000000000014 4.7500000000000009 0.012720939031767331 2.8669565217391306 5.2500000000000009 47.500000000000007 5.0339768339768343 4.5000000000000009 23.500000000000004 5.5000000000000009 72.312500000000014 0.0050310890084746531 0.10416666666666667 1.6699040090344439 13.500000000000002 0.012245759382971054 2.5714285714285721 -0.96235977360714686 32.500000000000007 73.062500000000014 0.0020776166129196122 84.750000000000014 0.0022838929199046668 -2.2849420849420849 0.37500000000000006 -0.24568965517241378 0.005175177875778419 81.500000000000014 0.40614137006726808 1.720779220779221 4.5000000000000009 0.73667953667953689
decision_type=2 2 2 2 2 2 2 2 2 2 2 2 2 2 2 2 2 2 2 2 2 2 2 2 2 2 2 2 2 2 2 2 2 2 2 2 2 2 2 2 2 2 2 2 2 2
left_child=1 -1 4 41 5 7 10 8 11 45 -7 14 13 -13 38 16 25 18 19 -17 21 -20 26 30 39 -14 29 28 36 33 31 -24 -33 34 -23 44 -28 -34 -3 -25 -38 -4 -16 -39 -36 -9
right_child=-2 2 3 -5 -6 6 -8 9 -10 -11 -12 12 15 -15 42 17 -18 -19 20 -21 -22 22 23 24 -26 -27 27 -29 -30 -31 -32 32 37 -35 35 -37 40 43 -40 -41 -42 -43 -44 -45 -46 -47
leaf_value=-0.026038037593647551 0.018907687046503321 -0.032654846666898565 -0.034793411722621598 0.0036310843048959415 -0.020586151767297549 0.019034181502754852 -0.014711141191485408 -0.02124261092154095 -0.019527000896286846 0.0058712085310147679 0.054797632028077005 0.0036020077003564807 0.015596610905419471 0.040346255817762161 0.012439948417703607 0.004859091805438585 0.03055723083484941 0.027495331588793949 -0.018757052762306478 -0.028281320789033698 0.024902763909155468 -0.0043887754927113901 -0.017284279337366981 -0.015507289799411808 -0.032688742435643035 -0.014990503460716878 0.018414137262202281 0.021418268211363778 -0.0305208729267058 -0.0081222034761439053 -0.012517706862709303 -0.0061790105811583241 0.0026148462579757346 0.034719885592096551 0.037830601032670504 0.0048701174013396006 -0.0185689814202737 0.011512622775473654 -0.0035138024081938094 0.010118723487018328 0.0056337031077979402 -0.0079286826777942975 -0.0093618289804290392 0.031992359369984638 0.018513845008197367 -0.038980186707278444
leaf_weight=17.026686741039157 32.353356014937162 18.740192706696689 20.873145617544651 24.33011323120445 18.870861999690533 15.396421309560539 17.60343851428479 9.3645056486129814 21.549799333326519 11.486249772366135 13.493012586608527 17.26821808423847 25.642491782084107 17.352484811097383 29.263656362891197 19.189468264579773 29.073751535266638 18.209782199002802 29.433398706838489 32.843155790120363 24.453806810081005 33.015896851196885 20.603347575291991 23.598165675997734 27.333671987056732 19.328482607379556 20.392420303076506 22.154487569816411 17.162943156436086 20.298525337129831 31.478615783154964 30.420574493706226 31.734001737087965 20.987395122647285 25.702656596899033 35.970552492886782 22.372343150898814 25.868110192939639 17.458664888516068 20.53254285082221 26.629564179107547 16.827569424174726 20.322720106691122 31.462204061448574 20.649166129529476 10.996642258949576
leaf_count=91 149 114 120 137 98 128 149 44 117 80 48 107 105 72 118 82 110 85 133 148 89 147 96 92 134 87 89 133 116 84 151 138 129 69 99 141 117 105 82 94 120 88 86 104 81 116
internal_value=0 0.000568767 0.00104368 -0.0128574 0.0019681 0.00244901 0.017531 0.00163351 0.00241811 -0.0187075 0.0370123 0.00301288 0.00407878 0.0226345 -0.00613715 0.00313884 0.0137221 0.00188019 0.00107741 -0.0161981 0.00270205 0.00164824 0.00286417 -0.0025833 -0.0150386 0.00241018 0.00784467 0.000520995 -0.00501123 0.0128924 0.0026619 0.00613739 0.010286 0.0160578 0.0123927 0.019095 0.00164188 0.015916 -0.0190724 -0.00362434 -0.00556666 -0.0233172 0.00349617 0.0231075 0.0297979 -0.0321987
internal_weight=0 1024.77 1007.74 62.0308 945.708 926.838 46.4929 880.345 848.497 31.8474 28.8894 826.947 741.162 34.6207 85.7852 706.542 74.0447 632.497 614.287 52.0326 562.254 537.801 508.367 243.031 71.4644 44.971 265.336 108.712 86.5573 156.624 171.567 140.088 119.485 136.326 115.338 82.3224 69.3943 89.0643 36.1989 44.1307 49.0019 37.7007 49.5864 57.3303 46.3518 20.3611
internal_count=5022 4873 4782 345 4437 4339 325 4014 3774 240 176 3657 3257 179 400 3078 302 2776 2691 230 2461 2372 2239 1043 320 192 1196 575 442 621 723 572 476 537 468 321 326 338 196 186 237 208 204 209 180 160
is_linear=0
shrinkage=0.05


Tree=132
num_leaves=50
num_cat=0
split_feature=47 40 19 65 26 0 3 58 25 3 5 51 7 60 2 0 59 12 40 59 58 59 7 12 58 28 15 21 21 46 50 18 0 26 22 50 49 3 65 49 58 58 9 10 50 49 9 59 10
split_gain=4.99852 3.67778 4.96976 4.61908 6.26681 4.05723 3.596 3.53116 3.30913 5.63906 9.63957 5.57678 7.50609 5.28352 5.10095 4.87507 9.07479 5.22633 5.58909 5.07942 3.47999 6.35294 5.95572 5.28626 3.11708 3.03145 3.39103 4.74111 7.01423 4.62578 6.95204 4.36342 4.33899 3.85064 4.9203 5.4219 7.89356 9.4925 5.42888 4.89333 4.79774 4.04646 2.89372 2.74658 2.67886 2.29373 2.0688 1.63492 0.205434
threshold=4.5000000000000009 0.75000000000000011 1.0000000180025095e-35 1.8921732736060097 0.0083894944996799753 82.250000000000014 82.500000000000014 0.30983042691905771 0.41428571428571431 52.500000000000007 1.0000000180025095e-35 56.500000000000007 -0.041958041958042015 4.5000000000000009 61.500000000000007 82.750000000000014 0.19969739736768838 0.062500000000000014 -2.2499999999999996 0.94353349168649059 0.83849049182116964 0.33222858587828868 0.62937062937062982 0.062500000000000014 0.71503381463111937 157.50000000000003 7.5000000000000009 0.72330837703699991 0.52243118397129218 43.500000000000007 1.5000000000000002 10.500000000000002 87.750000000000014 0.0024369862441807771 1.0616727718655929 2.5000000000000004 54.500000000000007 42.500000000000007 0.35387457207787903 11.500000000000002 -0.50556189049999822 -0.048361574224334618 1.2471042471042475 -1.1799227799227798 1.5000000000000002 64.500000000000014 1.2240768240768245 -0.71502926860092908 -0.15135135135135144
decision_type=2 2 2 2 2 2 2 2 2 2 2 2 2 2 2 2 2 2 2 2 2 2 2 2 2 2 2 2 2 2 2 2 2 2 2 2 2 2 2 2 2 2 2 2 2 2 2 2 2
left_child=1 8 7 4 6 -6 24 -3 9 15 11 13 -13 -11 43 19 17 -17 -19 -1 25 22 -22 -24 -4 26 27 28 31 30 46 44 42 41 40 36 37 -36 -38 -39 -35 -28 -30 -10 -16 -31 -29 -37 -20
right_child=-2 2 3 -5 5 -7 -8 -9 14 10 -12 12 -14 -15 20 16 -18 18 48 -21 21 -23 23 -25 -26 -27 33 29 32 45 -32 -33 -34 34 35 47 38 39 -40 -41 -42 -43 -44 -45 -46 -47 -48 -49 -50
leaf_value=-0.041910208628311275 0.022307294855476542 -0.0055180231907007975 -0.053470060129028565 -0.033740423484198111 0.015587593983311164 -0.0098281318428634426 -0.0060701311373577982 0.034005260990267482 0.0051135950366791791 0.00085526060523365491 -0.028309319021144665 0.019198743306628095 -0.023034920355273557 0.032451921404520676 -0.012738985808679075 0.0017368038250642388 0.027297598256609015 -0.00028716334159494097 -0.053095707033585994 -0.0030502553238295101 0.015078690628677378 -0.030564611130249456 0.0057972979412866527 -0.027733818057892903 -0.015583266112133263 0.021139969830059474 0.0060649062648664848 -0.00079326828931703492 -0.04006207653998594 0.029872960230755526 -0.024365984653993891 0.02114152150604641 -0.0034012360714478608 0.0070397746198043801 0.03535612788424037 0.03264620414019636 -0.038363159265172829 0.013346997339460065 0.0022223442664630398 -0.023166066198650283 -0.024607560567314467 0.035534014070439789 -0.014076631729823812 0.028603367245385508 0.0096915625373038914 0.0070846358897732695 0.02116359040259606 0.012805454200256326 -0.031021578479655216
leaf_weight=21.44674857519567 24.712730502709746 10.730221452191474 10.475876489654185 18.254645252600312 31.823034189641476 29.171341207809746 22.185876581817865 10.401577416807411 23.224456701427698 21.541394256055355 18.661932667717338 18.291828963905573 22.180206731893122 33.52370198443532 33.546883944422007 26.939903391525149 16.143747199326754 11.10298563539982 9.6079931380227244 13.713813132606445 34.921474002301693 20.963260153308511 21.689969457685947 23.935032026842237 12.564623996615408 21.92642505094409 26.131126699969172 22.000220462679863 21.916846062988043 22.209924392402172 21.711631812155247 23.708755306899548 32.932895325124264 21.39307377114892 24.372717283666134 20.645612724125385 15.712798113003375 17.682982247322798 16.04816628061235 17.095731178298593 25.221674650907516 20.780518759973347 23.289290960878134 27.178727813996375 20.743567733094096 22.621223367750645 19.809668473899364 24.167157744988799 8.4340773541480267
leaf_count=151 105 95 154 100 156 138 117 87 109 103 94 75 123 144 145 104 64 49 91 70 135 96 89 137 132 85 120 92 102 80 97 94 123 82 102 79 91 68 74 92 113 90 94 117 82 88 71 105 74
internal_value=0 -1.02532e-05 -0.00734826 -0.0111599 -0.00700083 0.00346974 -0.0208915 0.0145938 0.0011983 -0.00408398 0.00364107 0.0101108 -0.00394423 0.0203271 0.00295511 -0.0122567 -0.00468211 -0.0142042 -0.028508 -0.027257 0.00169183 -0.00672768 -0.000225078 -0.0120108 -0.034317 0.00335903 0.00252827 -0.00132937 -0.00688823 0.00667078 -0.00203388 0.00370912 -0.0173798 0.00696533 0.00362868 0.00843218 0.00134875 0.0120901 -0.0184143 -0.0047471 -0.0102407 0.0195881 -0.0272693 0.0180899 -0.00414833 0.0187797 0.00986132 0.0224593 -0.0449478
internal_weight=0 1034.78 145.607 124.475 106.221 60.9944 45.2264 21.1318 889.17 221.588 114.199 95.5371 40.472 55.0651 667.582 107.389 72.2287 56.085 29.1451 35.1606 617.179 101.51 80.5465 45.625 23.0405 515.669 493.742 264.491 156.138 108.353 63.5215 77.9992 78.139 229.252 182.34 135.725 90.9124 59.1514 31.761 34.7787 46.6147 46.9116 45.2061 50.4032 54.2905 44.8311 41.8099 44.8128 18.0421
internal_count=5078 4973 979 797 697 294 403 182 3994 1142 539 445 198 247 2852 603 382 318 214 221 2626 457 361 226 286 2169 2084 1068 640 428 260 321 319 1016 806 611 427 262 165 160 195 210 196 226 227 168 163 184 165
is_linear=0
shrinkage=0.05


Tree=133
num_leaves=50
num_cat=0
split_feature=47 44 45 58 54 8 48 22 22 10 22 42 42 57 0 0 22 8 58 4 42 61 24 15 10 39 6 57 57 0 51 59 18 54 18 11 37 58 45 10 10 40 6 18 58 54 10 24 26
split_gain=3.69696 4.06976 5.78706 4.90696 4.27413 3.62477 6.02649 3.87031 8.64811 5.95757 6.59789 5.64416 5.36092 4.99598 6.896 4.24983 5.22346 4.66539 5.32633 6.97777 5.2747 4.82448 4.0213 3.70275 3.42803 3.42159 3.2469 3.23231 5.95485 5.86089 5.32108 4.47996 4.48079 4.78914 4.04 4.42817 4.72778 4.42867 3.49054 3.57179 7.7038 3.06697 2.64151 2.58197 2.38757 2.32143 2.07187 2.02542 1.83788
threshold=4.5000000000000009 5.0000000000000009 66.500000000000014 0.98049069993378934 6.5000000000000009 2.0634782608695654 1.0000000180025095e-35 1.1004978106279562 1.049785099688922 -1.4594594594594594 1.4833899732862526 1.5266106442577032 1.8786764705882355 74.437500000000014 82.250000000000014 90.750000000000014 1.2912841987848005 1.682608695652174 0.43733377705052551 0.62500000000000011 1.8397435897435901 2.5000000000000004 0.87500000000000011 7.5000000000000009 0.65637065637065606 1.5000000000000002 -1.8857142857142846 60.812500000000007 62.312500000000007 77.750000000000014 1.0000000180025095e-35 0.6174544326165855 7.5000000000000009 6.5000000000000009 12.500000000000002 0.15447795447795443 7.7500000000000009 -0.40614700388750385 2.5000000000000004 -0.48803088803088795 -2.4223938223938219 -1.0000000180025095e-35 2.5714285714285721 9.5000000000000018 0.15951094710994371 18.500000000000004 -0.19305019305019319 0.37500000000000006 0.0087974348172818288
decision_type=2 2 2 2 2 2 2 2 2 2 2 2 2 2 2 2 2 2 2 2 2 2 2 2 2 2 2 2 2 2 2 2 2 2 2 2 2 2 2 2 2 2 2 2 2 2 2 2 2
left_child=1 2 4 27 41 7 23 8 13 10 11 -9 22 14 -6 16 24 18 19 21 -21 -18 -12 -7 -11 43 -13 29 -29 30 47 -32 33 -33 35 36 38 -37 -30 40 -40 -1 -39 -16 -31 -41 -20 -3 -8
right_child=-2 3 -4 -5 5 6 48 9 -10 15 12 26 -14 -15 25 -17 17 -19 46 20 -22 -23 -24 -25 -26 -27 -28 28 34 44 31 32 -34 -35 -36 37 -38 42 39 45 -42 -43 -44 -45 -46 -47 -48 -49 -50
leaf_value=-0.0023078227173366993 0.018648670041188097 -0.0027694015322851551 -0.031025488516653921 0.025608149511333545 0.013926124873094997 -0.01239245965160571 -0.041865645028871384 0.0017128683429903165 -0.039586351374475109 0.030676967418474362 -0.020802872959063613 -0.041404448361369889 0.023166504660547971 0.020687685819985164 -0.034135322181236875 -0.014303525093530415 -0.03217313512665277 0.023301350760354732 0.028399554587760251 -0.0073604206010239627 0.026007607042554032 -0.00098639913727565569 0.010999002568711653 0.021446727072728107 0.0075634448466364275 0.0017923184337689559 -0.013506517114781909 -0.022414031161567101 0.021023792811567844 0.011290189466510839 -0.013523993446796133 -0.012498795062451665 0.032556869534008021 0.025583478985906474 0.022380899450437048 0.0036640590819459981 -0.016711993380603075 -0.035578001854035611 0.012780527502730491 0.00080922822633578372 -0.024280141489283234 -0.032518798249906215 -0.008044446979457099 -0.0086300271734785407 0.036057582983764352 0.022712201700378468 0.0044967172049033563 -0.031239888017596945 -0.014820898521887916
leaf_weight=15.047404173761604 24.57622648216784 11.748500138521196 17.154839377850294 22.013143798336387 26.089124463498592 17.741823159158233 13.984052712097766 27.028252013027668 17.049274560064077 37.518829425796866 20.280793637037277 20.382501825690269 25.375055611133575 18.676661856472492 24.824257167056203 20.095188152976334 27.686479089781642 25.608930771239102 17.361673776060343 24.943886607885361 20.987945832312107 21.958138785324991 17.77787418384105 13.229242076631634 28.938346641138196 18.051055146381259 23.227003755047917 28.7492472268641 33.699899241328239 21.056624626740813 17.017353730276227 19.081592090427876 21.296381707303226 13.039533563889561 19.764840040355921 26.157680889591575 23.101552122272551 18.824177479371428 26.726338356733322 22.826984666287899 27.479502834379673 18.49811455141753 16.87095211353153 17.533009303733706 19.523422416299582 24.921422530896962 18.795519976876676 12.876543142367153 13.729306558147071
leaf_count=70 108 74 79 94 113 91 78 116 105 157 118 86 103 81 132 103 139 128 66 102 79 110 74 100 129 82 100 132 133 90 101 158 112 93 91 108 109 93 111 94 121 139 73 85 73 94 95 101 84
internal_value=0 -0.000593929 -0.00321352 0.00314647 -0.00235724 -0.00129983 -0.0129465 8.97113e-05 -0.0076082 0.0025925 -0.00584646 -0.016256 0.00581767 -0.00210035 -0.00720098 0.00723641 0.00922553 0.00420492 0.000345009 -0.00584701 0.00811594 -0.0186709 -0.00604639 0.00228061 0.0208737 -0.0164035 -0.0271815 0.00186478 -0.00131052 0.00812836 0.00126599 0.00826513 0.0153275 0.00326633 0.00129592 -0.000685604 0.00374086 -0.0119256 0.00732073 0.00263112 -0.00610677 -0.0194262 -0.0231384 -0.0240204 0.0237866 0.0124725 0.0164296 -0.0182949 -0.0294504
internal_weight=0 1036.35 609.575 426.776 592.42 558.874 58.6844 500.19 122.223 377.966 134.071 70.6378 63.4337 105.174 86.4974 243.895 223.8 157.343 131.734 95.5765 45.9318 49.6446 38.0587 30.9711 66.4572 60.4083 43.6095 404.763 269.123 135.64 95.0599 70.4349 53.4175 32.1211 240.373 220.609 158.756 61.8528 135.654 101.954 54.2058 33.5455 35.6951 42.3573 40.58 47.7484 36.1572 24.625 27.7134
internal_count=5107 4999 2944 2055 2865 2656 353 2303 598 1705 597 302 295 493 412 1108 1005 719 591 430 181 249 192 191 286 299 186 1961 1159 802 639 464 363 251 1027 936 662 274 553 420 232 209 166 217 163 188 161 175 162
is_linear=0
shrinkage=0.05


Tree=134
num_leaves=49
num_cat=0
split_feature=27 42 37 35 25 26 11 22 42 7 52 51 11 53 3 58 52 3 21 8 25 20 52 25 53 22 8 7 26 11 8 8 22 0 20 11 4 50 21 22 51 22 8 42 11 53 22 11
split_gain=2.34845 4.34797 3.49018 3.79956 3.08059 8.75901 4.57993 4.28799 8.38582 6.3839 5.45023 4.23779 4.15796 3.93376 4.79719 6.03809 7.21836 4.66908 4.59978 4.48076 4.40839 6.72431 5.75134 4.35684 3.81484 3.57662 5.07918 3.4238 4.06334 3.38331 5.02312 5.80381 5.17511 3.10433 3.93614 3.46331 3.07701 3.0604 2.86694 5.50592 5.6625 3.64535 2.75453 2.48914 2.38189 1.83115 1.72938 0.942213
threshold=0.25666666666666677 0.57603686635944717 9.2500000000000018 80.750000000000014 0.41428571428571431 0.0017833937986741395 -1.1446499446499447 0.9193963476858541 1.8221343873517788 -0.25174825174825155 4.5000000000000009 10.500000000000002 -1.1587223587223585 2.5000000000000004 37.500000000000007 -0.88622299073327826 1.0000000180025095e-35 107.50000000000001 0.92016825471890717 0.59739130434782617 0.55050505050505061 2.7500000000000004 6.5000000000000009 0.68333333333333346 1.5000000000000002 1.5364651941646761 0.83217391304347832 -0.20979020979020965 0.0011622280599715153 0.856813456813457 0.73687370600414093 1.2443478260869567 1.5055196306985483 88.750000000000014 2.7500000000000004 0.40588600588600571 0.62500000000000011 2.5000000000000004 0.52243118397129218 1.4978845523509778 45.500000000000007 1.1894273486010167 0.4603344481605352 1.9148550724637683 -0.22389502389502411 8.5000000000000018 1.917974380397176 -0.3752085752085757
decision_type=2 2 2 2 2 2 2 2 2 2 2 2 2 2 2 2 2 2 2 2 2 2 2 2 2 2 2 2 2 2 2 2 2 2 2 2 2 2 2 2 2 2 2 2 2 2 2 2
left_child=-1 -2 4 44 5 12 27 11 9 -9 24 -7 -3 14 18 -16 -17 20 33 -18 21 22 -15 36 -10 26 -25 38 -29 30 -11 -32 -33 34 35 -8 -22 -30 41 40 -40 -6 -13 -36 -4 -23 -41 -14
right_child=1 2 3 -5 6 7 13 8 10 29 -12 42 47 17 15 16 19 -19 -20 -21 23 45 -24 25 -26 -27 -28 28 37 -31 31 32 -34 -35 43 -37 -38 -39 39 46 -42 -43 -44 -45 -46 -47 -48 -49
leaf_value=0.016429330886379861 -0.02257800178622893 -0.0036341143775810193 0.041208693740832719 -0.0034710513011461429 0.021669758724432567 -0.010668010781873891 -0.021962754460148521 0.0054115513205917325 0.00041836862698786778 0.0096816812482596239 -0.015440413964751416 0.0064141532422213382 -0.054243373489407443 -0.016373201721961703 -0.0079250369297519004 0.003487275483973372 0.013431160920733307 -0.020411348858777711 0.018244457525666728 0.04494630289180182 -0.031817660801506935 0.031991050278300369 0.019753167040741537 -0.0070248810607936489 0.026863797886940894 -0.012924648456550177 0.020172850044056917 0.0075844287337716769 -0.030551317664216333 -0.046174157914117692 -0.051775997479097127 0.014383901079642995 -0.033155892670607624 -0.015287663176577093 0.0005393283588087884 0.0087596113411611918 -0.0036559961997951703 -0.0045584573953899171 0.0015108094430144668 0.018121861754121834 -0.029323888705980457 -0.0043701383502073336 0.030588839951773573 0.02480507130588272 0.0079521808640760101 0.010725236950244736 -0.0031147099067804652 -0.027308664762201965
leaf_weight=19.342508765868843 21.273225460201502 10.349222889170052 12.326564508024605 17.272974783554673 25.063244000077248 20.436459757387638 21.024483846500516 22.049246564507484 26.764509106054902 11.484833637252448 21.316005579195917 31.069398302584887 10.193370745982977 29.760314831510186 20.510296516120434 32.649668124504387 18.964569240808487 26.415237404406071 32.474934283643961 31.699724743142724 19.352963881567121 25.937579929828644 16.18670417740941 31.008310532197356 26.871025895699859 29.184335760772228 36.392614793032408 15.124337492510675 32.018295409623533 14.684045621193944 13.75027074664831 10.339252266101541 10.744011351838706 33.798739137127995 20.587434662505984 14.98421925678849 19.090670317411423 17.842874441295862 26.793186999857426 20.568398963660002 32.250389069318771 27.177818790078163 18.713927717879415 20.814521661959589 10.011394816450773 18.535729653201997 16.799216516315937 10.34541868790984
leaf_count=65 84 70 95 114 96 91 124 93 144 58 115 135 93 156 107 145 86 124 114 127 115 114 73 140 129 133 134 75 156 91 93 58 114 143 94 63 81 85 118 89 136 118 76 84 82 83 82 73
internal_value=0 -0.000725834 -0.000244518 0.0141171 -0.000843615 -0.00550154 0.000854429 -0.0020625 -0.00662133 -0.0174724 0.00547414 0.00814436 -0.0300501 0.00347421 0.00793754 0.0160722 0.0220038 -0.000925967 0.0019891 0.0336379 0.00143713 0.00992267 -0.00349656 -0.00427627 0.0139165 0.00142787 0.00774055 -0.0052569 -0.0147359 -0.0256976 -0.0183674 -0.0276275 -0.0102467 -0.00287802 0.0026661 -0.00928708 -0.0182801 -0.0215223 -0.00104226 -0.00613503 -0.0155394 0.00829516 0.015925 0.013036 0.0272832 0.0235586 0.00874227 -0.0425741
internal_weight=0 1033.01 1011.73 39.6109 972.122 259.111 713.011 228.223 158.003 83.0517 74.9515 70.2198 30.888 499.373 247.509 103.824 83.314 251.864 143.684 50.6643 225.449 90.4203 45.947 135.029 53.6355 96.5853 67.4009 213.638 64.9855 61.0024 46.3184 34.8335 21.0833 111.209 77.4107 36.0087 38.4436 49.8612 148.652 96.4112 59.0436 52.2411 49.7833 41.402 22.338 44.4733 37.3676 20.5388
internal_count=5068 5003 4919 291 4628 1433 3195 1197 895 507 388 302 236 2240 1087 465 358 1153 622 213 1029 426 229 603 273 407 274 955 316 414 323 265 172 508 365 187 196 241 639 425 254 214 211 178 177 197 171 166
is_linear=0
shrinkage=0.05


Tree=135
num_leaves=47
num_cat=0
split_feature=29 3 3 28 41 26 26 22 45 40 26 25 34 23 0 9 4 42 54 0 2 10 10 11 26 54 16 53 21 41 24 8 51 2 8 42 7 65 22 0 25 60 25 10 11 22
split_gain=2.44108 4.28058 6.64667 3.95548 4.52954 3.64457 4.45705 3.69428 5.86967 3.49524 3.23452 7.1336 3.56823 2.92643 7.415 5.5131 5.48551 3.63576 3.91849 4.9368 8.22027 7.16427 6.02628 5.77892 6.90817 3.86639 3.66326 3.69377 4.71898 3.64048 5.79703 6.5171 4.74957 8.0902 4.78016 6.11604 4.51128 4.41572 7.67787 3.53256 3.17939 3.09508 2.96086 2.58024 2.09728 2.05948
threshold=0.98611111111111127 237.50000000000003 37.500000000000007 212.50000000000003 0.34057971014492755 0.00070347386533482206 0.0010378303219440732 0.77531105429009906 23.500000000000004 3.2500000000000004 0.0014789646646579278 0.63068181818181823 1.0000000180025095e-35 0.62500000000000011 81.250000000000014 1.1220077220077223 3.2500000000000004 1.3484848484848486 29.500000000000004 85.750000000000014 70.500000000000014 -1.5629343629343628 -2.8208494208494201 -0.50690729316573879 0.0041096040576341008 14.500000000000002 7.5000000000000009 7.5000000000000009 0.49494897427831791 -0.17914438502673793 0.37500000000000006 0.62347826086956537 84.500000000000014 77.250000000000014 1.5834782608695654 1.7362318840579711 1.8516483516483522 -0.41527477868618629 1.4432420147015068 87.750000000000014 0.52272727272727282 5.5000000000000009 0.52272727272727282 -0.28494208494208484 -0.67537867537867546 1.1055633316046993
decision_type=2 2 2 2 2 2 2 2 2 2 2 2 2 2 2 2 2 2 2 2 2 2 2 2 2 2 2 2 2 2 2 2 2 2 2 2 2 2 2 2 2 2 2 2 2 2
left_child=1 2 -1 4 5 -2 -7 8 -8 -6 11 -9 13 16 -15 -16 17 26 19 20 21 22 -19 -23 -25 -22 43 28 -28 32 31 -31 34 41 35 -20 -36 38 -32 -37 -18 -34 -33 -12 -14 -4
right_child=3 -3 45 -5 9 6 7 10 -10 -11 12 -13 44 14 15 -17 40 18 29 -21 25 23 -24 24 -26 -27 27 -29 -30 30 37 42 33 -35 36 39 -38 -39 -40 -41 -42 -43 -44 -45 -46 -47
leaf_value=-0.0064038372931126564 -0.018517662454270011 -0.0053496575942448277 0.013058605261684337 0.019002938884295356 -0.0060813794319047208 0.02009679119694947 -0.0028908937108951724 0.0047158467516911886 0.027733491615288104 -0.043833585107645734 -0.035953100407334453 -0.034494999410227899 0.024909582744249918 0.0097161525574451582 -0.040625017923214962 -0.0032802141340147065 0.032530685210380245 -0.015718949186267185 0.016932414804324562 -0.027433224806237517 0.021416962455155758 -0.041204747658540104 0.0212395570468011 -0.033735961087876014 0.0096444202445999851 -0.0039384077574285501 0.020879934448836471 -0.023876172945601015 -0.014820582740471135 0.022003459904492539 -0.015324772544669027 -0.026248607924455859 -0.012381033378753785 -0.030368575171584273 0.035005879852844979 -0.025910348597230522 0.0024005252496635964 0.033626881136659695 0.031016253895893665 0.0011152223304041981 0.0038242760080767109 0.010932745453985024 0.0036411708370310105 -0.0088594448312407439 0.0025989667524209253 0.033740289887522319
leaf_weight=25.327505486086011 24.756739839911461 41.376836687326431 24.188564345240593 25.513823009096086 16.172656027600173 27.264751574955881 32.754272593185306 24.125280174426734 28.662409083917737 9.2749275164678675 17.436247453093529 20.973343676887453 20.334258630871773 25.506568914279342 21.868714502081275 17.737797301262617 18.339482232928276 19.301876837387681 27.688353937119246 21.34561662375927 38.506859868764877 23.159668540582061 23.218838729895651 15.129367842338977 20.528368649072945 23.834326300770044 21.68140616081655 12.757927089929579 14.728767866268752 17.603943590074778 17.31667036190629 20.31452088104561 22.553956970572472 28.667287763208151 21.477663828060031 22.84236279129982 20.389836952090263 31.644468028098345 16.555834393948317 24.373132295906544 19.847948350012302 35.020562201738358 13.196045784279702 18.460151568055153 21.321517296135426 27.713839217089117
leaf_count=112 153 144 98 110 111 145 145 149 106 119 93 110 78 125 108 80 98 90 102 112 154 133 104 88 92 103 142 90 100 78 86 147 97 128 80 96 86 146 90 89 95 144 66 96 91 101
internal_value=0 0.00754508 0.0144337 -3.68698e-05 -0.000585739 1.80389e-05 0.00056711 -8.8987e-05 0.0116165 -0.0209781 -0.00102461 -0.0138721 -0.000218195 -0.00108059 -0.0110865 -0.0243928 -2.70309e-05 -0.00122873 0.000390376 -0.00538333 -0.00235865 -0.0111076 0.0044869 -0.0222678 -0.00917981 0.0118139 -0.0107275 -0.0017543 0.00642811 0.00373883 0.0107379 -0.00188882 -0.000315072 -0.00915584 0.0062366 -0.00136626 0.0195532 0.0204692 0.0075652 -0.0122257 0.0180888 0.00174447 -0.0147139 -0.0226376 0.0138185 0.0245308
internal_weight=0 118.607 77.2299 944.189 918.675 893.227 868.47 841.206 61.4167 25.4476 779.789 45.0986 734.69 693.035 65.1131 39.6065 627.921 589.734 504.67 185.025 163.679 101.338 42.5207 58.8174 35.6577 62.3412 85.0645 49.1681 36.4102 319.645 116.631 51.1145 203.013 86.2418 116.771 74.9038 41.8675 65.517 33.8725 47.2155 38.1874 57.5745 33.5106 35.8964 41.6558 51.9024
internal_count=5110 455 311 4655 4545 4315 4162 4017 251 230 3766 259 3507 3338 313 188 3025 2832 2311 876 764 507 194 313 180 257 521 332 242 1435 613 291 822 369 453 287 166 322 176 185 193 241 213 189 169 199
is_linear=0
shrinkage=0.05


Tree=136
num_leaves=50
num_cat=0
split_feature=6 6 51 60 9 8 57 51 12 12 45 37 50 25 52 3 10 53 4 51 57 46 65 9 65 47 26 41 9 38 50 9 57 61 57 0 8 3 49 45 9 18 4 33 57 18 9 18 46
split_gain=3.51655 6.40693 7.35689 3.09632 2.87215 3.53155 3.38226 4.80855 6.14405 4.28856 4.4831 4.23528 6.00054 3.9176 4.73339 8.74601 4.34296 3.89375 3.87906 3.65525 3.53854 4.84854 3.40071 3.36707 3.2751 6.80466 3.5477 4.98666 4.8042 5.15934 3.56595 3.4664 4.76016 3.12735 3.26773 4.01697 3.13502 3.09686 2.91133 5.68138 2.7715 2.76921 2.62987 2.44809 2.26036 2.18014 3.21862 2.55774 1.07025
threshold=-3.0833976833976826 -4.6285714285714272 75.500000000000014 6.5000000000000009 -0.32123552123552124 -0.58956521739130419 58.187500000000007 1.5000000000000002 0.062500000000000014 0.062500000000000014 27.500000000000004 6.2500000000000009 1.0000000180025095e-35 0.68333333333333346 2.5000000000000004 82.500000000000014 -0.24401544401544387 1.5000000000000002 1.2500000000000002 63.500000000000007 64.437500000000014 31.500000000000004 1.1230239228419443 -1.4084942084942085 2.5851166976785733 3.5000000000000004 0.013515052714162472 -0.16228070175438594 1.5667953667953671 1.5000000000000002 1.0000000180025095e-35 1.2112736277801484 67.937500000000014 2.5000000000000004 68.562500000000014 85.750000000000014 0.61304347826086969 52.500000000000007 33.500000000000007 4.5000000000000009 1.2934362934362937 7.5000000000000009 0.62500000000000011 1.0000000180025095e-35 53.062500000000007 5.5000000000000009 1.2330312508354055 8.5000000000000018 41.500000000000007
decision_type=2 2 2 2 2 2 2 2 2 2 2 2 2 2 2 2 2 2 2 2 2 2 2 2 2 2 2 2 2 2 2 2 2 2 2 2 2 2 2 2 2 2 2 2 2 2 2 2 2
left_child=1 2 -1 -3 23 -6 13 8 -8 10 20 12 -12 14 16 44 37 -13 24 -20 -9 38 -14 -2 26 -26 27 28 31 41 -28 32 -11 36 -35 -36 42 -7 39 -22 -41 -30 -29 45 -16 -38 -47 -48 -33
right_child=4 3 -4 -5 5 6 7 9 -10 18 11 17 22 -15 15 -17 -18 -19 19 -21 21 -23 -24 -25 25 -27 30 33 29 -31 -32 48 -34 34 35 -37 43 -39 -40 40 -42 -43 -44 -45 -46 46 47 -49 -50
leaf_value=0.011514208967272245 0.0024819393174575315 0.0087040745961699008 -0.028260757596833403 0.031418022217411717 0.01975339850179314 -0.018606786691719387 -0.037367048736793002 0.023913903795318877 -0.0015613183345560046 0.022422315966001596 0.0095329447783783043 -0.005558508292040948 -0.034256278574720626 0.024941342596977112 -0.041332166081168409 0.023129486498932175 0.030750013755209072 0.022170908645222018 -0.026255992789988504 -0.0003572091901074808 0.012160754274015841 0.026505486095755277 -0.0073602576445953574 -0.024208151835338913 -0.03350021687519969 0.0087118983703552231 0.027567879439599985 -0.04099721734951603 -0.0085874489085693336 -0.026700117044059359 -7.1558065431330745e-05 0.030587566968282631 -0.0076421392063108443 -0.016295710520039027 0.030679516507505517 -0.0032645801151681853 0.0064027163745937615 0.017322471715638221 0.016155692194049928 -0.0029882788451330196 -0.029132992077479627 0.017963499908262917 -0.010411179821306783 0.008934295924620644 -0.0093726828674212531 -0.003262377451952383 -0.013010358255571043 -0.048618907625479039 0.013829886623657958
leaf_weight=29.927557401359081 22.680829603224993 29.605644922703505 17.647333823144436 31.778432667255402 24.510675575584173 11.199570189230146 18.275986326858401 39.465855170041323 31.901555605232716 19.857261084020138 27.262579269707203 22.508459523320198 20.763126481324434 27.957134393975139 12.523960888851436 12.151698272675274 20.03512913081795 27.00333608686924 29.557698454707861 24.634966842830181 31.538910077884793 23.627740673720837 27.113443732261658 23.291283793747425 20.048139198683202 16.860953751951456 22.445141762495041 13.95061426050961 18.96462806686759 19.064543925225735 23.224055058322847 20.75848601385951 34.801239535212517 14.419786430895327 14.225348323583601 19.987439968623221 12.177116299979387 10.799659334123133 24.453731149435043 21.024286329746246 19.044867765158415 18.443007487803698 14.999490417540073 18.088395399041474 10.625791246071456 21.773442951962352 11.652070994023235 9.5224907612428051 22.401730164885521
leaf_count=127 105 117 83 118 100 117 88 158 149 71 97 83 87 133 151 54 123 96 132 101 133 84 112 114 118 69 96 103 92 101 136 78 155 78 61 134 101 50 85 84 88 73 69 100 71 133 102 78 87
internal_value=0 0.0102342 -0.0035179 0.0207782 0.000789044 0.00141282 0.000880826 -0.000264803 -0.015078 0.000778828 0.00556439 -0.00153467 -0.00897068 0.00924537 0.00332527 -0.0100202 0.0145055 0.00970442 -0.00230057 -0.0147027 0.0110993 0.00671068 -0.0194868 -0.0112678 -0.000533483 -0.0144956 0.000972742 -0.000988056 0.00531484 -0.00622747 0.0138121 0.011974 0.0034868 -0.00742955 0.00296811 0.0113195 -0.0123599 -0.000982447 0.00161895 -0.00349939 -0.0158216 0.00462979 -0.0260269 -0.00667782 -0.0276582 -0.0118686 -0.0170769 -0.0304944 0.0223999
internal_weight=0 108.959 47.5749 61.3841 951.618 905.646 881.135 775.842 50.1775 725.664 283.806 124.651 75.1391 105.293 77.3358 35.3015 42.0344 49.5118 441.858 54.1927 159.155 119.69 47.8766 45.9721 387.665 36.9091 350.756 305.087 154.291 56.4722 45.6692 97.8187 54.6585 150.796 48.6326 34.2128 102.164 21.9992 96.0618 71.6081 40.0692 37.4076 28.9501 73.2135 23.1498 55.1251 42.948 21.1746 43.1602
internal_count=5075 445 210 235 4630 4411 4311 3612 237 3375 1107 475 296 699 566 276 290 179 2268 233 632 474 199 219 2035 187 1848 1616 657 266 232 391 226 959 273 195 686 167 390 305 172 165 172 514 222 414 313 180 165
is_linear=0
shrinkage=0.05


Tree=137
num_leaves=49
num_cat=0
split_feature=41 6 25 59 36 41 53 49 8 36 33 50 1 9 9 46 57 57 21 26 60 41 8 45 46 3 62 8 19 3 6 8 52 59 37 52 7 46 53 40 8 9 53 12 57 7 59 45
split_gain=2.85237 6.32692 8.65765 4.06573 5.4828 5.53954 3.34668 3.4569 3.26914 5.73192 3.11805 4.90061 5.35177 4.20346 4.86193 4.4109 6.05416 5.84828 4.43935 3.90424 7.59388 3.36239 5.67267 5.0626 5.55294 5.53285 5.76878 7.66209 5.44522 5.14906 4.83935 4.1592 4.10718 4.76173 4.061 4.08801 3.97983 2.99164 3.08155 2.98511 2.93322 2.8473 2.04716 1.62021 2.57749 1.60906 0.660598 0.657407
threshold=0.078461538461538485 1.5428571428571434 0.19090909090909094 0.93469109537144635 80.250000000000014 0.16904761904761909 6.5000000000000009 3.5000000000000004 -1.0704968944099373 79.750000000000014 1.5000000000000002 6.5000000000000009 84.500000000000014 0.72818532818532844 0.79097119097119106 6.5000000000000009 65.312500000000014 68.812500000000014 0.60952412990125227 0.02123772358232735 8.5000000000000018 -0.55777777777777771 2.6739130434782612 22.500000000000004 26.500000000000004 12.500000000000002 1.5000000000000002 1.7556521739130437 1.7500000000000002 52.500000000000007 -1.0000000180025095e-35 1.5038969404186797 5.5000000000000009 0.42763731121559989 6.2500000000000009 1.5000000000000002 1.573426573426574 41.500000000000007 1.5000000000000002 -0.74999999999999989 1.150434782608696 1.2795366795366798 1.0000000180025095e-35 0.062500000000000014 68.312500000000014 0.39860139860139882 0.77652048701313048 27.500000000000004
decision_type=2 2 2 2 2 2 2 2 2 2 2 2 2 2 2 2 2 2 2 2 2 2 2 2 2 2 2 2 2 2 2 2 2 2 2 2 2 2 2 2 2 2 2 2 2 2 2 2
left_child=8 3 -3 4 5 -2 7 -7 9 -1 11 13 -13 15 -15 -10 -17 -18 45 21 -21 31 23 25 -25 36 27 28 29 39 -28 -16 33 -30 35 -26 -23 -36 -39 -27 -37 -12 -4 -44 -45 -19 -32 -6
right_child=1 2 42 -5 47 6 -8 -9 10 -11 41 12 -14 14 19 16 17 18 -20 20 -22 22 -24 24 34 26 30 -29 32 -31 46 -33 -34 -35 37 40 -38 38 -40 -41 -42 -43 43 44 -46 -47 -48 -49
leaf_value=0.033584634870128478 -0.011390652687299286 0.016264178076208304 -0.012616754156425498 -0.023050549430834288 -0.022991937840029533 0.038387061777478512 -0.00092355264981537003 0.010688005051487828 -0.024754002583736719 -0.0037727704219176136 0.022864724671942852 0.00084009956575203546 -0.03665698913609345 0.025023736023036359 -0.0024772651706587148 0.020311584049669547 -0.03296990258025697 -0.0015892848021252298 -0.017963157069689355 -0.031158165981871429 0.011960733858251704 0.0058850564953119898 -0.024758727300394311 -0.029650405676168397 0.002662030093346784 -0.01028249405001354 0.0053785244476329645 0.028181709279101536 -0.031366269461497572 0.026019571758496764 -0.040192521892804471 0.023100503443247877 0.0096926512454487412 -0.00014456075727142302 0.017931178801807269 -0.035060623487413907 0.034027491686916864 -0.012732474670907845 0.0087112229348426246 0.012077921032010684 -0.0073290621103877301 -0.001862647285164159 -0.06306008902431208 -0.049483527632217743 -0.0073081941609224035 0.017964755746746754 -0.018755156193050768 -0.0078068222338567505
leaf_weight=19.226520836353302 25.260059157386422 9.8069227207452041 8.0337880542501825 17.216978877782822 15.103728512302043 19.824988275766373 21.003767936490476 26.975828675553203 28.518719114363194 20.487652380019426 26.941294677555561 18.776822468265891 18.202346756123006 21.261004909873009 26.161147568374872 21.394257491454482 18.486677471548319 20.445092879235744 24.974389679729939 23.837109947577119 16.620950378477573 23.94186707213521 19.655841965228319 18.427693841978908 32.470463376492262 28.667072642594576 15.964947026222942 32.367975749075413 24.86834804713726 30.960223615169525 10.024540525861086 38.806746169924736 20.478306975215673 23.150513537228107 30.521547622047365 18.503499984741211 26.650098627433181 29.043818833306432 36.880266731604934 29.046492040157318 19.974504394456744 19.715381745249033 7.6688781855627921 7.3037375668063742 7.1463088737800717 20.351674742996693 10.218668567016719 15.594588644802569
leaf_count=103 143 70 76 105 98 111 107 115 120 93 111 98 101 85 107 90 86 89 117 126 67 98 148 89 136 129 79 140 124 124 94 132 85 100 127 87 113 136 157 135 91 86 72 142 64 80 66 66
internal_value=0 -0.00602424 -0.0233231 -0.00099129 0.00223759 0.00828127 0.0156689 0.022979 0.00086192 0.0146935 0.000180191 -0.000577991 -0.0180964 0.000317444 0.00208609 -0.00765997 -0.00285693 -0.00890898 -0.00175355 0.00121451 -0.0135829 0.0023322 0.000880819 0.00202238 -0.00434531 0.0063045 0.00291442 0.00641917 0.00178753 0.00991861 -0.0151114 0.0129195 -0.0087299 -0.0166239 -0.00140004 -0.0104023 0.0210817 0.00526109 -0.000785199 0.000985252 -0.0212151 0.012596 -0.0363073 -0.043994 -0.0304486 0.00836178 -0.0307633 -0.0157676
internal_weight=0 180.94 39.9596 140.98 123.763 93.0646 67.8046 46.8008 866.024 39.7142 826.31 779.654 36.9792 742.674 608.504 134.171 105.652 84.2578 65.7712 587.243 40.4581 546.785 481.817 462.161 185.822 276.339 225.747 189.539 157.171 88.6738 36.2082 64.9679 68.4972 48.0189 167.394 70.9485 50.592 96.4456 65.9241 57.7136 38.478 46.6567 30.1527 22.1189 14.45 40.7968 20.2432 30.6983
internal_count=5118 1169 424 745 640 476 333 226 3949 196 3753 3556 199 3357 2775 582 462 372 286 2690 193 2497 2258 2110 823 1287 1076 837 697 388 239 239 309 224 734 314 211 420 293 264 178 197 354 278 206 169 160 164
is_linear=0
shrinkage=0.05


Tree=138
num_leaves=49
num_cat=0
split_feature=27 42 59 36 27 18 41 46 41 40 20 9 58 26 58 9 54 62 53 8 10 51 25 14 9 45 46 8 58 58 8 9 53 3 6 10 58 8 4 8 41 42 54 59 10 26 58 3
split_gain=4.30559 3.32098 5.02568 5.16383 2.71146 6.87692 2.82706 4.74578 4.16502 8.0006 5.43564 4.26502 5.09435 4.63955 4.05066 4.03343 3.67579 3.66788 7.099 5.12561 4.67885 7.36106 5.29687 4.42199 3.5168 3.44414 6.27708 3.64199 4.98497 4.65538 4.04206 5.61221 3.48474 3.03511 2.85442 4.12491 6.32662 4.82338 4.78067 4.17547 5.82201 3.64013 3.93187 3.16327 2.2824 1.57658 1.2247 0.129632
threshold=0.4300000000000001 2.8452380952380958 0.87709077819680659 76.250000000000014 0.65000000000000002 1.5000000000000002 0.30217391304347835 43.500000000000007 0.17914438502673799 0.75000000000000011 1.6370967741935518 0.33281853281853285 0.34235194516023087 0.035514161289206848 0.79904096188274243 0.65868725868725886 45.500000000000007 1.5000000000000002 7.5000000000000009 1.3539130434782611 -1.5305019305019305 17.500000000000004 0.52272727272727282 0.062500000000000014 0.65868725868725886 21.500000000000004 30.500000000000004 0.85639751552795063 -0.47558551945199218 -0.91597725483594616 1.389130434782609 1.3691119691119693 2.5000000000000004 172.50000000000003 -3.0833976833976826 0.29266409266409227 -0.90163369914317015 0.5240274599542335 1.2500000000000002 1.233913043478261 -0.17028985507246372 1.8221343873517788 55.500000000000007 0.33222858587828868 1.6934362934362934 0.0048264121440916618 -0.63921128368950708 57.500000000000007
decision_type=2 2 2 2 2 2 2 2 2 2 2 2 2 2 2 2 2 2 2 2 2 2 2 2 2 2 2 2 2 2 2 2 2 2 2 2 2 2 2 2 2 2 2 2 2 2 2 2
left_child=-1 4 3 -3 -2 -6 8 33 9 11 -10 12 13 46 -11 16 45 25 20 -20 22 -22 -19 -23 -12 34 -27 28 -28 -29 31 -31 -32 47 -17 36 -36 -38 41 40 -37 42 -39 -43 -42 -13 -7 -8
right_child=1 2 -4 -5 5 6 7 -9 10 14 24 15 -14 -15 -16 17 -18 18 19 -21 21 23 -24 -25 -26 26 27 29 -30 30 32 -33 -34 -35 35 39 37 38 -40 -41 44 43 -44 -45 -46 -47 -48 -49
leaf_value=0.015747409055357639 -0.016903608464017693 -0.039797614235604233 0.0066093179302998059 -0.0017451707287047214 0.031054043596810008 0.034758909203314259 -0.029613901510193049 0.0035908157801071944 0.041673180763409624 -0.040450626885218104 -0.020654469972790176 -0.011678401113658941 -0.0082616797914275182 -0.0022370080353504192 -0.0019482300148822289 0.022331269210919144 -0.00022350590958830722 0.02937813555320485 -0.04557479432097325 -0.0083248070817667236 -0.032498850848379099 -0.015310705336615932 -0.0038501160722753179 0.015157405871428681 0.016109975194528305 -0.023903086337735479 -0.02383088909900332 0.021842299920185344 0.0061634431822768197 -0.0058373528614689739 -0.023288527155523611 0.029393771750245962 0.0041172135081252248 -0.0079646923706662067 -0.027791209930970041 0.024778692981144181 0.02302245375184446 0.004923872898350082 -0.021930378393839444 0.025690220851609116 0.0051128998461320348 0.028372605872879084 -0.023528159702107976 0.0023596073201130243 -0.017759972257302824 -0.033210805886082238 0.017333938600446623 -0.059366160355659829
leaf_weight=38.83435716573149 22.976804669946432 20.284809980541468 20.956825802102685 15.505896683782337 16.632349849678576 21.679732281714678 4.525179127231242 19.089909599162638 12.536921907216309 17.550940216518942 9.398240130394699 18.145715624094009 26.265399787575006 20.866511546075344 10.97954657115042 23.204984582960606 33.06747904419899 21.502326925285161 16.115392323583364 21.277568229008466 21.007972767576575 19.449560187757015 25.247275281697512 27.551213798113167 16.402703613974154 28.634400207549334 28.297142848372459 31.952291041612625 25.649899151176214 23.872194150462747 23.829953610897064 20.01607533544302 21.284436516463757 8.3426173338666541 17.934833983890712 21.88126140832901 23.785690762102604 31.733494237065315 21.623240754008293 35.852294221520424 20.973738748580217 19.359155386686325 18.405636738985777 27.908475534059107 20.965441893786192 18.343357965350151 25.611301720142365 5.0549669656902552
leaf_count=143 91 118 114 70 78 86 120 94 57 149 55 76 117 106 85 85 146 100 80 131 131 87 114 151 153 134 128 122 105 102 116 72 94 39 89 92 100 144 94 155 82 83 104 124 98 84 109 47
internal_value=0 -0.00101378 -0.0126546 -0.0238074 -0.000303447 0.000127261 -0.000473327 -0.0138205 0.000109612 -0.000641459 0.0160078 0.000297792 0.0102222 0.0173616 -0.0262013 -0.00103669 -0.0123818 0.000215048 -0.00653624 -0.0251475 -0.000307082 -0.00863034 0.0117283 0.00249298 0.00244719 0.00233268 -0.00262286 0.00097715 -0.00971703 0.00578742 -0.000154988 0.0105273 -0.0105499 -0.0315754 0.00588559 0.00434038 -0.000626144 0.00295477 -0.00121374 0.012277 0.00446174 0.00356126 -0.00577646 0.0133807 -0.00646859 -0.0231001 0.0258765 -0.04944
internal_weight=0 1003.53 56.7475 35.7907 946.786 923.809 907.176 37.0127 870.164 831.826 38.3379 803.295 94.4229 68.1575 28.5305 708.873 69.5566 639.316 152.151 37.393 114.758 68.0087 46.7496 47.0008 25.8009 487.165 203.536 174.902 53.947 120.955 89.0027 43.8883 45.1144 17.9228 283.628 260.423 160.751 142.816 119.03 99.6727 63.8204 97.4068 50.1391 47.2676 41.9392 36.4891 47.291 9.58015
internal_count=5054 4911 302 188 4609 4518 4440 300 4140 3875 265 3641 418 301 234 3223 306 2917 794 211 583 369 214 238 208 2123 873 739 233 506 384 174 210 206 1250 1165 738 649 549 427 272 455 248 207 180 160 195 167
is_linear=0
shrinkage=0.05


Tree=139
num_leaves=50
num_cat=0
split_feature=4 10 65 20 11 58 58 58 9 46 49 52 9 8 1 22 11 9 58 57 57 10 6 8 3 11 52 42 12 57 11 42 11 8 53 10 37 9 3 46 54 51 36 20 58 49 46 52 26
split_gain=3.96228 3.75113 3.94727 3.5074 7.11102 5.74731 6.4924 5.55265 7.2771 5.98859 5.88136 7.51845 7.57127 9.86076 6.15567 5.51902 5.1474 5.05575 7.50406 5.88606 8.27193 5.00906 4.7935 8.7681 5.03565 8.58601 4.85755 4.78348 6.59346 4.74384 4.68909 4.6641 4.65187 4.04183 3.98314 3.68753 3.60295 3.55087 3.51082 5.04569 7.34503 3.21627 2.77424 2.52828 4.42781 1.84096 1.81423 1.47519 0.997292
threshold=3.2500000000000004 0.79459459459459458 -0.21920354383512752 2.0416666666666647 0.97575397575397582 -0.03977009085991149 -0.16799356919963607 0.46800856592688472 0.70810810810810831 66.500000000000014 60.500000000000007 2.5000000000000004 0.94671814671814702 1.1636940176528279 91.500000000000014 0.99671376233843756 -1.0301374301374302 1.9111969111969114 0.30983042691905771 70.562500000000014 64.437500000000014 2.2795366795366796 -0.34285714285714292 1.7347826086956524 57.500000000000007 -0.48192348192348183 4.5000000000000009 1.3021739130434786 0.10416666666666667 71.812500000000014 -0.50690729316573879 1.560386473429952 -1.9856953856953858 1.0565217391304349 8.5000000000000018 -0.8115830115830116 6.7500000000000009 1.1745173745173749 12.500000000000002 23.500000000000004 11.500000000000002 50.500000000000007 81.250000000000014 3.4736842105263155 -0.72696319516528884 14.500000000000002 8.5000000000000018 2.5000000000000004 0.0050310890084746531
decision_type=2 2 2 2 2 2 2 2 2 2 2 2 2 2 2 2 2 2 2 2 2 2 2 2 2 2 2 2 2 2 2 2 2 2 2 2 2 2 2 2 2 2 2 2 2 2 2 2 2
left_child=3 2 -2 4 5 6 22 9 -9 10 11 43 -13 -14 42 -6 32 19 -19 20 27 38 31 24 26 -26 33 -7 -29 -27 35 -1 -10 -24 -20 -22 48 -33 -18 40 -40 -15 -12 44 -5 -32 -46 -17 -21
right_child=1 -3 -4 7 15 17 -8 8 16 -11 14 12 13 41 -16 47 21 18 34 36 30 -23 23 -25 25 29 -28 28 -30 -31 45 37 -34 -35 -36 -37 -38 -39 39 -41 -42 -43 -44 -45 46 -47 -48 -49 -50
leaf_value=0.020821468032309096 0.0028447000455364734 -0.0021323280039558805 0.03381502842404685 0.010493716727531372 0.00036432921552606774 -0.0043825199699307794 -0.033760433671161043 -0.029538224555326523 0.0045127256433640066 0.030141403280076747 -0.029316682579566839 0.018326548840434519 -0.043727701212049552 -0.010095715572898236 0.017394859755335969 -0.021078113872687897 0.032926690484846463 0.020873721484946147 -0.042875424203997592 0.018586219290555234 -0.011506368595873106 -0.017720403072990977 0.0095020154249193019 -0.041424407959999993 -0.035310345558153315 0.01635695157900522 0.023213476227088581 0.039418926751856244 0.0011996398047087649 -0.016853874946291453 -0.034865600922138862 -0.018035411687135589 -0.027917874345478901 -0.018793534504472065 -0.001938040036225587 0.01750067482989617 0.037074754007985461 0.010071768597069057 0.013304943848048542 0.026463852445776315 -0.029013519148036106 0.01824573692591696 -0.0060051691971546974 0.00502329196628997 0.048189559842615956 -0.010642872196958988 0.023381430246207178 -0.045759100416454021 0.0027900668204436326
leaf_weight=30.875299174338579 17.662335611879826 28.644262418150902 24.324027318507433 32.04985486343503 18.488603601232171 22.634488545358181 19.147101134993136 23.450267549604177 19.140541411936283 24.997823676094413 21.334224635735154 31.676380945369601 16.012957209721208 22.90049175452441 17.941306941211224 15.218991169240327 15.166105861775575 10.64021858666092 15.142495048232378 20.425859723240137 23.519054666161537 16.219107992947102 24.927736863493919 17.490043956320733 27.635917703621089 21.298567965626717 22.557233287021518 26.088746750727296 19.452835070900619 19.766497183591127 16.480288792401552 21.931738719344139 24.418161353096366 23.679705012589693 9.5587876308709365 18.815935764461756 20.238482533022761 21.122594590298831 24.780535312369466 20.003398748114705 16.04437243565917 16.236507691442966 31.362022247165442 22.819436201825738 17.349367053247988 16.524403106421232 18.530805022455752 14.454834168776868 19.500948138535023
leaf_count=125 80 146 129 141 82 106 102 108 83 89 97 141 86 130 64 78 71 74 153 77 100 79 102 154 146 78 96 96 95 92 83 98 144 125 69 75 75 89 128 81 117 70 159 107 81 80 89 90 83
internal_value=0 0.0118135 0.021156 -0.000372243 -0.00306614 -0.00124274 -0.00652344 0.00297625 -0.00442797 0.00729171 0.00487879 0.00971846 -0.00081857 -0.0119455 -0.00725351 -0.0211943 9.32699e-05 0.00429416 -0.012922 0.00732994 0.00178156 0.00677465 -0.00413298 -0.00904894 -0.00473509 -0.0142954 0.00456445 0.0142935 0.0234703 0.000350425 -0.0095796 0.00631153 -0.0138858 -0.00438348 -0.0277255 0.00149226 0.0203193 -0.00433033 0.0121648 0.00653944 -0.00362245 0.00182376 -0.0158131 0.019699 0.0244846 -0.0234077 0.0363585 -0.0342007 0.0111278
internal_weight=0 70.6306 41.9864 970.051 537.617 489.455 250.432 432.434 159.222 273.211 248.213 177.576 86.8263 55.15 70.6376 48.1624 135.772 239.023 35.3415 203.681 143.516 92.2135 231.285 157.356 139.866 68.701 71.1647 68.1761 45.5416 41.0651 75.3397 73.9296 43.5587 48.6074 24.7013 42.335 60.1653 43.0543 75.9944 60.8283 40.8249 39.137 52.6962 90.7495 67.93 33.0047 35.8802 29.6738 39.9268
internal_count=5043 355 209 4688 2623 2373 1207 2065 811 1254 1165 845 427 286 320 250 703 1166 296 870 635 476 1105 793 639 316 323 297 191 170 338 312 227 227 222 175 235 187 397 326 245 200 256 418 311 163 170 168 160
is_linear=0
shrinkage=0.05


Tree=140
num_leaves=49
num_cat=0
split_feature=48 40 65 41 40 11 6 25 5 57 49 45 47 54 57 54 57 26 22 50 4 52 15 49 45 57 26 6 22 10 58 26 26 26 53 53 26 11 21 21 41 57 40 10 46 57 35 46
split_gain=3.17043 4.77474 4.26072 6.55759 4.60138 3.32891 5.71175 2.48024 2.49471 4.49142 3.21287 2.76825 3.36881 8.47751 5.25086 3.78684 5.3105 4.25313 7.06095 4.50978 4.49632 4.07756 5.18897 3.68665 4.60941 5.40126 4.88502 5.26638 4.85527 4.54598 6.61781 4.35047 3.5593 3.55436 4.44022 4.54945 3.75208 5.18692 3.38803 3.34705 3.21842 2.77831 2.5652 2.5571 2.24056 2.23472 1.32531 0.991627
threshold=4.5000000000000009 -1.2499999999999998 1.8921732736060097 -0.36038961038961032 -1.0000000180025095e-35 -3.7255501255501247 -4.6285714285714272 0.095454545454545472 9.0000000000000018 70.562500000000014 1.5000000000000002 54.500000000000007 1.0000000180025095e-35 65.500000000000014 74.187500000000014 55.500000000000007 67.562500000000014 0.0047855086620933142 1.5951072541767612 3.5000000000000004 1.2500000000000002 2.5000000000000004 7.5000000000000009 33.500000000000007 4.5000000000000009 69.812500000000014 0.00093337413631281428 2.5714285714285721 1.816738792892981 -1.1405405405405402 0.89787622492179153 0.011007270451007278 0.0075631083141249082 0.0015678639800647931 10.500000000000002 5.5000000000000009 0.0053373536176074847 -0.9711585711585714 0.52243118397129218 0.52243118397129218 -0.21583850931677015 70.437500000000014 -1.0000000180025095e-35 -0.48803088803088795 20.500000000000004 60.312500000000007 80.750000000000014 51.500000000000007
decision_type=2 2 2 2 2 2 2 2 2 2 2 2 2 2 2 2 2 2 2 2 2 2 2 2 2 2 2 2 2 2 2 2 2 2 2 2 2 2 2 2 2 2 2 2 2 2 2 2
left_child=2 -2 5 -4 -5 -1 -7 -8 11 10 -10 12 15 41 47 23 21 18 40 20 32 22 -17 24 25 26 -9 28 29 42 46 33 -19 -26 35 36 37 -35 -23 -25 -18 -14 -28 -13 -42 -29 -31 -15
right_child=1 -3 3 4 -6 6 7 8 9 -11 -12 43 13 14 -16 16 17 19 -20 -21 -22 38 -24 39 31 -27 27 45 -30 30 -32 -33 -34 34 -36 -37 -38 -39 -40 -41 44 -43 -44 -45 -46 -47 -48 -49
leaf_value=0.018077541781986922 0.031738200708597585 -0.0034592187736682597 -0.027278187666135535 0.011871857056147017 -0.01550744174862635 -0.021985425476265225 0.01713399486638956 0.027123726014295094 0.014174967898424595 0.024927297092874286 -0.014289078172324013 0.00093282633253284749 0.0056392486245062084 0.038908427508937499 0.00061387453731159662 0.026502825617648936 -0.014770973595967947 0.016208019255852652 0.0038845195262275471 0.017818858667358089 -0.030407162065616045 0.0053835947928932565 -0.0045832733940483214 0.02714916625767292 -0.021970562082519334 0.033592188100225705 0.022341116006731658 0.00097804722393177515 -0.029138127492013985 -0.012088585496015143 0.014322968084666926 -0.025788191639681782 -0.011539073169289264 0.0095232209001804829 -0.019015631051776241 0.024104645135662798 0.014601180519128336 -0.028673431696667352 -0.026640356274616403 0.00026259885303322143 -0.024249071656054607 -0.020190018524188485 0.00012275372578662001 -0.023807826536835455 -0.056375778245803136 0.026042956675780243 -0.030109379606187137 0.021365330482311259
leaf_weight=28.225781966000795 19.280348841100931 18.018015809357166 32.922187000513077 34.886878568679094 25.809736887924373 25.400921802967787 24.035387512296438 18.343237372115254 17.601192911155522 28.707352701574564 20.232843460515141 19.621481620706618 18.482262030243874 20.594763770699501 22.041620263829827 29.864392225630581 20.388032719492912 17.305879207327962 20.98597976565361 18.617204897105694 17.509613435715437 17.490761655848477 23.304115046747029 26.344112292397767 18.009435876272619 15.003672095015643 23.618117995560169 14.107983706984667 15.893815710209308 28.432927276473492 20.172218644991517 22.296287357807159 30.369264465756714 15.613509651273487 19.87871153280139 24.98913437500596 21.8558194572106 18.519974146038294 14.198035121895371 20.10643545538187 12.897645043209197 21.85418613255024 27.528636683709919 21.15373238734901 13.451850406825541 23.43263030378148 17.452408884651959 21.570594752207398
leaf_count=120 79 89 154 150 126 108 132 113 87 110 98 76 68 76 90 130 82 86 117 80 80 107 153 126 105 66 100 120 154 132 79 108 157 63 94 99 89 107 79 90 75 111 130 94 100 103 92 87
internal_value=0 0.0150887 0.000432269 -0.00967083 0.00016684 0.00147256 0.000925802 0.00162411 0.00116039 0.0103758 -0.00102298 0.000355034 0.00106758 0.00933294 0.0204977 -0.000321045 -0.0053059 -0.0108886 -0.0201133 -0.00328458 -0.00949003 0.00467365 0.0130445 0.00269383 0.000894658 0.00569032 0.00330997 0.000606939 -0.00407836 -0.0004623 -0.00906899 -0.00602653 -0.00134093 -0.00213554 0.00158721 0.00681509 -0.00118915 -0.0114276 -0.00934064 0.0157619 -0.0307444 -0.00850487 0.0106142 -0.012165 -0.0421119 0.0168932 -0.0194388 0.0306368
internal_weight=0 37.2984 1011.12 93.6188 60.6966 917.504 889.278 863.877 839.842 66.5414 37.834 773.3 732.525 104.543 64.207 627.982 236.383 151.525 67.7235 83.802 65.1848 84.8573 53.1685 391.599 345.149 203.986 188.982 170.639 133.098 117.204 66.0576 141.163 47.6751 118.867 100.857 80.9784 55.9893 34.1335 31.6888 46.4505 46.7375 40.3364 51.1468 40.7752 26.3495 37.5406 45.8853 42.1654
internal_count=5071 168 4903 430 276 4473 4353 4245 4113 295 185 3818 3648 432 253 3216 1246 777 374 403 323 469 283 1970 1754 1089 1023 910 687 533 303 665 243 557 452 358 259 170 186 216 257 179 230 170 175 223 224 163
is_linear=0
shrinkage=0.05


Tree=141
num_leaves=48
num_cat=0
split_feature=1 11 36 51 59 11 6 16 52 29 11 10 5 11 51 10 6 26 26 22 57 22 57 49 19 50 7 26 10 57 59 10 26 49 12 51 40 26 22 26 21 11 54 0 57 58 57
split_gain=4.20003 4.57787 5.67808 6.17235 5.70776 4.51976 5.37 8.3999 4.68808 4.15701 3.7652 3.62327 3.43529 4.36533 4.1168 4.09063 3.74525 3.31528 2.84979 5.2529 3.09313 6.86758 5.59585 4.04501 3.82331 7.02215 4.90161 8.87242 8.04731 5.66338 4.80436 6.43167 4.73969 4.75399 4.6814 4.44108 4.84113 5.32042 5.25145 3.51161 3.45822 3.39109 2.97393 2.59266 2.09448 1.50473 1.27703
threshold=79.500000000000014 1.1163971163971167 72.250000000000014 1.0000000180025095e-35 0.94353349168649059 0.3206739206739207 1.5428571428571434 7.5000000000000009 1.0000000180025095e-35 0.73611111111111127 -0.59560339210801938 -1.620283690871926 9.0000000000000018 -2.6172584172584163 60.500000000000007 -2.6242561868215697 -4.2857142857142838 0.014435657677621831 0.0014789646646579278 1.7795727712383946 64.812500000000014 1.5238585621733911 66.312500000000014 1.5000000000000002 1.7500000000000002 2.5000000000000004 -0.56643356643356613 0.0042678519136483658 -0.48803088803088795 73.937500000000014 -0.39827153806311183 -0.19305019305019319 0.010798735094808441 54.500000000000007 0.14583333333333334 10.500000000000002 -0.74999999999999989 0.0055054166882271037 1.4432420147015068 0.0043751133338413789 0.60952412990125227 0.21206361206361216 32.500000000000007 81.750000000000014 57.062500000000007 -0.66528616069191593 72.562500000000014
decision_type=2 2 2 2 2 2 2 2 2 2 2 2 2 2 2 2 2 2 2 2 2 2 2 2 2 2 2 2 2 2 2 2 2 2 2 2 2 2 2 2 2 2 2 2 2 2 2
left_child=1 2 3 4 -1 6 7 44 -8 -2 -4 -9 13 15 -14 43 -15 -12 19 42 21 23 39 -20 30 26 -26 -28 45 40 31 34 33 -27 46 -32 38 -38 -37 -22 -30 -33 -18 -11 -5 -29 -24
right_child=9 -3 10 5 -6 -7 8 11 -10 12 17 -13 14 16 -16 -17 18 -19 20 -21 22 -23 24 -25 25 32 27 28 29 -31 35 41 -34 -35 -36 36 37 -39 -40 -41 -42 -43 -44 -45 -46 -47 -48
leaf_value=-0.036886723398232263 0.01823829452321812 -0.029352288830397311 0.00078214503022311106 0.034908581974113201 0.0066774659471068535 0.028028854815904593 0.0075371306401916111 -0.027846068938034353 -0.031525486976320218 0.035490515979622987 -0.040082988440218896 0.0078981899983789055 -0.00041161313607061931 -0.020312063129284717 0.024948345731317004 -0.0037363974475247645 0.013883334982133589 -0.0095200982821286393 0.0075274922723201181 -0.033379312325657017 -0.036335460509233856 -0.013569361348573259 0.025527784396940336 0.033668319145838108 0.0097558599383614081 -0.016652424498413258 0.0093683481216483323 -0.025635677092393089 0.013375764105725125 -0.031448917299186412 -0.0044497167503919468 -0.031600559383290143 0.02322009680036553 0.01372943305134873 -0.010864819103784409 0.021133421734110189 0.011171306501567842 0.050018759608936383 -0.011613507326650478 -0.0033915534982839092 -0.014202854197575936 -0.0027781850365039482 -0.011036755760503636 0.0098263334706169079 0.010818037653095887 -0.050175395929885597 0.0080301948331779442
leaf_weight=16.431665095500652 37.59828083217144 17.536689911503345 20.044775617308915 22.00645918212831 12.756451507098971 20.154940212145448 12.93279421888292 13.841190959326925 16.829358970280737 18.701732039451599 18.888716605491936 12.909109744243322 31.30859899148345 22.661541301757097 31.667267544195056 23.466688331216574 18.586069958284497 17.482909508049488 36.594063986092806 16.494723659940064 15.832982283085586 22.072212941013277 21.605861626565456 24.768534637987614 26.325907934457064 24.42518519423902 31.170440371148288 15.032278236001728 22.576601088047028 20.164617506787181 27.501452971249819 19.821108267642558 31.67624045163393 25.093185156583786 21.711606780067086 29.30109891295433 17.264927150215954 18.719309890642762 19.707805752754211 16.00957228243351 20.949691751040518 20.430504975840449 29.81692573428154 21.823746677488089 16.911236712709069 18.875861411914229 21.845934651792049
leaf_count=125 129 107 92 102 78 114 77 109 157 85 95 62 138 96 124 100 85 75 159 114 86 139 84 102 116 120 137 77 101 107 125 120 134 94 151 104 101 68 97 80 111 107 144 87 78 94 80
internal_value=0 -0.00556407 -0.00335566 0.00190858 -0.0182568 0.00711376 0.00245161 0.0104019 -0.0148581 0.00221753 -0.0166625 -0.0109336 0.00142698 0.0004411 0.0125312 0.0128028 -0.000780495 -0.02604 -5.19055e-05 -0.00989656 0.00108537 0.00991886 -0.000448248 0.0184497 0.00099079 -0.00340808 -0.00962426 -0.013631 -0.0209969 -0.0102332 0.00575448 -0.00191438 0.0084385 -0.00128956 0.00776528 0.0128943 0.0184928 0.0321861 0.00799609 -0.0203797 8.10034e-05 -0.0173932 -0.00138046 0.0222393 0.0249736 -0.0403424 0.0171092
internal_weight=0 218.726 201.19 144.773 29.1881 115.585 95.4301 65.668 29.7622 821.603 56.4164 26.7503 784.004 721.028 62.9759 63.9922 657.036 36.3716 634.375 64.8977 569.477 83.4348 486.042 61.3626 454.2 236.29 155.095 128.769 97.599 63.6909 217.91 105.415 81.1946 49.5184 65.1634 112.495 84.9931 35.9842 49.0089 31.8426 43.5263 40.2516 48.403 40.5255 38.9177 33.9081 43.4518
internal_count=5067 1271 1164 902 203 699 585 351 234 3796 262 171 3667 3405 262 272 3133 170 3037 343 2694 400 2294 261 2128 1091 743 627 490 319 1037 542 348 214 315 495 370 169 201 166 212 227 229 172 180 171 164
is_linear=0
shrinkage=0.05


Tree=142
num_leaves=50
num_cat=0
split_feature=44 22 39 53 45 57 57 67 51 37 9 25 7 18 45 36 24 37 9 22 46 18 26 7 65 21 58 20 39 21 65 62 26 26 52 20 51 21 37 36 54 49 12 6 59 11 52 46 26
split_gain=3.23273 3.71169 5.64689 5.77824 6.93966 9.06459 6.45958 5.33023 3.50839 4.73593 5.01747 4.43505 5.94379 4.59749 4.80118 5.01886 4.63432 4.28567 4.69096 4.2648 4.17033 4.78512 4.4564 3.48302 5.33363 6.19968 4.54357 3.67945 5.45952 4.5319 5.09326 6.35307 4.10228 6.4187 3.70965 3.66325 4.84364 3.46641 3.37733 3.33596 3.10073 2.82632 2.7431 2.61313 2.56363 2.48589 2.25105 2.07712 2.0147
threshold=5.0000000000000009 1.1658395482950017 1.5000000000000002 9.5000000000000018 32.500000000000007 64.937500000000014 73.812500000000014 1.0000000180025095e-35 2.5000000000000004 5.7500000000000009 2.272586872586873 0.27922077922077926 -0.48251748251748222 10.500000000000002 28.500000000000004 80.750000000000014 0.87500000000000011 6.7500000000000009 1.43938223938224 1.5544390785095004 66.500000000000014 9.5000000000000018 0.007638400005225021 -0.16783216783216767 0.39197753542362973 0.60952412990125227 0.97696484778429815 2.7500000000000004 1.5000000000000002 1.0000000180025095e-35 0.39197753542362973 1.5000000000000002 0.0090654442894090494 0.0049011754473450948 2.5000000000000004 3.4736842105263155 4.5000000000000009 0.60952412990125227 7.2500000000000009 80.750000000000014 61.500000000000007 67.500000000000014 0.062500000000000014 0.34285714285714336 -0.79382744783423187 -1.6707994707994707 3.5000000000000004 11.500000000000002 0.002467808869009333
decision_type=2 2 2 2 2 2 2 2 2 2 2 2 2 2 2 2 2 2 2 2 2 2 2 2 2 2 2 2 2 2 2 2 2 2 2 2 2 2 2 2 2 2 2 2 2 2 2 2 2
left_child=1 2 3 4 5 -1 47 8 -3 20 11 -11 19 14 16 -16 17 -14 -19 -13 21 22 -10 24 25 45 27 29 35 -25 32 -32 33 38 -30 36 -29 -38 48 -4 -15 -6 -22 -40 -17 -2 -9 -7 -31
right_child=23 7 39 -5 41 6 -8 46 9 10 -12 12 13 40 15 44 -18 18 -20 -21 42 -23 -24 26 -26 -27 -28 28 34 30 31 -33 -34 -35 -36 -37 37 -39 43 -41 -42 -43 -44 -45 -46 -47 -48 -49 -50
leaf_value=0.013420084661745064 0.0030122482287615591 -0.01976854728798659 -0.0035891490534911835 -0.036708529887614999 0.016847760560416602 -0.025027826277499256 -0.0023125765099590826 -0.0057153313909265443 -0.0035438207829394798 0.028358212868756352 -0.018143322896937816 -0.028342795265972432 -0.0050229068022388584 0.0074804697580712863 0.017780579479260879 0.0038749256222670616 0.040016537218801183 0.036797468598430513 0.0036492728632243018 0.0049142146901353101 -0.0050950230111903366 0.0019030900057907857 -0.034986543802247541 0.019657745349698805 0.030907678821410024 -0.01166055517033221 0.026072612560813863 0.031123125633726975 0.0030471463641197341 -0.00353104962954533 -0.045778868223716948 -0.0036076635543041352 0.013570525959720255 -0.034331227960134582 -0.031335671449146091 -0.0041076774065869513 0.01762190111074435 -0.010648600877744017 0.0011548819872576443 0.02275757718685378 -0.018331606332319263 -0.0078750948292655217 0.021671230937297184 -0.03250386187255707 -0.021733704478038785 0.026182075045043246 -0.037198640349475433 -0.053630027444912555 0.017015260210232488
leaf_weight=15.292852284386752 20.434425480663776 17.136153906118125 32.393778464756906 21.474547607824206 25.56407643482089 14.134479337371884 14.701416516676543 11.149679045192899 19.243025876581669 23.49507815670222 18.689573985990137 18.75912056863308 20.21148653421551 23.981294868513942 32.113569118082523 19.384628005325794 23.092475300654769 24.041770103387535 19.022213940508664 18.330409858375788 18.695257160812616 35.823664559051394 27.064587411470711 15.281337693333624 25.530567031353712 32.474327251315117 16.071412704885006 32.481606463901699 16.883886979892853 23.981020752340555 16.81471767090261 18.282491430640221 27.501696965657175 17.608156286180019 13.399281392805277 28.126317795366049 24.134303590282798 18.185023993253708 10.679881803691389 17.892750134691596 20.890034893527627 19.658471956849098 17.976923620328307 11.366868013981728 18.199326366186142 26.609868120402098 11.549898685887454 18.218767376616597 22.201184368692338
leaf_count=71 90 106 149 113 99 80 82 79 88 125 133 82 97 109 124 78 100 87 105 81 80 159 148 82 116 148 70 144 95 130 85 89 121 97 84 135 111 82 58 75 98 86 84 110 83 109 91 124 96
internal_value=0 -0.00204155 -0.00808067 -0.0135899 -0.00867907 -0.0193716 -0.0300865 0.000439033 0.0017485 0.00271968 0.0062606 0.00806709 0.00595393 0.00935036 0.0133867 0.00354319 0.0211988 0.0138155 0.0225704 -0.012209 -0.0056145 -0.0118312 -0.0222717 0.00364518 0.0114769 0.00493203 0.000988501 -0.00045215 0.0056949 -0.00545797 -0.00815785 -0.02452 -0.00292092 -0.00830011 -0.0126815 0.0111716 0.0168952 0.00550841 -0.00118328 0.00604638 -0.00467411 0.00616274 0.00825292 -0.0168563 -0.00876747 0.0163901 -0.0226282 -0.0422593 0.00649747
internal_weight=0 618.181 179.331 129.045 107.57 62.3475 47.0547 438.85 416.151 399.014 280.211 261.521 238.026 200.937 156.065 69.6975 86.3679 63.2755 43.064 37.0895 118.803 82.1313 46.3076 418.048 105.049 79.5186 312.999 296.928 133.21 163.717 148.436 35.0972 113.339 85.8371 30.2832 102.927 74.8009 42.3193 68.229 50.2865 44.8713 45.2225 36.6722 22.0467 37.584 47.0443 22.6996 32.3532 46.1822
internal_count=5068 3016 879 655 542 357 286 2137 1967 1861 1302 1169 1044 881 674 285 389 289 192 163 559 395 236 2052 463 347 1589 1519 651 868 786 174 612 491 179 472 337 193 394 224 207 185 164 168 161 199 170 204 226
is_linear=0
shrinkage=0.05


Tree=143
num_leaves=51
num_cat=0
split_feature=20 53 40 10 11 38 11 10 22 25 8 35 3 21 35 48 45 40 10 58 8 46 59 0 50 55 59 10 1 52 15 2 3 49 46 59 6 14 45 53 49 50 18 6 26 54 7 52 52 11
split_gain=3.7007 3.48388 2.71277 3.4493 6.23806 4.53147 3.57519 2.92108 2.54566 3.46341 2.76849 2.67532 5.85208 3.68447 3.25957 2.84099 4.32239 4.27409 3.73532 4.35865 3.59476 3.49751 4.52901 4.60467 5.12443 3.85455 5.03637 5.00929 3.77263 3.57845 3.76578 3.56414 3.25448 3.94467 3.30419 3.00086 2.97348 3.98055 8.90551 4.40181 4.28467 3.64689 2.92123 4.866 2.61966 3.30174 2.54611 1.74656 1.72212 1.60855
threshold=1.0000000180025095e-35 16.500000000000004 -4.2499999999999991 3.817760617760618 2.8129760178856986 1.0000000180025095e-35 1.9515133515133509 5.6128466128466128 0.70244946413343545 0.13392857142857145 0.34173913043478271 71.750000000000014 87.500000000000014 0.60952412990125227 73.750000000000014 4.5000000000000009 53.500000000000007 -1.7499999999999998 2.528957528957529 -0.28519255817492867 1.053280896764619 57.500000000000007 -0.62587551141915865 76.250000000000014 4.5000000000000009 7.5000000000000009 0.63089349388778826 -1.219305019305019 80.250000000000014 3.5000000000000004 7.5000000000000009 78.250000000000014 47.500000000000007 71.500000000000014 41.500000000000007 -0.87810534180523914 -3.0833976833976826 0.062500000000000014 37.500000000000007 7.5000000000000009 1.0000000180025095e-35 1.0000000180025095e-35 9.5000000000000018 1.5428571428571434 0.0028462084649743427 46.500000000000007 0.88111888111888148 4.5000000000000009 2.5000000000000004 -1.3091125091125091
decision_type=2 2 2 2 2 2 2 2 2 2 2 2 2 2 2 2 2 2 2 2 2 2 2 2 2 2 2 2 2 2 2 2 2 2 2 2 2 2 2 2 2 2 2 2 2 2 2 2 2 2
left_child=-1 2 -2 4 6 -5 8 -7 10 -10 -4 12 13 -11 -13 16 18 46 20 -20 21 22 31 -24 25 26 29 -27 -28 30 -25 35 33 36 44 -16 -22 39 40 41 -39 -38 43 47 -34 -46 -18 -42 -43 -33
right_child=1 -3 3 5 -6 7 -8 -9 9 11 -12 14 -14 -15 15 -17 17 -19 19 -21 32 -23 23 24 -26 27 28 -29 -30 -31 -32 49 34 -35 -36 -37 37 38 -40 -41 42 48 -44 -45 45 -47 -48 -49 -50 -51
leaf_value=-0.022948612061930523 0.013354828900739461 0.020009717271772361 0.00046919889507544669 0.010061337953335589 0.029938574199360031 -0.032560989463591088 -0.021468467761238827 -0.0074545354844263272 -0.022836918215766593 -0.050313761096112887 0.022994581914570503 0.020215433448618411 0.014255626558044666 -0.0059784130209809246 -0.011504846711650883 0.019709267134600202 -0.035768916212850659 0.0017065107754086033 0.032637294371053657 0.00058175562652658039 0.017717840143807916 0.011713114093646018 -0.021995683583204362 0.019860034513222897 -0.02247681477041789 -0.026918633974953438 0.008577164199812486 0.0056347371659247227 -0.021083303473320155 0.028627780124698826 -0.0098950413417061619 0.0060705203319863614 0.030491227731991546 0.016808575855588478 -0.0068191093524950985 -0.043174931831792801 0.010280949056718763 0.0057314957823816348 0.027340405542122095 0.022510085057048889 -0.012266048940801536 -0.0016790461860352254 -0.036274601569845515 -0.035236477872168145 -0.0013160999119220854 0.023852499987023608 -0.0094747447418349496 0.011299698824015573 -0.024279718858806403 -0.015530023527964188
leaf_weight=16.435381177812815 34.853127533569932 20.90089703630656 30.95023669488728 16.784095004200935 16.23849521111697 22.018696953542531 18.744379171635956 24.897880177944899 16.229762749746442 9.9626054097898358 23.450591035187244 19.202859580051154 10.486269647255538 8.7158559430390579 14.518601593561472 16.605055242776871 19.346123263239861 29.559933966957033 18.149015553295612 23.848144598305225 15.686226725578306 29.795769918709993 25.269625008106232 22.063278395682573 20.584393415600061 19.855890300124884 21.895406447350979 26.630399603396654 19.279826015233994 31.636756369844079 18.878017330542207 15.056003253906963 21.187881672754884 29.523828525096178 19.550651220604777 16.902442282065749 26.772429037839174 16.734124471433461 12.272725821472703 21.786467580124736 16.979116428643469 15.561163198202847 23.48414549138397 16.553014191333205 29.804978435859084 22.018242388963699 18.597493417561054 12.995565932244061 17.808444971218705 17.9344746414572
leaf_count=87 154 84 131 75 69 116 97 115 111 147 94 113 46 71 72 71 88 127 76 109 61 118 116 86 105 93 85 127 100 121 96 64 98 116 96 95 110 121 55 92 119 78 135 149 129 96 81 77 91 104
internal_value=0 0.000282957 -0.00014994 -0.000652155 0.000150077 -0.0118026 -0.000431072 -0.019671 4.95543e-05 -0.000659105 0.010419 -0.000177317 -0.0147825 -0.0309808 0.000398567 -0.000138549 -0.000617334 -0.0125729 0.000620726 0.0148714 -0.000368531 -0.00428662 -0.00608562 -0.00243472 0.000404804 0.00346535 0.00840476 -0.00854398 -0.00548161 0.0162502 0.00623118 -0.0175513 0.003325 7.9972e-05 0.011168 -0.0293475 -0.00250411 -0.00434489 -0.0110431 0.00378617 -0.0167233 -0.0032538 -0.0220956 -0.0143262 0.0160116 0.00962645 -0.0234554 -0.00201413 -0.0140959 -0.00578352
internal_weight=0 1018.56 997.661 962.807 899.107 63.7007 882.868 46.9166 864.124 809.723 54.4008 793.493 29.1647 18.6785 764.329 745.126 728.521 67.5036 661.017 41.9972 619.02 300.301 270.505 206.094 180.824 160.24 113.753 46.4863 41.1752 72.5781 40.9413 64.4115 318.719 226.157 92.5618 31.421 196.633 180.947 99.0187 81.9285 86.746 60.142 70.0118 46.5277 73.0111 51.8232 37.9436 29.9747 33.3696 32.9905
internal_count=5067 4980 4896 4742 4436 306 4367 231 4270 4045 225 3934 264 218 3670 3557 3486 296 3190 185 3005 1382 1264 929 813 708 488 220 185 303 182 335 1623 1204 419 167 1088 1027 656 371 601 279 480 345 323 225 169 196 169 168
is_linear=0
shrinkage=0.05


Tree=144
num_leaves=47
num_cat=0
split_feature=42 8 8 8 53 10 52 3 6 45 46 58 26 26 58 58 59 21 58 25 13 57 6 1 59 46 59 22 9 57 22 46 10 57 65 3 26 46 52 23 7 0 58 8 3 8
split_gain=3.35284 5.2667 4.90129 4.47803 4.44685 7.23383 4.95773 4.47499 4.14557 3.45258 3.67778 7.02402 4.0192 9.89844 4.69166 3.75339 3.68984 3.45053 3.3189 3.28724 4.56008 5.96529 5.41331 5.30211 7.61229 4.9934 4.47009 4.6788 4.15941 4.85991 3.79707 3.78141 4.3058 5.11166 3.42774 3.41721 3.27545 3.26057 3.2563 2.92234 2.88101 2.84401 2.83695 2.48792 2.16647 2.05988
threshold=1.4701754385964914 2.1208695652173915 1.8848150292363808 1.9330434782608699 2.5000000000000004 -2.4223938223938219 1.0000000180025095e-35 12.500000000000002 -1.6285714285714279 64.500000000000014 48.500000000000007 -0.47558551945199218 0.0034741470183855473 0.0052734751718995741 0.40614137006726808 -0.41398024697495356 -0.18493013702746822 1.2746500939737988 -0.048361574224334618 0.44722222222222224 0.14583333333333334 73.437500000000014 2.2285714285714291 85.500000000000014 -0.40613878790836594 18.500000000000004 0.94066717844141279 1.1254284703007735 1.6996138996138999 73.062500000000014 0.74557644682045199 27.500000000000004 1.4525096525096526 62.812500000000007 0.35387457207787903 37.500000000000007 0.0046740366345960817 11.500000000000002 2.5000000000000004 0.37500000000000006 1.732867132867133 78.750000000000014 -0.37447345805034543 0.50217391304347825 72.500000000000014 0.25304347826086965
decision_type=2 2 2 2 2 2 2 2 2 2 2 2 2 2 2 2 2 2 2 2 2 2 2 2 2 2 2 2 2 2 2 2 2 2 2 2 2 2 2 2 2 2 2 2 2 2
left_child=3 2 17 8 6 -6 -3 -7 45 10 12 -12 37 -14 15 44 -16 19 -4 26 21 23 25 31 39 42 27 30 29 36 -2 32 33 41 -27 -23 -29 -10 -35 -25 -5 -21 -22 -32 -15 -1
right_child=1 4 18 40 5 7 -8 -9 9 -11 11 -13 13 14 16 -17 -18 -19 -20 20 22 35 -24 24 -26 34 -28 28 -30 -31 43 -33 -34 38 -36 -37 -38 -39 -40 -41 -42 -43 -44 -45 -46 -47
leaf_value=0.0029608053679451864 -0.0011065822082767791 -0.0047487707990719183 0.00098363416658489577 0.042189518824979566 0.028508511707309038 0.0043694817601960282 -0.041614723041334463 -0.032134902403720987 0.00037206106633387755 0.021606946487842459 0.010494606336168957 -0.028930079646861895 -0.029864038011306982 -0.0066755294894434887 0.032685723567014165 -0.020010712290579102 0.0027752782669881689 -0.020007223188152037 0.029234838419795395 -0.0015067122867279906 0.024883049876184657 0.0086431253886828981 -0.029437140510716386 0.016253974654877157 -0.025723853300919877 -0.024993563406220914 0.015356759013491093 -0.00033757668613116211 -0.023291651874944135 -0.014842767896018691 -0.014545532874447945 0.021599532288017125 0.01999974481951702 -0.027892561685519825 0.0013181954894470225 0.031826608931951952 0.027302845792761335 0.026724157484834435 0.00022432681887949777 -0.0058645070058481776 0.0078084749886628106 0.023118446993470345 0.00058610752274086166 -0.042170680601209459 0.0172676842941345 0.02235768988593731
leaf_weight=22.164527989923954 16.485468089580536 16.543078985530883 18.500207792036235 11.716448751743885 12.637561602517961 15.713672363199292 20.142650903668255 16.520393080543727 21.975473517552018 16.724786467850208 17.788389535620809 28.098394613713026 25.391577212139964 17.859530000016093 19.273130863904953 22.613992720842361 21.397698905318975 21.142717905342579 22.943365138489753 27.677389344200492 18.447276482358575 37.895546369254589 19.401212786324322 24.838942743837833 34.457110196352005 24.895309876650572 19.944089056923985 20.821523958817124 16.767424263991416 21.514781326055527 16.428450059145689 35.971567310392857 27.668315920978785 21.673347469419241 23.529894754290581 27.781114984303713 21.036082533188164 24.268270773813128 18.836519688367844 34.521807841956615 12.777259716764091 19.199428513646126 31.562162771821022 18.96647378616035 18.141381894238293 36.296077826991677
leaf_count=97 68 107 96 66 62 102 153 134 141 65 73 138 157 89 84 122 96 111 113 130 76 136 112 88 140 147 96 99 126 108 75 138 117 103 95 107 91 126 79 146 111 74 153 109 75 144
internal_value=0 -0.00100365 0.000522186 0.00515743 -0.0128923 -0.00220614 -0.0255575 -0.0147435 0.00339031 0.00038757 -0.001341 -0.0137489 0.00205072 -0.0026358 0.00455597 -0.00449389 0.0173935 -0.000635593 0.0169439 0.000103372 0.00234548 0.00551966 -0.00599518 0.00190081 -0.00738707 -0.00112525 -0.00619069 -0.00953681 -0.00189467 0.00404055 -0.0210826 0.0076811 0.00318092 -0.00231027 -0.0124406 0.01878 0.0138664 0.0144743 -0.0151282 0.00350671 0.0252643 0.00885127 0.00986077 -0.0301005 0.0055304 0.0151771
internal_weight=0 724.465 642.908 316.487 81.5574 44.8716 36.6857 32.2341 291.993 233.533 216.808 45.8868 170.921 124.677 99.2857 58.6149 40.6708 601.464 41.4436 580.321 428.357 310.521 117.836 244.844 93.8179 98.4346 151.964 132.02 80.1398 63.3724 51.8804 151.027 115.055 87.3867 48.4252 65.6767 41.8576 46.2437 40.5099 59.3608 24.4937 46.8768 50.0094 35.3949 36.0009 58.4606
internal_count=5075 3491 2933 1584 558 298 260 236 1407 1166 1101 211 890 623 466 286 180 2724 209 2613 1841 1258 583 1015 374 471 772 676 424 298 252 641 503 386 242 243 190 267 182 234 177 204 229 184 164 241
is_linear=0
shrinkage=0.05


Tree=145
num_leaves=47
num_cat=0
split_feature=40 42 9 18 25 11 11 45 57 51 3 26 59 37 9 59 57 36 26 12 6 10 8 0 11 18 9 52 37 45 59 21 26 65 22 41 26 5 42 58 0 58 54 41 7 9
split_gain=2.89283 3.97956 4.50213 8.1249 4.32121 5.65881 4.10226 3.3795 3.47637 3.18031 5.72602 4.53978 5.68836 4.50667 4.42631 4.74622 3.63091 5.42542 5.42604 3.75474 3.67598 4.14491 5.08643 5.02557 4.47887 8.67569 6.11532 5.66601 5.56245 4.79806 4.28914 4.72193 4.80767 6.71681 3.5079 3.95957 4.20477 3.86508 3.38866 3.52811 3.28967 3.16327 2.97344 2.26468 1.56039 1.29018
threshold=3.2500000000000004 3.8090909090909095 2.272586872586873 3.5000000000000004 0.68333333333333346 -2.0213840213840211 -0.45684045684045699 61.500000000000007 73.281250000000014 6.5000000000000009 12.500000000000002 0.0014789646646579278 0.98332250088165762 6.7500000000000009 2.1274131274131283 0.93469109537144635 63.562500000000007 75.750000000000014 0.0018661804404435773 0.062500000000000014 -3.0833976833976826 -2.7652509652509649 2.0634782608695654 82.250000000000014 0.23991683991683993 6.5000000000000009 0.73667953667953689 4.5000000000000009 7.7500000000000009 54.500000000000007 0.26659387353423869 0.75604704659038091 0.0038295480604423958 -0.41527477868618629 1.8073708539341411 -0.26491228070175432 0.0016569501370824731 1.0000000180025095e-35 1.5266106442577032 0.29342972903661901 85.750000000000014 0.43733377705052551 54.500000000000007 -0.21583850931677015 0.16783216783216778 1.2934362934362937
decision_type=2 2 2 2 2 2 2 2 2 2 2 2 2 2 2 2 2 2 2 2 2 2 2 2 2 2 2 2 2 2 2 2 2 2 2 2 2 2 2 2 2 2 2 2 2 2
left_child=1 2 7 -4 5 -5 -7 9 -9 10 -1 13 14 -11 15 16 19 42 -19 -13 40 44 23 -23 28 -26 -27 -28 29 30 31 32 45 -34 35 -12 -37 38 -38 -40 -20 -2 -18 -35 -22 -25
right_child=41 -3 3 4 -6 6 -8 8 -10 11 34 12 -14 -15 -16 -17 17 18 20 -21 21 22 -24 24 25 26 27 -29 -30 -31 -32 -33 33 43 -36 36 37 -39 39 -41 -42 -43 -44 -45 -46 -47
leaf_value=0.027077839622167307 -0.021966704093627169 0.023064811436370569 0.020736167351188828 0.0043308300619344783 -0.0008802093666182096 -0.054934129448262807 -0.01714384936145337 0.023128784150705701 -0.002145250156890962 -0.0015760242519469959 0.02410807972663901 0.028784341507479789 -0.026827068589521826 -0.03015186968120924 0.024679965869821817 0.024247630992597698 -0.027330870613732867 0.023574935532370264 0.00051339687298061873 0.00058907771600302382 -0.028306399237574872 0.01819546085479504 -0.027537840003194106 -0.051935125341235247 0.030905682418039204 -0.026941835149079642 -0.0077839307095691652 0.024143870042223115 0.018872864733082008 0.013276318290826903 0.0098918017653068686 0.0017748689725190813 0.0034215520810820955 -0.013627365357524622 -0.018278226173314299 0.021684691485800062 0.015110582618886072 -0.017362390625136417 0.0078086095146546203 -0.017525793875725146 0.025640493665689275 0.0031994147856875994 -0.0039630763864732963 -0.041671662569512193 -0.0079879631640963778 -0.026140334916126898
leaf_weight=26.299074364826083 29.222610266879201 18.295162415131927 14.930221323855219 9.7118915785103983 21.098171181045473 16.935068263672292 14.122800015378749 32.815127290785313 22.501625832170248 29.427096661180258 21.818806350231171 18.918976794928312 18.249217668548226 25.173112844116986 17.780034495517612 18.447783229872584 29.697964975610375 21.545991681516171 33.05184268578887 29.101963541470468 19.630126237869263 32.716323712840676 16.745525132399052 13.25239676423371 24.93765677511692 18.310362866148353 32.272792719304562 22.952300494536757 16.987502487376332 17.546102769672871 15.688729979097841 24.520912321284413 27.582964562810957 14.05957770347595 17.340479681268334 21.00125730317086 34.749724274501204 29.811792404390872 27.009871696121991 26.111441400833428 20.543709062039852 20.891707226168364 25.165782007388771 17.533499445766214 19.453468840569258 13.564419981092213
leaf_count=112 156 92 131 48 102 163 115 139 102 124 118 86 86 156 77 76 137 91 142 149 83 136 102 88 108 101 144 97 103 62 63 105 149 62 110 88 159 137 115 119 73 117 118 116 81 73
internal_value=0 0.000579888 0.000132997 -0.0114044 -0.0193671 -0.0286839 -0.0388207 0.00113538 0.0129923 0.000339096 0.00575199 -0.00140776 -9.98102e-05 -0.0150561 0.00081417 -9.36484e-06 -0.000904871 -0.00223025 -0.000295017 0.0120578 -0.00163185 -0.00351666 -0.00154714 3.26679e-05 -0.00232088 0.00603854 -0.00269601 0.0056791 -0.00744786 -0.0106672 -0.0140743 -0.0175348 -0.022998 -0.0146195 0.0024646 0.00480493 0.00161716 -0.00211655 0.00319303 -0.00473809 0.0104381 -0.0116181 -0.016875 -0.0299924 -0.0186447 -0.0402964
internal_weight=0 989.411 971.115 76.7982 61.8679 40.7698 31.0579 894.317 55.3168 839.001 204.142 634.858 580.258 54.6002 562.009 544.229 525.781 477.76 422.896 48.0209 401.35 347.755 308.671 291.926 259.209 98.4731 73.5355 55.2251 160.736 143.749 126.203 110.514 85.9929 59.176 177.843 160.503 138.684 117.683 87.871 53.1213 53.5956 50.1143 54.8637 31.5931 39.0836 26.8168
internal_count=5111 4838 4746 559 428 326 278 4187 241 3946 958 2988 2708 280 2622 2545 2469 2234 1979 235 1888 1673 1509 1407 1271 450 342 241 821 718 656 593 488 327 846 736 618 530 393 234 215 273 255 178 164 161
is_linear=0
shrinkage=0.05


Tree=146
num_leaves=48
num_cat=0
split_feature=41 58 41 59 21 58 8 41 11 20 58 37 10 4 59 6 6 24 3 8 9 8 12 11 9 8 11 4 7 8 3 26 12 51 45 15 26 59 58 9 51 4 9 26 50 57 8
split_gain=3.52585 5.9476 3.87407 9.04144 3.86437 4.95427 5.7783 5.42465 4.14707 3.94101 3.53788 3.7129 3.33375 2.99849 3.98154 3.37333 3.19706 3.57597 7.00965 5.58749 7.57147 4.1711 3.76911 6.38022 4.44509 4.04938 3.27416 3.93725 4.04205 4.435 5.60771 4.29558 6.44123 6.15146 5.87797 5.4904 4.42429 5.24958 4.22177 4.13923 3.73712 2.92541 2.9172 2.89869 2.4016 2.19848 2.657
threshold=0.4188596491228071 0.43733377705052551 0.20526315789473687 -0.20180761162458913 0.40728904939721255 0.82899317702918729 1.0000000180025095e-35 -0.25543478260869562 -0.90734670734670719 4.5000000000000009 0.54219432480460406 5.7500000000000009 -0.10501930501930522 3.7500000000000004 -0.44505783185115427 -4.6285714285714272 -3.6857142857142851 0.62500000000000011 7.5000000000000009 1.969361942405421 0.65868725868725886 2.5904347826086962 0.10416666666666667 -0.56871236871236885 1.3814671814671819 1.0565217391304349 -2.1578421578421572 1.7500000000000002 -0.33146853146853134 0.37304347826086975 87.500000000000014 0.0016569501370824731 0.18750000000000003 55.500000000000007 19.500000000000004 7.5000000000000009 0.0070459939692683968 -0.70289845916694649 0.29342972903661901 0.95521235521235548 87.500000000000014 0.62500000000000011 1.5667953667953671 0.012245759382971054 1.0000000180025095e-35 68.562500000000014 0.89478260869565229
decision_type=2 2 2 2 2 2 2 2 2 2 2 2 2 2 2 2 2 2 2 2 2 2 2 2 2 2 2 2 2 2 2 2 2 2 2 2 2 2 2 2 2 2 2 2 2 2 2
left_child=2 44 4 -4 5 6 -1 8 -8 13 11 -9 -5 15 -15 -6 -17 26 -19 20 -20 -21 25 -24 -25 -22 -18 28 -28 -30 31 34 35 -34 38 36 37 -33 -31 -39 42 -41 -37 -38 -2 -13 -47
right_child=1 -3 3 12 9 -7 7 10 -10 -11 -12 45 -14 14 -16 16 17 18 19 21 22 -23 23 24 -26 -27 27 -29 29 30 -32 32 33 -35 -36 40 43 39 -40 41 -42 -43 -44 -45 -46 46 -48
leaf_value=0.015269164285449799 -0.011348919116217037 0.0063249382617371246 -0.020231635087793725 0.042395842275108321 -0.018463445081825156 -0.028206963599925701 0.01989689874118267 -0.0018076093328200115 -0.0084746244118239535 0.01959781386805037 0.0061319003603035223 -0.041291420675652883 0.0081401104336118937 0.00073733381289102756 0.033532569437908472 0.017918486186672501 -0.012949106041006034 0.023072935167305311 -0.028302024517703944 -0.045050793609893468 0.027887901726597299 -0.0085042552713801723 -0.031712676722911136 -0.010160759781272243 0.022042360999526431 -0.0014166356084471966 0.016551540782296117 0.018244037856238189 -0.017610144229656521 0.040556618509270344 0.028576367640710094 0.0051109688536521078 -0.04711169812467763 0.00039786920738869549 -0.010284117396708538 0.025844917320068717 0.018676772925228246 1.486459866964937e-05 0.0068403518955545556 -0.015562677911698398 -0.0081305650795771948 -0.043031893228897763 0.00091535789494789064 -0.006788517473150949 -0.039168192214574453 -0.034546332174104015 -0.0033436688497361861
leaf_weight=31.073480734601617 16.06216747360304 23.785679852124304 12.299976655282078 17.996179069392383 23.777938343584538 22.9049431392923 22.387499576434493 17.697271749377251 27.78150843270123 26.844123307615519 13.649386139586566 19.846511159092188 12.255861589219423 22.991753410547972 14.542407024651764 23.859494470059872 32.632683835923672 17.402078565210104 26.432494891807437 16.194496963173155 20.292379446327686 15.346343308687208 17.383645106106997 24.360159201547503 17.592406683601439 26.206168664619327 39.670570161193609 38.726846065372229 31.79080443829298 17.756080197170377 17.301539700478315 27.994102481752634 14.136847068555655 12.360091568902133 18.546615594998002 35.392219506204128 23.009334608912468 16.753411002457142 19.35882077831775 21.649796069599688 18.086658268235624 19.670725703239441 17.430977895855904 20.157624151557684 16.406727480702102 12.214937139302494 14.599151240661739
leaf_count=133 84 122 113 119 96 147 90 103 123 111 74 139 95 110 96 92 142 68 128 109 77 100 92 115 83 110 148 156 152 86 74 105 99 76 85 141 88 70 103 104 102 96 111 78 93 71 109
internal_value=0 -0.012552 0.000220172 0.0147911 -0.00047074 -0.00696985 -0.00375835 -0.00845365 0.00432735 0.00114578 -0.0166243 -0.0214705 0.0292225 0.000420337 0.0139841 -0.000357754 0.000334586 -0.00036576 -0.00626221 -0.00949971 -0.00489234 -0.0280767 0.00116447 -0.00714086 0.00354209 0.01169 0.002058 0.00328166 0.00167526 -0.000149983 0.00175512 1.62562e-05 -0.00305005 -0.0257413 0.0123351 6.70533e-05 -0.00605638 -0.0125596 0.0236114 -0.0210199 0.0111562 -0.0293473 0.0177883 0.00690081 -0.0261564 -0.0287338 -0.0182888
internal_weight=0 56.2546 960.358 42.552 917.806 182.155 159.25 128.176 50.169 735.652 78.0073 64.3579 30.252 708.808 37.5342 671.273 647.495 623.636 181.21 163.808 132.267 31.5408 105.835 59.3362 41.9526 46.4985 442.426 409.793 371.066 331.396 299.605 282.303 226.642 26.4969 55.6615 200.145 129.235 86.068 37.1149 58.0739 70.9099 41.3205 52.8232 43.167 32.4689 46.6606 26.8141
internal_count=5018 299 4719 327 4392 989 842 709 213 3403 496 422 214 3292 206 3086 2990 2898 882 814 605 209 477 290 198 187 2016 1874 1718 1570 1418 1344 1070 175 274 895 541 375 189 270 354 200 252 166 177 319 180
is_linear=0
shrinkage=0.05


Tree=147
num_leaves=48
num_cat=0
split_feature=5 8 18 8 42 59 38 9 18 62 37 53 53 58 9 42 45 6 52 36 13 24 51 26 45 53 54 37 51 60 7 39 58 36 3 36 33 41 41 22 45 37 26 6 64 42 21
split_gain=3.50834 3.10315 4.88827 6.55072 4.35267 4.33855 5.06377 4.15624 4.20883 7.10998 9.36295 10.3097 5.75626 5.66858 3.29223 4.08598 4.59606 3.61656 3.56139 6.24626 3.56299 3.66928 5.67133 4.45649 3.50126 6.45078 6.4316 5.17639 3.83794 3.391 3.27153 3.09662 3.55477 4.6658 3.2423 2.9612 2.93519 2.53505 3.82768 4.8816 3.93737 3.73249 2.52827 2.25391 1.68798 1.21534 0.922449
threshold=-8.9999999999999982 1.8848150292363808 7.5000000000000009 2.0165217391304355 1.5266106442577032 0.2499757677084001 1.5000000000000002 1.5667953667953671 5.5000000000000009 1.5000000000000002 6.2500000000000009 2.5000000000000004 1.5000000000000002 0.29342972903661901 1.336679536679537 1.6306818181818186 11.500000000000002 0.34285714285714264 5.5000000000000009 74.250000000000014 0.22916666666666671 0.37500000000000006 53.500000000000007 0.0062489612876358933 4.5000000000000009 1.5000000000000002 12.500000000000002 6.7500000000000009 1.5000000000000002 10.500000000000002 0.51490614648509403 1.0000000180025095e-35 0.22700754078277605 70.750000000000014 22.500000000000004 74.750000000000014 1.0000000180025095e-35 0.27888888888888896 -0.12771739130434781 1.2705101556141922 40.500000000000007 6.2500000000000009 0.0060185793210340115 0.34285714285714292 2.5000000000000004 1.6306818181818186 0.60952412990125227
decision_type=2 2 2 2 2 2 2 2 2 2 2 2 2 2 2 2 2 2 2 2 2 2 2 2 2 2 2 2 2 2 2 2 2 2 2 2 2 2 2 2 2 2 2 2 2 2 2
left_child=42 7 3 -3 -5 6 -4 14 12 10 -10 -12 -9 -11 18 16 -16 -17 24 30 21 22 -21 -23 25 27 43 35 -27 36 -20 -6 34 -34 -33 -2 37 38 39 40 -28 45 -1 -26 -30 -40 -25
right_child=1 2 5 4 31 -7 -8 8 9 13 11 -13 -14 -15 15 17 -18 -19 19 20 -22 23 -24 46 26 28 29 -29 44 -31 -32 32 33 -35 -36 -37 -38 -39 41 -41 -42 -43 -44 -45 -46 -47 -48
leaf_value=0.021957060082937702 -0.00012719678467039593 0.030424832111674911 0.022308217623421417 0.017550555708702793 -0.033367997725220713 0.036351102246281013 -0.012254805610997016 -0.018042530300539417 -0.027961814910240114 -0.012182860443715153 0.028115715683342792 -0.017892791273336369 0.019407540636755042 -0.054921659501770539 0.014164619442385853 0.030550031570815595 -0.021880832477887871 0.0062117459187141857 -0.0095530013117671141 0.0069513663968352587 -0.020190886937253565 0.02688182605168063 -0.028863861728848528 0.0073258689677928026 -0.0082471626065970735 0.0012869667546468793 0.0026175179446107006 0.013785267225201318 0.036403016931879605 0.017726617442769571 -0.037581891280025315 -0.012489526103762827 0.0030516279526652669 -0.045511383699223112 0.021691048829366052 -0.028205302038115471 -0.015806074702005759 -0.011985900420695512 0.029887405869422685 0.012460423314122669 -0.023292216241238967 -0.0011103319531159564 -0.00033142961442099146 -0.032679652267262625 0.0172349595276198 0.011805186177228325 -0.008135408644703938
leaf_weight=31.604665845632553 16.811878068372607 12.906771790236233 24.363888378255069 13.588471780065445 13.254489312414078 19.486949960235506 17.356316830962896 15.890418944880365 27.606700073927641 16.647217541933063 26.852762475609779 20.729725139215589 25.247625153046101 14.852964919526128 15.867492592893539 25.787826828658581 17.670160804875195 37.032648099586368 22.471253445371985 25.117885518819094 19.742695082910359 23.583304923027754 18.32812369428575 17.805022917687893 20.345588199794292 26.47001176699996 26.642205938696861 23.156665148213506 19.209864038974047 27.16107090562582 20.013284245505929 12.317615167703481 9.2355738012120145 9.3642502855509502 13.595819913782178 20.296921767294407 27.070675514638424 28.45083645824343 22.433193247765303 32.339096633717418 31.119807384908199 29.171592066064477 20.817675046622753 18.222719006240368 36.081159943714738 18.868083233945072 18.815691288560629
leaf_count=122 78 79 113 126 105 91 96 120 141 87 106 106 150 120 82 96 91 158 102 110 123 93 86 69 88 117 115 110 83 118 96 86 89 80 82 99 121 122 90 142 134 158 92 86 156 83 91
internal_value=0 0.000107261 0.00681988 -0.00101668 -0.00704565 0.0174513 0.00797913 -0.00107047 -0.00864497 -0.0138478 -0.00532359 0.00811599 0.0048568 -0.0334049 0.000571773 0.00909037 -0.0049105 0.0165248 -0.000833146 -0.00702123 -0.00126811 0.00249469 -0.00846711 0.0104143 0.00159943 0.00797195 -0.00162885 -0.00440616 0.0170388 0.00140653 -0.0233173 -0.0130315 -0.00637591 -0.0224725 0.00558338 -0.0158219 -0.000716952 0.0015158 0.00396744 -0.00285801 -0.0115004 0.0126118 0.0132655 -0.0203252 0.0244229 0.0221011 -0.00062321
internal_weight=0 979.384 145.47 84.263 71.3562 61.2072 41.7202 833.914 147.827 106.689 75.1892 47.5825 41.138 31.5002 686.087 96.3581 33.5377 62.8205 589.729 165.877 123.393 103.65 43.446 60.204 423.851 142.027 281.825 60.2655 81.761 243.257 42.4845 57.7677 44.5133 18.5998 25.9134 37.1088 216.095 189.025 160.574 90.1011 57.762 70.4729 52.4223 38.5683 55.291 41.3013 36.6207
internal_count=5088 4874 947 647 568 300 209 3927 830 560 353 212 270 207 3097 427 173 254 2670 770 572 449 196 253 1900 643 1257 287 356 1083 198 442 337 169 168 177 965 844 722 391 249 331 214 174 239 173 160
is_linear=0
shrinkage=0.05


Tree=148
num_leaves=50
num_cat=0
split_feature=29 1 3 59 37 58 12 58 8 10 10 8 58 7 0 46 45 3 26 22 10 49 46 49 1 3 0 22 41 45 10 45 8 58 25 3 49 53 53 51 57 22 59 5 57 10 53 58 57
split_gain=3.98119 3.50722 3.21892 3.16544 5.9299 6.29289 5.67384 4.92287 6.17459 4.41624 6.99621 5.26844 4.05908 4.01657 3.89872 3.76696 4.28468 3.58275 3.34462 7.8062 5.22888 4.67455 4.05945 4.29414 4.67232 4.72443 6.13616 6.51016 4.29759 5.48578 5.24568 5.11645 4.2666 3.45623 4.65867 3.2538 3.09724 3.42992 3.5388 3.07718 5.449 2.99781 2.83887 2.73641 3.05178 2.64965 2.05293 1.55038 0.0708151
threshold=0.95833333333333337 79.500000000000014 47.500000000000007 0.097680735332368748 6.2500000000000009 0.94425825643485939 0.062500000000000014 0.78857998149907527 0.63913043478260889 -1.1127413127413124 -1.0000000180025095e-35 1.2965217391304351 -0.05695216311707673 0.88111888111888148 82.250000000000014 27.500000000000004 4.5000000000000009 57.500000000000007 0.024207261798604152 1.823323412910999 0.29266409266409227 71.500000000000014 66.500000000000014 81.500000000000014 87.250000000000014 12.500000000000002 84.250000000000014 0.92474044173253278 -0.41885964912280699 24.500000000000004 -2.3544401544401539 10.500000000000002 1.2234782608695653 -0.048361574224334618 0.63068181818181823 52.500000000000007 8.5000000000000018 1.5000000000000002 6.5000000000000009 23.500000000000004 64.687500000000014 0.9589345914202152 0.91159213926341531 1.0000000180025095e-35 73.062500000000014 -1.1405405405405402 4.5000000000000009 0.63920241694561786 60.062500000000007
decision_type=2 2 2 2 2 2 2 2 2 2 2 2 2 2 2 2 2 2 2 2 2 2 2 2 2 2 2 2 2 2 2 2 2 2 2 2 2 2 2 2 2 2 2 2 2 2 2 2 2
left_child=1 47 -3 18 6 9 15 8 41 11 13 12 -6 -11 48 16 -5 42 22 20 -20 -21 23 24 25 -2 27 -27 -26 31 -31 32 -30 34 -32 -24 37 -12 -39 40 -29 -8 -10 44 -33 -41 -28 -1 -13
right_child=3 2 -4 4 5 -7 7 -9 17 10 36 14 -14 -15 -16 -17 -18 -19 19 21 -22 -23 35 -25 28 26 46 39 29 30 33 43 -34 -35 -36 -37 -38 38 -40 45 -42 -43 -44 -45 -46 -47 -48 -49 -50
leaf_value=-0.0099568161666515834 0.013229280571658758 0.002141040071627083 0.025891065645719705 0.026159864565383214 -0.021678147332720294 0.021197255339253311 0.0088412160663557098 -0.01914513190399969 0.012117057162031562 -0.015708902360066484 -0.015548553436177313 0.0057369192354653556 0.0064324673964777247 -0.054209776140946436 0.035961018900347599 0.036362432430961093 -0.0090032688135655917 -0.020613233452729252 -0.011706279123172285 -0.012233660385295799 -0.052116697486514513 0.022673471192357696 -0.00047506757569854875 -0.019866442739367041 0.017807119266169773 0.027082658273170069 -0.039445344374458013 -0.019295187657779614 -0.02551119351504133 -0.029328386970346135 0.004811876529634729 -0.0061158072737330389 0.0093761319074917027 0.016035032449141794 -0.027056306568137997 0.025933538892490088 -0.022103386968545746 0.019848964860845211 -0.0089685919120346715 -0.036149917587298401 0.02232388021097877 0.030640754978711288 -0.013404219495827938 0.03246813899276467 0.023485832162291293 -0.0055534877185828835 -0.013680718896489835 0.008848814952475954 0.00013949831376786138
leaf_weight=21.878523362800479 19.765428824815899 22.088711556047201 40.30643343180418 18.376582592725754 24.706885602325201 23.629252132959664 38.694811373949051 19.207732478156686 33.640986894257367 16.797890153713528 20.725834236480296 11.434323301538827 24.956318765878677 11.913523901719598 14.769033722579477 25.289308436214924 14.958949539810417 19.731802891939878 18.549949891865253 21.234282991848886 14.193120108917354 15.886660285294054 23.094076849520206 32.628493859432638 40.572607208043337 12.534934863448141 20.943715126253664 15.94438047707081 14.945390289649366 22.242974866181612 25.997301919385791 16.537371713668108 18.622079391032457 18.643742503598332 19.174371058121324 22.493313312530518 18.357265999540687 26.362664164043963 16.687130476813763 15.48581093689427 13.676379995420573 27.10077253729105 14.951938333921133 19.978758376091719 16.648611164651811 13.140227172989396 14.316519154235719 20.047320064157248 10.45068470854312
leaf_count=94 110 90 140 105 109 116 145 88 157 83 106 112 106 110 57 105 76 92 94 119 90 86 92 150 144 54 152 117 95 98 141 85 97 82 100 84 92 148 102 85 63 110 95 85 79 93 101 68 48
internal_value=0 0.0102292 0.0176496 -3.33194e-05 0.00307505 -0.00265583 0.00902933 0.00391163 0.0073309 -0.0056071 -0.0121669 0.00285955 -0.0077041 -0.0329713 0.0169969 0.0221242 0.0105781 -0.00319404 -0.00279461 -0.0128387 -0.0302484 0.00290844 -0.00108673 -0.00282321 -0.00113005 -0.00873486 -0.0129141 -0.00428016 0.00337387 -9.81385e-05 -0.00898968 0.00872623 -0.00644556 -0.00155747 -0.00900847 0.0128322 -0.00458512 0.000720743 0.00872857 -0.0113728 2.24928e-05 0.0181446 0.00415228 0.0182476 0.00898723 -0.0227667 -0.0296501 -0.000968028 0.00318689
internal_weight=0 104.321 62.3951 919.994 432.744 220.791 211.953 153.328 134.12 197.162 110.844 86.3172 49.6632 28.7114 36.654 58.6248 33.3355 68.3247 487.251 69.864 32.7431 37.1209 417.386 371.799 339.171 125.807 106.042 70.7817 213.363 172.791 86.0584 86.7322 33.5675 63.8154 45.1717 45.5874 82.1329 63.7756 43.0498 58.2468 29.6208 65.7956 48.5929 53.1647 33.186 28.626 35.2602 41.9258 21.885
internal_count=5050 392 230 4658 2162 1189 973 687 599 1073 641 432 215 193 217 286 181 344 2496 389 184 205 2107 1931 1781 775 665 412 1006 862 421 441 192 323 241 176 448 356 250 358 180 255 252 249 164 178 253 162 160
is_linear=0
shrinkage=0.05


Tree=149
num_leaves=46
num_cat=0
split_feature=20 12 60 8 58 42 4 46 65 67 42 46 45 22 57 20 9 54 5 6 45 38 25 46 51 9 9 20 25 10 54 11 45 39 46 27 41 49 23 10 42 41 57 49 65
split_gain=4.18808 3.25918 2.90409 7.29752 7.76866 3.5706 3.00193 2.93734 5.71869 3.24081 4.19937 3.52325 2.98902 4.92156 4.21612 3.8031 3.78772 3.6398 3.81593 6.71673 6.21686 5.36156 6.23529 3.24066 3.63281 6.02782 3.9194 3.84017 3.46696 3.67026 3.2893 3.00569 6.8794 2.61169 2.59463 2.56669 4.21604 3.05305 3.29748 2.452 2.18181 5.20738 2.13254 3.76358 1.53203
threshold=1.0000000180025095e-35 0.47916666666666669 10.500000000000002 0.68608695652173923 -0.26037633224328088 1.4868421052631582 6.2500000000000009 76.500000000000014 4.1234153992067046 1.0000000180025095e-35 1.5119047619047621 40.500000000000007 6.5000000000000009 2.2827689077850608 67.053575000000009 2.7500000000000004 0.49961389961389979 19.500000000000004 9.0000000000000018 2.2285714285714291 22.500000000000004 1.5000000000000002 0.57738095238095244 66.500000000000014 24.500000000000004 1.2177606177606182 0.93041108335225997 2.2678571428571463 0.73863636363636376 -1.219305019305019 60.500000000000007 0.021934821934821994 4.5000000000000009 1.0000000180025095e-35 30.500000000000004 0.99358024691358027 -0.17914438502673793 3.5000000000000004 0.37500000000000006 -0.41930501930501946 1.6961538461538463 -0.30217391304347824 58.562500000000007 5.5000000000000009 0.31577160873212823
decision_type=2 2 2 2 2 2 2 2 2 2 2 2 2 2 2 2 2 2 2 2 2 2 2 2 2 2 2 2 2 2 2 2 2 2 2 2 2 2 2 2 2 2 2 2 2
left_child=-1 2 6 5 40 -4 7 9 -9 12 11 -11 13 16 15 -14 -2 -16 19 23 -21 22 -22 24 -19 26 27 -26 29 34 -28 32 35 -7 -27 -18 -37 38 -38 -31 -5 -42 -33 -44 -36
right_child=1 -3 3 4 -6 33 -8 8 -10 10 -12 -13 14 -15 17 -17 31 18 -20 20 21 -23 -24 -25 25 28 30 -29 -30 39 -32 42 -34 -35 44 36 37 -39 -40 -41 41 -43 43 -45 -46
leaf_value=-0.022924148614810153 -0.019448611849249703 -0.017293293263746286 0.036656265060820599 0.017387012290616951 -0.024748197349723534 0.026202297279029726 0.018598792686620111 -0.026650266858722488 0.0094354300149104287 0.014178256776527729 -0.031271077609156171 -0.020245700934352559 0.0016587865279065089 -0.029155177635689367 -0.019692563819402188 0.027183597416455769 0.013413082477904327 0.02388032162875945 0.019207735681483273 0.0094197042363297484 0.0097218775016267786 -0.03972665647721374 -0.02801317160000524 0.021903512267563121 -0.0099289640996284619 -0.019607132358379502 -0.00039876974029848976 0.015975755488405526 0.026535748759290073 0.022363393994562455 -0.028415832648203434 0.02592422733608803 -0.030475864747260967 0.0020817249244143858 0.01338791881262155 0.014558090661273206 0.011133325424309106 -0.025374021683766318 -0.016041182592638606 0.00074437247366296484 0.020812315155497155 -0.016204726631471985 -0.0057472661332191076 0.022946740640961378 -0.0068285749953742314
leaf_weight=17.288491472601891 23.895822376012802 22.230546337552369 21.445699494332075 29.625835247337818 24.77100182371214 17.958848513662815 21.192670358344913 26.63207870721817 17.539303798228502 16.733894194010649 16.697245305869728 11.796612422913311 25.744656457565725 15.756820894777773 17.448083033785224 33.111494896002114 32.187173502519727 19.318000914528966 32.401868006214499 27.092629430815578 22.073464322835207 19.887525671161711 20.008647866547108 25.909516587853432 31.569975413382053 17.270443253219128 16.469641448929906 24.523390838876367 22.046640634536743 33.219670696184039 27.925984565168619 15.173902714624999 18.463254805654287 27.970790542662144 18.030733918771148 23.912996530532837 22.179710638243705 19.910356500186026 20.55441356357187 21.381499275565147 15.406388767063616 21.573220073711127 30.568359896540642 16.978090858086944 17.576065290719271
leaf_count=91 119 132 88 145 139 81 132 118 79 142 123 60 126 157 85 137 133 77 124 126 116 123 94 93 148 92 76 105 77 118 141 81 105 131 81 99 132 116 105 113 67 138 142 87 80
internal_value=0 0.00122028 0.00165658 0.007826 -0.0014033 0.0201805 0.000458751 -4.31662e-05 -0.0124299 0.000694255 -0.0121367 -0.000258739 0.0015245 -0.00301743 0.00382651 0.0162329 -0.00105589 0.00202857 0.00303103 0.0015436 -0.0103192 -0.0189614 -0.00845366 0.0054056 0.00361056 0.00181218 -0.00733629 0.00147774 0.00891163 0.00508517 -0.01826 0.0012283 -0.00292026 0.0118704 -0.00427448 0.00158301 -0.00291906 -0.00971445 -0.00200509 0.0140632 0.00751646 -0.000640816 0.0102071 0.00476053 0.00349481
internal_weight=0 1004.16 981.934 158.752 91.3764 67.3753 823.183 801.99 44.1714 757.819 45.2278 28.5305 712.591 239.581 473.01 58.8562 223.824 414.154 396.706 364.304 89.0623 61.9696 42.0821 275.242 249.332 230.014 100.489 56.0934 129.525 107.478 44.3956 199.928 137.208 45.9296 52.8772 118.745 86.5575 62.6445 42.7341 54.6012 66.6054 36.9796 62.7204 47.5465 35.6068
internal_count=5074 4983 4851 789 489 300 4062 3930 197 3733 325 202 3408 1276 2132 263 1119 1869 1784 1660 459 333 210 1201 1108 1031 470 253 561 484 217 1000 690 212 253 585 452 353 237 231 350 205 310 229 161
is_linear=0
shrinkage=0.05


Tree=150
num_leaves=49
num_cat=0
split_feature=43 1 54 18 36 11 53 58 42 6 46 65 11 51 11 57 37 10 51 53 11 51 54 3 10 11 57 11 57 1 38 10 10 11 59 8 6 22 42 11 26 11 57 6 58 46 57 26
split_gain=3.63227 8.98316 4.47447 3.82683 3.75515 5.18941 4.95465 7.89613 7.242 4.72274 4.48369 7.49541 4.34029 4.57358 5.09021 5.27517 3.99028 3.91732 3.89659 3.85412 3.74775 2.95975 4.46698 4.24572 3.66903 6.04056 5.64256 3.74651 5.80917 4.53546 4.33297 3.52676 4.49782 3.32083 3.3117 5.67265 3.29768 3.00534 2.96324 2.93848 4.27577 3.65943 2.95819 2.83872 2.74661 2.17601 1.37875 1.16578
threshold=5.0000000000000009 78.500000000000014 6.5000000000000009 13.500000000000002 74.250000000000014 -0.99780759780759787 10.500000000000002 0.94425825643485939 2.1380952380952385 -1.0026578073089694 9.5000000000000018 0.35387457207787903 1.027869427869428 22.500000000000004 -1.1446499446499447 58.937500000000007 6.2500000000000009 -0.48803088803088795 5.5000000000000009 1.0000000180025095e-35 -0.14013014013014008 84.500000000000014 82.500000000000014 37.500000000000007 1.0231660231660227 -0.31411831411831437 69.062500000000014 -1.8264222264222263 73.187500000000014 85.500000000000014 1.0000000180025095e-35 -3.2108108108108104 -0.96370656370656371 -0.67537867537867546 -0.34234976856068178 1.4217391304347828 3.147508305647841 1.6646975845974443 1.720779220779221 0.23004023004022986 0.0027210377714066555 -1.8794448794448793 73.187500000000014 0.34285714285714264 -0.69057362043749781 38.500000000000007 68.937500000000014 0.0042147936168582534
decision_type=2 2 2 2 2 2 2 2 2 2 2 2 2 2 2 2 2 2 2 2 2 2 2 2 2 2 2 2 2 2 2 2 2 2 2 2 2 2 2 2 2 2 2 2 2 2 2 2
left_child=1 -1 -3 21 6 46 7 9 -8 18 -7 47 13 14 16 17 -11 -16 -2 -15 -17 22 24 34 26 -26 43 28 -28 -29 44 -32 33 -33 35 -23 -27 -37 -34 40 -25 -42 -43 -4 -31 -38 -6 -12
right_child=4 2 3 -5 5 10 8 -9 -10 12 11 -13 -14 19 15 20 -18 -19 -20 -21 -22 23 -24 39 25 36 27 29 -30 30 31 32 38 -35 -36 37 45 -39 -40 -41 41 42 -44 -45 -46 -47 -48 -49
leaf_value=-0.036902464853208056 7.6480480993771708e-05 -0.02235202424945712 0.027774730164994682 -0.017330415313938155 0.032135731189623568 0.018142423804911396 -0.038109345600934902 0.033868103866956406 0.0052438152689140852 0.0025342992335619314 -0.008831138740266779 0.016668129040944082 -0.016443052365210577 0.0015848999523396532 -0.0029675261606147405 0.007917662349746479 -0.035659909879766777 0.030164110792477279 -0.027667117148530138 0.030813068531987738 -0.021540055125375178 -0.035780943603440328 0.027204793800060596 0.018968730399302303 -0.027197718126652112 -0.012339416542916148 -0.031748114940331626 -0.014399706618655771 0.0072575827768198977 -0.022073080184734965 0.031682558694833933 0.01108560255061606 0.029107840002984567 -0.020364804732395894 0.0021081965660942753 0.011519362040288281 -0.0016821164516855926 -0.018068684087934335 0.0038894444391793406 0.019817708743116547 0.0068157573285517557 -0.0028179702928597169 -0.03124659320277361 0.0039258684003960383 0.0068784127462701754 0.021957041219235234 0.013463564285326263 -0.027220088189991283
leaf_weight=16.997898833360523 27.121819434687495 22.635369652416557 34.660287354141474 29.645200319588184 25.186712112277746 34.084173157811165 17.951464831829071 18.336608748883009 19.16013222001493 13.008969814516606 18.31400278955698 24.628761678934097 21.011937336064875 18.020645787939429 12.555617855861781 24.416126674972475 13.132585491985081 28.466984551399946 22.719838291406631 29.662411135621369 17.848275501281023 26.192282928153872 17.861781924962997 18.409051578491926 24.355729108676314 24.297161710448563 18.677937537431717 25.23664553835988 17.947254288941622 15.400205583311619 20.139111235737801 14.750133169814946 26.064276553690434 17.127422530204058 27.068426506593823 14.829333218745886 18.145476825535297 17.863119671586901 21.067890096455812 19.233779036439955 24.511564278975129 17.599844086915255 18.564685795456171 19.765543558634818 15.646111939102409 19.677313239313662 19.694530107080936 18.084488783031702
leaf_count=132 124 143 144 151 102 141 111 85 89 71 86 103 115 96 104 116 92 159 118 143 82 125 71 87 142 136 83 119 81 86 69 77 123 93 127 67 87 105 86 88 107 86 99 110 81 85 85 80
internal_value=0 -0.00210638 -0.00103841 -0.000146137 0.00392661 0.0105949 0.000607135 0.0031912 -0.0161765 0.00058653 0.00388767 -0.00423786 0.00440145 0.00727554 0.00158834 0.00763893 -0.01726 0.0201943 -0.0128656 0.0200264 -0.00473268 0.000836459 0.00352853 -0.00428014 0.00218075 -0.00662999 0.00528619 0.0012238 -0.0129495 0.00462495 0.00839429 0.0134679 0.00848713 -0.00591777 -0.0123317 -0.0188939 0.00173726 -0.00470396 0.0181503 0.00281204 -0.00151961 -0.00794251 -0.0178596 0.0193408 -0.00772333 0.010865 0.0244141 -0.0184512
internal_weight=0 604.371 587.373 564.738 423.406 139.993 283.413 246.302 37.1116 227.965 95.1114 61.0273 178.124 157.112 109.429 83.287 26.1416 41.0226 49.8417 47.6831 42.2644 535.092 350.82 184.272 332.959 86.4757 246.483 192.057 36.6252 155.432 130.195 99.1488 79.0097 31.8776 85.9532 58.8847 62.12 32.6925 47.1322 98.3189 79.0851 60.6761 36.1645 54.4258 31.0463 37.8228 44.8812 36.3985
internal_count=5092 2990 2858 2715 2102 597 1505 1305 200 1220 410 269 978 863 624 461 163 263 242 239 198 2564 1673 891 1602 450 1152 898 164 734 615 448 379 170 424 297 308 172 209 467 379 292 185 254 167 172 187 166
is_linear=0
shrinkage=0.05


Tree=151
num_leaves=51
num_cat=0
split_feature=58 26 2 52 10 22 26 0 27 22 46 6 58 46 41 41 53 26 46 36 12 39 9 50 60 9 4 26 6 36 26 21 45 1 22 54 58 45 6 10 22 45 46 2 42 4 18 45 58 26
split_gain=3.58413 6.52121 4.90685 6.38712 6.28964 4.1387 6.14361 3.81517 3.55723 3.4421 3.05468 4.01751 3.88917 3.57638 3.87574 3.716 3.44006 5.33002 5.19639 3.77647 3.59963 6.96188 5.90777 4.31286 3.30341 4.46526 5.54013 5.00247 4.81612 4.48669 4.47903 3.77636 5.83947 5.8102 4.79128 7.25408 3.942 3.58504 5.1915 4.39443 4.09537 3.20834 3.19626 5.31456 3.00816 2.71065 2.47225 1.87992 1.75438 1.24737
threshold=-0.82415615971448097 0.005175177875778419 78.250000000000014 1.5000000000000002 -1.2868725868725872 1.4244980743690803 0.0021407392897273901 87.750000000000014 0.25666666666666677 1.3378101398285203 66.500000000000014 2.2285714285714291 -0.77245553105869302 65.500000000000014 -0.58114035087719296 -0.46410256410256406 10.500000000000002 0.0027210377714066555 31.500000000000004 76.750000000000014 0.18750000000000003 1.5000000000000002 1.200772200772201 2.5000000000000004 3.5000000000000004 0.65096525096525115 1.7500000000000002 0.0020776166129196122 2.5714285714285721 71.250000000000014 0.0010635416940573052 0.52243118397129218 2.5000000000000004 82.250000000000014 1.2445862636835017 17.500000000000004 -0.30163705152652742 26.500000000000004 3.147508305647841 0.43552123552123517 1.3823354978681499 4.5000000000000009 74.500000000000014 73.500000000000014 1.6858552631578949 0.62500000000000011 8.5000000000000018 16.500000000000004 0.35846314187849709 0.0062489612876358933
decision_type=2 2 2 2 2 2 2 2 2 2 2 2 2 2 2 2 2 2 2 2 2 2 2 2 2 2 2 2 2 2 2 2 2 2 2 2 2 2 2 2 2 2 2 2 2 2 2 2 2 2
left_child=1 5 4 -4 -3 7 -7 -1 -2 -6 12 42 -10 14 45 -16 20 19 41 -18 24 22 44 -24 25 -17 27 30 29 -29 -27 34 -33 -34 46 -36 -37 38 40 -39 -35 -19 -12 -44 49 -14 -26 -23 -38 -22
right_child=8 2 3 -5 9 6 -8 -9 10 -11 11 -13 13 -15 15 16 17 18 -20 -21 21 47 23 -25 31 26 -28 28 -30 -31 -32 32 33 37 35 36 48 39 -40 -41 -42 -43 43 -45 -46 -47 -48 -49 -50 -51
leaf_value=-0.018082211216115099 0.024193497177872062 0.012505232997298605 0.034378619254825375 -0.00321836970530522 -0.030194711602703789 -0.0031598982914162496 -0.048061021316772874 0.010269425002489702 0.019104986347835681 -0.0038291738323536734 0.031552698269859993 -0.008292323490348516 0.0026921708883660507 -0.022470341784680034 -0.019607887699312807 -0.0086419849719382678 -0.00956585332603542 -0.011347122386624475 0.0038242893090034607 0.024246620669209629 -0.0091586258183548128 -0.043454399680384614 -9.3544322763060186e-05 0.035076682379367133 0.026804934096955804 0.012317959793781924 0.041076377085036135 -0.011103366425821827 0.036336800498105407 0.021425793794995873 -0.027921855812979963 0.017648303350157095 -0.030634857157775114 -0.019986104178874909 -0.029423495890355644 0.025047140185092083 -0.014754163068723659 -0.0005420092446120796 0.025207381953062571 -0.032550487594292514 0.0097754523027723892 -0.041377578268429568 0.026200326300885798 -0.011392554923942403 -0.023386699988415957 0.02709301770856486 0.0060884724987798127 -0.011596526228009142 0.0069342650812773497 0.010543981456973772
leaf_weight=28.392393903806806 17.193774663843215 29.920543888583779 21.211679268628359 22.669527160003781 22.432935383170843 12.864212328568103 18.228089949116111 19.054467041045427 26.886526621878147 26.956242725253105 23.366434630006552 19.419729104265571 23.610128834843636 16.177828136831522 23.190582554787397 23.68782326951623 15.587136880494656 16.955965915694833 18.240936357527971 15.640513474121688 15.743490679189565 12.220521595329048 18.880777900572866 15.183896388392894 32.266298595815897 12.727303043007852 16.284180454909801 18.12561749201268 21.128208708018064 23.021223820745945 13.106230554170905 24.51165415905416 23.215435071848333 22.386904675513506 16.6162513718009 19.181379170157015 15.423995482735334 24.67940803617239 19.072965724393725 18.008485877886415 21.979405835270882 20.40998044796288 18.043655142188072 17.730964463204145 23.058501968160272 21.426389709115028 26.710637059062719 8.5995315127074701 20.637972739059478 14.442829468287526
leaf_count=134 60 132 75 100 113 77 122 82 121 137 88 95 87 81 109 101 99 91 86 75 96 127 138 103 138 70 65 101 104 86 96 122 135 103 114 87 73 96 81 96 94 105 82 88 113 105 119 63 112 76
internal_value=0 -0.0051002 0.00208951 0.0153166 -0.00532851 -0.016262 -0.0301609 -0.00671935 0.00232855 -0.0161662 0.0018275 0.0111243 0.000797697 6.00048e-05 0.00063162 -0.000389713 0.00037464 -0.00878075 -0.0179494 0.00759615 0.00191475 -0.00616846 0.000143249 0.0161364 0.00404201 0.0106772 0.0151014 0.00989359 0.0174853 0.0071729 -0.00837682 0.00102995 -0.00426882 -0.00852586 0.00724603 -0.00144284 0.00734677 -0.00344867 0.00408459 -0.0144812 -0.00535153 -0.0284013 0.0175318 0.00776504 -0.0101976 0.0146374 0.0176804 -0.0314303 -0.00248985 0.000304029
internal_weight=0 201.73 123.191 43.8812 79.3097 78.5392 31.0923 47.4469 814.781 49.3892 797.588 78.5608 719.027 692.14 675.963 630.926 607.735 86.8345 55.6069 31.2277 520.901 108.13 87.3095 34.0647 412.771 128.081 104.393 88.1086 62.2751 41.1468 25.8335 284.691 153.854 129.343 130.837 71.8596 55.2433 106.127 63.4393 42.6879 44.3663 37.3659 59.1411 35.7746 53.2448 45.0365 58.9769 20.8201 36.062 30.1863
internal_count=5053 972 557 175 382 415 199 216 4081 250 4021 353 3668 3547 3466 3274 3165 456 282 174 2709 716 526 241 1993 623 522 457 291 187 166 1370 727 605 643 386 272 470 278 192 197 196 258 170 285 192 257 190 185 172
is_linear=0
shrinkage=0.05


Tree=152
num_leaves=47
num_cat=0
split_feature=20 9 22 59 49 46 46 58 20 22 7 8 59 9 22 49 41 0 15 26 26 24 51 51 18 58 26 20 49 11 22 50 22 7 39 38 21 41 1 41 18 18 58 3 46 11
split_gain=2.54547 2.46161 4.08195 6.09729 5.1599 4.95285 8.58117 8.48179 8.09096 7.96855 4.02129 3.90728 3.43468 3.41203 3.32722 3.77555 3.3055 3.17552 4.68225 5.13093 4.61146 6.63464 7.40176 5.61283 8.24058 8.97258 5.22893 4.96573 4.34713 3.87048 3.8105 5.75651 5.33223 3.77335 3.21001 5.7303 4.75945 3.11208 3.07437 3.0082 2.84317 2.75962 2.53061 2.71019 2.39746 1.5852
threshold=1.0000000180025095e-35 1.3212355212355216 1.5116573282773487 0.28313308994381592 46.500000000000007 12.500000000000002 6.5000000000000009 0.48314048284850658 2.7500000000000004 1.6867993806478929 1.0234965034965036 1.4360869565217393 -0.82413948779581736 2.2857142857142869 2.1201375353655743 21.500000000000004 -0.069047619047619038 81.250000000000014 7.5000000000000009 0.0025261270297051584 0.005935491928211605 0.37500000000000006 35.500000000000007 7.5000000000000009 6.5000000000000009 0.074116354202380205 0.0031388349114512605 2.0416666666666647 43.500000000000007 0.97575397575397582 0.92925365826200312 2.5000000000000004 1.1927465096080485 0.31048951048951062 1.0000000180025095e-35 1.5000000000000002 0.52243118397129218 0.06458333333333334 85.500000000000014 0.17519181585677754 7.5000000000000009 9.5000000000000018 -0.26037633224328088 77.500000000000014 14.500000000000002 0.094122094122094185
decision_type=2 2 2 2 2 2 2 2 2 2 2 2 2 2 2 2 2 2 2 2 2 2 2 2 2 2 2 2 2 2 2 2 2 2 2 2 2 2 2 2 2 2 2 2 2 2
left_child=-1 17 3 4 -3 6 10 -8 9 -7 -4 -11 -6 -13 40 -16 -12 18 19 -2 21 22 44 -22 25 -25 38 33 -28 42 37 32 -32 -24 45 36 -36 -20 -23 -18 -10 -42 -21 -44 -19 -26
right_child=1 2 5 -5 12 8 7 -9 14 11 16 13 -14 -15 15 -17 39 20 30 29 23 26 27 24 34 -27 28 -29 -30 -31 31 -33 -34 -35 35 -37 -38 -39 -40 -41 41 -43 43 -45 -46 -47
leaf_value=-0.018729852924173018 -0.012762792593520297 -0.014280232799575616 0.01399985667137281 0.027553132997734559 -0.00054524019191028628 -0.030929626533891433 -0.0058291790817329679 -0.057577326739480086 0.0043629115063731298 0.025755771691006641 -0.00029352499752252175 -0.01719278278371476 0.026806392191450285 0.012612711947425788 0.017010837038210415 -0.015492245591848856 -0.050637230516685033 -0.0039455713098237033 -0.028123772586288037 0.032336600192655586 -0.035664367066848439 0.01043070580514476 -0.012789346797172816 -0.0087564963349760615 -0.01269549117092339 0.032602296620553355 0.0054763101670862466 0.0014789045998234486 0.034235650041164779 -0.003948787555812531 0.028602611833891973 -0.015938584832698496 -0.004056493056133142 -0.046909338731681266 -0.01209906877157412 -0.0047982088256454964 -0.04696006886057702 -0.0022224288050629042 -0.017077058163103644 0.0057009591685931822 0.035786267125895929 0.013099002868945969 0.021326196641718774 -0.0019111979870348947 0.020180813827950977 0.008467382411826067
leaf_weight=17.144859336316586 20.623090710490942 26.764043608680367 31.414657067041844 37.209255617111921 23.046243442222476 24.231584397144616 17.221382018178705 14.068649026099591 25.57250483520329 13.206024777144192 24.78282511793077 22.163934740237892 21.788812428712845 15.478116315789519 15.894553638063369 17.962982933968306 6.5879182899370772 21.842803945764899 23.031101524829865 24.988809201866388 18.818689052015543 18.967420849949121 15.700989093631504 30.141170518472791 16.897639282047749 21.78815108537674 26.013221340253949 16.108539276756346 26.518676687031984 22.525030814111233 24.566916922107339 26.176170850172639 24.023705907166004 18.316864958964288 17.469979956746101 31.886311603710055 24.240888375788927 22.773229407146573 19.747066112235188 3.174034187104553 27.487834390252829 28.782880451530218 32.976173028349876 19.651652991771698 18.037677671760321 16.545538878068328
leaf_count=90 98 143 151 157 107 137 122 125 128 57 130 140 88 99 83 92 121 104 92 126 93 79 76 129 83 75 115 84 98 111 101 127 115 105 85 146 122 108 97 123 104 118 142 95 73 80
internal_value=0 0.000167004 0.00321804 0.0114206 0.00277273 9.05727e-05 -0.00903853 -0.0301588 0.00476696 -0.00795134 0.00128134 0.00338428 0.0130419 -0.00492776 0.0130174 -0.00018328 -0.0103532 -0.00185167 0.00257733 0.00949894 -0.00482759 0.000788253 -0.00879457 -0.0105253 -0.00734498 0.00888465 0.0102338 -0.0214064 0.0203627 0.0141644 -0.00437651 0.0025951 0.0126994 -0.0319761 -0.015228 -0.0210005 -0.0329842 -0.0155686 -0.00367686 -0.0334916 0.0184147 0.0246129 0.0194043 0.0127753 0.00719336 -0.0022836
internal_weight=0 997.216 396.838 108.808 71.5991 288.03 97.2495 31.29 190.78 75.0797 65.9594 50.8481 44.8351 37.6421 115.701 33.8575 34.5448 600.378 241.336 120.765 359.042 181.253 90.0069 177.788 158.97 51.9293 91.2464 50.1264 52.5319 100.142 120.571 74.7668 48.5906 34.0179 107.04 73.5972 41.7109 45.8043 38.7145 9.76195 81.8432 56.2707 77.6166 52.6278 39.8805 33.4432
internal_count=5074 4984 2225 495 338 1730 772 247 958 433 525 296 195 239 525 175 374 2759 1115 572 1644 831 442 813 720 204 389 265 213 474 543 343 216 181 516 353 207 200 176 244 350 222 363 237 177 163
is_linear=0
shrinkage=0.05


Tree=153
num_leaves=46
num_cat=0
split_feature=57 10 6 51 1 55 58 27 46 41 53 10 7 0 10 58 22 5 10 0 25 21 11 0 22 0 35 28 11 52 41 21 51 53 11 10 37 51 36 2 52 46 57 51 52
split_gain=3.4047 4.63696 6.18959 5.58359 4.08378 3.99337 3.63384 3.13599 3.11048 4.14212 3.17754 2.92102 2.66221 3.98735 2.92521 3.16833 4.73176 5.84476 4.95028 4.6642 4.16554 6.40569 4.35566 4.30571 3.85086 2.86982 4.43322 2.64064 3.38807 3.46446 9.1198 3.24409 2.67414 4.84944 3.81178 7.09343 8.71937 3.84844 3.54836 3.98041 3.16846 2.79442 6.34894 2.49887 1.76178
threshold=56.812500000000007 0.86023166023166009 1.5428571428571434 1.0000000180025095e-35 79.500000000000014 7.5000000000000009 0.42179998225932674 0.62814814814814823 7.5000000000000009 0.45804195804195807 6.5000000000000009 0.020077220077219907 3.2517482517482521 85.250000000000014 2.4702702702702708 -0.62588817255938378 0.88606297638948883 1.0000000180025095e-35 -1.2868725868725872 87.250000000000014 0.41428571428571431 0.4401131486960887 0.15447795447795443 86.250000000000014 1.2544668640371113 82.250000000000014 88.250000000000014 37.500000000000007 0.78837918837918841 9.5000000000000018 -0.15268065268065265 0.49494897427831791 87.500000000000014 2.5000000000000004 -0.022512622512622368 -0.20772200772200819 6.7500000000000009 63.500000000000007 79.250000000000014 70.500000000000014 4.5000000000000009 10.500000000000002 72.812500000000014 9.5000000000000018 3.5000000000000004
decision_type=2 2 2 2 2 2 2 2 2 2 2 2 2 2 2 2 2 2 2 2 2 2 2 2 2 2 2 2 2 2 2 2 2 2 2 2 2 2 2 2 2 2 2 2 2
left_child=1 2 3 -1 5 8 -5 -6 -2 10 11 -10 14 -14 15 16 -9 20 -19 -20 24 -22 23 -23 -18 -16 44 28 29 32 -31 -30 34 41 35 37 -37 38 39 -17 -36 -34 -43 -41 -27
right_child=4 -3 -4 6 7 -7 -8 12 9 -11 -12 -13 13 -15 25 27 17 18 19 -21 21 22 -24 -25 -26 26 -28 -29 31 30 -32 -33 33 -35 40 36 -38 -39 -40 43 -42 42 -44 -45 -46
leaf_value=-0.013571621531926276 -0.017572195284221857 0.030249243569173429 -0.028746008375384713 0.0027118226005178152 0.01769704290492246 -0.025104448757324396 0.034067329911671787 0.013837949916367973 0.0032559572916547029 -0.016297761903620287 -0.0063981558729526711 0.030923918864528929 -0.029214862388963841 0.0030569129980383327 0.02198779375177589 0.00086311717048942493 -0.033261523202200077 0.0028203214340492 -0.050358837189980382 -0.013934708590490223 0.029925897345706162 0.0033069515278376111 0.01677392609019622 -0.02336062473813337 -0.0021320496446378839 0.004091221214603119 0.023161244150774848 -0.0098204703544717241 -0.026182204347984413 0.0091278905059690735 -0.032951375692540322 0.0046760125804634518 0.024309384377432325 -0.020600573357166394 0.011694466374176905 0.0091882765871343832 -0.038527318055638832 0.031810933764378144 -0.0057988677486906443 0.010543648450186119 0.039497186793125527 -0.019357332237001382 0.017076383141348111 0.034931968050213265 -0.015304735099302079
leaf_weight=15.489311450161038 27.066732636187226 21.966255638748407 10.899537506047634 15.810592013411222 29.521573297679424 24.863638269715011 21.882179864682257 30.8498180732131 19.308695314452052 22.180342226754874 21.928243909031153 18.377357005141675 16.376333279535174 20.932822024449706 32.320300798863173 30.691696538589895 15.942351309582589 15.06369566824287 16.101945164613426 20.332004353404045 18.157710567116737 32.03908171877265 21.153598377481103 27.330611110664904 24.378438961692154 25.1412771679461 19.554286376573145 33.825736057944596 15.779911134392021 36.745528027415276 18.57942758873105 16.776853861287236 16.662310007959604 19.417450493201613 24.074442729353905 21.897754915058613 15.612291160039602 22.333938207477331 28.289843209087849 20.254937422461808 18.606411695480347 20.503494590520859 25.937991380691528 23.90904339402914 20.396444535814226
leaf_count=102 133 148 154 108 116 134 117 128 96 103 109 78 87 105 146 146 86 70 94 110 66 149 81 131 142 110 78 157 91 148 122 72 85 100 112 94 99 97 138 98 77 109 113 88 91
internal_value=0 0.0109593 0.00398379 0.0110984 0.000617087 -0.00743459 0.021325 0.00197824 -0.00320706 0.00170134 0.00855656 0.0171987 0.00135013 -0.0115012 0.00202301 0.000771726 -0.00403749 -0.00698941 -0.0212045 -0.0309476 -0.00160915 0.00393608 -0.00221973 -0.00915297 -0.0149474 0.0100413 0.00386651 0.00337225 0.00458176 0.00604868 -0.00533746 -0.0106152 0.00824541 0.000628605 0.0112837 0.00771007 -0.0111565 0.0133935 0.00913848 0.0147857 0.0244416 0.00738042 0.000922256 0.0242279 -0.00473846
internal_weight=0 86.0479 64.0816 53.1821 929.216 133.725 37.6928 795.491 108.861 81.7946 59.6143 37.6861 765.97 37.3092 728.661 631.248 221.349 190.499 51.4976 36.4339 139.002 98.681 80.5233 59.3697 40.3208 97.4123 65.092 409.899 376.073 343.517 55.325 32.5568 288.192 82.5212 205.67 162.99 37.51 125.479 103.146 74.8557 42.6809 63.1038 46.4415 44.164 45.5377
internal_count=5018 629 481 327 4389 653 225 3736 519 386 283 174 3620 192 3428 3003 1057 929 274 204 655 427 361 280 228 425 279 1946 1789 1626 270 163 1356 407 949 760 193 567 470 332 189 307 222 186 201
is_linear=0
shrinkage=0.05


Tree=154
num_leaves=46
num_cat=0
split_feature=57 40 9 22 12 8 26 26 54 2 8 22 4 24 67 18 35 6 42 41 0 51 6 22 22 51 20 22 41 0 3 58 18 22 22 8 38 26 22 20 38 26 2 8 9
split_gain=3.65353 5.93603 5.27285 5.2631 4.69367 4.58443 4.34978 6.41748 5.0777 4.20746 3.91123 5.14582 4.21225 3.88704 3.62049 4.01155 5.99644 5.16162 5.03419 5.2365 4.60594 4.25798 3.64927 3.50213 3.66247 3.15474 6.38582 4.47244 4.44528 3.08725 5.49778 4.55957 10.1796 4.32147 7.15219 4.54891 2.94835 2.87789 2.76446 2.71421 2.59009 3.9181 2.25836 2.048 0.589801
threshold=63.687500000000007 -2.7499999999999996 0.49961389961389979 1.5733110562994257 0.27083333333333343 -0.926086956521739 0.005582564217429759 0.00081118825799048478 6.5000000000000009 61.500000000000007 1.233913043478261 1.0648345582071237 0.62500000000000011 0.87500000000000011 1.0000000180025095e-35 12.500000000000002 82.750000000000014 -2.3351351351351339 1.5894736842105266 -0.093073593073593058 84.250000000000014 34.500000000000007 0.34285714285714264 2.1463386990484277 1.9464435638221227 77.500000000000014 1.6370967741935518 0.89712928493674859 -0.14550264550264547 86.750000000000014 32.500000000000007 0.056951373111866731 8.5000000000000018 1.1679879216624778 1.3135095209564973 1.3800000000000003 1.5000000000000002 0.0045251421710948954 1.1506422282291213 2.7500000000000004 1.5000000000000002 0.0045251421710948954 76.250000000000014 0.68608695652173923 0.78223938223938261
decision_type=2 2 2 2 2 2 2 2 2 2 2 2 2 2 2 2 2 2 2 2 2 2 2 2 2 2 2 2 2 2 2 2 2 2 2 2 2 2 2 2 2 2 2 2 2
left_child=1 -1 -3 10 5 13 7 -5 9 -9 11 44 -13 -2 15 16 18 42 43 21 -17 22 -20 24 29 26 -6 -28 -29 31 33 37 -33 -31 -35 -36 -16 -19 -39 -37 41 -32 -18 -7 -4
right_child=4 2 3 6 25 14 -8 8 -10 -11 -12 12 -14 -15 36 20 17 23 19 -21 -22 -23 -24 -25 -26 -27 27 28 -30 30 40 32 -34 34 35 39 -38 38 -40 -41 -42 -43 -44 -45 -46
leaf_value=0.027202424938276404 0.031190230008177666 -0.015978665475743618 0.027934803699100758 0.014914632072632201 0.0091293381468939543 0.019352893457383644 0.018557672456273662 -0.030482550304135859 -0.04854881304541675 0.010688506905343084 0.02895468710600993 0.010479554536774627 -0.016065989829153329 0.0027179750470818181 -0.028940045974936868 0.0035247670029820775 0.031071506567933116 -0.028216049283879892 0.006438000753885665 0.0041337390492817054 -0.026724113797983604 -0.034162032266129565 -0.023161101870902159 -0.017516041317023407 0.02393492779151779 0.0017342410436516596 -0.00073155138976733287 -0.016276329702591682 -0.056826787733155283 -0.018691648024331001 0.033997260969496769 0.023042096276007128 -0.016550929500588465 0.028125848717818303 -0.023250483701098876 -0.0094687476171329207 0.00043626762668407876 0.0069980766024738605 -0.016773754564536558 0.015291641421218617 0.0011471678286914095 0.0058374628197445967 0.0098975161736729409 -0.0026284414939379479 0.014097662172144421
leaf_weight=28.466019488871098 20.433730151504278 29.689933836460114 19.0269098225981 14.709007598459719 14.120375027880071 18.250550169497728 13.999063688330351 10.790056555531921 12.049615476280449 12.307667652610688 26.81170469801873 31.166916407644749 26.928511802107096 27.679501391947269 18.886731950100511 22.416932914406061 21.746748127043247 19.657483634538949 18.914923787117004 30.181097079068422 27.097030363976955 31.144041765481234 21.263773957267404 19.844930076040328 19.805315500125289 26.707910942845047 10.161134909838436 13.341503348201512 15.457736611366274 24.306641625240445 30.871786472387612 36.378265971317887 27.767822921276093 22.85366665199399 19.736611515283585 18.026490483433008 14.920169815421103 22.255647521466017 25.045422330498695 25.698721928521991 18.53611225169152 20.965204128995538 31.494137786328793 23.111144800204784 19.212198425084352
leaf_count=138 93 138 77 106 65 77 103 155 152 94 132 127 125 133 111 112 79 94 78 126 136 149 98 120 84 152 49 82 152 112 134 142 133 77 81 86 79 98 115 109 89 102 123 109 87
internal_value=0 0.00613906 0.00325979 0.006383 -0.000869954 0.000484362 -0.00521242 -0.0121204 -0.0235341 -0.0090113 0.0123892 0.00752855 -0.00188854 0.015199 -0.000659572 0.000253374 0.00149391 0.00459964 -0.00728092 -0.0132351 -0.0132306 -0.0205405 -0.00940878 0.00237853 0.00361709 -0.0122634 -0.0192082 -0.02945 -0.039218 0.00225543 0.00647292 -0.00357193 0.00591193 -0.000502985 0.00477439 -0.00394072 -0.0163352 -0.0126107 -0.00567554 0.00510026 0.017292 0.0229342 0.0189596 0.00729855 0.0215192
internal_weight=0 245.158 216.692 187.002 759.079 679.291 63.8554 49.8563 35.1473 23.0977 123.146 96.3345 58.0954 48.1132 631.177 597.371 547.857 404.991 142.866 101.504 49.514 71.3227 40.1787 351.75 331.905 79.7887 53.0807 38.9604 28.7992 312.1 180.995 131.105 64.1461 110.622 86.3155 63.4618 33.8069 66.9586 47.3011 43.7252 70.3731 51.837 53.2409 41.3617 38.2391
internal_count=5013 1434 1296 1158 3579 3079 610 507 401 249 548 416 252 226 2853 2663 2415 1778 637 451 248 325 176 1576 1456 500 348 283 234 1372 790 582 275 465 353 276 190 307 213 195 325 236 202 186 164
is_linear=0
shrinkage=0.05


Tree=155
num_leaves=45
num_cat=0
split_feature=18 58 26 58 59 8 8 59 26 4 2 2 41 23 12 59 11 8 8 37 11 41 20 5 39 0 37 22 25 65 10 26 26 1 7 39 6 0 59 6 22 24 25 59
split_gain=5.68647 6.7505 5.74701 4.8318 5.17626 3.23404 4.41256 3.00514 5.56864 5.44266 4.41496 4.01414 3.5805 4.73084 3.4381 5.61236 4.31027 4.14077 3.4301 3.41257 3.13498 5.90745 4.15102 5.148 3.98829 3.88991 3.42434 7.25524 3.29272 4.89251 3.184 3.01764 5.29329 2.93187 2.88576 2.86389 2.82276 4.70641 2.7526 2.18099 2.0302 1.89131 1.8636 1.55429
threshold=4.5000000000000009 -0.53493989022977317 0.0049011754473450948 0.86548282553247169 0.96407344085605606 3.0547826086956524 2.6113043478260871 -0.30164489695395946 0.0065565611085578153 2.7500000000000004 78.250000000000014 76.250000000000014 -0.41042780748663094 0.62500000000000011 0.10416666666666667 -0.57077231802681661 -0.088495288495288857 0.75830927374007751 1.0565217391304349 6.7500000000000009 -1.1587223587223585 -0.37797619047619041 2.7500000000000004 1.0000000180025095e-35 1.5000000000000002 82.750000000000014 5.7500000000000009 1.1816170682339588 0.76388888888888895 -1.1463211661045005 0.60154440154440125 0.025823020496168043 0.010634513332065951 81.500000000000014 0.69020979020979034 1.0000000180025095e-35 -1.712915523707384e-16 81.750000000000014 -0.73865259438682551 0.68571428571428628 1.7031875194461945 0.37500000000000006 0.44722222222222224 0.16587474750015932
decision_type=2 2 2 2 2 2 2 2 2 2 2 2 2 2 2 2 2 2 2 2 2 2 2 2 2 2 2 2 2 2 2 2 2 2 2 2 2 2 2 2 2 2 2 2
left_child=1 2 -1 4 35 6 7 8 14 10 11 20 -10 31 17 16 18 -2 -16 -19 25 -22 23 36 28 26 -9 -28 29 -24 -25 32 -14 -11 -34 -3 -23 41 -21 -31 -29 -38 -37 -13
right_child=5 3 -4 -5 -6 -7 -8 9 12 33 -12 43 13 -15 15 -17 -18 19 -20 38 21 22 24 30 -26 -27 27 40 -30 39 -32 -33 34 -35 -36 42 37 -39 -40 -41 -42 -43 -44 -45
leaf_value=-0.02807000309338439 0.018213209885782285 0.0083006380136607504 0.0070726045640189319 -0.0099308297511594076 -0.0025864311669647521 0.01692777605826256 -0.027458249525804741 0.0027195510520325772 0.0015104414429537322 0.0050054034516440159 0.017534246042737178 -0.028244651960068902 -0.02280367291152598 -0.041057189773128 -0.0080420097210100495 -0.033921814767680823 -0.025462893046680618 0.0099837814479678769 0.018208160550021269 -0.00075345664164331411 0.022360034526645058 -0.012067162091691466 0.033195382806114677 -0.038940451750563959 -0.010951632150836105 0.0090023212887512735 0.0024022516826006559 -0.046158588032544662 -0.0048004382529211222 -0.0075758674027249341 -0.0098756178481334989 -0.027248104424400416 -0.0086573279273589494 0.033490833348718864 0.018541652290527844 0.018792097609769853 0.028376614592261318 -0.013292149196349946 -0.025250638478271137 0.015610433937317425 -0.019583634350980612 0.0048162927037308225 0.039280915749611144 -0.0066591011174492358
leaf_weight=18.827010517939925 38.912300903350115 18.781593713909388 27.416242824867368 15.809186657890676 20.587578354869038 20.933979582041502 16.384109363891184 22.4556954363361 31.722220223397017 18.947923980653286 29.030697714537382 17.962748967111111 28.246167058125138 17.069749145768583 23.069477544166148 15.931878916453568 13.351444018073378 36.845056444406509 24.965468375012279 30.444041999988258 30.609297145158052 28.847954023629427 26.104364871047437 15.09034010954201 25.575111174955964 24.204437611624599 21.483024828135967 17.606586592271924 23.410395938903093 17.395130278542638 25.109750969335437 24.728614509105682 17.987985122948885 17.020080879330635 19.218734063208103 21.656288288068026 18.250908779911697 17.735605275258422 17.458403058350086 21.87119129858911 15.794431752525268 16.153425293043256 31.91017758147791 16.312969889491796
leaf_count=145 140 98 122 104 125 117 115 97 144 114 125 97 155 84 136 123 108 132 125 127 128 135 119 92 135 97 91 81 109 80 125 146 81 88 84 132 82 94 94 105 99 92 129 72
internal_value=0 0.00836198 -0.00752631 0.0151254 0.0194481 -0.00202824 -0.00253018 -0.00199067 -0.00555951 0.000613747 -0.000963275 -0.00233937 -0.0132164 -0.0175459 -0.000225684 -0.00843447 -0.00138192 0.00493334 0.00569423 -0.00130548 -0.000791486 0.00206336 -0.000657601 -0.00707713 0.00614781 -0.00822136 -0.0136578 -0.0202874 0.0111408 0.0168359 -0.0214663 -0.0126942 -0.00686827 0.019026 0.00550959 0.025668 0.000239974 0.0071482 -0.0100154 0.00540576 -0.0345266 0.0177631 0.0314937 -0.0184514
internal_weight=0 154.988 46.2433 108.745 92.9356 844.242 823.308 806.924 339.952 466.972 431.004 401.973 138.973 107.251 200.978 77.3183 61.3864 123.66 48.0349 84.7475 367.698 266.153 235.544 121.188 114.356 101.544 77.3397 54.884 88.7811 65.3707 40.2001 90.1815 65.4529 35.968 37.2067 72.3481 80.9879 52.1399 47.9024 39.2663 33.401 34.4043 53.5665 34.2757
internal_count=5023 855 267 588 484 4168 4051 3936 1679 2257 2055 1930 694 550 985 492 369 493 261 353 1761 1296 1168 620 548 465 368 271 413 304 217 466 320 202 165 359 403 268 221 185 180 174 261 169
is_linear=0
shrinkage=0.05


Tree=156
num_leaves=45
num_cat=0
split_feature=27 7 49 6 48 54 54 10 65 19 38 26 7 9 38 26 18 46 7 42 46 29 9 26 35 42 46 57 37 37 7 41 45 53 36 41 26 46 38 8 11 10 18 59
split_gain=2.68863 2.80186 5.3808 4.40912 4.35359 5.06123 4.57594 4.29914 5.77915 3.93398 4.11031 3.81519 4.61383 4.25801 4.26507 4.82039 3.54719 3.39866 3.3794 7.46969 4.05925 3.45419 3.21987 4.57567 13.3311 4.18265 3.56771 3.3775 3.07027 4.21492 3.65962 3.06916 3.05113 4.35895 4.24161 2.95024 2.93487 2.81469 2.70533 2.63802 2.09564 1.93845 1.27488 1.02791
threshold=0.22333333333333336 -0.33146853146853134 87.500000000000014 0.34285714285714264 1.5000000000000002 34.500000000000007 10.500000000000002 -0.78532818532818538 1.8921732736060097 0.75000000000000011 2.5000000000000004 0.0070459939692683968 0.79860139860139878 2.2540540540540546 1.5000000000000002 0.005175177875778419 9.5000000000000018 47.500000000000007 0.92517482517482541 1.1180555555555558 4.5000000000000009 0.90277777777777779 1.0416988416988422 0.0092583744749495569 81.750000000000014 1.2792207792207795 58.500000000000007 72.937500000000014 5.7500000000000009 6.7500000000000009 0.39860139860139882 -0.25543478260869562 18.500000000000004 1.5000000000000002 73.750000000000014 -0.080128205128205107 0.013802984225098052 28.500000000000004 1.0000000180025095e-35 0.73687370600414093 -1.8794448794448793 -1.9536679536679535 4.5000000000000009 -0.074115882986646633
decision_type=2 2 2 2 2 2 2 2 2 2 2 2 2 2 2 2 2 2 2 2 2 2 2 2 2 2 2 2 2 2 2 2 2 2 2 2 2 2 2 2 2 2 2 2
left_child=-1 3 7 4 5 6 -2 8 9 42 11 13 -13 14 15 35 -7 40 19 37 -20 -21 23 24 -22 -24 27 32 31 43 -31 -23 33 -27 -35 38 -6 -9 -11 -25 -5 -37 -3 -30
right_child=1 2 -4 17 36 16 -8 18 -10 10 -12 12 -14 -15 -16 -17 -18 -19 20 21 22 28 25 39 -26 26 -28 -29 29 30 -32 -33 -34 34 -36 41 -38 -39 -40 -41 -42 -43 -44 -45
leaf_value=0.019188508793451554 0.002057092396399699 -0.010998351184415181 -0.024344289160831353 0.01337773423612628 0.035118374661900514 -0.018664860772233113 0.0303463815209432 -0.022654691935449268 -0.030177244023297845 0.016341940529092682 -0.024308937600327239 -0.025852589044550581 0.0024303258475436474 -0.018231453730826862 0.023017674126161864 0.022364816983525545 0.0048164852554891677 -0.023620761798650251 -0.026011820270520181 0.029055744895840299 0.011881833712420929 -0.016818298320219988 0.02685490963109401 0.011254361308631687 -0.046003369034266578 -0.013274248621028079 -0.016346348880695315 0.016834581646728977 0.033990784165862049 0.021260477738813524 -0.0097966956358388271 0.0089238008643140621 -0.015209142733260335 -0.0033364191174142287 0.028296359597457868 -0.027721309042296496 0.0070890589151577608 0.0021143537343148301 -0.0056173166740572282 -0.012107879307633414 -0.0091479905628562442 -0.0021724694126149719 -0.037587389323515165 0.016533159584468406
leaf_weight=16.161640398204327 32.98586643487215 9.9782163696363586 25.505896315909922 18.159319888800383 21.064563922584057 28.593743853271008 24.441932823508978 23.580949372146279 22.345694163814187 22.622268781065941 18.381823691073805 26.934131192043424 29.481514247134328 18.369249030947685 30.421602760441601 22.039012026041746 34.534291405230761 19.925609912723303 15.636678807437418 23.885779935866594 17.126347985118628 18.7918173186481 16.309704269748181 29.522435406222939 21.668874110095203 20.906798715703189 24.079270754009485 36.690951777622104 19.275373764336109 14.546791817992924 23.36550460383296 26.931451555341482 25.695846032351255 18.82925104862079 22.691474291495979 15.263215804472567 17.272728724405169 21.209289651364088 33.662891175597906 19.022289287298918 21.40768126770854 13.998712315224109 9.4798579327762109 20.868985548615456
leaf_count=54 147 107 126 82 85 127 97 109 116 95 113 136 143 128 141 91 144 92 118 86 73 85 125 136 133 138 120 159 83 78 125 120 139 148 111 95 93 84 149 103 100 92 85 93
internal_value=0 -0.000775025 -0.00221095 0.00420366 0.00853807 0.0037906 0.0144107 -0.00140934 -0.00636955 -0.00413543 -0.00226535 -0.000256343 -0.0112877 0.00376984 0.00680836 0.00205517 -0.00594456 -0.00732248 0.00153757 0.00657576 -0.00208902 0.0119869 -0.00051105 -0.00822264 -0.0207932 0.00359087 0.000880381 0.00430728 0.00848662 0.0144525 0.00235994 -0.00178947 -0.00103894 0.00494151 0.0142101 -0.00337505 0.0229911 -0.0111359 0.00333981 0.00204024 0.00126514 -0.0159746 -0.0251565 0.0255379
internal_weight=0 977.506 759.12 218.386 158.893 120.556 57.4278 733.614 272.978 250.632 231.174 212.793 56.4156 156.377 138.008 107.586 63.128 59.4926 460.636 192.456 268.18 147.666 252.543 87.3399 38.7952 165.203 148.894 124.814 123.78 78.0567 37.9123 45.7233 88.1234 62.4275 41.5207 85.5471 38.3373 44.7902 56.2852 48.5447 39.567 29.2619 19.4581 40.1444
internal_count=5004 4950 3983 967 693 515 244 3857 1491 1375 1183 1070 279 791 663 522 271 274 2366 863 1503 670 1385 445 206 940 815 695 584 379 203 205 536 397 259 431 178 193 244 239 182 187 192 176
is_linear=0
shrinkage=0.05


Tree=157
num_leaves=50
num_cat=0
split_feature=59 11 49 12 12 8 9 11 53 40 42 19 44 51 22 51 18 62 11 22 61 25 58 26 42 22 12 58 58 9 3 10 53 25 50 9 21 6 10 3 53 49 8 9 19 0 51 55 61
split_gain=3.3485 2.77682 4.76362 2.67434 5.04734 2.083 4.35287 3.56317 2.35054 2.33027 5.11602 5.02755 4.78848 3.709 3.53925 5.22605 4.33339 2.61255 5.48041 6.10722 5.52386 6.90881 3.50718 4.69316 4.13541 2.44568 3.11584 4.59581 5.90577 4.51856 4.51407 4.03722 3.93995 3.19381 5.19174 4.83273 4.68209 4.32755 7.17904 4.06964 4.48302 4.59482 3.06586 2.62583 2.44337 2.32349 1.64551 1.64444 1.49253
threshold=0.99855310097228334 -3.1398223398223393 64.500000000000014 0.43750000000000006 0.56250000000000011 -2.2965886287625414 -0.43474903474903476 2.4380052380052382 16.500000000000004 0.75000000000000011 0.29670329670329676 1.0000000180025095e-35 5.0000000000000009 3.5000000000000004 1.0309633782949601 66.500000000000014 7.5000000000000009 1.5000000000000002 -0.27307827307827304 1.0686314721265771 2.5000000000000004 0.52272727272727282 0.62587949062545845 0.0044734728194162649 1.8397435897435901 0.72745725817073137 0.062500000000000014 0.57077594689671507 0.19337368024598436 0.65096525096525115 27.500000000000004 -0.4841698841698841 2.5000000000000004 0.63068181818181823 3.5000000000000004 0.92586872586872604 0.52243118397129218 -1.712915523707384e-16 -3.4602316602316594 42.500000000000007 1.0000000180025095e-35 42.500000000000007 0.92608695652173934 1.336679536679537 1.7500000000000002 80.750000000000014 28.500000000000004 6.5000000000000009 1.5000000000000002
decision_type=2 2 2 2 2 2 2 2 2 2 2 2 2 2 2 2 2 2 2 2 2 2 2 2 2 2 2 2 2 2 2 2 2 2 2 2 2 2 2 2 2 2 2 2 2 2 2 2 2
left_child=1 2 -1 5 -5 -3 -7 8 9 17 -11 46 14 -14 -13 16 -16 25 19 -19 21 -20 23 24 -21 -8 27 28 30 32 31 -27 -28 37 35 -35 -37 38 -31 40 -39 -42 -38 -33 -41 -29 -12 -32 -44
right_child=-2 3 -4 4 -6 6 7 -9 -10 10 11 12 13 -15 15 -17 -18 18 20 22 -22 -23 -24 -25 -26 26 29 45 -30 33 47 43 -34 34 -36 36 42 39 -40 44 41 -43 48 -45 -46 -47 -48 -49 -50
leaf_value=-0.024049507556504632 0.022053099399753182 0.018128307360055246 0.009411219171571129 -0.033309040960859196 0.0073284798380817045 -0.019546121553738902 0.017067925715583337 0.019940962460783307 0.018890181546603161 0.024761116768460614 -0.0038418122052164259 -0.044909984386670626 0.015923399293151206 -0.015910622207835408 -0.052777720115231477 0.010995814066997935 -0.0047178621202463378 0.019355880948509707 -0.011193588189347844 -0.039644911608078107 -0.018749711821999162 0.02637969246017929 -0.035376572204447551 0.0077538695570456605 -0.0055287014714069192 -0.016918213098070685 -0.00024265473368985515 0.0069260836274676468 -0.021936444377703417 0.013520105224615261 0.029449439040107789 -0.0039910681288055526 -0.030933861287865135 0.01994821795631261 -0.023488453231372192 -0.02244120545177495 -0.012880158477736055 -0.017723206787963346 -0.022495382354744908 0.030456712077231586 -0.0062804231814904176 0.028091321434775884 0.019462041749300447 0.020038699355135577 0.007728056600239972 0.026411192428408971 0.023915768931079731 0.0087851210337624268 0.00098189830718705762
leaf_weight=28.285406185314059 16.64943137858063 16.702126508578658 16.016590844839811 14.96445685811341 14.08489911817014 24.528835345059633 28.709901299327612 24.169015968218446 16.679350668564439 10.982207328081129 9.0306172543205339 15.40428579226136 15.826859262771903 19.064469436649233 9.4746955023147184 11.363385916221889 8.8829685188829881 12.167097624391316 17.650251286104321 16.167201892938465 15.957901043817399 35.738505286164582 19.731025702320039 20.673739060759544 19.196183452382684 24.879062622785568 20.458781071007252 27.530768353492022 20.701587095856667 25.843169584870338 20.325342610478401 22.574112094938755 20.423599924892187 24.575299188494682 26.338649045675993 25.284184796735644 20.536630228161812 17.458372639492154 27.642113860696554 31.982665037736297 17.572647988796234 19.959324209019542 20.763296881690621 21.353169282898307 19.786505192518234 36.283531177788973 11.258260422851889 19.751355994492769 22.16564810834825
leaf_count=144 81 86 79 105 69 122 111 109 69 32 112 112 115 137 86 77 83 53 102 121 90 154 139 92 97 109 89 118 89 96 90 88 95 101 129 134 92 105 144 147 115 95 83 83 103 129 70 83 94
internal_value=0 8.05271e-05 -0.0120117 0.000660986 -0.0140173 0.00114255 0.000806382 0.0014004 0.000849206 0.000465046 -0.00623579 -0.00984048 -0.0154477 -0.00142924 -0.026021 -0.0150878 -0.0309674 0.00150772 -0.00417164 -0.0123992 0.0062893 0.0139806 -0.0176843 -0.0109437 -0.021787 0.00309919 0.00231796 0.00736934 0.00191663 -0.000561872 0.0066101 -0.00120311 -0.0159476 0.00158147 -0.00393065 0.0007806 -0.00469015 0.00638023 -0.00516457 0.0121583 0.00258954 0.012253 0.00262015 0.0078759 0.0220807 0.0182415 0.0119607 0.0197271 0.0101597
internal_weight=0 986.9 44.302 942.598 29.0494 913.549 896.847 872.318 848.149 831.469 111.288 100.306 80.0167 34.8913 45.1253 29.721 18.3577 720.182 157.282 87.9352 69.3467 53.3888 75.7682 56.0371 35.3634 562.9 534.19 193.399 129.585 340.791 108.883 68.8063 40.8824 299.909 139.664 113.325 88.7498 160.245 53.4853 106.76 54.9903 37.532 63.4656 43.9273 51.7692 63.8143 20.2889 40.0767 42.9289
internal_count=5058 4977 223 4754 174 4580 4494 4372 4263 4194 824 792 610 252 358 246 169 3370 848 502 346 256 449 310 218 2522 2411 789 542 1622 453 280 184 1438 633 504 403 805 240 565 315 210 269 171 250 247 182 173 177
is_linear=0
shrinkage=0.05


Tree=158
num_leaves=50
num_cat=0
split_feature=49 41 1 45 4 36 6 10 59 23 22 59 52 12 65 18 59 57 65 49 49 24 42 59 35 7 10 18 2 59 57 3 59 9 9 42 3 46 58 38 9 11 3 41 35 36 11 11 49
split_gain=3.48827 4.23317 3.43947 4.38129 4.10246 5.31633 5.40867 4.09682 5.17659 3.88842 3.48033 3.47962 3.11475 4.42314 3.78242 2.59536 2.63609 2.33725 3.14048 3.45275 3.73351 8.96832 3.36364 3.2454 3.42851 5.34628 7.31139 4.40463 5.01432 5.44117 5.84527 9.9999 4.23741 7.49815 4.52625 4.0393 3.23201 2.72165 4.72582 2.06903 4.18927 3.84672 3.07467 3.11238 2.65927 2.05422 1.73143 1.62117 1.50843
threshold=84.500000000000014 -0.2696969696969696 87.250000000000014 41.500000000000007 3.7500000000000004 78.750000000000014 -4.2857142857142838 1.4525096525096526 0.080547328232315238 0.37500000000000006 1.1862892563345437 -0.20180761162458913 9.5000000000000018 0.18750000000000003 -0.78079797239534343 14.500000000000002 0.99445195900249039 71.937500000000014 3.3161630850968882 18.500000000000004 10.500000000000002 0.37500000000000006 1.4365079365079367 -0.41399101439218416 76.750000000000014 2.0349650349650354 0.92895752895752881 4.5000000000000009 69.250000000000014 0.29958852271690523 64.937500000000014 62.500000000000007 0.91511078773075516 1.0046332046332049 1.2563706563706567 2.1380952380952385 42.500000000000007 5.5000000000000009 0.40614137006726808 1.5000000000000002 1.43938223938224 -0.49686529686529707 17.500000000000004 -0.15587044534412953 89.250000000000014 73.250000000000014 -1.1285579285579288 -0.18164538164538122 58.500000000000007
decision_type=2 2 2 2 2 2 2 2 2 2 2 2 2 2 2 2 2 2 2 2 2 2 2 2 2 2 2 2 2 2 2 2 2 2 2 2 2 2 2 2 2 2 2 2 2 2 2 2 2
left_child=2 -2 4 12 5 6 -1 8 10 -5 -7 -6 13 39 -15 16 17 18 19 20 23 -22 -21 -8 25 37 -27 45 32 -30 -31 -32 33 -29 -35 -36 -24 38 -25 40 42 -41 -4 -44 -42 -26 -39 -11 -12
right_child=1 -3 3 9 11 7 15 -9 -10 47 48 -13 -14 14 -16 -17 -18 -19 -20 22 21 -23 36 24 27 26 -28 28 29 30 31 -33 -34 34 35 -37 -38 46 -40 41 44 -43 43 -45 -46 -47 -48 -49 -50
leaf_value=-0.025304921065485316 -0.025677504169326348 0.0020865009486230159 0.010927926932887402 0.025650544097280861 -0.0010839801768017777 -0.034059427191280738 0.022385946305590633 -0.036127647501433276 0.0097909310715562463 -0.0058806344299188055 -0.017788850318289539 0.032053725869452383 -0.014525698594736854 -0.0003701357945539779 -0.039443312945705529 0.018919920680902258 -0.01524421677588751 0.016564918170114819 -0.017306478875691072 0.027690820385377336 0.010566811561367616 -0.039032684905810064 0.015734784739022827 -0.017518784575773057 -0.0072933166100914411 -0.040730714860819445 0.015701151522447207 -0.038629933569711873 -0.012301730999730948 0.034473448054569027 0.022933326193397826 -0.020650000054078577 0.012413833751018191 0.018075039566317144 -0.033295553262914841 0.00065144982690797473 -0.011990429257052982 0.007247330162051451 0.018678982283573019 -0.00050090712101349803 0.0035639120896191895 0.026881822640641647 -0.00081211043101574827 -0.027517891993305905 0.027716192102001505 -0.034954916364595218 0.029223601706313593 0.013008993046619325 0.0023900293561925716
leaf_weight=20.064799197018147 27.884099215269089 25.900701005011797 17.942807722836733 39.899282244034111 15.231465183198454 18.636665896512568 15.498867356218396 15.340386770665644 25.677590262144804 20.803245715796947 17.15483505371958 15.365500830113886 26.809357678517699 15.800287453457715 9.2074654670432192 17.523571409285069 26.309680894482881 21.215246627107263 23.907622693106532 20.788425382226706 16.373899891972542 18.633401524275541 22.190413487143815 14.950661498121915 13.300668313633652 11.123399477917703 10.125597710721193 21.969937168061733 27.23079283349216 22.018468674272299 29.318710681051016 22.283677101135254 16.698391113430262 15.12391361966729 14.292921706568448 20.433876228518784 18.270295073278248 14.333739807829259 19.778791164513677 23.000358805060387 27.71806587651372 27.890402095392346 23.574032921344042 19.410000678151846 18.777557420078665 14.063854208216069 27.27337431628257 22.911506615579128 18.481214434839785
leaf_count=89 129 118 65 156 68 117 94 104 113 96 102 111 137 139 85 73 145 89 126 85 78 112 97 109 80 134 65 109 133 91 129 101 71 63 123 88 81 88 99 98 122 103 98 106 73 82 134 84 80
internal_value=0 -0.0125134 0.000459902 0.00495233 -0.00154102 -0.00241866 -0.000471488 -0.0132344 -0.00844973 0.0145595 -0.0171008 0.0160452 0.00107865 0.0034271 -0.0157197 0.000543144 -0.000140789 0.000733018 -4.84798e-05 0.000958142 -0.000896535 -0.0161844 0.0118424 0.00077015 -0.000363319 0.00737389 -0.0143427 -0.00386488 -0.00110661 0.00648727 0.0135086 0.00407778 -0.0097343 -0.0149835 -0.00400747 -0.0138614 0.00322805 0.0135262 0.00304204 0.00653129 0.00254482 0.0147349 -0.00604893 -0.0132229 0.0136962 -0.022241 0.0220005 0.0040892 -0.00754429
internal_weight=0 53.7848 954.729 293.744 660.985 630.388 535.097 95.2907 79.9503 83.614 54.2727 30.597 210.13 183.321 25.0078 515.032 497.509 471.199 449.984 426.076 364.827 35.0073 61.2491 329.82 314.321 97.5856 21.249 216.735 189.371 100.852 73.6209 51.6024 88.519 71.8206 49.8507 34.7268 40.4607 76.3366 34.7295 158.313 107.422 50.8908 60.9268 42.984 46.4956 27.3645 41.6071 43.7148 35.636
internal_count=5072 247 4825 1362 3463 3284 2768 516 412 336 299 179 1026 889 224 2679 2606 2461 2372 2246 1983 190 263 1793 1699 629 199 1070 908 454 321 230 454 383 274 211 178 430 208 665 464 201 269 204 195 162 222 180 182
is_linear=0
shrinkage=0.05


Tree=159
num_leaves=48
num_cat=0
split_feature=27 52 27 60 19 39 2 57 54 28 52 37 52 7 45 65 27 46 26 26 22 22 0 54 57 0 41 39 7 7 22 22 45 45 6 46 54 5 37 22 5 52 46 21 1 58 50
split_gain=2.80572 6.63028 3.35442 2.51726 4.73494 4.64713 4.39267 4.05967 3.66514 3.6476 4.67693 4.22054 4.32066 4.69706 6.09211 4.48746 4.0413 4.96455 4.62734 5.62128 4.67162 5.2595 3.96049 3.18646 3.18266 6.20995 5.65566 4.62285 4.44634 3.46702 2.88276 3.02584 4.16753 4.32594 5.28736 3.84325 3.71396 3.79931 2.80634 2.71007 2.56845 4.40595 4.01514 2.55202 1.5886 1.58093 1.36378
threshold=0.65000000000000002 2.5000000000000004 0.75000000000000011 10.500000000000002 0.75000000000000011 1.5000000000000002 76.250000000000014 62.812500000000007 6.5000000000000009 32.500000000000007 1.0000000180025095e-35 5.7500000000000009 9.5000000000000018 2.6006993006993011 16.500000000000004 -0.21920354383512752 0.99691358024691368 6.5000000000000009 0.0031388349114512605 0.024207261798604152 1.7031875194461945 1.2794372481516454 82.250000000000014 58.500000000000007 62.812500000000007 79.750000000000014 0.07417582417582419 1.0000000180025095e-35 0.51490614648509403 0.87692307692307703 0.92925365826200312 1.3702920998562937 31.500000000000004 19.500000000000004 -3.4258310474147679e-16 56.500000000000007 31.500000000000004 1.0000000180025095e-35 6.7500000000000009 1.5883204893621297 1.0000000180025095e-35 1.0000000180025095e-35 14.500000000000002 0.4401131486960887 85.500000000000014 -0.11692013674435776 1.0000000180025095e-35
decision_type=2 2 2 2 2 2 2 2 2 2 2 2 2 2 2 2 2 2 2 2 2 2 2 2 2 2 2 2 2 2 2 2 2 2 2 2 2 2 2 2 2 2 2 2 2 2 2
left_child=1 -1 -2 4 6 40 8 -7 -4 11 -11 16 13 24 -15 39 -6 -18 -19 20 21 23 -21 -20 25 27 30 -13 -28 -29 -26 32 33 34 -32 36 -33 45 -10 -14 41 -5 -42 -43 -12 -38 -45
right_child=2 -3 3 5 9 7 -8 -9 38 10 44 12 15 14 -16 -17 17 18 19 22 -22 -23 -24 -25 26 -27 28 29 -30 -31 31 35 -34 -35 -36 -37 37 -39 -40 -41 42 43 -44 46 -46 -47 -48
leaf_value=0.0042458940528622919 0.023951667071777566 -0.029625308182685047 -0.029627925245193261 -0.0027518175897215807 0.017500569799782352 0.008422416849553872 -0.042982500278601343 -0.025210552811043341 -0.011544424720755793 0.0071682603457224742 -0.032971751222772169 -0.015677328679963905 -0.027624844106424164 -0.034135994804387511 0.0065829260208292622 0.0095905681845313631 -0.030377554458758407 -0.022965455018645147 -0.0042847536345386123 -0.0012332644404318078 0.028396598123981365 -0.021113576940254921 -0.030919426624435364 0.018593660208577164 0.026429255304303345 0.040808972330138284 -0.02970560354180787 0.0038441315179241369 0.0079529435905628925 0.03225775750679593 0.020216986288107072 0.00098213902588499178 0.013415468136692957 -0.02755967528527091 -0.013964295073443734 -0.0062858104576131299 0.035941031194396893 0.004234245214921952 0.022755868105378052 -0.00019190596804474053 0.016268975188234707 0.0071136110695866174 -0.016503282013064637 0.017642995282451623 -0.011298260732176373 0.01728575857168476 0.036342375876073967
leaf_weight=35.711137432605028 15.894325500354169 23.027088833972812 10.142210304271428 23.111612427048385 19.385724026709795 16.697320354171097 10.098221209831534 17.488035181537271 11.288275171536954 22.309676504228264 16.021655754186213 13.709934893064199 23.913570947945118 14.420188937801866 22.081650848966092 23.693952584639192 17.742915846407413 24.19967900402844 26.48423308879137 25.839954315684736 19.236315967515111 18.60674099996686 18.997519379481673 33.817826692014933 19.988109581172466 20.136330467648804 17.467344397678975 23.984973562881351 13.020741071552036 18.904205761384219 19.130905464291573 30.193903003819287 37.071245327591896 17.889878425747156 24.83498340845108 23.21937058493495 32.066939122974873 22.704976156353951 10.675259845331309 14.118814368732272 17.979551535099745 20.276466788724065 17.413314744830132 20.515082917176187 20.078612130135298 22.350921839475632 26.441802056506276
leaf_count=133 61 107 116 113 80 127 73 88 65 102 84 89 138 111 98 101 93 114 117 146 82 94 106 134 77 90 116 125 114 121 78 144 145 98 128 107 129 110 103 76 86 105 82 93 100 97 115
internal_value=0 -0.00930624 0.00187104 0.00146386 0.000260374 0.00714472 -0.0158164 -0.00901055 -0.00623158 0.00122655 -0.0106429 0.00229278 0.00497071 0.00690164 -0.00998454 -0.00724267 -0.00366486 -0.00596582 -0.00320981 0.000270096 0.00696254 0.00144739 -0.0142114 0.00863964 0.00865285 0.0176245 0.0061396 0.00881087 -0.0138807 0.0168176 0.00863215 0.00697393 0.000363901 -0.00754712 0.00102787 0.0119425 0.015908 0.0216642 0.00539201 -0.0177067 0.0115734 0.0160041 0.000134579 0.0223973 -0.0215466 0.028729 0.028711
internal_weight=0 58.7382 935.645 919.751 759.828 159.923 42.204 34.1854 32.1057 717.624 58.4099 659.214 454.903 393.177 36.5018 61.7263 204.311 184.925 167.182 142.983 98.1451 78.9088 44.8375 60.3021 356.675 76.7354 279.939 56.5991 30.4881 42.8892 249.451 229.463 98.927 61.8558 43.9659 130.536 107.317 77.1228 21.9635 38.0324 125.738 90.345 35.3929 67.2334 36.1003 54.4179 46.9569
internal_count=5011 240 4771 4710 3901 809 357 215 284 3544 286 3258 2292 1977 209 315 966 886 793 679 427 345 252 251 1768 425 1343 335 230 246 1113 1036 449 304 206 587 480 336 168 214 594 426 168 313 184 226 208
is_linear=0
shrinkage=0.05


Tree=160
num_leaves=49
num_cat=0
split_feature=27 10 19 0 41 38 26 35 53 59 22 59 59 64 50 26 10 10 22 54 22 41 59 50 22 26 22 2 36 10 11 26 25 52 10 26 8 26 42 9 52 52 26 26 9 27 36 41
split_gain=2.37325 5.11578 5.34053 4.98499 3.68376 4.79887 3.25489 3.21562 2.97038 4.24233 4.65062 3.92873 5.88259 3.53625 3.37384 6.75471 3.9736 6.025 8.90654 6.88086 6.48945 4.85475 4.60509 4.54125 4.01448 3.94603 5.25622 3.45249 3.23914 7.09595 3.09411 4.38165 5.20145 4.54066 5.87675 3.24931 3.24702 2.72988 6.53065 2.97167 2.59056 3.4777 3.36922 2.44096 2.13693 1.88205 1.53119 0.87157
threshold=0.99358024691358027 1.8841698841698844 1.2500000000000002 84.750000000000014 0.31009615384615391 1.5000000000000002 0.00070347386533482206 81.750000000000014 9.5000000000000018 0.2332836900311728 1.1137115731913965 -0.15950993297387572 -0.53495380374625956 1.5000000000000002 4.5000000000000009 0.007638400005225021 -1.5305019305019305 0.14671814671814656 1.4540276491294899 40.500000000000007 1.6923937778759168 0.078461538461538485 -0.12545862287572049 1.5000000000000002 1.1137115731913965 0.0094322929752032932 1.4378852437763541 70.500000000000014 74.250000000000014 -2.2849420849420849 1.8026082026082026 0.0043751133338413789 0.44722222222222224 2.5000000000000004 1.2880308880308877 0.0024369862441807771 0.85639751552795063 0.0052296541475537325 1.8619047619047622 1.3042471042471047 7.5000000000000009 4.5000000000000009 0.0047855086620933142 0.011162070943603544 0.70810810810810831 0.88135802469135816 77.750000000000014 0.64852941176470602
decision_type=2 2 2 2 2 2 2 2 2 2 2 2 2 2 2 2 2 2 2 2 2 2 2 2 2 2 2 2 2 2 2 2 2 2 2 2 2 2 2 2 2 2 2 2 2 2 2 2
left_child=1 2 40 7 6 -6 -2 -4 14 11 -11 12 13 -10 16 27 25 18 19 23 -20 30 -22 -18 -21 28 -27 -16 29 -8 31 33 -33 35 -35 -19 44 38 39 -30 41 42 45 -23 -34 -1 -29 -44
right_child=4 -3 3 -5 5 -7 8 -9 9 10 -12 -13 -14 -15 15 -17 17 21 20 24 22 43 -24 -25 -26 26 -28 46 37 -31 -32 32 36 34 -36 -37 -38 -39 -40 -41 -42 -43 47 -45 -46 -47 -48 -49
leaf_value=-0.014721001330358252 -0.015648856762165063 -0.022038250026305984 -0.014037728337540471 -0.031895780972495694 -0.040070006970518865 0.0026560676008117855 -0.013316778081925294 0.011993380692828062 -0.0081058271307186368 0.00066350753515113698 -0.029417856151775029 0.022473675944774944 -0.027932210548603748 0.018415334078589224 0.019433072794963688 0.033548975533154439 -0.031588254946731169 0.02762388187810217 -0.052227299701420031 -0.0026717652566113233 0.010741287024226163 -0.033023079731554217 -0.030125998841756971 0.003095283550848235 0.025514215769817623 -0.017980548471946921 0.013107948845326251 -0.016908626541044178 0.01217264238882429 0.028582684979954816 -0.0080239663897874614 -0.0032789413249518077 0.024292086758974679 0.011530819177275616 -0.028472865884931225 -0.00094893468633393914 0.03454089665751605 0.029549229387096587 0.031359647412570447 -0.015611847125004489 0.023075499071647555 -0.014784210107344452 0.023618256217990685 0.00010293681659574628 0.00016354725898523148 0.005922003138622095 0.0044295653504344721 0.0090369009978909041
leaf_weight=17.712180084548891 21.187183476053178 30.072122655808926 25.38325883820653 19.875789519399405 10.479953608009966 15.102757934015242 26.489999060053378 20.58420043438673 22.267830532044172 25.838181406259537 24.4731748518534 20.426317621022463 15.631355729885398 26.607180428691208 20.175708209164441 29.145316040143371 18.798787342384458 18.629270182922482 14.883672282099722 22.33184361550957 12.298817811533809 10.163132947869601 13.618936016224325 17.723024822771549 27.576793920248747 25.589567180722952 26.841828001663089 16.037326466292146 18.628694090992212 14.984718673862515 24.946158096194267 22.394234225153923 18.440502420067787 15.469069723039864 20.142898773774505 20.04838040471077 36.382166169583797 36.657199785113335 24.722710680216551 17.890861857682467 17.589581496082246 21.422109857201576 22.558959783986211 11.069342136383055 17.405849453061819 26.025719359051436 15.947505122050641 21.666095763444901
leaf_count=89 131 153 117 106 116 138 141 86 117 114 144 84 87 123 132 128 99 83 91 113 71 106 107 83 119 116 137 82 84 77 127 104 80 74 106 91 134 144 94 94 72 106 92 62 80 145 80 70
internal_value=0 -0.00321055 -0.000175604 -0.0116293 0.00261536 -0.0156956 0.00324178 -0.00237385 0.00379506 -0.00289767 -0.0142573 0.00391897 -0.00220986 0.00641184 0.00526813 0.0146994 0.0038077 0.000572459 -0.0080152 0.001136 -0.0269638 0.00566586 -0.0110545 -0.0151234 0.0130975 0.00954884 -0.00211759 0.003734 0.0139215 0.00213793 0.0081687 0.0105933 0.0176712 0.00146323 -0.0112558 0.0131627 0.0241228 0.0188414 0.0120604 -0.00149224 0.00580824 0.0028477 0.00725962 -0.0165253 0.0128984 -0.00257982 -0.00645775 0.0168325
internal_weight=0 222.89 192.818 65.8432 797.448 25.5827 771.866 45.9675 750.678 135.244 50.3114 84.9327 64.5064 48.875 615.434 81.3059 534.128 342.323 127.232 86.4304 40.8014 215.091 25.9178 36.5218 49.9086 191.806 52.4314 52.1605 139.374 41.4747 193.859 168.912 94.6228 74.2896 35.612 38.6777 72.2285 97.8995 61.2423 36.5196 126.975 109.385 87.963 21.2325 35.8464 43.7379 31.9848 44.2251
internal_count=5129 1036 883 309 4093 254 3839 203 3708 669 258 411 327 240 3039 422 2617 1730 683 414 269 1047 178 182 232 887 253 294 634 218 879 752 398 354 180 174 294 416 272 178 574 502 396 168 160 234 162 162
is_linear=0
shrinkage=0.05


Tree=161
num_leaves=51
num_cat=0
split_feature=57 54 4 58 26 59 57 35 22 0 26 9 1 2 22 22 22 65 50 27 5 47 46 9 59 8 3 7 11 52 40 8 27 6 0 42 58 42 5 11 26 65 59 7 46 26 8 24 42 22
split_gain=1.99059 3.99039 3.19344 5.31329 4.90082 3.27122 3.30997 5.54094 6.14969 3.71044 4.14023 3.14657 3.11397 3.47631 3.75635 2.95315 5.01784 3.84105 4.24674 3.07793 2.73977 3.54809 4.82833 2.96349 2.88758 4.9129 3.9832 3.68369 5.70789 4.19059 5.56375 3.76631 3.13233 4.34124 2.94725 2.68723 3.64595 3.21936 3.52012 3.48392 2.98517 2.49936 2.42866 2.40775 2.39522 2.0951 2.07766 1.78334 1.60506 1.47476
threshold=66.062500000000014 8.5000000000000018 1.0000000180025095e-35 -0.62588817255938378 0.0028085288888051829 0.9863035000474919 59.937500000000007 75.250000000000014 1.1382415120210494 73.750000000000014 0.0039140291514236517 0.94671814671814702 78.500000000000014 70.500000000000014 0.70244946413343545 1.1004978106279562 1.049785099688922 -1.1463211661045005 3.5000000000000004 0.99691358024691368 9.0000000000000018 2.5000000000000004 66.500000000000014 2.3065637065637072 -0.97507822412530132 1.174053295932679 122.50000000000001 2.832167832167833 0.61744741744741749 7.5000000000000009 -1.2499999999999998 1.9069565217391307 0.99691358024691368 -2.5714285714285703 87.250000000000014 1.2264957264957268 -0.63921128368950708 1.6306818181818186 -1.0000000180025095e-35 -1.2576126576126574 0.0036101263219378869 0.31577160873212823 0.8852232634113919 0.47362637362637372 46.500000000000007 0.0028896711448646059 1.2628832951945081 0.37500000000000006 2.2583333333333337 1.4378852437763541
decision_type=2 2 2 2 2 2 2 2 2 2 2 2 2 2 2 2 2 2 2 2 2 2 2 2 2 2 2 2 2 2 2 2 2 2 2 2 2 2 2 2 2 2 2 2 2 2 2 2 2 2
left_child=2 11 3 -1 48 6 7 9 -9 10 -4 -2 -3 -14 -15 16 17 -16 19 -19 21 23 -23 24 25 -17 27 28 29 31 -31 32 -26 -34 47 -8 -37 -38 -39 -40 -41 -22 -6 -36 -21 -10 -24 -35 -5 -45
right_child=1 12 5 4 42 -7 35 8 45 -11 -12 -13 13 14 15 20 -18 18 -20 44 41 22 46 -25 26 -27 -28 -29 -30 30 -32 -33 33 34 43 36 37 38 39 40 -42 -43 -44 49 -46 -47 -48 -49 -50 -51
leaf_value=0.023068987203919547 -0.032719144469916105 -0.019920950835388682 -0.017844366070645729 -0.054502307721460447 -0.015743026068002267 -0.01192685625723295 -0.0052069421279518479 0.0098653005918595393 -0.010687776825807202 0.026808323296321952 0.017030081885523945 -0.0031281517759328397 0.017064127163024422 0.016362497461508974 -0.024553695729571081 -0.026802704240615666 -0.030600391949735774 -0.010788071955863884 -0.019692318876952081 0.0022970257039011664 0.00026053649024089661 -0.027475428296291089 0.01324169927986122 -0.016713210074432622 -0.02145904447040474 0.0078402228183459891 0.022825113181771814 0.021211818419467728 -0.02192264807766477 0.029137294704612335 -0.0044608901371360875 0.018516320255785531 0.01854023307592292 -0.026419853938130785 0.015718780402997228 -0.0062605357588972612 0.030327395346168108 0.025846973300119227 0.021867974644095216 -0.017378556202227984 0.0093207007112301506 0.025071593442843716 0.01560614456587143 -0.017262942109233567 0.023589190260109385 -0.039099096118357157 -0.010897543151090672 -0.0047071288031954525 -0.019529199998065155 0.0036749442304923326
leaf_weight=9.9335323702543956 16.08570496737957 18.152746059931815 15.462188285775481 6.778852433897554 12.401361857075246 23.037292167544365 19.853890534490347 18.155951960012317 12.63946025259793 21.135487534105778 16.61872336640954 19.442934826016426 29.308227764442563 31.014844875782728 17.132821636274457 19.801635033451021 19.510472791269422 18.530056262388825 19.052078850567341 28.010699708946049 19.68913285061717 25.921647321432829 16.404533054679632 20.059569908306003 20.445162203162909 19.454171694815159 25.727722365409136 22.811991777271032 24.183333396911621 29.735935926437378 20.173497985117137 20.683392609003931 22.536139227449894 18.948964243754745 19.392029574140906 18.39631157182157 33.765508173033595 29.643529456108809 19.065411256626248 19.182375454343855 20.829390132799745 19.99787113443017 10.468252689111976 14.704570947214959 24.407269418239594 14.968608998693524 17.277836512774229 18.983755357563496 8.8250472606159729 17.494727077893913
leaf_count=73 81 86 136 133 121 124 91 76 76 85 91 90 124 130 99 107 118 81 95 140 88 127 81 131 107 86 97 99 120 106 115 102 90 110 92 86 141 127 81 95 87 76 64 78 95 88 79 88 79 83
internal_value=0 -0.000981416 0.00374557 -0.00800732 -0.0164121 0.00577877 0.00738901 0.000185555 -0.0124274 0.0110613 0.00019017 -0.0170545 -6.32788e-05 0.000547897 -0.000297049 -0.00124543 -0.00793182 -0.00355873 0.000663864 0.00632795 0.000717516 -0.000554439 -0.011689 0.00145473 0.00266062 -0.00986627 0.00447269 0.00250135 0.000538705 0.00330753 0.015736 -0.000817489 -0.00395148 -0.000595714 -0.00556446 0.0117963 0.0142123 0.0173129 0.012077 0.00485233 -0.00359105 0.0130715 -0.00134073 0.00223227 0.0124673 -0.0269202 0.000901959 -0.0159535 -0.0370901 -0.0061188
internal_weight=0 675.075 331.161 48.407 38.4735 282.754 259.717 98.9804 45.764 53.2164 32.0809 35.5286 639.547 621.394 592.086 561.071 126.643 107.133 90.0001 70.948 434.428 394.741 59.604 335.137 315.077 39.2558 275.821 250.094 227.282 203.098 49.9094 153.189 132.505 112.06 89.524 160.736 140.883 122.486 88.7207 59.0772 40.0118 39.687 22.8696 51.5913 52.418 27.6081 33.6824 37.9327 15.6039 32.1993
internal_count=5055 3201 1854 470 397 1384 1260 552 240 312 227 171 3030 2944 2820 2690 628 510 411 316 2062 1898 287 1611 1480 193 1287 1190 1091 971 221 750 648 541 451 708 617 531 390 263 182 164 185 253 235 164 160 198 212 161
is_linear=0
shrinkage=0.05


Tree=162
num_leaves=50
num_cat=0
split_feature=57 65 46 24 3 52 57 26 52 40 39 22 10 10 26 41 46 65 11 10 11 45 40 10 45 11 41 46 45 12 11 59 58 10 37 10 57 58 15 58 60 3 42 51 10 37 58 1 41
split_gain=2.19347 5.48905 4.1264 2.96244 5.89732 4.29356 4.33503 4.13617 5.06646 6.05356 4.7724 3.88584 3.72791 3.69291 3.57508 3.41562 3.03708 4.67424 3.16721 4.28031 3.49594 4.43356 4.61282 4.40064 3.50962 2.83785 7.5502 3.06155 4.03906 3.37789 5.78175 8.71693 7.57922 4.64593 4.75779 4.88264 3.97529 2.8147 2.72421 2.52657 3.31649 2.10503 2.7785 1.94614 1.8802 1.8096 1.16644 1.13423 0.939695
threshold=74.541675000000012 1.0468179961504429 33.500000000000007 0.62500000000000011 97.500000000000014 13.500000000000002 74.062500000000014 0.013220197791091107 1.5000000000000002 -1.7499999999999998 1.5000000000000002 1.5464450674424397 0.98532818532818545 4.4088803088803097 0.0027210377714066555 -0.2696969696969696 82.500000000000014 3.3542660484426392 0.80800630212394908 1.0000000180025095e-35 -2.1954477954477949 48.500000000000007 -3.2499999999999996 -2.6926640926640917 54.500000000000007 -1.4310230310230312 -0.12771739130434781 53.500000000000007 37.500000000000007 0.10416666666666667 -0.18164538164538122 0.97062204580664158 -0.37447345805034543 1.1583011583011584 7.7500000000000009 -1.5069498069498068 64.031250000000014 0.54219432480460406 7.5000000000000009 0.86548282553247169 9.5000000000000018 92.500000000000014 1.851648351648352 73.500000000000014 2.1583011583011587 6.7500000000000009 0.55656748448714433 82.250000000000014 0.051315789473684217
decision_type=2 2 2 2 2 2 2 2 2 2 2 2 2 2 2 2 2 2 2 2 2 2 2 2 2 2 2 2 2 2 2 2 2 2 2 2 2 2 2 2 2 2 2 2 2 2 2 2 2
left_child=3 2 -2 5 7 6 13 8 9 -5 14 -6 -11 16 -10 -9 17 18 20 -20 23 22 -22 -1 -23 26 -24 28 29 33 31 39 -32 34 35 -27 -36 -34 -4 40 46 42 -37 -8 -35 -16 -31 -42 -28
right_child=1 -3 38 4 11 -7 43 15 10 12 -12 -13 -14 -15 45 -17 -18 -19 19 -21 21 24 25 -25 -26 27 48 -29 -30 30 32 -33 37 44 36 41 -38 -39 -40 -41 47 -43 -44 -45 -46 -47 -48 -49 -50
leaf_value=0.0039932321284182086 0.016692707307213686 0.021341166578727505 -0.027514958361346445 0.0021675307562861105 -0.042775429822142622 -0.020165979061710693 -0.0029244537561497505 -0.0063716698086163613 -0.021889939677413501 -0.04361964648383581 0.017856926425815971 -0.0085953327419261844 -0.0090120987603755504 0.024828509061754812 -0.0075657459360318731 0.022239111442963321 0.022203413634026472 -0.022118999427891348 -0.029845319535626993 0.0012824664309401546 -0.021545592422687679 0.03359098298472965 -0.0032478072829223771 -0.025589657131224092 0.0067220288579031744 -0.0011075304438553563 0.037165591421022423 -0.015652597407192062 0.027231221797980289 -0.026592681657191808 0.034991884187408423 0.02016861860550077 -0.025473043584486779 -0.023263139881820914 0.0094811767836008726 0.03532702623711563 -0.021407886319269199 0.0082341273713962774 0.0010112886071756096 -0.00066747597761452303 -0.022692927091700052 0.008869419027042344 0.012178260142527144 -0.027181657911897823 0.00097493820395149519 0.01190656052527557 -0.053123971798877984 -0.0021083261753650239 0.018434900073237091
leaf_weight=27.551447309553623 15.630644444376228 38.569804049097002 16.385951638221741 22.708476036787033 15.029854452237485 22.344792846590281 15.93703351728618 16.327392641454935 22.943626331631094 20.821899825241417 28.166069825179875 18.615444639697671 13.077058021910487 17.127039812505245 23.630628420040011 26.207533607259393 16.923433238640428 19.563864409923553 16.557916860096157 29.557564165443182 17.506006613373756 21.023545295000076 35.13435361161828 21.772543807048351 28.561920251697302 34.658650083467364 18.739282422699034 21.728367321193218 15.776440469548104 14.179138131905349 17.049092542380095 15.528290999121962 10.832443607505413 15.201956864446403 21.178045097738504 34.459548299200833 18.73795123025775 12.235712682828305 16.005947157740593 12.638907826971261 12.928472955711188 25.915859203785658 22.819512117654085 16.810175759717822 15.6546583333984 22.176625516265631 9.5291101336479169 13.315716330893336 15.828326870221643
leaf_count=116 71 158 71 101 86 119 83 85 147 143 155 94 74 69 113 130 77 111 87 143 80 79 154 105 115 158 81 106 60 135 80 77 70 87 132 132 99 91 96 88 91 95 106 79 80 104 88 72 97
internal_value=0 0.00754518 -0.00374451 -0.00073679 -0.00563777 0.000911767 0.00165148 -0.00226518 -0.00608992 -0.0178334 0.000881325 -0.024658 -0.03091 0.00258258 -0.00622959 0.0113625 0.00192171 0.00130975 0.0021416 -0.0102903 0.00323964 0.00454319 0.00289438 -0.00931423 0.0185529 0.00397707 0.0131042 0.0020971 0.00333713 0.00202423 -0.00457799 -0.0124497 0.0106804 0.00616503 0.00963486 0.0146567 -0.00518804 -0.00799495 -0.013811 -0.0207318 -0.0256958 0.0211591 0.026472 -0.0158129 -0.0113217 0.00191434 -0.0389749 -0.0127095 0.0293483
internal_weight=0 86.5923 48.0225 915.012 229.705 685.307 662.962 196.059 153.524 56.6074 96.917 33.6453 33.899 630.215 68.7509 42.5349 613.088 596.165 576.601 46.1155 530.485 481.161 431.576 49.324 49.5855 414.07 69.702 344.368 322.64 306.863 118.237 78.1196 40.1172 188.626 157.77 117.854 39.916 23.0682 32.3919 62.5913 49.9524 83.1949 57.2791 32.7472 30.8566 45.8073 23.7082 26.2442 34.5676
internal_count=5070 396 238 4674 1232 3442 3323 1052 837 318 519 180 217 3161 364 215 3092 3015 2904 230 2674 2453 2259 221 194 2179 332 1847 1741 1681 792 551 241 889 722 491 231 161 167 474 386 333 238 162 167 217 223 163 178
is_linear=0
shrinkage=0.05


Tree=163
num_leaves=50
num_cat=0
split_feature=42 18 41 41 12 25 59 0 57 49 17 8 49 1 22 22 41 12 27 1 2 26 10 57 57 6 42 51 36 57 3 42 18 12 26 8 45 37 41 26 38 22 22 51 41 50 58 26 9
split_gain=3.15065 4.45537 5.66904 4.56368 3.59282 3.84949 3.52321 2.5711 4.99506 3.63669 3.96437 2.55936 4.44073 3.85205 4.41645 8.10088 3.79155 3.57515 3.36711 4.11903 4.25769 5.56906 4.24904 3.99503 7.9714 3.88861 5.52397 3.90955 4.17503 3.52577 3.07484 4.9488 4.9114 4.41996 3.21178 3.44201 3.32349 2.96406 2.5463 2.57841 2.51069 3.39628 4.09467 2.44805 2.4201 2.18302 1.60733 1.58872 1.26374
threshold=1.2086956521739134 4.5000000000000009 0.25543478260869573 -0.24568965517241378 0.062500000000000014 0.44722222222222224 0.1318557721318592 73.750000000000014 55.562500000000007 1.0000000180025095e-35 7.5000000000000009 -0.58956521739130419 45.500000000000007 87.250000000000014 0.96699979974086592 1.0761422349668883 0.20526315789473687 0.10416666666666667 0.88777777777777789 85.500000000000014 69.250000000000014 0.0034398078285924369 -1.9235521235521233 68.187500000000014 65.687500000000014 -1.0000000180025095e-35 2.3582887700534765 17.500000000000004 72.750000000000014 67.562500000000014 32.500000000000007 1.8856209150326799 9.5000000000000018 0.062500000000000014 0.0049579417828999337 1.174053295932679 38.500000000000007 5.7500000000000009 -0.3141447368421052 0.0035111110977353436 1.0000000180025095e-35 1.2241145341831625 1.5116573282773487 38.500000000000007 -0.17028985507246372 1.0000000180025095e-35 0.48314048284850658 0.020581356047274815 1.4231660231660237
decision_type=2 2 2 2 2 2 2 2 2 2 2 2 2 2 2 2 2 2 2 2 2 2 2 2 2 2 2 2 2 2 2 2 2 2 2 2 2 2 2 2 2 2 2 2 2 2 2 2 2
left_child=1 2 -1 -3 -5 -6 -7 9 -9 10 -2 12 -10 16 -15 -16 18 -14 -13 20 25 29 46 24 -24 45 27 28 -27 -22 31 32 38 -32 35 -35 -36 -33 -17 -40 -21 -42 -43 -18 -25 -20 -23 -4 -28
right_child=7 3 47 4 5 6 -8 8 11 -11 -12 13 17 14 15 30 43 -19 19 40 21 22 23 44 -26 26 48 -29 -30 -31 33 37 -34 34 36 -37 -38 -39 39 -41 41 42 -44 -45 -46 -47 -48 -49 -50
leaf_value=0.023551896737954655 -0.0067555919159299734 0.011316467814583765 -0.016700939229510717 -0.004776342160151696 -0.052243294451545422 -0.034924136360915764 0.0023907750660271936 0.023499177732257511 0.030675729074375841 0.0051839859708116276 -0.047535883588333147 0.01348712533489292 -0.01078469840072991 0.02580926156070161 -0.02895155990238717 0.016627049987632061 0.028102755100020829 0.018433906805333022 -0.0093914384939432771 -0.029298056609109398 0.026076587122518632 0.020695924528438651 3.6527966666796364e-05 -0.011112950601290859 -0.041017746887068045 -0.055047419315129131 0.0096686348969823015 -0.0061023334665430938 -0.016966612461492538 0.001595637988584368 0.031267109563334373 -0.0004846536475288227 -0.021782202977191321 -8.0718487650175688e-05 -0.016125523999044562 0.02576872915856368 0.01345274828863912 0.022860024417510356 -0.019425620622714065 0.0073190186266044351 -0.025902275889754946 0.015805769439821562 -0.015870712836112601 -0.0013372413823621724 0.013237013112910796 0.010575667702383339 7.6894043949463168e-05 0.0022968612639279909 -0.0093035866804694455
leaf_weight=20.986960044130683 16.142582820728425 12.667783014476298 21.842008961364627 22.068994576111436 12.443731979932634 12.552445397712292 11.637542046140878 25.421994240954518 18.846147917211056 21.375143107958138 8.8402119507081789 26.294079557061195 23.421783275902271 22.583206909708679 17.26962896855548 19.281213782727718 15.199914131779225 17.335991019383073 24.009060235694051 21.010845951735973 32.66093606967479 18.681968189775944 25.438346551731229 17.428792551159859 21.089562525041401 15.109586733393373 15.943412423133848 15.838334499858318 15.344233151059596 26.365250492468476 22.035699192434549 24.664601530879736 32.663895156234503 22.685537888668478 22.884731412865222 28.769002761691809 14.82678599283099 29.191575149074197 16.341780766844749 17.948593912646174 19.005221251398325 18.797679347917438 20.049732127226889 12.363131810445337 21.913477080874145 29.27168913371861 18.198445584625006 20.824020870029926 17.211786708794534
leaf_count=98 118 62 102 110 108 104 67 131 84 142 140 125 117 91 105 71 95 80 109 123 137 83 119 84 105 94 69 101 95 123 74 94 138 112 146 143 63 106 93 79 101 78 126 83 97 132 78 77 92
internal_value=0 -0.00672292 0.0028843 -0.0152127 -0.0210313 -0.0304365 -0.0175901 0.00145957 0.00210882 -0.0098733 -0.0224599 0.00139881 0.0112768 0.000587252 0.00505378 0.0032192 -0.00232527 0.00178703 -0.0035174 -0.00468536 -0.00210312 0.00286497 -0.00321435 -0.00928501 -0.0190435 -0.00887767 -0.0158174 -0.0267878 -0.0370097 0.0153504 0.00553606 0.000591778 -0.00681198 0.0117041 0.00657628 0.0145878 -0.00444932 0.0123549 0.00254761 -0.00561597 -0.014828 -0.0091642 -0.000530943 0.0153132 0.0024418 0.00157095 0.0107922 -0.00758842 -0.000164404
internal_weight=0 135.023 63.653 71.3705 58.7027 36.6337 24.19 869.756 823.398 46.3579 24.9828 797.976 59.6039 738.372 291.146 268.563 447.225 40.7578 419.662 393.368 314.505 181.777 122.751 85.8702 46.5279 132.728 79.4474 46.2922 30.4538 59.0262 251.293 140.092 86.2355 111.202 89.1661 51.4545 37.7115 53.8562 53.5716 34.2904 78.8635 57.8526 38.8474 27.563 39.3423 53.2807 36.8804 42.666 33.1552
internal_count=5104 728 277 451 389 279 171 4376 3976 400 258 3845 281 3564 1315 1224 2249 197 2071 1946 1518 826 566 405 224 692 451 290 189 260 1119 581 381 538 464 255 209 200 243 172 428 305 204 178 181 241 161 179 161
is_linear=0
shrinkage=0.05


Tree=164
num_leaves=46
num_cat=0
split_feature=25 37 0 2 41 59 52 26 9 9 11 2 7 18 58 8 19 0 58 37 53 3 46 9 53 48 41 18 9 11 26 59 45 57 18 23 46 25 57 18 50 41 52 9 42
split_gain=3.12111 5.06894 3.86483 6.27522 5.15376 3.87132 3.04317 7.35701 4.39345 3.94557 3.82657 4.44319 8.83944 3.58992 3.19831 3.03013 3.38756 4.6302 5.92627 5.67081 5.26157 6.29418 5.16766 7.0669 4.70712 5.02327 6.33534 4.70987 4.4806 4.60795 4.06582 3.30879 2.78719 4.08326 2.72118 9.38159 3.71446 3.69058 3.68485 3.69825 4.08507 3.28485 2.66677 1.93769 1.6715
threshold=0.41428571428571431 9.2500000000000018 73.750000000000014 58.500000000000007 -0.1348484848484848 0.9863035000474919 1.5000000000000002 0.0022838929199046668 0.66795366795366817 0.33281853281853285 0.80800630212394908 77.250000000000014 1.573426573426574 7.5000000000000009 -0.46038400545438724 3.1852173913043482 1.2500000000000002 82.250000000000014 0.22700754078277605 4.7500000000000009 1.0000000180025095e-35 82.500000000000014 12.500000000000002 1.3691119691119693 8.5000000000000018 1.0000000180025095e-35 -0.24568965517241378 9.5000000000000018 0.93946968606367409 0.23004023004022986 0.0070459939692683968 -0.17646730165275518 41.500000000000007 69.437500000000014 9.5000000000000018 0.37500000000000006 48.500000000000007 0.52272727272727282 62.062500000000007 8.5000000000000018 2.5000000000000004 -0.074175824175824162 3.5000000000000004 1.1003861003861009 1.851648351648352
decision_type=2 2 2 2 2 2 2 2 2 2 2 2 2 2 2 2 2 2 2 2 2 2 2 2 2 2 2 2 2 2 2 2 2 2 2 2 2 2 2 2 2 2 2 2 2
left_child=1 6 4 -4 -2 15 7 -1 -9 -8 11 12 32 -13 -10 16 28 19 24 -18 -21 30 -20 -24 25 26 -19 -27 29 -5 -22 -28 33 43 36 -36 37 -30 -39 40 41 -40 -38 -11 -6
right_child=2 -3 3 5 44 -7 9 8 14 10 -12 13 -14 -15 -16 -17 17 18 22 20 21 -23 23 -25 -26 27 31 -29 34 -31 -32 -33 -34 -35 35 -37 42 38 39 -41 -42 -43 -44 -45 -46
leaf_value=-0.029597989060293151 0.0059825248729091229 0.022122458977993378 0.030738384143045534 0.0069997802552732528 -0.015691987941446005 -0.018179790498678055 0.0050315714251784873 -0.0086124789447241754 0.0025257406622778357 -0.027876357062461526 -0.039455204700272251 -0.045377577431165494 0.027473936747948464 -0.0084987249506078607 0.026327974595826982 0.022497537803437051 0.029054841529877723 0.025802584301129968 -0.041142261995743751 0.019819234896570913 -0.0063231253994667867 -0.025432271241997251 -0.027215136342819364 0.01254087672853983 0.018123469706832287 -0.02746975159560083 0.0058304059770118355 5.9431470278131142e-05 0.025567105230940412 0.038828872325770591 0.020485996007140829 -0.021338394627016328 -0.029721876931511428 0.015797655087593142 -0.030384300132090866 0.011938985777356175 -0.01731260203431385 -0.010817705327238024 0.025632831308035689 0.030158387564054874 -0.013055785512353483 0.00026062792733093945 0.0056154782207845644 -0.0028904568132593501 -0.049697619897537779
leaf_weight=15.739734557457266 15.435286965221168 16.273161253891885 18.786728438921273 28.222827684134245 8.6535826446488517 21.622073436155915 31.943686032667756 30.137192418798804 27.725115246139467 16.037520699203018 12.89413423463702 13.748401685617866 15.639099548803641 12.963382516056297 28.250142466742545 18.090538493357599 21.69084370881319 22.892844572663307 17.192777982912958 28.240153755992651 35.020583957433701 24.679253168404102 23.31949058175087 19.860370989888906 27.255713935941458 32.266654085367918 24.916343911085278 29.143785580992699 30.005129769444466 18.698295084759593 22.352665435522795 18.897585446015 17.764551659114659 13.374470180831848 22.275579878129065 29.058340789750218 23.6944759786129 24.579491299111396 24.578456666320562 18.300214725546539 20.469009673688561 25.490221763961017 25.318900562822819 14.721146236639468 7.5362519500777116
leaf_count=134 77 125 77 125 99 102 154 145 148 83 98 106 109 77 154 78 98 88 101 129 158 116 112 82 113 154 125 119 150 74 96 90 92 76 121 129 103 131 94 73 110 113 100 102 103
internal_value=0 -0.00411276 0.00219506 0.00297854 -0.0146326 0.00216536 -0.00589515 0.000768271 0.0065947 -0.0104222 -0.0146432 -0.0112286 -0.00501521 -0.0284326 0.0147897 0.00286206 0.00227135 -0.00105903 -0.0055626 0.00628916 0.00159108 -0.00484563 -0.0187175 -0.00905958 -0.000364042 -0.00440699 0.00506622 -0.0146135 0.00624517 0.0202294 0.00429375 -0.00610256 -0.0135302 -0.0064986 0.00348181 -0.00665622 0.00620665 0.0102499 0.00600966 0.010734 0.00534344 0.0129738 -0.00559315 -0.0163856 -0.0334916
internal_weight=0 267.212 728.544 696.919 31.6251 678.133 250.939 101.852 86.1125 149.086 117.143 104.249 77.5368 26.7118 55.9753 656.511 638.42 347.729 215.746 131.984 110.293 82.0525 60.3726 43.1799 155.373 128.117 66.7068 61.4104 290.691 46.9211 57.3732 43.8139 61.8977 44.1331 243.77 51.3339 192.436 143.423 113.417 88.8379 70.5377 50.0687 49.0134 30.7587 16.1898
internal_count=5043 1603 3440 3161 279 3084 1478 581 447 897 743 645 462 183 302 2982 2904 1581 984 597 499 370 295 194 689 576 303 273 1323 199 254 215 353 261 1124 250 874 671 521 390 317 207 203 185 202
is_linear=0
shrinkage=0.05


Tree=165
num_leaves=51
num_cat=0
split_feature=46 56 45 42 42 45 0 1 42 11 46 0 3 8 42 36 25 58 54 9 46 49 42 41 58 36 42 8 10 59 11 58 9 9 64 22 54 11 54 8 0 41 11 35 42 0 45 42 9 59
split_gain=2.82966 1.92547 8.37671 2.51729 3.02587 2.49762 2.06525 4.17846 4.69005 2.34512 2.28314 2.77978 8.23318 3.50213 4.5658 3.71871 2.66192 3.09807 2.64674 4.20139 4.22837 8.23755 8.25653 7.73273 7.54398 3.23277 4.28108 6.53562 5.70929 4.63101 2.80839 2.73344 2.56004 2.50515 4.92772 4.77957 5.02905 4.55311 4.39822 4.06536 3.77114 3.39765 2.91959 2.8086 2.58452 2.41682 2.4046 2.03842 1.84493 0.929206
threshold=87.500000000000014 6.5000000000000009 60.500000000000007 3.477272727272728 2.8452380952380958 2.5000000000000004 71.250000000000014 70.250000000000014 0.91287878787878796 -0.43804303804303818 76.500000000000014 79.750000000000014 67.500000000000014 0.89478260869565229 2.1602564102564106 67.750000000000014 0.63068181818181823 0.3744682635859638 77.500000000000014 0.65868725868725886 57.500000000000007 74.500000000000014 1.6306818181818186 0.069047619047619066 -0.16799356919963607 82.750000000000014 2.1213235294117649 1.5038969404186797 -4.9675675675675661 0.31595530242620651 -2.3645435645435642 -0.66528616069191593 1.2640926640926646 0.82393822393822413 1.5000000000000002 1.2445862636835017 19.500000000000004 -0.13150633150633154 9.5000000000000018 0.30376058723884819 85.750000000000014 -0.19523809523809521 -0.55776115776115776 83.250000000000014 1.720779220779221 82.750000000000014 16.500000000000004 1.804761904761905 1.0787644787644792 0.04621408538533487
decision_type=2 2 2 2 2 2 2 2 2 2 2 2 2 2 2 2 2 2 2 2 2 2 2 2 2 2 2 2 2 2 2 2 2 2 2 2 2 2 2 2 2 2 2 2 2 2 2 2 2 2
left_child=1 2 -1 4 6 -6 7 8 -3 -10 11 12 13 47 15 -15 17 -14 25 -20 21 22 23 24 -21 26 28 29 -13 -28 -30 -27 -17 39 41 48 38 40 -37 45 -38 44 -43 -41 -35 -32 49 -8 -36 -24
right_child=-2 3 -4 -5 5 -7 10 -9 9 -11 -12 18 16 14 -16 32 -18 -19 19 20 -22 -23 46 -25 -26 31 27 -29 30 -31 33 -33 -34 34 35 36 37 -39 -40 43 -42 42 -44 -45 -46 -47 -48 -49 -50 -51
leaf_value=-0.038396952258450849 0.018363010960510084 0.028499633014990727 0.011217866247374459 0.014032746959606502 -0.0019236228540137588 -0.030917476760674009 0.023944889348287153 0.040124769631320299 0.0027350850712486237 -0.048274605717147694 -0.014467205332971647 0.028207336018658803 -0.023694960559941844 0.0074015487139485739 0.013381239382163353 -0.0079165711369753242 -0.034679488696958097 0.0014115100763085573 0.020498308783800451 -0.0038463154938767961 0.017571694205279154 -0.031965803403605296 0.031730442943011222 0.016648835689541466 -0.051684643959901327 -0.00047964317252989844 -0.039135238715653289 0.0065171655476574334 -0.017604735080999325 -0.0055350296599961882 0.018521295341717769 -0.028626718909491457 -0.039996968510234716 0.014585361826810953 0.013074765788993459 0.0032030212985915555 0.016769660491508173 0.029663402392135597 -0.027015382374672305 -0.0042336994813862916 -0.015644855229788906 0.00029306537999066427 -0.03039255449305521 -0.031064967034645913 -0.0090144491169334498 -0.0051489266819818441 0.0037659445499247965 0.0022262983210064916 0.03218416280383047 0.014146978243150705
leaf_weight=15.624503114260731 17.501877969130874 5.7483497299253967 16.713495468720794 26.206103850156069 14.479251988232138 14.563811380416153 21.365031525492668 8.1601375448517484 3.7710084063000968 4.2463755146600297 30.544283548370004 18.718799859285355 27.461536491289735 11.645676463376729 20.206262455321848 11.846940834075214 20.050819350406528 21.434188731014729 36.898644449189305 18.153973658569157 33.408902434632182 18.662583332508802 17.259146214462817 14.864063546992837 14.364345917478202 15.692754767369477 21.987661262974143 29.523691120557487 19.096362017095089 19.201023519039154 17.489095956087112 18.24693735409528 13.674976002890615 22.028281539678574 34.707199417054653 29.908970758318901 17.506618987768888 22.738173298537731 18.951450543478131 20.447666212916374 16.422095182351768 12.658173996955158 18.920972465537488 18.312857482582331 22.4328384809196 25.107163978740573 28.005780644714832 21.336383175104856 21.484658695757389 17.729546198621392
leaf_count=107 83 35 76 138 76 85 89 59 71 89 143 73 125 100 115 56 103 100 157 96 136 90 84 79 97 80 113 136 84 80 77 115 120 87 159 154 87 106 111 88 94 82 122 111 93 119 127 91 84 76
internal_value=0 -0.00137754 -0.0131868 -0.000956655 -0.00140253 -0.0170079 -0.000870242 0.013943 -0.00324346 -0.0266394 -0.00126344 -0.000760681 -0.0064627 0.00271047 -0.00533277 -0.0155907 -0.0196259 -0.0128814 0.000705073 0.00550479 0.00199457 -0.00214253 0.00314174 -0.0124767 -0.0258895 -0.00137523 -0.000180043 -0.0113302 0.00205441 -0.0239742 0.000528057 -0.0159985 -0.0259656 0.00166475 0.00425388 0.00917199 0.00283443 0.0128659 -0.00882451 -0.00586155 0.00108173 -0.00618903 -0.0184611 -0.0173729 0.00274172 0.00477147 0.0149008 0.0133921 0.0208161 0.0234612
internal_weight=0 970.01 32.338 937.672 911.465 29.0431 882.422 21.9259 13.7657 8.01738 860.497 829.952 169.022 100.075 57.3739 37.1676 68.9465 48.8957 660.93 199.347 162.448 129.039 110.377 47.3824 32.5183 461.583 427.644 70.7124 356.931 41.1887 338.213 33.9397 25.5219 319.116 237.759 161.719 105.527 56.6669 48.8604 81.3568 33.9287 76.0403 31.5791 38.7605 44.4611 42.5963 62.9945 42.7014 56.1919 34.9887
internal_count=5058 4975 183 4792 4654 161 4493 254 195 160 4239 4096 899 571 391 276 328 225 3197 942 785 649 559 272 193 2255 2060 329 1731 193 1658 195 176 1574 1179 795 552 287 265 395 181 384 204 199 180 196 287 180 243 160
is_linear=0
shrinkage=0.05


Tree=166
num_leaves=45
num_cat=0
split_feature=6 58 42 15 42 3 22 12 5 51 45 35 4 15 54 3 54 22 23 45 26 2 59 7 38 12 55 2 2 27 58 38 45 8 8 51 45 55 7 22 22 22 6 8
split_gain=2.75186 5.36187 3.2905 3.16083 3.49873 2.69697 3.94659 3.88264 3.46451 4.08076 2.8083 4.5462 4.32904 3.83866 9.62911 4.63249 3.8486 3.75372 3.71112 4.57918 4.98077 3.52631 3.32017 3.14585 2.94837 6.26318 3.25711 2.37162 2.5506 3.17307 1.96956 4.42108 3.65854 5.12665 4.10206 4.73279 3.43573 3.18115 2.54274 1.94497 4.12813 1.83568 1.22418 0.965894
threshold=-1.6285714285714279 -0.19337636264337835 1.4868421052631582 12.500000000000002 1.8619047619047622 107.50000000000001 0.71793599907333816 0.14583333333333334 9.0000000000000018 53.500000000000007 12.500000000000002 89.250000000000014 0.62500000000000011 17.500000000000004 23.500000000000004 52.500000000000007 10.500000000000002 1.1658395482950017 0.37500000000000006 7.5000000000000009 0.0029774141428623563 69.250000000000014 0.71952396275653763 1.0041977657685934 1.0000000180025095e-35 0.062500000000000014 7.5000000000000009 68.500000000000014 73.500000000000014 0.99020397208803013 -0.048361574224334618 2.5000000000000004 52.500000000000007 1.682608695652174 1.1636940176528279 50.500000000000007 50.500000000000007 5.5000000000000009 0.88111888111888148 1.5314345969429468 1.131751888992971 1.3952428232669745 0.68571428571428628 1.4843478260869569
decision_type=2 2 2 2 2 2 2 2 2 2 2 2 2 2 2 2 2 2 2 2 2 2 2 2 2 2 2 2 2 2 2 2 2 2 2 2 2 2 2 2 2 2 2 2
left_child=1 39 -3 4 -4 8 -7 27 10 -10 13 21 -13 15 17 18 -17 -15 19 20 22 -12 -2 -22 -20 -26 -27 -8 -29 -30 31 32 33 34 35 -23 37 -32 -39 40 -1 -34 -18 -40
right_child=5 2 3 -5 -6 6 7 -9 9 -11 11 12 -14 14 -16 16 42 -19 24 -21 23 30 -24 -25 25 26 -28 28 29 -31 36 -33 41 -35 -36 -37 -38 38 43 -41 -42 -43 -44 -45
leaf_value=0.021902229576193085 -0.025296122167262031 0.011829726795684024 -0.02831848155688485 0.0075068671262992744 -0.0023318141316058813 0.0089413360519734596 0.0072651834393063601 -0.029061927642734887 -0.0011283558008063431 0.024094854777613198 -0.024298153244417271 -0.0063898398760661515 0.026315579149615655 -0.017104491754220005 -0.054048476612127243 0.0023093133944405661 0.034052066639036628 0.01975931113066854 0.0075836818842685899 0.028669686675793438 -0.0035429218956995242 0.0043814052644711816 0.0049623010095606887 0.024604199735100647 -0.031424853086386803 0.014820928602930331 -0.014657327403720994 -0.026347705316138725 0.0065386390212944694 -0.019436145422443762 0.023525416484213975 0.013151783607345164 0.012024177998380254 0.0042323065127196939 -0.039006414525159662 -0.027407650349086172 -0.015111318692987215 -0.012170415596920482 0.017089919940009055 0.023964034569625522 -0.0023934073893996459 -0.0096243037639930883 0.015172353412273713 0.00039705572443201627
leaf_weight=31.627131955698133 19.014195213560015 28.459024749696255 23.747524611651897 22.464260373264551 27.588421577587724 29.60695867612958 22.804055469110608 23.36455212533474 31.634554509539157 31.342191958799958 23.505712257698178 17.707992346957326 21.647703507915139 11.410799417644741 8.9977949038147909 30.178083198145032 21.514807620085776 14.613650216255335 24.911212594714016 19.362873171456158 15.869791973382233 20.23466069996357 16.064286802662537 24.539177003782243 24.665494944900274 18.880111849401146 16.72945422353223 18.611180137842894 26.526233011856675 19.621439756825566 18.84252587845549 20.544901411980391 19.782640062272549 22.267800909467041 25.149941610172391 26.021160836331546 23.833760052919388 23.213503314182162 16.758546246215701 31.728309569880366 37.290955495089293 17.542818531394005 18.421248958911747 17.019755622372031
leaf_count=140 141 127 110 95 125 135 103 148 153 124 139 125 77 56 119 133 91 143 131 86 84 89 108 136 134 109 128 86 94 103 76 92 78 123 135 149 111 116 81 137 159 82 97 80
internal_value=0 0.0057106 -0.00235175 -0.00790549 -0.0146644 -0.000793273 -0.00705835 -0.0113705 0.000544915 0.0116051 -0.000634834 -0.00389055 0.0118062 0.00295189 -0.0123294 0.0051319 0.0159369 0.00356102 0.000859162 0.00762435 0.00192187 -0.0061739 -0.0116857 0.0137314 -0.00667457 -0.012595 0.000949897 -0.00637497 -0.0112156 -0.00468352 -0.00438841 -0.00796034 -0.011346 -0.0165737 -0.0230308 -0.013703 0.00106778 0.00628316 0.000275187 0.0138447 0.00890987 0.00186384 0.0259268 0.00893221
internal_weight=0 202.906 102.259 73.8002 51.3359 802.758 140.534 110.927 662.223 62.9767 599.246 314.073 39.3557 285.173 35.0222 250.151 70.1141 26.0244 180.037 94.8503 75.4875 274.718 35.0785 40.409 85.1863 60.2751 35.6096 87.5629 64.7589 46.1477 251.212 151.544 130.999 93.6736 71.4058 46.2558 99.6681 75.8343 56.9918 100.646 68.9181 37.3255 39.9361 33.7783
internal_count=5088 893 457 330 235 4195 669 534 3526 277 3249 1553 202 1696 318 1378 321 199 1057 555 469 1351 249 220 502 371 237 386 283 197 1212 748 656 496 373 238 464 353 277 436 299 160 188 161
is_linear=0
shrinkage=0.05


Tree=167
num_leaves=48
num_cat=0
split_feature=18 45 58 42 8 49 51 46 35 2 3 26 59 59 12 37 7 49 18 58 57 2 6 7 28 57 58 58 7 2 3 44 36 51 15 26 11 24 59 58 49 9 55 55 51 60 26
split_gain=3.75224 4.15045 3.89089 3.74107 6.97369 6.78959 4.62874 4.63588 4.35377 3.68496 3.6038 3.38946 5.34635 3.30672 5.75835 4.56075 3.37032 3.16057 4.69443 2.94298 3.63556 3.95442 2.47546 3.68021 6.1203 4.89614 4.41657 7.10581 3.63056 3.55929 3.01268 4.27421 4.30381 4.08791 2.37206 2.20415 2.20261 6.64337 2.18625 2.97998 2.05354 2.02647 3.54814 2.04697 2.72034 1.78129 1.45597
threshold=4.5000000000000009 60.500000000000007 -0.53493989022977317 1.8619047619047622 -0.2113043478260869 74.500000000000014 66.500000000000014 51.500000000000007 82.250000000000014 77.250000000000014 37.500000000000007 0.030403112050739183 0.26659387353423869 -0.82413948779581736 0.14583333333333334 6.2500000000000009 -1.1118881118881117 66.500000000000014 9.5000000000000018 -0.49813634056773481 69.062500000000014 69.250000000000014 -4.1142857142857121 0.92517482517482541 12.500000000000002 71.312500000000014 0.29342972903661901 0.93237596376505805 0.71378621378621399 73.500000000000014 92.500000000000014 5.0000000000000009 74.250000000000014 61.500000000000007 7.5000000000000009 0.0047855086620933142 -0.9711585711585714 0.37500000000000006 -0.57782411410281842 -0.97113884758256674 33.500000000000007 2.0648648648648655 7.5000000000000009 5.5000000000000009 73.500000000000014 5.5000000000000009 0.0045683953677119896
decision_type=2 2 2 2 2 2 2 2 2 2 2 2 2 2 2 2 2 2 2 2 2 2 2 2 2 2 2 2 2 2 2 2 2 2 2 2 2 2 2 2 2 2 2 2 2 2 2
left_child=1 2 40 9 -5 6 7 19 10 11 -8 22 -13 16 38 -16 -11 18 -18 46 21 36 -2 28 25 26 35 29 30 -28 31 33 -33 -24 -10 -25 -21 -38 -15 -40 -1 43 -43 -4 -45 -32 -6
right_child=3 -3 41 4 5 -7 8 -9 34 13 -12 12 -14 14 15 -17 17 -19 -20 20 -22 -23 23 24 -26 -27 27 -29 -30 -31 45 32 -34 -35 -36 -37 37 -39 39 -41 -42 42 -44 44 -46 -47 -48
leaf_value=0.0002823613023846436 -0.026354043157704812 0.026588354242745599 -0.00070900518425926525 0.026175843588165295 0.0045368325543021105 -0.019458496039989157 -0.015507061833615927 -0.019796880323673258 0.0116143288002133 0.015134929258576927 0.013766821052016865 -0.012661620495498078 0.025235812949983102 0.025255271294744905 0.007378729312497969 -0.031009937220297636 0.012921842360974978 -0.023738940571197839 -0.020086238734119084 -0.012662840558910288 -0.022567586279337901 0.023554911745859303 -0.0099705565482058334 0.024489276411553948 -0.043246768681559813 -0.036678556947157048 -0.042724826515929869 0.010125279560352548 0.014660454205246372 -0.0079730707201378596 -0.0045364584355519306 -0.014961760427159158 0.01305843651726378 -0.042534875905901832 0.035864084586527838 -0.0024189636133837207 0.029129377948273135 -0.010137541756974754 0.022456299220448735 -0.0019627181529725938 -0.02338861944428092 -0.018916207050938081 0.019290970356498485 0.0097023455290264574 0.033017085421239961 0.016631165750424982 0.022974677593742322
leaf_weight=22.629470799583942 16.97325287014246 23.994479835033417 18.693204561248422 30.132898312062025 22.402831853367388 33.827518049627542 16.60034615593031 25.659826472401619 20.480989649891853 15.45752684958279 25.138587119523436 16.419431805610657 19.17667936719954 30.20646808296442 15.860036140307786 13.560020362026988 23.637436487711966 25.20243795402348 18.146392172202468 30.982378195971251 16.41251190379262 16.765298029407859 27.532030685804784 14.013739726506175 14.61562985088676 12.801052797585724 16.857874927576635 19.307764661964029 25.620786268264055 13.486685426905749 19.039267230778933 25.989374251570553 26.843124601989985 14.592324938625095 21.962292871437967 15.103235401678829 16.118657324463129 28.144386159256101 20.260539136826992 29.948322368785739 14.369325516279785 13.706319213379174 9.3750831813085824 35.706119186244905 19.419043053872883 19.050828669220209 20.653618767857552
leaf_count=137 77 97 94 153 103 147 97 117 81 64 110 98 90 121 88 100 127 140 106 153 83 69 148 76 103 79 141 128 116 79 92 136 119 88 90 87 72 149 76 124 92 124 107 159 71 81 87
internal_value=0 0.0078674 0.00434039 -0.00051493 0.00366786 0.00128931 0.00403901 -0.000563628 0.013617 -0.00318626 0.00203364 -0.00648759 0.00788654 0.00226908 0.00791912 -0.0107528 -0.00526285 -0.0101232 -0.00154773 0.00280285 -0.00161102 0.00232958 -0.00832458 -0.00707437 -0.0142338 -0.00918584 -0.00431411 -0.0132838 -0.0022239 -0.0280265 -0.00556042 -0.0102954 -0.000747149 -0.0219759 0.0246991 0.0109149 -0.00264651 0.00448939 0.0147984 0.00813707 -0.00928438 0.00958437 -0.00324077 0.0135842 0.0183574 0.00620519 0.013702
internal_weight=0 157.893 133.899 834.984 325.282 295.149 261.322 177.14 84.1822 509.702 41.7389 317.423 35.5961 192.279 109.835 29.4201 82.4438 66.9863 41.7838 151.48 108.423 92.0107 281.827 264.854 106.186 91.5704 78.7693 49.6523 158.668 30.3446 133.047 94.9569 52.8325 42.1244 42.4433 29.117 75.2454 44.263 80.4153 50.2089 36.9988 96.8998 23.0814 73.8184 55.1252 38.0901 43.0565
internal_count=5076 881 784 4195 1511 1358 1211 833 378 2684 207 1738 188 946 509 188 437 373 233 716 526 443 1550 1473 693 590 511 348 780 220 664 491 255 236 171 163 374 221 321 200 229 555 231 324 230 173 190
is_linear=0
shrinkage=0.05


Tree=168
num_leaves=47
num_cat=0
split_feature=27 11 22 27 39 52 21 21 49 40 6 8 57 35 54 37 54 35 59 59 41 2 41 49 2 4 45 65 57 11 8 39 13 39 20 22 11 11 52 25 10 51 54 49 21 8
split_gain=2.9671 4.18815 6.35668 3.9014 3.56535 2.63755 2.54858 3.74769 2.26654 2.52697 7.25158 3.31025 3.63647 4.68709 7.46525 3.99627 4.03521 4.52127 3.13601 2.82261 8.34212 5.76527 6.05455 4.1147 3.4999 3.41293 5.04142 5.20714 3.41284 3.58719 3.28602 3.83609 4.87167 3.69889 2.86455 2.78353 3.13622 4.90738 3.05479 2.92722 2.69835 2.51375 2.11209 1.88984 0.996247 0.958841
threshold=0.95506172839506187 -0.45673785673785677 1.1862892563345437 0.8633333333333334 1.0000000180025095e-35 1.0000000180025095e-35 1.2746500939737988 1.1363672635645734 84.500000000000014 -1.7499999999999998 4.6285714285714299 0.69432494279176216 59.312500000000007 82.250000000000014 22.500000000000004 5.7500000000000009 70.500000000000014 86.750000000000014 -0.99465740988130902 -0.11692317777808843 0.060661764705882359 78.250000000000014 -0.18350168350168347 13.500000000000002 74.500000000000014 1.2500000000000002 14.500000000000002 0.35387457207787903 69.937500000000014 -0.58142398142398144 0.44608695652173924 1.0000000180025095e-35 0.18750000000000003 1.5000000000000002 2.7500000000000004 1.1558921810695284 0.12270972270972251 -0.81817911817911804 5.5000000000000009 0.47727272727272735 -0.46023166023166046 59.500000000000007 29.500000000000004 91.500000000000014 0.49494897427831791 1.0721739130434786
decision_type=2 2 2 2 2 2 2 2 2 2 2 2 2 2 2 2 2 2 2 2 2 2 2 2 2 2 2 2 2 2 2 2 2 2 2 2 2 2 2 2 2 2 2 2 2 2
left_child=1 4 -3 -4 -1 -6 7 8 9 11 18 41 -13 14 -14 -15 17 -17 -11 20 35 22 40 25 -25 26 27 30 29 -22 -24 44 33 45 -27 39 37 38 -37 -20 -21 -2 -7 -10 -32 -33
right_child=6 2 3 -5 5 42 -8 -9 43 10 -12 12 13 15 -16 16 -18 -19 19 21 28 -23 23 24 -26 34 -28 -29 -30 -31 31 32 -34 -35 -36 36 -38 -39 -40 -41 -42 -43 -44 -45 -46 -47
leaf_value=-0.015253833569810193 0.0068392125435784868 -0.0351020696522212 0.015801341953288188 -0.019087920530166766 -0.0081572178707807804 -0.00040634915257912975 -0.013877131470829834 0.023121708839282534 -0.021419443407816444 0.022862950559365939 -0.027033319757701166 0.019643913099746953 0.0058059070944076821 -0.0086175732602628771 -0.03313885290726476 0.016062379055590718 0.022801656578870965 -0.014401361269367731 -0.0034489564899716054 -0.025310077034806418 0.011000506198300309 0.032123843825076277 -0.011955503032781568 0.027674536988513222 -0.00048607843528115761 0.00040056342059420648 -0.022514764576602356 0.037045583485134058 -0.043697887991505119 -0.03171085599608605 -0.018797083513401796 0.044970112427466305 -0.0046778827848829958 0.0039120543331090116 -0.022936611320092726 -0.021450233716536173 -0.018691607175067366 0.018539293194310955 0.0049794657604444355 0.022354676545431117 -0.0017170788489686774 0.030765286131201788 0.020555101618605673 0.0004881390891683292 0.0021106363264478171 0.023590036701895314
leaf_weight=27.559553185477853 24.678440250456333 25.646027117967606 15.198449442163112 14.862985777668653 22.93216821923852 20.114028211683035 26.704847954213619 18.641167174093425 19.093110594898462 14.798554486595092 23.309689345769584 27.096658891066909 25.226309310644865 35.040662541985512 22.565446875989437 23.905421413481236 39.315162353217602 22.842236787080765 19.321542365476489 25.553357848897576 8.8297168598510307 15.227641340345142 21.649968396872282 30.420175470411777 16.952364170923829 32.009857600554824 13.277073713950811 13.532417470123617 15.281040997244416 9.0992964426986891 10.556354501517491 13.609783107414843 20.215018878458068 14.831073731184004 21.276820320636034 21.858636644668877 25.862752269953489 25.21545384824276 20.365168685093522 23.792721506208181 22.580683697015047 19.9253941308707 28.713967454619706 19.21394145488739 10.881079647690056 15.691376770380883
leaf_count=120 133 132 81 82 103 85 136 78 95 71 148 117 101 148 106 98 148 93 102 130 67 63 98 140 102 144 75 63 157 103 94 51 155 149 96 128 149 137 97 100 104 97 114 86 67 116
internal_value=0 -0.00647857 -0.0173199 -0.00150779 -0.000285773 0.00559336 0.00103577 0.00154801 0.00100687 0.00162096 -0.000386959 0.00582796 0.00298801 0.000215926 -0.0128846 0.00544906 0.0112095 0.00118707 0.000953056 0.000212804 -0.00491985 0.00313848 0.00147144 0.00479222 0.0177955 0.00143047 0.00567433 0.00892754 -0.0269971 -0.0112064 0.00507682 0.0094636 0.0155086 0.0246539 -0.00916859 0.000612134 -0.00424199 0.00149154 -0.00888251 0.0109748 -0.0145023 0.0179677 0.0120855 -0.0106982 -0.00856377 0.034677
internal_weight=0 155.027 55.7075 30.0614 99.3197 71.7602 830.248 803.544 784.902 746.595 506 240.596 195.992 168.895 47.7918 121.103 86.0628 46.7477 482.69 467.891 169.626 298.265 283.037 234.903 47.3725 187.531 134.244 120.967 33.2101 17.929 107.435 85.7847 64.3473 44.1322 53.2867 136.416 93.302 67.4393 42.2238 43.1143 48.134 44.6038 48.828 38.3071 21.4374 29.3012
internal_count=5059 717 295 163 422 302 4342 4206 4128 3947 2906 1041 811 694 207 487 339 191 2758 2687 1040 1647 1584 1350 242 1108 868 793 327 170 730 632 471 316 240 713 511 362 225 202 234 230 199 181 161 167
is_linear=0
shrinkage=0.05


Tree=169
num_leaves=48
num_cat=0
split_feature=10 26 0 49 11 11 11 25 11 26 50 58 37 45 18 10 26 39 26 37 26 59 22 46 25 13 22 45 45 59 9 58 57 57 46 60 11 65 11 57 51 35 26 10 26 8 36
split_gain=2.5513 5.57412 3.84748 3.79719 3.16726 4.67453 3.57331 3.1213 2.66175 5.14171 2.76667 4.88114 8.26699 6.29731 3.95079 5.12457 4.82512 4.24261 4.17228 3.6469 3.56017 6.39503 3.42795 4.29909 5.23457 3.7993 3.67864 3.78004 4.66107 3.44859 4.97262 4.0096 4.13224 4.966 6.1111 3.18696 3.00916 4.51986 2.98213 2.72487 4.43725 2.5291 2.39015 4.46412 2.35816 2.21272 1.38575
threshold=5.0339768339768343 0.012720939031767331 90.750000000000014 69.500000000000014 0.94810594810594795 2.4380052380052382 0.7098577098577098 0.44722222222222224 0.35703755703755702 0.0065052117501768116 2.5000000000000004 0.93237596376505805 6.7500000000000009 8.5000000000000018 7.5000000000000009 -0.22471042471042477 0.0026105982328051046 1.5000000000000002 0.0046056978977774979 6.2500000000000009 0.01742053753420256 -0.38243420677835349 1.4432420147015068 62.500000000000007 0.68333333333333346 0.10416666666666667 1.3879179162275554 31.500000000000004 19.500000000000004 0.97648852793709995 0.49961389961389979 0.92273069556937592 64.562500000000014 71.437500000000014 10.500000000000002 8.5000000000000018 -2.0213840213840211 -1.5308958414865332 -0.9433431433431434 74.062500000000014 64.500000000000014 78.250000000000014 0.0057471821203408978 0.53899613899613907 0.0027210377714066555 1.0252173913043481 77.750000000000014
decision_type=2 2 2 2 2 2 2 2 2 2 2 2 2 2 2 2 2 2 2 2 2 2 2 2 2 2 2 2 2 2 2 2 2 2 2 2 2 2 2 2 2 2 2 2 2 2 2
left_child=2 -2 4 -4 6 7 8 46 10 44 22 14 -13 -14 15 17 -16 19 -17 -12 21 -18 26 24 35 -26 27 28 29 30 -1 32 -32 34 -34 36 -24 -38 -39 40 -29 -37 -9 -44 -10 -8 -6
right_child=1 -3 3 -5 5 -7 45 42 9 -11 11 12 13 -15 16 18 20 -19 -20 -21 -22 -23 23 -25 25 -27 -28 39 -30 -31 31 -33 33 -35 -36 41 37 38 -40 -41 -42 -43 43 -45 -46 -47 -48
leaf_value=-0.023124809271245352 0.030490275468038997 -0.0059684164506592467 -0.029625987317042038 0.0024471795053320005 -0.039423954384830664 0.012139861540484114 0.0031281721025113091 0.0058900876480997479 -0.011853573464605792 -0.02749303130816513 -0.00049118527009292957 -0.032169447111993911 0.029826910136406495 -0.015470280436768388 0.032515321964528693 -0.034471396990095042 0.018703813708092779 -0.011381795940761916 0.0048261936955097777 0.028747858423788505 0.02743652833374198 -0.013771558945686609 0.0024200357024843082 -0.025030764682898155 0.020003697356319822 -0.0079813757484705327 0.02294726192409494 -0.00018959280974809381 -0.021288234617171019 0.019849363750772859 0.01169465243767058 0.023980877069571905 -0.0023475477129128591 0.010000420723775622 -0.04153287666845204 -0.01657724540197477 -0.001992108829440621 -0.057195421858215217 -0.018810056899366216 -0.0023662174727822525 0.026941798192277284 0.0092014747336732605 -0.033107797736298815 0.0018145617677793838 0.012735955760201145 0.026609555498426786 -0.013708504374525757
leaf_weight=22.199595548212528 20.937028925865889 19.552173253148794 19.576715623028576 16.475210026837885 11.657906173728408 24.072170767001808 18.015384208410978 23.848456746898592 15.755285763647406 21.62771038711071 16.978988070972264 19.199902473017573 15.738226699177178 13.305050842463968 31.695948847569525 13.475195770617576 30.523418685421348 16.32138777943328 12.25677807908505 27.525419763289392 19.407248159870505 28.235786648467183 12.800522271543739 23.6416628472507 33.36973544023931 18.055215253960341 20.920479157008231 25.478727962821722 27.06167717743665 19.730334589257836 34.890892192721367 16.935391139239073 22.446141436696053 20.426646484993398 17.056893114000559 13.260973751079289 13.128644582349805 10.631730548106132 11.57456161780283 30.284434007480741 35.838877176865935 27.591650297865272 15.918732019141315 19.718367961235344 22.380524360574782 22.521606932394207 11.729738160036502
leaf_count=107 82 105 109 77 87 122 80 105 94 120 93 108 106 72 132 101 136 109 72 124 91 135 61 122 144 98 88 106 143 85 155 68 106 104 92 107 125 81 81 131 135 159 82 98 115 102 74
internal_value=0 0.0131649 0.000496064 -0.0152985 0.00113845 -0.00690484 0.00221789 -0.0125155 0.00143719 -0.00860617 0.00230326 0.006583 -0.00755177 0.00925154 0.0100753 0.0020451 0.0163266 0.00993218 -0.0162727 0.0178271 0.00943442 0.00312899 4.27974e-06 -0.00576321 -0.00236502 0.0102134 0.00323922 0.00164694 -0.00254896 0.000867018 -0.00205526 0.00229804 -0.00178447 -0.00969511 -0.0198749 -0.00966662 -0.0182467 -0.025594 -0.0388606 0.00986436 0.015846 0.00063742 -0.00621946 -0.0142628 0.00253383 0.0165005 -0.0276177
internal_weight=0 40.4892 945.286 36.0519 909.234 106.945 802.289 82.8732 761.752 59.7635 701.988 244.663 48.2432 29.0433 196.42 86.5578 109.862 60.8258 25.732 44.5044 78.1665 58.7592 457.325 164.055 140.413 51.425 293.27 272.35 180.748 153.686 133.956 111.756 94.8206 59.9297 39.503 88.9881 48.1355 35.3349 22.2063 91.602 61.3176 40.8526 59.4856 35.6371 38.1358 40.537 23.3876
internal_count=5029 187 4842 186 4656 568 4088 446 3906 329 3577 1279 286 178 993 499 494 326 173 217 362 271 2298 978 856 242 1320 1232 860 717 632 525 457 302 198 614 348 287 162 372 241 266 285 180 209 182 161
is_linear=0
shrinkage=0.05


Tree=170
num_leaves=50
num_cat=0
split_feature=46 26 41 2 58 64 35 22 41 3 49 54 19 47 10 10 37 10 18 18 53 49 49 5 58 7 9 53 1 53 39 41 1 7 26 39 11 41 18 58 8 62 26 49 0 7 51 42 58
split_gain=2.81401 2.73506 5.22349 2.5998 6.95782 3.20269 5.06778 4.38901 4.03004 4.4574 6.98077 5.4641 3.17215 2.89262 6.87103 2.80848 3.35712 2.73641 2.53513 2.68651 3.31248 6.19694 3.19834 3.19764 5.49555 4.05817 4.95736 5.69929 2.79769 5.64361 3.28448 5.05859 3.40448 5.04854 5.19847 3.19754 6.08401 5.72681 4.34807 3.2134 3.16624 3.84217 5.79505 3.14238 2.90473 2.45412 1.98089 1.50927 0.439111
threshold=87.500000000000014 0.088495247231807725 0.30217391304347835 80.250000000000014 -0.50556189049999822 1.5000000000000002 88.250000000000014 1.3823354978681499 0.14642857142857144 62.500000000000007 81.500000000000014 65.500000000000014 4.5000000000000009 1.0000000180025095e-35 0.17837837837837831 0.60154440154440125 5.7500000000000009 -0.17374517374517393 14.500000000000002 9.5000000000000018 1.0000000180025095e-35 7.5000000000000009 65.500000000000014 1.0000000180025095e-35 0.69056404122701587 -0.48251748251748222 1.3691119691119693 8.5000000000000018 81.500000000000014 10.500000000000002 1.5000000000000002 -0.20942982456140349 87.250000000000014 0.8481518481518483 0.0029774141428623563 1.5000000000000002 -1.1446499446499447 -0.069047619047619038 3.5000000000000004 0.62587949062545845 0.10671936758893276 1.5000000000000002 0.0027840687432916758 1.0000000180025095e-35 78.750000000000014 1.363636363636364 24.500000000000004 1.6306818181818186 0.54219432480460406
decision_type=2 2 2 2 2 2 2 2 2 2 2 2 2 2 2 2 2 2 2 2 2 2 2 2 2 2 2 2 2 2 2 2 2 2 2 2 2 2 2 2 2 2 2 2 2 2 2 2 2
left_child=1 3 -3 5 -5 8 12 -8 9 10 11 45 18 14 -13 16 -11 -15 19 22 21 -21 28 25 -25 -22 27 48 29 35 32 -32 33 46 -35 39 -37 -38 -39 40 -7 43 -43 -42 -41 -1 47 -30 -27
right_child=-2 2 -4 4 -6 6 7 -9 -10 15 -12 13 -14 17 -16 -17 -18 -19 -20 20 23 -23 -24 24 -26 26 -28 -29 30 -31 31 -33 -34 34 -36 36 37 38 -40 44 41 42 -44 -45 -46 -47 -48 -49 -50
leaf_value=-0.0067958192727644836 0.020538747125077833 -0.029611210879030722 0.0083412178159864327 0.02474481727014162 -0.0079829156455880537 0.01952981074500286 0.038134022379992978 0.0037011554784498915 -0.026118893491834373 -0.015641273961050747 -0.034925854257375738 -0.024912464974703803 0.020786920909754102 0.025509936008180557 0.016871981351972751 0.022565904834847304 0.013634715407467036 0.00032338067214621614 0.017811507173465618 -0.0014382865347207885 0.023790230683846312 -0.038646953680737381 -0.018786217985674387 0.0042616778120545097 -0.033485225971627473 -0.014541163752913235 0.0192678957725754 0.012361542094246562 0.02590738190849258 -0.022391111907272537 -3.9137766875224864e-05 0.032027513435906686 0.022719061926992065 -0.032005305066351346 0.001437708262615749 -0.040651182455257479 0.026135761949579922 0.01069384893739379 -0.035338723433658438 0.0034479173431337545 0.0017558236660556983 -0.014101467687184274 0.03420282984938703 -0.021394695762867968 0.029070412753906538 -0.029281894065207204 -0.0036063811043154908 0.006111454841221972 -0.028140075773263853
leaf_weight=33.745276556350291 17.509134609252214 19.147732067853212 15.845384085550902 37.347876801155508 27.502762442454696 17.668813455849886 16.974117686972022 19.571571006905288 18.571153788361698 16.739163689315319 18.465959165245295 19.251955963671207 19.303839437663555 22.915740765631199 18.180951942689717 22.55762424506247 20.860069464892149 19.687635760754347 19.847723750397563 27.693338816985488 19.478123065084219 17.8699237909168 16.216361564584076 20.751818656921387 16.697326159104705 15.549543388187884 19.501461358275265 17.848680049180984 18.810695100575686 25.112055009463802 21.06800046376884 28.539626119658351 18.443075461313128 18.462953206151724 28.634045146405697 10.499581442680208 13.043942872434853 8.4863712817896175 10.692054357845334 21.201408843975514 28.122109251562506 10.254730793880301 13.222456756979225 29.300167439505458 22.842051726300269 18.729235334321856 18.404427455738187 20.319500019773841 16.567471403628588
leaf_count=158 87 108 68 154 149 75 72 104 116 84 96 103 94 90 83 102 109 81 87 135 89 92 82 98 93 79 90 70 82 149 91 137 75 130 151 92 65 59 127 141 147 86 84 142 98 107 97 84 82
internal_value=0 0.000857216 -0.0126715 0.00137293 0.0109547 0.000652477 0.00245292 0.0202837 -0.0044074 -0.00238355 -0.00696043 -0.00283092 0.00135403 0.00537875 -0.00470705 0.00902911 0.0005335 0.0141452 0.000685421 6.03572e-05 -0.00514713 -0.0165481 0.00230996 -0.000939612 -0.0130016 0.004227 -0.00151817 -0.00984978 0.00324946 -0.000624184 0.00794663 0.0186774 0.00350573 -6.39581e-05 -0.0120655 0.0024295 -0.00942682 0.00166492 -0.015449 0.00602218 0.000956217 -0.00328927 0.0133896 -0.0102209 0.0170868 -0.0152191 0.00979859 0.0160362 -0.022194
internal_weight=0 976.548 34.9931 941.555 64.8506 876.704 646.999 36.5457 229.705 211.134 150.977 132.511 610.454 80.0363 37.4329 60.1569 37.5992 42.6034 591.15 571.302 171.958 45.5633 399.344 126.394 37.4491 88.9453 69.4672 49.9657 383.128 210.446 172.682 49.6076 123.075 104.632 47.097 185.334 42.7219 32.2224 19.1784 142.612 98.5683 80.8995 23.4772 57.4223 44.0435 52.4745 57.5346 39.1302 32.117
internal_count=5074 4987 176 4811 303 4508 3379 176 1129 1013 718 622 3203 357 186 295 193 171 3109 3022 828 227 2194 601 191 410 321 231 2112 1265 847 228 619 544 281 1116 343 251 186 773 534 459 170 289 239 265 263 166 161
is_linear=0
shrinkage=0.05


Tree=171
num_leaves=48
num_cat=0
split_feature=59 8 27 27 30 53 51 53 62 26 5 11 49 50 39 38 65 46 53 54 41 41 22 52 57 42 42 41 51 57 42 18 8 51 8 9 9 5 23 41 26 36 51 50 46 58 20
split_gain=3.71984 8.17826 4.81683 5.08425 4.59929 4.01113 3.53199 2.81409 7.91788 4.35148 4.23325 5.93114 4.78744 3.25667 3.76157 4.2617 3.53447 5.27593 4.95255 4.51992 4.33701 3.97255 3.58331 5.12769 5.83269 3.9054 5.83056 5.73333 4.01974 3.1272 2.9791 2.97253 2.96125 4.13521 4.07646 4.30409 4.26493 3.79458 3.18331 4.10531 4.28682 3.88236 2.95503 2.81694 2.06153 1.8536 1.55924
threshold=-0.96234030595689413 1.3257665903890163 0.4300000000000001 0.65000000000000002 72.500000000000014 1.5000000000000002 66.500000000000014 9.5000000000000018 1.5000000000000002 0.0079819247852017747 -1.0000000180025095e-35 -0.19892539892539909 11.500000000000002 7.5000000000000009 2.5000000000000004 2.5000000000000004 1.0000000180025095e-35 76.500000000000014 1.5000000000000002 23.500000000000004 -0.41042780748663094 -0.080128205128205107 1.5116573282773487 5.5000000000000009 67.937500000000014 1.8397435897435901 1.6417112299465242 -0.18350168350168347 27.500000000000004 61.062500000000007 1.7362318840579711 9.5000000000000018 1.2547826086956524 11.500000000000002 0.96652173913043493 1.2316602316602319 0.33281853281853285 1.0000000180025095e-35 1.0000000180025095e-35 -0.069047619047619038 0.0042678519136483658 73.750000000000014 28.500000000000004 1.0000000180025095e-35 13.500000000000002 -0.59176244063315286 2.7500000000000004
decision_type=2 2 2 2 2 2 2 2 2 2 2 2 2 2 2 2 2 2 2 2 2 2 2 2 2 2 2 2 2 2 2 2 2 2 2 2 2 2 2 2 2 2 2 2 2 2 2
left_child=1 5 -2 -4 7 -1 -7 13 9 10 -9 12 -12 14 16 -16 22 18 20 -20 -18 45 32 25 -25 26 31 29 -29 -27 -21 -24 34 -34 35 36 -5 -36 39 44 -41 -40 -10 -43 -38 -22 -11
right_child=2 -3 3 4 -6 6 -8 8 42 46 11 -13 -14 -15 15 -17 17 -19 19 30 21 -23 23 24 -26 27 -28 28 -30 -31 -32 -33 33 -35 37 -37 38 -39 41 40 -42 43 -44 -45 -46 -47 -48
leaf_value=-0.0056940468929097647 0.019520756990795956 0.010118337948604315 -0.022760148406944555 0.018770461044949577 0.024577562584947039 -0.014377000557490872 -0.050167241051496586 0.023320481144964517 -0.0086123970519885323 -0.023980990999581647 -0.007610969324763738 -0.02411851641275211 0.026927749660880507 0.021580589059088565 0.003619935209746919 -0.027403816345681606 0.018789138638785625 -0.010685846764566707 0.0024071184969578045 0.012992010346647473 -0.0038095937740826543 0.012814718521903449 -0.025938958553999691 0.030480479789026179 -0.01235747433745979 0.0004297357106622035 -0.053003078688962736 -0.0045010757383881529 0.034939837055065724 -0.026956258657381299 0.035504497462568785 0.010261552676811014 0.033289527647645999 0.0028516968748847696 -0.024616499297475145 0.025785505491483118 0.027542168412295433 0.0048512988372301901 0.0084212503956555274 0.01100521792331908 -0.02409831571279936 -0.034132039010244912 -0.041096282479732793 -0.0075977842805083741 0.0036170237132295969 -0.024717746161557093 -0.0030025739644059042
leaf_weight=24.384193385019898 35.803163545206189 33.742740325629711 20.860914401710033 27.921808309853077 20.348392631858587 14.509624636732044 14.413475191220639 25.890462584793568 12.610997514799239 17.414434368722141 18.936924134381115 17.536803480237722 19.542192598804832 20.503824040759355 21.195180394221097 21.708499161526561 28.726044412702322 31.706594340503216 27.982447964139283 26.529746672138572 24.899496361613274 21.72069978620857 11.314493289683016 16.320356573909525 13.901511189527808 17.197077000513673 11.671529868617652 13.650958165759221 10.93330807890743 25.34710305929184 37.564146608579904 9.7388376891612989 17.29009391926229 29.15874130371958 25.679004456847906 19.554714067839086 18.371630676090717 18.021298140287399 17.529329411685467 15.51550576975569 17.587203125935048 17.150427648797631 16.816126920282841 23.990921309217811 17.470996398478746 18.048894099891186 17.69754121825099
leaf_count=124 136 152 88 114 82 85 78 100 87 89 102 95 80 127 143 138 116 153 133 134 115 107 140 98 82 80 96 134 70 122 148 49 81 136 142 84 89 82 84 78 100 86 128 119 76 90 84
internal_value=0 -0.00896347 0.00180477 0.00104853 0.00166419 -0.0210059 -0.0332931 0.00106806 -0.00519313 0.000709185 0.00701314 -0.000800908 0.0101678 0.00243031 0.00179924 -0.0123442 0.00280846 0.00791696 0.0111374 0.0193028 0.0029681 -0.00423872 -1.0937e-05 -0.0067783 0.0110111 -0.0122183 -0.026119 -0.00515785 0.0137195 -0.0161307 0.0265289 -0.00948736 0.00332079 0.0146447 0.000861085 0.00428028 0.00142913 -0.0126278 -0.00248152 0.00477778 -0.00780476 -0.0109492 -0.0279159 -0.0192065 0.0162949 -0.0129587 -0.0137832
internal_weight=0 87.05 899.36 863.557 842.696 53.3073 28.9231 822.348 146.445 117.018 81.9064 56.0159 38.4791 675.902 655.399 42.9037 612.495 217.178 185.471 92.0763 93.3951 64.6691 395.317 130.075 30.2219 99.8533 32.7249 67.1284 24.5843 42.5442 64.0939 21.0533 265.242 46.4488 218.793 175.093 155.538 43.7003 127.616 68.9453 33.1027 58.6707 29.4271 41.1413 35.8426 42.9484 35.112
internal_count=5056 439 4617 4481 4393 287 163 4311 765 550 377 277 182 3546 3419 281 3138 996 843 415 428 312 2142 871 180 691 285 406 204 202 282 189 1271 217 1054 830 746 224 632 343 178 289 215 205 165 205 173
is_linear=0
shrinkage=0.05


Tree=172
num_leaves=49
num_cat=0
split_feature=26 59 26 9 8 26 8 6 39 37 9 48 21 21 12 26 9 8 46 45 11 59 57 3 33 52 42 36 6 21 65 9 36 41 8 25 65 45 35 58 9 44 26 57 18 8 11 52
split_gain=1.96825 2.97735 2.33274 2.58816 5.16063 4.18976 4.43597 5.51101 3.97511 3.66278 3.38338 2.23089 2.1006 3.29839 2.37513 4.32564 4.07863 8.14321 4.45349 3.58081 4.64656 4.02199 4.29909 3.43684 3.28073 3.9755 6.49118 6.48213 4.50462 5.71332 5.48045 3.73982 3.891 3.52774 7.345 4.95025 4.9743 3.95509 3.45261 3.0236 2.99276 3.5453 2.67071 2.6306 2.46013 4.13812 4.04398 1.21071
threshold=0.00070347386533482206 0.69521084835931835 0.00093337413631281428 1.9220077220077225 1.8848150292363808 0.0085404798124038665 2.0843478260869568 2.8714285714285719 1.5000000000000002 6.7500000000000009 1.8617760617760624 1.0000000180025095e-35 1.2746500939737988 1.1363672635645734 0.062500000000000014 0.0019488901706648197 -0.24324324324324326 -0.51913043478260856 3.5000000000000004 60.500000000000007 0.35703755703755702 0.42763731121559989 72.562500000000014 737.50000000000011 1.5000000000000002 1.5000000000000002 1.4868421052631582 73.750000000000014 -3.0833976833976826 0.79012959837684982 2.5851166976785733 1.1745173745173749 74.750000000000014 -0.29705882352941171 1.3800000000000003 0.44722222222222224 -0.37717181534043548 13.500000000000002 87.750000000000014 -0.12546116083924153 0.856756756756757 5.0000000000000009 0.0079819247852017747 69.937500000000014 5.5000000000000009 1.233913043478261 -0.76315576315576317 1.5000000000000002
decision_type=2 2 2 2 2 2 2 2 2 2 2 2 2 2 2 2 2 2 2 2 2 2 2 2 2 2 2 2 2 2 2 2 2 2 2 2 2 2 2 2 2 2 2 2 2 2 2 2
left_child=1 -1 -2 10 8 6 -6 11 9 -5 12 47 13 14 15 -4 -16 -18 -19 20 23 22 -22 40 25 26 43 42 -29 30 33 32 -28 -30 35 37 38 -35 -37 -33 41 -17 -27 -20 -42 46 -46 -8
right_child=2 -3 3 4 5 -7 7 -9 -10 -11 -12 -13 -14 -15 16 19 17 18 24 -21 21 -23 -24 -25 -26 27 31 28 29 -31 -32 39 -34 34 -36 36 -38 -39 -40 -41 44 -43 -44 -45 45 -47 -48 -49
leaf_value=-0.028808833118378181 0.015758971934492563 0.0033660824967076865 -0.015674494575067418 0.003520577384845144 0.016100217687497476 0.018254972734163082 -0.019829178832064174 0.010693895652045378 -0.041234130408013797 -0.029098035183013217 0.021794629836466021 -0.0070284165981854959 -0.013110288121879754 0.0207511992030548 -0.026145044658605981 0.0075881428463698171 0.02931665338407723 -0.025072334882383029 0.03191163447173289 0.022658694586026505 0.013333960710617807 -0.025130138615942189 -0.01664734401459048 -0.0080612932033314218 0.017083514711575001 -0.034224573377625703 0.0037548826981687144 0.020302113359146005 0.014908407805237573 -0.03090963766514019 -0.030145728345145614 -0.0031343203396182392 -0.023746974823716745 0.0033056871803797357 -0.030374790286431669 -0.023032251609981229 0.022878043536029964 -0.031375365127589802 0.012365063641832619 0.022023296169281059 0.020041254229825313 0.035112027515311846 -0.0071107188823352476 0.0065326949672698705 0.0051069178693837871 0.016147345249871131 -0.024726110633221665 -0.049376258148102301
leaf_weight=14.010833964683117 21.513245320878923 13.440061518689616 25.663622837513685 20.408508429303765 14.83811948308721 23.079738366417587 8.3813822087831849 13.484107315074651 14.16975486744195 13.649965342599897 17.264255290385336 9.6476265750825387 28.301767658442259 18.650366220623255 16.187811005860567 24.628137499094009 19.690007077530026 20.339587150141597 21.756061758846045 26.210661936551332 27.467269845306873 20.986076910048723 19.617769937962294 27.400492716580629 21.164088416844606 25.478844274766743 21.694075770676136 18.014675475656986 33.256605818867683 18.427501472644508 14.798720417544244 29.594644771888852 29.749233363196254 16.999581742100421 19.646145001985133 12.983026103116574 35.072912907227874 14.614600081928073 12.677021698094903 18.789420448243618 21.946982238441706 22.582436613738537 14.788788134232162 19.683788718655705 25.040275797247887 27.473420463502407 19.380518816411495 9.661573726218192
leaf_count=94 124 86 118 97 94 129 95 97 110 107 83 51 139 81 87 101 75 111 105 121 116 109 80 107 93 145 97 68 135 99 74 138 159 89 133 82 158 112 81 83 76 114 83 105 109 109 90 117
internal_value=0 -0.0134913 -0.000145883 -0.000528141 -0.00712474 0.000776277 -0.00661958 -0.0149947 -0.0198347 -0.0100094 0.000518814 -0.0274407 2.73684e-05 0.000531562 -2.61133e-06 0.00354087 -0.00224945 -0.00131137 -0.00281514 0.00547013 0.00347798 -0.00747292 0.00075596 0.00792119 -0.00162127 -0.00271079 0.0039099 -0.006661 -0.00286197 -0.00530015 -0.00217793 -0.0030255 -0.0122988 0.000858193 -0.00340906 0.00259163 0.010891 -0.0131971 -0.0057368 0.00688349 0.0110608 0.021209 -0.0246803 0.0202947 0.00578558 0.00121854 -0.00816686 -0.037413
internal_weight=0 27.4509 956.855 935.342 127.321 79.0925 56.0128 41.1747 48.2282 34.0585 808.021 27.6906 790.757 762.455 743.805 288.398 455.407 439.219 419.529 262.734 236.523 68.0711 47.085 168.452 399.19 378.026 141.267 236.758 196.491 178.476 160.049 99.8274 51.4433 145.25 111.993 92.3471 60.733 31.6142 25.66 48.3841 141.052 47.2106 40.2676 41.4399 93.8412 71.8942 44.4208 18.043
internal_count=5066 180 4886 4762 897 583 454 360 314 204 3865 263 3782 3643 3562 1250 2312 2225 2150 1132 1011 305 196 706 2039 1946 687 1259 1031 963 864 477 256 790 655 522 321 201 163 221 599 215 228 210 384 308 199 212
is_linear=0
shrinkage=0.05


Tree=173
num_leaves=47
num_cat=0
split_feature=65 22 3 40 12 59 25 6 55 10 65 38 18 58 65 58 54 65 45 39 24 19 59 45 45 35 46 46 46 55 8 6 18 58 15 42 0 15 25 26 54 26 54 22 37 58
split_gain=3.48452 3.70659 4.16569 6.68086 3.69893 3.60437 3.58438 5.7891 5.05581 3.54353 3.47402 3.9669 3.21245 3.91485 3.15673 2.87504 2.78714 2.66559 3.38701 3.652 3.82483 2.5039 7.79396 4.90698 5.17935 6.07379 4.47994 6.2017 4.72364 5.73229 3.49843 3.10918 3.60505 6.75498 4.3545 4.23922 3.82977 3.19649 2.35688 2.26932 5.08879 3.34103 3.73413 2.96797 2.33789 1.69581
threshold=5.7434764455486418 1.6923937778759168 37.500000000000007 -1.7499999999999998 0.14583333333333334 -0.38243420677835349 0.68333333333333346 2.2285714285714291 5.5000000000000009 -0.41930501930501946 -1.5308958414865332 1.0000000180025095e-35 6.5000000000000009 -0.2270106897347694 3.3542660484426392 0.15951094710994371 33.500000000000007 1.0849209594961937 33.500000000000007 1.5000000000000002 0.37500000000000006 1.7500000000000002 0.97648852793709995 48.500000000000007 34.500000000000007 89.250000000000014 17.500000000000004 26.500000000000004 48.500000000000007 6.5000000000000009 1.150434782608696 2.8714285714285719 7.5000000000000009 0.12545942051955489 7.5000000000000009 1.7362318840579711 84.250000000000014 7.5000000000000009 0.68333333333333346 0.0024866857918092494 48.500000000000007 0.0034398078285924369 80.500000000000014 1.2705101556141922 6.7500000000000009 -0.41398024697495356
decision_type=2 2 2 2 2 2 2 2 2 2 2 2 2 2 2 2 2 2 2 2 2 2 2 2 2 2 2 2 2 2 2 2 2 2 2 2 2 2 2 2 2 2 2 2 2 2
left_child=1 14 6 15 9 -6 8 -8 -3 -5 11 -10 13 -12 17 -4 -13 21 -19 20 -20 26 23 24 25 31 39 45 29 -29 -31 32 -23 36 38 -36 -34 -33 -35 40 44 -41 43 -43 -1 -28
right_child=-2 2 3 4 5 -7 7 -9 10 -11 12 16 -14 -15 -16 -17 -18 18 19 -21 -22 22 -24 -25 -26 -27 27 28 -30 30 -32 37 33 34 35 -37 -38 -39 -40 41 -42 42 -44 -45 -46 -47
leaf_value=0.020793499011710258 0.016984573499113798 0.017591577696667537 0.012521620209340939 0.02498876007306268 0.0076724719189929114 -0.029875581156289945 0.022332001029170254 -0.012442781432018053 0.022962028393012396 -0.0044718812749663375 0.011418144413223722 -0.035164479594604718 -0.036292731305152134 -0.028790605229977801 -0.020027810578126193 0.038803909347368055 0.005309334167303374 0.021621121418838294 -0.019140551659077538 0.014405583861928889 0.0059416420056403151 -0.030486093057418645 0.023561737936332955 0.014972741229182619 -0.031430484196809605 0.016016023488916158 -0.01291449132801839 0.021574592085983169 -0.017626280617134213 -0.02058262810104261 0.010110602160363235 -0.011919480235797274 0.014100408272655726 0.0014966876618659804 -0.050103769440069348 -0.012924025935382914 -0.011182427870098072 0.014623559435254445 -0.02005359612132674 0.025783482966969824 -0.02558289322146759 -0.013023385693558341 0.020527832191490642 0.0093047615737152731 -0.0038105516661223662 -0.039299042380461724
leaf_weight=16.831157226115465 28.893882783129811 15.788482054136692 20.589065160602331 20.63947868347168 10.987884991802277 13.249875475885345 31.514891359955072 18.128404365852475 11.003259477205576 18.828307200223207 11.605960363987833 7.354792453814297 19.387735784053802 10.801071151625365 22.883729047141969 23.338153079152107 8.204214209225027 24.179254706948996 28.867112873122096 31.373126443475485 30.217891033738852 25.747260187752545 19.668945517390966 20.124084401875734 24.876554392278194 23.244921925477684 12.74083790741861 31.825703488662839 27.965491837821901 20.110340851359069 15.743025906383989 21.615255810320377 32.09661890566349 23.851468723267317 17.004522181116048 14.960509285330771 26.39794634282589 21.766855632886291 25.794656991958618 24.800125770270824 15.642387986183165 29.180847177281976 25.781444200314581 28.394889418035746 20.496038804762065 13.889408823102711
leaf_count=69 154 80 105 84 74 150 146 94 76 92 80 112 122 116 116 98 81 110 130 118 126 131 92 77 127 116 69 136 136 108 79 103 145 108 112 70 131 104 117 117 87 151 117 128 111 93
internal_value=0 -0.000349729 0.00499735 0.0122714 0.0018287 -0.0132241 -0.0009022 0.00963824 -0.0071609 0.0111712 -0.0130492 0.00111368 -0.021866 -0.008366 -0.00215191 0.0270381 -0.014791 -0.00153556 0.00540111 0.000876536 -0.00642735 -0.00291223 -0.00611094 -0.00829132 -0.0101614 -0.0077606 0.000451352 -0.00673432 -0.000699232 0.00644996 -0.00719674 -0.0104657 -0.0135666 -0.0102632 -0.0194708 -0.0336226 0.00269437 0.00142784 -0.00987508 0.00591227 -0.00253661 0.0100354 0.00509999 -0.00204085 0.00753669 -0.0276
internal_weight=0 959.494 241.422 107.633 63.7055 24.2378 133.789 49.6433 84.1455 39.4678 68.357 26.5623 41.7948 22.407 718.072 43.9272 15.559 695.189 114.637 90.4581 59.085 580.551 297.15 277.481 257.357 232.48 283.402 122.275 95.6446 67.6791 35.8534 209.235 165.853 140.106 81.6112 31.965 58.4946 43.3821 49.6461 161.127 52.9696 108.157 83.3572 57.5757 37.3272 26.6302
internal_count=5098 4944 1510 603 400 224 907 240 667 176 587 269 318 196 3434 203 193 3318 484 374 256 2834 1433 1341 1264 1137 1401 621 459 323 187 1021 814 683 407 182 276 207 225 780 267 513 396 279 180 162
is_linear=0
shrinkage=0.05


Tree=174
num_leaves=48
num_cat=0
split_feature=20 42 39 59 7 1 57 62 7 6 22 0 0 28 57 18 59 8 22 27 7 65 7 9 6 45 65 21 8 8 40 22 46 54 8 53 8 65 20 57 8 18 15 8 59 27 36
split_gain=2.72962 2.59478 1.94214 4.36282 8.17031 8.16737 4.02891 5.21865 4.98354 4.16579 5.32783 4.22685 3.8164 3.74694 5.04822 3.38448 3.18677 3.11312 3.09779 3.06548 3.34376 4.96435 6.03923 4.16648 4.14382 3.46557 4.92318 3.40185 3.23427 7.10103 5.72158 4.31641 4.14883 3.63503 3.46047 3.45738 3.37076 2.73451 2.73287 2.55166 2.49075 5.65331 2.36858 1.54338 1.46881 1.62652 0.562452
threshold=1.0000000180025095e-35 3.8090909090909095 1.0000000180025095e-35 0.57605713708605399 1.6963036963036966 80.250000000000014 65.187500000000014 1.5000000000000002 1.8111888111888113 0.34285714285714264 1.320978438427026 86.250000000000014 79.750000000000014 17.500000000000004 61.437500000000007 3.5000000000000004 0.98486764554468398 0.44608695652173924 1.5116573282773487 0.99358024691358027 0.24150581752294822 -0.37717181534043548 -0.27272727272727254 0.82393822393822413 -1.6285714285714279 60.500000000000007 1.8921732736060097 0.72330837703699991 0.44608695652173924 1.0982608695652176 1.0000000180025095e-35 1.1658395482950017 10.500000000000002 2.5000000000000004 0.10671936758893276 11.500000000000002 1.2748681758537421 1.0468179961504429 2.7500000000000004 63.437500000000007 2.1409937888198765 8.5000000000000018 7.5000000000000009 1.839130434782609 -0.78324956448884031 0.8633333333333334 79.250000000000014
decision_type=2 2 2 2 2 2 2 2 2 2 2 2 2 2 2 2 2 2 2 2 2 2 2 2 2 2 2 2 2 2 2 2 2 2 2 2 2 2 2 2 2 2 2 2 2 2 2
left_child=-1 2 3 5 12 -2 -7 8 9 10 -8 -11 17 15 -15 39 19 -5 44 -17 21 23 24 -21 46 26 28 -25 34 31 35 32 -30 -32 -22 36 -31 -26 43 -4 41 -40 -33 -38 -16 -46 -23
right_child=1 -3 13 4 -6 6 7 -9 -10 11 -12 -13 -14 14 18 16 -18 -19 -20 20 25 22 -24 27 37 -27 -28 -29 29 30 33 42 -34 -35 -36 -37 38 -39 40 -41 -42 -43 -44 -45 45 -47 -48
leaf_value=-0.018860971124145115 -0.03657099223991149 0.018847670475329818 0.035318684185862259 0.017670577138878322 -0.025116562632016962 0.018599695968449771 -0.01228148658539234 -0.026355307229271031 0.016606514867556474 -0.036233646518425415 0.021042470082525397 -0.0059209385070724046 0.025856121568772247 -0.010450083419738673 -0.00084350665632791297 -0.016247252998522355 -0.018999366853663675 -0.01188659003336323 0.032348198013161175 -0.031012714545451233 0.0064343699174286327 0.026811404478478448 -0.017220841470457188 -0.018506149648789865 -0.012993291143462767 0.022256444195685107 -0.021781315253447696 0.0086944914691654881 0.022250335843523792 -0.012067984226072248 0.0049154824279195042 0.015793810393659357 -0.0068823345401401309 -0.047743852944653747 -0.025423310704479216 -0.017634763408628632 -0.008529699235335279 0.012040213054820479 0.041681248080919178 0.0038721123213587734 -2.6596999761086601e-05 0.0067074346559340848 0.040347621419079119 0.011034704610005438 0.02207240112705542 0.0035926562867394244 0.013261198892852972
leaf_weight=16.53750014025718 19.983628660440445 19.042177144438028 10.704332234337928 15.887600015848873 15.495613799430428 17.517760258167982 24.368700079619884 25.307343448046595 27.448644537478685 17.469264171086252 21.791425086557865 31.793995023239404 33.427015563473105 22.677808809559792 20.771462678909302 25.409414351917803 21.168404741212726 17.877736047375947 20.357453601434827 24.12495509814471 15.827411234378813 20.562607407569885 28.002166673541069 22.638180263340473 22.752695109695196 23.73219671100378 18.15563530754298 21.519125594757497 22.032619880512357 21.068557849153876 4.6990608111955217 21.098623305559158 25.282854404300451 8.6564495931379479 16.687367575243115 16.970110042952001 24.54979732632637 19.186455823481083 19.363937225192785 15.000513993203638 18.318320306017995 27.802188944071531 21.593501401133835 15.653964215889571 30.024757243692875 20.057323735207319 17.684285268187523
leaf_count=92 136 111 94 64 102 94 132 156 131 99 87 157 150 134 85 136 128 99 87 125 78 96 140 119 107 96 94 87 96 92 72 81 122 160 93 90 134 82 80 100 100 121 104 91 114 87 77
internal_value=0 0.00104272 0.000667371 -0.00293045 0.00657033 -0.00717391 -0.0034304 -0.00614202 -0.00179964 -0.0072115 0.00356281 -0.0171772 0.014139 0.00208092 0.0103188 0.000420476 -0.000431026 0.00212918 0.0155399 0.000354792 0.0012328 -0.00428224 0.00238928 -0.0147347 0.0093652 0.00426396 0.00276022 -0.0053515 0.00442572 0.00638186 -5.65232e-05 0.0174954 0.00686315 -0.0301642 -0.0101865 0.00293026 0.00579997 -0.00152719 0.00944161 0.0177997 0.0156649 0.0216331 0.0288522 -0.000829063 0.0103276 0.0148867 0.0210437
internal_weight=0 971.545 952.503 268.369 82.688 185.681 165.697 148.179 122.872 95.4234 46.1601 49.2633 67.1924 684.135 113.889 570.246 544.541 33.7653 91.211 523.372 497.963 176.47 108.188 68.2823 80.186 321.493 297.76 44.1573 279.605 247.09 157.082 90.0076 47.3155 13.3555 32.5148 143.727 126.757 41.9392 105.688 25.7048 65.4844 47.1661 42.6921 40.2038 70.8535 50.0821 38.2469
internal_count=5112 5020 4909 1407 415 992 856 762 606 475 219 256 313 3502 507 2995 2801 163 373 2673 2537 833 502 331 362 1704 1608 206 1514 1343 940 403 218 232 171 708 618 189 526 194 301 201 185 225 286 201 173
is_linear=0
shrinkage=0.05


Tree=175
num_leaves=48
num_cat=0
split_feature=18 42 7 10 58 18 18 2 52 5 9 0 0 36 54 3 58 21 7 9 54 27 58 22 58 18 20 55 45 21 47 53 52 65 39 58 65 53 7 21 40 54 6 40 15 54 60
split_gain=3.04361 4.72645 4.46179 7.51544 3.68049 2.9234 3.2765 6.5644 5.00505 5.90055 4.46197 3.54585 5.99806 3.24359 3.40569 3.30866 3.69213 4.69878 4.99926 5.80174 4.70586 4.34749 4.11259 3.53564 4.73311 3.76709 4.35318 3.03414 2.93881 6.07898 5.81473 3.99085 2.8606 3.45311 3.31341 3.13958 3.62613 2.94276 2.56445 2.38819 2.38052 2.19593 1.76333 1.37842 1.21151 1.08872 0.978889
threshold=11.500000000000002 1.851648351648352 0.59244402161653231 -0.32664092664092698 0.056951373111866731 4.5000000000000009 6.5000000000000009 79.250000000000014 4.5000000000000009 1.0000000180025095e-35 1.8764478764478769 83.250000000000014 77.250000000000014 82.750000000000014 69.500000000000014 7.5000000000000009 -0.46038400545438724 1.0863644848453042 -0.713286713286713 0.65868725868725886 20.500000000000004 0.99691358024691368 -0.62588817255938378 0.88606297638948883 -0.77245553105869302 7.5000000000000009 2.7500000000000004 6.5000000000000009 3.5000000000000004 0.4401131486960887 1.0000000180025095e-35 4.5000000000000009 8.5000000000000018 -0.37717181534043548 1.0000000180025095e-35 -0.65234524191686594 -1.5308958414865332 4.5000000000000009 0.69020979020979034 0.52243118397129218 -1.0000000180025095e-35 5.5000000000000009 1.7394957983193284 1.0000000180025095e-35 7.5000000000000009 37.500000000000007 5.5000000000000009
decision_type=2 2 2 2 2 2 2 2 2 2 2 2 2 2 2 2 2 2 2 2 2 2 2 2 2 2 2 2 2 2 2 2 2 2 2 2 2 2 2 2 2 2 2 2 2 2 2
left_child=5 2 4 -4 -2 32 7 8 9 11 38 12 -7 15 -15 -8 22 18 44 20 -20 45 23 -17 25 -25 -27 -28 40 -30 31 -31 33 35 -35 -1 41 43 -10 -3 -23 -37 -11 -36 -18 -21 -41
right_child=1 39 3 -5 -6 6 13 -9 10 42 -12 -13 -14 14 -16 16 17 -19 19 21 -22 28 -24 24 -26 26 27 -29 29 30 -32 -33 -34 34 37 36 -38 -39 -40 46 -42 -43 -44 -45 -46 -47 -48
leaf_value=-0.027786322326907992 0.022878744546192969 0.032014993761048098 -0.036037412119136872 0.0057696259454709346 -0.0025415286122254656 -0.027822060346744795 0.016029614727798524 0.020611569719047072 -0.023940816338584289 -0.051594555767200845 0.020266088617351952 -0.026195459017945677 0.011617071992641727 -0.032340419196225365 0.0001776786560358541 0.022060615810938232 0.021606227004971994 -0.027683749191811231 -0.0050930190565916626 -0.0079479006947549957 -0.041440729653034698 0.021062060319980473 0.022921256325463144 -0.015296525317265428 -0.02145657803144773 -0.005668289147250251 0.0062745233513123756 0.033185561555244852 -0.030507897073628248 -0.021587272856593516 0.019794972410669139 0.0047935979107458903 0.023080146135758726 -0.0085475954237173076 0.030406142535162502 -0.0049913525717688138 -0.018503900649154418 -0.0011708567174044781 0.0024570881837190054 0.0018313451950442657 -0.0012118782021412686 0.024584143662541996 -0.022653393132302125 0.011456779747324333 0.0045098907290174435 -0.027099016852168589 0.0180470711182114
leaf_weight=12.851529916282741 25.553598819300532 19.34328705072403 17.619836097583175 24.887129477225244 30.319782119244337 13.579401931958271 31.642204722389579 16.292785743251443 16.293869587592781 13.347787272185089 17.339622014435008 22.458402446471155 27.475026754662395 14.757981909904631 16.442603175528347 17.610302656888962 21.182357437908649 18.401809170842171 18.056666193529963 15.308950869366527 17.206680525094271 28.37935415096581 27.20478246640414 19.492957343347371 22.503064274787903 29.399564933031797 22.766812812536955 19.366157062351704 15.651292190421371 24.878160424530506 30.229505464434624 31.49423017539084 18.711935221217573 19.611847136169672 22.348737861029804 10.610468411352484 15.225270489463584 19.881361889187247 19.300566859543324 18.397682636976242 20.097443357110023 13.41282846406102 12.674510122742502 19.513324131257832 20.695589460432529 15.907393017783761 18.370328068733215
leaf_count=89 117 87 93 117 144 118 129 77 85 83 101 133 136 97 90 77 89 93 81 77 95 129 125 96 115 146 98 80 111 149 115 156 90 111 101 103 99 102 110 85 153 81 86 92 83 83 87
internal_value=0 0.00670552 6.30027e-05 -0.0119901 0.00928225 -0.000931412 -0.00237768 -0.0086092 -0.0120713 -0.0192122 0.000139491 -0.0106853 -0.00177942 -0.000380508 -0.0157302 0.000675361 -0.000473527 -0.00394559 -0.00215961 -0.00521888 -0.0234825 -0.00157017 0.00559766 0.00185761 -0.00144149 0.00368597 0.00899837 0.0191266 0.00198075 -0.00283462 0.00245785 -0.0070221 0.0052919 0.00264469 0.00903805 -0.00732087 -9.57969e-05 0.0146711 -0.00995094 0.0181469 0.0119899 0.011844 -0.0388583 0.0220466 0.0134596 -0.0182453 0.0101965
internal_weight=0 154.492 98.3803 42.507 55.8734 809.605 657.438 158.762 142.469 89.5351 52.9341 63.5128 41.0544 498.676 31.2006 467.475 435.833 277.489 259.088 217.21 35.2633 181.946 158.344 131.139 113.529 91.0255 71.5325 42.133 150.73 102.253 86.6019 56.3724 152.167 133.455 81.3553 52.1001 39.2486 61.7434 35.5944 56.1113 48.4768 24.0233 26.0223 41.8621 41.8779 31.2163 36.768
internal_count=4994 730 471 210 261 4264 3396 929 852 556 296 387 254 2467 187 2280 2151 1414 1321 1149 176 973 737 612 535 420 324 178 813 531 420 305 868 778 406 372 283 295 195 259 282 184 169 193 172 160 172
is_linear=0
shrinkage=0.05


Tree=176
num_leaves=43
num_cat=0
split_feature=65 45 1 57 59 27 41 65 10 0 59 8 35 35 10 46 46 25 22 41 46 4 7 25 25 51 36 22 65 59 22 20 12 59 65 25 55 20 52 51 2 51
split_gain=2.01101 3.38203 2.96161 3.44059 2.72929 2.35468 3.63806 3.63696 4.26923 3.85785 3.4031 4.06158 5.52296 4.01323 4.46402 6.98461 4.13643 4.92655 4.44625 3.83984 3.77616 3.38991 3.32622 6.18716 3.24446 6.03931 4.82575 4.35719 3.10059 3.08068 3.02313 2.94551 2.74601 2.40982 4.01079 3.2431 4.92721 3.03953 2.31871 2.42534 2.16792 1.46126
threshold=5.7434764455486418 67.500000000000014 68.500000000000014 56.937500000000007 0.92519182738459482 0.4366666666666667 0.46410256410256417 0.35387457207787903 -4.0277992277992274 83.750000000000014 -0.84313311835787952 1.2748681758537421 88.750000000000014 88.250000000000014 -2.5459459459459457 8.5000000000000018 9.5000000000000018 0.47727272727272735 1.2241145341831625 -0.15587044534412953 18.500000000000004 0.62500000000000011 -0.52447552447552415 0.68333333333333346 0.19090909090909094 41.500000000000007 79.250000000000014 1.5238585621733911 1.1230239228419443 -0.59867820553660911 1.5116573282773487 2.7500000000000004 0.10416666666666667 0.3484035575467645 -0.37717181534043548 0.44722222222222224 7.5000000000000009 2.2678571428571463 2.5000000000000004 1.5000000000000002 61.500000000000007 62.500000000000007
decision_type=2 2 2 2 2 2 2 2 2 2 2 2 2 2 2 2 2 2 2 2 2 2 2 2 2 2 2 2 2 2 2 2 2 2 2 2 2 2 2 2 2 2
left_child=1 2 4 38 -1 -5 7 8 9 -7 11 12 -10 14 15 -12 33 18 -18 21 -21 -19 31 24 -24 27 -27 -26 -28 -15 -13 41 -25 34 37 -35 -37 -16 40 -40 -4 -9
right_child=-2 -3 3 5 -6 6 -8 22 10 -11 13 30 -14 29 16 -17 17 19 -20 20 -22 -23 23 32 25 26 28 -29 -30 -31 -32 -33 -34 35 -36 36 -38 -39 39 -41 -42 -43
leaf_value=-0.00066669990094503709 0.013990544653687343 -0.017453701209213485 0.01029508917408594 0.013569610893563559 -0.039737011798943248 -0.027611311233028225 -0.020724761609442213 0.0123221863656061 -0.035139124473879679 -0.00032032106990375475 -0.0092961002645251898 0.017986575047284421 -0.00014534499423139754 0.025029143253345123 0.017085133800896862 0.02718186292016337 -0.010707001288825829 -0.019660944998911446 0.017334592642858394 -0.046758542931621072 -0.013801882740069433 0.0066882491407936123 0.013575123538743648 0.0061960042870224906 -0.034129801754004339 0.017453621804909659 0.0050546050899226832 -0.00086731355496346286 -0.018302754808607404 0.0018403204594300638 -0.010720480298357126 -0.00015096120543069103 0.028188610856532681 -0.0071592854297180741 -0.026145112160615627 0.028304486139382086 0.00019950185998178461 -0.011003910723681678 -0.0089390455461168649 0.016391153137200489 0.035878613340428793 0.032475222585923356
leaf_weight=9.5754322528373468 27.78697881102562 24.3221753872931 21.98093575052917 32.375084552913904 7.4407237726263693 27.984358621761203 19.602458612062037 18.756845384836197 24.28331543225795 23.449545053765178 21.27242993703112 16.570794828236103 20.366250275634229 28.549787036608905 19.034218803979456 31.648240322247148 29.219053792767227 24.405981371179223 25.58762785512954 15.545211184769867 20.934824123047292 22.757746238261461 23.50617069285363 32.900754628702998 25.497866017743945 29.311036119237542 26.345539139583707 15.751235575415192 28.992000256665051 28.127509128302336 18.232973597943783 19.758631929755211 24.999551583081484 24.162737692706287 15.197652252390979 30.059109874069691 31.349060120992362 17.608345946762711 19.504331279080361 16.570411027874798 13.586411557160316 20.566313315182924
leaf_count=103 147 112 154 121 88 132 105 82 143 97 110 75 129 140 107 141 143 113 155 99 122 98 122 128 126 130 128 89 138 154 104 89 96 127 94 127 150 121 118 124 75 94
internal_value=0 0.000574937 0.00106819 0.00146565 -0.0190085 0.000556679 1.5355e-05 0.000560543 -0.00188734 -0.0154123 -0.000361187 -0.00971603 -0.0195301 0.00158724 -0.000545221 0.0126184 -0.00310696 -0.00917637 0.00246082 -0.0167405 -0.0287185 -0.00707188 0.00529469 0.00228052 -0.00311095 -0.00630881 0.00138148 -0.0217495 -0.00729026 0.0137525 0.00306816 0.0156567 0.0160091 0.00303048 -0.00541191 0.00814845 0.0141899 0.00365338 0.0119028 0.0028243 0.0207817 0.0234064
internal_weight=0 947.691 923.369 906.352 17.0162 834.71 802.335 782.733 516.347 51.4339 464.913 79.4533 44.6496 385.46 328.782 52.9207 275.862 138.45 54.8067 83.6438 36.48 47.1637 266.386 207.304 149.404 125.898 84.6486 41.2491 55.3375 56.6773 34.8038 59.0818 57.9003 137.411 51.8402 85.5709 61.4082 36.6426 71.6421 36.0747 35.5673 39.3232
internal_count=5050 4903 4791 4600 191 4129 4008 3903 2681 229 2452 451 272 2001 1707 251 1456 730 298 432 221 211 1222 957 733 611 396 215 266 294 179 265 224 726 322 404 277 228 471 242 229 176
is_linear=0
shrinkage=0.05


Tree=177
num_leaves=47
num_cat=0
split_feature=51 2 42 36 5 51 59 10 0 54 58 26 59 2 46 26 51 46 46 39 51 50 15 52 50 11 38 6 22 11 3 22 57 23 57 21 46 26 42 10 26 54 46 1 35 26
split_gain=2.42697 4.75181 3.91739 2.74374 3.74022 4.1002 2.96847 2.63965 5.75295 4.41767 4.02706 5.40506 4.30373 5.80305 5.64433 4.80211 3.99961 3.72181 4.47217 4.2396 5.37392 4.63254 3.61943 3.52301 3.44698 4.60964 3.40253 5.39214 5.96393 4.07155 3.37326 3.05956 2.99882 4.96919 4.577 2.85919 3.35803 2.75946 2.73547 2.48747 2.37969 1.83636 1.70886 1.43332 1.22293 0.636866
threshold=1.0000000180025095e-35 60.500000000000007 1.8708333333333336 68.750000000000014 -1.0000000180025095e-35 3.5000000000000004 0.87291090774974645 -0.78532818532818538 78.750000000000014 4.5000000000000009 -0.048361574224334618 0.053759367547303892 -0.91595872546125101 78.250000000000014 40.500000000000007 0.010634513332065951 13.500000000000002 57.500000000000007 72.500000000000014 1.0000000180025095e-35 21.500000000000004 1.0000000180025095e-35 7.5000000000000009 1.0000000180025095e-35 3.5000000000000004 -0.28933228933228922 1.5000000000000002 -2.5714285714285703 1.3879179162275554 -1.7867159867159865 72.500000000000014 1.3014289557380214 68.562500000000014 0.37500000000000006 71.937500000000014 0.4401131486960887 23.500000000000004 0.003745193878674074 1.387959866220736 -3.2617760617760618 0.0053794408265972603 79.500000000000014 48.500000000000007 87.250000000000014 72.250000000000014 0.0062989033926870693
decision_type=2 2 2 2 2 2 2 2 2 2 2 2 2 2 2 2 2 2 2 2 2 2 2 2 2 2 2 2 2 2 2 2 2 2 2 2 2 2 2 2 2 2 2 2 2 2
left_child=1 -1 -3 4 -2 44 -7 8 9 -5 11 12 -9 14 23 43 24 19 41 20 -10 -22 -15 -14 25 -12 29 -28 -29 -21 31 -25 33 40 38 -31 37 -37 -34 -11 -18 -19 -36 -16 -6 -24
right_child=3 2 -4 7 5 6 -8 10 17 39 16 -13 13 22 15 -17 32 18 -20 26 21 -23 45 30 -26 -27 27 28 -30 35 -32 -33 34 -35 42 36 -38 -39 -40 -41 -42 -43 -44 -45 -46 -47
leaf_value=-0.032096080061296856 0.032551332455697822 -0.012081547753426684 0.018622812452633856 0.0039473279241769143 0.0071146792752949288 -0.026033280540230117 0.0060797420615683684 -0.018070342449082732 0.022048215443056064 -0.012628273013424465 -0.0092248472143325374 -0.023088366505424975 -0.0099306561773887386 0.0040936692228950274 -0.035474365075588064 0.0031185120212503924 0.046102652857724691 0.0094197628274701184 -0.0089019611038370552 -0.020156998925767881 0.011743188355696335 -0.021706892547597261 0.018160963905097079 -0.013799615700445812 -0.019105405174576946 0.019541131785136261 0.0045626010157907588 -0.0084512288470709272 -0.045892459731324546 -0.012495602710486241 0.027218444897776736 0.016260350142865896 0.010508089171300321 0.0045915094991119338 0.024856342606119644 -0.016682600530705447 0.019769329113539281 0.010132185294327203 -0.014682193851917928 -0.040580826350243439 0.018486351144928984 0.029895676732644195 0.0066007946451141679 -0.014094345942953092 0.029437788023840256 0.035040098083966284
leaf_weight=15.451169567182658 14.400097409263251 26.261982447933406 15.783763529732822 14.928387912921606 13.075046436162667 12.370891190599652 14.933629691600798 25.423829787410796 31.836717107333243 15.815033387392754 28.199656366370618 25.146287688985467 22.700030446983874 33.880724512040615 17.649674344807863 24.184491842985153 16.833890269510448 26.174400649033487 20.694468265399337 23.40087203681469 19.609292997047305 19.89005530718714 14.894867567345502 14.791396906599401 20.285031200852245 25.717892130836844 20.347658913582563 22.99431899189949 19.730831655673683 21.854150921106339 23.162183599546552 17.273772335145622 16.219801485538483 28.426410787273198 26.701942294836044 16.882212333381176 31.005917862989008 19.735858667641878 28.133955250494182 18.160322785843167 17.885070561431348 19.745317295193672 25.684371829032898 17.282746355049312 12.167337383609263 15.948533912189303
leaf_count=139 76 154 73 71 105 117 111 145 150 88 142 129 119 128 103 119 79 112 94 107 91 117 87 79 119 126 84 115 126 136 95 96 73 149 125 102 134 85 152 110 83 75 114 87 63 74
internal_value=0 -0.00931372 -0.000390423 0.00119072 0.010859 0.00441745 -0.00887547 0.000416673 -0.0028067 -0.018576 0.00282168 -0.00155932 0.000914314 0.0033838 -0.00245724 -0.0139849 0.00753079 -0.000298762 0.0101021 -0.00312995 0.0070857 -0.00522081 0.0156006 0.00635423 -0.00204679 0.00460209 -0.00728832 -0.0164933 -0.026396 -0.00204525 0.0131054 0.00239596 0.0119608 0.0203665 0.00632191 0.00286187 0.00793474 -0.00234521 -0.00544174 -0.0283024 0.0327923 0.0186738 0.0161972 -0.0255833 0.0185866 0.0277151
internal_weight=0 57.4969 42.0457 916.179 66.947 52.5469 27.3045 849.232 362.806 48.9037 486.427 252.339 227.192 201.768 137.044 59.1169 234.088 313.902 66.6142 247.288 71.3361 39.4993 64.7241 77.9274 74.2026 53.9175 175.952 63.0728 42.7252 112.879 55.2274 32.0652 159.885 63.1454 96.7401 89.4781 67.624 36.6181 44.3538 33.9754 34.719 45.9197 52.3863 34.9324 25.2424 30.8434
internal_count=5058 366 227 4692 472 396 228 4220 1797 269 2423 1261 1132 987 698 309 1162 1528 281 1247 358 208 289 389 387 268 889 325 241 564 270 175 775 311 464 457 321 187 225 198 162 187 239 190 168 161
is_linear=0
shrinkage=0.05


end of trees

feature_importances:
Column_26=392
Column_59=387
Column_41=354
Column_58=345
Column_8=336
Column_10=309
Column_11=308
Column_22=302
Column_9=300
Column_42=268
Column_45=264
Column_7=245
Column_46=244
Column_57=208
Column_0=199
Column_51=195
Column_6=187
Column_3=181
Column_53=177
Column_37=175
Column_40=171
Column_18=170
Column_12=167
Column_49=164
Column_54=164
Column_52=150
Column_4=149
Column_65=148
Column_25=136
Column_36=130
Column_50=118
Column_1=105
Column_2=103
Column_21=103
Column_35=82
Column_20=75
Column_5=61
Column_62=61
Column_60=60
Column_39=57
Column_24=54
Column_15=53
Column_38=51
Column_19=49
Column_27=46
Column_55=44
Column_13=43
Column_28=34
Column_47=33
Column_23=32
Column_29=23
Column_43=23
Column_33=22
Column_44=21
Column_61=20
Column_48=13
Column_67=12
Column_30=10
Column_14=9
Column_64=9
Column_66=8
Column_16=4
Column_56=4
Column_17=2
Column_34=2
Column_32=1

parameters:
[boosting: gbdt]
[objective: binary]
[metric: binary_logloss]
[tree_learner: serial]
[device_type: cpu]
[data_sample_strategy: bagging]
[data: ]
[valid: ]
[num_iterations: 2000]
[learning_rate: 0.05]
[num_leaves: 63]
[num_threads: -1]
[seed: 42]
[deterministic: 0]
[force_col_wise: 0]
[force_row_wise: 0]
[histogram_pool_size: -1]
[max_depth: -1]
[min_data_in_leaf: 80]
[min_sum_hessian_in_leaf: 0.001]
[bagging_fraction: 0.8]
[pos_bagging_fraction: 1]
[neg_bagging_fraction: 1]
[bagging_freq: 1]
[bagging_seed: 400]
[feature_fraction: 0.8]
[feature_fraction_bynode: 1]
[feature_fraction_seed: 30056]
[extra_trees: 0]
[extra_seed: 12879]
[early_stopping_round: 0]
[early_stopping_min_delta: 0]
[first_metric_only: 0]
[max_delta_step: 0]
[lambda_l1: 0]
[lambda_l2: 1]
[linear_lambda: 0]
[min_gain_to_split: 0]
[drop_rate: 0.1]
[max_drop: 50]
[skip_drop: 0.5]
[xgboost_dart_mode: 0]
[uniform_drop: 0]
[drop_seed: 17869]
[top_rate: 0.2]
[other_rate: 0.1]
[min_data_per_group: 100]
[max_cat_threshold: 32]
[cat_l2: 10]
[cat_smooth: 10]
[max_cat_to_onehot: 4]
[top_k: 20]
[monotone_constraints: ]
[monotone_constraints_method: basic]
[monotone_penalty: 0]
[feature_contri: ]
[forcedsplits_filename: ]
[refit_decay_rate: 0.9]
[cegb_tradeoff: 1]
[cegb_penalty_split: 0]
[cegb_penalty_feature_lazy: ]
[cegb_penalty_feature_coupled: ]
[path_smooth: 0]
[interaction_constraints: ]
[verbosity: 1]
[saved_feature_importance_type: 0]
[use_quantized_grad: 0]
[num_grad_quant_bins: 4]
[quant_train_renew_leaf: 0]
[stochastic_rounding: 1]
[linear_tree: 0]
[max_bin: 255]
[max_bin_by_feature: ]
[min_data_in_bin: 3]
[bin_construct_sample_cnt: 200000]
[data_random_seed: 175]
[is_enable_sparse: 1]
[enable_bundle: 1]
[use_missing: 1]
[zero_as_missing: 0]
[feature_pre_filter: 1]
[pre_partition: 0]
[two_round: 0]
[header: 0]
[label_column: ]
[weight_column: ]
[group_column: ]
[ignore_column: ]
[categorical_feature: ]
[forcedbins_filename: ]
[precise_float_parser: 0]
[parser_config_file: ]
[objective_seed: 16083]
[num_class: 1]
[is_unbalance: 0]
[scale_pos_weight: 1.96812]
[sigmoid: 1]
[boost_from_average: 1]
[reg_sqrt: 0]
[alpha: 0.9]
[fair_c: 1]
[poisson_max_delta_step: 0.7]
[tweedie_variance_power: 1.5]
[lambdarank_truncation_level: 30]
[lambdarank_norm: 1]
[label_gain: ]
[lambdarank_position_bias_regularization: 0]
[eval_at: ]
[multi_error_top_k: 1]
[auc_mu_weights: ]
[num_machines: 1]
[local_listen_port: 12400]
[time_out: 120]
[machine_list_filename: ]
[machines: ]
[gpu_platform_id: -1]
[gpu_device_id: -1]
[gpu_use_dp: 0]
[num_gpu: 1]

end of parameters

pandas_categorical:null
