{
  "test": {
    "bias": 0.4432251371030331,
    "corr": 0.9905667606546888,
    "mae": 1.8452265023048715,
    "maxAE": 10.451316276956838,
    "medianAE": 1.431281039343979,
    "n": 332,
    "rmse": 2.4209203684511387
  },
  "train": {
    "bias": 1.574686263736299e-10,
    "corr": 0.9988336022371498,
    "mae": 0.6031476490726665,
    "maxAE": 6.835554458230121,
    "medianAE": 0.4861196674656121,
    "n": 1224,
    "rmse": 0.8000708739782143
  },
  "validation": {
    "bias": -0.0237499445379439,
    "corr": 0.9921983573338409,
    "mae": 1.881186645591244,
    "maxAE": 7.3534735712328825,
    "medianAE": 1.4731108963005681,
    "n": 214,
    "rmse": 2.4976890791184028
  }
}