{
  "test": {
    "bias": 0.39030618910850656,
    "corr": 0.9907411595363811,
    "mae": 1.8201132640304742,
    "maxAE": 9.73161079401013,
    "medianAE": 1.3982372126703133,
    "n": 332,
    "rmse": 2.3809648287565284
  },
  "train": {
    "bias": -1.6671071785210003e-10,
    "corr": 0.99874906336886,
    "mae": 0.6301174758875158,
    "maxAE": 6.688851018019758,
    "medianAE": 0.5111807262461987,
    "n": 1224,
    "rmse": 0.8283343936382698
  },
  "validation": {
    "bias": -0.1263204315486274,
    "corr": 0.9919921839963259,
    "mae": 1.8950910174224562,
    "maxAE": 8.148998571647144,
    "medianAE": 1.507215357636916,
    "n": 214,
    "rmse": 2.504706927988337
  }
}