{
  "test": {
    "bias": 0.45142724344699703,
    "corr": 0.9906781439871861,
    "mae": 1.8702110390515108,
    "maxAE": 9.6414064066296,
    "medianAE": 1.5996161655278556,
    "n": 332,
    "rmse": 2.3992135016823357
  },
  "train": {
    "bias": -1.108250571922897e-10,
    "corr": 0.9989372951640165,
    "mae": 0.5706328291766388,
    "maxAE": 6.931812368359257,
    "medianAE": 0.45959941769967116,
    "n": 1224,
    "rmse": 0.7637011951739624
  },
  "validation": {
    "bias": -0.3380249499898285,
    "corr": 0.9920778038197386,
    "mae": 1.9161046993258672,
    "maxAE": 7.738919199127547,
    "medianAE": 1.5064313192541547,
    "n": 214,
    "rmse": 2.4911529023516863
  }
}