{
  "fill_values": {
    "asof_cos_hour": -1.0,
    "asof_sin_hour": 1.2246467991473535e-16,
    "cos_doy": -0.009202252152997253,
    "gfs_n_x_mean": 78.3112536713557,
    "gfs_n_x_mean_vol_change_30": 2.4581258471269525,
    "gfs_n_x_mean_vol_change_60": 2.527231694807437,
    "gfs_n_x_mean_vol_change_7": 2.1534708410533137,
    "gfs_n_x_mean_vol_level_30": 3.067650742148532,
    "gfs_n_x_mean_vol_level_60": 3.546048360689089,
    "gfs_n_x_mean_vol_level_7": 2.1463979744128303,
    "gfs_tmp_mean": 77.53891637038183,
    "gfs_tmp_mean_vol_change_30": 2.275617847696621,
    "gfs_tmp_mean_vol_change_60": 2.338589558900896,
    "gfs_tmp_mean_vol_change_7": 1.9918230724473103,
    "gfs_tmp_mean_vol_level_30": 2.966061064649414,
    "gfs_tmp_mean_vol_level_60": 3.4357264241834344,
    "gfs_tmp_mean_vol_level_7": 2.0493471473706375,
    "is_weekend": 0.28569221260815825,
    "month": 6.457045735475896,
    "nam_n_x_mean": 78.37757074377609,
    "nam_n_x_mean_vol_change_30": 3.0074997269402397,
    "nam_n_x_mean_vol_change_60": 3.301298066759082,
    "nam_n_x_mean_vol_change_7": 2.451280860895372,
    "nam_n_x_mean_vol_level_30": 3.424597938301755,
    "nam_n_x_mean_vol_level_60": 4.066578430410087,
    "nam_n_x_mean_vol_level_7": 2.296800916263596,
    "nam_tmp_mean": 77.52555280655636,
    "nam_tmp_mean_vol_change_30": 2.828232729092107,
    "nam_tmp_mean_vol_change_60": 3.116355373378264,
    "nam_tmp_mean_vol_change_7": 2.2920930754961253,
    "nam_tmp_mean_vol_level_30": 3.2975283606841725,
    "nam_tmp_mean_vol_level_60": 3.928576604665829,
    "nam_tmp_mean_vol_level_7": 2.186745620960343,
    "nx_ens_level_anom": 0.0205813943664481,
    "nx_ens_vol_change_30": 2.615587037728436,
    "nx_ens_vol_change_60": 2.7986130828716105,
    "nx_ens_vol_change_7": 2.182187749877961,
    "nx_ens_vol_level_30": 3.1841430997706337,
    "nx_ens_vol_level_60": 3.748210989777228,
    "nx_ens_vol_level_7": 2.1554912171311313,
    "nx_ens_vol_ratio": 0.8824456359242931,
    "sin_doy": 0.008954716989572519,
    "tmp_ens_level_anom": 0.02275561717090337,
    "tmp_ens_vol_change_30": 2.445064406251707,
    "tmp_ens_vol_change_60": 2.6211290625407924,
    "tmp_ens_vol_change_7": 2.032341162626333,
    "tmp_ens_vol_level_30": 3.0731052767790157,
    "tmp_ens_vol_level_60": 3.6262925539780073,
    "tmp_ens_vol_level_7": 2.0566588114454927,
    "tmp_ens_vol_ratio": 0.8829542765107298
  },
  "method": "train_mean"
}