{
  "per_station_test": {
    "KMIA": {
      "bias": 0.11186735550593722,
      "mae": 1.53052292802411,
      "p50_abs_error": 1.234011390825529,
      "p90_abs_error": 3.055971205542323,
      "p95_abs_error": 3.950173947461533,
      "rmse": 2.000772989796668
    }
  },
  "test": {
    "bias": 0.11186735550593722,
    "mae": 1.53052292802411,
    "p50_abs_error": 1.234011390825529,
    "p90_abs_error": 3.055971205542323,
    "p95_abs_error": 3.950173947461533,
    "rmse": 2.000772989796668
  },
  "train": {
    "bias": 1.334113789089124e-10,
    "mae": 1.08098686545661,
    "p50_abs_error": 0.820316335369462,
    "p90_abs_error": 2.3856835086815673,
    "p95_abs_error": 2.9793312317414644,
    "rmse": 1.4429500624141014
  },
  "validation": {
    "bias": 0.3972043822708831,
    "mae": 1.5926475456118632,
    "p50_abs_error": 1.2552586346877206,
    "p90_abs_error": 3.2114205724355687,
    "p95_abs_error": 4.213806129423389,
    "rmse": 2.106029805356997
  }
}