{
  "test": {
    "bias": 0.42910652582856823,
    "corr": 0.9916523640077456,
    "mae": 1.872457679331737,
    "maxAE": 10.848910351534812,
    "medianAE": 1.5235665583826403,
    "n": 363,
    "rmse": 2.4248384956646265
  },
  "train": {
    "bias": 9.037357354843296e-11,
    "corr": 0.9993879322710026,
    "mae": 0.41009601910099064,
    "maxAE": 7.219652365291417,
    "medianAE": 0.3141988415008896,
    "n": 1224,
    "rmse": 0.580239316352962
  },
  "validation": {
    "bias": -0.3697793366579188,
    "corr": 0.9898099348182251,
    "mae": 1.8517082377266942,
    "maxAE": 7.787370003716703,
    "medianAE": 1.3648172177862392,
    "n": 184,
    "rmse": 2.4194047207142684
  }
}