{
  "fill_values": {
    "asof_cos_hour": -1.0,
    "asof_sin_hour": 1.2246467991473535e-16,
    "cos_doy": -0.009202252152997253,
    "gfs_n_x_mean": 78.3112536713557,
    "gfs_tmp_mean": 77.53891637038183,
    "is_weekend": 0.28569221260815825,
    "month": 6.457045735475896,
    "nam_n_x_mean": 78.37757074377609,
    "nam_tmp_mean": 77.52555280655636,
    "nx_ens_accel": 0.0008925953611768267,
    "nx_ens_r2_7": 0.3879705486938792,
    "nx_ens_slope_30": 0.0017768285089611105,
    "nx_ens_slope_7": 0.0013921113689095124,
    "sin_doy": 0.008954716989572519,
    "tmp_ens_accel": 0.0009984832757952194,
    "tmp_ens_r2_7": 0.396854724452358,
    "tmp_ens_slope_30": 0.0017173713833612094,
    "tmp_ens_slope_7": 0.001343774168600158
  },
  "method": "train_mean"
}