{
  "test": {
    "bias": 0.36610151293537313,
    "corr": 0.9912927598754057,
    "mae": 1.77346166748825,
    "maxAE": 8.34889854148716,
    "medianAE": 1.36507301348162,
    "n": 332,
    "rmse": 2.306427733171742
  },
  "train": {
    "bias": 1.1892567685898928e-10,
    "corr": 0.998820513396463,
    "mae": 0.6047598660126182,
    "maxAE": 6.975019806643321,
    "medianAE": 0.4922502287922157,
    "n": 1224,
    "rmse": 0.8045300791548352
  },
  "validation": {
    "bias": -0.3296723886926418,
    "corr": 0.9917970819210241,
    "mae": 1.9142604367053233,
    "maxAE": 8.011001178994377,
    "medianAE": 1.4960676648984155,
    "n": 214,
    "rmse": 2.5307913690027393
  }
}