{
  "test": {
    "bias": 0.6140863358110905,
    "corr": 0.9904793049370911,
    "mae": 1.8762653058872703,
    "maxAE": 9.108958961982701,
    "medianAE": 1.4162803766519758,
    "n": 332,
    "rmse": 2.458516531903268
  },
  "train": {
    "bias": -1.1643219431436525e-10,
    "corr": 0.9992812944817653,
    "mae": 0.46039988902789747,
    "maxAE": 6.5387536551161,
    "medianAE": 0.36667148239088476,
    "n": 1224,
    "rmse": 0.6283071683904552
  },
  "validation": {
    "bias": 0.15936566886169143,
    "corr": 0.9924751453477315,
    "mae": 1.8461931410902572,
    "maxAE": 7.445084614190208,
    "medianAE": 1.3699307320938665,
    "n": 214,
    "rmse": 2.4177962273717375
  }
}