{
  "test": {
    "bias": 0.3470249481533219,
    "corr": 0.9907931782624368,
    "mae": 1.8389637915509063,
    "maxAE": 8.189821623430483,
    "medianAE": 1.5386093046071991,
    "n": 332,
    "rmse": 2.366857317035969
  },
  "train": {
    "bias": -8.142303099004518e-13,
    "corr": 0.9987561791050417,
    "mae": 0.6299355918522509,
    "maxAE": 6.777894768249407,
    "medianAE": 0.5271289295472243,
    "n": 1224,
    "rmse": 0.826112082947914
  },
  "validation": {
    "bias": -0.16052205079419676,
    "corr": 0.9922916220646484,
    "mae": 1.8713096665109918,
    "maxAE": 7.825027711947403,
    "medianAE": 1.4862164124916397,
    "n": 214,
    "rmse": 2.453189198267771
  }
}