{
  "test": {
    "bias": 0.27571286564486086,
    "corr": 0.9915100476118964,
    "mae": 1.85817982790556,
    "maxAE": 9.888158590562888,
    "medianAE": 1.4314280623427749,
    "n": 363,
    "rmse": 2.4238590425695685
  },
  "train": {
    "bias": -2.0163449704383085e-12,
    "corr": 0.9989791623987561,
    "mae": 0.5602237767715336,
    "maxAE": 6.779867891264285,
    "medianAE": 0.4458125287354342,
    "n": 1224,
    "rmse": 0.7484718794221134
  },
  "validation": {
    "bias": -0.3561979504028229,
    "corr": 0.9891749072125152,
    "mae": 1.9205627707567388,
    "maxAE": 8.563915153574499,
    "medianAE": 1.5407785848886775,
    "n": 184,
    "rmse": 2.4688641160846507
  }
}