{
  "test": {
    "bias": 0.39973482357409995,
    "corr": 0.9902974798670301,
    "mae": 1.8769652221038615,
    "maxAE": 8.70113217881891,
    "medianAE": 1.5245113585693844,
    "n": 332,
    "rmse": 2.436287690467911
  },
  "train": {
    "bias": 1.6218514693916695e-10,
    "corr": 0.9987454336106197,
    "mae": 0.6299509116129405,
    "maxAE": 6.548180676296024,
    "medianAE": 0.5194816789378969,
    "n": 1224,
    "rmse": 0.8296050280049713
  },
  "validation": {
    "bias": -0.0922720343285536,
    "corr": 0.9920388691914026,
    "mae": 1.8917442909773132,
    "maxAE": 8.358602538409443,
    "medianAE": 1.4345791519680517,
    "n": 214,
    "rmse": 2.5077004467811848
  }
}