{
  "test": {
    "bias": 0.4806047140407273,
    "corr": 0.9907393500004998,
    "mae": 1.8360255288966085,
    "maxAE": 9.3660197012724,
    "medianAE": 1.4687480896032312,
    "n": 332,
    "rmse": 2.3998772658901832
  },
  "train": {
    "bias": -9.172128271129296e-11,
    "corr": 0.9988950689683351,
    "mae": 0.5821138274452464,
    "maxAE": 6.925256616463912,
    "medianAE": 0.4677745981332393,
    "n": 1224,
    "rmse": 0.7785343974557158
  },
  "validation": {
    "bias": -0.1558338704675828,
    "corr": 0.9924809748986501,
    "mae": 1.877582918687121,
    "maxAE": 7.155261166961399,
    "medianAE": 1.5222707171566867,
    "n": 214,
    "rmse": 2.4550385524567013
  }
}