{
  "test": {
    "bias": 0.4136897702205234,
    "corr": 0.9907336685057939,
    "mae": 1.7959096394118352,
    "maxAE": 10.646973864399556,
    "medianAE": 1.4210779038270758,
    "n": 332,
    "rmse": 2.3891138057462453
  },
  "train": {
    "bias": -7.017953973944731e-11,
    "corr": 0.9990640568655073,
    "mae": 0.5415470308090008,
    "maxAE": 6.163244485433861,
    "medianAE": 0.4332362117842088,
    "n": 1224,
    "rmse": 0.7170349092494599
  },
  "validation": {
    "bias": -0.1158145633946746,
    "corr": 0.992501537814081,
    "mae": 1.9113573165849367,
    "maxAE": 7.024487900468465,
    "medianAE": 1.492106321821673,
    "n": 214,
    "rmse": 2.4395890321528904
  }
}