{
  "fill_values": {
    "L1": 2.531544355555046,
    "L2": 1.4918355656098814,
    "asof_cos_hour": -1.0,
    "asof_sin_hour": 1.2246467991473535e-16,
    "components_used": 5.992583436341162,
    "cos_doy": -0.009202252152997253,
    "gfs_dpt_mean": 66.86031457721441,
    "gfs_n_x_mean": 78.3112536713557,
    "gfs_p12_mean": 22.357937857474106,
    "gfs_q12_mean": 0.4183799659916525,
    "gfs_tmp_mean": 77.53891637038183,
    "gfs_wsp_mean": 7.20576982532076,
    "is_weekend": 0.28569221260815825,
    "mean_L2_15": 1.4920968399849814,
    "mean_L2_60": 1.492732952682752,
    "month": 6.457045735475896,
    "nam_dpt_mean": 66.57567264573991,
    "nam_n_x_mean": 78.37757074377609,
    "nam_p12_mean": 22.883755991959177,
    "nam_q12_mean": 0.48531003556517704,
    "nam_tmp_mean": 77.52555280655636,
    "nam_wsp_mean": 7.307194216792949,
    "sin_doy": 0.008954716989572519,
    "slope_L2_30": 7.080096639952566e-05,
    "std_L2_15": 0.9318764503810365,
    "std_L2_60": 1.0981811383627773
  },
  "method": "train_mean"
}