{
  "per_station_test": {
    "KMIA": {
      "bias": 0.41179377908393555,
      "mae": 1.3501528867449826,
      "p50_abs_error": 0.9896437131497464,
      "p90_abs_error": 2.9272141871642137,
      "p95_abs_error": 3.7611772374305237,
      "rmse": 1.805570681514283
    }
  },
  "test": {
    "bias": 0.41179377908393555,
    "mae": 1.3501528867449826,
    "p50_abs_error": 0.9896437131497464,
    "p90_abs_error": 2.9272141871642137,
    "p95_abs_error": 3.7611772374305237,
    "rmse": 1.805570681514283
  },
  "train": {
    "bias": -6.136611559516611e-11,
    "mae": 1.0076032266247474,
    "p50_abs_error": 0.7785852081299467,
    "p90_abs_error": 2.1704480165515854,
    "p95_abs_error": 2.720072073993011,
    "rmse": 1.3336894436910895
  },
  "validation": {
    "bias": 0.6383568046652713,
    "mae": 1.3882960652272087,
    "p50_abs_error": 1.1399399648753246,
    "p90_abs_error": 2.837073565416975,
    "p95_abs_error": 3.5943388008989525,
    "rmse": 1.8034033712384419
  }
}