chunk_index,dataset,status,http_status,run_time_count,first_run_time,last_run_time,row_count,forecast_wide_rows_upserted,estimated_credits_consumed,expected_credits,expected_rows,elapsed_seconds,request_sha256,chunk_id,raw_path,source,sanity_issue_count,sanity_issues,error_class,error_message
1,gfs,completed,200,14,2021-03-22T00:00:00Z,2021-04-04T00:00:00Z,3900,3900,4225,4550,4200,0.001,6ea1745622058df26121329a54cb680d6ca2a8d41ede871fce609f07688a01cd,batch_smoke_10w_gfs_6ea174562205,C:/Users/ahmad/Desktop/generalFiles/git/weather_markets/weather_data_extraction/bootstrap/hkg_tmax_elite_codex_bootstrap/hkg_tmax_elite_codex/data/_pipeline_internal/raw/gribstream_tactical_full_tactical_backfill_ok_tmax/gfs/run_window_utc=20210322_000000_to_20210404_000000/6ea1745622058df26121329a54cb680d6ca2a8d41ede871fce609f07688a01cd.ndjson.gz,raw_reused,0,,,
2,gfs,completed,200,14,2021-04-05T00:00:00Z,2021-04-18T00:00:00Z,4200,4200,4550,4550,4200,0.001,6ada27f3ba1ab40865595b283266aa892a2c61497e6131a723822ae97fdf2c78,batch_smoke_10w_gfs_6ada27f3ba1a,C:/Users/ahmad/Desktop/generalFiles/git/weather_markets/weather_data_extraction/bootstrap/hkg_tmax_elite_codex_bootstrap/hkg_tmax_elite_codex/data/_pipeline_internal/raw/gribstream_tactical_full_tactical_backfill_ok_tmax/gfs/run_window_utc=20210405_000000_to_20210418_000000/6ada27f3ba1ab40865595b283266aa892a2c61497e6131a723822ae97fdf2c78.ndjson.gz,raw_reused,0,,,
3,gfs,completed,200,14,2021-04-19T00:00:00Z,2021-05-02T00:00:00Z,4200,4200,4550,4550,4200,0.001,1dae871b6071e970b6880fa500554c86141be5cddd4413b8819f6cc9456ab982,batch_smoke_10w_gfs_1dae871b6071,C:/Users/ahmad/Desktop/generalFiles/git/weather_markets/weather_data_extraction/bootstrap/hkg_tmax_elite_codex_bootstrap/hkg_tmax_elite_codex/data/_pipeline_internal/raw/gribstream_tactical_full_tactical_backfill_ok_tmax/gfs/run_window_utc=20210419_000000_to_20210502_000000/1dae871b6071e970b6880fa500554c86141be5cddd4413b8819f6cc9456ab982.ndjson.gz,raw_reused,0,,,
4,gfs,completed,200,14,2021-05-03T00:00:00Z,2021-05-16T00:00:00Z,4200,4200,4550,4550,4200,0.002,862b757ef196740e5c2a267f3cf215875ac9cdb83ee8849522d639c1584dd2c2,batch_smoke_10w_gfs_862b757ef196,C:/Users/ahmad/Desktop/generalFiles/git/weather_markets/weather_data_extraction/bootstrap/hkg_tmax_elite_codex_bootstrap/hkg_tmax_elite_codex/data/_pipeline_internal/raw/gribstream_tactical_full_tactical_backfill_ok_tmax/gfs/run_window_utc=20210503_000000_to_20210516_000000/862b757ef196740e5c2a267f3cf215875ac9cdb83ee8849522d639c1584dd2c2.ndjson.gz,raw_reused,0,,,
5,gfs,completed,200,14,2021-05-17T00:00:00Z,2021-05-30T00:00:00Z,4200,4200,4550,4550,4200,0.001,be7e6013f0db4adbdcb9005013ebcb8f567328054a60f3226103249315eaacbe,batch_smoke_10w_gfs_be7e6013f0db,C:/Users/ahmad/Desktop/generalFiles/git/weather_markets/weather_data_extraction/bootstrap/hkg_tmax_elite_codex_bootstrap/hkg_tmax_elite_codex/data/_pipeline_internal/raw/gribstream_tactical_full_tactical_backfill_ok_tmax/gfs/run_window_utc=20210517_000000_to_20210530_000000/be7e6013f0db4adbdcb9005013ebcb8f567328054a60f3226103249315eaacbe.ndjson.gz,raw_reused,0,,,
6,gfs,completed,200,14,2021-05-31T00:00:00Z,2021-06-13T00:00:00Z,4200,4200,4550,4550,4200,0.001,dd6bff1cd2f01881c912df0b55ef5e22b8ac2b06bc9edd6adb60350cb7713b4e,full_tactical_backfill_ok_tmax_gfs_dd6bff1cd2f0,C:/Users/ahmad/Desktop/generalFiles/git/weather_markets/weather_data_extraction/bootstrap/hkg_tmax_elite_codex_bootstrap/hkg_tmax_elite_codex/data/_pipeline_internal/raw/gribstream_tactical_full_tactical_backfill_ok_tmax/gfs/run_window_utc=20210531_000000_to_20210613_000000/dd6bff1cd2f01881c912df0b55ef5e22b8ac2b06bc9edd6adb60350cb7713b4e.ndjson.gz,raw_reused,0,,,
7,gfs,completed,200,14,2021-06-14T00:00:00Z,2021-06-27T00:00:00Z,4200,4200,4550,4550,4200,0.001,5285318a75ba033c53d74487c45dfe69e1e73c76a4ebbd1e3739e8ac4992e5d4,full_tactical_backfill_ok_tmax_gfs_5285318a75ba,C:/Users/ahmad/Desktop/generalFiles/git/weather_markets/weather_data_extraction/bootstrap/hkg_tmax_elite_codex_bootstrap/hkg_tmax_elite_codex/data/_pipeline_internal/raw/gribstream_tactical_full_tactical_backfill_ok_tmax/gfs/run_window_utc=20210614_000000_to_20210627_000000/5285318a75ba033c53d74487c45dfe69e1e73c76a4ebbd1e3739e8ac4992e5d4.ndjson.gz,raw_reused,0,,,
8,gfs,completed,200,14,2021-06-28T00:00:00Z,2021-07-11T00:00:00Z,4200,4200,4550,4550,4200,0.002,f98d581368c1f1af6852f30489087fd44977bf009d83a55ad532fc9737b4673e,full_tactical_backfill_ok_tmax_gfs_f98d581368c1,C:/Users/ahmad/Desktop/generalFiles/git/weather_markets/weather_data_extraction/bootstrap/hkg_tmax_elite_codex_bootstrap/hkg_tmax_elite_codex/data/_pipeline_internal/raw/gribstream_tactical_full_tactical_backfill_ok_tmax/gfs/run_window_utc=20210628_000000_to_20210711_000000/f98d581368c1f1af6852f30489087fd44977bf009d83a55ad532fc9737b4673e.ndjson.gz,raw_reused,0,,,
9,gfs,completed,200,14,2021-07-12T00:00:00Z,2021-07-25T00:00:00Z,4200,4200,4550,4550,4200,0.001,ca3ae8a313c47cf0184ef9160d111dae475f8567c320100db68a26fe631992b3,full_tactical_backfill_ok_tmax_gfs_ca3ae8a313c4,C:/Users/ahmad/Desktop/generalFiles/git/weather_markets/weather_data_extraction/bootstrap/hkg_tmax_elite_codex_bootstrap/hkg_tmax_elite_codex/data/_pipeline_internal/raw/gribstream_tactical_full_tactical_backfill_ok_tmax/gfs/run_window_utc=20210712_000000_to_20210725_000000/ca3ae8a313c47cf0184ef9160d111dae475f8567c320100db68a26fe631992b3.ndjson.gz,raw_reused,0,,,
10,gfs,completed,200,14,2021-07-26T00:00:00Z,2021-08-08T00:00:00Z,4200,4200,4550,4550,4200,0.001,772dd2718621f1112db98b3d632d9bd41daa1b05c5761311b5f01a3d217f801a,full_tactical_backfill_ok_tmax_gfs_772dd2718621,C:/Users/ahmad/Desktop/generalFiles/git/weather_markets/weather_data_extraction/bootstrap/hkg_tmax_elite_codex_bootstrap/hkg_tmax_elite_codex/data/_pipeline_internal/raw/gribstream_tactical_full_tactical_backfill_ok_tmax/gfs/run_window_utc=20210726_000000_to_20210808_000000/772dd2718621f1112db98b3d632d9bd41daa1b05c5761311b5f01a3d217f801a.ndjson.gz,raw_reused,0,,,
11,gfs,completed,200,14,2021-08-09T00:00:00Z,2021-08-22T00:00:00Z,4200,4200,4550,4550,4200,0.001,8adc95a65716aaa70c443e9bb1ddfe62859fbed6650c698a1ccf8153267e1b02,full_tactical_backfill_ok_tmax_gfs_8adc95a65716,C:/Users/ahmad/Desktop/generalFiles/git/weather_markets/weather_data_extraction/bootstrap/hkg_tmax_elite_codex_bootstrap/hkg_tmax_elite_codex/data/_pipeline_internal/raw/gribstream_tactical_full_tactical_backfill_ok_tmax/gfs/run_window_utc=20210809_000000_to_20210822_000000/8adc95a65716aaa70c443e9bb1ddfe62859fbed6650c698a1ccf8153267e1b02.ndjson.gz,raw_reused,0,,,
12,gfs,completed,200,14,2021-08-23T00:00:00Z,2021-09-05T00:00:00Z,4200,4200,4550,4550,4200,0.001,67f1af0070fdeefd191fd0f34e80c22c2ad43831251757b5bb6513854847923f,full_tactical_backfill_ok_tmax_gfs_67f1af0070fd,C:/Users/ahmad/Desktop/generalFiles/git/weather_markets/weather_data_extraction/bootstrap/hkg_tmax_elite_codex_bootstrap/hkg_tmax_elite_codex/data/_pipeline_internal/raw/gribstream_tactical_full_tactical_backfill_ok_tmax/gfs/run_window_utc=20210823_000000_to_20210905_000000/67f1af0070fdeefd191fd0f34e80c22c2ad43831251757b5bb6513854847923f.ndjson.gz,raw_reused,0,,,
13,gfs,completed,200,14,2021-09-06T00:00:00Z,2021-09-19T00:00:00Z,4200,4200,4550,4550,4200,0.002,d50418a03a3b595495cd981e9cf4deaf0bd624f6c17d7a8da78b73de5484049c,full_tactical_backfill_ok_tmax_gfs_d50418a03a3b,C:/Users/ahmad/Desktop/generalFiles/git/weather_markets/weather_data_extraction/bootstrap/hkg_tmax_elite_codex_bootstrap/hkg_tmax_elite_codex/data/_pipeline_internal/raw/gribstream_tactical_full_tactical_backfill_ok_tmax/gfs/run_window_utc=20210906_000000_to_20210919_000000/d50418a03a3b595495cd981e9cf4deaf0bd624f6c17d7a8da78b73de5484049c.ndjson.gz,raw_reused,0,,,
14,gfs,completed,200,14,2021-09-20T00:00:00Z,2021-10-03T00:00:00Z,4200,4200,4550,4550,4200,0.001,8f32739a08c6f52c8d3c0f0bd906768aff95ff72dc04dcfc417655681edb4803,full_tactical_backfill_ok_tmax_gfs_8f32739a08c6,C:/Users/ahmad/Desktop/generalFiles/git/weather_markets/weather_data_extraction/bootstrap/hkg_tmax_elite_codex_bootstrap/hkg_tmax_elite_codex/data/_pipeline_internal/raw/gribstream_tactical_full_tactical_backfill_ok_tmax/gfs/run_window_utc=20210920_000000_to_20211003_000000/8f32739a08c6f52c8d3c0f0bd906768aff95ff72dc04dcfc417655681edb4803.ndjson.gz,raw_reused,0,,,
15,gfs,completed,200,14,2021-10-04T00:00:00Z,2021-10-17T00:00:00Z,4200,4200,4550,4550,4200,0.001,0b1121f9066fab8bba8ee584d623dbe013562c151389fc024e457da4a6c7ac70,full_tactical_backfill_ok_tmax_gfs_0b1121f9066f,C:/Users/ahmad/Desktop/generalFiles/git/weather_markets/weather_data_extraction/bootstrap/hkg_tmax_elite_codex_bootstrap/hkg_tmax_elite_codex/data/_pipeline_internal/raw/gribstream_tactical_full_tactical_backfill_ok_tmax/gfs/run_window_utc=20211004_000000_to_20211017_000000/0b1121f9066fab8bba8ee584d623dbe013562c151389fc024e457da4a6c7ac70.ndjson.gz,raw_reused,0,,,
16,gfs,completed,200,14,2021-10-18T00:00:00Z,2021-10-31T00:00:00Z,4200,4200,4550,4550,4200,0.001,e74aea425d5f44f58010944bbf04e120baa67c3e3067e0c7c9f88b19177e229d,full_tactical_backfill_ok_tmax_gfs_e74aea425d5f,C:/Users/ahmad/Desktop/generalFiles/git/weather_markets/weather_data_extraction/bootstrap/hkg_tmax_elite_codex_bootstrap/hkg_tmax_elite_codex/data/_pipeline_internal/raw/gribstream_tactical_full_tactical_backfill_ok_tmax/gfs/run_window_utc=20211018_000000_to_20211031_000000/e74aea425d5f44f58010944bbf04e120baa67c3e3067e0c7c9f88b19177e229d.ndjson.gz,raw_reused,0,,,
17,gfs,completed,200,14,2021-11-01T00:00:00Z,2021-11-14T00:00:00Z,4200,4200,4550,4550,4200,0.002,86e9ff4d201a78f0e5a90d802b414f821f91a127352bfd3982aedbc725fdd72b,full_tactical_backfill_ok_tmax_gfs_86e9ff4d201a,C:/Users/ahmad/Desktop/generalFiles/git/weather_markets/weather_data_extraction/bootstrap/hkg_tmax_elite_codex_bootstrap/hkg_tmax_elite_codex/data/_pipeline_internal/raw/gribstream_tactical_full_tactical_backfill_ok_tmax/gfs/run_window_utc=20211101_000000_to_20211114_000000/86e9ff4d201a78f0e5a90d802b414f821f91a127352bfd3982aedbc725fdd72b.ndjson.gz,raw_reused,0,,,
18,gfs,completed,200,14,2021-11-15T00:00:00Z,2021-11-28T00:00:00Z,4200,4200,4550,4550,4200,0.001,58cda9e3a7cf44fe99649883480cfff602f4d7abe7b8ab0ae82dafdfeaf4255e,full_tactical_backfill_ok_tmax_gfs_58cda9e3a7cf,C:/Users/ahmad/Desktop/generalFiles/git/weather_markets/weather_data_extraction/bootstrap/hkg_tmax_elite_codex_bootstrap/hkg_tmax_elite_codex/data/_pipeline_internal/raw/gribstream_tactical_full_tactical_backfill_ok_tmax/gfs/run_window_utc=20211115_000000_to_20211128_000000/58cda9e3a7cf44fe99649883480cfff602f4d7abe7b8ab0ae82dafdfeaf4255e.ndjson.gz,raw_reused,0,,,
19,gfs,completed,200,14,2021-11-29T00:00:00Z,2021-12-12T00:00:00Z,4200,4200,4550,4550,4200,0.001,3b3169108b90faeec459a86030fc28f3dcb8c7d8652807ec541950cf201464c8,full_tactical_backfill_ok_tmax_gfs_3b3169108b90,C:/Users/ahmad/Desktop/generalFiles/git/weather_markets/weather_data_extraction/bootstrap/hkg_tmax_elite_codex_bootstrap/hkg_tmax_elite_codex/data/_pipeline_internal/raw/gribstream_tactical_full_tactical_backfill_ok_tmax/gfs/run_window_utc=20211129_000000_to_20211212_000000/3b3169108b90faeec459a86030fc28f3dcb8c7d8652807ec541950cf201464c8.ndjson.gz,raw_reused,0,,,
20,gfs,completed,200,14,2021-12-13T00:00:00Z,2021-12-26T00:00:00Z,4200,4200,4550,4550,4200,0.001,88285240f38ba6467168c3b40ede12f6c51601f113dd0abf260ac629d0fdea44,full_tactical_backfill_ok_tmax_gfs_88285240f38b,C:/Users/ahmad/Desktop/generalFiles/git/weather_markets/weather_data_extraction/bootstrap/hkg_tmax_elite_codex_bootstrap/hkg_tmax_elite_codex/data/_pipeline_internal/raw/gribstream_tactical_full_tactical_backfill_ok_tmax/gfs/run_window_utc=20211213_000000_to_20211226_000000/88285240f38ba6467168c3b40ede12f6c51601f113dd0abf260ac629d0fdea44.ndjson.gz,raw_reused,0,,,
21,gfs,completed,200,14,2021-12-27T00:00:00Z,2022-01-09T00:00:00Z,4200,4200,4550,4550,4200,0.001,0b7201742997747209bd9cd6fd2629fb00bd1471864ab5531670a221af4715c0,full_tactical_backfill_ok_tmax_gfs_0b7201742997,C:/Users/ahmad/Desktop/generalFiles/git/weather_markets/weather_data_extraction/bootstrap/hkg_tmax_elite_codex_bootstrap/hkg_tmax_elite_codex/data/_pipeline_internal/raw/gribstream_tactical_full_tactical_backfill_ok_tmax/gfs/run_window_utc=20211227_000000_to_20220109_000000/0b7201742997747209bd9cd6fd2629fb00bd1471864ab5531670a221af4715c0.ndjson.gz,raw_reused,0,,,
22,gfs,completed,200,14,2022-01-10T00:00:00Z,2022-01-23T00:00:00Z,4200,4200,4550,4550,4200,0.002,bfe7a06578647c9d194dc91555584dfaac17d34e5691fd5c93161f9f65eec16d,full_tactical_backfill_ok_tmax_gfs_bfe7a0657864,C:/Users/ahmad/Desktop/generalFiles/git/weather_markets/weather_data_extraction/bootstrap/hkg_tmax_elite_codex_bootstrap/hkg_tmax_elite_codex/data/_pipeline_internal/raw/gribstream_tactical_full_tactical_backfill_ok_tmax/gfs/run_window_utc=20220110_000000_to_20220123_000000/bfe7a06578647c9d194dc91555584dfaac17d34e5691fd5c93161f9f65eec16d.ndjson.gz,raw_reused,0,,,
23,gfs,completed,200,14,2022-01-24T00:00:00Z,2022-02-06T00:00:00Z,4200,4200,4550,4550,4200,0.001,72bf93159f6596a0928211190862f5fb1cdea3c38a452c08c28d943bbff3a54f,full_tactical_backfill_ok_tmax_gfs_72bf93159f65,C:/Users/ahmad/Desktop/generalFiles/git/weather_markets/weather_data_extraction/bootstrap/hkg_tmax_elite_codex_bootstrap/hkg_tmax_elite_codex/data/_pipeline_internal/raw/gribstream_tactical_full_tactical_backfill_ok_tmax/gfs/run_window_utc=20220124_000000_to_20220206_000000/72bf93159f6596a0928211190862f5fb1cdea3c38a452c08c28d943bbff3a54f.ndjson.gz,raw_reused,0,,,
24,gfs,completed,200,14,2022-02-07T00:00:00Z,2022-02-20T00:00:00Z,4200,4200,4550,4550,4200,0.001,e6584c0116263a3c66a7c1c4061c3498064fbfa05799c27c7149341d853bf46f,full_tactical_backfill_ok_tmax_gfs_e6584c011626,C:/Users/ahmad/Desktop/generalFiles/git/weather_markets/weather_data_extraction/bootstrap/hkg_tmax_elite_codex_bootstrap/hkg_tmax_elite_codex/data/_pipeline_internal/raw/gribstream_tactical_full_tactical_backfill_ok_tmax/gfs/run_window_utc=20220207_000000_to_20220220_000000/e6584c0116263a3c66a7c1c4061c3498064fbfa05799c27c7149341d853bf46f.ndjson.gz,raw_reused,0,,,
25,gfs,completed,200,14,2022-02-21T00:00:00Z,2022-03-06T00:00:00Z,4200,4200,4550,4550,4200,0.003,972769fd080741a1010c9600ba3bf72c68a945f77122bd4719b27ccb82e971a4,full_tactical_backfill_ok_tmax_gfs_972769fd0807,C:/Users/ahmad/Desktop/generalFiles/git/weather_markets/weather_data_extraction/bootstrap/hkg_tmax_elite_codex_bootstrap/hkg_tmax_elite_codex/data/_pipeline_internal/raw/gribstream_tactical_full_tactical_backfill_ok_tmax/gfs/run_window_utc=20220221_000000_to_20220306_000000/972769fd080741a1010c9600ba3bf72c68a945f77122bd4719b27ccb82e971a4.ndjson.gz,raw_reused,0,,,
26,gfs,completed,200,14,2022-03-07T00:00:00Z,2022-03-20T00:00:00Z,4200,4200,4550,4550,4200,0.001,acd4d1535f797862da0ca2b5c0c8e4e6c68406b25b999211a4469a6668d57cfa,full_tactical_backfill_ok_tmax_gfs_acd4d1535f79,C:/Users/ahmad/Desktop/generalFiles/git/weather_markets/weather_data_extraction/bootstrap/hkg_tmax_elite_codex_bootstrap/hkg_tmax_elite_codex/data/_pipeline_internal/raw/gribstream_tactical_full_tactical_backfill_ok_tmax/gfs/run_window_utc=20220307_000000_to_20220320_000000/acd4d1535f797862da0ca2b5c0c8e4e6c68406b25b999211a4469a6668d57cfa.ndjson.gz,raw_reused,0,,,
27,gfs,completed,200,14,2022-03-21T00:00:00Z,2022-04-03T00:00:00Z,4200,4200,4550,4550,4200,0.001,e59b6d660de7d0ff749f28f25be08ca26a15abe3e346802b2964cc80c7d204ee,full_tactical_backfill_ok_tmax_gfs_e59b6d660de7,C:/Users/ahmad/Desktop/generalFiles/git/weather_markets/weather_data_extraction/bootstrap/hkg_tmax_elite_codex_bootstrap/hkg_tmax_elite_codex/data/_pipeline_internal/raw/gribstream_tactical_full_tactical_backfill_ok_tmax/gfs/run_window_utc=20220321_000000_to_20220403_000000/e59b6d660de7d0ff749f28f25be08ca26a15abe3e346802b2964cc80c7d204ee.ndjson.gz,raw_reused,0,,,
28,gfs,completed,200,14,2022-04-04T00:00:00Z,2022-04-17T00:00:00Z,4200,4200,4550,4550,4200,0.001,457bcd7af1f2039a918e499f6188faf1e33d6917d5bf5e10099ca37b5773bfc6,full_tactical_backfill_ok_tmax_gfs_457bcd7af1f2,C:/Users/ahmad/Desktop/generalFiles/git/weather_markets/weather_data_extraction/bootstrap/hkg_tmax_elite_codex_bootstrap/hkg_tmax_elite_codex/data/_pipeline_internal/raw/gribstream_tactical_full_tactical_backfill_ok_tmax/gfs/run_window_utc=20220404_000000_to_20220417_000000/457bcd7af1f2039a918e499f6188faf1e33d6917d5bf5e10099ca37b5773bfc6.ndjson.gz,raw_reused,0,,,
29,gfs,completed,200,14,2022-04-18T00:00:00Z,2022-05-01T00:00:00Z,4200,4200,4550,4550,4200,0.001,ad063262dd142c717aa47752cb2de5db0b216d7a459d3d3e6c8afd0b1d591311,full_tactical_backfill_ok_tmax_gfs_ad063262dd14,C:/Users/ahmad/Desktop/generalFiles/git/weather_markets/weather_data_extraction/bootstrap/hkg_tmax_elite_codex_bootstrap/hkg_tmax_elite_codex/data/_pipeline_internal/raw/gribstream_tactical_full_tactical_backfill_ok_tmax/gfs/run_window_utc=20220418_000000_to_20220501_000000/ad063262dd142c717aa47752cb2de5db0b216d7a459d3d3e6c8afd0b1d591311.ndjson.gz,raw_reused,0,,,
30,gfs,completed,200,14,2022-05-02T00:00:00Z,2022-05-15T00:00:00Z,4200,4200,4550,4550,4200,0.001,8d111062009493d2e34b4375a66d4dc903630e5ccac948f8befe042a86a5cac2,full_tactical_backfill_ok_tmax_gfs_8d1110620094,C:/Users/ahmad/Desktop/generalFiles/git/weather_markets/weather_data_extraction/bootstrap/hkg_tmax_elite_codex_bootstrap/hkg_tmax_elite_codex/data/_pipeline_internal/raw/gribstream_tactical_full_tactical_backfill_ok_tmax/gfs/run_window_utc=20220502_000000_to_20220515_000000/8d111062009493d2e34b4375a66d4dc903630e5ccac948f8befe042a86a5cac2.ndjson.gz,raw_reused,0,,,
31,gfs,completed,200,14,2022-05-16T00:00:00Z,2022-05-29T00:00:00Z,4200,4200,4550,4550,4200,0.001,df599fed2af32c40b2a76a2476b2a930023dc108f93b98d2b4dc86fab73a88a5,full_tactical_backfill_ok_tmax_gfs_df599fed2af3,C:/Users/ahmad/Desktop/generalFiles/git/weather_markets/weather_data_extraction/bootstrap/hkg_tmax_elite_codex_bootstrap/hkg_tmax_elite_codex/data/_pipeline_internal/raw/gribstream_tactical_full_tactical_backfill_ok_tmax/gfs/run_window_utc=20220516_000000_to_20220529_000000/df599fed2af32c40b2a76a2476b2a930023dc108f93b98d2b4dc86fab73a88a5.ndjson.gz,raw_reused,0,,,
32,gfs,completed,200,14,2022-05-30T00:00:00Z,2022-06-12T00:00:00Z,4200,4200,4550,4550,4200,0.001,8c3d2d7f069c438626620c5570a045bc8801886737ddf2ff75e38f6bc140b815,full_tactical_backfill_ok_tmax_gfs_8c3d2d7f069c,C:/Users/ahmad/Desktop/generalFiles/git/weather_markets/weather_data_extraction/bootstrap/hkg_tmax_elite_codex_bootstrap/hkg_tmax_elite_codex/data/_pipeline_internal/raw/gribstream_tactical_full_tactical_backfill_ok_tmax/gfs/run_window_utc=20220530_000000_to_20220612_000000/8c3d2d7f069c438626620c5570a045bc8801886737ddf2ff75e38f6bc140b815.ndjson.gz,raw_reused,0,,,
33,gfs,completed,200,14,2022-06-13T00:00:00Z,2022-06-26T00:00:00Z,4200,4200,4550,4550,4200,0.001,0de3f8519b019a921451625cf310adbc201da8c5b44741bd019be78fa3309404,full_tactical_backfill_ok_tmax_gfs_0de3f8519b01,C:/Users/ahmad/Desktop/generalFiles/git/weather_markets/weather_data_extraction/bootstrap/hkg_tmax_elite_codex_bootstrap/hkg_tmax_elite_codex/data/_pipeline_internal/raw/gribstream_tactical_full_tactical_backfill_ok_tmax/gfs/run_window_utc=20220613_000000_to_20220626_000000/0de3f8519b019a921451625cf310adbc201da8c5b44741bd019be78fa3309404.ndjson.gz,raw_reused,0,,,
34,gfs,completed,200,14,2022-06-27T00:00:00Z,2022-07-10T00:00:00Z,4200,4200,4550,4550,4200,0.001,649c263d99996d65951fc81f0c778a23d5295040a7f755195bd435eee0ea1822,full_tactical_backfill_ok_tmax_gfs_649c263d9999,C:/Users/ahmad/Desktop/generalFiles/git/weather_markets/weather_data_extraction/bootstrap/hkg_tmax_elite_codex_bootstrap/hkg_tmax_elite_codex/data/_pipeline_internal/raw/gribstream_tactical_full_tactical_backfill_ok_tmax/gfs/run_window_utc=20220627_000000_to_20220710_000000/649c263d99996d65951fc81f0c778a23d5295040a7f755195bd435eee0ea1822.ndjson.gz,raw_reused,0,,,
35,gfs,completed,200,14,2022-07-11T00:00:00Z,2022-07-24T00:00:00Z,4200,4200,4550,4550,4200,0.002,4e846421683063853d9b8f2daf73c8ed10b17561c297462c7912e936e3676074,full_tactical_backfill_ok_tmax_gfs_4e8464216830,C:/Users/ahmad/Desktop/generalFiles/git/weather_markets/weather_data_extraction/bootstrap/hkg_tmax_elite_codex_bootstrap/hkg_tmax_elite_codex/data/_pipeline_internal/raw/gribstream_tactical_full_tactical_backfill_ok_tmax/gfs/run_window_utc=20220711_000000_to_20220724_000000/4e846421683063853d9b8f2daf73c8ed10b17561c297462c7912e936e3676074.ndjson.gz,raw_reused,0,,,
36,gfs,completed,200,14,2022-07-25T00:00:00Z,2022-08-07T00:00:00Z,4200,4200,4550,4550,4200,0.001,689dabf0992bacef3466263e7e8d6bafd1a52a6696053681546cb73b6f891a35,full_tactical_backfill_ok_tmax_gfs_689dabf0992b,C:/Users/ahmad/Desktop/generalFiles/git/weather_markets/weather_data_extraction/bootstrap/hkg_tmax_elite_codex_bootstrap/hkg_tmax_elite_codex/data/_pipeline_internal/raw/gribstream_tactical_full_tactical_backfill_ok_tmax/gfs/run_window_utc=20220725_000000_to_20220807_000000/689dabf0992bacef3466263e7e8d6bafd1a52a6696053681546cb73b6f891a35.ndjson.gz,raw_reused,0,,,
37,gfs,completed,200,14,2022-08-08T00:00:00Z,2022-08-21T00:00:00Z,4200,4200,4550,4550,4200,0.001,dce0f1e30d63d8df3cfd9251fe10e306c48f84f481defab18eb9ed55c0c57360,full_tactical_backfill_ok_tmax_gfs_dce0f1e30d63,C:/Users/ahmad/Desktop/generalFiles/git/weather_markets/weather_data_extraction/bootstrap/hkg_tmax_elite_codex_bootstrap/hkg_tmax_elite_codex/data/_pipeline_internal/raw/gribstream_tactical_full_tactical_backfill_ok_tmax/gfs/run_window_utc=20220808_000000_to_20220821_000000/dce0f1e30d63d8df3cfd9251fe10e306c48f84f481defab18eb9ed55c0c57360.ndjson.gz,raw_reused,0,,,
38,gfs,completed,200,14,2022-08-22T00:00:00Z,2022-09-04T00:00:00Z,4200,4200,4550,4550,4200,0.001,011d6c4c4aba8b4e039023265ccb35ec600a3d5d89834e6d39173216e7369b24,full_tactical_backfill_ok_tmax_gfs_011d6c4c4aba,C:/Users/ahmad/Desktop/generalFiles/git/weather_markets/weather_data_extraction/bootstrap/hkg_tmax_elite_codex_bootstrap/hkg_tmax_elite_codex/data/_pipeline_internal/raw/gribstream_tactical_full_tactical_backfill_ok_tmax/gfs/run_window_utc=20220822_000000_to_20220904_000000/011d6c4c4aba8b4e039023265ccb35ec600a3d5d89834e6d39173216e7369b24.ndjson.gz,raw_reused,0,,,
39,gfs,completed,200,14,2022-09-05T00:00:00Z,2022-09-18T00:00:00Z,4200,4200,4550,4550,4200,0.001,7277542ad5b57f28fb7a0dcfbb9fc672ef16954f66eb8322c7f40929516040d8,full_tactical_backfill_ok_tmax_gfs_7277542ad5b5,C:/Users/ahmad/Desktop/generalFiles/git/weather_markets/weather_data_extraction/bootstrap/hkg_tmax_elite_codex_bootstrap/hkg_tmax_elite_codex/data/_pipeline_internal/raw/gribstream_tactical_full_tactical_backfill_ok_tmax/gfs/run_window_utc=20220905_000000_to_20220918_000000/7277542ad5b57f28fb7a0dcfbb9fc672ef16954f66eb8322c7f40929516040d8.ndjson.gz,raw_reused,0,,,
40,gfs,completed,200,14,2022-09-19T00:00:00Z,2022-10-02T00:00:00Z,4200,4200,4550,4550,4200,0.001,92eb2842d80f08ec385be4783e3d55f199d67a8b56acf703532d7403e168b1bd,full_tactical_backfill_ok_tmax_gfs_92eb2842d80f,C:/Users/ahmad/Desktop/generalFiles/git/weather_markets/weather_data_extraction/bootstrap/hkg_tmax_elite_codex_bootstrap/hkg_tmax_elite_codex/data/_pipeline_internal/raw/gribstream_tactical_full_tactical_backfill_ok_tmax/gfs/run_window_utc=20220919_000000_to_20221002_000000/92eb2842d80f08ec385be4783e3d55f199d67a8b56acf703532d7403e168b1bd.ndjson.gz,raw_reused,0,,,
41,gfs,completed,200,14,2022-10-03T00:00:00Z,2022-10-16T00:00:00Z,4200,4200,4550,4550,4200,0.001,dc38053857b40c69a068606221400329ab5c44eae592e0daaa9c3564fe0cafa8,full_tactical_backfill_ok_tmax_gfs_dc38053857b4,C:/Users/ahmad/Desktop/generalFiles/git/weather_markets/weather_data_extraction/bootstrap/hkg_tmax_elite_codex_bootstrap/hkg_tmax_elite_codex/data/_pipeline_internal/raw/gribstream_tactical_full_tactical_backfill_ok_tmax/gfs/run_window_utc=20221003_000000_to_20221016_000000/dc38053857b40c69a068606221400329ab5c44eae592e0daaa9c3564fe0cafa8.ndjson.gz,raw_reused,0,,,
42,gfs,completed,200,14,2022-10-17T00:00:00Z,2022-10-30T00:00:00Z,4200,4200,4550,4550,4200,0.001,b90b9c7058c477ff022ef21f65a9a1ae7854a042265c54f62aab02357d3f2bff,full_tactical_backfill_ok_tmax_gfs_b90b9c7058c4,C:/Users/ahmad/Desktop/generalFiles/git/weather_markets/weather_data_extraction/bootstrap/hkg_tmax_elite_codex_bootstrap/hkg_tmax_elite_codex/data/_pipeline_internal/raw/gribstream_tactical_full_tactical_backfill_ok_tmax/gfs/run_window_utc=20221017_000000_to_20221030_000000/b90b9c7058c477ff022ef21f65a9a1ae7854a042265c54f62aab02357d3f2bff.ndjson.gz,raw_reused,0,,,
43,gfs,completed,200,14,2022-10-31T00:00:00Z,2022-11-13T00:00:00Z,4200,4200,4550,4550,4200,0.001,8073e52dc6a43b6a8972408e04c1e520f39ff01b4b55f54137c44e723cb4f915,full_tactical_backfill_ok_tmax_gfs_8073e52dc6a4,C:/Users/ahmad/Desktop/generalFiles/git/weather_markets/weather_data_extraction/bootstrap/hkg_tmax_elite_codex_bootstrap/hkg_tmax_elite_codex/data/_pipeline_internal/raw/gribstream_tactical_full_tactical_backfill_ok_tmax/gfs/run_window_utc=20221031_000000_to_20221113_000000/8073e52dc6a43b6a8972408e04c1e520f39ff01b4b55f54137c44e723cb4f915.ndjson.gz,raw_reused,0,,,
44,gfs,completed,200,14,2022-11-14T00:00:00Z,2022-11-27T00:00:00Z,4200,4200,4550,4550,4200,0.001,b0e432fecac4090bbe427654474d6c818819e3d4831755ca39c014396a634d7b,full_tactical_backfill_ok_tmax_gfs_b0e432fecac4,C:/Users/ahmad/Desktop/generalFiles/git/weather_markets/weather_data_extraction/bootstrap/hkg_tmax_elite_codex_bootstrap/hkg_tmax_elite_codex/data/_pipeline_internal/raw/gribstream_tactical_full_tactical_backfill_ok_tmax/gfs/run_window_utc=20221114_000000_to_20221127_000000/b0e432fecac4090bbe427654474d6c818819e3d4831755ca39c014396a634d7b.ndjson.gz,raw_reused,0,,,
45,gfs,completed,200,14,2022-11-28T00:00:00Z,2022-12-11T00:00:00Z,4200,4200,4550,4550,4200,0.001,f9712db96a840eb7486948948dddfd94522c7448e568acb3a57372c19e4c6ae2,full_tactical_backfill_ok_tmax_gfs_f9712db96a84,C:/Users/ahmad/Desktop/generalFiles/git/weather_markets/weather_data_extraction/bootstrap/hkg_tmax_elite_codex_bootstrap/hkg_tmax_elite_codex/data/_pipeline_internal/raw/gribstream_tactical_full_tactical_backfill_ok_tmax/gfs/run_window_utc=20221128_000000_to_20221211_000000/f9712db96a840eb7486948948dddfd94522c7448e568acb3a57372c19e4c6ae2.ndjson.gz,raw_reused,0,,,
46,gfs,completed,200,14,2022-12-12T00:00:00Z,2022-12-25T00:00:00Z,4200,4200,4550,4550,4200,0.001,e9861f4ee1feccbe999c30dc9db13738a6a48dda345715d2fc2694f417eff7d9,full_tactical_backfill_ok_tmax_gfs_e9861f4ee1fe,C:/Users/ahmad/Desktop/generalFiles/git/weather_markets/weather_data_extraction/bootstrap/hkg_tmax_elite_codex_bootstrap/hkg_tmax_elite_codex/data/_pipeline_internal/raw/gribstream_tactical_full_tactical_backfill_ok_tmax/gfs/run_window_utc=20221212_000000_to_20221225_000000/e9861f4ee1feccbe999c30dc9db13738a6a48dda345715d2fc2694f417eff7d9.ndjson.gz,raw_reused,0,,,
47,gfs,completed,200,14,2022-12-26T00:00:00Z,2023-01-08T00:00:00Z,4200,4200,4550,4550,4200,0.001,b879d15cc9473ecd5c7cdea11697348ed3212b8808a183d11aedc582af4b5bbc,full_tactical_backfill_ok_tmax_gfs_b879d15cc947,C:/Users/ahmad/Desktop/generalFiles/git/weather_markets/weather_data_extraction/bootstrap/hkg_tmax_elite_codex_bootstrap/hkg_tmax_elite_codex/data/_pipeline_internal/raw/gribstream_tactical_full_tactical_backfill_ok_tmax/gfs/run_window_utc=20221226_000000_to_20230108_000000/b879d15cc9473ecd5c7cdea11697348ed3212b8808a183d11aedc582af4b5bbc.ndjson.gz,raw_reused,0,,,
48,gfs,completed,200,14,2023-01-09T00:00:00Z,2023-01-22T00:00:00Z,4200,4200,4550,4550,4200,0.001,67bdce9b993ab02b638d61981623302370f75183ed8ec4929c9ca9f2d3dee3b4,full_tactical_backfill_ok_tmax_gfs_67bdce9b993a,C:/Users/ahmad/Desktop/generalFiles/git/weather_markets/weather_data_extraction/bootstrap/hkg_tmax_elite_codex_bootstrap/hkg_tmax_elite_codex/data/_pipeline_internal/raw/gribstream_tactical_full_tactical_backfill_ok_tmax/gfs/run_window_utc=20230109_000000_to_20230122_000000/67bdce9b993ab02b638d61981623302370f75183ed8ec4929c9ca9f2d3dee3b4.ndjson.gz,raw_reused,0,,,
49,gfs,completed,200,14,2023-01-23T00:00:00Z,2023-02-05T00:00:00Z,4200,4200,4550,4550,4200,0.001,bc4430a79b69d566e7366c92037d58562b859945c4cf65e1e0f7d84e68a60617,full_tactical_backfill_ok_tmax_gfs_bc4430a79b69,C:/Users/ahmad/Desktop/generalFiles/git/weather_markets/weather_data_extraction/bootstrap/hkg_tmax_elite_codex_bootstrap/hkg_tmax_elite_codex/data/_pipeline_internal/raw/gribstream_tactical_full_tactical_backfill_ok_tmax/gfs/run_window_utc=20230123_000000_to_20230205_000000/bc4430a79b69d566e7366c92037d58562b859945c4cf65e1e0f7d84e68a60617.ndjson.gz,raw_reused,0,,,
50,gfs,completed,200,14,2023-02-06T00:00:00Z,2023-02-19T00:00:00Z,4200,4200,4550,4550,4200,0.001,faab628d4327167d6d252f8ac308417dce19da6591cc006faa1d84de18e45c4f,full_tactical_backfill_ok_tmax_gfs_faab628d4327,C:/Users/ahmad/Desktop/generalFiles/git/weather_markets/weather_data_extraction/bootstrap/hkg_tmax_elite_codex_bootstrap/hkg_tmax_elite_codex/data/_pipeline_internal/raw/gribstream_tactical_full_tactical_backfill_ok_tmax/gfs/run_window_utc=20230206_000000_to_20230219_000000/faab628d4327167d6d252f8ac308417dce19da6591cc006faa1d84de18e45c4f.ndjson.gz,raw_reused,0,,,
51,gfs,completed,200,14,2023-02-20T00:00:00Z,2023-03-05T00:00:00Z,4200,4200,4550,4550,4200,0.001,5520a87b0664eb75fca91dcb7703fbc01b72beec1f57917db9892ddd6408ec64,full_tactical_backfill_ok_tmax_gfs_5520a87b0664,C:/Users/ahmad/Desktop/generalFiles/git/weather_markets/weather_data_extraction/bootstrap/hkg_tmax_elite_codex_bootstrap/hkg_tmax_elite_codex/data/_pipeline_internal/raw/gribstream_tactical_full_tactical_backfill_ok_tmax/gfs/run_window_utc=20230220_000000_to_20230305_000000/5520a87b0664eb75fca91dcb7703fbc01b72beec1f57917db9892ddd6408ec64.ndjson.gz,raw_reused,0,,,
52,gfs,completed,200,14,2023-03-06T00:00:00Z,2023-03-19T00:00:00Z,4200,4200,4550,4550,4200,0.001,19601bcc4909d925018c07f7b6ac1b95280c76ca466b1219aebb2aa0c0296541,full_tactical_backfill_ok_tmax_gfs_19601bcc4909,C:/Users/ahmad/Desktop/generalFiles/git/weather_markets/weather_data_extraction/bootstrap/hkg_tmax_elite_codex_bootstrap/hkg_tmax_elite_codex/data/_pipeline_internal/raw/gribstream_tactical_full_tactical_backfill_ok_tmax/gfs/run_window_utc=20230306_000000_to_20230319_000000/19601bcc4909d925018c07f7b6ac1b95280c76ca466b1219aebb2aa0c0296541.ndjson.gz,raw_reused,0,,,
53,gfs,completed,200,14,2023-03-20T00:00:00Z,2023-04-02T00:00:00Z,4200,4200,4550,4550,4200,0.001,1a25475ef422197b01b3239d7b9461c051201da50ac919b386edcdf267a691eb,full_tactical_backfill_ok_tmax_gfs_1a25475ef422,C:/Users/ahmad/Desktop/generalFiles/git/weather_markets/weather_data_extraction/bootstrap/hkg_tmax_elite_codex_bootstrap/hkg_tmax_elite_codex/data/_pipeline_internal/raw/gribstream_tactical_full_tactical_backfill_ok_tmax/gfs/run_window_utc=20230320_000000_to_20230402_000000/1a25475ef422197b01b3239d7b9461c051201da50ac919b386edcdf267a691eb.ndjson.gz,raw_reused,0,,,
54,gfs,completed,200,14,2023-04-03T00:00:00Z,2023-04-16T00:00:00Z,4200,4200,4550,4550,4200,0.003,cb9de50206700bfb39d4c11002d93add930da90ff4144e273347a5353fbb0a64,full_tactical_backfill_ok_tmax_gfs_cb9de5020670,C:/Users/ahmad/Desktop/generalFiles/git/weather_markets/weather_data_extraction/bootstrap/hkg_tmax_elite_codex_bootstrap/hkg_tmax_elite_codex/data/_pipeline_internal/raw/gribstream_tactical_full_tactical_backfill_ok_tmax/gfs/run_window_utc=20230403_000000_to_20230416_000000/cb9de50206700bfb39d4c11002d93add930da90ff4144e273347a5353fbb0a64.ndjson.gz,raw_reused,0,,,
55,gfs,completed,200,14,2023-04-17T00:00:00Z,2023-04-30T00:00:00Z,4200,4200,4550,4550,4200,0.001,691e2bed5e313d15f08359e9f493c43098aa8c18c598bebc2bda0e1a171c9d42,full_tactical_backfill_ok_tmax_gfs_691e2bed5e31,C:/Users/ahmad/Desktop/generalFiles/git/weather_markets/weather_data_extraction/bootstrap/hkg_tmax_elite_codex_bootstrap/hkg_tmax_elite_codex/data/_pipeline_internal/raw/gribstream_tactical_full_tactical_backfill_ok_tmax/gfs/run_window_utc=20230417_000000_to_20230430_000000/691e2bed5e313d15f08359e9f493c43098aa8c18c598bebc2bda0e1a171c9d42.ndjson.gz,raw_reused,0,,,
56,gfs,completed,200,14,2023-05-01T00:00:00Z,2023-05-14T00:00:00Z,4200,4200,4550,4550,4200,0.001,9f98ca8a15bce33a0be6d99f62589a32a81ee3e2f8137c688d7f5530bef4d9b3,full_tactical_backfill_ok_tmax_gfs_9f98ca8a15bc,C:/Users/ahmad/Desktop/generalFiles/git/weather_markets/weather_data_extraction/bootstrap/hkg_tmax_elite_codex_bootstrap/hkg_tmax_elite_codex/data/_pipeline_internal/raw/gribstream_tactical_full_tactical_backfill_ok_tmax/gfs/run_window_utc=20230501_000000_to_20230514_000000/9f98ca8a15bce33a0be6d99f62589a32a81ee3e2f8137c688d7f5530bef4d9b3.ndjson.gz,raw_reused,0,,,
57,gfs,completed,200,14,2023-05-15T00:00:00Z,2023-05-28T00:00:00Z,4200,4200,4550,4550,4200,0.001,d145aa174550b620c8f959ed867f80b0c4c9da3da7231ae8d45ea8b1c08a58b7,full_tactical_backfill_ok_tmax_gfs_d145aa174550,C:/Users/ahmad/Desktop/generalFiles/git/weather_markets/weather_data_extraction/bootstrap/hkg_tmax_elite_codex_bootstrap/hkg_tmax_elite_codex/data/_pipeline_internal/raw/gribstream_tactical_full_tactical_backfill_ok_tmax/gfs/run_window_utc=20230515_000000_to_20230528_000000/d145aa174550b620c8f959ed867f80b0c4c9da3da7231ae8d45ea8b1c08a58b7.ndjson.gz,raw_reused,0,,,
58,gfs,completed,200,14,2023-05-29T00:00:00Z,2023-06-11T00:00:00Z,4200,4200,4550,4550,4200,0.001,31ad7b447717129c4f36767e602abfe2c5a23541c5f6c91018314e9bc0d25101,full_tactical_backfill_ok_tmax_gfs_31ad7b447717,C:/Users/ahmad/Desktop/generalFiles/git/weather_markets/weather_data_extraction/bootstrap/hkg_tmax_elite_codex_bootstrap/hkg_tmax_elite_codex/data/_pipeline_internal/raw/gribstream_tactical_full_tactical_backfill_ok_tmax/gfs/run_window_utc=20230529_000000_to_20230611_000000/31ad7b447717129c4f36767e602abfe2c5a23541c5f6c91018314e9bc0d25101.ndjson.gz,raw_reused,0,,,
59,gfs,completed,200,14,2023-06-12T00:00:00Z,2023-06-25T00:00:00Z,4200,4200,4550,4550,4200,0.001,ffc949136730d24069780a26555d260004852da33f0fdc4132990c922a098065,full_tactical_backfill_ok_tmax_gfs_ffc949136730,C:/Users/ahmad/Desktop/generalFiles/git/weather_markets/weather_data_extraction/bootstrap/hkg_tmax_elite_codex_bootstrap/hkg_tmax_elite_codex/data/_pipeline_internal/raw/gribstream_tactical_full_tactical_backfill_ok_tmax/gfs/run_window_utc=20230612_000000_to_20230625_000000/ffc949136730d24069780a26555d260004852da33f0fdc4132990c922a098065.ndjson.gz,raw_reused,0,,,
60,gfs,completed,200,14,2023-06-26T00:00:00Z,2023-07-09T00:00:00Z,4200,4200,4550,4550,4200,0.001,ee262b7092cea11eca8882a5ac3d7eca41c847b115161450543d66f2bb366a2f,full_tactical_backfill_ok_tmax_gfs_ee262b7092ce,C:/Users/ahmad/Desktop/generalFiles/git/weather_markets/weather_data_extraction/bootstrap/hkg_tmax_elite_codex_bootstrap/hkg_tmax_elite_codex/data/_pipeline_internal/raw/gribstream_tactical_full_tactical_backfill_ok_tmax/gfs/run_window_utc=20230626_000000_to_20230709_000000/ee262b7092cea11eca8882a5ac3d7eca41c847b115161450543d66f2bb366a2f.ndjson.gz,raw_reused,0,,,
61,gfs,completed,200,14,2023-07-10T00:00:00Z,2023-07-23T00:00:00Z,4200,4200,4550,4550,4200,0.001,5778efd07cf9b8f2081f0c97d4cedd83ec9311e6f284dcb3a8c3c75413f967b9,full_tactical_backfill_ok_tmax_gfs_5778efd07cf9,C:/Users/ahmad/Desktop/generalFiles/git/weather_markets/weather_data_extraction/bootstrap/hkg_tmax_elite_codex_bootstrap/hkg_tmax_elite_codex/data/_pipeline_internal/raw/gribstream_tactical_full_tactical_backfill_ok_tmax/gfs/run_window_utc=20230710_000000_to_20230723_000000/5778efd07cf9b8f2081f0c97d4cedd83ec9311e6f284dcb3a8c3c75413f967b9.ndjson.gz,raw_reused,0,,,
62,gfs,completed,200,14,2023-07-24T00:00:00Z,2023-08-06T00:00:00Z,4200,4200,4550,4550,4200,0.001,ad641e87a676ee66124e19d7948c79c39efd28c1a94882ae99ce91f5fe90d55a,full_tactical_backfill_ok_tmax_gfs_ad641e87a676,C:/Users/ahmad/Desktop/generalFiles/git/weather_markets/weather_data_extraction/bootstrap/hkg_tmax_elite_codex_bootstrap/hkg_tmax_elite_codex/data/_pipeline_internal/raw/gribstream_tactical_full_tactical_backfill_ok_tmax/gfs/run_window_utc=20230724_000000_to_20230806_000000/ad641e87a676ee66124e19d7948c79c39efd28c1a94882ae99ce91f5fe90d55a.ndjson.gz,raw_reused,0,,,
63,gfs,completed,200,14,2023-08-07T00:00:00Z,2023-08-20T00:00:00Z,4200,4200,4550,4550,4200,0.001,6f9911792462ad0234ed29947b6b31c9b1d2375f4e23d12cb369246c01b82631,full_tactical_backfill_ok_tmax_gfs_6f9911792462,C:/Users/ahmad/Desktop/generalFiles/git/weather_markets/weather_data_extraction/bootstrap/hkg_tmax_elite_codex_bootstrap/hkg_tmax_elite_codex/data/_pipeline_internal/raw/gribstream_tactical_full_tactical_backfill_ok_tmax/gfs/run_window_utc=20230807_000000_to_20230820_000000/6f9911792462ad0234ed29947b6b31c9b1d2375f4e23d12cb369246c01b82631.ndjson.gz,raw_reused,0,,,
64,gfs,completed,200,14,2023-08-21T00:00:00Z,2023-09-03T00:00:00Z,4200,4200,4550,4550,4200,0.001,f685324a1d7b304167a68ee0dabbb44f1d085dcbe185f0415c1763e4e8a60dbe,full_tactical_backfill_ok_tmax_gfs_f685324a1d7b,C:/Users/ahmad/Desktop/generalFiles/git/weather_markets/weather_data_extraction/bootstrap/hkg_tmax_elite_codex_bootstrap/hkg_tmax_elite_codex/data/_pipeline_internal/raw/gribstream_tactical_full_tactical_backfill_ok_tmax/gfs/run_window_utc=20230821_000000_to_20230903_000000/f685324a1d7b304167a68ee0dabbb44f1d085dcbe185f0415c1763e4e8a60dbe.ndjson.gz,raw_reused,0,,,
65,gfs,completed,200,14,2023-09-04T00:00:00Z,2023-09-17T00:00:00Z,4200,4200,4550,4550,4200,0.002,50a7c109f742ae2e912d521bfdafd351029641da34fc6fa68442fb030c7104e7,full_tactical_backfill_ok_tmax_gfs_50a7c109f742,C:/Users/ahmad/Desktop/generalFiles/git/weather_markets/weather_data_extraction/bootstrap/hkg_tmax_elite_codex_bootstrap/hkg_tmax_elite_codex/data/_pipeline_internal/raw/gribstream_tactical_full_tactical_backfill_ok_tmax/gfs/run_window_utc=20230904_000000_to_20230917_000000/50a7c109f742ae2e912d521bfdafd351029641da34fc6fa68442fb030c7104e7.ndjson.gz,raw_reused,0,,,
66,gfs,completed,200,14,2023-09-18T00:00:00Z,2023-10-01T00:00:00Z,4200,4200,4550,4550,4200,0.001,8d8ce7637dcf678b607a042560b38d84eba578c1c58fa9260be30708e1599b10,full_tactical_backfill_ok_tmax_gfs_8d8ce7637dcf,C:/Users/ahmad/Desktop/generalFiles/git/weather_markets/weather_data_extraction/bootstrap/hkg_tmax_elite_codex_bootstrap/hkg_tmax_elite_codex/data/_pipeline_internal/raw/gribstream_tactical_full_tactical_backfill_ok_tmax/gfs/run_window_utc=20230918_000000_to_20231001_000000/8d8ce7637dcf678b607a042560b38d84eba578c1c58fa9260be30708e1599b10.ndjson.gz,raw_reused,0,,,
67,gfs,completed,200,14,2023-10-02T00:00:00Z,2023-10-15T00:00:00Z,4200,4200,4550,4550,4200,0.001,a3cd112be2d162fe56cdfbf8313b496f4f9985f803c280dee427eec75f6b95b5,full_tactical_backfill_ok_tmax_gfs_a3cd112be2d1,C:/Users/ahmad/Desktop/generalFiles/git/weather_markets/weather_data_extraction/bootstrap/hkg_tmax_elite_codex_bootstrap/hkg_tmax_elite_codex/data/_pipeline_internal/raw/gribstream_tactical_full_tactical_backfill_ok_tmax/gfs/run_window_utc=20231002_000000_to_20231015_000000/a3cd112be2d162fe56cdfbf8313b496f4f9985f803c280dee427eec75f6b95b5.ndjson.gz,raw_reused,0,,,
68,gfs,completed,200,14,2023-10-16T00:00:00Z,2023-10-29T00:00:00Z,4200,4200,4550,4550,4200,0.001,70b8e34c73f6cbe8d6e58be6badd715d59cddaf3024d39d48eb706c4a286f41b,full_tactical_backfill_ok_tmax_gfs_70b8e34c73f6,C:/Users/ahmad/Desktop/generalFiles/git/weather_markets/weather_data_extraction/bootstrap/hkg_tmax_elite_codex_bootstrap/hkg_tmax_elite_codex/data/_pipeline_internal/raw/gribstream_tactical_full_tactical_backfill_ok_tmax/gfs/run_window_utc=20231016_000000_to_20231029_000000/70b8e34c73f6cbe8d6e58be6badd715d59cddaf3024d39d48eb706c4a286f41b.ndjson.gz,raw_reused,0,,,
69,gfs,completed,200,14,2023-10-30T00:00:00Z,2023-11-12T00:00:00Z,4200,4200,4550,4550,4200,0.002,6bf0f54d23f94cb2acbe3bca76e782ce65ab6b4ad2b830ec0250fec46b6b3e1f,full_tactical_backfill_ok_tmax_gfs_6bf0f54d23f9,C:/Users/ahmad/Desktop/generalFiles/git/weather_markets/weather_data_extraction/bootstrap/hkg_tmax_elite_codex_bootstrap/hkg_tmax_elite_codex/data/_pipeline_internal/raw/gribstream_tactical_full_tactical_backfill_ok_tmax/gfs/run_window_utc=20231030_000000_to_20231112_000000/6bf0f54d23f94cb2acbe3bca76e782ce65ab6b4ad2b830ec0250fec46b6b3e1f.ndjson.gz,raw_reused,0,,,
70,gfs,completed,200,14,2023-11-13T00:00:00Z,2023-11-26T00:00:00Z,4200,4200,4550,4550,4200,0.001,13fdf9c33b96c8bac25a922b027bee72b303f4a1cc6723dd9fffffa967e08e6c,full_tactical_backfill_ok_tmax_gfs_13fdf9c33b96,C:/Users/ahmad/Desktop/generalFiles/git/weather_markets/weather_data_extraction/bootstrap/hkg_tmax_elite_codex_bootstrap/hkg_tmax_elite_codex/data/_pipeline_internal/raw/gribstream_tactical_full_tactical_backfill_ok_tmax/gfs/run_window_utc=20231113_000000_to_20231126_000000/13fdf9c33b96c8bac25a922b027bee72b303f4a1cc6723dd9fffffa967e08e6c.ndjson.gz,raw_reused,0,,,
71,gfs,completed,200,14,2023-11-27T00:00:00Z,2023-12-10T00:00:00Z,4200,4200,4550,4550,4200,0.001,a837d79205511274f41cdb33ae1bfcc289e20daf8909ff500b30c4c4d10d392e,full_tactical_backfill_ok_tmax_gfs_a837d7920551,C:/Users/ahmad/Desktop/generalFiles/git/weather_markets/weather_data_extraction/bootstrap/hkg_tmax_elite_codex_bootstrap/hkg_tmax_elite_codex/data/_pipeline_internal/raw/gribstream_tactical_full_tactical_backfill_ok_tmax/gfs/run_window_utc=20231127_000000_to_20231210_000000/a837d79205511274f41cdb33ae1bfcc289e20daf8909ff500b30c4c4d10d392e.ndjson.gz,raw_reused,0,,,
72,gfs,completed,200,14,2023-12-11T00:00:00Z,2023-12-24T00:00:00Z,4200,4200,4550,4550,4200,0.001,299e20c7b2a45b4e34551855ea75148d8252455bb6126113a629f50dca5fd4e3,full_tactical_backfill_ok_tmax_gfs_299e20c7b2a4,C:/Users/ahmad/Desktop/generalFiles/git/weather_markets/weather_data_extraction/bootstrap/hkg_tmax_elite_codex_bootstrap/hkg_tmax_elite_codex/data/_pipeline_internal/raw/gribstream_tactical_full_tactical_backfill_ok_tmax/gfs/run_window_utc=20231211_000000_to_20231224_000000/299e20c7b2a45b4e34551855ea75148d8252455bb6126113a629f50dca5fd4e3.ndjson.gz,raw_reused,0,,,
73,gfs,completed,200,14,2023-12-25T00:00:00Z,2024-01-07T00:00:00Z,3972,3972,4303,4550,4200,0.001,6bc51593b858e21f352b975207433b90d58fd49a34452d26b412fe944521f2d7,full_tactical_backfill_ok_tmax_gfs_6bc51593b858,C:/Users/ahmad/Desktop/generalFiles/git/weather_markets/weather_data_extraction/bootstrap/hkg_tmax_elite_codex_bootstrap/hkg_tmax_elite_codex/data/_pipeline_internal/raw/gribstream_tactical_full_tactical_backfill_ok_tmax/gfs/run_window_utc=20231225_000000_to_20240107_000000/6bc51593b858e21f352b975207433b90d58fd49a34452d26b412fe944521f2d7.ndjson.gz,raw_reused,0,,,
74,gfs,completed,200,14,2024-01-08T00:00:00Z,2024-01-21T00:00:00Z,4200,4200,4550,4550,4200,0.001,fea86c132cf4065d808743b551c1b42502394e86e90bd446e93349fc5e793016,full_tactical_backfill_ok_tmax_gfs_fea86c132cf4,C:/Users/ahmad/Desktop/generalFiles/git/weather_markets/weather_data_extraction/bootstrap/hkg_tmax_elite_codex_bootstrap/hkg_tmax_elite_codex/data/_pipeline_internal/raw/gribstream_tactical_full_tactical_backfill_ok_tmax/gfs/run_window_utc=20240108_000000_to_20240121_000000/fea86c132cf4065d808743b551c1b42502394e86e90bd446e93349fc5e793016.ndjson.gz,raw_reused,0,,,
75,gfs,completed,200,14,2024-01-22T00:00:00Z,2024-02-04T00:00:00Z,4200,4200,4550,4550,4200,0.001,2f2efd6eb4707a167401513e910b4307b05b6b90882f4a9b3c89717fc3ad6263,full_tactical_backfill_ok_tmax_gfs_2f2efd6eb470,C:/Users/ahmad/Desktop/generalFiles/git/weather_markets/weather_data_extraction/bootstrap/hkg_tmax_elite_codex_bootstrap/hkg_tmax_elite_codex/data/_pipeline_internal/raw/gribstream_tactical_full_tactical_backfill_ok_tmax/gfs/run_window_utc=20240122_000000_to_20240204_000000/2f2efd6eb4707a167401513e910b4307b05b6b90882f4a9b3c89717fc3ad6263.ndjson.gz,raw_reused,0,,,
76,gfs,completed,200,14,2024-02-05T00:00:00Z,2024-02-18T00:00:00Z,4200,4200,4550,4550,4200,0.001,62e44339076355c3cb865185f96ecef965d00f226eff0a4a4583d832a3f13d22,full_tactical_backfill_ok_tmax_gfs_62e443390763,C:/Users/ahmad/Desktop/generalFiles/git/weather_markets/weather_data_extraction/bootstrap/hkg_tmax_elite_codex_bootstrap/hkg_tmax_elite_codex/data/_pipeline_internal/raw/gribstream_tactical_full_tactical_backfill_ok_tmax/gfs/run_window_utc=20240205_000000_to_20240218_000000/62e44339076355c3cb865185f96ecef965d00f226eff0a4a4583d832a3f13d22.ndjson.gz,raw_reused,0,,,
77,gfs,completed,200,14,2024-02-19T00:00:00Z,2024-03-03T00:00:00Z,4200,4200,4550,4550,4200,0.001,7fc70def0dfa2a0379c233c5e6eb1d2440bc7f09195e381ee04da2319607a43a,full_tactical_backfill_ok_tmax_gfs_7fc70def0dfa,C:/Users/ahmad/Desktop/generalFiles/git/weather_markets/weather_data_extraction/bootstrap/hkg_tmax_elite_codex_bootstrap/hkg_tmax_elite_codex/data/_pipeline_internal/raw/gribstream_tactical_full_tactical_backfill_ok_tmax/gfs/run_window_utc=20240219_000000_to_20240303_000000/7fc70def0dfa2a0379c233c5e6eb1d2440bc7f09195e381ee04da2319607a43a.ndjson.gz,raw_reused,0,,,
78,gfs,completed,200,14,2024-03-04T00:00:00Z,2024-03-17T00:00:00Z,4200,4200,4550,4550,4200,0.001,f2bc018b8d812b26134d699337c12bd0666e0ef6bcdd9a337bf5f44466064a4c,full_tactical_backfill_ok_tmax_gfs_f2bc018b8d81,C:/Users/ahmad/Desktop/generalFiles/git/weather_markets/weather_data_extraction/bootstrap/hkg_tmax_elite_codex_bootstrap/hkg_tmax_elite_codex/data/_pipeline_internal/raw/gribstream_tactical_full_tactical_backfill_ok_tmax/gfs/run_window_utc=20240304_000000_to_20240317_000000/f2bc018b8d812b26134d699337c12bd0666e0ef6bcdd9a337bf5f44466064a4c.ndjson.gz,raw_reused,0,,,
79,gfs,completed,200,14,2024-03-18T00:00:00Z,2024-03-31T00:00:00Z,4200,4200,4550,4550,4200,0.002,33b71c27aad212fb1fb63b0784b2a7ea849ff5947f77da2bf0a56f75354eb18e,full_tactical_backfill_ok_tmax_gfs_33b71c27aad2,C:/Users/ahmad/Desktop/generalFiles/git/weather_markets/weather_data_extraction/bootstrap/hkg_tmax_elite_codex_bootstrap/hkg_tmax_elite_codex/data/_pipeline_internal/raw/gribstream_tactical_full_tactical_backfill_ok_tmax/gfs/run_window_utc=20240318_000000_to_20240331_000000/33b71c27aad212fb1fb63b0784b2a7ea849ff5947f77da2bf0a56f75354eb18e.ndjson.gz,raw_reused,0,,,
80,gfs,completed,200,14,2024-04-01T00:00:00Z,2024-04-14T00:00:00Z,4200,4200,4550,4550,4200,0.001,ddab86ee49e92aaabd93d1af1a355eaf5a126da6ee5cd3392d935cb305c572ae,full_tactical_backfill_ok_tmax_gfs_ddab86ee49e9,C:/Users/ahmad/Desktop/generalFiles/git/weather_markets/weather_data_extraction/bootstrap/hkg_tmax_elite_codex_bootstrap/hkg_tmax_elite_codex/data/_pipeline_internal/raw/gribstream_tactical_full_tactical_backfill_ok_tmax/gfs/run_window_utc=20240401_000000_to_20240414_000000/ddab86ee49e92aaabd93d1af1a355eaf5a126da6ee5cd3392d935cb305c572ae.ndjson.gz,raw_reused,0,,,
81,gfs,completed,200,14,2024-04-15T00:00:00Z,2024-04-28T00:00:00Z,4200,4200,4550,4550,4200,0.001,5cadaaf8257e65d50f1a356c407b77fa191c697b29b0bfe4ea9ae5946d5ff629,full_tactical_backfill_ok_tmax_gfs_5cadaaf8257e,C:/Users/ahmad/Desktop/generalFiles/git/weather_markets/weather_data_extraction/bootstrap/hkg_tmax_elite_codex_bootstrap/hkg_tmax_elite_codex/data/_pipeline_internal/raw/gribstream_tactical_full_tactical_backfill_ok_tmax/gfs/run_window_utc=20240415_000000_to_20240428_000000/5cadaaf8257e65d50f1a356c407b77fa191c697b29b0bfe4ea9ae5946d5ff629.ndjson.gz,raw_reused,0,,,
82,gfs,completed,200,14,2024-04-29T00:00:00Z,2024-05-12T00:00:00Z,4200,4200,4550,4550,4200,0.001,7ac1040e3a6f732be0a3e87e70144cac5a7466a9bd475497cbf0fca9a7a39c7e,full_tactical_backfill_ok_tmax_gfs_7ac1040e3a6f,C:/Users/ahmad/Desktop/generalFiles/git/weather_markets/weather_data_extraction/bootstrap/hkg_tmax_elite_codex_bootstrap/hkg_tmax_elite_codex/data/_pipeline_internal/raw/gribstream_tactical_full_tactical_backfill_ok_tmax/gfs/run_window_utc=20240429_000000_to_20240512_000000/7ac1040e3a6f732be0a3e87e70144cac5a7466a9bd475497cbf0fca9a7a39c7e.ndjson.gz,raw_reused,0,,,
83,gfs,completed,200,14,2024-05-13T00:00:00Z,2024-05-26T00:00:00Z,4200,4200,4550,4550,4200,0.001,cb4e42db530f2d846d8d618d3d7f57c85a5cdb3f582740a8d00b1f8b5edf8807,full_tactical_backfill_ok_tmax_gfs_cb4e42db530f,C:/Users/ahmad/Desktop/generalFiles/git/weather_markets/weather_data_extraction/bootstrap/hkg_tmax_elite_codex_bootstrap/hkg_tmax_elite_codex/data/_pipeline_internal/raw/gribstream_tactical_full_tactical_backfill_ok_tmax/gfs/run_window_utc=20240513_000000_to_20240526_000000/cb4e42db530f2d846d8d618d3d7f57c85a5cdb3f582740a8d00b1f8b5edf8807.ndjson.gz,raw_reused,0,,,
84,gfs,completed,200,14,2024-05-27T00:00:00Z,2024-06-09T00:00:00Z,4200,4200,4550,4550,4200,0.001,e5c8890d0a65438601c3d8a908b2bb357af01e5ef50e67f80a348ae033ced7c3,full_tactical_backfill_ok_tmax_gfs_e5c8890d0a65,C:/Users/ahmad/Desktop/generalFiles/git/weather_markets/weather_data_extraction/bootstrap/hkg_tmax_elite_codex_bootstrap/hkg_tmax_elite_codex/data/_pipeline_internal/raw/gribstream_tactical_full_tactical_backfill_ok_tmax/gfs/run_window_utc=20240527_000000_to_20240609_000000/e5c8890d0a65438601c3d8a908b2bb357af01e5ef50e67f80a348ae033ced7c3.ndjson.gz,raw_reused,0,,,
85,gfs,completed,200,14,2024-06-10T00:00:00Z,2024-06-23T00:00:00Z,4200,4200,4550,4550,4200,0.001,cfb2a0f4feb79a6fdcb0763f30b36a76ded1aae103f156f16a99be5de27fa05e,full_tactical_backfill_ok_tmax_gfs_cfb2a0f4feb7,C:/Users/ahmad/Desktop/generalFiles/git/weather_markets/weather_data_extraction/bootstrap/hkg_tmax_elite_codex_bootstrap/hkg_tmax_elite_codex/data/_pipeline_internal/raw/gribstream_tactical_full_tactical_backfill_ok_tmax/gfs/run_window_utc=20240610_000000_to_20240623_000000/cfb2a0f4feb79a6fdcb0763f30b36a76ded1aae103f156f16a99be5de27fa05e.ndjson.gz,raw_reused,0,,,
86,gfs,completed,200,14,2024-06-24T00:00:00Z,2024-07-07T00:00:00Z,4200,4200,4550,4550,4200,0.001,2a61f86534a5595d580432edcf820f341d7d585d01300331f666e747e6781887,full_tactical_backfill_ok_tmax_gfs_2a61f86534a5,C:/Users/ahmad/Desktop/generalFiles/git/weather_markets/weather_data_extraction/bootstrap/hkg_tmax_elite_codex_bootstrap/hkg_tmax_elite_codex/data/_pipeline_internal/raw/gribstream_tactical_full_tactical_backfill_ok_tmax/gfs/run_window_utc=20240624_000000_to_20240707_000000/2a61f86534a5595d580432edcf820f341d7d585d01300331f666e747e6781887.ndjson.gz,raw_reused,0,,,
87,gfs,completed,200,14,2024-07-08T00:00:00Z,2024-07-21T00:00:00Z,4200,4200,4550,4550,4200,0.001,33bbffde02fe70f7e438ceb29c2ea2505f2a620681c1a7a7fb2ecb83cd9f191f,full_tactical_backfill_ok_tmax_gfs_33bbffde02fe,C:/Users/ahmad/Desktop/generalFiles/git/weather_markets/weather_data_extraction/bootstrap/hkg_tmax_elite_codex_bootstrap/hkg_tmax_elite_codex/data/_pipeline_internal/raw/gribstream_tactical_full_tactical_backfill_ok_tmax/gfs/run_window_utc=20240708_000000_to_20240721_000000/33bbffde02fe70f7e438ceb29c2ea2505f2a620681c1a7a7fb2ecb83cd9f191f.ndjson.gz,raw_reused,0,,,
88,gfs,completed,200,14,2024-07-22T00:00:00Z,2024-08-04T00:00:00Z,4200,4200,4550,4550,4200,0.001,cc7be3ffb38c3a3dd231de9cdce33f77fd173060ff4081e745a3dcf48092365a,full_tactical_backfill_ok_tmax_gfs_cc7be3ffb38c,C:/Users/ahmad/Desktop/generalFiles/git/weather_markets/weather_data_extraction/bootstrap/hkg_tmax_elite_codex_bootstrap/hkg_tmax_elite_codex/data/_pipeline_internal/raw/gribstream_tactical_full_tactical_backfill_ok_tmax/gfs/run_window_utc=20240722_000000_to_20240804_000000/cc7be3ffb38c3a3dd231de9cdce33f77fd173060ff4081e745a3dcf48092365a.ndjson.gz,raw_reused,0,,,
89,gfs,completed,200,14,2024-08-05T00:00:00Z,2024-08-18T00:00:00Z,4200,4200,4550,4550,4200,0.001,8787dc20c788036af4325bda8dc441fa8c8545a9797315c06f819cfa99deee2f,full_tactical_backfill_ok_tmax_gfs_8787dc20c788,C:/Users/ahmad/Desktop/generalFiles/git/weather_markets/weather_data_extraction/bootstrap/hkg_tmax_elite_codex_bootstrap/hkg_tmax_elite_codex/data/_pipeline_internal/raw/gribstream_tactical_full_tactical_backfill_ok_tmax/gfs/run_window_utc=20240805_000000_to_20240818_000000/8787dc20c788036af4325bda8dc441fa8c8545a9797315c06f819cfa99deee2f.ndjson.gz,raw_reused,0,,,
90,gfs,completed,200,14,2024-08-19T00:00:00Z,2024-09-01T00:00:00Z,4200,4200,4550,4550,4200,0.001,fb1c3a1f71ad045193b90a42ea3c53e6b5feaf2eb9be0778f57278c3c73e6600,full_tactical_backfill_ok_tmax_gfs_fb1c3a1f71ad,C:/Users/ahmad/Desktop/generalFiles/git/weather_markets/weather_data_extraction/bootstrap/hkg_tmax_elite_codex_bootstrap/hkg_tmax_elite_codex/data/_pipeline_internal/raw/gribstream_tactical_full_tactical_backfill_ok_tmax/gfs/run_window_utc=20240819_000000_to_20240901_000000/fb1c3a1f71ad045193b90a42ea3c53e6b5feaf2eb9be0778f57278c3c73e6600.ndjson.gz,raw_reused,0,,,
91,gfs,completed,200,14,2024-09-02T00:00:00Z,2024-09-15T00:00:00Z,4200,4200,4550,4550,4200,0.001,fce1067c1c6967294ef08ef4de1fa27800be0b3c59797011398446d0d7496de5,full_tactical_backfill_ok_tmax_gfs_fce1067c1c69,C:/Users/ahmad/Desktop/generalFiles/git/weather_markets/weather_data_extraction/bootstrap/hkg_tmax_elite_codex_bootstrap/hkg_tmax_elite_codex/data/_pipeline_internal/raw/gribstream_tactical_full_tactical_backfill_ok_tmax/gfs/run_window_utc=20240902_000000_to_20240915_000000/fce1067c1c6967294ef08ef4de1fa27800be0b3c59797011398446d0d7496de5.ndjson.gz,raw_reused,0,,,
92,gfs,completed,200,14,2024-09-16T00:00:00Z,2024-09-29T00:00:00Z,4200,4200,4550,4550,4200,0.001,9db4514cef676494ee95a1accaa1b89426c0a3ebc277c7cabffd3f0588943f85,full_tactical_backfill_ok_tmax_gfs_9db4514cef67,C:/Users/ahmad/Desktop/generalFiles/git/weather_markets/weather_data_extraction/bootstrap/hkg_tmax_elite_codex_bootstrap/hkg_tmax_elite_codex/data/_pipeline_internal/raw/gribstream_tactical_full_tactical_backfill_ok_tmax/gfs/run_window_utc=20240916_000000_to_20240929_000000/9db4514cef676494ee95a1accaa1b89426c0a3ebc277c7cabffd3f0588943f85.ndjson.gz,raw_reused,0,,,
93,gfs,completed,200,14,2024-09-30T00:00:00Z,2024-10-13T00:00:00Z,4044,4044,4381,4550,4200,0.001,b7be185059fd77b6b42a7c44ef27854a20527a6071d8d085a3e7aefaf25b6442,full_tactical_backfill_ok_tmax_gfs_b7be185059fd,C:/Users/ahmad/Desktop/generalFiles/git/weather_markets/weather_data_extraction/bootstrap/hkg_tmax_elite_codex_bootstrap/hkg_tmax_elite_codex/data/_pipeline_internal/raw/gribstream_tactical_full_tactical_backfill_ok_tmax/gfs/run_window_utc=20240930_000000_to_20241013_000000/b7be185059fd77b6b42a7c44ef27854a20527a6071d8d085a3e7aefaf25b6442.ndjson.gz,raw_reused,0,,,
94,gfs,completed,200,14,2024-10-14T00:00:00Z,2024-10-27T00:00:00Z,4200,4200,4550,4550,4200,0.001,d3426dfab5079fda75c67de574bf0dd5869cc2ec419cd93ce1cb62cd39322210,full_tactical_backfill_ok_tmax_gfs_d3426dfab507,C:/Users/ahmad/Desktop/generalFiles/git/weather_markets/weather_data_extraction/bootstrap/hkg_tmax_elite_codex_bootstrap/hkg_tmax_elite_codex/data/_pipeline_internal/raw/gribstream_tactical_full_tactical_backfill_ok_tmax/gfs/run_window_utc=20241014_000000_to_20241027_000000/d3426dfab5079fda75c67de574bf0dd5869cc2ec419cd93ce1cb62cd39322210.ndjson.gz,raw_reused,0,,,
95,gfs,completed,200,14,2024-10-28T00:00:00Z,2024-11-10T00:00:00Z,4200,4200,4550,4550,4200,0.001,efea44ab36664d00f1b51253aeccf2292551b7a87636d8354f4b0e9bd4d99963,full_tactical_backfill_ok_tmax_gfs_efea44ab3666,C:/Users/ahmad/Desktop/generalFiles/git/weather_markets/weather_data_extraction/bootstrap/hkg_tmax_elite_codex_bootstrap/hkg_tmax_elite_codex/data/_pipeline_internal/raw/gribstream_tactical_full_tactical_backfill_ok_tmax/gfs/run_window_utc=20241028_000000_to_20241110_000000/efea44ab36664d00f1b51253aeccf2292551b7a87636d8354f4b0e9bd4d99963.ndjson.gz,raw_reused,0,,,
96,gfs,completed,200,14,2024-11-11T00:00:00Z,2024-11-24T00:00:00Z,4200,4200,4550,4550,4200,0.001,4c8ef49c2370de512e9f7fb8ba892c3c680fa02615a3687742d93a38d865bc25,full_tactical_backfill_ok_tmax_gfs_4c8ef49c2370,C:/Users/ahmad/Desktop/generalFiles/git/weather_markets/weather_data_extraction/bootstrap/hkg_tmax_elite_codex_bootstrap/hkg_tmax_elite_codex/data/_pipeline_internal/raw/gribstream_tactical_full_tactical_backfill_ok_tmax/gfs/run_window_utc=20241111_000000_to_20241124_000000/4c8ef49c2370de512e9f7fb8ba892c3c680fa02615a3687742d93a38d865bc25.ndjson.gz,raw_reused,0,,,
97,gfs,completed,200,14,2024-11-25T00:00:00Z,2024-12-08T00:00:00Z,4200,4200,4550,4550,4200,0.001,f1734a807eb7d651141c4344f84444becee6f28e55c8ab43dc1a2a3f5a791aac,full_tactical_backfill_ok_tmax_gfs_f1734a807eb7,C:/Users/ahmad/Desktop/generalFiles/git/weather_markets/weather_data_extraction/bootstrap/hkg_tmax_elite_codex_bootstrap/hkg_tmax_elite_codex/data/_pipeline_internal/raw/gribstream_tactical_full_tactical_backfill_ok_tmax/gfs/run_window_utc=20241125_000000_to_20241208_000000/f1734a807eb7d651141c4344f84444becee6f28e55c8ab43dc1a2a3f5a791aac.ndjson.gz,raw_reused,0,,,
98,gfs,completed,200,14,2024-12-09T00:00:00Z,2024-12-22T00:00:00Z,4188,4188,4537,4550,4200,0.001,ce97c318f57536a417dc2cb665a39c660ba2e3689c07a5686afb7ebe9e18c349,full_tactical_backfill_ok_tmax_gfs_ce97c318f575,C:/Users/ahmad/Desktop/generalFiles/git/weather_markets/weather_data_extraction/bootstrap/hkg_tmax_elite_codex_bootstrap/hkg_tmax_elite_codex/data/_pipeline_internal/raw/gribstream_tactical_full_tactical_backfill_ok_tmax/gfs/run_window_utc=20241209_000000_to_20241222_000000/ce97c318f57536a417dc2cb665a39c660ba2e3689c07a5686afb7ebe9e18c349.ndjson.gz,raw_reused,0,,,
99,gfs,completed,200,14,2024-12-23T00:00:00Z,2025-01-05T00:00:00Z,4200,4200,4550,4550,4200,0.001,9a0628cd4fae493299319aa0d3289de43d8004667548f3b2574d8e9cd64cadcf,full_tactical_backfill_ok_tmax_gfs_9a0628cd4fae,C:/Users/ahmad/Desktop/generalFiles/git/weather_markets/weather_data_extraction/bootstrap/hkg_tmax_elite_codex_bootstrap/hkg_tmax_elite_codex/data/_pipeline_internal/raw/gribstream_tactical_full_tactical_backfill_ok_tmax/gfs/run_window_utc=20241223_000000_to_20250105_000000/9a0628cd4fae493299319aa0d3289de43d8004667548f3b2574d8e9cd64cadcf.ndjson.gz,raw_reused,0,,,
100,gfs,completed,200,14,2025-01-06T00:00:00Z,2025-01-19T00:00:00Z,4200,4200,4550,4550,4200,0.001,04ad0c4c975f83c774980fd284fc63f5bea9d244aa0d861721d759b5bad8f428,full_tactical_backfill_ok_tmax_gfs_04ad0c4c975f,C:/Users/ahmad/Desktop/generalFiles/git/weather_markets/weather_data_extraction/bootstrap/hkg_tmax_elite_codex_bootstrap/hkg_tmax_elite_codex/data/_pipeline_internal/raw/gribstream_tactical_full_tactical_backfill_ok_tmax/gfs/run_window_utc=20250106_000000_to_20250119_000000/04ad0c4c975f83c774980fd284fc63f5bea9d244aa0d861721d759b5bad8f428.ndjson.gz,raw_reused,0,,,
101,gfs,completed,200,14,2025-01-20T00:00:00Z,2025-02-02T00:00:00Z,4200,4200,4550,4550,4200,0.001,c485195d146aa6ab42f167b6ab34cfd108cc8f438c6e20a8e10fba6b158f34a8,full_tactical_backfill_ok_tmax_gfs_c485195d146a,C:/Users/ahmad/Desktop/generalFiles/git/weather_markets/weather_data_extraction/bootstrap/hkg_tmax_elite_codex_bootstrap/hkg_tmax_elite_codex/data/_pipeline_internal/raw/gribstream_tactical_full_tactical_backfill_ok_tmax/gfs/run_window_utc=20250120_000000_to_20250202_000000/c485195d146aa6ab42f167b6ab34cfd108cc8f438c6e20a8e10fba6b158f34a8.ndjson.gz,raw_reused,0,,,
102,gfs,completed,200,14,2025-02-03T00:00:00Z,2025-02-16T00:00:00Z,4200,4200,4550,4550,4200,0.001,8f6aeccd168c9e32724afe9e71d8435e12b76ea41fcffb604181366291c32811,full_tactical_backfill_ok_tmax_gfs_8f6aeccd168c,C:/Users/ahmad/Desktop/generalFiles/git/weather_markets/weather_data_extraction/bootstrap/hkg_tmax_elite_codex_bootstrap/hkg_tmax_elite_codex/data/_pipeline_internal/raw/gribstream_tactical_full_tactical_backfill_ok_tmax/gfs/run_window_utc=20250203_000000_to_20250216_000000/8f6aeccd168c9e32724afe9e71d8435e12b76ea41fcffb604181366291c32811.ndjson.gz,raw_reused,0,,,
103,gfs,completed,200,14,2025-02-17T00:00:00Z,2025-03-02T00:00:00Z,4200,4200,4550,4550,4200,0.001,57685dcd9b905156110091a5a86dfbe4aa89db2e4f369f257a86f9dbcf0fa43b,full_tactical_backfill_ok_tmax_gfs_57685dcd9b90,C:/Users/ahmad/Desktop/generalFiles/git/weather_markets/weather_data_extraction/bootstrap/hkg_tmax_elite_codex_bootstrap/hkg_tmax_elite_codex/data/_pipeline_internal/raw/gribstream_tactical_full_tactical_backfill_ok_tmax/gfs/run_window_utc=20250217_000000_to_20250302_000000/57685dcd9b905156110091a5a86dfbe4aa89db2e4f369f257a86f9dbcf0fa43b.ndjson.gz,raw_reused,0,,,
104,gfs,completed,200,14,2025-03-03T00:00:00Z,2025-03-16T00:00:00Z,4200,4200,4550,4550,4200,0.001,bd93e7e4cdca39c1b468fa31f523fb27a234c0fe7db41d2b5301b8d431ebb10d,full_tactical_backfill_ok_tmax_gfs_bd93e7e4cdca,C:/Users/ahmad/Desktop/generalFiles/git/weather_markets/weather_data_extraction/bootstrap/hkg_tmax_elite_codex_bootstrap/hkg_tmax_elite_codex/data/_pipeline_internal/raw/gribstream_tactical_full_tactical_backfill_ok_tmax/gfs/run_window_utc=20250303_000000_to_20250316_000000/bd93e7e4cdca39c1b468fa31f523fb27a234c0fe7db41d2b5301b8d431ebb10d.ndjson.gz,raw_reused,0,,,
105,gfs,completed,200,14,2025-03-17T00:00:00Z,2025-03-30T00:00:00Z,4200,4200,4550,4550,4200,0.001,a17b31ada87fbbe2b1339d3c27a332bc2036431d7abe5e5751c00f4b6ebc5a73,full_tactical_backfill_ok_tmax_gfs_a17b31ada87f,C:/Users/ahmad/Desktop/generalFiles/git/weather_markets/weather_data_extraction/bootstrap/hkg_tmax_elite_codex_bootstrap/hkg_tmax_elite_codex/data/_pipeline_internal/raw/gribstream_tactical_full_tactical_backfill_ok_tmax/gfs/run_window_utc=20250317_000000_to_20250330_000000/a17b31ada87fbbe2b1339d3c27a332bc2036431d7abe5e5751c00f4b6ebc5a73.ndjson.gz,raw_reused,0,,,
106,gfs,completed,200,14,2025-03-31T00:00:00Z,2025-04-13T00:00:00Z,4200,4200,4550,4550,4200,0.001,dbaef5c5de5d3844d026bf26ef98ad103259a3cc25ebf6e2952550b955ce2a32,full_tactical_backfill_ok_tmax_gfs_dbaef5c5de5d,C:/Users/ahmad/Desktop/generalFiles/git/weather_markets/weather_data_extraction/bootstrap/hkg_tmax_elite_codex_bootstrap/hkg_tmax_elite_codex/data/_pipeline_internal/raw/gribstream_tactical_full_tactical_backfill_ok_tmax/gfs/run_window_utc=20250331_000000_to_20250413_000000/dbaef5c5de5d3844d026bf26ef98ad103259a3cc25ebf6e2952550b955ce2a32.ndjson.gz,raw_reused,0,,,
107,gfs,completed,200,14,2025-04-14T00:00:00Z,2025-04-27T00:00:00Z,4200,4200,4550,4550,4200,0.001,663434608111bdacc68afe84068b2fa3be2b89453cbe45e11245c67dbc881fcd,full_tactical_backfill_ok_tmax_gfs_663434608111,C:/Users/ahmad/Desktop/generalFiles/git/weather_markets/weather_data_extraction/bootstrap/hkg_tmax_elite_codex_bootstrap/hkg_tmax_elite_codex/data/_pipeline_internal/raw/gribstream_tactical_full_tactical_backfill_ok_tmax/gfs/run_window_utc=20250414_000000_to_20250427_000000/663434608111bdacc68afe84068b2fa3be2b89453cbe45e11245c67dbc881fcd.ndjson.gz,raw_reused,0,,,
108,gfs,completed,200,14,2025-04-28T00:00:00Z,2025-05-11T00:00:00Z,4200,4200,4550,4550,4200,0.001,8b4d9b74ba781a001385b54f3ae5c7d95134c8d6e74206b52dace9931930a291,full_tactical_backfill_ok_tmax_gfs_8b4d9b74ba78,C:/Users/ahmad/Desktop/generalFiles/git/weather_markets/weather_data_extraction/bootstrap/hkg_tmax_elite_codex_bootstrap/hkg_tmax_elite_codex/data/_pipeline_internal/raw/gribstream_tactical_full_tactical_backfill_ok_tmax/gfs/run_window_utc=20250428_000000_to_20250511_000000/8b4d9b74ba781a001385b54f3ae5c7d95134c8d6e74206b52dace9931930a291.ndjson.gz,raw_reused,0,,,
109,gfs,completed,200,14,2025-05-12T00:00:00Z,2025-05-25T00:00:00Z,4200,4200,4550,4550,4200,0.001,09e5ae3bc3724a1d8583273e1e8b77a844c37c003df8e4bb5fac514036b1b5f4,full_tactical_backfill_ok_tmax_gfs_09e5ae3bc372,C:/Users/ahmad/Desktop/generalFiles/git/weather_markets/weather_data_extraction/bootstrap/hkg_tmax_elite_codex_bootstrap/hkg_tmax_elite_codex/data/_pipeline_internal/raw/gribstream_tactical_full_tactical_backfill_ok_tmax/gfs/run_window_utc=20250512_000000_to_20250525_000000/09e5ae3bc3724a1d8583273e1e8b77a844c37c003df8e4bb5fac514036b1b5f4.ndjson.gz,raw_reused,0,,,
110,gfs,completed,200,14,2025-05-26T00:00:00Z,2025-06-08T00:00:00Z,4200,4200,4550,4550,4200,0.001,a4142e700574384947bc605c39361a44732ecb186809de999c841fff5fae5ce5,full_tactical_backfill_ok_tmax_gfs_a4142e700574,C:/Users/ahmad/Desktop/generalFiles/git/weather_markets/weather_data_extraction/bootstrap/hkg_tmax_elite_codex_bootstrap/hkg_tmax_elite_codex/data/_pipeline_internal/raw/gribstream_tactical_full_tactical_backfill_ok_tmax/gfs/run_window_utc=20250526_000000_to_20250608_000000/a4142e700574384947bc605c39361a44732ecb186809de999c841fff5fae5ce5.ndjson.gz,raw_reused,0,,,
111,gfs,completed,200,14,2025-06-09T00:00:00Z,2025-06-22T00:00:00Z,4200,4200,4550,4550,4200,0.001,52b2336c7e53db4c6211125c0ac7b97fde436c391dc4e18cc145cb477bfb30ef,full_tactical_backfill_ok_tmax_gfs_52b2336c7e53,C:/Users/ahmad/Desktop/generalFiles/git/weather_markets/weather_data_extraction/bootstrap/hkg_tmax_elite_codex_bootstrap/hkg_tmax_elite_codex/data/_pipeline_internal/raw/gribstream_tactical_full_tactical_backfill_ok_tmax/gfs/run_window_utc=20250609_000000_to_20250622_000000/52b2336c7e53db4c6211125c0ac7b97fde436c391dc4e18cc145cb477bfb30ef.ndjson.gz,raw_reused,0,,,
112,gfs,completed,200,14,2025-06-23T00:00:00Z,2025-07-06T00:00:00Z,4200,4200,4550,4550,4200,0.001,13639b6ac1d440f3bd5c7d0b5849043209ca96174f98c57cb5eedf004bbd2258,full_tactical_backfill_ok_tmax_gfs_13639b6ac1d4,C:/Users/ahmad/Desktop/generalFiles/git/weather_markets/weather_data_extraction/bootstrap/hkg_tmax_elite_codex_bootstrap/hkg_tmax_elite_codex/data/_pipeline_internal/raw/gribstream_tactical_full_tactical_backfill_ok_tmax/gfs/run_window_utc=20250623_000000_to_20250706_000000/13639b6ac1d440f3bd5c7d0b5849043209ca96174f98c57cb5eedf004bbd2258.ndjson.gz,raw_reused,0,,,
113,gfs,completed,200,14,2025-07-07T00:00:00Z,2025-07-20T00:00:00Z,4200,4200,4550,4550,4200,0.001,75262f8e7b95bbd146290a3ba8c773c469bbec68ec844f605a0c71133f4f4803,full_tactical_backfill_ok_tmax_gfs_75262f8e7b95,C:/Users/ahmad/Desktop/generalFiles/git/weather_markets/weather_data_extraction/bootstrap/hkg_tmax_elite_codex_bootstrap/hkg_tmax_elite_codex/data/_pipeline_internal/raw/gribstream_tactical_full_tactical_backfill_ok_tmax/gfs/run_window_utc=20250707_000000_to_20250720_000000/75262f8e7b95bbd146290a3ba8c773c469bbec68ec844f605a0c71133f4f4803.ndjson.gz,raw_reused,0,,,
114,gfs,completed,200,14,2025-07-21T00:00:00Z,2025-08-03T00:00:00Z,4200,4200,4550,4550,4200,0.001,86c6256a9b626936883e29ab6e5309795b2d27bc49f5545989bf23bb1d0cf1b1,full_tactical_backfill_ok_tmax_gfs_86c6256a9b62,C:/Users/ahmad/Desktop/generalFiles/git/weather_markets/weather_data_extraction/bootstrap/hkg_tmax_elite_codex_bootstrap/hkg_tmax_elite_codex/data/_pipeline_internal/raw/gribstream_tactical_full_tactical_backfill_ok_tmax/gfs/run_window_utc=20250721_000000_to_20250803_000000/86c6256a9b626936883e29ab6e5309795b2d27bc49f5545989bf23bb1d0cf1b1.ndjson.gz,raw_reused,0,,,
115,gfs,completed,200,14,2025-08-04T00:00:00Z,2025-08-17T00:00:00Z,4200,4200,4550,4550,4200,0.001,a5d88ac50d8e37fa37eed88842541b098e55e7866d8cdc61a3d709741c5765ca,full_tactical_backfill_ok_tmax_gfs_a5d88ac50d8e,C:/Users/ahmad/Desktop/generalFiles/git/weather_markets/weather_data_extraction/bootstrap/hkg_tmax_elite_codex_bootstrap/hkg_tmax_elite_codex/data/_pipeline_internal/raw/gribstream_tactical_full_tactical_backfill_ok_tmax/gfs/run_window_utc=20250804_000000_to_20250817_000000/a5d88ac50d8e37fa37eed88842541b098e55e7866d8cdc61a3d709741c5765ca.ndjson.gz,raw_reused,0,,,
116,gfs,completed,200,14,2025-08-18T00:00:00Z,2025-08-31T00:00:00Z,4200,4200,4550,4550,4200,0.001,a6cf8315cb013c3c03b1a1a6d4af16090dab136fe6c27844c1cdae4cfb7f23ff,full_tactical_backfill_ok_tmax_gfs_a6cf8315cb01,C:/Users/ahmad/Desktop/generalFiles/git/weather_markets/weather_data_extraction/bootstrap/hkg_tmax_elite_codex_bootstrap/hkg_tmax_elite_codex/data/_pipeline_internal/raw/gribstream_tactical_full_tactical_backfill_ok_tmax/gfs/run_window_utc=20250818_000000_to_20250831_000000/a6cf8315cb013c3c03b1a1a6d4af16090dab136fe6c27844c1cdae4cfb7f23ff.ndjson.gz,raw_reused,0,,,
117,gfs,completed,200,14,2025-09-01T00:00:00Z,2025-09-14T00:00:00Z,4200,4200,4550,4550,4200,0.001,40a225c6653e06abc98ac36db7916d3066234a482c5b93cc28111186dd52a066,full_tactical_backfill_ok_tmax_gfs_40a225c6653e,C:/Users/ahmad/Desktop/generalFiles/git/weather_markets/weather_data_extraction/bootstrap/hkg_tmax_elite_codex_bootstrap/hkg_tmax_elite_codex/data/_pipeline_internal/raw/gribstream_tactical_full_tactical_backfill_ok_tmax/gfs/run_window_utc=20250901_000000_to_20250914_000000/40a225c6653e06abc98ac36db7916d3066234a482c5b93cc28111186dd52a066.ndjson.gz,raw_reused,0,,,
118,gfs,completed,200,14,2025-09-15T00:00:00Z,2025-09-28T00:00:00Z,4200,4200,4550,4550,4200,0.001,b4c2f3351a725a648f0e0553ece0321b11c2c75b4bc570509cc0912f92483f16,full_tactical_backfill_ok_tmax_gfs_b4c2f3351a72,C:/Users/ahmad/Desktop/generalFiles/git/weather_markets/weather_data_extraction/bootstrap/hkg_tmax_elite_codex_bootstrap/hkg_tmax_elite_codex/data/_pipeline_internal/raw/gribstream_tactical_full_tactical_backfill_ok_tmax/gfs/run_window_utc=20250915_000000_to_20250928_000000/b4c2f3351a725a648f0e0553ece0321b11c2c75b4bc570509cc0912f92483f16.ndjson.gz,raw_reused,0,,,
119,gfs,completed,200,14,2025-09-29T00:00:00Z,2025-10-12T00:00:00Z,4200,4200,4550,4550,4200,0.001,33351add42b82997356adf8b93967d203bd38ffc0f3f8d8533829586707bfc6a,full_tactical_backfill_ok_tmax_gfs_33351add42b8,C:/Users/ahmad/Desktop/generalFiles/git/weather_markets/weather_data_extraction/bootstrap/hkg_tmax_elite_codex_bootstrap/hkg_tmax_elite_codex/data/_pipeline_internal/raw/gribstream_tactical_full_tactical_backfill_ok_tmax/gfs/run_window_utc=20250929_000000_to_20251012_000000/33351add42b82997356adf8b93967d203bd38ffc0f3f8d8533829586707bfc6a.ndjson.gz,raw_reused,0,,,
120,gfs,completed,200,14,2025-10-13T00:00:00Z,2025-10-26T00:00:00Z,4200,4200,4550,4550,4200,0.001,ba5b68cb5d75c64d7ca64b405ae6dc5c7ed778f99d68cd8bed0871c245147bad,full_tactical_backfill_ok_tmax_gfs_ba5b68cb5d75,C:/Users/ahmad/Desktop/generalFiles/git/weather_markets/weather_data_extraction/bootstrap/hkg_tmax_elite_codex_bootstrap/hkg_tmax_elite_codex/data/_pipeline_internal/raw/gribstream_tactical_full_tactical_backfill_ok_tmax/gfs/run_window_utc=20251013_000000_to_20251026_000000/ba5b68cb5d75c64d7ca64b405ae6dc5c7ed778f99d68cd8bed0871c245147bad.ndjson.gz,raw_reused,0,,,
121,gfs,completed,200,14,2025-10-27T00:00:00Z,2025-11-09T00:00:00Z,4200,4200,4550,4550,4200,0.001,27b5b591bf0c2797d3c2b5de742f613f863bd792095374e354c298b92e5b785d,full_tactical_backfill_ok_tmax_gfs_27b5b591bf0c,C:/Users/ahmad/Desktop/generalFiles/git/weather_markets/weather_data_extraction/bootstrap/hkg_tmax_elite_codex_bootstrap/hkg_tmax_elite_codex/data/_pipeline_internal/raw/gribstream_tactical_full_tactical_backfill_ok_tmax/gfs/run_window_utc=20251027_000000_to_20251109_000000/27b5b591bf0c2797d3c2b5de742f613f863bd792095374e354c298b92e5b785d.ndjson.gz,raw_reused,0,,,
122,gfs,completed,200,14,2025-11-10T00:00:00Z,2025-11-23T00:00:00Z,4200,4200,4550,4550,4200,0.001,309a2045d47220f6568c019dd3d1359f8cfd4cdb060648054434ef4808163916,full_tactical_backfill_ok_tmax_gfs_309a2045d472,C:/Users/ahmad/Desktop/generalFiles/git/weather_markets/weather_data_extraction/bootstrap/hkg_tmax_elite_codex_bootstrap/hkg_tmax_elite_codex/data/_pipeline_internal/raw/gribstream_tactical_full_tactical_backfill_ok_tmax/gfs/run_window_utc=20251110_000000_to_20251123_000000/309a2045d47220f6568c019dd3d1359f8cfd4cdb060648054434ef4808163916.ndjson.gz,raw_reused,0,,,
123,gfs,completed,200,14,2025-11-24T00:00:00Z,2025-12-07T00:00:00Z,4200,4200,4550,4550,4200,0.001,3ddaf368e62a8b256a7e7d632ae4a109f66febfa68beb6cae66e497134f63e12,full_tactical_backfill_ok_tmax_gfs_3ddaf368e62a,C:/Users/ahmad/Desktop/generalFiles/git/weather_markets/weather_data_extraction/bootstrap/hkg_tmax_elite_codex_bootstrap/hkg_tmax_elite_codex/data/_pipeline_internal/raw/gribstream_tactical_full_tactical_backfill_ok_tmax/gfs/run_window_utc=20251124_000000_to_20251207_000000/3ddaf368e62a8b256a7e7d632ae4a109f66febfa68beb6cae66e497134f63e12.ndjson.gz,raw_reused,0,,,
124,gfs,completed,200,14,2025-12-08T00:00:00Z,2025-12-21T00:00:00Z,4200,4200,4550,4550,4200,0.001,7d811eb5f710baba7c6f24415a655182b2da30956b3ed5fb43ae036825562234,full_tactical_backfill_ok_tmax_gfs_7d811eb5f710,C:/Users/ahmad/Desktop/generalFiles/git/weather_markets/weather_data_extraction/bootstrap/hkg_tmax_elite_codex_bootstrap/hkg_tmax_elite_codex/data/_pipeline_internal/raw/gribstream_tactical_full_tactical_backfill_ok_tmax/gfs/run_window_utc=20251208_000000_to_20251221_000000/7d811eb5f710baba7c6f24415a655182b2da30956b3ed5fb43ae036825562234.ndjson.gz,raw_reused,0,,,
125,gfs,completed,200,14,2025-12-22T00:00:00Z,2026-01-04T00:00:00Z,4200,4200,4550,4550,4200,0.001,88828fbe90fe707a1b7d6232189d2f89dbf4f6476d374ab1d9f9a62f34fd20e2,full_tactical_backfill_ok_tmax_gfs_88828fbe90fe,C:/Users/ahmad/Desktop/generalFiles/git/weather_markets/weather_data_extraction/bootstrap/hkg_tmax_elite_codex_bootstrap/hkg_tmax_elite_codex/data/_pipeline_internal/raw/gribstream_tactical_full_tactical_backfill_ok_tmax/gfs/run_window_utc=20251222_000000_to_20260104_000000/88828fbe90fe707a1b7d6232189d2f89dbf4f6476d374ab1d9f9a62f34fd20e2.ndjson.gz,raw_reused,0,,,
126,gfs,completed,200,14,2026-01-05T00:00:00Z,2026-01-18T00:00:00Z,4200,4200,4550,4550,4200,0.001,b4d010e63c0ea97303dfeb9790e4227b801a1465c768c42a6ab72e45c6fb0323,full_tactical_backfill_ok_tmax_gfs_b4d010e63c0e,C:/Users/ahmad/Desktop/generalFiles/git/weather_markets/weather_data_extraction/bootstrap/hkg_tmax_elite_codex_bootstrap/hkg_tmax_elite_codex/data/_pipeline_internal/raw/gribstream_tactical_full_tactical_backfill_ok_tmax/gfs/run_window_utc=20260105_000000_to_20260118_000000/b4d010e63c0ea97303dfeb9790e4227b801a1465c768c42a6ab72e45c6fb0323.ndjson.gz,raw_reused,0,,,
127,gfs,completed,200,14,2026-01-19T00:00:00Z,2026-02-01T00:00:00Z,4200,4200,4550,4550,4200,0.001,c869788a818ffdab4912cb12a8d7d070dedb7d3c7e5df2334d71640cec16730e,full_tactical_backfill_ok_tmax_gfs_c869788a818f,C:/Users/ahmad/Desktop/generalFiles/git/weather_markets/weather_data_extraction/bootstrap/hkg_tmax_elite_codex_bootstrap/hkg_tmax_elite_codex/data/_pipeline_internal/raw/gribstream_tactical_full_tactical_backfill_ok_tmax/gfs/run_window_utc=20260119_000000_to_20260201_000000/c869788a818ffdab4912cb12a8d7d070dedb7d3c7e5df2334d71640cec16730e.ndjson.gz,raw_reused,0,,,
128,gfs,completed,200,14,2026-02-02T00:00:00Z,2026-02-15T00:00:00Z,4200,4200,4550,4550,4200,0.001,ce3e8f171807190ca9b61df333617157b5b822bea7a510184ad702dac1a70874,full_tactical_backfill_ok_tmax_gfs_ce3e8f171807,C:/Users/ahmad/Desktop/generalFiles/git/weather_markets/weather_data_extraction/bootstrap/hkg_tmax_elite_codex_bootstrap/hkg_tmax_elite_codex/data/_pipeline_internal/raw/gribstream_tactical_full_tactical_backfill_ok_tmax/gfs/run_window_utc=20260202_000000_to_20260215_000000/ce3e8f171807190ca9b61df333617157b5b822bea7a510184ad702dac1a70874.ndjson.gz,raw_reused,0,,,
129,gfs,completed,200,14,2026-02-16T00:00:00Z,2026-03-01T00:00:00Z,4200,4200,4550,4550,4200,0.001,4b637faab9dbe95fd4dfcb061a3fe5596f36f7cf3bb3ec578745e47b11fe7598,full_tactical_backfill_ok_tmax_gfs_4b637faab9db,C:/Users/ahmad/Desktop/generalFiles/git/weather_markets/weather_data_extraction/bootstrap/hkg_tmax_elite_codex_bootstrap/hkg_tmax_elite_codex/data/_pipeline_internal/raw/gribstream_tactical_full_tactical_backfill_ok_tmax/gfs/run_window_utc=20260216_000000_to_20260301_000000/4b637faab9dbe95fd4dfcb061a3fe5596f36f7cf3bb3ec578745e47b11fe7598.ndjson.gz,raw_reused,0,,,
130,gfs,completed,200,14,2026-03-02T00:00:00Z,2026-03-15T00:00:00Z,4200,4200,4550,4550,4200,0.001,acf77489d1086a32b8bb97336cbcd0b18dc014b7db4835575beabc3efe700c89,full_tactical_backfill_ok_tmax_gfs_acf77489d108,C:/Users/ahmad/Desktop/generalFiles/git/weather_markets/weather_data_extraction/bootstrap/hkg_tmax_elite_codex_bootstrap/hkg_tmax_elite_codex/data/_pipeline_internal/raw/gribstream_tactical_full_tactical_backfill_ok_tmax/gfs/run_window_utc=20260302_000000_to_20260315_000000/acf77489d1086a32b8bb97336cbcd0b18dc014b7db4835575beabc3efe700c89.ndjson.gz,raw_reused,0,,,
131,gfs,completed,200,14,2026-03-16T00:00:00Z,2026-03-29T00:00:00Z,4200,4200,4550,4550,4200,0.001,d342b487d8c22ffcae4d269a29ae2721cd4bd3275dce443980ae34caf978a239,full_tactical_backfill_ok_tmax_gfs_d342b487d8c2,C:/Users/ahmad/Desktop/generalFiles/git/weather_markets/weather_data_extraction/bootstrap/hkg_tmax_elite_codex_bootstrap/hkg_tmax_elite_codex/data/_pipeline_internal/raw/gribstream_tactical_full_tactical_backfill_ok_tmax/gfs/run_window_utc=20260316_000000_to_20260329_000000/d342b487d8c22ffcae4d269a29ae2721cd4bd3275dce443980ae34caf978a239.ndjson.gz,raw_reused,0,,,
132,gfs,completed,200,14,2026-03-30T00:00:00Z,2026-04-12T00:00:00Z,4200,4200,4550,4550,4200,0.001,5f46b4ef004ce2857c586a0abde38fa09776d8fa5cb795f8cf9bd1046cef0687,full_tactical_backfill_ok_tmax_gfs_5f46b4ef004c,C:/Users/ahmad/Desktop/generalFiles/git/weather_markets/weather_data_extraction/bootstrap/hkg_tmax_elite_codex_bootstrap/hkg_tmax_elite_codex/data/_pipeline_internal/raw/gribstream_tactical_full_tactical_backfill_ok_tmax/gfs/run_window_utc=20260330_000000_to_20260412_000000/5f46b4ef004ce2857c586a0abde38fa09776d8fa5cb795f8cf9bd1046cef0687.ndjson.gz,raw_reused,0,,,
133,gfs,completed,200,14,2026-04-13T00:00:00Z,2026-04-26T00:00:00Z,4200,4200,4550,4550,4200,0.001,27d6f6104909455ad91d32bc9f0bfa17c346424b842eeb9754399d9dd99bd3c9,full_tactical_backfill_ok_tmax_gfs_27d6f6104909,C:/Users/ahmad/Desktop/generalFiles/git/weather_markets/weather_data_extraction/bootstrap/hkg_tmax_elite_codex_bootstrap/hkg_tmax_elite_codex/data/_pipeline_internal/raw/gribstream_tactical_full_tactical_backfill_ok_tmax/gfs/run_window_utc=20260413_000000_to_20260426_000000/27d6f6104909455ad91d32bc9f0bfa17c346424b842eeb9754399d9dd99bd3c9.ndjson.gz,raw_reused,0,,,
134,gfs,completed,200,14,2026-04-27T00:00:00Z,2026-05-10T00:00:00Z,4200,4200,4550,4550,4200,0.001,5dd46a86582ff609b1d1810c79efae3d8046df9e81357c029a5403cce77219a9,full_tactical_backfill_ok_tmax_gfs_5dd46a86582f,C:/Users/ahmad/Desktop/generalFiles/git/weather_markets/weather_data_extraction/bootstrap/hkg_tmax_elite_codex_bootstrap/hkg_tmax_elite_codex/data/_pipeline_internal/raw/gribstream_tactical_full_tactical_backfill_ok_tmax/gfs/run_window_utc=20260427_000000_to_20260510_000000/5dd46a86582ff609b1d1810c79efae3d8046df9e81357c029a5403cce77219a9.ndjson.gz,raw_reused,0,,,
135,gfs,completed,200,14,2026-05-11T00:00:00Z,2026-05-24T00:00:00Z,4200,4200,4550,4550,4200,0.001,9d02ffaff3868015db2a1e448a29d5eeb274daa3d5a5dadcbbe558eb963d1661,full_tactical_backfill_ok_tmax_gfs_9d02ffaff386,C:/Users/ahmad/Desktop/generalFiles/git/weather_markets/weather_data_extraction/bootstrap/hkg_tmax_elite_codex_bootstrap/hkg_tmax_elite_codex/data/_pipeline_internal/raw/gribstream_tactical_full_tactical_backfill_ok_tmax/gfs/run_window_utc=20260511_000000_to_20260524_000000/9d02ffaff3868015db2a1e448a29d5eeb274daa3d5a5dadcbbe558eb963d1661.ndjson.gz,raw_reused,0,,,
136,gfs,completed,200,14,2026-05-25T00:00:00Z,2026-06-07T00:00:00Z,4200,4200,4550,4550,4200,0.001,59416e80fba21f3f17cf43dc71156a8afbab3862c6930feda510fb43f460dd82,full_tactical_backfill_ok_tmax_gfs_59416e80fba2,C:/Users/ahmad/Desktop/generalFiles/git/weather_markets/weather_data_extraction/bootstrap/hkg_tmax_elite_codex_bootstrap/hkg_tmax_elite_codex/data/_pipeline_internal/raw/gribstream_tactical_full_tactical_backfill_ok_tmax/gfs/run_window_utc=20260525_000000_to_20260607_000000/59416e80fba21f3f17cf43dc71156a8afbab3862c6930feda510fb43f460dd82.ndjson.gz,raw_reused,0,,,
137,gfs,completed,200,14,2026-06-08T00:00:00Z,2026-06-21T00:00:00Z,4200,4200,4550,4550,4200,0.001,252fa5bb0df940c5f107520276059481d08c6c7a977a68852e67c1ea60a8aff0,full_tactical_backfill_ok_tmax_gfs_252fa5bb0df9,C:/Users/ahmad/Desktop/generalFiles/git/weather_markets/weather_data_extraction/bootstrap/hkg_tmax_elite_codex_bootstrap/hkg_tmax_elite_codex/data/_pipeline_internal/raw/gribstream_tactical_full_tactical_backfill_ok_tmax/gfs/run_window_utc=20260608_000000_to_20260621_000000/252fa5bb0df940c5f107520276059481d08c6c7a977a68852e67c1ea60a8aff0.ndjson.gz,raw_reused,0,,,
138,gfs,completed,200,1,2026-06-22T00:00:00Z,2026-06-22T00:00:00Z,300,300,325,325,300,0.001,3153a824f60f08bc7d9573602c36c8f99b7956765d56d2a3c5a34577983baaa6,full_tactical_backfill_ok_tmax_gfs_3153a824f60f,C:/Users/ahmad/Desktop/generalFiles/git/weather_markets/weather_data_extraction/bootstrap/hkg_tmax_elite_codex_bootstrap/hkg_tmax_elite_codex/data/_pipeline_internal/raw/gribstream_tactical_full_tactical_backfill_ok_tmax/gfs/run_window_utc=20260622_000000_to_20260622_000000/3153a824f60f08bc7d9573602c36c8f99b7956765d56d2a3c5a34577983baaa6.ndjson.gz,raw_reused,0,,,
139,gefsatmosmean,completed,200,31,2020-10-01T18:00:00Z,2020-10-31T18:00:00Z,2976,2976,1984,1984,2976,0.001,3b9d35160161b2b89065573c99ad6d38b0a7eb1d88d8ab6fdaa14303d6e55c10,batch_smoke_10w_gefsatmosmean_3b9d35160161,C:/Users/ahmad/Desktop/generalFiles/git/weather_markets/weather_data_extraction/bootstrap/hkg_tmax_elite_codex_bootstrap/hkg_tmax_elite_codex/data/_pipeline_internal/raw/gribstream_tactical_full_tactical_backfill_ok_tmax/gefsatmosmean/run_window_utc=20201001_180000_to_20201031_180000/3b9d35160161b2b89065573c99ad6d38b0a7eb1d88d8ab6fdaa14303d6e55c10.ndjson.gz,raw_reused,0,,,
140,gefsatmosmean,completed,200,31,2020-11-01T18:00:00Z,2020-12-01T18:00:00Z,2976,2976,1984,1984,2976,0.004,35765359e3edc0a74ddde04a15c19ca74f24657eadecbc60b74db4872a16c29f,batch_smoke_10w_gefsatmosmean_35765359e3ed,C:/Users/ahmad/Desktop/generalFiles/git/weather_markets/weather_data_extraction/bootstrap/hkg_tmax_elite_codex_bootstrap/hkg_tmax_elite_codex/data/_pipeline_internal/raw/gribstream_tactical_full_tactical_backfill_ok_tmax/gefsatmosmean/run_window_utc=20201101_180000_to_20201201_180000/35765359e3edc0a74ddde04a15c19ca74f24657eadecbc60b74db4872a16c29f.ndjson.gz,raw_reused,0,,,
141,gefsatmosmean,completed,200,31,2020-12-02T18:00:00Z,2021-01-01T18:00:00Z,2976,2976,1984,1984,2976,0.001,c6532335df4b0cbbcc258d32c8ba8b8cff8a0016c8c5d5b4eb2de13e79e64c25,full_tactical_backfill_ok_tmax_gefsatmosmean_c6532335df4b,C:/Users/ahmad/Desktop/generalFiles/git/weather_markets/weather_data_extraction/bootstrap/hkg_tmax_elite_codex_bootstrap/hkg_tmax_elite_codex/data/_pipeline_internal/raw/gribstream_tactical_full_tactical_backfill_ok_tmax/gefsatmosmean/run_window_utc=20201202_180000_to_20210101_180000/c6532335df4b0cbbcc258d32c8ba8b8cff8a0016c8c5d5b4eb2de13e79e64c25.ndjson.gz,raw_reused,0,,,
142,gefsatmosmean,completed,200,31,2021-01-02T18:00:00Z,2021-02-01T18:00:00Z,2976,2976,1984,1984,2976,0.001,ad147df23778475fa3e11c2c0a51e9351b61eea5b3957d571b1a741f023711f1,full_tactical_backfill_ok_tmax_gefsatmosmean_ad147df23778,C:/Users/ahmad/Desktop/generalFiles/git/weather_markets/weather_data_extraction/bootstrap/hkg_tmax_elite_codex_bootstrap/hkg_tmax_elite_codex/data/_pipeline_internal/raw/gribstream_tactical_full_tactical_backfill_ok_tmax/gefsatmosmean/run_window_utc=20210102_180000_to_20210201_180000/ad147df23778475fa3e11c2c0a51e9351b61eea5b3957d571b1a741f023711f1.ndjson.gz,raw_reused,0,,,
143,gefsatmosmean,completed,200,31,2021-02-02T18:00:00Z,2021-03-04T18:00:00Z,2976,2976,1984,1984,2976,0.001,ec941afb9328b6346daa6e98c3a43d0d75eb6a6b5601e99c16c0018ce49ed3a7,full_tactical_backfill_ok_tmax_gefsatmosmean_ec941afb9328,C:/Users/ahmad/Desktop/generalFiles/git/weather_markets/weather_data_extraction/bootstrap/hkg_tmax_elite_codex_bootstrap/hkg_tmax_elite_codex/data/_pipeline_internal/raw/gribstream_tactical_full_tactical_backfill_ok_tmax/gefsatmosmean/run_window_utc=20210202_180000_to_20210304_180000/ec941afb9328b6346daa6e98c3a43d0d75eb6a6b5601e99c16c0018ce49ed3a7.ndjson.gz,raw_reused,0,,,
144,gefsatmosmean,completed,200,31,2021-03-05T18:00:00Z,2021-04-04T18:00:00Z,2976,2976,1984,1984,2976,0.001,02e4e0532a7a83fd86e0ce0a9c103ff2416e4aab4629041dc283150d633e0b5d,full_tactical_backfill_ok_tmax_gefsatmosmean_02e4e0532a7a,C:/Users/ahmad/Desktop/generalFiles/git/weather_markets/weather_data_extraction/bootstrap/hkg_tmax_elite_codex_bootstrap/hkg_tmax_elite_codex/data/_pipeline_internal/raw/gribstream_tactical_full_tactical_backfill_ok_tmax/gefsatmosmean/run_window_utc=20210305_180000_to_20210404_180000/02e4e0532a7a83fd86e0ce0a9c103ff2416e4aab4629041dc283150d633e0b5d.ndjson.gz,raw_reused,0,,,
145,gefsatmosmean,completed,200,31,2021-04-05T18:00:00Z,2021-05-05T18:00:00Z,2976,2976,1984,1984,2976,0.001,49c49b28980aca68b6524caa1cab59ca275b5a400489cefabc4b88e3f05a4f6a,full_tactical_backfill_ok_tmax_gefsatmosmean_49c49b28980a,C:/Users/ahmad/Desktop/generalFiles/git/weather_markets/weather_data_extraction/bootstrap/hkg_tmax_elite_codex_bootstrap/hkg_tmax_elite_codex/data/_pipeline_internal/raw/gribstream_tactical_full_tactical_backfill_ok_tmax/gefsatmosmean/run_window_utc=20210405_180000_to_20210505_180000/49c49b28980aca68b6524caa1cab59ca275b5a400489cefabc4b88e3f05a4f6a.ndjson.gz,raw_reused,0,,,
146,gefsatmosmean,completed,200,31,2021-05-06T18:00:00Z,2021-06-05T18:00:00Z,2976,2976,1984,1984,2976,0.001,aba8a99ce38a675c85d4dcc6f2fe8e8c67c68cfac19884bafebee3d815b1497d,full_tactical_backfill_ok_tmax_gefsatmosmean_aba8a99ce38a,C:/Users/ahmad/Desktop/generalFiles/git/weather_markets/weather_data_extraction/bootstrap/hkg_tmax_elite_codex_bootstrap/hkg_tmax_elite_codex/data/_pipeline_internal/raw/gribstream_tactical_full_tactical_backfill_ok_tmax/gefsatmosmean/run_window_utc=20210506_180000_to_20210605_180000/aba8a99ce38a675c85d4dcc6f2fe8e8c67c68cfac19884bafebee3d815b1497d.ndjson.gz,raw_reused,0,,,
147,gefsatmosmean,completed,200,31,2021-06-06T18:00:00Z,2021-07-06T18:00:00Z,2976,2976,1984,1984,2976,0.001,3dcb4c3618bff1718454a12e399eb90506f67a7ff48e9aa549b08ae74a61cc44,full_tactical_backfill_ok_tmax_gefsatmosmean_3dcb4c3618bf,C:/Users/ahmad/Desktop/generalFiles/git/weather_markets/weather_data_extraction/bootstrap/hkg_tmax_elite_codex_bootstrap/hkg_tmax_elite_codex/data/_pipeline_internal/raw/gribstream_tactical_full_tactical_backfill_ok_tmax/gefsatmosmean/run_window_utc=20210606_180000_to_20210706_180000/3dcb4c3618bff1718454a12e399eb90506f67a7ff48e9aa549b08ae74a61cc44.ndjson.gz,raw_reused,0,,,
148,gefsatmosmean,completed,200,31,2021-07-07T18:00:00Z,2021-08-06T18:00:00Z,2976,2976,1984,1984,2976,0.002,f14482ac57e66c95a9ae3dca8393f4e1aa4a3d0678697d5456b67a5a51ffe25f,full_tactical_backfill_ok_tmax_gefsatmosmean_f14482ac57e6,C:/Users/ahmad/Desktop/generalFiles/git/weather_markets/weather_data_extraction/bootstrap/hkg_tmax_elite_codex_bootstrap/hkg_tmax_elite_codex/data/_pipeline_internal/raw/gribstream_tactical_full_tactical_backfill_ok_tmax/gefsatmosmean/run_window_utc=20210707_180000_to_20210806_180000/f14482ac57e66c95a9ae3dca8393f4e1aa4a3d0678697d5456b67a5a51ffe25f.ndjson.gz,raw_reused,0,,,
149,gefsatmosmean,completed,200,31,2021-08-07T18:00:00Z,2021-09-06T18:00:00Z,2976,2976,1984,1984,2976,0.001,831eaa87af6bb8db45e00bee69e16795d14c1d6c2615e54d7f5ad84c147bea92,full_tactical_backfill_ok_tmax_gefsatmosmean_831eaa87af6b,C:/Users/ahmad/Desktop/generalFiles/git/weather_markets/weather_data_extraction/bootstrap/hkg_tmax_elite_codex_bootstrap/hkg_tmax_elite_codex/data/_pipeline_internal/raw/gribstream_tactical_full_tactical_backfill_ok_tmax/gefsatmosmean/run_window_utc=20210807_180000_to_20210906_180000/831eaa87af6bb8db45e00bee69e16795d14c1d6c2615e54d7f5ad84c147bea92.ndjson.gz,raw_reused,0,,,
150,gefsatmosmean,completed,200,31,2021-09-07T18:00:00Z,2021-10-07T18:00:00Z,2976,2976,1984,1984,2976,0.001,e067c5535507684f48e2b31f47ced99150d8d691d01e39747149433ac74fa420,full_tactical_backfill_ok_tmax_gefsatmosmean_e067c5535507,C:/Users/ahmad/Desktop/generalFiles/git/weather_markets/weather_data_extraction/bootstrap/hkg_tmax_elite_codex_bootstrap/hkg_tmax_elite_codex/data/_pipeline_internal/raw/gribstream_tactical_full_tactical_backfill_ok_tmax/gefsatmosmean/run_window_utc=20210907_180000_to_20211007_180000/e067c5535507684f48e2b31f47ced99150d8d691d01e39747149433ac74fa420.ndjson.gz,raw_reused,0,,,
151,gefsatmosmean,completed,200,31,2021-10-08T18:00:00Z,2021-11-07T18:00:00Z,2976,2976,1984,1984,2976,0.001,a141fe8f6e83c0de5f183b8fea2e2f1a4868a146eb630f6c12ee164e8aef9e9f,full_tactical_backfill_ok_tmax_gefsatmosmean_a141fe8f6e83,C:/Users/ahmad/Desktop/generalFiles/git/weather_markets/weather_data_extraction/bootstrap/hkg_tmax_elite_codex_bootstrap/hkg_tmax_elite_codex/data/_pipeline_internal/raw/gribstream_tactical_full_tactical_backfill_ok_tmax/gefsatmosmean/run_window_utc=20211008_180000_to_20211107_180000/a141fe8f6e83c0de5f183b8fea2e2f1a4868a146eb630f6c12ee164e8aef9e9f.ndjson.gz,raw_reused,0,,,
152,gefsatmosmean,completed,200,31,2021-11-08T18:00:00Z,2021-12-08T18:00:00Z,2976,2976,1984,1984,2976,0.001,598328f8d3da0a1133b77bd34ff710b5a71dfa66645b3ff3b601a818bfe16580,full_tactical_backfill_ok_tmax_gefsatmosmean_598328f8d3da,C:/Users/ahmad/Desktop/generalFiles/git/weather_markets/weather_data_extraction/bootstrap/hkg_tmax_elite_codex_bootstrap/hkg_tmax_elite_codex/data/_pipeline_internal/raw/gribstream_tactical_full_tactical_backfill_ok_tmax/gefsatmosmean/run_window_utc=20211108_180000_to_20211208_180000/598328f8d3da0a1133b77bd34ff710b5a71dfa66645b3ff3b601a818bfe16580.ndjson.gz,raw_reused,0,,,
153,gefsatmosmean,completed,200,31,2021-12-09T18:00:00Z,2022-01-08T18:00:00Z,2976,2976,1984,1984,2976,0.001,3e4fb5b3eec9a32f1d376324c66fbc29370be8bb6aa3f8e44ae261834b3d92ec,full_tactical_backfill_ok_tmax_gefsatmosmean_3e4fb5b3eec9,C:/Users/ahmad/Desktop/generalFiles/git/weather_markets/weather_data_extraction/bootstrap/hkg_tmax_elite_codex_bootstrap/hkg_tmax_elite_codex/data/_pipeline_internal/raw/gribstream_tactical_full_tactical_backfill_ok_tmax/gefsatmosmean/run_window_utc=20211209_180000_to_20220108_180000/3e4fb5b3eec9a32f1d376324c66fbc29370be8bb6aa3f8e44ae261834b3d92ec.ndjson.gz,raw_reused,0,,,
154,gefsatmosmean,completed,200,31,2022-01-09T18:00:00Z,2022-02-08T18:00:00Z,2976,2976,1984,1984,2976,0.002,96836be23a2067a33b1461818f5ce8e014cb28d353f043e24624e14a7cd33705,full_tactical_backfill_ok_tmax_gefsatmosmean_96836be23a20,C:/Users/ahmad/Desktop/generalFiles/git/weather_markets/weather_data_extraction/bootstrap/hkg_tmax_elite_codex_bootstrap/hkg_tmax_elite_codex/data/_pipeline_internal/raw/gribstream_tactical_full_tactical_backfill_ok_tmax/gefsatmosmean/run_window_utc=20220109_180000_to_20220208_180000/96836be23a2067a33b1461818f5ce8e014cb28d353f043e24624e14a7cd33705.ndjson.gz,raw_reused,0,,,
155,gefsatmosmean,completed,200,31,2022-02-09T18:00:00Z,2022-03-11T18:00:00Z,2976,2976,1984,1984,2976,0.001,9882f353dd70e718ad2c92deb36fa0f06f0a7f071221816b0c662d643ebf2cf0,full_tactical_backfill_ok_tmax_gefsatmosmean_9882f353dd70,C:/Users/ahmad/Desktop/generalFiles/git/weather_markets/weather_data_extraction/bootstrap/hkg_tmax_elite_codex_bootstrap/hkg_tmax_elite_codex/data/_pipeline_internal/raw/gribstream_tactical_full_tactical_backfill_ok_tmax/gefsatmosmean/run_window_utc=20220209_180000_to_20220311_180000/9882f353dd70e718ad2c92deb36fa0f06f0a7f071221816b0c662d643ebf2cf0.ndjson.gz,raw_reused,0,,,
156,gefsatmosmean,completed,200,31,2022-03-12T18:00:00Z,2022-04-11T18:00:00Z,2976,2976,1984,1984,2976,0.002,8cd4fd51f1fd94ce94ffbcd15eb1c5c10af085e064c3821b3182428cd2849e01,full_tactical_backfill_ok_tmax_gefsatmosmean_8cd4fd51f1fd,C:/Users/ahmad/Desktop/generalFiles/git/weather_markets/weather_data_extraction/bootstrap/hkg_tmax_elite_codex_bootstrap/hkg_tmax_elite_codex/data/_pipeline_internal/raw/gribstream_tactical_full_tactical_backfill_ok_tmax/gefsatmosmean/run_window_utc=20220312_180000_to_20220411_180000/8cd4fd51f1fd94ce94ffbcd15eb1c5c10af085e064c3821b3182428cd2849e01.ndjson.gz,raw_reused,0,,,
157,gefsatmosmean,completed,200,31,2022-04-12T18:00:00Z,2022-05-12T18:00:00Z,2976,2976,1984,1984,2976,0.001,d0ee9a5f121586b494ffeaeed340b04198823ad936f404e71f6f84a8d844457a,full_tactical_backfill_ok_tmax_gefsatmosmean_d0ee9a5f1215,C:/Users/ahmad/Desktop/generalFiles/git/weather_markets/weather_data_extraction/bootstrap/hkg_tmax_elite_codex_bootstrap/hkg_tmax_elite_codex/data/_pipeline_internal/raw/gribstream_tactical_full_tactical_backfill_ok_tmax/gefsatmosmean/run_window_utc=20220412_180000_to_20220512_180000/d0ee9a5f121586b494ffeaeed340b04198823ad936f404e71f6f84a8d844457a.ndjson.gz,raw_reused,0,,,
158,gefsatmosmean,completed,200,31,2022-05-13T18:00:00Z,2022-06-12T18:00:00Z,2976,2976,1984,1984,2976,0.001,2ae707672f365e510718fc685cb1f7a787ff5409e0e82e73532c3f010947bb09,full_tactical_backfill_ok_tmax_gefsatmosmean_2ae707672f36,C:/Users/ahmad/Desktop/generalFiles/git/weather_markets/weather_data_extraction/bootstrap/hkg_tmax_elite_codex_bootstrap/hkg_tmax_elite_codex/data/_pipeline_internal/raw/gribstream_tactical_full_tactical_backfill_ok_tmax/gefsatmosmean/run_window_utc=20220513_180000_to_20220612_180000/2ae707672f365e510718fc685cb1f7a787ff5409e0e82e73532c3f010947bb09.ndjson.gz,raw_reused,0,,,
159,gefsatmosmean,completed,200,31,2022-06-13T18:00:00Z,2022-07-13T18:00:00Z,2976,2976,1984,1984,2976,0.001,bfb96020e6a2327d63277a66b6f1882b86242d23b0a111cdea47e9c3b7cfe49c,full_tactical_backfill_ok_tmax_gefsatmosmean_bfb96020e6a2,C:/Users/ahmad/Desktop/generalFiles/git/weather_markets/weather_data_extraction/bootstrap/hkg_tmax_elite_codex_bootstrap/hkg_tmax_elite_codex/data/_pipeline_internal/raw/gribstream_tactical_full_tactical_backfill_ok_tmax/gefsatmosmean/run_window_utc=20220613_180000_to_20220713_180000/bfb96020e6a2327d63277a66b6f1882b86242d23b0a111cdea47e9c3b7cfe49c.ndjson.gz,raw_reused,0,,,
160,gefsatmosmean,completed,200,31,2022-07-14T18:00:00Z,2022-08-13T18:00:00Z,2976,2976,1984,1984,2976,0.001,cdd77ece0685d4b1f05bb54564100fb58cb6e762db359451fdfc2ca8f92a3f35,full_tactical_backfill_ok_tmax_gefsatmosmean_cdd77ece0685,C:/Users/ahmad/Desktop/generalFiles/git/weather_markets/weather_data_extraction/bootstrap/hkg_tmax_elite_codex_bootstrap/hkg_tmax_elite_codex/data/_pipeline_internal/raw/gribstream_tactical_full_tactical_backfill_ok_tmax/gefsatmosmean/run_window_utc=20220714_180000_to_20220813_180000/cdd77ece0685d4b1f05bb54564100fb58cb6e762db359451fdfc2ca8f92a3f35.ndjson.gz,raw_reused,0,,,
161,gefsatmosmean,completed,200,31,2022-08-14T18:00:00Z,2022-09-13T18:00:00Z,2976,2976,1984,1984,2976,0.001,8d26b5c335279a81a85dae8d6469432868065b8fef374cbdf7a6d6e8b5dbc31f,full_tactical_backfill_ok_tmax_gefsatmosmean_8d26b5c33527,C:/Users/ahmad/Desktop/generalFiles/git/weather_markets/weather_data_extraction/bootstrap/hkg_tmax_elite_codex_bootstrap/hkg_tmax_elite_codex/data/_pipeline_internal/raw/gribstream_tactical_full_tactical_backfill_ok_tmax/gefsatmosmean/run_window_utc=20220814_180000_to_20220913_180000/8d26b5c335279a81a85dae8d6469432868065b8fef374cbdf7a6d6e8b5dbc31f.ndjson.gz,raw_reused,0,,,
162,gefsatmosmean,completed,200,31,2022-09-14T18:00:00Z,2022-10-14T18:00:00Z,2976,2976,1984,1984,2976,0.001,c15113bba21268ca0b9d6e5bf96b6b739f4e12430508d7c949c3520318aae188,full_tactical_backfill_ok_tmax_gefsatmosmean_c15113bba212,C:/Users/ahmad/Desktop/generalFiles/git/weather_markets/weather_data_extraction/bootstrap/hkg_tmax_elite_codex_bootstrap/hkg_tmax_elite_codex/data/_pipeline_internal/raw/gribstream_tactical_full_tactical_backfill_ok_tmax/gefsatmosmean/run_window_utc=20220914_180000_to_20221014_180000/c15113bba21268ca0b9d6e5bf96b6b739f4e12430508d7c949c3520318aae188.ndjson.gz,raw_reused,0,,,
163,gefsatmosmean,completed,200,31,2022-10-15T18:00:00Z,2022-11-14T18:00:00Z,2976,2976,1984,1984,2976,0.001,9d17b07b1fe3c3cc4ace4f15fa490acb244139ee5935804ae6e0e0e9869cdd7f,full_tactical_backfill_ok_tmax_gefsatmosmean_9d17b07b1fe3,C:/Users/ahmad/Desktop/generalFiles/git/weather_markets/weather_data_extraction/bootstrap/hkg_tmax_elite_codex_bootstrap/hkg_tmax_elite_codex/data/_pipeline_internal/raw/gribstream_tactical_full_tactical_backfill_ok_tmax/gefsatmosmean/run_window_utc=20221015_180000_to_20221114_180000/9d17b07b1fe3c3cc4ace4f15fa490acb244139ee5935804ae6e0e0e9869cdd7f.ndjson.gz,raw_reused,0,,,
164,gefsatmosmean,completed,200,31,2022-11-15T18:00:00Z,2022-12-15T18:00:00Z,2976,2976,1984,1984,2976,0.001,1dede9dab9a55d055cf1ef37b494c2f9c02c1978d3d851c6b313c65a23cac694,full_tactical_backfill_ok_tmax_gefsatmosmean_1dede9dab9a5,C:/Users/ahmad/Desktop/generalFiles/git/weather_markets/weather_data_extraction/bootstrap/hkg_tmax_elite_codex_bootstrap/hkg_tmax_elite_codex/data/_pipeline_internal/raw/gribstream_tactical_full_tactical_backfill_ok_tmax/gefsatmosmean/run_window_utc=20221115_180000_to_20221215_180000/1dede9dab9a55d055cf1ef37b494c2f9c02c1978d3d851c6b313c65a23cac694.ndjson.gz,raw_reused,0,,,
165,gefsatmosmean,completed,200,31,2022-12-16T18:00:00Z,2023-01-15T18:00:00Z,2976,2976,1984,1984,2976,0.001,7bf5e0be3648add8b5fd2b81005e0acd8f99de9a20cde5c84351b787fee89067,full_tactical_backfill_ok_tmax_gefsatmosmean_7bf5e0be3648,C:/Users/ahmad/Desktop/generalFiles/git/weather_markets/weather_data_extraction/bootstrap/hkg_tmax_elite_codex_bootstrap/hkg_tmax_elite_codex/data/_pipeline_internal/raw/gribstream_tactical_full_tactical_backfill_ok_tmax/gefsatmosmean/run_window_utc=20221216_180000_to_20230115_180000/7bf5e0be3648add8b5fd2b81005e0acd8f99de9a20cde5c84351b787fee89067.ndjson.gz,raw_reused,0,,,
166,gefsatmosmean,completed,200,31,2023-01-16T18:00:00Z,2023-02-15T18:00:00Z,2976,2976,1984,1984,2976,0.001,45165c0d44aea3a1dff682962d49e4be89c253d05a05eeb72843c3439900aecc,full_tactical_backfill_ok_tmax_gefsatmosmean_45165c0d44ae,C:/Users/ahmad/Desktop/generalFiles/git/weather_markets/weather_data_extraction/bootstrap/hkg_tmax_elite_codex_bootstrap/hkg_tmax_elite_codex/data/_pipeline_internal/raw/gribstream_tactical_full_tactical_backfill_ok_tmax/gefsatmosmean/run_window_utc=20230116_180000_to_20230215_180000/45165c0d44aea3a1dff682962d49e4be89c253d05a05eeb72843c3439900aecc.ndjson.gz,raw_reused,0,,,
167,gefsatmosmean,completed,200,31,2023-02-16T18:00:00Z,2023-03-18T18:00:00Z,2976,2976,1984,1984,2976,0.001,33d536687333cc69747346028049b329e3f3f2259a1466f062bf6ff4ab6c3435,full_tactical_backfill_ok_tmax_gefsatmosmean_33d536687333,C:/Users/ahmad/Desktop/generalFiles/git/weather_markets/weather_data_extraction/bootstrap/hkg_tmax_elite_codex_bootstrap/hkg_tmax_elite_codex/data/_pipeline_internal/raw/gribstream_tactical_full_tactical_backfill_ok_tmax/gefsatmosmean/run_window_utc=20230216_180000_to_20230318_180000/33d536687333cc69747346028049b329e3f3f2259a1466f062bf6ff4ab6c3435.ndjson.gz,raw_reused,0,,,
168,gefsatmosmean,completed,200,31,2023-03-19T18:00:00Z,2023-04-18T18:00:00Z,2976,2976,1984,1984,2976,0.001,ab4b14d1c3dfb73073c9049fc1fa434a098c5cc10c540915d293ace7a7a0d021,full_tactical_backfill_ok_tmax_gefsatmosmean_ab4b14d1c3df,C:/Users/ahmad/Desktop/generalFiles/git/weather_markets/weather_data_extraction/bootstrap/hkg_tmax_elite_codex_bootstrap/hkg_tmax_elite_codex/data/_pipeline_internal/raw/gribstream_tactical_full_tactical_backfill_ok_tmax/gefsatmosmean/run_window_utc=20230319_180000_to_20230418_180000/ab4b14d1c3dfb73073c9049fc1fa434a098c5cc10c540915d293ace7a7a0d021.ndjson.gz,raw_reused,0,,,
169,gefsatmosmean,completed,200,31,2023-04-19T18:00:00Z,2023-05-19T18:00:00Z,2976,2976,1984,1984,2976,0.002,7213062638b6ca1eadcbca3f67179a769af3b9cb984de82c1814d9f4d4d33a55,full_tactical_backfill_ok_tmax_gefsatmosmean_7213062638b6,C:/Users/ahmad/Desktop/generalFiles/git/weather_markets/weather_data_extraction/bootstrap/hkg_tmax_elite_codex_bootstrap/hkg_tmax_elite_codex/data/_pipeline_internal/raw/gribstream_tactical_full_tactical_backfill_ok_tmax/gefsatmosmean/run_window_utc=20230419_180000_to_20230519_180000/7213062638b6ca1eadcbca3f67179a769af3b9cb984de82c1814d9f4d4d33a55.ndjson.gz,raw_reused,0,,,
170,gefsatmosmean,completed,200,31,2023-05-20T18:00:00Z,2023-06-19T18:00:00Z,2880,2880,1920,1984,2976,0.001,64b25f5eb3612edb39c54c3483beced108642739ee6236d40bd4e3ff9fbc76cb,full_tactical_backfill_ok_tmax_gefsatmosmean_64b25f5eb361,C:/Users/ahmad/Desktop/generalFiles/git/weather_markets/weather_data_extraction/bootstrap/hkg_tmax_elite_codex_bootstrap/hkg_tmax_elite_codex/data/_pipeline_internal/raw/gribstream_tactical_full_tactical_backfill_ok_tmax/gefsatmosmean/run_window_utc=20230520_180000_to_20230619_180000/64b25f5eb3612edb39c54c3483beced108642739ee6236d40bd4e3ff9fbc76cb.ndjson.gz,raw_reused,0,,,
171,gefsatmosmean,completed,200,31,2023-06-20T18:00:00Z,2023-07-20T18:00:00Z,2976,2976,1984,1984,2976,0.001,ad085ca046a1213f82965ba74b5fe5533b31dbd1ca29690d9fc7f9b7720d6b93,full_tactical_backfill_ok_tmax_gefsatmosmean_ad085ca046a1,C:/Users/ahmad/Desktop/generalFiles/git/weather_markets/weather_data_extraction/bootstrap/hkg_tmax_elite_codex_bootstrap/hkg_tmax_elite_codex/data/_pipeline_internal/raw/gribstream_tactical_full_tactical_backfill_ok_tmax/gefsatmosmean/run_window_utc=20230620_180000_to_20230720_180000/ad085ca046a1213f82965ba74b5fe5533b31dbd1ca29690d9fc7f9b7720d6b93.ndjson.gz,raw_reused,0,,,
172,gefsatmosmean,completed,200,31,2023-07-21T18:00:00Z,2023-08-20T18:00:00Z,2976,2976,1984,1984,2976,0.001,b7482c59c9cbf5f60c3f7b1fc51b900236aafb3b54b2d40198f700dcb929eccc,full_tactical_backfill_ok_tmax_gefsatmosmean_b7482c59c9cb,C:/Users/ahmad/Desktop/generalFiles/git/weather_markets/weather_data_extraction/bootstrap/hkg_tmax_elite_codex_bootstrap/hkg_tmax_elite_codex/data/_pipeline_internal/raw/gribstream_tactical_full_tactical_backfill_ok_tmax/gefsatmosmean/run_window_utc=20230721_180000_to_20230820_180000/b7482c59c9cbf5f60c3f7b1fc51b900236aafb3b54b2d40198f700dcb929eccc.ndjson.gz,raw_reused,0,,,
173,gefsatmosmean,completed,200,31,2023-08-21T18:00:00Z,2023-09-20T18:00:00Z,2976,2976,1984,1984,2976,0.001,db77facc219d55c8dc616cbf95219c018f3e8d415c717b61f5965dd8c9a1d9c7,full_tactical_backfill_ok_tmax_gefsatmosmean_db77facc219d,C:/Users/ahmad/Desktop/generalFiles/git/weather_markets/weather_data_extraction/bootstrap/hkg_tmax_elite_codex_bootstrap/hkg_tmax_elite_codex/data/_pipeline_internal/raw/gribstream_tactical_full_tactical_backfill_ok_tmax/gefsatmosmean/run_window_utc=20230821_180000_to_20230920_180000/db77facc219d55c8dc616cbf95219c018f3e8d415c717b61f5965dd8c9a1d9c7.ndjson.gz,raw_reused,0,,,
174,gefsatmosmean,completed,200,31,2023-09-21T18:00:00Z,2023-10-21T18:00:00Z,2976,2976,1984,1984,2976,0.001,f5d27f8bede309de0b818d87c0b27907e467286c4a208c767d5252dfb7a3d9bb,full_tactical_backfill_ok_tmax_gefsatmosmean_f5d27f8bede3,C:/Users/ahmad/Desktop/generalFiles/git/weather_markets/weather_data_extraction/bootstrap/hkg_tmax_elite_codex_bootstrap/hkg_tmax_elite_codex/data/_pipeline_internal/raw/gribstream_tactical_full_tactical_backfill_ok_tmax/gefsatmosmean/run_window_utc=20230921_180000_to_20231021_180000/f5d27f8bede309de0b818d87c0b27907e467286c4a208c767d5252dfb7a3d9bb.ndjson.gz,raw_reused,0,,,
175,gefsatmosmean,completed,200,31,2023-10-22T18:00:00Z,2023-11-21T18:00:00Z,2976,2976,1984,1984,2976,0.001,3ee26f3f71a7c0676ac39628453148862ad7e165b6e9a393d9b922dc8dfa1a5f,full_tactical_backfill_ok_tmax_gefsatmosmean_3ee26f3f71a7,C:/Users/ahmad/Desktop/generalFiles/git/weather_markets/weather_data_extraction/bootstrap/hkg_tmax_elite_codex_bootstrap/hkg_tmax_elite_codex/data/_pipeline_internal/raw/gribstream_tactical_full_tactical_backfill_ok_tmax/gefsatmosmean/run_window_utc=20231022_180000_to_20231121_180000/3ee26f3f71a7c0676ac39628453148862ad7e165b6e9a393d9b922dc8dfa1a5f.ndjson.gz,raw_reused,0,,,
176,gefsatmosmean,completed,200,31,2023-11-22T18:00:00Z,2023-12-22T18:00:00Z,2976,2976,1984,1984,2976,0.001,3cacfda3f53d12950ef0d827346bcde4077e6906637dc4903137fd2d861a564d,full_tactical_backfill_ok_tmax_gefsatmosmean_3cacfda3f53d,C:/Users/ahmad/Desktop/generalFiles/git/weather_markets/weather_data_extraction/bootstrap/hkg_tmax_elite_codex_bootstrap/hkg_tmax_elite_codex/data/_pipeline_internal/raw/gribstream_tactical_full_tactical_backfill_ok_tmax/gefsatmosmean/run_window_utc=20231122_180000_to_20231222_180000/3cacfda3f53d12950ef0d827346bcde4077e6906637dc4903137fd2d861a564d.ndjson.gz,raw_reused,0,,,
177,gefsatmosmean,completed,200,31,2023-12-23T18:00:00Z,2024-01-22T18:00:00Z,2976,2976,1984,1984,2976,0.001,ad5fcc51f51490a463a0e0be01cdc177d5c03efb217bb05dfb768d07bfce22e1,full_tactical_backfill_ok_tmax_gefsatmosmean_ad5fcc51f514,C:/Users/ahmad/Desktop/generalFiles/git/weather_markets/weather_data_extraction/bootstrap/hkg_tmax_elite_codex_bootstrap/hkg_tmax_elite_codex/data/_pipeline_internal/raw/gribstream_tactical_full_tactical_backfill_ok_tmax/gefsatmosmean/run_window_utc=20231223_180000_to_20240122_180000/ad5fcc51f51490a463a0e0be01cdc177d5c03efb217bb05dfb768d07bfce22e1.ndjson.gz,raw_reused,0,,,
178,gefsatmosmean,completed,200,31,2024-01-23T18:00:00Z,2024-02-22T18:00:00Z,2976,2976,1984,1984,2976,0.001,7c562303d81d4fe32cd439fd982386378b5a9195397c610943d042343856bf6d,full_tactical_backfill_ok_tmax_gefsatmosmean_7c562303d81d,C:/Users/ahmad/Desktop/generalFiles/git/weather_markets/weather_data_extraction/bootstrap/hkg_tmax_elite_codex_bootstrap/hkg_tmax_elite_codex/data/_pipeline_internal/raw/gribstream_tactical_full_tactical_backfill_ok_tmax/gefsatmosmean/run_window_utc=20240123_180000_to_20240222_180000/7c562303d81d4fe32cd439fd982386378b5a9195397c610943d042343856bf6d.ndjson.gz,raw_reused,0,,,
179,gefsatmosmean,completed,200,31,2024-02-23T18:00:00Z,2024-03-24T18:00:00Z,2976,2976,1984,1984,2976,0.001,a16132b5b67e9dae5c25f7bffe0122c258d497a8412d8d7dd633da853d788d11,full_tactical_backfill_ok_tmax_gefsatmosmean_a16132b5b67e,C:/Users/ahmad/Desktop/generalFiles/git/weather_markets/weather_data_extraction/bootstrap/hkg_tmax_elite_codex_bootstrap/hkg_tmax_elite_codex/data/_pipeline_internal/raw/gribstream_tactical_full_tactical_backfill_ok_tmax/gefsatmosmean/run_window_utc=20240223_180000_to_20240324_180000/a16132b5b67e9dae5c25f7bffe0122c258d497a8412d8d7dd633da853d788d11.ndjson.gz,raw_reused,0,,,
180,gefsatmosmean,completed,200,31,2024-03-25T18:00:00Z,2024-04-24T18:00:00Z,2976,2976,1984,1984,2976,0.001,ec98b97965e7f6b38baa3238c30be2e1f0cab8d6dd1cc2aa24ffd557351c2f84,full_tactical_backfill_ok_tmax_gefsatmosmean_ec98b97965e7,C:/Users/ahmad/Desktop/generalFiles/git/weather_markets/weather_data_extraction/bootstrap/hkg_tmax_elite_codex_bootstrap/hkg_tmax_elite_codex/data/_pipeline_internal/raw/gribstream_tactical_full_tactical_backfill_ok_tmax/gefsatmosmean/run_window_utc=20240325_180000_to_20240424_180000/ec98b97965e7f6b38baa3238c30be2e1f0cab8d6dd1cc2aa24ffd557351c2f84.ndjson.gz,raw_reused,0,,,
181,gefsatmosmean,completed,200,31,2024-04-25T18:00:00Z,2024-05-25T18:00:00Z,2976,2976,1984,1984,2976,0.001,d90deac19847ce49b8bd6632150abb1300992a12c287f203239bfc8d04931d4a,full_tactical_backfill_ok_tmax_gefsatmosmean_d90deac19847,C:/Users/ahmad/Desktop/generalFiles/git/weather_markets/weather_data_extraction/bootstrap/hkg_tmax_elite_codex_bootstrap/hkg_tmax_elite_codex/data/_pipeline_internal/raw/gribstream_tactical_full_tactical_backfill_ok_tmax/gefsatmosmean/run_window_utc=20240425_180000_to_20240525_180000/d90deac19847ce49b8bd6632150abb1300992a12c287f203239bfc8d04931d4a.ndjson.gz,raw_reused,0,,,
182,gefsatmosmean,completed,200,31,2024-05-26T18:00:00Z,2024-06-25T18:00:00Z,2976,2976,1984,1984,2976,0.001,8d295f74bf01a7763ae754de1941e17b87c3e9e0e3348f092359aec580e223b8,full_tactical_backfill_ok_tmax_gefsatmosmean_8d295f74bf01,C:/Users/ahmad/Desktop/generalFiles/git/weather_markets/weather_data_extraction/bootstrap/hkg_tmax_elite_codex_bootstrap/hkg_tmax_elite_codex/data/_pipeline_internal/raw/gribstream_tactical_full_tactical_backfill_ok_tmax/gefsatmosmean/run_window_utc=20240526_180000_to_20240625_180000/8d295f74bf01a7763ae754de1941e17b87c3e9e0e3348f092359aec580e223b8.ndjson.gz,raw_reused,0,,,
183,gefsatmosmean,completed,200,31,2024-06-26T18:00:00Z,2024-07-26T18:00:00Z,2976,2976,1984,1984,2976,0.001,a561f4c33797b18247325fc203c9153f69ee6eabc9eddbf5403270ca6765ae41,full_tactical_backfill_ok_tmax_gefsatmosmean_a561f4c33797,C:/Users/ahmad/Desktop/generalFiles/git/weather_markets/weather_data_extraction/bootstrap/hkg_tmax_elite_codex_bootstrap/hkg_tmax_elite_codex/data/_pipeline_internal/raw/gribstream_tactical_full_tactical_backfill_ok_tmax/gefsatmosmean/run_window_utc=20240626_180000_to_20240726_180000/a561f4c33797b18247325fc203c9153f69ee6eabc9eddbf5403270ca6765ae41.ndjson.gz,raw_reused,0,,,
184,gefsatmosmean,completed,200,31,2024-07-27T18:00:00Z,2024-08-26T18:00:00Z,2976,2976,1984,1984,2976,0.001,4f898569f904006a13639744902e7ee135b02227f954af8b5d14fcc4f6ded081,full_tactical_backfill_ok_tmax_gefsatmosmean_4f898569f904,C:/Users/ahmad/Desktop/generalFiles/git/weather_markets/weather_data_extraction/bootstrap/hkg_tmax_elite_codex_bootstrap/hkg_tmax_elite_codex/data/_pipeline_internal/raw/gribstream_tactical_full_tactical_backfill_ok_tmax/gefsatmosmean/run_window_utc=20240727_180000_to_20240826_180000/4f898569f904006a13639744902e7ee135b02227f954af8b5d14fcc4f6ded081.ndjson.gz,raw_reused,0,,,
185,gefsatmosmean,completed,200,31,2024-08-27T18:00:00Z,2024-09-26T18:00:00Z,2976,2976,1984,1984,2976,0.002,3819254657a1d4f81deced92c69f5c5995357aa64d8e80b53b7d4c691ff6b58f,full_tactical_backfill_ok_tmax_gefsatmosmean_3819254657a1,C:/Users/ahmad/Desktop/generalFiles/git/weather_markets/weather_data_extraction/bootstrap/hkg_tmax_elite_codex_bootstrap/hkg_tmax_elite_codex/data/_pipeline_internal/raw/gribstream_tactical_full_tactical_backfill_ok_tmax/gefsatmosmean/run_window_utc=20240827_180000_to_20240926_180000/3819254657a1d4f81deced92c69f5c5995357aa64d8e80b53b7d4c691ff6b58f.ndjson.gz,raw_reused,0,,,
186,gefsatmosmean,completed,200,31,2024-09-27T18:00:00Z,2024-10-27T18:00:00Z,2976,2976,1984,1984,2976,0.001,11e93099825da8ec26e00973dace237f63ba19e24f593b46eaeaa8e8c75424fc,full_tactical_backfill_ok_tmax_gefsatmosmean_11e93099825d,C:/Users/ahmad/Desktop/generalFiles/git/weather_markets/weather_data_extraction/bootstrap/hkg_tmax_elite_codex_bootstrap/hkg_tmax_elite_codex/data/_pipeline_internal/raw/gribstream_tactical_full_tactical_backfill_ok_tmax/gefsatmosmean/run_window_utc=20240927_180000_to_20241027_180000/11e93099825da8ec26e00973dace237f63ba19e24f593b46eaeaa8e8c75424fc.ndjson.gz,raw_reused,0,,,
187,gefsatmosmean,completed,200,31,2024-10-28T18:00:00Z,2024-11-27T18:00:00Z,2976,2976,1984,1984,2976,0.001,d43e0bb55f13743b06824137656e5d25ba3f64b3b6ed4129b42883afa75426ea,full_tactical_backfill_ok_tmax_gefsatmosmean_d43e0bb55f13,C:/Users/ahmad/Desktop/generalFiles/git/weather_markets/weather_data_extraction/bootstrap/hkg_tmax_elite_codex_bootstrap/hkg_tmax_elite_codex/data/_pipeline_internal/raw/gribstream_tactical_full_tactical_backfill_ok_tmax/gefsatmosmean/run_window_utc=20241028_180000_to_20241127_180000/d43e0bb55f13743b06824137656e5d25ba3f64b3b6ed4129b42883afa75426ea.ndjson.gz,raw_reused,0,,,
188,gefsatmosmean,completed,200,31,2024-11-28T18:00:00Z,2024-12-28T18:00:00Z,2976,2976,1984,1984,2976,0.001,fa8f9ce2e427ab49c5c2f15a86203ceba4808910c8ca3f935df3515158aa7350,full_tactical_backfill_ok_tmax_gefsatmosmean_fa8f9ce2e427,C:/Users/ahmad/Desktop/generalFiles/git/weather_markets/weather_data_extraction/bootstrap/hkg_tmax_elite_codex_bootstrap/hkg_tmax_elite_codex/data/_pipeline_internal/raw/gribstream_tactical_full_tactical_backfill_ok_tmax/gefsatmosmean/run_window_utc=20241128_180000_to_20241228_180000/fa8f9ce2e427ab49c5c2f15a86203ceba4808910c8ca3f935df3515158aa7350.ndjson.gz,raw_reused,0,,,
189,gefsatmosmean,completed,200,31,2024-12-29T18:00:00Z,2025-01-28T18:00:00Z,2976,2976,1984,1984,2976,0.001,a7c27e9031d8b108babba5c8b34b5e84c9edc7e7753ea45744e88f69491c9689,full_tactical_backfill_ok_tmax_gefsatmosmean_a7c27e9031d8,C:/Users/ahmad/Desktop/generalFiles/git/weather_markets/weather_data_extraction/bootstrap/hkg_tmax_elite_codex_bootstrap/hkg_tmax_elite_codex/data/_pipeline_internal/raw/gribstream_tactical_full_tactical_backfill_ok_tmax/gefsatmosmean/run_window_utc=20241229_180000_to_20250128_180000/a7c27e9031d8b108babba5c8b34b5e84c9edc7e7753ea45744e88f69491c9689.ndjson.gz,raw_reused,0,,,
190,gefsatmosmean,completed,200,31,2025-01-29T18:00:00Z,2025-02-28T18:00:00Z,2976,2976,1984,1984,2976,0.001,c20c746fcbc229887fb0263949ed39b99148171cfcfdbfd7a815939b6cbb647e,full_tactical_backfill_ok_tmax_gefsatmosmean_c20c746fcbc2,C:/Users/ahmad/Desktop/generalFiles/git/weather_markets/weather_data_extraction/bootstrap/hkg_tmax_elite_codex_bootstrap/hkg_tmax_elite_codex/data/_pipeline_internal/raw/gribstream_tactical_full_tactical_backfill_ok_tmax/gefsatmosmean/run_window_utc=20250129_180000_to_20250228_180000/c20c746fcbc229887fb0263949ed39b99148171cfcfdbfd7a815939b6cbb647e.ndjson.gz,raw_reused,0,,,
191,gefsatmosmean,completed,200,31,2025-03-01T18:00:00Z,2025-03-31T18:00:00Z,2976,2976,1984,1984,2976,0.001,8c5b02c7e91421a7a848529783ff2278685a5ce98a9bfc553da8d7ee3c40534b,full_tactical_backfill_ok_tmax_gefsatmosmean_8c5b02c7e914,C:/Users/ahmad/Desktop/generalFiles/git/weather_markets/weather_data_extraction/bootstrap/hkg_tmax_elite_codex_bootstrap/hkg_tmax_elite_codex/data/_pipeline_internal/raw/gribstream_tactical_full_tactical_backfill_ok_tmax/gefsatmosmean/run_window_utc=20250301_180000_to_20250331_180000/8c5b02c7e91421a7a848529783ff2278685a5ce98a9bfc553da8d7ee3c40534b.ndjson.gz,raw_reused,0,,,
192,gefsatmosmean,completed,200,31,2025-04-01T18:00:00Z,2025-05-01T18:00:00Z,2976,2976,1984,1984,2976,0.001,dd9269e9b51c353264d0545136af5d87145c15e1df5e35ec895f8fba23119312,full_tactical_backfill_ok_tmax_gefsatmosmean_dd9269e9b51c,C:/Users/ahmad/Desktop/generalFiles/git/weather_markets/weather_data_extraction/bootstrap/hkg_tmax_elite_codex_bootstrap/hkg_tmax_elite_codex/data/_pipeline_internal/raw/gribstream_tactical_full_tactical_backfill_ok_tmax/gefsatmosmean/run_window_utc=20250401_180000_to_20250501_180000/dd9269e9b51c353264d0545136af5d87145c15e1df5e35ec895f8fba23119312.ndjson.gz,raw_reused,0,,,
193,gefsatmosmean,completed,200,31,2025-05-02T18:00:00Z,2025-06-01T18:00:00Z,2964,2964,1976,1984,2976,0.001,13dfbe25a4e53b6423f24ca0bc54c5a9b12685e60ba24641cdbe4f072ab0a862,full_tactical_backfill_ok_tmax_gefsatmosmean_13dfbe25a4e5,C:/Users/ahmad/Desktop/generalFiles/git/weather_markets/weather_data_extraction/bootstrap/hkg_tmax_elite_codex_bootstrap/hkg_tmax_elite_codex/data/_pipeline_internal/raw/gribstream_tactical_full_tactical_backfill_ok_tmax/gefsatmosmean/run_window_utc=20250502_180000_to_20250601_180000/13dfbe25a4e53b6423f24ca0bc54c5a9b12685e60ba24641cdbe4f072ab0a862.ndjson.gz,raw_reused,0,,,
194,gefsatmosmean,completed,200,31,2025-06-02T18:00:00Z,2025-07-02T18:00:00Z,2880,2880,1920,1984,2976,0.001,f635d65b89b7ba50ac075f60b108ea4f9dc88722314b20b1cd04cffd3fcb6ee6,full_tactical_backfill_ok_tmax_gefsatmosmean_f635d65b89b7,C:/Users/ahmad/Desktop/generalFiles/git/weather_markets/weather_data_extraction/bootstrap/hkg_tmax_elite_codex_bootstrap/hkg_tmax_elite_codex/data/_pipeline_internal/raw/gribstream_tactical_full_tactical_backfill_ok_tmax/gefsatmosmean/run_window_utc=20250602_180000_to_20250702_180000/f635d65b89b7ba50ac075f60b108ea4f9dc88722314b20b1cd04cffd3fcb6ee6.ndjson.gz,raw_reused,0,,,
195,gefsatmosmean,completed,200,31,2025-07-03T18:00:00Z,2025-08-02T18:00:00Z,2976,2976,1984,1984,2976,0.001,c5695f63140fcd5ced9dbc27bc4c2d68d89a03cdb4132f70941e8a73f22b309d,full_tactical_backfill_ok_tmax_gefsatmosmean_c5695f63140f,C:/Users/ahmad/Desktop/generalFiles/git/weather_markets/weather_data_extraction/bootstrap/hkg_tmax_elite_codex_bootstrap/hkg_tmax_elite_codex/data/_pipeline_internal/raw/gribstream_tactical_full_tactical_backfill_ok_tmax/gefsatmosmean/run_window_utc=20250703_180000_to_20250802_180000/c5695f63140fcd5ced9dbc27bc4c2d68d89a03cdb4132f70941e8a73f22b309d.ndjson.gz,raw_reused,0,,,
196,gefsatmosmean,completed,200,31,2025-08-03T18:00:00Z,2025-09-02T18:00:00Z,2976,2976,1984,1984,2976,0.001,b6a348d0d94d802585f3d186b3a11e279539a04f2a35e06a5d5ade0e38d50506,full_tactical_backfill_ok_tmax_gefsatmosmean_b6a348d0d94d,C:/Users/ahmad/Desktop/generalFiles/git/weather_markets/weather_data_extraction/bootstrap/hkg_tmax_elite_codex_bootstrap/hkg_tmax_elite_codex/data/_pipeline_internal/raw/gribstream_tactical_full_tactical_backfill_ok_tmax/gefsatmosmean/run_window_utc=20250803_180000_to_20250902_180000/b6a348d0d94d802585f3d186b3a11e279539a04f2a35e06a5d5ade0e38d50506.ndjson.gz,raw_reused,0,,,
197,gefsatmosmean,completed,200,31,2025-09-03T18:00:00Z,2025-10-03T18:00:00Z,2976,2976,1984,1984,2976,0.001,ce9b69944a78d9fcad28f60fcd0b1e56f3c75ee1013ed8d615bb1a4ff8f5a35c,full_tactical_backfill_ok_tmax_gefsatmosmean_ce9b69944a78,C:/Users/ahmad/Desktop/generalFiles/git/weather_markets/weather_data_extraction/bootstrap/hkg_tmax_elite_codex_bootstrap/hkg_tmax_elite_codex/data/_pipeline_internal/raw/gribstream_tactical_full_tactical_backfill_ok_tmax/gefsatmosmean/run_window_utc=20250903_180000_to_20251003_180000/ce9b69944a78d9fcad28f60fcd0b1e56f3c75ee1013ed8d615bb1a4ff8f5a35c.ndjson.gz,raw_reused,0,,,
198,gefsatmosmean,completed,200,31,2025-10-04T18:00:00Z,2025-11-03T18:00:00Z,2976,2976,1984,1984,2976,0.001,0a6283c9b2c2e6e983718409b883027b58e224b58d0e91f84203bbe7e910e940,full_tactical_backfill_ok_tmax_gefsatmosmean_0a6283c9b2c2,C:/Users/ahmad/Desktop/generalFiles/git/weather_markets/weather_data_extraction/bootstrap/hkg_tmax_elite_codex_bootstrap/hkg_tmax_elite_codex/data/_pipeline_internal/raw/gribstream_tactical_full_tactical_backfill_ok_tmax/gefsatmosmean/run_window_utc=20251004_180000_to_20251103_180000/0a6283c9b2c2e6e983718409b883027b58e224b58d0e91f84203bbe7e910e940.ndjson.gz,raw_reused,0,,,
199,gefsatmosmean,completed,200,31,2025-11-04T18:00:00Z,2025-12-04T18:00:00Z,2976,2976,1984,1984,2976,0.001,273758628a915fa352466a1aba7c4e78cdf5e8b6cd386c25bc78bd14d2cac1f5,full_tactical_backfill_ok_tmax_gefsatmosmean_273758628a91,C:/Users/ahmad/Desktop/generalFiles/git/weather_markets/weather_data_extraction/bootstrap/hkg_tmax_elite_codex_bootstrap/hkg_tmax_elite_codex/data/_pipeline_internal/raw/gribstream_tactical_full_tactical_backfill_ok_tmax/gefsatmosmean/run_window_utc=20251104_180000_to_20251204_180000/273758628a915fa352466a1aba7c4e78cdf5e8b6cd386c25bc78bd14d2cac1f5.ndjson.gz,raw_reused,0,,,
200,gefsatmosmean,completed,200,31,2025-12-05T18:00:00Z,2026-01-04T18:00:00Z,2976,2976,1984,1984,2976,0.001,2b45e2096fe98558ae65e734d53863e53f15b7b69e0a0afe8f1a846da685a102,full_tactical_backfill_ok_tmax_gefsatmosmean_2b45e2096fe9,C:/Users/ahmad/Desktop/generalFiles/git/weather_markets/weather_data_extraction/bootstrap/hkg_tmax_elite_codex_bootstrap/hkg_tmax_elite_codex/data/_pipeline_internal/raw/gribstream_tactical_full_tactical_backfill_ok_tmax/gefsatmosmean/run_window_utc=20251205_180000_to_20260104_180000/2b45e2096fe98558ae65e734d53863e53f15b7b69e0a0afe8f1a846da685a102.ndjson.gz,raw_reused,0,,,
201,gefsatmosmean,completed,200,31,2026-01-05T18:00:00Z,2026-02-04T18:00:00Z,2976,2976,1984,1984,2976,0.001,9b2dd9e69ab8c2ce2bb90591033151b520c662e5dbe03f2ff31420f0eb8c5124,full_tactical_backfill_ok_tmax_gefsatmosmean_9b2dd9e69ab8,C:/Users/ahmad/Desktop/generalFiles/git/weather_markets/weather_data_extraction/bootstrap/hkg_tmax_elite_codex_bootstrap/hkg_tmax_elite_codex/data/_pipeline_internal/raw/gribstream_tactical_full_tactical_backfill_ok_tmax/gefsatmosmean/run_window_utc=20260105_180000_to_20260204_180000/9b2dd9e69ab8c2ce2bb90591033151b520c662e5dbe03f2ff31420f0eb8c5124.ndjson.gz,raw_reused,0,,,
202,gefsatmosmean,completed,200,31,2026-02-05T18:00:00Z,2026-03-07T18:00:00Z,2976,2976,1984,1984,2976,0.001,14c095d4fb7f11855b07c78bb63fbc12fdae5660edc1384c224d3420c6587b60,full_tactical_backfill_ok_tmax_gefsatmosmean_14c095d4fb7f,C:/Users/ahmad/Desktop/generalFiles/git/weather_markets/weather_data_extraction/bootstrap/hkg_tmax_elite_codex_bootstrap/hkg_tmax_elite_codex/data/_pipeline_internal/raw/gribstream_tactical_full_tactical_backfill_ok_tmax/gefsatmosmean/run_window_utc=20260205_180000_to_20260307_180000/14c095d4fb7f11855b07c78bb63fbc12fdae5660edc1384c224d3420c6587b60.ndjson.gz,raw_reused,0,,,
203,gefsatmosmean,completed,200,31,2026-03-08T18:00:00Z,2026-04-07T18:00:00Z,2976,2976,1984,1984,2976,0.001,54376ea20ecefce4877222e94367cc66790738f095cddcb52daf431b4b45d5d8,full_tactical_backfill_ok_tmax_gefsatmosmean_54376ea20ece,C:/Users/ahmad/Desktop/generalFiles/git/weather_markets/weather_data_extraction/bootstrap/hkg_tmax_elite_codex_bootstrap/hkg_tmax_elite_codex/data/_pipeline_internal/raw/gribstream_tactical_full_tactical_backfill_ok_tmax/gefsatmosmean/run_window_utc=20260308_180000_to_20260407_180000/54376ea20ecefce4877222e94367cc66790738f095cddcb52daf431b4b45d5d8.ndjson.gz,raw_reused,0,,,
204,gefsatmosmean,completed,200,31,2026-04-08T18:00:00Z,2026-05-08T18:00:00Z,2976,2976,1984,1984,2976,0.001,e2d66d2335f8143096d0684bb9538fbc808f2428508a18b1a15421a74ea74da0,full_tactical_backfill_ok_tmax_gefsatmosmean_e2d66d2335f8,C:/Users/ahmad/Desktop/generalFiles/git/weather_markets/weather_data_extraction/bootstrap/hkg_tmax_elite_codex_bootstrap/hkg_tmax_elite_codex/data/_pipeline_internal/raw/gribstream_tactical_full_tactical_backfill_ok_tmax/gefsatmosmean/run_window_utc=20260408_180000_to_20260508_180000/e2d66d2335f8143096d0684bb9538fbc808f2428508a18b1a15421a74ea74da0.ndjson.gz,raw_reused,0,,,
205,gefsatmosmean,completed,200,31,2026-05-09T18:00:00Z,2026-06-08T18:00:00Z,2976,2976,1984,1984,2976,0.001,c254874aed14e0cfc8851684d49499a11b5675defc58634a6b75a1556537b9ea,full_tactical_backfill_ok_tmax_gefsatmosmean_c254874aed14,C:/Users/ahmad/Desktop/generalFiles/git/weather_markets/weather_data_extraction/bootstrap/hkg_tmax_elite_codex_bootstrap/hkg_tmax_elite_codex/data/_pipeline_internal/raw/gribstream_tactical_full_tactical_backfill_ok_tmax/gefsatmosmean/run_window_utc=20260509_180000_to_20260608_180000/c254874aed14e0cfc8851684d49499a11b5675defc58634a6b75a1556537b9ea.ndjson.gz,raw_reused,0,,,
206,gefsatmosmean,completed,200,13,2026-06-09T18:00:00Z,2026-06-21T18:00:00Z,1248,1248,832,832,1248,0.001,85560553a38baf682e6e9e3dd9440e5891674ac6851f58ff094452059c4d52c5,full_tactical_backfill_ok_tmax_gefsatmosmean_85560553a38b,C:/Users/ahmad/Desktop/generalFiles/git/weather_markets/weather_data_extraction/bootstrap/hkg_tmax_elite_codex_bootstrap/hkg_tmax_elite_codex/data/_pipeline_internal/raw/gribstream_tactical_full_tactical_backfill_ok_tmax/gefsatmosmean/run_window_utc=20260609_180000_to_20260621_180000/85560553a38baf682e6e9e3dd9440e5891674ac6851f58ff094452059c4d52c5.ndjson.gz,raw_reused,0,,,
207,gefsatmos,completed,200,5,2020-10-01T18:00:00Z,2020-10-05T18:00:00Z,1240,1240,1240,1240,1240,0.001,8b2304d7da246cdc4c7843a6856384fe535d927cef7b6b3664afa71591168bad,batch_smoke_10w_gefsatmos_8b2304d7da24,C:/Users/ahmad/Desktop/generalFiles/git/weather_markets/weather_data_extraction/bootstrap/hkg_tmax_elite_codex_bootstrap/hkg_tmax_elite_codex/data/_pipeline_internal/raw/gribstream_tactical_full_tactical_backfill_ok_tmax/gefsatmos/run_window_utc=20201001_180000_to_20201005_180000/8b2304d7da246cdc4c7843a6856384fe535d927cef7b6b3664afa71591168bad.ndjson.gz,raw_reused,0,,,
208,gefsatmos,completed,200,5,2020-10-06T18:00:00Z,2020-10-10T18:00:00Z,1240,1240,1240,1240,1240,0.001,7128a9486a65faf6b5400d579b7dd920b0a0afded4487b97027487f1245a8fe3,batch_smoke_10w_gefsatmos_7128a9486a65,C:/Users/ahmad/Desktop/generalFiles/git/weather_markets/weather_data_extraction/bootstrap/hkg_tmax_elite_codex_bootstrap/hkg_tmax_elite_codex/data/_pipeline_internal/raw/gribstream_tactical_full_tactical_backfill_ok_tmax/gefsatmos/run_window_utc=20201006_180000_to_20201010_180000/7128a9486a65faf6b5400d579b7dd920b0a0afded4487b97027487f1245a8fe3.ndjson.gz,raw_reused,0,,,
209,gefsatmos,completed,200,5,2020-10-11T18:00:00Z,2020-10-15T18:00:00Z,1240,1240,1240,1240,1240,0.002,8d71d88a340b641184796a4059feb19fd63b820402fe49d246325bcac45e3456,batch_smoke_10w_gefsatmos_8d71d88a340b,C:/Users/ahmad/Desktop/generalFiles/git/weather_markets/weather_data_extraction/bootstrap/hkg_tmax_elite_codex_bootstrap/hkg_tmax_elite_codex/data/_pipeline_internal/raw/gribstream_tactical_full_tactical_backfill_ok_tmax/gefsatmos/run_window_utc=20201011_180000_to_20201015_180000/8d71d88a340b641184796a4059feb19fd63b820402fe49d246325bcac45e3456.ndjson.gz,raw_reused,0,,,
210,gefsatmos,completed,200,5,2020-10-16T18:00:00Z,2020-10-20T18:00:00Z,1240,1240,1240,1240,1240,0.001,201b9a497a446b811b479b9af1beed8cfbd2ce189d64f54d670d9b32ba13ad79,batch_smoke_10w_gefsatmos_201b9a497a44,C:/Users/ahmad/Desktop/generalFiles/git/weather_markets/weather_data_extraction/bootstrap/hkg_tmax_elite_codex_bootstrap/hkg_tmax_elite_codex/data/_pipeline_internal/raw/gribstream_tactical_full_tactical_backfill_ok_tmax/gefsatmos/run_window_utc=20201016_180000_to_20201020_180000/201b9a497a446b811b479b9af1beed8cfbd2ce189d64f54d670d9b32ba13ad79.ndjson.gz,raw_reused,0,,,
211,gefsatmos,completed,200,5,2020-10-21T18:00:00Z,2020-10-25T18:00:00Z,1240,1240,1240,1240,1240,0.001,bf4ba01df896d409b0cf053b9ef23fb6564846feba387a8a7f68cea78dbfa099,batch_smoke_10w_gefsatmos_bf4ba01df896,C:/Users/ahmad/Desktop/generalFiles/git/weather_markets/weather_data_extraction/bootstrap/hkg_tmax_elite_codex_bootstrap/hkg_tmax_elite_codex/data/_pipeline_internal/raw/gribstream_tactical_full_tactical_backfill_ok_tmax/gefsatmos/run_window_utc=20201021_180000_to_20201025_180000/bf4ba01df896d409b0cf053b9ef23fb6564846feba387a8a7f68cea78dbfa099.ndjson.gz,raw_reused,0,,,
212,gefsatmos,completed,200,5,2020-10-26T18:00:00Z,2020-10-30T18:00:00Z,1240,1240,1240,1240,1240,0.001,f80595cc7843f076f1f173def80c9429b3e6475ed2459f6537977b79ef2ff203,batch_smoke_10w_gefsatmos_f80595cc7843,C:/Users/ahmad/Desktop/generalFiles/git/weather_markets/weather_data_extraction/bootstrap/hkg_tmax_elite_codex_bootstrap/hkg_tmax_elite_codex/data/_pipeline_internal/raw/gribstream_tactical_full_tactical_backfill_ok_tmax/gefsatmos/run_window_utc=20201026_180000_to_20201030_180000/f80595cc7843f076f1f173def80c9429b3e6475ed2459f6537977b79ef2ff203.ndjson.gz,raw_reused,0,,,
213,gefsatmos,completed,200,5,2020-10-31T18:00:00Z,2020-11-04T18:00:00Z,1240,1240,1240,1240,1240,0.001,0a81cff062d1ab80b27dc0e13c12786f76223f955e9da48e16a2974a39884f61,batch_smoke_10w_gefsatmos_0a81cff062d1,C:/Users/ahmad/Desktop/generalFiles/git/weather_markets/weather_data_extraction/bootstrap/hkg_tmax_elite_codex_bootstrap/hkg_tmax_elite_codex/data/_pipeline_internal/raw/gribstream_tactical_full_tactical_backfill_ok_tmax/gefsatmos/run_window_utc=20201031_180000_to_20201104_180000/0a81cff062d1ab80b27dc0e13c12786f76223f955e9da48e16a2974a39884f61.ndjson.gz,raw_reused,0,,,
214,gefsatmos,completed,200,5,2020-11-05T18:00:00Z,2020-11-09T18:00:00Z,1240,1240,1240,1240,1240,0.001,41476d117aa919014d6ce6a89b1fab88b6f7ebecdcef87437dd5f72e74bbc1a8,batch_smoke_10w_gefsatmos_41476d117aa9,C:/Users/ahmad/Desktop/generalFiles/git/weather_markets/weather_data_extraction/bootstrap/hkg_tmax_elite_codex_bootstrap/hkg_tmax_elite_codex/data/_pipeline_internal/raw/gribstream_tactical_full_tactical_backfill_ok_tmax/gefsatmos/run_window_utc=20201105_180000_to_20201109_180000/41476d117aa919014d6ce6a89b1fab88b6f7ebecdcef87437dd5f72e74bbc1a8.ndjson.gz,raw_reused,0,,,
215,gefsatmos,completed,200,5,2020-11-10T18:00:00Z,2020-11-14T18:00:00Z,1240,1240,1240,1240,1240,0.001,fd919008fcf5ce64b84fc2bfec2feb97a6019dd805c0afc2aaf414314556d250,batch_smoke_10w_gefsatmos_fd919008fcf5,C:/Users/ahmad/Desktop/generalFiles/git/weather_markets/weather_data_extraction/bootstrap/hkg_tmax_elite_codex_bootstrap/hkg_tmax_elite_codex/data/_pipeline_internal/raw/gribstream_tactical_full_tactical_backfill_ok_tmax/gefsatmos/run_window_utc=20201110_180000_to_20201114_180000/fd919008fcf5ce64b84fc2bfec2feb97a6019dd805c0afc2aaf414314556d250.ndjson.gz,raw_reused,0,,,
216,gefsatmos,completed,200,5,2020-11-15T18:00:00Z,2020-11-19T18:00:00Z,1240,1240,1240,1240,1240,0.001,ee15c81f5bb32af6888c9886cca937f92318fe0d52faf9eb5286485ca781fd0f,batch_smoke_10w_gefsatmos_ee15c81f5bb3,C:/Users/ahmad/Desktop/generalFiles/git/weather_markets/weather_data_extraction/bootstrap/hkg_tmax_elite_codex_bootstrap/hkg_tmax_elite_codex/data/_pipeline_internal/raw/gribstream_tactical_full_tactical_backfill_ok_tmax/gefsatmos/run_window_utc=20201115_180000_to_20201119_180000/ee15c81f5bb32af6888c9886cca937f92318fe0d52faf9eb5286485ca781fd0f.ndjson.gz,raw_reused,0,,,
217,gefsatmos,completed,200,5,2020-11-20T18:00:00Z,2020-11-24T18:00:00Z,307,307,341,1240,1240,0.001,e7aa0563aaa788b1d5906e73f29d4859334758bc97caa7f4fb2f99012c0de839,batch_smoke_10w_gefsatmos_e7aa0563aaa7,C:/Users/ahmad/Desktop/generalFiles/git/weather_markets/weather_data_extraction/bootstrap/hkg_tmax_elite_codex_bootstrap/hkg_tmax_elite_codex/data/_pipeline_internal/raw/gribstream_tactical_full_tactical_backfill_ok_tmax/gefsatmos/run_window_utc=20201120_180000_to_20201124_180000/e7aa0563aaa788b1d5906e73f29d4859334758bc97caa7f4fb2f99012c0de839.ndjson.gz,raw_reused,0,,,
218,gefsatmos,completed,200,5,2020-11-25T18:00:00Z,2020-11-29T18:00:00Z,1240,1240,1240,1240,1240,7.03,b6bbba1718059cc401b4ba71956c781f5a664ae371f154d9cc643c5039fa04b6,batch_smoke_10w_gefsatmos_b6bbba171805,C:/Users/ahmad/Desktop/generalFiles/git/weather_markets/weather_data_extraction/bootstrap/hkg_tmax_elite_codex_bootstrap/hkg_tmax_elite_codex/data/_pipeline_internal/raw/gribstream_tactical_full_tactical_backfill_ok_tmax/gefsatmos/run_window_utc=20201125_180000_to_20201129_180000/b6bbba1718059cc401b4ba71956c781f5a664ae371f154d9cc643c5039fa04b6.ndjson.gz,api_fetched,0,,,
219,gefsatmos,completed,200,5,2020-11-30T18:00:00Z,2020-12-04T18:00:00Z,1240,1240,1240,1240,1240,11.219,bf80b3e910caa4e7ff752dd262c17085d29ecdaa4ba2891536b76fda425dea8d,batch_smoke_10w_gefsatmos_bf80b3e910ca,C:/Users/ahmad/Desktop/generalFiles/git/weather_markets/weather_data_extraction/bootstrap/hkg_tmax_elite_codex_bootstrap/hkg_tmax_elite_codex/data/_pipeline_internal/raw/gribstream_tactical_full_tactical_backfill_ok_tmax/gefsatmos/run_window_utc=20201130_180000_to_20201204_180000/bf80b3e910caa4e7ff752dd262c17085d29ecdaa4ba2891536b76fda425dea8d.ndjson.gz,api_fetched,0,,,
220,gefsatmos,completed,200,5,2020-12-05T18:00:00Z,2020-12-09T18:00:00Z,1240,1240,1240,1240,1240,12.003,6c05101b267661d9c97a02cf7cfa73693259b5acfb85f21441755e2606b3a6a1,batch_smoke_10w_gefsatmos_6c05101b2676,C:/Users/ahmad/Desktop/generalFiles/git/weather_markets/weather_data_extraction/bootstrap/hkg_tmax_elite_codex_bootstrap/hkg_tmax_elite_codex/data/_pipeline_internal/raw/gribstream_tactical_full_tactical_backfill_ok_tmax/gefsatmos/run_window_utc=20201205_180000_to_20201209_180000/6c05101b267661d9c97a02cf7cfa73693259b5acfb85f21441755e2606b3a6a1.ndjson.gz,api_fetched,0,,,
221,gefsatmos,completed,200,5,2020-12-10T18:00:00Z,2020-12-14T18:00:00Z,1240,1240,1240,1240,1240,11.785,8e124f421f30e9dfa4b91d9a9ee92736adf1444244473f1be2e2ae5287c9947b,full_tactical_backfill_ok_tmax_gefsatmos_8e124f421f30,C:/Users/ahmad/Desktop/generalFiles/git/weather_markets/weather_data_extraction/bootstrap/hkg_tmax_elite_codex_bootstrap/hkg_tmax_elite_codex/data/_pipeline_internal/raw/gribstream_tactical_full_tactical_backfill_ok_tmax/gefsatmos/run_window_utc=20201210_180000_to_20201214_180000/8e124f421f30e9dfa4b91d9a9ee92736adf1444244473f1be2e2ae5287c9947b.ndjson.gz,api_fetched,0,,,
222,gefsatmos,completed,200,5,2020-12-15T18:00:00Z,2020-12-19T18:00:00Z,1240,1240,1240,1240,1240,11.278,a43cd6b6269d2f6c4c998ab8b4648f371bd4a39b90343329d419ac6d8700a410,full_tactical_backfill_ok_tmax_gefsatmos_a43cd6b6269d,C:/Users/ahmad/Desktop/generalFiles/git/weather_markets/weather_data_extraction/bootstrap/hkg_tmax_elite_codex_bootstrap/hkg_tmax_elite_codex/data/_pipeline_internal/raw/gribstream_tactical_full_tactical_backfill_ok_tmax/gefsatmos/run_window_utc=20201215_180000_to_20201219_180000/a43cd6b6269d2f6c4c998ab8b4648f371bd4a39b90343329d419ac6d8700a410.ndjson.gz,api_fetched,0,,,
223,gefsatmos,completed,200,5,2020-12-20T18:00:00Z,2020-12-24T18:00:00Z,1240,1240,1240,1240,1240,11.348,458ad6b143952199a63ed0ed9d413df9ecc647a1d22c37397522640d53f6e7e6,full_tactical_backfill_ok_tmax_gefsatmos_458ad6b14395,C:/Users/ahmad/Desktop/generalFiles/git/weather_markets/weather_data_extraction/bootstrap/hkg_tmax_elite_codex_bootstrap/hkg_tmax_elite_codex/data/_pipeline_internal/raw/gribstream_tactical_full_tactical_backfill_ok_tmax/gefsatmos/run_window_utc=20201220_180000_to_20201224_180000/458ad6b143952199a63ed0ed9d413df9ecc647a1d22c37397522640d53f6e7e6.ndjson.gz,api_fetched,0,,,
224,gefsatmos,completed,200,5,2020-12-25T18:00:00Z,2020-12-29T18:00:00Z,1240,1240,1240,1240,1240,11.696,ffb14b1e87fd4e3a66164ff00af55edb46c98c0f3b7b057c57d02baa5b9644a4,full_tactical_backfill_ok_tmax_gefsatmos_ffb14b1e87fd,C:/Users/ahmad/Desktop/generalFiles/git/weather_markets/weather_data_extraction/bootstrap/hkg_tmax_elite_codex_bootstrap/hkg_tmax_elite_codex/data/_pipeline_internal/raw/gribstream_tactical_full_tactical_backfill_ok_tmax/gefsatmos/run_window_utc=20201225_180000_to_20201229_180000/ffb14b1e87fd4e3a66164ff00af55edb46c98c0f3b7b057c57d02baa5b9644a4.ndjson.gz,api_fetched,0,,,
225,gefsatmos,completed,200,5,2020-12-30T18:00:00Z,2021-01-03T18:00:00Z,1240,1240,1240,1240,1240,12.265,dc47e90d1d9425859b609c419b06699389d9d199b44022522dff218e2163d6c8,full_tactical_backfill_ok_tmax_gefsatmos_dc47e90d1d94,C:/Users/ahmad/Desktop/generalFiles/git/weather_markets/weather_data_extraction/bootstrap/hkg_tmax_elite_codex_bootstrap/hkg_tmax_elite_codex/data/_pipeline_internal/raw/gribstream_tactical_full_tactical_backfill_ok_tmax/gefsatmos/run_window_utc=20201230_180000_to_20210103_180000/dc47e90d1d9425859b609c419b06699389d9d199b44022522dff218e2163d6c8.ndjson.gz,api_fetched,0,,,
226,gefsatmos,completed,200,5,2021-01-04T18:00:00Z,2021-01-08T18:00:00Z,1240,1240,1240,1240,1240,10.786,561e0869843f00d6ebd5461be5769842cf3b0a4dc8747d8421f991671b4650e2,full_tactical_backfill_ok_tmax_gefsatmos_561e0869843f,C:/Users/ahmad/Desktop/generalFiles/git/weather_markets/weather_data_extraction/bootstrap/hkg_tmax_elite_codex_bootstrap/hkg_tmax_elite_codex/data/_pipeline_internal/raw/gribstream_tactical_full_tactical_backfill_ok_tmax/gefsatmos/run_window_utc=20210104_180000_to_20210108_180000/561e0869843f00d6ebd5461be5769842cf3b0a4dc8747d8421f991671b4650e2.ndjson.gz,api_fetched,0,,,
227,gefsatmos,completed,200,5,2021-01-09T18:00:00Z,2021-01-13T18:00:00Z,1240,1240,1240,1240,1240,11.816,d24cf27f3310fc4f9842609f23c3c3fa99951fc0ec731543d5785792ec3bcd05,full_tactical_backfill_ok_tmax_gefsatmos_d24cf27f3310,C:/Users/ahmad/Desktop/generalFiles/git/weather_markets/weather_data_extraction/bootstrap/hkg_tmax_elite_codex_bootstrap/hkg_tmax_elite_codex/data/_pipeline_internal/raw/gribstream_tactical_full_tactical_backfill_ok_tmax/gefsatmos/run_window_utc=20210109_180000_to_20210113_180000/d24cf27f3310fc4f9842609f23c3c3fa99951fc0ec731543d5785792ec3bcd05.ndjson.gz,api_fetched,0,,,
228,gefsatmos,completed,200,5,2021-01-14T18:00:00Z,2021-01-18T18:00:00Z,1240,1240,1240,1240,1240,11.217,74d6970580212b8ff0a5704922b85396ba7a0e2917edfe5700dd59f46e4aa802,full_tactical_backfill_ok_tmax_gefsatmos_74d697058021,C:/Users/ahmad/Desktop/generalFiles/git/weather_markets/weather_data_extraction/bootstrap/hkg_tmax_elite_codex_bootstrap/hkg_tmax_elite_codex/data/_pipeline_internal/raw/gribstream_tactical_full_tactical_backfill_ok_tmax/gefsatmos/run_window_utc=20210114_180000_to_20210118_180000/74d6970580212b8ff0a5704922b85396ba7a0e2917edfe5700dd59f46e4aa802.ndjson.gz,api_fetched,0,,,
229,gefsatmos,completed,200,5,2021-01-19T18:00:00Z,2021-01-23T18:00:00Z,1240,1240,1240,1240,1240,12.016,f0673f821940b6089a9c9566ead20c28d0a59b606ffe8c8fbb96fd7352871d5b,full_tactical_backfill_ok_tmax_gefsatmos_f0673f821940,C:/Users/ahmad/Desktop/generalFiles/git/weather_markets/weather_data_extraction/bootstrap/hkg_tmax_elite_codex_bootstrap/hkg_tmax_elite_codex/data/_pipeline_internal/raw/gribstream_tactical_full_tactical_backfill_ok_tmax/gefsatmos/run_window_utc=20210119_180000_to_20210123_180000/f0673f821940b6089a9c9566ead20c28d0a59b606ffe8c8fbb96fd7352871d5b.ndjson.gz,api_fetched,0,,,
230,gefsatmos,completed,200,5,2021-01-24T18:00:00Z,2021-01-28T18:00:00Z,1240,1240,1240,1240,1240,11.608,88420861eae12cdf454c0a9f12f60ab39f206c1b44bbc6e0baa40132cac64b86,full_tactical_backfill_ok_tmax_gefsatmos_88420861eae1,C:/Users/ahmad/Desktop/generalFiles/git/weather_markets/weather_data_extraction/bootstrap/hkg_tmax_elite_codex_bootstrap/hkg_tmax_elite_codex/data/_pipeline_internal/raw/gribstream_tactical_full_tactical_backfill_ok_tmax/gefsatmos/run_window_utc=20210124_180000_to_20210128_180000/88420861eae12cdf454c0a9f12f60ab39f206c1b44bbc6e0baa40132cac64b86.ndjson.gz,api_fetched,0,,,
231,gefsatmos,completed,200,5,2021-01-29T18:00:00Z,2021-02-02T18:00:00Z,1240,1240,1240,1240,1240,13.464,f6eceddf6a8f80a33f1820606d562d6b1975b8e39fbbebb1ba4c75a04491444f,full_tactical_backfill_ok_tmax_gefsatmos_f6eceddf6a8f,C:/Users/ahmad/Desktop/generalFiles/git/weather_markets/weather_data_extraction/bootstrap/hkg_tmax_elite_codex_bootstrap/hkg_tmax_elite_codex/data/_pipeline_internal/raw/gribstream_tactical_full_tactical_backfill_ok_tmax/gefsatmos/run_window_utc=20210129_180000_to_20210202_180000/f6eceddf6a8f80a33f1820606d562d6b1975b8e39fbbebb1ba4c75a04491444f.ndjson.gz,api_fetched,0,,,
232,gefsatmos,completed,200,5,2021-02-03T18:00:00Z,2021-02-07T18:00:00Z,1240,1240,1240,1240,1240,9.553,74161259f8fb302461543f9b6391d39344e8aefbdc2621e2ed0ae0cb5a92a3be,full_tactical_backfill_ok_tmax_gefsatmos_74161259f8fb,C:/Users/ahmad/Desktop/generalFiles/git/weather_markets/weather_data_extraction/bootstrap/hkg_tmax_elite_codex_bootstrap/hkg_tmax_elite_codex/data/_pipeline_internal/raw/gribstream_tactical_full_tactical_backfill_ok_tmax/gefsatmos/run_window_utc=20210203_180000_to_20210207_180000/74161259f8fb302461543f9b6391d39344e8aefbdc2621e2ed0ae0cb5a92a3be.ndjson.gz,api_fetched,0,,,
233,gefsatmos,completed,200,5,2021-02-08T18:00:00Z,2021-02-12T18:00:00Z,1240,1240,1240,1240,1240,11.527,31151d1052232e79d2dea9e1d99bac5b1e74bf3eb7fcda551461f2757f162512,full_tactical_backfill_ok_tmax_gefsatmos_31151d105223,C:/Users/ahmad/Desktop/generalFiles/git/weather_markets/weather_data_extraction/bootstrap/hkg_tmax_elite_codex_bootstrap/hkg_tmax_elite_codex/data/_pipeline_internal/raw/gribstream_tactical_full_tactical_backfill_ok_tmax/gefsatmos/run_window_utc=20210208_180000_to_20210212_180000/31151d1052232e79d2dea9e1d99bac5b1e74bf3eb7fcda551461f2757f162512.ndjson.gz,api_fetched,0,,,
234,gefsatmos,completed,200,5,2021-02-13T18:00:00Z,2021-02-17T18:00:00Z,1240,1240,1240,1240,1240,11.71,c0c5bee04f03af24cc21523d65ad96c1298e63f51346ef43e52ba0701b2b42f5,full_tactical_backfill_ok_tmax_gefsatmos_c0c5bee04f03,C:/Users/ahmad/Desktop/generalFiles/git/weather_markets/weather_data_extraction/bootstrap/hkg_tmax_elite_codex_bootstrap/hkg_tmax_elite_codex/data/_pipeline_internal/raw/gribstream_tactical_full_tactical_backfill_ok_tmax/gefsatmos/run_window_utc=20210213_180000_to_20210217_180000/c0c5bee04f03af24cc21523d65ad96c1298e63f51346ef43e52ba0701b2b42f5.ndjson.gz,api_fetched,0,,,
235,gefsatmos,completed,200,5,2021-02-18T18:00:00Z,2021-02-22T18:00:00Z,1240,1240,1240,1240,1240,11.639,dede67ea6e2c07065b8a3d9803c21815b65500cae338ae56a985e3f37c12911c,full_tactical_backfill_ok_tmax_gefsatmos_dede67ea6e2c,C:/Users/ahmad/Desktop/generalFiles/git/weather_markets/weather_data_extraction/bootstrap/hkg_tmax_elite_codex_bootstrap/hkg_tmax_elite_codex/data/_pipeline_internal/raw/gribstream_tactical_full_tactical_backfill_ok_tmax/gefsatmos/run_window_utc=20210218_180000_to_20210222_180000/dede67ea6e2c07065b8a3d9803c21815b65500cae338ae56a985e3f37c12911c.ndjson.gz,api_fetched,0,,,
236,gefsatmos,completed,200,5,2021-02-23T18:00:00Z,2021-02-27T18:00:00Z,1240,1240,1240,1240,1240,11.744,344e905810cb3becb4fe63363a79ad0d414ca55eb9471845ef7a53ed477f314e,full_tactical_backfill_ok_tmax_gefsatmos_344e905810cb,C:/Users/ahmad/Desktop/generalFiles/git/weather_markets/weather_data_extraction/bootstrap/hkg_tmax_elite_codex_bootstrap/hkg_tmax_elite_codex/data/_pipeline_internal/raw/gribstream_tactical_full_tactical_backfill_ok_tmax/gefsatmos/run_window_utc=20210223_180000_to_20210227_180000/344e905810cb3becb4fe63363a79ad0d414ca55eb9471845ef7a53ed477f314e.ndjson.gz,api_fetched,0,,,
237,gefsatmos,completed,200,5,2021-02-28T18:00:00Z,2021-03-04T18:00:00Z,1240,1240,1240,1240,1240,11.813,d29ecd6c22ddec4aa21a95aa14e2709d4ea4a8d12033c7a06dc35126d5ad2a3c,full_tactical_backfill_ok_tmax_gefsatmos_d29ecd6c22dd,C:/Users/ahmad/Desktop/generalFiles/git/weather_markets/weather_data_extraction/bootstrap/hkg_tmax_elite_codex_bootstrap/hkg_tmax_elite_codex/data/_pipeline_internal/raw/gribstream_tactical_full_tactical_backfill_ok_tmax/gefsatmos/run_window_utc=20210228_180000_to_20210304_180000/d29ecd6c22ddec4aa21a95aa14e2709d4ea4a8d12033c7a06dc35126d5ad2a3c.ndjson.gz,api_fetched,0,,,
238,gefsatmos,completed,200,5,2021-03-05T18:00:00Z,2021-03-09T18:00:00Z,1240,1240,1240,1240,1240,11.25,c4cca597a7549a1dd3fd2d978d66ad670dc0b4fa2ae15876ca8eeed9ac48b120,full_tactical_backfill_ok_tmax_gefsatmos_c4cca597a754,C:/Users/ahmad/Desktop/generalFiles/git/weather_markets/weather_data_extraction/bootstrap/hkg_tmax_elite_codex_bootstrap/hkg_tmax_elite_codex/data/_pipeline_internal/raw/gribstream_tactical_full_tactical_backfill_ok_tmax/gefsatmos/run_window_utc=20210305_180000_to_20210309_180000/c4cca597a7549a1dd3fd2d978d66ad670dc0b4fa2ae15876ca8eeed9ac48b120.ndjson.gz,api_fetched,0,,,
239,gefsatmos,completed,200,5,2021-03-10T18:00:00Z,2021-03-14T18:00:00Z,1240,1240,1240,1240,1240,11.721,bd3e67e52f0fe1a252ae6a21063e09058cae0434e0cacd8a4842505b9febfbe7,full_tactical_backfill_ok_tmax_gefsatmos_bd3e67e52f0f,C:/Users/ahmad/Desktop/generalFiles/git/weather_markets/weather_data_extraction/bootstrap/hkg_tmax_elite_codex_bootstrap/hkg_tmax_elite_codex/data/_pipeline_internal/raw/gribstream_tactical_full_tactical_backfill_ok_tmax/gefsatmos/run_window_utc=20210310_180000_to_20210314_180000/bd3e67e52f0fe1a252ae6a21063e09058cae0434e0cacd8a4842505b9febfbe7.ndjson.gz,api_fetched,0,,,
240,gefsatmos,completed,200,5,2021-03-15T18:00:00Z,2021-03-19T18:00:00Z,1240,1240,1240,1240,1240,11.903,50fb3190a6eb857b5a7d6fc988ec4fdcad5770e5fb70449dcff469a3ed22883c,full_tactical_backfill_ok_tmax_gefsatmos_50fb3190a6eb,C:/Users/ahmad/Desktop/generalFiles/git/weather_markets/weather_data_extraction/bootstrap/hkg_tmax_elite_codex_bootstrap/hkg_tmax_elite_codex/data/_pipeline_internal/raw/gribstream_tactical_full_tactical_backfill_ok_tmax/gefsatmos/run_window_utc=20210315_180000_to_20210319_180000/50fb3190a6eb857b5a7d6fc988ec4fdcad5770e5fb70449dcff469a3ed22883c.ndjson.gz,api_fetched,0,,,
241,gefsatmos,completed,200,5,2021-03-20T18:00:00Z,2021-03-24T18:00:00Z,1240,1240,1240,1240,1240,11.35,ccc2175cd4fc15b27fa31521a65399aee71c39fcc05d94f39a92e486b0aeef10,full_tactical_backfill_ok_tmax_gefsatmos_ccc2175cd4fc,C:/Users/ahmad/Desktop/generalFiles/git/weather_markets/weather_data_extraction/bootstrap/hkg_tmax_elite_codex_bootstrap/hkg_tmax_elite_codex/data/_pipeline_internal/raw/gribstream_tactical_full_tactical_backfill_ok_tmax/gefsatmos/run_window_utc=20210320_180000_to_20210324_180000/ccc2175cd4fc15b27fa31521a65399aee71c39fcc05d94f39a92e486b0aeef10.ndjson.gz,api_fetched,0,,,
242,gefsatmos,completed,200,5,2021-03-25T18:00:00Z,2021-03-29T18:00:00Z,1240,1240,1240,1240,1240,11.629,00bc1da24efb7467fa6a612889feb42fd37e5bd8e881e42c99b9878204eac155,full_tactical_backfill_ok_tmax_gefsatmos_00bc1da24efb,C:/Users/ahmad/Desktop/generalFiles/git/weather_markets/weather_data_extraction/bootstrap/hkg_tmax_elite_codex_bootstrap/hkg_tmax_elite_codex/data/_pipeline_internal/raw/gribstream_tactical_full_tactical_backfill_ok_tmax/gefsatmos/run_window_utc=20210325_180000_to_20210329_180000/00bc1da24efb7467fa6a612889feb42fd37e5bd8e881e42c99b9878204eac155.ndjson.gz,api_fetched,0,,,
243,gefsatmos,completed,200,5,2021-03-30T18:00:00Z,2021-04-03T18:00:00Z,1240,1240,1240,1240,1240,11.738,15029598fbc7fc567e8758c175c4975bec52d49d3a95c958dc64aeafcfb51884,full_tactical_backfill_ok_tmax_gefsatmos_15029598fbc7,C:/Users/ahmad/Desktop/generalFiles/git/weather_markets/weather_data_extraction/bootstrap/hkg_tmax_elite_codex_bootstrap/hkg_tmax_elite_codex/data/_pipeline_internal/raw/gribstream_tactical_full_tactical_backfill_ok_tmax/gefsatmos/run_window_utc=20210330_180000_to_20210403_180000/15029598fbc7fc567e8758c175c4975bec52d49d3a95c958dc64aeafcfb51884.ndjson.gz,api_fetched,0,,,
244,gefsatmos,completed,200,5,2021-04-04T18:00:00Z,2021-04-08T18:00:00Z,1240,1240,1240,1240,1240,11.156,84070cf6737c6b3b95ff0df41f6a6414d675e0b54113e6a275b10ee024099464,full_tactical_backfill_ok_tmax_gefsatmos_84070cf6737c,C:/Users/ahmad/Desktop/generalFiles/git/weather_markets/weather_data_extraction/bootstrap/hkg_tmax_elite_codex_bootstrap/hkg_tmax_elite_codex/data/_pipeline_internal/raw/gribstream_tactical_full_tactical_backfill_ok_tmax/gefsatmos/run_window_utc=20210404_180000_to_20210408_180000/84070cf6737c6b3b95ff0df41f6a6414d675e0b54113e6a275b10ee024099464.ndjson.gz,api_fetched,0,,,
245,gefsatmos,completed,200,5,2021-04-09T18:00:00Z,2021-04-13T18:00:00Z,1240,1240,1240,1240,1240,12.071,20f4f0ac62113593710481dafc5abc4aa68d2b0d9589852ee5d763f44f7d7f64,full_tactical_backfill_ok_tmax_gefsatmos_20f4f0ac6211,C:/Users/ahmad/Desktop/generalFiles/git/weather_markets/weather_data_extraction/bootstrap/hkg_tmax_elite_codex_bootstrap/hkg_tmax_elite_codex/data/_pipeline_internal/raw/gribstream_tactical_full_tactical_backfill_ok_tmax/gefsatmos/run_window_utc=20210409_180000_to_20210413_180000/20f4f0ac62113593710481dafc5abc4aa68d2b0d9589852ee5d763f44f7d7f64.ndjson.gz,api_fetched,0,,,
246,gefsatmos,completed,200,5,2021-04-14T18:00:00Z,2021-04-18T18:00:00Z,1240,1240,1240,1240,1240,11.093,05f46d46eedddac2d803918dc79d4b213d507ddbd8196cfec1457c49ad18acc5,full_tactical_backfill_ok_tmax_gefsatmos_05f46d46eedd,C:/Users/ahmad/Desktop/generalFiles/git/weather_markets/weather_data_extraction/bootstrap/hkg_tmax_elite_codex_bootstrap/hkg_tmax_elite_codex/data/_pipeline_internal/raw/gribstream_tactical_full_tactical_backfill_ok_tmax/gefsatmos/run_window_utc=20210414_180000_to_20210418_180000/05f46d46eedddac2d803918dc79d4b213d507ddbd8196cfec1457c49ad18acc5.ndjson.gz,api_fetched,0,,,
247,gefsatmos,completed,200,5,2021-04-19T18:00:00Z,2021-04-23T18:00:00Z,1240,1240,1240,1240,1240,12.09,c6ce995fce3e803ae93f74da871c3ec3cd08f982c0ec05994e04cfd62de0013f,full_tactical_backfill_ok_tmax_gefsatmos_c6ce995fce3e,C:/Users/ahmad/Desktop/generalFiles/git/weather_markets/weather_data_extraction/bootstrap/hkg_tmax_elite_codex_bootstrap/hkg_tmax_elite_codex/data/_pipeline_internal/raw/gribstream_tactical_full_tactical_backfill_ok_tmax/gefsatmos/run_window_utc=20210419_180000_to_20210423_180000/c6ce995fce3e803ae93f74da871c3ec3cd08f982c0ec05994e04cfd62de0013f.ndjson.gz,api_fetched,0,,,
248,gefsatmos,completed,200,5,2021-04-24T18:00:00Z,2021-04-28T18:00:00Z,1240,1240,1240,1240,1240,11.172,0e9be7a99fdc4abc0c09e79824783eb14cf63fbbbbad1596dbc0a5971253228b,full_tactical_backfill_ok_tmax_gefsatmos_0e9be7a99fdc,C:/Users/ahmad/Desktop/generalFiles/git/weather_markets/weather_data_extraction/bootstrap/hkg_tmax_elite_codex_bootstrap/hkg_tmax_elite_codex/data/_pipeline_internal/raw/gribstream_tactical_full_tactical_backfill_ok_tmax/gefsatmos/run_window_utc=20210424_180000_to_20210428_180000/0e9be7a99fdc4abc0c09e79824783eb14cf63fbbbbad1596dbc0a5971253228b.ndjson.gz,api_fetched,0,,,
249,gefsatmos,completed,200,5,2021-04-29T18:00:00Z,2021-05-03T18:00:00Z,1240,1240,1240,1240,1240,11.947,ef6060df62029eba3a66ba351b022630965f4f14268ab353df8a17277d9152f6,full_tactical_backfill_ok_tmax_gefsatmos_ef6060df6202,C:/Users/ahmad/Desktop/generalFiles/git/weather_markets/weather_data_extraction/bootstrap/hkg_tmax_elite_codex_bootstrap/hkg_tmax_elite_codex/data/_pipeline_internal/raw/gribstream_tactical_full_tactical_backfill_ok_tmax/gefsatmos/run_window_utc=20210429_180000_to_20210503_180000/ef6060df62029eba3a66ba351b022630965f4f14268ab353df8a17277d9152f6.ndjson.gz,api_fetched,0,,,
250,gefsatmos,completed,200,5,2021-05-04T18:00:00Z,2021-05-08T18:00:00Z,1240,1240,1240,1240,1240,11.412,204644670af1a43070d7b1abd3ffd78c0df65f07b125aecb05edaad7aacb71c0,full_tactical_backfill_ok_tmax_gefsatmos_204644670af1,C:/Users/ahmad/Desktop/generalFiles/git/weather_markets/weather_data_extraction/bootstrap/hkg_tmax_elite_codex_bootstrap/hkg_tmax_elite_codex/data/_pipeline_internal/raw/gribstream_tactical_full_tactical_backfill_ok_tmax/gefsatmos/run_window_utc=20210504_180000_to_20210508_180000/204644670af1a43070d7b1abd3ffd78c0df65f07b125aecb05edaad7aacb71c0.ndjson.gz,api_fetched,0,,,
251,gefsatmos,completed,200,5,2021-05-09T18:00:00Z,2021-05-13T18:00:00Z,1240,1240,1240,1240,1240,12.241,689026d7eb16f66a64875c742ce4d1f371eeb24ca220a3194d4ed394fb04ae41,full_tactical_backfill_ok_tmax_gefsatmos_689026d7eb16,C:/Users/ahmad/Desktop/generalFiles/git/weather_markets/weather_data_extraction/bootstrap/hkg_tmax_elite_codex_bootstrap/hkg_tmax_elite_codex/data/_pipeline_internal/raw/gribstream_tactical_full_tactical_backfill_ok_tmax/gefsatmos/run_window_utc=20210509_180000_to_20210513_180000/689026d7eb16f66a64875c742ce4d1f371eeb24ca220a3194d4ed394fb04ae41.ndjson.gz,api_fetched,0,,,
252,gefsatmos,completed,200,5,2021-05-14T18:00:00Z,2021-05-18T18:00:00Z,1240,1240,1240,1240,1240,11.124,66e1c527c915a894a70a2dfd24ab67aa081e7efe686d511e077904bbcb66ce98,full_tactical_backfill_ok_tmax_gefsatmos_66e1c527c915,C:/Users/ahmad/Desktop/generalFiles/git/weather_markets/weather_data_extraction/bootstrap/hkg_tmax_elite_codex_bootstrap/hkg_tmax_elite_codex/data/_pipeline_internal/raw/gribstream_tactical_full_tactical_backfill_ok_tmax/gefsatmos/run_window_utc=20210514_180000_to_20210518_180000/66e1c527c915a894a70a2dfd24ab67aa081e7efe686d511e077904bbcb66ce98.ndjson.gz,api_fetched,0,,,
253,gefsatmos,completed,200,5,2021-05-19T18:00:00Z,2021-05-23T18:00:00Z,1240,1240,1240,1240,1240,11.798,9619855e04e8c0f6408a1e6c4a412b6680fb6ab00c37b50a5c70c751dd7ed695,full_tactical_backfill_ok_tmax_gefsatmos_9619855e04e8,C:/Users/ahmad/Desktop/generalFiles/git/weather_markets/weather_data_extraction/bootstrap/hkg_tmax_elite_codex_bootstrap/hkg_tmax_elite_codex/data/_pipeline_internal/raw/gribstream_tactical_full_tactical_backfill_ok_tmax/gefsatmos/run_window_utc=20210519_180000_to_20210523_180000/9619855e04e8c0f6408a1e6c4a412b6680fb6ab00c37b50a5c70c751dd7ed695.ndjson.gz,api_fetched,0,,,
254,gefsatmos,completed,200,5,2021-05-24T18:00:00Z,2021-05-28T18:00:00Z,1240,1240,1240,1240,1240,11.137,655e7f64e490178db8b70c283ea2ba49a6a6019256665b1243b0e364b20e22ca,full_tactical_backfill_ok_tmax_gefsatmos_655e7f64e490,C:/Users/ahmad/Desktop/generalFiles/git/weather_markets/weather_data_extraction/bootstrap/hkg_tmax_elite_codex_bootstrap/hkg_tmax_elite_codex/data/_pipeline_internal/raw/gribstream_tactical_full_tactical_backfill_ok_tmax/gefsatmos/run_window_utc=20210524_180000_to_20210528_180000/655e7f64e490178db8b70c283ea2ba49a6a6019256665b1243b0e364b20e22ca.ndjson.gz,api_fetched,0,,,
255,gefsatmos,completed,200,5,2021-05-29T18:00:00Z,2021-06-02T18:00:00Z,1240,1240,1240,1240,1240,11.87,2acb01086bff75686b45a0130a075b50c26029decfd4a0c301e3564ecbd009bb,full_tactical_backfill_ok_tmax_gefsatmos_2acb01086bff,C:/Users/ahmad/Desktop/generalFiles/git/weather_markets/weather_data_extraction/bootstrap/hkg_tmax_elite_codex_bootstrap/hkg_tmax_elite_codex/data/_pipeline_internal/raw/gribstream_tactical_full_tactical_backfill_ok_tmax/gefsatmos/run_window_utc=20210529_180000_to_20210602_180000/2acb01086bff75686b45a0130a075b50c26029decfd4a0c301e3564ecbd009bb.ndjson.gz,api_fetched,0,,,
256,gefsatmos,completed,200,5,2021-06-03T18:00:00Z,2021-06-07T18:00:00Z,1240,1240,1240,1240,1240,11.649,2bc205ffbaa0d392b034ea45abaf8cb78894a1badef93c762e3f79ce543dbf68,full_tactical_backfill_ok_tmax_gefsatmos_2bc205ffbaa0,C:/Users/ahmad/Desktop/generalFiles/git/weather_markets/weather_data_extraction/bootstrap/hkg_tmax_elite_codex_bootstrap/hkg_tmax_elite_codex/data/_pipeline_internal/raw/gribstream_tactical_full_tactical_backfill_ok_tmax/gefsatmos/run_window_utc=20210603_180000_to_20210607_180000/2bc205ffbaa0d392b034ea45abaf8cb78894a1badef93c762e3f79ce543dbf68.ndjson.gz,api_fetched,0,,,
257,gefsatmos,completed,200,5,2021-06-08T18:00:00Z,2021-06-12T18:00:00Z,1240,1240,1240,1240,1240,11.831,8c8f2f9a0bfe5383a0ca1c5c5d115831c1ab371eef61cd6926f6991158ff7d15,full_tactical_backfill_ok_tmax_gefsatmos_8c8f2f9a0bfe,C:/Users/ahmad/Desktop/generalFiles/git/weather_markets/weather_data_extraction/bootstrap/hkg_tmax_elite_codex_bootstrap/hkg_tmax_elite_codex/data/_pipeline_internal/raw/gribstream_tactical_full_tactical_backfill_ok_tmax/gefsatmos/run_window_utc=20210608_180000_to_20210612_180000/8c8f2f9a0bfe5383a0ca1c5c5d115831c1ab371eef61cd6926f6991158ff7d15.ndjson.gz,api_fetched,0,,,
258,gefsatmos,completed,200,5,2021-06-13T18:00:00Z,2021-06-17T18:00:00Z,1240,1240,1240,1240,1240,10.977,a612f3c76ca2797b6960769f254eed493b90413cd569d942d0dca74fe7c5704a,full_tactical_backfill_ok_tmax_gefsatmos_a612f3c76ca2,C:/Users/ahmad/Desktop/generalFiles/git/weather_markets/weather_data_extraction/bootstrap/hkg_tmax_elite_codex_bootstrap/hkg_tmax_elite_codex/data/_pipeline_internal/raw/gribstream_tactical_full_tactical_backfill_ok_tmax/gefsatmos/run_window_utc=20210613_180000_to_20210617_180000/a612f3c76ca2797b6960769f254eed493b90413cd569d942d0dca74fe7c5704a.ndjson.gz,api_fetched,0,,,
259,gefsatmos,completed,200,5,2021-06-18T18:00:00Z,2021-06-22T18:00:00Z,1240,1240,1240,1240,1240,12.123,49db97f2ab48a8a0f8651fbf5e9b83f253dec5ca69febcad5047356ceca4845f,full_tactical_backfill_ok_tmax_gefsatmos_49db97f2ab48,C:/Users/ahmad/Desktop/generalFiles/git/weather_markets/weather_data_extraction/bootstrap/hkg_tmax_elite_codex_bootstrap/hkg_tmax_elite_codex/data/_pipeline_internal/raw/gribstream_tactical_full_tactical_backfill_ok_tmax/gefsatmos/run_window_utc=20210618_180000_to_20210622_180000/49db97f2ab48a8a0f8651fbf5e9b83f253dec5ca69febcad5047356ceca4845f.ndjson.gz,api_fetched,0,,,
260,gefsatmos,completed,200,5,2021-06-23T18:00:00Z,2021-06-27T18:00:00Z,1240,1240,1240,1240,1240,10.981,2629b65a0bad64420ee42258e4f0b7be4299bb4d60bc627bfd644c868078a6f9,full_tactical_backfill_ok_tmax_gefsatmos_2629b65a0bad,C:/Users/ahmad/Desktop/generalFiles/git/weather_markets/weather_data_extraction/bootstrap/hkg_tmax_elite_codex_bootstrap/hkg_tmax_elite_codex/data/_pipeline_internal/raw/gribstream_tactical_full_tactical_backfill_ok_tmax/gefsatmos/run_window_utc=20210623_180000_to_20210627_180000/2629b65a0bad64420ee42258e4f0b7be4299bb4d60bc627bfd644c868078a6f9.ndjson.gz,api_fetched,0,,,
261,gefsatmos,completed,200,5,2021-06-28T18:00:00Z,2021-07-02T18:00:00Z,1240,1240,1240,1240,1240,11.47,1c1a6f4a13e69f4f7b8aa4ee37b9f1ddff2b6d4623ba13c801f74573e7e764e6,full_tactical_backfill_ok_tmax_gefsatmos_1c1a6f4a13e6,C:/Users/ahmad/Desktop/generalFiles/git/weather_markets/weather_data_extraction/bootstrap/hkg_tmax_elite_codex_bootstrap/hkg_tmax_elite_codex/data/_pipeline_internal/raw/gribstream_tactical_full_tactical_backfill_ok_tmax/gefsatmos/run_window_utc=20210628_180000_to_20210702_180000/1c1a6f4a13e69f4f7b8aa4ee37b9f1ddff2b6d4623ba13c801f74573e7e764e6.ndjson.gz,api_fetched,0,,,
262,gefsatmos,completed,200,5,2021-07-03T18:00:00Z,2021-07-07T18:00:00Z,1240,1240,1240,1240,1240,11.615,2e694871f6d21cb8ae01571ce08598fab7440601a6eb179d54da193c477d1e8c,full_tactical_backfill_ok_tmax_gefsatmos_2e694871f6d2,C:/Users/ahmad/Desktop/generalFiles/git/weather_markets/weather_data_extraction/bootstrap/hkg_tmax_elite_codex_bootstrap/hkg_tmax_elite_codex/data/_pipeline_internal/raw/gribstream_tactical_full_tactical_backfill_ok_tmax/gefsatmos/run_window_utc=20210703_180000_to_20210707_180000/2e694871f6d21cb8ae01571ce08598fab7440601a6eb179d54da193c477d1e8c.ndjson.gz,api_fetched,0,,,
263,gefsatmos,completed,200,5,2021-07-08T18:00:00Z,2021-07-12T18:00:00Z,1240,1240,1240,1240,1240,10.909,f3846bce14daf3125cd5c41bd06b390a1da2262b0177a0a8f5e37bf370a31d7b,full_tactical_backfill_ok_tmax_gefsatmos_f3846bce14da,C:/Users/ahmad/Desktop/generalFiles/git/weather_markets/weather_data_extraction/bootstrap/hkg_tmax_elite_codex_bootstrap/hkg_tmax_elite_codex/data/_pipeline_internal/raw/gribstream_tactical_full_tactical_backfill_ok_tmax/gefsatmos/run_window_utc=20210708_180000_to_20210712_180000/f3846bce14daf3125cd5c41bd06b390a1da2262b0177a0a8f5e37bf370a31d7b.ndjson.gz,api_fetched,0,,,
264,gefsatmos,completed,200,5,2021-07-13T18:00:00Z,2021-07-17T18:00:00Z,1240,1240,1240,1240,1240,12.008,9bfb691dce7fa741b6221f445fb91ddc9adabc81d77aee1b777aef63267b6379,full_tactical_backfill_ok_tmax_gefsatmos_9bfb691dce7f,C:/Users/ahmad/Desktop/generalFiles/git/weather_markets/weather_data_extraction/bootstrap/hkg_tmax_elite_codex_bootstrap/hkg_tmax_elite_codex/data/_pipeline_internal/raw/gribstream_tactical_full_tactical_backfill_ok_tmax/gefsatmos/run_window_utc=20210713_180000_to_20210717_180000/9bfb691dce7fa741b6221f445fb91ddc9adabc81d77aee1b777aef63267b6379.ndjson.gz,api_fetched,0,,,
265,gefsatmos,completed,200,5,2021-07-18T18:00:00Z,2021-07-22T18:00:00Z,1240,1240,1240,1240,1240,10.793,85c157394ef48d203aa8ce2d6c10557f99139a8ab1144abdde71c0b9d4cc8219,full_tactical_backfill_ok_tmax_gefsatmos_85c157394ef4,C:/Users/ahmad/Desktop/generalFiles/git/weather_markets/weather_data_extraction/bootstrap/hkg_tmax_elite_codex_bootstrap/hkg_tmax_elite_codex/data/_pipeline_internal/raw/gribstream_tactical_full_tactical_backfill_ok_tmax/gefsatmos/run_window_utc=20210718_180000_to_20210722_180000/85c157394ef48d203aa8ce2d6c10557f99139a8ab1144abdde71c0b9d4cc8219.ndjson.gz,api_fetched,0,,,
266,gefsatmos,completed,200,5,2021-07-23T18:00:00Z,2021-07-27T18:00:00Z,1240,1240,1240,1240,1240,11.401,ea5cab25be635abcef645e2b609a85fd353c1154c59b4331f36951b1894614f2,full_tactical_backfill_ok_tmax_gefsatmos_ea5cab25be63,C:/Users/ahmad/Desktop/generalFiles/git/weather_markets/weather_data_extraction/bootstrap/hkg_tmax_elite_codex_bootstrap/hkg_tmax_elite_codex/data/_pipeline_internal/raw/gribstream_tactical_full_tactical_backfill_ok_tmax/gefsatmos/run_window_utc=20210723_180000_to_20210727_180000/ea5cab25be635abcef645e2b609a85fd353c1154c59b4331f36951b1894614f2.ndjson.gz,api_fetched,0,,,
267,gefsatmos,completed,200,5,2021-07-28T18:00:00Z,2021-08-01T18:00:00Z,1240,1240,1240,1240,1240,11.428,79d13877d131ed954913e5b42e11158641406fd302ccc0cab91799b300c12b94,full_tactical_backfill_ok_tmax_gefsatmos_79d13877d131,C:/Users/ahmad/Desktop/generalFiles/git/weather_markets/weather_data_extraction/bootstrap/hkg_tmax_elite_codex_bootstrap/hkg_tmax_elite_codex/data/_pipeline_internal/raw/gribstream_tactical_full_tactical_backfill_ok_tmax/gefsatmos/run_window_utc=20210728_180000_to_20210801_180000/79d13877d131ed954913e5b42e11158641406fd302ccc0cab91799b300c12b94.ndjson.gz,api_fetched,0,,,
268,gefsatmos,completed,200,5,2021-08-02T18:00:00Z,2021-08-06T18:00:00Z,1240,1240,1240,1240,1240,11.192,d1bfe6929e59e65fb1628ebb7f1129aa3f54c29350b682088606abc70075cf53,full_tactical_backfill_ok_tmax_gefsatmos_d1bfe6929e59,C:/Users/ahmad/Desktop/generalFiles/git/weather_markets/weather_data_extraction/bootstrap/hkg_tmax_elite_codex_bootstrap/hkg_tmax_elite_codex/data/_pipeline_internal/raw/gribstream_tactical_full_tactical_backfill_ok_tmax/gefsatmos/run_window_utc=20210802_180000_to_20210806_180000/d1bfe6929e59e65fb1628ebb7f1129aa3f54c29350b682088606abc70075cf53.ndjson.gz,api_fetched,0,,,
269,gefsatmos,completed,200,5,2021-08-07T18:00:00Z,2021-08-11T18:00:00Z,1240,1240,1240,1240,1240,10.908,ab7f6e2cc5bf4ee8c4b4ecd15ab5e1036d8ab5e21fa6dc73a455343ca850959c,full_tactical_backfill_ok_tmax_gefsatmos_ab7f6e2cc5bf,C:/Users/ahmad/Desktop/generalFiles/git/weather_markets/weather_data_extraction/bootstrap/hkg_tmax_elite_codex_bootstrap/hkg_tmax_elite_codex/data/_pipeline_internal/raw/gribstream_tactical_full_tactical_backfill_ok_tmax/gefsatmos/run_window_utc=20210807_180000_to_20210811_180000/ab7f6e2cc5bf4ee8c4b4ecd15ab5e1036d8ab5e21fa6dc73a455343ca850959c.ndjson.gz,api_fetched,0,,,
270,gefsatmos,completed,200,5,2021-08-12T18:00:00Z,2021-08-16T18:00:00Z,1240,1240,1240,1240,1240,11.41,4150bdff34158332c32181e09a71f3965e11d8a7dca80eb78d44d32d34de8d8d,full_tactical_backfill_ok_tmax_gefsatmos_4150bdff3415,C:/Users/ahmad/Desktop/generalFiles/git/weather_markets/weather_data_extraction/bootstrap/hkg_tmax_elite_codex_bootstrap/hkg_tmax_elite_codex/data/_pipeline_internal/raw/gribstream_tactical_full_tactical_backfill_ok_tmax/gefsatmos/run_window_utc=20210812_180000_to_20210816_180000/4150bdff34158332c32181e09a71f3965e11d8a7dca80eb78d44d32d34de8d8d.ndjson.gz,api_fetched,0,,,
271,gefsatmos,completed,200,5,2021-08-17T18:00:00Z,2021-08-21T18:00:00Z,1240,1240,1240,1240,1240,11.188,dd2e88d58e5d115151c901968653b92480b1fc11ab6f89191e0e00d9556e4714,full_tactical_backfill_ok_tmax_gefsatmos_dd2e88d58e5d,C:/Users/ahmad/Desktop/generalFiles/git/weather_markets/weather_data_extraction/bootstrap/hkg_tmax_elite_codex_bootstrap/hkg_tmax_elite_codex/data/_pipeline_internal/raw/gribstream_tactical_full_tactical_backfill_ok_tmax/gefsatmos/run_window_utc=20210817_180000_to_20210821_180000/dd2e88d58e5d115151c901968653b92480b1fc11ab6f89191e0e00d9556e4714.ndjson.gz,api_fetched,0,,,
272,gefsatmos,completed,200,5,2021-08-22T18:00:00Z,2021-08-26T18:00:00Z,1240,1240,1240,1240,1240,11.618,4e14481c3efb63218f7ca8a017e3e7a64130766a1436c9d40f66c50bdc807469,full_tactical_backfill_ok_tmax_gefsatmos_4e14481c3efb,C:/Users/ahmad/Desktop/generalFiles/git/weather_markets/weather_data_extraction/bootstrap/hkg_tmax_elite_codex_bootstrap/hkg_tmax_elite_codex/data/_pipeline_internal/raw/gribstream_tactical_full_tactical_backfill_ok_tmax/gefsatmos/run_window_utc=20210822_180000_to_20210826_180000/4e14481c3efb63218f7ca8a017e3e7a64130766a1436c9d40f66c50bdc807469.ndjson.gz,api_fetched,0,,,
273,gefsatmos,completed,200,5,2021-08-27T18:00:00Z,2021-08-31T18:00:00Z,1240,1240,1240,1240,1240,11.85,a15ca1e8d12baf9ac2fdff59b5dbfbd0511ea34e6381b596917778e8da8c8180,full_tactical_backfill_ok_tmax_gefsatmos_a15ca1e8d12b,C:/Users/ahmad/Desktop/generalFiles/git/weather_markets/weather_data_extraction/bootstrap/hkg_tmax_elite_codex_bootstrap/hkg_tmax_elite_codex/data/_pipeline_internal/raw/gribstream_tactical_full_tactical_backfill_ok_tmax/gefsatmos/run_window_utc=20210827_180000_to_20210831_180000/a15ca1e8d12baf9ac2fdff59b5dbfbd0511ea34e6381b596917778e8da8c8180.ndjson.gz,api_fetched,0,,,
274,gefsatmos,completed,200,5,2021-09-01T18:00:00Z,2021-09-05T18:00:00Z,1240,1240,1240,1240,1240,11.116,4034cfe87b421bfa8ad96f04f95deb724256503e63c6c06629d90df7ab459883,full_tactical_backfill_ok_tmax_gefsatmos_4034cfe87b42,C:/Users/ahmad/Desktop/generalFiles/git/weather_markets/weather_data_extraction/bootstrap/hkg_tmax_elite_codex_bootstrap/hkg_tmax_elite_codex/data/_pipeline_internal/raw/gribstream_tactical_full_tactical_backfill_ok_tmax/gefsatmos/run_window_utc=20210901_180000_to_20210905_180000/4034cfe87b421bfa8ad96f04f95deb724256503e63c6c06629d90df7ab459883.ndjson.gz,api_fetched,0,,,
275,gefsatmos,completed,200,5,2021-09-06T18:00:00Z,2021-09-10T18:00:00Z,1240,1240,1240,1240,1240,11.413,c366421c5bd3377062aeab6c65b5348fcb4f05cf0d22dc5bffe58f8770960460,full_tactical_backfill_ok_tmax_gefsatmos_c366421c5bd3,C:/Users/ahmad/Desktop/generalFiles/git/weather_markets/weather_data_extraction/bootstrap/hkg_tmax_elite_codex_bootstrap/hkg_tmax_elite_codex/data/_pipeline_internal/raw/gribstream_tactical_full_tactical_backfill_ok_tmax/gefsatmos/run_window_utc=20210906_180000_to_20210910_180000/c366421c5bd3377062aeab6c65b5348fcb4f05cf0d22dc5bffe58f8770960460.ndjson.gz,api_fetched,0,,,
276,gefsatmos,completed,200,5,2021-09-11T18:00:00Z,2021-09-15T18:00:00Z,1240,1240,1240,1240,1240,11.788,ddab7300d9643534e98e163fde1246d8619d4501897a53d67faf4be141a6ac88,full_tactical_backfill_ok_tmax_gefsatmos_ddab7300d964,C:/Users/ahmad/Desktop/generalFiles/git/weather_markets/weather_data_extraction/bootstrap/hkg_tmax_elite_codex_bootstrap/hkg_tmax_elite_codex/data/_pipeline_internal/raw/gribstream_tactical_full_tactical_backfill_ok_tmax/gefsatmos/run_window_utc=20210911_180000_to_20210915_180000/ddab7300d9643534e98e163fde1246d8619d4501897a53d67faf4be141a6ac88.ndjson.gz,api_fetched,0,,,
277,gefsatmos,completed,200,5,2021-09-16T18:00:00Z,2021-09-20T18:00:00Z,1240,1240,1240,1240,1240,11.608,09ebe7237b8bcb46e76b4f688a8b7ad8e8681998e622407ad8827aaca6b8a25b,full_tactical_backfill_ok_tmax_gefsatmos_09ebe7237b8b,C:/Users/ahmad/Desktop/generalFiles/git/weather_markets/weather_data_extraction/bootstrap/hkg_tmax_elite_codex_bootstrap/hkg_tmax_elite_codex/data/_pipeline_internal/raw/gribstream_tactical_full_tactical_backfill_ok_tmax/gefsatmos/run_window_utc=20210916_180000_to_20210920_180000/09ebe7237b8bcb46e76b4f688a8b7ad8e8681998e622407ad8827aaca6b8a25b.ndjson.gz,api_fetched,0,,,
278,gefsatmos,completed,200,5,2021-09-21T18:00:00Z,2021-09-25T18:00:00Z,1240,1240,1240,1240,1240,11.719,ab580c528657ea700984a479f45abae308ad8135c482f2aa39ca2244cd4b5d87,full_tactical_backfill_ok_tmax_gefsatmos_ab580c528657,C:/Users/ahmad/Desktop/generalFiles/git/weather_markets/weather_data_extraction/bootstrap/hkg_tmax_elite_codex_bootstrap/hkg_tmax_elite_codex/data/_pipeline_internal/raw/gribstream_tactical_full_tactical_backfill_ok_tmax/gefsatmos/run_window_utc=20210921_180000_to_20210925_180000/ab580c528657ea700984a479f45abae308ad8135c482f2aa39ca2244cd4b5d87.ndjson.gz,api_fetched,0,,,
279,gefsatmos,completed,200,5,2021-09-26T18:00:00Z,2021-09-30T18:00:00Z,1240,1240,1240,1240,1240,11.012,372d52e63deb9fd3b38fa0625a266c27fc80d6fb784edb0b22a044dd5ff53755,full_tactical_backfill_ok_tmax_gefsatmos_372d52e63deb,C:/Users/ahmad/Desktop/generalFiles/git/weather_markets/weather_data_extraction/bootstrap/hkg_tmax_elite_codex_bootstrap/hkg_tmax_elite_codex/data/_pipeline_internal/raw/gribstream_tactical_full_tactical_backfill_ok_tmax/gefsatmos/run_window_utc=20210926_180000_to_20210930_180000/372d52e63deb9fd3b38fa0625a266c27fc80d6fb784edb0b22a044dd5ff53755.ndjson.gz,api_fetched,0,,,
280,gefsatmos,completed,200,5,2021-10-01T18:00:00Z,2021-10-05T18:00:00Z,1240,1240,1240,1240,1240,11.989,51d82e7bf85d4e8be70e756b63d5655ebf7ce58197fd1aea717949dfe09873dc,full_tactical_backfill_ok_tmax_gefsatmos_51d82e7bf85d,C:/Users/ahmad/Desktop/generalFiles/git/weather_markets/weather_data_extraction/bootstrap/hkg_tmax_elite_codex_bootstrap/hkg_tmax_elite_codex/data/_pipeline_internal/raw/gribstream_tactical_full_tactical_backfill_ok_tmax/gefsatmos/run_window_utc=20211001_180000_to_20211005_180000/51d82e7bf85d4e8be70e756b63d5655ebf7ce58197fd1aea717949dfe09873dc.ndjson.gz,api_fetched,0,,,
281,gefsatmos,completed,200,5,2021-10-06T18:00:00Z,2021-10-10T18:00:00Z,1240,1240,1240,1240,1240,11.256,0a028323e39775404a5175b6742a02f8fdfe987dce1469d3013eb79c5bae0334,full_tactical_backfill_ok_tmax_gefsatmos_0a028323e397,C:/Users/ahmad/Desktop/generalFiles/git/weather_markets/weather_data_extraction/bootstrap/hkg_tmax_elite_codex_bootstrap/hkg_tmax_elite_codex/data/_pipeline_internal/raw/gribstream_tactical_full_tactical_backfill_ok_tmax/gefsatmos/run_window_utc=20211006_180000_to_20211010_180000/0a028323e39775404a5175b6742a02f8fdfe987dce1469d3013eb79c5bae0334.ndjson.gz,api_fetched,0,,,
282,gefsatmos,completed,200,5,2021-10-11T18:00:00Z,2021-10-15T18:00:00Z,1240,1240,1240,1240,1240,11.395,f5f66b045d1b578c4186876377688c3d49d007007b8fec111727d66e7a531729,full_tactical_backfill_ok_tmax_gefsatmos_f5f66b045d1b,C:/Users/ahmad/Desktop/generalFiles/git/weather_markets/weather_data_extraction/bootstrap/hkg_tmax_elite_codex_bootstrap/hkg_tmax_elite_codex/data/_pipeline_internal/raw/gribstream_tactical_full_tactical_backfill_ok_tmax/gefsatmos/run_window_utc=20211011_180000_to_20211015_180000/f5f66b045d1b578c4186876377688c3d49d007007b8fec111727d66e7a531729.ndjson.gz,api_fetched,0,,,
283,gefsatmos,completed,200,5,2021-10-16T18:00:00Z,2021-10-20T18:00:00Z,1240,1240,1240,1240,1240,11.389,3cd1aba45c1a5a9fa4cada69d0e2e5197d2bed637941d2d57923f33ed349cc31,full_tactical_backfill_ok_tmax_gefsatmos_3cd1aba45c1a,C:/Users/ahmad/Desktop/generalFiles/git/weather_markets/weather_data_extraction/bootstrap/hkg_tmax_elite_codex_bootstrap/hkg_tmax_elite_codex/data/_pipeline_internal/raw/gribstream_tactical_full_tactical_backfill_ok_tmax/gefsatmos/run_window_utc=20211016_180000_to_20211020_180000/3cd1aba45c1a5a9fa4cada69d0e2e5197d2bed637941d2d57923f33ed349cc31.ndjson.gz,api_fetched,0,,,
284,gefsatmos,completed,200,5,2021-10-21T18:00:00Z,2021-10-25T18:00:00Z,1240,1240,1240,1240,1240,11.679,b62c0bddb59879498b0c276787c2903cbf83b0d5968d6ea1c9b317b91e566637,full_tactical_backfill_ok_tmax_gefsatmos_b62c0bddb598,C:/Users/ahmad/Desktop/generalFiles/git/weather_markets/weather_data_extraction/bootstrap/hkg_tmax_elite_codex_bootstrap/hkg_tmax_elite_codex/data/_pipeline_internal/raw/gribstream_tactical_full_tactical_backfill_ok_tmax/gefsatmos/run_window_utc=20211021_180000_to_20211025_180000/b62c0bddb59879498b0c276787c2903cbf83b0d5968d6ea1c9b317b91e566637.ndjson.gz,api_fetched,0,,,
285,gefsatmos,completed,200,5,2021-10-26T18:00:00Z,2021-10-30T18:00:00Z,1240,1240,1240,1240,1240,10.845,285d027b09b562ef00d15d96b3a85e9806bf67b06b55553b2f7808faa6311018,full_tactical_backfill_ok_tmax_gefsatmos_285d027b09b5,C:/Users/ahmad/Desktop/generalFiles/git/weather_markets/weather_data_extraction/bootstrap/hkg_tmax_elite_codex_bootstrap/hkg_tmax_elite_codex/data/_pipeline_internal/raw/gribstream_tactical_full_tactical_backfill_ok_tmax/gefsatmos/run_window_utc=20211026_180000_to_20211030_180000/285d027b09b562ef00d15d96b3a85e9806bf67b06b55553b2f7808faa6311018.ndjson.gz,api_fetched,0,,,
286,gefsatmos,completed,200,5,2021-10-31T18:00:00Z,2021-11-04T18:00:00Z,1240,1240,1240,1240,1240,11.427,2c2aa96f3e3555d4a4d549a92d390a62d1637ca9aa9a5c24be2540817d06176d,full_tactical_backfill_ok_tmax_gefsatmos_2c2aa96f3e35,C:/Users/ahmad/Desktop/generalFiles/git/weather_markets/weather_data_extraction/bootstrap/hkg_tmax_elite_codex_bootstrap/hkg_tmax_elite_codex/data/_pipeline_internal/raw/gribstream_tactical_full_tactical_backfill_ok_tmax/gefsatmos/run_window_utc=20211031_180000_to_20211104_180000/2c2aa96f3e3555d4a4d549a92d390a62d1637ca9aa9a5c24be2540817d06176d.ndjson.gz,api_fetched,0,,,
287,gefsatmos,completed,200,5,2021-11-05T18:00:00Z,2021-11-09T18:00:00Z,1240,1240,1240,1240,1240,11.455,446b932ed5139feced36610495eab0d1c6df5aef41333937d2776453fed415ac,full_tactical_backfill_ok_tmax_gefsatmos_446b932ed513,C:/Users/ahmad/Desktop/generalFiles/git/weather_markets/weather_data_extraction/bootstrap/hkg_tmax_elite_codex_bootstrap/hkg_tmax_elite_codex/data/_pipeline_internal/raw/gribstream_tactical_full_tactical_backfill_ok_tmax/gefsatmos/run_window_utc=20211105_180000_to_20211109_180000/446b932ed5139feced36610495eab0d1c6df5aef41333937d2776453fed415ac.ndjson.gz,api_fetched,0,,,
288,gefsatmos,completed,200,5,2021-11-10T18:00:00Z,2021-11-14T18:00:00Z,1240,1240,1240,1240,1240,11.539,218416d598f824ff149a0000e4905ddab6f87cbe2cca6be93add92971e1401fa,full_tactical_backfill_ok_tmax_gefsatmos_218416d598f8,C:/Users/ahmad/Desktop/generalFiles/git/weather_markets/weather_data_extraction/bootstrap/hkg_tmax_elite_codex_bootstrap/hkg_tmax_elite_codex/data/_pipeline_internal/raw/gribstream_tactical_full_tactical_backfill_ok_tmax/gefsatmos/run_window_utc=20211110_180000_to_20211114_180000/218416d598f824ff149a0000e4905ddab6f87cbe2cca6be93add92971e1401fa.ndjson.gz,api_fetched,0,,,
289,gefsatmos,completed,200,5,2021-11-15T18:00:00Z,2021-11-19T18:00:00Z,1240,1240,1240,1240,1240,11.663,30f3fb787aa61b9e3786a1ee5ef3cefb61a7b97286bdb287984e1c55ad3df947,full_tactical_backfill_ok_tmax_gefsatmos_30f3fb787aa6,C:/Users/ahmad/Desktop/generalFiles/git/weather_markets/weather_data_extraction/bootstrap/hkg_tmax_elite_codex_bootstrap/hkg_tmax_elite_codex/data/_pipeline_internal/raw/gribstream_tactical_full_tactical_backfill_ok_tmax/gefsatmos/run_window_utc=20211115_180000_to_20211119_180000/30f3fb787aa61b9e3786a1ee5ef3cefb61a7b97286bdb287984e1c55ad3df947.ndjson.gz,api_fetched,0,,,
290,gefsatmos,completed,200,5,2021-11-20T18:00:00Z,2021-11-24T18:00:00Z,1240,1240,1240,1240,1240,11.147,1b5778b6cb7dafa29fbbca0bca9625978e82c879e5bbbbf5c8303771c5a04a17,full_tactical_backfill_ok_tmax_gefsatmos_1b5778b6cb7d,C:/Users/ahmad/Desktop/generalFiles/git/weather_markets/weather_data_extraction/bootstrap/hkg_tmax_elite_codex_bootstrap/hkg_tmax_elite_codex/data/_pipeline_internal/raw/gribstream_tactical_full_tactical_backfill_ok_tmax/gefsatmos/run_window_utc=20211120_180000_to_20211124_180000/1b5778b6cb7dafa29fbbca0bca9625978e82c879e5bbbbf5c8303771c5a04a17.ndjson.gz,api_fetched,0,,,
291,gefsatmos,completed,200,5,2021-11-25T18:00:00Z,2021-11-29T18:00:00Z,1240,1240,1240,1240,1240,11.4,a2822f9f56cb74e6ab2e64e0d6a697c6c95dd87d25647364b7fe1baff8feb0d9,full_tactical_backfill_ok_tmax_gefsatmos_a2822f9f56cb,C:/Users/ahmad/Desktop/generalFiles/git/weather_markets/weather_data_extraction/bootstrap/hkg_tmax_elite_codex_bootstrap/hkg_tmax_elite_codex/data/_pipeline_internal/raw/gribstream_tactical_full_tactical_backfill_ok_tmax/gefsatmos/run_window_utc=20211125_180000_to_20211129_180000/a2822f9f56cb74e6ab2e64e0d6a697c6c95dd87d25647364b7fe1baff8feb0d9.ndjson.gz,api_fetched,0,,,
292,gefsatmos,completed,200,5,2021-11-30T18:00:00Z,2021-12-04T18:00:00Z,1240,1240,1240,1240,1240,11.089,2032a58d816991f278a26bb9bee1ce4d22e39c03a658c9d2b9826635b75723ec,full_tactical_backfill_ok_tmax_gefsatmos_2032a58d8169,C:/Users/ahmad/Desktop/generalFiles/git/weather_markets/weather_data_extraction/bootstrap/hkg_tmax_elite_codex_bootstrap/hkg_tmax_elite_codex/data/_pipeline_internal/raw/gribstream_tactical_full_tactical_backfill_ok_tmax/gefsatmos/run_window_utc=20211130_180000_to_20211204_180000/2032a58d816991f278a26bb9bee1ce4d22e39c03a658c9d2b9826635b75723ec.ndjson.gz,api_fetched,0,,,
293,gefsatmos,completed,200,5,2021-12-05T18:00:00Z,2021-12-09T18:00:00Z,1240,1240,1240,1240,1240,11.246,86ab9d78b006a727ed5e8017de700583f751681e0cfd79213970323f0c4df41d,full_tactical_backfill_ok_tmax_gefsatmos_86ab9d78b006,C:/Users/ahmad/Desktop/generalFiles/git/weather_markets/weather_data_extraction/bootstrap/hkg_tmax_elite_codex_bootstrap/hkg_tmax_elite_codex/data/_pipeline_internal/raw/gribstream_tactical_full_tactical_backfill_ok_tmax/gefsatmos/run_window_utc=20211205_180000_to_20211209_180000/86ab9d78b006a727ed5e8017de700583f751681e0cfd79213970323f0c4df41d.ndjson.gz,api_fetched,0,,,
294,gefsatmos,completed,200,5,2021-12-10T18:00:00Z,2021-12-14T18:00:00Z,1240,1240,1240,1240,1240,11.613,9f948c9a49d8ea483f3e52514698abfdc4ec91f6e4b9bfd1447903b6a4be6c6c,full_tactical_backfill_ok_tmax_gefsatmos_9f948c9a49d8,C:/Users/ahmad/Desktop/generalFiles/git/weather_markets/weather_data_extraction/bootstrap/hkg_tmax_elite_codex_bootstrap/hkg_tmax_elite_codex/data/_pipeline_internal/raw/gribstream_tactical_full_tactical_backfill_ok_tmax/gefsatmos/run_window_utc=20211210_180000_to_20211214_180000/9f948c9a49d8ea483f3e52514698abfdc4ec91f6e4b9bfd1447903b6a4be6c6c.ndjson.gz,api_fetched,0,,,
295,gefsatmos,completed,200,5,2021-12-15T18:00:00Z,2021-12-19T18:00:00Z,1240,1240,1240,1240,1240,11.363,049f42160a56f22370d6c961f034ca3df87795c34b793ab4acfc3fa6fc30a564,full_tactical_backfill_ok_tmax_gefsatmos_049f42160a56,C:/Users/ahmad/Desktop/generalFiles/git/weather_markets/weather_data_extraction/bootstrap/hkg_tmax_elite_codex_bootstrap/hkg_tmax_elite_codex/data/_pipeline_internal/raw/gribstream_tactical_full_tactical_backfill_ok_tmax/gefsatmos/run_window_utc=20211215_180000_to_20211219_180000/049f42160a56f22370d6c961f034ca3df87795c34b793ab4acfc3fa6fc30a564.ndjson.gz,api_fetched,0,,,
296,gefsatmos,completed,200,5,2021-12-20T18:00:00Z,2021-12-24T18:00:00Z,1240,1240,1240,1240,1240,11.789,daa84f61769e11ca8fc789b8cf03eb9b5052897f4a9e9cb2d7b47ea9dd3252b8,full_tactical_backfill_ok_tmax_gefsatmos_daa84f61769e,C:/Users/ahmad/Desktop/generalFiles/git/weather_markets/weather_data_extraction/bootstrap/hkg_tmax_elite_codex_bootstrap/hkg_tmax_elite_codex/data/_pipeline_internal/raw/gribstream_tactical_full_tactical_backfill_ok_tmax/gefsatmos/run_window_utc=20211220_180000_to_20211224_180000/daa84f61769e11ca8fc789b8cf03eb9b5052897f4a9e9cb2d7b47ea9dd3252b8.ndjson.gz,api_fetched,0,,,
297,gefsatmos,completed,200,5,2021-12-25T18:00:00Z,2021-12-29T18:00:00Z,1240,1240,1240,1240,1240,10.859,5a388a2754770c8ca3971eb462390013e47c709906b9fbb974386e2949f30ef0,full_tactical_backfill_ok_tmax_gefsatmos_5a388a275477,C:/Users/ahmad/Desktop/generalFiles/git/weather_markets/weather_data_extraction/bootstrap/hkg_tmax_elite_codex_bootstrap/hkg_tmax_elite_codex/data/_pipeline_internal/raw/gribstream_tactical_full_tactical_backfill_ok_tmax/gefsatmos/run_window_utc=20211225_180000_to_20211229_180000/5a388a2754770c8ca3971eb462390013e47c709906b9fbb974386e2949f30ef0.ndjson.gz,api_fetched,0,,,
298,gefsatmos,completed,200,5,2021-12-30T18:00:00Z,2022-01-03T18:00:00Z,1240,1240,1240,1240,1240,11.761,6568061a076289a3735a7491ceb6948a8396a68a8e5d8f0c9bceb3bd1bba662a,full_tactical_backfill_ok_tmax_gefsatmos_6568061a0762,C:/Users/ahmad/Desktop/generalFiles/git/weather_markets/weather_data_extraction/bootstrap/hkg_tmax_elite_codex_bootstrap/hkg_tmax_elite_codex/data/_pipeline_internal/raw/gribstream_tactical_full_tactical_backfill_ok_tmax/gefsatmos/run_window_utc=20211230_180000_to_20220103_180000/6568061a076289a3735a7491ceb6948a8396a68a8e5d8f0c9bceb3bd1bba662a.ndjson.gz,api_fetched,0,,,
299,gefsatmos,completed,200,5,2022-01-04T18:00:00Z,2022-01-08T18:00:00Z,1240,1240,1240,1240,1240,11.015,10be855a32827e2a617c9295910c8cb53d4d2a08cb35984f47db898481aecbe8,full_tactical_backfill_ok_tmax_gefsatmos_10be855a3282,C:/Users/ahmad/Desktop/generalFiles/git/weather_markets/weather_data_extraction/bootstrap/hkg_tmax_elite_codex_bootstrap/hkg_tmax_elite_codex/data/_pipeline_internal/raw/gribstream_tactical_full_tactical_backfill_ok_tmax/gefsatmos/run_window_utc=20220104_180000_to_20220108_180000/10be855a32827e2a617c9295910c8cb53d4d2a08cb35984f47db898481aecbe8.ndjson.gz,api_fetched,0,,,
300,gefsatmos,completed,200,5,2022-01-09T18:00:00Z,2022-01-13T18:00:00Z,1240,1240,1240,1240,1240,11.433,2801fb7697438aeefcf2ba49507e085f84f0199a0b0c2cc22a22ac0f77b19b92,full_tactical_backfill_ok_tmax_gefsatmos_2801fb769743,C:/Users/ahmad/Desktop/generalFiles/git/weather_markets/weather_data_extraction/bootstrap/hkg_tmax_elite_codex_bootstrap/hkg_tmax_elite_codex/data/_pipeline_internal/raw/gribstream_tactical_full_tactical_backfill_ok_tmax/gefsatmos/run_window_utc=20220109_180000_to_20220113_180000/2801fb7697438aeefcf2ba49507e085f84f0199a0b0c2cc22a22ac0f77b19b92.ndjson.gz,api_fetched,0,,,
301,gefsatmos,completed,200,5,2022-01-14T18:00:00Z,2022-01-18T18:00:00Z,1240,1240,1240,1240,1240,11.157,e4772696ce9b4e7a5f476949cd2d11e28a475204d4155c9c448bca550edcc3ad,full_tactical_backfill_ok_tmax_gefsatmos_e4772696ce9b,C:/Users/ahmad/Desktop/generalFiles/git/weather_markets/weather_data_extraction/bootstrap/hkg_tmax_elite_codex_bootstrap/hkg_tmax_elite_codex/data/_pipeline_internal/raw/gribstream_tactical_full_tactical_backfill_ok_tmax/gefsatmos/run_window_utc=20220114_180000_to_20220118_180000/e4772696ce9b4e7a5f476949cd2d11e28a475204d4155c9c448bca550edcc3ad.ndjson.gz,api_fetched,0,,,
302,gefsatmos,completed,200,5,2022-01-19T18:00:00Z,2022-01-23T18:00:00Z,1240,1240,1240,1240,1240,11.31,f779f02b6da3d1d773e13037d3e69d2d24ca8d26758cf2a4e61df7459ed5d8fb,full_tactical_backfill_ok_tmax_gefsatmos_f779f02b6da3,C:/Users/ahmad/Desktop/generalFiles/git/weather_markets/weather_data_extraction/bootstrap/hkg_tmax_elite_codex_bootstrap/hkg_tmax_elite_codex/data/_pipeline_internal/raw/gribstream_tactical_full_tactical_backfill_ok_tmax/gefsatmos/run_window_utc=20220119_180000_to_20220123_180000/f779f02b6da3d1d773e13037d3e69d2d24ca8d26758cf2a4e61df7459ed5d8fb.ndjson.gz,api_fetched,0,,,
303,gefsatmos,completed,200,5,2022-01-24T18:00:00Z,2022-01-28T18:00:00Z,1240,1240,1240,1240,1240,11.604,b7e52e3c7df63da5a7d51132fb8c9d2da927e85ba63fee8597bd6559430b5ce7,full_tactical_backfill_ok_tmax_gefsatmos_b7e52e3c7df6,C:/Users/ahmad/Desktop/generalFiles/git/weather_markets/weather_data_extraction/bootstrap/hkg_tmax_elite_codex_bootstrap/hkg_tmax_elite_codex/data/_pipeline_internal/raw/gribstream_tactical_full_tactical_backfill_ok_tmax/gefsatmos/run_window_utc=20220124_180000_to_20220128_180000/b7e52e3c7df63da5a7d51132fb8c9d2da927e85ba63fee8597bd6559430b5ce7.ndjson.gz,api_fetched,0,,,
304,gefsatmos,completed,200,5,2022-01-29T18:00:00Z,2022-02-02T18:00:00Z,1240,1240,1240,1240,1240,11.728,4c1a1fbfc048bc55e43e92bc2583ebf29b2863f3da1a73e60fb0cd810f21cbab,full_tactical_backfill_ok_tmax_gefsatmos_4c1a1fbfc048,C:/Users/ahmad/Desktop/generalFiles/git/weather_markets/weather_data_extraction/bootstrap/hkg_tmax_elite_codex_bootstrap/hkg_tmax_elite_codex/data/_pipeline_internal/raw/gribstream_tactical_full_tactical_backfill_ok_tmax/gefsatmos/run_window_utc=20220129_180000_to_20220202_180000/4c1a1fbfc048bc55e43e92bc2583ebf29b2863f3da1a73e60fb0cd810f21cbab.ndjson.gz,api_fetched,0,,,
305,gefsatmos,completed,200,5,2022-02-03T18:00:00Z,2022-02-07T18:00:00Z,1240,1240,1240,1240,1240,11.335,9244fb9a5682e8a7196cf10084b516f66f30382ae307d2c4b401cb9ded6d5b07,full_tactical_backfill_ok_tmax_gefsatmos_9244fb9a5682,C:/Users/ahmad/Desktop/generalFiles/git/weather_markets/weather_data_extraction/bootstrap/hkg_tmax_elite_codex_bootstrap/hkg_tmax_elite_codex/data/_pipeline_internal/raw/gribstream_tactical_full_tactical_backfill_ok_tmax/gefsatmos/run_window_utc=20220203_180000_to_20220207_180000/9244fb9a5682e8a7196cf10084b516f66f30382ae307d2c4b401cb9ded6d5b07.ndjson.gz,api_fetched,0,,,
306,gefsatmos,completed,200,5,2022-02-08T18:00:00Z,2022-02-12T18:00:00Z,1240,1240,1240,1240,1240,11.422,43ed17c2fdd6031ec785b00b2a5e7502d883a28bf09fe1c033a5cd134cef70f4,full_tactical_backfill_ok_tmax_gefsatmos_43ed17c2fdd6,C:/Users/ahmad/Desktop/generalFiles/git/weather_markets/weather_data_extraction/bootstrap/hkg_tmax_elite_codex_bootstrap/hkg_tmax_elite_codex/data/_pipeline_internal/raw/gribstream_tactical_full_tactical_backfill_ok_tmax/gefsatmos/run_window_utc=20220208_180000_to_20220212_180000/43ed17c2fdd6031ec785b00b2a5e7502d883a28bf09fe1c033a5cd134cef70f4.ndjson.gz,api_fetched,0,,,
307,gefsatmos,completed,200,5,2022-02-13T18:00:00Z,2022-02-17T18:00:00Z,1240,1240,1240,1240,1240,11.601,a61cc758903f49e53232af365a9be325736c966e2b4c463d0ca78c01871befe8,full_tactical_backfill_ok_tmax_gefsatmos_a61cc758903f,C:/Users/ahmad/Desktop/generalFiles/git/weather_markets/weather_data_extraction/bootstrap/hkg_tmax_elite_codex_bootstrap/hkg_tmax_elite_codex/data/_pipeline_internal/raw/gribstream_tactical_full_tactical_backfill_ok_tmax/gefsatmos/run_window_utc=20220213_180000_to_20220217_180000/a61cc758903f49e53232af365a9be325736c966e2b4c463d0ca78c01871befe8.ndjson.gz,api_fetched,0,,,
308,gefsatmos,completed,200,5,2022-02-18T18:00:00Z,2022-02-22T18:00:00Z,1240,1240,1240,1240,1240,11.181,9749030a6b063aa2f5adebd8a061b2069d50405c6018458b727cbc17b7b1f774,full_tactical_backfill_ok_tmax_gefsatmos_9749030a6b06,C:/Users/ahmad/Desktop/generalFiles/git/weather_markets/weather_data_extraction/bootstrap/hkg_tmax_elite_codex_bootstrap/hkg_tmax_elite_codex/data/_pipeline_internal/raw/gribstream_tactical_full_tactical_backfill_ok_tmax/gefsatmos/run_window_utc=20220218_180000_to_20220222_180000/9749030a6b063aa2f5adebd8a061b2069d50405c6018458b727cbc17b7b1f774.ndjson.gz,api_fetched,0,,,
309,gefsatmos,completed,200,5,2022-02-23T18:00:00Z,2022-02-27T18:00:00Z,1240,1240,1240,1240,1240,11.311,13bc5664afa2132fc73ffc99cd6aa72804512eb425606adbd276f08856ba1776,full_tactical_backfill_ok_tmax_gefsatmos_13bc5664afa2,C:/Users/ahmad/Desktop/generalFiles/git/weather_markets/weather_data_extraction/bootstrap/hkg_tmax_elite_codex_bootstrap/hkg_tmax_elite_codex/data/_pipeline_internal/raw/gribstream_tactical_full_tactical_backfill_ok_tmax/gefsatmos/run_window_utc=20220223_180000_to_20220227_180000/13bc5664afa2132fc73ffc99cd6aa72804512eb425606adbd276f08856ba1776.ndjson.gz,api_fetched,0,,,
310,gefsatmos,completed,200,5,2022-02-28T18:00:00Z,2022-03-04T18:00:00Z,1240,1240,1240,1240,1240,11.285,978c2db8cc27373faaba0af8e180c33a1f40d3a56f2d331b2b921d3200849ecc,full_tactical_backfill_ok_tmax_gefsatmos_978c2db8cc27,C:/Users/ahmad/Desktop/generalFiles/git/weather_markets/weather_data_extraction/bootstrap/hkg_tmax_elite_codex_bootstrap/hkg_tmax_elite_codex/data/_pipeline_internal/raw/gribstream_tactical_full_tactical_backfill_ok_tmax/gefsatmos/run_window_utc=20220228_180000_to_20220304_180000/978c2db8cc27373faaba0af8e180c33a1f40d3a56f2d331b2b921d3200849ecc.ndjson.gz,api_fetched,0,,,
311,gefsatmos,completed,200,5,2022-03-05T18:00:00Z,2022-03-09T18:00:00Z,1240,1240,1240,1240,1240,11.373,40b44b6d1f8735bef4ad8b8a5fc2d3ccb60774074d0d8a9247de2c4a9e3df1cc,full_tactical_backfill_ok_tmax_gefsatmos_40b44b6d1f87,C:/Users/ahmad/Desktop/generalFiles/git/weather_markets/weather_data_extraction/bootstrap/hkg_tmax_elite_codex_bootstrap/hkg_tmax_elite_codex/data/_pipeline_internal/raw/gribstream_tactical_full_tactical_backfill_ok_tmax/gefsatmos/run_window_utc=20220305_180000_to_20220309_180000/40b44b6d1f8735bef4ad8b8a5fc2d3ccb60774074d0d8a9247de2c4a9e3df1cc.ndjson.gz,api_fetched,0,,,
312,gefsatmos,completed,200,5,2022-03-10T18:00:00Z,2022-03-14T18:00:00Z,1240,1240,1240,1240,1240,11.347,5d4f254c0bdb8cef381e6536bad758706d4253df2283a303f4b0b5bc4d919d31,full_tactical_backfill_ok_tmax_gefsatmos_5d4f254c0bdb,C:/Users/ahmad/Desktop/generalFiles/git/weather_markets/weather_data_extraction/bootstrap/hkg_tmax_elite_codex_bootstrap/hkg_tmax_elite_codex/data/_pipeline_internal/raw/gribstream_tactical_full_tactical_backfill_ok_tmax/gefsatmos/run_window_utc=20220310_180000_to_20220314_180000/5d4f254c0bdb8cef381e6536bad758706d4253df2283a303f4b0b5bc4d919d31.ndjson.gz,api_fetched,0,,,
313,gefsatmos,completed,200,5,2022-03-15T18:00:00Z,2022-03-19T18:00:00Z,1240,1240,1240,1240,1240,11.61,9ad8fcf84378b4f80456a3d1db5ff080eb7ffb5e457839bd9bd3da30a282735d,full_tactical_backfill_ok_tmax_gefsatmos_9ad8fcf84378,C:/Users/ahmad/Desktop/generalFiles/git/weather_markets/weather_data_extraction/bootstrap/hkg_tmax_elite_codex_bootstrap/hkg_tmax_elite_codex/data/_pipeline_internal/raw/gribstream_tactical_full_tactical_backfill_ok_tmax/gefsatmos/run_window_utc=20220315_180000_to_20220319_180000/9ad8fcf84378b4f80456a3d1db5ff080eb7ffb5e457839bd9bd3da30a282735d.ndjson.gz,api_fetched,0,,,
314,gefsatmos,completed,200,5,2022-03-20T18:00:00Z,2022-03-24T18:00:00Z,1240,1240,1240,1240,1240,12.17,e7f27a27ed3995cc52ac546211482dac1fbbdb60d02c8818e5fe2cd9153b9b0c,full_tactical_backfill_ok_tmax_gefsatmos_e7f27a27ed39,C:/Users/ahmad/Desktop/generalFiles/git/weather_markets/weather_data_extraction/bootstrap/hkg_tmax_elite_codex_bootstrap/hkg_tmax_elite_codex/data/_pipeline_internal/raw/gribstream_tactical_full_tactical_backfill_ok_tmax/gefsatmos/run_window_utc=20220320_180000_to_20220324_180000/e7f27a27ed3995cc52ac546211482dac1fbbdb60d02c8818e5fe2cd9153b9b0c.ndjson.gz,api_fetched,0,,,
315,gefsatmos,completed,200,5,2022-03-25T18:00:00Z,2022-03-29T18:00:00Z,1240,1240,1240,1240,1240,11.315,ac3b6760ba36d356fce617f0488ac19c2f29c9974f061b8ffb3746204f34b085,full_tactical_backfill_ok_tmax_gefsatmos_ac3b6760ba36,C:/Users/ahmad/Desktop/generalFiles/git/weather_markets/weather_data_extraction/bootstrap/hkg_tmax_elite_codex_bootstrap/hkg_tmax_elite_codex/data/_pipeline_internal/raw/gribstream_tactical_full_tactical_backfill_ok_tmax/gefsatmos/run_window_utc=20220325_180000_to_20220329_180000/ac3b6760ba36d356fce617f0488ac19c2f29c9974f061b8ffb3746204f34b085.ndjson.gz,api_fetched,0,,,
316,gefsatmos,completed,200,5,2022-03-30T18:00:00Z,2022-04-03T18:00:00Z,1240,1240,1240,1240,1240,11.453,54bee4c13c010b5e496fc14bcaab02f29ab52ea0521e7c654aa9e900370a5796,full_tactical_backfill_ok_tmax_gefsatmos_54bee4c13c01,C:/Users/ahmad/Desktop/generalFiles/git/weather_markets/weather_data_extraction/bootstrap/hkg_tmax_elite_codex_bootstrap/hkg_tmax_elite_codex/data/_pipeline_internal/raw/gribstream_tactical_full_tactical_backfill_ok_tmax/gefsatmos/run_window_utc=20220330_180000_to_20220403_180000/54bee4c13c010b5e496fc14bcaab02f29ab52ea0521e7c654aa9e900370a5796.ndjson.gz,api_fetched,0,,,
317,gefsatmos,completed,200,5,2022-04-04T18:00:00Z,2022-04-08T18:00:00Z,1240,1240,1240,1240,1240,11.407,d50dea68bb8af71303b3e0f52b654901fa479e990bb3cafd43a234d5402639f5,full_tactical_backfill_ok_tmax_gefsatmos_d50dea68bb8a,C:/Users/ahmad/Desktop/generalFiles/git/weather_markets/weather_data_extraction/bootstrap/hkg_tmax_elite_codex_bootstrap/hkg_tmax_elite_codex/data/_pipeline_internal/raw/gribstream_tactical_full_tactical_backfill_ok_tmax/gefsatmos/run_window_utc=20220404_180000_to_20220408_180000/d50dea68bb8af71303b3e0f52b654901fa479e990bb3cafd43a234d5402639f5.ndjson.gz,api_fetched,0,,,
318,gefsatmos,completed,200,5,2022-04-09T18:00:00Z,2022-04-13T18:00:00Z,1240,1240,1240,1240,1240,11.768,e7da700990e07432f722beb7b671a889e0928c6aabd30f6e7d26934d9a2a4bcd,full_tactical_backfill_ok_tmax_gefsatmos_e7da700990e0,C:/Users/ahmad/Desktop/generalFiles/git/weather_markets/weather_data_extraction/bootstrap/hkg_tmax_elite_codex_bootstrap/hkg_tmax_elite_codex/data/_pipeline_internal/raw/gribstream_tactical_full_tactical_backfill_ok_tmax/gefsatmos/run_window_utc=20220409_180000_to_20220413_180000/e7da700990e07432f722beb7b671a889e0928c6aabd30f6e7d26934d9a2a4bcd.ndjson.gz,api_fetched,0,,,
319,gefsatmos,completed,200,5,2022-04-14T18:00:00Z,2022-04-18T18:00:00Z,1240,1240,1240,1240,1240,11.126,07c61d37df1229d8085ddc2ba786ef8096e2da6fe5f0e6c5fd541ed2dbb14579,full_tactical_backfill_ok_tmax_gefsatmos_07c61d37df12,C:/Users/ahmad/Desktop/generalFiles/git/weather_markets/weather_data_extraction/bootstrap/hkg_tmax_elite_codex_bootstrap/hkg_tmax_elite_codex/data/_pipeline_internal/raw/gribstream_tactical_full_tactical_backfill_ok_tmax/gefsatmos/run_window_utc=20220414_180000_to_20220418_180000/07c61d37df1229d8085ddc2ba786ef8096e2da6fe5f0e6c5fd541ed2dbb14579.ndjson.gz,api_fetched,0,,,
320,gefsatmos,completed,200,5,2022-04-19T18:00:00Z,2022-04-23T18:00:00Z,1240,1240,1240,1240,1240,11.828,a2186703c4467260324959a3b4efa7bce2466cfc0285e5605c9037f931049794,full_tactical_backfill_ok_tmax_gefsatmos_a2186703c446,C:/Users/ahmad/Desktop/generalFiles/git/weather_markets/weather_data_extraction/bootstrap/hkg_tmax_elite_codex_bootstrap/hkg_tmax_elite_codex/data/_pipeline_internal/raw/gribstream_tactical_full_tactical_backfill_ok_tmax/gefsatmos/run_window_utc=20220419_180000_to_20220423_180000/a2186703c4467260324959a3b4efa7bce2466cfc0285e5605c9037f931049794.ndjson.gz,api_fetched,0,,,
321,gefsatmos,completed,200,5,2022-04-24T18:00:00Z,2022-04-28T18:00:00Z,1240,1240,1240,1240,1240,11.364,b16bf7a3077b53ea1ace417b766998c33d4f29a058b62510afff68df586fa79e,full_tactical_backfill_ok_tmax_gefsatmos_b16bf7a3077b,C:/Users/ahmad/Desktop/generalFiles/git/weather_markets/weather_data_extraction/bootstrap/hkg_tmax_elite_codex_bootstrap/hkg_tmax_elite_codex/data/_pipeline_internal/raw/gribstream_tactical_full_tactical_backfill_ok_tmax/gefsatmos/run_window_utc=20220424_180000_to_20220428_180000/b16bf7a3077b53ea1ace417b766998c33d4f29a058b62510afff68df586fa79e.ndjson.gz,api_fetched,0,,,
322,gefsatmos,completed,200,5,2022-04-29T18:00:00Z,2022-05-03T18:00:00Z,1240,1240,1240,1240,1240,11.589,75da447e7097ede26068366445ffe31a9bd8d75d66805356841be01b1435a826,full_tactical_backfill_ok_tmax_gefsatmos_75da447e7097,C:/Users/ahmad/Desktop/generalFiles/git/weather_markets/weather_data_extraction/bootstrap/hkg_tmax_elite_codex_bootstrap/hkg_tmax_elite_codex/data/_pipeline_internal/raw/gribstream_tactical_full_tactical_backfill_ok_tmax/gefsatmos/run_window_utc=20220429_180000_to_20220503_180000/75da447e7097ede26068366445ffe31a9bd8d75d66805356841be01b1435a826.ndjson.gz,api_fetched,0,,,
323,gefsatmos,completed,200,5,2022-05-04T18:00:00Z,2022-05-08T18:00:00Z,1240,1240,1240,1240,1240,11.8,aaedbc69bd205886a7242857969eb5951f2813e11918fa373ff1a8e68ab5dea5,full_tactical_backfill_ok_tmax_gefsatmos_aaedbc69bd20,C:/Users/ahmad/Desktop/generalFiles/git/weather_markets/weather_data_extraction/bootstrap/hkg_tmax_elite_codex_bootstrap/hkg_tmax_elite_codex/data/_pipeline_internal/raw/gribstream_tactical_full_tactical_backfill_ok_tmax/gefsatmos/run_window_utc=20220504_180000_to_20220508_180000/aaedbc69bd205886a7242857969eb5951f2813e11918fa373ff1a8e68ab5dea5.ndjson.gz,api_fetched,0,,,
324,gefsatmos,completed,200,5,2022-05-09T18:00:00Z,2022-05-13T18:00:00Z,1240,1240,1240,1240,1240,11.49,d34bcadd6c9ae447aef1b08cc34ab5b49309fa5ae89249d441781402c61ab935,full_tactical_backfill_ok_tmax_gefsatmos_d34bcadd6c9a,C:/Users/ahmad/Desktop/generalFiles/git/weather_markets/weather_data_extraction/bootstrap/hkg_tmax_elite_codex_bootstrap/hkg_tmax_elite_codex/data/_pipeline_internal/raw/gribstream_tactical_full_tactical_backfill_ok_tmax/gefsatmos/run_window_utc=20220509_180000_to_20220513_180000/d34bcadd6c9ae447aef1b08cc34ab5b49309fa5ae89249d441781402c61ab935.ndjson.gz,api_fetched,0,,,
325,gefsatmos,completed,200,5,2022-05-14T18:00:00Z,2022-05-18T18:00:00Z,1240,1240,1240,1240,1240,11.771,2e1653a89ee87d4a77f94c2f4a6053472252c1663ea6ee71a6f2e9272367907a,full_tactical_backfill_ok_tmax_gefsatmos_2e1653a89ee8,C:/Users/ahmad/Desktop/generalFiles/git/weather_markets/weather_data_extraction/bootstrap/hkg_tmax_elite_codex_bootstrap/hkg_tmax_elite_codex/data/_pipeline_internal/raw/gribstream_tactical_full_tactical_backfill_ok_tmax/gefsatmos/run_window_utc=20220514_180000_to_20220518_180000/2e1653a89ee87d4a77f94c2f4a6053472252c1663ea6ee71a6f2e9272367907a.ndjson.gz,api_fetched,0,,,
326,gefsatmos,completed,200,5,2022-05-19T18:00:00Z,2022-05-23T18:00:00Z,1240,1240,1240,1240,1240,11.652,373f70d51f68de80c4be05037ff34d279fb28305c6f722c1422f9048e07c57b0,full_tactical_backfill_ok_tmax_gefsatmos_373f70d51f68,C:/Users/ahmad/Desktop/generalFiles/git/weather_markets/weather_data_extraction/bootstrap/hkg_tmax_elite_codex_bootstrap/hkg_tmax_elite_codex/data/_pipeline_internal/raw/gribstream_tactical_full_tactical_backfill_ok_tmax/gefsatmos/run_window_utc=20220519_180000_to_20220523_180000/373f70d51f68de80c4be05037ff34d279fb28305c6f722c1422f9048e07c57b0.ndjson.gz,api_fetched,0,,,
327,gefsatmos,completed,200,5,2022-05-24T18:00:00Z,2022-05-28T18:00:00Z,1240,1240,1240,1240,1240,11.414,04b4ea41bed24f7982046e07ffaadbd10fb2590dfe9d55ddaded1e526cb83085,full_tactical_backfill_ok_tmax_gefsatmos_04b4ea41bed2,C:/Users/ahmad/Desktop/generalFiles/git/weather_markets/weather_data_extraction/bootstrap/hkg_tmax_elite_codex_bootstrap/hkg_tmax_elite_codex/data/_pipeline_internal/raw/gribstream_tactical_full_tactical_backfill_ok_tmax/gefsatmos/run_window_utc=20220524_180000_to_20220528_180000/04b4ea41bed24f7982046e07ffaadbd10fb2590dfe9d55ddaded1e526cb83085.ndjson.gz,api_fetched,0,,,
328,gefsatmos,completed,200,5,2022-05-29T18:00:00Z,2022-06-02T18:00:00Z,1240,1240,1240,1240,1240,11.509,d3d66032ee54030a65ef58d8fa3ae49f16ae4e840e76e004abac5a978b22f124,full_tactical_backfill_ok_tmax_gefsatmos_d3d66032ee54,C:/Users/ahmad/Desktop/generalFiles/git/weather_markets/weather_data_extraction/bootstrap/hkg_tmax_elite_codex_bootstrap/hkg_tmax_elite_codex/data/_pipeline_internal/raw/gribstream_tactical_full_tactical_backfill_ok_tmax/gefsatmos/run_window_utc=20220529_180000_to_20220602_180000/d3d66032ee54030a65ef58d8fa3ae49f16ae4e840e76e004abac5a978b22f124.ndjson.gz,api_fetched,0,,,
329,gefsatmos,completed,200,5,2022-06-03T18:00:00Z,2022-06-07T18:00:00Z,1240,1240,1240,1240,1240,11.622,251bc595e9c996c04623097334beb387ff6cb3713ddadbf53d4f90ae68e24c51,full_tactical_backfill_ok_tmax_gefsatmos_251bc595e9c9,C:/Users/ahmad/Desktop/generalFiles/git/weather_markets/weather_data_extraction/bootstrap/hkg_tmax_elite_codex_bootstrap/hkg_tmax_elite_codex/data/_pipeline_internal/raw/gribstream_tactical_full_tactical_backfill_ok_tmax/gefsatmos/run_window_utc=20220603_180000_to_20220607_180000/251bc595e9c996c04623097334beb387ff6cb3713ddadbf53d4f90ae68e24c51.ndjson.gz,api_fetched,0,,,
330,gefsatmos,completed,200,5,2022-06-08T18:00:00Z,2022-06-12T18:00:00Z,1240,1240,1240,1240,1240,11.941,2a6f4b9c27c466956f56b1a5e21a1be7a4faaebd1894fc0decf9974c09dd0ce1,full_tactical_backfill_ok_tmax_gefsatmos_2a6f4b9c27c4,C:/Users/ahmad/Desktop/generalFiles/git/weather_markets/weather_data_extraction/bootstrap/hkg_tmax_elite_codex_bootstrap/hkg_tmax_elite_codex/data/_pipeline_internal/raw/gribstream_tactical_full_tactical_backfill_ok_tmax/gefsatmos/run_window_utc=20220608_180000_to_20220612_180000/2a6f4b9c27c466956f56b1a5e21a1be7a4faaebd1894fc0decf9974c09dd0ce1.ndjson.gz,api_fetched,0,,,
331,gefsatmos,completed,200,5,2022-06-13T18:00:00Z,2022-06-17T18:00:00Z,1240,1240,1240,1240,1240,11.103,fcd3ce6bcfc55b8c5888f57acf9fa56da8ab261916184554b5bc662cbeb1c226,full_tactical_backfill_ok_tmax_gefsatmos_fcd3ce6bcfc5,C:/Users/ahmad/Desktop/generalFiles/git/weather_markets/weather_data_extraction/bootstrap/hkg_tmax_elite_codex_bootstrap/hkg_tmax_elite_codex/data/_pipeline_internal/raw/gribstream_tactical_full_tactical_backfill_ok_tmax/gefsatmos/run_window_utc=20220613_180000_to_20220617_180000/fcd3ce6bcfc55b8c5888f57acf9fa56da8ab261916184554b5bc662cbeb1c226.ndjson.gz,api_fetched,0,,,
332,gefsatmos,completed,200,5,2022-06-18T18:00:00Z,2022-06-22T18:00:00Z,1240,1240,1240,1240,1240,11.48,a9e5055f3ad69f55dd19cd9b039f85658f5f438b37bf5a1cc6c85db49e4f7b12,full_tactical_backfill_ok_tmax_gefsatmos_a9e5055f3ad6,C:/Users/ahmad/Desktop/generalFiles/git/weather_markets/weather_data_extraction/bootstrap/hkg_tmax_elite_codex_bootstrap/hkg_tmax_elite_codex/data/_pipeline_internal/raw/gribstream_tactical_full_tactical_backfill_ok_tmax/gefsatmos/run_window_utc=20220618_180000_to_20220622_180000/a9e5055f3ad69f55dd19cd9b039f85658f5f438b37bf5a1cc6c85db49e4f7b12.ndjson.gz,api_fetched,0,,,
333,gefsatmos,completed,200,5,2022-06-23T18:00:00Z,2022-06-27T18:00:00Z,1240,1240,1240,1240,1240,11.493,4974d86cb5c710fe88d5a7202b232e2c716fddc23e2e5b8705f8e8b233986227,full_tactical_backfill_ok_tmax_gefsatmos_4974d86cb5c7,C:/Users/ahmad/Desktop/generalFiles/git/weather_markets/weather_data_extraction/bootstrap/hkg_tmax_elite_codex_bootstrap/hkg_tmax_elite_codex/data/_pipeline_internal/raw/gribstream_tactical_full_tactical_backfill_ok_tmax/gefsatmos/run_window_utc=20220623_180000_to_20220627_180000/4974d86cb5c710fe88d5a7202b232e2c716fddc23e2e5b8705f8e8b233986227.ndjson.gz,api_fetched,0,,,
334,gefsatmos,completed,200,5,2022-06-28T18:00:00Z,2022-07-02T18:00:00Z,1240,1240,1240,1240,1240,11.524,3ab9910536c89f1e0a8bdb76880c05d7327d7080e7161f95667c10fa9879190f,full_tactical_backfill_ok_tmax_gefsatmos_3ab9910536c8,C:/Users/ahmad/Desktop/generalFiles/git/weather_markets/weather_data_extraction/bootstrap/hkg_tmax_elite_codex_bootstrap/hkg_tmax_elite_codex/data/_pipeline_internal/raw/gribstream_tactical_full_tactical_backfill_ok_tmax/gefsatmos/run_window_utc=20220628_180000_to_20220702_180000/3ab9910536c89f1e0a8bdb76880c05d7327d7080e7161f95667c10fa9879190f.ndjson.gz,api_fetched,0,,,
335,gefsatmos,completed,200,5,2022-07-03T18:00:00Z,2022-07-07T18:00:00Z,1240,1240,1240,1240,1240,11.503,b57eb018f28eae9cf30a1a475ea79ab00d9bbc4cd9708f00a0e8c95898b68a47,full_tactical_backfill_ok_tmax_gefsatmos_b57eb018f28e,C:/Users/ahmad/Desktop/generalFiles/git/weather_markets/weather_data_extraction/bootstrap/hkg_tmax_elite_codex_bootstrap/hkg_tmax_elite_codex/data/_pipeline_internal/raw/gribstream_tactical_full_tactical_backfill_ok_tmax/gefsatmos/run_window_utc=20220703_180000_to_20220707_180000/b57eb018f28eae9cf30a1a475ea79ab00d9bbc4cd9708f00a0e8c95898b68a47.ndjson.gz,api_fetched,0,,,
336,gefsatmos,completed,200,5,2022-07-08T18:00:00Z,2022-07-12T18:00:00Z,1240,1240,1240,1240,1240,11.698,4d1d269890f8ad6a5a24b29a87714246ebe98df229fa8a56ae3b290451d95715,full_tactical_backfill_ok_tmax_gefsatmos_4d1d269890f8,C:/Users/ahmad/Desktop/generalFiles/git/weather_markets/weather_data_extraction/bootstrap/hkg_tmax_elite_codex_bootstrap/hkg_tmax_elite_codex/data/_pipeline_internal/raw/gribstream_tactical_full_tactical_backfill_ok_tmax/gefsatmos/run_window_utc=20220708_180000_to_20220712_180000/4d1d269890f8ad6a5a24b29a87714246ebe98df229fa8a56ae3b290451d95715.ndjson.gz,api_fetched,0,,,
337,gefsatmos,completed,200,5,2022-07-13T18:00:00Z,2022-07-17T18:00:00Z,1240,1240,1240,1240,1240,11.21,9d90734fd66043e88a42d6d036760be15a29a7d0acf99564070e6595f002eb20,full_tactical_backfill_ok_tmax_gefsatmos_9d90734fd660,C:/Users/ahmad/Desktop/generalFiles/git/weather_markets/weather_data_extraction/bootstrap/hkg_tmax_elite_codex_bootstrap/hkg_tmax_elite_codex/data/_pipeline_internal/raw/gribstream_tactical_full_tactical_backfill_ok_tmax/gefsatmos/run_window_utc=20220713_180000_to_20220717_180000/9d90734fd66043e88a42d6d036760be15a29a7d0acf99564070e6595f002eb20.ndjson.gz,api_fetched,0,,,
338,gefsatmos,completed,200,5,2022-07-18T18:00:00Z,2022-07-22T18:00:00Z,1240,1240,1240,1240,1240,11.41,985d56d813a06e47345d41dcd0b3354e64ce66928fe75ffdce131d9b38a0641a,full_tactical_backfill_ok_tmax_gefsatmos_985d56d813a0,C:/Users/ahmad/Desktop/generalFiles/git/weather_markets/weather_data_extraction/bootstrap/hkg_tmax_elite_codex_bootstrap/hkg_tmax_elite_codex/data/_pipeline_internal/raw/gribstream_tactical_full_tactical_backfill_ok_tmax/gefsatmos/run_window_utc=20220718_180000_to_20220722_180000/985d56d813a06e47345d41dcd0b3354e64ce66928fe75ffdce131d9b38a0641a.ndjson.gz,api_fetched,0,,,
339,gefsatmos,completed,200,5,2022-07-23T18:00:00Z,2022-07-27T18:00:00Z,1240,1240,1240,1240,1240,11.604,b1ef3dc3e0de53749bacfb1a133241a87b1c0d22085185dddf5776e12678be19,full_tactical_backfill_ok_tmax_gefsatmos_b1ef3dc3e0de,C:/Users/ahmad/Desktop/generalFiles/git/weather_markets/weather_data_extraction/bootstrap/hkg_tmax_elite_codex_bootstrap/hkg_tmax_elite_codex/data/_pipeline_internal/raw/gribstream_tactical_full_tactical_backfill_ok_tmax/gefsatmos/run_window_utc=20220723_180000_to_20220727_180000/b1ef3dc3e0de53749bacfb1a133241a87b1c0d22085185dddf5776e12678be19.ndjson.gz,api_fetched,0,,,
340,gefsatmos,completed,200,5,2022-07-28T18:00:00Z,2022-08-01T18:00:00Z,1240,1240,1240,1240,1240,11.483,4fbbf7fe9516841a2722408ff1a8932a95b31e8d6315d0ded1187d804bdc27aa,full_tactical_backfill_ok_tmax_gefsatmos_4fbbf7fe9516,C:/Users/ahmad/Desktop/generalFiles/git/weather_markets/weather_data_extraction/bootstrap/hkg_tmax_elite_codex_bootstrap/hkg_tmax_elite_codex/data/_pipeline_internal/raw/gribstream_tactical_full_tactical_backfill_ok_tmax/gefsatmos/run_window_utc=20220728_180000_to_20220801_180000/4fbbf7fe9516841a2722408ff1a8932a95b31e8d6315d0ded1187d804bdc27aa.ndjson.gz,api_fetched,0,,,
341,gefsatmos,completed,200,5,2022-08-02T18:00:00Z,2022-08-06T18:00:00Z,1240,1240,1240,1240,1240,11.498,c4d62e80a1023fcb5f637a475e69cc2199654e41b6b6d202b911744861ce4a31,full_tactical_backfill_ok_tmax_gefsatmos_c4d62e80a102,C:/Users/ahmad/Desktop/generalFiles/git/weather_markets/weather_data_extraction/bootstrap/hkg_tmax_elite_codex_bootstrap/hkg_tmax_elite_codex/data/_pipeline_internal/raw/gribstream_tactical_full_tactical_backfill_ok_tmax/gefsatmos/run_window_utc=20220802_180000_to_20220806_180000/c4d62e80a1023fcb5f637a475e69cc2199654e41b6b6d202b911744861ce4a31.ndjson.gz,api_fetched,0,,,
342,gefsatmos,completed,200,5,2022-08-07T18:00:00Z,2022-08-11T18:00:00Z,1240,1240,1240,1240,1240,11.507,c6b8befef93a554d55a8a9ff5d222e6b324e92a209cb7f9e12d7204f0e45da54,full_tactical_backfill_ok_tmax_gefsatmos_c6b8befef93a,C:/Users/ahmad/Desktop/generalFiles/git/weather_markets/weather_data_extraction/bootstrap/hkg_tmax_elite_codex_bootstrap/hkg_tmax_elite_codex/data/_pipeline_internal/raw/gribstream_tactical_full_tactical_backfill_ok_tmax/gefsatmos/run_window_utc=20220807_180000_to_20220811_180000/c6b8befef93a554d55a8a9ff5d222e6b324e92a209cb7f9e12d7204f0e45da54.ndjson.gz,api_fetched,0,,,
343,gefsatmos,completed,200,5,2022-08-12T18:00:00Z,2022-08-16T18:00:00Z,1240,1240,1240,1240,1240,11.539,3c4ec3fd0a6be7ca42864ed6ed90d9c75d45159323ba380024a3dafc5b426167,full_tactical_backfill_ok_tmax_gefsatmos_3c4ec3fd0a6b,C:/Users/ahmad/Desktop/generalFiles/git/weather_markets/weather_data_extraction/bootstrap/hkg_tmax_elite_codex_bootstrap/hkg_tmax_elite_codex/data/_pipeline_internal/raw/gribstream_tactical_full_tactical_backfill_ok_tmax/gefsatmos/run_window_utc=20220812_180000_to_20220816_180000/3c4ec3fd0a6be7ca42864ed6ed90d9c75d45159323ba380024a3dafc5b426167.ndjson.gz,api_fetched,0,,,
344,gefsatmos,completed,200,5,2022-08-17T18:00:00Z,2022-08-21T18:00:00Z,1240,1240,1240,1240,1240,11.386,edc44119ddef0af0ed9b383f61af7cffb763ce2c6724949eadfbfcd9585314dc,full_tactical_backfill_ok_tmax_gefsatmos_edc44119ddef,C:/Users/ahmad/Desktop/generalFiles/git/weather_markets/weather_data_extraction/bootstrap/hkg_tmax_elite_codex_bootstrap/hkg_tmax_elite_codex/data/_pipeline_internal/raw/gribstream_tactical_full_tactical_backfill_ok_tmax/gefsatmos/run_window_utc=20220817_180000_to_20220821_180000/edc44119ddef0af0ed9b383f61af7cffb763ce2c6724949eadfbfcd9585314dc.ndjson.gz,api_fetched,0,,,
345,gefsatmos,completed,200,5,2022-08-22T18:00:00Z,2022-08-26T18:00:00Z,1240,1240,1240,1240,1240,11.638,9e22827c9d8420e1bd118ae27b986483e4cb3df7b587b1ba586b53e08ffab42d,full_tactical_backfill_ok_tmax_gefsatmos_9e22827c9d84,C:/Users/ahmad/Desktop/generalFiles/git/weather_markets/weather_data_extraction/bootstrap/hkg_tmax_elite_codex_bootstrap/hkg_tmax_elite_codex/data/_pipeline_internal/raw/gribstream_tactical_full_tactical_backfill_ok_tmax/gefsatmos/run_window_utc=20220822_180000_to_20220826_180000/9e22827c9d8420e1bd118ae27b986483e4cb3df7b587b1ba586b53e08ffab42d.ndjson.gz,api_fetched,0,,,
346,gefsatmos,completed,200,5,2022-08-27T18:00:00Z,2022-08-31T18:00:00Z,1240,1240,1240,1240,1240,11.391,6cbbba756a312ff2e361a51b7905aac57612e046360c48658de0f0f2fd03fdb3,full_tactical_backfill_ok_tmax_gefsatmos_6cbbba756a31,C:/Users/ahmad/Desktop/generalFiles/git/weather_markets/weather_data_extraction/bootstrap/hkg_tmax_elite_codex_bootstrap/hkg_tmax_elite_codex/data/_pipeline_internal/raw/gribstream_tactical_full_tactical_backfill_ok_tmax/gefsatmos/run_window_utc=20220827_180000_to_20220831_180000/6cbbba756a312ff2e361a51b7905aac57612e046360c48658de0f0f2fd03fdb3.ndjson.gz,api_fetched,0,,,
347,gefsatmos,completed,200,5,2022-09-01T18:00:00Z,2022-09-05T18:00:00Z,1240,1240,1240,1240,1240,11.63,e79c0d1e593fb20d3428f67430dd1e7abb7d5a8812d5ea2f22531f015ece42c8,full_tactical_backfill_ok_tmax_gefsatmos_e79c0d1e593f,C:/Users/ahmad/Desktop/generalFiles/git/weather_markets/weather_data_extraction/bootstrap/hkg_tmax_elite_codex_bootstrap/hkg_tmax_elite_codex/data/_pipeline_internal/raw/gribstream_tactical_full_tactical_backfill_ok_tmax/gefsatmos/run_window_utc=20220901_180000_to_20220905_180000/e79c0d1e593fb20d3428f67430dd1e7abb7d5a8812d5ea2f22531f015ece42c8.ndjson.gz,api_fetched,0,,,
348,gefsatmos,completed,200,5,2022-09-06T18:00:00Z,2022-09-10T18:00:00Z,1240,1240,1240,1240,1240,11.42,d30147e56b29d7bbae40e87f359a6e701763867422d9de4b391224699b4b9127,full_tactical_backfill_ok_tmax_gefsatmos_d30147e56b29,C:/Users/ahmad/Desktop/generalFiles/git/weather_markets/weather_data_extraction/bootstrap/hkg_tmax_elite_codex_bootstrap/hkg_tmax_elite_codex/data/_pipeline_internal/raw/gribstream_tactical_full_tactical_backfill_ok_tmax/gefsatmos/run_window_utc=20220906_180000_to_20220910_180000/d30147e56b29d7bbae40e87f359a6e701763867422d9de4b391224699b4b9127.ndjson.gz,api_fetched,0,,,
349,gefsatmos,completed,200,5,2022-09-11T18:00:00Z,2022-09-15T18:00:00Z,1240,1240,1240,1240,1240,11.825,11cc4d3737f4c1f7998fc999b2e17af38fc4122a85dcc1c0ee7992dc3a1a63c4,full_tactical_backfill_ok_tmax_gefsatmos_11cc4d3737f4,C:/Users/ahmad/Desktop/generalFiles/git/weather_markets/weather_data_extraction/bootstrap/hkg_tmax_elite_codex_bootstrap/hkg_tmax_elite_codex/data/_pipeline_internal/raw/gribstream_tactical_full_tactical_backfill_ok_tmax/gefsatmos/run_window_utc=20220911_180000_to_20220915_180000/11cc4d3737f4c1f7998fc999b2e17af38fc4122a85dcc1c0ee7992dc3a1a63c4.ndjson.gz,api_fetched,0,,,
350,gefsatmos,completed,200,5,2022-09-16T18:00:00Z,2022-09-20T18:00:00Z,1240,1240,1240,1240,1240,11.135,4076a41f4a634b36a36a2692a7086bd6b1fdf6327b4f580a528d3142ae66884e,full_tactical_backfill_ok_tmax_gefsatmos_4076a41f4a63,C:/Users/ahmad/Desktop/generalFiles/git/weather_markets/weather_data_extraction/bootstrap/hkg_tmax_elite_codex_bootstrap/hkg_tmax_elite_codex/data/_pipeline_internal/raw/gribstream_tactical_full_tactical_backfill_ok_tmax/gefsatmos/run_window_utc=20220916_180000_to_20220920_180000/4076a41f4a634b36a36a2692a7086bd6b1fdf6327b4f580a528d3142ae66884e.ndjson.gz,api_fetched,0,,,
351,gefsatmos,completed,200,5,2022-09-21T18:00:00Z,2022-09-25T18:00:00Z,1240,1240,1240,1240,1240,11.799,2f5accafa4b9d9f82232d4f405cf069f55fe48c5a87d5b2bdec1a456aa491a98,full_tactical_backfill_ok_tmax_gefsatmos_2f5accafa4b9,C:/Users/ahmad/Desktop/generalFiles/git/weather_markets/weather_data_extraction/bootstrap/hkg_tmax_elite_codex_bootstrap/hkg_tmax_elite_codex/data/_pipeline_internal/raw/gribstream_tactical_full_tactical_backfill_ok_tmax/gefsatmos/run_window_utc=20220921_180000_to_20220925_180000/2f5accafa4b9d9f82232d4f405cf069f55fe48c5a87d5b2bdec1a456aa491a98.ndjson.gz,api_fetched,0,,,
352,gefsatmos,completed,200,5,2022-09-26T18:00:00Z,2022-09-30T18:00:00Z,1240,1240,1240,1240,1240,11.503,79fad897f20f4514d8bae3b575e0dd5265e1aafe1c3e6d3edb224ac995d3d0f8,full_tactical_backfill_ok_tmax_gefsatmos_79fad897f20f,C:/Users/ahmad/Desktop/generalFiles/git/weather_markets/weather_data_extraction/bootstrap/hkg_tmax_elite_codex_bootstrap/hkg_tmax_elite_codex/data/_pipeline_internal/raw/gribstream_tactical_full_tactical_backfill_ok_tmax/gefsatmos/run_window_utc=20220926_180000_to_20220930_180000/79fad897f20f4514d8bae3b575e0dd5265e1aafe1c3e6d3edb224ac995d3d0f8.ndjson.gz,api_fetched,0,,,
353,gefsatmos,completed,200,5,2022-10-01T18:00:00Z,2022-10-05T18:00:00Z,1240,1240,1240,1240,1240,11.488,556606ba2878c4ef1388b68dd40bec374ef90ab3dbf6d86369b4642c78945ec4,full_tactical_backfill_ok_tmax_gefsatmos_556606ba2878,C:/Users/ahmad/Desktop/generalFiles/git/weather_markets/weather_data_extraction/bootstrap/hkg_tmax_elite_codex_bootstrap/hkg_tmax_elite_codex/data/_pipeline_internal/raw/gribstream_tactical_full_tactical_backfill_ok_tmax/gefsatmos/run_window_utc=20221001_180000_to_20221005_180000/556606ba2878c4ef1388b68dd40bec374ef90ab3dbf6d86369b4642c78945ec4.ndjson.gz,api_fetched,0,,,
354,gefsatmos,completed,200,5,2022-10-06T18:00:00Z,2022-10-10T18:00:00Z,1240,1240,1240,1240,1240,11.751,6c5142274c2ac5010ab330a2d8001c2a280d9bb51b10130bccf9a16943b7af14,full_tactical_backfill_ok_tmax_gefsatmos_6c5142274c2a,C:/Users/ahmad/Desktop/generalFiles/git/weather_markets/weather_data_extraction/bootstrap/hkg_tmax_elite_codex_bootstrap/hkg_tmax_elite_codex/data/_pipeline_internal/raw/gribstream_tactical_full_tactical_backfill_ok_tmax/gefsatmos/run_window_utc=20221006_180000_to_20221010_180000/6c5142274c2ac5010ab330a2d8001c2a280d9bb51b10130bccf9a16943b7af14.ndjson.gz,api_fetched,0,,,
355,gefsatmos,completed,200,5,2022-10-11T18:00:00Z,2022-10-15T18:00:00Z,1240,1240,1240,1240,1240,11.457,9cf5defabd52c3a930b3d2e5be038bd1e1f2f478ea74c86c54b787b61d62fce1,full_tactical_backfill_ok_tmax_gefsatmos_9cf5defabd52,C:/Users/ahmad/Desktop/generalFiles/git/weather_markets/weather_data_extraction/bootstrap/hkg_tmax_elite_codex_bootstrap/hkg_tmax_elite_codex/data/_pipeline_internal/raw/gribstream_tactical_full_tactical_backfill_ok_tmax/gefsatmos/run_window_utc=20221011_180000_to_20221015_180000/9cf5defabd52c3a930b3d2e5be038bd1e1f2f478ea74c86c54b787b61d62fce1.ndjson.gz,api_fetched,0,,,
356,gefsatmos,completed,200,5,2022-10-16T18:00:00Z,2022-10-20T18:00:00Z,1240,1240,1240,1240,1240,11.439,87f7571a6e9c470e6a9bfb360678f0a91740bc92867f3c7b52eabb08319fcacc,full_tactical_backfill_ok_tmax_gefsatmos_87f7571a6e9c,C:/Users/ahmad/Desktop/generalFiles/git/weather_markets/weather_data_extraction/bootstrap/hkg_tmax_elite_codex_bootstrap/hkg_tmax_elite_codex/data/_pipeline_internal/raw/gribstream_tactical_full_tactical_backfill_ok_tmax/gefsatmos/run_window_utc=20221016_180000_to_20221020_180000/87f7571a6e9c470e6a9bfb360678f0a91740bc92867f3c7b52eabb08319fcacc.ndjson.gz,api_fetched,0,,,
357,gefsatmos,completed,200,5,2022-10-21T18:00:00Z,2022-10-25T18:00:00Z,1240,1240,1240,1240,1240,11.679,52fcb7e3d0fe374109576af76a2cfc0d7309222f8e19040f4868cef4c850dece,full_tactical_backfill_ok_tmax_gefsatmos_52fcb7e3d0fe,C:/Users/ahmad/Desktop/generalFiles/git/weather_markets/weather_data_extraction/bootstrap/hkg_tmax_elite_codex_bootstrap/hkg_tmax_elite_codex/data/_pipeline_internal/raw/gribstream_tactical_full_tactical_backfill_ok_tmax/gefsatmos/run_window_utc=20221021_180000_to_20221025_180000/52fcb7e3d0fe374109576af76a2cfc0d7309222f8e19040f4868cef4c850dece.ndjson.gz,api_fetched,0,,,
358,gefsatmos,completed,200,5,2022-10-26T18:00:00Z,2022-10-30T18:00:00Z,1240,1240,1240,1240,1240,11.797,daed990a8b9965525cb5821c11973bd0c7540ea822c6d829319884ec0e9f0899,full_tactical_backfill_ok_tmax_gefsatmos_daed990a8b99,C:/Users/ahmad/Desktop/generalFiles/git/weather_markets/weather_data_extraction/bootstrap/hkg_tmax_elite_codex_bootstrap/hkg_tmax_elite_codex/data/_pipeline_internal/raw/gribstream_tactical_full_tactical_backfill_ok_tmax/gefsatmos/run_window_utc=20221026_180000_to_20221030_180000/daed990a8b9965525cb5821c11973bd0c7540ea822c6d829319884ec0e9f0899.ndjson.gz,api_fetched,0,,,
359,gefsatmos,completed,200,5,2022-10-31T18:00:00Z,2022-11-04T18:00:00Z,1240,1240,1240,1240,1240,11.357,8387ff89e3b164cf7b8e78889a22e1ec18ef553631c419b16e9c800dcd7398ff,full_tactical_backfill_ok_tmax_gefsatmos_8387ff89e3b1,C:/Users/ahmad/Desktop/generalFiles/git/weather_markets/weather_data_extraction/bootstrap/hkg_tmax_elite_codex_bootstrap/hkg_tmax_elite_codex/data/_pipeline_internal/raw/gribstream_tactical_full_tactical_backfill_ok_tmax/gefsatmos/run_window_utc=20221031_180000_to_20221104_180000/8387ff89e3b164cf7b8e78889a22e1ec18ef553631c419b16e9c800dcd7398ff.ndjson.gz,api_fetched,0,,,
360,gefsatmos,completed,200,5,2022-11-05T18:00:00Z,2022-11-09T18:00:00Z,1240,1240,1240,1240,1240,11.711,482e939c291aaabc95ce08fac1ad46c5ad4eb3e7d65bd0d11f5bcbcf485e20c0,full_tactical_backfill_ok_tmax_gefsatmos_482e939c291a,C:/Users/ahmad/Desktop/generalFiles/git/weather_markets/weather_data_extraction/bootstrap/hkg_tmax_elite_codex_bootstrap/hkg_tmax_elite_codex/data/_pipeline_internal/raw/gribstream_tactical_full_tactical_backfill_ok_tmax/gefsatmos/run_window_utc=20221105_180000_to_20221109_180000/482e939c291aaabc95ce08fac1ad46c5ad4eb3e7d65bd0d11f5bcbcf485e20c0.ndjson.gz,api_fetched,0,,,
361,gefsatmos,completed,200,5,2022-11-10T18:00:00Z,2022-11-14T18:00:00Z,1240,1240,1240,1240,1240,11.481,397436133042440be29fb23b3793be25e74ea04961bddc309cfcecc71df44d7d,full_tactical_backfill_ok_tmax_gefsatmos_397436133042,C:/Users/ahmad/Desktop/generalFiles/git/weather_markets/weather_data_extraction/bootstrap/hkg_tmax_elite_codex_bootstrap/hkg_tmax_elite_codex/data/_pipeline_internal/raw/gribstream_tactical_full_tactical_backfill_ok_tmax/gefsatmos/run_window_utc=20221110_180000_to_20221114_180000/397436133042440be29fb23b3793be25e74ea04961bddc309cfcecc71df44d7d.ndjson.gz,api_fetched,0,,,
362,gefsatmos,completed,200,5,2022-11-15T18:00:00Z,2022-11-19T18:00:00Z,1240,1240,1240,1240,1240,11.354,d0f3a4df21cfd6f20247eeeab5768d75f3a457e7498229895929c243db90adcf,full_tactical_backfill_ok_tmax_gefsatmos_d0f3a4df21cf,C:/Users/ahmad/Desktop/generalFiles/git/weather_markets/weather_data_extraction/bootstrap/hkg_tmax_elite_codex_bootstrap/hkg_tmax_elite_codex/data/_pipeline_internal/raw/gribstream_tactical_full_tactical_backfill_ok_tmax/gefsatmos/run_window_utc=20221115_180000_to_20221119_180000/d0f3a4df21cfd6f20247eeeab5768d75f3a457e7498229895929c243db90adcf.ndjson.gz,api_fetched,0,,,
363,gefsatmos,completed,200,5,2022-11-20T18:00:00Z,2022-11-24T18:00:00Z,1240,1240,1240,1240,1240,11.488,67acfe056fb0fc5a0aef2647f046f906968c8999355b787d33fc0389ccba0681,full_tactical_backfill_ok_tmax_gefsatmos_67acfe056fb0,C:/Users/ahmad/Desktop/generalFiles/git/weather_markets/weather_data_extraction/bootstrap/hkg_tmax_elite_codex_bootstrap/hkg_tmax_elite_codex/data/_pipeline_internal/raw/gribstream_tactical_full_tactical_backfill_ok_tmax/gefsatmos/run_window_utc=20221120_180000_to_20221124_180000/67acfe056fb0fc5a0aef2647f046f906968c8999355b787d33fc0389ccba0681.ndjson.gz,api_fetched,0,,,
364,gefsatmos,completed,200,5,2022-11-25T18:00:00Z,2022-11-29T18:00:00Z,1240,1240,1240,1240,1240,11.609,e2ec2a25409f68bd201e176f94426954eeec98b08ebfd4b099bbb422c0adc595,full_tactical_backfill_ok_tmax_gefsatmos_e2ec2a25409f,C:/Users/ahmad/Desktop/generalFiles/git/weather_markets/weather_data_extraction/bootstrap/hkg_tmax_elite_codex_bootstrap/hkg_tmax_elite_codex/data/_pipeline_internal/raw/gribstream_tactical_full_tactical_backfill_ok_tmax/gefsatmos/run_window_utc=20221125_180000_to_20221129_180000/e2ec2a25409f68bd201e176f94426954eeec98b08ebfd4b099bbb422c0adc595.ndjson.gz,api_fetched,0,,,
365,gefsatmos,completed,200,5,2022-11-30T18:00:00Z,2022-12-04T18:00:00Z,1240,1240,1240,1240,1240,11.493,e21de6ed011ab680b3d413e181f37ed066266c1e67cdd24dde9b965e5a4e9c5a,full_tactical_backfill_ok_tmax_gefsatmos_e21de6ed011a,C:/Users/ahmad/Desktop/generalFiles/git/weather_markets/weather_data_extraction/bootstrap/hkg_tmax_elite_codex_bootstrap/hkg_tmax_elite_codex/data/_pipeline_internal/raw/gribstream_tactical_full_tactical_backfill_ok_tmax/gefsatmos/run_window_utc=20221130_180000_to_20221204_180000/e21de6ed011ab680b3d413e181f37ed066266c1e67cdd24dde9b965e5a4e9c5a.ndjson.gz,api_fetched,0,,,
366,gefsatmos,completed,200,5,2022-12-05T18:00:00Z,2022-12-09T18:00:00Z,1240,1240,1240,1240,1240,11.585,24f0895059519bde194ebc3e7d99219e2ebaea89257db632f0b3d323ca663ca4,full_tactical_backfill_ok_tmax_gefsatmos_24f089505951,C:/Users/ahmad/Desktop/generalFiles/git/weather_markets/weather_data_extraction/bootstrap/hkg_tmax_elite_codex_bootstrap/hkg_tmax_elite_codex/data/_pipeline_internal/raw/gribstream_tactical_full_tactical_backfill_ok_tmax/gefsatmos/run_window_utc=20221205_180000_to_20221209_180000/24f0895059519bde194ebc3e7d99219e2ebaea89257db632f0b3d323ca663ca4.ndjson.gz,api_fetched,0,,,
367,gefsatmos,completed,200,5,2022-12-10T18:00:00Z,2022-12-14T18:00:00Z,1240,1240,1240,1240,1240,11.295,4c9a17025356b98b3e9cbd4c63af972be2f2e1101a0891b8188afae9d73b3b89,full_tactical_backfill_ok_tmax_gefsatmos_4c9a17025356,C:/Users/ahmad/Desktop/generalFiles/git/weather_markets/weather_data_extraction/bootstrap/hkg_tmax_elite_codex_bootstrap/hkg_tmax_elite_codex/data/_pipeline_internal/raw/gribstream_tactical_full_tactical_backfill_ok_tmax/gefsatmos/run_window_utc=20221210_180000_to_20221214_180000/4c9a17025356b98b3e9cbd4c63af972be2f2e1101a0891b8188afae9d73b3b89.ndjson.gz,api_fetched,0,,,
368,gefsatmos,completed,200,5,2022-12-15T18:00:00Z,2022-12-19T18:00:00Z,1240,1240,1240,1240,1240,11.757,9d1dbadc6c5b3db9ad96296d33bd2edd3be8fafaabe1c64d51cb290c26262d16,full_tactical_backfill_ok_tmax_gefsatmos_9d1dbadc6c5b,C:/Users/ahmad/Desktop/generalFiles/git/weather_markets/weather_data_extraction/bootstrap/hkg_tmax_elite_codex_bootstrap/hkg_tmax_elite_codex/data/_pipeline_internal/raw/gribstream_tactical_full_tactical_backfill_ok_tmax/gefsatmos/run_window_utc=20221215_180000_to_20221219_180000/9d1dbadc6c5b3db9ad96296d33bd2edd3be8fafaabe1c64d51cb290c26262d16.ndjson.gz,api_fetched,0,,,
369,gefsatmos,completed,200,5,2022-12-20T18:00:00Z,2022-12-24T18:00:00Z,1240,1240,1240,1240,1240,11.35,6b55e3a109a70599d69243d1ab1deb35b613e31353c3ea0301cf4c41b818da4d,full_tactical_backfill_ok_tmax_gefsatmos_6b55e3a109a7,C:/Users/ahmad/Desktop/generalFiles/git/weather_markets/weather_data_extraction/bootstrap/hkg_tmax_elite_codex_bootstrap/hkg_tmax_elite_codex/data/_pipeline_internal/raw/gribstream_tactical_full_tactical_backfill_ok_tmax/gefsatmos/run_window_utc=20221220_180000_to_20221224_180000/6b55e3a109a70599d69243d1ab1deb35b613e31353c3ea0301cf4c41b818da4d.ndjson.gz,api_fetched,0,,,
370,gefsatmos,completed,200,5,2022-12-25T18:00:00Z,2022-12-29T18:00:00Z,1240,1240,1240,1240,1240,11.768,b5b4a19e8b86b418ffa58796f0c1c85956aa20fa5d258777b601efbb69a9c497,full_tactical_backfill_ok_tmax_gefsatmos_b5b4a19e8b86,C:/Users/ahmad/Desktop/generalFiles/git/weather_markets/weather_data_extraction/bootstrap/hkg_tmax_elite_codex_bootstrap/hkg_tmax_elite_codex/data/_pipeline_internal/raw/gribstream_tactical_full_tactical_backfill_ok_tmax/gefsatmos/run_window_utc=20221225_180000_to_20221229_180000/b5b4a19e8b86b418ffa58796f0c1c85956aa20fa5d258777b601efbb69a9c497.ndjson.gz,api_fetched,0,,,
371,gefsatmos,completed,200,5,2022-12-30T18:00:00Z,2023-01-03T18:00:00Z,1240,1240,1240,1240,1240,11.542,478f0b5cf6568902f43389cf13238d32c2c5be441d434d32305ca1464f4012e1,full_tactical_backfill_ok_tmax_gefsatmos_478f0b5cf656,C:/Users/ahmad/Desktop/generalFiles/git/weather_markets/weather_data_extraction/bootstrap/hkg_tmax_elite_codex_bootstrap/hkg_tmax_elite_codex/data/_pipeline_internal/raw/gribstream_tactical_full_tactical_backfill_ok_tmax/gefsatmos/run_window_utc=20221230_180000_to_20230103_180000/478f0b5cf6568902f43389cf13238d32c2c5be441d434d32305ca1464f4012e1.ndjson.gz,api_fetched,0,,,
372,gefsatmos,completed,200,5,2023-01-04T18:00:00Z,2023-01-08T18:00:00Z,1240,1240,1240,1240,1240,11.431,c15f49ae01ebe486088b3004d740ba55166e1b96b9e2a1c682f53692c328e0e1,full_tactical_backfill_ok_tmax_gefsatmos_c15f49ae01eb,C:/Users/ahmad/Desktop/generalFiles/git/weather_markets/weather_data_extraction/bootstrap/hkg_tmax_elite_codex_bootstrap/hkg_tmax_elite_codex/data/_pipeline_internal/raw/gribstream_tactical_full_tactical_backfill_ok_tmax/gefsatmos/run_window_utc=20230104_180000_to_20230108_180000/c15f49ae01ebe486088b3004d740ba55166e1b96b9e2a1c682f53692c328e0e1.ndjson.gz,api_fetched,0,,,
373,gefsatmos,completed,200,5,2023-01-09T18:00:00Z,2023-01-13T18:00:00Z,1240,1240,1240,1240,1240,11.877,4d222b3278ebb8c77bea49d7629782d4b5a84ed058519ce02bc8b8e4048be32a,full_tactical_backfill_ok_tmax_gefsatmos_4d222b3278eb,C:/Users/ahmad/Desktop/generalFiles/git/weather_markets/weather_data_extraction/bootstrap/hkg_tmax_elite_codex_bootstrap/hkg_tmax_elite_codex/data/_pipeline_internal/raw/gribstream_tactical_full_tactical_backfill_ok_tmax/gefsatmos/run_window_utc=20230109_180000_to_20230113_180000/4d222b3278ebb8c77bea49d7629782d4b5a84ed058519ce02bc8b8e4048be32a.ndjson.gz,api_fetched,0,,,
374,gefsatmos,completed,200,5,2023-01-14T18:00:00Z,2023-01-18T18:00:00Z,1240,1240,1240,1240,1240,11.047,81b5389c60b257b91e8cd3a559cc389c331e6585f2dc7bde6c5fd350af5c2da0,full_tactical_backfill_ok_tmax_gefsatmos_81b5389c60b2,C:/Users/ahmad/Desktop/generalFiles/git/weather_markets/weather_data_extraction/bootstrap/hkg_tmax_elite_codex_bootstrap/hkg_tmax_elite_codex/data/_pipeline_internal/raw/gribstream_tactical_full_tactical_backfill_ok_tmax/gefsatmos/run_window_utc=20230114_180000_to_20230118_180000/81b5389c60b257b91e8cd3a559cc389c331e6585f2dc7bde6c5fd350af5c2da0.ndjson.gz,api_fetched,0,,,
375,gefsatmos,completed,200,5,2023-01-19T18:00:00Z,2023-01-23T18:00:00Z,1240,1240,1240,1240,1240,11.462,022f62aad8afff238064d51a2bb2d8110b808e38ddc02556716d3a7376153f3b,full_tactical_backfill_ok_tmax_gefsatmos_022f62aad8af,C:/Users/ahmad/Desktop/generalFiles/git/weather_markets/weather_data_extraction/bootstrap/hkg_tmax_elite_codex_bootstrap/hkg_tmax_elite_codex/data/_pipeline_internal/raw/gribstream_tactical_full_tactical_backfill_ok_tmax/gefsatmos/run_window_utc=20230119_180000_to_20230123_180000/022f62aad8afff238064d51a2bb2d8110b808e38ddc02556716d3a7376153f3b.ndjson.gz,api_fetched,0,,,
376,gefsatmos,completed,200,5,2023-01-24T18:00:00Z,2023-01-28T18:00:00Z,1240,1240,1240,1240,1240,11.503,6dad57d5fab5b04f5bcfe8c913ef87b14ee16a0326476b2f96e9900ae971349f,full_tactical_backfill_ok_tmax_gefsatmos_6dad57d5fab5,C:/Users/ahmad/Desktop/generalFiles/git/weather_markets/weather_data_extraction/bootstrap/hkg_tmax_elite_codex_bootstrap/hkg_tmax_elite_codex/data/_pipeline_internal/raw/gribstream_tactical_full_tactical_backfill_ok_tmax/gefsatmos/run_window_utc=20230124_180000_to_20230128_180000/6dad57d5fab5b04f5bcfe8c913ef87b14ee16a0326476b2f96e9900ae971349f.ndjson.gz,api_fetched,0,,,
377,gefsatmos,completed,200,5,2023-01-29T18:00:00Z,2023-02-02T18:00:00Z,1240,1240,1240,1240,1240,11.572,57eab1178a32261436a4a8d2ace461d3252b59dd5cd6d7c7bdff89e90ab96784,full_tactical_backfill_ok_tmax_gefsatmos_57eab1178a32,C:/Users/ahmad/Desktop/generalFiles/git/weather_markets/weather_data_extraction/bootstrap/hkg_tmax_elite_codex_bootstrap/hkg_tmax_elite_codex/data/_pipeline_internal/raw/gribstream_tactical_full_tactical_backfill_ok_tmax/gefsatmos/run_window_utc=20230129_180000_to_20230202_180000/57eab1178a32261436a4a8d2ace461d3252b59dd5cd6d7c7bdff89e90ab96784.ndjson.gz,api_fetched,0,,,
378,gefsatmos,completed,200,5,2023-02-03T18:00:00Z,2023-02-07T18:00:00Z,1240,1240,1240,1240,1240,11.331,966e8973d90ae2714486b420feee6d06e1495121ee2dc3fc3a600d0033c123b7,full_tactical_backfill_ok_tmax_gefsatmos_966e8973d90a,C:/Users/ahmad/Desktop/generalFiles/git/weather_markets/weather_data_extraction/bootstrap/hkg_tmax_elite_codex_bootstrap/hkg_tmax_elite_codex/data/_pipeline_internal/raw/gribstream_tactical_full_tactical_backfill_ok_tmax/gefsatmos/run_window_utc=20230203_180000_to_20230207_180000/966e8973d90ae2714486b420feee6d06e1495121ee2dc3fc3a600d0033c123b7.ndjson.gz,api_fetched,0,,,
379,gefsatmos,completed,200,5,2023-02-08T18:00:00Z,2023-02-12T18:00:00Z,1240,1240,1240,1240,1240,11.733,89abd5a32d013b41798f9e447c1f16835816b4348a02d324ea28d73d1f3f824b,full_tactical_backfill_ok_tmax_gefsatmos_89abd5a32d01,C:/Users/ahmad/Desktop/generalFiles/git/weather_markets/weather_data_extraction/bootstrap/hkg_tmax_elite_codex_bootstrap/hkg_tmax_elite_codex/data/_pipeline_internal/raw/gribstream_tactical_full_tactical_backfill_ok_tmax/gefsatmos/run_window_utc=20230208_180000_to_20230212_180000/89abd5a32d013b41798f9e447c1f16835816b4348a02d324ea28d73d1f3f824b.ndjson.gz,api_fetched,0,,,
380,gefsatmos,completed,200,5,2023-02-13T18:00:00Z,2023-02-17T18:00:00Z,1240,1240,1240,1240,1240,11.419,ae76a4ef98bf09f3c50212e00ccda16f488ea85d307f686913368feaf1a51ea6,full_tactical_backfill_ok_tmax_gefsatmos_ae76a4ef98bf,C:/Users/ahmad/Desktop/generalFiles/git/weather_markets/weather_data_extraction/bootstrap/hkg_tmax_elite_codex_bootstrap/hkg_tmax_elite_codex/data/_pipeline_internal/raw/gribstream_tactical_full_tactical_backfill_ok_tmax/gefsatmos/run_window_utc=20230213_180000_to_20230217_180000/ae76a4ef98bf09f3c50212e00ccda16f488ea85d307f686913368feaf1a51ea6.ndjson.gz,api_fetched,0,,,
381,gefsatmos,completed,200,5,2023-02-18T18:00:00Z,2023-02-22T18:00:00Z,1240,1240,1240,1240,1240,11.955,8cccd556c2624e7b10ba9fa9ec8cc9621f060a5cf023efff4fa0c6905f9e22bf,full_tactical_backfill_ok_tmax_gefsatmos_8cccd556c262,C:/Users/ahmad/Desktop/generalFiles/git/weather_markets/weather_data_extraction/bootstrap/hkg_tmax_elite_codex_bootstrap/hkg_tmax_elite_codex/data/_pipeline_internal/raw/gribstream_tactical_full_tactical_backfill_ok_tmax/gefsatmos/run_window_utc=20230218_180000_to_20230222_180000/8cccd556c2624e7b10ba9fa9ec8cc9621f060a5cf023efff4fa0c6905f9e22bf.ndjson.gz,api_fetched,0,,,
382,gefsatmos,completed,200,5,2023-02-23T18:00:00Z,2023-02-27T18:00:00Z,1240,1240,1240,1240,1240,11.115,b395b61d904bcdc47b46d403770f909b675342ecb3448696138f8186a5cd1b9b,full_tactical_backfill_ok_tmax_gefsatmos_b395b61d904b,C:/Users/ahmad/Desktop/generalFiles/git/weather_markets/weather_data_extraction/bootstrap/hkg_tmax_elite_codex_bootstrap/hkg_tmax_elite_codex/data/_pipeline_internal/raw/gribstream_tactical_full_tactical_backfill_ok_tmax/gefsatmos/run_window_utc=20230223_180000_to_20230227_180000/b395b61d904bcdc47b46d403770f909b675342ecb3448696138f8186a5cd1b9b.ndjson.gz,api_fetched,0,,,
383,gefsatmos,completed,200,5,2023-02-28T18:00:00Z,2023-03-04T18:00:00Z,1240,1240,1240,1240,1240,10.977,76d44651349f3fb1b92d2285a17ef7cae70c310e7df5b91f57dff5a54805b934,full_tactical_backfill_ok_tmax_gefsatmos_76d44651349f,C:/Users/ahmad/Desktop/generalFiles/git/weather_markets/weather_data_extraction/bootstrap/hkg_tmax_elite_codex_bootstrap/hkg_tmax_elite_codex/data/_pipeline_internal/raw/gribstream_tactical_full_tactical_backfill_ok_tmax/gefsatmos/run_window_utc=20230228_180000_to_20230304_180000/76d44651349f3fb1b92d2285a17ef7cae70c310e7df5b91f57dff5a54805b934.ndjson.gz,api_fetched,0,,,
384,gefsatmos,completed,200,5,2023-03-05T18:00:00Z,2023-03-09T18:00:00Z,1240,1240,1240,1240,1240,11.899,a69090e17e39d4bb4cf45710df191f77aa928ca52dcd21086579fe2db7a5c9ea,full_tactical_backfill_ok_tmax_gefsatmos_a69090e17e39,C:/Users/ahmad/Desktop/generalFiles/git/weather_markets/weather_data_extraction/bootstrap/hkg_tmax_elite_codex_bootstrap/hkg_tmax_elite_codex/data/_pipeline_internal/raw/gribstream_tactical_full_tactical_backfill_ok_tmax/gefsatmos/run_window_utc=20230305_180000_to_20230309_180000/a69090e17e39d4bb4cf45710df191f77aa928ca52dcd21086579fe2db7a5c9ea.ndjson.gz,api_fetched,0,,,
385,gefsatmos,completed,200,5,2023-03-10T18:00:00Z,2023-03-14T18:00:00Z,1240,1240,1240,1240,1240,11.505,44ccb5433e782c16805ac5195b7cf8769b40ccb0371582f2886e170273f39d94,full_tactical_backfill_ok_tmax_gefsatmos_44ccb5433e78,C:/Users/ahmad/Desktop/generalFiles/git/weather_markets/weather_data_extraction/bootstrap/hkg_tmax_elite_codex_bootstrap/hkg_tmax_elite_codex/data/_pipeline_internal/raw/gribstream_tactical_full_tactical_backfill_ok_tmax/gefsatmos/run_window_utc=20230310_180000_to_20230314_180000/44ccb5433e782c16805ac5195b7cf8769b40ccb0371582f2886e170273f39d94.ndjson.gz,api_fetched,0,,,
386,gefsatmos,completed,200,5,2023-03-15T18:00:00Z,2023-03-19T18:00:00Z,1240,1240,1240,1240,1240,11.49,8d47a9426e7ce802bf4a00d1b288791f5ca21281269b92cccb2d506064f74937,full_tactical_backfill_ok_tmax_gefsatmos_8d47a9426e7c,C:/Users/ahmad/Desktop/generalFiles/git/weather_markets/weather_data_extraction/bootstrap/hkg_tmax_elite_codex_bootstrap/hkg_tmax_elite_codex/data/_pipeline_internal/raw/gribstream_tactical_full_tactical_backfill_ok_tmax/gefsatmos/run_window_utc=20230315_180000_to_20230319_180000/8d47a9426e7ce802bf4a00d1b288791f5ca21281269b92cccb2d506064f74937.ndjson.gz,api_fetched,0,,,
387,gefsatmos,completed,200,5,2023-03-20T18:00:00Z,2023-03-24T18:00:00Z,1240,1240,1240,1240,1240,11.633,61e5d4450ecfd7a0ce318ce3b9e1d1630ce87fec61b3387bbcf005e8f8d61c18,full_tactical_backfill_ok_tmax_gefsatmos_61e5d4450ecf,C:/Users/ahmad/Desktop/generalFiles/git/weather_markets/weather_data_extraction/bootstrap/hkg_tmax_elite_codex_bootstrap/hkg_tmax_elite_codex/data/_pipeline_internal/raw/gribstream_tactical_full_tactical_backfill_ok_tmax/gefsatmos/run_window_utc=20230320_180000_to_20230324_180000/61e5d4450ecfd7a0ce318ce3b9e1d1630ce87fec61b3387bbcf005e8f8d61c18.ndjson.gz,api_fetched,0,,,
388,gefsatmos,completed,200,5,2023-03-25T18:00:00Z,2023-03-29T18:00:00Z,1240,1240,1240,1240,1240,11.432,cac8202495e4f8f073e06f43a53073ea21f0cb6fe619b064ad400ab09227a8ea,full_tactical_backfill_ok_tmax_gefsatmos_cac8202495e4,C:/Users/ahmad/Desktop/generalFiles/git/weather_markets/weather_data_extraction/bootstrap/hkg_tmax_elite_codex_bootstrap/hkg_tmax_elite_codex/data/_pipeline_internal/raw/gribstream_tactical_full_tactical_backfill_ok_tmax/gefsatmos/run_window_utc=20230325_180000_to_20230329_180000/cac8202495e4f8f073e06f43a53073ea21f0cb6fe619b064ad400ab09227a8ea.ndjson.gz,api_fetched,0,,,
389,gefsatmos,completed,200,5,2023-03-30T18:00:00Z,2023-04-03T18:00:00Z,1240,1240,1240,1240,1240,11.25,434a4f668d379d7e65529edc6911493cb76a3a55c009fa061bb77b078f88e9cd,full_tactical_backfill_ok_tmax_gefsatmos_434a4f668d37,C:/Users/ahmad/Desktop/generalFiles/git/weather_markets/weather_data_extraction/bootstrap/hkg_tmax_elite_codex_bootstrap/hkg_tmax_elite_codex/data/_pipeline_internal/raw/gribstream_tactical_full_tactical_backfill_ok_tmax/gefsatmos/run_window_utc=20230330_180000_to_20230403_180000/434a4f668d379d7e65529edc6911493cb76a3a55c009fa061bb77b078f88e9cd.ndjson.gz,api_fetched,0,,,
390,gefsatmos,completed,200,5,2023-04-04T18:00:00Z,2023-04-08T18:00:00Z,1240,1240,1240,1240,1240,11.507,203e0fdf72a8b70fd00b84a3e4f4ed68c87fb6a7ad5b56151e97335483925388,full_tactical_backfill_ok_tmax_gefsatmos_203e0fdf72a8,C:/Users/ahmad/Desktop/generalFiles/git/weather_markets/weather_data_extraction/bootstrap/hkg_tmax_elite_codex_bootstrap/hkg_tmax_elite_codex/data/_pipeline_internal/raw/gribstream_tactical_full_tactical_backfill_ok_tmax/gefsatmos/run_window_utc=20230404_180000_to_20230408_180000/203e0fdf72a8b70fd00b84a3e4f4ed68c87fb6a7ad5b56151e97335483925388.ndjson.gz,api_fetched,0,,,
391,gefsatmos,completed,200,5,2023-04-09T18:00:00Z,2023-04-13T18:00:00Z,1240,1240,1240,1240,1240,11.214,bc8d1a0881cbb4a1f5fa2ad93ed124e8904aa40e72d97e62686e43317fa58271,full_tactical_backfill_ok_tmax_gefsatmos_bc8d1a0881cb,C:/Users/ahmad/Desktop/generalFiles/git/weather_markets/weather_data_extraction/bootstrap/hkg_tmax_elite_codex_bootstrap/hkg_tmax_elite_codex/data/_pipeline_internal/raw/gribstream_tactical_full_tactical_backfill_ok_tmax/gefsatmos/run_window_utc=20230409_180000_to_20230413_180000/bc8d1a0881cbb4a1f5fa2ad93ed124e8904aa40e72d97e62686e43317fa58271.ndjson.gz,api_fetched,0,,,
392,gefsatmos,completed,200,5,2023-04-14T18:00:00Z,2023-04-18T18:00:00Z,1240,1240,1240,1240,1240,11.677,92383329fa906348b2c3815735efe2d380dae4bd53040c46421bad3f7a28e4af,full_tactical_backfill_ok_tmax_gefsatmos_92383329fa90,C:/Users/ahmad/Desktop/generalFiles/git/weather_markets/weather_data_extraction/bootstrap/hkg_tmax_elite_codex_bootstrap/hkg_tmax_elite_codex/data/_pipeline_internal/raw/gribstream_tactical_full_tactical_backfill_ok_tmax/gefsatmos/run_window_utc=20230414_180000_to_20230418_180000/92383329fa906348b2c3815735efe2d380dae4bd53040c46421bad3f7a28e4af.ndjson.gz,api_fetched,0,,,
393,gefsatmos,completed,200,5,2023-04-19T18:00:00Z,2023-04-23T18:00:00Z,1240,1240,1240,1240,1240,11.923,a56a6c10d27e4ccaad9fec39cebd5c26d89f9902e07c28114f7acbe0584640b7,full_tactical_backfill_ok_tmax_gefsatmos_a56a6c10d27e,C:/Users/ahmad/Desktop/generalFiles/git/weather_markets/weather_data_extraction/bootstrap/hkg_tmax_elite_codex_bootstrap/hkg_tmax_elite_codex/data/_pipeline_internal/raw/gribstream_tactical_full_tactical_backfill_ok_tmax/gefsatmos/run_window_utc=20230419_180000_to_20230423_180000/a56a6c10d27e4ccaad9fec39cebd5c26d89f9902e07c28114f7acbe0584640b7.ndjson.gz,api_fetched,0,,,
394,gefsatmos,completed,200,5,2023-04-24T18:00:00Z,2023-04-28T18:00:00Z,1240,1240,1240,1240,1240,11.423,04750c6d9c065fb0edd1e4396efd35e3ec4097804dbf7f928fa2c11722c66b1c,full_tactical_backfill_ok_tmax_gefsatmos_04750c6d9c06,C:/Users/ahmad/Desktop/generalFiles/git/weather_markets/weather_data_extraction/bootstrap/hkg_tmax_elite_codex_bootstrap/hkg_tmax_elite_codex/data/_pipeline_internal/raw/gribstream_tactical_full_tactical_backfill_ok_tmax/gefsatmos/run_window_utc=20230424_180000_to_20230428_180000/04750c6d9c065fb0edd1e4396efd35e3ec4097804dbf7f928fa2c11722c66b1c.ndjson.gz,api_fetched,0,,,
395,gefsatmos,completed,200,5,2023-04-29T18:00:00Z,2023-05-03T18:00:00Z,1240,1240,1240,1240,1240,11.288,8ec499ac3b3f10dbc1bcf7361b7adedcf235d7e2c36623687c662805995d53ba,full_tactical_backfill_ok_tmax_gefsatmos_8ec499ac3b3f,C:/Users/ahmad/Desktop/generalFiles/git/weather_markets/weather_data_extraction/bootstrap/hkg_tmax_elite_codex_bootstrap/hkg_tmax_elite_codex/data/_pipeline_internal/raw/gribstream_tactical_full_tactical_backfill_ok_tmax/gefsatmos/run_window_utc=20230429_180000_to_20230503_180000/8ec499ac3b3f10dbc1bcf7361b7adedcf235d7e2c36623687c662805995d53ba.ndjson.gz,api_fetched,0,,,
396,gefsatmos,completed,200,5,2023-05-04T18:00:00Z,2023-05-08T18:00:00Z,1240,1240,1240,1240,1240,11.523,72dfee200bee74f5b9a07753e93b864f36832509209ab69ffcdbd1667bfa59b2,full_tactical_backfill_ok_tmax_gefsatmos_72dfee200bee,C:/Users/ahmad/Desktop/generalFiles/git/weather_markets/weather_data_extraction/bootstrap/hkg_tmax_elite_codex_bootstrap/hkg_tmax_elite_codex/data/_pipeline_internal/raw/gribstream_tactical_full_tactical_backfill_ok_tmax/gefsatmos/run_window_utc=20230504_180000_to_20230508_180000/72dfee200bee74f5b9a07753e93b864f36832509209ab69ffcdbd1667bfa59b2.ndjson.gz,api_fetched,0,,,
397,gefsatmos,completed,200,5,2023-05-09T18:00:00Z,2023-05-13T18:00:00Z,1240,1240,1240,1240,1240,11.667,2eb115edf1688f81f9d14b86336c80f1ffc873e91a3950afb318c32e6f52fd87,full_tactical_backfill_ok_tmax_gefsatmos_2eb115edf168,C:/Users/ahmad/Desktop/generalFiles/git/weather_markets/weather_data_extraction/bootstrap/hkg_tmax_elite_codex_bootstrap/hkg_tmax_elite_codex/data/_pipeline_internal/raw/gribstream_tactical_full_tactical_backfill_ok_tmax/gefsatmos/run_window_utc=20230509_180000_to_20230513_180000/2eb115edf1688f81f9d14b86336c80f1ffc873e91a3950afb318c32e6f52fd87.ndjson.gz,api_fetched,0,,,
398,gefsatmos,completed,200,5,2023-05-14T18:00:00Z,2023-05-18T18:00:00Z,1240,1240,1240,1240,1240,11.617,1b9dcbc13f7b65d132b97c1ebf0b6da84fb757e4e435e161f32ed6fe6cc6c785,full_tactical_backfill_ok_tmax_gefsatmos_1b9dcbc13f7b,C:/Users/ahmad/Desktop/generalFiles/git/weather_markets/weather_data_extraction/bootstrap/hkg_tmax_elite_codex_bootstrap/hkg_tmax_elite_codex/data/_pipeline_internal/raw/gribstream_tactical_full_tactical_backfill_ok_tmax/gefsatmos/run_window_utc=20230514_180000_to_20230518_180000/1b9dcbc13f7b65d132b97c1ebf0b6da84fb757e4e435e161f32ed6fe6cc6c785.ndjson.gz,api_fetched,0,,,
399,gefsatmos,completed,200,5,2023-05-19T18:00:00Z,2023-05-23T18:00:00Z,992,992,992,1240,1240,10.304,05e7c56f55c545ff52a87b14bb823c01062aaef2477144eda7d275091dbb67b1,full_tactical_backfill_ok_tmax_gefsatmos_05e7c56f55c5,C:/Users/ahmad/Desktop/generalFiles/git/weather_markets/weather_data_extraction/bootstrap/hkg_tmax_elite_codex_bootstrap/hkg_tmax_elite_codex/data/_pipeline_internal/raw/gribstream_tactical_full_tactical_backfill_ok_tmax/gefsatmos/run_window_utc=20230519_180000_to_20230523_180000/05e7c56f55c545ff52a87b14bb823c01062aaef2477144eda7d275091dbb67b1.ndjson.gz,api_fetched,0,,,
400,gefsatmos,completed,200,5,2023-05-24T18:00:00Z,2023-05-28T18:00:00Z,1240,1240,1240,1240,1240,12.563,f2c22ba15a3dffe7889271f0a31d3a6d05f1560b7b2045cacb4b76bc5ba23aed,full_tactical_backfill_ok_tmax_gefsatmos_f2c22ba15a3d,C:/Users/ahmad/Desktop/generalFiles/git/weather_markets/weather_data_extraction/bootstrap/hkg_tmax_elite_codex_bootstrap/hkg_tmax_elite_codex/data/_pipeline_internal/raw/gribstream_tactical_full_tactical_backfill_ok_tmax/gefsatmos/run_window_utc=20230524_180000_to_20230528_180000/f2c22ba15a3dffe7889271f0a31d3a6d05f1560b7b2045cacb4b76bc5ba23aed.ndjson.gz,api_fetched,0,,,
401,gefsatmos,completed,200,5,2023-05-29T18:00:00Z,2023-06-02T18:00:00Z,1240,1240,1240,1240,1240,11.74,94aa9a34d1ecba0b384ff48f6d1ff870e154c1dab1ad82f48d2560cf47f63420,full_tactical_backfill_ok_tmax_gefsatmos_94aa9a34d1ec,C:/Users/ahmad/Desktop/generalFiles/git/weather_markets/weather_data_extraction/bootstrap/hkg_tmax_elite_codex_bootstrap/hkg_tmax_elite_codex/data/_pipeline_internal/raw/gribstream_tactical_full_tactical_backfill_ok_tmax/gefsatmos/run_window_utc=20230529_180000_to_20230602_180000/94aa9a34d1ecba0b384ff48f6d1ff870e154c1dab1ad82f48d2560cf47f63420.ndjson.gz,api_fetched,0,,,
402,gefsatmos,completed,200,5,2023-06-03T18:00:00Z,2023-06-07T18:00:00Z,1240,1240,1240,1240,1240,11.378,ba27daaf2d7e2a3adcd234a638e38fa7f2bc4b818761fc66e68250c04a51911e,full_tactical_backfill_ok_tmax_gefsatmos_ba27daaf2d7e,C:/Users/ahmad/Desktop/generalFiles/git/weather_markets/weather_data_extraction/bootstrap/hkg_tmax_elite_codex_bootstrap/hkg_tmax_elite_codex/data/_pipeline_internal/raw/gribstream_tactical_full_tactical_backfill_ok_tmax/gefsatmos/run_window_utc=20230603_180000_to_20230607_180000/ba27daaf2d7e2a3adcd234a638e38fa7f2bc4b818761fc66e68250c04a51911e.ndjson.gz,api_fetched,0,,,
403,gefsatmos,completed,200,5,2023-06-08T18:00:00Z,2023-06-12T18:00:00Z,1240,1240,1240,1240,1240,11.436,9d1298ec80a8b854d54b479632790d1614c39afa44faadfc4c6709e0ba4ec442,full_tactical_backfill_ok_tmax_gefsatmos_9d1298ec80a8,C:/Users/ahmad/Desktop/generalFiles/git/weather_markets/weather_data_extraction/bootstrap/hkg_tmax_elite_codex_bootstrap/hkg_tmax_elite_codex/data/_pipeline_internal/raw/gribstream_tactical_full_tactical_backfill_ok_tmax/gefsatmos/run_window_utc=20230608_180000_to_20230612_180000/9d1298ec80a8b854d54b479632790d1614c39afa44faadfc4c6709e0ba4ec442.ndjson.gz,api_fetched,0,,,
404,gefsatmos,completed,200,5,2023-06-13T18:00:00Z,2023-06-17T18:00:00Z,1240,1240,1240,1240,1240,11.672,4eedf6b2c0d1faee0ccb51a1dae52cb4ca040dc226076e08f892acd1d4aca41b,full_tactical_backfill_ok_tmax_gefsatmos_4eedf6b2c0d1,C:/Users/ahmad/Desktop/generalFiles/git/weather_markets/weather_data_extraction/bootstrap/hkg_tmax_elite_codex_bootstrap/hkg_tmax_elite_codex/data/_pipeline_internal/raw/gribstream_tactical_full_tactical_backfill_ok_tmax/gefsatmos/run_window_utc=20230613_180000_to_20230617_180000/4eedf6b2c0d1faee0ccb51a1dae52cb4ca040dc226076e08f892acd1d4aca41b.ndjson.gz,api_fetched,0,,,
405,gefsatmos,completed,200,5,2023-06-18T18:00:00Z,2023-06-22T18:00:00Z,1240,1240,1240,1240,1240,11.596,c728e78e8a006f7ffb735f65592a41f436ecc82ab6517d3d5a0238a114ba22a5,full_tactical_backfill_ok_tmax_gefsatmos_c728e78e8a00,C:/Users/ahmad/Desktop/generalFiles/git/weather_markets/weather_data_extraction/bootstrap/hkg_tmax_elite_codex_bootstrap/hkg_tmax_elite_codex/data/_pipeline_internal/raw/gribstream_tactical_full_tactical_backfill_ok_tmax/gefsatmos/run_window_utc=20230618_180000_to_20230622_180000/c728e78e8a006f7ffb735f65592a41f436ecc82ab6517d3d5a0238a114ba22a5.ndjson.gz,api_fetched,0,,,
406,gefsatmos,completed,200,5,2023-06-23T18:00:00Z,2023-06-27T18:00:00Z,1240,1240,1240,1240,1240,11.323,17179ba09b33d868fd47fb6fc0c5d21219f0c55ff465b7808c2a9d1e81eec5c3,full_tactical_backfill_ok_tmax_gefsatmos_17179ba09b33,C:/Users/ahmad/Desktop/generalFiles/git/weather_markets/weather_data_extraction/bootstrap/hkg_tmax_elite_codex_bootstrap/hkg_tmax_elite_codex/data/_pipeline_internal/raw/gribstream_tactical_full_tactical_backfill_ok_tmax/gefsatmos/run_window_utc=20230623_180000_to_20230627_180000/17179ba09b33d868fd47fb6fc0c5d21219f0c55ff465b7808c2a9d1e81eec5c3.ndjson.gz,api_fetched,0,,,
407,gefsatmos,completed,200,5,2023-06-28T18:00:00Z,2023-07-02T18:00:00Z,1240,1240,1240,1240,1240,11.69,e8812938c98d2d686dcd916c8c8329ae971e91d7aa6b206931934e8e56519c5a,full_tactical_backfill_ok_tmax_gefsatmos_e8812938c98d,C:/Users/ahmad/Desktop/generalFiles/git/weather_markets/weather_data_extraction/bootstrap/hkg_tmax_elite_codex_bootstrap/hkg_tmax_elite_codex/data/_pipeline_internal/raw/gribstream_tactical_full_tactical_backfill_ok_tmax/gefsatmos/run_window_utc=20230628_180000_to_20230702_180000/e8812938c98d2d686dcd916c8c8329ae971e91d7aa6b206931934e8e56519c5a.ndjson.gz,api_fetched,0,,,
408,gefsatmos,completed,200,5,2023-07-03T18:00:00Z,2023-07-07T18:00:00Z,1240,1240,1240,1240,1240,11.301,659ee7f271fb9f4ea86c8b4da802cb65e613539d00147c81a63f58c35363253c,full_tactical_backfill_ok_tmax_gefsatmos_659ee7f271fb,C:/Users/ahmad/Desktop/generalFiles/git/weather_markets/weather_data_extraction/bootstrap/hkg_tmax_elite_codex_bootstrap/hkg_tmax_elite_codex/data/_pipeline_internal/raw/gribstream_tactical_full_tactical_backfill_ok_tmax/gefsatmos/run_window_utc=20230703_180000_to_20230707_180000/659ee7f271fb9f4ea86c8b4da802cb65e613539d00147c81a63f58c35363253c.ndjson.gz,api_fetched,0,,,
409,gefsatmos,completed,200,5,2023-07-08T18:00:00Z,2023-07-12T18:00:00Z,1240,1240,1240,1240,1240,11.958,ec856ed638202d2ad71e48d4a96d52614f53969fec8a73c07b082e140afb6af6,full_tactical_backfill_ok_tmax_gefsatmos_ec856ed63820,C:/Users/ahmad/Desktop/generalFiles/git/weather_markets/weather_data_extraction/bootstrap/hkg_tmax_elite_codex_bootstrap/hkg_tmax_elite_codex/data/_pipeline_internal/raw/gribstream_tactical_full_tactical_backfill_ok_tmax/gefsatmos/run_window_utc=20230708_180000_to_20230712_180000/ec856ed638202d2ad71e48d4a96d52614f53969fec8a73c07b082e140afb6af6.ndjson.gz,api_fetched,0,,,
410,gefsatmos,completed,200,5,2023-07-13T18:00:00Z,2023-07-17T18:00:00Z,1240,1240,1240,1240,1240,11.41,978628ff73e1aad330bd2f2cb9de95bb5c8dcb5a5896271fafc53118305b9cf7,full_tactical_backfill_ok_tmax_gefsatmos_978628ff73e1,C:/Users/ahmad/Desktop/generalFiles/git/weather_markets/weather_data_extraction/bootstrap/hkg_tmax_elite_codex_bootstrap/hkg_tmax_elite_codex/data/_pipeline_internal/raw/gribstream_tactical_full_tactical_backfill_ok_tmax/gefsatmos/run_window_utc=20230713_180000_to_20230717_180000/978628ff73e1aad330bd2f2cb9de95bb5c8dcb5a5896271fafc53118305b9cf7.ndjson.gz,api_fetched,0,,,
411,gefsatmos,completed,200,5,2023-07-18T18:00:00Z,2023-07-22T18:00:00Z,1240,1240,1240,1240,1240,11.418,f10c0acf6beee300615b0124834b99cb522e31e48a850175b6026f7f89ece911,full_tactical_backfill_ok_tmax_gefsatmos_f10c0acf6bee,C:/Users/ahmad/Desktop/generalFiles/git/weather_markets/weather_data_extraction/bootstrap/hkg_tmax_elite_codex_bootstrap/hkg_tmax_elite_codex/data/_pipeline_internal/raw/gribstream_tactical_full_tactical_backfill_ok_tmax/gefsatmos/run_window_utc=20230718_180000_to_20230722_180000/f10c0acf6beee300615b0124834b99cb522e31e48a850175b6026f7f89ece911.ndjson.gz,api_fetched,0,,,
412,gefsatmos,completed,200,5,2023-07-23T18:00:00Z,2023-07-27T18:00:00Z,1240,1240,1240,1240,1240,11.642,1c64a5fb114132f47d9536d341168f25827b24fdb68f441db5b5ce4eb2c6c5bf,full_tactical_backfill_ok_tmax_gefsatmos_1c64a5fb1141,C:/Users/ahmad/Desktop/generalFiles/git/weather_markets/weather_data_extraction/bootstrap/hkg_tmax_elite_codex_bootstrap/hkg_tmax_elite_codex/data/_pipeline_internal/raw/gribstream_tactical_full_tactical_backfill_ok_tmax/gefsatmos/run_window_utc=20230723_180000_to_20230727_180000/1c64a5fb114132f47d9536d341168f25827b24fdb68f441db5b5ce4eb2c6c5bf.ndjson.gz,api_fetched,0,,,
413,gefsatmos,completed,200,5,2023-07-28T18:00:00Z,2023-08-01T18:00:00Z,1240,1240,1240,1240,1240,11.343,b3043615a79173111d956377d66a0102648b10911d894a656dc316112d2c38c0,full_tactical_backfill_ok_tmax_gefsatmos_b3043615a791,C:/Users/ahmad/Desktop/generalFiles/git/weather_markets/weather_data_extraction/bootstrap/hkg_tmax_elite_codex_bootstrap/hkg_tmax_elite_codex/data/_pipeline_internal/raw/gribstream_tactical_full_tactical_backfill_ok_tmax/gefsatmos/run_window_utc=20230728_180000_to_20230801_180000/b3043615a79173111d956377d66a0102648b10911d894a656dc316112d2c38c0.ndjson.gz,api_fetched,0,,,
414,gefsatmos,completed,200,5,2023-08-02T18:00:00Z,2023-08-06T18:00:00Z,1240,1240,1240,1240,1240,11.309,f3207f7b23768520ae4e10676cfeb8b7937daeee61087628918692040ae7eaa7,full_tactical_backfill_ok_tmax_gefsatmos_f3207f7b2376,C:/Users/ahmad/Desktop/generalFiles/git/weather_markets/weather_data_extraction/bootstrap/hkg_tmax_elite_codex_bootstrap/hkg_tmax_elite_codex/data/_pipeline_internal/raw/gribstream_tactical_full_tactical_backfill_ok_tmax/gefsatmos/run_window_utc=20230802_180000_to_20230806_180000/f3207f7b23768520ae4e10676cfeb8b7937daeee61087628918692040ae7eaa7.ndjson.gz,api_fetched,0,,,
415,gefsatmos,completed,200,5,2023-08-07T18:00:00Z,2023-08-11T18:00:00Z,1240,1240,1240,1240,1240,11.638,f045135051c17d304d92365b4d1ca4fb77b245c4ffab5c7c26b8bf2ef0e7b2f7,full_tactical_backfill_ok_tmax_gefsatmos_f045135051c1,C:/Users/ahmad/Desktop/generalFiles/git/weather_markets/weather_data_extraction/bootstrap/hkg_tmax_elite_codex_bootstrap/hkg_tmax_elite_codex/data/_pipeline_internal/raw/gribstream_tactical_full_tactical_backfill_ok_tmax/gefsatmos/run_window_utc=20230807_180000_to_20230811_180000/f045135051c17d304d92365b4d1ca4fb77b245c4ffab5c7c26b8bf2ef0e7b2f7.ndjson.gz,api_fetched,0,,,
416,gefsatmos,completed,200,5,2023-08-12T18:00:00Z,2023-08-16T18:00:00Z,1240,1240,1240,1240,1240,11.499,0468f619e2de93dfff08bffb7f4e6e639150f91064abcd763ec7a6433bbd220c,full_tactical_backfill_ok_tmax_gefsatmos_0468f619e2de,C:/Users/ahmad/Desktop/generalFiles/git/weather_markets/weather_data_extraction/bootstrap/hkg_tmax_elite_codex_bootstrap/hkg_tmax_elite_codex/data/_pipeline_internal/raw/gribstream_tactical_full_tactical_backfill_ok_tmax/gefsatmos/run_window_utc=20230812_180000_to_20230816_180000/0468f619e2de93dfff08bffb7f4e6e639150f91064abcd763ec7a6433bbd220c.ndjson.gz,api_fetched,0,,,
417,gefsatmos,completed,200,5,2023-08-17T18:00:00Z,2023-08-21T18:00:00Z,1240,1240,1240,1240,1240,11.834,12a2beb62d8849d788a4fd1f0d12087ad3aab319b7dce7fcd49708e9bfd6545b,full_tactical_backfill_ok_tmax_gefsatmos_12a2beb62d88,C:/Users/ahmad/Desktop/generalFiles/git/weather_markets/weather_data_extraction/bootstrap/hkg_tmax_elite_codex_bootstrap/hkg_tmax_elite_codex/data/_pipeline_internal/raw/gribstream_tactical_full_tactical_backfill_ok_tmax/gefsatmos/run_window_utc=20230817_180000_to_20230821_180000/12a2beb62d8849d788a4fd1f0d12087ad3aab319b7dce7fcd49708e9bfd6545b.ndjson.gz,api_fetched,0,,,
418,gefsatmos,completed,200,5,2023-08-22T18:00:00Z,2023-08-26T18:00:00Z,1240,1240,1240,1240,1240,11.397,5f3ef8b82d9dd13236fa9269d858e1e7e1bcffb582ae6d58671a77b0ada5518f,full_tactical_backfill_ok_tmax_gefsatmos_5f3ef8b82d9d,C:/Users/ahmad/Desktop/generalFiles/git/weather_markets/weather_data_extraction/bootstrap/hkg_tmax_elite_codex_bootstrap/hkg_tmax_elite_codex/data/_pipeline_internal/raw/gribstream_tactical_full_tactical_backfill_ok_tmax/gefsatmos/run_window_utc=20230822_180000_to_20230826_180000/5f3ef8b82d9dd13236fa9269d858e1e7e1bcffb582ae6d58671a77b0ada5518f.ndjson.gz,api_fetched,0,,,
419,gefsatmos,completed,200,5,2023-08-27T18:00:00Z,2023-08-31T18:00:00Z,1240,1240,1240,1240,1240,11.742,3918882ded5d7c7a8d1a684c03654ef6cd26e572e7765719db3820e0b11ae39d,full_tactical_backfill_ok_tmax_gefsatmos_3918882ded5d,C:/Users/ahmad/Desktop/generalFiles/git/weather_markets/weather_data_extraction/bootstrap/hkg_tmax_elite_codex_bootstrap/hkg_tmax_elite_codex/data/_pipeline_internal/raw/gribstream_tactical_full_tactical_backfill_ok_tmax/gefsatmos/run_window_utc=20230827_180000_to_20230831_180000/3918882ded5d7c7a8d1a684c03654ef6cd26e572e7765719db3820e0b11ae39d.ndjson.gz,api_fetched,0,,,
420,gefsatmos,completed,200,5,2023-09-01T18:00:00Z,2023-09-05T18:00:00Z,1240,1240,1240,1240,1240,11.172,352fc13d8ca123d545c5c8ce9ab2da0651d38cb7de05303b7d0c30b67bfa0c7d,full_tactical_backfill_ok_tmax_gefsatmos_352fc13d8ca1,C:/Users/ahmad/Desktop/generalFiles/git/weather_markets/weather_data_extraction/bootstrap/hkg_tmax_elite_codex_bootstrap/hkg_tmax_elite_codex/data/_pipeline_internal/raw/gribstream_tactical_full_tactical_backfill_ok_tmax/gefsatmos/run_window_utc=20230901_180000_to_20230905_180000/352fc13d8ca123d545c5c8ce9ab2da0651d38cb7de05303b7d0c30b67bfa0c7d.ndjson.gz,api_fetched,0,,,
421,gefsatmos,completed,200,5,2023-09-06T18:00:00Z,2023-09-10T18:00:00Z,1240,1240,1240,1240,1240,11.78,9003a107d7d837375368a67a962fd6c6ba77a0f6ae6c79b8b675311f5d5e9141,full_tactical_backfill_ok_tmax_gefsatmos_9003a107d7d8,C:/Users/ahmad/Desktop/generalFiles/git/weather_markets/weather_data_extraction/bootstrap/hkg_tmax_elite_codex_bootstrap/hkg_tmax_elite_codex/data/_pipeline_internal/raw/gribstream_tactical_full_tactical_backfill_ok_tmax/gefsatmos/run_window_utc=20230906_180000_to_20230910_180000/9003a107d7d837375368a67a962fd6c6ba77a0f6ae6c79b8b675311f5d5e9141.ndjson.gz,api_fetched,0,,,
422,gefsatmos,completed,200,5,2023-09-11T18:00:00Z,2023-09-15T18:00:00Z,1240,1240,1240,1240,1240,11.861,02c03d9ad85a01c8af6cc21e20a70d0d9a7eb11f3ca2f6475aabe51adebde879,full_tactical_backfill_ok_tmax_gefsatmos_02c03d9ad85a,C:/Users/ahmad/Desktop/generalFiles/git/weather_markets/weather_data_extraction/bootstrap/hkg_tmax_elite_codex_bootstrap/hkg_tmax_elite_codex/data/_pipeline_internal/raw/gribstream_tactical_full_tactical_backfill_ok_tmax/gefsatmos/run_window_utc=20230911_180000_to_20230915_180000/02c03d9ad85a01c8af6cc21e20a70d0d9a7eb11f3ca2f6475aabe51adebde879.ndjson.gz,api_fetched,0,,,
423,gefsatmos,completed,200,5,2023-09-16T18:00:00Z,2023-09-20T18:00:00Z,1240,1240,1240,1240,1240,11.186,9ef7b960fdfe866996a487635992f6be025bd9b77f52d684e59909490d190db7,full_tactical_backfill_ok_tmax_gefsatmos_9ef7b960fdfe,C:/Users/ahmad/Desktop/generalFiles/git/weather_markets/weather_data_extraction/bootstrap/hkg_tmax_elite_codex_bootstrap/hkg_tmax_elite_codex/data/_pipeline_internal/raw/gribstream_tactical_full_tactical_backfill_ok_tmax/gefsatmos/run_window_utc=20230916_180000_to_20230920_180000/9ef7b960fdfe866996a487635992f6be025bd9b77f52d684e59909490d190db7.ndjson.gz,api_fetched,0,,,
424,gefsatmos,completed,200,5,2023-09-21T18:00:00Z,2023-09-25T18:00:00Z,1240,1240,1240,1240,1240,11.583,8e29ca3107baa59839ea07f08d5a8ed8c27122002ba3b6bdbc6f955ca1792c94,full_tactical_backfill_ok_tmax_gefsatmos_8e29ca3107ba,C:/Users/ahmad/Desktop/generalFiles/git/weather_markets/weather_data_extraction/bootstrap/hkg_tmax_elite_codex_bootstrap/hkg_tmax_elite_codex/data/_pipeline_internal/raw/gribstream_tactical_full_tactical_backfill_ok_tmax/gefsatmos/run_window_utc=20230921_180000_to_20230925_180000/8e29ca3107baa59839ea07f08d5a8ed8c27122002ba3b6bdbc6f955ca1792c94.ndjson.gz,api_fetched,0,,,
425,gefsatmos,completed,200,5,2023-09-26T18:00:00Z,2023-09-30T18:00:00Z,1240,1240,1240,1240,1240,11.968,f210bbe9048250b51bdc8bf9c7d5de0be5fb6e6bbdc864bd723d7ef3975ec805,full_tactical_backfill_ok_tmax_gefsatmos_f210bbe90482,C:/Users/ahmad/Desktop/generalFiles/git/weather_markets/weather_data_extraction/bootstrap/hkg_tmax_elite_codex_bootstrap/hkg_tmax_elite_codex/data/_pipeline_internal/raw/gribstream_tactical_full_tactical_backfill_ok_tmax/gefsatmos/run_window_utc=20230926_180000_to_20230930_180000/f210bbe9048250b51bdc8bf9c7d5de0be5fb6e6bbdc864bd723d7ef3975ec805.ndjson.gz,api_fetched,0,,,
426,gefsatmos,completed,200,5,2023-10-01T18:00:00Z,2023-10-05T18:00:00Z,1240,1240,1240,1240,1240,11.369,80d62a6129fbd2791c4eaf39d67d54ac3f5ddaead4f1b3c1c0b3783460113496,full_tactical_backfill_ok_tmax_gefsatmos_80d62a6129fb,C:/Users/ahmad/Desktop/generalFiles/git/weather_markets/weather_data_extraction/bootstrap/hkg_tmax_elite_codex_bootstrap/hkg_tmax_elite_codex/data/_pipeline_internal/raw/gribstream_tactical_full_tactical_backfill_ok_tmax/gefsatmos/run_window_utc=20231001_180000_to_20231005_180000/80d62a6129fbd2791c4eaf39d67d54ac3f5ddaead4f1b3c1c0b3783460113496.ndjson.gz,api_fetched,0,,,
427,gefsatmos,completed,200,5,2023-10-06T18:00:00Z,2023-10-10T18:00:00Z,1240,1240,1240,1240,1240,14.28,69ab1dfe94a9c17ace52108687d5c75b3cbed5fd0b528d198e4ac00d69f9cd59,full_tactical_backfill_ok_tmax_gefsatmos_69ab1dfe94a9,C:/Users/ahmad/Desktop/generalFiles/git/weather_markets/weather_data_extraction/bootstrap/hkg_tmax_elite_codex_bootstrap/hkg_tmax_elite_codex/data/_pipeline_internal/raw/gribstream_tactical_full_tactical_backfill_ok_tmax/gefsatmos/run_window_utc=20231006_180000_to_20231010_180000/69ab1dfe94a9c17ace52108687d5c75b3cbed5fd0b528d198e4ac00d69f9cd59.ndjson.gz,api_fetched,0,,,
428,gefsatmos,completed,200,5,2023-10-11T18:00:00Z,2023-10-15T18:00:00Z,1240,1240,1240,1240,1240,8.85,9aa6f3907884ea3bbfda8faf105bfe783510d08e2b3bd9a0d8cc25d375b1b332,full_tactical_backfill_ok_tmax_gefsatmos_9aa6f3907884,C:/Users/ahmad/Desktop/generalFiles/git/weather_markets/weather_data_extraction/bootstrap/hkg_tmax_elite_codex_bootstrap/hkg_tmax_elite_codex/data/_pipeline_internal/raw/gribstream_tactical_full_tactical_backfill_ok_tmax/gefsatmos/run_window_utc=20231011_180000_to_20231015_180000/9aa6f3907884ea3bbfda8faf105bfe783510d08e2b3bd9a0d8cc25d375b1b332.ndjson.gz,api_fetched,0,,,
429,gefsatmos,completed,200,5,2023-10-16T18:00:00Z,2023-10-20T18:00:00Z,1240,1240,1240,1240,1240,11.458,374e9e270492e2c123de56776611c4718407872e3cbf8824457d874c68f6c22d,full_tactical_backfill_ok_tmax_gefsatmos_374e9e270492,C:/Users/ahmad/Desktop/generalFiles/git/weather_markets/weather_data_extraction/bootstrap/hkg_tmax_elite_codex_bootstrap/hkg_tmax_elite_codex/data/_pipeline_internal/raw/gribstream_tactical_full_tactical_backfill_ok_tmax/gefsatmos/run_window_utc=20231016_180000_to_20231020_180000/374e9e270492e2c123de56776611c4718407872e3cbf8824457d874c68f6c22d.ndjson.gz,api_fetched,0,,,
430,gefsatmos,completed,200,5,2023-10-21T18:00:00Z,2023-10-25T18:00:00Z,1240,1240,1240,1240,1240,11.833,7372f9afdac97a12e9646ff0603baa56b827ab6ad61b02c55edba6534cf2628b,full_tactical_backfill_ok_tmax_gefsatmos_7372f9afdac9,C:/Users/ahmad/Desktop/generalFiles/git/weather_markets/weather_data_extraction/bootstrap/hkg_tmax_elite_codex_bootstrap/hkg_tmax_elite_codex/data/_pipeline_internal/raw/gribstream_tactical_full_tactical_backfill_ok_tmax/gefsatmos/run_window_utc=20231021_180000_to_20231025_180000/7372f9afdac97a12e9646ff0603baa56b827ab6ad61b02c55edba6534cf2628b.ndjson.gz,api_fetched,0,,,
431,gefsatmos,completed,200,5,2023-10-26T18:00:00Z,2023-10-30T18:00:00Z,1240,1240,1240,1240,1240,11.649,fcf0e65c5a6b91cac88c1a269e34e06b3b20a1353060892ff64c302ccb18b517,full_tactical_backfill_ok_tmax_gefsatmos_fcf0e65c5a6b,C:/Users/ahmad/Desktop/generalFiles/git/weather_markets/weather_data_extraction/bootstrap/hkg_tmax_elite_codex_bootstrap/hkg_tmax_elite_codex/data/_pipeline_internal/raw/gribstream_tactical_full_tactical_backfill_ok_tmax/gefsatmos/run_window_utc=20231026_180000_to_20231030_180000/fcf0e65c5a6b91cac88c1a269e34e06b3b20a1353060892ff64c302ccb18b517.ndjson.gz,api_fetched,0,,,
432,gefsatmos,completed,200,5,2023-10-31T18:00:00Z,2023-11-04T18:00:00Z,1240,1240,1240,1240,1240,11.554,d80a405309fba7835871f8643813b80a8c1aa2dbbfeb1d49457347dc21180d31,full_tactical_backfill_ok_tmax_gefsatmos_d80a405309fb,C:/Users/ahmad/Desktop/generalFiles/git/weather_markets/weather_data_extraction/bootstrap/hkg_tmax_elite_codex_bootstrap/hkg_tmax_elite_codex/data/_pipeline_internal/raw/gribstream_tactical_full_tactical_backfill_ok_tmax/gefsatmos/run_window_utc=20231031_180000_to_20231104_180000/d80a405309fba7835871f8643813b80a8c1aa2dbbfeb1d49457347dc21180d31.ndjson.gz,api_fetched,0,,,
433,gefsatmos,completed,200,5,2023-11-05T18:00:00Z,2023-11-09T18:00:00Z,1240,1240,1240,1240,1240,11.542,81d052cb974e4fa7e1322fcb8f0fbaefe5e4c874d15e796807d1241c489b797d,full_tactical_backfill_ok_tmax_gefsatmos_81d052cb974e,C:/Users/ahmad/Desktop/generalFiles/git/weather_markets/weather_data_extraction/bootstrap/hkg_tmax_elite_codex_bootstrap/hkg_tmax_elite_codex/data/_pipeline_internal/raw/gribstream_tactical_full_tactical_backfill_ok_tmax/gefsatmos/run_window_utc=20231105_180000_to_20231109_180000/81d052cb974e4fa7e1322fcb8f0fbaefe5e4c874d15e796807d1241c489b797d.ndjson.gz,api_fetched,0,,,
434,gefsatmos,completed,200,5,2023-11-10T18:00:00Z,2023-11-14T18:00:00Z,1240,1240,1240,1240,1240,11.483,2cb536524d86e18ede461b3f33fbe5a98ae76765b95e3022aefd2c500b9e5645,full_tactical_backfill_ok_tmax_gefsatmos_2cb536524d86,C:/Users/ahmad/Desktop/generalFiles/git/weather_markets/weather_data_extraction/bootstrap/hkg_tmax_elite_codex_bootstrap/hkg_tmax_elite_codex/data/_pipeline_internal/raw/gribstream_tactical_full_tactical_backfill_ok_tmax/gefsatmos/run_window_utc=20231110_180000_to_20231114_180000/2cb536524d86e18ede461b3f33fbe5a98ae76765b95e3022aefd2c500b9e5645.ndjson.gz,api_fetched,0,,,
435,gefsatmos,completed,200,5,2023-11-15T18:00:00Z,2023-11-19T18:00:00Z,1240,1240,1240,1240,1240,11.716,8b61a6ca0389c7b944e312d624c98e728dcad8a1a4298084db52a1df88fcc1da,full_tactical_backfill_ok_tmax_gefsatmos_8b61a6ca0389,C:/Users/ahmad/Desktop/generalFiles/git/weather_markets/weather_data_extraction/bootstrap/hkg_tmax_elite_codex_bootstrap/hkg_tmax_elite_codex/data/_pipeline_internal/raw/gribstream_tactical_full_tactical_backfill_ok_tmax/gefsatmos/run_window_utc=20231115_180000_to_20231119_180000/8b61a6ca0389c7b944e312d624c98e728dcad8a1a4298084db52a1df88fcc1da.ndjson.gz,api_fetched,0,,,
436,gefsatmos,completed,200,5,2023-11-20T18:00:00Z,2023-11-24T18:00:00Z,1240,1240,1240,1240,1240,11.523,80ba1212c96fd908c0ce582aefddbdb95b52979d7fc42711a24024aa2d60edb8,full_tactical_backfill_ok_tmax_gefsatmos_80ba1212c96f,C:/Users/ahmad/Desktop/generalFiles/git/weather_markets/weather_data_extraction/bootstrap/hkg_tmax_elite_codex_bootstrap/hkg_tmax_elite_codex/data/_pipeline_internal/raw/gribstream_tactical_full_tactical_backfill_ok_tmax/gefsatmos/run_window_utc=20231120_180000_to_20231124_180000/80ba1212c96fd908c0ce582aefddbdb95b52979d7fc42711a24024aa2d60edb8.ndjson.gz,api_fetched,0,,,
437,gefsatmos,completed,200,5,2023-11-25T18:00:00Z,2023-11-29T18:00:00Z,1240,1240,1240,1240,1240,11.465,1658913e6ca835519017aefa678da05a560020b315bd32f763dd4950698c86eb,full_tactical_backfill_ok_tmax_gefsatmos_1658913e6ca8,C:/Users/ahmad/Desktop/generalFiles/git/weather_markets/weather_data_extraction/bootstrap/hkg_tmax_elite_codex_bootstrap/hkg_tmax_elite_codex/data/_pipeline_internal/raw/gribstream_tactical_full_tactical_backfill_ok_tmax/gefsatmos/run_window_utc=20231125_180000_to_20231129_180000/1658913e6ca835519017aefa678da05a560020b315bd32f763dd4950698c86eb.ndjson.gz,api_fetched,0,,,
438,gefsatmos,completed,200,5,2023-11-30T18:00:00Z,2023-12-04T18:00:00Z,1240,1240,1240,1240,1240,11.834,5bf4bd51c7119dc6ace1fd3a88027fe0ec836004d9ec165e28bfbf383974b4d3,full_tactical_backfill_ok_tmax_gefsatmos_5bf4bd51c711,C:/Users/ahmad/Desktop/generalFiles/git/weather_markets/weather_data_extraction/bootstrap/hkg_tmax_elite_codex_bootstrap/hkg_tmax_elite_codex/data/_pipeline_internal/raw/gribstream_tactical_full_tactical_backfill_ok_tmax/gefsatmos/run_window_utc=20231130_180000_to_20231204_180000/5bf4bd51c7119dc6ace1fd3a88027fe0ec836004d9ec165e28bfbf383974b4d3.ndjson.gz,api_fetched,0,,,
439,gefsatmos,completed,200,5,2023-12-05T18:00:00Z,2023-12-09T18:00:00Z,1240,1240,1240,1240,1240,11.601,37cc09f5f83e9d5f94215df8652d346043ab365579789ddd0cc439b4ee8bf22c,full_tactical_backfill_ok_tmax_gefsatmos_37cc09f5f83e,C:/Users/ahmad/Desktop/generalFiles/git/weather_markets/weather_data_extraction/bootstrap/hkg_tmax_elite_codex_bootstrap/hkg_tmax_elite_codex/data/_pipeline_internal/raw/gribstream_tactical_full_tactical_backfill_ok_tmax/gefsatmos/run_window_utc=20231205_180000_to_20231209_180000/37cc09f5f83e9d5f94215df8652d346043ab365579789ddd0cc439b4ee8bf22c.ndjson.gz,api_fetched,0,,,
440,gefsatmos,completed,200,5,2023-12-10T18:00:00Z,2023-12-14T18:00:00Z,1240,1240,1240,1240,1240,11.379,aa5f276591422f570f245a6a69576b6cd87380c03fe58846afbaf2051dadef27,full_tactical_backfill_ok_tmax_gefsatmos_aa5f27659142,C:/Users/ahmad/Desktop/generalFiles/git/weather_markets/weather_data_extraction/bootstrap/hkg_tmax_elite_codex_bootstrap/hkg_tmax_elite_codex/data/_pipeline_internal/raw/gribstream_tactical_full_tactical_backfill_ok_tmax/gefsatmos/run_window_utc=20231210_180000_to_20231214_180000/aa5f276591422f570f245a6a69576b6cd87380c03fe58846afbaf2051dadef27.ndjson.gz,api_fetched,0,,,
441,gefsatmos,completed,200,5,2023-12-15T18:00:00Z,2023-12-19T18:00:00Z,1240,1240,1240,1240,1240,11.623,0ecad27bf010cefb7732ea40acd14bc14afb7e6e3ca1b0131126ee741295e155,full_tactical_backfill_ok_tmax_gefsatmos_0ecad27bf010,C:/Users/ahmad/Desktop/generalFiles/git/weather_markets/weather_data_extraction/bootstrap/hkg_tmax_elite_codex_bootstrap/hkg_tmax_elite_codex/data/_pipeline_internal/raw/gribstream_tactical_full_tactical_backfill_ok_tmax/gefsatmos/run_window_utc=20231215_180000_to_20231219_180000/0ecad27bf010cefb7732ea40acd14bc14afb7e6e3ca1b0131126ee741295e155.ndjson.gz,api_fetched,0,,,
442,gefsatmos,completed,200,5,2023-12-20T18:00:00Z,2023-12-24T18:00:00Z,1240,1240,1240,1240,1240,10.964,9ee8d60f9d555c5fba130bf0c3b0706fd2420242220085b2d0c8525da9deb107,full_tactical_backfill_ok_tmax_gefsatmos_9ee8d60f9d55,C:/Users/ahmad/Desktop/generalFiles/git/weather_markets/weather_data_extraction/bootstrap/hkg_tmax_elite_codex_bootstrap/hkg_tmax_elite_codex/data/_pipeline_internal/raw/gribstream_tactical_full_tactical_backfill_ok_tmax/gefsatmos/run_window_utc=20231220_180000_to_20231224_180000/9ee8d60f9d555c5fba130bf0c3b0706fd2420242220085b2d0c8525da9deb107.ndjson.gz,api_fetched,0,,,
443,gefsatmos,completed,200,5,2023-12-25T18:00:00Z,2023-12-29T18:00:00Z,1240,1240,1240,1240,1240,11.581,fa660d7887cdb213615e0bae7689ece22c828110a7137959dc0ee103a2fd565d,full_tactical_backfill_ok_tmax_gefsatmos_fa660d7887cd,C:/Users/ahmad/Desktop/generalFiles/git/weather_markets/weather_data_extraction/bootstrap/hkg_tmax_elite_codex_bootstrap/hkg_tmax_elite_codex/data/_pipeline_internal/raw/gribstream_tactical_full_tactical_backfill_ok_tmax/gefsatmos/run_window_utc=20231225_180000_to_20231229_180000/fa660d7887cdb213615e0bae7689ece22c828110a7137959dc0ee103a2fd565d.ndjson.gz,api_fetched,0,,,
444,gefsatmos,completed,200,5,2023-12-30T18:00:00Z,2024-01-03T18:00:00Z,1240,1240,1240,1240,1240,11.373,617bcaf20048f90a2c11629befc695cdb1069da08ba5052337e3329fcf6f1a78,full_tactical_backfill_ok_tmax_gefsatmos_617bcaf20048,C:/Users/ahmad/Desktop/generalFiles/git/weather_markets/weather_data_extraction/bootstrap/hkg_tmax_elite_codex_bootstrap/hkg_tmax_elite_codex/data/_pipeline_internal/raw/gribstream_tactical_full_tactical_backfill_ok_tmax/gefsatmos/run_window_utc=20231230_180000_to_20240103_180000/617bcaf20048f90a2c11629befc695cdb1069da08ba5052337e3329fcf6f1a78.ndjson.gz,api_fetched,0,,,
445,gefsatmos,completed,200,5,2024-01-04T18:00:00Z,2024-01-08T18:00:00Z,1240,1240,1240,1240,1240,11.895,d81a8a3ac7468b46ca3cdde2e07edfc5c72df83ef359f13c66c1663c0de483b4,full_tactical_backfill_ok_tmax_gefsatmos_d81a8a3ac746,C:/Users/ahmad/Desktop/generalFiles/git/weather_markets/weather_data_extraction/bootstrap/hkg_tmax_elite_codex_bootstrap/hkg_tmax_elite_codex/data/_pipeline_internal/raw/gribstream_tactical_full_tactical_backfill_ok_tmax/gefsatmos/run_window_utc=20240104_180000_to_20240108_180000/d81a8a3ac7468b46ca3cdde2e07edfc5c72df83ef359f13c66c1663c0de483b4.ndjson.gz,api_fetched,0,,,
446,gefsatmos,completed,200,5,2024-01-09T18:00:00Z,2024-01-13T18:00:00Z,1240,1240,1240,1240,1240,11.331,455165eaef95f1d4118a60c2715d3f63c8c7f6eb662ffb38553e83675911ed6d,full_tactical_backfill_ok_tmax_gefsatmos_455165eaef95,C:/Users/ahmad/Desktop/generalFiles/git/weather_markets/weather_data_extraction/bootstrap/hkg_tmax_elite_codex_bootstrap/hkg_tmax_elite_codex/data/_pipeline_internal/raw/gribstream_tactical_full_tactical_backfill_ok_tmax/gefsatmos/run_window_utc=20240109_180000_to_20240113_180000/455165eaef95f1d4118a60c2715d3f63c8c7f6eb662ffb38553e83675911ed6d.ndjson.gz,api_fetched,0,,,
447,gefsatmos,completed,200,5,2024-01-14T18:00:00Z,2024-01-18T18:00:00Z,1240,1240,1240,1240,1240,11.448,625c2efd1e16789049263fb7787627a689d8f3b880e42d4e693b858e300319e3,full_tactical_backfill_ok_tmax_gefsatmos_625c2efd1e16,C:/Users/ahmad/Desktop/generalFiles/git/weather_markets/weather_data_extraction/bootstrap/hkg_tmax_elite_codex_bootstrap/hkg_tmax_elite_codex/data/_pipeline_internal/raw/gribstream_tactical_full_tactical_backfill_ok_tmax/gefsatmos/run_window_utc=20240114_180000_to_20240118_180000/625c2efd1e16789049263fb7787627a689d8f3b880e42d4e693b858e300319e3.ndjson.gz,api_fetched,0,,,
448,gefsatmos,completed,200,5,2024-01-19T18:00:00Z,2024-01-23T18:00:00Z,1240,1240,1240,1240,1240,11.461,cf69bd284dcf056394fdbc0c937339d0cb82624ec7233f2b930b40054385a7f4,full_tactical_backfill_ok_tmax_gefsatmos_cf69bd284dcf,C:/Users/ahmad/Desktop/generalFiles/git/weather_markets/weather_data_extraction/bootstrap/hkg_tmax_elite_codex_bootstrap/hkg_tmax_elite_codex/data/_pipeline_internal/raw/gribstream_tactical_full_tactical_backfill_ok_tmax/gefsatmos/run_window_utc=20240119_180000_to_20240123_180000/cf69bd284dcf056394fdbc0c937339d0cb82624ec7233f2b930b40054385a7f4.ndjson.gz,api_fetched,0,,,
449,gefsatmos,completed,200,5,2024-01-24T18:00:00Z,2024-01-28T18:00:00Z,1240,1240,1240,1240,1240,11.907,b7a3d5417622229d7e25bd01a04f441c6f66ab1f14c5ad9f82c2a52ba79fbbb3,full_tactical_backfill_ok_tmax_gefsatmos_b7a3d5417622,C:/Users/ahmad/Desktop/generalFiles/git/weather_markets/weather_data_extraction/bootstrap/hkg_tmax_elite_codex_bootstrap/hkg_tmax_elite_codex/data/_pipeline_internal/raw/gribstream_tactical_full_tactical_backfill_ok_tmax/gefsatmos/run_window_utc=20240124_180000_to_20240128_180000/b7a3d5417622229d7e25bd01a04f441c6f66ab1f14c5ad9f82c2a52ba79fbbb3.ndjson.gz,api_fetched,0,,,
450,gefsatmos,completed,200,5,2024-01-29T18:00:00Z,2024-02-02T18:00:00Z,1240,1240,1240,1240,1240,11.015,6726487b0140471f106fb270c8a674f8ad2460caf37a53974ad70af1e9b244c5,full_tactical_backfill_ok_tmax_gefsatmos_6726487b0140,C:/Users/ahmad/Desktop/generalFiles/git/weather_markets/weather_data_extraction/bootstrap/hkg_tmax_elite_codex_bootstrap/hkg_tmax_elite_codex/data/_pipeline_internal/raw/gribstream_tactical_full_tactical_backfill_ok_tmax/gefsatmos/run_window_utc=20240129_180000_to_20240202_180000/6726487b0140471f106fb270c8a674f8ad2460caf37a53974ad70af1e9b244c5.ndjson.gz,api_fetched,0,,,
451,gefsatmos,completed,200,5,2024-02-03T18:00:00Z,2024-02-07T18:00:00Z,1240,1240,1240,1240,1240,12.172,e7e9a3e443585650358ee19ce1a89ceb9640247bdfde837d27d615b6f851a47b,full_tactical_backfill_ok_tmax_gefsatmos_e7e9a3e44358,C:/Users/ahmad/Desktop/generalFiles/git/weather_markets/weather_data_extraction/bootstrap/hkg_tmax_elite_codex_bootstrap/hkg_tmax_elite_codex/data/_pipeline_internal/raw/gribstream_tactical_full_tactical_backfill_ok_tmax/gefsatmos/run_window_utc=20240203_180000_to_20240207_180000/e7e9a3e443585650358ee19ce1a89ceb9640247bdfde837d27d615b6f851a47b.ndjson.gz,api_fetched,0,,,
452,gefsatmos,completed,200,5,2024-02-08T18:00:00Z,2024-02-12T18:00:00Z,1240,1240,1240,1240,1240,10.954,243a37b3b77405cf7973b081120d788239bde8451f60510e63b77f9e75120341,full_tactical_backfill_ok_tmax_gefsatmos_243a37b3b774,C:/Users/ahmad/Desktop/generalFiles/git/weather_markets/weather_data_extraction/bootstrap/hkg_tmax_elite_codex_bootstrap/hkg_tmax_elite_codex/data/_pipeline_internal/raw/gribstream_tactical_full_tactical_backfill_ok_tmax/gefsatmos/run_window_utc=20240208_180000_to_20240212_180000/243a37b3b77405cf7973b081120d788239bde8451f60510e63b77f9e75120341.ndjson.gz,api_fetched,0,,,
453,gefsatmos,completed,200,5,2024-02-13T18:00:00Z,2024-02-17T18:00:00Z,1240,1240,1240,1240,1240,11.62,0ffc08adeb81777f3fb64d80aa727b14f0a5cc49bb42ff8d617788be8f3c36e2,full_tactical_backfill_ok_tmax_gefsatmos_0ffc08adeb81,C:/Users/ahmad/Desktop/generalFiles/git/weather_markets/weather_data_extraction/bootstrap/hkg_tmax_elite_codex_bootstrap/hkg_tmax_elite_codex/data/_pipeline_internal/raw/gribstream_tactical_full_tactical_backfill_ok_tmax/gefsatmos/run_window_utc=20240213_180000_to_20240217_180000/0ffc08adeb81777f3fb64d80aa727b14f0a5cc49bb42ff8d617788be8f3c36e2.ndjson.gz,api_fetched,0,,,
454,gefsatmos,completed,200,5,2024-02-18T18:00:00Z,2024-02-22T18:00:00Z,1240,1240,1240,1240,1240,11.77,e56ab4113128254f7279525027f166594c2d2193ecf5d99e968889c1e8c6d7c2,full_tactical_backfill_ok_tmax_gefsatmos_e56ab4113128,C:/Users/ahmad/Desktop/generalFiles/git/weather_markets/weather_data_extraction/bootstrap/hkg_tmax_elite_codex_bootstrap/hkg_tmax_elite_codex/data/_pipeline_internal/raw/gribstream_tactical_full_tactical_backfill_ok_tmax/gefsatmos/run_window_utc=20240218_180000_to_20240222_180000/e56ab4113128254f7279525027f166594c2d2193ecf5d99e968889c1e8c6d7c2.ndjson.gz,api_fetched,0,,,
455,gefsatmos,completed,200,5,2024-02-23T18:00:00Z,2024-02-27T18:00:00Z,1240,1240,1240,1240,1240,11.332,0e45c775f4487f2c3c07bcb4e68b93562f63c4932a6a5d50d4f0e676aceacb6d,full_tactical_backfill_ok_tmax_gefsatmos_0e45c775f448,C:/Users/ahmad/Desktop/generalFiles/git/weather_markets/weather_data_extraction/bootstrap/hkg_tmax_elite_codex_bootstrap/hkg_tmax_elite_codex/data/_pipeline_internal/raw/gribstream_tactical_full_tactical_backfill_ok_tmax/gefsatmos/run_window_utc=20240223_180000_to_20240227_180000/0e45c775f4487f2c3c07bcb4e68b93562f63c4932a6a5d50d4f0e676aceacb6d.ndjson.gz,api_fetched,0,,,
456,gefsatmos,completed,200,5,2024-02-28T18:00:00Z,2024-03-03T18:00:00Z,1240,1240,1240,1240,1240,11.496,27f47cf0537d41e0d889a8cc45d8003231e9b34f3560eb9ca9f13e4ae0457691,full_tactical_backfill_ok_tmax_gefsatmos_27f47cf0537d,C:/Users/ahmad/Desktop/generalFiles/git/weather_markets/weather_data_extraction/bootstrap/hkg_tmax_elite_codex_bootstrap/hkg_tmax_elite_codex/data/_pipeline_internal/raw/gribstream_tactical_full_tactical_backfill_ok_tmax/gefsatmos/run_window_utc=20240228_180000_to_20240303_180000/27f47cf0537d41e0d889a8cc45d8003231e9b34f3560eb9ca9f13e4ae0457691.ndjson.gz,api_fetched,0,,,
457,gefsatmos,completed,200,5,2024-03-04T18:00:00Z,2024-03-08T18:00:00Z,1240,1240,1240,1240,1240,11.234,9fe566fb981acf03fc2c43c0eb42a9843e293d6b0ac9b5d1163cbacda2daf0e5,full_tactical_backfill_ok_tmax_gefsatmos_9fe566fb981a,C:/Users/ahmad/Desktop/generalFiles/git/weather_markets/weather_data_extraction/bootstrap/hkg_tmax_elite_codex_bootstrap/hkg_tmax_elite_codex/data/_pipeline_internal/raw/gribstream_tactical_full_tactical_backfill_ok_tmax/gefsatmos/run_window_utc=20240304_180000_to_20240308_180000/9fe566fb981acf03fc2c43c0eb42a9843e293d6b0ac9b5d1163cbacda2daf0e5.ndjson.gz,api_fetched,0,,,
458,gefsatmos,completed,200,5,2024-03-09T18:00:00Z,2024-03-13T18:00:00Z,1240,1240,1240,1240,1240,11.389,34e40cbedf203a23a6144f2daf1019ba7c99034bd979615f50ab40d84733672e,full_tactical_backfill_ok_tmax_gefsatmos_34e40cbedf20,C:/Users/ahmad/Desktop/generalFiles/git/weather_markets/weather_data_extraction/bootstrap/hkg_tmax_elite_codex_bootstrap/hkg_tmax_elite_codex/data/_pipeline_internal/raw/gribstream_tactical_full_tactical_backfill_ok_tmax/gefsatmos/run_window_utc=20240309_180000_to_20240313_180000/34e40cbedf203a23a6144f2daf1019ba7c99034bd979615f50ab40d84733672e.ndjson.gz,api_fetched,0,,,
459,gefsatmos,completed,200,5,2024-03-14T18:00:00Z,2024-03-18T18:00:00Z,1240,1240,1240,1240,1240,11.659,a0b49bdf18e283b461b1edb81c8348d6291f9cdb821b24d548b7530133a2354b,full_tactical_backfill_ok_tmax_gefsatmos_a0b49bdf18e2,C:/Users/ahmad/Desktop/generalFiles/git/weather_markets/weather_data_extraction/bootstrap/hkg_tmax_elite_codex_bootstrap/hkg_tmax_elite_codex/data/_pipeline_internal/raw/gribstream_tactical_full_tactical_backfill_ok_tmax/gefsatmos/run_window_utc=20240314_180000_to_20240318_180000/a0b49bdf18e283b461b1edb81c8348d6291f9cdb821b24d548b7530133a2354b.ndjson.gz,api_fetched,0,,,
460,gefsatmos,completed,200,5,2024-03-19T18:00:00Z,2024-03-23T18:00:00Z,1240,1240,1240,1240,1240,11.472,99677a16e566f34899ffce9bafa2e7fc1f0ae5932419981a3dd331a224c4e63f,full_tactical_backfill_ok_tmax_gefsatmos_99677a16e566,C:/Users/ahmad/Desktop/generalFiles/git/weather_markets/weather_data_extraction/bootstrap/hkg_tmax_elite_codex_bootstrap/hkg_tmax_elite_codex/data/_pipeline_internal/raw/gribstream_tactical_full_tactical_backfill_ok_tmax/gefsatmos/run_window_utc=20240319_180000_to_20240323_180000/99677a16e566f34899ffce9bafa2e7fc1f0ae5932419981a3dd331a224c4e63f.ndjson.gz,api_fetched,0,,,
461,gefsatmos,completed,200,5,2024-03-24T18:00:00Z,2024-03-28T18:00:00Z,1240,1240,1240,1240,1240,11.196,e4bc205898d4b6c603b65d49a1faeff2d86676b3953d4da5b082192fe4a174dc,full_tactical_backfill_ok_tmax_gefsatmos_e4bc205898d4,C:/Users/ahmad/Desktop/generalFiles/git/weather_markets/weather_data_extraction/bootstrap/hkg_tmax_elite_codex_bootstrap/hkg_tmax_elite_codex/data/_pipeline_internal/raw/gribstream_tactical_full_tactical_backfill_ok_tmax/gefsatmos/run_window_utc=20240324_180000_to_20240328_180000/e4bc205898d4b6c603b65d49a1faeff2d86676b3953d4da5b082192fe4a174dc.ndjson.gz,api_fetched,0,,,
462,gefsatmos,completed,200,5,2024-03-29T18:00:00Z,2024-04-02T18:00:00Z,1240,1240,1240,1240,1240,11.599,0f0837f3746052254126a0c1aea05ced6481a9c0bb4410058f2a8af49bc6ec7f,full_tactical_backfill_ok_tmax_gefsatmos_0f0837f37460,C:/Users/ahmad/Desktop/generalFiles/git/weather_markets/weather_data_extraction/bootstrap/hkg_tmax_elite_codex_bootstrap/hkg_tmax_elite_codex/data/_pipeline_internal/raw/gribstream_tactical_full_tactical_backfill_ok_tmax/gefsatmos/run_window_utc=20240329_180000_to_20240402_180000/0f0837f3746052254126a0c1aea05ced6481a9c0bb4410058f2a8af49bc6ec7f.ndjson.gz,api_fetched,0,,,
463,gefsatmos,completed,200,5,2024-04-03T18:00:00Z,2024-04-07T18:00:00Z,1240,1240,1240,1240,1240,11.299,a651ee80be86a9f5f83fa2b1b2d860381f31cf0e26ee9d1160858a4805c6feb0,full_tactical_backfill_ok_tmax_gefsatmos_a651ee80be86,C:/Users/ahmad/Desktop/generalFiles/git/weather_markets/weather_data_extraction/bootstrap/hkg_tmax_elite_codex_bootstrap/hkg_tmax_elite_codex/data/_pipeline_internal/raw/gribstream_tactical_full_tactical_backfill_ok_tmax/gefsatmos/run_window_utc=20240403_180000_to_20240407_180000/a651ee80be86a9f5f83fa2b1b2d860381f31cf0e26ee9d1160858a4805c6feb0.ndjson.gz,api_fetched,0,,,
464,gefsatmos,completed,200,5,2024-04-08T18:00:00Z,2024-04-12T18:00:00Z,1240,1240,1240,1240,1240,11.871,5c00232116b79b3d9149e7af5d4cc3fac43421ea714a4144c8acafcbe574a004,full_tactical_backfill_ok_tmax_gefsatmos_5c00232116b7,C:/Users/ahmad/Desktop/generalFiles/git/weather_markets/weather_data_extraction/bootstrap/hkg_tmax_elite_codex_bootstrap/hkg_tmax_elite_codex/data/_pipeline_internal/raw/gribstream_tactical_full_tactical_backfill_ok_tmax/gefsatmos/run_window_utc=20240408_180000_to_20240412_180000/5c00232116b79b3d9149e7af5d4cc3fac43421ea714a4144c8acafcbe574a004.ndjson.gz,api_fetched,0,,,
465,gefsatmos,completed,200,5,2024-04-13T18:00:00Z,2024-04-17T18:00:00Z,1240,1240,1240,1240,1240,11.461,58b1b76f509a3363f46d033ce8bed393aa1473def9fd1f053a955f19d5d274d8,full_tactical_backfill_ok_tmax_gefsatmos_58b1b76f509a,C:/Users/ahmad/Desktop/generalFiles/git/weather_markets/weather_data_extraction/bootstrap/hkg_tmax_elite_codex_bootstrap/hkg_tmax_elite_codex/data/_pipeline_internal/raw/gribstream_tactical_full_tactical_backfill_ok_tmax/gefsatmos/run_window_utc=20240413_180000_to_20240417_180000/58b1b76f509a3363f46d033ce8bed393aa1473def9fd1f053a955f19d5d274d8.ndjson.gz,api_fetched,0,,,
466,gefsatmos,completed,200,5,2024-04-18T18:00:00Z,2024-04-22T18:00:00Z,1240,1240,1240,1240,1240,11.226,a247aff3eceb03dc5fb520fdf846f20499346ec6eaa90039d4c09f869e43c5e0,full_tactical_backfill_ok_tmax_gefsatmos_a247aff3eceb,C:/Users/ahmad/Desktop/generalFiles/git/weather_markets/weather_data_extraction/bootstrap/hkg_tmax_elite_codex_bootstrap/hkg_tmax_elite_codex/data/_pipeline_internal/raw/gribstream_tactical_full_tactical_backfill_ok_tmax/gefsatmos/run_window_utc=20240418_180000_to_20240422_180000/a247aff3eceb03dc5fb520fdf846f20499346ec6eaa90039d4c09f869e43c5e0.ndjson.gz,api_fetched,0,,,
467,gefsatmos,completed,200,5,2024-04-23T18:00:00Z,2024-04-27T18:00:00Z,1240,1240,1240,1240,1240,11.624,638f8df37d6a74107eee652420d6bcd40b1c4a2eaa2a299c8b097ccb5aa8ceee,full_tactical_backfill_ok_tmax_gefsatmos_638f8df37d6a,C:/Users/ahmad/Desktop/generalFiles/git/weather_markets/weather_data_extraction/bootstrap/hkg_tmax_elite_codex_bootstrap/hkg_tmax_elite_codex/data/_pipeline_internal/raw/gribstream_tactical_full_tactical_backfill_ok_tmax/gefsatmos/run_window_utc=20240423_180000_to_20240427_180000/638f8df37d6a74107eee652420d6bcd40b1c4a2eaa2a299c8b097ccb5aa8ceee.ndjson.gz,api_fetched,0,,,
468,gefsatmos,completed,200,5,2024-04-28T18:00:00Z,2024-05-02T18:00:00Z,1240,1240,1240,1240,1240,11.545,a115f54c495b012c37f81b542ba0df8ea9df18f7e570582eb4ea5da918494d41,full_tactical_backfill_ok_tmax_gefsatmos_a115f54c495b,C:/Users/ahmad/Desktop/generalFiles/git/weather_markets/weather_data_extraction/bootstrap/hkg_tmax_elite_codex_bootstrap/hkg_tmax_elite_codex/data/_pipeline_internal/raw/gribstream_tactical_full_tactical_backfill_ok_tmax/gefsatmos/run_window_utc=20240428_180000_to_20240502_180000/a115f54c495b012c37f81b542ba0df8ea9df18f7e570582eb4ea5da918494d41.ndjson.gz,api_fetched,0,,,
469,gefsatmos,completed,200,5,2024-05-03T18:00:00Z,2024-05-07T18:00:00Z,1240,1240,1240,1240,1240,11.295,3cf21f56f04699e83d7329f57414aaa50eb10468e9d1d21e0907a834e200782a,full_tactical_backfill_ok_tmax_gefsatmos_3cf21f56f046,C:/Users/ahmad/Desktop/generalFiles/git/weather_markets/weather_data_extraction/bootstrap/hkg_tmax_elite_codex_bootstrap/hkg_tmax_elite_codex/data/_pipeline_internal/raw/gribstream_tactical_full_tactical_backfill_ok_tmax/gefsatmos/run_window_utc=20240503_180000_to_20240507_180000/3cf21f56f04699e83d7329f57414aaa50eb10468e9d1d21e0907a834e200782a.ndjson.gz,api_fetched,0,,,
470,gefsatmos,completed,200,5,2024-05-08T18:00:00Z,2024-05-12T18:00:00Z,1240,1240,1240,1240,1240,11.724,40c19c763d70736cb8e5840bd39c6151882364319f480df13f50ed4a78d9face,full_tactical_backfill_ok_tmax_gefsatmos_40c19c763d70,C:/Users/ahmad/Desktop/generalFiles/git/weather_markets/weather_data_extraction/bootstrap/hkg_tmax_elite_codex_bootstrap/hkg_tmax_elite_codex/data/_pipeline_internal/raw/gribstream_tactical_full_tactical_backfill_ok_tmax/gefsatmos/run_window_utc=20240508_180000_to_20240512_180000/40c19c763d70736cb8e5840bd39c6151882364319f480df13f50ed4a78d9face.ndjson.gz,api_fetched,0,,,
471,gefsatmos,completed,200,5,2024-05-13T18:00:00Z,2024-05-17T18:00:00Z,1240,1240,1240,1240,1240,11.494,866e951153013a8724adb92cdd9b708a0e4459bb54ef7160dd887110d2cfd021,full_tactical_backfill_ok_tmax_gefsatmos_866e95115301,C:/Users/ahmad/Desktop/generalFiles/git/weather_markets/weather_data_extraction/bootstrap/hkg_tmax_elite_codex_bootstrap/hkg_tmax_elite_codex/data/_pipeline_internal/raw/gribstream_tactical_full_tactical_backfill_ok_tmax/gefsatmos/run_window_utc=20240513_180000_to_20240517_180000/866e951153013a8724adb92cdd9b708a0e4459bb54ef7160dd887110d2cfd021.ndjson.gz,api_fetched,0,,,
472,gefsatmos,completed,200,5,2024-05-18T18:00:00Z,2024-05-22T18:00:00Z,1240,1240,1240,1240,1240,11.633,f0e7800ca95549f999934c8de865801838444d068b3b7d3af5a9fe61d7acff80,full_tactical_backfill_ok_tmax_gefsatmos_f0e7800ca955,C:/Users/ahmad/Desktop/generalFiles/git/weather_markets/weather_data_extraction/bootstrap/hkg_tmax_elite_codex_bootstrap/hkg_tmax_elite_codex/data/_pipeline_internal/raw/gribstream_tactical_full_tactical_backfill_ok_tmax/gefsatmos/run_window_utc=20240518_180000_to_20240522_180000/f0e7800ca95549f999934c8de865801838444d068b3b7d3af5a9fe61d7acff80.ndjson.gz,api_fetched,0,,,
473,gefsatmos,completed,200,5,2024-05-23T18:00:00Z,2024-05-27T18:00:00Z,1240,1240,1240,1240,1240,11.323,05586b1d73d60cfb3b4f616c9b8a4474d99df51f49e35dfdfb07d6e5059bf873,full_tactical_backfill_ok_tmax_gefsatmos_05586b1d73d6,C:/Users/ahmad/Desktop/generalFiles/git/weather_markets/weather_data_extraction/bootstrap/hkg_tmax_elite_codex_bootstrap/hkg_tmax_elite_codex/data/_pipeline_internal/raw/gribstream_tactical_full_tactical_backfill_ok_tmax/gefsatmos/run_window_utc=20240523_180000_to_20240527_180000/05586b1d73d60cfb3b4f616c9b8a4474d99df51f49e35dfdfb07d6e5059bf873.ndjson.gz,api_fetched,0,,,
474,gefsatmos,completed,200,5,2024-05-28T18:00:00Z,2024-06-01T18:00:00Z,1240,1240,1240,1240,1240,11.974,2cf4233fb9358c9d182c063eb344e9e1a878fbc6004d2476ee8c487a0fa9eca6,full_tactical_backfill_ok_tmax_gefsatmos_2cf4233fb935,C:/Users/ahmad/Desktop/generalFiles/git/weather_markets/weather_data_extraction/bootstrap/hkg_tmax_elite_codex_bootstrap/hkg_tmax_elite_codex/data/_pipeline_internal/raw/gribstream_tactical_full_tactical_backfill_ok_tmax/gefsatmos/run_window_utc=20240528_180000_to_20240601_180000/2cf4233fb9358c9d182c063eb344e9e1a878fbc6004d2476ee8c487a0fa9eca6.ndjson.gz,api_fetched,0,,,
475,gefsatmos,completed,200,5,2024-06-02T18:00:00Z,2024-06-06T18:00:00Z,1240,1240,1240,1240,1240,10.903,97f90e3a40bc73767ccbf68c576bca885f327de287d030c02423a50d5a0a1a3c,full_tactical_backfill_ok_tmax_gefsatmos_97f90e3a40bc,C:/Users/ahmad/Desktop/generalFiles/git/weather_markets/weather_data_extraction/bootstrap/hkg_tmax_elite_codex_bootstrap/hkg_tmax_elite_codex/data/_pipeline_internal/raw/gribstream_tactical_full_tactical_backfill_ok_tmax/gefsatmos/run_window_utc=20240602_180000_to_20240606_180000/97f90e3a40bc73767ccbf68c576bca885f327de287d030c02423a50d5a0a1a3c.ndjson.gz,api_fetched,0,,,
476,gefsatmos,completed,200,5,2024-06-07T18:00:00Z,2024-06-11T18:00:00Z,1240,1240,1240,1240,1240,11.484,66e04e0ed8eabc24d40a3fee924d143872d881ec519c92c1915bac429f860de9,full_tactical_backfill_ok_tmax_gefsatmos_66e04e0ed8ea,C:/Users/ahmad/Desktop/generalFiles/git/weather_markets/weather_data_extraction/bootstrap/hkg_tmax_elite_codex_bootstrap/hkg_tmax_elite_codex/data/_pipeline_internal/raw/gribstream_tactical_full_tactical_backfill_ok_tmax/gefsatmos/run_window_utc=20240607_180000_to_20240611_180000/66e04e0ed8eabc24d40a3fee924d143872d881ec519c92c1915bac429f860de9.ndjson.gz,api_fetched,0,,,
477,gefsatmos,completed,200,5,2024-06-12T18:00:00Z,2024-06-16T18:00:00Z,1240,1240,1240,1240,1240,11.645,812692d55cf49bfc7e78a8d7957db9e45511cff3f34e8b483c80d5381c9764ec,full_tactical_backfill_ok_tmax_gefsatmos_812692d55cf4,C:/Users/ahmad/Desktop/generalFiles/git/weather_markets/weather_data_extraction/bootstrap/hkg_tmax_elite_codex_bootstrap/hkg_tmax_elite_codex/data/_pipeline_internal/raw/gribstream_tactical_full_tactical_backfill_ok_tmax/gefsatmos/run_window_utc=20240612_180000_to_20240616_180000/812692d55cf49bfc7e78a8d7957db9e45511cff3f34e8b483c80d5381c9764ec.ndjson.gz,api_fetched,0,,,
478,gefsatmos,completed,200,5,2024-06-17T18:00:00Z,2024-06-21T18:00:00Z,1240,1240,1240,1240,1240,11.298,ba7f5154bf603f33cf5057a16b7cf207db3be11686770719479fc23996830de1,full_tactical_backfill_ok_tmax_gefsatmos_ba7f5154bf60,C:/Users/ahmad/Desktop/generalFiles/git/weather_markets/weather_data_extraction/bootstrap/hkg_tmax_elite_codex_bootstrap/hkg_tmax_elite_codex/data/_pipeline_internal/raw/gribstream_tactical_full_tactical_backfill_ok_tmax/gefsatmos/run_window_utc=20240617_180000_to_20240621_180000/ba7f5154bf603f33cf5057a16b7cf207db3be11686770719479fc23996830de1.ndjson.gz,api_fetched,0,,,
479,gefsatmos,completed,200,5,2024-06-22T18:00:00Z,2024-06-26T18:00:00Z,1240,1240,1240,1240,1240,11.875,23cd2b7013deba1f3827c7b61fbef5ba5c26c6f1e17a389a2c40a0ee1f397ae1,full_tactical_backfill_ok_tmax_gefsatmos_23cd2b7013de,C:/Users/ahmad/Desktop/generalFiles/git/weather_markets/weather_data_extraction/bootstrap/hkg_tmax_elite_codex_bootstrap/hkg_tmax_elite_codex/data/_pipeline_internal/raw/gribstream_tactical_full_tactical_backfill_ok_tmax/gefsatmos/run_window_utc=20240622_180000_to_20240626_180000/23cd2b7013deba1f3827c7b61fbef5ba5c26c6f1e17a389a2c40a0ee1f397ae1.ndjson.gz,api_fetched,0,,,
480,gefsatmos,completed,200,5,2024-06-27T18:00:00Z,2024-07-01T18:00:00Z,1240,1240,1240,1240,1240,11.409,dac81bef25b08c319419bdc35879118c752ab47458a863eae7c4647b739bc429,full_tactical_backfill_ok_tmax_gefsatmos_dac81bef25b0,C:/Users/ahmad/Desktop/generalFiles/git/weather_markets/weather_data_extraction/bootstrap/hkg_tmax_elite_codex_bootstrap/hkg_tmax_elite_codex/data/_pipeline_internal/raw/gribstream_tactical_full_tactical_backfill_ok_tmax/gefsatmos/run_window_utc=20240627_180000_to_20240701_180000/dac81bef25b08c319419bdc35879118c752ab47458a863eae7c4647b739bc429.ndjson.gz,api_fetched,0,,,
481,gefsatmos,completed,200,5,2024-07-02T18:00:00Z,2024-07-06T18:00:00Z,1240,1240,1240,1240,1240,11.394,676d26e964b6666a8825520b749f0612011aadf0424ebf9a826e1e548d20ec42,full_tactical_backfill_ok_tmax_gefsatmos_676d26e964b6,C:/Users/ahmad/Desktop/generalFiles/git/weather_markets/weather_data_extraction/bootstrap/hkg_tmax_elite_codex_bootstrap/hkg_tmax_elite_codex/data/_pipeline_internal/raw/gribstream_tactical_full_tactical_backfill_ok_tmax/gefsatmos/run_window_utc=20240702_180000_to_20240706_180000/676d26e964b6666a8825520b749f0612011aadf0424ebf9a826e1e548d20ec42.ndjson.gz,api_fetched,0,,,
482,gefsatmos,completed,200,5,2024-07-07T18:00:00Z,2024-07-11T18:00:00Z,1240,1240,1240,1240,1240,12.517,cb2f7b52abc0e128833aa5b494453bce1d63745efe51f23d02a8a13cd72fe842,full_tactical_backfill_ok_tmax_gefsatmos_cb2f7b52abc0,C:/Users/ahmad/Desktop/generalFiles/git/weather_markets/weather_data_extraction/bootstrap/hkg_tmax_elite_codex_bootstrap/hkg_tmax_elite_codex/data/_pipeline_internal/raw/gribstream_tactical_full_tactical_backfill_ok_tmax/gefsatmos/run_window_utc=20240707_180000_to_20240711_180000/cb2f7b52abc0e128833aa5b494453bce1d63745efe51f23d02a8a13cd72fe842.ndjson.gz,api_fetched,0,,,
483,gefsatmos,completed,200,5,2024-07-12T18:00:00Z,2024-07-16T18:00:00Z,1240,1240,1240,1240,1240,10.309,fdbebdb0a4a4134de70b24aacb925faed093bbb98a3651a2ec9aa4a614c6e016,full_tactical_backfill_ok_tmax_gefsatmos_fdbebdb0a4a4,C:/Users/ahmad/Desktop/generalFiles/git/weather_markets/weather_data_extraction/bootstrap/hkg_tmax_elite_codex_bootstrap/hkg_tmax_elite_codex/data/_pipeline_internal/raw/gribstream_tactical_full_tactical_backfill_ok_tmax/gefsatmos/run_window_utc=20240712_180000_to_20240716_180000/fdbebdb0a4a4134de70b24aacb925faed093bbb98a3651a2ec9aa4a614c6e016.ndjson.gz,api_fetched,0,,,
484,gefsatmos,completed,200,5,2024-07-17T18:00:00Z,2024-07-21T18:00:00Z,1240,1240,1240,1240,1240,12.143,4e27eccdb090a94b45843518450b5511a2002943fc3148f00d1bc260b025cb45,full_tactical_backfill_ok_tmax_gefsatmos_4e27eccdb090,C:/Users/ahmad/Desktop/generalFiles/git/weather_markets/weather_data_extraction/bootstrap/hkg_tmax_elite_codex_bootstrap/hkg_tmax_elite_codex/data/_pipeline_internal/raw/gribstream_tactical_full_tactical_backfill_ok_tmax/gefsatmos/run_window_utc=20240717_180000_to_20240721_180000/4e27eccdb090a94b45843518450b5511a2002943fc3148f00d1bc260b025cb45.ndjson.gz,api_fetched,0,,,
485,gefsatmos,completed,200,5,2024-07-22T18:00:00Z,2024-07-26T18:00:00Z,1240,1240,1240,1240,1240,11.652,13dc7d150061c661a02be2e9a2c8b4faa1712662021ac27eb88a7fb5b0f61c61,full_tactical_backfill_ok_tmax_gefsatmos_13dc7d150061,C:/Users/ahmad/Desktop/generalFiles/git/weather_markets/weather_data_extraction/bootstrap/hkg_tmax_elite_codex_bootstrap/hkg_tmax_elite_codex/data/_pipeline_internal/raw/gribstream_tactical_full_tactical_backfill_ok_tmax/gefsatmos/run_window_utc=20240722_180000_to_20240726_180000/13dc7d150061c661a02be2e9a2c8b4faa1712662021ac27eb88a7fb5b0f61c61.ndjson.gz,api_fetched,0,,,
486,gefsatmos,completed,200,5,2024-07-27T18:00:00Z,2024-07-31T18:00:00Z,1240,1240,1240,1240,1240,11.802,2af8a55f3659d13e625e80a92604ea941bbd1373b31a8b41aa8a2018ade8af05,full_tactical_backfill_ok_tmax_gefsatmos_2af8a55f3659,C:/Users/ahmad/Desktop/generalFiles/git/weather_markets/weather_data_extraction/bootstrap/hkg_tmax_elite_codex_bootstrap/hkg_tmax_elite_codex/data/_pipeline_internal/raw/gribstream_tactical_full_tactical_backfill_ok_tmax/gefsatmos/run_window_utc=20240727_180000_to_20240731_180000/2af8a55f3659d13e625e80a92604ea941bbd1373b31a8b41aa8a2018ade8af05.ndjson.gz,api_fetched,0,,,
487,gefsatmos,completed,200,5,2024-08-01T18:00:00Z,2024-08-05T18:00:00Z,1240,1240,1240,1240,1240,11.234,1184265565291e0f99bb1ea9b098f4f016716a16d90f34fc4bbafe7f5a3b044f,full_tactical_backfill_ok_tmax_gefsatmos_118426556529,C:/Users/ahmad/Desktop/generalFiles/git/weather_markets/weather_data_extraction/bootstrap/hkg_tmax_elite_codex_bootstrap/hkg_tmax_elite_codex/data/_pipeline_internal/raw/gribstream_tactical_full_tactical_backfill_ok_tmax/gefsatmos/run_window_utc=20240801_180000_to_20240805_180000/1184265565291e0f99bb1ea9b098f4f016716a16d90f34fc4bbafe7f5a3b044f.ndjson.gz,api_fetched,0,,,
488,gefsatmos,completed,200,5,2024-08-06T18:00:00Z,2024-08-10T18:00:00Z,1240,1240,1240,1240,1240,10.965,fa55d94cc236f688f5912b6027490866b38f6a22d9f368e78da02e65aec96c0f,full_tactical_backfill_ok_tmax_gefsatmos_fa55d94cc236,C:/Users/ahmad/Desktop/generalFiles/git/weather_markets/weather_data_extraction/bootstrap/hkg_tmax_elite_codex_bootstrap/hkg_tmax_elite_codex/data/_pipeline_internal/raw/gribstream_tactical_full_tactical_backfill_ok_tmax/gefsatmos/run_window_utc=20240806_180000_to_20240810_180000/fa55d94cc236f688f5912b6027490866b38f6a22d9f368e78da02e65aec96c0f.ndjson.gz,api_fetched,0,,,
489,gefsatmos,completed,200,5,2024-08-11T18:00:00Z,2024-08-15T18:00:00Z,1240,1240,1240,1240,1240,11.347,c223d1e595878d430b35c4a4b2a2b65829f70eeea1dc42a7e36c1ec41a22d76d,full_tactical_backfill_ok_tmax_gefsatmos_c223d1e59587,C:/Users/ahmad/Desktop/generalFiles/git/weather_markets/weather_data_extraction/bootstrap/hkg_tmax_elite_codex_bootstrap/hkg_tmax_elite_codex/data/_pipeline_internal/raw/gribstream_tactical_full_tactical_backfill_ok_tmax/gefsatmos/run_window_utc=20240811_180000_to_20240815_180000/c223d1e595878d430b35c4a4b2a2b65829f70eeea1dc42a7e36c1ec41a22d76d.ndjson.gz,api_fetched,0,,,
490,gefsatmos,completed,200,5,2024-08-16T18:00:00Z,2024-08-20T18:00:00Z,1240,1240,1240,1240,1240,11.672,9564c6eac06ed0eea39939a9b2c3c80f442160b6cd32d416023a72478b0f88f9,full_tactical_backfill_ok_tmax_gefsatmos_9564c6eac06e,C:/Users/ahmad/Desktop/generalFiles/git/weather_markets/weather_data_extraction/bootstrap/hkg_tmax_elite_codex_bootstrap/hkg_tmax_elite_codex/data/_pipeline_internal/raw/gribstream_tactical_full_tactical_backfill_ok_tmax/gefsatmos/run_window_utc=20240816_180000_to_20240820_180000/9564c6eac06ed0eea39939a9b2c3c80f442160b6cd32d416023a72478b0f88f9.ndjson.gz,api_fetched,0,,,
491,gefsatmos,completed,200,5,2024-08-21T18:00:00Z,2024-08-25T18:00:00Z,1240,1240,1240,1240,1240,11.258,301e3f529d99e07e612dfef52a5ee1106363f05485274f40a36b329e4382f468,full_tactical_backfill_ok_tmax_gefsatmos_301e3f529d99,C:/Users/ahmad/Desktop/generalFiles/git/weather_markets/weather_data_extraction/bootstrap/hkg_tmax_elite_codex_bootstrap/hkg_tmax_elite_codex/data/_pipeline_internal/raw/gribstream_tactical_full_tactical_backfill_ok_tmax/gefsatmos/run_window_utc=20240821_180000_to_20240825_180000/301e3f529d99e07e612dfef52a5ee1106363f05485274f40a36b329e4382f468.ndjson.gz,api_fetched,0,,,
492,gefsatmos,completed,200,5,2024-08-26T18:00:00Z,2024-08-30T18:00:00Z,1240,1240,1240,1240,1240,11.281,22b597169ad0b41a3ebf866c8a824f56fd740ea9f9be1205ed50cbeefff3b067,full_tactical_backfill_ok_tmax_gefsatmos_22b597169ad0,C:/Users/ahmad/Desktop/generalFiles/git/weather_markets/weather_data_extraction/bootstrap/hkg_tmax_elite_codex_bootstrap/hkg_tmax_elite_codex/data/_pipeline_internal/raw/gribstream_tactical_full_tactical_backfill_ok_tmax/gefsatmos/run_window_utc=20240826_180000_to_20240830_180000/22b597169ad0b41a3ebf866c8a824f56fd740ea9f9be1205ed50cbeefff3b067.ndjson.gz,api_fetched,0,,,
493,gefsatmos,completed,200,5,2024-08-31T18:00:00Z,2024-09-04T18:00:00Z,1240,1240,1240,1240,1240,11.672,2e4930e90285cf4aecff2424bd363a17ae6474a17ecb03bb04d0c18bce14e27b,full_tactical_backfill_ok_tmax_gefsatmos_2e4930e90285,C:/Users/ahmad/Desktop/generalFiles/git/weather_markets/weather_data_extraction/bootstrap/hkg_tmax_elite_codex_bootstrap/hkg_tmax_elite_codex/data/_pipeline_internal/raw/gribstream_tactical_full_tactical_backfill_ok_tmax/gefsatmos/run_window_utc=20240831_180000_to_20240904_180000/2e4930e90285cf4aecff2424bd363a17ae6474a17ecb03bb04d0c18bce14e27b.ndjson.gz,api_fetched,0,,,
494,gefsatmos,completed,200,5,2024-09-05T18:00:00Z,2024-09-09T18:00:00Z,1240,1240,1240,1240,1240,11.128,03e378b858b4fd7cc58d2ac782b0d2cbb8790df17c8fdd3d2061d3972c6277a1,full_tactical_backfill_ok_tmax_gefsatmos_03e378b858b4,C:/Users/ahmad/Desktop/generalFiles/git/weather_markets/weather_data_extraction/bootstrap/hkg_tmax_elite_codex_bootstrap/hkg_tmax_elite_codex/data/_pipeline_internal/raw/gribstream_tactical_full_tactical_backfill_ok_tmax/gefsatmos/run_window_utc=20240905_180000_to_20240909_180000/03e378b858b4fd7cc58d2ac782b0d2cbb8790df17c8fdd3d2061d3972c6277a1.ndjson.gz,api_fetched,0,,,
495,gefsatmos,completed,200,5,2024-09-10T18:00:00Z,2024-09-14T18:00:00Z,1240,1240,1240,1240,1240,11.671,e1b2ea93162a159a3ee1826b7a459b14633037018616365130b91167310eddc9,full_tactical_backfill_ok_tmax_gefsatmos_e1b2ea93162a,C:/Users/ahmad/Desktop/generalFiles/git/weather_markets/weather_data_extraction/bootstrap/hkg_tmax_elite_codex_bootstrap/hkg_tmax_elite_codex/data/_pipeline_internal/raw/gribstream_tactical_full_tactical_backfill_ok_tmax/gefsatmos/run_window_utc=20240910_180000_to_20240914_180000/e1b2ea93162a159a3ee1826b7a459b14633037018616365130b91167310eddc9.ndjson.gz,api_fetched,0,,,
496,gefsatmos,completed,200,5,2024-09-15T18:00:00Z,2024-09-19T18:00:00Z,1240,1240,1240,1240,1240,11.163,2b77aab21e863ab7be245dc19d3bf40a2670a8ad345776c82d62f975ca332e7f,full_tactical_backfill_ok_tmax_gefsatmos_2b77aab21e86,C:/Users/ahmad/Desktop/generalFiles/git/weather_markets/weather_data_extraction/bootstrap/hkg_tmax_elite_codex_bootstrap/hkg_tmax_elite_codex/data/_pipeline_internal/raw/gribstream_tactical_full_tactical_backfill_ok_tmax/gefsatmos/run_window_utc=20240915_180000_to_20240919_180000/2b77aab21e863ab7be245dc19d3bf40a2670a8ad345776c82d62f975ca332e7f.ndjson.gz,api_fetched,0,,,
497,gefsatmos,completed,200,5,2024-09-20T18:00:00Z,2024-09-24T18:00:00Z,1240,1240,1240,1240,1240,12.099,59742e93c251cff7e6b93df7918c142d4e159261fb9d13ad563d7830cd962de9,full_tactical_backfill_ok_tmax_gefsatmos_59742e93c251,C:/Users/ahmad/Desktop/generalFiles/git/weather_markets/weather_data_extraction/bootstrap/hkg_tmax_elite_codex_bootstrap/hkg_tmax_elite_codex/data/_pipeline_internal/raw/gribstream_tactical_full_tactical_backfill_ok_tmax/gefsatmos/run_window_utc=20240920_180000_to_20240924_180000/59742e93c251cff7e6b93df7918c142d4e159261fb9d13ad563d7830cd962de9.ndjson.gz,api_fetched,0,,,
498,gefsatmos,completed,200,5,2024-09-25T18:00:00Z,2024-09-29T18:00:00Z,1240,1240,1240,1240,1240,11.128,3558d3ebeee1264858cdbd416260b390980c27064687660ec3572fc1c3ed60b5,full_tactical_backfill_ok_tmax_gefsatmos_3558d3ebeee1,C:/Users/ahmad/Desktop/generalFiles/git/weather_markets/weather_data_extraction/bootstrap/hkg_tmax_elite_codex_bootstrap/hkg_tmax_elite_codex/data/_pipeline_internal/raw/gribstream_tactical_full_tactical_backfill_ok_tmax/gefsatmos/run_window_utc=20240925_180000_to_20240929_180000/3558d3ebeee1264858cdbd416260b390980c27064687660ec3572fc1c3ed60b5.ndjson.gz,api_fetched,0,,,
499,gefsatmos,completed,200,5,2024-09-30T18:00:00Z,2024-10-04T18:00:00Z,1240,1240,1240,1240,1240,12.479,16139a9a0130a3e77759036d012bacad946b2a7fea097cdacebb80a52308f4d3,full_tactical_backfill_ok_tmax_gefsatmos_16139a9a0130,C:/Users/ahmad/Desktop/generalFiles/git/weather_markets/weather_data_extraction/bootstrap/hkg_tmax_elite_codex_bootstrap/hkg_tmax_elite_codex/data/_pipeline_internal/raw/gribstream_tactical_full_tactical_backfill_ok_tmax/gefsatmos/run_window_utc=20240930_180000_to_20241004_180000/16139a9a0130a3e77759036d012bacad946b2a7fea097cdacebb80a52308f4d3.ndjson.gz,api_fetched,0,,,
500,gefsatmos,completed,200,5,2024-10-05T18:00:00Z,2024-10-09T18:00:00Z,1240,1240,1240,1240,1240,11.075,e7efc8582a5619da8ce1c78a980d70bf732f1d456a15b563ac3cbb6b4a4147de,full_tactical_backfill_ok_tmax_gefsatmos_e7efc8582a56,C:/Users/ahmad/Desktop/generalFiles/git/weather_markets/weather_data_extraction/bootstrap/hkg_tmax_elite_codex_bootstrap/hkg_tmax_elite_codex/data/_pipeline_internal/raw/gribstream_tactical_full_tactical_backfill_ok_tmax/gefsatmos/run_window_utc=20241005_180000_to_20241009_180000/e7efc8582a5619da8ce1c78a980d70bf732f1d456a15b563ac3cbb6b4a4147de.ndjson.gz,api_fetched,0,,,
501,gefsatmos,completed,200,5,2024-10-10T18:00:00Z,2024-10-14T18:00:00Z,1240,1240,1240,1240,1240,11.513,f0f4481ed8b4da4c9f6282c5ce62c2086707961d8b30a43b9e4fe91291af4bdb,full_tactical_backfill_ok_tmax_gefsatmos_f0f4481ed8b4,C:/Users/ahmad/Desktop/generalFiles/git/weather_markets/weather_data_extraction/bootstrap/hkg_tmax_elite_codex_bootstrap/hkg_tmax_elite_codex/data/_pipeline_internal/raw/gribstream_tactical_full_tactical_backfill_ok_tmax/gefsatmos/run_window_utc=20241010_180000_to_20241014_180000/f0f4481ed8b4da4c9f6282c5ce62c2086707961d8b30a43b9e4fe91291af4bdb.ndjson.gz,api_fetched,0,,,
502,gefsatmos,completed,200,5,2024-10-15T18:00:00Z,2024-10-19T18:00:00Z,1240,1240,1240,1240,1240,12.124,a949474d13c79ddda95dfec84491156a461c6bb53fae5e85eb29573c03b50a06,full_tactical_backfill_ok_tmax_gefsatmos_a949474d13c7,C:/Users/ahmad/Desktop/generalFiles/git/weather_markets/weather_data_extraction/bootstrap/hkg_tmax_elite_codex_bootstrap/hkg_tmax_elite_codex/data/_pipeline_internal/raw/gribstream_tactical_full_tactical_backfill_ok_tmax/gefsatmos/run_window_utc=20241015_180000_to_20241019_180000/a949474d13c79ddda95dfec84491156a461c6bb53fae5e85eb29573c03b50a06.ndjson.gz,api_fetched,0,,,
503,gefsatmos,completed,200,5,2024-10-20T18:00:00Z,2024-10-24T18:00:00Z,1240,1240,1240,1240,1240,10.938,969667b644ed8595f3fcea6884d9acb93c3721dd70ec47afa8ad099714a6abc7,full_tactical_backfill_ok_tmax_gefsatmos_969667b644ed,C:/Users/ahmad/Desktop/generalFiles/git/weather_markets/weather_data_extraction/bootstrap/hkg_tmax_elite_codex_bootstrap/hkg_tmax_elite_codex/data/_pipeline_internal/raw/gribstream_tactical_full_tactical_backfill_ok_tmax/gefsatmos/run_window_utc=20241020_180000_to_20241024_180000/969667b644ed8595f3fcea6884d9acb93c3721dd70ec47afa8ad099714a6abc7.ndjson.gz,api_fetched,0,,,
504,gefsatmos,completed,200,5,2024-10-25T18:00:00Z,2024-10-29T18:00:00Z,1240,1240,1240,1240,1240,11.592,46e4ae6da5c5b350f60e5d9f3bb948d24f36544ca045b141f6cd74075df9dfde,full_tactical_backfill_ok_tmax_gefsatmos_46e4ae6da5c5,C:/Users/ahmad/Desktop/generalFiles/git/weather_markets/weather_data_extraction/bootstrap/hkg_tmax_elite_codex_bootstrap/hkg_tmax_elite_codex/data/_pipeline_internal/raw/gribstream_tactical_full_tactical_backfill_ok_tmax/gefsatmos/run_window_utc=20241025_180000_to_20241029_180000/46e4ae6da5c5b350f60e5d9f3bb948d24f36544ca045b141f6cd74075df9dfde.ndjson.gz,api_fetched,0,,,
505,gefsatmos,completed,200,5,2024-10-30T18:00:00Z,2024-11-03T18:00:00Z,1240,1240,1240,1240,1240,11.769,c34865532bc3d8382deae69755bc04e48284da65f351f207a1d39817adbb521b,full_tactical_backfill_ok_tmax_gefsatmos_c34865532bc3,C:/Users/ahmad/Desktop/generalFiles/git/weather_markets/weather_data_extraction/bootstrap/hkg_tmax_elite_codex_bootstrap/hkg_tmax_elite_codex/data/_pipeline_internal/raw/gribstream_tactical_full_tactical_backfill_ok_tmax/gefsatmos/run_window_utc=20241030_180000_to_20241103_180000/c34865532bc3d8382deae69755bc04e48284da65f351f207a1d39817adbb521b.ndjson.gz,api_fetched,0,,,
506,gefsatmos,completed,200,5,2024-11-04T18:00:00Z,2024-11-08T18:00:00Z,1240,1240,1240,1240,1240,11.025,fc485ffc68e2dbaebdc48d1b821222e059457178320f5d8d267ba3133ba800f9,full_tactical_backfill_ok_tmax_gefsatmos_fc485ffc68e2,C:/Users/ahmad/Desktop/generalFiles/git/weather_markets/weather_data_extraction/bootstrap/hkg_tmax_elite_codex_bootstrap/hkg_tmax_elite_codex/data/_pipeline_internal/raw/gribstream_tactical_full_tactical_backfill_ok_tmax/gefsatmos/run_window_utc=20241104_180000_to_20241108_180000/fc485ffc68e2dbaebdc48d1b821222e059457178320f5d8d267ba3133ba800f9.ndjson.gz,api_fetched,0,,,
507,gefsatmos,completed,200,5,2024-11-09T18:00:00Z,2024-11-13T18:00:00Z,1240,1240,1240,1240,1240,11.31,411a3515751241f4cc8fe9756c49aca165e2c2b776ef17ae323117f2931a19e3,full_tactical_backfill_ok_tmax_gefsatmos_411a35157512,C:/Users/ahmad/Desktop/generalFiles/git/weather_markets/weather_data_extraction/bootstrap/hkg_tmax_elite_codex_bootstrap/hkg_tmax_elite_codex/data/_pipeline_internal/raw/gribstream_tactical_full_tactical_backfill_ok_tmax/gefsatmos/run_window_utc=20241109_180000_to_20241113_180000/411a3515751241f4cc8fe9756c49aca165e2c2b776ef17ae323117f2931a19e3.ndjson.gz,api_fetched,0,,,
508,gefsatmos,completed,200,5,2024-11-14T18:00:00Z,2024-11-18T18:00:00Z,1240,1240,1240,1240,1240,11.695,bb7fd9c78c1ba8a447e1ffa04d7c0e622307980d2ec53e82b2f960d3ee30c1f9,full_tactical_backfill_ok_tmax_gefsatmos_bb7fd9c78c1b,C:/Users/ahmad/Desktop/generalFiles/git/weather_markets/weather_data_extraction/bootstrap/hkg_tmax_elite_codex_bootstrap/hkg_tmax_elite_codex/data/_pipeline_internal/raw/gribstream_tactical_full_tactical_backfill_ok_tmax/gefsatmos/run_window_utc=20241114_180000_to_20241118_180000/bb7fd9c78c1ba8a447e1ffa04d7c0e622307980d2ec53e82b2f960d3ee30c1f9.ndjson.gz,api_fetched,0,,,
509,gefsatmos,completed,200,5,2024-11-19T18:00:00Z,2024-11-23T18:00:00Z,1240,1240,1240,1240,1240,11.644,e4d3258cd73a586a400d1676f92a2efeaa4647374ebaedf0b905b1e80c670813,full_tactical_backfill_ok_tmax_gefsatmos_e4d3258cd73a,C:/Users/ahmad/Desktop/generalFiles/git/weather_markets/weather_data_extraction/bootstrap/hkg_tmax_elite_codex_bootstrap/hkg_tmax_elite_codex/data/_pipeline_internal/raw/gribstream_tactical_full_tactical_backfill_ok_tmax/gefsatmos/run_window_utc=20241119_180000_to_20241123_180000/e4d3258cd73a586a400d1676f92a2efeaa4647374ebaedf0b905b1e80c670813.ndjson.gz,api_fetched,0,,,
510,gefsatmos,completed,200,5,2024-11-24T18:00:00Z,2024-11-28T18:00:00Z,1240,1240,1240,1240,1240,11.598,153c64eb5ba3880c9232910b58c6598831be0097357e6f7d4b0a3ef5230b88e8,full_tactical_backfill_ok_tmax_gefsatmos_153c64eb5ba3,C:/Users/ahmad/Desktop/generalFiles/git/weather_markets/weather_data_extraction/bootstrap/hkg_tmax_elite_codex_bootstrap/hkg_tmax_elite_codex/data/_pipeline_internal/raw/gribstream_tactical_full_tactical_backfill_ok_tmax/gefsatmos/run_window_utc=20241124_180000_to_20241128_180000/153c64eb5ba3880c9232910b58c6598831be0097357e6f7d4b0a3ef5230b88e8.ndjson.gz,api_fetched,0,,,
511,gefsatmos,completed,200,5,2024-11-29T18:00:00Z,2024-12-03T18:00:00Z,1240,1240,1240,1240,1240,11.604,5110ff1f6f91b834bb83fb5f5ee9965661147bf27c59dfe3d74719159a629f1c,full_tactical_backfill_ok_tmax_gefsatmos_5110ff1f6f91,C:/Users/ahmad/Desktop/generalFiles/git/weather_markets/weather_data_extraction/bootstrap/hkg_tmax_elite_codex_bootstrap/hkg_tmax_elite_codex/data/_pipeline_internal/raw/gribstream_tactical_full_tactical_backfill_ok_tmax/gefsatmos/run_window_utc=20241129_180000_to_20241203_180000/5110ff1f6f91b834bb83fb5f5ee9965661147bf27c59dfe3d74719159a629f1c.ndjson.gz,api_fetched,0,,,
512,gefsatmos,completed,200,5,2024-12-04T18:00:00Z,2024-12-08T18:00:00Z,1240,1240,1240,1240,1240,11.491,def7776c985c503d044eaafb1a56e6aa0ef2338a5232980769d668521e041a07,full_tactical_backfill_ok_tmax_gefsatmos_def7776c985c,C:/Users/ahmad/Desktop/generalFiles/git/weather_markets/weather_data_extraction/bootstrap/hkg_tmax_elite_codex_bootstrap/hkg_tmax_elite_codex/data/_pipeline_internal/raw/gribstream_tactical_full_tactical_backfill_ok_tmax/gefsatmos/run_window_utc=20241204_180000_to_20241208_180000/def7776c985c503d044eaafb1a56e6aa0ef2338a5232980769d668521e041a07.ndjson.gz,api_fetched,0,,,
513,gefsatmos,completed,200,5,2024-12-09T18:00:00Z,2024-12-13T18:00:00Z,1240,1240,1240,1240,1240,10.93,1e8ad0cdba0727092cec0c2f6de50d3a3a7eea7bc64ef3e3599c557b0ec587f1,full_tactical_backfill_ok_tmax_gefsatmos_1e8ad0cdba07,C:/Users/ahmad/Desktop/generalFiles/git/weather_markets/weather_data_extraction/bootstrap/hkg_tmax_elite_codex_bootstrap/hkg_tmax_elite_codex/data/_pipeline_internal/raw/gribstream_tactical_full_tactical_backfill_ok_tmax/gefsatmos/run_window_utc=20241209_180000_to_20241213_180000/1e8ad0cdba0727092cec0c2f6de50d3a3a7eea7bc64ef3e3599c557b0ec587f1.ndjson.gz,api_fetched,0,,,
514,gefsatmos,completed,200,5,2024-12-14T18:00:00Z,2024-12-18T18:00:00Z,1240,1240,1240,1240,1240,11.408,14d047c6847d3d9f31f9fa930cfe06697b8f12e784280e9d32bf476fa27f219c,full_tactical_backfill_ok_tmax_gefsatmos_14d047c6847d,C:/Users/ahmad/Desktop/generalFiles/git/weather_markets/weather_data_extraction/bootstrap/hkg_tmax_elite_codex_bootstrap/hkg_tmax_elite_codex/data/_pipeline_internal/raw/gribstream_tactical_full_tactical_backfill_ok_tmax/gefsatmos/run_window_utc=20241214_180000_to_20241218_180000/14d047c6847d3d9f31f9fa930cfe06697b8f12e784280e9d32bf476fa27f219c.ndjson.gz,api_fetched,0,,,
515,gefsatmos,completed,200,5,2024-12-19T18:00:00Z,2024-12-23T18:00:00Z,1240,1240,1240,1240,1240,11.457,000dd9e72da9a3ef87d1d8f5a9eaa5e2aa0b9aa6b48afa8e4a39b95f87c9d2ca,full_tactical_backfill_ok_tmax_gefsatmos_000dd9e72da9,C:/Users/ahmad/Desktop/generalFiles/git/weather_markets/weather_data_extraction/bootstrap/hkg_tmax_elite_codex_bootstrap/hkg_tmax_elite_codex/data/_pipeline_internal/raw/gribstream_tactical_full_tactical_backfill_ok_tmax/gefsatmos/run_window_utc=20241219_180000_to_20241223_180000/000dd9e72da9a3ef87d1d8f5a9eaa5e2aa0b9aa6b48afa8e4a39b95f87c9d2ca.ndjson.gz,api_fetched,0,,,
516,gefsatmos,completed,200,5,2024-12-24T18:00:00Z,2024-12-28T18:00:00Z,1240,1240,1240,1240,1240,11.643,92474749000d3d7bcd2452bd8e948564a186309ab08fa2dbe5f9bafa70d26f01,full_tactical_backfill_ok_tmax_gefsatmos_92474749000d,C:/Users/ahmad/Desktop/generalFiles/git/weather_markets/weather_data_extraction/bootstrap/hkg_tmax_elite_codex_bootstrap/hkg_tmax_elite_codex/data/_pipeline_internal/raw/gribstream_tactical_full_tactical_backfill_ok_tmax/gefsatmos/run_window_utc=20241224_180000_to_20241228_180000/92474749000d3d7bcd2452bd8e948564a186309ab08fa2dbe5f9bafa70d26f01.ndjson.gz,api_fetched,0,,,
517,gefsatmos,completed,200,5,2024-12-29T18:00:00Z,2025-01-02T18:00:00Z,1240,1240,1240,1240,1240,11.281,225426abeacf024d202d2ddebd5c6ea703aefd7bae4f683e597cd4f9055c7a52,full_tactical_backfill_ok_tmax_gefsatmos_225426abeacf,C:/Users/ahmad/Desktop/generalFiles/git/weather_markets/weather_data_extraction/bootstrap/hkg_tmax_elite_codex_bootstrap/hkg_tmax_elite_codex/data/_pipeline_internal/raw/gribstream_tactical_full_tactical_backfill_ok_tmax/gefsatmos/run_window_utc=20241229_180000_to_20250102_180000/225426abeacf024d202d2ddebd5c6ea703aefd7bae4f683e597cd4f9055c7a52.ndjson.gz,api_fetched,0,,,
518,gefsatmos,completed,200,5,2025-01-03T18:00:00Z,2025-01-07T18:00:00Z,1240,1240,1240,1240,1240,11.516,7f1544f1823c80e5c371b8f5dc2b7a426763a27c25586ea0281d870c7aee8bfe,full_tactical_backfill_ok_tmax_gefsatmos_7f1544f1823c,C:/Users/ahmad/Desktop/generalFiles/git/weather_markets/weather_data_extraction/bootstrap/hkg_tmax_elite_codex_bootstrap/hkg_tmax_elite_codex/data/_pipeline_internal/raw/gribstream_tactical_full_tactical_backfill_ok_tmax/gefsatmos/run_window_utc=20250103_180000_to_20250107_180000/7f1544f1823c80e5c371b8f5dc2b7a426763a27c25586ea0281d870c7aee8bfe.ndjson.gz,api_fetched,0,,,
519,gefsatmos,completed,200,5,2025-01-08T18:00:00Z,2025-01-12T18:00:00Z,1240,1240,1240,1240,1240,11.234,371ad1d853ce09b0bf764651aae119f5621663768fd93dce7c41fa24da95fa1b,full_tactical_backfill_ok_tmax_gefsatmos_371ad1d853ce,C:/Users/ahmad/Desktop/generalFiles/git/weather_markets/weather_data_extraction/bootstrap/hkg_tmax_elite_codex_bootstrap/hkg_tmax_elite_codex/data/_pipeline_internal/raw/gribstream_tactical_full_tactical_backfill_ok_tmax/gefsatmos/run_window_utc=20250108_180000_to_20250112_180000/371ad1d853ce09b0bf764651aae119f5621663768fd93dce7c41fa24da95fa1b.ndjson.gz,api_fetched,0,,,
520,gefsatmos,completed,200,5,2025-01-13T18:00:00Z,2025-01-17T18:00:00Z,1240,1240,1240,1240,1240,11.876,df48f4874a2749082cadee0a5960db3d58b1c3cad18093cf446b7655ac57eefe,full_tactical_backfill_ok_tmax_gefsatmos_df48f4874a27,C:/Users/ahmad/Desktop/generalFiles/git/weather_markets/weather_data_extraction/bootstrap/hkg_tmax_elite_codex_bootstrap/hkg_tmax_elite_codex/data/_pipeline_internal/raw/gribstream_tactical_full_tactical_backfill_ok_tmax/gefsatmos/run_window_utc=20250113_180000_to_20250117_180000/df48f4874a2749082cadee0a5960db3d58b1c3cad18093cf446b7655ac57eefe.ndjson.gz,api_fetched,0,,,
521,gefsatmos,completed,200,5,2025-01-18T18:00:00Z,2025-01-22T18:00:00Z,1240,1240,1240,1240,1240,10.782,36ae6ddae191da1d0373a08f72b7f0c7b7c7d01e8e40e51671a2fe26adb57ef2,full_tactical_backfill_ok_tmax_gefsatmos_36ae6ddae191,C:/Users/ahmad/Desktop/generalFiles/git/weather_markets/weather_data_extraction/bootstrap/hkg_tmax_elite_codex_bootstrap/hkg_tmax_elite_codex/data/_pipeline_internal/raw/gribstream_tactical_full_tactical_backfill_ok_tmax/gefsatmos/run_window_utc=20250118_180000_to_20250122_180000/36ae6ddae191da1d0373a08f72b7f0c7b7c7d01e8e40e51671a2fe26adb57ef2.ndjson.gz,api_fetched,0,,,
522,gefsatmos,completed,200,5,2025-01-23T18:00:00Z,2025-01-27T18:00:00Z,1240,1240,1240,1240,1240,12.242,9faf227a8d5721a00afe976568c351d3a1ef77401200715242103eeeaaa7ef88,full_tactical_backfill_ok_tmax_gefsatmos_9faf227a8d57,C:/Users/ahmad/Desktop/generalFiles/git/weather_markets/weather_data_extraction/bootstrap/hkg_tmax_elite_codex_bootstrap/hkg_tmax_elite_codex/data/_pipeline_internal/raw/gribstream_tactical_full_tactical_backfill_ok_tmax/gefsatmos/run_window_utc=20250123_180000_to_20250127_180000/9faf227a8d5721a00afe976568c351d3a1ef77401200715242103eeeaaa7ef88.ndjson.gz,api_fetched,0,,,
523,gefsatmos,completed,200,5,2025-01-28T18:00:00Z,2025-02-01T18:00:00Z,1240,1240,1240,1240,1240,10.961,473fbbd708916cac298869344c42cd81b9f2595739320493d9afb04c11ec0311,full_tactical_backfill_ok_tmax_gefsatmos_473fbbd70891,C:/Users/ahmad/Desktop/generalFiles/git/weather_markets/weather_data_extraction/bootstrap/hkg_tmax_elite_codex_bootstrap/hkg_tmax_elite_codex/data/_pipeline_internal/raw/gribstream_tactical_full_tactical_backfill_ok_tmax/gefsatmos/run_window_utc=20250128_180000_to_20250201_180000/473fbbd708916cac298869344c42cd81b9f2595739320493d9afb04c11ec0311.ndjson.gz,api_fetched,0,,,
524,gefsatmos,completed,200,5,2025-02-02T18:00:00Z,2025-02-06T18:00:00Z,1240,1240,1240,1240,1240,11.095,b6129383c282d5f1c2b29667667a12d79240f494aeafb22a2ef4f6620b810e51,full_tactical_backfill_ok_tmax_gefsatmos_b6129383c282,C:/Users/ahmad/Desktop/generalFiles/git/weather_markets/weather_data_extraction/bootstrap/hkg_tmax_elite_codex_bootstrap/hkg_tmax_elite_codex/data/_pipeline_internal/raw/gribstream_tactical_full_tactical_backfill_ok_tmax/gefsatmos/run_window_utc=20250202_180000_to_20250206_180000/b6129383c282d5f1c2b29667667a12d79240f494aeafb22a2ef4f6620b810e51.ndjson.gz,api_fetched,0,,,
525,gefsatmos,completed,200,5,2025-02-07T18:00:00Z,2025-02-11T18:00:00Z,1240,1240,1240,1240,1240,11.525,ec2e0a662759b0fc21929b89324ffbf7a71fc016e6b8f66a2a10d6c4a3e0784f,full_tactical_backfill_ok_tmax_gefsatmos_ec2e0a662759,C:/Users/ahmad/Desktop/generalFiles/git/weather_markets/weather_data_extraction/bootstrap/hkg_tmax_elite_codex_bootstrap/hkg_tmax_elite_codex/data/_pipeline_internal/raw/gribstream_tactical_full_tactical_backfill_ok_tmax/gefsatmos/run_window_utc=20250207_180000_to_20250211_180000/ec2e0a662759b0fc21929b89324ffbf7a71fc016e6b8f66a2a10d6c4a3e0784f.ndjson.gz,api_fetched,0,,,
526,gefsatmos,completed,200,5,2025-02-12T18:00:00Z,2025-02-16T18:00:00Z,1240,1240,1240,1240,1240,11.551,70693b1106e58f5cbf27dec3ed0df16edba2fb2f2f4c6e52f1c665a5984023f0,full_tactical_backfill_ok_tmax_gefsatmos_70693b1106e5,C:/Users/ahmad/Desktop/generalFiles/git/weather_markets/weather_data_extraction/bootstrap/hkg_tmax_elite_codex_bootstrap/hkg_tmax_elite_codex/data/_pipeline_internal/raw/gribstream_tactical_full_tactical_backfill_ok_tmax/gefsatmos/run_window_utc=20250212_180000_to_20250216_180000/70693b1106e58f5cbf27dec3ed0df16edba2fb2f2f4c6e52f1c665a5984023f0.ndjson.gz,api_fetched,0,,,
527,gefsatmos,completed,200,5,2025-02-17T18:00:00Z,2025-02-21T18:00:00Z,1240,1240,1240,1240,1240,11.321,48b5d2ca5e28044c7a957f47ad870fe8309ca886d8b4c5937dc9054cd673a8e6,full_tactical_backfill_ok_tmax_gefsatmos_48b5d2ca5e28,C:/Users/ahmad/Desktop/generalFiles/git/weather_markets/weather_data_extraction/bootstrap/hkg_tmax_elite_codex_bootstrap/hkg_tmax_elite_codex/data/_pipeline_internal/raw/gribstream_tactical_full_tactical_backfill_ok_tmax/gefsatmos/run_window_utc=20250217_180000_to_20250221_180000/48b5d2ca5e28044c7a957f47ad870fe8309ca886d8b4c5937dc9054cd673a8e6.ndjson.gz,api_fetched,0,,,
528,gefsatmos,completed,200,5,2025-02-22T18:00:00Z,2025-02-26T18:00:00Z,1240,1240,1240,1240,1240,11.886,52c7169de8c97890f460cea8cdc95c20d682460bde70b6f1b9a7f636cb6a193c,full_tactical_backfill_ok_tmax_gefsatmos_52c7169de8c9,C:/Users/ahmad/Desktop/generalFiles/git/weather_markets/weather_data_extraction/bootstrap/hkg_tmax_elite_codex_bootstrap/hkg_tmax_elite_codex/data/_pipeline_internal/raw/gribstream_tactical_full_tactical_backfill_ok_tmax/gefsatmos/run_window_utc=20250222_180000_to_20250226_180000/52c7169de8c97890f460cea8cdc95c20d682460bde70b6f1b9a7f636cb6a193c.ndjson.gz,api_fetched,0,,,
529,gefsatmos,completed,200,5,2025-02-27T18:00:00Z,2025-03-03T18:00:00Z,1240,1240,1240,1240,1240,10.798,2ac6103c2449713773131c3012bf898bc84330bb66073339ff0d52d3c16b8f07,full_tactical_backfill_ok_tmax_gefsatmos_2ac6103c2449,C:/Users/ahmad/Desktop/generalFiles/git/weather_markets/weather_data_extraction/bootstrap/hkg_tmax_elite_codex_bootstrap/hkg_tmax_elite_codex/data/_pipeline_internal/raw/gribstream_tactical_full_tactical_backfill_ok_tmax/gefsatmos/run_window_utc=20250227_180000_to_20250303_180000/2ac6103c2449713773131c3012bf898bc84330bb66073339ff0d52d3c16b8f07.ndjson.gz,api_fetched,0,,,
530,gefsatmos,completed,200,5,2025-03-04T18:00:00Z,2025-03-08T18:00:00Z,1240,1240,1240,1240,1240,11.578,873314cafb8a94652662fd3191e7f681136527a9043b8fe46e3bb7f0f3bcff24,full_tactical_backfill_ok_tmax_gefsatmos_873314cafb8a,C:/Users/ahmad/Desktop/generalFiles/git/weather_markets/weather_data_extraction/bootstrap/hkg_tmax_elite_codex_bootstrap/hkg_tmax_elite_codex/data/_pipeline_internal/raw/gribstream_tactical_full_tactical_backfill_ok_tmax/gefsatmos/run_window_utc=20250304_180000_to_20250308_180000/873314cafb8a94652662fd3191e7f681136527a9043b8fe46e3bb7f0f3bcff24.ndjson.gz,api_fetched,0,,,
531,gefsatmos,completed,200,5,2025-03-09T18:00:00Z,2025-03-13T18:00:00Z,1240,1240,1240,1240,1240,11.642,1c006a3df9e8c2ac5b4913825130e7a46800c1343147233f12dab57f774c4cee,full_tactical_backfill_ok_tmax_gefsatmos_1c006a3df9e8,C:/Users/ahmad/Desktop/generalFiles/git/weather_markets/weather_data_extraction/bootstrap/hkg_tmax_elite_codex_bootstrap/hkg_tmax_elite_codex/data/_pipeline_internal/raw/gribstream_tactical_full_tactical_backfill_ok_tmax/gefsatmos/run_window_utc=20250309_180000_to_20250313_180000/1c006a3df9e8c2ac5b4913825130e7a46800c1343147233f12dab57f774c4cee.ndjson.gz,api_fetched,0,,,
532,gefsatmos,completed,200,5,2025-03-14T18:00:00Z,2025-03-18T18:00:00Z,1240,1240,1240,1240,1240,11.355,fbe10718ec820d64d779f826d6f186311491a903e0b264ce7691e04b96df1c02,full_tactical_backfill_ok_tmax_gefsatmos_fbe10718ec82,C:/Users/ahmad/Desktop/generalFiles/git/weather_markets/weather_data_extraction/bootstrap/hkg_tmax_elite_codex_bootstrap/hkg_tmax_elite_codex/data/_pipeline_internal/raw/gribstream_tactical_full_tactical_backfill_ok_tmax/gefsatmos/run_window_utc=20250314_180000_to_20250318_180000/fbe10718ec820d64d779f826d6f186311491a903e0b264ce7691e04b96df1c02.ndjson.gz,api_fetched,0,,,
533,gefsatmos,completed,200,5,2025-03-19T18:00:00Z,2025-03-23T18:00:00Z,1240,1240,1240,1240,1240,11.205,a5aeab801451076d9383c198f4bcb2afc561f6aac9c4906c2153747a7e14c83f,full_tactical_backfill_ok_tmax_gefsatmos_a5aeab801451,C:/Users/ahmad/Desktop/generalFiles/git/weather_markets/weather_data_extraction/bootstrap/hkg_tmax_elite_codex_bootstrap/hkg_tmax_elite_codex/data/_pipeline_internal/raw/gribstream_tactical_full_tactical_backfill_ok_tmax/gefsatmos/run_window_utc=20250319_180000_to_20250323_180000/a5aeab801451076d9383c198f4bcb2afc561f6aac9c4906c2153747a7e14c83f.ndjson.gz,api_fetched,0,,,
534,gefsatmos,completed,200,5,2025-03-24T18:00:00Z,2025-03-28T18:00:00Z,1240,1240,1240,1240,1240,11.531,aa22941e543204daa45606c4b9f65440728e2f94ffd636b70aa2bd24ea0f65a1,full_tactical_backfill_ok_tmax_gefsatmos_aa22941e5432,C:/Users/ahmad/Desktop/generalFiles/git/weather_markets/weather_data_extraction/bootstrap/hkg_tmax_elite_codex_bootstrap/hkg_tmax_elite_codex/data/_pipeline_internal/raw/gribstream_tactical_full_tactical_backfill_ok_tmax/gefsatmos/run_window_utc=20250324_180000_to_20250328_180000/aa22941e543204daa45606c4b9f65440728e2f94ffd636b70aa2bd24ea0f65a1.ndjson.gz,api_fetched,0,,,
535,gefsatmos,completed,200,5,2025-03-29T18:00:00Z,2025-04-02T18:00:00Z,1240,1240,1240,1240,1240,10.958,c541cec7b0b064862f57987f07fba07279174330f6cd1f8f1b78c8c4b0fc24e4,full_tactical_backfill_ok_tmax_gefsatmos_c541cec7b0b0,C:/Users/ahmad/Desktop/generalFiles/git/weather_markets/weather_data_extraction/bootstrap/hkg_tmax_elite_codex_bootstrap/hkg_tmax_elite_codex/data/_pipeline_internal/raw/gribstream_tactical_full_tactical_backfill_ok_tmax/gefsatmos/run_window_utc=20250329_180000_to_20250402_180000/c541cec7b0b064862f57987f07fba07279174330f6cd1f8f1b78c8c4b0fc24e4.ndjson.gz,api_fetched,0,,,
536,gefsatmos,completed,200,5,2025-04-03T18:00:00Z,2025-04-07T18:00:00Z,1240,1240,1240,1240,1240,11.94,cf57cbdecbdc29de58995fba98a3d3d9489a43758c9eeac3ef73c1d3a67b731a,full_tactical_backfill_ok_tmax_gefsatmos_cf57cbdecbdc,C:/Users/ahmad/Desktop/generalFiles/git/weather_markets/weather_data_extraction/bootstrap/hkg_tmax_elite_codex_bootstrap/hkg_tmax_elite_codex/data/_pipeline_internal/raw/gribstream_tactical_full_tactical_backfill_ok_tmax/gefsatmos/run_window_utc=20250403_180000_to_20250407_180000/cf57cbdecbdc29de58995fba98a3d3d9489a43758c9eeac3ef73c1d3a67b731a.ndjson.gz,api_fetched,0,,,
537,gefsatmos,completed,200,5,2025-04-08T18:00:00Z,2025-04-12T18:00:00Z,1240,1240,1240,1240,1240,11.054,47cf71cdbe5576ebdbcb8b2e056f62aec167cb89bf9f9c007915842e522f8cd5,full_tactical_backfill_ok_tmax_gefsatmos_47cf71cdbe55,C:/Users/ahmad/Desktop/generalFiles/git/weather_markets/weather_data_extraction/bootstrap/hkg_tmax_elite_codex_bootstrap/hkg_tmax_elite_codex/data/_pipeline_internal/raw/gribstream_tactical_full_tactical_backfill_ok_tmax/gefsatmos/run_window_utc=20250408_180000_to_20250412_180000/47cf71cdbe5576ebdbcb8b2e056f62aec167cb89bf9f9c007915842e522f8cd5.ndjson.gz,api_fetched,0,,,
538,gefsatmos,completed,200,5,2025-04-13T18:00:00Z,2025-04-17T18:00:00Z,1240,1240,1240,1240,1240,11.493,8f13f036476f2996db6d5d1678bc406c8379011a48889a7543cea8155d70cf16,full_tactical_backfill_ok_tmax_gefsatmos_8f13f036476f,C:/Users/ahmad/Desktop/generalFiles/git/weather_markets/weather_data_extraction/bootstrap/hkg_tmax_elite_codex_bootstrap/hkg_tmax_elite_codex/data/_pipeline_internal/raw/gribstream_tactical_full_tactical_backfill_ok_tmax/gefsatmos/run_window_utc=20250413_180000_to_20250417_180000/8f13f036476f2996db6d5d1678bc406c8379011a48889a7543cea8155d70cf16.ndjson.gz,api_fetched,0,,,
539,gefsatmos,completed,200,5,2025-04-18T18:00:00Z,2025-04-22T18:00:00Z,1240,1240,1240,1240,1240,11.601,d52549372c77b4d2161016ef498d39670a26cc1ffcd2156a2e1fb3ae2c899250,full_tactical_backfill_ok_tmax_gefsatmos_d52549372c77,C:/Users/ahmad/Desktop/generalFiles/git/weather_markets/weather_data_extraction/bootstrap/hkg_tmax_elite_codex_bootstrap/hkg_tmax_elite_codex/data/_pipeline_internal/raw/gribstream_tactical_full_tactical_backfill_ok_tmax/gefsatmos/run_window_utc=20250418_180000_to_20250422_180000/d52549372c77b4d2161016ef498d39670a26cc1ffcd2156a2e1fb3ae2c899250.ndjson.gz,api_fetched,0,,,
540,gefsatmos,completed,200,5,2025-04-23T18:00:00Z,2025-04-27T18:00:00Z,1240,1240,1240,1240,1240,11.714,f4df60c9a2031bda8f357c437f7c4da5b077c147b3dffe6cc83179c4581cfb11,full_tactical_backfill_ok_tmax_gefsatmos_f4df60c9a203,C:/Users/ahmad/Desktop/generalFiles/git/weather_markets/weather_data_extraction/bootstrap/hkg_tmax_elite_codex_bootstrap/hkg_tmax_elite_codex/data/_pipeline_internal/raw/gribstream_tactical_full_tactical_backfill_ok_tmax/gefsatmos/run_window_utc=20250423_180000_to_20250427_180000/f4df60c9a2031bda8f357c437f7c4da5b077c147b3dffe6cc83179c4581cfb11.ndjson.gz,api_fetched,0,,,
541,gefsatmos,completed,200,5,2025-04-28T18:00:00Z,2025-05-02T18:00:00Z,1240,1240,1240,1240,1240,11.4,ac872ac9ef6ff1003ff862060a621acc9cedeb9d721f625dcf2316e6bcccca00,full_tactical_backfill_ok_tmax_gefsatmos_ac872ac9ef6f,C:/Users/ahmad/Desktop/generalFiles/git/weather_markets/weather_data_extraction/bootstrap/hkg_tmax_elite_codex_bootstrap/hkg_tmax_elite_codex/data/_pipeline_internal/raw/gribstream_tactical_full_tactical_backfill_ok_tmax/gefsatmos/run_window_utc=20250428_180000_to_20250502_180000/ac872ac9ef6ff1003ff862060a621acc9cedeb9d721f625dcf2316e6bcccca00.ndjson.gz,api_fetched,0,,,
542,gefsatmos,completed,200,5,2025-05-03T18:00:00Z,2025-05-07T18:00:00Z,1240,1240,1240,1240,1240,11.364,bde41d64416c520b6c57262b93521044e604ca30fd48a049ab97efb69dd94494,full_tactical_backfill_ok_tmax_gefsatmos_bde41d64416c,C:/Users/ahmad/Desktop/generalFiles/git/weather_markets/weather_data_extraction/bootstrap/hkg_tmax_elite_codex_bootstrap/hkg_tmax_elite_codex/data/_pipeline_internal/raw/gribstream_tactical_full_tactical_backfill_ok_tmax/gefsatmos/run_window_utc=20250503_180000_to_20250507_180000/bde41d64416c520b6c57262b93521044e604ca30fd48a049ab97efb69dd94494.ndjson.gz,api_fetched,0,,,
543,gefsatmos,completed,200,5,2025-05-08T18:00:00Z,2025-05-12T18:00:00Z,1240,1240,1240,1240,1240,11.495,a33f5f682184d5defce940c6960e4663be16fca95420d0af05dfc1f9d9190938,full_tactical_backfill_ok_tmax_gefsatmos_a33f5f682184,C:/Users/ahmad/Desktop/generalFiles/git/weather_markets/weather_data_extraction/bootstrap/hkg_tmax_elite_codex_bootstrap/hkg_tmax_elite_codex/data/_pipeline_internal/raw/gribstream_tactical_full_tactical_backfill_ok_tmax/gefsatmos/run_window_utc=20250508_180000_to_20250512_180000/a33f5f682184d5defce940c6960e4663be16fca95420d0af05dfc1f9d9190938.ndjson.gz,api_fetched,0,,,
544,gefsatmos,completed,200,5,2025-05-13T18:00:00Z,2025-05-17T18:00:00Z,1240,1240,1240,1240,1240,11.632,68394e9434816ca91cb9b5743610e8ca0834e927ce9c595dfd37aac762d49aad,full_tactical_backfill_ok_tmax_gefsatmos_68394e943481,C:/Users/ahmad/Desktop/generalFiles/git/weather_markets/weather_data_extraction/bootstrap/hkg_tmax_elite_codex_bootstrap/hkg_tmax_elite_codex/data/_pipeline_internal/raw/gribstream_tactical_full_tactical_backfill_ok_tmax/gefsatmos/run_window_utc=20250513_180000_to_20250517_180000/68394e9434816ca91cb9b5743610e8ca0834e927ce9c595dfd37aac762d49aad.ndjson.gz,api_fetched,0,,,
545,gefsatmos,completed,200,5,2025-05-18T18:00:00Z,2025-05-22T18:00:00Z,1240,1240,1240,1240,1240,11.226,583c5faba07ef78da2de8620c25ab120cadb7f1970afc23f7f9b47087a1facdb,full_tactical_backfill_ok_tmax_gefsatmos_583c5faba07e,C:/Users/ahmad/Desktop/generalFiles/git/weather_markets/weather_data_extraction/bootstrap/hkg_tmax_elite_codex_bootstrap/hkg_tmax_elite_codex/data/_pipeline_internal/raw/gribstream_tactical_full_tactical_backfill_ok_tmax/gefsatmos/run_window_utc=20250518_180000_to_20250522_180000/583c5faba07ef78da2de8620c25ab120cadb7f1970afc23f7f9b47087a1facdb.ndjson.gz,api_fetched,0,,,
546,gefsatmos,completed,200,5,2025-05-23T18:00:00Z,2025-05-27T18:00:00Z,1240,1240,1240,1240,1240,11.425,9628f28b8903f2b2ffc6bb5c9b9eb8847dc45791323f7ee32ad59cd311d188bb,full_tactical_backfill_ok_tmax_gefsatmos_9628f28b8903,C:/Users/ahmad/Desktop/generalFiles/git/weather_markets/weather_data_extraction/bootstrap/hkg_tmax_elite_codex_bootstrap/hkg_tmax_elite_codex/data/_pipeline_internal/raw/gribstream_tactical_full_tactical_backfill_ok_tmax/gefsatmos/run_window_utc=20250523_180000_to_20250527_180000/9628f28b8903f2b2ffc6bb5c9b9eb8847dc45791323f7ee32ad59cd311d188bb.ndjson.gz,api_fetched,0,,,
547,gefsatmos,completed,200,5,2025-05-28T18:00:00Z,2025-06-01T18:00:00Z,1240,1240,1240,1240,1240,12.0,2ae72a6c738210307a1c2e75e63c798a927bb27da9abbb4bbdef382aaef77bd3,full_tactical_backfill_ok_tmax_gefsatmos_2ae72a6c7382,C:/Users/ahmad/Desktop/generalFiles/git/weather_markets/weather_data_extraction/bootstrap/hkg_tmax_elite_codex_bootstrap/hkg_tmax_elite_codex/data/_pipeline_internal/raw/gribstream_tactical_full_tactical_backfill_ok_tmax/gefsatmos/run_window_utc=20250528_180000_to_20250601_180000/2ae72a6c738210307a1c2e75e63c798a927bb27da9abbb4bbdef382aaef77bd3.ndjson.gz,api_fetched,0,,,
548,gefsatmos,completed,200,5,2025-06-02T18:00:00Z,2025-06-06T18:00:00Z,1240,1240,1240,1240,1240,10.791,0e82531cf74e0430b9ed620a9608632339c93ea745414334a88d71224ea37d39,full_tactical_backfill_ok_tmax_gefsatmos_0e82531cf74e,C:/Users/ahmad/Desktop/generalFiles/git/weather_markets/weather_data_extraction/bootstrap/hkg_tmax_elite_codex_bootstrap/hkg_tmax_elite_codex/data/_pipeline_internal/raw/gribstream_tactical_full_tactical_backfill_ok_tmax/gefsatmos/run_window_utc=20250602_180000_to_20250606_180000/0e82531cf74e0430b9ed620a9608632339c93ea745414334a88d71224ea37d39.ndjson.gz,api_fetched,0,,,
549,gefsatmos,completed,200,5,2025-06-07T18:00:00Z,2025-06-11T18:00:00Z,1240,1240,1240,1240,1240,11.343,483542ffc5f29f88d058298a0a14c41076c96ba21f10b13a0f4f29d28bbba4b8,full_tactical_backfill_ok_tmax_gefsatmos_483542ffc5f2,C:/Users/ahmad/Desktop/generalFiles/git/weather_markets/weather_data_extraction/bootstrap/hkg_tmax_elite_codex_bootstrap/hkg_tmax_elite_codex/data/_pipeline_internal/raw/gribstream_tactical_full_tactical_backfill_ok_tmax/gefsatmos/run_window_utc=20250607_180000_to_20250611_180000/483542ffc5f29f88d058298a0a14c41076c96ba21f10b13a0f4f29d28bbba4b8.ndjson.gz,api_fetched,0,,,
550,gefsatmos,completed,200,5,2025-06-12T18:00:00Z,2025-06-16T18:00:00Z,1240,1240,1240,1240,1240,11.646,7e6589bd58f97aca6ba14e216145e04475a6c6726d041c07b92857e4d56e5287,full_tactical_backfill_ok_tmax_gefsatmos_7e6589bd58f9,C:/Users/ahmad/Desktop/generalFiles/git/weather_markets/weather_data_extraction/bootstrap/hkg_tmax_elite_codex_bootstrap/hkg_tmax_elite_codex/data/_pipeline_internal/raw/gribstream_tactical_full_tactical_backfill_ok_tmax/gefsatmos/run_window_utc=20250612_180000_to_20250616_180000/7e6589bd58f97aca6ba14e216145e04475a6c6726d041c07b92857e4d56e5287.ndjson.gz,api_fetched,0,,,
551,gefsatmos,completed,200,5,2025-06-17T18:00:00Z,2025-06-21T18:00:00Z,1240,1240,1240,1240,1240,10.845,a0368e373d4de7d5afff0dc5383775bb21c01d5566baa1e3b3ecfa9ccc1fc49d,full_tactical_backfill_ok_tmax_gefsatmos_a0368e373d4d,C:/Users/ahmad/Desktop/generalFiles/git/weather_markets/weather_data_extraction/bootstrap/hkg_tmax_elite_codex_bootstrap/hkg_tmax_elite_codex/data/_pipeline_internal/raw/gribstream_tactical_full_tactical_backfill_ok_tmax/gefsatmos/run_window_utc=20250617_180000_to_20250621_180000/a0368e373d4de7d5afff0dc5383775bb21c01d5566baa1e3b3ecfa9ccc1fc49d.ndjson.gz,api_fetched,0,,,
552,gefsatmos,completed,200,5,2025-06-22T18:00:00Z,2025-06-26T18:00:00Z,1240,1240,1240,1240,1240,11.449,dfdba0814ac5e09b2826654e65caca6b94747b8982b28784fa10220e54459b31,full_tactical_backfill_ok_tmax_gefsatmos_dfdba0814ac5,C:/Users/ahmad/Desktop/generalFiles/git/weather_markets/weather_data_extraction/bootstrap/hkg_tmax_elite_codex_bootstrap/hkg_tmax_elite_codex/data/_pipeline_internal/raw/gribstream_tactical_full_tactical_backfill_ok_tmax/gefsatmos/run_window_utc=20250622_180000_to_20250626_180000/dfdba0814ac5e09b2826654e65caca6b94747b8982b28784fa10220e54459b31.ndjson.gz,api_fetched,0,,,
553,gefsatmos,completed,200,5,2025-06-27T18:00:00Z,2025-07-01T18:00:00Z,992,992,992,1240,1240,9.395,f70fd14e5546efdf79b4552c2c0b897b967c94091256ff94516ac16ac529a4ec,full_tactical_backfill_ok_tmax_gefsatmos_f70fd14e5546,C:/Users/ahmad/Desktop/generalFiles/git/weather_markets/weather_data_extraction/bootstrap/hkg_tmax_elite_codex_bootstrap/hkg_tmax_elite_codex/data/_pipeline_internal/raw/gribstream_tactical_full_tactical_backfill_ok_tmax/gefsatmos/run_window_utc=20250627_180000_to_20250701_180000/f70fd14e5546efdf79b4552c2c0b897b967c94091256ff94516ac16ac529a4ec.ndjson.gz,api_fetched,0,,,
554,gefsatmos,completed,200,5,2025-07-02T18:00:00Z,2025-07-06T18:00:00Z,1240,1240,1240,1240,1240,12.803,b99d29a047138eef3cc20a8b6dec3db5abd879ab4655a79a77278d7913457a04,full_tactical_backfill_ok_tmax_gefsatmos_b99d29a04713,C:/Users/ahmad/Desktop/generalFiles/git/weather_markets/weather_data_extraction/bootstrap/hkg_tmax_elite_codex_bootstrap/hkg_tmax_elite_codex/data/_pipeline_internal/raw/gribstream_tactical_full_tactical_backfill_ok_tmax/gefsatmos/run_window_utc=20250702_180000_to_20250706_180000/b99d29a047138eef3cc20a8b6dec3db5abd879ab4655a79a77278d7913457a04.ndjson.gz,api_fetched,0,,,
555,gefsatmos,completed,200,5,2025-07-07T18:00:00Z,2025-07-11T18:00:00Z,1240,1240,1240,1240,1240,11.05,2e2db74f83e575ef9425147a4fccf259cd4b40c673967560e7214b3d821d9d32,full_tactical_backfill_ok_tmax_gefsatmos_2e2db74f83e5,C:/Users/ahmad/Desktop/generalFiles/git/weather_markets/weather_data_extraction/bootstrap/hkg_tmax_elite_codex_bootstrap/hkg_tmax_elite_codex/data/_pipeline_internal/raw/gribstream_tactical_full_tactical_backfill_ok_tmax/gefsatmos/run_window_utc=20250707_180000_to_20250711_180000/2e2db74f83e575ef9425147a4fccf259cd4b40c673967560e7214b3d821d9d32.ndjson.gz,api_fetched,0,,,
556,gefsatmos,completed,200,5,2025-07-12T18:00:00Z,2025-07-16T18:00:00Z,1240,1240,1240,1240,1240,11.149,695c66b6f94aa55b3c038c8762901591a9622cbb50066bc8110bc5736d7cb840,full_tactical_backfill_ok_tmax_gefsatmos_695c66b6f94a,C:/Users/ahmad/Desktop/generalFiles/git/weather_markets/weather_data_extraction/bootstrap/hkg_tmax_elite_codex_bootstrap/hkg_tmax_elite_codex/data/_pipeline_internal/raw/gribstream_tactical_full_tactical_backfill_ok_tmax/gefsatmos/run_window_utc=20250712_180000_to_20250716_180000/695c66b6f94aa55b3c038c8762901591a9622cbb50066bc8110bc5736d7cb840.ndjson.gz,api_fetched,0,,,
557,gefsatmos,completed,200,5,2025-07-17T18:00:00Z,2025-07-21T18:00:00Z,1240,1240,1240,1240,1240,11.512,c5a2a045258f535b2dd9bf1fb12faf52d4c768a3c234763d72bbe2a5f2cdae87,full_tactical_backfill_ok_tmax_gefsatmos_c5a2a045258f,C:/Users/ahmad/Desktop/generalFiles/git/weather_markets/weather_data_extraction/bootstrap/hkg_tmax_elite_codex_bootstrap/hkg_tmax_elite_codex/data/_pipeline_internal/raw/gribstream_tactical_full_tactical_backfill_ok_tmax/gefsatmos/run_window_utc=20250717_180000_to_20250721_180000/c5a2a045258f535b2dd9bf1fb12faf52d4c768a3c234763d72bbe2a5f2cdae87.ndjson.gz,api_fetched,0,,,
558,gefsatmos,completed,200,5,2025-07-22T18:00:00Z,2025-07-26T18:00:00Z,1240,1240,1240,1240,1240,11.26,0752ffda2135c7e18e4a17223084c9447d0009cde7c43f65031a434f9eb83bc6,full_tactical_backfill_ok_tmax_gefsatmos_0752ffda2135,C:/Users/ahmad/Desktop/generalFiles/git/weather_markets/weather_data_extraction/bootstrap/hkg_tmax_elite_codex_bootstrap/hkg_tmax_elite_codex/data/_pipeline_internal/raw/gribstream_tactical_full_tactical_backfill_ok_tmax/gefsatmos/run_window_utc=20250722_180000_to_20250726_180000/0752ffda2135c7e18e4a17223084c9447d0009cde7c43f65031a434f9eb83bc6.ndjson.gz,api_fetched,0,,,
559,gefsatmos,completed,200,5,2025-07-27T18:00:00Z,2025-07-31T18:00:00Z,1240,1240,1240,1240,1240,11.656,c3ea39b5860eff28787703c7f9ccbab16f20ce72a16e5b486f141deae15165fe,full_tactical_backfill_ok_tmax_gefsatmos_c3ea39b5860e,C:/Users/ahmad/Desktop/generalFiles/git/weather_markets/weather_data_extraction/bootstrap/hkg_tmax_elite_codex_bootstrap/hkg_tmax_elite_codex/data/_pipeline_internal/raw/gribstream_tactical_full_tactical_backfill_ok_tmax/gefsatmos/run_window_utc=20250727_180000_to_20250731_180000/c3ea39b5860eff28787703c7f9ccbab16f20ce72a16e5b486f141deae15165fe.ndjson.gz,api_fetched,0,,,
560,gefsatmos,completed,200,5,2025-08-01T18:00:00Z,2025-08-05T18:00:00Z,1240,1240,1240,1240,1240,11.667,7f47f7cbbb68c48642ac61a9cc4672115fc830ca0e6d4638af52ea62f17820e4,full_tactical_backfill_ok_tmax_gefsatmos_7f47f7cbbb68,C:/Users/ahmad/Desktop/generalFiles/git/weather_markets/weather_data_extraction/bootstrap/hkg_tmax_elite_codex_bootstrap/hkg_tmax_elite_codex/data/_pipeline_internal/raw/gribstream_tactical_full_tactical_backfill_ok_tmax/gefsatmos/run_window_utc=20250801_180000_to_20250805_180000/7f47f7cbbb68c48642ac61a9cc4672115fc830ca0e6d4638af52ea62f17820e4.ndjson.gz,api_fetched,0,,,
561,gefsatmos,completed,200,5,2025-08-06T18:00:00Z,2025-08-10T18:00:00Z,1240,1240,1240,1240,1240,11.565,14c2527c0a56876279245bc98acd79b9b1572cec72864885cb273fea52a368f5,full_tactical_backfill_ok_tmax_gefsatmos_14c2527c0a56,C:/Users/ahmad/Desktop/generalFiles/git/weather_markets/weather_data_extraction/bootstrap/hkg_tmax_elite_codex_bootstrap/hkg_tmax_elite_codex/data/_pipeline_internal/raw/gribstream_tactical_full_tactical_backfill_ok_tmax/gefsatmos/run_window_utc=20250806_180000_to_20250810_180000/14c2527c0a56876279245bc98acd79b9b1572cec72864885cb273fea52a368f5.ndjson.gz,api_fetched,0,,,
562,gefsatmos,completed,200,5,2025-08-11T18:00:00Z,2025-08-15T18:00:00Z,1240,1240,1240,1240,1240,11.093,0bcca4ae7ae8166fc4802342f13644c65ca59a925a0526e822ff0d4ae3f99f4d,full_tactical_backfill_ok_tmax_gefsatmos_0bcca4ae7ae8,C:/Users/ahmad/Desktop/generalFiles/git/weather_markets/weather_data_extraction/bootstrap/hkg_tmax_elite_codex_bootstrap/hkg_tmax_elite_codex/data/_pipeline_internal/raw/gribstream_tactical_full_tactical_backfill_ok_tmax/gefsatmos/run_window_utc=20250811_180000_to_20250815_180000/0bcca4ae7ae8166fc4802342f13644c65ca59a925a0526e822ff0d4ae3f99f4d.ndjson.gz,api_fetched,0,,,
563,gefsatmos,completed,200,5,2025-08-16T18:00:00Z,2025-08-20T18:00:00Z,1240,1240,1240,1240,1240,11.574,0fb49c84a1697ce9f3bd824eb188dfe6642432fc43a474ce640a0e8c10ebbbcc,full_tactical_backfill_ok_tmax_gefsatmos_0fb49c84a169,C:/Users/ahmad/Desktop/generalFiles/git/weather_markets/weather_data_extraction/bootstrap/hkg_tmax_elite_codex_bootstrap/hkg_tmax_elite_codex/data/_pipeline_internal/raw/gribstream_tactical_full_tactical_backfill_ok_tmax/gefsatmos/run_window_utc=20250816_180000_to_20250820_180000/0fb49c84a1697ce9f3bd824eb188dfe6642432fc43a474ce640a0e8c10ebbbcc.ndjson.gz,api_fetched,0,,,
564,gefsatmos,completed,200,5,2025-08-21T18:00:00Z,2025-08-25T18:00:00Z,1240,1240,1240,1240,1240,11.456,eabba2120be42224fccb1e4c744a70160ceb100dbd14f4d738df92234ff805ad,full_tactical_backfill_ok_tmax_gefsatmos_eabba2120be4,C:/Users/ahmad/Desktop/generalFiles/git/weather_markets/weather_data_extraction/bootstrap/hkg_tmax_elite_codex_bootstrap/hkg_tmax_elite_codex/data/_pipeline_internal/raw/gribstream_tactical_full_tactical_backfill_ok_tmax/gefsatmos/run_window_utc=20250821_180000_to_20250825_180000/eabba2120be42224fccb1e4c744a70160ceb100dbd14f4d738df92234ff805ad.ndjson.gz,api_fetched,0,,,
565,gefsatmos,completed,200,5,2025-08-26T18:00:00Z,2025-08-30T18:00:00Z,1240,1240,1240,1240,1240,11.736,eee19da6c6a21215b844e04ee657bbef4c11bb61bb97412a6d8204c787e5b1cd,full_tactical_backfill_ok_tmax_gefsatmos_eee19da6c6a2,C:/Users/ahmad/Desktop/generalFiles/git/weather_markets/weather_data_extraction/bootstrap/hkg_tmax_elite_codex_bootstrap/hkg_tmax_elite_codex/data/_pipeline_internal/raw/gribstream_tactical_full_tactical_backfill_ok_tmax/gefsatmos/run_window_utc=20250826_180000_to_20250830_180000/eee19da6c6a21215b844e04ee657bbef4c11bb61bb97412a6d8204c787e5b1cd.ndjson.gz,api_fetched,0,,,
566,gefsatmos,completed,200,5,2025-08-31T18:00:00Z,2025-09-04T18:00:00Z,1240,1240,1240,1240,1240,11.398,197adc6bd43a563da14501ef663fef9e59c0e2f33bf1446c4c41e7b93ad9440c,full_tactical_backfill_ok_tmax_gefsatmos_197adc6bd43a,C:/Users/ahmad/Desktop/generalFiles/git/weather_markets/weather_data_extraction/bootstrap/hkg_tmax_elite_codex_bootstrap/hkg_tmax_elite_codex/data/_pipeline_internal/raw/gribstream_tactical_full_tactical_backfill_ok_tmax/gefsatmos/run_window_utc=20250831_180000_to_20250904_180000/197adc6bd43a563da14501ef663fef9e59c0e2f33bf1446c4c41e7b93ad9440c.ndjson.gz,api_fetched,0,,,
567,gefsatmos,completed,200,5,2025-09-05T18:00:00Z,2025-09-09T18:00:00Z,1240,1240,1240,1240,1240,11.478,3773c149e725cef05890f856366660b7395a28be059cc356ce108c3d3de5677a,full_tactical_backfill_ok_tmax_gefsatmos_3773c149e725,C:/Users/ahmad/Desktop/generalFiles/git/weather_markets/weather_data_extraction/bootstrap/hkg_tmax_elite_codex_bootstrap/hkg_tmax_elite_codex/data/_pipeline_internal/raw/gribstream_tactical_full_tactical_backfill_ok_tmax/gefsatmos/run_window_utc=20250905_180000_to_20250909_180000/3773c149e725cef05890f856366660b7395a28be059cc356ce108c3d3de5677a.ndjson.gz,api_fetched,0,,,
568,gefsatmos,completed,200,5,2025-09-10T18:00:00Z,2025-09-14T18:00:00Z,1240,1240,1240,1240,1240,11.671,8d975c10db5b4a3a27979819b2c7f2c7ac266037e0d94b2be5024b1a064bd430,full_tactical_backfill_ok_tmax_gefsatmos_8d975c10db5b,C:/Users/ahmad/Desktop/generalFiles/git/weather_markets/weather_data_extraction/bootstrap/hkg_tmax_elite_codex_bootstrap/hkg_tmax_elite_codex/data/_pipeline_internal/raw/gribstream_tactical_full_tactical_backfill_ok_tmax/gefsatmos/run_window_utc=20250910_180000_to_20250914_180000/8d975c10db5b4a3a27979819b2c7f2c7ac266037e0d94b2be5024b1a064bd430.ndjson.gz,api_fetched,0,,,
569,gefsatmos,completed,200,5,2025-09-15T18:00:00Z,2025-09-19T18:00:00Z,1240,1240,1240,1240,1240,11.426,09f8c8c93699cd65aa8719d82f9f8c42eab98d2ce251c38c93da1ae6276a0b18,full_tactical_backfill_ok_tmax_gefsatmos_09f8c8c93699,C:/Users/ahmad/Desktop/generalFiles/git/weather_markets/weather_data_extraction/bootstrap/hkg_tmax_elite_codex_bootstrap/hkg_tmax_elite_codex/data/_pipeline_internal/raw/gribstream_tactical_full_tactical_backfill_ok_tmax/gefsatmos/run_window_utc=20250915_180000_to_20250919_180000/09f8c8c93699cd65aa8719d82f9f8c42eab98d2ce251c38c93da1ae6276a0b18.ndjson.gz,api_fetched,0,,,
570,gefsatmos,completed,200,5,2025-09-20T18:00:00Z,2025-09-24T18:00:00Z,1240,1240,1240,1240,1240,11.329,2c08ae4d64c18dab13038ab2b464341d9046bb7bf63e83095db1ea55569e2ee9,full_tactical_backfill_ok_tmax_gefsatmos_2c08ae4d64c1,C:/Users/ahmad/Desktop/generalFiles/git/weather_markets/weather_data_extraction/bootstrap/hkg_tmax_elite_codex_bootstrap/hkg_tmax_elite_codex/data/_pipeline_internal/raw/gribstream_tactical_full_tactical_backfill_ok_tmax/gefsatmos/run_window_utc=20250920_180000_to_20250924_180000/2c08ae4d64c18dab13038ab2b464341d9046bb7bf63e83095db1ea55569e2ee9.ndjson.gz,api_fetched,0,,,
571,gefsatmos,completed,200,5,2025-09-25T18:00:00Z,2025-09-29T18:00:00Z,1240,1240,1240,1240,1240,12.025,d472cbeed143554fdbaed48c384eb72177b1143d84d336cef7d0d2e02cd98ff7,full_tactical_backfill_ok_tmax_gefsatmos_d472cbeed143,C:/Users/ahmad/Desktop/generalFiles/git/weather_markets/weather_data_extraction/bootstrap/hkg_tmax_elite_codex_bootstrap/hkg_tmax_elite_codex/data/_pipeline_internal/raw/gribstream_tactical_full_tactical_backfill_ok_tmax/gefsatmos/run_window_utc=20250925_180000_to_20250929_180000/d472cbeed143554fdbaed48c384eb72177b1143d84d336cef7d0d2e02cd98ff7.ndjson.gz,api_fetched,0,,,
572,gefsatmos,completed,200,5,2025-09-30T18:00:00Z,2025-10-04T18:00:00Z,1240,1240,1240,1240,1240,11.117,071bebfacb0766c44022065b1bbb2758fc1db01a7518726622266b9688722b15,full_tactical_backfill_ok_tmax_gefsatmos_071bebfacb07,C:/Users/ahmad/Desktop/generalFiles/git/weather_markets/weather_data_extraction/bootstrap/hkg_tmax_elite_codex_bootstrap/hkg_tmax_elite_codex/data/_pipeline_internal/raw/gribstream_tactical_full_tactical_backfill_ok_tmax/gefsatmos/run_window_utc=20250930_180000_to_20251004_180000/071bebfacb0766c44022065b1bbb2758fc1db01a7518726622266b9688722b15.ndjson.gz,api_fetched,0,,,
573,gefsatmos,completed,200,5,2025-10-05T18:00:00Z,2025-10-09T18:00:00Z,1240,1240,1240,1240,1240,11.657,03433245c09a00a139ccde22bc462bbd6e2acc33f1ad8a86c799155cece02f0e,full_tactical_backfill_ok_tmax_gefsatmos_03433245c09a,C:/Users/ahmad/Desktop/generalFiles/git/weather_markets/weather_data_extraction/bootstrap/hkg_tmax_elite_codex_bootstrap/hkg_tmax_elite_codex/data/_pipeline_internal/raw/gribstream_tactical_full_tactical_backfill_ok_tmax/gefsatmos/run_window_utc=20251005_180000_to_20251009_180000/03433245c09a00a139ccde22bc462bbd6e2acc33f1ad8a86c799155cece02f0e.ndjson.gz,api_fetched,0,,,
574,gefsatmos,completed,200,5,2025-10-10T18:00:00Z,2025-10-14T18:00:00Z,1240,1240,1240,1240,1240,11.501,214cc45dc9669a8c5e4d46cc38db0e3866ec18bf670c4ff92b2aa906e472dd7e,full_tactical_backfill_ok_tmax_gefsatmos_214cc45dc966,C:/Users/ahmad/Desktop/generalFiles/git/weather_markets/weather_data_extraction/bootstrap/hkg_tmax_elite_codex_bootstrap/hkg_tmax_elite_codex/data/_pipeline_internal/raw/gribstream_tactical_full_tactical_backfill_ok_tmax/gefsatmos/run_window_utc=20251010_180000_to_20251014_180000/214cc45dc9669a8c5e4d46cc38db0e3866ec18bf670c4ff92b2aa906e472dd7e.ndjson.gz,api_fetched,0,,,
575,gefsatmos,completed,200,5,2025-10-15T18:00:00Z,2025-10-19T18:00:00Z,1240,1240,1240,1240,1240,11.358,1c935a31407561a0096848b16ecd6562b4d0c5350b10ac40fd3df535acdce9b4,full_tactical_backfill_ok_tmax_gefsatmos_1c935a314075,C:/Users/ahmad/Desktop/generalFiles/git/weather_markets/weather_data_extraction/bootstrap/hkg_tmax_elite_codex_bootstrap/hkg_tmax_elite_codex/data/_pipeline_internal/raw/gribstream_tactical_full_tactical_backfill_ok_tmax/gefsatmos/run_window_utc=20251015_180000_to_20251019_180000/1c935a31407561a0096848b16ecd6562b4d0c5350b10ac40fd3df535acdce9b4.ndjson.gz,api_fetched,0,,,
576,gefsatmos,completed,200,5,2025-10-20T18:00:00Z,2025-10-24T18:00:00Z,1240,1240,1240,1240,1240,11.341,db00ffc2cf6b79bbe1821979342b610406fb53b3c96e44dfc4a2d18c85b34561,full_tactical_backfill_ok_tmax_gefsatmos_db00ffc2cf6b,C:/Users/ahmad/Desktop/generalFiles/git/weather_markets/weather_data_extraction/bootstrap/hkg_tmax_elite_codex_bootstrap/hkg_tmax_elite_codex/data/_pipeline_internal/raw/gribstream_tactical_full_tactical_backfill_ok_tmax/gefsatmos/run_window_utc=20251020_180000_to_20251024_180000/db00ffc2cf6b79bbe1821979342b610406fb53b3c96e44dfc4a2d18c85b34561.ndjson.gz,api_fetched,0,,,
577,gefsatmos,completed,200,5,2025-10-25T18:00:00Z,2025-10-29T18:00:00Z,1240,1240,1240,1240,1240,11.472,b4d2500bac51c7ce4372ed2dbc343852a7f8ef58a66e5069d970315b79bb4312,full_tactical_backfill_ok_tmax_gefsatmos_b4d2500bac51,C:/Users/ahmad/Desktop/generalFiles/git/weather_markets/weather_data_extraction/bootstrap/hkg_tmax_elite_codex_bootstrap/hkg_tmax_elite_codex/data/_pipeline_internal/raw/gribstream_tactical_full_tactical_backfill_ok_tmax/gefsatmos/run_window_utc=20251025_180000_to_20251029_180000/b4d2500bac51c7ce4372ed2dbc343852a7f8ef58a66e5069d970315b79bb4312.ndjson.gz,api_fetched,0,,,
578,gefsatmos,completed,200,5,2025-10-30T18:00:00Z,2025-11-03T18:00:00Z,1240,1240,1240,1240,1240,11.82,9f29603b4ac15f37d9e8e886604411c03947ac6ee01be285143d6a0e643a7e81,full_tactical_backfill_ok_tmax_gefsatmos_9f29603b4ac1,C:/Users/ahmad/Desktop/generalFiles/git/weather_markets/weather_data_extraction/bootstrap/hkg_tmax_elite_codex_bootstrap/hkg_tmax_elite_codex/data/_pipeline_internal/raw/gribstream_tactical_full_tactical_backfill_ok_tmax/gefsatmos/run_window_utc=20251030_180000_to_20251103_180000/9f29603b4ac15f37d9e8e886604411c03947ac6ee01be285143d6a0e643a7e81.ndjson.gz,api_fetched,0,,,
579,gefsatmos,completed,200,5,2025-11-04T18:00:00Z,2025-11-08T18:00:00Z,1240,1240,1240,1240,1240,11.771,ac8a26249aad97a6f28f6eafbc4f502b1136739b09a0ebe7a8acbf5e47184308,full_tactical_backfill_ok_tmax_gefsatmos_ac8a26249aad,C:/Users/ahmad/Desktop/generalFiles/git/weather_markets/weather_data_extraction/bootstrap/hkg_tmax_elite_codex_bootstrap/hkg_tmax_elite_codex/data/_pipeline_internal/raw/gribstream_tactical_full_tactical_backfill_ok_tmax/gefsatmos/run_window_utc=20251104_180000_to_20251108_180000/ac8a26249aad97a6f28f6eafbc4f502b1136739b09a0ebe7a8acbf5e47184308.ndjson.gz,api_fetched,0,,,
580,gefsatmos,completed,200,5,2025-11-09T18:00:00Z,2025-11-13T18:00:00Z,1240,1240,1240,1240,1240,11.049,ce530af4da9e7f1f73119281cbd9a6a4d96517085a81108e2a54001693f2c78e,full_tactical_backfill_ok_tmax_gefsatmos_ce530af4da9e,C:/Users/ahmad/Desktop/generalFiles/git/weather_markets/weather_data_extraction/bootstrap/hkg_tmax_elite_codex_bootstrap/hkg_tmax_elite_codex/data/_pipeline_internal/raw/gribstream_tactical_full_tactical_backfill_ok_tmax/gefsatmos/run_window_utc=20251109_180000_to_20251113_180000/ce530af4da9e7f1f73119281cbd9a6a4d96517085a81108e2a54001693f2c78e.ndjson.gz,api_fetched,0,,,
581,gefsatmos,completed,200,5,2025-11-14T18:00:00Z,2025-11-18T18:00:00Z,1240,1240,1240,1240,1240,12.134,e08c95145b0490c3e17e3627c759267fb2f866047878d733a31e3e059dbfd819,full_tactical_backfill_ok_tmax_gefsatmos_e08c95145b04,C:/Users/ahmad/Desktop/generalFiles/git/weather_markets/weather_data_extraction/bootstrap/hkg_tmax_elite_codex_bootstrap/hkg_tmax_elite_codex/data/_pipeline_internal/raw/gribstream_tactical_full_tactical_backfill_ok_tmax/gefsatmos/run_window_utc=20251114_180000_to_20251118_180000/e08c95145b0490c3e17e3627c759267fb2f866047878d733a31e3e059dbfd819.ndjson.gz,api_fetched,0,,,
582,gefsatmos,completed,200,5,2025-11-19T18:00:00Z,2025-11-23T18:00:00Z,1240,1240,1240,1240,1240,11.597,a7a4d70fb80537f76699a74ae467f48761d3024060ebdd88a6e61b6f7ba62bb1,full_tactical_backfill_ok_tmax_gefsatmos_a7a4d70fb805,C:/Users/ahmad/Desktop/generalFiles/git/weather_markets/weather_data_extraction/bootstrap/hkg_tmax_elite_codex_bootstrap/hkg_tmax_elite_codex/data/_pipeline_internal/raw/gribstream_tactical_full_tactical_backfill_ok_tmax/gefsatmos/run_window_utc=20251119_180000_to_20251123_180000/a7a4d70fb80537f76699a74ae467f48761d3024060ebdd88a6e61b6f7ba62bb1.ndjson.gz,api_fetched,0,,,
583,gefsatmos,completed,200,5,2025-11-24T18:00:00Z,2025-11-28T18:00:00Z,1240,1240,1240,1240,1240,11.449,cf5d860854a98e1f4bec56edaffef9f965bdbf0ff959242a52a29029248a7a79,full_tactical_backfill_ok_tmax_gefsatmos_cf5d860854a9,C:/Users/ahmad/Desktop/generalFiles/git/weather_markets/weather_data_extraction/bootstrap/hkg_tmax_elite_codex_bootstrap/hkg_tmax_elite_codex/data/_pipeline_internal/raw/gribstream_tactical_full_tactical_backfill_ok_tmax/gefsatmos/run_window_utc=20251124_180000_to_20251128_180000/cf5d860854a98e1f4bec56edaffef9f965bdbf0ff959242a52a29029248a7a79.ndjson.gz,api_fetched,0,,,
584,gefsatmos,completed,200,5,2025-11-29T18:00:00Z,2025-12-03T18:00:00Z,1240,1240,1240,1240,1240,11.183,d1295cd8b3addf752bcc280de2f1f7b28b1d0432b2eb042d23be88780801b52c,full_tactical_backfill_ok_tmax_gefsatmos_d1295cd8b3ad,C:/Users/ahmad/Desktop/generalFiles/git/weather_markets/weather_data_extraction/bootstrap/hkg_tmax_elite_codex_bootstrap/hkg_tmax_elite_codex/data/_pipeline_internal/raw/gribstream_tactical_full_tactical_backfill_ok_tmax/gefsatmos/run_window_utc=20251129_180000_to_20251203_180000/d1295cd8b3addf752bcc280de2f1f7b28b1d0432b2eb042d23be88780801b52c.ndjson.gz,api_fetched,0,,,
585,gefsatmos,completed,200,5,2025-12-04T18:00:00Z,2025-12-08T18:00:00Z,1240,1240,1240,1240,1240,11.348,0cf0db37b1a454a646c42d5ef9aa3493bfb9e44fb728f07e848bbca0abc0b282,full_tactical_backfill_ok_tmax_gefsatmos_0cf0db37b1a4,C:/Users/ahmad/Desktop/generalFiles/git/weather_markets/weather_data_extraction/bootstrap/hkg_tmax_elite_codex_bootstrap/hkg_tmax_elite_codex/data/_pipeline_internal/raw/gribstream_tactical_full_tactical_backfill_ok_tmax/gefsatmos/run_window_utc=20251204_180000_to_20251208_180000/0cf0db37b1a454a646c42d5ef9aa3493bfb9e44fb728f07e848bbca0abc0b282.ndjson.gz,api_fetched,0,,,
586,gefsatmos,completed,200,5,2025-12-09T18:00:00Z,2025-12-13T18:00:00Z,1240,1240,1240,1240,1240,12.107,1f59870a9b1b8357f1621c2812e1fef1290bc6f89944415a97b776e9cc29f7dd,full_tactical_backfill_ok_tmax_gefsatmos_1f59870a9b1b,C:/Users/ahmad/Desktop/generalFiles/git/weather_markets/weather_data_extraction/bootstrap/hkg_tmax_elite_codex_bootstrap/hkg_tmax_elite_codex/data/_pipeline_internal/raw/gribstream_tactical_full_tactical_backfill_ok_tmax/gefsatmos/run_window_utc=20251209_180000_to_20251213_180000/1f59870a9b1b8357f1621c2812e1fef1290bc6f89944415a97b776e9cc29f7dd.ndjson.gz,api_fetched,0,,,
587,gefsatmos,completed,200,5,2025-12-14T18:00:00Z,2025-12-18T18:00:00Z,1240,1240,1240,1240,1240,11.124,b86dc3d1c0698f0a3f5aac3ecc08c4f91d20357bf6f22e8542a3104e0cb07d1b,full_tactical_backfill_ok_tmax_gefsatmos_b86dc3d1c069,C:/Users/ahmad/Desktop/generalFiles/git/weather_markets/weather_data_extraction/bootstrap/hkg_tmax_elite_codex_bootstrap/hkg_tmax_elite_codex/data/_pipeline_internal/raw/gribstream_tactical_full_tactical_backfill_ok_tmax/gefsatmos/run_window_utc=20251214_180000_to_20251218_180000/b86dc3d1c0698f0a3f5aac3ecc08c4f91d20357bf6f22e8542a3104e0cb07d1b.ndjson.gz,api_fetched,0,,,
588,gefsatmos,completed,200,5,2025-12-19T18:00:00Z,2025-12-23T18:00:00Z,1240,1240,1240,1240,1240,11.578,9bd68e6a2300aafe0f834ad677ca85600e22a7d48b9f7dba96da06de9c03385f,full_tactical_backfill_ok_tmax_gefsatmos_9bd68e6a2300,C:/Users/ahmad/Desktop/generalFiles/git/weather_markets/weather_data_extraction/bootstrap/hkg_tmax_elite_codex_bootstrap/hkg_tmax_elite_codex/data/_pipeline_internal/raw/gribstream_tactical_full_tactical_backfill_ok_tmax/gefsatmos/run_window_utc=20251219_180000_to_20251223_180000/9bd68e6a2300aafe0f834ad677ca85600e22a7d48b9f7dba96da06de9c03385f.ndjson.gz,api_fetched,0,,,
589,gefsatmos,completed,200,5,2025-12-24T18:00:00Z,2025-12-28T18:00:00Z,1240,1240,1240,1240,1240,11.332,29f7c627d5cd5960924a5de0a25b52e42cc9fc916490f9b8b20b829f870b19e0,full_tactical_backfill_ok_tmax_gefsatmos_29f7c627d5cd,C:/Users/ahmad/Desktop/generalFiles/git/weather_markets/weather_data_extraction/bootstrap/hkg_tmax_elite_codex_bootstrap/hkg_tmax_elite_codex/data/_pipeline_internal/raw/gribstream_tactical_full_tactical_backfill_ok_tmax/gefsatmos/run_window_utc=20251224_180000_to_20251228_180000/29f7c627d5cd5960924a5de0a25b52e42cc9fc916490f9b8b20b829f870b19e0.ndjson.gz,api_fetched,0,,,
590,gefsatmos,completed,200,5,2025-12-29T18:00:00Z,2026-01-02T18:00:00Z,1240,1240,1240,1240,1240,11.254,2fdc4abad0791d25961bafa75cbda1220b8aec9447c5857e92e587d54d665b30,full_tactical_backfill_ok_tmax_gefsatmos_2fdc4abad079,C:/Users/ahmad/Desktop/generalFiles/git/weather_markets/weather_data_extraction/bootstrap/hkg_tmax_elite_codex_bootstrap/hkg_tmax_elite_codex/data/_pipeline_internal/raw/gribstream_tactical_full_tactical_backfill_ok_tmax/gefsatmos/run_window_utc=20251229_180000_to_20260102_180000/2fdc4abad0791d25961bafa75cbda1220b8aec9447c5857e92e587d54d665b30.ndjson.gz,api_fetched,0,,,
591,gefsatmos,completed,200,5,2026-01-03T18:00:00Z,2026-01-07T18:00:00Z,1240,1240,1240,1240,1240,11.294,80eed32ecc6a932640dc1537e26337379d42e8b0c25c32763d27d98bde884269,full_tactical_backfill_ok_tmax_gefsatmos_80eed32ecc6a,C:/Users/ahmad/Desktop/generalFiles/git/weather_markets/weather_data_extraction/bootstrap/hkg_tmax_elite_codex_bootstrap/hkg_tmax_elite_codex/data/_pipeline_internal/raw/gribstream_tactical_full_tactical_backfill_ok_tmax/gefsatmos/run_window_utc=20260103_180000_to_20260107_180000/80eed32ecc6a932640dc1537e26337379d42e8b0c25c32763d27d98bde884269.ndjson.gz,api_fetched,0,,,
592,gefsatmos,completed,200,5,2026-01-08T18:00:00Z,2026-01-12T18:00:00Z,1240,1240,1240,1240,1240,11.378,e842dacd3384a4b5b97d398a7d339ddfac55ec1e544db5bc28df8655cc6f4403,full_tactical_backfill_ok_tmax_gefsatmos_e842dacd3384,C:/Users/ahmad/Desktop/generalFiles/git/weather_markets/weather_data_extraction/bootstrap/hkg_tmax_elite_codex_bootstrap/hkg_tmax_elite_codex/data/_pipeline_internal/raw/gribstream_tactical_full_tactical_backfill_ok_tmax/gefsatmos/run_window_utc=20260108_180000_to_20260112_180000/e842dacd3384a4b5b97d398a7d339ddfac55ec1e544db5bc28df8655cc6f4403.ndjson.gz,api_fetched,0,,,
593,gefsatmos,completed,200,5,2026-01-13T18:00:00Z,2026-01-17T18:00:00Z,1240,1240,1240,1240,1240,11.303,9ee4b13da6c4c31cdc09bfa44a8794805e4a39350ead877c75f925d247191a58,full_tactical_backfill_ok_tmax_gefsatmos_9ee4b13da6c4,C:/Users/ahmad/Desktop/generalFiles/git/weather_markets/weather_data_extraction/bootstrap/hkg_tmax_elite_codex_bootstrap/hkg_tmax_elite_codex/data/_pipeline_internal/raw/gribstream_tactical_full_tactical_backfill_ok_tmax/gefsatmos/run_window_utc=20260113_180000_to_20260117_180000/9ee4b13da6c4c31cdc09bfa44a8794805e4a39350ead877c75f925d247191a58.ndjson.gz,api_fetched,0,,,
594,gefsatmos,completed,200,5,2026-01-18T18:00:00Z,2026-01-22T18:00:00Z,1240,1240,1240,1240,1240,11.635,562af58547326c034f13937717181a05a65e6f6e557d86454362a54c53a54bd0,full_tactical_backfill_ok_tmax_gefsatmos_562af5854732,C:/Users/ahmad/Desktop/generalFiles/git/weather_markets/weather_data_extraction/bootstrap/hkg_tmax_elite_codex_bootstrap/hkg_tmax_elite_codex/data/_pipeline_internal/raw/gribstream_tactical_full_tactical_backfill_ok_tmax/gefsatmos/run_window_utc=20260118_180000_to_20260122_180000/562af58547326c034f13937717181a05a65e6f6e557d86454362a54c53a54bd0.ndjson.gz,api_fetched,0,,,
595,gefsatmos,completed,200,5,2026-01-23T18:00:00Z,2026-01-27T18:00:00Z,1240,1240,1240,1240,1240,11.659,542382ce018996def0f7e03ec45a8e81bf6d3fe3df3d583c2de94bf6b5905e77,full_tactical_backfill_ok_tmax_gefsatmos_542382ce0189,C:/Users/ahmad/Desktop/generalFiles/git/weather_markets/weather_data_extraction/bootstrap/hkg_tmax_elite_codex_bootstrap/hkg_tmax_elite_codex/data/_pipeline_internal/raw/gribstream_tactical_full_tactical_backfill_ok_tmax/gefsatmos/run_window_utc=20260123_180000_to_20260127_180000/542382ce018996def0f7e03ec45a8e81bf6d3fe3df3d583c2de94bf6b5905e77.ndjson.gz,api_fetched,0,,,
596,gefsatmos,completed,200,5,2026-01-28T18:00:00Z,2026-02-01T18:00:00Z,1240,1240,1240,1240,1240,11.377,93c4fac40405526aff5c96924d3567d874ef652c9645366b6ca803468d12e6d6,full_tactical_backfill_ok_tmax_gefsatmos_93c4fac40405,C:/Users/ahmad/Desktop/generalFiles/git/weather_markets/weather_data_extraction/bootstrap/hkg_tmax_elite_codex_bootstrap/hkg_tmax_elite_codex/data/_pipeline_internal/raw/gribstream_tactical_full_tactical_backfill_ok_tmax/gefsatmos/run_window_utc=20260128_180000_to_20260201_180000/93c4fac40405526aff5c96924d3567d874ef652c9645366b6ca803468d12e6d6.ndjson.gz,api_fetched,0,,,
597,gefsatmos,completed,200,5,2026-02-02T18:00:00Z,2026-02-06T18:00:00Z,1240,1240,1240,1240,1240,11.621,f8a3bd7d2bfd0035379c1372bfcd3eb5379c20273bb86cd865584482fd5a33d5,full_tactical_backfill_ok_tmax_gefsatmos_f8a3bd7d2bfd,C:/Users/ahmad/Desktop/generalFiles/git/weather_markets/weather_data_extraction/bootstrap/hkg_tmax_elite_codex_bootstrap/hkg_tmax_elite_codex/data/_pipeline_internal/raw/gribstream_tactical_full_tactical_backfill_ok_tmax/gefsatmos/run_window_utc=20260202_180000_to_20260206_180000/f8a3bd7d2bfd0035379c1372bfcd3eb5379c20273bb86cd865584482fd5a33d5.ndjson.gz,api_fetched,0,,,
598,gefsatmos,completed,200,5,2026-02-07T18:00:00Z,2026-02-11T18:00:00Z,1240,1240,1240,1240,1240,11.394,1c21a32fa645c1d0cb5b8605d94173e645b1d15f8dd7028b2c0f84baed05999f,full_tactical_backfill_ok_tmax_gefsatmos_1c21a32fa645,C:/Users/ahmad/Desktop/generalFiles/git/weather_markets/weather_data_extraction/bootstrap/hkg_tmax_elite_codex_bootstrap/hkg_tmax_elite_codex/data/_pipeline_internal/raw/gribstream_tactical_full_tactical_backfill_ok_tmax/gefsatmos/run_window_utc=20260207_180000_to_20260211_180000/1c21a32fa645c1d0cb5b8605d94173e645b1d15f8dd7028b2c0f84baed05999f.ndjson.gz,api_fetched,0,,,
599,gefsatmos,completed,200,5,2026-02-12T18:00:00Z,2026-02-16T18:00:00Z,1240,1240,1240,1240,1240,14.212,3ddd2dbdeeafe3152ac1a72c5f37190b700fe15c7286f5531e7c8ed52749cd56,full_tactical_backfill_ok_tmax_gefsatmos_3ddd2dbdeeaf,C:/Users/ahmad/Desktop/generalFiles/git/weather_markets/weather_data_extraction/bootstrap/hkg_tmax_elite_codex_bootstrap/hkg_tmax_elite_codex/data/_pipeline_internal/raw/gribstream_tactical_full_tactical_backfill_ok_tmax/gefsatmos/run_window_utc=20260212_180000_to_20260216_180000/3ddd2dbdeeafe3152ac1a72c5f37190b700fe15c7286f5531e7c8ed52749cd56.ndjson.gz,api_fetched,0,,,
600,gefsatmos,completed,200,5,2026-02-17T18:00:00Z,2026-02-21T18:00:00Z,1240,1240,1240,1240,1240,8.571,0a3e0231034a001d79de55de776fdc7fd896290c83a9b796430e17128619e47b,full_tactical_backfill_ok_tmax_gefsatmos_0a3e0231034a,C:/Users/ahmad/Desktop/generalFiles/git/weather_markets/weather_data_extraction/bootstrap/hkg_tmax_elite_codex_bootstrap/hkg_tmax_elite_codex/data/_pipeline_internal/raw/gribstream_tactical_full_tactical_backfill_ok_tmax/gefsatmos/run_window_utc=20260217_180000_to_20260221_180000/0a3e0231034a001d79de55de776fdc7fd896290c83a9b796430e17128619e47b.ndjson.gz,api_fetched,0,,,
601,gefsatmos,completed,200,5,2026-02-22T18:00:00Z,2026-02-26T18:00:00Z,1240,1240,1240,1240,1240,11.469,f4f5c87ef5f24eeababa54baa6822d59516625507b315c989edd91ccda0c3267,full_tactical_backfill_ok_tmax_gefsatmos_f4f5c87ef5f2,C:/Users/ahmad/Desktop/generalFiles/git/weather_markets/weather_data_extraction/bootstrap/hkg_tmax_elite_codex_bootstrap/hkg_tmax_elite_codex/data/_pipeline_internal/raw/gribstream_tactical_full_tactical_backfill_ok_tmax/gefsatmos/run_window_utc=20260222_180000_to_20260226_180000/f4f5c87ef5f24eeababa54baa6822d59516625507b315c989edd91ccda0c3267.ndjson.gz,api_fetched,0,,,
602,gefsatmos,completed,200,5,2026-02-27T18:00:00Z,2026-03-03T18:00:00Z,1240,1240,1240,1240,1240,11.794,e76f5f57351104cc2b71fb866aa6befee75046473940b33c367c7604cdea60cd,full_tactical_backfill_ok_tmax_gefsatmos_e76f5f573511,C:/Users/ahmad/Desktop/generalFiles/git/weather_markets/weather_data_extraction/bootstrap/hkg_tmax_elite_codex_bootstrap/hkg_tmax_elite_codex/data/_pipeline_internal/raw/gribstream_tactical_full_tactical_backfill_ok_tmax/gefsatmos/run_window_utc=20260227_180000_to_20260303_180000/e76f5f57351104cc2b71fb866aa6befee75046473940b33c367c7604cdea60cd.ndjson.gz,api_fetched,0,,,
603,gefsatmos,completed,200,5,2026-03-04T18:00:00Z,2026-03-08T18:00:00Z,1240,1240,1240,1240,1240,10.723,a27f9661668d79f5d10cc4dee8eb7c48a1a8fbe55ffbb2cd7c177eada53d457f,full_tactical_backfill_ok_tmax_gefsatmos_a27f9661668d,C:/Users/ahmad/Desktop/generalFiles/git/weather_markets/weather_data_extraction/bootstrap/hkg_tmax_elite_codex_bootstrap/hkg_tmax_elite_codex/data/_pipeline_internal/raw/gribstream_tactical_full_tactical_backfill_ok_tmax/gefsatmos/run_window_utc=20260304_180000_to_20260308_180000/a27f9661668d79f5d10cc4dee8eb7c48a1a8fbe55ffbb2cd7c177eada53d457f.ndjson.gz,api_fetched,0,,,
604,gefsatmos,completed,200,5,2026-03-09T18:00:00Z,2026-03-13T18:00:00Z,1240,1240,1240,1240,1240,11.302,9cb6a4a4fb89c0bb84b6e423fef7067b20ebbd8976a15cd5439b141dbe1581a8,full_tactical_backfill_ok_tmax_gefsatmos_9cb6a4a4fb89,C:/Users/ahmad/Desktop/generalFiles/git/weather_markets/weather_data_extraction/bootstrap/hkg_tmax_elite_codex_bootstrap/hkg_tmax_elite_codex/data/_pipeline_internal/raw/gribstream_tactical_full_tactical_backfill_ok_tmax/gefsatmos/run_window_utc=20260309_180000_to_20260313_180000/9cb6a4a4fb89c0bb84b6e423fef7067b20ebbd8976a15cd5439b141dbe1581a8.ndjson.gz,api_fetched,0,,,
605,gefsatmos,completed,200,5,2026-03-14T18:00:00Z,2026-03-18T18:00:00Z,1240,1240,1240,1240,1240,11.472,c299b2aab78be005ec8b07652c25fbaf0175196282a618110d77c92d075cf72c,full_tactical_backfill_ok_tmax_gefsatmos_c299b2aab78b,C:/Users/ahmad/Desktop/generalFiles/git/weather_markets/weather_data_extraction/bootstrap/hkg_tmax_elite_codex_bootstrap/hkg_tmax_elite_codex/data/_pipeline_internal/raw/gribstream_tactical_full_tactical_backfill_ok_tmax/gefsatmos/run_window_utc=20260314_180000_to_20260318_180000/c299b2aab78be005ec8b07652c25fbaf0175196282a618110d77c92d075cf72c.ndjson.gz,api_fetched,0,,,
606,gefsatmos,completed,200,5,2026-03-19T18:00:00Z,2026-03-23T18:00:00Z,1240,1240,1240,1240,1240,11.111,27ced96db81a4d53ea239f0ddb3192c6f563d13bb6c2f70f523c496f7aebc7cc,full_tactical_backfill_ok_tmax_gefsatmos_27ced96db81a,C:/Users/ahmad/Desktop/generalFiles/git/weather_markets/weather_data_extraction/bootstrap/hkg_tmax_elite_codex_bootstrap/hkg_tmax_elite_codex/data/_pipeline_internal/raw/gribstream_tactical_full_tactical_backfill_ok_tmax/gefsatmos/run_window_utc=20260319_180000_to_20260323_180000/27ced96db81a4d53ea239f0ddb3192c6f563d13bb6c2f70f523c496f7aebc7cc.ndjson.gz,api_fetched,0,,,
607,gefsatmos,completed,200,5,2026-03-24T18:00:00Z,2026-03-28T18:00:00Z,1240,1240,1240,1240,1240,11.984,407a798513fcec8d7a40c2217e93f8f5137b943cd12493b86411576f61c44fe5,full_tactical_backfill_ok_tmax_gefsatmos_407a798513fc,C:/Users/ahmad/Desktop/generalFiles/git/weather_markets/weather_data_extraction/bootstrap/hkg_tmax_elite_codex_bootstrap/hkg_tmax_elite_codex/data/_pipeline_internal/raw/gribstream_tactical_full_tactical_backfill_ok_tmax/gefsatmos/run_window_utc=20260324_180000_to_20260328_180000/407a798513fcec8d7a40c2217e93f8f5137b943cd12493b86411576f61c44fe5.ndjson.gz,api_fetched,0,,,
608,gefsatmos,completed,200,5,2026-03-29T18:00:00Z,2026-04-02T18:00:00Z,1240,1240,1240,1240,1240,11.265,34037a792dc901d5669338710ed4d7aff4d09e9a718e97fcc6d0217840a0b4f9,full_tactical_backfill_ok_tmax_gefsatmos_34037a792dc9,C:/Users/ahmad/Desktop/generalFiles/git/weather_markets/weather_data_extraction/bootstrap/hkg_tmax_elite_codex_bootstrap/hkg_tmax_elite_codex/data/_pipeline_internal/raw/gribstream_tactical_full_tactical_backfill_ok_tmax/gefsatmos/run_window_utc=20260329_180000_to_20260402_180000/34037a792dc901d5669338710ed4d7aff4d09e9a718e97fcc6d0217840a0b4f9.ndjson.gz,api_fetched,0,,,
609,gefsatmos,completed,200,5,2026-04-03T18:00:00Z,2026-04-07T18:00:00Z,1240,1240,1240,1240,1240,11.295,de605723c8ae0519f2f39c144d869f188a016ba90d73d83c9a2b610b7c57e76d,full_tactical_backfill_ok_tmax_gefsatmos_de605723c8ae,C:/Users/ahmad/Desktop/generalFiles/git/weather_markets/weather_data_extraction/bootstrap/hkg_tmax_elite_codex_bootstrap/hkg_tmax_elite_codex/data/_pipeline_internal/raw/gribstream_tactical_full_tactical_backfill_ok_tmax/gefsatmos/run_window_utc=20260403_180000_to_20260407_180000/de605723c8ae0519f2f39c144d869f188a016ba90d73d83c9a2b610b7c57e76d.ndjson.gz,api_fetched,0,,,
610,gefsatmos,completed,200,5,2026-04-08T18:00:00Z,2026-04-12T18:00:00Z,1240,1240,1240,1240,1240,11.66,9e09785c8248c6e0e9fd347c027c348bc61baa5c519de2d11559ed5026cd5958,full_tactical_backfill_ok_tmax_gefsatmos_9e09785c8248,C:/Users/ahmad/Desktop/generalFiles/git/weather_markets/weather_data_extraction/bootstrap/hkg_tmax_elite_codex_bootstrap/hkg_tmax_elite_codex/data/_pipeline_internal/raw/gribstream_tactical_full_tactical_backfill_ok_tmax/gefsatmos/run_window_utc=20260408_180000_to_20260412_180000/9e09785c8248c6e0e9fd347c027c348bc61baa5c519de2d11559ed5026cd5958.ndjson.gz,api_fetched,0,,,
611,gefsatmos,completed,200,5,2026-04-13T18:00:00Z,2026-04-17T18:00:00Z,1240,1240,1240,1240,1240,11.28,7d418ded4d6154899bf8f9e576d581140506ba99ef60082ff6237705e1ae311d,full_tactical_backfill_ok_tmax_gefsatmos_7d418ded4d61,C:/Users/ahmad/Desktop/generalFiles/git/weather_markets/weather_data_extraction/bootstrap/hkg_tmax_elite_codex_bootstrap/hkg_tmax_elite_codex/data/_pipeline_internal/raw/gribstream_tactical_full_tactical_backfill_ok_tmax/gefsatmos/run_window_utc=20260413_180000_to_20260417_180000/7d418ded4d6154899bf8f9e576d581140506ba99ef60082ff6237705e1ae311d.ndjson.gz,api_fetched,0,,,
612,gefsatmos,completed,200,5,2026-04-18T18:00:00Z,2026-04-22T18:00:00Z,1240,1240,1240,1240,1240,11.722,6bcbc2d2a3bb53ac09872d6037aec13a6031582649028b7b49fc72b878eee663,full_tactical_backfill_ok_tmax_gefsatmos_6bcbc2d2a3bb,C:/Users/ahmad/Desktop/generalFiles/git/weather_markets/weather_data_extraction/bootstrap/hkg_tmax_elite_codex_bootstrap/hkg_tmax_elite_codex/data/_pipeline_internal/raw/gribstream_tactical_full_tactical_backfill_ok_tmax/gefsatmos/run_window_utc=20260418_180000_to_20260422_180000/6bcbc2d2a3bb53ac09872d6037aec13a6031582649028b7b49fc72b878eee663.ndjson.gz,api_fetched,0,,,
613,gefsatmos,completed,200,5,2026-04-23T18:00:00Z,2026-04-27T18:00:00Z,1240,1240,1240,1240,1240,11.159,777e9c42784a8f61b0e16cdfd68d4086aa80cc1e85766399cc05b889a3f5abbf,full_tactical_backfill_ok_tmax_gefsatmos_777e9c42784a,C:/Users/ahmad/Desktop/generalFiles/git/weather_markets/weather_data_extraction/bootstrap/hkg_tmax_elite_codex_bootstrap/hkg_tmax_elite_codex/data/_pipeline_internal/raw/gribstream_tactical_full_tactical_backfill_ok_tmax/gefsatmos/run_window_utc=20260423_180000_to_20260427_180000/777e9c42784a8f61b0e16cdfd68d4086aa80cc1e85766399cc05b889a3f5abbf.ndjson.gz,api_fetched,0,,,
614,gefsatmos,completed,200,5,2026-04-28T18:00:00Z,2026-05-02T18:00:00Z,1240,1240,1240,1240,1240,11.834,d2abde1923e6d40149cf9378eaec4d4799046b94e0da560abc53a862f8492016,full_tactical_backfill_ok_tmax_gefsatmos_d2abde1923e6,C:/Users/ahmad/Desktop/generalFiles/git/weather_markets/weather_data_extraction/bootstrap/hkg_tmax_elite_codex_bootstrap/hkg_tmax_elite_codex/data/_pipeline_internal/raw/gribstream_tactical_full_tactical_backfill_ok_tmax/gefsatmos/run_window_utc=20260428_180000_to_20260502_180000/d2abde1923e6d40149cf9378eaec4d4799046b94e0da560abc53a862f8492016.ndjson.gz,api_fetched,0,,,
615,gefsatmos,completed,200,5,2026-05-03T18:00:00Z,2026-05-07T18:00:00Z,1240,1240,1240,1240,1240,11.443,734f99450f10bd682b2c2ef35849266580f2d0d033b1fdfc666a702204d5296c,full_tactical_backfill_ok_tmax_gefsatmos_734f99450f10,C:/Users/ahmad/Desktop/generalFiles/git/weather_markets/weather_data_extraction/bootstrap/hkg_tmax_elite_codex_bootstrap/hkg_tmax_elite_codex/data/_pipeline_internal/raw/gribstream_tactical_full_tactical_backfill_ok_tmax/gefsatmos/run_window_utc=20260503_180000_to_20260507_180000/734f99450f10bd682b2c2ef35849266580f2d0d033b1fdfc666a702204d5296c.ndjson.gz,api_fetched,0,,,
616,gefsatmos,completed,200,5,2026-05-08T18:00:00Z,2026-05-12T18:00:00Z,1240,1240,1240,1240,1240,11.257,74bf498e787b5f83c6c132fa14f9d1b25e12b8c94778a4592cceac0ca772ce8e,full_tactical_backfill_ok_tmax_gefsatmos_74bf498e787b,C:/Users/ahmad/Desktop/generalFiles/git/weather_markets/weather_data_extraction/bootstrap/hkg_tmax_elite_codex_bootstrap/hkg_tmax_elite_codex/data/_pipeline_internal/raw/gribstream_tactical_full_tactical_backfill_ok_tmax/gefsatmos/run_window_utc=20260508_180000_to_20260512_180000/74bf498e787b5f83c6c132fa14f9d1b25e12b8c94778a4592cceac0ca772ce8e.ndjson.gz,api_fetched,0,,,
617,gefsatmos,completed,200,5,2026-05-13T18:00:00Z,2026-05-17T18:00:00Z,1240,1240,1240,1240,1240,11.353,6fd8b44669a06988069fa588095e69d693e958c78999857d13d924d322f91d21,full_tactical_backfill_ok_tmax_gefsatmos_6fd8b44669a0,C:/Users/ahmad/Desktop/generalFiles/git/weather_markets/weather_data_extraction/bootstrap/hkg_tmax_elite_codex_bootstrap/hkg_tmax_elite_codex/data/_pipeline_internal/raw/gribstream_tactical_full_tactical_backfill_ok_tmax/gefsatmos/run_window_utc=20260513_180000_to_20260517_180000/6fd8b44669a06988069fa588095e69d693e958c78999857d13d924d322f91d21.ndjson.gz,api_fetched,0,,,
618,gefsatmos,completed,200,5,2026-05-18T18:00:00Z,2026-05-22T18:00:00Z,1240,1240,1240,1240,1240,11.235,0ba413e711e3bdcaf08147f37e69eec41e2339eafc9cd86ab04de435580bee55,full_tactical_backfill_ok_tmax_gefsatmos_0ba413e711e3,C:/Users/ahmad/Desktop/generalFiles/git/weather_markets/weather_data_extraction/bootstrap/hkg_tmax_elite_codex_bootstrap/hkg_tmax_elite_codex/data/_pipeline_internal/raw/gribstream_tactical_full_tactical_backfill_ok_tmax/gefsatmos/run_window_utc=20260518_180000_to_20260522_180000/0ba413e711e3bdcaf08147f37e69eec41e2339eafc9cd86ab04de435580bee55.ndjson.gz,api_fetched,0,,,
619,gefsatmos,completed,200,5,2026-05-23T18:00:00Z,2026-05-27T18:00:00Z,1240,1240,1240,1240,1240,11.165,ecfd1d245f29daa46e36b9dde6b5271cbc2c453afb54ca274c58fdce56ddbb31,full_tactical_backfill_ok_tmax_gefsatmos_ecfd1d245f29,C:/Users/ahmad/Desktop/generalFiles/git/weather_markets/weather_data_extraction/bootstrap/hkg_tmax_elite_codex_bootstrap/hkg_tmax_elite_codex/data/_pipeline_internal/raw/gribstream_tactical_full_tactical_backfill_ok_tmax/gefsatmos/run_window_utc=20260523_180000_to_20260527_180000/ecfd1d245f29daa46e36b9dde6b5271cbc2c453afb54ca274c58fdce56ddbb31.ndjson.gz,api_fetched,0,,,
620,gefsatmos,completed,200,5,2026-05-28T18:00:00Z,2026-06-01T18:00:00Z,1240,1240,1240,1240,1240,11.422,f146656e9c1ecda31cbaf40b830c0fe367f2599be878188fb7c7441ae0a16cc8,full_tactical_backfill_ok_tmax_gefsatmos_f146656e9c1e,C:/Users/ahmad/Desktop/generalFiles/git/weather_markets/weather_data_extraction/bootstrap/hkg_tmax_elite_codex_bootstrap/hkg_tmax_elite_codex/data/_pipeline_internal/raw/gribstream_tactical_full_tactical_backfill_ok_tmax/gefsatmos/run_window_utc=20260528_180000_to_20260601_180000/f146656e9c1ecda31cbaf40b830c0fe367f2599be878188fb7c7441ae0a16cc8.ndjson.gz,api_fetched,0,,,
621,gefsatmos,completed,200,5,2026-06-02T18:00:00Z,2026-06-06T18:00:00Z,1240,1240,1240,1240,1240,11.008,76f483ec8703ecc909a10b69975ee54ebc802cf2c8eb4f5d3d3041c12ff98b41,full_tactical_backfill_ok_tmax_gefsatmos_76f483ec8703,C:/Users/ahmad/Desktop/generalFiles/git/weather_markets/weather_data_extraction/bootstrap/hkg_tmax_elite_codex_bootstrap/hkg_tmax_elite_codex/data/_pipeline_internal/raw/gribstream_tactical_full_tactical_backfill_ok_tmax/gefsatmos/run_window_utc=20260602_180000_to_20260606_180000/76f483ec8703ecc909a10b69975ee54ebc802cf2c8eb4f5d3d3041c12ff98b41.ndjson.gz,api_fetched,0,,,
622,gefsatmos,completed,200,5,2026-06-07T18:00:00Z,2026-06-11T18:00:00Z,1240,1240,1240,1240,1240,11.407,4900605acdfabd0162eafe1cde0bd79423a82b5e26174ca3b39034a321998809,full_tactical_backfill_ok_tmax_gefsatmos_4900605acdfa,C:/Users/ahmad/Desktop/generalFiles/git/weather_markets/weather_data_extraction/bootstrap/hkg_tmax_elite_codex_bootstrap/hkg_tmax_elite_codex/data/_pipeline_internal/raw/gribstream_tactical_full_tactical_backfill_ok_tmax/gefsatmos/run_window_utc=20260607_180000_to_20260611_180000/4900605acdfabd0162eafe1cde0bd79423a82b5e26174ca3b39034a321998809.ndjson.gz,api_fetched,0,,,
623,gefsatmos,completed,200,5,2026-06-12T18:00:00Z,2026-06-16T18:00:00Z,1240,1240,1240,1240,1240,11.513,205e2f84d6b3696e6fae63a710ec4239042169858186459e0a0d49a6462c1991,full_tactical_backfill_ok_tmax_gefsatmos_205e2f84d6b3,C:/Users/ahmad/Desktop/generalFiles/git/weather_markets/weather_data_extraction/bootstrap/hkg_tmax_elite_codex_bootstrap/hkg_tmax_elite_codex/data/_pipeline_internal/raw/gribstream_tactical_full_tactical_backfill_ok_tmax/gefsatmos/run_window_utc=20260612_180000_to_20260616_180000/205e2f84d6b3696e6fae63a710ec4239042169858186459e0a0d49a6462c1991.ndjson.gz,api_fetched,0,,,
624,gefsatmos,completed,200,5,2026-06-17T18:00:00Z,2026-06-21T18:00:00Z,1240,1240,1240,1240,1240,11.644,dc2034ebfaa07d91a7b7b0b3134eda37199a591fbcabc9294d081eb1bb49ca87,full_tactical_backfill_ok_tmax_gefsatmos_dc2034ebfaa0,C:/Users/ahmad/Desktop/generalFiles/git/weather_markets/weather_data_extraction/bootstrap/hkg_tmax_elite_codex_bootstrap/hkg_tmax_elite_codex/data/_pipeline_internal/raw/gribstream_tactical_full_tactical_backfill_ok_tmax/gefsatmos/run_window_utc=20260617_180000_to_20260621_180000/dc2034ebfaa07d91a7b7b0b3134eda37199a591fbcabc9294d081eb1bb49ca87.ndjson.gz,api_fetched,0,,,
625,ifsoper,completed,200,14,2024-02-28T18:00:00Z,2024-03-12T18:00:00Z,1512,1512,1512,1512,1512,23.48,fae9019de7b3ec4c056182e6501f3bd4e7bd62566a5e4a230b19a572a2764ca7,batch_smoke_10w_ifsoper_fae9019de7b3,C:/Users/ahmad/Desktop/generalFiles/git/weather_markets/weather_data_extraction/bootstrap/hkg_tmax_elite_codex_bootstrap/hkg_tmax_elite_codex/data/_pipeline_internal/raw/gribstream_tactical_full_tactical_backfill_ok_tmax/ifsoper/run_window_utc=20240228_180000_to_20240312_180000/fae9019de7b3ec4c056182e6501f3bd4e7bd62566a5e4a230b19a572a2764ca7.ndjson.gz,api_fetched,0,,,
626,ifsoper,completed,200,14,2024-03-13T18:00:00Z,2024-03-26T18:00:00Z,1512,1512,1512,1512,1512,18.234,dd4d03495f9941d8c718de9a97c64ea31bf12a6c728e55749a7a009a313435b4,batch_smoke_10w_ifsoper_dd4d03495f99,C:/Users/ahmad/Desktop/generalFiles/git/weather_markets/weather_data_extraction/bootstrap/hkg_tmax_elite_codex_bootstrap/hkg_tmax_elite_codex/data/_pipeline_internal/raw/gribstream_tactical_full_tactical_backfill_ok_tmax/ifsoper/run_window_utc=20240313_180000_to_20240326_180000/dd4d03495f9941d8c718de9a97c64ea31bf12a6c728e55749a7a009a313435b4.ndjson.gz,api_fetched,0,,,
627,ifsoper,completed,200,14,2024-03-27T18:00:00Z,2024-04-09T18:00:00Z,1512,1512,1512,1512,1512,19.154,295b8c430842fd9cd35fcf5bb7bab93b87de4736e0a283787123578d44cb11a3,batch_smoke_10w_ifsoper_295b8c430842,C:/Users/ahmad/Desktop/generalFiles/git/weather_markets/weather_data_extraction/bootstrap/hkg_tmax_elite_codex_bootstrap/hkg_tmax_elite_codex/data/_pipeline_internal/raw/gribstream_tactical_full_tactical_backfill_ok_tmax/ifsoper/run_window_utc=20240327_180000_to_20240409_180000/295b8c430842fd9cd35fcf5bb7bab93b87de4736e0a283787123578d44cb11a3.ndjson.gz,api_fetched,0,,,
628,ifsoper,completed,200,14,2024-04-10T18:00:00Z,2024-04-23T18:00:00Z,1512,1512,1512,1512,1512,19.673,f89d497e0c1b01783c410f93dc6b3579a9b08125f9665869b179e1ee62216013,batch_smoke_10w_ifsoper_f89d497e0c1b,C:/Users/ahmad/Desktop/generalFiles/git/weather_markets/weather_data_extraction/bootstrap/hkg_tmax_elite_codex_bootstrap/hkg_tmax_elite_codex/data/_pipeline_internal/raw/gribstream_tactical_full_tactical_backfill_ok_tmax/ifsoper/run_window_utc=20240410_180000_to_20240423_180000/f89d497e0c1b01783c410f93dc6b3579a9b08125f9665869b179e1ee62216013.ndjson.gz,api_fetched,0,,,
629,ifsoper,completed,200,14,2024-04-24T18:00:00Z,2024-05-07T18:00:00Z,1512,1512,1512,1512,1512,18.661,5045cce179291a5b29f8c8ba32a4d24c99a3b15f97654f0247324cf373a3dfe5,batch_smoke_10w_ifsoper_5045cce17929,C:/Users/ahmad/Desktop/generalFiles/git/weather_markets/weather_data_extraction/bootstrap/hkg_tmax_elite_codex_bootstrap/hkg_tmax_elite_codex/data/_pipeline_internal/raw/gribstream_tactical_full_tactical_backfill_ok_tmax/ifsoper/run_window_utc=20240424_180000_to_20240507_180000/5045cce179291a5b29f8c8ba32a4d24c99a3b15f97654f0247324cf373a3dfe5.ndjson.gz,api_fetched,0,,,
630,ifsoper,completed,200,14,2024-05-08T18:00:00Z,2024-05-21T18:00:00Z,1512,1512,1512,1512,1512,19.631,c34c0674043c1fae8087cc47322fb52dbf0e6472f8790ad0fede025e6806ebb1,full_tactical_backfill_ok_tmax_ifsoper_c34c0674043c,C:/Users/ahmad/Desktop/generalFiles/git/weather_markets/weather_data_extraction/bootstrap/hkg_tmax_elite_codex_bootstrap/hkg_tmax_elite_codex/data/_pipeline_internal/raw/gribstream_tactical_full_tactical_backfill_ok_tmax/ifsoper/run_window_utc=20240508_180000_to_20240521_180000/c34c0674043c1fae8087cc47322fb52dbf0e6472f8790ad0fede025e6806ebb1.ndjson.gz,api_fetched,0,,,
631,ifsoper,completed,200,14,2024-05-22T18:00:00Z,2024-06-04T18:00:00Z,1512,1512,1512,1512,1512,19.595,123d0bd80fded19a4f65a04e03237fc5095c0cbc4d34c5780f4c7a5daa0398d4,full_tactical_backfill_ok_tmax_ifsoper_123d0bd80fde,C:/Users/ahmad/Desktop/generalFiles/git/weather_markets/weather_data_extraction/bootstrap/hkg_tmax_elite_codex_bootstrap/hkg_tmax_elite_codex/data/_pipeline_internal/raw/gribstream_tactical_full_tactical_backfill_ok_tmax/ifsoper/run_window_utc=20240522_180000_to_20240604_180000/123d0bd80fded19a4f65a04e03237fc5095c0cbc4d34c5780f4c7a5daa0398d4.ndjson.gz,api_fetched,0,,,
632,ifsoper,completed,200,14,2024-06-05T18:00:00Z,2024-06-18T18:00:00Z,1512,1512,1512,1512,1512,18.82,0c1ba75dd4cfffecbb48efdd03fcc1fee2ebf78936636717c0bd20987765a889,full_tactical_backfill_ok_tmax_ifsoper_0c1ba75dd4cf,C:/Users/ahmad/Desktop/generalFiles/git/weather_markets/weather_data_extraction/bootstrap/hkg_tmax_elite_codex_bootstrap/hkg_tmax_elite_codex/data/_pipeline_internal/raw/gribstream_tactical_full_tactical_backfill_ok_tmax/ifsoper/run_window_utc=20240605_180000_to_20240618_180000/0c1ba75dd4cfffecbb48efdd03fcc1fee2ebf78936636717c0bd20987765a889.ndjson.gz,api_fetched,0,,,
633,ifsoper,completed,200,14,2024-06-19T18:00:00Z,2024-07-02T18:00:00Z,1512,1512,1512,1512,1512,18.89,d6caa9fa4c4eba75453b3c8256b18fc3f193a6a29ed4dc6242d4629b80282e32,full_tactical_backfill_ok_tmax_ifsoper_d6caa9fa4c4e,C:/Users/ahmad/Desktop/generalFiles/git/weather_markets/weather_data_extraction/bootstrap/hkg_tmax_elite_codex_bootstrap/hkg_tmax_elite_codex/data/_pipeline_internal/raw/gribstream_tactical_full_tactical_backfill_ok_tmax/ifsoper/run_window_utc=20240619_180000_to_20240702_180000/d6caa9fa4c4eba75453b3c8256b18fc3f193a6a29ed4dc6242d4629b80282e32.ndjson.gz,api_fetched,0,,,
634,ifsoper,completed,200,14,2024-07-03T18:00:00Z,2024-07-16T18:00:00Z,1512,1512,1512,1512,1512,18.964,7f1a04cdb66a6ab80d9c850b665559ee20b0903ef74fc7b26519370f64a2213e,full_tactical_backfill_ok_tmax_ifsoper_7f1a04cdb66a,C:/Users/ahmad/Desktop/generalFiles/git/weather_markets/weather_data_extraction/bootstrap/hkg_tmax_elite_codex_bootstrap/hkg_tmax_elite_codex/data/_pipeline_internal/raw/gribstream_tactical_full_tactical_backfill_ok_tmax/ifsoper/run_window_utc=20240703_180000_to_20240716_180000/7f1a04cdb66a6ab80d9c850b665559ee20b0903ef74fc7b26519370f64a2213e.ndjson.gz,api_fetched,0,,,
635,ifsoper,completed,200,14,2024-07-17T18:00:00Z,2024-07-30T18:00:00Z,1512,1512,1512,1512,1512,18.796,81f53551d04620daba97e4f1694c5ea5d87172c12dc71eed6daf409d94f27265,full_tactical_backfill_ok_tmax_ifsoper_81f53551d046,C:/Users/ahmad/Desktop/generalFiles/git/weather_markets/weather_data_extraction/bootstrap/hkg_tmax_elite_codex_bootstrap/hkg_tmax_elite_codex/data/_pipeline_internal/raw/gribstream_tactical_full_tactical_backfill_ok_tmax/ifsoper/run_window_utc=20240717_180000_to_20240730_180000/81f53551d04620daba97e4f1694c5ea5d87172c12dc71eed6daf409d94f27265.ndjson.gz,api_fetched,0,,,
636,ifsoper,completed,200,14,2024-07-31T18:00:00Z,2024-08-13T18:00:00Z,1512,1512,1512,1512,1512,19.023,73bd27231eb96744313da50a410098dc93c16da017f5a97ba84a5d7ec850c6a3,full_tactical_backfill_ok_tmax_ifsoper_73bd27231eb9,C:/Users/ahmad/Desktop/generalFiles/git/weather_markets/weather_data_extraction/bootstrap/hkg_tmax_elite_codex_bootstrap/hkg_tmax_elite_codex/data/_pipeline_internal/raw/gribstream_tactical_full_tactical_backfill_ok_tmax/ifsoper/run_window_utc=20240731_180000_to_20240813_180000/73bd27231eb96744313da50a410098dc93c16da017f5a97ba84a5d7ec850c6a3.ndjson.gz,api_fetched,0,,,
637,ifsoper,completed,200,14,2024-08-14T18:00:00Z,2024-08-27T18:00:00Z,1512,1512,1512,1512,1512,19.512,9a57c49eac677eab94bbc9f650366004f49e8f41ffcabc6e448ee401fbdabe94,full_tactical_backfill_ok_tmax_ifsoper_9a57c49eac67,C:/Users/ahmad/Desktop/generalFiles/git/weather_markets/weather_data_extraction/bootstrap/hkg_tmax_elite_codex_bootstrap/hkg_tmax_elite_codex/data/_pipeline_internal/raw/gribstream_tactical_full_tactical_backfill_ok_tmax/ifsoper/run_window_utc=20240814_180000_to_20240827_180000/9a57c49eac677eab94bbc9f650366004f49e8f41ffcabc6e448ee401fbdabe94.ndjson.gz,api_fetched,0,,,
638,ifsoper,completed,200,14,2024-08-28T18:00:00Z,2024-09-10T18:00:00Z,1512,1512,1512,1512,1512,20.035,85850928ad0b720dc773b44388a3f6d144c8759b09fec8efc8896de0de2bc6d0,full_tactical_backfill_ok_tmax_ifsoper_85850928ad0b,C:/Users/ahmad/Desktop/generalFiles/git/weather_markets/weather_data_extraction/bootstrap/hkg_tmax_elite_codex_bootstrap/hkg_tmax_elite_codex/data/_pipeline_internal/raw/gribstream_tactical_full_tactical_backfill_ok_tmax/ifsoper/run_window_utc=20240828_180000_to_20240910_180000/85850928ad0b720dc773b44388a3f6d144c8759b09fec8efc8896de0de2bc6d0.ndjson.gz,api_fetched,0,,,
639,ifsoper,completed,200,14,2024-09-11T18:00:00Z,2024-09-24T18:00:00Z,1512,1512,1512,1512,1512,19.226,153a6e48e2452dc717de9ad973d09c5dc3f54248edb07249afa57d6f71e82090,full_tactical_backfill_ok_tmax_ifsoper_153a6e48e245,C:/Users/ahmad/Desktop/generalFiles/git/weather_markets/weather_data_extraction/bootstrap/hkg_tmax_elite_codex_bootstrap/hkg_tmax_elite_codex/data/_pipeline_internal/raw/gribstream_tactical_full_tactical_backfill_ok_tmax/ifsoper/run_window_utc=20240911_180000_to_20240924_180000/153a6e48e2452dc717de9ad973d09c5dc3f54248edb07249afa57d6f71e82090.ndjson.gz,api_fetched,0,,,
640,ifsoper,completed,200,14,2024-09-25T18:00:00Z,2024-10-08T18:00:00Z,1512,1512,1512,1512,1512,19.273,ea57450c38ad6c8511fda37fb2c42b93c818c00a728a70f50974bf5e816b6bc9,full_tactical_backfill_ok_tmax_ifsoper_ea57450c38ad,C:/Users/ahmad/Desktop/generalFiles/git/weather_markets/weather_data_extraction/bootstrap/hkg_tmax_elite_codex_bootstrap/hkg_tmax_elite_codex/data/_pipeline_internal/raw/gribstream_tactical_full_tactical_backfill_ok_tmax/ifsoper/run_window_utc=20240925_180000_to_20241008_180000/ea57450c38ad6c8511fda37fb2c42b93c818c00a728a70f50974bf5e816b6bc9.ndjson.gz,api_fetched,0,,,
641,ifsoper,completed,200,14,2024-10-09T18:00:00Z,2024-10-22T18:00:00Z,1512,1512,1512,1512,1512,20.16,f3ca5df8dc9ab07d87bcedadfe3ae45a6851be191143848ef6d8f424c624f331,full_tactical_backfill_ok_tmax_ifsoper_f3ca5df8dc9a,C:/Users/ahmad/Desktop/generalFiles/git/weather_markets/weather_data_extraction/bootstrap/hkg_tmax_elite_codex_bootstrap/hkg_tmax_elite_codex/data/_pipeline_internal/raw/gribstream_tactical_full_tactical_backfill_ok_tmax/ifsoper/run_window_utc=20241009_180000_to_20241022_180000/f3ca5df8dc9ab07d87bcedadfe3ae45a6851be191143848ef6d8f424c624f331.ndjson.gz,api_fetched,0,,,
642,ifsoper,completed,200,14,2024-10-23T18:00:00Z,2024-11-05T18:00:00Z,1512,1512,1512,1512,1512,20.111,6406733a636c5d9c17add0e274f3f656e86c8b59e4dd152255a2de172d9f1447,full_tactical_backfill_ok_tmax_ifsoper_6406733a636c,C:/Users/ahmad/Desktop/generalFiles/git/weather_markets/weather_data_extraction/bootstrap/hkg_tmax_elite_codex_bootstrap/hkg_tmax_elite_codex/data/_pipeline_internal/raw/gribstream_tactical_full_tactical_backfill_ok_tmax/ifsoper/run_window_utc=20241023_180000_to_20241105_180000/6406733a636c5d9c17add0e274f3f656e86c8b59e4dd152255a2de172d9f1447.ndjson.gz,api_fetched,0,,,
643,ifsoper,completed,200,14,2024-11-06T18:00:00Z,2024-11-19T18:00:00Z,1512,1512,1512,1512,1512,20.175,201c8dc0e56c7a540bf1c4e10567c84b561bede519c44e8f522046d25421aae6,full_tactical_backfill_ok_tmax_ifsoper_201c8dc0e56c,C:/Users/ahmad/Desktop/generalFiles/git/weather_markets/weather_data_extraction/bootstrap/hkg_tmax_elite_codex_bootstrap/hkg_tmax_elite_codex/data/_pipeline_internal/raw/gribstream_tactical_full_tactical_backfill_ok_tmax/ifsoper/run_window_utc=20241106_180000_to_20241119_180000/201c8dc0e56c7a540bf1c4e10567c84b561bede519c44e8f522046d25421aae6.ndjson.gz,api_fetched,0,,,
644,ifsoper,completed,200,14,2024-11-20T18:00:00Z,2024-12-03T18:00:00Z,1512,1512,1512,1512,1512,21.54,26e3769a0adfbde607a7274b764de9d40bca33b8f08eb1d4d64fdc1b9199259e,full_tactical_backfill_ok_tmax_ifsoper_26e3769a0adf,C:/Users/ahmad/Desktop/generalFiles/git/weather_markets/weather_data_extraction/bootstrap/hkg_tmax_elite_codex_bootstrap/hkg_tmax_elite_codex/data/_pipeline_internal/raw/gribstream_tactical_full_tactical_backfill_ok_tmax/ifsoper/run_window_utc=20241120_180000_to_20241203_180000/26e3769a0adfbde607a7274b764de9d40bca33b8f08eb1d4d64fdc1b9199259e.ndjson.gz,api_fetched,0,,,
645,ifsoper,completed,200,14,2024-12-04T18:00:00Z,2024-12-17T18:00:00Z,1512,1512,1512,1512,1512,21.577,16d232b02d402b638d8f1a73c04543fc17553b97552e4affbf46d9ddcb9387bb,full_tactical_backfill_ok_tmax_ifsoper_16d232b02d40,C:/Users/ahmad/Desktop/generalFiles/git/weather_markets/weather_data_extraction/bootstrap/hkg_tmax_elite_codex_bootstrap/hkg_tmax_elite_codex/data/_pipeline_internal/raw/gribstream_tactical_full_tactical_backfill_ok_tmax/ifsoper/run_window_utc=20241204_180000_to_20241217_180000/16d232b02d402b638d8f1a73c04543fc17553b97552e4affbf46d9ddcb9387bb.ndjson.gz,api_fetched,0,,,
646,ifsoper,completed,200,14,2024-12-18T18:00:00Z,2024-12-31T18:00:00Z,1512,1512,1512,1512,1512,21.235,8f70ba07ebfe496a5d629867587cff481ad4d0e33c3a914041d3cc434b1b188f,full_tactical_backfill_ok_tmax_ifsoper_8f70ba07ebfe,C:/Users/ahmad/Desktop/generalFiles/git/weather_markets/weather_data_extraction/bootstrap/hkg_tmax_elite_codex_bootstrap/hkg_tmax_elite_codex/data/_pipeline_internal/raw/gribstream_tactical_full_tactical_backfill_ok_tmax/ifsoper/run_window_utc=20241218_180000_to_20241231_180000/8f70ba07ebfe496a5d629867587cff481ad4d0e33c3a914041d3cc434b1b188f.ndjson.gz,api_fetched,0,,,
647,ifsoper,completed,200,14,2025-01-01T18:00:00Z,2025-01-14T18:00:00Z,1512,1512,1512,1512,1512,21.164,9270bff47da1c3dec54a94b491f404c308167592da3a9234abc5a767518f65d1,full_tactical_backfill_ok_tmax_ifsoper_9270bff47da1,C:/Users/ahmad/Desktop/generalFiles/git/weather_markets/weather_data_extraction/bootstrap/hkg_tmax_elite_codex_bootstrap/hkg_tmax_elite_codex/data/_pipeline_internal/raw/gribstream_tactical_full_tactical_backfill_ok_tmax/ifsoper/run_window_utc=20250101_180000_to_20250114_180000/9270bff47da1c3dec54a94b491f404c308167592da3a9234abc5a767518f65d1.ndjson.gz,api_fetched,0,,,
648,ifsoper,completed,200,14,2025-01-15T18:00:00Z,2025-01-28T18:00:00Z,1512,1512,1512,1512,1512,20.974,750ba008a3a0940c1a5846bc6a3e9a369ed2a38baf61cf335c1376c3318f2ea2,full_tactical_backfill_ok_tmax_ifsoper_750ba008a3a0,C:/Users/ahmad/Desktop/generalFiles/git/weather_markets/weather_data_extraction/bootstrap/hkg_tmax_elite_codex_bootstrap/hkg_tmax_elite_codex/data/_pipeline_internal/raw/gribstream_tactical_full_tactical_backfill_ok_tmax/ifsoper/run_window_utc=20250115_180000_to_20250128_180000/750ba008a3a0940c1a5846bc6a3e9a369ed2a38baf61cf335c1376c3318f2ea2.ndjson.gz,api_fetched,0,,,
649,ifsoper,completed,200,14,2025-01-29T18:00:00Z,2025-02-11T18:00:00Z,1512,1512,1512,1512,1512,21.018,fe1cfe5ffe8ff7141c5db80050b6b062727168026395c9f26b2a107a107a093e,full_tactical_backfill_ok_tmax_ifsoper_fe1cfe5ffe8f,C:/Users/ahmad/Desktop/generalFiles/git/weather_markets/weather_data_extraction/bootstrap/hkg_tmax_elite_codex_bootstrap/hkg_tmax_elite_codex/data/_pipeline_internal/raw/gribstream_tactical_full_tactical_backfill_ok_tmax/ifsoper/run_window_utc=20250129_180000_to_20250211_180000/fe1cfe5ffe8ff7141c5db80050b6b062727168026395c9f26b2a107a107a093e.ndjson.gz,api_fetched,0,,,
650,ifsoper,completed,200,14,2025-02-12T18:00:00Z,2025-02-25T18:00:00Z,1512,1512,1512,1512,1512,20.364,760643bbe4bf5dc7a2e100dcf599f586385c1764b4f8f2f2fba986618b38ecdb,full_tactical_backfill_ok_tmax_ifsoper_760643bbe4bf,C:/Users/ahmad/Desktop/generalFiles/git/weather_markets/weather_data_extraction/bootstrap/hkg_tmax_elite_codex_bootstrap/hkg_tmax_elite_codex/data/_pipeline_internal/raw/gribstream_tactical_full_tactical_backfill_ok_tmax/ifsoper/run_window_utc=20250212_180000_to_20250225_180000/760643bbe4bf5dc7a2e100dcf599f586385c1764b4f8f2f2fba986618b38ecdb.ndjson.gz,api_fetched,0,,,
651,ifsoper,completed,200,14,2025-02-26T18:00:00Z,2025-03-11T18:00:00Z,1512,1512,1512,1512,1512,20.941,9e12451249fe8e001c6d5ff58e4bd2c9535a603375bd4acc0d4482887642e8de,full_tactical_backfill_ok_tmax_ifsoper_9e12451249fe,C:/Users/ahmad/Desktop/generalFiles/git/weather_markets/weather_data_extraction/bootstrap/hkg_tmax_elite_codex_bootstrap/hkg_tmax_elite_codex/data/_pipeline_internal/raw/gribstream_tactical_full_tactical_backfill_ok_tmax/ifsoper/run_window_utc=20250226_180000_to_20250311_180000/9e12451249fe8e001c6d5ff58e4bd2c9535a603375bd4acc0d4482887642e8de.ndjson.gz,api_fetched,0,,,
652,ifsoper,completed,200,14,2025-03-12T18:00:00Z,2025-03-25T18:00:00Z,1512,1512,1512,1512,1512,21.297,4a41ea8d1487170de0919478ed730988236652540677013f89861cc56c3b5936,full_tactical_backfill_ok_tmax_ifsoper_4a41ea8d1487,C:/Users/ahmad/Desktop/generalFiles/git/weather_markets/weather_data_extraction/bootstrap/hkg_tmax_elite_codex_bootstrap/hkg_tmax_elite_codex/data/_pipeline_internal/raw/gribstream_tactical_full_tactical_backfill_ok_tmax/ifsoper/run_window_utc=20250312_180000_to_20250325_180000/4a41ea8d1487170de0919478ed730988236652540677013f89861cc56c3b5936.ndjson.gz,api_fetched,0,,,
653,ifsoper,completed,200,14,2025-03-26T18:00:00Z,2025-04-08T18:00:00Z,1512,1512,1512,1512,1512,21.129,5ff1913dc52a42eaaad91885495134631dc64a481143c81b55e111f7877c483a,full_tactical_backfill_ok_tmax_ifsoper_5ff1913dc52a,C:/Users/ahmad/Desktop/generalFiles/git/weather_markets/weather_data_extraction/bootstrap/hkg_tmax_elite_codex_bootstrap/hkg_tmax_elite_codex/data/_pipeline_internal/raw/gribstream_tactical_full_tactical_backfill_ok_tmax/ifsoper/run_window_utc=20250326_180000_to_20250408_180000/5ff1913dc52a42eaaad91885495134631dc64a481143c81b55e111f7877c483a.ndjson.gz,api_fetched,0,,,
654,ifsoper,completed,200,14,2025-04-09T18:00:00Z,2025-04-22T18:00:00Z,1512,1512,1512,1512,1512,20.839,63445522ec3b9c3a4fc57660d651001aa46fd1766b94e54c2fabbb9750e44a22,full_tactical_backfill_ok_tmax_ifsoper_63445522ec3b,C:/Users/ahmad/Desktop/generalFiles/git/weather_markets/weather_data_extraction/bootstrap/hkg_tmax_elite_codex_bootstrap/hkg_tmax_elite_codex/data/_pipeline_internal/raw/gribstream_tactical_full_tactical_backfill_ok_tmax/ifsoper/run_window_utc=20250409_180000_to_20250422_180000/63445522ec3b9c3a4fc57660d651001aa46fd1766b94e54c2fabbb9750e44a22.ndjson.gz,api_fetched,0,,,
655,ifsoper,completed,200,14,2025-04-23T18:00:00Z,2025-05-06T18:00:00Z,1512,1512,1512,1512,1512,21.515,3d7ce6f828cbf9de240bd19b321be6fea61f8fda7e5ff260d1087a778e97a749,full_tactical_backfill_ok_tmax_ifsoper_3d7ce6f828cb,C:/Users/ahmad/Desktop/generalFiles/git/weather_markets/weather_data_extraction/bootstrap/hkg_tmax_elite_codex_bootstrap/hkg_tmax_elite_codex/data/_pipeline_internal/raw/gribstream_tactical_full_tactical_backfill_ok_tmax/ifsoper/run_window_utc=20250423_180000_to_20250506_180000/3d7ce6f828cbf9de240bd19b321be6fea61f8fda7e5ff260d1087a778e97a749.ndjson.gz,api_fetched,0,,,
656,ifsoper,completed,200,14,2025-05-07T18:00:00Z,2025-05-20T18:00:00Z,1512,1512,1512,1512,1512,21.145,9c4d9662fb8be4cf698da91d06454262fc5eb7484519bf80eb68215d492424cb,full_tactical_backfill_ok_tmax_ifsoper_9c4d9662fb8b,C:/Users/ahmad/Desktop/generalFiles/git/weather_markets/weather_data_extraction/bootstrap/hkg_tmax_elite_codex_bootstrap/hkg_tmax_elite_codex/data/_pipeline_internal/raw/gribstream_tactical_full_tactical_backfill_ok_tmax/ifsoper/run_window_utc=20250507_180000_to_20250520_180000/9c4d9662fb8be4cf698da91d06454262fc5eb7484519bf80eb68215d492424cb.ndjson.gz,api_fetched,0,,,
657,ifsoper,completed,200,14,2025-05-21T18:00:00Z,2025-06-03T18:00:00Z,1512,1512,1512,1512,1512,21.905,27203a77a903616e22acd4547b4681d999a962dc342749af67dfaa84f4d88102,full_tactical_backfill_ok_tmax_ifsoper_27203a77a903,C:/Users/ahmad/Desktop/generalFiles/git/weather_markets/weather_data_extraction/bootstrap/hkg_tmax_elite_codex_bootstrap/hkg_tmax_elite_codex/data/_pipeline_internal/raw/gribstream_tactical_full_tactical_backfill_ok_tmax/ifsoper/run_window_utc=20250521_180000_to_20250603_180000/27203a77a903616e22acd4547b4681d999a962dc342749af67dfaa84f4d88102.ndjson.gz,api_fetched,0,,,
658,ifsoper,completed,200,14,2025-06-04T18:00:00Z,2025-06-17T18:00:00Z,1512,1512,1512,1512,1512,21.532,771476916a4cdc4baee3aba104c2125711531d4118d2a35dda09f20ede00344c,full_tactical_backfill_ok_tmax_ifsoper_771476916a4c,C:/Users/ahmad/Desktop/generalFiles/git/weather_markets/weather_data_extraction/bootstrap/hkg_tmax_elite_codex_bootstrap/hkg_tmax_elite_codex/data/_pipeline_internal/raw/gribstream_tactical_full_tactical_backfill_ok_tmax/ifsoper/run_window_utc=20250604_180000_to_20250617_180000/771476916a4cdc4baee3aba104c2125711531d4118d2a35dda09f20ede00344c.ndjson.gz,api_fetched,0,,,
659,ifsoper,completed,200,14,2025-06-18T18:00:00Z,2025-07-01T18:00:00Z,1512,1512,1512,1512,1512,21.063,36701a89ee822422930d5f19dba10eec199ce85a6cb56094f9d2e9f9b417524b,full_tactical_backfill_ok_tmax_ifsoper_36701a89ee82,C:/Users/ahmad/Desktop/generalFiles/git/weather_markets/weather_data_extraction/bootstrap/hkg_tmax_elite_codex_bootstrap/hkg_tmax_elite_codex/data/_pipeline_internal/raw/gribstream_tactical_full_tactical_backfill_ok_tmax/ifsoper/run_window_utc=20250618_180000_to_20250701_180000/36701a89ee822422930d5f19dba10eec199ce85a6cb56094f9d2e9f9b417524b.ndjson.gz,api_fetched,0,,,
660,ifsoper,completed,200,14,2025-07-02T18:00:00Z,2025-07-15T18:00:00Z,1512,1512,1512,1512,1512,21.448,a30c2c27cce51fdccdda3a60644bd0b2bceb4131c0b71d763877f89204ff237d,full_tactical_backfill_ok_tmax_ifsoper_a30c2c27cce5,C:/Users/ahmad/Desktop/generalFiles/git/weather_markets/weather_data_extraction/bootstrap/hkg_tmax_elite_codex_bootstrap/hkg_tmax_elite_codex/data/_pipeline_internal/raw/gribstream_tactical_full_tactical_backfill_ok_tmax/ifsoper/run_window_utc=20250702_180000_to_20250715_180000/a30c2c27cce51fdccdda3a60644bd0b2bceb4131c0b71d763877f89204ff237d.ndjson.gz,api_fetched,0,,,
661,ifsoper,completed,200,14,2025-07-16T18:00:00Z,2025-07-29T18:00:00Z,1512,1512,1512,1512,1512,20.986,eca66f8e61a01c4a1072873c76c69b6bb054a83d069553b80a1647e1086a092a,full_tactical_backfill_ok_tmax_ifsoper_eca66f8e61a0,C:/Users/ahmad/Desktop/generalFiles/git/weather_markets/weather_data_extraction/bootstrap/hkg_tmax_elite_codex_bootstrap/hkg_tmax_elite_codex/data/_pipeline_internal/raw/gribstream_tactical_full_tactical_backfill_ok_tmax/ifsoper/run_window_utc=20250716_180000_to_20250729_180000/eca66f8e61a01c4a1072873c76c69b6bb054a83d069553b80a1647e1086a092a.ndjson.gz,api_fetched,0,,,
662,ifsoper,completed,200,14,2025-07-30T18:00:00Z,2025-08-12T18:00:00Z,1512,1512,1512,1512,1512,21.065,2dc85f6442333498037d69ea52832062ef0fcc85c55265ba4f6653e1cd2ca04a,full_tactical_backfill_ok_tmax_ifsoper_2dc85f644233,C:/Users/ahmad/Desktop/generalFiles/git/weather_markets/weather_data_extraction/bootstrap/hkg_tmax_elite_codex_bootstrap/hkg_tmax_elite_codex/data/_pipeline_internal/raw/gribstream_tactical_full_tactical_backfill_ok_tmax/ifsoper/run_window_utc=20250730_180000_to_20250812_180000/2dc85f6442333498037d69ea52832062ef0fcc85c55265ba4f6653e1cd2ca04a.ndjson.gz,api_fetched,0,,,
663,ifsoper,completed,200,14,2025-08-13T18:00:00Z,2025-08-26T18:00:00Z,1512,1512,1512,1512,1512,20.786,598bc4216a2b155aa3e7bd079778a7601ff196d0ec29e27aff716bf5c503b303,full_tactical_backfill_ok_tmax_ifsoper_598bc4216a2b,C:/Users/ahmad/Desktop/generalFiles/git/weather_markets/weather_data_extraction/bootstrap/hkg_tmax_elite_codex_bootstrap/hkg_tmax_elite_codex/data/_pipeline_internal/raw/gribstream_tactical_full_tactical_backfill_ok_tmax/ifsoper/run_window_utc=20250813_180000_to_20250826_180000/598bc4216a2b155aa3e7bd079778a7601ff196d0ec29e27aff716bf5c503b303.ndjson.gz,api_fetched,0,,,
664,ifsoper,completed,200,14,2025-08-27T18:00:00Z,2025-09-09T18:00:00Z,1512,1512,1512,1512,1512,20.583,191e1bf80a5c45cfd79f30a8120a3fbf0f626f79433ed9f3b894e0122b41bdc7,full_tactical_backfill_ok_tmax_ifsoper_191e1bf80a5c,C:/Users/ahmad/Desktop/generalFiles/git/weather_markets/weather_data_extraction/bootstrap/hkg_tmax_elite_codex_bootstrap/hkg_tmax_elite_codex/data/_pipeline_internal/raw/gribstream_tactical_full_tactical_backfill_ok_tmax/ifsoper/run_window_utc=20250827_180000_to_20250909_180000/191e1bf80a5c45cfd79f30a8120a3fbf0f626f79433ed9f3b894e0122b41bdc7.ndjson.gz,api_fetched,0,,,
665,ifsoper,completed,200,14,2025-09-10T18:00:00Z,2025-09-23T18:00:00Z,1512,1512,1512,1512,1512,21.111,750f7501f717d890b6146be4fabd09fa0e31e8f4879f7fc4a69b4d779b590b93,full_tactical_backfill_ok_tmax_ifsoper_750f7501f717,C:/Users/ahmad/Desktop/generalFiles/git/weather_markets/weather_data_extraction/bootstrap/hkg_tmax_elite_codex_bootstrap/hkg_tmax_elite_codex/data/_pipeline_internal/raw/gribstream_tactical_full_tactical_backfill_ok_tmax/ifsoper/run_window_utc=20250910_180000_to_20250923_180000/750f7501f717d890b6146be4fabd09fa0e31e8f4879f7fc4a69b4d779b590b93.ndjson.gz,api_fetched,0,,,
666,ifsoper,completed,200,14,2025-09-24T18:00:00Z,2025-10-07T18:00:00Z,1512,1512,1512,1512,1512,21.034,12c9d28c19d6b1c806dc6d547abe3fde5d6e1bc4de631b07072fe6361896172c,full_tactical_backfill_ok_tmax_ifsoper_12c9d28c19d6,C:/Users/ahmad/Desktop/generalFiles/git/weather_markets/weather_data_extraction/bootstrap/hkg_tmax_elite_codex_bootstrap/hkg_tmax_elite_codex/data/_pipeline_internal/raw/gribstream_tactical_full_tactical_backfill_ok_tmax/ifsoper/run_window_utc=20250924_180000_to_20251007_180000/12c9d28c19d6b1c806dc6d547abe3fde5d6e1bc4de631b07072fe6361896172c.ndjson.gz,api_fetched,0,,,
667,ifsoper,completed,200,14,2025-10-08T18:00:00Z,2025-10-21T18:00:00Z,1512,1512,1512,1512,1512,21.134,bfe95ba7f440c31cd599fc27e1b92a767dea0e7fd748fcffb0975c96e73235f4,full_tactical_backfill_ok_tmax_ifsoper_bfe95ba7f440,C:/Users/ahmad/Desktop/generalFiles/git/weather_markets/weather_data_extraction/bootstrap/hkg_tmax_elite_codex_bootstrap/hkg_tmax_elite_codex/data/_pipeline_internal/raw/gribstream_tactical_full_tactical_backfill_ok_tmax/ifsoper/run_window_utc=20251008_180000_to_20251021_180000/bfe95ba7f440c31cd599fc27e1b92a767dea0e7fd748fcffb0975c96e73235f4.ndjson.gz,api_fetched,0,,,
668,ifsoper,completed,200,14,2025-10-22T18:00:00Z,2025-11-04T18:00:00Z,1512,1512,1512,1512,1512,21.468,4aa99c5c5c552355b59139f987b4d76a950b094b2487be2cc7968766055c728c,full_tactical_backfill_ok_tmax_ifsoper_4aa99c5c5c55,C:/Users/ahmad/Desktop/generalFiles/git/weather_markets/weather_data_extraction/bootstrap/hkg_tmax_elite_codex_bootstrap/hkg_tmax_elite_codex/data/_pipeline_internal/raw/gribstream_tactical_full_tactical_backfill_ok_tmax/ifsoper/run_window_utc=20251022_180000_to_20251104_180000/4aa99c5c5c552355b59139f987b4d76a950b094b2487be2cc7968766055c728c.ndjson.gz,api_fetched,0,,,
669,ifsoper,completed,200,14,2025-11-05T18:00:00Z,2025-11-18T18:00:00Z,1512,1512,1512,1512,1512,20.863,5834f808ebe2785d38997bc0b9da0bd6a86b2719a1118c84546f1d92fd75e5bf,full_tactical_backfill_ok_tmax_ifsoper_5834f808ebe2,C:/Users/ahmad/Desktop/generalFiles/git/weather_markets/weather_data_extraction/bootstrap/hkg_tmax_elite_codex_bootstrap/hkg_tmax_elite_codex/data/_pipeline_internal/raw/gribstream_tactical_full_tactical_backfill_ok_tmax/ifsoper/run_window_utc=20251105_180000_to_20251118_180000/5834f808ebe2785d38997bc0b9da0bd6a86b2719a1118c84546f1d92fd75e5bf.ndjson.gz,api_fetched,0,,,
670,ifsoper,completed,200,14,2025-11-19T18:00:00Z,2025-12-02T18:00:00Z,1512,1512,1512,1512,1512,20.807,0373354dead3d241c0db32ce3dec59a7c72677d786224a337a6e7bd9a64e02d7,full_tactical_backfill_ok_tmax_ifsoper_0373354dead3,C:/Users/ahmad/Desktop/generalFiles/git/weather_markets/weather_data_extraction/bootstrap/hkg_tmax_elite_codex_bootstrap/hkg_tmax_elite_codex/data/_pipeline_internal/raw/gribstream_tactical_full_tactical_backfill_ok_tmax/ifsoper/run_window_utc=20251119_180000_to_20251202_180000/0373354dead3d241c0db32ce3dec59a7c72677d786224a337a6e7bd9a64e02d7.ndjson.gz,api_fetched,0,,,
671,ifsoper,completed,200,14,2025-12-03T18:00:00Z,2025-12-16T18:00:00Z,1512,1512,1512,1512,1512,21.037,2d3da49d6d9ad27da53a9df61a5b867a9f6424caf7f43acc9f73dcfd2ae03682,full_tactical_backfill_ok_tmax_ifsoper_2d3da49d6d9a,C:/Users/ahmad/Desktop/generalFiles/git/weather_markets/weather_data_extraction/bootstrap/hkg_tmax_elite_codex_bootstrap/hkg_tmax_elite_codex/data/_pipeline_internal/raw/gribstream_tactical_full_tactical_backfill_ok_tmax/ifsoper/run_window_utc=20251203_180000_to_20251216_180000/2d3da49d6d9ad27da53a9df61a5b867a9f6424caf7f43acc9f73dcfd2ae03682.ndjson.gz,api_fetched,0,,,
672,ifsoper,completed,200,14,2025-12-17T18:00:00Z,2025-12-30T18:00:00Z,1512,1512,1512,1512,1512,21.065,f1f110ac72e2f30d8213e73adadf2644d458ae00a801af08c6d2c5428882bbc3,full_tactical_backfill_ok_tmax_ifsoper_f1f110ac72e2,C:/Users/ahmad/Desktop/generalFiles/git/weather_markets/weather_data_extraction/bootstrap/hkg_tmax_elite_codex_bootstrap/hkg_tmax_elite_codex/data/_pipeline_internal/raw/gribstream_tactical_full_tactical_backfill_ok_tmax/ifsoper/run_window_utc=20251217_180000_to_20251230_180000/f1f110ac72e2f30d8213e73adadf2644d458ae00a801af08c6d2c5428882bbc3.ndjson.gz,api_fetched,0,,,
673,ifsoper,completed,200,14,2025-12-31T18:00:00Z,2026-01-13T18:00:00Z,1512,1512,1512,1512,1512,21.277,d9afceaa069bf66a5dac43b7a269265615a05e0a5274e4746b194e83f6a5d95a,full_tactical_backfill_ok_tmax_ifsoper_d9afceaa069b,C:/Users/ahmad/Desktop/generalFiles/git/weather_markets/weather_data_extraction/bootstrap/hkg_tmax_elite_codex_bootstrap/hkg_tmax_elite_codex/data/_pipeline_internal/raw/gribstream_tactical_full_tactical_backfill_ok_tmax/ifsoper/run_window_utc=20251231_180000_to_20260113_180000/d9afceaa069bf66a5dac43b7a269265615a05e0a5274e4746b194e83f6a5d95a.ndjson.gz,api_fetched,0,,,
674,ifsoper,completed,200,14,2026-01-14T18:00:00Z,2026-01-27T18:00:00Z,1512,1512,1512,1512,1512,20.803,1153e9319785577763a241f5b0ef559a1f10c2c5c43ef03848e39aefc172ea56,full_tactical_backfill_ok_tmax_ifsoper_1153e9319785,C:/Users/ahmad/Desktop/generalFiles/git/weather_markets/weather_data_extraction/bootstrap/hkg_tmax_elite_codex_bootstrap/hkg_tmax_elite_codex/data/_pipeline_internal/raw/gribstream_tactical_full_tactical_backfill_ok_tmax/ifsoper/run_window_utc=20260114_180000_to_20260127_180000/1153e9319785577763a241f5b0ef559a1f10c2c5c43ef03848e39aefc172ea56.ndjson.gz,api_fetched,0,,,
675,ifsoper,completed,200,14,2026-01-28T18:00:00Z,2026-02-10T18:00:00Z,1512,1512,1512,1512,1512,20.511,552b852126a62612fe1608b7ead0ff8e4841181ffbb868f0e466abc58fe4c682,full_tactical_backfill_ok_tmax_ifsoper_552b852126a6,C:/Users/ahmad/Desktop/generalFiles/git/weather_markets/weather_data_extraction/bootstrap/hkg_tmax_elite_codex_bootstrap/hkg_tmax_elite_codex/data/_pipeline_internal/raw/gribstream_tactical_full_tactical_backfill_ok_tmax/ifsoper/run_window_utc=20260128_180000_to_20260210_180000/552b852126a62612fe1608b7ead0ff8e4841181ffbb868f0e466abc58fe4c682.ndjson.gz,api_fetched,0,,,
676,ifsoper,completed,200,14,2026-02-11T18:00:00Z,2026-02-24T18:00:00Z,1512,1512,1512,1512,1512,20.143,32f9f50582dbc38a9afeb4b490c5f55008528fe7ca37ebabd53c4203d06c9978,full_tactical_backfill_ok_tmax_ifsoper_32f9f50582db,C:/Users/ahmad/Desktop/generalFiles/git/weather_markets/weather_data_extraction/bootstrap/hkg_tmax_elite_codex_bootstrap/hkg_tmax_elite_codex/data/_pipeline_internal/raw/gribstream_tactical_full_tactical_backfill_ok_tmax/ifsoper/run_window_utc=20260211_180000_to_20260224_180000/32f9f50582dbc38a9afeb4b490c5f55008528fe7ca37ebabd53c4203d06c9978.ndjson.gz,api_fetched,0,,,
677,ifsoper,completed,200,14,2026-02-25T18:00:00Z,2026-03-10T18:00:00Z,1512,1512,1512,1512,1512,20.56,ebab9fe48c13ebb92d034cd8e18fd0d76a3bfde7e1e899ff9a73b0489f9c0727,full_tactical_backfill_ok_tmax_ifsoper_ebab9fe48c13,C:/Users/ahmad/Desktop/generalFiles/git/weather_markets/weather_data_extraction/bootstrap/hkg_tmax_elite_codex_bootstrap/hkg_tmax_elite_codex/data/_pipeline_internal/raw/gribstream_tactical_full_tactical_backfill_ok_tmax/ifsoper/run_window_utc=20260225_180000_to_20260310_180000/ebab9fe48c13ebb92d034cd8e18fd0d76a3bfde7e1e899ff9a73b0489f9c0727.ndjson.gz,api_fetched,0,,,
678,ifsoper,completed,200,14,2026-03-11T18:00:00Z,2026-03-24T18:00:00Z,1512,1512,1512,1512,1512,20.843,16ad3f9df33c2a3928c1a4227bfc9af4ff6a9c490dd5648f70073b033160bbc1,full_tactical_backfill_ok_tmax_ifsoper_16ad3f9df33c,C:/Users/ahmad/Desktop/generalFiles/git/weather_markets/weather_data_extraction/bootstrap/hkg_tmax_elite_codex_bootstrap/hkg_tmax_elite_codex/data/_pipeline_internal/raw/gribstream_tactical_full_tactical_backfill_ok_tmax/ifsoper/run_window_utc=20260311_180000_to_20260324_180000/16ad3f9df33c2a3928c1a4227bfc9af4ff6a9c490dd5648f70073b033160bbc1.ndjson.gz,api_fetched,0,,,
679,ifsoper,completed,200,14,2026-03-25T18:00:00Z,2026-04-07T18:00:00Z,1512,1512,1512,1512,1512,20.778,a2bc90930f4b80db60f56103bcea06ca655b44291243e8ad0d666efc6a2c16c4,full_tactical_backfill_ok_tmax_ifsoper_a2bc90930f4b,C:/Users/ahmad/Desktop/generalFiles/git/weather_markets/weather_data_extraction/bootstrap/hkg_tmax_elite_codex_bootstrap/hkg_tmax_elite_codex/data/_pipeline_internal/raw/gribstream_tactical_full_tactical_backfill_ok_tmax/ifsoper/run_window_utc=20260325_180000_to_20260407_180000/a2bc90930f4b80db60f56103bcea06ca655b44291243e8ad0d666efc6a2c16c4.ndjson.gz,api_fetched,0,,,
680,ifsoper,completed,200,14,2026-04-08T18:00:00Z,2026-04-21T18:00:00Z,1512,1512,1512,1512,1512,20.421,2119277c98df90ab7ecfcf0d92bf123bc2e9cc77feda5f4fd41ca25f3448c2f0,full_tactical_backfill_ok_tmax_ifsoper_2119277c98df,C:/Users/ahmad/Desktop/generalFiles/git/weather_markets/weather_data_extraction/bootstrap/hkg_tmax_elite_codex_bootstrap/hkg_tmax_elite_codex/data/_pipeline_internal/raw/gribstream_tactical_full_tactical_backfill_ok_tmax/ifsoper/run_window_utc=20260408_180000_to_20260421_180000/2119277c98df90ab7ecfcf0d92bf123bc2e9cc77feda5f4fd41ca25f3448c2f0.ndjson.gz,api_fetched,0,,,
681,ifsoper,completed,200,14,2026-04-22T18:00:00Z,2026-05-05T18:00:00Z,1512,1512,1512,1512,1512,20.669,d172b92c6e08a6e9fde2de3bd826fb22ea03f8cbe60bbf00cd9a09a9edcdc43c,full_tactical_backfill_ok_tmax_ifsoper_d172b92c6e08,C:/Users/ahmad/Desktop/generalFiles/git/weather_markets/weather_data_extraction/bootstrap/hkg_tmax_elite_codex_bootstrap/hkg_tmax_elite_codex/data/_pipeline_internal/raw/gribstream_tactical_full_tactical_backfill_ok_tmax/ifsoper/run_window_utc=20260422_180000_to_20260505_180000/d172b92c6e08a6e9fde2de3bd826fb22ea03f8cbe60bbf00cd9a09a9edcdc43c.ndjson.gz,api_fetched,0,,,
682,ifsoper,completed,200,14,2026-05-06T18:00:00Z,2026-05-19T18:00:00Z,1512,1512,1512,1512,1512,20.045,e1e3f6dfbffec5aef718ee5c642b008cb1ad5328ce51bca90de5ca295efe92a4,full_tactical_backfill_ok_tmax_ifsoper_e1e3f6dfbffe,C:/Users/ahmad/Desktop/generalFiles/git/weather_markets/weather_data_extraction/bootstrap/hkg_tmax_elite_codex_bootstrap/hkg_tmax_elite_codex/data/_pipeline_internal/raw/gribstream_tactical_full_tactical_backfill_ok_tmax/ifsoper/run_window_utc=20260506_180000_to_20260519_180000/e1e3f6dfbffec5aef718ee5c642b008cb1ad5328ce51bca90de5ca295efe92a4.ndjson.gz,api_fetched,0,,,
683,ifsoper,completed,200,14,2026-05-20T18:00:00Z,2026-06-02T18:00:00Z,1512,1512,1512,1512,1512,37.995,09b30c3bd9d7b9551ef4b28bbe0cfa4f47a497847f5f252ee8206b84ac85acb5,full_tactical_backfill_ok_tmax_ifsoper_09b30c3bd9d7,C:/Users/ahmad/Desktop/generalFiles/git/weather_markets/weather_data_extraction/bootstrap/hkg_tmax_elite_codex_bootstrap/hkg_tmax_elite_codex/data/_pipeline_internal/raw/gribstream_tactical_full_tactical_backfill_ok_tmax/ifsoper/run_window_utc=20260520_180000_to_20260602_180000/09b30c3bd9d7b9551ef4b28bbe0cfa4f47a497847f5f252ee8206b84ac85acb5.ndjson.gz,api_fetched,0,,,
684,ifsoper,completed,200,14,2026-06-03T18:00:00Z,2026-06-16T18:00:00Z,1512,1512,1512,1512,1512,66.007,66e5614133496e65001bfcec1ad411c01dbe49dfe94bf631c27d06e263bf7f63,full_tactical_backfill_ok_tmax_ifsoper_66e561413349,C:/Users/ahmad/Desktop/generalFiles/git/weather_markets/weather_data_extraction/bootstrap/hkg_tmax_elite_codex_bootstrap/hkg_tmax_elite_codex/data/_pipeline_internal/raw/gribstream_tactical_full_tactical_backfill_ok_tmax/ifsoper/run_window_utc=20260603_180000_to_20260616_180000/66e5614133496e65001bfcec1ad411c01dbe49dfe94bf631c27d06e263bf7f63.ndjson.gz,api_fetched,0,,,
685,ifsoper,completed,200,5,2026-06-17T18:00:00Z,2026-06-21T18:00:00Z,540,540,540,540,540,11.961,48e56128fd75f86ad030106aca890d4d54e4373e9122eceb7dcea523cd985a18,full_tactical_backfill_ok_tmax_ifsoper_48e56128fd75,C:/Users/ahmad/Desktop/generalFiles/git/weather_markets/weather_data_extraction/bootstrap/hkg_tmax_elite_codex_bootstrap/hkg_tmax_elite_codex/data/_pipeline_internal/raw/gribstream_tactical_full_tactical_backfill_ok_tmax/ifsoper/run_window_utc=20260617_180000_to_20260621_180000/48e56128fd75f86ad030106aca890d4d54e4373e9122eceb7dcea523cd985a18.ndjson.gz,api_fetched,0,,,
686,ifsenfo,completed,200,5,2024-03-01T18:00:00Z,2024-03-05T18:00:00Z,2040,2040,2040,2040,2040,23.429,94aaf52757dec39076c03def082d30aae9555d25ba6208cd4f3232eb7ee7162f,batch_smoke_10w_ifsenfo_94aaf52757de,C:/Users/ahmad/Desktop/generalFiles/git/weather_markets/weather_data_extraction/bootstrap/hkg_tmax_elite_codex_bootstrap/hkg_tmax_elite_codex/data/_pipeline_internal/raw/gribstream_tactical_full_tactical_backfill_ok_tmax/ifsenfo/run_window_utc=20240301_180000_to_20240305_180000/94aaf52757dec39076c03def082d30aae9555d25ba6208cd4f3232eb7ee7162f.ndjson.gz,api_fetched,0,,,
687,ifsenfo,completed,200,5,2024-03-06T18:00:00Z,2024-03-10T18:00:00Z,2040,2040,2040,2040,2040,24.245,03c25cc45c935df0a1f90b4e7ac6b019791d7c8a41c126af9fb365535b93c5c3,batch_smoke_10w_ifsenfo_03c25cc45c93,C:/Users/ahmad/Desktop/generalFiles/git/weather_markets/weather_data_extraction/bootstrap/hkg_tmax_elite_codex_bootstrap/hkg_tmax_elite_codex/data/_pipeline_internal/raw/gribstream_tactical_full_tactical_backfill_ok_tmax/ifsenfo/run_window_utc=20240306_180000_to_20240310_180000/03c25cc45c935df0a1f90b4e7ac6b019791d7c8a41c126af9fb365535b93c5c3.ndjson.gz,api_fetched,0,,,
688,ifsenfo,completed,200,5,2024-03-11T18:00:00Z,2024-03-15T18:00:00Z,2040,2040,2040,2040,2040,24.108,ff9d0af42595ec3569d1b6fa18dbd5a7aace131f8569846a96089fa469c4bb06,batch_smoke_10w_ifsenfo_ff9d0af42595,C:/Users/ahmad/Desktop/generalFiles/git/weather_markets/weather_data_extraction/bootstrap/hkg_tmax_elite_codex_bootstrap/hkg_tmax_elite_codex/data/_pipeline_internal/raw/gribstream_tactical_full_tactical_backfill_ok_tmax/ifsenfo/run_window_utc=20240311_180000_to_20240315_180000/ff9d0af42595ec3569d1b6fa18dbd5a7aace131f8569846a96089fa469c4bb06.ndjson.gz,api_fetched,0,,,
689,ifsenfo,completed,200,5,2024-03-16T18:00:00Z,2024-03-20T18:00:00Z,2040,2040,2040,2040,2040,24.697,d47b68dce12da6fddeb104320e2263a685e5718acd74d66dadcdbafe212079b8,batch_smoke_10w_ifsenfo_d47b68dce12d,C:/Users/ahmad/Desktop/generalFiles/git/weather_markets/weather_data_extraction/bootstrap/hkg_tmax_elite_codex_bootstrap/hkg_tmax_elite_codex/data/_pipeline_internal/raw/gribstream_tactical_full_tactical_backfill_ok_tmax/ifsenfo/run_window_utc=20240316_180000_to_20240320_180000/d47b68dce12da6fddeb104320e2263a685e5718acd74d66dadcdbafe212079b8.ndjson.gz,api_fetched,0,,,
690,ifsenfo,completed,200,5,2024-03-21T18:00:00Z,2024-03-25T18:00:00Z,2040,2040,2040,2040,2040,24.9,f1253f48b04c39b7bad11ee0fd3c45c843b7da3edfe3e2e40126d28317d2a344,batch_smoke_10w_ifsenfo_f1253f48b04c,C:/Users/ahmad/Desktop/generalFiles/git/weather_markets/weather_data_extraction/bootstrap/hkg_tmax_elite_codex_bootstrap/hkg_tmax_elite_codex/data/_pipeline_internal/raw/gribstream_tactical_full_tactical_backfill_ok_tmax/ifsenfo/run_window_utc=20240321_180000_to_20240325_180000/f1253f48b04c39b7bad11ee0fd3c45c843b7da3edfe3e2e40126d28317d2a344.ndjson.gz,api_fetched,0,,,
691,ifsenfo,completed,200,5,2024-03-26T18:00:00Z,2024-03-30T18:00:00Z,2040,2040,2040,2040,2040,24.474,c3041a8b12475bd9cf9783ea0ec5e96763d4c44ea8f14fda617ca17d2c6d2759,batch_smoke_10w_ifsenfo_c3041a8b1247,C:/Users/ahmad/Desktop/generalFiles/git/weather_markets/weather_data_extraction/bootstrap/hkg_tmax_elite_codex_bootstrap/hkg_tmax_elite_codex/data/_pipeline_internal/raw/gribstream_tactical_full_tactical_backfill_ok_tmax/ifsenfo/run_window_utc=20240326_180000_to_20240330_180000/c3041a8b12475bd9cf9783ea0ec5e96763d4c44ea8f14fda617ca17d2c6d2759.ndjson.gz,api_fetched,0,,,
692,ifsenfo,completed,200,5,2024-03-31T18:00:00Z,2024-04-04T18:00:00Z,2040,2040,2040,2040,2040,24.598,849a63b748e407f3e3e40f4e1ba99c842c3bde760ec16f39f548b016f0dcba29,batch_smoke_10w_ifsenfo_849a63b748e4,C:/Users/ahmad/Desktop/generalFiles/git/weather_markets/weather_data_extraction/bootstrap/hkg_tmax_elite_codex_bootstrap/hkg_tmax_elite_codex/data/_pipeline_internal/raw/gribstream_tactical_full_tactical_backfill_ok_tmax/ifsenfo/run_window_utc=20240331_180000_to_20240404_180000/849a63b748e407f3e3e40f4e1ba99c842c3bde760ec16f39f548b016f0dcba29.ndjson.gz,api_fetched,0,,,
693,ifsenfo,completed,200,5,2024-04-05T18:00:00Z,2024-04-09T18:00:00Z,2040,2040,2040,2040,2040,24.589,c70ffe645430f5b207f44caf35fdca2fee477f7c73cb478302b644ddf3b1e486,batch_smoke_10w_ifsenfo_c70ffe645430,C:/Users/ahmad/Desktop/generalFiles/git/weather_markets/weather_data_extraction/bootstrap/hkg_tmax_elite_codex_bootstrap/hkg_tmax_elite_codex/data/_pipeline_internal/raw/gribstream_tactical_full_tactical_backfill_ok_tmax/ifsenfo/run_window_utc=20240405_180000_to_20240409_180000/c70ffe645430f5b207f44caf35fdca2fee477f7c73cb478302b644ddf3b1e486.ndjson.gz,api_fetched,0,,,
694,ifsenfo,completed,200,5,2024-04-10T18:00:00Z,2024-04-14T18:00:00Z,2040,2040,2040,2040,2040,24.795,09b6e03420260f6d5a77b9480f67b2a74697c05d65168e12a1ebfd4401614ddc,batch_smoke_10w_ifsenfo_09b6e0342026,C:/Users/ahmad/Desktop/generalFiles/git/weather_markets/weather_data_extraction/bootstrap/hkg_tmax_elite_codex_bootstrap/hkg_tmax_elite_codex/data/_pipeline_internal/raw/gribstream_tactical_full_tactical_backfill_ok_tmax/ifsenfo/run_window_utc=20240410_180000_to_20240414_180000/09b6e03420260f6d5a77b9480f67b2a74697c05d65168e12a1ebfd4401614ddc.ndjson.gz,api_fetched,0,,,
695,ifsenfo,completed,200,5,2024-04-15T18:00:00Z,2024-04-19T18:00:00Z,2040,2040,2040,2040,2040,24.296,9c428fba84dff5195170a1be9011420fbd4816b94ed655d31154862e9908920f,batch_smoke_10w_ifsenfo_9c428fba84df,C:/Users/ahmad/Desktop/generalFiles/git/weather_markets/weather_data_extraction/bootstrap/hkg_tmax_elite_codex_bootstrap/hkg_tmax_elite_codex/data/_pipeline_internal/raw/gribstream_tactical_full_tactical_backfill_ok_tmax/ifsenfo/run_window_utc=20240415_180000_to_20240419_180000/9c428fba84dff5195170a1be9011420fbd4816b94ed655d31154862e9908920f.ndjson.gz,api_fetched,0,,,
696,ifsenfo,completed,200,5,2024-04-20T18:00:00Z,2024-04-24T18:00:00Z,2040,2040,2040,2040,2040,24.147,fda2420cca7ff93b78c89c2fe98e017dff466be0edbb4ad68b16b3dc751ce582,batch_smoke_10w_ifsenfo_fda2420cca7f,C:/Users/ahmad/Desktop/generalFiles/git/weather_markets/weather_data_extraction/bootstrap/hkg_tmax_elite_codex_bootstrap/hkg_tmax_elite_codex/data/_pipeline_internal/raw/gribstream_tactical_full_tactical_backfill_ok_tmax/ifsenfo/run_window_utc=20240420_180000_to_20240424_180000/fda2420cca7ff93b78c89c2fe98e017dff466be0edbb4ad68b16b3dc751ce582.ndjson.gz,api_fetched,0,,,
697,ifsenfo,completed,200,5,2024-04-25T18:00:00Z,2024-04-29T18:00:00Z,2040,2040,2040,2040,2040,24.453,7ad4ac01383abf5becec18cb453f1610ead0966b2ba11906c667913e639d35e7,batch_smoke_10w_ifsenfo_7ad4ac01383a,C:/Users/ahmad/Desktop/generalFiles/git/weather_markets/weather_data_extraction/bootstrap/hkg_tmax_elite_codex_bootstrap/hkg_tmax_elite_codex/data/_pipeline_internal/raw/gribstream_tactical_full_tactical_backfill_ok_tmax/ifsenfo/run_window_utc=20240425_180000_to_20240429_180000/7ad4ac01383abf5becec18cb453f1610ead0966b2ba11906c667913e639d35e7.ndjson.gz,api_fetched,0,,,
698,ifsenfo,completed,200,5,2024-04-30T18:00:00Z,2024-05-04T18:00:00Z,2040,2040,2040,2040,2040,23.963,84110a02e50ae9be6568cf4d6c3e3874f4b73ae170a4841eb43d739b73afac34,batch_smoke_10w_ifsenfo_84110a02e50a,C:/Users/ahmad/Desktop/generalFiles/git/weather_markets/weather_data_extraction/bootstrap/hkg_tmax_elite_codex_bootstrap/hkg_tmax_elite_codex/data/_pipeline_internal/raw/gribstream_tactical_full_tactical_backfill_ok_tmax/ifsenfo/run_window_utc=20240430_180000_to_20240504_180000/84110a02e50ae9be6568cf4d6c3e3874f4b73ae170a4841eb43d739b73afac34.ndjson.gz,api_fetched,0,,,
699,ifsenfo,completed,200,5,2024-05-05T18:00:00Z,2024-05-09T18:00:00Z,2040,2040,2040,2040,2040,24.224,c529b790c63e376fa9a5fbb231e50db16245caf755565a06c93662690d602d66,batch_smoke_10w_ifsenfo_c529b790c63e,C:/Users/ahmad/Desktop/generalFiles/git/weather_markets/weather_data_extraction/bootstrap/hkg_tmax_elite_codex_bootstrap/hkg_tmax_elite_codex/data/_pipeline_internal/raw/gribstream_tactical_full_tactical_backfill_ok_tmax/ifsenfo/run_window_utc=20240505_180000_to_20240509_180000/c529b790c63e376fa9a5fbb231e50db16245caf755565a06c93662690d602d66.ndjson.gz,api_fetched,0,,,
700,ifsenfo,completed,200,5,2024-05-10T18:00:00Z,2024-05-14T18:00:00Z,2040,2040,2040,2040,2040,24.969,6a5c6a6b0b7694eadd1cd9c9c14d47266766a3ed9908f317db272e5bcede0378,full_tactical_backfill_ok_tmax_ifsenfo_6a5c6a6b0b76,C:/Users/ahmad/Desktop/generalFiles/git/weather_markets/weather_data_extraction/bootstrap/hkg_tmax_elite_codex_bootstrap/hkg_tmax_elite_codex/data/_pipeline_internal/raw/gribstream_tactical_full_tactical_backfill_ok_tmax/ifsenfo/run_window_utc=20240510_180000_to_20240514_180000/6a5c6a6b0b7694eadd1cd9c9c14d47266766a3ed9908f317db272e5bcede0378.ndjson.gz,api_fetched,0,,,
701,ifsenfo,completed,200,5,2024-05-15T18:00:00Z,2024-05-19T18:00:00Z,2040,2040,2040,2040,2040,24.686,eee7b064bc4d06decf67fa95d4b9bb884e32e983ccf69c9015ab0e7a251fc822,full_tactical_backfill_ok_tmax_ifsenfo_eee7b064bc4d,C:/Users/ahmad/Desktop/generalFiles/git/weather_markets/weather_data_extraction/bootstrap/hkg_tmax_elite_codex_bootstrap/hkg_tmax_elite_codex/data/_pipeline_internal/raw/gribstream_tactical_full_tactical_backfill_ok_tmax/ifsenfo/run_window_utc=20240515_180000_to_20240519_180000/eee7b064bc4d06decf67fa95d4b9bb884e32e983ccf69c9015ab0e7a251fc822.ndjson.gz,api_fetched,0,,,
702,ifsenfo,completed,200,5,2024-05-20T18:00:00Z,2024-05-24T18:00:00Z,2040,2040,2040,2040,2040,24.691,31183f834c690f67bfa9302fb87c4db9db692d70de16a02f0a9fdf50637790eb,full_tactical_backfill_ok_tmax_ifsenfo_31183f834c69,C:/Users/ahmad/Desktop/generalFiles/git/weather_markets/weather_data_extraction/bootstrap/hkg_tmax_elite_codex_bootstrap/hkg_tmax_elite_codex/data/_pipeline_internal/raw/gribstream_tactical_full_tactical_backfill_ok_tmax/ifsenfo/run_window_utc=20240520_180000_to_20240524_180000/31183f834c690f67bfa9302fb87c4db9db692d70de16a02f0a9fdf50637790eb.ndjson.gz,api_fetched,0,,,
703,ifsenfo,completed,200,5,2024-05-25T18:00:00Z,2024-05-29T18:00:00Z,2040,2040,2040,2040,2040,24.692,83b0ac5ffcfa27e64f0eba0c3cc556a017d16fff45e41942529810d250f101c7,full_tactical_backfill_ok_tmax_ifsenfo_83b0ac5ffcfa,C:/Users/ahmad/Desktop/generalFiles/git/weather_markets/weather_data_extraction/bootstrap/hkg_tmax_elite_codex_bootstrap/hkg_tmax_elite_codex/data/_pipeline_internal/raw/gribstream_tactical_full_tactical_backfill_ok_tmax/ifsenfo/run_window_utc=20240525_180000_to_20240529_180000/83b0ac5ffcfa27e64f0eba0c3cc556a017d16fff45e41942529810d250f101c7.ndjson.gz,api_fetched,0,,,
704,ifsenfo,completed,200,5,2024-05-30T18:00:00Z,2024-06-03T18:00:00Z,2040,2040,2040,2040,2040,24.708,3d032d1507a27e9fc1a8fd0a1cffe3be3113f5c84dcc09b44021ede922159ebc,full_tactical_backfill_ok_tmax_ifsenfo_3d032d1507a2,C:/Users/ahmad/Desktop/generalFiles/git/weather_markets/weather_data_extraction/bootstrap/hkg_tmax_elite_codex_bootstrap/hkg_tmax_elite_codex/data/_pipeline_internal/raw/gribstream_tactical_full_tactical_backfill_ok_tmax/ifsenfo/run_window_utc=20240530_180000_to_20240603_180000/3d032d1507a27e9fc1a8fd0a1cffe3be3113f5c84dcc09b44021ede922159ebc.ndjson.gz,api_fetched,0,,,
705,ifsenfo,completed,200,5,2024-06-04T18:00:00Z,2024-06-08T18:00:00Z,2040,2040,2040,2040,2040,24.713,16d27fc1bc316c1e18d62349e25216a858e6d978b0f408f25aaaed44d57c7668,full_tactical_backfill_ok_tmax_ifsenfo_16d27fc1bc31,C:/Users/ahmad/Desktop/generalFiles/git/weather_markets/weather_data_extraction/bootstrap/hkg_tmax_elite_codex_bootstrap/hkg_tmax_elite_codex/data/_pipeline_internal/raw/gribstream_tactical_full_tactical_backfill_ok_tmax/ifsenfo/run_window_utc=20240604_180000_to_20240608_180000/16d27fc1bc316c1e18d62349e25216a858e6d978b0f408f25aaaed44d57c7668.ndjson.gz,api_fetched,0,,,
706,ifsenfo,completed,200,5,2024-06-09T18:00:00Z,2024-06-13T18:00:00Z,2040,2040,2040,2040,2040,24.663,80bfb604cfff4ee5092856244ecdd8fddbe57ee806c00976f68a74e501ceeaa3,full_tactical_backfill_ok_tmax_ifsenfo_80bfb604cfff,C:/Users/ahmad/Desktop/generalFiles/git/weather_markets/weather_data_extraction/bootstrap/hkg_tmax_elite_codex_bootstrap/hkg_tmax_elite_codex/data/_pipeline_internal/raw/gribstream_tactical_full_tactical_backfill_ok_tmax/ifsenfo/run_window_utc=20240609_180000_to_20240613_180000/80bfb604cfff4ee5092856244ecdd8fddbe57ee806c00976f68a74e501ceeaa3.ndjson.gz,api_fetched,0,,,
707,ifsenfo,completed,200,5,2024-06-14T18:00:00Z,2024-06-18T18:00:00Z,2040,2040,2040,2040,2040,24.457,b775266fc4611eae5a4d2528c87463ba28abca2be580f7be76c0ddcffe8fa784,full_tactical_backfill_ok_tmax_ifsenfo_b775266fc461,C:/Users/ahmad/Desktop/generalFiles/git/weather_markets/weather_data_extraction/bootstrap/hkg_tmax_elite_codex_bootstrap/hkg_tmax_elite_codex/data/_pipeline_internal/raw/gribstream_tactical_full_tactical_backfill_ok_tmax/ifsenfo/run_window_utc=20240614_180000_to_20240618_180000/b775266fc4611eae5a4d2528c87463ba28abca2be580f7be76c0ddcffe8fa784.ndjson.gz,api_fetched,0,,,
708,ifsenfo,completed,200,5,2024-06-19T18:00:00Z,2024-06-23T18:00:00Z,2040,2040,2040,2040,2040,24.502,166c96c09725fff5d14e3d2de76f59d698c76c59d0615fa5f6b9342ea84625b3,full_tactical_backfill_ok_tmax_ifsenfo_166c96c09725,C:/Users/ahmad/Desktop/generalFiles/git/weather_markets/weather_data_extraction/bootstrap/hkg_tmax_elite_codex_bootstrap/hkg_tmax_elite_codex/data/_pipeline_internal/raw/gribstream_tactical_full_tactical_backfill_ok_tmax/ifsenfo/run_window_utc=20240619_180000_to_20240623_180000/166c96c09725fff5d14e3d2de76f59d698c76c59d0615fa5f6b9342ea84625b3.ndjson.gz,api_fetched,0,,,
709,ifsenfo,completed,200,5,2024-06-24T18:00:00Z,2024-06-28T18:00:00Z,2040,2040,2040,2040,2040,23.99,04fcdb384e5480ca260dd1ecaad1e8c196a4c06f5e681db673ca34a75e1c1e7e,full_tactical_backfill_ok_tmax_ifsenfo_04fcdb384e54,C:/Users/ahmad/Desktop/generalFiles/git/weather_markets/weather_data_extraction/bootstrap/hkg_tmax_elite_codex_bootstrap/hkg_tmax_elite_codex/data/_pipeline_internal/raw/gribstream_tactical_full_tactical_backfill_ok_tmax/ifsenfo/run_window_utc=20240624_180000_to_20240628_180000/04fcdb384e5480ca260dd1ecaad1e8c196a4c06f5e681db673ca34a75e1c1e7e.ndjson.gz,api_fetched,0,,,
710,ifsenfo,completed,200,5,2024-06-29T18:00:00Z,2024-07-03T18:00:00Z,2040,2040,2040,2040,2040,24.331,7f009f00ed11656b97c4f9316f79912b8a28323dc322479a652cebba648006d8,full_tactical_backfill_ok_tmax_ifsenfo_7f009f00ed11,C:/Users/ahmad/Desktop/generalFiles/git/weather_markets/weather_data_extraction/bootstrap/hkg_tmax_elite_codex_bootstrap/hkg_tmax_elite_codex/data/_pipeline_internal/raw/gribstream_tactical_full_tactical_backfill_ok_tmax/ifsenfo/run_window_utc=20240629_180000_to_20240703_180000/7f009f00ed11656b97c4f9316f79912b8a28323dc322479a652cebba648006d8.ndjson.gz,api_fetched,0,,,
711,ifsenfo,completed,200,5,2024-07-04T18:00:00Z,2024-07-08T18:00:00Z,2040,2040,2040,2040,2040,23.809,30d91b8762bde24250581d33bf53d1eab02dc830d9bc6f07d9daa242bdfecea9,full_tactical_backfill_ok_tmax_ifsenfo_30d91b8762bd,C:/Users/ahmad/Desktop/generalFiles/git/weather_markets/weather_data_extraction/bootstrap/hkg_tmax_elite_codex_bootstrap/hkg_tmax_elite_codex/data/_pipeline_internal/raw/gribstream_tactical_full_tactical_backfill_ok_tmax/ifsenfo/run_window_utc=20240704_180000_to_20240708_180000/30d91b8762bde24250581d33bf53d1eab02dc830d9bc6f07d9daa242bdfecea9.ndjson.gz,api_fetched,0,,,
712,ifsenfo,completed,200,5,2024-07-09T18:00:00Z,2024-07-13T18:00:00Z,2040,2040,2040,2040,2040,24.781,4123606b6ea53f3279ede36b2a4b5732714700c0d4d455af734420a7b68e63c3,full_tactical_backfill_ok_tmax_ifsenfo_4123606b6ea5,C:/Users/ahmad/Desktop/generalFiles/git/weather_markets/weather_data_extraction/bootstrap/hkg_tmax_elite_codex_bootstrap/hkg_tmax_elite_codex/data/_pipeline_internal/raw/gribstream_tactical_full_tactical_backfill_ok_tmax/ifsenfo/run_window_utc=20240709_180000_to_20240713_180000/4123606b6ea53f3279ede36b2a4b5732714700c0d4d455af734420a7b68e63c3.ndjson.gz,api_fetched,0,,,
713,ifsenfo,completed,200,5,2024-07-14T18:00:00Z,2024-07-18T18:00:00Z,2040,2040,2040,2040,2040,24.214,d6ceb9e02bd354c7bb224dc462f81d03bd256e399fccdb453b3d0694f273f94b,full_tactical_backfill_ok_tmax_ifsenfo_d6ceb9e02bd3,C:/Users/ahmad/Desktop/generalFiles/git/weather_markets/weather_data_extraction/bootstrap/hkg_tmax_elite_codex_bootstrap/hkg_tmax_elite_codex/data/_pipeline_internal/raw/gribstream_tactical_full_tactical_backfill_ok_tmax/ifsenfo/run_window_utc=20240714_180000_to_20240718_180000/d6ceb9e02bd354c7bb224dc462f81d03bd256e399fccdb453b3d0694f273f94b.ndjson.gz,api_fetched,0,,,
714,ifsenfo,completed,200,5,2024-07-19T18:00:00Z,2024-07-23T18:00:00Z,2040,2040,2040,2040,2040,24.32,98eff73c3b0ced112d1c13d95d3228c967456b04985cbf9def1148023e5c0b48,full_tactical_backfill_ok_tmax_ifsenfo_98eff73c3b0c,C:/Users/ahmad/Desktop/generalFiles/git/weather_markets/weather_data_extraction/bootstrap/hkg_tmax_elite_codex_bootstrap/hkg_tmax_elite_codex/data/_pipeline_internal/raw/gribstream_tactical_full_tactical_backfill_ok_tmax/ifsenfo/run_window_utc=20240719_180000_to_20240723_180000/98eff73c3b0ced112d1c13d95d3228c967456b04985cbf9def1148023e5c0b48.ndjson.gz,api_fetched,0,,,
715,ifsenfo,completed,200,5,2024-07-24T18:00:00Z,2024-07-28T18:00:00Z,2040,2040,2040,2040,2040,24.098,e0454457aa6ad96513e20a1fec397b4ef13a4de3fef493964663d840750a8443,full_tactical_backfill_ok_tmax_ifsenfo_e0454457aa6a,C:/Users/ahmad/Desktop/generalFiles/git/weather_markets/weather_data_extraction/bootstrap/hkg_tmax_elite_codex_bootstrap/hkg_tmax_elite_codex/data/_pipeline_internal/raw/gribstream_tactical_full_tactical_backfill_ok_tmax/ifsenfo/run_window_utc=20240724_180000_to_20240728_180000/e0454457aa6ad96513e20a1fec397b4ef13a4de3fef493964663d840750a8443.ndjson.gz,api_fetched,0,,,
716,ifsenfo,completed,200,5,2024-07-29T18:00:00Z,2024-08-02T18:00:00Z,2040,2040,2040,2040,2040,24.529,38e9a1dd8b8879ebdc6e22d26b0d865d7a5a59eec14140ad2c1349ee38f91572,full_tactical_backfill_ok_tmax_ifsenfo_38e9a1dd8b88,C:/Users/ahmad/Desktop/generalFiles/git/weather_markets/weather_data_extraction/bootstrap/hkg_tmax_elite_codex_bootstrap/hkg_tmax_elite_codex/data/_pipeline_internal/raw/gribstream_tactical_full_tactical_backfill_ok_tmax/ifsenfo/run_window_utc=20240729_180000_to_20240802_180000/38e9a1dd8b8879ebdc6e22d26b0d865d7a5a59eec14140ad2c1349ee38f91572.ndjson.gz,api_fetched,0,,,
717,ifsenfo,completed,200,5,2024-08-03T18:00:00Z,2024-08-07T18:00:00Z,2040,2040,2040,2040,2040,24.288,c96296efd43e387c7591efb4f7ec9c5d2b42d9c412d8dfd6789a930a034c66b6,full_tactical_backfill_ok_tmax_ifsenfo_c96296efd43e,C:/Users/ahmad/Desktop/generalFiles/git/weather_markets/weather_data_extraction/bootstrap/hkg_tmax_elite_codex_bootstrap/hkg_tmax_elite_codex/data/_pipeline_internal/raw/gribstream_tactical_full_tactical_backfill_ok_tmax/ifsenfo/run_window_utc=20240803_180000_to_20240807_180000/c96296efd43e387c7591efb4f7ec9c5d2b42d9c412d8dfd6789a930a034c66b6.ndjson.gz,api_fetched,0,,,
718,ifsenfo,completed,200,5,2024-08-08T18:00:00Z,2024-08-12T18:00:00Z,2040,2040,2040,2040,2040,24.279,5be17a5016166d3cf040e4c46d34941bee0579ad6cba8e93c6e424fe7f74625c,full_tactical_backfill_ok_tmax_ifsenfo_5be17a501616,C:/Users/ahmad/Desktop/generalFiles/git/weather_markets/weather_data_extraction/bootstrap/hkg_tmax_elite_codex_bootstrap/hkg_tmax_elite_codex/data/_pipeline_internal/raw/gribstream_tactical_full_tactical_backfill_ok_tmax/ifsenfo/run_window_utc=20240808_180000_to_20240812_180000/5be17a5016166d3cf040e4c46d34941bee0579ad6cba8e93c6e424fe7f74625c.ndjson.gz,api_fetched,0,,,
719,ifsenfo,completed,200,5,2024-08-13T18:00:00Z,2024-08-17T18:00:00Z,2040,2040,2040,2040,2040,23.995,31e6ba2548384efcce41e41dc7ae7352fee02d11f52af327346a9825cd433b05,full_tactical_backfill_ok_tmax_ifsenfo_31e6ba254838,C:/Users/ahmad/Desktop/generalFiles/git/weather_markets/weather_data_extraction/bootstrap/hkg_tmax_elite_codex_bootstrap/hkg_tmax_elite_codex/data/_pipeline_internal/raw/gribstream_tactical_full_tactical_backfill_ok_tmax/ifsenfo/run_window_utc=20240813_180000_to_20240817_180000/31e6ba2548384efcce41e41dc7ae7352fee02d11f52af327346a9825cd433b05.ndjson.gz,api_fetched,0,,,
720,ifsenfo,completed,200,5,2024-08-18T18:00:00Z,2024-08-22T18:00:00Z,2040,2040,2040,2040,2040,24.368,1d5caad1fa90d9e04260ee275364e8b82547e7ea8bbdeb9977c5d50512466647,full_tactical_backfill_ok_tmax_ifsenfo_1d5caad1fa90,C:/Users/ahmad/Desktop/generalFiles/git/weather_markets/weather_data_extraction/bootstrap/hkg_tmax_elite_codex_bootstrap/hkg_tmax_elite_codex/data/_pipeline_internal/raw/gribstream_tactical_full_tactical_backfill_ok_tmax/ifsenfo/run_window_utc=20240818_180000_to_20240822_180000/1d5caad1fa90d9e04260ee275364e8b82547e7ea8bbdeb9977c5d50512466647.ndjson.gz,api_fetched,0,,,
721,ifsenfo,completed,200,5,2024-08-23T18:00:00Z,2024-08-27T18:00:00Z,2040,2040,2040,2040,2040,24.575,eef573b0ee3e8b26e6d3e9f1218925d6196daf23bf5cde6fdcb1e500800cf92f,full_tactical_backfill_ok_tmax_ifsenfo_eef573b0ee3e,C:/Users/ahmad/Desktop/generalFiles/git/weather_markets/weather_data_extraction/bootstrap/hkg_tmax_elite_codex_bootstrap/hkg_tmax_elite_codex/data/_pipeline_internal/raw/gribstream_tactical_full_tactical_backfill_ok_tmax/ifsenfo/run_window_utc=20240823_180000_to_20240827_180000/eef573b0ee3e8b26e6d3e9f1218925d6196daf23bf5cde6fdcb1e500800cf92f.ndjson.gz,api_fetched,0,,,
722,ifsenfo,completed,200,5,2024-08-28T18:00:00Z,2024-09-01T18:00:00Z,2040,2040,2040,2040,2040,23.616,916ed2cb194b98934f941e029dbe2c06ea3f78b956be6060e223706a887a7358,full_tactical_backfill_ok_tmax_ifsenfo_916ed2cb194b,C:/Users/ahmad/Desktop/generalFiles/git/weather_markets/weather_data_extraction/bootstrap/hkg_tmax_elite_codex_bootstrap/hkg_tmax_elite_codex/data/_pipeline_internal/raw/gribstream_tactical_full_tactical_backfill_ok_tmax/ifsenfo/run_window_utc=20240828_180000_to_20240901_180000/916ed2cb194b98934f941e029dbe2c06ea3f78b956be6060e223706a887a7358.ndjson.gz,api_fetched,0,,,
723,ifsenfo,completed,200,5,2024-09-02T18:00:00Z,2024-09-06T18:00:00Z,2040,2040,2040,2040,2040,24.45,0f09b1e3d10f1398f2481861cc23db822b0655ab4d4138902dc95963f50074fe,full_tactical_backfill_ok_tmax_ifsenfo_0f09b1e3d10f,C:/Users/ahmad/Desktop/generalFiles/git/weather_markets/weather_data_extraction/bootstrap/hkg_tmax_elite_codex_bootstrap/hkg_tmax_elite_codex/data/_pipeline_internal/raw/gribstream_tactical_full_tactical_backfill_ok_tmax/ifsenfo/run_window_utc=20240902_180000_to_20240906_180000/0f09b1e3d10f1398f2481861cc23db822b0655ab4d4138902dc95963f50074fe.ndjson.gz,api_fetched,0,,,
724,ifsenfo,completed,200,5,2024-09-07T18:00:00Z,2024-09-11T18:00:00Z,2040,2040,2040,2040,2040,24.167,4f0f86513df1ad829b638714b7e7e9faf7c4cc36ab0131dbaa1cdd831661a502,full_tactical_backfill_ok_tmax_ifsenfo_4f0f86513df1,C:/Users/ahmad/Desktop/generalFiles/git/weather_markets/weather_data_extraction/bootstrap/hkg_tmax_elite_codex_bootstrap/hkg_tmax_elite_codex/data/_pipeline_internal/raw/gribstream_tactical_full_tactical_backfill_ok_tmax/ifsenfo/run_window_utc=20240907_180000_to_20240911_180000/4f0f86513df1ad829b638714b7e7e9faf7c4cc36ab0131dbaa1cdd831661a502.ndjson.gz,api_fetched,0,,,
725,ifsenfo,completed,200,5,2024-09-12T18:00:00Z,2024-09-16T18:00:00Z,2040,2040,2040,2040,2040,23.995,bc5537a966888df54297e89d1294404ff28b8616e63d69996162414b41ec6e6e,full_tactical_backfill_ok_tmax_ifsenfo_bc5537a96688,C:/Users/ahmad/Desktop/generalFiles/git/weather_markets/weather_data_extraction/bootstrap/hkg_tmax_elite_codex_bootstrap/hkg_tmax_elite_codex/data/_pipeline_internal/raw/gribstream_tactical_full_tactical_backfill_ok_tmax/ifsenfo/run_window_utc=20240912_180000_to_20240916_180000/bc5537a966888df54297e89d1294404ff28b8616e63d69996162414b41ec6e6e.ndjson.gz,api_fetched,0,,,
726,ifsenfo,completed,200,5,2024-09-17T18:00:00Z,2024-09-21T18:00:00Z,2040,2040,2040,2040,2040,24.545,68f9b18da87b72f41647176a40009beaf71750885a96a4f3648b52e507f3c41a,full_tactical_backfill_ok_tmax_ifsenfo_68f9b18da87b,C:/Users/ahmad/Desktop/generalFiles/git/weather_markets/weather_data_extraction/bootstrap/hkg_tmax_elite_codex_bootstrap/hkg_tmax_elite_codex/data/_pipeline_internal/raw/gribstream_tactical_full_tactical_backfill_ok_tmax/ifsenfo/run_window_utc=20240917_180000_to_20240921_180000/68f9b18da87b72f41647176a40009beaf71750885a96a4f3648b52e507f3c41a.ndjson.gz,api_fetched,0,,,
727,ifsenfo,completed,200,5,2024-09-22T18:00:00Z,2024-09-26T18:00:00Z,2040,2040,2040,2040,2040,23.886,7cac1b9f1465a643292d5ed93f557f759091fa47de68c56b40b976c3974c25ee,full_tactical_backfill_ok_tmax_ifsenfo_7cac1b9f1465,C:/Users/ahmad/Desktop/generalFiles/git/weather_markets/weather_data_extraction/bootstrap/hkg_tmax_elite_codex_bootstrap/hkg_tmax_elite_codex/data/_pipeline_internal/raw/gribstream_tactical_full_tactical_backfill_ok_tmax/ifsenfo/run_window_utc=20240922_180000_to_20240926_180000/7cac1b9f1465a643292d5ed93f557f759091fa47de68c56b40b976c3974c25ee.ndjson.gz,api_fetched,0,,,
728,ifsenfo,completed,200,5,2024-09-27T18:00:00Z,2024-10-01T18:00:00Z,2040,2040,2040,2040,2040,23.242,3e8404ad5ec10ddf61bbffdf3e0fa82ffb60b093f892194f2c6b47da12203714,full_tactical_backfill_ok_tmax_ifsenfo_3e8404ad5ec1,C:/Users/ahmad/Desktop/generalFiles/git/weather_markets/weather_data_extraction/bootstrap/hkg_tmax_elite_codex_bootstrap/hkg_tmax_elite_codex/data/_pipeline_internal/raw/gribstream_tactical_full_tactical_backfill_ok_tmax/ifsenfo/run_window_utc=20240927_180000_to_20241001_180000/3e8404ad5ec10ddf61bbffdf3e0fa82ffb60b093f892194f2c6b47da12203714.ndjson.gz,api_fetched,0,,,
729,ifsenfo,completed,200,5,2024-10-02T18:00:00Z,2024-10-06T18:00:00Z,2040,2040,2040,2040,2040,23.62,7b74b2071ea8b67df86ad19f682c94df88b653505cf913bdf69a19b3d349bc2a,full_tactical_backfill_ok_tmax_ifsenfo_7b74b2071ea8,C:/Users/ahmad/Desktop/generalFiles/git/weather_markets/weather_data_extraction/bootstrap/hkg_tmax_elite_codex_bootstrap/hkg_tmax_elite_codex/data/_pipeline_internal/raw/gribstream_tactical_full_tactical_backfill_ok_tmax/ifsenfo/run_window_utc=20241002_180000_to_20241006_180000/7b74b2071ea8b67df86ad19f682c94df88b653505cf913bdf69a19b3d349bc2a.ndjson.gz,api_fetched,0,,,
730,ifsenfo,completed,200,5,2024-10-07T18:00:00Z,2024-10-11T18:00:00Z,2040,2040,2040,2040,2040,23.865,da904042aba7503e87354de72d168b536f4c81e9662e5c089af2b3264ec48e75,full_tactical_backfill_ok_tmax_ifsenfo_da904042aba7,C:/Users/ahmad/Desktop/generalFiles/git/weather_markets/weather_data_extraction/bootstrap/hkg_tmax_elite_codex_bootstrap/hkg_tmax_elite_codex/data/_pipeline_internal/raw/gribstream_tactical_full_tactical_backfill_ok_tmax/ifsenfo/run_window_utc=20241007_180000_to_20241011_180000/da904042aba7503e87354de72d168b536f4c81e9662e5c089af2b3264ec48e75.ndjson.gz,api_fetched,0,,,
731,ifsenfo,completed,200,5,2024-10-12T18:00:00Z,2024-10-16T18:00:00Z,2040,2040,2040,2040,2040,24.187,7b646fab0162f5f8e343f74baf3a668fae6d943a36e3947f83f6fcf8dfce2422,full_tactical_backfill_ok_tmax_ifsenfo_7b646fab0162,C:/Users/ahmad/Desktop/generalFiles/git/weather_markets/weather_data_extraction/bootstrap/hkg_tmax_elite_codex_bootstrap/hkg_tmax_elite_codex/data/_pipeline_internal/raw/gribstream_tactical_full_tactical_backfill_ok_tmax/ifsenfo/run_window_utc=20241012_180000_to_20241016_180000/7b646fab0162f5f8e343f74baf3a668fae6d943a36e3947f83f6fcf8dfce2422.ndjson.gz,api_fetched,0,,,
732,ifsenfo,completed,200,5,2024-10-17T18:00:00Z,2024-10-21T18:00:00Z,2040,2040,2040,2040,2040,24.012,d9601dabe986becf26b3593cd1a88d9ff9553ffbe55251ab9113db1126d60026,full_tactical_backfill_ok_tmax_ifsenfo_d9601dabe986,C:/Users/ahmad/Desktop/generalFiles/git/weather_markets/weather_data_extraction/bootstrap/hkg_tmax_elite_codex_bootstrap/hkg_tmax_elite_codex/data/_pipeline_internal/raw/gribstream_tactical_full_tactical_backfill_ok_tmax/ifsenfo/run_window_utc=20241017_180000_to_20241021_180000/d9601dabe986becf26b3593cd1a88d9ff9553ffbe55251ab9113db1126d60026.ndjson.gz,api_fetched,0,,,
733,ifsenfo,completed,200,5,2024-10-22T18:00:00Z,2024-10-26T18:00:00Z,2040,2040,2040,2040,2040,24.37,2b483b1655a1e886365abadfed604fedd1c1d5b77a804f18c2b054582e993d2b,full_tactical_backfill_ok_tmax_ifsenfo_2b483b1655a1,C:/Users/ahmad/Desktop/generalFiles/git/weather_markets/weather_data_extraction/bootstrap/hkg_tmax_elite_codex_bootstrap/hkg_tmax_elite_codex/data/_pipeline_internal/raw/gribstream_tactical_full_tactical_backfill_ok_tmax/ifsenfo/run_window_utc=20241022_180000_to_20241026_180000/2b483b1655a1e886365abadfed604fedd1c1d5b77a804f18c2b054582e993d2b.ndjson.gz,api_fetched,0,,,
734,ifsenfo,completed,200,5,2024-10-27T18:00:00Z,2024-10-31T18:00:00Z,2040,2040,2040,2040,2040,23.98,93cb479abe07cf1d31b1f4c873a969bc81eac633d21c564975a15a351cc90514,full_tactical_backfill_ok_tmax_ifsenfo_93cb479abe07,C:/Users/ahmad/Desktop/generalFiles/git/weather_markets/weather_data_extraction/bootstrap/hkg_tmax_elite_codex_bootstrap/hkg_tmax_elite_codex/data/_pipeline_internal/raw/gribstream_tactical_full_tactical_backfill_ok_tmax/ifsenfo/run_window_utc=20241027_180000_to_20241031_180000/93cb479abe07cf1d31b1f4c873a969bc81eac633d21c564975a15a351cc90514.ndjson.gz,api_fetched,0,,,
735,ifsenfo,completed,200,5,2024-11-01T18:00:00Z,2024-11-05T18:00:00Z,2040,2040,2040,2040,2040,24.117,b0757dfa6183bb0064fe5d5a363ac55da83bb1aed353bd3e0a9960aa392f8a1d,full_tactical_backfill_ok_tmax_ifsenfo_b0757dfa6183,C:/Users/ahmad/Desktop/generalFiles/git/weather_markets/weather_data_extraction/bootstrap/hkg_tmax_elite_codex_bootstrap/hkg_tmax_elite_codex/data/_pipeline_internal/raw/gribstream_tactical_full_tactical_backfill_ok_tmax/ifsenfo/run_window_utc=20241101_180000_to_20241105_180000/b0757dfa6183bb0064fe5d5a363ac55da83bb1aed353bd3e0a9960aa392f8a1d.ndjson.gz,api_fetched,0,,,
736,ifsenfo,completed,200,5,2024-11-06T18:00:00Z,2024-11-10T18:00:00Z,2040,2040,2040,2040,2040,23.536,620fdc2e7f04f01cc43ff658ad6e09b84b25d54735c63ebd45252a394f118027,full_tactical_backfill_ok_tmax_ifsenfo_620fdc2e7f04,C:/Users/ahmad/Desktop/generalFiles/git/weather_markets/weather_data_extraction/bootstrap/hkg_tmax_elite_codex_bootstrap/hkg_tmax_elite_codex/data/_pipeline_internal/raw/gribstream_tactical_full_tactical_backfill_ok_tmax/ifsenfo/run_window_utc=20241106_180000_to_20241110_180000/620fdc2e7f04f01cc43ff658ad6e09b84b25d54735c63ebd45252a394f118027.ndjson.gz,api_fetched,0,,,
737,ifsenfo,completed,200,5,2024-11-11T18:00:00Z,2024-11-15T18:00:00Z,2040,2040,2040,2040,2040,34.584,3dc13e57b1fa6795f04e5f62e03a0472184cbdf3c65312dfab435cdca3c18f93,full_tactical_backfill_ok_tmax_ifsenfo_3dc13e57b1fa,C:/Users/ahmad/Desktop/generalFiles/git/weather_markets/weather_data_extraction/bootstrap/hkg_tmax_elite_codex_bootstrap/hkg_tmax_elite_codex/data/_pipeline_internal/raw/gribstream_tactical_full_tactical_backfill_ok_tmax/ifsenfo/run_window_utc=20241111_180000_to_20241115_180000/3dc13e57b1fa6795f04e5f62e03a0472184cbdf3c65312dfab435cdca3c18f93.ndjson.gz,api_fetched,0,,,
738,ifsenfo,completed,200,5,2024-11-16T18:00:00Z,2024-11-20T18:00:00Z,2040,2040,2040,2040,2040,37.081,83703ffe216e5c348aacf4c801ddb618a1922e13f241163925156eb58a5bd16e,full_tactical_backfill_ok_tmax_ifsenfo_83703ffe216e,C:/Users/ahmad/Desktop/generalFiles/git/weather_markets/weather_data_extraction/bootstrap/hkg_tmax_elite_codex_bootstrap/hkg_tmax_elite_codex/data/_pipeline_internal/raw/gribstream_tactical_full_tactical_backfill_ok_tmax/ifsenfo/run_window_utc=20241116_180000_to_20241120_180000/83703ffe216e5c348aacf4c801ddb618a1922e13f241163925156eb58a5bd16e.ndjson.gz,api_fetched,0,,,
739,ifsenfo,completed,200,5,2024-11-21T18:00:00Z,2024-11-25T18:00:00Z,2040,2040,2040,2040,2040,37.292,df16cd5bb3e10bc3448e3fd7437b34b38edac93381228084c2ddb1a256d350a7,full_tactical_backfill_ok_tmax_ifsenfo_df16cd5bb3e1,C:/Users/ahmad/Desktop/generalFiles/git/weather_markets/weather_data_extraction/bootstrap/hkg_tmax_elite_codex_bootstrap/hkg_tmax_elite_codex/data/_pipeline_internal/raw/gribstream_tactical_full_tactical_backfill_ok_tmax/ifsenfo/run_window_utc=20241121_180000_to_20241125_180000/df16cd5bb3e10bc3448e3fd7437b34b38edac93381228084c2ddb1a256d350a7.ndjson.gz,api_fetched,0,,,
740,ifsenfo,completed,200,5,2024-11-26T18:00:00Z,2024-11-30T18:00:00Z,2040,2040,2040,2040,2040,37.842,a4239d0d12ae8ed29d08fdeb1aeb76366d9452b48e0a36e5d2d78d720eae9f18,full_tactical_backfill_ok_tmax_ifsenfo_a4239d0d12ae,C:/Users/ahmad/Desktop/generalFiles/git/weather_markets/weather_data_extraction/bootstrap/hkg_tmax_elite_codex_bootstrap/hkg_tmax_elite_codex/data/_pipeline_internal/raw/gribstream_tactical_full_tactical_backfill_ok_tmax/ifsenfo/run_window_utc=20241126_180000_to_20241130_180000/a4239d0d12ae8ed29d08fdeb1aeb76366d9452b48e0a36e5d2d78d720eae9f18.ndjson.gz,api_fetched,0,,,
741,ifsenfo,completed,200,5,2024-12-01T18:00:00Z,2024-12-05T18:00:00Z,2040,2040,2040,2040,2040,38.2,d488447fd31e39f76d75277577b3de1fac51312e3a68ad2905954d4197402825,full_tactical_backfill_ok_tmax_ifsenfo_d488447fd31e,C:/Users/ahmad/Desktop/generalFiles/git/weather_markets/weather_data_extraction/bootstrap/hkg_tmax_elite_codex_bootstrap/hkg_tmax_elite_codex/data/_pipeline_internal/raw/gribstream_tactical_full_tactical_backfill_ok_tmax/ifsenfo/run_window_utc=20241201_180000_to_20241205_180000/d488447fd31e39f76d75277577b3de1fac51312e3a68ad2905954d4197402825.ndjson.gz,api_fetched,0,,,
742,ifsenfo,completed,200,5,2024-12-06T18:00:00Z,2024-12-10T18:00:00Z,2040,2040,2040,2040,2040,37.575,bbe0f53dea76bbc3398fcbea06bd7be16b75922449b3f4466864ead278a03bfc,full_tactical_backfill_ok_tmax_ifsenfo_bbe0f53dea76,C:/Users/ahmad/Desktop/generalFiles/git/weather_markets/weather_data_extraction/bootstrap/hkg_tmax_elite_codex_bootstrap/hkg_tmax_elite_codex/data/_pipeline_internal/raw/gribstream_tactical_full_tactical_backfill_ok_tmax/ifsenfo/run_window_utc=20241206_180000_to_20241210_180000/bbe0f53dea76bbc3398fcbea06bd7be16b75922449b3f4466864ead278a03bfc.ndjson.gz,api_fetched,0,,,
743,ifsenfo,completed,200,5,2024-12-11T18:00:00Z,2024-12-15T18:00:00Z,2040,2040,2040,2040,2040,37.755,29ebfdd2f099194de5594004f592eab7d0573828ddb1942018ff8a3fa617ab7a,full_tactical_backfill_ok_tmax_ifsenfo_29ebfdd2f099,C:/Users/ahmad/Desktop/generalFiles/git/weather_markets/weather_data_extraction/bootstrap/hkg_tmax_elite_codex_bootstrap/hkg_tmax_elite_codex/data/_pipeline_internal/raw/gribstream_tactical_full_tactical_backfill_ok_tmax/ifsenfo/run_window_utc=20241211_180000_to_20241215_180000/29ebfdd2f099194de5594004f592eab7d0573828ddb1942018ff8a3fa617ab7a.ndjson.gz,api_fetched,0,,,
744,ifsenfo,completed,200,5,2024-12-16T18:00:00Z,2024-12-20T18:00:00Z,2040,2040,2040,2040,2040,36.59,dab57606a06b8068a8f9616052dcbb5b0e16c96b6304944a14e4119a2300608d,full_tactical_backfill_ok_tmax_ifsenfo_dab57606a06b,C:/Users/ahmad/Desktop/generalFiles/git/weather_markets/weather_data_extraction/bootstrap/hkg_tmax_elite_codex_bootstrap/hkg_tmax_elite_codex/data/_pipeline_internal/raw/gribstream_tactical_full_tactical_backfill_ok_tmax/ifsenfo/run_window_utc=20241216_180000_to_20241220_180000/dab57606a06b8068a8f9616052dcbb5b0e16c96b6304944a14e4119a2300608d.ndjson.gz,api_fetched,0,,,
745,ifsenfo,completed,200,5,2024-12-21T18:00:00Z,2024-12-25T18:00:00Z,2040,2040,2040,2040,2040,36.898,cfb96e2b35ff8c3ac8a13d3d6a89e026a0b57f8a086dd36e13edb00365c29d95,full_tactical_backfill_ok_tmax_ifsenfo_cfb96e2b35ff,C:/Users/ahmad/Desktop/generalFiles/git/weather_markets/weather_data_extraction/bootstrap/hkg_tmax_elite_codex_bootstrap/hkg_tmax_elite_codex/data/_pipeline_internal/raw/gribstream_tactical_full_tactical_backfill_ok_tmax/ifsenfo/run_window_utc=20241221_180000_to_20241225_180000/cfb96e2b35ff8c3ac8a13d3d6a89e026a0b57f8a086dd36e13edb00365c29d95.ndjson.gz,api_fetched,0,,,
746,ifsenfo,completed,200,5,2024-12-26T18:00:00Z,2024-12-30T18:00:00Z,2040,2040,2040,2040,2040,35.87,514bc10912ab60d7fd3fd940d5ebe07aee1974299e28615d9b6ae4b1cb71303a,full_tactical_backfill_ok_tmax_ifsenfo_514bc10912ab,C:/Users/ahmad/Desktop/generalFiles/git/weather_markets/weather_data_extraction/bootstrap/hkg_tmax_elite_codex_bootstrap/hkg_tmax_elite_codex/data/_pipeline_internal/raw/gribstream_tactical_full_tactical_backfill_ok_tmax/ifsenfo/run_window_utc=20241226_180000_to_20241230_180000/514bc10912ab60d7fd3fd940d5ebe07aee1974299e28615d9b6ae4b1cb71303a.ndjson.gz,api_fetched,0,,,
747,ifsenfo,completed,200,5,2024-12-31T18:00:00Z,2025-01-04T18:00:00Z,2040,2040,2040,2040,2040,37.716,aa0f38d1a0c32ddf13aeb85e0848f420d9554abf5c6ac6f07b1486a4002a03ae,full_tactical_backfill_ok_tmax_ifsenfo_aa0f38d1a0c3,C:/Users/ahmad/Desktop/generalFiles/git/weather_markets/weather_data_extraction/bootstrap/hkg_tmax_elite_codex_bootstrap/hkg_tmax_elite_codex/data/_pipeline_internal/raw/gribstream_tactical_full_tactical_backfill_ok_tmax/ifsenfo/run_window_utc=20241231_180000_to_20250104_180000/aa0f38d1a0c32ddf13aeb85e0848f420d9554abf5c6ac6f07b1486a4002a03ae.ndjson.gz,api_fetched,0,,,
748,ifsenfo,completed,200,5,2025-01-05T18:00:00Z,2025-01-09T18:00:00Z,2040,2040,2040,2040,2040,47.093,421e3bdd92d16de3911d1479400f88b9e16c265a0570dcac14ef3ed3c5293083,full_tactical_backfill_ok_tmax_ifsenfo_421e3bdd92d1,C:/Users/ahmad/Desktop/generalFiles/git/weather_markets/weather_data_extraction/bootstrap/hkg_tmax_elite_codex_bootstrap/hkg_tmax_elite_codex/data/_pipeline_internal/raw/gribstream_tactical_full_tactical_backfill_ok_tmax/ifsenfo/run_window_utc=20250105_180000_to_20250109_180000/421e3bdd92d16de3911d1479400f88b9e16c265a0570dcac14ef3ed3c5293083.ndjson.gz,api_fetched,0,,,
749,ifsenfo,completed,200,5,2025-01-10T18:00:00Z,2025-01-14T18:00:00Z,2040,2040,2040,2040,2040,35.953,fae487d182746cb5c7e45fa6697e1e06ce9e176ac338a69e39c3d810d76f6d0d,full_tactical_backfill_ok_tmax_ifsenfo_fae487d18274,C:/Users/ahmad/Desktop/generalFiles/git/weather_markets/weather_data_extraction/bootstrap/hkg_tmax_elite_codex_bootstrap/hkg_tmax_elite_codex/data/_pipeline_internal/raw/gribstream_tactical_full_tactical_backfill_ok_tmax/ifsenfo/run_window_utc=20250110_180000_to_20250114_180000/fae487d182746cb5c7e45fa6697e1e06ce9e176ac338a69e39c3d810d76f6d0d.ndjson.gz,api_fetched,0,,,
750,ifsenfo,completed,200,5,2025-01-15T18:00:00Z,2025-01-19T18:00:00Z,2040,2040,2040,2040,2040,27.249,5fe0355fe27ef2033339abd9145c101b5a4237ed0454d570c3ea59d8a52843ba,full_tactical_backfill_ok_tmax_ifsenfo_5fe0355fe27e,C:/Users/ahmad/Desktop/generalFiles/git/weather_markets/weather_data_extraction/bootstrap/hkg_tmax_elite_codex_bootstrap/hkg_tmax_elite_codex/data/_pipeline_internal/raw/gribstream_tactical_full_tactical_backfill_ok_tmax/ifsenfo/run_window_utc=20250115_180000_to_20250119_180000/5fe0355fe27ef2033339abd9145c101b5a4237ed0454d570c3ea59d8a52843ba.ndjson.gz,api_fetched,0,,,
751,ifsenfo,completed,200,5,2025-01-20T18:00:00Z,2025-01-24T18:00:00Z,2040,2040,2040,2040,2040,26.953,b4033827951786beeec80be6bfad06748cab1ba7e4ff31dc6617a684f7f6c62d,full_tactical_backfill_ok_tmax_ifsenfo_b40338279517,C:/Users/ahmad/Desktop/generalFiles/git/weather_markets/weather_data_extraction/bootstrap/hkg_tmax_elite_codex_bootstrap/hkg_tmax_elite_codex/data/_pipeline_internal/raw/gribstream_tactical_full_tactical_backfill_ok_tmax/ifsenfo/run_window_utc=20250120_180000_to_20250124_180000/b4033827951786beeec80be6bfad06748cab1ba7e4ff31dc6617a684f7f6c62d.ndjson.gz,api_fetched,0,,,
752,ifsenfo,completed,200,5,2025-01-25T18:00:00Z,2025-01-29T18:00:00Z,2040,2040,2040,2040,2040,27.368,12e80380176e04f4e932395dbb749732c66ea66133b63e5b9aeeec56ee5643c7,full_tactical_backfill_ok_tmax_ifsenfo_12e80380176e,C:/Users/ahmad/Desktop/generalFiles/git/weather_markets/weather_data_extraction/bootstrap/hkg_tmax_elite_codex_bootstrap/hkg_tmax_elite_codex/data/_pipeline_internal/raw/gribstream_tactical_full_tactical_backfill_ok_tmax/ifsenfo/run_window_utc=20250125_180000_to_20250129_180000/12e80380176e04f4e932395dbb749732c66ea66133b63e5b9aeeec56ee5643c7.ndjson.gz,api_fetched,0,,,
753,ifsenfo,completed,200,5,2025-01-30T18:00:00Z,2025-02-03T18:00:00Z,2040,2040,2040,2040,2040,27.634,ea926f7329ad6bcaaa44cabaa55181f58a3bda5bfe5d2cfb3423cf06b87f5958,full_tactical_backfill_ok_tmax_ifsenfo_ea926f7329ad,C:/Users/ahmad/Desktop/generalFiles/git/weather_markets/weather_data_extraction/bootstrap/hkg_tmax_elite_codex_bootstrap/hkg_tmax_elite_codex/data/_pipeline_internal/raw/gribstream_tactical_full_tactical_backfill_ok_tmax/ifsenfo/run_window_utc=20250130_180000_to_20250203_180000/ea926f7329ad6bcaaa44cabaa55181f58a3bda5bfe5d2cfb3423cf06b87f5958.ndjson.gz,api_fetched,0,,,
754,ifsenfo,completed,200,5,2025-02-04T18:00:00Z,2025-02-08T18:00:00Z,2040,2040,2040,2040,2040,27.403,010ab15873c81405f11d8ad30c1bb063f893d60d816f2c72f5cd5d465cd30832,full_tactical_backfill_ok_tmax_ifsenfo_010ab15873c8,C:/Users/ahmad/Desktop/generalFiles/git/weather_markets/weather_data_extraction/bootstrap/hkg_tmax_elite_codex_bootstrap/hkg_tmax_elite_codex/data/_pipeline_internal/raw/gribstream_tactical_full_tactical_backfill_ok_tmax/ifsenfo/run_window_utc=20250204_180000_to_20250208_180000/010ab15873c81405f11d8ad30c1bb063f893d60d816f2c72f5cd5d465cd30832.ndjson.gz,api_fetched,0,,,
755,ifsenfo,completed,200,5,2025-02-09T18:00:00Z,2025-02-13T18:00:00Z,2040,2040,2040,2040,2040,27.35,fb20a304499853f4c09e5a08295a23e928bd0d74a6320facf9e96a039d546914,full_tactical_backfill_ok_tmax_ifsenfo_fb20a3044998,C:/Users/ahmad/Desktop/generalFiles/git/weather_markets/weather_data_extraction/bootstrap/hkg_tmax_elite_codex_bootstrap/hkg_tmax_elite_codex/data/_pipeline_internal/raw/gribstream_tactical_full_tactical_backfill_ok_tmax/ifsenfo/run_window_utc=20250209_180000_to_20250213_180000/fb20a304499853f4c09e5a08295a23e928bd0d74a6320facf9e96a039d546914.ndjson.gz,api_fetched,0,,,
756,ifsenfo,completed,200,5,2025-02-14T18:00:00Z,2025-02-18T18:00:00Z,2040,2040,2040,2040,2040,27.487,64cb70f9b9080176e1e04d505afb17b833254f4ce5e71d91f12f9d526d1f7e16,full_tactical_backfill_ok_tmax_ifsenfo_64cb70f9b908,C:/Users/ahmad/Desktop/generalFiles/git/weather_markets/weather_data_extraction/bootstrap/hkg_tmax_elite_codex_bootstrap/hkg_tmax_elite_codex/data/_pipeline_internal/raw/gribstream_tactical_full_tactical_backfill_ok_tmax/ifsenfo/run_window_utc=20250214_180000_to_20250218_180000/64cb70f9b9080176e1e04d505afb17b833254f4ce5e71d91f12f9d526d1f7e16.ndjson.gz,api_fetched,0,,,
757,ifsenfo,completed,200,5,2025-02-19T18:00:00Z,2025-02-23T18:00:00Z,2040,2040,2040,2040,2040,27.735,5790de2bcfe690431ffe6fa3199350c0a20ede64f12cdb4b2928972a5d5ab983,full_tactical_backfill_ok_tmax_ifsenfo_5790de2bcfe6,C:/Users/ahmad/Desktop/generalFiles/git/weather_markets/weather_data_extraction/bootstrap/hkg_tmax_elite_codex_bootstrap/hkg_tmax_elite_codex/data/_pipeline_internal/raw/gribstream_tactical_full_tactical_backfill_ok_tmax/ifsenfo/run_window_utc=20250219_180000_to_20250223_180000/5790de2bcfe690431ffe6fa3199350c0a20ede64f12cdb4b2928972a5d5ab983.ndjson.gz,api_fetched,0,,,
758,ifsenfo,completed,200,5,2025-02-24T18:00:00Z,2025-02-28T18:00:00Z,2040,2040,2040,2040,2040,27.014,f4859507087dd95400c843c4ca480ee9fdfcf40250db162b655739261ead9f9a,full_tactical_backfill_ok_tmax_ifsenfo_f4859507087d,C:/Users/ahmad/Desktop/generalFiles/git/weather_markets/weather_data_extraction/bootstrap/hkg_tmax_elite_codex_bootstrap/hkg_tmax_elite_codex/data/_pipeline_internal/raw/gribstream_tactical_full_tactical_backfill_ok_tmax/ifsenfo/run_window_utc=20250224_180000_to_20250228_180000/f4859507087dd95400c843c4ca480ee9fdfcf40250db162b655739261ead9f9a.ndjson.gz,api_fetched,0,,,
759,ifsenfo,completed,200,5,2025-03-01T18:00:00Z,2025-03-05T18:00:00Z,2040,2040,2040,2040,2040,26.612,2e834fc1299512bac0e643e54cbd6df1f455ce110dfc62e6aa67c763d98ed2df,full_tactical_backfill_ok_tmax_ifsenfo_2e834fc12995,C:/Users/ahmad/Desktop/generalFiles/git/weather_markets/weather_data_extraction/bootstrap/hkg_tmax_elite_codex_bootstrap/hkg_tmax_elite_codex/data/_pipeline_internal/raw/gribstream_tactical_full_tactical_backfill_ok_tmax/ifsenfo/run_window_utc=20250301_180000_to_20250305_180000/2e834fc1299512bac0e643e54cbd6df1f455ce110dfc62e6aa67c763d98ed2df.ndjson.gz,api_fetched,0,,,
760,ifsenfo,completed,200,5,2025-03-06T18:00:00Z,2025-03-10T18:00:00Z,2040,2040,2040,2040,2040,26.695,77d4fe350992e163ecd87e187a03a3738cb457c13fcd300d52604883c25f2cbf,full_tactical_backfill_ok_tmax_ifsenfo_77d4fe350992,C:/Users/ahmad/Desktop/generalFiles/git/weather_markets/weather_data_extraction/bootstrap/hkg_tmax_elite_codex_bootstrap/hkg_tmax_elite_codex/data/_pipeline_internal/raw/gribstream_tactical_full_tactical_backfill_ok_tmax/ifsenfo/run_window_utc=20250306_180000_to_20250310_180000/77d4fe350992e163ecd87e187a03a3738cb457c13fcd300d52604883c25f2cbf.ndjson.gz,api_fetched,0,,,
761,ifsenfo,completed,200,5,2025-03-11T18:00:00Z,2025-03-15T18:00:00Z,2040,2040,2040,2040,2040,26.362,490d4daf76eb733426d43656f0eafa33ce1eb527b4e5f055da22c2fae29a4a5d,full_tactical_backfill_ok_tmax_ifsenfo_490d4daf76eb,C:/Users/ahmad/Desktop/generalFiles/git/weather_markets/weather_data_extraction/bootstrap/hkg_tmax_elite_codex_bootstrap/hkg_tmax_elite_codex/data/_pipeline_internal/raw/gribstream_tactical_full_tactical_backfill_ok_tmax/ifsenfo/run_window_utc=20250311_180000_to_20250315_180000/490d4daf76eb733426d43656f0eafa33ce1eb527b4e5f055da22c2fae29a4a5d.ndjson.gz,api_fetched,0,,,
762,ifsenfo,completed,200,5,2025-03-16T18:00:00Z,2025-03-20T18:00:00Z,2040,2040,2040,2040,2040,26.746,67dc8942d06f43a5bfe8ab5b36a910769fe7190a021c53dcdde75c13c9953cf6,full_tactical_backfill_ok_tmax_ifsenfo_67dc8942d06f,C:/Users/ahmad/Desktop/generalFiles/git/weather_markets/weather_data_extraction/bootstrap/hkg_tmax_elite_codex_bootstrap/hkg_tmax_elite_codex/data/_pipeline_internal/raw/gribstream_tactical_full_tactical_backfill_ok_tmax/ifsenfo/run_window_utc=20250316_180000_to_20250320_180000/67dc8942d06f43a5bfe8ab5b36a910769fe7190a021c53dcdde75c13c9953cf6.ndjson.gz,api_fetched,0,,,
763,ifsenfo,completed,200,5,2025-03-21T18:00:00Z,2025-03-25T18:00:00Z,2040,2040,2040,2040,2040,26.851,70f7a3f7a14228ee3989b2018595835a5b0448a327fdf82c4b1e33ebe9474f7e,full_tactical_backfill_ok_tmax_ifsenfo_70f7a3f7a142,C:/Users/ahmad/Desktop/generalFiles/git/weather_markets/weather_data_extraction/bootstrap/hkg_tmax_elite_codex_bootstrap/hkg_tmax_elite_codex/data/_pipeline_internal/raw/gribstream_tactical_full_tactical_backfill_ok_tmax/ifsenfo/run_window_utc=20250321_180000_to_20250325_180000/70f7a3f7a14228ee3989b2018595835a5b0448a327fdf82c4b1e33ebe9474f7e.ndjson.gz,api_fetched,0,,,
764,ifsenfo,completed,200,5,2025-03-26T18:00:00Z,2025-03-30T18:00:00Z,2040,2040,2040,2040,2040,26.708,bbb7108535c843d4c9c3e1913341b60a3733e3826dc9961c5b529af60453acfc,full_tactical_backfill_ok_tmax_ifsenfo_bbb7108535c8,C:/Users/ahmad/Desktop/generalFiles/git/weather_markets/weather_data_extraction/bootstrap/hkg_tmax_elite_codex_bootstrap/hkg_tmax_elite_codex/data/_pipeline_internal/raw/gribstream_tactical_full_tactical_backfill_ok_tmax/ifsenfo/run_window_utc=20250326_180000_to_20250330_180000/bbb7108535c843d4c9c3e1913341b60a3733e3826dc9961c5b529af60453acfc.ndjson.gz,api_fetched,0,,,
765,ifsenfo,completed,200,5,2025-03-31T18:00:00Z,2025-04-04T18:00:00Z,2040,2040,2040,2040,2040,26.921,057a3fe57ba353a417ac91fcce45712e717804b6ee22252715f7445184760fd8,full_tactical_backfill_ok_tmax_ifsenfo_057a3fe57ba3,C:/Users/ahmad/Desktop/generalFiles/git/weather_markets/weather_data_extraction/bootstrap/hkg_tmax_elite_codex_bootstrap/hkg_tmax_elite_codex/data/_pipeline_internal/raw/gribstream_tactical_full_tactical_backfill_ok_tmax/ifsenfo/run_window_utc=20250331_180000_to_20250404_180000/057a3fe57ba353a417ac91fcce45712e717804b6ee22252715f7445184760fd8.ndjson.gz,api_fetched,0,,,
766,ifsenfo,completed,200,5,2025-04-05T18:00:00Z,2025-04-09T18:00:00Z,2040,2040,2040,2040,2040,26.796,5c00ddc56133aeb72a3ffdb8828b0bd9ebd662f5cfac5739029f77252c3fafe6,full_tactical_backfill_ok_tmax_ifsenfo_5c00ddc56133,C:/Users/ahmad/Desktop/generalFiles/git/weather_markets/weather_data_extraction/bootstrap/hkg_tmax_elite_codex_bootstrap/hkg_tmax_elite_codex/data/_pipeline_internal/raw/gribstream_tactical_full_tactical_backfill_ok_tmax/ifsenfo/run_window_utc=20250405_180000_to_20250409_180000/5c00ddc56133aeb72a3ffdb8828b0bd9ebd662f5cfac5739029f77252c3fafe6.ndjson.gz,api_fetched,0,,,
767,ifsenfo,completed,200,5,2025-04-10T18:00:00Z,2025-04-14T18:00:00Z,2040,2040,2040,2040,2040,26.844,dbc6290e3108f1c0e31003ec1775f47a9c959cfb860ad6509208bfc83a42ba00,full_tactical_backfill_ok_tmax_ifsenfo_dbc6290e3108,C:/Users/ahmad/Desktop/generalFiles/git/weather_markets/weather_data_extraction/bootstrap/hkg_tmax_elite_codex_bootstrap/hkg_tmax_elite_codex/data/_pipeline_internal/raw/gribstream_tactical_full_tactical_backfill_ok_tmax/ifsenfo/run_window_utc=20250410_180000_to_20250414_180000/dbc6290e3108f1c0e31003ec1775f47a9c959cfb860ad6509208bfc83a42ba00.ndjson.gz,api_fetched,0,,,
768,ifsenfo,completed,200,5,2025-04-15T18:00:00Z,2025-04-19T18:00:00Z,2040,2040,2040,2040,2040,26.652,8a46a0090c3876c28f4ed26c5feaa9f0594d7fdc7cfa2262690bfda39e9b75bd,full_tactical_backfill_ok_tmax_ifsenfo_8a46a0090c38,C:/Users/ahmad/Desktop/generalFiles/git/weather_markets/weather_data_extraction/bootstrap/hkg_tmax_elite_codex_bootstrap/hkg_tmax_elite_codex/data/_pipeline_internal/raw/gribstream_tactical_full_tactical_backfill_ok_tmax/ifsenfo/run_window_utc=20250415_180000_to_20250419_180000/8a46a0090c3876c28f4ed26c5feaa9f0594d7fdc7cfa2262690bfda39e9b75bd.ndjson.gz,api_fetched,0,,,
769,ifsenfo,completed,200,5,2025-04-20T18:00:00Z,2025-04-24T18:00:00Z,2040,2040,2040,2040,2040,27.15,77d5d0dda64bd3bf8f99112222c7bcd6132ddded3bb3cc52773b4cdf58192972,full_tactical_backfill_ok_tmax_ifsenfo_77d5d0dda64b,C:/Users/ahmad/Desktop/generalFiles/git/weather_markets/weather_data_extraction/bootstrap/hkg_tmax_elite_codex_bootstrap/hkg_tmax_elite_codex/data/_pipeline_internal/raw/gribstream_tactical_full_tactical_backfill_ok_tmax/ifsenfo/run_window_utc=20250420_180000_to_20250424_180000/77d5d0dda64bd3bf8f99112222c7bcd6132ddded3bb3cc52773b4cdf58192972.ndjson.gz,api_fetched,0,,,
770,ifsenfo,completed,200,5,2025-04-25T18:00:00Z,2025-04-29T18:00:00Z,2040,2040,2040,2040,2040,26.818,2a6b152dc76a4f76c56f737a432aa62108ffc9b159cc613e122a7eea193a3365,full_tactical_backfill_ok_tmax_ifsenfo_2a6b152dc76a,C:/Users/ahmad/Desktop/generalFiles/git/weather_markets/weather_data_extraction/bootstrap/hkg_tmax_elite_codex_bootstrap/hkg_tmax_elite_codex/data/_pipeline_internal/raw/gribstream_tactical_full_tactical_backfill_ok_tmax/ifsenfo/run_window_utc=20250425_180000_to_20250429_180000/2a6b152dc76a4f76c56f737a432aa62108ffc9b159cc613e122a7eea193a3365.ndjson.gz,api_fetched,0,,,
771,ifsenfo,completed,200,5,2025-04-30T18:00:00Z,2025-05-04T18:00:00Z,2040,2040,2040,2040,2040,26.864,d5a68b06a9af75ebc772053cdb6915169bfda5e7007650b5fc5588aa5e28e61f,full_tactical_backfill_ok_tmax_ifsenfo_d5a68b06a9af,C:/Users/ahmad/Desktop/generalFiles/git/weather_markets/weather_data_extraction/bootstrap/hkg_tmax_elite_codex_bootstrap/hkg_tmax_elite_codex/data/_pipeline_internal/raw/gribstream_tactical_full_tactical_backfill_ok_tmax/ifsenfo/run_window_utc=20250430_180000_to_20250504_180000/d5a68b06a9af75ebc772053cdb6915169bfda5e7007650b5fc5588aa5e28e61f.ndjson.gz,api_fetched,0,,,
772,ifsenfo,completed,200,5,2025-05-05T18:00:00Z,2025-05-09T18:00:00Z,2040,2040,2040,2040,2040,26.644,51aae16de91518a3985acde6d0032f595c968e5f7588a524262cd0a33a77af6e,full_tactical_backfill_ok_tmax_ifsenfo_51aae16de915,C:/Users/ahmad/Desktop/generalFiles/git/weather_markets/weather_data_extraction/bootstrap/hkg_tmax_elite_codex_bootstrap/hkg_tmax_elite_codex/data/_pipeline_internal/raw/gribstream_tactical_full_tactical_backfill_ok_tmax/ifsenfo/run_window_utc=20250505_180000_to_20250509_180000/51aae16de91518a3985acde6d0032f595c968e5f7588a524262cd0a33a77af6e.ndjson.gz,api_fetched,0,,,
773,ifsenfo,completed,200,5,2025-05-10T18:00:00Z,2025-05-14T18:00:00Z,2040,2040,2040,2040,2040,26.882,a74ddf92da7ca114e6077c615216343a1945f1244a175e3798859a7e3763b9c0,full_tactical_backfill_ok_tmax_ifsenfo_a74ddf92da7c,C:/Users/ahmad/Desktop/generalFiles/git/weather_markets/weather_data_extraction/bootstrap/hkg_tmax_elite_codex_bootstrap/hkg_tmax_elite_codex/data/_pipeline_internal/raw/gribstream_tactical_full_tactical_backfill_ok_tmax/ifsenfo/run_window_utc=20250510_180000_to_20250514_180000/a74ddf92da7ca114e6077c615216343a1945f1244a175e3798859a7e3763b9c0.ndjson.gz,api_fetched,0,,,
774,ifsenfo,completed,200,5,2025-05-15T18:00:00Z,2025-05-19T18:00:00Z,2040,2040,2040,2040,2040,26.583,6c4e24c5cfee931573e6b64ebf7cc94511aa4c8517e8104e514775b6e53514cf,full_tactical_backfill_ok_tmax_ifsenfo_6c4e24c5cfee,C:/Users/ahmad/Desktop/generalFiles/git/weather_markets/weather_data_extraction/bootstrap/hkg_tmax_elite_codex_bootstrap/hkg_tmax_elite_codex/data/_pipeline_internal/raw/gribstream_tactical_full_tactical_backfill_ok_tmax/ifsenfo/run_window_utc=20250515_180000_to_20250519_180000/6c4e24c5cfee931573e6b64ebf7cc94511aa4c8517e8104e514775b6e53514cf.ndjson.gz,api_fetched,0,,,
775,ifsenfo,completed,200,5,2025-05-20T18:00:00Z,2025-05-24T18:00:00Z,2040,2040,2040,2040,2040,26.476,63eea677fbb3a506884db2c6bbb25dc18649975ded8b980559bbd2b8764cdfe1,full_tactical_backfill_ok_tmax_ifsenfo_63eea677fbb3,C:/Users/ahmad/Desktop/generalFiles/git/weather_markets/weather_data_extraction/bootstrap/hkg_tmax_elite_codex_bootstrap/hkg_tmax_elite_codex/data/_pipeline_internal/raw/gribstream_tactical_full_tactical_backfill_ok_tmax/ifsenfo/run_window_utc=20250520_180000_to_20250524_180000/63eea677fbb3a506884db2c6bbb25dc18649975ded8b980559bbd2b8764cdfe1.ndjson.gz,api_fetched,0,,,
776,ifsenfo,completed,200,5,2025-05-25T18:00:00Z,2025-05-29T18:00:00Z,2040,2040,2040,2040,2040,26.595,2185ee5f088b0096e59eab4d023dd6e832dc73c0b6f7578fae2e501c9aff30ff,full_tactical_backfill_ok_tmax_ifsenfo_2185ee5f088b,C:/Users/ahmad/Desktop/generalFiles/git/weather_markets/weather_data_extraction/bootstrap/hkg_tmax_elite_codex_bootstrap/hkg_tmax_elite_codex/data/_pipeline_internal/raw/gribstream_tactical_full_tactical_backfill_ok_tmax/ifsenfo/run_window_utc=20250525_180000_to_20250529_180000/2185ee5f088b0096e59eab4d023dd6e832dc73c0b6f7578fae2e501c9aff30ff.ndjson.gz,api_fetched,0,,,
777,ifsenfo,completed,200,5,2025-05-30T18:00:00Z,2025-06-03T18:00:00Z,2040,2040,2040,2040,2040,26.754,ccde116eeb4cd903370a7a58bf8f5be918274924e75e9ff998b67228fa375c3e,full_tactical_backfill_ok_tmax_ifsenfo_ccde116eeb4c,C:/Users/ahmad/Desktop/generalFiles/git/weather_markets/weather_data_extraction/bootstrap/hkg_tmax_elite_codex_bootstrap/hkg_tmax_elite_codex/data/_pipeline_internal/raw/gribstream_tactical_full_tactical_backfill_ok_tmax/ifsenfo/run_window_utc=20250530_180000_to_20250603_180000/ccde116eeb4cd903370a7a58bf8f5be918274924e75e9ff998b67228fa375c3e.ndjson.gz,api_fetched,0,,,
778,ifsenfo,completed,200,5,2025-06-04T18:00:00Z,2025-06-08T18:00:00Z,2040,2040,2040,2040,2040,26.99,793b5fac14ef26e7aa33046c17b9c22d000b9bdc85d0b8c6d7bed6d82a1ac767,full_tactical_backfill_ok_tmax_ifsenfo_793b5fac14ef,C:/Users/ahmad/Desktop/generalFiles/git/weather_markets/weather_data_extraction/bootstrap/hkg_tmax_elite_codex_bootstrap/hkg_tmax_elite_codex/data/_pipeline_internal/raw/gribstream_tactical_full_tactical_backfill_ok_tmax/ifsenfo/run_window_utc=20250604_180000_to_20250608_180000/793b5fac14ef26e7aa33046c17b9c22d000b9bdc85d0b8c6d7bed6d82a1ac767.ndjson.gz,api_fetched,0,,,
779,ifsenfo,completed,200,5,2025-06-09T18:00:00Z,2025-06-13T18:00:00Z,2040,2040,2040,2040,2040,26.994,3676e044d320719ca0eea0aa58c9704673ca4d69f34250748699baaf0f68d4a2,full_tactical_backfill_ok_tmax_ifsenfo_3676e044d320,C:/Users/ahmad/Desktop/generalFiles/git/weather_markets/weather_data_extraction/bootstrap/hkg_tmax_elite_codex_bootstrap/hkg_tmax_elite_codex/data/_pipeline_internal/raw/gribstream_tactical_full_tactical_backfill_ok_tmax/ifsenfo/run_window_utc=20250609_180000_to_20250613_180000/3676e044d320719ca0eea0aa58c9704673ca4d69f34250748699baaf0f68d4a2.ndjson.gz,api_fetched,0,,,
780,ifsenfo,completed,200,5,2025-06-14T18:00:00Z,2025-06-18T18:00:00Z,2040,2040,2040,2040,2040,26.712,34d41b6165f1bcc2e35dc06f77fa646e70b780d8bf5cc0a3b804de35d51e14ee,full_tactical_backfill_ok_tmax_ifsenfo_34d41b6165f1,C:/Users/ahmad/Desktop/generalFiles/git/weather_markets/weather_data_extraction/bootstrap/hkg_tmax_elite_codex_bootstrap/hkg_tmax_elite_codex/data/_pipeline_internal/raw/gribstream_tactical_full_tactical_backfill_ok_tmax/ifsenfo/run_window_utc=20250614_180000_to_20250618_180000/34d41b6165f1bcc2e35dc06f77fa646e70b780d8bf5cc0a3b804de35d51e14ee.ndjson.gz,api_fetched,0,,,
781,ifsenfo,completed,200,5,2025-06-19T18:00:00Z,2025-06-23T18:00:00Z,2040,2040,2040,2040,2040,26.499,2643b0609ce18b8943850b964e21e095a573588a469fe2a70b9f3b6320349089,full_tactical_backfill_ok_tmax_ifsenfo_2643b0609ce1,C:/Users/ahmad/Desktop/generalFiles/git/weather_markets/weather_data_extraction/bootstrap/hkg_tmax_elite_codex_bootstrap/hkg_tmax_elite_codex/data/_pipeline_internal/raw/gribstream_tactical_full_tactical_backfill_ok_tmax/ifsenfo/run_window_utc=20250619_180000_to_20250623_180000/2643b0609ce18b8943850b964e21e095a573588a469fe2a70b9f3b6320349089.ndjson.gz,api_fetched,0,,,
782,ifsenfo,completed,200,5,2025-06-24T18:00:00Z,2025-06-28T18:00:00Z,2040,2040,2040,2040,2040,26.505,4a6227034999325f691e407a60abb5325859aace5099fd1dacb44e80336b2477,full_tactical_backfill_ok_tmax_ifsenfo_4a6227034999,C:/Users/ahmad/Desktop/generalFiles/git/weather_markets/weather_data_extraction/bootstrap/hkg_tmax_elite_codex_bootstrap/hkg_tmax_elite_codex/data/_pipeline_internal/raw/gribstream_tactical_full_tactical_backfill_ok_tmax/ifsenfo/run_window_utc=20250624_180000_to_20250628_180000/4a6227034999325f691e407a60abb5325859aace5099fd1dacb44e80336b2477.ndjson.gz,api_fetched,0,,,
783,ifsenfo,completed,200,5,2025-06-29T18:00:00Z,2025-07-03T18:00:00Z,2040,2040,2040,2040,2040,26.378,5d3fa06931cd5cb1db034ac063e828982e6b930cfff9fbacb9c805ebb61de3fe,full_tactical_backfill_ok_tmax_ifsenfo_5d3fa06931cd,C:/Users/ahmad/Desktop/generalFiles/git/weather_markets/weather_data_extraction/bootstrap/hkg_tmax_elite_codex_bootstrap/hkg_tmax_elite_codex/data/_pipeline_internal/raw/gribstream_tactical_full_tactical_backfill_ok_tmax/ifsenfo/run_window_utc=20250629_180000_to_20250703_180000/5d3fa06931cd5cb1db034ac063e828982e6b930cfff9fbacb9c805ebb61de3fe.ndjson.gz,api_fetched,0,,,
784,ifsenfo,completed,200,5,2025-07-04T18:00:00Z,2025-07-08T18:00:00Z,2040,2040,2040,2040,2040,26.424,24c96887107a767207d12faa03123a3efd9ce5962976a43964a89c343e08fad1,full_tactical_backfill_ok_tmax_ifsenfo_24c96887107a,C:/Users/ahmad/Desktop/generalFiles/git/weather_markets/weather_data_extraction/bootstrap/hkg_tmax_elite_codex_bootstrap/hkg_tmax_elite_codex/data/_pipeline_internal/raw/gribstream_tactical_full_tactical_backfill_ok_tmax/ifsenfo/run_window_utc=20250704_180000_to_20250708_180000/24c96887107a767207d12faa03123a3efd9ce5962976a43964a89c343e08fad1.ndjson.gz,api_fetched,0,,,
785,ifsenfo,completed,200,5,2025-07-09T18:00:00Z,2025-07-13T18:00:00Z,2040,2040,2040,2040,2040,26.267,f03a38efd6652f81e3e623e5ad4f0662ebbcebd8fb0f5225fee6f24276438284,full_tactical_backfill_ok_tmax_ifsenfo_f03a38efd665,C:/Users/ahmad/Desktop/generalFiles/git/weather_markets/weather_data_extraction/bootstrap/hkg_tmax_elite_codex_bootstrap/hkg_tmax_elite_codex/data/_pipeline_internal/raw/gribstream_tactical_full_tactical_backfill_ok_tmax/ifsenfo/run_window_utc=20250709_180000_to_20250713_180000/f03a38efd6652f81e3e623e5ad4f0662ebbcebd8fb0f5225fee6f24276438284.ndjson.gz,api_fetched,0,,,
786,ifsenfo,completed,200,5,2025-07-14T18:00:00Z,2025-07-18T18:00:00Z,2040,2040,2040,2040,2040,26.081,6652ffb63ea30391fda861546798f4c6a648d6d709b5347ef7554bb5448d94e3,full_tactical_backfill_ok_tmax_ifsenfo_6652ffb63ea3,C:/Users/ahmad/Desktop/generalFiles/git/weather_markets/weather_data_extraction/bootstrap/hkg_tmax_elite_codex_bootstrap/hkg_tmax_elite_codex/data/_pipeline_internal/raw/gribstream_tactical_full_tactical_backfill_ok_tmax/ifsenfo/run_window_utc=20250714_180000_to_20250718_180000/6652ffb63ea30391fda861546798f4c6a648d6d709b5347ef7554bb5448d94e3.ndjson.gz,api_fetched,0,,,
787,ifsenfo,completed,200,5,2025-07-19T18:00:00Z,2025-07-23T18:00:00Z,2040,2040,2040,2040,2040,26.421,8080ad506e88920b7449d739f1096e5ddab55d4940b4c608a862f4af429f54ce,full_tactical_backfill_ok_tmax_ifsenfo_8080ad506e88,C:/Users/ahmad/Desktop/generalFiles/git/weather_markets/weather_data_extraction/bootstrap/hkg_tmax_elite_codex_bootstrap/hkg_tmax_elite_codex/data/_pipeline_internal/raw/gribstream_tactical_full_tactical_backfill_ok_tmax/ifsenfo/run_window_utc=20250719_180000_to_20250723_180000/8080ad506e88920b7449d739f1096e5ddab55d4940b4c608a862f4af429f54ce.ndjson.gz,api_fetched,0,,,
788,ifsenfo,completed,200,5,2025-07-24T18:00:00Z,2025-07-28T18:00:00Z,2040,2040,2040,2040,2040,26.346,54395ad4d84642ff8291a54ceef1d4ee4ce6c44a6441761d110b6aa5112d465f,full_tactical_backfill_ok_tmax_ifsenfo_54395ad4d846,C:/Users/ahmad/Desktop/generalFiles/git/weather_markets/weather_data_extraction/bootstrap/hkg_tmax_elite_codex_bootstrap/hkg_tmax_elite_codex/data/_pipeline_internal/raw/gribstream_tactical_full_tactical_backfill_ok_tmax/ifsenfo/run_window_utc=20250724_180000_to_20250728_180000/54395ad4d84642ff8291a54ceef1d4ee4ce6c44a6441761d110b6aa5112d465f.ndjson.gz,api_fetched,0,,,
789,ifsenfo,completed,200,5,2025-07-29T18:00:00Z,2025-08-02T18:00:00Z,2040,2040,2040,2040,2040,26.276,0460c14a8cd39ff12454df01800d91af882ece5be80c1ac28dddd5f26847f7dd,full_tactical_backfill_ok_tmax_ifsenfo_0460c14a8cd3,C:/Users/ahmad/Desktop/generalFiles/git/weather_markets/weather_data_extraction/bootstrap/hkg_tmax_elite_codex_bootstrap/hkg_tmax_elite_codex/data/_pipeline_internal/raw/gribstream_tactical_full_tactical_backfill_ok_tmax/ifsenfo/run_window_utc=20250729_180000_to_20250802_180000/0460c14a8cd39ff12454df01800d91af882ece5be80c1ac28dddd5f26847f7dd.ndjson.gz,api_fetched,0,,,
790,ifsenfo,completed,200,5,2025-08-03T18:00:00Z,2025-08-07T18:00:00Z,2040,2040,2040,2040,2040,26.602,c2446d89a4881690557604bce192429cf1a3f0614d13646b717c7fc562fe0dd3,full_tactical_backfill_ok_tmax_ifsenfo_c2446d89a488,C:/Users/ahmad/Desktop/generalFiles/git/weather_markets/weather_data_extraction/bootstrap/hkg_tmax_elite_codex_bootstrap/hkg_tmax_elite_codex/data/_pipeline_internal/raw/gribstream_tactical_full_tactical_backfill_ok_tmax/ifsenfo/run_window_utc=20250803_180000_to_20250807_180000/c2446d89a4881690557604bce192429cf1a3f0614d13646b717c7fc562fe0dd3.ndjson.gz,api_fetched,0,,,
791,ifsenfo,completed,200,5,2025-08-08T18:00:00Z,2025-08-12T18:00:00Z,2040,2040,2040,2040,2040,26.583,22ee887700328e7fec756cd6ac9609709b5650aacd115d7bc5422c875b411427,full_tactical_backfill_ok_tmax_ifsenfo_22ee88770032,C:/Users/ahmad/Desktop/generalFiles/git/weather_markets/weather_data_extraction/bootstrap/hkg_tmax_elite_codex_bootstrap/hkg_tmax_elite_codex/data/_pipeline_internal/raw/gribstream_tactical_full_tactical_backfill_ok_tmax/ifsenfo/run_window_utc=20250808_180000_to_20250812_180000/22ee887700328e7fec756cd6ac9609709b5650aacd115d7bc5422c875b411427.ndjson.gz,api_fetched,0,,,
792,ifsenfo,completed,200,5,2025-08-13T18:00:00Z,2025-08-17T18:00:00Z,2040,2040,2040,2040,2040,26.334,7cdb2aad3c2b83e942eaa36e2af78445edcc83e9c34fdea149247b627d2652ad,full_tactical_backfill_ok_tmax_ifsenfo_7cdb2aad3c2b,C:/Users/ahmad/Desktop/generalFiles/git/weather_markets/weather_data_extraction/bootstrap/hkg_tmax_elite_codex_bootstrap/hkg_tmax_elite_codex/data/_pipeline_internal/raw/gribstream_tactical_full_tactical_backfill_ok_tmax/ifsenfo/run_window_utc=20250813_180000_to_20250817_180000/7cdb2aad3c2b83e942eaa36e2af78445edcc83e9c34fdea149247b627d2652ad.ndjson.gz,api_fetched,0,,,
793,ifsenfo,completed,200,5,2025-08-18T18:00:00Z,2025-08-22T18:00:00Z,2040,2040,2040,2040,2040,25.939,d936a3061a75b314f22cc207683e3b9afe7d256c0aaaa62d288e0f7b42fea415,full_tactical_backfill_ok_tmax_ifsenfo_d936a3061a75,C:/Users/ahmad/Desktop/generalFiles/git/weather_markets/weather_data_extraction/bootstrap/hkg_tmax_elite_codex_bootstrap/hkg_tmax_elite_codex/data/_pipeline_internal/raw/gribstream_tactical_full_tactical_backfill_ok_tmax/ifsenfo/run_window_utc=20250818_180000_to_20250822_180000/d936a3061a75b314f22cc207683e3b9afe7d256c0aaaa62d288e0f7b42fea415.ndjson.gz,api_fetched,0,,,
794,ifsenfo,completed,200,5,2025-08-23T18:00:00Z,2025-08-27T18:00:00Z,2040,2040,2040,2040,2040,26.456,0b68c7daba900557cf577807699d06f7994f5acc161d31dd4515267c964c8976,full_tactical_backfill_ok_tmax_ifsenfo_0b68c7daba90,C:/Users/ahmad/Desktop/generalFiles/git/weather_markets/weather_data_extraction/bootstrap/hkg_tmax_elite_codex_bootstrap/hkg_tmax_elite_codex/data/_pipeline_internal/raw/gribstream_tactical_full_tactical_backfill_ok_tmax/ifsenfo/run_window_utc=20250823_180000_to_20250827_180000/0b68c7daba900557cf577807699d06f7994f5acc161d31dd4515267c964c8976.ndjson.gz,api_fetched,0,,,
795,ifsenfo,completed,200,5,2025-08-28T18:00:00Z,2025-09-01T18:00:00Z,2040,2040,2040,2040,2040,26.359,aadaddd96203fb13732ee25f954105a88e76f0d1ba94e0fdf5ff20c34e084a20,full_tactical_backfill_ok_tmax_ifsenfo_aadaddd96203,C:/Users/ahmad/Desktop/generalFiles/git/weather_markets/weather_data_extraction/bootstrap/hkg_tmax_elite_codex_bootstrap/hkg_tmax_elite_codex/data/_pipeline_internal/raw/gribstream_tactical_full_tactical_backfill_ok_tmax/ifsenfo/run_window_utc=20250828_180000_to_20250901_180000/aadaddd96203fb13732ee25f954105a88e76f0d1ba94e0fdf5ff20c34e084a20.ndjson.gz,api_fetched,0,,,
796,ifsenfo,completed,200,5,2025-09-02T18:00:00Z,2025-09-06T18:00:00Z,2040,2040,2040,2040,2040,26.236,39a2313221933882889e4615a51ef16c42abecfe83a62d95c3c9c3510e638f25,full_tactical_backfill_ok_tmax_ifsenfo_39a231322193,C:/Users/ahmad/Desktop/generalFiles/git/weather_markets/weather_data_extraction/bootstrap/hkg_tmax_elite_codex_bootstrap/hkg_tmax_elite_codex/data/_pipeline_internal/raw/gribstream_tactical_full_tactical_backfill_ok_tmax/ifsenfo/run_window_utc=20250902_180000_to_20250906_180000/39a2313221933882889e4615a51ef16c42abecfe83a62d95c3c9c3510e638f25.ndjson.gz,api_fetched,0,,,
797,ifsenfo,completed,200,5,2025-09-07T18:00:00Z,2025-09-11T18:00:00Z,2040,2040,2040,2040,2040,26.372,799959fe80deeec1db83caf024f847546802b1c1c9d811b5677058413068c3d4,full_tactical_backfill_ok_tmax_ifsenfo_799959fe80de,C:/Users/ahmad/Desktop/generalFiles/git/weather_markets/weather_data_extraction/bootstrap/hkg_tmax_elite_codex_bootstrap/hkg_tmax_elite_codex/data/_pipeline_internal/raw/gribstream_tactical_full_tactical_backfill_ok_tmax/ifsenfo/run_window_utc=20250907_180000_to_20250911_180000/799959fe80deeec1db83caf024f847546802b1c1c9d811b5677058413068c3d4.ndjson.gz,api_fetched,0,,,
798,ifsenfo,completed,200,5,2025-09-12T18:00:00Z,2025-09-16T18:00:00Z,2040,2040,2040,2040,2040,26.381,356af9af5b7946a2421a3fc5a3472d3a034569e89c59e437a500004587fc8592,full_tactical_backfill_ok_tmax_ifsenfo_356af9af5b79,C:/Users/ahmad/Desktop/generalFiles/git/weather_markets/weather_data_extraction/bootstrap/hkg_tmax_elite_codex_bootstrap/hkg_tmax_elite_codex/data/_pipeline_internal/raw/gribstream_tactical_full_tactical_backfill_ok_tmax/ifsenfo/run_window_utc=20250912_180000_to_20250916_180000/356af9af5b7946a2421a3fc5a3472d3a034569e89c59e437a500004587fc8592.ndjson.gz,api_fetched,0,,,
799,ifsenfo,completed,200,5,2025-09-17T18:00:00Z,2025-09-21T18:00:00Z,2040,2040,2040,2040,2040,26.514,e2bb695c8db59f87e3fd95797059a6e9e7d53a7d45ab523fd40d9144c360f9de,full_tactical_backfill_ok_tmax_ifsenfo_e2bb695c8db5,C:/Users/ahmad/Desktop/generalFiles/git/weather_markets/weather_data_extraction/bootstrap/hkg_tmax_elite_codex_bootstrap/hkg_tmax_elite_codex/data/_pipeline_internal/raw/gribstream_tactical_full_tactical_backfill_ok_tmax/ifsenfo/run_window_utc=20250917_180000_to_20250921_180000/e2bb695c8db59f87e3fd95797059a6e9e7d53a7d45ab523fd40d9144c360f9de.ndjson.gz,api_fetched,0,,,
800,ifsenfo,completed,200,5,2025-09-22T18:00:00Z,2025-09-26T18:00:00Z,2040,2040,2040,2040,2040,26.312,d558e8a26ab3db89c5e814a272b83054bfdec0498921b376f364daa3eab6845e,full_tactical_backfill_ok_tmax_ifsenfo_d558e8a26ab3,C:/Users/ahmad/Desktop/generalFiles/git/weather_markets/weather_data_extraction/bootstrap/hkg_tmax_elite_codex_bootstrap/hkg_tmax_elite_codex/data/_pipeline_internal/raw/gribstream_tactical_full_tactical_backfill_ok_tmax/ifsenfo/run_window_utc=20250922_180000_to_20250926_180000/d558e8a26ab3db89c5e814a272b83054bfdec0498921b376f364daa3eab6845e.ndjson.gz,api_fetched,0,,,
801,ifsenfo,completed,200,5,2025-09-27T18:00:00Z,2025-10-01T18:00:00Z,2040,2040,2040,2040,2040,26.394,075cbd92667e44de681d657ae725ed464b21548ed14dfa0b9b95d0b3a3f104b9,full_tactical_backfill_ok_tmax_ifsenfo_075cbd92667e,C:/Users/ahmad/Desktop/generalFiles/git/weather_markets/weather_data_extraction/bootstrap/hkg_tmax_elite_codex_bootstrap/hkg_tmax_elite_codex/data/_pipeline_internal/raw/gribstream_tactical_full_tactical_backfill_ok_tmax/ifsenfo/run_window_utc=20250927_180000_to_20251001_180000/075cbd92667e44de681d657ae725ed464b21548ed14dfa0b9b95d0b3a3f104b9.ndjson.gz,api_fetched,0,,,
802,ifsenfo,completed,200,5,2025-10-02T18:00:00Z,2025-10-06T18:00:00Z,2040,2040,2040,2040,2040,26.029,973b61c2e8a53549b5aa1d14ed2a0da04ec69d993cfb40fdb6d6e653c7938da3,full_tactical_backfill_ok_tmax_ifsenfo_973b61c2e8a5,C:/Users/ahmad/Desktop/generalFiles/git/weather_markets/weather_data_extraction/bootstrap/hkg_tmax_elite_codex_bootstrap/hkg_tmax_elite_codex/data/_pipeline_internal/raw/gribstream_tactical_full_tactical_backfill_ok_tmax/ifsenfo/run_window_utc=20251002_180000_to_20251006_180000/973b61c2e8a53549b5aa1d14ed2a0da04ec69d993cfb40fdb6d6e653c7938da3.ndjson.gz,api_fetched,0,,,
803,ifsenfo,completed,200,5,2025-10-07T18:00:00Z,2025-10-11T18:00:00Z,2040,2040,2040,2040,2040,26.145,c7cd7df6e2ac75f796b89bdad29ac2a52e4088fb2e215081f472305b67918554,full_tactical_backfill_ok_tmax_ifsenfo_c7cd7df6e2ac,C:/Users/ahmad/Desktop/generalFiles/git/weather_markets/weather_data_extraction/bootstrap/hkg_tmax_elite_codex_bootstrap/hkg_tmax_elite_codex/data/_pipeline_internal/raw/gribstream_tactical_full_tactical_backfill_ok_tmax/ifsenfo/run_window_utc=20251007_180000_to_20251011_180000/c7cd7df6e2ac75f796b89bdad29ac2a52e4088fb2e215081f472305b67918554.ndjson.gz,api_fetched,0,,,
804,ifsenfo,completed,200,5,2025-10-12T18:00:00Z,2025-10-16T18:00:00Z,2040,2040,2040,2040,2040,26.013,72d61e40068228c393c41633b88ae877b1afbbfdf38d6a3df0c92fb0573a0446,full_tactical_backfill_ok_tmax_ifsenfo_72d61e400682,C:/Users/ahmad/Desktop/generalFiles/git/weather_markets/weather_data_extraction/bootstrap/hkg_tmax_elite_codex_bootstrap/hkg_tmax_elite_codex/data/_pipeline_internal/raw/gribstream_tactical_full_tactical_backfill_ok_tmax/ifsenfo/run_window_utc=20251012_180000_to_20251016_180000/72d61e40068228c393c41633b88ae877b1afbbfdf38d6a3df0c92fb0573a0446.ndjson.gz,api_fetched,0,,,
805,ifsenfo,completed,200,5,2025-10-17T18:00:00Z,2025-10-21T18:00:00Z,2040,2040,2040,2040,2040,26.127,75c3cb0996fb961438646971c6f5afbb21c3c17d8d01967d00d2ecd10493da08,full_tactical_backfill_ok_tmax_ifsenfo_75c3cb0996fb,C:/Users/ahmad/Desktop/generalFiles/git/weather_markets/weather_data_extraction/bootstrap/hkg_tmax_elite_codex_bootstrap/hkg_tmax_elite_codex/data/_pipeline_internal/raw/gribstream_tactical_full_tactical_backfill_ok_tmax/ifsenfo/run_window_utc=20251017_180000_to_20251021_180000/75c3cb0996fb961438646971c6f5afbb21c3c17d8d01967d00d2ecd10493da08.ndjson.gz,api_fetched,0,,,
806,ifsenfo,completed,200,5,2025-10-22T18:00:00Z,2025-10-26T18:00:00Z,2040,2040,2040,2040,2040,26.273,0bbc9cf2c664461b0afa41ff8a8827b85617365dda14f80137b20900328aebca,full_tactical_backfill_ok_tmax_ifsenfo_0bbc9cf2c664,C:/Users/ahmad/Desktop/generalFiles/git/weather_markets/weather_data_extraction/bootstrap/hkg_tmax_elite_codex_bootstrap/hkg_tmax_elite_codex/data/_pipeline_internal/raw/gribstream_tactical_full_tactical_backfill_ok_tmax/ifsenfo/run_window_utc=20251022_180000_to_20251026_180000/0bbc9cf2c664461b0afa41ff8a8827b85617365dda14f80137b20900328aebca.ndjson.gz,api_fetched,0,,,
807,ifsenfo,completed,200,5,2025-10-27T18:00:00Z,2025-10-31T18:00:00Z,2040,2040,2040,2040,2040,26.196,ee102b5d259fe835e36896d042f49d494e2e71c581d46325f7e7dbab5ca55e78,full_tactical_backfill_ok_tmax_ifsenfo_ee102b5d259f,C:/Users/ahmad/Desktop/generalFiles/git/weather_markets/weather_data_extraction/bootstrap/hkg_tmax_elite_codex_bootstrap/hkg_tmax_elite_codex/data/_pipeline_internal/raw/gribstream_tactical_full_tactical_backfill_ok_tmax/ifsenfo/run_window_utc=20251027_180000_to_20251031_180000/ee102b5d259fe835e36896d042f49d494e2e71c581d46325f7e7dbab5ca55e78.ndjson.gz,api_fetched,0,,,
808,ifsenfo,completed,200,5,2025-11-01T18:00:00Z,2025-11-05T18:00:00Z,2040,2040,2040,2040,2040,26.255,448d62f98e209a7e217e8c717a6180848825a50d36bed61ff432e69e7f998d5c,full_tactical_backfill_ok_tmax_ifsenfo_448d62f98e20,C:/Users/ahmad/Desktop/generalFiles/git/weather_markets/weather_data_extraction/bootstrap/hkg_tmax_elite_codex_bootstrap/hkg_tmax_elite_codex/data/_pipeline_internal/raw/gribstream_tactical_full_tactical_backfill_ok_tmax/ifsenfo/run_window_utc=20251101_180000_to_20251105_180000/448d62f98e209a7e217e8c717a6180848825a50d36bed61ff432e69e7f998d5c.ndjson.gz,api_fetched,0,,,
809,ifsenfo,completed,200,5,2025-11-06T18:00:00Z,2025-11-10T18:00:00Z,2040,2040,2040,2040,2040,26.151,ae773a45459baa27493404660005a74ddc529752b8b336b16c71d59687210062,full_tactical_backfill_ok_tmax_ifsenfo_ae773a45459b,C:/Users/ahmad/Desktop/generalFiles/git/weather_markets/weather_data_extraction/bootstrap/hkg_tmax_elite_codex_bootstrap/hkg_tmax_elite_codex/data/_pipeline_internal/raw/gribstream_tactical_full_tactical_backfill_ok_tmax/ifsenfo/run_window_utc=20251106_180000_to_20251110_180000/ae773a45459baa27493404660005a74ddc529752b8b336b16c71d59687210062.ndjson.gz,api_fetched,0,,,
810,ifsenfo,completed,200,5,2025-11-11T18:00:00Z,2025-11-15T18:00:00Z,2040,2040,2040,2040,2040,26.247,7a3b23115e028611c2fe0e930141ccc877841c90ce3beb4268a3c085dd02efb4,full_tactical_backfill_ok_tmax_ifsenfo_7a3b23115e02,C:/Users/ahmad/Desktop/generalFiles/git/weather_markets/weather_data_extraction/bootstrap/hkg_tmax_elite_codex_bootstrap/hkg_tmax_elite_codex/data/_pipeline_internal/raw/gribstream_tactical_full_tactical_backfill_ok_tmax/ifsenfo/run_window_utc=20251111_180000_to_20251115_180000/7a3b23115e028611c2fe0e930141ccc877841c90ce3beb4268a3c085dd02efb4.ndjson.gz,api_fetched,0,,,
811,ifsenfo,completed,200,5,2025-11-16T18:00:00Z,2025-11-20T18:00:00Z,2040,2040,2040,2040,2040,26.593,56248fa2bcdb0ca5906c6347aa650f22c544b660887ac376c10de15b7b967209,full_tactical_backfill_ok_tmax_ifsenfo_56248fa2bcdb,C:/Users/ahmad/Desktop/generalFiles/git/weather_markets/weather_data_extraction/bootstrap/hkg_tmax_elite_codex_bootstrap/hkg_tmax_elite_codex/data/_pipeline_internal/raw/gribstream_tactical_full_tactical_backfill_ok_tmax/ifsenfo/run_window_utc=20251116_180000_to_20251120_180000/56248fa2bcdb0ca5906c6347aa650f22c544b660887ac376c10de15b7b967209.ndjson.gz,api_fetched,0,,,
812,ifsenfo,completed,200,5,2025-11-21T18:00:00Z,2025-11-25T18:00:00Z,2040,2040,2040,2040,2040,29.434,b52accf5f634838130737eab564f8184d487d379f554c2dbf966f3d8a91472d4,full_tactical_backfill_ok_tmax_ifsenfo_b52accf5f634,C:/Users/ahmad/Desktop/generalFiles/git/weather_markets/weather_data_extraction/bootstrap/hkg_tmax_elite_codex_bootstrap/hkg_tmax_elite_codex/data/_pipeline_internal/raw/gribstream_tactical_full_tactical_backfill_ok_tmax/ifsenfo/run_window_utc=20251121_180000_to_20251125_180000/b52accf5f634838130737eab564f8184d487d379f554c2dbf966f3d8a91472d4.ndjson.gz,api_fetched,0,,,
813,ifsenfo,completed,200,5,2025-11-26T18:00:00Z,2025-11-30T18:00:00Z,2040,2040,2040,2040,2040,35.187,9ba412c8da2a07978bd2ee9979c86aa1080bdd062d65679d61cf98462f0817b7,full_tactical_backfill_ok_tmax_ifsenfo_9ba412c8da2a,C:/Users/ahmad/Desktop/generalFiles/git/weather_markets/weather_data_extraction/bootstrap/hkg_tmax_elite_codex_bootstrap/hkg_tmax_elite_codex/data/_pipeline_internal/raw/gribstream_tactical_full_tactical_backfill_ok_tmax/ifsenfo/run_window_utc=20251126_180000_to_20251130_180000/9ba412c8da2a07978bd2ee9979c86aa1080bdd062d65679d61cf98462f0817b7.ndjson.gz,api_fetched,0,,,
814,ifsenfo,completed,200,5,2025-12-01T18:00:00Z,2025-12-05T18:00:00Z,2040,2040,2040,2040,2040,32.217,c977292626c0ca2120d2253729f4ac655c16531a7722b8629e3d0ba0161aa16a,full_tactical_backfill_ok_tmax_ifsenfo_c977292626c0,C:/Users/ahmad/Desktop/generalFiles/git/weather_markets/weather_data_extraction/bootstrap/hkg_tmax_elite_codex_bootstrap/hkg_tmax_elite_codex/data/_pipeline_internal/raw/gribstream_tactical_full_tactical_backfill_ok_tmax/ifsenfo/run_window_utc=20251201_180000_to_20251205_180000/c977292626c0ca2120d2253729f4ac655c16531a7722b8629e3d0ba0161aa16a.ndjson.gz,api_fetched,0,,,
815,ifsenfo,completed,200,5,2025-12-06T18:00:00Z,2025-12-10T18:00:00Z,2040,2040,2040,2040,2040,27.522,64d0944e3b937b6ab50b0dcec7af8acd1cb65cde7c1a07fea7f1de389837029d,full_tactical_backfill_ok_tmax_ifsenfo_64d0944e3b93,C:/Users/ahmad/Desktop/generalFiles/git/weather_markets/weather_data_extraction/bootstrap/hkg_tmax_elite_codex_bootstrap/hkg_tmax_elite_codex/data/_pipeline_internal/raw/gribstream_tactical_full_tactical_backfill_ok_tmax/ifsenfo/run_window_utc=20251206_180000_to_20251210_180000/64d0944e3b937b6ab50b0dcec7af8acd1cb65cde7c1a07fea7f1de389837029d.ndjson.gz,api_fetched,0,,,
816,ifsenfo,completed,200,5,2025-12-11T18:00:00Z,2025-12-15T18:00:00Z,2040,2040,2040,2040,2040,27.252,a97d48d084feb74a02eb8e7deff8f45e6d9fa37d1ce2ff62762379a64b821f29,full_tactical_backfill_ok_tmax_ifsenfo_a97d48d084fe,C:/Users/ahmad/Desktop/generalFiles/git/weather_markets/weather_data_extraction/bootstrap/hkg_tmax_elite_codex_bootstrap/hkg_tmax_elite_codex/data/_pipeline_internal/raw/gribstream_tactical_full_tactical_backfill_ok_tmax/ifsenfo/run_window_utc=20251211_180000_to_20251215_180000/a97d48d084feb74a02eb8e7deff8f45e6d9fa37d1ce2ff62762379a64b821f29.ndjson.gz,api_fetched,0,,,
817,ifsenfo,completed,200,5,2025-12-16T18:00:00Z,2025-12-20T18:00:00Z,2040,2040,2040,2040,2040,27.113,a714ccf59c78a7688ab7e14c4c19166811549d427a7c1b8431f322572608e39c,full_tactical_backfill_ok_tmax_ifsenfo_a714ccf59c78,C:/Users/ahmad/Desktop/generalFiles/git/weather_markets/weather_data_extraction/bootstrap/hkg_tmax_elite_codex_bootstrap/hkg_tmax_elite_codex/data/_pipeline_internal/raw/gribstream_tactical_full_tactical_backfill_ok_tmax/ifsenfo/run_window_utc=20251216_180000_to_20251220_180000/a714ccf59c78a7688ab7e14c4c19166811549d427a7c1b8431f322572608e39c.ndjson.gz,api_fetched,0,,,
818,ifsenfo,completed,200,5,2025-12-21T18:00:00Z,2025-12-25T18:00:00Z,2040,2040,2040,2040,2040,27.162,4238a7a819a325090e1363bda987675c13f674717a8e59df42b4cfd3068a6336,full_tactical_backfill_ok_tmax_ifsenfo_4238a7a819a3,C:/Users/ahmad/Desktop/generalFiles/git/weather_markets/weather_data_extraction/bootstrap/hkg_tmax_elite_codex_bootstrap/hkg_tmax_elite_codex/data/_pipeline_internal/raw/gribstream_tactical_full_tactical_backfill_ok_tmax/ifsenfo/run_window_utc=20251221_180000_to_20251225_180000/4238a7a819a325090e1363bda987675c13f674717a8e59df42b4cfd3068a6336.ndjson.gz,api_fetched,0,,,
819,ifsenfo,completed,200,5,2025-12-26T18:00:00Z,2025-12-30T18:00:00Z,2040,2040,2040,2040,2040,26.953,e23f424b98ebdaabe97ebb302b1d9214e692b9bd6976931af86c6c8de168bae8,full_tactical_backfill_ok_tmax_ifsenfo_e23f424b98eb,C:/Users/ahmad/Desktop/generalFiles/git/weather_markets/weather_data_extraction/bootstrap/hkg_tmax_elite_codex_bootstrap/hkg_tmax_elite_codex/data/_pipeline_internal/raw/gribstream_tactical_full_tactical_backfill_ok_tmax/ifsenfo/run_window_utc=20251226_180000_to_20251230_180000/e23f424b98ebdaabe97ebb302b1d9214e692b9bd6976931af86c6c8de168bae8.ndjson.gz,api_fetched,0,,,
820,ifsenfo,completed,200,5,2025-12-31T18:00:00Z,2026-01-04T18:00:00Z,2040,2040,2040,2040,2040,27.052,46d0a8bbdc45dd8abaaf6811c33628bea120a59054f3b0fecfb3358eb3a01069,full_tactical_backfill_ok_tmax_ifsenfo_46d0a8bbdc45,C:/Users/ahmad/Desktop/generalFiles/git/weather_markets/weather_data_extraction/bootstrap/hkg_tmax_elite_codex_bootstrap/hkg_tmax_elite_codex/data/_pipeline_internal/raw/gribstream_tactical_full_tactical_backfill_ok_tmax/ifsenfo/run_window_utc=20251231_180000_to_20260104_180000/46d0a8bbdc45dd8abaaf6811c33628bea120a59054f3b0fecfb3358eb3a01069.ndjson.gz,api_fetched,0,,,
821,ifsenfo,completed,200,5,2026-01-05T18:00:00Z,2026-01-09T18:00:00Z,2040,2040,2040,2040,2040,26.543,b4d22b868d97f2166cf6969b17589ec96bd273b0824e25ec0be2d1d90f930869,full_tactical_backfill_ok_tmax_ifsenfo_b4d22b868d97,C:/Users/ahmad/Desktop/generalFiles/git/weather_markets/weather_data_extraction/bootstrap/hkg_tmax_elite_codex_bootstrap/hkg_tmax_elite_codex/data/_pipeline_internal/raw/gribstream_tactical_full_tactical_backfill_ok_tmax/ifsenfo/run_window_utc=20260105_180000_to_20260109_180000/b4d22b868d97f2166cf6969b17589ec96bd273b0824e25ec0be2d1d90f930869.ndjson.gz,api_fetched,0,,,
822,ifsenfo,completed,200,5,2026-01-10T18:00:00Z,2026-01-14T18:00:00Z,2040,2040,2040,2040,2040,26.858,3993b0fe251a874cd100dc466630d4a8e31ba15fdd357ad4b7c81abd32f9267a,full_tactical_backfill_ok_tmax_ifsenfo_3993b0fe251a,C:/Users/ahmad/Desktop/generalFiles/git/weather_markets/weather_data_extraction/bootstrap/hkg_tmax_elite_codex_bootstrap/hkg_tmax_elite_codex/data/_pipeline_internal/raw/gribstream_tactical_full_tactical_backfill_ok_tmax/ifsenfo/run_window_utc=20260110_180000_to_20260114_180000/3993b0fe251a874cd100dc466630d4a8e31ba15fdd357ad4b7c81abd32f9267a.ndjson.gz,api_fetched,0,,,
823,ifsenfo,completed,200,5,2026-01-15T18:00:00Z,2026-01-19T18:00:00Z,2040,2040,2040,2040,2040,26.862,cfaf22fe9dcc5e2abc9475a1618a4e5e7ea345ff1fc012c129e30318000e8822,full_tactical_backfill_ok_tmax_ifsenfo_cfaf22fe9dcc,C:/Users/ahmad/Desktop/generalFiles/git/weather_markets/weather_data_extraction/bootstrap/hkg_tmax_elite_codex_bootstrap/hkg_tmax_elite_codex/data/_pipeline_internal/raw/gribstream_tactical_full_tactical_backfill_ok_tmax/ifsenfo/run_window_utc=20260115_180000_to_20260119_180000/cfaf22fe9dcc5e2abc9475a1618a4e5e7ea345ff1fc012c129e30318000e8822.ndjson.gz,api_fetched,0,,,
824,ifsenfo,completed,200,5,2026-01-20T18:00:00Z,2026-01-24T18:00:00Z,2040,2040,2040,2040,2040,26.684,dd8e9c65a09e029e01ce60cf00e9f0d1f1372f6fd7977112f18b8e7cfdc891fc,full_tactical_backfill_ok_tmax_ifsenfo_dd8e9c65a09e,C:/Users/ahmad/Desktop/generalFiles/git/weather_markets/weather_data_extraction/bootstrap/hkg_tmax_elite_codex_bootstrap/hkg_tmax_elite_codex/data/_pipeline_internal/raw/gribstream_tactical_full_tactical_backfill_ok_tmax/ifsenfo/run_window_utc=20260120_180000_to_20260124_180000/dd8e9c65a09e029e01ce60cf00e9f0d1f1372f6fd7977112f18b8e7cfdc891fc.ndjson.gz,api_fetched,0,,,
825,ifsenfo,completed,200,5,2026-01-25T18:00:00Z,2026-01-29T18:00:00Z,2040,2040,2040,2040,2040,26.715,1af9fd0143847d599d03006830822a1bb7cf22b1df5230620cc9ac0149e74c2f,full_tactical_backfill_ok_tmax_ifsenfo_1af9fd014384,C:/Users/ahmad/Desktop/generalFiles/git/weather_markets/weather_data_extraction/bootstrap/hkg_tmax_elite_codex_bootstrap/hkg_tmax_elite_codex/data/_pipeline_internal/raw/gribstream_tactical_full_tactical_backfill_ok_tmax/ifsenfo/run_window_utc=20260125_180000_to_20260129_180000/1af9fd0143847d599d03006830822a1bb7cf22b1df5230620cc9ac0149e74c2f.ndjson.gz,api_fetched,0,,,
826,ifsenfo,completed,200,5,2026-01-30T18:00:00Z,2026-02-03T18:00:00Z,2040,2040,2040,2040,2040,26.445,370462f588cea9c006317aa34feb39288dda95d00bc7a3a8bf273d06dda846f6,full_tactical_backfill_ok_tmax_ifsenfo_370462f588ce,C:/Users/ahmad/Desktop/generalFiles/git/weather_markets/weather_data_extraction/bootstrap/hkg_tmax_elite_codex_bootstrap/hkg_tmax_elite_codex/data/_pipeline_internal/raw/gribstream_tactical_full_tactical_backfill_ok_tmax/ifsenfo/run_window_utc=20260130_180000_to_20260203_180000/370462f588cea9c006317aa34feb39288dda95d00bc7a3a8bf273d06dda846f6.ndjson.gz,api_fetched,0,,,
827,ifsenfo,completed,200,5,2026-02-04T18:00:00Z,2026-02-08T18:00:00Z,2040,2040,2040,2040,2040,26.296,f990c12bc24c934ca3dcc7d30647ee4afe662b60228508b13d19137642bbf4e3,full_tactical_backfill_ok_tmax_ifsenfo_f990c12bc24c,C:/Users/ahmad/Desktop/generalFiles/git/weather_markets/weather_data_extraction/bootstrap/hkg_tmax_elite_codex_bootstrap/hkg_tmax_elite_codex/data/_pipeline_internal/raw/gribstream_tactical_full_tactical_backfill_ok_tmax/ifsenfo/run_window_utc=20260204_180000_to_20260208_180000/f990c12bc24c934ca3dcc7d30647ee4afe662b60228508b13d19137642bbf4e3.ndjson.gz,api_fetched,0,,,
828,ifsenfo,completed,200,5,2026-02-09T18:00:00Z,2026-02-13T18:00:00Z,2040,2040,2040,2040,2040,27.437,184fcd6353b12f635a76afb347014bb61a02f86310de415403da3d3396fdaaaa,full_tactical_backfill_ok_tmax_ifsenfo_184fcd6353b1,C:/Users/ahmad/Desktop/generalFiles/git/weather_markets/weather_data_extraction/bootstrap/hkg_tmax_elite_codex_bootstrap/hkg_tmax_elite_codex/data/_pipeline_internal/raw/gribstream_tactical_full_tactical_backfill_ok_tmax/ifsenfo/run_window_utc=20260209_180000_to_20260213_180000/184fcd6353b12f635a76afb347014bb61a02f86310de415403da3d3396fdaaaa.ndjson.gz,api_fetched,0,,,
829,ifsenfo,completed,200,5,2026-02-14T18:00:00Z,2026-02-18T18:00:00Z,2040,2040,2040,2040,2040,28.262,9440219ee4a8eccf2c5723d3bc9550b7f7571758e17c44bf373269570dbc071d,full_tactical_backfill_ok_tmax_ifsenfo_9440219ee4a8,C:/Users/ahmad/Desktop/generalFiles/git/weather_markets/weather_data_extraction/bootstrap/hkg_tmax_elite_codex_bootstrap/hkg_tmax_elite_codex/data/_pipeline_internal/raw/gribstream_tactical_full_tactical_backfill_ok_tmax/ifsenfo/run_window_utc=20260214_180000_to_20260218_180000/9440219ee4a8eccf2c5723d3bc9550b7f7571758e17c44bf373269570dbc071d.ndjson.gz,api_fetched,0,,,
830,ifsenfo,completed,200,5,2026-02-19T18:00:00Z,2026-02-23T18:00:00Z,2040,2040,2040,2040,2040,28.247,63398349e3a8b1bcc79ebff9ebdfe2c5259da7833ae19446f522c93bab5254c5,full_tactical_backfill_ok_tmax_ifsenfo_63398349e3a8,C:/Users/ahmad/Desktop/generalFiles/git/weather_markets/weather_data_extraction/bootstrap/hkg_tmax_elite_codex_bootstrap/hkg_tmax_elite_codex/data/_pipeline_internal/raw/gribstream_tactical_full_tactical_backfill_ok_tmax/ifsenfo/run_window_utc=20260219_180000_to_20260223_180000/63398349e3a8b1bcc79ebff9ebdfe2c5259da7833ae19446f522c93bab5254c5.ndjson.gz,api_fetched,0,,,
831,ifsenfo,completed,200,5,2026-02-24T18:00:00Z,2026-02-28T18:00:00Z,2040,2040,2040,2040,2040,28.459,08c6b3eb64585d56d28d781ecef449aaf4d141dbd19f862cc935b3032e231789,full_tactical_backfill_ok_tmax_ifsenfo_08c6b3eb6458,C:/Users/ahmad/Desktop/generalFiles/git/weather_markets/weather_data_extraction/bootstrap/hkg_tmax_elite_codex_bootstrap/hkg_tmax_elite_codex/data/_pipeline_internal/raw/gribstream_tactical_full_tactical_backfill_ok_tmax/ifsenfo/run_window_utc=20260224_180000_to_20260228_180000/08c6b3eb64585d56d28d781ecef449aaf4d141dbd19f862cc935b3032e231789.ndjson.gz,api_fetched,0,,,
832,ifsenfo,completed,200,5,2026-03-01T18:00:00Z,2026-03-05T18:00:00Z,2040,2040,2040,2040,2040,27.879,3a8058ef47ce0f286ad536b33d68703bbfa0c5ccb497a345998b39f589b91b9b,full_tactical_backfill_ok_tmax_ifsenfo_3a8058ef47ce,C:/Users/ahmad/Desktop/generalFiles/git/weather_markets/weather_data_extraction/bootstrap/hkg_tmax_elite_codex_bootstrap/hkg_tmax_elite_codex/data/_pipeline_internal/raw/gribstream_tactical_full_tactical_backfill_ok_tmax/ifsenfo/run_window_utc=20260301_180000_to_20260305_180000/3a8058ef47ce0f286ad536b33d68703bbfa0c5ccb497a345998b39f589b91b9b.ndjson.gz,api_fetched,0,,,
833,ifsenfo,completed,200,5,2026-03-06T18:00:00Z,2026-03-10T18:00:00Z,2040,2040,2040,2040,2040,28.155,be87d42d60fbc5faaed15bd92593a72508123925beb63fb9a700ef23b0b7a30b,full_tactical_backfill_ok_tmax_ifsenfo_be87d42d60fb,C:/Users/ahmad/Desktop/generalFiles/git/weather_markets/weather_data_extraction/bootstrap/hkg_tmax_elite_codex_bootstrap/hkg_tmax_elite_codex/data/_pipeline_internal/raw/gribstream_tactical_full_tactical_backfill_ok_tmax/ifsenfo/run_window_utc=20260306_180000_to_20260310_180000/be87d42d60fbc5faaed15bd92593a72508123925beb63fb9a700ef23b0b7a30b.ndjson.gz,api_fetched,0,,,
834,ifsenfo,completed,200,5,2026-03-11T18:00:00Z,2026-03-15T18:00:00Z,2040,2040,2040,2040,2040,28.15,68e063114a5c8c1ea9ac3a4616bb83dc5f4857101bab16c17a609bba829b2fd1,full_tactical_backfill_ok_tmax_ifsenfo_68e063114a5c,C:/Users/ahmad/Desktop/generalFiles/git/weather_markets/weather_data_extraction/bootstrap/hkg_tmax_elite_codex_bootstrap/hkg_tmax_elite_codex/data/_pipeline_internal/raw/gribstream_tactical_full_tactical_backfill_ok_tmax/ifsenfo/run_window_utc=20260311_180000_to_20260315_180000/68e063114a5c8c1ea9ac3a4616bb83dc5f4857101bab16c17a609bba829b2fd1.ndjson.gz,api_fetched,0,,,
835,ifsenfo,completed,200,5,2026-03-16T18:00:00Z,2026-03-20T18:00:00Z,2040,2040,2040,2040,2040,28.258,31529de37458624b6791f199e216299b0ccd253734a671025ac55cecb7d851e0,full_tactical_backfill_ok_tmax_ifsenfo_31529de37458,C:/Users/ahmad/Desktop/generalFiles/git/weather_markets/weather_data_extraction/bootstrap/hkg_tmax_elite_codex_bootstrap/hkg_tmax_elite_codex/data/_pipeline_internal/raw/gribstream_tactical_full_tactical_backfill_ok_tmax/ifsenfo/run_window_utc=20260316_180000_to_20260320_180000/31529de37458624b6791f199e216299b0ccd253734a671025ac55cecb7d851e0.ndjson.gz,api_fetched,0,,,
836,ifsenfo,completed,200,5,2026-03-21T18:00:00Z,2026-03-25T18:00:00Z,2040,2040,2040,2040,2040,28.175,23d9d556a7dc58828a86b09810f5a55356b2af94c777da103929d4c3720f6c1b,full_tactical_backfill_ok_tmax_ifsenfo_23d9d556a7dc,C:/Users/ahmad/Desktop/generalFiles/git/weather_markets/weather_data_extraction/bootstrap/hkg_tmax_elite_codex_bootstrap/hkg_tmax_elite_codex/data/_pipeline_internal/raw/gribstream_tactical_full_tactical_backfill_ok_tmax/ifsenfo/run_window_utc=20260321_180000_to_20260325_180000/23d9d556a7dc58828a86b09810f5a55356b2af94c777da103929d4c3720f6c1b.ndjson.gz,api_fetched,0,,,
837,ifsenfo,completed,200,5,2026-03-26T18:00:00Z,2026-03-30T18:00:00Z,2040,2040,2040,2040,2040,28.33,b560ffebf17c70e425530775980ec8fc5546790980348443f0fab1aee895f6f1,full_tactical_backfill_ok_tmax_ifsenfo_b560ffebf17c,C:/Users/ahmad/Desktop/generalFiles/git/weather_markets/weather_data_extraction/bootstrap/hkg_tmax_elite_codex_bootstrap/hkg_tmax_elite_codex/data/_pipeline_internal/raw/gribstream_tactical_full_tactical_backfill_ok_tmax/ifsenfo/run_window_utc=20260326_180000_to_20260330_180000/b560ffebf17c70e425530775980ec8fc5546790980348443f0fab1aee895f6f1.ndjson.gz,api_fetched,0,,,
838,ifsenfo,completed,200,5,2026-03-31T18:00:00Z,2026-04-04T18:00:00Z,2040,2040,2040,2040,2040,28.402,58d8a52b445972e533c6a3858f41952aae538362f06dfca4f5a1ca2afdc82924,full_tactical_backfill_ok_tmax_ifsenfo_58d8a52b4459,C:/Users/ahmad/Desktop/generalFiles/git/weather_markets/weather_data_extraction/bootstrap/hkg_tmax_elite_codex_bootstrap/hkg_tmax_elite_codex/data/_pipeline_internal/raw/gribstream_tactical_full_tactical_backfill_ok_tmax/ifsenfo/run_window_utc=20260331_180000_to_20260404_180000/58d8a52b445972e533c6a3858f41952aae538362f06dfca4f5a1ca2afdc82924.ndjson.gz,api_fetched,0,,,
839,ifsenfo,completed,200,5,2026-04-05T18:00:00Z,2026-04-09T18:00:00Z,2040,2040,2040,2040,2040,28.223,cbaf9b541b558a5287e99337e96cf319c3d4a4705f4261b5d15a03d0241de345,full_tactical_backfill_ok_tmax_ifsenfo_cbaf9b541b55,C:/Users/ahmad/Desktop/generalFiles/git/weather_markets/weather_data_extraction/bootstrap/hkg_tmax_elite_codex_bootstrap/hkg_tmax_elite_codex/data/_pipeline_internal/raw/gribstream_tactical_full_tactical_backfill_ok_tmax/ifsenfo/run_window_utc=20260405_180000_to_20260409_180000/cbaf9b541b558a5287e99337e96cf319c3d4a4705f4261b5d15a03d0241de345.ndjson.gz,api_fetched,0,,,
840,ifsenfo,completed,200,5,2026-04-10T18:00:00Z,2026-04-14T18:00:00Z,2040,2040,2040,2040,2040,28.26,abbdf19dcf92086fb3b16d0d815767a5c64d9631ff1a85bbff7ccf386f080942,full_tactical_backfill_ok_tmax_ifsenfo_abbdf19dcf92,C:/Users/ahmad/Desktop/generalFiles/git/weather_markets/weather_data_extraction/bootstrap/hkg_tmax_elite_codex_bootstrap/hkg_tmax_elite_codex/data/_pipeline_internal/raw/gribstream_tactical_full_tactical_backfill_ok_tmax/ifsenfo/run_window_utc=20260410_180000_to_20260414_180000/abbdf19dcf92086fb3b16d0d815767a5c64d9631ff1a85bbff7ccf386f080942.ndjson.gz,api_fetched,0,,,
841,ifsenfo,completed,200,5,2026-04-15T18:00:00Z,2026-04-19T18:00:00Z,2040,2040,2040,2040,2040,28.125,1aa192fda506f8eedb0a15194e083da86112770c7b848e3e51c09283528c8485,full_tactical_backfill_ok_tmax_ifsenfo_1aa192fda506,C:/Users/ahmad/Desktop/generalFiles/git/weather_markets/weather_data_extraction/bootstrap/hkg_tmax_elite_codex_bootstrap/hkg_tmax_elite_codex/data/_pipeline_internal/raw/gribstream_tactical_full_tactical_backfill_ok_tmax/ifsenfo/run_window_utc=20260415_180000_to_20260419_180000/1aa192fda506f8eedb0a15194e083da86112770c7b848e3e51c09283528c8485.ndjson.gz,api_fetched,0,,,
842,ifsenfo,completed,200,5,2026-04-20T18:00:00Z,2026-04-24T18:00:00Z,2040,2040,2040,2040,2040,28.089,c2602b58cd6fbba83f19ecfb636b158481c348073ab9268aa8d580476549f609,full_tactical_backfill_ok_tmax_ifsenfo_c2602b58cd6f,C:/Users/ahmad/Desktop/generalFiles/git/weather_markets/weather_data_extraction/bootstrap/hkg_tmax_elite_codex_bootstrap/hkg_tmax_elite_codex/data/_pipeline_internal/raw/gribstream_tactical_full_tactical_backfill_ok_tmax/ifsenfo/run_window_utc=20260420_180000_to_20260424_180000/c2602b58cd6fbba83f19ecfb636b158481c348073ab9268aa8d580476549f609.ndjson.gz,api_fetched,0,,,
843,ifsenfo,completed,200,5,2026-04-25T18:00:00Z,2026-04-29T18:00:00Z,2040,2040,2040,2040,2040,28.491,320c69362b1ee0aa71945775b1b71852d075dddccf1dbaa3ac99060e2b13b412,full_tactical_backfill_ok_tmax_ifsenfo_320c69362b1e,C:/Users/ahmad/Desktop/generalFiles/git/weather_markets/weather_data_extraction/bootstrap/hkg_tmax_elite_codex_bootstrap/hkg_tmax_elite_codex/data/_pipeline_internal/raw/gribstream_tactical_full_tactical_backfill_ok_tmax/ifsenfo/run_window_utc=20260425_180000_to_20260429_180000/320c69362b1ee0aa71945775b1b71852d075dddccf1dbaa3ac99060e2b13b412.ndjson.gz,api_fetched,0,,,
844,ifsenfo,completed,200,5,2026-04-30T18:00:00Z,2026-05-04T18:00:00Z,2040,2040,2040,2040,2040,28.331,231d5adef9f5456aedf5b40f24f81d255b7d5cacb1782a6a7cbbc26dd7da66e6,full_tactical_backfill_ok_tmax_ifsenfo_231d5adef9f5,C:/Users/ahmad/Desktop/generalFiles/git/weather_markets/weather_data_extraction/bootstrap/hkg_tmax_elite_codex_bootstrap/hkg_tmax_elite_codex/data/_pipeline_internal/raw/gribstream_tactical_full_tactical_backfill_ok_tmax/ifsenfo/run_window_utc=20260430_180000_to_20260504_180000/231d5adef9f5456aedf5b40f24f81d255b7d5cacb1782a6a7cbbc26dd7da66e6.ndjson.gz,api_fetched,0,,,
845,ifsenfo,completed,200,5,2026-05-05T18:00:00Z,2026-05-09T18:00:00Z,2040,2040,2040,2040,2040,28.971,14f74022e8117b40b3b5d58951fa9ab9da24b26b416c222a1e984b3a809cc4ed,full_tactical_backfill_ok_tmax_ifsenfo_14f74022e811,C:/Users/ahmad/Desktop/generalFiles/git/weather_markets/weather_data_extraction/bootstrap/hkg_tmax_elite_codex_bootstrap/hkg_tmax_elite_codex/data/_pipeline_internal/raw/gribstream_tactical_full_tactical_backfill_ok_tmax/ifsenfo/run_window_utc=20260505_180000_to_20260509_180000/14f74022e8117b40b3b5d58951fa9ab9da24b26b416c222a1e984b3a809cc4ed.ndjson.gz,api_fetched,0,,,
846,ifsenfo,completed,200,5,2026-05-10T18:00:00Z,2026-05-14T18:00:00Z,2016,2016,2016,2040,2040,28.705,61d03d8d09b35d5d73eba29ae1bfb083cb227e8499c7d527bfa064c8bcc6bc40,full_tactical_backfill_ok_tmax_ifsenfo_61d03d8d09b3,C:/Users/ahmad/Desktop/generalFiles/git/weather_markets/weather_data_extraction/bootstrap/hkg_tmax_elite_codex_bootstrap/hkg_tmax_elite_codex/data/_pipeline_internal/raw/gribstream_tactical_full_tactical_backfill_ok_tmax/ifsenfo/run_window_utc=20260510_180000_to_20260514_180000/61d03d8d09b35d5d73eba29ae1bfb083cb227e8499c7d527bfa064c8bcc6bc40.ndjson.gz,api_fetched,0,,,
847,ifsenfo,failed,200,5,2026-05-15T18:00:00Z,2026-05-19T18:00:00Z,2000,2000,2000,2040,2040,28.251,da15c3c7ffa2a5c8e82fde6a23cd8c160de5523b1f52eef7b1c04e6c353d1dc1,full_tactical_backfill_ok_tmax_ifsenfo_da15c3c7ffa2,C:/Users/ahmad/Desktop/generalFiles/git/weather_markets/weather_data_extraction/bootstrap/hkg_tmax_elite_codex_bootstrap/hkg_tmax_elite_codex/data/_pipeline_internal/raw/gribstream_tactical_full_tactical_backfill_ok_tmax/ifsenfo/run_window_utc=20260515_180000_to_20260519_180000/da15c3c7ffa2a5c8e82fde6a23cd8c160de5523b1f52eef7b1c04e6c353d1dc1.ndjson.gz,api_fetched,1,missing_members=[0],,
848,ifsenfo,failed,200,5,2026-05-20T18:00:00Z,2026-05-24T18:00:00Z,2000,2000,2000,2040,2040,27.749,da874a77aea2724fcefb14847378465de13fdb36840632d0afac64a57e050d3d,full_tactical_backfill_ok_tmax_ifsenfo_da874a77aea2,C:/Users/ahmad/Desktop/generalFiles/git/weather_markets/weather_data_extraction/bootstrap/hkg_tmax_elite_codex_bootstrap/hkg_tmax_elite_codex/data/_pipeline_internal/raw/gribstream_tactical_full_tactical_backfill_ok_tmax/ifsenfo/run_window_utc=20260520_180000_to_20260524_180000/da874a77aea2724fcefb14847378465de13fdb36840632d0afac64a57e050d3d.ndjson.gz,api_fetched,1,missing_members=[0],,
849,ifsenfo,failed,200,5,2026-05-25T18:00:00Z,2026-05-29T18:00:00Z,2000,2000,2000,2040,2040,27.006,5473ed94fd684332e4e634f06442026dc6776a4b41278376519494425e78084b,full_tactical_backfill_ok_tmax_ifsenfo_5473ed94fd68,C:/Users/ahmad/Desktop/generalFiles/git/weather_markets/weather_data_extraction/bootstrap/hkg_tmax_elite_codex_bootstrap/hkg_tmax_elite_codex/data/_pipeline_internal/raw/gribstream_tactical_full_tactical_backfill_ok_tmax/ifsenfo/run_window_utc=20260525_180000_to_20260529_180000/5473ed94fd684332e4e634f06442026dc6776a4b41278376519494425e78084b.ndjson.gz,api_fetched,1,missing_members=[0],,
850,ifsenfo,failed,200,5,2026-05-30T18:00:00Z,2026-06-03T18:00:00Z,2000,2000,2000,2040,2040,26.814,de7a20d0125aebf5225e24a74b2c9215d2e2b234ac5b6e613c9c126a90a2c4e8,full_tactical_backfill_ok_tmax_ifsenfo_de7a20d0125a,C:/Users/ahmad/Desktop/generalFiles/git/weather_markets/weather_data_extraction/bootstrap/hkg_tmax_elite_codex_bootstrap/hkg_tmax_elite_codex/data/_pipeline_internal/raw/gribstream_tactical_full_tactical_backfill_ok_tmax/ifsenfo/run_window_utc=20260530_180000_to_20260603_180000/de7a20d0125aebf5225e24a74b2c9215d2e2b234ac5b6e613c9c126a90a2c4e8.ndjson.gz,api_fetched,1,missing_members=[0],,
851,ifsenfo,failed,200,5,2026-06-04T18:00:00Z,2026-06-08T18:00:00Z,2000,2000,2000,2040,2040,26.943,c9dd4f4960840737ccd72d9e7d3ff6f405fae524ff5ef3e146d37aade484b890,full_tactical_backfill_ok_tmax_ifsenfo_c9dd4f496084,C:/Users/ahmad/Desktop/generalFiles/git/weather_markets/weather_data_extraction/bootstrap/hkg_tmax_elite_codex_bootstrap/hkg_tmax_elite_codex/data/_pipeline_internal/raw/gribstream_tactical_full_tactical_backfill_ok_tmax/ifsenfo/run_window_utc=20260604_180000_to_20260608_180000/c9dd4f4960840737ccd72d9e7d3ff6f405fae524ff5ef3e146d37aade484b890.ndjson.gz,api_fetched,1,missing_members=[0],,
852,ifsenfo,failed,200,5,2026-06-09T18:00:00Z,2026-06-13T18:00:00Z,2000,2000,2000,2040,2040,26.962,920b110426b63fa6e2bd268f2c84c79b8101007a4ac31ff46356af9e938ba624,full_tactical_backfill_ok_tmax_ifsenfo_920b110426b6,C:/Users/ahmad/Desktop/generalFiles/git/weather_markets/weather_data_extraction/bootstrap/hkg_tmax_elite_codex_bootstrap/hkg_tmax_elite_codex/data/_pipeline_internal/raw/gribstream_tactical_full_tactical_backfill_ok_tmax/ifsenfo/run_window_utc=20260609_180000_to_20260613_180000/920b110426b63fa6e2bd268f2c84c79b8101007a4ac31ff46356af9e938ba624.ndjson.gz,api_fetched,1,missing_members=[0],,
853,ifsenfo,failed,200,5,2026-06-14T18:00:00Z,2026-06-18T18:00:00Z,2000,2000,2000,2040,2040,26.843,b565f7dd7fd492fa2f85a3012a8e6515942fcb1654d065b7a26c1bb35943f1cf,full_tactical_backfill_ok_tmax_ifsenfo_b565f7dd7fd4,C:/Users/ahmad/Desktop/generalFiles/git/weather_markets/weather_data_extraction/bootstrap/hkg_tmax_elite_codex_bootstrap/hkg_tmax_elite_codex/data/_pipeline_internal/raw/gribstream_tactical_full_tactical_backfill_ok_tmax/ifsenfo/run_window_utc=20260614_180000_to_20260618_180000/b565f7dd7fd492fa2f85a3012a8e6515942fcb1654d065b7a26c1bb35943f1cf.ndjson.gz,api_fetched,1,missing_members=[0],,
854,ifsenfo,failed,200,3,2026-06-19T18:00:00Z,2026-06-21T18:00:00Z,1200,1200,1200,1224,1224,16.484,29d539daa6b9c9c889a1f2631b0d7c2d86da41284683f2e9c816436de09e7768,full_tactical_backfill_ok_tmax_ifsenfo_29d539daa6b9,C:/Users/ahmad/Desktop/generalFiles/git/weather_markets/weather_data_extraction/bootstrap/hkg_tmax_elite_codex_bootstrap/hkg_tmax_elite_codex/data/_pipeline_internal/raw/gribstream_tactical_full_tactical_backfill_ok_tmax/ifsenfo/run_window_utc=20260619_180000_to_20260621_180000/29d539daa6b9c9c889a1f2631b0d7c2d86da41284683f2e9c816436de09e7768.ndjson.gz,api_fetched,1,missing_members=[0],,
855,cwawrf15,completed,200,3,2026-06-22T18:00:00Z,2026-06-24T18:00:00Z,180,180,150,150,180,0.248,bc3cf50cdbdcc16a589f75ed7da2b10126da8da4aa4c4f44cde4316aa685d12b,firstweek_cwawrf15_bc3cf50cdbdc,C:/Users/ahmad/Desktop/generalFiles/git/weather_markets/weather_data_extraction/bootstrap/hkg_tmax_elite_codex_bootstrap/hkg_tmax_elite_codex/data/_pipeline_internal/raw/gribstream_tactical_full_tactical_backfill_ok_tmax/cwawrf15/run_window_utc=20260622_180000_to_20260624_180000/bc3cf50cdbdcc16a589f75ed7da2b10126da8da4aa4c4f44cde4316aa685d12b.ndjson.gz,api_fetched,0,,,
856,aifsoper,completed,200,10,2025-02-25T18:00:00Z,2025-03-06T18:00:00Z,600,600,400,400,600,19.043,79194517da9a108b353baf9cdbccd6e0e7317bc08909451c3896b8f9253bfdcb,batch_smoke_10w_aifsoper_79194517da9a,C:/Users/ahmad/Desktop/generalFiles/git/weather_markets/weather_data_extraction/bootstrap/hkg_tmax_elite_codex_bootstrap/hkg_tmax_elite_codex/data/_pipeline_internal/raw/gribstream_tactical_full_tactical_backfill_ok_tmax/aifsoper/run_window_utc=20250225_180000_to_20250306_180000/79194517da9a108b353baf9cdbccd6e0e7317bc08909451c3896b8f9253bfdcb.ndjson.gz,api_fetched,0,,,
857,aifsoper,completed,200,10,2025-03-07T18:00:00Z,2025-03-16T18:00:00Z,600,600,400,400,600,11.639,e9e4db1f156dda5c1421a3f9d0d7f87bc366793fccce93a87c12680954623750,batch_smoke_10w_aifsoper_e9e4db1f156d,C:/Users/ahmad/Desktop/generalFiles/git/weather_markets/weather_data_extraction/bootstrap/hkg_tmax_elite_codex_bootstrap/hkg_tmax_elite_codex/data/_pipeline_internal/raw/gribstream_tactical_full_tactical_backfill_ok_tmax/aifsoper/run_window_utc=20250307_180000_to_20250316_180000/e9e4db1f156dda5c1421a3f9d0d7f87bc366793fccce93a87c12680954623750.ndjson.gz,api_fetched,0,,,
858,aifsoper,completed,200,10,2025-03-17T18:00:00Z,2025-03-26T18:00:00Z,600,600,400,400,600,11.604,1de98f9a981e5462066cb81c0cda0d4afdebc6777bd009ee5d4a641abda2c72c,batch_smoke_10w_aifsoper_1de98f9a981e,C:/Users/ahmad/Desktop/generalFiles/git/weather_markets/weather_data_extraction/bootstrap/hkg_tmax_elite_codex_bootstrap/hkg_tmax_elite_codex/data/_pipeline_internal/raw/gribstream_tactical_full_tactical_backfill_ok_tmax/aifsoper/run_window_utc=20250317_180000_to_20250326_180000/1de98f9a981e5462066cb81c0cda0d4afdebc6777bd009ee5d4a641abda2c72c.ndjson.gz,api_fetched,0,,,
859,aifsoper,completed,200,10,2025-03-27T18:00:00Z,2025-04-05T18:00:00Z,600,600,400,400,600,11.698,116b8b062daefafc16f234eed28c5426d3937dae59e32b7de8ab64c187e368cb,batch_smoke_10w_aifsoper_116b8b062dae,C:/Users/ahmad/Desktop/generalFiles/git/weather_markets/weather_data_extraction/bootstrap/hkg_tmax_elite_codex_bootstrap/hkg_tmax_elite_codex/data/_pipeline_internal/raw/gribstream_tactical_full_tactical_backfill_ok_tmax/aifsoper/run_window_utc=20250327_180000_to_20250405_180000/116b8b062daefafc16f234eed28c5426d3937dae59e32b7de8ab64c187e368cb.ndjson.gz,api_fetched,0,,,
860,aifsoper,completed,200,10,2025-04-06T18:00:00Z,2025-04-15T18:00:00Z,600,600,400,400,600,11.778,621b9641b82f2df4e871045565732ba672a9131665cbe346568222ee0f7604ec,batch_smoke_10w_aifsoper_621b9641b82f,C:/Users/ahmad/Desktop/generalFiles/git/weather_markets/weather_data_extraction/bootstrap/hkg_tmax_elite_codex_bootstrap/hkg_tmax_elite_codex/data/_pipeline_internal/raw/gribstream_tactical_full_tactical_backfill_ok_tmax/aifsoper/run_window_utc=20250406_180000_to_20250415_180000/621b9641b82f2df4e871045565732ba672a9131665cbe346568222ee0f7604ec.ndjson.gz,api_fetched,0,,,
861,aifsoper,completed,200,10,2025-04-16T18:00:00Z,2025-04-25T18:00:00Z,600,600,400,400,600,11.809,98db186ff2b85586256f8f6923cc888d14610003b32725de4b8441922ebe05d3,batch_smoke_10w_aifsoper_98db186ff2b8,C:/Users/ahmad/Desktop/generalFiles/git/weather_markets/weather_data_extraction/bootstrap/hkg_tmax_elite_codex_bootstrap/hkg_tmax_elite_codex/data/_pipeline_internal/raw/gribstream_tactical_full_tactical_backfill_ok_tmax/aifsoper/run_window_utc=20250416_180000_to_20250425_180000/98db186ff2b85586256f8f6923cc888d14610003b32725de4b8441922ebe05d3.ndjson.gz,api_fetched,0,,,
862,aifsoper,completed,200,10,2025-04-26T18:00:00Z,2025-05-05T18:00:00Z,600,600,400,400,600,11.629,6faadced7d58220473b9d51dead68a2e22fb82a7852a8da29cb50a97c1e2f94d,batch_smoke_10w_aifsoper_6faadced7d58,C:/Users/ahmad/Desktop/generalFiles/git/weather_markets/weather_data_extraction/bootstrap/hkg_tmax_elite_codex_bootstrap/hkg_tmax_elite_codex/data/_pipeline_internal/raw/gribstream_tactical_full_tactical_backfill_ok_tmax/aifsoper/run_window_utc=20250426_180000_to_20250505_180000/6faadced7d58220473b9d51dead68a2e22fb82a7852a8da29cb50a97c1e2f94d.ndjson.gz,api_fetched,0,,,
863,aifsoper,completed,200,10,2025-05-06T18:00:00Z,2025-05-15T18:00:00Z,600,600,400,400,600,12.18,7d3a3288fc4bc1426f5d82f6811d7c193a2d4e8660a536b9accdcad69f8ea5ea,full_tactical_backfill_ok_tmax_aifsoper_7d3a3288fc4b,C:/Users/ahmad/Desktop/generalFiles/git/weather_markets/weather_data_extraction/bootstrap/hkg_tmax_elite_codex_bootstrap/hkg_tmax_elite_codex/data/_pipeline_internal/raw/gribstream_tactical_full_tactical_backfill_ok_tmax/aifsoper/run_window_utc=20250506_180000_to_20250515_180000/7d3a3288fc4bc1426f5d82f6811d7c193a2d4e8660a536b9accdcad69f8ea5ea.ndjson.gz,api_fetched,0,,,
864,aifsoper,completed,200,10,2025-05-16T18:00:00Z,2025-05-25T18:00:00Z,600,600,400,400,600,11.19,cc7803c19056f8651d98d7fddf855e132cad06104f8d537cbdddc4ff83adb26b,full_tactical_backfill_ok_tmax_aifsoper_cc7803c19056,C:/Users/ahmad/Desktop/generalFiles/git/weather_markets/weather_data_extraction/bootstrap/hkg_tmax_elite_codex_bootstrap/hkg_tmax_elite_codex/data/_pipeline_internal/raw/gribstream_tactical_full_tactical_backfill_ok_tmax/aifsoper/run_window_utc=20250516_180000_to_20250525_180000/cc7803c19056f8651d98d7fddf855e132cad06104f8d537cbdddc4ff83adb26b.ndjson.gz,api_fetched,0,,,
865,aifsoper,completed,200,10,2025-05-26T18:00:00Z,2025-06-04T18:00:00Z,600,600,400,400,600,11.83,0b46a4651c2d446bd4dfffd1d8230c2863b8e85a8f5b876577bb6677280aa970,full_tactical_backfill_ok_tmax_aifsoper_0b46a4651c2d,C:/Users/ahmad/Desktop/generalFiles/git/weather_markets/weather_data_extraction/bootstrap/hkg_tmax_elite_codex_bootstrap/hkg_tmax_elite_codex/data/_pipeline_internal/raw/gribstream_tactical_full_tactical_backfill_ok_tmax/aifsoper/run_window_utc=20250526_180000_to_20250604_180000/0b46a4651c2d446bd4dfffd1d8230c2863b8e85a8f5b876577bb6677280aa970.ndjson.gz,api_fetched,0,,,
866,aifsoper,completed,200,10,2025-06-05T18:00:00Z,2025-06-14T18:00:00Z,600,600,400,400,600,11.805,6951be3014dcf80ce63fafd950a61a02426d7a4ed614f6d1cd486331300a6343,full_tactical_backfill_ok_tmax_aifsoper_6951be3014dc,C:/Users/ahmad/Desktop/generalFiles/git/weather_markets/weather_data_extraction/bootstrap/hkg_tmax_elite_codex_bootstrap/hkg_tmax_elite_codex/data/_pipeline_internal/raw/gribstream_tactical_full_tactical_backfill_ok_tmax/aifsoper/run_window_utc=20250605_180000_to_20250614_180000/6951be3014dcf80ce63fafd950a61a02426d7a4ed614f6d1cd486331300a6343.ndjson.gz,api_fetched,0,,,
867,aifsoper,completed,200,10,2025-06-15T18:00:00Z,2025-06-24T18:00:00Z,600,600,400,400,600,11.344,55c6d0830d79d36a3d2817c335abea9c46fdcca0689af7bc658c0d87ade344a5,full_tactical_backfill_ok_tmax_aifsoper_55c6d0830d79,C:/Users/ahmad/Desktop/generalFiles/git/weather_markets/weather_data_extraction/bootstrap/hkg_tmax_elite_codex_bootstrap/hkg_tmax_elite_codex/data/_pipeline_internal/raw/gribstream_tactical_full_tactical_backfill_ok_tmax/aifsoper/run_window_utc=20250615_180000_to_20250624_180000/55c6d0830d79d36a3d2817c335abea9c46fdcca0689af7bc658c0d87ade344a5.ndjson.gz,api_fetched,0,,,
868,aifsoper,completed,200,10,2025-06-25T18:00:00Z,2025-07-04T18:00:00Z,600,600,400,400,600,11.948,012e6d2dc6ddacde457588535b4a8c841db04b3fd1b8d09b08de50f77620610d,full_tactical_backfill_ok_tmax_aifsoper_012e6d2dc6dd,C:/Users/ahmad/Desktop/generalFiles/git/weather_markets/weather_data_extraction/bootstrap/hkg_tmax_elite_codex_bootstrap/hkg_tmax_elite_codex/data/_pipeline_internal/raw/gribstream_tactical_full_tactical_backfill_ok_tmax/aifsoper/run_window_utc=20250625_180000_to_20250704_180000/012e6d2dc6ddacde457588535b4a8c841db04b3fd1b8d09b08de50f77620610d.ndjson.gz,api_fetched,0,,,
869,aifsoper,completed,200,10,2025-07-05T18:00:00Z,2025-07-14T18:00:00Z,600,600,400,400,600,11.967,c7bda1030e46f38507215ad7cf5d97fb876ba37ccb695ca03fdd900b99c5e87d,full_tactical_backfill_ok_tmax_aifsoper_c7bda1030e46,C:/Users/ahmad/Desktop/generalFiles/git/weather_markets/weather_data_extraction/bootstrap/hkg_tmax_elite_codex_bootstrap/hkg_tmax_elite_codex/data/_pipeline_internal/raw/gribstream_tactical_full_tactical_backfill_ok_tmax/aifsoper/run_window_utc=20250705_180000_to_20250714_180000/c7bda1030e46f38507215ad7cf5d97fb876ba37ccb695ca03fdd900b99c5e87d.ndjson.gz,api_fetched,0,,,
870,aifsoper,completed,200,10,2025-07-15T18:00:00Z,2025-07-24T18:00:00Z,600,600,400,400,600,11.484,7458b042579768f07fbf2becbfc5b8955acd5865c4e4b607100f860605128033,full_tactical_backfill_ok_tmax_aifsoper_7458b0425797,C:/Users/ahmad/Desktop/generalFiles/git/weather_markets/weather_data_extraction/bootstrap/hkg_tmax_elite_codex_bootstrap/hkg_tmax_elite_codex/data/_pipeline_internal/raw/gribstream_tactical_full_tactical_backfill_ok_tmax/aifsoper/run_window_utc=20250715_180000_to_20250724_180000/7458b042579768f07fbf2becbfc5b8955acd5865c4e4b607100f860605128033.ndjson.gz,api_fetched,0,,,
871,aifsoper,completed,200,10,2025-07-25T18:00:00Z,2025-08-03T18:00:00Z,588,588,392,400,600,11.557,5b65aeb418ec2364b03e2054073d44ea75797e33d94eb14e642c5a403e20e5f1,full_tactical_backfill_ok_tmax_aifsoper_5b65aeb418ec,C:/Users/ahmad/Desktop/generalFiles/git/weather_markets/weather_data_extraction/bootstrap/hkg_tmax_elite_codex_bootstrap/hkg_tmax_elite_codex/data/_pipeline_internal/raw/gribstream_tactical_full_tactical_backfill_ok_tmax/aifsoper/run_window_utc=20250725_180000_to_20250803_180000/5b65aeb418ec2364b03e2054073d44ea75797e33d94eb14e642c5a403e20e5f1.ndjson.gz,api_fetched,0,,,
872,aifsoper,completed,200,10,2025-08-04T18:00:00Z,2025-08-13T18:00:00Z,600,600,400,400,600,11.654,4b034f691bb887c0aa942661135bc02c9085eed59a5904ae45ba9b3cbe5c9e48,full_tactical_backfill_ok_tmax_aifsoper_4b034f691bb8,C:/Users/ahmad/Desktop/generalFiles/git/weather_markets/weather_data_extraction/bootstrap/hkg_tmax_elite_codex_bootstrap/hkg_tmax_elite_codex/data/_pipeline_internal/raw/gribstream_tactical_full_tactical_backfill_ok_tmax/aifsoper/run_window_utc=20250804_180000_to_20250813_180000/4b034f691bb887c0aa942661135bc02c9085eed59a5904ae45ba9b3cbe5c9e48.ndjson.gz,api_fetched,0,,,
873,aifsoper,completed,200,10,2025-08-14T18:00:00Z,2025-08-23T18:00:00Z,600,600,400,400,600,11.555,dcf78eb5fbe209986e9d549da81e97b25093d5f539417c4ec99d99278f4dc392,full_tactical_backfill_ok_tmax_aifsoper_dcf78eb5fbe2,C:/Users/ahmad/Desktop/generalFiles/git/weather_markets/weather_data_extraction/bootstrap/hkg_tmax_elite_codex_bootstrap/hkg_tmax_elite_codex/data/_pipeline_internal/raw/gribstream_tactical_full_tactical_backfill_ok_tmax/aifsoper/run_window_utc=20250814_180000_to_20250823_180000/dcf78eb5fbe209986e9d549da81e97b25093d5f539417c4ec99d99278f4dc392.ndjson.gz,api_fetched,0,,,
874,aifsoper,completed,200,10,2025-08-24T18:00:00Z,2025-09-02T18:00:00Z,576,576,384,400,600,11.501,0d0c903cb527669c04dc231cd65c782ef92bee8cc3c1814010726eaaded37fb8,full_tactical_backfill_ok_tmax_aifsoper_0d0c903cb527,C:/Users/ahmad/Desktop/generalFiles/git/weather_markets/weather_data_extraction/bootstrap/hkg_tmax_elite_codex_bootstrap/hkg_tmax_elite_codex/data/_pipeline_internal/raw/gribstream_tactical_full_tactical_backfill_ok_tmax/aifsoper/run_window_utc=20250824_180000_to_20250902_180000/0d0c903cb527669c04dc231cd65c782ef92bee8cc3c1814010726eaaded37fb8.ndjson.gz,api_fetched,0,,,
875,aifsoper,completed,200,10,2025-09-03T18:00:00Z,2025-09-12T18:00:00Z,600,600,400,400,600,11.732,f48c870a7bab2a8d63f07af6b0e40720e1cd0fe580df3943224ff4292f5f99b0,full_tactical_backfill_ok_tmax_aifsoper_f48c870a7bab,C:/Users/ahmad/Desktop/generalFiles/git/weather_markets/weather_data_extraction/bootstrap/hkg_tmax_elite_codex_bootstrap/hkg_tmax_elite_codex/data/_pipeline_internal/raw/gribstream_tactical_full_tactical_backfill_ok_tmax/aifsoper/run_window_utc=20250903_180000_to_20250912_180000/f48c870a7bab2a8d63f07af6b0e40720e1cd0fe580df3943224ff4292f5f99b0.ndjson.gz,api_fetched,0,,,
876,aifsoper,completed,200,10,2025-09-13T18:00:00Z,2025-09-22T18:00:00Z,600,600,400,400,600,11.648,0746cf1f2fe2408431890ad3bd65e0f80b3a84a3fde6e163b63b43fe381fd97e,full_tactical_backfill_ok_tmax_aifsoper_0746cf1f2fe2,C:/Users/ahmad/Desktop/generalFiles/git/weather_markets/weather_data_extraction/bootstrap/hkg_tmax_elite_codex_bootstrap/hkg_tmax_elite_codex/data/_pipeline_internal/raw/gribstream_tactical_full_tactical_backfill_ok_tmax/aifsoper/run_window_utc=20250913_180000_to_20250922_180000/0746cf1f2fe2408431890ad3bd65e0f80b3a84a3fde6e163b63b43fe381fd97e.ndjson.gz,api_fetched,0,,,
877,aifsoper,completed,200,10,2025-09-23T18:00:00Z,2025-10-02T18:00:00Z,600,600,400,400,600,11.455,86d0f519f13b2f6a72b3bc59ad3716d0177cf10ad6cfedef1918c25a5d48211d,full_tactical_backfill_ok_tmax_aifsoper_86d0f519f13b,C:/Users/ahmad/Desktop/generalFiles/git/weather_markets/weather_data_extraction/bootstrap/hkg_tmax_elite_codex_bootstrap/hkg_tmax_elite_codex/data/_pipeline_internal/raw/gribstream_tactical_full_tactical_backfill_ok_tmax/aifsoper/run_window_utc=20250923_180000_to_20251002_180000/86d0f519f13b2f6a72b3bc59ad3716d0177cf10ad6cfedef1918c25a5d48211d.ndjson.gz,api_fetched,0,,,
878,aifsoper,completed,200,10,2025-10-03T18:00:00Z,2025-10-12T18:00:00Z,600,600,400,400,600,12.036,45ceec7d34c437ed8d27a5fe7f31b55fd29509062f523e54bfa33f4becbaed83,full_tactical_backfill_ok_tmax_aifsoper_45ceec7d34c4,C:/Users/ahmad/Desktop/generalFiles/git/weather_markets/weather_data_extraction/bootstrap/hkg_tmax_elite_codex_bootstrap/hkg_tmax_elite_codex/data/_pipeline_internal/raw/gribstream_tactical_full_tactical_backfill_ok_tmax/aifsoper/run_window_utc=20251003_180000_to_20251012_180000/45ceec7d34c437ed8d27a5fe7f31b55fd29509062f523e54bfa33f4becbaed83.ndjson.gz,api_fetched,0,,,
879,aifsoper,completed,200,10,2025-10-13T18:00:00Z,2025-10-22T18:00:00Z,600,600,400,400,600,12.08,790ba1fec38fe6d54fbc369a96087d46ae76ef06c62c300d7f9a3a56b20d72cd,full_tactical_backfill_ok_tmax_aifsoper_790ba1fec38f,C:/Users/ahmad/Desktop/generalFiles/git/weather_markets/weather_data_extraction/bootstrap/hkg_tmax_elite_codex_bootstrap/hkg_tmax_elite_codex/data/_pipeline_internal/raw/gribstream_tactical_full_tactical_backfill_ok_tmax/aifsoper/run_window_utc=20251013_180000_to_20251022_180000/790ba1fec38fe6d54fbc369a96087d46ae76ef06c62c300d7f9a3a56b20d72cd.ndjson.gz,api_fetched,0,,,
880,aifsoper,completed,200,10,2025-10-23T18:00:00Z,2025-11-01T18:00:00Z,600,600,400,400,600,10.969,34f527780c58a0341bdd459bbe885c6cfeafe61ef4a16970246b8ecb4f93fe38,full_tactical_backfill_ok_tmax_aifsoper_34f527780c58,C:/Users/ahmad/Desktop/generalFiles/git/weather_markets/weather_data_extraction/bootstrap/hkg_tmax_elite_codex_bootstrap/hkg_tmax_elite_codex/data/_pipeline_internal/raw/gribstream_tactical_full_tactical_backfill_ok_tmax/aifsoper/run_window_utc=20251023_180000_to_20251101_180000/34f527780c58a0341bdd459bbe885c6cfeafe61ef4a16970246b8ecb4f93fe38.ndjson.gz,api_fetched,0,,,
881,aifsoper,completed,200,10,2025-11-02T18:00:00Z,2025-11-11T18:00:00Z,600,600,400,400,600,12.118,ca870927375aac4f46d1f9a5fcffbc3fdc3e1b26b033016fd830ac63369b3ab8,full_tactical_backfill_ok_tmax_aifsoper_ca870927375a,C:/Users/ahmad/Desktop/generalFiles/git/weather_markets/weather_data_extraction/bootstrap/hkg_tmax_elite_codex_bootstrap/hkg_tmax_elite_codex/data/_pipeline_internal/raw/gribstream_tactical_full_tactical_backfill_ok_tmax/aifsoper/run_window_utc=20251102_180000_to_20251111_180000/ca870927375aac4f46d1f9a5fcffbc3fdc3e1b26b033016fd830ac63369b3ab8.ndjson.gz,api_fetched,0,,,
882,aifsoper,completed,200,10,2025-11-12T18:00:00Z,2025-11-21T18:00:00Z,600,600,400,400,600,11.173,b902c9505ee21610245b30018810883b9153816e6424f58af3368012e010af32,full_tactical_backfill_ok_tmax_aifsoper_b902c9505ee2,C:/Users/ahmad/Desktop/generalFiles/git/weather_markets/weather_data_extraction/bootstrap/hkg_tmax_elite_codex_bootstrap/hkg_tmax_elite_codex/data/_pipeline_internal/raw/gribstream_tactical_full_tactical_backfill_ok_tmax/aifsoper/run_window_utc=20251112_180000_to_20251121_180000/b902c9505ee21610245b30018810883b9153816e6424f58af3368012e010af32.ndjson.gz,api_fetched,0,,,
883,aifsoper,completed,200,10,2025-11-22T18:00:00Z,2025-12-01T18:00:00Z,600,600,400,400,600,11.8,618dbff765984846eccefb5b1f9e7ad11fa1e2b9d95bf44efd6903e548a654a2,full_tactical_backfill_ok_tmax_aifsoper_618dbff76598,C:/Users/ahmad/Desktop/generalFiles/git/weather_markets/weather_data_extraction/bootstrap/hkg_tmax_elite_codex_bootstrap/hkg_tmax_elite_codex/data/_pipeline_internal/raw/gribstream_tactical_full_tactical_backfill_ok_tmax/aifsoper/run_window_utc=20251122_180000_to_20251201_180000/618dbff765984846eccefb5b1f9e7ad11fa1e2b9d95bf44efd6903e548a654a2.ndjson.gz,api_fetched,0,,,
884,aifsoper,completed,200,10,2025-12-02T18:00:00Z,2025-12-11T18:00:00Z,600,600,400,400,600,12.018,7bc738000ae47850cd710d5ff788d97215e02b54c4d8f0fa58f0b07f7f513ede,full_tactical_backfill_ok_tmax_aifsoper_7bc738000ae4,C:/Users/ahmad/Desktop/generalFiles/git/weather_markets/weather_data_extraction/bootstrap/hkg_tmax_elite_codex_bootstrap/hkg_tmax_elite_codex/data/_pipeline_internal/raw/gribstream_tactical_full_tactical_backfill_ok_tmax/aifsoper/run_window_utc=20251202_180000_to_20251211_180000/7bc738000ae47850cd710d5ff788d97215e02b54c4d8f0fa58f0b07f7f513ede.ndjson.gz,api_fetched,0,,,
885,aifsoper,completed,200,10,2025-12-12T18:00:00Z,2025-12-21T18:00:00Z,600,600,400,400,600,11.887,0eb90b6ce206ba939005d60af6346c3f4dbf28da987b571013cd5aa701640de9,full_tactical_backfill_ok_tmax_aifsoper_0eb90b6ce206,C:/Users/ahmad/Desktop/generalFiles/git/weather_markets/weather_data_extraction/bootstrap/hkg_tmax_elite_codex_bootstrap/hkg_tmax_elite_codex/data/_pipeline_internal/raw/gribstream_tactical_full_tactical_backfill_ok_tmax/aifsoper/run_window_utc=20251212_180000_to_20251221_180000/0eb90b6ce206ba939005d60af6346c3f4dbf28da987b571013cd5aa701640de9.ndjson.gz,api_fetched,0,,,
886,aifsoper,completed,200,10,2025-12-22T18:00:00Z,2025-12-31T18:00:00Z,600,600,400,400,600,11.078,2c6947001f9f1a1e72c015039f90e4fc751d45911a93ccf113675f63e566d977,full_tactical_backfill_ok_tmax_aifsoper_2c6947001f9f,C:/Users/ahmad/Desktop/generalFiles/git/weather_markets/weather_data_extraction/bootstrap/hkg_tmax_elite_codex_bootstrap/hkg_tmax_elite_codex/data/_pipeline_internal/raw/gribstream_tactical_full_tactical_backfill_ok_tmax/aifsoper/run_window_utc=20251222_180000_to_20251231_180000/2c6947001f9f1a1e72c015039f90e4fc751d45911a93ccf113675f63e566d977.ndjson.gz,api_fetched,0,,,
887,aifsoper,completed,200,10,2026-01-01T18:00:00Z,2026-01-10T18:00:00Z,600,600,400,400,600,12.029,6314ea44112a9ae68a7bf78d46c32b0a5615b39fa0e3ca65306bc13eccc4da61,full_tactical_backfill_ok_tmax_aifsoper_6314ea44112a,C:/Users/ahmad/Desktop/generalFiles/git/weather_markets/weather_data_extraction/bootstrap/hkg_tmax_elite_codex_bootstrap/hkg_tmax_elite_codex/data/_pipeline_internal/raw/gribstream_tactical_full_tactical_backfill_ok_tmax/aifsoper/run_window_utc=20260101_180000_to_20260110_180000/6314ea44112a9ae68a7bf78d46c32b0a5615b39fa0e3ca65306bc13eccc4da61.ndjson.gz,api_fetched,0,,,
888,aifsoper,completed,200,10,2026-01-11T18:00:00Z,2026-01-20T18:00:00Z,600,600,400,400,600,11.52,04c45b6e1463769d463474b857969994dc94ef88fa0837ece8406b88435c56f0,full_tactical_backfill_ok_tmax_aifsoper_04c45b6e1463,C:/Users/ahmad/Desktop/generalFiles/git/weather_markets/weather_data_extraction/bootstrap/hkg_tmax_elite_codex_bootstrap/hkg_tmax_elite_codex/data/_pipeline_internal/raw/gribstream_tactical_full_tactical_backfill_ok_tmax/aifsoper/run_window_utc=20260111_180000_to_20260120_180000/04c45b6e1463769d463474b857969994dc94ef88fa0837ece8406b88435c56f0.ndjson.gz,api_fetched,0,,,
889,aifsoper,completed,200,10,2026-01-21T18:00:00Z,2026-01-30T18:00:00Z,600,600,400,400,600,11.098,e9acdb63826a38dd0c64876ece65e9cef2a0a28a15b3338ea863a59d152eb91e,full_tactical_backfill_ok_tmax_aifsoper_e9acdb63826a,C:/Users/ahmad/Desktop/generalFiles/git/weather_markets/weather_data_extraction/bootstrap/hkg_tmax_elite_codex_bootstrap/hkg_tmax_elite_codex/data/_pipeline_internal/raw/gribstream_tactical_full_tactical_backfill_ok_tmax/aifsoper/run_window_utc=20260121_180000_to_20260130_180000/e9acdb63826a38dd0c64876ece65e9cef2a0a28a15b3338ea863a59d152eb91e.ndjson.gz,api_fetched,0,,,
890,aifsoper,completed,200,10,2026-01-31T18:00:00Z,2026-02-09T18:00:00Z,600,600,400,400,600,11.561,2dc213d494faaf3d59f8543e47729260f7058e8b0e1f93eaf454b8d2f93ef534,full_tactical_backfill_ok_tmax_aifsoper_2dc213d494fa,C:/Users/ahmad/Desktop/generalFiles/git/weather_markets/weather_data_extraction/bootstrap/hkg_tmax_elite_codex_bootstrap/hkg_tmax_elite_codex/data/_pipeline_internal/raw/gribstream_tactical_full_tactical_backfill_ok_tmax/aifsoper/run_window_utc=20260131_180000_to_20260209_180000/2dc213d494faaf3d59f8543e47729260f7058e8b0e1f93eaf454b8d2f93ef534.ndjson.gz,api_fetched,0,,,
891,aifsoper,completed,200,10,2026-02-10T18:00:00Z,2026-02-19T18:00:00Z,600,600,400,400,600,11.63,6841c11c25d7c8378223d4fc166f9dd0e8143212b135f5f23fd9cef22463919b,full_tactical_backfill_ok_tmax_aifsoper_6841c11c25d7,C:/Users/ahmad/Desktop/generalFiles/git/weather_markets/weather_data_extraction/bootstrap/hkg_tmax_elite_codex_bootstrap/hkg_tmax_elite_codex/data/_pipeline_internal/raw/gribstream_tactical_full_tactical_backfill_ok_tmax/aifsoper/run_window_utc=20260210_180000_to_20260219_180000/6841c11c25d7c8378223d4fc166f9dd0e8143212b135f5f23fd9cef22463919b.ndjson.gz,api_fetched,0,,,
892,aifsoper,completed,200,10,2026-02-20T18:00:00Z,2026-03-01T18:00:00Z,600,600,400,400,600,12.117,ac66cce68d6239c6a6fc192c7c1a91e92fb230c8969401c9b5305eebd826a0eb,full_tactical_backfill_ok_tmax_aifsoper_ac66cce68d62,C:/Users/ahmad/Desktop/generalFiles/git/weather_markets/weather_data_extraction/bootstrap/hkg_tmax_elite_codex_bootstrap/hkg_tmax_elite_codex/data/_pipeline_internal/raw/gribstream_tactical_full_tactical_backfill_ok_tmax/aifsoper/run_window_utc=20260220_180000_to_20260301_180000/ac66cce68d6239c6a6fc192c7c1a91e92fb230c8969401c9b5305eebd826a0eb.ndjson.gz,api_fetched,0,,,
893,aifsoper,completed,200,10,2026-03-02T18:00:00Z,2026-03-11T18:00:00Z,600,600,400,400,600,11.319,64631902b377159e2eee9bd0acef1877dad8a17a08e56fbd22bf8e6541e9aaf9,full_tactical_backfill_ok_tmax_aifsoper_64631902b377,C:/Users/ahmad/Desktop/generalFiles/git/weather_markets/weather_data_extraction/bootstrap/hkg_tmax_elite_codex_bootstrap/hkg_tmax_elite_codex/data/_pipeline_internal/raw/gribstream_tactical_full_tactical_backfill_ok_tmax/aifsoper/run_window_utc=20260302_180000_to_20260311_180000/64631902b377159e2eee9bd0acef1877dad8a17a08e56fbd22bf8e6541e9aaf9.ndjson.gz,api_fetched,0,,,
894,aifsoper,completed,200,10,2026-03-12T18:00:00Z,2026-03-21T18:00:00Z,600,600,400,400,600,11.838,4d93d7f1f722b06735db0e072f1ea5a520765458a2e8271de74cb46322bd3132,full_tactical_backfill_ok_tmax_aifsoper_4d93d7f1f722,C:/Users/ahmad/Desktop/generalFiles/git/weather_markets/weather_data_extraction/bootstrap/hkg_tmax_elite_codex_bootstrap/hkg_tmax_elite_codex/data/_pipeline_internal/raw/gribstream_tactical_full_tactical_backfill_ok_tmax/aifsoper/run_window_utc=20260312_180000_to_20260321_180000/4d93d7f1f722b06735db0e072f1ea5a520765458a2e8271de74cb46322bd3132.ndjson.gz,api_fetched,0,,,
895,aifsoper,completed,200,10,2026-03-22T18:00:00Z,2026-03-31T18:00:00Z,600,600,400,400,600,11.511,f5b7c1fee18b51654c1d6ca792a61eda9301089a21bc81bc4e492e1f16fa3721,full_tactical_backfill_ok_tmax_aifsoper_f5b7c1fee18b,C:/Users/ahmad/Desktop/generalFiles/git/weather_markets/weather_data_extraction/bootstrap/hkg_tmax_elite_codex_bootstrap/hkg_tmax_elite_codex/data/_pipeline_internal/raw/gribstream_tactical_full_tactical_backfill_ok_tmax/aifsoper/run_window_utc=20260322_180000_to_20260331_180000/f5b7c1fee18b51654c1d6ca792a61eda9301089a21bc81bc4e492e1f16fa3721.ndjson.gz,api_fetched,0,,,
896,aifsoper,completed,200,10,2026-04-01T18:00:00Z,2026-04-10T18:00:00Z,600,600,400,400,600,11.572,32105f553793e39303594632eb467df05f2ebfeb437e3e8f6b7882ac9ac01777,full_tactical_backfill_ok_tmax_aifsoper_32105f553793,C:/Users/ahmad/Desktop/generalFiles/git/weather_markets/weather_data_extraction/bootstrap/hkg_tmax_elite_codex_bootstrap/hkg_tmax_elite_codex/data/_pipeline_internal/raw/gribstream_tactical_full_tactical_backfill_ok_tmax/aifsoper/run_window_utc=20260401_180000_to_20260410_180000/32105f553793e39303594632eb467df05f2ebfeb437e3e8f6b7882ac9ac01777.ndjson.gz,api_fetched,0,,,
897,aifsoper,completed,200,10,2026-04-11T18:00:00Z,2026-04-20T18:00:00Z,600,600,400,400,600,11.367,75410484b76dd36aceaa5a2a3f8d7e730451f3edf0f8e3fb3d903f7b33c807f8,full_tactical_backfill_ok_tmax_aifsoper_75410484b76d,C:/Users/ahmad/Desktop/generalFiles/git/weather_markets/weather_data_extraction/bootstrap/hkg_tmax_elite_codex_bootstrap/hkg_tmax_elite_codex/data/_pipeline_internal/raw/gribstream_tactical_full_tactical_backfill_ok_tmax/aifsoper/run_window_utc=20260411_180000_to_20260420_180000/75410484b76dd36aceaa5a2a3f8d7e730451f3edf0f8e3fb3d903f7b33c807f8.ndjson.gz,api_fetched,0,,,
898,aifsoper,completed,200,10,2026-04-21T18:00:00Z,2026-04-30T18:00:00Z,600,600,400,400,600,11.674,98deddfe79af6aadd198a152676e8f49ed5c4425277b97466db0235ca1ce5328,full_tactical_backfill_ok_tmax_aifsoper_98deddfe79af,C:/Users/ahmad/Desktop/generalFiles/git/weather_markets/weather_data_extraction/bootstrap/hkg_tmax_elite_codex_bootstrap/hkg_tmax_elite_codex/data/_pipeline_internal/raw/gribstream_tactical_full_tactical_backfill_ok_tmax/aifsoper/run_window_utc=20260421_180000_to_20260430_180000/98deddfe79af6aadd198a152676e8f49ed5c4425277b97466db0235ca1ce5328.ndjson.gz,api_fetched,0,,,
899,aifsoper,completed,200,10,2026-05-01T18:00:00Z,2026-05-10T18:00:00Z,600,600,400,400,600,11.874,cab011bcf87749d18969310408bf4a45f26c23174115473e9c398bdfa07fccb1,full_tactical_backfill_ok_tmax_aifsoper_cab011bcf877,C:/Users/ahmad/Desktop/generalFiles/git/weather_markets/weather_data_extraction/bootstrap/hkg_tmax_elite_codex_bootstrap/hkg_tmax_elite_codex/data/_pipeline_internal/raw/gribstream_tactical_full_tactical_backfill_ok_tmax/aifsoper/run_window_utc=20260501_180000_to_20260510_180000/cab011bcf87749d18969310408bf4a45f26c23174115473e9c398bdfa07fccb1.ndjson.gz,api_fetched,0,,,
900,aifsoper,completed,200,10,2026-05-11T18:00:00Z,2026-05-20T18:00:00Z,600,600,400,400,600,11.208,85b6bb7aa31b9705c5b3c7802f3734c513de8b3d60bb106a94027d4a2e027ebe,full_tactical_backfill_ok_tmax_aifsoper_85b6bb7aa31b,C:/Users/ahmad/Desktop/generalFiles/git/weather_markets/weather_data_extraction/bootstrap/hkg_tmax_elite_codex_bootstrap/hkg_tmax_elite_codex/data/_pipeline_internal/raw/gribstream_tactical_full_tactical_backfill_ok_tmax/aifsoper/run_window_utc=20260511_180000_to_20260520_180000/85b6bb7aa31b9705c5b3c7802f3734c513de8b3d60bb106a94027d4a2e027ebe.ndjson.gz,api_fetched,0,,,
901,aifsoper,completed,200,10,2026-05-21T18:00:00Z,2026-05-30T18:00:00Z,600,600,400,400,600,11.126,f6f4ca5cf772b94344af7dcd21aada3c619d0e443d2436c9c9f634f881b78e46,full_tactical_backfill_ok_tmax_aifsoper_f6f4ca5cf772,C:/Users/ahmad/Desktop/generalFiles/git/weather_markets/weather_data_extraction/bootstrap/hkg_tmax_elite_codex_bootstrap/hkg_tmax_elite_codex/data/_pipeline_internal/raw/gribstream_tactical_full_tactical_backfill_ok_tmax/aifsoper/run_window_utc=20260521_180000_to_20260530_180000/f6f4ca5cf772b94344af7dcd21aada3c619d0e443d2436c9c9f634f881b78e46.ndjson.gz,api_fetched,0,,,
902,aifsoper,completed,200,10,2026-05-31T18:00:00Z,2026-06-09T18:00:00Z,600,600,400,400,600,11.934,f7020a8af1deda4aee4455c86c32c61002fabd8d2ab98fb8bb66c1c836507d2b,full_tactical_backfill_ok_tmax_aifsoper_f7020a8af1de,C:/Users/ahmad/Desktop/generalFiles/git/weather_markets/weather_data_extraction/bootstrap/hkg_tmax_elite_codex_bootstrap/hkg_tmax_elite_codex/data/_pipeline_internal/raw/gribstream_tactical_full_tactical_backfill_ok_tmax/aifsoper/run_window_utc=20260531_180000_to_20260609_180000/f7020a8af1deda4aee4455c86c32c61002fabd8d2ab98fb8bb66c1c836507d2b.ndjson.gz,api_fetched,0,,,
903,aifsoper,completed,200,10,2026-06-10T18:00:00Z,2026-06-19T18:00:00Z,600,600,400,400,600,11.501,efaa4259e8d9c86aa7cb609a0355072029809a6f01ee44104e36dbf87a07b844,full_tactical_backfill_ok_tmax_aifsoper_efaa4259e8d9,C:/Users/ahmad/Desktop/generalFiles/git/weather_markets/weather_data_extraction/bootstrap/hkg_tmax_elite_codex_bootstrap/hkg_tmax_elite_codex/data/_pipeline_internal/raw/gribstream_tactical_full_tactical_backfill_ok_tmax/aifsoper/run_window_utc=20260610_180000_to_20260619_180000/efaa4259e8d9c86aa7cb609a0355072029809a6f01ee44104e36dbf87a07b844.ndjson.gz,api_fetched,0,,,
904,aifsoper,completed,200,2,2026-06-20T18:00:00Z,2026-06-21T18:00:00Z,120,120,80,80,120,6.71,8ffc282223ff275bb0fd59a17e7e52a31057d7b01870dc17cd348739af684cd1,full_tactical_backfill_ok_tmax_aifsoper_8ffc282223ff,C:/Users/ahmad/Desktop/generalFiles/git/weather_markets/weather_data_extraction/bootstrap/hkg_tmax_elite_codex_bootstrap/hkg_tmax_elite_codex/data/_pipeline_internal/raw/gribstream_tactical_full_tactical_backfill_ok_tmax/aifsoper/run_window_utc=20260620_180000_to_20260621_180000/8ffc282223ff275bb0fd59a17e7e52a31057d7b01870dc17cd348739af684cd1.ndjson.gz,api_fetched,0,,,
905,aifsenfo,completed,200,5,2025-07-02T18:00:00Z,2025-07-06T18:00:00Z,1020,1020,1020,1020,1020,31.936,11c95128387492de7e1f93d959b25fd2325756b9631520bdf32f76de878cffbc,batch_smoke_10w_aifsenfo_11c951283874,C:/Users/ahmad/Desktop/generalFiles/git/weather_markets/weather_data_extraction/bootstrap/hkg_tmax_elite_codex_bootstrap/hkg_tmax_elite_codex/data/_pipeline_internal/raw/gribstream_tactical_full_tactical_backfill_ok_tmax/aifsenfo/run_window_utc=20250702_180000_to_20250706_180000/11c95128387492de7e1f93d959b25fd2325756b9631520bdf32f76de878cffbc.ndjson.gz,api_fetched,0,,,
906,aifsenfo,completed,200,5,2025-07-07T18:00:00Z,2025-07-11T18:00:00Z,1020,1020,1020,1020,1020,22.383,2ff47f3122b6f22bcc8a391b45f749bdbf1f705df02b5589b27b81472712995f,batch_smoke_10w_aifsenfo_2ff47f3122b6,C:/Users/ahmad/Desktop/generalFiles/git/weather_markets/weather_data_extraction/bootstrap/hkg_tmax_elite_codex_bootstrap/hkg_tmax_elite_codex/data/_pipeline_internal/raw/gribstream_tactical_full_tactical_backfill_ok_tmax/aifsenfo/run_window_utc=20250707_180000_to_20250711_180000/2ff47f3122b6f22bcc8a391b45f749bdbf1f705df02b5589b27b81472712995f.ndjson.gz,api_fetched,0,,,
907,aifsenfo,completed,200,5,2025-07-12T18:00:00Z,2025-07-16T18:00:00Z,1020,1020,1020,1020,1020,21.975,15b9c4f8b31ce06337974e3b6ecbbbb1f9a5c080db5eed310c880924eabe5ed7,batch_smoke_10w_aifsenfo_15b9c4f8b31c,C:/Users/ahmad/Desktop/generalFiles/git/weather_markets/weather_data_extraction/bootstrap/hkg_tmax_elite_codex_bootstrap/hkg_tmax_elite_codex/data/_pipeline_internal/raw/gribstream_tactical_full_tactical_backfill_ok_tmax/aifsenfo/run_window_utc=20250712_180000_to_20250716_180000/15b9c4f8b31ce06337974e3b6ecbbbb1f9a5c080db5eed310c880924eabe5ed7.ndjson.gz,api_fetched,0,,,
908,aifsenfo,completed,200,5,2025-07-17T18:00:00Z,2025-07-21T18:00:00Z,1020,1020,1020,1020,1020,19.756,a0a7520de5a9e171774b4a6adf2a8a889231010d1f0b920d318eb022c3081863,batch_smoke_10w_aifsenfo_a0a7520de5a9,C:/Users/ahmad/Desktop/generalFiles/git/weather_markets/weather_data_extraction/bootstrap/hkg_tmax_elite_codex_bootstrap/hkg_tmax_elite_codex/data/_pipeline_internal/raw/gribstream_tactical_full_tactical_backfill_ok_tmax/aifsenfo/run_window_utc=20250717_180000_to_20250721_180000/a0a7520de5a9e171774b4a6adf2a8a889231010d1f0b920d318eb022c3081863.ndjson.gz,api_fetched,0,,,
909,aifsenfo,completed,200,5,2025-07-22T18:00:00Z,2025-07-26T18:00:00Z,1020,1020,1020,1020,1020,20.485,0e0ce0f5dd7f186c7c917f8d3fbc2cc7b29a57caee632e9c6505d12473c5094e,batch_smoke_10w_aifsenfo_0e0ce0f5dd7f,C:/Users/ahmad/Desktop/generalFiles/git/weather_markets/weather_data_extraction/bootstrap/hkg_tmax_elite_codex_bootstrap/hkg_tmax_elite_codex/data/_pipeline_internal/raw/gribstream_tactical_full_tactical_backfill_ok_tmax/aifsenfo/run_window_utc=20250722_180000_to_20250726_180000/0e0ce0f5dd7f186c7c917f8d3fbc2cc7b29a57caee632e9c6505d12473c5094e.ndjson.gz,api_fetched,0,,,
910,aifsenfo,completed,200,5,2025-07-27T18:00:00Z,2025-07-31T18:00:00Z,1020,1020,1020,1020,1020,20.295,8c3e154ee81e7575b588fcd8f0013c481df752d67686207d1b6de8fa68520b09,batch_smoke_10w_aifsenfo_8c3e154ee81e,C:/Users/ahmad/Desktop/generalFiles/git/weather_markets/weather_data_extraction/bootstrap/hkg_tmax_elite_codex_bootstrap/hkg_tmax_elite_codex/data/_pipeline_internal/raw/gribstream_tactical_full_tactical_backfill_ok_tmax/aifsenfo/run_window_utc=20250727_180000_to_20250731_180000/8c3e154ee81e7575b588fcd8f0013c481df752d67686207d1b6de8fa68520b09.ndjson.gz,api_fetched,0,,,
911,aifsenfo,completed,200,5,2025-08-01T18:00:00Z,2025-08-05T18:00:00Z,1020,1020,1020,1020,1020,20.71,210703949a94ad3e2ebf5fc152ca5737eee61b427f68f733bd325a8306c68a13,batch_smoke_10w_aifsenfo_210703949a94,C:/Users/ahmad/Desktop/generalFiles/git/weather_markets/weather_data_extraction/bootstrap/hkg_tmax_elite_codex_bootstrap/hkg_tmax_elite_codex/data/_pipeline_internal/raw/gribstream_tactical_full_tactical_backfill_ok_tmax/aifsenfo/run_window_utc=20250801_180000_to_20250805_180000/210703949a94ad3e2ebf5fc152ca5737eee61b427f68f733bd325a8306c68a13.ndjson.gz,api_fetched,0,,,
912,aifsenfo,completed,200,5,2025-08-06T18:00:00Z,2025-08-10T18:00:00Z,1020,1020,1020,1020,1020,20.039,1defebb77eb1ed6cfa397b3a30c87cc79f1ba41fdb0bb493983176e44e43d56a,batch_smoke_10w_aifsenfo_1defebb77eb1,C:/Users/ahmad/Desktop/generalFiles/git/weather_markets/weather_data_extraction/bootstrap/hkg_tmax_elite_codex_bootstrap/hkg_tmax_elite_codex/data/_pipeline_internal/raw/gribstream_tactical_full_tactical_backfill_ok_tmax/aifsenfo/run_window_utc=20250806_180000_to_20250810_180000/1defebb77eb1ed6cfa397b3a30c87cc79f1ba41fdb0bb493983176e44e43d56a.ndjson.gz,api_fetched,0,,,
913,aifsenfo,completed,200,5,2025-08-11T18:00:00Z,2025-08-15T18:00:00Z,1020,1020,1020,1020,1020,20.156,b23248a9db99b1b01a30bd933dc42950d8717363c94b2b690602770066b54592,batch_smoke_10w_aifsenfo_b23248a9db99,C:/Users/ahmad/Desktop/generalFiles/git/weather_markets/weather_data_extraction/bootstrap/hkg_tmax_elite_codex_bootstrap/hkg_tmax_elite_codex/data/_pipeline_internal/raw/gribstream_tactical_full_tactical_backfill_ok_tmax/aifsenfo/run_window_utc=20250811_180000_to_20250815_180000/b23248a9db99b1b01a30bd933dc42950d8717363c94b2b690602770066b54592.ndjson.gz,api_fetched,0,,,
914,aifsenfo,completed,200,5,2025-08-16T18:00:00Z,2025-08-20T18:00:00Z,1020,1020,1020,1020,1020,20.287,c9befa03ed249d3511b2699c5c948cd50862ce5d4decf91e64a5d29283c29c31,batch_smoke_10w_aifsenfo_c9befa03ed24,C:/Users/ahmad/Desktop/generalFiles/git/weather_markets/weather_data_extraction/bootstrap/hkg_tmax_elite_codex_bootstrap/hkg_tmax_elite_codex/data/_pipeline_internal/raw/gribstream_tactical_full_tactical_backfill_ok_tmax/aifsenfo/run_window_utc=20250816_180000_to_20250820_180000/c9befa03ed249d3511b2699c5c948cd50862ce5d4decf91e64a5d29283c29c31.ndjson.gz,api_fetched,0,,,
915,aifsenfo,completed,200,5,2025-08-21T18:00:00Z,2025-08-25T18:00:00Z,1020,1020,1020,1020,1020,20.804,71ed4fc6b57d5b4a7944daf857c6a64690e99735a4c7c45db15530ee7efcddcd,batch_smoke_10w_aifsenfo_71ed4fc6b57d,C:/Users/ahmad/Desktop/generalFiles/git/weather_markets/weather_data_extraction/bootstrap/hkg_tmax_elite_codex_bootstrap/hkg_tmax_elite_codex/data/_pipeline_internal/raw/gribstream_tactical_full_tactical_backfill_ok_tmax/aifsenfo/run_window_utc=20250821_180000_to_20250825_180000/71ed4fc6b57d5b4a7944daf857c6a64690e99735a4c7c45db15530ee7efcddcd.ndjson.gz,api_fetched,0,,,
916,aifsenfo,completed,200,5,2025-08-26T18:00:00Z,2025-08-30T18:00:00Z,1020,1020,1020,1020,1020,20.608,e29bfab19c9ea0d81a85974ab6ad27931770e2e9d456106d1bf16507d7005232,batch_smoke_10w_aifsenfo_e29bfab19c9e,C:/Users/ahmad/Desktop/generalFiles/git/weather_markets/weather_data_extraction/bootstrap/hkg_tmax_elite_codex_bootstrap/hkg_tmax_elite_codex/data/_pipeline_internal/raw/gribstream_tactical_full_tactical_backfill_ok_tmax/aifsenfo/run_window_utc=20250826_180000_to_20250830_180000/e29bfab19c9ea0d81a85974ab6ad27931770e2e9d456106d1bf16507d7005232.ndjson.gz,api_fetched,0,,,
917,aifsenfo,completed,200,5,2025-08-31T18:00:00Z,2025-09-04T18:00:00Z,1020,1020,1020,1020,1020,20.427,fbd1ea68aafc7c186c2c9aa0b5dc8868498b36442da2c094ffed41d07c61bf35,batch_smoke_10w_aifsenfo_fbd1ea68aafc,C:/Users/ahmad/Desktop/generalFiles/git/weather_markets/weather_data_extraction/bootstrap/hkg_tmax_elite_codex_bootstrap/hkg_tmax_elite_codex/data/_pipeline_internal/raw/gribstream_tactical_full_tactical_backfill_ok_tmax/aifsenfo/run_window_utc=20250831_180000_to_20250904_180000/fbd1ea68aafc7c186c2c9aa0b5dc8868498b36442da2c094ffed41d07c61bf35.ndjson.gz,api_fetched,0,,,
918,aifsenfo,completed,200,5,2025-09-05T18:00:00Z,2025-09-09T18:00:00Z,1020,1020,1020,1020,1020,20.378,cea9f837d5cb26a184e951b0c8a1d5e7dbcbf3b97454d6f43e6f4399f7bd0827,batch_smoke_10w_aifsenfo_cea9f837d5cb,C:/Users/ahmad/Desktop/generalFiles/git/weather_markets/weather_data_extraction/bootstrap/hkg_tmax_elite_codex_bootstrap/hkg_tmax_elite_codex/data/_pipeline_internal/raw/gribstream_tactical_full_tactical_backfill_ok_tmax/aifsenfo/run_window_utc=20250905_180000_to_20250909_180000/cea9f837d5cb26a184e951b0c8a1d5e7dbcbf3b97454d6f43e6f4399f7bd0827.ndjson.gz,api_fetched,0,,,
919,aifsenfo,completed,200,5,2025-09-10T18:00:00Z,2025-09-14T18:00:00Z,1020,1020,1020,1020,1020,19.958,a5db70905bd94c3a11853fa0fa6ab3a270c1768b68e70730a0496e44664848e2,full_tactical_backfill_ok_tmax_aifsenfo_a5db70905bd9,C:/Users/ahmad/Desktop/generalFiles/git/weather_markets/weather_data_extraction/bootstrap/hkg_tmax_elite_codex_bootstrap/hkg_tmax_elite_codex/data/_pipeline_internal/raw/gribstream_tactical_full_tactical_backfill_ok_tmax/aifsenfo/run_window_utc=20250910_180000_to_20250914_180000/a5db70905bd94c3a11853fa0fa6ab3a270c1768b68e70730a0496e44664848e2.ndjson.gz,api_fetched,0,,,
920,aifsenfo,completed,200,5,2025-09-15T18:00:00Z,2025-09-19T18:00:00Z,1020,1020,1020,1020,1020,19.824,cb10a547ad18ea33942ac638c6a7707891fd7a13a287e646af2dbd924109e77d,full_tactical_backfill_ok_tmax_aifsenfo_cb10a547ad18,C:/Users/ahmad/Desktop/generalFiles/git/weather_markets/weather_data_extraction/bootstrap/hkg_tmax_elite_codex_bootstrap/hkg_tmax_elite_codex/data/_pipeline_internal/raw/gribstream_tactical_full_tactical_backfill_ok_tmax/aifsenfo/run_window_utc=20250915_180000_to_20250919_180000/cb10a547ad18ea33942ac638c6a7707891fd7a13a287e646af2dbd924109e77d.ndjson.gz,api_fetched,0,,,
921,aifsenfo,completed,200,5,2025-09-20T18:00:00Z,2025-09-24T18:00:00Z,1020,1020,1020,1020,1020,20.355,0c096ea876ac332a0d80e3c2934bf8abac288c96410c7e5ed8d061930158f54c,full_tactical_backfill_ok_tmax_aifsenfo_0c096ea876ac,C:/Users/ahmad/Desktop/generalFiles/git/weather_markets/weather_data_extraction/bootstrap/hkg_tmax_elite_codex_bootstrap/hkg_tmax_elite_codex/data/_pipeline_internal/raw/gribstream_tactical_full_tactical_backfill_ok_tmax/aifsenfo/run_window_utc=20250920_180000_to_20250924_180000/0c096ea876ac332a0d80e3c2934bf8abac288c96410c7e5ed8d061930158f54c.ndjson.gz,api_fetched,0,,,
922,aifsenfo,completed,200,5,2025-09-25T18:00:00Z,2025-09-29T18:00:00Z,1020,1020,1020,1020,1020,20.432,3d3de042d176f486927dd375eab12095e4bf656860a5df5017e052e1d64ce4a8,full_tactical_backfill_ok_tmax_aifsenfo_3d3de042d176,C:/Users/ahmad/Desktop/generalFiles/git/weather_markets/weather_data_extraction/bootstrap/hkg_tmax_elite_codex_bootstrap/hkg_tmax_elite_codex/data/_pipeline_internal/raw/gribstream_tactical_full_tactical_backfill_ok_tmax/aifsenfo/run_window_utc=20250925_180000_to_20250929_180000/3d3de042d176f486927dd375eab12095e4bf656860a5df5017e052e1d64ce4a8.ndjson.gz,api_fetched,0,,,
923,aifsenfo,completed,200,5,2025-09-30T18:00:00Z,2025-10-04T18:00:00Z,1020,1020,1020,1020,1020,19.146,3733c53ec11f2a9acf18df0e55e230a71b10ed64a3bb7c7057fde78328a70408,full_tactical_backfill_ok_tmax_aifsenfo_3733c53ec11f,C:/Users/ahmad/Desktop/generalFiles/git/weather_markets/weather_data_extraction/bootstrap/hkg_tmax_elite_codex_bootstrap/hkg_tmax_elite_codex/data/_pipeline_internal/raw/gribstream_tactical_full_tactical_backfill_ok_tmax/aifsenfo/run_window_utc=20250930_180000_to_20251004_180000/3733c53ec11f2a9acf18df0e55e230a71b10ed64a3bb7c7057fde78328a70408.ndjson.gz,api_fetched,0,,,
924,aifsenfo,completed,200,5,2025-10-05T18:00:00Z,2025-10-09T18:00:00Z,1020,1020,1020,1020,1020,19.986,f1d381396e719f9b1af7bf0039aeee7aba158d34f329c76291c997aedf004968,full_tactical_backfill_ok_tmax_aifsenfo_f1d381396e71,C:/Users/ahmad/Desktop/generalFiles/git/weather_markets/weather_data_extraction/bootstrap/hkg_tmax_elite_codex_bootstrap/hkg_tmax_elite_codex/data/_pipeline_internal/raw/gribstream_tactical_full_tactical_backfill_ok_tmax/aifsenfo/run_window_utc=20251005_180000_to_20251009_180000/f1d381396e719f9b1af7bf0039aeee7aba158d34f329c76291c997aedf004968.ndjson.gz,api_fetched,0,,,
925,aifsenfo,completed,200,5,2025-10-10T18:00:00Z,2025-10-14T18:00:00Z,1020,1020,1020,1020,1020,19.495,bae6bf0546fb93599a8fb6b29828f8060d5752475954c3e6d105027035b37123,full_tactical_backfill_ok_tmax_aifsenfo_bae6bf0546fb,C:/Users/ahmad/Desktop/generalFiles/git/weather_markets/weather_data_extraction/bootstrap/hkg_tmax_elite_codex_bootstrap/hkg_tmax_elite_codex/data/_pipeline_internal/raw/gribstream_tactical_full_tactical_backfill_ok_tmax/aifsenfo/run_window_utc=20251010_180000_to_20251014_180000/bae6bf0546fb93599a8fb6b29828f8060d5752475954c3e6d105027035b37123.ndjson.gz,api_fetched,0,,,
926,aifsenfo,completed,200,5,2025-10-15T18:00:00Z,2025-10-19T18:00:00Z,1020,1020,1020,1020,1020,19.645,4261743ccd4142685c94f8f609b58422e50a846897e2795e08c0f69403942658,full_tactical_backfill_ok_tmax_aifsenfo_4261743ccd41,C:/Users/ahmad/Desktop/generalFiles/git/weather_markets/weather_data_extraction/bootstrap/hkg_tmax_elite_codex_bootstrap/hkg_tmax_elite_codex/data/_pipeline_internal/raw/gribstream_tactical_full_tactical_backfill_ok_tmax/aifsenfo/run_window_utc=20251015_180000_to_20251019_180000/4261743ccd4142685c94f8f609b58422e50a846897e2795e08c0f69403942658.ndjson.gz,api_fetched,0,,,
927,aifsenfo,completed,200,5,2025-10-20T18:00:00Z,2025-10-24T18:00:00Z,1020,1020,1020,1020,1020,19.509,bba9300cc6b1d19194c681ab53557702a1a0dae8d26a531d07921f55ad2da030,full_tactical_backfill_ok_tmax_aifsenfo_bba9300cc6b1,C:/Users/ahmad/Desktop/generalFiles/git/weather_markets/weather_data_extraction/bootstrap/hkg_tmax_elite_codex_bootstrap/hkg_tmax_elite_codex/data/_pipeline_internal/raw/gribstream_tactical_full_tactical_backfill_ok_tmax/aifsenfo/run_window_utc=20251020_180000_to_20251024_180000/bba9300cc6b1d19194c681ab53557702a1a0dae8d26a531d07921f55ad2da030.ndjson.gz,api_fetched,0,,,
928,aifsenfo,completed,200,5,2025-10-25T18:00:00Z,2025-10-29T18:00:00Z,1020,1020,1020,1020,1020,19.02,82e26a03f7d57380e6657d1064846633d40514ae3ad11a1669aa08abe767e5a5,full_tactical_backfill_ok_tmax_aifsenfo_82e26a03f7d5,C:/Users/ahmad/Desktop/generalFiles/git/weather_markets/weather_data_extraction/bootstrap/hkg_tmax_elite_codex_bootstrap/hkg_tmax_elite_codex/data/_pipeline_internal/raw/gribstream_tactical_full_tactical_backfill_ok_tmax/aifsenfo/run_window_utc=20251025_180000_to_20251029_180000/82e26a03f7d57380e6657d1064846633d40514ae3ad11a1669aa08abe767e5a5.ndjson.gz,api_fetched,0,,,
929,aifsenfo,completed,200,5,2025-10-30T18:00:00Z,2025-11-03T18:00:00Z,1020,1020,1020,1020,1020,19.369,4b2e4896554303a9735c5e37c89d8997de84f58e84cd562e28ed363d5cb4a803,full_tactical_backfill_ok_tmax_aifsenfo_4b2e48965543,C:/Users/ahmad/Desktop/generalFiles/git/weather_markets/weather_data_extraction/bootstrap/hkg_tmax_elite_codex_bootstrap/hkg_tmax_elite_codex/data/_pipeline_internal/raw/gribstream_tactical_full_tactical_backfill_ok_tmax/aifsenfo/run_window_utc=20251030_180000_to_20251103_180000/4b2e4896554303a9735c5e37c89d8997de84f58e84cd562e28ed363d5cb4a803.ndjson.gz,api_fetched,0,,,
930,aifsenfo,completed,200,5,2025-11-04T18:00:00Z,2025-11-08T18:00:00Z,1020,1020,1020,1020,1020,18.835,9256ab6b291e29d6ea87682c3e682fc0b07b48bb01ef6d8f6a84acefcd20493b,full_tactical_backfill_ok_tmax_aifsenfo_9256ab6b291e,C:/Users/ahmad/Desktop/generalFiles/git/weather_markets/weather_data_extraction/bootstrap/hkg_tmax_elite_codex_bootstrap/hkg_tmax_elite_codex/data/_pipeline_internal/raw/gribstream_tactical_full_tactical_backfill_ok_tmax/aifsenfo/run_window_utc=20251104_180000_to_20251108_180000/9256ab6b291e29d6ea87682c3e682fc0b07b48bb01ef6d8f6a84acefcd20493b.ndjson.gz,api_fetched,0,,,
931,aifsenfo,completed,200,5,2025-11-09T18:00:00Z,2025-11-13T18:00:00Z,1020,1020,1020,1020,1020,19.542,63cf662d02bba785b79f0d34f64f62885374b692aa6eb606f1aa3b247be5a1fe,full_tactical_backfill_ok_tmax_aifsenfo_63cf662d02bb,C:/Users/ahmad/Desktop/generalFiles/git/weather_markets/weather_data_extraction/bootstrap/hkg_tmax_elite_codex_bootstrap/hkg_tmax_elite_codex/data/_pipeline_internal/raw/gribstream_tactical_full_tactical_backfill_ok_tmax/aifsenfo/run_window_utc=20251109_180000_to_20251113_180000/63cf662d02bba785b79f0d34f64f62885374b692aa6eb606f1aa3b247be5a1fe.ndjson.gz,api_fetched,0,,,
932,aifsenfo,completed,200,5,2025-11-14T18:00:00Z,2025-11-18T18:00:00Z,1020,1020,1020,1020,1020,19.204,ca4ae913ec18cae5b509e03c3afe5215a081faa5f01f6125855b79c451d0c4ad,full_tactical_backfill_ok_tmax_aifsenfo_ca4ae913ec18,C:/Users/ahmad/Desktop/generalFiles/git/weather_markets/weather_data_extraction/bootstrap/hkg_tmax_elite_codex_bootstrap/hkg_tmax_elite_codex/data/_pipeline_internal/raw/gribstream_tactical_full_tactical_backfill_ok_tmax/aifsenfo/run_window_utc=20251114_180000_to_20251118_180000/ca4ae913ec18cae5b509e03c3afe5215a081faa5f01f6125855b79c451d0c4ad.ndjson.gz,api_fetched,0,,,
933,aifsenfo,completed,200,5,2025-11-19T18:00:00Z,2025-11-23T18:00:00Z,1020,1020,1020,1020,1020,19.384,e8cb737ec2ec68f16b95d30c92ac26e8a6f755d14d03df6be000af2f05b4a2e1,full_tactical_backfill_ok_tmax_aifsenfo_e8cb737ec2ec,C:/Users/ahmad/Desktop/generalFiles/git/weather_markets/weather_data_extraction/bootstrap/hkg_tmax_elite_codex_bootstrap/hkg_tmax_elite_codex/data/_pipeline_internal/raw/gribstream_tactical_full_tactical_backfill_ok_tmax/aifsenfo/run_window_utc=20251119_180000_to_20251123_180000/e8cb737ec2ec68f16b95d30c92ac26e8a6f755d14d03df6be000af2f05b4a2e1.ndjson.gz,api_fetched,0,,,
934,aifsenfo,completed,200,5,2025-11-24T18:00:00Z,2025-11-28T18:00:00Z,1020,1020,1020,1020,1020,19.766,46d1a144f20a13cda008040023a5c8504b662cd5e8e3d9812783c00cc158615a,full_tactical_backfill_ok_tmax_aifsenfo_46d1a144f20a,C:/Users/ahmad/Desktop/generalFiles/git/weather_markets/weather_data_extraction/bootstrap/hkg_tmax_elite_codex_bootstrap/hkg_tmax_elite_codex/data/_pipeline_internal/raw/gribstream_tactical_full_tactical_backfill_ok_tmax/aifsenfo/run_window_utc=20251124_180000_to_20251128_180000/46d1a144f20a13cda008040023a5c8504b662cd5e8e3d9812783c00cc158615a.ndjson.gz,api_fetched,0,,,
935,aifsenfo,completed,200,5,2025-11-29T18:00:00Z,2025-12-03T18:00:00Z,1020,1020,1020,1020,1020,19.754,4b64d0eb855522fb211e5825087e4bfc14fb1e503fa8820ad821f9290766e333,full_tactical_backfill_ok_tmax_aifsenfo_4b64d0eb8555,C:/Users/ahmad/Desktop/generalFiles/git/weather_markets/weather_data_extraction/bootstrap/hkg_tmax_elite_codex_bootstrap/hkg_tmax_elite_codex/data/_pipeline_internal/raw/gribstream_tactical_full_tactical_backfill_ok_tmax/aifsenfo/run_window_utc=20251129_180000_to_20251203_180000/4b64d0eb855522fb211e5825087e4bfc14fb1e503fa8820ad821f9290766e333.ndjson.gz,api_fetched,0,,,
936,aifsenfo,completed,200,5,2025-12-04T18:00:00Z,2025-12-08T18:00:00Z,1020,1020,1020,1020,1020,19.481,98f7de75974f8116c6b19e862ecf2de981e2f87c1821023ef38be36ae27b7cfb,full_tactical_backfill_ok_tmax_aifsenfo_98f7de75974f,C:/Users/ahmad/Desktop/generalFiles/git/weather_markets/weather_data_extraction/bootstrap/hkg_tmax_elite_codex_bootstrap/hkg_tmax_elite_codex/data/_pipeline_internal/raw/gribstream_tactical_full_tactical_backfill_ok_tmax/aifsenfo/run_window_utc=20251204_180000_to_20251208_180000/98f7de75974f8116c6b19e862ecf2de981e2f87c1821023ef38be36ae27b7cfb.ndjson.gz,api_fetched,0,,,
937,aifsenfo,completed,200,5,2025-12-09T18:00:00Z,2025-12-13T18:00:00Z,1020,1020,1020,1020,1020,19.206,7a46f619cf6b085e38fd1b8c05651583d8f119d2056352973092e8e692a6b73e,full_tactical_backfill_ok_tmax_aifsenfo_7a46f619cf6b,C:/Users/ahmad/Desktop/generalFiles/git/weather_markets/weather_data_extraction/bootstrap/hkg_tmax_elite_codex_bootstrap/hkg_tmax_elite_codex/data/_pipeline_internal/raw/gribstream_tactical_full_tactical_backfill_ok_tmax/aifsenfo/run_window_utc=20251209_180000_to_20251213_180000/7a46f619cf6b085e38fd1b8c05651583d8f119d2056352973092e8e692a6b73e.ndjson.gz,api_fetched,0,,,
938,aifsenfo,completed,200,5,2025-12-14T18:00:00Z,2025-12-18T18:00:00Z,1020,1020,1020,1020,1020,18.818,26f4e613f76c1d2ecc257e2fc61d2992ac97449e3ea35e24b0bd6f14b7de739b,full_tactical_backfill_ok_tmax_aifsenfo_26f4e613f76c,C:/Users/ahmad/Desktop/generalFiles/git/weather_markets/weather_data_extraction/bootstrap/hkg_tmax_elite_codex_bootstrap/hkg_tmax_elite_codex/data/_pipeline_internal/raw/gribstream_tactical_full_tactical_backfill_ok_tmax/aifsenfo/run_window_utc=20251214_180000_to_20251218_180000/26f4e613f76c1d2ecc257e2fc61d2992ac97449e3ea35e24b0bd6f14b7de739b.ndjson.gz,api_fetched,0,,,
939,aifsenfo,completed,200,5,2025-12-19T18:00:00Z,2025-12-23T18:00:00Z,1020,1020,1020,1020,1020,19.139,4d7426e3f3b9ac5ed231f1e91d9eadc5b3be5a20d316588466ab03a073b56f98,full_tactical_backfill_ok_tmax_aifsenfo_4d7426e3f3b9,C:/Users/ahmad/Desktop/generalFiles/git/weather_markets/weather_data_extraction/bootstrap/hkg_tmax_elite_codex_bootstrap/hkg_tmax_elite_codex/data/_pipeline_internal/raw/gribstream_tactical_full_tactical_backfill_ok_tmax/aifsenfo/run_window_utc=20251219_180000_to_20251223_180000/4d7426e3f3b9ac5ed231f1e91d9eadc5b3be5a20d316588466ab03a073b56f98.ndjson.gz,api_fetched,0,,,
940,aifsenfo,completed,200,5,2025-12-24T18:00:00Z,2025-12-28T18:00:00Z,1020,1020,1020,1020,1020,18.981,af1d173b5bcedbb149c2dd7a4da90cdbb7fbd51211dbe5e4e4e295a5720ed1f8,full_tactical_backfill_ok_tmax_aifsenfo_af1d173b5bce,C:/Users/ahmad/Desktop/generalFiles/git/weather_markets/weather_data_extraction/bootstrap/hkg_tmax_elite_codex_bootstrap/hkg_tmax_elite_codex/data/_pipeline_internal/raw/gribstream_tactical_full_tactical_backfill_ok_tmax/aifsenfo/run_window_utc=20251224_180000_to_20251228_180000/af1d173b5bcedbb149c2dd7a4da90cdbb7fbd51211dbe5e4e4e295a5720ed1f8.ndjson.gz,api_fetched,0,,,
941,aifsenfo,completed,200,5,2025-12-29T18:00:00Z,2026-01-02T18:00:00Z,1020,1020,1020,1020,1020,18.574,97d43d0b2a6c3a428bb38243932d824441b3188032e7b5acc4890db2d04fe182,full_tactical_backfill_ok_tmax_aifsenfo_97d43d0b2a6c,C:/Users/ahmad/Desktop/generalFiles/git/weather_markets/weather_data_extraction/bootstrap/hkg_tmax_elite_codex_bootstrap/hkg_tmax_elite_codex/data/_pipeline_internal/raw/gribstream_tactical_full_tactical_backfill_ok_tmax/aifsenfo/run_window_utc=20251229_180000_to_20260102_180000/97d43d0b2a6c3a428bb38243932d824441b3188032e7b5acc4890db2d04fe182.ndjson.gz,api_fetched,0,,,
942,aifsenfo,completed,200,5,2026-01-03T18:00:00Z,2026-01-07T18:00:00Z,1020,1020,1020,1020,1020,18.955,9dc85666fa21dd5e1bc288e16b5584daed937962140a601a4607fe72992f5bc7,full_tactical_backfill_ok_tmax_aifsenfo_9dc85666fa21,C:/Users/ahmad/Desktop/generalFiles/git/weather_markets/weather_data_extraction/bootstrap/hkg_tmax_elite_codex_bootstrap/hkg_tmax_elite_codex/data/_pipeline_internal/raw/gribstream_tactical_full_tactical_backfill_ok_tmax/aifsenfo/run_window_utc=20260103_180000_to_20260107_180000/9dc85666fa21dd5e1bc288e16b5584daed937962140a601a4607fe72992f5bc7.ndjson.gz,api_fetched,0,,,
943,aifsenfo,completed,200,5,2026-01-08T18:00:00Z,2026-01-12T18:00:00Z,1020,1020,1020,1020,1020,18.399,0628319f5ad7a4cc4c063d5736948f0259d0e001391333deff84acf741977812,full_tactical_backfill_ok_tmax_aifsenfo_0628319f5ad7,C:/Users/ahmad/Desktop/generalFiles/git/weather_markets/weather_data_extraction/bootstrap/hkg_tmax_elite_codex_bootstrap/hkg_tmax_elite_codex/data/_pipeline_internal/raw/gribstream_tactical_full_tactical_backfill_ok_tmax/aifsenfo/run_window_utc=20260108_180000_to_20260112_180000/0628319f5ad7a4cc4c063d5736948f0259d0e001391333deff84acf741977812.ndjson.gz,api_fetched,0,,,
944,aifsenfo,completed,200,5,2026-01-13T18:00:00Z,2026-01-17T18:00:00Z,1020,1020,1020,1020,1020,18.768,cb43895603f9ce7f2cb57af3d745e823ba1d19073adba7c174719613b25e0844,full_tactical_backfill_ok_tmax_aifsenfo_cb43895603f9,C:/Users/ahmad/Desktop/generalFiles/git/weather_markets/weather_data_extraction/bootstrap/hkg_tmax_elite_codex_bootstrap/hkg_tmax_elite_codex/data/_pipeline_internal/raw/gribstream_tactical_full_tactical_backfill_ok_tmax/aifsenfo/run_window_utc=20260113_180000_to_20260117_180000/cb43895603f9ce7f2cb57af3d745e823ba1d19073adba7c174719613b25e0844.ndjson.gz,api_fetched,0,,,
945,aifsenfo,completed,200,5,2026-01-18T18:00:00Z,2026-01-22T18:00:00Z,1020,1020,1020,1020,1020,18.495,6498fdbb1a75f4eb5143f52da14d2647802c9988f0fa8985442acd544c8ff8f4,full_tactical_backfill_ok_tmax_aifsenfo_6498fdbb1a75,C:/Users/ahmad/Desktop/generalFiles/git/weather_markets/weather_data_extraction/bootstrap/hkg_tmax_elite_codex_bootstrap/hkg_tmax_elite_codex/data/_pipeline_internal/raw/gribstream_tactical_full_tactical_backfill_ok_tmax/aifsenfo/run_window_utc=20260118_180000_to_20260122_180000/6498fdbb1a75f4eb5143f52da14d2647802c9988f0fa8985442acd544c8ff8f4.ndjson.gz,api_fetched,0,,,
946,aifsenfo,completed,200,5,2026-01-23T18:00:00Z,2026-01-27T18:00:00Z,1020,1020,1020,1020,1020,18.294,f7862dccfa28cfec8a86333c36cb75cfea65092cf894fac2473d30a934cd12f8,full_tactical_backfill_ok_tmax_aifsenfo_f7862dccfa28,C:/Users/ahmad/Desktop/generalFiles/git/weather_markets/weather_data_extraction/bootstrap/hkg_tmax_elite_codex_bootstrap/hkg_tmax_elite_codex/data/_pipeline_internal/raw/gribstream_tactical_full_tactical_backfill_ok_tmax/aifsenfo/run_window_utc=20260123_180000_to_20260127_180000/f7862dccfa28cfec8a86333c36cb75cfea65092cf894fac2473d30a934cd12f8.ndjson.gz,api_fetched,0,,,
947,aifsenfo,completed,200,5,2026-01-28T18:00:00Z,2026-02-01T18:00:00Z,1020,1020,1020,1020,1020,18.97,9a5bf45a4ddfe1957e230fb16c141354d72265c5ccf9bf6c408547f2459e4db7,full_tactical_backfill_ok_tmax_aifsenfo_9a5bf45a4ddf,C:/Users/ahmad/Desktop/generalFiles/git/weather_markets/weather_data_extraction/bootstrap/hkg_tmax_elite_codex_bootstrap/hkg_tmax_elite_codex/data/_pipeline_internal/raw/gribstream_tactical_full_tactical_backfill_ok_tmax/aifsenfo/run_window_utc=20260128_180000_to_20260201_180000/9a5bf45a4ddfe1957e230fb16c141354d72265c5ccf9bf6c408547f2459e4db7.ndjson.gz,api_fetched,0,,,
948,aifsenfo,completed,200,5,2026-02-02T18:00:00Z,2026-02-06T18:00:00Z,1020,1020,1020,1020,1020,18.751,f1c690ada525ff5d53320723aa7bd63e4ad8a1c0413dfe2cb7a7b516412c02de,full_tactical_backfill_ok_tmax_aifsenfo_f1c690ada525,C:/Users/ahmad/Desktop/generalFiles/git/weather_markets/weather_data_extraction/bootstrap/hkg_tmax_elite_codex_bootstrap/hkg_tmax_elite_codex/data/_pipeline_internal/raw/gribstream_tactical_full_tactical_backfill_ok_tmax/aifsenfo/run_window_utc=20260202_180000_to_20260206_180000/f1c690ada525ff5d53320723aa7bd63e4ad8a1c0413dfe2cb7a7b516412c02de.ndjson.gz,api_fetched,0,,,
949,aifsenfo,completed,200,5,2026-02-07T18:00:00Z,2026-02-11T18:00:00Z,1020,1020,1020,1020,1020,18.628,880f445236a29d78f0e8b0f5d6705955a8c94ed7bd285117282ee03a48dc260b,full_tactical_backfill_ok_tmax_aifsenfo_880f445236a2,C:/Users/ahmad/Desktop/generalFiles/git/weather_markets/weather_data_extraction/bootstrap/hkg_tmax_elite_codex_bootstrap/hkg_tmax_elite_codex/data/_pipeline_internal/raw/gribstream_tactical_full_tactical_backfill_ok_tmax/aifsenfo/run_window_utc=20260207_180000_to_20260211_180000/880f445236a29d78f0e8b0f5d6705955a8c94ed7bd285117282ee03a48dc260b.ndjson.gz,api_fetched,0,,,
950,aifsenfo,completed,200,5,2026-02-12T18:00:00Z,2026-02-16T18:00:00Z,1020,1020,1020,1020,1020,18.973,4f9b8f4cd4ce268e9443d1b7f6778573537d1fb894d7b2f8f81aed84252cf0b1,full_tactical_backfill_ok_tmax_aifsenfo_4f9b8f4cd4ce,C:/Users/ahmad/Desktop/generalFiles/git/weather_markets/weather_data_extraction/bootstrap/hkg_tmax_elite_codex_bootstrap/hkg_tmax_elite_codex/data/_pipeline_internal/raw/gribstream_tactical_full_tactical_backfill_ok_tmax/aifsenfo/run_window_utc=20260212_180000_to_20260216_180000/4f9b8f4cd4ce268e9443d1b7f6778573537d1fb894d7b2f8f81aed84252cf0b1.ndjson.gz,api_fetched,0,,,
951,aifsenfo,completed,200,5,2026-02-17T18:00:00Z,2026-02-21T18:00:00Z,970,970,1020,1020,1020,17.249,5dac9756497431ce27a605955e59686928f293b8ab11ca216f9cf8bc67cdf581,full_tactical_backfill_ok_tmax_aifsenfo_5dac97564974,C:/Users/ahmad/Desktop/generalFiles/git/weather_markets/weather_data_extraction/bootstrap/hkg_tmax_elite_codex_bootstrap/hkg_tmax_elite_codex/data/_pipeline_internal/raw/gribstream_tactical_full_tactical_backfill_ok_tmax/aifsenfo/run_window_utc=20260217_180000_to_20260221_180000/5dac9756497431ce27a605955e59686928f293b8ab11ca216f9cf8bc67cdf581.ndjson.gz,api_fetched,0,,,
952,aifsenfo,completed,200,5,2026-02-22T18:00:00Z,2026-02-26T18:00:00Z,1020,1020,1020,1020,1020,17.729,28dae5a872ea38b5a6a14be1e00f09baaf0349e29efa7230caa775d27b4fd2dd,full_tactical_backfill_ok_tmax_aifsenfo_28dae5a872ea,C:/Users/ahmad/Desktop/generalFiles/git/weather_markets/weather_data_extraction/bootstrap/hkg_tmax_elite_codex_bootstrap/hkg_tmax_elite_codex/data/_pipeline_internal/raw/gribstream_tactical_full_tactical_backfill_ok_tmax/aifsenfo/run_window_utc=20260222_180000_to_20260226_180000/28dae5a872ea38b5a6a14be1e00f09baaf0349e29efa7230caa775d27b4fd2dd.ndjson.gz,api_fetched,0,,,
953,aifsenfo,completed,200,5,2026-02-27T18:00:00Z,2026-03-03T18:00:00Z,1020,1020,1020,1020,1020,18.674,66d00b6c22778b2ffa5946ccd1a1853165dfee3df2de7ade7dbebe907cd2bb7d,full_tactical_backfill_ok_tmax_aifsenfo_66d00b6c2277,C:/Users/ahmad/Desktop/generalFiles/git/weather_markets/weather_data_extraction/bootstrap/hkg_tmax_elite_codex_bootstrap/hkg_tmax_elite_codex/data/_pipeline_internal/raw/gribstream_tactical_full_tactical_backfill_ok_tmax/aifsenfo/run_window_utc=20260227_180000_to_20260303_180000/66d00b6c22778b2ffa5946ccd1a1853165dfee3df2de7ade7dbebe907cd2bb7d.ndjson.gz,api_fetched,0,,,
954,aifsenfo,completed,200,5,2026-03-04T18:00:00Z,2026-03-08T18:00:00Z,1020,1020,1020,1020,1020,18.821,6922d2cd7bbbf25a84068d269f02e698fc978c370e85bf5aab8278dcdb54ef90,full_tactical_backfill_ok_tmax_aifsenfo_6922d2cd7bbb,C:/Users/ahmad/Desktop/generalFiles/git/weather_markets/weather_data_extraction/bootstrap/hkg_tmax_elite_codex_bootstrap/hkg_tmax_elite_codex/data/_pipeline_internal/raw/gribstream_tactical_full_tactical_backfill_ok_tmax/aifsenfo/run_window_utc=20260304_180000_to_20260308_180000/6922d2cd7bbbf25a84068d269f02e698fc978c370e85bf5aab8278dcdb54ef90.ndjson.gz,api_fetched,0,,,
955,aifsenfo,completed,200,5,2026-03-09T18:00:00Z,2026-03-13T18:00:00Z,1020,1020,1020,1020,1020,18.026,a5611d1bcf693b250c7f125d139294adb0b88193ed8a66c1b1348467945c7e9b,full_tactical_backfill_ok_tmax_aifsenfo_a5611d1bcf69,C:/Users/ahmad/Desktop/generalFiles/git/weather_markets/weather_data_extraction/bootstrap/hkg_tmax_elite_codex_bootstrap/hkg_tmax_elite_codex/data/_pipeline_internal/raw/gribstream_tactical_full_tactical_backfill_ok_tmax/aifsenfo/run_window_utc=20260309_180000_to_20260313_180000/a5611d1bcf693b250c7f125d139294adb0b88193ed8a66c1b1348467945c7e9b.ndjson.gz,api_fetched,0,,,
956,aifsenfo,completed,200,5,2026-03-14T18:00:00Z,2026-03-18T18:00:00Z,1020,1020,1020,1020,1020,18.852,57d4484e03e111fcaac738c3dbd439db4b9be354d16c7d5fa64f47a2317fe910,full_tactical_backfill_ok_tmax_aifsenfo_57d4484e03e1,C:/Users/ahmad/Desktop/generalFiles/git/weather_markets/weather_data_extraction/bootstrap/hkg_tmax_elite_codex_bootstrap/hkg_tmax_elite_codex/data/_pipeline_internal/raw/gribstream_tactical_full_tactical_backfill_ok_tmax/aifsenfo/run_window_utc=20260314_180000_to_20260318_180000/57d4484e03e111fcaac738c3dbd439db4b9be354d16c7d5fa64f47a2317fe910.ndjson.gz,api_fetched,0,,,
957,aifsenfo,completed,200,5,2026-03-19T18:00:00Z,2026-03-23T18:00:00Z,1020,1020,1020,1020,1020,18.22,cc6245f65f0322e9d3caa116cf18ccdbb9ee760357b94b630ce708dd752a50ad,full_tactical_backfill_ok_tmax_aifsenfo_cc6245f65f03,C:/Users/ahmad/Desktop/generalFiles/git/weather_markets/weather_data_extraction/bootstrap/hkg_tmax_elite_codex_bootstrap/hkg_tmax_elite_codex/data/_pipeline_internal/raw/gribstream_tactical_full_tactical_backfill_ok_tmax/aifsenfo/run_window_utc=20260319_180000_to_20260323_180000/cc6245f65f0322e9d3caa116cf18ccdbb9ee760357b94b630ce708dd752a50ad.ndjson.gz,api_fetched,0,,,
958,aifsenfo,completed,200,5,2026-03-24T18:00:00Z,2026-03-28T18:00:00Z,1020,1020,1020,1020,1020,19.065,8cf2ccd09d755fcb44f1d66b2ec05b07769222eafd42cf37915b5539c61ae682,full_tactical_backfill_ok_tmax_aifsenfo_8cf2ccd09d75,C:/Users/ahmad/Desktop/generalFiles/git/weather_markets/weather_data_extraction/bootstrap/hkg_tmax_elite_codex_bootstrap/hkg_tmax_elite_codex/data/_pipeline_internal/raw/gribstream_tactical_full_tactical_backfill_ok_tmax/aifsenfo/run_window_utc=20260324_180000_to_20260328_180000/8cf2ccd09d755fcb44f1d66b2ec05b07769222eafd42cf37915b5539c61ae682.ndjson.gz,api_fetched,0,,,
959,aifsenfo,completed,200,5,2026-03-29T18:00:00Z,2026-04-02T18:00:00Z,1020,1020,1020,1020,1020,18.837,fadfec9d78cbb5e8c158e678f8133f347aef77559c91fdfdc8a1a31255973359,full_tactical_backfill_ok_tmax_aifsenfo_fadfec9d78cb,C:/Users/ahmad/Desktop/generalFiles/git/weather_markets/weather_data_extraction/bootstrap/hkg_tmax_elite_codex_bootstrap/hkg_tmax_elite_codex/data/_pipeline_internal/raw/gribstream_tactical_full_tactical_backfill_ok_tmax/aifsenfo/run_window_utc=20260329_180000_to_20260402_180000/fadfec9d78cbb5e8c158e678f8133f347aef77559c91fdfdc8a1a31255973359.ndjson.gz,api_fetched,0,,,
960,aifsenfo,completed,200,5,2026-04-03T18:00:00Z,2026-04-07T18:00:00Z,1020,1020,1020,1020,1020,18.276,38802f1074ead54b33b7e6f643ce43bd32a5b12a595c8890ca8c85ac125c4d96,full_tactical_backfill_ok_tmax_aifsenfo_38802f1074ea,C:/Users/ahmad/Desktop/generalFiles/git/weather_markets/weather_data_extraction/bootstrap/hkg_tmax_elite_codex_bootstrap/hkg_tmax_elite_codex/data/_pipeline_internal/raw/gribstream_tactical_full_tactical_backfill_ok_tmax/aifsenfo/run_window_utc=20260403_180000_to_20260407_180000/38802f1074ead54b33b7e6f643ce43bd32a5b12a595c8890ca8c85ac125c4d96.ndjson.gz,api_fetched,0,,,
961,aifsenfo,completed,200,5,2026-04-08T18:00:00Z,2026-04-12T18:00:00Z,1020,1020,1020,1020,1020,17.908,9d0012f2ce27dd5ae88b191206bc80a55650e05fdb857861424270334ca89547,full_tactical_backfill_ok_tmax_aifsenfo_9d0012f2ce27,C:/Users/ahmad/Desktop/generalFiles/git/weather_markets/weather_data_extraction/bootstrap/hkg_tmax_elite_codex_bootstrap/hkg_tmax_elite_codex/data/_pipeline_internal/raw/gribstream_tactical_full_tactical_backfill_ok_tmax/aifsenfo/run_window_utc=20260408_180000_to_20260412_180000/9d0012f2ce27dd5ae88b191206bc80a55650e05fdb857861424270334ca89547.ndjson.gz,api_fetched,0,,,
962,aifsenfo,completed,200,5,2026-04-13T18:00:00Z,2026-04-17T18:00:00Z,1020,1020,1020,1020,1020,19.055,00b90a21d3a386efcff3fe82f83c135dc86057f8c8195c84cb9956a584229016,full_tactical_backfill_ok_tmax_aifsenfo_00b90a21d3a3,C:/Users/ahmad/Desktop/generalFiles/git/weather_markets/weather_data_extraction/bootstrap/hkg_tmax_elite_codex_bootstrap/hkg_tmax_elite_codex/data/_pipeline_internal/raw/gribstream_tactical_full_tactical_backfill_ok_tmax/aifsenfo/run_window_utc=20260413_180000_to_20260417_180000/00b90a21d3a386efcff3fe82f83c135dc86057f8c8195c84cb9956a584229016.ndjson.gz,api_fetched,0,,,
963,aifsenfo,completed,200,5,2026-04-18T18:00:00Z,2026-04-22T18:00:00Z,1020,1020,1020,1020,1020,18.267,bfa988bb8a7b67b3031dd0ef53d9430c1a8baccf19923c8fe1738ceea3c748a8,full_tactical_backfill_ok_tmax_aifsenfo_bfa988bb8a7b,C:/Users/ahmad/Desktop/generalFiles/git/weather_markets/weather_data_extraction/bootstrap/hkg_tmax_elite_codex_bootstrap/hkg_tmax_elite_codex/data/_pipeline_internal/raw/gribstream_tactical_full_tactical_backfill_ok_tmax/aifsenfo/run_window_utc=20260418_180000_to_20260422_180000/bfa988bb8a7b67b3031dd0ef53d9430c1a8baccf19923c8fe1738ceea3c748a8.ndjson.gz,api_fetched,0,,,
964,aifsenfo,completed,200,5,2026-04-23T18:00:00Z,2026-04-27T18:00:00Z,1020,1020,1020,1020,1020,18.644,8d0e63f7cc46ba6f821a623b5f78238324d6cd76ea72d911f36f35152b605ef7,full_tactical_backfill_ok_tmax_aifsenfo_8d0e63f7cc46,C:/Users/ahmad/Desktop/generalFiles/git/weather_markets/weather_data_extraction/bootstrap/hkg_tmax_elite_codex_bootstrap/hkg_tmax_elite_codex/data/_pipeline_internal/raw/gribstream_tactical_full_tactical_backfill_ok_tmax/aifsenfo/run_window_utc=20260423_180000_to_20260427_180000/8d0e63f7cc46ba6f821a623b5f78238324d6cd76ea72d911f36f35152b605ef7.ndjson.gz,api_fetched,0,,,
965,aifsenfo,completed,200,5,2026-04-28T18:00:00Z,2026-05-02T18:00:00Z,1020,1020,1020,1020,1020,18.939,41a84add05b41a623007f939dc7612c5693abfe26aa2d175b5b3c83151b34711,full_tactical_backfill_ok_tmax_aifsenfo_41a84add05b4,C:/Users/ahmad/Desktop/generalFiles/git/weather_markets/weather_data_extraction/bootstrap/hkg_tmax_elite_codex_bootstrap/hkg_tmax_elite_codex/data/_pipeline_internal/raw/gribstream_tactical_full_tactical_backfill_ok_tmax/aifsenfo/run_window_utc=20260428_180000_to_20260502_180000/41a84add05b41a623007f939dc7612c5693abfe26aa2d175b5b3c83151b34711.ndjson.gz,api_fetched,0,,,
966,aifsenfo,completed,200,5,2026-05-03T18:00:00Z,2026-05-07T18:00:00Z,1020,1020,1020,1020,1020,18.365,4dcb5734d1b7c79d8e52af5e991c67c3a54fb3647a6206b0c39c37e245b1c571,full_tactical_backfill_ok_tmax_aifsenfo_4dcb5734d1b7,C:/Users/ahmad/Desktop/generalFiles/git/weather_markets/weather_data_extraction/bootstrap/hkg_tmax_elite_codex_bootstrap/hkg_tmax_elite_codex/data/_pipeline_internal/raw/gribstream_tactical_full_tactical_backfill_ok_tmax/aifsenfo/run_window_utc=20260503_180000_to_20260507_180000/4dcb5734d1b7c79d8e52af5e991c67c3a54fb3647a6206b0c39c37e245b1c571.ndjson.gz,api_fetched,0,,,
967,aifsenfo,completed,200,5,2026-05-08T18:00:00Z,2026-05-12T18:00:00Z,1020,1020,1020,1020,1020,19.095,36c1f4bd3ad5ce849c35edd542b013489667ce84003ac6bc17703f19c0161166,full_tactical_backfill_ok_tmax_aifsenfo_36c1f4bd3ad5,C:/Users/ahmad/Desktop/generalFiles/git/weather_markets/weather_data_extraction/bootstrap/hkg_tmax_elite_codex_bootstrap/hkg_tmax_elite_codex/data/_pipeline_internal/raw/gribstream_tactical_full_tactical_backfill_ok_tmax/aifsenfo/run_window_utc=20260508_180000_to_20260512_180000/36c1f4bd3ad5ce849c35edd542b013489667ce84003ac6bc17703f19c0161166.ndjson.gz,api_fetched,0,,,
968,aifsenfo,completed,200,5,2026-05-13T18:00:00Z,2026-05-17T18:00:00Z,1020,1020,1020,1020,1020,20.812,cb8152a4454363279b082884db26758a848b9fbb337b58ca2cc82b01ae376c2b,full_tactical_backfill_ok_tmax_aifsenfo_cb8152a44543,C:/Users/ahmad/Desktop/generalFiles/git/weather_markets/weather_data_extraction/bootstrap/hkg_tmax_elite_codex_bootstrap/hkg_tmax_elite_codex/data/_pipeline_internal/raw/gribstream_tactical_full_tactical_backfill_ok_tmax/aifsenfo/run_window_utc=20260513_180000_to_20260517_180000/cb8152a4454363279b082884db26758a848b9fbb337b58ca2cc82b01ae376c2b.ndjson.gz,api_fetched,0,,,
969,aifsenfo,completed,200,5,2026-05-18T18:00:00Z,2026-05-22T18:00:00Z,970,970,1020,1020,1020,18.764,7949de3da41031bf9bea441019a3e739df01811c28ce08a1fe83986424867b17,full_tactical_backfill_ok_tmax_aifsenfo_7949de3da410,C:/Users/ahmad/Desktop/generalFiles/git/weather_markets/weather_data_extraction/bootstrap/hkg_tmax_elite_codex_bootstrap/hkg_tmax_elite_codex/data/_pipeline_internal/raw/gribstream_tactical_full_tactical_backfill_ok_tmax/aifsenfo/run_window_utc=20260518_180000_to_20260522_180000/7949de3da41031bf9bea441019a3e739df01811c28ce08a1fe83986424867b17.ndjson.gz,api_fetched,0,,,
970,aifsenfo,completed,200,5,2026-05-23T18:00:00Z,2026-05-27T18:00:00Z,970,970,1020,1020,1020,17.858,57b72a9e8556cb0b0626b4416754e4075e522692d08af3163a153bef0f02727a,full_tactical_backfill_ok_tmax_aifsenfo_57b72a9e8556,C:/Users/ahmad/Desktop/generalFiles/git/weather_markets/weather_data_extraction/bootstrap/hkg_tmax_elite_codex_bootstrap/hkg_tmax_elite_codex/data/_pipeline_internal/raw/gribstream_tactical_full_tactical_backfill_ok_tmax/aifsenfo/run_window_utc=20260523_180000_to_20260527_180000/57b72a9e8556cb0b0626b4416754e4075e522692d08af3163a153bef0f02727a.ndjson.gz,api_fetched,0,,,
971,aifsenfo,completed,200,5,2026-05-28T18:00:00Z,2026-06-01T18:00:00Z,1020,1020,1020,1020,1020,19.438,13ed63b3fd0d6bd16795120361b49da6c2a7c4a732d43e05d070dc185df29401,full_tactical_backfill_ok_tmax_aifsenfo_13ed63b3fd0d,C:/Users/ahmad/Desktop/generalFiles/git/weather_markets/weather_data_extraction/bootstrap/hkg_tmax_elite_codex_bootstrap/hkg_tmax_elite_codex/data/_pipeline_internal/raw/gribstream_tactical_full_tactical_backfill_ok_tmax/aifsenfo/run_window_utc=20260528_180000_to_20260601_180000/13ed63b3fd0d6bd16795120361b49da6c2a7c4a732d43e05d070dc185df29401.ndjson.gz,api_fetched,0,,,
972,aifsenfo,completed,200,5,2026-06-02T18:00:00Z,2026-06-06T18:00:00Z,1020,1020,1020,1020,1020,18.792,4d44e4808e14c0d2c935494734ec5997dcbabd7d733ab8e9a65c6d0a13eeff43,full_tactical_backfill_ok_tmax_aifsenfo_4d44e4808e14,C:/Users/ahmad/Desktop/generalFiles/git/weather_markets/weather_data_extraction/bootstrap/hkg_tmax_elite_codex_bootstrap/hkg_tmax_elite_codex/data/_pipeline_internal/raw/gribstream_tactical_full_tactical_backfill_ok_tmax/aifsenfo/run_window_utc=20260602_180000_to_20260606_180000/4d44e4808e14c0d2c935494734ec5997dcbabd7d733ab8e9a65c6d0a13eeff43.ndjson.gz,api_fetched,0,,,
973,aifsenfo,completed,200,5,2026-06-07T18:00:00Z,2026-06-11T18:00:00Z,1020,1020,1020,1020,1020,18.73,ff5f58e1cec0f19433ab14e91efe8df125d29465570e3461ca0ba3e690e295c0,full_tactical_backfill_ok_tmax_aifsenfo_ff5f58e1cec0,C:/Users/ahmad/Desktop/generalFiles/git/weather_markets/weather_data_extraction/bootstrap/hkg_tmax_elite_codex_bootstrap/hkg_tmax_elite_codex/data/_pipeline_internal/raw/gribstream_tactical_full_tactical_backfill_ok_tmax/aifsenfo/run_window_utc=20260607_180000_to_20260611_180000/ff5f58e1cec0f19433ab14e91efe8df125d29465570e3461ca0ba3e690e295c0.ndjson.gz,api_fetched,0,,,
974,aifsenfo,completed,200,5,2026-06-12T18:00:00Z,2026-06-16T18:00:00Z,1020,1020,1020,1020,1020,18.304,34361982431da46d3bdb299655902655739c8ec4ba6ccee0decc9504ec9f6e96,full_tactical_backfill_ok_tmax_aifsenfo_34361982431d,C:/Users/ahmad/Desktop/generalFiles/git/weather_markets/weather_data_extraction/bootstrap/hkg_tmax_elite_codex_bootstrap/hkg_tmax_elite_codex/data/_pipeline_internal/raw/gribstream_tactical_full_tactical_backfill_ok_tmax/aifsenfo/run_window_utc=20260612_180000_to_20260616_180000/34361982431da46d3bdb299655902655739c8ec4ba6ccee0decc9504ec9f6e96.ndjson.gz,api_fetched,0,,,
975,aifsenfo,completed,200,5,2026-06-17T18:00:00Z,2026-06-21T18:00:00Z,1020,1020,1020,1020,1020,18.712,d1df4241a15f35e7113ca75ca65aa1bcf3193d74c02f0dc8dfb0d1f2e10522a1,full_tactical_backfill_ok_tmax_aifsenfo_d1df4241a15f,C:/Users/ahmad/Desktop/generalFiles/git/weather_markets/weather_data_extraction/bootstrap/hkg_tmax_elite_codex_bootstrap/hkg_tmax_elite_codex/data/_pipeline_internal/raw/gribstream_tactical_full_tactical_backfill_ok_tmax/aifsenfo/run_window_utc=20260617_180000_to_20260621_180000/d1df4241a15f35e7113ca75ca65aa1bcf3193d74c02f0dc8dfb0d1f2e10522a1.ndjson.gz,api_fetched,0,,,
976,aigfssfc,completed,200,31,2026-04-16T18:00:00Z,2026-05-16T18:00:00Z,1500,1500,500,620,1860,3.723,3d77a3a63bf3e0863cf26e0827015b5e3c5e93f8ceccc9fb1c6b7c87c967c81a,batch_smoke_10w_aigfssfc_3d77a3a63bf3,C:/Users/ahmad/Desktop/generalFiles/git/weather_markets/weather_data_extraction/bootstrap/hkg_tmax_elite_codex_bootstrap/hkg_tmax_elite_codex/data/_pipeline_internal/raw/gribstream_tactical_full_tactical_backfill_ok_tmax/aigfssfc/run_window_utc=20260416_180000_to_20260516_180000/3d77a3a63bf3e0863cf26e0827015b5e3c5e93f8ceccc9fb1c6b7c87c967c81a.ndjson.gz,api_fetched,0,,,
977,aigfssfc,completed,200,31,2026-05-17T18:00:00Z,2026-06-16T18:00:00Z,1860,1860,620,620,1860,12.92,6b7bc69cb809b868b43169fdb9887fd94ab0cdce0da7efff634ed648895a0454,batch_smoke_10w_aigfssfc_6b7bc69cb809,C:/Users/ahmad/Desktop/generalFiles/git/weather_markets/weather_data_extraction/bootstrap/hkg_tmax_elite_codex_bootstrap/hkg_tmax_elite_codex/data/_pipeline_internal/raw/gribstream_tactical_full_tactical_backfill_ok_tmax/aigfssfc/run_window_utc=20260517_180000_to_20260616_180000/6b7bc69cb809b868b43169fdb9887fd94ab0cdce0da7efff634ed648895a0454.ndjson.gz,api_fetched,0,,,
978,aigfssfc,completed,200,5,2026-06-17T18:00:00Z,2026-06-21T18:00:00Z,300,300,100,100,300,7.401,af074feb2526e9701867f7ba8c6752d9ac272173874e252bcda49817c2c5b60d,batch_smoke_10w_aigfssfc_af074feb2526,C:/Users/ahmad/Desktop/generalFiles/git/weather_markets/weather_data_extraction/bootstrap/hkg_tmax_elite_codex_bootstrap/hkg_tmax_elite_codex/data/_pipeline_internal/raw/gribstream_tactical_full_tactical_backfill_ok_tmax/aigfssfc/run_window_utc=20260617_180000_to_20260621_180000/af074feb2526e9701867f7ba8c6752d9ac272173874e252bcda49817c2c5b60d.ndjson.gz,api_fetched,0,,,
979,aigfspres,completed,200,14,2026-04-16T18:00:00Z,2026-04-29T18:00:00Z,540,540,90,140,840,12.294,7a3714ea907d0b09b8eb30734e309ba489b1e7cabf6961c126c7cb9daee4d337,batch_smoke_10w_aigfspres_7a3714ea907d,C:/Users/ahmad/Desktop/generalFiles/git/weather_markets/weather_data_extraction/bootstrap/hkg_tmax_elite_codex_bootstrap/hkg_tmax_elite_codex/data/_pipeline_internal/raw/gribstream_tactical_full_tactical_backfill_ok_tmax/aigfspres/run_window_utc=20260416_180000_to_20260429_180000/7a3714ea907d0b09b8eb30734e309ba489b1e7cabf6961c126c7cb9daee4d337.ndjson.gz,api_fetched,0,,,
980,aigfspres,completed,200,14,2026-04-30T18:00:00Z,2026-05-13T18:00:00Z,780,780,130,140,840,12.209,2641e2f7ec69696f67764f8ac293b919dc72652160c5a06a1c4f7fa5a4bc3b8f,batch_smoke_10w_aigfspres_2641e2f7ec69,C:/Users/ahmad/Desktop/generalFiles/git/weather_markets/weather_data_extraction/bootstrap/hkg_tmax_elite_codex_bootstrap/hkg_tmax_elite_codex/data/_pipeline_internal/raw/gribstream_tactical_full_tactical_backfill_ok_tmax/aigfspres/run_window_utc=20260430_180000_to_20260513_180000/2641e2f7ec69696f67764f8ac293b919dc72652160c5a06a1c4f7fa5a4bc3b8f.ndjson.gz,api_fetched,0,,,
981,aigfspres,completed,200,14,2026-05-14T18:00:00Z,2026-05-27T18:00:00Z,840,840,140,140,840,11.57,746d050fdb9cd95732003c5a5d5f303fa65e68ba420cd78e4290a2b04eda1a83,batch_smoke_10w_aigfspres_746d050fdb9c,C:/Users/ahmad/Desktop/generalFiles/git/weather_markets/weather_data_extraction/bootstrap/hkg_tmax_elite_codex_bootstrap/hkg_tmax_elite_codex/data/_pipeline_internal/raw/gribstream_tactical_full_tactical_backfill_ok_tmax/aigfspres/run_window_utc=20260514_180000_to_20260527_180000/746d050fdb9cd95732003c5a5d5f303fa65e68ba420cd78e4290a2b04eda1a83.ndjson.gz,api_fetched,0,,,
982,aigfspres,completed,200,14,2026-05-28T18:00:00Z,2026-06-10T18:00:00Z,840,840,140,140,840,11.727,eff41e9be844b15698733bf181d9018f27129cf7075fb569b35882e4d88633cf,batch_smoke_10w_aigfspres_eff41e9be844,C:/Users/ahmad/Desktop/generalFiles/git/weather_markets/weather_data_extraction/bootstrap/hkg_tmax_elite_codex_bootstrap/hkg_tmax_elite_codex/data/_pipeline_internal/raw/gribstream_tactical_full_tactical_backfill_ok_tmax/aigfspres/run_window_utc=20260528_180000_to_20260610_180000/eff41e9be844b15698733bf181d9018f27129cf7075fb569b35882e4d88633cf.ndjson.gz,api_fetched,0,,,
983,aigfspres,completed,200,11,2026-06-11T18:00:00Z,2026-06-21T18:00:00Z,660,660,110,110,660,11.377,4390f6236d51283b2c30d96a926c54d38ea312681bfe39a2419b2611b91d1531,batch_smoke_10w_aigfspres_4390f6236d51,C:/Users/ahmad/Desktop/generalFiles/git/weather_markets/weather_data_extraction/bootstrap/hkg_tmax_elite_codex_bootstrap/hkg_tmax_elite_codex/data/_pipeline_internal/raw/gribstream_tactical_full_tactical_backfill_ok_tmax/aigfspres/run_window_utc=20260611_180000_to_20260621_180000/4390f6236d51283b2c30d96a926c54d38ea312681bfe39a2419b2611b91d1531.ndjson.gz,api_fetched,0,,,
984,aigefssfc,completed,200,5,2025-06-01T18:00:00Z,2025-06-05T18:00:00Z,620,620,620,620,620,15.636,7ad27f57d345dd35f11eff95de1155ff5274182e29e51a5a671c0a4f3c786e51,batch_smoke_10w_aigefssfc_7ad27f57d345,C:/Users/ahmad/Desktop/generalFiles/git/weather_markets/weather_data_extraction/bootstrap/hkg_tmax_elite_codex_bootstrap/hkg_tmax_elite_codex/data/_pipeline_internal/raw/gribstream_tactical_full_tactical_backfill_ok_tmax/aigefssfc/run_window_utc=20250601_180000_to_20250605_180000/7ad27f57d345dd35f11eff95de1155ff5274182e29e51a5a671c0a4f3c786e51.ndjson.gz,api_fetched,0,,,
985,aigefssfc,completed,200,5,2025-06-06T18:00:00Z,2025-06-10T18:00:00Z,620,620,620,620,620,11.844,c8f7f2c3a0f758bc976dbaab0607103b6a3773d1b0106193161350f2632b5997,batch_smoke_10w_aigefssfc_c8f7f2c3a0f7,C:/Users/ahmad/Desktop/generalFiles/git/weather_markets/weather_data_extraction/bootstrap/hkg_tmax_elite_codex_bootstrap/hkg_tmax_elite_codex/data/_pipeline_internal/raw/gribstream_tactical_full_tactical_backfill_ok_tmax/aigefssfc/run_window_utc=20250606_180000_to_20250610_180000/c8f7f2c3a0f758bc976dbaab0607103b6a3773d1b0106193161350f2632b5997.ndjson.gz,api_fetched,0,,,
986,aigefssfc,completed,200,5,2025-06-11T18:00:00Z,2025-06-15T18:00:00Z,620,620,620,620,620,11.061,57a8f1734ad1ba896e8fdbadce5b3478025bf6d9ec2e26d20ae6caac693fda70,batch_smoke_10w_aigefssfc_57a8f1734ad1,C:/Users/ahmad/Desktop/generalFiles/git/weather_markets/weather_data_extraction/bootstrap/hkg_tmax_elite_codex_bootstrap/hkg_tmax_elite_codex/data/_pipeline_internal/raw/gribstream_tactical_full_tactical_backfill_ok_tmax/aigefssfc/run_window_utc=20250611_180000_to_20250615_180000/57a8f1734ad1ba896e8fdbadce5b3478025bf6d9ec2e26d20ae6caac693fda70.ndjson.gz,api_fetched,0,,,
987,aigefssfc,completed,200,5,2025-06-16T18:00:00Z,2025-06-20T18:00:00Z,620,620,620,620,620,12.305,dd08f92fe053e66684ba7dbfd5d364b321999a8be8547b257376ad0528ff60ab,batch_smoke_10w_aigefssfc_dd08f92fe053,C:/Users/ahmad/Desktop/generalFiles/git/weather_markets/weather_data_extraction/bootstrap/hkg_tmax_elite_codex_bootstrap/hkg_tmax_elite_codex/data/_pipeline_internal/raw/gribstream_tactical_full_tactical_backfill_ok_tmax/aigefssfc/run_window_utc=20250616_180000_to_20250620_180000/dd08f92fe053e66684ba7dbfd5d364b321999a8be8547b257376ad0528ff60ab.ndjson.gz,api_fetched,0,,,
988,aigefssfc,completed,200,5,2025-06-21T18:00:00Z,2025-06-25T18:00:00Z,620,620,620,620,620,11.419,87db8d3fdaf09b6b4fb3b4b3f51b23934601098ebbc93b63617316dd99ad577b,batch_smoke_10w_aigefssfc_87db8d3fdaf0,C:/Users/ahmad/Desktop/generalFiles/git/weather_markets/weather_data_extraction/bootstrap/hkg_tmax_elite_codex_bootstrap/hkg_tmax_elite_codex/data/_pipeline_internal/raw/gribstream_tactical_full_tactical_backfill_ok_tmax/aigefssfc/run_window_utc=20250621_180000_to_20250625_180000/87db8d3fdaf09b6b4fb3b4b3f51b23934601098ebbc93b63617316dd99ad577b.ndjson.gz,api_fetched,0,,,
989,aigefssfc,completed,200,5,2025-06-26T18:00:00Z,2025-06-30T18:00:00Z,496,496,496,620,620,10.892,0b58e6b30ad858c92d6f831c42577cf66d0cba93d529cd1e98b5cea8f1f86056,batch_smoke_10w_aigefssfc_0b58e6b30ad8,C:/Users/ahmad/Desktop/generalFiles/git/weather_markets/weather_data_extraction/bootstrap/hkg_tmax_elite_codex_bootstrap/hkg_tmax_elite_codex/data/_pipeline_internal/raw/gribstream_tactical_full_tactical_backfill_ok_tmax/aigefssfc/run_window_utc=20250626_180000_to_20250630_180000/0b58e6b30ad858c92d6f831c42577cf66d0cba93d529cd1e98b5cea8f1f86056.ndjson.gz,api_fetched,0,,,
990,aigefssfc,completed,200,5,2025-07-01T18:00:00Z,2025-07-05T18:00:00Z,620,620,620,620,620,12.529,1e94b8a962382ebfb9f26706cf28c0e94d4e8b5c75a2eaab3ae78fddc0eeb907,batch_smoke_10w_aigefssfc_1e94b8a96238,C:/Users/ahmad/Desktop/generalFiles/git/weather_markets/weather_data_extraction/bootstrap/hkg_tmax_elite_codex_bootstrap/hkg_tmax_elite_codex/data/_pipeline_internal/raw/gribstream_tactical_full_tactical_backfill_ok_tmax/aigefssfc/run_window_utc=20250701_180000_to_20250705_180000/1e94b8a962382ebfb9f26706cf28c0e94d4e8b5c75a2eaab3ae78fddc0eeb907.ndjson.gz,api_fetched,0,,,
991,aigefssfc,completed,200,5,2025-07-06T18:00:00Z,2025-07-10T18:00:00Z,620,620,620,620,620,11.974,cbf62d2aa0fa6f72476e69256e16f05e4a32c7e202912a60239bbbdf03492cac,batch_smoke_10w_aigefssfc_cbf62d2aa0fa,C:/Users/ahmad/Desktop/generalFiles/git/weather_markets/weather_data_extraction/bootstrap/hkg_tmax_elite_codex_bootstrap/hkg_tmax_elite_codex/data/_pipeline_internal/raw/gribstream_tactical_full_tactical_backfill_ok_tmax/aigefssfc/run_window_utc=20250706_180000_to_20250710_180000/cbf62d2aa0fa6f72476e69256e16f05e4a32c7e202912a60239bbbdf03492cac.ndjson.gz,api_fetched,0,,,
992,aigefssfc,completed,200,5,2025-07-11T18:00:00Z,2025-07-15T18:00:00Z,620,620,620,620,620,11.651,6222afd41f54c7d6324b2559ed4db0b30e46067eaed37f83e0244d11191d1970,batch_smoke_10w_aigefssfc_6222afd41f54,C:/Users/ahmad/Desktop/generalFiles/git/weather_markets/weather_data_extraction/bootstrap/hkg_tmax_elite_codex_bootstrap/hkg_tmax_elite_codex/data/_pipeline_internal/raw/gribstream_tactical_full_tactical_backfill_ok_tmax/aigefssfc/run_window_utc=20250711_180000_to_20250715_180000/6222afd41f54c7d6324b2559ed4db0b30e46067eaed37f83e0244d11191d1970.ndjson.gz,api_fetched,0,,,
993,aigefssfc,completed,200,5,2025-07-16T18:00:00Z,2025-07-20T18:00:00Z,620,620,620,620,620,11.66,fc9ad32dbb68a7ce3e8e9b07a88b0443d8c3e3ce3063c731852c4028a3823c5c,batch_smoke_10w_aigefssfc_fc9ad32dbb68,C:/Users/ahmad/Desktop/generalFiles/git/weather_markets/weather_data_extraction/bootstrap/hkg_tmax_elite_codex_bootstrap/hkg_tmax_elite_codex/data/_pipeline_internal/raw/gribstream_tactical_full_tactical_backfill_ok_tmax/aigefssfc/run_window_utc=20250716_180000_to_20250720_180000/fc9ad32dbb68a7ce3e8e9b07a88b0443d8c3e3ce3063c731852c4028a3823c5c.ndjson.gz,api_fetched,0,,,
994,aigefssfc,completed,200,5,2025-07-21T18:00:00Z,2025-07-25T18:00:00Z,496,496,496,620,620,10.889,0b140af3b478917a9fefbcbd7a2f1121f06d3f639cee28ba276ac3f96cd35346,batch_smoke_10w_aigefssfc_0b140af3b478,C:/Users/ahmad/Desktop/generalFiles/git/weather_markets/weather_data_extraction/bootstrap/hkg_tmax_elite_codex_bootstrap/hkg_tmax_elite_codex/data/_pipeline_internal/raw/gribstream_tactical_full_tactical_backfill_ok_tmax/aigefssfc/run_window_utc=20250721_180000_to_20250725_180000/0b140af3b478917a9fefbcbd7a2f1121f06d3f639cee28ba276ac3f96cd35346.ndjson.gz,api_fetched,0,,,
995,aigefssfc,completed,200,5,2025-07-26T18:00:00Z,2025-07-30T18:00:00Z,620,620,620,620,620,12.542,64cc3031f23ceb7a87e1bd8736662ad0d4eb002df293b138e993fee163311a5f,batch_smoke_10w_aigefssfc_64cc3031f23c,C:/Users/ahmad/Desktop/generalFiles/git/weather_markets/weather_data_extraction/bootstrap/hkg_tmax_elite_codex_bootstrap/hkg_tmax_elite_codex/data/_pipeline_internal/raw/gribstream_tactical_full_tactical_backfill_ok_tmax/aigefssfc/run_window_utc=20250726_180000_to_20250730_180000/64cc3031f23ceb7a87e1bd8736662ad0d4eb002df293b138e993fee163311a5f.ndjson.gz,api_fetched,0,,,
996,aigefssfc,completed,200,5,2025-07-31T18:00:00Z,2025-08-04T18:00:00Z,620,620,620,620,620,11.708,3fc053b1bef155d9922d207ac01cd7ece066ff02adad5d3d7831041f51049e2a,batch_smoke_10w_aigefssfc_3fc053b1bef1,C:/Users/ahmad/Desktop/generalFiles/git/weather_markets/weather_data_extraction/bootstrap/hkg_tmax_elite_codex_bootstrap/hkg_tmax_elite_codex/data/_pipeline_internal/raw/gribstream_tactical_full_tactical_backfill_ok_tmax/aigefssfc/run_window_utc=20250731_180000_to_20250804_180000/3fc053b1bef155d9922d207ac01cd7ece066ff02adad5d3d7831041f51049e2a.ndjson.gz,api_fetched,0,,,
997,aigefssfc,completed,200,5,2025-08-05T18:00:00Z,2025-08-09T18:00:00Z,620,620,620,620,620,11.748,8922f9461396c486546c5b3e8647df51aa9a81d81c9ff688d5727acd878a1df3,batch_smoke_10w_aigefssfc_8922f9461396,C:/Users/ahmad/Desktop/generalFiles/git/weather_markets/weather_data_extraction/bootstrap/hkg_tmax_elite_codex_bootstrap/hkg_tmax_elite_codex/data/_pipeline_internal/raw/gribstream_tactical_full_tactical_backfill_ok_tmax/aigefssfc/run_window_utc=20250805_180000_to_20250809_180000/8922f9461396c486546c5b3e8647df51aa9a81d81c9ff688d5727acd878a1df3.ndjson.gz,api_fetched,0,,,
998,aigefssfc,completed,200,5,2025-08-10T18:00:00Z,2025-08-14T18:00:00Z,496,496,496,620,620,10.969,4db1bc23067606aef7ec921d109f5619e048b51fc76cb86cea2c755867eec00d,full_tactical_backfill_ok_tmax_aigefssfc_4db1bc230676,C:/Users/ahmad/Desktop/generalFiles/git/weather_markets/weather_data_extraction/bootstrap/hkg_tmax_elite_codex_bootstrap/hkg_tmax_elite_codex/data/_pipeline_internal/raw/gribstream_tactical_full_tactical_backfill_ok_tmax/aigefssfc/run_window_utc=20250810_180000_to_20250814_180000/4db1bc23067606aef7ec921d109f5619e048b51fc76cb86cea2c755867eec00d.ndjson.gz,api_fetched,0,,,
999,aigefssfc,completed,200,5,2025-08-15T18:00:00Z,2025-08-19T18:00:00Z,496,496,496,620,620,11.443,d7e78070c9f830f6c6fbf408cf1531fd104e037f0da998a0631e16929c62d008,full_tactical_backfill_ok_tmax_aigefssfc_d7e78070c9f8,C:/Users/ahmad/Desktop/generalFiles/git/weather_markets/weather_data_extraction/bootstrap/hkg_tmax_elite_codex_bootstrap/hkg_tmax_elite_codex/data/_pipeline_internal/raw/gribstream_tactical_full_tactical_backfill_ok_tmax/aigefssfc/run_window_utc=20250815_180000_to_20250819_180000/d7e78070c9f830f6c6fbf408cf1531fd104e037f0da998a0631e16929c62d008.ndjson.gz,api_fetched,0,,,
1000,aigefssfc,completed,200,5,2025-08-20T18:00:00Z,2025-08-24T18:00:00Z,620,620,620,620,620,12.877,5111e4adc6c8accb0476f04a6563f95d52e9e7861d41aa57391740a3639851f8,full_tactical_backfill_ok_tmax_aigefssfc_5111e4adc6c8,C:/Users/ahmad/Desktop/generalFiles/git/weather_markets/weather_data_extraction/bootstrap/hkg_tmax_elite_codex_bootstrap/hkg_tmax_elite_codex/data/_pipeline_internal/raw/gribstream_tactical_full_tactical_backfill_ok_tmax/aigefssfc/run_window_utc=20250820_180000_to_20250824_180000/5111e4adc6c8accb0476f04a6563f95d52e9e7861d41aa57391740a3639851f8.ndjson.gz,api_fetched,0,,,
1001,aigefssfc,completed,200,5,2025-08-25T18:00:00Z,2025-08-29T18:00:00Z,620,620,620,620,620,11.821,3de5ee00cba0b3db55939f6aefcdfd0d3534202b5baff005468b0b73cc700b8a,full_tactical_backfill_ok_tmax_aigefssfc_3de5ee00cba0,C:/Users/ahmad/Desktop/generalFiles/git/weather_markets/weather_data_extraction/bootstrap/hkg_tmax_elite_codex_bootstrap/hkg_tmax_elite_codex/data/_pipeline_internal/raw/gribstream_tactical_full_tactical_backfill_ok_tmax/aigefssfc/run_window_utc=20250825_180000_to_20250829_180000/3de5ee00cba0b3db55939f6aefcdfd0d3534202b5baff005468b0b73cc700b8a.ndjson.gz,api_fetched,0,,,
1002,aigefssfc,completed,200,5,2025-08-30T18:00:00Z,2025-09-03T18:00:00Z,496,496,496,620,620,10.584,083ae13ec86a9c38836ac566663b92f68f7826b636d43db90add2a649a2cdd93,full_tactical_backfill_ok_tmax_aigefssfc_083ae13ec86a,C:/Users/ahmad/Desktop/generalFiles/git/weather_markets/weather_data_extraction/bootstrap/hkg_tmax_elite_codex_bootstrap/hkg_tmax_elite_codex/data/_pipeline_internal/raw/gribstream_tactical_full_tactical_backfill_ok_tmax/aigefssfc/run_window_utc=20250830_180000_to_20250903_180000/083ae13ec86a9c38836ac566663b92f68f7826b636d43db90add2a649a2cdd93.ndjson.gz,api_fetched,0,,,
1003,aigefssfc,completed,200,5,2025-09-04T18:00:00Z,2025-09-08T18:00:00Z,620,620,620,620,620,12.727,9bc4d0cf5c92dea3ab95d8d044425256012bf25e0d0adec0041a76635ae84227,full_tactical_backfill_ok_tmax_aigefssfc_9bc4d0cf5c92,C:/Users/ahmad/Desktop/generalFiles/git/weather_markets/weather_data_extraction/bootstrap/hkg_tmax_elite_codex_bootstrap/hkg_tmax_elite_codex/data/_pipeline_internal/raw/gribstream_tactical_full_tactical_backfill_ok_tmax/aigefssfc/run_window_utc=20250904_180000_to_20250908_180000/9bc4d0cf5c92dea3ab95d8d044425256012bf25e0d0adec0041a76635ae84227.ndjson.gz,api_fetched,0,,,
1004,aigefssfc,completed,200,5,2025-09-09T18:00:00Z,2025-09-13T18:00:00Z,620,620,620,620,620,11.766,8d99aa660fb0096dc98d1f3ee9d732a10858d3ec34f68f319a2ec5d0bd7186b4,full_tactical_backfill_ok_tmax_aigefssfc_8d99aa660fb0,C:/Users/ahmad/Desktop/generalFiles/git/weather_markets/weather_data_extraction/bootstrap/hkg_tmax_elite_codex_bootstrap/hkg_tmax_elite_codex/data/_pipeline_internal/raw/gribstream_tactical_full_tactical_backfill_ok_tmax/aigefssfc/run_window_utc=20250909_180000_to_20250913_180000/8d99aa660fb0096dc98d1f3ee9d732a10858d3ec34f68f319a2ec5d0bd7186b4.ndjson.gz,api_fetched,0,,,
1005,aigefssfc,completed,200,5,2025-09-14T18:00:00Z,2025-09-18T18:00:00Z,620,620,620,620,620,11.617,f9daf24d1fc5994d8a21c1da8f3b932c1fe4de56a0dca74eb2492605605ae8b1,full_tactical_backfill_ok_tmax_aigefssfc_f9daf24d1fc5,C:/Users/ahmad/Desktop/generalFiles/git/weather_markets/weather_data_extraction/bootstrap/hkg_tmax_elite_codex_bootstrap/hkg_tmax_elite_codex/data/_pipeline_internal/raw/gribstream_tactical_full_tactical_backfill_ok_tmax/aigefssfc/run_window_utc=20250914_180000_to_20250918_180000/f9daf24d1fc5994d8a21c1da8f3b932c1fe4de56a0dca74eb2492605605ae8b1.ndjson.gz,api_fetched,0,,,
1006,aigefssfc,completed,200,5,2025-09-19T18:00:00Z,2025-09-23T18:00:00Z,620,620,620,620,620,11.559,9a456742ff2648509edffe38f06a2872f0a77f77586138af415dea894f0b8eb7,full_tactical_backfill_ok_tmax_aigefssfc_9a456742ff26,C:/Users/ahmad/Desktop/generalFiles/git/weather_markets/weather_data_extraction/bootstrap/hkg_tmax_elite_codex_bootstrap/hkg_tmax_elite_codex/data/_pipeline_internal/raw/gribstream_tactical_full_tactical_backfill_ok_tmax/aigefssfc/run_window_utc=20250919_180000_to_20250923_180000/9a456742ff2648509edffe38f06a2872f0a77f77586138af415dea894f0b8eb7.ndjson.gz,api_fetched,0,,,
1007,aigefssfc,completed,200,5,2025-09-24T18:00:00Z,2025-09-28T18:00:00Z,620,620,620,620,620,12.151,0244964e0eb14ae470e6d08a546cd0e70f48dcbfd59ea4165daf483c1752eead,full_tactical_backfill_ok_tmax_aigefssfc_0244964e0eb1,C:/Users/ahmad/Desktop/generalFiles/git/weather_markets/weather_data_extraction/bootstrap/hkg_tmax_elite_codex_bootstrap/hkg_tmax_elite_codex/data/_pipeline_internal/raw/gribstream_tactical_full_tactical_backfill_ok_tmax/aigefssfc/run_window_utc=20250924_180000_to_20250928_180000/0244964e0eb14ae470e6d08a546cd0e70f48dcbfd59ea4165daf483c1752eead.ndjson.gz,api_fetched,0,,,
1008,aigefssfc,completed,200,5,2025-09-29T18:00:00Z,2025-10-03T18:00:00Z,620,620,620,620,620,11.69,0294b8a24a5917283ceef694c2432ccddc2ffd605efd979b99fe9603ede810b6,full_tactical_backfill_ok_tmax_aigefssfc_0294b8a24a59,C:/Users/ahmad/Desktop/generalFiles/git/weather_markets/weather_data_extraction/bootstrap/hkg_tmax_elite_codex_bootstrap/hkg_tmax_elite_codex/data/_pipeline_internal/raw/gribstream_tactical_full_tactical_backfill_ok_tmax/aigefssfc/run_window_utc=20250929_180000_to_20251003_180000/0294b8a24a5917283ceef694c2432ccddc2ffd605efd979b99fe9603ede810b6.ndjson.gz,api_fetched,0,,,
1009,aigefssfc,completed,200,5,2025-10-04T18:00:00Z,2025-10-08T18:00:00Z,496,496,496,620,620,10.801,3fce500db3c5a07b2776bfb2881030107c3fa262f7543a7fb4acf9b550c0e6f8,full_tactical_backfill_ok_tmax_aigefssfc_3fce500db3c5,C:/Users/ahmad/Desktop/generalFiles/git/weather_markets/weather_data_extraction/bootstrap/hkg_tmax_elite_codex_bootstrap/hkg_tmax_elite_codex/data/_pipeline_internal/raw/gribstream_tactical_full_tactical_backfill_ok_tmax/aigefssfc/run_window_utc=20251004_180000_to_20251008_180000/3fce500db3c5a07b2776bfb2881030107c3fa262f7543a7fb4acf9b550c0e6f8.ndjson.gz,api_fetched,0,,,
1010,aigefssfc,completed,200,5,2025-10-09T18:00:00Z,2025-10-13T18:00:00Z,620,620,620,620,620,12.181,b5e5fc22e185ad375de675f67192f6225940374708221e476ebb6a6ef411400d,full_tactical_backfill_ok_tmax_aigefssfc_b5e5fc22e185,C:/Users/ahmad/Desktop/generalFiles/git/weather_markets/weather_data_extraction/bootstrap/hkg_tmax_elite_codex_bootstrap/hkg_tmax_elite_codex/data/_pipeline_internal/raw/gribstream_tactical_full_tactical_backfill_ok_tmax/aigefssfc/run_window_utc=20251009_180000_to_20251013_180000/b5e5fc22e185ad375de675f67192f6225940374708221e476ebb6a6ef411400d.ndjson.gz,api_fetched,0,,,
1011,aigefssfc,completed,200,5,2025-10-14T18:00:00Z,2025-10-18T18:00:00Z,620,620,620,620,620,13.069,39e0e0409faf9728c804225a16d49c259c600e8066632f72de56f18b1ca4ae07,full_tactical_backfill_ok_tmax_aigefssfc_39e0e0409faf,C:/Users/ahmad/Desktop/generalFiles/git/weather_markets/weather_data_extraction/bootstrap/hkg_tmax_elite_codex_bootstrap/hkg_tmax_elite_codex/data/_pipeline_internal/raw/gribstream_tactical_full_tactical_backfill_ok_tmax/aigefssfc/run_window_utc=20251014_180000_to_20251018_180000/39e0e0409faf9728c804225a16d49c259c600e8066632f72de56f18b1ca4ae07.ndjson.gz,api_fetched,0,,,
1012,aigefssfc,completed,200,5,2025-10-19T18:00:00Z,2025-10-23T18:00:00Z,620,620,620,620,620,11.141,650ee292f0041d180f2615d388563c2e886f0b0d49c3cdbabc2003b4265ac54d,full_tactical_backfill_ok_tmax_aigefssfc_650ee292f004,C:/Users/ahmad/Desktop/generalFiles/git/weather_markets/weather_data_extraction/bootstrap/hkg_tmax_elite_codex_bootstrap/hkg_tmax_elite_codex/data/_pipeline_internal/raw/gribstream_tactical_full_tactical_backfill_ok_tmax/aigefssfc/run_window_utc=20251019_180000_to_20251023_180000/650ee292f0041d180f2615d388563c2e886f0b0d49c3cdbabc2003b4265ac54d.ndjson.gz,api_fetched,0,,,
1013,aigefssfc,completed,200,5,2025-10-24T18:00:00Z,2025-10-28T18:00:00Z,496,496,496,620,620,10.792,70622a9f2cf8542b05104701e8333fe226d26b455b93c31af889c8a0d68df85c,full_tactical_backfill_ok_tmax_aigefssfc_70622a9f2cf8,C:/Users/ahmad/Desktop/generalFiles/git/weather_markets/weather_data_extraction/bootstrap/hkg_tmax_elite_codex_bootstrap/hkg_tmax_elite_codex/data/_pipeline_internal/raw/gribstream_tactical_full_tactical_backfill_ok_tmax/aigefssfc/run_window_utc=20251024_180000_to_20251028_180000/70622a9f2cf8542b05104701e8333fe226d26b455b93c31af889c8a0d68df85c.ndjson.gz,api_fetched,0,,,
1014,aigefssfc,completed,200,5,2025-10-29T18:00:00Z,2025-11-02T18:00:00Z,620,620,620,620,620,12.566,1546251545940d66daf4848e15811920c04b771599ea3ef6f7fa7b0336adccca,full_tactical_backfill_ok_tmax_aigefssfc_154625154594,C:/Users/ahmad/Desktop/generalFiles/git/weather_markets/weather_data_extraction/bootstrap/hkg_tmax_elite_codex_bootstrap/hkg_tmax_elite_codex/data/_pipeline_internal/raw/gribstream_tactical_full_tactical_backfill_ok_tmax/aigefssfc/run_window_utc=20251029_180000_to_20251102_180000/1546251545940d66daf4848e15811920c04b771599ea3ef6f7fa7b0336adccca.ndjson.gz,api_fetched,0,,,
1015,aigefssfc,completed,200,5,2025-11-03T18:00:00Z,2025-11-07T18:00:00Z,620,620,620,620,620,11.683,35de9e165dbb916ac4e767dcdba931e0aa75e0995c3a03be422a26e878c849ac,full_tactical_backfill_ok_tmax_aigefssfc_35de9e165dbb,C:/Users/ahmad/Desktop/generalFiles/git/weather_markets/weather_data_extraction/bootstrap/hkg_tmax_elite_codex_bootstrap/hkg_tmax_elite_codex/data/_pipeline_internal/raw/gribstream_tactical_full_tactical_backfill_ok_tmax/aigefssfc/run_window_utc=20251103_180000_to_20251107_180000/35de9e165dbb916ac4e767dcdba931e0aa75e0995c3a03be422a26e878c849ac.ndjson.gz,api_fetched,0,,,
1016,aigefssfc,completed,200,5,2025-11-08T18:00:00Z,2025-11-12T18:00:00Z,620,620,620,620,620,11.517,d5e6c1697640d6a84dc515999e8698f190a8114ed8f7c31e682bd1b2f90cf8e4,full_tactical_backfill_ok_tmax_aigefssfc_d5e6c1697640,C:/Users/ahmad/Desktop/generalFiles/git/weather_markets/weather_data_extraction/bootstrap/hkg_tmax_elite_codex_bootstrap/hkg_tmax_elite_codex/data/_pipeline_internal/raw/gribstream_tactical_full_tactical_backfill_ok_tmax/aigefssfc/run_window_utc=20251108_180000_to_20251112_180000/d5e6c1697640d6a84dc515999e8698f190a8114ed8f7c31e682bd1b2f90cf8e4.ndjson.gz,api_fetched,0,,,
1017,aigefssfc,completed,200,5,2025-11-13T18:00:00Z,2025-11-17T18:00:00Z,620,620,620,620,620,12.297,d060692366c4347dbd59ec23513a96c6cdfde883a0919ca4fd067559891804ec,full_tactical_backfill_ok_tmax_aigefssfc_d060692366c4,C:/Users/ahmad/Desktop/generalFiles/git/weather_markets/weather_data_extraction/bootstrap/hkg_tmax_elite_codex_bootstrap/hkg_tmax_elite_codex/data/_pipeline_internal/raw/gribstream_tactical_full_tactical_backfill_ok_tmax/aigefssfc/run_window_utc=20251113_180000_to_20251117_180000/d060692366c4347dbd59ec23513a96c6cdfde883a0919ca4fd067559891804ec.ndjson.gz,api_fetched,0,,,
1018,aigefssfc,completed,200,5,2025-11-18T18:00:00Z,2025-11-22T18:00:00Z,620,620,620,620,620,7.133,879097244840e12ec5867fae6fd6c25f54fa7a0767123af1189dc853fabb7bd5,full_tactical_backfill_ok_tmax_aigefssfc_879097244840,C:/Users/ahmad/Desktop/generalFiles/git/weather_markets/weather_data_extraction/bootstrap/hkg_tmax_elite_codex_bootstrap/hkg_tmax_elite_codex/data/_pipeline_internal/raw/gribstream_tactical_full_tactical_backfill_ok_tmax/aigefssfc/run_window_utc=20251118_180000_to_20251122_180000/879097244840e12ec5867fae6fd6c25f54fa7a0767123af1189dc853fabb7bd5.ndjson.gz,api_fetched,0,,,
1019,aigefssfc,completed,200,5,2025-11-23T18:00:00Z,2025-11-27T18:00:00Z,620,620,620,620,620,10.29,1f107dd3b06fcf7b27996b13c162bef5cb0a4b29b278a34f6e6e3f3ed71c636b,full_tactical_backfill_ok_tmax_aigefssfc_1f107dd3b06f,C:/Users/ahmad/Desktop/generalFiles/git/weather_markets/weather_data_extraction/bootstrap/hkg_tmax_elite_codex_bootstrap/hkg_tmax_elite_codex/data/_pipeline_internal/raw/gribstream_tactical_full_tactical_backfill_ok_tmax/aigefssfc/run_window_utc=20251123_180000_to_20251127_180000/1f107dd3b06fcf7b27996b13c162bef5cb0a4b29b278a34f6e6e3f3ed71c636b.ndjson.gz,api_fetched,0,,,
1020,aigefssfc,completed,200,5,2025-11-28T18:00:00Z,2025-12-02T18:00:00Z,620,620,620,620,620,11.764,72f2e7d1c5c2e0cbd6804751f8e1125c129df501cff397d8a35276c9e51f1783,full_tactical_backfill_ok_tmax_aigefssfc_72f2e7d1c5c2,C:/Users/ahmad/Desktop/generalFiles/git/weather_markets/weather_data_extraction/bootstrap/hkg_tmax_elite_codex_bootstrap/hkg_tmax_elite_codex/data/_pipeline_internal/raw/gribstream_tactical_full_tactical_backfill_ok_tmax/aigefssfc/run_window_utc=20251128_180000_to_20251202_180000/72f2e7d1c5c2e0cbd6804751f8e1125c129df501cff397d8a35276c9e51f1783.ndjson.gz,api_fetched,0,,,
1021,aigefssfc,completed,200,5,2025-12-03T18:00:00Z,2025-12-07T18:00:00Z,620,620,620,620,620,11.693,0bb26a93d4c257d06ea02a04e07b92c1a279d5dce51728153d7ca99ed2c62014,full_tactical_backfill_ok_tmax_aigefssfc_0bb26a93d4c2,C:/Users/ahmad/Desktop/generalFiles/git/weather_markets/weather_data_extraction/bootstrap/hkg_tmax_elite_codex_bootstrap/hkg_tmax_elite_codex/data/_pipeline_internal/raw/gribstream_tactical_full_tactical_backfill_ok_tmax/aigefssfc/run_window_utc=20251203_180000_to_20251207_180000/0bb26a93d4c257d06ea02a04e07b92c1a279d5dce51728153d7ca99ed2c62014.ndjson.gz,api_fetched,0,,,
1022,aigefssfc,completed,200,5,2025-12-08T18:00:00Z,2025-12-12T18:00:00Z,620,620,620,620,620,11.71,88ace28978a74fb5d636abdbfbedd92527fa099db2639c3edb4bd5fb011b372e,full_tactical_backfill_ok_tmax_aigefssfc_88ace28978a7,C:/Users/ahmad/Desktop/generalFiles/git/weather_markets/weather_data_extraction/bootstrap/hkg_tmax_elite_codex_bootstrap/hkg_tmax_elite_codex/data/_pipeline_internal/raw/gribstream_tactical_full_tactical_backfill_ok_tmax/aigefssfc/run_window_utc=20251208_180000_to_20251212_180000/88ace28978a74fb5d636abdbfbedd92527fa099db2639c3edb4bd5fb011b372e.ndjson.gz,api_fetched,0,,,
1023,aigefssfc,completed,200,5,2025-12-13T18:00:00Z,2025-12-17T18:00:00Z,496,496,496,620,620,11.519,f88acfe67737b68fc0f8ecde95e9cba68619b183f0a5be1c5ec7d72df21f745b,full_tactical_backfill_ok_tmax_aigefssfc_f88acfe67737,C:/Users/ahmad/Desktop/generalFiles/git/weather_markets/weather_data_extraction/bootstrap/hkg_tmax_elite_codex_bootstrap/hkg_tmax_elite_codex/data/_pipeline_internal/raw/gribstream_tactical_full_tactical_backfill_ok_tmax/aigefssfc/run_window_utc=20251213_180000_to_20251217_180000/f88acfe67737b68fc0f8ecde95e9cba68619b183f0a5be1c5ec7d72df21f745b.ndjson.gz,api_fetched,0,,,
1024,aigefssfc,completed,200,5,2025-12-18T18:00:00Z,2025-12-22T18:00:00Z,620,620,620,620,620,16.313,c0fce44766d568f5bc60b0b324a65502345188b8e434254b42447b68155328e2,full_tactical_backfill_ok_tmax_aigefssfc_c0fce44766d5,C:/Users/ahmad/Desktop/generalFiles/git/weather_markets/weather_data_extraction/bootstrap/hkg_tmax_elite_codex_bootstrap/hkg_tmax_elite_codex/data/_pipeline_internal/raw/gribstream_tactical_full_tactical_backfill_ok_tmax/aigefssfc/run_window_utc=20251218_180000_to_20251222_180000/c0fce44766d568f5bc60b0b324a65502345188b8e434254b42447b68155328e2.ndjson.gz,api_fetched,0,,,
1025,aigefssfc,completed,200,5,2025-12-23T18:00:00Z,2025-12-27T18:00:00Z,620,620,620,620,620,13.447,03c35588b72db3d9555503aca9b3b893f19c388808b69de43853472330609628,full_tactical_backfill_ok_tmax_aigefssfc_03c35588b72d,C:/Users/ahmad/Desktop/generalFiles/git/weather_markets/weather_data_extraction/bootstrap/hkg_tmax_elite_codex_bootstrap/hkg_tmax_elite_codex/data/_pipeline_internal/raw/gribstream_tactical_full_tactical_backfill_ok_tmax/aigefssfc/run_window_utc=20251223_180000_to_20251227_180000/03c35588b72db3d9555503aca9b3b893f19c388808b69de43853472330609628.ndjson.gz,api_fetched,0,,,
1026,aigefssfc,completed,200,5,2025-12-28T18:00:00Z,2026-01-01T18:00:00Z,496,496,496,620,620,9.586,0699558de282ced890ad3b34de0296d64f2043b1ca7c133e778d45c0e122fb0a,full_tactical_backfill_ok_tmax_aigefssfc_0699558de282,C:/Users/ahmad/Desktop/generalFiles/git/weather_markets/weather_data_extraction/bootstrap/hkg_tmax_elite_codex_bootstrap/hkg_tmax_elite_codex/data/_pipeline_internal/raw/gribstream_tactical_full_tactical_backfill_ok_tmax/aigefssfc/run_window_utc=20251228_180000_to_20260101_180000/0699558de282ced890ad3b34de0296d64f2043b1ca7c133e778d45c0e122fb0a.ndjson.gz,api_fetched,0,,,
1027,aigefssfc,completed,200,5,2026-01-02T18:00:00Z,2026-01-06T18:00:00Z,620,620,620,620,620,13.233,59b8a37a42188b416169a01fc0c00992c9e44e36906674fccbd9bc4637f6b762,full_tactical_backfill_ok_tmax_aigefssfc_59b8a37a4218,C:/Users/ahmad/Desktop/generalFiles/git/weather_markets/weather_data_extraction/bootstrap/hkg_tmax_elite_codex_bootstrap/hkg_tmax_elite_codex/data/_pipeline_internal/raw/gribstream_tactical_full_tactical_backfill_ok_tmax/aigefssfc/run_window_utc=20260102_180000_to_20260106_180000/59b8a37a42188b416169a01fc0c00992c9e44e36906674fccbd9bc4637f6b762.ndjson.gz,api_fetched,0,,,
1028,aigefssfc,completed,200,5,2026-01-07T18:00:00Z,2026-01-11T18:00:00Z,496,496,496,620,620,10.014,67eea7ecaaa4b732bd31f4fa4903e2334ba992bad95cfda2aac86396c28d3184,full_tactical_backfill_ok_tmax_aigefssfc_67eea7ecaaa4,C:/Users/ahmad/Desktop/generalFiles/git/weather_markets/weather_data_extraction/bootstrap/hkg_tmax_elite_codex_bootstrap/hkg_tmax_elite_codex/data/_pipeline_internal/raw/gribstream_tactical_full_tactical_backfill_ok_tmax/aigefssfc/run_window_utc=20260107_180000_to_20260111_180000/67eea7ecaaa4b732bd31f4fa4903e2334ba992bad95cfda2aac86396c28d3184.ndjson.gz,api_fetched,0,,,
1029,aigefssfc,completed,200,5,2026-01-12T18:00:00Z,2026-01-16T18:00:00Z,496,496,496,620,620,12.221,aedb7324471b649409443e35441ac6859680e1d9e5ca2b53d9b56ff9ec814b1d,full_tactical_backfill_ok_tmax_aigefssfc_aedb7324471b,C:/Users/ahmad/Desktop/generalFiles/git/weather_markets/weather_data_extraction/bootstrap/hkg_tmax_elite_codex_bootstrap/hkg_tmax_elite_codex/data/_pipeline_internal/raw/gribstream_tactical_full_tactical_backfill_ok_tmax/aigefssfc/run_window_utc=20260112_180000_to_20260116_180000/aedb7324471b649409443e35441ac6859680e1d9e5ca2b53d9b56ff9ec814b1d.ndjson.gz,api_fetched,0,,,
1030,aigefssfc,completed,200,5,2026-01-17T18:00:00Z,2026-01-21T18:00:00Z,620,620,620,620,620,12.64,f55babc78fd1d19227fbf8f8b024ead7cdae93d443698ce0e09b39f53172adad,full_tactical_backfill_ok_tmax_aigefssfc_f55babc78fd1,C:/Users/ahmad/Desktop/generalFiles/git/weather_markets/weather_data_extraction/bootstrap/hkg_tmax_elite_codex_bootstrap/hkg_tmax_elite_codex/data/_pipeline_internal/raw/gribstream_tactical_full_tactical_backfill_ok_tmax/aigefssfc/run_window_utc=20260117_180000_to_20260121_180000/f55babc78fd1d19227fbf8f8b024ead7cdae93d443698ce0e09b39f53172adad.ndjson.gz,api_fetched,0,,,
1031,aigefssfc,completed,200,5,2026-01-22T18:00:00Z,2026-01-26T18:00:00Z,620,620,620,620,620,11.486,68e6a63f8290fc966ea2356fc1127cbc1dc914d98a7789a56148a1b76f58a5b9,full_tactical_backfill_ok_tmax_aigefssfc_68e6a63f8290,C:/Users/ahmad/Desktop/generalFiles/git/weather_markets/weather_data_extraction/bootstrap/hkg_tmax_elite_codex_bootstrap/hkg_tmax_elite_codex/data/_pipeline_internal/raw/gribstream_tactical_full_tactical_backfill_ok_tmax/aigefssfc/run_window_utc=20260122_180000_to_20260126_180000/68e6a63f8290fc966ea2356fc1127cbc1dc914d98a7789a56148a1b76f58a5b9.ndjson.gz,api_fetched,0,,,
1032,aigefssfc,completed,200,5,2026-01-27T18:00:00Z,2026-01-31T18:00:00Z,620,620,620,620,620,11.996,646df7e0c60a680869a59d5d387ba7633eaed454beced5c013390b16c8fe0bb1,full_tactical_backfill_ok_tmax_aigefssfc_646df7e0c60a,C:/Users/ahmad/Desktop/generalFiles/git/weather_markets/weather_data_extraction/bootstrap/hkg_tmax_elite_codex_bootstrap/hkg_tmax_elite_codex/data/_pipeline_internal/raw/gribstream_tactical_full_tactical_backfill_ok_tmax/aigefssfc/run_window_utc=20260127_180000_to_20260131_180000/646df7e0c60a680869a59d5d387ba7633eaed454beced5c013390b16c8fe0bb1.ndjson.gz,api_fetched,0,,,
1033,aigefssfc,completed,200,5,2026-02-01T18:00:00Z,2026-02-05T18:00:00Z,496,496,496,620,620,9.828,5273358a19e7dc5d0d8f9e47f9a236569c38f7c9dd014957bd6d18c698a2804f,full_tactical_backfill_ok_tmax_aigefssfc_5273358a19e7,C:/Users/ahmad/Desktop/generalFiles/git/weather_markets/weather_data_extraction/bootstrap/hkg_tmax_elite_codex_bootstrap/hkg_tmax_elite_codex/data/_pipeline_internal/raw/gribstream_tactical_full_tactical_backfill_ok_tmax/aigefssfc/run_window_utc=20260201_180000_to_20260205_180000/5273358a19e7dc5d0d8f9e47f9a236569c38f7c9dd014957bd6d18c698a2804f.ndjson.gz,api_fetched,0,,,
1034,aigefssfc,completed,200,5,2026-02-06T18:00:00Z,2026-02-10T18:00:00Z,620,620,620,620,620,13.494,22f219d38a9ab5da5333b56cbca7330181fc513e4d346e9d70ecd33e002368da,full_tactical_backfill_ok_tmax_aigefssfc_22f219d38a9a,C:/Users/ahmad/Desktop/generalFiles/git/weather_markets/weather_data_extraction/bootstrap/hkg_tmax_elite_codex_bootstrap/hkg_tmax_elite_codex/data/_pipeline_internal/raw/gribstream_tactical_full_tactical_backfill_ok_tmax/aigefssfc/run_window_utc=20260206_180000_to_20260210_180000/22f219d38a9ab5da5333b56cbca7330181fc513e4d346e9d70ecd33e002368da.ndjson.gz,api_fetched,0,,,
1035,aigefssfc,completed,200,5,2026-02-11T18:00:00Z,2026-02-15T18:00:00Z,496,496,496,620,620,10.204,05c28da6110476a4d296ecd73851df166f5f7e0020b71f6699e00f02b68d96ab,full_tactical_backfill_ok_tmax_aigefssfc_05c28da61104,C:/Users/ahmad/Desktop/generalFiles/git/weather_markets/weather_data_extraction/bootstrap/hkg_tmax_elite_codex_bootstrap/hkg_tmax_elite_codex/data/_pipeline_internal/raw/gribstream_tactical_full_tactical_backfill_ok_tmax/aigefssfc/run_window_utc=20260211_180000_to_20260215_180000/05c28da6110476a4d296ecd73851df166f5f7e0020b71f6699e00f02b68d96ab.ndjson.gz,api_fetched,0,,,
1036,aigefssfc,completed,200,5,2026-02-16T18:00:00Z,2026-02-20T18:00:00Z,620,620,620,620,620,13.126,b26f4ef49a46fd5331abe14a393433a9e294d09987b4bbc16d6fa10cec584c7b,full_tactical_backfill_ok_tmax_aigefssfc_b26f4ef49a46,C:/Users/ahmad/Desktop/generalFiles/git/weather_markets/weather_data_extraction/bootstrap/hkg_tmax_elite_codex_bootstrap/hkg_tmax_elite_codex/data/_pipeline_internal/raw/gribstream_tactical_full_tactical_backfill_ok_tmax/aigefssfc/run_window_utc=20260216_180000_to_20260220_180000/b26f4ef49a46fd5331abe14a393433a9e294d09987b4bbc16d6fa10cec584c7b.ndjson.gz,api_fetched,0,,,
1037,aigefssfc,completed,200,5,2026-02-21T18:00:00Z,2026-02-25T18:00:00Z,620,620,620,620,620,11.577,0e4c475a9682357258044426c892bd4129b4411c8f50ccb57a586336b349334e,full_tactical_backfill_ok_tmax_aigefssfc_0e4c475a9682,C:/Users/ahmad/Desktop/generalFiles/git/weather_markets/weather_data_extraction/bootstrap/hkg_tmax_elite_codex_bootstrap/hkg_tmax_elite_codex/data/_pipeline_internal/raw/gribstream_tactical_full_tactical_backfill_ok_tmax/aigefssfc/run_window_utc=20260221_180000_to_20260225_180000/0e4c475a9682357258044426c892bd4129b4411c8f50ccb57a586336b349334e.ndjson.gz,api_fetched,0,,,
1038,aigefssfc,completed,200,5,2026-02-26T18:00:00Z,2026-03-02T18:00:00Z,620,620,620,620,620,11.683,8636dd9b10f3eb7b8add6574dfdb8521132c9cbcc8bada2b3b0db80643664e90,full_tactical_backfill_ok_tmax_aigefssfc_8636dd9b10f3,C:/Users/ahmad/Desktop/generalFiles/git/weather_markets/weather_data_extraction/bootstrap/hkg_tmax_elite_codex_bootstrap/hkg_tmax_elite_codex/data/_pipeline_internal/raw/gribstream_tactical_full_tactical_backfill_ok_tmax/aigefssfc/run_window_utc=20260226_180000_to_20260302_180000/8636dd9b10f3eb7b8add6574dfdb8521132c9cbcc8bada2b3b0db80643664e90.ndjson.gz,api_fetched,0,,,
1039,aigefssfc,completed,200,5,2026-03-03T18:00:00Z,2026-03-07T18:00:00Z,620,620,620,620,620,11.854,e2c2c695a02e5ce58b50dc0077b50425d27d51d1564259448c55612e11ec61b0,full_tactical_backfill_ok_tmax_aigefssfc_e2c2c695a02e,C:/Users/ahmad/Desktop/generalFiles/git/weather_markets/weather_data_extraction/bootstrap/hkg_tmax_elite_codex_bootstrap/hkg_tmax_elite_codex/data/_pipeline_internal/raw/gribstream_tactical_full_tactical_backfill_ok_tmax/aigefssfc/run_window_utc=20260303_180000_to_20260307_180000/e2c2c695a02e5ce58b50dc0077b50425d27d51d1564259448c55612e11ec61b0.ndjson.gz,api_fetched,0,,,
1040,aigefssfc,completed,200,5,2026-03-08T18:00:00Z,2026-03-12T18:00:00Z,620,620,620,620,620,12.225,a5442113b7892613b0c5f4c1443cfa2bc4b273d0a71feb37323686ce00417152,full_tactical_backfill_ok_tmax_aigefssfc_a5442113b789,C:/Users/ahmad/Desktop/generalFiles/git/weather_markets/weather_data_extraction/bootstrap/hkg_tmax_elite_codex_bootstrap/hkg_tmax_elite_codex/data/_pipeline_internal/raw/gribstream_tactical_full_tactical_backfill_ok_tmax/aigefssfc/run_window_utc=20260308_180000_to_20260312_180000/a5442113b7892613b0c5f4c1443cfa2bc4b273d0a71feb37323686ce00417152.ndjson.gz,api_fetched,0,,,
1041,aigefssfc,completed,200,5,2026-03-13T18:00:00Z,2026-03-17T18:00:00Z,620,620,620,620,620,10.175,9c3d3534b501cf6db7527b487f473e080f14c2955b7ec460ea2b53730ba0b45e,full_tactical_backfill_ok_tmax_aigefssfc_9c3d3534b501,C:/Users/ahmad/Desktop/generalFiles/git/weather_markets/weather_data_extraction/bootstrap/hkg_tmax_elite_codex_bootstrap/hkg_tmax_elite_codex/data/_pipeline_internal/raw/gribstream_tactical_full_tactical_backfill_ok_tmax/aigefssfc/run_window_utc=20260313_180000_to_20260317_180000/9c3d3534b501cf6db7527b487f473e080f14c2955b7ec460ea2b53730ba0b45e.ndjson.gz,api_fetched,0,,,
1042,aigefssfc,completed,200,5,2026-03-18T18:00:00Z,2026-03-22T18:00:00Z,620,620,620,620,620,12.157,d67e0a8431be0dfe5bb5d35639764fc623706bd0f5858affa3822327bcb7bc90,full_tactical_backfill_ok_tmax_aigefssfc_d67e0a8431be,C:/Users/ahmad/Desktop/generalFiles/git/weather_markets/weather_data_extraction/bootstrap/hkg_tmax_elite_codex_bootstrap/hkg_tmax_elite_codex/data/_pipeline_internal/raw/gribstream_tactical_full_tactical_backfill_ok_tmax/aigefssfc/run_window_utc=20260318_180000_to_20260322_180000/d67e0a8431be0dfe5bb5d35639764fc623706bd0f5858affa3822327bcb7bc90.ndjson.gz,api_fetched,0,,,
1043,aigefssfc,completed,200,5,2026-03-23T18:00:00Z,2026-03-27T18:00:00Z,620,620,620,620,620,12.267,ebb8a9a8ae57add6bf2a9e7333608bd11696aa43f0c27b167304886a726e611b,full_tactical_backfill_ok_tmax_aigefssfc_ebb8a9a8ae57,C:/Users/ahmad/Desktop/generalFiles/git/weather_markets/weather_data_extraction/bootstrap/hkg_tmax_elite_codex_bootstrap/hkg_tmax_elite_codex/data/_pipeline_internal/raw/gribstream_tactical_full_tactical_backfill_ok_tmax/aigefssfc/run_window_utc=20260323_180000_to_20260327_180000/ebb8a9a8ae57add6bf2a9e7333608bd11696aa43f0c27b167304886a726e611b.ndjson.gz,api_fetched,0,,,
1044,aigefssfc,completed,200,5,2026-03-28T18:00:00Z,2026-04-01T18:00:00Z,620,620,620,620,620,11.945,086b2bc044597755a97d478098fdbeb78c79af3c5e7e0c57aa1735b07e1e8771,full_tactical_backfill_ok_tmax_aigefssfc_086b2bc04459,C:/Users/ahmad/Desktop/generalFiles/git/weather_markets/weather_data_extraction/bootstrap/hkg_tmax_elite_codex_bootstrap/hkg_tmax_elite_codex/data/_pipeline_internal/raw/gribstream_tactical_full_tactical_backfill_ok_tmax/aigefssfc/run_window_utc=20260328_180000_to_20260401_180000/086b2bc044597755a97d478098fdbeb78c79af3c5e7e0c57aa1735b07e1e8771.ndjson.gz,api_fetched,0,,,
1045,aigefssfc,completed,200,5,2026-04-02T18:00:00Z,2026-04-06T18:00:00Z,620,620,620,620,620,11.14,a55e515426fcc95cec796721ae82e10ccd900cb567eee3118578a0a260696edb,full_tactical_backfill_ok_tmax_aigefssfc_a55e515426fc,C:/Users/ahmad/Desktop/generalFiles/git/weather_markets/weather_data_extraction/bootstrap/hkg_tmax_elite_codex_bootstrap/hkg_tmax_elite_codex/data/_pipeline_internal/raw/gribstream_tactical_full_tactical_backfill_ok_tmax/aigefssfc/run_window_utc=20260402_180000_to_20260406_180000/a55e515426fcc95cec796721ae82e10ccd900cb567eee3118578a0a260696edb.ndjson.gz,api_fetched,0,,,
1046,aigefssfc,completed,200,5,2026-04-07T18:00:00Z,2026-04-11T18:00:00Z,620,620,620,620,620,7.12,a75383a15402949bdd576126d273a909c6c105784e4e42cb48ef783cbfee33a4,full_tactical_backfill_ok_tmax_aigefssfc_a75383a15402,C:/Users/ahmad/Desktop/generalFiles/git/weather_markets/weather_data_extraction/bootstrap/hkg_tmax_elite_codex_bootstrap/hkg_tmax_elite_codex/data/_pipeline_internal/raw/gribstream_tactical_full_tactical_backfill_ok_tmax/aigefssfc/run_window_utc=20260407_180000_to_20260411_180000/a75383a15402949bdd576126d273a909c6c105784e4e42cb48ef783cbfee33a4.ndjson.gz,api_fetched,0,,,
1047,aigefssfc,completed,200,5,2026-04-12T18:00:00Z,2026-04-16T18:00:00Z,620,620,620,620,620,10.575,dd5ae16104f718e0b528831b2699cf6f66abb15ae71a8c63263cf42ffa0e340f,full_tactical_backfill_ok_tmax_aigefssfc_dd5ae16104f7,C:/Users/ahmad/Desktop/generalFiles/git/weather_markets/weather_data_extraction/bootstrap/hkg_tmax_elite_codex_bootstrap/hkg_tmax_elite_codex/data/_pipeline_internal/raw/gribstream_tactical_full_tactical_backfill_ok_tmax/aigefssfc/run_window_utc=20260412_180000_to_20260416_180000/dd5ae16104f718e0b528831b2699cf6f66abb15ae71a8c63263cf42ffa0e340f.ndjson.gz,api_fetched,0,,,
1048,aigefssfc,completed,200,5,2026-04-17T18:00:00Z,2026-04-21T18:00:00Z,620,620,620,620,620,11.841,f58c9b93fee93f7886913b725ef7f2f54b9ad7ab7a7f5e1e995079119e23e284,full_tactical_backfill_ok_tmax_aigefssfc_f58c9b93fee9,C:/Users/ahmad/Desktop/generalFiles/git/weather_markets/weather_data_extraction/bootstrap/hkg_tmax_elite_codex_bootstrap/hkg_tmax_elite_codex/data/_pipeline_internal/raw/gribstream_tactical_full_tactical_backfill_ok_tmax/aigefssfc/run_window_utc=20260417_180000_to_20260421_180000/f58c9b93fee93f7886913b725ef7f2f54b9ad7ab7a7f5e1e995079119e23e284.ndjson.gz,api_fetched,0,,,
1049,aigefssfc,completed,200,5,2026-04-22T18:00:00Z,2026-04-26T18:00:00Z,620,620,620,620,620,13.629,4cbd54fd5c12a9700cebc8b1c4da52ddf9bd9f5facd47d1f287b9a2ed05208ca,full_tactical_backfill_ok_tmax_aigefssfc_4cbd54fd5c12,C:/Users/ahmad/Desktop/generalFiles/git/weather_markets/weather_data_extraction/bootstrap/hkg_tmax_elite_codex_bootstrap/hkg_tmax_elite_codex/data/_pipeline_internal/raw/gribstream_tactical_full_tactical_backfill_ok_tmax/aigefssfc/run_window_utc=20260422_180000_to_20260426_180000/4cbd54fd5c12a9700cebc8b1c4da52ddf9bd9f5facd47d1f287b9a2ed05208ca.ndjson.gz,api_fetched,0,,,
1050,aigefssfc,completed,200,5,2026-04-27T18:00:00Z,2026-05-01T18:00:00Z,620,620,620,620,620,13.324,11980e3b2bf14471c6c8e9beac27d1ce764fdc76547316dc0180633e415e0174,full_tactical_backfill_ok_tmax_aigefssfc_11980e3b2bf1,C:/Users/ahmad/Desktop/generalFiles/git/weather_markets/weather_data_extraction/bootstrap/hkg_tmax_elite_codex_bootstrap/hkg_tmax_elite_codex/data/_pipeline_internal/raw/gribstream_tactical_full_tactical_backfill_ok_tmax/aigefssfc/run_window_utc=20260427_180000_to_20260501_180000/11980e3b2bf14471c6c8e9beac27d1ce764fdc76547316dc0180633e415e0174.ndjson.gz,api_fetched,0,,,
1051,aigefssfc,completed,200,5,2026-05-02T18:00:00Z,2026-05-06T18:00:00Z,620,620,620,620,620,11.56,144a9014ff07903ba1ec8e62229ab565df7021fc44605ede5adf975d76e71ec4,full_tactical_backfill_ok_tmax_aigefssfc_144a9014ff07,C:/Users/ahmad/Desktop/generalFiles/git/weather_markets/weather_data_extraction/bootstrap/hkg_tmax_elite_codex_bootstrap/hkg_tmax_elite_codex/data/_pipeline_internal/raw/gribstream_tactical_full_tactical_backfill_ok_tmax/aigefssfc/run_window_utc=20260502_180000_to_20260506_180000/144a9014ff07903ba1ec8e62229ab565df7021fc44605ede5adf975d76e71ec4.ndjson.gz,api_fetched,0,,,
1052,aigefssfc,completed,200,5,2026-05-07T18:00:00Z,2026-05-11T18:00:00Z,620,620,620,620,620,12.773,8258d13dd8c6d501ca9ca6b5304632ea8ae6db128d840fe98e4ceef21e976ee7,full_tactical_backfill_ok_tmax_aigefssfc_8258d13dd8c6,C:/Users/ahmad/Desktop/generalFiles/git/weather_markets/weather_data_extraction/bootstrap/hkg_tmax_elite_codex_bootstrap/hkg_tmax_elite_codex/data/_pipeline_internal/raw/gribstream_tactical_full_tactical_backfill_ok_tmax/aigefssfc/run_window_utc=20260507_180000_to_20260511_180000/8258d13dd8c6d501ca9ca6b5304632ea8ae6db128d840fe98e4ceef21e976ee7.ndjson.gz,api_fetched,0,,,
1053,aigefssfc,completed,200,5,2026-05-12T18:00:00Z,2026-05-16T18:00:00Z,620,620,620,620,620,10.378,7a92f47625398654fb74ca5eaa5250e29aa40e9245da24df357d2d370246bd55,full_tactical_backfill_ok_tmax_aigefssfc_7a92f4762539,C:/Users/ahmad/Desktop/generalFiles/git/weather_markets/weather_data_extraction/bootstrap/hkg_tmax_elite_codex_bootstrap/hkg_tmax_elite_codex/data/_pipeline_internal/raw/gribstream_tactical_full_tactical_backfill_ok_tmax/aigefssfc/run_window_utc=20260512_180000_to_20260516_180000/7a92f47625398654fb74ca5eaa5250e29aa40e9245da24df357d2d370246bd55.ndjson.gz,api_fetched,0,,,
1054,aigefssfc,completed,200,5,2026-05-17T18:00:00Z,2026-05-21T18:00:00Z,620,620,620,620,620,11.844,852807399d3f2564e5133629e75873e9d1239bb143cfef5729ab41fa9bb83edb,full_tactical_backfill_ok_tmax_aigefssfc_852807399d3f,C:/Users/ahmad/Desktop/generalFiles/git/weather_markets/weather_data_extraction/bootstrap/hkg_tmax_elite_codex_bootstrap/hkg_tmax_elite_codex/data/_pipeline_internal/raw/gribstream_tactical_full_tactical_backfill_ok_tmax/aigefssfc/run_window_utc=20260517_180000_to_20260521_180000/852807399d3f2564e5133629e75873e9d1239bb143cfef5729ab41fa9bb83edb.ndjson.gz,api_fetched,0,,,
1055,aigefssfc,completed,200,5,2026-05-22T18:00:00Z,2026-05-26T18:00:00Z,620,620,620,620,620,12.071,e6cd9890c1de389df9a60b5ff8f9529a698bd08194527b282ae26293fda19fa1,full_tactical_backfill_ok_tmax_aigefssfc_e6cd9890c1de,C:/Users/ahmad/Desktop/generalFiles/git/weather_markets/weather_data_extraction/bootstrap/hkg_tmax_elite_codex_bootstrap/hkg_tmax_elite_codex/data/_pipeline_internal/raw/gribstream_tactical_full_tactical_backfill_ok_tmax/aigefssfc/run_window_utc=20260522_180000_to_20260526_180000/e6cd9890c1de389df9a60b5ff8f9529a698bd08194527b282ae26293fda19fa1.ndjson.gz,api_fetched,0,,,
1056,aigefssfc,completed,200,5,2026-05-27T18:00:00Z,2026-05-31T18:00:00Z,620,620,620,620,620,11.202,249d6c11c3ede71930d327b6efd109e4d9c4e4cc58b5fe270158d400038bb8f1,full_tactical_backfill_ok_tmax_aigefssfc_249d6c11c3ed,C:/Users/ahmad/Desktop/generalFiles/git/weather_markets/weather_data_extraction/bootstrap/hkg_tmax_elite_codex_bootstrap/hkg_tmax_elite_codex/data/_pipeline_internal/raw/gribstream_tactical_full_tactical_backfill_ok_tmax/aigefssfc/run_window_utc=20260527_180000_to_20260531_180000/249d6c11c3ede71930d327b6efd109e4d9c4e4cc58b5fe270158d400038bb8f1.ndjson.gz,api_fetched,0,,,
1057,aigefssfc,completed,200,5,2026-06-01T18:00:00Z,2026-06-05T18:00:00Z,620,620,620,620,620,12.131,503719daf8ea05cdf478e446d9ac238e608d086725c750af7e426e20fc2e0db5,full_tactical_backfill_ok_tmax_aigefssfc_503719daf8ea,C:/Users/ahmad/Desktop/generalFiles/git/weather_markets/weather_data_extraction/bootstrap/hkg_tmax_elite_codex_bootstrap/hkg_tmax_elite_codex/data/_pipeline_internal/raw/gribstream_tactical_full_tactical_backfill_ok_tmax/aigefssfc/run_window_utc=20260601_180000_to_20260605_180000/503719daf8ea05cdf478e446d9ac238e608d086725c750af7e426e20fc2e0db5.ndjson.gz,api_fetched,0,,,
1058,aigefssfc,completed,200,5,2026-06-06T18:00:00Z,2026-06-10T18:00:00Z,620,620,620,620,620,11.154,ee4e1394bc71d93a788ad87071a1ec2f2e3224efe74494a4a8acffe4c030044c,full_tactical_backfill_ok_tmax_aigefssfc_ee4e1394bc71,C:/Users/ahmad/Desktop/generalFiles/git/weather_markets/weather_data_extraction/bootstrap/hkg_tmax_elite_codex_bootstrap/hkg_tmax_elite_codex/data/_pipeline_internal/raw/gribstream_tactical_full_tactical_backfill_ok_tmax/aigefssfc/run_window_utc=20260606_180000_to_20260610_180000/ee4e1394bc71d93a788ad87071a1ec2f2e3224efe74494a4a8acffe4c030044c.ndjson.gz,api_fetched,0,,,
1059,aigefssfc,completed,200,5,2026-06-11T18:00:00Z,2026-06-15T18:00:00Z,620,620,620,620,620,11.867,eb05f23e490e5de676794c86a2489e659e36fe5348d3961ba2a849fa59d2733b,full_tactical_backfill_ok_tmax_aigefssfc_eb05f23e490e,C:/Users/ahmad/Desktop/generalFiles/git/weather_markets/weather_data_extraction/bootstrap/hkg_tmax_elite_codex_bootstrap/hkg_tmax_elite_codex/data/_pipeline_internal/raw/gribstream_tactical_full_tactical_backfill_ok_tmax/aigefssfc/run_window_utc=20260611_180000_to_20260615_180000/eb05f23e490e5de676794c86a2489e659e36fe5348d3961ba2a849fa59d2733b.ndjson.gz,api_fetched,0,,,
1060,aigefssfc,completed,200,5,2026-06-16T18:00:00Z,2026-06-20T18:00:00Z,620,620,620,620,620,12.305,c14a1c27bd0cd051904e5d03736ccb61ffed68b8e54c81d5a067ce05c9333450,full_tactical_backfill_ok_tmax_aigefssfc_c14a1c27bd0c,C:/Users/ahmad/Desktop/generalFiles/git/weather_markets/weather_data_extraction/bootstrap/hkg_tmax_elite_codex_bootstrap/hkg_tmax_elite_codex/data/_pipeline_internal/raw/gribstream_tactical_full_tactical_backfill_ok_tmax/aigefssfc/run_window_utc=20260616_180000_to_20260620_180000/c14a1c27bd0cd051904e5d03736ccb61ffed68b8e54c81d5a067ce05c9333450.ndjson.gz,api_fetched,0,,,
1061,aigefssfc,completed,200,1,2026-06-21T18:00:00Z,2026-06-21T18:00:00Z,124,124,124,124,124,8.178,e756faaeb723a4aee29b01d53c8959cf52f90722ffdbe604547536bf4443d552,full_tactical_backfill_ok_tmax_aigefssfc_e756faaeb723,C:/Users/ahmad/Desktop/generalFiles/git/weather_markets/weather_data_extraction/bootstrap/hkg_tmax_elite_codex_bootstrap/hkg_tmax_elite_codex/data/_pipeline_internal/raw/gribstream_tactical_full_tactical_backfill_ok_tmax/aigefssfc/run_window_utc=20260621_180000_to_20260621_180000/e756faaeb723a4aee29b01d53c8959cf52f90722ffdbe604547536bf4443d552.ndjson.gz,api_fetched,0,,,
1062,graphcast,completed,200,14,2024-04-25T18:00:00Z,2024-05-08T18:00:00Z,840,840,420,420,840,14.709,3325ea82b30635e0c9b457f92a87e1c8b7963ea3136b53f565f8aed5dd6865e2,batch_smoke_10w_graphcast_3325ea82b306,C:/Users/ahmad/Desktop/generalFiles/git/weather_markets/weather_data_extraction/bootstrap/hkg_tmax_elite_codex_bootstrap/hkg_tmax_elite_codex/data/_pipeline_internal/raw/gribstream_tactical_full_tactical_backfill_ok_tmax/graphcast/run_window_utc=20240425_180000_to_20240508_180000/3325ea82b30635e0c9b457f92a87e1c8b7963ea3136b53f565f8aed5dd6865e2.ndjson.gz,api_fetched,0,,,
1063,graphcast,completed,200,14,2024-05-09T18:00:00Z,2024-05-22T18:00:00Z,840,840,420,420,840,11.065,3caae612c3b0394549fee4b514a4f8e1607b6e4fe735be37af6e4d8553f5bb72,batch_smoke_10w_graphcast_3caae612c3b0,C:/Users/ahmad/Desktop/generalFiles/git/weather_markets/weather_data_extraction/bootstrap/hkg_tmax_elite_codex_bootstrap/hkg_tmax_elite_codex/data/_pipeline_internal/raw/gribstream_tactical_full_tactical_backfill_ok_tmax/graphcast/run_window_utc=20240509_180000_to_20240522_180000/3caae612c3b0394549fee4b514a4f8e1607b6e4fe735be37af6e4d8553f5bb72.ndjson.gz,api_fetched,0,,,
1064,graphcast,completed,200,14,2024-05-23T18:00:00Z,2024-06-05T18:00:00Z,840,840,420,420,840,11.887,04647ac994cffa05333f3f16a3a17f256762e2ba02405654b9bcff8a3c152d86,batch_smoke_10w_graphcast_04647ac994cf,C:/Users/ahmad/Desktop/generalFiles/git/weather_markets/weather_data_extraction/bootstrap/hkg_tmax_elite_codex_bootstrap/hkg_tmax_elite_codex/data/_pipeline_internal/raw/gribstream_tactical_full_tactical_backfill_ok_tmax/graphcast/run_window_utc=20240523_180000_to_20240605_180000/04647ac994cffa05333f3f16a3a17f256762e2ba02405654b9bcff8a3c152d86.ndjson.gz,api_fetched,0,,,
1065,graphcast,completed,200,14,2024-06-06T18:00:00Z,2024-06-19T18:00:00Z,840,840,420,420,840,11.529,c5b6668e0460ce994c2655473606261a594b8c5a54c9e978930d195797392d06,batch_smoke_10w_graphcast_c5b6668e0460,C:/Users/ahmad/Desktop/generalFiles/git/weather_markets/weather_data_extraction/bootstrap/hkg_tmax_elite_codex_bootstrap/hkg_tmax_elite_codex/data/_pipeline_internal/raw/gribstream_tactical_full_tactical_backfill_ok_tmax/graphcast/run_window_utc=20240606_180000_to_20240619_180000/c5b6668e0460ce994c2655473606261a594b8c5a54c9e978930d195797392d06.ndjson.gz,api_fetched,0,,,
1066,graphcast,completed,200,14,2024-06-20T18:00:00Z,2024-07-03T18:00:00Z,840,840,420,420,840,11.823,43dd8d1503b970e1c813a75c402ba5e22f8c1b63dbe7c036a9113f13d5e94b4e,batch_smoke_10w_graphcast_43dd8d1503b9,C:/Users/ahmad/Desktop/generalFiles/git/weather_markets/weather_data_extraction/bootstrap/hkg_tmax_elite_codex_bootstrap/hkg_tmax_elite_codex/data/_pipeline_internal/raw/gribstream_tactical_full_tactical_backfill_ok_tmax/graphcast/run_window_utc=20240620_180000_to_20240703_180000/43dd8d1503b970e1c813a75c402ba5e22f8c1b63dbe7c036a9113f13d5e94b4e.ndjson.gz,api_fetched,0,,,
1067,graphcast,completed,200,14,2024-07-04T18:00:00Z,2024-07-17T18:00:00Z,840,840,420,420,840,11.778,95b75549bfe875f4bccdd90ff8528474923ec552f26f76babb7015297f725a4d,full_tactical_backfill_ok_tmax_graphcast_95b75549bfe8,C:/Users/ahmad/Desktop/generalFiles/git/weather_markets/weather_data_extraction/bootstrap/hkg_tmax_elite_codex_bootstrap/hkg_tmax_elite_codex/data/_pipeline_internal/raw/gribstream_tactical_full_tactical_backfill_ok_tmax/graphcast/run_window_utc=20240704_180000_to_20240717_180000/95b75549bfe875f4bccdd90ff8528474923ec552f26f76babb7015297f725a4d.ndjson.gz,api_fetched,0,,,
1068,graphcast,completed,200,14,2024-07-18T18:00:00Z,2024-07-31T18:00:00Z,780,780,390,420,840,10.788,25025a7aca79e0196d029769386b572888dbfbbe3567b3239edd5aaa25017c45,full_tactical_backfill_ok_tmax_graphcast_25025a7aca79,C:/Users/ahmad/Desktop/generalFiles/git/weather_markets/weather_data_extraction/bootstrap/hkg_tmax_elite_codex_bootstrap/hkg_tmax_elite_codex/data/_pipeline_internal/raw/gribstream_tactical_full_tactical_backfill_ok_tmax/graphcast/run_window_utc=20240718_180000_to_20240731_180000/25025a7aca79e0196d029769386b572888dbfbbe3567b3239edd5aaa25017c45.ndjson.gz,api_fetched,0,,,
1069,graphcast,completed,200,14,2024-08-01T18:00:00Z,2024-08-14T18:00:00Z,840,840,420,420,840,12.104,1d7d22fedd964789f119f746b4f2d5b7451efc933a1c320da3f0074436f97901,full_tactical_backfill_ok_tmax_graphcast_1d7d22fedd96,C:/Users/ahmad/Desktop/generalFiles/git/weather_markets/weather_data_extraction/bootstrap/hkg_tmax_elite_codex_bootstrap/hkg_tmax_elite_codex/data/_pipeline_internal/raw/gribstream_tactical_full_tactical_backfill_ok_tmax/graphcast/run_window_utc=20240801_180000_to_20240814_180000/1d7d22fedd964789f119f746b4f2d5b7451efc933a1c320da3f0074436f97901.ndjson.gz,api_fetched,0,,,
1070,graphcast,completed,200,14,2024-08-15T18:00:00Z,2024-08-28T18:00:00Z,840,840,420,420,840,11.555,7421d7924188675dcd8211ecc5104953c0b30779f152b69dbbc723aa0272d3f9,full_tactical_backfill_ok_tmax_graphcast_7421d7924188,C:/Users/ahmad/Desktop/generalFiles/git/weather_markets/weather_data_extraction/bootstrap/hkg_tmax_elite_codex_bootstrap/hkg_tmax_elite_codex/data/_pipeline_internal/raw/gribstream_tactical_full_tactical_backfill_ok_tmax/graphcast/run_window_utc=20240815_180000_to_20240828_180000/7421d7924188675dcd8211ecc5104953c0b30779f152b69dbbc723aa0272d3f9.ndjson.gz,api_fetched,0,,,
1071,graphcast,completed,200,14,2024-08-29T18:00:00Z,2024-09-11T18:00:00Z,840,840,420,420,840,12.28,88ebc7f63d3d7e7a3fca4cd7cad227d3ad69bc27b889f179f721bfdd6660ba99,full_tactical_backfill_ok_tmax_graphcast_88ebc7f63d3d,C:/Users/ahmad/Desktop/generalFiles/git/weather_markets/weather_data_extraction/bootstrap/hkg_tmax_elite_codex_bootstrap/hkg_tmax_elite_codex/data/_pipeline_internal/raw/gribstream_tactical_full_tactical_backfill_ok_tmax/graphcast/run_window_utc=20240829_180000_to_20240911_180000/88ebc7f63d3d7e7a3fca4cd7cad227d3ad69bc27b889f179f721bfdd6660ba99.ndjson.gz,api_fetched,0,,,
1072,graphcast,completed,200,14,2024-09-12T18:00:00Z,2024-09-25T18:00:00Z,840,840,420,420,840,10.925,7b46402d1cbdbc8d3f405907eeb31b5ad610d7219b05e49dd2c2166ba9095904,full_tactical_backfill_ok_tmax_graphcast_7b46402d1cbd,C:/Users/ahmad/Desktop/generalFiles/git/weather_markets/weather_data_extraction/bootstrap/hkg_tmax_elite_codex_bootstrap/hkg_tmax_elite_codex/data/_pipeline_internal/raw/gribstream_tactical_full_tactical_backfill_ok_tmax/graphcast/run_window_utc=20240912_180000_to_20240925_180000/7b46402d1cbdbc8d3f405907eeb31b5ad610d7219b05e49dd2c2166ba9095904.ndjson.gz,api_fetched,0,,,
1073,graphcast,completed,200,14,2024-09-26T18:00:00Z,2024-10-09T18:00:00Z,840,840,420,420,840,12.218,829976d037922d51a905a22e3c15528dd37fefe4f54230c4be4b275f1aecc192,full_tactical_backfill_ok_tmax_graphcast_829976d03792,C:/Users/ahmad/Desktop/generalFiles/git/weather_markets/weather_data_extraction/bootstrap/hkg_tmax_elite_codex_bootstrap/hkg_tmax_elite_codex/data/_pipeline_internal/raw/gribstream_tactical_full_tactical_backfill_ok_tmax/graphcast/run_window_utc=20240926_180000_to_20241009_180000/829976d037922d51a905a22e3c15528dd37fefe4f54230c4be4b275f1aecc192.ndjson.gz,api_fetched,0,,,
1074,graphcast,completed,200,14,2024-10-10T18:00:00Z,2024-10-23T18:00:00Z,840,840,420,420,840,10.93,c804a453c6447550f0d964e797f6f206b7a2f04f0cb139cdd2dfba045d7f47f5,full_tactical_backfill_ok_tmax_graphcast_c804a453c644,C:/Users/ahmad/Desktop/generalFiles/git/weather_markets/weather_data_extraction/bootstrap/hkg_tmax_elite_codex_bootstrap/hkg_tmax_elite_codex/data/_pipeline_internal/raw/gribstream_tactical_full_tactical_backfill_ok_tmax/graphcast/run_window_utc=20241010_180000_to_20241023_180000/c804a453c6447550f0d964e797f6f206b7a2f04f0cb139cdd2dfba045d7f47f5.ndjson.gz,api_fetched,0,,,
1075,graphcast,completed,200,14,2024-10-24T18:00:00Z,2024-11-06T18:00:00Z,840,840,420,420,840,12.584,ae9dde4b6f76e730c33fbfbfc56e15670976ba89422699940806ccd8bbf30028,full_tactical_backfill_ok_tmax_graphcast_ae9dde4b6f76,C:/Users/ahmad/Desktop/generalFiles/git/weather_markets/weather_data_extraction/bootstrap/hkg_tmax_elite_codex_bootstrap/hkg_tmax_elite_codex/data/_pipeline_internal/raw/gribstream_tactical_full_tactical_backfill_ok_tmax/graphcast/run_window_utc=20241024_180000_to_20241106_180000/ae9dde4b6f76e730c33fbfbfc56e15670976ba89422699940806ccd8bbf30028.ndjson.gz,api_fetched,0,,,
1076,graphcast,completed,200,14,2024-11-07T18:00:00Z,2024-11-20T18:00:00Z,840,840,420,420,840,10.682,41030aad369de161c4a98a45e56a58b2b3e819a9b336a2586f93b6fa39de753e,full_tactical_backfill_ok_tmax_graphcast_41030aad369d,C:/Users/ahmad/Desktop/generalFiles/git/weather_markets/weather_data_extraction/bootstrap/hkg_tmax_elite_codex_bootstrap/hkg_tmax_elite_codex/data/_pipeline_internal/raw/gribstream_tactical_full_tactical_backfill_ok_tmax/graphcast/run_window_utc=20241107_180000_to_20241120_180000/41030aad369de161c4a98a45e56a58b2b3e819a9b336a2586f93b6fa39de753e.ndjson.gz,api_fetched,0,,,
1077,graphcast,completed,200,14,2024-11-21T18:00:00Z,2024-12-04T18:00:00Z,840,840,420,420,840,12.011,c6d35bd39dd08f3c1bfead9a1401b99252737d2899461df316c5054c762195dd,full_tactical_backfill_ok_tmax_graphcast_c6d35bd39dd0,C:/Users/ahmad/Desktop/generalFiles/git/weather_markets/weather_data_extraction/bootstrap/hkg_tmax_elite_codex_bootstrap/hkg_tmax_elite_codex/data/_pipeline_internal/raw/gribstream_tactical_full_tactical_backfill_ok_tmax/graphcast/run_window_utc=20241121_180000_to_20241204_180000/c6d35bd39dd08f3c1bfead9a1401b99252737d2899461df316c5054c762195dd.ndjson.gz,api_fetched,0,,,
1078,graphcast,completed,200,14,2024-12-05T18:00:00Z,2024-12-18T18:00:00Z,840,840,420,420,840,11.511,beb63c7fcca6460c8addc5c6de3093c0d847dbdae30b9f135509ef18428693e6,full_tactical_backfill_ok_tmax_graphcast_beb63c7fcca6,C:/Users/ahmad/Desktop/generalFiles/git/weather_markets/weather_data_extraction/bootstrap/hkg_tmax_elite_codex_bootstrap/hkg_tmax_elite_codex/data/_pipeline_internal/raw/gribstream_tactical_full_tactical_backfill_ok_tmax/graphcast/run_window_utc=20241205_180000_to_20241218_180000/beb63c7fcca6460c8addc5c6de3093c0d847dbdae30b9f135509ef18428693e6.ndjson.gz,api_fetched,0,,,
1079,graphcast,completed,200,14,2024-12-19T18:00:00Z,2025-01-01T18:00:00Z,840,840,420,420,840,11.322,fb2c71ccb9cdda5981f7a3c0a10f73cade3c28e394f3c6e0b6ef12757d41d1a0,full_tactical_backfill_ok_tmax_graphcast_fb2c71ccb9cd,C:/Users/ahmad/Desktop/generalFiles/git/weather_markets/weather_data_extraction/bootstrap/hkg_tmax_elite_codex_bootstrap/hkg_tmax_elite_codex/data/_pipeline_internal/raw/gribstream_tactical_full_tactical_backfill_ok_tmax/graphcast/run_window_utc=20241219_180000_to_20250101_180000/fb2c71ccb9cdda5981f7a3c0a10f73cade3c28e394f3c6e0b6ef12757d41d1a0.ndjson.gz,api_fetched,0,,,
1080,graphcast,completed,200,14,2025-01-02T18:00:00Z,2025-01-15T18:00:00Z,840,840,420,420,840,11.732,7337bc87acac7aa2cda19647d9d2e6a042b7b258edcbee4a241a7b3da641e665,full_tactical_backfill_ok_tmax_graphcast_7337bc87acac,C:/Users/ahmad/Desktop/generalFiles/git/weather_markets/weather_data_extraction/bootstrap/hkg_tmax_elite_codex_bootstrap/hkg_tmax_elite_codex/data/_pipeline_internal/raw/gribstream_tactical_full_tactical_backfill_ok_tmax/graphcast/run_window_utc=20250102_180000_to_20250115_180000/7337bc87acac7aa2cda19647d9d2e6a042b7b258edcbee4a241a7b3da641e665.ndjson.gz,api_fetched,0,,,
1081,graphcast,completed,200,14,2025-01-16T18:00:00Z,2025-01-29T18:00:00Z,840,840,420,420,840,11.279,b5253e07fd91708145558333d7e40aba17d22bd55a9d01e8fc2e24f9c7b2d2ff,full_tactical_backfill_ok_tmax_graphcast_b5253e07fd91,C:/Users/ahmad/Desktop/generalFiles/git/weather_markets/weather_data_extraction/bootstrap/hkg_tmax_elite_codex_bootstrap/hkg_tmax_elite_codex/data/_pipeline_internal/raw/gribstream_tactical_full_tactical_backfill_ok_tmax/graphcast/run_window_utc=20250116_180000_to_20250129_180000/b5253e07fd91708145558333d7e40aba17d22bd55a9d01e8fc2e24f9c7b2d2ff.ndjson.gz,api_fetched,0,,,
1082,graphcast,completed,200,14,2025-01-30T18:00:00Z,2025-02-12T18:00:00Z,840,840,420,420,840,11.922,1a9fb6904e2d17e61f953bfbddfbeb68e60dde6e187e57c6ac777f2d6a7eb2b5,full_tactical_backfill_ok_tmax_graphcast_1a9fb6904e2d,C:/Users/ahmad/Desktop/generalFiles/git/weather_markets/weather_data_extraction/bootstrap/hkg_tmax_elite_codex_bootstrap/hkg_tmax_elite_codex/data/_pipeline_internal/raw/gribstream_tactical_full_tactical_backfill_ok_tmax/graphcast/run_window_utc=20250130_180000_to_20250212_180000/1a9fb6904e2d17e61f953bfbddfbeb68e60dde6e187e57c6ac777f2d6a7eb2b5.ndjson.gz,api_fetched,0,,,
1083,graphcast,completed,200,14,2025-02-13T18:00:00Z,2025-02-26T18:00:00Z,840,840,420,420,840,11.694,e05e018ce8eecbf8f7ad410d2de4d568716efbd2fb7c68ea5581f2066861f9b7,full_tactical_backfill_ok_tmax_graphcast_e05e018ce8ee,C:/Users/ahmad/Desktop/generalFiles/git/weather_markets/weather_data_extraction/bootstrap/hkg_tmax_elite_codex_bootstrap/hkg_tmax_elite_codex/data/_pipeline_internal/raw/gribstream_tactical_full_tactical_backfill_ok_tmax/graphcast/run_window_utc=20250213_180000_to_20250226_180000/e05e018ce8eecbf8f7ad410d2de4d568716efbd2fb7c68ea5581f2066861f9b7.ndjson.gz,api_fetched,0,,,
1084,graphcast,completed,200,14,2025-02-27T18:00:00Z,2025-03-12T18:00:00Z,840,840,420,420,840,11.517,78f34c156966f1bdbe328ad94af34d40fe7fa6f303653e85ad6db44bd2a3247a,full_tactical_backfill_ok_tmax_graphcast_78f34c156966,C:/Users/ahmad/Desktop/generalFiles/git/weather_markets/weather_data_extraction/bootstrap/hkg_tmax_elite_codex_bootstrap/hkg_tmax_elite_codex/data/_pipeline_internal/raw/gribstream_tactical_full_tactical_backfill_ok_tmax/graphcast/run_window_utc=20250227_180000_to_20250312_180000/78f34c156966f1bdbe328ad94af34d40fe7fa6f303653e85ad6db44bd2a3247a.ndjson.gz,api_fetched,0,,,
1085,graphcast,completed,200,14,2025-03-13T18:00:00Z,2025-03-26T18:00:00Z,840,840,420,420,840,11.778,91fb6293511587bfa9f2fcc42b9ee1d41185ffa25ccc0c6624d3b30d05f0223c,full_tactical_backfill_ok_tmax_graphcast_91fb62935115,C:/Users/ahmad/Desktop/generalFiles/git/weather_markets/weather_data_extraction/bootstrap/hkg_tmax_elite_codex_bootstrap/hkg_tmax_elite_codex/data/_pipeline_internal/raw/gribstream_tactical_full_tactical_backfill_ok_tmax/graphcast/run_window_utc=20250313_180000_to_20250326_180000/91fb6293511587bfa9f2fcc42b9ee1d41185ffa25ccc0c6624d3b30d05f0223c.ndjson.gz,api_fetched,0,,,
1086,graphcast,completed,200,14,2025-03-27T18:00:00Z,2025-04-09T18:00:00Z,780,780,390,420,840,11.288,a42f97f46e3a3ec2e877336aba5c4b5d37a9db6b424efb445240e70c33a4f29f,full_tactical_backfill_ok_tmax_graphcast_a42f97f46e3a,C:/Users/ahmad/Desktop/generalFiles/git/weather_markets/weather_data_extraction/bootstrap/hkg_tmax_elite_codex_bootstrap/hkg_tmax_elite_codex/data/_pipeline_internal/raw/gribstream_tactical_full_tactical_backfill_ok_tmax/graphcast/run_window_utc=20250327_180000_to_20250409_180000/a42f97f46e3a3ec2e877336aba5c4b5d37a9db6b424efb445240e70c33a4f29f.ndjson.gz,api_fetched,0,,,
1087,graphcast,completed,200,14,2025-04-10T18:00:00Z,2025-04-23T18:00:00Z,840,840,420,420,840,12.956,696e72c4d137f70bb813f63e7ef517b120dc9c5adecc6ec7e531690ed979aa7a,full_tactical_backfill_ok_tmax_graphcast_696e72c4d137,C:/Users/ahmad/Desktop/generalFiles/git/weather_markets/weather_data_extraction/bootstrap/hkg_tmax_elite_codex_bootstrap/hkg_tmax_elite_codex/data/_pipeline_internal/raw/gribstream_tactical_full_tactical_backfill_ok_tmax/graphcast/run_window_utc=20250410_180000_to_20250423_180000/696e72c4d137f70bb813f63e7ef517b120dc9c5adecc6ec7e531690ed979aa7a.ndjson.gz,api_fetched,0,,,
1088,graphcast,completed,200,14,2025-04-24T18:00:00Z,2025-05-07T18:00:00Z,840,840,420,420,840,10.681,fe023a87fc4ba6cb381a7263e97131aab20d8a2cec5d5a678ceb88f414eb2d63,full_tactical_backfill_ok_tmax_graphcast_fe023a87fc4b,C:/Users/ahmad/Desktop/generalFiles/git/weather_markets/weather_data_extraction/bootstrap/hkg_tmax_elite_codex_bootstrap/hkg_tmax_elite_codex/data/_pipeline_internal/raw/gribstream_tactical_full_tactical_backfill_ok_tmax/graphcast/run_window_utc=20250424_180000_to_20250507_180000/fe023a87fc4ba6cb381a7263e97131aab20d8a2cec5d5a678ceb88f414eb2d63.ndjson.gz,api_fetched,0,,,
1089,graphcast,completed,200,14,2025-05-08T18:00:00Z,2025-05-21T18:00:00Z,840,840,420,420,840,12.681,0f2de3970e2f93fcc71dd4c6b572ec5e5e7a73dd2e0f55d69718f60d3c9a5421,full_tactical_backfill_ok_tmax_graphcast_0f2de3970e2f,C:/Users/ahmad/Desktop/generalFiles/git/weather_markets/weather_data_extraction/bootstrap/hkg_tmax_elite_codex_bootstrap/hkg_tmax_elite_codex/data/_pipeline_internal/raw/gribstream_tactical_full_tactical_backfill_ok_tmax/graphcast/run_window_utc=20250508_180000_to_20250521_180000/0f2de3970e2f93fcc71dd4c6b572ec5e5e7a73dd2e0f55d69718f60d3c9a5421.ndjson.gz,api_fetched,0,,,
1090,graphcast,completed,200,14,2025-05-22T18:00:00Z,2025-06-04T18:00:00Z,780,780,390,420,840,10.429,6a2aaf9774ee9a33144eb4d5505e2ea3b9315dab61dbdb0b0971c292340850fe,full_tactical_backfill_ok_tmax_graphcast_6a2aaf9774ee,C:/Users/ahmad/Desktop/generalFiles/git/weather_markets/weather_data_extraction/bootstrap/hkg_tmax_elite_codex_bootstrap/hkg_tmax_elite_codex/data/_pipeline_internal/raw/gribstream_tactical_full_tactical_backfill_ok_tmax/graphcast/run_window_utc=20250522_180000_to_20250604_180000/6a2aaf9774ee9a33144eb4d5505e2ea3b9315dab61dbdb0b0971c292340850fe.ndjson.gz,api_fetched,0,,,
1091,graphcast,completed,200,14,2025-06-05T18:00:00Z,2025-06-18T18:00:00Z,840,840,420,420,840,11.919,fb7206d74ee1836e91548cd3efb29c1d7cf3cc0d86f709ac9d18b6da609c3405,full_tactical_backfill_ok_tmax_graphcast_fb7206d74ee1,C:/Users/ahmad/Desktop/generalFiles/git/weather_markets/weather_data_extraction/bootstrap/hkg_tmax_elite_codex_bootstrap/hkg_tmax_elite_codex/data/_pipeline_internal/raw/gribstream_tactical_full_tactical_backfill_ok_tmax/graphcast/run_window_utc=20250605_180000_to_20250618_180000/fb7206d74ee1836e91548cd3efb29c1d7cf3cc0d86f709ac9d18b6da609c3405.ndjson.gz,api_fetched,0,,,
1092,graphcast,completed,200,14,2025-06-19T18:00:00Z,2025-07-02T18:00:00Z,840,840,420,420,840,11.359,de1db602953a74f6084b26cd848c0b727edfc988167cbc356afbfeabed2dd2fd,full_tactical_backfill_ok_tmax_graphcast_de1db602953a,C:/Users/ahmad/Desktop/generalFiles/git/weather_markets/weather_data_extraction/bootstrap/hkg_tmax_elite_codex_bootstrap/hkg_tmax_elite_codex/data/_pipeline_internal/raw/gribstream_tactical_full_tactical_backfill_ok_tmax/graphcast/run_window_utc=20250619_180000_to_20250702_180000/de1db602953a74f6084b26cd848c0b727edfc988167cbc356afbfeabed2dd2fd.ndjson.gz,api_fetched,0,,,
1093,graphcast,completed,200,14,2025-07-03T18:00:00Z,2025-07-16T18:00:00Z,840,840,420,420,840,11.907,e37cc48c0ab252e4d2f1fab7d527649bbd2b869b9c5c0cba97973d8d2d0cfa92,full_tactical_backfill_ok_tmax_graphcast_e37cc48c0ab2,C:/Users/ahmad/Desktop/generalFiles/git/weather_markets/weather_data_extraction/bootstrap/hkg_tmax_elite_codex_bootstrap/hkg_tmax_elite_codex/data/_pipeline_internal/raw/gribstream_tactical_full_tactical_backfill_ok_tmax/graphcast/run_window_utc=20250703_180000_to_20250716_180000/e37cc48c0ab252e4d2f1fab7d527649bbd2b869b9c5c0cba97973d8d2d0cfa92.ndjson.gz,api_fetched,0,,,
1094,graphcast,completed,200,14,2025-07-17T18:00:00Z,2025-07-30T18:00:00Z,840,840,420,420,840,11.922,6f46fc23880f8701b66e6b11890ba1a4b9a7abfc2a97607066d53fc18a7fac62,full_tactical_backfill_ok_tmax_graphcast_6f46fc23880f,C:/Users/ahmad/Desktop/generalFiles/git/weather_markets/weather_data_extraction/bootstrap/hkg_tmax_elite_codex_bootstrap/hkg_tmax_elite_codex/data/_pipeline_internal/raw/gribstream_tactical_full_tactical_backfill_ok_tmax/graphcast/run_window_utc=20250717_180000_to_20250730_180000/6f46fc23880f8701b66e6b11890ba1a4b9a7abfc2a97607066d53fc18a7fac62.ndjson.gz,api_fetched,0,,,
1095,graphcast,completed,200,14,2025-07-31T18:00:00Z,2025-08-13T18:00:00Z,840,840,420,420,840,11.279,0ce1ffd8eb0cd2b7c6b619196b0130a4ebaf33a09b28568f245c1fad122c1458,full_tactical_backfill_ok_tmax_graphcast_0ce1ffd8eb0c,C:/Users/ahmad/Desktop/generalFiles/git/weather_markets/weather_data_extraction/bootstrap/hkg_tmax_elite_codex_bootstrap/hkg_tmax_elite_codex/data/_pipeline_internal/raw/gribstream_tactical_full_tactical_backfill_ok_tmax/graphcast/run_window_utc=20250731_180000_to_20250813_180000/0ce1ffd8eb0cd2b7c6b619196b0130a4ebaf33a09b28568f245c1fad122c1458.ndjson.gz,api_fetched,0,,,
1096,graphcast,completed,200,14,2025-08-14T18:00:00Z,2025-08-27T18:00:00Z,840,840,420,420,840,11.724,cc60aecf0a20c20f095fa2197f993ce27c4041da1f14239566c49b35fe04f330,full_tactical_backfill_ok_tmax_graphcast_cc60aecf0a20,C:/Users/ahmad/Desktop/generalFiles/git/weather_markets/weather_data_extraction/bootstrap/hkg_tmax_elite_codex_bootstrap/hkg_tmax_elite_codex/data/_pipeline_internal/raw/gribstream_tactical_full_tactical_backfill_ok_tmax/graphcast/run_window_utc=20250814_180000_to_20250827_180000/cc60aecf0a20c20f095fa2197f993ce27c4041da1f14239566c49b35fe04f330.ndjson.gz,api_fetched,0,,,
1097,graphcast,completed,200,14,2025-08-28T18:00:00Z,2025-09-10T18:00:00Z,840,840,420,420,840,11.577,3972513e679ec03a5530fc7b806248d031c8ff0bd3c48b87076ad1eec56b46f0,full_tactical_backfill_ok_tmax_graphcast_3972513e679e,C:/Users/ahmad/Desktop/generalFiles/git/weather_markets/weather_data_extraction/bootstrap/hkg_tmax_elite_codex_bootstrap/hkg_tmax_elite_codex/data/_pipeline_internal/raw/gribstream_tactical_full_tactical_backfill_ok_tmax/graphcast/run_window_utc=20250828_180000_to_20250910_180000/3972513e679ec03a5530fc7b806248d031c8ff0bd3c48b87076ad1eec56b46f0.ndjson.gz,api_fetched,0,,,
1098,graphcast,completed,200,14,2025-09-11T18:00:00Z,2025-09-24T18:00:00Z,840,840,420,420,840,11.867,3225bd12fb543d72d1de8295ee7c9c9543b059f55e4c6e6bb609a2632a9814cf,full_tactical_backfill_ok_tmax_graphcast_3225bd12fb54,C:/Users/ahmad/Desktop/generalFiles/git/weather_markets/weather_data_extraction/bootstrap/hkg_tmax_elite_codex_bootstrap/hkg_tmax_elite_codex/data/_pipeline_internal/raw/gribstream_tactical_full_tactical_backfill_ok_tmax/graphcast/run_window_utc=20250911_180000_to_20250924_180000/3225bd12fb543d72d1de8295ee7c9c9543b059f55e4c6e6bb609a2632a9814cf.ndjson.gz,api_fetched,0,,,
1099,graphcast,completed,200,14,2025-09-25T18:00:00Z,2025-10-08T18:00:00Z,840,840,420,420,840,11.826,f6dd6130b6984f05390c38ff8f0480892bcdbb64c23260a6bedc46e53ac6aae6,full_tactical_backfill_ok_tmax_graphcast_f6dd6130b698,C:/Users/ahmad/Desktop/generalFiles/git/weather_markets/weather_data_extraction/bootstrap/hkg_tmax_elite_codex_bootstrap/hkg_tmax_elite_codex/data/_pipeline_internal/raw/gribstream_tactical_full_tactical_backfill_ok_tmax/graphcast/run_window_utc=20250925_180000_to_20251008_180000/f6dd6130b6984f05390c38ff8f0480892bcdbb64c23260a6bedc46e53ac6aae6.ndjson.gz,api_fetched,0,,,
1100,graphcast,completed,200,14,2025-10-09T18:00:00Z,2025-10-22T18:00:00Z,840,840,420,420,840,11.103,994ab1d73c3e115b3bd4d054ad8b1c4298bfd62fb820e37b6db84236e57dd2cf,full_tactical_backfill_ok_tmax_graphcast_994ab1d73c3e,C:/Users/ahmad/Desktop/generalFiles/git/weather_markets/weather_data_extraction/bootstrap/hkg_tmax_elite_codex_bootstrap/hkg_tmax_elite_codex/data/_pipeline_internal/raw/gribstream_tactical_full_tactical_backfill_ok_tmax/graphcast/run_window_utc=20251009_180000_to_20251022_180000/994ab1d73c3e115b3bd4d054ad8b1c4298bfd62fb820e37b6db84236e57dd2cf.ndjson.gz,api_fetched,0,,,
1101,graphcast,completed,200,14,2025-10-23T18:00:00Z,2025-11-05T18:00:00Z,840,840,420,420,840,11.405,89d278bafe433d2d6a83f2f5d0e8ad6a3e4e898ab635b8b5656da2b7a6678354,full_tactical_backfill_ok_tmax_graphcast_89d278bafe43,C:/Users/ahmad/Desktop/generalFiles/git/weather_markets/weather_data_extraction/bootstrap/hkg_tmax_elite_codex_bootstrap/hkg_tmax_elite_codex/data/_pipeline_internal/raw/gribstream_tactical_full_tactical_backfill_ok_tmax/graphcast/run_window_utc=20251023_180000_to_20251105_180000/89d278bafe433d2d6a83f2f5d0e8ad6a3e4e898ab635b8b5656da2b7a6678354.ndjson.gz,api_fetched,0,,,
1102,graphcast,completed,200,14,2025-11-06T18:00:00Z,2025-11-19T18:00:00Z,840,840,420,420,840,12.287,2e4b9775793bf22eb0fda459e034cc59ec5a680f60e7790260544c5208c44bb9,full_tactical_backfill_ok_tmax_graphcast_2e4b9775793b,C:/Users/ahmad/Desktop/generalFiles/git/weather_markets/weather_data_extraction/bootstrap/hkg_tmax_elite_codex_bootstrap/hkg_tmax_elite_codex/data/_pipeline_internal/raw/gribstream_tactical_full_tactical_backfill_ok_tmax/graphcast/run_window_utc=20251106_180000_to_20251119_180000/2e4b9775793bf22eb0fda459e034cc59ec5a680f60e7790260544c5208c44bb9.ndjson.gz,api_fetched,0,,,
1103,graphcast,completed,200,14,2025-11-20T18:00:00Z,2025-12-03T18:00:00Z,840,840,420,420,840,11.145,0236ebfb10b1c5816eb5b0caee47ff999a688deff7a9d80b1171676085c90abb,full_tactical_backfill_ok_tmax_graphcast_0236ebfb10b1,C:/Users/ahmad/Desktop/generalFiles/git/weather_markets/weather_data_extraction/bootstrap/hkg_tmax_elite_codex_bootstrap/hkg_tmax_elite_codex/data/_pipeline_internal/raw/gribstream_tactical_full_tactical_backfill_ok_tmax/graphcast/run_window_utc=20251120_180000_to_20251203_180000/0236ebfb10b1c5816eb5b0caee47ff999a688deff7a9d80b1171676085c90abb.ndjson.gz,api_fetched,0,,,
1104,graphcast,completed,200,14,2025-12-04T18:00:00Z,2025-12-17T18:00:00Z,840,840,420,420,840,11.707,4ed9405c1e2f717a6a8e261a31b3f954b5912b6018b4234fda694f2a75ef78ad,full_tactical_backfill_ok_tmax_graphcast_4ed9405c1e2f,C:/Users/ahmad/Desktop/generalFiles/git/weather_markets/weather_data_extraction/bootstrap/hkg_tmax_elite_codex_bootstrap/hkg_tmax_elite_codex/data/_pipeline_internal/raw/gribstream_tactical_full_tactical_backfill_ok_tmax/graphcast/run_window_utc=20251204_180000_to_20251217_180000/4ed9405c1e2f717a6a8e261a31b3f954b5912b6018b4234fda694f2a75ef78ad.ndjson.gz,api_fetched,0,,,
1105,graphcast,completed,200,14,2025-12-18T18:00:00Z,2025-12-31T18:00:00Z,840,840,420,420,840,10.358,fc661513e4a9f4e945c12d118a4958299814f63f3bfae3abae84d0a7344ef29d,full_tactical_backfill_ok_tmax_graphcast_fc661513e4a9,C:/Users/ahmad/Desktop/generalFiles/git/weather_markets/weather_data_extraction/bootstrap/hkg_tmax_elite_codex_bootstrap/hkg_tmax_elite_codex/data/_pipeline_internal/raw/gribstream_tactical_full_tactical_backfill_ok_tmax/graphcast/run_window_utc=20251218_180000_to_20251231_180000/fc661513e4a9f4e945c12d118a4958299814f63f3bfae3abae84d0a7344ef29d.ndjson.gz,api_fetched,0,,,
1106,graphcast,completed,200,14,2026-01-01T18:00:00Z,2026-01-14T18:00:00Z,840,840,420,420,840,11.462,a1e4d450813c2605270a2250c475192b38a6d567bb9ac0af64e9db359d0260ad,full_tactical_backfill_ok_tmax_graphcast_a1e4d450813c,C:/Users/ahmad/Desktop/generalFiles/git/weather_markets/weather_data_extraction/bootstrap/hkg_tmax_elite_codex_bootstrap/hkg_tmax_elite_codex/data/_pipeline_internal/raw/gribstream_tactical_full_tactical_backfill_ok_tmax/graphcast/run_window_utc=20260101_180000_to_20260114_180000/a1e4d450813c2605270a2250c475192b38a6d567bb9ac0af64e9db359d0260ad.ndjson.gz,api_fetched,0,,,
1107,graphcast,completed,200,14,2026-01-15T18:00:00Z,2026-01-28T18:00:00Z,840,840,420,420,840,11.633,b6d2122f02c76efdd1bccda46bc39c340ac7010bf8ee32468b1fd6b35e0ceeb8,full_tactical_backfill_ok_tmax_graphcast_b6d2122f02c7,C:/Users/ahmad/Desktop/generalFiles/git/weather_markets/weather_data_extraction/bootstrap/hkg_tmax_elite_codex_bootstrap/hkg_tmax_elite_codex/data/_pipeline_internal/raw/gribstream_tactical_full_tactical_backfill_ok_tmax/graphcast/run_window_utc=20260115_180000_to_20260128_180000/b6d2122f02c76efdd1bccda46bc39c340ac7010bf8ee32468b1fd6b35e0ceeb8.ndjson.gz,api_fetched,0,,,
1108,graphcast,completed,200,14,2026-01-29T18:00:00Z,2026-02-11T18:00:00Z,840,840,420,420,840,14.8,bf8a375831a9504a13cfe45f21c1107675cb1f539d77e50a76f667217ac42f9f,full_tactical_backfill_ok_tmax_graphcast_bf8a375831a9,C:/Users/ahmad/Desktop/generalFiles/git/weather_markets/weather_data_extraction/bootstrap/hkg_tmax_elite_codex_bootstrap/hkg_tmax_elite_codex/data/_pipeline_internal/raw/gribstream_tactical_full_tactical_backfill_ok_tmax/graphcast/run_window_utc=20260129_180000_to_20260211_180000/bf8a375831a9504a13cfe45f21c1107675cb1f539d77e50a76f667217ac42f9f.ndjson.gz,api_fetched,0,,,
1109,graphcast,completed,200,14,2026-02-12T18:00:00Z,2026-02-25T18:00:00Z,840,840,420,420,840,8.355,dfb247b88d0a79160b23176fccf4b48061a244ed269b3e66d66189cbeddfd421,full_tactical_backfill_ok_tmax_graphcast_dfb247b88d0a,C:/Users/ahmad/Desktop/generalFiles/git/weather_markets/weather_data_extraction/bootstrap/hkg_tmax_elite_codex_bootstrap/hkg_tmax_elite_codex/data/_pipeline_internal/raw/gribstream_tactical_full_tactical_backfill_ok_tmax/graphcast/run_window_utc=20260212_180000_to_20260225_180000/dfb247b88d0a79160b23176fccf4b48061a244ed269b3e66d66189cbeddfd421.ndjson.gz,api_fetched,0,,,
1110,graphcast,completed,200,14,2026-02-26T18:00:00Z,2026-03-11T18:00:00Z,840,840,420,420,840,12.784,ebd60fa48410078011cbe1d781619eeb823b0d3f6070bfaa0745d5d04ad8576c,full_tactical_backfill_ok_tmax_graphcast_ebd60fa48410,C:/Users/ahmad/Desktop/generalFiles/git/weather_markets/weather_data_extraction/bootstrap/hkg_tmax_elite_codex_bootstrap/hkg_tmax_elite_codex/data/_pipeline_internal/raw/gribstream_tactical_full_tactical_backfill_ok_tmax/graphcast/run_window_utc=20260226_180000_to_20260311_180000/ebd60fa48410078011cbe1d781619eeb823b0d3f6070bfaa0745d5d04ad8576c.ndjson.gz,api_fetched,0,,,
1111,graphcast,completed,200,14,2026-03-12T18:00:00Z,2026-03-25T18:00:00Z,840,840,420,420,840,12.121,a2b7323aa9ea8e78e2ad18cf14ec1128e7b0b61223a3c143f73cb456e74f9350,full_tactical_backfill_ok_tmax_graphcast_a2b7323aa9ea,C:/Users/ahmad/Desktop/generalFiles/git/weather_markets/weather_data_extraction/bootstrap/hkg_tmax_elite_codex_bootstrap/hkg_tmax_elite_codex/data/_pipeline_internal/raw/gribstream_tactical_full_tactical_backfill_ok_tmax/graphcast/run_window_utc=20260312_180000_to_20260325_180000/a2b7323aa9ea8e78e2ad18cf14ec1128e7b0b61223a3c143f73cb456e74f9350.ndjson.gz,api_fetched,0,,,
1112,graphcast,completed,200,14,2026-03-26T18:00:00Z,2026-04-08T18:00:00Z,840,840,420,420,840,11.662,73eb806e81003554e73f41ea22f6fefb95333c2efb4f09f41f483fd28bd56db4,full_tactical_backfill_ok_tmax_graphcast_73eb806e8100,C:/Users/ahmad/Desktop/generalFiles/git/weather_markets/weather_data_extraction/bootstrap/hkg_tmax_elite_codex_bootstrap/hkg_tmax_elite_codex/data/_pipeline_internal/raw/gribstream_tactical_full_tactical_backfill_ok_tmax/graphcast/run_window_utc=20260326_180000_to_20260408_180000/73eb806e81003554e73f41ea22f6fefb95333c2efb4f09f41f483fd28bd56db4.ndjson.gz,api_fetched,0,,,
1113,graphcast,completed,200,14,2026-04-09T18:00:00Z,2026-04-22T18:00:00Z,840,840,420,420,840,11.641,36a7880f8eb82f0364afb8612189f9edf57714796fb67fe5d8ac4cc6d0a548c1,full_tactical_backfill_ok_tmax_graphcast_36a7880f8eb8,C:/Users/ahmad/Desktop/generalFiles/git/weather_markets/weather_data_extraction/bootstrap/hkg_tmax_elite_codex_bootstrap/hkg_tmax_elite_codex/data/_pipeline_internal/raw/gribstream_tactical_full_tactical_backfill_ok_tmax/graphcast/run_window_utc=20260409_180000_to_20260422_180000/36a7880f8eb82f0364afb8612189f9edf57714796fb67fe5d8ac4cc6d0a548c1.ndjson.gz,api_fetched,0,,,
1114,graphcast,completed,200,12,2026-04-23T18:00:00Z,2026-05-04T18:00:00Z,720,720,360,360,720,11.084,b29af0da28a11bb92507f60aa44138830614d04877b18eae9f3d96ba4ccbedee,full_tactical_backfill_ok_tmax_graphcast_b29af0da28a1,C:/Users/ahmad/Desktop/generalFiles/git/weather_markets/weather_data_extraction/bootstrap/hkg_tmax_elite_codex_bootstrap/hkg_tmax_elite_codex/data/_pipeline_internal/raw/gribstream_tactical_full_tactical_backfill_ok_tmax/graphcast/run_window_utc=20260423_180000_to_20260504_180000/b29af0da28a11bb92507f60aa44138830614d04877b18eae9f3d96ba4ccbedee.ndjson.gz,api_fetched,0,,,
1115,fourcastnetgfs,completed,200,14,2024-05-02T18:00:00Z,2024-05-15T18:00:00Z,840,840,420,420,840,13.381,22517121cc23c9c9a7a575945b04204346a4624fb948dc7ac88097f21a72f76e,batch_smoke_10w_fourcastnetgfs_22517121cc23,C:/Users/ahmad/Desktop/generalFiles/git/weather_markets/weather_data_extraction/bootstrap/hkg_tmax_elite_codex_bootstrap/hkg_tmax_elite_codex/data/_pipeline_internal/raw/gribstream_tactical_full_tactical_backfill_ok_tmax/fourcastnetgfs/run_window_utc=20240502_180000_to_20240515_180000/22517121cc23c9c9a7a575945b04204346a4624fb948dc7ac88097f21a72f76e.ndjson.gz,api_fetched,0,,,
1116,fourcastnetgfs,completed,200,14,2024-05-16T18:00:00Z,2024-05-29T18:00:00Z,840,840,420,420,840,11.656,7ba8717e732045334456b2162883be60456f29fca9e6bfd1e76a7a59bec476b1,batch_smoke_10w_fourcastnetgfs_7ba8717e7320,C:/Users/ahmad/Desktop/generalFiles/git/weather_markets/weather_data_extraction/bootstrap/hkg_tmax_elite_codex_bootstrap/hkg_tmax_elite_codex/data/_pipeline_internal/raw/gribstream_tactical_full_tactical_backfill_ok_tmax/fourcastnetgfs/run_window_utc=20240516_180000_to_20240529_180000/7ba8717e732045334456b2162883be60456f29fca9e6bfd1e76a7a59bec476b1.ndjson.gz,api_fetched,0,,,
1117,fourcastnetgfs,completed,200,14,2024-05-30T18:00:00Z,2024-06-12T18:00:00Z,780,780,390,420,840,11.621,c4655ee0eaf07f15029a54e65b39c3d7909afea6465717a3e92d32cbffc510a5,batch_smoke_10w_fourcastnetgfs_c4655ee0eaf0,C:/Users/ahmad/Desktop/generalFiles/git/weather_markets/weather_data_extraction/bootstrap/hkg_tmax_elite_codex_bootstrap/hkg_tmax_elite_codex/data/_pipeline_internal/raw/gribstream_tactical_full_tactical_backfill_ok_tmax/fourcastnetgfs/run_window_utc=20240530_180000_to_20240612_180000/c4655ee0eaf07f15029a54e65b39c3d7909afea6465717a3e92d32cbffc510a5.ndjson.gz,api_fetched,0,,,
1118,fourcastnetgfs,completed,200,14,2024-06-13T18:00:00Z,2024-06-26T18:00:00Z,840,840,420,420,840,11.6,a98c1f674ea9aa14229203d92eeec7e6d78882f04132f71fc889fe5a14b8c045,batch_smoke_10w_fourcastnetgfs_a98c1f674ea9,C:/Users/ahmad/Desktop/generalFiles/git/weather_markets/weather_data_extraction/bootstrap/hkg_tmax_elite_codex_bootstrap/hkg_tmax_elite_codex/data/_pipeline_internal/raw/gribstream_tactical_full_tactical_backfill_ok_tmax/fourcastnetgfs/run_window_utc=20240613_180000_to_20240626_180000/a98c1f674ea9aa14229203d92eeec7e6d78882f04132f71fc889fe5a14b8c045.ndjson.gz,api_fetched,0,,,
1119,fourcastnetgfs,completed,200,14,2024-06-27T18:00:00Z,2024-07-10T18:00:00Z,840,840,420,420,840,11.33,3cb53c89a790e24a1f123cb64a73a514d09ceae02d6f4b9e49ddef8bfcd5eaec,batch_smoke_10w_fourcastnetgfs_3cb53c89a790,C:/Users/ahmad/Desktop/generalFiles/git/weather_markets/weather_data_extraction/bootstrap/hkg_tmax_elite_codex_bootstrap/hkg_tmax_elite_codex/data/_pipeline_internal/raw/gribstream_tactical_full_tactical_backfill_ok_tmax/fourcastnetgfs/run_window_utc=20240627_180000_to_20240710_180000/3cb53c89a790e24a1f123cb64a73a514d09ceae02d6f4b9e49ddef8bfcd5eaec.ndjson.gz,api_fetched,0,,,
1120,fourcastnetgfs,completed,200,14,2024-07-11T18:00:00Z,2024-07-24T18:00:00Z,840,840,420,420,840,12.3,6aea861fe0c4d9dacbffe5020d7f8bcf3ece0c89815615be3488682b2bd43718,full_tactical_backfill_ok_tmax_fourcastnetgfs_6aea861fe0c4,C:/Users/ahmad/Desktop/generalFiles/git/weather_markets/weather_data_extraction/bootstrap/hkg_tmax_elite_codex_bootstrap/hkg_tmax_elite_codex/data/_pipeline_internal/raw/gribstream_tactical_full_tactical_backfill_ok_tmax/fourcastnetgfs/run_window_utc=20240711_180000_to_20240724_180000/6aea861fe0c4d9dacbffe5020d7f8bcf3ece0c89815615be3488682b2bd43718.ndjson.gz,api_fetched,0,,,
1121,fourcastnetgfs,completed,200,14,2024-07-25T18:00:00Z,2024-08-07T18:00:00Z,840,840,420,420,840,11.713,bc929e95782d2860af80e26a3db68ab9f4e2eabad11ffccefa5861904262497d,full_tactical_backfill_ok_tmax_fourcastnetgfs_bc929e95782d,C:/Users/ahmad/Desktop/generalFiles/git/weather_markets/weather_data_extraction/bootstrap/hkg_tmax_elite_codex_bootstrap/hkg_tmax_elite_codex/data/_pipeline_internal/raw/gribstream_tactical_full_tactical_backfill_ok_tmax/fourcastnetgfs/run_window_utc=20240725_180000_to_20240807_180000/bc929e95782d2860af80e26a3db68ab9f4e2eabad11ffccefa5861904262497d.ndjson.gz,api_fetched,0,,,
1122,fourcastnetgfs,completed,200,14,2024-08-08T18:00:00Z,2024-08-21T18:00:00Z,840,840,420,420,840,11.027,6e9c30d138c0f73a8f206949a5470f7d2fd3c16c53a81ac9ea32cef51e1b34f1,full_tactical_backfill_ok_tmax_fourcastnetgfs_6e9c30d138c0,C:/Users/ahmad/Desktop/generalFiles/git/weather_markets/weather_data_extraction/bootstrap/hkg_tmax_elite_codex_bootstrap/hkg_tmax_elite_codex/data/_pipeline_internal/raw/gribstream_tactical_full_tactical_backfill_ok_tmax/fourcastnetgfs/run_window_utc=20240808_180000_to_20240821_180000/6e9c30d138c0f73a8f206949a5470f7d2fd3c16c53a81ac9ea32cef51e1b34f1.ndjson.gz,api_fetched,0,,,
1123,fourcastnetgfs,completed,200,14,2024-08-22T18:00:00Z,2024-09-04T18:00:00Z,840,840,420,420,840,12.03,8824c99c35c3eb147fb08cfcd07d9df2b65deab8858b8aa959961e6e868e5561,full_tactical_backfill_ok_tmax_fourcastnetgfs_8824c99c35c3,C:/Users/ahmad/Desktop/generalFiles/git/weather_markets/weather_data_extraction/bootstrap/hkg_tmax_elite_codex_bootstrap/hkg_tmax_elite_codex/data/_pipeline_internal/raw/gribstream_tactical_full_tactical_backfill_ok_tmax/fourcastnetgfs/run_window_utc=20240822_180000_to_20240904_180000/8824c99c35c3eb147fb08cfcd07d9df2b65deab8858b8aa959961e6e868e5561.ndjson.gz,api_fetched,0,,,
1124,fourcastnetgfs,completed,200,14,2024-09-05T18:00:00Z,2024-09-18T18:00:00Z,840,840,420,420,840,11.212,b8284048c7d7d06c2708db8ee11dcec2a2df8c38eba970d7a466ee330387f636,full_tactical_backfill_ok_tmax_fourcastnetgfs_b8284048c7d7,C:/Users/ahmad/Desktop/generalFiles/git/weather_markets/weather_data_extraction/bootstrap/hkg_tmax_elite_codex_bootstrap/hkg_tmax_elite_codex/data/_pipeline_internal/raw/gribstream_tactical_full_tactical_backfill_ok_tmax/fourcastnetgfs/run_window_utc=20240905_180000_to_20240918_180000/b8284048c7d7d06c2708db8ee11dcec2a2df8c38eba970d7a466ee330387f636.ndjson.gz,api_fetched,0,,,
1125,fourcastnetgfs,completed,200,14,2024-09-19T18:00:00Z,2024-10-02T18:00:00Z,840,840,420,420,840,11.723,72e9510a11317678f3e41653534ae1b91547d7868c18b41a1f7a9711caa9f893,full_tactical_backfill_ok_tmax_fourcastnetgfs_72e9510a1131,C:/Users/ahmad/Desktop/generalFiles/git/weather_markets/weather_data_extraction/bootstrap/hkg_tmax_elite_codex_bootstrap/hkg_tmax_elite_codex/data/_pipeline_internal/raw/gribstream_tactical_full_tactical_backfill_ok_tmax/fourcastnetgfs/run_window_utc=20240919_180000_to_20241002_180000/72e9510a11317678f3e41653534ae1b91547d7868c18b41a1f7a9711caa9f893.ndjson.gz,api_fetched,0,,,
1126,fourcastnetgfs,completed,200,14,2024-10-03T18:00:00Z,2024-10-16T18:00:00Z,840,840,420,420,840,11.55,59e45eb905fe33df3d8131b2d5d26b7d59f1f8cf7b2a9bee5a4cdcf23e3298f1,full_tactical_backfill_ok_tmax_fourcastnetgfs_59e45eb905fe,C:/Users/ahmad/Desktop/generalFiles/git/weather_markets/weather_data_extraction/bootstrap/hkg_tmax_elite_codex_bootstrap/hkg_tmax_elite_codex/data/_pipeline_internal/raw/gribstream_tactical_full_tactical_backfill_ok_tmax/fourcastnetgfs/run_window_utc=20241003_180000_to_20241016_180000/59e45eb905fe33df3d8131b2d5d26b7d59f1f8cf7b2a9bee5a4cdcf23e3298f1.ndjson.gz,api_fetched,0,,,
1127,fourcastnetgfs,completed,200,14,2024-10-17T18:00:00Z,2024-10-30T18:00:00Z,840,840,420,420,840,11.859,43b24ea50015ec8b2e47eecc15d1c079827e7fcdff3465b3ec3394db0300f6bf,full_tactical_backfill_ok_tmax_fourcastnetgfs_43b24ea50015,C:/Users/ahmad/Desktop/generalFiles/git/weather_markets/weather_data_extraction/bootstrap/hkg_tmax_elite_codex_bootstrap/hkg_tmax_elite_codex/data/_pipeline_internal/raw/gribstream_tactical_full_tactical_backfill_ok_tmax/fourcastnetgfs/run_window_utc=20241017_180000_to_20241030_180000/43b24ea50015ec8b2e47eecc15d1c079827e7fcdff3465b3ec3394db0300f6bf.ndjson.gz,api_fetched,0,,,
1128,fourcastnetgfs,completed,200,14,2024-10-31T18:00:00Z,2024-11-13T18:00:00Z,840,840,420,420,840,11.487,8f6cc0fc8fa198f474f9a0e89dff78c4819ae1c8eed5cae0ceda7dbfd1f29a61,full_tactical_backfill_ok_tmax_fourcastnetgfs_8f6cc0fc8fa1,C:/Users/ahmad/Desktop/generalFiles/git/weather_markets/weather_data_extraction/bootstrap/hkg_tmax_elite_codex_bootstrap/hkg_tmax_elite_codex/data/_pipeline_internal/raw/gribstream_tactical_full_tactical_backfill_ok_tmax/fourcastnetgfs/run_window_utc=20241031_180000_to_20241113_180000/8f6cc0fc8fa198f474f9a0e89dff78c4819ae1c8eed5cae0ceda7dbfd1f29a61.ndjson.gz,api_fetched,0,,,
1129,fourcastnetgfs,completed,200,14,2024-11-14T18:00:00Z,2024-11-27T18:00:00Z,840,840,420,420,840,11.753,735d74f2b336e2a88c89c41279cd3aa5be827af8108513efa48e52ff9506e99b,full_tactical_backfill_ok_tmax_fourcastnetgfs_735d74f2b336,C:/Users/ahmad/Desktop/generalFiles/git/weather_markets/weather_data_extraction/bootstrap/hkg_tmax_elite_codex_bootstrap/hkg_tmax_elite_codex/data/_pipeline_internal/raw/gribstream_tactical_full_tactical_backfill_ok_tmax/fourcastnetgfs/run_window_utc=20241114_180000_to_20241127_180000/735d74f2b336e2a88c89c41279cd3aa5be827af8108513efa48e52ff9506e99b.ndjson.gz,api_fetched,0,,,
1130,fourcastnetgfs,completed,200,14,2024-11-28T18:00:00Z,2024-12-11T18:00:00Z,840,840,420,420,840,11.804,dd1179040335ad2b89a224397f3c4d6cc1d2394a6aaa47b13dd472eee3d40e89,full_tactical_backfill_ok_tmax_fourcastnetgfs_dd1179040335,C:/Users/ahmad/Desktop/generalFiles/git/weather_markets/weather_data_extraction/bootstrap/hkg_tmax_elite_codex_bootstrap/hkg_tmax_elite_codex/data/_pipeline_internal/raw/gribstream_tactical_full_tactical_backfill_ok_tmax/fourcastnetgfs/run_window_utc=20241128_180000_to_20241211_180000/dd1179040335ad2b89a224397f3c4d6cc1d2394a6aaa47b13dd472eee3d40e89.ndjson.gz,api_fetched,0,,,
1131,fourcastnetgfs,completed,200,14,2024-12-12T18:00:00Z,2024-12-25T18:00:00Z,840,840,420,420,840,11.34,2da70b96cb1f21aaf20b221a1381e0158b55b266fe42f44e205a3b374e561e46,full_tactical_backfill_ok_tmax_fourcastnetgfs_2da70b96cb1f,C:/Users/ahmad/Desktop/generalFiles/git/weather_markets/weather_data_extraction/bootstrap/hkg_tmax_elite_codex_bootstrap/hkg_tmax_elite_codex/data/_pipeline_internal/raw/gribstream_tactical_full_tactical_backfill_ok_tmax/fourcastnetgfs/run_window_utc=20241212_180000_to_20241225_180000/2da70b96cb1f21aaf20b221a1381e0158b55b266fe42f44e205a3b374e561e46.ndjson.gz,api_fetched,0,,,
1132,fourcastnetgfs,completed,200,14,2024-12-26T18:00:00Z,2025-01-08T18:00:00Z,804,804,402,420,840,11.772,70c7231fe40b598795ad0ef23797b82af0ff5d4ca1c3883ae32173d7471fb35f,full_tactical_backfill_ok_tmax_fourcastnetgfs_70c7231fe40b,C:/Users/ahmad/Desktop/generalFiles/git/weather_markets/weather_data_extraction/bootstrap/hkg_tmax_elite_codex_bootstrap/hkg_tmax_elite_codex/data/_pipeline_internal/raw/gribstream_tactical_full_tactical_backfill_ok_tmax/fourcastnetgfs/run_window_utc=20241226_180000_to_20250108_180000/70c7231fe40b598795ad0ef23797b82af0ff5d4ca1c3883ae32173d7471fb35f.ndjson.gz,api_fetched,0,,,
1133,fourcastnetgfs,completed,200,14,2025-01-09T18:00:00Z,2025-01-22T18:00:00Z,660,660,330,420,840,10.083,b755470f7eaafa2d7c0ba743c71e351243ffbe81b7331fb1d64cae930d82a898,full_tactical_backfill_ok_tmax_fourcastnetgfs_b755470f7eaa,C:/Users/ahmad/Desktop/generalFiles/git/weather_markets/weather_data_extraction/bootstrap/hkg_tmax_elite_codex_bootstrap/hkg_tmax_elite_codex/data/_pipeline_internal/raw/gribstream_tactical_full_tactical_backfill_ok_tmax/fourcastnetgfs/run_window_utc=20250109_180000_to_20250122_180000/b755470f7eaafa2d7c0ba743c71e351243ffbe81b7331fb1d64cae930d82a898.ndjson.gz,api_fetched,0,,,
1134,fourcastnetgfs,completed,200,14,2025-01-23T18:00:00Z,2025-02-05T18:00:00Z,840,840,420,420,840,12.905,0b0fe2d4b828253c49a657eb8b9493864e84043fa414996ae552905db0cb6b3c,full_tactical_backfill_ok_tmax_fourcastnetgfs_0b0fe2d4b828,C:/Users/ahmad/Desktop/generalFiles/git/weather_markets/weather_data_extraction/bootstrap/hkg_tmax_elite_codex_bootstrap/hkg_tmax_elite_codex/data/_pipeline_internal/raw/gribstream_tactical_full_tactical_backfill_ok_tmax/fourcastnetgfs/run_window_utc=20250123_180000_to_20250205_180000/0b0fe2d4b828253c49a657eb8b9493864e84043fa414996ae552905db0cb6b3c.ndjson.gz,api_fetched,0,,,
1135,fourcastnetgfs,completed,200,14,2025-02-06T18:00:00Z,2025-02-19T18:00:00Z,780,780,390,420,840,11.619,662a2888150122a7cf91dd31a3a1c1e6b905b6be636faad3768ca1c9377d35ac,full_tactical_backfill_ok_tmax_fourcastnetgfs_662a28881501,C:/Users/ahmad/Desktop/generalFiles/git/weather_markets/weather_data_extraction/bootstrap/hkg_tmax_elite_codex_bootstrap/hkg_tmax_elite_codex/data/_pipeline_internal/raw/gribstream_tactical_full_tactical_backfill_ok_tmax/fourcastnetgfs/run_window_utc=20250206_180000_to_20250219_180000/662a2888150122a7cf91dd31a3a1c1e6b905b6be636faad3768ca1c9377d35ac.ndjson.gz,api_fetched,0,,,
1136,fourcastnetgfs,completed,200,14,2025-02-20T18:00:00Z,2025-03-05T18:00:00Z,840,840,420,420,840,11.527,321f4a3cb03d6ed23cb4e235b020c88c57912fa7b216f2134ee47d8f8f3c7c06,full_tactical_backfill_ok_tmax_fourcastnetgfs_321f4a3cb03d,C:/Users/ahmad/Desktop/generalFiles/git/weather_markets/weather_data_extraction/bootstrap/hkg_tmax_elite_codex_bootstrap/hkg_tmax_elite_codex/data/_pipeline_internal/raw/gribstream_tactical_full_tactical_backfill_ok_tmax/fourcastnetgfs/run_window_utc=20250220_180000_to_20250305_180000/321f4a3cb03d6ed23cb4e235b020c88c57912fa7b216f2134ee47d8f8f3c7c06.ndjson.gz,api_fetched,0,,,
1137,fourcastnetgfs,completed,200,14,2025-03-06T18:00:00Z,2025-03-19T18:00:00Z,840,840,420,420,840,11.755,30c8057d0be20674547f8c1813d78ccd11d7d7ad47e31f04ce6a8ea0b5f02627,full_tactical_backfill_ok_tmax_fourcastnetgfs_30c8057d0be2,C:/Users/ahmad/Desktop/generalFiles/git/weather_markets/weather_data_extraction/bootstrap/hkg_tmax_elite_codex_bootstrap/hkg_tmax_elite_codex/data/_pipeline_internal/raw/gribstream_tactical_full_tactical_backfill_ok_tmax/fourcastnetgfs/run_window_utc=20250306_180000_to_20250319_180000/30c8057d0be20674547f8c1813d78ccd11d7d7ad47e31f04ce6a8ea0b5f02627.ndjson.gz,api_fetched,0,,,
1138,fourcastnetgfs,completed,200,14,2025-03-20T18:00:00Z,2025-04-02T18:00:00Z,840,840,420,420,840,11.831,5da3750b443073b6bf35cd59e5d6fd38218bfbaf0050fc9e81e230abc4c521db,full_tactical_backfill_ok_tmax_fourcastnetgfs_5da3750b4430,C:/Users/ahmad/Desktop/generalFiles/git/weather_markets/weather_data_extraction/bootstrap/hkg_tmax_elite_codex_bootstrap/hkg_tmax_elite_codex/data/_pipeline_internal/raw/gribstream_tactical_full_tactical_backfill_ok_tmax/fourcastnetgfs/run_window_utc=20250320_180000_to_20250402_180000/5da3750b443073b6bf35cd59e5d6fd38218bfbaf0050fc9e81e230abc4c521db.ndjson.gz,api_fetched,0,,,
1139,fourcastnetgfs,completed,200,14,2025-04-03T18:00:00Z,2025-04-16T18:00:00Z,780,780,390,420,840,11.09,ee12089f0553c8afccb634d7f459f83f881cc652e39820635d3d5623d0cce107,full_tactical_backfill_ok_tmax_fourcastnetgfs_ee12089f0553,C:/Users/ahmad/Desktop/generalFiles/git/weather_markets/weather_data_extraction/bootstrap/hkg_tmax_elite_codex_bootstrap/hkg_tmax_elite_codex/data/_pipeline_internal/raw/gribstream_tactical_full_tactical_backfill_ok_tmax/fourcastnetgfs/run_window_utc=20250403_180000_to_20250416_180000/ee12089f0553c8afccb634d7f459f83f881cc652e39820635d3d5623d0cce107.ndjson.gz,api_fetched,0,,,
1140,fourcastnetgfs,completed,200,14,2025-04-17T18:00:00Z,2025-04-30T18:00:00Z,780,780,390,420,840,11.475,a5a2bce9c107737e95783108c5cb7a4ed2b07354349d11e740d831ada3dca839,full_tactical_backfill_ok_tmax_fourcastnetgfs_a5a2bce9c107,C:/Users/ahmad/Desktop/generalFiles/git/weather_markets/weather_data_extraction/bootstrap/hkg_tmax_elite_codex_bootstrap/hkg_tmax_elite_codex/data/_pipeline_internal/raw/gribstream_tactical_full_tactical_backfill_ok_tmax/fourcastnetgfs/run_window_utc=20250417_180000_to_20250430_180000/a5a2bce9c107737e95783108c5cb7a4ed2b07354349d11e740d831ada3dca839.ndjson.gz,api_fetched,0,,,
1141,fourcastnetgfs,completed,200,14,2025-05-01T18:00:00Z,2025-05-14T18:00:00Z,840,840,420,420,840,12.083,0f2807a47d479e661246cacb3edcd95770c5b74cbe2787829112ea2ca1b2c32b,full_tactical_backfill_ok_tmax_fourcastnetgfs_0f2807a47d47,C:/Users/ahmad/Desktop/generalFiles/git/weather_markets/weather_data_extraction/bootstrap/hkg_tmax_elite_codex_bootstrap/hkg_tmax_elite_codex/data/_pipeline_internal/raw/gribstream_tactical_full_tactical_backfill_ok_tmax/fourcastnetgfs/run_window_utc=20250501_180000_to_20250514_180000/0f2807a47d479e661246cacb3edcd95770c5b74cbe2787829112ea2ca1b2c32b.ndjson.gz,api_fetched,0,,,
1142,fourcastnetgfs,completed,200,14,2025-05-15T18:00:00Z,2025-05-28T18:00:00Z,780,780,390,420,840,11.086,5c408e909736e0b721b34a9c0f8afcdbf070b046c637d7f7fe2f9daf86e89fb2,full_tactical_backfill_ok_tmax_fourcastnetgfs_5c408e909736,C:/Users/ahmad/Desktop/generalFiles/git/weather_markets/weather_data_extraction/bootstrap/hkg_tmax_elite_codex_bootstrap/hkg_tmax_elite_codex/data/_pipeline_internal/raw/gribstream_tactical_full_tactical_backfill_ok_tmax/fourcastnetgfs/run_window_utc=20250515_180000_to_20250528_180000/5c408e909736e0b721b34a9c0f8afcdbf070b046c637d7f7fe2f9daf86e89fb2.ndjson.gz,api_fetched,0,,,
1143,fourcastnetgfs,completed,200,14,2025-05-29T18:00:00Z,2025-06-11T18:00:00Z,840,840,420,420,840,11.971,7c2d66abb2fcda2e5dfaba40d58be3170cf7a1ea0f11bd5e085d99e2b323d7f4,full_tactical_backfill_ok_tmax_fourcastnetgfs_7c2d66abb2fc,C:/Users/ahmad/Desktop/generalFiles/git/weather_markets/weather_data_extraction/bootstrap/hkg_tmax_elite_codex_bootstrap/hkg_tmax_elite_codex/data/_pipeline_internal/raw/gribstream_tactical_full_tactical_backfill_ok_tmax/fourcastnetgfs/run_window_utc=20250529_180000_to_20250611_180000/7c2d66abb2fcda2e5dfaba40d58be3170cf7a1ea0f11bd5e085d99e2b323d7f4.ndjson.gz,api_fetched,0,,,
1144,fourcastnetgfs,completed,200,14,2025-06-12T18:00:00Z,2025-06-25T18:00:00Z,720,720,360,420,840,10.619,52da566f4a2a9fe08e6beaf7e2780ff21992483931ba0afb870fab497b7e5053,full_tactical_backfill_ok_tmax_fourcastnetgfs_52da566f4a2a,C:/Users/ahmad/Desktop/generalFiles/git/weather_markets/weather_data_extraction/bootstrap/hkg_tmax_elite_codex_bootstrap/hkg_tmax_elite_codex/data/_pipeline_internal/raw/gribstream_tactical_full_tactical_backfill_ok_tmax/fourcastnetgfs/run_window_utc=20250612_180000_to_20250625_180000/52da566f4a2a9fe08e6beaf7e2780ff21992483931ba0afb870fab497b7e5053.ndjson.gz,api_fetched,0,,,
1145,fourcastnetgfs,completed,200,14,2025-06-26T18:00:00Z,2025-07-09T18:00:00Z,840,840,420,420,840,12.539,f7624580ec77e334ebf600e58e167c965f6527803ad88c928fbde68bb21da6e1,full_tactical_backfill_ok_tmax_fourcastnetgfs_f7624580ec77,C:/Users/ahmad/Desktop/generalFiles/git/weather_markets/weather_data_extraction/bootstrap/hkg_tmax_elite_codex_bootstrap/hkg_tmax_elite_codex/data/_pipeline_internal/raw/gribstream_tactical_full_tactical_backfill_ok_tmax/fourcastnetgfs/run_window_utc=20250626_180000_to_20250709_180000/f7624580ec77e334ebf600e58e167c965f6527803ad88c928fbde68bb21da6e1.ndjson.gz,api_fetched,0,,,
1146,fourcastnetgfs,completed,200,14,2025-07-10T18:00:00Z,2025-07-23T18:00:00Z,600,600,300,420,840,9.977,fbcaa0122d5110c01f9219713c16482e8c6a3ea1d1397a762fc085c4f5ba412c,full_tactical_backfill_ok_tmax_fourcastnetgfs_fbcaa0122d51,C:/Users/ahmad/Desktop/generalFiles/git/weather_markets/weather_data_extraction/bootstrap/hkg_tmax_elite_codex_bootstrap/hkg_tmax_elite_codex/data/_pipeline_internal/raw/gribstream_tactical_full_tactical_backfill_ok_tmax/fourcastnetgfs/run_window_utc=20250710_180000_to_20250723_180000/fbcaa0122d5110c01f9219713c16482e8c6a3ea1d1397a762fc085c4f5ba412c.ndjson.gz,api_fetched,0,,,
1147,fourcastnetgfs,completed,200,14,2025-07-24T18:00:00Z,2025-08-06T18:00:00Z,780,780,390,420,840,13.099,d3e0e391382cf7893ef5468573148d9ca62727e9ec499fdcc23ff51410afeb8e,full_tactical_backfill_ok_tmax_fourcastnetgfs_d3e0e391382c,C:/Users/ahmad/Desktop/generalFiles/git/weather_markets/weather_data_extraction/bootstrap/hkg_tmax_elite_codex_bootstrap/hkg_tmax_elite_codex/data/_pipeline_internal/raw/gribstream_tactical_full_tactical_backfill_ok_tmax/fourcastnetgfs/run_window_utc=20250724_180000_to_20250806_180000/d3e0e391382cf7893ef5468573148d9ca62727e9ec499fdcc23ff51410afeb8e.ndjson.gz,api_fetched,0,,,
1148,fourcastnetgfs,completed,200,14,2025-08-07T18:00:00Z,2025-08-20T18:00:00Z,420,420,210,420,840,9.427,6771d660498528b62c2299c8814a05a809f32d5f47d2243cc9a898cfee0007e6,full_tactical_backfill_ok_tmax_fourcastnetgfs_6771d6604985,C:/Users/ahmad/Desktop/generalFiles/git/weather_markets/weather_data_extraction/bootstrap/hkg_tmax_elite_codex_bootstrap/hkg_tmax_elite_codex/data/_pipeline_internal/raw/gribstream_tactical_full_tactical_backfill_ok_tmax/fourcastnetgfs/run_window_utc=20250807_180000_to_20250820_180000/6771d660498528b62c2299c8814a05a809f32d5f47d2243cc9a898cfee0007e6.ndjson.gz,api_fetched,0,,,
1149,fourcastnetgfs,completed,200,14,2025-08-21T18:00:00Z,2025-09-03T18:00:00Z,840,840,420,420,840,13.94,372c500c3c7713b145c2bda2e200fb1b50ab722d0f64c49f28e68c4702670b10,full_tactical_backfill_ok_tmax_fourcastnetgfs_372c500c3c77,C:/Users/ahmad/Desktop/generalFiles/git/weather_markets/weather_data_extraction/bootstrap/hkg_tmax_elite_codex_bootstrap/hkg_tmax_elite_codex/data/_pipeline_internal/raw/gribstream_tactical_full_tactical_backfill_ok_tmax/fourcastnetgfs/run_window_utc=20250821_180000_to_20250903_180000/372c500c3c7713b145c2bda2e200fb1b50ab722d0f64c49f28e68c4702670b10.ndjson.gz,api_fetched,0,,,
1150,fourcastnetgfs,completed,200,14,2025-09-04T18:00:00Z,2025-09-17T18:00:00Z,840,840,420,420,840,11.229,4300c30067f8aff9f7a6c58be726b81efefc1dd1fb6107ff6e9996ba3830a2fc,full_tactical_backfill_ok_tmax_fourcastnetgfs_4300c30067f8,C:/Users/ahmad/Desktop/generalFiles/git/weather_markets/weather_data_extraction/bootstrap/hkg_tmax_elite_codex_bootstrap/hkg_tmax_elite_codex/data/_pipeline_internal/raw/gribstream_tactical_full_tactical_backfill_ok_tmax/fourcastnetgfs/run_window_utc=20250904_180000_to_20250917_180000/4300c30067f8aff9f7a6c58be726b81efefc1dd1fb6107ff6e9996ba3830a2fc.ndjson.gz,api_fetched,0,,,
1151,fourcastnetgfs,completed,200,14,2025-09-18T18:00:00Z,2025-10-01T18:00:00Z,780,780,390,420,840,12.125,6d8a2e9da903e559a5c94fe00a12744f49e7abfb6b69f0d5aa740314f8bd06a5,full_tactical_backfill_ok_tmax_fourcastnetgfs_6d8a2e9da903,C:/Users/ahmad/Desktop/generalFiles/git/weather_markets/weather_data_extraction/bootstrap/hkg_tmax_elite_codex_bootstrap/hkg_tmax_elite_codex/data/_pipeline_internal/raw/gribstream_tactical_full_tactical_backfill_ok_tmax/fourcastnetgfs/run_window_utc=20250918_180000_to_20251001_180000/6d8a2e9da903e559a5c94fe00a12744f49e7abfb6b69f0d5aa740314f8bd06a5.ndjson.gz,api_fetched,0,,,
1152,fourcastnetgfs,completed,200,14,2025-10-02T18:00:00Z,2025-10-15T18:00:00Z,840,840,420,420,840,11.921,d7fd1468d92c089e4fefe0cb73c8dc2b76f0d78a794c08fb84a169b789e6d2fc,full_tactical_backfill_ok_tmax_fourcastnetgfs_d7fd1468d92c,C:/Users/ahmad/Desktop/generalFiles/git/weather_markets/weather_data_extraction/bootstrap/hkg_tmax_elite_codex_bootstrap/hkg_tmax_elite_codex/data/_pipeline_internal/raw/gribstream_tactical_full_tactical_backfill_ok_tmax/fourcastnetgfs/run_window_utc=20251002_180000_to_20251015_180000/d7fd1468d92c089e4fefe0cb73c8dc2b76f0d78a794c08fb84a169b789e6d2fc.ndjson.gz,api_fetched,0,,,
1153,fourcastnetgfs,completed,200,14,2025-10-16T18:00:00Z,2025-10-29T18:00:00Z,840,840,420,420,840,11.308,10014e0150642437f26e6f99771f6dd0a214fdcb52428e53d294301d7f397fc2,full_tactical_backfill_ok_tmax_fourcastnetgfs_10014e015064,C:/Users/ahmad/Desktop/generalFiles/git/weather_markets/weather_data_extraction/bootstrap/hkg_tmax_elite_codex_bootstrap/hkg_tmax_elite_codex/data/_pipeline_internal/raw/gribstream_tactical_full_tactical_backfill_ok_tmax/fourcastnetgfs/run_window_utc=20251016_180000_to_20251029_180000/10014e0150642437f26e6f99771f6dd0a214fdcb52428e53d294301d7f397fc2.ndjson.gz,api_fetched,0,,,
1154,fourcastnetgfs,completed,200,14,2025-10-30T18:00:00Z,2025-11-12T18:00:00Z,840,840,420,420,840,11.681,953e578a78991428cbe215e79c5549a5bf69b7e1e6df8ca2230bb4cae834b744,full_tactical_backfill_ok_tmax_fourcastnetgfs_953e578a7899,C:/Users/ahmad/Desktop/generalFiles/git/weather_markets/weather_data_extraction/bootstrap/hkg_tmax_elite_codex_bootstrap/hkg_tmax_elite_codex/data/_pipeline_internal/raw/gribstream_tactical_full_tactical_backfill_ok_tmax/fourcastnetgfs/run_window_utc=20251030_180000_to_20251112_180000/953e578a78991428cbe215e79c5549a5bf69b7e1e6df8ca2230bb4cae834b744.ndjson.gz,api_fetched,0,,,
1155,fourcastnetgfs,completed,200,14,2025-11-13T18:00:00Z,2025-11-26T18:00:00Z,840,840,420,420,840,11.415,46a4c040855542868790bfe650e441a783b6bb4f2080dc1cca9be45a6a2c3ad6,full_tactical_backfill_ok_tmax_fourcastnetgfs_46a4c0408555,C:/Users/ahmad/Desktop/generalFiles/git/weather_markets/weather_data_extraction/bootstrap/hkg_tmax_elite_codex_bootstrap/hkg_tmax_elite_codex/data/_pipeline_internal/raw/gribstream_tactical_full_tactical_backfill_ok_tmax/fourcastnetgfs/run_window_utc=20251113_180000_to_20251126_180000/46a4c040855542868790bfe650e441a783b6bb4f2080dc1cca9be45a6a2c3ad6.ndjson.gz,api_fetched,0,,,
1156,fourcastnetgfs,completed,200,14,2025-11-27T18:00:00Z,2025-12-10T18:00:00Z,780,780,390,420,840,12.385,4a22eb9ca50d51ae63b2dc7d2219d0a14dd908d6021aace55a0fb4c1e09e03fb,full_tactical_backfill_ok_tmax_fourcastnetgfs_4a22eb9ca50d,C:/Users/ahmad/Desktop/generalFiles/git/weather_markets/weather_data_extraction/bootstrap/hkg_tmax_elite_codex_bootstrap/hkg_tmax_elite_codex/data/_pipeline_internal/raw/gribstream_tactical_full_tactical_backfill_ok_tmax/fourcastnetgfs/run_window_utc=20251127_180000_to_20251210_180000/4a22eb9ca50d51ae63b2dc7d2219d0a14dd908d6021aace55a0fb4c1e09e03fb.ndjson.gz,api_fetched,0,,,
1157,fourcastnetgfs,completed,200,14,2025-12-11T18:00:00Z,2025-12-24T18:00:00Z,780,780,390,420,840,10.694,64d034a5f35b99515645c2d0759f816f95afeb6a1abfa0a1851bd921632bb1fb,full_tactical_backfill_ok_tmax_fourcastnetgfs_64d034a5f35b,C:/Users/ahmad/Desktop/generalFiles/git/weather_markets/weather_data_extraction/bootstrap/hkg_tmax_elite_codex_bootstrap/hkg_tmax_elite_codex/data/_pipeline_internal/raw/gribstream_tactical_full_tactical_backfill_ok_tmax/fourcastnetgfs/run_window_utc=20251211_180000_to_20251224_180000/64d034a5f35b99515645c2d0759f816f95afeb6a1abfa0a1851bd921632bb1fb.ndjson.gz,api_fetched,0,,,
1158,fourcastnetgfs,completed,200,14,2025-12-25T18:00:00Z,2026-01-07T18:00:00Z,840,840,420,420,840,11.786,0802edc0ccae5e7dc17264e16b07ecf18ceacf04fc1277740f7441e5b22b9c03,full_tactical_backfill_ok_tmax_fourcastnetgfs_0802edc0ccae,C:/Users/ahmad/Desktop/generalFiles/git/weather_markets/weather_data_extraction/bootstrap/hkg_tmax_elite_codex_bootstrap/hkg_tmax_elite_codex/data/_pipeline_internal/raw/gribstream_tactical_full_tactical_backfill_ok_tmax/fourcastnetgfs/run_window_utc=20251225_180000_to_20260107_180000/0802edc0ccae5e7dc17264e16b07ecf18ceacf04fc1277740f7441e5b22b9c03.ndjson.gz,api_fetched,0,,,
1159,fourcastnetgfs,completed,200,14,2026-01-08T18:00:00Z,2026-01-21T18:00:00Z,780,780,390,420,840,11.349,8e1e5ee00b23f70ae9092bbaeebacf346799ab66f70d72eb9cd1dbc25acabf66,full_tactical_backfill_ok_tmax_fourcastnetgfs_8e1e5ee00b23,C:/Users/ahmad/Desktop/generalFiles/git/weather_markets/weather_data_extraction/bootstrap/hkg_tmax_elite_codex_bootstrap/hkg_tmax_elite_codex/data/_pipeline_internal/raw/gribstream_tactical_full_tactical_backfill_ok_tmax/fourcastnetgfs/run_window_utc=20260108_180000_to_20260121_180000/8e1e5ee00b23f70ae9092bbaeebacf346799ab66f70d72eb9cd1dbc25acabf66.ndjson.gz,api_fetched,0,,,
1160,fourcastnetgfs,completed,200,14,2026-01-22T18:00:00Z,2026-02-04T18:00:00Z,780,780,390,420,840,12.9,4d07bea47e07f9919cf6bc6c30e75112d0f118606d2d1cb9ed673ce8ae4f00d7,full_tactical_backfill_ok_tmax_fourcastnetgfs_4d07bea47e07,C:/Users/ahmad/Desktop/generalFiles/git/weather_markets/weather_data_extraction/bootstrap/hkg_tmax_elite_codex_bootstrap/hkg_tmax_elite_codex/data/_pipeline_internal/raw/gribstream_tactical_full_tactical_backfill_ok_tmax/fourcastnetgfs/run_window_utc=20260122_180000_to_20260204_180000/4d07bea47e07f9919cf6bc6c30e75112d0f118606d2d1cb9ed673ce8ae4f00d7.ndjson.gz,api_fetched,0,,,
1161,fourcastnetgfs,completed,200,14,2026-02-05T18:00:00Z,2026-02-18T18:00:00Z,840,840,420,420,840,11.216,297ce665e2fc9fccd4ab1cd73ffd93f04427bb5b4771fcf1bbd151fa7fe03ebf,full_tactical_backfill_ok_tmax_fourcastnetgfs_297ce665e2fc,C:/Users/ahmad/Desktop/generalFiles/git/weather_markets/weather_data_extraction/bootstrap/hkg_tmax_elite_codex_bootstrap/hkg_tmax_elite_codex/data/_pipeline_internal/raw/gribstream_tactical_full_tactical_backfill_ok_tmax/fourcastnetgfs/run_window_utc=20260205_180000_to_20260218_180000/297ce665e2fc9fccd4ab1cd73ffd93f04427bb5b4771fcf1bbd151fa7fe03ebf.ndjson.gz,api_fetched,0,,,
1162,fourcastnetgfs,completed_empty,200,10,2026-02-19T18:00:00Z,2026-02-28T18:00:00Z,0,0,0,300,600,6.059,656b249111d1b20b85c74405f7ac5f429d5d1e1613ed00e034fde2fd6894f46a,full_tactical_backfill_ok_tmax_fourcastnetgfs_656b249111d1,C:/Users/ahmad/Desktop/generalFiles/git/weather_markets/weather_data_extraction/bootstrap/hkg_tmax_elite_codex_bootstrap/hkg_tmax_elite_codex/data/_pipeline_internal/raw/gribstream_tactical_full_tactical_backfill_ok_tmax/fourcastnetgfs/run_window_utc=20260219_180000_to_20260228_180000/656b249111d1b20b85c74405f7ac5f429d5d1e1613ed00e034fde2fd6894f46a.ndjson.gz,api_fetched,0,,,
1163,nbmoc,completed_empty,200,7,2026-06-17T18:00:00Z,2026-06-23T18:00:00Z,0,0,0,140,105,11.892,1e5c990dd36a634904dda325ccc3ed3d8a32f359cb6836580f0d06d9094b6dfc,firstweek_nbmoc_1e5c990dd36a,C:/Users/ahmad/Desktop/generalFiles/git/weather_markets/weather_data_extraction/bootstrap/hkg_tmax_elite_codex_bootstrap/hkg_tmax_elite_codex/data/_pipeline_internal/raw/gribstream_tactical_full_tactical_backfill_ok_tmax/nbmoc/run_window_utc=20260617_180000_to_20260623_180000/1e5c990dd36a634904dda325ccc3ed3d8a32f359cb6836580f0d06d9094b6dfc.ndjson.gz,api_fetched,0,,,
