{
  "fill_values": {
    "asof_cos_hour": -1.0,
    "asof_sin_hour": 1.2246467991473535e-16,
    "cos_doy": -0.009202252152997253,
    "delta_mae_15": -0.0790210859831603,
    "delta_mae_60": -0.07872870553361605,
    "gfs_n_x_mean": 78.3112536713557,
    "is_weekend": 0.28569221260815825,
    "mae_gfs_15": 6.790634223877258,
    "mae_gfs_60": 6.795026690235352,
    "mae_nam_15": 6.869655309860418,
    "mae_nam_60": 6.873755395768967,
    "month": 6.457045735475896,
    "nam_n_x_mean": 78.37757074377609,
    "nx_wt_15": 78.3484863952082,
    "nx_wt_60": 78.34698427684124,
    "sin_doy": 0.008954716989572519,
    "w_gfs_15": 0.5007795819094214,
    "w_gfs_60": 0.5017666087849075,
    "w_nam_15": 0.49922041809057865,
    "w_nam_60": 0.4982333912150925
  },
  "method": "train_mean"
}