{
  "per_station_test": {
    "KMIA": {
      "bias": 0.01361918295899349,
      "mae": 1.5933614752008585,
      "p50_abs_error": 1.2520844871011363,
      "p90_abs_error": 3.430127057698298,
      "p95_abs_error": 4.229202023403452,
      "rmse": 2.177917896408701
    }
  },
  "test": {
    "bias": 0.01361918295899349,
    "mae": 1.5933614752008585,
    "p50_abs_error": 1.2520844871011363,
    "p90_abs_error": 3.430127057698298,
    "p95_abs_error": 4.229202023403452,
    "rmse": 2.177917896408701
  },
  "train": {
    "bias": 1.2262824075780566e-10,
    "mae": 1.1967471297553869,
    "p50_abs_error": 0.9006726918163324,
    "p90_abs_error": 2.6462251091432982,
    "p95_abs_error": 3.3350995981005256,
    "rmse": 1.6092132401436867
  },
  "validation": {
    "bias": -0.27162694456206976,
    "mae": 1.7137787506298774,
    "p50_abs_error": 1.4470377593634964,
    "p90_abs_error": 3.715735332292488,
    "p95_abs_error": 4.328684321446756,
    "rmse": 2.215241901482235
  }
}