run_id,model,sorted_by,source_file,rank,feature_index,feature,importance_gain,importance_split
20260226T081223Z,peak,gain,lgbm_20260226T081223Z_peak_feature_importance_gain.csv,1,493,climo_rem_delta_mean,1444623.435022354,1370
20260226T081223Z,peak,gain,lgbm_20260226T081223Z_peak_feature_importance_gain.csv,2,0,cutoff_minutes,960398.725309372,282
20260226T081223Z,peak,gain,lgbm_20260226T081223Z_peak_feature_importance_gain.csv,3,8,year,650382.4955673218,2280
20260226T081223Z,peak,gain,lgbm_20260226T081223Z_peak_feature_importance_gain.csv,4,42,temp_now_minus_tmax,401357.33677101135,699
20260226T081223Z,peak,gain,lgbm_20260226T081223Z_peak_feature_importance_gain.csv,5,487,tmax_yday,342087.77717876434,2544
20260226T081223Z,peak,gain,lgbm_20260226T081223Z_peak_feature_importance_gain.csv,6,9,year_norm,295016.61413764954,454
20260226T081223Z,peak,gain,lgbm_20260226T081223Z_peak_feature_importance_gain.csv,7,35,n_obs_sofar,285524.98457336426,308
20260226T081223Z,peak,gain,lgbm_20260226T081223Z_peak_feature_importance_gain.csv,8,41,temp_range_sofar,258681.08571529388,1327
20260226T081223Z,peak,gain,lgbm_20260226T081223Z_peak_feature_importance_gain.csv,9,491,tmax_std_30d,246283.04007530207,2810
20260226T081223Z,peak,gain,lgbm_20260226T081223Z_peak_feature_importance_gain.csv,10,7,doy_cos,208311.43996715543,1713
20260226T081223Z,peak,gain,lgbm_20260226T081223Z_peak_feature_importance_gain.csv,11,43,time_of_tmax_sofar_min,199631.75258541107,1370
20260226T081223Z,peak,gain,lgbm_20260226T081223Z_peak_feature_importance_gain.csv,12,489,tmax_mean_7d,188853.1755161285,2035
20260226T081223Z,peak,gain,lgbm_20260226T081223Z_peak_feature_importance_gain.csv,13,490,tmax_mean_30d,184356.89708328247,2087
20260226T081223Z,peak,gain,lgbm_20260226T081223Z_peak_feature_importance_gain.csv,14,488,tmax_2day,177756.91851520538,1745
20260226T081223Z,peak,gain,lgbm_20260226T081223Z_peak_feature_importance_gain.csv,15,39,tmax_sofar,170670.74769592285,1166
20260226T081223Z,peak,gain,lgbm_20260226T081223Z_peak_feature_importance_gain.csv,16,6,doy_sin,117164.15409851074,1529
20260226T081223Z,peak,gain,lgbm_20260226T081223Z_peak_feature_importance_gain.csv,17,5,doy,114718.08419895172,1234
20260226T081223Z,peak,gain,lgbm_20260226T081223Z_peak_feature_importance_gain.csv,18,45,dew_pt_max_sofar,114683.6590576172,967
20260226T081223Z,peak,gain,lgbm_20260226T081223Z_peak_feature_importance_gain.csv,19,49,pressure_min_sofar,105451.88910961153,1015
20260226T081223Z,peak,gain,lgbm_20260226T081223Z_peak_feature_importance_gain.csv,20,494,climo_rem_delta_std,102475.50661182404,1217
20260226T081223Z,peak,gain,lgbm_20260226T081223Z_peak_feature_importance_gain.csv,21,48,pressure_max_sofar,82196.49987602234,1109
20260226T081223Z,peak,gain,lgbm_20260226T081223Z_peak_feature_importance_gain.csv,22,425,KMMU_is_precip_hrly_missing_now,79932.40828323364,174
20260226T081223Z,peak,gain,lgbm_20260226T081223Z_peak_feature_importance_gain.csv,23,40,tmin_sofar,72553.44659519196,810
20260226T081223Z,peak,gain,lgbm_20260226T081223Z_peak_feature_importance_gain.csv,24,483,temp_inland_mean_minus_klga,71347.87710475922,421
20260226T081223Z,peak,gain,lgbm_20260226T081223Z_peak_feature_importance_gain.csv,25,262,temp_drop_from_peak,70388.05906391144,129
20260226T081223Z,peak,gain,lgbm_20260226T081223Z_peak_feature_importance_gain.csv,26,441,temp_diff_KTEB,70116.04858207703,332
20260226T081223Z,peak,gain,lgbm_20260226T081223Z_peak_feature_importance_gain.csv,27,37,coverage_frac_temp,67032.79570102692,675
20260226T081223Z,peak,gain,lgbm_20260226T081223Z_peak_feature_importance_gain.csv,28,44,mins_since_tmax,64831.63554382324,254
20260226T081223Z,peak,gain,lgbm_20260226T081223Z_peak_feature_importance_gain.csv,29,451,temp_diff_KISP,64345.58973121643,311
20260226T081223Z,peak,gain,lgbm_20260226T081223Z_peak_feature_importance_gain.csv,30,52,wspd_min_sofar,60659.20298480988,738
20260226T081223Z,peak,gain,lgbm_20260226T081223Z_peak_feature_importance_gain.csv,31,47,dew_pt_range_sofar,59217.14257526398,770
20260226T081223Z,peak,gain,lgbm_20260226T081223Z_peak_feature_importance_gain.csv,32,53,wspd_range_sofar,58472.48498725891,635
20260226T081223Z,peak,gain,lgbm_20260226T081223Z_peak_feature_importance_gain.csv,33,492,index_x,54568.3214597702,659
20260226T081223Z,peak,gain,lgbm_20260226T081223Z_peak_feature_importance_gain.csv,34,431,temp_diff_KJFK,53164.7762594223,332
20260226T081223Z,peak,gain,lgbm_20260226T081223Z_peak_feature_importance_gain.csv,35,50,pressure_range_sofar,53148.69875144959,885
20260226T081223Z,peak,gain,lgbm_20260226T081223Z_peak_feature_importance_gain.csv,36,322,KTEB_wspd_now,48598.7223739624,120
20260226T081223Z,peak,gain,lgbm_20260226T081223Z_peak_feature_importance_gain.csv,37,436,temp_diff_KEWR,48312.01476383209,348
20260226T081223Z,peak,gain,lgbm_20260226T081223Z_peak_feature_importance_gain.csv,38,46,dew_pt_min_sofar,47319.8260679245,543
20260226T081223Z,peak,gain,lgbm_20260226T081223Z_peak_feature_importance_gain.csv,39,446,temp_diff_KHPN,46333.58784675598,336
20260226T081223Z,peak,gain,lgbm_20260226T081223Z_peak_feature_importance_gain.csv,40,54,gust_max_sofar,42843.05852985382,464
20260226T081223Z,peak,gain,lgbm_20260226T081223Z_peak_feature_importance_gain.csv,41,224,temp_max_360,42747.559492111206,295
20260226T081223Z,peak,gain,lgbm_20260226T081223Z_peak_feature_importance_gain.csv,42,51,wspd_max_sofar,42556.75575256348,565
20260226T081223Z,peak,gain,lgbm_20260226T081223Z_peak_feature_importance_gain.csv,43,55,gust_min_sofar,38378.5096244812,514
20260226T081223Z,peak,gain,lgbm_20260226T081223Z_peak_feature_importance_gain.csv,44,482,pressure_coastal_minus_inland,37705.76532936096,520
20260226T081223Z,peak,gain,lgbm_20260226T081223Z_peak_feature_importance_gain.csv,45,458,pressure_diff_KBDR,36162.39028453827,280
20260226T081223Z,peak,gain,lgbm_20260226T081223Z_peak_feature_importance_gain.csv,46,1,cutoff_hour,36152.8657245636,53
20260226T081223Z,peak,gain,lgbm_20260226T081223Z_peak_feature_importance_gain.csv,47,276,KJFK_wdir_now,34523.165722846985,256
20260226T081223Z,peak,gain,lgbm_20260226T081223Z_peak_feature_importance_gain.csv,48,239,rh_min_360,32514.174550056458,489
20260226T081223Z,peak,gain,lgbm_20260226T081223Z_peak_feature_importance_gain.csv,49,243,pressure_prev_360,32276.417775154117,425
20260226T081223Z,peak,gain,lgbm_20260226T081223Z_peak_feature_importance_gain.csv,50,247,pressure_min_360,31258.60568332672,209
20260226T081223Z,peak,gain,lgbm_20260226T081223Z_peak_feature_importance_gain.csv,51,136,wspd_max_60,30983.06853961945,54
20260226T081223Z,peak,gain,lgbm_20260226T081223Z_peak_feature_importance_gain.csv,52,58,precip_frac_sofar,30747.672421455383,377
20260226T081223Z,peak,gain,lgbm_20260226T081223Z_peak_feature_importance_gain.csv,53,250,pressure_std_diff_360,30549.703866004944,544
20260226T081223Z,peak,gain,lgbm_20260226T081223Z_peak_feature_importance_gain.csv,54,227,dew_pt_prev_360,30266.886205673218,246
20260226T081223Z,peak,gain,lgbm_20260226T081223Z_peak_feature_importance_gain.csv,55,33,wdir_cos,29384.37153434753,247
20260226T081223Z,peak,gain,lgbm_20260226T081223Z_peak_feature_importance_gain.csv,56,467,nbr_temp_min,28688.86700153351,195
20260226T081223Z,peak,gain,lgbm_20260226T081223Z_peak_feature_importance_gain.csv,57,240,rh_max_360,28156.56142807007,358
20260226T081223Z,peak,gain,lgbm_20260226T081223Z_peak_feature_importance_gain.csv,58,140,temp_delta_120,27285.66727924347,185
20260226T081223Z,peak,gain,lgbm_20260226T081223Z_peak_feature_importance_gain.csv,59,32,wdir_sin,27257.65863418579,185
20260226T081223Z,peak,gain,lgbm_20260226T081223Z_peak_feature_importance_gain.csv,60,344,KHPN_vis_now,26944.3641204834,252
20260226T081223Z,peak,gain,lgbm_20260226T081223Z_peak_feature_importance_gain.csv,61,244,pressure_delta_360,25478.736123085026,426
20260226T081223Z,peak,gain,lgbm_20260226T081223Z_peak_feature_importance_gain.csv,62,236,rh_delta_360,25391.68715286255,255
20260226T081223Z,peak,gain,lgbm_20260226T081223Z_peak_feature_importance_gain.csv,63,414,KMMU_pressure_now,25276.34279060364,325
20260226T081223Z,peak,gain,lgbm_20260226T081223Z_peak_feature_importance_gain.csv,64,307,KEWR_wdir_sin,24263.19263935089,280
20260226T081223Z,peak,gain,lgbm_20260226T081223Z_peak_feature_importance_gain.csv,65,258,wspd_std_diff_360,24166.82112121582,530
20260226T081223Z,peak,gain,lgbm_20260226T081223Z_peak_feature_importance_gain.csv,66,11,is_dst,23818.12127399445,88
20260226T081223Z,peak,gain,lgbm_20260226T081223Z_peak_feature_importance_gain.csv,67,234,dew_pt_std_diff_360,23707.142818450928,462
20260226T081223Z,peak,gain,lgbm_20260226T081223Z_peak_feature_importance_gain.csv,68,56,gust_range_sofar,23703.42524909973,394
20260226T081223Z,peak,gain,lgbm_20260226T081223Z_peak_feature_importance_gain.csv,69,481,dewpt_coastal_minus_inland,23255.93142604828,486
20260226T081223Z,peak,gain,lgbm_20260226T081223Z_peak_feature_importance_gain.csv,70,366,KISP_pressure_now,23109.93389892578,234
20260226T081223Z,peak,gain,lgbm_20260226T081223Z_peak_feature_importance_gain.csv,71,254,wspd_std_360,22696.73795032501,351
20260226T081223Z,peak,gain,lgbm_20260226T081223Z_peak_feature_importance_gain.csv,72,179,temp_prev_180,22495.0081949234,165
20260226T081223Z,peak,gain,lgbm_20260226T081223Z_peak_feature_importance_gain.csv,73,300,KEWR_wdir_now,22445.335097312927,241
20260226T081223Z,peak,gain,lgbm_20260226T081223Z_peak_feature_importance_gain.csv,74,407,KMMU_temp_now,22334.733779907227,188
20260226T081223Z,peak,gain,lgbm_20260226T081223Z_peak_feature_importance_gain.csv,75,223,temp_min_360,22298.790692329407,215
20260226T081223Z,peak,gain,lgbm_20260226T081223Z_peak_feature_importance_gain.csv,76,207,pressure_min_180,22267.68529605865,115
20260226T081223Z,peak,gain,lgbm_20260226T081223Z_peak_feature_importance_gain.csv,77,96,wspd_max_30,21373.178762435917,12
20260226T081223Z,peak,gain,lgbm_20260226T081223Z_peak_feature_importance_gain.csv,78,470,nbr_dewpt_mean,21207.561491012573,231
20260226T081223Z,peak,gain,lgbm_20260226T081223Z_peak_feature_importance_gain.csv,79,230,dew_pt_std_360,21094.801018714905,376
20260226T081223Z,peak,gain,lgbm_20260226T081223Z_peak_feature_importance_gain.csv,80,248,pressure_max_360,20968.107347488403,273
20260226T081223Z,peak,gain,lgbm_20260226T081223Z_peak_feature_importance_gain.csv,81,25,wdir_now,20938.96249485016,227
20260226T081223Z,peak,gain,lgbm_20260226T081223Z_peak_feature_importance_gain.csv,82,228,dew_pt_delta_360,20787.33390426636,295
20260226T081223Z,peak,gain,lgbm_20260226T081223Z_peak_feature_importance_gain.csv,83,433,pressure_diff_KJFK,20271.653955459595,228
20260226T081223Z,peak,gain,lgbm_20260226T081223Z_peak_feature_importance_gain.csv,84,235,rh_prev_360,19733.4147939682,332
20260226T081223Z,peak,gain,lgbm_20260226T081223Z_peak_feature_importance_gain.csv,85,324,KTEB_wdir_now,19694.15578174591,197
20260226T081223Z,peak,gain,lgbm_20260226T081223Z_peak_feature_importance_gain.csv,86,226,temp_std_diff_360,19478.185760498047,365
20260226T081223Z,peak,gain,lgbm_20260226T081223Z_peak_feature_importance_gain.csv,87,480,coastal_minus_inland_temp,19338.24960041046,423
20260226T081223Z,peak,gain,lgbm_20260226T081223Z_peak_feature_importance_gain.csv,88,242,rh_std_diff_360,19304.98229598999,430
20260226T081223Z,peak,gain,lgbm_20260226T081223Z_peak_feature_importance_gain.csv,89,379,KISP_wdir_sin,19297.80032157898,219
20260226T081223Z,peak,gain,lgbm_20260226T081223Z_peak_feature_importance_gain.csv,90,252,wspd_delta_360,19102.93915271759,167
20260226T081223Z,peak,gain,lgbm_20260226T081223Z_peak_feature_importance_gain.csv,91,222,temp_std_360,19068.73422718048,369
20260226T081223Z,peak,gain,lgbm_20260226T081223Z_peak_feature_importance_gain.csv,92,257,wspd_range_360,18624.084362983704,143
20260226T081223Z,peak,gain,lgbm_20260226T081223Z_peak_feature_importance_gain.csv,93,453,pressure_diff_KISP,18588.519176483154,306
20260226T081223Z,peak,gain,lgbm_20260226T081223Z_peak_feature_importance_gain.csv,94,100,temp_delta_60,18401.716395378116,74
20260226T081223Z,peak,gain,lgbm_20260226T081223Z_peak_feature_importance_gain.csv,95,283,KJFK_wdir_sin,18226.93651103973,280
20260226T081223Z,peak,gain,lgbm_20260226T081223Z_peak_feature_importance_gain.csv,96,284,KJFK_wdir_cos,18133.817640304565,219
20260226T081223Z,peak,gain,lgbm_20260226T081223Z_peak_feature_importance_gain.csv,97,232,dew_pt_max_360,18066.65587902069,201
20260226T081223Z,peak,gain,lgbm_20260226T081223Z_peak_feature_importance_gain.csv,98,410,KMMU_dewpt_now,17446.98525428772,244
20260226T081223Z,peak,gain,lgbm_20260226T081223Z_peak_feature_importance_gain.csv,99,478,temp_coastal_mean,17236.105098724365,204
20260226T081223Z,peak,gain,lgbm_20260226T081223Z_peak_feature_importance_gain.csv,100,180,temp_delta_180,17149.619505882263,216
20260226T081223Z,peak,gain,lgbm_20260226T081223Z_peak_feature_importance_gain.csv,101,36,n_obs_temp,16839.961681365967,186
20260226T081223Z,peak,gain,lgbm_20260226T081223Z_peak_feature_importance_gain.csv,102,372,KISP_wdir_now,16811.059408187866,269
20260226T081223Z,peak,gain,lgbm_20260226T081223Z_peak_feature_importance_gain.csv,103,246,pressure_std_360,16516.019505500793,315
20260226T081223Z,peak,gain,lgbm_20260226T081223Z_peak_feature_importance_gain.csv,104,182,temp_std_180,16503.37746143341,209
20260226T081223Z,peak,gain,lgbm_20260226T081223Z_peak_feature_importance_gain.csv,105,355,KHPN_wdir_sin,16420.025588035583,188
20260226T081223Z,peak,gain,lgbm_20260226T081223Z_peak_feature_importance_gain.csv,106,403,KBDR_wdir_sin,16369.26111125946,250
20260226T081223Z,peak,gain,lgbm_20260226T081223Z_peak_feature_importance_gain.csv,107,390,KBDR_pressure_now,16352.530895233154,228
20260226T081223Z,peak,gain,lgbm_20260226T081223Z_peak_feature_importance_gain.csv,108,219,temp_prev_360,16068.330976486206,184
20260226T081223Z,peak,gain,lgbm_20260226T081223Z_peak_feature_importance_gain.csv,109,461,temp_diff_KMMU,16006.463768005371,233
20260226T081223Z,peak,gain,lgbm_20260226T081223Z_peak_feature_importance_gain.csv,110,362,KISP_dewpt_now,15938.781262397766,196
20260226T081223Z,peak,gain,lgbm_20260226T081223Z_peak_feature_importance_gain.csv,111,416,KMMU_vis_now,15857.35511302948,239
20260226T081223Z,peak,gain,lgbm_20260226T081223Z_peak_feature_importance_gain.csv,112,256,wspd_max_360,15754.073315620422,237
20260226T081223Z,peak,gain,lgbm_20260226T081223Z_peak_feature_importance_gain.csv,113,184,temp_max_180,15742.63771533966,124
20260226T081223Z,peak,gain,lgbm_20260226T081223Z_peak_feature_importance_gain.csv,114,412,KMMU_rh_now,15182.773580551147,289
20260226T081223Z,peak,gain,lgbm_20260226T081223Z_peak_feature_importance_gain.csv,115,183,temp_min_180,14894.250081062317,146
20260226T081223Z,peak,gain,lgbm_20260226T081223Z_peak_feature_importance_gain.csv,116,383,KBDR_temp_now,14769.107082366943,182
20260226T081223Z,peak,gain,lgbm_20260226T081223Z_peak_feature_importance_gain.csv,117,368,KISP_vis_now,14740.924876213074,171
20260226T081223Z,peak,gain,lgbm_20260226T081223Z_peak_feature_importance_gain.csv,118,427,KMMU_wdir_sin,14591.781023979189,200
20260226T081223Z,peak,gain,lgbm_20260226T081223Z_peak_feature_importance_gain.csv,119,314,KTEB_dewpt_now,14568.52818775177,210
20260226T081223Z,peak,gain,lgbm_20260226T081223Z_peak_feature_importance_gain.csv,120,331,KTEB_wdir_sin,14541.665888786316,234
20260226T081223Z,peak,gain,lgbm_20260226T081223Z_peak_feature_importance_gain.csv,121,388,KBDR_rh_now,14257.57718372345,239
20260226T081223Z,peak,gain,lgbm_20260226T081223Z_peak_feature_importance_gain.csv,122,386,KBDR_dewpt_now,14250.870295524595,180
20260226T081223Z,peak,gain,lgbm_20260226T081223Z_peak_feature_importance_gain.csv,123,203,pressure_prev_180,14168.237601280212,150
20260226T081223Z,peak,gain,lgbm_20260226T081223Z_peak_feature_importance_gain.csv,124,255,wspd_min_360,14041.785610198976,278
20260226T081223Z,peak,gain,lgbm_20260226T081223Z_peak_feature_importance_gain.csv,125,340,KHPN_rh_now,13967.019408226011,223
20260226T081223Z,peak,gain,lgbm_20260226T081223Z_peak_feature_importance_gain.csv,126,380,KISP_wdir_cos,13873.1680727005,199
20260226T081223Z,peak,gain,lgbm_20260226T081223Z_peak_feature_importance_gain.csv,127,332,KTEB_wdir_cos,13645.067756652832,233
20260226T081223Z,peak,gain,lgbm_20260226T081223Z_peak_feature_importance_gain.csv,128,290,KEWR_dewpt_now,13610.638095855713,171
20260226T081223Z,peak,gain,lgbm_20260226T081223Z_peak_feature_importance_gain.csv,129,225,temp_range_360,13282.850482940674,158
20260226T081223Z,peak,gain,lgbm_20260226T081223Z_peak_feature_importance_gain.csv,130,163,pressure_prev_120,13255.94284439087,111
20260226T081223Z,peak,gain,lgbm_20260226T081223Z_peak_feature_importance_gain.csv,131,268,KJFK_rh_now,13170.300292015076,231
20260226T081223Z,peak,gain,lgbm_20260226T081223Z_peak_feature_importance_gain.csv,132,484,temp_jfk_minus_klga,12640.081182479858,75
20260226T081223Z,peak,gain,lgbm_20260226T081223Z_peak_feature_importance_gain.csv,133,471,nbr_dewpt_min,12608.784735679626,178
20260226T081223Z,peak,gain,lgbm_20260226T081223Z_peak_feature_importance_gain.csv,134,448,pressure_diff_KHPN,12584.501923561096,238
20260226T081223Z,peak,gain,lgbm_20260226T081223Z_peak_feature_importance_gain.csv,135,199,rh_min_180,12526.685096740724,200
20260226T081223Z,peak,gain,lgbm_20260226T081223Z_peak_feature_importance_gain.csv,136,266,KJFK_dewpt_now,12514.800575256348,183
20260226T081223Z,peak,gain,lgbm_20260226T081223Z_peak_feature_importance_gain.csv,137,139,temp_prev_120,12489.51351070404,100
20260226T081223Z,peak,gain,lgbm_20260226T081223Z_peak_feature_importance_gain.csv,138,364,KISP_rh_now,12461.893818855286,233
20260226T081223Z,peak,gain,lgbm_20260226T081223Z_peak_feature_importance_gain.csv,139,477,nbr_pressure_range,12204.32450389862,245
20260226T081223Z,peak,gain,lgbm_20260226T081223Z_peak_feature_importance_gain.csv,140,316,KTEB_rh_now,12035.156502723694,218
20260226T081223Z,peak,gain,lgbm_20260226T081223Z_peak_feature_importance_gain.csv,141,31,dewpoint_depression_now,12007.83639907837,106
20260226T081223Z,peak,gain,lgbm_20260226T081223Z_peak_feature_importance_gain.csv,142,456,temp_diff_KBDR,11956.876154899595,276
20260226T081223Z,peak,gain,lgbm_20260226T081223Z_peak_feature_importance_gain.csv,143,294,KEWR_pressure_now,11921.234972953796,110
20260226T081223Z,peak,gain,lgbm_20260226T081223Z_peak_feature_importance_gain.csv,144,435,dewpoint_depression_diff_KJFK,11901.146660804749,192
20260226T081223Z,peak,gain,lgbm_20260226T081223Z_peak_feature_importance_gain.csv,145,298,KEWR_wspd_now,11859.492378234863,151
20260226T081223Z,peak,gain,lgbm_20260226T081223Z_peak_feature_importance_gain.csv,146,442,dewpt_diff_KTEB,11633.81584072113,256
20260226T081223Z,peak,gain,lgbm_20260226T081223Z_peak_feature_importance_gain.csv,147,356,KHPN_wdir_cos,11603.201701164246,205
20260226T081223Z,peak,gain,lgbm_20260226T081223Z_peak_feature_importance_gain.csv,148,311,KTEB_temp_now,11500.455002784727,143
20260226T081223Z,peak,gain,lgbm_20260226T081223Z_peak_feature_importance_gain.csv,149,342,KHPN_pressure_now,11441.19427394867,168
20260226T081223Z,peak,gain,lgbm_20260226T081223Z_peak_feature_importance_gain.csv,150,296,KEWR_vis_now,11398.98513031006,122
20260226T081223Z,peak,gain,lgbm_20260226T081223Z_peak_feature_importance_gain.csv,151,238,rh_std_360,11343.529734611511,267
20260226T081223Z,peak,gain,lgbm_20260226T081223Z_peak_feature_importance_gain.csv,152,10,is_weekend,11336.658224105837,187
20260226T081223Z,peak,gain,lgbm_20260226T081223Z_peak_feature_importance_gain.csv,153,338,KHPN_dewpt_now,11259.680130958555,146
20260226T081223Z,peak,gain,lgbm_20260226T081223Z_peak_feature_importance_gain.csv,154,359,KISP_temp_now,11211.227802276611,154
20260226T081223Z,peak,gain,lgbm_20260226T081223Z_peak_feature_importance_gain.csv,155,231,dew_pt_min_360,11201.856412887571,157
20260226T081223Z,peak,gain,lgbm_20260226T081223Z_peak_feature_importance_gain.csv,156,452,dewpt_diff_KISP,11128.232526779177,225
20260226T081223Z,peak,gain,lgbm_20260226T081223Z_peak_feature_importance_gain.csv,157,204,pressure_delta_180,11085.192764282228,189
20260226T081223Z,peak,gain,lgbm_20260226T081223Z_peak_feature_importance_gain.csv,158,472,nbr_dewpt_max,10880.879913330078,168
20260226T081223Z,peak,gain,lgbm_20260226T081223Z_peak_feature_importance_gain.csv,159,3,cutoff_sin,10865.322991371157,26
20260226T081223Z,peak,gain,lgbm_20260226T081223Z_peak_feature_importance_gain.csv,160,220,temp_delta_360,10762.29386138916,196
20260226T081223Z,peak,gain,lgbm_20260226T081223Z_peak_feature_importance_gain.csv,161,348,KHPN_wdir_now,10726.235970497131,192
20260226T081223Z,peak,gain,lgbm_20260226T081223Z_peak_feature_importance_gain.csv,162,127,pressure_min_60,10691.769035339355,44
20260226T081223Z,peak,gain,lgbm_20260226T081223Z_peak_feature_importance_gain.csv,163,473,nbr_dewpt_range,10558.622311592102,233
20260226T081223Z,peak,gain,lgbm_20260226T081223Z_peak_feature_importance_gain.csv,164,216,wspd_max_180,10544.12127494812,141
20260226T081223Z,peak,gain,lgbm_20260226T081223Z_peak_feature_importance_gain.csv,165,463,pressure_diff_KMMU,10510.251091003418,223
20260226T081223Z,peak,gain,lgbm_20260226T081223Z_peak_feature_importance_gain.csv,166,308,KEWR_wdir_cos,10308.914630889893,190
20260226T081223Z,peak,gain,lgbm_20260226T081223Z_peak_feature_importance_gain.csv,167,318,KTEB_pressure_now,10253.129334449768,161
20260226T081223Z,peak,gain,lgbm_20260226T081223Z_peak_feature_importance_gain.csv,168,474,nbr_pressure_mean,10215.827753067017,136
20260226T081223Z,peak,gain,lgbm_20260226T081223Z_peak_feature_importance_gain.csv,169,292,KEWR_rh_now,10053.569059371948,188
20260226T081223Z,peak,gain,lgbm_20260226T081223Z_peak_feature_importance_gain.csv,170,270,KJFK_pressure_now,9976.553233146667,117
20260226T081223Z,peak,gain,lgbm_20260226T081223Z_peak_feature_importance_gain.csv,171,263,KJFK_temp_now,9900.813592910768,151
20260226T081223Z,peak,gain,lgbm_20260226T081223Z_peak_feature_importance_gain.csv,172,396,KBDR_wdir_now,9861.772805213928,184
20260226T081223Z,peak,gain,lgbm_20260226T081223Z_peak_feature_importance_gain.csv,173,462,dewpt_diff_KMMU,9845.45256137848,195
20260226T081223Z,peak,gain,lgbm_20260226T081223Z_peak_feature_importance_gain.csv,174,465,dewpoint_depression_diff_KMMU,9766.698018074036,206
20260226T081223Z,peak,gain,lgbm_20260226T081223Z_peak_feature_importance_gain.csv,175,479,temp_inland_mean,9728.593782424929,157
20260226T081223Z,peak,gain,lgbm_20260226T081223Z_peak_feature_importance_gain.csv,176,392,KBDR_vis_now,9682.872599601746,129
20260226T081223Z,peak,gain,lgbm_20260226T081223Z_peak_feature_importance_gain.csv,177,378,KISP_dewpoint_depression_now,9545.110708236694,144
20260226T081223Z,peak,gain,lgbm_20260226T081223Z_peak_feature_importance_gain.csv,178,187,dew_pt_prev_180,9404.67842388153,103
20260226T081223Z,peak,gain,lgbm_20260226T081223Z_peak_feature_importance_gain.csv,179,335,KHPN_temp_now,9263.53023815155,122
20260226T081223Z,peak,gain,lgbm_20260226T081223Z_peak_feature_importance_gain.csv,180,455,dewpoint_depression_diff_KISP,9242.360746383669,179
20260226T081223Z,peak,gain,lgbm_20260226T081223Z_peak_feature_importance_gain.csv,181,420,KMMU_wdir_now,9240.75395488739,192
20260226T081223Z,peak,gain,lgbm_20260226T081223Z_peak_feature_importance_gain.csv,182,329,KTEB_is_precip_hrly_missing_now,9103.524871826172,60
20260226T081223Z,peak,gain,lgbm_20260226T081223Z_peak_feature_importance_gain.csv,183,404,KBDR_wdir_cos,9096.88131904602,183
20260226T081223Z,peak,gain,lgbm_20260226T081223Z_peak_feature_importance_gain.csv,184,200,rh_max_180,9046.830631256104,159
20260226T081223Z,peak,gain,lgbm_20260226T081223Z_peak_feature_importance_gain.csv,185,469,nbr_temp_range,8941.918194770813,185
20260226T081223Z,peak,gain,lgbm_20260226T081223Z_peak_feature_importance_gain.csv,186,460,dewpoint_depression_diff_KBDR,8879.41020488739,190
20260226T081223Z,peak,gain,lgbm_20260226T081223Z_peak_feature_importance_gain.csv,187,450,dewpoint_depression_diff_KHPN,8855.244134902954,165
20260226T081223Z,peak,gain,lgbm_20260226T081223Z_peak_feature_importance_gain.csv,188,428,KMMU_wdir_cos,8780.541550636292,200
20260226T081223Z,peak,gain,lgbm_20260226T081223Z_peak_feature_importance_gain.csv,189,432,dewpt_diff_KJFK,8740.164547920227,189
20260226T081223Z,peak,gain,lgbm_20260226T081223Z_peak_feature_importance_gain.csv,190,195,rh_prev_180,8605.215606689453,175
20260226T081223Z,peak,gain,lgbm_20260226T081223Z_peak_feature_importance_gain.csv,191,208,pressure_max_180,8600.048468589783,96
20260226T081223Z,peak,gain,lgbm_20260226T081223Z_peak_feature_importance_gain.csv,192,330,KTEB_dewpoint_depression_now,8597.218482971191,170
20260226T081223Z,peak,gain,lgbm_20260226T081223Z_peak_feature_importance_gain.csv,193,142,temp_std_120,8567.457264900208,113
20260226T081223Z,peak,gain,lgbm_20260226T081223Z_peak_feature_importance_gain.csv,194,457,dewpt_diff_KBDR,8529.589456558228,184
20260226T081223Z,peak,gain,lgbm_20260226T081223Z_peak_feature_importance_gain.csv,195,188,dew_pt_delta_180,8404.680249214172,116
20260226T081223Z,peak,gain,lgbm_20260226T081223Z_peak_feature_importance_gain.csv,196,124,pressure_delta_60,8402.729803085327,105
20260226T081223Z,peak,gain,lgbm_20260226T081223Z_peak_feature_importance_gain.csv,197,429,KMMU_gust_factor,8387.191195487976,182
20260226T081223Z,peak,gain,lgbm_20260226T081223Z_peak_feature_importance_gain.csv,198,287,KEWR_temp_now,7818.721250534058,116
20260226T081223Z,peak,gain,lgbm_20260226T081223Z_peak_feature_importance_gain.csv,199,426,KMMU_dewpoint_depression_now,7578.75547504425,164
20260226T081223Z,peak,gain,lgbm_20260226T081223Z_peak_feature_importance_gain.csv,200,445,dewpoint_depression_diff_KTEB,7559.2422132492065,176
20260226T081223Z,peak,gain,lgbm_20260226T081223Z_peak_feature_importance_gain.csv,201,468,nbr_temp_max,7391.388993263245,90
20260226T081223Z,peak,gain,lgbm_20260226T081223Z_peak_feature_importance_gain.csv,202,437,dewpt_diff_KEWR,7366.754841804504,196
20260226T081223Z,peak,gain,lgbm_20260226T081223Z_peak_feature_importance_gain.csv,203,251,wspd_prev_360,7363.977883338928,153
20260226T081223Z,peak,gain,lgbm_20260226T081223Z_peak_feature_importance_gain.csv,204,249,pressure_range_360,7326.991285324097,137
20260226T081223Z,peak,gain,lgbm_20260226T081223Z_peak_feature_importance_gain.csv,205,476,nbr_pressure_max,7325.535280227661,102
20260226T081223Z,peak,gain,lgbm_20260226T081223Z_peak_feature_importance_gain.csv,206,464,wspd_diff_KMMU,7222.119959831238,117
20260226T081223Z,peak,gain,lgbm_20260226T081223Z_peak_feature_importance_gain.csv,207,272,KJFK_vis_now,7216.057786941528,80
20260226T081223Z,peak,gain,lgbm_20260226T081223Z_peak_feature_importance_gain.csv,208,459,wspd_diff_KBDR,7169.928296089172,144
20260226T081223Z,peak,gain,lgbm_20260226T081223Z_peak_feature_importance_gain.csv,209,196,rh_delta_180,7169.550019264221,150
20260226T081223Z,peak,gain,lgbm_20260226T081223Z_peak_feature_importance_gain.csv,210,346,KHPN_wspd_now,7139.012746810913,118
20260226T081223Z,peak,gain,lgbm_20260226T081223Z_peak_feature_importance_gain.csv,211,306,KEWR_dewpoint_depression_now,7013.51589679718,120
20260226T081223Z,peak,gain,lgbm_20260226T081223Z_peak_feature_importance_gain.csv,212,440,dewpoint_depression_diff_KEWR,6962.251330375671,149
20260226T081223Z,peak,gain,lgbm_20260226T081223Z_peak_feature_importance_gain.csv,213,176,wspd_max_120,6919.710609436035,83
20260226T081223Z,peak,gain,lgbm_20260226T081223Z_peak_feature_importance_gain.csv,214,215,wspd_min_180,6855.880233764648,144
20260226T081223Z,peak,gain,lgbm_20260226T081223Z_peak_feature_importance_gain.csv,215,475,nbr_pressure_min,6826.14877986908,86
20260226T081223Z,peak,gain,lgbm_20260226T081223Z_peak_feature_importance_gain.csv,216,466,nbr_temp_mean,6741.749799728394,109
20260226T081223Z,peak,gain,lgbm_20260226T081223Z_peak_feature_importance_gain.csv,217,253,wspd_slope_360,6739.436075210571,33
20260226T081223Z,peak,gain,lgbm_20260226T081223Z_peak_feature_importance_gain.csv,218,447,dewpt_diff_KHPN,6736.201993942261,160
20260226T081223Z,peak,gain,lgbm_20260226T081223Z_peak_feature_importance_gain.csv,219,405,KBDR_gust_factor,6642.803749084473,144
20260226T081223Z,peak,gain,lgbm_20260226T081223Z_peak_feature_importance_gain.csv,220,282,KJFK_dewpoint_depression_now,6612.910388946533,112
20260226T081223Z,peak,gain,lgbm_20260226T081223Z_peak_feature_importance_gain.csv,221,144,temp_max_120,6552.893624305725,67
20260226T081223Z,peak,gain,lgbm_20260226T081223Z_peak_feature_importance_gain.csv,222,164,pressure_delta_120,6515.216830253601,108
20260226T081223Z,peak,gain,lgbm_20260226T081223Z_peak_feature_importance_gain.csv,223,418,KMMU_wspd_now,6472.378991127014,153
20260226T081223Z,peak,gain,lgbm_20260226T081223Z_peak_feature_importance_gain.csv,224,402,KBDR_dewpoint_depression_now,6451.708587646484,133
20260226T081223Z,peak,gain,lgbm_20260226T081223Z_peak_feature_importance_gain.csv,225,191,dew_pt_min_180,6354.011820793152,110
20260226T081223Z,peak,gain,lgbm_20260226T081223Z_peak_feature_importance_gain.csv,226,159,rh_min_120,6336.010509490967,99
20260226T081223Z,peak,gain,lgbm_20260226T081223Z_peak_feature_importance_gain.csv,227,274,KJFK_wspd_now,6307.486813545227,142
20260226T081223Z,peak,gain,lgbm_20260226T081223Z_peak_feature_importance_gain.csv,228,245,pressure_slope_360,6285.002585411072,91
20260226T081223Z,peak,gain,lgbm_20260226T081223Z_peak_feature_importance_gain.csv,229,354,KHPN_dewpoint_depression_now,6272.262173652649,126
20260226T081223Z,peak,gain,lgbm_20260226T081223Z_peak_feature_importance_gain.csv,230,115,rh_prev_60,6219.917692184448,96
20260226T081223Z,peak,gain,lgbm_20260226T081223Z_peak_feature_importance_gain.csv,231,186,temp_std_diff_180,6182.938601493835,138
20260226T081223Z,peak,gain,lgbm_20260226T081223Z_peak_feature_importance_gain.csv,232,143,temp_min_120,6088.082045555115,65
20260226T081223Z,peak,gain,lgbm_20260226T081223Z_peak_feature_importance_gain.csv,233,320,KTEB_vis_now,6029.595509529114,83
20260226T081223Z,peak,gain,lgbm_20260226T081223Z_peak_feature_importance_gain.csv,234,333,KTEB_gust_factor,5893.605473518372,139
20260226T081223Z,peak,gain,lgbm_20260226T081223Z_peak_feature_importance_gain.csv,235,241,rh_range_360,5872.989388465881,115
20260226T081223Z,peak,gain,lgbm_20260226T081223Z_peak_feature_importance_gain.csv,236,422,KMMU_gust_now,5795.586308479309,81
20260226T081223Z,peak,gain,lgbm_20260226T081223Z_peak_feature_importance_gain.csv,237,168,pressure_max_120,5764.263049125671,64
20260226T081223Z,peak,gain,lgbm_20260226T081223Z_peak_feature_importance_gain.csv,238,198,rh_std_180,5716.89017868042,144
20260226T081223Z,peak,gain,lgbm_20260226T081223Z_peak_feature_importance_gain.csv,239,21,vis_now,5618.6007442474365,85
20260226T081223Z,peak,gain,lgbm_20260226T081223Z_peak_feature_importance_gain.csv,240,381,KISP_gust_factor,5517.0085525512695,150
20260226T081223Z,peak,gain,lgbm_20260226T081223Z_peak_feature_importance_gain.csv,241,394,KBDR_wspd_now,5509.5668115615845,130
20260226T081223Z,peak,gain,lgbm_20260226T081223Z_peak_feature_importance_gain.csv,242,155,rh_prev_120,5389.745176315308,104
20260226T081223Z,peak,gain,lgbm_20260226T081223Z_peak_feature_importance_gain.csv,243,285,KJFK_gust_factor,5239.331280708313,130
20260226T081223Z,peak,gain,lgbm_20260226T081223Z_peak_feature_importance_gain.csv,244,377,KISP_is_precip_hrly_missing_now,5123.175336837769,46
20260226T081223Z,peak,gain,lgbm_20260226T081223Z_peak_feature_importance_gain.csv,245,304,KEWR_precip_hrly_now,5082.75714302063,19
20260226T081223Z,peak,gain,lgbm_20260226T081223Z_peak_feature_importance_gain.csv,246,233,dew_pt_range_360,5064.066040039063,98
20260226T081223Z,peak,gain,lgbm_20260226T081223Z_peak_feature_importance_gain.csv,247,454,wspd_diff_KISP,5009.175819396973,123
20260226T081223Z,peak,gain,lgbm_20260226T081223Z_peak_feature_importance_gain.csv,248,434,wspd_diff_KJFK,4972.549806594849,125
20260226T081223Z,peak,gain,lgbm_20260226T081223Z_peak_feature_importance_gain.csv,249,206,pressure_std_180,4955.202598571777,110
20260226T081223Z,peak,gain,lgbm_20260226T081223Z_peak_feature_importance_gain.csv,250,123,pressure_prev_60,4925.431003570557,62
20260226T081223Z,peak,gain,lgbm_20260226T081223Z_peak_feature_importance_gain.csv,251,229,dew_pt_slope_360,4911.304676055908,68
20260226T081223Z,peak,gain,lgbm_20260226T081223Z_peak_feature_importance_gain.csv,252,309,KEWR_gust_factor,4890.397358894348,132
20260226T081223Z,peak,gain,lgbm_20260226T081223Z_peak_feature_importance_gain.csv,253,99,temp_prev_60,4805.400315284729,61
20260226T081223Z,peak,gain,lgbm_20260226T081223Z_peak_feature_importance_gain.csv,254,214,wspd_std_180,4737.553185462952,124
20260226T081223Z,peak,gain,lgbm_20260226T081223Z_peak_feature_importance_gain.csv,255,370,KISP_wspd_now,4728.806104660034,106
20260226T081223Z,peak,gain,lgbm_20260226T081223Z_peak_feature_importance_gain.csv,256,443,pressure_diff_KTEB,4721.864619255066,120
20260226T081223Z,peak,gain,lgbm_20260226T081223Z_peak_feature_importance_gain.csv,257,211,wspd_prev_180,4667.461200714111,102
20260226T081223Z,peak,gain,lgbm_20260226T081223Z_peak_feature_importance_gain.csv,258,192,dew_pt_max_180,4566.255383491516,62
20260226T081223Z,peak,gain,lgbm_20260226T081223Z_peak_feature_importance_gain.csv,259,148,dew_pt_delta_120,4547.749076843262,84
20260226T081223Z,peak,gain,lgbm_20260226T081223Z_peak_feature_importance_gain.csv,260,27,gust_now,4545.932813644409,46
20260226T081223Z,peak,gain,lgbm_20260226T081223Z_peak_feature_importance_gain.csv,261,141,temp_slope_120,4435.532781600952,31
20260226T081223Z,peak,gain,lgbm_20260226T081223Z_peak_feature_importance_gain.csv,262,237,rh_slope_360,4409.153195381165,54
20260226T081223Z,peak,gain,lgbm_20260226T081223Z_peak_feature_importance_gain.csv,263,175,wspd_min_120,4324.764710426331,89
20260226T081223Z,peak,gain,lgbm_20260226T081223Z_peak_feature_importance_gain.csv,264,12,temp_now,4251.71314239502,49
20260226T081223Z,peak,gain,lgbm_20260226T081223Z_peak_feature_importance_gain.csv,265,218,wspd_std_diff_180,4243.169588088989,121
20260226T081223Z,peak,gain,lgbm_20260226T081223Z_peak_feature_importance_gain.csv,266,147,dew_pt_prev_120,4220.764490127564,67
20260226T081223Z,peak,gain,lgbm_20260226T081223Z_peak_feature_importance_gain.csv,267,357,KHPN_gust_factor,4198.885413169861,95
20260226T081223Z,peak,gain,lgbm_20260226T081223Z_peak_feature_importance_gain.csv,268,385,KBDR_age_min_temp,4171.656097412109,42
20260226T081223Z,peak,gain,lgbm_20260226T081223Z_peak_feature_importance_gain.csv,269,160,rh_max_120,4146.391679763794,84
20260226T081223Z,peak,gain,lgbm_20260226T081223Z_peak_feature_importance_gain.csv,270,194,dew_pt_std_diff_180,4138.718952178955,112
20260226T081223Z,peak,gain,lgbm_20260226T081223Z_peak_feature_importance_gain.csv,271,449,wspd_diff_KHPN,4068.105598449707,97
20260226T081223Z,peak,gain,lgbm_20260226T081223Z_peak_feature_importance_gain.csv,272,190,dew_pt_std_180,4061.788938522339,105
20260226T081223Z,peak,gain,lgbm_20260226T081223Z_peak_feature_importance_gain.csv,273,34,gust_factor,4000.51368522644,114
20260226T081223Z,peak,gain,lgbm_20260226T081223Z_peak_feature_importance_gain.csv,274,259,temp_accel_60_180,3981.81890296936,108
20260226T081223Z,peak,gain,lgbm_20260226T081223Z_peak_feature_importance_gain.csv,275,151,dew_pt_min_120,3977.8839988708496,60
20260226T081223Z,peak,gain,lgbm_20260226T081223Z_peak_feature_importance_gain.csv,276,305,KEWR_is_precip_hrly_missing_now,3965.787833213806,43
20260226T081223Z,peak,gain,lgbm_20260226T081223Z_peak_feature_importance_gain.csv,277,281,KJFK_is_precip_hrly_missing_now,3817.008397102356,39
20260226T081223Z,peak,gain,lgbm_20260226T081223Z_peak_feature_importance_gain.csv,278,17,rh_now,3739.896327972412,55
20260226T081223Z,peak,gain,lgbm_20260226T081223Z_peak_feature_importance_gain.csv,279,156,rh_delta_120,3731.8568000793457,88
20260226T081223Z,peak,gain,lgbm_20260226T081223Z_peak_feature_importance_gain.csv,280,103,temp_min_60,3708.950281143189,37
20260226T081223Z,peak,gain,lgbm_20260226T081223Z_peak_feature_importance_gain.csv,281,438,pressure_diff_KEWR,3690.349998474121,79
20260226T081223Z,peak,gain,lgbm_20260226T081223Z_peak_feature_importance_gain.csv,282,409,KMMU_age_min_temp,3673.466306686402,59
20260226T081223Z,peak,gain,lgbm_20260226T081223Z_peak_feature_importance_gain.csv,283,128,pressure_max_60,3537.0808143615723,45
20260226T081223Z,peak,gain,lgbm_20260226T081223Z_peak_feature_importance_gain.csv,284,212,wspd_delta_180,3511.7406902313232,80
20260226T081223Z,peak,gain,lgbm_20260226T081223Z_peak_feature_importance_gain.csv,285,202,rh_std_diff_180,3330.961708068848,92
20260226T081223Z,peak,gain,lgbm_20260226T081223Z_peak_feature_importance_gain.csv,286,119,rh_min_60,3317.690505027771,56
20260226T081223Z,peak,gain,lgbm_20260226T081223Z_peak_feature_importance_gain.csv,287,289,KEWR_age_min_temp,3317.1172800064087,44
20260226T081223Z,peak,gain,lgbm_20260226T081223Z_peak_feature_importance_gain.csv,288,167,pressure_min_120,3299.5877075195312,49
20260226T081223Z,peak,gain,lgbm_20260226T081223Z_peak_feature_importance_gain.csv,289,104,temp_max_60,3269.669874191284,44
20260226T081223Z,peak,gain,lgbm_20260226T081223Z_peak_feature_importance_gain.csv,290,4,cutoff_cos,3267.6726112365723,85
20260226T081223Z,peak,gain,lgbm_20260226T081223Z_peak_feature_importance_gain.csv,291,439,wspd_diff_KEWR,3262.7253885269165,89
20260226T081223Z,peak,gain,lgbm_20260226T081223Z_peak_feature_importance_gain.csv,292,413,KMMU_is_rh_missing_now,3155.112995147705,37
20260226T081223Z,peak,gain,lgbm_20260226T081223Z_peak_feature_importance_gain.csv,293,210,pressure_std_diff_180,3145.971287727356,91
20260226T081223Z,peak,gain,lgbm_20260226T081223Z_peak_feature_importance_gain.csv,294,107,dew_pt_prev_60,3143.067483901977,45
20260226T081223Z,peak,gain,lgbm_20260226T081223Z_peak_feature_importance_gain.csv,295,181,temp_slope_180,3019.97372341156,49
20260226T081223Z,peak,gain,lgbm_20260226T081223Z_peak_feature_importance_gain.csv,296,171,wspd_prev_120,2924.1159086227417,82
20260226T081223Z,peak,gain,lgbm_20260226T081223Z_peak_feature_importance_gain.csv,297,19,pressure_now,2892.3005170822144,42
20260226T081223Z,peak,gain,lgbm_20260226T081223Z_peak_feature_importance_gain.csv,298,152,dew_pt_max_120,2748.490711212158,41
20260226T081223Z,peak,gain,lgbm_20260226T081223Z_peak_feature_importance_gain.csv,299,353,KHPN_is_precip_hrly_missing_now,2740.3292121887207,28
20260226T081223Z,peak,gain,lgbm_20260226T081223Z_peak_feature_importance_gain.csv,300,131,wspd_prev_60,2726.060309410095,71
20260226T081223Z,peak,gain,lgbm_20260226T081223Z_peak_feature_importance_gain.csv,301,135,wspd_min_60,2716.312623023987,41
20260226T081223Z,peak,gain,lgbm_20260226T081223Z_peak_feature_importance_gain.csv,302,120,rh_max_60,2686.0936098098755,44
20260226T081223Z,peak,gain,lgbm_20260226T081223Z_peak_feature_importance_gain.csv,303,172,wspd_delta_120,2640.8321113586426,70
20260226T081223Z,peak,gain,lgbm_20260226T081223Z_peak_feature_importance_gain.csv,304,326,KTEB_gust_now,2617.242505073548,46
20260226T081223Z,peak,gain,lgbm_20260226T081223Z_peak_feature_importance_gain.csv,305,95,wspd_min_30,2609.0532264709477,5
20260226T081223Z,peak,gain,lgbm_20260226T081223Z_peak_feature_importance_gain.csv,306,302,KEWR_gust_now,2521.7244749069214,45
20260226T081223Z,peak,gain,lgbm_20260226T081223Z_peak_feature_importance_gain.csv,307,125,pressure_slope_60,2515.7724742889404,23
20260226T081223Z,peak,gain,lgbm_20260226T081223Z_peak_feature_importance_gain.csv,308,337,KHPN_age_min_temp,2470.7735271453857,33
20260226T081223Z,peak,gain,lgbm_20260226T081223Z_peak_feature_importance_gain.csv,309,15,dewpt_now,2465.935779571533,44
20260226T081223Z,peak,gain,lgbm_20260226T081223Z_peak_feature_importance_gain.csv,310,59,temp_prev_30,2428.8743028640747,19
20260226T081223Z,peak,gain,lgbm_20260226T081223Z_peak_feature_importance_gain.csv,311,411,KMMU_is_dew_pt_missing_now,2365.888982772827,36
20260226T081223Z,peak,gain,lgbm_20260226T081223Z_peak_feature_importance_gain.csv,312,265,KJFK_age_min_temp,2321.9854049682617,23
20260226T081223Z,peak,gain,lgbm_20260226T081223Z_peak_feature_importance_gain.csv,313,374,KISP_gust_now,2208.6594095230103,52
20260226T081223Z,peak,gain,lgbm_20260226T081223Z_peak_feature_importance_gain.csv,314,444,wspd_diff_KTEB,2055.806704521179,55
20260226T081223Z,peak,gain,lgbm_20260226T081223Z_peak_feature_importance_gain.csv,315,30,is_precip_hrly_missing_now,2002.614402770996,27
20260226T081223Z,peak,gain,lgbm_20260226T081223Z_peak_feature_importance_gain.csv,316,111,dew_pt_min_60,1964.4646911621091,38
20260226T081223Z,peak,gain,lgbm_20260226T081223Z_peak_feature_importance_gain.csv,317,23,wspd_now,1935.7919101715088,38
20260226T081223Z,peak,gain,lgbm_20260226T081223Z_peak_feature_importance_gain.csv,318,169,pressure_range_120,1923.35457611084,11
20260226T081223Z,peak,gain,lgbm_20260226T081223Z_peak_feature_importance_gain.csv,319,352,KHPN_precip_hrly_now,1910.1018953323364,34
20260226T081223Z,peak,gain,lgbm_20260226T081223Z_peak_feature_importance_gain.csv,320,112,dew_pt_max_60,1903.01389503479,26
20260226T081223Z,peak,gain,lgbm_20260226T081223Z_peak_feature_importance_gain.csv,321,166,pressure_std_120,1801.7284088134768,44
20260226T081223Z,peak,gain,lgbm_20260226T081223Z_peak_feature_importance_gain.csv,322,165,pressure_slope_120,1792.7016830444336,21
20260226T081223Z,peak,gain,lgbm_20260226T081223Z_peak_feature_importance_gain.csv,323,150,dew_pt_std_120,1750.3393096923828,44
20260226T081223Z,peak,gain,lgbm_20260226T081223Z_peak_feature_importance_gain.csv,324,485,temp_north_mean,1748.7287130355835,22
20260226T081223Z,peak,gain,lgbm_20260226T081223Z_peak_feature_importance_gain.csv,325,401,KBDR_is_precip_hrly_missing_now,1746.8716201782229,19
20260226T081223Z,peak,gain,lgbm_20260226T081223Z_peak_feature_importance_gain.csv,326,205,pressure_slope_180,1739.5078258514404,27
20260226T081223Z,peak,gain,lgbm_20260226T081223Z_peak_feature_importance_gain.csv,327,116,rh_delta_60,1736.5176076889038,48
20260226T081223Z,peak,gain,lgbm_20260226T081223Z_peak_feature_importance_gain.csv,328,280,KJFK_precip_hrly_now,1708.8530225753784,11
20260226T081223Z,peak,gain,lgbm_20260226T081223Z_peak_feature_importance_gain.csv,329,87,pressure_min_30,1671.616123199463,16
20260226T081223Z,peak,gain,lgbm_20260226T081223Z_peak_feature_importance_gain.csv,330,201,rh_range_180,1666.0637893676758,36
20260226T081223Z,peak,gain,lgbm_20260226T081223Z_peak_feature_importance_gain.csv,331,83,pressure_prev_30,1657.0741367340088,13
20260226T081223Z,peak,gain,lgbm_20260226T081223Z_peak_feature_importance_gain.csv,332,174,wspd_std_120,1620.8465127944946,46
20260226T081223Z,peak,gain,lgbm_20260226T081223Z_peak_feature_importance_gain.csv,333,162,rh_std_diff_120,1612.9587697982788,15
20260226T081223Z,peak,gain,lgbm_20260226T081223Z_peak_feature_importance_gain.csv,334,313,KTEB_age_min_temp,1601.669822692871,42
20260226T081223Z,peak,gain,lgbm_20260226T081223Z_peak_feature_importance_gain.csv,335,376,KISP_precip_hrly_now,1577.1566047668457,18
20260226T081223Z,peak,gain,lgbm_20260226T081223Z_peak_feature_importance_gain.csv,336,75,rh_prev_30,1573.5671844482422,28
20260226T081223Z,peak,gain,lgbm_20260226T081223Z_peak_feature_importance_gain.csv,337,57,any_precip_sofar,1567.5668087005615,21
20260226T081223Z,peak,gain,lgbm_20260226T081223Z_peak_feature_importance_gain.csv,338,158,rh_std_120,1550.9677982330322,45
20260226T081223Z,peak,gain,lgbm_20260226T081223Z_peak_feature_importance_gain.csv,339,486,temp_urban_fringe_mean,1507.092318534851,20
20260226T081223Z,peak,gain,lgbm_20260226T081223Z_peak_feature_importance_gain.csv,340,197,rh_slope_180,1483.3360147476196,28
20260226T081223Z,peak,gain,lgbm_20260226T081223Z_peak_feature_importance_gain.csv,341,350,KHPN_gust_now,1435.8791904449463,35
20260226T081223Z,peak,gain,lgbm_20260226T081223Z_peak_feature_importance_gain.csv,342,132,wspd_delta_60,1431.2126007080078,49
20260226T081223Z,peak,gain,lgbm_20260226T081223Z_peak_feature_importance_gain.csv,343,185,temp_range_180,1374.531805038452,24
20260226T081223Z,peak,gain,lgbm_20260226T081223Z_peak_feature_importance_gain.csv,344,361,KISP_age_min_temp,1355.9289855957031,19
20260226T081223Z,peak,gain,lgbm_20260226T081223Z_peak_feature_importance_gain.csv,345,209,pressure_range_180,1286.236099243164,37
20260226T081223Z,peak,gain,lgbm_20260226T081223Z_peak_feature_importance_gain.csv,346,67,dew_pt_prev_30,1185.405101776123,16
20260226T081223Z,peak,gain,lgbm_20260226T081223Z_peak_feature_importance_gain.csv,347,14,age_min_temp,1151.9394931793213,11
20260226T081223Z,peak,gain,lgbm_20260226T081223Z_peak_feature_importance_gain.csv,348,419,KMMU_is_wspd_missing_now,1149.7690935134888,19
20260226T081223Z,peak,gain,lgbm_20260226T081223Z_peak_feature_importance_gain.csv,349,170,pressure_std_diff_120,1126.94061088562,24
20260226T081223Z,peak,gain,lgbm_20260226T081223Z_peak_feature_importance_gain.csv,350,221,temp_slope_360,1126.0482063293457,34
20260226T081223Z,peak,gain,lgbm_20260226T081223Z_peak_feature_importance_gain.csv,351,101,temp_slope_60,1091.9658756256104,10
20260226T081223Z,peak,gain,lgbm_20260226T081223Z_peak_feature_importance_gain.csv,352,178,wspd_std_diff_120,1037.9485006332395,27
20260226T081223Z,peak,gain,lgbm_20260226T081223Z_peak_feature_importance_gain.csv,353,145,temp_range_120,981.0385932922364,16
20260226T081223Z,peak,gain,lgbm_20260226T081223Z_peak_feature_importance_gain.csv,354,108,dew_pt_delta_60,963.6419982910156,24
20260226T081223Z,peak,gain,lgbm_20260226T081223Z_peak_feature_importance_gain.csv,355,217,wspd_range_180,920.6875295639038,26
20260226T081223Z,peak,gain,lgbm_20260226T081223Z_peak_feature_importance_gain.csv,356,189,dew_pt_slope_180,883.3339033126831,22
20260226T081223Z,peak,gain,lgbm_20260226T081223Z_peak_feature_importance_gain.csv,357,146,temp_std_diff_120,838.1009044647217,18
20260226T081223Z,peak,gain,lgbm_20260226T081223Z_peak_feature_importance_gain.csv,358,278,KJFK_gust_now,804.5608005523682,22
20260226T081223Z,peak,gain,lgbm_20260226T081223Z_peak_feature_importance_gain.csv,359,109,dew_pt_slope_60,772.8273906707764,11
20260226T081223Z,peak,gain,lgbm_20260226T081223Z_peak_feature_importance_gain.csv,360,398,KBDR_gust_now,760.0772886276245,15
20260226T081223Z,peak,gain,lgbm_20260226T081223Z_peak_feature_importance_gain.csv,361,79,rh_min_30,708.8152961730957,11
20260226T081223Z,peak,gain,lgbm_20260226T081223Z_peak_feature_importance_gain.csv,362,157,rh_slope_120,664.6936950683594,19
20260226T081223Z,peak,gain,lgbm_20260226T081223Z_peak_feature_importance_gain.csv,363,149,dew_pt_slope_120,622.2996959686279,20
20260226T081223Z,peak,gain,lgbm_20260226T081223Z_peak_feature_importance_gain.csv,364,88,pressure_max_30,617.4839992523193,10
20260226T081223Z,peak,gain,lgbm_20260226T081223Z_peak_feature_importance_gain.csv,365,213,wspd_slope_180,577.5129070281982,13
20260226T081223Z,peak,gain,lgbm_20260226T081223Z_peak_feature_importance_gain.csv,366,173,wspd_slope_120,545.6631994247437,20
20260226T081223Z,peak,gain,lgbm_20260226T081223Z_peak_feature_importance_gain.csv,367,325,KTEB_is_wdir_missing_now,520.4979858398438,2
20260226T081223Z,peak,gain,lgbm_20260226T081223Z_peak_feature_importance_gain.csv,368,193,dew_pt_range_180,504.0081987380981,16
20260226T081223Z,peak,gain,lgbm_20260226T081223Z_peak_feature_importance_gain.csv,369,371,KISP_is_wspd_missing_now,455.7304935455322,6
20260226T081223Z,peak,gain,lgbm_20260226T081223Z_peak_feature_importance_gain.csv,370,154,dew_pt_std_diff_120,435.39800548553467,10
20260226T081223Z,peak,gain,lgbm_20260226T081223Z_peak_feature_importance_gain.csv,371,91,wspd_prev_30,431.0267028808594,12
20260226T081223Z,peak,gain,lgbm_20260226T081223Z_peak_feature_importance_gain.csv,372,161,rh_range_120,417.4897985458374,13
20260226T081223Z,peak,gain,lgbm_20260226T081223Z_peak_feature_importance_gain.csv,373,177,wspd_range_120,407.8267002105713,13
20260226T081223Z,peak,gain,lgbm_20260226T081223Z_peak_feature_importance_gain.csv,374,395,KBDR_is_wspd_missing_now,396.810001373291,13
20260226T081223Z,peak,gain,lgbm_20260226T081223Z_peak_feature_importance_gain.csv,375,63,temp_min_30,394.1255035400391,8
20260226T081223Z,peak,gain,lgbm_20260226T081223Z_peak_feature_importance_gain.csv,376,62,temp_std_30,346.0023021697998,9
20260226T081223Z,peak,gain,lgbm_20260226T081223Z_peak_feature_importance_gain.csv,377,339,KHPN_is_dew_pt_missing_now,319.2207946777344,4
20260226T081223Z,peak,gain,lgbm_20260226T081223Z_peak_feature_importance_gain.csv,378,400,KBDR_precip_hrly_now,301.9520969390869,6
20260226T081223Z,peak,gain,lgbm_20260226T081223Z_peak_feature_importance_gain.csv,379,328,KTEB_precip_hrly_now,289.30909729003906,9
20260226T081223Z,peak,gain,lgbm_20260226T081223Z_peak_feature_importance_gain.csv,380,72,dew_pt_max_30,281.7468967437744,5
20260226T081223Z,peak,gain,lgbm_20260226T081223Z_peak_feature_importance_gain.csv,381,117,rh_slope_60,251.3817987442017,6
20260226T081223Z,peak,gain,lgbm_20260226T081223Z_peak_feature_importance_gain.csv,382,323,KTEB_is_wspd_missing_now,249.4453010559082,3
20260226T081223Z,peak,gain,lgbm_20260226T081223Z_peak_feature_importance_gain.csv,383,65,temp_range_30,230.8798007965088,4
20260226T081223Z,peak,gain,lgbm_20260226T081223Z_peak_feature_importance_gain.csv,384,71,dew_pt_min_30,206.73449993133545,6
20260226T081223Z,peak,gain,lgbm_20260226T081223Z_peak_feature_importance_gain.csv,385,375,KISP_is_gust_missing_now,194.26199340820312,3
20260226T081223Z,peak,gain,lgbm_20260226T081223Z_peak_feature_importance_gain.csv,386,102,temp_std_60,188.77245998382568,12
20260226T081223Z,peak,gain,lgbm_20260226T081223Z_peak_feature_importance_gain.csv,387,424,KMMU_precip_hrly_now,188.6826982498169,5
20260226T081223Z,peak,gain,lgbm_20260226T081223Z_peak_feature_importance_gain.csv,388,80,rh_max_30,184.9162015914917,2
20260226T081223Z,peak,gain,lgbm_20260226T081223Z_peak_feature_importance_gain.csv,389,133,wspd_slope_60,179.36820220947266,6
20260226T081223Z,peak,gain,lgbm_20260226T081223Z_peak_feature_importance_gain.csv,390,291,KEWR_is_dew_pt_missing_now,135.58259773254397,5
20260226T081223Z,peak,gain,lgbm_20260226T081223Z_peak_feature_importance_gain.csv,391,387,KBDR_is_dew_pt_missing_now,132.40130043029785,5
20260226T081223Z,peak,gain,lgbm_20260226T081223Z_peak_feature_importance_gain.csv,392,110,dew_pt_std_60,130.94739723205566,4
20260226T081223Z,peak,gain,lgbm_20260226T081223Z_peak_feature_importance_gain.csv,393,267,KJFK_is_dew_pt_missing_now,127.73869705200195,5
20260226T081223Z,peak,gain,lgbm_20260226T081223Z_peak_feature_importance_gain.csv,394,303,KEWR_is_gust_missing_now,122.66650009155272,2
20260226T081223Z,peak,gain,lgbm_20260226T081223Z_peak_feature_importance_gain.csv,395,134,wspd_std_60,121.6186981201172,4
20260226T081223Z,peak,gain,lgbm_20260226T081223Z_peak_feature_importance_gain.csv,396,24,is_wspd_missing_now,115.00829982757568,5
20260226T081223Z,peak,gain,lgbm_20260226T081223Z_peak_feature_importance_gain.csv,397,153,dew_pt_range_120,86.22820091247559,3
20260226T081223Z,peak,gain,lgbm_20260226T081223Z_peak_feature_importance_gain.csv,398,260,temp_accel_30_120,81.7511978149414,3
20260226T081223Z,peak,gain,lgbm_20260226T081223Z_peak_feature_importance_gain.csv,399,421,KMMU_is_wdir_missing_now,67.00589942932129,2
20260226T081223Z,peak,gain,lgbm_20260226T081223Z_peak_feature_importance_gain.csv,400,347,KHPN_is_wspd_missing_now,57.51359939575195,2
20260226T081223Z,peak,gain,lgbm_20260226T081223Z_peak_feature_importance_gain.csv,401,301,KEWR_is_wdir_missing_now,55.06060028076172,1
20260226T081223Z,peak,gain,lgbm_20260226T081223Z_peak_feature_importance_gain.csv,402,122,rh_std_diff_60,55.05189895629883,2
20260226T081223Z,peak,gain,lgbm_20260226T081223Z_peak_feature_importance_gain.csv,403,319,KTEB_is_pressure_missing_now,53.62900161743164,1
20260226T081223Z,peak,gain,lgbm_20260226T081223Z_peak_feature_importance_gain.csv,404,373,KISP_is_wdir_missing_now,45.979000091552734,2
20260226T081223Z,peak,gain,lgbm_20260226T081223Z_peak_feature_importance_gain.csv,405,106,temp_std_diff_60,44.76409912109375,2
20260226T081223Z,peak,gain,lgbm_20260226T081223Z_peak_feature_importance_gain.csv,406,26,is_wdir_missing_now,40.68920135498047,1
20260226T081223Z,peak,gain,lgbm_20260226T081223Z_peak_feature_importance_gain.csv,407,279,KJFK_is_gust_missing_now,39.59600067138672,1
20260226T081223Z,peak,gain,lgbm_20260226T081223Z_peak_feature_importance_gain.csv,408,60,temp_delta_30,39.40559959411621,2
20260226T081223Z,peak,gain,lgbm_20260226T081223Z_peak_feature_importance_gain.csv,409,84,pressure_delta_30,37.88689994812012,2
20260226T081223Z,peak,gain,lgbm_20260226T081223Z_peak_feature_importance_gain.csv,410,16,is_dew_pt_missing_now,36.42850112915039,1
20260226T081223Z,peak,gain,lgbm_20260226T081223Z_peak_feature_importance_gain.csv,411,286,KJFK_cutoff_minutes,33.13349914550781,1
20260226T081223Z,peak,gain,lgbm_20260226T081223Z_peak_feature_importance_gain.csv,412,105,temp_range_60,32.797401428222656,1
20260226T081223Z,peak,gain,lgbm_20260226T081223Z_peak_feature_importance_gain.csv,413,327,KTEB_is_gust_missing_now,31.304100036621094,1
20260226T081223Z,peak,gain,lgbm_20260226T081223Z_peak_feature_importance_gain.csv,414,70,dew_pt_std_30,30.488300323486328,1
20260226T081223Z,peak,gain,lgbm_20260226T081223Z_peak_feature_importance_gain.csv,415,130,pressure_std_diff_60,24.37879943847656,1
20260226T081223Z,peak,gain,lgbm_20260226T081223Z_peak_feature_importance_gain.csv,416,68,dew_pt_delta_30,21.07159996032715,1
20260226T081223Z,peak,gain,lgbm_20260226T081223Z_peak_feature_importance_gain.csv,417,126,pressure_std_60,20.072999954223636,1
20260226T081223Z,peak,gain,lgbm_20260226T081223Z_peak_feature_importance_gain.csv,418,92,wspd_delta_30,19.284099578857425,1
20260226T081223Z,peak,gain,lgbm_20260226T081223Z_peak_feature_importance_gain.csv,419,93,wspd_slope_30,17.810400009155273,1
20260226T081223Z,peak,gain,lgbm_20260226T081223Z_peak_feature_importance_gain.csv,420,118,rh_std_60,16.893999099731445,1
20260226T081223Z,peak,gain,lgbm_20260226T081223Z_peak_feature_importance_gain.csv,421,64,temp_max_30,16.738500595092773,1
20260226T081223Z,peak,gain,lgbm_20260226T081223Z_peak_feature_importance_gain.csv,422,38,n_expected_bins,14.621000289916992,1
20260226T081223Z,peak,gain,lgbm_20260226T081223Z_peak_feature_importance_gain.csv,423,341,KHPN_is_rh_missing_now,12.7298002243042,1
20260226T081223Z,peak,gain,lgbm_20260226T081223Z_peak_feature_importance_gain.csv,424,22,is_vis_missing_now,0.0,0
20260226T081223Z,peak,gain,lgbm_20260226T081223Z_peak_feature_importance_gain.csv,425,430,KMMU_cutoff_minutes,0.0,0
20260226T081223Z,peak,gain,lgbm_20260226T081223Z_peak_feature_importance_gain.csv,426,18,is_rh_missing_now,0.0,0
20260226T081223Z,peak,gain,lgbm_20260226T081223Z_peak_feature_importance_gain.csv,427,20,is_pressure_missing_now,0.0,0
20260226T081223Z,peak,gain,lgbm_20260226T081223Z_peak_feature_importance_gain.csv,428,2,cutoff_minute,0.0,0
20260226T081223Z,peak,gain,lgbm_20260226T081223Z_peak_feature_importance_gain.csv,429,13,is_temp_missing_now,0.0,0
20260226T081223Z,peak,gain,lgbm_20260226T081223Z_peak_feature_importance_gain.csv,430,288,KEWR_is_temp_missing_now,0.0,0
20260226T081223Z,peak,gain,lgbm_20260226T081223Z_peak_feature_importance_gain.csv,431,423,KMMU_is_gust_missing_now,0.0,0
20260226T081223Z,peak,gain,lgbm_20260226T081223Z_peak_feature_importance_gain.csv,432,77,rh_slope_30,0.0,0
20260226T081223Z,peak,gain,lgbm_20260226T081223Z_peak_feature_importance_gain.csv,433,81,rh_range_30,0.0,0
20260226T081223Z,peak,gain,lgbm_20260226T081223Z_peak_feature_importance_gain.csv,434,277,KJFK_is_wdir_missing_now,0.0,0
20260226T081223Z,peak,gain,lgbm_20260226T081223Z_peak_feature_importance_gain.csv,435,275,KJFK_is_wspd_missing_now,0.0,0
20260226T081223Z,peak,gain,lgbm_20260226T081223Z_peak_feature_importance_gain.csv,436,273,KJFK_is_vis_missing_now,0.0,0
20260226T081223Z,peak,gain,lgbm_20260226T081223Z_peak_feature_importance_gain.csv,437,271,KJFK_is_pressure_missing_now,0.0,0
20260226T081223Z,peak,gain,lgbm_20260226T081223Z_peak_feature_importance_gain.csv,438,269,KJFK_is_rh_missing_now,0.0,0
20260226T081223Z,peak,gain,lgbm_20260226T081223Z_peak_feature_importance_gain.csv,439,264,KJFK_is_temp_missing_now,0.0,0
20260226T081223Z,peak,gain,lgbm_20260226T081223Z_peak_feature_importance_gain.csv,440,261,temp_is_falling_60,0.0,0
20260226T081223Z,peak,gain,lgbm_20260226T081223Z_peak_feature_importance_gain.csv,441,61,temp_slope_30,0.0,0
20260226T081223Z,peak,gain,lgbm_20260226T081223Z_peak_feature_importance_gain.csv,442,66,temp_std_diff_30,0.0,0
20260226T081223Z,peak,gain,lgbm_20260226T081223Z_peak_feature_importance_gain.csv,443,69,dew_pt_slope_30,0.0,0
20260226T081223Z,peak,gain,lgbm_20260226T081223Z_peak_feature_importance_gain.csv,444,73,dew_pt_range_30,0.0,0
20260226T081223Z,peak,gain,lgbm_20260226T081223Z_peak_feature_importance_gain.csv,445,74,dew_pt_std_diff_30,0.0,0
20260226T081223Z,peak,gain,lgbm_20260226T081223Z_peak_feature_importance_gain.csv,446,76,rh_delta_30,0.0,0
20260226T081223Z,peak,gain,lgbm_20260226T081223Z_peak_feature_importance_gain.csv,447,138,wspd_std_diff_60,0.0,0
20260226T081223Z,peak,gain,lgbm_20260226T081223Z_peak_feature_importance_gain.csv,448,417,KMMU_is_vis_missing_now,0.0,0
20260226T081223Z,peak,gain,lgbm_20260226T081223Z_peak_feature_importance_gain.csv,449,137,wspd_range_60,0.0,0
20260226T081223Z,peak,gain,lgbm_20260226T081223Z_peak_feature_importance_gain.csv,450,78,rh_std_30,0.0,0
20260226T081223Z,peak,gain,lgbm_20260226T081223Z_peak_feature_importance_gain.csv,451,129,pressure_range_60,0.0,0
20260226T081223Z,peak,gain,lgbm_20260226T081223Z_peak_feature_importance_gain.csv,452,121,rh_range_60,0.0,0
20260226T081223Z,peak,gain,lgbm_20260226T081223Z_peak_feature_importance_gain.csv,453,114,dew_pt_std_diff_60,0.0,0
20260226T081223Z,peak,gain,lgbm_20260226T081223Z_peak_feature_importance_gain.csv,454,113,dew_pt_range_60,0.0,0
20260226T081223Z,peak,gain,lgbm_20260226T081223Z_peak_feature_importance_gain.csv,455,98,wspd_std_diff_30,0.0,0
20260226T081223Z,peak,gain,lgbm_20260226T081223Z_peak_feature_importance_gain.csv,456,97,wspd_range_30,0.0,0
20260226T081223Z,peak,gain,lgbm_20260226T081223Z_peak_feature_importance_gain.csv,457,94,wspd_std_30,0.0,0
20260226T081223Z,peak,gain,lgbm_20260226T081223Z_peak_feature_importance_gain.csv,458,90,pressure_std_diff_30,0.0,0
20260226T081223Z,peak,gain,lgbm_20260226T081223Z_peak_feature_importance_gain.csv,459,89,pressure_range_30,0.0,0
20260226T081223Z,peak,gain,lgbm_20260226T081223Z_peak_feature_importance_gain.csv,460,86,pressure_std_30,0.0,0
20260226T081223Z,peak,gain,lgbm_20260226T081223Z_peak_feature_importance_gain.csv,461,85,pressure_slope_30,0.0,0
20260226T081223Z,peak,gain,lgbm_20260226T081223Z_peak_feature_importance_gain.csv,462,82,rh_std_diff_30,0.0,0
20260226T081223Z,peak,gain,lgbm_20260226T081223Z_peak_feature_importance_gain.csv,463,293,KEWR_is_rh_missing_now,0.0,0
20260226T081223Z,peak,gain,lgbm_20260226T081223Z_peak_feature_importance_gain.csv,464,295,KEWR_is_pressure_missing_now,0.0,0
20260226T081223Z,peak,gain,lgbm_20260226T081223Z_peak_feature_importance_gain.csv,465,297,KEWR_is_vis_missing_now,0.0,0
20260226T081223Z,peak,gain,lgbm_20260226T081223Z_peak_feature_importance_gain.csv,466,299,KEWR_is_wspd_missing_now,0.0,0
20260226T081223Z,peak,gain,lgbm_20260226T081223Z_peak_feature_importance_gain.csv,467,415,KMMU_is_pressure_missing_now,0.0,0
20260226T081223Z,peak,gain,lgbm_20260226T081223Z_peak_feature_importance_gain.csv,468,28,is_gust_missing_now,0.0,0
20260226T081223Z,peak,gain,lgbm_20260226T081223Z_peak_feature_importance_gain.csv,469,408,KMMU_is_temp_missing_now,0.0,0
20260226T081223Z,peak,gain,lgbm_20260226T081223Z_peak_feature_importance_gain.csv,470,29,precip_hrly_now,0.0,0
20260226T081223Z,peak,gain,lgbm_20260226T081223Z_peak_feature_importance_gain.csv,471,406,KBDR_cutoff_minutes,0.0,0
20260226T081223Z,peak,gain,lgbm_20260226T081223Z_peak_feature_importance_gain.csv,472,399,KBDR_is_gust_missing_now,0.0,0
20260226T081223Z,peak,gain,lgbm_20260226T081223Z_peak_feature_importance_gain.csv,473,397,KBDR_is_wdir_missing_now,0.0,0
20260226T081223Z,peak,gain,lgbm_20260226T081223Z_peak_feature_importance_gain.csv,474,393,KBDR_is_vis_missing_now,0.0,0
20260226T081223Z,peak,gain,lgbm_20260226T081223Z_peak_feature_importance_gain.csv,475,391,KBDR_is_pressure_missing_now,0.0,0
20260226T081223Z,peak,gain,lgbm_20260226T081223Z_peak_feature_importance_gain.csv,476,389,KBDR_is_rh_missing_now,0.0,0
20260226T081223Z,peak,gain,lgbm_20260226T081223Z_peak_feature_importance_gain.csv,477,384,KBDR_is_temp_missing_now,0.0,0
20260226T081223Z,peak,gain,lgbm_20260226T081223Z_peak_feature_importance_gain.csv,478,382,KISP_cutoff_minutes,0.0,0
20260226T081223Z,peak,gain,lgbm_20260226T081223Z_peak_feature_importance_gain.csv,479,369,KISP_is_vis_missing_now,0.0,0
20260226T081223Z,peak,gain,lgbm_20260226T081223Z_peak_feature_importance_gain.csv,480,367,KISP_is_pressure_missing_now,0.0,0
20260226T081223Z,peak,gain,lgbm_20260226T081223Z_peak_feature_importance_gain.csv,481,365,KISP_is_rh_missing_now,0.0,0
20260226T081223Z,peak,gain,lgbm_20260226T081223Z_peak_feature_importance_gain.csv,482,363,KISP_is_dew_pt_missing_now,0.0,0
20260226T081223Z,peak,gain,lgbm_20260226T081223Z_peak_feature_importance_gain.csv,483,360,KISP_is_temp_missing_now,0.0,0
20260226T081223Z,peak,gain,lgbm_20260226T081223Z_peak_feature_importance_gain.csv,484,358,KHPN_cutoff_minutes,0.0,0
20260226T081223Z,peak,gain,lgbm_20260226T081223Z_peak_feature_importance_gain.csv,485,351,KHPN_is_gust_missing_now,0.0,0
20260226T081223Z,peak,gain,lgbm_20260226T081223Z_peak_feature_importance_gain.csv,486,349,KHPN_is_wdir_missing_now,0.0,0
20260226T081223Z,peak,gain,lgbm_20260226T081223Z_peak_feature_importance_gain.csv,487,345,KHPN_is_vis_missing_now,0.0,0
20260226T081223Z,peak,gain,lgbm_20260226T081223Z_peak_feature_importance_gain.csv,488,343,KHPN_is_pressure_missing_now,0.0,0
20260226T081223Z,peak,gain,lgbm_20260226T081223Z_peak_feature_importance_gain.csv,489,336,KHPN_is_temp_missing_now,0.0,0
20260226T081223Z,peak,gain,lgbm_20260226T081223Z_peak_feature_importance_gain.csv,490,334,KTEB_cutoff_minutes,0.0,0
20260226T081223Z,peak,gain,lgbm_20260226T081223Z_peak_feature_importance_gain.csv,491,321,KTEB_is_vis_missing_now,0.0,0
20260226T081223Z,peak,gain,lgbm_20260226T081223Z_peak_feature_importance_gain.csv,492,317,KTEB_is_rh_missing_now,0.0,0
20260226T081223Z,peak,gain,lgbm_20260226T081223Z_peak_feature_importance_gain.csv,493,315,KTEB_is_dew_pt_missing_now,0.0,0
20260226T081223Z,peak,gain,lgbm_20260226T081223Z_peak_feature_importance_gain.csv,494,312,KTEB_is_temp_missing_now,0.0,0
20260226T081223Z,peak,gain,lgbm_20260226T081223Z_peak_feature_importance_gain.csv,495,310,KEWR_cutoff_minutes,0.0,0
20260226T081223Z,peak,gain,lgbm_20260226T081223Z_peak_feature_importance_gain.csv,496,495,index_y,0.0,0
20260226T081223Z,peak,split,lgbm_20260226T081223Z_peak_feature_importance_split.csv,1,491,tmax_std_30d,246283.04007530207,2810
20260226T081223Z,peak,split,lgbm_20260226T081223Z_peak_feature_importance_split.csv,2,487,tmax_yday,342087.77717876434,2544
20260226T081223Z,peak,split,lgbm_20260226T081223Z_peak_feature_importance_split.csv,3,8,year,650382.4955673218,2280
20260226T081223Z,peak,split,lgbm_20260226T081223Z_peak_feature_importance_split.csv,4,490,tmax_mean_30d,184356.89708328247,2087
20260226T081223Z,peak,split,lgbm_20260226T081223Z_peak_feature_importance_split.csv,5,489,tmax_mean_7d,188853.1755161285,2035
20260226T081223Z,peak,split,lgbm_20260226T081223Z_peak_feature_importance_split.csv,6,488,tmax_2day,177756.91851520538,1745
20260226T081223Z,peak,split,lgbm_20260226T081223Z_peak_feature_importance_split.csv,7,7,doy_cos,208311.43996715543,1713
20260226T081223Z,peak,split,lgbm_20260226T081223Z_peak_feature_importance_split.csv,8,6,doy_sin,117164.15409851074,1529
20260226T081223Z,peak,split,lgbm_20260226T081223Z_peak_feature_importance_split.csv,9,493,climo_rem_delta_mean,1444623.435022354,1370
20260226T081223Z,peak,split,lgbm_20260226T081223Z_peak_feature_importance_split.csv,10,43,time_of_tmax_sofar_min,199631.75258541107,1370
20260226T081223Z,peak,split,lgbm_20260226T081223Z_peak_feature_importance_split.csv,11,41,temp_range_sofar,258681.08571529388,1327
20260226T081223Z,peak,split,lgbm_20260226T081223Z_peak_feature_importance_split.csv,12,5,doy,114718.08419895172,1234
20260226T081223Z,peak,split,lgbm_20260226T081223Z_peak_feature_importance_split.csv,13,494,climo_rem_delta_std,102475.50661182404,1217
20260226T081223Z,peak,split,lgbm_20260226T081223Z_peak_feature_importance_split.csv,14,39,tmax_sofar,170670.74769592285,1166
20260226T081223Z,peak,split,lgbm_20260226T081223Z_peak_feature_importance_split.csv,15,48,pressure_max_sofar,82196.49987602234,1109
20260226T081223Z,peak,split,lgbm_20260226T081223Z_peak_feature_importance_split.csv,16,49,pressure_min_sofar,105451.88910961153,1015
20260226T081223Z,peak,split,lgbm_20260226T081223Z_peak_feature_importance_split.csv,17,45,dew_pt_max_sofar,114683.6590576172,967
20260226T081223Z,peak,split,lgbm_20260226T081223Z_peak_feature_importance_split.csv,18,50,pressure_range_sofar,53148.69875144959,885
20260226T081223Z,peak,split,lgbm_20260226T081223Z_peak_feature_importance_split.csv,19,40,tmin_sofar,72553.44659519196,810
20260226T081223Z,peak,split,lgbm_20260226T081223Z_peak_feature_importance_split.csv,20,47,dew_pt_range_sofar,59217.14257526398,770
20260226T081223Z,peak,split,lgbm_20260226T081223Z_peak_feature_importance_split.csv,21,52,wspd_min_sofar,60659.20298480988,738
20260226T081223Z,peak,split,lgbm_20260226T081223Z_peak_feature_importance_split.csv,22,42,temp_now_minus_tmax,401357.33677101135,699
20260226T081223Z,peak,split,lgbm_20260226T081223Z_peak_feature_importance_split.csv,23,37,coverage_frac_temp,67032.79570102692,675
20260226T081223Z,peak,split,lgbm_20260226T081223Z_peak_feature_importance_split.csv,24,492,index_x,54568.3214597702,659
20260226T081223Z,peak,split,lgbm_20260226T081223Z_peak_feature_importance_split.csv,25,53,wspd_range_sofar,58472.48498725891,635
20260226T081223Z,peak,split,lgbm_20260226T081223Z_peak_feature_importance_split.csv,26,51,wspd_max_sofar,42556.75575256348,565
20260226T081223Z,peak,split,lgbm_20260226T081223Z_peak_feature_importance_split.csv,27,250,pressure_std_diff_360,30549.703866004944,544
20260226T081223Z,peak,split,lgbm_20260226T081223Z_peak_feature_importance_split.csv,28,46,dew_pt_min_sofar,47319.8260679245,543
20260226T081223Z,peak,split,lgbm_20260226T081223Z_peak_feature_importance_split.csv,29,258,wspd_std_diff_360,24166.82112121582,530
20260226T081223Z,peak,split,lgbm_20260226T081223Z_peak_feature_importance_split.csv,30,482,pressure_coastal_minus_inland,37705.76532936096,520
20260226T081223Z,peak,split,lgbm_20260226T081223Z_peak_feature_importance_split.csv,31,55,gust_min_sofar,38378.5096244812,514
20260226T081223Z,peak,split,lgbm_20260226T081223Z_peak_feature_importance_split.csv,32,239,rh_min_360,32514.174550056458,489
20260226T081223Z,peak,split,lgbm_20260226T081223Z_peak_feature_importance_split.csv,33,481,dewpt_coastal_minus_inland,23255.93142604828,486
20260226T081223Z,peak,split,lgbm_20260226T081223Z_peak_feature_importance_split.csv,34,54,gust_max_sofar,42843.05852985382,464
20260226T081223Z,peak,split,lgbm_20260226T081223Z_peak_feature_importance_split.csv,35,234,dew_pt_std_diff_360,23707.142818450928,462
20260226T081223Z,peak,split,lgbm_20260226T081223Z_peak_feature_importance_split.csv,36,9,year_norm,295016.61413764954,454
20260226T081223Z,peak,split,lgbm_20260226T081223Z_peak_feature_importance_split.csv,37,242,rh_std_diff_360,19304.98229598999,430
20260226T081223Z,peak,split,lgbm_20260226T081223Z_peak_feature_importance_split.csv,38,244,pressure_delta_360,25478.736123085026,426
20260226T081223Z,peak,split,lgbm_20260226T081223Z_peak_feature_importance_split.csv,39,243,pressure_prev_360,32276.417775154117,425
20260226T081223Z,peak,split,lgbm_20260226T081223Z_peak_feature_importance_split.csv,40,480,coastal_minus_inland_temp,19338.24960041046,423
20260226T081223Z,peak,split,lgbm_20260226T081223Z_peak_feature_importance_split.csv,41,483,temp_inland_mean_minus_klga,71347.87710475922,421
20260226T081223Z,peak,split,lgbm_20260226T081223Z_peak_feature_importance_split.csv,42,56,gust_range_sofar,23703.42524909973,394
20260226T081223Z,peak,split,lgbm_20260226T081223Z_peak_feature_importance_split.csv,43,58,precip_frac_sofar,30747.672421455383,377
20260226T081223Z,peak,split,lgbm_20260226T081223Z_peak_feature_importance_split.csv,44,230,dew_pt_std_360,21094.801018714905,376
20260226T081223Z,peak,split,lgbm_20260226T081223Z_peak_feature_importance_split.csv,45,222,temp_std_360,19068.73422718048,369
20260226T081223Z,peak,split,lgbm_20260226T081223Z_peak_feature_importance_split.csv,46,226,temp_std_diff_360,19478.185760498047,365
20260226T081223Z,peak,split,lgbm_20260226T081223Z_peak_feature_importance_split.csv,47,240,rh_max_360,28156.56142807007,358
20260226T081223Z,peak,split,lgbm_20260226T081223Z_peak_feature_importance_split.csv,48,254,wspd_std_360,22696.73795032501,351
20260226T081223Z,peak,split,lgbm_20260226T081223Z_peak_feature_importance_split.csv,49,436,temp_diff_KEWR,48312.01476383209,348
20260226T081223Z,peak,split,lgbm_20260226T081223Z_peak_feature_importance_split.csv,50,446,temp_diff_KHPN,46333.58784675598,336
20260226T081223Z,peak,split,lgbm_20260226T081223Z_peak_feature_importance_split.csv,51,235,rh_prev_360,19733.4147939682,332
20260226T081223Z,peak,split,lgbm_20260226T081223Z_peak_feature_importance_split.csv,52,431,temp_diff_KJFK,53164.7762594223,332
20260226T081223Z,peak,split,lgbm_20260226T081223Z_peak_feature_importance_split.csv,53,441,temp_diff_KTEB,70116.04858207703,332
20260226T081223Z,peak,split,lgbm_20260226T081223Z_peak_feature_importance_split.csv,54,414,KMMU_pressure_now,25276.34279060364,325
20260226T081223Z,peak,split,lgbm_20260226T081223Z_peak_feature_importance_split.csv,55,246,pressure_std_360,16516.019505500793,315
20260226T081223Z,peak,split,lgbm_20260226T081223Z_peak_feature_importance_split.csv,56,451,temp_diff_KISP,64345.58973121643,311
20260226T081223Z,peak,split,lgbm_20260226T081223Z_peak_feature_importance_split.csv,57,35,n_obs_sofar,285524.98457336426,308
20260226T081223Z,peak,split,lgbm_20260226T081223Z_peak_feature_importance_split.csv,58,453,pressure_diff_KISP,18588.519176483154,306
20260226T081223Z,peak,split,lgbm_20260226T081223Z_peak_feature_importance_split.csv,59,228,dew_pt_delta_360,20787.33390426636,295
20260226T081223Z,peak,split,lgbm_20260226T081223Z_peak_feature_importance_split.csv,60,224,temp_max_360,42747.559492111206,295
20260226T081223Z,peak,split,lgbm_20260226T081223Z_peak_feature_importance_split.csv,61,412,KMMU_rh_now,15182.773580551147,289
20260226T081223Z,peak,split,lgbm_20260226T081223Z_peak_feature_importance_split.csv,62,0,cutoff_minutes,960398.725309372,282
20260226T081223Z,peak,split,lgbm_20260226T081223Z_peak_feature_importance_split.csv,63,283,KJFK_wdir_sin,18226.93651103973,280
20260226T081223Z,peak,split,lgbm_20260226T081223Z_peak_feature_importance_split.csv,64,307,KEWR_wdir_sin,24263.19263935089,280
20260226T081223Z,peak,split,lgbm_20260226T081223Z_peak_feature_importance_split.csv,65,458,pressure_diff_KBDR,36162.39028453827,280
20260226T081223Z,peak,split,lgbm_20260226T081223Z_peak_feature_importance_split.csv,66,255,wspd_min_360,14041.785610198976,278
20260226T081223Z,peak,split,lgbm_20260226T081223Z_peak_feature_importance_split.csv,67,456,temp_diff_KBDR,11956.876154899595,276
20260226T081223Z,peak,split,lgbm_20260226T081223Z_peak_feature_importance_split.csv,68,248,pressure_max_360,20968.107347488403,273
20260226T081223Z,peak,split,lgbm_20260226T081223Z_peak_feature_importance_split.csv,69,372,KISP_wdir_now,16811.059408187866,269
20260226T081223Z,peak,split,lgbm_20260226T081223Z_peak_feature_importance_split.csv,70,238,rh_std_360,11343.529734611511,267
20260226T081223Z,peak,split,lgbm_20260226T081223Z_peak_feature_importance_split.csv,71,276,KJFK_wdir_now,34523.165722846985,256
20260226T081223Z,peak,split,lgbm_20260226T081223Z_peak_feature_importance_split.csv,72,442,dewpt_diff_KTEB,11633.81584072113,256
20260226T081223Z,peak,split,lgbm_20260226T081223Z_peak_feature_importance_split.csv,73,236,rh_delta_360,25391.68715286255,255
20260226T081223Z,peak,split,lgbm_20260226T081223Z_peak_feature_importance_split.csv,74,44,mins_since_tmax,64831.63554382324,254
20260226T081223Z,peak,split,lgbm_20260226T081223Z_peak_feature_importance_split.csv,75,344,KHPN_vis_now,26944.3641204834,252
20260226T081223Z,peak,split,lgbm_20260226T081223Z_peak_feature_importance_split.csv,76,403,KBDR_wdir_sin,16369.26111125946,250
20260226T081223Z,peak,split,lgbm_20260226T081223Z_peak_feature_importance_split.csv,77,33,wdir_cos,29384.37153434753,247
20260226T081223Z,peak,split,lgbm_20260226T081223Z_peak_feature_importance_split.csv,78,227,dew_pt_prev_360,30266.886205673218,246
20260226T081223Z,peak,split,lgbm_20260226T081223Z_peak_feature_importance_split.csv,79,477,nbr_pressure_range,12204.32450389862,245
20260226T081223Z,peak,split,lgbm_20260226T081223Z_peak_feature_importance_split.csv,80,410,KMMU_dewpt_now,17446.98525428772,244
20260226T081223Z,peak,split,lgbm_20260226T081223Z_peak_feature_importance_split.csv,81,300,KEWR_wdir_now,22445.335097312927,241
20260226T081223Z,peak,split,lgbm_20260226T081223Z_peak_feature_importance_split.csv,82,416,KMMU_vis_now,15857.35511302948,239
20260226T081223Z,peak,split,lgbm_20260226T081223Z_peak_feature_importance_split.csv,83,388,KBDR_rh_now,14257.57718372345,239
20260226T081223Z,peak,split,lgbm_20260226T081223Z_peak_feature_importance_split.csv,84,448,pressure_diff_KHPN,12584.501923561096,238
20260226T081223Z,peak,split,lgbm_20260226T081223Z_peak_feature_importance_split.csv,85,256,wspd_max_360,15754.073315620422,237
20260226T081223Z,peak,split,lgbm_20260226T081223Z_peak_feature_importance_split.csv,86,366,KISP_pressure_now,23109.93389892578,234
20260226T081223Z,peak,split,lgbm_20260226T081223Z_peak_feature_importance_split.csv,87,331,KTEB_wdir_sin,14541.665888786316,234
20260226T081223Z,peak,split,lgbm_20260226T081223Z_peak_feature_importance_split.csv,88,332,KTEB_wdir_cos,13645.067756652832,233
20260226T081223Z,peak,split,lgbm_20260226T081223Z_peak_feature_importance_split.csv,89,461,temp_diff_KMMU,16006.463768005371,233
20260226T081223Z,peak,split,lgbm_20260226T081223Z_peak_feature_importance_split.csv,90,473,nbr_dewpt_range,10558.622311592102,233
20260226T081223Z,peak,split,lgbm_20260226T081223Z_peak_feature_importance_split.csv,91,364,KISP_rh_now,12461.893818855286,233
20260226T081223Z,peak,split,lgbm_20260226T081223Z_peak_feature_importance_split.csv,92,470,nbr_dewpt_mean,21207.561491012573,231
20260226T081223Z,peak,split,lgbm_20260226T081223Z_peak_feature_importance_split.csv,93,268,KJFK_rh_now,13170.300292015076,231
20260226T081223Z,peak,split,lgbm_20260226T081223Z_peak_feature_importance_split.csv,94,390,KBDR_pressure_now,16352.530895233154,228
20260226T081223Z,peak,split,lgbm_20260226T081223Z_peak_feature_importance_split.csv,95,433,pressure_diff_KJFK,20271.653955459595,228
20260226T081223Z,peak,split,lgbm_20260226T081223Z_peak_feature_importance_split.csv,96,25,wdir_now,20938.96249485016,227
20260226T081223Z,peak,split,lgbm_20260226T081223Z_peak_feature_importance_split.csv,97,452,dewpt_diff_KISP,11128.232526779177,225
20260226T081223Z,peak,split,lgbm_20260226T081223Z_peak_feature_importance_split.csv,98,340,KHPN_rh_now,13967.019408226011,223
20260226T081223Z,peak,split,lgbm_20260226T081223Z_peak_feature_importance_split.csv,99,463,pressure_diff_KMMU,10510.251091003418,223
20260226T081223Z,peak,split,lgbm_20260226T081223Z_peak_feature_importance_split.csv,100,284,KJFK_wdir_cos,18133.817640304565,219
20260226T081223Z,peak,split,lgbm_20260226T081223Z_peak_feature_importance_split.csv,101,379,KISP_wdir_sin,19297.80032157898,219
20260226T081223Z,peak,split,lgbm_20260226T081223Z_peak_feature_importance_split.csv,102,316,KTEB_rh_now,12035.156502723694,218
20260226T081223Z,peak,split,lgbm_20260226T081223Z_peak_feature_importance_split.csv,103,180,temp_delta_180,17149.619505882263,216
20260226T081223Z,peak,split,lgbm_20260226T081223Z_peak_feature_importance_split.csv,104,223,temp_min_360,22298.790692329407,215
20260226T081223Z,peak,split,lgbm_20260226T081223Z_peak_feature_importance_split.csv,105,314,KTEB_dewpt_now,14568.52818775177,210
20260226T081223Z,peak,split,lgbm_20260226T081223Z_peak_feature_importance_split.csv,106,182,temp_std_180,16503.37746143341,209
20260226T081223Z,peak,split,lgbm_20260226T081223Z_peak_feature_importance_split.csv,107,247,pressure_min_360,31258.60568332672,209
20260226T081223Z,peak,split,lgbm_20260226T081223Z_peak_feature_importance_split.csv,108,465,dewpoint_depression_diff_KMMU,9766.698018074036,206
20260226T081223Z,peak,split,lgbm_20260226T081223Z_peak_feature_importance_split.csv,109,356,KHPN_wdir_cos,11603.201701164246,205
20260226T081223Z,peak,split,lgbm_20260226T081223Z_peak_feature_importance_split.csv,110,478,temp_coastal_mean,17236.105098724365,204
20260226T081223Z,peak,split,lgbm_20260226T081223Z_peak_feature_importance_split.csv,111,232,dew_pt_max_360,18066.65587902069,201
20260226T081223Z,peak,split,lgbm_20260226T081223Z_peak_feature_importance_split.csv,112,428,KMMU_wdir_cos,8780.541550636292,200
20260226T081223Z,peak,split,lgbm_20260226T081223Z_peak_feature_importance_split.csv,113,427,KMMU_wdir_sin,14591.781023979189,200
20260226T081223Z,peak,split,lgbm_20260226T081223Z_peak_feature_importance_split.csv,114,199,rh_min_180,12526.685096740724,200
20260226T081223Z,peak,split,lgbm_20260226T081223Z_peak_feature_importance_split.csv,115,380,KISP_wdir_cos,13873.1680727005,199
20260226T081223Z,peak,split,lgbm_20260226T081223Z_peak_feature_importance_split.csv,116,324,KTEB_wdir_now,19694.15578174591,197
20260226T081223Z,peak,split,lgbm_20260226T081223Z_peak_feature_importance_split.csv,117,362,KISP_dewpt_now,15938.781262397766,196
20260226T081223Z,peak,split,lgbm_20260226T081223Z_peak_feature_importance_split.csv,118,220,temp_delta_360,10762.29386138916,196
20260226T081223Z,peak,split,lgbm_20260226T081223Z_peak_feature_importance_split.csv,119,437,dewpt_diff_KEWR,7366.754841804504,196
20260226T081223Z,peak,split,lgbm_20260226T081223Z_peak_feature_importance_split.csv,120,462,dewpt_diff_KMMU,9845.45256137848,195
20260226T081223Z,peak,split,lgbm_20260226T081223Z_peak_feature_importance_split.csv,121,467,nbr_temp_min,28688.86700153351,195
20260226T081223Z,peak,split,lgbm_20260226T081223Z_peak_feature_importance_split.csv,122,435,dewpoint_depression_diff_KJFK,11901.146660804749,192
20260226T081223Z,peak,split,lgbm_20260226T081223Z_peak_feature_importance_split.csv,123,348,KHPN_wdir_now,10726.235970497131,192
20260226T081223Z,peak,split,lgbm_20260226T081223Z_peak_feature_importance_split.csv,124,420,KMMU_wdir_now,9240.75395488739,192
20260226T081223Z,peak,split,lgbm_20260226T081223Z_peak_feature_importance_split.csv,125,460,dewpoint_depression_diff_KBDR,8879.41020488739,190
20260226T081223Z,peak,split,lgbm_20260226T081223Z_peak_feature_importance_split.csv,126,308,KEWR_wdir_cos,10308.914630889893,190
20260226T081223Z,peak,split,lgbm_20260226T081223Z_peak_feature_importance_split.csv,127,204,pressure_delta_180,11085.192764282228,189
20260226T081223Z,peak,split,lgbm_20260226T081223Z_peak_feature_importance_split.csv,128,432,dewpt_diff_KJFK,8740.164547920227,189
20260226T081223Z,peak,split,lgbm_20260226T081223Z_peak_feature_importance_split.csv,129,407,KMMU_temp_now,22334.733779907227,188
20260226T081223Z,peak,split,lgbm_20260226T081223Z_peak_feature_importance_split.csv,130,355,KHPN_wdir_sin,16420.025588035583,188
20260226T081223Z,peak,split,lgbm_20260226T081223Z_peak_feature_importance_split.csv,131,292,KEWR_rh_now,10053.569059371948,188
20260226T081223Z,peak,split,lgbm_20260226T081223Z_peak_feature_importance_split.csv,132,10,is_weekend,11336.658224105837,187
20260226T081223Z,peak,split,lgbm_20260226T081223Z_peak_feature_importance_split.csv,133,36,n_obs_temp,16839.961681365967,186
20260226T081223Z,peak,split,lgbm_20260226T081223Z_peak_feature_importance_split.csv,134,140,temp_delta_120,27285.66727924347,185
20260226T081223Z,peak,split,lgbm_20260226T081223Z_peak_feature_importance_split.csv,135,469,nbr_temp_range,8941.918194770813,185
20260226T081223Z,peak,split,lgbm_20260226T081223Z_peak_feature_importance_split.csv,136,32,wdir_sin,27257.65863418579,185
20260226T081223Z,peak,split,lgbm_20260226T081223Z_peak_feature_importance_split.csv,137,396,KBDR_wdir_now,9861.772805213928,184
20260226T081223Z,peak,split,lgbm_20260226T081223Z_peak_feature_importance_split.csv,138,219,temp_prev_360,16068.330976486206,184
20260226T081223Z,peak,split,lgbm_20260226T081223Z_peak_feature_importance_split.csv,139,457,dewpt_diff_KBDR,8529.589456558228,184
20260226T081223Z,peak,split,lgbm_20260226T081223Z_peak_feature_importance_split.csv,140,404,KBDR_wdir_cos,9096.88131904602,183
20260226T081223Z,peak,split,lgbm_20260226T081223Z_peak_feature_importance_split.csv,141,266,KJFK_dewpt_now,12514.800575256348,183
20260226T081223Z,peak,split,lgbm_20260226T081223Z_peak_feature_importance_split.csv,142,383,KBDR_temp_now,14769.107082366943,182
20260226T081223Z,peak,split,lgbm_20260226T081223Z_peak_feature_importance_split.csv,143,429,KMMU_gust_factor,8387.191195487976,182
20260226T081223Z,peak,split,lgbm_20260226T081223Z_peak_feature_importance_split.csv,144,386,KBDR_dewpt_now,14250.870295524595,180
20260226T081223Z,peak,split,lgbm_20260226T081223Z_peak_feature_importance_split.csv,145,455,dewpoint_depression_diff_KISP,9242.360746383669,179
20260226T081223Z,peak,split,lgbm_20260226T081223Z_peak_feature_importance_split.csv,146,471,nbr_dewpt_min,12608.784735679626,178
20260226T081223Z,peak,split,lgbm_20260226T081223Z_peak_feature_importance_split.csv,147,445,dewpoint_depression_diff_KTEB,7559.2422132492065,176
20260226T081223Z,peak,split,lgbm_20260226T081223Z_peak_feature_importance_split.csv,148,195,rh_prev_180,8605.215606689453,175
20260226T081223Z,peak,split,lgbm_20260226T081223Z_peak_feature_importance_split.csv,149,425,KMMU_is_precip_hrly_missing_now,79932.40828323364,174
20260226T081223Z,peak,split,lgbm_20260226T081223Z_peak_feature_importance_split.csv,150,290,KEWR_dewpt_now,13610.638095855713,171
20260226T081223Z,peak,split,lgbm_20260226T081223Z_peak_feature_importance_split.csv,151,368,KISP_vis_now,14740.924876213074,171
20260226T081223Z,peak,split,lgbm_20260226T081223Z_peak_feature_importance_split.csv,152,330,KTEB_dewpoint_depression_now,8597.218482971191,170
20260226T081223Z,peak,split,lgbm_20260226T081223Z_peak_feature_importance_split.csv,153,472,nbr_dewpt_max,10880.879913330078,168
20260226T081223Z,peak,split,lgbm_20260226T081223Z_peak_feature_importance_split.csv,154,342,KHPN_pressure_now,11441.19427394867,168
20260226T081223Z,peak,split,lgbm_20260226T081223Z_peak_feature_importance_split.csv,155,252,wspd_delta_360,19102.93915271759,167
20260226T081223Z,peak,split,lgbm_20260226T081223Z_peak_feature_importance_split.csv,156,450,dewpoint_depression_diff_KHPN,8855.244134902954,165
20260226T081223Z,peak,split,lgbm_20260226T081223Z_peak_feature_importance_split.csv,157,179,temp_prev_180,22495.0081949234,165
20260226T081223Z,peak,split,lgbm_20260226T081223Z_peak_feature_importance_split.csv,158,426,KMMU_dewpoint_depression_now,7578.75547504425,164
20260226T081223Z,peak,split,lgbm_20260226T081223Z_peak_feature_importance_split.csv,159,318,KTEB_pressure_now,10253.129334449768,161
20260226T081223Z,peak,split,lgbm_20260226T081223Z_peak_feature_importance_split.csv,160,447,dewpt_diff_KHPN,6736.201993942261,160
20260226T081223Z,peak,split,lgbm_20260226T081223Z_peak_feature_importance_split.csv,161,200,rh_max_180,9046.830631256104,159
20260226T081223Z,peak,split,lgbm_20260226T081223Z_peak_feature_importance_split.csv,162,225,temp_range_360,13282.850482940674,158
20260226T081223Z,peak,split,lgbm_20260226T081223Z_peak_feature_importance_split.csv,163,479,temp_inland_mean,9728.593782424929,157
20260226T081223Z,peak,split,lgbm_20260226T081223Z_peak_feature_importance_split.csv,164,231,dew_pt_min_360,11201.856412887571,157
20260226T081223Z,peak,split,lgbm_20260226T081223Z_peak_feature_importance_split.csv,165,359,KISP_temp_now,11211.227802276611,154
20260226T081223Z,peak,split,lgbm_20260226T081223Z_peak_feature_importance_split.csv,166,418,KMMU_wspd_now,6472.378991127014,153
20260226T081223Z,peak,split,lgbm_20260226T081223Z_peak_feature_importance_split.csv,167,251,wspd_prev_360,7363.977883338928,153
20260226T081223Z,peak,split,lgbm_20260226T081223Z_peak_feature_importance_split.csv,168,298,KEWR_wspd_now,11859.492378234863,151
20260226T081223Z,peak,split,lgbm_20260226T081223Z_peak_feature_importance_split.csv,169,263,KJFK_temp_now,9900.813592910768,151
20260226T081223Z,peak,split,lgbm_20260226T081223Z_peak_feature_importance_split.csv,170,381,KISP_gust_factor,5517.0085525512695,150
20260226T081223Z,peak,split,lgbm_20260226T081223Z_peak_feature_importance_split.csv,171,203,pressure_prev_180,14168.237601280212,150
20260226T081223Z,peak,split,lgbm_20260226T081223Z_peak_feature_importance_split.csv,172,196,rh_delta_180,7169.550019264221,150
20260226T081223Z,peak,split,lgbm_20260226T081223Z_peak_feature_importance_split.csv,173,440,dewpoint_depression_diff_KEWR,6962.251330375671,149
20260226T081223Z,peak,split,lgbm_20260226T081223Z_peak_feature_importance_split.csv,174,183,temp_min_180,14894.250081062317,146
20260226T081223Z,peak,split,lgbm_20260226T081223Z_peak_feature_importance_split.csv,175,338,KHPN_dewpt_now,11259.680130958555,146
20260226T081223Z,peak,split,lgbm_20260226T081223Z_peak_feature_importance_split.csv,176,198,rh_std_180,5716.89017868042,144
20260226T081223Z,peak,split,lgbm_20260226T081223Z_peak_feature_importance_split.csv,177,215,wspd_min_180,6855.880233764648,144
20260226T081223Z,peak,split,lgbm_20260226T081223Z_peak_feature_importance_split.csv,178,459,wspd_diff_KBDR,7169.928296089172,144
20260226T081223Z,peak,split,lgbm_20260226T081223Z_peak_feature_importance_split.csv,179,405,KBDR_gust_factor,6642.803749084473,144
20260226T081223Z,peak,split,lgbm_20260226T081223Z_peak_feature_importance_split.csv,180,378,KISP_dewpoint_depression_now,9545.110708236694,144
20260226T081223Z,peak,split,lgbm_20260226T081223Z_peak_feature_importance_split.csv,181,311,KTEB_temp_now,11500.455002784727,143
20260226T081223Z,peak,split,lgbm_20260226T081223Z_peak_feature_importance_split.csv,182,257,wspd_range_360,18624.084362983704,143
20260226T081223Z,peak,split,lgbm_20260226T081223Z_peak_feature_importance_split.csv,183,274,KJFK_wspd_now,6307.486813545227,142
20260226T081223Z,peak,split,lgbm_20260226T081223Z_peak_feature_importance_split.csv,184,216,wspd_max_180,10544.12127494812,141
20260226T081223Z,peak,split,lgbm_20260226T081223Z_peak_feature_importance_split.csv,185,333,KTEB_gust_factor,5893.605473518372,139
20260226T081223Z,peak,split,lgbm_20260226T081223Z_peak_feature_importance_split.csv,186,186,temp_std_diff_180,6182.938601493835,138
20260226T081223Z,peak,split,lgbm_20260226T081223Z_peak_feature_importance_split.csv,187,249,pressure_range_360,7326.991285324097,137
20260226T081223Z,peak,split,lgbm_20260226T081223Z_peak_feature_importance_split.csv,188,474,nbr_pressure_mean,10215.827753067017,136
20260226T081223Z,peak,split,lgbm_20260226T081223Z_peak_feature_importance_split.csv,189,402,KBDR_dewpoint_depression_now,6451.708587646484,133
20260226T081223Z,peak,split,lgbm_20260226T081223Z_peak_feature_importance_split.csv,190,309,KEWR_gust_factor,4890.397358894348,132
20260226T081223Z,peak,split,lgbm_20260226T081223Z_peak_feature_importance_split.csv,191,394,KBDR_wspd_now,5509.5668115615845,130
20260226T081223Z,peak,split,lgbm_20260226T081223Z_peak_feature_importance_split.csv,192,285,KJFK_gust_factor,5239.331280708313,130
20260226T081223Z,peak,split,lgbm_20260226T081223Z_peak_feature_importance_split.csv,193,392,KBDR_vis_now,9682.872599601746,129
20260226T081223Z,peak,split,lgbm_20260226T081223Z_peak_feature_importance_split.csv,194,262,temp_drop_from_peak,70388.05906391144,129
20260226T081223Z,peak,split,lgbm_20260226T081223Z_peak_feature_importance_split.csv,195,354,KHPN_dewpoint_depression_now,6272.262173652649,126
20260226T081223Z,peak,split,lgbm_20260226T081223Z_peak_feature_importance_split.csv,196,434,wspd_diff_KJFK,4972.549806594849,125
20260226T081223Z,peak,split,lgbm_20260226T081223Z_peak_feature_importance_split.csv,197,184,temp_max_180,15742.63771533966,124
20260226T081223Z,peak,split,lgbm_20260226T081223Z_peak_feature_importance_split.csv,198,214,wspd_std_180,4737.553185462952,124
20260226T081223Z,peak,split,lgbm_20260226T081223Z_peak_feature_importance_split.csv,199,454,wspd_diff_KISP,5009.175819396973,123
20260226T081223Z,peak,split,lgbm_20260226T081223Z_peak_feature_importance_split.csv,200,296,KEWR_vis_now,11398.98513031006,122
20260226T081223Z,peak,split,lgbm_20260226T081223Z_peak_feature_importance_split.csv,201,335,KHPN_temp_now,9263.53023815155,122
20260226T081223Z,peak,split,lgbm_20260226T081223Z_peak_feature_importance_split.csv,202,218,wspd_std_diff_180,4243.169588088989,121
20260226T081223Z,peak,split,lgbm_20260226T081223Z_peak_feature_importance_split.csv,203,443,pressure_diff_KTEB,4721.864619255066,120
20260226T081223Z,peak,split,lgbm_20260226T081223Z_peak_feature_importance_split.csv,204,306,KEWR_dewpoint_depression_now,7013.51589679718,120
20260226T081223Z,peak,split,lgbm_20260226T081223Z_peak_feature_importance_split.csv,205,322,KTEB_wspd_now,48598.7223739624,120
20260226T081223Z,peak,split,lgbm_20260226T081223Z_peak_feature_importance_split.csv,206,346,KHPN_wspd_now,7139.012746810913,118
20260226T081223Z,peak,split,lgbm_20260226T081223Z_peak_feature_importance_split.csv,207,464,wspd_diff_KMMU,7222.119959831238,117
20260226T081223Z,peak,split,lgbm_20260226T081223Z_peak_feature_importance_split.csv,208,270,KJFK_pressure_now,9976.553233146667,117
20260226T081223Z,peak,split,lgbm_20260226T081223Z_peak_feature_importance_split.csv,209,188,dew_pt_delta_180,8404.680249214172,116
20260226T081223Z,peak,split,lgbm_20260226T081223Z_peak_feature_importance_split.csv,210,287,KEWR_temp_now,7818.721250534058,116
20260226T081223Z,peak,split,lgbm_20260226T081223Z_peak_feature_importance_split.csv,211,207,pressure_min_180,22267.68529605865,115
20260226T081223Z,peak,split,lgbm_20260226T081223Z_peak_feature_importance_split.csv,212,241,rh_range_360,5872.989388465881,115
20260226T081223Z,peak,split,lgbm_20260226T081223Z_peak_feature_importance_split.csv,213,34,gust_factor,4000.51368522644,114
20260226T081223Z,peak,split,lgbm_20260226T081223Z_peak_feature_importance_split.csv,214,142,temp_std_120,8567.457264900208,113
20260226T081223Z,peak,split,lgbm_20260226T081223Z_peak_feature_importance_split.csv,215,282,KJFK_dewpoint_depression_now,6612.910388946533,112
20260226T081223Z,peak,split,lgbm_20260226T081223Z_peak_feature_importance_split.csv,216,194,dew_pt_std_diff_180,4138.718952178955,112
20260226T081223Z,peak,split,lgbm_20260226T081223Z_peak_feature_importance_split.csv,217,163,pressure_prev_120,13255.94284439087,111
20260226T081223Z,peak,split,lgbm_20260226T081223Z_peak_feature_importance_split.csv,218,294,KEWR_pressure_now,11921.234972953796,110
20260226T081223Z,peak,split,lgbm_20260226T081223Z_peak_feature_importance_split.csv,219,206,pressure_std_180,4955.202598571777,110
20260226T081223Z,peak,split,lgbm_20260226T081223Z_peak_feature_importance_split.csv,220,191,dew_pt_min_180,6354.011820793152,110
20260226T081223Z,peak,split,lgbm_20260226T081223Z_peak_feature_importance_split.csv,221,466,nbr_temp_mean,6741.749799728394,109
20260226T081223Z,peak,split,lgbm_20260226T081223Z_peak_feature_importance_split.csv,222,164,pressure_delta_120,6515.216830253601,108
20260226T081223Z,peak,split,lgbm_20260226T081223Z_peak_feature_importance_split.csv,223,259,temp_accel_60_180,3981.81890296936,108
20260226T081223Z,peak,split,lgbm_20260226T081223Z_peak_feature_importance_split.csv,224,370,KISP_wspd_now,4728.806104660034,106
20260226T081223Z,peak,split,lgbm_20260226T081223Z_peak_feature_importance_split.csv,225,31,dewpoint_depression_now,12007.83639907837,106
20260226T081223Z,peak,split,lgbm_20260226T081223Z_peak_feature_importance_split.csv,226,124,pressure_delta_60,8402.729803085327,105
20260226T081223Z,peak,split,lgbm_20260226T081223Z_peak_feature_importance_split.csv,227,190,dew_pt_std_180,4061.788938522339,105
20260226T081223Z,peak,split,lgbm_20260226T081223Z_peak_feature_importance_split.csv,228,155,rh_prev_120,5389.745176315308,104
20260226T081223Z,peak,split,lgbm_20260226T081223Z_peak_feature_importance_split.csv,229,187,dew_pt_prev_180,9404.67842388153,103
20260226T081223Z,peak,split,lgbm_20260226T081223Z_peak_feature_importance_split.csv,230,211,wspd_prev_180,4667.461200714111,102
20260226T081223Z,peak,split,lgbm_20260226T081223Z_peak_feature_importance_split.csv,231,476,nbr_pressure_max,7325.535280227661,102
20260226T081223Z,peak,split,lgbm_20260226T081223Z_peak_feature_importance_split.csv,232,139,temp_prev_120,12489.51351070404,100
20260226T081223Z,peak,split,lgbm_20260226T081223Z_peak_feature_importance_split.csv,233,159,rh_min_120,6336.010509490967,99
20260226T081223Z,peak,split,lgbm_20260226T081223Z_peak_feature_importance_split.csv,234,233,dew_pt_range_360,5064.066040039063,98
20260226T081223Z,peak,split,lgbm_20260226T081223Z_peak_feature_importance_split.csv,235,449,wspd_diff_KHPN,4068.105598449707,97
20260226T081223Z,peak,split,lgbm_20260226T081223Z_peak_feature_importance_split.csv,236,115,rh_prev_60,6219.917692184448,96
20260226T081223Z,peak,split,lgbm_20260226T081223Z_peak_feature_importance_split.csv,237,208,pressure_max_180,8600.048468589783,96
20260226T081223Z,peak,split,lgbm_20260226T081223Z_peak_feature_importance_split.csv,238,357,KHPN_gust_factor,4198.885413169861,95
20260226T081223Z,peak,split,lgbm_20260226T081223Z_peak_feature_importance_split.csv,239,202,rh_std_diff_180,3330.961708068848,92
20260226T081223Z,peak,split,lgbm_20260226T081223Z_peak_feature_importance_split.csv,240,245,pressure_slope_360,6285.002585411072,91
20260226T081223Z,peak,split,lgbm_20260226T081223Z_peak_feature_importance_split.csv,241,210,pressure_std_diff_180,3145.971287727356,91
20260226T081223Z,peak,split,lgbm_20260226T081223Z_peak_feature_importance_split.csv,242,468,nbr_temp_max,7391.388993263245,90
20260226T081223Z,peak,split,lgbm_20260226T081223Z_peak_feature_importance_split.csv,243,175,wspd_min_120,4324.764710426331,89
20260226T081223Z,peak,split,lgbm_20260226T081223Z_peak_feature_importance_split.csv,244,439,wspd_diff_KEWR,3262.7253885269165,89
20260226T081223Z,peak,split,lgbm_20260226T081223Z_peak_feature_importance_split.csv,245,156,rh_delta_120,3731.8568000793457,88
20260226T081223Z,peak,split,lgbm_20260226T081223Z_peak_feature_importance_split.csv,246,11,is_dst,23818.12127399445,88
20260226T081223Z,peak,split,lgbm_20260226T081223Z_peak_feature_importance_split.csv,247,475,nbr_pressure_min,6826.14877986908,86
20260226T081223Z,peak,split,lgbm_20260226T081223Z_peak_feature_importance_split.csv,248,21,vis_now,5618.6007442474365,85
20260226T081223Z,peak,split,lgbm_20260226T081223Z_peak_feature_importance_split.csv,249,4,cutoff_cos,3267.6726112365723,85
20260226T081223Z,peak,split,lgbm_20260226T081223Z_peak_feature_importance_split.csv,250,148,dew_pt_delta_120,4547.749076843262,84
20260226T081223Z,peak,split,lgbm_20260226T081223Z_peak_feature_importance_split.csv,251,160,rh_max_120,4146.391679763794,84
20260226T081223Z,peak,split,lgbm_20260226T081223Z_peak_feature_importance_split.csv,252,176,wspd_max_120,6919.710609436035,83
20260226T081223Z,peak,split,lgbm_20260226T081223Z_peak_feature_importance_split.csv,253,320,KTEB_vis_now,6029.595509529114,83
20260226T081223Z,peak,split,lgbm_20260226T081223Z_peak_feature_importance_split.csv,254,171,wspd_prev_120,2924.1159086227417,82
20260226T081223Z,peak,split,lgbm_20260226T081223Z_peak_feature_importance_split.csv,255,422,KMMU_gust_now,5795.586308479309,81
20260226T081223Z,peak,split,lgbm_20260226T081223Z_peak_feature_importance_split.csv,256,212,wspd_delta_180,3511.7406902313232,80
20260226T081223Z,peak,split,lgbm_20260226T081223Z_peak_feature_importance_split.csv,257,272,KJFK_vis_now,7216.057786941528,80
20260226T081223Z,peak,split,lgbm_20260226T081223Z_peak_feature_importance_split.csv,258,438,pressure_diff_KEWR,3690.349998474121,79
20260226T081223Z,peak,split,lgbm_20260226T081223Z_peak_feature_importance_split.csv,259,484,temp_jfk_minus_klga,12640.081182479858,75
20260226T081223Z,peak,split,lgbm_20260226T081223Z_peak_feature_importance_split.csv,260,100,temp_delta_60,18401.716395378116,74
20260226T081223Z,peak,split,lgbm_20260226T081223Z_peak_feature_importance_split.csv,261,131,wspd_prev_60,2726.060309410095,71
20260226T081223Z,peak,split,lgbm_20260226T081223Z_peak_feature_importance_split.csv,262,172,wspd_delta_120,2640.8321113586426,70
20260226T081223Z,peak,split,lgbm_20260226T081223Z_peak_feature_importance_split.csv,263,229,dew_pt_slope_360,4911.304676055908,68
20260226T081223Z,peak,split,lgbm_20260226T081223Z_peak_feature_importance_split.csv,264,144,temp_max_120,6552.893624305725,67
20260226T081223Z,peak,split,lgbm_20260226T081223Z_peak_feature_importance_split.csv,265,147,dew_pt_prev_120,4220.764490127564,67
20260226T081223Z,peak,split,lgbm_20260226T081223Z_peak_feature_importance_split.csv,266,143,temp_min_120,6088.082045555115,65
20260226T081223Z,peak,split,lgbm_20260226T081223Z_peak_feature_importance_split.csv,267,168,pressure_max_120,5764.263049125671,64
20260226T081223Z,peak,split,lgbm_20260226T081223Z_peak_feature_importance_split.csv,268,123,pressure_prev_60,4925.431003570557,62
20260226T081223Z,peak,split,lgbm_20260226T081223Z_peak_feature_importance_split.csv,269,192,dew_pt_max_180,4566.255383491516,62
20260226T081223Z,peak,split,lgbm_20260226T081223Z_peak_feature_importance_split.csv,270,99,temp_prev_60,4805.400315284729,61
20260226T081223Z,peak,split,lgbm_20260226T081223Z_peak_feature_importance_split.csv,271,151,dew_pt_min_120,3977.8839988708496,60
20260226T081223Z,peak,split,lgbm_20260226T081223Z_peak_feature_importance_split.csv,272,329,KTEB_is_precip_hrly_missing_now,9103.524871826172,60
20260226T081223Z,peak,split,lgbm_20260226T081223Z_peak_feature_importance_split.csv,273,409,KMMU_age_min_temp,3673.466306686402,59
20260226T081223Z,peak,split,lgbm_20260226T081223Z_peak_feature_importance_split.csv,274,119,rh_min_60,3317.690505027771,56
20260226T081223Z,peak,split,lgbm_20260226T081223Z_peak_feature_importance_split.csv,275,17,rh_now,3739.896327972412,55
20260226T081223Z,peak,split,lgbm_20260226T081223Z_peak_feature_importance_split.csv,276,444,wspd_diff_KTEB,2055.806704521179,55
20260226T081223Z,peak,split,lgbm_20260226T081223Z_peak_feature_importance_split.csv,277,237,rh_slope_360,4409.153195381165,54
20260226T081223Z,peak,split,lgbm_20260226T081223Z_peak_feature_importance_split.csv,278,136,wspd_max_60,30983.06853961945,54
20260226T081223Z,peak,split,lgbm_20260226T081223Z_peak_feature_importance_split.csv,279,1,cutoff_hour,36152.8657245636,53
20260226T081223Z,peak,split,lgbm_20260226T081223Z_peak_feature_importance_split.csv,280,374,KISP_gust_now,2208.6594095230103,52
20260226T081223Z,peak,split,lgbm_20260226T081223Z_peak_feature_importance_split.csv,281,181,temp_slope_180,3019.97372341156,49
20260226T081223Z,peak,split,lgbm_20260226T081223Z_peak_feature_importance_split.csv,282,132,wspd_delta_60,1431.2126007080078,49
20260226T081223Z,peak,split,lgbm_20260226T081223Z_peak_feature_importance_split.csv,283,167,pressure_min_120,3299.5877075195312,49
20260226T081223Z,peak,split,lgbm_20260226T081223Z_peak_feature_importance_split.csv,284,12,temp_now,4251.71314239502,49
20260226T081223Z,peak,split,lgbm_20260226T081223Z_peak_feature_importance_split.csv,285,116,rh_delta_60,1736.5176076889038,48
20260226T081223Z,peak,split,lgbm_20260226T081223Z_peak_feature_importance_split.csv,286,174,wspd_std_120,1620.8465127944946,46
20260226T081223Z,peak,split,lgbm_20260226T081223Z_peak_feature_importance_split.csv,287,27,gust_now,4545.932813644409,46
20260226T081223Z,peak,split,lgbm_20260226T081223Z_peak_feature_importance_split.csv,288,326,KTEB_gust_now,2617.242505073548,46
20260226T081223Z,peak,split,lgbm_20260226T081223Z_peak_feature_importance_split.csv,289,377,KISP_is_precip_hrly_missing_now,5123.175336837769,46
20260226T081223Z,peak,split,lgbm_20260226T081223Z_peak_feature_importance_split.csv,290,158,rh_std_120,1550.9677982330322,45
20260226T081223Z,peak,split,lgbm_20260226T081223Z_peak_feature_importance_split.csv,291,302,KEWR_gust_now,2521.7244749069214,45
20260226T081223Z,peak,split,lgbm_20260226T081223Z_peak_feature_importance_split.csv,292,128,pressure_max_60,3537.0808143615723,45
20260226T081223Z,peak,split,lgbm_20260226T081223Z_peak_feature_importance_split.csv,293,107,dew_pt_prev_60,3143.067483901977,45
20260226T081223Z,peak,split,lgbm_20260226T081223Z_peak_feature_importance_split.csv,294,289,KEWR_age_min_temp,3317.1172800064087,44
20260226T081223Z,peak,split,lgbm_20260226T081223Z_peak_feature_importance_split.csv,295,150,dew_pt_std_120,1750.3393096923828,44
20260226T081223Z,peak,split,lgbm_20260226T081223Z_peak_feature_importance_split.csv,296,120,rh_max_60,2686.0936098098755,44
20260226T081223Z,peak,split,lgbm_20260226T081223Z_peak_feature_importance_split.csv,297,166,pressure_std_120,1801.7284088134768,44
20260226T081223Z,peak,split,lgbm_20260226T081223Z_peak_feature_importance_split.csv,298,104,temp_max_60,3269.669874191284,44
20260226T081223Z,peak,split,lgbm_20260226T081223Z_peak_feature_importance_split.csv,299,15,dewpt_now,2465.935779571533,44
20260226T081223Z,peak,split,lgbm_20260226T081223Z_peak_feature_importance_split.csv,300,127,pressure_min_60,10691.769035339355,44
20260226T081223Z,peak,split,lgbm_20260226T081223Z_peak_feature_importance_split.csv,301,305,KEWR_is_precip_hrly_missing_now,3965.787833213806,43
20260226T081223Z,peak,split,lgbm_20260226T081223Z_peak_feature_importance_split.csv,302,313,KTEB_age_min_temp,1601.669822692871,42
20260226T081223Z,peak,split,lgbm_20260226T081223Z_peak_feature_importance_split.csv,303,385,KBDR_age_min_temp,4171.656097412109,42
20260226T081223Z,peak,split,lgbm_20260226T081223Z_peak_feature_importance_split.csv,304,19,pressure_now,2892.3005170822144,42
20260226T081223Z,peak,split,lgbm_20260226T081223Z_peak_feature_importance_split.csv,305,152,dew_pt_max_120,2748.490711212158,41
20260226T081223Z,peak,split,lgbm_20260226T081223Z_peak_feature_importance_split.csv,306,135,wspd_min_60,2716.312623023987,41
20260226T081223Z,peak,split,lgbm_20260226T081223Z_peak_feature_importance_split.csv,307,281,KJFK_is_precip_hrly_missing_now,3817.008397102356,39
20260226T081223Z,peak,split,lgbm_20260226T081223Z_peak_feature_importance_split.csv,308,23,wspd_now,1935.7919101715088,38
20260226T081223Z,peak,split,lgbm_20260226T081223Z_peak_feature_importance_split.csv,309,111,dew_pt_min_60,1964.4646911621091,38
20260226T081223Z,peak,split,lgbm_20260226T081223Z_peak_feature_importance_split.csv,310,103,temp_min_60,3708.950281143189,37
20260226T081223Z,peak,split,lgbm_20260226T081223Z_peak_feature_importance_split.csv,311,413,KMMU_is_rh_missing_now,3155.112995147705,37
20260226T081223Z,peak,split,lgbm_20260226T081223Z_peak_feature_importance_split.csv,312,209,pressure_range_180,1286.236099243164,37
20260226T081223Z,peak,split,lgbm_20260226T081223Z_peak_feature_importance_split.csv,313,411,KMMU_is_dew_pt_missing_now,2365.888982772827,36
20260226T081223Z,peak,split,lgbm_20260226T081223Z_peak_feature_importance_split.csv,314,201,rh_range_180,1666.0637893676758,36
20260226T081223Z,peak,split,lgbm_20260226T081223Z_peak_feature_importance_split.csv,315,350,KHPN_gust_now,1435.8791904449463,35
20260226T081223Z,peak,split,lgbm_20260226T081223Z_peak_feature_importance_split.csv,316,221,temp_slope_360,1126.0482063293457,34
20260226T081223Z,peak,split,lgbm_20260226T081223Z_peak_feature_importance_split.csv,317,352,KHPN_precip_hrly_now,1910.1018953323364,34
20260226T081223Z,peak,split,lgbm_20260226T081223Z_peak_feature_importance_split.csv,318,253,wspd_slope_360,6739.436075210571,33
20260226T081223Z,peak,split,lgbm_20260226T081223Z_peak_feature_importance_split.csv,319,337,KHPN_age_min_temp,2470.7735271453857,33
20260226T081223Z,peak,split,lgbm_20260226T081223Z_peak_feature_importance_split.csv,320,141,temp_slope_120,4435.532781600952,31
20260226T081223Z,peak,split,lgbm_20260226T081223Z_peak_feature_importance_split.csv,321,353,KHPN_is_precip_hrly_missing_now,2740.3292121887207,28
20260226T081223Z,peak,split,lgbm_20260226T081223Z_peak_feature_importance_split.csv,322,75,rh_prev_30,1573.5671844482422,28
20260226T081223Z,peak,split,lgbm_20260226T081223Z_peak_feature_importance_split.csv,323,197,rh_slope_180,1483.3360147476196,28
20260226T081223Z,peak,split,lgbm_20260226T081223Z_peak_feature_importance_split.csv,324,30,is_precip_hrly_missing_now,2002.614402770996,27
20260226T081223Z,peak,split,lgbm_20260226T081223Z_peak_feature_importance_split.csv,325,178,wspd_std_diff_120,1037.9485006332395,27
20260226T081223Z,peak,split,lgbm_20260226T081223Z_peak_feature_importance_split.csv,326,205,pressure_slope_180,1739.5078258514404,27
20260226T081223Z,peak,split,lgbm_20260226T081223Z_peak_feature_importance_split.csv,327,217,wspd_range_180,920.6875295639038,26
20260226T081223Z,peak,split,lgbm_20260226T081223Z_peak_feature_importance_split.csv,328,112,dew_pt_max_60,1903.01389503479,26
20260226T081223Z,peak,split,lgbm_20260226T081223Z_peak_feature_importance_split.csv,329,3,cutoff_sin,10865.322991371157,26
20260226T081223Z,peak,split,lgbm_20260226T081223Z_peak_feature_importance_split.csv,330,170,pressure_std_diff_120,1126.94061088562,24
20260226T081223Z,peak,split,lgbm_20260226T081223Z_peak_feature_importance_split.csv,331,108,dew_pt_delta_60,963.6419982910156,24
20260226T081223Z,peak,split,lgbm_20260226T081223Z_peak_feature_importance_split.csv,332,185,temp_range_180,1374.531805038452,24
20260226T081223Z,peak,split,lgbm_20260226T081223Z_peak_feature_importance_split.csv,333,265,KJFK_age_min_temp,2321.9854049682617,23
20260226T081223Z,peak,split,lgbm_20260226T081223Z_peak_feature_importance_split.csv,334,125,pressure_slope_60,2515.7724742889404,23
20260226T081223Z,peak,split,lgbm_20260226T081223Z_peak_feature_importance_split.csv,335,189,dew_pt_slope_180,883.3339033126831,22
20260226T081223Z,peak,split,lgbm_20260226T081223Z_peak_feature_importance_split.csv,336,485,temp_north_mean,1748.7287130355835,22
20260226T081223Z,peak,split,lgbm_20260226T081223Z_peak_feature_importance_split.csv,337,278,KJFK_gust_now,804.5608005523682,22
20260226T081223Z,peak,split,lgbm_20260226T081223Z_peak_feature_importance_split.csv,338,57,any_precip_sofar,1567.5668087005615,21
20260226T081223Z,peak,split,lgbm_20260226T081223Z_peak_feature_importance_split.csv,339,165,pressure_slope_120,1792.7016830444336,21
20260226T081223Z,peak,split,lgbm_20260226T081223Z_peak_feature_importance_split.csv,340,486,temp_urban_fringe_mean,1507.092318534851,20
20260226T081223Z,peak,split,lgbm_20260226T081223Z_peak_feature_importance_split.csv,341,173,wspd_slope_120,545.6631994247437,20
20260226T081223Z,peak,split,lgbm_20260226T081223Z_peak_feature_importance_split.csv,342,149,dew_pt_slope_120,622.2996959686279,20
20260226T081223Z,peak,split,lgbm_20260226T081223Z_peak_feature_importance_split.csv,343,401,KBDR_is_precip_hrly_missing_now,1746.8716201782229,19
20260226T081223Z,peak,split,lgbm_20260226T081223Z_peak_feature_importance_split.csv,344,419,KMMU_is_wspd_missing_now,1149.7690935134888,19
20260226T081223Z,peak,split,lgbm_20260226T081223Z_peak_feature_importance_split.csv,345,157,rh_slope_120,664.6936950683594,19
20260226T081223Z,peak,split,lgbm_20260226T081223Z_peak_feature_importance_split.csv,346,59,temp_prev_30,2428.8743028640747,19
20260226T081223Z,peak,split,lgbm_20260226T081223Z_peak_feature_importance_split.csv,347,361,KISP_age_min_temp,1355.9289855957031,19
20260226T081223Z,peak,split,lgbm_20260226T081223Z_peak_feature_importance_split.csv,348,304,KEWR_precip_hrly_now,5082.75714302063,19
20260226T081223Z,peak,split,lgbm_20260226T081223Z_peak_feature_importance_split.csv,349,146,temp_std_diff_120,838.1009044647217,18
20260226T081223Z,peak,split,lgbm_20260226T081223Z_peak_feature_importance_split.csv,350,376,KISP_precip_hrly_now,1577.1566047668457,18
20260226T081223Z,peak,split,lgbm_20260226T081223Z_peak_feature_importance_split.csv,351,87,pressure_min_30,1671.616123199463,16
20260226T081223Z,peak,split,lgbm_20260226T081223Z_peak_feature_importance_split.csv,352,67,dew_pt_prev_30,1185.405101776123,16
20260226T081223Z,peak,split,lgbm_20260226T081223Z_peak_feature_importance_split.csv,353,145,temp_range_120,981.0385932922364,16
20260226T081223Z,peak,split,lgbm_20260226T081223Z_peak_feature_importance_split.csv,354,193,dew_pt_range_180,504.0081987380981,16
20260226T081223Z,peak,split,lgbm_20260226T081223Z_peak_feature_importance_split.csv,355,162,rh_std_diff_120,1612.9587697982788,15
20260226T081223Z,peak,split,lgbm_20260226T081223Z_peak_feature_importance_split.csv,356,398,KBDR_gust_now,760.0772886276245,15
20260226T081223Z,peak,split,lgbm_20260226T081223Z_peak_feature_importance_split.csv,357,395,KBDR_is_wspd_missing_now,396.810001373291,13
20260226T081223Z,peak,split,lgbm_20260226T081223Z_peak_feature_importance_split.csv,358,83,pressure_prev_30,1657.0741367340088,13
20260226T081223Z,peak,split,lgbm_20260226T081223Z_peak_feature_importance_split.csv,359,177,wspd_range_120,407.8267002105713,13
20260226T081223Z,peak,split,lgbm_20260226T081223Z_peak_feature_importance_split.csv,360,213,wspd_slope_180,577.5129070281982,13
20260226T081223Z,peak,split,lgbm_20260226T081223Z_peak_feature_importance_split.csv,361,161,rh_range_120,417.4897985458374,13
20260226T081223Z,peak,split,lgbm_20260226T081223Z_peak_feature_importance_split.csv,362,102,temp_std_60,188.77245998382568,12
20260226T081223Z,peak,split,lgbm_20260226T081223Z_peak_feature_importance_split.csv,363,91,wspd_prev_30,431.0267028808594,12
20260226T081223Z,peak,split,lgbm_20260226T081223Z_peak_feature_importance_split.csv,364,96,wspd_max_30,21373.178762435917,12
20260226T081223Z,peak,split,lgbm_20260226T081223Z_peak_feature_importance_split.csv,365,14,age_min_temp,1151.9394931793213,11
20260226T081223Z,peak,split,lgbm_20260226T081223Z_peak_feature_importance_split.csv,366,109,dew_pt_slope_60,772.8273906707764,11
20260226T081223Z,peak,split,lgbm_20260226T081223Z_peak_feature_importance_split.csv,367,280,KJFK_precip_hrly_now,1708.8530225753784,11
20260226T081223Z,peak,split,lgbm_20260226T081223Z_peak_feature_importance_split.csv,368,79,rh_min_30,708.8152961730957,11
20260226T081223Z,peak,split,lgbm_20260226T081223Z_peak_feature_importance_split.csv,369,169,pressure_range_120,1923.35457611084,11
20260226T081223Z,peak,split,lgbm_20260226T081223Z_peak_feature_importance_split.csv,370,154,dew_pt_std_diff_120,435.39800548553467,10
20260226T081223Z,peak,split,lgbm_20260226T081223Z_peak_feature_importance_split.csv,371,101,temp_slope_60,1091.9658756256104,10
20260226T081223Z,peak,split,lgbm_20260226T081223Z_peak_feature_importance_split.csv,372,88,pressure_max_30,617.4839992523193,10
20260226T081223Z,peak,split,lgbm_20260226T081223Z_peak_feature_importance_split.csv,373,62,temp_std_30,346.0023021697998,9
20260226T081223Z,peak,split,lgbm_20260226T081223Z_peak_feature_importance_split.csv,374,328,KTEB_precip_hrly_now,289.30909729003906,9
20260226T081223Z,peak,split,lgbm_20260226T081223Z_peak_feature_importance_split.csv,375,63,temp_min_30,394.1255035400391,8
20260226T081223Z,peak,split,lgbm_20260226T081223Z_peak_feature_importance_split.csv,376,71,dew_pt_min_30,206.73449993133545,6
20260226T081223Z,peak,split,lgbm_20260226T081223Z_peak_feature_importance_split.csv,377,400,KBDR_precip_hrly_now,301.9520969390869,6
20260226T081223Z,peak,split,lgbm_20260226T081223Z_peak_feature_importance_split.csv,378,371,KISP_is_wspd_missing_now,455.7304935455322,6
20260226T081223Z,peak,split,lgbm_20260226T081223Z_peak_feature_importance_split.csv,379,133,wspd_slope_60,179.36820220947266,6
20260226T081223Z,peak,split,lgbm_20260226T081223Z_peak_feature_importance_split.csv,380,117,rh_slope_60,251.3817987442017,6
20260226T081223Z,peak,split,lgbm_20260226T081223Z_peak_feature_importance_split.csv,381,72,dew_pt_max_30,281.7468967437744,5
20260226T081223Z,peak,split,lgbm_20260226T081223Z_peak_feature_importance_split.csv,382,267,KJFK_is_dew_pt_missing_now,127.73869705200195,5
20260226T081223Z,peak,split,lgbm_20260226T081223Z_peak_feature_importance_split.csv,383,291,KEWR_is_dew_pt_missing_now,135.58259773254397,5
20260226T081223Z,peak,split,lgbm_20260226T081223Z_peak_feature_importance_split.csv,384,387,KBDR_is_dew_pt_missing_now,132.40130043029785,5
20260226T081223Z,peak,split,lgbm_20260226T081223Z_peak_feature_importance_split.csv,385,424,KMMU_precip_hrly_now,188.6826982498169,5
20260226T081223Z,peak,split,lgbm_20260226T081223Z_peak_feature_importance_split.csv,386,24,is_wspd_missing_now,115.00829982757568,5
20260226T081223Z,peak,split,lgbm_20260226T081223Z_peak_feature_importance_split.csv,387,95,wspd_min_30,2609.0532264709477,5
20260226T081223Z,peak,split,lgbm_20260226T081223Z_peak_feature_importance_split.csv,388,134,wspd_std_60,121.6186981201172,4
20260226T081223Z,peak,split,lgbm_20260226T081223Z_peak_feature_importance_split.csv,389,339,KHPN_is_dew_pt_missing_now,319.2207946777344,4
20260226T081223Z,peak,split,lgbm_20260226T081223Z_peak_feature_importance_split.csv,390,110,dew_pt_std_60,130.94739723205566,4
20260226T081223Z,peak,split,lgbm_20260226T081223Z_peak_feature_importance_split.csv,391,65,temp_range_30,230.8798007965088,4
20260226T081223Z,peak,split,lgbm_20260226T081223Z_peak_feature_importance_split.csv,392,375,KISP_is_gust_missing_now,194.26199340820312,3
20260226T081223Z,peak,split,lgbm_20260226T081223Z_peak_feature_importance_split.csv,393,260,temp_accel_30_120,81.7511978149414,3
20260226T081223Z,peak,split,lgbm_20260226T081223Z_peak_feature_importance_split.csv,394,323,KTEB_is_wspd_missing_now,249.4453010559082,3
20260226T081223Z,peak,split,lgbm_20260226T081223Z_peak_feature_importance_split.csv,395,153,dew_pt_range_120,86.22820091247559,3
20260226T081223Z,peak,split,lgbm_20260226T081223Z_peak_feature_importance_split.csv,396,84,pressure_delta_30,37.88689994812012,2
20260226T081223Z,peak,split,lgbm_20260226T081223Z_peak_feature_importance_split.csv,397,347,KHPN_is_wspd_missing_now,57.51359939575195,2
20260226T081223Z,peak,split,lgbm_20260226T081223Z_peak_feature_importance_split.csv,398,325,KTEB_is_wdir_missing_now,520.4979858398438,2
20260226T081223Z,peak,split,lgbm_20260226T081223Z_peak_feature_importance_split.csv,399,303,KEWR_is_gust_missing_now,122.66650009155272,2
20260226T081223Z,peak,split,lgbm_20260226T081223Z_peak_feature_importance_split.csv,400,122,rh_std_diff_60,55.05189895629883,2
20260226T081223Z,peak,split,lgbm_20260226T081223Z_peak_feature_importance_split.csv,401,106,temp_std_diff_60,44.76409912109375,2
20260226T081223Z,peak,split,lgbm_20260226T081223Z_peak_feature_importance_split.csv,402,421,KMMU_is_wdir_missing_now,67.00589942932129,2
20260226T081223Z,peak,split,lgbm_20260226T081223Z_peak_feature_importance_split.csv,403,373,KISP_is_wdir_missing_now,45.979000091552734,2
20260226T081223Z,peak,split,lgbm_20260226T081223Z_peak_feature_importance_split.csv,404,80,rh_max_30,184.9162015914917,2
20260226T081223Z,peak,split,lgbm_20260226T081223Z_peak_feature_importance_split.csv,405,60,temp_delta_30,39.40559959411621,2
20260226T081223Z,peak,split,lgbm_20260226T081223Z_peak_feature_importance_split.csv,406,16,is_dew_pt_missing_now,36.42850112915039,1
20260226T081223Z,peak,split,lgbm_20260226T081223Z_peak_feature_importance_split.csv,407,26,is_wdir_missing_now,40.68920135498047,1
20260226T081223Z,peak,split,lgbm_20260226T081223Z_peak_feature_importance_split.csv,408,68,dew_pt_delta_30,21.07159996032715,1
20260226T081223Z,peak,split,lgbm_20260226T081223Z_peak_feature_importance_split.csv,409,279,KJFK_is_gust_missing_now,39.59600067138672,1
20260226T081223Z,peak,split,lgbm_20260226T081223Z_peak_feature_importance_split.csv,410,64,temp_max_30,16.738500595092773,1
20260226T081223Z,peak,split,lgbm_20260226T081223Z_peak_feature_importance_split.csv,411,327,KTEB_is_gust_missing_now,31.304100036621094,1
20260226T081223Z,peak,split,lgbm_20260226T081223Z_peak_feature_importance_split.csv,412,105,temp_range_60,32.797401428222656,1
20260226T081223Z,peak,split,lgbm_20260226T081223Z_peak_feature_importance_split.csv,413,319,KTEB_is_pressure_missing_now,53.62900161743164,1
20260226T081223Z,peak,split,lgbm_20260226T081223Z_peak_feature_importance_split.csv,414,126,pressure_std_60,20.072999954223636,1
20260226T081223Z,peak,split,lgbm_20260226T081223Z_peak_feature_importance_split.csv,415,93,wspd_slope_30,17.810400009155273,1
20260226T081223Z,peak,split,lgbm_20260226T081223Z_peak_feature_importance_split.csv,416,92,wspd_delta_30,19.284099578857425,1
20260226T081223Z,peak,split,lgbm_20260226T081223Z_peak_feature_importance_split.csv,417,130,pressure_std_diff_60,24.37879943847656,1
20260226T081223Z,peak,split,lgbm_20260226T081223Z_peak_feature_importance_split.csv,418,118,rh_std_60,16.893999099731445,1
20260226T081223Z,peak,split,lgbm_20260226T081223Z_peak_feature_importance_split.csv,419,301,KEWR_is_wdir_missing_now,55.06060028076172,1
20260226T081223Z,peak,split,lgbm_20260226T081223Z_peak_feature_importance_split.csv,420,38,n_expected_bins,14.621000289916992,1
20260226T081223Z,peak,split,lgbm_20260226T081223Z_peak_feature_importance_split.csv,421,286,KJFK_cutoff_minutes,33.13349914550781,1
20260226T081223Z,peak,split,lgbm_20260226T081223Z_peak_feature_importance_split.csv,422,70,dew_pt_std_30,30.488300323486328,1
20260226T081223Z,peak,split,lgbm_20260226T081223Z_peak_feature_importance_split.csv,423,341,KHPN_is_rh_missing_now,12.7298002243042,1
20260226T081223Z,peak,split,lgbm_20260226T081223Z_peak_feature_importance_split.csv,424,66,temp_std_diff_30,0.0,0
20260226T081223Z,peak,split,lgbm_20260226T081223Z_peak_feature_importance_split.csv,425,61,temp_slope_30,0.0,0
20260226T081223Z,peak,split,lgbm_20260226T081223Z_peak_feature_importance_split.csv,426,138,wspd_std_diff_60,0.0,0
20260226T081223Z,peak,split,lgbm_20260226T081223Z_peak_feature_importance_split.csv,427,137,wspd_range_60,0.0,0
20260226T081223Z,peak,split,lgbm_20260226T081223Z_peak_feature_importance_split.csv,428,129,pressure_range_60,0.0,0
20260226T081223Z,peak,split,lgbm_20260226T081223Z_peak_feature_importance_split.csv,429,261,temp_is_falling_60,0.0,0
20260226T081223Z,peak,split,lgbm_20260226T081223Z_peak_feature_importance_split.csv,430,264,KJFK_is_temp_missing_now,0.0,0
20260226T081223Z,peak,split,lgbm_20260226T081223Z_peak_feature_importance_split.csv,431,269,KJFK_is_rh_missing_now,0.0,0
20260226T081223Z,peak,split,lgbm_20260226T081223Z_peak_feature_importance_split.csv,432,121,rh_range_60,0.0,0
20260226T081223Z,peak,split,lgbm_20260226T081223Z_peak_feature_importance_split.csv,433,271,KJFK_is_pressure_missing_now,0.0,0
20260226T081223Z,peak,split,lgbm_20260226T081223Z_peak_feature_importance_split.csv,434,113,dew_pt_range_60,0.0,0
20260226T081223Z,peak,split,lgbm_20260226T081223Z_peak_feature_importance_split.csv,435,114,dew_pt_std_diff_60,0.0,0
20260226T081223Z,peak,split,lgbm_20260226T081223Z_peak_feature_importance_split.csv,436,273,KJFK_is_vis_missing_now,0.0,0
20260226T081223Z,peak,split,lgbm_20260226T081223Z_peak_feature_importance_split.csv,437,2,cutoff_minute,0.0,0
20260226T081223Z,peak,split,lgbm_20260226T081223Z_peak_feature_importance_split.csv,438,73,dew_pt_range_30,0.0,0
20260226T081223Z,peak,split,lgbm_20260226T081223Z_peak_feature_importance_split.csv,439,74,dew_pt_std_diff_30,0.0,0
20260226T081223Z,peak,split,lgbm_20260226T081223Z_peak_feature_importance_split.csv,440,76,rh_delta_30,0.0,0
20260226T081223Z,peak,split,lgbm_20260226T081223Z_peak_feature_importance_split.csv,441,77,rh_slope_30,0.0,0
20260226T081223Z,peak,split,lgbm_20260226T081223Z_peak_feature_importance_split.csv,442,13,is_temp_missing_now,0.0,0
20260226T081223Z,peak,split,lgbm_20260226T081223Z_peak_feature_importance_split.csv,443,78,rh_std_30,0.0,0
20260226T081223Z,peak,split,lgbm_20260226T081223Z_peak_feature_importance_split.csv,444,81,rh_range_30,0.0,0
20260226T081223Z,peak,split,lgbm_20260226T081223Z_peak_feature_importance_split.csv,445,82,rh_std_diff_30,0.0,0
20260226T081223Z,peak,split,lgbm_20260226T081223Z_peak_feature_importance_split.csv,446,85,pressure_slope_30,0.0,0
20260226T081223Z,peak,split,lgbm_20260226T081223Z_peak_feature_importance_split.csv,447,86,pressure_std_30,0.0,0
20260226T081223Z,peak,split,lgbm_20260226T081223Z_peak_feature_importance_split.csv,448,89,pressure_range_30,0.0,0
20260226T081223Z,peak,split,lgbm_20260226T081223Z_peak_feature_importance_split.csv,449,90,pressure_std_diff_30,0.0,0
20260226T081223Z,peak,split,lgbm_20260226T081223Z_peak_feature_importance_split.csv,450,18,is_rh_missing_now,0.0,0
20260226T081223Z,peak,split,lgbm_20260226T081223Z_peak_feature_importance_split.csv,451,94,wspd_std_30,0.0,0
20260226T081223Z,peak,split,lgbm_20260226T081223Z_peak_feature_importance_split.csv,452,97,wspd_range_30,0.0,0
20260226T081223Z,peak,split,lgbm_20260226T081223Z_peak_feature_importance_split.csv,453,98,wspd_std_diff_30,0.0,0
20260226T081223Z,peak,split,lgbm_20260226T081223Z_peak_feature_importance_split.csv,454,20,is_pressure_missing_now,0.0,0
20260226T081223Z,peak,split,lgbm_20260226T081223Z_peak_feature_importance_split.csv,455,408,KMMU_is_temp_missing_now,0.0,0
20260226T081223Z,peak,split,lgbm_20260226T081223Z_peak_feature_importance_split.csv,456,275,KJFK_is_wspd_missing_now,0.0,0
20260226T081223Z,peak,split,lgbm_20260226T081223Z_peak_feature_importance_split.csv,457,349,KHPN_is_wdir_missing_now,0.0,0
20260226T081223Z,peak,split,lgbm_20260226T081223Z_peak_feature_importance_split.csv,458,358,KHPN_cutoff_minutes,0.0,0
20260226T081223Z,peak,split,lgbm_20260226T081223Z_peak_feature_importance_split.csv,459,360,KISP_is_temp_missing_now,0.0,0
20260226T081223Z,peak,split,lgbm_20260226T081223Z_peak_feature_importance_split.csv,460,363,KISP_is_dew_pt_missing_now,0.0,0
20260226T081223Z,peak,split,lgbm_20260226T081223Z_peak_feature_importance_split.csv,461,423,KMMU_is_gust_missing_now,0.0,0
20260226T081223Z,peak,split,lgbm_20260226T081223Z_peak_feature_importance_split.csv,462,365,KISP_is_rh_missing_now,0.0,0
20260226T081223Z,peak,split,lgbm_20260226T081223Z_peak_feature_importance_split.csv,463,367,KISP_is_pressure_missing_now,0.0,0
20260226T081223Z,peak,split,lgbm_20260226T081223Z_peak_feature_importance_split.csv,464,369,KISP_is_vis_missing_now,0.0,0
20260226T081223Z,peak,split,lgbm_20260226T081223Z_peak_feature_importance_split.csv,465,382,KISP_cutoff_minutes,0.0,0
20260226T081223Z,peak,split,lgbm_20260226T081223Z_peak_feature_importance_split.csv,466,384,KBDR_is_temp_missing_now,0.0,0
20260226T081223Z,peak,split,lgbm_20260226T081223Z_peak_feature_importance_split.csv,467,417,KMMU_is_vis_missing_now,0.0,0
20260226T081223Z,peak,split,lgbm_20260226T081223Z_peak_feature_importance_split.csv,468,389,KBDR_is_rh_missing_now,0.0,0
20260226T081223Z,peak,split,lgbm_20260226T081223Z_peak_feature_importance_split.csv,469,415,KMMU_is_pressure_missing_now,0.0,0
20260226T081223Z,peak,split,lgbm_20260226T081223Z_peak_feature_importance_split.csv,470,391,KBDR_is_pressure_missing_now,0.0,0
20260226T081223Z,peak,split,lgbm_20260226T081223Z_peak_feature_importance_split.csv,471,393,KBDR_is_vis_missing_now,0.0,0
20260226T081223Z,peak,split,lgbm_20260226T081223Z_peak_feature_importance_split.csv,472,28,is_gust_missing_now,0.0,0
20260226T081223Z,peak,split,lgbm_20260226T081223Z_peak_feature_importance_split.csv,473,397,KBDR_is_wdir_missing_now,0.0,0
20260226T081223Z,peak,split,lgbm_20260226T081223Z_peak_feature_importance_split.csv,474,399,KBDR_is_gust_missing_now,0.0,0
20260226T081223Z,peak,split,lgbm_20260226T081223Z_peak_feature_importance_split.csv,475,351,KHPN_is_gust_missing_now,0.0,0
20260226T081223Z,peak,split,lgbm_20260226T081223Z_peak_feature_importance_split.csv,476,345,KHPN_is_vis_missing_now,0.0,0
20260226T081223Z,peak,split,lgbm_20260226T081223Z_peak_feature_importance_split.csv,477,277,KJFK_is_wdir_missing_now,0.0,0
20260226T081223Z,peak,split,lgbm_20260226T081223Z_peak_feature_importance_split.csv,478,430,KMMU_cutoff_minutes,0.0,0
20260226T081223Z,peak,split,lgbm_20260226T081223Z_peak_feature_importance_split.csv,479,406,KBDR_cutoff_minutes,0.0,0
20260226T081223Z,peak,split,lgbm_20260226T081223Z_peak_feature_importance_split.csv,480,22,is_vis_missing_now,0.0,0
20260226T081223Z,peak,split,lgbm_20260226T081223Z_peak_feature_importance_split.csv,481,69,dew_pt_slope_30,0.0,0
20260226T081223Z,peak,split,lgbm_20260226T081223Z_peak_feature_importance_split.csv,482,288,KEWR_is_temp_missing_now,0.0,0
20260226T081223Z,peak,split,lgbm_20260226T081223Z_peak_feature_importance_split.csv,483,293,KEWR_is_rh_missing_now,0.0,0
20260226T081223Z,peak,split,lgbm_20260226T081223Z_peak_feature_importance_split.csv,484,295,KEWR_is_pressure_missing_now,0.0,0
20260226T081223Z,peak,split,lgbm_20260226T081223Z_peak_feature_importance_split.csv,485,297,KEWR_is_vis_missing_now,0.0,0
20260226T081223Z,peak,split,lgbm_20260226T081223Z_peak_feature_importance_split.csv,486,299,KEWR_is_wspd_missing_now,0.0,0
20260226T081223Z,peak,split,lgbm_20260226T081223Z_peak_feature_importance_split.csv,487,29,precip_hrly_now,0.0,0
20260226T081223Z,peak,split,lgbm_20260226T081223Z_peak_feature_importance_split.csv,488,310,KEWR_cutoff_minutes,0.0,0
20260226T081223Z,peak,split,lgbm_20260226T081223Z_peak_feature_importance_split.csv,489,312,KTEB_is_temp_missing_now,0.0,0
20260226T081223Z,peak,split,lgbm_20260226T081223Z_peak_feature_importance_split.csv,490,315,KTEB_is_dew_pt_missing_now,0.0,0
20260226T081223Z,peak,split,lgbm_20260226T081223Z_peak_feature_importance_split.csv,491,317,KTEB_is_rh_missing_now,0.0,0
20260226T081223Z,peak,split,lgbm_20260226T081223Z_peak_feature_importance_split.csv,492,321,KTEB_is_vis_missing_now,0.0,0
20260226T081223Z,peak,split,lgbm_20260226T081223Z_peak_feature_importance_split.csv,493,334,KTEB_cutoff_minutes,0.0,0
20260226T081223Z,peak,split,lgbm_20260226T081223Z_peak_feature_importance_split.csv,494,336,KHPN_is_temp_missing_now,0.0,0
20260226T081223Z,peak,split,lgbm_20260226T081223Z_peak_feature_importance_split.csv,495,343,KHPN_is_pressure_missing_now,0.0,0
20260226T081223Z,peak,split,lgbm_20260226T081223Z_peak_feature_importance_split.csv,496,495,index_y,0.0,0
20260226T081223Z,delta,gain,lgbm_20260226T081223Z_delta_feature_importance_gain.csv,1,494,climo_rem_delta_std,24025.480494201776,32355
20260226T081223Z,delta,gain,lgbm_20260226T081223Z_delta_feature_importance_gain.csv,2,493,climo_rem_delta_mean,13760.882583804743,29056
20260226T081223Z,delta,gain,lgbm_20260226T081223Z_delta_feature_importance_gain.csv,3,491,tmax_std_30d,11154.466742892702,45721
20260226T081223Z,delta,gain,lgbm_20260226T081223Z_delta_feature_importance_gain.csv,4,487,tmax_yday,6845.7272302904585,38762
20260226T081223Z,delta,gain,lgbm_20260226T081223Z_delta_feature_importance_gain.csv,5,6,doy_sin,5878.094895732111,31022
20260226T081223Z,delta,gain,lgbm_20260226T081223Z_delta_feature_importance_gain.csv,6,41,temp_range_sofar,5832.676933138526,14027
20260226T081223Z,delta,gain,lgbm_20260226T081223Z_delta_feature_importance_gain.csv,7,456,temp_diff_KBDR,4880.130131762348,5851
20260226T081223Z,delta,gain,lgbm_20260226T081223Z_delta_feature_importance_gain.csv,8,441,temp_diff_KTEB,4705.102932390007,6546
20260226T081223Z,delta,gain,lgbm_20260226T081223Z_delta_feature_importance_gain.csv,9,43,time_of_tmax_sofar_min,4621.756364264613,17745
20260226T081223Z,delta,gain,lgbm_20260226T081223Z_delta_feature_importance_gain.csv,10,488,tmax_2day,4303.577367292177,25089
20260226T081223Z,delta,gain,lgbm_20260226T081223Z_delta_feature_importance_gain.csv,11,490,tmax_mean_30d,4123.795362293373,28403
20260226T081223Z,delta,gain,lgbm_20260226T081223Z_delta_feature_importance_gain.csv,12,477,nbr_pressure_range,3901.287418385405,6105
20260226T081223Z,delta,gain,lgbm_20260226T081223Z_delta_feature_importance_gain.csv,13,368,KISP_vis_now,3830.239240837631,5234
20260226T081223Z,delta,gain,lgbm_20260226T081223Z_delta_feature_importance_gain.csv,14,39,tmax_sofar,3545.715403408049,16751
20260226T081223Z,delta,gain,lgbm_20260226T081223Z_delta_feature_importance_gain.csv,15,489,tmax_mean_7d,3402.87529743412,26188
20260226T081223Z,delta,gain,lgbm_20260226T081223Z_delta_feature_importance_gain.csv,16,7,doy_cos,3385.028220417801,25771
20260226T081223Z,delta,gain,lgbm_20260226T081223Z_delta_feature_importance_gain.csv,17,8,year,3086.69402514742,25439
20260226T081223Z,delta,gain,lgbm_20260226T081223Z_delta_feature_importance_gain.csv,18,47,dew_pt_range_sofar,2999.91418711072,9620
20260226T081223Z,delta,gain,lgbm_20260226T081223Z_delta_feature_importance_gain.csv,19,243,pressure_prev_360,2955.387436280952,10214
20260226T081223Z,delta,gain,lgbm_20260226T081223Z_delta_feature_importance_gain.csv,20,49,pressure_min_sofar,2935.833031427538,17206
20260226T081223Z,delta,gain,lgbm_20260226T081223Z_delta_feature_importance_gain.csv,21,458,pressure_diff_KBDR,2716.0000097600114,6216
20260226T081223Z,delta,gain,lgbm_20260226T081223Z_delta_feature_importance_gain.csv,22,403,KBDR_wdir_sin,2579.7163047986264,7056
20260226T081223Z,delta,gain,lgbm_20260226T081223Z_delta_feature_importance_gain.csv,23,437,dewpt_diff_KEWR,2434.0857831864614,5589
20260226T081223Z,delta,gain,lgbm_20260226T081223Z_delta_feature_importance_gain.csv,24,492,index_x,2249.2022420840976,11275
20260226T081223Z,delta,gain,lgbm_20260226T081223Z_delta_feature_importance_gain.csv,25,427,KMMU_wdir_sin,1981.5388612581776,6616
20260226T081223Z,delta,gain,lgbm_20260226T081223Z_delta_feature_importance_gain.csv,26,51,wspd_max_sofar,1975.8716552724088,11608
20260226T081223Z,delta,gain,lgbm_20260226T081223Z_delta_feature_importance_gain.csv,27,460,dewpoint_depression_diff_KBDR,1825.201576375308,5901
20260226T081223Z,delta,gain,lgbm_20260226T081223Z_delta_feature_importance_gain.csv,28,239,rh_min_360,1732.537880610843,7406
20260226T081223Z,delta,gain,lgbm_20260226T081223Z_delta_feature_importance_gain.csv,29,5,doy,1723.33725151503,18105
20260226T081223Z,delta,gain,lgbm_20260226T081223Z_delta_feature_importance_gain.csv,30,52,wspd_min_sofar,1664.4239640394924,8941
20260226T081223Z,delta,gain,lgbm_20260226T081223Z_delta_feature_importance_gain.csv,31,320,KTEB_vis_now,1630.9836413496223,3235
20260226T081223Z,delta,gain,lgbm_20260226T081223Z_delta_feature_importance_gain.csv,32,344,KHPN_vis_now,1449.848259884131,5507
20260226T081223Z,delta,gain,lgbm_20260226T081223Z_delta_feature_importance_gain.csv,33,244,pressure_delta_360,1409.363213798273,12710
20260226T081223Z,delta,gain,lgbm_20260226T081223Z_delta_feature_importance_gain.csv,34,250,pressure_std_diff_360,1337.2515927732406,14945
20260226T081223Z,delta,gain,lgbm_20260226T081223Z_delta_feature_importance_gain.csv,35,481,dewpt_coastal_minus_inland,1324.1857322320488,13494
20260226T081223Z,delta,gain,lgbm_20260226T081223Z_delta_feature_importance_gain.csv,36,482,pressure_coastal_minus_inland,1321.4080996464809,12495
20260226T081223Z,delta,gain,lgbm_20260226T081223Z_delta_feature_importance_gain.csv,37,372,KISP_wdir_now,1293.1622047961414,6025
20260226T081223Z,delta,gain,lgbm_20260226T081223Z_delta_feature_importance_gain.csv,38,480,coastal_minus_inland_temp,1253.817090595358,13338
20260226T081223Z,delta,gain,lgbm_20260226T081223Z_delta_feature_importance_gain.csv,39,50,pressure_range_sofar,1242.1602941056476,11788
20260226T081223Z,delta,gain,lgbm_20260226T081223Z_delta_feature_importance_gain.csv,40,234,dew_pt_std_diff_360,1241.2236954053103,11342
20260226T081223Z,delta,gain,lgbm_20260226T081223Z_delta_feature_importance_gain.csv,41,433,pressure_diff_KJFK,1234.9807889727554,4199
20260226T081223Z,delta,gain,lgbm_20260226T081223Z_delta_feature_importance_gain.csv,42,21,vis_now,1231.8247882713697,2759
20260226T081223Z,delta,gain,lgbm_20260226T081223Z_delta_feature_importance_gain.csv,43,219,temp_prev_360,1146.931920404101,3440
20260226T081223Z,delta,gain,lgbm_20260226T081223Z_delta_feature_importance_gain.csv,44,296,KEWR_vis_now,1143.1025604078964,3596
20260226T081223Z,delta,gain,lgbm_20260226T081223Z_delta_feature_importance_gain.csv,45,392,KBDR_vis_now,1142.9003192617638,3774
20260226T081223Z,delta,gain,lgbm_20260226T081223Z_delta_feature_importance_gain.csv,46,258,wspd_std_diff_360,1123.7032630690876,14496
20260226T081223Z,delta,gain,lgbm_20260226T081223Z_delta_feature_importance_gain.csv,47,37,coverage_frac_temp,1093.318124824004,8688
20260226T081223Z,delta,gain,lgbm_20260226T081223Z_delta_feature_importance_gain.csv,48,347,KHPN_is_wspd_missing_now,1072.484612970089,285
20260226T081223Z,delta,gain,lgbm_20260226T081223Z_delta_feature_importance_gain.csv,49,356,KHPN_wdir_cos,1066.9317185136183,4519
20260226T081223Z,delta,gain,lgbm_20260226T081223Z_delta_feature_importance_gain.csv,50,446,temp_diff_KHPN,1054.771667022051,6016
20260226T081223Z,delta,gain,lgbm_20260226T081223Z_delta_feature_importance_gain.csv,51,48,pressure_max_sofar,1047.1869711591576,10404
20260226T081223Z,delta,gain,lgbm_20260226T081223Z_delta_feature_importance_gain.csv,52,230,dew_pt_std_360,1032.7543867809773,10439
20260226T081223Z,delta,gain,lgbm_20260226T081223Z_delta_feature_importance_gain.csv,53,53,wspd_range_sofar,1024.7913475389128,10342
20260226T081223Z,delta,gain,lgbm_20260226T081223Z_delta_feature_importance_gain.csv,54,226,temp_std_diff_360,1012.6612429966856,10066
20260226T081223Z,delta,gain,lgbm_20260226T081223Z_delta_feature_importance_gain.csv,55,242,rh_std_diff_360,996.9338037434792,13058
20260226T081223Z,delta,gain,lgbm_20260226T081223Z_delta_feature_importance_gain.csv,56,33,wdir_cos,988.0574659519966,5548
20260226T081223Z,delta,gain,lgbm_20260226T081223Z_delta_feature_importance_gain.csv,57,45,dew_pt_max_sofar,979.3841682808552,9218
20260226T081223Z,delta,gain,lgbm_20260226T081223Z_delta_feature_importance_gain.csv,58,331,KTEB_wdir_sin,974.601192232286,6027
20260226T081223Z,delta,gain,lgbm_20260226T081223Z_delta_feature_importance_gain.csv,59,436,temp_diff_KEWR,946.2859776701416,6411
20260226T081223Z,delta,gain,lgbm_20260226T081223Z_delta_feature_importance_gain.csv,60,383,KBDR_temp_now,940.6597929917244,3297
20260226T081223Z,delta,gain,lgbm_20260226T081223Z_delta_feature_importance_gain.csv,61,220,temp_delta_360,917.4637215171306,6618
20260226T081223Z,delta,gain,lgbm_20260226T081223Z_delta_feature_importance_gain.csv,62,390,KBDR_pressure_now,906.6894405200304,3727
20260226T081223Z,delta,gain,lgbm_20260226T081223Z_delta_feature_importance_gain.csv,63,348,KHPN_wdir_now,893.4805945757971,5110
20260226T081223Z,delta,gain,lgbm_20260226T081223Z_delta_feature_importance_gain.csv,64,272,KJFK_vis_now,884.3964717166086,3742
20260226T081223Z,delta,gain,lgbm_20260226T081223Z_delta_feature_importance_gain.csv,65,35,n_obs_sofar,875.2815064289616,3037
20260226T081223Z,delta,gain,lgbm_20260226T081223Z_delta_feature_importance_gain.csv,66,445,dewpoint_depression_diff_KTEB,859.4496451164282,6756
20260226T081223Z,delta,gain,lgbm_20260226T081223Z_delta_feature_importance_gain.csv,67,463,pressure_diff_KMMU,842.8305762615179,7787
20260226T081223Z,delta,gain,lgbm_20260226T081223Z_delta_feature_importance_gain.csv,68,240,rh_max_360,842.6642697265147,7115
20260226T081223Z,delta,gain,lgbm_20260226T081223Z_delta_feature_importance_gain.csv,69,224,temp_max_360,836.8489723575572,3194
20260226T081223Z,delta,gain,lgbm_20260226T081223Z_delta_feature_importance_gain.csv,70,414,KMMU_pressure_now,827.3656356893507,6654
20260226T081223Z,delta,gain,lgbm_20260226T081223Z_delta_feature_importance_gain.csv,71,246,pressure_std_360,816.7046069359528,11336
20260226T081223Z,delta,gain,lgbm_20260226T081223Z_delta_feature_importance_gain.csv,72,338,KHPN_dewpt_now,801.9284970697436,2789
20260226T081223Z,delta,gain,lgbm_20260226T081223Z_delta_feature_importance_gain.csv,73,471,nbr_dewpt_min,783.1146377893947,2815
20260226T081223Z,delta,gain,lgbm_20260226T081223Z_delta_feature_importance_gain.csv,74,469,nbr_temp_range,781.9133319939308,7131
20260226T081223Z,delta,gain,lgbm_20260226T081223Z_delta_feature_importance_gain.csv,75,307,KEWR_wdir_sin,773.4112936101305,6727
20260226T081223Z,delta,gain,lgbm_20260226T081223Z_delta_feature_importance_gain.csv,76,55,gust_min_sofar,750.6384624213354,8147
20260226T081223Z,delta,gain,lgbm_20260226T081223Z_delta_feature_importance_gain.csv,77,254,wspd_std_360,742.1992956569688,12075
20260226T081223Z,delta,gain,lgbm_20260226T081223Z_delta_feature_importance_gain.csv,78,40,tmin_sofar,739.2602035108102,4498
20260226T081223Z,delta,gain,lgbm_20260226T081223Z_delta_feature_importance_gain.csv,79,222,temp_std_360,738.1797945769958,11361
20260226T081223Z,delta,gain,lgbm_20260226T081223Z_delta_feature_importance_gain.csv,80,461,temp_diff_KMMU,735.7528450549266,7610
20260226T081223Z,delta,gain,lgbm_20260226T081223Z_delta_feature_importance_gain.csv,81,462,dewpt_diff_KMMU,730.6656292628659,7692
20260226T081223Z,delta,gain,lgbm_20260226T081223Z_delta_feature_importance_gain.csv,82,483,temp_inland_mean_minus_klga,727.9108129571545,7590
20260226T081223Z,delta,gain,lgbm_20260226T081223Z_delta_feature_importance_gain.csv,83,238,rh_std_360,705.2276666474916,10118
20260226T081223Z,delta,gain,lgbm_20260226T081223Z_delta_feature_importance_gain.csv,84,54,gust_max_sofar,697.8617870920589,9240
20260226T081223Z,delta,gain,lgbm_20260226T081223Z_delta_feature_importance_gain.csv,85,442,dewpt_diff_KTEB,695.0526770829181,7010
20260226T081223Z,delta,gain,lgbm_20260226T081223Z_delta_feature_importance_gain.csv,86,388,KBDR_rh_now,666.6394687403158,5280
20260226T081223Z,delta,gain,lgbm_20260226T081223Z_delta_feature_importance_gain.csv,87,228,dew_pt_delta_360,665.7194073267284,6864
20260226T081223Z,delta,gain,lgbm_20260226T081223Z_delta_feature_importance_gain.csv,88,235,rh_prev_360,665.400869799852,8249
20260226T081223Z,delta,gain,lgbm_20260226T081223Z_delta_feature_importance_gain.csv,89,314,KTEB_dewpt_now,659.1763862445359,3228
20260226T081223Z,delta,gain,lgbm_20260226T081223Z_delta_feature_importance_gain.csv,90,25,wdir_now,656.7289748211624,5839
20260226T081223Z,delta,gain,lgbm_20260226T081223Z_delta_feature_importance_gain.csv,91,276,KJFK_wdir_now,649.8767108546332,6756
20260226T081223Z,delta,gain,lgbm_20260226T081223Z_delta_feature_importance_gain.csv,92,316,KTEB_rh_now,649.7785591357512,5774
20260226T081223Z,delta,gain,lgbm_20260226T081223Z_delta_feature_importance_gain.csv,93,465,dewpoint_depression_diff_KMMU,636.7915639010821,8349
20260226T081223Z,delta,gain,lgbm_20260226T081223Z_delta_feature_importance_gain.csv,94,9,year_norm,631.4302408479135,5045
20260226T081223Z,delta,gain,lgbm_20260226T081223Z_delta_feature_importance_gain.csv,95,0,cutoff_minutes,623.3598067773482,1781
20260226T081223Z,delta,gain,lgbm_20260226T081223Z_delta_feature_importance_gain.csv,96,300,KEWR_wdir_now,620.616911137459,5969
20260226T081223Z,delta,gain,lgbm_20260226T081223Z_delta_feature_importance_gain.csv,97,283,KJFK_wdir_sin,606.4062733387073,7461
20260226T081223Z,delta,gain,lgbm_20260226T081223Z_delta_feature_importance_gain.csv,98,404,KBDR_wdir_cos,598.2230786713485,5523
20260226T081223Z,delta,gain,lgbm_20260226T081223Z_delta_feature_importance_gain.csv,99,236,rh_delta_360,596.2693422793117,8079
20260226T081223Z,delta,gain,lgbm_20260226T081223Z_delta_feature_importance_gain.csv,100,379,KISP_wdir_sin,581.2304818612006,7391
20260226T081223Z,delta,gain,lgbm_20260226T081223Z_delta_feature_importance_gain.csv,101,355,KHPN_wdir_sin,571.4031335554355,6484
20260226T081223Z,delta,gain,lgbm_20260226T081223Z_delta_feature_importance_gain.csv,102,46,dew_pt_min_sofar,570.8391392259218,6025
20260226T081223Z,delta,gain,lgbm_20260226T081223Z_delta_feature_importance_gain.csv,103,451,temp_diff_KISP,568.874612108353,7111
20260226T081223Z,delta,gain,lgbm_20260226T081223Z_delta_feature_importance_gain.csv,104,36,n_obs_temp,566.7778424622725,2709
20260226T081223Z,delta,gain,lgbm_20260226T081223Z_delta_feature_importance_gain.csv,105,412,KMMU_rh_now,564.0404348586775,5673
20260226T081223Z,delta,gain,lgbm_20260226T081223Z_delta_feature_importance_gain.csv,106,453,pressure_diff_KISP,558.424850016152,8012
20260226T081223Z,delta,gain,lgbm_20260226T081223Z_delta_feature_importance_gain.csv,107,431,temp_diff_KJFK,557.7804690222983,6657
20260226T081223Z,delta,gain,lgbm_20260226T081223Z_delta_feature_importance_gain.csv,108,284,KJFK_wdir_cos,556.0596245729816,5592
20260226T081223Z,delta,gain,lgbm_20260226T081223Z_delta_feature_importance_gain.csv,109,440,dewpoint_depression_diff_KEWR,548.7636619219969,5744
20260226T081223Z,delta,gain,lgbm_20260226T081223Z_delta_feature_importance_gain.csv,110,452,dewpt_diff_KISP,546.6707129593549,6508
20260226T081223Z,delta,gain,lgbm_20260226T081223Z_delta_feature_importance_gain.csv,111,416,KMMU_vis_now,532.1129386499767,5250
20260226T081223Z,delta,gain,lgbm_20260226T081223Z_delta_feature_importance_gain.csv,112,58,precip_frac_sofar,531.5406484078394,5569
20260226T081223Z,delta,gain,lgbm_20260226T081223Z_delta_feature_importance_gain.csv,113,294,KEWR_pressure_now,522.5772655359926,2445
20260226T081223Z,delta,gain,lgbm_20260226T081223Z_delta_feature_importance_gain.csv,114,32,wdir_sin,517.4526609654663,6278
20260226T081223Z,delta,gain,lgbm_20260226T081223Z_delta_feature_importance_gain.csv,115,292,KEWR_rh_now,514.5946855864413,4397
20260226T081223Z,delta,gain,lgbm_20260226T081223Z_delta_feature_importance_gain.csv,116,204,pressure_delta_180,500.85384732399416,5209
20260226T081223Z,delta,gain,lgbm_20260226T081223Z_delta_feature_importance_gain.csv,117,447,dewpt_diff_KHPN,496.23073887215287,4983
20260226T081223Z,delta,gain,lgbm_20260226T081223Z_delta_feature_importance_gain.csv,118,195,rh_prev_180,491.65418296766165,4279
20260226T081223Z,delta,gain,lgbm_20260226T081223Z_delta_feature_importance_gain.csv,119,155,rh_prev_120,491.3872156975103,2914
20260226T081223Z,delta,gain,lgbm_20260226T081223Z_delta_feature_importance_gain.csv,120,428,KMMU_wdir_cos,483.3581132562285,4758
20260226T081223Z,delta,gain,lgbm_20260226T081223Z_delta_feature_importance_gain.csv,121,247,pressure_min_360,482.54738513416487,4220
20260226T081223Z,delta,gain,lgbm_20260226T081223Z_delta_feature_importance_gain.csv,122,407,KMMU_temp_now,479.0491660998978,3819
20260226T081223Z,delta,gain,lgbm_20260226T081223Z_delta_feature_importance_gain.csv,123,308,KEWR_wdir_cos,473.6605831579616,5409
20260226T081223Z,delta,gain,lgbm_20260226T081223Z_delta_feature_importance_gain.csv,124,200,rh_max_180,469.63232054004015,3319
20260226T081223Z,delta,gain,lgbm_20260226T081223Z_delta_feature_importance_gain.csv,125,457,dewpt_diff_KBDR,469.0203083662527,6571
20260226T081223Z,delta,gain,lgbm_20260226T081223Z_delta_feature_importance_gain.csv,126,42,temp_now_minus_tmax,466.90129620831976,4352
20260226T081223Z,delta,gain,lgbm_20260226T081223Z_delta_feature_importance_gain.csv,127,184,temp_max_180,465.7527643000221,2086
20260226T081223Z,delta,gain,lgbm_20260226T081223Z_delta_feature_importance_gain.csv,128,468,nbr_temp_max,460.00221547127694,2583
20260226T081223Z,delta,gain,lgbm_20260226T081223Z_delta_feature_importance_gain.csv,129,432,dewpt_diff_KJFK,453.4052890165638,5673
20260226T081223Z,delta,gain,lgbm_20260226T081223Z_delta_feature_importance_gain.csv,130,448,pressure_diff_KHPN,452.0239689608902,5884
20260226T081223Z,delta,gain,lgbm_20260226T081223Z_delta_feature_importance_gain.csv,131,472,nbr_dewpt_max,451.1484744884162,2581
20260226T081223Z,delta,gain,lgbm_20260226T081223Z_delta_feature_importance_gain.csv,132,396,KBDR_wdir_now,450.624418298132,5620
20260226T081223Z,delta,gain,lgbm_20260226T081223Z_delta_feature_importance_gain.csv,133,56,gust_range_sofar,444.03782159332695,5188
20260226T081223Z,delta,gain,lgbm_20260226T081223Z_delta_feature_importance_gain.csv,134,268,KJFK_rh_now,442.7926655285373,4580
20260226T081223Z,delta,gain,lgbm_20260226T081223Z_delta_feature_importance_gain.csv,135,256,wspd_max_360,442.02697859887655,5115
20260226T081223Z,delta,gain,lgbm_20260226T081223Z_delta_feature_importance_gain.csv,136,332,KTEB_wdir_cos,440.619753939269,3953
20260226T081223Z,delta,gain,lgbm_20260226T081223Z_delta_feature_importance_gain.csv,137,255,wspd_min_360,440.5639332526489,3568
20260226T081223Z,delta,gain,lgbm_20260226T081223Z_delta_feature_importance_gain.csv,138,364,KISP_rh_now,435.8328333464392,4621
20260226T081223Z,delta,gain,lgbm_20260226T081223Z_delta_feature_importance_gain.csv,139,473,nbr_dewpt_range,428.8036365274261,6469
20260226T081223Z,delta,gain,lgbm_20260226T081223Z_delta_feature_importance_gain.csv,140,216,wspd_max_180,427.0642817936708,3460
20260226T081223Z,delta,gain,lgbm_20260226T081223Z_delta_feature_importance_gain.csv,141,380,KISP_wdir_cos,425.3694707229524,4664
20260226T081223Z,delta,gain,lgbm_20260226T081223Z_delta_feature_importance_gain.csv,142,435,dewpoint_depression_diff_KJFK,424.0933056378926,6131
20260226T081223Z,delta,gain,lgbm_20260226T081223Z_delta_feature_importance_gain.csv,143,340,KHPN_rh_now,421.6261212539709,4263
20260226T081223Z,delta,gain,lgbm_20260226T081223Z_delta_feature_importance_gain.csv,144,287,KEWR_temp_now,418.9455851259263,2337
20260226T081223Z,delta,gain,lgbm_20260226T081223Z_delta_feature_importance_gain.csv,145,44,mins_since_tmax,415.6538672547877,5226
20260226T081223Z,delta,gain,lgbm_20260226T081223Z_delta_feature_importance_gain.csv,146,386,KBDR_dewpt_now,414.1639436607848,3811
20260226T081223Z,delta,gain,lgbm_20260226T081223Z_delta_feature_importance_gain.csv,147,84,pressure_delta_30,402.413167853195,412
20260226T081223Z,delta,gain,lgbm_20260226T081223Z_delta_feature_importance_gain.csv,148,223,temp_min_360,400.1674865073255,2881
20260226T081223Z,delta,gain,lgbm_20260226T081223Z_delta_feature_importance_gain.csv,149,252,wspd_delta_360,397.4024599524693,5876
20260226T081223Z,delta,gain,lgbm_20260226T081223Z_delta_feature_importance_gain.csv,150,450,dewpoint_depression_diff_KHPN,396.982283084714,6096
20260226T081223Z,delta,gain,lgbm_20260226T081223Z_delta_feature_importance_gain.csv,151,335,KHPN_temp_now,394.6471038858817,2487
20260226T081223Z,delta,gain,lgbm_20260226T081223Z_delta_feature_importance_gain.csv,152,199,rh_min_180,373.0651522036833,3434
20260226T081223Z,delta,gain,lgbm_20260226T081223Z_delta_feature_importance_gain.csv,153,227,dew_pt_prev_360,369.79010702836695,3909
20260226T081223Z,delta,gain,lgbm_20260226T081223Z_delta_feature_importance_gain.csv,154,366,KISP_pressure_now,358.2079333352085,4172
20260226T081223Z,delta,gain,lgbm_20260226T081223Z_delta_feature_importance_gain.csv,155,410,KMMU_dewpt_now,355.0192768329223,4358
20260226T081223Z,delta,gain,lgbm_20260226T081223Z_delta_feature_importance_gain.csv,156,4,cutoff_cos,349.41676539322606,1339
20260226T081223Z,delta,gain,lgbm_20260226T081223Z_delta_feature_importance_gain.csv,157,241,rh_range_360,346.52398946489024,4739
20260226T081223Z,delta,gain,lgbm_20260226T081223Z_delta_feature_importance_gain.csv,158,455,dewpoint_depression_diff_KISP,344.35339049273654,5848
20260226T081223Z,delta,gain,lgbm_20260226T081223Z_delta_feature_importance_gain.csv,159,324,KTEB_wdir_now,343.6398031929789,4067
20260226T081223Z,delta,gain,lgbm_20260226T081223Z_delta_feature_importance_gain.csv,160,449,wspd_diff_KHPN,337.1578371586361,4822
20260226T081223Z,delta,gain,lgbm_20260226T081223Z_delta_feature_importance_gain.csv,161,248,pressure_max_360,335.83915458068986,3400
20260226T081223Z,delta,gain,lgbm_20260226T081223Z_delta_feature_importance_gain.csv,162,214,wspd_std_180,334.8350586063907,4716
20260226T081223Z,delta,gain,lgbm_20260226T081223Z_delta_feature_importance_gain.csv,163,183,temp_min_180,331.1017291098703,2303
20260226T081223Z,delta,gain,lgbm_20260226T081223Z_delta_feature_importance_gain.csv,164,394,KBDR_wspd_now,329.2917154912764,3796
20260226T081223Z,delta,gain,lgbm_20260226T081223Z_delta_feature_importance_gain.csv,165,306,KEWR_dewpoint_depression_now,328.39456280084823,2405
20260226T081223Z,delta,gain,lgbm_20260226T081223Z_delta_feature_importance_gain.csv,166,188,dew_pt_delta_180,326.0633744330595,3313
20260226T081223Z,delta,gain,lgbm_20260226T081223Z_delta_feature_importance_gain.csv,167,249,pressure_range_360,324.54061183064607,3579
20260226T081223Z,delta,gain,lgbm_20260226T081223Z_delta_feature_importance_gain.csv,168,405,KBDR_gust_factor,321.4488155811343,4770
20260226T081223Z,delta,gain,lgbm_20260226T081223Z_delta_feature_importance_gain.csv,169,233,dew_pt_range_360,319.1882408593092,1590
20260226T081223Z,delta,gain,lgbm_20260226T081223Z_delta_feature_importance_gain.csv,170,470,nbr_dewpt_mean,318.48459938961264,3122
20260226T081223Z,delta,gain,lgbm_20260226T081223Z_delta_feature_importance_gain.csv,171,311,KTEB_temp_now,317.4903484067964,2709
20260226T081223Z,delta,gain,lgbm_20260226T081223Z_delta_feature_importance_gain.csv,172,362,KISP_dewpt_now,316.5961065909598,3482
20260226T081223Z,delta,gain,lgbm_20260226T081223Z_delta_feature_importance_gain.csv,173,478,temp_coastal_mean,313.2605346100777,3029
20260226T081223Z,delta,gain,lgbm_20260226T081223Z_delta_feature_importance_gain.csv,174,429,KMMU_gust_factor,311.89345356553486,5038
20260226T081223Z,delta,gain,lgbm_20260226T081223Z_delta_feature_importance_gain.csv,175,131,wspd_prev_60,309.6563194670805,1997
20260226T081223Z,delta,gain,lgbm_20260226T081223Z_delta_feature_importance_gain.csv,176,420,KMMU_wdir_now,306.1234381094364,3841
20260226T081223Z,delta,gain,lgbm_20260226T081223Z_delta_feature_importance_gain.csv,177,370,KISP_wspd_now,303.63062438850835,3786
20260226T081223Z,delta,gain,lgbm_20260226T081223Z_delta_feature_importance_gain.csv,178,467,nbr_temp_min,301.3916680943171,2756
20260226T081223Z,delta,gain,lgbm_20260226T081223Z_delta_feature_importance_gain.csv,179,359,KISP_temp_now,297.535190656763,2918
20260226T081223Z,delta,gain,lgbm_20260226T081223Z_delta_feature_importance_gain.csv,180,182,temp_std_180,294.12403444538904,3713
20260226T081223Z,delta,gain,lgbm_20260226T081223Z_delta_feature_importance_gain.csv,181,290,KEWR_dewpt_now,293.08651238207494,3227
20260226T081223Z,delta,gain,lgbm_20260226T081223Z_delta_feature_importance_gain.csv,182,266,KJFK_dewpt_now,292.41958027978126,3347
20260226T081223Z,delta,gain,lgbm_20260226T081223Z_delta_feature_importance_gain.csv,183,179,temp_prev_180,292.12682926479374,2512
20260226T081223Z,delta,gain,lgbm_20260226T081223Z_delta_feature_importance_gain.csv,184,206,pressure_std_180,292.01263969098704,4339
20260226T081223Z,delta,gain,lgbm_20260226T081223Z_delta_feature_importance_gain.csv,185,419,KMMU_is_wspd_missing_now,291.84140598162776,308
20260226T081223Z,delta,gain,lgbm_20260226T081223Z_delta_feature_importance_gain.csv,186,464,wspd_diff_KMMU,291.69040574501696,5004
20260226T081223Z,delta,gain,lgbm_20260226T081223Z_delta_feature_importance_gain.csv,187,198,rh_std_180,291.3525970968702,4500
20260226T081223Z,delta,gain,lgbm_20260226T081223Z_delta_feature_importance_gain.csv,188,459,wspd_diff_KBDR,288.0205701663813,4814
20260226T081223Z,delta,gain,lgbm_20260226T081223Z_delta_feature_importance_gain.csv,189,211,wspd_prev_180,286.4235035995771,2813
20260226T081223Z,delta,gain,lgbm_20260226T081223Z_delta_feature_importance_gain.csv,190,245,pressure_slope_360,284.44413670315043,2577
20260226T081223Z,delta,gain,lgbm_20260226T081223Z_delta_feature_importance_gain.csv,191,444,wspd_diff_KTEB,282.42413287090847,3847
20260226T081223Z,delta,gain,lgbm_20260226T081223Z_delta_feature_importance_gain.csv,192,203,pressure_prev_180,280.72331813108804,3242
20260226T081223Z,delta,gain,lgbm_20260226T081223Z_delta_feature_importance_gain.csv,193,381,KISP_gust_factor,279.62814801529566,4902
20260226T081223Z,delta,gain,lgbm_20260226T081223Z_delta_feature_importance_gain.csv,194,443,pressure_diff_KTEB,278.90217329751067,4156
20260226T081223Z,delta,gain,lgbm_20260226T081223Z_delta_feature_importance_gain.csv,195,479,temp_inland_mean,276.2929491456593,3429
20260226T081223Z,delta,gain,lgbm_20260226T081223Z_delta_feature_importance_gain.csv,196,330,KTEB_dewpoint_depression_now,273.87907624957006,3112
20260226T081223Z,delta,gain,lgbm_20260226T081223Z_delta_feature_importance_gain.csv,197,454,wspd_diff_KISP,271.8625984942002,5151
20260226T081223Z,delta,gain,lgbm_20260226T081223Z_delta_feature_importance_gain.csv,198,357,KHPN_gust_factor,271.63666541908407,4680
20260226T081223Z,delta,gain,lgbm_20260226T081223Z_delta_feature_importance_gain.csv,199,418,KMMU_wspd_now,270.10095786282864,3522
20260226T081223Z,delta,gain,lgbm_20260226T081223Z_delta_feature_importance_gain.csv,200,180,temp_delta_180,266.1116000816521,3448
20260226T081223Z,delta,gain,lgbm_20260226T081223Z_delta_feature_importance_gain.csv,201,210,pressure_std_diff_180,265.8524963729351,4414
20260226T081223Z,delta,gain,lgbm_20260226T081223Z_delta_feature_importance_gain.csv,202,333,KTEB_gust_factor,265.1089870586452,4129
20260226T081223Z,delta,gain,lgbm_20260226T081223Z_delta_feature_importance_gain.csv,203,140,temp_delta_120,264.00636682103914,2815
20260226T081223Z,delta,gain,lgbm_20260226T081223Z_delta_feature_importance_gain.csv,204,259,temp_accel_60_180,263.75643216617755,3237
20260226T081223Z,delta,gain,lgbm_20260226T081223Z_delta_feature_importance_gain.csv,205,175,wspd_min_120,259.7281178217627,2135
20260226T081223Z,delta,gain,lgbm_20260226T081223Z_delta_feature_importance_gain.csv,206,143,temp_min_120,257.7983753568915,1565
20260226T081223Z,delta,gain,lgbm_20260226T081223Z_delta_feature_importance_gain.csv,207,409,KMMU_age_min_temp,256.7963545873067,2766
20260226T081223Z,delta,gain,lgbm_20260226T081223Z_delta_feature_importance_gain.csv,208,251,wspd_prev_360,256.3640940533186,4456
20260226T081223Z,delta,gain,lgbm_20260226T081223Z_delta_feature_importance_gain.csv,209,171,wspd_prev_120,255.7993843980539,2641
20260226T081223Z,delta,gain,lgbm_20260226T081223Z_delta_feature_importance_gain.csv,210,144,temp_max_120,255.54074593877613,1357
20260226T081223Z,delta,gain,lgbm_20260226T081223Z_delta_feature_importance_gain.csv,211,474,nbr_pressure_mean,255.2819522951845,2138
20260226T081223Z,delta,gain,lgbm_20260226T081223Z_delta_feature_importance_gain.csv,212,426,KMMU_dewpoint_depression_now,253.79753943835487,3553
20260226T081223Z,delta,gain,lgbm_20260226T081223Z_delta_feature_importance_gain.csv,213,318,KTEB_pressure_now,251.13673265544696,2467
20260226T081223Z,delta,gain,lgbm_20260226T081223Z_delta_feature_importance_gain.csv,214,274,KJFK_wspd_now,249.85965163659895,3789
20260226T081223Z,delta,gain,lgbm_20260226T081223Z_delta_feature_importance_gain.csv,215,434,wspd_diff_KJFK,246.4112089079537,4660
20260226T081223Z,delta,gain,lgbm_20260226T081223Z_delta_feature_importance_gain.csv,216,309,KEWR_gust_factor,244.6261482062937,4773
20260226T081223Z,delta,gain,lgbm_20260226T081223Z_delta_feature_importance_gain.csv,217,231,dew_pt_min_360,240.9665651673749,2346
20260226T081223Z,delta,gain,lgbm_20260226T081223Z_delta_feature_importance_gain.csv,218,282,KJFK_dewpoint_depression_now,240.33439679485676,2627
20260226T081223Z,delta,gain,lgbm_20260226T081223Z_delta_feature_importance_gain.csv,219,298,KEWR_wspd_now,235.784379175401,3815
20260226T081223Z,delta,gain,lgbm_20260226T081223Z_delta_feature_importance_gain.csv,220,232,dew_pt_max_360,233.554840115022,2245
20260226T081223Z,delta,gain,lgbm_20260226T081223Z_delta_feature_importance_gain.csv,221,156,rh_delta_120,225.49628259070687,3231
20260226T081223Z,delta,gain,lgbm_20260226T081223Z_delta_feature_importance_gain.csv,222,378,KISP_dewpoint_depression_now,225.44404184165933,2591
20260226T081223Z,delta,gain,lgbm_20260226T081223Z_delta_feature_importance_gain.csv,223,346,KHPN_wspd_now,222.23986781428664,3324
20260226T081223Z,delta,gain,lgbm_20260226T081223Z_delta_feature_importance_gain.csv,224,139,temp_prev_120,220.5932047292741,2077
20260226T081223Z,delta,gain,lgbm_20260226T081223Z_delta_feature_importance_gain.csv,225,285,KJFK_gust_factor,220.4508898101949,4613
20260226T081223Z,delta,gain,lgbm_20260226T081223Z_delta_feature_importance_gain.csv,226,402,KBDR_dewpoint_depression_now,220.21868055338564,2763
20260226T081223Z,delta,gain,lgbm_20260226T081223Z_delta_feature_importance_gain.csv,227,202,rh_std_diff_180,217.64765634448983,3820
20260226T081223Z,delta,gain,lgbm_20260226T081223Z_delta_feature_importance_gain.csv,228,438,pressure_diff_KEWR,215.99273870523663,2797
20260226T081223Z,delta,gain,lgbm_20260226T081223Z_delta_feature_importance_gain.csv,229,159,rh_min_120,214.90490591922756,2204
20260226T081223Z,delta,gain,lgbm_20260226T081223Z_delta_feature_importance_gain.csv,230,164,pressure_delta_120,214.0328837115822,3613
20260226T081223Z,delta,gain,lgbm_20260226T081223Z_delta_feature_importance_gain.csv,231,263,KJFK_temp_now,211.49452822091732,2182
20260226T081223Z,delta,gain,lgbm_20260226T081223Z_delta_feature_importance_gain.csv,232,466,nbr_temp_mean,209.9848032419632,2416
20260226T081223Z,delta,gain,lgbm_20260226T081223Z_delta_feature_importance_gain.csv,233,476,nbr_pressure_max,209.19255842263607,1943
20260226T081223Z,delta,gain,lgbm_20260226T081223Z_delta_feature_importance_gain.csv,234,196,rh_delta_180,201.17506279250028,4163
20260226T081223Z,delta,gain,lgbm_20260226T081223Z_delta_feature_importance_gain.csv,235,190,dew_pt_std_180,201.1171754556885,2724
20260226T081223Z,delta,gain,lgbm_20260226T081223Z_delta_feature_importance_gain.csv,236,11,is_dst,200.87539882864803,787
20260226T081223Z,delta,gain,lgbm_20260226T081223Z_delta_feature_importance_gain.csv,237,107,dew_pt_prev_60,200.86997517890995,808
20260226T081223Z,delta,gain,lgbm_20260226T081223Z_delta_feature_importance_gain.csv,238,218,wspd_std_diff_180,200.44196369458095,3839
20260226T081223Z,delta,gain,lgbm_20260226T081223Z_delta_feature_importance_gain.csv,239,99,temp_prev_60,198.9135111652049,1487
20260226T081223Z,delta,gain,lgbm_20260226T081223Z_delta_feature_importance_gain.csv,240,215,wspd_min_180,197.48228560163943,2606
20260226T081223Z,delta,gain,lgbm_20260226T081223Z_delta_feature_importance_gain.csv,241,176,wspd_max_120,197.04955023426044,2610
20260226T081223Z,delta,gain,lgbm_20260226T081223Z_delta_feature_importance_gain.csv,242,439,wspd_diff_KEWR,192.6519005462357,4110
20260226T081223Z,delta,gain,lgbm_20260226T081223Z_delta_feature_importance_gain.csv,243,262,temp_drop_from_peak,187.3106003216308,1456
20260226T081223Z,delta,gain,lgbm_20260226T081223Z_delta_feature_importance_gain.csv,244,10,is_weekend,187.12665269657737,1298
20260226T081223Z,delta,gain,lgbm_20260226T081223Z_delta_feature_importance_gain.csv,245,342,KHPN_pressure_now,184.1896393769748,2611
20260226T081223Z,delta,gain,lgbm_20260226T081223Z_delta_feature_importance_gain.csv,246,270,KJFK_pressure_now,179.18444414748956,2425
20260226T081223Z,delta,gain,lgbm_20260226T081223Z_delta_feature_importance_gain.csv,247,34,gust_factor,178.33025514983308,3719
20260226T081223Z,delta,gain,lgbm_20260226T081223Z_delta_feature_importance_gain.csv,248,257,wspd_range_360,176.9970933301813,2838
20260226T081223Z,delta,gain,lgbm_20260226T081223Z_delta_feature_importance_gain.csv,249,160,rh_max_120,175.33838413522153,2179
20260226T081223Z,delta,gain,lgbm_20260226T081223Z_delta_feature_importance_gain.csv,250,354,KHPN_dewpoint_depression_now,163.22494174707435,2256
20260226T081223Z,delta,gain,lgbm_20260226T081223Z_delta_feature_importance_gain.csv,251,212,wspd_delta_180,162.0101675580122,3442
20260226T081223Z,delta,gain,lgbm_20260226T081223Z_delta_feature_importance_gain.csv,252,322,KTEB_wspd_now,160.96511782741746,2865
20260226T081223Z,delta,gain,lgbm_20260226T081223Z_delta_feature_importance_gain.csv,253,123,pressure_prev_60,152.47055636523146,1037
20260226T081223Z,delta,gain,lgbm_20260226T081223Z_delta_feature_importance_gain.csv,254,115,rh_prev_60,143.8021475309929,1994
20260226T081223Z,delta,gain,lgbm_20260226T081223Z_delta_feature_importance_gain.csv,255,475,nbr_pressure_min,140.63447739420008,1831
20260226T081223Z,delta,gain,lgbm_20260226T081223Z_delta_feature_importance_gain.csv,256,3,cutoff_sin,136.6478947912683,793
20260226T081223Z,delta,gain,lgbm_20260226T081223Z_delta_feature_importance_gain.csv,257,207,pressure_min_180,136.25498062103543,1695
20260226T081223Z,delta,gain,lgbm_20260226T081223Z_delta_feature_importance_gain.csv,258,12,temp_now,135.05575649482347,1089
20260226T081223Z,delta,gain,lgbm_20260226T081223Z_delta_feature_importance_gain.csv,259,142,temp_std_120,134.28413098358578,1412
20260226T081223Z,delta,gain,lgbm_20260226T081223Z_delta_feature_importance_gain.csv,260,148,dew_pt_delta_120,134.16765335951686,1980
20260226T081223Z,delta,gain,lgbm_20260226T081223Z_delta_feature_importance_gain.csv,261,163,pressure_prev_120,131.96032161394123,1861
20260226T081223Z,delta,gain,lgbm_20260226T081223Z_delta_feature_importance_gain.csv,262,194,dew_pt_std_diff_180,131.82117646185634,2176
20260226T081223Z,delta,gain,lgbm_20260226T081223Z_delta_feature_importance_gain.csv,263,186,temp_std_diff_180,131.27660360863706,2435
20260226T081223Z,delta,gain,lgbm_20260226T081223Z_delta_feature_importance_gain.csv,264,187,dew_pt_prev_180,129.73340353576458,1662
20260226T081223Z,delta,gain,lgbm_20260226T081223Z_delta_feature_importance_gain.csv,265,116,rh_delta_60,127.27826416424932,2655
20260226T081223Z,delta,gain,lgbm_20260226T081223Z_delta_feature_importance_gain.csv,266,1,cutoff_hour,126.71284057975572,263
20260226T081223Z,delta,gain,lgbm_20260226T081223Z_delta_feature_importance_gain.csv,267,124,pressure_delta_60,124.09882997158256,2297
20260226T081223Z,delta,gain,lgbm_20260226T081223Z_delta_feature_importance_gain.csv,268,221,temp_slope_360,123.75269940633632,1331
20260226T081223Z,delta,gain,lgbm_20260226T081223Z_delta_feature_importance_gain.csv,269,205,pressure_slope_180,123.48885625826756,1013
20260226T081223Z,delta,gain,lgbm_20260226T081223Z_delta_feature_importance_gain.csv,270,100,temp_delta_60,123.16382504187436,1608
20260226T081223Z,delta,gain,lgbm_20260226T081223Z_delta_feature_importance_gain.csv,271,166,pressure_std_120,122.83850055580392,1642
20260226T081223Z,delta,gain,lgbm_20260226T081223Z_delta_feature_importance_gain.csv,272,208,pressure_max_180,120.80209645357736,1399
20260226T081223Z,delta,gain,lgbm_20260226T081223Z_delta_feature_importance_gain.csv,273,178,wspd_std_diff_120,119.45838522774966,1121
20260226T081223Z,delta,gain,lgbm_20260226T081223Z_delta_feature_importance_gain.csv,274,172,wspd_delta_120,117.9838763218784,2847
20260226T081223Z,delta,gain,lgbm_20260226T081223Z_delta_feature_importance_gain.csv,275,57,any_precip_sofar,115.83957061474212,260
20260226T081223Z,delta,gain,lgbm_20260226T081223Z_delta_feature_importance_gain.csv,276,85,pressure_slope_30,115.50570717659184,85
20260226T081223Z,delta,gain,lgbm_20260226T081223Z_delta_feature_importance_gain.csv,277,158,rh_std_120,114.88339180840012,1880
20260226T081223Z,delta,gain,lgbm_20260226T081223Z_delta_feature_importance_gain.csv,278,225,temp_range_360,111.40593810884002,1607
20260226T081223Z,delta,gain,lgbm_20260226T081223Z_delta_feature_importance_gain.csv,279,323,KTEB_is_wspd_missing_now,109.49642843240872,558
20260226T081223Z,delta,gain,lgbm_20260226T081223Z_delta_feature_importance_gain.csv,280,104,temp_max_60,108.20487884999513,934
20260226T081223Z,delta,gain,lgbm_20260226T081223Z_delta_feature_importance_gain.csv,281,91,wspd_prev_30,107.72536556251976,441
20260226T081223Z,delta,gain,lgbm_20260226T081223Z_delta_feature_importance_gain.csv,282,119,rh_min_60,106.09290477706008,1269
20260226T081223Z,delta,gain,lgbm_20260226T081223Z_delta_feature_importance_gain.csv,283,168,pressure_max_120,105.49751234816358,1006
20260226T081223Z,delta,gain,lgbm_20260226T081223Z_delta_feature_importance_gain.csv,284,237,rh_slope_360,105.35016354399365,1607
20260226T081223Z,delta,gain,lgbm_20260226T081223Z_delta_feature_importance_gain.csv,285,174,wspd_std_120,103.46529985049824,1788
20260226T081223Z,delta,gain,lgbm_20260226T081223Z_delta_feature_importance_gain.csv,286,229,dew_pt_slope_360,102.38731896010675,1394
20260226T081223Z,delta,gain,lgbm_20260226T081223Z_delta_feature_importance_gain.csv,287,88,pressure_max_30,101.13165686706476,308
20260226T081223Z,delta,gain,lgbm_20260226T081223Z_delta_feature_importance_gain.csv,288,253,wspd_slope_360,100.58854763618932,1148
20260226T081223Z,delta,gain,lgbm_20260226T081223Z_delta_feature_importance_gain.csv,289,141,temp_slope_120,100.54421666090276,563
20260226T081223Z,delta,gain,lgbm_20260226T081223Z_delta_feature_importance_gain.csv,290,201,rh_range_180,99.81799213868362,1179
20260226T081223Z,delta,gain,lgbm_20260226T081223Z_delta_feature_importance_gain.csv,291,103,temp_min_60,99.11736980084424,1013
20260226T081223Z,delta,gain,lgbm_20260226T081223Z_delta_feature_importance_gain.csv,292,484,temp_jfk_minus_klga,98.81014349278394,1319
20260226T081223Z,delta,gain,lgbm_20260226T081223Z_delta_feature_importance_gain.csv,293,108,dew_pt_delta_60,97.16631670488688,1293
20260226T081223Z,delta,gain,lgbm_20260226T081223Z_delta_feature_importance_gain.csv,294,191,dew_pt_min_180,95.99049468716656,1243
20260226T081223Z,delta,gain,lgbm_20260226T081223Z_delta_feature_importance_gain.csv,295,192,dew_pt_max_180,94.428356464734,1172
20260226T081223Z,delta,gain,lgbm_20260226T081223Z_delta_feature_importance_gain.csv,296,398,KBDR_gust_now,92.0719250365837,636
20260226T081223Z,delta,gain,lgbm_20260226T081223Z_delta_feature_importance_gain.csv,297,385,KBDR_age_min_temp,88.8819776913283,907
20260226T081223Z,delta,gain,lgbm_20260226T081223Z_delta_feature_importance_gain.csv,298,136,wspd_max_60,88.41576247989042,1246
20260226T081223Z,delta,gain,lgbm_20260226T081223Z_delta_feature_importance_gain.csv,299,120,rh_max_60,85.67963410128323,1184
20260226T081223Z,delta,gain,lgbm_20260226T081223Z_delta_feature_importance_gain.csv,300,132,wspd_delta_60,85.28171623589355,2069
20260226T081223Z,delta,gain,lgbm_20260226T081223Z_delta_feature_importance_gain.csv,301,151,dew_pt_min_120,82.85821282851794,1010
20260226T081223Z,delta,gain,lgbm_20260226T081223Z_delta_feature_importance_gain.csv,302,167,pressure_min_120,82.75257252468964,1010
20260226T081223Z,delta,gain,lgbm_20260226T081223Z_delta_feature_importance_gain.csv,303,486,temp_urban_fringe_mean,80.68828514883717,541
20260226T081223Z,delta,gain,lgbm_20260226T081223Z_delta_feature_importance_gain.csv,304,147,dew_pt_prev_120,80.19069290700463,1182
20260226T081223Z,delta,gain,lgbm_20260226T081223Z_delta_feature_importance_gain.csv,305,162,rh_std_diff_120,79.17153943837752,1408
20260226T081223Z,delta,gain,lgbm_20260226T081223Z_delta_feature_importance_gain.csv,306,31,dewpoint_depression_now,77.80528231762946,1378
20260226T081223Z,delta,gain,lgbm_20260226T081223Z_delta_feature_importance_gain.csv,307,24,is_wspd_missing_now,77.40251770551549,320
20260226T081223Z,delta,gain,lgbm_20260226T081223Z_delta_feature_importance_gain.csv,308,17,rh_now,77.0924941038138,1200
20260226T081223Z,delta,gain,lgbm_20260226T081223Z_delta_feature_importance_gain.csv,309,23,wspd_now,76.83312180702978,1022
20260226T081223Z,delta,gain,lgbm_20260226T081223Z_delta_feature_importance_gain.csv,310,299,KEWR_is_wspd_missing_now,73.95457390250522,427
20260226T081223Z,delta,gain,lgbm_20260226T081223Z_delta_feature_importance_gain.csv,311,337,KHPN_age_min_temp,70.25697315295452,963
20260226T081223Z,delta,gain,lgbm_20260226T081223Z_delta_feature_importance_gain.csv,312,217,wspd_range_180,69.95122861965501,948
20260226T081223Z,delta,gain,lgbm_20260226T081223Z_delta_feature_importance_gain.csv,313,15,dewpt_now,67.57736430067825,871
20260226T081223Z,delta,gain,lgbm_20260226T081223Z_delta_feature_importance_gain.csv,314,135,wspd_min_60,65.34273540205606,1113
20260226T081223Z,delta,gain,lgbm_20260226T081223Z_delta_feature_importance_gain.csv,315,189,dew_pt_slope_180,64.46036662357801,619
20260226T081223Z,delta,gain,lgbm_20260226T081223Z_delta_feature_importance_gain.csv,316,313,KTEB_age_min_temp,64.35755321245601,670
20260226T081223Z,delta,gain,lgbm_20260226T081223Z_delta_feature_importance_gain.csv,317,111,dew_pt_min_60,63.94553856516404,846
20260226T081223Z,delta,gain,lgbm_20260226T081223Z_delta_feature_importance_gain.csv,318,19,pressure_now,61.02938833947519,758
20260226T081223Z,delta,gain,lgbm_20260226T081223Z_delta_feature_importance_gain.csv,319,209,pressure_range_180,60.02103086920522,1113
20260226T081223Z,delta,gain,lgbm_20260226T081223Z_delta_feature_importance_gain.csv,320,127,pressure_min_60,58.05045208335287,760
20260226T081223Z,delta,gain,lgbm_20260226T081223Z_delta_feature_importance_gain.csv,321,152,dew_pt_max_120,57.31943043877982,938
20260226T081223Z,delta,gain,lgbm_20260226T081223Z_delta_feature_importance_gain.csv,322,422,KMMU_gust_now,55.979325575855455,1002
20260226T081223Z,delta,gain,lgbm_20260226T081223Z_delta_feature_importance_gain.csv,323,128,pressure_max_60,55.22615837368295,814
20260226T081223Z,delta,gain,lgbm_20260226T081223Z_delta_feature_importance_gain.csv,324,260,temp_accel_30_120,54.6910787487468,551
20260226T081223Z,delta,gain,lgbm_20260226T081223Z_delta_feature_importance_gain.csv,325,485,temp_north_mean,53.46982421786743,567
20260226T081223Z,delta,gain,lgbm_20260226T081223Z_delta_feature_importance_gain.csv,326,425,KMMU_is_precip_hrly_missing_now,49.335467050783336,152
20260226T081223Z,delta,gain,lgbm_20260226T081223Z_delta_feature_importance_gain.csv,327,325,KTEB_is_wdir_missing_now,49.26698830816895,47
20260226T081223Z,delta,gain,lgbm_20260226T081223Z_delta_feature_importance_gain.csv,328,154,dew_pt_std_diff_120,49.05760574372107,763
20260226T081223Z,delta,gain,lgbm_20260226T081223Z_delta_feature_importance_gain.csv,329,181,temp_slope_180,48.709076415478194,670
20260226T081223Z,delta,gain,lgbm_20260226T081223Z_delta_feature_importance_gain.csv,330,112,dew_pt_max_60,47.93942168516355,775
20260226T081223Z,delta,gain,lgbm_20260226T081223Z_delta_feature_importance_gain.csv,331,350,KHPN_gust_now,47.612395670750175,775
20260226T081223Z,delta,gain,lgbm_20260226T081223Z_delta_feature_importance_gain.csv,332,374,KISP_gust_now,47.264452567735134,915
20260226T081223Z,delta,gain,lgbm_20260226T081223Z_delta_feature_importance_gain.csv,333,146,temp_std_diff_120,46.43821325480258,896
20260226T081223Z,delta,gain,lgbm_20260226T081223Z_delta_feature_importance_gain.csv,334,352,KHPN_precip_hrly_now,45.34795496943025,921
20260226T081223Z,delta,gain,lgbm_20260226T081223Z_delta_feature_importance_gain.csv,335,161,rh_range_120,43.70489860165071,720
20260226T081223Z,delta,gain,lgbm_20260226T081223Z_delta_feature_importance_gain.csv,336,193,dew_pt_range_180,43.6003453211888,377
20260226T081223Z,delta,gain,lgbm_20260226T081223Z_delta_feature_importance_gain.csv,337,165,pressure_slope_120,43.18865989086044,705
20260226T081223Z,delta,gain,lgbm_20260226T081223Z_delta_feature_importance_gain.csv,338,197,rh_slope_180,42.67451604128473,863
20260226T081223Z,delta,gain,lgbm_20260226T081223Z_delta_feature_importance_gain.csv,339,150,dew_pt_std_120,42.66751520124035,1007
20260226T081223Z,delta,gain,lgbm_20260226T081223Z_delta_feature_importance_gain.csv,340,302,KEWR_gust_now,42.02709122998931,774
20260226T081223Z,delta,gain,lgbm_20260226T081223Z_delta_feature_importance_gain.csv,341,326,KTEB_gust_now,40.60561146266366,694
20260226T081223Z,delta,gain,lgbm_20260226T081223Z_delta_feature_importance_gain.csv,342,170,pressure_std_diff_120,40.53294302739596,1050
20260226T081223Z,delta,gain,lgbm_20260226T081223Z_delta_feature_importance_gain.csv,343,395,KBDR_is_wspd_missing_now,40.208630788776645,297
20260226T081223Z,delta,gain,lgbm_20260226T081223Z_delta_feature_importance_gain.csv,344,400,KBDR_precip_hrly_now,39.67862792735468,730
20260226T081223Z,delta,gain,lgbm_20260226T081223Z_delta_feature_importance_gain.csv,345,126,pressure_std_60,38.29219879327684,230
20260226T081223Z,delta,gain,lgbm_20260226T081223Z_delta_feature_importance_gain.csv,346,304,KEWR_precip_hrly_now,36.64724783476868,605
20260226T081223Z,delta,gain,lgbm_20260226T081223Z_delta_feature_importance_gain.csv,347,377,KISP_is_precip_hrly_missing_now,35.814605160674546,216
20260226T081223Z,delta,gain,lgbm_20260226T081223Z_delta_feature_importance_gain.csv,348,361,KISP_age_min_temp,35.07114801401804,1090
20260226T081223Z,delta,gain,lgbm_20260226T081223Z_delta_feature_importance_gain.csv,349,185,temp_range_180,33.94621617612211,512
20260226T081223Z,delta,gain,lgbm_20260226T081223Z_delta_feature_importance_gain.csv,350,71,dew_pt_min_30,33.605197208479694,225
20260226T081223Z,delta,gain,lgbm_20260226T081223Z_delta_feature_importance_gain.csv,351,59,temp_prev_30,33.41184835569857,347
20260226T081223Z,delta,gain,lgbm_20260226T081223Z_delta_feature_importance_gain.csv,352,213,wspd_slope_180,32.28580122486778,668
20260226T081223Z,delta,gain,lgbm_20260226T081223Z_delta_feature_importance_gain.csv,353,157,rh_slope_120,31.80336550784,666
20260226T081223Z,delta,gain,lgbm_20260226T081223Z_delta_feature_importance_gain.csv,354,281,KJFK_is_precip_hrly_missing_now,31.217712848912925,177
20260226T081223Z,delta,gain,lgbm_20260226T081223Z_delta_feature_importance_gain.csv,355,397,KBDR_is_wdir_missing_now,31.09151225630194,70
20260226T081223Z,delta,gain,lgbm_20260226T081223Z_delta_feature_importance_gain.csv,356,401,KBDR_is_precip_hrly_missing_now,30.874840440927077,205
20260226T081223Z,delta,gain,lgbm_20260226T081223Z_delta_feature_importance_gain.csv,357,117,rh_slope_60,30.48446996398343,539
20260226T081223Z,delta,gain,lgbm_20260226T081223Z_delta_feature_importance_gain.csv,358,125,pressure_slope_60,30.2286690305325,485
20260226T081223Z,delta,gain,lgbm_20260226T081223Z_delta_feature_importance_gain.csv,359,72,dew_pt_max_30,29.850884415559904,149
20260226T081223Z,delta,gain,lgbm_20260226T081223Z_delta_feature_importance_gain.csv,360,149,dew_pt_slope_120,29.48655239263826,433
20260226T081223Z,delta,gain,lgbm_20260226T081223Z_delta_feature_importance_gain.csv,361,411,KMMU_is_dew_pt_missing_now,27.29622927843593,520
20260226T081223Z,delta,gain,lgbm_20260226T081223Z_delta_feature_importance_gain.csv,362,102,temp_std_60,26.962779726705776,283
20260226T081223Z,delta,gain,lgbm_20260226T081223Z_delta_feature_importance_gain.csv,363,75,rh_prev_30,26.93038813325808,381
20260226T081223Z,delta,gain,lgbm_20260226T081223Z_delta_feature_importance_gain.csv,364,371,KISP_is_wspd_missing_now,24.939465807397937,298
20260226T081223Z,delta,gain,lgbm_20260226T081223Z_delta_feature_importance_gain.csv,365,87,pressure_min_30,24.90372145093147,697
20260226T081223Z,delta,gain,lgbm_20260226T081223Z_delta_feature_importance_gain.csv,366,280,KJFK_precip_hrly_now,24.75500061240382,595
20260226T081223Z,delta,gain,lgbm_20260226T081223Z_delta_feature_importance_gain.csv,367,177,wspd_range_120,24.634957006077457,413
20260226T081223Z,delta,gain,lgbm_20260226T081223Z_delta_feature_importance_gain.csv,368,29,precip_hrly_now,23.692422592444927,425
20260226T081223Z,delta,gain,lgbm_20260226T081223Z_delta_feature_importance_gain.csv,369,376,KISP_precip_hrly_now,23.205358595128477,672
20260226T081223Z,delta,gain,lgbm_20260226T081223Z_delta_feature_importance_gain.csv,370,173,wspd_slope_120,22.98112335429869,606
20260226T081223Z,delta,gain,lgbm_20260226T081223Z_delta_feature_importance_gain.csv,371,328,KTEB_precip_hrly_now,22.80462411277585,465
20260226T081223Z,delta,gain,lgbm_20260226T081223Z_delta_feature_importance_gain.csv,372,27,gust_now,21.87182535628358,502
20260226T081223Z,delta,gain,lgbm_20260226T081223Z_delta_feature_importance_gain.csv,373,83,pressure_prev_30,21.6630453555544,352
20260226T081223Z,delta,gain,lgbm_20260226T081223Z_delta_feature_importance_gain.csv,374,145,temp_range_120,21.377699802877032,264
20260226T081223Z,delta,gain,lgbm_20260226T081223Z_delta_feature_importance_gain.csv,375,118,rh_std_60,21.32999715280312,469
20260226T081223Z,delta,gain,lgbm_20260226T081223Z_delta_feature_importance_gain.csv,376,134,wspd_std_60,21.241751897508607,324
20260226T081223Z,delta,gain,lgbm_20260226T081223Z_delta_feature_importance_gain.csv,377,101,temp_slope_60,20.76781989515257,338
20260226T081223Z,delta,gain,lgbm_20260226T081223Z_delta_feature_importance_gain.csv,378,278,KJFK_gust_now,19.88824636804384,517
20260226T081223Z,delta,gain,lgbm_20260226T081223Z_delta_feature_importance_gain.csv,379,305,KEWR_is_precip_hrly_missing_now,19.45413412153721,198
20260226T081223Z,delta,gain,lgbm_20260226T081223Z_delta_feature_importance_gain.csv,380,169,pressure_range_120,18.943713486048186,474
20260226T081223Z,delta,gain,lgbm_20260226T081223Z_delta_feature_importance_gain.csv,381,95,wspd_min_30,18.40706307971232,195
20260226T081223Z,delta,gain,lgbm_20260226T081223Z_delta_feature_importance_gain.csv,382,275,KJFK_is_wspd_missing_now,17.57781645754585,259
20260226T081223Z,delta,gain,lgbm_20260226T081223Z_delta_feature_importance_gain.csv,383,79,rh_min_30,17.518224153855954,268
20260226T081223Z,delta,gain,lgbm_20260226T081223Z_delta_feature_importance_gain.csv,384,133,wspd_slope_60,17.27776678211535,447
20260226T081223Z,delta,gain,lgbm_20260226T081223Z_delta_feature_importance_gain.csv,385,30,is_precip_hrly_missing_now,17.214508426375687,119
20260226T081223Z,delta,gain,lgbm_20260226T081223Z_delta_feature_importance_gain.csv,386,413,KMMU_is_rh_missing_now,16.73706597299315,376
20260226T081223Z,delta,gain,lgbm_20260226T081223Z_delta_feature_importance_gain.csv,387,64,temp_max_30,16.324376114233928,148
20260226T081223Z,delta,gain,lgbm_20260226T081223Z_delta_feature_importance_gain.csv,388,387,KBDR_is_dew_pt_missing_now,16.131271056867263,325
20260226T081223Z,delta,gain,lgbm_20260226T081223Z_delta_feature_importance_gain.csv,389,80,rh_max_30,15.668375809215169,202
20260226T081223Z,delta,gain,lgbm_20260226T081223Z_delta_feature_importance_gain.csv,390,138,wspd_std_diff_60,15.343240100860726,269
20260226T081223Z,delta,gain,lgbm_20260226T081223Z_delta_feature_importance_gain.csv,391,122,rh_std_diff_60,15.284836761660884,329
20260226T081223Z,delta,gain,lgbm_20260226T081223Z_delta_feature_importance_gain.csv,392,67,dew_pt_prev_30,15.261702364470692,262
20260226T081223Z,delta,gain,lgbm_20260226T081223Z_delta_feature_importance_gain.csv,393,267,KJFK_is_dew_pt_missing_now,14.56930666567314,344
20260226T081223Z,delta,gain,lgbm_20260226T081223Z_delta_feature_importance_gain.csv,394,353,KHPN_is_precip_hrly_missing_now,14.19001414848026,103
20260226T081223Z,delta,gain,lgbm_20260226T081223Z_delta_feature_importance_gain.csv,395,60,temp_delta_30,13.92905507076921,146
20260226T081223Z,delta,gain,lgbm_20260226T081223Z_delta_feature_importance_gain.csv,396,109,dew_pt_slope_60,13.82800635064632,257
20260226T081223Z,delta,gain,lgbm_20260226T081223Z_delta_feature_importance_gain.csv,397,315,KTEB_is_dew_pt_missing_now,13.436060652300512,283
20260226T081223Z,delta,gain,lgbm_20260226T081223Z_delta_feature_importance_gain.csv,398,329,KTEB_is_precip_hrly_missing_now,12.91153099667281,154
20260226T081223Z,delta,gain,lgbm_20260226T081223Z_delta_feature_importance_gain.csv,399,86,pressure_std_30,12.6886785185161,146
20260226T081223Z,delta,gain,lgbm_20260226T081223Z_delta_feature_importance_gain.csv,400,277,KJFK_is_wdir_missing_now,12.556726432638245,49
20260226T081223Z,delta,gain,lgbm_20260226T081223Z_delta_feature_importance_gain.csv,401,110,dew_pt_std_60,12.247825505100993,202
20260226T081223Z,delta,gain,lgbm_20260226T081223Z_delta_feature_importance_gain.csv,402,339,KHPN_is_dew_pt_missing_now,9.276841502716708,222
20260226T081223Z,delta,gain,lgbm_20260226T081223Z_delta_feature_importance_gain.csv,403,76,rh_delta_30,9.061475206317482,338
20260226T081223Z,delta,gain,lgbm_20260226T081223Z_delta_feature_importance_gain.csv,404,105,temp_range_60,8.870833845592642,38
20260226T081223Z,delta,gain,lgbm_20260226T081223Z_delta_feature_importance_gain.csv,405,363,KISP_is_dew_pt_missing_now,8.273000927358225,217
20260226T081223Z,delta,gain,lgbm_20260226T081223Z_delta_feature_importance_gain.csv,406,153,dew_pt_range_120,8.258934503130149,147
20260226T081223Z,delta,gain,lgbm_20260226T081223Z_delta_feature_importance_gain.csv,407,291,KEWR_is_dew_pt_missing_now,8.202357365834814,274
20260226T081223Z,delta,gain,lgbm_20260226T081223Z_delta_feature_importance_gain.csv,408,63,temp_min_30,7.841094123658877,222
20260226T081223Z,delta,gain,lgbm_20260226T081223Z_delta_feature_importance_gain.csv,409,114,dew_pt_std_diff_60,7.767251900000701,132
20260226T081223Z,delta,gain,lgbm_20260226T081223Z_delta_feature_importance_gain.csv,410,373,KISP_is_wdir_missing_now,7.475767727446509,66
20260226T081223Z,delta,gain,lgbm_20260226T081223Z_delta_feature_importance_gain.csv,411,16,is_dew_pt_missing_now,7.277776125119999,177
20260226T081223Z,delta,gain,lgbm_20260226T081223Z_delta_feature_importance_gain.csv,412,96,wspd_max_30,7.27743447906596,224
20260226T081223Z,delta,gain,lgbm_20260226T081223Z_delta_feature_importance_gain.csv,413,423,KMMU_is_gust_missing_now,7.042728521861136,12
20260226T081223Z,delta,gain,lgbm_20260226T081223Z_delta_feature_importance_gain.csv,414,68,dew_pt_delta_30,7.02982035450259,146
20260226T081223Z,delta,gain,lgbm_20260226T081223Z_delta_feature_importance_gain.csv,415,106,temp_std_diff_60,6.07225512886275,219
20260226T081223Z,delta,gain,lgbm_20260226T081223Z_delta_feature_importance_gain.csv,416,92,wspd_delta_30,5.863400299825571,360
20260226T081223Z,delta,gain,lgbm_20260226T081223Z_delta_feature_importance_gain.csv,417,137,wspd_range_60,5.369066520575871,76
20260226T081223Z,delta,gain,lgbm_20260226T081223Z_delta_feature_importance_gain.csv,418,121,rh_range_60,4.277551201128517,120
20260226T081223Z,delta,gain,lgbm_20260226T081223Z_delta_feature_importance_gain.csv,419,14,age_min_temp,4.221929688760724,134
20260226T081223Z,delta,gain,lgbm_20260226T081223Z_delta_feature_importance_gain.csv,420,94,wspd_std_30,3.915155119608244,116
20260226T081223Z,delta,gain,lgbm_20260226T081223Z_delta_feature_importance_gain.csv,421,89,pressure_range_30,3.4688102064246777,26
20260226T081223Z,delta,gain,lgbm_20260226T081223Z_delta_feature_importance_gain.csv,422,38,n_expected_bins,3.4225539561216465,70
20260226T081223Z,delta,gain,lgbm_20260226T081223Z_delta_feature_importance_gain.csv,423,130,pressure_std_diff_60,3.267802680740715,139
20260226T081223Z,delta,gain,lgbm_20260226T081223Z_delta_feature_importance_gain.csv,424,289,KEWR_age_min_temp,3.254954883163009,140
20260226T081223Z,delta,gain,lgbm_20260226T081223Z_delta_feature_importance_gain.csv,425,319,KTEB_is_pressure_missing_now,3.038908821879886,111
20260226T081223Z,delta,gain,lgbm_20260226T081223Z_delta_feature_importance_gain.csv,426,421,KMMU_is_wdir_missing_now,2.9884398323483765,23
20260226T081223Z,delta,gain,lgbm_20260226T081223Z_delta_feature_importance_gain.csv,427,78,rh_std_30,2.766792681846709,192
20260226T081223Z,delta,gain,lgbm_20260226T081223Z_delta_feature_importance_gain.csv,428,415,KMMU_is_pressure_missing_now,2.6262059558648616,85
20260226T081223Z,delta,gain,lgbm_20260226T081223Z_delta_feature_importance_gain.csv,429,26,is_wdir_missing_now,2.5440013920888305,48
20260226T081223Z,delta,gain,lgbm_20260226T081223Z_delta_feature_importance_gain.csv,430,77,rh_slope_30,2.422084283658478,65
20260226T081223Z,delta,gain,lgbm_20260226T081223Z_delta_feature_importance_gain.csv,431,265,KJFK_age_min_temp,2.154171843903896,118
20260226T081223Z,delta,gain,lgbm_20260226T081223Z_delta_feature_importance_gain.csv,432,349,KHPN_is_wdir_missing_now,2.0619781182613224,34
20260226T081223Z,delta,gain,lgbm_20260226T081223Z_delta_feature_importance_gain.csv,433,129,pressure_range_60,1.9304220801350311,49
20260226T081223Z,delta,gain,lgbm_20260226T081223Z_delta_feature_importance_gain.csv,434,301,KEWR_is_wdir_missing_now,1.921233247499913,50
20260226T081223Z,delta,gain,lgbm_20260226T081223Z_delta_feature_importance_gain.csv,435,424,KMMU_precip_hrly_now,1.6235983944047805,45
20260226T081223Z,delta,gain,lgbm_20260226T081223Z_delta_feature_importance_gain.csv,436,341,KHPN_is_rh_missing_now,1.602423088013893,95
20260226T081223Z,delta,gain,lgbm_20260226T081223Z_delta_feature_importance_gain.csv,437,62,temp_std_30,1.5807960775273386,86
20260226T081223Z,delta,gain,lgbm_20260226T081223Z_delta_feature_importance_gain.csv,438,28,is_gust_missing_now,1.4937076102942228,16
20260226T081223Z,delta,gain,lgbm_20260226T081223Z_delta_feature_importance_gain.csv,439,70,dew_pt_std_30,1.358101334713865,51
20260226T081223Z,delta,gain,lgbm_20260226T081223Z_delta_feature_importance_gain.csv,440,97,wspd_range_30,1.2285018241382204,24
20260226T081223Z,delta,gain,lgbm_20260226T081223Z_delta_feature_importance_gain.csv,441,351,KHPN_is_gust_missing_now,1.0234733913093803,7
20260226T081223Z,delta,gain,lgbm_20260226T081223Z_delta_feature_importance_gain.csv,442,93,wspd_slope_30,0.914568729704115,76
20260226T081223Z,delta,gain,lgbm_20260226T081223Z_delta_feature_importance_gain.csv,443,66,temp_std_diff_30,0.8493809860028705,43
20260226T081223Z,delta,gain,lgbm_20260226T081223Z_delta_feature_importance_gain.csv,444,327,KTEB_is_gust_missing_now,0.835383104160428,16
20260226T081223Z,delta,gain,lgbm_20260226T081223Z_delta_feature_importance_gain.csv,445,367,KISP_is_pressure_missing_now,0.8042791811749339,48
20260226T081223Z,delta,gain,lgbm_20260226T081223Z_delta_feature_importance_gain.csv,446,81,rh_range_30,0.7131528466852615,29
20260226T081223Z,delta,gain,lgbm_20260226T081223Z_delta_feature_importance_gain.csv,447,74,dew_pt_std_diff_30,0.7063145585998427,25
20260226T081223Z,delta,gain,lgbm_20260226T081223Z_delta_feature_importance_gain.csv,448,286,KJFK_cutoff_minutes,0.6228194725699723,8
20260226T081223Z,delta,gain,lgbm_20260226T081223Z_delta_feature_importance_gain.csv,449,69,dew_pt_slope_30,0.5899191839725972,23
20260226T081223Z,delta,gain,lgbm_20260226T081223Z_delta_feature_importance_gain.csv,450,375,KISP_is_gust_missing_now,0.5889317914843559,8
20260226T081223Z,delta,gain,lgbm_20260226T081223Z_delta_feature_importance_gain.csv,451,261,temp_is_falling_60,0.5268413601443172,11
20260226T081223Z,delta,gain,lgbm_20260226T081223Z_delta_feature_importance_gain.csv,452,113,dew_pt_range_60,0.4969311991299037,29
20260226T081223Z,delta,gain,lgbm_20260226T081223Z_delta_feature_importance_gain.csv,453,98,wspd_std_diff_30,0.4570477394736372,46
20260226T081223Z,delta,gain,lgbm_20260226T081223Z_delta_feature_importance_gain.csv,454,317,KTEB_is_rh_missing_now,0.356452819891274,17
20260226T081223Z,delta,gain,lgbm_20260226T081223Z_delta_feature_importance_gain.csv,455,61,temp_slope_30,0.3516548231709748,28
20260226T081223Z,delta,gain,lgbm_20260226T081223Z_delta_feature_importance_gain.csv,456,393,KBDR_is_vis_missing_now,0.3085746216820553,23
20260226T081223Z,delta,gain,lgbm_20260226T081223Z_delta_feature_importance_gain.csv,457,82,rh_std_diff_30,0.2629212596984871,22
20260226T081223Z,delta,gain,lgbm_20260226T081223Z_delta_feature_importance_gain.csv,458,73,dew_pt_range_30,0.2331650040578097,16
20260226T081223Z,delta,gain,lgbm_20260226T081223Z_delta_feature_importance_gain.csv,459,65,temp_range_30,0.2317756037227809,12
20260226T081223Z,delta,gain,lgbm_20260226T081223Z_delta_feature_importance_gain.csv,460,310,KEWR_cutoff_minutes,0.2228800058364868,1
20260226T081223Z,delta,gain,lgbm_20260226T081223Z_delta_feature_importance_gain.csv,461,279,KJFK_is_gust_missing_now,0.2141301017254591,7
20260226T081223Z,delta,gain,lgbm_20260226T081223Z_delta_feature_importance_gain.csv,462,399,KBDR_is_gust_missing_now,0.1939735990017652,7
20260226T081223Z,delta,gain,lgbm_20260226T081223Z_delta_feature_importance_gain.csv,463,90,pressure_std_diff_30,0.146770300460048,22
20260226T081223Z,delta,gain,lgbm_20260226T081223Z_delta_feature_importance_gain.csv,464,303,KEWR_is_gust_missing_now,0.1071144994348287,3
20260226T081223Z,delta,gain,lgbm_20260226T081223Z_delta_feature_importance_gain.csv,465,334,KTEB_cutoff_minutes,0.0136984996497631,1
20260226T081223Z,delta,gain,lgbm_20260226T081223Z_delta_feature_importance_gain.csv,466,269,KJFK_is_rh_missing_now,0.0,0
20260226T081223Z,delta,gain,lgbm_20260226T081223Z_delta_feature_importance_gain.csv,467,13,is_temp_missing_now,0.0,0
20260226T081223Z,delta,gain,lgbm_20260226T081223Z_delta_feature_importance_gain.csv,468,20,is_pressure_missing_now,0.0,0
20260226T081223Z,delta,gain,lgbm_20260226T081223Z_delta_feature_importance_gain.csv,469,2,cutoff_minute,0.0,0
20260226T081223Z,delta,gain,lgbm_20260226T081223Z_delta_feature_importance_gain.csv,470,264,KJFK_is_temp_missing_now,0.0,0
20260226T081223Z,delta,gain,lgbm_20260226T081223Z_delta_feature_importance_gain.csv,471,18,is_rh_missing_now,0.0,0
20260226T081223Z,delta,gain,lgbm_20260226T081223Z_delta_feature_importance_gain.csv,472,22,is_vis_missing_now,0.0,0
20260226T081223Z,delta,gain,lgbm_20260226T081223Z_delta_feature_importance_gain.csv,473,271,KJFK_is_pressure_missing_now,0.0,0
20260226T081223Z,delta,gain,lgbm_20260226T081223Z_delta_feature_importance_gain.csv,474,369,KISP_is_vis_missing_now,0.0,0
20260226T081223Z,delta,gain,lgbm_20260226T081223Z_delta_feature_importance_gain.csv,475,273,KJFK_is_vis_missing_now,0.0,0
20260226T081223Z,delta,gain,lgbm_20260226T081223Z_delta_feature_importance_gain.csv,476,288,KEWR_is_temp_missing_now,0.0,0
20260226T081223Z,delta,gain,lgbm_20260226T081223Z_delta_feature_importance_gain.csv,477,365,KISP_is_rh_missing_now,0.0,0
20260226T081223Z,delta,gain,lgbm_20260226T081223Z_delta_feature_importance_gain.csv,478,360,KISP_is_temp_missing_now,0.0,0
20260226T081223Z,delta,gain,lgbm_20260226T081223Z_delta_feature_importance_gain.csv,479,382,KISP_cutoff_minutes,0.0,0
20260226T081223Z,delta,gain,lgbm_20260226T081223Z_delta_feature_importance_gain.csv,480,384,KBDR_is_temp_missing_now,0.0,0
20260226T081223Z,delta,gain,lgbm_20260226T081223Z_delta_feature_importance_gain.csv,481,358,KHPN_cutoff_minutes,0.0,0
20260226T081223Z,delta,gain,lgbm_20260226T081223Z_delta_feature_importance_gain.csv,482,389,KBDR_is_rh_missing_now,0.0,0
20260226T081223Z,delta,gain,lgbm_20260226T081223Z_delta_feature_importance_gain.csv,483,391,KBDR_is_pressure_missing_now,0.0,0
20260226T081223Z,delta,gain,lgbm_20260226T081223Z_delta_feature_importance_gain.csv,484,345,KHPN_is_vis_missing_now,0.0,0
20260226T081223Z,delta,gain,lgbm_20260226T081223Z_delta_feature_importance_gain.csv,485,343,KHPN_is_pressure_missing_now,0.0,0
20260226T081223Z,delta,gain,lgbm_20260226T081223Z_delta_feature_importance_gain.csv,486,336,KHPN_is_temp_missing_now,0.0,0
20260226T081223Z,delta,gain,lgbm_20260226T081223Z_delta_feature_importance_gain.csv,487,406,KBDR_cutoff_minutes,0.0,0
20260226T081223Z,delta,gain,lgbm_20260226T081223Z_delta_feature_importance_gain.csv,488,408,KMMU_is_temp_missing_now,0.0,0
20260226T081223Z,delta,gain,lgbm_20260226T081223Z_delta_feature_importance_gain.csv,489,417,KMMU_is_vis_missing_now,0.0,0
20260226T081223Z,delta,gain,lgbm_20260226T081223Z_delta_feature_importance_gain.csv,490,321,KTEB_is_vis_missing_now,0.0,0
20260226T081223Z,delta,gain,lgbm_20260226T081223Z_delta_feature_importance_gain.csv,491,430,KMMU_cutoff_minutes,0.0,0
20260226T081223Z,delta,gain,lgbm_20260226T081223Z_delta_feature_importance_gain.csv,492,312,KTEB_is_temp_missing_now,0.0,0
20260226T081223Z,delta,gain,lgbm_20260226T081223Z_delta_feature_importance_gain.csv,493,297,KEWR_is_vis_missing_now,0.0,0
20260226T081223Z,delta,gain,lgbm_20260226T081223Z_delta_feature_importance_gain.csv,494,295,KEWR_is_pressure_missing_now,0.0,0
20260226T081223Z,delta,gain,lgbm_20260226T081223Z_delta_feature_importance_gain.csv,495,293,KEWR_is_rh_missing_now,0.0,0
20260226T081223Z,delta,gain,lgbm_20260226T081223Z_delta_feature_importance_gain.csv,496,495,index_y,0.0,0
20260226T081223Z,delta,split,lgbm_20260226T081223Z_delta_feature_importance_split.csv,1,491,tmax_std_30d,11154.466742892702,45721
20260226T081223Z,delta,split,lgbm_20260226T081223Z_delta_feature_importance_split.csv,2,487,tmax_yday,6845.7272302904585,38762
20260226T081223Z,delta,split,lgbm_20260226T081223Z_delta_feature_importance_split.csv,3,494,climo_rem_delta_std,24025.480494201776,32355
20260226T081223Z,delta,split,lgbm_20260226T081223Z_delta_feature_importance_split.csv,4,6,doy_sin,5878.094895732111,31022
20260226T081223Z,delta,split,lgbm_20260226T081223Z_delta_feature_importance_split.csv,5,493,climo_rem_delta_mean,13760.882583804743,29056
20260226T081223Z,delta,split,lgbm_20260226T081223Z_delta_feature_importance_split.csv,6,490,tmax_mean_30d,4123.795362293373,28403
20260226T081223Z,delta,split,lgbm_20260226T081223Z_delta_feature_importance_split.csv,7,489,tmax_mean_7d,3402.87529743412,26188
20260226T081223Z,delta,split,lgbm_20260226T081223Z_delta_feature_importance_split.csv,8,7,doy_cos,3385.028220417801,25771
20260226T081223Z,delta,split,lgbm_20260226T081223Z_delta_feature_importance_split.csv,9,8,year,3086.69402514742,25439
20260226T081223Z,delta,split,lgbm_20260226T081223Z_delta_feature_importance_split.csv,10,488,tmax_2day,4303.577367292177,25089
20260226T081223Z,delta,split,lgbm_20260226T081223Z_delta_feature_importance_split.csv,11,5,doy,1723.33725151503,18105
20260226T081223Z,delta,split,lgbm_20260226T081223Z_delta_feature_importance_split.csv,12,43,time_of_tmax_sofar_min,4621.756364264613,17745
20260226T081223Z,delta,split,lgbm_20260226T081223Z_delta_feature_importance_split.csv,13,49,pressure_min_sofar,2935.833031427538,17206
20260226T081223Z,delta,split,lgbm_20260226T081223Z_delta_feature_importance_split.csv,14,39,tmax_sofar,3545.715403408049,16751
20260226T081223Z,delta,split,lgbm_20260226T081223Z_delta_feature_importance_split.csv,15,250,pressure_std_diff_360,1337.2515927732406,14945
20260226T081223Z,delta,split,lgbm_20260226T081223Z_delta_feature_importance_split.csv,16,258,wspd_std_diff_360,1123.7032630690876,14496
20260226T081223Z,delta,split,lgbm_20260226T081223Z_delta_feature_importance_split.csv,17,41,temp_range_sofar,5832.676933138526,14027
20260226T081223Z,delta,split,lgbm_20260226T081223Z_delta_feature_importance_split.csv,18,481,dewpt_coastal_minus_inland,1324.1857322320488,13494
20260226T081223Z,delta,split,lgbm_20260226T081223Z_delta_feature_importance_split.csv,19,480,coastal_minus_inland_temp,1253.817090595358,13338
20260226T081223Z,delta,split,lgbm_20260226T081223Z_delta_feature_importance_split.csv,20,242,rh_std_diff_360,996.9338037434792,13058
20260226T081223Z,delta,split,lgbm_20260226T081223Z_delta_feature_importance_split.csv,21,244,pressure_delta_360,1409.363213798273,12710
20260226T081223Z,delta,split,lgbm_20260226T081223Z_delta_feature_importance_split.csv,22,482,pressure_coastal_minus_inland,1321.4080996464809,12495
20260226T081223Z,delta,split,lgbm_20260226T081223Z_delta_feature_importance_split.csv,23,254,wspd_std_360,742.1992956569688,12075
20260226T081223Z,delta,split,lgbm_20260226T081223Z_delta_feature_importance_split.csv,24,50,pressure_range_sofar,1242.1602941056476,11788
20260226T081223Z,delta,split,lgbm_20260226T081223Z_delta_feature_importance_split.csv,25,51,wspd_max_sofar,1975.8716552724088,11608
20260226T081223Z,delta,split,lgbm_20260226T081223Z_delta_feature_importance_split.csv,26,222,temp_std_360,738.1797945769958,11361
20260226T081223Z,delta,split,lgbm_20260226T081223Z_delta_feature_importance_split.csv,27,234,dew_pt_std_diff_360,1241.2236954053103,11342
20260226T081223Z,delta,split,lgbm_20260226T081223Z_delta_feature_importance_split.csv,28,246,pressure_std_360,816.7046069359528,11336
20260226T081223Z,delta,split,lgbm_20260226T081223Z_delta_feature_importance_split.csv,29,492,index_x,2249.2022420840976,11275
20260226T081223Z,delta,split,lgbm_20260226T081223Z_delta_feature_importance_split.csv,30,230,dew_pt_std_360,1032.7543867809773,10439
20260226T081223Z,delta,split,lgbm_20260226T081223Z_delta_feature_importance_split.csv,31,48,pressure_max_sofar,1047.1869711591576,10404
20260226T081223Z,delta,split,lgbm_20260226T081223Z_delta_feature_importance_split.csv,32,53,wspd_range_sofar,1024.7913475389128,10342
20260226T081223Z,delta,split,lgbm_20260226T081223Z_delta_feature_importance_split.csv,33,243,pressure_prev_360,2955.387436280952,10214
20260226T081223Z,delta,split,lgbm_20260226T081223Z_delta_feature_importance_split.csv,34,238,rh_std_360,705.2276666474916,10118
20260226T081223Z,delta,split,lgbm_20260226T081223Z_delta_feature_importance_split.csv,35,226,temp_std_diff_360,1012.6612429966856,10066
20260226T081223Z,delta,split,lgbm_20260226T081223Z_delta_feature_importance_split.csv,36,47,dew_pt_range_sofar,2999.91418711072,9620
20260226T081223Z,delta,split,lgbm_20260226T081223Z_delta_feature_importance_split.csv,37,54,gust_max_sofar,697.8617870920589,9240
20260226T081223Z,delta,split,lgbm_20260226T081223Z_delta_feature_importance_split.csv,38,45,dew_pt_max_sofar,979.3841682808552,9218
20260226T081223Z,delta,split,lgbm_20260226T081223Z_delta_feature_importance_split.csv,39,52,wspd_min_sofar,1664.4239640394924,8941
20260226T081223Z,delta,split,lgbm_20260226T081223Z_delta_feature_importance_split.csv,40,37,coverage_frac_temp,1093.318124824004,8688
20260226T081223Z,delta,split,lgbm_20260226T081223Z_delta_feature_importance_split.csv,41,465,dewpoint_depression_diff_KMMU,636.7915639010821,8349
20260226T081223Z,delta,split,lgbm_20260226T081223Z_delta_feature_importance_split.csv,42,235,rh_prev_360,665.400869799852,8249
20260226T081223Z,delta,split,lgbm_20260226T081223Z_delta_feature_importance_split.csv,43,55,gust_min_sofar,750.6384624213354,8147
20260226T081223Z,delta,split,lgbm_20260226T081223Z_delta_feature_importance_split.csv,44,236,rh_delta_360,596.2693422793117,8079
20260226T081223Z,delta,split,lgbm_20260226T081223Z_delta_feature_importance_split.csv,45,453,pressure_diff_KISP,558.424850016152,8012
20260226T081223Z,delta,split,lgbm_20260226T081223Z_delta_feature_importance_split.csv,46,463,pressure_diff_KMMU,842.8305762615179,7787
20260226T081223Z,delta,split,lgbm_20260226T081223Z_delta_feature_importance_split.csv,47,462,dewpt_diff_KMMU,730.6656292628659,7692
20260226T081223Z,delta,split,lgbm_20260226T081223Z_delta_feature_importance_split.csv,48,461,temp_diff_KMMU,735.7528450549266,7610
20260226T081223Z,delta,split,lgbm_20260226T081223Z_delta_feature_importance_split.csv,49,483,temp_inland_mean_minus_klga,727.9108129571545,7590
20260226T081223Z,delta,split,lgbm_20260226T081223Z_delta_feature_importance_split.csv,50,283,KJFK_wdir_sin,606.4062733387073,7461
20260226T081223Z,delta,split,lgbm_20260226T081223Z_delta_feature_importance_split.csv,51,239,rh_min_360,1732.537880610843,7406
20260226T081223Z,delta,split,lgbm_20260226T081223Z_delta_feature_importance_split.csv,52,379,KISP_wdir_sin,581.2304818612006,7391
20260226T081223Z,delta,split,lgbm_20260226T081223Z_delta_feature_importance_split.csv,53,469,nbr_temp_range,781.9133319939308,7131
20260226T081223Z,delta,split,lgbm_20260226T081223Z_delta_feature_importance_split.csv,54,240,rh_max_360,842.6642697265147,7115
20260226T081223Z,delta,split,lgbm_20260226T081223Z_delta_feature_importance_split.csv,55,451,temp_diff_KISP,568.874612108353,7111
20260226T081223Z,delta,split,lgbm_20260226T081223Z_delta_feature_importance_split.csv,56,403,KBDR_wdir_sin,2579.7163047986264,7056
20260226T081223Z,delta,split,lgbm_20260226T081223Z_delta_feature_importance_split.csv,57,442,dewpt_diff_KTEB,695.0526770829181,7010
20260226T081223Z,delta,split,lgbm_20260226T081223Z_delta_feature_importance_split.csv,58,228,dew_pt_delta_360,665.7194073267284,6864
20260226T081223Z,delta,split,lgbm_20260226T081223Z_delta_feature_importance_split.csv,59,276,KJFK_wdir_now,649.8767108546332,6756
20260226T081223Z,delta,split,lgbm_20260226T081223Z_delta_feature_importance_split.csv,60,445,dewpoint_depression_diff_KTEB,859.4496451164282,6756
20260226T081223Z,delta,split,lgbm_20260226T081223Z_delta_feature_importance_split.csv,61,307,KEWR_wdir_sin,773.4112936101305,6727
20260226T081223Z,delta,split,lgbm_20260226T081223Z_delta_feature_importance_split.csv,62,431,temp_diff_KJFK,557.7804690222983,6657
20260226T081223Z,delta,split,lgbm_20260226T081223Z_delta_feature_importance_split.csv,63,414,KMMU_pressure_now,827.3656356893507,6654
20260226T081223Z,delta,split,lgbm_20260226T081223Z_delta_feature_importance_split.csv,64,220,temp_delta_360,917.4637215171306,6618
20260226T081223Z,delta,split,lgbm_20260226T081223Z_delta_feature_importance_split.csv,65,427,KMMU_wdir_sin,1981.5388612581776,6616
20260226T081223Z,delta,split,lgbm_20260226T081223Z_delta_feature_importance_split.csv,66,457,dewpt_diff_KBDR,469.0203083662527,6571
20260226T081223Z,delta,split,lgbm_20260226T081223Z_delta_feature_importance_split.csv,67,441,temp_diff_KTEB,4705.102932390007,6546
20260226T081223Z,delta,split,lgbm_20260226T081223Z_delta_feature_importance_split.csv,68,452,dewpt_diff_KISP,546.6707129593549,6508
20260226T081223Z,delta,split,lgbm_20260226T081223Z_delta_feature_importance_split.csv,69,355,KHPN_wdir_sin,571.4031335554355,6484
20260226T081223Z,delta,split,lgbm_20260226T081223Z_delta_feature_importance_split.csv,70,473,nbr_dewpt_range,428.8036365274261,6469
20260226T081223Z,delta,split,lgbm_20260226T081223Z_delta_feature_importance_split.csv,71,436,temp_diff_KEWR,946.2859776701416,6411
20260226T081223Z,delta,split,lgbm_20260226T081223Z_delta_feature_importance_split.csv,72,32,wdir_sin,517.4526609654663,6278
20260226T081223Z,delta,split,lgbm_20260226T081223Z_delta_feature_importance_split.csv,73,458,pressure_diff_KBDR,2716.0000097600114,6216
20260226T081223Z,delta,split,lgbm_20260226T081223Z_delta_feature_importance_split.csv,74,435,dewpoint_depression_diff_KJFK,424.0933056378926,6131
20260226T081223Z,delta,split,lgbm_20260226T081223Z_delta_feature_importance_split.csv,75,477,nbr_pressure_range,3901.287418385405,6105
20260226T081223Z,delta,split,lgbm_20260226T081223Z_delta_feature_importance_split.csv,76,450,dewpoint_depression_diff_KHPN,396.982283084714,6096
20260226T081223Z,delta,split,lgbm_20260226T081223Z_delta_feature_importance_split.csv,77,331,KTEB_wdir_sin,974.601192232286,6027
20260226T081223Z,delta,split,lgbm_20260226T081223Z_delta_feature_importance_split.csv,78,372,KISP_wdir_now,1293.1622047961414,6025
20260226T081223Z,delta,split,lgbm_20260226T081223Z_delta_feature_importance_split.csv,79,46,dew_pt_min_sofar,570.8391392259218,6025
20260226T081223Z,delta,split,lgbm_20260226T081223Z_delta_feature_importance_split.csv,80,446,temp_diff_KHPN,1054.771667022051,6016
20260226T081223Z,delta,split,lgbm_20260226T081223Z_delta_feature_importance_split.csv,81,300,KEWR_wdir_now,620.616911137459,5969
20260226T081223Z,delta,split,lgbm_20260226T081223Z_delta_feature_importance_split.csv,82,460,dewpoint_depression_diff_KBDR,1825.201576375308,5901
20260226T081223Z,delta,split,lgbm_20260226T081223Z_delta_feature_importance_split.csv,83,448,pressure_diff_KHPN,452.0239689608902,5884
20260226T081223Z,delta,split,lgbm_20260226T081223Z_delta_feature_importance_split.csv,84,252,wspd_delta_360,397.4024599524693,5876
20260226T081223Z,delta,split,lgbm_20260226T081223Z_delta_feature_importance_split.csv,85,456,temp_diff_KBDR,4880.130131762348,5851
20260226T081223Z,delta,split,lgbm_20260226T081223Z_delta_feature_importance_split.csv,86,455,dewpoint_depression_diff_KISP,344.35339049273654,5848
20260226T081223Z,delta,split,lgbm_20260226T081223Z_delta_feature_importance_split.csv,87,25,wdir_now,656.7289748211624,5839
20260226T081223Z,delta,split,lgbm_20260226T081223Z_delta_feature_importance_split.csv,88,316,KTEB_rh_now,649.7785591357512,5774
20260226T081223Z,delta,split,lgbm_20260226T081223Z_delta_feature_importance_split.csv,89,440,dewpoint_depression_diff_KEWR,548.7636619219969,5744
20260226T081223Z,delta,split,lgbm_20260226T081223Z_delta_feature_importance_split.csv,90,412,KMMU_rh_now,564.0404348586775,5673
20260226T081223Z,delta,split,lgbm_20260226T081223Z_delta_feature_importance_split.csv,91,432,dewpt_diff_KJFK,453.4052890165638,5673
20260226T081223Z,delta,split,lgbm_20260226T081223Z_delta_feature_importance_split.csv,92,396,KBDR_wdir_now,450.624418298132,5620
20260226T081223Z,delta,split,lgbm_20260226T081223Z_delta_feature_importance_split.csv,93,284,KJFK_wdir_cos,556.0596245729816,5592
20260226T081223Z,delta,split,lgbm_20260226T081223Z_delta_feature_importance_split.csv,94,437,dewpt_diff_KEWR,2434.0857831864614,5589
20260226T081223Z,delta,split,lgbm_20260226T081223Z_delta_feature_importance_split.csv,95,58,precip_frac_sofar,531.5406484078394,5569
20260226T081223Z,delta,split,lgbm_20260226T081223Z_delta_feature_importance_split.csv,96,33,wdir_cos,988.0574659519966,5548
20260226T081223Z,delta,split,lgbm_20260226T081223Z_delta_feature_importance_split.csv,97,404,KBDR_wdir_cos,598.2230786713485,5523
20260226T081223Z,delta,split,lgbm_20260226T081223Z_delta_feature_importance_split.csv,98,344,KHPN_vis_now,1449.848259884131,5507
20260226T081223Z,delta,split,lgbm_20260226T081223Z_delta_feature_importance_split.csv,99,308,KEWR_wdir_cos,473.6605831579616,5409
20260226T081223Z,delta,split,lgbm_20260226T081223Z_delta_feature_importance_split.csv,100,388,KBDR_rh_now,666.6394687403158,5280
20260226T081223Z,delta,split,lgbm_20260226T081223Z_delta_feature_importance_split.csv,101,416,KMMU_vis_now,532.1129386499767,5250
20260226T081223Z,delta,split,lgbm_20260226T081223Z_delta_feature_importance_split.csv,102,368,KISP_vis_now,3830.239240837631,5234
20260226T081223Z,delta,split,lgbm_20260226T081223Z_delta_feature_importance_split.csv,103,44,mins_since_tmax,415.6538672547877,5226
20260226T081223Z,delta,split,lgbm_20260226T081223Z_delta_feature_importance_split.csv,104,204,pressure_delta_180,500.85384732399416,5209
20260226T081223Z,delta,split,lgbm_20260226T081223Z_delta_feature_importance_split.csv,105,56,gust_range_sofar,444.03782159332695,5188
20260226T081223Z,delta,split,lgbm_20260226T081223Z_delta_feature_importance_split.csv,106,454,wspd_diff_KISP,271.8625984942002,5151
20260226T081223Z,delta,split,lgbm_20260226T081223Z_delta_feature_importance_split.csv,107,256,wspd_max_360,442.02697859887655,5115
20260226T081223Z,delta,split,lgbm_20260226T081223Z_delta_feature_importance_split.csv,108,348,KHPN_wdir_now,893.4805945757971,5110
20260226T081223Z,delta,split,lgbm_20260226T081223Z_delta_feature_importance_split.csv,109,9,year_norm,631.4302408479135,5045
20260226T081223Z,delta,split,lgbm_20260226T081223Z_delta_feature_importance_split.csv,110,429,KMMU_gust_factor,311.89345356553486,5038
20260226T081223Z,delta,split,lgbm_20260226T081223Z_delta_feature_importance_split.csv,111,464,wspd_diff_KMMU,291.69040574501696,5004
20260226T081223Z,delta,split,lgbm_20260226T081223Z_delta_feature_importance_split.csv,112,447,dewpt_diff_KHPN,496.23073887215287,4983
20260226T081223Z,delta,split,lgbm_20260226T081223Z_delta_feature_importance_split.csv,113,381,KISP_gust_factor,279.62814801529566,4902
20260226T081223Z,delta,split,lgbm_20260226T081223Z_delta_feature_importance_split.csv,114,449,wspd_diff_KHPN,337.1578371586361,4822
20260226T081223Z,delta,split,lgbm_20260226T081223Z_delta_feature_importance_split.csv,115,459,wspd_diff_KBDR,288.0205701663813,4814
20260226T081223Z,delta,split,lgbm_20260226T081223Z_delta_feature_importance_split.csv,116,309,KEWR_gust_factor,244.6261482062937,4773
20260226T081223Z,delta,split,lgbm_20260226T081223Z_delta_feature_importance_split.csv,117,405,KBDR_gust_factor,321.4488155811343,4770
20260226T081223Z,delta,split,lgbm_20260226T081223Z_delta_feature_importance_split.csv,118,428,KMMU_wdir_cos,483.3581132562285,4758
20260226T081223Z,delta,split,lgbm_20260226T081223Z_delta_feature_importance_split.csv,119,241,rh_range_360,346.52398946489024,4739
20260226T081223Z,delta,split,lgbm_20260226T081223Z_delta_feature_importance_split.csv,120,214,wspd_std_180,334.8350586063907,4716
20260226T081223Z,delta,split,lgbm_20260226T081223Z_delta_feature_importance_split.csv,121,357,KHPN_gust_factor,271.63666541908407,4680
20260226T081223Z,delta,split,lgbm_20260226T081223Z_delta_feature_importance_split.csv,122,380,KISP_wdir_cos,425.3694707229524,4664
20260226T081223Z,delta,split,lgbm_20260226T081223Z_delta_feature_importance_split.csv,123,434,wspd_diff_KJFK,246.4112089079537,4660
20260226T081223Z,delta,split,lgbm_20260226T081223Z_delta_feature_importance_split.csv,124,364,KISP_rh_now,435.8328333464392,4621
20260226T081223Z,delta,split,lgbm_20260226T081223Z_delta_feature_importance_split.csv,125,285,KJFK_gust_factor,220.4508898101949,4613
20260226T081223Z,delta,split,lgbm_20260226T081223Z_delta_feature_importance_split.csv,126,268,KJFK_rh_now,442.7926655285373,4580
20260226T081223Z,delta,split,lgbm_20260226T081223Z_delta_feature_importance_split.csv,127,356,KHPN_wdir_cos,1066.9317185136183,4519
20260226T081223Z,delta,split,lgbm_20260226T081223Z_delta_feature_importance_split.csv,128,198,rh_std_180,291.3525970968702,4500
20260226T081223Z,delta,split,lgbm_20260226T081223Z_delta_feature_importance_split.csv,129,40,tmin_sofar,739.2602035108102,4498
20260226T081223Z,delta,split,lgbm_20260226T081223Z_delta_feature_importance_split.csv,130,251,wspd_prev_360,256.3640940533186,4456
20260226T081223Z,delta,split,lgbm_20260226T081223Z_delta_feature_importance_split.csv,131,210,pressure_std_diff_180,265.8524963729351,4414
20260226T081223Z,delta,split,lgbm_20260226T081223Z_delta_feature_importance_split.csv,132,292,KEWR_rh_now,514.5946855864413,4397
20260226T081223Z,delta,split,lgbm_20260226T081223Z_delta_feature_importance_split.csv,133,410,KMMU_dewpt_now,355.0192768329223,4358
20260226T081223Z,delta,split,lgbm_20260226T081223Z_delta_feature_importance_split.csv,134,42,temp_now_minus_tmax,466.90129620831976,4352
20260226T081223Z,delta,split,lgbm_20260226T081223Z_delta_feature_importance_split.csv,135,206,pressure_std_180,292.01263969098704,4339
20260226T081223Z,delta,split,lgbm_20260226T081223Z_delta_feature_importance_split.csv,136,195,rh_prev_180,491.65418296766165,4279
20260226T081223Z,delta,split,lgbm_20260226T081223Z_delta_feature_importance_split.csv,137,340,KHPN_rh_now,421.6261212539709,4263
20260226T081223Z,delta,split,lgbm_20260226T081223Z_delta_feature_importance_split.csv,138,247,pressure_min_360,482.54738513416487,4220
20260226T081223Z,delta,split,lgbm_20260226T081223Z_delta_feature_importance_split.csv,139,433,pressure_diff_KJFK,1234.9807889727554,4199
20260226T081223Z,delta,split,lgbm_20260226T081223Z_delta_feature_importance_split.csv,140,366,KISP_pressure_now,358.2079333352085,4172
20260226T081223Z,delta,split,lgbm_20260226T081223Z_delta_feature_importance_split.csv,141,196,rh_delta_180,201.17506279250028,4163
20260226T081223Z,delta,split,lgbm_20260226T081223Z_delta_feature_importance_split.csv,142,443,pressure_diff_KTEB,278.90217329751067,4156
20260226T081223Z,delta,split,lgbm_20260226T081223Z_delta_feature_importance_split.csv,143,333,KTEB_gust_factor,265.1089870586452,4129
20260226T081223Z,delta,split,lgbm_20260226T081223Z_delta_feature_importance_split.csv,144,439,wspd_diff_KEWR,192.6519005462357,4110
20260226T081223Z,delta,split,lgbm_20260226T081223Z_delta_feature_importance_split.csv,145,324,KTEB_wdir_now,343.6398031929789,4067
20260226T081223Z,delta,split,lgbm_20260226T081223Z_delta_feature_importance_split.csv,146,332,KTEB_wdir_cos,440.619753939269,3953
20260226T081223Z,delta,split,lgbm_20260226T081223Z_delta_feature_importance_split.csv,147,227,dew_pt_prev_360,369.79010702836695,3909
20260226T081223Z,delta,split,lgbm_20260226T081223Z_delta_feature_importance_split.csv,148,444,wspd_diff_KTEB,282.42413287090847,3847
20260226T081223Z,delta,split,lgbm_20260226T081223Z_delta_feature_importance_split.csv,149,420,KMMU_wdir_now,306.1234381094364,3841
20260226T081223Z,delta,split,lgbm_20260226T081223Z_delta_feature_importance_split.csv,150,218,wspd_std_diff_180,200.44196369458095,3839
20260226T081223Z,delta,split,lgbm_20260226T081223Z_delta_feature_importance_split.csv,151,202,rh_std_diff_180,217.64765634448983,3820
20260226T081223Z,delta,split,lgbm_20260226T081223Z_delta_feature_importance_split.csv,152,407,KMMU_temp_now,479.0491660998978,3819
20260226T081223Z,delta,split,lgbm_20260226T081223Z_delta_feature_importance_split.csv,153,298,KEWR_wspd_now,235.784379175401,3815
20260226T081223Z,delta,split,lgbm_20260226T081223Z_delta_feature_importance_split.csv,154,386,KBDR_dewpt_now,414.1639436607848,3811
20260226T081223Z,delta,split,lgbm_20260226T081223Z_delta_feature_importance_split.csv,155,394,KBDR_wspd_now,329.2917154912764,3796
20260226T081223Z,delta,split,lgbm_20260226T081223Z_delta_feature_importance_split.csv,156,274,KJFK_wspd_now,249.85965163659895,3789
20260226T081223Z,delta,split,lgbm_20260226T081223Z_delta_feature_importance_split.csv,157,370,KISP_wspd_now,303.63062438850835,3786
20260226T081223Z,delta,split,lgbm_20260226T081223Z_delta_feature_importance_split.csv,158,392,KBDR_vis_now,1142.9003192617638,3774
20260226T081223Z,delta,split,lgbm_20260226T081223Z_delta_feature_importance_split.csv,159,272,KJFK_vis_now,884.3964717166086,3742
20260226T081223Z,delta,split,lgbm_20260226T081223Z_delta_feature_importance_split.csv,160,390,KBDR_pressure_now,906.6894405200304,3727
20260226T081223Z,delta,split,lgbm_20260226T081223Z_delta_feature_importance_split.csv,161,34,gust_factor,178.33025514983308,3719
20260226T081223Z,delta,split,lgbm_20260226T081223Z_delta_feature_importance_split.csv,162,182,temp_std_180,294.12403444538904,3713
20260226T081223Z,delta,split,lgbm_20260226T081223Z_delta_feature_importance_split.csv,163,164,pressure_delta_120,214.0328837115822,3613
20260226T081223Z,delta,split,lgbm_20260226T081223Z_delta_feature_importance_split.csv,164,296,KEWR_vis_now,1143.1025604078964,3596
20260226T081223Z,delta,split,lgbm_20260226T081223Z_delta_feature_importance_split.csv,165,249,pressure_range_360,324.54061183064607,3579
20260226T081223Z,delta,split,lgbm_20260226T081223Z_delta_feature_importance_split.csv,166,255,wspd_min_360,440.5639332526489,3568
20260226T081223Z,delta,split,lgbm_20260226T081223Z_delta_feature_importance_split.csv,167,426,KMMU_dewpoint_depression_now,253.79753943835487,3553
20260226T081223Z,delta,split,lgbm_20260226T081223Z_delta_feature_importance_split.csv,168,418,KMMU_wspd_now,270.10095786282864,3522
20260226T081223Z,delta,split,lgbm_20260226T081223Z_delta_feature_importance_split.csv,169,362,KISP_dewpt_now,316.5961065909598,3482
20260226T081223Z,delta,split,lgbm_20260226T081223Z_delta_feature_importance_split.csv,170,216,wspd_max_180,427.0642817936708,3460
20260226T081223Z,delta,split,lgbm_20260226T081223Z_delta_feature_importance_split.csv,171,180,temp_delta_180,266.1116000816521,3448
20260226T081223Z,delta,split,lgbm_20260226T081223Z_delta_feature_importance_split.csv,172,212,wspd_delta_180,162.0101675580122,3442
20260226T081223Z,delta,split,lgbm_20260226T081223Z_delta_feature_importance_split.csv,173,219,temp_prev_360,1146.931920404101,3440
20260226T081223Z,delta,split,lgbm_20260226T081223Z_delta_feature_importance_split.csv,174,199,rh_min_180,373.0651522036833,3434
20260226T081223Z,delta,split,lgbm_20260226T081223Z_delta_feature_importance_split.csv,175,479,temp_inland_mean,276.2929491456593,3429
20260226T081223Z,delta,split,lgbm_20260226T081223Z_delta_feature_importance_split.csv,176,248,pressure_max_360,335.83915458068986,3400
20260226T081223Z,delta,split,lgbm_20260226T081223Z_delta_feature_importance_split.csv,177,266,KJFK_dewpt_now,292.41958027978126,3347
20260226T081223Z,delta,split,lgbm_20260226T081223Z_delta_feature_importance_split.csv,178,346,KHPN_wspd_now,222.23986781428664,3324
20260226T081223Z,delta,split,lgbm_20260226T081223Z_delta_feature_importance_split.csv,179,200,rh_max_180,469.63232054004015,3319
20260226T081223Z,delta,split,lgbm_20260226T081223Z_delta_feature_importance_split.csv,180,188,dew_pt_delta_180,326.0633744330595,3313
20260226T081223Z,delta,split,lgbm_20260226T081223Z_delta_feature_importance_split.csv,181,383,KBDR_temp_now,940.6597929917244,3297
20260226T081223Z,delta,split,lgbm_20260226T081223Z_delta_feature_importance_split.csv,182,203,pressure_prev_180,280.72331813108804,3242
20260226T081223Z,delta,split,lgbm_20260226T081223Z_delta_feature_importance_split.csv,183,259,temp_accel_60_180,263.75643216617755,3237
20260226T081223Z,delta,split,lgbm_20260226T081223Z_delta_feature_importance_split.csv,184,320,KTEB_vis_now,1630.9836413496223,3235
20260226T081223Z,delta,split,lgbm_20260226T081223Z_delta_feature_importance_split.csv,185,156,rh_delta_120,225.49628259070687,3231
20260226T081223Z,delta,split,lgbm_20260226T081223Z_delta_feature_importance_split.csv,186,314,KTEB_dewpt_now,659.1763862445359,3228
20260226T081223Z,delta,split,lgbm_20260226T081223Z_delta_feature_importance_split.csv,187,290,KEWR_dewpt_now,293.08651238207494,3227
20260226T081223Z,delta,split,lgbm_20260226T081223Z_delta_feature_importance_split.csv,188,224,temp_max_360,836.8489723575572,3194
20260226T081223Z,delta,split,lgbm_20260226T081223Z_delta_feature_importance_split.csv,189,470,nbr_dewpt_mean,318.48459938961264,3122
20260226T081223Z,delta,split,lgbm_20260226T081223Z_delta_feature_importance_split.csv,190,330,KTEB_dewpoint_depression_now,273.87907624957006,3112
20260226T081223Z,delta,split,lgbm_20260226T081223Z_delta_feature_importance_split.csv,191,35,n_obs_sofar,875.2815064289616,3037
20260226T081223Z,delta,split,lgbm_20260226T081223Z_delta_feature_importance_split.csv,192,478,temp_coastal_mean,313.2605346100777,3029
20260226T081223Z,delta,split,lgbm_20260226T081223Z_delta_feature_importance_split.csv,193,359,KISP_temp_now,297.535190656763,2918
20260226T081223Z,delta,split,lgbm_20260226T081223Z_delta_feature_importance_split.csv,194,155,rh_prev_120,491.3872156975103,2914
20260226T081223Z,delta,split,lgbm_20260226T081223Z_delta_feature_importance_split.csv,195,223,temp_min_360,400.1674865073255,2881
20260226T081223Z,delta,split,lgbm_20260226T081223Z_delta_feature_importance_split.csv,196,322,KTEB_wspd_now,160.96511782741746,2865
20260226T081223Z,delta,split,lgbm_20260226T081223Z_delta_feature_importance_split.csv,197,172,wspd_delta_120,117.9838763218784,2847
20260226T081223Z,delta,split,lgbm_20260226T081223Z_delta_feature_importance_split.csv,198,257,wspd_range_360,176.9970933301813,2838
20260226T081223Z,delta,split,lgbm_20260226T081223Z_delta_feature_importance_split.csv,199,140,temp_delta_120,264.00636682103914,2815
20260226T081223Z,delta,split,lgbm_20260226T081223Z_delta_feature_importance_split.csv,200,471,nbr_dewpt_min,783.1146377893947,2815
20260226T081223Z,delta,split,lgbm_20260226T081223Z_delta_feature_importance_split.csv,201,211,wspd_prev_180,286.4235035995771,2813
20260226T081223Z,delta,split,lgbm_20260226T081223Z_delta_feature_importance_split.csv,202,438,pressure_diff_KEWR,215.99273870523663,2797
20260226T081223Z,delta,split,lgbm_20260226T081223Z_delta_feature_importance_split.csv,203,338,KHPN_dewpt_now,801.9284970697436,2789
20260226T081223Z,delta,split,lgbm_20260226T081223Z_delta_feature_importance_split.csv,204,409,KMMU_age_min_temp,256.7963545873067,2766
20260226T081223Z,delta,split,lgbm_20260226T081223Z_delta_feature_importance_split.csv,205,402,KBDR_dewpoint_depression_now,220.21868055338564,2763
20260226T081223Z,delta,split,lgbm_20260226T081223Z_delta_feature_importance_split.csv,206,21,vis_now,1231.8247882713697,2759
20260226T081223Z,delta,split,lgbm_20260226T081223Z_delta_feature_importance_split.csv,207,467,nbr_temp_min,301.3916680943171,2756
20260226T081223Z,delta,split,lgbm_20260226T081223Z_delta_feature_importance_split.csv,208,190,dew_pt_std_180,201.1171754556885,2724
20260226T081223Z,delta,split,lgbm_20260226T081223Z_delta_feature_importance_split.csv,209,311,KTEB_temp_now,317.4903484067964,2709
20260226T081223Z,delta,split,lgbm_20260226T081223Z_delta_feature_importance_split.csv,210,36,n_obs_temp,566.7778424622725,2709
20260226T081223Z,delta,split,lgbm_20260226T081223Z_delta_feature_importance_split.csv,211,116,rh_delta_60,127.27826416424932,2655
20260226T081223Z,delta,split,lgbm_20260226T081223Z_delta_feature_importance_split.csv,212,171,wspd_prev_120,255.7993843980539,2641
20260226T081223Z,delta,split,lgbm_20260226T081223Z_delta_feature_importance_split.csv,213,282,KJFK_dewpoint_depression_now,240.33439679485676,2627
20260226T081223Z,delta,split,lgbm_20260226T081223Z_delta_feature_importance_split.csv,214,342,KHPN_pressure_now,184.1896393769748,2611
20260226T081223Z,delta,split,lgbm_20260226T081223Z_delta_feature_importance_split.csv,215,176,wspd_max_120,197.04955023426044,2610
20260226T081223Z,delta,split,lgbm_20260226T081223Z_delta_feature_importance_split.csv,216,215,wspd_min_180,197.48228560163943,2606
20260226T081223Z,delta,split,lgbm_20260226T081223Z_delta_feature_importance_split.csv,217,378,KISP_dewpoint_depression_now,225.44404184165933,2591
20260226T081223Z,delta,split,lgbm_20260226T081223Z_delta_feature_importance_split.csv,218,468,nbr_temp_max,460.00221547127694,2583
20260226T081223Z,delta,split,lgbm_20260226T081223Z_delta_feature_importance_split.csv,219,472,nbr_dewpt_max,451.1484744884162,2581
20260226T081223Z,delta,split,lgbm_20260226T081223Z_delta_feature_importance_split.csv,220,245,pressure_slope_360,284.44413670315043,2577
20260226T081223Z,delta,split,lgbm_20260226T081223Z_delta_feature_importance_split.csv,221,179,temp_prev_180,292.12682926479374,2512
20260226T081223Z,delta,split,lgbm_20260226T081223Z_delta_feature_importance_split.csv,222,335,KHPN_temp_now,394.6471038858817,2487
20260226T081223Z,delta,split,lgbm_20260226T081223Z_delta_feature_importance_split.csv,223,318,KTEB_pressure_now,251.13673265544696,2467
20260226T081223Z,delta,split,lgbm_20260226T081223Z_delta_feature_importance_split.csv,224,294,KEWR_pressure_now,522.5772655359926,2445
20260226T081223Z,delta,split,lgbm_20260226T081223Z_delta_feature_importance_split.csv,225,186,temp_std_diff_180,131.27660360863706,2435
20260226T081223Z,delta,split,lgbm_20260226T081223Z_delta_feature_importance_split.csv,226,270,KJFK_pressure_now,179.18444414748956,2425
20260226T081223Z,delta,split,lgbm_20260226T081223Z_delta_feature_importance_split.csv,227,466,nbr_temp_mean,209.9848032419632,2416
20260226T081223Z,delta,split,lgbm_20260226T081223Z_delta_feature_importance_split.csv,228,306,KEWR_dewpoint_depression_now,328.39456280084823,2405
20260226T081223Z,delta,split,lgbm_20260226T081223Z_delta_feature_importance_split.csv,229,231,dew_pt_min_360,240.9665651673749,2346
20260226T081223Z,delta,split,lgbm_20260226T081223Z_delta_feature_importance_split.csv,230,287,KEWR_temp_now,418.9455851259263,2337
20260226T081223Z,delta,split,lgbm_20260226T081223Z_delta_feature_importance_split.csv,231,183,temp_min_180,331.1017291098703,2303
20260226T081223Z,delta,split,lgbm_20260226T081223Z_delta_feature_importance_split.csv,232,124,pressure_delta_60,124.09882997158256,2297
20260226T081223Z,delta,split,lgbm_20260226T081223Z_delta_feature_importance_split.csv,233,354,KHPN_dewpoint_depression_now,163.22494174707435,2256
20260226T081223Z,delta,split,lgbm_20260226T081223Z_delta_feature_importance_split.csv,234,232,dew_pt_max_360,233.554840115022,2245
20260226T081223Z,delta,split,lgbm_20260226T081223Z_delta_feature_importance_split.csv,235,159,rh_min_120,214.90490591922756,2204
20260226T081223Z,delta,split,lgbm_20260226T081223Z_delta_feature_importance_split.csv,236,263,KJFK_temp_now,211.49452822091732,2182
20260226T081223Z,delta,split,lgbm_20260226T081223Z_delta_feature_importance_split.csv,237,160,rh_max_120,175.33838413522153,2179
20260226T081223Z,delta,split,lgbm_20260226T081223Z_delta_feature_importance_split.csv,238,194,dew_pt_std_diff_180,131.82117646185634,2176
20260226T081223Z,delta,split,lgbm_20260226T081223Z_delta_feature_importance_split.csv,239,474,nbr_pressure_mean,255.2819522951845,2138
20260226T081223Z,delta,split,lgbm_20260226T081223Z_delta_feature_importance_split.csv,240,175,wspd_min_120,259.7281178217627,2135
20260226T081223Z,delta,split,lgbm_20260226T081223Z_delta_feature_importance_split.csv,241,184,temp_max_180,465.7527643000221,2086
20260226T081223Z,delta,split,lgbm_20260226T081223Z_delta_feature_importance_split.csv,242,139,temp_prev_120,220.5932047292741,2077
20260226T081223Z,delta,split,lgbm_20260226T081223Z_delta_feature_importance_split.csv,243,132,wspd_delta_60,85.28171623589355,2069
20260226T081223Z,delta,split,lgbm_20260226T081223Z_delta_feature_importance_split.csv,244,131,wspd_prev_60,309.6563194670805,1997
20260226T081223Z,delta,split,lgbm_20260226T081223Z_delta_feature_importance_split.csv,245,115,rh_prev_60,143.8021475309929,1994
20260226T081223Z,delta,split,lgbm_20260226T081223Z_delta_feature_importance_split.csv,246,148,dew_pt_delta_120,134.16765335951686,1980
20260226T081223Z,delta,split,lgbm_20260226T081223Z_delta_feature_importance_split.csv,247,476,nbr_pressure_max,209.19255842263607,1943
20260226T081223Z,delta,split,lgbm_20260226T081223Z_delta_feature_importance_split.csv,248,158,rh_std_120,114.88339180840012,1880
20260226T081223Z,delta,split,lgbm_20260226T081223Z_delta_feature_importance_split.csv,249,163,pressure_prev_120,131.96032161394123,1861
20260226T081223Z,delta,split,lgbm_20260226T081223Z_delta_feature_importance_split.csv,250,475,nbr_pressure_min,140.63447739420008,1831
20260226T081223Z,delta,split,lgbm_20260226T081223Z_delta_feature_importance_split.csv,251,174,wspd_std_120,103.46529985049824,1788
20260226T081223Z,delta,split,lgbm_20260226T081223Z_delta_feature_importance_split.csv,252,0,cutoff_minutes,623.3598067773482,1781
20260226T081223Z,delta,split,lgbm_20260226T081223Z_delta_feature_importance_split.csv,253,207,pressure_min_180,136.25498062103543,1695
20260226T081223Z,delta,split,lgbm_20260226T081223Z_delta_feature_importance_split.csv,254,187,dew_pt_prev_180,129.73340353576458,1662
20260226T081223Z,delta,split,lgbm_20260226T081223Z_delta_feature_importance_split.csv,255,166,pressure_std_120,122.83850055580392,1642
20260226T081223Z,delta,split,lgbm_20260226T081223Z_delta_feature_importance_split.csv,256,100,temp_delta_60,123.16382504187436,1608
20260226T081223Z,delta,split,lgbm_20260226T081223Z_delta_feature_importance_split.csv,257,237,rh_slope_360,105.35016354399365,1607
20260226T081223Z,delta,split,lgbm_20260226T081223Z_delta_feature_importance_split.csv,258,225,temp_range_360,111.40593810884002,1607
20260226T081223Z,delta,split,lgbm_20260226T081223Z_delta_feature_importance_split.csv,259,233,dew_pt_range_360,319.1882408593092,1590
20260226T081223Z,delta,split,lgbm_20260226T081223Z_delta_feature_importance_split.csv,260,143,temp_min_120,257.7983753568915,1565
20260226T081223Z,delta,split,lgbm_20260226T081223Z_delta_feature_importance_split.csv,261,99,temp_prev_60,198.9135111652049,1487
20260226T081223Z,delta,split,lgbm_20260226T081223Z_delta_feature_importance_split.csv,262,262,temp_drop_from_peak,187.3106003216308,1456
20260226T081223Z,delta,split,lgbm_20260226T081223Z_delta_feature_importance_split.csv,263,142,temp_std_120,134.28413098358578,1412
20260226T081223Z,delta,split,lgbm_20260226T081223Z_delta_feature_importance_split.csv,264,162,rh_std_diff_120,79.17153943837752,1408
20260226T081223Z,delta,split,lgbm_20260226T081223Z_delta_feature_importance_split.csv,265,208,pressure_max_180,120.80209645357736,1399
20260226T081223Z,delta,split,lgbm_20260226T081223Z_delta_feature_importance_split.csv,266,229,dew_pt_slope_360,102.38731896010675,1394
20260226T081223Z,delta,split,lgbm_20260226T081223Z_delta_feature_importance_split.csv,267,31,dewpoint_depression_now,77.80528231762946,1378
20260226T081223Z,delta,split,lgbm_20260226T081223Z_delta_feature_importance_split.csv,268,144,temp_max_120,255.54074593877613,1357
20260226T081223Z,delta,split,lgbm_20260226T081223Z_delta_feature_importance_split.csv,269,4,cutoff_cos,349.41676539322606,1339
20260226T081223Z,delta,split,lgbm_20260226T081223Z_delta_feature_importance_split.csv,270,221,temp_slope_360,123.75269940633632,1331
20260226T081223Z,delta,split,lgbm_20260226T081223Z_delta_feature_importance_split.csv,271,484,temp_jfk_minus_klga,98.81014349278394,1319
20260226T081223Z,delta,split,lgbm_20260226T081223Z_delta_feature_importance_split.csv,272,10,is_weekend,187.12665269657737,1298
20260226T081223Z,delta,split,lgbm_20260226T081223Z_delta_feature_importance_split.csv,273,108,dew_pt_delta_60,97.16631670488688,1293
20260226T081223Z,delta,split,lgbm_20260226T081223Z_delta_feature_importance_split.csv,274,119,rh_min_60,106.09290477706008,1269
20260226T081223Z,delta,split,lgbm_20260226T081223Z_delta_feature_importance_split.csv,275,136,wspd_max_60,88.41576247989042,1246
20260226T081223Z,delta,split,lgbm_20260226T081223Z_delta_feature_importance_split.csv,276,191,dew_pt_min_180,95.99049468716656,1243
20260226T081223Z,delta,split,lgbm_20260226T081223Z_delta_feature_importance_split.csv,277,17,rh_now,77.0924941038138,1200
20260226T081223Z,delta,split,lgbm_20260226T081223Z_delta_feature_importance_split.csv,278,120,rh_max_60,85.67963410128323,1184
20260226T081223Z,delta,split,lgbm_20260226T081223Z_delta_feature_importance_split.csv,279,147,dew_pt_prev_120,80.19069290700463,1182
20260226T081223Z,delta,split,lgbm_20260226T081223Z_delta_feature_importance_split.csv,280,201,rh_range_180,99.81799213868362,1179
20260226T081223Z,delta,split,lgbm_20260226T081223Z_delta_feature_importance_split.csv,281,192,dew_pt_max_180,94.428356464734,1172
20260226T081223Z,delta,split,lgbm_20260226T081223Z_delta_feature_importance_split.csv,282,253,wspd_slope_360,100.58854763618932,1148
20260226T081223Z,delta,split,lgbm_20260226T081223Z_delta_feature_importance_split.csv,283,178,wspd_std_diff_120,119.45838522774966,1121
20260226T081223Z,delta,split,lgbm_20260226T081223Z_delta_feature_importance_split.csv,284,209,pressure_range_180,60.02103086920522,1113
20260226T081223Z,delta,split,lgbm_20260226T081223Z_delta_feature_importance_split.csv,285,135,wspd_min_60,65.34273540205606,1113
20260226T081223Z,delta,split,lgbm_20260226T081223Z_delta_feature_importance_split.csv,286,361,KISP_age_min_temp,35.07114801401804,1090
20260226T081223Z,delta,split,lgbm_20260226T081223Z_delta_feature_importance_split.csv,287,12,temp_now,135.05575649482347,1089
20260226T081223Z,delta,split,lgbm_20260226T081223Z_delta_feature_importance_split.csv,288,170,pressure_std_diff_120,40.53294302739596,1050
20260226T081223Z,delta,split,lgbm_20260226T081223Z_delta_feature_importance_split.csv,289,123,pressure_prev_60,152.47055636523146,1037
20260226T081223Z,delta,split,lgbm_20260226T081223Z_delta_feature_importance_split.csv,290,23,wspd_now,76.83312180702978,1022
20260226T081223Z,delta,split,lgbm_20260226T081223Z_delta_feature_importance_split.csv,291,103,temp_min_60,99.11736980084424,1013
20260226T081223Z,delta,split,lgbm_20260226T081223Z_delta_feature_importance_split.csv,292,205,pressure_slope_180,123.48885625826756,1013
20260226T081223Z,delta,split,lgbm_20260226T081223Z_delta_feature_importance_split.csv,293,167,pressure_min_120,82.75257252468964,1010
20260226T081223Z,delta,split,lgbm_20260226T081223Z_delta_feature_importance_split.csv,294,151,dew_pt_min_120,82.85821282851794,1010
20260226T081223Z,delta,split,lgbm_20260226T081223Z_delta_feature_importance_split.csv,295,150,dew_pt_std_120,42.66751520124035,1007
20260226T081223Z,delta,split,lgbm_20260226T081223Z_delta_feature_importance_split.csv,296,168,pressure_max_120,105.49751234816358,1006
20260226T081223Z,delta,split,lgbm_20260226T081223Z_delta_feature_importance_split.csv,297,422,KMMU_gust_now,55.979325575855455,1002
20260226T081223Z,delta,split,lgbm_20260226T081223Z_delta_feature_importance_split.csv,298,337,KHPN_age_min_temp,70.25697315295452,963
20260226T081223Z,delta,split,lgbm_20260226T081223Z_delta_feature_importance_split.csv,299,217,wspd_range_180,69.95122861965501,948
20260226T081223Z,delta,split,lgbm_20260226T081223Z_delta_feature_importance_split.csv,300,152,dew_pt_max_120,57.31943043877982,938
20260226T081223Z,delta,split,lgbm_20260226T081223Z_delta_feature_importance_split.csv,301,104,temp_max_60,108.20487884999513,934
20260226T081223Z,delta,split,lgbm_20260226T081223Z_delta_feature_importance_split.csv,302,352,KHPN_precip_hrly_now,45.34795496943025,921
20260226T081223Z,delta,split,lgbm_20260226T081223Z_delta_feature_importance_split.csv,303,374,KISP_gust_now,47.264452567735134,915
20260226T081223Z,delta,split,lgbm_20260226T081223Z_delta_feature_importance_split.csv,304,385,KBDR_age_min_temp,88.8819776913283,907
20260226T081223Z,delta,split,lgbm_20260226T081223Z_delta_feature_importance_split.csv,305,146,temp_std_diff_120,46.43821325480258,896
20260226T081223Z,delta,split,lgbm_20260226T081223Z_delta_feature_importance_split.csv,306,15,dewpt_now,67.57736430067825,871
20260226T081223Z,delta,split,lgbm_20260226T081223Z_delta_feature_importance_split.csv,307,197,rh_slope_180,42.67451604128473,863
20260226T081223Z,delta,split,lgbm_20260226T081223Z_delta_feature_importance_split.csv,308,111,dew_pt_min_60,63.94553856516404,846
20260226T081223Z,delta,split,lgbm_20260226T081223Z_delta_feature_importance_split.csv,309,128,pressure_max_60,55.22615837368295,814
20260226T081223Z,delta,split,lgbm_20260226T081223Z_delta_feature_importance_split.csv,310,107,dew_pt_prev_60,200.86997517890995,808
20260226T081223Z,delta,split,lgbm_20260226T081223Z_delta_feature_importance_split.csv,311,3,cutoff_sin,136.6478947912683,793
20260226T081223Z,delta,split,lgbm_20260226T081223Z_delta_feature_importance_split.csv,312,11,is_dst,200.87539882864803,787
20260226T081223Z,delta,split,lgbm_20260226T081223Z_delta_feature_importance_split.csv,313,112,dew_pt_max_60,47.93942168516355,775
20260226T081223Z,delta,split,lgbm_20260226T081223Z_delta_feature_importance_split.csv,314,350,KHPN_gust_now,47.612395670750175,775
20260226T081223Z,delta,split,lgbm_20260226T081223Z_delta_feature_importance_split.csv,315,302,KEWR_gust_now,42.02709122998931,774
20260226T081223Z,delta,split,lgbm_20260226T081223Z_delta_feature_importance_split.csv,316,154,dew_pt_std_diff_120,49.05760574372107,763
20260226T081223Z,delta,split,lgbm_20260226T081223Z_delta_feature_importance_split.csv,317,127,pressure_min_60,58.05045208335287,760
20260226T081223Z,delta,split,lgbm_20260226T081223Z_delta_feature_importance_split.csv,318,19,pressure_now,61.02938833947519,758
20260226T081223Z,delta,split,lgbm_20260226T081223Z_delta_feature_importance_split.csv,319,400,KBDR_precip_hrly_now,39.67862792735468,730
20260226T081223Z,delta,split,lgbm_20260226T081223Z_delta_feature_importance_split.csv,320,161,rh_range_120,43.70489860165071,720
20260226T081223Z,delta,split,lgbm_20260226T081223Z_delta_feature_importance_split.csv,321,165,pressure_slope_120,43.18865989086044,705
20260226T081223Z,delta,split,lgbm_20260226T081223Z_delta_feature_importance_split.csv,322,87,pressure_min_30,24.90372145093147,697
20260226T081223Z,delta,split,lgbm_20260226T081223Z_delta_feature_importance_split.csv,323,326,KTEB_gust_now,40.60561146266366,694
20260226T081223Z,delta,split,lgbm_20260226T081223Z_delta_feature_importance_split.csv,324,376,KISP_precip_hrly_now,23.205358595128477,672
20260226T081223Z,delta,split,lgbm_20260226T081223Z_delta_feature_importance_split.csv,325,313,KTEB_age_min_temp,64.35755321245601,670
20260226T081223Z,delta,split,lgbm_20260226T081223Z_delta_feature_importance_split.csv,326,181,temp_slope_180,48.709076415478194,670
20260226T081223Z,delta,split,lgbm_20260226T081223Z_delta_feature_importance_split.csv,327,213,wspd_slope_180,32.28580122486778,668
20260226T081223Z,delta,split,lgbm_20260226T081223Z_delta_feature_importance_split.csv,328,157,rh_slope_120,31.80336550784,666
20260226T081223Z,delta,split,lgbm_20260226T081223Z_delta_feature_importance_split.csv,329,398,KBDR_gust_now,92.0719250365837,636
20260226T081223Z,delta,split,lgbm_20260226T081223Z_delta_feature_importance_split.csv,330,189,dew_pt_slope_180,64.46036662357801,619
20260226T081223Z,delta,split,lgbm_20260226T081223Z_delta_feature_importance_split.csv,331,173,wspd_slope_120,22.98112335429869,606
20260226T081223Z,delta,split,lgbm_20260226T081223Z_delta_feature_importance_split.csv,332,304,KEWR_precip_hrly_now,36.64724783476868,605
20260226T081223Z,delta,split,lgbm_20260226T081223Z_delta_feature_importance_split.csv,333,280,KJFK_precip_hrly_now,24.75500061240382,595
20260226T081223Z,delta,split,lgbm_20260226T081223Z_delta_feature_importance_split.csv,334,485,temp_north_mean,53.46982421786743,567
20260226T081223Z,delta,split,lgbm_20260226T081223Z_delta_feature_importance_split.csv,335,141,temp_slope_120,100.54421666090276,563
20260226T081223Z,delta,split,lgbm_20260226T081223Z_delta_feature_importance_split.csv,336,323,KTEB_is_wspd_missing_now,109.49642843240872,558
20260226T081223Z,delta,split,lgbm_20260226T081223Z_delta_feature_importance_split.csv,337,260,temp_accel_30_120,54.6910787487468,551
20260226T081223Z,delta,split,lgbm_20260226T081223Z_delta_feature_importance_split.csv,338,486,temp_urban_fringe_mean,80.68828514883717,541
20260226T081223Z,delta,split,lgbm_20260226T081223Z_delta_feature_importance_split.csv,339,117,rh_slope_60,30.48446996398343,539
20260226T081223Z,delta,split,lgbm_20260226T081223Z_delta_feature_importance_split.csv,340,411,KMMU_is_dew_pt_missing_now,27.29622927843593,520
20260226T081223Z,delta,split,lgbm_20260226T081223Z_delta_feature_importance_split.csv,341,278,KJFK_gust_now,19.88824636804384,517
20260226T081223Z,delta,split,lgbm_20260226T081223Z_delta_feature_importance_split.csv,342,185,temp_range_180,33.94621617612211,512
20260226T081223Z,delta,split,lgbm_20260226T081223Z_delta_feature_importance_split.csv,343,27,gust_now,21.87182535628358,502
20260226T081223Z,delta,split,lgbm_20260226T081223Z_delta_feature_importance_split.csv,344,125,pressure_slope_60,30.2286690305325,485
20260226T081223Z,delta,split,lgbm_20260226T081223Z_delta_feature_importance_split.csv,345,169,pressure_range_120,18.943713486048186,474
20260226T081223Z,delta,split,lgbm_20260226T081223Z_delta_feature_importance_split.csv,346,118,rh_std_60,21.32999715280312,469
20260226T081223Z,delta,split,lgbm_20260226T081223Z_delta_feature_importance_split.csv,347,328,KTEB_precip_hrly_now,22.80462411277585,465
20260226T081223Z,delta,split,lgbm_20260226T081223Z_delta_feature_importance_split.csv,348,133,wspd_slope_60,17.27776678211535,447
20260226T081223Z,delta,split,lgbm_20260226T081223Z_delta_feature_importance_split.csv,349,91,wspd_prev_30,107.72536556251976,441
20260226T081223Z,delta,split,lgbm_20260226T081223Z_delta_feature_importance_split.csv,350,149,dew_pt_slope_120,29.48655239263826,433
20260226T081223Z,delta,split,lgbm_20260226T081223Z_delta_feature_importance_split.csv,351,299,KEWR_is_wspd_missing_now,73.95457390250522,427
20260226T081223Z,delta,split,lgbm_20260226T081223Z_delta_feature_importance_split.csv,352,29,precip_hrly_now,23.692422592444927,425
20260226T081223Z,delta,split,lgbm_20260226T081223Z_delta_feature_importance_split.csv,353,177,wspd_range_120,24.634957006077457,413
20260226T081223Z,delta,split,lgbm_20260226T081223Z_delta_feature_importance_split.csv,354,84,pressure_delta_30,402.413167853195,412
20260226T081223Z,delta,split,lgbm_20260226T081223Z_delta_feature_importance_split.csv,355,75,rh_prev_30,26.93038813325808,381
20260226T081223Z,delta,split,lgbm_20260226T081223Z_delta_feature_importance_split.csv,356,193,dew_pt_range_180,43.6003453211888,377
20260226T081223Z,delta,split,lgbm_20260226T081223Z_delta_feature_importance_split.csv,357,413,KMMU_is_rh_missing_now,16.73706597299315,376
20260226T081223Z,delta,split,lgbm_20260226T081223Z_delta_feature_importance_split.csv,358,92,wspd_delta_30,5.863400299825571,360
20260226T081223Z,delta,split,lgbm_20260226T081223Z_delta_feature_importance_split.csv,359,83,pressure_prev_30,21.6630453555544,352
20260226T081223Z,delta,split,lgbm_20260226T081223Z_delta_feature_importance_split.csv,360,59,temp_prev_30,33.41184835569857,347
20260226T081223Z,delta,split,lgbm_20260226T081223Z_delta_feature_importance_split.csv,361,267,KJFK_is_dew_pt_missing_now,14.56930666567314,344
20260226T081223Z,delta,split,lgbm_20260226T081223Z_delta_feature_importance_split.csv,362,76,rh_delta_30,9.061475206317482,338
20260226T081223Z,delta,split,lgbm_20260226T081223Z_delta_feature_importance_split.csv,363,101,temp_slope_60,20.76781989515257,338
20260226T081223Z,delta,split,lgbm_20260226T081223Z_delta_feature_importance_split.csv,364,122,rh_std_diff_60,15.284836761660884,329
20260226T081223Z,delta,split,lgbm_20260226T081223Z_delta_feature_importance_split.csv,365,387,KBDR_is_dew_pt_missing_now,16.131271056867263,325
20260226T081223Z,delta,split,lgbm_20260226T081223Z_delta_feature_importance_split.csv,366,134,wspd_std_60,21.241751897508607,324
20260226T081223Z,delta,split,lgbm_20260226T081223Z_delta_feature_importance_split.csv,367,24,is_wspd_missing_now,77.40251770551549,320
20260226T081223Z,delta,split,lgbm_20260226T081223Z_delta_feature_importance_split.csv,368,419,KMMU_is_wspd_missing_now,291.84140598162776,308
20260226T081223Z,delta,split,lgbm_20260226T081223Z_delta_feature_importance_split.csv,369,88,pressure_max_30,101.13165686706476,308
20260226T081223Z,delta,split,lgbm_20260226T081223Z_delta_feature_importance_split.csv,370,371,KISP_is_wspd_missing_now,24.939465807397937,298
20260226T081223Z,delta,split,lgbm_20260226T081223Z_delta_feature_importance_split.csv,371,395,KBDR_is_wspd_missing_now,40.208630788776645,297
20260226T081223Z,delta,split,lgbm_20260226T081223Z_delta_feature_importance_split.csv,372,347,KHPN_is_wspd_missing_now,1072.484612970089,285
20260226T081223Z,delta,split,lgbm_20260226T081223Z_delta_feature_importance_split.csv,373,102,temp_std_60,26.962779726705776,283
20260226T081223Z,delta,split,lgbm_20260226T081223Z_delta_feature_importance_split.csv,374,315,KTEB_is_dew_pt_missing_now,13.436060652300512,283
20260226T081223Z,delta,split,lgbm_20260226T081223Z_delta_feature_importance_split.csv,375,291,KEWR_is_dew_pt_missing_now,8.202357365834814,274
20260226T081223Z,delta,split,lgbm_20260226T081223Z_delta_feature_importance_split.csv,376,138,wspd_std_diff_60,15.343240100860726,269
20260226T081223Z,delta,split,lgbm_20260226T081223Z_delta_feature_importance_split.csv,377,79,rh_min_30,17.518224153855954,268
20260226T081223Z,delta,split,lgbm_20260226T081223Z_delta_feature_importance_split.csv,378,145,temp_range_120,21.377699802877032,264
20260226T081223Z,delta,split,lgbm_20260226T081223Z_delta_feature_importance_split.csv,379,1,cutoff_hour,126.71284057975572,263
20260226T081223Z,delta,split,lgbm_20260226T081223Z_delta_feature_importance_split.csv,380,67,dew_pt_prev_30,15.261702364470692,262
20260226T081223Z,delta,split,lgbm_20260226T081223Z_delta_feature_importance_split.csv,381,57,any_precip_sofar,115.83957061474212,260
20260226T081223Z,delta,split,lgbm_20260226T081223Z_delta_feature_importance_split.csv,382,275,KJFK_is_wspd_missing_now,17.57781645754585,259
20260226T081223Z,delta,split,lgbm_20260226T081223Z_delta_feature_importance_split.csv,383,109,dew_pt_slope_60,13.82800635064632,257
20260226T081223Z,delta,split,lgbm_20260226T081223Z_delta_feature_importance_split.csv,384,126,pressure_std_60,38.29219879327684,230
20260226T081223Z,delta,split,lgbm_20260226T081223Z_delta_feature_importance_split.csv,385,71,dew_pt_min_30,33.605197208479694,225
20260226T081223Z,delta,split,lgbm_20260226T081223Z_delta_feature_importance_split.csv,386,96,wspd_max_30,7.27743447906596,224
20260226T081223Z,delta,split,lgbm_20260226T081223Z_delta_feature_importance_split.csv,387,339,KHPN_is_dew_pt_missing_now,9.276841502716708,222
20260226T081223Z,delta,split,lgbm_20260226T081223Z_delta_feature_importance_split.csv,388,63,temp_min_30,7.841094123658877,222
20260226T081223Z,delta,split,lgbm_20260226T081223Z_delta_feature_importance_split.csv,389,106,temp_std_diff_60,6.07225512886275,219
20260226T081223Z,delta,split,lgbm_20260226T081223Z_delta_feature_importance_split.csv,390,363,KISP_is_dew_pt_missing_now,8.273000927358225,217
20260226T081223Z,delta,split,lgbm_20260226T081223Z_delta_feature_importance_split.csv,391,377,KISP_is_precip_hrly_missing_now,35.814605160674546,216
20260226T081223Z,delta,split,lgbm_20260226T081223Z_delta_feature_importance_split.csv,392,401,KBDR_is_precip_hrly_missing_now,30.874840440927077,205
20260226T081223Z,delta,split,lgbm_20260226T081223Z_delta_feature_importance_split.csv,393,80,rh_max_30,15.668375809215169,202
20260226T081223Z,delta,split,lgbm_20260226T081223Z_delta_feature_importance_split.csv,394,110,dew_pt_std_60,12.247825505100993,202
20260226T081223Z,delta,split,lgbm_20260226T081223Z_delta_feature_importance_split.csv,395,305,KEWR_is_precip_hrly_missing_now,19.45413412153721,198
20260226T081223Z,delta,split,lgbm_20260226T081223Z_delta_feature_importance_split.csv,396,95,wspd_min_30,18.40706307971232,195
20260226T081223Z,delta,split,lgbm_20260226T081223Z_delta_feature_importance_split.csv,397,78,rh_std_30,2.766792681846709,192
20260226T081223Z,delta,split,lgbm_20260226T081223Z_delta_feature_importance_split.csv,398,281,KJFK_is_precip_hrly_missing_now,31.217712848912925,177
20260226T081223Z,delta,split,lgbm_20260226T081223Z_delta_feature_importance_split.csv,399,16,is_dew_pt_missing_now,7.277776125119999,177
20260226T081223Z,delta,split,lgbm_20260226T081223Z_delta_feature_importance_split.csv,400,329,KTEB_is_precip_hrly_missing_now,12.91153099667281,154
20260226T081223Z,delta,split,lgbm_20260226T081223Z_delta_feature_importance_split.csv,401,425,KMMU_is_precip_hrly_missing_now,49.335467050783336,152
20260226T081223Z,delta,split,lgbm_20260226T081223Z_delta_feature_importance_split.csv,402,72,dew_pt_max_30,29.850884415559904,149
20260226T081223Z,delta,split,lgbm_20260226T081223Z_delta_feature_importance_split.csv,403,64,temp_max_30,16.324376114233928,148
20260226T081223Z,delta,split,lgbm_20260226T081223Z_delta_feature_importance_split.csv,404,153,dew_pt_range_120,8.258934503130149,147
20260226T081223Z,delta,split,lgbm_20260226T081223Z_delta_feature_importance_split.csv,405,68,dew_pt_delta_30,7.02982035450259,146
20260226T081223Z,delta,split,lgbm_20260226T081223Z_delta_feature_importance_split.csv,406,86,pressure_std_30,12.6886785185161,146
20260226T081223Z,delta,split,lgbm_20260226T081223Z_delta_feature_importance_split.csv,407,60,temp_delta_30,13.92905507076921,146
20260226T081223Z,delta,split,lgbm_20260226T081223Z_delta_feature_importance_split.csv,408,289,KEWR_age_min_temp,3.254954883163009,140
20260226T081223Z,delta,split,lgbm_20260226T081223Z_delta_feature_importance_split.csv,409,130,pressure_std_diff_60,3.267802680740715,139
20260226T081223Z,delta,split,lgbm_20260226T081223Z_delta_feature_importance_split.csv,410,14,age_min_temp,4.221929688760724,134
20260226T081223Z,delta,split,lgbm_20260226T081223Z_delta_feature_importance_split.csv,411,114,dew_pt_std_diff_60,7.767251900000701,132
20260226T081223Z,delta,split,lgbm_20260226T081223Z_delta_feature_importance_split.csv,412,121,rh_range_60,4.277551201128517,120
20260226T081223Z,delta,split,lgbm_20260226T081223Z_delta_feature_importance_split.csv,413,30,is_precip_hrly_missing_now,17.214508426375687,119
20260226T081223Z,delta,split,lgbm_20260226T081223Z_delta_feature_importance_split.csv,414,265,KJFK_age_min_temp,2.154171843903896,118
20260226T081223Z,delta,split,lgbm_20260226T081223Z_delta_feature_importance_split.csv,415,94,wspd_std_30,3.915155119608244,116
20260226T081223Z,delta,split,lgbm_20260226T081223Z_delta_feature_importance_split.csv,416,319,KTEB_is_pressure_missing_now,3.038908821879886,111
20260226T081223Z,delta,split,lgbm_20260226T081223Z_delta_feature_importance_split.csv,417,353,KHPN_is_precip_hrly_missing_now,14.19001414848026,103
20260226T081223Z,delta,split,lgbm_20260226T081223Z_delta_feature_importance_split.csv,418,341,KHPN_is_rh_missing_now,1.602423088013893,95
20260226T081223Z,delta,split,lgbm_20260226T081223Z_delta_feature_importance_split.csv,419,62,temp_std_30,1.5807960775273386,86
20260226T081223Z,delta,split,lgbm_20260226T081223Z_delta_feature_importance_split.csv,420,415,KMMU_is_pressure_missing_now,2.6262059558648616,85
20260226T081223Z,delta,split,lgbm_20260226T081223Z_delta_feature_importance_split.csv,421,85,pressure_slope_30,115.50570717659184,85
20260226T081223Z,delta,split,lgbm_20260226T081223Z_delta_feature_importance_split.csv,422,137,wspd_range_60,5.369066520575871,76
20260226T081223Z,delta,split,lgbm_20260226T081223Z_delta_feature_importance_split.csv,423,93,wspd_slope_30,0.914568729704115,76
20260226T081223Z,delta,split,lgbm_20260226T081223Z_delta_feature_importance_split.csv,424,397,KBDR_is_wdir_missing_now,31.09151225630194,70
20260226T081223Z,delta,split,lgbm_20260226T081223Z_delta_feature_importance_split.csv,425,38,n_expected_bins,3.4225539561216465,70
20260226T081223Z,delta,split,lgbm_20260226T081223Z_delta_feature_importance_split.csv,426,373,KISP_is_wdir_missing_now,7.475767727446509,66
20260226T081223Z,delta,split,lgbm_20260226T081223Z_delta_feature_importance_split.csv,427,77,rh_slope_30,2.422084283658478,65
20260226T081223Z,delta,split,lgbm_20260226T081223Z_delta_feature_importance_split.csv,428,70,dew_pt_std_30,1.358101334713865,51
20260226T081223Z,delta,split,lgbm_20260226T081223Z_delta_feature_importance_split.csv,429,301,KEWR_is_wdir_missing_now,1.921233247499913,50
20260226T081223Z,delta,split,lgbm_20260226T081223Z_delta_feature_importance_split.csv,430,277,KJFK_is_wdir_missing_now,12.556726432638245,49
20260226T081223Z,delta,split,lgbm_20260226T081223Z_delta_feature_importance_split.csv,431,129,pressure_range_60,1.9304220801350311,49
20260226T081223Z,delta,split,lgbm_20260226T081223Z_delta_feature_importance_split.csv,432,26,is_wdir_missing_now,2.5440013920888305,48
20260226T081223Z,delta,split,lgbm_20260226T081223Z_delta_feature_importance_split.csv,433,367,KISP_is_pressure_missing_now,0.8042791811749339,48
20260226T081223Z,delta,split,lgbm_20260226T081223Z_delta_feature_importance_split.csv,434,325,KTEB_is_wdir_missing_now,49.26698830816895,47
20260226T081223Z,delta,split,lgbm_20260226T081223Z_delta_feature_importance_split.csv,435,98,wspd_std_diff_30,0.4570477394736372,46
20260226T081223Z,delta,split,lgbm_20260226T081223Z_delta_feature_importance_split.csv,436,424,KMMU_precip_hrly_now,1.6235983944047805,45
20260226T081223Z,delta,split,lgbm_20260226T081223Z_delta_feature_importance_split.csv,437,66,temp_std_diff_30,0.8493809860028705,43
20260226T081223Z,delta,split,lgbm_20260226T081223Z_delta_feature_importance_split.csv,438,105,temp_range_60,8.870833845592642,38
20260226T081223Z,delta,split,lgbm_20260226T081223Z_delta_feature_importance_split.csv,439,349,KHPN_is_wdir_missing_now,2.0619781182613224,34
20260226T081223Z,delta,split,lgbm_20260226T081223Z_delta_feature_importance_split.csv,440,81,rh_range_30,0.7131528466852615,29
20260226T081223Z,delta,split,lgbm_20260226T081223Z_delta_feature_importance_split.csv,441,113,dew_pt_range_60,0.4969311991299037,29
20260226T081223Z,delta,split,lgbm_20260226T081223Z_delta_feature_importance_split.csv,442,61,temp_slope_30,0.3516548231709748,28
20260226T081223Z,delta,split,lgbm_20260226T081223Z_delta_feature_importance_split.csv,443,89,pressure_range_30,3.4688102064246777,26
20260226T081223Z,delta,split,lgbm_20260226T081223Z_delta_feature_importance_split.csv,444,74,dew_pt_std_diff_30,0.7063145585998427,25
20260226T081223Z,delta,split,lgbm_20260226T081223Z_delta_feature_importance_split.csv,445,97,wspd_range_30,1.2285018241382204,24
20260226T081223Z,delta,split,lgbm_20260226T081223Z_delta_feature_importance_split.csv,446,421,KMMU_is_wdir_missing_now,2.9884398323483765,23
20260226T081223Z,delta,split,lgbm_20260226T081223Z_delta_feature_importance_split.csv,447,393,KBDR_is_vis_missing_now,0.3085746216820553,23
20260226T081223Z,delta,split,lgbm_20260226T081223Z_delta_feature_importance_split.csv,448,69,dew_pt_slope_30,0.5899191839725972,23
20260226T081223Z,delta,split,lgbm_20260226T081223Z_delta_feature_importance_split.csv,449,90,pressure_std_diff_30,0.146770300460048,22
20260226T081223Z,delta,split,lgbm_20260226T081223Z_delta_feature_importance_split.csv,450,82,rh_std_diff_30,0.2629212596984871,22
20260226T081223Z,delta,split,lgbm_20260226T081223Z_delta_feature_importance_split.csv,451,317,KTEB_is_rh_missing_now,0.356452819891274,17
20260226T081223Z,delta,split,lgbm_20260226T081223Z_delta_feature_importance_split.csv,452,327,KTEB_is_gust_missing_now,0.835383104160428,16
20260226T081223Z,delta,split,lgbm_20260226T081223Z_delta_feature_importance_split.csv,453,28,is_gust_missing_now,1.4937076102942228,16
20260226T081223Z,delta,split,lgbm_20260226T081223Z_delta_feature_importance_split.csv,454,73,dew_pt_range_30,0.2331650040578097,16
20260226T081223Z,delta,split,lgbm_20260226T081223Z_delta_feature_importance_split.csv,455,423,KMMU_is_gust_missing_now,7.042728521861136,12
20260226T081223Z,delta,split,lgbm_20260226T081223Z_delta_feature_importance_split.csv,456,65,temp_range_30,0.2317756037227809,12
20260226T081223Z,delta,split,lgbm_20260226T081223Z_delta_feature_importance_split.csv,457,261,temp_is_falling_60,0.5268413601443172,11
20260226T081223Z,delta,split,lgbm_20260226T081223Z_delta_feature_importance_split.csv,458,286,KJFK_cutoff_minutes,0.6228194725699723,8
20260226T081223Z,delta,split,lgbm_20260226T081223Z_delta_feature_importance_split.csv,459,375,KISP_is_gust_missing_now,0.5889317914843559,8
20260226T081223Z,delta,split,lgbm_20260226T081223Z_delta_feature_importance_split.csv,460,399,KBDR_is_gust_missing_now,0.1939735990017652,7
20260226T081223Z,delta,split,lgbm_20260226T081223Z_delta_feature_importance_split.csv,461,351,KHPN_is_gust_missing_now,1.0234733913093803,7
20260226T081223Z,delta,split,lgbm_20260226T081223Z_delta_feature_importance_split.csv,462,279,KJFK_is_gust_missing_now,0.2141301017254591,7
20260226T081223Z,delta,split,lgbm_20260226T081223Z_delta_feature_importance_split.csv,463,303,KEWR_is_gust_missing_now,0.1071144994348287,3
20260226T081223Z,delta,split,lgbm_20260226T081223Z_delta_feature_importance_split.csv,464,334,KTEB_cutoff_minutes,0.0136984996497631,1
20260226T081223Z,delta,split,lgbm_20260226T081223Z_delta_feature_importance_split.csv,465,310,KEWR_cutoff_minutes,0.2228800058364868,1
20260226T081223Z,delta,split,lgbm_20260226T081223Z_delta_feature_importance_split.csv,466,269,KJFK_is_rh_missing_now,0.0,0
20260226T081223Z,delta,split,lgbm_20260226T081223Z_delta_feature_importance_split.csv,467,271,KJFK_is_pressure_missing_now,0.0,0
20260226T081223Z,delta,split,lgbm_20260226T081223Z_delta_feature_importance_split.csv,468,264,KJFK_is_temp_missing_now,0.0,0
20260226T081223Z,delta,split,lgbm_20260226T081223Z_delta_feature_importance_split.csv,469,2,cutoff_minute,0.0,0
20260226T081223Z,delta,split,lgbm_20260226T081223Z_delta_feature_importance_split.csv,470,20,is_pressure_missing_now,0.0,0
20260226T081223Z,delta,split,lgbm_20260226T081223Z_delta_feature_importance_split.csv,471,13,is_temp_missing_now,0.0,0
20260226T081223Z,delta,split,lgbm_20260226T081223Z_delta_feature_importance_split.csv,472,22,is_vis_missing_now,0.0,0
20260226T081223Z,delta,split,lgbm_20260226T081223Z_delta_feature_importance_split.csv,473,273,KJFK_is_vis_missing_now,0.0,0
20260226T081223Z,delta,split,lgbm_20260226T081223Z_delta_feature_importance_split.csv,474,288,KEWR_is_temp_missing_now,0.0,0
20260226T081223Z,delta,split,lgbm_20260226T081223Z_delta_feature_importance_split.csv,475,18,is_rh_missing_now,0.0,0
20260226T081223Z,delta,split,lgbm_20260226T081223Z_delta_feature_importance_split.csv,476,321,KTEB_is_vis_missing_now,0.0,0
20260226T081223Z,delta,split,lgbm_20260226T081223Z_delta_feature_importance_split.csv,477,293,KEWR_is_rh_missing_now,0.0,0
20260226T081223Z,delta,split,lgbm_20260226T081223Z_delta_feature_importance_split.csv,478,295,KEWR_is_pressure_missing_now,0.0,0
20260226T081223Z,delta,split,lgbm_20260226T081223Z_delta_feature_importance_split.csv,479,382,KISP_cutoff_minutes,0.0,0
20260226T081223Z,delta,split,lgbm_20260226T081223Z_delta_feature_importance_split.csv,480,384,KBDR_is_temp_missing_now,0.0,0
20260226T081223Z,delta,split,lgbm_20260226T081223Z_delta_feature_importance_split.csv,481,369,KISP_is_vis_missing_now,0.0,0
20260226T081223Z,delta,split,lgbm_20260226T081223Z_delta_feature_importance_split.csv,482,365,KISP_is_rh_missing_now,0.0,0
20260226T081223Z,delta,split,lgbm_20260226T081223Z_delta_feature_importance_split.csv,483,389,KBDR_is_rh_missing_now,0.0,0
20260226T081223Z,delta,split,lgbm_20260226T081223Z_delta_feature_importance_split.csv,484,391,KBDR_is_pressure_missing_now,0.0,0
20260226T081223Z,delta,split,lgbm_20260226T081223Z_delta_feature_importance_split.csv,485,360,KISP_is_temp_missing_now,0.0,0
20260226T081223Z,delta,split,lgbm_20260226T081223Z_delta_feature_importance_split.csv,486,358,KHPN_cutoff_minutes,0.0,0
20260226T081223Z,delta,split,lgbm_20260226T081223Z_delta_feature_importance_split.csv,487,406,KBDR_cutoff_minutes,0.0,0
20260226T081223Z,delta,split,lgbm_20260226T081223Z_delta_feature_importance_split.csv,488,408,KMMU_is_temp_missing_now,0.0,0
20260226T081223Z,delta,split,lgbm_20260226T081223Z_delta_feature_importance_split.csv,489,345,KHPN_is_vis_missing_now,0.0,0
20260226T081223Z,delta,split,lgbm_20260226T081223Z_delta_feature_importance_split.csv,490,343,KHPN_is_pressure_missing_now,0.0,0
20260226T081223Z,delta,split,lgbm_20260226T081223Z_delta_feature_importance_split.csv,491,417,KMMU_is_vis_missing_now,0.0,0
20260226T081223Z,delta,split,lgbm_20260226T081223Z_delta_feature_importance_split.csv,492,336,KHPN_is_temp_missing_now,0.0,0
20260226T081223Z,delta,split,lgbm_20260226T081223Z_delta_feature_importance_split.csv,493,430,KMMU_cutoff_minutes,0.0,0
20260226T081223Z,delta,split,lgbm_20260226T081223Z_delta_feature_importance_split.csv,494,312,KTEB_is_temp_missing_now,0.0,0
20260226T081223Z,delta,split,lgbm_20260226T081223Z_delta_feature_importance_split.csv,495,297,KEWR_is_vis_missing_now,0.0,0
20260226T081223Z,delta,split,lgbm_20260226T081223Z_delta_feature_importance_split.csv,496,495,index_y,0.0,0
