{
  "baseline": {
    "climatology_test": {
      "bias": -0.09384381338742387,
      "mae": 2.6899391480730226,
      "p50_abs_error": 2.117647058823536,
      "p90_abs_error": 5.764705882352942,
      "p95_abs_error": 7.17647058823529,
      "rmse": 3.6103322015400012
    },
    "climatology_val": {
      "bias": -1.9515495867768595,
      "mae": 3.4897727272727277,
      "p50_abs_error": 2.9375,
      "p90_abs_error": 6.875,
      "p95_abs_error": 8.856249999999996,
      "rmse": 4.340931098671449
    }
  },
  "per_station_test": {
    "KMIA": {
      "bias": 0.5086191897641623,
      "mae": 1.2198896630598364,
      "p50_abs_error": 0.899872485736168,
      "p90_abs_error": 2.562811105417623,
      "p95_abs_error": 3.5357380526993634,
      "rmse": 1.6842047440717687
    }
  },
  "probabilistic_test": null,
  "probabilistic_validation": {},
  "test": {
    "bias": 0.5086191897641623,
    "mae": 1.2198896630598364,
    "p50_abs_error": 0.899872485736168,
    "p90_abs_error": 2.562811105417623,
    "p95_abs_error": 3.5357380526993634,
    "rmse": 1.6842047440717687
  },
  "train": {
    "bias": 1.0643871705232417e-05,
    "mae": 0.7186710205516755,
    "p50_abs_error": 0.5853271437455447,
    "p90_abs_error": 1.5128730020564376,
    "p95_abs_error": 1.8414629558725824,
    "rmse": 0.9316091779971938
  },
  "validation": {
    "bias": -0.6216586515262549,
    "mae": 1.410066498133179,
    "p50_abs_error": 1.2532198078683052,
    "p90_abs_error": 2.73396594040116,
    "p95_abs_error": 3.2796327139241943,
    "rmse": 1.7283247281532004
  }
}