{
  "test": {
    "bias": 0.32112924583502894,
    "corr": 0.9914791196609376,
    "mae": 1.8551391799815056,
    "maxAE": 9.061260886099546,
    "medianAE": 1.415031042200411,
    "n": 363,
    "rmse": 2.4321601999548617
  },
  "train": {
    "bias": -3.151753658349674e-11,
    "corr": 0.998527717766329,
    "mae": 0.6748585021104346,
    "maxAE": 6.8450999731316,
    "medianAE": 0.5316810146705464,
    "n": 1224,
    "rmse": 0.898532485916865
  },
  "validation": {
    "bias": -0.4193476008815299,
    "corr": 0.9892887917705406,
    "mae": 1.8976530777914777,
    "maxAE": 8.396994467112197,
    "medianAE": 1.517371665503326,
    "n": 184,
    "rmse": 2.46950361566835
  }
}