{
  "test": {
    "bias": 0.48669815297475244,
    "corr": 0.9906618306190842,
    "mae": 1.8296088781701825,
    "maxAE": 10.384073732726556,
    "medianAE": 1.3882159101996088,
    "n": 332,
    "rmse": 2.4086295684570094
  },
  "train": {
    "bias": -6.763993287041986e-11,
    "corr": 0.9992904606773143,
    "mae": 0.4595716596839164,
    "maxAE": 6.53809070651819,
    "medianAE": 0.35926663554026206,
    "n": 1224,
    "rmse": 0.624324017115631
  },
  "validation": {
    "bias": -0.16590378611534526,
    "corr": 0.9919046845554436,
    "mae": 1.9991073063753708,
    "maxAE": 7.695191804942368,
    "medianAE": 1.4799184996433468,
    "n": 214,
    "rmse": 2.566485997407296
  }
}