{
  "test": {
    "bias": 0.5128697095572732,
    "corr": 0.9895916148579555,
    "mae": 1.9333566155918764,
    "maxAE": 9.80061385745389,
    "medianAE": 1.5051796730203932,
    "n": 332,
    "rmse": 2.541935117450199
  },
  "train": {
    "bias": 1.0471096756554752e-10,
    "corr": 0.9989189808417533,
    "mae": 0.5765301642963188,
    "maxAE": 6.843324246777637,
    "medianAE": 0.46005411591250933,
    "n": 1224,
    "rmse": 0.7702759513208282
  },
  "validation": {
    "bias": -0.2579013589669659,
    "corr": 0.9916062224132828,
    "mae": 1.9664748646644046,
    "maxAE": 8.174837890390428,
    "medianAE": 1.60072202793679,
    "n": 214,
    "rmse": 2.5816688484905246
  }
}