{
  "test": {
    "bias": 0.20357634013736312,
    "corr": 0.9912214333135603,
    "mae": 1.7851680575478521,
    "maxAE": 8.183659874683116,
    "medianAE": 1.517416667241534,
    "n": 332,
    "rmse": 2.2965412297263295
  },
  "train": {
    "bias": -1.5389161259767343e-10,
    "corr": 0.9992567444530883,
    "mae": 0.468950670032532,
    "maxAE": 6.757077018134687,
    "medianAE": 0.36075933375956026,
    "n": 1224,
    "rmse": 0.6389189442312001
  },
  "validation": {
    "bias": -0.26621771938579813,
    "corr": 0.9917997155312561,
    "mae": 1.9075615713807317,
    "maxAE": 7.411194835744389,
    "medianAE": 1.3778293938241397,
    "n": 214,
    "rmse": 2.5121190789430323
  }
}