{
  "fill_values": {
    "asof_cos_hour": -1.0,
    "asof_sin_hour": 1.2246467991473535e-16,
    "bias_wintry": 6.745936530647478,
    "cos_doy": -0.009202252152997253,
    "gfs_n_x_mean": 78.3112536713557,
    "gfs_pos_mean": 0.2008769700050839,
    "gfs_poz_mean": 0.0065137264870360955,
    "gfs_snw_mean": 0.0,
    "is_weekend": 0.28569221260815825,
    "month": 6.457045735475896,
    "nam_n_x_mean": 78.37757074377609,
    "nam_pos_mean": 0.35711243611584326,
    "nam_poz_mean": 0.10386499148211244,
    "nam_snw_mean": 0.0,
    "nx_wintry_bc": 85.1024122708428,
    "sin_doy": 0.008954716989572519,
    "wintry_flag": 0.0
  },
  "method": "train_mean"
}