{
  "per_station_test": {
    "KMIA": {
      "bias": 0.12205333837253009,
      "mae": 1.4956581324412064,
      "p50_abs_error": 1.0149239003127661,
      "p90_abs_error": 3.1017256356005607,
      "p95_abs_error": 3.9147299838621414,
      "rmse": 2.109291578193086
    }
  },
  "test": {
    "bias": 0.12205333837253009,
    "mae": 1.4956581324412064,
    "p50_abs_error": 1.0149239003127661,
    "p90_abs_error": 3.1017256356005607,
    "p95_abs_error": 3.9147299838621414,
    "rmse": 2.109291578193086
  },
  "train": {
    "bias": 1.420339127179661e-10,
    "mae": 1.235963390367463,
    "p50_abs_error": 0.915180007108134,
    "p90_abs_error": 2.7472920534117344,
    "p95_abs_error": 3.4828816990480425,
    "rmse": 1.6773514762320816
  },
  "validation": {
    "bias": 0.24390786387771493,
    "mae": 1.6480915449379014,
    "p50_abs_error": 1.4559571094419113,
    "p90_abs_error": 3.2897523464150544,
    "p95_abs_error": 3.7971123659115946,
    "rmse": 2.064699083517664
  }
}