{
  "test": {
    "bias": 0.4830379418707797,
    "corr": 0.9900912783856666,
    "mae": 1.892080882893997,
    "maxAE": 10.54794704575636,
    "medianAE": 1.5271442169707274,
    "n": 332,
    "rmse": 2.4759495862964265
  },
  "train": {
    "bias": 1.7702413826753526e-10,
    "corr": 0.9990212049973838,
    "mae": 0.5465645559050483,
    "maxAE": 6.8360805573741175,
    "medianAE": 0.4430379309144339,
    "n": 1224,
    "rmse": 0.7330262240417549
  },
  "validation": {
    "bias": -0.17361297549476212,
    "corr": 0.992299963834249,
    "mae": 1.8893026538205655,
    "maxAE": 7.574561878789169,
    "medianAE": 1.4714417906112622,
    "n": 214,
    "rmse": 2.4673355231893894
  }
}