{
  "fill_values": {
    "asof_cos_hour": -1.0,
    "asof_sin_hour": 1.2246467991473535e-16,
    "cos_doy": -0.009202252152997253,
    "frac_wet_30": 0.28707010168927327,
    "gfs_n_x_mean": 78.3112536713557,
    "gfs_p12_mean": 22.357937857474106,
    "gfs_q12_mean": 0.4183799659916525,
    "is_weekend": 0.28569221260815825,
    "month": 6.457045735475896,
    "nam_n_x_mean": 78.37757074377609,
    "nam_p12_mean": 22.883755991959177,
    "nam_q12_mean": 0.48531003556517704,
    "runlen_wet": 5.244283065512979,
    "sin_doy": 0.008954716989572519,
    "transitions_30": 6.524724848860642,
    "wet_age_1_2": 0.26823238566131025,
    "wet_age_3_5": 0.201946847960445,
    "wet_age_6_10": 0.15126699629171816,
    "wet_age_gt10": 0.15373918417799753
  },
  "method": "train_mean"
}