{
  "per_station_test": {
    "KMIA": {
      "bias": 0.24118932972312798,
      "mae": 1.5820978508871337,
      "p50_abs_error": 1.2360178276727538,
      "p90_abs_error": 3.384317017319997,
      "p95_abs_error": 3.9786717436092554,
      "rmse": 2.0797660416770825
    }
  },
  "test": {
    "bias": 0.24118932972312798,
    "mae": 1.5820978508871337,
    "p50_abs_error": 1.2360178276727538,
    "p90_abs_error": 3.384317017319997,
    "p95_abs_error": 3.9786717436092554,
    "rmse": 2.0797660416770825
  },
  "train": {
    "bias": -6.562293408852385e-11,
    "mae": 1.2059325291313954,
    "p50_abs_error": 0.9398186682237721,
    "p90_abs_error": 2.6201381003293776,
    "p95_abs_error": 3.2209862188715714,
    "rmse": 1.5808829616181805
  },
  "validation": {
    "bias": 0.5636825931543369,
    "mae": 1.5653265726275303,
    "p50_abs_error": 1.3546605490610801,
    "p90_abs_error": 3.0476889124051754,
    "p95_abs_error": 3.6789786320589357,
    "rmse": 1.9768569812317909
  }
}