model_id,feature,importance,fold_id
M3_catboost_residual,nt_heat_ceiling_index_c,13.64088997297931,fold1_2011_2013
M3_catboost_residual,network_mean_trend_6h_c,5.024043021485036,fold1_2011_2013
M3_catboost_residual,hko_temp_trend_3h_c,4.7675498835287184,fold1_2011_2013
M3_catboost_residual,target_lag2_minus_doy30_clim_c,4.662443865667023,fold1_2011_2013
M3_catboost_residual,official_max_minus_doy_clim30_c,4.1657466670655605,fold1_2011_2013
M3_catboost_residual,trend_years_since_2000,2.842215098134046,fold1_2011_2013
M3_catboost_residual,target_lag2_tmax_c,2.5086762824907343,fold1_2011_2013
M3_catboost_residual,hko_latest_temp_minus_official_max_c,2.3793911544297672,fold1_2011_2013
M3_catboost_residual,hko_temp_mean_24h_minus_doy_clim_c,2.3468621501405313,fold1_2011_2013
M3_catboost_residual,station_wong_chuk_hang_latest_minus_hko_c,2.1638961362954126,fold1_2011_2013
M3_catboost_residual,target_history_max_source_date,1.613037303980331,fold1_2011_2013
M3_catboost_residual,hko_pre_target_afternoon_max_minus_official_max_c,1.5477220131401468,fold1_2011_2013
M3_catboost_residual,official_range_c,1.3684081106955557,fold1_2011_2013
M3_catboost_residual,hko_temp_mean_24h_c,1.277207618981283,fold1_2011_2013
M3_catboost_residual,hko_latest_dewpoint_depression_c,1.2501689024239147,fold1_2011_2013
M3_catboost_residual,target_roll30_anomaly_lag2_c,1.2298392060752472,fold1_2011_2013
M3_catboost_residual,west_nw_nt_latest_count,1.2000883619571334,fold1_2011_2013
M3_catboost_residual,official_max_minus_month_clim10_c,1.1559405371030167,fold1_2011_2013
M3_catboost_residual,fcst_flag_easterly_ne,1.1261240497488247,fold1_2011_2013
M3_catboost_residual,hko_temp_trend_12h_c,1.0711776050830863,fold1_2011_2013
M3_catboost_residual,hko_rh_mean_12h_pct,1.0075924650322996,fold1_2011_2013
M3_catboost_residual,target_lag30_tmax_c,0.9795797927179931,fold1_2011_2013
M3_catboost_residual,official_max_c,0.9748198125541568,fold1_2011_2013
M3_catboost_residual,target_roll365_mean_lag2_c,0.9686007907290969,fold1_2011_2013
M3_catboost_residual,hko_latest_temp_minus_doy_hour_clim_c,0.9000249340833341,fold1_2011_2013
M3_catboost_residual,network_spread_max_24h_c,0.851577935900308,fold1_2011_2013
M3_catboost_residual,inland_nt_latest_mean_minus_hko_c,0.7830007791771668,fold1_2011_2013
M3_catboost_residual,hko_latest_dewpoint_c,0.7684192282849946,fold1_2011_2013
M3_catboost_residual,network_latest_hko_minus_mean_c,0.703693354132678,fold1_2011_2013
M3_catboost_residual,hko_rh_trend_3h_pct,0.7027026220656059,fold1_2011_2013
M3_catboost_residual,hko_rh_mean_6h_pct,0.6943766995473152,fold1_2011_2013
M3_catboost_residual,official_midpoint_minus_doy_clim30_c,0.6914798388900154,fold1_2011_2013
M3_catboost_residual,hko_pre_target_morning_mean_c,0.6822928010770968,fold1_2011_2013
M3_catboost_residual,target_roll14_mean_lag2_c,0.659983449217423,fold1_2011_2013
M3_catboost_residual,target_lag365_tmax_c,0.6482112385004605,fold1_2011_2013
M3_catboost_residual,official_max_round_c,0.6365751341469216,fold1_2011_2013
M3_catboost_residual,target_roll30_mean_lag2_c,0.6333966119149438,fold1_2011_2013
M3_catboost_residual,station_hong_kong_park_latest_temp_c,0.6200165457812249,fold1_2011_2013
M3_catboost_residual,urban_core_latest_mean_c,0.6086739055979404,fold1_2011_2013
M3_catboost_residual,network_latest_temp_mean_c,0.6078096474523619,fold1_2011_2013
M3_catboost_residual,rev_path_max_c,0.599382382160249,fold1_2011_2013
M3_catboost_residual,station_missing_count_mean_24h,0.5925616701359352,fold1_2011_2013
M3_catboost_residual,target_clim_month_10yr_std_c,0.5696628203549563,fold1_2011_2013
M3_catboost_residual,station_lau_fau_shan_latest_temp_c,0.5638797183075779,fold1_2011_2013
M3_catboost_residual,rev_path_min_c,0.5577865046741441,fold1_2011_2013
M3_catboost_residual,rev_issue_span_hours,0.542799486513697,fold1_2011_2013
M3_catboost_residual,west_nw_nt_latest_mean_c,0.5392295593220385,fold1_2011_2013
M3_catboost_residual,target_clim_doy_30yr_median_c,0.5346203801698668,fold1_2011_2013
M3_catboost_residual,hko_latest_rh_pct,0.5332955812950783,fold1_2011_2013
M3_catboost_residual,rev_first_max_c,0.5320667013625903,fold1_2011_2013
M3_catboost_residual,station_sai_kung_latest_minus_hko_c,0.5192302008667627,fold1_2011_2013
M3_catboost_residual,hko_temp_max_24h_c,0.5168723992536671,fold1_2011_2013
M3_catboost_residual,target_lag7_tmax_c,0.48618535357561604,fold1_2011_2013
M3_catboost_residual,day_of_year,0.4857026912745233,fold1_2011_2013
M3_catboost_residual,station_missing_count_max_24h,0.47207403703362893,fold1_2011_2013
M3_catboost_residual,rev_last_change_age_hours,0.46885719758203215,fold1_2011_2013
M3_catboost_residual,hourly_warning_text_count_24h,0.46603416862411384,fold1_2011_2013
M3_catboost_residual,doy_cos,0.461591665165663,fold1_2011_2013
M3_catboost_residual,station_wong_chuk_hang_latest_temp_c,0.4466004357825393,fold1_2011_2013
M3_catboost_residual,hko_temp_trend_6h_c,0.4451606156560257,fold1_2011_2013
M3_catboost_residual,target_roll7_max_lag2_c,0.44492949468672766,fold1_2011_2013
M3_catboost_residual,hko_temp_mean_6h_c,0.4429805856933229,fold1_2011_2013
M3_catboost_residual,target_lag3_tmax_c,0.4336052436861535,fold1_2011_2013
M3_catboost_residual,hko_latest_temp_minus_official_min_c,0.42405849189846434,fold1_2011_2013
M3_catboost_residual,target_roll7_mean_lag2_c,0.41613784448520175,fold1_2011_2013
M3_catboost_residual,network_latest_station_count,0.4060081537076454,fold1_2011_2013
M3_catboost_residual,network_latest_hko_percentile,0.40541060427055553,fold1_2011_2013
M3_catboost_residual,hko_rh_mean_24h_pct,0.39805180605740864,fold1_2011_2013
M3_catboost_residual,coastal_marine_mean_minus_hko_c,0.3597502101575524,fold1_2011_2013
M3_catboost_residual,hourly_rainfall_text_count_24h,0.3567220759305385,fold1_2011_2013
M3_catboost_residual,hko_rh_trend_6h_pct,0.3566488147270656,fold1_2011_2013
M3_catboost_residual,urban_heat_index_c,0.3562240545299583,fold1_2011_2013
M3_catboost_residual,inland_nt_mean_minus_coastal_marine_mean_c,0.3379982549378194,fold1_2011_2013
M3_catboost_residual,target_lag14_tmax_c,0.3243837915740575,fold1_2011_2013
M3_catboost_residual,hko_temp_range_24h_c,0.32016774063673126,fold1_2011_2013
M3_catboost_residual,inland_heat_index_c,0.3077569786252229,fold1_2011_2013
M3_catboost_residual,fcst_flag_mist_fog,0.3014529400351476,fold1_2011_2013
M3_catboost_residual,inland_heat_index_x_warm_season,0.29963967892888893,fold1_2011_2013
M3_catboost_residual,fcst_flag_southerly,0.2987218133502886,fold1_2011_2013
M3_catboost_residual,fcst_flag_cloudy,0.2923505910790031,fold1_2011_2013
M3_catboost_residual,hours_since_latest_tropical_cyclone_text,0.2743524959231974,fold1_2011_2013
M3_catboost_residual,inland_coastal_spread_6h_max_c,0.26269435318885015,fold1_2011_2013
M3_catboost_residual,station_cheung_chau_latest_temp_c,0.2581075849909333,fold1_2011_2013
M3_catboost_residual,station_tsing_yi_latest_minus_hko_c,0.2561866992446171,fold1_2011_2013
M3_catboost_residual,target_clim_month_10yr_mean_c,0.2530344683123912,fold1_2011_2013
M3_catboost_residual,station_sai_kung_latest_temp_c,0.25170162855606815,fold1_2011_2013
M3_catboost_residual,maritime_suppression_index_c,0.2499555488110939,fold1_2011_2013
M3_catboost_residual,station_ta_kwu_ling_latest_temp_c,0.24959750452577936,fold1_2011_2013
M3_catboost_residual,target_hot_spell_33_lag2_days,0.24790051971070948,fold1_2011_2013
M3_catboost_residual,coastal_marine_latest_mean_c,0.2455632191568937,fold1_2011_2013
M3_catboost_residual,west_nw_nt_latest_max_c,0.24395048890644094,fold1_2011_2013
M3_catboost_residual,target_lag60_tmax_c,0.23882062456406136,fold1_2011_2013
M3_catboost_residual,station_hong_kong_park_latest_minus_hko_c,0.2381572544577191,fold1_2011_2013
M3_catboost_residual,network_spatial_heterogeneity_flag,0.23425289357115514,fold1_2011_2013
M3_catboost_residual,hko_station_rank_pct,0.23019812484299804,fold1_2011_2013
M3_catboost_residual,urban_core_latest_mean_minus_hko_c,0.2297526499893889,fold1_2011_2013
M3_catboost_residual,station_missing_count_latest,0.22570605611631514,fold1_2011_2013
M3_catboost_residual,station_kings_park_latest_minus_hko_c,0.22237012383238378,fold1_2011_2013
M3_catboost_residual,coastal_marine_latest_mean_minus_hko_c,0.2210719308193009,fold1_2011_2013
M3_catboost_residual,doy_sin,0.21448984051978906,fold1_2011_2013
M3_catboost_residual,hko_temp_mean_12h_c,0.20620297952120065,fold1_2011_2013
M3_catboost_residual,hours_since_latest_warning_text,0.2024017545114958,fold1_2011_2013
M3_catboost_residual,official_midpoint_c,0.19881919802014336,fold1_2011_2013
M3_catboost_residual,tc_bearing_sin_latest,0.19507000631764274,fold1_2011_2013
M3_catboost_residual,target_clim_doy_10yr_median_c,0.19029082390213792,fold1_2011_2013
M3_catboost_residual,hours_since_latest_rainfall_text,0.18831326086801423,fold1_2011_2013
M3_catboost_residual,west_nw_nt_latest_missing_fraction,0.1880179731302237,fold1_2011_2013
M3_catboost_residual,network_latest_valid_count,0.1807791356394996,fold1_2011_2013
M3_catboost_residual,hours_since_latest_lightning_text,0.17903851384998795,fold1_2011_2013
M3_catboost_residual,target_roll30_minus_doy30_clim_c,0.17484000034887776,fold1_2011_2013
M3_catboost_residual,warm_season_flag,0.17245188493575705,fold1_2011_2013
M3_catboost_residual,rev_count,0.15567921307268578,fold1_2011_2013
M3_catboost_residual,urban_core_latest_max_minus_hko_c,0.15301753895411468,fold1_2011_2013
M3_catboost_residual,hourly_any_tropical_cyclone_text_24h,0.14956712532904995,fold1_2011_2013
M3_catboost_residual,eligible_forecast_count,0.14659736265853796,fold1_2011_2013
M3_catboost_residual,hko_temp_min_24h_c,0.14282028579192677,fold1_2011_2013
M3_catboost_residual,tc_distance_to_hko_km_latest,0.13536646579179124,fold1_2011_2013
M3_catboost_residual,tc_lat_latest,0.13236905720884307,fold1_2011_2013
M3_catboost_residual,urban_core_mean_minus_coastal_marine_mean_c,0.13095676147373292,fold1_2011_2013
M3_catboost_residual,hko_dispatch_count_24h,0.12780058424409138,fold1_2011_2013
M3_catboost_residual,station_sha_tin_latest_minus_hko_c,0.1269230615773934,fold1_2011_2013
M3_catboost_residual,hko_pre_target_afternoon_max_sofar_c,0.12381983445298952,fold1_2011_2013
M3_catboost_residual,target_clim_doy_all_past_median_c,0.11645064117849882,fold1_2011_2013
M3_catboost_residual,inland_nt_max_minus_urban_core_mean_c,0.11389861797680038,fold1_2011_2013
M3_catboost_residual,rev_latest_minus_prev_min_c,0.10297217076799978,fold1_2011_2013
M3_catboost_residual,rev_num_same_moves,0.1010502771744919,fold1_2011_2013
M3_catboost_residual,inland_minus_coastal_trend_6h_c,0.09227941931025559,fold1_2011_2013
M3_catboost_residual,station_cheung_chau_latest_minus_hko_c,0.08900285085370234,fold1_2011_2013
M3_catboost_residual,hourly_warning_text_count_6h,0.08547121007989783,fold1_2011_2013
M3_catboost_residual,urban_hko_alignment_c,0.08405589883179332,fold1_2011_2013
M3_catboost_residual,inland_nt_latest_mean_c,0.08331794211927558,fold1_2011_2013
M3_catboost_residual,tc_lon_latest,0.07769383817821149,fold1_2011_2013
M3_catboost_residual,target_roll14_max_lag2_c,0.07416236389223986,fold1_2011_2013
M3_catboost_residual,forecast_revision_missing_prev_flag,0.068742222724675,fold1_2011_2013
M3_catboost_residual,station_sha_tin_latest_temp_c,0.06546063088341257,fold1_2011_2013
M3_catboost_residual,coastal_hko_alignment_c,0.062024474891301744,fold1_2011_2013
M3_catboost_residual,west_nw_nt_latest_max_minus_hko_c,0.051376168759898526,fold1_2011_2013
M3_catboost_residual,west_nw_nt_latest_mean_minus_hko_c,0.050646563239418144,fold1_2011_2013
M3_catboost_residual,station_shek_kong_latest_temp_c,0.041974140306445896,fold1_2011_2013
M3_catboost_residual,inland_nt_latest_max_c,0.03820613109125845,fold1_2011_2013
M3_catboost_residual,station_group_west_nw_nt_insufficient_count_flag,0.029212835471100415,fold1_2011_2013
M3_catboost_residual,network_latest_temp_max_c,0.021990433416652754,fold1_2011_2013
M3_catboost_residual,network_latest_valid_fraction,0.020156070895981117,fold1_2011_2013
M3_catboost_residual,post_2018_flag,0.0,fold1_2011_2013
M3_catboost_residual,rev_prev_max_c,0.0,fold1_2011_2013
M3_catboost_residual,target_clim_month_30yr_mean_c,0.0,fold1_2011_2013
M3_catboost_residual,post_2010_flag,0.0,fold1_2011_2013
M3_catboost_residual,target_roll_14_insufficient_count_flag,0.0,fold1_2011_2013
M3_catboost_residual,target_roll_7_insufficient_count_flag,0.0,fold1_2011_2013
M3_catboost_residual,rev_latest_minus_first_max_c,0.0,fold1_2011_2013
M3_catboost_residual,rev_latest_minus_prev_max_c,0.0,fold1_2011_2013
M3_catboost_residual,hko_partial_parse_count_24h,0.0,fold1_2011_2013
M3_catboost_residual,hko_pre_target_overnight_min_c,0.0,fold1_2011_2013
M3_catboost_residual,hko_pre_target_evening_temp_c,0.0,fold1_2011_2013
M3_catboost_residual,hko_evening_cooling_18_to_cutoff_c,0.0,fold1_2011_2013
M3_catboost_residual,hko_afternoon_warmup_09_to_15_c,0.0,fold1_2011_2013
M3_catboost_residual,hko_pre_target_overnight_min_c_missing_flag,0.0,fold1_2011_2013
M3_catboost_residual,hko_pre_target_morning_mean_c_missing_flag,0.0,fold1_2011_2013
M3_catboost_residual,fcst_flag_bright_periods,0.0,fold1_2011_2013
M3_catboost_residual,fcst_flag_sunny,0.0,fold1_2011_2013
M3_catboost_residual,fcst_flag_fine,0.0,fold1_2011_2013
M3_catboost_residual,network_latest_missing_count,0.0,fold1_2011_2013
M3_catboost_residual,network_latest_temp_min_c,0.0,fold1_2011_2013
M3_catboost_residual,fcst_flag_active_southerly,0.0,fold1_2011_2013
M3_catboost_residual,hko_afternoon_warmup_09_to_15_c_missing_flag,0.0,fold1_2011_2013
M3_catboost_residual,hko_evening_cooling_18_to_cutoff_c_missing_flag,0.0,fold1_2011_2013
M3_catboost_residual,hko_pre_target_evening_temp_c_missing_flag,0.0,fold1_2011_2013
M3_catboost_residual,hko_pre_target_afternoon_max_sofar_c_missing_flag,0.0,fold1_2011_2013
M3_catboost_residual,network_outlier_any_flag_24h,0.0,fold1_2011_2013
M3_catboost_residual,network_latest_temp_spread_c,0.0,fold1_2011_2013
M3_catboost_residual,fcst_flag_nt_higher,0.0,fold1_2011_2013
M3_catboost_residual,fcst_flag_heavy_showers,0.0,fold1_2011_2013
M3_catboost_residual,fcst_flag_thunderstorm,0.0,fold1_2011_2013
M3_catboost_residual,fcst_flag_squally,0.0,fold1_2011_2013
M3_catboost_residual,target_roll_30_insufficient_count_flag,0.0,fold1_2011_2013
M3_catboost_residual,target_roll_365_insufficient_count_flag,0.0,fold1_2011_2013
M3_catboost_residual,target_roll7_minus_roll30_c,0.0,fold1_2011_2013
M3_catboost_residual,target_roll_60_insufficient_count_flag,0.0,fold1_2011_2013
M3_catboost_residual,target_roll60_mean_lag2_c,0.0,fold1_2011_2013
M3_catboost_residual,fcst_flag_hot,0.0,fold1_2011_2013
M3_catboost_residual,fcst_flag_very_hot,0.0,fold1_2011_2013
M3_catboost_residual,fcst_flag_monsoon,0.0,fold1_2011_2013
M3_catboost_residual,fcst_flag_tropical_cyclone,0.0,fold1_2011_2013
M3_catboost_residual,quarter,0.0,fold1_2011_2013
M3_catboost_residual,target_cool_spell_16_lag2_days,0.0,fold1_2011_2013
M3_catboost_residual,month,0.0,fold1_2011_2013
M3_catboost_residual,forecast_anchor_tie_flag,0.0,fold1_2011_2013
M3_catboost_residual,lead_seconds_to_target_start,0.0,fold1_2011_2013
M3_catboost_residual,issue_age_minutes,0.0,fold1_2011_2013
M3_catboost_residual,issue_hour_bucket,0.0,fold1_2011_2013
M3_catboost_residual,latest_issue_is_after_23_flag,0.0,fold1_2011_2013
M3_catboost_residual,issue_minute_hkt,0.0,fold1_2011_2013
M3_catboost_residual,official_range_bin,0.0,fold1_2011_2013
M3_catboost_residual,official_max_bin,0.0,fold1_2011_2013
M3_catboost_residual,issue_hour_hkt,0.0,fold1_2011_2013
M3_catboost_residual,hko_trend_1h_missing_flag,0.0,fold1_2011_2013
M3_catboost_residual,hko_temp_trend_1h_c,0.0,fold1_2011_2013
M3_catboost_residual,hko_dewpoint_missing_flag,0.0,fold1_2011_2013
M3_catboost_residual,hko_rh_missing_flag,0.0,fold1_2011_2013
M3_catboost_residual,hko_target_station_missing_flag,0.0,fold1_2011_2013
M3_catboost_residual,hko_target_station_present_latest_flag,0.0,fold1_2011_2013
M3_catboost_residual,hko_latest_observation_hour_hkt,0.0,fold1_2011_2013
M3_catboost_residual,hko_latest_age_gt_90min_flag,0.0,fold1_2011_2013
M3_catboost_residual,hko_latest_age_minutes,0.0,fold1_2011_2013
M3_catboost_residual,station_group_inland_nt_insufficient_count_flag,0.0,fold1_2011_2013
M3_catboost_residual,inland_nt_latest_max_minus_hko_c,0.0,fold1_2011_2013
M3_catboost_residual,inland_nt_latest_missing_fraction,0.0,fold1_2011_2013
M3_catboost_residual,inland_nt_latest_count,0.0,fold1_2011_2013
M3_catboost_residual,coastal_marine_latest_missing_fraction,0.0,fold1_2011_2013
M3_catboost_residual,coastal_marine_latest_max_minus_hko_c,0.0,fold1_2011_2013
M3_catboost_residual,station_group_coastal_marine_insufficient_count_flag,0.0,fold1_2011_2013
M3_catboost_residual,network_latest_max_minus_hko_c,0.0,fold1_2011_2013
M3_catboost_residual,urban_core_latest_max_c,0.0,fold1_2011_2013
M3_catboost_residual,station_json_empty_latest_flag,0.0,fold1_2011_2013
M3_catboost_residual,coastal_marine_latest_count,0.0,fold1_2011_2013
M3_catboost_residual,coastal_marine_latest_max_c,0.0,fold1_2011_2013
M3_catboost_residual,station_group_urban_core_insufficient_count_flag,0.0,fold1_2011_2013
M3_catboost_residual,urban_core_latest_missing_fraction,0.0,fold1_2011_2013
M3_catboost_residual,urban_core_latest_count,0.0,fold1_2011_2013
M3_catboost_residual,station_hong_kong_park_missing_flag,0.0,fold1_2011_2013
M3_catboost_residual,station_kings_park_outlier_flag,0.0,fold1_2011_2013
M3_catboost_residual,station_kings_park_missing_flag,0.0,fold1_2011_2013
M3_catboost_residual,station_hong_kong_park_outlier_flag,0.0,fold1_2011_2013
M3_catboost_residual,station_chek_lap_kok_missing_flag,0.0,fold1_2011_2013
M3_catboost_residual,station_kings_park_latest_temp_c,0.0,fold1_2011_2013
M3_catboost_residual,west_nw_nt_mean_minus_coastal_marine_mean_c,0.0,fold1_2011_2013
M3_catboost_residual,urban_core_mean_minus_hko_c,0.0,fold1_2011_2013
M3_catboost_residual,station_lau_fau_shan_latest_minus_hko_c,0.0,fold1_2011_2013
M3_catboost_residual,station_ta_kwu_ling_outlier_flag,0.0,fold1_2011_2013
M3_catboost_residual,station_ta_kwu_ling_missing_flag,0.0,fold1_2011_2013
M3_catboost_residual,station_lau_fau_shan_missing_flag,0.0,fold1_2011_2013
M3_catboost_residual,station_sai_kung_outlier_flag,0.0,fold1_2011_2013
M3_catboost_residual,station_wong_chuk_hang_missing_flag,0.0,fold1_2011_2013
M3_catboost_residual,station_sai_kung_missing_flag,0.0,fold1_2011_2013
M3_catboost_residual,station_lau_fau_shan_outlier_flag,0.0,fold1_2011_2013
M3_catboost_residual,station_shek_kong_missing_flag,0.0,fold1_2011_2013
M3_catboost_residual,station_shek_kong_outlier_flag,0.0,fold1_2011_2013
M3_catboost_residual,station_tsing_yi_latest_temp_c,0.0,fold1_2011_2013
M3_catboost_residual,station_tsing_yi_missing_flag,0.0,fold1_2011_2013
M3_catboost_residual,station_tsing_yi_outlier_flag,0.0,fold1_2011_2013
M3_catboost_residual,station_tseung_kwan_o_latest_temp_c,0.0,fold1_2011_2013
M3_catboost_residual,station_wong_chuk_hang_outlier_flag,0.0,fold1_2011_2013
M3_catboost_residual,station_shek_kong_latest_minus_hko_c,0.0,fold1_2011_2013
M3_catboost_residual,station_tseung_kwan_o_missing_flag,0.0,fold1_2011_2013
M3_catboost_residual,station_tseung_kwan_o_latest_minus_hko_c,0.0,fold1_2011_2013
M3_catboost_residual,network_spread_mean_6h_c,0.0,fold1_2011_2013
M3_catboost_residual,station_tseung_kwan_o_outlier_flag,0.0,fold1_2011_2013
M3_catboost_residual,network_spread_x_thunderstorm_flag,0.0,fold1_2011_2013
M3_catboost_residual,station_chek_lap_kok_outlier_flag,0.0,fold1_2011_2013
M3_catboost_residual,station_chek_lap_kok_latest_minus_hko_c,0.0,fold1_2011_2013
M3_catboost_residual,station_chek_lap_kok_latest_temp_c,0.0,fold1_2011_2013
M3_catboost_residual,station_cheung_chau_outlier_flag,0.0,fold1_2011_2013
M3_catboost_residual,station_cheung_chau_missing_flag,0.0,fold1_2011_2013
M3_catboost_residual,station_sha_tin_missing_flag,0.0,fold1_2011_2013
M3_catboost_residual,station_sha_tin_outlier_flag,0.0,fold1_2011_2013
M3_catboost_residual,station_ta_kwu_ling_latest_minus_hko_c,0.0,fold1_2011_2013
M3_catboost_residual,hko_trend_3h_missing_flag,0.0,fold1_2011_2013
M3_catboost_residual,hko_trend_6h_missing_flag,0.0,fold1_2011_2013
M3_catboost_residual,hko_trend_12h_missing_flag,0.0,fold1_2011_2013
M3_catboost_residual,hourly_text_block_present_6h,0.0,fold1_2011_2013
M3_catboost_residual,hourly_any_rainfall_text_6h,0.0,fold1_2011_2013
M3_catboost_residual,hourly_any_lightning_text_6h,0.0,fold1_2011_2013
M3_catboost_residual,hourly_any_tropical_cyclone_text_6h,0.0,fold1_2011_2013
M3_catboost_residual,hourly_any_very_hot_warning_6h,0.0,fold1_2011_2013
M3_catboost_residual,hourly_any_strong_monsoon_6h,0.0,fold1_2011_2013
M3_catboost_residual,hourly_any_red_black_rainstorm_6h,0.0,fold1_2011_2013
M3_catboost_residual,hourly_any_amber_rainstorm_6h,0.0,fold1_2011_2013
M3_catboost_residual,network_spread_max_6h_c,0.0,fold1_2011_2013
M3_catboost_residual,hourly_any_rainstorm_warning_6h,0.0,fold1_2011_2013
M3_catboost_residual,hourly_any_thunderstorm_warning_6h,0.0,fold1_2011_2013
M3_catboost_residual,rev_path_range_c,0.0,fold1_2011_2013
M3_catboost_residual,hourly_any_strong_monsoon_24h,0.0,fold1_2011_2013
M3_catboost_residual,hourly_any_very_hot_warning_24h,0.0,fold1_2011_2013
M3_catboost_residual,hourly_lightning_text_count_6h,0.0,fold1_2011_2013
M3_catboost_residual,hourly_rainfall_text_count_6h,0.0,fold1_2011_2013
M3_catboost_residual,rev_last3_slope_c_per_hour,0.0,fold1_2011_2013
M3_catboost_residual,rev_num_down_moves,0.0,fold1_2011_2013
M3_catboost_residual,rev_num_up_moves,0.0,fold1_2011_2013
M3_catboost_residual,rev_path_std_c,0.0,fold1_2011_2013
M3_catboost_residual,rev_latest_minus_first_min_c,0.0,fold1_2011_2013
M3_catboost_residual,rev_latest3_all_same_flag,0.0,fold1_2011_2013
M3_catboost_residual,rev_first_issue_hour_hkt,0.0,fold1_2011_2013
M3_catboost_residual,rev_last_issue_hour_hkt,0.0,fold1_2011_2013
M3_catboost_residual,fcst_flag_showers,0.0,fold1_2011_2013
M3_catboost_residual,rev_range_path_std_c,0.0,fold1_2011_2013
M3_catboost_residual,rev_range_latest_minus_prev_c,0.0,fold1_2011_2013
M3_catboost_residual,hourly_any_lightning_text_24h,0.0,fold1_2011_2013
M3_catboost_residual,hourly_any_amber_rainstorm_24h,0.0,fold1_2011_2013
M3_catboost_residual,hourly_any_red_black_rainstorm_24h,0.0,fold1_2011_2013
M3_catboost_residual,hourly_any_thunderstorm_warning_24h,0.0,fold1_2011_2013
M3_catboost_residual,hourly_any_rainstorm_warning_24h,0.0,fold1_2011_2013
M3_catboost_residual,tc_name_present_latest_flag,0.0,fold1_2011_2013
M3_catboost_residual,tc_position_present_latest_flag,0.0,fold1_2011_2013
M3_catboost_residual,hourly_text_block_present_24h,0.0,fold1_2011_2013
M3_catboost_residual,hourly_lightning_text_count_24h,0.0,fold1_2011_2013
M3_catboost_residual,hourly_any_rainfall_text_24h,0.0,fold1_2011_2013
M3_catboost_residual,rev_thunderstorm_added_latest,0.0,fold1_2011_2013
M3_catboost_residual,target_modern_warming_signal_c,0.0,fold1_2011_2013
M3_catboost_residual,rev_showers_added_latest,0.0,fold1_2011_2013
M3_catboost_residual,rev_cloudy_added_latest,0.0,fold1_2011_2013
M3_catboost_residual,rev_very_hot_added_latest,0.0,fold1_2011_2013
M3_catboost_residual,rev_text_regime_changed_latest,0.0,fold1_2011_2013
M3_catboost_residual,rev_bright_periods_added_latest,0.0,fold1_2011_2013
M3_catboost_residual,forecast_single_issue_flag,0.0,fold1_2011_2013
M3_catboost_residual,forecast_full_text_missing_flag,0.0,fold1_2011_2013
M3_catboost_residual,hourly_latest_missing_flag,0.0,fold1_2011_2013
M3_catboost_residual,official_min_c,0.0,fold1_2011_2013
M3_catboost_residual,hko_latest_temp_c,0.0,fold1_2011_2013
M3_catboost_residual,tc_bearing_cos_latest,0.0,fold1_2011_2013
M3_catboost_residual,target_lag_2_missing_flag,0.0,fold1_2011_2013
M3_catboost_residual,tc_distance_missing_flag,0.0,fold1_2011_2013
M3_catboost_residual,target_lag_7_missing_flag,0.0,fold1_2011_2013
M3_catboost_residual,target_lag_14_missing_flag,0.0,fold1_2011_2013
M3_catboost_residual,target_lag_30_missing_flag,0.0,fold1_2011_2013
M3_catboost_residual,target_lag_3_missing_flag,0.0,fold1_2011_2013
M3_catboost_residual,target_lag_60_missing_flag,0.0,fold1_2011_2013
M3_catboost_residual,target_lag_365_missing_flag,0.0,fold1_2011_2013
M3_catboost_residual,cool_season_flag,0.0,fold1_2011_2013
M3_catboost_residual,hot_season_flag,0.0,fold1_2011_2013
M3_catboost_residual,typhoon_season_flag,0.0,fold1_2011_2013
M3_catboost_residual,shoulder_season_flag,0.0,fold1_2011_2013
M3_catboost_residual,target_very_hot_spell_34_lag2_days,0.0,fold1_2011_2013
M3_catboost_residual,hko_evening_temp_minus_official_min_c,0.0,fold1_2011_2013
M3_catboost_residual,nt_heat_ceiling_index_c,14.22138884448764,fold2_2014_2016
M3_catboost_residual,network_mean_trend_6h_c,5.201208718711719,fold2_2014_2016
M3_catboost_residual,target_lag2_minus_doy30_clim_c,3.858407823139504,fold2_2014_2016
M3_catboost_residual,hko_temp_trend_3h_c,3.73680688747173,fold2_2014_2016
M3_catboost_residual,hko_latest_temp_minus_official_max_c,2.6685888750839974,fold2_2014_2016
M3_catboost_residual,rev_path_max_c,2.5031082738651214,fold2_2014_2016
M3_catboost_residual,hko_temp_mean_24h_minus_doy_clim_c,2.4680348165768464,fold2_2014_2016
M3_catboost_residual,hko_temp_trend_12h_c,2.4602977013078955,fold2_2014_2016
M3_catboost_residual,official_max_minus_doy_clim30_c,2.1925994521891017,fold2_2014_2016
M3_catboost_residual,station_wong_chuk_hang_latest_minus_hko_c,2.1159329719716835,fold2_2014_2016
M3_catboost_residual,target_roll30_anomaly_lag2_c,2.0631801471615345,fold2_2014_2016
M3_catboost_residual,rev_prev_max_c,1.8728105953218022,fold2_2014_2016
M3_catboost_residual,official_max_round_c,1.6113704982447419,fold2_2014_2016
M3_catboost_residual,west_nw_nt_latest_count,1.5541817122156718,fold2_2014_2016
M3_catboost_residual,target_roll7_mean_lag2_c,1.3347394341653864,fold2_2014_2016
M3_catboost_residual,hko_rh_trend_3h_pct,1.2210399009872468,fold2_2014_2016
M3_catboost_residual,hko_temp_mean_24h_c,1.0137925874036964,fold2_2014_2016
M3_catboost_residual,target_history_max_source_date,1.0132740784100995,fold2_2014_2016
M3_catboost_residual,station_missing_count_mean_24h,0.9923036361496714,fold2_2014_2016
M3_catboost_residual,official_midpoint_minus_doy_clim30_c,0.9855939926837324,fold2_2014_2016
M3_catboost_residual,target_hot_spell_33_lag2_days,0.9789429714998161,fold2_2014_2016
M3_catboost_residual,fcst_flag_sunny,0.9301713112205695,fold2_2014_2016
M3_catboost_residual,hko_pre_target_afternoon_max_minus_official_max_c,0.9130291212036966,fold2_2014_2016
M3_catboost_residual,target_roll7_minus_roll30_c,0.8995758179209397,fold2_2014_2016
M3_catboost_residual,hko_temp_trend_6h_c,0.881366561273414,fold2_2014_2016
M3_catboost_residual,hko_latest_temp_minus_doy_hour_clim_c,0.8457468858668522,fold2_2014_2016
M3_catboost_residual,hko_latest_dewpoint_depression_c,0.7850938984985674,fold2_2014_2016
M3_catboost_residual,hourly_warning_text_count_24h,0.7805513124619543,fold2_2014_2016
M3_catboost_residual,hko_latest_temp_minus_official_min_c,0.7799129039116955,fold2_2014_2016
M3_catboost_residual,target_clim_month_10yr_std_c,0.7761816159217051,fold2_2014_2016
M3_catboost_residual,network_spread_max_24h_c,0.7206723179335416,fold2_2014_2016
M3_catboost_residual,lead_seconds_to_target_start,0.7163048267631987,fold2_2014_2016
M3_catboost_residual,rev_path_min_c,0.6867730887682677,fold2_2014_2016
M3_catboost_residual,network_latest_hko_minus_mean_c,0.6758966221995841,fold2_2014_2016
M3_catboost_residual,inland_nt_latest_mean_minus_hko_c,0.6612174546377596,fold2_2014_2016
M3_catboost_residual,hko_temp_max_24h_c,0.6518419908036678,fold2_2014_2016
M3_catboost_residual,fcst_flag_easterly_ne,0.6271246575836459,fold2_2014_2016
M3_catboost_residual,station_ta_kwu_ling_latest_temp_c,0.6086832460224763,fold2_2014_2016
M3_catboost_residual,west_nw_nt_mean_minus_coastal_marine_mean_c,0.6086816408213102,fold2_2014_2016
M3_catboost_residual,hko_latest_dewpoint_c,0.6067371876700794,fold2_2014_2016
M3_catboost_residual,target_roll30_minus_doy30_clim_c,0.5846952095710557,fold2_2014_2016
M3_catboost_residual,official_max_c,0.5624053816612946,fold2_2014_2016
M3_catboost_residual,network_latest_temp_max_c,0.5574580243010788,fold2_2014_2016
M3_catboost_residual,inland_nt_latest_mean_c,0.5402849031128101,fold2_2014_2016
M3_catboost_residual,target_clim_month_10yr_mean_c,0.5340316777429289,fold2_2014_2016
M3_catboost_residual,official_max_minus_month_clim10_c,0.5281543612222819,fold2_2014_2016
M3_catboost_residual,station_hong_kong_park_latest_minus_hko_c,0.5041098645943453,fold2_2014_2016
M3_catboost_residual,network_latest_station_count,0.49551992875402234,fold2_2014_2016
M3_catboost_residual,hko_rh_trend_6h_pct,0.4940953200510657,fold2_2014_2016
M3_catboost_residual,inland_nt_max_minus_urban_core_mean_c,0.4915413872647886,fold2_2014_2016
M3_catboost_residual,target_clim_doy_10yr_median_c,0.49032254838199835,fold2_2014_2016
M3_catboost_residual,hko_afternoon_warmup_09_to_15_c,0.48637461413868555,fold2_2014_2016
M3_catboost_residual,hko_pre_target_overnight_min_c,0.4785447408677237,fold2_2014_2016
M3_catboost_residual,inland_minus_coastal_trend_6h_c,0.4780506971697963,fold2_2014_2016
M3_catboost_residual,station_sha_tin_latest_minus_hko_c,0.47721522331244115,fold2_2014_2016
M3_catboost_residual,inland_heat_index_c,0.46774710461894103,fold2_2014_2016
M3_catboost_residual,urban_core_latest_mean_c,0.46613410310684145,fold2_2014_2016
M3_catboost_residual,target_roll30_mean_lag2_c,0.46231978122427303,fold2_2014_2016
M3_catboost_residual,hko_temp_trend_1h_c,0.452268458328386,fold2_2014_2016
M3_catboost_residual,network_latest_valid_count,0.4490198698957515,fold2_2014_2016
M3_catboost_residual,west_nw_nt_latest_mean_minus_hko_c,0.444378140500881,fold2_2014_2016
M3_catboost_residual,hko_rh_mean_6h_pct,0.4417625784175364,fold2_2014_2016
M3_catboost_residual,target_lag14_tmax_c,0.43169644947435765,fold2_2014_2016
M3_catboost_residual,tc_lon_latest,0.4188268844006644,fold2_2014_2016
M3_catboost_residual,hours_since_latest_rainfall_text,0.4072576395524439,fold2_2014_2016
M3_catboost_residual,fcst_flag_southerly,0.39839444950372704,fold2_2014_2016
M3_catboost_residual,west_nw_nt_latest_missing_fraction,0.3917018043514173,fold2_2014_2016
M3_catboost_residual,network_latest_temp_mean_c,0.3842541908986675,fold2_2014_2016
M3_catboost_residual,hko_pre_target_afternoon_max_sofar_c,0.3835293970822506,fold2_2014_2016
M3_catboost_residual,official_range_c,0.3738066458069932,fold2_2014_2016
M3_catboost_residual,rev_last_change_age_hours,0.3716095660615577,fold2_2014_2016
M3_catboost_residual,maritime_suppression_index_c,0.37154590203748916,fold2_2014_2016
M3_catboost_residual,target_lag3_tmax_c,0.3513542388553778,fold2_2014_2016
M3_catboost_residual,target_lag7_tmax_c,0.348332255850175,fold2_2014_2016
M3_catboost_residual,urban_core_latest_mean_minus_hko_c,0.3463880312544647,fold2_2014_2016
M3_catboost_residual,issue_age_minutes,0.34367992602806374,fold2_2014_2016
M3_catboost_residual,hko_station_rank_pct,0.34276967213992354,fold2_2014_2016
M3_catboost_residual,station_lau_fau_shan_latest_temp_c,0.33818129604029806,fold2_2014_2016
M3_catboost_residual,west_nw_nt_latest_max_minus_hko_c,0.3379337881564696,fold2_2014_2016
M3_catboost_residual,target_lag2_tmax_c,0.32687149099896023,fold2_2014_2016
M3_catboost_residual,target_lag60_tmax_c,0.3250896323776811,fold2_2014_2016
M3_catboost_residual,official_min_c,0.32176651061972494,fold2_2014_2016
M3_catboost_residual,target_clim_month_30yr_mean_c,0.3181195707611381,fold2_2014_2016
M3_catboost_residual,network_spread_mean_6h_c,0.3063436415741338,fold2_2014_2016
M3_catboost_residual,hko_pre_target_morning_mean_c,0.2971591801973853,fold2_2014_2016
M3_catboost_residual,hko_temp_range_24h_c,0.2928218159365876,fold2_2014_2016
M3_catboost_residual,inland_nt_mean_minus_coastal_marine_mean_c,0.2867145261016847,fold2_2014_2016
M3_catboost_residual,coastal_marine_latest_mean_c,0.2846344314038277,fold2_2014_2016
M3_catboost_residual,urban_core_latest_max_minus_hko_c,0.27665892720169105,fold2_2014_2016
M3_catboost_residual,target_clim_doy_all_past_median_c,0.27357047749985597,fold2_2014_2016
M3_catboost_residual,urban_core_mean_minus_hko_c,0.2718001335484915,fold2_2014_2016
M3_catboost_residual,target_roll365_mean_lag2_c,0.27127407297425965,fold2_2014_2016
M3_catboost_residual,fcst_flag_heavy_showers,0.26465873884412505,fold2_2014_2016
M3_catboost_residual,hours_since_latest_tropical_cyclone_text,0.2535685745854911,fold2_2014_2016
M3_catboost_residual,station_tsing_yi_latest_temp_c,0.25234776212755905,fold2_2014_2016
M3_catboost_residual,rev_num_same_moves,0.2490307761165163,fold2_2014_2016
M3_catboost_residual,official_midpoint_c,0.22038804977728962,fold2_2014_2016
M3_catboost_residual,target_roll14_max_lag2_c,0.21693246042072475,fold2_2014_2016
M3_catboost_residual,fcst_flag_monsoon,0.216561462797339,fold2_2014_2016
M3_catboost_residual,fcst_flag_fine,0.21586507084833428,fold2_2014_2016
M3_catboost_residual,rev_first_max_c,0.21390457434311339,fold2_2014_2016
M3_catboost_residual,fcst_flag_mist_fog,0.20938116800371367,fold2_2014_2016
M3_catboost_residual,trend_years_since_2000,0.20734155274847071,fold2_2014_2016
M3_catboost_residual,target_lag30_tmax_c,0.20545354965770798,fold2_2014_2016
M3_catboost_residual,network_latest_hko_percentile,0.20078303743259093,fold2_2014_2016
M3_catboost_residual,inland_nt_latest_max_c,0.20027548189939587,fold2_2014_2016
M3_catboost_residual,station_hong_kong_park_latest_temp_c,0.2001169587872168,fold2_2014_2016
M3_catboost_residual,hko_dispatch_count_24h,0.19957417792233145,fold2_2014_2016
M3_catboost_residual,hko_temp_mean_12h_c,0.19628588912357461,fold2_2014_2016
M3_catboost_residual,rev_issue_span_hours,0.1960494558971169,fold2_2014_2016
M3_catboost_residual,station_tseung_kwan_o_latest_minus_hko_c,0.19578336278766162,fold2_2014_2016
M3_catboost_residual,month,0.1904592088004229,fold2_2014_2016
M3_catboost_residual,station_sai_kung_latest_minus_hko_c,0.18122187625318398,fold2_2014_2016
M3_catboost_residual,coastal_marine_latest_mean_minus_hko_c,0.17556722168330616,fold2_2014_2016
M3_catboost_residual,rev_last3_slope_c_per_hour,0.17127780845130702,fold2_2014_2016
M3_catboost_residual,coastal_hko_alignment_c,0.16421115527549218,fold2_2014_2016
M3_catboost_residual,station_missing_count_max_24h,0.16202319383088862,fold2_2014_2016
M3_catboost_residual,tc_distance_to_hko_km_latest,0.1618210294152049,fold2_2014_2016
M3_catboost_residual,station_kings_park_latest_temp_c,0.15472916828702438,fold2_2014_2016
M3_catboost_residual,station_cheung_chau_latest_temp_c,0.1517440887003212,fold2_2014_2016
M3_catboost_residual,west_nw_nt_latest_max_c,0.151406348659499,fold2_2014_2016
M3_catboost_residual,target_roll7_max_lag2_c,0.14601307222223023,fold2_2014_2016
M3_catboost_residual,tc_bearing_cos_latest,0.14163453651121674,fold2_2014_2016
M3_catboost_residual,station_cheung_chau_latest_minus_hko_c,0.1392401051737439,fold2_2014_2016
M3_catboost_residual,shoulder_season_flag,0.1363164191906446,fold2_2014_2016
M3_catboost_residual,issue_minute_hkt,0.13599211720830193,fold2_2014_2016
M3_catboost_residual,west_nw_nt_latest_mean_c,0.12997025482955532,fold2_2014_2016
M3_catboost_residual,doy_sin,0.12854562597293467,fold2_2014_2016
M3_catboost_residual,network_spread_x_thunderstorm_flag,0.11902269252758099,fold2_2014_2016
M3_catboost_residual,station_kings_park_latest_minus_hko_c,0.113642988781164,fold2_2014_2016
M3_catboost_residual,coastal_marine_latest_max_minus_hko_c,0.11341405827165299,fold2_2014_2016
M3_catboost_residual,urban_heat_index_c,0.10850692108081754,fold2_2014_2016
M3_catboost_residual,hko_rh_mean_24h_pct,0.10776484307515173,fold2_2014_2016
M3_catboost_residual,rev_latest_minus_prev_max_c,0.10532242143208537,fold2_2014_2016
M3_catboost_residual,urban_core_latest_count,0.1020558170440686,fold2_2014_2016
M3_catboost_residual,coastal_marine_mean_minus_hko_c,0.10159360558078076,fold2_2014_2016
M3_catboost_residual,hourly_any_very_hot_warning_24h,0.10135255952170902,fold2_2014_2016
M3_catboost_residual,hours_since_latest_lightning_text,0.10088314816818608,fold2_2014_2016
M3_catboost_residual,coastal_marine_latest_count,0.10019470514416093,fold2_2014_2016
M3_catboost_residual,tc_lat_latest,0.09952759129298129,fold2_2014_2016
M3_catboost_residual,station_shek_kong_latest_temp_c,0.0891329918795877,fold2_2014_2016
M3_catboost_residual,target_roll60_mean_lag2_c,0.08626791472738016,fold2_2014_2016
M3_catboost_residual,hko_rh_mean_12h_pct,0.08157222636346215,fold2_2014_2016
M3_catboost_residual,hourly_any_red_black_rainstorm_24h,0.07993541916708677,fold2_2014_2016
M3_catboost_residual,network_latest_valid_fraction,0.07643192261236727,fold2_2014_2016
M3_catboost_residual,rev_count,0.07521580627512992,fold2_2014_2016
M3_catboost_residual,target_lag365_tmax_c,0.06149860614469073,fold2_2014_2016
M3_catboost_residual,day_of_year,0.053935460386827574,fold2_2014_2016
M3_catboost_residual,hourly_rainfall_text_count_24h,0.04451264641972031,fold2_2014_2016
M3_catboost_residual,hourly_rainfall_text_count_6h,0.03805347205762614,fold2_2014_2016
M3_catboost_residual,hko_target_station_missing_flag,0.0,fold2_2014_2016
M3_catboost_residual,hko_latest_observation_hour_hkt,0.0,fold2_2014_2016
M3_catboost_residual,hko_latest_age_gt_90min_flag,0.0,fold2_2014_2016
M3_catboost_residual,rev_very_hot_added_latest,0.0,fold2_2014_2016
M3_catboost_residual,rev_cloudy_added_latest,0.0,fold2_2014_2016
M3_catboost_residual,rev_bright_periods_added_latest,0.0,fold2_2014_2016
M3_catboost_residual,rev_text_regime_changed_latest,0.0,fold2_2014_2016
M3_catboost_residual,hko_pre_target_afternoon_max_sofar_c_missing_flag,0.0,fold2_2014_2016
M3_catboost_residual,hko_target_station_present_latest_flag,0.0,fold2_2014_2016
M3_catboost_residual,hko_latest_age_minutes,0.0,fold2_2014_2016
M3_catboost_residual,hko_latest_rh_pct,0.0,fold2_2014_2016
M3_catboost_residual,hko_temp_mean_6h_c,0.0,fold2_2014_2016
M3_catboost_residual,hko_temp_min_24h_c,0.0,fold2_2014_2016
M3_catboost_residual,fcst_flag_tropical_cyclone,0.0,fold2_2014_2016
M3_catboost_residual,fcst_flag_hot,0.0,fold2_2014_2016
M3_catboost_residual,fcst_flag_very_hot,0.0,fold2_2014_2016
M3_catboost_residual,fcst_flag_cloudy,0.0,fold2_2014_2016
M3_catboost_residual,fcst_flag_squally,0.0,fold2_2014_2016
M3_catboost_residual,fcst_flag_bright_periods,0.0,fold2_2014_2016
M3_catboost_residual,hko_partial_parse_count_24h,0.0,fold2_2014_2016
M3_catboost_residual,fcst_flag_thunderstorm,0.0,fold2_2014_2016
M3_catboost_residual,hko_dewpoint_missing_flag,0.0,fold2_2014_2016
M3_catboost_residual,hko_rh_missing_flag,0.0,fold2_2014_2016
M3_catboost_residual,hko_trend_1h_missing_flag,0.0,fold2_2014_2016
M3_catboost_residual,hko_trend_3h_missing_flag,0.0,fold2_2014_2016
M3_catboost_residual,hko_trend_12h_missing_flag,0.0,fold2_2014_2016
M3_catboost_residual,hko_trend_6h_missing_flag,0.0,fold2_2014_2016
M3_catboost_residual,forecast_revision_missing_prev_flag,0.0,fold2_2014_2016
M3_catboost_residual,eligible_forecast_count,0.0,fold2_2014_2016
M3_catboost_residual,hko_latest_temp_c,0.0,fold2_2014_2016
M3_catboost_residual,hourly_latest_missing_flag,0.0,fold2_2014_2016
M3_catboost_residual,forecast_full_text_missing_flag,0.0,fold2_2014_2016
M3_catboost_residual,forecast_single_issue_flag,0.0,fold2_2014_2016
M3_catboost_residual,rev_thunderstorm_added_latest,0.0,fold2_2014_2016
M3_catboost_residual,rev_showers_added_latest,0.0,fold2_2014_2016
M3_catboost_residual,target_clim_doy_30yr_median_c,0.0,fold2_2014_2016
M3_catboost_residual,target_modern_warming_signal_c,0.0,fold2_2014_2016
M3_catboost_residual,target_cool_spell_16_lag2_days,0.0,fold2_2014_2016
M3_catboost_residual,latest_issue_is_after_23_flag,0.0,fold2_2014_2016
M3_catboost_residual,issue_hour_bucket,0.0,fold2_2014_2016
M3_catboost_residual,issue_hour_hkt,0.0,fold2_2014_2016
M3_catboost_residual,quarter,0.0,fold2_2014_2016
M3_catboost_residual,forecast_anchor_tie_flag,0.0,fold2_2014_2016
M3_catboost_residual,official_range_bin,0.0,fold2_2014_2016
M3_catboost_residual,official_max_bin,0.0,fold2_2014_2016
M3_catboost_residual,station_chek_lap_kok_outlier_flag,0.0,fold2_2014_2016
M3_catboost_residual,station_chek_lap_kok_missing_flag,0.0,fold2_2014_2016
M3_catboost_residual,station_chek_lap_kok_latest_minus_hko_c,0.0,fold2_2014_2016
M3_catboost_residual,station_chek_lap_kok_latest_temp_c,0.0,fold2_2014_2016
M3_catboost_residual,station_hong_kong_park_missing_flag,0.0,fold2_2014_2016
M3_catboost_residual,station_hong_kong_park_outlier_flag,0.0,fold2_2014_2016
M3_catboost_residual,station_kings_park_missing_flag,0.0,fold2_2014_2016
M3_catboost_residual,station_kings_park_outlier_flag,0.0,fold2_2014_2016
M3_catboost_residual,urban_hko_alignment_c,0.0,fold2_2014_2016
M3_catboost_residual,station_group_inland_nt_insufficient_count_flag,0.0,fold2_2014_2016
M3_catboost_residual,inland_nt_latest_missing_fraction,0.0,fold2_2014_2016
M3_catboost_residual,inland_nt_latest_count,0.0,fold2_2014_2016
M3_catboost_residual,station_group_coastal_marine_insufficient_count_flag,0.0,fold2_2014_2016
M3_catboost_residual,inland_nt_latest_max_minus_hko_c,0.0,fold2_2014_2016
M3_catboost_residual,station_group_west_nw_nt_insufficient_count_flag,0.0,fold2_2014_2016
M3_catboost_residual,urban_core_mean_minus_coastal_marine_mean_c,0.0,fold2_2014_2016
M3_catboost_residual,network_latest_temp_spread_c,0.0,fold2_2014_2016
M3_catboost_residual,network_latest_temp_min_c,0.0,fold2_2014_2016
M3_catboost_residual,network_latest_missing_count,0.0,fold2_2014_2016
M3_catboost_residual,hko_afternoon_warmup_09_to_15_c_missing_flag,0.0,fold2_2014_2016
M3_catboost_residual,hko_pre_target_evening_temp_c_missing_flag,0.0,fold2_2014_2016
M3_catboost_residual,hko_evening_cooling_18_to_cutoff_c_missing_flag,0.0,fold2_2014_2016
M3_catboost_residual,hko_pre_target_morning_mean_c_missing_flag,0.0,fold2_2014_2016
M3_catboost_residual,network_latest_max_minus_hko_c,0.0,fold2_2014_2016
M3_catboost_residual,urban_core_latest_max_c,0.0,fold2_2014_2016
M3_catboost_residual,station_missing_count_latest,0.0,fold2_2014_2016
M3_catboost_residual,station_json_empty_latest_flag,0.0,fold2_2014_2016
M3_catboost_residual,network_outlier_any_flag_24h,0.0,fold2_2014_2016
M3_catboost_residual,station_group_urban_core_insufficient_count_flag,0.0,fold2_2014_2016
M3_catboost_residual,urban_core_latest_missing_fraction,0.0,fold2_2014_2016
M3_catboost_residual,coastal_marine_latest_max_c,0.0,fold2_2014_2016
M3_catboost_residual,coastal_marine_latest_missing_fraction,0.0,fold2_2014_2016
M3_catboost_residual,hko_pre_target_evening_temp_c,0.0,fold2_2014_2016
M3_catboost_residual,fcst_flag_nt_higher,0.0,fold2_2014_2016
M3_catboost_residual,hko_pre_target_overnight_min_c_missing_flag,0.0,fold2_2014_2016
M3_catboost_residual,hko_evening_cooling_18_to_cutoff_c,0.0,fold2_2014_2016
M3_catboost_residual,fcst_flag_active_southerly,0.0,fold2_2014_2016
M3_catboost_residual,station_tsing_yi_missing_flag,0.0,fold2_2014_2016
M3_catboost_residual,station_shek_kong_missing_flag,0.0,fold2_2014_2016
M3_catboost_residual,rev_num_down_moves,0.0,fold2_2014_2016
M3_catboost_residual,station_tseung_kwan_o_outlier_flag,0.0,fold2_2014_2016
M3_catboost_residual,station_tseung_kwan_o_missing_flag,0.0,fold2_2014_2016
M3_catboost_residual,station_tseung_kwan_o_latest_temp_c,0.0,fold2_2014_2016
M3_catboost_residual,station_tsing_yi_outlier_flag,0.0,fold2_2014_2016
M3_catboost_residual,station_tsing_yi_latest_minus_hko_c,0.0,fold2_2014_2016
M3_catboost_residual,station_ta_kwu_ling_missing_flag,0.0,fold2_2014_2016
M3_catboost_residual,station_sha_tin_missing_flag,0.0,fold2_2014_2016
M3_catboost_residual,station_cheung_chau_missing_flag,0.0,fold2_2014_2016
M3_catboost_residual,station_sai_kung_missing_flag,0.0,fold2_2014_2016
M3_catboost_residual,station_sai_kung_latest_temp_c,0.0,fold2_2014_2016
M3_catboost_residual,station_lau_fau_shan_outlier_flag,0.0,fold2_2014_2016
M3_catboost_residual,station_sai_kung_outlier_flag,0.0,fold2_2014_2016
M3_catboost_residual,station_wong_chuk_hang_outlier_flag,0.0,fold2_2014_2016
M3_catboost_residual,station_shek_kong_latest_minus_hko_c,0.0,fold2_2014_2016
M3_catboost_residual,station_wong_chuk_hang_missing_flag,0.0,fold2_2014_2016
M3_catboost_residual,station_wong_chuk_hang_latest_temp_c,0.0,fold2_2014_2016
M3_catboost_residual,station_shek_kong_outlier_flag,0.0,fold2_2014_2016
M3_catboost_residual,station_ta_kwu_ling_latest_minus_hko_c,0.0,fold2_2014_2016
M3_catboost_residual,station_lau_fau_shan_latest_minus_hko_c,0.0,fold2_2014_2016
M3_catboost_residual,station_ta_kwu_ling_outlier_flag,0.0,fold2_2014_2016
M3_catboost_residual,station_lau_fau_shan_missing_flag,0.0,fold2_2014_2016
M3_catboost_residual,station_sha_tin_outlier_flag,0.0,fold2_2014_2016
M3_catboost_residual,station_cheung_chau_outlier_flag,0.0,fold2_2014_2016
M3_catboost_residual,station_sha_tin_latest_temp_c,0.0,fold2_2014_2016
M3_catboost_residual,hourly_any_rainfall_text_6h,0.0,fold2_2014_2016
M3_catboost_residual,hourly_any_lightning_text_6h,0.0,fold2_2014_2016
M3_catboost_residual,hourly_any_tropical_cyclone_text_6h,0.0,fold2_2014_2016
M3_catboost_residual,hourly_any_strong_monsoon_6h,0.0,fold2_2014_2016
M3_catboost_residual,hourly_any_very_hot_warning_6h,0.0,fold2_2014_2016
M3_catboost_residual,hourly_any_red_black_rainstorm_6h,0.0,fold2_2014_2016
M3_catboost_residual,hourly_any_amber_rainstorm_6h,0.0,fold2_2014_2016
M3_catboost_residual,hourly_any_rainstorm_warning_6h,0.0,fold2_2014_2016
M3_catboost_residual,hourly_any_thunderstorm_warning_6h,0.0,fold2_2014_2016
M3_catboost_residual,inland_heat_index_x_warm_season,0.0,fold2_2014_2016
M3_catboost_residual,network_spatial_heterogeneity_flag,0.0,fold2_2014_2016
M3_catboost_residual,inland_coastal_spread_6h_max_c,0.0,fold2_2014_2016
M3_catboost_residual,network_spread_max_6h_c,0.0,fold2_2014_2016
M3_catboost_residual,rev_range_latest_minus_prev_c,0.0,fold2_2014_2016
M3_catboost_residual,rev_range_path_std_c,0.0,fold2_2014_2016
M3_catboost_residual,fcst_flag_showers,0.0,fold2_2014_2016
M3_catboost_residual,rev_path_range_c,0.0,fold2_2014_2016
M3_catboost_residual,rev_path_std_c,0.0,fold2_2014_2016
M3_catboost_residual,rev_num_up_moves,0.0,fold2_2014_2016
M3_catboost_residual,rev_latest_minus_first_min_c,0.0,fold2_2014_2016
M3_catboost_residual,rev_latest_minus_prev_min_c,0.0,fold2_2014_2016
M3_catboost_residual,rev_last_issue_hour_hkt,0.0,fold2_2014_2016
M3_catboost_residual,rev_first_issue_hour_hkt,0.0,fold2_2014_2016
M3_catboost_residual,rev_latest3_all_same_flag,0.0,fold2_2014_2016
M3_catboost_residual,hourly_lightning_text_count_24h,0.0,fold2_2014_2016
M3_catboost_residual,hourly_text_block_present_24h,0.0,fold2_2014_2016
M3_catboost_residual,hourly_any_rainfall_text_24h,0.0,fold2_2014_2016
M3_catboost_residual,hourly_any_lightning_text_24h,0.0,fold2_2014_2016
M3_catboost_residual,hourly_lightning_text_count_6h,0.0,fold2_2014_2016
M3_catboost_residual,hourly_any_thunderstorm_warning_24h,0.0,fold2_2014_2016
M3_catboost_residual,hourly_warning_text_count_6h,0.0,fold2_2014_2016
M3_catboost_residual,hourly_text_block_present_6h,0.0,fold2_2014_2016
M3_catboost_residual,target_lag_7_missing_flag,0.0,fold2_2014_2016
M3_catboost_residual,target_lag_3_missing_flag,0.0,fold2_2014_2016
M3_catboost_residual,tc_distance_missing_flag,0.0,fold2_2014_2016
M3_catboost_residual,target_lag_2_missing_flag,0.0,fold2_2014_2016
M3_catboost_residual,tc_name_present_latest_flag,0.0,fold2_2014_2016
M3_catboost_residual,hours_since_latest_warning_text,0.0,fold2_2014_2016
M3_catboost_residual,tc_position_present_latest_flag,0.0,fold2_2014_2016
M3_catboost_residual,tc_bearing_sin_latest,0.0,fold2_2014_2016
M3_catboost_residual,hourly_any_amber_rainstorm_24h,0.0,fold2_2014_2016
M3_catboost_residual,hourly_any_rainstorm_warning_24h,0.0,fold2_2014_2016
M3_catboost_residual,hourly_any_tropical_cyclone_text_24h,0.0,fold2_2014_2016
M3_catboost_residual,hourly_any_strong_monsoon_24h,0.0,fold2_2014_2016
M3_catboost_residual,doy_cos,0.0,fold2_2014_2016
M3_catboost_residual,target_lag_60_missing_flag,0.0,fold2_2014_2016
M3_catboost_residual,target_lag_30_missing_flag,0.0,fold2_2014_2016
M3_catboost_residual,target_lag_14_missing_flag,0.0,fold2_2014_2016
M3_catboost_residual,post_2018_flag,0.0,fold2_2014_2016
M3_catboost_residual,post_2010_flag,0.0,fold2_2014_2016
M3_catboost_residual,hot_season_flag,0.0,fold2_2014_2016
M3_catboost_residual,typhoon_season_flag,0.0,fold2_2014_2016
M3_catboost_residual,cool_season_flag,0.0,fold2_2014_2016
M3_catboost_residual,warm_season_flag,0.0,fold2_2014_2016
M3_catboost_residual,target_lag_365_missing_flag,0.0,fold2_2014_2016
M3_catboost_residual,rev_latest_minus_first_max_c,0.0,fold2_2014_2016
M3_catboost_residual,target_roll14_mean_lag2_c,0.0,fold2_2014_2016
M3_catboost_residual,target_roll_7_insufficient_count_flag,0.0,fold2_2014_2016
M3_catboost_residual,target_roll_30_insufficient_count_flag,0.0,fold2_2014_2016
M3_catboost_residual,target_roll_14_insufficient_count_flag,0.0,fold2_2014_2016
M3_catboost_residual,target_roll_60_insufficient_count_flag,0.0,fold2_2014_2016
M3_catboost_residual,target_roll_365_insufficient_count_flag,0.0,fold2_2014_2016
M3_catboost_residual,target_very_hot_spell_34_lag2_days,0.0,fold2_2014_2016
M3_catboost_residual,hko_evening_temp_minus_official_min_c,0.0,fold2_2014_2016
M3_catboost_residual,nt_heat_ceiling_index_c,12.68126300507402,fold3_2017_2019
M3_catboost_residual,network_mean_trend_6h_c,5.620223846941033,fold3_2017_2019
M3_catboost_residual,hko_latest_temp_minus_official_max_c,4.643413763924068,fold3_2017_2019
M3_catboost_residual,hko_temp_trend_3h_c,3.96019896756052,fold3_2017_2019
M3_catboost_residual,target_roll30_anomaly_lag2_c,3.471409547784874,fold3_2017_2019
M3_catboost_residual,hko_temp_trend_12h_c,3.348387630314997,fold3_2017_2019
M3_catboost_residual,official_max_c,2.100182134855676,fold3_2017_2019
M3_catboost_residual,hko_rh_trend_3h_pct,1.9332068611567232,fold3_2017_2019
M3_catboost_residual,hko_pre_target_afternoon_max_minus_official_max_c,1.698483508222975,fold3_2017_2019
M3_catboost_residual,inland_nt_latest_mean_minus_hko_c,1.6637967072574247,fold3_2017_2019
M3_catboost_residual,official_max_minus_doy_clim30_c,1.6195458611195228,fold3_2017_2019
M3_catboost_residual,target_lag2_tmax_c,1.4123917897099052,fold3_2017_2019
M3_catboost_residual,station_wong_chuk_hang_latest_minus_hko_c,1.3868517052146856,fold3_2017_2019
M3_catboost_residual,hko_temp_trend_1h_c,1.349814849210554,fold3_2017_2019
M3_catboost_residual,official_midpoint_minus_doy_clim30_c,1.3062465235152818,fold3_2017_2019
M3_catboost_residual,target_roll7_mean_lag2_c,1.2861738203025106,fold3_2017_2019
M3_catboost_residual,target_hot_spell_33_lag2_days,1.2649016716047925,fold3_2017_2019
M3_catboost_residual,hko_temp_mean_24h_c,1.1834246926076517,fold3_2017_2019
M3_catboost_residual,target_lag3_tmax_c,1.1459171453663677,fold3_2017_2019
M3_catboost_residual,rev_path_min_c,1.1397093532849605,fold3_2017_2019
M3_catboost_residual,official_max_minus_month_clim10_c,1.1324200010955274,fold3_2017_2019
M3_catboost_residual,hko_temp_mean_24h_minus_doy_clim_c,1.1222756471727129,fold3_2017_2019
M3_catboost_residual,hourly_warning_text_count_24h,1.1152230108815513,fold3_2017_2019
M3_catboost_residual,target_lag2_minus_doy30_clim_c,1.0675981988380925,fold3_2017_2019
M3_catboost_residual,hko_rh_mean_6h_pct,1.0022646803238346,fold3_2017_2019
M3_catboost_residual,station_hong_kong_park_latest_minus_hko_c,0.9788731266696588,fold3_2017_2019
M3_catboost_residual,target_history_max_source_date,0.9669006445845472,fold3_2017_2019
M3_catboost_residual,target_lag60_tmax_c,0.9454297525497348,fold3_2017_2019
M3_catboost_residual,rev_path_max_c,0.9191534073592234,fold3_2017_2019
M3_catboost_residual,west_nw_nt_latest_count,0.9160870751562098,fold3_2017_2019
M3_catboost_residual,rev_last_change_age_hours,0.8760500608548675,fold3_2017_2019
M3_catboost_residual,network_latest_station_count,0.8378565133870973,fold3_2017_2019
M3_catboost_residual,urban_core_mean_minus_hko_c,0.8188040182761305,fold3_2017_2019
M3_catboost_residual,trend_years_since_2000,0.8127372827733761,fold3_2017_2019
M3_catboost_residual,hours_since_latest_rainfall_text,0.8030886972006026,fold3_2017_2019
M3_catboost_residual,official_max_round_c,0.7868084165916447,fold3_2017_2019
M3_catboost_residual,station_sai_kung_latest_minus_hko_c,0.7568105406072373,fold3_2017_2019
M3_catboost_residual,station_sha_tin_latest_minus_hko_c,0.6736007370208983,fold3_2017_2019
M3_catboost_residual,hko_pre_target_morning_mean_c,0.6387402046935003,fold3_2017_2019
M3_catboost_residual,rev_prev_max_c,0.6215329885691084,fold3_2017_2019
M3_catboost_residual,tc_lat_latest,0.6040142211699262,fold3_2017_2019
M3_catboost_residual,hko_latest_temp_minus_doy_hour_clim_c,0.5994608307916485,fold3_2017_2019
M3_catboost_residual,network_spread_mean_6h_c,0.5985091779450114,fold3_2017_2019
M3_catboost_residual,west_nw_nt_latest_missing_fraction,0.593134572405571,fold3_2017_2019
M3_catboost_residual,hours_since_latest_tropical_cyclone_text,0.5817626095296378,fold3_2017_2019
M3_catboost_residual,hko_rh_trend_6h_pct,0.5566876128476602,fold3_2017_2019
M3_catboost_residual,hko_latest_dewpoint_c,0.5557616675161481,fold3_2017_2019
M3_catboost_residual,network_latest_hko_minus_mean_c,0.5302759579716749,fold3_2017_2019
M3_catboost_residual,hko_station_rank_pct,0.5245557767589257,fold3_2017_2019
M3_catboost_residual,target_clim_month_10yr_mean_c,0.5174695323429289,fold3_2017_2019
M3_catboost_residual,inland_minus_coastal_trend_6h_c,0.5071836251659375,fold3_2017_2019
M3_catboost_residual,day_of_year,0.4975142197708923,fold3_2017_2019
M3_catboost_residual,station_lau_fau_shan_latest_temp_c,0.49633991224927293,fold3_2017_2019
M3_catboost_residual,station_ta_kwu_ling_latest_temp_c,0.47506331233152416,fold3_2017_2019
M3_catboost_residual,urban_core_latest_mean_minus_hko_c,0.47132303126141906,fold3_2017_2019
M3_catboost_residual,fcst_flag_easterly_ne,0.4680407727651453,fold3_2017_2019
M3_catboost_residual,west_nw_nt_latest_mean_c,0.4679476706304565,fold3_2017_2019
M3_catboost_residual,fcst_flag_southerly,0.4495431446821551,fold3_2017_2019
M3_catboost_residual,hko_rh_mean_12h_pct,0.4483576047270302,fold3_2017_2019
M3_catboost_residual,inland_heat_index_x_warm_season,0.4384691406476196,fold3_2017_2019
M3_catboost_residual,inland_coastal_spread_6h_max_c,0.4370060009336248,fold3_2017_2019
M3_catboost_residual,hourly_lightning_text_count_6h,0.43638763061270774,fold3_2017_2019
M3_catboost_residual,coastal_marine_mean_minus_hko_c,0.43367734855655454,fold3_2017_2019
M3_catboost_residual,inland_nt_mean_minus_coastal_marine_mean_c,0.415711572096734,fold3_2017_2019
M3_catboost_residual,hko_rh_mean_24h_pct,0.4001802740257309,fold3_2017_2019
M3_catboost_residual,target_lag365_tmax_c,0.3972812899057956,fold3_2017_2019
M3_catboost_residual,station_shek_kong_latest_minus_hko_c,0.37170614352469233,fold3_2017_2019
M3_catboost_residual,tc_bearing_cos_latest,0.3715740063937624,fold3_2017_2019
M3_catboost_residual,target_lag14_tmax_c,0.3688522406303124,fold3_2017_2019
M3_catboost_residual,hko_afternoon_warmup_09_to_15_c,0.3652345236545168,fold3_2017_2019
M3_catboost_residual,network_latest_valid_count,0.3605355850456385,fold3_2017_2019
M3_catboost_residual,station_ta_kwu_ling_latest_minus_hko_c,0.35115077921578675,fold3_2017_2019
M3_catboost_residual,hko_latest_temp_minus_official_min_c,0.34801486662537906,fold3_2017_2019
M3_catboost_residual,target_roll14_mean_lag2_c,0.3422895201534667,fold3_2017_2019
M3_catboost_residual,hko_dispatch_count_24h,0.32721710230901524,fold3_2017_2019
M3_catboost_residual,west_nw_nt_latest_max_minus_hko_c,0.31896773620148644,fold3_2017_2019
M3_catboost_residual,rev_last3_slope_c_per_hour,0.3186845953151727,fold3_2017_2019
M3_catboost_residual,urban_core_mean_minus_coastal_marine_mean_c,0.3185330761253885,fold3_2017_2019
M3_catboost_residual,maritime_suppression_index_c,0.31660262869359695,fold3_2017_2019
M3_catboost_residual,network_latest_hko_percentile,0.31448458416730807,fold3_2017_2019
M3_catboost_residual,fcst_flag_sunny,0.311831329214433,fold3_2017_2019
M3_catboost_residual,target_roll30_mean_lag2_c,0.31006778695532566,fold3_2017_2019
M3_catboost_residual,west_nw_nt_latest_mean_minus_hko_c,0.3070209511984796,fold3_2017_2019
M3_catboost_residual,west_nw_nt_mean_minus_coastal_marine_mean_c,0.28903314312200923,fold3_2017_2019
M3_catboost_residual,network_spread_max_24h_c,0.28196027720589506,fold3_2017_2019
M3_catboost_residual,coastal_marine_latest_count,0.28103195022102073,fold3_2017_2019
M3_catboost_residual,inland_nt_latest_max_c,0.2770012902376808,fold3_2017_2019
M3_catboost_residual,station_missing_count_max_24h,0.2606097939090989,fold3_2017_2019
M3_catboost_residual,target_roll30_minus_doy30_clim_c,0.2504356317836503,fold3_2017_2019
M3_catboost_residual,fcst_flag_showers,0.24183383814864318,fold3_2017_2019
M3_catboost_residual,hours_since_latest_lightning_text,0.23784598239663,fold3_2017_2019
M3_catboost_residual,hourly_rainfall_text_count_6h,0.23630012598643635,fold3_2017_2019
M3_catboost_residual,hourly_rainfall_text_count_24h,0.22755452483714972,fold3_2017_2019
M3_catboost_residual,network_latest_temp_min_c,0.21642182305684352,fold3_2017_2019
M3_catboost_residual,station_missing_count_latest,0.215951398121184,fold3_2017_2019
M3_catboost_residual,hko_temp_max_24h_c,0.21060256382925283,fold3_2017_2019
M3_catboost_residual,station_missing_count_mean_24h,0.20881970399473376,fold3_2017_2019
M3_catboost_residual,tc_position_present_latest_flag,0.20424949033513276,fold3_2017_2019
M3_catboost_residual,network_latest_missing_count,0.20211751891091093,fold3_2017_2019
M3_catboost_residual,target_modern_warming_signal_c,0.20014426661535173,fold3_2017_2019
M3_catboost_residual,issue_minute_hkt,0.19848498672818393,fold3_2017_2019
M3_catboost_residual,hours_since_latest_warning_text,0.19686869459449527,fold3_2017_2019
M3_catboost_residual,coastal_marine_latest_max_c,0.19358112489866483,fold3_2017_2019
M3_catboost_residual,official_midpoint_c,0.18457972528473146,fold3_2017_2019
M3_catboost_residual,target_roll14_max_lag2_c,0.18414027553486564,fold3_2017_2019
M3_catboost_residual,station_sai_kung_latest_temp_c,0.1812151917863024,fold3_2017_2019
M3_catboost_residual,official_range_c,0.1796056479521704,fold3_2017_2019
M3_catboost_residual,station_cheung_chau_latest_minus_hko_c,0.17957158105262797,fold3_2017_2019
M3_catboost_residual,inland_nt_latest_max_minus_hko_c,0.165183022324171,fold3_2017_2019
M3_catboost_residual,hko_temp_trend_6h_c,0.1646541084904903,fold3_2017_2019
M3_catboost_residual,station_shek_kong_latest_temp_c,0.15631993236297148,fold3_2017_2019
M3_catboost_residual,network_latest_temp_max_c,0.14650751526208902,fold3_2017_2019
M3_catboost_residual,target_clim_doy_10yr_median_c,0.14202279637974166,fold3_2017_2019
M3_catboost_residual,station_chek_lap_kok_latest_temp_c,0.13902916615358288,fold3_2017_2019
M3_catboost_residual,target_roll7_max_lag2_c,0.13890533433833108,fold3_2017_2019
M3_catboost_residual,hko_temp_mean_12h_c,0.13635302554382409,fold3_2017_2019
M3_catboost_residual,coastal_marine_latest_mean_minus_hko_c,0.13568359726108828,fold3_2017_2019
M3_catboost_residual,urban_hko_alignment_c,0.13482754418078344,fold3_2017_2019
M3_catboost_residual,rev_issue_span_hours,0.12988087002212373,fold3_2017_2019
M3_catboost_residual,eligible_forecast_count,0.12754453647144873,fold3_2017_2019
M3_catboost_residual,target_lag7_tmax_c,0.12003886020333208,fold3_2017_2019
M3_catboost_residual,hko_pre_target_afternoon_max_sofar_c,0.11950297685338561,fold3_2017_2019
M3_catboost_residual,inland_nt_max_minus_urban_core_mean_c,0.11890605916358649,fold3_2017_2019
M3_catboost_residual,hko_latest_dewpoint_depression_c,0.10496453748378785,fold3_2017_2019
M3_catboost_residual,hko_temp_min_24h_c,0.10272271953663802,fold3_2017_2019
M3_catboost_residual,fcst_flag_nt_higher,0.10180927501314108,fold3_2017_2019
M3_catboost_residual,urban_heat_index_c,0.1005054278145875,fold3_2017_2019
M3_catboost_residual,hourly_any_thunderstorm_warning_6h,0.09833067237778255,fold3_2017_2019
M3_catboost_residual,west_nw_nt_latest_max_c,0.09800638934298007,fold3_2017_2019
M3_catboost_residual,network_latest_temp_mean_c,0.09687310205708531,fold3_2017_2019
M3_catboost_residual,hko_temp_range_24h_c,0.08834819766269046,fold3_2017_2019
M3_catboost_residual,month,0.08456722762826704,fold3_2017_2019
M3_catboost_residual,station_hong_kong_park_missing_flag,0.08254590363721372,fold3_2017_2019
M3_catboost_residual,station_hong_kong_park_latest_temp_c,0.07654035126739328,fold3_2017_2019
M3_catboost_residual,rev_first_max_c,0.07594319055995562,fold3_2017_2019
M3_catboost_residual,hko_latest_rh_pct,0.07593593022444252,fold3_2017_2019
M3_catboost_residual,station_wong_chuk_hang_latest_temp_c,0.06789803546076192,fold3_2017_2019
M3_catboost_residual,hko_temp_mean_6h_c,0.06679927442313002,fold3_2017_2019
M3_catboost_residual,network_latest_valid_fraction,0.06661835986294282,fold3_2017_2019
M3_catboost_residual,network_spread_max_6h_c,0.06589101006203053,fold3_2017_2019
M3_catboost_residual,network_latest_max_minus_hko_c,0.06361517683546776,fold3_2017_2019
M3_catboost_residual,coastal_marine_latest_max_minus_hko_c,0.06290681307992589,fold3_2017_2019
M3_catboost_residual,target_roll60_mean_lag2_c,0.06154529220181443,fold3_2017_2019
M3_catboost_residual,quarter,0.061183719127119576,fold3_2017_2019
M3_catboost_residual,official_min_c,0.03682316747046831,fold3_2017_2019
M3_catboost_residual,target_clim_doy_all_past_median_c,0.012081976616161401,fold3_2017_2019
M3_catboost_residual,forecast_revision_missing_prev_flag,0.0,fold3_2017_2019
M3_catboost_residual,hourly_latest_missing_flag,0.0,fold3_2017_2019
M3_catboost_residual,hko_latest_temp_c,0.0,fold3_2017_2019
M3_catboost_residual,forecast_single_issue_flag,0.0,fold3_2017_2019
M3_catboost_residual,forecast_full_text_missing_flag,0.0,fold3_2017_2019
M3_catboost_residual,hko_dewpoint_missing_flag,0.0,fold3_2017_2019
M3_catboost_residual,official_max_bin,0.0,fold3_2017_2019
M3_catboost_residual,official_range_bin,0.0,fold3_2017_2019
M3_catboost_residual,doy_sin,0.0,fold3_2017_2019
M3_catboost_residual,target_clim_doy_30yr_median_c,0.0,fold3_2017_2019
M3_catboost_residual,network_latest_temp_spread_c,0.0,fold3_2017_2019
M3_catboost_residual,hko_pre_target_overnight_min_c_missing_flag,0.0,fold3_2017_2019
M3_catboost_residual,hko_evening_cooling_18_to_cutoff_c,0.0,fold3_2017_2019
M3_catboost_residual,hko_afternoon_warmup_09_to_15_c_missing_flag,0.0,fold3_2017_2019
M3_catboost_residual,hko_evening_cooling_18_to_cutoff_c_missing_flag,0.0,fold3_2017_2019
M3_catboost_residual,hko_pre_target_evening_temp_c_missing_flag,0.0,fold3_2017_2019
M3_catboost_residual,hko_pre_target_evening_temp_c,0.0,fold3_2017_2019
M3_catboost_residual,station_group_coastal_marine_insufficient_count_flag,0.0,fold3_2017_2019
M3_catboost_residual,coastal_marine_latest_missing_fraction,0.0,fold3_2017_2019
M3_catboost_residual,coastal_marine_latest_mean_c,0.0,fold3_2017_2019
M3_catboost_residual,station_group_urban_core_insufficient_count_flag,0.0,fold3_2017_2019
M3_catboost_residual,urban_core_latest_max_c,0.0,fold3_2017_2019
M3_catboost_residual,rev_cloudy_added_latest,0.0,fold3_2017_2019
M3_catboost_residual,rev_bright_periods_added_latest,0.0,fold3_2017_2019
M3_catboost_residual,rev_text_regime_changed_latest,0.0,fold3_2017_2019
M3_catboost_residual,rev_showers_added_latest,0.0,fold3_2017_2019
M3_catboost_residual,rev_thunderstorm_added_latest,0.0,fold3_2017_2019
M3_catboost_residual,hko_pre_target_overnight_min_c,0.0,fold3_2017_2019
M3_catboost_residual,rev_very_hot_added_latest,0.0,fold3_2017_2019
M3_catboost_residual,hko_target_station_missing_flag,0.0,fold3_2017_2019
M3_catboost_residual,hko_rh_missing_flag,0.0,fold3_2017_2019
M3_catboost_residual,hko_trend_12h_missing_flag,0.0,fold3_2017_2019
M3_catboost_residual,hko_partial_parse_count_24h,0.0,fold3_2017_2019
M3_catboost_residual,hko_target_station_present_latest_flag,0.0,fold3_2017_2019
M3_catboost_residual,hko_trend_1h_missing_flag,0.0,fold3_2017_2019
M3_catboost_residual,hko_trend_3h_missing_flag,0.0,fold3_2017_2019
M3_catboost_residual,hko_trend_6h_missing_flag,0.0,fold3_2017_2019
M3_catboost_residual,target_clim_month_10yr_std_c,0.0,fold3_2017_2019
M3_catboost_residual,forecast_anchor_tie_flag,0.0,fold3_2017_2019
M3_catboost_residual,target_cool_spell_16_lag2_days,0.0,fold3_2017_2019
M3_catboost_residual,target_clim_month_30yr_mean_c,0.0,fold3_2017_2019
M3_catboost_residual,hko_latest_observation_hour_hkt,0.0,fold3_2017_2019
M3_catboost_residual,hko_latest_age_gt_90min_flag,0.0,fold3_2017_2019
M3_catboost_residual,hko_latest_age_minutes,0.0,fold3_2017_2019
M3_catboost_residual,latest_issue_is_after_23_flag,0.0,fold3_2017_2019
M3_catboost_residual,issue_hour_hkt,0.0,fold3_2017_2019
M3_catboost_residual,lead_seconds_to_target_start,0.0,fold3_2017_2019
M3_catboost_residual,issue_age_minutes,0.0,fold3_2017_2019
M3_catboost_residual,issue_hour_bucket,0.0,fold3_2017_2019
M3_catboost_residual,fcst_flag_active_southerly,0.0,fold3_2017_2019
M3_catboost_residual,fcst_flag_monsoon,0.0,fold3_2017_2019
M3_catboost_residual,fcst_flag_tropical_cyclone,0.0,fold3_2017_2019
M3_catboost_residual,fcst_flag_mist_fog,0.0,fold3_2017_2019
M3_catboost_residual,fcst_flag_very_hot,0.0,fold3_2017_2019
M3_catboost_residual,fcst_flag_hot,0.0,fold3_2017_2019
M3_catboost_residual,fcst_flag_fine,0.0,fold3_2017_2019
M3_catboost_residual,fcst_flag_cloudy,0.0,fold3_2017_2019
M3_catboost_residual,coastal_hko_alignment_c,0.0,fold3_2017_2019
M3_catboost_residual,fcst_flag_bright_periods,0.0,fold3_2017_2019
M3_catboost_residual,fcst_flag_squally,0.0,fold3_2017_2019
M3_catboost_residual,fcst_flag_thunderstorm,0.0,fold3_2017_2019
M3_catboost_residual,fcst_flag_heavy_showers,0.0,fold3_2017_2019
M3_catboost_residual,inland_nt_latest_mean_c,0.0,fold3_2017_2019
M3_catboost_residual,station_group_west_nw_nt_insufficient_count_flag,0.0,fold3_2017_2019
M3_catboost_residual,inland_heat_index_c,0.0,fold3_2017_2019
M3_catboost_residual,inland_nt_latest_missing_fraction,0.0,fold3_2017_2019
M3_catboost_residual,inland_nt_latest_count,0.0,fold3_2017_2019
M3_catboost_residual,station_group_inland_nt_insufficient_count_flag,0.0,fold3_2017_2019
M3_catboost_residual,hko_pre_target_morning_mean_c_missing_flag,0.0,fold3_2017_2019
M3_catboost_residual,hko_pre_target_afternoon_max_sofar_c_missing_flag,0.0,fold3_2017_2019
M3_catboost_residual,network_outlier_any_flag_24h,0.0,fold3_2017_2019
M3_catboost_residual,station_json_empty_latest_flag,0.0,fold3_2017_2019
M3_catboost_residual,urban_core_latest_mean_c,0.0,fold3_2017_2019
M3_catboost_residual,urban_core_latest_max_minus_hko_c,0.0,fold3_2017_2019
M3_catboost_residual,urban_core_latest_missing_fraction,0.0,fold3_2017_2019
M3_catboost_residual,urban_core_latest_count,0.0,fold3_2017_2019
M3_catboost_residual,station_cheung_chau_outlier_flag,0.0,fold3_2017_2019
M3_catboost_residual,station_sha_tin_latest_temp_c,0.0,fold3_2017_2019
M3_catboost_residual,station_chek_lap_kok_latest_minus_hko_c,0.0,fold3_2017_2019
M3_catboost_residual,station_hong_kong_park_outlier_flag,0.0,fold3_2017_2019
M3_catboost_residual,station_kings_park_outlier_flag,0.0,fold3_2017_2019
M3_catboost_residual,station_shek_kong_outlier_flag,0.0,fold3_2017_2019
M3_catboost_residual,station_shek_kong_missing_flag,0.0,fold3_2017_2019
M3_catboost_residual,station_wong_chuk_hang_outlier_flag,0.0,fold3_2017_2019
M3_catboost_residual,station_wong_chuk_hang_missing_flag,0.0,fold3_2017_2019
M3_catboost_residual,station_sai_kung_missing_flag,0.0,fold3_2017_2019
M3_catboost_residual,station_sai_kung_outlier_flag,0.0,fold3_2017_2019
M3_catboost_residual,station_tsing_yi_missing_flag,0.0,fold3_2017_2019
M3_catboost_residual,station_tsing_yi_latest_temp_c,0.0,fold3_2017_2019
M3_catboost_residual,station_tseung_kwan_o_outlier_flag,0.0,fold3_2017_2019
M3_catboost_residual,station_tseung_kwan_o_missing_flag,0.0,fold3_2017_2019
M3_catboost_residual,station_tseung_kwan_o_latest_minus_hko_c,0.0,fold3_2017_2019
M3_catboost_residual,station_tseung_kwan_o_latest_temp_c,0.0,fold3_2017_2019
M3_catboost_residual,station_tsing_yi_outlier_flag,0.0,fold3_2017_2019
M3_catboost_residual,network_spatial_heterogeneity_flag,0.0,fold3_2017_2019
M3_catboost_residual,network_spread_x_thunderstorm_flag,0.0,fold3_2017_2019
M3_catboost_residual,station_tsing_yi_latest_minus_hko_c,0.0,fold3_2017_2019
M3_catboost_residual,hourly_any_rainstorm_warning_6h,0.0,fold3_2017_2019
M3_catboost_residual,hourly_any_amber_rainstorm_6h,0.0,fold3_2017_2019
M3_catboost_residual,station_cheung_chau_missing_flag,0.0,fold3_2017_2019
M3_catboost_residual,station_sha_tin_missing_flag,0.0,fold3_2017_2019
M3_catboost_residual,station_ta_kwu_ling_outlier_flag,0.0,fold3_2017_2019
M3_catboost_residual,station_lau_fau_shan_latest_minus_hko_c,0.0,fold3_2017_2019
M3_catboost_residual,station_ta_kwu_ling_missing_flag,0.0,fold3_2017_2019
M3_catboost_residual,station_sha_tin_outlier_flag,0.0,fold3_2017_2019
M3_catboost_residual,station_lau_fau_shan_outlier_flag,0.0,fold3_2017_2019
M3_catboost_residual,station_lau_fau_shan_missing_flag,0.0,fold3_2017_2019
M3_catboost_residual,station_chek_lap_kok_outlier_flag,0.0,fold3_2017_2019
M3_catboost_residual,station_chek_lap_kok_missing_flag,0.0,fold3_2017_2019
M3_catboost_residual,station_cheung_chau_latest_temp_c,0.0,fold3_2017_2019
M3_catboost_residual,station_kings_park_missing_flag,0.0,fold3_2017_2019
M3_catboost_residual,station_kings_park_latest_minus_hko_c,0.0,fold3_2017_2019
M3_catboost_residual,station_kings_park_latest_temp_c,0.0,fold3_2017_2019
M3_catboost_residual,hourly_any_strong_monsoon_24h,0.0,fold3_2017_2019
M3_catboost_residual,hourly_any_very_hot_warning_24h,0.0,fold3_2017_2019
M3_catboost_residual,hourly_any_red_black_rainstorm_24h,0.0,fold3_2017_2019
M3_catboost_residual,hourly_any_amber_rainstorm_24h,0.0,fold3_2017_2019
M3_catboost_residual,hourly_any_rainstorm_warning_24h,0.0,fold3_2017_2019
M3_catboost_residual,hourly_any_thunderstorm_warning_24h,0.0,fold3_2017_2019
M3_catboost_residual,hourly_warning_text_count_6h,0.0,fold3_2017_2019
M3_catboost_residual,hourly_text_block_present_6h,0.0,fold3_2017_2019
M3_catboost_residual,hourly_any_strong_monsoon_6h,0.0,fold3_2017_2019
M3_catboost_residual,hourly_any_rainfall_text_6h,0.0,fold3_2017_2019
M3_catboost_residual,hourly_any_lightning_text_6h,0.0,fold3_2017_2019
M3_catboost_residual,hourly_any_tropical_cyclone_text_6h,0.0,fold3_2017_2019
M3_catboost_residual,hourly_any_red_black_rainstorm_6h,0.0,fold3_2017_2019
M3_catboost_residual,hourly_any_very_hot_warning_6h,0.0,fold3_2017_2019
M3_catboost_residual,rev_num_same_moves,0.0,fold3_2017_2019
M3_catboost_residual,rev_latest3_all_same_flag,0.0,fold3_2017_2019
M3_catboost_residual,rev_range_path_std_c,0.0,fold3_2017_2019
M3_catboost_residual,rev_range_latest_minus_prev_c,0.0,fold3_2017_2019
M3_catboost_residual,rev_latest_minus_first_min_c,0.0,fold3_2017_2019
M3_catboost_residual,rev_latest_minus_prev_min_c,0.0,fold3_2017_2019
M3_catboost_residual,rev_last_issue_hour_hkt,0.0,fold3_2017_2019
M3_catboost_residual,rev_first_issue_hour_hkt,0.0,fold3_2017_2019
M3_catboost_residual,hourly_lightning_text_count_24h,0.0,fold3_2017_2019
M3_catboost_residual,hourly_text_block_present_24h,0.0,fold3_2017_2019
M3_catboost_residual,tc_name_present_latest_flag,0.0,fold3_2017_2019
M3_catboost_residual,hourly_any_rainfall_text_24h,0.0,fold3_2017_2019
M3_catboost_residual,rev_path_range_c,0.0,fold3_2017_2019
M3_catboost_residual,hourly_any_tropical_cyclone_text_24h,0.0,fold3_2017_2019
M3_catboost_residual,rev_path_std_c,0.0,fold3_2017_2019
M3_catboost_residual,rev_num_up_moves,0.0,fold3_2017_2019
M3_catboost_residual,rev_num_down_moves,0.0,fold3_2017_2019
M3_catboost_residual,hourly_any_lightning_text_24h,0.0,fold3_2017_2019
M3_catboost_residual,target_lag_3_missing_flag,0.0,fold3_2017_2019
M3_catboost_residual,target_lag_2_missing_flag,0.0,fold3_2017_2019
M3_catboost_residual,tc_distance_missing_flag,0.0,fold3_2017_2019
M3_catboost_residual,tc_bearing_sin_latest,0.0,fold3_2017_2019
M3_catboost_residual,tc_lon_latest,0.0,fold3_2017_2019
M3_catboost_residual,tc_distance_to_hko_km_latest,0.0,fold3_2017_2019
M3_catboost_residual,target_lag30_tmax_c,0.0,fold3_2017_2019
M3_catboost_residual,target_lag_7_missing_flag,0.0,fold3_2017_2019
M3_catboost_residual,warm_season_flag,0.0,fold3_2017_2019
M3_catboost_residual,cool_season_flag,0.0,fold3_2017_2019
M3_catboost_residual,typhoon_season_flag,0.0,fold3_2017_2019
M3_catboost_residual,target_lag_14_missing_flag,0.0,fold3_2017_2019
M3_catboost_residual,target_lag_60_missing_flag,0.0,fold3_2017_2019
M3_catboost_residual,target_lag_365_missing_flag,0.0,fold3_2017_2019
M3_catboost_residual,doy_cos,0.0,fold3_2017_2019
M3_catboost_residual,target_lag_30_missing_flag,0.0,fold3_2017_2019
M3_catboost_residual,rev_count,0.0,fold3_2017_2019
M3_catboost_residual,post_2018_flag,0.0,fold3_2017_2019
M3_catboost_residual,post_2010_flag,0.0,fold3_2017_2019
M3_catboost_residual,shoulder_season_flag,0.0,fold3_2017_2019
M3_catboost_residual,hot_season_flag,0.0,fold3_2017_2019
M3_catboost_residual,target_roll_7_insufficient_count_flag,0.0,fold3_2017_2019
M3_catboost_residual,rev_latest_minus_prev_max_c,0.0,fold3_2017_2019
M3_catboost_residual,rev_latest_minus_first_max_c,0.0,fold3_2017_2019
M3_catboost_residual,target_roll_14_insufficient_count_flag,0.0,fold3_2017_2019
M3_catboost_residual,target_roll_30_insufficient_count_flag,0.0,fold3_2017_2019
M3_catboost_residual,target_roll_60_insufficient_count_flag,0.0,fold3_2017_2019
M3_catboost_residual,target_roll365_mean_lag2_c,0.0,fold3_2017_2019
M3_catboost_residual,target_roll_365_insufficient_count_flag,0.0,fold3_2017_2019
M3_catboost_residual,target_roll7_minus_roll30_c,0.0,fold3_2017_2019
M3_catboost_residual,target_very_hot_spell_34_lag2_days,0.0,fold3_2017_2019
M3_catboost_residual,hko_evening_temp_minus_official_min_c,0.0,fold3_2017_2019
M3_catboost_residual,nt_heat_ceiling_index_c,12.393083214855558,fold4_2020_2021
M3_catboost_residual,network_mean_trend_6h_c,5.507691338050591,fold4_2020_2021
M3_catboost_residual,hko_temp_trend_3h_c,5.00237773767396,fold4_2020_2021
M3_catboost_residual,hko_latest_temp_minus_official_max_c,3.6229198894801473,fold4_2020_2021
M3_catboost_residual,target_lag2_tmax_c,2.69599401239044,fold4_2020_2021
M3_catboost_residual,hko_pre_target_afternoon_max_minus_official_max_c,2.621846186251851,fold4_2020_2021
M3_catboost_residual,target_roll30_anomaly_lag2_c,2.389611319915366,fold4_2020_2021
M3_catboost_residual,official_max_minus_doy_clim30_c,2.100201018908266,fold4_2020_2021
M3_catboost_residual,hko_temp_mean_24h_minus_doy_clim_c,2.022112040764162,fold4_2020_2021
M3_catboost_residual,station_sha_tin_latest_minus_hko_c,1.865981036747381,fold4_2020_2021
M3_catboost_residual,target_hot_spell_33_lag2_days,1.836109208215186,fold4_2020_2021
M3_catboost_residual,hko_temp_max_24h_c,1.7375647539877683,fold4_2020_2021
M3_catboost_residual,target_roll7_minus_roll30_c,1.589277078874136,fold4_2020_2021
M3_catboost_residual,official_midpoint_minus_doy_clim30_c,1.575166900057517,fold4_2020_2021
M3_catboost_residual,hko_rh_trend_3h_pct,1.5079362141821557,fold4_2020_2021
M3_catboost_residual,hourly_warning_text_count_24h,1.489979152380669,fold4_2020_2021
M3_catboost_residual,network_latest_temp_mean_c,1.3321870707159154,fold4_2020_2021
M3_catboost_residual,hko_pre_target_overnight_min_c,1.2938447542994744,fold4_2020_2021
M3_catboost_residual,official_max_minus_month_clim10_c,1.260084361283438,fold4_2020_2021
M3_catboost_residual,target_lag365_tmax_c,1.1746724884208608,fold4_2020_2021
M3_catboost_residual,hko_temp_mean_24h_c,1.101614718604966,fold4_2020_2021
M3_catboost_residual,official_max_round_c,0.9831567390067102,fold4_2020_2021
M3_catboost_residual,target_lag2_minus_doy30_clim_c,0.963132148458198,fold4_2020_2021
M3_catboost_residual,hko_rh_mean_24h_pct,0.947389089749871,fold4_2020_2021
M3_catboost_residual,network_latest_hko_percentile,0.9218099983821666,fold4_2020_2021
M3_catboost_residual,rev_path_max_c,0.8452547555661428,fold4_2020_2021
M3_catboost_residual,inland_coastal_spread_6h_max_c,0.8438922509735511,fold4_2020_2021
M3_catboost_residual,station_wong_chuk_hang_latest_minus_hko_c,0.8342783189872558,fold4_2020_2021
M3_catboost_residual,hko_temp_trend_6h_c,0.8056400122881497,fold4_2020_2021
M3_catboost_residual,hko_pre_target_morning_mean_c,0.7923609655358514,fold4_2020_2021
M3_catboost_residual,hko_station_rank_pct,0.7922300151724199,fold4_2020_2021
M3_catboost_residual,rev_prev_max_c,0.7698559120049007,fold4_2020_2021
M3_catboost_residual,hko_rh_trend_6h_pct,0.7633167642337682,fold4_2020_2021
M3_catboost_residual,west_nw_nt_latest_count,0.7330795312382277,fold4_2020_2021
M3_catboost_residual,network_spread_mean_6h_c,0.7198940946448148,fold4_2020_2021
M3_catboost_residual,target_roll14_max_lag2_c,0.6925445985131816,fold4_2020_2021
M3_catboost_residual,network_latest_station_count,0.6895906800624586,fold4_2020_2021
M3_catboost_residual,official_range_c,0.6773144990283679,fold4_2020_2021
M3_catboost_residual,west_nw_nt_latest_missing_fraction,0.6744843529014577,fold4_2020_2021
M3_catboost_residual,hko_latest_dewpoint_c,0.6636417123773289,fold4_2020_2021
M3_catboost_residual,official_max_c,0.6539323214021207,fold4_2020_2021
M3_catboost_residual,trend_years_since_2000,0.64635245075233,fold4_2020_2021
M3_catboost_residual,doy_sin,0.6383213931218005,fold4_2020_2021
M3_catboost_residual,urban_core_latest_mean_minus_hko_c,0.6136366051656389,fold4_2020_2021
M3_catboost_residual,inland_nt_mean_minus_coastal_marine_mean_c,0.6130358446363023,fold4_2020_2021
M3_catboost_residual,hko_temp_trend_12h_c,0.6029042273225301,fold4_2020_2021
M3_catboost_residual,hourly_rainfall_text_count_6h,0.5728589976562802,fold4_2020_2021
M3_catboost_residual,station_wong_chuk_hang_latest_temp_c,0.5633245284869774,fold4_2020_2021
M3_catboost_residual,hko_rh_mean_6h_pct,0.5548225873332431,fold4_2020_2021
M3_catboost_residual,target_lag60_tmax_c,0.5481017037034921,fold4_2020_2021
M3_catboost_residual,network_latest_hko_minus_mean_c,0.5364976580466948,fold4_2020_2021
M3_catboost_residual,network_spread_max_24h_c,0.5266607328988243,fold4_2020_2021
M3_catboost_residual,target_roll30_minus_doy30_clim_c,0.5159617739901502,fold4_2020_2021
M3_catboost_residual,inland_heat_index_c,0.5150065203327592,fold4_2020_2021
M3_catboost_residual,hko_latest_rh_pct,0.5127686195441152,fold4_2020_2021
M3_catboost_residual,inland_nt_latest_mean_minus_hko_c,0.4959814723469133,fold4_2020_2021
M3_catboost_residual,urban_core_mean_minus_hko_c,0.4806137953329908,fold4_2020_2021
M3_catboost_residual,hko_temp_trend_1h_c,0.4695563933845025,fold4_2020_2021
M3_catboost_residual,hko_latest_dewpoint_depression_c,0.458636195136702,fold4_2020_2021
M3_catboost_residual,target_roll30_mean_lag2_c,0.45641746960712004,fold4_2020_2021
M3_catboost_residual,rev_first_max_c,0.4455360366793778,fold4_2020_2021
M3_catboost_residual,network_spread_max_6h_c,0.44085236266445815,fold4_2020_2021
M3_catboost_residual,target_lag14_tmax_c,0.4172251794667632,fold4_2020_2021
M3_catboost_residual,station_missing_count_latest,0.4144971170466257,fold4_2020_2021
M3_catboost_residual,target_history_max_source_date,0.3981916514624196,fold4_2020_2021
M3_catboost_residual,target_roll7_mean_lag2_c,0.39792653024404623,fold4_2020_2021
M3_catboost_residual,west_nw_nt_latest_max_minus_hko_c,0.39108372583281625,fold4_2020_2021
M3_catboost_residual,hko_afternoon_warmup_09_to_15_c,0.38965731296216277,fold4_2020_2021
M3_catboost_residual,lead_seconds_to_target_start,0.37375729061987334,fold4_2020_2021
M3_catboost_residual,inland_minus_coastal_trend_6h_c,0.37303634759235166,fold4_2020_2021
M3_catboost_residual,inland_nt_latest_mean_c,0.3729643025389792,fold4_2020_2021
M3_catboost_residual,station_hong_kong_park_latest_minus_hko_c,0.3690515857899276,fold4_2020_2021
M3_catboost_residual,west_nw_nt_mean_minus_coastal_marine_mean_c,0.3626533645166292,fold4_2020_2021
M3_catboost_residual,coastal_hko_alignment_c,0.3352786584491765,fold4_2020_2021
M3_catboost_residual,station_chek_lap_kok_latest_temp_c,0.33307569543901283,fold4_2020_2021
M3_catboost_residual,inland_heat_index_x_warm_season,0.3327845575209561,fold4_2020_2021
M3_catboost_residual,fcst_flag_mist_fog,0.3265937715315518,fold4_2020_2021
M3_catboost_residual,target_modern_warming_signal_c,0.32289578553702813,fold4_2020_2021
M3_catboost_residual,fcst_flag_southerly,0.30517076631426704,fold4_2020_2021
M3_catboost_residual,coastal_marine_latest_max_c,0.28991138173668485,fold4_2020_2021
M3_catboost_residual,station_missing_count_mean_24h,0.26833547469932195,fold4_2020_2021
M3_catboost_residual,tc_lat_latest,0.2664512255688139,fold4_2020_2021
M3_catboost_residual,day_of_year,0.26488335415528447,fold4_2020_2021
M3_catboost_residual,rev_path_min_c,0.26392553758348114,fold4_2020_2021
M3_catboost_residual,hko_rh_mean_12h_pct,0.2629663287499076,fold4_2020_2021
M3_catboost_residual,target_clim_doy_all_past_median_c,0.25649743975348344,fold4_2020_2021
M3_catboost_residual,rev_last_change_age_hours,0.25500507534091216,fold4_2020_2021
M3_catboost_residual,inland_nt_latest_max_c,0.2535206807387079,fold4_2020_2021
M3_catboost_residual,hours_since_latest_rainfall_text,0.24725190173338116,fold4_2020_2021
M3_catboost_residual,station_sha_tin_latest_temp_c,0.2448994670732924,fold4_2020_2021
M3_catboost_residual,network_spread_x_thunderstorm_flag,0.24202894285668416,fold4_2020_2021
M3_catboost_residual,west_nw_nt_latest_max_c,0.24091383207982692,fold4_2020_2021
M3_catboost_residual,network_latest_valid_fraction,0.23256552076110806,fold4_2020_2021
M3_catboost_residual,urban_core_latest_max_minus_hko_c,0.23018846680964766,fold4_2020_2021
M3_catboost_residual,coastal_marine_latest_mean_c,0.22605812093050962,fold4_2020_2021
M3_catboost_residual,target_clim_month_30yr_mean_c,0.21711730024058434,fold4_2020_2021
M3_catboost_residual,rev_last3_slope_c_per_hour,0.20006467157892607,fold4_2020_2021
M3_catboost_residual,eligible_forecast_count,0.19905458870667103,fold4_2020_2021
M3_catboost_residual,coastal_marine_latest_mean_minus_hko_c,0.1953634393849223,fold4_2020_2021
M3_catboost_residual,tc_lon_latest,0.1931555643769419,fold4_2020_2021
M3_catboost_residual,coastal_marine_latest_missing_fraction,0.1894634980525993,fold4_2020_2021
M3_catboost_residual,hourly_warning_text_count_6h,0.18906835730668012,fold4_2020_2021
M3_catboost_residual,hko_latest_temp_minus_doy_hour_clim_c,0.18732668730988727,fold4_2020_2021
M3_catboost_residual,rev_count,0.18439346243155183,fold4_2020_2021
M3_catboost_residual,station_shek_kong_latest_minus_hko_c,0.1827910052335651,fold4_2020_2021
M3_catboost_residual,urban_core_mean_minus_coastal_marine_mean_c,0.18237126852587934,fold4_2020_2021
M3_catboost_residual,station_hong_kong_park_latest_temp_c,0.18024410952861247,fold4_2020_2021
M3_catboost_residual,fcst_flag_fine,0.1778503024019474,fold4_2020_2021
M3_catboost_residual,network_latest_missing_count,0.1770861435038818,fold4_2020_2021
M3_catboost_residual,hko_latest_age_minutes,0.17184886984416137,fold4_2020_2021
M3_catboost_residual,station_missing_count_max_24h,0.16928382045115953,fold4_2020_2021
M3_catboost_residual,urban_core_latest_count,0.16750823609399992,fold4_2020_2021
M3_catboost_residual,inland_nt_latest_count,0.16254358419504308,fold4_2020_2021
M3_catboost_residual,network_latest_temp_max_c,0.16228796650131558,fold4_2020_2021
M3_catboost_residual,hourly_rainfall_text_count_24h,0.16102442410762646,fold4_2020_2021
M3_catboost_residual,target_clim_doy_10yr_median_c,0.15644649511971098,fold4_2020_2021
M3_catboost_residual,official_min_c,0.14936070130670193,fold4_2020_2021
M3_catboost_residual,station_shek_kong_latest_temp_c,0.1479336718971788,fold4_2020_2021
M3_catboost_residual,station_kings_park_latest_minus_hko_c,0.1474618882829713,fold4_2020_2021
M3_catboost_residual,west_nw_nt_latest_mean_c,0.14735922354225708,fold4_2020_2021
M3_catboost_residual,station_kings_park_latest_temp_c,0.1454873731915147,fold4_2020_2021
M3_catboost_residual,fcst_flag_hot,0.13849602602363142,fold4_2020_2021
M3_catboost_residual,official_midpoint_c,0.13828057496996154,fold4_2020_2021
M3_catboost_residual,station_group_urban_core_insufficient_count_flag,0.12879663941431985,fold4_2020_2021
M3_catboost_residual,west_nw_nt_latest_mean_minus_hko_c,0.12582531873891126,fold4_2020_2021
M3_catboost_residual,target_roll60_mean_lag2_c,0.117928634821325,fold4_2020_2021
M3_catboost_residual,rev_num_same_moves,0.11490572609167733,fold4_2020_2021
M3_catboost_residual,hours_since_latest_tropical_cyclone_text,0.11053026903483422,fold4_2020_2021
M3_catboost_residual,hko_latest_temp_minus_official_min_c,0.11028600050412848,fold4_2020_2021
M3_catboost_residual,urban_core_latest_max_c,0.10964495443629271,fold4_2020_2021
M3_catboost_residual,rev_issue_span_hours,0.10573233576380893,fold4_2020_2021
M3_catboost_residual,target_lag3_tmax_c,0.1053400880429138,fold4_2020_2021
M3_catboost_residual,station_chek_lap_kok_latest_minus_hko_c,0.1044350516001907,fold4_2020_2021
M3_catboost_residual,target_roll14_mean_lag2_c,0.10193863839046481,fold4_2020_2021
M3_catboost_residual,urban_hko_alignment_c,0.08290453406343475,fold4_2020_2021
M3_catboost_residual,station_tseung_kwan_o_latest_temp_c,0.07236177392218775,fold4_2020_2021
M3_catboost_residual,tc_position_present_latest_flag,0.07070561809645706,fold4_2020_2021
M3_catboost_residual,target_clim_month_10yr_std_c,0.06199015605923139,fold4_2020_2021
M3_catboost_residual,target_lag7_tmax_c,0.05798988617657068,fold4_2020_2021
M3_catboost_residual,rev_num_up_moves,0.05792054302773533,fold4_2020_2021
M3_catboost_residual,fcst_flag_monsoon,0.05573866085518683,fold4_2020_2021
M3_catboost_residual,inland_nt_latest_missing_fraction,0.055343752448604726,fold4_2020_2021
M3_catboost_residual,month,0.0529165138093173,fold4_2020_2021
M3_catboost_residual,inland_nt_max_minus_urban_core_mean_c,0.016723921318489633,fold4_2020_2021
M3_catboost_residual,doy_cos,0.0032207111084234796,fold4_2020_2021
M3_catboost_residual,issue_hour_hkt,0.0,fold4_2020_2021
M3_catboost_residual,official_max_bin,0.0,fold4_2020_2021
M3_catboost_residual,issue_minute_hkt,0.0,fold4_2020_2021
M3_catboost_residual,issue_hour_bucket,0.0,fold4_2020_2021
M3_catboost_residual,latest_issue_is_after_23_flag,0.0,fold4_2020_2021
M3_catboost_residual,issue_age_minutes,0.0,fold4_2020_2021
M3_catboost_residual,rev_latest_minus_first_max_c,0.0,fold4_2020_2021
M3_catboost_residual,target_lag_365_missing_flag,0.0,fold4_2020_2021
M3_catboost_residual,target_roll7_max_lag2_c,0.0,fold4_2020_2021
M3_catboost_residual,rev_latest_minus_prev_max_c,0.0,fold4_2020_2021
M3_catboost_residual,target_roll_7_insufficient_count_flag,0.0,fold4_2020_2021
M3_catboost_residual,target_roll_14_insufficient_count_flag,0.0,fold4_2020_2021
M3_catboost_residual,fcst_flag_heavy_showers,0.0,fold4_2020_2021
M3_catboost_residual,fcst_flag_showers,0.0,fold4_2020_2021
M3_catboost_residual,fcst_flag_thunderstorm,0.0,fold4_2020_2021
M3_catboost_residual,target_lag30_tmax_c,0.0,fold4_2020_2021
M3_catboost_residual,target_lag_30_missing_flag,0.0,fold4_2020_2021
M3_catboost_residual,target_lag_60_missing_flag,0.0,fold4_2020_2021
M3_catboost_residual,warm_season_flag,0.0,fold4_2020_2021
M3_catboost_residual,cool_season_flag,0.0,fold4_2020_2021
M3_catboost_residual,hot_season_flag,0.0,fold4_2020_2021
M3_catboost_residual,urban_core_latest_missing_fraction,0.0,fold4_2020_2021
M3_catboost_residual,coastal_marine_latest_count,0.0,fold4_2020_2021
M3_catboost_residual,coastal_marine_latest_max_minus_hko_c,0.0,fold4_2020_2021
M3_catboost_residual,station_group_coastal_marine_insufficient_count_flag,0.0,fold4_2020_2021
M3_catboost_residual,hko_pre_target_afternoon_max_sofar_c_missing_flag,0.0,fold4_2020_2021
M3_catboost_residual,hko_pre_target_evening_temp_c_missing_flag,0.0,fold4_2020_2021
M3_catboost_residual,hko_evening_cooling_18_to_cutoff_c_missing_flag,0.0,fold4_2020_2021
M3_catboost_residual,hko_afternoon_warmup_09_to_15_c_missing_flag,0.0,fold4_2020_2021
M3_catboost_residual,network_latest_valid_count,0.0,fold4_2020_2021
M3_catboost_residual,network_latest_temp_min_c,0.0,fold4_2020_2021
M3_catboost_residual,network_latest_temp_spread_c,0.0,fold4_2020_2021
M3_catboost_residual,network_latest_max_minus_hko_c,0.0,fold4_2020_2021
M3_catboost_residual,network_outlier_any_flag_24h,0.0,fold4_2020_2021
M3_catboost_residual,station_json_empty_latest_flag,0.0,fold4_2020_2021
M3_catboost_residual,urban_core_latest_mean_c,0.0,fold4_2020_2021
M3_catboost_residual,inland_nt_latest_max_minus_hko_c,0.0,fold4_2020_2021
M3_catboost_residual,station_group_inland_nt_insufficient_count_flag,0.0,fold4_2020_2021
M3_catboost_residual,rev_path_range_c,0.0,fold4_2020_2021
M3_catboost_residual,rev_path_std_c,0.0,fold4_2020_2021
M3_catboost_residual,rev_num_down_moves,0.0,fold4_2020_2021
M3_catboost_residual,rev_latest3_all_same_flag,0.0,fold4_2020_2021
M3_catboost_residual,rev_first_issue_hour_hkt,0.0,fold4_2020_2021
M3_catboost_residual,rev_last_issue_hour_hkt,0.0,fold4_2020_2021
M3_catboost_residual,rev_latest_minus_prev_min_c,0.0,fold4_2020_2021
M3_catboost_residual,rev_latest_minus_first_min_c,0.0,fold4_2020_2021
M3_catboost_residual,rev_range_latest_minus_prev_c,0.0,fold4_2020_2021
M3_catboost_residual,rev_range_path_std_c,0.0,fold4_2020_2021
M3_catboost_residual,station_group_west_nw_nt_insufficient_count_flag,0.0,fold4_2020_2021
M3_catboost_residual,coastal_marine_mean_minus_hko_c,0.0,fold4_2020_2021
M3_catboost_residual,maritime_suppression_index_c,0.0,fold4_2020_2021
M3_catboost_residual,hko_trend_12h_missing_flag,0.0,fold4_2020_2021
M3_catboost_residual,hko_temp_mean_6h_c,0.0,fold4_2020_2021
M3_catboost_residual,hko_temp_mean_12h_c,0.0,fold4_2020_2021
M3_catboost_residual,hko_temp_min_24h_c,0.0,fold4_2020_2021
M3_catboost_residual,hko_temp_range_24h_c,0.0,fold4_2020_2021
M3_catboost_residual,hko_dispatch_count_24h,0.0,fold4_2020_2021
M3_catboost_residual,hko_partial_parse_count_24h,0.0,fold4_2020_2021
M3_catboost_residual,hko_pre_target_afternoon_max_sofar_c,0.0,fold4_2020_2021
M3_catboost_residual,hko_pre_target_evening_temp_c,0.0,fold4_2020_2021
M3_catboost_residual,hko_evening_cooling_18_to_cutoff_c,0.0,fold4_2020_2021
M3_catboost_residual,hko_pre_target_overnight_min_c_missing_flag,0.0,fold4_2020_2021
M3_catboost_residual,hko_pre_target_morning_mean_c_missing_flag,0.0,fold4_2020_2021
M3_catboost_residual,urban_heat_index_c,0.0,fold4_2020_2021
M3_catboost_residual,station_kings_park_missing_flag,0.0,fold4_2020_2021
M3_catboost_residual,station_kings_park_outlier_flag,0.0,fold4_2020_2021
M3_catboost_residual,station_hong_kong_park_missing_flag,0.0,fold4_2020_2021
M3_catboost_residual,station_hong_kong_park_outlier_flag,0.0,fold4_2020_2021
M3_catboost_residual,station_chek_lap_kok_missing_flag,0.0,fold4_2020_2021
M3_catboost_residual,station_chek_lap_kok_outlier_flag,0.0,fold4_2020_2021
M3_catboost_residual,station_cheung_chau_latest_temp_c,0.0,fold4_2020_2021
M3_catboost_residual,station_cheung_chau_latest_minus_hko_c,0.0,fold4_2020_2021
M3_catboost_residual,station_cheung_chau_missing_flag,0.0,fold4_2020_2021
M3_catboost_residual,station_cheung_chau_outlier_flag,0.0,fold4_2020_2021
M3_catboost_residual,station_sha_tin_missing_flag,0.0,fold4_2020_2021
M3_catboost_residual,station_sha_tin_outlier_flag,0.0,fold4_2020_2021
M3_catboost_residual,station_ta_kwu_ling_latest_temp_c,0.0,fold4_2020_2021
M3_catboost_residual,station_ta_kwu_ling_latest_minus_hko_c,0.0,fold4_2020_2021
M3_catboost_residual,station_ta_kwu_ling_missing_flag,0.0,fold4_2020_2021
M3_catboost_residual,station_ta_kwu_ling_outlier_flag,0.0,fold4_2020_2021
M3_catboost_residual,station_lau_fau_shan_latest_temp_c,0.0,fold4_2020_2021
M3_catboost_residual,station_lau_fau_shan_latest_minus_hko_c,0.0,fold4_2020_2021
M3_catboost_residual,station_lau_fau_shan_missing_flag,0.0,fold4_2020_2021
M3_catboost_residual,station_lau_fau_shan_outlier_flag,0.0,fold4_2020_2021
M3_catboost_residual,station_sai_kung_latest_temp_c,0.0,fold4_2020_2021
M3_catboost_residual,hko_latest_temp_c,0.0,fold4_2020_2021
M3_catboost_residual,hko_latest_age_gt_90min_flag,0.0,fold4_2020_2021
M3_catboost_residual,hko_latest_observation_hour_hkt,0.0,fold4_2020_2021
M3_catboost_residual,hko_target_station_present_latest_flag,0.0,fold4_2020_2021
M3_catboost_residual,hko_target_station_missing_flag,0.0,fold4_2020_2021
M3_catboost_residual,hko_rh_missing_flag,0.0,fold4_2020_2021
M3_catboost_residual,hko_dewpoint_missing_flag,0.0,fold4_2020_2021
M3_catboost_residual,hko_trend_1h_missing_flag,0.0,fold4_2020_2021
M3_catboost_residual,hko_trend_3h_missing_flag,0.0,fold4_2020_2021
M3_catboost_residual,hko_trend_6h_missing_flag,0.0,fold4_2020_2021
M3_catboost_residual,station_sai_kung_latest_minus_hko_c,0.0,fold4_2020_2021
M3_catboost_residual,station_sai_kung_missing_flag,0.0,fold4_2020_2021
M3_catboost_residual,station_sai_kung_outlier_flag,0.0,fold4_2020_2021
M3_catboost_residual,station_wong_chuk_hang_missing_flag,0.0,fold4_2020_2021
M3_catboost_residual,station_wong_chuk_hang_outlier_flag,0.0,fold4_2020_2021
M3_catboost_residual,station_shek_kong_missing_flag,0.0,fold4_2020_2021
M3_catboost_residual,station_shek_kong_outlier_flag,0.0,fold4_2020_2021
M3_catboost_residual,station_tsing_yi_latest_temp_c,0.0,fold4_2020_2021
M3_catboost_residual,station_tsing_yi_latest_minus_hko_c,0.0,fold4_2020_2021
M3_catboost_residual,station_tsing_yi_missing_flag,0.0,fold4_2020_2021
M3_catboost_residual,station_tsing_yi_outlier_flag,0.0,fold4_2020_2021
M3_catboost_residual,station_tseung_kwan_o_latest_minus_hko_c,0.0,fold4_2020_2021
M3_catboost_residual,station_tseung_kwan_o_missing_flag,0.0,fold4_2020_2021
M3_catboost_residual,station_tseung_kwan_o_outlier_flag,0.0,fold4_2020_2021
M3_catboost_residual,network_spatial_heterogeneity_flag,0.0,fold4_2020_2021
M3_catboost_residual,hourly_any_thunderstorm_warning_6h,0.0,fold4_2020_2021
M3_catboost_residual,hourly_any_rainstorm_warning_6h,0.0,fold4_2020_2021
M3_catboost_residual,hourly_any_amber_rainstorm_6h,0.0,fold4_2020_2021
M3_catboost_residual,hourly_any_red_black_rainstorm_6h,0.0,fold4_2020_2021
M3_catboost_residual,hourly_any_very_hot_warning_6h,0.0,fold4_2020_2021
M3_catboost_residual,hourly_any_strong_monsoon_6h,0.0,fold4_2020_2021
M3_catboost_residual,hourly_any_tropical_cyclone_text_6h,0.0,fold4_2020_2021
M3_catboost_residual,hourly_any_lightning_text_6h,0.0,fold4_2020_2021
M3_catboost_residual,hourly_any_rainfall_text_6h,0.0,fold4_2020_2021
M3_catboost_residual,hourly_text_block_present_6h,0.0,fold4_2020_2021
M3_catboost_residual,hourly_lightning_text_count_6h,0.0,fold4_2020_2021
M3_catboost_residual,hourly_any_thunderstorm_warning_24h,0.0,fold4_2020_2021
M3_catboost_residual,hourly_any_rainstorm_warning_24h,0.0,fold4_2020_2021
M3_catboost_residual,hourly_any_amber_rainstorm_24h,0.0,fold4_2020_2021
M3_catboost_residual,hourly_any_red_black_rainstorm_24h,0.0,fold4_2020_2021
M3_catboost_residual,hourly_any_very_hot_warning_24h,0.0,fold4_2020_2021
M3_catboost_residual,hourly_any_strong_monsoon_24h,0.0,fold4_2020_2021
M3_catboost_residual,hourly_any_tropical_cyclone_text_24h,0.0,fold4_2020_2021
M3_catboost_residual,hourly_any_lightning_text_24h,0.0,fold4_2020_2021
M3_catboost_residual,hourly_any_rainfall_text_24h,0.0,fold4_2020_2021
M3_catboost_residual,fcst_flag_active_southerly,0.0,fold4_2020_2021
M3_catboost_residual,fcst_flag_easterly_ne,0.0,fold4_2020_2021
M3_catboost_residual,fcst_flag_nt_higher,0.0,fold4_2020_2021
M3_catboost_residual,rev_thunderstorm_added_latest,0.0,fold4_2020_2021
M3_catboost_residual,rev_showers_added_latest,0.0,fold4_2020_2021
M3_catboost_residual,rev_very_hot_added_latest,0.0,fold4_2020_2021
M3_catboost_residual,rev_cloudy_added_latest,0.0,fold4_2020_2021
M3_catboost_residual,rev_bright_periods_added_latest,0.0,fold4_2020_2021
M3_catboost_residual,rev_text_regime_changed_latest,0.0,fold4_2020_2021
M3_catboost_residual,forecast_revision_missing_prev_flag,0.0,fold4_2020_2021
M3_catboost_residual,forecast_single_issue_flag,0.0,fold4_2020_2021
M3_catboost_residual,forecast_full_text_missing_flag,0.0,fold4_2020_2021
M3_catboost_residual,hourly_latest_missing_flag,0.0,fold4_2020_2021
M3_catboost_residual,hourly_text_block_present_24h,0.0,fold4_2020_2021
M3_catboost_residual,hourly_lightning_text_count_24h,0.0,fold4_2020_2021
M3_catboost_residual,hours_since_latest_warning_text,0.0,fold4_2020_2021
M3_catboost_residual,hours_since_latest_lightning_text,0.0,fold4_2020_2021
M3_catboost_residual,tc_name_present_latest_flag,0.0,fold4_2020_2021
M3_catboost_residual,tc_distance_to_hko_km_latest,0.0,fold4_2020_2021
M3_catboost_residual,tc_bearing_sin_latest,0.0,fold4_2020_2021
M3_catboost_residual,tc_bearing_cos_latest,0.0,fold4_2020_2021
M3_catboost_residual,tc_distance_missing_flag,0.0,fold4_2020_2021
M3_catboost_residual,target_roll_30_insufficient_count_flag,0.0,fold4_2020_2021
M3_catboost_residual,target_roll_60_insufficient_count_flag,0.0,fold4_2020_2021
M3_catboost_residual,target_roll365_mean_lag2_c,0.0,fold4_2020_2021
M3_catboost_residual,target_roll_365_insufficient_count_flag,0.0,fold4_2020_2021
M3_catboost_residual,fcst_flag_squally,0.0,fold4_2020_2021
M3_catboost_residual,fcst_flag_bright_periods,0.0,fold4_2020_2021
M3_catboost_residual,fcst_flag_sunny,0.0,fold4_2020_2021
M3_catboost_residual,fcst_flag_cloudy,0.0,fold4_2020_2021
M3_catboost_residual,fcst_flag_very_hot,0.0,fold4_2020_2021
M3_catboost_residual,fcst_flag_tropical_cyclone,0.0,fold4_2020_2021
M3_catboost_residual,target_lag_2_missing_flag,0.0,fold4_2020_2021
M3_catboost_residual,target_lag_3_missing_flag,0.0,fold4_2020_2021
M3_catboost_residual,target_lag_7_missing_flag,0.0,fold4_2020_2021
M3_catboost_residual,target_lag_14_missing_flag,0.0,fold4_2020_2021
M3_catboost_residual,forecast_anchor_tie_flag,0.0,fold4_2020_2021
M3_catboost_residual,target_very_hot_spell_34_lag2_days,0.0,fold4_2020_2021
M3_catboost_residual,target_cool_spell_16_lag2_days,0.0,fold4_2020_2021
M3_catboost_residual,target_clim_doy_30yr_median_c,0.0,fold4_2020_2021
M3_catboost_residual,target_clim_month_10yr_mean_c,0.0,fold4_2020_2021
M3_catboost_residual,typhoon_season_flag,0.0,fold4_2020_2021
M3_catboost_residual,shoulder_season_flag,0.0,fold4_2020_2021
M3_catboost_residual,official_range_bin,0.0,fold4_2020_2021
M3_catboost_residual,post_2010_flag,0.0,fold4_2020_2021
M3_catboost_residual,post_2018_flag,0.0,fold4_2020_2021
M3_catboost_residual,hko_evening_temp_minus_official_min_c,0.0,fold4_2020_2021
M3_catboost_residual,quarter,0.0,fold4_2020_2021
M3_catboost_residual,nt_heat_ceiling_index_c,11.96000231327594,presealed_holdout_2022_2023
M3_catboost_residual,network_mean_trend_6h_c,6.051987130698052,presealed_holdout_2022_2023
M3_catboost_residual,hko_temp_trend_3h_c,3.431702133231472,presealed_holdout_2022_2023
M3_catboost_residual,target_roll30_anomaly_lag2_c,3.298301588169394,presealed_holdout_2022_2023
M3_catboost_residual,hko_latest_temp_minus_official_max_c,3.2190329922953533,presealed_holdout_2022_2023
M3_catboost_residual,official_midpoint_minus_doy_clim30_c,3.033163297506469,presealed_holdout_2022_2023
M3_catboost_residual,hko_pre_target_afternoon_max_minus_official_max_c,3.026826940223885,presealed_holdout_2022_2023
M3_catboost_residual,hko_temp_mean_24h_minus_doy_clim_c,2.3031581687598544,presealed_holdout_2022_2023
M3_catboost_residual,target_lag2_tmax_c,2.2516449186131897,presealed_holdout_2022_2023
M3_catboost_residual,target_hot_spell_33_lag2_days,2.2284082001122467,presealed_holdout_2022_2023
M3_catboost_residual,hko_rh_trend_3h_pct,1.5446957403259276,presealed_holdout_2022_2023
M3_catboost_residual,station_wong_chuk_hang_latest_minus_hko_c,1.475252166349538,presealed_holdout_2022_2023
M3_catboost_residual,official_max_c,1.4680123740329902,presealed_holdout_2022_2023
M3_catboost_residual,hko_latest_temp_minus_official_min_c,1.2968783993013102,presealed_holdout_2022_2023
M3_catboost_residual,hourly_warning_text_count_24h,1.1806888442000159,presealed_holdout_2022_2023
M3_catboost_residual,west_nw_nt_latest_count,1.1680544660106202,presealed_holdout_2022_2023
M3_catboost_residual,target_lag3_tmax_c,1.120515857459055,presealed_holdout_2022_2023
M3_catboost_residual,target_history_max_source_date,1.0841152280464983,presealed_holdout_2022_2023
M3_catboost_residual,hko_temp_trend_6h_c,1.0411514900392826,presealed_holdout_2022_2023
M3_catboost_residual,west_nw_nt_latest_missing_fraction,1.038357601730857,presealed_holdout_2022_2023
M3_catboost_residual,rev_path_max_c,1.03093215292442,presealed_holdout_2022_2023
M3_catboost_residual,target_lag2_minus_doy30_clim_c,1.0245490938540252,presealed_holdout_2022_2023
M3_catboost_residual,hko_latest_dewpoint_c,1.0210706521843937,presealed_holdout_2022_2023
M3_catboost_residual,target_roll7_minus_roll30_c,0.9838593477211501,presealed_holdout_2022_2023
M3_catboost_residual,inland_heat_index_c,0.9535433133957747,presealed_holdout_2022_2023
M3_catboost_residual,rev_first_max_c,0.9184791112050567,presealed_holdout_2022_2023
M3_catboost_residual,hko_pre_target_overnight_min_c,0.9111743761990548,presealed_holdout_2022_2023
M3_catboost_residual,network_latest_hko_percentile,0.9072397982214455,presealed_holdout_2022_2023
M3_catboost_residual,trend_years_since_2000,0.8736384497178356,presealed_holdout_2022_2023
M3_catboost_residual,official_max_minus_month_clim10_c,0.8332891046545324,presealed_holdout_2022_2023
M3_catboost_residual,hko_rh_mean_6h_pct,0.804821587602819,presealed_holdout_2022_2023
M3_catboost_residual,urban_core_latest_mean_c,0.7950313512652384,presealed_holdout_2022_2023
M3_catboost_residual,official_max_round_c,0.794036147057045,presealed_holdout_2022_2023
M3_catboost_residual,network_spread_mean_6h_c,0.7750543253569183,presealed_holdout_2022_2023
M3_catboost_residual,target_roll30_minus_doy30_clim_c,0.7690089866126496,presealed_holdout_2022_2023
M3_catboost_residual,target_lag14_tmax_c,0.7606851849036406,presealed_holdout_2022_2023
M3_catboost_residual,hko_temp_max_24h_c,0.7511921039604876,presealed_holdout_2022_2023
M3_catboost_residual,hko_pre_target_afternoon_max_sofar_c,0.750623474136222,presealed_holdout_2022_2023
M3_catboost_residual,hko_rh_mean_12h_pct,0.747877304419701,presealed_holdout_2022_2023
M3_catboost_residual,station_ta_kwu_ling_latest_temp_c,0.7345020200662827,presealed_holdout_2022_2023
M3_catboost_residual,hko_rh_trend_6h_pct,0.7322792053835886,presealed_holdout_2022_2023
M3_catboost_residual,station_sha_tin_latest_minus_hko_c,0.7170659043715901,presealed_holdout_2022_2023
M3_catboost_residual,target_lag60_tmax_c,0.6891830353607975,presealed_holdout_2022_2023
M3_catboost_residual,network_spread_max_6h_c,0.6882079528930668,presealed_holdout_2022_2023
M3_catboost_residual,rev_prev_max_c,0.6617992248667209,presealed_holdout_2022_2023
M3_catboost_residual,target_roll30_mean_lag2_c,0.6562114786356831,presealed_holdout_2022_2023
M3_catboost_residual,fcst_flag_fine,0.6308755189858753,presealed_holdout_2022_2023
M3_catboost_residual,inland_minus_coastal_trend_6h_c,0.6190105850957216,presealed_holdout_2022_2023
M3_catboost_residual,hko_temp_mean_24h_c,0.6110852195881776,presealed_holdout_2022_2023
M3_catboost_residual,target_roll7_mean_lag2_c,0.6020641410601398,presealed_holdout_2022_2023
M3_catboost_residual,inland_heat_index_x_warm_season,0.586036438622376,presealed_holdout_2022_2023
M3_catboost_residual,urban_core_latest_mean_minus_hko_c,0.5613902531598383,presealed_holdout_2022_2023
M3_catboost_residual,hko_station_rank_pct,0.5597011890064394,presealed_holdout_2022_2023
M3_catboost_residual,hko_temp_trend_1h_c,0.5394057428266886,presealed_holdout_2022_2023
M3_catboost_residual,urban_core_mean_minus_hko_c,0.5391757952089513,presealed_holdout_2022_2023
M3_catboost_residual,station_missing_count_max_24h,0.5391263277254487,presealed_holdout_2022_2023
M3_catboost_residual,network_spread_max_24h_c,0.5203763585730932,presealed_holdout_2022_2023
M3_catboost_residual,inland_nt_mean_minus_coastal_marine_mean_c,0.5181925100668787,presealed_holdout_2022_2023
M3_catboost_residual,coastal_marine_latest_max_c,0.5128642506617664,presealed_holdout_2022_2023
M3_catboost_residual,target_lag30_tmax_c,0.5045453556448043,presealed_holdout_2022_2023
M3_catboost_residual,doy_cos,0.48899449828056685,presealed_holdout_2022_2023
M3_catboost_residual,quarter,0.4873704108009684,presealed_holdout_2022_2023
M3_catboost_residual,hko_rh_mean_24h_pct,0.4828073909639075,presealed_holdout_2022_2023
M3_catboost_residual,hko_latest_dewpoint_depression_c,0.47915163844510505,presealed_holdout_2022_2023
M3_catboost_residual,target_clim_month_10yr_std_c,0.46363794136471165,presealed_holdout_2022_2023
M3_catboost_residual,target_clim_doy_all_past_median_c,0.4559088579985034,presealed_holdout_2022_2023
M3_catboost_residual,hko_temp_min_24h_c,0.4516835738328517,presealed_holdout_2022_2023
M3_catboost_residual,official_max_minus_doy_clim30_c,0.44938145592746986,presealed_holdout_2022_2023
M3_catboost_residual,hko_pre_target_morning_mean_c,0.44206323159925076,presealed_holdout_2022_2023
M3_catboost_residual,hourly_lightning_text_count_6h,0.4159571957292672,presealed_holdout_2022_2023
M3_catboost_residual,inland_nt_latest_mean_minus_hko_c,0.4126459331576876,presealed_holdout_2022_2023
M3_catboost_residual,west_nw_nt_mean_minus_coastal_marine_mean_c,0.3915373250661648,presealed_holdout_2022_2023
M3_catboost_residual,hourly_rainfall_text_count_6h,0.387285722152696,presealed_holdout_2022_2023
M3_catboost_residual,hko_latest_temp_minus_doy_hour_clim_c,0.36804133329964905,presealed_holdout_2022_2023
M3_catboost_residual,hours_since_latest_rainfall_text,0.3663568984084874,presealed_holdout_2022_2023
M3_catboost_residual,target_roll60_mean_lag2_c,0.3619339167564393,presealed_holdout_2022_2023
M3_catboost_residual,station_missing_count_mean_24h,0.3228378773609999,presealed_holdout_2022_2023
M3_catboost_residual,station_lau_fau_shan_latest_temp_c,0.32188007848480493,presealed_holdout_2022_2023
M3_catboost_residual,official_midpoint_c,0.3179394520596131,presealed_holdout_2022_2023
M3_catboost_residual,coastal_marine_mean_minus_hko_c,0.2960592429341501,presealed_holdout_2022_2023
M3_catboost_residual,urban_core_latest_count,0.2906248844535394,presealed_holdout_2022_2023
M3_catboost_residual,coastal_marine_latest_mean_minus_hko_c,0.27933220497708616,presealed_holdout_2022_2023
M3_catboost_residual,target_roll365_mean_lag2_c,0.2752542356691781,presealed_holdout_2022_2023
M3_catboost_residual,hours_since_latest_warning_text,0.27409441730145495,presealed_holdout_2022_2023
M3_catboost_residual,urban_core_latest_max_minus_hko_c,0.273772287921315,presealed_holdout_2022_2023
M3_catboost_residual,official_range_c,0.2733776354721932,presealed_holdout_2022_2023
M3_catboost_residual,hko_dispatch_count_24h,0.27229929252100826,presealed_holdout_2022_2023
M3_catboost_residual,day_of_year,0.24208037075155042,presealed_holdout_2022_2023
M3_catboost_residual,doy_sin,0.2372736731985632,presealed_holdout_2022_2023
M3_catboost_residual,coastal_hko_alignment_c,0.23540259049670537,presealed_holdout_2022_2023
M3_catboost_residual,station_shek_kong_latest_minus_hko_c,0.2315776633899866,presealed_holdout_2022_2023
M3_catboost_residual,target_roll14_max_lag2_c,0.23107245354899678,presealed_holdout_2022_2023
M3_catboost_residual,network_latest_hko_minus_mean_c,0.22562205000665836,presealed_holdout_2022_2023
M3_catboost_residual,official_min_c,0.21807661636678372,presealed_holdout_2022_2023
M3_catboost_residual,station_kings_park_latest_minus_hko_c,0.2081732220356447,presealed_holdout_2022_2023
M3_catboost_residual,inland_nt_latest_max_minus_hko_c,0.20725696979522107,presealed_holdout_2022_2023
M3_catboost_residual,west_nw_nt_latest_mean_c,0.1986335016156995,presealed_holdout_2022_2023
M3_catboost_residual,hourly_any_thunderstorm_warning_6h,0.19753927177334557,presealed_holdout_2022_2023
M3_catboost_residual,hours_since_latest_lightning_text,0.19292811998769802,presealed_holdout_2022_2023
M3_catboost_residual,fcst_flag_southerly,0.18459971162080116,presealed_holdout_2022_2023
M3_catboost_residual,urban_core_latest_max_c,0.18414695054141747,presealed_holdout_2022_2023
M3_catboost_residual,inland_coastal_spread_6h_max_c,0.1829951353310512,presealed_holdout_2022_2023
M3_catboost_residual,urban_heat_index_c,0.18177482345219517,presealed_holdout_2022_2023
M3_catboost_residual,rev_issue_span_hours,0.18153847588699354,presealed_holdout_2022_2023
M3_catboost_residual,inland_nt_latest_mean_c,0.1813638267503828,presealed_holdout_2022_2023
M3_catboost_residual,urban_core_latest_missing_fraction,0.18042155284365785,presealed_holdout_2022_2023
M3_catboost_residual,west_nw_nt_latest_mean_minus_hko_c,0.1773995947073119,presealed_holdout_2022_2023
M3_catboost_residual,rev_path_min_c,0.1744883107880073,presealed_holdout_2022_2023
M3_catboost_residual,rev_last3_slope_c_per_hour,0.17431220597205632,presealed_holdout_2022_2023
M3_catboost_residual,coastal_marine_latest_mean_c,0.1652733274232499,presealed_holdout_2022_2023
M3_catboost_residual,west_nw_nt_latest_max_c,0.16391964015653365,presealed_holdout_2022_2023
M3_catboost_residual,network_latest_valid_count,0.15258766351819414,presealed_holdout_2022_2023
M3_catboost_residual,station_ta_kwu_ling_latest_minus_hko_c,0.13419075025373217,presealed_holdout_2022_2023
M3_catboost_residual,hko_latest_temp_c,0.13154429934153722,presealed_holdout_2022_2023
M3_catboost_residual,hourly_any_rainstorm_warning_6h,0.12518555273224252,presealed_holdout_2022_2023
M3_catboost_residual,target_clim_month_30yr_mean_c,0.12065964268367853,presealed_holdout_2022_2023
M3_catboost_residual,inland_nt_max_minus_urban_core_mean_c,0.11556165965785109,presealed_holdout_2022_2023
M3_catboost_residual,month,0.11550056972320882,presealed_holdout_2022_2023
M3_catboost_residual,station_cheung_chau_latest_minus_hko_c,0.11049912551008569,presealed_holdout_2022_2023
M3_catboost_residual,eligible_forecast_count,0.10881998092280099,presealed_holdout_2022_2023
M3_catboost_residual,target_lag365_tmax_c,0.1065201254723274,presealed_holdout_2022_2023
M3_catboost_residual,network_latest_station_count,0.10383207039875356,presealed_holdout_2022_2023
M3_catboost_residual,maritime_suppression_index_c,0.10099280004442272,presealed_holdout_2022_2023
M3_catboost_residual,rev_count,0.10064431868959103,presealed_holdout_2022_2023
M3_catboost_residual,lead_seconds_to_target_start,0.09854453778262783,presealed_holdout_2022_2023
M3_catboost_residual,station_tsing_yi_latest_minus_hko_c,0.09404443074679124,presealed_holdout_2022_2023
M3_catboost_residual,station_hong_kong_park_latest_temp_c,0.08624279327584539,presealed_holdout_2022_2023
M3_catboost_residual,urban_hko_alignment_c,0.08519610502362798,presealed_holdout_2022_2023
M3_catboost_residual,fcst_flag_easterly_ne,0.08230492921050817,presealed_holdout_2022_2023
M3_catboost_residual,station_missing_count_latest,0.08073736407994776,presealed_holdout_2022_2023
M3_catboost_residual,station_shek_kong_latest_temp_c,0.08067231205090358,presealed_holdout_2022_2023
M3_catboost_residual,hko_latest_rh_pct,0.07464245339683409,presealed_holdout_2022_2023
M3_catboost_residual,target_clim_month_10yr_mean_c,0.07309383097425858,presealed_holdout_2022_2023
M3_catboost_residual,network_latest_valid_fraction,0.06678709630882781,presealed_holdout_2022_2023
M3_catboost_residual,hours_since_latest_tropical_cyclone_text,0.06614930539161186,presealed_holdout_2022_2023
M3_catboost_residual,station_tseung_kwan_o_latest_minus_hko_c,0.06410973617088099,presealed_holdout_2022_2023
M3_catboost_residual,issue_minute_hkt,0.05465442844151054,presealed_holdout_2022_2023
M3_catboost_residual,rev_last_change_age_hours,0.05149232412171905,presealed_holdout_2022_2023
M3_catboost_residual,target_clim_doy_30yr_median_c,0.051094330892836305,presealed_holdout_2022_2023
M3_catboost_residual,coastal_marine_latest_max_minus_hko_c,0.05048573596246849,presealed_holdout_2022_2023
M3_catboost_residual,hourly_any_lightning_text_6h,0.0462666658303474,presealed_holdout_2022_2023
M3_catboost_residual,inland_nt_latest_missing_fraction,0.04210129224739414,presealed_holdout_2022_2023
M3_catboost_residual,network_latest_missing_count,0.013588554184740396,presealed_holdout_2022_2023
M3_catboost_residual,hko_afternoon_warmup_09_to_15_c,0.0,presealed_holdout_2022_2023
M3_catboost_residual,hko_partial_parse_count_24h,0.0,presealed_holdout_2022_2023
M3_catboost_residual,hko_trend_12h_missing_flag,0.0,presealed_holdout_2022_2023
M3_catboost_residual,hko_temp_mean_6h_c,0.0,presealed_holdout_2022_2023
M3_catboost_residual,hko_temp_trend_12h_c,0.0,presealed_holdout_2022_2023
M3_catboost_residual,hko_trend_6h_missing_flag,0.0,presealed_holdout_2022_2023
M3_catboost_residual,target_roll_14_insufficient_count_flag,0.0,presealed_holdout_2022_2023
M3_catboost_residual,target_roll14_mean_lag2_c,0.0,presealed_holdout_2022_2023
M3_catboost_residual,target_roll7_max_lag2_c,0.0,presealed_holdout_2022_2023
M3_catboost_residual,target_roll_7_insufficient_count_flag,0.0,presealed_holdout_2022_2023
M3_catboost_residual,rev_latest_minus_prev_max_c,0.0,presealed_holdout_2022_2023
M3_catboost_residual,rev_latest_minus_first_max_c,0.0,presealed_holdout_2022_2023
M3_catboost_residual,target_clim_doy_10yr_median_c,0.0,presealed_holdout_2022_2023
M3_catboost_residual,post_2010_flag,0.0,presealed_holdout_2022_2023
M3_catboost_residual,post_2018_flag,0.0,presealed_holdout_2022_2023
M3_catboost_residual,issue_hour_bucket,0.0,presealed_holdout_2022_2023
M3_catboost_residual,hko_pre_target_evening_temp_c_missing_flag,0.0,presealed_holdout_2022_2023
M3_catboost_residual,hko_pre_target_evening_temp_c,0.0,presealed_holdout_2022_2023
M3_catboost_residual,hko_temp_mean_12h_c,0.0,presealed_holdout_2022_2023
M3_catboost_residual,hko_temp_range_24h_c,0.0,presealed_holdout_2022_2023
M3_catboost_residual,network_latest_temp_min_c,0.0,presealed_holdout_2022_2023
M3_catboost_residual,hko_trend_3h_missing_flag,0.0,presealed_holdout_2022_2023
M3_catboost_residual,hko_trend_1h_missing_flag,0.0,presealed_holdout_2022_2023
M3_catboost_residual,hko_dewpoint_missing_flag,0.0,presealed_holdout_2022_2023
M3_catboost_residual,hko_rh_missing_flag,0.0,presealed_holdout_2022_2023
M3_catboost_residual,hko_target_station_missing_flag,0.0,presealed_holdout_2022_2023
M3_catboost_residual,hko_target_station_present_latest_flag,0.0,presealed_holdout_2022_2023
M3_catboost_residual,network_latest_max_minus_hko_c,0.0,presealed_holdout_2022_2023
M3_catboost_residual,station_group_urban_core_insufficient_count_flag,0.0,presealed_holdout_2022_2023
M3_catboost_residual,station_json_empty_latest_flag,0.0,presealed_holdout_2022_2023
M3_catboost_residual,network_outlier_any_flag_24h,0.0,presealed_holdout_2022_2023
M3_catboost_residual,coastal_marine_latest_count,0.0,presealed_holdout_2022_2023
M3_catboost_residual,coastal_marine_latest_missing_fraction,0.0,presealed_holdout_2022_2023
M3_catboost_residual,station_group_coastal_marine_insufficient_count_flag,0.0,presealed_holdout_2022_2023
M3_catboost_residual,network_latest_temp_spread_c,0.0,presealed_holdout_2022_2023
M3_catboost_residual,network_latest_temp_max_c,0.0,presealed_holdout_2022_2023
M3_catboost_residual,hko_evening_cooling_18_to_cutoff_c_missing_flag,0.0,presealed_holdout_2022_2023
M3_catboost_residual,hko_afternoon_warmup_09_to_15_c_missing_flag,0.0,presealed_holdout_2022_2023
M3_catboost_residual,hko_pre_target_afternoon_max_sofar_c_missing_flag,0.0,presealed_holdout_2022_2023
M3_catboost_residual,network_latest_temp_mean_c,0.0,presealed_holdout_2022_2023
M3_catboost_residual,hourly_latest_missing_flag,0.0,presealed_holdout_2022_2023
M3_catboost_residual,forecast_full_text_missing_flag,0.0,presealed_holdout_2022_2023
M3_catboost_residual,hko_latest_age_minutes,0.0,presealed_holdout_2022_2023
M3_catboost_residual,hko_latest_age_gt_90min_flag,0.0,presealed_holdout_2022_2023
M3_catboost_residual,hko_latest_observation_hour_hkt,0.0,presealed_holdout_2022_2023
M3_catboost_residual,hko_evening_cooling_18_to_cutoff_c,0.0,presealed_holdout_2022_2023
M3_catboost_residual,hko_pre_target_overnight_min_c_missing_flag,0.0,presealed_holdout_2022_2023
M3_catboost_residual,hko_pre_target_morning_mean_c_missing_flag,0.0,presealed_holdout_2022_2023
M3_catboost_residual,target_cool_spell_16_lag2_days,0.0,presealed_holdout_2022_2023
M3_catboost_residual,forecast_anchor_tie_flag,0.0,presealed_holdout_2022_2023
M3_catboost_residual,issue_age_minutes,0.0,presealed_holdout_2022_2023
M3_catboost_residual,latest_issue_is_after_23_flag,0.0,presealed_holdout_2022_2023
M3_catboost_residual,forecast_single_issue_flag,0.0,presealed_holdout_2022_2023
M3_catboost_residual,forecast_revision_missing_prev_flag,0.0,presealed_holdout_2022_2023
M3_catboost_residual,rev_text_regime_changed_latest,0.0,presealed_holdout_2022_2023
M3_catboost_residual,rev_bright_periods_added_latest,0.0,presealed_holdout_2022_2023
M3_catboost_residual,rev_very_hot_added_latest,0.0,presealed_holdout_2022_2023
M3_catboost_residual,rev_cloudy_added_latest,0.0,presealed_holdout_2022_2023
M3_catboost_residual,rev_showers_added_latest,0.0,presealed_holdout_2022_2023
M3_catboost_residual,rev_thunderstorm_added_latest,0.0,presealed_holdout_2022_2023
M3_catboost_residual,fcst_flag_mist_fog,0.0,presealed_holdout_2022_2023
M3_catboost_residual,fcst_flag_nt_higher,0.0,presealed_holdout_2022_2023
M3_catboost_residual,fcst_flag_active_southerly,0.0,presealed_holdout_2022_2023
M3_catboost_residual,fcst_flag_monsoon,0.0,presealed_holdout_2022_2023
M3_catboost_residual,station_group_inland_nt_insufficient_count_flag,0.0,presealed_holdout_2022_2023
M3_catboost_residual,fcst_flag_tropical_cyclone,0.0,presealed_holdout_2022_2023
M3_catboost_residual,inland_nt_latest_max_c,0.0,presealed_holdout_2022_2023
M3_catboost_residual,inland_nt_latest_count,0.0,presealed_holdout_2022_2023
M3_catboost_residual,station_chek_lap_kok_latest_minus_hko_c,0.0,presealed_holdout_2022_2023
M3_catboost_residual,station_chek_lap_kok_latest_temp_c,0.0,presealed_holdout_2022_2023
M3_catboost_residual,station_chek_lap_kok_outlier_flag,0.0,presealed_holdout_2022_2023
M3_catboost_residual,station_chek_lap_kok_missing_flag,0.0,presealed_holdout_2022_2023
M3_catboost_residual,station_cheung_chau_missing_flag,0.0,presealed_holdout_2022_2023
M3_catboost_residual,station_cheung_chau_outlier_flag,0.0,presealed_holdout_2022_2023
M3_catboost_residual,station_sha_tin_latest_temp_c,0.0,presealed_holdout_2022_2023
M3_catboost_residual,station_cheung_chau_latest_temp_c,0.0,presealed_holdout_2022_2023
M3_catboost_residual,station_sha_tin_missing_flag,0.0,presealed_holdout_2022_2023
M3_catboost_residual,station_sha_tin_outlier_flag,0.0,presealed_holdout_2022_2023
M3_catboost_residual,station_kings_park_latest_temp_c,0.0,presealed_holdout_2022_2023
M3_catboost_residual,station_hong_kong_park_latest_minus_hko_c,0.0,presealed_holdout_2022_2023
M3_catboost_residual,station_hong_kong_park_missing_flag,0.0,presealed_holdout_2022_2023
M3_catboost_residual,station_kings_park_missing_flag,0.0,presealed_holdout_2022_2023
M3_catboost_residual,station_kings_park_outlier_flag,0.0,presealed_holdout_2022_2023
M3_catboost_residual,station_group_west_nw_nt_insufficient_count_flag,0.0,presealed_holdout_2022_2023
M3_catboost_residual,station_sai_kung_latest_temp_c,0.0,presealed_holdout_2022_2023
M3_catboost_residual,station_lau_fau_shan_outlier_flag,0.0,presealed_holdout_2022_2023
M3_catboost_residual,station_lau_fau_shan_missing_flag,0.0,presealed_holdout_2022_2023
M3_catboost_residual,station_sai_kung_latest_minus_hko_c,0.0,presealed_holdout_2022_2023
M3_catboost_residual,station_wong_chuk_hang_latest_temp_c,0.0,presealed_holdout_2022_2023
M3_catboost_residual,station_wong_chuk_hang_missing_flag,0.0,presealed_holdout_2022_2023
M3_catboost_residual,station_sai_kung_outlier_flag,0.0,presealed_holdout_2022_2023
M3_catboost_residual,station_sai_kung_missing_flag,0.0,presealed_holdout_2022_2023
M3_catboost_residual,station_shek_kong_missing_flag,0.0,presealed_holdout_2022_2023
M3_catboost_residual,station_wong_chuk_hang_outlier_flag,0.0,presealed_holdout_2022_2023
M3_catboost_residual,station_tsing_yi_latest_temp_c,0.0,presealed_holdout_2022_2023
M3_catboost_residual,station_shek_kong_outlier_flag,0.0,presealed_holdout_2022_2023
M3_catboost_residual,station_tsing_yi_missing_flag,0.0,presealed_holdout_2022_2023
M3_catboost_residual,station_tsing_yi_outlier_flag,0.0,presealed_holdout_2022_2023
M3_catboost_residual,station_tseung_kwan_o_latest_temp_c,0.0,presealed_holdout_2022_2023
M3_catboost_residual,station_tseung_kwan_o_missing_flag,0.0,presealed_holdout_2022_2023
M3_catboost_residual,station_tseung_kwan_o_outlier_flag,0.0,presealed_holdout_2022_2023
M3_catboost_residual,rev_last_issue_hour_hkt,0.0,presealed_holdout_2022_2023
M3_catboost_residual,rev_latest_minus_prev_min_c,0.0,presealed_holdout_2022_2023
M3_catboost_residual,rev_latest_minus_first_min_c,0.0,presealed_holdout_2022_2023
M3_catboost_residual,rev_range_latest_minus_prev_c,0.0,presealed_holdout_2022_2023
M3_catboost_residual,rev_range_path_std_c,0.0,presealed_holdout_2022_2023
M3_catboost_residual,fcst_flag_showers,0.0,presealed_holdout_2022_2023
M3_catboost_residual,fcst_flag_heavy_showers,0.0,presealed_holdout_2022_2023
M3_catboost_residual,fcst_flag_thunderstorm,0.0,presealed_holdout_2022_2023
M3_catboost_residual,fcst_flag_squally,0.0,presealed_holdout_2022_2023
M3_catboost_residual,station_ta_kwu_ling_missing_flag,0.0,presealed_holdout_2022_2023
M3_catboost_residual,station_ta_kwu_ling_outlier_flag,0.0,presealed_holdout_2022_2023
M3_catboost_residual,station_lau_fau_shan_latest_minus_hko_c,0.0,presealed_holdout_2022_2023
M3_catboost_residual,station_hong_kong_park_outlier_flag,0.0,presealed_holdout_2022_2023
M3_catboost_residual,urban_core_mean_minus_coastal_marine_mean_c,0.0,presealed_holdout_2022_2023
M3_catboost_residual,west_nw_nt_latest_max_minus_hko_c,0.0,presealed_holdout_2022_2023
M3_catboost_residual,network_spatial_heterogeneity_flag,0.0,presealed_holdout_2022_2023
M3_catboost_residual,fcst_flag_hot,0.0,presealed_holdout_2022_2023
M3_catboost_residual,fcst_flag_very_hot,0.0,presealed_holdout_2022_2023
M3_catboost_residual,fcst_flag_cloudy,0.0,presealed_holdout_2022_2023
M3_catboost_residual,fcst_flag_sunny,0.0,presealed_holdout_2022_2023
M3_catboost_residual,fcst_flag_bright_periods,0.0,presealed_holdout_2022_2023
M3_catboost_residual,hourly_any_red_black_rainstorm_6h,0.0,presealed_holdout_2022_2023
M3_catboost_residual,hourly_any_amber_rainstorm_6h,0.0,presealed_holdout_2022_2023
M3_catboost_residual,hourly_any_rainfall_text_6h,0.0,presealed_holdout_2022_2023
M3_catboost_residual,hourly_text_block_present_6h,0.0,presealed_holdout_2022_2023
M3_catboost_residual,hourly_warning_text_count_6h,0.0,presealed_holdout_2022_2023
M3_catboost_residual,hourly_any_thunderstorm_warning_24h,0.0,presealed_holdout_2022_2023
M3_catboost_residual,hourly_any_rainstorm_warning_24h,0.0,presealed_holdout_2022_2023
M3_catboost_residual,hourly_any_very_hot_warning_6h,0.0,presealed_holdout_2022_2023
M3_catboost_residual,hourly_any_strong_monsoon_6h,0.0,presealed_holdout_2022_2023
M3_catboost_residual,network_spread_x_thunderstorm_flag,0.0,presealed_holdout_2022_2023
M3_catboost_residual,hourly_any_very_hot_warning_24h,0.0,presealed_holdout_2022_2023
M3_catboost_residual,hourly_any_strong_monsoon_24h,0.0,presealed_holdout_2022_2023
M3_catboost_residual,hourly_any_lightning_text_24h,0.0,presealed_holdout_2022_2023
M3_catboost_residual,hourly_any_tropical_cyclone_text_24h,0.0,presealed_holdout_2022_2023
M3_catboost_residual,hourly_any_rainfall_text_24h,0.0,presealed_holdout_2022_2023
M3_catboost_residual,hourly_text_block_present_24h,0.0,presealed_holdout_2022_2023
M3_catboost_residual,hourly_lightning_text_count_24h,0.0,presealed_holdout_2022_2023
M3_catboost_residual,hourly_rainfall_text_count_24h,0.0,presealed_holdout_2022_2023
M3_catboost_residual,tc_name_present_latest_flag,0.0,presealed_holdout_2022_2023
M3_catboost_residual,tc_position_present_latest_flag,0.0,presealed_holdout_2022_2023
M3_catboost_residual,tc_lat_latest,0.0,presealed_holdout_2022_2023
M3_catboost_residual,tc_lon_latest,0.0,presealed_holdout_2022_2023
M3_catboost_residual,tc_distance_to_hko_km_latest,0.0,presealed_holdout_2022_2023
M3_catboost_residual,hourly_any_amber_rainstorm_24h,0.0,presealed_holdout_2022_2023
M3_catboost_residual,hourly_any_red_black_rainstorm_24h,0.0,presealed_holdout_2022_2023
M3_catboost_residual,hourly_any_tropical_cyclone_text_6h,0.0,presealed_holdout_2022_2023
M3_catboost_residual,tc_distance_missing_flag,0.0,presealed_holdout_2022_2023
M3_catboost_residual,tc_bearing_cos_latest,0.0,presealed_holdout_2022_2023
M3_catboost_residual,tc_bearing_sin_latest,0.0,presealed_holdout_2022_2023
M3_catboost_residual,target_lag_2_missing_flag,0.0,presealed_holdout_2022_2023
M3_catboost_residual,rev_path_range_c,0.0,presealed_holdout_2022_2023
M3_catboost_residual,rev_path_std_c,0.0,presealed_holdout_2022_2023
M3_catboost_residual,target_lag7_tmax_c,0.0,presealed_holdout_2022_2023
M3_catboost_residual,target_lag_3_missing_flag,0.0,presealed_holdout_2022_2023
M3_catboost_residual,rev_num_down_moves,0.0,presealed_holdout_2022_2023
M3_catboost_residual,rev_num_up_moves,0.0,presealed_holdout_2022_2023
M3_catboost_residual,rev_num_same_moves,0.0,presealed_holdout_2022_2023
M3_catboost_residual,rev_latest3_all_same_flag,0.0,presealed_holdout_2022_2023
M3_catboost_residual,rev_first_issue_hour_hkt,0.0,presealed_holdout_2022_2023
M3_catboost_residual,target_lag_7_missing_flag,0.0,presealed_holdout_2022_2023
M3_catboost_residual,target_lag_14_missing_flag,0.0,presealed_holdout_2022_2023
M3_catboost_residual,target_modern_warming_signal_c,0.0,presealed_holdout_2022_2023
M3_catboost_residual,target_lag_30_missing_flag,0.0,presealed_holdout_2022_2023
M3_catboost_residual,target_lag_60_missing_flag,0.0,presealed_holdout_2022_2023
M3_catboost_residual,target_lag_365_missing_flag,0.0,presealed_holdout_2022_2023
M3_catboost_residual,warm_season_flag,0.0,presealed_holdout_2022_2023
M3_catboost_residual,cool_season_flag,0.0,presealed_holdout_2022_2023
M3_catboost_residual,hot_season_flag,0.0,presealed_holdout_2022_2023
M3_catboost_residual,typhoon_season_flag,0.0,presealed_holdout_2022_2023
M3_catboost_residual,shoulder_season_flag,0.0,presealed_holdout_2022_2023
M3_catboost_residual,target_roll_30_insufficient_count_flag,0.0,presealed_holdout_2022_2023
M3_catboost_residual,issue_hour_hkt,0.0,presealed_holdout_2022_2023
M3_catboost_residual,target_roll_60_insufficient_count_flag,0.0,presealed_holdout_2022_2023
M3_catboost_residual,official_max_bin,0.0,presealed_holdout_2022_2023
M3_catboost_residual,target_roll_365_insufficient_count_flag,0.0,presealed_holdout_2022_2023
M3_catboost_residual,official_range_bin,0.0,presealed_holdout_2022_2023
M3_catboost_residual,target_very_hot_spell_34_lag2_days,0.0,presealed_holdout_2022_2023
M3_catboost_residual,hko_evening_temp_minus_official_min_c,0.0,presealed_holdout_2022_2023
M3_catboost_residual,nt_heat_ceiling_index_c,11.898442440692918,sealed_confirmation_2024_plus
M3_catboost_residual,network_mean_trend_6h_c,6.582331470879839,sealed_confirmation_2024_plus
M3_catboost_residual,target_lag2_tmax_c,5.626310120268588,sealed_confirmation_2024_plus
M3_catboost_residual,hko_temp_trend_3h_c,4.389565566971789,sealed_confirmation_2024_plus
M3_catboost_residual,official_midpoint_minus_doy_clim30_c,3.093646872555374,sealed_confirmation_2024_plus
M3_catboost_residual,hko_latest_temp_minus_official_max_c,2.826694153675221,sealed_confirmation_2024_plus
M3_catboost_residual,hko_pre_target_afternoon_max_minus_official_max_c,2.784327114560452,sealed_confirmation_2024_plus
M3_catboost_residual,hko_temp_mean_24h_minus_doy_clim_c,2.6430549863616672,sealed_confirmation_2024_plus
M3_catboost_residual,hko_rh_trend_3h_pct,2.515551302332263,sealed_confirmation_2024_plus
M3_catboost_residual,hko_temp_trend_6h_c,1.9988609189556514,sealed_confirmation_2024_plus
M3_catboost_residual,hko_temp_trend_12h_c,1.9546580399713733,sealed_confirmation_2024_plus
M3_catboost_residual,official_max_minus_month_clim10_c,1.8544859034217154,sealed_confirmation_2024_plus
M3_catboost_residual,official_max_minus_doy_clim30_c,1.842400368855379,sealed_confirmation_2024_plus
M3_catboost_residual,target_roll30_anomaly_lag2_c,1.4338860981520134,sealed_confirmation_2024_plus
M3_catboost_residual,hko_latest_dewpoint_c,1.4318190941402398,sealed_confirmation_2024_plus
M3_catboost_residual,inland_nt_latest_mean_minus_hko_c,1.4018736552798599,sealed_confirmation_2024_plus
M3_catboost_residual,hko_latest_temp_minus_doy_hour_clim_c,1.2229651399321326,sealed_confirmation_2024_plus
M3_catboost_residual,hko_pre_target_morning_mean_c,1.1416161855604228,sealed_confirmation_2024_plus
M3_catboost_residual,inland_nt_mean_minus_coastal_marine_mean_c,1.0239201930717046,sealed_confirmation_2024_plus
M3_catboost_residual,network_latest_hko_percentile,1.0188249923934498,sealed_confirmation_2024_plus
M3_catboost_residual,west_nw_nt_latest_count,1.0103020141522976,sealed_confirmation_2024_plus
M3_catboost_residual,target_roll7_minus_roll30_c,1.0084834509173717,sealed_confirmation_2024_plus
M3_catboost_residual,rev_first_max_c,1.0039358555811857,sealed_confirmation_2024_plus
M3_catboost_residual,target_lag2_minus_doy30_clim_c,0.9881360233140505,sealed_confirmation_2024_plus
M3_catboost_residual,station_wong_chuk_hang_latest_minus_hko_c,0.9777971177065924,sealed_confirmation_2024_plus
M3_catboost_residual,hko_latest_temp_minus_official_min_c,0.9667605435654146,sealed_confirmation_2024_plus
M3_catboost_residual,network_spread_max_6h_c,0.9506551912824995,sealed_confirmation_2024_plus
M3_catboost_residual,hourly_warning_text_count_24h,0.9456001090960972,sealed_confirmation_2024_plus
M3_catboost_residual,official_max_round_c,0.8498016141552917,sealed_confirmation_2024_plus
M3_catboost_residual,target_lag14_tmax_c,0.8479011441995326,sealed_confirmation_2024_plus
M3_catboost_residual,hourly_lightning_text_count_6h,0.8145551383646294,sealed_confirmation_2024_plus
M3_catboost_residual,target_hot_spell_33_lag2_days,0.8104790048008609,sealed_confirmation_2024_plus
M3_catboost_residual,hko_rh_trend_6h_pct,0.7931712621425218,sealed_confirmation_2024_plus
M3_catboost_residual,trend_years_since_2000,0.7275865292012422,sealed_confirmation_2024_plus
M3_catboost_residual,doy_sin,0.6955025114957879,sealed_confirmation_2024_plus
M3_catboost_residual,hko_latest_dewpoint_depression_c,0.6843927227342972,sealed_confirmation_2024_plus
M3_catboost_residual,hko_temp_min_24h_c,0.6747037521568549,sealed_confirmation_2024_plus
M3_catboost_residual,target_roll60_mean_lag2_c,0.6610964694657864,sealed_confirmation_2024_plus
M3_catboost_residual,inland_minus_coastal_trend_6h_c,0.6508261687004123,sealed_confirmation_2024_plus
M3_catboost_residual,urban_core_mean_minus_hko_c,0.6266840980649756,sealed_confirmation_2024_plus
M3_catboost_residual,fcst_flag_fine,0.6190087970989065,sealed_confirmation_2024_plus
M3_catboost_residual,network_spread_mean_6h_c,0.613194850151443,sealed_confirmation_2024_plus
M3_catboost_residual,official_max_c,0.5821374646683531,sealed_confirmation_2024_plus
M3_catboost_residual,network_latest_valid_count,0.5409946719769805,sealed_confirmation_2024_plus
M3_catboost_residual,target_lag30_tmax_c,0.5322415697294095,sealed_confirmation_2024_plus
M3_catboost_residual,target_roll7_max_lag2_c,0.5318920616862964,sealed_confirmation_2024_plus
M3_catboost_residual,target_history_max_source_date,0.524031964531736,sealed_confirmation_2024_plus
M3_catboost_residual,target_lag3_tmax_c,0.5104309620902769,sealed_confirmation_2024_plus
M3_catboost_residual,target_lag60_tmax_c,0.5060504092729292,sealed_confirmation_2024_plus
M3_catboost_residual,west_nw_nt_mean_minus_coastal_marine_mean_c,0.502780145176074,sealed_confirmation_2024_plus
M3_catboost_residual,target_roll30_minus_doy30_clim_c,0.47954278389531735,sealed_confirmation_2024_plus
M3_catboost_residual,network_latest_valid_fraction,0.46798851273555986,sealed_confirmation_2024_plus
M3_catboost_residual,urban_core_latest_mean_minus_hko_c,0.46610054300684184,sealed_confirmation_2024_plus
M3_catboost_residual,west_nw_nt_latest_missing_fraction,0.4628395893003253,sealed_confirmation_2024_plus
M3_catboost_residual,network_spread_max_24h_c,0.45400822680066,sealed_confirmation_2024_plus
M3_catboost_residual,network_latest_max_minus_hko_c,0.45249118445102426,sealed_confirmation_2024_plus
M3_catboost_residual,rev_path_min_c,0.45169981766873946,sealed_confirmation_2024_plus
M3_catboost_residual,hko_latest_rh_pct,0.43611959419512125,sealed_confirmation_2024_plus
M3_catboost_residual,hko_station_rank_pct,0.41295646830078964,sealed_confirmation_2024_plus
M3_catboost_residual,hko_rh_mean_24h_pct,0.41266996226164127,sealed_confirmation_2024_plus
M3_catboost_residual,network_latest_hko_minus_mean_c,0.4048239709536241,sealed_confirmation_2024_plus
M3_catboost_residual,fcst_flag_sunny,0.4034391232545614,sealed_confirmation_2024_plus
M3_catboost_residual,inland_heat_index_x_warm_season,0.4029091512135819,sealed_confirmation_2024_plus
M3_catboost_residual,station_sha_tin_latest_minus_hko_c,0.376707707512077,sealed_confirmation_2024_plus
M3_catboost_residual,urban_core_latest_missing_fraction,0.36849618768556147,sealed_confirmation_2024_plus
M3_catboost_residual,tc_lon_latest,0.3510118585716231,sealed_confirmation_2024_plus
M3_catboost_residual,network_latest_temp_spread_c,0.34648459017379896,sealed_confirmation_2024_plus
M3_catboost_residual,target_clim_doy_30yr_median_c,0.3445782175848785,sealed_confirmation_2024_plus
M3_catboost_residual,official_range_c,0.34426195109346586,sealed_confirmation_2024_plus
M3_catboost_residual,rev_last_change_age_hours,0.3376122948166365,sealed_confirmation_2024_plus
M3_catboost_residual,station_kings_park_latest_temp_c,0.3251473486081072,sealed_confirmation_2024_plus
M3_catboost_residual,hours_since_latest_tropical_cyclone_text,0.32503337591055387,sealed_confirmation_2024_plus
M3_catboost_residual,inland_heat_index_c,0.31931959625035583,sealed_confirmation_2024_plus
M3_catboost_residual,inland_nt_max_minus_urban_core_mean_c,0.30576390026176886,sealed_confirmation_2024_plus
M3_catboost_residual,hko_temp_mean_6h_c,0.3046831923667429,sealed_confirmation_2024_plus
M3_catboost_residual,target_roll7_mean_lag2_c,0.30274716686855613,sealed_confirmation_2024_plus
M3_catboost_residual,target_roll365_mean_lag2_c,0.2882687118082967,sealed_confirmation_2024_plus
M3_catboost_residual,inland_nt_latest_mean_c,0.2870003280616449,sealed_confirmation_2024_plus
M3_catboost_residual,fcst_flag_heavy_showers,0.2749588145961055,sealed_confirmation_2024_plus
M3_catboost_residual,west_nw_nt_latest_mean_minus_hko_c,0.2735452391428873,sealed_confirmation_2024_plus
M3_catboost_residual,coastal_marine_latest_mean_c,0.26952735440423126,sealed_confirmation_2024_plus
M3_catboost_residual,west_nw_nt_latest_max_c,0.26793492540477115,sealed_confirmation_2024_plus
M3_catboost_residual,target_clim_month_10yr_std_c,0.26443843762452357,sealed_confirmation_2024_plus
M3_catboost_residual,hko_rh_mean_6h_pct,0.2604773504789569,sealed_confirmation_2024_plus
M3_catboost_residual,station_tsing_yi_latest_temp_c,0.25399538922347525,sealed_confirmation_2024_plus
M3_catboost_residual,station_ta_kwu_ling_latest_temp_c,0.2514172981832813,sealed_confirmation_2024_plus
M3_catboost_residual,hourly_rainfall_text_count_6h,0.24814400831658903,sealed_confirmation_2024_plus
M3_catboost_residual,official_min_c,0.2465979966349071,sealed_confirmation_2024_plus
M3_catboost_residual,month,0.23602206753741423,sealed_confirmation_2024_plus
M3_catboost_residual,station_cheung_chau_latest_temp_c,0.23504610377556945,sealed_confirmation_2024_plus
M3_catboost_residual,target_lag365_tmax_c,0.23320745641072285,sealed_confirmation_2024_plus
M3_catboost_residual,fcst_flag_nt_higher,0.23200468963658277,sealed_confirmation_2024_plus
M3_catboost_residual,coastal_marine_latest_mean_minus_hko_c,0.2233946788795228,sealed_confirmation_2024_plus
M3_catboost_residual,target_modern_warming_signal_c,0.21733994047915636,sealed_confirmation_2024_plus
M3_catboost_residual,hourly_any_strong_monsoon_24h,0.21578290509766326,sealed_confirmation_2024_plus
M3_catboost_residual,west_nw_nt_latest_max_minus_hko_c,0.20940021677244083,sealed_confirmation_2024_plus
M3_catboost_residual,west_nw_nt_latest_mean_c,0.1986885864428601,sealed_confirmation_2024_plus
M3_catboost_residual,fcst_flag_southerly,0.1966865303674129,sealed_confirmation_2024_plus
M3_catboost_residual,station_ta_kwu_ling_latest_minus_hko_c,0.19146446083355176,sealed_confirmation_2024_plus
M3_catboost_residual,target_clim_month_10yr_mean_c,0.1863294419607319,sealed_confirmation_2024_plus
M3_catboost_residual,official_midpoint_c,0.17840325341761099,sealed_confirmation_2024_plus
M3_catboost_residual,target_roll14_mean_lag2_c,0.17774587542998205,sealed_confirmation_2024_plus
M3_catboost_residual,network_spread_x_thunderstorm_flag,0.15629797107137924,sealed_confirmation_2024_plus
M3_catboost_residual,tc_bearing_cos_latest,0.15381706807867945,sealed_confirmation_2024_plus
M3_catboost_residual,tc_bearing_sin_latest,0.15380315536915248,sealed_confirmation_2024_plus
M3_catboost_residual,maritime_suppression_index_c,0.1515370334687051,sealed_confirmation_2024_plus
M3_catboost_residual,target_lag7_tmax_c,0.14525575895755324,sealed_confirmation_2024_plus
M3_catboost_residual,station_tsing_yi_latest_minus_hko_c,0.12963315374194115,sealed_confirmation_2024_plus
M3_catboost_residual,rev_issue_span_hours,0.12742009159695822,sealed_confirmation_2024_plus
M3_catboost_residual,station_missing_count_mean_24h,0.12399619569937786,sealed_confirmation_2024_plus
M3_catboost_residual,station_missing_count_max_24h,0.11858845666090577,sealed_confirmation_2024_plus
M3_catboost_residual,shoulder_season_flag,0.11791370813553326,sealed_confirmation_2024_plus
M3_catboost_residual,target_clim_month_30yr_mean_c,0.1135746186963362,sealed_confirmation_2024_plus
M3_catboost_residual,station_hong_kong_park_latest_minus_hko_c,0.10729538942673314,sealed_confirmation_2024_plus
M3_catboost_residual,coastal_marine_mean_minus_hko_c,0.10134068035549008,sealed_confirmation_2024_plus
M3_catboost_residual,issue_age_minutes,0.10129990443428225,sealed_confirmation_2024_plus
M3_catboost_residual,hours_since_latest_rainfall_text,0.09727048865172247,sealed_confirmation_2024_plus
M3_catboost_residual,hko_rh_mean_12h_pct,0.09307291515622265,sealed_confirmation_2024_plus
M3_catboost_residual,target_roll30_mean_lag2_c,0.09041706968295127,sealed_confirmation_2024_plus
M3_catboost_residual,quarter,0.08979273218598147,sealed_confirmation_2024_plus
M3_catboost_residual,typhoon_season_flag,0.0844544926864896,sealed_confirmation_2024_plus
M3_catboost_residual,station_chek_lap_kok_latest_minus_hko_c,0.08395680917802598,sealed_confirmation_2024_plus
M3_catboost_residual,eligible_forecast_count,0.0774904970150675,sealed_confirmation_2024_plus
M3_catboost_residual,fcst_flag_monsoon,0.07422472847765399,sealed_confirmation_2024_plus
M3_catboost_residual,station_shek_kong_latest_minus_hko_c,0.07202790899599038,sealed_confirmation_2024_plus
M3_catboost_residual,urban_core_latest_mean_c,0.06434727306493708,sealed_confirmation_2024_plus
M3_catboost_residual,coastal_hko_alignment_c,0.05863310652452202,sealed_confirmation_2024_plus
M3_catboost_residual,hko_temp_trend_1h_c,0.05123351826454426,sealed_confirmation_2024_plus
M3_catboost_residual,station_chek_lap_kok_latest_temp_c,0.0479398825455874,sealed_confirmation_2024_plus
M3_catboost_residual,target_clim_doy_all_past_median_c,0.04593101016652968,sealed_confirmation_2024_plus
M3_catboost_residual,lead_seconds_to_target_start,0.04476157785209527,sealed_confirmation_2024_plus
M3_catboost_residual,tc_distance_to_hko_km_latest,0.0388201716131489,sealed_confirmation_2024_plus
M3_catboost_residual,network_latest_temp_min_c,0.034067612383521656,sealed_confirmation_2024_plus
M3_catboost_residual,hko_pre_target_afternoon_max_sofar_c,0.019031112385976198,sealed_confirmation_2024_plus
M3_catboost_residual,station_group_west_nw_nt_insufficient_count_flag,0.017046429052059654,sealed_confirmation_2024_plus
M3_catboost_residual,urban_hko_alignment_c,8.086624899022143e-05,sealed_confirmation_2024_plus
M3_catboost_residual,rev_text_regime_changed_latest,0.0,sealed_confirmation_2024_plus
M3_catboost_residual,rev_latest_minus_first_max_c,0.0,sealed_confirmation_2024_plus
M3_catboost_residual,rev_latest_minus_prev_max_c,0.0,sealed_confirmation_2024_plus
M3_catboost_residual,post_2018_flag,0.0,sealed_confirmation_2024_plus
M3_catboost_residual,hko_temp_mean_24h_c,0.0,sealed_confirmation_2024_plus
M3_catboost_residual,rev_very_hot_added_latest,0.0,sealed_confirmation_2024_plus
M3_catboost_residual,rev_bright_periods_added_latest,0.0,sealed_confirmation_2024_plus
M3_catboost_residual,rev_showers_added_latest,0.0,sealed_confirmation_2024_plus
M3_catboost_residual,rev_thunderstorm_added_latest,0.0,sealed_confirmation_2024_plus
M3_catboost_residual,hko_temp_max_24h_c,0.0,sealed_confirmation_2024_plus
M3_catboost_residual,rev_cloudy_added_latest,0.0,sealed_confirmation_2024_plus
M3_catboost_residual,hko_evening_cooling_18_to_cutoff_c_missing_flag,0.0,sealed_confirmation_2024_plus
M3_catboost_residual,hko_pre_target_evening_temp_c_missing_flag,0.0,sealed_confirmation_2024_plus
M3_catboost_residual,hko_pre_target_afternoon_max_sofar_c_missing_flag,0.0,sealed_confirmation_2024_plus
M3_catboost_residual,rev_path_max_c,0.0,sealed_confirmation_2024_plus
M3_catboost_residual,target_roll_7_insufficient_count_flag,0.0,sealed_confirmation_2024_plus
M3_catboost_residual,target_roll14_max_lag2_c,0.0,sealed_confirmation_2024_plus
M3_catboost_residual,cool_season_flag,0.0,sealed_confirmation_2024_plus
M3_catboost_residual,hot_season_flag,0.0,sealed_confirmation_2024_plus
M3_catboost_residual,coastal_marine_latest_missing_fraction,0.0,sealed_confirmation_2024_plus
M3_catboost_residual,hko_temp_mean_12h_c,0.0,sealed_confirmation_2024_plus
M3_catboost_residual,fcst_flag_easterly_ne,0.0,sealed_confirmation_2024_plus
M3_catboost_residual,network_latest_temp_max_c,0.0,sealed_confirmation_2024_plus
M3_catboost_residual,network_latest_temp_mean_c,0.0,sealed_confirmation_2024_plus
M3_catboost_residual,network_latest_missing_count,0.0,sealed_confirmation_2024_plus
M3_catboost_residual,network_latest_station_count,0.0,sealed_confirmation_2024_plus
M3_catboost_residual,hko_afternoon_warmup_09_to_15_c_missing_flag,0.0,sealed_confirmation_2024_plus
M3_catboost_residual,hko_trend_12h_missing_flag,0.0,sealed_confirmation_2024_plus
M3_catboost_residual,fcst_flag_thunderstorm,0.0,sealed_confirmation_2024_plus
M3_catboost_residual,fcst_flag_squally,0.0,sealed_confirmation_2024_plus
M3_catboost_residual,fcst_flag_bright_periods,0.0,sealed_confirmation_2024_plus
M3_catboost_residual,station_group_urban_core_insufficient_count_flag,0.0,sealed_confirmation_2024_plus
M3_catboost_residual,coastal_marine_latest_max_c,0.0,sealed_confirmation_2024_plus
M3_catboost_residual,coastal_marine_latest_count,0.0,sealed_confirmation_2024_plus
M3_catboost_residual,hko_evening_cooling_18_to_cutoff_c,0.0,sealed_confirmation_2024_plus
M3_catboost_residual,hko_dispatch_count_24h,0.0,sealed_confirmation_2024_plus
M3_catboost_residual,hko_temp_range_24h_c,0.0,sealed_confirmation_2024_plus
M3_catboost_residual,urban_core_latest_count,0.0,sealed_confirmation_2024_plus
M3_catboost_residual,hko_trend_6h_missing_flag,0.0,sealed_confirmation_2024_plus
M3_catboost_residual,hko_pre_target_evening_temp_c,0.0,sealed_confirmation_2024_plus
M3_catboost_residual,hko_pre_target_overnight_min_c,0.0,sealed_confirmation_2024_plus
M3_catboost_residual,hko_partial_parse_count_24h,0.0,sealed_confirmation_2024_plus
M3_catboost_residual,hko_trend_3h_missing_flag,0.0,sealed_confirmation_2024_plus
M3_catboost_residual,network_outlier_any_flag_24h,0.0,sealed_confirmation_2024_plus
M3_catboost_residual,station_json_empty_latest_flag,0.0,sealed_confirmation_2024_plus
M3_catboost_residual,station_missing_count_latest,0.0,sealed_confirmation_2024_plus
M3_catboost_residual,hko_pre_target_morning_mean_c_missing_flag,0.0,sealed_confirmation_2024_plus
M3_catboost_residual,hko_pre_target_overnight_min_c_missing_flag,0.0,sealed_confirmation_2024_plus
M3_catboost_residual,hko_afternoon_warmup_09_to_15_c,0.0,sealed_confirmation_2024_plus
M3_catboost_residual,station_group_coastal_marine_insufficient_count_flag,0.0,sealed_confirmation_2024_plus
M3_catboost_residual,coastal_marine_latest_max_minus_hko_c,0.0,sealed_confirmation_2024_plus
M3_catboost_residual,issue_minute_hkt,0.0,sealed_confirmation_2024_plus
M3_catboost_residual,issue_hour_bucket,0.0,sealed_confirmation_2024_plus
M3_catboost_residual,latest_issue_is_after_23_flag,0.0,sealed_confirmation_2024_plus
M3_catboost_residual,forecast_anchor_tie_flag,0.0,sealed_confirmation_2024_plus
M3_catboost_residual,rev_count,0.0,sealed_confirmation_2024_plus
M3_catboost_residual,rev_prev_max_c,0.0,sealed_confirmation_2024_plus
M3_catboost_residual,post_2010_flag,0.0,sealed_confirmation_2024_plus
M3_catboost_residual,issue_hour_hkt,0.0,sealed_confirmation_2024_plus
M3_catboost_residual,station_hong_kong_park_missing_flag,0.0,sealed_confirmation_2024_plus
M3_catboost_residual,station_hong_kong_park_outlier_flag,0.0,sealed_confirmation_2024_plus
M3_catboost_residual,station_chek_lap_kok_outlier_flag,0.0,sealed_confirmation_2024_plus
M3_catboost_residual,station_chek_lap_kok_missing_flag,0.0,sealed_confirmation_2024_plus
M3_catboost_residual,inland_nt_latest_max_c,0.0,sealed_confirmation_2024_plus
M3_catboost_residual,inland_nt_latest_max_minus_hko_c,0.0,sealed_confirmation_2024_plus
M3_catboost_residual,inland_nt_latest_missing_fraction,0.0,sealed_confirmation_2024_plus
M3_catboost_residual,inland_nt_latest_count,0.0,sealed_confirmation_2024_plus
M3_catboost_residual,urban_core_mean_minus_coastal_marine_mean_c,0.0,sealed_confirmation_2024_plus
M3_catboost_residual,urban_heat_index_c,0.0,sealed_confirmation_2024_plus
M3_catboost_residual,station_group_inland_nt_insufficient_count_flag,0.0,sealed_confirmation_2024_plus
M3_catboost_residual,urban_core_latest_max_minus_hko_c,0.0,sealed_confirmation_2024_plus
M3_catboost_residual,urban_core_latest_max_c,0.0,sealed_confirmation_2024_plus
M3_catboost_residual,station_kings_park_latest_minus_hko_c,0.0,sealed_confirmation_2024_plus
M3_catboost_residual,station_hong_kong_park_latest_temp_c,0.0,sealed_confirmation_2024_plus
M3_catboost_residual,station_kings_park_missing_flag,0.0,sealed_confirmation_2024_plus
M3_catboost_residual,hourly_latest_missing_flag,0.0,sealed_confirmation_2024_plus
M3_catboost_residual,hko_latest_temp_c,0.0,sealed_confirmation_2024_plus
M3_catboost_residual,forecast_single_issue_flag,0.0,sealed_confirmation_2024_plus
M3_catboost_residual,forecast_full_text_missing_flag,0.0,sealed_confirmation_2024_plus
M3_catboost_residual,forecast_revision_missing_prev_flag,0.0,sealed_confirmation_2024_plus
M3_catboost_residual,fcst_flag_active_southerly,0.0,sealed_confirmation_2024_plus
M3_catboost_residual,fcst_flag_tropical_cyclone,0.0,sealed_confirmation_2024_plus
M3_catboost_residual,fcst_flag_mist_fog,0.0,sealed_confirmation_2024_plus
M3_catboost_residual,station_lau_fau_shan_missing_flag,0.0,sealed_confirmation_2024_plus
M3_catboost_residual,station_lau_fau_shan_latest_minus_hko_c,0.0,sealed_confirmation_2024_plus
M3_catboost_residual,station_lau_fau_shan_latest_temp_c,0.0,sealed_confirmation_2024_plus
M3_catboost_residual,station_ta_kwu_ling_outlier_flag,0.0,sealed_confirmation_2024_plus
M3_catboost_residual,station_ta_kwu_ling_missing_flag,0.0,sealed_confirmation_2024_plus
M3_catboost_residual,hko_latest_age_minutes,0.0,sealed_confirmation_2024_plus
M3_catboost_residual,station_sai_kung_latest_temp_c,0.0,sealed_confirmation_2024_plus
M3_catboost_residual,station_kings_park_outlier_flag,0.0,sealed_confirmation_2024_plus
M3_catboost_residual,station_cheung_chau_missing_flag,0.0,sealed_confirmation_2024_plus
M3_catboost_residual,station_cheung_chau_latest_minus_hko_c,0.0,sealed_confirmation_2024_plus
M3_catboost_residual,station_tseung_kwan_o_latest_temp_c,0.0,sealed_confirmation_2024_plus
M3_catboost_residual,station_tseung_kwan_o_latest_minus_hko_c,0.0,sealed_confirmation_2024_plus
M3_catboost_residual,station_tsing_yi_outlier_flag,0.0,sealed_confirmation_2024_plus
M3_catboost_residual,station_tsing_yi_missing_flag,0.0,sealed_confirmation_2024_plus
M3_catboost_residual,station_shek_kong_outlier_flag,0.0,sealed_confirmation_2024_plus
M3_catboost_residual,station_shek_kong_missing_flag,0.0,sealed_confirmation_2024_plus
M3_catboost_residual,station_shek_kong_latest_temp_c,0.0,sealed_confirmation_2024_plus
M3_catboost_residual,station_wong_chuk_hang_outlier_flag,0.0,sealed_confirmation_2024_plus
M3_catboost_residual,station_wong_chuk_hang_missing_flag,0.0,sealed_confirmation_2024_plus
M3_catboost_residual,station_wong_chuk_hang_latest_temp_c,0.0,sealed_confirmation_2024_plus
M3_catboost_residual,station_sai_kung_outlier_flag,0.0,sealed_confirmation_2024_plus
M3_catboost_residual,station_sai_kung_missing_flag,0.0,sealed_confirmation_2024_plus
M3_catboost_residual,station_sai_kung_latest_minus_hko_c,0.0,sealed_confirmation_2024_plus
M3_catboost_residual,rev_range_latest_minus_prev_c,0.0,sealed_confirmation_2024_plus
M3_catboost_residual,rev_latest_minus_first_min_c,0.0,sealed_confirmation_2024_plus
M3_catboost_residual,rev_latest_minus_prev_min_c,0.0,sealed_confirmation_2024_plus
M3_catboost_residual,rev_last_issue_hour_hkt,0.0,sealed_confirmation_2024_plus
M3_catboost_residual,rev_first_issue_hour_hkt,0.0,sealed_confirmation_2024_plus
M3_catboost_residual,rev_latest3_all_same_flag,0.0,sealed_confirmation_2024_plus
M3_catboost_residual,rev_last3_slope_c_per_hour,0.0,sealed_confirmation_2024_plus
M3_catboost_residual,rev_num_same_moves,0.0,sealed_confirmation_2024_plus
M3_catboost_residual,rev_num_down_moves,0.0,sealed_confirmation_2024_plus
M3_catboost_residual,fcst_flag_hot,0.0,sealed_confirmation_2024_plus
M3_catboost_residual,fcst_flag_very_hot,0.0,sealed_confirmation_2024_plus
M3_catboost_residual,fcst_flag_cloudy,0.0,sealed_confirmation_2024_plus
M3_catboost_residual,station_sha_tin_outlier_flag,0.0,sealed_confirmation_2024_plus
M3_catboost_residual,station_sha_tin_missing_flag,0.0,sealed_confirmation_2024_plus
M3_catboost_residual,station_sha_tin_latest_temp_c,0.0,sealed_confirmation_2024_plus
M3_catboost_residual,station_cheung_chau_outlier_flag,0.0,sealed_confirmation_2024_plus
M3_catboost_residual,station_lau_fau_shan_outlier_flag,0.0,sealed_confirmation_2024_plus
M3_catboost_residual,hourly_any_very_hot_warning_6h,0.0,sealed_confirmation_2024_plus
M3_catboost_residual,hourly_any_strong_monsoon_6h,0.0,sealed_confirmation_2024_plus
M3_catboost_residual,hourly_any_tropical_cyclone_text_6h,0.0,sealed_confirmation_2024_plus
M3_catboost_residual,station_tseung_kwan_o_missing_flag,0.0,sealed_confirmation_2024_plus
M3_catboost_residual,station_tseung_kwan_o_outlier_flag,0.0,sealed_confirmation_2024_plus
M3_catboost_residual,rev_path_range_c,0.0,sealed_confirmation_2024_plus
M3_catboost_residual,rev_path_std_c,0.0,sealed_confirmation_2024_plus
M3_catboost_residual,rev_num_up_moves,0.0,sealed_confirmation_2024_plus
M3_catboost_residual,rev_range_path_std_c,0.0,sealed_confirmation_2024_plus
M3_catboost_residual,hourly_lightning_text_count_24h,0.0,sealed_confirmation_2024_plus
M3_catboost_residual,hourly_any_rainstorm_warning_6h,0.0,sealed_confirmation_2024_plus
M3_catboost_residual,hourly_any_red_black_rainstorm_6h,0.0,sealed_confirmation_2024_plus
M3_catboost_residual,hourly_any_thunderstorm_warning_6h,0.0,sealed_confirmation_2024_plus
M3_catboost_residual,network_spatial_heterogeneity_flag,0.0,sealed_confirmation_2024_plus
M3_catboost_residual,inland_coastal_spread_6h_max_c,0.0,sealed_confirmation_2024_plus
M3_catboost_residual,hourly_any_amber_rainstorm_6h,0.0,sealed_confirmation_2024_plus
M3_catboost_residual,hourly_any_red_black_rainstorm_24h,0.0,sealed_confirmation_2024_plus
M3_catboost_residual,hourly_any_amber_rainstorm_24h,0.0,sealed_confirmation_2024_plus
M3_catboost_residual,hourly_any_thunderstorm_warning_24h,0.0,sealed_confirmation_2024_plus
M3_catboost_residual,hourly_any_rainstorm_warning_24h,0.0,sealed_confirmation_2024_plus
M3_catboost_residual,hourly_text_block_present_6h,0.0,sealed_confirmation_2024_plus
M3_catboost_residual,hourly_any_rainfall_text_6h,0.0,sealed_confirmation_2024_plus
M3_catboost_residual,hourly_any_lightning_text_6h,0.0,sealed_confirmation_2024_plus
M3_catboost_residual,hourly_warning_text_count_6h,0.0,sealed_confirmation_2024_plus
M3_catboost_residual,target_lag_3_missing_flag,0.0,sealed_confirmation_2024_plus
M3_catboost_residual,target_lag_2_missing_flag,0.0,sealed_confirmation_2024_plus
M3_catboost_residual,hourly_text_block_present_24h,0.0,sealed_confirmation_2024_plus
M3_catboost_residual,hourly_any_rainfall_text_24h,0.0,sealed_confirmation_2024_plus
M3_catboost_residual,hourly_any_lightning_text_24h,0.0,sealed_confirmation_2024_plus
M3_catboost_residual,hourly_any_tropical_cyclone_text_24h,0.0,sealed_confirmation_2024_plus
M3_catboost_residual,hourly_any_very_hot_warning_24h,0.0,sealed_confirmation_2024_plus
M3_catboost_residual,fcst_flag_showers,0.0,sealed_confirmation_2024_plus
M3_catboost_residual,target_lag_30_missing_flag,0.0,sealed_confirmation_2024_plus
M3_catboost_residual,target_lag_60_missing_flag,0.0,sealed_confirmation_2024_plus
M3_catboost_residual,target_lag_365_missing_flag,0.0,sealed_confirmation_2024_plus
M3_catboost_residual,doy_cos,0.0,sealed_confirmation_2024_plus
M3_catboost_residual,warm_season_flag,0.0,sealed_confirmation_2024_plus
M3_catboost_residual,tc_distance_missing_flag,0.0,sealed_confirmation_2024_plus
M3_catboost_residual,target_lag_7_missing_flag,0.0,sealed_confirmation_2024_plus
M3_catboost_residual,target_lag_14_missing_flag,0.0,sealed_confirmation_2024_plus
M3_catboost_residual,hko_target_station_present_latest_flag,0.0,sealed_confirmation_2024_plus
M3_catboost_residual,hko_latest_observation_hour_hkt,0.0,sealed_confirmation_2024_plus
M3_catboost_residual,tc_lat_latest,0.0,sealed_confirmation_2024_plus
M3_catboost_residual,hko_latest_age_gt_90min_flag,0.0,sealed_confirmation_2024_plus
M3_catboost_residual,hko_dewpoint_missing_flag,0.0,sealed_confirmation_2024_plus
M3_catboost_residual,hko_rh_missing_flag,0.0,sealed_confirmation_2024_plus
M3_catboost_residual,hko_target_station_missing_flag,0.0,sealed_confirmation_2024_plus
M3_catboost_residual,hko_trend_1h_missing_flag,0.0,sealed_confirmation_2024_plus
M3_catboost_residual,hours_since_latest_warning_text,0.0,sealed_confirmation_2024_plus
M3_catboost_residual,hours_since_latest_lightning_text,0.0,sealed_confirmation_2024_plus
M3_catboost_residual,tc_name_present_latest_flag,0.0,sealed_confirmation_2024_plus
M3_catboost_residual,tc_position_present_latest_flag,0.0,sealed_confirmation_2024_plus
M3_catboost_residual,target_roll_365_insufficient_count_flag,0.0,sealed_confirmation_2024_plus
M3_catboost_residual,target_roll_60_insufficient_count_flag,0.0,sealed_confirmation_2024_plus
M3_catboost_residual,target_very_hot_spell_34_lag2_days,0.0,sealed_confirmation_2024_plus
M3_catboost_residual,hourly_rainfall_text_count_24h,0.0,sealed_confirmation_2024_plus
M3_catboost_residual,target_roll_14_insufficient_count_flag,0.0,sealed_confirmation_2024_plus
M3_catboost_residual,target_roll_30_insufficient_count_flag,0.0,sealed_confirmation_2024_plus
M3_catboost_residual,official_range_bin,0.0,sealed_confirmation_2024_plus
M3_catboost_residual,official_max_bin,0.0,sealed_confirmation_2024_plus
M3_catboost_residual,target_clim_doy_10yr_median_c,0.0,sealed_confirmation_2024_plus
M3_catboost_residual,hko_evening_temp_minus_official_min_c,0.0,sealed_confirmation_2024_plus
M3_catboost_residual,target_cool_spell_16_lag2_days,0.0,sealed_confirmation_2024_plus
M3_catboost_residual,day_of_year,0.0,sealed_confirmation_2024_plus
M3_catboost_residual,nt_heat_ceiling_index_c,11.109810247518782,fold1_2011_2013
M3_catboost_residual,hko_temp_trend_12h_c,8.165356173463293,fold1_2011_2013
M3_catboost_residual,network_mean_trend_6h_c,5.010886949193089,fold1_2011_2013
M3_catboost_residual,hko_temp_trend_6h_c,3.6156058436852403,fold1_2011_2013
M3_catboost_residual,hko_latest_temp_minus_official_max_c,3.342753946838129,fold1_2011_2013
M3_catboost_residual,hko_latest_age_minutes,2.734931796844406,fold1_2011_2013
M3_catboost_residual,target_lag2_minus_doy30_clim_c,2.573228769584644,fold1_2011_2013
M3_catboost_residual,trend_years_since_2000,2.0372053204941163,fold1_2011_2013
M3_catboost_residual,official_max_minus_doy_clim30_c,1.9556967590346717,fold1_2011_2013
M3_catboost_residual,target_history_max_source_date,1.8762000620603543,fold1_2011_2013
M3_catboost_residual,hko_latest_temp_minus_doy_hour_clim_c,1.688913741191738,fold1_2011_2013
M3_catboost_residual,target_lag60_tmax_c,1.6385766357900984,fold1_2011_2013
M3_catboost_residual,network_spread_mean_6h_c,1.6042999253405636,fold1_2011_2013
M3_catboost_residual,target_roll7_mean_lag2_c,1.5390944900315933,fold1_2011_2013
M3_catboost_residual,station_tsing_yi_latest_minus_hko_c,1.5033914686271128,fold1_2011_2013
M3_catboost_residual,target_lag3_tmax_c,1.0614667195413447,fold1_2011_2013
M3_catboost_residual,urban_heat_index_c,1.049289560649853,fold1_2011_2013
M3_catboost_residual,hko_latest_temp_minus_official_min_c,1.0218989703024075,fold1_2011_2013
M3_catboost_residual,rev_path_max_c,1.0112602446590533,fold1_2011_2013
M3_catboost_residual,rev_first_max_c,0.9666544731172664,fold1_2011_2013
M3_catboost_residual,fcst_flag_southerly,0.9536130353404629,fold1_2011_2013
M3_catboost_residual,hko_pre_target_afternoon_max_minus_official_max_c,0.9454080736612028,fold1_2011_2013
M3_catboost_residual,day_of_year,0.902710223596208,fold1_2011_2013
M3_catboost_residual,network_latest_temp_spread_c,0.8977259046173327,fold1_2011_2013
M3_catboost_residual,hko_temp_mean_24h_minus_doy_clim_c,0.8956659889176224,fold1_2011_2013
M3_catboost_residual,hko_afternoon_warmup_09_to_15_c,0.877364939326002,fold1_2011_2013
M3_catboost_residual,target_roll30_anomaly_lag2_c,0.8330190400871491,fold1_2011_2013
M3_catboost_residual,target_roll7_minus_roll30_c,0.819939247105573,fold1_2011_2013
M3_catboost_residual,hko_evening_temp_minus_official_min_c,0.8090675927938755,fold1_2011_2013
M3_catboost_residual,rev_prev_max_c,0.7752620352887928,fold1_2011_2013
M3_catboost_residual,hours_since_latest_warning_text,0.7683489474813795,fold1_2011_2013
M3_catboost_residual,west_nw_nt_latest_count,0.7590838158129081,fold1_2011_2013
M3_catboost_residual,hko_temp_mean_24h_c,0.7531668845935967,fold1_2011_2013
M3_catboost_residual,fcst_flag_easterly_ne,0.7480591554340323,fold1_2011_2013
M3_catboost_residual,official_midpoint_minus_doy_clim30_c,0.7466948908815868,fold1_2011_2013
M3_catboost_residual,official_max_minus_month_clim10_c,0.6938064991033343,fold1_2011_2013
M3_catboost_residual,network_latest_station_count,0.6791689044007561,fold1_2011_2013
M3_catboost_residual,coastal_marine_mean_minus_hko_c,0.6585685220466609,fold1_2011_2013
M3_catboost_residual,hko_pre_target_afternoon_max_sofar_c,0.6509881619323215,fold1_2011_2013
M3_catboost_residual,urban_core_latest_mean_minus_hko_c,0.6266532882399688,fold1_2011_2013
M3_catboost_residual,rev_last_change_age_hours,0.5921183751949529,fold1_2011_2013
M3_catboost_residual,target_roll365_mean_lag2_c,0.5903577490093583,fold1_2011_2013
M3_catboost_residual,hko_pre_target_evening_temp_c,0.5700850712952416,fold1_2011_2013
M3_catboost_residual,hours_since_latest_rainfall_text,0.5660361972861256,fold1_2011_2013
M3_catboost_residual,station_missing_count_mean_24h,0.5595954737953827,fold1_2011_2013
M3_catboost_residual,urban_core_latest_missing_fraction,0.5582033593537052,fold1_2011_2013
M3_catboost_residual,network_latest_valid_count,0.5560269947798236,fold1_2011_2013
M3_catboost_residual,inland_nt_latest_mean_c,0.5320842240374013,fold1_2011_2013
M3_catboost_residual,official_midpoint_c,0.525904117691018,fold1_2011_2013
M3_catboost_residual,fcst_flag_sunny,0.5099996929762804,fold1_2011_2013
M3_catboost_residual,station_wong_chuk_hang_latest_temp_c,0.508054014579174,fold1_2011_2013
M3_catboost_residual,hko_latest_dewpoint_depression_c,0.5062955379277632,fold1_2011_2013
M3_catboost_residual,urban_core_mean_minus_coastal_marine_mean_c,0.48786801816535463,fold1_2011_2013
M3_catboost_residual,west_nw_nt_mean_minus_coastal_marine_mean_c,0.4872746928917358,fold1_2011_2013
M3_catboost_residual,hourly_warning_text_count_24h,0.4860115690189505,fold1_2011_2013
M3_catboost_residual,target_hot_spell_33_lag2_days,0.47013580839697905,fold1_2011_2013
M3_catboost_residual,network_spread_max_24h_c,0.4620628590655262,fold1_2011_2013
M3_catboost_residual,west_nw_nt_latest_max_minus_hko_c,0.44919778315216274,fold1_2011_2013
M3_catboost_residual,target_roll30_mean_lag2_c,0.4327266551195489,fold1_2011_2013
M3_catboost_residual,tc_bearing_sin_latest,0.4224203012677538,fold1_2011_2013
M3_catboost_residual,official_max_round_c,0.41708314250722883,fold1_2011_2013
M3_catboost_residual,target_roll7_max_lag2_c,0.4086589463218264,fold1_2011_2013
M3_catboost_residual,hko_temp_range_24h_c,0.4025310828763034,fold1_2011_2013
M3_catboost_residual,station_tseung_kwan_o_latest_minus_hko_c,0.38578728963098113,fold1_2011_2013
M3_catboost_residual,doy_sin,0.38490800759469396,fold1_2011_2013
M3_catboost_residual,hko_pre_target_overnight_min_c,0.3846561578678006,fold1_2011_2013
M3_catboost_residual,hko_rh_mean_6h_pct,0.3806391929043497,fold1_2011_2013
M3_catboost_residual,rev_last3_slope_c_per_hour,0.37352969139077513,fold1_2011_2013
M3_catboost_residual,hko_dispatch_count_24h,0.3729064407582381,fold1_2011_2013
M3_catboost_residual,target_lag2_tmax_c,0.3645907145887594,fold1_2011_2013
M3_catboost_residual,station_cheung_chau_latest_temp_c,0.3403218192249911,fold1_2011_2013
M3_catboost_residual,coastal_hko_alignment_c,0.33926890860428655,fold1_2011_2013
M3_catboost_residual,target_roll60_mean_lag2_c,0.3350383609938219,fold1_2011_2013
M3_catboost_residual,hourly_any_red_black_rainstorm_24h,0.3286895492242228,fold1_2011_2013
M3_catboost_residual,official_range_c,0.3286808823151515,fold1_2011_2013
M3_catboost_residual,inland_heat_index_c,0.3282305960964487,fold1_2011_2013
M3_catboost_residual,coastal_marine_latest_max_c,0.3264240174311889,fold1_2011_2013
M3_catboost_residual,hours_since_latest_lightning_text,0.321065329504127,fold1_2011_2013
M3_catboost_residual,network_latest_hko_percentile,0.3195201439541781,fold1_2011_2013
M3_catboost_residual,target_roll14_max_lag2_c,0.318967592454056,fold1_2011_2013
M3_catboost_residual,hourly_rainfall_text_count_6h,0.3102761202020829,fold1_2011_2013
M3_catboost_residual,west_nw_nt_latest_missing_fraction,0.3029172008685812,fold1_2011_2013
M3_catboost_residual,hours_since_latest_tropical_cyclone_text,0.29907814066753374,fold1_2011_2013
M3_catboost_residual,hko_temp_mean_6h_c,0.2850012515066634,fold1_2011_2013
M3_catboost_residual,maritime_suppression_index_c,0.27905999850611907,fold1_2011_2013
M3_catboost_residual,urban_core_mean_minus_hko_c,0.2753075739884636,fold1_2011_2013
M3_catboost_residual,tc_distance_to_hko_km_latest,0.27151760353838444,fold1_2011_2013
M3_catboost_residual,hko_latest_rh_pct,0.26882933144979065,fold1_2011_2013
M3_catboost_residual,fcst_flag_cloudy,0.2645348682171857,fold1_2011_2013
M3_catboost_residual,network_latest_temp_min_c,0.2635306640300787,fold1_2011_2013
M3_catboost_residual,rev_issue_span_hours,0.2612939432974415,fold1_2011_2013
M3_catboost_residual,hko_rh_mean_12h_pct,0.25873792974095944,fold1_2011_2013
M3_catboost_residual,station_kings_park_latest_temp_c,0.2544296038049226,fold1_2011_2013
M3_catboost_residual,station_hong_kong_park_latest_temp_c,0.234824173331243,fold1_2011_2013
M3_catboost_residual,network_latest_temp_max_c,0.22902669403661272,fold1_2011_2013
M3_catboost_residual,inland_minus_coastal_trend_6h_c,0.2240693169208546,fold1_2011_2013
M3_catboost_residual,station_tseung_kwan_o_latest_temp_c,0.22319954906471676,fold1_2011_2013
M3_catboost_residual,fcst_flag_monsoon,0.2163600646738472,fold1_2011_2013
M3_catboost_residual,network_latest_max_minus_hko_c,0.21487369681561036,fold1_2011_2013
M3_catboost_residual,rev_first_issue_hour_hkt,0.21423754081262755,fold1_2011_2013
M3_catboost_residual,station_shek_kong_latest_temp_c,0.21405434297713927,fold1_2011_2013
M3_catboost_residual,tc_lon_latest,0.19661698052876825,fold1_2011_2013
M3_catboost_residual,official_max_c,0.18936861740835698,fold1_2011_2013
M3_catboost_residual,urban_core_latest_mean_c,0.1853576410536642,fold1_2011_2013
M3_catboost_residual,hko_latest_temp_c,0.18514239590831058,fold1_2011_2013
M3_catboost_residual,network_spread_max_6h_c,0.1817629856837867,fold1_2011_2013
M3_catboost_residual,month,0.17877651667052455,fold1_2011_2013
M3_catboost_residual,tc_lat_latest,0.17241268095672954,fold1_2011_2013
M3_catboost_residual,station_sai_kung_latest_temp_c,0.16711018723087243,fold1_2011_2013
M3_catboost_residual,hourly_rainfall_text_count_24h,0.16517881803679857,fold1_2011_2013
M3_catboost_residual,west_nw_nt_latest_mean_c,0.16434771421416774,fold1_2011_2013
M3_catboost_residual,target_roll14_mean_lag2_c,0.1605903366886176,fold1_2011_2013
M3_catboost_residual,urban_core_latest_count,0.16046892994286924,fold1_2011_2013
M3_catboost_residual,station_ta_kwu_ling_latest_temp_c,0.15900679504167722,fold1_2011_2013
M3_catboost_residual,rev_num_same_moves,0.15761995676970236,fold1_2011_2013
M3_catboost_residual,doy_cos,0.1540475147785671,fold1_2011_2013
M3_catboost_residual,rev_num_up_moves,0.1537690960396707,fold1_2011_2013
M3_catboost_residual,rev_path_min_c,0.153434106620456,fold1_2011_2013
M3_catboost_residual,target_clim_month_10yr_mean_c,0.14897841667164358,fold1_2011_2013
M3_catboost_residual,hko_temp_mean_12h_c,0.1486030890450075,fold1_2011_2013
M3_catboost_residual,inland_nt_max_minus_urban_core_mean_c,0.14517030813494622,fold1_2011_2013
M3_catboost_residual,hourly_any_rainfall_text_6h,0.14503113106700377,fold1_2011_2013
M3_catboost_residual,target_modern_warming_signal_c,0.14429376308712807,fold1_2011_2013
M3_catboost_residual,inland_coastal_spread_6h_max_c,0.13994324697181906,fold1_2011_2013
M3_catboost_residual,urban_core_latest_max_minus_hko_c,0.1382816647233499,fold1_2011_2013
M3_catboost_residual,target_lag14_tmax_c,0.12647380110268883,fold1_2011_2013
M3_catboost_residual,target_lag30_tmax_c,0.12181424861546758,fold1_2011_2013
M3_catboost_residual,coastal_marine_latest_mean_minus_hko_c,0.12109488412064612,fold1_2011_2013
M3_catboost_residual,west_nw_nt_latest_mean_minus_hko_c,0.11957697322039185,fold1_2011_2013
M3_catboost_residual,target_clim_month_10yr_std_c,0.11301501341231915,fold1_2011_2013
M3_catboost_residual,rev_path_std_c,0.11298048289522605,fold1_2011_2013
M3_catboost_residual,station_wong_chuk_hang_latest_minus_hko_c,0.10817024722132826,fold1_2011_2013
M3_catboost_residual,urban_hko_alignment_c,0.1042640713515479,fold1_2011_2013
M3_catboost_residual,hko_pre_target_morning_mean_c,0.10277611618845954,fold1_2011_2013
M3_catboost_residual,hourly_lightning_text_count_24h,0.09925517935119552,fold1_2011_2013
M3_catboost_residual,station_kings_park_latest_minus_hko_c,0.09369026717371992,fold1_2011_2013
M3_catboost_residual,inland_nt_latest_mean_minus_hko_c,0.09171739124841996,fold1_2011_2013
M3_catboost_residual,hourly_warning_text_count_6h,0.08014012782986515,fold1_2011_2013
M3_catboost_residual,hourly_any_very_hot_warning_6h,0.07803506777968112,fold1_2011_2013
M3_catboost_residual,inland_heat_index_x_warm_season,0.07638675420575711,fold1_2011_2013
M3_catboost_residual,lead_seconds_to_target_start,0.07379428868048991,fold1_2011_2013
M3_catboost_residual,urban_core_latest_max_c,0.0720739518637364,fold1_2011_2013
M3_catboost_residual,tc_position_present_latest_flag,0.06989592678803985,fold1_2011_2013
M3_catboost_residual,hourly_any_lightning_text_24h,0.06559815062287282,fold1_2011_2013
M3_catboost_residual,hko_station_rank_pct,0.04931098888893071,fold1_2011_2013
M3_catboost_residual,station_missing_count_max_24h,0.04801521751926011,fold1_2011_2013
M3_catboost_residual,hko_latest_dewpoint_c,0.044208466085987996,fold1_2011_2013
M3_catboost_residual,hko_rh_trend_6h_pct,0.01744961383222884,fold1_2011_2013
M3_catboost_residual,inland_nt_mean_minus_coastal_marine_mean_c,0.01499665840027007,fold1_2011_2013
M3_catboost_residual,hko_rh_missing_flag,0.0,fold1_2011_2013
M3_catboost_residual,hko_trend_12h_missing_flag,0.0,fold1_2011_2013
M3_catboost_residual,hko_temp_trend_1h_c,0.0,fold1_2011_2013
M3_catboost_residual,hko_dewpoint_missing_flag,0.0,fold1_2011_2013
M3_catboost_residual,hko_trend_3h_missing_flag,0.0,fold1_2011_2013
M3_catboost_residual,hko_trend_6h_missing_flag,0.0,fold1_2011_2013
M3_catboost_residual,hko_target_station_missing_flag,0.0,fold1_2011_2013
M3_catboost_residual,target_clim_doy_10yr_median_c,0.0,fold1_2011_2013
M3_catboost_residual,network_latest_hko_minus_mean_c,0.0,fold1_2011_2013
M3_catboost_residual,network_latest_temp_mean_c,0.0,fold1_2011_2013
M3_catboost_residual,hko_trend_1h_missing_flag,0.0,fold1_2011_2013
M3_catboost_residual,hko_temp_trend_3h_c,0.0,fold1_2011_2013
M3_catboost_residual,hko_temp_max_24h_c,0.0,fold1_2011_2013
M3_catboost_residual,hko_temp_min_24h_c,0.0,fold1_2011_2013
M3_catboost_residual,forecast_full_text_missing_flag,0.0,fold1_2011_2013
M3_catboost_residual,hourly_latest_missing_flag,0.0,fold1_2011_2013
M3_catboost_residual,forecast_revision_missing_prev_flag,0.0,fold1_2011_2013
M3_catboost_residual,forecast_single_issue_flag,0.0,fold1_2011_2013
M3_catboost_residual,eligible_forecast_count,0.0,fold1_2011_2013
M3_catboost_residual,rev_text_regime_changed_latest,0.0,fold1_2011_2013
M3_catboost_residual,rev_cloudy_added_latest,0.0,fold1_2011_2013
M3_catboost_residual,rev_bright_periods_added_latest,0.0,fold1_2011_2013
M3_catboost_residual,rev_thunderstorm_added_latest,0.0,fold1_2011_2013
M3_catboost_residual,hko_partial_parse_count_24h,0.0,fold1_2011_2013
M3_catboost_residual,rev_very_hot_added_latest,0.0,fold1_2011_2013
M3_catboost_residual,rev_showers_added_latest,0.0,fold1_2011_2013
M3_catboost_residual,hko_rh_mean_24h_pct,0.0,fold1_2011_2013
M3_catboost_residual,hko_rh_trend_3h_pct,0.0,fold1_2011_2013
M3_catboost_residual,target_roll30_minus_doy30_clim_c,0.0,fold1_2011_2013
M3_catboost_residual,target_clim_doy_30yr_median_c,0.0,fold1_2011_2013
M3_catboost_residual,hko_target_station_present_latest_flag,0.0,fold1_2011_2013
M3_catboost_residual,hko_latest_observation_hour_hkt,0.0,fold1_2011_2013
M3_catboost_residual,hko_latest_age_gt_90min_flag,0.0,fold1_2011_2013
M3_catboost_residual,official_min_c,0.0,fold1_2011_2013
M3_catboost_residual,latest_issue_is_after_23_flag,0.0,fold1_2011_2013
M3_catboost_residual,forecast_anchor_tie_flag,0.0,fold1_2011_2013
M3_catboost_residual,quarter,0.0,fold1_2011_2013
M3_catboost_residual,target_cool_spell_16_lag2_days,0.0,fold1_2011_2013
M3_catboost_residual,target_clim_month_30yr_mean_c,0.0,fold1_2011_2013
M3_catboost_residual,issue_age_minutes,0.0,fold1_2011_2013
M3_catboost_residual,issue_hour_bucket,0.0,fold1_2011_2013
M3_catboost_residual,issue_minute_hkt,0.0,fold1_2011_2013
M3_catboost_residual,target_clim_doy_all_past_median_c,0.0,fold1_2011_2013
M3_catboost_residual,official_range_bin,0.0,fold1_2011_2013
M3_catboost_residual,issue_hour_hkt,0.0,fold1_2011_2013
M3_catboost_residual,official_max_bin,0.0,fold1_2011_2013
M3_catboost_residual,fcst_flag_active_southerly,0.0,fold1_2011_2013
M3_catboost_residual,fcst_flag_tropical_cyclone,0.0,fold1_2011_2013
M3_catboost_residual,fcst_flag_nt_higher,0.0,fold1_2011_2013
M3_catboost_residual,fcst_flag_mist_fog,0.0,fold1_2011_2013
M3_catboost_residual,station_group_west_nw_nt_insufficient_count_flag,0.0,fold1_2011_2013
M3_catboost_residual,inland_nt_latest_max_minus_hko_c,0.0,fold1_2011_2013
M3_catboost_residual,station_group_inland_nt_insufficient_count_flag,0.0,fold1_2011_2013
M3_catboost_residual,inland_nt_latest_max_c,0.0,fold1_2011_2013
M3_catboost_residual,west_nw_nt_latest_max_c,0.0,fold1_2011_2013
M3_catboost_residual,fcst_flag_heavy_showers,0.0,fold1_2011_2013
M3_catboost_residual,fcst_flag_squally,0.0,fold1_2011_2013
M3_catboost_residual,fcst_flag_thunderstorm,0.0,fold1_2011_2013
M3_catboost_residual,fcst_flag_bright_periods,0.0,fold1_2011_2013
M3_catboost_residual,fcst_flag_fine,0.0,fold1_2011_2013
M3_catboost_residual,fcst_flag_very_hot,0.0,fold1_2011_2013
M3_catboost_residual,fcst_flag_hot,0.0,fold1_2011_2013
M3_catboost_residual,inland_nt_latest_count,0.0,fold1_2011_2013
M3_catboost_residual,inland_nt_latest_missing_fraction,0.0,fold1_2011_2013
M3_catboost_residual,network_latest_missing_count,0.0,fold1_2011_2013
M3_catboost_residual,hko_pre_target_morning_mean_c_missing_flag,0.0,fold1_2011_2013
M3_catboost_residual,hko_pre_target_afternoon_max_sofar_c_missing_flag,0.0,fold1_2011_2013
M3_catboost_residual,hko_pre_target_evening_temp_c_missing_flag,0.0,fold1_2011_2013
M3_catboost_residual,station_missing_count_latest,0.0,fold1_2011_2013
M3_catboost_residual,station_json_empty_latest_flag,0.0,fold1_2011_2013
M3_catboost_residual,network_latest_valid_fraction,0.0,fold1_2011_2013
M3_catboost_residual,network_outlier_any_flag_24h,0.0,fold1_2011_2013
M3_catboost_residual,coastal_marine_latest_mean_c,0.0,fold1_2011_2013
M3_catboost_residual,station_group_urban_core_insufficient_count_flag,0.0,fold1_2011_2013
M3_catboost_residual,coastal_marine_latest_count,0.0,fold1_2011_2013
M3_catboost_residual,coastal_marine_latest_missing_fraction,0.0,fold1_2011_2013
M3_catboost_residual,coastal_marine_latest_max_minus_hko_c,0.0,fold1_2011_2013
M3_catboost_residual,station_group_coastal_marine_insufficient_count_flag,0.0,fold1_2011_2013
M3_catboost_residual,hko_evening_cooling_18_to_cutoff_c,0.0,fold1_2011_2013
M3_catboost_residual,hko_pre_target_overnight_min_c_missing_flag,0.0,fold1_2011_2013
M3_catboost_residual,hko_evening_cooling_18_to_cutoff_c_missing_flag,0.0,fold1_2011_2013
M3_catboost_residual,hko_afternoon_warmup_09_to_15_c_missing_flag,0.0,fold1_2011_2013
M3_catboost_residual,station_wong_chuk_hang_outlier_flag,0.0,fold1_2011_2013
M3_catboost_residual,station_wong_chuk_hang_missing_flag,0.0,fold1_2011_2013
M3_catboost_residual,station_sai_kung_outlier_flag,0.0,fold1_2011_2013
M3_catboost_residual,station_lau_fau_shan_missing_flag,0.0,fold1_2011_2013
M3_catboost_residual,station_ta_kwu_ling_missing_flag,0.0,fold1_2011_2013
M3_catboost_residual,station_ta_kwu_ling_latest_minus_hko_c,0.0,fold1_2011_2013
M3_catboost_residual,station_lau_fau_shan_latest_temp_c,0.0,fold1_2011_2013
M3_catboost_residual,station_sai_kung_missing_flag,0.0,fold1_2011_2013
M3_catboost_residual,station_lau_fau_shan_outlier_flag,0.0,fold1_2011_2013
M3_catboost_residual,station_sai_kung_latest_minus_hko_c,0.0,fold1_2011_2013
M3_catboost_residual,station_lau_fau_shan_latest_minus_hko_c,0.0,fold1_2011_2013
M3_catboost_residual,station_hong_kong_park_missing_flag,0.0,fold1_2011_2013
M3_catboost_residual,station_sha_tin_missing_flag,0.0,fold1_2011_2013
M3_catboost_residual,station_sha_tin_latest_minus_hko_c,0.0,fold1_2011_2013
M3_catboost_residual,station_sha_tin_latest_temp_c,0.0,fold1_2011_2013
M3_catboost_residual,station_sha_tin_outlier_flag,0.0,fold1_2011_2013
M3_catboost_residual,station_ta_kwu_ling_outlier_flag,0.0,fold1_2011_2013
M3_catboost_residual,station_kings_park_missing_flag,0.0,fold1_2011_2013
M3_catboost_residual,station_kings_park_outlier_flag,0.0,fold1_2011_2013
M3_catboost_residual,station_hong_kong_park_latest_minus_hko_c,0.0,fold1_2011_2013
M3_catboost_residual,station_chek_lap_kok_missing_flag,0.0,fold1_2011_2013
M3_catboost_residual,station_chek_lap_kok_outlier_flag,0.0,fold1_2011_2013
M3_catboost_residual,station_cheung_chau_latest_minus_hko_c,0.0,fold1_2011_2013
M3_catboost_residual,station_cheung_chau_missing_flag,0.0,fold1_2011_2013
M3_catboost_residual,station_cheung_chau_outlier_flag,0.0,fold1_2011_2013
M3_catboost_residual,station_hong_kong_park_outlier_flag,0.0,fold1_2011_2013
M3_catboost_residual,station_chek_lap_kok_latest_temp_c,0.0,fold1_2011_2013
M3_catboost_residual,station_chek_lap_kok_latest_minus_hko_c,0.0,fold1_2011_2013
M3_catboost_residual,hourly_any_rainstorm_warning_24h,0.0,fold1_2011_2013
M3_catboost_residual,hourly_any_thunderstorm_warning_24h,0.0,fold1_2011_2013
M3_catboost_residual,hourly_lightning_text_count_6h,0.0,fold1_2011_2013
M3_catboost_residual,hourly_text_block_present_6h,0.0,fold1_2011_2013
M3_catboost_residual,hourly_any_lightning_text_6h,0.0,fold1_2011_2013
M3_catboost_residual,hourly_any_red_black_rainstorm_6h,0.0,fold1_2011_2013
M3_catboost_residual,hourly_any_strong_monsoon_6h,0.0,fold1_2011_2013
M3_catboost_residual,hourly_any_tropical_cyclone_text_6h,0.0,fold1_2011_2013
M3_catboost_residual,hourly_any_thunderstorm_warning_6h,0.0,fold1_2011_2013
M3_catboost_residual,hourly_any_rainstorm_warning_6h,0.0,fold1_2011_2013
M3_catboost_residual,hourly_any_amber_rainstorm_6h,0.0,fold1_2011_2013
M3_catboost_residual,station_shek_kong_outlier_flag,0.0,fold1_2011_2013
M3_catboost_residual,station_tseung_kwan_o_missing_flag,0.0,fold1_2011_2013
M3_catboost_residual,station_tseung_kwan_o_outlier_flag,0.0,fold1_2011_2013
M3_catboost_residual,network_spatial_heterogeneity_flag,0.0,fold1_2011_2013
M3_catboost_residual,network_spread_x_thunderstorm_flag,0.0,fold1_2011_2013
M3_catboost_residual,station_shek_kong_latest_minus_hko_c,0.0,fold1_2011_2013
M3_catboost_residual,station_shek_kong_missing_flag,0.0,fold1_2011_2013
M3_catboost_residual,station_tsing_yi_missing_flag,0.0,fold1_2011_2013
M3_catboost_residual,station_tsing_yi_outlier_flag,0.0,fold1_2011_2013
M3_catboost_residual,station_tsing_yi_latest_temp_c,0.0,fold1_2011_2013
M3_catboost_residual,rev_latest_minus_first_min_c,0.0,fold1_2011_2013
M3_catboost_residual,hourly_any_very_hot_warning_24h,0.0,fold1_2011_2013
M3_catboost_residual,rev_path_range_c,0.0,fold1_2011_2013
M3_catboost_residual,hourly_text_block_present_24h,0.0,fold1_2011_2013
M3_catboost_residual,rev_latest_minus_prev_min_c,0.0,fold1_2011_2013
M3_catboost_residual,rev_last_issue_hour_hkt,0.0,fold1_2011_2013
M3_catboost_residual,rev_latest3_all_same_flag,0.0,fold1_2011_2013
M3_catboost_residual,rev_num_down_moves,0.0,fold1_2011_2013
M3_catboost_residual,hourly_any_strong_monsoon_24h,0.0,fold1_2011_2013
M3_catboost_residual,hourly_any_tropical_cyclone_text_24h,0.0,fold1_2011_2013
M3_catboost_residual,hourly_any_amber_rainstorm_24h,0.0,fold1_2011_2013
M3_catboost_residual,tc_distance_missing_flag,0.0,fold1_2011_2013
M3_catboost_residual,tc_bearing_cos_latest,0.0,fold1_2011_2013
M3_catboost_residual,tc_name_present_latest_flag,0.0,fold1_2011_2013
M3_catboost_residual,rev_range_latest_minus_prev_c,0.0,fold1_2011_2013
M3_catboost_residual,hourly_any_rainfall_text_24h,0.0,fold1_2011_2013
M3_catboost_residual,fcst_flag_showers,0.0,fold1_2011_2013
M3_catboost_residual,rev_range_path_std_c,0.0,fold1_2011_2013
M3_catboost_residual,target_lag_2_missing_flag,0.0,fold1_2011_2013
M3_catboost_residual,target_lag_30_missing_flag,0.0,fold1_2011_2013
M3_catboost_residual,target_lag_60_missing_flag,0.0,fold1_2011_2013
M3_catboost_residual,target_lag365_tmax_c,0.0,fold1_2011_2013
M3_catboost_residual,target_lag_365_missing_flag,0.0,fold1_2011_2013
M3_catboost_residual,target_lag_7_missing_flag,0.0,fold1_2011_2013
M3_catboost_residual,target_lag7_tmax_c,0.0,fold1_2011_2013
M3_catboost_residual,target_lag_14_missing_flag,0.0,fold1_2011_2013
M3_catboost_residual,target_lag_3_missing_flag,0.0,fold1_2011_2013
M3_catboost_residual,typhoon_season_flag,0.0,fold1_2011_2013
M3_catboost_residual,hot_season_flag,0.0,fold1_2011_2013
M3_catboost_residual,cool_season_flag,0.0,fold1_2011_2013
M3_catboost_residual,warm_season_flag,0.0,fold1_2011_2013
M3_catboost_residual,rev_count,0.0,fold1_2011_2013
M3_catboost_residual,shoulder_season_flag,0.0,fold1_2011_2013
M3_catboost_residual,post_2018_flag,0.0,fold1_2011_2013
M3_catboost_residual,post_2010_flag,0.0,fold1_2011_2013
M3_catboost_residual,target_roll_7_insufficient_count_flag,0.0,fold1_2011_2013
M3_catboost_residual,rev_latest_minus_first_max_c,0.0,fold1_2011_2013
M3_catboost_residual,rev_latest_minus_prev_max_c,0.0,fold1_2011_2013
M3_catboost_residual,target_roll_14_insufficient_count_flag,0.0,fold1_2011_2013
M3_catboost_residual,target_roll_30_insufficient_count_flag,0.0,fold1_2011_2013
M3_catboost_residual,target_roll_60_insufficient_count_flag,0.0,fold1_2011_2013
M3_catboost_residual,target_roll_365_insufficient_count_flag,0.0,fold1_2011_2013
M3_catboost_residual,target_very_hot_spell_34_lag2_days,0.0,fold1_2011_2013
M3_catboost_residual,nt_heat_ceiling_index_c,10.622021268830727,fold2_2014_2016
M3_catboost_residual,hko_temp_trend_12h_c,9.44448431670361,fold2_2014_2016
M3_catboost_residual,network_mean_trend_6h_c,8.54564320693147,fold2_2014_2016
M3_catboost_residual,network_latest_temp_spread_c,4.224411466356317,fold2_2014_2016
M3_catboost_residual,hko_temp_trend_6h_c,3.7729807519457856,fold2_2014_2016
M3_catboost_residual,network_spread_mean_6h_c,3.379972587626083,fold2_2014_2016
M3_catboost_residual,hko_latest_temp_minus_official_max_c,3.0191893069068336,fold2_2014_2016
M3_catboost_residual,rev_first_max_c,2.318428283054424,fold2_2014_2016
M3_catboost_residual,target_roll30_anomaly_lag2_c,2.2055384394955255,fold2_2014_2016
M3_catboost_residual,hko_latest_temp_minus_doy_hour_clim_c,1.8060912019892488,fold2_2014_2016
M3_catboost_residual,fcst_flag_sunny,1.5273349323941505,fold2_2014_2016
M3_catboost_residual,official_max_minus_doy_clim30_c,1.4017212085343027,fold2_2014_2016
M3_catboost_residual,urban_core_mean_minus_coastal_marine_mean_c,1.2107283467955732,fold2_2014_2016
M3_catboost_residual,hko_temp_mean_6h_c,1.1839188158834761,fold2_2014_2016
M3_catboost_residual,hko_latest_temp_minus_official_min_c,1.1745943833601022,fold2_2014_2016
M3_catboost_residual,official_max_minus_month_clim10_c,1.1625861726325715,fold2_2014_2016
M3_catboost_residual,urban_heat_index_c,1.147438917768619,fold2_2014_2016
M3_catboost_residual,target_history_max_source_date,1.126883377898867,fold2_2014_2016
M3_catboost_residual,hko_latest_age_minutes,1.100502404711,fold2_2014_2016
M3_catboost_residual,trend_years_since_2000,1.0810175244105433,fold2_2014_2016
M3_catboost_residual,official_midpoint_minus_doy_clim30_c,1.0289940675071771,fold2_2014_2016
M3_catboost_residual,station_tsing_yi_latest_minus_hko_c,0.9957085365419363,fold2_2014_2016
M3_catboost_residual,rev_prev_max_c,0.9524347994222917,fold2_2014_2016
M3_catboost_residual,west_nw_nt_latest_missing_fraction,0.8902461954065938,fold2_2014_2016
M3_catboost_residual,target_lag2_minus_doy30_clim_c,0.8750113683808539,fold2_2014_2016
M3_catboost_residual,hourly_warning_text_count_24h,0.865829873789422,fold2_2014_2016
M3_catboost_residual,hours_since_latest_rainfall_text,0.8637931877668003,fold2_2014_2016
M3_catboost_residual,rev_path_max_c,0.8264437900742351,fold2_2014_2016
M3_catboost_residual,month,0.818059191716247,fold2_2014_2016
M3_catboost_residual,target_roll7_mean_lag2_c,0.7977219964321967,fold2_2014_2016
M3_catboost_residual,hko_pre_target_afternoon_max_minus_official_max_c,0.7818999899983089,fold2_2014_2016
M3_catboost_residual,hko_evening_temp_minus_official_min_c,0.7534803516518405,fold2_2014_2016
M3_catboost_residual,hko_temp_mean_24h_minus_doy_clim_c,0.6512912388523172,fold2_2014_2016
M3_catboost_residual,hko_rh_trend_6h_pct,0.6265494167239483,fold2_2014_2016
M3_catboost_residual,hko_latest_dewpoint_c,0.600998538627914,fold2_2014_2016
M3_catboost_residual,target_roll365_mean_lag2_c,0.5980358983360894,fold2_2014_2016
M3_catboost_residual,network_latest_temp_max_c,0.591943169182026,fold2_2014_2016
M3_catboost_residual,west_nw_nt_latest_count,0.5904508334696071,fold2_2014_2016
M3_catboost_residual,hko_latest_rh_pct,0.567164683996243,fold2_2014_2016
M3_catboost_residual,network_latest_temp_min_c,0.5646815981911492,fold2_2014_2016
M3_catboost_residual,rev_path_min_c,0.550492026497499,fold2_2014_2016
M3_catboost_residual,network_latest_valid_count,0.5356403224094758,fold2_2014_2016
M3_catboost_residual,inland_nt_latest_mean_c,0.5253409390464246,fold2_2014_2016
M3_catboost_residual,fcst_flag_monsoon,0.522801490048791,fold2_2014_2016
M3_catboost_residual,station_sha_tin_latest_temp_c,0.5145362857759087,fold2_2014_2016
M3_catboost_residual,station_tseung_kwan_o_latest_minus_hko_c,0.508509655591557,fold2_2014_2016
M3_catboost_residual,target_roll7_minus_roll30_c,0.5042949536216851,fold2_2014_2016
M3_catboost_residual,urban_core_mean_minus_hko_c,0.4984189572938746,fold2_2014_2016
M3_catboost_residual,target_roll7_max_lag2_c,0.488203063532875,fold2_2014_2016
M3_catboost_residual,doy_sin,0.48419369433415466,fold2_2014_2016
M3_catboost_residual,hko_pre_target_morning_mean_c,0.46284590295924166,fold2_2014_2016
M3_catboost_residual,target_clim_month_10yr_std_c,0.4475124387280812,fold2_2014_2016
M3_catboost_residual,official_max_round_c,0.43913575894366763,fold2_2014_2016
M3_catboost_residual,tc_distance_to_hko_km_latest,0.4386062583378128,fold2_2014_2016
M3_catboost_residual,day_of_year,0.4236365227549585,fold2_2014_2016
M3_catboost_residual,target_lag14_tmax_c,0.4175903247211849,fold2_2014_2016
M3_catboost_residual,hko_rh_mean_12h_pct,0.41678431892122086,fold2_2014_2016
M3_catboost_residual,lead_seconds_to_target_start,0.4158745732533048,fold2_2014_2016
M3_catboost_residual,target_roll14_mean_lag2_c,0.3882187873586162,fold2_2014_2016
M3_catboost_residual,target_lag3_tmax_c,0.3828290197837582,fold2_2014_2016
M3_catboost_residual,fcst_flag_southerly,0.38258885065874904,fold2_2014_2016
M3_catboost_residual,hko_temp_mean_12h_c,0.37338783531174213,fold2_2014_2016
M3_catboost_residual,target_hot_spell_33_lag2_days,0.37250922809992926,fold2_2014_2016
M3_catboost_residual,issue_age_minutes,0.3364473361166703,fold2_2014_2016
M3_catboost_residual,target_roll14_max_lag2_c,0.3363779373431571,fold2_2014_2016
M3_catboost_residual,target_roll30_minus_doy30_clim_c,0.33070606102371625,fold2_2014_2016
M3_catboost_residual,hko_temp_mean_24h_c,0.3235633681835512,fold2_2014_2016
M3_catboost_residual,target_roll30_mean_lag2_c,0.3128428989986517,fold2_2014_2016
M3_catboost_residual,coastal_marine_mean_minus_hko_c,0.31220245952632636,fold2_2014_2016
M3_catboost_residual,station_chek_lap_kok_latest_minus_hko_c,0.3102055019973565,fold2_2014_2016
M3_catboost_residual,fcst_flag_easterly_ne,0.3092754119631112,fold2_2014_2016
M3_catboost_residual,station_missing_count_mean_24h,0.30599114085222145,fold2_2014_2016
M3_catboost_residual,inland_heat_index_c,0.2957387000126723,fold2_2014_2016
M3_catboost_residual,target_modern_warming_signal_c,0.2920121379556443,fold2_2014_2016
M3_catboost_residual,official_min_c,0.2913641092308974,fold2_2014_2016
M3_catboost_residual,tc_bearing_cos_latest,0.29091146644232313,fold2_2014_2016
M3_catboost_residual,target_lag30_tmax_c,0.2906039086508955,fold2_2014_2016
M3_catboost_residual,target_lag2_tmax_c,0.28757490282882375,fold2_2014_2016
M3_catboost_residual,inland_nt_latest_mean_minus_hko_c,0.28681306203603013,fold2_2014_2016
M3_catboost_residual,coastal_marine_latest_max_c,0.2549700710587857,fold2_2014_2016
M3_catboost_residual,inland_nt_latest_missing_fraction,0.23759077456617514,fold2_2014_2016
M3_catboost_residual,rev_last3_slope_c_per_hour,0.23633021727306622,fold2_2014_2016
M3_catboost_residual,network_latest_hko_minus_mean_c,0.23478691056442128,fold2_2014_2016
M3_catboost_residual,hko_latest_temp_c,0.2333398502863116,fold2_2014_2016
M3_catboost_residual,hko_temp_trend_3h_c,0.21735672598634992,fold2_2014_2016
M3_catboost_residual,target_clim_month_10yr_mean_c,0.21685299727198548,fold2_2014_2016
M3_catboost_residual,urban_core_latest_count,0.2102569291814764,fold2_2014_2016
M3_catboost_residual,station_wong_chuk_hang_latest_temp_c,0.20977796951676117,fold2_2014_2016
M3_catboost_residual,network_spread_max_6h_c,0.20727510355615136,fold2_2014_2016
M3_catboost_residual,hours_since_latest_tropical_cyclone_text,0.20612134342329658,fold2_2014_2016
M3_catboost_residual,urban_core_latest_mean_c,0.1995429970342019,fold2_2014_2016
M3_catboost_residual,west_nw_nt_mean_minus_coastal_marine_mean_c,0.19923065885444471,fold2_2014_2016
M3_catboost_residual,target_clim_doy_10yr_median_c,0.19676833660883197,fold2_2014_2016
M3_catboost_residual,hko_temp_min_24h_c,0.19293395100132066,fold2_2014_2016
M3_catboost_residual,official_range_c,0.19238547788796467,fold2_2014_2016
M3_catboost_residual,hko_afternoon_warmup_09_to_15_c,0.19175845019815999,fold2_2014_2016
M3_catboost_residual,hko_pre_target_overnight_min_c,0.18687132732612988,fold2_2014_2016
M3_catboost_residual,target_clim_doy_30yr_median_c,0.18506857981758887,fold2_2014_2016
M3_catboost_residual,station_kings_park_latest_minus_hko_c,0.15923121527202516,fold2_2014_2016
M3_catboost_residual,inland_minus_coastal_trend_6h_c,0.15613992700335305,fold2_2014_2016
M3_catboost_residual,tc_bearing_sin_latest,0.15419862387157526,fold2_2014_2016
M3_catboost_residual,station_chek_lap_kok_latest_temp_c,0.14838091148405969,fold2_2014_2016
M3_catboost_residual,hko_dispatch_count_24h,0.14809362294511166,fold2_2014_2016
M3_catboost_residual,station_kings_park_latest_temp_c,0.1429357885594957,fold2_2014_2016
M3_catboost_residual,station_missing_count_max_24h,0.1372462277704823,fold2_2014_2016
M3_catboost_residual,network_latest_max_minus_hko_c,0.1335306068096605,fold2_2014_2016
M3_catboost_residual,target_roll60_mean_lag2_c,0.13160159370436741,fold2_2014_2016
M3_catboost_residual,hko_pre_target_evening_temp_c,0.13037866625678943,fold2_2014_2016
M3_catboost_residual,fcst_flag_squally,0.12958044096977608,fold2_2014_2016
M3_catboost_residual,west_nw_nt_latest_mean_minus_hko_c,0.12807926882471157,fold2_2014_2016
M3_catboost_residual,official_max_c,0.12800241037190868,fold2_2014_2016
M3_catboost_residual,hko_rh_mean_6h_pct,0.11985926180497518,fold2_2014_2016
M3_catboost_residual,inland_nt_mean_minus_coastal_marine_mean_c,0.11960102190764926,fold2_2014_2016
M3_catboost_residual,hko_temp_max_24h_c,0.11685366669985789,fold2_2014_2016
M3_catboost_residual,inland_coastal_spread_6h_max_c,0.11408207237016106,fold2_2014_2016
M3_catboost_residual,tc_lon_latest,0.10589141228261474,fold2_2014_2016
M3_catboost_residual,hours_since_latest_warning_text,0.10417364234500834,fold2_2014_2016
M3_catboost_residual,coastal_marine_latest_mean_c,0.10111723930199303,fold2_2014_2016
M3_catboost_residual,doy_cos,0.10021959456919433,fold2_2014_2016
M3_catboost_residual,rev_text_regime_changed_latest,0.09554057733621142,fold2_2014_2016
M3_catboost_residual,station_wong_chuk_hang_latest_minus_hko_c,0.09407508511676718,fold2_2014_2016
M3_catboost_residual,station_cheung_chau_latest_temp_c,0.09219111941518854,fold2_2014_2016
M3_catboost_residual,station_hong_kong_park_latest_minus_hko_c,0.08954195986182407,fold2_2014_2016
M3_catboost_residual,hko_latest_dewpoint_depression_c,0.08914177871833899,fold2_2014_2016
M3_catboost_residual,inland_nt_latest_max_minus_hko_c,0.08855036744638951,fold2_2014_2016
M3_catboost_residual,urban_hko_alignment_c,0.08768353812641294,fold2_2014_2016
M3_catboost_residual,target_lag365_tmax_c,0.08315198370016831,fold2_2014_2016
M3_catboost_residual,maritime_suppression_index_c,0.0793416114324399,fold2_2014_2016
M3_catboost_residual,tc_position_present_latest_flag,0.07883710775311575,fold2_2014_2016
M3_catboost_residual,hourly_rainfall_text_count_24h,0.05521144390464085,fold2_2014_2016
M3_catboost_residual,network_latest_station_count,0.04817297421880689,fold2_2014_2016
M3_catboost_residual,tc_lat_latest,0.04533729273872223,fold2_2014_2016
M3_catboost_residual,network_latest_hko_percentile,0.04374721855358566,fold2_2014_2016
M3_catboost_residual,hko_station_rank_pct,0.03820687696844776,fold2_2014_2016
M3_catboost_residual,rev_num_up_moves,0.03720412368263527,fold2_2014_2016
M3_catboost_residual,station_tsing_yi_latest_temp_c,0.03284180304512385,fold2_2014_2016
M3_catboost_residual,target_roll_14_insufficient_count_flag,0.0,fold2_2014_2016
M3_catboost_residual,target_roll_7_insufficient_count_flag,0.0,fold2_2014_2016
M3_catboost_residual,target_lag_365_missing_flag,0.0,fold2_2014_2016
M3_catboost_residual,rev_latest_minus_first_max_c,0.0,fold2_2014_2016
M3_catboost_residual,hko_evening_cooling_18_to_cutoff_c,0.0,fold2_2014_2016
M3_catboost_residual,hko_pre_target_morning_mean_c_missing_flag,0.0,fold2_2014_2016
M3_catboost_residual,hko_pre_target_afternoon_max_sofar_c_missing_flag,0.0,fold2_2014_2016
M3_catboost_residual,hko_pre_target_overnight_min_c_missing_flag,0.0,fold2_2014_2016
M3_catboost_residual,hko_partial_parse_count_24h,0.0,fold2_2014_2016
M3_catboost_residual,hko_temp_range_24h_c,0.0,fold2_2014_2016
M3_catboost_residual,hko_pre_target_afternoon_max_sofar_c,0.0,fold2_2014_2016
M3_catboost_residual,hko_rh_trend_3h_pct,0.0,fold2_2014_2016
M3_catboost_residual,hko_trend_12h_missing_flag,0.0,fold2_2014_2016
M3_catboost_residual,target_roll_365_insufficient_count_flag,0.0,fold2_2014_2016
M3_catboost_residual,target_roll_60_insufficient_count_flag,0.0,fold2_2014_2016
M3_catboost_residual,target_roll_30_insufficient_count_flag,0.0,fold2_2014_2016
M3_catboost_residual,rev_range_latest_minus_prev_c,0.0,fold2_2014_2016
M3_catboost_residual,hko_latest_age_gt_90min_flag,0.0,fold2_2014_2016
M3_catboost_residual,hko_latest_observation_hour_hkt,0.0,fold2_2014_2016
M3_catboost_residual,hko_target_station_present_latest_flag,0.0,fold2_2014_2016
M3_catboost_residual,hko_target_station_missing_flag,0.0,fold2_2014_2016
M3_catboost_residual,hko_rh_missing_flag,0.0,fold2_2014_2016
M3_catboost_residual,hko_dewpoint_missing_flag,0.0,fold2_2014_2016
M3_catboost_residual,hko_evening_cooling_18_to_cutoff_c_missing_flag,0.0,fold2_2014_2016
M3_catboost_residual,hko_pre_target_evening_temp_c_missing_flag,0.0,fold2_2014_2016
M3_catboost_residual,hko_afternoon_warmup_09_to_15_c_missing_flag,0.0,fold2_2014_2016
M3_catboost_residual,hko_rh_mean_24h_pct,0.0,fold2_2014_2016
M3_catboost_residual,hko_trend_6h_missing_flag,0.0,fold2_2014_2016
M3_catboost_residual,hko_trend_3h_missing_flag,0.0,fold2_2014_2016
M3_catboost_residual,hko_trend_1h_missing_flag,0.0,fold2_2014_2016
M3_catboost_residual,hko_temp_trend_1h_c,0.0,fold2_2014_2016
M3_catboost_residual,station_missing_count_latest,0.0,fold2_2014_2016
M3_catboost_residual,urban_core_latest_max_c,0.0,fold2_2014_2016
M3_catboost_residual,network_outlier_any_flag_24h,0.0,fold2_2014_2016
M3_catboost_residual,network_latest_valid_fraction,0.0,fold2_2014_2016
M3_catboost_residual,urban_core_latest_mean_minus_hko_c,0.0,fold2_2014_2016
M3_catboost_residual,urban_core_latest_max_minus_hko_c,0.0,fold2_2014_2016
M3_catboost_residual,station_group_urban_core_insufficient_count_flag,0.0,fold2_2014_2016
M3_catboost_residual,coastal_marine_latest_count,0.0,fold2_2014_2016
M3_catboost_residual,coastal_marine_latest_missing_fraction,0.0,fold2_2014_2016
M3_catboost_residual,coastal_marine_latest_mean_minus_hko_c,0.0,fold2_2014_2016
M3_catboost_residual,urban_core_latest_missing_fraction,0.0,fold2_2014_2016
M3_catboost_residual,station_json_empty_latest_flag,0.0,fold2_2014_2016
M3_catboost_residual,network_latest_missing_count,0.0,fold2_2014_2016
M3_catboost_residual,network_latest_temp_mean_c,0.0,fold2_2014_2016
M3_catboost_residual,rev_latest_minus_prev_min_c,0.0,fold2_2014_2016
M3_catboost_residual,rev_issue_span_hours,0.0,fold2_2014_2016
M3_catboost_residual,rev_latest_minus_first_min_c,0.0,fold2_2014_2016
M3_catboost_residual,target_clim_doy_all_past_median_c,0.0,fold2_2014_2016
M3_catboost_residual,rev_latest_minus_prev_max_c,0.0,fold2_2014_2016
M3_catboost_residual,target_clim_month_30yr_mean_c,0.0,fold2_2014_2016
M3_catboost_residual,forecast_anchor_tie_flag,0.0,fold2_2014_2016
M3_catboost_residual,quarter,0.0,fold2_2014_2016
M3_catboost_residual,target_cool_spell_16_lag2_days,0.0,fold2_2014_2016
M3_catboost_residual,target_very_hot_spell_34_lag2_days,0.0,fold2_2014_2016
M3_catboost_residual,issue_minute_hkt,0.0,fold2_2014_2016
M3_catboost_residual,issue_hour_bucket,0.0,fold2_2014_2016
M3_catboost_residual,latest_issue_is_after_23_flag,0.0,fold2_2014_2016
M3_catboost_residual,issue_hour_hkt,0.0,fold2_2014_2016
M3_catboost_residual,rev_last_issue_hour_hkt,0.0,fold2_2014_2016
M3_catboost_residual,rev_first_issue_hour_hkt,0.0,fold2_2014_2016
M3_catboost_residual,rev_latest3_all_same_flag,0.0,fold2_2014_2016
M3_catboost_residual,rev_last_change_age_hours,0.0,fold2_2014_2016
M3_catboost_residual,rev_num_same_moves,0.0,fold2_2014_2016
M3_catboost_residual,rev_num_down_moves,0.0,fold2_2014_2016
M3_catboost_residual,rev_path_std_c,0.0,fold2_2014_2016
M3_catboost_residual,rev_path_range_c,0.0,fold2_2014_2016
M3_catboost_residual,station_group_inland_nt_insufficient_count_flag,0.0,fold2_2014_2016
M3_catboost_residual,hourly_latest_missing_flag,0.0,fold2_2014_2016
M3_catboost_residual,west_nw_nt_latest_max_c,0.0,fold2_2014_2016
M3_catboost_residual,west_nw_nt_latest_mean_c,0.0,fold2_2014_2016
M3_catboost_residual,inland_nt_latest_max_c,0.0,fold2_2014_2016
M3_catboost_residual,inland_nt_latest_count,0.0,fold2_2014_2016
M3_catboost_residual,coastal_marine_latest_max_minus_hko_c,0.0,fold2_2014_2016
M3_catboost_residual,station_group_coastal_marine_insufficient_count_flag,0.0,fold2_2014_2016
M3_catboost_residual,station_cheung_chau_latest_minus_hko_c,0.0,fold2_2014_2016
M3_catboost_residual,station_cheung_chau_missing_flag,0.0,fold2_2014_2016
M3_catboost_residual,station_cheung_chau_outlier_flag,0.0,fold2_2014_2016
M3_catboost_residual,station_sha_tin_latest_minus_hko_c,0.0,fold2_2014_2016
M3_catboost_residual,station_sha_tin_missing_flag,0.0,fold2_2014_2016
M3_catboost_residual,station_sha_tin_outlier_flag,0.0,fold2_2014_2016
M3_catboost_residual,station_ta_kwu_ling_latest_temp_c,0.0,fold2_2014_2016
M3_catboost_residual,station_ta_kwu_ling_latest_minus_hko_c,0.0,fold2_2014_2016
M3_catboost_residual,station_kings_park_missing_flag,0.0,fold2_2014_2016
M3_catboost_residual,coastal_hko_alignment_c,0.0,fold2_2014_2016
M3_catboost_residual,station_hong_kong_park_latest_temp_c,0.0,fold2_2014_2016
M3_catboost_residual,station_kings_park_outlier_flag,0.0,fold2_2014_2016
M3_catboost_residual,station_hong_kong_park_missing_flag,0.0,fold2_2014_2016
M3_catboost_residual,station_group_west_nw_nt_insufficient_count_flag,0.0,fold2_2014_2016
M3_catboost_residual,inland_nt_max_minus_urban_core_mean_c,0.0,fold2_2014_2016
M3_catboost_residual,west_nw_nt_latest_max_minus_hko_c,0.0,fold2_2014_2016
M3_catboost_residual,station_sai_kung_latest_minus_hko_c,0.0,fold2_2014_2016
M3_catboost_residual,station_sai_kung_latest_temp_c,0.0,fold2_2014_2016
M3_catboost_residual,station_lau_fau_shan_outlier_flag,0.0,fold2_2014_2016
M3_catboost_residual,station_sai_kung_outlier_flag,0.0,fold2_2014_2016
M3_catboost_residual,station_wong_chuk_hang_outlier_flag,0.0,fold2_2014_2016
M3_catboost_residual,station_shek_kong_latest_temp_c,0.0,fold2_2014_2016
M3_catboost_residual,station_shek_kong_latest_minus_hko_c,0.0,fold2_2014_2016
M3_catboost_residual,station_sai_kung_missing_flag,0.0,fold2_2014_2016
M3_catboost_residual,station_shek_kong_missing_flag,0.0,fold2_2014_2016
M3_catboost_residual,station_shek_kong_outlier_flag,0.0,fold2_2014_2016
M3_catboost_residual,station_tsing_yi_missing_flag,0.0,fold2_2014_2016
M3_catboost_residual,station_tsing_yi_outlier_flag,0.0,fold2_2014_2016
M3_catboost_residual,station_tseung_kwan_o_latest_temp_c,0.0,fold2_2014_2016
M3_catboost_residual,station_tseung_kwan_o_missing_flag,0.0,fold2_2014_2016
M3_catboost_residual,station_tseung_kwan_o_outlier_flag,0.0,fold2_2014_2016
M3_catboost_residual,station_wong_chuk_hang_missing_flag,0.0,fold2_2014_2016
M3_catboost_residual,network_spread_max_24h_c,0.0,fold2_2014_2016
M3_catboost_residual,network_spatial_heterogeneity_flag,0.0,fold2_2014_2016
M3_catboost_residual,network_spread_x_thunderstorm_flag,0.0,fold2_2014_2016
M3_catboost_residual,inland_heat_index_x_warm_season,0.0,fold2_2014_2016
M3_catboost_residual,hourly_any_thunderstorm_warning_6h,0.0,fold2_2014_2016
M3_catboost_residual,hourly_any_rainstorm_warning_6h,0.0,fold2_2014_2016
M3_catboost_residual,hourly_any_amber_rainstorm_6h,0.0,fold2_2014_2016
M3_catboost_residual,hourly_any_red_black_rainstorm_6h,0.0,fold2_2014_2016
M3_catboost_residual,station_ta_kwu_ling_missing_flag,0.0,fold2_2014_2016
M3_catboost_residual,station_ta_kwu_ling_outlier_flag,0.0,fold2_2014_2016
M3_catboost_residual,station_lau_fau_shan_latest_temp_c,0.0,fold2_2014_2016
M3_catboost_residual,station_lau_fau_shan_latest_minus_hko_c,0.0,fold2_2014_2016
M3_catboost_residual,station_lau_fau_shan_missing_flag,0.0,fold2_2014_2016
M3_catboost_residual,station_hong_kong_park_outlier_flag,0.0,fold2_2014_2016
M3_catboost_residual,station_chek_lap_kok_missing_flag,0.0,fold2_2014_2016
M3_catboost_residual,station_chek_lap_kok_outlier_flag,0.0,fold2_2014_2016
M3_catboost_residual,hourly_lightning_text_count_6h,0.0,fold2_2014_2016
M3_catboost_residual,hourly_warning_text_count_6h,0.0,fold2_2014_2016
M3_catboost_residual,hourly_text_block_present_6h,0.0,fold2_2014_2016
M3_catboost_residual,hourly_any_rainfall_text_6h,0.0,fold2_2014_2016
M3_catboost_residual,hourly_any_lightning_text_6h,0.0,fold2_2014_2016
M3_catboost_residual,hourly_any_tropical_cyclone_text_6h,0.0,fold2_2014_2016
M3_catboost_residual,hourly_any_strong_monsoon_6h,0.0,fold2_2014_2016
M3_catboost_residual,hourly_any_very_hot_warning_6h,0.0,fold2_2014_2016
M3_catboost_residual,rev_cloudy_added_latest,0.0,fold2_2014_2016
M3_catboost_residual,rev_bright_periods_added_latest,0.0,fold2_2014_2016
M3_catboost_residual,eligible_forecast_count,0.0,fold2_2014_2016
M3_catboost_residual,fcst_flag_tropical_cyclone,0.0,fold2_2014_2016
M3_catboost_residual,rev_thunderstorm_added_latest,0.0,fold2_2014_2016
M3_catboost_residual,rev_showers_added_latest,0.0,fold2_2014_2016
M3_catboost_residual,fcst_flag_active_southerly,0.0,fold2_2014_2016
M3_catboost_residual,hourly_rainfall_text_count_6h,0.0,fold2_2014_2016
M3_catboost_residual,hourly_any_rainstorm_warning_24h,0.0,fold2_2014_2016
M3_catboost_residual,hourly_any_thunderstorm_warning_24h,0.0,fold2_2014_2016
M3_catboost_residual,forecast_full_text_missing_flag,0.0,fold2_2014_2016
M3_catboost_residual,forecast_single_issue_flag,0.0,fold2_2014_2016
M3_catboost_residual,forecast_revision_missing_prev_flag,0.0,fold2_2014_2016
M3_catboost_residual,hourly_any_amber_rainstorm_24h,0.0,fold2_2014_2016
M3_catboost_residual,hourly_any_very_hot_warning_24h,0.0,fold2_2014_2016
M3_catboost_residual,hourly_any_red_black_rainstorm_24h,0.0,fold2_2014_2016
M3_catboost_residual,hourly_text_block_present_24h,0.0,fold2_2014_2016
M3_catboost_residual,hourly_any_rainfall_text_24h,0.0,fold2_2014_2016
M3_catboost_residual,hourly_any_lightning_text_24h,0.0,fold2_2014_2016
M3_catboost_residual,hourly_any_tropical_cyclone_text_24h,0.0,fold2_2014_2016
M3_catboost_residual,hourly_any_strong_monsoon_24h,0.0,fold2_2014_2016
M3_catboost_residual,hourly_lightning_text_count_24h,0.0,fold2_2014_2016
M3_catboost_residual,rev_very_hot_added_latest,0.0,fold2_2014_2016
M3_catboost_residual,fcst_flag_nt_higher,0.0,fold2_2014_2016
M3_catboost_residual,tc_name_present_latest_flag,0.0,fold2_2014_2016
M3_catboost_residual,hours_since_latest_lightning_text,0.0,fold2_2014_2016
M3_catboost_residual,tc_distance_missing_flag,0.0,fold2_2014_2016
M3_catboost_residual,target_lag_2_missing_flag,0.0,fold2_2014_2016
M3_catboost_residual,target_lag_7_missing_flag,0.0,fold2_2014_2016
M3_catboost_residual,rev_range_path_std_c,0.0,fold2_2014_2016
M3_catboost_residual,target_lag_3_missing_flag,0.0,fold2_2014_2016
M3_catboost_residual,target_lag7_tmax_c,0.0,fold2_2014_2016
M3_catboost_residual,fcst_flag_thunderstorm,0.0,fold2_2014_2016
M3_catboost_residual,fcst_flag_bright_periods,0.0,fold2_2014_2016
M3_catboost_residual,fcst_flag_cloudy,0.0,fold2_2014_2016
M3_catboost_residual,fcst_flag_fine,0.0,fold2_2014_2016
M3_catboost_residual,fcst_flag_very_hot,0.0,fold2_2014_2016
M3_catboost_residual,fcst_flag_hot,0.0,fold2_2014_2016
M3_catboost_residual,fcst_flag_showers,0.0,fold2_2014_2016
M3_catboost_residual,fcst_flag_heavy_showers,0.0,fold2_2014_2016
M3_catboost_residual,target_lag_14_missing_flag,0.0,fold2_2014_2016
M3_catboost_residual,fcst_flag_mist_fog,0.0,fold2_2014_2016
M3_catboost_residual,target_lag60_tmax_c,0.0,fold2_2014_2016
M3_catboost_residual,target_lag_30_missing_flag,0.0,fold2_2014_2016
M3_catboost_residual,warm_season_flag,0.0,fold2_2014_2016
M3_catboost_residual,cool_season_flag,0.0,fold2_2014_2016
M3_catboost_residual,hot_season_flag,0.0,fold2_2014_2016
M3_catboost_residual,target_lag_60_missing_flag,0.0,fold2_2014_2016
M3_catboost_residual,typhoon_season_flag,0.0,fold2_2014_2016
M3_catboost_residual,shoulder_season_flag,0.0,fold2_2014_2016
M3_catboost_residual,post_2018_flag,0.0,fold2_2014_2016
M3_catboost_residual,post_2010_flag,0.0,fold2_2014_2016
M3_catboost_residual,rev_count,0.0,fold2_2014_2016
M3_catboost_residual,official_max_bin,0.0,fold2_2014_2016
M3_catboost_residual,official_range_bin,0.0,fold2_2014_2016
M3_catboost_residual,official_midpoint_c,0.0,fold2_2014_2016
M3_catboost_residual,nt_heat_ceiling_index_c,8.947412684153377,fold3_2017_2019
M3_catboost_residual,hko_temp_trend_12h_c,8.613068851776426,fold3_2017_2019
M3_catboost_residual,network_mean_trend_6h_c,6.658833920869041,fold3_2017_2019
M3_catboost_residual,hko_latest_temp_minus_official_max_c,3.6387659756710877,fold3_2017_2019
M3_catboost_residual,network_spread_mean_6h_c,2.9721436432349,fold3_2017_2019
M3_catboost_residual,hko_latest_temp_minus_official_min_c,2.8317697507892006,fold3_2017_2019
M3_catboost_residual,hko_temp_trend_6h_c,2.764137287365025,fold3_2017_2019
M3_catboost_residual,network_latest_temp_spread_c,2.7602503580401416,fold3_2017_2019
M3_catboost_residual,target_roll7_mean_lag2_c,2.0882666320559906,fold3_2017_2019
M3_catboost_residual,target_roll30_anomaly_lag2_c,2.047097074055895,fold3_2017_2019
M3_catboost_residual,hko_temp_mean_24h_minus_doy_clim_c,1.8045186825449395,fold3_2017_2019
M3_catboost_residual,official_max_round_c,1.7713556042368317,fold3_2017_2019
M3_catboost_residual,urban_core_mean_minus_coastal_marine_mean_c,1.594838533356593,fold3_2017_2019
M3_catboost_residual,urban_heat_index_c,1.5772248463865954,fold3_2017_2019
M3_catboost_residual,target_history_max_source_date,1.4451240776905807,fold3_2017_2019
M3_catboost_residual,official_max_minus_doy_clim30_c,1.440707752926083,fold3_2017_2019
M3_catboost_residual,hours_since_latest_rainfall_text,1.4347545489013738,fold3_2017_2019
M3_catboost_residual,station_missing_count_mean_24h,1.4266667248500378,fold3_2017_2019
M3_catboost_residual,hko_evening_temp_minus_official_min_c,1.1819040453218017,fold3_2017_2019
M3_catboost_residual,official_max_c,1.066904392417701,fold3_2017_2019
M3_catboost_residual,hko_rh_mean_12h_pct,1.0377340913686308,fold3_2017_2019
M3_catboost_residual,target_roll7_minus_roll30_c,1.0186792728569727,fold3_2017_2019
M3_catboost_residual,rev_path_max_c,0.9955638177155486,fold3_2017_2019
M3_catboost_residual,hourly_warning_text_count_24h,0.9905032990625451,fold3_2017_2019
M3_catboost_residual,rev_path_min_c,0.979389583930086,fold3_2017_2019
M3_catboost_residual,target_lag2_minus_doy30_clim_c,0.9731108631823339,fold3_2017_2019
M3_catboost_residual,fcst_flag_sunny,0.9483355292150188,fold3_2017_2019
M3_catboost_residual,official_midpoint_minus_doy_clim30_c,0.9441316262485138,fold3_2017_2019
M3_catboost_residual,target_hot_spell_33_lag2_days,0.8664666518368024,fold3_2017_2019
M3_catboost_residual,station_tseung_kwan_o_latest_minus_hko_c,0.8384906055877787,fold3_2017_2019
M3_catboost_residual,target_roll7_max_lag2_c,0.7966987443529422,fold3_2017_2019
M3_catboost_residual,trend_years_since_2000,0.7754551471446748,fold3_2017_2019
M3_catboost_residual,fcst_flag_easterly_ne,0.7533553453902885,fold3_2017_2019
M3_catboost_residual,network_latest_station_count,0.7287345320325671,fold3_2017_2019
M3_catboost_residual,hko_pre_target_afternoon_max_minus_official_max_c,0.7155241332139414,fold3_2017_2019
M3_catboost_residual,tc_bearing_cos_latest,0.7041850350378143,fold3_2017_2019
M3_catboost_residual,station_sha_tin_latest_temp_c,0.7004377006948768,fold3_2017_2019
M3_catboost_residual,hko_latest_temp_minus_doy_hour_clim_c,0.7001326156545568,fold3_2017_2019
M3_catboost_residual,target_lag30_tmax_c,0.6909558389766196,fold3_2017_2019
M3_catboost_residual,official_range_c,0.6848682717812425,fold3_2017_2019
M3_catboost_residual,official_midpoint_c,0.6367380748046007,fold3_2017_2019
M3_catboost_residual,rev_num_same_moves,0.6207412343156127,fold3_2017_2019
M3_catboost_residual,hko_pre_target_evening_temp_c,0.6116326503477834,fold3_2017_2019
M3_catboost_residual,target_lag2_tmax_c,0.5906115010067154,fold3_2017_2019
M3_catboost_residual,rev_range_path_std_c,0.58699391848594,fold3_2017_2019
M3_catboost_residual,day_of_year,0.5783541843613254,fold3_2017_2019
M3_catboost_residual,official_max_minus_month_clim10_c,0.5418480522910101,fold3_2017_2019
M3_catboost_residual,network_latest_temp_max_c,0.5412904973206557,fold3_2017_2019
M3_catboost_residual,target_lag60_tmax_c,0.5350664049879713,fold3_2017_2019
M3_catboost_residual,station_tsing_yi_latest_minus_hko_c,0.534879177951335,fold3_2017_2019
M3_catboost_residual,hko_rh_mean_6h_pct,0.5003701692955775,fold3_2017_2019
M3_catboost_residual,doy_sin,0.49091868352960544,fold3_2017_2019
M3_catboost_residual,lead_seconds_to_target_start,0.4780486118500136,fold3_2017_2019
M3_catboost_residual,target_lag3_tmax_c,0.45688790208180813,fold3_2017_2019
M3_catboost_residual,hko_temp_range_24h_c,0.4534909470834741,fold3_2017_2019
M3_catboost_residual,tc_lat_latest,0.45296244522013684,fold3_2017_2019
M3_catboost_residual,target_lag365_tmax_c,0.43475360178031636,fold3_2017_2019
M3_catboost_residual,hko_temp_min_24h_c,0.42468497587564696,fold3_2017_2019
M3_catboost_residual,urban_core_latest_missing_fraction,0.4116853935635452,fold3_2017_2019
M3_catboost_residual,urban_core_latest_mean_c,0.4076089336686293,fold3_2017_2019
M3_catboost_residual,hko_temp_mean_6h_c,0.3842116821524392,fold3_2017_2019
M3_catboost_residual,network_latest_valid_count,0.36862071416643205,fold3_2017_2019
M3_catboost_residual,west_nw_nt_latest_missing_fraction,0.33724773746115033,fold3_2017_2019
M3_catboost_residual,target_roll365_mean_lag2_c,0.33606740669900864,fold3_2017_2019
M3_catboost_residual,hko_temp_mean_12h_c,0.3352110562230714,fold3_2017_2019
M3_catboost_residual,inland_coastal_spread_6h_max_c,0.33362981646328715,fold3_2017_2019
M3_catboost_residual,station_shek_kong_latest_minus_hko_c,0.32525375796538325,fold3_2017_2019
M3_catboost_residual,network_spread_max_6h_c,0.3188559715556719,fold3_2017_2019
M3_catboost_residual,station_chek_lap_kok_latest_temp_c,0.31527328869680454,fold3_2017_2019
M3_catboost_residual,hko_temp_mean_24h_c,0.31173679962194,fold3_2017_2019
M3_catboost_residual,network_spread_x_thunderstorm_flag,0.3105080775833952,fold3_2017_2019
M3_catboost_residual,fcst_flag_squally,0.3096510588879182,fold3_2017_2019
M3_catboost_residual,rev_issue_span_hours,0.2944160256607871,fold3_2017_2019
M3_catboost_residual,rev_prev_max_c,0.2915843708805595,fold3_2017_2019
M3_catboost_residual,target_roll30_minus_doy30_clim_c,0.2900586923434851,fold3_2017_2019
M3_catboost_residual,hko_station_rank_pct,0.2837390818695683,fold3_2017_2019
M3_catboost_residual,network_latest_max_minus_hko_c,0.2754253507593015,fold3_2017_2019
M3_catboost_residual,hko_dispatch_count_24h,0.26813550494087973,fold3_2017_2019
M3_catboost_residual,rev_last3_slope_c_per_hour,0.2532526322346852,fold3_2017_2019
M3_catboost_residual,inland_nt_latest_mean_minus_hko_c,0.25241673914493995,fold3_2017_2019
M3_catboost_residual,urban_core_latest_mean_minus_hko_c,0.2472471173254673,fold3_2017_2019
M3_catboost_residual,target_lag14_tmax_c,0.24328271202916915,fold3_2017_2019
M3_catboost_residual,target_clim_doy_10yr_median_c,0.23684275324060014,fold3_2017_2019
M3_catboost_residual,urban_core_mean_minus_hko_c,0.23333684022392234,fold3_2017_2019
M3_catboost_residual,station_hong_kong_park_missing_flag,0.22987523109545183,fold3_2017_2019
M3_catboost_residual,network_latest_temp_mean_c,0.2249970947057362,fold3_2017_2019
M3_catboost_residual,west_nw_nt_latest_mean_minus_hko_c,0.21496658416442826,fold3_2017_2019
M3_catboost_residual,rev_count,0.21421279689919637,fold3_2017_2019
M3_catboost_residual,hourly_any_lightning_text_24h,0.21006450364598703,fold3_2017_2019
M3_catboost_residual,inland_nt_latest_max_c,0.20384766177201763,fold3_2017_2019
M3_catboost_residual,hours_since_latest_warning_text,0.1923761420079218,fold3_2017_2019
M3_catboost_residual,urban_core_latest_max_c,0.18450470259242413,fold3_2017_2019
M3_catboost_residual,hko_latest_rh_pct,0.18416785676657607,fold3_2017_2019
M3_catboost_residual,hko_afternoon_warmup_09_to_15_c,0.17749511674665916,fold3_2017_2019
M3_catboost_residual,urban_core_latest_count,0.17738925148686566,fold3_2017_2019
M3_catboost_residual,target_roll14_max_lag2_c,0.1772462520254279,fold3_2017_2019
M3_catboost_residual,target_roll30_mean_lag2_c,0.17529997579583204,fold3_2017_2019
M3_catboost_residual,coastal_marine_latest_mean_c,0.17219828570560353,fold3_2017_2019
M3_catboost_residual,coastal_marine_latest_max_minus_hko_c,0.16998994581094662,fold3_2017_2019
M3_catboost_residual,target_clim_month_10yr_std_c,0.16409950312551777,fold3_2017_2019
M3_catboost_residual,target_lag7_tmax_c,0.1625722950718043,fold3_2017_2019
M3_catboost_residual,hko_temp_max_24h_c,0.15391015592282745,fold3_2017_2019
M3_catboost_residual,hko_evening_cooling_18_to_cutoff_c,0.15027586851575625,fold3_2017_2019
M3_catboost_residual,hko_rh_trend_6h_pct,0.15019711748028583,fold3_2017_2019
M3_catboost_residual,target_clim_doy_all_past_median_c,0.14708183073022615,fold3_2017_2019
M3_catboost_residual,inland_nt_mean_minus_coastal_marine_mean_c,0.14628258297556923,fold3_2017_2019
M3_catboost_residual,target_clim_month_10yr_mean_c,0.1425037984893647,fold3_2017_2019
M3_catboost_residual,inland_minus_coastal_trend_6h_c,0.1378015064474856,fold3_2017_2019
M3_catboost_residual,hourly_rainfall_text_count_24h,0.13709878697168648,fold3_2017_2019
M3_catboost_residual,hko_temp_trend_3h_c,0.13646263954855914,fold3_2017_2019
M3_catboost_residual,fcst_flag_fine,0.13450152314920477,fold3_2017_2019
M3_catboost_residual,inland_heat_index_x_warm_season,0.1338870779572411,fold3_2017_2019
M3_catboost_residual,network_spread_max_24h_c,0.1314019529505331,fold3_2017_2019
M3_catboost_residual,urban_core_latest_max_minus_hko_c,0.12959997767721254,fold3_2017_2019
M3_catboost_residual,issue_minute_hkt,0.1274426111596382,fold3_2017_2019
M3_catboost_residual,tc_distance_to_hko_km_latest,0.12611583219223907,fold3_2017_2019
M3_catboost_residual,fcst_flag_cloudy,0.12560872100876552,fold3_2017_2019
M3_catboost_residual,fcst_flag_southerly,0.12477446874460615,fold3_2017_2019
M3_catboost_residual,west_nw_nt_mean_minus_coastal_marine_mean_c,0.1238357299230093,fold3_2017_2019
M3_catboost_residual,maritime_suppression_index_c,0.11641664922339479,fold3_2017_2019
M3_catboost_residual,target_modern_warming_signal_c,0.115015582689355,fold3_2017_2019
M3_catboost_residual,fcst_flag_monsoon,0.11446392458646489,fold3_2017_2019
M3_catboost_residual,hko_latest_dewpoint_depression_c,0.11031084926258737,fold3_2017_2019
M3_catboost_residual,hours_since_latest_tropical_cyclone_text,0.1102290009708779,fold3_2017_2019
M3_catboost_residual,tc_lon_latest,0.10903666072847414,fold3_2017_2019
M3_catboost_residual,hourly_any_thunderstorm_warning_24h,0.1025786419052989,fold3_2017_2019
M3_catboost_residual,station_hong_kong_park_latest_minus_hko_c,0.1013818949949107,fold3_2017_2019
M3_catboost_residual,station_cheung_chau_latest_minus_hko_c,0.09589617804930414,fold3_2017_2019
M3_catboost_residual,hko_latest_dewpoint_c,0.09577936537181331,fold3_2017_2019
M3_catboost_residual,inland_heat_index_c,0.09210176821875912,fold3_2017_2019
M3_catboost_residual,station_sha_tin_latest_minus_hko_c,0.08982173515244538,fold3_2017_2019
M3_catboost_residual,rev_path_std_c,0.0852296788199078,fold3_2017_2019
M3_catboost_residual,station_ta_kwu_ling_latest_temp_c,0.07642101610932853,fold3_2017_2019
M3_catboost_residual,hourly_any_tropical_cyclone_text_24h,0.07479301864874986,fold3_2017_2019
M3_catboost_residual,rev_latest_minus_first_min_c,0.07458708874213142,fold3_2017_2019
M3_catboost_residual,station_lau_fau_shan_latest_minus_hko_c,0.07138485189887338,fold3_2017_2019
M3_catboost_residual,hko_latest_temp_c,0.07090403373715777,fold3_2017_2019
M3_catboost_residual,issue_age_minutes,0.06585900884368476,fold3_2017_2019
M3_catboost_residual,coastal_marine_mean_minus_hko_c,0.06306130719681742,fold3_2017_2019
M3_catboost_residual,urban_hko_alignment_c,0.04466910749287526,fold3_2017_2019
M3_catboost_residual,station_ta_kwu_ling_latest_minus_hko_c,0.042756720334743196,fold3_2017_2019
M3_catboost_residual,station_kings_park_latest_temp_c,0.02914589588048112,fold3_2017_2019
M3_catboost_residual,target_lag_14_missing_flag,0.0,fold3_2017_2019
M3_catboost_residual,fcst_flag_heavy_showers,0.0,fold3_2017_2019
M3_catboost_residual,target_lag_30_missing_flag,0.0,fold3_2017_2019
M3_catboost_residual,hko_trend_12h_missing_flag,0.0,fold3_2017_2019
M3_catboost_residual,target_lag_60_missing_flag,0.0,fold3_2017_2019
M3_catboost_residual,hko_pre_target_afternoon_max_sofar_c,0.0,fold3_2017_2019
M3_catboost_residual,hko_pre_target_morning_mean_c,0.0,fold3_2017_2019
M3_catboost_residual,hko_pre_target_overnight_min_c,0.0,fold3_2017_2019
M3_catboost_residual,hko_partial_parse_count_24h,0.0,fold3_2017_2019
M3_catboost_residual,hko_rh_mean_24h_pct,0.0,fold3_2017_2019
M3_catboost_residual,hko_rh_trend_3h_pct,0.0,fold3_2017_2019
M3_catboost_residual,hko_trend_1h_missing_flag,0.0,fold3_2017_2019
M3_catboost_residual,hko_target_station_missing_flag,0.0,fold3_2017_2019
M3_catboost_residual,network_latest_missing_count,0.0,fold3_2017_2019
M3_catboost_residual,hko_afternoon_warmup_09_to_15_c_missing_flag,0.0,fold3_2017_2019
M3_catboost_residual,hko_evening_cooling_18_to_cutoff_c_missing_flag,0.0,fold3_2017_2019
M3_catboost_residual,network_latest_hko_percentile,0.0,fold3_2017_2019
M3_catboost_residual,network_latest_temp_min_c,0.0,fold3_2017_2019
M3_catboost_residual,hko_latest_age_minutes,0.0,fold3_2017_2019
M3_catboost_residual,hko_pre_target_morning_mean_c_missing_flag,0.0,fold3_2017_2019
M3_catboost_residual,hko_pre_target_afternoon_max_sofar_c_missing_flag,0.0,fold3_2017_2019
M3_catboost_residual,station_group_urban_core_insufficient_count_flag,0.0,fold3_2017_2019
M3_catboost_residual,station_missing_count_latest,0.0,fold3_2017_2019
M3_catboost_residual,station_json_empty_latest_flag,0.0,fold3_2017_2019
M3_catboost_residual,network_outlier_any_flag_24h,0.0,fold3_2017_2019
M3_catboost_residual,network_latest_hko_minus_mean_c,0.0,fold3_2017_2019
M3_catboost_residual,network_latest_valid_fraction,0.0,fold3_2017_2019
M3_catboost_residual,hko_trend_6h_missing_flag,0.0,fold3_2017_2019
M3_catboost_residual,hko_trend_3h_missing_flag,0.0,fold3_2017_2019
M3_catboost_residual,inland_nt_latest_missing_fraction,0.0,fold3_2017_2019
M3_catboost_residual,coastal_marine_latest_max_c,0.0,fold3_2017_2019
M3_catboost_residual,coastal_marine_latest_missing_fraction,0.0,fold3_2017_2019
M3_catboost_residual,fcst_flag_thunderstorm,0.0,fold3_2017_2019
M3_catboost_residual,target_clim_month_30yr_mean_c,0.0,fold3_2017_2019
M3_catboost_residual,rev_latest_minus_first_max_c,0.0,fold3_2017_2019
M3_catboost_residual,hko_pre_target_evening_temp_c_missing_flag,0.0,fold3_2017_2019
M3_catboost_residual,hko_pre_target_overnight_min_c_missing_flag,0.0,fold3_2017_2019
M3_catboost_residual,hko_latest_observation_hour_hkt,0.0,fold3_2017_2019
M3_catboost_residual,hko_latest_age_gt_90min_flag,0.0,fold3_2017_2019
M3_catboost_residual,hko_rh_missing_flag,0.0,fold3_2017_2019
M3_catboost_residual,hko_target_station_present_latest_flag,0.0,fold3_2017_2019
M3_catboost_residual,hko_dewpoint_missing_flag,0.0,fold3_2017_2019
M3_catboost_residual,hko_temp_trend_1h_c,0.0,fold3_2017_2019
M3_catboost_residual,target_roll14_mean_lag2_c,0.0,fold3_2017_2019
M3_catboost_residual,target_roll_7_insufficient_count_flag,0.0,fold3_2017_2019
M3_catboost_residual,issue_hour_hkt,0.0,fold3_2017_2019
M3_catboost_residual,issue_hour_bucket,0.0,fold3_2017_2019
M3_catboost_residual,latest_issue_is_after_23_flag,0.0,fold3_2017_2019
M3_catboost_residual,rev_first_max_c,0.0,fold3_2017_2019
M3_catboost_residual,rev_latest_minus_prev_max_c,0.0,fold3_2017_2019
M3_catboost_residual,official_min_c,0.0,fold3_2017_2019
M3_catboost_residual,official_max_bin,0.0,fold3_2017_2019
M3_catboost_residual,official_range_bin,0.0,fold3_2017_2019
M3_catboost_residual,station_chek_lap_kok_missing_flag,0.0,fold3_2017_2019
M3_catboost_residual,station_chek_lap_kok_latest_minus_hko_c,0.0,fold3_2017_2019
M3_catboost_residual,station_hong_kong_park_outlier_flag,0.0,fold3_2017_2019
M3_catboost_residual,station_hong_kong_park_latest_temp_c,0.0,fold3_2017_2019
M3_catboost_residual,station_kings_park_missing_flag,0.0,fold3_2017_2019
M3_catboost_residual,station_kings_park_outlier_flag,0.0,fold3_2017_2019
M3_catboost_residual,station_kings_park_latest_minus_hko_c,0.0,fold3_2017_2019
M3_catboost_residual,coastal_hko_alignment_c,0.0,fold3_2017_2019
M3_catboost_residual,inland_nt_max_minus_urban_core_mean_c,0.0,fold3_2017_2019
M3_catboost_residual,inland_nt_latest_max_minus_hko_c,0.0,fold3_2017_2019
M3_catboost_residual,west_nw_nt_latest_mean_c,0.0,fold3_2017_2019
M3_catboost_residual,station_group_inland_nt_insufficient_count_flag,0.0,fold3_2017_2019
M3_catboost_residual,west_nw_nt_latest_max_c,0.0,fold3_2017_2019
M3_catboost_residual,west_nw_nt_latest_count,0.0,fold3_2017_2019
M3_catboost_residual,west_nw_nt_latest_max_minus_hko_c,0.0,fold3_2017_2019
M3_catboost_residual,station_group_west_nw_nt_insufficient_count_flag,0.0,fold3_2017_2019
M3_catboost_residual,coastal_marine_latest_mean_minus_hko_c,0.0,fold3_2017_2019
M3_catboost_residual,inland_nt_latest_count,0.0,fold3_2017_2019
M3_catboost_residual,inland_nt_latest_mean_c,0.0,fold3_2017_2019
M3_catboost_residual,station_group_coastal_marine_insufficient_count_flag,0.0,fold3_2017_2019
M3_catboost_residual,coastal_marine_latest_count,0.0,fold3_2017_2019
M3_catboost_residual,rev_path_range_c,0.0,fold3_2017_2019
M3_catboost_residual,station_sai_kung_outlier_flag,0.0,fold3_2017_2019
M3_catboost_residual,station_sai_kung_latest_temp_c,0.0,fold3_2017_2019
M3_catboost_residual,station_lau_fau_shan_outlier_flag,0.0,fold3_2017_2019
M3_catboost_residual,station_lau_fau_shan_missing_flag,0.0,fold3_2017_2019
M3_catboost_residual,station_lau_fau_shan_latest_temp_c,0.0,fold3_2017_2019
M3_catboost_residual,station_sha_tin_outlier_flag,0.0,fold3_2017_2019
M3_catboost_residual,station_ta_kwu_ling_outlier_flag,0.0,fold3_2017_2019
M3_catboost_residual,station_sha_tin_missing_flag,0.0,fold3_2017_2019
M3_catboost_residual,station_cheung_chau_outlier_flag,0.0,fold3_2017_2019
M3_catboost_residual,station_ta_kwu_ling_missing_flag,0.0,fold3_2017_2019
M3_catboost_residual,rev_showers_added_latest,0.0,fold3_2017_2019
M3_catboost_residual,rev_thunderstorm_added_latest,0.0,fold3_2017_2019
M3_catboost_residual,fcst_flag_nt_higher,0.0,fold3_2017_2019
M3_catboost_residual,rev_very_hot_added_latest,0.0,fold3_2017_2019
M3_catboost_residual,eligible_forecast_count,0.0,fold3_2017_2019
M3_catboost_residual,forecast_revision_missing_prev_flag,0.0,fold3_2017_2019
M3_catboost_residual,rev_bright_periods_added_latest,0.0,fold3_2017_2019
M3_catboost_residual,rev_cloudy_added_latest,0.0,fold3_2017_2019
M3_catboost_residual,forecast_full_text_missing_flag,0.0,fold3_2017_2019
M3_catboost_residual,hourly_latest_missing_flag,0.0,fold3_2017_2019
M3_catboost_residual,rev_first_issue_hour_hkt,0.0,fold3_2017_2019
M3_catboost_residual,rev_latest3_all_same_flag,0.0,fold3_2017_2019
M3_catboost_residual,rev_last_issue_hour_hkt,0.0,fold3_2017_2019
M3_catboost_residual,rev_latest_minus_prev_min_c,0.0,fold3_2017_2019
M3_catboost_residual,forecast_single_issue_flag,0.0,fold3_2017_2019
M3_catboost_residual,rev_text_regime_changed_latest,0.0,fold3_2017_2019
M3_catboost_residual,fcst_flag_showers,0.0,fold3_2017_2019
M3_catboost_residual,rev_range_latest_minus_prev_c,0.0,fold3_2017_2019
M3_catboost_residual,station_wong_chuk_hang_latest_temp_c,0.0,fold3_2017_2019
M3_catboost_residual,station_wong_chuk_hang_latest_minus_hko_c,0.0,fold3_2017_2019
M3_catboost_residual,station_shek_kong_latest_temp_c,0.0,fold3_2017_2019
M3_catboost_residual,station_shek_kong_missing_flag,0.0,fold3_2017_2019
M3_catboost_residual,station_sai_kung_missing_flag,0.0,fold3_2017_2019
M3_catboost_residual,station_sai_kung_latest_minus_hko_c,0.0,fold3_2017_2019
M3_catboost_residual,rev_num_down_moves,0.0,fold3_2017_2019
M3_catboost_residual,rev_num_up_moves,0.0,fold3_2017_2019
M3_catboost_residual,fcst_flag_tropical_cyclone,0.0,fold3_2017_2019
M3_catboost_residual,rev_last_change_age_hours,0.0,fold3_2017_2019
M3_catboost_residual,fcst_flag_active_southerly,0.0,fold3_2017_2019
M3_catboost_residual,station_cheung_chau_missing_flag,0.0,fold3_2017_2019
M3_catboost_residual,station_cheung_chau_latest_temp_c,0.0,fold3_2017_2019
M3_catboost_residual,station_chek_lap_kok_outlier_flag,0.0,fold3_2017_2019
M3_catboost_residual,station_missing_count_max_24h,0.0,fold3_2017_2019
M3_catboost_residual,station_tseung_kwan_o_outlier_flag,0.0,fold3_2017_2019
M3_catboost_residual,station_tseung_kwan_o_latest_temp_c,0.0,fold3_2017_2019
M3_catboost_residual,station_tseung_kwan_o_missing_flag,0.0,fold3_2017_2019
M3_catboost_residual,station_tsing_yi_outlier_flag,0.0,fold3_2017_2019
M3_catboost_residual,station_tsing_yi_missing_flag,0.0,fold3_2017_2019
M3_catboost_residual,station_shek_kong_outlier_flag,0.0,fold3_2017_2019
M3_catboost_residual,station_tsing_yi_latest_temp_c,0.0,fold3_2017_2019
M3_catboost_residual,station_wong_chuk_hang_outlier_flag,0.0,fold3_2017_2019
M3_catboost_residual,station_wong_chuk_hang_missing_flag,0.0,fold3_2017_2019
M3_catboost_residual,hourly_any_rainfall_text_6h,0.0,fold3_2017_2019
M3_catboost_residual,hourly_any_tropical_cyclone_text_6h,0.0,fold3_2017_2019
M3_catboost_residual,hourly_any_strong_monsoon_6h,0.0,fold3_2017_2019
M3_catboost_residual,hourly_any_amber_rainstorm_6h,0.0,fold3_2017_2019
M3_catboost_residual,hourly_any_thunderstorm_warning_6h,0.0,fold3_2017_2019
M3_catboost_residual,network_spatial_heterogeneity_flag,0.0,fold3_2017_2019
M3_catboost_residual,hourly_rainfall_text_count_6h,0.0,fold3_2017_2019
M3_catboost_residual,hourly_lightning_text_count_6h,0.0,fold3_2017_2019
M3_catboost_residual,hourly_warning_text_count_6h,0.0,fold3_2017_2019
M3_catboost_residual,hourly_any_rainstorm_warning_24h,0.0,fold3_2017_2019
M3_catboost_residual,hourly_any_very_hot_warning_24h,0.0,fold3_2017_2019
M3_catboost_residual,hourly_any_strong_monsoon_24h,0.0,fold3_2017_2019
M3_catboost_residual,hourly_any_red_black_rainstorm_24h,0.0,fold3_2017_2019
M3_catboost_residual,hourly_any_amber_rainstorm_24h,0.0,fold3_2017_2019
M3_catboost_residual,hourly_text_block_present_24h,0.0,fold3_2017_2019
M3_catboost_residual,hourly_any_rainfall_text_24h,0.0,fold3_2017_2019
M3_catboost_residual,hourly_lightning_text_count_24h,0.0,fold3_2017_2019
M3_catboost_residual,hourly_any_lightning_text_6h,0.0,fold3_2017_2019
M3_catboost_residual,hourly_text_block_present_6h,0.0,fold3_2017_2019
M3_catboost_residual,hourly_any_red_black_rainstorm_6h,0.0,fold3_2017_2019
M3_catboost_residual,hourly_any_very_hot_warning_6h,0.0,fold3_2017_2019
M3_catboost_residual,hourly_any_rainstorm_warning_6h,0.0,fold3_2017_2019
M3_catboost_residual,target_roll_30_insufficient_count_flag,0.0,fold3_2017_2019
M3_catboost_residual,target_roll_14_insufficient_count_flag,0.0,fold3_2017_2019
M3_catboost_residual,tc_position_present_latest_flag,0.0,fold3_2017_2019
M3_catboost_residual,tc_name_present_latest_flag,0.0,fold3_2017_2019
M3_catboost_residual,hours_since_latest_lightning_text,0.0,fold3_2017_2019
M3_catboost_residual,target_very_hot_spell_34_lag2_days,0.0,fold3_2017_2019
M3_catboost_residual,target_roll60_mean_lag2_c,0.0,fold3_2017_2019
M3_catboost_residual,target_roll_365_insufficient_count_flag,0.0,fold3_2017_2019
M3_catboost_residual,month,0.0,fold3_2017_2019
M3_catboost_residual,fcst_flag_bright_periods,0.0,fold3_2017_2019
M3_catboost_residual,fcst_flag_hot,0.0,fold3_2017_2019
M3_catboost_residual,fcst_flag_very_hot,0.0,fold3_2017_2019
M3_catboost_residual,fcst_flag_mist_fog,0.0,fold3_2017_2019
M3_catboost_residual,tc_bearing_sin_latest,0.0,fold3_2017_2019
M3_catboost_residual,tc_distance_missing_flag,0.0,fold3_2017_2019
M3_catboost_residual,target_roll_60_insufficient_count_flag,0.0,fold3_2017_2019
M3_catboost_residual,target_lag_2_missing_flag,0.0,fold3_2017_2019
M3_catboost_residual,target_lag_3_missing_flag,0.0,fold3_2017_2019
M3_catboost_residual,forecast_anchor_tie_flag,0.0,fold3_2017_2019
M3_catboost_residual,target_lag_7_missing_flag,0.0,fold3_2017_2019
M3_catboost_residual,target_cool_spell_16_lag2_days,0.0,fold3_2017_2019
M3_catboost_residual,target_clim_doy_30yr_median_c,0.0,fold3_2017_2019
M3_catboost_residual,target_lag_365_missing_flag,0.0,fold3_2017_2019
M3_catboost_residual,doy_cos,0.0,fold3_2017_2019
M3_catboost_residual,warm_season_flag,0.0,fold3_2017_2019
M3_catboost_residual,cool_season_flag,0.0,fold3_2017_2019
M3_catboost_residual,hot_season_flag,0.0,fold3_2017_2019
M3_catboost_residual,typhoon_season_flag,0.0,fold3_2017_2019
M3_catboost_residual,shoulder_season_flag,0.0,fold3_2017_2019
M3_catboost_residual,post_2010_flag,0.0,fold3_2017_2019
M3_catboost_residual,post_2018_flag,0.0,fold3_2017_2019
M3_catboost_residual,quarter,0.0,fold3_2017_2019
M3_catboost_residual,hko_temp_trend_12h_c,12.464941926636081,fold4_2020_2021
M3_catboost_residual,nt_heat_ceiling_index_c,8.052668669851354,fold4_2020_2021
M3_catboost_residual,hko_latest_temp_minus_official_max_c,4.438742153988899,fold4_2020_2021
M3_catboost_residual,network_spread_mean_6h_c,3.0705889138764415,fold4_2020_2021
M3_catboost_residual,hko_temp_trend_6h_c,2.9597369450272244,fold4_2020_2021
M3_catboost_residual,network_mean_trend_6h_c,2.858777578209849,fold4_2020_2021
M3_catboost_residual,hko_evening_temp_minus_official_min_c,2.29437802015917,fold4_2020_2021
M3_catboost_residual,hko_latest_temp_minus_official_min_c,2.198142571917706,fold4_2020_2021
M3_catboost_residual,target_roll30_anomaly_lag2_c,2.1428864758110757,fold4_2020_2021
M3_catboost_residual,rev_path_max_c,1.9256368168923201,fold4_2020_2021
M3_catboost_residual,official_max_minus_doy_clim30_c,1.898338446148411,fold4_2020_2021
M3_catboost_residual,network_latest_temp_spread_c,1.7589763296589676,fold4_2020_2021
M3_catboost_residual,urban_heat_index_c,1.6541083444408142,fold4_2020_2021
M3_catboost_residual,urban_core_mean_minus_coastal_marine_mean_c,1.3239008694529766,fold4_2020_2021
M3_catboost_residual,hko_temp_mean_24h_minus_doy_clim_c,1.1530627386526098,fold4_2020_2021
M3_catboost_residual,hko_latest_temp_minus_doy_hour_clim_c,1.1488453997093422,fold4_2020_2021
M3_catboost_residual,network_spread_x_thunderstorm_flag,1.1369941873906602,fold4_2020_2021
M3_catboost_residual,target_lag3_tmax_c,1.108125907722072,fold4_2020_2021
M3_catboost_residual,target_hot_spell_33_lag2_days,1.0658857054605575,fold4_2020_2021
M3_catboost_residual,target_lag60_tmax_c,1.0372167033912416,fold4_2020_2021
M3_catboost_residual,official_max_minus_month_clim10_c,1.0325135359747826,fold4_2020_2021
M3_catboost_residual,fcst_flag_fine,1.0285203935786522,fold4_2020_2021
M3_catboost_residual,hko_temp_mean_12h_c,1.012932423237604,fold4_2020_2021
M3_catboost_residual,hourly_warning_text_count_24h,1.010487897739353,fold4_2020_2021
M3_catboost_residual,target_roll60_mean_lag2_c,0.9865294000575735,fold4_2020_2021
M3_catboost_residual,official_max_round_c,0.9729880143238645,fold4_2020_2021
M3_catboost_residual,target_lag2_tmax_c,0.9645346753047727,fold4_2020_2021
M3_catboost_residual,fcst_flag_sunny,0.9332935199573541,fold4_2020_2021
M3_catboost_residual,west_nw_nt_latest_count,0.9212914048655194,fold4_2020_2021
M3_catboost_residual,hko_rh_mean_12h_pct,0.8930605307591647,fold4_2020_2021
M3_catboost_residual,station_tseung_kwan_o_latest_minus_hko_c,0.880953417588891,fold4_2020_2021
M3_catboost_residual,official_range_c,0.8333956101743091,fold4_2020_2021
M3_catboost_residual,network_spread_max_6h_c,0.7673149530696758,fold4_2020_2021
M3_catboost_residual,hko_temp_mean_24h_c,0.7669208739794274,fold4_2020_2021
M3_catboost_residual,hko_pre_target_afternoon_max_minus_official_max_c,0.7668677687559791,fold4_2020_2021
M3_catboost_residual,rev_range_path_std_c,0.7582252693967203,fold4_2020_2021
M3_catboost_residual,target_lag2_minus_doy30_clim_c,0.7571153659500821,fold4_2020_2021
M3_catboost_residual,doy_sin,0.7309242189494539,fold4_2020_2021
M3_catboost_residual,hko_temp_max_24h_c,0.726158708442995,fold4_2020_2021
M3_catboost_residual,rev_path_min_c,0.7178669078841781,fold4_2020_2021
M3_catboost_residual,rev_latest_minus_first_min_c,0.7091759107181453,fold4_2020_2021
M3_catboost_residual,hours_since_latest_rainfall_text,0.7085472207130307,fold4_2020_2021
M3_catboost_residual,network_latest_temp_min_c,0.6658650956662734,fold4_2020_2021
M3_catboost_residual,day_of_year,0.660201527979037,fold4_2020_2021
M3_catboost_residual,official_midpoint_minus_doy_clim30_c,0.6558811965143022,fold4_2020_2021
M3_catboost_residual,coastal_marine_latest_max_c,0.6506186189667774,fold4_2020_2021
M3_catboost_residual,target_roll7_mean_lag2_c,0.6157805540352407,fold4_2020_2021
M3_catboost_residual,network_latest_temp_max_c,0.5717202482182991,fold4_2020_2021
M3_catboost_residual,official_max_c,0.5671682367589664,fold4_2020_2021
M3_catboost_residual,hko_pre_target_morning_mean_c,0.5558490598694675,fold4_2020_2021
M3_catboost_residual,target_history_max_source_date,0.5505313569144644,fold4_2020_2021
M3_catboost_residual,west_nw_nt_latest_mean_minus_hko_c,0.549998136519822,fold4_2020_2021
M3_catboost_residual,urban_core_latest_mean_c,0.5374776784112478,fold4_2020_2021
M3_catboost_residual,target_roll7_minus_roll30_c,0.5266865705468626,fold4_2020_2021
M3_catboost_residual,station_sha_tin_latest_temp_c,0.5222860185272528,fold4_2020_2021
M3_catboost_residual,tc_position_present_latest_flag,0.49810386861154393,fold4_2020_2021
M3_catboost_residual,urban_core_latest_max_c,0.49301904901685056,fold4_2020_2021
M3_catboost_residual,station_hong_kong_park_latest_minus_hko_c,0.465739384550852,fold4_2020_2021
M3_catboost_residual,fcst_flag_easterly_ne,0.4276651017232387,fold4_2020_2021
M3_catboost_residual,urban_core_latest_mean_minus_hko_c,0.40750050016909384,fold4_2020_2021
M3_catboost_residual,urban_core_latest_missing_fraction,0.39312882483393385,fold4_2020_2021
M3_catboost_residual,hko_rh_mean_24h_pct,0.38627639785144957,fold4_2020_2021
M3_catboost_residual,hko_latest_rh_pct,0.3854808324900358,fold4_2020_2021
M3_catboost_residual,hko_pre_target_overnight_min_c,0.3780820929706235,fold4_2020_2021
M3_catboost_residual,hko_rh_trend_3h_pct,0.37626583117662527,fold4_2020_2021
M3_catboost_residual,target_clim_doy_all_past_median_c,0.3551543219236351,fold4_2020_2021
M3_catboost_residual,eligible_forecast_count,0.35223731916589696,fold4_2020_2021
M3_catboost_residual,station_missing_count_mean_24h,0.3417193520760173,fold4_2020_2021
M3_catboost_residual,hko_rh_mean_6h_pct,0.3393779362563116,fold4_2020_2021
M3_catboost_residual,tc_lon_latest,0.32768770130968405,fold4_2020_2021
M3_catboost_residual,target_roll365_mean_lag2_c,0.3200094149942046,fold4_2020_2021
M3_catboost_residual,rev_prev_max_c,0.31930553025749364,fold4_2020_2021
M3_catboost_residual,target_lag365_tmax_c,0.3190136552826122,fold4_2020_2021
M3_catboost_residual,rev_count,0.31892111854762295,fold4_2020_2021
M3_catboost_residual,hko_pre_target_afternoon_max_sofar_c,0.31577912179893175,fold4_2020_2021
M3_catboost_residual,station_group_urban_core_insufficient_count_flag,0.305478121952477,fold4_2020_2021
M3_catboost_residual,fcst_flag_thunderstorm,0.2968177213604642,fold4_2020_2021
M3_catboost_residual,station_missing_count_max_24h,0.29068169689497253,fold4_2020_2021
M3_catboost_residual,tc_lat_latest,0.287049503418252,fold4_2020_2021
M3_catboost_residual,station_chek_lap_kok_latest_minus_hko_c,0.2868355044410453,fold4_2020_2021
M3_catboost_residual,target_clim_doy_10yr_median_c,0.28618495101134905,fold4_2020_2021
M3_catboost_residual,target_roll14_max_lag2_c,0.28349672597512265,fold4_2020_2021
M3_catboost_residual,hko_station_rank_pct,0.27633637638135444,fold4_2020_2021
M3_catboost_residual,target_clim_doy_30yr_median_c,0.25043854525614134,fold4_2020_2021
M3_catboost_residual,target_clim_month_10yr_std_c,0.24696858678880104,fold4_2020_2021
M3_catboost_residual,inland_nt_latest_max_c,0.24012450694650087,fold4_2020_2021
M3_catboost_residual,inland_nt_mean_minus_coastal_marine_mean_c,0.23872540086040653,fold4_2020_2021
M3_catboost_residual,hours_since_latest_tropical_cyclone_text,0.22713198176244445,fold4_2020_2021
M3_catboost_residual,hourly_any_thunderstorm_warning_24h,0.2255192620984685,fold4_2020_2021
M3_catboost_residual,network_spread_max_24h_c,0.2253764066992437,fold4_2020_2021
M3_catboost_residual,inland_coastal_spread_6h_max_c,0.22519317402755784,fold4_2020_2021
M3_catboost_residual,inland_minus_coastal_trend_6h_c,0.22194424071305255,fold4_2020_2021
M3_catboost_residual,urban_hko_alignment_c,0.21926132875086424,fold4_2020_2021
M3_catboost_residual,official_midpoint_c,0.2172918787743169,fold4_2020_2021
M3_catboost_residual,hours_since_latest_warning_text,0.21068706460787406,fold4_2020_2021
M3_catboost_residual,urban_core_latest_max_minus_hko_c,0.20928093022090632,fold4_2020_2021
M3_catboost_residual,month,0.20647558243386288,fold4_2020_2021
M3_catboost_residual,trend_years_since_2000,0.20011049717266174,fold4_2020_2021
M3_catboost_residual,target_clim_month_10yr_mean_c,0.19537866654369773,fold4_2020_2021
M3_catboost_residual,target_lag14_tmax_c,0.19186452730686385,fold4_2020_2021
M3_catboost_residual,inland_nt_latest_mean_c,0.18414268962853172,fold4_2020_2021
M3_catboost_residual,station_ta_kwu_ling_latest_temp_c,0.18401810054497428,fold4_2020_2021
M3_catboost_residual,inland_nt_max_minus_urban_core_mean_c,0.1742100882165042,fold4_2020_2021
M3_catboost_residual,hko_latest_dewpoint_depression_c,0.1720021511622294,fold4_2020_2021
M3_catboost_residual,hours_since_latest_lightning_text,0.1691321258405521,fold4_2020_2021
M3_catboost_residual,target_clim_month_30yr_mean_c,0.15522391609138927,fold4_2020_2021
M3_catboost_residual,fcst_flag_squally,0.1493316252450059,fold4_2020_2021
M3_catboost_residual,coastal_marine_latest_mean_minus_hko_c,0.14527346421488926,fold4_2020_2021
M3_catboost_residual,station_cheung_chau_latest_temp_c,0.14006067024378838,fold4_2020_2021
M3_catboost_residual,target_roll30_minus_doy30_clim_c,0.13139563138847607,fold4_2020_2021
M3_catboost_residual,network_latest_max_minus_hko_c,0.12304275050053015,fold4_2020_2021
M3_catboost_residual,target_lag7_tmax_c,0.12223612834222349,fold4_2020_2021
M3_catboost_residual,fcst_flag_nt_higher,0.12186356389455717,fold4_2020_2021
M3_catboost_residual,station_tseung_kwan_o_latest_temp_c,0.11762956455937475,fold4_2020_2021
M3_catboost_residual,target_roll30_mean_lag2_c,0.11683619548066732,fold4_2020_2021
M3_catboost_residual,hourly_text_block_present_6h,0.1122896290776226,fold4_2020_2021
M3_catboost_residual,coastal_marine_latest_max_minus_hko_c,0.1048772809773181,fold4_2020_2021
M3_catboost_residual,rev_first_max_c,0.09973059166841815,fold4_2020_2021
M3_catboost_residual,fcst_flag_southerly,0.09695672017308858,fold4_2020_2021
M3_catboost_residual,station_shek_kong_latest_temp_c,0.09568977353340873,fold4_2020_2021
M3_catboost_residual,hourly_any_tropical_cyclone_text_24h,0.091327656225562,fold4_2020_2021
M3_catboost_residual,rev_num_same_moves,0.08890070491127193,fold4_2020_2021
M3_catboost_residual,urban_core_mean_minus_hko_c,0.08771188860359826,fold4_2020_2021
M3_catboost_residual,inland_heat_index_x_warm_season,0.08493478316468893,fold4_2020_2021
M3_catboost_residual,hourly_any_strong_monsoon_24h,0.08445923988554956,fold4_2020_2021
M3_catboost_residual,hko_latest_dewpoint_c,0.08421639104181239,fold4_2020_2021
M3_catboost_residual,rev_last3_slope_c_per_hour,0.08387186534338437,fold4_2020_2021
M3_catboost_residual,doy_cos,0.0834557283304519,fold4_2020_2021
M3_catboost_residual,station_tsing_yi_latest_temp_c,0.08271176888205804,fold4_2020_2021
M3_catboost_residual,west_nw_nt_mean_minus_coastal_marine_mean_c,0.07926464513803783,fold4_2020_2021
M3_catboost_residual,hourly_warning_text_count_6h,0.07244240639081548,fold4_2020_2021
M3_catboost_residual,network_latest_valid_count,0.07175936310918468,fold4_2020_2021
M3_catboost_residual,fcst_flag_cloudy,0.06959773460331638,fold4_2020_2021
M3_catboost_residual,coastal_marine_latest_mean_c,0.06537939884401192,fold4_2020_2021
M3_catboost_residual,rev_last_change_age_hours,0.06499511368764675,fold4_2020_2021
M3_catboost_residual,target_roll7_max_lag2_c,0.060462750903014346,fold4_2020_2021
M3_catboost_residual,inland_heat_index_c,0.053932920710896094,fold4_2020_2021
M3_catboost_residual,station_sha_tin_latest_minus_hko_c,0.045500987565480065,fold4_2020_2021
M3_catboost_residual,fcst_flag_heavy_showers,0.03458235138585725,fold4_2020_2021
M3_catboost_residual,network_latest_hko_minus_mean_c,0.034475249597388145,fold4_2020_2021
M3_catboost_residual,network_latest_hko_percentile,0.030368798000542867,fold4_2020_2021
M3_catboost_residual,rev_latest_minus_prev_min_c,0.021740871158617132,fold4_2020_2021
M3_catboost_residual,hko_pre_target_evening_temp_c,0.021207159580676496,fold4_2020_2021
M3_catboost_residual,hko_rh_trend_6h_pct,0.0,fold4_2020_2021
M3_catboost_residual,hko_temp_mean_6h_c,0.0,fold4_2020_2021
M3_catboost_residual,hko_temp_min_24h_c,0.0,fold4_2020_2021
M3_catboost_residual,hko_target_station_present_latest_flag,0.0,fold4_2020_2021
M3_catboost_residual,forecast_anchor_tie_flag,0.0,fold4_2020_2021
M3_catboost_residual,target_lag30_tmax_c,0.0,fold4_2020_2021
M3_catboost_residual,fcst_flag_monsoon,0.0,fold4_2020_2021
M3_catboost_residual,fcst_flag_tropical_cyclone,0.0,fold4_2020_2021
M3_catboost_residual,rev_num_up_moves,0.0,fold4_2020_2021
M3_catboost_residual,rev_path_std_c,0.0,fold4_2020_2021
M3_catboost_residual,hko_trend_6h_missing_flag,0.0,fold4_2020_2021
M3_catboost_residual,hko_trend_12h_missing_flag,0.0,fold4_2020_2021
M3_catboost_residual,rev_bright_periods_added_latest,0.0,fold4_2020_2021
M3_catboost_residual,rev_text_regime_changed_latest,0.0,fold4_2020_2021
M3_catboost_residual,rev_cloudy_added_latest,0.0,fold4_2020_2021
M3_catboost_residual,rev_very_hot_added_latest,0.0,fold4_2020_2021
M3_catboost_residual,rev_thunderstorm_added_latest,0.0,fold4_2020_2021
M3_catboost_residual,rev_showers_added_latest,0.0,fold4_2020_2021
M3_catboost_residual,fcst_flag_active_southerly,0.0,fold4_2020_2021
M3_catboost_residual,rev_num_down_moves,0.0,fold4_2020_2021
M3_catboost_residual,hko_pre_target_overnight_min_c_missing_flag,0.0,fold4_2020_2021
M3_catboost_residual,hko_pre_target_morning_mean_c_missing_flag,0.0,fold4_2020_2021
M3_catboost_residual,hko_pre_target_afternoon_max_sofar_c_missing_flag,0.0,fold4_2020_2021
M3_catboost_residual,hko_temp_range_24h_c,0.0,fold4_2020_2021
M3_catboost_residual,hko_dispatch_count_24h,0.0,fold4_2020_2021
M3_catboost_residual,hko_partial_parse_count_24h,0.0,fold4_2020_2021
M3_catboost_residual,hko_evening_cooling_18_to_cutoff_c,0.0,fold4_2020_2021
M3_catboost_residual,hko_afternoon_warmup_09_to_15_c,0.0,fold4_2020_2021
M3_catboost_residual,hko_latest_observation_hour_hkt,0.0,fold4_2020_2021
M3_catboost_residual,hourly_latest_missing_flag,0.0,fold4_2020_2021
M3_catboost_residual,hko_latest_temp_c,0.0,fold4_2020_2021
M3_catboost_residual,hko_latest_age_minutes,0.0,fold4_2020_2021
M3_catboost_residual,hko_latest_age_gt_90min_flag,0.0,fold4_2020_2021
M3_catboost_residual,hko_rh_missing_flag,0.0,fold4_2020_2021
M3_catboost_residual,hko_target_station_missing_flag,0.0,fold4_2020_2021
M3_catboost_residual,fcst_flag_showers,0.0,fold4_2020_2021
M3_catboost_residual,target_roll_365_insufficient_count_flag,0.0,fold4_2020_2021
M3_catboost_residual,quarter,0.0,fold4_2020_2021
M3_catboost_residual,issue_age_minutes,0.0,fold4_2020_2021
M3_catboost_residual,issue_hour_bucket,0.0,fold4_2020_2021
M3_catboost_residual,issue_hour_hkt,0.0,fold4_2020_2021
M3_catboost_residual,issue_minute_hkt,0.0,fold4_2020_2021
M3_catboost_residual,official_max_bin,0.0,fold4_2020_2021
M3_catboost_residual,official_range_bin,0.0,fold4_2020_2021
M3_catboost_residual,target_lag_30_missing_flag,0.0,fold4_2020_2021
M3_catboost_residual,official_min_c,0.0,fold4_2020_2021
M3_catboost_residual,rev_latest_minus_prev_max_c,0.0,fold4_2020_2021
M3_catboost_residual,target_modern_warming_signal_c,0.0,fold4_2020_2021
M3_catboost_residual,hko_dewpoint_missing_flag,0.0,fold4_2020_2021
M3_catboost_residual,fcst_flag_hot,0.0,fold4_2020_2021
M3_catboost_residual,fcst_flag_mist_fog,0.0,fold4_2020_2021
M3_catboost_residual,target_lag_14_missing_flag,0.0,fold4_2020_2021
M3_catboost_residual,coastal_marine_mean_minus_hko_c,0.0,fold4_2020_2021
M3_catboost_residual,maritime_suppression_index_c,0.0,fold4_2020_2021
M3_catboost_residual,urban_core_latest_count,0.0,fold4_2020_2021
M3_catboost_residual,coastal_hko_alignment_c,0.0,fold4_2020_2021
M3_catboost_residual,station_group_coastal_marine_insufficient_count_flag,0.0,fold4_2020_2021
M3_catboost_residual,inland_nt_latest_count,0.0,fold4_2020_2021
M3_catboost_residual,coastal_marine_latest_missing_fraction,0.0,fold4_2020_2021
M3_catboost_residual,coastal_marine_latest_count,0.0,fold4_2020_2021
M3_catboost_residual,rev_range_latest_minus_prev_c,0.0,fold4_2020_2021
M3_catboost_residual,station_json_empty_latest_flag,0.0,fold4_2020_2021
M3_catboost_residual,network_outlier_any_flag_24h,0.0,fold4_2020_2021
M3_catboost_residual,rev_issue_span_hours,0.0,fold4_2020_2021
M3_catboost_residual,rev_first_issue_hour_hkt,0.0,fold4_2020_2021
M3_catboost_residual,rev_last_issue_hour_hkt,0.0,fold4_2020_2021
M3_catboost_residual,rev_latest3_all_same_flag,0.0,fold4_2020_2021
M3_catboost_residual,inland_nt_latest_missing_fraction,0.0,fold4_2020_2021
M3_catboost_residual,station_missing_count_latest,0.0,fold4_2020_2021
M3_catboost_residual,network_latest_valid_fraction,0.0,fold4_2020_2021
M3_catboost_residual,hko_temp_trend_3h_c,0.0,fold4_2020_2021
M3_catboost_residual,hko_trend_3h_missing_flag,0.0,fold4_2020_2021
M3_catboost_residual,hko_trend_1h_missing_flag,0.0,fold4_2020_2021
M3_catboost_residual,hko_temp_trend_1h_c,0.0,fold4_2020_2021
M3_catboost_residual,rev_path_range_c,0.0,fold4_2020_2021
M3_catboost_residual,network_latest_temp_mean_c,0.0,fold4_2020_2021
M3_catboost_residual,network_latest_missing_count,0.0,fold4_2020_2021
M3_catboost_residual,network_latest_station_count,0.0,fold4_2020_2021
M3_catboost_residual,hko_afternoon_warmup_09_to_15_c_missing_flag,0.0,fold4_2020_2021
M3_catboost_residual,hko_evening_cooling_18_to_cutoff_c_missing_flag,0.0,fold4_2020_2021
M3_catboost_residual,hko_pre_target_evening_temp_c_missing_flag,0.0,fold4_2020_2021
M3_catboost_residual,west_nw_nt_latest_mean_c,0.0,fold4_2020_2021
M3_catboost_residual,inland_nt_latest_mean_minus_hko_c,0.0,fold4_2020_2021
M3_catboost_residual,station_group_inland_nt_insufficient_count_flag,0.0,fold4_2020_2021
M3_catboost_residual,station_lau_fau_shan_latest_temp_c,0.0,fold4_2020_2021
M3_catboost_residual,station_lau_fau_shan_latest_minus_hko_c,0.0,fold4_2020_2021
M3_catboost_residual,station_lau_fau_shan_missing_flag,0.0,fold4_2020_2021
M3_catboost_residual,station_lau_fau_shan_outlier_flag,0.0,fold4_2020_2021
M3_catboost_residual,station_sai_kung_latest_temp_c,0.0,fold4_2020_2021
M3_catboost_residual,station_ta_kwu_ling_latest_minus_hko_c,0.0,fold4_2020_2021
M3_catboost_residual,station_ta_kwu_ling_missing_flag,0.0,fold4_2020_2021
M3_catboost_residual,station_sha_tin_outlier_flag,0.0,fold4_2020_2021
M3_catboost_residual,station_cheung_chau_outlier_flag,0.0,fold4_2020_2021
M3_catboost_residual,station_sha_tin_missing_flag,0.0,fold4_2020_2021
M3_catboost_residual,station_tseung_kwan_o_missing_flag,0.0,fold4_2020_2021
M3_catboost_residual,station_tseung_kwan_o_outlier_flag,0.0,fold4_2020_2021
M3_catboost_residual,station_tsing_yi_outlier_flag,0.0,fold4_2020_2021
M3_catboost_residual,west_nw_nt_latest_max_minus_hko_c,0.0,fold4_2020_2021
M3_catboost_residual,west_nw_nt_latest_max_c,0.0,fold4_2020_2021
M3_catboost_residual,west_nw_nt_latest_missing_fraction,0.0,fold4_2020_2021
M3_catboost_residual,station_chek_lap_kok_missing_flag,0.0,fold4_2020_2021
M3_catboost_residual,station_chek_lap_kok_latest_temp_c,0.0,fold4_2020_2021
M3_catboost_residual,station_hong_kong_park_missing_flag,0.0,fold4_2020_2021
M3_catboost_residual,station_hong_kong_park_outlier_flag,0.0,fold4_2020_2021
M3_catboost_residual,station_kings_park_outlier_flag,0.0,fold4_2020_2021
M3_catboost_residual,station_kings_park_missing_flag,0.0,fold4_2020_2021
M3_catboost_residual,station_kings_park_latest_minus_hko_c,0.0,fold4_2020_2021
M3_catboost_residual,station_hong_kong_park_latest_temp_c,0.0,fold4_2020_2021
M3_catboost_residual,station_kings_park_latest_temp_c,0.0,fold4_2020_2021
M3_catboost_residual,station_sai_kung_missing_flag,0.0,fold4_2020_2021
M3_catboost_residual,station_sai_kung_latest_minus_hko_c,0.0,fold4_2020_2021
M3_catboost_residual,inland_nt_latest_max_minus_hko_c,0.0,fold4_2020_2021
M3_catboost_residual,station_cheung_chau_missing_flag,0.0,fold4_2020_2021
M3_catboost_residual,station_cheung_chau_latest_minus_hko_c,0.0,fold4_2020_2021
M3_catboost_residual,station_chek_lap_kok_outlier_flag,0.0,fold4_2020_2021
M3_catboost_residual,station_group_west_nw_nt_insufficient_count_flag,0.0,fold4_2020_2021
M3_catboost_residual,hourly_any_rainstorm_warning_6h,0.0,fold4_2020_2021
M3_catboost_residual,hourly_any_amber_rainstorm_6h,0.0,fold4_2020_2021
M3_catboost_residual,hourly_any_red_black_rainstorm_6h,0.0,fold4_2020_2021
M3_catboost_residual,hourly_any_very_hot_warning_6h,0.0,fold4_2020_2021
M3_catboost_residual,hourly_any_strong_monsoon_6h,0.0,fold4_2020_2021
M3_catboost_residual,hourly_any_tropical_cyclone_text_6h,0.0,fold4_2020_2021
M3_catboost_residual,hourly_any_lightning_text_6h,0.0,fold4_2020_2021
M3_catboost_residual,hourly_any_rainfall_text_6h,0.0,fold4_2020_2021
M3_catboost_residual,station_sai_kung_outlier_flag,0.0,fold4_2020_2021
M3_catboost_residual,station_wong_chuk_hang_latest_temp_c,0.0,fold4_2020_2021
M3_catboost_residual,station_wong_chuk_hang_latest_minus_hko_c,0.0,fold4_2020_2021
M3_catboost_residual,station_wong_chuk_hang_missing_flag,0.0,fold4_2020_2021
M3_catboost_residual,station_wong_chuk_hang_outlier_flag,0.0,fold4_2020_2021
M3_catboost_residual,station_shek_kong_latest_minus_hko_c,0.0,fold4_2020_2021
M3_catboost_residual,station_shek_kong_missing_flag,0.0,fold4_2020_2021
M3_catboost_residual,station_shek_kong_outlier_flag,0.0,fold4_2020_2021
M3_catboost_residual,station_ta_kwu_ling_outlier_flag,0.0,fold4_2020_2021
M3_catboost_residual,station_tsing_yi_latest_minus_hko_c,0.0,fold4_2020_2021
M3_catboost_residual,station_tsing_yi_missing_flag,0.0,fold4_2020_2021
M3_catboost_residual,hourly_any_amber_rainstorm_24h,0.0,fold4_2020_2021
M3_catboost_residual,hourly_text_block_present_24h,0.0,fold4_2020_2021
M3_catboost_residual,hourly_any_rainfall_text_24h,0.0,fold4_2020_2021
M3_catboost_residual,hourly_lightning_text_count_6h,0.0,fold4_2020_2021
M3_catboost_residual,hourly_rainfall_text_count_6h,0.0,fold4_2020_2021
M3_catboost_residual,target_lag_7_missing_flag,0.0,fold4_2020_2021
M3_catboost_residual,hourly_any_red_black_rainstorm_24h,0.0,fold4_2020_2021
M3_catboost_residual,hourly_any_very_hot_warning_24h,0.0,fold4_2020_2021
M3_catboost_residual,hourly_any_lightning_text_24h,0.0,fold4_2020_2021
M3_catboost_residual,hourly_lightning_text_count_24h,0.0,fold4_2020_2021
M3_catboost_residual,hourly_rainfall_text_count_24h,0.0,fold4_2020_2021
M3_catboost_residual,network_spatial_heterogeneity_flag,0.0,fold4_2020_2021
M3_catboost_residual,hourly_any_thunderstorm_warning_6h,0.0,fold4_2020_2021
M3_catboost_residual,target_roll_7_insufficient_count_flag,0.0,fold4_2020_2021
M3_catboost_residual,target_roll14_mean_lag2_c,0.0,fold4_2020_2021
M3_catboost_residual,target_roll_14_insufficient_count_flag,0.0,fold4_2020_2021
M3_catboost_residual,target_roll_30_insufficient_count_flag,0.0,fold4_2020_2021
M3_catboost_residual,target_lag_3_missing_flag,0.0,fold4_2020_2021
M3_catboost_residual,target_roll_60_insufficient_count_flag,0.0,fold4_2020_2021
M3_catboost_residual,hourly_any_rainstorm_warning_24h,0.0,fold4_2020_2021
M3_catboost_residual,forecast_full_text_missing_flag,0.0,fold4_2020_2021
M3_catboost_residual,target_lag_2_missing_flag,0.0,fold4_2020_2021
M3_catboost_residual,forecast_revision_missing_prev_flag,0.0,fold4_2020_2021
M3_catboost_residual,forecast_single_issue_flag,0.0,fold4_2020_2021
M3_catboost_residual,tc_distance_missing_flag,0.0,fold4_2020_2021
M3_catboost_residual,tc_distance_to_hko_km_latest,0.0,fold4_2020_2021
M3_catboost_residual,target_lag_365_missing_flag,0.0,fold4_2020_2021
M3_catboost_residual,rev_latest_minus_first_max_c,0.0,fold4_2020_2021
M3_catboost_residual,latest_issue_is_after_23_flag,0.0,fold4_2020_2021
M3_catboost_residual,tc_name_present_latest_flag,0.0,fold4_2020_2021
M3_catboost_residual,tc_bearing_cos_latest,0.0,fold4_2020_2021
M3_catboost_residual,tc_bearing_sin_latest,0.0,fold4_2020_2021
M3_catboost_residual,fcst_flag_very_hot,0.0,fold4_2020_2021
M3_catboost_residual,fcst_flag_bright_periods,0.0,fold4_2020_2021
M3_catboost_residual,post_2018_flag,0.0,fold4_2020_2021
M3_catboost_residual,post_2010_flag,0.0,fold4_2020_2021
M3_catboost_residual,lead_seconds_to_target_start,0.0,fold4_2020_2021
M3_catboost_residual,shoulder_season_flag,0.0,fold4_2020_2021
M3_catboost_residual,typhoon_season_flag,0.0,fold4_2020_2021
M3_catboost_residual,cool_season_flag,0.0,fold4_2020_2021
M3_catboost_residual,hot_season_flag,0.0,fold4_2020_2021
M3_catboost_residual,warm_season_flag,0.0,fold4_2020_2021
M3_catboost_residual,target_cool_spell_16_lag2_days,0.0,fold4_2020_2021
M3_catboost_residual,target_lag_60_missing_flag,0.0,fold4_2020_2021
M3_catboost_residual,target_very_hot_spell_34_lag2_days,0.0,fold4_2020_2021
M3_catboost_residual,hko_temp_trend_12h_c,11.309567126229451,presealed_holdout_2022_2023
M3_catboost_residual,nt_heat_ceiling_index_c,8.209495355009468,presealed_holdout_2022_2023
M3_catboost_residual,hko_latest_temp_minus_official_max_c,5.275284611466015,presealed_holdout_2022_2023
M3_catboost_residual,network_mean_trend_6h_c,4.835980988331757,presealed_holdout_2022_2023
M3_catboost_residual,hko_temp_trend_6h_c,3.2814340634022168,presealed_holdout_2022_2023
M3_catboost_residual,network_spread_mean_6h_c,3.2378354960711513,presealed_holdout_2022_2023
M3_catboost_residual,network_latest_temp_spread_c,2.8100359550861893,presealed_holdout_2022_2023
M3_catboost_residual,target_roll30_anomaly_lag2_c,2.6969861591438518,presealed_holdout_2022_2023
M3_catboost_residual,hko_pre_target_afternoon_max_minus_official_max_c,2.3328848819905663,presealed_holdout_2022_2023
M3_catboost_residual,hko_evening_temp_minus_official_min_c,2.0710471614166552,presealed_holdout_2022_2023
M3_catboost_residual,target_history_max_source_date,1.866149746677549,presealed_holdout_2022_2023
M3_catboost_residual,urban_core_mean_minus_coastal_marine_mean_c,1.8281091074310625,presealed_holdout_2022_2023
M3_catboost_residual,hko_latest_temp_minus_official_min_c,1.8200214005844029,presealed_holdout_2022_2023
M3_catboost_residual,target_lag2_tmax_c,1.7461266050410948,presealed_holdout_2022_2023
M3_catboost_residual,target_hot_spell_33_lag2_days,1.6364947112513943,presealed_holdout_2022_2023
M3_catboost_residual,network_spread_x_thunderstorm_flag,1.3684156438873705,presealed_holdout_2022_2023
M3_catboost_residual,official_max_minus_doy_clim30_c,1.3496019419293381,presealed_holdout_2022_2023
M3_catboost_residual,fcst_flag_thunderstorm,1.2850267651377358,presealed_holdout_2022_2023
M3_catboost_residual,hourly_warning_text_count_24h,1.256446844084133,presealed_holdout_2022_2023
M3_catboost_residual,target_lag3_tmax_c,1.2153487692906224,presealed_holdout_2022_2023
M3_catboost_residual,rev_path_max_c,1.1988874407074355,presealed_holdout_2022_2023
M3_catboost_residual,hours_since_latest_rainfall_text,1.1970152678526276,presealed_holdout_2022_2023
M3_catboost_residual,official_midpoint_minus_doy_clim30_c,1.0556188425635167,presealed_holdout_2022_2023
M3_catboost_residual,hko_temp_mean_24h_minus_doy_clim_c,1.032306696094078,presealed_holdout_2022_2023
M3_catboost_residual,hko_temp_mean_6h_c,0.9926463123687024,presealed_holdout_2022_2023
M3_catboost_residual,urban_heat_index_c,0.9909512687880029,presealed_holdout_2022_2023
M3_catboost_residual,hko_latest_temp_minus_doy_hour_clim_c,0.9180320259045941,presealed_holdout_2022_2023
M3_catboost_residual,rev_first_max_c,0.8884115491086498,presealed_holdout_2022_2023
M3_catboost_residual,target_lag30_tmax_c,0.8672997120139193,presealed_holdout_2022_2023
M3_catboost_residual,doy_sin,0.86077692782679,presealed_holdout_2022_2023
M3_catboost_residual,rev_prev_max_c,0.8441833722513339,presealed_holdout_2022_2023
M3_catboost_residual,official_range_c,0.8344600485045132,presealed_holdout_2022_2023
M3_catboost_residual,rev_range_path_std_c,0.7592716621949399,presealed_holdout_2022_2023
M3_catboost_residual,official_max_c,0.7339611675319677,presealed_holdout_2022_2023
M3_catboost_residual,west_nw_nt_latest_mean_minus_hko_c,0.6873906860195437,presealed_holdout_2022_2023
M3_catboost_residual,target_lag2_minus_doy30_clim_c,0.6854967028820258,presealed_holdout_2022_2023
M3_catboost_residual,inland_nt_max_minus_urban_core_mean_c,0.6790691807080649,presealed_holdout_2022_2023
M3_catboost_residual,hko_temp_mean_12h_c,0.6678514727679985,presealed_holdout_2022_2023
M3_catboost_residual,hko_pre_target_afternoon_max_sofar_c,0.6646751315553656,presealed_holdout_2022_2023
M3_catboost_residual,target_clim_doy_30yr_median_c,0.6532044562662813,presealed_holdout_2022_2023
M3_catboost_residual,station_sha_tin_latest_temp_c,0.5988915775093413,presealed_holdout_2022_2023
M3_catboost_residual,official_max_minus_month_clim10_c,0.578574563949437,presealed_holdout_2022_2023
M3_catboost_residual,hko_pre_target_morning_mean_c,0.5710167304865028,presealed_holdout_2022_2023
M3_catboost_residual,target_lag60_tmax_c,0.5503417427013927,presealed_holdout_2022_2023
M3_catboost_residual,trend_years_since_2000,0.5181879005334548,presealed_holdout_2022_2023
M3_catboost_residual,target_lag365_tmax_c,0.489538969253942,presealed_holdout_2022_2023
M3_catboost_residual,network_latest_valid_count,0.48437166889632477,presealed_holdout_2022_2023
M3_catboost_residual,rev_latest_minus_first_min_c,0.4765859870072033,presealed_holdout_2022_2023
M3_catboost_residual,network_spread_max_6h_c,0.4688087763969526,presealed_holdout_2022_2023
M3_catboost_residual,target_clim_doy_10yr_median_c,0.45032421872987605,presealed_holdout_2022_2023
M3_catboost_residual,west_nw_nt_latest_max_c,0.4485325234832519,presealed_holdout_2022_2023
M3_catboost_residual,hko_pre_target_overnight_min_c,0.41484880947642905,presealed_holdout_2022_2023
M3_catboost_residual,station_sai_kung_latest_temp_c,0.4114877471359641,presealed_holdout_2022_2023
M3_catboost_residual,hko_temp_max_24h_c,0.4032218254565723,presealed_holdout_2022_2023
M3_catboost_residual,target_roll7_mean_lag2_c,0.3836889980528336,presealed_holdout_2022_2023
M3_catboost_residual,network_latest_hko_percentile,0.37790110831876617,presealed_holdout_2022_2023
M3_catboost_residual,hko_latest_dewpoint_c,0.3752916555746811,presealed_holdout_2022_2023
M3_catboost_residual,official_midpoint_c,0.3751391940951604,presealed_holdout_2022_2023
M3_catboost_residual,hko_rh_mean_12h_pct,0.37409084619145794,presealed_holdout_2022_2023
M3_catboost_residual,rev_path_min_c,0.3656639708852093,presealed_holdout_2022_2023
M3_catboost_residual,west_nw_nt_mean_minus_coastal_marine_mean_c,0.35153031348338715,presealed_holdout_2022_2023
M3_catboost_residual,urban_core_latest_mean_c,0.3491365734582131,presealed_holdout_2022_2023
M3_catboost_residual,station_tseung_kwan_o_latest_minus_hko_c,0.34288823925446044,presealed_holdout_2022_2023
M3_catboost_residual,hko_afternoon_warmup_09_to_15_c,0.3360362755558845,presealed_holdout_2022_2023
M3_catboost_residual,station_missing_count_mean_24h,0.3357930392004135,presealed_holdout_2022_2023
M3_catboost_residual,urban_core_latest_mean_minus_hko_c,0.33245499307942933,presealed_holdout_2022_2023
M3_catboost_residual,hko_latest_dewpoint_depression_c,0.3236216202081227,presealed_holdout_2022_2023
M3_catboost_residual,official_max_round_c,0.31981929466175535,presealed_holdout_2022_2023
M3_catboost_residual,station_wong_chuk_hang_latest_temp_c,0.3143523187516187,presealed_holdout_2022_2023
M3_catboost_residual,target_lag14_tmax_c,0.30637897644502343,presealed_holdout_2022_2023
M3_catboost_residual,station_hong_kong_park_latest_temp_c,0.3005368010359115,presealed_holdout_2022_2023
M3_catboost_residual,hko_latest_temp_c,0.3004247541614814,presealed_holdout_2022_2023
M3_catboost_residual,station_group_urban_core_insufficient_count_flag,0.28537685996949597,presealed_holdout_2022_2023
M3_catboost_residual,fcst_flag_fine,0.2761560439052726,presealed_holdout_2022_2023
M3_catboost_residual,tc_bearing_cos_latest,0.27507994894333393,presealed_holdout_2022_2023
M3_catboost_residual,urban_core_latest_count,0.2615312835056558,presealed_holdout_2022_2023
M3_catboost_residual,station_kings_park_latest_temp_c,0.259209300067025,presealed_holdout_2022_2023
M3_catboost_residual,fcst_flag_sunny,0.2477250484470283,presealed_holdout_2022_2023
M3_catboost_residual,tc_lat_latest,0.2395819656555416,presealed_holdout_2022_2023
M3_catboost_residual,station_tsing_yi_latest_minus_hko_c,0.22929892461508627,presealed_holdout_2022_2023
M3_catboost_residual,target_lag7_tmax_c,0.22876071756068445,presealed_holdout_2022_2023
M3_catboost_residual,urban_core_latest_max_minus_hko_c,0.2219069155377547,presealed_holdout_2022_2023
M3_catboost_residual,hko_rh_trend_6h_pct,0.21254128156176455,presealed_holdout_2022_2023
M3_catboost_residual,target_roll30_minus_doy30_clim_c,0.21042205713388393,presealed_holdout_2022_2023
M3_catboost_residual,hko_latest_rh_pct,0.1872106601218573,presealed_holdout_2022_2023
M3_catboost_residual,hko_rh_mean_24h_pct,0.1814765672109823,presealed_holdout_2022_2023
M3_catboost_residual,west_nw_nt_latest_max_minus_hko_c,0.1762127600207869,presealed_holdout_2022_2023
M3_catboost_residual,target_roll7_max_lag2_c,0.1713419183003811,presealed_holdout_2022_2023
M3_catboost_residual,west_nw_nt_latest_mean_c,0.16801501516074102,presealed_holdout_2022_2023
M3_catboost_residual,network_latest_hko_minus_mean_c,0.15913721557650934,presealed_holdout_2022_2023
M3_catboost_residual,station_sha_tin_latest_minus_hko_c,0.15799414342829537,presealed_holdout_2022_2023
M3_catboost_residual,lead_seconds_to_target_start,0.15387418560989585,presealed_holdout_2022_2023
M3_catboost_residual,tc_lon_latest,0.15244886709295163,presealed_holdout_2022_2023
M3_catboost_residual,target_roll365_mean_lag2_c,0.15218362852941483,presealed_holdout_2022_2023
M3_catboost_residual,network_spread_max_24h_c,0.1496278738553374,presealed_holdout_2022_2023
M3_catboost_residual,inland_heat_index_c,0.14041365102268724,presealed_holdout_2022_2023
M3_catboost_residual,inland_nt_latest_max_minus_hko_c,0.13937113618851518,presealed_holdout_2022_2023
M3_catboost_residual,urban_core_mean_minus_hko_c,0.13730559770903622,presealed_holdout_2022_2023
M3_catboost_residual,month,0.13676580955370693,presealed_holdout_2022_2023
M3_catboost_residual,hko_temp_min_24h_c,0.1365678317239281,presealed_holdout_2022_2023
M3_catboost_residual,hko_rh_mean_6h_pct,0.13556309765475674,presealed_holdout_2022_2023
M3_catboost_residual,hourly_any_strong_monsoon_24h,0.1338162489650045,presealed_holdout_2022_2023
M3_catboost_residual,station_ta_kwu_ling_latest_temp_c,0.13312259360176437,presealed_holdout_2022_2023
M3_catboost_residual,hours_since_latest_tropical_cyclone_text,0.12822789424111608,presealed_holdout_2022_2023
M3_catboost_residual,tc_distance_to_hko_km_latest,0.12672651387526326,presealed_holdout_2022_2023
M3_catboost_residual,station_lau_fau_shan_latest_temp_c,0.1251315437227033,presealed_holdout_2022_2023
M3_catboost_residual,hourly_lightning_text_count_6h,0.12489246741479891,presealed_holdout_2022_2023
M3_catboost_residual,day_of_year,0.12465801521875945,presealed_holdout_2022_2023
M3_catboost_residual,network_latest_max_minus_hko_c,0.12185828305324871,presealed_holdout_2022_2023
M3_catboost_residual,inland_nt_latest_count,0.12096133240044699,presealed_holdout_2022_2023
M3_catboost_residual,urban_hko_alignment_c,0.12003638571637451,presealed_holdout_2022_2023
M3_catboost_residual,target_roll60_mean_lag2_c,0.1176598054213809,presealed_holdout_2022_2023
M3_catboost_residual,hko_temp_range_24h_c,0.11647060741011742,presealed_holdout_2022_2023
M3_catboost_residual,inland_heat_index_x_warm_season,0.11109311041599722,presealed_holdout_2022_2023
M3_catboost_residual,network_latest_temp_mean_c,0.11038878551140142,presealed_holdout_2022_2023
M3_catboost_residual,hko_evening_cooling_18_to_cutoff_c,0.1089240859514617,presealed_holdout_2022_2023
M3_catboost_residual,hours_since_latest_warning_text,0.101167391184424,presealed_holdout_2022_2023
M3_catboost_residual,tc_position_present_latest_flag,0.09924850436865912,presealed_holdout_2022_2023
M3_catboost_residual,hko_rh_trend_3h_pct,0.09184480774863708,presealed_holdout_2022_2023
M3_catboost_residual,rev_last3_slope_c_per_hour,0.07549703976697653,presealed_holdout_2022_2023
M3_catboost_residual,hourly_rainfall_text_count_24h,0.07467373560507191,presealed_holdout_2022_2023
M3_catboost_residual,target_modern_warming_signal_c,0.07147105287882136,presealed_holdout_2022_2023
M3_catboost_residual,station_chek_lap_kok_latest_temp_c,0.0676616093420402,presealed_holdout_2022_2023
M3_catboost_residual,target_roll7_minus_roll30_c,0.0625354816699565,presealed_holdout_2022_2023
M3_catboost_residual,station_tseung_kwan_o_latest_temp_c,0.06009523771539999,presealed_holdout_2022_2023
M3_catboost_residual,fcst_flag_cloudy,0.055784420705862134,presealed_holdout_2022_2023
M3_catboost_residual,station_missing_count_latest,0.05005877860517758,presealed_holdout_2022_2023
M3_catboost_residual,west_nw_nt_latest_count,0.04083283718546092,presealed_holdout_2022_2023
M3_catboost_residual,hours_since_latest_lightning_text,0.034119630507829624,presealed_holdout_2022_2023
M3_catboost_residual,station_hong_kong_park_latest_minus_hko_c,0.01749476179380123,presealed_holdout_2022_2023
M3_catboost_residual,coastal_marine_mean_minus_hko_c,0.017161461536849644,presealed_holdout_2022_2023
M3_catboost_residual,hko_pre_target_overnight_min_c_missing_flag,0.0,presealed_holdout_2022_2023
M3_catboost_residual,hko_pre_target_morning_mean_c_missing_flag,0.0,presealed_holdout_2022_2023
M3_catboost_residual,hko_pre_target_afternoon_max_sofar_c_missing_flag,0.0,presealed_holdout_2022_2023
M3_catboost_residual,hko_pre_target_evening_temp_c_missing_flag,0.0,presealed_holdout_2022_2023
M3_catboost_residual,hko_evening_cooling_18_to_cutoff_c_missing_flag,0.0,presealed_holdout_2022_2023
M3_catboost_residual,hko_afternoon_warmup_09_to_15_c_missing_flag,0.0,presealed_holdout_2022_2023
M3_catboost_residual,hko_station_rank_pct,0.0,presealed_holdout_2022_2023
M3_catboost_residual,network_latest_station_count,0.0,presealed_holdout_2022_2023
M3_catboost_residual,network_latest_missing_count,0.0,presealed_holdout_2022_2023
M3_catboost_residual,network_latest_temp_min_c,0.0,presealed_holdout_2022_2023
M3_catboost_residual,hko_trend_6h_missing_flag,0.0,presealed_holdout_2022_2023
M3_catboost_residual,hko_trend_12h_missing_flag,0.0,presealed_holdout_2022_2023
M3_catboost_residual,hko_dispatch_count_24h,0.0,presealed_holdout_2022_2023
M3_catboost_residual,hko_partial_parse_count_24h,0.0,presealed_holdout_2022_2023
M3_catboost_residual,hourly_latest_missing_flag,0.0,presealed_holdout_2022_2023
M3_catboost_residual,target_clim_month_10yr_std_c,0.0,presealed_holdout_2022_2023
M3_catboost_residual,fcst_flag_southerly,0.0,presealed_holdout_2022_2023
M3_catboost_residual,fcst_flag_easterly_ne,0.0,presealed_holdout_2022_2023
M3_catboost_residual,fcst_flag_nt_higher,0.0,presealed_holdout_2022_2023
M3_catboost_residual,rev_thunderstorm_added_latest,0.0,presealed_holdout_2022_2023
M3_catboost_residual,rev_showers_added_latest,0.0,presealed_holdout_2022_2023
M3_catboost_residual,rev_very_hot_added_latest,0.0,presealed_holdout_2022_2023
M3_catboost_residual,rev_cloudy_added_latest,0.0,presealed_holdout_2022_2023
M3_catboost_residual,rev_bright_periods_added_latest,0.0,presealed_holdout_2022_2023
M3_catboost_residual,urban_core_latest_max_c,0.0,presealed_holdout_2022_2023
M3_catboost_residual,urban_core_latest_missing_fraction,0.0,presealed_holdout_2022_2023
M3_catboost_residual,target_clim_month_10yr_mean_c,0.0,presealed_holdout_2022_2023
M3_catboost_residual,forecast_full_text_missing_flag,0.0,presealed_holdout_2022_2023
M3_catboost_residual,forecast_single_issue_flag,0.0,presealed_holdout_2022_2023
M3_catboost_residual,target_clim_doy_all_past_median_c,0.0,presealed_holdout_2022_2023
M3_catboost_residual,rev_latest_minus_prev_max_c,0.0,presealed_holdout_2022_2023
M3_catboost_residual,post_2018_flag,0.0,presealed_holdout_2022_2023
M3_catboost_residual,hko_temp_trend_1h_c,0.0,presealed_holdout_2022_2023
M3_catboost_residual,hko_trend_1h_missing_flag,0.0,presealed_holdout_2022_2023
M3_catboost_residual,hko_temp_trend_3h_c,0.0,presealed_holdout_2022_2023
M3_catboost_residual,hko_trend_3h_missing_flag,0.0,presealed_holdout_2022_2023
M3_catboost_residual,fcst_flag_tropical_cyclone,0.0,presealed_holdout_2022_2023
M3_catboost_residual,fcst_flag_monsoon,0.0,presealed_holdout_2022_2023
M3_catboost_residual,fcst_flag_active_southerly,0.0,presealed_holdout_2022_2023
M3_catboost_residual,issue_hour_bucket,0.0,presealed_holdout_2022_2023
M3_catboost_residual,issue_age_minutes,0.0,presealed_holdout_2022_2023
M3_catboost_residual,hko_latest_age_gt_90min_flag,0.0,presealed_holdout_2022_2023
M3_catboost_residual,hko_latest_observation_hour_hkt,0.0,presealed_holdout_2022_2023
M3_catboost_residual,hko_target_station_present_latest_flag,0.0,presealed_holdout_2022_2023
M3_catboost_residual,hko_latest_age_minutes,0.0,presealed_holdout_2022_2023
M3_catboost_residual,hko_dewpoint_missing_flag,0.0,presealed_holdout_2022_2023
M3_catboost_residual,hko_target_station_missing_flag,0.0,presealed_holdout_2022_2023
M3_catboost_residual,hko_rh_missing_flag,0.0,presealed_holdout_2022_2023
M3_catboost_residual,hko_temp_mean_24h_c,0.0,presealed_holdout_2022_2023
M3_catboost_residual,target_clim_month_30yr_mean_c,0.0,presealed_holdout_2022_2023
M3_catboost_residual,target_lag_365_missing_flag,0.0,presealed_holdout_2022_2023
M3_catboost_residual,target_cool_spell_16_lag2_days,0.0,presealed_holdout_2022_2023
M3_catboost_residual,quarter,0.0,presealed_holdout_2022_2023
M3_catboost_residual,forecast_anchor_tie_flag,0.0,presealed_holdout_2022_2023
M3_catboost_residual,latest_issue_is_after_23_flag,0.0,presealed_holdout_2022_2023
M3_catboost_residual,rev_latest_minus_first_max_c,0.0,presealed_holdout_2022_2023
M3_catboost_residual,typhoon_season_flag,0.0,presealed_holdout_2022_2023
M3_catboost_residual,hot_season_flag,0.0,presealed_holdout_2022_2023
M3_catboost_residual,warm_season_flag,0.0,presealed_holdout_2022_2023
M3_catboost_residual,cool_season_flag,0.0,presealed_holdout_2022_2023
M3_catboost_residual,doy_cos,0.0,presealed_holdout_2022_2023
M3_catboost_residual,post_2010_flag,0.0,presealed_holdout_2022_2023
M3_catboost_residual,shoulder_season_flag,0.0,presealed_holdout_2022_2023
M3_catboost_residual,rev_count,0.0,presealed_holdout_2022_2023
M3_catboost_residual,station_kings_park_missing_flag,0.0,presealed_holdout_2022_2023
M3_catboost_residual,station_kings_park_latest_minus_hko_c,0.0,presealed_holdout_2022_2023
M3_catboost_residual,rev_path_std_c,0.0,presealed_holdout_2022_2023
M3_catboost_residual,rev_path_range_c,0.0,presealed_holdout_2022_2023
M3_catboost_residual,rev_num_up_moves,0.0,presealed_holdout_2022_2023
M3_catboost_residual,rev_num_down_moves,0.0,presealed_holdout_2022_2023
M3_catboost_residual,rev_last_change_age_hours,0.0,presealed_holdout_2022_2023
M3_catboost_residual,rev_num_same_moves,0.0,presealed_holdout_2022_2023
M3_catboost_residual,rev_issue_span_hours,0.0,presealed_holdout_2022_2023
M3_catboost_residual,rev_last_issue_hour_hkt,0.0,presealed_holdout_2022_2023
M3_catboost_residual,rev_latest3_all_same_flag,0.0,presealed_holdout_2022_2023
M3_catboost_residual,rev_first_issue_hour_hkt,0.0,presealed_holdout_2022_2023
M3_catboost_residual,rev_latest_minus_prev_min_c,0.0,presealed_holdout_2022_2023
M3_catboost_residual,coastal_marine_latest_max_c,0.0,presealed_holdout_2022_2023
M3_catboost_residual,fcst_flag_showers,0.0,presealed_holdout_2022_2023
M3_catboost_residual,rev_range_latest_minus_prev_c,0.0,presealed_holdout_2022_2023
M3_catboost_residual,inland_nt_latest_mean_c,0.0,presealed_holdout_2022_2023
M3_catboost_residual,inland_nt_latest_max_c,0.0,presealed_holdout_2022_2023
M3_catboost_residual,inland_nt_latest_missing_fraction,0.0,presealed_holdout_2022_2023
M3_catboost_residual,coastal_marine_latest_count,0.0,presealed_holdout_2022_2023
M3_catboost_residual,coastal_marine_latest_missing_fraction,0.0,presealed_holdout_2022_2023
M3_catboost_residual,coastal_marine_latest_mean_minus_hko_c,0.0,presealed_holdout_2022_2023
M3_catboost_residual,coastal_marine_latest_max_minus_hko_c,0.0,presealed_holdout_2022_2023
M3_catboost_residual,station_group_coastal_marine_insufficient_count_flag,0.0,presealed_holdout_2022_2023
M3_catboost_residual,station_group_inland_nt_insufficient_count_flag,0.0,presealed_holdout_2022_2023
M3_catboost_residual,inland_nt_latest_mean_minus_hko_c,0.0,presealed_holdout_2022_2023
M3_catboost_residual,hko_pre_target_evening_temp_c,0.0,presealed_holdout_2022_2023
M3_catboost_residual,coastal_marine_latest_mean_c,0.0,presealed_holdout_2022_2023
M3_catboost_residual,network_latest_valid_fraction,0.0,presealed_holdout_2022_2023
M3_catboost_residual,network_outlier_any_flag_24h,0.0,presealed_holdout_2022_2023
M3_catboost_residual,station_json_empty_latest_flag,0.0,presealed_holdout_2022_2023
M3_catboost_residual,network_latest_temp_max_c,0.0,presealed_holdout_2022_2023
M3_catboost_residual,rev_text_regime_changed_latest,0.0,presealed_holdout_2022_2023
M3_catboost_residual,eligible_forecast_count,0.0,presealed_holdout_2022_2023
M3_catboost_residual,forecast_revision_missing_prev_flag,0.0,presealed_holdout_2022_2023
M3_catboost_residual,station_sai_kung_latest_minus_hko_c,0.0,presealed_holdout_2022_2023
M3_catboost_residual,station_lau_fau_shan_missing_flag,0.0,presealed_holdout_2022_2023
M3_catboost_residual,station_lau_fau_shan_outlier_flag,0.0,presealed_holdout_2022_2023
M3_catboost_residual,station_ta_kwu_ling_outlier_flag,0.0,presealed_holdout_2022_2023
M3_catboost_residual,station_lau_fau_shan_latest_minus_hko_c,0.0,presealed_holdout_2022_2023
M3_catboost_residual,inland_minus_coastal_trend_6h_c,0.0,presealed_holdout_2022_2023
M3_catboost_residual,station_sha_tin_outlier_flag,0.0,presealed_holdout_2022_2023
M3_catboost_residual,station_ta_kwu_ling_latest_minus_hko_c,0.0,presealed_holdout_2022_2023
M3_catboost_residual,station_sai_kung_missing_flag,0.0,presealed_holdout_2022_2023
M3_catboost_residual,station_sai_kung_outlier_flag,0.0,presealed_holdout_2022_2023
M3_catboost_residual,station_ta_kwu_ling_missing_flag,0.0,presealed_holdout_2022_2023
M3_catboost_residual,station_sha_tin_missing_flag,0.0,presealed_holdout_2022_2023
M3_catboost_residual,west_nw_nt_latest_missing_fraction,0.0,presealed_holdout_2022_2023
M3_catboost_residual,station_chek_lap_kok_outlier_flag,0.0,presealed_holdout_2022_2023
M3_catboost_residual,station_cheung_chau_latest_temp_c,0.0,presealed_holdout_2022_2023
M3_catboost_residual,station_cheung_chau_latest_minus_hko_c,0.0,presealed_holdout_2022_2023
M3_catboost_residual,station_cheung_chau_missing_flag,0.0,presealed_holdout_2022_2023
M3_catboost_residual,station_hong_kong_park_outlier_flag,0.0,presealed_holdout_2022_2023
M3_catboost_residual,station_chek_lap_kok_latest_minus_hko_c,0.0,presealed_holdout_2022_2023
M3_catboost_residual,station_hong_kong_park_missing_flag,0.0,presealed_holdout_2022_2023
M3_catboost_residual,station_chek_lap_kok_missing_flag,0.0,presealed_holdout_2022_2023
M3_catboost_residual,station_kings_park_outlier_flag,0.0,presealed_holdout_2022_2023
M3_catboost_residual,station_wong_chuk_hang_missing_flag,0.0,presealed_holdout_2022_2023
M3_catboost_residual,station_wong_chuk_hang_latest_minus_hko_c,0.0,presealed_holdout_2022_2023
M3_catboost_residual,station_cheung_chau_outlier_flag,0.0,presealed_holdout_2022_2023
M3_catboost_residual,station_group_west_nw_nt_insufficient_count_flag,0.0,presealed_holdout_2022_2023
M3_catboost_residual,maritime_suppression_index_c,0.0,presealed_holdout_2022_2023
M3_catboost_residual,inland_nt_mean_minus_coastal_marine_mean_c,0.0,presealed_holdout_2022_2023
M3_catboost_residual,coastal_hko_alignment_c,0.0,presealed_holdout_2022_2023
M3_catboost_residual,hourly_any_thunderstorm_warning_6h,0.0,presealed_holdout_2022_2023
M3_catboost_residual,hourly_any_rainstorm_warning_6h,0.0,presealed_holdout_2022_2023
M3_catboost_residual,hourly_any_amber_rainstorm_6h,0.0,presealed_holdout_2022_2023
M3_catboost_residual,hourly_any_red_black_rainstorm_6h,0.0,presealed_holdout_2022_2023
M3_catboost_residual,hourly_any_very_hot_warning_6h,0.0,presealed_holdout_2022_2023
M3_catboost_residual,hourly_any_strong_monsoon_6h,0.0,presealed_holdout_2022_2023
M3_catboost_residual,hourly_any_tropical_cyclone_text_6h,0.0,presealed_holdout_2022_2023
M3_catboost_residual,hourly_any_lightning_text_6h,0.0,presealed_holdout_2022_2023
M3_catboost_residual,hourly_any_rainfall_text_6h,0.0,presealed_holdout_2022_2023
M3_catboost_residual,hourly_text_block_present_6h,0.0,presealed_holdout_2022_2023
M3_catboost_residual,hourly_warning_text_count_6h,0.0,presealed_holdout_2022_2023
M3_catboost_residual,station_wong_chuk_hang_outlier_flag,0.0,presealed_holdout_2022_2023
M3_catboost_residual,station_shek_kong_latest_temp_c,0.0,presealed_holdout_2022_2023
M3_catboost_residual,station_shek_kong_latest_minus_hko_c,0.0,presealed_holdout_2022_2023
M3_catboost_residual,station_shek_kong_missing_flag,0.0,presealed_holdout_2022_2023
M3_catboost_residual,station_shek_kong_outlier_flag,0.0,presealed_holdout_2022_2023
M3_catboost_residual,station_tsing_yi_latest_temp_c,0.0,presealed_holdout_2022_2023
M3_catboost_residual,station_tsing_yi_missing_flag,0.0,presealed_holdout_2022_2023
M3_catboost_residual,station_tsing_yi_outlier_flag,0.0,presealed_holdout_2022_2023
M3_catboost_residual,station_tseung_kwan_o_missing_flag,0.0,presealed_holdout_2022_2023
M3_catboost_residual,station_tseung_kwan_o_outlier_flag,0.0,presealed_holdout_2022_2023
M3_catboost_residual,fcst_flag_bright_periods,0.0,presealed_holdout_2022_2023
M3_catboost_residual,official_min_c,0.0,presealed_holdout_2022_2023
M3_catboost_residual,fcst_flag_heavy_showers,0.0,presealed_holdout_2022_2023
M3_catboost_residual,station_missing_count_max_24h,0.0,presealed_holdout_2022_2023
M3_catboost_residual,inland_coastal_spread_6h_max_c,0.0,presealed_holdout_2022_2023
M3_catboost_residual,fcst_flag_squally,0.0,presealed_holdout_2022_2023
M3_catboost_residual,fcst_flag_very_hot,0.0,presealed_holdout_2022_2023
M3_catboost_residual,fcst_flag_hot,0.0,presealed_holdout_2022_2023
M3_catboost_residual,target_lag_60_missing_flag,0.0,presealed_holdout_2022_2023
M3_catboost_residual,fcst_flag_mist_fog,0.0,presealed_holdout_2022_2023
M3_catboost_residual,network_spatial_heterogeneity_flag,0.0,presealed_holdout_2022_2023
M3_catboost_residual,hourly_rainfall_text_count_6h,0.0,presealed_holdout_2022_2023
M3_catboost_residual,hourly_any_thunderstorm_warning_24h,0.0,presealed_holdout_2022_2023
M3_catboost_residual,hourly_any_rainstorm_warning_24h,0.0,presealed_holdout_2022_2023
M3_catboost_residual,hourly_any_amber_rainstorm_24h,0.0,presealed_holdout_2022_2023
M3_catboost_residual,hourly_any_very_hot_warning_24h,0.0,presealed_holdout_2022_2023
M3_catboost_residual,hourly_any_red_black_rainstorm_24h,0.0,presealed_holdout_2022_2023
M3_catboost_residual,hourly_any_lightning_text_24h,0.0,presealed_holdout_2022_2023
M3_catboost_residual,hourly_any_tropical_cyclone_text_24h,0.0,presealed_holdout_2022_2023
M3_catboost_residual,hourly_lightning_text_count_24h,0.0,presealed_holdout_2022_2023
M3_catboost_residual,hourly_text_block_present_24h,0.0,presealed_holdout_2022_2023
M3_catboost_residual,hourly_any_rainfall_text_24h,0.0,presealed_holdout_2022_2023
M3_catboost_residual,tc_distance_missing_flag,0.0,presealed_holdout_2022_2023
M3_catboost_residual,target_lag_30_missing_flag,0.0,presealed_holdout_2022_2023
M3_catboost_residual,target_lag_2_missing_flag,0.0,presealed_holdout_2022_2023
M3_catboost_residual,target_lag_3_missing_flag,0.0,presealed_holdout_2022_2023
M3_catboost_residual,target_lag_7_missing_flag,0.0,presealed_holdout_2022_2023
M3_catboost_residual,tc_name_present_latest_flag,0.0,presealed_holdout_2022_2023
M3_catboost_residual,tc_bearing_sin_latest,0.0,presealed_holdout_2022_2023
M3_catboost_residual,target_lag_14_missing_flag,0.0,presealed_holdout_2022_2023
M3_catboost_residual,official_range_bin,0.0,presealed_holdout_2022_2023
M3_catboost_residual,target_roll_365_insufficient_count_flag,0.0,presealed_holdout_2022_2023
M3_catboost_residual,target_very_hot_spell_34_lag2_days,0.0,presealed_holdout_2022_2023
M3_catboost_residual,target_roll_60_insufficient_count_flag,0.0,presealed_holdout_2022_2023
M3_catboost_residual,target_roll_30_insufficient_count_flag,0.0,presealed_holdout_2022_2023
M3_catboost_residual,target_roll30_mean_lag2_c,0.0,presealed_holdout_2022_2023
M3_catboost_residual,target_roll_14_insufficient_count_flag,0.0,presealed_holdout_2022_2023
M3_catboost_residual,target_roll14_max_lag2_c,0.0,presealed_holdout_2022_2023
M3_catboost_residual,target_roll14_mean_lag2_c,0.0,presealed_holdout_2022_2023
M3_catboost_residual,target_roll_7_insufficient_count_flag,0.0,presealed_holdout_2022_2023
M3_catboost_residual,issue_minute_hkt,0.0,presealed_holdout_2022_2023
M3_catboost_residual,issue_hour_hkt,0.0,presealed_holdout_2022_2023
M3_catboost_residual,official_max_bin,0.0,presealed_holdout_2022_2023
M3_catboost_residual,hko_temp_trend_12h_c,13.971350088586485,sealed_confirmation_2024_plus
M3_catboost_residual,nt_heat_ceiling_index_c,7.508009300369552,sealed_confirmation_2024_plus
M3_catboost_residual,hko_latest_temp_minus_official_max_c,4.840587962809904,sealed_confirmation_2024_plus
M3_catboost_residual,hko_latest_temp_minus_official_min_c,3.78002971525963,sealed_confirmation_2024_plus
M3_catboost_residual,hko_temp_trend_6h_c,3.7314462848188943,sealed_confirmation_2024_plus
M3_catboost_residual,network_spread_mean_6h_c,3.717278859157043,sealed_confirmation_2024_plus
M3_catboost_residual,network_mean_trend_6h_c,3.6163070896548164,sealed_confirmation_2024_plus
M3_catboost_residual,target_lag2_tmax_c,2.8546416132115535,sealed_confirmation_2024_plus
M3_catboost_residual,hko_pre_target_afternoon_max_minus_official_max_c,1.994288804231224,sealed_confirmation_2024_plus
M3_catboost_residual,official_max_minus_month_clim10_c,1.6225045738233987,sealed_confirmation_2024_plus
M3_catboost_residual,network_latest_temp_spread_c,1.5659793452183233,sealed_confirmation_2024_plus
M3_catboost_residual,target_roll30_anomaly_lag2_c,1.5025962306787455,sealed_confirmation_2024_plus
M3_catboost_residual,official_max_minus_doy_clim30_c,1.3888516735576204,sealed_confirmation_2024_plus
M3_catboost_residual,hko_temp_mean_24h_minus_doy_clim_c,1.3747397313357623,sealed_confirmation_2024_plus
M3_catboost_residual,hko_latest_temp_minus_doy_hour_clim_c,1.372707515677694,sealed_confirmation_2024_plus
M3_catboost_residual,hours_since_latest_rainfall_text,1.3310828901028753,sealed_confirmation_2024_plus
M3_catboost_residual,fcst_flag_sunny,1.2779911845167642,sealed_confirmation_2024_plus
M3_catboost_residual,station_tseung_kwan_o_latest_minus_hko_c,1.2376686948215951,sealed_confirmation_2024_plus
M3_catboost_residual,hko_evening_temp_minus_official_min_c,1.2212564287152483,sealed_confirmation_2024_plus
M3_catboost_residual,west_nw_nt_mean_minus_coastal_marine_mean_c,1.1818195781795122,sealed_confirmation_2024_plus
M3_catboost_residual,trend_years_since_2000,1.0233783159857581,sealed_confirmation_2024_plus
M3_catboost_residual,target_lag2_minus_doy30_clim_c,1.0010294143928797,sealed_confirmation_2024_plus
M3_catboost_residual,target_lag60_tmax_c,0.9950846086826707,sealed_confirmation_2024_plus
M3_catboost_residual,urban_heat_index_c,0.9720332282406858,sealed_confirmation_2024_plus
M3_catboost_residual,urban_core_latest_mean_c,0.9550641172320063,sealed_confirmation_2024_plus
M3_catboost_residual,inland_nt_latest_mean_c,0.8983041893050772,sealed_confirmation_2024_plus
M3_catboost_residual,rev_latest_minus_first_min_c,0.8725660454989284,sealed_confirmation_2024_plus
M3_catboost_residual,urban_core_mean_minus_coastal_marine_mean_c,0.8628871850292615,sealed_confirmation_2024_plus
M3_catboost_residual,official_max_round_c,0.8445764845026572,sealed_confirmation_2024_plus
M3_catboost_residual,target_lag3_tmax_c,0.8331256218470711,sealed_confirmation_2024_plus
M3_catboost_residual,network_spread_x_thunderstorm_flag,0.7812583660845724,sealed_confirmation_2024_plus
M3_catboost_residual,official_min_c,0.7429185964616101,sealed_confirmation_2024_plus
M3_catboost_residual,target_lag14_tmax_c,0.7401302303842261,sealed_confirmation_2024_plus
M3_catboost_residual,hko_rh_mean_6h_pct,0.731607648675912,sealed_confirmation_2024_plus
M3_catboost_residual,hko_rh_trend_3h_pct,0.7102071715008019,sealed_confirmation_2024_plus
M3_catboost_residual,rev_path_max_c,0.6919080780236795,sealed_confirmation_2024_plus
M3_catboost_residual,network_spread_max_6h_c,0.6885968767998695,sealed_confirmation_2024_plus
M3_catboost_residual,station_sha_tin_latest_temp_c,0.6736420081745612,sealed_confirmation_2024_plus
M3_catboost_residual,official_range_c,0.6456613725201837,sealed_confirmation_2024_plus
M3_catboost_residual,target_hot_spell_33_lag2_days,0.6393332240394688,sealed_confirmation_2024_plus
M3_catboost_residual,network_latest_temp_mean_c,0.6169048825134107,sealed_confirmation_2024_plus
M3_catboost_residual,west_nw_nt_latest_max_c,0.5741429433572183,sealed_confirmation_2024_plus
M3_catboost_residual,official_midpoint_c,0.5673056339714085,sealed_confirmation_2024_plus
M3_catboost_residual,target_roll60_mean_lag2_c,0.547958385493714,sealed_confirmation_2024_plus
M3_catboost_residual,target_clim_month_10yr_std_c,0.5442102437458879,sealed_confirmation_2024_plus
M3_catboost_residual,rev_count,0.5416449654777615,sealed_confirmation_2024_plus
M3_catboost_residual,hko_pre_target_morning_mean_c,0.5389551512699884,sealed_confirmation_2024_plus
M3_catboost_residual,official_midpoint_minus_doy_clim30_c,0.5377960532674619,sealed_confirmation_2024_plus
M3_catboost_residual,urban_hko_alignment_c,0.5207255909846008,sealed_confirmation_2024_plus
M3_catboost_residual,station_chek_lap_kok_latest_temp_c,0.5070258263035796,sealed_confirmation_2024_plus
M3_catboost_residual,hko_temp_mean_12h_c,0.5023738887597425,sealed_confirmation_2024_plus
M3_catboost_residual,fcst_flag_thunderstorm,0.48718394921652974,sealed_confirmation_2024_plus
M3_catboost_residual,target_roll7_minus_roll30_c,0.4863327241489458,sealed_confirmation_2024_plus
M3_catboost_residual,urban_core_latest_max_minus_hko_c,0.48258314807463215,sealed_confirmation_2024_plus
M3_catboost_residual,rev_prev_max_c,0.47085120407833014,sealed_confirmation_2024_plus
M3_catboost_residual,fcst_flag_easterly_ne,0.4664162338410964,sealed_confirmation_2024_plus
M3_catboost_residual,hourly_warning_text_count_24h,0.46130353460502416,sealed_confirmation_2024_plus
M3_catboost_residual,rev_first_max_c,0.4501029417539027,sealed_confirmation_2024_plus
M3_catboost_residual,target_history_max_source_date,0.44596868680361107,sealed_confirmation_2024_plus
M3_catboost_residual,west_nw_nt_latest_count,0.4346595581287654,sealed_confirmation_2024_plus
M3_catboost_residual,fcst_flag_nt_higher,0.43391837502449876,sealed_confirmation_2024_plus
M3_catboost_residual,network_latest_valid_count,0.42122722272989305,sealed_confirmation_2024_plus
M3_catboost_residual,station_kings_park_latest_temp_c,0.40930516835912367,sealed_confirmation_2024_plus
M3_catboost_residual,urban_core_latest_missing_fraction,0.40162961302163214,sealed_confirmation_2024_plus
M3_catboost_residual,official_max_c,0.3959014266704758,sealed_confirmation_2024_plus
M3_catboost_residual,coastal_marine_latest_mean_c,0.34773283008584405,sealed_confirmation_2024_plus
M3_catboost_residual,network_latest_station_count,0.33789577052223585,sealed_confirmation_2024_plus
M3_catboost_residual,eligible_forecast_count,0.33135680315609056,sealed_confirmation_2024_plus
M3_catboost_residual,target_roll14_max_lag2_c,0.32391665458517277,sealed_confirmation_2024_plus
M3_catboost_residual,doy_sin,0.31393891624139525,sealed_confirmation_2024_plus
M3_catboost_residual,station_tseung_kwan_o_latest_temp_c,0.30398616798855466,sealed_confirmation_2024_plus
M3_catboost_residual,hko_latest_age_minutes,0.29858005911847446,sealed_confirmation_2024_plus
M3_catboost_residual,doy_cos,0.29502066219801937,sealed_confirmation_2024_plus
M3_catboost_residual,day_of_year,0.2785589619916648,sealed_confirmation_2024_plus
M3_catboost_residual,hko_pre_target_afternoon_max_sofar_c,0.2711022172322309,sealed_confirmation_2024_plus
M3_catboost_residual,tc_lon_latest,0.2542050037168571,sealed_confirmation_2024_plus
M3_catboost_residual,rev_num_same_moves,0.2267096810901959,sealed_confirmation_2024_plus
M3_catboost_residual,target_lag30_tmax_c,0.22608882271546907,sealed_confirmation_2024_plus
M3_catboost_residual,coastal_hko_alignment_c,0.21654966486216665,sealed_confirmation_2024_plus
M3_catboost_residual,coastal_marine_latest_max_c,0.21181320286913582,sealed_confirmation_2024_plus
M3_catboost_residual,target_roll7_mean_lag2_c,0.21124886122652223,sealed_confirmation_2024_plus
M3_catboost_residual,station_wong_chuk_hang_latest_minus_hko_c,0.20134638462367963,sealed_confirmation_2024_plus
M3_catboost_residual,target_roll30_mean_lag2_c,0.19506369543717866,sealed_confirmation_2024_plus
M3_catboost_residual,station_sai_kung_latest_minus_hko_c,0.18863723829598186,sealed_confirmation_2024_plus
M3_catboost_residual,hko_latest_rh_pct,0.18698212928458402,sealed_confirmation_2024_plus
M3_catboost_residual,inland_nt_latest_mean_minus_hko_c,0.18114963388096844,sealed_confirmation_2024_plus
M3_catboost_residual,hko_latest_dewpoint_depression_c,0.17875648355650867,sealed_confirmation_2024_plus
M3_catboost_residual,hko_latest_dewpoint_c,0.17840488846969926,sealed_confirmation_2024_plus
M3_catboost_residual,west_nw_nt_latest_max_minus_hko_c,0.16698269861715118,sealed_confirmation_2024_plus
M3_catboost_residual,station_sha_tin_latest_minus_hko_c,0.1650239203426647,sealed_confirmation_2024_plus
M3_catboost_residual,station_tseung_kwan_o_missing_flag,0.16458222945115106,sealed_confirmation_2024_plus
M3_catboost_residual,issue_age_minutes,0.16388063628690394,sealed_confirmation_2024_plus
M3_catboost_residual,hko_rh_mean_24h_pct,0.15657264455831443,sealed_confirmation_2024_plus
M3_catboost_residual,fcst_flag_hot,0.150092187050845,sealed_confirmation_2024_plus
M3_catboost_residual,hours_since_latest_warning_text,0.14592265301317733,sealed_confirmation_2024_plus
M3_catboost_residual,rev_last3_slope_c_per_hour,0.14059113465772072,sealed_confirmation_2024_plus
M3_catboost_residual,hko_temp_trend_3h_c,0.13779263709782583,sealed_confirmation_2024_plus
M3_catboost_residual,urban_core_latest_mean_minus_hko_c,0.13020127577877333,sealed_confirmation_2024_plus
M3_catboost_residual,hko_station_rank_pct,0.12758979523392036,sealed_confirmation_2024_plus
M3_catboost_residual,target_roll7_max_lag2_c,0.1273660493974046,sealed_confirmation_2024_plus
M3_catboost_residual,hko_temp_mean_6h_c,0.12540743541843405,sealed_confirmation_2024_plus
M3_catboost_residual,hours_since_latest_lightning_text,0.12539784084358557,sealed_confirmation_2024_plus
M3_catboost_residual,rev_range_path_std_c,0.12137902978241999,sealed_confirmation_2024_plus
M3_catboost_residual,maritime_suppression_index_c,0.11940753751689194,sealed_confirmation_2024_plus
M3_catboost_residual,urban_core_mean_minus_hko_c,0.1176793271257552,sealed_confirmation_2024_plus
M3_catboost_residual,quarter,0.11734059364042329,sealed_confirmation_2024_plus
M3_catboost_residual,hko_temp_min_24h_c,0.11517750222700275,sealed_confirmation_2024_plus
M3_catboost_residual,lead_seconds_to_target_start,0.11288632560357512,sealed_confirmation_2024_plus
M3_catboost_residual,target_roll14_mean_lag2_c,0.11120170123257221,sealed_confirmation_2024_plus
M3_catboost_residual,station_missing_count_mean_24h,0.10673868011679956,sealed_confirmation_2024_plus
M3_catboost_residual,station_cheung_chau_latest_temp_c,0.10622761436066724,sealed_confirmation_2024_plus
M3_catboost_residual,network_spread_max_24h_c,0.1033568345600881,sealed_confirmation_2024_plus
M3_catboost_residual,inland_heat_index_c,0.10110974795875169,sealed_confirmation_2024_plus
M3_catboost_residual,target_clim_doy_10yr_median_c,0.1007942876450469,sealed_confirmation_2024_plus
M3_catboost_residual,inland_coastal_spread_6h_max_c,0.10071352415357485,sealed_confirmation_2024_plus
M3_catboost_residual,coastal_marine_mean_minus_hko_c,0.09834772788170787,sealed_confirmation_2024_plus
M3_catboost_residual,hourly_rainfall_text_count_24h,0.09644593091594095,sealed_confirmation_2024_plus
M3_catboost_residual,inland_nt_max_minus_urban_core_mean_c,0.08826104752268724,sealed_confirmation_2024_plus
M3_catboost_residual,network_latest_temp_max_c,0.08712420051675011,sealed_confirmation_2024_plus
M3_catboost_residual,urban_core_latest_max_c,0.08427625122397055,sealed_confirmation_2024_plus
M3_catboost_residual,hko_pre_target_overnight_min_c,0.0833165337158442,sealed_confirmation_2024_plus
M3_catboost_residual,station_wong_chuk_hang_latest_temp_c,0.08082948743931925,sealed_confirmation_2024_plus
M3_catboost_residual,network_latest_hko_percentile,0.07783195029663181,sealed_confirmation_2024_plus
M3_catboost_residual,hourly_rainfall_text_count_6h,0.07687885309389685,sealed_confirmation_2024_plus
M3_catboost_residual,target_clim_month_10yr_mean_c,0.06796760143204168,sealed_confirmation_2024_plus
M3_catboost_residual,post_2010_flag,0.062056582177668594,sealed_confirmation_2024_plus
M3_catboost_residual,hko_afternoon_warmup_09_to_15_c,0.06116298796023313,sealed_confirmation_2024_plus
M3_catboost_residual,inland_nt_latest_max_minus_hko_c,0.059326916466711975,sealed_confirmation_2024_plus
M3_catboost_residual,target_clim_month_30yr_mean_c,0.05388803369971653,sealed_confirmation_2024_plus
M3_catboost_residual,target_roll365_mean_lag2_c,0.034583323648814356,sealed_confirmation_2024_plus
M3_catboost_residual,hko_temp_mean_24h_c,0.01792985290463323,sealed_confirmation_2024_plus
M3_catboost_residual,target_roll30_minus_doy30_clim_c,0.008434442573687579,sealed_confirmation_2024_plus
M3_catboost_residual,hko_temp_range_24h_c,0.0,sealed_confirmation_2024_plus
M3_catboost_residual,hko_rh_mean_12h_pct,0.0,sealed_confirmation_2024_plus
M3_catboost_residual,hko_temp_max_24h_c,0.0,sealed_confirmation_2024_plus
M3_catboost_residual,target_roll_14_insufficient_count_flag,0.0,sealed_confirmation_2024_plus
M3_catboost_residual,target_roll_30_insufficient_count_flag,0.0,sealed_confirmation_2024_plus
M3_catboost_residual,hko_partial_parse_count_24h,0.0,sealed_confirmation_2024_plus
M3_catboost_residual,hko_pre_target_evening_temp_c,0.0,sealed_confirmation_2024_plus
M3_catboost_residual,hko_pre_target_morning_mean_c_missing_flag,0.0,sealed_confirmation_2024_plus
M3_catboost_residual,hko_pre_target_overnight_min_c_missing_flag,0.0,sealed_confirmation_2024_plus
M3_catboost_residual,hko_pre_target_afternoon_max_sofar_c_missing_flag,0.0,sealed_confirmation_2024_plus
M3_catboost_residual,hko_pre_target_evening_temp_c_missing_flag,0.0,sealed_confirmation_2024_plus
M3_catboost_residual,hko_afternoon_warmup_09_to_15_c_missing_flag,0.0,sealed_confirmation_2024_plus
M3_catboost_residual,hko_evening_cooling_18_to_cutoff_c_missing_flag,0.0,sealed_confirmation_2024_plus
M3_catboost_residual,network_latest_temp_min_c,0.0,sealed_confirmation_2024_plus
M3_catboost_residual,hko_evening_cooling_18_to_cutoff_c,0.0,sealed_confirmation_2024_plus
M3_catboost_residual,network_latest_missing_count,0.0,sealed_confirmation_2024_plus
M3_catboost_residual,network_latest_max_minus_hko_c,0.0,sealed_confirmation_2024_plus
M3_catboost_residual,network_latest_valid_fraction,0.0,sealed_confirmation_2024_plus
M3_catboost_residual,issue_minute_hkt,0.0,sealed_confirmation_2024_plus
M3_catboost_residual,network_outlier_any_flag_24h,0.0,sealed_confirmation_2024_plus
M3_catboost_residual,station_json_empty_latest_flag,0.0,sealed_confirmation_2024_plus
M3_catboost_residual,station_missing_count_latest,0.0,sealed_confirmation_2024_plus
M3_catboost_residual,urban_core_latest_count,0.0,sealed_confirmation_2024_plus
M3_catboost_residual,station_group_urban_core_insufficient_count_flag,0.0,sealed_confirmation_2024_plus
M3_catboost_residual,coastal_marine_latest_count,0.0,sealed_confirmation_2024_plus
M3_catboost_residual,coastal_marine_latest_missing_fraction,0.0,sealed_confirmation_2024_plus
M3_catboost_residual,coastal_marine_latest_mean_minus_hko_c,0.0,sealed_confirmation_2024_plus
M3_catboost_residual,coastal_marine_latest_max_minus_hko_c,0.0,sealed_confirmation_2024_plus
M3_catboost_residual,station_group_coastal_marine_insufficient_count_flag,0.0,sealed_confirmation_2024_plus
M3_catboost_residual,hko_latest_age_gt_90min_flag,0.0,sealed_confirmation_2024_plus
M3_catboost_residual,hko_dispatch_count_24h,0.0,sealed_confirmation_2024_plus
M3_catboost_residual,hko_latest_observation_hour_hkt,0.0,sealed_confirmation_2024_plus
M3_catboost_residual,hko_target_station_present_latest_flag,0.0,sealed_confirmation_2024_plus
M3_catboost_residual,hko_rh_missing_flag,0.0,sealed_confirmation_2024_plus
M3_catboost_residual,hko_target_station_missing_flag,0.0,sealed_confirmation_2024_plus
M3_catboost_residual,hko_temp_trend_1h_c,0.0,sealed_confirmation_2024_plus
M3_catboost_residual,hko_trend_1h_missing_flag,0.0,sealed_confirmation_2024_plus
M3_catboost_residual,hko_trend_3h_missing_flag,0.0,sealed_confirmation_2024_plus
M3_catboost_residual,hko_dewpoint_missing_flag,0.0,sealed_confirmation_2024_plus
M3_catboost_residual,hko_trend_6h_missing_flag,0.0,sealed_confirmation_2024_plus
M3_catboost_residual,hko_trend_12h_missing_flag,0.0,sealed_confirmation_2024_plus
M3_catboost_residual,inland_nt_latest_max_c,0.0,sealed_confirmation_2024_plus
M3_catboost_residual,hko_rh_trend_6h_pct,0.0,sealed_confirmation_2024_plus
M3_catboost_residual,inland_nt_latest_count,0.0,sealed_confirmation_2024_plus
M3_catboost_residual,inland_nt_latest_missing_fraction,0.0,sealed_confirmation_2024_plus
M3_catboost_residual,station_group_inland_nt_insufficient_count_flag,0.0,sealed_confirmation_2024_plus
M3_catboost_residual,west_nw_nt_latest_mean_c,0.0,sealed_confirmation_2024_plus
M3_catboost_residual,rev_path_range_c,0.0,sealed_confirmation_2024_plus
M3_catboost_residual,rev_path_std_c,0.0,sealed_confirmation_2024_plus
M3_catboost_residual,rev_num_up_moves,0.0,sealed_confirmation_2024_plus
M3_catboost_residual,network_latest_hko_minus_mean_c,0.0,sealed_confirmation_2024_plus
M3_catboost_residual,target_clim_doy_30yr_median_c,0.0,sealed_confirmation_2024_plus
M3_catboost_residual,target_clim_doy_all_past_median_c,0.0,sealed_confirmation_2024_plus
M3_catboost_residual,rev_latest_minus_prev_max_c,0.0,sealed_confirmation_2024_plus
M3_catboost_residual,post_2018_flag,0.0,sealed_confirmation_2024_plus
M3_catboost_residual,target_roll_7_insufficient_count_flag,0.0,sealed_confirmation_2024_plus
M3_catboost_residual,rev_path_min_c,0.0,sealed_confirmation_2024_plus
M3_catboost_residual,target_cool_spell_16_lag2_days,0.0,sealed_confirmation_2024_plus
M3_catboost_residual,month,0.0,sealed_confirmation_2024_plus
M3_catboost_residual,forecast_anchor_tie_flag,0.0,sealed_confirmation_2024_plus
M3_catboost_residual,rev_latest_minus_first_max_c,0.0,sealed_confirmation_2024_plus
M3_catboost_residual,latest_issue_is_after_23_flag,0.0,sealed_confirmation_2024_plus
M3_catboost_residual,issue_hour_bucket,0.0,sealed_confirmation_2024_plus
M3_catboost_residual,inland_nt_mean_minus_coastal_marine_mean_c,0.0,sealed_confirmation_2024_plus
M3_catboost_residual,station_group_west_nw_nt_insufficient_count_flag,0.0,sealed_confirmation_2024_plus
M3_catboost_residual,west_nw_nt_latest_mean_minus_hko_c,0.0,sealed_confirmation_2024_plus
M3_catboost_residual,west_nw_nt_latest_missing_fraction,0.0,sealed_confirmation_2024_plus
M3_catboost_residual,fcst_flag_showers,0.0,sealed_confirmation_2024_plus
M3_catboost_residual,rev_range_latest_minus_prev_c,0.0,sealed_confirmation_2024_plus
M3_catboost_residual,rev_latest_minus_prev_min_c,0.0,sealed_confirmation_2024_plus
M3_catboost_residual,rev_issue_span_hours,0.0,sealed_confirmation_2024_plus
M3_catboost_residual,rev_last_issue_hour_hkt,0.0,sealed_confirmation_2024_plus
M3_catboost_residual,rev_first_issue_hour_hkt,0.0,sealed_confirmation_2024_plus
M3_catboost_residual,rev_latest3_all_same_flag,0.0,sealed_confirmation_2024_plus
M3_catboost_residual,rev_last_change_age_hours,0.0,sealed_confirmation_2024_plus
M3_catboost_residual,rev_num_down_moves,0.0,sealed_confirmation_2024_plus
M3_catboost_residual,rev_text_regime_changed_latest,0.0,sealed_confirmation_2024_plus
M3_catboost_residual,forecast_full_text_missing_flag,0.0,sealed_confirmation_2024_plus
M3_catboost_residual,forecast_revision_missing_prev_flag,0.0,sealed_confirmation_2024_plus
M3_catboost_residual,station_kings_park_missing_flag,0.0,sealed_confirmation_2024_plus
M3_catboost_residual,station_kings_park_outlier_flag,0.0,sealed_confirmation_2024_plus
M3_catboost_residual,station_hong_kong_park_latest_minus_hko_c,0.0,sealed_confirmation_2024_plus
M3_catboost_residual,station_hong_kong_park_latest_temp_c,0.0,sealed_confirmation_2024_plus
M3_catboost_residual,station_hong_kong_park_outlier_flag,0.0,sealed_confirmation_2024_plus
M3_catboost_residual,station_chek_lap_kok_latest_minus_hko_c,0.0,sealed_confirmation_2024_plus
M3_catboost_residual,station_chek_lap_kok_missing_flag,0.0,sealed_confirmation_2024_plus
M3_catboost_residual,station_hong_kong_park_missing_flag,0.0,sealed_confirmation_2024_plus
M3_catboost_residual,station_chek_lap_kok_outlier_flag,0.0,sealed_confirmation_2024_plus
M3_catboost_residual,station_cheung_chau_latest_minus_hko_c,0.0,sealed_confirmation_2024_plus
M3_catboost_residual,station_cheung_chau_missing_flag,0.0,sealed_confirmation_2024_plus
M3_catboost_residual,forecast_single_issue_flag,0.0,sealed_confirmation_2024_plus
M3_catboost_residual,rev_very_hot_added_latest,0.0,sealed_confirmation_2024_plus
M3_catboost_residual,rev_cloudy_added_latest,0.0,sealed_confirmation_2024_plus
M3_catboost_residual,rev_bright_periods_added_latest,0.0,sealed_confirmation_2024_plus
M3_catboost_residual,rev_thunderstorm_added_latest,0.0,sealed_confirmation_2024_plus
M3_catboost_residual,station_ta_kwu_ling_latest_minus_hko_c,0.0,sealed_confirmation_2024_plus
M3_catboost_residual,station_ta_kwu_ling_latest_temp_c,0.0,sealed_confirmation_2024_plus
M3_catboost_residual,station_sha_tin_outlier_flag,0.0,sealed_confirmation_2024_plus
M3_catboost_residual,station_sha_tin_missing_flag,0.0,sealed_confirmation_2024_plus
M3_catboost_residual,station_lau_fau_shan_missing_flag,0.0,sealed_confirmation_2024_plus
M3_catboost_residual,station_ta_kwu_ling_missing_flag,0.0,sealed_confirmation_2024_plus
M3_catboost_residual,station_lau_fau_shan_latest_temp_c,0.0,sealed_confirmation_2024_plus
M3_catboost_residual,station_ta_kwu_ling_outlier_flag,0.0,sealed_confirmation_2024_plus
M3_catboost_residual,station_sai_kung_missing_flag,0.0,sealed_confirmation_2024_plus
M3_catboost_residual,station_sai_kung_outlier_flag,0.0,sealed_confirmation_2024_plus
M3_catboost_residual,station_wong_chuk_hang_missing_flag,0.0,sealed_confirmation_2024_plus
M3_catboost_residual,station_wong_chuk_hang_outlier_flag,0.0,sealed_confirmation_2024_plus
M3_catboost_residual,station_shek_kong_latest_temp_c,0.0,sealed_confirmation_2024_plus
M3_catboost_residual,station_lau_fau_shan_outlier_flag,0.0,sealed_confirmation_2024_plus
M3_catboost_residual,station_sai_kung_latest_temp_c,0.0,sealed_confirmation_2024_plus
M3_catboost_residual,station_lau_fau_shan_latest_minus_hko_c,0.0,sealed_confirmation_2024_plus
M3_catboost_residual,station_shek_kong_outlier_flag,0.0,sealed_confirmation_2024_plus
M3_catboost_residual,station_shek_kong_missing_flag,0.0,sealed_confirmation_2024_plus
M3_catboost_residual,station_shek_kong_latest_minus_hko_c,0.0,sealed_confirmation_2024_plus
M3_catboost_residual,station_tsing_yi_latest_temp_c,0.0,sealed_confirmation_2024_plus
M3_catboost_residual,station_tsing_yi_outlier_flag,0.0,sealed_confirmation_2024_plus
M3_catboost_residual,station_tsing_yi_missing_flag,0.0,sealed_confirmation_2024_plus
M3_catboost_residual,station_tseung_kwan_o_outlier_flag,0.0,sealed_confirmation_2024_plus
M3_catboost_residual,station_tsing_yi_latest_minus_hko_c,0.0,sealed_confirmation_2024_plus
M3_catboost_residual,inland_minus_coastal_trend_6h_c,0.0,sealed_confirmation_2024_plus
M3_catboost_residual,station_missing_count_max_24h,0.0,sealed_confirmation_2024_plus
M3_catboost_residual,network_spatial_heterogeneity_flag,0.0,sealed_confirmation_2024_plus
M3_catboost_residual,station_cheung_chau_outlier_flag,0.0,sealed_confirmation_2024_plus
M3_catboost_residual,hourly_latest_missing_flag,0.0,sealed_confirmation_2024_plus
M3_catboost_residual,hko_latest_temp_c,0.0,sealed_confirmation_2024_plus
M3_catboost_residual,station_kings_park_latest_minus_hko_c,0.0,sealed_confirmation_2024_plus
M3_catboost_residual,rev_showers_added_latest,0.0,sealed_confirmation_2024_plus
M3_catboost_residual,hourly_any_red_black_rainstorm_6h,0.0,sealed_confirmation_2024_plus
M3_catboost_residual,hourly_any_amber_rainstorm_6h,0.0,sealed_confirmation_2024_plus
M3_catboost_residual,hourly_any_rainstorm_warning_6h,0.0,sealed_confirmation_2024_plus
M3_catboost_residual,hourly_any_thunderstorm_warning_6h,0.0,sealed_confirmation_2024_plus
M3_catboost_residual,inland_heat_index_x_warm_season,0.0,sealed_confirmation_2024_plus
M3_catboost_residual,hourly_text_block_present_6h,0.0,sealed_confirmation_2024_plus
M3_catboost_residual,hourly_any_rainfall_text_6h,0.0,sealed_confirmation_2024_plus
M3_catboost_residual,hourly_any_very_hot_warning_6h,0.0,sealed_confirmation_2024_plus
M3_catboost_residual,hourly_lightning_text_count_6h,0.0,sealed_confirmation_2024_plus
M3_catboost_residual,hourly_any_thunderstorm_warning_24h,0.0,sealed_confirmation_2024_plus
M3_catboost_residual,hourly_any_rainstorm_warning_24h,0.0,sealed_confirmation_2024_plus
M3_catboost_residual,hourly_any_amber_rainstorm_24h,0.0,sealed_confirmation_2024_plus
M3_catboost_residual,hourly_any_red_black_rainstorm_24h,0.0,sealed_confirmation_2024_plus
M3_catboost_residual,hourly_any_very_hot_warning_24h,0.0,sealed_confirmation_2024_plus
M3_catboost_residual,hourly_any_tropical_cyclone_text_6h,0.0,sealed_confirmation_2024_plus
M3_catboost_residual,hourly_any_strong_monsoon_6h,0.0,sealed_confirmation_2024_plus
M3_catboost_residual,hourly_any_tropical_cyclone_text_24h,0.0,sealed_confirmation_2024_plus
M3_catboost_residual,hourly_any_strong_monsoon_24h,0.0,sealed_confirmation_2024_plus
M3_catboost_residual,hourly_text_block_present_24h,0.0,sealed_confirmation_2024_plus
M3_catboost_residual,hourly_any_lightning_text_24h,0.0,sealed_confirmation_2024_plus
M3_catboost_residual,hourly_lightning_text_count_24h,0.0,sealed_confirmation_2024_plus
M3_catboost_residual,hours_since_latest_tropical_cyclone_text,0.0,sealed_confirmation_2024_plus
M3_catboost_residual,tc_name_present_latest_flag,0.0,sealed_confirmation_2024_plus
M3_catboost_residual,hourly_any_rainfall_text_24h,0.0,sealed_confirmation_2024_plus
M3_catboost_residual,tc_position_present_latest_flag,0.0,sealed_confirmation_2024_plus
M3_catboost_residual,tc_lat_latest,0.0,sealed_confirmation_2024_plus
M3_catboost_residual,tc_bearing_sin_latest,0.0,sealed_confirmation_2024_plus
M3_catboost_residual,tc_distance_to_hko_km_latest,0.0,sealed_confirmation_2024_plus
M3_catboost_residual,tc_bearing_cos_latest,0.0,sealed_confirmation_2024_plus
M3_catboost_residual,tc_distance_missing_flag,0.0,sealed_confirmation_2024_plus
M3_catboost_residual,hourly_warning_text_count_6h,0.0,sealed_confirmation_2024_plus
M3_catboost_residual,hourly_any_lightning_text_6h,0.0,sealed_confirmation_2024_plus
M3_catboost_residual,target_modern_warming_signal_c,0.0,sealed_confirmation_2024_plus
M3_catboost_residual,target_lag_2_missing_flag,0.0,sealed_confirmation_2024_plus
M3_catboost_residual,fcst_flag_heavy_showers,0.0,sealed_confirmation_2024_plus
M3_catboost_residual,fcst_flag_squally,0.0,sealed_confirmation_2024_plus
M3_catboost_residual,fcst_flag_fine,0.0,sealed_confirmation_2024_plus
M3_catboost_residual,fcst_flag_very_hot,0.0,sealed_confirmation_2024_plus
M3_catboost_residual,fcst_flag_bright_periods,0.0,sealed_confirmation_2024_plus
M3_catboost_residual,fcst_flag_cloudy,0.0,sealed_confirmation_2024_plus
M3_catboost_residual,fcst_flag_monsoon,0.0,sealed_confirmation_2024_plus
M3_catboost_residual,fcst_flag_active_southerly,0.0,sealed_confirmation_2024_plus
M3_catboost_residual,fcst_flag_southerly,0.0,sealed_confirmation_2024_plus
M3_catboost_residual,target_lag_3_missing_flag,0.0,sealed_confirmation_2024_plus
M3_catboost_residual,target_lag7_tmax_c,0.0,sealed_confirmation_2024_plus
M3_catboost_residual,target_lag_7_missing_flag,0.0,sealed_confirmation_2024_plus
M3_catboost_residual,fcst_flag_mist_fog,0.0,sealed_confirmation_2024_plus
M3_catboost_residual,fcst_flag_tropical_cyclone,0.0,sealed_confirmation_2024_plus
M3_catboost_residual,target_lag_30_missing_flag,0.0,sealed_confirmation_2024_plus
M3_catboost_residual,target_lag_14_missing_flag,0.0,sealed_confirmation_2024_plus
M3_catboost_residual,target_lag_60_missing_flag,0.0,sealed_confirmation_2024_plus
M3_catboost_residual,target_lag365_tmax_c,0.0,sealed_confirmation_2024_plus
M3_catboost_residual,cool_season_flag,0.0,sealed_confirmation_2024_plus
M3_catboost_residual,hot_season_flag,0.0,sealed_confirmation_2024_plus
M3_catboost_residual,target_lag_365_missing_flag,0.0,sealed_confirmation_2024_plus
M3_catboost_residual,warm_season_flag,0.0,sealed_confirmation_2024_plus
M3_catboost_residual,shoulder_season_flag,0.0,sealed_confirmation_2024_plus
M3_catboost_residual,typhoon_season_flag,0.0,sealed_confirmation_2024_plus
M3_catboost_residual,target_roll_60_insufficient_count_flag,0.0,sealed_confirmation_2024_plus
M3_catboost_residual,target_roll_365_insufficient_count_flag,0.0,sealed_confirmation_2024_plus
M3_catboost_residual,issue_hour_hkt,0.0,sealed_confirmation_2024_plus
M3_catboost_residual,official_max_bin,0.0,sealed_confirmation_2024_plus
M3_catboost_residual,target_very_hot_spell_34_lag2_days,0.0,sealed_confirmation_2024_plus
M3_catboost_residual,official_range_bin,0.0,sealed_confirmation_2024_plus
M3_catboost_residual,hko_latest_temp_minus_official_max_c,10.167964944540598,fold1_2011_2013
M3_catboost_residual,nt_heat_ceiling_index_c,10.020301791163543,fold1_2011_2013
M3_catboost_residual,network_mean_trend_6h_c,4.318123256879694,fold1_2011_2013
M3_catboost_residual,hko_temp_trend_12h_c,3.5482119759616886,fold1_2011_2013
M3_catboost_residual,network_spread_mean_6h_c,3.49461257969679,fold1_2011_2013
M3_catboost_residual,official_midpoint_minus_doy_clim30_c,3.21737802766467,fold1_2011_2013
M3_catboost_residual,hko_latest_temp_minus_official_min_c,3.1389305378030463,fold1_2011_2013
M3_catboost_residual,hourly_any_thunderstorm_warning_6h,2.189510162559718,fold1_2011_2013
M3_catboost_residual,target_lag2_minus_doy30_clim_c,1.9439161335197408,fold1_2011_2013
M3_catboost_residual,hourly_warning_text_count_24h,1.8358176646649678,fold1_2011_2013
M3_catboost_residual,station_tsing_yi_latest_minus_hko_c,1.7259983551913887,fold1_2011_2013
M3_catboost_residual,target_lag2_tmax_c,1.7169176715212517,fold1_2011_2013
M3_catboost_residual,station_tseung_kwan_o_latest_minus_hko_c,1.6857071879926846,fold1_2011_2013
M3_catboost_residual,urban_core_mean_minus_coastal_marine_mean_c,1.5939784820809262,fold1_2011_2013
M3_catboost_residual,trend_years_since_2000,1.4858656527287333,fold1_2011_2013
M3_catboost_residual,target_roll30_anomaly_lag2_c,1.373580929091141,fold1_2011_2013
M3_catboost_residual,rev_last3_slope_c_per_hour,1.3381873458640878,fold1_2011_2013
M3_catboost_residual,official_range_c,1.253642265092719,fold1_2011_2013
M3_catboost_residual,hko_temp_mean_24h_minus_doy_clim_c,1.1619449339721484,fold1_2011_2013
M3_catboost_residual,hko_evening_temp_minus_official_min_c,1.160320082818551,fold1_2011_2013
M3_catboost_residual,west_nw_nt_mean_minus_coastal_marine_mean_c,1.1186527591997646,fold1_2011_2013
M3_catboost_residual,inland_nt_latest_mean_minus_hko_c,1.111649306931025,fold1_2011_2013
M3_catboost_residual,west_nw_nt_latest_missing_fraction,1.0599528980700068,fold1_2011_2013
M3_catboost_residual,station_ta_kwu_ling_latest_minus_hko_c,1.035636904669816,fold1_2011_2013
M3_catboost_residual,doy_sin,1.0220573702848457,fold1_2011_2013
M3_catboost_residual,hko_afternoon_warmup_09_to_15_c,0.993106333084226,fold1_2011_2013
M3_catboost_residual,station_wong_chuk_hang_latest_minus_hko_c,0.9910295889051912,fold1_2011_2013
M3_catboost_residual,fcst_flag_easterly_ne,0.950572955791911,fold1_2011_2013
M3_catboost_residual,west_nw_nt_latest_count,0.9449758587806032,fold1_2011_2013
M3_catboost_residual,hko_pre_target_overnight_min_c,0.8629547613089815,fold1_2011_2013
M3_catboost_residual,fcst_flag_sunny,0.836840144969037,fold1_2011_2013
M3_catboost_residual,network_latest_temp_spread_c,0.8325129095775038,fold1_2011_2013
M3_catboost_residual,hko_pre_target_afternoon_max_minus_official_max_c,0.8193485837754819,fold1_2011_2013
M3_catboost_residual,urban_heat_index_c,0.8091868593040692,fold1_2011_2013
M3_catboost_residual,official_min_c,0.7543531764541058,fold1_2011_2013
M3_catboost_residual,target_roll60_mean_lag2_c,0.7086470303948716,fold1_2011_2013
M3_catboost_residual,rev_range_latest_minus_prev_c,0.6697228127118224,fold1_2011_2013
M3_catboost_residual,coastal_hko_alignment_c,0.656642951260678,fold1_2011_2013
M3_catboost_residual,urban_core_latest_mean_minus_hko_c,0.6139483836458177,fold1_2011_2013
M3_catboost_residual,inland_heat_index_c,0.5623029689159869,fold1_2011_2013
M3_catboost_residual,target_roll365_mean_lag2_c,0.5620704766317054,fold1_2011_2013
M3_catboost_residual,maritime_suppression_index_c,0.5619325948227685,fold1_2011_2013
M3_catboost_residual,target_modern_warming_signal_c,0.5609196726518008,fold1_2011_2013
M3_catboost_residual,rev_range_path_std_c,0.5497208688240643,fold1_2011_2013
M3_catboost_residual,target_lag3_tmax_c,0.5308192090135545,fold1_2011_2013
M3_catboost_residual,official_max_minus_doy_clim30_c,0.4992824684424747,fold1_2011_2013
M3_catboost_residual,hourly_rainfall_text_count_6h,0.4961272601511209,fold1_2011_2013
M3_catboost_residual,hko_latest_dewpoint_depression_c,0.45600833961466286,fold1_2011_2013
M3_catboost_residual,rev_num_up_moves,0.4438442574044832,fold1_2011_2013
M3_catboost_residual,target_lag7_tmax_c,0.44107158347607395,fold1_2011_2013
M3_catboost_residual,station_missing_count_mean_24h,0.43087114243561403,fold1_2011_2013
M3_catboost_residual,target_roll7_mean_lag2_c,0.43018820050723333,fold1_2011_2013
M3_catboost_residual,network_latest_station_count,0.4283624017367408,fold1_2011_2013
M3_catboost_residual,hko_pre_target_afternoon_max_sofar_c,0.42496366866338164,fold1_2011_2013
M3_catboost_residual,hko_temp_trend_1h_c,0.41919174470300324,fold1_2011_2013
M3_catboost_residual,official_max_minus_month_clim10_c,0.41793635905705057,fold1_2011_2013
M3_catboost_residual,hourly_any_thunderstorm_warning_24h,0.41020487917621734,fold1_2011_2013
M3_catboost_residual,coastal_marine_mean_minus_hko_c,0.3922529407790005,fold1_2011_2013
M3_catboost_residual,hko_temp_trend_3h_c,0.3909842383507315,fold1_2011_2013
M3_catboost_residual,rev_last_change_age_hours,0.3854986420569749,fold1_2011_2013
M3_catboost_residual,rev_path_min_c,0.37991333218540374,fold1_2011_2013
M3_catboost_residual,rev_first_max_c,0.3754328253721012,fold1_2011_2013
M3_catboost_residual,target_hot_spell_33_lag2_days,0.3711128020502224,fold1_2011_2013
M3_catboost_residual,inland_coastal_spread_6h_max_c,0.36131705035650324,fold1_2011_2013
M3_catboost_residual,hko_latest_dewpoint_c,0.3557057511943702,fold1_2011_2013
M3_catboost_residual,target_lag30_tmax_c,0.34383172710734916,fold1_2011_2013
M3_catboost_residual,hourly_any_amber_rainstorm_24h,0.3418877333071312,fold1_2011_2013
M3_catboost_residual,west_nw_nt_latest_max_c,0.3374081617126607,fold1_2011_2013
M3_catboost_residual,hours_since_latest_rainfall_text,0.3305921946165377,fold1_2011_2013
M3_catboost_residual,hko_temp_trend_6h_c,0.32211536370651367,fold1_2011_2013
M3_catboost_residual,network_latest_max_minus_hko_c,0.30778657315173474,fold1_2011_2013
M3_catboost_residual,hourly_text_block_present_6h,0.2861792875529039,fold1_2011_2013
M3_catboost_residual,coastal_marine_latest_max_c,0.283404129118315,fold1_2011_2013
M3_catboost_residual,day_of_year,0.28186068777103185,fold1_2011_2013
M3_catboost_residual,inland_nt_latest_mean_c,0.276882679333225,fold1_2011_2013
M3_catboost_residual,station_hong_kong_park_latest_temp_c,0.27530496951974737,fold1_2011_2013
M3_catboost_residual,hko_pre_target_morning_mean_c,0.27466916725287666,fold1_2011_2013
M3_catboost_residual,rev_prev_max_c,0.2742194992117794,fold1_2011_2013
M3_catboost_residual,target_clim_month_30yr_mean_c,0.265973308457959,fold1_2011_2013
M3_catboost_residual,tc_lon_latest,0.26333636002427185,fold1_2011_2013
M3_catboost_residual,network_latest_valid_count,0.2591221105750795,fold1_2011_2013
M3_catboost_residual,rev_latest_minus_first_min_c,0.25593937780247145,fold1_2011_2013
M3_catboost_residual,target_lag60_tmax_c,0.25518912313703057,fold1_2011_2013
M3_catboost_residual,inland_nt_mean_minus_coastal_marine_mean_c,0.2536743984480597,fold1_2011_2013
M3_catboost_residual,hko_rh_trend_6h_pct,0.24862856444954812,fold1_2011_2013
M3_catboost_residual,station_lau_fau_shan_latest_temp_c,0.2376826404003959,fold1_2011_2013
M3_catboost_residual,station_hong_kong_park_latest_minus_hko_c,0.23346023323785994,fold1_2011_2013
M3_catboost_residual,hours_since_latest_warning_text,0.23302396783664164,fold1_2011_2013
M3_catboost_residual,target_roll30_mean_lag2_c,0.23208066599187718,fold1_2011_2013
M3_catboost_residual,hko_temp_range_24h_c,0.2297868844099483,fold1_2011_2013
M3_catboost_residual,urban_hko_alignment_c,0.22711679980745933,fold1_2011_2013
M3_catboost_residual,target_roll7_minus_roll30_c,0.22694677988184184,fold1_2011_2013
M3_catboost_residual,hko_dispatch_count_24h,0.22215778084004464,fold1_2011_2013
M3_catboost_residual,target_history_max_source_date,0.22144066846203803,fold1_2011_2013
M3_catboost_residual,official_max_round_c,0.21987027990100808,fold1_2011_2013
M3_catboost_residual,network_latest_temp_min_c,0.21981971094914574,fold1_2011_2013
M3_catboost_residual,hourly_rainfall_text_count_24h,0.2164819331933174,fold1_2011_2013
M3_catboost_residual,urban_core_latest_max_c,0.20855114139154793,fold1_2011_2013
M3_catboost_residual,fcst_flag_heavy_showers,0.20672181774408074,fold1_2011_2013
M3_catboost_residual,urban_core_latest_missing_fraction,0.204673175701772,fold1_2011_2013
M3_catboost_residual,rev_path_range_c,0.19945423263504627,fold1_2011_2013
M3_catboost_residual,fcst_flag_monsoon,0.19795870005341562,fold1_2011_2013
M3_catboost_residual,official_max_c,0.18566465369589227,fold1_2011_2013
M3_catboost_residual,inland_minus_coastal_trend_6h_c,0.17700086295896578,fold1_2011_2013
M3_catboost_residual,station_kings_park_latest_temp_c,0.1661857478945256,fold1_2011_2013
M3_catboost_residual,target_clim_doy_all_past_median_c,0.15528998073345077,fold1_2011_2013
M3_catboost_residual,rev_num_same_moves,0.15057087938126718,fold1_2011_2013
M3_catboost_residual,urban_core_latest_mean_c,0.14900776781451888,fold1_2011_2013
M3_catboost_residual,station_missing_count_max_24h,0.14644238981778113,fold1_2011_2013
M3_catboost_residual,target_cool_spell_16_lag2_days,0.14374266587029247,fold1_2011_2013
M3_catboost_residual,rev_latest3_all_same_flag,0.14174574970189688,fold1_2011_2013
M3_catboost_residual,station_shek_kong_latest_minus_hko_c,0.14090776347826992,fold1_2011_2013
M3_catboost_residual,target_roll30_minus_doy30_clim_c,0.14061496987412012,fold1_2011_2013
M3_catboost_residual,rev_path_max_c,0.13761623908551016,fold1_2011_2013
M3_catboost_residual,hko_pre_target_evening_temp_c,0.1346949081513403,fold1_2011_2013
M3_catboost_residual,target_clim_month_10yr_mean_c,0.12239092860467819,fold1_2011_2013
M3_catboost_residual,fcst_flag_cloudy,0.11982665015070601,fold1_2011_2013
M3_catboost_residual,inland_heat_index_x_warm_season,0.1188124539679576,fold1_2011_2013
M3_catboost_residual,station_chek_lap_kok_latest_minus_hko_c,0.11779309625967375,fold1_2011_2013
M3_catboost_residual,hko_temp_max_24h_c,0.11319639950328549,fold1_2011_2013
M3_catboost_residual,coastal_marine_latest_mean_c,0.11217493260239526,fold1_2011_2013
M3_catboost_residual,network_spread_max_24h_c,0.10979488392219124,fold1_2011_2013
M3_catboost_residual,month,0.09850734844508804,fold1_2011_2013
M3_catboost_residual,hourly_warning_text_count_6h,0.0974316889076594,fold1_2011_2013
M3_catboost_residual,target_lag365_tmax_c,0.09147614093444302,fold1_2011_2013
M3_catboost_residual,hko_rh_mean_6h_pct,0.08906270846867341,fold1_2011_2013
M3_catboost_residual,west_nw_nt_latest_mean_minus_hko_c,0.08639929889254207,fold1_2011_2013
M3_catboost_residual,hourly_lightning_text_count_24h,0.08525454278129306,fold1_2011_2013
M3_catboost_residual,hko_temp_mean_24h_c,0.07852851429526389,fold1_2011_2013
M3_catboost_residual,hko_temp_mean_6h_c,0.07658857270716267,fold1_2011_2013
M3_catboost_residual,official_midpoint_c,0.07064604875197064,fold1_2011_2013
M3_catboost_residual,network_spread_max_6h_c,0.06245814137015236,fold1_2011_2013
M3_catboost_residual,rev_first_issue_hour_hkt,0.049612358034750184,fold1_2011_2013
M3_catboost_residual,hko_temp_mean_12h_c,0.029621747186874447,fold1_2011_2013
M3_catboost_residual,station_sha_tin_latest_minus_hko_c,0.01739565766177661,fold1_2011_2013
M3_catboost_residual,rev_latest_minus_prev_max_c,0.007573230898896635,fold1_2011_2013
M3_catboost_residual,hko_trend_12h_missing_flag,0.0,fold1_2011_2013
M3_catboost_residual,hko_trend_3h_missing_flag,0.0,fold1_2011_2013
M3_catboost_residual,hko_trend_6h_missing_flag,0.0,fold1_2011_2013
M3_catboost_residual,target_roll_60_insufficient_count_flag,0.0,fold1_2011_2013
M3_catboost_residual,target_roll_30_insufficient_count_flag,0.0,fold1_2011_2013
M3_catboost_residual,hko_temp_min_24h_c,0.0,fold1_2011_2013
M3_catboost_residual,hko_trend_1h_missing_flag,0.0,fold1_2011_2013
M3_catboost_residual,hko_dewpoint_missing_flag,0.0,fold1_2011_2013
M3_catboost_residual,hko_rh_missing_flag,0.0,fold1_2011_2013
M3_catboost_residual,hko_target_station_missing_flag,0.0,fold1_2011_2013
M3_catboost_residual,target_roll_365_insufficient_count_flag,0.0,fold1_2011_2013
M3_catboost_residual,hko_pre_target_evening_temp_c_missing_flag,0.0,fold1_2011_2013
M3_catboost_residual,hko_evening_cooling_18_to_cutoff_c_missing_flag,0.0,fold1_2011_2013
M3_catboost_residual,hko_station_rank_pct,0.0,fold1_2011_2013
M3_catboost_residual,hko_afternoon_warmup_09_to_15_c_missing_flag,0.0,fold1_2011_2013
M3_catboost_residual,network_latest_temp_mean_c,0.0,fold1_2011_2013
M3_catboost_residual,network_latest_temp_max_c,0.0,fold1_2011_2013
M3_catboost_residual,network_latest_hko_percentile,0.0,fold1_2011_2013
M3_catboost_residual,network_latest_missing_count,0.0,fold1_2011_2013
M3_catboost_residual,network_latest_hko_minus_mean_c,0.0,fold1_2011_2013
M3_catboost_residual,network_latest_valid_fraction,0.0,fold1_2011_2013
M3_catboost_residual,station_json_empty_latest_flag,0.0,fold1_2011_2013
M3_catboost_residual,network_outlier_any_flag_24h,0.0,fold1_2011_2013
M3_catboost_residual,station_missing_count_latest,0.0,fold1_2011_2013
M3_catboost_residual,hko_pre_target_morning_mean_c_missing_flag,0.0,fold1_2011_2013
M3_catboost_residual,hko_pre_target_afternoon_max_sofar_c_missing_flag,0.0,fold1_2011_2013
M3_catboost_residual,hko_rh_trend_3h_pct,0.0,fold1_2011_2013
M3_catboost_residual,station_group_urban_core_insufficient_count_flag,0.0,fold1_2011_2013
M3_catboost_residual,urban_core_latest_max_minus_hko_c,0.0,fold1_2011_2013
M3_catboost_residual,urban_core_latest_count,0.0,fold1_2011_2013
M3_catboost_residual,coastal_marine_latest_count,0.0,fold1_2011_2013
M3_catboost_residual,coastal_marine_latest_max_minus_hko_c,0.0,fold1_2011_2013
M3_catboost_residual,station_group_coastal_marine_insufficient_count_flag,0.0,fold1_2011_2013
M3_catboost_residual,coastal_marine_latest_missing_fraction,0.0,fold1_2011_2013
M3_catboost_residual,coastal_marine_latest_mean_minus_hko_c,0.0,fold1_2011_2013
M3_catboost_residual,rev_text_regime_changed_latest,0.0,fold1_2011_2013
M3_catboost_residual,eligible_forecast_count,0.0,fold1_2011_2013
M3_catboost_residual,forecast_revision_missing_prev_flag,0.0,fold1_2011_2013
M3_catboost_residual,hko_evening_cooling_18_to_cutoff_c,0.0,fold1_2011_2013
M3_catboost_residual,hko_pre_target_overnight_min_c_missing_flag,0.0,fold1_2011_2013
M3_catboost_residual,hko_rh_mean_24h_pct,0.0,fold1_2011_2013
M3_catboost_residual,hko_partial_parse_count_24h,0.0,fold1_2011_2013
M3_catboost_residual,hko_rh_mean_12h_pct,0.0,fold1_2011_2013
M3_catboost_residual,target_very_hot_spell_34_lag2_days,0.0,fold1_2011_2013
M3_catboost_residual,target_roll7_max_lag2_c,0.0,fold1_2011_2013
M3_catboost_residual,target_roll_7_insufficient_count_flag,0.0,fold1_2011_2013
M3_catboost_residual,target_roll14_mean_lag2_c,0.0,fold1_2011_2013
M3_catboost_residual,target_roll14_max_lag2_c,0.0,fold1_2011_2013
M3_catboost_residual,target_roll_14_insufficient_count_flag,0.0,fold1_2011_2013
M3_catboost_residual,official_max_bin,0.0,fold1_2011_2013
M3_catboost_residual,official_range_bin,0.0,fold1_2011_2013
M3_catboost_residual,issue_hour_hkt,0.0,fold1_2011_2013
M3_catboost_residual,issue_minute_hkt,0.0,fold1_2011_2013
M3_catboost_residual,issue_age_minutes,0.0,fold1_2011_2013
M3_catboost_residual,issue_hour_bucket,0.0,fold1_2011_2013
M3_catboost_residual,lead_seconds_to_target_start,0.0,fold1_2011_2013
M3_catboost_residual,latest_issue_is_after_23_flag,0.0,fold1_2011_2013
M3_catboost_residual,forecast_anchor_tie_flag,0.0,fold1_2011_2013
M3_catboost_residual,quarter,0.0,fold1_2011_2013
M3_catboost_residual,urban_core_mean_minus_hko_c,0.0,fold1_2011_2013
M3_catboost_residual,inland_nt_max_minus_urban_core_mean_c,0.0,fold1_2011_2013
M3_catboost_residual,station_group_west_nw_nt_insufficient_count_flag,0.0,fold1_2011_2013
M3_catboost_residual,west_nw_nt_latest_max_minus_hko_c,0.0,fold1_2011_2013
M3_catboost_residual,station_group_inland_nt_insufficient_count_flag,0.0,fold1_2011_2013
M3_catboost_residual,west_nw_nt_latest_mean_c,0.0,fold1_2011_2013
M3_catboost_residual,inland_nt_latest_missing_fraction,0.0,fold1_2011_2013
M3_catboost_residual,inland_nt_latest_max_minus_hko_c,0.0,fold1_2011_2013
M3_catboost_residual,hko_target_station_present_latest_flag,0.0,fold1_2011_2013
M3_catboost_residual,hko_latest_observation_hour_hkt,0.0,fold1_2011_2013
M3_catboost_residual,inland_nt_latest_count,0.0,fold1_2011_2013
M3_catboost_residual,inland_nt_latest_max_c,0.0,fold1_2011_2013
M3_catboost_residual,hko_latest_age_gt_90min_flag,0.0,fold1_2011_2013
M3_catboost_residual,hko_latest_age_minutes,0.0,fold1_2011_2013
M3_catboost_residual,hko_latest_temp_c,0.0,fold1_2011_2013
M3_catboost_residual,hko_latest_rh_pct,0.0,fold1_2011_2013
M3_catboost_residual,rev_bright_periods_added_latest,0.0,fold1_2011_2013
M3_catboost_residual,rev_cloudy_added_latest,0.0,fold1_2011_2013
M3_catboost_residual,hourly_latest_missing_flag,0.0,fold1_2011_2013
M3_catboost_residual,forecast_full_text_missing_flag,0.0,fold1_2011_2013
M3_catboost_residual,forecast_single_issue_flag,0.0,fold1_2011_2013
M3_catboost_residual,station_sha_tin_outlier_flag,0.0,fold1_2011_2013
M3_catboost_residual,station_ta_kwu_ling_missing_flag,0.0,fold1_2011_2013
M3_catboost_residual,station_ta_kwu_ling_latest_temp_c,0.0,fold1_2011_2013
M3_catboost_residual,station_sha_tin_missing_flag,0.0,fold1_2011_2013
M3_catboost_residual,station_chek_lap_kok_outlier_flag,0.0,fold1_2011_2013
M3_catboost_residual,station_chek_lap_kok_missing_flag,0.0,fold1_2011_2013
M3_catboost_residual,station_kings_park_outlier_flag,0.0,fold1_2011_2013
M3_catboost_residual,station_hong_kong_park_missing_flag,0.0,fold1_2011_2013
M3_catboost_residual,station_hong_kong_park_outlier_flag,0.0,fold1_2011_2013
M3_catboost_residual,station_chek_lap_kok_latest_temp_c,0.0,fold1_2011_2013
M3_catboost_residual,station_kings_park_latest_minus_hko_c,0.0,fold1_2011_2013
M3_catboost_residual,rev_showers_added_latest,0.0,fold1_2011_2013
M3_catboost_residual,rev_thunderstorm_added_latest,0.0,fold1_2011_2013
M3_catboost_residual,fcst_flag_nt_higher,0.0,fold1_2011_2013
M3_catboost_residual,fcst_flag_southerly,0.0,fold1_2011_2013
M3_catboost_residual,fcst_flag_active_southerly,0.0,fold1_2011_2013
M3_catboost_residual,fcst_flag_tropical_cyclone,0.0,fold1_2011_2013
M3_catboost_residual,station_lau_fau_shan_missing_flag,0.0,fold1_2011_2013
M3_catboost_residual,rev_very_hot_added_latest,0.0,fold1_2011_2013
M3_catboost_residual,station_sai_kung_outlier_flag,0.0,fold1_2011_2013
M3_catboost_residual,station_wong_chuk_hang_latest_temp_c,0.0,fold1_2011_2013
M3_catboost_residual,station_wong_chuk_hang_outlier_flag,0.0,fold1_2011_2013
M3_catboost_residual,station_lau_fau_shan_latest_minus_hko_c,0.0,fold1_2011_2013
M3_catboost_residual,station_sai_kung_latest_temp_c,0.0,fold1_2011_2013
M3_catboost_residual,station_sai_kung_latest_minus_hko_c,0.0,fold1_2011_2013
M3_catboost_residual,station_sai_kung_missing_flag,0.0,fold1_2011_2013
M3_catboost_residual,station_lau_fau_shan_outlier_flag,0.0,fold1_2011_2013
M3_catboost_residual,station_tsing_yi_latest_temp_c,0.0,fold1_2011_2013
M3_catboost_residual,station_shek_kong_outlier_flag,0.0,fold1_2011_2013
M3_catboost_residual,station_shek_kong_missing_flag,0.0,fold1_2011_2013
M3_catboost_residual,station_shek_kong_latest_temp_c,0.0,fold1_2011_2013
M3_catboost_residual,station_ta_kwu_ling_outlier_flag,0.0,fold1_2011_2013
M3_catboost_residual,fcst_flag_bright_periods,0.0,fold1_2011_2013
M3_catboost_residual,fcst_flag_fine,0.0,fold1_2011_2013
M3_catboost_residual,fcst_flag_very_hot,0.0,fold1_2011_2013
M3_catboost_residual,fcst_flag_hot,0.0,fold1_2011_2013
M3_catboost_residual,fcst_flag_mist_fog,0.0,fold1_2011_2013
M3_catboost_residual,station_cheung_chau_latest_minus_hko_c,0.0,fold1_2011_2013
M3_catboost_residual,station_cheung_chau_latest_temp_c,0.0,fold1_2011_2013
M3_catboost_residual,station_cheung_chau_missing_flag,0.0,fold1_2011_2013
M3_catboost_residual,station_cheung_chau_outlier_flag,0.0,fold1_2011_2013
M3_catboost_residual,station_sha_tin_latest_temp_c,0.0,fold1_2011_2013
M3_catboost_residual,station_kings_park_missing_flag,0.0,fold1_2011_2013
M3_catboost_residual,hourly_any_very_hot_warning_6h,0.0,fold1_2011_2013
M3_catboost_residual,hourly_any_red_black_rainstorm_6h,0.0,fold1_2011_2013
M3_catboost_residual,hourly_any_amber_rainstorm_6h,0.0,fold1_2011_2013
M3_catboost_residual,hourly_any_rainstorm_warning_6h,0.0,fold1_2011_2013
M3_catboost_residual,network_spread_x_thunderstorm_flag,0.0,fold1_2011_2013
M3_catboost_residual,network_spatial_heterogeneity_flag,0.0,fold1_2011_2013
M3_catboost_residual,station_tsing_yi_outlier_flag,0.0,fold1_2011_2013
M3_catboost_residual,station_tseung_kwan_o_outlier_flag,0.0,fold1_2011_2013
M3_catboost_residual,station_tsing_yi_missing_flag,0.0,fold1_2011_2013
M3_catboost_residual,station_tseung_kwan_o_missing_flag,0.0,fold1_2011_2013
M3_catboost_residual,station_tseung_kwan_o_latest_temp_c,0.0,fold1_2011_2013
M3_catboost_residual,station_wong_chuk_hang_missing_flag,0.0,fold1_2011_2013
M3_catboost_residual,hourly_any_red_black_rainstorm_24h,0.0,fold1_2011_2013
M3_catboost_residual,hourly_any_rainfall_text_6h,0.0,fold1_2011_2013
M3_catboost_residual,hourly_any_lightning_text_6h,0.0,fold1_2011_2013
M3_catboost_residual,hourly_any_strong_monsoon_6h,0.0,fold1_2011_2013
M3_catboost_residual,rev_latest_minus_prev_min_c,0.0,fold1_2011_2013
M3_catboost_residual,fcst_flag_showers,0.0,fold1_2011_2013
M3_catboost_residual,fcst_flag_squally,0.0,fold1_2011_2013
M3_catboost_residual,fcst_flag_thunderstorm,0.0,fold1_2011_2013
M3_catboost_residual,hourly_any_tropical_cyclone_text_24h,0.0,fold1_2011_2013
M3_catboost_residual,hourly_any_lightning_text_24h,0.0,fold1_2011_2013
M3_catboost_residual,hourly_any_rainfall_text_24h,0.0,fold1_2011_2013
M3_catboost_residual,hourly_any_strong_monsoon_24h,0.0,fold1_2011_2013
M3_catboost_residual,hourly_text_block_present_24h,0.0,fold1_2011_2013
M3_catboost_residual,hourly_any_rainstorm_warning_24h,0.0,fold1_2011_2013
M3_catboost_residual,hourly_lightning_text_count_6h,0.0,fold1_2011_2013
M3_catboost_residual,rev_num_down_moves,0.0,fold1_2011_2013
M3_catboost_residual,hourly_any_very_hot_warning_24h,0.0,fold1_2011_2013
M3_catboost_residual,rev_last_issue_hour_hkt,0.0,fold1_2011_2013
M3_catboost_residual,rev_issue_span_hours,0.0,fold1_2011_2013
M3_catboost_residual,hourly_any_tropical_cyclone_text_6h,0.0,fold1_2011_2013
M3_catboost_residual,tc_bearing_sin_latest,0.0,fold1_2011_2013
M3_catboost_residual,tc_distance_to_hko_km_latest,0.0,fold1_2011_2013
M3_catboost_residual,tc_lat_latest,0.0,fold1_2011_2013
M3_catboost_residual,tc_position_present_latest_flag,0.0,fold1_2011_2013
M3_catboost_residual,tc_name_present_latest_flag,0.0,fold1_2011_2013
M3_catboost_residual,hours_since_latest_tropical_cyclone_text,0.0,fold1_2011_2013
M3_catboost_residual,hours_since_latest_lightning_text,0.0,fold1_2011_2013
M3_catboost_residual,tc_bearing_cos_latest,0.0,fold1_2011_2013
M3_catboost_residual,target_lag_30_missing_flag,0.0,fold1_2011_2013
M3_catboost_residual,target_lag_14_missing_flag,0.0,fold1_2011_2013
M3_catboost_residual,target_lag14_tmax_c,0.0,fold1_2011_2013
M3_catboost_residual,target_lag_7_missing_flag,0.0,fold1_2011_2013
M3_catboost_residual,target_clim_doy_30yr_median_c,0.0,fold1_2011_2013
M3_catboost_residual,tc_distance_missing_flag,0.0,fold1_2011_2013
M3_catboost_residual,target_lag_2_missing_flag,0.0,fold1_2011_2013
M3_catboost_residual,target_lag_3_missing_flag,0.0,fold1_2011_2013
M3_catboost_residual,target_clim_month_10yr_std_c,0.0,fold1_2011_2013
M3_catboost_residual,target_clim_doy_10yr_median_c,0.0,fold1_2011_2013
M3_catboost_residual,target_lag_60_missing_flag,0.0,fold1_2011_2013
M3_catboost_residual,hko_latest_temp_minus_doy_hour_clim_c,0.0,fold1_2011_2013
M3_catboost_residual,warm_season_flag,0.0,fold1_2011_2013
M3_catboost_residual,cool_season_flag,0.0,fold1_2011_2013
M3_catboost_residual,rev_path_std_c,0.0,fold1_2011_2013
M3_catboost_residual,doy_cos,0.0,fold1_2011_2013
M3_catboost_residual,typhoon_season_flag,0.0,fold1_2011_2013
M3_catboost_residual,hot_season_flag,0.0,fold1_2011_2013
M3_catboost_residual,shoulder_season_flag,0.0,fold1_2011_2013
M3_catboost_residual,post_2010_flag,0.0,fold1_2011_2013
M3_catboost_residual,rev_count,0.0,fold1_2011_2013
M3_catboost_residual,post_2018_flag,0.0,fold1_2011_2013
M3_catboost_residual,rev_latest_minus_first_max_c,0.0,fold1_2011_2013
M3_catboost_residual,target_lag_365_missing_flag,0.0,fold1_2011_2013
M3_catboost_residual,hko_latest_temp_minus_official_max_c,11.004229104187315,fold2_2014_2016
M3_catboost_residual,nt_heat_ceiling_index_c,8.049924836259288,fold2_2014_2016
M3_catboost_residual,network_mean_trend_6h_c,5.008227835800867,fold2_2014_2016
M3_catboost_residual,network_spread_mean_6h_c,4.969501971634254,fold2_2014_2016
M3_catboost_residual,hko_temp_trend_12h_c,3.7399362310564257,fold2_2014_2016
M3_catboost_residual,hko_latest_temp_minus_official_min_c,3.3385047851811467,fold2_2014_2016
M3_catboost_residual,hko_latest_dewpoint_depression_c,2.1613845758416597,fold2_2014_2016
M3_catboost_residual,station_tseung_kwan_o_latest_minus_hko_c,2.1427544433173464,fold2_2014_2016
M3_catboost_residual,target_lag2_minus_doy30_clim_c,1.8010125020165297,fold2_2014_2016
M3_catboost_residual,network_latest_temp_spread_c,1.7716306235554755,fold2_2014_2016
M3_catboost_residual,hko_evening_temp_minus_official_min_c,1.6975344451066867,fold2_2014_2016
M3_catboost_residual,station_wong_chuk_hang_latest_minus_hko_c,1.6170446615032426,fold2_2014_2016
M3_catboost_residual,target_roll30_anomaly_lag2_c,1.488771392341061,fold2_2014_2016
M3_catboost_residual,hko_afternoon_warmup_09_to_15_c,1.4867984142730053,fold2_2014_2016
M3_catboost_residual,hko_pre_target_afternoon_max_minus_official_max_c,1.4561098204300618,fold2_2014_2016
M3_catboost_residual,official_max_minus_doy_clim30_c,1.4284102489880195,fold2_2014_2016
M3_catboost_residual,hourly_warning_text_count_24h,1.4257775530430905,fold2_2014_2016
M3_catboost_residual,hko_temp_max_24h_c,1.3252073271993006,fold2_2014_2016
M3_catboost_residual,fcst_flag_easterly_ne,1.2302004441230008,fold2_2014_2016
M3_catboost_residual,network_latest_station_count,1.2286653977845117,fold2_2014_2016
M3_catboost_residual,urban_core_mean_minus_coastal_marine_mean_c,1.1874082929111387,fold2_2014_2016
M3_catboost_residual,hourly_any_thunderstorm_warning_6h,1.180928195273681,fold2_2014_2016
M3_catboost_residual,target_roll7_mean_lag2_c,1.162469251700151,fold2_2014_2016
M3_catboost_residual,network_latest_hko_minus_mean_c,1.0757164523906844,fold2_2014_2016
M3_catboost_residual,trend_years_since_2000,1.072285598426629,fold2_2014_2016
M3_catboost_residual,official_midpoint_minus_doy_clim30_c,0.9897727265429533,fold2_2014_2016
M3_catboost_residual,official_range_c,0.9860878475926709,fold2_2014_2016
M3_catboost_residual,rev_path_min_c,0.9336262320538051,fold2_2014_2016
M3_catboost_residual,official_max_minus_month_clim10_c,0.9076451089047562,fold2_2014_2016
M3_catboost_residual,rev_range_path_std_c,0.8943100202476927,fold2_2014_2016
M3_catboost_residual,target_clim_month_10yr_std_c,0.8700969394289612,fold2_2014_2016
M3_catboost_residual,rev_num_up_moves,0.8557296011189043,fold2_2014_2016
M3_catboost_residual,rev_last_change_age_hours,0.8026345584531207,fold2_2014_2016
M3_catboost_residual,rev_prev_max_c,0.795433524171164,fold2_2014_2016
M3_catboost_residual,target_history_max_source_date,0.7899224940828863,fold2_2014_2016
M3_catboost_residual,official_max_round_c,0.7897952552676613,fold2_2014_2016
M3_catboost_residual,fcst_flag_sunny,0.7635922553282418,fold2_2014_2016
M3_catboost_residual,station_missing_count_mean_24h,0.7472578213159209,fold2_2014_2016
M3_catboost_residual,hko_rh_mean_6h_pct,0.7398110943886128,fold2_2014_2016
M3_catboost_residual,target_lag2_tmax_c,0.6931670066713662,fold2_2014_2016
M3_catboost_residual,west_nw_nt_latest_missing_fraction,0.6082315700306484,fold2_2014_2016
M3_catboost_residual,inland_nt_mean_minus_coastal_marine_mean_c,0.6002220011990901,fold2_2014_2016
M3_catboost_residual,target_lag60_tmax_c,0.549565739439981,fold2_2014_2016
M3_catboost_residual,hko_temp_trend_3h_c,0.5430145920117632,fold2_2014_2016
M3_catboost_residual,hko_temp_mean_24h_minus_doy_clim_c,0.5256628015041808,fold2_2014_2016
M3_catboost_residual,network_spread_max_6h_c,0.5106928263590444,fold2_2014_2016
M3_catboost_residual,hko_temp_trend_6h_c,0.5009731851283823,fold2_2014_2016
M3_catboost_residual,rev_last3_slope_c_per_hour,0.49617260040490024,fold2_2014_2016
M3_catboost_residual,station_tsing_yi_latest_minus_hko_c,0.4809301176424677,fold2_2014_2016
M3_catboost_residual,hko_latest_temp_minus_doy_hour_clim_c,0.47788166287139333,fold2_2014_2016
M3_catboost_residual,hours_since_latest_rainfall_text,0.47525135168104454,fold2_2014_2016
M3_catboost_residual,station_kings_park_latest_temp_c,0.46248605660124353,fold2_2014_2016
M3_catboost_residual,hourly_warning_text_count_6h,0.4598006426612361,fold2_2014_2016
M3_catboost_residual,station_cheung_chau_latest_temp_c,0.45160394840596413,fold2_2014_2016
M3_catboost_residual,station_cheung_chau_latest_minus_hko_c,0.4316951873971926,fold2_2014_2016
M3_catboost_residual,station_chek_lap_kok_latest_minus_hko_c,0.42769572924971866,fold2_2014_2016
M3_catboost_residual,rev_issue_span_hours,0.4263312309250135,fold2_2014_2016
M3_catboost_residual,west_nw_nt_mean_minus_coastal_marine_mean_c,0.41885001299489727,fold2_2014_2016
M3_catboost_residual,coastal_marine_mean_minus_hko_c,0.4091575720798917,fold2_2014_2016
M3_catboost_residual,target_roll30_mean_lag2_c,0.406240478038581,fold2_2014_2016
M3_catboost_residual,target_clim_month_10yr_mean_c,0.3907804085066483,fold2_2014_2016
M3_catboost_residual,target_lag3_tmax_c,0.38774612510171036,fold2_2014_2016
M3_catboost_residual,coastal_marine_latest_mean_c,0.3858091523929942,fold2_2014_2016
M3_catboost_residual,hko_temp_mean_12h_c,0.3723621741049621,fold2_2014_2016
M3_catboost_residual,coastal_hko_alignment_c,0.36179856574529123,fold2_2014_2016
M3_catboost_residual,coastal_marine_latest_mean_minus_hko_c,0.3446527855202629,fold2_2014_2016
M3_catboost_residual,inland_heat_index_c,0.335586858932663,fold2_2014_2016
M3_catboost_residual,urban_heat_index_c,0.32896201725713237,fold2_2014_2016
M3_catboost_residual,rev_first_max_c,0.3169580600739986,fold2_2014_2016
M3_catboost_residual,hko_latest_dewpoint_c,0.29917861510909577,fold2_2014_2016
M3_catboost_residual,hko_rh_mean_12h_pct,0.2955083194853085,fold2_2014_2016
M3_catboost_residual,hko_pre_target_afternoon_max_sofar_c,0.29208372013677236,fold2_2014_2016
M3_catboost_residual,hourly_rainfall_text_count_6h,0.286274248604304,fold2_2014_2016
M3_catboost_residual,west_nw_nt_latest_count,0.2860881936596244,fold2_2014_2016
M3_catboost_residual,rev_latest_minus_first_min_c,0.28582339116835054,fold2_2014_2016
M3_catboost_residual,target_roll14_max_lag2_c,0.28041527254139237,fold2_2014_2016
M3_catboost_residual,day_of_year,0.2796587353705894,fold2_2014_2016
M3_catboost_residual,inland_coastal_spread_6h_max_c,0.2611033419344525,fold2_2014_2016
M3_catboost_residual,urban_core_latest_mean_c,0.26040114063966585,fold2_2014_2016
M3_catboost_residual,rev_count,0.2583043569727394,fold2_2014_2016
M3_catboost_residual,shoulder_season_flag,0.2528962177394712,fold2_2014_2016
M3_catboost_residual,hourly_any_thunderstorm_warning_24h,0.2505852554638006,fold2_2014_2016
M3_catboost_residual,rev_num_same_moves,0.23423656244871385,fold2_2014_2016
M3_catboost_residual,tc_bearing_sin_latest,0.22766225351390623,fold2_2014_2016
M3_catboost_residual,west_nw_nt_latest_mean_minus_hko_c,0.2147996150001468,fold2_2014_2016
M3_catboost_residual,west_nw_nt_latest_mean_c,0.2147171470385986,fold2_2014_2016
M3_catboost_residual,target_lag30_tmax_c,0.21397206349620657,fold2_2014_2016
M3_catboost_residual,target_roll7_minus_roll30_c,0.20621330342939445,fold2_2014_2016
M3_catboost_residual,hko_evening_cooling_18_to_cutoff_c,0.20345064904881463,fold2_2014_2016
M3_catboost_residual,fcst_flag_thunderstorm,0.20295870351912274,fold2_2014_2016
M3_catboost_residual,hours_since_latest_warning_text,0.2002637992280452,fold2_2014_2016
M3_catboost_residual,station_ta_kwu_ling_latest_minus_hko_c,0.20003545979299017,fold2_2014_2016
M3_catboost_residual,fcst_flag_heavy_showers,0.19532310528570102,fold2_2014_2016
M3_catboost_residual,station_missing_count_max_24h,0.18856883514553213,fold2_2014_2016
M3_catboost_residual,hko_pre_target_overnight_min_c,0.1879012207074733,fold2_2014_2016
M3_catboost_residual,rev_path_max_c,0.18274316191763207,fold2_2014_2016
M3_catboost_residual,maritime_suppression_index_c,0.1733881763646328,fold2_2014_2016
M3_catboost_residual,target_clim_doy_all_past_median_c,0.1719130418894472,fold2_2014_2016
M3_catboost_residual,hko_temp_min_24h_c,0.16492693264016725,fold2_2014_2016
M3_catboost_residual,target_cool_spell_16_lag2_days,0.1640432184271027,fold2_2014_2016
M3_catboost_residual,official_max_c,0.16321770126328997,fold2_2014_2016
M3_catboost_residual,hko_temp_mean_6h_c,0.16244821368693937,fold2_2014_2016
M3_catboost_residual,target_hot_spell_33_lag2_days,0.15482440770329564,fold2_2014_2016
M3_catboost_residual,west_nw_nt_latest_max_minus_hko_c,0.13945068467742638,fold2_2014_2016
M3_catboost_residual,station_ta_kwu_ling_latest_temp_c,0.13856006514682595,fold2_2014_2016
M3_catboost_residual,month,0.13388826939550905,fold2_2014_2016
M3_catboost_residual,hko_temp_mean_24h_c,0.1337747444189014,fold2_2014_2016
M3_catboost_residual,tc_distance_to_hko_km_latest,0.12831624268444752,fold2_2014_2016
M3_catboost_residual,station_shek_kong_latest_temp_c,0.12415936474800637,fold2_2014_2016
M3_catboost_residual,station_hong_kong_park_latest_temp_c,0.11433529755412081,fold2_2014_2016
M3_catboost_residual,fcst_flag_southerly,0.1113558331338867,fold2_2014_2016
M3_catboost_residual,target_lag14_tmax_c,0.10669996687716414,fold2_2014_2016
M3_catboost_residual,station_sai_kung_latest_temp_c,0.10627563673945072,fold2_2014_2016
M3_catboost_residual,station_chek_lap_kok_latest_temp_c,0.10142582463536913,fold2_2014_2016
M3_catboost_residual,target_clim_doy_30yr_median_c,0.09909094337377869,fold2_2014_2016
M3_catboost_residual,inland_nt_latest_mean_minus_hko_c,0.09893406332687704,fold2_2014_2016
M3_catboost_residual,hko_dispatch_count_24h,0.09879041553055475,fold2_2014_2016
M3_catboost_residual,target_roll365_mean_lag2_c,0.09806262802604533,fold2_2014_2016
M3_catboost_residual,rev_path_range_c,0.09630742530136327,fold2_2014_2016
M3_catboost_residual,rev_range_latest_minus_prev_c,0.0953151930924504,fold2_2014_2016
M3_catboost_residual,station_wong_chuk_hang_latest_temp_c,0.09529706711393705,fold2_2014_2016
M3_catboost_residual,inland_heat_index_x_warm_season,0.09238584422539203,fold2_2014_2016
M3_catboost_residual,coastal_marine_latest_max_minus_hko_c,0.09166258387552348,fold2_2014_2016
M3_catboost_residual,network_spread_max_24h_c,0.08962993487707284,fold2_2014_2016
M3_catboost_residual,target_roll14_mean_lag2_c,0.08621058280310649,fold2_2014_2016
M3_catboost_residual,quarter,0.06746594677178976,fold2_2014_2016
M3_catboost_residual,hours_since_latest_tropical_cyclone_text,0.0659223192002018,fold2_2014_2016
M3_catboost_residual,target_roll60_mean_lag2_c,0.05873603216530253,fold2_2014_2016
M3_catboost_residual,official_min_c,0.056416235412547595,fold2_2014_2016
M3_catboost_residual,rev_first_issue_hour_hkt,0.056299699788466745,fold2_2014_2016
M3_catboost_residual,station_tsing_yi_latest_temp_c,0.056194948109867325,fold2_2014_2016
M3_catboost_residual,hourly_rainfall_text_count_24h,0.05055689259506768,fold2_2014_2016
M3_catboost_residual,hko_rh_trend_3h_pct,0.04717085305109775,fold2_2014_2016
M3_catboost_residual,target_roll30_minus_doy30_clim_c,0.04168819386802959,fold2_2014_2016
M3_catboost_residual,rev_latest_minus_prev_min_c,0.0072595429321148,fold2_2014_2016
M3_catboost_residual,official_max_bin,0.0,fold2_2014_2016
M3_catboost_residual,issue_hour_hkt,0.0,fold2_2014_2016
M3_catboost_residual,issue_minute_hkt,0.0,fold2_2014_2016
M3_catboost_residual,issue_hour_bucket,0.0,fold2_2014_2016
M3_catboost_residual,target_modern_warming_signal_c,0.0,fold2_2014_2016
M3_catboost_residual,target_clim_month_30yr_mean_c,0.0,fold2_2014_2016
M3_catboost_residual,target_clim_doy_10yr_median_c,0.0,fold2_2014_2016
M3_catboost_residual,doy_sin,0.0,fold2_2014_2016
M3_catboost_residual,forecast_anchor_tie_flag,0.0,fold2_2014_2016
M3_catboost_residual,latest_issue_is_after_23_flag,0.0,fold2_2014_2016
M3_catboost_residual,target_lag365_tmax_c,0.0,fold2_2014_2016
M3_catboost_residual,fcst_flag_monsoon,0.0,fold2_2014_2016
M3_catboost_residual,fcst_flag_tropical_cyclone,0.0,fold2_2014_2016
M3_catboost_residual,fcst_flag_mist_fog,0.0,fold2_2014_2016
M3_catboost_residual,fcst_flag_hot,0.0,fold2_2014_2016
M3_catboost_residual,fcst_flag_very_hot,0.0,fold2_2014_2016
M3_catboost_residual,fcst_flag_fine,0.0,fold2_2014_2016
M3_catboost_residual,fcst_flag_cloudy,0.0,fold2_2014_2016
M3_catboost_residual,fcst_flag_bright_periods,0.0,fold2_2014_2016
M3_catboost_residual,fcst_flag_squally,0.0,fold2_2014_2016
M3_catboost_residual,hko_latest_rh_pct,0.0,fold2_2014_2016
M3_catboost_residual,hko_latest_temp_c,0.0,fold2_2014_2016
M3_catboost_residual,hourly_latest_missing_flag,0.0,fold2_2014_2016
M3_catboost_residual,forecast_full_text_missing_flag,0.0,fold2_2014_2016
M3_catboost_residual,forecast_single_issue_flag,0.0,fold2_2014_2016
M3_catboost_residual,forecast_revision_missing_prev_flag,0.0,fold2_2014_2016
M3_catboost_residual,eligible_forecast_count,0.0,fold2_2014_2016
M3_catboost_residual,rev_text_regime_changed_latest,0.0,fold2_2014_2016
M3_catboost_residual,rev_bright_periods_added_latest,0.0,fold2_2014_2016
M3_catboost_residual,rev_cloudy_added_latest,0.0,fold2_2014_2016
M3_catboost_residual,rev_very_hot_added_latest,0.0,fold2_2014_2016
M3_catboost_residual,rev_showers_added_latest,0.0,fold2_2014_2016
M3_catboost_residual,rev_thunderstorm_added_latest,0.0,fold2_2014_2016
M3_catboost_residual,fcst_flag_nt_higher,0.0,fold2_2014_2016
M3_catboost_residual,fcst_flag_active_southerly,0.0,fold2_2014_2016
M3_catboost_residual,rev_last_issue_hour_hkt,0.0,fold2_2014_2016
M3_catboost_residual,rev_latest3_all_same_flag,0.0,fold2_2014_2016
M3_catboost_residual,rev_num_down_moves,0.0,fold2_2014_2016
M3_catboost_residual,rev_path_std_c,0.0,fold2_2014_2016
M3_catboost_residual,hko_trend_12h_missing_flag,0.0,fold2_2014_2016
M3_catboost_residual,inland_nt_latest_missing_fraction,0.0,fold2_2014_2016
M3_catboost_residual,inland_nt_latest_count,0.0,fold2_2014_2016
M3_catboost_residual,inland_nt_latest_max_c,0.0,fold2_2014_2016
M3_catboost_residual,inland_nt_latest_mean_c,0.0,fold2_2014_2016
M3_catboost_residual,station_hong_kong_park_outlier_flag,0.0,fold2_2014_2016
M3_catboost_residual,station_hong_kong_park_missing_flag,0.0,fold2_2014_2016
M3_catboost_residual,station_hong_kong_park_latest_minus_hko_c,0.0,fold2_2014_2016
M3_catboost_residual,inland_nt_latest_max_minus_hko_c,0.0,fold2_2014_2016
M3_catboost_residual,station_kings_park_outlier_flag,0.0,fold2_2014_2016
M3_catboost_residual,station_kings_park_missing_flag,0.0,fold2_2014_2016
M3_catboost_residual,station_kings_park_latest_minus_hko_c,0.0,fold2_2014_2016
M3_catboost_residual,station_group_inland_nt_insufficient_count_flag,0.0,fold2_2014_2016
M3_catboost_residual,urban_hko_alignment_c,0.0,fold2_2014_2016
M3_catboost_residual,west_nw_nt_latest_max_c,0.0,fold2_2014_2016
M3_catboost_residual,station_group_west_nw_nt_insufficient_count_flag,0.0,fold2_2014_2016
M3_catboost_residual,inland_nt_max_minus_urban_core_mean_c,0.0,fold2_2014_2016
M3_catboost_residual,station_json_empty_latest_flag,0.0,fold2_2014_2016
M3_catboost_residual,station_missing_count_latest,0.0,fold2_2014_2016
M3_catboost_residual,urban_core_mean_minus_hko_c,0.0,fold2_2014_2016
M3_catboost_residual,urban_core_latest_max_c,0.0,fold2_2014_2016
M3_catboost_residual,station_ta_kwu_ling_outlier_flag,0.0,fold2_2014_2016
M3_catboost_residual,station_ta_kwu_ling_missing_flag,0.0,fold2_2014_2016
M3_catboost_residual,urban_core_latest_count,0.0,fold2_2014_2016
M3_catboost_residual,urban_core_latest_missing_fraction,0.0,fold2_2014_2016
M3_catboost_residual,station_sha_tin_outlier_flag,0.0,fold2_2014_2016
M3_catboost_residual,station_sha_tin_missing_flag,0.0,fold2_2014_2016
M3_catboost_residual,station_sha_tin_latest_minus_hko_c,0.0,fold2_2014_2016
M3_catboost_residual,station_sha_tin_latest_temp_c,0.0,fold2_2014_2016
M3_catboost_residual,station_cheung_chau_outlier_flag,0.0,fold2_2014_2016
M3_catboost_residual,station_cheung_chau_missing_flag,0.0,fold2_2014_2016
M3_catboost_residual,urban_core_latest_mean_minus_hko_c,0.0,fold2_2014_2016
M3_catboost_residual,urban_core_latest_max_minus_hko_c,0.0,fold2_2014_2016
M3_catboost_residual,station_chek_lap_kok_outlier_flag,0.0,fold2_2014_2016
M3_catboost_residual,station_chek_lap_kok_missing_flag,0.0,fold2_2014_2016
M3_catboost_residual,station_group_urban_core_insufficient_count_flag,0.0,fold2_2014_2016
M3_catboost_residual,coastal_marine_latest_max_c,0.0,fold2_2014_2016
M3_catboost_residual,network_latest_temp_mean_c,0.0,fold2_2014_2016
M3_catboost_residual,station_shek_kong_outlier_flag,0.0,fold2_2014_2016
M3_catboost_residual,station_shek_kong_missing_flag,0.0,fold2_2014_2016
M3_catboost_residual,station_shek_kong_latest_minus_hko_c,0.0,fold2_2014_2016
M3_catboost_residual,coastal_marine_latest_count,0.0,fold2_2014_2016
M3_catboost_residual,station_wong_chuk_hang_outlier_flag,0.0,fold2_2014_2016
M3_catboost_residual,station_wong_chuk_hang_missing_flag,0.0,fold2_2014_2016
M3_catboost_residual,coastal_marine_latest_missing_fraction,0.0,fold2_2014_2016
M3_catboost_residual,station_sai_kung_outlier_flag,0.0,fold2_2014_2016
M3_catboost_residual,station_sai_kung_missing_flag,0.0,fold2_2014_2016
M3_catboost_residual,station_sai_kung_latest_minus_hko_c,0.0,fold2_2014_2016
M3_catboost_residual,station_group_coastal_marine_insufficient_count_flag,0.0,fold2_2014_2016
M3_catboost_residual,station_lau_fau_shan_outlier_flag,0.0,fold2_2014_2016
M3_catboost_residual,station_lau_fau_shan_missing_flag,0.0,fold2_2014_2016
M3_catboost_residual,station_lau_fau_shan_latest_minus_hko_c,0.0,fold2_2014_2016
M3_catboost_residual,station_lau_fau_shan_latest_temp_c,0.0,fold2_2014_2016
M3_catboost_residual,hourly_any_rainstorm_warning_6h,0.0,fold2_2014_2016
M3_catboost_residual,hko_pre_target_overnight_min_c_missing_flag,0.0,fold2_2014_2016
M3_catboost_residual,network_spread_x_thunderstorm_flag,0.0,fold2_2014_2016
M3_catboost_residual,network_spatial_heterogeneity_flag,0.0,fold2_2014_2016
M3_catboost_residual,hko_pre_target_morning_mean_c_missing_flag,0.0,fold2_2014_2016
M3_catboost_residual,hko_pre_target_afternoon_max_sofar_c_missing_flag,0.0,fold2_2014_2016
M3_catboost_residual,hko_pre_target_evening_temp_c_missing_flag,0.0,fold2_2014_2016
M3_catboost_residual,inland_minus_coastal_trend_6h_c,0.0,fold2_2014_2016
M3_catboost_residual,hko_evening_cooling_18_to_cutoff_c_missing_flag,0.0,fold2_2014_2016
M3_catboost_residual,hko_afternoon_warmup_09_to_15_c_missing_flag,0.0,fold2_2014_2016
M3_catboost_residual,station_tseung_kwan_o_outlier_flag,0.0,fold2_2014_2016
M3_catboost_residual,station_tseung_kwan_o_missing_flag,0.0,fold2_2014_2016
M3_catboost_residual,station_tseung_kwan_o_latest_temp_c,0.0,fold2_2014_2016
M3_catboost_residual,station_tsing_yi_outlier_flag,0.0,fold2_2014_2016
M3_catboost_residual,station_tsing_yi_missing_flag,0.0,fold2_2014_2016
M3_catboost_residual,hko_station_rank_pct,0.0,fold2_2014_2016
M3_catboost_residual,hourly_any_very_hot_warning_24h,0.0,fold2_2014_2016
M3_catboost_residual,hourly_any_red_black_rainstorm_24h,0.0,fold2_2014_2016
M3_catboost_residual,hourly_any_amber_rainstorm_24h,0.0,fold2_2014_2016
M3_catboost_residual,hourly_any_rainstorm_warning_24h,0.0,fold2_2014_2016
M3_catboost_residual,network_latest_missing_count,0.0,fold2_2014_2016
M3_catboost_residual,network_latest_valid_count,0.0,fold2_2014_2016
M3_catboost_residual,hourly_lightning_text_count_6h,0.0,fold2_2014_2016
M3_catboost_residual,network_latest_temp_min_c,0.0,fold2_2014_2016
M3_catboost_residual,hourly_text_block_present_6h,0.0,fold2_2014_2016
M3_catboost_residual,hourly_any_rainfall_text_6h,0.0,fold2_2014_2016
M3_catboost_residual,hourly_any_lightning_text_6h,0.0,fold2_2014_2016
M3_catboost_residual,hourly_any_tropical_cyclone_text_6h,0.0,fold2_2014_2016
M3_catboost_residual,hourly_any_strong_monsoon_6h,0.0,fold2_2014_2016
M3_catboost_residual,hourly_any_very_hot_warning_6h,0.0,fold2_2014_2016
M3_catboost_residual,hourly_any_red_black_rainstorm_6h,0.0,fold2_2014_2016
M3_catboost_residual,hourly_any_amber_rainstorm_6h,0.0,fold2_2014_2016
M3_catboost_residual,network_latest_temp_max_c,0.0,fold2_2014_2016
M3_catboost_residual,tc_lon_latest,0.0,fold2_2014_2016
M3_catboost_residual,tc_lat_latest,0.0,fold2_2014_2016
M3_catboost_residual,tc_position_present_latest_flag,0.0,fold2_2014_2016
M3_catboost_residual,tc_name_present_latest_flag,0.0,fold2_2014_2016
M3_catboost_residual,network_latest_hko_percentile,0.0,fold2_2014_2016
M3_catboost_residual,network_latest_max_minus_hko_c,0.0,fold2_2014_2016
M3_catboost_residual,hours_since_latest_lightning_text,0.0,fold2_2014_2016
M3_catboost_residual,network_latest_valid_fraction,0.0,fold2_2014_2016
M3_catboost_residual,official_midpoint_c,0.0,fold2_2014_2016
M3_catboost_residual,hourly_lightning_text_count_24h,0.0,fold2_2014_2016
M3_catboost_residual,hourly_text_block_present_24h,0.0,fold2_2014_2016
M3_catboost_residual,hourly_any_rainfall_text_24h,0.0,fold2_2014_2016
M3_catboost_residual,hourly_any_lightning_text_24h,0.0,fold2_2014_2016
M3_catboost_residual,hourly_any_tropical_cyclone_text_24h,0.0,fold2_2014_2016
M3_catboost_residual,hourly_any_strong_monsoon_24h,0.0,fold2_2014_2016
M3_catboost_residual,target_lag_60_missing_flag,0.0,fold2_2014_2016
M3_catboost_residual,network_outlier_any_flag_24h,0.0,fold2_2014_2016
M3_catboost_residual,target_lag_30_missing_flag,0.0,fold2_2014_2016
M3_catboost_residual,hko_rh_trend_6h_pct,0.0,fold2_2014_2016
M3_catboost_residual,target_lag_14_missing_flag,0.0,fold2_2014_2016
M3_catboost_residual,hko_temp_range_24h_c,0.0,fold2_2014_2016
M3_catboost_residual,target_lag_7_missing_flag,0.0,fold2_2014_2016
M3_catboost_residual,target_lag7_tmax_c,0.0,fold2_2014_2016
M3_catboost_residual,target_lag_3_missing_flag,0.0,fold2_2014_2016
M3_catboost_residual,hko_rh_mean_24h_pct,0.0,fold2_2014_2016
M3_catboost_residual,target_lag_2_missing_flag,0.0,fold2_2014_2016
M3_catboost_residual,hko_partial_parse_count_24h,0.0,fold2_2014_2016
M3_catboost_residual,hko_pre_target_morning_mean_c,0.0,fold2_2014_2016
M3_catboost_residual,tc_distance_missing_flag,0.0,fold2_2014_2016
M3_catboost_residual,tc_bearing_cos_latest,0.0,fold2_2014_2016
M3_catboost_residual,hko_pre_target_evening_temp_c,0.0,fold2_2014_2016
M3_catboost_residual,issue_age_minutes,0.0,fold2_2014_2016
M3_catboost_residual,rev_latest_minus_first_max_c,0.0,fold2_2014_2016
M3_catboost_residual,rev_latest_minus_prev_max_c,0.0,fold2_2014_2016
M3_catboost_residual,fcst_flag_showers,0.0,fold2_2014_2016
M3_catboost_residual,hko_latest_age_minutes,0.0,fold2_2014_2016
M3_catboost_residual,hko_latest_age_gt_90min_flag,0.0,fold2_2014_2016
M3_catboost_residual,post_2018_flag,0.0,fold2_2014_2016
M3_catboost_residual,post_2010_flag,0.0,fold2_2014_2016
M3_catboost_residual,hko_latest_observation_hour_hkt,0.0,fold2_2014_2016
M3_catboost_residual,typhoon_season_flag,0.0,fold2_2014_2016
M3_catboost_residual,hot_season_flag,0.0,fold2_2014_2016
M3_catboost_residual,cool_season_flag,0.0,fold2_2014_2016
M3_catboost_residual,warm_season_flag,0.0,fold2_2014_2016
M3_catboost_residual,doy_cos,0.0,fold2_2014_2016
M3_catboost_residual,target_lag_365_missing_flag,0.0,fold2_2014_2016
M3_catboost_residual,hko_target_station_present_latest_flag,0.0,fold2_2014_2016
M3_catboost_residual,official_range_bin,0.0,fold2_2014_2016
M3_catboost_residual,target_very_hot_spell_34_lag2_days,0.0,fold2_2014_2016
M3_catboost_residual,hko_target_station_missing_flag,0.0,fold2_2014_2016
M3_catboost_residual,hko_rh_missing_flag,0.0,fold2_2014_2016
M3_catboost_residual,target_roll_365_insufficient_count_flag,0.0,fold2_2014_2016
M3_catboost_residual,hko_dewpoint_missing_flag,0.0,fold2_2014_2016
M3_catboost_residual,target_roll_60_insufficient_count_flag,0.0,fold2_2014_2016
M3_catboost_residual,hko_temp_trend_1h_c,0.0,fold2_2014_2016
M3_catboost_residual,target_roll_30_insufficient_count_flag,0.0,fold2_2014_2016
M3_catboost_residual,hko_trend_1h_missing_flag,0.0,fold2_2014_2016
M3_catboost_residual,target_roll_14_insufficient_count_flag,0.0,fold2_2014_2016
M3_catboost_residual,hko_trend_3h_missing_flag,0.0,fold2_2014_2016
M3_catboost_residual,hko_trend_6h_missing_flag,0.0,fold2_2014_2016
M3_catboost_residual,target_roll_7_insufficient_count_flag,0.0,fold2_2014_2016
M3_catboost_residual,target_roll7_max_lag2_c,0.0,fold2_2014_2016
M3_catboost_residual,lead_seconds_to_target_start,0.0,fold2_2014_2016
M3_catboost_residual,hko_latest_temp_minus_official_max_c,10.972917297635219,fold3_2017_2019
M3_catboost_residual,network_spread_mean_6h_c,5.628854453628899,fold3_2017_2019
M3_catboost_residual,network_mean_trend_6h_c,4.928422307673917,fold3_2017_2019
M3_catboost_residual,nt_heat_ceiling_index_c,4.234034909530216,fold3_2017_2019
M3_catboost_residual,hko_evening_temp_minus_official_min_c,3.975974361671938,fold3_2017_2019
M3_catboost_residual,hko_latest_temp_minus_official_min_c,3.2269703476879705,fold3_2017_2019
M3_catboost_residual,hko_temp_trend_12h_c,3.176522689072417,fold3_2017_2019
M3_catboost_residual,network_latest_temp_spread_c,2.6991711877715225,fold3_2017_2019
M3_catboost_residual,target_lag2_minus_doy30_clim_c,2.274626596327392,fold3_2017_2019
M3_catboost_residual,hko_pre_target_afternoon_max_minus_official_max_c,2.252993441453173,fold3_2017_2019
M3_catboost_residual,official_max_minus_doy_clim30_c,2.0940082215181564,fold3_2017_2019
M3_catboost_residual,target_roll7_mean_lag2_c,1.679356060578053,fold3_2017_2019
M3_catboost_residual,hourly_any_rainfall_text_6h,1.6571444558728559,fold3_2017_2019
M3_catboost_residual,rev_range_path_std_c,1.6421403447912561,fold3_2017_2019
M3_catboost_residual,station_tseung_kwan_o_latest_minus_hko_c,1.5531090869102446,fold3_2017_2019
M3_catboost_residual,target_history_max_source_date,1.3884483003266725,fold3_2017_2019
M3_catboost_residual,hko_latest_dewpoint_depression_c,1.3404219319731692,fold3_2017_2019
M3_catboost_residual,hko_rh_mean_24h_pct,1.1074370804719202,fold3_2017_2019
M3_catboost_residual,official_range_c,1.0790122722470885,fold3_2017_2019
M3_catboost_residual,network_latest_valid_count,1.0539959716437939,fold3_2017_2019
M3_catboost_residual,station_ta_kwu_ling_latest_minus_hko_c,1.0325774681848534,fold3_2017_2019
M3_catboost_residual,official_max_c,0.9812111650730799,fold3_2017_2019
M3_catboost_residual,rev_path_max_c,0.9147101126894951,fold3_2017_2019
M3_catboost_residual,official_max_minus_month_clim10_c,0.913165009265669,fold3_2017_2019
M3_catboost_residual,target_roll30_anomaly_lag2_c,0.8950416389060498,fold3_2017_2019
M3_catboost_residual,urban_core_mean_minus_coastal_marine_mean_c,0.8579047040679695,fold3_2017_2019
M3_catboost_residual,target_hot_spell_33_lag2_days,0.8536995895276298,fold3_2017_2019
M3_catboost_residual,hko_pre_target_overnight_min_c,0.8509544257223179,fold3_2017_2019
M3_catboost_residual,target_lag60_tmax_c,0.8462020183543906,fold3_2017_2019
M3_catboost_residual,rev_last3_slope_c_per_hour,0.8313517318924944,fold3_2017_2019
M3_catboost_residual,hours_since_latest_rainfall_text,0.8045881551014819,fold3_2017_2019
M3_catboost_residual,target_roll30_mean_lag2_c,0.791680184483762,fold3_2017_2019
M3_catboost_residual,urban_heat_index_c,0.7915441495218896,fold3_2017_2019
M3_catboost_residual,hko_rh_mean_6h_pct,0.7910364055294827,fold3_2017_2019
M3_catboost_residual,station_missing_count_mean_24h,0.7891478797772675,fold3_2017_2019
M3_catboost_residual,hourly_any_thunderstorm_warning_6h,0.7336776647820963,fold3_2017_2019
M3_catboost_residual,west_nw_nt_mean_minus_coastal_marine_mean_c,0.6641065531925743,fold3_2017_2019
M3_catboost_residual,target_lag3_tmax_c,0.6582257934723666,fold3_2017_2019
M3_catboost_residual,inland_minus_coastal_trend_6h_c,0.6335950695006589,fold3_2017_2019
M3_catboost_residual,network_spread_max_6h_c,0.6294011291179046,fold3_2017_2019
M3_catboost_residual,hko_temp_mean_24h_minus_doy_clim_c,0.614357831648652,fold3_2017_2019
M3_catboost_residual,station_sai_kung_latest_temp_c,0.5788485372312886,fold3_2017_2019
M3_catboost_residual,rev_path_min_c,0.5768926567118803,fold3_2017_2019
M3_catboost_residual,trend_years_since_2000,0.574277688857565,fold3_2017_2019
M3_catboost_residual,hko_temp_mean_12h_c,0.5475048663057229,fold3_2017_2019
M3_catboost_residual,rev_num_up_moves,0.5340821243695855,fold3_2017_2019
M3_catboost_residual,hko_temp_mean_24h_c,0.5320435070966892,fold3_2017_2019
M3_catboost_residual,rev_first_max_c,0.529826065947905,fold3_2017_2019
M3_catboost_residual,target_roll365_mean_lag2_c,0.5278884455265166,fold3_2017_2019
M3_catboost_residual,station_kings_park_latest_temp_c,0.5128148736616601,fold3_2017_2019
M3_catboost_residual,doy_sin,0.511981503222498,fold3_2017_2019
M3_catboost_residual,shoulder_season_flag,0.5069469748689313,fold3_2017_2019
M3_catboost_residual,network_latest_max_minus_hko_c,0.4892895560913538,fold3_2017_2019
M3_catboost_residual,station_wong_chuk_hang_latest_minus_hko_c,0.4715670179728892,fold3_2017_2019
M3_catboost_residual,target_lag30_tmax_c,0.4492661003303806,fold3_2017_2019
M3_catboost_residual,rev_last_change_age_hours,0.42873357020263325,fold3_2017_2019
M3_catboost_residual,rev_issue_span_hours,0.40582419801425823,fold3_2017_2019
M3_catboost_residual,hko_latest_temp_minus_doy_hour_clim_c,0.4037122358512293,fold3_2017_2019
M3_catboost_residual,fcst_flag_fine,0.3965579710692093,fold3_2017_2019
M3_catboost_residual,target_lag7_tmax_c,0.39427510911592484,fold3_2017_2019
M3_catboost_residual,hko_latest_temp_c,0.3890666681765254,fold3_2017_2019
M3_catboost_residual,hko_pre_target_morning_mean_c,0.3845627170062865,fold3_2017_2019
M3_catboost_residual,rev_prev_max_c,0.3800664345194035,fold3_2017_2019
M3_catboost_residual,hko_latest_dewpoint_c,0.3788233059716902,fold3_2017_2019
M3_catboost_residual,hko_pre_target_evening_temp_c,0.37403091261090543,fold3_2017_2019
M3_catboost_residual,target_roll7_minus_roll30_c,0.37252467238860304,fold3_2017_2019
M3_catboost_residual,official_midpoint_c,0.36571952428426846,fold3_2017_2019
M3_catboost_residual,inland_heat_index_c,0.3655532318506964,fold3_2017_2019
M3_catboost_residual,hko_latest_rh_pct,0.36248066794889783,fold3_2017_2019
M3_catboost_residual,target_clim_month_10yr_std_c,0.34258200884275275,fold3_2017_2019
M3_catboost_residual,inland_nt_latest_mean_minus_hko_c,0.3409916616567964,fold3_2017_2019
M3_catboost_residual,official_midpoint_minus_doy_clim30_c,0.3384157068593936,fold3_2017_2019
M3_catboost_residual,west_nw_nt_latest_mean_c,0.32297838572440146,fold3_2017_2019
M3_catboost_residual,target_roll14_mean_lag2_c,0.31971281246689415,fold3_2017_2019
M3_catboost_residual,urban_core_latest_mean_c,0.3193942745610077,fold3_2017_2019
M3_catboost_residual,target_lag365_tmax_c,0.3189047889805268,fold3_2017_2019
M3_catboost_residual,station_tsing_yi_latest_temp_c,0.3102822460515748,fold3_2017_2019
M3_catboost_residual,west_nw_nt_latest_count,0.28732093976358997,fold3_2017_2019
M3_catboost_residual,fcst_flag_easterly_ne,0.2803259955276103,fold3_2017_2019
M3_catboost_residual,target_roll60_mean_lag2_c,0.27756417173384823,fold3_2017_2019
M3_catboost_residual,target_clim_doy_30yr_median_c,0.27154350064976246,fold3_2017_2019
M3_catboost_residual,hko_rh_trend_6h_pct,0.2638754122183398,fold3_2017_2019
M3_catboost_residual,rev_range_latest_minus_prev_c,0.2592786012932469,fold3_2017_2019
M3_catboost_residual,target_roll7_max_lag2_c,0.2476440115247044,fold3_2017_2019
M3_catboost_residual,hourly_any_thunderstorm_warning_24h,0.24479542042835467,fold3_2017_2019
M3_catboost_residual,tc_lon_latest,0.24424756725929028,fold3_2017_2019
M3_catboost_residual,target_clim_month_10yr_mean_c,0.24285898858427274,fold3_2017_2019
M3_catboost_residual,rev_latest_minus_first_max_c,0.2413884572196422,fold3_2017_2019
M3_catboost_residual,fcst_flag_thunderstorm,0.23407089546405596,fold3_2017_2019
M3_catboost_residual,coastal_marine_mean_minus_hko_c,0.23314557718830903,fold3_2017_2019
M3_catboost_residual,hours_since_latest_warning_text,0.20396794385151312,fold3_2017_2019
M3_catboost_residual,network_latest_hko_minus_mean_c,0.20365086038865204,fold3_2017_2019
M3_catboost_residual,coastal_hko_alignment_c,0.20209989916447216,fold3_2017_2019
M3_catboost_residual,station_ta_kwu_ling_latest_temp_c,0.1963393587869653,fold3_2017_2019
M3_catboost_residual,station_sai_kung_latest_minus_hko_c,0.19384609262320668,fold3_2017_2019
M3_catboost_residual,coastal_marine_latest_max_minus_hko_c,0.18660646774188858,fold3_2017_2019
M3_catboost_residual,hko_afternoon_warmup_09_to_15_c,0.16905923420026406,fold3_2017_2019
M3_catboost_residual,issue_hour_hkt,0.16671423131362517,fold3_2017_2019
M3_catboost_residual,urban_core_latest_missing_fraction,0.1641970189216024,fold3_2017_2019
M3_catboost_residual,target_clim_month_30yr_mean_c,0.1629401398346963,fold3_2017_2019
M3_catboost_residual,hko_temp_max_24h_c,0.16232120956905413,fold3_2017_2019
M3_catboost_residual,hourly_warning_text_count_6h,0.1619629009052779,fold3_2017_2019
M3_catboost_residual,west_nw_nt_latest_max_c,0.16102010109171647,fold3_2017_2019
M3_catboost_residual,target_lag14_tmax_c,0.15712253966441772,fold3_2017_2019
M3_catboost_residual,station_sha_tin_latest_temp_c,0.15676240519890666,fold3_2017_2019
M3_catboost_residual,inland_nt_latest_mean_c,0.1566775914511049,fold3_2017_2019
M3_catboost_residual,tc_distance_to_hko_km_latest,0.15373232665096168,fold3_2017_2019
M3_catboost_residual,inland_heat_index_x_warm_season,0.1513100749895672,fold3_2017_2019
M3_catboost_residual,tc_bearing_cos_latest,0.1511221298012778,fold3_2017_2019
M3_catboost_residual,station_lau_fau_shan_latest_temp_c,0.15022125353746776,fold3_2017_2019
M3_catboost_residual,doy_cos,0.1489372141543473,fold3_2017_2019
M3_catboost_residual,urban_core_latest_max_c,0.14822051684656226,fold3_2017_2019
M3_catboost_residual,inland_coastal_spread_6h_max_c,0.14600365390230907,fold3_2017_2019
M3_catboost_residual,hko_station_rank_pct,0.14253316757162832,fold3_2017_2019
M3_catboost_residual,target_clim_doy_10yr_median_c,0.14209500045775608,fold3_2017_2019
M3_catboost_residual,rev_latest_minus_first_min_c,0.14173097683828798,fold3_2017_2019
M3_catboost_residual,hours_since_latest_tropical_cyclone_text,0.141524427947151,fold3_2017_2019
M3_catboost_residual,maritime_suppression_index_c,0.14010767165772106,fold3_2017_2019
M3_catboost_residual,network_spread_max_24h_c,0.1394052750169069,fold3_2017_2019
M3_catboost_residual,hko_temp_mean_6h_c,0.13264795462801307,fold3_2017_2019
M3_catboost_residual,official_min_c,0.11331208760469651,fold3_2017_2019
M3_catboost_residual,inland_nt_mean_minus_coastal_marine_mean_c,0.10777446719892028,fold3_2017_2019
M3_catboost_residual,rev_path_std_c,0.10161747261756693,fold3_2017_2019
M3_catboost_residual,hko_rh_trend_3h_pct,0.0995169845904015,fold3_2017_2019
M3_catboost_residual,hourly_lightning_text_count_24h,0.09213026596663605,fold3_2017_2019
M3_catboost_residual,network_latest_hko_percentile,0.091870532115828,fold3_2017_2019
M3_catboost_residual,hourly_text_block_present_6h,0.09032897132842099,fold3_2017_2019
M3_catboost_residual,station_missing_count_latest,0.08899933897443382,fold3_2017_2019
M3_catboost_residual,rev_num_same_moves,0.08668521110236707,fold3_2017_2019
M3_catboost_residual,urban_core_latest_count,0.08043497571127105,fold3_2017_2019
M3_catboost_residual,fcst_flag_southerly,0.07965893323462553,fold3_2017_2019
M3_catboost_residual,target_modern_warming_signal_c,0.07882605757540115,fold3_2017_2019
M3_catboost_residual,station_chek_lap_kok_latest_minus_hko_c,0.076911715624061,fold3_2017_2019
M3_catboost_residual,day_of_year,0.07251452591306842,fold3_2017_2019
M3_catboost_residual,hko_temp_trend_6h_c,0.07134791982849888,fold3_2017_2019
M3_catboost_residual,lead_seconds_to_target_start,0.06543300274081973,fold3_2017_2019
M3_catboost_residual,station_cheung_chau_latest_temp_c,0.05072852601679752,fold3_2017_2019
M3_catboost_residual,inland_nt_latest_count,0.04654319157199947,fold3_2017_2019
M3_catboost_residual,rev_latest_minus_prev_max_c,0.04622548972001016,fold3_2017_2019
M3_catboost_residual,eligible_forecast_count,0.0355685443732335,fold3_2017_2019
M3_catboost_residual,hko_temp_trend_1h_c,0.027294143261368,fold3_2017_2019
M3_catboost_residual,inland_nt_latest_missing_fraction,0.01578197723785582,fold3_2017_2019
M3_catboost_residual,hko_latest_observation_hour_hkt,0.009193842820924359,fold3_2017_2019
M3_catboost_residual,network_spread_x_thunderstorm_flag,0.006199624361761513,fold3_2017_2019
M3_catboost_residual,hko_pre_target_afternoon_max_sofar_c,0.0,fold3_2017_2019
M3_catboost_residual,hko_partial_parse_count_24h,0.0,fold3_2017_2019
M3_catboost_residual,hko_dispatch_count_24h,0.0,fold3_2017_2019
M3_catboost_residual,hko_temp_range_24h_c,0.0,fold3_2017_2019
M3_catboost_residual,hko_temp_min_24h_c,0.0,fold3_2017_2019
M3_catboost_residual,station_json_empty_latest_flag,0.0,fold3_2017_2019
M3_catboost_residual,network_outlier_any_flag_24h,0.0,fold3_2017_2019
M3_catboost_residual,network_latest_valid_fraction,0.0,fold3_2017_2019
M3_catboost_residual,network_latest_temp_max_c,0.0,fold3_2017_2019
M3_catboost_residual,network_latest_temp_min_c,0.0,fold3_2017_2019
M3_catboost_residual,network_latest_temp_mean_c,0.0,fold3_2017_2019
M3_catboost_residual,network_latest_missing_count,0.0,fold3_2017_2019
M3_catboost_residual,network_latest_station_count,0.0,fold3_2017_2019
M3_catboost_residual,inland_nt_latest_max_c,0.0,fold3_2017_2019
M3_catboost_residual,station_group_coastal_marine_insufficient_count_flag,0.0,fold3_2017_2019
M3_catboost_residual,coastal_marine_latest_mean_minus_hko_c,0.0,fold3_2017_2019
M3_catboost_residual,coastal_marine_latest_missing_fraction,0.0,fold3_2017_2019
M3_catboost_residual,coastal_marine_latest_count,0.0,fold3_2017_2019
M3_catboost_residual,coastal_marine_latest_max_c,0.0,fold3_2017_2019
M3_catboost_residual,coastal_marine_latest_mean_c,0.0,fold3_2017_2019
M3_catboost_residual,station_group_urban_core_insufficient_count_flag,0.0,fold3_2017_2019
M3_catboost_residual,urban_core_latest_max_minus_hko_c,0.0,fold3_2017_2019
M3_catboost_residual,urban_core_latest_mean_minus_hko_c,0.0,fold3_2017_2019
M3_catboost_residual,urban_core_mean_minus_hko_c,0.0,fold3_2017_2019
M3_catboost_residual,inland_nt_max_minus_urban_core_mean_c,0.0,fold3_2017_2019
M3_catboost_residual,station_group_west_nw_nt_insufficient_count_flag,0.0,fold3_2017_2019
M3_catboost_residual,target_cool_spell_16_lag2_days,0.0,fold3_2017_2019
M3_catboost_residual,west_nw_nt_latest_mean_minus_hko_c,0.0,fold3_2017_2019
M3_catboost_residual,west_nw_nt_latest_missing_fraction,0.0,fold3_2017_2019
M3_catboost_residual,quarter,0.0,fold3_2017_2019
M3_catboost_residual,month,0.0,fold3_2017_2019
M3_catboost_residual,forecast_anchor_tie_flag,0.0,fold3_2017_2019
M3_catboost_residual,station_group_inland_nt_insufficient_count_flag,0.0,fold3_2017_2019
M3_catboost_residual,inland_nt_latest_max_minus_hko_c,0.0,fold3_2017_2019
M3_catboost_residual,latest_issue_is_after_23_flag,0.0,fold3_2017_2019
M3_catboost_residual,station_chek_lap_kok_missing_flag,0.0,fold3_2017_2019
M3_catboost_residual,issue_age_minutes,0.0,fold3_2017_2019
M3_catboost_residual,station_chek_lap_kok_latest_temp_c,0.0,fold3_2017_2019
M3_catboost_residual,station_hong_kong_park_outlier_flag,0.0,fold3_2017_2019
M3_catboost_residual,station_hong_kong_park_missing_flag,0.0,fold3_2017_2019
M3_catboost_residual,station_hong_kong_park_latest_minus_hko_c,0.0,fold3_2017_2019
M3_catboost_residual,station_hong_kong_park_latest_temp_c,0.0,fold3_2017_2019
M3_catboost_residual,station_kings_park_outlier_flag,0.0,fold3_2017_2019
M3_catboost_residual,station_kings_park_missing_flag,0.0,fold3_2017_2019
M3_catboost_residual,station_kings_park_latest_minus_hko_c,0.0,fold3_2017_2019
M3_catboost_residual,issue_hour_bucket,0.0,fold3_2017_2019
M3_catboost_residual,urban_hko_alignment_c,0.0,fold3_2017_2019
M3_catboost_residual,issue_minute_hkt,0.0,fold3_2017_2019
M3_catboost_residual,official_max_bin,0.0,fold3_2017_2019
M3_catboost_residual,official_range_bin,0.0,fold3_2017_2019
M3_catboost_residual,official_max_round_c,0.0,fold3_2017_2019
M3_catboost_residual,station_lau_fau_shan_missing_flag,0.0,fold3_2017_2019
M3_catboost_residual,station_lau_fau_shan_latest_minus_hko_c,0.0,fold3_2017_2019
M3_catboost_residual,rev_path_range_c,0.0,fold3_2017_2019
M3_catboost_residual,station_ta_kwu_ling_outlier_flag,0.0,fold3_2017_2019
M3_catboost_residual,station_ta_kwu_ling_missing_flag,0.0,fold3_2017_2019
M3_catboost_residual,target_roll30_minus_doy30_clim_c,0.0,fold3_2017_2019
M3_catboost_residual,target_clim_doy_all_past_median_c,0.0,fold3_2017_2019
M3_catboost_residual,station_sha_tin_outlier_flag,0.0,fold3_2017_2019
M3_catboost_residual,station_sha_tin_missing_flag,0.0,fold3_2017_2019
M3_catboost_residual,station_sha_tin_latest_minus_hko_c,0.0,fold3_2017_2019
M3_catboost_residual,fcst_flag_bright_periods,0.0,fold3_2017_2019
M3_catboost_residual,station_cheung_chau_outlier_flag,0.0,fold3_2017_2019
M3_catboost_residual,station_cheung_chau_missing_flag,0.0,fold3_2017_2019
M3_catboost_residual,station_cheung_chau_latest_minus_hko_c,0.0,fold3_2017_2019
M3_catboost_residual,fcst_flag_squally,0.0,fold3_2017_2019
M3_catboost_residual,station_chek_lap_kok_outlier_flag,0.0,fold3_2017_2019
M3_catboost_residual,station_tsing_yi_missing_flag,0.0,fold3_2017_2019
M3_catboost_residual,station_tsing_yi_latest_minus_hko_c,0.0,fold3_2017_2019
M3_catboost_residual,fcst_flag_heavy_showers,0.0,fold3_2017_2019
M3_catboost_residual,station_shek_kong_outlier_flag,0.0,fold3_2017_2019
M3_catboost_residual,station_shek_kong_missing_flag,0.0,fold3_2017_2019
M3_catboost_residual,station_shek_kong_latest_minus_hko_c,0.0,fold3_2017_2019
M3_catboost_residual,station_shek_kong_latest_temp_c,0.0,fold3_2017_2019
M3_catboost_residual,station_wong_chuk_hang_outlier_flag,0.0,fold3_2017_2019
M3_catboost_residual,station_wong_chuk_hang_missing_flag,0.0,fold3_2017_2019
M3_catboost_residual,fcst_flag_showers,0.0,fold3_2017_2019
M3_catboost_residual,station_wong_chuk_hang_latest_temp_c,0.0,fold3_2017_2019
M3_catboost_residual,station_sai_kung_outlier_flag,0.0,fold3_2017_2019
M3_catboost_residual,station_sai_kung_missing_flag,0.0,fold3_2017_2019
M3_catboost_residual,rev_latest_minus_prev_min_c,0.0,fold3_2017_2019
M3_catboost_residual,rev_last_issue_hour_hkt,0.0,fold3_2017_2019
M3_catboost_residual,station_lau_fau_shan_outlier_flag,0.0,fold3_2017_2019
M3_catboost_residual,hourly_any_amber_rainstorm_6h,0.0,fold3_2017_2019
M3_catboost_residual,hourly_any_rainstorm_warning_6h,0.0,fold3_2017_2019
M3_catboost_residual,rev_first_issue_hour_hkt,0.0,fold3_2017_2019
M3_catboost_residual,rev_latest3_all_same_flag,0.0,fold3_2017_2019
M3_catboost_residual,rev_num_down_moves,0.0,fold3_2017_2019
M3_catboost_residual,network_spatial_heterogeneity_flag,0.0,fold3_2017_2019
M3_catboost_residual,rev_cloudy_added_latest,0.0,fold3_2017_2019
M3_catboost_residual,station_missing_count_max_24h,0.0,fold3_2017_2019
M3_catboost_residual,rev_very_hot_added_latest,0.0,fold3_2017_2019
M3_catboost_residual,rev_showers_added_latest,0.0,fold3_2017_2019
M3_catboost_residual,rev_thunderstorm_added_latest,0.0,fold3_2017_2019
M3_catboost_residual,fcst_flag_nt_higher,0.0,fold3_2017_2019
M3_catboost_residual,station_tseung_kwan_o_outlier_flag,0.0,fold3_2017_2019
M3_catboost_residual,station_tseung_kwan_o_missing_flag,0.0,fold3_2017_2019
M3_catboost_residual,station_tseung_kwan_o_latest_temp_c,0.0,fold3_2017_2019
M3_catboost_residual,station_tsing_yi_outlier_flag,0.0,fold3_2017_2019
M3_catboost_residual,hourly_any_tropical_cyclone_text_24h,0.0,fold3_2017_2019
M3_catboost_residual,hourly_any_strong_monsoon_24h,0.0,fold3_2017_2019
M3_catboost_residual,hourly_any_very_hot_warning_24h,0.0,fold3_2017_2019
M3_catboost_residual,fcst_flag_active_southerly,0.0,fold3_2017_2019
M3_catboost_residual,hourly_any_amber_rainstorm_24h,0.0,fold3_2017_2019
M3_catboost_residual,hourly_any_rainstorm_warning_24h,0.0,fold3_2017_2019
M3_catboost_residual,fcst_flag_monsoon,0.0,fold3_2017_2019
M3_catboost_residual,hourly_rainfall_text_count_6h,0.0,fold3_2017_2019
M3_catboost_residual,hourly_lightning_text_count_6h,0.0,fold3_2017_2019
M3_catboost_residual,fcst_flag_tropical_cyclone,0.0,fold3_2017_2019
M3_catboost_residual,fcst_flag_mist_fog,0.0,fold3_2017_2019
M3_catboost_residual,hourly_any_lightning_text_6h,0.0,fold3_2017_2019
M3_catboost_residual,hourly_any_tropical_cyclone_text_6h,0.0,fold3_2017_2019
M3_catboost_residual,hourly_any_strong_monsoon_6h,0.0,fold3_2017_2019
M3_catboost_residual,hourly_any_very_hot_warning_6h,0.0,fold3_2017_2019
M3_catboost_residual,hourly_any_red_black_rainstorm_6h,0.0,fold3_2017_2019
M3_catboost_residual,tc_bearing_sin_latest,0.0,fold3_2017_2019
M3_catboost_residual,fcst_flag_hot,0.0,fold3_2017_2019
M3_catboost_residual,fcst_flag_very_hot,0.0,fold3_2017_2019
M3_catboost_residual,tc_lat_latest,0.0,fold3_2017_2019
M3_catboost_residual,tc_position_present_latest_flag,0.0,fold3_2017_2019
M3_catboost_residual,tc_name_present_latest_flag,0.0,fold3_2017_2019
M3_catboost_residual,fcst_flag_cloudy,0.0,fold3_2017_2019
M3_catboost_residual,fcst_flag_sunny,0.0,fold3_2017_2019
M3_catboost_residual,hours_since_latest_lightning_text,0.0,fold3_2017_2019
M3_catboost_residual,hko_rh_missing_flag,0.0,fold3_2017_2019
M3_catboost_residual,hourly_rainfall_text_count_24h,0.0,fold3_2017_2019
M3_catboost_residual,hko_target_station_missing_flag,0.0,fold3_2017_2019
M3_catboost_residual,hourly_warning_text_count_24h,0.0,fold3_2017_2019
M3_catboost_residual,hourly_text_block_present_24h,0.0,fold3_2017_2019
M3_catboost_residual,hourly_any_rainfall_text_24h,0.0,fold3_2017_2019
M3_catboost_residual,hourly_any_lightning_text_24h,0.0,fold3_2017_2019
M3_catboost_residual,target_lag_365_missing_flag,0.0,fold3_2017_2019
M3_catboost_residual,hko_target_station_present_latest_flag,0.0,fold3_2017_2019
M3_catboost_residual,target_lag_60_missing_flag,0.0,fold3_2017_2019
M3_catboost_residual,hko_latest_age_gt_90min_flag,0.0,fold3_2017_2019
M3_catboost_residual,target_lag_30_missing_flag,0.0,fold3_2017_2019
M3_catboost_residual,hko_latest_age_minutes,0.0,fold3_2017_2019
M3_catboost_residual,target_lag_14_missing_flag,0.0,fold3_2017_2019
M3_catboost_residual,hourly_latest_missing_flag,0.0,fold3_2017_2019
M3_catboost_residual,target_lag_7_missing_flag,0.0,fold3_2017_2019
M3_catboost_residual,west_nw_nt_latest_max_minus_hko_c,0.0,fold3_2017_2019
M3_catboost_residual,target_lag_3_missing_flag,0.0,fold3_2017_2019
M3_catboost_residual,forecast_full_text_missing_flag,0.0,fold3_2017_2019
M3_catboost_residual,target_lag_2_missing_flag,0.0,fold3_2017_2019
M3_catboost_residual,target_lag2_tmax_c,0.0,fold3_2017_2019
M3_catboost_residual,tc_distance_missing_flag,0.0,fold3_2017_2019
M3_catboost_residual,forecast_single_issue_flag,0.0,fold3_2017_2019
M3_catboost_residual,forecast_revision_missing_prev_flag,0.0,fold3_2017_2019
M3_catboost_residual,rev_text_regime_changed_latest,0.0,fold3_2017_2019
M3_catboost_residual,rev_bright_periods_added_latest,0.0,fold3_2017_2019
M3_catboost_residual,hko_rh_mean_12h_pct,0.0,fold3_2017_2019
M3_catboost_residual,hko_trend_12h_missing_flag,0.0,fold3_2017_2019
M3_catboost_residual,hko_trend_6h_missing_flag,0.0,fold3_2017_2019
M3_catboost_residual,rev_count,0.0,fold3_2017_2019
M3_catboost_residual,post_2018_flag,0.0,fold3_2017_2019
M3_catboost_residual,post_2010_flag,0.0,fold3_2017_2019
M3_catboost_residual,hko_trend_3h_missing_flag,0.0,fold3_2017_2019
M3_catboost_residual,hko_temp_trend_3h_c,0.0,fold3_2017_2019
M3_catboost_residual,typhoon_season_flag,0.0,fold3_2017_2019
M3_catboost_residual,hot_season_flag,0.0,fold3_2017_2019
M3_catboost_residual,cool_season_flag,0.0,fold3_2017_2019
M3_catboost_residual,warm_season_flag,0.0,fold3_2017_2019
M3_catboost_residual,hko_trend_1h_missing_flag,0.0,fold3_2017_2019
M3_catboost_residual,hko_dewpoint_missing_flag,0.0,fold3_2017_2019
M3_catboost_residual,target_very_hot_spell_34_lag2_days,0.0,fold3_2017_2019
M3_catboost_residual,hko_afternoon_warmup_09_to_15_c_missing_flag,0.0,fold3_2017_2019
M3_catboost_residual,hko_evening_cooling_18_to_cutoff_c_missing_flag,0.0,fold3_2017_2019
M3_catboost_residual,hko_pre_target_evening_temp_c_missing_flag,0.0,fold3_2017_2019
M3_catboost_residual,target_roll_365_insufficient_count_flag,0.0,fold3_2017_2019
M3_catboost_residual,hko_pre_target_afternoon_max_sofar_c_missing_flag,0.0,fold3_2017_2019
M3_catboost_residual,target_roll_60_insufficient_count_flag,0.0,fold3_2017_2019
M3_catboost_residual,hko_pre_target_morning_mean_c_missing_flag,0.0,fold3_2017_2019
M3_catboost_residual,target_roll_30_insufficient_count_flag,0.0,fold3_2017_2019
M3_catboost_residual,hko_pre_target_overnight_min_c_missing_flag,0.0,fold3_2017_2019
M3_catboost_residual,target_roll_14_insufficient_count_flag,0.0,fold3_2017_2019
M3_catboost_residual,target_roll14_max_lag2_c,0.0,fold3_2017_2019
M3_catboost_residual,hko_evening_cooling_18_to_cutoff_c,0.0,fold3_2017_2019
M3_catboost_residual,target_roll_7_insufficient_count_flag,0.0,fold3_2017_2019
M3_catboost_residual,hourly_any_red_black_rainstorm_24h,0.0,fold3_2017_2019
M3_catboost_residual,hko_latest_temp_minus_official_max_c,12.83232451632418,fold4_2020_2021
M3_catboost_residual,network_spread_mean_6h_c,5.721154903359895,fold4_2020_2021
M3_catboost_residual,hko_temp_trend_12h_c,4.543614912580733,fold4_2020_2021
M3_catboost_residual,hko_latest_temp_minus_official_min_c,4.533100818443673,fold4_2020_2021
M3_catboost_residual,network_mean_trend_6h_c,3.778368860880771,fold4_2020_2021
M3_catboost_residual,nt_heat_ceiling_index_c,3.2437421455926727,fold4_2020_2021
M3_catboost_residual,hko_pre_target_afternoon_max_minus_official_max_c,3.160981636359314,fold4_2020_2021
M3_catboost_residual,network_latest_temp_spread_c,2.4617030091417327,fold4_2020_2021
M3_catboost_residual,hko_evening_temp_minus_official_min_c,2.0686250074278796,fold4_2020_2021
M3_catboost_residual,station_tseung_kwan_o_latest_minus_hko_c,1.8488397260398108,fold4_2020_2021
M3_catboost_residual,rev_range_path_std_c,1.7836562500737567,fold4_2020_2021
M3_catboost_residual,fcst_flag_thunderstorm,1.5593578428310548,fold4_2020_2021
M3_catboost_residual,urban_heat_index_c,1.5513846695000706,fold4_2020_2021
M3_catboost_residual,target_roll7_mean_lag2_c,1.4865023166868279,fold4_2020_2021
M3_catboost_residual,hours_since_latest_rainfall_text,1.425775449186151,fold4_2020_2021
M3_catboost_residual,fcst_flag_fine,1.2756233528344705,fold4_2020_2021
M3_catboost_residual,official_max_minus_doy_clim30_c,1.2466466657160704,fold4_2020_2021
M3_catboost_residual,hko_pre_target_overnight_min_c,1.2043240318968855,fold4_2020_2021
M3_catboost_residual,official_max_minus_month_clim10_c,1.122298552464171,fold4_2020_2021
M3_catboost_residual,trend_years_since_2000,1.0630142643681728,fold4_2020_2021
M3_catboost_residual,target_lag2_tmax_c,1.0037293822107274,fold4_2020_2021
M3_catboost_residual,station_chek_lap_kok_latest_temp_c,1.0001791423613589,fold4_2020_2021
M3_catboost_residual,doy_sin,0.9695836741620385,fold4_2020_2021
M3_catboost_residual,target_hot_spell_33_lag2_days,0.9546170635048105,fold4_2020_2021
M3_catboost_residual,day_of_year,0.9097419400409769,fold4_2020_2021
M3_catboost_residual,station_chek_lap_kok_latest_minus_hko_c,0.8925786155828379,fold4_2020_2021
M3_catboost_residual,rev_prev_max_c,0.8226384489787745,fold4_2020_2021
M3_catboost_residual,rev_range_latest_minus_prev_c,0.7928796538708113,fold4_2020_2021
M3_catboost_residual,target_lag2_minus_doy30_clim_c,0.7916892622296599,fold4_2020_2021
M3_catboost_residual,target_lag3_tmax_c,0.7894392191304801,fold4_2020_2021
M3_catboost_residual,network_latest_temp_min_c,0.749972341520861,fold4_2020_2021
M3_catboost_residual,hko_temp_mean_12h_c,0.7430799743098925,fold4_2020_2021
M3_catboost_residual,target_clim_month_10yr_std_c,0.7395748898976815,fold4_2020_2021
M3_catboost_residual,rev_latest_minus_first_min_c,0.7308572359278057,fold4_2020_2021
M3_catboost_residual,hko_latest_dewpoint_depression_c,0.7220184227906891,fold4_2020_2021
M3_catboost_residual,hours_since_latest_warning_text,0.6907866505854168,fold4_2020_2021
M3_catboost_residual,rev_path_min_c,0.6891424136501135,fold4_2020_2021
M3_catboost_residual,official_range_c,0.6869106043607539,fold4_2020_2021
M3_catboost_residual,hko_rh_mean_12h_pct,0.6817775023587922,fold4_2020_2021
M3_catboost_residual,official_max_c,0.621171631748519,fold4_2020_2021
M3_catboost_residual,rev_last_change_age_hours,0.6155426269878999,fold4_2020_2021
M3_catboost_residual,target_roll7_minus_roll30_c,0.599024395912799,fold4_2020_2021
M3_catboost_residual,rev_first_max_c,0.5828359902625124,fold4_2020_2021
M3_catboost_residual,fcst_flag_easterly_ne,0.5697395117713467,fold4_2020_2021
M3_catboost_residual,rev_last3_slope_c_per_hour,0.5621271215772827,fold4_2020_2021
M3_catboost_residual,maritime_suppression_index_c,0.5603426417560256,fold4_2020_2021
M3_catboost_residual,target_roll30_mean_lag2_c,0.5445791432308069,fold4_2020_2021
M3_catboost_residual,urban_core_latest_mean_c,0.5357209910767529,fold4_2020_2021
M3_catboost_residual,target_history_max_source_date,0.5238419661554448,fold4_2020_2021
M3_catboost_residual,rev_num_up_moves,0.5175323584993834,fold4_2020_2021
M3_catboost_residual,month,0.5022497346082577,fold4_2020_2021
M3_catboost_residual,west_nw_nt_latest_missing_fraction,0.4759125061987853,fold4_2020_2021
M3_catboost_residual,network_latest_station_count,0.4589344183292021,fold4_2020_2021
M3_catboost_residual,tc_bearing_cos_latest,0.4569981198689346,fold4_2020_2021
M3_catboost_residual,official_midpoint_minus_doy_clim30_c,0.41140486869014703,fold4_2020_2021
M3_catboost_residual,target_roll14_mean_lag2_c,0.41087329193595146,fold4_2020_2021
M3_catboost_residual,west_nw_nt_latest_count,0.39641453685911254,fold4_2020_2021
M3_catboost_residual,target_roll30_anomaly_lag2_c,0.39127035682993505,fold4_2020_2021
M3_catboost_residual,hko_afternoon_warmup_09_to_15_c,0.3847771966889141,fold4_2020_2021
M3_catboost_residual,target_lag60_tmax_c,0.37337338523232694,fold4_2020_2021
M3_catboost_residual,station_hong_kong_park_latest_minus_hko_c,0.3592130009203147,fold4_2020_2021
M3_catboost_residual,hourly_warning_text_count_6h,0.3580358378849913,fold4_2020_2021
M3_catboost_residual,hko_rh_mean_6h_pct,0.3554503068273335,fold4_2020_2021
M3_catboost_residual,west_nw_nt_latest_max_c,0.3501111551970354,fold4_2020_2021
M3_catboost_residual,hko_latest_rh_pct,0.3468988208228589,fold4_2020_2021
M3_catboost_residual,fcst_flag_sunny,0.3441341184380649,fold4_2020_2021
M3_catboost_residual,hko_temp_mean_24h_c,0.3374907324107855,fold4_2020_2021
M3_catboost_residual,network_spread_x_thunderstorm_flag,0.33245053792737983,fold4_2020_2021
M3_catboost_residual,station_wong_chuk_hang_latest_temp_c,0.32127718287784884,fold4_2020_2021
M3_catboost_residual,hourly_rainfall_text_count_6h,0.3173536061604167,fold4_2020_2021
M3_catboost_residual,station_missing_count_mean_24h,0.31275829521260995,fold4_2020_2021
M3_catboost_residual,hourly_any_thunderstorm_warning_6h,0.31169272896981126,fold4_2020_2021
M3_catboost_residual,hko_latest_temp_minus_doy_hour_clim_c,0.3109780957402643,fold4_2020_2021
M3_catboost_residual,target_roll30_minus_doy30_clim_c,0.30027879823640813,fold4_2020_2021
M3_catboost_residual,hourly_any_rainfall_text_6h,0.2993942777149734,fold4_2020_2021
M3_catboost_residual,tc_distance_to_hko_km_latest,0.299133458388758,fold4_2020_2021
M3_catboost_residual,hko_pre_target_afternoon_max_sofar_c,0.28700441037958346,fold4_2020_2021
M3_catboost_residual,network_latest_max_minus_hko_c,0.27810123904150064,fold4_2020_2021
M3_catboost_residual,coastal_hko_alignment_c,0.27782095451989636,fold4_2020_2021
M3_catboost_residual,urban_core_latest_max_c,0.27337708402518895,fold4_2020_2021
M3_catboost_residual,official_midpoint_c,0.25920915156872515,fold4_2020_2021
M3_catboost_residual,inland_heat_index_c,0.25856411147023645,fold4_2020_2021
M3_catboost_residual,quarter,0.25831172415622405,fold4_2020_2021
M3_catboost_residual,inland_nt_max_minus_urban_core_mean_c,0.25414783948066777,fold4_2020_2021
M3_catboost_residual,hko_pre_target_evening_temp_c,0.2466983320487792,fold4_2020_2021
M3_catboost_residual,urban_core_mean_minus_coastal_marine_mean_c,0.2314514509857315,fold4_2020_2021
M3_catboost_residual,station_wong_chuk_hang_latest_minus_hko_c,0.22803886826465847,fold4_2020_2021
M3_catboost_residual,coastal_marine_mean_minus_hko_c,0.2273708384019954,fold4_2020_2021
M3_catboost_residual,official_min_c,0.22497769438668272,fold4_2020_2021
M3_catboost_residual,station_lau_fau_shan_latest_minus_hko_c,0.20789534431597326,fold4_2020_2021
M3_catboost_residual,hko_temp_trend_6h_c,0.20639689647266915,fold4_2020_2021
M3_catboost_residual,network_latest_valid_count,0.20369465633960013,fold4_2020_2021
M3_catboost_residual,hko_temp_mean_24h_minus_doy_clim_c,0.20218722021289415,fold4_2020_2021
M3_catboost_residual,rev_path_std_c,0.1990857010740371,fold4_2020_2021
M3_catboost_residual,target_lag365_tmax_c,0.19694248698135966,fold4_2020_2021
M3_catboost_residual,post_2010_flag,0.1938165479698488,fold4_2020_2021
M3_catboost_residual,rev_path_max_c,0.19170479924221254,fold4_2020_2021
M3_catboost_residual,inland_minus_coastal_trend_6h_c,0.18970580525620018,fold4_2020_2021
M3_catboost_residual,network_spread_max_6h_c,0.1889707774935103,fold4_2020_2021
M3_catboost_residual,inland_nt_mean_minus_coastal_marine_mean_c,0.18402239530739994,fold4_2020_2021
M3_catboost_residual,target_roll60_mean_lag2_c,0.1773549642707888,fold4_2020_2021
M3_catboost_residual,fcst_flag_heavy_showers,0.1732228410293584,fold4_2020_2021
M3_catboost_residual,coastal_marine_latest_mean_c,0.17023295463697968,fold4_2020_2021
M3_catboost_residual,rev_latest_minus_first_max_c,0.1683132497671821,fold4_2020_2021
M3_catboost_residual,official_max_round_c,0.16486793050310225,fold4_2020_2021
M3_catboost_residual,coastal_marine_latest_max_minus_hko_c,0.16087155348369903,fold4_2020_2021
M3_catboost_residual,inland_nt_latest_mean_minus_hko_c,0.1574613681902363,fold4_2020_2021
M3_catboost_residual,hko_rh_mean_24h_pct,0.1547377312391161,fold4_2020_2021
M3_catboost_residual,hko_rh_trend_6h_pct,0.15430881845678035,fold4_2020_2021
M3_catboost_residual,hourly_lightning_text_count_24h,0.15278012780498273,fold4_2020_2021
M3_catboost_residual,target_clim_doy_30yr_median_c,0.15053864991970062,fold4_2020_2021
M3_catboost_residual,station_sha_tin_latest_minus_hko_c,0.1497717409955263,fold4_2020_2021
M3_catboost_residual,inland_heat_index_x_warm_season,0.14738907863886855,fold4_2020_2021
M3_catboost_residual,network_latest_hko_minus_mean_c,0.14527125726092877,fold4_2020_2021
M3_catboost_residual,network_spread_max_24h_c,0.14334379815632972,fold4_2020_2021
M3_catboost_residual,station_shek_kong_latest_minus_hko_c,0.14012435184126415,fold4_2020_2021
M3_catboost_residual,hko_dispatch_count_24h,0.14011672535230263,fold4_2020_2021
M3_catboost_residual,station_sha_tin_latest_temp_c,0.13847031162897297,fold4_2020_2021
M3_catboost_residual,target_lag14_tmax_c,0.13554205362747965,fold4_2020_2021
M3_catboost_residual,station_hong_kong_park_latest_temp_c,0.13511383177330497,fold4_2020_2021
M3_catboost_residual,rev_num_same_moves,0.13098553197887675,fold4_2020_2021
M3_catboost_residual,hko_temp_trend_1h_c,0.13061101626566218,fold4_2020_2021
M3_catboost_residual,rev_issue_span_hours,0.1291291848784946,fold4_2020_2021
M3_catboost_residual,station_tseung_kwan_o_latest_temp_c,0.12587886509717663,fold4_2020_2021
M3_catboost_residual,inland_nt_latest_missing_fraction,0.12136366783069565,fold4_2020_2021
M3_catboost_residual,target_lag7_tmax_c,0.12121684286577397,fold4_2020_2021
M3_catboost_residual,inland_coastal_spread_6h_max_c,0.11775283939583002,fold4_2020_2021
M3_catboost_residual,hko_latest_temp_c,0.1160389684661006,fold4_2020_2021
M3_catboost_residual,hko_evening_cooling_18_to_cutoff_c,0.11481932185204188,fold4_2020_2021
M3_catboost_residual,urban_hko_alignment_c,0.11004186228936229,fold4_2020_2021
M3_catboost_residual,hourly_lightning_text_count_6h,0.1084585038392115,fold4_2020_2021
M3_catboost_residual,station_tsing_yi_latest_minus_hko_c,0.09974642169973712,fold4_2020_2021
M3_catboost_residual,hko_temp_trend_3h_c,0.09973132434061824,fold4_2020_2021
M3_catboost_residual,hko_pre_target_morning_mean_c,0.0931143586376878,fold4_2020_2021
M3_catboost_residual,hko_latest_age_minutes,0.09122184152235752,fold4_2020_2021
M3_catboost_residual,rev_count,0.08648023326777814,fold4_2020_2021
M3_catboost_residual,target_clim_doy_10yr_median_c,0.08606583791923478,fold4_2020_2021
M3_catboost_residual,network_latest_temp_mean_c,0.07518263185241852,fold4_2020_2021
M3_catboost_residual,station_tsing_yi_latest_temp_c,0.07463343590992783,fold4_2020_2021
M3_catboost_residual,issue_minute_hkt,0.0714124305219374,fold4_2020_2021
M3_catboost_residual,target_roll14_max_lag2_c,0.055981172096584896,fold4_2020_2021
M3_catboost_residual,west_nw_nt_latest_mean_minus_hko_c,0.05196503901864483,fold4_2020_2021
M3_catboost_residual,target_roll365_mean_lag2_c,0.04949337842475067,fold4_2020_2021
M3_catboost_residual,fcst_flag_nt_higher,0.04873944394294278,fold4_2020_2021
M3_catboost_residual,hko_temp_mean_6h_c,0.04569373961627715,fold4_2020_2021
M3_catboost_residual,urban_core_mean_minus_hko_c,0.0437508689229065,fold4_2020_2021
M3_catboost_residual,west_nw_nt_latest_mean_c,0.024570121779033574,fold4_2020_2021
M3_catboost_residual,station_missing_count_max_24h,0.02303833066245532,fold4_2020_2021
M3_catboost_residual,hko_temp_range_24h_c,0.0,fold4_2020_2021
M3_catboost_residual,target_roll7_max_lag2_c,0.0,fold4_2020_2021
M3_catboost_residual,target_roll_7_insufficient_count_flag,0.0,fold4_2020_2021
M3_catboost_residual,rev_num_down_moves,0.0,fold4_2020_2021
M3_catboost_residual,rev_latest3_all_same_flag,0.0,fold4_2020_2021
M3_catboost_residual,hko_afternoon_warmup_09_to_15_c_missing_flag,0.0,fold4_2020_2021
M3_catboost_residual,hko_station_rank_pct,0.0,fold4_2020_2021
M3_catboost_residual,network_latest_temp_max_c,0.0,fold4_2020_2021
M3_catboost_residual,network_latest_missing_count,0.0,fold4_2020_2021
M3_catboost_residual,hko_pre_target_evening_temp_c_missing_flag,0.0,fold4_2020_2021
M3_catboost_residual,hko_evening_cooling_18_to_cutoff_c_missing_flag,0.0,fold4_2020_2021
M3_catboost_residual,hko_pre_target_afternoon_max_sofar_c_missing_flag,0.0,fold4_2020_2021
M3_catboost_residual,hko_pre_target_morning_mean_c_missing_flag,0.0,fold4_2020_2021
M3_catboost_residual,hko_partial_parse_count_24h,0.0,fold4_2020_2021
M3_catboost_residual,hko_pre_target_overnight_min_c_missing_flag,0.0,fold4_2020_2021
M3_catboost_residual,station_missing_count_latest,0.0,fold4_2020_2021
M3_catboost_residual,hko_temp_min_24h_c,0.0,fold4_2020_2021
M3_catboost_residual,hko_temp_max_24h_c,0.0,fold4_2020_2021
M3_catboost_residual,hko_trend_12h_missing_flag,0.0,fold4_2020_2021
M3_catboost_residual,hko_rh_trend_3h_pct,0.0,fold4_2020_2021
M3_catboost_residual,hko_dewpoint_missing_flag,0.0,fold4_2020_2021
M3_catboost_residual,hko_trend_3h_missing_flag,0.0,fold4_2020_2021
M3_catboost_residual,hko_trend_6h_missing_flag,0.0,fold4_2020_2021
M3_catboost_residual,hko_rh_missing_flag,0.0,fold4_2020_2021
M3_catboost_residual,hko_trend_1h_missing_flag,0.0,fold4_2020_2021
M3_catboost_residual,target_roll_14_insufficient_count_flag,0.0,fold4_2020_2021
M3_catboost_residual,hko_latest_dewpoint_c,0.0,fold4_2020_2021
M3_catboost_residual,hko_latest_age_gt_90min_flag,0.0,fold4_2020_2021
M3_catboost_residual,hko_latest_observation_hour_hkt,0.0,fold4_2020_2021
M3_catboost_residual,hko_target_station_present_latest_flag,0.0,fold4_2020_2021
M3_catboost_residual,hko_target_station_missing_flag,0.0,fold4_2020_2021
M3_catboost_residual,post_2018_flag,0.0,fold4_2020_2021
M3_catboost_residual,rev_latest_minus_prev_max_c,0.0,fold4_2020_2021
M3_catboost_residual,hot_season_flag,0.0,fold4_2020_2021
M3_catboost_residual,target_modern_warming_signal_c,0.0,fold4_2020_2021
M3_catboost_residual,shoulder_season_flag,0.0,fold4_2020_2021
M3_catboost_residual,typhoon_season_flag,0.0,fold4_2020_2021
M3_catboost_residual,target_cool_spell_16_lag2_days,0.0,fold4_2020_2021
M3_catboost_residual,target_clim_doy_all_past_median_c,0.0,fold4_2020_2021
M3_catboost_residual,issue_age_minutes,0.0,fold4_2020_2021
M3_catboost_residual,lead_seconds_to_target_start,0.0,fold4_2020_2021
M3_catboost_residual,forecast_anchor_tie_flag,0.0,fold4_2020_2021
M3_catboost_residual,latest_issue_is_after_23_flag,0.0,fold4_2020_2021
M3_catboost_residual,target_clim_month_10yr_mean_c,0.0,fold4_2020_2021
M3_catboost_residual,target_clim_month_30yr_mean_c,0.0,fold4_2020_2021
M3_catboost_residual,issue_hour_hkt,0.0,fold4_2020_2021
M3_catboost_residual,issue_hour_bucket,0.0,fold4_2020_2021
M3_catboost_residual,rev_very_hot_added_latest,0.0,fold4_2020_2021
M3_catboost_residual,rev_showers_added_latest,0.0,fold4_2020_2021
M3_catboost_residual,rev_thunderstorm_added_latest,0.0,fold4_2020_2021
M3_catboost_residual,fcst_flag_southerly,0.0,fold4_2020_2021
M3_catboost_residual,west_nw_nt_mean_minus_coastal_marine_mean_c,0.0,fold4_2020_2021
M3_catboost_residual,inland_nt_latest_max_minus_hko_c,0.0,fold4_2020_2021
M3_catboost_residual,west_nw_nt_latest_max_minus_hko_c,0.0,fold4_2020_2021
M3_catboost_residual,station_group_west_nw_nt_insufficient_count_flag,0.0,fold4_2020_2021
M3_catboost_residual,station_group_inland_nt_insufficient_count_flag,0.0,fold4_2020_2021
M3_catboost_residual,coastal_marine_latest_max_c,0.0,fold4_2020_2021
M3_catboost_residual,coastal_marine_latest_mean_minus_hko_c,0.0,fold4_2020_2021
M3_catboost_residual,coastal_marine_latest_missing_fraction,0.0,fold4_2020_2021
M3_catboost_residual,station_group_coastal_marine_insufficient_count_flag,0.0,fold4_2020_2021
M3_catboost_residual,inland_nt_latest_mean_c,0.0,fold4_2020_2021
M3_catboost_residual,inland_nt_latest_max_c,0.0,fold4_2020_2021
M3_catboost_residual,inland_nt_latest_count,0.0,fold4_2020_2021
M3_catboost_residual,urban_core_latest_missing_fraction,0.0,fold4_2020_2021
M3_catboost_residual,urban_core_latest_mean_minus_hko_c,0.0,fold4_2020_2021
M3_catboost_residual,station_group_urban_core_insufficient_count_flag,0.0,fold4_2020_2021
M3_catboost_residual,urban_core_latest_max_minus_hko_c,0.0,fold4_2020_2021
M3_catboost_residual,urban_core_latest_count,0.0,fold4_2020_2021
M3_catboost_residual,coastal_marine_latest_count,0.0,fold4_2020_2021
M3_catboost_residual,rev_first_issue_hour_hkt,0.0,fold4_2020_2021
M3_catboost_residual,rev_path_range_c,0.0,fold4_2020_2021
M3_catboost_residual,rev_last_issue_hour_hkt,0.0,fold4_2020_2021
M3_catboost_residual,rev_latest_minus_prev_min_c,0.0,fold4_2020_2021
M3_catboost_residual,fcst_flag_showers,0.0,fold4_2020_2021
M3_catboost_residual,network_latest_hko_percentile,0.0,fold4_2020_2021
M3_catboost_residual,network_latest_valid_fraction,0.0,fold4_2020_2021
M3_catboost_residual,network_outlier_any_flag_24h,0.0,fold4_2020_2021
M3_catboost_residual,station_json_empty_latest_flag,0.0,fold4_2020_2021
M3_catboost_residual,station_kings_park_missing_flag,0.0,fold4_2020_2021
M3_catboost_residual,station_ta_kwu_ling_latest_minus_hko_c,0.0,fold4_2020_2021
M3_catboost_residual,station_ta_kwu_ling_latest_temp_c,0.0,fold4_2020_2021
M3_catboost_residual,station_sha_tin_outlier_flag,0.0,fold4_2020_2021
M3_catboost_residual,station_sha_tin_missing_flag,0.0,fold4_2020_2021
M3_catboost_residual,station_cheung_chau_missing_flag,0.0,fold4_2020_2021
M3_catboost_residual,station_cheung_chau_outlier_flag,0.0,fold4_2020_2021
M3_catboost_residual,station_cheung_chau_latest_temp_c,0.0,fold4_2020_2021
M3_catboost_residual,station_cheung_chau_latest_minus_hko_c,0.0,fold4_2020_2021
M3_catboost_residual,station_hong_kong_park_outlier_flag,0.0,fold4_2020_2021
M3_catboost_residual,station_hong_kong_park_missing_flag,0.0,fold4_2020_2021
M3_catboost_residual,station_chek_lap_kok_outlier_flag,0.0,fold4_2020_2021
M3_catboost_residual,station_chek_lap_kok_missing_flag,0.0,fold4_2020_2021
M3_catboost_residual,station_lau_fau_shan_missing_flag,0.0,fold4_2020_2021
M3_catboost_residual,station_lau_fau_shan_outlier_flag,0.0,fold4_2020_2021
M3_catboost_residual,station_ta_kwu_ling_outlier_flag,0.0,fold4_2020_2021
M3_catboost_residual,station_ta_kwu_ling_missing_flag,0.0,fold4_2020_2021
M3_catboost_residual,station_shek_kong_missing_flag,0.0,fold4_2020_2021
M3_catboost_residual,station_shek_kong_latest_temp_c,0.0,fold4_2020_2021
M3_catboost_residual,station_wong_chuk_hang_outlier_flag,0.0,fold4_2020_2021
M3_catboost_residual,station_wong_chuk_hang_missing_flag,0.0,fold4_2020_2021
M3_catboost_residual,station_sai_kung_missing_flag,0.0,fold4_2020_2021
M3_catboost_residual,station_kings_park_latest_minus_hko_c,0.0,fold4_2020_2021
M3_catboost_residual,station_kings_park_latest_temp_c,0.0,fold4_2020_2021
M3_catboost_residual,station_kings_park_outlier_flag,0.0,fold4_2020_2021
M3_catboost_residual,hourly_latest_missing_flag,0.0,fold4_2020_2021
M3_catboost_residual,forecast_full_text_missing_flag,0.0,fold4_2020_2021
M3_catboost_residual,forecast_single_issue_flag,0.0,fold4_2020_2021
M3_catboost_residual,forecast_revision_missing_prev_flag,0.0,fold4_2020_2021
M3_catboost_residual,eligible_forecast_count,0.0,fold4_2020_2021
M3_catboost_residual,rev_cloudy_added_latest,0.0,fold4_2020_2021
M3_catboost_residual,rev_text_regime_changed_latest,0.0,fold4_2020_2021
M3_catboost_residual,rev_bright_periods_added_latest,0.0,fold4_2020_2021
M3_catboost_residual,hourly_any_rainstorm_warning_6h,0.0,fold4_2020_2021
M3_catboost_residual,network_spatial_heterogeneity_flag,0.0,fold4_2020_2021
M3_catboost_residual,station_tseung_kwan_o_missing_flag,0.0,fold4_2020_2021
M3_catboost_residual,station_shek_kong_outlier_flag,0.0,fold4_2020_2021
M3_catboost_residual,station_tsing_yi_missing_flag,0.0,fold4_2020_2021
M3_catboost_residual,station_tsing_yi_outlier_flag,0.0,fold4_2020_2021
M3_catboost_residual,station_tseung_kwan_o_outlier_flag,0.0,fold4_2020_2021
M3_catboost_residual,station_lau_fau_shan_latest_temp_c,0.0,fold4_2020_2021
M3_catboost_residual,station_sai_kung_latest_minus_hko_c,0.0,fold4_2020_2021
M3_catboost_residual,station_sai_kung_latest_temp_c,0.0,fold4_2020_2021
M3_catboost_residual,station_sai_kung_outlier_flag,0.0,fold4_2020_2021
M3_catboost_residual,hourly_any_rainstorm_warning_24h,0.0,fold4_2020_2021
M3_catboost_residual,hourly_any_thunderstorm_warning_24h,0.0,fold4_2020_2021
M3_catboost_residual,hourly_any_amber_rainstorm_6h,0.0,fold4_2020_2021
M3_catboost_residual,hourly_any_very_hot_warning_6h,0.0,fold4_2020_2021
M3_catboost_residual,hourly_any_red_black_rainstorm_6h,0.0,fold4_2020_2021
M3_catboost_residual,hourly_any_lightning_text_24h,0.0,fold4_2020_2021
M3_catboost_residual,hourly_any_tropical_cyclone_text_24h,0.0,fold4_2020_2021
M3_catboost_residual,hourly_any_strong_monsoon_24h,0.0,fold4_2020_2021
M3_catboost_residual,hourly_any_very_hot_warning_24h,0.0,fold4_2020_2021
M3_catboost_residual,hourly_rainfall_text_count_24h,0.0,fold4_2020_2021
M3_catboost_residual,hourly_any_rainfall_text_24h,0.0,fold4_2020_2021
M3_catboost_residual,hourly_text_block_present_24h,0.0,fold4_2020_2021
M3_catboost_residual,hourly_warning_text_count_24h,0.0,fold4_2020_2021
M3_catboost_residual,tc_name_present_latest_flag,0.0,fold4_2020_2021
M3_catboost_residual,hours_since_latest_tropical_cyclone_text,0.0,fold4_2020_2021
M3_catboost_residual,hourly_any_amber_rainstorm_24h,0.0,fold4_2020_2021
M3_catboost_residual,hourly_any_red_black_rainstorm_24h,0.0,fold4_2020_2021
M3_catboost_residual,hourly_any_strong_monsoon_6h,0.0,fold4_2020_2021
M3_catboost_residual,hourly_any_tropical_cyclone_text_6h,0.0,fold4_2020_2021
M3_catboost_residual,hourly_any_lightning_text_6h,0.0,fold4_2020_2021
M3_catboost_residual,hourly_text_block_present_6h,0.0,fold4_2020_2021
M3_catboost_residual,tc_distance_missing_flag,0.0,fold4_2020_2021
M3_catboost_residual,tc_lat_latest,0.0,fold4_2020_2021
M3_catboost_residual,tc_lon_latest,0.0,fold4_2020_2021
M3_catboost_residual,tc_bearing_sin_latest,0.0,fold4_2020_2021
M3_catboost_residual,tc_position_present_latest_flag,0.0,fold4_2020_2021
M3_catboost_residual,hours_since_latest_lightning_text,0.0,fold4_2020_2021
M3_catboost_residual,fcst_flag_squally,0.0,fold4_2020_2021
M3_catboost_residual,fcst_flag_bright_periods,0.0,fold4_2020_2021
M3_catboost_residual,fcst_flag_monsoon,0.0,fold4_2020_2021
M3_catboost_residual,fcst_flag_tropical_cyclone,0.0,fold4_2020_2021
M3_catboost_residual,target_lag_2_missing_flag,0.0,fold4_2020_2021
M3_catboost_residual,fcst_flag_active_southerly,0.0,fold4_2020_2021
M3_catboost_residual,fcst_flag_hot,0.0,fold4_2020_2021
M3_catboost_residual,fcst_flag_mist_fog,0.0,fold4_2020_2021
M3_catboost_residual,fcst_flag_cloudy,0.0,fold4_2020_2021
M3_catboost_residual,fcst_flag_very_hot,0.0,fold4_2020_2021
M3_catboost_residual,target_lag30_tmax_c,0.0,fold4_2020_2021
M3_catboost_residual,target_lag_14_missing_flag,0.0,fold4_2020_2021
M3_catboost_residual,target_lag_7_missing_flag,0.0,fold4_2020_2021
M3_catboost_residual,target_lag_3_missing_flag,0.0,fold4_2020_2021
M3_catboost_residual,doy_cos,0.0,fold4_2020_2021
M3_catboost_residual,target_lag_30_missing_flag,0.0,fold4_2020_2021
M3_catboost_residual,target_lag_60_missing_flag,0.0,fold4_2020_2021
M3_catboost_residual,target_lag_365_missing_flag,0.0,fold4_2020_2021
M3_catboost_residual,target_roll_30_insufficient_count_flag,0.0,fold4_2020_2021
M3_catboost_residual,cool_season_flag,0.0,fold4_2020_2021
M3_catboost_residual,warm_season_flag,0.0,fold4_2020_2021
M3_catboost_residual,target_roll_60_insufficient_count_flag,0.0,fold4_2020_2021
M3_catboost_residual,target_roll_365_insufficient_count_flag,0.0,fold4_2020_2021
M3_catboost_residual,official_max_bin,0.0,fold4_2020_2021
M3_catboost_residual,official_range_bin,0.0,fold4_2020_2021
M3_catboost_residual,target_very_hot_spell_34_lag2_days,0.0,fold4_2020_2021
M3_catboost_residual,hko_latest_temp_minus_official_max_c,10.731917737428033,presealed_holdout_2022_2023
M3_catboost_residual,hko_temp_trend_12h_c,5.5402609142463675,presealed_holdout_2022_2023
M3_catboost_residual,hko_evening_temp_minus_official_min_c,4.744083078981664,presealed_holdout_2022_2023
M3_catboost_residual,network_spread_mean_6h_c,4.086658636381875,presealed_holdout_2022_2023
M3_catboost_residual,network_mean_trend_6h_c,3.620765893942535,presealed_holdout_2022_2023
M3_catboost_residual,hko_latest_temp_minus_official_min_c,3.5786989864104055,presealed_holdout_2022_2023
M3_catboost_residual,network_latest_temp_spread_c,2.8150064226268845,presealed_holdout_2022_2023
M3_catboost_residual,nt_heat_ceiling_index_c,2.7410734983050284,presealed_holdout_2022_2023
M3_catboost_residual,target_lag2_tmax_c,2.5753505616269194,presealed_holdout_2022_2023
M3_catboost_residual,official_max_minus_month_clim10_c,1.9375982522849642,presealed_holdout_2022_2023
M3_catboost_residual,hko_pre_target_afternoon_max_minus_official_max_c,1.9318741899834455,presealed_holdout_2022_2023
M3_catboost_residual,rev_latest_minus_first_min_c,1.8309467261375498,presealed_holdout_2022_2023
M3_catboost_residual,network_spread_max_6h_c,1.7517896055048408,presealed_holdout_2022_2023
M3_catboost_residual,trend_years_since_2000,1.6507388606237543,presealed_holdout_2022_2023
M3_catboost_residual,fcst_flag_fine,1.579949001964192,presealed_holdout_2022_2023
M3_catboost_residual,target_hot_spell_33_lag2_days,1.425485641354354,presealed_holdout_2022_2023
M3_catboost_residual,fcst_flag_thunderstorm,1.4145139920783913,presealed_holdout_2022_2023
M3_catboost_residual,fcst_flag_easterly_ne,1.2648870103624232,presealed_holdout_2022_2023
M3_catboost_residual,target_lag60_tmax_c,1.2557743166427762,presealed_holdout_2022_2023
M3_catboost_residual,urban_core_mean_minus_coastal_marine_mean_c,1.2398792099627423,presealed_holdout_2022_2023
M3_catboost_residual,station_tseung_kwan_o_latest_temp_c,1.2021480326485907,presealed_holdout_2022_2023
M3_catboost_residual,target_roll30_anomaly_lag2_c,1.196773663253057,presealed_holdout_2022_2023
M3_catboost_residual,hko_afternoon_warmup_09_to_15_c,1.127594857749496,presealed_holdout_2022_2023
M3_catboost_residual,rev_prev_max_c,1.1035687554525382,presealed_holdout_2022_2023
M3_catboost_residual,official_max_minus_doy_clim30_c,1.031918279857773,presealed_holdout_2022_2023
M3_catboost_residual,target_history_max_source_date,0.9916471879888042,presealed_holdout_2022_2023
M3_catboost_residual,rev_range_path_std_c,0.9887274855452188,presealed_holdout_2022_2023
M3_catboost_residual,hourly_warning_text_count_24h,0.9231404508648624,presealed_holdout_2022_2023
M3_catboost_residual,hours_since_latest_rainfall_text,0.9173827696519371,presealed_holdout_2022_2023
M3_catboost_residual,target_lag30_tmax_c,0.8678981085611606,presealed_holdout_2022_2023
M3_catboost_residual,target_lag3_tmax_c,0.8465577452151258,presealed_holdout_2022_2023
M3_catboost_residual,hko_temp_mean_24h_minus_doy_clim_c,0.8449929135359809,presealed_holdout_2022_2023
M3_catboost_residual,month,0.7811958223428551,presealed_holdout_2022_2023
M3_catboost_residual,hours_since_latest_warning_text,0.7547157848097519,presealed_holdout_2022_2023
M3_catboost_residual,target_lag2_minus_doy30_clim_c,0.748614957728879,presealed_holdout_2022_2023
M3_catboost_residual,hko_latest_dewpoint_depression_c,0.6994128634443327,presealed_holdout_2022_2023
M3_catboost_residual,station_tseung_kwan_o_latest_minus_hko_c,0.6947314381004569,presealed_holdout_2022_2023
M3_catboost_residual,target_lag14_tmax_c,0.6886318402665846,presealed_holdout_2022_2023
M3_catboost_residual,official_range_c,0.6673802620938154,presealed_holdout_2022_2023
M3_catboost_residual,target_roll30_minus_doy30_clim_c,0.5866262425254555,presealed_holdout_2022_2023
M3_catboost_residual,rev_path_max_c,0.5859574287093096,presealed_holdout_2022_2023
M3_catboost_residual,rev_last_change_age_hours,0.5656389014100598,presealed_holdout_2022_2023
M3_catboost_residual,target_roll7_mean_lag2_c,0.532716119750836,presealed_holdout_2022_2023
M3_catboost_residual,coastal_marine_latest_mean_minus_hko_c,0.5322999989043352,presealed_holdout_2022_2023
M3_catboost_residual,network_spread_max_24h_c,0.5310518907007442,presealed_holdout_2022_2023
M3_catboost_residual,west_nw_nt_mean_minus_coastal_marine_mean_c,0.5201066237847773,presealed_holdout_2022_2023
M3_catboost_residual,target_roll30_mean_lag2_c,0.5180192791138745,presealed_holdout_2022_2023
M3_catboost_residual,hourly_text_block_present_6h,0.49763213797152306,presealed_holdout_2022_2023
M3_catboost_residual,hko_temp_mean_6h_c,0.4959506827024977,presealed_holdout_2022_2023
M3_catboost_residual,hko_pre_target_overnight_min_c,0.4952433823302661,presealed_holdout_2022_2023
M3_catboost_residual,target_roll7_minus_roll30_c,0.45747506622379236,presealed_holdout_2022_2023
M3_catboost_residual,inland_nt_latest_mean_minus_hko_c,0.45744397679065085,presealed_holdout_2022_2023
M3_catboost_residual,west_nw_nt_latest_mean_minus_hko_c,0.4195618804994987,presealed_holdout_2022_2023
M3_catboost_residual,hko_latest_dewpoint_c,0.41637140537618844,presealed_holdout_2022_2023
M3_catboost_residual,rev_first_max_c,0.4073156736860646,presealed_holdout_2022_2023
M3_catboost_residual,hko_rh_trend_6h_pct,0.40558300735870706,presealed_holdout_2022_2023
M3_catboost_residual,target_clim_month_10yr_std_c,0.4007389470776059,presealed_holdout_2022_2023
M3_catboost_residual,inland_nt_latest_mean_c,0.3857019031811294,presealed_holdout_2022_2023
M3_catboost_residual,west_nw_nt_latest_missing_fraction,0.3795552075320961,presealed_holdout_2022_2023
M3_catboost_residual,doy_sin,0.3690710529523014,presealed_holdout_2022_2023
M3_catboost_residual,network_latest_valid_count,0.36299235955904813,presealed_holdout_2022_2023
M3_catboost_residual,hko_temp_max_24h_c,0.3433096128248447,presealed_holdout_2022_2023
M3_catboost_residual,station_sha_tin_latest_temp_c,0.3431950790823895,presealed_holdout_2022_2023
M3_catboost_residual,day_of_year,0.32889648347527767,presealed_holdout_2022_2023
M3_catboost_residual,inland_minus_coastal_trend_6h_c,0.3151492042169262,presealed_holdout_2022_2023
M3_catboost_residual,station_cheung_chau_latest_minus_hko_c,0.30852370691087,presealed_holdout_2022_2023
M3_catboost_residual,inland_nt_max_minus_urban_core_mean_c,0.30665884748674666,presealed_holdout_2022_2023
M3_catboost_residual,station_lau_fau_shan_latest_temp_c,0.3034373938738068,presealed_holdout_2022_2023
M3_catboost_residual,rev_last3_slope_c_per_hour,0.3004059133662351,presealed_holdout_2022_2023
M3_catboost_residual,hko_latest_rh_pct,0.29170824941665124,presealed_holdout_2022_2023
M3_catboost_residual,rev_num_up_moves,0.27524342798257806,presealed_holdout_2022_2023
M3_catboost_residual,hko_temp_mean_12h_c,0.2707491671071402,presealed_holdout_2022_2023
M3_catboost_residual,station_ta_kwu_ling_latest_minus_hko_c,0.2672418157708754,presealed_holdout_2022_2023
M3_catboost_residual,coastal_marine_latest_max_c,0.2646727777729679,presealed_holdout_2022_2023
M3_catboost_residual,inland_nt_mean_minus_coastal_marine_mean_c,0.26418624134099294,presealed_holdout_2022_2023
M3_catboost_residual,hko_rh_mean_12h_pct,0.24863688368818193,presealed_holdout_2022_2023
M3_catboost_residual,hko_temp_trend_6h_c,0.24551770440555104,presealed_holdout_2022_2023
M3_catboost_residual,target_roll14_max_lag2_c,0.24306460701686017,presealed_holdout_2022_2023
M3_catboost_residual,target_lag365_tmax_c,0.24171969002640978,presealed_holdout_2022_2023
M3_catboost_residual,rev_range_latest_minus_prev_c,0.22979731303016496,presealed_holdout_2022_2023
M3_catboost_residual,hko_temp_range_24h_c,0.22925105996731673,presealed_holdout_2022_2023
M3_catboost_residual,station_wong_chuk_hang_latest_minus_hko_c,0.21616398837299924,presealed_holdout_2022_2023
M3_catboost_residual,west_nw_nt_latest_count,0.2143674039806382,presealed_holdout_2022_2023
M3_catboost_residual,hko_latest_temp_c,0.21129071681600692,presealed_holdout_2022_2023
M3_catboost_residual,hourly_any_thunderstorm_warning_6h,0.2112484895668788,presealed_holdout_2022_2023
M3_catboost_residual,rev_latest_minus_first_max_c,0.20428060444520846,presealed_holdout_2022_2023
M3_catboost_residual,hko_rh_trend_3h_pct,0.19586647898947243,presealed_holdout_2022_2023
M3_catboost_residual,target_roll7_max_lag2_c,0.19564942373780217,presealed_holdout_2022_2023
M3_catboost_residual,urban_heat_index_c,0.19320087664623023,presealed_holdout_2022_2023
M3_catboost_residual,hourly_rainfall_text_count_6h,0.19068981305930083,presealed_holdout_2022_2023
M3_catboost_residual,rev_latest3_all_same_flag,0.1906146870359749,presealed_holdout_2022_2023
M3_catboost_residual,official_midpoint_c,0.19036925825168158,presealed_holdout_2022_2023
M3_catboost_residual,rev_issue_span_hours,0.19025567397602752,presealed_holdout_2022_2023
M3_catboost_residual,inland_heat_index_c,0.18742176717862777,presealed_holdout_2022_2023
M3_catboost_residual,station_tsing_yi_latest_temp_c,0.18567957898210466,presealed_holdout_2022_2023
M3_catboost_residual,tc_bearing_cos_latest,0.18550664682011794,presealed_holdout_2022_2023
M3_catboost_residual,urban_core_latest_missing_fraction,0.18371368399598523,presealed_holdout_2022_2023
M3_catboost_residual,fcst_flag_cloudy,0.1822347846249976,presealed_holdout_2022_2023
M3_catboost_residual,hko_latest_temp_minus_doy_hour_clim_c,0.17736504966793815,presealed_holdout_2022_2023
M3_catboost_residual,west_nw_nt_latest_mean_c,0.17617522648100956,presealed_holdout_2022_2023
M3_catboost_residual,hourly_any_rainfall_text_6h,0.1755607782473466,presealed_holdout_2022_2023
M3_catboost_residual,urban_core_latest_max_minus_hko_c,0.17550576550464753,presealed_holdout_2022_2023
M3_catboost_residual,hko_rh_mean_6h_pct,0.17431311170592512,presealed_holdout_2022_2023
M3_catboost_residual,network_latest_hko_minus_mean_c,0.16623707493930404,presealed_holdout_2022_2023
M3_catboost_residual,inland_nt_latest_max_minus_hko_c,0.16405960150017443,presealed_holdout_2022_2023
M3_catboost_residual,hko_pre_target_afternoon_max_sofar_c,0.16188027822046233,presealed_holdout_2022_2023
M3_catboost_residual,coastal_marine_mean_minus_hko_c,0.1612001645481537,presealed_holdout_2022_2023
M3_catboost_residual,hko_latest_age_minutes,0.1579117991783335,presealed_holdout_2022_2023
M3_catboost_residual,official_max_round_c,0.1537300933647999,presealed_holdout_2022_2023
M3_catboost_residual,hourly_rainfall_text_count_24h,0.15215398189099208,presealed_holdout_2022_2023
M3_catboost_residual,station_ta_kwu_ling_latest_temp_c,0.14612912486312624,presealed_holdout_2022_2023
M3_catboost_residual,rev_path_min_c,0.145665754908786,presealed_holdout_2022_2023
M3_catboost_residual,target_roll365_mean_lag2_c,0.1443264875290452,presealed_holdout_2022_2023
M3_catboost_residual,station_chek_lap_kok_latest_minus_hko_c,0.1409766206206917,presealed_holdout_2022_2023
M3_catboost_residual,hko_temp_min_24h_c,0.14095621148079718,presealed_holdout_2022_2023
M3_catboost_residual,urban_core_mean_minus_hko_c,0.13776325398474473,presealed_holdout_2022_2023
M3_catboost_residual,network_spread_x_thunderstorm_flag,0.1346217620742831,presealed_holdout_2022_2023
M3_catboost_residual,coastal_marine_latest_count,0.13243850941995405,presealed_holdout_2022_2023
M3_catboost_residual,inland_nt_latest_missing_fraction,0.12487072035908013,presealed_holdout_2022_2023
M3_catboost_residual,official_midpoint_minus_doy_clim30_c,0.12483840645021768,presealed_holdout_2022_2023
M3_catboost_residual,station_cheung_chau_latest_temp_c,0.12470141607493303,presealed_holdout_2022_2023
M3_catboost_residual,tc_lat_latest,0.12233702735790243,presealed_holdout_2022_2023
M3_catboost_residual,urban_core_latest_mean_minus_hko_c,0.11802875902779283,presealed_holdout_2022_2023
M3_catboost_residual,network_latest_temp_mean_c,0.11008430025599227,presealed_holdout_2022_2023
M3_catboost_residual,target_modern_warming_signal_c,0.10678266463355941,presealed_holdout_2022_2023
M3_catboost_residual,hko_temp_trend_1h_c,0.1062528714757182,presealed_holdout_2022_2023
M3_catboost_residual,official_max_c,0.10533275511266979,presealed_holdout_2022_2023
M3_catboost_residual,station_tsing_yi_latest_minus_hko_c,0.10434084336403719,presealed_holdout_2022_2023
M3_catboost_residual,station_lau_fau_shan_latest_minus_hko_c,0.10109791845657254,presealed_holdout_2022_2023
M3_catboost_residual,fcst_flag_nt_higher,0.09800265837398005,presealed_holdout_2022_2023
M3_catboost_residual,rev_path_std_c,0.09611762388589298,presealed_holdout_2022_2023
M3_catboost_residual,station_sai_kung_latest_minus_hko_c,0.0913337993118013,presealed_holdout_2022_2023
M3_catboost_residual,inland_nt_latest_count,0.09045062497372933,presealed_holdout_2022_2023
M3_catboost_residual,post_2010_flag,0.08973085755895306,presealed_holdout_2022_2023
M3_catboost_residual,network_latest_max_minus_hko_c,0.08950011289206973,presealed_holdout_2022_2023
M3_catboost_residual,official_min_c,0.08912156614229028,presealed_holdout_2022_2023
M3_catboost_residual,target_clim_month_10yr_mean_c,0.08756604615547188,presealed_holdout_2022_2023
M3_catboost_residual,tc_bearing_sin_latest,0.08599164292224362,presealed_holdout_2022_2023
M3_catboost_residual,station_missing_count_latest,0.08219476507467671,presealed_holdout_2022_2023
M3_catboost_residual,network_latest_valid_fraction,0.08154936063691486,presealed_holdout_2022_2023
M3_catboost_residual,rev_num_same_moves,0.08104373627182573,presealed_holdout_2022_2023
M3_catboost_residual,target_clim_doy_all_past_median_c,0.07667066147519347,presealed_holdout_2022_2023
M3_catboost_residual,rev_first_issue_hour_hkt,0.0759052165927934,presealed_holdout_2022_2023
M3_catboost_residual,station_missing_count_mean_24h,0.07175257141462435,presealed_holdout_2022_2023
M3_catboost_residual,hko_rh_mean_24h_pct,0.05598796186522291,presealed_holdout_2022_2023
M3_catboost_residual,rev_count,0.047609283440017094,presealed_holdout_2022_2023
M3_catboost_residual,hko_pre_target_morning_mean_c,0.04525003121138569,presealed_holdout_2022_2023
M3_catboost_residual,station_shek_kong_latest_minus_hko_c,0.04371214492327682,presealed_holdout_2022_2023
M3_catboost_residual,lead_seconds_to_target_start,0.037196391131300535,presealed_holdout_2022_2023
M3_catboost_residual,hko_temp_mean_24h_c,0.02431505914386688,presealed_holdout_2022_2023
M3_catboost_residual,coastal_hko_alignment_c,0.024101572559595046,presealed_holdout_2022_2023
M3_catboost_residual,issue_age_minutes,0.0,presealed_holdout_2022_2023
M3_catboost_residual,latest_issue_is_after_23_flag,0.0,presealed_holdout_2022_2023
M3_catboost_residual,target_roll_7_insufficient_count_flag,0.0,presealed_holdout_2022_2023
M3_catboost_residual,issue_hour_bucket,0.0,presealed_holdout_2022_2023
M3_catboost_residual,target_roll_14_insufficient_count_flag,0.0,presealed_holdout_2022_2023
M3_catboost_residual,target_roll_30_insufficient_count_flag,0.0,presealed_holdout_2022_2023
M3_catboost_residual,target_roll60_mean_lag2_c,0.0,presealed_holdout_2022_2023
M3_catboost_residual,target_roll_60_insufficient_count_flag,0.0,presealed_holdout_2022_2023
M3_catboost_residual,fcst_flag_heavy_showers,0.0,presealed_holdout_2022_2023
M3_catboost_residual,fcst_flag_squally,0.0,presealed_holdout_2022_2023
M3_catboost_residual,target_lag_60_missing_flag,0.0,presealed_holdout_2022_2023
M3_catboost_residual,target_roll14_mean_lag2_c,0.0,presealed_holdout_2022_2023
M3_catboost_residual,doy_cos,0.0,presealed_holdout_2022_2023
M3_catboost_residual,warm_season_flag,0.0,presealed_holdout_2022_2023
M3_catboost_residual,cool_season_flag,0.0,presealed_holdout_2022_2023
M3_catboost_residual,hot_season_flag,0.0,presealed_holdout_2022_2023
M3_catboost_residual,typhoon_season_flag,0.0,presealed_holdout_2022_2023
M3_catboost_residual,shoulder_season_flag,0.0,presealed_holdout_2022_2023
M3_catboost_residual,post_2018_flag,0.0,presealed_holdout_2022_2023
M3_catboost_residual,issue_minute_hkt,0.0,presealed_holdout_2022_2023
M3_catboost_residual,urban_core_latest_mean_c,0.0,presealed_holdout_2022_2023
M3_catboost_residual,urban_core_latest_max_c,0.0,presealed_holdout_2022_2023
M3_catboost_residual,urban_core_latest_count,0.0,presealed_holdout_2022_2023
M3_catboost_residual,station_group_urban_core_insufficient_count_flag,0.0,presealed_holdout_2022_2023
M3_catboost_residual,coastal_marine_latest_mean_c,0.0,presealed_holdout_2022_2023
M3_catboost_residual,coastal_marine_latest_missing_fraction,0.0,presealed_holdout_2022_2023
M3_catboost_residual,coastal_marine_latest_max_minus_hko_c,0.0,presealed_holdout_2022_2023
M3_catboost_residual,station_group_coastal_marine_insufficient_count_flag,0.0,presealed_holdout_2022_2023
M3_catboost_residual,inland_nt_latest_max_c,0.0,presealed_holdout_2022_2023
M3_catboost_residual,station_group_inland_nt_insufficient_count_flag,0.0,presealed_holdout_2022_2023
M3_catboost_residual,west_nw_nt_latest_max_c,0.0,presealed_holdout_2022_2023
M3_catboost_residual,west_nw_nt_latest_max_minus_hko_c,0.0,presealed_holdout_2022_2023
M3_catboost_residual,station_group_west_nw_nt_insufficient_count_flag,0.0,presealed_holdout_2022_2023
M3_catboost_residual,hko_pre_target_evening_temp_c_missing_flag,0.0,presealed_holdout_2022_2023
M3_catboost_residual,hko_evening_cooling_18_to_cutoff_c_missing_flag,0.0,presealed_holdout_2022_2023
M3_catboost_residual,hko_afternoon_warmup_09_to_15_c_missing_flag,0.0,presealed_holdout_2022_2023
M3_catboost_residual,hko_station_rank_pct,0.0,presealed_holdout_2022_2023
M3_catboost_residual,network_latest_station_count,0.0,presealed_holdout_2022_2023
M3_catboost_residual,network_latest_missing_count,0.0,presealed_holdout_2022_2023
M3_catboost_residual,network_latest_temp_min_c,0.0,presealed_holdout_2022_2023
M3_catboost_residual,network_latest_temp_max_c,0.0,presealed_holdout_2022_2023
M3_catboost_residual,network_latest_hko_percentile,0.0,presealed_holdout_2022_2023
M3_catboost_residual,network_outlier_any_flag_24h,0.0,presealed_holdout_2022_2023
M3_catboost_residual,target_lag_365_missing_flag,0.0,presealed_holdout_2022_2023
M3_catboost_residual,station_json_empty_latest_flag,0.0,presealed_holdout_2022_2023
M3_catboost_residual,maritime_suppression_index_c,0.0,presealed_holdout_2022_2023
M3_catboost_residual,urban_hko_alignment_c,0.0,presealed_holdout_2022_2023
M3_catboost_residual,station_kings_park_latest_temp_c,0.0,presealed_holdout_2022_2023
M3_catboost_residual,station_kings_park_latest_minus_hko_c,0.0,presealed_holdout_2022_2023
M3_catboost_residual,station_kings_park_missing_flag,0.0,presealed_holdout_2022_2023
M3_catboost_residual,station_kings_park_outlier_flag,0.0,presealed_holdout_2022_2023
M3_catboost_residual,station_hong_kong_park_latest_temp_c,0.0,presealed_holdout_2022_2023
M3_catboost_residual,station_hong_kong_park_latest_minus_hko_c,0.0,presealed_holdout_2022_2023
M3_catboost_residual,station_hong_kong_park_missing_flag,0.0,presealed_holdout_2022_2023
M3_catboost_residual,station_hong_kong_park_outlier_flag,0.0,presealed_holdout_2022_2023
M3_catboost_residual,station_chek_lap_kok_latest_temp_c,0.0,presealed_holdout_2022_2023
M3_catboost_residual,hko_dispatch_count_24h,0.0,presealed_holdout_2022_2023
M3_catboost_residual,hko_partial_parse_count_24h,0.0,presealed_holdout_2022_2023
M3_catboost_residual,hko_pre_target_evening_temp_c,0.0,presealed_holdout_2022_2023
M3_catboost_residual,hko_evening_cooling_18_to_cutoff_c,0.0,presealed_holdout_2022_2023
M3_catboost_residual,hko_pre_target_overnight_min_c_missing_flag,0.0,presealed_holdout_2022_2023
M3_catboost_residual,hko_pre_target_morning_mean_c_missing_flag,0.0,presealed_holdout_2022_2023
M3_catboost_residual,hko_pre_target_afternoon_max_sofar_c_missing_flag,0.0,presealed_holdout_2022_2023
M3_catboost_residual,station_chek_lap_kok_missing_flag,0.0,presealed_holdout_2022_2023
M3_catboost_residual,station_chek_lap_kok_outlier_flag,0.0,presealed_holdout_2022_2023
M3_catboost_residual,station_cheung_chau_missing_flag,0.0,presealed_holdout_2022_2023
M3_catboost_residual,station_cheung_chau_outlier_flag,0.0,presealed_holdout_2022_2023
M3_catboost_residual,station_sha_tin_latest_minus_hko_c,0.0,presealed_holdout_2022_2023
M3_catboost_residual,station_sha_tin_missing_flag,0.0,presealed_holdout_2022_2023
M3_catboost_residual,station_sha_tin_outlier_flag,0.0,presealed_holdout_2022_2023
M3_catboost_residual,station_ta_kwu_ling_missing_flag,0.0,presealed_holdout_2022_2023
M3_catboost_residual,station_ta_kwu_ling_outlier_flag,0.0,presealed_holdout_2022_2023
M3_catboost_residual,hko_target_station_present_latest_flag,0.0,presealed_holdout_2022_2023
M3_catboost_residual,hko_target_station_missing_flag,0.0,presealed_holdout_2022_2023
M3_catboost_residual,hko_rh_missing_flag,0.0,presealed_holdout_2022_2023
M3_catboost_residual,hko_dewpoint_missing_flag,0.0,presealed_holdout_2022_2023
M3_catboost_residual,hko_trend_1h_missing_flag,0.0,presealed_holdout_2022_2023
M3_catboost_residual,hko_temp_trend_3h_c,0.0,presealed_holdout_2022_2023
M3_catboost_residual,hko_trend_3h_missing_flag,0.0,presealed_holdout_2022_2023
M3_catboost_residual,hko_trend_6h_missing_flag,0.0,presealed_holdout_2022_2023
M3_catboost_residual,hko_trend_12h_missing_flag,0.0,presealed_holdout_2022_2023
M3_catboost_residual,station_lau_fau_shan_missing_flag,0.0,presealed_holdout_2022_2023
M3_catboost_residual,station_lau_fau_shan_outlier_flag,0.0,presealed_holdout_2022_2023
M3_catboost_residual,station_sai_kung_latest_temp_c,0.0,presealed_holdout_2022_2023
M3_catboost_residual,station_sai_kung_missing_flag,0.0,presealed_holdout_2022_2023
M3_catboost_residual,station_sai_kung_outlier_flag,0.0,presealed_holdout_2022_2023
M3_catboost_residual,rev_path_range_c,0.0,presealed_holdout_2022_2023
M3_catboost_residual,rev_num_down_moves,0.0,presealed_holdout_2022_2023
M3_catboost_residual,rev_last_issue_hour_hkt,0.0,presealed_holdout_2022_2023
M3_catboost_residual,rev_latest_minus_prev_min_c,0.0,presealed_holdout_2022_2023
M3_catboost_residual,fcst_flag_showers,0.0,presealed_holdout_2022_2023
M3_catboost_residual,station_wong_chuk_hang_latest_temp_c,0.0,presealed_holdout_2022_2023
M3_catboost_residual,station_wong_chuk_hang_missing_flag,0.0,presealed_holdout_2022_2023
M3_catboost_residual,station_wong_chuk_hang_outlier_flag,0.0,presealed_holdout_2022_2023
M3_catboost_residual,station_shek_kong_latest_temp_c,0.0,presealed_holdout_2022_2023
M3_catboost_residual,station_shek_kong_missing_flag,0.0,presealed_holdout_2022_2023
M3_catboost_residual,station_shek_kong_outlier_flag,0.0,presealed_holdout_2022_2023
M3_catboost_residual,station_tsing_yi_missing_flag,0.0,presealed_holdout_2022_2023
M3_catboost_residual,station_tsing_yi_outlier_flag,0.0,presealed_holdout_2022_2023
M3_catboost_residual,station_tseung_kwan_o_missing_flag,0.0,presealed_holdout_2022_2023
M3_catboost_residual,station_tseung_kwan_o_outlier_flag,0.0,presealed_holdout_2022_2023
M3_catboost_residual,station_missing_count_max_24h,0.0,presealed_holdout_2022_2023
M3_catboost_residual,inland_coastal_spread_6h_max_c,0.0,presealed_holdout_2022_2023
M3_catboost_residual,network_spatial_heterogeneity_flag,0.0,presealed_holdout_2022_2023
M3_catboost_residual,inland_heat_index_x_warm_season,0.0,presealed_holdout_2022_2023
M3_catboost_residual,hourly_any_rainstorm_warning_6h,0.0,presealed_holdout_2022_2023
M3_catboost_residual,hourly_any_amber_rainstorm_6h,0.0,presealed_holdout_2022_2023
M3_catboost_residual,hourly_any_red_black_rainstorm_6h,0.0,presealed_holdout_2022_2023
M3_catboost_residual,hourly_any_very_hot_warning_6h,0.0,presealed_holdout_2022_2023
M3_catboost_residual,rev_showers_added_latest,0.0,presealed_holdout_2022_2023
M3_catboost_residual,rev_very_hot_added_latest,0.0,presealed_holdout_2022_2023
M3_catboost_residual,rev_cloudy_added_latest,0.0,presealed_holdout_2022_2023
M3_catboost_residual,rev_bright_periods_added_latest,0.0,presealed_holdout_2022_2023
M3_catboost_residual,rev_text_regime_changed_latest,0.0,presealed_holdout_2022_2023
M3_catboost_residual,eligible_forecast_count,0.0,presealed_holdout_2022_2023
M3_catboost_residual,forecast_revision_missing_prev_flag,0.0,presealed_holdout_2022_2023
M3_catboost_residual,forecast_single_issue_flag,0.0,presealed_holdout_2022_2023
M3_catboost_residual,forecast_full_text_missing_flag,0.0,presealed_holdout_2022_2023
M3_catboost_residual,hourly_latest_missing_flag,0.0,presealed_holdout_2022_2023
M3_catboost_residual,hko_latest_age_gt_90min_flag,0.0,presealed_holdout_2022_2023
M3_catboost_residual,hko_latest_observation_hour_hkt,0.0,presealed_holdout_2022_2023
M3_catboost_residual,hourly_any_strong_monsoon_6h,0.0,presealed_holdout_2022_2023
M3_catboost_residual,hourly_any_tropical_cyclone_text_6h,0.0,presealed_holdout_2022_2023
M3_catboost_residual,hourly_any_lightning_text_6h,0.0,presealed_holdout_2022_2023
M3_catboost_residual,hourly_warning_text_count_6h,0.0,presealed_holdout_2022_2023
M3_catboost_residual,hourly_lightning_text_count_6h,0.0,presealed_holdout_2022_2023
M3_catboost_residual,hourly_any_thunderstorm_warning_24h,0.0,presealed_holdout_2022_2023
M3_catboost_residual,hourly_any_rainstorm_warning_24h,0.0,presealed_holdout_2022_2023
M3_catboost_residual,hourly_any_amber_rainstorm_24h,0.0,presealed_holdout_2022_2023
M3_catboost_residual,hourly_any_red_black_rainstorm_24h,0.0,presealed_holdout_2022_2023
M3_catboost_residual,hourly_any_very_hot_warning_24h,0.0,presealed_holdout_2022_2023
M3_catboost_residual,hourly_any_strong_monsoon_24h,0.0,presealed_holdout_2022_2023
M3_catboost_residual,hourly_any_tropical_cyclone_text_24h,0.0,presealed_holdout_2022_2023
M3_catboost_residual,hourly_any_lightning_text_24h,0.0,presealed_holdout_2022_2023
M3_catboost_residual,hourly_any_rainfall_text_24h,0.0,presealed_holdout_2022_2023
M3_catboost_residual,hourly_text_block_present_24h,0.0,presealed_holdout_2022_2023
M3_catboost_residual,hourly_lightning_text_count_24h,0.0,presealed_holdout_2022_2023
M3_catboost_residual,hours_since_latest_lightning_text,0.0,presealed_holdout_2022_2023
M3_catboost_residual,hours_since_latest_tropical_cyclone_text,0.0,presealed_holdout_2022_2023
M3_catboost_residual,tc_name_present_latest_flag,0.0,presealed_holdout_2022_2023
M3_catboost_residual,tc_position_present_latest_flag,0.0,presealed_holdout_2022_2023
M3_catboost_residual,tc_lon_latest,0.0,presealed_holdout_2022_2023
M3_catboost_residual,tc_distance_to_hko_km_latest,0.0,presealed_holdout_2022_2023
M3_catboost_residual,tc_distance_missing_flag,0.0,presealed_holdout_2022_2023
M3_catboost_residual,target_lag_2_missing_flag,0.0,presealed_holdout_2022_2023
M3_catboost_residual,target_lag_3_missing_flag,0.0,presealed_holdout_2022_2023
M3_catboost_residual,target_roll_365_insufficient_count_flag,0.0,presealed_holdout_2022_2023
M3_catboost_residual,target_very_hot_spell_34_lag2_days,0.0,presealed_holdout_2022_2023
M3_catboost_residual,quarter,0.0,presealed_holdout_2022_2023
M3_catboost_residual,fcst_flag_bright_periods,0.0,presealed_holdout_2022_2023
M3_catboost_residual,fcst_flag_sunny,0.0,presealed_holdout_2022_2023
M3_catboost_residual,fcst_flag_very_hot,0.0,presealed_holdout_2022_2023
M3_catboost_residual,fcst_flag_hot,0.0,presealed_holdout_2022_2023
M3_catboost_residual,fcst_flag_mist_fog,0.0,presealed_holdout_2022_2023
M3_catboost_residual,fcst_flag_tropical_cyclone,0.0,presealed_holdout_2022_2023
M3_catboost_residual,fcst_flag_monsoon,0.0,presealed_holdout_2022_2023
M3_catboost_residual,fcst_flag_active_southerly,0.0,presealed_holdout_2022_2023
M3_catboost_residual,fcst_flag_southerly,0.0,presealed_holdout_2022_2023
M3_catboost_residual,rev_thunderstorm_added_latest,0.0,presealed_holdout_2022_2023
M3_catboost_residual,target_lag7_tmax_c,0.0,presealed_holdout_2022_2023
M3_catboost_residual,target_lag_7_missing_flag,0.0,presealed_holdout_2022_2023
M3_catboost_residual,target_lag_14_missing_flag,0.0,presealed_holdout_2022_2023
M3_catboost_residual,target_lag_30_missing_flag,0.0,presealed_holdout_2022_2023
M3_catboost_residual,forecast_anchor_tie_flag,0.0,presealed_holdout_2022_2023
M3_catboost_residual,target_cool_spell_16_lag2_days,0.0,presealed_holdout_2022_2023
M3_catboost_residual,target_clim_doy_30yr_median_c,0.0,presealed_holdout_2022_2023
M3_catboost_residual,target_clim_doy_10yr_median_c,0.0,presealed_holdout_2022_2023
M3_catboost_residual,target_clim_month_30yr_mean_c,0.0,presealed_holdout_2022_2023
M3_catboost_residual,issue_hour_hkt,0.0,presealed_holdout_2022_2023
M3_catboost_residual,rev_latest_minus_prev_max_c,0.0,presealed_holdout_2022_2023
M3_catboost_residual,official_max_bin,0.0,presealed_holdout_2022_2023
M3_catboost_residual,official_range_bin,0.0,presealed_holdout_2022_2023
M3_catboost_residual,hko_latest_temp_minus_official_max_c,12.05322470499322,sealed_confirmation_2024_plus
M3_catboost_residual,network_spread_mean_6h_c,6.862272386885073,sealed_confirmation_2024_plus
M3_catboost_residual,hko_temp_trend_12h_c,6.152508107575618,sealed_confirmation_2024_plus
M3_catboost_residual,hko_latest_temp_minus_official_min_c,4.7945763455222385,sealed_confirmation_2024_plus
M3_catboost_residual,network_mean_trend_6h_c,4.294512201348128,sealed_confirmation_2024_plus
M3_catboost_residual,nt_heat_ceiling_index_c,3.433092865465329,sealed_confirmation_2024_plus
M3_catboost_residual,target_lag2_tmax_c,3.1002507939595043,sealed_confirmation_2024_plus
M3_catboost_residual,hko_pre_target_afternoon_max_minus_official_max_c,2.9731311053604945,sealed_confirmation_2024_plus
M3_catboost_residual,network_latest_temp_spread_c,2.5080689353264187,sealed_confirmation_2024_plus
M3_catboost_residual,hko_evening_temp_minus_official_min_c,2.4331228125553244,sealed_confirmation_2024_plus
M3_catboost_residual,official_max_minus_doy_clim30_c,2.3411000500571784,sealed_confirmation_2024_plus
M3_catboost_residual,fcst_flag_fine,2.1057770294543317,sealed_confirmation_2024_plus
M3_catboost_residual,hko_pre_target_morning_mean_c,1.6486222581384595,sealed_confirmation_2024_plus
M3_catboost_residual,rev_latest_minus_first_min_c,1.60043679804613,sealed_confirmation_2024_plus
M3_catboost_residual,official_midpoint_minus_doy_clim30_c,1.5319961590084163,sealed_confirmation_2024_plus
M3_catboost_residual,rev_range_path_std_c,1.4202543589884404,sealed_confirmation_2024_plus
M3_catboost_residual,target_lag60_tmax_c,1.4067856284187918,sealed_confirmation_2024_plus
M3_catboost_residual,station_tseung_kwan_o_latest_minus_hko_c,1.2948476582338437,sealed_confirmation_2024_plus
M3_catboost_residual,target_lag2_minus_doy30_clim_c,1.1204671651937304,sealed_confirmation_2024_plus
M3_catboost_residual,day_of_year,1.068963879827827,sealed_confirmation_2024_plus
M3_catboost_residual,target_lag14_tmax_c,0.9341895940422413,sealed_confirmation_2024_plus
M3_catboost_residual,official_max_minus_month_clim10_c,0.8461941358228715,sealed_confirmation_2024_plus
M3_catboost_residual,network_spread_max_6h_c,0.8337788715709277,sealed_confirmation_2024_plus
M3_catboost_residual,fcst_flag_easterly_ne,0.8303672033964539,sealed_confirmation_2024_plus
M3_catboost_residual,fcst_flag_thunderstorm,0.8166859473034267,sealed_confirmation_2024_plus
M3_catboost_residual,official_range_c,0.8077615645052901,sealed_confirmation_2024_plus
M3_catboost_residual,station_chek_lap_kok_latest_minus_hko_c,0.7805852180591016,sealed_confirmation_2024_plus
M3_catboost_residual,official_midpoint_c,0.775548148225379,sealed_confirmation_2024_plus
M3_catboost_residual,hko_latest_dewpoint_depression_c,0.7748816130175618,sealed_confirmation_2024_plus
M3_catboost_residual,trend_years_since_2000,0.7726688708064448,sealed_confirmation_2024_plus
M3_catboost_residual,hours_since_latest_warning_text,0.7694560768485923,sealed_confirmation_2024_plus
M3_catboost_residual,hko_temp_max_24h_c,0.754332172890702,sealed_confirmation_2024_plus
M3_catboost_residual,hours_since_latest_rainfall_text,0.7346005115393596,sealed_confirmation_2024_plus
M3_catboost_residual,rev_last3_slope_c_per_hour,0.7200484434061177,sealed_confirmation_2024_plus
M3_catboost_residual,target_lag3_tmax_c,0.6951725190812557,sealed_confirmation_2024_plus
M3_catboost_residual,station_tsing_yi_latest_temp_c,0.659371612454611,sealed_confirmation_2024_plus
M3_catboost_residual,rev_range_latest_minus_prev_c,0.6414352899704094,sealed_confirmation_2024_plus
M3_catboost_residual,target_roll14_max_lag2_c,0.6275351102118786,sealed_confirmation_2024_plus
M3_catboost_residual,urban_heat_index_c,0.619370153316605,sealed_confirmation_2024_plus
M3_catboost_residual,hko_latest_temp_c,0.6172190854419977,sealed_confirmation_2024_plus
M3_catboost_residual,west_nw_nt_latest_missing_fraction,0.5958944820458157,sealed_confirmation_2024_plus
M3_catboost_residual,doy_sin,0.5452162256411711,sealed_confirmation_2024_plus
M3_catboost_residual,hko_temp_mean_24h_c,0.5313573907955152,sealed_confirmation_2024_plus
M3_catboost_residual,urban_core_mean_minus_coastal_marine_mean_c,0.5294267887044506,sealed_confirmation_2024_plus
M3_catboost_residual,network_latest_station_count,0.5281892307817975,sealed_confirmation_2024_plus
M3_catboost_residual,coastal_marine_latest_max_c,0.5219792777876046,sealed_confirmation_2024_plus
M3_catboost_residual,network_spread_max_24h_c,0.5078182238720242,sealed_confirmation_2024_plus
M3_catboost_residual,hourly_any_rainfall_text_6h,0.4816432029126682,sealed_confirmation_2024_plus
M3_catboost_residual,hourly_any_thunderstorm_warning_6h,0.46365021096740555,sealed_confirmation_2024_plus
M3_catboost_residual,target_history_max_source_date,0.4569671769474009,sealed_confirmation_2024_plus
M3_catboost_residual,target_hot_spell_33_lag2_days,0.4540099293722956,sealed_confirmation_2024_plus
M3_catboost_residual,hko_latest_rh_pct,0.44981651711741877,sealed_confirmation_2024_plus
M3_catboost_residual,rev_last_change_age_hours,0.44697526465877935,sealed_confirmation_2024_plus
M3_catboost_residual,inland_minus_coastal_trend_6h_c,0.43749803902685225,sealed_confirmation_2024_plus
M3_catboost_residual,rev_count,0.4298966194710135,sealed_confirmation_2024_plus
M3_catboost_residual,target_roll7_mean_lag2_c,0.4238851930968126,sealed_confirmation_2024_plus
M3_catboost_residual,hko_latest_dewpoint_c,0.41619187481920533,sealed_confirmation_2024_plus
M3_catboost_residual,west_nw_nt_latest_count,0.35876919265120677,sealed_confirmation_2024_plus
M3_catboost_residual,west_nw_nt_latest_max_c,0.3521517368478362,sealed_confirmation_2024_plus
M3_catboost_residual,hko_rh_trend_6h_pct,0.3467964931081446,sealed_confirmation_2024_plus
M3_catboost_residual,hko_rh_trend_3h_pct,0.3429978637797469,sealed_confirmation_2024_plus
M3_catboost_residual,hourly_warning_text_count_6h,0.3380775065434164,sealed_confirmation_2024_plus
M3_catboost_residual,network_latest_temp_min_c,0.33685757745781,sealed_confirmation_2024_plus
M3_catboost_residual,urban_core_latest_mean_c,0.3280721533525116,sealed_confirmation_2024_plus
M3_catboost_residual,rev_issue_span_hours,0.31362029740619257,sealed_confirmation_2024_plus
M3_catboost_residual,target_roll7_max_lag2_c,0.30333027480180114,sealed_confirmation_2024_plus
M3_catboost_residual,urban_core_latest_count,0.3012907672631497,sealed_confirmation_2024_plus
M3_catboost_residual,fcst_flag_nt_higher,0.2940333952366583,sealed_confirmation_2024_plus
M3_catboost_residual,target_roll7_minus_roll30_c,0.2847692885615901,sealed_confirmation_2024_plus
M3_catboost_residual,hko_rh_mean_6h_pct,0.2811630584155282,sealed_confirmation_2024_plus
M3_catboost_residual,month,0.26101823945323605,sealed_confirmation_2024_plus
M3_catboost_residual,urban_core_latest_missing_fraction,0.2547051274069271,sealed_confirmation_2024_plus
M3_catboost_residual,west_nw_nt_latest_mean_minus_hko_c,0.23351582314084798,sealed_confirmation_2024_plus
M3_catboost_residual,station_hong_kong_park_latest_temp_c,0.22676194127924632,sealed_confirmation_2024_plus
M3_catboost_residual,hko_temp_mean_24h_minus_doy_clim_c,0.22360358275322278,sealed_confirmation_2024_plus
M3_catboost_residual,quarter,0.22338838404437733,sealed_confirmation_2024_plus
M3_catboost_residual,station_tseung_kwan_o_latest_temp_c,0.22110996087367982,sealed_confirmation_2024_plus
M3_catboost_residual,fcst_flag_southerly,0.21991008834158773,sealed_confirmation_2024_plus
M3_catboost_residual,hourly_any_thunderstorm_warning_24h,0.21613619235686707,sealed_confirmation_2024_plus
M3_catboost_residual,target_roll30_mean_lag2_c,0.2139113109166689,sealed_confirmation_2024_plus
M3_catboost_residual,west_nw_nt_mean_minus_coastal_marine_mean_c,0.2080205590432038,sealed_confirmation_2024_plus
M3_catboost_residual,official_max_c,0.19952086592906873,sealed_confirmation_2024_plus
M3_catboost_residual,coastal_marine_latest_mean_minus_hko_c,0.1985442758787592,sealed_confirmation_2024_plus
M3_catboost_residual,rev_num_up_moves,0.1982854383589586,sealed_confirmation_2024_plus
M3_catboost_residual,tc_bearing_cos_latest,0.19622709248296688,sealed_confirmation_2024_plus
M3_catboost_residual,urban_hko_alignment_c,0.19527547625839323,sealed_confirmation_2024_plus
M3_catboost_residual,hko_temp_min_24h_c,0.18889651197933027,sealed_confirmation_2024_plus
M3_catboost_residual,hourly_warning_text_count_24h,0.1818796021106434,sealed_confirmation_2024_plus
M3_catboost_residual,hko_temp_range_24h_c,0.17399795920550062,sealed_confirmation_2024_plus
M3_catboost_residual,target_lag30_tmax_c,0.17383994607489534,sealed_confirmation_2024_plus
M3_catboost_residual,inland_nt_latest_mean_minus_hko_c,0.17241821940507704,sealed_confirmation_2024_plus
M3_catboost_residual,inland_coastal_spread_6h_max_c,0.16843674521356333,sealed_confirmation_2024_plus
M3_catboost_residual,target_roll60_mean_lag2_c,0.16755584277234623,sealed_confirmation_2024_plus
M3_catboost_residual,hko_afternoon_warmup_09_to_15_c,0.15999758753449175,sealed_confirmation_2024_plus
M3_catboost_residual,rev_latest3_all_same_flag,0.1573326693367036,sealed_confirmation_2024_plus
M3_catboost_residual,rev_latest_minus_first_max_c,0.15680489239857273,sealed_confirmation_2024_plus
M3_catboost_residual,station_tsing_yi_latest_minus_hko_c,0.14850114750927518,sealed_confirmation_2024_plus
M3_catboost_residual,hko_latest_temp_minus_doy_hour_clim_c,0.14796919505352102,sealed_confirmation_2024_plus
M3_catboost_residual,rev_first_max_c,0.1419020259521208,sealed_confirmation_2024_plus
M3_catboost_residual,network_spread_x_thunderstorm_flag,0.1391265744145224,sealed_confirmation_2024_plus
M3_catboost_residual,target_clim_doy_10yr_median_c,0.13769761013784731,sealed_confirmation_2024_plus
M3_catboost_residual,station_sha_tin_latest_minus_hko_c,0.13328571972764355,sealed_confirmation_2024_plus
M3_catboost_residual,target_clim_month_30yr_mean_c,0.12512898388773394,sealed_confirmation_2024_plus
M3_catboost_residual,hko_pre_target_evening_temp_c,0.12148888386815083,sealed_confirmation_2024_plus
M3_catboost_residual,station_cheung_chau_latest_minus_hko_c,0.11671831636178681,sealed_confirmation_2024_plus
M3_catboost_residual,hko_temp_mean_12h_c,0.11643119267135345,sealed_confirmation_2024_plus
M3_catboost_residual,rev_path_min_c,0.11565327321148956,sealed_confirmation_2024_plus
M3_catboost_residual,tc_lon_latest,0.1078354300782753,sealed_confirmation_2024_plus
M3_catboost_residual,station_kings_park_latest_temp_c,0.10719424912966197,sealed_confirmation_2024_plus
M3_catboost_residual,coastal_hko_alignment_c,0.10485933910275677,sealed_confirmation_2024_plus
M3_catboost_residual,target_lag7_tmax_c,0.09795234114307916,sealed_confirmation_2024_plus
M3_catboost_residual,station_chek_lap_kok_latest_temp_c,0.09774878423345883,sealed_confirmation_2024_plus
M3_catboost_residual,target_clim_month_10yr_std_c,0.09626039493845796,sealed_confirmation_2024_plus
M3_catboost_residual,target_clim_month_10yr_mean_c,0.09216937115222047,sealed_confirmation_2024_plus
M3_catboost_residual,inland_heat_index_x_warm_season,0.09197412906968618,sealed_confirmation_2024_plus
M3_catboost_residual,eligible_forecast_count,0.0919671485097302,sealed_confirmation_2024_plus
M3_catboost_residual,station_sai_kung_latest_temp_c,0.08820793084583212,sealed_confirmation_2024_plus
M3_catboost_residual,hourly_text_block_present_6h,0.08700026554380559,sealed_confirmation_2024_plus
M3_catboost_residual,doy_cos,0.08123258661158379,sealed_confirmation_2024_plus
M3_catboost_residual,network_latest_temp_mean_c,0.0767166680519728,sealed_confirmation_2024_plus
M3_catboost_residual,station_hong_kong_park_missing_flag,0.0759158809685907,sealed_confirmation_2024_plus
M3_catboost_residual,target_roll30_anomaly_lag2_c,0.07567767608101651,sealed_confirmation_2024_plus
M3_catboost_residual,hko_temp_trend_1h_c,0.06920850335841008,sealed_confirmation_2024_plus
M3_catboost_residual,network_latest_temp_max_c,0.06826307431954956,sealed_confirmation_2024_plus
M3_catboost_residual,station_lau_fau_shan_latest_temp_c,0.06489397165710734,sealed_confirmation_2024_plus
M3_catboost_residual,hko_evening_cooling_18_to_cutoff_c,0.06451873433106378,sealed_confirmation_2024_plus
M3_catboost_residual,hko_pre_target_afternoon_max_sofar_c,0.04006077362976961,sealed_confirmation_2024_plus
M3_catboost_residual,coastal_marine_latest_count,0.03877835031420194,sealed_confirmation_2024_plus
M3_catboost_residual,station_ta_kwu_ling_latest_minus_hko_c,0.032359463016782886,sealed_confirmation_2024_plus
M3_catboost_residual,lead_seconds_to_target_start,0.022653830095721927,sealed_confirmation_2024_plus
M3_catboost_residual,hours_since_latest_lightning_text,0.01918561039874711,sealed_confirmation_2024_plus
M3_catboost_residual,tc_lat_latest,0.014809596360377547,sealed_confirmation_2024_plus
M3_catboost_residual,hko_trend_3h_missing_flag,0.0,sealed_confirmation_2024_plus
M3_catboost_residual,hko_temp_trend_6h_c,0.0,sealed_confirmation_2024_plus
M3_catboost_residual,hko_trend_1h_missing_flag,0.0,sealed_confirmation_2024_plus
M3_catboost_residual,hko_dewpoint_missing_flag,0.0,sealed_confirmation_2024_plus
M3_catboost_residual,hko_rh_missing_flag,0.0,sealed_confirmation_2024_plus
M3_catboost_residual,hko_target_station_missing_flag,0.0,sealed_confirmation_2024_plus
M3_catboost_residual,hko_target_station_present_latest_flag,0.0,sealed_confirmation_2024_plus
M3_catboost_residual,fcst_flag_mist_fog,0.0,sealed_confirmation_2024_plus
M3_catboost_residual,hko_latest_observation_hour_hkt,0.0,sealed_confirmation_2024_plus
M3_catboost_residual,hko_latest_age_gt_90min_flag,0.0,sealed_confirmation_2024_plus
M3_catboost_residual,hko_latest_age_minutes,0.0,sealed_confirmation_2024_plus
M3_catboost_residual,fcst_flag_very_hot,0.0,sealed_confirmation_2024_plus
M3_catboost_residual,fcst_flag_hot,0.0,sealed_confirmation_2024_plus
M3_catboost_residual,hko_rh_mean_24h_pct,0.0,sealed_confirmation_2024_plus
M3_catboost_residual,hko_rh_mean_12h_pct,0.0,sealed_confirmation_2024_plus
M3_catboost_residual,hko_pre_target_overnight_min_c_missing_flag,0.0,sealed_confirmation_2024_plus
M3_catboost_residual,hko_dispatch_count_24h,0.0,sealed_confirmation_2024_plus
M3_catboost_residual,hko_pre_target_morning_mean_c_missing_flag,0.0,sealed_confirmation_2024_plus
M3_catboost_residual,hko_pre_target_afternoon_max_sofar_c_missing_flag,0.0,sealed_confirmation_2024_plus
M3_catboost_residual,hko_afternoon_warmup_09_to_15_c_missing_flag,0.0,sealed_confirmation_2024_plus
M3_catboost_residual,hko_station_rank_pct,0.0,sealed_confirmation_2024_plus
M3_catboost_residual,hko_pre_target_evening_temp_c_missing_flag,0.0,sealed_confirmation_2024_plus
M3_catboost_residual,hko_evening_cooling_18_to_cutoff_c_missing_flag,0.0,sealed_confirmation_2024_plus
M3_catboost_residual,network_latest_valid_count,0.0,sealed_confirmation_2024_plus
M3_catboost_residual,network_latest_missing_count,0.0,sealed_confirmation_2024_plus
M3_catboost_residual,network_latest_hko_percentile,0.0,sealed_confirmation_2024_plus
M3_catboost_residual,hko_temp_mean_6h_c,0.0,sealed_confirmation_2024_plus
M3_catboost_residual,hko_pre_target_overnight_min_c,0.0,sealed_confirmation_2024_plus
M3_catboost_residual,hko_partial_parse_count_24h,0.0,sealed_confirmation_2024_plus
M3_catboost_residual,hko_trend_12h_missing_flag,0.0,sealed_confirmation_2024_plus
M3_catboost_residual,hko_trend_6h_missing_flag,0.0,sealed_confirmation_2024_plus
M3_catboost_residual,station_json_empty_latest_flag,0.0,sealed_confirmation_2024_plus
M3_catboost_residual,network_outlier_any_flag_24h,0.0,sealed_confirmation_2024_plus
M3_catboost_residual,hko_temp_trend_3h_c,0.0,sealed_confirmation_2024_plus
M3_catboost_residual,rev_latest_minus_prev_max_c,0.0,sealed_confirmation_2024_plus
M3_catboost_residual,rev_path_max_c,0.0,sealed_confirmation_2024_plus
M3_catboost_residual,target_roll_60_insufficient_count_flag,0.0,sealed_confirmation_2024_plus
M3_catboost_residual,target_roll365_mean_lag2_c,0.0,sealed_confirmation_2024_plus
M3_catboost_residual,target_lag_2_missing_flag,0.0,sealed_confirmation_2024_plus
M3_catboost_residual,target_roll_365_insufficient_count_flag,0.0,sealed_confirmation_2024_plus
M3_catboost_residual,official_max_round_c,0.0,sealed_confirmation_2024_plus
M3_catboost_residual,rev_latest_minus_prev_min_c,0.0,sealed_confirmation_2024_plus
M3_catboost_residual,fcst_flag_showers,0.0,sealed_confirmation_2024_plus
M3_catboost_residual,fcst_flag_heavy_showers,0.0,sealed_confirmation_2024_plus
M3_catboost_residual,fcst_flag_squally,0.0,sealed_confirmation_2024_plus
M3_catboost_residual,fcst_flag_bright_periods,0.0,sealed_confirmation_2024_plus
M3_catboost_residual,tc_distance_missing_flag,0.0,sealed_confirmation_2024_plus
M3_catboost_residual,fcst_flag_sunny,0.0,sealed_confirmation_2024_plus
M3_catboost_residual,fcst_flag_cloudy,0.0,sealed_confirmation_2024_plus
M3_catboost_residual,rev_prev_max_c,0.0,sealed_confirmation_2024_plus
M3_catboost_residual,target_lag_14_missing_flag,0.0,sealed_confirmation_2024_plus
M3_catboost_residual,target_lag_3_missing_flag,0.0,sealed_confirmation_2024_plus
M3_catboost_residual,official_range_bin,0.0,sealed_confirmation_2024_plus
M3_catboost_residual,official_max_bin,0.0,sealed_confirmation_2024_plus
M3_catboost_residual,issue_hour_hkt,0.0,sealed_confirmation_2024_plus
M3_catboost_residual,target_cool_spell_16_lag2_days,0.0,sealed_confirmation_2024_plus
M3_catboost_residual,forecast_anchor_tie_flag,0.0,sealed_confirmation_2024_plus
M3_catboost_residual,target_lag_7_missing_flag,0.0,sealed_confirmation_2024_plus
M3_catboost_residual,target_clim_doy_all_past_median_c,0.0,sealed_confirmation_2024_plus
M3_catboost_residual,issue_age_minutes,0.0,sealed_confirmation_2024_plus
M3_catboost_residual,latest_issue_is_after_23_flag,0.0,sealed_confirmation_2024_plus
M3_catboost_residual,issue_hour_bucket,0.0,sealed_confirmation_2024_plus
M3_catboost_residual,issue_minute_hkt,0.0,sealed_confirmation_2024_plus
M3_catboost_residual,station_group_inland_nt_insufficient_count_flag,0.0,sealed_confirmation_2024_plus
M3_catboost_residual,rev_last_issue_hour_hkt,0.0,sealed_confirmation_2024_plus
M3_catboost_residual,rev_first_issue_hour_hkt,0.0,sealed_confirmation_2024_plus
M3_catboost_residual,hourly_latest_missing_flag,0.0,sealed_confirmation_2024_plus
M3_catboost_residual,forecast_single_issue_flag,0.0,sealed_confirmation_2024_plus
M3_catboost_residual,forecast_full_text_missing_flag,0.0,sealed_confirmation_2024_plus
M3_catboost_residual,forecast_revision_missing_prev_flag,0.0,sealed_confirmation_2024_plus
M3_catboost_residual,rev_text_regime_changed_latest,0.0,sealed_confirmation_2024_plus
M3_catboost_residual,rev_thunderstorm_added_latest,0.0,sealed_confirmation_2024_plus
M3_catboost_residual,rev_bright_periods_added_latest,0.0,sealed_confirmation_2024_plus
M3_catboost_residual,rev_cloudy_added_latest,0.0,sealed_confirmation_2024_plus
M3_catboost_residual,rev_very_hot_added_latest,0.0,sealed_confirmation_2024_plus
M3_catboost_residual,inland_nt_latest_max_minus_hko_c,0.0,sealed_confirmation_2024_plus
M3_catboost_residual,rev_showers_added_latest,0.0,sealed_confirmation_2024_plus
M3_catboost_residual,inland_nt_latest_count,0.0,sealed_confirmation_2024_plus
M3_catboost_residual,inland_nt_latest_missing_fraction,0.0,sealed_confirmation_2024_plus
M3_catboost_residual,urban_core_latest_max_c,0.0,sealed_confirmation_2024_plus
M3_catboost_residual,urban_core_latest_mean_minus_hko_c,0.0,sealed_confirmation_2024_plus
M3_catboost_residual,inland_nt_latest_max_c,0.0,sealed_confirmation_2024_plus
M3_catboost_residual,inland_nt_latest_mean_c,0.0,sealed_confirmation_2024_plus
M3_catboost_residual,coastal_marine_latest_max_minus_hko_c,0.0,sealed_confirmation_2024_plus
M3_catboost_residual,station_group_coastal_marine_insufficient_count_flag,0.0,sealed_confirmation_2024_plus
M3_catboost_residual,coastal_marine_latest_mean_c,0.0,sealed_confirmation_2024_plus
M3_catboost_residual,coastal_marine_latest_missing_fraction,0.0,sealed_confirmation_2024_plus
M3_catboost_residual,station_missing_count_latest,0.0,sealed_confirmation_2024_plus
M3_catboost_residual,urban_core_latest_max_minus_hko_c,0.0,sealed_confirmation_2024_plus
M3_catboost_residual,station_group_urban_core_insufficient_count_flag,0.0,sealed_confirmation_2024_plus
M3_catboost_residual,network_latest_max_minus_hko_c,0.0,sealed_confirmation_2024_plus
M3_catboost_residual,network_latest_hko_minus_mean_c,0.0,sealed_confirmation_2024_plus
M3_catboost_residual,network_latest_valid_fraction,0.0,sealed_confirmation_2024_plus
M3_catboost_residual,maritime_suppression_index_c,0.0,sealed_confirmation_2024_plus
M3_catboost_residual,coastal_marine_mean_minus_hko_c,0.0,sealed_confirmation_2024_plus
M3_catboost_residual,station_ta_kwu_ling_missing_flag,0.0,sealed_confirmation_2024_plus
M3_catboost_residual,station_ta_kwu_ling_latest_temp_c,0.0,sealed_confirmation_2024_plus
M3_catboost_residual,station_sha_tin_outlier_flag,0.0,sealed_confirmation_2024_plus
M3_catboost_residual,station_sha_tin_missing_flag,0.0,sealed_confirmation_2024_plus
M3_catboost_residual,station_cheung_chau_outlier_flag,0.0,sealed_confirmation_2024_plus
M3_catboost_residual,station_sha_tin_latest_temp_c,0.0,sealed_confirmation_2024_plus
M3_catboost_residual,station_lau_fau_shan_latest_minus_hko_c,0.0,sealed_confirmation_2024_plus
M3_catboost_residual,station_ta_kwu_ling_outlier_flag,0.0,sealed_confirmation_2024_plus
M3_catboost_residual,station_sai_kung_outlier_flag,0.0,sealed_confirmation_2024_plus
M3_catboost_residual,station_wong_chuk_hang_latest_temp_c,0.0,sealed_confirmation_2024_plus
M3_catboost_residual,station_wong_chuk_hang_latest_minus_hko_c,0.0,sealed_confirmation_2024_plus
M3_catboost_residual,station_wong_chuk_hang_missing_flag,0.0,sealed_confirmation_2024_plus
M3_catboost_residual,station_lau_fau_shan_missing_flag,0.0,sealed_confirmation_2024_plus
M3_catboost_residual,station_lau_fau_shan_outlier_flag,0.0,sealed_confirmation_2024_plus
M3_catboost_residual,station_sai_kung_latest_minus_hko_c,0.0,sealed_confirmation_2024_plus
M3_catboost_residual,station_sai_kung_missing_flag,0.0,sealed_confirmation_2024_plus
M3_catboost_residual,station_hong_kong_park_latest_minus_hko_c,0.0,sealed_confirmation_2024_plus
M3_catboost_residual,station_kings_park_outlier_flag,0.0,sealed_confirmation_2024_plus
M3_catboost_residual,station_kings_park_missing_flag,0.0,sealed_confirmation_2024_plus
M3_catboost_residual,station_kings_park_latest_minus_hko_c,0.0,sealed_confirmation_2024_plus
M3_catboost_residual,inland_heat_index_c,0.0,sealed_confirmation_2024_plus
M3_catboost_residual,station_chek_lap_kok_outlier_flag,0.0,sealed_confirmation_2024_plus
M3_catboost_residual,station_chek_lap_kok_missing_flag,0.0,sealed_confirmation_2024_plus
M3_catboost_residual,station_hong_kong_park_outlier_flag,0.0,sealed_confirmation_2024_plus
M3_catboost_residual,station_cheung_chau_missing_flag,0.0,sealed_confirmation_2024_plus
M3_catboost_residual,station_cheung_chau_latest_temp_c,0.0,sealed_confirmation_2024_plus
M3_catboost_residual,urban_core_mean_minus_hko_c,0.0,sealed_confirmation_2024_plus
M3_catboost_residual,west_nw_nt_latest_mean_c,0.0,sealed_confirmation_2024_plus
M3_catboost_residual,inland_nt_max_minus_urban_core_mean_c,0.0,sealed_confirmation_2024_plus
M3_catboost_residual,west_nw_nt_latest_max_minus_hko_c,0.0,sealed_confirmation_2024_plus
M3_catboost_residual,station_group_west_nw_nt_insufficient_count_flag,0.0,sealed_confirmation_2024_plus
M3_catboost_residual,inland_nt_mean_minus_coastal_marine_mean_c,0.0,sealed_confirmation_2024_plus
M3_catboost_residual,hourly_any_very_hot_warning_6h,0.0,sealed_confirmation_2024_plus
M3_catboost_residual,hourly_any_red_black_rainstorm_6h,0.0,sealed_confirmation_2024_plus
M3_catboost_residual,hourly_any_amber_rainstorm_6h,0.0,sealed_confirmation_2024_plus
M3_catboost_residual,hourly_any_rainstorm_warning_6h,0.0,sealed_confirmation_2024_plus
M3_catboost_residual,network_spatial_heterogeneity_flag,0.0,sealed_confirmation_2024_plus
M3_catboost_residual,station_tseung_kwan_o_outlier_flag,0.0,sealed_confirmation_2024_plus
M3_catboost_residual,station_missing_count_mean_24h,0.0,sealed_confirmation_2024_plus
M3_catboost_residual,station_missing_count_max_24h,0.0,sealed_confirmation_2024_plus
M3_catboost_residual,station_tsing_yi_outlier_flag,0.0,sealed_confirmation_2024_plus
M3_catboost_residual,station_tsing_yi_missing_flag,0.0,sealed_confirmation_2024_plus
M3_catboost_residual,station_shek_kong_outlier_flag,0.0,sealed_confirmation_2024_plus
M3_catboost_residual,station_tseung_kwan_o_missing_flag,0.0,sealed_confirmation_2024_plus
M3_catboost_residual,station_wong_chuk_hang_outlier_flag,0.0,sealed_confirmation_2024_plus
M3_catboost_residual,station_shek_kong_latest_temp_c,0.0,sealed_confirmation_2024_plus
M3_catboost_residual,station_shek_kong_latest_minus_hko_c,0.0,sealed_confirmation_2024_plus
M3_catboost_residual,station_shek_kong_missing_flag,0.0,sealed_confirmation_2024_plus
M3_catboost_residual,hourly_text_block_present_24h,0.0,sealed_confirmation_2024_plus
M3_catboost_residual,hourly_any_rainfall_text_24h,0.0,sealed_confirmation_2024_plus
M3_catboost_residual,hourly_any_lightning_text_24h,0.0,sealed_confirmation_2024_plus
M3_catboost_residual,hourly_any_tropical_cyclone_text_24h,0.0,sealed_confirmation_2024_plus
M3_catboost_residual,hourly_any_very_hot_warning_24h,0.0,sealed_confirmation_2024_plus
M3_catboost_residual,hourly_rainfall_text_count_24h,0.0,sealed_confirmation_2024_plus
M3_catboost_residual,hours_since_latest_tropical_cyclone_text,0.0,sealed_confirmation_2024_plus
M3_catboost_residual,hourly_any_tropical_cyclone_text_6h,0.0,sealed_confirmation_2024_plus
M3_catboost_residual,hourly_any_amber_rainstorm_24h,0.0,sealed_confirmation_2024_plus
M3_catboost_residual,hourly_any_red_black_rainstorm_24h,0.0,sealed_confirmation_2024_plus
M3_catboost_residual,hourly_any_strong_monsoon_24h,0.0,sealed_confirmation_2024_plus
M3_catboost_residual,hourly_any_strong_monsoon_6h,0.0,sealed_confirmation_2024_plus
M3_catboost_residual,hourly_lightning_text_count_6h,0.0,sealed_confirmation_2024_plus
M3_catboost_residual,hourly_rainfall_text_count_6h,0.0,sealed_confirmation_2024_plus
M3_catboost_residual,hourly_any_rainstorm_warning_24h,0.0,sealed_confirmation_2024_plus
M3_catboost_residual,hourly_any_lightning_text_6h,0.0,sealed_confirmation_2024_plus
M3_catboost_residual,typhoon_season_flag,0.0,sealed_confirmation_2024_plus
M3_catboost_residual,hot_season_flag,0.0,sealed_confirmation_2024_plus
M3_catboost_residual,cool_season_flag,0.0,sealed_confirmation_2024_plus
M3_catboost_residual,warm_season_flag,0.0,sealed_confirmation_2024_plus
M3_catboost_residual,tc_distance_to_hko_km_latest,0.0,sealed_confirmation_2024_plus
M3_catboost_residual,tc_bearing_sin_latest,0.0,sealed_confirmation_2024_plus
M3_catboost_residual,tc_position_present_latest_flag,0.0,sealed_confirmation_2024_plus
M3_catboost_residual,tc_name_present_latest_flag,0.0,sealed_confirmation_2024_plus
M3_catboost_residual,hourly_lightning_text_count_24h,0.0,sealed_confirmation_2024_plus
M3_catboost_residual,target_lag_365_missing_flag,0.0,sealed_confirmation_2024_plus
M3_catboost_residual,target_roll_7_insufficient_count_flag,0.0,sealed_confirmation_2024_plus
M3_catboost_residual,target_roll14_mean_lag2_c,0.0,sealed_confirmation_2024_plus
M3_catboost_residual,target_lag365_tmax_c,0.0,sealed_confirmation_2024_plus
M3_catboost_residual,target_clim_doy_30yr_median_c,0.0,sealed_confirmation_2024_plus
M3_catboost_residual,target_lag_30_missing_flag,0.0,sealed_confirmation_2024_plus
M3_catboost_residual,target_lag_60_missing_flag,0.0,sealed_confirmation_2024_plus
M3_catboost_residual,fcst_flag_monsoon,0.0,sealed_confirmation_2024_plus
M3_catboost_residual,fcst_flag_tropical_cyclone,0.0,sealed_confirmation_2024_plus
M3_catboost_residual,target_roll_30_insufficient_count_flag,0.0,sealed_confirmation_2024_plus
M3_catboost_residual,target_roll_14_insufficient_count_flag,0.0,sealed_confirmation_2024_plus
M3_catboost_residual,target_roll30_minus_doy30_clim_c,0.0,sealed_confirmation_2024_plus
M3_catboost_residual,official_min_c,0.0,sealed_confirmation_2024_plus
M3_catboost_residual,target_modern_warming_signal_c,0.0,sealed_confirmation_2024_plus
M3_catboost_residual,fcst_flag_active_southerly,0.0,sealed_confirmation_2024_plus
M3_catboost_residual,rev_path_std_c,0.0,sealed_confirmation_2024_plus
M3_catboost_residual,rev_path_range_c,0.0,sealed_confirmation_2024_plus
M3_catboost_residual,rev_num_down_moves,0.0,sealed_confirmation_2024_plus
M3_catboost_residual,rev_num_same_moves,0.0,sealed_confirmation_2024_plus
M3_catboost_residual,post_2010_flag,0.0,sealed_confirmation_2024_plus
M3_catboost_residual,shoulder_season_flag,0.0,sealed_confirmation_2024_plus
M3_catboost_residual,post_2018_flag,0.0,sealed_confirmation_2024_plus
M3_catboost_residual,target_very_hot_spell_34_lag2_days,0.0,sealed_confirmation_2024_plus
