{
  "baseline": {
    "climatology_test": {
      "bias": -2.033453550553414,
      "mae": 8.355345520872197,
      "p50_abs_error": 7.166666666666664,
      "p90_abs_error": 17.333333333333336,
      "p95_abs_error": 21.041666666666668,
      "rmse": 10.605735274322937
    },
    "climatology_val": {
      "bias": -1.7677210460772106,
      "mae": 7.72129514321295,
      "p50_abs_error": 5.9090909090909065,
      "p90_abs_error": 16.436363636363645,
      "p95_abs_error": 20.254545454545458,
      "rmse": 9.90765856180408
    }
  },
  "per_station_test": {
    "KMDW": {
      "bias": -0.20835403196973357,
      "mae": 2.3682080222900823,
      "p50_abs_error": 1.8471953035931108,
      "p90_abs_error": 4.859058962649755,
      "p95_abs_error": 6.164749776271044,
      "rmse": 3.162592199409705
    }
  },
  "probabilistic_test": null,
  "probabilistic_validation": {},
  "test": {
    "bias": -0.20835403196973357,
    "mae": 2.3682080222900823,
    "p50_abs_error": 1.8471953035931108,
    "p90_abs_error": 4.859058962649755,
    "p95_abs_error": 6.164749776271044,
    "rmse": 3.162592199409705
  },
  "train": {
    "bias": 1.3120677498097763e-11,
    "mae": 0.5439507983781079,
    "p50_abs_error": 0.42727584636550375,
    "p90_abs_error": 1.1472674093210515,
    "p95_abs_error": 1.4817512430210396,
    "rmse": 0.7285983858402033
  },
  "validation": {
    "bias": 0.49992353729923245,
    "mae": 2.336843072365117,
    "p50_abs_error": 1.903649669712479,
    "p90_abs_error": 4.765119516388863,
    "p95_abs_error": 5.935109216528288,
    "rmse": 2.979311626890737
  }
}