{
  "test": {
    "bias": 0.4899965174107537,
    "corr": 0.9912143571394708,
    "mae": 1.8102542849508627,
    "maxAE": 9.008726814237114,
    "medianAE": 1.4574601100084692,
    "n": 332,
    "rmse": 2.339198012469932
  },
  "train": {
    "bias": 2.7957569447602023e-11,
    "corr": 0.9994474776308985,
    "mae": 0.3977065932385538,
    "maxAE": 6.409497939405895,
    "medianAE": 0.30863572681470686,
    "n": 1224,
    "rmse": 0.5511347126968789
  },
  "validation": {
    "bias": -0.22782538676961145,
    "corr": 0.9926465258097505,
    "mae": 1.8588901077935904,
    "maxAE": 6.793667269193975,
    "medianAE": 1.4589472996917898,
    "n": 214,
    "rmse": 2.409833649598941
  }
}