{
  "fill_values": {
    "asof_cos_hour": -1.0,
    "asof_sin_hour": 1.2246467991473535e-16,
    "choppiness": 889.1629721816756,
    "cos_doy": -0.009202252152997253,
    "gfs_n_x_mean": 78.3112536713557,
    "is_weekend": 0.28569221260815825,
    "last_delta": 0.0013137557959814528,
    "last_delta_sign": 0.09582689335394126,
    "month": 6.457045735475896,
    "nam_n_x_mean": 78.37757074377609,
    "sign_changes": 7.313622291021672,
    "sin_doy": 0.008954716989572519
  },
  "method": "train_mean"
}