{
  "test": {
    "bias": 0.3392103276650728,
    "corr": 0.9917706137896442,
    "mae": 1.8233745428060484,
    "maxAE": 9.315850611441917,
    "medianAE": 1.4450810317990346,
    "n": 363,
    "rmse": 2.393857680967293
  },
  "train": {
    "bias": 2.299526233916733e-10,
    "corr": 0.9984278332481824,
    "mae": 0.7054075988897202,
    "maxAE": 6.967873671449375,
    "medianAE": 0.5626503520827111,
    "n": 1224,
    "rmse": 0.928239448349184
  },
  "validation": {
    "bias": -0.34791659544399606,
    "corr": 0.9892267412669103,
    "mae": 1.8849966628132042,
    "maxAE": 7.856461689708539,
    "medianAE": 1.558761547881133,
    "n": 184,
    "rmse": 2.4714029954850343
  }
}