{
  "fill_values": {
    "asof_cos_hour": -1.0,
    "asof_sin_hour": 1.2246467991473535e-16,
    "cos_doy": -0.009202252152997253,
    "gfs_cig_mean": 7.343812799505333,
    "gfs_dpt_mean": 66.86031457721441,
    "gfs_n_x_mean": 78.3112536713557,
    "gfs_p06_mean": 13.41374246405936,
    "gfs_p12_mean": 22.357937857474106,
    "gfs_pos_mean": 0.2008769700050839,
    "gfs_poz_mean": 0.0065137264870360955,
    "gfs_q06_mean": 0.21815582006492504,
    "gfs_q12_mean": 0.4183799659916525,
    "gfs_snw_mean": 0.0,
    "gfs_t06_1_mean": 15.001313958880816,
    "gfs_t06_2_mean": 1.6824084093368372,
    "gfs_t06_mean": 15.001313958880816,
    "gfs_tmp_mean": 77.53891637038183,
    "gfs_vis_mean": 6.985759004482919,
    "gfs_wdr_mean": 139.27326480136034,
    "gfs_wsp_mean": 7.20576982532076,
    "is_weekend": 0.28569221260815825,
    "month": 6.457045735475896,
    "nam_cig_mean": 7.439780810267512,
    "nam_dpt_mean": 66.57567264573991,
    "nam_n_x_mean": 78.37757074377609,
    "nam_p06_mean": 14.142241379310345,
    "nam_p12_mean": 22.883755991959177,
    "nam_pos_mean": 0.35711243611584326,
    "nam_poz_mean": 0.10386499148211244,
    "nam_q06_mean": 0.2709138704190506,
    "nam_q12_mean": 0.48531003556517704,
    "nam_snw_mean": 0.0,
    "nam_t06_1_mean": 14.505547394464203,
    "nam_t06_2_mean": 2.4159579403123552,
    "nam_t06_mean": 14.505547394464203,
    "nam_tmp_mean": 77.52555280655636,
    "nam_vis_mean": 6.973036183701871,
    "nam_wdr_mean": 140.7124632750889,
    "nam_wsp_mean": 7.307194216792949,
    "sin_doy": 0.008954716989572519
  },
  "method": "train_mean"
}