{
  "per_station_test": {
    "KMIA": {
      "bias": 0.3098277312719502,
      "mae": 1.2409858239020666,
      "p50_abs_error": 0.8562692942844379,
      "p90_abs_error": 2.7967454466484263,
      "p95_abs_error": 3.6548467414365664,
      "rmse": 1.755269587520542
    }
  },
  "test": {
    "bias": 0.3098277312719502,
    "mae": 1.2409858239020666,
    "p50_abs_error": 0.8562692942844379,
    "p90_abs_error": 2.7967454466484263,
    "p95_abs_error": 3.6548467414365664,
    "rmse": 1.755269587520542
  },
  "train": {
    "bias": 9.962692063990872e-11,
    "mae": 0.9286544795862445,
    "p50_abs_error": 0.7391640305309366,
    "p90_abs_error": 1.9565914273402985,
    "p95_abs_error": 2.4263870116417063,
    "rmse": 1.2159162498159555
  },
  "validation": {
    "bias": 0.48530335215960285,
    "mae": 1.2586405976179298,
    "p50_abs_error": 0.9907712084349924,
    "p90_abs_error": 2.642646398431549,
    "p95_abs_error": 3.4766355639317017,
    "rmse": 1.6851102818710204
  }
}