{
  "fill_values": {
    "asof_cos_hour": -1.0,
    "asof_sin_hour": 1.2246467991473535e-16,
    "cos_doy": -0.009202252152997253,
    "gfs_n_x_mean": 78.3112536713557,
    "is_weekend": 0.28569221260815825,
    "month": 6.457045735475896,
    "nam_n_x_mean": 78.37757074377609,
    "sin_doy": 0.008954716989572519,
    "vol30": 2.615587037728436,
    "vol7": 2.182187749877961,
    "vol_ratio": 0.8824456359242931,
    "vov30": 1.1850062300132251,
    "vov_z": 0.01124734951869416
  },
  "method": "train_mean"
}