{
  "per_station_test": {
    "KMIA": {
      "bias": 0.20429457706321127,
      "mae": 1.5855369547521674,
      "p50_abs_error": 1.2650796702888485,
      "p90_abs_error": 3.0944804020767704,
      "p95_abs_error": 3.97896206708397,
      "rmse": 2.0951846975820883
    }
  },
  "test": {
    "bias": 0.20429457706321127,
    "mae": 1.5855369547521674,
    "p50_abs_error": 1.2650796702888485,
    "p90_abs_error": 3.0944804020767704,
    "p95_abs_error": 3.97896206708397,
    "rmse": 2.0951846975820883
  },
  "train": {
    "bias": 2.1809901556780493e-10,
    "mae": 1.2359601208945126,
    "p50_abs_error": 0.9397395703795581,
    "p90_abs_error": 2.7325448525278495,
    "p95_abs_error": 3.4260871579633982,
    "rmse": 1.6624729532616116
  },
  "validation": {
    "bias": 0.21203573093112585,
    "mae": 1.5642645742951937,
    "p50_abs_error": 1.1810440005021263,
    "p90_abs_error": 3.0752857381291308,
    "p95_abs_error": 3.4850709082919504,
    "rmse": 2.0242196625452884
  }
}