{
  "fill_values": {
    "asof_cos_hour": -1.0,
    "asof_sin_hour": 1.2246467991473535e-16,
    "bias_depbin": 6.807517157924376,
    "bin_dep": 1.0012360939431397,
    "cos_doy": -0.009202252152997253,
    "gfs_dpt_mean": 66.86031457721441,
    "gfs_n_x_mean": 78.3112536713557,
    "gfs_tmp_mean": 77.53891637038183,
    "is_weekend": 0.28569221260815825,
    "mae_depbin": 6.907375501729424,
    "month": 6.457045735475896,
    "nam_dpt_mean": 66.57567264573991,
    "nam_n_x_mean": 78.37757074377609,
    "nam_tmp_mean": 77.52555280655636,
    "nx_depbin_bc": 85.18434197544262,
    "sin_doy": 0.008954716989572519
  },
  "method": "train_mean"
}