{
  "per_station_test": {
    "KMIA": {
      "bias": 0.0785778383770995,
      "mae": 1.5396930112042002,
      "p50_abs_error": 1.2926031370947655,
      "p90_abs_error": 3.106488368945654,
      "p95_abs_error": 4.121883152358313,
      "rmse": 2.011833202926858
    }
  },
  "test": {
    "bias": 0.0785778383770995,
    "mae": 1.5396930112042002,
    "p50_abs_error": 1.2926031370947655,
    "p90_abs_error": 3.106488368945654,
    "p95_abs_error": 4.121883152358313,
    "rmse": 2.011833202926858
  },
  "train": {
    "bias": 1.8862633087123996e-10,
    "mae": 1.2122590044375237,
    "p50_abs_error": 0.9208719172622395,
    "p90_abs_error": 2.6651645380707865,
    "p95_abs_error": 3.373612402467301,
    "rmse": 1.62174484252699
  },
  "validation": {
    "bias": 0.18194707134240706,
    "mae": 1.4180946410376374,
    "p50_abs_error": 1.2046889831219403,
    "p90_abs_error": 3.0157974898174245,
    "p95_abs_error": 3.637940614236913,
    "rmse": 1.870759256273853
  }
}