{
  "test": {
    "bias": 0.5719732501223309,
    "corr": 0.9907110729091922,
    "mae": 1.8305974767295716,
    "maxAE": 9.273358218376323,
    "medianAE": 1.4227570897625874,
    "n": 332,
    "rmse": 2.4204417673684446
  },
  "train": {
    "bias": 1.4939966765530317e-10,
    "corr": 0.9988609915349645,
    "mae": 0.5908242048434457,
    "maxAE": 6.877537184418891,
    "medianAE": 0.47000141300715725,
    "n": 1224,
    "rmse": 0.7905850048570868
  },
  "validation": {
    "bias": -0.2208213913924671,
    "corr": 0.9925152814197189,
    "mae": 1.8718060942734585,
    "maxAE": 7.409805195547243,
    "medianAE": 1.4612624673339027,
    "n": 214,
    "rmse": 2.4594523658988163
  }
}