{
  "per_station_test": {
    "KMIA": {
      "bias": 0.17196750895458893,
      "mae": 1.5766613588610388,
      "p50_abs_error": 1.1933083337604842,
      "p90_abs_error": 3.208063001165007,
      "p95_abs_error": 4.035697120988545,
      "rmse": 2.1381926172644876
    }
  },
  "test": {
    "bias": 0.17196750895458893,
    "mae": 1.5766613588610388,
    "p50_abs_error": 1.1933083337604842,
    "p90_abs_error": 3.208063001165007,
    "p95_abs_error": 4.035697120988545,
    "rmse": 2.1381926172644876
  },
  "train": {
    "bias": 6.690429119931219e-11,
    "mae": 1.2872611327282435,
    "p50_abs_error": 0.9576597735383956,
    "p90_abs_error": 2.83407074662158,
    "p95_abs_error": 3.604298922145287,
    "rmse": 1.7312306211193476
  },
  "validation": {
    "bias": 0.34398688771061936,
    "mae": 1.6341686888031137,
    "p50_abs_error": 1.4842477672598733,
    "p90_abs_error": 3.521542896031659,
    "p95_abs_error": 4.187247826861166,
    "rmse": 2.146487232621312
  }
}