{
  "baseline": {
    "climatology_test": {
      "bias": 1.4871987951807228,
      "mae": 7.180973895582328,
      "p50_abs_error": 5.875,
      "p90_abs_error": 15.5,
      "p95_abs_error": 18.474999999999994,
      "rmse": 9.283245774427915
    },
    "climatology_val": {
      "bias": 0.5875862806181661,
      "mae": 6.400670392767698,
      "p50_abs_error": 5.333333333333332,
      "p90_abs_error": 13.233333333333341,
      "p95_abs_error": 15.899999999999995,
      "rmse": 8.091352143340583
    },
    "ensemble_mean_test": {
      "bias": -0.9757020454431103,
      "mae": 2.040630921090158,
      "p50_abs_error": 1.7530219857820768,
      "p90_abs_error": 3.974477927849831,
      "p95_abs_error": 5.016255478594331,
      "rmse": 2.573524609161314
    },
    "ensemble_mean_val": {
      "bias": -1.0437450881480794,
      "mae": 1.8520732612230244,
      "p50_abs_error": 1.5978093524235177,
      "p90_abs_error": 3.7974776308777014,
      "p95_abs_error": 4.961002867274086,
      "rmse": 2.38555211604075
    }
  },
  "per_station_test": {
    "KNYC": {
      "bias": 0.4728416025368997,
      "mae": 1.841200972329406,
      "p50_abs_error": 1.5553961954437057,
      "p90_abs_error": 3.825500791984842,
      "p95_abs_error": 4.662870264860277,
      "rmse": 2.404506755089886
    }
  },
  "probabilistic_test": {
    "brier_scores": {
      "ge_90": 0.03220831792788387,
      "lt_52": 0.038303085732363885
    },
    "log_loss": 2.849641535267277
  },
  "probabilistic_validation": {
    "brier_scores": {
      "ge_90": 0.027463932812445496,
      "lt_52": 0.029161302314039295
    },
    "log_loss": 2.609245633804944
  },
  "test": {
    "bias": 0.4728416025368997,
    "mae": 1.841200972329406,
    "p50_abs_error": 1.5553961954437057,
    "p90_abs_error": 3.825500791984842,
    "p95_abs_error": 4.662870264860277,
    "rmse": 2.404506755089886
  },
  "train": {
    "bias": 0.0001917834742898545,
    "mae": 0.9061612831028577,
    "p50_abs_error": 0.7416343412575195,
    "p90_abs_error": 1.888482302779589,
    "p95_abs_error": 2.2303948432997514,
    "rmse": 1.1499192986569957
  },
  "validation": {
    "bias": -0.13841587525944693,
    "mae": 1.7021685850925736,
    "p50_abs_error": 1.3638148776344075,
    "p90_abs_error": 3.5038800968326824,
    "p95_abs_error": 4.638663092137894,
    "rmse": 2.223260346572769
  }
}