{
  "test": {
    "bias": 0.3588560339239892,
    "corr": 0.9904340453897015,
    "mae": 1.8344308185945315,
    "maxAE": 10.596783018835893,
    "medianAE": 1.3789684411862382,
    "n": 332,
    "rmse": 2.418309644735222
  },
  "train": {
    "bias": -4.1703068014126696e-11,
    "corr": 0.9991430624493229,
    "mae": 0.5023387581357932,
    "maxAE": 6.547546576075668,
    "medianAE": 0.4017356296316734,
    "n": 1224,
    "rmse": 0.6860021753004704
  },
  "validation": {
    "bias": -0.42557756553715764,
    "corr": 0.9922622642153557,
    "mae": 1.854526770998023,
    "maxAE": 7.779985049954735,
    "medianAE": 1.4093647174617203,
    "n": 214,
    "rmse": 2.465381319425841
  }
}