{
  "test": {
    "bias": 0.3072370072223671,
    "corr": 0.9904774566484126,
    "mae": 1.844656213311922,
    "maxAE": 10.446924040526206,
    "medianAE": 1.5342839892614357,
    "n": 332,
    "rmse": 2.401520016531885
  },
  "train": {
    "bias": -3.303693992302512e-11,
    "corr": 0.9992326520239483,
    "mae": 0.47696120534344344,
    "maxAE": 6.505613083594621,
    "medianAE": 0.3756318957171807,
    "n": 1224,
    "rmse": 0.6491315006492241
  },
  "validation": {
    "bias": -0.1695596604057565,
    "corr": 0.9922391165980917,
    "mae": 1.9126634635181383,
    "maxAE": 7.2551332532889745,
    "medianAE": 1.440183394374813,
    "n": 214,
    "rmse": 2.470339331414503
  }
}