{
  "fill_values": {
    "asof_cos_hour": -1.0,
    "asof_sin_hour": 1.2246467991473535e-16,
    "cos_doy": -0.009202252152997253,
    "ewmae_ens_14": 6.819651641541345,
    "ewmae_ens_30": 6.811271906929873,
    "ewmae_ens_7": 6.8230581931244485,
    "ewmae_gfs_14": 6.784708939552624,
    "ewmae_gfs_30": 6.775260630442826,
    "ewmae_gfs_7": 6.788562647482212,
    "ewmae_nam_14": 6.865569849536041,
    "ewmae_nam_30": 6.858248257500907,
    "ewmae_nam_7": 6.868434511410554,
    "ewmbias_ens_14": 6.737150036586008,
    "ewmbias_ens_30": 6.728892622648991,
    "ewmbias_ens_7": 6.740496616895119,
    "ewmbias_gfs_14": 6.769857320486629,
    "ewmbias_gfs_30": 6.760691788826999,
    "ewmbias_gfs_7": 6.773573807590916,
    "ewmbias_nam_14": 6.703981054267308,
    "ewmbias_nam_30": 6.6966554053502,
    "ewmbias_nam_7": 6.706848718653431,
    "gfs_n_x_mean": 78.3112536713557,
    "is_weekend": 0.28569221260815825,
    "log_skill_ratio_14": -0.007668296756598324,
    "log_skill_ratio_30": -0.010028002181226691,
    "log_skill_ratio_7": -0.005551956278574262,
    "month": 6.457045735475896,
    "nam_n_x_mean": 78.37757074377609,
    "nx_ens_bc_14": 85.08785039256804,
    "nx_ens_bc_30": 85.07959297863103,
    "nx_ens_bc_7": 85.09119697287717,
    "nx_gfs_bc_14": 85.08792301450978,
    "nx_gfs_bc_30": 85.07870170912531,
    "nx_gfs_bc_7": 85.09174881118403,
    "nx_nam_bc_14": 85.08743945997789,
    "nx_nam_bc_30": 85.08012470063926,
    "nx_nam_bc_7": 85.09035620864175,
    "sin_doy": 0.008954716989572519,
    "skill_ratio_14": 0.9958955735791553,
    "skill_ratio_30": 0.9925923055097059,
    "skill_ratio_7": 0.9988619371319928
  },
  "method": "train_mean"
}