{
  "test": {
    "bias": 0.34843855955780606,
    "corr": 0.9917627649961562,
    "mae": 1.8374159232180316,
    "maxAE": 8.625584452208258,
    "medianAE": 1.433675608773214,
    "n": 363,
    "rmse": 2.396013931613151
  },
  "train": {
    "bias": 1.610609975091244e-11,
    "corr": 0.9990028824418004,
    "mae": 0.5262434645258992,
    "maxAE": 7.064211214294524,
    "medianAE": 0.4109193686803856,
    "n": 1224,
    "rmse": 0.7399925901860464
  },
  "validation": {
    "bias": -0.2845501256594513,
    "corr": 0.9899752250908121,
    "mae": 1.8111215433893493,
    "maxAE": 7.923432812910136,
    "medianAE": 1.40079794654784,
    "n": 184,
    "rmse": 2.3851195063118333
  }
}