{
  "test": {
    "bias": 0.41425497584843124,
    "corr": 0.9909025033870706,
    "mae": 1.827734024372116,
    "maxAE": 8.87108885298209,
    "medianAE": 1.4808706801307885,
    "n": 332,
    "rmse": 2.3692015913621147
  },
  "train": {
    "bias": -1.864344263573282e-11,
    "corr": 0.9990908050862124,
    "mae": 0.5197178699368616,
    "maxAE": 6.933163239007609,
    "medianAE": 0.41412897786695524,
    "n": 1224,
    "rmse": 0.706700056348081
  },
  "validation": {
    "bias": -0.21895103216531792,
    "corr": 0.9928025653494078,
    "mae": 1.8212758291031013,
    "maxAE": 7.049025326926753,
    "medianAE": 1.3826292386689722,
    "n": 214,
    "rmse": 2.394876363818182
  }
}