{
  "fill_values": {
    "asof_cos_hour": -1.0,
    "asof_sin_hour": 1.2246467991473535e-16,
    "cos_doy": -0.009202252152997253,
    "drift_30": 0.004176709741252042,
    "gfs_n_x_mean": 78.3112536713557,
    "is_weekend": 0.28569221260815825,
    "month": 6.457045735475896,
    "nam_n_x_mean": 78.37757074377609,
    "nx_seas_bc": 85.08467243510506,
    "nx_seas_drift_bc": 85.09951955300508,
    "seas_bias": 6.7402850741656355,
    "sin_doy": 0.008954716989572519
  },
  "method": "train_mean"
}