{
  "test": {
    "bias": 0.451857337449079,
    "corr": 0.9911733521551993,
    "mae": 1.7523000783533431,
    "maxAE": 11.15993396507151,
    "medianAE": 1.4159260483753329,
    "n": 332,
    "rmse": 2.3368278991117957
  },
  "train": {
    "bias": 6.874718659268111e-11,
    "corr": 0.999172904890063,
    "mae": 0.4847664636471525,
    "maxAE": 6.91979890783475,
    "medianAE": 0.3782024293949746,
    "n": 1224,
    "rmse": 0.6741132722657682
  },
  "validation": {
    "bias": -0.2223492763796404,
    "corr": 0.9925680780802099,
    "mae": 1.8631072698310718,
    "maxAE": 7.6152100024489755,
    "medianAE": 1.4489639273977488,
    "n": 214,
    "rmse": 2.436056213348084
  }
}