{
  "test": {
    "bias": 0.2477946710421281,
    "corr": 0.9908646335592128,
    "mae": 1.8004570513808908,
    "maxAE": 9.218005625556131,
    "medianAE": 1.4866554703845658,
    "n": 332,
    "rmse": 2.345358587774934
  },
  "train": {
    "bias": 1.2161138037042583e-10,
    "corr": 0.9987384602453726,
    "mae": 0.625986527026111,
    "maxAE": 6.774226595281231,
    "medianAE": 0.5083640456019651,
    "n": 1224,
    "rmse": 0.8318547014551474
  },
  "validation": {
    "bias": -0.21657617592717854,
    "corr": 0.9918056924272417,
    "mae": 1.9109891689768417,
    "maxAE": 8.147005996760974,
    "medianAE": 1.4690649600631929,
    "n": 214,
    "rmse": 2.5209209335752374
  }
}