{
  "fill_values": {
    "asof_cos_hour": -1.0,
    "asof_sin_hour": 1.2246467991473535e-16,
    "cos_doy": -0.009202252152997253,
    "frac_sd_pos_30": 0.40477061113735185,
    "gfs_n_x_mean": 78.3112536713557,
    "is_weekend": 0.28569221260815825,
    "mean_ad_30": 0.9772645840897622,
    "mean_ad_60": 0.9771384264316677,
    "mean_ad_7": 0.9764640261547637,
    "mean_sd_30": -0.06985520144282242,
    "mean_sd_60": -0.07094107290325212,
    "mean_sd_7": -0.06872878423056249,
    "month": 6.457045735475896,
    "nam_n_x_mean": 78.37757074377609,
    "runlen_sd_sign": 2.2316488950703137,
    "sin_doy": 0.008954716989572519,
    "slope_ad_30": -0.00021427542398524455,
    "std_sd_30": 1.455051138599927,
    "std_sd_60": 1.6482245844065015,
    "std_sd_7": 1.0943433850975137
  },
  "method": "train_mean"
}