{
  "per_station_test": {
    "KMIA": {
      "bias": 0.1532445066841452,
      "mae": 1.7033006950221596,
      "p50_abs_error": 1.3927551298842218,
      "p90_abs_error": 3.360176718024103,
      "p95_abs_error": 4.160045310852034,
      "rmse": 2.2332239598026016
    }
  },
  "test": {
    "bias": 0.1532445066841452,
    "mae": 1.7033006950221596,
    "p50_abs_error": 1.3927551298842218,
    "p90_abs_error": 3.360176718024103,
    "p95_abs_error": 4.160045310852034,
    "rmse": 2.2332239598026016
  },
  "train": {
    "bias": -1.4145655173241045e-10,
    "mae": 1.1788144570151415,
    "p50_abs_error": 0.8831570680263141,
    "p90_abs_error": 2.5881107994658334,
    "p95_abs_error": 3.2716826804434467,
    "rmse": 1.58135068953917
  },
  "validation": {
    "bias": 0.28515551082263035,
    "mae": 1.7036159412068823,
    "p50_abs_error": 1.2471234179828201,
    "p90_abs_error": 3.492732110776632,
    "p95_abs_error": 3.928133281358992,
    "rmse": 2.178816575210584
  }
}