{
  "test": {
    "bias": 0.3959343223022739,
    "corr": 0.9905105375667702,
    "mae": 1.8476625814247694,
    "maxAE": 9.850617283170422,
    "medianAE": 1.4891775194085017,
    "n": 332,
    "rmse": 2.4096575522365753
  },
  "train": {
    "bias": -1.3231439763737304e-10,
    "corr": 0.9992551574565707,
    "mae": 0.46159834705172426,
    "maxAE": 7.067779030336169,
    "medianAE": 0.35383687915852136,
    "n": 1224,
    "rmse": 0.639973900438592
  },
  "validation": {
    "bias": -0.2369151557061511,
    "corr": 0.9920368111753557,
    "mae": 1.9141540883199415,
    "maxAE": 7.5907012884924825,
    "medianAE": 1.458266764363266,
    "n": 214,
    "rmse": 2.5065672415930518
  }
}