{
  "fill_values": {
    "asof_cos_hour": -1.0,
    "asof_sin_hour": 1.2246467991473535e-16,
    "cos_doy": -0.009202252152997253,
    "gfs_n_x_mean": 78.3112536713557,
    "is_weekend": 0.28569221260815825,
    "logit_w": 0.3483593015483261,
    "month": 6.457045735475896,
    "nam_n_x_mean": 78.37757074377609,
    "nx_ewa": 78.3379292694202,
    "sin_doy": 0.008954716989572519,
    "w_gfs": 0.5715885235345883,
    "w_nam": 0.4284114764654117
  },
  "method": "train_mean"
}