{
  "per_station_test": {
    "KMIA": {
      "bias": -0.34362427365244946,
      "mae": 1.6707837140879072,
      "p50_abs_error": 1.3484401961028212,
      "p90_abs_error": 3.371400808213913,
      "p95_abs_error": 4.023852732817645,
      "rmse": 2.1813242451539074
    }
  },
  "test": {
    "bias": -0.34362427365244946,
    "mae": 1.6707837140879072,
    "p50_abs_error": 1.3484401961028212,
    "p90_abs_error": 3.371400808213913,
    "p95_abs_error": 4.023852732817645,
    "rmse": 2.1813242451539074
  },
  "train": {
    "bias": 1.8471915385832566e-13,
    "mae": 1.2925129064957444,
    "p50_abs_error": 0.9501885357655482,
    "p90_abs_error": 2.8713928761661074,
    "p95_abs_error": 3.545111224874242,
    "rmse": 1.7466087818595122
  },
  "validation": {
    "bias": -0.28157629281637714,
    "mae": 1.6028512849357035,
    "p50_abs_error": 1.52719878838991,
    "p90_abs_error": 3.217757421195174,
    "p95_abs_error": 3.7350217525090867,
    "rmse": 2.064946035187947
  }
}