{
  "test": {
    "bias": 0.4800806767348204,
    "corr": 0.9909727757367213,
    "mae": 1.8092390688205195,
    "maxAE": 8.239322924294981,
    "medianAE": 1.5013431974847293,
    "n": 332,
    "rmse": 2.3675600243388795
  },
  "train": {
    "bias": -6.1948093713561e-12,
    "corr": 0.9990053013198043,
    "mae": 0.562775805678382,
    "maxAE": 6.217081346373476,
    "medianAE": 0.46163366625951596,
    "n": 1224,
    "rmse": 0.7390764853677926
  },
  "validation": {
    "bias": -0.3004034764221161,
    "corr": 0.9919301354946449,
    "mae": 1.8998860539922058,
    "maxAE": 7.406392996840189,
    "medianAE": 1.48466241741205,
    "n": 214,
    "rmse": 2.4986444334225664
  }
}