{
  "baseline": {
    "climatology_test": {
      "bias": 1.4871987951807228,
      "mae": 7.180973895582328,
      "p50_abs_error": 5.875,
      "p90_abs_error": 15.5,
      "p95_abs_error": 18.474999999999994,
      "rmse": 9.283245774427915
    },
    "climatology_val": {
      "bias": 0.5875862806181661,
      "mae": 6.400670392767698,
      "p50_abs_error": 5.333333333333332,
      "p90_abs_error": 13.233333333333341,
      "p95_abs_error": 15.899999999999995,
      "rmse": 8.091352143340583
    },
    "ensemble_mean_test": {
      "bias": -0.9757020454431103,
      "mae": 2.040630921090158,
      "p50_abs_error": 1.7530219857820768,
      "p90_abs_error": 3.974477927849831,
      "p95_abs_error": 5.016255478594331,
      "rmse": 2.573524609161314
    },
    "ensemble_mean_val": {
      "bias": -1.0437450881480794,
      "mae": 1.8520732612230244,
      "p50_abs_error": 1.5978093524235177,
      "p90_abs_error": 3.7974776308777014,
      "p95_abs_error": 4.961002867274086,
      "rmse": 2.38555211604075
    }
  },
  "per_station_test": {
    "KNYC": {
      "bias": 0.47060300422225654,
      "mae": 1.8646580851368875,
      "p50_abs_error": 1.5043623264070227,
      "p90_abs_error": 3.9083932233684875,
      "p95_abs_error": 4.807935060814377,
      "rmse": 2.4521609354524543
    }
  },
  "probabilistic_test": {
    "brier_scores": {
      "ge_90": 0.027114544847333246,
      "lt_52": 0.03709330570886903
    },
    "log_loss": 3.4252950957812978
  },
  "probabilistic_validation": {
    "brier_scores": {
      "ge_90": 0.024285071322216894,
      "lt_52": 0.02888935873764984
    },
    "log_loss": 3.480630146810686
  },
  "test": {
    "bias": 0.47060300422225654,
    "mae": 1.8646580851368875,
    "p50_abs_error": 1.5043623264070227,
    "p90_abs_error": 3.9083932233684875,
    "p95_abs_error": 4.807935060814377,
    "rmse": 2.4521609354524543
  },
  "train": {
    "bias": 7.391236156828317e-06,
    "mae": 0.3376094024739352,
    "p50_abs_error": 0.2556889791709622,
    "p90_abs_error": 0.6961985502456082,
    "p95_abs_error": 0.9071125574686391,
    "rmse": 0.49432704383385456
  },
  "validation": {
    "bias": -0.2841026181737234,
    "mae": 1.8473060844293916,
    "p50_abs_error": 1.37248149825243,
    "p90_abs_error": 4.501273408918873,
    "p95_abs_error": 5.2617855096585435,
    "rmse": 2.461910952562048
  }
}