{
  "test": {
    "bias": 0.28043730880099405,
    "corr": 0.9916523557189593,
    "mae": 1.7405831347687417,
    "maxAE": 9.127795234109485,
    "medianAE": 1.4243264040139998,
    "n": 332,
    "rmse": 2.250749111363038
  },
  "train": {
    "bias": 9.844104035921809e-11,
    "corr": 0.9990433963126706,
    "mae": 0.5351655906282334,
    "maxAE": 6.821358064752811,
    "medianAE": 0.42706990676609635,
    "n": 1224,
    "rmse": 0.7246029932084285
  },
  "validation": {
    "bias": -0.6239835273778445,
    "corr": 0.9921527667966754,
    "mae": 1.894626903940773,
    "maxAE": 8.047348914723287,
    "medianAE": 1.3489764534135134,
    "n": 214,
    "rmse": 2.556138193393122
  }
}