{
  "per_station_test": {
    "KMIA": {
      "bias": -0.12695869816812685,
      "mae": 1.5795649167215577,
      "p50_abs_error": 1.258525083197192,
      "p90_abs_error": 3.1940600711421747,
      "p95_abs_error": 3.9870190048175185,
      "rmse": 2.141652275416784
    }
  },
  "test": {
    "bias": -0.12695869816812685,
    "mae": 1.5795649167215577,
    "p50_abs_error": 1.258525083197192,
    "p90_abs_error": 3.1940600711421747,
    "p95_abs_error": 3.9870190048175185,
    "rmse": 2.141652275416784
  },
  "train": {
    "bias": 3.2377236285508944e-10,
    "mae": 1.149370346614091,
    "p50_abs_error": 0.8536586422232375,
    "p90_abs_error": 2.5577061379462296,
    "p95_abs_error": 3.225779970561797,
    "rmse": 1.5497299512423524
  },
  "validation": {
    "bias": -0.23575183064236133,
    "mae": 1.7105513743285934,
    "p50_abs_error": 1.2532295175599728,
    "p90_abs_error": 3.5927903826111534,
    "p95_abs_error": 3.9106201611075133,
    "rmse": 2.1275485361096087
  }
}