{
  "test": {
    "bias": 0.4467746319075636,
    "corr": 0.991443157069136,
    "mae": 1.7315964370065513,
    "maxAE": 8.681823751221508,
    "medianAE": 1.4039498319834607,
    "n": 332,
    "rmse": 2.3012147833404417
  },
  "train": {
    "bias": 6.350805720092234e-11,
    "corr": 0.9996529824574588,
    "mae": 0.2978548917404873,
    "maxAE": 6.32597694828344,
    "medianAE": 0.22391881229080468,
    "n": 1224,
    "rmse": 0.4370398097583814
  },
  "validation": {
    "bias": -0.21793036511014693,
    "corr": 0.9921591049947884,
    "mae": 1.8925672825804685,
    "maxAE": 7.64810127986577,
    "medianAE": 1.4404007764823703,
    "n": 214,
    "rmse": 2.509085595550309
  }
}