{
  "fill_values": {
    "best_is_gefsatmosmean_tmax_f": 0.0,
    "best_is_gfs_tmax_f": 0.0,
    "best_is_hrrr_tmax_f": 0.0,
    "best_is_nam_tmax_f": 0.0,
    "best_is_nbm_tmax_f": 1.0,
    "best_is_rap_tmax_f": 0.0,
    "best_model_forecast_today": 65.91202636718758,
    "cos_doy": -0.05695101102736663,
    "day_of_year": 190.0,
    "gefsatmos_tmp_spread_f": 1.958086377902673,
    "gefsatmosmean_tmax_f": 64.75672635773688,
    "gfs_tmax_f": 66.0,
    "hrrr_tmax_f": 65.02425964355473,
    "is_weekend": 0.0,
    "mae_ensmean_rm60_l2": 2.031771805837743,
    "mae_gefsatmosmean_tmax_f_rm60_l2": 2.5915696404569757,
    "mae_gfs_tmax_f_rm60_l2": 2.35,
    "mae_hrrr_tmax_f_rm60_l2": 2.7181280110677135,
    "mae_nam_tmax_f_rm60_l2": 2.716666666666667,
    "mae_nbm_tmax_f_rm60_l2": 2.144235677083304,
    "mae_rap_tmax_f_rm60_l2": 3.0888663126627542,
    "month": 7.0,
    "nam_tmax_f": 65.0,
    "nbm_tmax_f": 64.4179736328125,
    "rap_tmax_f": 63.79722412109379,
    "rel_mae_gefsatmosmean_tmax_f_vs_ens_rm60_l2": 0.442149423370898,
    "rel_mae_gfs_tmax_f_vs_ens_rm60_l2": 0.42440843940107875,
    "rel_mae_hrrr_tmax_f_vs_ens_rm60_l2": 0.6153917284565456,
    "rel_mae_nam_tmax_f_vs_ens_rm60_l2": 0.6128937708568161,
    "rel_mae_nbm_tmax_f_vs_ens_rm60_l2": 0.05066378134448968,
    "rel_mae_rap_tmax_f_vs_ens_rm60_l2": 1.1104461827650622,
    "sin_doy": -0.05695216311707674
  },
  "method": "train_median"
}