{
  "bias": -1.8769859404117866e-12,
  "mae": 0.29539527328384807,
  "n": 1408,
  "rmse": 0.4561294619718302
}