{
  "test": {
    "bias": 0.553715657442446,
    "corr": 0.9905686361842144,
    "mae": 1.8828330802558866,
    "maxAE": 9.402659297417372,
    "medianAE": 1.4858341280195866,
    "n": 332,
    "rmse": 2.4402384762323814
  },
  "train": {
    "bias": 1.507814062423219e-11,
    "corr": 0.9990388869841497,
    "mae": 0.5371698987872491,
    "maxAE": 6.738202348396456,
    "medianAE": 0.4402010782008645,
    "n": 1224,
    "rmse": 0.7263799851274438
  },
  "validation": {
    "bias": -0.1345576651463609,
    "corr": 0.991600699620216,
    "mae": 1.9677292268873277,
    "maxAE": 7.646914505104348,
    "medianAE": 1.637477909565444,
    "n": 214,
    "rmse": 2.538406831989943
  }
}