{
  "fill_values": {
    "asof_cos_hour": -1.0,
    "asof_sin_hour": 1.2246467991473535e-16,
    "bias_humid_cloud": 6.888496987864153,
    "cos_doy": -0.009202252152997253,
    "gfs_cig_min": 6.4857010357087646,
    "gfs_dpt_mean": 66.86031457721441,
    "gfs_n_x_mean": 78.3112536713557,
    "gfs_p12_mean": 22.357937857474106,
    "gfs_tmp_mean": 77.53891637038183,
    "is_weekend": 0.28569221260815825,
    "month": 6.457045735475896,
    "nam_cig_min": 6.635379619607237,
    "nam_dpt_mean": 66.57567264573991,
    "nam_n_x_mean": 78.37757074377609,
    "nam_p12_mean": 22.883755991959177,
    "nam_tmp_mean": 77.52555280655636,
    "nx_humid_cloud_bc": 85.26619580737331,
    "reg_humid_cloud": 0.9276885043263288,
    "sin_doy": 0.008954716989572519
  },
  "method": "train_mean"
}