{
  "per_station_test": {
    "KMIA": {
      "bias": 0.19036577753854836,
      "mae": 1.4824992550338667,
      "p50_abs_error": 1.1400676723367056,
      "p90_abs_error": 3.07353014840471,
      "p95_abs_error": 3.6532697319812613,
      "rmse": 1.9265135935201978
    }
  },
  "test": {
    "bias": 0.19036577753854836,
    "mae": 1.4824992550338667,
    "p50_abs_error": 1.1400676723367056,
    "p90_abs_error": 3.07353014840471,
    "p95_abs_error": 3.6532697319812613,
    "rmse": 1.9265135935201978
  },
  "train": {
    "bias": -1.7983078671283488e-10,
    "mae": 1.102768953625421,
    "p50_abs_error": 0.8650981987750725,
    "p90_abs_error": 2.405578146252687,
    "p95_abs_error": 2.9659306680927133,
    "rmse": 1.4527810905457454
  },
  "validation": {
    "bias": 0.006416164375586755,
    "mae": 1.3264897325524245,
    "p50_abs_error": 0.9991132334741906,
    "p90_abs_error": 2.572652153482199,
    "p95_abs_error": 3.2356635176710533,
    "rmse": 1.6959984666188894
  }
}