{
  "test": {
    "bias": 0.3912827704724805,
    "corr": 0.9906737142773208,
    "mae": 1.8502159330143393,
    "maxAE": 8.273489046362293,
    "medianAE": 1.4275415011653934,
    "n": 332,
    "rmse": 2.388985447544513
  },
  "train": {
    "bias": -1.6157469552571057e-10,
    "corr": 0.9988918864923214,
    "mae": 0.580965604333232,
    "maxAE": 6.4540808207030445,
    "medianAE": 0.4550405256266252,
    "n": 1224,
    "rmse": 0.7798944246777834
  },
  "validation": {
    "bias": -0.15740348442117458,
    "corr": 0.9921195681775096,
    "mae": 1.9286074678746967,
    "maxAE": 6.645801784125737,
    "medianAE": 1.4276835663154088,
    "n": 214,
    "rmse": 2.48943150734468
  }
}