{
  "fill_values": {
    "asof_cos_hour": -1.0,
    "asof_sin_hour": 1.2246467991473535e-16,
    "cos_doy": -0.009202252152997253,
    "gfs_n_x_max": 84.8413974339156,
    "gfs_n_x_mean": 78.3112536713557,
    "gfs_n_x_median": 78.3112536713557,
    "gfs_n_x_min": 71.7811099087958,
    "gfs_tmp_max": 82.69794404081001,
    "gfs_tmp_mean": 77.53891637038183,
    "gfs_tmp_median": 77.15241923017467,
    "gfs_tmp_min": 73.01978667491112,
    "is_weekend": 0.28569221260815825,
    "month": 6.457045735475896,
    "n_x_anom_range": 0.003695701861903791,
    "n_x_mean_range_30": 12.919572008570587,
    "n_x_mean_range_7": 12.916559529332066,
    "n_x_range_ens": 12.91617737948084,
    "n_x_skew_ens": -1.9313967861557477e-05,
    "n_x_slope_range_30": 0.00020497783076093692,
    "nam_n_x_max": 84.76356888820163,
    "nam_n_x_mean": 78.37757074377609,
    "nam_n_x_median": 78.37760940157723,
    "nam_n_x_min": 71.99149528374826,
    "nam_tmp_max": 82.5141487552188,
    "nam_tmp_mean": 77.52555280655636,
    "nam_tmp_median": 77.14782743157569,
    "nam_tmp_min": 73.13143652389053,
    "sin_doy": 0.008954716989572519,
    "tmp_anom_range": 0.0011873047314160622,
    "tmp_mean_range_30": 9.534078545524359,
    "tmp_mean_range_7": 9.530694294108551,
    "tmp_range_ens": 9.530593325092706,
    "tmp_skew_ens": 0.38201097033374537,
    "tmp_slope_range_30": -5.2802814124078516e-05
  },
  "method": "train_mean"
}