{
  "per_station_test": {
    "KMIA": {
      "bias": 0.25604619928545314,
      "mae": 1.2565647216675346,
      "p50_abs_error": 0.9370673435657011,
      "p90_abs_error": 2.6883710409736796,
      "p95_abs_error": 3.427020739862828,
      "rmse": 1.6967726674138925
    }
  },
  "test": {
    "bias": 0.25604619928545314,
    "mae": 1.2565647216675346,
    "p50_abs_error": 0.9370673435657011,
    "p90_abs_error": 2.6883710409736796,
    "p95_abs_error": 3.427020739862828,
    "rmse": 1.6967726674138925
  },
  "train": {
    "bias": -2.0228056889166535e-10,
    "mae": 1.0190576366816446,
    "p50_abs_error": 0.7918245087735514,
    "p90_abs_error": 2.173514856763995,
    "p95_abs_error": 2.7769743714940245,
    "rmse": 1.3592272193075556
  },
  "validation": {
    "bias": 0.3829850309073181,
    "mae": 1.3515085696504578,
    "p50_abs_error": 1.0752414770452106,
    "p90_abs_error": 2.2757197986449857,
    "p95_abs_error": 3.2532318313369863,
    "rmse": 1.7179186641377724
  }
}