{
  "fill_values": {
    "ang_dev": 0.8337955378614756,
    "asof_cos_hour": -1.0,
    "asof_sin_hour": 1.2246467991473535e-16,
    "cos_doy": -0.009202252152997253,
    "gfs_n_x_mean": 78.3112536713557,
    "gfs_wdr_mean": 139.27326480136034,
    "gfs_wsp_mean": 7.20576982532076,
    "is_weekend": 0.28569221260815825,
    "month": 6.457045735475896,
    "nam_n_x_mean": 78.37757074377609,
    "nam_wdr_mean": 140.7124632750889,
    "nam_wsp_mean": 7.307194216792949,
    "sin_doy": 0.008954716989572519,
    "spd_anom_z": 0.0364731378070176
  },
  "method": "train_mean"
}