{
  "per_station_test": {
    "KMIA": {
      "bias": 0.2694949816560625,
      "mae": 1.303523659402433,
      "p50_abs_error": 0.9755759939612787,
      "p90_abs_error": 2.9620908134029738,
      "p95_abs_error": 3.8197285900815907,
      "rmse": 1.8386976286693457
    }
  },
  "test": {
    "bias": 0.2694949816560625,
    "mae": 1.303523659402433,
    "p50_abs_error": 0.9755759939612787,
    "p90_abs_error": 2.9620908134029738,
    "p95_abs_error": 3.8197285900815907,
    "rmse": 1.8386976286693457
  },
  "train": {
    "bias": 1.7625135522189368e-10,
    "mae": 1.0763127851865986,
    "p50_abs_error": 0.8300214457719477,
    "p90_abs_error": 2.2771802858047665,
    "p95_abs_error": 2.9338001186500615,
    "rmse": 1.4467324509167339
  },
  "validation": {
    "bias": 0.299603072203117,
    "mae": 1.3983841730426947,
    "p50_abs_error": 1.007856696638882,
    "p90_abs_error": 3.0778541810663036,
    "p95_abs_error": 3.6751954080836295,
    "rmse": 1.8193891658365993
  }
}