{
  "per_station_test": {
    "KMIA": {
      "bias": 0.0721561672785848,
      "mae": 1.5896017051884606,
      "p50_abs_error": 1.2413838440504321,
      "p90_abs_error": 3.2436361848214785,
      "p95_abs_error": 4.178167512964368,
      "rmse": 2.209305007973911
    }
  },
  "test": {
    "bias": 0.0721561672785848,
    "mae": 1.5896017051884606,
    "p50_abs_error": 1.2413838440504321,
    "p90_abs_error": 3.2436361848214785,
    "p95_abs_error": 4.178167512964368,
    "rmse": 2.209305007973911
  },
  "train": {
    "bias": 1.5410017555372485e-10,
    "mae": 1.1980951368151265,
    "p50_abs_error": 0.8903906664665513,
    "p90_abs_error": 2.6753010531067263,
    "p95_abs_error": 3.346390104583217,
    "rmse": 1.6143544280748106
  },
  "validation": {
    "bias": -0.06980736062832266,
    "mae": 1.7224004040363208,
    "p50_abs_error": 1.337264015645772,
    "p90_abs_error": 3.9185016462329516,
    "p95_abs_error": 4.232882293538755,
    "rmse": 2.1834078224299165
  }
}