{
  "test": {
    "bias": 0.3892272408273945,
    "corr": 0.9904680957712694,
    "mae": 1.8614234266976697,
    "maxAE": 10.124405521371067,
    "medianAE": 1.4832311894279187,
    "n": 332,
    "rmse": 2.415782956188052
  },
  "train": {
    "bias": -8.748646542142589e-11,
    "corr": 0.9995222033013859,
    "mae": 0.3634315137022848,
    "maxAE": 6.298363873993075,
    "medianAE": 0.28093608072457243,
    "n": 1224,
    "rmse": 0.5128244031861919
  },
  "validation": {
    "bias": -0.24698125730209536,
    "corr": 0.9919974513897124,
    "mae": 1.8839629962244542,
    "maxAE": 7.435791342630381,
    "medianAE": 1.490644189907151,
    "n": 214,
    "rmse": 2.5284146035862047
  }
}