{
  "test": {
    "bias": 0.3016897941870073,
    "corr": 0.9910390750312316,
    "mae": 1.8085386653263116,
    "maxAE": 8.43035807172702,
    "medianAE": 1.606567078791855,
    "n": 332,
    "rmse": 2.329573603660349
  },
  "train": {
    "bias": -5.869027268536407e-11,
    "corr": 0.9991937535666657,
    "mae": 0.4950806905135853,
    "maxAE": 6.525516323900451,
    "medianAE": 0.40589563231927883,
    "n": 1224,
    "rmse": 0.6655171684395736
  },
  "validation": {
    "bias": -0.3713137151151207,
    "corr": 0.992261761007367,
    "mae": 1.8582469438142912,
    "maxAE": 7.989308470626067,
    "medianAE": 1.421869663788307,
    "n": 214,
    "rmse": 2.4733812828591395
  }
}