{
  "test": {
    "bias": 0.06203329855082504,
    "corr": 0.9914920668732471,
    "mae": 1.7422419563142069,
    "maxAE": 8.483730463810659,
    "medianAE": 1.3997750683003432,
    "n": 332,
    "rmse": 2.2528530374334417
  },
  "train": {
    "bias": -2.2811257603245775e-11,
    "corr": 0.9993660466205453,
    "mae": 0.43102823027514575,
    "maxAE": 6.4164151240737475,
    "medianAE": 0.335492402302318,
    "n": 1224,
    "rmse": 0.5903077373944843
  },
  "validation": {
    "bias": -0.5314003920769055,
    "corr": 0.9924953214176057,
    "mae": 1.878624909397818,
    "maxAE": 7.563705286184742,
    "medianAE": 1.3773810139078506,
    "n": 214,
    "rmse": 2.438032944086262
  }
}