{
  "test": {
    "bias": 0.4211527324733285,
    "corr": 0.9907374785742215,
    "mae": 1.8055534592320195,
    "maxAE": 9.369841261365039,
    "medianAE": 1.4664781132778302,
    "n": 332,
    "rmse": 2.3897118522971454
  },
  "train": {
    "bias": -1.1375649006650997e-10,
    "corr": 0.9987567288105824,
    "mae": 0.6281318000632214,
    "maxAE": 6.937842971634964,
    "medianAE": 0.5135984654361039,
    "n": 1224,
    "rmse": 0.8258865697493107
  },
  "validation": {
    "bias": -0.26736890982744205,
    "corr": 0.9920652870242093,
    "mae": 1.9293859796544932,
    "maxAE": 7.84231919766772,
    "medianAE": 1.6179997388564828,
    "n": 214,
    "rmse": 2.502196147460961
  }
}