{
  "test": {
    "bias": 0.48252559407218154,
    "corr": 0.9905680159844124,
    "mae": 1.8474743002801322,
    "maxAE": 10.465849228778943,
    "medianAE": 1.36663016339498,
    "n": 332,
    "rmse": 2.4187782744155912
  },
  "train": {
    "bias": -1.2981845083301594e-11,
    "corr": 0.9987184909983471,
    "mae": 0.6266210345276964,
    "maxAE": 6.705507116355864,
    "medianAE": 0.4933557139246787,
    "n": 1224,
    "rmse": 0.8383163134397555
  },
  "validation": {
    "bias": -0.2454914838522061,
    "corr": 0.9918615246448244,
    "mae": 1.9616069588543354,
    "maxAE": 8.138789410606975,
    "medianAE": 1.609845482251508,
    "n": 214,
    "rmse": 2.5754561705006997
  }
}