{
  "test": {
    "bias": 0.4329932696142063,
    "corr": 0.9914872906706045,
    "mae": 1.8787520415560641,
    "maxAE": 9.82349589639994,
    "medianAE": 1.4520667995452925,
    "n": 363,
    "rmse": 2.4504380295934767
  },
  "train": {
    "bias": -5.175795014074508e-11,
    "corr": 0.9995913115593564,
    "mae": 0.32652091059955246,
    "maxAE": 6.494724946535687,
    "medianAE": 0.255158491239186,
    "n": 1224,
    "rmse": 0.47431800675479735
  },
  "validation": {
    "bias": -0.352660258202876,
    "corr": 0.9896994815088618,
    "mae": 1.8200836963639961,
    "maxAE": 7.981292726818978,
    "medianAE": 1.3341346271735262,
    "n": 184,
    "rmse": 2.4272428128560155
  }
}