{
  "test": {
    "bias": 0.3212315642435695,
    "corr": 0.9910275037857352,
    "mae": 1.7934491939992825,
    "maxAE": 8.13185790674148,
    "medianAE": 1.3798774319327904,
    "n": 332,
    "rmse": 2.333684839662283
  },
  "train": {
    "bias": 1.784993358641485e-11,
    "corr": 0.9990822234660658,
    "mae": 0.532237660075422,
    "maxAE": 6.290932108466034,
    "medianAE": 0.43831422615571825,
    "n": 1224,
    "rmse": 0.7100372983946396
  },
  "validation": {
    "bias": 0.11294362488907568,
    "corr": 0.9920691916013658,
    "mae": 1.8690892682529474,
    "maxAE": 7.564293203814216,
    "medianAE": 1.4540490399342794,
    "n": 214,
    "rmse": 2.4591387543879577
  }
}