{
  "test": {
    "bias": 0.4544008473124892,
    "corr": 0.9901406066923923,
    "mae": 1.8756274827338812,
    "maxAE": 9.824065110123271,
    "medianAE": 1.4395091597991474,
    "n": 332,
    "rmse": 2.469606229317572
  },
  "train": {
    "bias": -1.691379643459477e-11,
    "corr": 0.9987827647780212,
    "mae": 0.6157896765819416,
    "maxAE": 6.914023785505869,
    "medianAE": 0.504391045080574,
    "n": 1224,
    "rmse": 0.8170972193887176
  },
  "validation": {
    "bias": -0.3008550381552308,
    "corr": 0.9919290046838773,
    "mae": 1.922078240202866,
    "maxAE": 7.783216111994797,
    "medianAE": 1.4940488010437,
    "n": 214,
    "rmse": 2.5278159298163776
  }
}