{
  "fill_values": {
    "asof_cos_hour": -1.0,
    "asof_sin_hour": 1.2246467991473535e-16,
    "bias_ens_15": 6.742154556614696,
    "bias_ens_30": 6.742911025873302,
    "bias_ens_60": 6.746009850607351,
    "bias_ens_7": 6.741133658845536,
    "cos_doy": -0.009202252152997253,
    "gfs_n_x_mean": 78.3112536713557,
    "is_weekend": 0.28569221260815825,
    "mae_ens_15": 6.824739695933581,
    "mae_ens_30": 6.825624204167875,
    "mae_ens_60": 6.828787018936348,
    "mae_ens_7": 6.823642164877087,
    "month": 6.457045735475896,
    "nam_n_x_mean": 78.37757074377609,
    "nx_ens_bc_15": 85.0938766928376,
    "nx_ens_bc_30": 85.09951955300508,
    "nx_ens_bc_60": 85.13080919731756,
    "nx_ens_bc_7": 85.08669119054983,
    "r_ens_lag2": 6.740320710973725,
    "rmse_ens_15": 7.193886239662135,
    "rmse_ens_30": 7.257573472593818,
    "rmse_ens_60": 7.326317509490904,
    "rmse_ens_7": 7.12207712436734,
    "sin_doy": 0.008954716989572519
  },
  "method": "train_mean"
}