{
  "per_station_test": {
    "KMIA": {
      "bias": 0.13073752165778407,
      "mae": 1.553154314725793,
      "p50_abs_error": 1.2184714394780087,
      "p90_abs_error": 2.9846856969251663,
      "p95_abs_error": 4.160082262689157,
      "rmse": 2.1113237177257025
    }
  },
  "test": {
    "bias": 0.13073752165778407,
    "mae": 1.553154314725793,
    "p50_abs_error": 1.2184714394780087,
    "p90_abs_error": 2.9846856969251663,
    "p95_abs_error": 4.160082262689157,
    "rmse": 2.1113237177257025
  },
  "train": {
    "bias": -6.968784675814023e-11,
    "mae": 1.1777058495146324,
    "p50_abs_error": 0.8776098865508644,
    "p90_abs_error": 2.61912270590545,
    "p95_abs_error": 3.2582164924728323,
    "rmse": 1.5836142505008257
  },
  "validation": {
    "bias": 0.21853783026169138,
    "mae": 1.6324027174732563,
    "p50_abs_error": 1.3935671541815537,
    "p90_abs_error": 3.3542777287729684,
    "p95_abs_error": 4.557172302399809,
    "rmse": 2.139020307683272
  }
}