Target date (Local),Market file day (Local),Entry date (Stockholm),Entry time (Stockholm),Station,Bucket,Bucket raw (market),Side,Market win % (side),Model win %,EV,Amount invested ($),Profit made ($),Result,Balance after trade ($),Market open (UTC),Gate cutoff (UTC),Effective cutoff (UTC),Market file
2024-10-24,2024-10-24,2024-10-24,2024-10-24 14:53:00 CEST,KNYC,68F or above,68F or above,NO,52.0,84.48,0.3248,365.39,-365.39,Loss,2334.61,2024-10-24T12:06:00Z,2024-10-23T12:00:00Z,2024-10-24T12:36:00Z,D:\Ahmed\data\kalshi\kalshi_history\kxhighny_2024_10_01_to_2025_12_31\KNYC_20241024.csv
2024-10-25,2024-10-25,2024-10-25,2024-10-25 00:33:00 CEST,KMIA,84F to 85F,84F to 85F,NO,50.0,81.33,0.3133,292.57,-292.57,Loss,2042.04,2024-10-24T20:27:00Z,2024-10-24T12:00:00Z,2024-10-24T20:57:00Z,D:\Ahmed\data\kalshi\kalshi_history\kxhighmia_2024_10_01_to_2025_12_31\KMIA_20241025.csv
2024-10-26,2024-10-26,2024-10-26,2024-10-26 06:54:00 CEST,KMDW,62F or above,62F or above,NO,53.5,92.57,0.3907,343.13,298.23,Win,2340.27,2024-10-25T20:08:00Z,2024-10-25T12:00:00Z,2024-10-25T20:38:00Z,D:\Ahmed\data\kalshi\kalshi_history\kxhighchi_2024_10_01_to_2026_03_03\KMDW_20241026.csv
2024-10-27,2024-10-27,2024-10-26,2024-10-26 19:15:00 CEST,KNYC,57F to 58F,57F to 58F,NO,46.0,79.83,0.3383,293.21,-293.21,Loss,2047.06,2024-10-26T14:48:00Z,2024-10-26T12:00:00Z,2024-10-26T15:18:00Z,D:\Ahmed\data\kalshi\kalshi_history\kxhighny_2024_10_01_to_2025_12_31\KNYC_20241027.csv
2024-10-28,2024-10-28,2024-10-27,2024-10-27 20:26:00 CET,KNYC,59F to 60F,59F to 60F,NO,45.0,81.85,0.3685,274.27,335.22,Win,2382.28,2024-10-27T14:17:00Z,2024-10-27T12:00:00Z,2024-10-27T14:47:00Z,D:\Ahmed\data\kalshi\kalshi_history\kxhighny_2024_10_01_to_2025_12_31\KNYC_20241028.csv
2024-10-29,2024-10-29,2024-10-29,2024-10-29 01:46:00 CET,KNYC,64F to 65F,64F to 65F,NO,38.02,72.71,0.3469,266.68,434.73,Win,2817.01,2024-10-28T14:48:00Z,2024-10-28T12:00:00Z,2024-10-28T15:18:00Z,D:\Ahmed\data\kalshi\kalshi_history\kxhighny_2024_10_01_to_2025_12_31\KNYC_20241029.csv
2024-10-30,2024-10-30,2024-10-30,2024-10-30 05:36:00 CET,KNYC,71F to 72F,71F to 72F,NO,30.4,82.08,0.5168,418.36,957.84,Win,3774.85,2024-10-29T15:28:00Z,2024-10-29T12:00:00Z,2024-10-29T15:58:00Z,D:\Ahmed\data\kalshi\kalshi_history\kxhighny_2024_10_01_to_2025_12_31\KNYC_20241030.csv
2024-10-31,2024-10-31,2024-10-30,2024-10-30 21:25:00 CET,KMDW,68F to 69F,68F to 69F,NO,41.0,86.11,0.4511,577.24,830.66,Win,4605.51,2024-10-30T17:16:00Z,2024-10-30T12:00:00Z,2024-10-30T17:46:00Z,D:\Ahmed\data\kalshi\kalshi_history\kxhighchi_2024_10_01_to_2026_03_03\KMDW_20241031.csv
2024-11-01,2024-11-01,2024-10-31,2024-10-31 22:23:00 CET,KNYC,78F to 79F,78F to 79F,NO,25.0,92.25,0.6725,700.0,-700.0,Loss,3905.51,2024-10-31T14:21:00Z,2024-10-31T12:00:00Z,2024-10-31T14:51:00Z,D:\Ahmed\data\kalshi\kalshi_history\kxhighny_2024_10_01_to_2025_12_31\KNYC_20241101.csv
2024-11-02,2024-11-02,2024-11-01,2024-11-01 18:34:00 CET,KNYC,63F or above,63F or above,NO,26.07,100.0,0.7393,700.0,1985.08,Win,5890.59,2024-11-01T14:10:00Z,2024-11-01T12:00:00Z,2024-11-01T14:40:00Z,D:\Ahmed\data\kalshi\kalshi_history\kxhighny_2024_10_01_to_2025_12_31\KNYC_20241102.csv
2024-11-03,2024-11-03,2024-11-02,2024-11-02 17:04:00 CET,KNYC,56F to 57F,56F to 57F,NO,47.08,82.34,0.3526,700.0,786.83,Win,6677.42,2024-11-02T14:08:00Z,2024-11-02T12:00:00Z,2024-11-02T14:38:00Z,D:\Ahmed\data\kalshi\kalshi_history\kxhighny_2024_10_01_to_2025_12_31\KNYC_20241103.csv
2024-11-04,2024-11-04,2024-11-04,2024-11-04 11:21:00 CET,KNYC,57F to 58F,57F to 58F,NO,36.0,73.43,0.3743,700.0,-700.0,Loss,5977.42,2024-11-03T15:37:00Z,2024-11-03T12:00:00Z,2024-11-03T16:07:00Z,D:\Ahmed\data\kalshi\kalshi_history\kxhighny_2024_10_01_to_2025_12_31\KNYC_20241104.csv
2024-11-05,2024-11-05,2024-11-05,2024-11-05 00:34:00 CET,KNYC,67F to 68F,67F to 68F,NO,67.0,100.0,0.33,700.0,344.78,Win,6322.2,2024-11-04T16:35:00Z,2024-11-04T12:00:00Z,2024-11-04T17:05:00Z,D:\Ahmed\data\kalshi\kalshi_history\kxhighny_2024_10_01_to_2025_12_31\KNYC_20241105.csv
2024-11-06,2024-11-06,2024-11-05,2024-11-05 16:57:00 CET,KMDW,60F or above,60F or above,YES,25.38,82.78,0.574,700.0,2058.08,Win,8380.27,2024-11-05T15:05:00Z,2024-11-05T12:00:00Z,2024-11-05T15:35:00Z,D:\Ahmed\data\kalshi\kalshi_history\kxhighchi_2024_10_01_to_2026_03_03\KMDW_20241106.csv
2024-11-07,2024-11-07,2024-11-06,2024-11-06 18:23:00 CET,KNYC,72F to 73F,72F to 73F,NO,44.0,79.44,0.3544,700.0,-700.0,Loss,7680.27,2024-11-06T15:28:00Z,2024-11-06T12:00:00Z,2024-11-06T15:58:00Z,D:\Ahmed\data\kalshi\kalshi_history\kxhighny_2024_10_01_to_2025_12_31\KNYC_20241107.csv
2024-11-08,2024-11-08,2024-11-07,2024-11-07 17:22:00 CET,KMIA,84F to 85F,84F to 85F,NO,44.0,80.79,0.3679,700.0,890.91,Win,8571.18,2024-11-07T15:06:00Z,2024-11-07T12:00:00Z,2024-11-07T15:36:00Z,D:\Ahmed\data\kalshi\kalshi_history\kxhighmia_2024_10_01_to_2025_12_31\KMIA_20241108.csv
2024-11-09,2024-11-09,2024-11-09,2024-11-09 01:03:00 CET,KNYC,56F to 57F,56F to 57F,NO,56.48,86.8,0.3032,700.0,539.38,Win,9110.56,2024-11-08T15:11:00Z,2024-11-08T12:00:00Z,2024-11-08T15:41:00Z,D:\Ahmed\data\kalshi\kalshi_history\kxhighny_2024_10_01_to_2025_12_31\KNYC_20241109.csv
2024-11-10,2024-11-10,2024-11-09,2024-11-09 19:35:00 CET,KMDW,62F to 63F,62F to 63F,NO,49.0,81.31,0.3231,700.0,728.57,Win,9839.13,2024-11-09T15:13:00Z,2024-11-09T12:00:00Z,2024-11-09T15:43:00Z,D:\Ahmed\data\kalshi\kalshi_history\kxhighchi_2024_10_01_to_2026_03_03\KMDW_20241110.csv
2024-11-11,2024-11-11,2024-11-10,2024-11-10 16:46:00 CET,KMIA,85F to 86F,85F to 86F,NO,60.0,91.67,0.3167,700.0,466.67,Win,10305.8,2024-11-10T15:02:00Z,2024-11-10T12:00:00Z,2024-11-10T15:32:00Z,D:\Ahmed\data\kalshi\kalshi_history\kxhighmia_2024_10_01_to_2025_12_31\KMIA_20241111.csv
2024-11-12,2024-11-12,2024-11-11,2024-11-11 17:25:00 CET,KNYC,57F or above,57F or above,YES,40.0,71.84,0.3184,700.0,1050.0,Win,11355.8,2024-11-11T15:12:00Z,2024-11-11T12:00:00Z,2024-11-11T15:42:00Z,D:\Ahmed\data\kalshi\kalshi_history\kxhighny_2024_10_01_to_2025_12_31\KNYC_20241112.csv
2024-11-13,2024-11-13,2024-11-13,2024-11-13 14:10:00 CET,KMDW,54F to 55F,54F to 55F,NO,45.45,78.16,0.3271,700.0,840.15,Win,12195.95,2024-11-12T15:03:00Z,2024-11-12T12:00:00Z,2024-11-12T15:33:00Z,D:\Ahmed\data\kalshi\kalshi_history\kxhighchi_2024_10_01_to_2026_03_03\KMDW_20241113.csv
2024-11-14,2024-11-14,2024-11-13,2024-11-13 20:21:00 CET,KNYC,46F to 47F,46F to 47F,NO,66.25,100.0,0.3375,700.0,-700.0,Loss,11495.95,2024-11-13T15:12:00Z,2024-11-13T12:00:00Z,2024-11-13T15:42:00Z,D:\Ahmed\data\kalshi\kalshi_history\kxhighny_2024_10_01_to_2025_12_31\KNYC_20241114.csv
2024-11-15,2024-11-15,2024-11-15,2024-11-15 00:51:00 CET,KNYC,58F to 59F,58F to 59F,NO,51.0,81.63,0.3063,700.0,-700.0,Loss,10795.95,2024-11-14T15:01:00Z,2024-11-14T12:00:00Z,2024-11-14T15:31:00Z,D:\Ahmed\data\kalshi\kalshi_history\kxhighny_2024_10_01_to_2025_12_31\KNYC_20241115.csv
2024-11-16,2024-11-16,2024-11-15,2024-11-15 16:32:00 CET,KMIA,80F to 81F,80F to 81F,NO,37.0,77.56,0.4056,700.0,-700.0,Loss,10095.95,2024-11-15T15:01:00Z,2024-11-15T12:00:00Z,2024-11-15T15:31:00Z,D:\Ahmed\data\kalshi\kalshi_history\kxhighmia_2024_10_01_to_2025_12_31\KMIA_20241116.csv
2024-11-17,2024-11-17,2024-11-16,2024-11-16 16:32:00 CET,KMIA,80F to 81F,80F to 81F,NO,36.0,79.99,0.4399,700.0,-700.0,Loss,9395.95,2024-11-16T15:02:00Z,2024-11-16T12:00:00Z,2024-11-16T15:32:00Z,D:\Ahmed\data\kalshi\kalshi_history\kxhighmia_2024_10_01_to_2025_12_31\KMIA_20241117.csv
2024-11-18,2024-11-18,2024-11-17,2024-11-17 16:41:00 CET,KMDW,59F to 60F,59F to 60F,NO,30.0,77.33,0.4733,700.0,1633.33,Win,11029.29,2024-11-17T15:02:00Z,2024-11-17T12:00:00Z,2024-11-17T15:32:00Z,D:\Ahmed\data\kalshi\kalshi_history\kxhighchi_2024_10_01_to_2026_03_03\KMDW_20241118.csv
2024-11-19,2024-11-19,2024-11-18,2024-11-18 16:36:00 CET,KMDW,62F to 63F,62F to 63F,NO,42.0,74.03,0.3203,700.0,966.67,Win,11995.95,2024-11-18T15:01:00Z,2024-11-18T12:00:00Z,2024-11-18T15:31:00Z,D:\Ahmed\data\kalshi\kalshi_history\kxhighchi_2024_10_01_to_2026_03_03\KMDW_20241119.csv
2024-11-20,2024-11-20,2024-11-19,2024-11-19 16:32:00 CET,KMDW,48F to 49F,48F to 49F,NO,49.0,87.49,0.3849,700.0,728.57,Win,12724.52,2024-11-19T15:01:00Z,2024-11-19T12:00:00Z,2024-11-19T15:31:00Z,D:\Ahmed\data\kalshi\kalshi_history\kxhighchi_2024_10_01_to_2026_03_03\KMDW_20241120.csv
2024-11-21,2024-11-21,2024-11-20,2024-11-20 20:46:00 CET,KNYC,54F to 55F,54F to 55F,NO,41.0,72.09,0.3109,700.0,-700.0,Loss,12024.52,2024-11-20T15:03:00Z,2024-11-20T12:00:00Z,2024-11-20T15:33:00Z,D:\Ahmed\data\kalshi\kalshi_history\kxhighny_2024_10_01_to_2025_12_31\KNYC_20241121.csv
2024-11-22,2024-11-22,2024-11-21,2024-11-21 16:56:00 CET,KNYC,45F to 46F,45F to 46F,NO,50.48,82.56,0.3208,700.0,686.69,Win,12711.21,2024-11-21T15:05:00Z,2024-11-21T12:00:00Z,2024-11-21T15:35:00Z,D:\Ahmed\data\kalshi\kalshi_history\kxhighny_2024_10_01_to_2025_12_31\KNYC_20241122.csv
2024-11-23,2024-11-23,2024-11-22,2024-11-22 17:36:00 CET,KNYC,50F to 51F,50F to 51F,NO,52.0,82.53,0.3053,700.0,646.15,Win,13357.36,2024-11-22T15:11:00Z,2024-11-22T12:00:00Z,2024-11-22T15:41:00Z,D:\Ahmed\data\kalshi\kalshi_history\kxhighny_2024_10_01_to_2025_12_31\KNYC_20241123.csv
2024-11-24,2024-11-24,2024-11-23,2024-11-23 17:40:00 CET,KMIA,79F to 80F,79F to 80F,NO,69.0,100.0,0.31,700.0,314.49,Win,13671.86,2024-11-23T15:11:00Z,2024-11-23T12:00:00Z,2024-11-23T15:41:00Z,D:\Ahmed\data\kalshi\kalshi_history\kxhighmia_2024_10_01_to_2025_12_31\KMIA_20241124.csv
2024-11-25,2024-11-25,2024-11-24,2024-11-24 17:04:00 CET,KNYC,52F to 53F,52F to 53F,NO,51.05,84.36,0.3331,700.0,671.2,Win,14343.06,2024-11-24T15:03:00Z,2024-11-24T12:00:00Z,2024-11-24T15:33:00Z,D:\Ahmed\data\kalshi\kalshi_history\kxhighny_2024_10_01_to_2025_12_31\KNYC_20241125.csv
2024-11-26,2024-11-26,2024-11-26,2024-11-26 01:15:00 CET,KNYC,60F to 61F,60F to 61F,NO,45.55,76.08,0.3053,700.0,836.77,Win,15179.83,2024-11-25T15:08:00Z,2024-11-25T12:00:00Z,2024-11-25T15:38:00Z,D:\Ahmed\data\kalshi\kalshi_history\kxhighny_2024_10_01_to_2025_12_31\KNYC_20241126.csv
2024-11-27,2024-11-27,2024-11-26,2024-11-26 20:14:00 CET,KNYC,50F to 51F,50F to 51F,NO,52.93,84.33,0.314,700.0,622.5,Win,15802.34,2024-11-26T15:05:00Z,2024-11-26T12:00:00Z,2024-11-26T15:35:00Z,D:\Ahmed\data\kalshi\kalshi_history\kxhighny_2024_10_01_to_2025_12_31\KNYC_20241127.csv
2024-11-28,2024-11-28,2024-11-27,2024-11-27 22:45:00 CET,KMIA,82F to 83F,82F to 83F,NO,42.0,76.1,0.341,700.0,-700.0,Loss,15102.34,2024-11-27T15:05:00Z,2024-11-27T12:00:00Z,2024-11-27T15:35:00Z,D:\Ahmed\data\kalshi\kalshi_history\kxhighmia_2024_10_01_to_2025_12_31\KMIA_20241128.csv
2024-11-29,2024-11-29,2024-11-28,2024-11-28 17:55:00 CET,KMDW,30F to 31F,30F to 31F,NO,48.0,88.7,0.407,700.0,758.33,Win,15860.67,2024-11-28T15:20:00Z,2024-11-28T12:00:00Z,2024-11-28T15:50:00Z,D:\Ahmed\data\kalshi\kalshi_history\kxhighchi_2024_10_01_to_2026_03_03\KMDW_20241129.csv
2024-11-30,2024-11-30,2024-11-29,2024-11-29 21:13:00 CET,KMIA,78F to 79F,78F to 79F,NO,46.08,77.74,0.3166,700.0,-700.0,Loss,15160.67,2024-11-29T15:13:00Z,2024-11-29T12:00:00Z,2024-11-29T15:43:00Z,D:\Ahmed\data\kalshi\kalshi_history\kxhighmia_2024_10_01_to_2025_12_31\KMIA_20241130.csv
2024-12-01,2024-12-01,2024-11-30,2024-11-30 22:34:00 CET,KMIA,77F to 78F,77F to 78F,NO,42.12,77.03,0.3491,700.0,961.92,Win,16122.59,2024-11-30T15:13:00Z,2024-11-30T12:00:00Z,2024-11-30T15:43:00Z,D:\Ahmed\data\kalshi\kalshi_history\kxhighmia_2024_10_01_to_2025_12_31\KMIA_20241201.csv
2024-12-02,2024-12-02,2024-12-01,2024-12-01 21:05:00 CET,KMIA,73F to 74F,73F to 74F,NO,50.0,82.09,0.3209,700.0,700.0,Win,16822.59,2024-12-01T15:36:00Z,2024-12-01T12:00:00Z,2024-12-01T16:06:00Z,D:\Ahmed\data\kalshi\kalshi_history\kxhighmia_2024_10_01_to_2025_12_31\KMIA_20241202.csv
2024-12-03,2024-12-03,2024-12-03,2024-12-03 00:23:00 CET,KMDW,31F to 32F,31F to 32F,NO,44.83,79.58,0.3475,700.0,-700.0,Loss,16122.59,2024-12-02T15:18:00Z,2024-12-02T12:00:00Z,2024-12-02T15:48:00Z,D:\Ahmed\data\kalshi\kalshi_history\kxhighchi_2024_10_01_to_2026_03_03\KMDW_20241203.csv
2024-12-04,2024-12-04,2024-12-03,2024-12-03 18:17:00 CET,KMDW,37F to 38F,37F to 38F,NO,48.0,79.19,0.3119,700.0,758.33,Win,16880.92,2024-12-03T15:25:00Z,2024-12-03T12:00:00Z,2024-12-03T15:55:00Z,D:\Ahmed\data\kalshi\kalshi_history\kxhighchi_2024_10_01_to_2026_03_03\KMDW_20241204.csv
2024-12-05,2024-12-05,2024-12-04,2024-12-04 19:17:00 CET,KMDW,28F to 29F,28F to 29F,NO,49.51,81.55,0.3204,700.0,-700.0,Loss,16180.92,2024-12-04T15:13:00Z,2024-12-04T12:00:00Z,2024-12-04T15:43:00Z,D:\Ahmed\data\kalshi\kalshi_history\kxhighchi_2024_10_01_to_2026_03_03\KMDW_20241205.csv
2024-12-06,2024-12-06,2024-12-05,2024-12-05 23:35:00 CET,KMDW,31F to 32F,31F to 32F,NO,45.95,75.97,0.3002,700.0,823.39,Win,17004.32,2024-12-05T15:13:00Z,2024-12-05T12:00:00Z,2024-12-05T15:43:00Z,D:\Ahmed\data\kalshi\kalshi_history\kxhighchi_2024_10_01_to_2026_03_03\KMDW_20241206.csv
2024-12-07,2024-12-07,2024-12-06,2024-12-06 22:57:00 CET,KMDW,42F to 43F,42F to 43F,NO,55.0,85.13,0.3013,700.0,572.73,Win,17577.04,2024-12-06T15:03:00Z,2024-12-06T12:00:00Z,2024-12-06T15:33:00Z,D:\Ahmed\data\kalshi\kalshi_history\kxhighchi_2024_10_01_to_2026_03_03\KMDW_20241207.csv
2024-12-08,2024-12-08,2024-12-07,2024-12-07 22:56:00 CET,KNYC,52F to 53F,52F to 53F,NO,59.4,90.45,0.3105,700.0,478.45,Win,18055.49,2024-12-07T15:13:00Z,2024-12-07T12:00:00Z,2024-12-07T15:43:00Z,D:\Ahmed\data\kalshi\kalshi_history\kxhighny_2024_10_01_to_2025_12_31\KNYC_20241208.csv
2024-12-09,2024-12-09,2024-12-09,2024-12-09 01:25:00 CET,KNYC,50F to 51F,50F to 51F,NO,51.0,81.06,0.3006,700.0,-700.0,Loss,17355.49,2024-12-08T15:03:00Z,2024-12-08T12:00:00Z,2024-12-08T15:33:00Z,D:\Ahmed\data\kalshi\kalshi_history\kxhighny_2024_10_01_to_2025_12_31\KNYC_20241209.csv
2024-12-10,2024-12-10,2024-12-10,2024-12-10 07:54:00 CET,KNYC,52F to 53F,52F to 53F,NO,41.0,72.51,0.3151,700.0,1007.32,Win,18362.81,2024-12-09T15:13:00Z,2024-12-09T12:00:00Z,2024-12-09T15:43:00Z,D:\Ahmed\data\kalshi\kalshi_history\kxhighny_2024_10_01_to_2025_12_31\KNYC_20241210.csv
2024-12-11,2024-12-11,2024-12-10,2024-12-10 17:17:00 CET,KMDW,32F to 33F,32F to 33F,NO,46.0,80.7,0.347,700.0,-700.0,Loss,17662.81,2024-12-10T15:03:00Z,2024-12-10T12:00:00Z,2024-12-10T15:33:00Z,D:\Ahmed\data\kalshi\kalshi_history\kxhighchi_2024_10_01_to_2026_03_03\KMDW_20241211.csv
2024-12-12,2024-12-12,2024-12-11,2024-12-11 19:59:00 CET,KMDW,17F to 18F,17F to 18F,NO,53.0,83.22,0.3022,700.0,620.75,Win,18283.57,2024-12-11T17:19:00Z,2024-12-11T12:00:00Z,2024-12-11T17:49:00Z,D:\Ahmed\data\kalshi\kalshi_history\kxhighchi_2024_10_01_to_2026_03_03\KMDW_20241212.csv
2024-12-13,2024-12-13,2024-12-12,2024-12-12 16:45:00 CET,KNYC,35F to 36F,35F to 36F,NO,52.0,88.89,0.3689,700.0,646.15,Win,18929.72,2024-12-12T15:15:00Z,2024-12-12T12:00:00Z,2024-12-12T15:45:00Z,D:\Ahmed\data\kalshi\kalshi_history\kxhighny_2024_10_01_to_2025_12_31\KNYC_20241213.csv
2024-12-14,2024-12-14,2024-12-13,2024-12-13 23:05:00 CET,KNYC,36F to 37F,36F to 37F,NO,56.0,88.25,0.3225,700.0,550.0,Win,19479.72,2024-12-13T15:09:00Z,2024-12-13T12:00:00Z,2024-12-13T15:39:00Z,D:\Ahmed\data\kalshi\kalshi_history\kxhighny_2024_10_01_to_2025_12_31\KNYC_20241214.csv
2024-12-15,2024-12-15,2024-12-15,2024-12-15 22:34:00 CET,KNYC,41F to 42F,41F to 42F,NO,25.44,76.99,0.5155,700.0,-700.0,Loss,18779.72,2024-12-14T15:13:00Z,2024-12-14T12:00:00Z,2024-12-14T15:43:00Z,D:\Ahmed\data\kalshi\kalshi_history\kxhighny_2024_10_01_to_2025_12_31\KNYC_20241215.csv
2024-12-16,2024-12-16,2024-12-15,2024-12-15 19:23:00 CET,KNYC,51F to 52F,51F to 52F,NO,52.84,84.27,0.3143,700.0,-700.0,Loss,18079.72,2024-12-15T15:01:00Z,2024-12-15T12:00:00Z,2024-12-15T15:31:00Z,D:\Ahmed\data\kalshi\kalshi_history\kxhighny_2024_10_01_to_2025_12_31\KNYC_20241216.csv
2024-12-17,2024-12-17,2024-12-16,2024-12-16 18:43:00 CET,KMIA,81F to 82F,81F to 82F,NO,51.0,82.89,0.3189,700.0,-700.0,Loss,17379.72,2024-12-16T15:29:00Z,2024-12-16T12:00:00Z,2024-12-16T15:59:00Z,D:\Ahmed\data\kalshi\kalshi_history\kxhighmia_2024_10_01_to_2025_12_31\KMIA_20241217.csv
2024-12-18,2024-12-18,2024-12-18,2024-12-18 06:01:00 CET,KNYC,49F to 50F,49F to 50F,NO,30.92,73.11,0.4219,700.0,1563.91,Win,18943.63,2024-12-17T15:32:00Z,2024-12-17T12:00:00Z,2024-12-17T16:02:00Z,D:\Ahmed\data\kalshi\kalshi_history\kxhighny_2024_10_01_to_2025_12_31\KNYC_20241218.csv
2024-12-19,2024-12-19,2024-12-18,2024-12-18 19:58:00 CET,KNYC,46F to 47F,46F to 47F,NO,48.16,80.17,0.3201,700.0,753.49,Win,19697.12,2024-12-18T15:31:00Z,2024-12-18T12:00:00Z,2024-12-18T16:01:00Z,D:\Ahmed\data\kalshi\kalshi_history\kxhighny_2024_10_01_to_2025_12_31\KNYC_20241219.csv
2024-12-20,2024-12-20,2024-12-20,2024-12-20 14:02:00 CET,KNYC,43F or above,43F or above,NO,59.11,92.4,0.3329,700.0,484.23,Win,20181.35,2024-12-19T15:47:00Z,2024-12-19T12:00:00Z,2024-12-19T16:17:00Z,D:\Ahmed\data\kalshi\kalshi_history\kxhighny_2024_10_01_to_2025_12_31\KNYC_20241220.csv
2024-12-21,2024-12-21,2024-12-20,2024-12-20 21:06:00 CET,KMDW,25F to 26F,25F to 26F,NO,60.0,91.87,0.3187,700.0,466.67,Win,20648.02,2024-12-20T15:02:00Z,2024-12-20T12:00:00Z,2024-12-20T15:32:00Z,D:\Ahmed\data\kalshi\kalshi_history\kxhighchi_2024_10_01_to_2026_03_03\KMDW_20241221.csv
2024-12-22,2024-12-22,2024-12-22,2024-12-22 04:24:00 CET,KNYC,23F to 24F,23F to 24F,NO,57.0,87.25,0.3025,700.0,528.07,Win,21176.09,2024-12-21T15:02:00Z,2024-12-21T12:00:00Z,2024-12-21T15:32:00Z,D:\Ahmed\data\kalshi\kalshi_history\kxhighny_2024_10_01_to_2025_12_31\KNYC_20241222.csv
2024-12-23,2024-12-23,2024-12-22,2024-12-22 23:31:00 CET,KMDW,38F to 39F,38F to 39F,NO,54.0,85.79,0.3179,700.0,596.3,Win,21772.38,2024-12-22T15:13:00Z,2024-12-22T12:00:00Z,2024-12-22T15:43:00Z,D:\Ahmed\data\kalshi\kalshi_history\kxhighchi_2024_10_01_to_2026_03_03\KMDW_20241223.csv
2024-12-24,2024-12-24,2024-12-23,2024-12-23 22:04:00 CET,KMDW,40F to 41F,40F to 41F,NO,52.0,85.38,0.3338,700.0,646.15,Win,22418.54,2024-12-23T15:23:00Z,2024-12-23T12:00:00Z,2024-12-23T15:53:00Z,D:\Ahmed\data\kalshi\kalshi_history\kxhighchi_2024_10_01_to_2026_03_03\KMDW_20241224.csv
2024-12-25,2024-12-25,2024-12-24,2024-12-24 18:36:00 CET,KNYC,35F to 36F,35F to 36F,NO,60.2,92.59,0.3239,700.0,-700.0,Loss,21718.54,2024-12-24T15:12:00Z,2024-12-24T12:00:00Z,2024-12-24T15:42:00Z,D:\Ahmed\data\kalshi\kalshi_history\kxhighny_2024_10_01_to_2025_12_31\KNYC_20241225.csv
2024-12-26,2024-12-26,2024-12-25,2024-12-25 21:28:00 CET,KNYC,34F to 35F,34F to 35F,NO,60.0,100.0,0.4,700.0,466.67,Win,22185.2,2024-12-25T15:05:00Z,2024-12-25T12:00:00Z,2024-12-25T15:35:00Z,D:\Ahmed\data\kalshi\kalshi_history\kxhighny_2024_10_01_to_2025_12_31\KNYC_20241226.csv
2024-12-27,2024-12-27,2024-12-26,2024-12-26 19:46:00 CET,KNYC,37F to 38F,37F to 38F,NO,70.0,100.0,0.3,700.0,300.0,Win,22485.2,2024-12-26T15:35:00Z,2024-12-26T12:00:00Z,2024-12-26T16:05:00Z,D:\Ahmed\data\kalshi\kalshi_history\kxhighny_2024_10_01_to_2025_12_31\KNYC_20241227.csv
2024-12-28,2024-12-28,2024-12-27,2024-12-27 16:49:00 CET,KMIA,80F to 81F,80F to 81F,NO,48.26,78.92,0.3066,700.0,-700.0,Loss,21785.2,2024-12-27T15:03:00Z,2024-12-27T12:00:00Z,2024-12-27T15:33:00Z,D:\Ahmed\data\kalshi\kalshi_history\kxhighmia_2024_10_01_to_2025_12_31\KMIA_20241228.csv
2024-12-29,2024-12-29,2024-12-28,2024-12-28 17:09:00 CET,KMDW,47F or above,47F or above,YES,43.0,86.9,0.439,700.0,927.91,Win,22713.11,2024-12-28T15:19:00Z,2024-12-28T12:00:00Z,2024-12-28T15:49:00Z,D:\Ahmed\data\kalshi\kalshi_history\kxhighchi_2024_10_01_to_2026_03_03\KMDW_20241229.csv
2024-12-30,2024-12-30,2024-12-29,2024-12-29 19:08:00 CET,KMIA,80F to 81F,80F to 81F,NO,54.0,90.05,0.3605,700.0,-700.0,Loss,22013.11,2024-12-29T15:03:00Z,2024-12-29T12:00:00Z,2024-12-29T15:33:00Z,D:\Ahmed\data\kalshi\kalshi_history\kxhighmia_2024_10_01_to_2025_12_31\KMIA_20241230.csv
2024-12-31,2024-12-31,2024-12-31,2024-12-31 01:09:00 CET,KMDW,39F to 40F,39F to 40F,NO,60.59,92.06,0.3147,700.0,455.31,Win,22468.42,2024-12-30T15:17:00Z,2024-12-30T12:00:00Z,2024-12-30T15:47:00Z,D:\Ahmed\data\kalshi\kalshi_history\kxhighchi_2024_10_01_to_2026_03_03\KMDW_20241231.csv
2025-01-01,2025-01-01,2024-12-31,2024-12-31 16:53:00 CET,KMDW,30F to 31F,30F to 31F,NO,64.8,100.0,0.352,700.0,380.25,Win,22848.66,2024-12-31T15:10:00Z,2024-12-31T12:00:00Z,2024-12-31T15:40:00Z,D:\Ahmed\data\kalshi\kalshi_history\kxhighchi_2024_10_01_to_2026_03_03\KMDW_20250101.csv
2025-01-02,2025-01-02,2025-01-01,2025-01-01 22:28:00 CET,KMIA,80F or above,80F or above,NO,67.08,100.0,0.3292,700.0,343.53,Win,23192.19,2025-01-01T16:43:00Z,2025-01-01T12:00:00Z,2025-01-01T17:13:00Z,D:\Ahmed\data\kalshi\kalshi_history\kxhighmia_2024_10_01_to_2025_12_31\KMIA_20250102.csv
2025-01-03,2025-01-03,2025-01-02,2025-01-02 19:52:00 CET,KMDW,29F or above,29F or above,NO,49.5,86.86,0.3736,700.0,714.14,Win,23906.33,2025-01-02T15:23:00Z,2025-01-02T12:00:00Z,2025-01-02T15:53:00Z,D:\Ahmed\data\kalshi\kalshi_history\kxhighchi_2024_10_01_to_2026_03_03\KMDW_20250103.csv
2025-01-04,2025-01-04,2025-01-03,2025-01-03 21:41:00 CET,KNYC,35F to 36F,35F to 36F,NO,48.0,78.23,0.3023,700.0,758.33,Win,24664.67,2025-01-03T15:20:00Z,2025-01-03T12:00:00Z,2025-01-03T15:50:00Z,D:\Ahmed\data\kalshi\kalshi_history\kxhighny_2024_10_01_to_2025_12_31\KNYC_20250104.csv
2025-01-05,2025-01-05,2025-01-04,2025-01-04 21:47:00 CET,KMIA,75F to 76F,75F to 76F,YES,42.03,80.82,0.3879,700.0,965.48,Win,25630.14,2025-01-04T20:02:00Z,2025-01-04T12:00:00Z,2025-01-04T20:32:00Z,D:\Ahmed\data\kalshi\kalshi_history\kxhighmia_2024_10_01_to_2025_12_31\KMIA_20250105.csv
2025-01-06,2025-01-06,2025-01-06,2025-01-06 01:23:00 CET,KNYC,30F to 31F,30F to 31F,NO,43.0,80.23,0.3723,700.0,-700.0,Loss,24930.14,2025-01-05T20:04:00Z,2025-01-05T12:00:00Z,2025-01-05T20:34:00Z,D:\Ahmed\data\kalshi\kalshi_history\kxhighny_2024_10_01_to_2025_12_31\KNYC_20250106.csv
2025-01-07,2025-01-07,2025-01-06,2025-01-06 22:00:00 CET,KMDW,25F to 26F,25F to 26F,NO,58.0,93.56,0.3556,700.0,506.9,Win,25437.04,2025-01-06T20:26:00Z,2025-01-06T12:00:00Z,2025-01-06T20:56:00Z,D:\Ahmed\data\kalshi\kalshi_history\kxhighchi_2024_10_01_to_2026_03_03\KMDW_20250107.csv
2025-01-08,2025-01-08,2025-01-08,2025-01-08 16:06:00 CET,KNYC,29F to 30F,29F to 30F,NO,43.0,73.98,0.3098,700.0,-700.0,Loss,24737.04,2025-01-07T15:19:00Z,2025-01-07T12:00:00Z,2025-01-07T15:49:00Z,D:\Ahmed\data\kalshi\kalshi_history\kxhighny_2024_10_01_to_2025_12_31\KNYC_20250108.csv
2025-01-09,2025-01-09,2025-01-08,2025-01-08 18:33:00 CET,KMDW,26F to 27F,26F to 27F,NO,50.94,85.05,0.3411,700.0,674.17,Win,25411.21,2025-01-08T15:23:00Z,2025-01-08T12:00:00Z,2025-01-08T15:53:00Z,D:\Ahmed\data\kalshi\kalshi_history\kxhighchi_2024_10_01_to_2026_03_03\KMDW_20250109.csv
2025-01-10,2025-01-10,2025-01-09,2025-01-09 20:06:00 CET,KMIA,72F to 73F,72F to 73F,NO,46.0,82.06,0.3606,700.0,-700.0,Loss,24711.21,2025-01-09T17:02:00Z,2025-01-09T12:00:00Z,2025-01-09T17:32:00Z,D:\Ahmed\data\kalshi\kalshi_history\kxhighmia_2024_10_01_to_2025_12_31\KMIA_20250110.csv
2025-01-11,2025-01-11,2025-01-10,2025-01-10 21:00:00 CET,KNYC,33F to 34F,33F to 34F,NO,70.0,100.0,0.3,700.0,300.0,Win,25011.21,2025-01-10T15:37:00Z,2025-01-10T12:00:00Z,2025-01-10T16:07:00Z,D:\Ahmed\data\kalshi\kalshi_history\kxhighny_2024_10_01_to_2025_12_31\KNYC_20250111.csv
2025-01-12,2025-01-12,2025-01-12,2025-01-12 14:26:00 CET,KMIA,77F or above,77F or above,NO,68.0,100.0,0.32,700.0,329.41,Win,25340.62,2025-01-11T15:26:00Z,2025-01-11T12:00:00Z,2025-01-11T15:56:00Z,D:\Ahmed\data\kalshi\kalshi_history\kxhighmia_2024_10_01_to_2025_12_31\KMIA_20250112.csv
2025-01-13,2025-01-13,2025-01-12,2025-01-12 19:25:00 CET,KMIA,77F to 78F,77F to 78F,NO,67.0,100.0,0.33,700.0,344.78,Win,25685.39,2025-01-12T15:17:00Z,2025-01-12T12:00:00Z,2025-01-12T15:47:00Z,D:\Ahmed\data\kalshi\kalshi_history\kxhighmia_2024_10_01_to_2025_12_31\KMIA_20250113.csv
2025-01-14,2025-01-14,2025-01-13,2025-01-13 21:43:00 CET,KMIA,76F to 77F,76F to 77F,NO,49.0,79.73,0.3073,700.0,728.57,Win,26413.97,2025-01-13T15:02:00Z,2025-01-13T12:00:00Z,2025-01-13T15:32:00Z,D:\Ahmed\data\kalshi\kalshi_history\kxhighmia_2024_10_01_to_2025_12_31\KMIA_20250114.csv
2025-01-15,2025-01-15,2025-01-14,2025-01-14 16:35:00 CET,KNYC,33F to 34F,33F to 34F,NO,38.41,71.49,0.3308,700.0,1122.44,Win,27536.41,2025-01-14T15:02:00Z,2025-01-14T12:00:00Z,2025-01-14T15:32:00Z,D:\Ahmed\data\kalshi\kalshi_history\kxhighny_2024_10_01_to_2025_12_31\KNYC_20250115.csv
2025-01-16,2025-01-16,2025-01-16,2025-01-16 06:32:00 CET,KMDW,36F to 37F,36F to 37F,NO,49.8,80.73,0.3093,700.0,705.62,Win,28242.03,2025-01-15T15:25:00Z,2025-01-15T12:00:00Z,2025-01-15T15:55:00Z,D:\Ahmed\data\kalshi\kalshi_history\kxhighchi_2024_10_01_to_2026_03_03\KMDW_20250116.csv
2025-01-17,2025-01-17,2025-01-16,2025-01-16 17:52:00 CET,KMDW,43F or above,43F or above,YES,27.0,77.8,0.508,700.0,1892.59,Win,30134.62,2025-01-16T15:11:00Z,2025-01-16T12:00:00Z,2025-01-16T15:41:00Z,D:\Ahmed\data\kalshi\kalshi_history\kxhighchi_2024_10_01_to_2026_03_03\KMDW_20250117.csv
2025-01-18,2025-01-18,2025-01-18,2025-01-18 02:03:00 CET,KLAX,62F or above,62F or above,YES,59.0,90.98,0.3198,700.0,486.44,Win,30621.06,2025-01-17T19:00:00Z,2025-01-17T12:00:00Z,2025-01-17T19:30:00Z,D:\Ahmed\data\kalshi\kalshi_history\kxhighlax_2025_01_01_to_2026_03_05\KLAX_20250118.csv
2025-01-19,2025-01-19,2025-01-19,2025-01-19 00:48:00 CET,KNYC,37F to 38F,37F to 38F,NO,56.35,90.07,0.3372,700.0,542.24,Win,31163.3,2025-01-18T15:16:00Z,2025-01-18T12:00:00Z,2025-01-18T15:46:00Z,D:\Ahmed\data\kalshi\kalshi_history\kxhighny_2024_10_01_to_2025_12_31\KNYC_20250119.csv
2025-01-20,2025-01-20,2025-01-19,2025-01-19 23:22:00 CET,KMDW,12F to 13F,12F to 13F,NO,57.0,88.15,0.3115,700.0,-700.0,Loss,30463.3,2025-01-19T15:03:00Z,2025-01-19T12:00:00Z,2025-01-19T15:33:00Z,D:\Ahmed\data\kalshi\kalshi_history\kxhighchi_2024_10_01_to_2026_03_03\KMDW_20250120.csv
2025-01-21,2025-01-21,2025-01-20,2025-01-20 21:04:00 CET,KMIA,73F to 74F,73F to 74F,NO,50.23,80.45,0.3022,700.0,693.59,Win,31156.89,2025-01-20T15:12:00Z,2025-01-20T12:00:00Z,2025-01-20T15:42:00Z,D:\Ahmed\data\kalshi\kalshi_history\kxhighmia_2024_10_01_to_2025_12_31\KMIA_20250121.csv
2025-01-22,2025-01-22,2025-01-21,2025-01-21 18:27:00 CET,KLAX,73F or above,73F or above,YES,45.0,82.46,0.3746,700.0,855.56,Win,32012.44,2025-01-21T16:22:00Z,2025-01-21T12:00:00Z,2025-01-21T16:52:00Z,D:\Ahmed\data\kalshi\kalshi_history\kxhighlax_2025_01_01_to_2026_03_05\KLAX_20250122.csv
2025-01-23,2025-01-23,2025-01-22,2025-01-22 17:44:00 CET,KMIA,69F to 70F,69F to 70F,NO,54.0,87.23,0.3323,700.0,596.3,Win,32608.74,2025-01-22T16:10:00Z,2025-01-22T12:00:00Z,2025-01-22T16:40:00Z,D:\Ahmed\data\kalshi\kalshi_history\kxhighmia_2024_10_01_to_2025_12_31\KMIA_20250123.csv
2025-01-24,2025-01-24,2025-01-24,2025-01-24 00:59:00 CET,KMIA,58F to 59F,58F to 59F,NO,59.6,91.33,0.3173,700.0,-700.0,Loss,31908.74,2025-01-23T15:25:00Z,2025-01-23T12:00:00Z,2025-01-23T15:55:00Z,D:\Ahmed\data\kalshi\kalshi_history\kxhighmia_2024_10_01_to_2025_12_31\KMIA_20250124.csv
2025-01-25,2025-01-25,2025-01-24,2025-01-24 18:03:00 CET,KMDW,37F to 38F,37F to 38F,NO,57.0,87.49,0.3049,700.0,528.07,Win,32436.81,2025-01-24T15:18:00Z,2025-01-24T12:00:00Z,2025-01-24T15:48:00Z,D:\Ahmed\data\kalshi\kalshi_history\kxhighchi_2024_10_01_to_2026_03_03\KMDW_20250125.csv
2025-01-26,2025-01-26,2025-01-25,2025-01-25 22:56:00 CET,KLAX,59F or above,59F or above,NO,47.52,86.55,0.3903,700.0,773.06,Win,33209.88,2025-01-25T15:35:00Z,2025-01-25T12:00:00Z,2025-01-25T16:05:00Z,D:\Ahmed\data\kalshi\kalshi_history\kxhighlax_2025_01_01_to_2026_03_05\KLAX_20250126.csv
2025-01-27,2025-01-27,2025-01-26,2025-01-26 18:34:00 CET,KMDW,42F or below,42F or below,YES,28.05,70.51,0.4246,700.0,-700.0,Loss,32509.88,2025-01-26T15:13:00Z,2025-01-26T12:00:00Z,2025-01-26T15:43:00Z,D:\Ahmed\data\kalshi\kalshi_history\kxhighchi_2024_10_01_to_2026_03_03\KMDW_20250127.csv
2025-01-28,2025-01-28,2025-01-28,2025-01-28 03:02:00 CET,KMDW,49F or above,49F or above,NO,70.0,100.0,0.3,700.0,-700.0,Loss,31809.88,2025-01-27T15:13:00Z,2025-01-27T12:00:00Z,2025-01-27T15:43:00Z,D:\Ahmed\data\kalshi\kalshi_history\kxhighchi_2024_10_01_to_2026_03_03\KMDW_20250128.csv
2025-01-29,2025-01-29,2025-01-29,2025-01-29 03:43:00 CET,KLAX,62F or above,62F or above,NO,44.0,75.4,0.314,700.0,890.91,Win,32700.78,2025-01-28T15:13:00Z,2025-01-28T12:00:00Z,2025-01-28T15:43:00Z,D:\Ahmed\data\kalshi\kalshi_history\kxhighlax_2025_01_01_to_2026_03_05\KLAX_20250129.csv
2025-01-30,2025-01-30,2025-01-29,2025-01-29 16:35:00 CET,KMDW,55F to 56F,55F to 56F,NO,64.29,100.0,0.3571,700.0,388.82,Win,33089.6,2025-01-29T15:04:00Z,2025-01-29T12:00:00Z,2025-01-29T15:34:00Z,D:\Ahmed\data\kalshi\kalshi_history\kxhighchi_2024_10_01_to_2026_03_03\KMDW_20250130.csv
2025-01-31,2025-01-31,2025-01-31,2025-01-31 04:35:00 CET,KMDW,41F to 42F,41F to 42F,NO,44.97,77.06,0.3209,700.0,-700.0,Loss,32389.6,2025-01-30T15:02:00Z,2025-01-30T12:00:00Z,2025-01-30T15:32:00Z,D:\Ahmed\data\kalshi\kalshi_history\kxhighchi_2024_10_01_to_2026_03_03\KMDW_20250131.csv
2025-02-01,2025-02-01,2025-01-31,2025-01-31 21:14:00 CET,KNYC,40F or below,40F or below,NO,59.54,100.0,0.4046,700.0,475.68,Win,32865.28,2025-01-31T15:14:00Z,2025-01-31T12:00:00Z,2025-01-31T15:44:00Z,D:\Ahmed\data\kalshi\kalshi_history\kxhighny_2024_10_01_to_2025_12_31\KNYC_20250201.csv
2025-02-02,2025-02-02,2025-02-01,2025-02-01 17:01:00 CET,KMDW,51F to 52F,51F to 52F,NO,56.0,90.06,0.3406,700.0,550.0,Win,33415.28,2025-02-01T15:26:00Z,2025-02-01T12:00:00Z,2025-02-01T15:56:00Z,D:\Ahmed\data\kalshi\kalshi_history\kxhighchi_2024_10_01_to_2026_03_03\KMDW_20250202.csv
2025-02-03,2025-02-03,2025-02-02,2025-02-02 18:09:00 CET,KMDW,52F to 53F,52F to 53F,NO,64.0,100.0,0.36,700.0,393.75,Win,33809.03,2025-02-02T15:26:00Z,2025-02-02T12:00:00Z,2025-02-02T15:56:00Z,D:\Ahmed\data\kalshi\kalshi_history\kxhighchi_2024_10_01_to_2026_03_03\KMDW_20250203.csv
2025-02-04,2025-02-04,2025-02-03,2025-02-03 18:31:00 CET,KNYC,44F to 45F,44F to 45F,NO,58.0,88.45,0.3045,700.0,506.9,Win,34315.93,2025-02-03T15:03:00Z,2025-02-03T12:00:00Z,2025-02-03T15:33:00Z,D:\Ahmed\data\kalshi\kalshi_history\kxhighny_2024_10_01_to_2025_12_31\KNYC_20250204.csv
2025-02-05,2025-02-05,2025-02-05,2025-02-05 16:10:00 CET,KNYC,35F to 36F,35F to 36F,NO,42.9,73.96,0.3106,700.0,-700.0,Loss,33615.93,2025-02-04T15:13:00Z,2025-02-04T12:00:00Z,2025-02-04T15:43:00Z,D:\Ahmed\data\kalshi\kalshi_history\kxhighny_2024_10_01_to_2025_12_31\KNYC_20250205.csv
2025-02-06,2025-02-06,2025-02-05,2025-02-05 23:14:00 CET,KNYC,41F to 42F,41F to 42F,NO,52.18,84.49,0.3231,700.0,641.51,Win,34257.44,2025-02-05T15:31:00Z,2025-02-05T12:00:00Z,2025-02-05T16:01:00Z,D:\Ahmed\data\kalshi\kalshi_history\kxhighny_2024_10_01_to_2025_12_31\KNYC_20250206.csv
2025-02-07,2025-02-07,2025-02-07,2025-02-07 01:34:00 CET,KNYC,40F to 41F,40F to 41F,NO,53.0,83.42,0.3042,700.0,620.75,Win,34878.19,2025-02-06T15:13:00Z,2025-02-06T12:00:00Z,2025-02-06T15:43:00Z,D:\Ahmed\data\kalshi\kalshi_history\kxhighny_2024_10_01_to_2025_12_31\KNYC_20250207.csv
2025-02-08,2025-02-08,2025-02-07,2025-02-07 22:45:00 CET,KLAX,61F to 62F,61F to 62F,NO,69.0,100.0,0.31,700.0,-700.0,Loss,34178.19,2025-02-07T15:28:00Z,2025-02-07T12:00:00Z,2025-02-07T15:58:00Z,D:\Ahmed\data\kalshi\kalshi_history\kxhighlax_2025_01_01_to_2026_03_05\KLAX_20250208.csv
2025-02-09,2025-02-09,2025-02-08,2025-02-08 20:43:00 CET,KMIA,83F or above,83F or above,YES,51.35,84.86,0.3351,700.0,663.19,Win,34841.39,2025-02-08T15:28:00Z,2025-02-08T12:00:00Z,2025-02-08T15:58:00Z,D:\Ahmed\data\kalshi\kalshi_history\kxhighmia_2024_10_01_to_2025_12_31\KMIA_20250209.csv
2025-02-10,2025-02-10,2025-02-10,2025-02-10 04:41:00 CET,KNYC,33F to 34F,33F to 34F,NO,45.88,90.65,0.4477,700.0,825.72,Win,35667.11,2025-02-09T15:13:00Z,2025-02-09T12:00:00Z,2025-02-09T15:43:00Z,D:\Ahmed\data\kalshi\kalshi_history\kxhighny_2024_10_01_to_2025_12_31\KNYC_20250210.csv
2025-02-11,2025-02-11,2025-02-11,2025-02-11 07:07:00 CET,KMDW,28F to 29F,28F to 29F,NO,34.0,74.64,0.4064,700.0,1358.82,Win,37025.93,2025-02-10T15:26:00Z,2025-02-10T12:00:00Z,2025-02-10T15:56:00Z,D:\Ahmed\data\kalshi\kalshi_history\kxhighchi_2024_10_01_to_2026_03_03\KMDW_20250211.csv
2025-02-12,2025-02-12,2025-02-12,2025-02-12 06:36:00 CET,KLAX,54F to 55F,54F to 55F,NO,56.0,87.36,0.3136,700.0,550.0,Win,37575.93,2025-02-11T15:04:00Z,2025-02-11T12:00:00Z,2025-02-11T15:34:00Z,D:\Ahmed\data\kalshi\kalshi_history\kxhighlax_2025_01_01_to_2026_03_05\KLAX_20250212.csv
2025-02-13,2025-02-13,2025-02-13,2025-02-13 04:55:00 CET,KMDW,26F to 27F,26F to 27F,NO,41.89,72.53,0.3064,700.0,971.04,Win,38546.97,2025-02-12T15:13:00Z,2025-02-12T12:00:00Z,2025-02-12T15:43:00Z,D:\Ahmed\data\kalshi\kalshi_history\kxhighchi_2024_10_01_to_2026_03_03\KMDW_20250213.csv
2025-02-14,2025-02-14,2025-02-14,2025-02-14 19:28:00 CET,KLAX,62F to 63F,62F to 63F,NO,42.47,78.89,0.3642,700.0,948.22,Win,39495.19,2025-02-13T15:32:00Z,2025-02-13T12:00:00Z,2025-02-13T16:02:00Z,D:\Ahmed\data\kalshi\kalshi_history\kxhighlax_2025_01_01_to_2026_03_05\KLAX_20250214.csv
2025-02-15,2025-02-15,2025-02-15,2025-02-15 02:30:00 CET,KLAX,66F or above,66F or above,YES,25.0,70.1,0.451,700.0,2100.0,Win,41595.19,2025-02-14T15:33:00Z,2025-02-14T12:00:00Z,2025-02-14T16:03:00Z,D:\Ahmed\data\kalshi\kalshi_history\kxhighlax_2025_01_01_to_2026_03_05\KLAX_20250215.csv
2025-02-16,2025-02-16,2025-02-16,2025-02-16 02:58:00 CET,KMDW,30F to 31F,30F to 31F,NO,47.0,77.53,0.3053,700.0,789.36,Win,42384.56,2025-02-15T15:32:00Z,2025-02-15T12:00:00Z,2025-02-15T16:02:00Z,D:\Ahmed\data\kalshi\kalshi_history\kxhighchi_2024_10_01_to_2026_03_03\KMDW_20250216.csv
2025-02-17,2025-02-17,2025-02-16,2025-02-16 17:55:00 CET,KMDW,13F to 14F,13F to 14F,NO,55.0,86.94,0.3194,700.0,572.73,Win,42957.28,2025-02-16T15:20:00Z,2025-02-16T12:00:00Z,2025-02-16T15:50:00Z,D:\Ahmed\data\kalshi\kalshi_history\kxhighchi_2024_10_01_to_2026_03_03\KMDW_20250217.csv
2025-02-18,2025-02-18,2025-02-18,2025-02-18 02:32:00 CET,KMDW,13F to 14F,13F to 14F,NO,55.15,85.19,0.3004,700.0,569.27,Win,43526.55,2025-02-17T15:02:00Z,2025-02-17T12:00:00Z,2025-02-17T15:32:00Z,D:\Ahmed\data\kalshi\kalshi_history\kxhighchi_2024_10_01_to_2026_03_03\KMDW_20250218.csv
2025-02-19,2025-02-19,2025-02-18,2025-02-18 19:08:00 CET,KMIA,85F or above,85F or above,YES,48.0,79.51,0.3151,700.0,-700.0,Loss,42826.55,2025-02-18T15:05:00Z,2025-02-18T12:00:00Z,2025-02-18T15:35:00Z,D:\Ahmed\data\kalshi\kalshi_history\kxhighmia_2024_10_01_to_2025_12_31\KMIA_20250219.csv
2025-02-20,2025-02-20,2025-02-19,2025-02-19 22:43:00 CET,KNYC,28F to 29F,28F to 29F,NO,52.44,85.63,0.3319,700.0,-700.0,Loss,42126.55,2025-02-19T15:15:00Z,2025-02-19T12:00:00Z,2025-02-19T15:45:00Z,D:\Ahmed\data\kalshi\kalshi_history\kxhighny_2024_10_01_to_2025_12_31\KNYC_20250220.csv
2025-02-21,2025-02-21,2025-02-20,2025-02-20 21:02:00 CET,KMIA,72F to 73F,72F to 73F,NO,47.52,84.5,0.3698,700.0,773.06,Win,42899.61,2025-02-20T15:28:00Z,2025-02-20T12:00:00Z,2025-02-20T15:58:00Z,D:\Ahmed\data\kalshi\kalshi_history\kxhighmia_2024_10_01_to_2025_12_31\KMIA_20250221.csv
2025-02-22,2025-02-22,2025-02-21,2025-02-21 20:42:00 CET,KNYC,36F to 37F,36F to 37F,NO,60.0,100.0,0.4,700.0,466.67,Win,43366.28,2025-02-21T15:17:00Z,2025-02-21T12:00:00Z,2025-02-21T15:47:00Z,D:\Ahmed\data\kalshi\kalshi_history\kxhighny_2024_10_01_to_2025_12_31\KNYC_20250222.csv
2025-02-23,2025-02-23,2025-02-22,2025-02-22 18:02:00 CET,KMIA,78F to 79F,78F to 79F,YES,40.0,73.39,0.3339,700.0,1050.0,Win,44416.28,2025-02-22T15:35:00Z,2025-02-22T12:00:00Z,2025-02-22T16:05:00Z,D:\Ahmed\data\kalshi\kalshi_history\kxhighmia_2024_10_01_to_2025_12_31\KMIA_20250223.csv
2025-02-24,2025-02-24,2025-02-23,2025-02-23 17:50:00 CET,KNYC,48F to 49F,48F to 49F,NO,54.5,88.35,0.3385,700.0,-700.0,Loss,43716.28,2025-02-23T15:54:00Z,2025-02-23T12:00:00Z,2025-02-23T16:24:00Z,D:\Ahmed\data\kalshi\kalshi_history\kxhighny_2024_10_01_to_2025_12_31\KNYC_20250224.csv
2025-02-25,2025-02-25,2025-02-24,2025-02-24 16:46:00 CET,KLAX,67F or below,67F or below,NO,69.0,100.0,0.31,700.0,314.49,Win,44030.77,2025-02-24T15:13:00Z,2025-02-24T12:00:00Z,2025-02-24T15:43:00Z,D:\Ahmed\data\kalshi\kalshi_history\kxhighlax_2025_01_01_to_2026_03_05\KLAX_20250225.csv
2025-02-26,2025-02-26,2025-02-25,2025-02-25 17:37:00 CET,KMDW,55F or above,55F or above,NO,33.0,74.47,0.4147,700.0,1421.21,Win,45451.98,2025-02-25T15:16:00Z,2025-02-25T12:00:00Z,2025-02-25T15:46:00Z,D:\Ahmed\data\kalshi\kalshi_history\kxhighchi_2024_10_01_to_2026_03_03\KMDW_20250226.csv
2025-02-27,2025-02-27,2025-02-26,2025-02-26 19:05:00 CET,KMIA,82F or above,82F or above,YES,40.69,74.29,0.336,700.0,-700.0,Loss,44751.98,2025-02-26T15:36:00Z,2025-02-26T12:00:00Z,2025-02-26T16:06:00Z,D:\Ahmed\data\kalshi\kalshi_history\kxhighmia_2024_10_01_to_2025_12_31\KMIA_20250227.csv
2025-02-28,2025-02-28,2025-02-27,2025-02-27 16:43:00 CET,KMIA,80F or above,80F or above,YES,46.0,79.2,0.332,700.0,821.74,Win,45573.72,2025-02-27T15:03:00Z,2025-02-27T12:00:00Z,2025-02-27T15:33:00Z,D:\Ahmed\data\kalshi\kalshi_history\kxhighmia_2024_10_01_to_2025_12_31\KMIA_20250228.csv
2025-03-01,2025-03-01,2025-02-28,2025-02-28 16:58:00 CET,KMDW,36F or above,36F or above,NO,41.0,71.67,0.3067,700.0,-700.0,Loss,44873.72,2025-02-28T15:16:00Z,2025-02-28T12:00:00Z,2025-02-28T15:46:00Z,D:\Ahmed\data\kalshi\kalshi_history\kxhighchi_2024_10_01_to_2026_03_03\KMDW_20250301.csv
2025-03-02,2025-03-02,2025-03-02,2025-03-02 14:51:00 CET,KNYC,33F to 34F,33F to 34F,NO,41.52,72.16,0.3064,700.0,-700.0,Loss,44173.72,2025-03-01T15:13:00Z,2025-03-01T12:00:00Z,2025-03-01T15:43:00Z,D:\Ahmed\data\kalshi\kalshi_history\kxhighny_2024_10_01_to_2025_12_31\KNYC_20250302.csv
2025-03-03,2025-03-03,2025-03-02,2025-03-02 18:40:00 CET,KMDW,50F or above,50F or above,NO,54.0,87.6,0.336,700.0,596.3,Win,44770.02,2025-03-02T15:22:00Z,2025-03-02T12:00:00Z,2025-03-02T15:52:00Z,D:\Ahmed\data\kalshi\kalshi_history\kxhighchi_2024_10_01_to_2026_03_03\KMDW_20250303.csv
2025-03-04,2025-03-04,2025-03-04,2025-03-04 17:59:00 CET,KMIA,81F or above,81F or above,NO,38.52,73.43,0.3491,700.0,1117.24,Win,45887.26,2025-03-03T15:02:00Z,2025-03-03T12:00:00Z,2025-03-03T15:32:00Z,D:\Ahmed\data\kalshi\kalshi_history\kxhighmia_2024_10_01_to_2025_12_31\KMIA_20250304.csv
2025-03-05,2025-03-05,2025-03-05,2025-03-05 02:17:00 CET,KMIA,85F or above,85F or above,YES,45.0,76.12,0.3112,700.0,-700.0,Loss,45187.26,2025-03-04T15:01:00Z,2025-03-04T12:00:00Z,2025-03-04T15:31:00Z,D:\Ahmed\data\kalshi\kalshi_history\kxhighmia_2024_10_01_to_2025_12_31\KMIA_20250305.csv
2025-03-06,2025-03-06,2025-03-05,2025-03-05 17:01:00 CET,KMIA,78F to 79F,78F to 79F,NO,56.0,86.51,0.3051,700.0,550.0,Win,45737.26,2025-03-05T15:01:00Z,2025-03-05T12:00:00Z,2025-03-05T15:31:00Z,D:\Ahmed\data\kalshi\kalshi_history\kxhighmia_2024_10_01_to_2025_12_31\KMIA_20250306.csv
2025-03-07,2025-03-07,2025-03-07,2025-03-07 02:34:00 CET,KMDW,40F or above,40F or above,NO,49.27,79.33,0.3006,700.0,-700.0,Loss,45037.26,2025-03-06T15:03:00Z,2025-03-06T12:00:00Z,2025-03-06T15:33:00Z,D:\Ahmed\data\kalshi\kalshi_history\kxhighchi_2024_10_01_to_2026_03_03\KMDW_20250307.csv
2025-03-08,2025-03-08,2025-03-08,2025-03-08 14:01:00 CET,KNYC,44F to 45F,44F to 45F,NO,45.45,86.41,0.4096,700.0,-700.0,Loss,44337.26,2025-03-07T15:02:00Z,2025-03-07T12:00:00Z,2025-03-07T15:32:00Z,D:\Ahmed\data\kalshi\kalshi_history\kxhighny_2024_10_01_to_2025_12_31\KNYC_20250308.csv
2025-03-09,2025-03-09,2025-03-08,2025-03-08 17:16:00 CET,KLAX,63F or below,63F or below,NO,68.34,100.0,0.3166,700.0,324.29,Win,44661.55,2025-03-08T15:13:00Z,2025-03-08T12:00:00Z,2025-03-08T15:43:00Z,D:\Ahmed\data\kalshi\kalshi_history\kxhighlax_2025_01_01_to_2026_03_05\KLAX_20250309.csv
2025-03-10,2025-03-10,2025-03-10,2025-03-10 16:39:00 CET,KNYC,65F to 66F,65F to 66F,NO,35.29,72.5,0.3721,700.0,-700.0,Loss,43961.55,2025-03-09T14:10:00Z,2025-03-09T12:00:00Z,2025-03-09T14:40:00Z,D:\Ahmed\data\kalshi\kalshi_history\kxhighny_2024_10_01_to_2025_12_31\KNYC_20250310.csv
2025-03-11,2025-03-11,2025-03-10,2025-03-10 18:51:00 CET,KMIA,79F or above,79F or above,NO,61.41,91.41,0.3,700.0,-700.0,Loss,43261.55,2025-03-10T14:02:00Z,2025-03-10T12:00:00Z,2025-03-10T14:32:00Z,D:\Ahmed\data\kalshi\kalshi_history\kxhighmia_2024_10_01_to_2025_12_31\KMIA_20250311.csv
2025-03-12,2025-03-12,2025-03-11,2025-03-11 16:58:00 CET,KMIA,82F or above,82F or above,NO,59.0,92.94,0.3394,700.0,486.44,Win,43747.99,2025-03-11T14:01:00Z,2025-03-11T12:00:00Z,2025-03-11T14:31:00Z,D:\Ahmed\data\kalshi\kalshi_history\kxhighmia_2024_10_01_to_2025_12_31\KMIA_20250312.csv
2025-03-13,2025-03-13,2025-03-13,2025-03-13 13:01:00 CET,KLAX,56F to 57F,56F to 57F,NO,38.58,72.41,0.3383,700.0,1114.41,Win,44862.4,2025-03-12T14:40:00Z,2025-03-12T12:00:00Z,2025-03-12T15:10:00Z,D:\Ahmed\data\kalshi\kalshi_history\kxhighlax_2025_01_01_to_2026_03_05\KLAX_20250313.csv
2025-03-14,2025-03-14,2025-03-13,2025-03-13 18:31:00 CET,KNYC,54F to 55F,54F to 55F,NO,56.82,88.7,0.3188,700.0,531.96,Win,45394.36,2025-03-13T14:09:00Z,2025-03-13T12:00:00Z,2025-03-13T14:39:00Z,D:\Ahmed\data\kalshi\kalshi_history\kxhighny_2024_10_01_to_2025_12_31\KNYC_20250314.csv
2025-03-15,2025-03-15,2025-03-14,2025-03-14 15:43:00 CET,KMDW,65F to 66F,65F to 66F,NO,54.0,85.5,0.315,700.0,596.3,Win,45990.66,2025-03-14T14:08:00Z,2025-03-14T12:00:00Z,2025-03-14T14:38:00Z,D:\Ahmed\data\kalshi\kalshi_history\kxhighchi_2024_10_01_to_2026_03_03\KMDW_20250315.csv
2025-03-16,2025-03-16,2025-03-15,2025-03-15 15:56:00 CET,KMDW,48F to 49F,48F to 49F,NO,61.0,91.55,0.3055,700.0,447.54,Win,46438.2,2025-03-15T14:04:00Z,2025-03-15T12:00:00Z,2025-03-15T14:34:00Z,D:\Ahmed\data\kalshi\kalshi_history\kxhighchi_2024_10_01_to_2026_03_03\KMDW_20250316.csv
2025-03-17,2025-03-17,2025-03-17,2025-03-17 02:59:00 CET,KNYC,57F to 58F,57F to 58F,NO,52.81,84.85,0.3204,700.0,625.51,Win,47063.7,2025-03-16T14:14:00Z,2025-03-16T12:00:00Z,2025-03-16T14:44:00Z,D:\Ahmed\data\kalshi\kalshi_history\kxhighny_2024_10_01_to_2025_12_31\KNYC_20250317.csv
2025-03-18,2025-03-18,2025-03-17,2025-03-17 20:20:00 CET,KNYC,60F to 61F,60F to 61F,NO,56.55,87.04,0.3049,700.0,-700.0,Loss,46363.7,2025-03-17T14:05:00Z,2025-03-17T12:00:00Z,2025-03-17T14:35:00Z,D:\Ahmed\data\kalshi\kalshi_history\kxhighny_2024_10_01_to_2025_12_31\KNYC_20250318.csv
2025-03-19,2025-03-19,2025-03-18,2025-03-18 16:40:00 CET,KMIA,80F to 81F,80F to 81F,YES,45.0,75.06,0.3006,700.0,855.56,Win,47219.26,2025-03-18T14:02:00Z,2025-03-18T12:00:00Z,2025-03-18T14:32:00Z,D:\Ahmed\data\kalshi\kalshi_history\kxhighmia_2024_10_01_to_2025_12_31\KMIA_20250319.csv
2025-03-20,2025-03-20,2025-03-19,2025-03-19 17:10:00 CET,KNYC,54F to 55F,54F to 55F,NO,55.0,94.49,0.3949,700.0,572.73,Win,47791.99,2025-03-19T14:02:00Z,2025-03-19T12:00:00Z,2025-03-19T14:32:00Z,D:\Ahmed\data\kalshi\kalshi_history\kxhighny_2024_10_01_to_2025_12_31\KNYC_20250320.csv
2025-03-21,2025-03-21,2025-03-20,2025-03-20 21:02:00 CET,KNYC,51F to 52F,51F to 52F,NO,70.0,100.0,0.3,700.0,-700.0,Loss,47091.99,2025-03-20T14:13:00Z,2025-03-20T12:00:00Z,2025-03-20T14:43:00Z,D:\Ahmed\data\kalshi\kalshi_history\kxhighny_2024_10_01_to_2025_12_31\KNYC_20250321.csv
2025-03-22,2025-03-22,2025-03-21,2025-03-21 16:37:00 CET,KMIA,79F to 80F,79F to 80F,NO,60.26,92.17,0.3191,700.0,461.63,Win,47553.62,2025-03-21T14:22:00Z,2025-03-21T12:00:00Z,2025-03-21T14:52:00Z,D:\Ahmed\data\kalshi\kalshi_history\kxhighmia_2024_10_01_to_2025_12_31\KMIA_20250322.csv
2025-03-23,2025-03-23,2025-03-22,2025-03-22 17:39:00 CET,KMIA,79F to 80F,79F to 80F,YES,46.0,77.48,0.3148,700.0,821.74,Win,48375.36,2025-03-22T14:11:00Z,2025-03-22T12:00:00Z,2025-03-22T14:41:00Z,D:\Ahmed\data\kalshi\kalshi_history\kxhighmia_2024_10_01_to_2025_12_31\KMIA_20250323.csv
2025-03-24,2025-03-24,2025-03-23,2025-03-23 15:37:00 CET,KMIA,82F to 83F,82F to 83F,NO,62.99,94.84,0.3185,700.0,-700.0,Loss,47675.36,2025-03-23T14:01:00Z,2025-03-23T12:00:00Z,2025-03-23T14:31:00Z,D:\Ahmed\data\kalshi\kalshi_history\kxhighmia_2024_10_01_to_2025_12_31\KMIA_20250324.csv
2025-03-25,2025-03-25,2025-03-24,2025-03-24 15:36:00 CET,KMIA,82F to 83F,82F to 83F,NO,56.0,92.04,0.3604,700.0,550.0,Win,48225.36,2025-03-24T14:03:00Z,2025-03-24T12:00:00Z,2025-03-24T14:33:00Z,D:\Ahmed\data\kalshi\kalshi_history\kxhighmia_2024_10_01_to_2025_12_31\KMIA_20250325.csv
2025-03-26,2025-03-26,2025-03-26,2025-03-26 02:48:00 CET,KLAX,61F or below,61F or below,NO,69.0,100.0,0.31,700.0,-700.0,Loss,47525.36,2025-03-25T14:13:00Z,2025-03-25T12:00:00Z,2025-03-25T14:43:00Z,D:\Ahmed\data\kalshi\kalshi_history\kxhighlax_2025_01_01_to_2026_03_05\KLAX_20250326.csv
2025-03-27,2025-03-27,2025-03-27,2025-03-27 00:26:00 CET,KNYC,50F to 51F,50F to 51F,NO,55.29,87.38,0.3209,700.0,566.05,Win,48091.41,2025-03-26T14:43:00Z,2025-03-26T12:00:00Z,2025-03-26T15:13:00Z,D:\Ahmed\data\kalshi\kalshi_history\kxhighny_2024_10_01_to_2025_12_31\KNYC_20250327.csv
2025-03-28,2025-03-28,2025-03-27,2025-03-27 22:30:00 CET,KMIA,79F to 80F,79F to 80F,NO,49.0,79.09,0.3009,700.0,728.57,Win,48819.98,2025-03-27T14:10:00Z,2025-03-27T12:00:00Z,2025-03-27T14:40:00Z,D:\Ahmed\data\kalshi\kalshi_history\kxhighmia_2024_10_01_to_2025_12_31\KMIA_20250328.csv
2025-03-29,2025-03-29,2025-03-28,2025-03-28 17:48:00 CET,KMDW,67F to 68F,67F to 68F,NO,54.0,85.98,0.3198,700.0,-700.0,Loss,48119.98,2025-03-28T14:24:00Z,2025-03-28T12:00:00Z,2025-03-28T14:54:00Z,D:\Ahmed\data\kalshi\kalshi_history\kxhighchi_2024_10_01_to_2026_03_03\KMDW_20250329.csv
2025-03-30,2025-03-30,2025-03-29,2025-03-29 22:42:00 CET,KLAX,59F to 60F,59F to 60F,NO,54.52,88.25,0.3373,700.0,583.93,Win,48703.91,2025-03-29T17:43:00Z,2025-03-29T12:00:00Z,2025-03-29T18:13:00Z,D:\Ahmed\data\kalshi\kalshi_history\kxhighlax_2025_01_01_to_2026_03_05\KLAX_20250330.csv
2025-03-31,2025-03-31,2025-03-30,2025-03-30 17:01:00 CEST,KMIA,84F to 85F,84F to 85F,NO,50.0,85.23,0.3523,700.0,700.0,Win,49403.91,2025-03-30T14:02:00Z,2025-03-30T12:00:00Z,2025-03-30T14:32:00Z,D:\Ahmed\data\kalshi\kalshi_history\kxhighmia_2024_10_01_to_2025_12_31\KMIA_20250331.csv
2025-04-01,2025-04-01,2025-04-01,2025-04-01 05:44:00 CEST,KNYC,59F to 60F,59F to 60F,NO,41.67,74.42,0.3275,700.0,979.87,Win,50383.78,2025-03-31T14:13:00Z,2025-03-31T12:00:00Z,2025-03-31T14:43:00Z,D:\Ahmed\data\kalshi\kalshi_history\kxhighny_2024_10_01_to_2025_12_31\KNYC_20250401.csv
2025-04-02,2025-04-02,2025-04-01,2025-04-01 22:59:00 CEST,KMDW,70F to 71F,70F to 71F,NO,60.65,90.99,0.3034,700.0,454.16,Win,50837.94,2025-04-01T14:16:00Z,2025-04-01T12:00:00Z,2025-04-01T14:46:00Z,D:\Ahmed\data\kalshi\kalshi_history\kxhighchi_2024_10_01_to_2026_03_03\KMDW_20250402.csv
2025-04-03,2025-04-03,2025-04-02,2025-04-02 21:17:00 CEST,KMIA,84F to 85F,84F to 85F,NO,47.0,83.13,0.3613,700.0,789.36,Win,51627.31,2025-04-02T15:05:00Z,2025-04-02T12:00:00Z,2025-04-02T15:35:00Z,D:\Ahmed\data\kalshi\kalshi_history\kxhighmia_2024_10_01_to_2025_12_31\KMIA_20250403.csv
2025-04-04,2025-04-04,2025-04-04,2025-04-04 03:18:00 CEST,KNYC,67F to 68F,67F to 68F,NO,45.0,78.35,0.3335,700.0,855.56,Win,52482.86,2025-04-03T14:13:00Z,2025-04-03T12:00:00Z,2025-04-03T14:43:00Z,D:\Ahmed\data\kalshi\kalshi_history\kxhighny_2024_10_01_to_2025_12_31\KNYC_20250404.csv
2025-04-05,2025-04-05,2025-04-04,2025-04-04 22:29:00 CEST,KLAX,68F to 69F,68F to 69F,NO,64.0,94.98,0.3098,700.0,393.75,Win,52876.61,2025-04-04T14:37:00Z,2025-04-04T12:00:00Z,2025-04-04T15:07:00Z,D:\Ahmed\data\kalshi\kalshi_history\kxhighlax_2025_01_01_to_2026_03_05\KLAX_20250405.csv
2025-04-06,2025-04-06,2025-04-06,2025-04-06 06:24:00 CEST,KLAX,74F or above,74F or above,NO,41.23,71.64,0.3041,700.0,-700.0,Loss,52176.61,2025-04-05T14:34:00Z,2025-04-05T12:00:00Z,2025-04-05T15:04:00Z,D:\Ahmed\data\kalshi\kalshi_history\kxhighlax_2025_01_01_to_2026_03_05\KLAX_20250406.csv
2025-04-07,2025-04-07,2025-04-06,2025-04-06 21:40:00 CEST,KMIA,85F to 86F,85F to 86F,NO,60.0,90.88,0.3088,700.0,-700.0,Loss,51476.61,2025-04-06T14:14:00Z,2025-04-06T12:00:00Z,2025-04-06T14:44:00Z,D:\Ahmed\data\kalshi\kalshi_history\kxhighmia_2024_10_01_to_2025_12_31\KMIA_20250407.csv
2025-04-08,2025-04-08,2025-04-07,2025-04-07 16:35:00 CEST,KNYC,48F to 49F,48F to 49F,NO,55.58,90.6,0.3502,700.0,559.45,Win,52036.06,2025-04-07T14:02:00Z,2025-04-07T12:00:00Z,2025-04-07T14:32:00Z,D:\Ahmed\data\kalshi\kalshi_history\kxhighny_2024_10_01_to_2025_12_31\KNYC_20250408.csv
2025-04-09,2025-04-09,2025-04-08,2025-04-08 19:17:00 CEST,KLAX,74F or above,74F or above,NO,57.66,89.67,0.3201,700.0,514.01,Win,52550.07,2025-04-08T15:06:00Z,2025-04-08T12:00:00Z,2025-04-08T15:36:00Z,D:\Ahmed\data\kalshi\kalshi_history\kxhighlax_2025_01_01_to_2026_03_05\KLAX_20250409.csv
2025-04-10,2025-04-10,2025-04-09,2025-04-09 17:28:00 CEST,KLAX,73F to 74F,73F to 74F,NO,54.1,88.53,0.3443,700.0,593.9,Win,53143.97,2025-04-09T14:04:00Z,2025-04-09T12:00:00Z,2025-04-09T14:34:00Z,D:\Ahmed\data\kalshi\kalshi_history\kxhighlax_2025_01_01_to_2026_03_05\KLAX_20250410.csv
2025-04-11,2025-04-11,2025-04-10,2025-04-10 17:16:00 CEST,KMIA,81F to 82F,81F to 82F,NO,69.0,100.0,0.31,700.0,314.49,Win,53458.46,2025-04-10T14:37:00Z,2025-04-10T12:00:00Z,2025-04-10T15:07:00Z,D:\Ahmed\data\kalshi\kalshi_history\kxhighmia_2024_10_01_to_2025_12_31\KMIA_20250411.csv
2025-04-12,2025-04-12,2025-04-12,2025-04-12 05:57:00 CEST,KNYC,41F to 42F,41F to 42F,NO,32.91,71.27,0.3836,700.0,1427.01,Win,54885.48,2025-04-11T14:16:00Z,2025-04-11T12:00:00Z,2025-04-11T14:46:00Z,D:\Ahmed\data\kalshi\kalshi_history\kxhighny_2024_10_01_to_2025_12_31\KNYC_20250412.csv
2025-04-13,2025-04-13,2025-04-13,2025-04-13 01:23:00 CEST,KMDW,64F to 65F,64F to 65F,NO,62.0,92.13,0.3013,700.0,429.03,Win,55314.51,2025-04-12T14:04:00Z,2025-04-12T12:00:00Z,2025-04-12T14:34:00Z,D:\Ahmed\data\kalshi\kalshi_history\kxhighchi_2024_10_01_to_2026_03_03\KMDW_20250413.csv
2025-04-14,2025-04-14,2025-04-13,2025-04-13 23:49:00 CEST,KNYC,65F to 66F,65F to 66F,NO,57.0,87.39,0.3039,700.0,-700.0,Loss,54614.51,2025-04-13T14:05:00Z,2025-04-13T12:00:00Z,2025-04-13T14:35:00Z,D:\Ahmed\data\kalshi\kalshi_history\kxhighny_2024_10_01_to_2025_12_31\KNYC_20250414.csv
2025-04-15,2025-04-15,2025-04-14,2025-04-14 23:04:00 CEST,KMDW,50F to 51F,50F to 51F,NO,59.0,91.98,0.3298,700.0,486.44,Win,55100.95,2025-04-14T15:07:00Z,2025-04-14T12:00:00Z,2025-04-14T15:37:00Z,D:\Ahmed\data\kalshi\kalshi_history\kxhighchi_2024_10_01_to_2026_03_03\KMDW_20250415.csv
2025-04-16,2025-04-16,2025-04-15,2025-04-15 21:30:00 CEST,KMIA,85F to 86F,85F to 86F,NO,32.22,71.05,0.3883,700.0,-700.0,Loss,54400.95,2025-04-15T15:10:00Z,2025-04-15T12:00:00Z,2025-04-15T15:40:00Z,D:\Ahmed\data\kalshi\kalshi_history\kxhighmia_2024_10_01_to_2025_12_31\KMIA_20250416.csv
2025-04-17,2025-04-17,2025-04-17,2025-04-17 18:24:00 CEST,KNYC,60F to 61F,60F to 61F,NO,47.0,84.03,0.3703,700.0,789.36,Win,55190.31,2025-04-16T14:03:00Z,2025-04-16T12:00:00Z,2025-04-16T14:33:00Z,D:\Ahmed\data\kalshi\kalshi_history\kxhighny_2024_10_01_to_2025_12_31\KNYC_20250417.csv
2025-04-18,2025-04-18,2025-04-18,2025-04-18 14:01:00 CEST,KMDW,83F to 84F,83F to 84F,NO,58.0,90.98,0.3298,700.0,506.9,Win,55697.21,2025-04-17T14:16:00Z,2025-04-17T12:00:00Z,2025-04-17T14:46:00Z,D:\Ahmed\data\kalshi\kalshi_history\kxhighchi_2024_10_01_to_2026_03_03\KMDW_20250418.csv
2025-04-19,2025-04-19,2025-04-19,2025-04-19 05:22:00 CEST,KMDW,66F to 67F,66F to 67F,NO,55.0,89.8,0.348,700.0,572.73,Win,56269.93,2025-04-18T14:16:00Z,2025-04-18T12:00:00Z,2025-04-18T14:46:00Z,D:\Ahmed\data\kalshi\kalshi_history\kxhighchi_2024_10_01_to_2026_03_03\KMDW_20250419.csv
2025-04-20,2025-04-20,2025-04-19,2025-04-19 16:41:00 CEST,KMDW,61F or above,61F or above,NO,52.0,100.0,0.48,700.0,-700.0,Loss,55569.93,2025-04-19T14:11:00Z,2025-04-19T12:00:00Z,2025-04-19T14:41:00Z,D:\Ahmed\data\kalshi\kalshi_history\kxhighchi_2024_10_01_to_2026_03_03\KMDW_20250420.csv
2025-04-21,2025-04-21,2025-04-20,2025-04-20 16:46:00 CEST,KMDW,65F or above,65F or above,NO,52.0,87.32,0.3532,700.0,646.15,Win,56216.09,2025-04-20T14:16:00Z,2025-04-20T12:00:00Z,2025-04-20T14:46:00Z,D:\Ahmed\data\kalshi\kalshi_history\kxhighchi_2024_10_01_to_2026_03_03\KMDW_20250421.csv
2025-04-22,2025-04-22,2025-04-22,2025-04-22 14:10:00 CEST,KLAX,62F to 63F,62F to 63F,NO,52.35,85.39,0.3304,700.0,637.15,Win,56853.24,2025-04-21T14:55:00Z,2025-04-21T12:00:00Z,2025-04-21T15:25:00Z,D:\Ahmed\data\kalshi\kalshi_history\kxhighlax_2025_01_01_to_2026_03_05\KLAX_20250422.csv
2025-04-23,2025-04-23,2025-04-23,2025-04-23 16:13:00 CEST,KLAX,61F to 62F,61F to 62F,NO,58.93,89.32,0.3039,700.0,-700.0,Loss,56153.24,2025-04-22T14:16:00Z,2025-04-22T12:00:00Z,2025-04-22T14:46:00Z,D:\Ahmed\data\kalshi\kalshi_history\kxhighlax_2025_01_01_to_2026_03_05\KLAX_20250423.csv
2025-04-24,2025-04-24,2025-04-24,2025-04-24 15:18:00 CEST,KMDW,76F or above,76F or above,NO,41.92,74.92,0.33,700.0,-700.0,Loss,55453.24,2025-04-23T14:05:00Z,2025-04-23T12:00:00Z,2025-04-23T14:35:00Z,D:\Ahmed\data\kalshi\kalshi_history\kxhighchi_2024_10_01_to_2026_03_03\KMDW_20250424.csv
2025-04-25,2025-04-25,2025-04-25,2025-04-25 17:18:00 CEST,KNYC,75F to 76F,75F to 76F,NO,47.33,79.6,0.3227,700.0,778.98,Win,56232.22,2025-04-24T14:08:00Z,2025-04-24T12:00:00Z,2025-04-24T14:38:00Z,D:\Ahmed\data\kalshi\kalshi_history\kxhighny_2024_10_01_to_2025_12_31\KNYC_20250425.csv
2025-04-26,2025-04-26,2025-04-26,2025-04-26 02:48:00 CEST,KNYC,71F to 72F,71F to 72F,NO,54.3,85.91,0.3161,700.0,589.13,Win,56821.35,2025-04-25T14:01:00Z,2025-04-25T12:00:00Z,2025-04-25T14:31:00Z,D:\Ahmed\data\kalshi\kalshi_history\kxhighny_2024_10_01_to_2025_12_31\KNYC_20250426.csv
2025-04-27,2025-04-27,2025-04-27,2025-04-27 17:10:00 CEST,KNYC,60F to 61F,60F to 61F,NO,42.0,73.38,0.3138,700.0,966.67,Win,57788.02,2025-04-26T14:16:00Z,2025-04-26T12:00:00Z,2025-04-26T14:46:00Z,D:\Ahmed\data\kalshi\kalshi_history\kxhighny_2024_10_01_to_2025_12_31\KNYC_20250427.csv
2025-04-28,2025-04-28,2025-04-27,2025-04-27 20:40:00 CEST,KMDW,82F to 83F,82F to 83F,NO,57.33,88.51,0.3118,700.0,521.0,Win,58309.02,2025-04-27T16:04:00Z,2025-04-27T12:00:00Z,2025-04-27T16:34:00Z,D:\Ahmed\data\kalshi\kalshi_history\kxhighchi_2024_10_01_to_2026_03_03\KMDW_20250428.csv
2025-04-29,2025-04-29,2025-04-29,2025-04-29 05:59:00 CEST,KMDW,76F to 77F,76F to 77F,NO,53.5,83.93,0.3043,700.0,-700.0,Loss,57609.02,2025-04-28T15:32:00Z,2025-04-28T12:00:00Z,2025-04-28T16:02:00Z,D:\Ahmed\data\kalshi\kalshi_history\kxhighchi_2024_10_01_to_2026_03_03\KMDW_20250429.csv
2025-04-30,2025-04-30,2025-04-30,2025-04-30 03:59:00 CEST,KMDW,64F or above,64F or above,NO,48.0,84.39,0.3639,700.0,758.33,Win,58367.36,2025-04-29T14:16:00Z,2025-04-29T12:00:00Z,2025-04-29T14:46:00Z,D:\Ahmed\data\kalshi\kalshi_history\kxhighchi_2024_10_01_to_2026_03_03\KMDW_20250430.csv
2025-05-01,2025-05-01,2025-04-30,2025-04-30 23:03:00 CEST,KMDW,64F or below,64F or below,YES,31.0,92.46,0.6146,700.0,-700.0,Loss,57667.36,2025-04-30T14:16:00Z,2025-04-30T12:00:00Z,2025-04-30T14:46:00Z,D:\Ahmed\data\kalshi\kalshi_history\kxhighchi_2024_10_01_to_2026_03_03\KMDW_20250501.csv
2025-05-02,2025-05-02,2025-05-02,2025-05-02 14:07:00 CEST,KNYC,85F or above,85F or above,NO,69.48,100.0,0.3052,700.0,307.48,Win,57974.84,2025-05-01T14:01:00Z,2025-05-01T12:00:00Z,2025-05-01T14:31:00Z,D:\Ahmed\data\kalshi\kalshi_history\kxhighny_2024_10_01_to_2025_12_31\KNYC_20250502.csv
2025-05-03,2025-05-03,2025-05-03,2025-05-03 01:57:00 CEST,KLAX,62F or below,62F or below,NO,49.19,100.0,0.5081,700.0,723.05,Win,58697.89,2025-05-02T14:03:00Z,2025-05-02T12:00:00Z,2025-05-02T14:33:00Z,D:\Ahmed\data\kalshi\kalshi_history\kxhighlax_2025_01_01_to_2026_03_05\KLAX_20250503.csv
2025-05-04,2025-05-04,2025-05-04,2025-05-04 14:01:00 CEST,KLAX,63F to 64F,63F to 64F,NO,52.0,84.0,0.32,700.0,-700.0,Loss,57997.89,2025-05-03T14:44:00Z,2025-05-03T12:00:00Z,2025-05-03T15:14:00Z,D:\Ahmed\data\kalshi\kalshi_history\kxhighlax_2025_01_01_to_2026_03_05\KLAX_20250504.csv
2025-05-05,2025-05-05,2025-05-04,2025-05-04 17:37:00 CEST,KMIA,84F to 85F,84F to 85F,NO,48.0,81.06,0.3306,700.0,758.33,Win,58756.23,2025-05-04T14:16:00Z,2025-05-04T12:00:00Z,2025-05-04T14:46:00Z,D:\Ahmed\data\kalshi\kalshi_history\kxhighmia_2024_10_01_to_2025_12_31\KMIA_20250505.csv
2025-05-06,2025-05-06,2025-05-05,2025-05-05 17:41:00 CEST,KMDW,77F or above,77F or above,NO,69.0,100.0,0.31,700.0,-700.0,Loss,58056.23,2025-05-05T14:07:00Z,2025-05-05T12:00:00Z,2025-05-05T14:37:00Z,D:\Ahmed\data\kalshi\kalshi_history\kxhighchi_2024_10_01_to_2026_03_03\KMDW_20250506.csv
2025-05-07,2025-05-07,2025-05-06,2025-05-06 20:25:00 CEST,KMIA,84F to 85F,84F to 85F,NO,60.0,100.0,0.4,700.0,466.67,Win,58522.89,2025-05-06T14:16:00Z,2025-05-06T12:00:00Z,2025-05-06T14:46:00Z,D:\Ahmed\data\kalshi\kalshi_history\kxhighmia_2024_10_01_to_2025_12_31\KMIA_20250507.csv
2025-05-08,2025-05-08,2025-05-07,2025-05-07 18:53:00 CEST,KMIA,85F to 86F,85F to 86F,NO,53.0,90.63,0.3763,700.0,-700.0,Loss,57822.89,2025-05-07T14:09:00Z,2025-05-07T12:00:00Z,2025-05-07T14:39:00Z,D:\Ahmed\data\kalshi\kalshi_history\kxhighmia_2024_10_01_to_2025_12_31\KMIA_20250508.csv
2025-05-09,2025-05-09,2025-05-09,2025-05-09 07:23:00 CEST,KNYC,62F to 63F,62F to 63F,NO,33.14,75.23,0.4209,700.0,1412.25,Win,59235.14,2025-05-08T15:21:00Z,2025-05-08T12:00:00Z,2025-05-08T15:51:00Z,D:\Ahmed\data\kalshi\kalshi_history\kxhighny_2024_10_01_to_2025_12_31\KNYC_20250509.csv
2025-05-10,2025-05-10,2025-05-09,2025-05-09 17:22:00 CEST,KMDW,73F to 74F,73F to 74F,NO,68.0,100.0,0.32,700.0,329.41,Win,59564.56,2025-05-09T14:03:00Z,2025-05-09T12:00:00Z,2025-05-09T14:33:00Z,D:\Ahmed\data\kalshi\kalshi_history\kxhighchi_2024_10_01_to_2026_03_03\KMDW_20250510.csv
2025-05-11,2025-05-11,2025-05-11,2025-05-11 17:30:00 CEST,KLAX,75F to 76F,75F to 76F,NO,52.48,84.54,0.3206,700.0,633.84,Win,60198.4,2025-05-10T15:09:00Z,2025-05-10T12:00:00Z,2025-05-10T15:39:00Z,D:\Ahmed\data\kalshi\kalshi_history\kxhighlax_2025_01_01_to_2026_03_05\KLAX_20250511.csv
2025-05-12,2025-05-12,2025-05-11,2025-05-11 17:22:00 CEST,KMIA,83F to 84F,83F to 84F,NO,44.0,74.94,0.3094,700.0,-700.0,Loss,59498.4,2025-05-11T14:19:00Z,2025-05-11T12:00:00Z,2025-05-11T14:49:00Z,D:\Ahmed\data\kalshi\kalshi_history\kxhighmia_2024_10_01_to_2025_12_31\KMIA_20250512.csv
2025-05-13,2025-05-13,2025-05-12,2025-05-12 17:38:00 CEST,KLAX,65F to 66F,65F to 66F,NO,70.0,100.0,0.3,700.0,300.0,Win,59798.4,2025-05-12T15:08:00Z,2025-05-12T12:00:00Z,2025-05-12T15:38:00Z,D:\Ahmed\data\kalshi\kalshi_history\kxhighlax_2025_01_01_to_2026_03_05\KLAX_20250513.csv
2025-05-14,2025-05-14,2025-05-13,2025-05-13 19:51:00 CEST,KMDW,79F or above,79F or above,NO,53.0,83.13,0.3013,700.0,-700.0,Loss,59098.4,2025-05-13T14:02:00Z,2025-05-13T12:00:00Z,2025-05-13T14:32:00Z,D:\Ahmed\data\kalshi\kalshi_history\kxhighchi_2024_10_01_to_2026_03_03\KMDW_20250514.csv
2025-05-15,2025-05-15,2025-05-14,2025-05-14 19:08:00 CEST,KMDW,92F to 93F,92F to 93F,NO,61.0,92.06,0.3106,700.0,447.54,Win,59545.94,2025-05-14T14:16:00Z,2025-05-14T12:00:00Z,2025-05-14T14:46:00Z,D:\Ahmed\data\kalshi\kalshi_history\kxhighchi_2024_10_01_to_2026_03_03\KMDW_20250515.csv
2025-05-16,2025-05-16,2025-05-15,2025-05-15 23:03:00 CEST,KMDW,88F to 89F,88F to 89F,NO,67.0,100.0,0.33,700.0,-700.0,Loss,58845.94,2025-05-15T20:25:00Z,2025-05-15T12:00:00Z,2025-05-15T20:55:00Z,D:\Ahmed\data\kalshi\kalshi_history\kxhighchi_2024_10_01_to_2026_03_03\KMDW_20250516.csv
2025-05-17,2025-05-17,2025-05-17,2025-05-17 07:52:00 CEST,KLAX,65F to 66F,65F to 66F,NO,50.0,80.23,0.3023,700.0,700.0,Win,59545.94,2025-05-16T14:26:00Z,2025-05-16T12:00:00Z,2025-05-16T14:56:00Z,D:\Ahmed\data\kalshi\kalshi_history\kxhighlax_2025_01_01_to_2026_03_05\KLAX_20250517.csv
2025-05-18,2025-05-18,2025-05-17,2025-05-17 22:26:00 CEST,KMDW,66F or above,66F or above,NO,55.0,89.03,0.3403,700.0,572.73,Win,60118.67,2025-05-17T14:29:00Z,2025-05-17T12:00:00Z,2025-05-17T14:59:00Z,D:\Ahmed\data\kalshi\kalshi_history\kxhighchi_2024_10_01_to_2026_03_03\KMDW_20250518.csv
2025-05-19,2025-05-19,2025-05-19,2025-05-19 14:03:00 CEST,KNYC,71F to 72F,71F to 72F,NO,47.97,78.79,0.3082,700.0,759.25,Win,60877.91,2025-05-18T14:01:00Z,2025-05-18T12:00:00Z,2025-05-18T14:31:00Z,D:\Ahmed\data\kalshi\kalshi_history\kxhighny_2024_10_01_to_2025_12_31\KNYC_20250519.csv
2025-05-20,2025-05-20,2025-05-20,2025-05-20 05:44:00 CEST,KLAX,74F to 75F,74F to 75F,NO,54.02,84.15,0.3013,700.0,-700.0,Loss,60177.91,2025-05-19T14:16:00Z,2025-05-19T12:00:00Z,2025-05-19T14:46:00Z,D:\Ahmed\data\kalshi\kalshi_history\kxhighlax_2025_01_01_to_2026_03_05\KLAX_20250520.csv
2025-05-21,2025-05-21,2025-05-21,2025-05-21 04:21:00 CEST,KNYC,58F to 59F,58F to 59F,NO,47.0,78.34,0.3134,700.0,-700.0,Loss,59477.91,2025-05-20T14:03:00Z,2025-05-20T12:00:00Z,2025-05-20T14:33:00Z,D:\Ahmed\data\kalshi\kalshi_history\kxhighny_2024_10_01_to_2025_12_31\KNYC_20250521.csv
2025-05-22,2025-05-22,2025-05-22,2025-05-22 17:36:00 CEST,KMDW,56F to 57F,56F to 57F,NO,49.0,81.88,0.3288,700.0,728.57,Win,60206.48,2025-05-21T14:49:00Z,2025-05-21T12:00:00Z,2025-05-21T15:19:00Z,D:\Ahmed\data\kalshi\kalshi_history\kxhighchi_2024_10_01_to_2026_03_03\KMDW_20250522.csv
2025-05-23,2025-05-23,2025-05-23,2025-05-23 03:28:00 CEST,KNYC,62F to 63F,62F to 63F,NO,54.0,87.44,0.3344,700.0,-700.0,Loss,59506.48,2025-05-22T14:14:00Z,2025-05-22T12:00:00Z,2025-05-22T14:44:00Z,D:\Ahmed\data\kalshi\kalshi_history\kxhighny_2024_10_01_to_2025_12_31\KNYC_20250523.csv
2025-05-24,2025-05-24,2025-05-23,2025-05-23 21:04:00 CEST,KMDW,64F to 65F,64F to 65F,NO,51.0,83.21,0.3221,700.0,-700.0,Loss,58806.48,2025-05-23T14:59:00Z,2025-05-23T12:00:00Z,2025-05-23T15:29:00Z,D:\Ahmed\data\kalshi\kalshi_history\kxhighchi_2024_10_01_to_2026_03_03\KMDW_20250524.csv
2025-05-25,2025-05-25,2025-05-25,2025-05-25 01:40:00 CEST,KMDW,65F to 66F,65F to 66F,NO,55.0,91.06,0.3606,700.0,-700.0,Loss,58106.48,2025-05-24T16:42:00Z,2025-05-24T12:00:00Z,2025-05-24T17:12:00Z,D:\Ahmed\data\kalshi\kalshi_history\kxhighchi_2024_10_01_to_2026_03_03\KMDW_20250525.csv
2025-05-26,2025-05-26,2025-05-26,2025-05-26 01:45:00 CEST,KMIA,88F to 89F,88F to 89F,NO,58.37,91.2,0.3283,700.0,499.25,Win,58605.73,2025-05-25T14:46:00Z,2025-05-25T12:00:00Z,2025-05-25T15:16:00Z,D:\Ahmed\data\kalshi\kalshi_history\kxhighmia_2024_10_01_to_2025_12_31\KMIA_20250526.csv
2025-05-27,2025-05-27,2025-05-27,2025-05-27 19:57:00 CEST,KLAX,71F to 72F,71F to 72F,NO,38.09,71.52,0.3343,700.0,-700.0,Loss,57905.73,2025-05-26T14:08:00Z,2025-05-26T12:00:00Z,2025-05-26T14:38:00Z,D:\Ahmed\data\kalshi\kalshi_history\kxhighlax_2025_01_01_to_2026_03_05\KLAX_20250527.csv
2025-05-28,2025-05-28,2025-05-28,2025-05-28 05:03:00 CEST,KNYC,64F to 65F,64F to 65F,NO,48.23,80.73,0.325,700.0,-700.0,Loss,57205.73,2025-05-27T14:04:00Z,2025-05-27T12:00:00Z,2025-05-27T14:34:00Z,D:\Ahmed\data\kalshi\kalshi_history\kxhighny_2024_10_01_to_2025_12_31\KNYC_20250528.csv
2025-05-29,2025-05-29,2025-05-29,2025-05-29 00:37:00 CEST,KMIA,91F to 92F,91F to 92F,YES,37.0,74.02,0.3702,700.0,-700.0,Loss,56505.73,2025-05-28T19:43:00Z,2025-05-28T12:00:00Z,2025-05-28T20:13:00Z,D:\Ahmed\data\kalshi\kalshi_history\kxhighmia_2024_10_01_to_2025_12_31\KMIA_20250529.csv
2025-05-31,2025-05-31,2025-05-30,2025-05-30 17:06:00 CEST,KMDW,65F to 66F,65F to 66F,NO,53.0,87.56,0.3456,700.0,620.75,Win,57126.48,2025-05-30T14:03:00Z,2025-05-30T12:00:00Z,2025-05-30T14:33:00Z,D:\Ahmed\data\kalshi\kalshi_history\kxhighchi_2024_10_01_to_2026_03_03\KMDW_20250531.csv
2025-06-01,2025-06-01,2025-05-31,2025-05-31 19:32:00 CEST,KMIA,87F to 88F,87F to 88F,NO,52.0,84.44,0.3244,700.0,646.15,Win,57772.64,2025-05-31T15:03:00Z,2025-05-31T12:00:00Z,2025-05-31T15:33:00Z,D:\Ahmed\data\kalshi\kalshi_history\kxhighmia_2024_10_01_to_2025_12_31\KMIA_20250601.csv
2025-06-02,2025-06-02,2025-06-01,2025-06-01 23:33:00 CEST,KMDW,82F to 83F,82F to 83F,NO,60.49,91.42,0.3093,700.0,457.22,Win,58229.85,2025-06-01T14:01:00Z,2025-06-01T12:00:00Z,2025-06-01T14:31:00Z,D:\Ahmed\data\kalshi\kalshi_history\kxhighchi_2024_10_01_to_2026_03_03\KMDW_20250602.csv
2025-06-03,2025-06-03,2025-06-02,2025-06-02 17:49:00 CEST,KMIA,80F to 81F,80F to 81F,NO,49.0,93.39,0.4439,700.0,728.57,Win,58958.42,2025-06-02T14:16:00Z,2025-06-02T12:00:00Z,2025-06-02T14:46:00Z,D:\Ahmed\data\kalshi\kalshi_history\kxhighmia_2024_10_01_to_2025_12_31\KMIA_20250603.csv
2025-06-04,2025-06-04,2025-06-04,2025-06-04 07:02:00 CEST,KMDW,75F to 76F,75F to 76F,NO,41.12,76.29,0.3517,700.0,-700.0,Loss,58258.42,2025-06-03T14:01:00Z,2025-06-03T12:00:00Z,2025-06-03T14:31:00Z,D:\Ahmed\data\kalshi\kalshi_history\kxhighchi_2024_10_01_to_2026_03_03\KMDW_20250604.csv
2025-06-05,2025-06-05,2025-06-04,2025-06-04 16:55:00 CEST,KMDW,74F to 75F,74F to 75F,NO,51.0,84.26,0.3326,700.0,672.55,Win,58930.97,2025-06-04T14:11:00Z,2025-06-04T12:00:00Z,2025-06-04T14:41:00Z,D:\Ahmed\data\kalshi\kalshi_history\kxhighchi_2024_10_01_to_2026_03_03\KMDW_20250605.csv
2025-06-06,2025-06-06,2025-06-05,2025-06-05 17:03:00 CEST,KMIA,84F to 85F,84F to 85F,NO,59.0,100.0,0.41,700.0,486.44,Win,59417.41,2025-06-05T14:02:00Z,2025-06-05T12:00:00Z,2025-06-05T14:32:00Z,D:\Ahmed\data\kalshi\kalshi_history\kxhighmia_2024_10_01_to_2025_12_31\KMIA_20250606.csv
2025-06-07,2025-06-07,2025-06-06,2025-06-06 16:42:00 CEST,KMIA,87F to 88F,87F to 88F,NO,65.0,100.0,0.35,700.0,376.92,Win,59794.34,2025-06-06T14:01:00Z,2025-06-06T12:00:00Z,2025-06-06T14:31:00Z,D:\Ahmed\data\kalshi\kalshi_history\kxhighmia_2024_10_01_to_2025_12_31\KMIA_20250607.csv
2025-06-08,2025-06-08,2025-06-07,2025-06-07 17:04:00 CEST,KMIA,89F to 90F,89F to 90F,NO,54.0,92.43,0.3843,700.0,596.3,Win,60390.63,2025-06-07T14:01:00Z,2025-06-07T12:00:00Z,2025-06-07T14:31:00Z,D:\Ahmed\data\kalshi\kalshi_history\kxhighmia_2024_10_01_to_2025_12_31\KMIA_20250608.csv
2025-06-09,2025-06-09,2025-06-09,2025-06-09 16:56:00 CEST,KMDW,73F or below,73F or below,NO,49.14,79.41,0.3027,700.0,724.5,Win,61115.13,2025-06-08T14:03:00Z,2025-06-08T12:00:00Z,2025-06-08T14:33:00Z,D:\Ahmed\data\kalshi\kalshi_history\kxhighchi_2024_10_01_to_2026_03_03\KMDW_20250609.csv
2025-06-10,2025-06-10,2025-06-09,2025-06-09 21:49:00 CEST,KNYC,74F or below,74F or below,NO,50.0,81.91,0.3191,700.0,-700.0,Loss,60415.13,2025-06-09T14:01:00Z,2025-06-09T12:00:00Z,2025-06-09T14:31:00Z,D:\Ahmed\data\kalshi\kalshi_history\kxhighny_2024_10_01_to_2025_12_31\KNYC_20250610.csv
2025-06-11,2025-06-11,2025-06-11,2025-06-11 06:35:00 CEST,KMIA,85F to 86F,85F to 86F,NO,63.0,93.39,0.3039,700.0,411.11,Win,60826.25,2025-06-10T15:25:00Z,2025-06-10T12:00:00Z,2025-06-10T15:55:00Z,D:\Ahmed\data\kalshi\kalshi_history\kxhighmia_2024_10_01_to_2025_12_31\KMIA_20250611.csv
2025-06-12,2025-06-12,2025-06-12,2025-06-12 08:00:00 CEST,KMDW,78F or below,78F or below,NO,53.4,93.72,0.4032,700.0,610.86,Win,61437.11,2025-06-11T14:10:00Z,2025-06-11T12:00:00Z,2025-06-11T14:40:00Z,D:\Ahmed\data\kalshi\kalshi_history\kxhighchi_2024_10_01_to_2026_03_03\KMDW_20250612.csv
2025-06-13,2025-06-13,2025-06-12,2025-06-12 21:45:00 CEST,KLAX,69F to 70F,69F to 70F,NO,52.51,83.81,0.313,700.0,633.08,Win,62070.19,2025-06-12T14:28:00Z,2025-06-12T12:00:00Z,2025-06-12T14:58:00Z,D:\Ahmed\data\kalshi\kalshi_history\kxhighlax_2025_01_01_to_2026_03_05\KLAX_20250613.csv
2025-06-14,2025-06-14,2025-06-14,2025-06-14 05:00:00 CEST,KNYC,69F to 70F,69F to 70F,NO,51.0,81.38,0.3038,700.0,672.55,Win,62742.74,2025-06-13T14:02:00Z,2025-06-13T12:00:00Z,2025-06-13T14:32:00Z,D:\Ahmed\data\kalshi\kalshi_history\kxhighny_2024_10_01_to_2025_12_31\KNYC_20250614.csv
2025-06-15,2025-06-15,2025-06-14,2025-06-14 16:47:00 CEST,KMDW,78F to 79F,78F to 79F,NO,46.0,77.99,0.3199,700.0,821.74,Win,63564.48,2025-06-14T14:01:00Z,2025-06-14T12:00:00Z,2025-06-14T14:31:00Z,D:\Ahmed\data\kalshi\kalshi_history\kxhighchi_2024_10_01_to_2026_03_03\KMDW_20250615.csv
2025-06-16,2025-06-16,2025-06-16,2025-06-16 02:28:00 CEST,KLAX,75F to 76F,75F to 76F,NO,47.0,77.85,0.3085,700.0,-700.0,Loss,62864.48,2025-06-15T14:23:00Z,2025-06-15T12:00:00Z,2025-06-15T14:53:00Z,D:\Ahmed\data\kalshi\kalshi_history\kxhighlax_2025_01_01_to_2026_03_05\KLAX_20250616.csv
2025-06-17,2025-06-17,2025-06-16,2025-06-16 19:43:00 CEST,KNYC,69F to 70F,69F to 70F,NO,57.0,88.46,0.3146,700.0,528.07,Win,63392.55,2025-06-16T14:10:00Z,2025-06-16T12:00:00Z,2025-06-16T14:40:00Z,D:\Ahmed\data\kalshi\kalshi_history\kxhighny_2024_10_01_to_2025_12_31\KNYC_20250617.csv
2025-06-18,2025-06-18,2025-06-17,2025-06-17 17:02:00 CEST,KLAX,78F or above,78F or above,NO,58.0,93.93,0.3593,700.0,506.9,Win,63899.44,2025-06-17T14:02:00Z,2025-06-17T12:00:00Z,2025-06-17T14:32:00Z,D:\Ahmed\data\kalshi\kalshi_history\kxhighlax_2025_01_01_to_2026_03_05\KLAX_20250618.csv
2025-06-19,2025-06-19,2025-06-18,2025-06-18 17:25:00 CEST,KLAX,74F or above,74F or above,NO,38.0,78.22,0.4022,700.0,1142.11,Win,65041.55,2025-06-18T14:01:00Z,2025-06-18T12:00:00Z,2025-06-18T14:31:00Z,D:\Ahmed\data\kalshi\kalshi_history\kxhighlax_2025_01_01_to_2026_03_05\KLAX_20250619.csv
2025-06-20,2025-06-20,2025-06-20,2025-06-20 01:46:00 CEST,KMDW,84F to 85F,84F to 85F,NO,59.0,89.52,0.3052,700.0,486.44,Win,65527.99,2025-06-19T14:10:00Z,2025-06-19T12:00:00Z,2025-06-19T14:40:00Z,D:\Ahmed\data\kalshi\kalshi_history\kxhighchi_2024_10_01_to_2026_03_03\KMDW_20250620.csv
2025-06-21,2025-06-21,2025-06-21,2025-06-21 04:50:00 CEST,KMDW,98F to 99F,98F to 99F,NO,42.62,83.67,0.4105,700.0,942.42,Win,66470.41,2025-06-20T14:05:00Z,2025-06-20T12:00:00Z,2025-06-20T14:35:00Z,D:\Ahmed\data\kalshi\kalshi_history\kxhighchi_2024_10_01_to_2026_03_03\KMDW_20250621.csv
2025-06-22,2025-06-22,2025-06-21,2025-06-21 17:24:00 CEST,KLAX,71F to 72F,71F to 72F,NO,54.4,85.72,0.3132,700.0,586.76,Win,67057.17,2025-06-21T14:02:00Z,2025-06-21T12:00:00Z,2025-06-21T14:32:00Z,D:\Ahmed\data\kalshi\kalshi_history\kxhighlax_2025_01_01_to_2026_03_05\KLAX_20250622.csv
2025-06-23,2025-06-23,2025-06-23,2025-06-23 04:51:00 CEST,KLAX,72F to 73F,72F to 73F,NO,43.92,74.9,0.3098,700.0,893.81,Win,67950.98,2025-06-22T14:02:00Z,2025-06-22T12:00:00Z,2025-06-22T14:32:00Z,D:\Ahmed\data\kalshi\kalshi_history\kxhighlax_2025_01_01_to_2026_03_05\KLAX_20250623.csv
2025-06-24,2025-06-24,2025-06-23,2025-06-23 21:27:00 CEST,KLAX,72F to 73F,72F to 73F,NO,42.0,79.8,0.378,700.0,966.67,Win,68917.65,2025-06-23T14:02:00Z,2025-06-23T12:00:00Z,2025-06-23T14:32:00Z,D:\Ahmed\data\kalshi\kalshi_history\kxhighlax_2025_01_01_to_2026_03_05\KLAX_20250624.csv
2025-06-25,2025-06-25,2025-06-24,2025-06-24 18:01:00 CEST,KMDW,87F or above,87F or above,NO,58.7,89.41,0.3071,700.0,-700.0,Loss,68217.65,2025-06-24T14:07:00Z,2025-06-24T12:00:00Z,2025-06-24T14:37:00Z,D:\Ahmed\data\kalshi\kalshi_history\kxhighchi_2024_10_01_to_2026_03_03\KMDW_20250625.csv
2025-06-26,2025-06-26,2025-06-26,2025-06-26 01:24:00 CEST,KNYC,83F to 84F,83F to 84F,NO,44.26,78.91,0.3465,700.0,881.56,Win,69099.21,2025-06-25T14:10:00Z,2025-06-25T12:00:00Z,2025-06-25T14:40:00Z,D:\Ahmed\data\kalshi\kalshi_history\kxhighny_2024_10_01_to_2025_12_31\KNYC_20250626.csv
2025-06-27,2025-06-27,2025-06-27,2025-06-27 01:00:00 CEST,KLAX,73F to 74F,73F to 74F,NO,52.65,83.66,0.3101,700.0,-700.0,Loss,68399.21,2025-06-26T14:07:00Z,2025-06-26T12:00:00Z,2025-06-26T14:37:00Z,D:\Ahmed\data\kalshi\kalshi_history\kxhighlax_2025_01_01_to_2026_03_05\KLAX_20250627.csv
2025-06-28,2025-06-28,2025-06-28,2025-06-28 01:55:00 CEST,KMIA,89F to 90F,89F to 90F,NO,43.0,73.62,0.3062,700.0,-700.0,Loss,67699.21,2025-06-27T14:10:00Z,2025-06-27T12:00:00Z,2025-06-27T14:40:00Z,D:\Ahmed\data\kalshi\kalshi_history\kxhighmia_2024_10_01_to_2025_12_31\KMIA_20250628.csv
2025-06-29,2025-06-29,2025-06-28,2025-06-28 19:57:00 CEST,KNYC,87F or below,87F or below,NO,43.0,75.89,0.3289,700.0,927.91,Win,68627.12,2025-06-28T14:05:00Z,2025-06-28T12:00:00Z,2025-06-28T14:35:00Z,D:\Ahmed\data\kalshi\kalshi_history\kxhighny_2024_10_01_to_2025_12_31\KNYC_20250629.csv
2025-06-30,2025-06-30,2025-06-30,2025-06-30 00:33:00 CEST,KNYC,85F or below,85F or below,NO,51.0,82.21,0.3121,700.0,672.55,Win,69299.67,2025-06-29T14:07:00Z,2025-06-29T12:00:00Z,2025-06-29T14:37:00Z,D:\Ahmed\data\kalshi\kalshi_history\kxhighny_2024_10_01_to_2025_12_31\KNYC_20250630.csv
2025-07-01,2025-07-01,2025-07-01,2025-07-01 17:54:00 CEST,KNYC,86F to 87F,86F to 87F,NO,44.66,81.86,0.372,700.0,867.4,Win,70167.07,2025-06-30T14:02:00Z,2025-06-30T12:00:00Z,2025-06-30T14:32:00Z,D:\Ahmed\data\kalshi\kalshi_history\kxhighny_2024_10_01_to_2025_12_31\KNYC_20250701.csv
2025-07-02,2025-07-02,2025-07-01,2025-07-01 18:42:00 CEST,KNYC,78F or below,78F or below,NO,66.0,100.0,0.34,700.0,360.61,Win,70527.67,2025-07-01T14:07:00Z,2025-07-01T12:00:00Z,2025-07-01T14:37:00Z,D:\Ahmed\data\kalshi\kalshi_history\kxhighny_2024_10_01_to_2025_12_31\KNYC_20250702.csv
2025-07-03,2025-07-03,2025-07-02,2025-07-02 19:42:00 CEST,KMIA,87F to 88F,87F to 88F,NO,55.42,87.18,0.3176,700.0,-700.0,Loss,69827.67,2025-07-02T14:07:00Z,2025-07-02T12:00:00Z,2025-07-02T14:37:00Z,D:\Ahmed\data\kalshi\kalshi_history\kxhighmia_2024_10_01_to_2025_12_31\KMIA_20250703.csv
2025-07-04,2025-07-04,2025-07-03,2025-07-03 23:02:00 CEST,KNYC,82F to 83F,82F to 83F,NO,49.87,87.76,0.3789,700.0,-700.0,Loss,69127.67,2025-07-03T14:06:00Z,2025-07-03T12:00:00Z,2025-07-03T14:36:00Z,D:\Ahmed\data\kalshi\kalshi_history\kxhighny_2024_10_01_to_2025_12_31\KNYC_20250704.csv
2025-07-05,2025-07-05,2025-07-05,2025-07-05 00:46:00 CEST,KMIA,87F to 88F,87F to 88F,NO,60.0,91.86,0.3186,700.0,466.67,Win,69594.34,2025-07-04T14:10:00Z,2025-07-04T12:00:00Z,2025-07-04T14:40:00Z,D:\Ahmed\data\kalshi\kalshi_history\kxhighmia_2024_10_01_to_2025_12_31\KMIA_20250705.csv
2025-07-06,2025-07-06,2025-07-06,2025-07-06 17:28:00 CEST,KMIA,88F to 89F,88F to 89F,NO,50.07,90.31,0.4024,700.0,-700.0,Loss,68894.34,2025-07-05T14:11:00Z,2025-07-05T12:00:00Z,2025-07-05T14:41:00Z,D:\Ahmed\data\kalshi\kalshi_history\kxhighmia_2024_10_01_to_2025_12_31\KMIA_20250706.csv
2025-07-07,2025-07-07,2025-07-07,2025-07-07 00:09:00 CEST,KNYC,82F or below,82F or below,NO,45.58,87.43,0.4185,700.0,835.76,Win,69730.1,2025-07-06T14:02:00Z,2025-07-06T12:00:00Z,2025-07-06T14:32:00Z,D:\Ahmed\data\kalshi\kalshi_history\kxhighny_2024_10_01_to_2025_12_31\KNYC_20250707.csv
2025-07-08,2025-07-08,2025-07-07,2025-07-07 16:52:00 CEST,KMIA,89F to 90F,89F to 90F,NO,55.0,89.68,0.3468,700.0,572.73,Win,70302.83,2025-07-07T14:12:00Z,2025-07-07T12:00:00Z,2025-07-07T14:42:00Z,D:\Ahmed\data\kalshi\kalshi_history\kxhighmia_2024_10_01_to_2025_12_31\KMIA_20250708.csv
2025-07-09,2025-07-09,2025-07-08,2025-07-08 17:43:00 CEST,KMIA,89F to 90F,89F to 90F,NO,45.0,83.13,0.3813,700.0,855.56,Win,71158.38,2025-07-08T14:42:00Z,2025-07-08T12:00:00Z,2025-07-08T15:12:00Z,D:\Ahmed\data\kalshi\kalshi_history\kxhighmia_2024_10_01_to_2025_12_31\KMIA_20250709.csv
2025-07-10,2025-07-10,2025-07-10,2025-07-10 01:57:00 CEST,KMIA,88F to 89F,88F to 89F,NO,59.66,89.81,0.3015,700.0,473.32,Win,71631.7,2025-07-09T14:07:00Z,2025-07-09T12:00:00Z,2025-07-09T14:37:00Z,D:\Ahmed\data\kalshi\kalshi_history\kxhighmia_2024_10_01_to_2025_12_31\KMIA_20250710.csv
2025-07-11,2025-07-11,2025-07-11,2025-07-11 00:16:00 CEST,KMIA,87F to 88F,87F to 88F,NO,68.0,100.0,0.32,700.0,329.41,Win,71961.11,2025-07-10T14:06:00Z,2025-07-10T12:00:00Z,2025-07-10T14:36:00Z,D:\Ahmed\data\kalshi\kalshi_history\kxhighmia_2024_10_01_to_2025_12_31\KMIA_20250711.csv
2025-07-12,2025-07-12,2025-07-11,2025-07-11 18:49:00 CEST,KMIA,89F to 90F,89F to 90F,NO,55.0,86.27,0.3127,700.0,572.73,Win,72533.84,2025-07-11T14:08:00Z,2025-07-11T12:00:00Z,2025-07-11T14:38:00Z,D:\Ahmed\data\kalshi\kalshi_history\kxhighmia_2024_10_01_to_2025_12_31\KMIA_20250712.csv
2025-07-13,2025-07-13,2025-07-12,2025-07-12 17:32:00 CEST,KLAX,69F to 70F,69F to 70F,NO,61.0,91.85,0.3085,700.0,447.54,Win,72981.38,2025-07-12T14:12:00Z,2025-07-12T12:00:00Z,2025-07-12T14:42:00Z,D:\Ahmed\data\kalshi\kalshi_history\kxhighlax_2025_01_01_to_2026_03_05\KLAX_20250713.csv
2025-07-14,2025-07-14,2025-07-13,2025-07-13 17:47:00 CEST,KMDW,85F or below,85F or below,NO,54.21,100.0,0.4579,700.0,591.27,Win,73572.65,2025-07-13T14:06:00Z,2025-07-13T12:00:00Z,2025-07-13T14:36:00Z,D:\Ahmed\data\kalshi\kalshi_history\kxhighchi_2024_10_01_to_2026_03_03\KMDW_20250714.csv
2025-07-15,2025-07-15,2025-07-14,2025-07-14 19:45:00 CEST,KMIA,82F to 83F,82F to 83F,NO,68.0,100.0,0.32,700.0,329.41,Win,73902.06,2025-07-14T14:06:00Z,2025-07-14T12:00:00Z,2025-07-14T14:36:00Z,D:\Ahmed\data\kalshi\kalshi_history\kxhighmia_2024_10_01_to_2025_12_31\KMIA_20250715.csv
2025-07-16,2025-07-16,2025-07-15,2025-07-15 18:57:00 CEST,KMIA,87F to 88F,87F to 88F,NO,52.0,88.9,0.369,700.0,646.15,Win,74548.22,2025-07-15T14:07:00Z,2025-07-15T12:00:00Z,2025-07-15T14:37:00Z,D:\Ahmed\data\kalshi\kalshi_history\kxhighmia_2024_10_01_to_2025_12_31\KMIA_20250716.csv
2025-07-17,2025-07-17,2025-07-16,2025-07-16 17:21:00 CEST,KMDW,74F or below,74F or below,NO,69.0,100.0,0.31,700.0,314.49,Win,74862.71,2025-07-16T14:19:00Z,2025-07-16T12:00:00Z,2025-07-16T14:49:00Z,D:\Ahmed\data\kalshi\kalshi_history\kxhighchi_2024_10_01_to_2026_03_03\KMDW_20250717.csv
2025-07-18,2025-07-18,2025-07-17,2025-07-17 17:07:00 CEST,KMIA,92F to 93F,92F to 93F,YES,36.0,74.38,0.3838,700.0,1244.44,Win,76107.15,2025-07-17T14:07:00Z,2025-07-17T12:00:00Z,2025-07-17T14:37:00Z,D:\Ahmed\data\kalshi\kalshi_history\kxhighmia_2024_10_01_to_2025_12_31\KMIA_20250718.csv
2025-07-19,2025-07-19,2025-07-19,2025-07-19 14:34:00 CEST,KMDW,84F to 85F,84F to 85F,NO,58.64,89.27,0.3063,700.0,-700.0,Loss,75407.15,2025-07-18T14:59:00Z,2025-07-18T12:00:00Z,2025-07-18T15:29:00Z,D:\Ahmed\data\kalshi\kalshi_history\kxhighchi_2024_10_01_to_2026_03_03\KMDW_20250719.csv
2025-07-20,2025-07-20,2025-07-20,2025-07-20 00:16:00 CEST,KMDW,76F to 77F,76F to 77F,NO,60.0,90.99,0.3099,700.0,466.67,Win,75873.82,2025-07-19T14:10:00Z,2025-07-19T12:00:00Z,2025-07-19T14:40:00Z,D:\Ahmed\data\kalshi\kalshi_history\kxhighchi_2024_10_01_to_2026_03_03\KMDW_20250720.csv
2025-07-21,2025-07-21,2025-07-21,2025-07-21 03:08:00 CEST,KMDW,84F to 85F,84F to 85F,NO,40.13,70.55,0.3042,700.0,1044.33,Win,76918.15,2025-07-20T14:07:00Z,2025-07-20T12:00:00Z,2025-07-20T14:37:00Z,D:\Ahmed\data\kalshi\kalshi_history\kxhighchi_2024_10_01_to_2026_03_03\KMDW_20250721.csv
2025-07-22,2025-07-22,2025-07-22,2025-07-22 17:22:00 CEST,KMDW,89F to 90F,89F to 90F,NO,45.74,77.66,0.3192,700.0,830.39,Win,77748.54,2025-07-21T14:07:00Z,2025-07-21T12:00:00Z,2025-07-21T14:37:00Z,D:\Ahmed\data\kalshi\kalshi_history\kxhighchi_2024_10_01_to_2026_03_03\KMDW_20250722.csv
2025-07-23,2025-07-23,2025-07-23,2025-07-23 17:11:00 CEST,KMIA,87F to 88F,87F to 88F,NO,55.96,86.09,0.3013,700.0,550.89,Win,78299.44,2025-07-22T14:12:00Z,2025-07-22T12:00:00Z,2025-07-22T14:42:00Z,D:\Ahmed\data\kalshi\kalshi_history\kxhighmia_2024_10_01_to_2025_12_31\KMIA_20250723.csv
2025-07-24,2025-07-24,2025-07-23,2025-07-23 17:06:00 CEST,KMDW,94F or below,94F or below,YES,32.0,71.37,0.3937,700.0,-700.0,Loss,77599.44,2025-07-23T14:07:00Z,2025-07-23T12:00:00Z,2025-07-23T14:37:00Z,D:\Ahmed\data\kalshi\kalshi_history\kxhighchi_2024_10_01_to_2026_03_03\KMDW_20250724.csv
2025-07-25,2025-07-25,2025-07-24,2025-07-24 18:23:00 CEST,KNYC,96F to 97F,96F to 97F,NO,59.0,100.0,0.41,700.0,486.44,Win,78085.88,2025-07-24T14:08:00Z,2025-07-24T12:00:00Z,2025-07-24T14:38:00Z,D:\Ahmed\data\kalshi\kalshi_history\kxhighny_2024_10_01_to_2025_12_31\KNYC_20250725.csv
2025-07-26,2025-07-26,2025-07-25,2025-07-25 22:37:00 CEST,KNYC,85F to 86F,85F to 86F,NO,46.25,76.34,0.3009,700.0,-700.0,Loss,77385.88,2025-07-25T14:02:00Z,2025-07-25T12:00:00Z,2025-07-25T14:32:00Z,D:\Ahmed\data\kalshi\kalshi_history\kxhighny_2024_10_01_to_2025_12_31\KNYC_20250726.csv
2025-07-27,2025-07-27,2025-07-27,2025-07-27 02:58:00 CEST,KNYC,81F to 82F,81F to 82F,NO,44.0,74.05,0.3005,700.0,890.91,Win,78276.78,2025-07-26T14:04:00Z,2025-07-26T12:00:00Z,2025-07-26T14:34:00Z,D:\Ahmed\data\kalshi\kalshi_history\kxhighny_2024_10_01_to_2025_12_31\KNYC_20250727.csv
2025-07-28,2025-07-28,2025-07-28,2025-07-28 18:04:00 CEST,KMDW,93F to 94F,93F to 94F,NO,39.62,73.42,0.338,700.0,-700.0,Loss,77576.78,2025-07-27T14:33:00Z,2025-07-27T12:00:00Z,2025-07-27T15:03:00Z,D:\Ahmed\data\kalshi\kalshi_history\kxhighchi_2024_10_01_to_2026_03_03\KMDW_20250728.csv
2025-07-29,2025-07-29,2025-07-28,2025-07-28 21:24:00 CEST,KNYC,97F to 98F,97F to 98F,NO,50.0,80.89,0.3089,700.0,-700.0,Loss,76876.78,2025-07-28T14:04:00Z,2025-07-28T12:00:00Z,2025-07-28T14:34:00Z,D:\Ahmed\data\kalshi\kalshi_history\kxhighny_2024_10_01_to_2025_12_31\KNYC_20250729.csv
2025-07-30,2025-07-30,2025-07-29,2025-07-29 17:35:00 CEST,KMIA,93F to 94F,93F to 94F,YES,40.15,70.24,0.3009,700.0,-700.0,Loss,76176.78,2025-07-29T14:17:00Z,2025-07-29T12:00:00Z,2025-07-29T14:47:00Z,D:\Ahmed\data\kalshi\kalshi_history\kxhighmia_2024_10_01_to_2025_12_31\KMIA_20250730.csv
2025-07-31,2025-07-31,2025-07-30,2025-07-30 20:23:00 CEST,KMDW,73F to 74F,73F to 74F,NO,55.24,87.06,0.3182,700.0,567.2,Win,76743.98,2025-07-30T14:24:00Z,2025-07-30T12:00:00Z,2025-07-30T14:54:00Z,D:\Ahmed\data\kalshi\kalshi_history\kxhighchi_2024_10_01_to_2026_03_03\KMDW_20250731.csv
2025-08-01,2025-08-01,2025-08-01,2025-08-01 00:51:00 CEST,KNYC,75F to 76F,75F to 76F,NO,46.33,78.09,0.3176,700.0,810.9,Win,77554.88,2025-07-31T14:07:00Z,2025-07-31T12:00:00Z,2025-07-31T14:37:00Z,D:\Ahmed\data\kalshi\kalshi_history\kxhighny_2024_10_01_to_2025_12_31\KNYC_20250801.csv
2025-08-02,2025-08-02,2025-08-02,2025-08-02 05:46:00 CEST,KLAX,72F to 73F,72F to 73F,NO,49.0,79.61,0.3061,700.0,-700.0,Loss,76854.88,2025-08-01T14:10:00Z,2025-08-01T12:00:00Z,2025-08-01T14:40:00Z,D:\Ahmed\data\kalshi\kalshi_history\kxhighlax_2025_01_01_to_2026_03_05\KLAX_20250802.csv
2025-08-03,2025-08-03,2025-08-02,2025-08-02 16:37:00 CEST,KMIA,93F to 94F,93F to 94F,YES,40.0,74.89,0.3489,700.0,1050.0,Win,77904.88,2025-08-02T14:06:00Z,2025-08-02T12:00:00Z,2025-08-02T14:36:00Z,D:\Ahmed\data\kalshi\kalshi_history\kxhighmia_2024_10_01_to_2025_12_31\KMIA_20250803.csv
2025-08-04,2025-08-04,2025-08-04,2025-08-04 04:22:00 CEST,KLAX,74F to 75F,74F to 75F,NO,41.0,71.8,0.308,700.0,-700.0,Loss,77204.88,2025-08-03T14:06:00Z,2025-08-03T12:00:00Z,2025-08-03T14:36:00Z,D:\Ahmed\data\kalshi\kalshi_history\kxhighlax_2025_01_01_to_2026_03_05\KLAX_20250804.csv
2025-08-05,2025-08-05,2025-08-05,2025-08-05 05:21:00 CEST,KLAX,77F to 78F,77F to 78F,NO,51.01,81.64,0.3063,700.0,672.28,Win,77877.16,2025-08-04T14:03:00Z,2025-08-04T12:00:00Z,2025-08-04T14:33:00Z,D:\Ahmed\data\kalshi\kalshi_history\kxhighlax_2025_01_01_to_2026_03_05\KLAX_20250805.csv
2025-08-06,2025-08-06,2025-08-05,2025-08-05 22:59:00 CEST,KLAX,76F to 77F,76F to 77F,NO,42.48,72.5,0.3002,700.0,947.83,Win,78825.0,2025-08-05T14:07:00Z,2025-08-05T12:00:00Z,2025-08-05T14:37:00Z,D:\Ahmed\data\kalshi\kalshi_history\kxhighlax_2025_01_01_to_2026_03_05\KLAX_20250806.csv
2025-08-07,2025-08-07,2025-08-06,2025-08-06 22:04:00 CEST,KLAX,78F to 79F,78F to 79F,NO,46.14,76.66,0.3052,700.0,-700.0,Loss,78125.0,2025-08-06T14:07:00Z,2025-08-06T12:00:00Z,2025-08-06T14:37:00Z,D:\Ahmed\data\kalshi\kalshi_history\kxhighlax_2025_01_01_to_2026_03_05\KLAX_20250807.csv
2025-08-08,2025-08-08,2025-08-08,2025-08-08 07:53:00 CEST,KMIA,88F to 89F,88F to 89F,NO,46.22,76.75,0.3053,700.0,-700.0,Loss,77425.0,2025-08-07T14:17:00Z,2025-08-07T12:00:00Z,2025-08-07T14:47:00Z,D:\Ahmed\data\kalshi\kalshi_history\kxhighmia_2024_10_01_to_2025_12_31\KMIA_20250808.csv
2025-08-09,2025-08-09,2025-08-09,2025-08-09 08:19:00 CEST,KLAX,73F to 74F,73F to 74F,NO,48.31,78.98,0.3067,700.0,-700.0,Loss,76725.0,2025-08-08T14:07:00Z,2025-08-08T12:00:00Z,2025-08-08T14:37:00Z,D:\Ahmed\data\kalshi\kalshi_history\kxhighlax_2025_01_01_to_2026_03_05\KLAX_20250809.csv
2025-08-10,2025-08-10,2025-08-09,2025-08-09 20:35:00 CEST,KNYC,89F to 90F,89F to 90F,NO,70.0,100.0,0.3,700.0,-700.0,Loss,76025.0,2025-08-09T14:05:00Z,2025-08-09T12:00:00Z,2025-08-09T14:35:00Z,D:\Ahmed\data\kalshi\kalshi_history\kxhighny_2024_10_01_to_2025_12_31\KNYC_20250810.csv
2025-08-11,2025-08-11,2025-08-10,2025-08-10 17:59:00 CEST,KLAX,77F to 78F,77F to 78F,NO,54.0,84.57,0.3057,700.0,596.3,Win,76621.29,2025-08-10T14:22:00Z,2025-08-10T12:00:00Z,2025-08-10T14:52:00Z,D:\Ahmed\data\kalshi\kalshi_history\kxhighlax_2025_01_01_to_2026_03_05\KLAX_20250811.csv
2025-08-12,2025-08-12,2025-08-11,2025-08-11 22:11:00 CEST,KMIA,89F to 90F,89F to 90F,NO,68.27,100.0,0.3173,700.0,325.34,Win,76946.63,2025-08-11T14:07:00Z,2025-08-11T12:00:00Z,2025-08-11T14:37:00Z,D:\Ahmed\data\kalshi\kalshi_history\kxhighmia_2024_10_01_to_2025_12_31\KMIA_20250812.csv
2025-08-13,2025-08-13,2025-08-12,2025-08-12 19:04:00 CEST,KMIA,91F to 92F,91F to 92F,NO,43.0,73.06,0.3006,700.0,-700.0,Loss,76246.63,2025-08-12T14:07:00Z,2025-08-12T12:00:00Z,2025-08-12T14:37:00Z,D:\Ahmed\data\kalshi\kalshi_history\kxhighmia_2024_10_01_to_2025_12_31\KMIA_20250813.csv
2025-08-14,2025-08-14,2025-08-13,2025-08-13 19:29:00 CEST,KLAX,72F to 73F,72F to 73F,NO,49.3,85.63,0.3633,700.0,-700.0,Loss,75546.63,2025-08-13T14:05:00Z,2025-08-13T12:00:00Z,2025-08-13T14:35:00Z,D:\Ahmed\data\kalshi\kalshi_history\kxhighlax_2025_01_01_to_2026_03_05\KLAX_20250814.csv
2025-08-15,2025-08-15,2025-08-14,2025-08-14 21:43:00 CEST,KMIA,91F to 92F,91F to 92F,NO,42.0,74.27,0.3227,700.0,966.67,Win,76513.3,2025-08-14T14:01:00Z,2025-08-14T12:00:00Z,2025-08-14T14:31:00Z,D:\Ahmed\data\kalshi\kalshi_history\kxhighmia_2024_10_01_to_2025_12_31\KMIA_20250815.csv
2025-08-16,2025-08-16,2025-08-15,2025-08-15 17:10:00 CEST,KMIA,91F to 92F,91F to 92F,NO,44.24,79.12,0.3488,700.0,882.28,Win,77395.58,2025-08-15T14:07:00Z,2025-08-15T12:00:00Z,2025-08-15T14:37:00Z,D:\Ahmed\data\kalshi\kalshi_history\kxhighmia_2024_10_01_to_2025_12_31\KMIA_20250816.csv
2025-08-17,2025-08-17,2025-08-16,2025-08-16 18:24:00 CEST,KLAX,73F to 74F,73F to 74F,NO,49.0,79.1,0.301,700.0,728.57,Win,78124.15,2025-08-16T14:07:00Z,2025-08-16T12:00:00Z,2025-08-16T14:37:00Z,D:\Ahmed\data\kalshi\kalshi_history\kxhighlax_2025_01_01_to_2026_03_05\KLAX_20250817.csv
2025-08-18,2025-08-18,2025-08-17,2025-08-17 19:59:00 CEST,KNYC,79F to 80F,79F to 80F,NO,69.01,100.0,0.3099,700.0,314.35,Win,78438.5,2025-08-17T14:10:00Z,2025-08-17T12:00:00Z,2025-08-17T14:40:00Z,D:\Ahmed\data\kalshi\kalshi_history\kxhighny_2024_10_01_to_2025_12_31\KNYC_20250818.csv
2025-08-19,2025-08-19,2025-08-18,2025-08-18 16:34:00 CEST,KLAX,74F to 75F,74F to 75F,NO,46.0,81.35,0.3535,700.0,821.74,Win,79260.24,2025-08-18T14:02:00Z,2025-08-18T12:00:00Z,2025-08-18T14:32:00Z,D:\Ahmed\data\kalshi\kalshi_history\kxhighlax_2025_01_01_to_2026_03_05\KLAX_20250819.csv
2025-08-20,2025-08-20,2025-08-19,2025-08-19 23:14:00 CEST,KNYC,74F to 75F,74F to 75F,NO,53.0,83.47,0.3047,700.0,620.75,Win,79880.99,2025-08-19T14:12:00Z,2025-08-19T12:00:00Z,2025-08-19T14:42:00Z,D:\Ahmed\data\kalshi\kalshi_history\kxhighny_2024_10_01_to_2025_12_31\KNYC_20250820.csv
2025-08-21,2025-08-21,2025-08-20,2025-08-20 20:42:00 CEST,KLAX,81F to 82F,81F to 82F,NO,44.8,75.17,0.3037,700.0,862.5,Win,80743.49,2025-08-20T14:07:00Z,2025-08-20T12:00:00Z,2025-08-20T14:37:00Z,D:\Ahmed\data\kalshi\kalshi_history\kxhighlax_2025_01_01_to_2026_03_05\KLAX_20250821.csv
2025-08-22,2025-08-22,2025-08-21,2025-08-21 19:41:00 CEST,KMIA,91F to 92F,91F to 92F,NO,59.0,90.33,0.3133,700.0,486.44,Win,81229.93,2025-08-21T14:05:00Z,2025-08-21T12:00:00Z,2025-08-21T14:35:00Z,D:\Ahmed\data\kalshi\kalshi_history\kxhighmia_2024_10_01_to_2025_12_31\KMIA_20250822.csv
2025-08-23,2025-08-23,2025-08-22,2025-08-22 20:14:00 CEST,KMIA,91F to 92F,91F to 92F,NO,42.26,82.32,0.4006,700.0,956.41,Win,82186.34,2025-08-22T14:45:00Z,2025-08-22T12:00:00Z,2025-08-22T15:15:00Z,D:\Ahmed\data\kalshi\kalshi_history\kxhighmia_2024_10_01_to_2025_12_31\KMIA_20250823.csv
2025-08-24,2025-08-24,2025-08-23,2025-08-23 21:28:00 CEST,KLAX,80F or below,80F or below,YES,40.0,70.26,0.3026,700.0,1050.0,Win,83236.34,2025-08-23T14:05:00Z,2025-08-23T12:00:00Z,2025-08-23T14:35:00Z,D:\Ahmed\data\kalshi\kalshi_history\kxhighlax_2025_01_01_to_2026_03_05\KLAX_20250824.csv
2025-08-25,2025-08-25,2025-08-25,2025-08-25 03:47:00 CEST,KNYC,84F to 85F,84F to 85F,NO,48.56,78.92,0.3036,700.0,741.52,Win,83977.86,2025-08-24T14:30:00Z,2025-08-24T12:00:00Z,2025-08-24T15:00:00Z,D:\Ahmed\data\kalshi\kalshi_history\kxhighny_2024_10_01_to_2025_12_31\KNYC_20250825.csv
2025-08-26,2025-08-26,2025-08-26,2025-08-26 00:47:00 CEST,KNYC,81F to 82F,81F to 82F,NO,70.0,100.0,0.3,700.0,300.0,Win,84277.86,2025-08-25T14:09:00Z,2025-08-25T12:00:00Z,2025-08-25T14:39:00Z,D:\Ahmed\data\kalshi\kalshi_history\kxhighny_2024_10_01_to_2025_12_31\KNYC_20250826.csv
2025-08-27,2025-08-27,2025-08-27,2025-08-27 03:24:00 CEST,KLAX,77F to 78F,77F to 78F,NO,51.71,81.75,0.3004,700.0,653.7,Win,84931.56,2025-08-26T14:07:00Z,2025-08-26T12:00:00Z,2025-08-26T14:37:00Z,D:\Ahmed\data\kalshi\kalshi_history\kxhighlax_2025_01_01_to_2026_03_05\KLAX_20250827.csv
2025-08-28,2025-08-28,2025-08-27,2025-08-27 19:10:00 CEST,KLAX,80F to 81F,80F to 81F,NO,49.0,80.42,0.3142,700.0,728.57,Win,85660.13,2025-08-27T14:10:00Z,2025-08-27T12:00:00Z,2025-08-27T14:40:00Z,D:\Ahmed\data\kalshi\kalshi_history\kxhighlax_2025_01_01_to_2026_03_05\KLAX_20250828.csv
2025-08-29,2025-08-29,2025-08-28,2025-08-28 19:57:00 CEST,KLAX,82F to 83F,82F to 83F,NO,48.06,78.21,0.3015,700.0,756.51,Win,86416.65,2025-08-28T14:03:00Z,2025-08-28T12:00:00Z,2025-08-28T14:33:00Z,D:\Ahmed\data\kalshi\kalshi_history\kxhighlax_2025_01_01_to_2026_03_05\KLAX_20250829.csv
2025-08-30,2025-08-30,2025-08-30,2025-08-30 08:53:00 CEST,KNYC,77F to 78F,77F to 78F,NO,64.0,94.21,0.3021,700.0,393.75,Win,86810.4,2025-08-29T14:05:00Z,2025-08-29T12:00:00Z,2025-08-29T14:35:00Z,D:\Ahmed\data\kalshi\kalshi_history\kxhighny_2024_10_01_to_2025_12_31\KNYC_20250830.csv
2025-08-31,2025-08-31,2025-08-30,2025-08-30 22:30:00 CEST,KMIA,90F to 91F,90F to 91F,NO,52.75,83.99,0.3124,700.0,627.01,Win,87437.41,2025-08-30T14:16:00Z,2025-08-30T12:00:00Z,2025-08-30T14:46:00Z,D:\Ahmed\data\kalshi\kalshi_history\kxhighmia_2024_10_01_to_2025_12_31\KMIA_20250831.csv
2025-09-01,2025-09-01,2025-08-31,2025-08-31 16:46:00 CEST,KMIA,88F to 89F,88F to 89F,NO,65.0,100.0,0.35,700.0,376.92,Win,87814.33,2025-08-31T14:10:00Z,2025-08-31T12:00:00Z,2025-08-31T14:40:00Z,D:\Ahmed\data\kalshi\kalshi_history\kxhighmia_2024_10_01_to_2025_12_31\KMIA_20250901.csv
2025-09-02,2025-09-02,2025-09-02,2025-09-02 19:24:00 CEST,KLAX,81F to 82F,81F to 82F,NO,53.59,83.76,0.3017,700.0,606.21,Win,88420.55,2025-09-01T14:06:00Z,2025-09-01T12:00:00Z,2025-09-01T14:36:00Z,D:\Ahmed\data\kalshi\kalshi_history\kxhighlax_2025_01_01_to_2026_03_05\KLAX_20250902.csv
2025-09-03,2025-09-03,2025-09-02,2025-09-02 22:43:00 CEST,KNYC,78F to 79F,78F to 79F,NO,38.88,70.45,0.3157,700.0,-700.0,Loss,87720.55,2025-09-02T14:02:00Z,2025-09-02T12:00:00Z,2025-09-02T14:32:00Z,D:\Ahmed\data\kalshi\kalshi_history\kxhighny_2024_10_01_to_2025_12_31\KNYC_20250903.csv
2025-09-04,2025-09-04,2025-09-04,2025-09-04 02:57:00 CEST,KMIA,86F to 87F,86F to 87F,NO,52.99,84.78,0.3179,700.0,621.0,Win,88341.55,2025-09-03T15:03:00Z,2025-09-03T12:00:00Z,2025-09-03T15:33:00Z,D:\Ahmed\data\kalshi\kalshi_history\kxhighmia_2024_10_01_to_2025_12_31\KMIA_20250904.csv
2025-09-05,2025-09-05,2025-09-05,2025-09-05 04:58:00 CEST,KLAX,75F to 76F,75F to 76F,NO,45.0,75.42,0.3042,700.0,-700.0,Loss,87641.55,2025-09-04T14:02:00Z,2025-09-04T12:00:00Z,2025-09-04T14:32:00Z,D:\Ahmed\data\kalshi\kalshi_history\kxhighlax_2025_01_01_to_2026_03_05\KLAX_20250905.csv
2025-09-06,2025-09-06,2025-09-05,2025-09-05 17:23:00 CEST,KNYC,85F to 86F,85F to 86F,NO,66.0,100.0,0.34,700.0,-700.0,Loss,86941.55,2025-09-05T14:07:00Z,2025-09-05T12:00:00Z,2025-09-05T14:37:00Z,D:\Ahmed\data\kalshi\kalshi_history\kxhighny_2024_10_01_to_2025_12_31\KNYC_20250906.csv
2025-09-07,2025-09-07,2025-09-07,2025-09-07 08:35:00 CEST,KLAX,79F to 80F,79F to 80F,NO,46.76,77.65,0.3089,700.0,797.01,Win,87738.56,2025-09-06T14:53:00Z,2025-09-06T12:00:00Z,2025-09-06T15:23:00Z,D:\Ahmed\data\kalshi\kalshi_history\kxhighlax_2025_01_01_to_2026_03_05\KLAX_20250907.csv
2025-09-08,2025-09-08,2025-09-08,2025-09-08 18:25:00 CEST,KLAX,79F to 80F,79F to 80F,NO,46.29,80.41,0.3412,700.0,812.21,Win,88550.76,2025-09-07T14:06:00Z,2025-09-07T12:00:00Z,2025-09-07T14:36:00Z,D:\Ahmed\data\kalshi\kalshi_history\kxhighlax_2025_01_01_to_2026_03_05\KLAX_20250908.csv
2025-09-09,2025-09-09,2025-09-08,2025-09-08 23:12:00 CEST,KNYC,74F to 75F,74F to 75F,NO,42.0,72.2,0.302,700.0,966.67,Win,89517.43,2025-09-08T14:26:00Z,2025-09-08T12:00:00Z,2025-09-08T14:56:00Z,D:\Ahmed\data\kalshi\kalshi_history\kxhighny_2024_10_01_to_2025_12_31\KNYC_20250909.csv
2025-09-10,2025-09-10,2025-09-09,2025-09-09 20:01:00 CEST,KMIA,88F to 89F,88F to 89F,NO,64.0,100.0,0.36,700.0,393.75,Win,89911.18,2025-09-09T15:11:00Z,2025-09-09T12:00:00Z,2025-09-09T15:41:00Z,D:\Ahmed\data\kalshi\kalshi_history\kxhighmia_2024_10_01_to_2025_12_31\KMIA_20250910.csv
2025-09-11,2025-09-11,2025-09-10,2025-09-10 18:15:00 CEST,KLAX,73F to 74F,73F to 74F,NO,52.2,84.12,0.3192,700.0,641.0,Win,90552.18,2025-09-10T14:07:00Z,2025-09-10T12:00:00Z,2025-09-10T14:37:00Z,D:\Ahmed\data\kalshi\kalshi_history\kxhighlax_2025_01_01_to_2026_03_05\KLAX_20250911.csv
2025-09-12,2025-09-12,2025-09-12,2025-09-12 10:13:00 CEST,KNYC,79F to 80F,79F to 80F,NO,55.0,86.86,0.3186,700.0,572.73,Win,91124.9,2025-09-11T14:10:00Z,2025-09-11T12:00:00Z,2025-09-11T14:40:00Z,D:\Ahmed\data\kalshi\kalshi_history\kxhighny_2024_10_01_to_2025_12_31\KNYC_20250912.csv
2025-09-13,2025-09-13,2025-09-12,2025-09-12 23:19:00 CEST,KMDW,79F or below,79F or below,NO,46.18,82.06,0.3588,700.0,-700.0,Loss,90424.9,2025-09-12T14:08:00Z,2025-09-12T12:00:00Z,2025-09-12T14:38:00Z,D:\Ahmed\data\kalshi\kalshi_history\kxhighchi_2024_10_01_to_2026_03_03\KMDW_20250913.csv
2025-09-14,2025-09-14,2025-09-14,2025-09-14 02:13:00 CEST,KMIA,88F to 89F,88F to 89F,NO,55.23,86.11,0.3088,700.0,567.43,Win,90992.33,2025-09-13T14:08:00Z,2025-09-13T12:00:00Z,2025-09-13T14:38:00Z,D:\Ahmed\data\kalshi\kalshi_history\kxhighmia_2024_10_01_to_2025_12_31\KMIA_20250914.csv
2025-09-15,2025-09-15,2025-09-14,2025-09-14 23:24:00 CEST,KNYC,79F to 80F,79F to 80F,NO,31.57,71.23,0.3966,700.0,-700.0,Loss,90292.33,2025-09-14T14:07:00Z,2025-09-14T12:00:00Z,2025-09-14T14:37:00Z,D:\Ahmed\data\kalshi\kalshi_history\kxhighny_2024_10_01_to_2025_12_31\KNYC_20250915.csv
2025-09-16,2025-09-16,2025-09-16,2025-09-16 01:37:00 CEST,KLAX,79F to 80F,79F to 80F,NO,49.48,79.85,0.3037,700.0,-700.0,Loss,89592.33,2025-09-15T14:04:00Z,2025-09-15T12:00:00Z,2025-09-15T14:34:00Z,D:\Ahmed\data\kalshi\kalshi_history\kxhighlax_2025_01_01_to_2026_03_05\KLAX_20250916.csv
2025-09-17,2025-09-17,2025-09-16,2025-09-16 20:46:00 CEST,KLAX,78F to 79F,78F to 79F,NO,55.0,86.67,0.3167,700.0,572.73,Win,90165.06,2025-09-16T14:07:00Z,2025-09-16T12:00:00Z,2025-09-16T14:37:00Z,D:\Ahmed\data\kalshi\kalshi_history\kxhighlax_2025_01_01_to_2026_03_05\KLAX_20250917.csv
2025-09-18,2025-09-18,2025-09-17,2025-09-17 17:49:00 CEST,KLAX,80F to 81F,80F to 81F,NO,51.0,87.86,0.3686,700.0,672.55,Win,90837.61,2025-09-17T14:32:00Z,2025-09-17T12:00:00Z,2025-09-17T15:02:00Z,D:\Ahmed\data\kalshi\kalshi_history\kxhighlax_2025_01_01_to_2026_03_05\KLAX_20250918.csv
2025-09-19,2025-09-19,2025-09-18,2025-09-18 17:19:00 CEST,KLAX,79F or above,79F or above,YES,32.15,72.71,0.4056,700.0,1477.29,Win,92314.9,2025-09-18T14:06:00Z,2025-09-18T12:00:00Z,2025-09-18T14:36:00Z,D:\Ahmed\data\kalshi\kalshi_history\kxhighlax_2025_01_01_to_2026_03_05\KLAX_20250919.csv
2025-09-20,2025-09-20,2025-09-20,2025-09-20 08:23:00 CEST,KLAX,76F to 77F,76F to 77F,NO,44.0,76.32,0.3232,700.0,-700.0,Loss,91614.9,2025-09-19T14:45:00Z,2025-09-19T12:00:00Z,2025-09-19T15:15:00Z,D:\Ahmed\data\kalshi\kalshi_history\kxhighlax_2025_01_01_to_2026_03_05\KLAX_20250920.csv
2025-09-21,2025-09-21,2025-09-21,2025-09-21 01:56:00 CEST,KMDW,77F to 78F,77F to 78F,NO,57.94,89.89,0.3195,700.0,508.15,Win,92123.05,2025-09-20T15:24:00Z,2025-09-20T12:00:00Z,2025-09-20T15:54:00Z,D:\Ahmed\data\kalshi\kalshi_history\kxhighchi_2024_10_01_to_2026_03_03\KMDW_20250921.csv
2025-09-22,2025-09-22,2025-09-21,2025-09-21 22:48:00 CEST,KMIA,86F to 87F,86F to 87F,NO,61.55,93.42,0.3187,700.0,437.29,Win,92560.33,2025-09-21T15:02:00Z,2025-09-21T12:00:00Z,2025-09-21T15:32:00Z,D:\Ahmed\data\kalshi\kalshi_history\kxhighmia_2024_10_01_to_2025_12_31\KMIA_20250922.csv
2025-09-23,2025-09-23,2025-09-22,2025-09-22 17:00:00 CEST,KNYC,80F to 81F,80F to 81F,NO,57.0,91.12,0.3412,700.0,528.07,Win,93088.4,2025-09-22T14:07:00Z,2025-09-22T12:00:00Z,2025-09-22T14:37:00Z,D:\Ahmed\data\kalshi\kalshi_history\kxhighny_2024_10_01_to_2025_12_31\KNYC_20250923.csv
2025-09-24,2025-09-24,2025-09-24,2025-09-24 03:26:00 CEST,KMIA,89F to 90F,89F to 90F,NO,55.0,86.52,0.3152,700.0,572.73,Win,93661.13,2025-09-23T14:08:00Z,2025-09-23T12:00:00Z,2025-09-23T14:38:00Z,D:\Ahmed\data\kalshi\kalshi_history\kxhighmia_2024_10_01_to_2025_12_31\KMIA_20250924.csv
2025-09-25,2025-09-25,2025-09-24,2025-09-24 23:26:00 CEST,KLAX,72F to 73F,72F to 73F,NO,61.0,92.06,0.3106,700.0,447.54,Win,94108.67,2025-09-24T14:07:00Z,2025-09-24T12:00:00Z,2025-09-24T14:37:00Z,D:\Ahmed\data\kalshi\kalshi_history\kxhighlax_2025_01_01_to_2026_03_05\KLAX_20250925.csv
2025-09-26,2025-09-26,2025-09-26,2025-09-26 15:55:00 CEST,KLAX,74F to 75F,74F to 75F,NO,44.88,75.09,0.3021,700.0,859.71,Win,94968.39,2025-09-25T14:07:00Z,2025-09-25T12:00:00Z,2025-09-25T14:37:00Z,D:\Ahmed\data\kalshi\kalshi_history\kxhighlax_2025_01_01_to_2026_03_05\KLAX_20250926.csv
2025-09-27,2025-09-27,2025-09-26,2025-09-26 20:21:00 CEST,KMIA,89F to 90F,89F to 90F,NO,50.74,81.25,0.3051,700.0,679.58,Win,95647.97,2025-09-26T14:10:00Z,2025-09-26T12:00:00Z,2025-09-26T14:40:00Z,D:\Ahmed\data\kalshi\kalshi_history\kxhighmia_2024_10_01_to_2025_12_31\KMIA_20250927.csv
2025-09-28,2025-09-28,2025-09-27,2025-09-27 19:19:00 CEST,KLAX,72F to 73F,72F to 73F,NO,58.0,93.83,0.3583,700.0,506.9,Win,96154.87,2025-09-27T14:46:00Z,2025-09-27T12:00:00Z,2025-09-27T15:16:00Z,D:\Ahmed\data\kalshi\kalshi_history\kxhighlax_2025_01_01_to_2026_03_05\KLAX_20250928.csv
2025-09-29,2025-09-29,2025-09-28,2025-09-28 17:56:00 CEST,KMIA,88F to 89F,88F to 89F,NO,62.0,100.0,0.38,700.0,429.03,Win,96583.9,2025-09-28T15:24:00Z,2025-09-28T12:00:00Z,2025-09-28T15:54:00Z,D:\Ahmed\data\kalshi\kalshi_history\kxhighmia_2024_10_01_to_2025_12_31\KMIA_20250929.csv
2025-09-30,2025-09-30,2025-09-29,2025-09-29 20:47:00 CEST,KMDW,81F to 82F,81F to 82F,NO,46.0,79.15,0.3315,700.0,821.74,Win,97405.64,2025-09-29T14:46:00Z,2025-09-29T12:00:00Z,2025-09-29T15:16:00Z,D:\Ahmed\data\kalshi\kalshi_history\kxhighchi_2024_10_01_to_2026_03_03\KMDW_20250930.csv
2025-10-01,2025-10-01,2025-10-01,2025-10-01 01:30:00 CEST,KLAX,72F to 73F,72F to 73F,NO,49.99,80.74,0.3075,700.0,700.28,Win,98105.92,2025-09-30T14:28:00Z,2025-09-30T12:00:00Z,2025-09-30T14:58:00Z,D:\Ahmed\data\kalshi\kalshi_history\kxhighlax_2025_01_01_to_2026_03_05\KLAX_20251001.csv
2025-10-02,2025-10-02,2025-10-01,2025-10-01 22:59:00 CEST,KMDW,84F to 85F,84F to 85F,NO,49.0,80.63,0.3163,700.0,-700.0,Loss,97405.92,2025-10-01T15:06:00Z,2025-10-01T12:00:00Z,2025-10-01T15:36:00Z,D:\Ahmed\data\kalshi\kalshi_history\kxhighchi_2024_10_01_to_2026_03_03\KMDW_20251002.csv
2025-10-03,2025-10-03,2025-10-02,2025-10-02 23:51:00 CEST,KMDW,89F to 90F,89F to 90F,NO,55.0,85.31,0.3031,700.0,-700.0,Loss,96705.92,2025-10-02T15:24:00Z,2025-10-02T12:00:00Z,2025-10-02T15:54:00Z,D:\Ahmed\data\kalshi\kalshi_history\kxhighchi_2024_10_01_to_2026_03_03\KMDW_20251003.csv
2025-10-04,2025-10-04,2025-10-03,2025-10-03 18:24:00 CEST,KMIA,84F to 85F,84F to 85F,NO,65.0,100.0,0.35,700.0,376.92,Win,97082.84,2025-10-03T14:25:00Z,2025-10-03T12:00:00Z,2025-10-03T14:55:00Z,D:\Ahmed\data\kalshi\kalshi_history\kxhighmia_2024_10_01_to_2025_12_31\KMIA_20251004.csv
2025-10-05,2025-10-05,2025-10-05,2025-10-05 05:16:00 CEST,KLAX,73F to 74F,73F to 74F,NO,42.9,72.99,0.3009,700.0,931.7,Win,98014.54,2025-10-04T14:22:00Z,2025-10-04T12:00:00Z,2025-10-04T14:52:00Z,D:\Ahmed\data\kalshi\kalshi_history\kxhighlax_2025_01_01_to_2026_03_05\KLAX_20251005.csv
2025-10-06,2025-10-06,2025-10-05,2025-10-05 20:33:00 CEST,KMIA,87F to 88F,87F to 88F,NO,49.52,80.05,0.3053,700.0,713.57,Win,98728.11,2025-10-05T14:25:00Z,2025-10-05T12:00:00Z,2025-10-05T14:55:00Z,D:\Ahmed\data\kalshi\kalshi_history\kxhighmia_2024_10_01_to_2025_12_31\KMIA_20251006.csv
2025-10-07,2025-10-07,2025-10-06,2025-10-06 17:19:00 CEST,KNYC,78F or below,78F or below,YES,27.51,80.59,0.5308,700.0,-700.0,Loss,98028.11,2025-10-06T14:13:00Z,2025-10-06T12:00:00Z,2025-10-06T14:43:00Z,D:\Ahmed\data\kalshi\kalshi_history\kxhighny_2024_10_01_to_2025_12_31\KNYC_20251007.csv
2025-10-08,2025-10-08,2025-10-07,2025-10-07 18:12:00 CEST,KLAX,70F to 71F,70F to 71F,NO,61.0,92.0,0.31,700.0,-700.0,Loss,97328.11,2025-10-07T14:22:00Z,2025-10-07T12:00:00Z,2025-10-07T14:52:00Z,D:\Ahmed\data\kalshi\kalshi_history\kxhighlax_2025_01_01_to_2026_03_05\KLAX_20251008.csv
2025-10-09,2025-10-09,2025-10-09,2025-10-09 13:28:00 CEST,KNYC,60F to 61F,60F to 61F,NO,40.24,70.32,0.3008,700.0,1039.56,Win,98367.67,2025-10-08T14:10:00Z,2025-10-08T12:00:00Z,2025-10-08T14:40:00Z,D:\Ahmed\data\kalshi\kalshi_history\kxhighny_2024_10_01_to_2025_12_31\KNYC_20251009.csv
2025-10-10,2025-10-10,2025-10-10,2025-10-10 06:55:00 CEST,KMIA,84F to 85F,84F to 85F,NO,50.0,82.27,0.3227,700.0,700.0,Win,99067.67,2025-10-09T14:48:00Z,2025-10-09T12:00:00Z,2025-10-09T15:18:00Z,D:\Ahmed\data\kalshi\kalshi_history\kxhighmia_2024_10_01_to_2025_12_31\KMIA_20251010.csv
2025-10-11,2025-10-11,2025-10-10,2025-10-10 19:03:00 CEST,KMIA,84F to 85F,84F to 85F,NO,50.0,80.06,0.3006,700.0,700.0,Win,99767.67,2025-10-10T14:34:00Z,2025-10-10T12:00:00Z,2025-10-10T15:04:00Z,D:\Ahmed\data\kalshi\kalshi_history\kxhighmia_2024_10_01_to_2025_12_31\KMIA_20251011.csv
2025-10-12,2025-10-12,2025-10-11,2025-10-11 22:34:00 CEST,KMDW,70F to 71F,70F to 71F,NO,52.63,84.61,0.3198,700.0,630.04,Win,100397.71,2025-10-11T15:17:00Z,2025-10-11T12:00:00Z,2025-10-11T15:47:00Z,D:\Ahmed\data\kalshi\kalshi_history\kxhighchi_2024_10_01_to_2026_03_03\KMDW_20251012.csv
2025-10-13,2025-10-13,2025-10-13,2025-10-13 18:55:00 CEST,KMDW,72F to 73F,72F to 73F,NO,49.68,80.91,0.3123,700.0,709.02,Win,101106.73,2025-10-12T15:24:00Z,2025-10-12T12:00:00Z,2025-10-12T15:54:00Z,D:\Ahmed\data\kalshi\kalshi_history\kxhighchi_2024_10_01_to_2026_03_03\KMDW_20251013.csv
2025-10-14,2025-10-14,2025-10-14,2025-10-14 10:59:00 CEST,KNYC,62F to 63F,62F to 63F,NO,43.04,77.68,0.3464,700.0,926.39,Win,102033.13,2025-10-13T16:09:00Z,2025-10-13T12:00:00Z,2025-10-13T16:39:00Z,D:\Ahmed\data\kalshi\kalshi_history\kxhighny_2024_10_01_to_2025_12_31\KNYC_20251014.csv
2025-10-15,2025-10-15,2025-10-14,2025-10-14 19:16:00 CEST,KNYC,63F to 64F,63F to 64F,NO,58.0,91.33,0.3333,700.0,506.9,Win,102540.02,2025-10-14T14:34:00Z,2025-10-14T12:00:00Z,2025-10-14T15:04:00Z,D:\Ahmed\data\kalshi\kalshi_history\kxhighny_2024_10_01_to_2025_12_31\KNYC_20251015.csv
2025-10-16,2025-10-16,2025-10-16,2025-10-16 11:04:00 CEST,KMDW,68F to 69F,68F to 69F,NO,46.03,77.18,0.3115,700.0,-700.0,Loss,101840.02,2025-10-15T14:08:00Z,2025-10-15T12:00:00Z,2025-10-15T14:38:00Z,D:\Ahmed\data\kalshi\kalshi_history\kxhighchi_2024_10_01_to_2026_03_03\KMDW_20251016.csv
2025-10-17,2025-10-17,2025-10-17,2025-10-17 03:01:00 CEST,KLAX,74F to 75F,74F to 75F,NO,50.5,81.53,0.3103,700.0,686.14,Win,102526.16,2025-10-16T14:03:00Z,2025-10-16T12:00:00Z,2025-10-16T14:33:00Z,D:\Ahmed\data\kalshi\kalshi_history\kxhighlax_2025_01_01_to_2026_03_05\KLAX_20251017.csv
2025-10-18,2025-10-18,2025-10-17,2025-10-17 17:42:00 CEST,KLAX,78F to 79F,78F to 79F,NO,51.0,86.92,0.3592,700.0,672.55,Win,103198.71,2025-10-17T14:05:00Z,2025-10-17T12:00:00Z,2025-10-17T14:35:00Z,D:\Ahmed\data\kalshi\kalshi_history\kxhighlax_2025_01_01_to_2026_03_05\KLAX_20251018.csv
2025-10-19,2025-10-19,2025-10-18,2025-10-18 20:47:00 CEST,KMDW,61F to 62F,61F to 62F,NO,70.0,100.0,0.3,700.0,300.0,Win,103498.71,2025-10-18T14:50:00Z,2025-10-18T12:00:00Z,2025-10-18T15:20:00Z,D:\Ahmed\data\kalshi\kalshi_history\kxhighchi_2024_10_01_to_2026_03_03\KMDW_20251019.csv
2025-10-20,2025-10-20,2025-10-19,2025-10-19 17:22:00 CEST,KMIA,84F to 85F,84F to 85F,NO,69.0,100.0,0.31,700.0,314.49,Win,103813.2,2025-10-19T14:26:00Z,2025-10-19T12:00:00Z,2025-10-19T14:56:00Z,D:\Ahmed\data\kalshi\kalshi_history\kxhighmia_2024_10_01_to_2025_12_31\KMIA_20251020.csv
2025-10-21,2025-10-21,2025-10-20,2025-10-20 17:50:00 CEST,KLAX,69F to 70F,69F to 70F,NO,61.25,93.4,0.3215,700.0,442.86,Win,104256.06,2025-10-20T15:18:00Z,2025-10-20T12:00:00Z,2025-10-20T15:48:00Z,D:\Ahmed\data\kalshi\kalshi_history\kxhighlax_2025_01_01_to_2026_03_05\KLAX_20251021.csv
2025-10-22,2025-10-22,2025-10-21,2025-10-21 23:36:00 CEST,KNYC,61F to 62F,61F to 62F,NO,63.0,94.03,0.3103,700.0,-700.0,Loss,103556.06,2025-10-21T14:10:00Z,2025-10-21T12:00:00Z,2025-10-21T14:40:00Z,D:\Ahmed\data\kalshi\kalshi_history\kxhighny_2024_10_01_to_2025_12_31\KNYC_20251022.csv
2025-10-23,2025-10-23,2025-10-22,2025-10-22 23:23:00 CEST,KNYC,60F to 61F,60F to 61F,NO,43.14,73.74,0.306,700.0,-700.0,Loss,102856.06,2025-10-22T14:07:00Z,2025-10-22T12:00:00Z,2025-10-22T14:37:00Z,D:\Ahmed\data\kalshi\kalshi_history\kxhighny_2024_10_01_to_2025_12_31\KNYC_20251023.csv
2025-10-24,2025-10-24,2025-10-24,2025-10-24 02:45:00 CEST,KLAX,73F to 74F,73F to 74F,NO,50.28,86.26,0.3598,700.0,-700.0,Loss,102156.06,2025-10-23T14:05:00Z,2025-10-23T12:00:00Z,2025-10-23T14:35:00Z,D:\Ahmed\data\kalshi\kalshi_history\kxhighlax_2025_01_01_to_2026_03_05\KLAX_20251024.csv
2025-10-25,2025-10-25,2025-10-25,2025-10-25 08:42:00 CEST,KNYC,59F to 60F,59F to 60F,NO,51.0,83.81,0.3281,700.0,672.55,Win,102828.61,2025-10-24T14:07:00Z,2025-10-24T12:00:00Z,2025-10-24T14:37:00Z,D:\Ahmed\data\kalshi\kalshi_history\kxhighny_2024_10_01_to_2025_12_31\KNYC_20251025.csv
2025-10-26,2025-10-26,2025-10-25,2025-10-25 20:31:00 CEST,KNYC,58F to 59F,58F to 59F,NO,53.27,83.31,0.3004,700.0,-700.0,Loss,102128.61,2025-10-25T14:08:00Z,2025-10-25T12:00:00Z,2025-10-25T14:38:00Z,D:\Ahmed\data\kalshi\kalshi_history\kxhighny_2024_10_01_to_2025_12_31\KNYC_20251026.csv
2025-10-27,2025-10-27,2025-10-27,2025-10-27 18:57:00 CET,KMIA,86F to 87F,86F to 87F,NO,43.86,75.81,0.3195,700.0,-700.0,Loss,101428.61,2025-10-26T14:08:00Z,2025-10-26T12:00:00Z,2025-10-26T14:38:00Z,D:\Ahmed\data\kalshi\kalshi_history\kxhighmia_2024_10_01_to_2025_12_31\KMIA_20251027.csv
2025-10-28,2025-10-28,2025-10-27,2025-10-27 15:46:00 CET,KLAX,88F to 89F,88F to 89F,NO,41.0,91.94,0.5094,700.0,1007.32,Win,102435.93,2025-10-27T14:01:00Z,2025-10-27T12:00:00Z,2025-10-27T14:31:00Z,D:\Ahmed\data\kalshi\kalshi_history\kxhighlax_2025_01_01_to_2026_03_05\KLAX_20251028.csv
2025-10-29,2025-10-29,2025-10-28,2025-10-28 22:31:00 CET,KLAX,81F to 82F,81F to 82F,NO,55.92,91.59,0.3567,700.0,551.79,Win,102987.71,2025-10-28T14:08:00Z,2025-10-28T12:00:00Z,2025-10-28T14:38:00Z,D:\Ahmed\data\kalshi\kalshi_history\kxhighlax_2025_01_01_to_2026_03_05\KLAX_20251029.csv
2025-10-30,2025-10-30,2025-10-30,2025-10-30 10:03:00 CET,KNYC,62F to 63F,62F to 63F,NO,50.0,81.12,0.3112,700.0,-700.0,Loss,102287.71,2025-10-29T14:01:00Z,2025-10-29T12:00:00Z,2025-10-29T14:31:00Z,D:\Ahmed\data\kalshi\kalshi_history\kxhighny_2024_10_01_to_2025_12_31\KNYC_20251030.csv
2025-10-31,2025-10-31,2025-10-31,2025-10-31 00:07:00 CET,KNYC,60F to 61F,60F to 61F,NO,49.22,80.96,0.3174,700.0,722.19,Win,103009.9,2025-10-30T14:08:00Z,2025-10-30T12:00:00Z,2025-10-30T14:38:00Z,D:\Ahmed\data\kalshi\kalshi_history\kxhighny_2024_10_01_to_2025_12_31\KNYC_20251031.csv
2025-11-01,2025-11-01,2025-11-01,2025-11-01 09:27:00 CET,KNYC,55F to 56F,55F to 56F,NO,43.0,74.84,0.3184,700.0,927.91,Win,103937.81,2025-10-31T14:01:00Z,2025-10-31T12:00:00Z,2025-10-31T14:31:00Z,D:\Ahmed\data\kalshi\kalshi_history\kxhighny_2024_10_01_to_2025_12_31\KNYC_20251101.csv
2025-11-02,2025-11-02,2025-11-02,2025-11-02 06:34:00 CET,KMDW,54F to 55F,54F to 55F,NO,46.0,76.88,0.3088,700.0,-700.0,Loss,103237.81,2025-11-01T14:25:00Z,2025-11-01T12:00:00Z,2025-11-01T14:55:00Z,D:\Ahmed\data\kalshi\kalshi_history\kxhighchi_2024_10_01_to_2026_03_03\KMDW_20251102.csv
2025-11-03,2025-11-03,2025-11-03,2025-11-03 08:23:00 CET,KNYC,59F to 60F,59F to 60F,NO,48.23,79.06,0.3083,700.0,-700.0,Loss,102537.81,2025-11-03T06:27:00Z,2025-11-02T12:00:00Z,2025-11-03T06:57:00Z,D:\Ahmed\data\kalshi\kalshi_history\kxhighny_2024_10_01_to_2025_12_31\KNYC_20251103.csv
2025-11-04,2025-11-04,2025-11-04,2025-11-04 00:11:00 CET,KNYC,60F to 61F,60F to 61F,NO,46.66,79.94,0.3328,700.0,800.21,Win,103338.02,2025-11-03T22:33:00Z,2025-11-03T12:00:00Z,2025-11-03T23:03:00Z,D:\Ahmed\data\kalshi\kalshi_history\kxhighny_2024_10_01_to_2025_12_31\KNYC_20251104.csv
2025-11-05,2025-11-05,2025-11-04,2025-11-04 22:07:00 CET,KMDW,60F to 61F,60F to 61F,NO,61.0,91.64,0.3064,700.0,447.54,Win,103785.56,2025-11-04T15:01:00Z,2025-11-04T12:00:00Z,2025-11-04T15:31:00Z,D:\Ahmed\data\kalshi\kalshi_history\kxhighchi_2024_10_01_to_2026_03_03\KMDW_20251105.csv
2025-11-06,2025-11-06,2025-11-05,2025-11-05 21:29:00 CET,KLAX,69F to 70F,69F to 70F,NO,42.0,72.91,0.3091,700.0,-700.0,Loss,103085.56,2025-11-05T15:39:00Z,2025-11-05T12:00:00Z,2025-11-05T16:09:00Z,D:\Ahmed\data\kalshi\kalshi_history\kxhighlax_2025_01_01_to_2026_03_05\KLAX_20251106.csv
2025-11-07,2025-11-07,2025-11-07,2025-11-07 07:57:00 CET,KMDW,63F to 64F,63F to 64F,NO,41.47,72.22,0.3075,700.0,-700.0,Loss,102385.56,2025-11-06T15:01:00Z,2025-11-06T12:00:00Z,2025-11-06T15:31:00Z,D:\Ahmed\data\kalshi\kalshi_history\kxhighchi_2024_10_01_to_2026_03_03\KMDW_20251107.csv
2025-11-08,2025-11-08,2025-11-08,2025-11-08 06:16:00 CET,KMDW,48F to 49F,48F to 49F,NO,43.0,74.27,0.3127,700.0,927.91,Win,103313.47,2025-11-07T15:11:00Z,2025-11-07T12:00:00Z,2025-11-07T15:41:00Z,D:\Ahmed\data\kalshi\kalshi_history\kxhighchi_2024_10_01_to_2026_03_03\KMDW_20251108.csv
2025-11-09,2025-11-09,2025-11-08,2025-11-08 20:37:00 CET,KMIA,86F to 87F,86F to 87F,NO,47.0,77.73,0.3073,700.0,-700.0,Loss,102613.47,2025-11-08T15:01:00Z,2025-11-08T12:00:00Z,2025-11-08T15:31:00Z,D:\Ahmed\data\kalshi\kalshi_history\kxhighmia_2024_10_01_to_2025_12_31\KMIA_20251109.csv
2025-11-10,2025-11-10,2025-11-09,2025-11-09 16:41:00 CET,KLAX,78F or below,78F or below,NO,41.0,94.89,0.5389,700.0,-700.0,Loss,101913.47,2025-11-09T15:03:00Z,2025-11-09T12:00:00Z,2025-11-09T15:33:00Z,D:\Ahmed\data\kalshi\kalshi_history\kxhighlax_2025_01_01_to_2026_03_05\KLAX_20251110.csv
2025-11-11,2025-11-11,2025-11-10,2025-11-10 18:35:00 CET,KMDW,40F to 41F,40F to 41F,NO,63.0,94.67,0.3167,700.0,411.11,Win,102324.58,2025-11-10T15:12:00Z,2025-11-10T12:00:00Z,2025-11-10T15:42:00Z,D:\Ahmed\data\kalshi\kalshi_history\kxhighchi_2024_10_01_to_2026_03_03\KMDW_20251111.csv
2025-11-12,2025-11-12,2025-11-11,2025-11-11 22:27:00 CET,KLAX,66F to 67F,66F to 67F,NO,48.52,81.18,0.3266,700.0,742.7,Win,103067.29,2025-11-11T15:12:00Z,2025-11-11T12:00:00Z,2025-11-11T15:42:00Z,D:\Ahmed\data\kalshi\kalshi_history\kxhighlax_2025_01_01_to_2026_03_05\KLAX_20251112.csv
2025-11-13,2025-11-13,2025-11-12,2025-11-12 20:17:00 CET,KLAX,66F to 67F,66F to 67F,NO,52.69,82.73,0.3004,700.0,628.53,Win,103695.81,2025-11-12T15:03:00Z,2025-11-12T12:00:00Z,2025-11-12T15:33:00Z,D:\Ahmed\data\kalshi\kalshi_history\kxhighlax_2025_01_01_to_2026_03_05\KLAX_20251113.csv
2025-11-14,2025-11-14,2025-11-13,2025-11-13 16:36:00 CET,KLAX,66F or above,66F or above,YES,42.0,74.53,0.3253,700.0,-700.0,Loss,102995.81,2025-11-13T15:04:00Z,2025-11-13T12:00:00Z,2025-11-13T15:34:00Z,D:\Ahmed\data\kalshi\kalshi_history\kxhighlax_2025_01_01_to_2026_03_05\KLAX_20251114.csv
2025-11-15,2025-11-15,2025-11-15,2025-11-15 05:21:00 CET,KLAX,64F to 65F,64F to 65F,NO,42.15,72.95,0.308,700.0,-700.0,Loss,102295.81,2025-11-14T15:01:00Z,2025-11-14T12:00:00Z,2025-11-14T15:31:00Z,D:\Ahmed\data\kalshi\kalshi_history\kxhighlax_2025_01_01_to_2026_03_05\KLAX_20251115.csv
2025-11-16,2025-11-16,2025-11-15,2025-11-15 16:40:00 CET,KNYC,54F to 55F,54F to 55F,NO,38.0,76.04,0.3804,700.0,1142.11,Win,103437.92,2025-11-15T15:04:00Z,2025-11-15T12:00:00Z,2025-11-15T15:34:00Z,D:\Ahmed\data\kalshi\kalshi_history\kxhighny_2024_10_01_to_2025_12_31\KNYC_20251116.csv
2025-11-17,2025-11-17,2025-11-17,2025-11-17 08:25:00 CET,KMDW,48F to 49F,48F to 49F,NO,53.0,83.53,0.3053,700.0,620.75,Win,104058.67,2025-11-16T15:33:00Z,2025-11-16T12:00:00Z,2025-11-16T16:03:00Z,D:\Ahmed\data\kalshi\kalshi_history\kxhighchi_2024_10_01_to_2026_03_03\KMDW_20251117.csv
2025-11-18,2025-11-18,2025-11-18,2025-11-18 07:29:00 CET,KMDW,45F to 46F,45F to 46F,NO,47.67,78.56,0.3089,700.0,768.43,Win,104827.1,2025-11-17T15:08:00Z,2025-11-17T12:00:00Z,2025-11-17T15:38:00Z,D:\Ahmed\data\kalshi\kalshi_history\kxhighchi_2024_10_01_to_2026_03_03\KMDW_20251118.csv
2025-11-19,2025-11-19,2025-11-18,2025-11-18 16:55:00 CET,KLAX,61F to 62F,61F to 62F,NO,64.0,100.0,0.36,700.0,-700.0,Loss,104127.1,2025-11-18T15:01:00Z,2025-11-18T12:00:00Z,2025-11-18T15:31:00Z,D:\Ahmed\data\kalshi\kalshi_history\kxhighlax_2025_01_01_to_2026_03_05\KLAX_20251119.csv
2025-11-20,2025-11-20,2025-11-19,2025-11-19 23:02:00 CET,KMDW,53F to 54F,53F to 54F,NO,53.0,84.78,0.3178,700.0,620.75,Win,104747.85,2025-11-19T15:11:00Z,2025-11-19T12:00:00Z,2025-11-19T15:41:00Z,D:\Ahmed\data\kalshi\kalshi_history\kxhighchi_2024_10_01_to_2026_03_03\KMDW_20251120.csv
2025-11-21,2025-11-21,2025-11-21,2025-11-21 00:46:00 CET,KMDW,48F or below,48F or below,NO,55.0,88.57,0.3357,700.0,572.73,Win,105320.58,2025-11-20T15:14:00Z,2025-11-20T12:00:00Z,2025-11-20T15:44:00Z,D:\Ahmed\data\kalshi\kalshi_history\kxhighchi_2024_10_01_to_2026_03_03\KMDW_20251121.csv
2025-11-22,2025-11-22,2025-11-21,2025-11-21 19:05:00 CET,KNYC,51F to 52F,51F to 52F,NO,43.79,77.45,0.3366,700.0,-700.0,Loss,104620.58,2025-11-21T15:03:00Z,2025-11-21T12:00:00Z,2025-11-21T15:33:00Z,D:\Ahmed\data\kalshi\kalshi_history\kxhighny_2024_10_01_to_2025_12_31\KNYC_20251122.csv
2025-11-23,2025-11-23,2025-11-22,2025-11-22 23:32:00 CET,KLAX,69F to 70F,69F to 70F,NO,58.0,88.6,0.306,700.0,-700.0,Loss,103920.58,2025-11-22T15:05:00Z,2025-11-22T12:00:00Z,2025-11-22T15:35:00Z,D:\Ahmed\data\kalshi\kalshi_history\kxhighlax_2025_01_01_to_2026_03_05\KLAX_20251123.csv
2025-11-24,2025-11-24,2025-11-23,2025-11-23 23:10:00 CET,KMDW,49F to 50F,49F to 50F,NO,59.32,93.92,0.346,700.0,480.04,Win,104400.62,2025-11-23T15:17:00Z,2025-11-23T12:00:00Z,2025-11-23T15:47:00Z,D:\Ahmed\data\kalshi\kalshi_history\kxhighchi_2024_10_01_to_2026_03_03\KMDW_20251124.csv
2025-11-25,2025-11-25,2025-11-24,2025-11-24 16:34:00 CET,KNYC,54F to 55F,54F to 55F,NO,40.0,75.87,0.3587,700.0,1050.0,Win,105450.62,2025-11-24T15:01:00Z,2025-11-24T12:00:00Z,2025-11-24T15:31:00Z,D:\Ahmed\data\kalshi\kalshi_history\kxhighny_2024_10_01_to_2025_12_31\KNYC_20251125.csv
2025-11-26,2025-11-26,2025-11-25,2025-11-25 23:01:00 CET,KMDW,43F or below,43F or below,NO,36.66,85.44,0.4878,700.0,-700.0,Loss,104750.62,2025-11-25T15:14:00Z,2025-11-25T12:00:00Z,2025-11-25T15:44:00Z,D:\Ahmed\data\kalshi\kalshi_history\kxhighchi_2024_10_01_to_2026_03_03\KMDW_20251126.csv
2025-11-27,2025-11-27,2025-11-26,2025-11-26 21:47:00 CET,KNYC,46F or below,46F or below,NO,70.0,100.0,0.3,700.0,300.0,Win,105050.62,2025-11-26T15:01:00Z,2025-11-26T12:00:00Z,2025-11-26T15:31:00Z,D:\Ahmed\data\kalshi\kalshi_history\kxhighny_2024_10_01_to_2025_12_31\KNYC_20251127.csv
2025-11-28,2025-11-28,2025-11-27,2025-11-27 22:49:00 CET,KLAX,67F to 68F,67F to 68F,NO,61.0,91.24,0.3024,700.0,447.54,Win,105498.16,2025-11-27T15:01:00Z,2025-11-27T12:00:00Z,2025-11-27T15:31:00Z,D:\Ahmed\data\kalshi\kalshi_history\kxhighlax_2025_01_01_to_2026_03_05\KLAX_20251128.csv
2025-11-29,2025-11-29,2025-11-28,2025-11-28 22:40:00 CET,KNYC,43F to 44F,43F to 44F,NO,50.47,81.4,0.3093,700.0,686.96,Win,106185.13,2025-11-28T15:01:00Z,2025-11-28T12:00:00Z,2025-11-28T15:31:00Z,D:\Ahmed\data\kalshi\kalshi_history\kxhighny_2024_10_01_to_2025_12_31\KNYC_20251129.csv
2025-11-30,2025-11-30,2025-11-29,2025-11-29 19:07:00 CET,KNYC,48F to 49F,48F to 49F,NO,46.38,82.54,0.3616,700.0,809.27,Win,106994.4,2025-11-29T15:03:00Z,2025-11-29T12:00:00Z,2025-11-29T15:33:00Z,D:\Ahmed\data\kalshi\kalshi_history\kxhighny_2024_10_01_to_2025_12_31\KNYC_20251130.csv
2025-12-01,2025-12-01,2025-11-30,2025-11-30 18:41:00 CET,KMIA,84F to 85F,84F to 85F,NO,53.0,86.99,0.3399,700.0,-700.0,Loss,106294.4,2025-11-30T15:39:00Z,2025-11-30T12:00:00Z,2025-11-30T16:09:00Z,D:\Ahmed\data\kalshi\kalshi_history\kxhighmia_2024_10_01_to_2025_12_31\KMIA_20251201.csv
2025-12-02,2025-12-02,2025-12-01,2025-12-01 17:41:00 CET,KMDW,27F to 28F,27F to 28F,NO,61.5,92.36,0.3086,700.0,438.21,Win,106732.61,2025-12-01T15:15:00Z,2025-12-01T12:00:00Z,2025-12-01T15:45:00Z,D:\Ahmed\data\kalshi\kalshi_history\kxhighchi_2024_10_01_to_2026_03_03\KMDW_20251202.csv
2025-12-03,2025-12-03,2025-12-02,2025-12-02 18:38:00 CET,KMDW,33F to 34F,33F to 34F,NO,56.0,86.82,0.3082,700.0,550.0,Win,107282.61,2025-12-02T15:08:00Z,2025-12-02T12:00:00Z,2025-12-02T15:38:00Z,D:\Ahmed\data\kalshi\kalshi_history\kxhighchi_2024_10_01_to_2026_03_03\KMDW_20251203.csv
2025-12-04,2025-12-04,2025-12-03,2025-12-03 18:38:00 CET,KMDW,18F to 19F,18F to 19F,NO,52.0,100.0,0.48,700.0,646.15,Win,107928.76,2025-12-03T15:16:00Z,2025-12-03T12:00:00Z,2025-12-03T15:46:00Z,D:\Ahmed\data\kalshi\kalshi_history\kxhighchi_2024_10_01_to_2026_03_03\KMDW_20251204.csv
2025-12-05,2025-12-05,2025-12-04,2025-12-04 18:45:00 CET,KMDW,30F to 31F,30F to 31F,NO,60.33,90.73,0.304,700.0,-700.0,Loss,107228.76,2025-12-04T15:16:00Z,2025-12-04T12:00:00Z,2025-12-04T15:46:00Z,D:\Ahmed\data\kalshi\kalshi_history\kxhighchi_2024_10_01_to_2026_03_03\KMDW_20251205.csv
2025-12-06,2025-12-06,2025-12-05,2025-12-05 17:22:00 CET,KMDW,30F to 31F,30F to 31F,NO,55.0,91.09,0.3609,700.0,572.73,Win,107801.49,2025-12-05T15:03:00Z,2025-12-05T12:00:00Z,2025-12-05T15:33:00Z,D:\Ahmed\data\kalshi\kalshi_history\kxhighchi_2024_10_01_to_2026_03_03\KMDW_20251206.csv
2025-12-07,2025-12-07,2025-12-07,2025-12-07 03:32:00 CET,KLAX,69F to 70F,69F to 70F,NO,44.91,82.67,0.3776,700.0,-700.0,Loss,107101.49,2025-12-06T15:44:00Z,2025-12-06T12:00:00Z,2025-12-06T16:14:00Z,D:\Ahmed\data\kalshi\kalshi_history\kxhighlax_2025_01_01_to_2026_03_05\KLAX_20251207.csv
2025-12-08,2025-12-08,2025-12-07,2025-12-07 16:50:00 CET,KMDW,24F to 25F,24F to 25F,NO,69.0,100.0,0.31,700.0,314.49,Win,107415.98,2025-12-07T15:20:00Z,2025-12-07T12:00:00Z,2025-12-07T15:50:00Z,D:\Ahmed\data\kalshi\kalshi_history\kxhighchi_2024_10_01_to_2026_03_03\KMDW_20251208.csv
2025-12-09,2025-12-09,2025-12-08,2025-12-08 23:44:00 CET,KNYC,34F to 35F,34F to 35F,NO,55.0,85.59,0.3059,700.0,-700.0,Loss,106715.98,2025-12-08T15:06:00Z,2025-12-08T12:00:00Z,2025-12-08T15:36:00Z,D:\Ahmed\data\kalshi\kalshi_history\kxhighny_2024_10_01_to_2025_12_31\KNYC_20251209.csv
2025-12-10,2025-12-10,2025-12-09,2025-12-09 16:32:00 CET,KLAX,79F or above,79F or above,YES,29.0,84.9,0.559,700.0,1713.79,Win,108429.77,2025-12-09T15:01:00Z,2025-12-09T12:00:00Z,2025-12-09T15:31:00Z,D:\Ahmed\data\kalshi\kalshi_history\kxhighlax_2025_01_01_to_2026_03_05\KLAX_20251210.csv
2025-12-11,2025-12-11,2025-12-10,2025-12-10 23:38:00 CET,KMDW,26F to 27F,26F to 27F,NO,57.0,87.18,0.3018,700.0,528.07,Win,108957.85,2025-12-10T15:08:00Z,2025-12-10T12:00:00Z,2025-12-10T15:38:00Z,D:\Ahmed\data\kalshi\kalshi_history\kxhighchi_2024_10_01_to_2026_03_03\KMDW_20251211.csv
2025-12-12,2025-12-12,2025-12-12,2025-12-12 06:16:00 CET,KMIA,76F to 77F,76F to 77F,NO,54.1,85.26,0.3116,700.0,593.9,Win,109551.75,2025-12-11T15:09:00Z,2025-12-11T12:00:00Z,2025-12-11T15:39:00Z,D:\Ahmed\data\kalshi\kalshi_history\kxhighmia_2024_10_01_to_2025_12_31\KMIA_20251212.csv
2025-12-13,2025-12-13,2025-12-12,2025-12-12 23:02:00 CET,KMDW,26F or above,26F or above,NO,43.84,78.42,0.3458,700.0,-700.0,Loss,108851.75,2025-12-12T15:13:00Z,2025-12-12T12:00:00Z,2025-12-12T15:43:00Z,D:\Ahmed\data\kalshi\kalshi_history\kxhighchi_2024_10_01_to_2026_03_03\KMDW_20251213.csv
2025-12-14,2025-12-14,2025-12-13,2025-12-13 19:23:00 CET,KLAX,64F or below,64F or below,NO,59.31,92.28,0.3297,700.0,-700.0,Loss,108151.75,2025-12-13T15:12:00Z,2025-12-13T12:00:00Z,2025-12-13T15:42:00Z,D:\Ahmed\data\kalshi\kalshi_history\kxhighlax_2025_01_01_to_2026_03_05\KLAX_20251214.csv
2025-12-15,2025-12-15,2025-12-14,2025-12-14 17:07:00 CET,KLAX,67F to 68F,67F to 68F,NO,61.65,100.0,0.3835,700.0,435.44,Win,108587.19,2025-12-14T15:04:00Z,2025-12-14T12:00:00Z,2025-12-14T15:34:00Z,D:\Ahmed\data\kalshi\kalshi_history\kxhighlax_2025_01_01_to_2026_03_05\KLAX_20251215.csv
2025-12-16,2025-12-16,2025-12-15,2025-12-15 16:53:00 CET,KNYC,32F to 33F,32F to 33F,NO,60.45,90.95,0.305,700.0,-700.0,Loss,107887.19,2025-12-15T15:07:00Z,2025-12-15T12:00:00Z,2025-12-15T15:37:00Z,D:\Ahmed\data\kalshi\kalshi_history\kxhighny_2024_10_01_to_2025_12_31\KNYC_20251216.csv
2025-12-17,2025-12-17,2025-12-16,2025-12-16 16:50:00 CET,KMDW,42F or above,42F or above,YES,25.0,86.19,0.6119,700.0,2100.0,Win,109987.19,2025-12-16T15:08:00Z,2025-12-16T12:00:00Z,2025-12-16T15:38:00Z,D:\Ahmed\data\kalshi\kalshi_history\kxhighchi_2024_10_01_to_2026_03_03\KMDW_20251217.csv
2025-12-18,2025-12-18,2025-12-17,2025-12-17 16:39:00 CET,KLAX,71F or below,71F or below,NO,35.0,85.14,0.5014,700.0,-700.0,Loss,109287.19,2025-12-17T15:02:00Z,2025-12-17T12:00:00Z,2025-12-17T15:32:00Z,D:\Ahmed\data\kalshi\kalshi_history\kxhighlax_2025_01_01_to_2026_03_05\KLAX_20251218.csv
2025-12-19,2025-12-19,2025-12-19,2025-12-19 13:35:00 CET,KNYC,56F to 57F,56F to 57F,NO,42.0,72.04,0.3004,700.0,966.67,Win,110253.85,2025-12-18T15:04:00Z,2025-12-18T12:00:00Z,2025-12-18T15:34:00Z,D:\Ahmed\data\kalshi\kalshi_history\kxhighny_2024_10_01_to_2025_12_31\KNYC_20251219.csv
2025-12-20,2025-12-20,2025-12-19,2025-12-19 16:57:00 CET,KNYC,38F to 39F,38F to 39F,NO,55.0,88.83,0.3383,700.0,-700.0,Loss,109553.85,2025-12-19T15:02:00Z,2025-12-19T12:00:00Z,2025-12-19T15:32:00Z,D:\Ahmed\data\kalshi\kalshi_history\kxhighny_2024_10_01_to_2025_12_31\KNYC_20251220.csv
2025-12-21,2025-12-21,2025-12-21,2025-12-21 09:07:00 CET,KLAX,64F to 65F,64F to 65F,NO,46.0,76.66,0.3066,700.0,-700.0,Loss,108853.85,2025-12-20T15:20:00Z,2025-12-20T12:00:00Z,2025-12-20T15:50:00Z,D:\Ahmed\data\kalshi\kalshi_history\kxhighlax_2025_01_01_to_2026_03_05\KLAX_20251221.csv
2025-12-22,2025-12-22,2025-12-22,2025-12-22 15:19:00 CET,KLAX,61F or below,61F or below,NO,69.54,100.0,0.3046,700.0,306.61,Win,109160.47,2025-12-21T15:25:00Z,2025-12-21T12:00:00Z,2025-12-21T15:55:00Z,D:\Ahmed\data\kalshi\kalshi_history\kxhighlax_2025_01_01_to_2026_03_05\KLAX_20251222.csv
2025-12-23,2025-12-23,2025-12-23,2025-12-23 13:09:00 CET,KNYC,40F to 41F,40F to 41F,NO,44.0,76.47,0.3247,700.0,-700.0,Loss,108460.47,2025-12-22T15:02:00Z,2025-12-22T12:00:00Z,2025-12-22T15:32:00Z,D:\Ahmed\data\kalshi\kalshi_history\kxhighny_2024_10_01_to_2025_12_31\KNYC_20251223.csv
2025-12-24,2025-12-24,2025-12-24,2025-12-24 14:31:00 CET,KMDW,46F to 47F,46F to 47F,NO,51.48,82.18,0.307,700.0,-700.0,Loss,107760.47,2025-12-23T15:20:00Z,2025-12-23T12:00:00Z,2025-12-23T15:50:00Z,D:\Ahmed\data\kalshi\kalshi_history\kxhighchi_2024_10_01_to_2026_03_03\KMDW_20251224.csv
2025-12-25,2025-12-25,2025-12-24,2025-12-24 17:14:00 CET,KNYC,45F to 46F,45F to 46F,NO,47.0,77.46,0.3046,700.0,789.36,Win,108549.83,2025-12-24T15:08:00Z,2025-12-24T12:00:00Z,2025-12-24T15:38:00Z,D:\Ahmed\data\kalshi\kalshi_history\kxhighny_2024_10_01_to_2025_12_31\KNYC_20251225.csv
2025-12-26,2025-12-26,2025-12-25,2025-12-25 16:58:00 CET,KMDW,57F or above,57F or above,NO,56.0,100.0,0.44,700.0,550.0,Win,109099.83,2025-12-25T15:01:00Z,2025-12-25T12:00:00Z,2025-12-25T15:31:00Z,D:\Ahmed\data\kalshi\kalshi_history\kxhighchi_2024_10_01_to_2026_03_03\KMDW_20251226.csv
2025-12-27,2025-12-27,2025-12-27,2025-12-27 07:44:00 CET,KMDW,45F to 46F,45F to 46F,NO,57.73,87.83,0.301,700.0,-700.0,Loss,108399.83,2025-12-26T15:51:00Z,2025-12-26T12:00:00Z,2025-12-26T16:21:00Z,D:\Ahmed\data\kalshi\kalshi_history\kxhighchi_2024_10_01_to_2026_03_03\KMDW_20251227.csv
2025-12-28,2025-12-28,2025-12-28,2025-12-28 02:18:00 CET,KLAX,64F to 65F,64F to 65F,NO,58.4,90.62,0.3222,700.0,498.63,Win,108898.46,2025-12-27T15:12:00Z,2025-12-27T12:00:00Z,2025-12-27T15:42:00Z,D:\Ahmed\data\kalshi\kalshi_history\kxhighlax_2025_01_01_to_2026_03_05\KLAX_20251228.csv
2025-12-29,2025-12-29,2025-12-29,2025-12-29 00:58:00 CET,KMDW,26F to 27F,26F to 27F,NO,51.31,82.69,0.3138,700.0,664.26,Win,109562.72,2025-12-28T15:01:00Z,2025-12-28T12:00:00Z,2025-12-28T15:31:00Z,D:\Ahmed\data\kalshi\kalshi_history\kxhighchi_2024_10_01_to_2026_03_03\KMDW_20251229.csv
2025-12-30,2025-12-30,2025-12-30,2025-12-30 05:27:00 CET,KNYC,30F to 31F,30F to 31F,NO,67.07,100.0,0.3293,700.0,343.69,Win,109906.4,2025-12-29T15:03:00Z,2025-12-29T12:00:00Z,2025-12-29T15:33:00Z,D:\Ahmed\data\kalshi\kalshi_history\kxhighny_2024_10_01_to_2025_12_31\KNYC_20251230.csv
2025-12-31,2025-12-31,2025-12-30,2025-12-30 17:31:00 CET,KMIA,66F to 67F,66F to 67F,NO,53.55,85.76,0.3221,700.0,607.19,Win,110513.59,2025-12-30T15:01:00Z,2025-12-30T12:00:00Z,2025-12-30T15:31:00Z,D:\Ahmed\data\kalshi\kalshi_history\kxhighmia_2024_10_01_to_2025_12_31\KMIA_20251231.csv
