Target date (Local),Market file day (Local),Entry date (Stockholm),Entry time (Stockholm),Station,Bucket,Bucket raw (market),Side,Market win % (side),Model win %,EV,Amount invested ($),Profit made ($),Result,Balance after trade ($),Market open (UTC),Gate cutoff (UTC),Effective cutoff (UTC),Market file
2024-10-24,2024-10-24,2024-10-24,2024-10-24 14:54:00 CEST,KMDW,63F to 64F,63F to 64F,NO,68.0,93.31,0.2531,202.5,95.29,Win,2795.29,2024-10-24T12:20:00Z,2024-10-23T12:00:00Z,2024-10-24T12:50:00Z,D:\Ahmed\data\kalshi\kalshi_history\kxhighchi_2024_10_01_to_2026_03_03\KMDW_20241024.csv
2024-10-25,2024-10-25,2024-10-24,2024-10-24 22:05:00 CEST,KMDW,66F to 67F,66F to 67F,NO,64.5,90.15,0.2565,209.65,115.39,Win,2910.68,2024-10-24T18:27:00Z,2024-10-24T12:00:00Z,2024-10-24T18:57:00Z,D:\Ahmed\data\kalshi\kalshi_history\kxhighchi_2024_10_01_to_2026_03_03\KMDW_20241025.csv
2024-10-26,2024-10-26,2024-10-26,2024-10-26 06:54:00 CEST,KMDW,62F or above,62F or above,NO,53.5,92.57,0.3907,218.3,189.74,Win,3100.42,2024-10-25T20:08:00Z,2024-10-25T12:00:00Z,2024-10-25T20:38:00Z,D:\Ahmed\data\kalshi\kalshi_history\kxhighchi_2024_10_01_to_2026_03_03\KMDW_20241026.csv
2024-10-27,2024-10-27,2024-10-26,2024-10-26 18:04:00 CEST,KNYC,59F to 60F,59F to 60F,NO,60.0,89.33,0.2933,232.53,155.02,Win,3255.44,2024-10-26T14:48:00Z,2024-10-26T12:00:00Z,2024-10-26T15:18:00Z,D:\Ahmed\data\kalshi\kalshi_history\kxhighny_2024_10_01_to_2025_12_31\KNYC_20241027.csv
2024-10-28,2024-10-28,2024-10-28,2024-10-28 00:24:00 CET,KNYC,61F to 62F,61F to 62F,NO,55.0,91.48,0.3648,244.16,-244.16,Loss,3011.28,2024-10-27T14:17:00Z,2024-10-27T12:00:00Z,2024-10-27T14:47:00Z,D:\Ahmed\data\kalshi\kalshi_history\kxhighny_2024_10_01_to_2025_12_31\KNYC_20241028.csv
2024-10-29,2024-10-29,2024-10-29,2024-10-29 05:56:00 CET,KNYC,66F to 67F,66F to 67F,NO,60.39,86.96,0.2657,225.85,148.13,Win,3159.42,2024-10-28T14:48:00Z,2024-10-28T12:00:00Z,2024-10-28T15:18:00Z,D:\Ahmed\data\kalshi\kalshi_history\kxhighny_2024_10_01_to_2025_12_31\KNYC_20241029.csv
2024-10-30,2024-10-30,2024-10-30,2024-10-30 13:04:00 CET,KMIA,88F or above,88F or above,NO,45.0,100.0,0.55,236.96,289.61,Win,3449.03,2024-10-29T20:54:00Z,2024-10-29T12:00:00Z,2024-10-29T21:24:00Z,D:\Ahmed\data\kalshi\kalshi_history\kxhighmia_2024_10_01_to_2025_12_31\KMIA_20241030.csv
2024-10-31,2024-10-31,2024-10-30,2024-10-30 21:25:00 CET,KMDW,68F to 69F,68F to 69F,NO,41.0,86.11,0.4511,258.68,372.24,Win,3821.27,2024-10-30T17:16:00Z,2024-10-30T12:00:00Z,2024-10-30T17:46:00Z,D:\Ahmed\data\kalshi\kalshi_history\kxhighchi_2024_10_01_to_2026_03_03\KMDW_20241031.csv
2024-11-01,2024-11-01,2024-10-31,2024-10-31 16:57:00 CET,KNYC,78F to 79F,78F to 79F,NO,66.0,92.25,0.2625,286.6,-286.6,Loss,3534.68,2024-10-31T14:21:00Z,2024-10-31T12:00:00Z,2024-10-31T14:51:00Z,D:\Ahmed\data\kalshi\kalshi_history\kxhighny_2024_10_01_to_2025_12_31\KNYC_20241101.csv
2024-11-02,2024-11-02,2024-11-01,2024-11-01 18:34:00 CET,KNYC,63F or above,63F or above,NO,26.07,100.0,0.7393,265.1,751.78,Win,4286.46,2024-11-01T14:10:00Z,2024-11-01T12:00:00Z,2024-11-01T14:40:00Z,D:\Ahmed\data\kalshi\kalshi_history\kxhighny_2024_10_01_to_2025_12_31\KNYC_20241102.csv
2024-11-03,2024-11-03,2024-11-03,2024-11-03 05:18:00 CET,KNYC,60F or above,60F or above,NO,67.0,100.0,0.33,321.48,158.34,Win,4444.8,2024-11-02T14:08:00Z,2024-11-02T12:00:00Z,2024-11-02T14:38:00Z,D:\Ahmed\data\kalshi\kalshi_history\kxhighny_2024_10_01_to_2025_12_31\KNYC_20241103.csv
2024-11-04,2024-11-04,2024-11-04,2024-11-04 18:49:00 CET,KMIA,82F to 83F,82F to 83F,NO,54.17,89.92,0.3575,333.36,282.04,Win,4726.83,2024-11-03T15:31:00Z,2024-11-03T12:00:00Z,2024-11-03T16:01:00Z,D:\Ahmed\data\kalshi\kalshi_history\kxhighmia_2024_10_01_to_2025_12_31\KMIA_20241104.csv
2024-11-05,2024-11-05,2024-11-05,2024-11-05 00:34:00 CET,KNYC,67F to 68F,67F to 68F,NO,67.0,100.0,0.33,354.51,174.61,Win,4901.45,2024-11-04T16:35:00Z,2024-11-04T12:00:00Z,2024-11-04T17:05:00Z,D:\Ahmed\data\kalshi\kalshi_history\kxhighny_2024_10_01_to_2025_12_31\KNYC_20241105.csv
2024-11-06,2024-11-06,2024-11-05,2024-11-05 18:38:00 CET,KMDW,56F to 57F,56F to 57F,NO,70.0,100.0,0.3,367.61,157.55,Win,5058.99,2024-11-05T15:05:00Z,2024-11-05T12:00:00Z,2024-11-05T15:35:00Z,D:\Ahmed\data\kalshi\kalshi_history\kxhighchi_2024_10_01_to_2026_03_03\KMDW_20241106.csv
2024-11-07,2024-11-07,2024-11-07,2024-11-07 01:26:00 CET,KMIA,82F to 83F,82F to 83F,NO,71.0,100.0,0.29,379.42,154.98,Win,5213.97,2024-11-06T18:38:00Z,2024-11-06T12:00:00Z,2024-11-06T19:08:00Z,D:\Ahmed\data\kalshi\kalshi_history\kxhighmia_2024_10_01_to_2025_12_31\KMIA_20241107.csv
2024-11-08,2024-11-08,2024-11-07,2024-11-07 23:42:00 CET,KNYC,69F to 70F,69F to 70F,NO,56.26,88.6,0.3234,391.05,-391.05,Loss,4822.92,2024-11-07T16:23:00Z,2024-11-07T12:00:00Z,2024-11-07T16:53:00Z,D:\Ahmed\data\kalshi\kalshi_history\kxhighny_2024_10_01_to_2025_12_31\KNYC_20241108.csv
2024-11-09,2024-11-09,2024-11-09,2024-11-09 00:04:00 CET,KNYC,56F to 57F,56F to 57F,NO,58.73,86.8,0.2807,361.72,254.18,Win,5077.1,2024-11-08T15:11:00Z,2024-11-08T12:00:00Z,2024-11-08T15:41:00Z,D:\Ahmed\data\kalshi\kalshi_history\kxhighny_2024_10_01_to_2025_12_31\KNYC_20241109.csv
2024-11-10,2024-11-10,2024-11-10,2024-11-10 06:11:00 CET,KMIA,81F to 82F,81F to 82F,NO,56.0,93.08,0.3708,380.78,299.19,Win,5376.29,2024-11-09T15:02:00Z,2024-11-09T12:00:00Z,2024-11-09T15:32:00Z,D:\Ahmed\data\kalshi\kalshi_history\kxhighmia_2024_10_01_to_2025_12_31\KMIA_20241110.csv
2024-11-11,2024-11-11,2024-11-10,2024-11-10 16:46:00 CET,KMIA,85F to 86F,85F to 86F,NO,60.0,91.67,0.3167,403.22,268.81,Win,5645.1,2024-11-10T15:02:00Z,2024-11-10T12:00:00Z,2024-11-10T15:32:00Z,D:\Ahmed\data\kalshi\kalshi_history\kxhighmia_2024_10_01_to_2025_12_31\KMIA_20241111.csv
2024-11-12,2024-11-12,2024-11-12,2024-11-12 00:02:00 CET,KMDW,55F or above,55F or above,NO,49.35,89.33,0.3998,423.38,434.54,Win,6079.64,2024-11-11T15:16:00Z,2024-11-11T12:00:00Z,2024-11-11T15:46:00Z,D:\Ahmed\data\kalshi\kalshi_history\kxhighchi_2024_10_01_to_2026_03_03\KMDW_20241112.csv
2024-11-13,2024-11-13,2024-11-13,2024-11-13 07:18:00 CET,KNYC,52F or above,52F or above,NO,62.0,87.1,0.251,455.97,279.47,Win,6359.11,2024-11-12T15:03:00Z,2024-11-12T12:00:00Z,2024-11-12T15:33:00Z,D:\Ahmed\data\kalshi\kalshi_history\kxhighny_2024_10_01_to_2025_12_31\KNYC_20241113.csv
2024-11-14,2024-11-14,2024-11-13,2024-11-13 16:52:00 CET,KNYC,46F to 47F,46F to 47F,NO,72.15,100.0,0.2785,476.93,-476.93,Loss,5882.17,2024-11-13T15:12:00Z,2024-11-13T12:00:00Z,2024-11-13T15:42:00Z,D:\Ahmed\data\kalshi\kalshi_history\kxhighny_2024_10_01_to_2025_12_31\KNYC_20241114.csv
2024-11-15,2024-11-15,2024-11-15,2024-11-15 15:12:00 CET,KMDW,51F to 52F,51F to 52F,NO,74.64,100.0,0.2536,441.16,149.89,Win,6032.07,2024-11-14T15:05:00Z,2024-11-14T12:00:00Z,2024-11-14T15:35:00Z,D:\Ahmed\data\kalshi\kalshi_history\kxhighchi_2024_10_01_to_2026_03_03\KMDW_20241115.csv
2024-11-16,2024-11-16,2024-11-15,2024-11-15 16:32:00 CET,KMDW,53F to 54F,53F to 54F,NO,54.24,88.43,0.3419,452.4,-452.4,Loss,5579.66,2024-11-15T15:02:00Z,2024-11-15T12:00:00Z,2024-11-15T15:32:00Z,D:\Ahmed\data\kalshi\kalshi_history\kxhighchi_2024_10_01_to_2026_03_03\KMDW_20241116.csv
2024-11-17,2024-11-17,2024-11-16,2024-11-16 16:46:00 CET,KNYC,64F to 65F,64F to 65F,NO,64.0,94.57,0.3057,418.47,235.39,Win,5815.05,2024-11-16T15:03:00Z,2024-11-16T12:00:00Z,2024-11-16T15:33:00Z,D:\Ahmed\data\kalshi\kalshi_history\kxhighny_2024_10_01_to_2025_12_31\KNYC_20241117.csv
2024-11-18,2024-11-18,2024-11-18,2024-11-18 14:24:00 CET,KMIA,79F to 80F,79F to 80F,NO,62.37,90.36,0.2799,436.13,-436.13,Loss,5378.92,2024-11-17T15:01:00Z,2024-11-17T12:00:00Z,2024-11-17T15:31:00Z,D:\Ahmed\data\kalshi\kalshi_history\kxhighmia_2024_10_01_to_2025_12_31\KMIA_20241118.csv
2024-11-19,2024-11-19,2024-11-19,2024-11-19 05:17:00 CET,KMIA,80F to 81F,80F to 81F,NO,60.0,85.94,0.2594,403.42,268.95,Win,5647.87,2024-11-18T15:01:00Z,2024-11-18T12:00:00Z,2024-11-18T15:31:00Z,D:\Ahmed\data\kalshi\kalshi_history\kxhighmia_2024_10_01_to_2025_12_31\KMIA_20241119.csv
2024-11-20,2024-11-20,2024-11-19,2024-11-19 16:32:00 CET,KMDW,48F to 49F,48F to 49F,NO,49.0,87.49,0.3849,423.59,440.88,Win,6088.75,2024-11-19T15:01:00Z,2024-11-19T12:00:00Z,2024-11-19T15:31:00Z,D:\Ahmed\data\kalshi\kalshi_history\kxhighchi_2024_10_01_to_2026_03_03\KMDW_20241120.csv
2024-11-21,2024-11-21,2024-11-21,2024-11-21 14:04:00 CET,KMIA,81F to 82F,81F to 82F,NO,63.0,89.44,0.2644,456.66,268.19,Win,6356.94,2024-11-20T15:04:00Z,2024-11-20T12:00:00Z,2024-11-20T15:34:00Z,D:\Ahmed\data\kalshi\kalshi_history\kxhighmia_2024_10_01_to_2025_12_31\KMIA_20241121.csv
2024-11-22,2024-11-22,2024-11-21,2024-11-21 17:22:00 CET,KNYC,43F to 44F,43F to 44F,NO,61.0,90.57,0.2957,476.77,304.82,Win,6661.76,2024-11-21T15:05:00Z,2024-11-21T12:00:00Z,2024-11-21T15:35:00Z,D:\Ahmed\data\kalshi\kalshi_history\kxhighny_2024_10_01_to_2025_12_31\KNYC_20241122.csv
2024-11-23,2024-11-23,2024-11-22,2024-11-22 18:31:00 CET,KMDW,45F to 46F,45F to 46F,NO,47.0,85.26,0.3826,499.63,-499.63,Loss,6162.13,2024-11-22T15:11:00Z,2024-11-22T12:00:00Z,2024-11-22T15:41:00Z,D:\Ahmed\data\kalshi\kalshi_history\kxhighchi_2024_10_01_to_2026_03_03\KMDW_20241123.csv
2024-11-24,2024-11-24,2024-11-23,2024-11-23 17:40:00 CET,KMIA,79F to 80F,79F to 80F,NO,69.0,100.0,0.31,462.16,207.64,Win,6369.77,2024-11-23T15:11:00Z,2024-11-23T12:00:00Z,2024-11-23T15:41:00Z,D:\Ahmed\data\kalshi\kalshi_history\kxhighmia_2024_10_01_to_2025_12_31\KMIA_20241124.csv
2024-11-25,2024-11-25,2024-11-24,2024-11-24 19:15:00 CET,KMDW,50F to 51F,50F to 51F,NO,57.0,86.27,0.2927,477.73,360.39,Win,6730.16,2024-11-24T15:07:00Z,2024-11-24T12:00:00Z,2024-11-24T15:37:00Z,D:\Ahmed\data\kalshi\kalshi_history\kxhighchi_2024_10_01_to_2026_03_03\KMDW_20241125.csv
2024-11-28,2024-11-28,2024-11-28,2024-11-28 16:17:00 CET,KMIA,80F to 81F,80F to 81F,NO,74.17,100.0,0.2583,504.76,175.79,Win,6905.95,2024-11-27T15:05:00Z,2024-11-27T12:00:00Z,2024-11-27T15:35:00Z,D:\Ahmed\data\kalshi\kalshi_history\kxhighmia_2024_10_01_to_2025_12_31\KMIA_20241128.csv
2024-11-29,2024-11-29,2024-11-28,2024-11-28 17:55:00 CET,KMDW,30F to 31F,30F to 31F,NO,48.0,88.7,0.407,517.95,561.11,Win,7467.06,2024-11-28T15:20:00Z,2024-11-28T12:00:00Z,2024-11-28T15:50:00Z,D:\Ahmed\data\kalshi\kalshi_history\kxhighchi_2024_10_01_to_2026_03_03\KMDW_20241129.csv
2024-12-01,2024-12-01,2024-12-01,2024-12-01 17:47:00 CET,KMIA,75F to 76F,75F to 76F,NO,60.06,85.72,0.2566,560.03,-560.03,Loss,6907.03,2024-11-30T15:13:00Z,2024-11-30T12:00:00Z,2024-11-30T15:43:00Z,D:\Ahmed\data\kalshi\kalshi_history\kxhighmia_2024_10_01_to_2025_12_31\KMIA_20241201.csv
2024-12-02,2024-12-02,2024-12-02,2024-12-02 21:01:00 CET,KMDW,26F to 27F,26F to 27F,NO,60.14,94.72,0.3458,518.03,343.34,Win,7250.37,2024-12-01T15:02:00Z,2024-12-01T12:00:00Z,2024-12-01T15:32:00Z,D:\Ahmed\data\kalshi\kalshi_history\kxhighchi_2024_10_01_to_2026_03_03\KMDW_20241202.csv
2024-12-04,2024-12-04,2024-12-03,2024-12-03 21:00:00 CET,KMDW,39F to 40F,39F to 40F,NO,55.0,87.3,0.323,543.78,-543.78,Loss,6706.59,2024-12-03T15:25:00Z,2024-12-03T12:00:00Z,2024-12-03T15:55:00Z,D:\Ahmed\data\kalshi\kalshi_history\kxhighchi_2024_10_01_to_2026_03_03\KMDW_20241204.csv
2024-12-05,2024-12-05,2024-12-05,2024-12-05 07:53:00 CET,KNYC,36F to 37F,36F to 37F,NO,73.0,100.0,0.27,502.99,186.04,Win,6892.63,2024-12-04T15:07:00Z,2024-12-04T12:00:00Z,2024-12-04T15:37:00Z,D:\Ahmed\data\kalshi\kalshi_history\kxhighny_2024_10_01_to_2025_12_31\KNYC_20241205.csv
2024-12-06,2024-12-06,2024-12-06,2024-12-06 05:11:00 CET,KNYC,31F to 32F,31F to 32F,NO,73.53,100.0,0.2647,516.95,186.1,Win,7078.73,2024-12-05T15:04:00Z,2024-12-05T12:00:00Z,2024-12-05T15:34:00Z,D:\Ahmed\data\kalshi\kalshi_history\kxhighny_2024_10_01_to_2025_12_31\KNYC_20241206.csv
2024-12-07,2024-12-07,2024-12-06,2024-12-06 22:56:00 CET,KMDW,42F to 43F,42F to 43F,NO,55.6,85.13,0.2953,530.9,423.96,Win,7502.69,2024-12-06T15:03:00Z,2024-12-06T12:00:00Z,2024-12-06T15:33:00Z,D:\Ahmed\data\kalshi\kalshi_history\kxhighchi_2024_10_01_to_2026_03_03\KMDW_20241207.csv
2024-12-08,2024-12-08,2024-12-07,2024-12-07 20:27:00 CET,KNYC,52F to 53F,52F to 53F,NO,65.0,90.45,0.2545,562.7,302.99,Win,7805.68,2024-12-07T15:13:00Z,2024-12-07T12:00:00Z,2024-12-07T15:43:00Z,D:\Ahmed\data\kalshi\kalshi_history\kxhighny_2024_10_01_to_2025_12_31\KNYC_20241208.csv
2024-12-09,2024-12-09,2024-12-08,2024-12-08 23:27:00 CET,KNYC,52F or above,52F or above,NO,64.0,90.75,0.2675,585.43,329.3,Win,8134.98,2024-12-08T15:03:00Z,2024-12-08T12:00:00Z,2024-12-08T15:33:00Z,D:\Ahmed\data\kalshi\kalshi_history\kxhighny_2024_10_01_to_2025_12_31\KNYC_20241209.csv
2024-12-10,2024-12-10,2024-12-10,2024-12-10 18:17:00 CET,KMIA,78F to 79F,78F to 79F,NO,75.0,100.0,0.25,610.12,203.37,Win,8338.36,2024-12-09T15:25:00Z,2024-12-09T12:00:00Z,2024-12-09T15:55:00Z,D:\Ahmed\data\kalshi\kalshi_history\kxhighmia_2024_10_01_to_2025_12_31\KMIA_20241210.csv
2024-12-11,2024-12-11,2024-12-10,2024-12-10 22:24:00 CET,KMDW,34F or above,34F or above,NO,55.48,86.58,0.311,625.38,501.83,Win,8840.19,2024-12-10T15:03:00Z,2024-12-10T12:00:00Z,2024-12-10T15:33:00Z,D:\Ahmed\data\kalshi\kalshi_history\kxhighchi_2024_10_01_to_2026_03_03\KMDW_20241211.csv
2024-12-12,2024-12-12,2024-12-11,2024-12-11 16:46:00 CET,KNYC,43F or above,43F or above,YES,73.33,100.0,0.2667,663.01,-663.01,Loss,8177.18,2024-12-11T15:02:00Z,2024-12-11T12:00:00Z,2024-12-11T15:32:00Z,D:\Ahmed\data\kalshi\kalshi_history\kxhighny_2024_10_01_to_2025_12_31\KNYC_20241212.csv
2024-12-13,2024-12-13,2024-12-12,2024-12-12 16:45:00 CET,KNYC,35F to 36F,35F to 36F,NO,52.0,88.89,0.3689,613.29,566.11,Win,8743.29,2024-12-12T15:15:00Z,2024-12-12T12:00:00Z,2024-12-12T15:45:00Z,D:\Ahmed\data\kalshi\kalshi_history\kxhighny_2024_10_01_to_2025_12_31\KNYC_20241213.csv
2024-12-14,2024-12-14,2024-12-13,2024-12-13 20:48:00 CET,KNYC,36F to 37F,36F to 37F,NO,59.19,88.25,0.2906,655.75,452.12,Win,9195.41,2024-12-13T15:09:00Z,2024-12-13T12:00:00Z,2024-12-13T15:39:00Z,D:\Ahmed\data\kalshi\kalshi_history\kxhighny_2024_10_01_to_2025_12_31\KNYC_20241214.csv
2024-12-16,2024-12-16,2024-12-15,2024-12-15 18:29:00 CET,KMIA,78F to 79F,78F to 79F,NO,65.0,92.84,0.2784,689.66,371.35,Win,9566.76,2024-12-15T16:45:00Z,2024-12-15T12:00:00Z,2024-12-15T17:15:00Z,D:\Ahmed\data\kalshi\kalshi_history\kxhighmia_2024_10_01_to_2025_12_31\KMIA_20241216.csv
2024-12-17,2024-12-17,2024-12-17,2024-12-17 21:34:00 CET,KMDW,38F to 39F,38F to 39F,NO,57.35,85.79,0.2844,700.0,-700.0,Loss,8866.76,2024-12-16T15:13:00Z,2024-12-16T12:00:00Z,2024-12-16T15:43:00Z,D:\Ahmed\data\kalshi\kalshi_history\kxhighchi_2024_10_01_to_2026_03_03\KMDW_20241217.csv
2024-12-18,2024-12-18,2024-12-18,2024-12-18 00:43:00 CET,KMDW,34F to 35F,34F to 35F,NO,62.58,89.01,0.2643,665.01,397.64,Win,9264.41,2024-12-17T15:13:00Z,2024-12-17T12:00:00Z,2024-12-17T15:43:00Z,D:\Ahmed\data\kalshi\kalshi_history\kxhighchi_2024_10_01_to_2026_03_03\KMDW_20241218.csv
2024-12-19,2024-12-19,2024-12-19,2024-12-19 06:10:00 CET,KMIA,76F or below,76F or below,NO,58.4,100.0,0.416,694.83,494.95,Win,9759.36,2024-12-18T15:43:00Z,2024-12-18T12:00:00Z,2024-12-18T16:13:00Z,D:\Ahmed\data\kalshi\kalshi_history\kxhighmia_2024_10_01_to_2025_12_31\KMIA_20241219.csv
2024-12-20,2024-12-20,2024-12-20,2024-12-20 14:02:00 CET,KNYC,43F or above,43F or above,NO,59.11,92.4,0.3329,700.0,484.23,Win,10243.59,2024-12-19T15:47:00Z,2024-12-19T12:00:00Z,2024-12-19T16:17:00Z,D:\Ahmed\data\kalshi\kalshi_history\kxhighny_2024_10_01_to_2025_12_31\KNYC_20241220.csv
2024-12-21,2024-12-21,2024-12-20,2024-12-20 16:34:00 CET,KMDW,25F to 26F,25F to 26F,NO,65.0,91.87,0.2687,700.0,376.92,Win,10620.51,2024-12-20T15:02:00Z,2024-12-20T12:00:00Z,2024-12-20T15:32:00Z,D:\Ahmed\data\kalshi\kalshi_history\kxhighchi_2024_10_01_to_2026_03_03\KMDW_20241221.csv
2024-12-22,2024-12-22,2024-12-22,2024-12-22 04:24:00 CET,KNYC,23F to 24F,23F to 24F,NO,57.0,87.25,0.3025,700.0,528.07,Win,11148.58,2024-12-21T15:02:00Z,2024-12-21T12:00:00Z,2024-12-21T15:32:00Z,D:\Ahmed\data\kalshi\kalshi_history\kxhighny_2024_10_01_to_2025_12_31\KNYC_20241222.csv
2024-12-23,2024-12-23,2024-12-22,2024-12-22 23:03:00 CET,KMDW,38F to 39F,38F to 39F,NO,56.91,85.79,0.2888,700.0,530.01,Win,11678.59,2024-12-22T15:13:00Z,2024-12-22T12:00:00Z,2024-12-22T15:43:00Z,D:\Ahmed\data\kalshi\kalshi_history\kxhighchi_2024_10_01_to_2026_03_03\KMDW_20241223.csv
2024-12-24,2024-12-24,2024-12-23,2024-12-23 22:04:00 CET,KMDW,40F to 41F,40F to 41F,NO,52.0,85.38,0.3338,700.0,646.15,Win,12324.75,2024-12-23T15:23:00Z,2024-12-23T12:00:00Z,2024-12-23T15:53:00Z,D:\Ahmed\data\kalshi\kalshi_history\kxhighchi_2024_10_01_to_2026_03_03\KMDW_20241224.csv
2024-12-25,2024-12-25,2024-12-24,2024-12-24 18:31:00 CET,KNYC,33F to 34F,33F to 34F,NO,71.0,100.0,0.29,700.0,285.92,Win,12610.66,2024-12-24T15:12:00Z,2024-12-24T12:00:00Z,2024-12-24T15:42:00Z,D:\Ahmed\data\kalshi\kalshi_history\kxhighny_2024_10_01_to_2025_12_31\KNYC_20241225.csv
2024-12-26,2024-12-26,2024-12-25,2024-12-25 18:31:00 CET,KNYC,34F to 35F,34F to 35F,NO,72.0,100.0,0.28,700.0,272.22,Win,12882.88,2024-12-25T15:05:00Z,2024-12-25T12:00:00Z,2024-12-25T15:35:00Z,D:\Ahmed\data\kalshi\kalshi_history\kxhighny_2024_10_01_to_2025_12_31\KNYC_20241226.csv
2024-12-27,2024-12-27,2024-12-26,2024-12-26 19:46:00 CET,KNYC,37F to 38F,37F to 38F,NO,70.0,100.0,0.3,700.0,300.0,Win,13182.88,2024-12-26T15:35:00Z,2024-12-26T12:00:00Z,2024-12-26T16:05:00Z,D:\Ahmed\data\kalshi\kalshi_history\kxhighny_2024_10_01_to_2025_12_31\KNYC_20241227.csv
2024-12-28,2024-12-28,2024-12-27,2024-12-27 22:53:00 CET,KMDW,51F to 52F,51F to 52F,NO,60.67,87.57,0.269,700.0,453.78,Win,13636.67,2024-12-27T15:16:00Z,2024-12-27T12:00:00Z,2024-12-27T15:46:00Z,D:\Ahmed\data\kalshi\kalshi_history\kxhighchi_2024_10_01_to_2026_03_03\KMDW_20241228.csv
2024-12-29,2024-12-29,2024-12-28,2024-12-28 17:07:00 CET,KMDW,45F to 46F,45F to 46F,NO,60.0,86.9,0.269,700.0,466.67,Win,14103.33,2024-12-28T15:19:00Z,2024-12-28T12:00:00Z,2024-12-28T15:49:00Z,D:\Ahmed\data\kalshi\kalshi_history\kxhighchi_2024_10_01_to_2026_03_03\KMDW_20241229.csv
2024-12-30,2024-12-30,2024-12-29,2024-12-29 19:08:00 CET,KMIA,80F to 81F,80F to 81F,NO,54.0,90.05,0.3605,700.0,-700.0,Loss,13403.33,2024-12-29T15:03:00Z,2024-12-29T12:00:00Z,2024-12-29T15:33:00Z,D:\Ahmed\data\kalshi\kalshi_history\kxhighmia_2024_10_01_to_2025_12_31\KMIA_20241230.csv
2024-12-31,2024-12-31,2024-12-30,2024-12-30 22:54:00 CET,KMDW,39F to 40F,39F to 40F,NO,66.0,92.06,0.2606,700.0,360.61,Win,13763.94,2024-12-30T15:17:00Z,2024-12-30T12:00:00Z,2024-12-30T15:47:00Z,D:\Ahmed\data\kalshi\kalshi_history\kxhighchi_2024_10_01_to_2026_03_03\KMDW_20241231.csv
2025-01-01,2025-01-01,2024-12-31,2024-12-31 16:53:00 CET,KMDW,30F to 31F,30F to 31F,NO,64.8,100.0,0.352,700.0,380.25,Win,14144.19,2024-12-31T15:10:00Z,2024-12-31T12:00:00Z,2024-12-31T15:40:00Z,D:\Ahmed\data\kalshi\kalshi_history\kxhighchi_2024_10_01_to_2026_03_03\KMDW_20250101.csv
2025-01-02,2025-01-02,2025-01-01,2025-01-01 22:28:00 CET,KMIA,80F or above,80F or above,NO,67.08,100.0,0.3292,700.0,343.53,Win,14487.72,2025-01-01T16:43:00Z,2025-01-01T12:00:00Z,2025-01-01T17:13:00Z,D:\Ahmed\data\kalshi\kalshi_history\kxhighmia_2024_10_01_to_2025_12_31\KMIA_20250102.csv
2025-01-03,2025-01-03,2025-01-02,2025-01-02 18:31:00 CET,KMDW,29F or above,29F or above,NO,60.0,86.86,0.2686,700.0,466.67,Win,14954.38,2025-01-02T15:23:00Z,2025-01-02T12:00:00Z,2025-01-02T15:53:00Z,D:\Ahmed\data\kalshi\kalshi_history\kxhighchi_2024_10_01_to_2026_03_03\KMDW_20250103.csv
2025-01-04,2025-01-04,2025-01-03,2025-01-03 16:56:00 CET,KMIA,74F to 75F,74F to 75F,NO,64.0,91.55,0.2755,700.0,393.75,Win,15348.13,2025-01-03T15:19:00Z,2025-01-03T12:00:00Z,2025-01-03T15:49:00Z,D:\Ahmed\data\kalshi\kalshi_history\kxhighmia_2024_10_01_to_2025_12_31\KMIA_20250104.csv
2025-01-05,2025-01-05,2025-01-04,2025-01-04 21:51:00 CET,KMIA,77F or above,77F or above,NO,61.0,100.0,0.39,700.0,447.54,Win,15795.68,2025-01-04T20:02:00Z,2025-01-04T12:00:00Z,2025-01-04T20:32:00Z,D:\Ahmed\data\kalshi\kalshi_history\kxhighmia_2024_10_01_to_2025_12_31\KMIA_20250105.csv
2025-01-06,2025-01-06,2025-01-06,2025-01-06 03:33:00 CET,KMDW,33F or above,33F or above,NO,65.0,90.47,0.2547,700.0,376.92,Win,16172.6,2025-01-05T20:03:00Z,2025-01-05T12:00:00Z,2025-01-05T20:33:00Z,D:\Ahmed\data\kalshi\kalshi_history\kxhighchi_2024_10_01_to_2026_03_03\KMDW_20250106.csv
2025-01-07,2025-01-07,2025-01-06,2025-01-06 22:00:00 CET,KMDW,25F to 26F,25F to 26F,NO,58.0,93.56,0.3556,700.0,506.9,Win,16679.49,2025-01-06T20:26:00Z,2025-01-06T12:00:00Z,2025-01-06T20:56:00Z,D:\Ahmed\data\kalshi\kalshi_history\kxhighchi_2024_10_01_to_2026_03_03\KMDW_20250107.csv
2025-01-08,2025-01-08,2025-01-08,2025-01-08 17:33:00 CET,KNYC,31F or above,31F or above,NO,51.24,85.45,0.3421,700.0,666.12,Win,17345.61,2025-01-07T15:19:00Z,2025-01-07T12:00:00Z,2025-01-07T15:49:00Z,D:\Ahmed\data\kalshi\kalshi_history\kxhighny_2024_10_01_to_2025_12_31\KNYC_20250108.csv
2025-01-09,2025-01-09,2025-01-08,2025-01-08 18:12:00 CET,KMDW,26F to 27F,26F to 27F,NO,59.42,85.05,0.2563,700.0,478.05,Win,17823.67,2025-01-08T15:23:00Z,2025-01-08T12:00:00Z,2025-01-08T15:53:00Z,D:\Ahmed\data\kalshi\kalshi_history\kxhighchi_2024_10_01_to_2026_03_03\KMDW_20250109.csv
2025-01-11,2025-01-11,2025-01-10,2025-01-10 18:29:00 CET,KMDW,29F to 30F,29F to 30F,NO,62.0,91.42,0.2942,700.0,429.03,Win,18252.7,2025-01-10T15:23:00Z,2025-01-10T12:00:00Z,2025-01-10T15:53:00Z,D:\Ahmed\data\kalshi\kalshi_history\kxhighchi_2024_10_01_to_2026_03_03\KMDW_20250111.csv
2025-01-12,2025-01-12,2025-01-12,2025-01-12 08:58:00 CET,KMIA,77F or above,77F or above,NO,75.0,100.0,0.25,700.0,233.33,Win,18486.04,2025-01-11T15:26:00Z,2025-01-11T12:00:00Z,2025-01-11T15:56:00Z,D:\Ahmed\data\kalshi\kalshi_history\kxhighmia_2024_10_01_to_2025_12_31\KMIA_20250112.csv
2025-01-13,2025-01-13,2025-01-12,2025-01-12 18:07:00 CET,KMIA,77F to 78F,77F to 78F,NO,72.0,100.0,0.28,700.0,272.22,Win,18758.26,2025-01-12T15:17:00Z,2025-01-12T12:00:00Z,2025-01-12T15:47:00Z,D:\Ahmed\data\kalshi\kalshi_history\kxhighmia_2024_10_01_to_2025_12_31\KMIA_20250113.csv
2025-01-14,2025-01-14,2025-01-14,2025-01-14 06:31:00 CET,KMDW,16F to 17F,16F to 17F,NO,64.0,89.5,0.255,700.0,393.75,Win,19152.01,2025-01-13T15:02:00Z,2025-01-13T12:00:00Z,2025-01-13T15:32:00Z,D:\Ahmed\data\kalshi\kalshi_history\kxhighchi_2024_10_01_to_2026_03_03\KMDW_20250114.csv
2025-01-15,2025-01-15,2025-01-14,2025-01-14 17:06:00 CET,KNYC,35F to 36F,35F to 36F,NO,55.58,85.55,0.2997,700.0,559.45,Win,19711.45,2025-01-14T15:02:00Z,2025-01-14T12:00:00Z,2025-01-14T15:32:00Z,D:\Ahmed\data\kalshi\kalshi_history\kxhighny_2024_10_01_to_2025_12_31\KNYC_20250115.csv
2025-01-16,2025-01-16,2025-01-16,2025-01-16 18:23:00 CET,KMDW,40F or above,40F or above,NO,51.63,85.39,0.3376,700.0,655.8,Win,20367.25,2025-01-15T15:25:00Z,2025-01-15T12:00:00Z,2025-01-15T15:55:00Z,D:\Ahmed\data\kalshi\kalshi_history\kxhighchi_2024_10_01_to_2026_03_03\KMDW_20250116.csv
2025-01-17,2025-01-17,2025-01-16,2025-01-16 18:23:00 CET,KMDW,41F to 42F,41F to 42F,NO,63.0,90.21,0.2721,700.0,411.11,Win,20778.37,2025-01-16T15:11:00Z,2025-01-16T12:00:00Z,2025-01-16T15:41:00Z,D:\Ahmed\data\kalshi\kalshi_history\kxhighchi_2024_10_01_to_2026_03_03\KMDW_20250117.csv
2025-01-18,2025-01-18,2025-01-17,2025-01-17 17:54:00 CET,KMDW,35F to 36F,35F to 36F,NO,58.0,87.39,0.2939,700.0,506.9,Win,21285.26,2025-01-17T15:13:00Z,2025-01-17T12:00:00Z,2025-01-17T15:43:00Z,D:\Ahmed\data\kalshi\kalshi_history\kxhighchi_2024_10_01_to_2026_03_03\KMDW_20250118.csv
2025-01-19,2025-01-19,2025-01-18,2025-01-18 23:16:00 CET,KLAX,57F to 58F,57F to 58F,NO,75.0,100.0,0.25,700.0,233.33,Win,21518.6,2025-01-18T15:14:00Z,2025-01-18T12:00:00Z,2025-01-18T15:44:00Z,D:\Ahmed\data\kalshi\kalshi_history\kxhighlax_2025_01_01_to_2026_03_05\KLAX_20250119.csv
2025-01-20,2025-01-20,2025-01-19,2025-01-19 17:51:00 CET,KMDW,12F to 13F,12F to 13F,NO,61.0,88.15,0.2715,700.0,-700.0,Loss,20818.6,2025-01-19T15:03:00Z,2025-01-19T12:00:00Z,2025-01-19T15:33:00Z,D:\Ahmed\data\kalshi\kalshi_history\kxhighchi_2024_10_01_to_2026_03_03\KMDW_20250120.csv
2025-01-21,2025-01-21,2025-01-21,2025-01-21 18:02:00 CET,KMIA,79F or above,79F or above,NO,35.29,91.04,0.5575,700.0,-700.0,Loss,20118.6,2025-01-20T15:12:00Z,2025-01-20T12:00:00Z,2025-01-20T15:42:00Z,D:\Ahmed\data\kalshi\kalshi_history\kxhighmia_2024_10_01_to_2025_12_31\KMIA_20250121.csv
2025-01-22,2025-01-22,2025-01-21,2025-01-21 19:26:00 CET,KMDW,25F to 26F,25F to 26F,NO,54.0,85.75,0.3175,700.0,-700.0,Loss,19418.6,2025-01-21T15:25:00Z,2025-01-21T12:00:00Z,2025-01-21T15:55:00Z,D:\Ahmed\data\kalshi\kalshi_history\kxhighchi_2024_10_01_to_2026_03_03\KMDW_20250122.csv
2025-01-23,2025-01-23,2025-01-22,2025-01-22 17:44:00 CET,KMIA,69F to 70F,69F to 70F,NO,54.0,87.23,0.3323,700.0,596.3,Win,20014.89,2025-01-22T16:10:00Z,2025-01-22T12:00:00Z,2025-01-22T16:40:00Z,D:\Ahmed\data\kalshi\kalshi_history\kxhighmia_2024_10_01_to_2025_12_31\KMIA_20250123.csv
2025-01-24,2025-01-24,2025-01-23,2025-01-23 23:53:00 CET,KMIA,58F to 59F,58F to 59F,NO,64.65,91.33,0.2668,700.0,-700.0,Loss,19314.89,2025-01-23T15:25:00Z,2025-01-23T12:00:00Z,2025-01-23T15:55:00Z,D:\Ahmed\data\kalshi\kalshi_history\kxhighmia_2024_10_01_to_2025_12_31\KMIA_20250124.csv
2025-01-25,2025-01-25,2025-01-24,2025-01-24 18:03:00 CET,KMDW,37F to 38F,37F to 38F,NO,57.0,87.49,0.3049,700.0,528.07,Win,19842.96,2025-01-24T15:18:00Z,2025-01-24T12:00:00Z,2025-01-24T15:48:00Z,D:\Ahmed\data\kalshi\kalshi_history\kxhighchi_2024_10_01_to_2026_03_03\KMDW_20250125.csv
2025-01-26,2025-01-26,2025-01-25,2025-01-25 17:11:00 CET,KMDW,27F to 28F,27F to 28F,NO,60.0,85.0,0.25,700.0,466.67,Win,20309.63,2025-01-25T15:07:00Z,2025-01-25T12:00:00Z,2025-01-25T15:37:00Z,D:\Ahmed\data\kalshi\kalshi_history\kxhighchi_2024_10_01_to_2026_03_03\KMDW_20250126.csv
2025-01-27,2025-01-27,2025-01-26,2025-01-26 19:40:00 CET,KNYC,38F to 39F,38F to 39F,NO,68.0,94.98,0.2698,700.0,329.41,Win,20639.04,2025-01-26T15:13:00Z,2025-01-26T12:00:00Z,2025-01-26T15:43:00Z,D:\Ahmed\data\kalshi\kalshi_history\kxhighny_2024_10_01_to_2025_12_31\KNYC_20250127.csv
2025-01-28,2025-01-28,2025-01-28,2025-01-28 00:40:00 CET,KMDW,47F to 48F,47F to 48F,NO,60.0,85.76,0.2576,700.0,466.67,Win,21105.71,2025-01-27T15:13:00Z,2025-01-27T12:00:00Z,2025-01-27T15:43:00Z,D:\Ahmed\data\kalshi\kalshi_history\kxhighchi_2024_10_01_to_2026_03_03\KMDW_20250128.csv
2025-01-30,2025-01-30,2025-01-29,2025-01-29 16:35:00 CET,KMDW,55F to 56F,55F to 56F,NO,64.29,100.0,0.3571,700.0,388.82,Win,21494.52,2025-01-29T15:04:00Z,2025-01-29T12:00:00Z,2025-01-29T15:34:00Z,D:\Ahmed\data\kalshi\kalshi_history\kxhighchi_2024_10_01_to_2026_03_03\KMDW_20250130.csv
2025-02-01,2025-02-01,2025-01-31,2025-01-31 21:14:00 CET,KNYC,40F or below,40F or below,NO,59.54,100.0,0.4046,700.0,475.68,Win,21970.2,2025-01-31T15:14:00Z,2025-01-31T12:00:00Z,2025-01-31T15:44:00Z,D:\Ahmed\data\kalshi\kalshi_history\kxhighny_2024_10_01_to_2025_12_31\KNYC_20250201.csv
2025-02-02,2025-02-02,2025-02-01,2025-02-01 17:01:00 CET,KMDW,51F to 52F,51F to 52F,NO,56.0,90.06,0.3406,700.0,550.0,Win,22520.2,2025-02-01T15:26:00Z,2025-02-01T12:00:00Z,2025-02-01T15:56:00Z,D:\Ahmed\data\kalshi\kalshi_history\kxhighchi_2024_10_01_to_2026_03_03\KMDW_20250202.csv
2025-02-03,2025-02-03,2025-02-02,2025-02-02 18:09:00 CET,KMDW,52F to 53F,52F to 53F,NO,64.0,100.0,0.36,700.0,393.75,Win,22913.95,2025-02-02T15:26:00Z,2025-02-02T12:00:00Z,2025-02-02T15:56:00Z,D:\Ahmed\data\kalshi\kalshi_history\kxhighchi_2024_10_01_to_2026_03_03\KMDW_20250203.csv
2025-02-04,2025-02-04,2025-02-03,2025-02-03 16:43:00 CET,KMDW,37F or above,37F or above,NO,75.0,100.0,0.25,700.0,233.33,Win,23147.29,2025-02-03T15:07:00Z,2025-02-03T12:00:00Z,2025-02-03T15:37:00Z,D:\Ahmed\data\kalshi\kalshi_history\kxhighchi_2024_10_01_to_2026_03_03\KMDW_20250204.csv
2025-02-05,2025-02-05,2025-02-05,2025-02-05 16:26:00 CET,KNYC,37F or above,37F or above,NO,41.99,85.17,0.4318,700.0,967.06,Win,24114.35,2025-02-04T15:13:00Z,2025-02-04T12:00:00Z,2025-02-04T15:43:00Z,D:\Ahmed\data\kalshi\kalshi_history\kxhighny_2024_10_01_to_2025_12_31\KNYC_20250205.csv
2025-02-06,2025-02-06,2025-02-06,2025-02-06 18:14:00 CET,KMDW,38F or below,38F or below,NO,38.62,87.02,0.484,700.0,1112.53,Win,25226.88,2025-02-05T15:13:00Z,2025-02-05T12:00:00Z,2025-02-05T15:43:00Z,D:\Ahmed\data\kalshi\kalshi_history\kxhighchi_2024_10_01_to_2026_03_03\KMDW_20250206.csv
2025-02-07,2025-02-07,2025-02-07,2025-02-07 03:45:00 CET,KNYC,38F to 39F,38F to 39F,NO,66.62,92.02,0.254,700.0,350.74,Win,25577.62,2025-02-06T15:13:00Z,2025-02-06T12:00:00Z,2025-02-06T15:43:00Z,D:\Ahmed\data\kalshi\kalshi_history\kxhighny_2024_10_01_to_2025_12_31\KNYC_20250207.csv
2025-02-08,2025-02-08,2025-02-07,2025-02-07 22:45:00 CET,KLAX,61F to 62F,61F to 62F,NO,69.0,100.0,0.31,700.0,-700.0,Loss,24877.62,2025-02-07T15:28:00Z,2025-02-07T12:00:00Z,2025-02-07T15:58:00Z,D:\Ahmed\data\kalshi\kalshi_history\kxhighlax_2025_01_01_to_2026_03_05\KLAX_20250208.csv
2025-02-09,2025-02-09,2025-02-09,2025-02-09 18:32:00 CET,KNYC,35F to 36F,35F to 36F,NO,41.43,100.0,0.5857,700.0,-700.0,Loss,24177.62,2025-02-08T15:14:00Z,2025-02-08T12:00:00Z,2025-02-08T15:44:00Z,D:\Ahmed\data\kalshi\kalshi_history\kxhighny_2024_10_01_to_2025_12_31\KNYC_20250209.csv
2025-02-10,2025-02-10,2025-02-10,2025-02-10 04:41:00 CET,KNYC,33F to 34F,33F to 34F,NO,45.88,90.65,0.4477,700.0,825.72,Win,25003.34,2025-02-09T15:13:00Z,2025-02-09T12:00:00Z,2025-02-09T15:43:00Z,D:\Ahmed\data\kalshi\kalshi_history\kxhighny_2024_10_01_to_2025_12_31\KNYC_20250210.csv
2025-02-11,2025-02-11,2025-02-11,2025-02-11 16:48:00 CET,KLAX,62F or above,62F or above,NO,58.66,87.65,0.2899,700.0,493.32,Win,25496.65,2025-02-10T15:28:00Z,2025-02-10T12:00:00Z,2025-02-10T15:58:00Z,D:\Ahmed\data\kalshi\kalshi_history\kxhighlax_2025_01_01_to_2026_03_05\KLAX_20250211.csv
2025-02-12,2025-02-12,2025-02-12,2025-02-12 00:43:00 CET,KMIA,80F to 81F,80F to 81F,NO,75.0,100.0,0.25,700.0,233.33,Win,25729.99,2025-02-11T15:05:00Z,2025-02-11T12:00:00Z,2025-02-11T15:35:00Z,D:\Ahmed\data\kalshi\kalshi_history\kxhighmia_2024_10_01_to_2025_12_31\KMIA_20250212.csv
2025-02-13,2025-02-13,2025-02-13,2025-02-13 03:32:00 CET,KMIA,82F to 83F,82F to 83F,NO,74.0,100.0,0.26,700.0,245.95,Win,25975.93,2025-02-12T15:13:00Z,2025-02-12T12:00:00Z,2025-02-12T15:43:00Z,D:\Ahmed\data\kalshi\kalshi_history\kxhighmia_2024_10_01_to_2025_12_31\KMIA_20250213.csv
2025-02-14,2025-02-14,2025-02-14,2025-02-14 01:31:00 CET,KLAX,64F or above,64F or above,NO,72.0,100.0,0.28,700.0,272.22,Win,26248.16,2025-02-13T15:32:00Z,2025-02-13T12:00:00Z,2025-02-13T16:02:00Z,D:\Ahmed\data\kalshi\kalshi_history\kxhighlax_2025_01_01_to_2026_03_05\KLAX_20250214.csv
2025-02-15,2025-02-15,2025-02-14,2025-02-14 17:13:00 CET,KMIA,84F or above,84F or above,NO,65.0,92.75,0.2775,700.0,376.92,Win,26625.08,2025-02-14T15:32:00Z,2025-02-14T12:00:00Z,2025-02-14T16:02:00Z,D:\Ahmed\data\kalshi\kalshi_history\kxhighmia_2024_10_01_to_2025_12_31\KMIA_20250215.csv
2025-02-16,2025-02-16,2025-02-16,2025-02-16 16:34:00 CET,KLAX,66F to 67F,66F to 67F,NO,62.0,87.58,0.2558,700.0,429.03,Win,27054.11,2025-02-15T15:34:00Z,2025-02-15T12:00:00Z,2025-02-15T16:04:00Z,D:\Ahmed\data\kalshi\kalshi_history\kxhighlax_2025_01_01_to_2026_03_05\KLAX_20250216.csv
2025-02-17,2025-02-17,2025-02-16,2025-02-16 17:07:00 CET,KMDW,11F to 12F,11F to 12F,NO,68.05,93.12,0.2507,700.0,-700.0,Loss,26354.11,2025-02-16T15:20:00Z,2025-02-16T12:00:00Z,2025-02-16T15:50:00Z,D:\Ahmed\data\kalshi\kalshi_history\kxhighchi_2024_10_01_to_2026_03_03\KMDW_20250217.csv
2025-02-18,2025-02-18,2025-02-17,2025-02-17 16:52:00 CET,KMDW,13F to 14F,13F to 14F,NO,57.0,85.19,0.2819,700.0,528.07,Win,26882.18,2025-02-17T15:02:00Z,2025-02-17T12:00:00Z,2025-02-17T15:32:00Z,D:\Ahmed\data\kalshi\kalshi_history\kxhighchi_2024_10_01_to_2026_03_03\KMDW_20250218.csv
2025-02-19,2025-02-19,2025-02-19,2025-02-19 00:47:00 CET,KMDW,15F to 16F,15F to 16F,NO,60.0,86.15,0.2615,700.0,466.67,Win,27348.85,2025-02-18T15:15:00Z,2025-02-18T12:00:00Z,2025-02-18T15:45:00Z,D:\Ahmed\data\kalshi\kalshi_history\kxhighchi_2024_10_01_to_2026_03_03\KMDW_20250219.csv
2025-02-20,2025-02-20,2025-02-19,2025-02-19 22:43:00 CET,KNYC,28F to 29F,28F to 29F,NO,52.44,85.63,0.3319,700.0,-700.0,Loss,26648.85,2025-02-19T15:15:00Z,2025-02-19T12:00:00Z,2025-02-19T15:45:00Z,D:\Ahmed\data\kalshi\kalshi_history\kxhighny_2024_10_01_to_2025_12_31\KNYC_20250220.csv
2025-02-21,2025-02-21,2025-02-21,2025-02-21 04:51:00 CET,KLAX,70F or below,70F or below,NO,64.0,91.67,0.2767,700.0,393.75,Win,27042.6,2025-02-20T15:13:00Z,2025-02-20T12:00:00Z,2025-02-20T15:43:00Z,D:\Ahmed\data\kalshi\kalshi_history\kxhighlax_2025_01_01_to_2026_03_05\KLAX_20250221.csv
2025-02-22,2025-02-22,2025-02-21,2025-02-21 20:42:00 CET,KNYC,36F to 37F,36F to 37F,NO,60.0,100.0,0.4,700.0,466.67,Win,27509.26,2025-02-21T15:17:00Z,2025-02-21T12:00:00Z,2025-02-21T15:47:00Z,D:\Ahmed\data\kalshi\kalshi_history\kxhighny_2024_10_01_to_2025_12_31\KNYC_20250222.csv
2025-02-23,2025-02-23,2025-02-23,2025-02-23 17:50:00 CET,KMIA,74F to 75F,74F to 75F,NO,68.22,94.71,0.2649,700.0,326.09,Win,27835.36,2025-02-22T15:35:00Z,2025-02-22T12:00:00Z,2025-02-22T16:05:00Z,D:\Ahmed\data\kalshi\kalshi_history\kxhighmia_2024_10_01_to_2025_12_31\KMIA_20250223.csv
2025-02-24,2025-02-24,2025-02-23,2025-02-23 17:50:00 CET,KNYC,48F to 49F,48F to 49F,NO,54.5,88.35,0.3385,700.0,-700.0,Loss,27135.36,2025-02-23T15:54:00Z,2025-02-23T12:00:00Z,2025-02-23T16:24:00Z,D:\Ahmed\data\kalshi\kalshi_history\kxhighny_2024_10_01_to_2025_12_31\KNYC_20250224.csv
2025-02-25,2025-02-25,2025-02-24,2025-02-24 16:46:00 CET,KLAX,67F or below,67F or below,NO,69.0,100.0,0.31,700.0,314.49,Win,27449.85,2025-02-24T15:13:00Z,2025-02-24T12:00:00Z,2025-02-24T15:43:00Z,D:\Ahmed\data\kalshi\kalshi_history\kxhighlax_2025_01_01_to_2026_03_05\KLAX_20250225.csv
2025-02-26,2025-02-26,2025-02-25,2025-02-25 21:20:00 CET,KNYC,51F to 52F,51F to 52F,NO,51.0,89.49,0.3849,700.0,672.55,Win,28122.4,2025-02-25T17:14:00Z,2025-02-25T12:00:00Z,2025-02-25T17:44:00Z,D:\Ahmed\data\kalshi\kalshi_history\kxhighny_2024_10_01_to_2025_12_31\KNYC_20250226.csv
2025-02-28,2025-02-28,2025-02-27,2025-02-27 17:36:00 CET,KMDW,58F to 59F,58F to 59F,NO,61.0,89.04,0.2804,700.0,447.54,Win,28569.94,2025-02-27T15:58:00Z,2025-02-27T12:00:00Z,2025-02-27T16:28:00Z,D:\Ahmed\data\kalshi\kalshi_history\kxhighchi_2024_10_01_to_2026_03_03\KMDW_20250228.csv
2025-03-01,2025-03-01,2025-02-28,2025-02-28 18:28:00 CET,KNYC,59F or above,59F or above,NO,65.26,91.99,0.2673,700.0,-700.0,Loss,27869.94,2025-02-28T15:13:00Z,2025-02-28T12:00:00Z,2025-02-28T15:43:00Z,D:\Ahmed\data\kalshi\kalshi_history\kxhighny_2024_10_01_to_2025_12_31\KNYC_20250301.csv
2025-03-02,2025-03-02,2025-03-01,2025-03-01 19:17:00 CET,KMDW,40F to 41F,40F to 41F,NO,62.17,89.08,0.2691,700.0,425.94,Win,28295.88,2025-03-01T15:36:00Z,2025-03-01T12:00:00Z,2025-03-01T16:06:00Z,D:\Ahmed\data\kalshi\kalshi_history\kxhighchi_2024_10_01_to_2026_03_03\KMDW_20250302.csv
2025-03-03,2025-03-03,2025-03-02,2025-03-02 18:22:00 CET,KLAX,65F or above,65F or above,NO,70.65,100.0,0.2935,700.0,290.8,Win,28586.68,2025-03-02T15:13:00Z,2025-03-02T12:00:00Z,2025-03-02T15:43:00Z,D:\Ahmed\data\kalshi\kalshi_history\kxhighlax_2025_01_01_to_2026_03_05\KLAX_20250303.csv
2025-03-04,2025-03-04,2025-03-04,2025-03-04 17:47:00 CET,KMDW,49F to 50F,49F to 50F,NO,59.42,87.13,0.2771,700.0,-700.0,Loss,27886.68,2025-03-03T15:16:00Z,2025-03-03T12:00:00Z,2025-03-03T15:46:00Z,D:\Ahmed\data\kalshi\kalshi_history\kxhighchi_2024_10_01_to_2026_03_03\KMDW_20250304.csv
2025-03-05,2025-03-05,2025-03-05,2025-03-05 01:47:00 CET,KMDW,51F to 52F,51F to 52F,NO,58.57,85.51,0.2694,700.0,495.15,Win,28381.84,2025-03-04T15:38:00Z,2025-03-04T12:00:00Z,2025-03-04T16:08:00Z,D:\Ahmed\data\kalshi\kalshi_history\kxhighchi_2024_10_01_to_2026_03_03\KMDW_20250305.csv
2025-03-06,2025-03-06,2025-03-05,2025-03-05 16:51:00 CET,KMIA,78F to 79F,78F to 79F,NO,59.0,86.51,0.2751,700.0,486.44,Win,28868.28,2025-03-05T15:01:00Z,2025-03-05T12:00:00Z,2025-03-05T15:31:00Z,D:\Ahmed\data\kalshi\kalshi_history\kxhighmia_2024_10_01_to_2025_12_31\KMIA_20250306.csv
2025-03-07,2025-03-07,2025-03-07,2025-03-07 20:33:00 CET,KMIA,75F to 76F,75F to 76F,NO,68.96,100.0,0.3104,700.0,315.08,Win,29183.36,2025-03-06T15:19:00Z,2025-03-06T12:00:00Z,2025-03-06T15:49:00Z,D:\Ahmed\data\kalshi\kalshi_history\kxhighmia_2024_10_01_to_2025_12_31\KMIA_20250307.csv
2025-03-08,2025-03-08,2025-03-08,2025-03-08 02:07:00 CET,KLAX,62F to 63F,62F to 63F,NO,65.4,91.9,0.265,700.0,-700.0,Loss,28483.36,2025-03-07T15:40:00Z,2025-03-07T12:00:00Z,2025-03-07T16:10:00Z,D:\Ahmed\data\kalshi\kalshi_history\kxhighlax_2025_01_01_to_2026_03_05\KLAX_20250308.csv
2025-03-09,2025-03-09,2025-03-08,2025-03-08 17:16:00 CET,KLAX,63F or below,63F or below,NO,68.34,100.0,0.3166,700.0,324.29,Win,28807.65,2025-03-08T15:13:00Z,2025-03-08T12:00:00Z,2025-03-08T15:43:00Z,D:\Ahmed\data\kalshi\kalshi_history\kxhighlax_2025_01_01_to_2026_03_05\KLAX_20250309.csv
2025-03-10,2025-03-10,2025-03-10,2025-03-10 16:58:00 CET,KNYC,67F or above,67F or above,NO,75.0,100.0,0.25,700.0,233.33,Win,29040.98,2025-03-09T14:10:00Z,2025-03-09T12:00:00Z,2025-03-09T14:40:00Z,D:\Ahmed\data\kalshi\kalshi_history\kxhighny_2024_10_01_to_2025_12_31\KNYC_20250310.csv
2025-03-11,2025-03-11,2025-03-10,2025-03-10 15:32:00 CET,KMIA,79F or above,79F or above,NO,64.0,91.41,0.2741,700.0,-700.0,Loss,28340.98,2025-03-10T14:02:00Z,2025-03-10T12:00:00Z,2025-03-10T14:32:00Z,D:\Ahmed\data\kalshi\kalshi_history\kxhighmia_2024_10_01_to_2025_12_31\KMIA_20250311.csv
2025-03-12,2025-03-12,2025-03-11,2025-03-11 16:58:00 CET,KMIA,82F or above,82F or above,NO,59.0,92.94,0.3394,700.0,486.44,Win,28827.42,2025-03-11T14:01:00Z,2025-03-11T12:00:00Z,2025-03-11T14:31:00Z,D:\Ahmed\data\kalshi\kalshi_history\kxhighmia_2024_10_01_to_2025_12_31\KMIA_20250312.csv
2025-03-14,2025-03-14,2025-03-13,2025-03-13 17:05:00 CET,KNYC,54F to 55F,54F to 55F,NO,60.0,88.7,0.287,700.0,466.67,Win,29294.09,2025-03-13T14:09:00Z,2025-03-13T12:00:00Z,2025-03-13T14:39:00Z,D:\Ahmed\data\kalshi\kalshi_history\kxhighny_2024_10_01_to_2025_12_31\KNYC_20250314.csv
2025-03-15,2025-03-15,2025-03-14,2025-03-14 15:43:00 CET,KMDW,65F to 66F,65F to 66F,NO,54.0,85.5,0.315,700.0,596.3,Win,29890.38,2025-03-14T14:08:00Z,2025-03-14T12:00:00Z,2025-03-14T14:38:00Z,D:\Ahmed\data\kalshi\kalshi_history\kxhighchi_2024_10_01_to_2026_03_03\KMDW_20250315.csv
2025-03-16,2025-03-16,2025-03-15,2025-03-15 15:56:00 CET,KMDW,48F to 49F,48F to 49F,NO,61.0,91.55,0.3055,700.0,447.54,Win,30337.93,2025-03-15T14:04:00Z,2025-03-15T12:00:00Z,2025-03-15T14:34:00Z,D:\Ahmed\data\kalshi\kalshi_history\kxhighchi_2024_10_01_to_2026_03_03\KMDW_20250316.csv
2025-03-17,2025-03-17,2025-03-17,2025-03-17 07:03:00 CET,KMDW,53F to 54F,53F to 54F,NO,61.93,89.83,0.279,700.0,-700.0,Loss,29637.93,2025-03-16T14:13:00Z,2025-03-16T12:00:00Z,2025-03-16T14:43:00Z,D:\Ahmed\data\kalshi\kalshi_history\kxhighchi_2024_10_01_to_2026_03_03\KMDW_20250317.csv
2025-03-18,2025-03-18,2025-03-17,2025-03-17 15:57:00 CET,KNYC,60F to 61F,60F to 61F,NO,60.0,87.04,0.2704,700.0,-700.0,Loss,28937.93,2025-03-17T14:05:00Z,2025-03-17T12:00:00Z,2025-03-17T14:35:00Z,D:\Ahmed\data\kalshi\kalshi_history\kxhighny_2024_10_01_to_2025_12_31\KNYC_20250318.csv
2025-03-19,2025-03-19,2025-03-18,2025-03-18 15:43:00 CET,KMDW,65F to 66F,65F to 66F,NO,60.0,86.22,0.2622,700.0,466.67,Win,29404.59,2025-03-18T14:13:00Z,2025-03-18T12:00:00Z,2025-03-18T14:43:00Z,D:\Ahmed\data\kalshi\kalshi_history\kxhighchi_2024_10_01_to_2026_03_03\KMDW_20250319.csv
2025-03-20,2025-03-20,2025-03-19,2025-03-19 17:10:00 CET,KNYC,54F to 55F,54F to 55F,NO,55.0,94.49,0.3949,700.0,572.73,Win,29977.32,2025-03-19T14:02:00Z,2025-03-19T12:00:00Z,2025-03-19T14:32:00Z,D:\Ahmed\data\kalshi\kalshi_history\kxhighny_2024_10_01_to_2025_12_31\KNYC_20250320.csv
2025-03-21,2025-03-21,2025-03-20,2025-03-20 19:51:00 CET,KNYC,51F to 52F,51F to 52F,NO,71.0,100.0,0.29,700.0,-700.0,Loss,29277.32,2025-03-20T14:13:00Z,2025-03-20T12:00:00Z,2025-03-20T14:43:00Z,D:\Ahmed\data\kalshi\kalshi_history\kxhighny_2024_10_01_to_2025_12_31\KNYC_20250321.csv
2025-03-22,2025-03-22,2025-03-21,2025-03-21 16:37:00 CET,KMIA,79F to 80F,79F to 80F,NO,60.26,92.17,0.3191,700.0,461.63,Win,29738.95,2025-03-21T14:22:00Z,2025-03-21T12:00:00Z,2025-03-21T14:52:00Z,D:\Ahmed\data\kalshi\kalshi_history\kxhighmia_2024_10_01_to_2025_12_31\KMIA_20250322.csv
2025-03-23,2025-03-23,2025-03-23,2025-03-23 04:51:00 CET,KLAX,64F or below,64F or below,NO,74.0,100.0,0.26,700.0,245.95,Win,29984.9,2025-03-22T14:24:00Z,2025-03-22T12:00:00Z,2025-03-22T14:54:00Z,D:\Ahmed\data\kalshi\kalshi_history\kxhighlax_2025_01_01_to_2026_03_05\KLAX_20250323.csv
2025-03-24,2025-03-24,2025-03-23,2025-03-23 15:37:00 CET,KMIA,82F to 83F,82F to 83F,NO,62.99,94.84,0.3185,700.0,-700.0,Loss,29284.9,2025-03-23T14:01:00Z,2025-03-23T12:00:00Z,2025-03-23T14:31:00Z,D:\Ahmed\data\kalshi\kalshi_history\kxhighmia_2024_10_01_to_2025_12_31\KMIA_20250324.csv
2025-03-25,2025-03-25,2025-03-24,2025-03-24 15:36:00 CET,KMIA,82F to 83F,82F to 83F,NO,56.0,92.04,0.3604,700.0,550.0,Win,29834.9,2025-03-24T14:03:00Z,2025-03-24T12:00:00Z,2025-03-24T14:33:00Z,D:\Ahmed\data\kalshi\kalshi_history\kxhighmia_2024_10_01_to_2025_12_31\KMIA_20250325.csv
2025-03-26,2025-03-26,2025-03-26,2025-03-26 02:10:00 CET,KLAX,61F or below,61F or below,NO,73.0,100.0,0.27,700.0,-700.0,Loss,29134.9,2025-03-25T14:13:00Z,2025-03-25T12:00:00Z,2025-03-25T14:43:00Z,D:\Ahmed\data\kalshi\kalshi_history\kxhighlax_2025_01_01_to_2026_03_05\KLAX_20250326.csv
2025-03-27,2025-03-27,2025-03-26,2025-03-26 23:01:00 CET,KMDW,54F to 55F,54F to 55F,NO,63.0,89.46,0.2646,700.0,-700.0,Loss,28434.9,2025-03-26T14:04:00Z,2025-03-26T12:00:00Z,2025-03-26T14:34:00Z,D:\Ahmed\data\kalshi\kalshi_history\kxhighchi_2024_10_01_to_2026_03_03\KMDW_20250327.csv
2025-03-28,2025-03-28,2025-03-27,2025-03-27 22:31:00 CET,KMIA,83F or above,83F or above,NO,70.34,100.0,0.2966,700.0,295.17,Win,28730.06,2025-03-27T14:10:00Z,2025-03-27T12:00:00Z,2025-03-27T14:40:00Z,D:\Ahmed\data\kalshi\kalshi_history\kxhighmia_2024_10_01_to_2025_12_31\KMIA_20250328.csv
2025-03-29,2025-03-29,2025-03-28,2025-03-28 17:25:00 CET,KMDW,67F to 68F,67F to 68F,NO,56.0,85.98,0.2998,700.0,-700.0,Loss,28030.06,2025-03-28T14:24:00Z,2025-03-28T12:00:00Z,2025-03-28T14:54:00Z,D:\Ahmed\data\kalshi\kalshi_history\kxhighchi_2024_10_01_to_2026_03_03\KMDW_20250329.csv
2025-03-30,2025-03-30,2025-03-29,2025-03-29 22:42:00 CET,KLAX,59F to 60F,59F to 60F,NO,54.52,88.25,0.3373,700.0,583.93,Win,28614.0,2025-03-29T17:43:00Z,2025-03-29T12:00:00Z,2025-03-29T18:13:00Z,D:\Ahmed\data\kalshi\kalshi_history\kxhighlax_2025_01_01_to_2026_03_05\KLAX_20250330.csv
2025-03-31,2025-03-31,2025-03-30,2025-03-30 17:01:00 CEST,KMIA,82F to 83F,82F to 83F,NO,74.0,100.0,0.26,700.0,245.95,Win,28859.94,2025-03-30T14:02:00Z,2025-03-30T12:00:00Z,2025-03-30T14:32:00Z,D:\Ahmed\data\kalshi\kalshi_history\kxhighmia_2024_10_01_to_2025_12_31\KMIA_20250331.csv
2025-04-01,2025-04-01,2025-04-01,2025-04-01 04:14:00 CEST,KMDW,48F to 49F,48F to 49F,NO,59.14,85.3,0.2616,700.0,483.63,Win,29343.58,2025-03-31T14:16:00Z,2025-03-31T12:00:00Z,2025-03-31T14:46:00Z,D:\Ahmed\data\kalshi\kalshi_history\kxhighchi_2024_10_01_to_2026_03_03\KMDW_20250401.csv
2025-04-02,2025-04-02,2025-04-01,2025-04-01 17:01:00 CEST,KMDW,70F to 71F,70F to 71F,NO,63.0,90.99,0.2799,700.0,411.11,Win,29754.69,2025-04-01T14:16:00Z,2025-04-01T12:00:00Z,2025-04-01T14:46:00Z,D:\Ahmed\data\kalshi\kalshi_history\kxhighchi_2024_10_01_to_2026_03_03\KMDW_20250402.csv
2025-04-03,2025-04-03,2025-04-03,2025-04-03 00:54:00 CEST,KMDW,62F to 63F,62F to 63F,NO,60.0,85.45,0.2545,700.0,466.67,Win,30221.35,2025-04-02T14:16:00Z,2025-04-02T12:00:00Z,2025-04-02T14:46:00Z,D:\Ahmed\data\kalshi\kalshi_history\kxhighchi_2024_10_01_to_2026_03_03\KMDW_20250403.csv
2025-04-04,2025-04-04,2025-04-04,2025-04-04 03:26:00 CEST,KNYC,71F or above,71F or above,NO,61.82,90.54,0.2872,700.0,-700.0,Loss,29521.35,2025-04-03T14:13:00Z,2025-04-03T12:00:00Z,2025-04-03T14:43:00Z,D:\Ahmed\data\kalshi\kalshi_history\kxhighny_2024_10_01_to_2025_12_31\KNYC_20250404.csv
2025-04-05,2025-04-05,2025-04-04,2025-04-04 17:40:00 CEST,KLAX,68F to 69F,68F to 69F,NO,66.0,94.98,0.2898,700.0,360.61,Win,29881.96,2025-04-04T14:37:00Z,2025-04-04T12:00:00Z,2025-04-04T15:07:00Z,D:\Ahmed\data\kalshi\kalshi_history\kxhighlax_2025_01_01_to_2026_03_05\KLAX_20250405.csv
2025-04-06,2025-04-06,2025-04-06,2025-04-06 07:27:00 CEST,KNYC,53F to 54F,53F to 54F,NO,65.0,91.26,0.2626,700.0,376.92,Win,30258.88,2025-04-05T14:02:00Z,2025-04-05T12:00:00Z,2025-04-05T14:32:00Z,D:\Ahmed\data\kalshi\kalshi_history\kxhighny_2024_10_01_to_2025_12_31\KNYC_20250406.csv
2025-04-07,2025-04-07,2025-04-06,2025-04-06 21:40:00 CEST,KMIA,85F to 86F,85F to 86F,NO,60.0,90.88,0.3088,700.0,-700.0,Loss,29558.88,2025-04-06T14:14:00Z,2025-04-06T12:00:00Z,2025-04-06T14:44:00Z,D:\Ahmed\data\kalshi\kalshi_history\kxhighmia_2024_10_01_to_2025_12_31\KMIA_20250407.csv
2025-04-08,2025-04-08,2025-04-07,2025-04-07 16:35:00 CEST,KNYC,48F to 49F,48F to 49F,NO,55.58,90.6,0.3502,700.0,559.45,Win,30118.33,2025-04-07T14:02:00Z,2025-04-07T12:00:00Z,2025-04-07T14:32:00Z,D:\Ahmed\data\kalshi\kalshi_history\kxhighny_2024_10_01_to_2025_12_31\KNYC_20250408.csv
2025-04-09,2025-04-09,2025-04-08,2025-04-08 19:17:00 CEST,KLAX,74F or above,74F or above,NO,57.66,89.67,0.3201,700.0,514.01,Win,30632.34,2025-04-08T15:06:00Z,2025-04-08T12:00:00Z,2025-04-08T15:36:00Z,D:\Ahmed\data\kalshi\kalshi_history\kxhighlax_2025_01_01_to_2026_03_05\KLAX_20250409.csv
2025-04-10,2025-04-10,2025-04-09,2025-04-09 17:28:00 CEST,KLAX,73F to 74F,73F to 74F,NO,54.1,88.53,0.3443,700.0,593.9,Win,31226.24,2025-04-09T14:04:00Z,2025-04-09T12:00:00Z,2025-04-09T14:34:00Z,D:\Ahmed\data\kalshi\kalshi_history\kxhighlax_2025_01_01_to_2026_03_05\KLAX_20250410.csv
2025-04-11,2025-04-11,2025-04-10,2025-04-10 16:53:00 CEST,KNYC,48F to 49F,48F to 49F,NO,62.0,87.29,0.2529,700.0,429.03,Win,31655.27,2025-04-10T14:04:00Z,2025-04-10T12:00:00Z,2025-04-10T14:34:00Z,D:\Ahmed\data\kalshi\kalshi_history\kxhighny_2024_10_01_to_2025_12_31\KNYC_20250411.csv
2025-04-13,2025-04-13,2025-04-13,2025-04-13 00:19:00 CEST,KMDW,64F to 65F,64F to 65F,NO,63.17,92.13,0.2896,700.0,408.12,Win,32063.39,2025-04-12T14:04:00Z,2025-04-12T12:00:00Z,2025-04-12T14:34:00Z,D:\Ahmed\data\kalshi\kalshi_history\kxhighchi_2024_10_01_to_2026_03_03\KMDW_20250413.csv
2025-04-14,2025-04-14,2025-04-13,2025-04-13 19:57:00 CEST,KNYC,63F to 64F,63F to 64F,NO,65.0,91.22,0.2622,700.0,376.92,Win,32440.32,2025-04-13T14:05:00Z,2025-04-13T12:00:00Z,2025-04-13T14:35:00Z,D:\Ahmed\data\kalshi\kalshi_history\kxhighny_2024_10_01_to_2025_12_31\KNYC_20250414.csv
2025-04-15,2025-04-15,2025-04-14,2025-04-14 23:04:00 CEST,KMDW,50F to 51F,50F to 51F,NO,59.0,91.98,0.3298,700.0,486.44,Win,32926.76,2025-04-14T15:07:00Z,2025-04-14T12:00:00Z,2025-04-14T15:37:00Z,D:\Ahmed\data\kalshi\kalshi_history\kxhighchi_2024_10_01_to_2026_03_03\KMDW_20250415.csv
2025-04-16,2025-04-16,2025-04-16,2025-04-16 20:46:00 CEST,KNYC,49F to 50F,49F to 50F,NO,61.95,90.86,0.2891,700.0,-700.0,Loss,32226.76,2025-04-15T15:11:00Z,2025-04-15T12:00:00Z,2025-04-15T15:41:00Z,D:\Ahmed\data\kalshi\kalshi_history\kxhighny_2024_10_01_to_2025_12_31\KNYC_20250416.csv
2025-04-17,2025-04-17,2025-04-16,2025-04-16 18:50:00 CEST,KLAX,61F to 62F,61F to 62F,NO,71.0,100.0,0.29,700.0,-700.0,Loss,31526.76,2025-04-16T14:03:00Z,2025-04-16T12:00:00Z,2025-04-16T14:33:00Z,D:\Ahmed\data\kalshi\kalshi_history\kxhighlax_2025_01_01_to_2026_03_05\KLAX_20250417.csv
2025-04-18,2025-04-18,2025-04-17,2025-04-17 23:49:00 CEST,KNYC,66F to 67F,66F to 67F,NO,58.0,87.57,0.2957,700.0,506.9,Win,32033.65,2025-04-17T14:16:00Z,2025-04-17T12:00:00Z,2025-04-17T14:46:00Z,D:\Ahmed\data\kalshi\kalshi_history\kxhighny_2024_10_01_to_2025_12_31\KNYC_20250418.csv
2025-04-19,2025-04-19,2025-04-19,2025-04-19 01:22:00 CEST,KMIA,80F to 81F,80F to 81F,NO,66.0,91.39,0.2539,700.0,360.61,Win,32394.26,2025-04-18T14:16:00Z,2025-04-18T12:00:00Z,2025-04-18T14:46:00Z,D:\Ahmed\data\kalshi\kalshi_history\kxhighmia_2024_10_01_to_2025_12_31\KMIA_20250419.csv
2025-04-20,2025-04-20,2025-04-19,2025-04-19 16:41:00 CEST,KMDW,61F or above,61F or above,NO,52.0,100.0,0.48,700.0,-700.0,Loss,31694.26,2025-04-19T14:11:00Z,2025-04-19T12:00:00Z,2025-04-19T14:41:00Z,D:\Ahmed\data\kalshi\kalshi_history\kxhighchi_2024_10_01_to_2026_03_03\KMDW_20250420.csv
2025-04-21,2025-04-21,2025-04-20,2025-04-20 16:46:00 CEST,KMDW,65F or above,65F or above,NO,52.0,87.32,0.3532,700.0,646.15,Win,32340.41,2025-04-20T14:16:00Z,2025-04-20T12:00:00Z,2025-04-20T14:46:00Z,D:\Ahmed\data\kalshi\kalshi_history\kxhighchi_2024_10_01_to_2026_03_03\KMDW_20250421.csv
2025-04-22,2025-04-22,2025-04-22,2025-04-22 14:01:00 CEST,KLAX,62F to 63F,62F to 63F,NO,58.0,85.39,0.2739,700.0,506.9,Win,32847.31,2025-04-21T14:55:00Z,2025-04-21T12:00:00Z,2025-04-21T15:25:00Z,D:\Ahmed\data\kalshi\kalshi_history\kxhighlax_2025_01_01_to_2026_03_05\KLAX_20250422.csv
2025-04-23,2025-04-23,2025-04-22,2025-04-22 18:18:00 CEST,KNYC,72F to 73F,72F to 73F,NO,60.0,89.22,0.2922,700.0,466.67,Win,33313.98,2025-04-22T15:17:00Z,2025-04-22T12:00:00Z,2025-04-22T15:47:00Z,D:\Ahmed\data\kalshi\kalshi_history\kxhighny_2024_10_01_to_2025_12_31\KNYC_20250423.csv
2025-04-24,2025-04-24,2025-04-23,2025-04-23 20:57:00 CEST,KNYC,72F to 73F,72F to 73F,NO,61.78,89.7,0.2792,700.0,433.05,Win,33747.03,2025-04-23T14:05:00Z,2025-04-23T12:00:00Z,2025-04-23T14:35:00Z,D:\Ahmed\data\kalshi\kalshi_history\kxhighny_2024_10_01_to_2025_12_31\KNYC_20250424.csv
2025-04-26,2025-04-26,2025-04-26,2025-04-26 02:20:00 CEST,KNYC,71F to 72F,71F to 72F,NO,59.85,85.91,0.2606,700.0,469.59,Win,34216.62,2025-04-25T14:01:00Z,2025-04-25T12:00:00Z,2025-04-25T14:31:00Z,D:\Ahmed\data\kalshi\kalshi_history\kxhighny_2024_10_01_to_2025_12_31\KNYC_20250426.csv
2025-04-27,2025-04-27,2025-04-27,2025-04-27 19:59:00 CEST,KMDW,71F to 72F,71F to 72F,NO,61.18,87.08,0.259,700.0,444.16,Win,34660.79,2025-04-26T14:27:00Z,2025-04-26T12:00:00Z,2025-04-26T14:57:00Z,D:\Ahmed\data\kalshi\kalshi_history\kxhighchi_2024_10_01_to_2026_03_03\KMDW_20250427.csv
2025-04-28,2025-04-28,2025-04-27,2025-04-27 20:40:00 CEST,KMDW,82F to 83F,82F to 83F,NO,57.33,88.51,0.3118,700.0,521.0,Win,35181.79,2025-04-27T16:04:00Z,2025-04-27T12:00:00Z,2025-04-27T16:34:00Z,D:\Ahmed\data\kalshi\kalshi_history\kxhighchi_2024_10_01_to_2026_03_03\KMDW_20250428.csv
2025-04-30,2025-04-30,2025-04-30,2025-04-30 14:03:00 CEST,KLAX,62F or below,62F or below,NO,68.24,100.0,0.3176,700.0,325.79,Win,35507.58,2025-04-29T14:05:00Z,2025-04-29T12:00:00Z,2025-04-29T14:35:00Z,D:\Ahmed\data\kalshi\kalshi_history\kxhighlax_2025_01_01_to_2026_03_05\KLAX_20250430.csv
2025-05-01,2025-05-01,2025-04-30,2025-04-30 17:37:00 CEST,KMDW,67F to 68F,67F to 68F,NO,73.0,100.0,0.27,700.0,258.9,Win,35766.48,2025-04-30T14:16:00Z,2025-04-30T12:00:00Z,2025-04-30T14:46:00Z,D:\Ahmed\data\kalshi\kalshi_history\kxhighchi_2024_10_01_to_2026_03_03\KMDW_20250501.csv
2025-05-02,2025-05-02,2025-05-02,2025-05-02 07:55:00 CEST,KNYC,85F or above,85F or above,NO,74.67,100.0,0.2533,700.0,237.46,Win,36003.94,2025-05-01T14:01:00Z,2025-05-01T12:00:00Z,2025-05-01T14:31:00Z,D:\Ahmed\data\kalshi\kalshi_history\kxhighny_2024_10_01_to_2025_12_31\KNYC_20250502.csv
2025-05-03,2025-05-03,2025-05-02,2025-05-02 21:54:00 CEST,KMIA,82F to 83F,82F to 83F,NO,67.43,93.26,0.2583,700.0,-700.0,Loss,35303.94,2025-05-02T14:16:00Z,2025-05-02T12:00:00Z,2025-05-02T14:46:00Z,D:\Ahmed\data\kalshi\kalshi_history\kxhighmia_2024_10_01_to_2025_12_31\KMIA_20250503.csv
2025-05-04,2025-05-04,2025-05-03,2025-05-03 23:26:00 CEST,KMIA,83F to 84F,83F to 84F,NO,69.0,94.23,0.2523,700.0,-700.0,Loss,34603.94,2025-05-03T14:03:00Z,2025-05-03T12:00:00Z,2025-05-03T14:33:00Z,D:\Ahmed\data\kalshi\kalshi_history\kxhighmia_2024_10_01_to_2025_12_31\KMIA_20250504.csv
2025-05-06,2025-05-06,2025-05-05,2025-05-05 16:52:00 CEST,KMIA,84F to 85F,84F to 85F,NO,75.0,100.0,0.25,700.0,233.33,Win,34837.27,2025-05-05T14:16:00Z,2025-05-05T12:00:00Z,2025-05-05T14:46:00Z,D:\Ahmed\data\kalshi\kalshi_history\kxhighmia_2024_10_01_to_2025_12_31\KMIA_20250506.csv
2025-05-07,2025-05-07,2025-05-06,2025-05-06 20:25:00 CEST,KMIA,84F to 85F,84F to 85F,NO,60.0,100.0,0.4,700.0,466.67,Win,35303.94,2025-05-06T14:16:00Z,2025-05-06T12:00:00Z,2025-05-06T14:46:00Z,D:\Ahmed\data\kalshi\kalshi_history\kxhighmia_2024_10_01_to_2025_12_31\KMIA_20250507.csv
2025-05-08,2025-05-08,2025-05-07,2025-05-07 18:53:00 CEST,KMIA,85F to 86F,85F to 86F,NO,53.0,90.63,0.3763,700.0,-700.0,Loss,34603.94,2025-05-07T14:09:00Z,2025-05-07T12:00:00Z,2025-05-07T14:39:00Z,D:\Ahmed\data\kalshi\kalshi_history\kxhighmia_2024_10_01_to_2025_12_31\KMIA_20250508.csv
2025-05-09,2025-05-09,2025-05-09,2025-05-09 08:52:00 CEST,KLAX,79F or above,79F or above,NO,73.45,100.0,0.2655,700.0,253.03,Win,34856.97,2025-05-08T14:46:00Z,2025-05-08T12:00:00Z,2025-05-08T15:16:00Z,D:\Ahmed\data\kalshi\kalshi_history\kxhighlax_2025_01_01_to_2026_03_05\KLAX_20250509.csv
2025-05-10,2025-05-10,2025-05-09,2025-05-09 17:22:00 CEST,KMDW,73F to 74F,73F to 74F,NO,68.0,100.0,0.32,700.0,329.41,Win,35186.38,2025-05-09T14:03:00Z,2025-05-09T12:00:00Z,2025-05-09T14:33:00Z,D:\Ahmed\data\kalshi\kalshi_history\kxhighchi_2024_10_01_to_2026_03_03\KMDW_20250510.csv
2025-05-11,2025-05-11,2025-05-11,2025-05-11 17:57:00 CEST,KLAX,79F or above,79F or above,NO,71.37,100.0,0.2863,700.0,280.8,Win,35467.19,2025-05-10T15:09:00Z,2025-05-10T12:00:00Z,2025-05-10T15:39:00Z,D:\Ahmed\data\kalshi\kalshi_history\kxhighlax_2025_01_01_to_2026_03_05\KLAX_20250511.csv
2025-05-12,2025-05-12,2025-05-11,2025-05-11 18:31:00 CEST,KMDW,80F or above,80F or above,NO,61.0,86.67,0.2567,700.0,-700.0,Loss,34767.19,2025-05-11T14:19:00Z,2025-05-11T12:00:00Z,2025-05-11T14:49:00Z,D:\Ahmed\data\kalshi\kalshi_history\kxhighchi_2024_10_01_to_2026_03_03\KMDW_20250512.csv
2025-05-13,2025-05-13,2025-05-12,2025-05-12 17:38:00 CEST,KLAX,65F to 66F,65F to 66F,NO,70.0,100.0,0.3,700.0,300.0,Win,35067.19,2025-05-12T15:08:00Z,2025-05-12T12:00:00Z,2025-05-12T15:38:00Z,D:\Ahmed\data\kalshi\kalshi_history\kxhighlax_2025_01_01_to_2026_03_05\KLAX_20250513.csv
2025-05-14,2025-05-14,2025-05-14,2025-05-14 07:29:00 CEST,KMDW,77F to 78F,77F to 78F,NO,59.74,85.39,0.2565,700.0,471.74,Win,35538.93,2025-05-13T14:02:00Z,2025-05-13T12:00:00Z,2025-05-13T14:32:00Z,D:\Ahmed\data\kalshi\kalshi_history\kxhighchi_2024_10_01_to_2026_03_03\KMDW_20250514.csv
2025-05-15,2025-05-15,2025-05-14,2025-05-14 17:17:00 CEST,KMDW,92F to 93F,92F to 93F,NO,64.0,92.06,0.2806,700.0,393.75,Win,35932.68,2025-05-14T14:16:00Z,2025-05-14T12:00:00Z,2025-05-14T14:46:00Z,D:\Ahmed\data\kalshi\kalshi_history\kxhighchi_2024_10_01_to_2026_03_03\KMDW_20250515.csv
2025-05-16,2025-05-16,2025-05-15,2025-05-15 17:41:00 CEST,KNYC,71F to 72F,71F to 72F,NO,65.0,90.28,0.2528,700.0,-700.0,Loss,35232.68,2025-05-15T14:27:00Z,2025-05-15T12:00:00Z,2025-05-15T14:57:00Z,D:\Ahmed\data\kalshi\kalshi_history\kxhighny_2024_10_01_to_2025_12_31\KNYC_20250516.csv
2025-05-17,2025-05-17,2025-05-17,2025-05-17 00:45:00 CEST,KLAX,63F to 64F,63F to 64F,NO,66.0,91.67,0.2567,700.0,-700.0,Loss,34532.68,2025-05-16T14:26:00Z,2025-05-16T12:00:00Z,2025-05-16T14:56:00Z,D:\Ahmed\data\kalshi\kalshi_history\kxhighlax_2025_01_01_to_2026_03_05\KLAX_20250517.csv
2025-05-18,2025-05-18,2025-05-17,2025-05-17 19:36:00 CEST,KMIA,88F to 89F,88F to 89F,NO,67.0,93.37,0.2637,700.0,-700.0,Loss,33832.68,2025-05-17T14:10:00Z,2025-05-17T12:00:00Z,2025-05-17T14:40:00Z,D:\Ahmed\data\kalshi\kalshi_history\kxhighmia_2024_10_01_to_2025_12_31\KMIA_20250518.csv
2025-05-19,2025-05-19,2025-05-18,2025-05-18 22:26:00 CEST,KNYC,73F to 74F,73F to 74F,NO,68.0,93.88,0.2588,700.0,329.41,Win,34162.09,2025-05-18T14:01:00Z,2025-05-18T12:00:00Z,2025-05-18T14:31:00Z,D:\Ahmed\data\kalshi\kalshi_history\kxhighny_2024_10_01_to_2025_12_31\KNYC_20250519.csv
2025-05-20,2025-05-20,2025-05-19,2025-05-19 21:28:00 CEST,KMIA,89F to 90F,89F to 90F,NO,60.0,86.73,0.2673,700.0,-700.0,Loss,33462.09,2025-05-19T14:10:00Z,2025-05-19T12:00:00Z,2025-05-19T14:40:00Z,D:\Ahmed\data\kalshi\kalshi_history\kxhighmia_2024_10_01_to_2025_12_31\KMIA_20250520.csv
2025-05-21,2025-05-21,2025-05-21,2025-05-21 07:59:00 CEST,KNYC,62F to 63F,62F to 63F,NO,72.22,100.0,0.2778,700.0,269.26,Win,33731.35,2025-05-20T14:03:00Z,2025-05-20T12:00:00Z,2025-05-20T14:33:00Z,D:\Ahmed\data\kalshi\kalshi_history\kxhighny_2024_10_01_to_2025_12_31\KNYC_20250521.csv
2025-05-23,2025-05-23,2025-05-23,2025-05-23 02:57:00 CEST,KNYC,62F to 63F,62F to 63F,NO,59.18,87.44,0.2826,700.0,-700.0,Loss,33031.35,2025-05-22T14:14:00Z,2025-05-22T12:00:00Z,2025-05-22T14:44:00Z,D:\Ahmed\data\kalshi\kalshi_history\kxhighny_2024_10_01_to_2025_12_31\KNYC_20250523.csv
2025-05-24,2025-05-24,2025-05-24,2025-05-24 14:58:00 CEST,KMDW,66F to 67F,66F to 67F,NO,63.07,90.73,0.2766,700.0,409.88,Win,33441.23,2025-05-23T14:59:00Z,2025-05-23T12:00:00Z,2025-05-23T15:29:00Z,D:\Ahmed\data\kalshi\kalshi_history\kxhighchi_2024_10_01_to_2026_03_03\KMDW_20250524.csv
2025-05-25,2025-05-25,2025-05-24,2025-05-24 22:51:00 CEST,KMDW,65F to 66F,65F to 66F,NO,66.0,91.06,0.2506,700.0,-700.0,Loss,32741.23,2025-05-24T16:42:00Z,2025-05-24T12:00:00Z,2025-05-24T17:12:00Z,D:\Ahmed\data\kalshi\kalshi_history\kxhighchi_2024_10_01_to_2026_03_03\KMDW_20250525.csv
2025-05-26,2025-05-26,2025-05-26,2025-05-26 01:45:00 CEST,KMIA,88F to 89F,88F to 89F,NO,58.37,91.2,0.3283,700.0,499.25,Win,33240.48,2025-05-25T14:46:00Z,2025-05-25T12:00:00Z,2025-05-25T15:16:00Z,D:\Ahmed\data\kalshi\kalshi_history\kxhighmia_2024_10_01_to_2025_12_31\KMIA_20250526.csv
2025-05-27,2025-05-27,2025-05-27,2025-05-27 20:28:00 CEST,KLAX,73F to 74F,73F to 74F,NO,59.0,85.5,0.265,700.0,486.44,Win,33726.92,2025-05-26T14:08:00Z,2025-05-26T12:00:00Z,2025-05-26T14:38:00Z,D:\Ahmed\data\kalshi\kalshi_history\kxhighlax_2025_01_01_to_2026_03_05\KLAX_20250527.csv
2025-05-29,2025-05-29,2025-05-29,2025-05-29 17:03:00 CEST,KNYC,68F to 69F,68F to 69F,NO,61.21,86.88,0.2567,700.0,443.6,Win,34170.52,2025-05-28T14:02:00Z,2025-05-28T12:00:00Z,2025-05-28T14:32:00Z,D:\Ahmed\data\kalshi\kalshi_history\kxhighny_2024_10_01_to_2025_12_31\KNYC_20250529.csv
2025-05-31,2025-05-31,2025-05-30,2025-05-30 17:06:00 CEST,KMDW,65F to 66F,65F to 66F,NO,53.0,87.56,0.3456,700.0,620.75,Win,34791.28,2025-05-30T14:03:00Z,2025-05-30T12:00:00Z,2025-05-30T14:33:00Z,D:\Ahmed\data\kalshi\kalshi_history\kxhighchi_2024_10_01_to_2026_03_03\KMDW_20250531.csv
2025-06-01,2025-06-01,2025-06-01,2025-06-01 01:46:00 CEST,KMIA,85F to 86F,85F to 86F,NO,73.0,100.0,0.27,700.0,-700.0,Loss,34091.28,2025-05-31T15:03:00Z,2025-05-31T12:00:00Z,2025-05-31T15:33:00Z,D:\Ahmed\data\kalshi\kalshi_history\kxhighmia_2024_10_01_to_2025_12_31\KMIA_20250601.csv
2025-06-02,2025-06-02,2025-06-01,2025-06-01 22:56:00 CEST,KMDW,82F to 83F,82F to 83F,NO,63.26,91.42,0.2816,700.0,406.54,Win,34497.82,2025-06-01T14:01:00Z,2025-06-01T12:00:00Z,2025-06-01T14:31:00Z,D:\Ahmed\data\kalshi\kalshi_history\kxhighchi_2024_10_01_to_2026_03_03\KMDW_20250602.csv
2025-06-03,2025-06-03,2025-06-02,2025-06-02 17:49:00 CEST,KMIA,80F to 81F,80F to 81F,NO,49.0,93.39,0.4439,700.0,728.57,Win,35226.39,2025-06-02T14:16:00Z,2025-06-02T12:00:00Z,2025-06-02T14:46:00Z,D:\Ahmed\data\kalshi\kalshi_history\kxhighmia_2024_10_01_to_2025_12_31\KMIA_20250603.csv
2025-06-04,2025-06-04,2025-06-04,2025-06-04 14:43:00 CEST,KMIA,81F to 82F,81F to 82F,NO,74.0,100.0,0.26,700.0,245.95,Win,35472.34,2025-06-03T14:34:00Z,2025-06-03T12:00:00Z,2025-06-03T15:04:00Z,D:\Ahmed\data\kalshi\kalshi_history\kxhighmia_2024_10_01_to_2025_12_31\KMIA_20250604.csv
2025-06-05,2025-06-05,2025-06-04,2025-06-04 20:07:00 CEST,KMIA,85F to 86F,85F to 86F,NO,69.0,100.0,0.31,700.0,-700.0,Loss,34772.34,2025-06-04T14:19:00Z,2025-06-04T12:00:00Z,2025-06-04T14:49:00Z,D:\Ahmed\data\kalshi\kalshi_history\kxhighmia_2024_10_01_to_2025_12_31\KMIA_20250605.csv
2025-06-06,2025-06-06,2025-06-05,2025-06-05 17:03:00 CEST,KMIA,84F to 85F,84F to 85F,NO,59.0,100.0,0.41,700.0,486.44,Win,35258.78,2025-06-05T14:02:00Z,2025-06-05T12:00:00Z,2025-06-05T14:32:00Z,D:\Ahmed\data\kalshi\kalshi_history\kxhighmia_2024_10_01_to_2025_12_31\KMIA_20250606.csv
2025-06-07,2025-06-07,2025-06-06,2025-06-06 16:42:00 CEST,KMIA,87F to 88F,87F to 88F,NO,65.0,100.0,0.35,700.0,376.92,Win,35635.7,2025-06-06T14:01:00Z,2025-06-06T12:00:00Z,2025-06-06T14:31:00Z,D:\Ahmed\data\kalshi\kalshi_history\kxhighmia_2024_10_01_to_2025_12_31\KMIA_20250607.csv
2025-06-08,2025-06-08,2025-06-07,2025-06-07 17:04:00 CEST,KMIA,89F to 90F,89F to 90F,NO,54.0,92.43,0.3843,700.0,596.3,Win,36232.0,2025-06-07T14:01:00Z,2025-06-07T12:00:00Z,2025-06-07T14:31:00Z,D:\Ahmed\data\kalshi\kalshi_history\kxhighmia_2024_10_01_to_2025_12_31\KMIA_20250608.csv
2025-06-10,2025-06-10,2025-06-10,2025-06-10 03:32:00 CEST,KMIA,86F to 87F,86F to 87F,NO,74.44,100.0,0.2556,700.0,240.35,Win,36472.35,2025-06-09T16:48:00Z,2025-06-09T12:00:00Z,2025-06-09T17:18:00Z,D:\Ahmed\data\kalshi\kalshi_history\kxhighmia_2024_10_01_to_2025_12_31\KMIA_20250610.csv
2025-06-11,2025-06-11,2025-06-10,2025-06-10 20:06:00 CEST,KMDW,94F or above,94F or above,NO,72.0,100.0,0.28,700.0,272.22,Win,36744.58,2025-06-10T14:16:00Z,2025-06-10T12:00:00Z,2025-06-10T14:46:00Z,D:\Ahmed\data\kalshi\kalshi_history\kxhighchi_2024_10_01_to_2026_03_03\KMDW_20250611.csv
2025-06-12,2025-06-12,2025-06-12,2025-06-12 06:51:00 CEST,KMDW,79F to 80F,79F to 80F,NO,60.87,86.89,0.2602,700.0,449.99,Win,37194.57,2025-06-11T14:10:00Z,2025-06-11T12:00:00Z,2025-06-11T14:40:00Z,D:\Ahmed\data\kalshi\kalshi_history\kxhighchi_2024_10_01_to_2026_03_03\KMDW_20250612.csv
2025-06-16,2025-06-16,2025-06-16,2025-06-16 14:04:00 CEST,KLAX,77F to 78F,77F to 78F,NO,75.0,100.0,0.25,700.0,233.33,Win,37427.9,2025-06-15T14:23:00Z,2025-06-15T12:00:00Z,2025-06-15T14:53:00Z,D:\Ahmed\data\kalshi\kalshi_history\kxhighlax_2025_01_01_to_2026_03_05\KLAX_20250616.csv
2025-06-17,2025-06-17,2025-06-16,2025-06-16 19:43:00 CEST,KNYC,69F to 70F,69F to 70F,NO,57.0,88.46,0.3146,700.0,528.07,Win,37955.97,2025-06-16T14:10:00Z,2025-06-16T12:00:00Z,2025-06-16T14:40:00Z,D:\Ahmed\data\kalshi\kalshi_history\kxhighny_2024_10_01_to_2025_12_31\KNYC_20250617.csv
2025-06-18,2025-06-18,2025-06-17,2025-06-17 17:02:00 CEST,KLAX,78F or above,78F or above,NO,58.0,93.93,0.3593,700.0,506.9,Win,38462.87,2025-06-17T14:02:00Z,2025-06-17T12:00:00Z,2025-06-17T14:32:00Z,D:\Ahmed\data\kalshi\kalshi_history\kxhighlax_2025_01_01_to_2026_03_05\KLAX_20250618.csv
2025-06-19,2025-06-19,2025-06-18,2025-06-18 19:21:00 CEST,KMIA,88F to 89F,88F to 89F,NO,56.14,92.34,0.362,700.0,546.88,Win,39009.75,2025-06-18T14:01:00Z,2025-06-18T12:00:00Z,2025-06-18T14:31:00Z,D:\Ahmed\data\kalshi\kalshi_history\kxhighmia_2024_10_01_to_2025_12_31\KMIA_20250619.csv
2025-06-20,2025-06-20,2025-06-20,2025-06-20 01:04:00 CEST,KMDW,84F to 85F,84F to 85F,NO,62.0,89.52,0.2752,700.0,429.03,Win,39438.78,2025-06-19T14:10:00Z,2025-06-19T12:00:00Z,2025-06-19T14:40:00Z,D:\Ahmed\data\kalshi\kalshi_history\kxhighchi_2024_10_01_to_2026_03_03\KMDW_20250620.csv
2025-06-21,2025-06-21,2025-06-20,2025-06-20 19:45:00 CEST,KLAX,69F to 70F,69F to 70F,NO,68.0,93.46,0.2546,700.0,329.41,Win,39768.19,2025-06-20T14:05:00Z,2025-06-20T12:00:00Z,2025-06-20T14:35:00Z,D:\Ahmed\data\kalshi\kalshi_history\kxhighlax_2025_01_01_to_2026_03_05\KLAX_20250621.csv
2025-06-22,2025-06-22,2025-06-21,2025-06-21 17:24:00 CEST,KLAX,71F to 72F,71F to 72F,NO,54.4,85.72,0.3132,700.0,586.76,Win,40354.96,2025-06-21T14:02:00Z,2025-06-21T12:00:00Z,2025-06-21T14:32:00Z,D:\Ahmed\data\kalshi\kalshi_history\kxhighlax_2025_01_01_to_2026_03_05\KLAX_20250622.csv
2025-06-23,2025-06-23,2025-06-23,2025-06-23 20:47:00 CEST,KLAX,76F or above,76F or above,NO,75.0,100.0,0.25,700.0,233.33,Win,40588.29,2025-06-22T14:02:00Z,2025-06-22T12:00:00Z,2025-06-22T14:32:00Z,D:\Ahmed\data\kalshi\kalshi_history\kxhighlax_2025_01_01_to_2026_03_05\KLAX_20250623.csv
2025-06-24,2025-06-24,2025-06-24,2025-06-24 00:19:00 CEST,KNYC,97F or below,97F or below,NO,75.0,100.0,0.25,700.0,233.33,Win,40821.63,2025-06-23T17:14:00Z,2025-06-23T12:00:00Z,2025-06-23T17:44:00Z,D:\Ahmed\data\kalshi\kalshi_history\kxhighny_2024_10_01_to_2025_12_31\KNYC_20250624.csv
2025-06-25,2025-06-25,2025-06-24,2025-06-24 16:37:00 CEST,KNYC,92F to 93F,92F to 93F,NO,66.0,92.26,0.2626,700.0,360.61,Win,41182.23,2025-06-24T14:02:00Z,2025-06-24T12:00:00Z,2025-06-24T14:32:00Z,D:\Ahmed\data\kalshi\kalshi_history\kxhighny_2024_10_01_to_2025_12_31\KNYC_20250625.csv
2025-06-26,2025-06-26,2025-06-26,2025-06-26 14:16:00 CEST,KMIA,84F to 85F,84F to 85F,NO,72.83,100.0,0.2717,700.0,261.14,Win,41443.37,2025-06-25T14:07:00Z,2025-06-25T12:00:00Z,2025-06-25T14:37:00Z,D:\Ahmed\data\kalshi\kalshi_history\kxhighmia_2024_10_01_to_2025_12_31\KMIA_20250626.csv
2025-06-27,2025-06-27,2025-06-27,2025-06-27 05:40:00 CEST,KLAX,75F to 76F,75F to 76F,NO,57.24,89.95,0.3271,700.0,522.92,Win,41966.29,2025-06-26T14:07:00Z,2025-06-26T12:00:00Z,2025-06-26T14:37:00Z,D:\Ahmed\data\kalshi\kalshi_history\kxhighlax_2025_01_01_to_2026_03_05\KLAX_20250627.csv
2025-06-28,2025-06-28,2025-06-28,2025-06-28 08:59:00 CEST,KMDW,89F or above,89F or above,NO,56.28,87.93,0.3165,700.0,543.78,Win,42510.08,2025-06-27T14:10:00Z,2025-06-27T12:00:00Z,2025-06-27T14:40:00Z,D:\Ahmed\data\kalshi\kalshi_history\kxhighchi_2024_10_01_to_2026_03_03\KMDW_20250628.csv
2025-06-30,2025-06-30,2025-06-30,2025-06-30 19:31:00 CEST,KNYC,92F to 93F,92F to 93F,NO,60.75,92.42,0.3167,700.0,452.26,Win,42962.34,2025-06-29T14:07:00Z,2025-06-29T12:00:00Z,2025-06-29T14:37:00Z,D:\Ahmed\data\kalshi\kalshi_history\kxhighny_2024_10_01_to_2025_12_31\KNYC_20250630.csv
2025-07-02,2025-07-02,2025-07-01,2025-07-01 18:39:00 CEST,KNYC,78F or below,78F or below,NO,74.0,100.0,0.26,700.0,245.95,Win,43208.29,2025-07-01T14:07:00Z,2025-07-01T12:00:00Z,2025-07-01T14:37:00Z,D:\Ahmed\data\kalshi\kalshi_history\kxhighny_2024_10_01_to_2025_12_31\KNYC_20250702.csv
2025-07-03,2025-07-03,2025-07-02,2025-07-02 17:11:00 CEST,KMDW,88F or below,88F or below,NO,73.0,100.0,0.27,700.0,258.9,Win,43467.19,2025-07-02T14:07:00Z,2025-07-02T12:00:00Z,2025-07-02T14:37:00Z,D:\Ahmed\data\kalshi\kalshi_history\kxhighchi_2024_10_01_to_2026_03_03\KMDW_20250703.csv
2025-07-04,2025-07-04,2025-07-03,2025-07-03 23:02:00 CEST,KNYC,82F to 83F,82F to 83F,NO,49.87,87.76,0.3789,700.0,-700.0,Loss,42767.19,2025-07-03T14:06:00Z,2025-07-03T12:00:00Z,2025-07-03T14:36:00Z,D:\Ahmed\data\kalshi\kalshi_history\kxhighny_2024_10_01_to_2025_12_31\KNYC_20250704.csv
2025-07-05,2025-07-05,2025-07-04,2025-07-04 18:20:00 CEST,KMIA,87F to 88F,87F to 88F,NO,65.0,91.86,0.2686,700.0,376.92,Win,43144.11,2025-07-04T14:10:00Z,2025-07-04T12:00:00Z,2025-07-04T14:40:00Z,D:\Ahmed\data\kalshi\kalshi_history\kxhighmia_2024_10_01_to_2025_12_31\KMIA_20250705.csv
2025-07-06,2025-07-06,2025-07-06,2025-07-06 00:37:00 CEST,KMIA,88F to 89F,88F to 89F,NO,61.0,90.31,0.2931,700.0,-700.0,Loss,42444.11,2025-07-05T14:11:00Z,2025-07-05T12:00:00Z,2025-07-05T14:41:00Z,D:\Ahmed\data\kalshi\kalshi_history\kxhighmia_2024_10_01_to_2025_12_31\KMIA_20250706.csv
2025-07-07,2025-07-07,2025-07-06,2025-07-06 16:42:00 CEST,KMIA,89F to 90F,89F to 90F,NO,62.0,89.8,0.278,700.0,429.03,Win,42873.14,2025-07-06T14:08:00Z,2025-07-06T12:00:00Z,2025-07-06T14:38:00Z,D:\Ahmed\data\kalshi\kalshi_history\kxhighmia_2024_10_01_to_2025_12_31\KMIA_20250707.csv
2025-07-08,2025-07-08,2025-07-07,2025-07-07 16:52:00 CEST,KMIA,89F to 90F,89F to 90F,NO,55.0,89.68,0.3468,700.0,572.73,Win,43445.87,2025-07-07T14:12:00Z,2025-07-07T12:00:00Z,2025-07-07T14:42:00Z,D:\Ahmed\data\kalshi\kalshi_history\kxhighmia_2024_10_01_to_2025_12_31\KMIA_20250708.csv
2025-07-09,2025-07-09,2025-07-08,2025-07-08 23:50:00 CEST,KMIA,87F to 88F,87F to 88F,NO,61.0,100.0,0.39,700.0,447.54,Win,43893.41,2025-07-08T14:42:00Z,2025-07-08T12:00:00Z,2025-07-08T15:12:00Z,D:\Ahmed\data\kalshi\kalshi_history\kxhighmia_2024_10_01_to_2025_12_31\KMIA_20250709.csv
2025-07-10,2025-07-10,2025-07-09,2025-07-09 16:52:00 CEST,KMIA,88F to 89F,88F to 89F,NO,60.0,89.81,0.2981,700.0,466.67,Win,44360.08,2025-07-09T14:07:00Z,2025-07-09T12:00:00Z,2025-07-09T14:37:00Z,D:\Ahmed\data\kalshi\kalshi_history\kxhighmia_2024_10_01_to_2025_12_31\KMIA_20250710.csv
2025-07-11,2025-07-11,2025-07-10,2025-07-10 17:41:00 CEST,KNYC,82F or below,82F or below,NO,72.0,100.0,0.28,700.0,272.22,Win,44632.3,2025-07-10T14:07:00Z,2025-07-10T12:00:00Z,2025-07-10T14:37:00Z,D:\Ahmed\data\kalshi\kalshi_history\kxhighny_2024_10_01_to_2025_12_31\KNYC_20250711.csv
2025-07-12,2025-07-12,2025-07-11,2025-07-11 18:49:00 CEST,KMIA,89F to 90F,89F to 90F,NO,55.0,86.27,0.3127,700.0,572.73,Win,45205.03,2025-07-11T14:08:00Z,2025-07-11T12:00:00Z,2025-07-11T14:38:00Z,D:\Ahmed\data\kalshi\kalshi_history\kxhighmia_2024_10_01_to_2025_12_31\KMIA_20250712.csv
2025-07-13,2025-07-13,2025-07-12,2025-07-12 17:32:00 CEST,KLAX,69F to 70F,69F to 70F,NO,61.0,91.85,0.3085,700.0,447.54,Win,45652.57,2025-07-12T14:12:00Z,2025-07-12T12:00:00Z,2025-07-12T14:42:00Z,D:\Ahmed\data\kalshi\kalshi_history\kxhighlax_2025_01_01_to_2026_03_05\KLAX_20250713.csv
2025-07-14,2025-07-14,2025-07-13,2025-07-13 17:47:00 CEST,KMDW,85F or below,85F or below,NO,54.21,100.0,0.4579,700.0,591.27,Win,46243.84,2025-07-13T14:06:00Z,2025-07-13T12:00:00Z,2025-07-13T14:36:00Z,D:\Ahmed\data\kalshi\kalshi_history\kxhighchi_2024_10_01_to_2026_03_03\KMDW_20250714.csv
2025-07-15,2025-07-15,2025-07-14,2025-07-14 19:45:00 CEST,KMIA,82F to 83F,82F to 83F,NO,68.0,100.0,0.32,700.0,329.41,Win,46573.26,2025-07-14T14:06:00Z,2025-07-14T12:00:00Z,2025-07-14T14:36:00Z,D:\Ahmed\data\kalshi\kalshi_history\kxhighmia_2024_10_01_to_2025_12_31\KMIA_20250715.csv
2025-07-16,2025-07-16,2025-07-15,2025-07-15 18:57:00 CEST,KMIA,87F to 88F,87F to 88F,NO,52.0,88.9,0.369,700.0,646.15,Win,47219.41,2025-07-15T14:07:00Z,2025-07-15T12:00:00Z,2025-07-15T14:37:00Z,D:\Ahmed\data\kalshi\kalshi_history\kxhighmia_2024_10_01_to_2025_12_31\KMIA_20250716.csv
2025-07-17,2025-07-17,2025-07-16,2025-07-16 17:21:00 CEST,KMDW,74F or below,74F or below,NO,69.0,100.0,0.31,700.0,314.49,Win,47533.9,2025-07-16T14:19:00Z,2025-07-16T12:00:00Z,2025-07-16T14:49:00Z,D:\Ahmed\data\kalshi\kalshi_history\kxhighchi_2024_10_01_to_2026_03_03\KMDW_20250717.csv
2025-07-18,2025-07-18,2025-07-17,2025-07-17 17:07:00 CEST,KNYC,87F to 88F,87F to 88F,NO,75.0,100.0,0.25,700.0,233.33,Win,47767.24,2025-07-17T14:07:00Z,2025-07-17T12:00:00Z,2025-07-17T14:37:00Z,D:\Ahmed\data\kalshi\kalshi_history\kxhighny_2024_10_01_to_2025_12_31\KNYC_20250718.csv
2025-07-19,2025-07-19,2025-07-19,2025-07-19 00:00:00 CEST,KMDW,84F to 85F,84F to 85F,NO,64.0,89.27,0.2527,700.0,-700.0,Loss,47067.24,2025-07-18T14:59:00Z,2025-07-18T12:00:00Z,2025-07-18T15:29:00Z,D:\Ahmed\data\kalshi\kalshi_history\kxhighchi_2024_10_01_to_2026_03_03\KMDW_20250719.csv
2025-07-20,2025-07-20,2025-07-20,2025-07-20 00:16:00 CEST,KMDW,76F to 77F,76F to 77F,NO,60.0,90.99,0.3099,700.0,466.67,Win,47533.9,2025-07-19T14:10:00Z,2025-07-19T12:00:00Z,2025-07-19T14:40:00Z,D:\Ahmed\data\kalshi\kalshi_history\kxhighchi_2024_10_01_to_2026_03_03\KMDW_20250720.csv
2025-07-21,2025-07-21,2025-07-21,2025-07-21 16:48:00 CEST,KMIA,90F to 91F,90F to 91F,NO,68.67,93.97,0.253,700.0,319.37,Win,47853.27,2025-07-20T14:10:00Z,2025-07-20T12:00:00Z,2025-07-20T14:40:00Z,D:\Ahmed\data\kalshi\kalshi_history\kxhighmia_2024_10_01_to_2025_12_31\KMIA_20250721.csv
2025-07-23,2025-07-23,2025-07-22,2025-07-22 16:41:00 CEST,KLAX,70F to 71F,70F to 71F,NO,56.0,85.95,0.2995,700.0,550.0,Win,48403.27,2025-07-22T14:07:00Z,2025-07-22T12:00:00Z,2025-07-22T14:37:00Z,D:\Ahmed\data\kalshi\kalshi_history\kxhighlax_2025_01_01_to_2026_03_05\KLAX_20250723.csv
2025-07-24,2025-07-24,2025-07-23,2025-07-23 16:49:00 CEST,KMDW,95F to 96F,95F to 96F,NO,62.07,87.46,0.2539,700.0,-700.0,Loss,47703.27,2025-07-23T14:07:00Z,2025-07-23T12:00:00Z,2025-07-23T14:37:00Z,D:\Ahmed\data\kalshi\kalshi_history\kxhighchi_2024_10_01_to_2026_03_03\KMDW_20250724.csv
2025-07-25,2025-07-25,2025-07-24,2025-07-24 17:06:00 CEST,KMDW,82F to 83F,82F to 83F,NO,65.63,91.26,0.2563,700.0,366.59,Win,48069.86,2025-07-24T14:07:00Z,2025-07-24T12:00:00Z,2025-07-24T14:37:00Z,D:\Ahmed\data\kalshi\kalshi_history\kxhighchi_2024_10_01_to_2026_03_03\KMDW_20250725.csv
2025-07-26,2025-07-26,2025-07-26,2025-07-26 14:01:00 CEST,KMDW,82F to 83F,82F to 83F,NO,58.25,88.13,0.2988,700.0,501.72,Win,48571.57,2025-07-25T14:31:00Z,2025-07-25T12:00:00Z,2025-07-25T15:01:00Z,D:\Ahmed\data\kalshi\kalshi_history\kxhighchi_2024_10_01_to_2026_03_03\KMDW_20250726.csv
2025-07-27,2025-07-27,2025-07-27,2025-07-27 17:40:00 CEST,KMDW,87F or below,87F or below,NO,57.24,100.0,0.4276,700.0,522.92,Win,49094.49,2025-07-26T14:07:00Z,2025-07-26T12:00:00Z,2025-07-26T14:37:00Z,D:\Ahmed\data\kalshi\kalshi_history\kxhighchi_2024_10_01_to_2026_03_03\KMDW_20250727.csv
2025-07-29,2025-07-29,2025-07-29,2025-07-29 00:05:00 CEST,KMDW,94F to 95F,94F to 95F,NO,72.98,100.0,0.2702,700.0,259.17,Win,49353.66,2025-07-28T14:07:00Z,2025-07-28T12:00:00Z,2025-07-28T14:37:00Z,D:\Ahmed\data\kalshi\kalshi_history\kxhighchi_2024_10_01_to_2026_03_03\KMDW_20250729.csv
2025-07-30,2025-07-30,2025-07-29,2025-07-29 18:17:00 CEST,KMDW,78F to 79F,78F to 79F,NO,65.0,93.79,0.2879,700.0,376.92,Win,49730.58,2025-07-29T14:16:00Z,2025-07-29T12:00:00Z,2025-07-29T14:46:00Z,D:\Ahmed\data\kalshi\kalshi_history\kxhighchi_2024_10_01_to_2026_03_03\KMDW_20250730.csv
2025-07-31,2025-07-31,2025-07-30,2025-07-30 20:17:00 CEST,KMDW,73F to 74F,73F to 74F,NO,59.57,87.06,0.2749,700.0,475.09,Win,50205.67,2025-07-30T14:24:00Z,2025-07-30T12:00:00Z,2025-07-30T14:54:00Z,D:\Ahmed\data\kalshi\kalshi_history\kxhighchi_2024_10_01_to_2026_03_03\KMDW_20250731.csv
2025-08-02,2025-08-02,2025-08-01,2025-08-01 21:44:00 CEST,KMIA,96F or above,96F or above,NO,74.0,100.0,0.26,700.0,245.95,Win,50451.62,2025-08-01T14:07:00Z,2025-08-01T12:00:00Z,2025-08-01T14:37:00Z,D:\Ahmed\data\kalshi\kalshi_history\kxhighmia_2024_10_01_to_2025_12_31\KMIA_20250802.csv
2025-08-03,2025-08-03,2025-08-02,2025-08-02 17:06:00 CEST,KMIA,95F or above,95F or above,NO,65.0,90.19,0.2519,700.0,376.92,Win,50828.54,2025-08-02T14:06:00Z,2025-08-02T12:00:00Z,2025-08-02T14:36:00Z,D:\Ahmed\data\kalshi\kalshi_history\kxhighmia_2024_10_01_to_2025_12_31\KMIA_20250803.csv
2025-08-04,2025-08-04,2025-08-04,2025-08-04 17:40:00 CEST,KMDW,80F or below,80F or below,NO,60.09,85.77,0.2568,700.0,464.92,Win,51293.46,2025-08-03T14:07:00Z,2025-08-03T12:00:00Z,2025-08-03T14:37:00Z,D:\Ahmed\data\kalshi\kalshi_history\kxhighchi_2024_10_01_to_2026_03_03\KMDW_20250804.csv
2025-08-05,2025-08-05,2025-08-04,2025-08-04 22:57:00 CEST,KMIA,90F to 91F,90F to 91F,NO,65.0,94.94,0.2994,700.0,376.92,Win,51670.38,2025-08-04T14:06:00Z,2025-08-04T12:00:00Z,2025-08-04T14:36:00Z,D:\Ahmed\data\kalshi\kalshi_history\kxhighmia_2024_10_01_to_2025_12_31\KMIA_20250805.csv
2025-08-06,2025-08-06,2025-08-06,2025-08-06 15:30:00 CEST,KMIA,90F to 91F,90F to 91F,NO,61.0,90.03,0.2903,700.0,447.54,Win,52117.92,2025-08-05T14:07:00Z,2025-08-05T12:00:00Z,2025-08-05T14:37:00Z,D:\Ahmed\data\kalshi\kalshi_history\kxhighmia_2024_10_01_to_2025_12_31\KMIA_20250806.csv
2025-08-07,2025-08-07,2025-08-07,2025-08-07 00:14:00 CEST,KMIA,87F to 88F,87F to 88F,NO,64.0,91.74,0.2774,700.0,393.75,Win,52511.67,2025-08-06T14:07:00Z,2025-08-06T12:00:00Z,2025-08-06T14:37:00Z,D:\Ahmed\data\kalshi\kalshi_history\kxhighmia_2024_10_01_to_2025_12_31\KMIA_20250807.csv
2025-08-08,2025-08-08,2025-08-08,2025-08-08 00:59:00 CEST,KMIA,86F to 87F,86F to 87F,NO,75.0,100.0,0.25,700.0,233.33,Win,52745.01,2025-08-07T14:17:00Z,2025-08-07T12:00:00Z,2025-08-07T14:47:00Z,D:\Ahmed\data\kalshi\kalshi_history\kxhighmia_2024_10_01_to_2025_12_31\KMIA_20250808.csv
2025-08-09,2025-08-09,2025-08-09,2025-08-09 05:44:00 CEST,KMDW,95F to 96F,95F to 96F,NO,60.37,86.47,0.261,700.0,459.52,Win,53204.52,2025-08-08T14:04:00Z,2025-08-08T12:00:00Z,2025-08-08T14:34:00Z,D:\Ahmed\data\kalshi\kalshi_history\kxhighchi_2024_10_01_to_2026_03_03\KMDW_20250809.csv
2025-08-10,2025-08-10,2025-08-09,2025-08-09 17:44:00 CEST,KNYC,89F to 90F,89F to 90F,NO,71.27,100.0,0.2873,700.0,-700.0,Loss,52504.52,2025-08-09T14:05:00Z,2025-08-09T12:00:00Z,2025-08-09T14:35:00Z,D:\Ahmed\data\kalshi\kalshi_history\kxhighny_2024_10_01_to_2025_12_31\KNYC_20250810.csv
2025-08-11,2025-08-11,2025-08-10,2025-08-10 17:40:00 CEST,KNYC,90F to 91F,90F to 91F,NO,71.0,100.0,0.29,700.0,285.92,Win,52790.44,2025-08-10T14:13:00Z,2025-08-10T12:00:00Z,2025-08-10T14:43:00Z,D:\Ahmed\data\kalshi\kalshi_history\kxhighny_2024_10_01_to_2025_12_31\KNYC_20250811.csv
2025-08-12,2025-08-12,2025-08-11,2025-08-11 17:01:00 CEST,KMDW,84F to 85F,84F to 85F,NO,61.0,90.38,0.2938,700.0,447.54,Win,53237.98,2025-08-11T14:10:00Z,2025-08-11T12:00:00Z,2025-08-11T14:40:00Z,D:\Ahmed\data\kalshi\kalshi_history\kxhighchi_2024_10_01_to_2026_03_03\KMDW_20250812.csv
2025-08-13,2025-08-13,2025-08-12,2025-08-12 19:29:00 CEST,KMIA,89F to 90F,89F to 90F,NO,75.0,100.0,0.25,700.0,233.33,Win,53471.31,2025-08-12T14:07:00Z,2025-08-12T12:00:00Z,2025-08-12T14:37:00Z,D:\Ahmed\data\kalshi\kalshi_history\kxhighmia_2024_10_01_to_2025_12_31\KMIA_20250813.csv
2025-08-14,2025-08-14,2025-08-13,2025-08-13 19:29:00 CEST,KLAX,72F to 73F,72F to 73F,NO,49.3,85.63,0.3633,700.0,-700.0,Loss,52771.31,2025-08-13T14:05:00Z,2025-08-13T12:00:00Z,2025-08-13T14:35:00Z,D:\Ahmed\data\kalshi\kalshi_history\kxhighlax_2025_01_01_to_2026_03_05\KLAX_20250814.csv
2025-08-15,2025-08-15,2025-08-15,2025-08-15 02:17:00 CEST,KMIA,89F to 90F,89F to 90F,NO,74.68,100.0,0.2532,700.0,237.33,Win,53008.65,2025-08-14T14:01:00Z,2025-08-14T12:00:00Z,2025-08-14T14:31:00Z,D:\Ahmed\data\kalshi\kalshi_history\kxhighmia_2024_10_01_to_2025_12_31\KMIA_20250815.csv
2025-08-16,2025-08-16,2025-08-16,2025-08-16 14:10:00 CEST,KMDW,95F to 96F,95F to 96F,NO,67.0,92.96,0.2596,700.0,-700.0,Loss,52308.65,2025-08-15T14:07:00Z,2025-08-15T12:00:00Z,2025-08-15T14:37:00Z,D:\Ahmed\data\kalshi\kalshi_history\kxhighchi_2024_10_01_to_2026_03_03\KMDW_20250816.csv
2025-08-17,2025-08-17,2025-08-16,2025-08-16 22:22:00 CEST,KNYC,92F to 93F,92F to 93F,NO,74.08,100.0,0.2592,700.0,244.92,Win,52553.57,2025-08-16T14:02:00Z,2025-08-16T12:00:00Z,2025-08-16T14:32:00Z,D:\Ahmed\data\kalshi\kalshi_history\kxhighny_2024_10_01_to_2025_12_31\KNYC_20250817.csv
2025-08-18,2025-08-18,2025-08-17,2025-08-17 19:59:00 CEST,KNYC,79F to 80F,79F to 80F,NO,69.01,100.0,0.3099,700.0,314.35,Win,52867.92,2025-08-17T14:10:00Z,2025-08-17T12:00:00Z,2025-08-17T14:40:00Z,D:\Ahmed\data\kalshi\kalshi_history\kxhighny_2024_10_01_to_2025_12_31\KNYC_20250818.csv
2025-08-20,2025-08-20,2025-08-20,2025-08-20 06:03:00 CEST,KMDW,76F to 77F,76F to 77F,NO,65.0,92.07,0.2707,700.0,-700.0,Loss,52167.92,2025-08-19T14:39:00Z,2025-08-19T12:00:00Z,2025-08-19T15:09:00Z,D:\Ahmed\data\kalshi\kalshi_history\kxhighchi_2024_10_01_to_2026_03_03\KMDW_20250820.csv
2025-08-21,2025-08-21,2025-08-20,2025-08-20 20:40:00 CEST,KMDW,76F to 77F,76F to 77F,NO,75.0,100.0,0.25,700.0,233.33,Win,52401.25,2025-08-20T14:07:00Z,2025-08-20T12:00:00Z,2025-08-20T14:37:00Z,D:\Ahmed\data\kalshi\kalshi_history\kxhighchi_2024_10_01_to_2026_03_03\KMDW_20250821.csv
2025-08-22,2025-08-22,2025-08-21,2025-08-21 19:41:00 CEST,KMIA,91F to 92F,91F to 92F,NO,59.0,90.33,0.3133,700.0,486.44,Win,52887.69,2025-08-21T14:05:00Z,2025-08-21T12:00:00Z,2025-08-21T14:35:00Z,D:\Ahmed\data\kalshi\kalshi_history\kxhighmia_2024_10_01_to_2025_12_31\KMIA_20250822.csv
2025-08-23,2025-08-23,2025-08-22,2025-08-22 20:52:00 CEST,KLAX,83F to 84F,83F to 84F,NO,46.25,85.49,0.3924,700.0,813.51,Win,53701.2,2025-08-22T14:45:00Z,2025-08-22T12:00:00Z,2025-08-22T15:15:00Z,D:\Ahmed\data\kalshi\kalshi_history\kxhighlax_2025_01_01_to_2026_03_05\KLAX_20250823.csv
2025-08-24,2025-08-24,2025-08-23,2025-08-23 21:50:00 CEST,KLAX,89F or above,89F or above,NO,72.17,100.0,0.2783,700.0,269.93,Win,53971.14,2025-08-23T14:05:00Z,2025-08-23T12:00:00Z,2025-08-23T14:35:00Z,D:\Ahmed\data\kalshi\kalshi_history\kxhighlax_2025_01_01_to_2026_03_05\KLAX_20250824.csv
2025-08-25,2025-08-25,2025-08-25,2025-08-25 02:29:00 CEST,KNYC,86F to 87F,86F to 87F,NO,69.0,94.35,0.2535,700.0,-700.0,Loss,53271.14,2025-08-24T14:30:00Z,2025-08-24T12:00:00Z,2025-08-24T15:00:00Z,D:\Ahmed\data\kalshi\kalshi_history\kxhighny_2024_10_01_to_2025_12_31\KNYC_20250825.csv
2025-08-26,2025-08-26,2025-08-25,2025-08-25 19:00:00 CEST,KNYC,81F to 82F,81F to 82F,NO,72.0,100.0,0.28,700.0,272.22,Win,53543.36,2025-08-25T14:09:00Z,2025-08-25T12:00:00Z,2025-08-25T14:39:00Z,D:\Ahmed\data\kalshi\kalshi_history\kxhighny_2024_10_01_to_2025_12_31\KNYC_20250826.csv
2025-08-27,2025-08-27,2025-08-27,2025-08-27 01:14:00 CEST,KMDW,76F to 77F,76F to 77F,NO,59.09,86.81,0.2772,700.0,-700.0,Loss,52843.36,2025-08-26T14:17:00Z,2025-08-26T12:00:00Z,2025-08-26T14:47:00Z,D:\Ahmed\data\kalshi\kalshi_history\kxhighchi_2024_10_01_to_2026_03_03\KMDW_20250827.csv
2025-08-28,2025-08-28,2025-08-28,2025-08-28 17:34:00 CEST,KMDW,78F to 79F,78F to 79F,NO,48.08,85.99,0.3791,700.0,755.91,Win,53599.27,2025-08-27T14:13:00Z,2025-08-27T12:00:00Z,2025-08-27T14:43:00Z,D:\Ahmed\data\kalshi\kalshi_history\kxhighchi_2024_10_01_to_2026_03_03\KMDW_20250828.csv
2025-08-29,2025-08-29,2025-08-29,2025-08-29 15:01:00 CEST,KMDW,74F or above,74F or above,NO,60.17,86.07,0.259,700.0,463.37,Win,54062.64,2025-08-28T14:21:00Z,2025-08-28T12:00:00Z,2025-08-28T14:51:00Z,D:\Ahmed\data\kalshi\kalshi_history\kxhighchi_2024_10_01_to_2026_03_03\KMDW_20250829.csv
2025-08-30,2025-08-30,2025-08-29,2025-08-29 20:04:00 CEST,KLAX,84F to 85F,84F to 85F,NO,65.0,90.55,0.2555,700.0,376.92,Win,54439.56,2025-08-29T14:20:00Z,2025-08-29T12:00:00Z,2025-08-29T14:50:00Z,D:\Ahmed\data\kalshi\kalshi_history\kxhighlax_2025_01_01_to_2026_03_05\KLAX_20250830.csv
2025-08-31,2025-08-31,2025-08-31,2025-08-31 06:14:00 CEST,KLAX,83F to 84F,83F to 84F,NO,60.0,85.21,0.2521,700.0,466.67,Win,54906.23,2025-08-30T14:04:00Z,2025-08-30T12:00:00Z,2025-08-30T14:34:00Z,D:\Ahmed\data\kalshi\kalshi_history\kxhighlax_2025_01_01_to_2026_03_05\KLAX_20250831.csv
2025-09-01,2025-09-01,2025-08-31,2025-08-31 16:46:00 CEST,KMIA,88F to 89F,88F to 89F,NO,65.0,100.0,0.35,700.0,376.92,Win,55283.15,2025-08-31T14:10:00Z,2025-08-31T12:00:00Z,2025-08-31T14:40:00Z,D:\Ahmed\data\kalshi\kalshi_history\kxhighmia_2024_10_01_to_2025_12_31\KMIA_20250901.csv
2025-09-02,2025-09-02,2025-09-02,2025-09-02 13:30:00 CEST,KLAX,89F or above,89F or above,NO,74.36,100.0,0.2564,700.0,241.37,Win,55524.52,2025-09-01T14:06:00Z,2025-09-01T12:00:00Z,2025-09-01T14:36:00Z,D:\Ahmed\data\kalshi\kalshi_history\kxhighlax_2025_01_01_to_2026_03_05\KLAX_20250902.csv
2025-09-03,2025-09-03,2025-09-02,2025-09-02 17:22:00 CEST,KMDW,76F to 77F,76F to 77F,NO,62.0,88.06,0.2606,700.0,429.03,Win,55953.55,2025-09-02T14:02:00Z,2025-09-02T12:00:00Z,2025-09-02T14:32:00Z,D:\Ahmed\data\kalshi\kalshi_history\kxhighchi_2024_10_01_to_2026_03_03\KMDW_20250903.csv
2025-09-04,2025-09-04,2025-09-03,2025-09-03 23:48:00 CEST,KMDW,67F to 68F,67F to 68F,NO,61.0,86.23,0.2523,700.0,-700.0,Loss,55253.55,2025-09-03T14:56:00Z,2025-09-03T12:00:00Z,2025-09-03T15:26:00Z,D:\Ahmed\data\kalshi\kalshi_history\kxhighchi_2024_10_01_to_2026_03_03\KMDW_20250904.csv
2025-09-06,2025-09-06,2025-09-05,2025-09-05 17:23:00 CEST,KNYC,85F to 86F,85F to 86F,NO,66.0,100.0,0.34,700.0,-700.0,Loss,54553.55,2025-09-05T14:07:00Z,2025-09-05T12:00:00Z,2025-09-05T14:37:00Z,D:\Ahmed\data\kalshi\kalshi_history\kxhighny_2024_10_01_to_2025_12_31\KNYC_20250906.csv
2025-09-08,2025-09-08,2025-09-08,2025-09-08 18:38:00 CEST,KMIA,93F or above,93F or above,NO,66.0,92.62,0.2662,700.0,360.61,Win,54914.15,2025-09-07T14:16:00Z,2025-09-07T12:00:00Z,2025-09-07T14:46:00Z,D:\Ahmed\data\kalshi\kalshi_history\kxhighmia_2024_10_01_to_2025_12_31\KMIA_20250908.csv
2025-09-09,2025-09-09,2025-09-08,2025-09-08 17:58:00 CEST,KMIA,87F to 88F,87F to 88F,NO,69.5,94.65,0.2515,700.0,307.19,Win,55221.35,2025-09-08T14:26:00Z,2025-09-08T12:00:00Z,2025-09-08T14:56:00Z,D:\Ahmed\data\kalshi\kalshi_history\kxhighmia_2024_10_01_to_2025_12_31\KMIA_20250909.csv
2025-09-10,2025-09-10,2025-09-09,2025-09-09 20:01:00 CEST,KMIA,88F to 89F,88F to 89F,NO,64.0,100.0,0.36,700.0,393.75,Win,55615.1,2025-09-09T15:11:00Z,2025-09-09T12:00:00Z,2025-09-09T15:41:00Z,D:\Ahmed\data\kalshi\kalshi_history\kxhighmia_2024_10_01_to_2025_12_31\KMIA_20250910.csv
2025-09-11,2025-09-11,2025-09-11,2025-09-11 13:25:00 CEST,KNYC,82F to 83F,82F to 83F,NO,73.96,100.0,0.2604,700.0,246.46,Win,55861.56,2025-09-10T14:07:00Z,2025-09-10T12:00:00Z,2025-09-10T14:37:00Z,D:\Ahmed\data\kalshi\kalshi_history\kxhighny_2024_10_01_to_2025_12_31\KNYC_20250911.csv
2025-09-12,2025-09-12,2025-09-11,2025-09-11 20:54:00 CEST,KMIA,86F to 87F,86F to 87F,NO,63.0,88.47,0.2547,700.0,411.11,Win,56272.67,2025-09-11T14:11:00Z,2025-09-11T12:00:00Z,2025-09-11T14:41:00Z,D:\Ahmed\data\kalshi\kalshi_history\kxhighmia_2024_10_01_to_2025_12_31\KMIA_20250912.csv
2025-09-13,2025-09-13,2025-09-12,2025-09-12 18:29:00 CEST,KMIA,84F to 85F,84F to 85F,NO,65.55,91.32,0.2577,700.0,367.89,Win,56640.55,2025-09-12T14:40:00Z,2025-09-12T12:00:00Z,2025-09-12T15:10:00Z,D:\Ahmed\data\kalshi\kalshi_history\kxhighmia_2024_10_01_to_2025_12_31\KMIA_20250913.csv
2025-09-14,2025-09-14,2025-09-14,2025-09-14 02:13:00 CEST,KMIA,88F to 89F,88F to 89F,NO,55.23,86.11,0.3088,700.0,567.43,Win,57207.98,2025-09-13T14:08:00Z,2025-09-13T12:00:00Z,2025-09-13T14:38:00Z,D:\Ahmed\data\kalshi\kalshi_history\kxhighmia_2024_10_01_to_2025_12_31\KMIA_20250914.csv
2025-09-15,2025-09-15,2025-09-15,2025-09-15 15:17:00 CEST,KMIA,86F to 87F,86F to 87F,NO,75.0,100.0,0.25,700.0,233.33,Win,57441.31,2025-09-14T14:08:00Z,2025-09-14T12:00:00Z,2025-09-14T14:38:00Z,D:\Ahmed\data\kalshi\kalshi_history\kxhighmia_2024_10_01_to_2025_12_31\KMIA_20250915.csv
2025-09-17,2025-09-17,2025-09-16,2025-09-16 17:49:00 CEST,KLAX,78F to 79F,78F to 79F,NO,60.79,86.67,0.2588,700.0,451.51,Win,57892.82,2025-09-16T14:07:00Z,2025-09-16T12:00:00Z,2025-09-16T14:37:00Z,D:\Ahmed\data\kalshi\kalshi_history\kxhighlax_2025_01_01_to_2026_03_05\KLAX_20250917.csv
2025-09-18,2025-09-18,2025-09-17,2025-09-17 17:13:00 CEST,KLAX,78F to 79F,78F to 79F,NO,63.0,89.86,0.2686,700.0,-700.0,Loss,57192.82,2025-09-17T14:32:00Z,2025-09-17T12:00:00Z,2025-09-17T15:02:00Z,D:\Ahmed\data\kalshi\kalshi_history\kxhighlax_2025_01_01_to_2026_03_05\KLAX_20250918.csv
2025-09-19,2025-09-19,2025-09-18,2025-09-18 17:49:00 CEST,KLAX,77F to 78F,77F to 78F,NO,57.0,87.76,0.3076,700.0,528.07,Win,57720.89,2025-09-18T14:06:00Z,2025-09-18T12:00:00Z,2025-09-18T14:36:00Z,D:\Ahmed\data\kalshi\kalshi_history\kxhighlax_2025_01_01_to_2026_03_05\KLAX_20250919.csv
2025-09-20,2025-09-20,2025-09-20,2025-09-20 16:44:00 CEST,KMDW,84F to 85F,84F to 85F,NO,66.0,92.47,0.2647,700.0,360.61,Win,58081.5,2025-09-19T14:07:00Z,2025-09-19T12:00:00Z,2025-09-19T14:37:00Z,D:\Ahmed\data\kalshi\kalshi_history\kxhighchi_2024_10_01_to_2026_03_03\KMDW_20250920.csv
2025-09-21,2025-09-21,2025-09-21,2025-09-21 00:27:00 CEST,KMDW,77F to 78F,77F to 78F,NO,64.0,89.89,0.2589,700.0,393.75,Win,58475.25,2025-09-20T15:24:00Z,2025-09-20T12:00:00Z,2025-09-20T15:54:00Z,D:\Ahmed\data\kalshi\kalshi_history\kxhighchi_2024_10_01_to_2026_03_03\KMDW_20250921.csv
2025-09-22,2025-09-22,2025-09-21,2025-09-21 18:06:00 CEST,KMIA,86F to 87F,86F to 87F,NO,68.25,93.42,0.2517,700.0,325.64,Win,58800.89,2025-09-21T15:02:00Z,2025-09-21T12:00:00Z,2025-09-21T15:32:00Z,D:\Ahmed\data\kalshi\kalshi_history\kxhighmia_2024_10_01_to_2025_12_31\KMIA_20250922.csv
2025-09-23,2025-09-23,2025-09-22,2025-09-22 17:00:00 CEST,KNYC,80F to 81F,80F to 81F,NO,57.0,91.12,0.3412,700.0,528.07,Win,59328.96,2025-09-22T14:07:00Z,2025-09-22T12:00:00Z,2025-09-22T14:37:00Z,D:\Ahmed\data\kalshi\kalshi_history\kxhighny_2024_10_01_to_2025_12_31\KNYC_20250923.csv
2025-09-24,2025-09-24,2025-09-23,2025-09-23 17:16:00 CEST,KMIA,87F to 88F,87F to 88F,NO,67.0,94.64,0.2764,700.0,-700.0,Loss,58628.96,2025-09-23T14:08:00Z,2025-09-23T12:00:00Z,2025-09-23T14:38:00Z,D:\Ahmed\data\kalshi\kalshi_history\kxhighmia_2024_10_01_to_2025_12_31\KMIA_20250924.csv
2025-09-25,2025-09-25,2025-09-24,2025-09-24 21:43:00 CEST,KLAX,72F to 73F,72F to 73F,NO,64.26,92.06,0.278,700.0,389.32,Win,59018.28,2025-09-24T14:07:00Z,2025-09-24T12:00:00Z,2025-09-24T14:37:00Z,D:\Ahmed\data\kalshi\kalshi_history\kxhighlax_2025_01_01_to_2026_03_05\KLAX_20250925.csv
2025-09-27,2025-09-27,2025-09-27,2025-09-27 01:30:00 CEST,KMIA,87F to 88F,87F to 88F,NO,63.31,100.0,0.3669,700.0,405.67,Win,59423.95,2025-09-26T14:10:00Z,2025-09-26T12:00:00Z,2025-09-26T14:40:00Z,D:\Ahmed\data\kalshi\kalshi_history\kxhighmia_2024_10_01_to_2025_12_31\KMIA_20250927.csv
2025-09-28,2025-09-28,2025-09-27,2025-09-27 19:19:00 CEST,KLAX,72F to 73F,72F to 73F,NO,58.0,93.83,0.3583,700.0,506.9,Win,59930.85,2025-09-27T14:46:00Z,2025-09-27T12:00:00Z,2025-09-27T15:16:00Z,D:\Ahmed\data\kalshi\kalshi_history\kxhighlax_2025_01_01_to_2026_03_05\KLAX_20250928.csv
2025-09-29,2025-09-29,2025-09-28,2025-09-28 17:56:00 CEST,KMIA,88F to 89F,88F to 89F,NO,62.0,100.0,0.38,700.0,429.03,Win,60359.88,2025-09-28T15:24:00Z,2025-09-28T12:00:00Z,2025-09-28T15:54:00Z,D:\Ahmed\data\kalshi\kalshi_history\kxhighmia_2024_10_01_to_2025_12_31\KMIA_20250929.csv
2025-09-30,2025-09-30,2025-09-30,2025-09-30 17:49:00 CEST,KMDW,83F to 84F,83F to 84F,NO,63.11,88.11,0.25,700.0,-700.0,Loss,59659.88,2025-09-29T14:46:00Z,2025-09-29T12:00:00Z,2025-09-29T15:16:00Z,D:\Ahmed\data\kalshi\kalshi_history\kxhighchi_2024_10_01_to_2026_03_03\KMDW_20250930.csv
2025-10-01,2025-10-01,2025-10-01,2025-10-01 07:57:00 CEST,KNYC,71F to 72F,71F to 72F,NO,74.0,100.0,0.26,700.0,245.95,Win,59905.83,2025-09-30T17:04:00Z,2025-09-30T12:00:00Z,2025-09-30T17:34:00Z,D:\Ahmed\data\kalshi\kalshi_history\kxhighny_2024_10_01_to_2025_12_31\KNYC_20251001.csv
2025-10-02,2025-10-02,2025-10-02,2025-10-02 08:19:00 CEST,KNYC,68F to 69F,68F to 69F,NO,62.19,90.73,0.2854,700.0,425.58,Win,60331.41,2025-10-01T14:12:00Z,2025-10-01T12:00:00Z,2025-10-01T14:42:00Z,D:\Ahmed\data\kalshi\kalshi_history\kxhighny_2024_10_01_to_2025_12_31\KNYC_20251002.csv
2025-10-03,2025-10-03,2025-10-02,2025-10-02 23:51:00 CEST,KMDW,89F to 90F,89F to 90F,NO,55.0,85.31,0.3031,700.0,-700.0,Loss,59631.41,2025-10-02T15:24:00Z,2025-10-02T12:00:00Z,2025-10-02T15:54:00Z,D:\Ahmed\data\kalshi\kalshi_history\kxhighchi_2024_10_01_to_2026_03_03\KMDW_20251003.csv
2025-10-04,2025-10-04,2025-10-03,2025-10-03 18:24:00 CEST,KMIA,84F to 85F,84F to 85F,NO,65.0,100.0,0.35,700.0,376.92,Win,60008.33,2025-10-03T14:25:00Z,2025-10-03T12:00:00Z,2025-10-03T14:55:00Z,D:\Ahmed\data\kalshi\kalshi_history\kxhighmia_2024_10_01_to_2025_12_31\KMIA_20251004.csv
2025-10-05,2025-10-05,2025-10-04,2025-10-04 22:13:00 CEST,KMDW,87F to 88F,87F to 88F,NO,61.0,88.68,0.2768,700.0,447.54,Win,60455.87,2025-10-04T14:06:00Z,2025-10-04T12:00:00Z,2025-10-04T14:36:00Z,D:\Ahmed\data\kalshi\kalshi_history\kxhighchi_2024_10_01_to_2026_03_03\KMDW_20251005.csv
2025-10-06,2025-10-06,2025-10-06,2025-10-06 13:48:00 CEST,KMIA,85F to 86F,85F to 86F,NO,73.0,100.0,0.27,700.0,258.9,Win,60714.78,2025-10-05T14:25:00Z,2025-10-05T12:00:00Z,2025-10-05T14:55:00Z,D:\Ahmed\data\kalshi\kalshi_history\kxhighmia_2024_10_01_to_2025_12_31\KMIA_20251006.csv
2025-10-07,2025-10-07,2025-10-06,2025-10-06 19:36:00 CEST,KNYC,81F to 82F,81F to 82F,NO,69.63,94.93,0.253,700.0,305.31,Win,61020.09,2025-10-06T14:13:00Z,2025-10-06T12:00:00Z,2025-10-06T14:43:00Z,D:\Ahmed\data\kalshi\kalshi_history\kxhighny_2024_10_01_to_2025_12_31\KNYC_20251007.csv
2025-10-08,2025-10-08,2025-10-07,2025-10-07 16:48:00 CEST,KMIA,85F to 86F,85F to 86F,NO,66.0,92.19,0.2619,700.0,360.61,Win,61380.7,2025-10-07T14:06:00Z,2025-10-07T12:00:00Z,2025-10-07T14:36:00Z,D:\Ahmed\data\kalshi\kalshi_history\kxhighmia_2024_10_01_to_2025_12_31\KMIA_20251008.csv
2025-10-09,2025-10-09,2025-10-09,2025-10-09 22:38:00 CEST,KMDW,62F to 63F,62F to 63F,NO,63.51,90.69,0.2718,700.0,-700.0,Loss,60680.7,2025-10-08T15:10:00Z,2025-10-08T12:00:00Z,2025-10-08T15:40:00Z,D:\Ahmed\data\kalshi\kalshi_history\kxhighchi_2024_10_01_to_2026_03_03\KMDW_20251009.csv
2025-10-10,2025-10-10,2025-10-10,2025-10-10 14:59:00 CEST,KMIA,82F to 83F,82F to 83F,NO,65.67,92.27,0.266,700.0,365.94,Win,61046.63,2025-10-09T14:48:00Z,2025-10-09T12:00:00Z,2025-10-09T15:18:00Z,D:\Ahmed\data\kalshi\kalshi_history\kxhighmia_2024_10_01_to_2025_12_31\KMIA_20251010.csv
2025-10-11,2025-10-11,2025-10-11,2025-10-11 11:19:00 CEST,KNYC,68F to 69F,68F to 69F,NO,63.79,88.97,0.2518,700.0,397.35,Win,61443.98,2025-10-10T14:25:00Z,2025-10-10T12:00:00Z,2025-10-10T14:55:00Z,D:\Ahmed\data\kalshi\kalshi_history\kxhighny_2024_10_01_to_2025_12_31\KNYC_20251011.csv
2025-10-12,2025-10-12,2025-10-11,2025-10-11 17:20:00 CEST,KNYC,63F to 64F,63F to 64F,NO,59.5,87.03,0.2753,700.0,-700.0,Loss,60743.98,2025-10-11T14:14:00Z,2025-10-11T12:00:00Z,2025-10-11T14:44:00Z,D:\Ahmed\data\kalshi\kalshi_history\kxhighny_2024_10_01_to_2025_12_31\KNYC_20251012.csv
2025-10-13,2025-10-13,2025-10-13,2025-10-13 19:34:00 CEST,KLAX,72F to 73F,72F to 73F,NO,45.18,89.54,0.4436,700.0,-700.0,Loss,60043.98,2025-10-12T14:07:00Z,2025-10-12T12:00:00Z,2025-10-12T14:37:00Z,D:\Ahmed\data\kalshi\kalshi_history\kxhighlax_2025_01_01_to_2026_03_05\KLAX_20251013.csv
2025-10-14,2025-10-14,2025-10-14,2025-10-14 16:24:00 CEST,KMDW,66F to 67F,66F to 67F,NO,62.48,87.71,0.2523,700.0,420.36,Win,60464.34,2025-10-13T18:01:00Z,2025-10-13T12:00:00Z,2025-10-13T18:31:00Z,D:\Ahmed\data\kalshi\kalshi_history\kxhighchi_2024_10_01_to_2026_03_03\KMDW_20251014.csv
2025-10-15,2025-10-15,2025-10-14,2025-10-14 19:16:00 CEST,KNYC,63F to 64F,63F to 64F,NO,58.0,91.33,0.3333,700.0,506.9,Win,60971.24,2025-10-14T14:34:00Z,2025-10-14T12:00:00Z,2025-10-14T15:04:00Z,D:\Ahmed\data\kalshi\kalshi_history\kxhighny_2024_10_01_to_2025_12_31\KNYC_20251015.csv
2025-10-16,2025-10-16,2025-10-15,2025-10-15 19:45:00 CEST,KMDW,70F to 71F,70F to 71F,NO,61.0,89.75,0.2875,700.0,447.54,Win,61418.78,2025-10-15T14:08:00Z,2025-10-15T12:00:00Z,2025-10-15T14:38:00Z,D:\Ahmed\data\kalshi\kalshi_history\kxhighchi_2024_10_01_to_2026_03_03\KMDW_20251016.csv
2025-10-17,2025-10-17,2025-10-17,2025-10-17 17:52:00 CEST,KMIA,86F to 87F,86F to 87F,NO,63.0,90.91,0.2791,700.0,411.11,Win,61829.89,2025-10-16T14:08:00Z,2025-10-16T12:00:00Z,2025-10-16T14:38:00Z,D:\Ahmed\data\kalshi\kalshi_history\kxhighmia_2024_10_01_to_2025_12_31\KMIA_20251017.csv
2025-10-18,2025-10-18,2025-10-17,2025-10-17 17:42:00 CEST,KLAX,78F to 79F,78F to 79F,NO,51.0,86.92,0.3592,700.0,672.55,Win,62502.44,2025-10-17T14:05:00Z,2025-10-17T12:00:00Z,2025-10-17T14:35:00Z,D:\Ahmed\data\kalshi\kalshi_history\kxhighlax_2025_01_01_to_2026_03_05\KLAX_20251018.csv
2025-10-19,2025-10-19,2025-10-18,2025-10-18 18:55:00 CEST,KMDW,63F to 64F,63F to 64F,NO,61.0,86.81,0.2581,700.0,447.54,Win,62949.98,2025-10-18T14:50:00Z,2025-10-18T12:00:00Z,2025-10-18T15:20:00Z,D:\Ahmed\data\kalshi\kalshi_history\kxhighchi_2024_10_01_to_2026_03_03\KMDW_20251019.csv
2025-10-20,2025-10-20,2025-10-19,2025-10-19 17:22:00 CEST,KMIA,84F to 85F,84F to 85F,NO,69.0,100.0,0.31,700.0,314.49,Win,63264.47,2025-10-19T14:26:00Z,2025-10-19T12:00:00Z,2025-10-19T14:56:00Z,D:\Ahmed\data\kalshi\kalshi_history\kxhighmia_2024_10_01_to_2025_12_31\KMIA_20251020.csv
2025-10-21,2025-10-21,2025-10-20,2025-10-20 17:50:00 CEST,KLAX,69F to 70F,69F to 70F,NO,61.25,93.4,0.3215,700.0,442.86,Win,63707.33,2025-10-20T15:18:00Z,2025-10-20T12:00:00Z,2025-10-20T15:48:00Z,D:\Ahmed\data\kalshi\kalshi_history\kxhighlax_2025_01_01_to_2026_03_05\KLAX_20251021.csv
2025-10-22,2025-10-22,2025-10-21,2025-10-21 23:36:00 CEST,KNYC,61F to 62F,61F to 62F,NO,63.0,94.03,0.3103,700.0,-700.0,Loss,63007.33,2025-10-21T14:10:00Z,2025-10-21T12:00:00Z,2025-10-21T14:40:00Z,D:\Ahmed\data\kalshi\kalshi_history\kxhighny_2024_10_01_to_2025_12_31\KNYC_20251022.csv
2025-10-24,2025-10-24,2025-10-24,2025-10-24 02:04:00 CEST,KLAX,73F to 74F,73F to 74F,NO,60.0,86.26,0.2626,700.0,-700.0,Loss,62307.33,2025-10-23T14:05:00Z,2025-10-23T12:00:00Z,2025-10-23T14:35:00Z,D:\Ahmed\data\kalshi\kalshi_history\kxhighlax_2025_01_01_to_2026_03_05\KLAX_20251024.csv
2025-10-25,2025-10-25,2025-10-25,2025-10-25 20:44:00 CEST,KLAX,65F to 66F,65F to 66F,NO,62.16,93.03,0.3087,700.0,426.13,Win,62733.46,2025-10-24T14:01:00Z,2025-10-24T12:00:00Z,2025-10-24T14:31:00Z,D:\Ahmed\data\kalshi\kalshi_history\kxhighlax_2025_01_01_to_2026_03_05\KLAX_20251025.csv
2025-10-26,2025-10-26,2025-10-25,2025-10-25 17:05:00 CEST,KNYC,60F to 61F,60F to 61F,NO,75.0,100.0,0.25,700.0,233.33,Win,62966.79,2025-10-25T14:08:00Z,2025-10-25T12:00:00Z,2025-10-25T14:38:00Z,D:\Ahmed\data\kalshi\kalshi_history\kxhighny_2024_10_01_to_2025_12_31\KNYC_20251026.csv
2025-10-28,2025-10-28,2025-10-27,2025-10-27 15:46:00 CET,KLAX,88F to 89F,88F to 89F,NO,41.0,91.94,0.5094,700.0,1007.32,Win,63974.11,2025-10-27T14:01:00Z,2025-10-27T12:00:00Z,2025-10-27T14:31:00Z,D:\Ahmed\data\kalshi\kalshi_history\kxhighlax_2025_01_01_to_2026_03_05\KLAX_20251028.csv
2025-10-29,2025-10-29,2025-10-28,2025-10-28 22:31:00 CET,KLAX,81F to 82F,81F to 82F,NO,55.92,91.59,0.3567,700.0,551.79,Win,64525.9,2025-10-28T14:08:00Z,2025-10-28T12:00:00Z,2025-10-28T14:38:00Z,D:\Ahmed\data\kalshi\kalshi_history\kxhighlax_2025_01_01_to_2026_03_05\KLAX_20251029.csv
2025-10-31,2025-10-31,2025-10-31,2025-10-31 02:02:00 CET,KNYC,58F to 59F,58F to 59F,NO,61.0,86.94,0.2594,700.0,-700.0,Loss,63825.9,2025-10-30T14:08:00Z,2025-10-30T12:00:00Z,2025-10-30T14:38:00Z,D:\Ahmed\data\kalshi\kalshi_history\kxhighny_2024_10_01_to_2025_12_31\KNYC_20251031.csv
2025-11-01,2025-11-01,2025-11-01,2025-11-01 18:56:00 CET,KMIA,82F to 83F,82F to 83F,NO,43.05,92.74,0.4969,700.0,-700.0,Loss,63125.9,2025-10-31T14:01:00Z,2025-10-31T12:00:00Z,2025-10-31T14:31:00Z,D:\Ahmed\data\kalshi\kalshi_history\kxhighmia_2024_10_01_to_2025_12_31\KMIA_20251101.csv
2025-11-03,2025-11-03,2025-11-03,2025-11-03 09:36:00 CET,KMDW,59F to 60F,59F to 60F,NO,65.3,92.97,0.2767,700.0,371.98,Win,63497.87,2025-11-03T06:35:00Z,2025-11-02T12:00:00Z,2025-11-03T07:05:00Z,D:\Ahmed\data\kalshi\kalshi_history\kxhighchi_2024_10_01_to_2026_03_03\KMDW_20251103.csv
2025-11-04,2025-11-04,2025-11-04,2025-11-04 00:46:00 CET,KMIA,79F to 80F,79F to 80F,NO,63.7,93.77,0.3007,700.0,398.9,Win,63896.77,2025-11-03T22:54:00Z,2025-11-03T12:00:00Z,2025-11-03T23:24:00Z,D:\Ahmed\data\kalshi\kalshi_history\kxhighmia_2024_10_01_to_2025_12_31\KMIA_20251104.csv
2025-11-05,2025-11-05,2025-11-04,2025-11-04 18:29:00 CET,KMDW,60F to 61F,60F to 61F,NO,66.0,91.64,0.2564,700.0,360.61,Win,64257.38,2025-11-04T15:01:00Z,2025-11-04T12:00:00Z,2025-11-04T15:31:00Z,D:\Ahmed\data\kalshi\kalshi_history\kxhighchi_2024_10_01_to_2026_03_03\KMDW_20251105.csv
2025-11-06,2025-11-06,2025-11-05,2025-11-05 18:13:00 CET,KNYC,52F or below,52F or below,NO,75.0,100.0,0.25,700.0,233.33,Win,64490.71,2025-11-05T15:10:00Z,2025-11-05T12:00:00Z,2025-11-05T15:40:00Z,D:\Ahmed\data\kalshi\kalshi_history\kxhighny_2024_10_01_to_2025_12_31\KNYC_20251106.csv
2025-11-07,2025-11-07,2025-11-07,2025-11-07 17:57:00 CET,KMIA,88F or above,88F or above,NO,61.99,93.72,0.3173,700.0,429.21,Win,64919.93,2025-11-06T15:47:00Z,2025-11-06T12:00:00Z,2025-11-06T16:17:00Z,D:\Ahmed\data\kalshi\kalshi_history\kxhighmia_2024_10_01_to_2025_12_31\KMIA_20251107.csv
2025-11-08,2025-11-08,2025-11-08,2025-11-08 19:38:00 CET,KNYC,66F to 67F,66F to 67F,NO,59.34,88.13,0.2879,700.0,479.64,Win,65399.57,2025-11-07T15:05:00Z,2025-11-07T12:00:00Z,2025-11-07T15:35:00Z,D:\Ahmed\data\kalshi\kalshi_history\kxhighny_2024_10_01_to_2025_12_31\KNYC_20251108.csv
2025-11-10,2025-11-10,2025-11-09,2025-11-09 16:41:00 CET,KLAX,78F or below,78F or below,NO,41.0,94.89,0.5389,700.0,-700.0,Loss,64699.57,2025-11-09T15:03:00Z,2025-11-09T12:00:00Z,2025-11-09T15:33:00Z,D:\Ahmed\data\kalshi\kalshi_history\kxhighlax_2025_01_01_to_2026_03_05\KLAX_20251110.csv
2025-11-11,2025-11-11,2025-11-10,2025-11-10 18:35:00 CET,KMDW,40F to 41F,40F to 41F,NO,63.0,94.67,0.3167,700.0,411.11,Win,65110.68,2025-11-10T15:12:00Z,2025-11-10T12:00:00Z,2025-11-10T15:42:00Z,D:\Ahmed\data\kalshi\kalshi_history\kxhighchi_2024_10_01_to_2026_03_03\KMDW_20251111.csv
2025-11-12,2025-11-12,2025-11-11,2025-11-11 18:34:00 CET,KMDW,49F to 50F,49F to 50F,NO,71.7,100.0,0.283,700.0,276.29,Win,65386.97,2025-11-11T15:17:00Z,2025-11-11T12:00:00Z,2025-11-11T15:47:00Z,D:\Ahmed\data\kalshi\kalshi_history\kxhighchi_2024_10_01_to_2026_03_03\KMDW_20251112.csv
2025-11-13,2025-11-13,2025-11-13,2025-11-13 15:41:00 CET,KMDW,53F to 54F,53F to 54F,NO,62.15,94.26,0.3211,700.0,-700.0,Loss,64686.97,2025-11-12T15:16:00Z,2025-11-12T12:00:00Z,2025-11-12T15:46:00Z,D:\Ahmed\data\kalshi\kalshi_history\kxhighchi_2024_10_01_to_2026_03_03\KMDW_20251113.csv
2025-11-14,2025-11-14,2025-11-13,2025-11-13 16:48:00 CET,KMDW,64F to 65F,64F to 65F,NO,60.0,88.17,0.2817,700.0,466.67,Win,65153.64,2025-11-13T15:18:00Z,2025-11-13T12:00:00Z,2025-11-13T15:48:00Z,D:\Ahmed\data\kalshi\kalshi_history\kxhighchi_2024_10_01_to_2026_03_03\KMDW_20251114.csv
2025-11-15,2025-11-15,2025-11-15,2025-11-15 07:36:00 CET,KLAX,62F to 63F,62F to 63F,NO,56.05,93.05,0.37,700.0,548.88,Win,65702.52,2025-11-14T15:01:00Z,2025-11-14T12:00:00Z,2025-11-14T15:31:00Z,D:\Ahmed\data\kalshi\kalshi_history\kxhighlax_2025_01_01_to_2026_03_05\KLAX_20251115.csv
2025-11-16,2025-11-16,2025-11-15,2025-11-15 17:55:00 CET,KLAX,60F to 61F,60F to 61F,NO,67.0,92.04,0.2504,700.0,344.78,Win,66047.3,2025-11-15T16:06:00Z,2025-11-15T12:00:00Z,2025-11-15T16:36:00Z,D:\Ahmed\data\kalshi\kalshi_history\kxhighlax_2025_01_01_to_2026_03_05\KLAX_20251116.csv
2025-11-17,2025-11-17,2025-11-16,2025-11-16 23:44:00 CET,KMDW,50F to 51F,50F to 51F,NO,60.0,87.07,0.2707,700.0,466.67,Win,66513.96,2025-11-16T15:33:00Z,2025-11-16T12:00:00Z,2025-11-16T16:03:00Z,D:\Ahmed\data\kalshi\kalshi_history\kxhighchi_2024_10_01_to_2026_03_03\KMDW_20251117.csv
2025-11-18,2025-11-18,2025-11-17,2025-11-17 18:22:00 CET,KMDW,47F to 48F,47F to 48F,NO,61.0,89.43,0.2843,700.0,447.54,Win,66961.51,2025-11-17T15:08:00Z,2025-11-17T12:00:00Z,2025-11-17T15:38:00Z,D:\Ahmed\data\kalshi\kalshi_history\kxhighchi_2024_10_01_to_2026_03_03\KMDW_20251118.csv
2025-11-19,2025-11-19,2025-11-18,2025-11-18 16:55:00 CET,KLAX,61F to 62F,61F to 62F,NO,64.0,100.0,0.36,700.0,-700.0,Loss,66261.51,2025-11-18T15:01:00Z,2025-11-18T12:00:00Z,2025-11-18T15:31:00Z,D:\Ahmed\data\kalshi\kalshi_history\kxhighlax_2025_01_01_to_2026_03_05\KLAX_20251119.csv
2025-11-20,2025-11-20,2025-11-19,2025-11-19 22:39:00 CET,KNYC,45F to 46F,45F to 46F,NO,67.8,93.06,0.2526,700.0,332.45,Win,66593.95,2025-11-19T15:12:00Z,2025-11-19T12:00:00Z,2025-11-19T15:42:00Z,D:\Ahmed\data\kalshi\kalshi_history\kxhighny_2024_10_01_to_2025_12_31\KNYC_20251120.csv
2025-11-21,2025-11-21,2025-11-20,2025-11-20 21:49:00 CET,KLAX,65F to 66F,65F to 66F,NO,62.09,87.49,0.254,700.0,-700.0,Loss,65893.95,2025-11-20T15:02:00Z,2025-11-20T12:00:00Z,2025-11-20T15:32:00Z,D:\Ahmed\data\kalshi\kalshi_history\kxhighlax_2025_01_01_to_2026_03_05\KLAX_20251121.csv
2025-11-22,2025-11-22,2025-11-21,2025-11-21 22:52:00 CET,KMDW,48F to 49F,48F to 49F,NO,75.0,100.0,0.25,700.0,-700.0,Loss,65193.95,2025-11-21T15:03:00Z,2025-11-21T12:00:00Z,2025-11-21T15:33:00Z,D:\Ahmed\data\kalshi\kalshi_history\kxhighchi_2024_10_01_to_2026_03_03\KMDW_20251122.csv
2025-11-23,2025-11-23,2025-11-22,2025-11-22 22:42:00 CET,KLAX,69F to 70F,69F to 70F,NO,63.0,88.6,0.256,700.0,-700.0,Loss,64493.95,2025-11-22T15:05:00Z,2025-11-22T12:00:00Z,2025-11-22T15:35:00Z,D:\Ahmed\data\kalshi\kalshi_history\kxhighlax_2025_01_01_to_2026_03_05\KLAX_20251123.csv
2025-11-24,2025-11-24,2025-11-23,2025-11-23 23:10:00 CET,KMDW,49F to 50F,49F to 50F,NO,59.32,93.92,0.346,700.0,480.04,Win,64973.99,2025-11-23T15:17:00Z,2025-11-23T12:00:00Z,2025-11-23T15:47:00Z,D:\Ahmed\data\kalshi\kalshi_history\kxhighchi_2024_10_01_to_2026_03_03\KMDW_20251124.csv
2025-11-25,2025-11-25,2025-11-25,2025-11-25 12:17:00 CET,KMIA,81F to 82F,81F to 82F,NO,60.5,86.1,0.256,700.0,457.02,Win,65431.02,2025-11-24T15:24:00Z,2025-11-24T12:00:00Z,2025-11-24T15:54:00Z,D:\Ahmed\data\kalshi\kalshi_history\kxhighmia_2024_10_01_to_2025_12_31\KMIA_20251125.csv
2025-11-26,2025-11-26,2025-11-25,2025-11-25 23:01:00 CET,KMDW,43F or below,43F or below,NO,36.66,85.44,0.4878,700.0,-700.0,Loss,64731.02,2025-11-25T15:14:00Z,2025-11-25T12:00:00Z,2025-11-25T15:44:00Z,D:\Ahmed\data\kalshi\kalshi_history\kxhighchi_2024_10_01_to_2026_03_03\KMDW_20251126.csv
2025-11-27,2025-11-27,2025-11-26,2025-11-26 17:57:00 CET,KLAX,73F to 74F,73F to 74F,NO,74.0,100.0,0.26,700.0,245.95,Win,64976.96,2025-11-26T15:01:00Z,2025-11-26T12:00:00Z,2025-11-26T15:31:00Z,D:\Ahmed\data\kalshi\kalshi_history\kxhighlax_2025_01_01_to_2026_03_05\KLAX_20251127.csv
2025-11-28,2025-11-28,2025-11-27,2025-11-27 20:06:00 CET,KLAX,67F to 68F,67F to 68F,NO,65.0,91.24,0.2624,700.0,376.92,Win,65353.89,2025-11-27T15:01:00Z,2025-11-27T12:00:00Z,2025-11-27T15:31:00Z,D:\Ahmed\data\kalshi\kalshi_history\kxhighlax_2025_01_01_to_2026_03_05\KLAX_20251128.csv
2025-11-29,2025-11-29,2025-11-28,2025-11-28 23:52:00 CET,KLAX,69F to 70F,69F to 70F,NO,56.92,88.38,0.3146,700.0,529.8,Win,65883.68,2025-11-28T15:53:00Z,2025-11-28T12:00:00Z,2025-11-28T16:23:00Z,D:\Ahmed\data\kalshi\kalshi_history\kxhighlax_2025_01_01_to_2026_03_05\KLAX_20251129.csv
2025-11-30,2025-11-30,2025-11-29,2025-11-29 16:42:00 CET,KMDW,35F to 36F,35F to 36F,NO,62.0,89.92,0.2792,700.0,429.03,Win,66312.72,2025-11-29T15:08:00Z,2025-11-29T12:00:00Z,2025-11-29T15:38:00Z,D:\Ahmed\data\kalshi\kalshi_history\kxhighchi_2024_10_01_to_2026_03_03\KMDW_20251130.csv
2025-12-01,2025-12-01,2025-11-30,2025-11-30 18:41:00 CET,KMIA,84F to 85F,84F to 85F,NO,53.0,86.99,0.3399,700.0,-700.0,Loss,65612.72,2025-11-30T15:39:00Z,2025-11-30T12:00:00Z,2025-11-30T16:09:00Z,D:\Ahmed\data\kalshi\kalshi_history\kxhighmia_2024_10_01_to_2025_12_31\KMIA_20251201.csv
2025-12-02,2025-12-02,2025-12-01,2025-12-01 17:41:00 CET,KMDW,27F to 28F,27F to 28F,NO,61.5,92.36,0.3086,700.0,438.21,Win,66050.93,2025-12-01T15:15:00Z,2025-12-01T12:00:00Z,2025-12-01T15:45:00Z,D:\Ahmed\data\kalshi\kalshi_history\kxhighchi_2024_10_01_to_2026_03_03\KMDW_20251202.csv
2025-12-03,2025-12-03,2025-12-02,2025-12-02 16:48:00 CET,KMDW,33F to 34F,33F to 34F,NO,58.39,86.82,0.2843,700.0,498.84,Win,66549.76,2025-12-02T15:08:00Z,2025-12-02T12:00:00Z,2025-12-02T15:38:00Z,D:\Ahmed\data\kalshi\kalshi_history\kxhighchi_2024_10_01_to_2026_03_03\KMDW_20251203.csv
2025-12-04,2025-12-04,2025-12-03,2025-12-03 18:38:00 CET,KMDW,18F to 19F,18F to 19F,NO,52.0,100.0,0.48,700.0,646.15,Win,67195.92,2025-12-03T15:16:00Z,2025-12-03T12:00:00Z,2025-12-03T15:46:00Z,D:\Ahmed\data\kalshi\kalshi_history\kxhighchi_2024_10_01_to_2026_03_03\KMDW_20251204.csv
2025-12-05,2025-12-05,2025-12-04,2025-12-04 17:27:00 CET,KMDW,30F to 31F,30F to 31F,NO,65.0,90.73,0.2573,700.0,-700.0,Loss,66495.92,2025-12-04T15:16:00Z,2025-12-04T12:00:00Z,2025-12-04T15:46:00Z,D:\Ahmed\data\kalshi\kalshi_history\kxhighchi_2024_10_01_to_2026_03_03\KMDW_20251205.csv
2025-12-06,2025-12-06,2025-12-05,2025-12-05 17:22:00 CET,KMDW,30F to 31F,30F to 31F,NO,55.0,91.09,0.3609,700.0,572.73,Win,67068.64,2025-12-05T15:03:00Z,2025-12-05T12:00:00Z,2025-12-05T15:33:00Z,D:\Ahmed\data\kalshi\kalshi_history\kxhighchi_2024_10_01_to_2026_03_03\KMDW_20251206.csv
2025-12-07,2025-12-07,2025-12-07,2025-12-07 12:01:00 CET,KLAX,73F or above,73F or above,NO,72.7,100.0,0.273,700.0,262.86,Win,67331.51,2025-12-06T15:44:00Z,2025-12-06T12:00:00Z,2025-12-06T16:14:00Z,D:\Ahmed\data\kalshi\kalshi_history\kxhighlax_2025_01_01_to_2026_03_05\KLAX_20251207.csv
2025-12-08,2025-12-08,2025-12-07,2025-12-07 16:50:00 CET,KMDW,24F to 25F,24F to 25F,NO,69.0,100.0,0.31,700.0,314.49,Win,67646.0,2025-12-07T15:20:00Z,2025-12-07T12:00:00Z,2025-12-07T15:50:00Z,D:\Ahmed\data\kalshi\kalshi_history\kxhighchi_2024_10_01_to_2026_03_03\KMDW_20251208.csv
2025-12-09,2025-12-09,2025-12-08,2025-12-08 18:19:00 CET,KNYC,34F to 35F,34F to 35F,NO,60.0,85.59,0.2559,700.0,-700.0,Loss,66946.0,2025-12-08T15:06:00Z,2025-12-08T12:00:00Z,2025-12-08T15:36:00Z,D:\Ahmed\data\kalshi\kalshi_history\kxhighny_2024_10_01_to_2025_12_31\KNYC_20251209.csv
2025-12-10,2025-12-10,2025-12-09,2025-12-09 16:50:00 CET,KLAX,77F to 78F,77F to 78F,NO,61.0,90.52,0.2952,700.0,447.54,Win,67393.54,2025-12-09T15:01:00Z,2025-12-09T12:00:00Z,2025-12-09T15:31:00Z,D:\Ahmed\data\kalshi\kalshi_history\kxhighlax_2025_01_01_to_2026_03_05\KLAX_20251210.csv
2025-12-11,2025-12-11,2025-12-10,2025-12-10 17:27:00 CET,KMDW,26F to 27F,26F to 27F,NO,61.0,87.18,0.2618,700.0,447.54,Win,67841.08,2025-12-10T15:08:00Z,2025-12-10T12:00:00Z,2025-12-10T15:38:00Z,D:\Ahmed\data\kalshi\kalshi_history\kxhighchi_2024_10_01_to_2026_03_03\KMDW_20251211.csv
2025-12-12,2025-12-12,2025-12-12,2025-12-12 06:16:00 CET,KMIA,76F to 77F,76F to 77F,NO,54.1,85.26,0.3116,700.0,593.9,Win,68434.98,2025-12-11T15:09:00Z,2025-12-11T12:00:00Z,2025-12-11T15:39:00Z,D:\Ahmed\data\kalshi\kalshi_history\kxhighmia_2024_10_01_to_2025_12_31\KMIA_20251212.csv
2025-12-13,2025-12-13,2025-12-13,2025-12-13 02:26:00 CET,KLAX,64F or below,64F or below,NO,63.12,88.38,0.2526,700.0,-700.0,Loss,67734.98,2025-12-12T15:10:00Z,2025-12-12T12:00:00Z,2025-12-12T15:40:00Z,D:\Ahmed\data\kalshi\kalshi_history\kxhighlax_2025_01_01_to_2026_03_05\KLAX_20251213.csv
2025-12-14,2025-12-14,2025-12-13,2025-12-13 17:49:00 CET,KMDW,12F to 13F,12F to 13F,NO,60.0,87.3,0.273,700.0,466.67,Win,68201.65,2025-12-13T15:26:00Z,2025-12-13T12:00:00Z,2025-12-13T15:56:00Z,D:\Ahmed\data\kalshi\kalshi_history\kxhighchi_2024_10_01_to_2026_03_03\KMDW_20251214.csv
2025-12-15,2025-12-15,2025-12-14,2025-12-14 17:07:00 CET,KLAX,67F to 68F,67F to 68F,NO,61.65,100.0,0.3835,700.0,435.44,Win,68637.09,2025-12-14T15:04:00Z,2025-12-14T12:00:00Z,2025-12-14T15:34:00Z,D:\Ahmed\data\kalshi\kalshi_history\kxhighlax_2025_01_01_to_2026_03_05\KLAX_20251215.csv
2025-12-16,2025-12-16,2025-12-15,2025-12-15 16:53:00 CET,KNYC,32F to 33F,32F to 33F,NO,60.45,90.95,0.305,700.0,-700.0,Loss,67937.09,2025-12-15T15:07:00Z,2025-12-15T12:00:00Z,2025-12-15T15:37:00Z,D:\Ahmed\data\kalshi\kalshi_history\kxhighny_2024_10_01_to_2025_12_31\KNYC_20251216.csv
2025-12-17,2025-12-17,2025-12-16,2025-12-16 16:50:00 CET,KMDW,42F or above,42F or above,YES,25.0,86.19,0.6119,700.0,2100.0,Win,70037.09,2025-12-16T15:08:00Z,2025-12-16T12:00:00Z,2025-12-16T15:38:00Z,D:\Ahmed\data\kalshi\kalshi_history\kxhighchi_2024_10_01_to_2026_03_03\KMDW_20251217.csv
2025-12-18,2025-12-18,2025-12-17,2025-12-17 16:39:00 CET,KLAX,71F or below,71F or below,NO,35.0,85.14,0.5014,700.0,-700.0,Loss,69337.09,2025-12-17T15:02:00Z,2025-12-17T12:00:00Z,2025-12-17T15:32:00Z,D:\Ahmed\data\kalshi\kalshi_history\kxhighlax_2025_01_01_to_2026_03_05\KLAX_20251218.csv
2025-12-19,2025-12-19,2025-12-19,2025-12-19 18:57:00 CET,KLAX,69F to 70F,69F to 70F,NO,59.6,85.73,0.2613,700.0,474.5,Win,69811.59,2025-12-18T15:04:00Z,2025-12-18T12:00:00Z,2025-12-18T15:34:00Z,D:\Ahmed\data\kalshi\kalshi_history\kxhighlax_2025_01_01_to_2026_03_05\KLAX_20251219.csv
2025-12-20,2025-12-20,2025-12-19,2025-12-19 16:32:00 CET,KNYC,38F to 39F,38F to 39F,NO,61.0,88.83,0.2783,700.0,-700.0,Loss,69111.59,2025-12-19T15:02:00Z,2025-12-19T12:00:00Z,2025-12-19T15:32:00Z,D:\Ahmed\data\kalshi\kalshi_history\kxhighny_2024_10_01_to_2025_12_31\KNYC_20251220.csv
2025-12-21,2025-12-21,2025-12-21,2025-12-21 13:22:00 CET,KLAX,62F to 63F,62F to 63F,NO,60.0,86.26,0.2626,700.0,466.67,Win,69578.25,2025-12-20T15:20:00Z,2025-12-20T12:00:00Z,2025-12-20T15:50:00Z,D:\Ahmed\data\kalshi\kalshi_history\kxhighlax_2025_01_01_to_2026_03_05\KLAX_20251221.csv
2025-12-22,2025-12-22,2025-12-22,2025-12-22 13:22:00 CET,KLAX,61F or below,61F or below,NO,75.0,100.0,0.25,700.0,233.33,Win,69811.59,2025-12-21T15:25:00Z,2025-12-21T12:00:00Z,2025-12-21T15:55:00Z,D:\Ahmed\data\kalshi\kalshi_history\kxhighlax_2025_01_01_to_2026_03_05\KLAX_20251222.csv
2025-12-23,2025-12-23,2025-12-23,2025-12-23 21:09:00 CET,KLAX,60F to 61F,60F to 61F,NO,64.0,91.26,0.2726,700.0,393.75,Win,70205.34,2025-12-22T15:15:00Z,2025-12-22T12:00:00Z,2025-12-22T15:45:00Z,D:\Ahmed\data\kalshi\kalshi_history\kxhighlax_2025_01_01_to_2026_03_05\KLAX_20251223.csv
2025-12-24,2025-12-24,2025-12-24,2025-12-24 17:10:00 CET,KNYC,46F to 47F,46F to 47F,NO,54.19,86.14,0.3195,700.0,-700.0,Loss,69505.34,2025-12-23T15:02:00Z,2025-12-23T12:00:00Z,2025-12-23T15:32:00Z,D:\Ahmed\data\kalshi\kalshi_history\kxhighny_2024_10_01_to_2025_12_31\KNYC_20251224.csv
2025-12-25,2025-12-25,2025-12-25,2025-12-25 04:30:00 CET,KNYC,49F or above,49F or above,NO,75.0,100.0,0.25,700.0,-700.0,Loss,68805.34,2025-12-24T15:08:00Z,2025-12-24T12:00:00Z,2025-12-24T15:38:00Z,D:\Ahmed\data\kalshi\kalshi_history\kxhighny_2024_10_01_to_2025_12_31\KNYC_20251225.csv
2025-12-26,2025-12-26,2025-12-25,2025-12-25 16:58:00 CET,KMDW,57F or above,57F or above,NO,56.0,100.0,0.44,700.0,550.0,Win,69355.34,2025-12-25T15:01:00Z,2025-12-25T12:00:00Z,2025-12-25T15:31:00Z,D:\Ahmed\data\kalshi\kalshi_history\kxhighchi_2024_10_01_to_2026_03_03\KMDW_20251226.csv
2025-12-27,2025-12-27,2025-12-26,2025-12-26 18:24:00 CET,KLAX,58F to 59F,58F to 59F,NO,75.0,100.0,0.25,700.0,233.33,Win,69588.67,2025-12-26T15:27:00Z,2025-12-26T12:00:00Z,2025-12-26T15:57:00Z,D:\Ahmed\data\kalshi\kalshi_history\kxhighlax_2025_01_01_to_2026_03_05\KLAX_20251227.csv
2025-12-28,2025-12-28,2025-12-27,2025-12-27 16:36:00 CET,KMDW,59F to 60F,59F to 60F,NO,60.0,88.4,0.284,700.0,-700.0,Loss,68888.67,2025-12-27T15:06:00Z,2025-12-27T12:00:00Z,2025-12-27T15:36:00Z,D:\Ahmed\data\kalshi\kalshi_history\kxhighchi_2024_10_01_to_2026_03_03\KMDW_20251228.csv
2025-12-29,2025-12-29,2025-12-28,2025-12-28 20:23:00 CET,KMDW,24F to 25F,24F to 25F,NO,75.0,100.0,0.25,700.0,-700.0,Loss,68188.67,2025-12-28T15:01:00Z,2025-12-28T12:00:00Z,2025-12-28T15:31:00Z,D:\Ahmed\data\kalshi\kalshi_history\kxhighchi_2024_10_01_to_2026_03_03\KMDW_20251229.csv
2025-12-30,2025-12-30,2025-12-29,2025-12-29 21:47:00 CET,KNYC,30F to 31F,30F to 31F,NO,74.93,100.0,0.2507,700.0,234.21,Win,68422.87,2025-12-29T15:03:00Z,2025-12-29T12:00:00Z,2025-12-29T15:33:00Z,D:\Ahmed\data\kalshi\kalshi_history\kxhighny_2024_10_01_to_2025_12_31\KNYC_20251230.csv
2025-12-31,2025-12-31,2025-12-30,2025-12-30 16:31:00 CET,KMIA,66F to 67F,66F to 67F,NO,59.0,85.76,0.2676,700.0,486.44,Win,68909.31,2025-12-30T15:01:00Z,2025-12-30T12:00:00Z,2025-12-30T15:31:00Z,D:\Ahmed\data\kalshi\kalshi_history\kxhighmia_2024_10_01_to_2025_12_31\KMIA_20251231.csv
