{
  "test": {
    "bias": 0.28365409623186544,
    "corr": 0.9905518222539919,
    "mae": 1.8391480159077154,
    "maxAE": 9.722313547419951,
    "medianAE": 1.4126964857101605,
    "n": 332,
    "rmse": 2.388553774452841
  },
  "train": {
    "bias": -1.0136698452300811e-10,
    "corr": 0.9987191222313587,
    "mae": 0.6262948672016957,
    "maxAE": 6.943714160714123,
    "medianAE": 0.5106866232550651,
    "n": 1224,
    "rmse": 0.8381234461834987
  },
  "validation": {
    "bias": -0.14541355789733293,
    "corr": 0.9920736726061868,
    "mae": 1.916523314383914,
    "maxAE": 8.10100243033283,
    "medianAE": 1.6542589187579857,
    "n": 214,
    "rmse": 2.4830369275357143
  }
}