{
  "fill_values": {
    "asof_cos_hour": -1.0,
    "asof_sin_hour": 1.2246467991473535e-16,
    "biasA_30": 6.742911025873302,
    "biasB_30": 6.742911025873302,
    "cos_doy": -0.009202252152997253,
    "dbias_30": 0.0,
    "dmae_30": 0.0,
    "gfs_n_x_mean": 78.3112536713557,
    "is_weekend": 0.28569221260815825,
    "maeA_30": 6.825624204167875,
    "maeB_30": 6.825624204167875,
    "month": 6.457045735475896,
    "nam_n_x_mean": 78.37757074377609,
    "nx_bcA": 85.09951955300508,
    "nx_bcB": 85.09951955300508,
    "sin_doy": 0.008954716989572519
  },
  "method": "train_mean"
}