{
  "per_station_test": {
    "KMIA": {
      "bias": 0.3305337801011436,
      "mae": 1.3482643923035482,
      "p50_abs_error": 0.921048767922187,
      "p90_abs_error": 2.990131504533543,
      "p95_abs_error": 3.7854247209989893,
      "rmse": 1.8996157451346527
    }
  },
  "test": {
    "bias": 0.3305337801011436,
    "mae": 1.3482643923035482,
    "p50_abs_error": 0.921048767922187,
    "p90_abs_error": 2.990131504533543,
    "p95_abs_error": 3.7854247209989893,
    "rmse": 1.8996157451346527
  },
  "train": {
    "bias": -1.0416923634628171e-10,
    "mae": 1.0776380779650885,
    "p50_abs_error": 0.8320617216274258,
    "p90_abs_error": 2.3581173313156616,
    "p95_abs_error": 3.0323952359410313,
    "rmse": 1.453880448535894
  },
  "validation": {
    "bias": 0.05655562458539497,
    "mae": 1.5376888944745695,
    "p50_abs_error": 1.3017355105917403,
    "p90_abs_error": 3.0510061041193386,
    "p95_abs_error": 3.3546694493067455,
    "rmse": 1.9278513455699102
  }
}