{
  "test": {
    "bias": 0.3625023725137836,
    "corr": 0.9911996214289197,
    "mae": 1.7905810965605458,
    "maxAE": 8.849026420068242,
    "medianAE": 1.4259105285415252,
    "n": 332,
    "rmse": 2.321176277090911
  },
  "train": {
    "bias": -3.488388372644069e-11,
    "corr": 0.9991063630581691,
    "mae": 0.5229559210594864,
    "maxAE": 6.164094461387958,
    "medianAE": 0.40811491000107836,
    "n": 1224,
    "rmse": 0.700591537110917
  },
  "validation": {
    "bias": -0.12991752323855968,
    "corr": 0.9921097180839592,
    "mae": 1.9031592523526455,
    "maxAE": 7.563783998037586,
    "medianAE": 1.4656440241449786,
    "n": 214,
    "rmse": 2.4908730780782715
  }
}