{
  "test": {
    "bias": 0.21051550033869332,
    "corr": 0.9910782840384839,
    "mae": 1.801313019238597,
    "maxAE": 8.35163666106586,
    "medianAE": 1.4560181176219125,
    "n": 332,
    "rmse": 2.3165521424693187
  },
  "train": {
    "bias": -7.47370792704019e-12,
    "corr": 0.9992494788305222,
    "mae": 0.47616463630142447,
    "maxAE": 6.920834544458902,
    "medianAE": 0.37982531945671383,
    "n": 1224,
    "rmse": 0.6427235224007577
  },
  "validation": {
    "bias": -0.23511086377133475,
    "corr": 0.9921670926717677,
    "mae": 1.9337185814791944,
    "maxAE": 7.139326847266119,
    "medianAE": 1.552220333265545,
    "n": 214,
    "rmse": 2.457677889329216
  }
}