{
  "test": {
    "bias": 0.3599205263803237,
    "corr": 0.9913036513278892,
    "mae": 1.8655549165814835,
    "maxAE": 10.759737443234492,
    "medianAE": 1.4672711860687073,
    "n": 363,
    "rmse": 2.4627209743459537
  },
  "train": {
    "bias": -8.394600918532601e-12,
    "corr": 0.9985883738867668,
    "mae": 0.6580803152213309,
    "maxAE": 6.835239993949571,
    "medianAE": 0.5261712149350508,
    "n": 1224,
    "rmse": 0.8798336312077021
  },
  "validation": {
    "bias": -0.4317836800203416,
    "corr": 0.9895098469961376,
    "mae": 1.856153391821289,
    "maxAE": 8.751814338543447,
    "medianAE": 1.4931231470921702,
    "n": 184,
    "rmse": 2.444869006454786
  }
}