{
  "fill_values": {
    "asof_cos_hour": -1.0,
    "asof_sin_hour": 1.2246467991473535e-16,
    "bias_wspbin": 6.72968589553533,
    "bin_wsp": 0.9998454882571075,
    "cos_doy": -0.009202252152997253,
    "gfs_n_x_mean": 78.3112536713557,
    "gfs_wsp_mean": 7.20576982532076,
    "is_weekend": 0.28569221260815825,
    "month": 6.457045735475896,
    "nam_n_x_mean": 78.37757074377609,
    "nam_wsp_mean": 7.307194216792949,
    "nx_wsp_bc": 85.1083777966701,
    "sin_doy": 0.008954716989572519
  },
  "method": "train_mean"
}