{
  "per_station_test": {
    "KMIA": {
      "bias": 0.15309626253209146,
      "mae": 1.3810641066058438,
      "p50_abs_error": 0.991312281584463,
      "p90_abs_error": 2.9414517756402483,
      "p95_abs_error": 3.8888668629987193,
      "rmse": 1.953841645781123
    }
  },
  "test": {
    "bias": 0.15309626253209146,
    "mae": 1.3810641066058438,
    "p50_abs_error": 0.991312281584463,
    "p90_abs_error": 2.9414517756402483,
    "p95_abs_error": 3.8888668629987193,
    "rmse": 1.953841645781123
  },
  "train": {
    "bias": -1.7718203226535968e-10,
    "mae": 1.167265035976096,
    "p50_abs_error": 0.8702369686792082,
    "p90_abs_error": 2.55813440173774,
    "p95_abs_error": 3.291575134437456,
    "rmse": 1.5906707088472327
  },
  "validation": {
    "bias": -0.12037459072282745,
    "mae": 1.4883211988827272,
    "p50_abs_error": 1.3984889130310165,
    "p90_abs_error": 2.9822861755279746,
    "p95_abs_error": 3.288350130968552,
    "rmse": 1.8690117138951157
  }
}