{
  "test": {
    "bias": 0.4559526266352385,
    "corr": 0.9907661623057277,
    "mae": 1.8134754445375976,
    "maxAE": 9.54573463594678,
    "medianAE": 1.3721861215899906,
    "n": 332,
    "rmse": 2.3889057072793096
  },
  "train": {
    "bias": 8.442347764951123e-11,
    "corr": 0.9988259727155413,
    "mae": 0.6058187255454399,
    "maxAE": 6.755087001908709,
    "medianAE": 0.48671639559432833,
    "n": 1224,
    "rmse": 0.8024958561875676
  },
  "validation": {
    "bias": -0.1684783331779131,
    "corr": 0.9924661599619538,
    "mae": 1.8315752289954972,
    "maxAE": 7.979104101890648,
    "medianAE": 1.321374499038189,
    "n": 214,
    "rmse": 2.438695965220997
  }
}