{
  "test": {
    "bias": 0.32316697977208514,
    "corr": 0.990983060586512,
    "mae": 1.8022308199228843,
    "maxAE": 8.833674964959108,
    "medianAE": 1.5355435540494895,
    "n": 332,
    "rmse": 2.33972927953972
  },
  "train": {
    "bias": -2.75405638744651e-11,
    "corr": 0.9987286757291137,
    "mae": 0.6293795249481942,
    "maxAE": 6.888675678220064,
    "medianAE": 0.5034364587786655,
    "n": 1224,
    "rmse": 0.8352419700177974
  },
  "validation": {
    "bias": -0.1988279401239307,
    "corr": 0.9922918719905118,
    "mae": 1.8918404125377892,
    "maxAE": 7.557310550184738,
    "medianAE": 1.533093613638691,
    "n": 214,
    "rmse": 2.465942463306176
  }
}