{
  "baseline": {
    "climatology_test": {
      "bias": 1.878099173553719,
      "mae": 7.247245179063361,
      "p50_abs_error": 6.0,
      "p90_abs_error": 15.466666666666669,
      "p95_abs_error": 18.224999999999994,
      "rmse": 9.302089454941393
    },
    "climatology_val": {
      "bias": -0.3800174055129297,
      "mae": 6.145344913327649,
      "p50_abs_error": 4.833333333333336,
      "p90_abs_error": 12.233333333333341,
      "p95_abs_error": 15.616666666666662,
      "rmse": 7.826476359449888
    },
    "ensemble_mean_test": {
      "bias": -1.006985970393393,
      "mae": 2.026175480053542,
      "p50_abs_error": 1.7249564865275957,
      "p90_abs_error": 3.9618212977255185,
      "p95_abs_error": 5.0827168228641275,
      "rmse": 2.5600414415064736
    },
    "ensemble_mean_val": {
      "bias": -1.0084753178243502,
      "mae": 1.8594145773146986,
      "p50_abs_error": 1.6392003879341708,
      "p90_abs_error": 3.8295593884539487,
      "p95_abs_error": 4.937016528714049,
      "rmse": 2.3912225695300124
    }
  },
  "per_station_test": {
    "KNYC": {
      "bias": 0.486378302696682,
      "mae": 1.9250826387660744,
      "p50_abs_error": 1.5465052854041232,
      "p90_abs_error": 4.058776567937561,
      "p95_abs_error": 5.2251107650230635,
      "rmse": 2.513279617626549
    }
  },
  "probabilistic_test": {
    "brier_scores": {
      "ge_90": 0.026618199648782998,
      "lt_52": 0.04280116878213198
    },
    "log_loss": 3.530218480349292
  },
  "probabilistic_validation": {
    "brier_scores": {
      "ge_90": 0.02824459382040443,
      "lt_52": 0.02715698373499319
    },
    "log_loss": 3.569712275337055
  },
  "test": {
    "bias": 0.486378302696682,
    "mae": 1.9250826387660744,
    "p50_abs_error": 1.5465052854041232,
    "p90_abs_error": 4.058776567937561,
    "p95_abs_error": 5.2251107650230635,
    "rmse": 2.513279617626549
  },
  "train": {
    "bias": 7.391236156828317e-06,
    "mae": 0.3376094024739352,
    "p50_abs_error": 0.2556889791709622,
    "p90_abs_error": 0.6961985502456082,
    "p95_abs_error": 0.9071125574686391,
    "rmse": 0.49432704383385456
  },
  "validation": {
    "bias": -0.4066735941889763,
    "mae": 1.7931864916895268,
    "p50_abs_error": 1.3572778130573937,
    "p90_abs_error": 3.9554880359107436,
    "p95_abs_error": 5.014035991903153,
    "rmse": 2.377351141705024
  }
}