{
  "fill_values": {
    "asof_cos_hour": -1.0,
    "asof_sin_hour": 1.2246467991473535e-16,
    "cos_doy": -0.009202252152997253,
    "gfs_n_x_mean": 78.3112536713557,
    "gfs_n_x_mean_z_30": -0.01861914489424169,
    "gfs_n_x_mean_z_60": -0.030856647388730243,
    "gfs_n_x_mean_z_7": -0.1150649897052772,
    "gfs_tmp_mean": 77.53891637038183,
    "gfs_tmp_mean_z_30": -0.012527512036397095,
    "gfs_tmp_mean_z_60": -0.016273211311851592,
    "gfs_tmp_mean_z_7": -0.13400410312579622,
    "is_weekend": 0.28569221260815825,
    "month": 6.457045735475896,
    "nam_n_x_mean": 78.37757074377609,
    "nam_n_x_mean_z_30": 0.054069723294545555,
    "nam_n_x_mean_z_60": 0.033648630855014926,
    "nam_n_x_mean_z_7": 0.05681609617857523,
    "nam_tmp_mean": 77.52555280655636,
    "nam_tmp_mean_z_30": 0.05683176521767456,
    "nam_tmp_mean_z_60": 0.042211128497591434,
    "nam_tmp_mean_z_7": 0.023405636050886882,
    "nx_ens_z_30": 0.0205813943664481,
    "nx_ens_z_60": 0.0015014327121807885,
    "nx_ens_z_7": -0.030420710714478456,
    "nx_ens_z_short_minus_long": -0.029349975703922622,
    "sin_doy": 0.008954716989572519,
    "tmp_ens_z_30": 0.02275561717090337,
    "tmp_ens_z_60": 0.011871494039905346,
    "tmp_ens_z_7": -0.0681798148372924,
    "tmp_ens_z_short_minus_long": -0.07687802832855804
  },
  "method": "train_mean"
}