{
  "test": {
    "bias": 0.37442141168437604,
    "corr": 0.9904131035907752,
    "mae": 1.8998629739794182,
    "maxAE": 8.325128890063638,
    "medianAE": 1.5232937556532278,
    "n": 332,
    "rmse": 2.4289337934357635
  },
  "train": {
    "bias": 8.003535379829867e-12,
    "corr": 0.9989625330406915,
    "mae": 0.5696120083223883,
    "maxAE": 6.868880851924239,
    "medianAE": 0.45946707597625647,
    "n": 1224,
    "rmse": 0.7546691405488114
  },
  "validation": {
    "bias": -0.262472459180279,
    "corr": 0.9922219224234425,
    "mae": 1.862726066746466,
    "maxAE": 7.621532687470705,
    "medianAE": 1.4803268407735644,
    "n": 214,
    "rmse": 2.4481064369149985
  }
}