{
  "test": {
    "bias": 0.42925691243461944,
    "corr": 0.9907492954992049,
    "mae": 1.8164321618553774,
    "maxAE": 11.05362968897414,
    "medianAE": 1.4497621567180659,
    "n": 332,
    "rmse": 2.3872124678073043
  },
  "train": {
    "bias": 9.402361242524314e-11,
    "corr": 0.9989590496682825,
    "mae": 0.5696695850224759,
    "maxAE": 6.835924477981557,
    "medianAE": 0.462486131868296,
    "n": 1224,
    "rmse": 0.7558201820399634
  },
  "validation": {
    "bias": -0.16360407646049982,
    "corr": 0.9923297063858685,
    "mae": 1.906389892997307,
    "maxAE": 7.328695328693058,
    "medianAE": 1.489601705732433,
    "n": 214,
    "rmse": 2.4634991276458047
  }
}