{
  "test": {
    "bias": 0.5032393348713968,
    "corr": 0.9904568236295399,
    "mae": 1.8877889344255057,
    "maxAE": 9.875728969127465,
    "medianAE": 1.5149253629295494,
    "n": 332,
    "rmse": 2.439341318433908
  },
  "train": {
    "bias": 4.9218743822769643e-11,
    "corr": 0.9991627809183541,
    "mae": 0.4975535583250534,
    "maxAE": 6.818214084853551,
    "medianAE": 0.3927925154051515,
    "n": 1224,
    "rmse": 0.677954499257096
  },
  "validation": {
    "bias": -0.07909080287927452,
    "corr": 0.9923723600475419,
    "mae": 1.8822427080192587,
    "maxAE": 7.375439524830355,
    "medianAE": 1.3682981491908386,
    "n": 214,
    "rmse": 2.460413933224693
  }
}