{
  "test": {
    "bias": 0.37648434623843074,
    "corr": 0.990667626355238,
    "mae": 1.8119168051720513,
    "maxAE": 8.74118811577923,
    "medianAE": 1.4207714992408853,
    "n": 332,
    "rmse": 2.3880641173480286
  },
  "train": {
    "bias": 4.11369297377081e-11,
    "corr": 0.9989419752958826,
    "mae": 0.5579045838725384,
    "maxAE": 6.913732322195081,
    "medianAE": 0.4290092841899593,
    "n": 1224,
    "rmse": 0.762117199095187
  },
  "validation": {
    "bias": -0.23301048408201705,
    "corr": 0.9923674234033083,
    "mae": 1.8671753072585153,
    "maxAE": 7.850288462837739,
    "medianAE": 1.5105210930569726,
    "n": 214,
    "rmse": 2.4563741332905806
  }
}