{
  "test": {
    "bias": 0.8375539405039917,
    "corr": 0.9905054413838341,
    "mae": 1.9397302677101669,
    "maxAE": 9.44973057142051,
    "medianAE": 1.5116250204736623,
    "n": 332,
    "rmse": 2.523301837195689
  },
  "train": {
    "bias": -1.7285931582273703e-11,
    "corr": 0.9992107276110296,
    "mae": 0.48867095036752006,
    "maxAE": 6.234745409714186,
    "medianAE": 0.39369605811142705,
    "n": 1224,
    "rmse": 0.6584097700069181
  },
  "validation": {
    "bias": -0.17051236190874536,
    "corr": 0.9919614260429054,
    "mae": 1.9221859697055632,
    "maxAE": 7.7199343924729185,
    "medianAE": 1.4927355536503981,
    "n": 214,
    "rmse": 2.5072075621067573
  }
}