{
  "test": {
    "bias": 0.44558780909042667,
    "corr": 0.9907479903918811,
    "mae": 1.8115759422436568,
    "maxAE": 10.330659466300332,
    "medianAE": 1.5097520690293784,
    "n": 332,
    "rmse": 2.3889081533317644
  },
  "train": {
    "bias": 2.935778272625927e-11,
    "corr": 0.9990892500626442,
    "mae": 0.5324509130377912,
    "maxAE": 6.190645240379304,
    "medianAE": 0.4206464339777085,
    "n": 1224,
    "rmse": 0.7076272751828137
  },
  "validation": {
    "bias": -0.09196275760487986,
    "corr": 0.991774037881246,
    "mae": 1.9247244093322162,
    "maxAE": 8.217775735737469,
    "medianAE": 1.473173444765095,
    "n": 214,
    "rmse": 2.5174742097771836
  }
}