bin,lo,hi,count,confidence,accuracy,abs_gap,validation_split,method
0,0.0,0.1,0,,,,fold1,B0_climatology
1,0.1,0.2,0,,,,fold1,B0_climatology
2,0.2,0.30000000000000004,0,,,,fold1,B0_climatology
3,0.30000000000000004,0.4,0,,,,fold1,B0_climatology
4,0.4,0.5,1096,0.4057285171947664,0.3978102189781022,0.007918298216664177,fold1,B0_climatology
5,0.5,0.6000000000000001,0,,,,fold1,B0_climatology
6,0.6000000000000001,0.7000000000000001,0,,,,fold1,B0_climatology
7,0.7000000000000001,0.8,0,,,,fold1,B0_climatology
8,0.8,0.9,0,,,,fold1,B0_climatology
9,0.9,1.0,0,,,,fold1,B0_climatology
0,0.0,0.1,0,,,,fold1,B1_global_residual_pmf
1,0.1,0.2,0,,,,fold1,B1_global_residual_pmf
2,0.2,0.30000000000000004,0,,,,fold1,B1_global_residual_pmf
3,0.30000000000000004,0.4,624,0.32179325839298245,0.3189102564102564,0.0028830019827260633,fold1,B1_global_residual_pmf
4,0.4,0.5,43,0.44134495980967975,0.3953488372093023,0.04599612260037744,fold1,B1_global_residual_pmf
5,0.5,0.6000000000000001,6,0.5586550401903202,0.16666666666666666,0.39198837352365357,fold1,B1_global_residual_pmf
6,0.6000000000000001,0.7000000000000001,0,,,,fold1,B1_global_residual_pmf
7,0.7000000000000001,0.8,42,0.7631382182026624,0.5952380952380952,0.16790012296456713,fold1,B1_global_residual_pmf
8,0.8,0.9,0,,,,fold1,B1_global_residual_pmf
9,0.9,1.0,381,0.9890162362178754,0.989501312335958,0.00048507611808257245,fold1,B1_global_residual_pmf
0,0.0,0.1,0,,,,fold1,B2_month_residual_pmf
1,0.1,0.2,0,,,,fold1,B2_month_residual_pmf
2,0.2,0.30000000000000004,63,0.24836000672586628,0.19047619047619047,0.05788381624967581,fold1,B2_month_residual_pmf
3,0.30000000000000004,0.4,561,0.3383162019590034,0.32085561497326204,0.017460586985741378,fold1,B2_month_residual_pmf
4,0.4,0.5,43,0.4351575024543142,0.3953488372093023,0.03980866524501192,fold1,B2_month_residual_pmf
5,0.5,0.6000000000000001,6,0.529013761132382,0.16666666666666666,0.36234709446571534,fold1,B2_month_residual_pmf
6,0.6000000000000001,0.7000000000000001,14,0.6877309123123482,0.35714285714285715,0.330588055169491,fold1,B2_month_residual_pmf
7,0.7000000000000001,0.8,27,0.7391902694216946,0.7407407407407407,0.001550471319046065,fold1,B2_month_residual_pmf
8,0.8,0.9,20,0.86211643951511,0.9,0.037883560484890055,fold1,B2_month_residual_pmf
9,0.9,1.0,362,0.9891522080776641,0.9917127071823204,0.0025604991046562775,fold1,B2_month_residual_pmf
0,0.0,0.1,0,,,,fold1,B3_forecast_level_residual_pmf
1,0.1,0.2,0,,,,fold1,B3_forecast_level_residual_pmf
2,0.2,0.30000000000000004,0,,,,fold1,B3_forecast_level_residual_pmf
3,0.30000000000000004,0.4,435,0.3189923701299997,0.2896551724137931,0.029337197716206576,fold1,B3_forecast_level_residual_pmf
4,0.4,0.5,238,0.41735223111783915,0.41596638655462187,0.0013858445632172756,fold1,B3_forecast_level_residual_pmf
5,0.5,0.6000000000000001,0,,,,fold1,B3_forecast_level_residual_pmf
6,0.6000000000000001,0.7000000000000001,0,,,,fold1,B3_forecast_level_residual_pmf
7,0.7000000000000001,0.8,42,0.700788290227044,0.5952380952380952,0.1055501949889488,fold1,B3_forecast_level_residual_pmf
8,0.8,0.9,0,,,,fold1,B3_forecast_level_residual_pmf
9,0.9,1.0,381,0.9855820671588198,0.989501312335958,0.003919245177138153,fold1,B3_forecast_level_residual_pmf
0,0.0,0.1,0,,,,fold1,B4_hierarchical_residual_pmf
1,0.1,0.2,0,,,,fold1,B4_hierarchical_residual_pmf
2,0.2,0.30000000000000004,117,0.27920419703340865,0.21367521367521367,0.06552898335819499,fold1,B4_hierarchical_residual_pmf
3,0.30000000000000004,0.4,444,0.3524630745954078,0.3130630630630631,0.039400011532344736,fold1,B4_hierarchical_residual_pmf
4,0.4,0.5,96,0.4179961510225633,0.4166666666666667,0.0013294843558966374,fold1,B4_hierarchical_residual_pmf
5,0.5,0.6000000000000001,16,0.5220165181932006,0.3125,0.2095165181932006,fold1,B4_hierarchical_residual_pmf
6,0.6000000000000001,0.7000000000000001,26,0.6502686207684698,0.5,0.1502686207684698,fold1,B4_hierarchical_residual_pmf
7,0.7000000000000001,0.8,15,0.7700431376913168,0.8,0.02995686230868322,fold1,B4_hierarchical_residual_pmf
8,0.8,0.9,20,0.8623364686241471,0.9,0.03766353137585288,fold1,B4_hierarchical_residual_pmf
9,0.9,1.0,362,0.9901366851560908,0.9917127071823204,0.0015760220262296398,fold1,B4_hierarchical_residual_pmf
0,0.0,0.1,0,,,,fold1,B5_kernel_analog_pmf
1,0.1,0.2,0,,,,fold1,B5_kernel_analog_pmf
2,0.2,0.30000000000000004,99,0.2795622961990899,0.2222222222222222,0.05734007397686769,fold1,B5_kernel_analog_pmf
3,0.30000000000000004,0.4,375,0.3460685971692594,0.32266666666666666,0.02340193050259276,fold1,B5_kernel_analog_pmf
4,0.4,0.5,199,0.42603973858542493,0.40703517587939697,0.01900456270602796,fold1,B5_kernel_analog_pmf
5,0.5,0.6000000000000001,0,,,,fold1,B5_kernel_analog_pmf
6,0.6000000000000001,0.7000000000000001,26,0.6513467306009454,0.5,0.1513467306009454,fold1,B5_kernel_analog_pmf
7,0.7000000000000001,0.8,14,0.754637222248023,0.7142857142857143,0.040351507962308686,fold1,B5_kernel_analog_pmf
8,0.8,0.9,19,0.8569089346606337,0.9473684210526315,0.09045948639199786,fold1,B5_kernel_analog_pmf
9,0.9,1.0,364,0.9888481855753104,0.9917582417582418,0.0029100561829313865,fold1,B5_kernel_analog_pmf
0,0.0,0.1,0,,,,fold1,B6_month_climatology_diagnostic
1,0.1,0.2,0,,,,fold1,B6_month_climatology_diagnostic
2,0.2,0.30000000000000004,459,0.22794023220091544,0.2113289760348584,0.016611256166057048,fold1,B6_month_climatology_diagnostic
3,0.30000000000000004,0.4,93,0.3017127799736494,0.34408602150537637,0.042373241531726946,fold1,B6_month_climatology_diagnostic
4,0.4,0.5,90,0.4388140977159279,0.3888888888888889,0.04992520882703899,fold1,B6_month_climatology_diagnostic
5,0.5,0.6000000000000001,0,,,,fold1,B6_month_climatology_diagnostic
6,0.6000000000000001,0.7000000000000001,90,0.6343498710362615,0.5777777777777777,0.05657209325848378,fold1,B6_month_climatology_diagnostic
7,0.7000000000000001,0.8,93,0.7994437124871909,0.7741935483870968,0.025250164100094175,fold1,B6_month_climatology_diagnostic
8,0.8,0.9,0,,,,fold1,B6_month_climatology_diagnostic
9,0.9,1.0,271,0.965213708096465,0.9704797047970479,0.00526599670058292,fold1,B6_month_climatology_diagnostic
0,0.0,0.1,0,,,,fold1,P1_normal_mos
1,0.1,0.2,0,,,,fold1,P1_normal_mos
2,0.2,0.30000000000000004,395,0.2950392756157185,0.3341772151898734,0.0391379395741549,fold1,P1_normal_mos
3,0.30000000000000004,0.4,233,0.3065551679333136,0.2918454935622318,0.014709674371081838,fold1,P1_normal_mos
4,0.4,0.5,42,0.4438834358626198,0.38095238095238093,0.06293105491023887,fold1,P1_normal_mos
5,0.5,0.6000000000000001,3,0.5230086994333615,0.3333333333333333,0.18967536610002816,fold1,P1_normal_mos
6,0.6000000000000001,0.7000000000000001,3,0.6967948063575707,0.6666666666666666,0.03012813969090411,fold1,P1_normal_mos
7,0.7000000000000001,0.8,39,0.751927583252075,0.5897435897435898,0.16218399350848522,fold1,P1_normal_mos
8,0.8,0.9,0,,,,fold1,P1_normal_mos
9,0.9,1.0,381,0.9901843624564377,0.989501312335958,0.0006830501204797557,fold1,P1_normal_mos
0,0.0,0.1,0,,,,fold1,P2_student_t_mos
1,0.1,0.2,0,,,,fold1,P2_student_t_mos
2,0.2,0.30000000000000004,574,0.28995797469745965,0.3205574912891986,0.03059951659173893,fold1,P2_student_t_mos
3,0.30000000000000004,0.4,53,0.3087478861925443,0.2830188679245283,0.02572901826801599,fold1,P2_student_t_mos
4,0.4,0.5,43,0.4440390544979195,0.3953488372093023,0.04869021728861722,fold1,P2_student_t_mos
5,0.5,0.6000000000000001,3,0.5225333756059792,0.3333333333333333,0.18920004227264592,fold1,P2_student_t_mos
6,0.6000000000000001,0.7000000000000001,4,0.6931136509273961,0.75,0.056886349072603926,fold1,P2_student_t_mos
7,0.7000000000000001,0.8,38,0.7467422071522261,0.5789473684210527,0.1677948387311734,fold1,P2_student_t_mos
8,0.8,0.9,8,0.8964672232509872,1.0,0.10353277674901284,fold1,P2_student_t_mos
9,0.9,1.0,373,0.9886956026635878,0.9892761394101877,0.0005805367465998579,fold1,P2_student_t_mos
0,0.0,0.1,0,,,,fold1,C1_multinomial_ridge
1,0.1,0.2,0,,,,fold1,C1_multinomial_ridge
2,0.2,0.30000000000000004,266,0.2779706783679581,0.2631578947368421,0.014812783631115989,fold1,C1_multinomial_ridge
3,0.30000000000000004,0.4,262,0.3365994653892315,0.32061068702290074,0.01598877836633078,fold1,C1_multinomial_ridge
4,0.4,0.5,124,0.4496842787759595,0.4032258064516129,0.046458472324346634,fold1,C1_multinomial_ridge
5,0.5,0.6000000000000001,14,0.5342344290591482,0.35714285714285715,0.17709157191629105,fold1,C1_multinomial_ridge
6,0.6000000000000001,0.7000000000000001,13,0.6452584504373557,0.46153846153846156,0.18371998889889418,fold1,C1_multinomial_ridge
7,0.7000000000000001,0.8,27,0.7449835678023943,0.5925925925925926,0.15239097520980172,fold1,C1_multinomial_ridge
8,0.8,0.9,29,0.8556071922025924,0.8275862068965517,0.02802098530604069,fold1,C1_multinomial_ridge
9,0.9,1.0,361,0.9859478254939469,0.9916897506925207,0.005741925198573861,fold1,C1_multinomial_ridge
0,0.0,0.1,0,,,,fold1,C2_ordinal_cdf_logistic
1,0.1,0.2,0,,,,fold1,C2_ordinal_cdf_logistic
2,0.2,0.30000000000000004,201,0.27879110832919357,0.2537313432835821,0.02505976504561147,fold1,C2_ordinal_cdf_logistic
3,0.30000000000000004,0.4,332,0.33247441872642236,0.3102409638554217,0.022233454871000646,fold1,C2_ordinal_cdf_logistic
4,0.4,0.5,120,0.4576465119077407,0.4166666666666667,0.04097984524107401,fold1,C2_ordinal_cdf_logistic
5,0.5,0.6000000000000001,23,0.534039305065483,0.34782608695652173,0.1862132181089613,fold1,C2_ordinal_cdf_logistic
6,0.6000000000000001,0.7000000000000001,17,0.6605763397754043,0.5882352941176471,0.07234104565775723,fold1,C2_ordinal_cdf_logistic
7,0.7000000000000001,0.8,21,0.7562683216785346,0.6190476190476191,0.13722070263091557,fold1,C2_ordinal_cdf_logistic
8,0.8,0.9,33,0.8595617948590845,0.9090909090909091,0.0495291142318246,fold1,C2_ordinal_cdf_logistic
9,0.9,1.0,349,0.9869368681950805,0.994269340974212,0.007332472779131516,fold1,C2_ordinal_cdf_logistic
0,0.0,0.1,0,,,,fold1,K0_B4_identity
1,0.1,0.2,0,,,,fold1,K0_B4_identity
2,0.2,0.30000000000000004,117,0.27920419703340865,0.21367521367521367,0.06552898335819499,fold1,K0_B4_identity
3,0.30000000000000004,0.4,444,0.3524630745954078,0.3130630630630631,0.039400011532344736,fold1,K0_B4_identity
4,0.4,0.5,96,0.4179961510225633,0.4166666666666667,0.0013294843558966374,fold1,K0_B4_identity
5,0.5,0.6000000000000001,16,0.5220165181932006,0.3125,0.2095165181932006,fold1,K0_B4_identity
6,0.6000000000000001,0.7000000000000001,26,0.6502686207684698,0.5,0.1502686207684698,fold1,K0_B4_identity
7,0.7000000000000001,0.8,15,0.7700431376913168,0.8,0.02995686230868322,fold1,K0_B4_identity
8,0.8,0.9,20,0.8623364686241471,0.9,0.03766353137585288,fold1,K0_B4_identity
9,0.9,1.0,362,0.9901366851560908,0.9917127071823204,0.0015760220262296398,fold1,K0_B4_identity
0,0.0,0.1,0,,,,fold1,K1_B4_power_calibrated
1,0.1,0.2,0,,,,fold1,K1_B4_power_calibrated
2,0.2,0.30000000000000004,130,0.2753098571473233,0.2076923076923077,0.06761754945501561,fold1,K1_B4_power_calibrated
3,0.30000000000000004,0.4,485,0.3516237018358951,0.334020618556701,0.017603083279194076,fold1,K1_B4_power_calibrated
4,0.4,0.5,45,0.42627953139754554,0.35555555555555557,0.07072397584198997,fold1,K1_B4_power_calibrated
5,0.5,0.6000000000000001,13,0.510570122794324,0.3076923076923077,0.2028778151020163,fold1,K1_B4_power_calibrated
6,0.6000000000000001,0.7000000000000001,26,0.6315886851702182,0.5,0.13158868517021816,fold1,K1_B4_power_calibrated
7,0.7000000000000001,0.8,15,0.7514777158228327,0.8,0.04852228417716731,fold1,K1_B4_power_calibrated
8,0.8,0.9,20,0.8458686998608205,0.9,0.05413130013917955,fold1,K1_B4_power_calibrated
9,0.9,1.0,362,0.9882956450925782,0.9917127071823204,0.00341706208974224,fold1,K1_B4_power_calibrated
0,0.0,0.1,0,,,,fold1,K2_B4_monotone_cdf_projected
1,0.1,0.2,0,,,,fold1,K2_B4_monotone_cdf_projected
2,0.2,0.30000000000000004,117,0.27920419703340854,0.21367521367521367,0.06552898335819488,fold1,K2_B4_monotone_cdf_projected
3,0.30000000000000004,0.4,444,0.3524630745954078,0.3130630630630631,0.039400011532344736,fold1,K2_B4_monotone_cdf_projected
4,0.4,0.5,96,0.4179961510225633,0.4166666666666667,0.0013294843558966374,fold1,K2_B4_monotone_cdf_projected
5,0.5,0.6000000000000001,16,0.5220165181932006,0.3125,0.2095165181932006,fold1,K2_B4_monotone_cdf_projected
6,0.6000000000000001,0.7000000000000001,26,0.6502686207684698,0.5,0.1502686207684698,fold1,K2_B4_monotone_cdf_projected
7,0.7000000000000001,0.8,15,0.7700431376913169,0.8,0.029956862308683108,fold1,K2_B4_monotone_cdf_projected
8,0.8,0.9,20,0.8623364686241469,0.9,0.0376635313758531,fold1,K2_B4_monotone_cdf_projected
9,0.9,1.0,362,0.9901366851560904,0.9917127071823204,0.001576022026229973,fold1,K2_B4_monotone_cdf_projected
0,0.0,0.1,0,,,,fold1,S1_conservative_simplex_stack
1,0.1,0.2,0,,,,fold1,S1_conservative_simplex_stack
2,0.2,0.30000000000000004,123,0.2821406259448174,0.21951219512195122,0.0626284308228662,fold1,S1_conservative_simplex_stack
3,0.30000000000000004,0.4,451,0.3488999368257699,0.31042128603104213,0.03847865079472779,fold1,S1_conservative_simplex_stack
4,0.4,0.5,86,0.416967731101761,0.43023255813953487,0.013264827037773874,fold1,S1_conservative_simplex_stack
5,0.5,0.6000000000000001,13,0.514784628727181,0.3076923076923077,0.2070923210348733,fold1,S1_conservative_simplex_stack
6,0.6000000000000001,0.7000000000000001,26,0.6644336111885245,0.5,0.1644336111885245,fold1,S1_conservative_simplex_stack
7,0.7000000000000001,0.8,15,0.7652841278829974,0.8,0.034715872117002666,fold1,S1_conservative_simplex_stack
8,0.8,0.9,20,0.8678844482312231,0.9,0.032115551768776895,fold1,S1_conservative_simplex_stack
9,0.9,1.0,362,0.9900197038368432,0.9917127071823204,0.0016930033454771731,fold1,S1_conservative_simplex_stack
0,0.0,0.1,0,,,,fold1,E1_normal_emos
1,0.1,0.2,0,,,,fold1,E1_normal_emos
2,0.2,0.30000000000000004,0,,,,fold1,E1_normal_emos
3,0.30000000000000004,0.4,293,0.37457309285332785,0.2832764505119454,0.09129664234138246,fold1,E1_normal_emos
4,0.4,0.5,372,0.4303835995468347,0.3629032258064516,0.06748037374038307,fold1,E1_normal_emos
5,0.5,0.6000000000000001,8,0.5231407389285049,0.375,0.14814073892850488,fold1,E1_normal_emos
6,0.6000000000000001,0.7000000000000001,0,,,,fold1,E1_normal_emos
7,0.7000000000000001,0.8,14,0.7650933465527828,0.5714285714285714,0.19366477512421143,fold1,E1_normal_emos
8,0.8,0.9,27,0.8412195117888422,0.5925925925925926,0.24862691919624968,fold1,E1_normal_emos
9,0.9,1.0,382,0.9967548333810504,0.9895287958115183,0.007226037569532107,fold1,E1_normal_emos
0,0.0,0.1,0,,,,fold1,E2_student_t_emos
1,0.1,0.2,0,,,,fold1,E2_student_t_emos
2,0.2,0.30000000000000004,0,,,,fold1,E2_student_t_emos
3,0.30000000000000004,0.4,568,0.35521604366302667,0.3045774647887324,0.05063857887429429,fold1,E2_student_t_emos
4,0.4,0.5,102,0.423394892357161,0.4019607843137255,0.021434108043435485,fold1,E2_student_t_emos
5,0.5,0.6000000000000001,3,0.532725005868389,0.3333333333333333,0.1993916725350557,fold1,E2_student_t_emos
6,0.6000000000000001,0.7000000000000001,0,,,,fold1,E2_student_t_emos
7,0.7000000000000001,0.8,25,0.7600199514655813,0.52,0.2400199514655813,fold1,E2_student_t_emos
8,0.8,0.9,21,0.8322441280602142,0.7619047619047619,0.07033936615545233,fold1,E2_student_t_emos
9,0.9,1.0,377,0.9851109561676217,0.9893899204244032,0.004278964256781537,fold1,E2_student_t_emos
0,0.0,0.1,0,,,,fold1,E3_two_piece_normal_emos
1,0.1,0.2,0,,,,fold1,E3_two_piece_normal_emos
2,0.2,0.30000000000000004,0,,,,fold1,E3_two_piece_normal_emos
3,0.30000000000000004,0.4,1,0.39711676696932974,0.0,0.39711676696932974,fold1,E3_two_piece_normal_emos
4,0.4,0.5,510,0.45774363147235564,0.3215686274509804,0.13617500402137522,fold1,E3_two_piece_normal_emos
5,0.5,0.6000000000000001,160,0.5298194640626355,0.3625,0.16731946406263548,fold1,E3_two_piece_normal_emos
6,0.6000000000000001,0.7000000000000001,2,0.6257295056106646,0.5,0.12572950561066465,fold1,E3_two_piece_normal_emos
7,0.7000000000000001,0.8,2,0.7900199800864373,1.0,0.20998001991356274,fold1,E3_two_piece_normal_emos
8,0.8,0.9,27,0.8581547565956902,0.5185185185185185,0.3396362380771717,fold1,E3_two_piece_normal_emos
9,0.9,1.0,394,0.9965502667968856,0.9796954314720813,0.016854835324804363,fold1,E3_two_piece_normal_emos
0,0.0,0.1,0,,,,fold1,G1_gamlss_tree_location_scale
1,0.1,0.2,0,,,,fold1,G1_gamlss_tree_location_scale
2,0.2,0.30000000000000004,0,,,,fold1,G1_gamlss_tree_location_scale
3,0.30000000000000004,0.4,47,0.3912716369352277,0.1276595744680851,0.26361206246714264,fold1,G1_gamlss_tree_location_scale
4,0.4,0.5,607,0.4462192596929335,0.3393739703459638,0.10684528934696974,fold1,G1_gamlss_tree_location_scale
5,0.5,0.6000000000000001,19,0.5178969527732536,0.3684210526315789,0.14947590014167472,fold1,G1_gamlss_tree_location_scale
6,0.6000000000000001,0.7000000000000001,0,,,,fold1,G1_gamlss_tree_location_scale
7,0.7000000000000001,0.8,10,0.7786723766267223,0.6,0.1786723766267223,fold1,G1_gamlss_tree_location_scale
8,0.8,0.9,31,0.8374644111694589,0.5806451612903226,0.2568192498791363,fold1,G1_gamlss_tree_location_scale
9,0.9,1.0,382,0.9980852657273555,0.9895287958115183,0.00855646991583714,fold1,G1_gamlss_tree_location_scale
0,0.0,0.1,0,,,,fold1,Q1_quantile_cdf_gb
1,0.1,0.2,86,0.16940144287183906,0.4418604651162791,0.27245902224444,fold1,Q1_quantile_cdf_gb
2,0.2,0.30000000000000004,512,0.23207295557737073,0.306640625,0.07456766942262927,fold1,Q1_quantile_cdf_gb
3,0.30000000000000004,0.4,41,0.3359343081621057,0.36585365853658536,0.02991935037447968,fold1,Q1_quantile_cdf_gb
4,0.4,0.5,18,0.4206041862268091,0.3888888888888889,0.03171529733792022,fold1,Q1_quantile_cdf_gb
5,0.5,0.6000000000000001,17,0.5910430132516266,0.4117647058823529,0.17927830736927364,fold1,Q1_quantile_cdf_gb
6,0.6000000000000001,0.7000000000000001,30,0.6455248619371936,0.5666666666666667,0.07885819527052695,fold1,Q1_quantile_cdf_gb
7,0.7000000000000001,0.8,38,0.745269089044844,0.868421052631579,0.12315196358673497,fold1,Q1_quantile_cdf_gb
8,0.8,0.9,354,0.8139226905961945,0.9887005649717514,0.17477787437555692,fold1,Q1_quantile_cdf_gb
9,0.9,1.0,0,,,,fold1,Q1_quantile_cdf_gb
0,0.0,0.1,0,,,,fold1,Q2_threshold_cdf_gb
1,0.1,0.2,0,,,,fold1,Q2_threshold_cdf_gb
2,0.2,0.30000000000000004,193,0.27989408101183705,0.22797927461139897,0.05191480640043808,fold1,Q2_threshold_cdf_gb
3,0.30000000000000004,0.4,403,0.33958167392379296,0.3052109181141439,0.034370755809649045,fold1,Q2_threshold_cdf_gb
4,0.4,0.5,51,0.4413430479200178,0.3333333333333333,0.10800971458668446,fold1,Q2_threshold_cdf_gb
5,0.5,0.6000000000000001,23,0.5368500377011789,0.43478260869565216,0.10206742900552673,fold1,Q2_threshold_cdf_gb
6,0.6000000000000001,0.7000000000000001,23,0.6527167687363198,0.5217391304347826,0.1309776383015372,fold1,Q2_threshold_cdf_gb
7,0.7000000000000001,0.8,23,0.7156385303049124,0.6521739130434783,0.06346461726143415,fold1,Q2_threshold_cdf_gb
8,0.8,0.9,380,0.8848624533384629,0.9868421052631579,0.10197965192469494,fold1,Q2_threshold_cdf_gb
9,0.9,1.0,0,,,,fold1,Q2_threshold_cdf_gb
0,0.0,0.1,0,,,,fold1,T1_time_decay_b4
1,0.1,0.2,0,,,,fold1,T1_time_decay_b4
2,0.2,0.30000000000000004,57,0.28285487349434557,0.12280701754385964,0.16004785595048593,fold1,T1_time_decay_b4
3,0.30000000000000004,0.4,566,0.3340188425442968,0.3392226148409894,0.00520377229669261,fold1,T1_time_decay_b4
4,0.4,0.5,45,0.43337968105195807,0.37777777777777777,0.0556019032741803,fold1,T1_time_decay_b4
5,0.5,0.6000000000000001,5,0.5148297359934387,0.2,0.3148297359934387,fold1,T1_time_decay_b4
6,0.6000000000000001,0.7000000000000001,9,0.6838988100051273,0.4444444444444444,0.2394543655606829,fold1,T1_time_decay_b4
7,0.7000000000000001,0.8,32,0.7326571487619866,0.65625,0.07640714876198662,fold1,T1_time_decay_b4
8,0.8,0.9,5,0.8781128538036679,0.8,0.07811285380366784,fold1,T1_time_decay_b4
9,0.9,1.0,377,0.986715294288141,0.9893899204244032,0.002674626136262237,fold1,T1_time_decay_b4
0,0.0,0.1,0,,,,fold1,H1_b4_challenger_linear_pool
1,0.1,0.2,0,,,,fold1,H1_b4_challenger_linear_pool
2,0.2,0.30000000000000004,94,0.28372578464480747,0.1702127659574468,0.11351301868736066,fold1,H1_b4_challenger_linear_pool
3,0.30000000000000004,0.4,522,0.34326728342866186,0.342911877394636,0.00035540603402584026,fold1,H1_b4_challenger_linear_pool
4,0.4,0.5,52,0.4351579433944833,0.40384615384615385,0.03131178954832947,fold1,H1_b4_challenger_linear_pool
5,0.5,0.6000000000000001,5,0.517413708622926,0.2,0.317413708622926,fold1,H1_b4_challenger_linear_pool
6,0.6000000000000001,0.7000000000000001,26,0.6758085935350997,0.5,0.1758085935350997,fold1,H1_b4_challenger_linear_pool
7,0.7000000000000001,0.8,15,0.7638567463984832,0.8,0.03614325360151682,fold1,H1_b4_challenger_linear_pool
8,0.8,0.9,20,0.8794819734644502,0.9,0.020518026535549794,fold1,H1_b4_challenger_linear_pool
9,0.9,1.0,362,0.9901645865691399,0.9917127071823204,0.001548120613180548,fold1,H1_b4_challenger_linear_pool
0,0.0,0.1,0,,,,fold2,B0_climatology
1,0.1,0.2,0,,,,fold2,B0_climatology
2,0.2,0.30000000000000004,0,,,,fold2,B0_climatology
3,0.30000000000000004,0.4,0,,,,fold2,B0_climatology
4,0.4,0.5,1095,0.4040305217287545,0.3881278538812785,0.01590266784747596,fold2,B0_climatology
5,0.5,0.6000000000000001,0,,,,fold2,B0_climatology
6,0.6000000000000001,0.7000000000000001,0,,,,fold2,B0_climatology
7,0.7000000000000001,0.8,0,,,,fold2,B0_climatology
8,0.8,0.9,0,,,,fold2,B0_climatology
9,0.9,1.0,0,,,,fold2,B0_climatology
0,0.0,0.1,0,,,,fold2,B1_global_residual_pmf
1,0.1,0.2,0,,,,fold2,B1_global_residual_pmf
2,0.2,0.30000000000000004,0,,,,fold2,B1_global_residual_pmf
3,0.30000000000000004,0.4,631,0.32537662523659433,0.36608557844690964,0.04070895321031531,fold2,B1_global_residual_pmf
4,0.4,0.5,31,0.44140090268487236,0.45161290322580644,0.010212000540934074,fold2,B1_global_residual_pmf
5,0.5,0.6000000000000001,16,0.5585990973151266,0.4375,0.12109909731512658,fold2,B1_global_residual_pmf
6,0.6000000000000001,0.7000000000000001,0,,,,fold2,B1_global_residual_pmf
7,0.7000000000000001,0.8,36,0.7667775279214667,0.6666666666666666,0.10011086125480007,fold2,B1_global_residual_pmf
8,0.8,0.9,2,0.8415182798266665,1.0,0.1584817201733335,fold2,B1_global_residual_pmf
9,0.9,1.0,379,0.9881552851250808,0.9841688654353562,0.003986419689724574,fold2,B1_global_residual_pmf
0,0.0,0.1,0,,,,fold2,B2_month_residual_pmf
1,0.1,0.2,0,,,,fold2,B2_month_residual_pmf
2,0.2,0.30000000000000004,65,0.2445346910556329,0.24615384615384617,0.001619155098213254,fold2,B2_month_residual_pmf
3,0.30000000000000004,0.4,564,0.33712342628019526,0.38120567375886527,0.04408224747867001,fold2,B2_month_residual_pmf
4,0.4,0.5,38,0.4426906591735934,0.5263157894736842,0.08362513030009078,fold2,B2_month_residual_pmf
5,0.5,0.6000000000000001,11,0.5400175861695794,0.18181818181818182,0.3581994043513976,fold2,B2_month_residual_pmf
6,0.6000000000000001,0.7000000000000001,16,0.691378758275264,0.625,0.06637875827526396,fold2,B2_month_residual_pmf
7,0.7000000000000001,0.8,20,0.7803974640608287,0.7,0.0803974640608287,fold2,B2_month_residual_pmf
8,0.8,0.9,27,0.8635484211439667,0.8518518518518519,0.011696569292114822,fold2,B2_month_residual_pmf
9,0.9,1.0,354,0.9915930370620462,0.9943502824858758,0.002757245423829602,fold2,B2_month_residual_pmf
0,0.0,0.1,0,,,,fold2,B3_forecast_level_residual_pmf
1,0.1,0.2,0,,,,fold2,B3_forecast_level_residual_pmf
2,0.2,0.30000000000000004,0,,,,fold2,B3_forecast_level_residual_pmf
3,0.30000000000000004,0.4,425,0.31721768827343244,0.2964705882352941,0.020747100038138344,fold2,B3_forecast_level_residual_pmf
4,0.4,0.5,253,0.4188820665754536,0.41106719367588934,0.007814872899564285,fold2,B3_forecast_level_residual_pmf
5,0.5,0.6000000000000001,0,,,,fold2,B3_forecast_level_residual_pmf
6,0.6000000000000001,0.7000000000000001,36,0.6826501223422335,0.6666666666666666,0.015983455675566915,fold2,B3_forecast_level_residual_pmf
7,0.7000000000000001,0.8,0,,,,fold2,B3_forecast_level_residual_pmf
8,0.8,0.9,2,0.8415182798266665,1.0,0.1584817201733335,fold2,B3_forecast_level_residual_pmf
9,0.9,1.0,379,0.9848944455568447,0.9841688654353562,0.0007255801214884894,fold2,B3_forecast_level_residual_pmf
0,0.0,0.1,0,,,,fold2,B4_hierarchical_residual_pmf
1,0.1,0.2,0,,,,fold2,B4_hierarchical_residual_pmf
2,0.2,0.30000000000000004,106,0.2754521443108302,0.19811320754716982,0.07733893676366038,fold2,B4_hierarchical_residual_pmf
3,0.30000000000000004,0.4,426,0.348718402107483,0.3779342723004695,0.029215870192986493,fold2,B4_hierarchical_residual_pmf
4,0.4,0.5,128,0.4347627577559595,0.4140625,0.020700257755959517,fold2,B4_hierarchical_residual_pmf
5,0.5,0.6000000000000001,18,0.5065759694124952,0.3888888888888889,0.11768708052360627,fold2,B4_hierarchical_residual_pmf
6,0.6000000000000001,0.7000000000000001,16,0.635664668966531,0.625,0.010664668966530955,fold2,B4_hierarchical_residual_pmf
7,0.7000000000000001,0.8,20,0.7803304287270448,0.7,0.08033042872704488,fold2,B4_hierarchical_residual_pmf
8,0.8,0.9,27,0.8689862287724368,0.8518518518518519,0.01713437692058495,fold2,B4_hierarchical_residual_pmf
9,0.9,1.0,354,0.9922440713415454,0.9943502824858758,0.0021062111443304055,fold2,B4_hierarchical_residual_pmf
0,0.0,0.1,0,,,,fold2,B5_kernel_analog_pmf
1,0.1,0.2,0,,,,fold2,B5_kernel_analog_pmf
2,0.2,0.30000000000000004,120,0.27519864329470695,0.24166666666666667,0.03353197662804028,fold2,B5_kernel_analog_pmf
3,0.30000000000000004,0.4,301,0.34436185270656344,0.3289036544850498,0.01545819822151362,fold2,B5_kernel_analog_pmf
4,0.4,0.5,257,0.43102282866345026,0.377431906614786,0.05359092204866428,fold2,B5_kernel_analog_pmf
5,0.5,0.6000000000000001,0,,,,fold2,B5_kernel_analog_pmf
6,0.6000000000000001,0.7000000000000001,20,0.6371230329516047,0.6,0.037123032951604684,fold2,B5_kernel_analog_pmf
7,0.7000000000000001,0.8,14,0.7522839700197609,0.7857142857142857,0.033430315694524815,fold2,B5_kernel_analog_pmf
8,0.8,0.9,31,0.8529100720566303,0.8387096774193549,0.014200394637275404,fold2,B5_kernel_analog_pmf
9,0.9,1.0,352,0.9915096554940743,0.9943181818181818,0.002808526324107441,fold2,B5_kernel_analog_pmf
0,0.0,0.1,0,,,,fold2,B6_month_climatology_diagnostic
1,0.1,0.2,0,,,,fold2,B6_month_climatology_diagnostic
2,0.2,0.30000000000000004,459,0.22438529623392162,0.18518518518518517,0.03920011104873644,fold2,B6_month_climatology_diagnostic
3,0.30000000000000004,0.4,93,0.3107812679783683,0.3010752688172043,0.009705999161163992,fold2,B6_month_climatology_diagnostic
4,0.4,0.5,90,0.428129829984544,0.34444444444444444,0.08368538554009958,fold2,B6_month_climatology_diagnostic
5,0.5,0.6000000000000001,0,,,,fold2,B6_month_climatology_diagnostic
6,0.6000000000000001,0.7000000000000001,89,0.6222142772017637,0.4606741573033708,0.1615401198983929,fold2,B6_month_climatology_diagnostic
7,0.7000000000000001,0.8,93,0.794039811299045,0.8172043010752689,0.023164489776223873,fold2,B6_month_climatology_diagnostic
8,0.8,0.9,0,,,,fold2,B6_month_climatology_diagnostic
9,0.9,1.0,271,0.9663401445756175,0.981549815498155,0.015209670922537555,fold2,B6_month_climatology_diagnostic
0,0.0,0.1,0,,,,fold2,P1_normal_mos
1,0.1,0.2,0,,,,fold2,P1_normal_mos
2,0.2,0.30000000000000004,429,0.29543670679641737,0.3473193473193473,0.05188264052292996,fold2,P1_normal_mos
3,0.30000000000000004,0.4,204,0.30489487439344615,0.3235294117647059,0.018634537371259752,fold2,P1_normal_mos
4,0.4,0.5,45,0.44320847235191163,0.4444444444444444,0.0012359720925327888,fold2,P1_normal_mos
5,0.5,0.6000000000000001,0,,,,fold2,P1_normal_mos
6,0.6000000000000001,0.7000000000000001,3,0.692346577703164,0.6666666666666666,0.02567991103649736,fold2,P1_normal_mos
7,0.7000000000000001,0.8,35,0.7361974505495724,0.6857142857142857,0.0504831648352867,fold2,P1_normal_mos
8,0.8,0.9,1,0.89988144539387,1.0,0.10011855460612995,fold2,P1_normal_mos
9,0.9,1.0,378,0.9884714621768007,0.9841269841269841,0.004344478049816636,fold2,P1_normal_mos
0,0.0,0.1,0,,,,fold2,P2_student_t_mos
1,0.1,0.2,0,,,,fold2,P2_student_t_mos
2,0.2,0.30000000000000004,596,0.28979489959454663,0.337248322147651,0.04745342255310436,fold2,P2_student_t_mos
3,0.30000000000000004,0.4,36,0.3042717885195683,0.3888888888888889,0.08461710036932057,fold2,P2_student_t_mos
4,0.4,0.5,46,0.4434609711011686,0.43478260869565216,0.008678362405516449,fold2,P2_student_t_mos
5,0.5,0.6000000000000001,0,,,,fold2,P2_student_t_mos
6,0.6000000000000001,0.7000000000000001,4,0.6906979928760281,0.75,0.059302007123971934,fold2,P2_student_t_mos
7,0.7000000000000001,0.8,34,0.7311598506605785,0.6764705882352942,0.05468926242528438,fold2,P2_student_t_mos
8,0.8,0.9,10,0.8943952941822773,0.9,0.005604705817722766,fold2,P2_student_t_mos
9,0.9,1.0,369,0.9872095671595342,0.986449864498645,0.0007597026608892055,fold2,P2_student_t_mos
0,0.0,0.1,0,,,,fold2,C1_multinomial_ridge
1,0.1,0.2,0,,,,fold2,C1_multinomial_ridge
2,0.2,0.30000000000000004,261,0.2755880908776258,0.31417624521072796,0.03858815433310214,fold2,C1_multinomial_ridge
3,0.30000000000000004,0.4,240,0.3346268300437346,0.35,0.015373169956265365,fold2,C1_multinomial_ridge
4,0.4,0.5,173,0.4336475414891683,0.3583815028901734,0.07526603859899489,fold2,C1_multinomial_ridge
5,0.5,0.6000000000000001,6,0.5295007223120086,0.16666666666666666,0.362834055645342,fold2,C1_multinomial_ridge
6,0.6000000000000001,0.7000000000000001,14,0.6805990075953444,0.7142857142857143,0.03368670669036988,fold2,C1_multinomial_ridge
7,0.7000000000000001,0.8,20,0.7408390593986132,0.65,0.09083905939861314,fold2,C1_multinomial_ridge
8,0.8,0.9,37,0.8733639092921137,0.8648648648648649,0.008499044427248803,fold2,C1_multinomial_ridge
9,0.9,1.0,344,0.9873881656392842,0.9941860465116279,0.006797880872343676,fold2,C1_multinomial_ridge
0,0.0,0.1,0,,,,fold2,C2_ordinal_cdf_logistic
1,0.1,0.2,0,,,,fold2,C2_ordinal_cdf_logistic
2,0.2,0.30000000000000004,202,0.27764347053226274,0.30198019801980197,0.024336727487539234,fold2,C2_ordinal_cdf_logistic
3,0.30000000000000004,0.4,314,0.33740854762890105,0.35668789808917195,0.019279350460270905,fold2,C2_ordinal_cdf_logistic
4,0.4,0.5,158,0.4500164000661332,0.33544303797468356,0.11457336209144964,fold2,C2_ordinal_cdf_logistic
5,0.5,0.6000000000000001,10,0.542225064263393,0.3,0.24222506426339302,fold2,C2_ordinal_cdf_logistic
6,0.6000000000000001,0.7000000000000001,20,0.6542586438226845,0.75,0.0957413561773155,fold2,C2_ordinal_cdf_logistic
7,0.7000000000000001,0.8,13,0.7482616241094383,0.6153846153846154,0.1328770087248229,fold2,C2_ordinal_cdf_logistic
8,0.8,0.9,33,0.8597948102825782,0.8484848484848485,0.011309961797729695,fold2,C2_ordinal_cdf_logistic
9,0.9,1.0,345,0.9868304164676763,0.9971014492753624,0.010271032807686042,fold2,C2_ordinal_cdf_logistic
0,0.0,0.1,0,,,,fold2,K0_B4_identity
1,0.1,0.2,0,,,,fold2,K0_B4_identity
2,0.2,0.30000000000000004,106,0.2754521443108302,0.19811320754716982,0.07733893676366038,fold2,K0_B4_identity
3,0.30000000000000004,0.4,426,0.348718402107483,0.3779342723004695,0.029215870192986493,fold2,K0_B4_identity
4,0.4,0.5,128,0.4347627577559595,0.4140625,0.020700257755959517,fold2,K0_B4_identity
5,0.5,0.6000000000000001,18,0.5065759694124952,0.3888888888888889,0.11768708052360627,fold2,K0_B4_identity
6,0.6000000000000001,0.7000000000000001,16,0.635664668966531,0.625,0.010664668966530955,fold2,K0_B4_identity
7,0.7000000000000001,0.8,20,0.7803304287270448,0.7,0.08033042872704488,fold2,K0_B4_identity
8,0.8,0.9,27,0.8689862287724368,0.8518518518518519,0.01713437692058495,fold2,K0_B4_identity
9,0.9,1.0,354,0.9922440713415454,0.9943502824858758,0.0021062111443304055,fold2,K0_B4_identity
0,0.0,0.1,0,,,,fold2,K1_B4_power_calibrated
1,0.1,0.2,0,,,,fold2,K1_B4_power_calibrated
2,0.2,0.30000000000000004,115,0.2720150011822612,0.22608695652173913,0.045928044660522055,fold2,K1_B4_power_calibrated
3,0.30000000000000004,0.4,417,0.3417202657516211,0.37410071942446044,0.032380453672839316,fold2,K1_B4_power_calibrated
4,0.4,0.5,140,0.42957531299311813,0.4142857142857143,0.015289598707403818,fold2,K1_B4_power_calibrated
5,0.5,0.6000000000000001,11,0.5443373853834333,0.45454545454545453,0.08979193083797882,fold2,K1_B4_power_calibrated
6,0.6000000000000001,0.7000000000000001,11,0.6293770366358754,0.6363636363636364,0.006986599727760945,fold2,K1_B4_power_calibrated
7,0.7000000000000001,0.8,20,0.7618792843686802,0.7,0.06187928436868029,fold2,K1_B4_power_calibrated
8,0.8,0.9,27,0.8522950336024776,0.8518518518518519,0.00044318175062574294,fold2,K1_B4_power_calibrated
9,0.9,1.0,354,0.9907718050001325,0.9943502824858758,0.0035784774857432478,fold2,K1_B4_power_calibrated
0,0.0,0.1,0,,,,fold2,K2_B4_monotone_cdf_projected
1,0.1,0.2,0,,,,fold2,K2_B4_monotone_cdf_projected
2,0.2,0.30000000000000004,106,0.2754521443108302,0.19811320754716982,0.07733893676366038,fold2,K2_B4_monotone_cdf_projected
3,0.30000000000000004,0.4,426,0.348718402107483,0.3779342723004695,0.029215870192986493,fold2,K2_B4_monotone_cdf_projected
4,0.4,0.5,128,0.4347627577559595,0.4140625,0.020700257755959517,fold2,K2_B4_monotone_cdf_projected
5,0.5,0.6000000000000001,18,0.5065759694124952,0.3888888888888889,0.11768708052360627,fold2,K2_B4_monotone_cdf_projected
6,0.6000000000000001,0.7000000000000001,16,0.635664668966531,0.625,0.010664668966530955,fold2,K2_B4_monotone_cdf_projected
7,0.7000000000000001,0.8,20,0.7803304287270448,0.7,0.08033042872704488,fold2,K2_B4_monotone_cdf_projected
8,0.8,0.9,27,0.8689862287724367,0.8518518518518519,0.017134376920584837,fold2,K2_B4_monotone_cdf_projected
9,0.9,1.0,354,0.992244071341545,0.9943502824858758,0.0021062111443307385,fold2,K2_B4_monotone_cdf_projected
0,0.0,0.1,0,,,,fold2,S1_conservative_simplex_stack
1,0.1,0.2,0,,,,fold2,S1_conservative_simplex_stack
2,0.2,0.30000000000000004,106,0.27206713686665374,0.19811320754716982,0.07395392931948391,fold2,S1_conservative_simplex_stack
3,0.30000000000000004,0.4,422,0.34091278980256806,0.35308056872037913,0.012167778917811067,fold2,S1_conservative_simplex_stack
4,0.4,0.5,150,0.42976371236971866,0.41333333333333333,0.016430379036385334,fold2,S1_conservative_simplex_stack
5,0.5,0.6000000000000001,0,,,,fold2,S1_conservative_simplex_stack
6,0.6000000000000001,0.7000000000000001,16,0.6461262699857984,0.625,0.021126269985798363,fold2,S1_conservative_simplex_stack
7,0.7000000000000001,0.8,21,0.7709187313396907,0.7142857142857143,0.05663301705397639,fold2,S1_conservative_simplex_stack
8,0.8,0.9,26,0.8699403537313238,0.8461538461538461,0.02378650757747769,fold2,S1_conservative_simplex_stack
9,0.9,1.0,354,0.9866879470683848,0.9943502824858758,0.007662335417490951,fold2,S1_conservative_simplex_stack
0,0.0,0.1,0,,,,fold2,E1_normal_emos
1,0.1,0.2,0,,,,fold2,E1_normal_emos
2,0.2,0.30000000000000004,0,,,,fold2,E1_normal_emos
3,0.30000000000000004,0.4,323,0.3743192467833767,0.35294117647058826,0.021378070312788433,fold2,E1_normal_emos
4,0.4,0.5,352,0.42918782730502886,0.3465909090909091,0.08259691821411974,fold2,E1_normal_emos
5,0.5,0.6000000000000001,3,0.5120323746411447,0.0,0.5120323746411447,fold2,E1_normal_emos
6,0.6000000000000001,0.7000000000000001,0,,,,fold2,E1_normal_emos
7,0.7000000000000001,0.8,14,0.7547072494526755,0.5714285714285714,0.18327867802410414,fold2,E1_normal_emos
8,0.8,0.9,24,0.8326919157629629,0.75,0.08269191576296286,fold2,E1_normal_emos
9,0.9,1.0,379,0.9962955542533483,0.9841688654353562,0.01212668881799206,fold2,E1_normal_emos
0,0.0,0.1,0,,,,fold2,E2_student_t_emos
1,0.1,0.2,0,,,,fold2,E2_student_t_emos
2,0.2,0.30000000000000004,0,,,,fold2,E2_student_t_emos
3,0.30000000000000004,0.4,591,0.3540030159031366,0.3333333333333333,0.020669682569803283,fold2,E2_student_t_emos
4,0.4,0.5,87,0.4238869817942046,0.4367816091954023,0.012894627401197734,fold2,E2_student_t_emos
5,0.5,0.6000000000000001,0,,,,fold2,E2_student_t_emos
6,0.6000000000000001,0.7000000000000001,0,,,,fold2,E2_student_t_emos
7,0.7000000000000001,0.8,29,0.7574558158184088,0.6551724137931034,0.10228340202530539,fold2,E2_student_t_emos
8,0.8,0.9,16,0.849996427367963,0.8125,0.03749642736796299,fold2,E2_student_t_emos
9,0.9,1.0,372,0.9849003048173265,0.9865591397849462,0.00165883496761976,fold2,E2_student_t_emos
0,0.0,0.1,0,,,,fold2,E3_two_piece_normal_emos
1,0.1,0.2,0,,,,fold2,E3_two_piece_normal_emos
2,0.2,0.30000000000000004,0,,,,fold2,E3_two_piece_normal_emos
3,0.30000000000000004,0.4,1,0.39903634420906686,0.0,0.39903634420906686,fold2,E3_two_piece_normal_emos
4,0.4,0.5,543,0.45530807495593356,0.3333333333333333,0.12197474162260025,fold2,E3_two_piece_normal_emos
5,0.5,0.6000000000000001,133,0.5243076128570322,0.3684210526315789,0.15588656022545327,fold2,E3_two_piece_normal_emos
6,0.6000000000000001,0.7000000000000001,1,0.6154611771945208,0.0,0.6154611771945208,fold2,E3_two_piece_normal_emos
7,0.7000000000000001,0.8,7,0.7847575656783101,0.5714285714285714,0.21332899424973872,fold2,E3_two_piece_normal_emos
8,0.8,0.9,24,0.8651800878097694,0.7083333333333334,0.15684675447643603,fold2,E3_two_piece_normal_emos
9,0.9,1.0,386,0.9975380336631915,0.9792746113989638,0.018263422264227724,fold2,E3_two_piece_normal_emos
0,0.0,0.1,0,,,,fold2,G1_gamlss_tree_location_scale
1,0.1,0.2,0,,,,fold2,G1_gamlss_tree_location_scale
2,0.2,0.30000000000000004,0,,,,fold2,G1_gamlss_tree_location_scale
3,0.30000000000000004,0.4,77,0.39010746411573854,0.2857142857142857,0.10439317840145285,fold2,G1_gamlss_tree_location_scale
4,0.4,0.5,595,0.4469761657683856,0.35294117647058826,0.09403498929779736,fold2,G1_gamlss_tree_location_scale
5,0.5,0.6000000000000001,6,0.5175884444431907,0.5,0.017588444443190743,fold2,G1_gamlss_tree_location_scale
6,0.6000000000000001,0.7000000000000001,0,,,,fold2,G1_gamlss_tree_location_scale
7,0.7000000000000001,0.8,17,0.7774586252201708,0.5882352941176471,0.18922333110252376,fold2,G1_gamlss_tree_location_scale
8,0.8,0.9,19,0.8440564872525123,0.7368421052631579,0.1072143819893544,fold2,G1_gamlss_tree_location_scale
9,0.9,1.0,381,0.9972571760652648,0.984251968503937,0.013005207561327725,fold2,G1_gamlss_tree_location_scale
0,0.0,0.1,0,,,,fold2,Q1_quantile_cdf_gb
1,0.1,0.2,118,0.17469266723228816,0.288135593220339,0.11344292598805084,fold2,Q1_quantile_cdf_gb
2,0.2,0.30000000000000004,512,0.23599472418956788,0.3046875,0.06869277581043212,fold2,Q1_quantile_cdf_gb
3,0.30000000000000004,0.4,19,0.3175521386477628,0.47368421052631576,0.15613207187855294,fold2,Q1_quantile_cdf_gb
4,0.4,0.5,31,0.4276249596889241,0.45161290322580644,0.023987943536882328,fold2,Q1_quantile_cdf_gb
5,0.5,0.6000000000000001,26,0.583897273340101,0.6153846153846154,0.03148734204451442,fold2,Q1_quantile_cdf_gb
6,0.6000000000000001,0.7000000000000001,10,0.6214455265765135,0.8,0.17855447342348651,fold2,Q1_quantile_cdf_gb
7,0.7000000000000001,0.8,35,0.7506044792237836,0.8571428571428571,0.1065383779190735,fold2,Q1_quantile_cdf_gb
8,0.8,0.9,344,0.812761204705681,0.997093023255814,0.18433181855013292,fold2,Q1_quantile_cdf_gb
9,0.9,1.0,0,,,,fold2,Q1_quantile_cdf_gb
0,0.0,0.1,0,,,,fold2,Q2_threshold_cdf_gb
1,0.1,0.2,0,,,,fold2,Q2_threshold_cdf_gb
2,0.2,0.30000000000000004,214,0.28458278883746085,0.2850467289719626,0.0004639401345017391,fold2,Q2_threshold_cdf_gb
3,0.30000000000000004,0.4,412,0.3484845959709602,0.3422330097087379,0.006251586262222331,fold2,Q2_threshold_cdf_gb
4,0.4,0.5,54,0.42348624345626795,0.4444444444444444,0.020958200988176467,fold2,Q2_threshold_cdf_gb
5,0.5,0.6000000000000001,2,0.5743717751214461,0.5,0.0743717751214461,fold2,Q2_threshold_cdf_gb
6,0.6000000000000001,0.7000000000000001,33,0.6473594948674114,0.696969696969697,0.04961020210228562,fold2,Q2_threshold_cdf_gb
7,0.7000000000000001,0.8,1,0.7540055911014429,0.0,0.7540055911014429,fold2,Q2_threshold_cdf_gb
8,0.8,0.9,379,0.8844322365451274,0.9841688654353562,0.09973662889022883,fold2,Q2_threshold_cdf_gb
9,0.9,1.0,0,,,,fold2,Q2_threshold_cdf_gb
0,0.0,0.1,0,,,,fold2,T1_time_decay_b4
1,0.1,0.2,0,,,,fold2,T1_time_decay_b4
2,0.2,0.30000000000000004,82,0.27557515516987463,0.34146341463414637,0.06588825946427174,fold2,T1_time_decay_b4
3,0.30000000000000004,0.4,539,0.34493832823965836,0.3562152133580705,0.011276885118412128,fold2,T1_time_decay_b4
4,0.4,0.5,57,0.4381712086837169,0.38596491228070173,0.05220629640301516,fold2,T1_time_decay_b4
5,0.5,0.6000000000000001,0,,,,fold2,T1_time_decay_b4
6,0.6000000000000001,0.7000000000000001,9,0.6546279216741195,0.7777777777777778,0.12314985610365825,fold2,T1_time_decay_b4
7,0.7000000000000001,0.8,27,0.7543639626635543,0.6296296296296297,0.12473433303392467,fold2,T1_time_decay_b4
8,0.8,0.9,11,0.8882373292941577,0.8181818181818182,0.07005551111233943,fold2,T1_time_decay_b4
9,0.9,1.0,370,0.9888923583492996,0.9891891891891892,0.000296830839889628,fold2,T1_time_decay_b4
0,0.0,0.1,0,,,,fold2,H1_b4_challenger_linear_pool
1,0.1,0.2,0,,,,fold2,H1_b4_challenger_linear_pool
2,0.2,0.30000000000000004,87,0.27250038893815753,0.26436781609195403,0.0081325728462035,fold2,H1_b4_challenger_linear_pool
3,0.30000000000000004,0.4,453,0.34838328365768073,0.3554083885209713,0.007025104863290554,fold2,H1_b4_challenger_linear_pool
4,0.4,0.5,132,0.42797483482966514,0.42424242424242425,0.0037324105872408864,fold2,H1_b4_challenger_linear_pool
5,0.5,0.6000000000000001,6,0.5013389566224163,0.3333333333333333,0.16800562328908303,fold2,H1_b4_challenger_linear_pool
6,0.6000000000000001,0.7000000000000001,16,0.6615107311655214,0.625,0.03651073116552139,fold2,H1_b4_challenger_linear_pool
7,0.7000000000000001,0.8,20,0.7788978800225409,0.7,0.07889788002254094,fold2,H1_b4_challenger_linear_pool
8,0.8,0.9,27,0.8772645952581795,0.8518518518518519,0.025412743406327598,fold2,H1_b4_challenger_linear_pool
9,0.9,1.0,354,0.9913473439957001,0.9943502824858758,0.003002938490175633,fold2,H1_b4_challenger_linear_pool
0,0.0,0.1,0,,,,fold3,B0_climatology
1,0.1,0.2,0,,,,fold3,B0_climatology
2,0.2,0.30000000000000004,0,,,,fold3,B0_climatology
3,0.30000000000000004,0.4,0,,,,fold3,B0_climatology
4,0.4,0.5,1095,0.40122462078416504,0.3589041095890411,0.04232051119512392,fold3,B0_climatology
5,0.5,0.6000000000000001,0,,,,fold3,B0_climatology
6,0.6000000000000001,0.7000000000000001,0,,,,fold3,B0_climatology
7,0.7000000000000001,0.8,0,,,,fold3,B0_climatology
8,0.8,0.9,0,,,,fold3,B0_climatology
9,0.9,1.0,0,,,,fold3,B0_climatology
0,0.0,0.1,0,,,,fold3,B1_global_residual_pmf
1,0.1,0.2,0,,,,fold3,B1_global_residual_pmf
2,0.2,0.30000000000000004,0,,,,fold3,B1_global_residual_pmf
3,0.30000000000000004,0.4,630,0.3279084645462551,0.3380952380952381,0.010186773548983008,fold3,B1_global_residual_pmf
4,0.4,0.5,57,0.4387689355876065,0.40350877192982454,0.03526016365778195,fold3,B1_global_residual_pmf
5,0.5,0.6000000000000001,22,0.5612310644123918,0.5,0.06123106441239179,fold3,B1_global_residual_pmf
6,0.6000000000000001,0.7000000000000001,0,,,,fold3,B1_global_residual_pmf
7,0.7000000000000001,0.8,56,0.7666774001338618,0.6785714285714286,0.08810597156243316,fold3,B1_global_residual_pmf
8,0.8,0.9,5,0.8438607682290609,0.8,0.04386076822906082,fold3,B1_global_residual_pmf
9,0.9,1.0,325,0.9843892868748271,0.9876923076923076,0.003303020817480573,fold3,B1_global_residual_pmf
0,0.0,0.1,0,,,,fold3,B2_month_residual_pmf
1,0.1,0.2,0,,,,fold3,B2_month_residual_pmf
2,0.2,0.30000000000000004,154,0.27240312592083116,0.3116883116883117,0.039285185767480524,fold3,B2_month_residual_pmf
3,0.30000000000000004,0.4,474,0.3516813636352948,0.3459915611814346,0.005689802453860193,fold3,B2_month_residual_pmf
4,0.4,0.5,59,0.42534029544971397,0.3728813559322034,0.05245893951751057,fold3,B2_month_residual_pmf
5,0.5,0.6000000000000001,22,0.5398616499314299,0.5,0.03986164993142993,fold3,B2_month_residual_pmf
6,0.6000000000000001,0.7000000000000001,15,0.689733333857604,0.6,0.08973333385760407,fold3,B2_month_residual_pmf
7,0.7000000000000001,0.8,42,0.7457874561449005,0.7619047619047619,0.016117305759861367,fold3,B2_month_residual_pmf
8,0.8,0.9,35,0.8610051595958743,0.8285714285714286,0.03243373102444569,fold3,B2_month_residual_pmf
9,0.9,1.0,294,0.9881705435749223,0.9965986394557823,0.00842809588086002,fold3,B2_month_residual_pmf
0,0.0,0.1,0,,,,fold3,B3_forecast_level_residual_pmf
1,0.1,0.2,0,,,,fold3,B3_forecast_level_residual_pmf
2,0.2,0.30000000000000004,60,0.2892833374584981,0.4166666666666667,0.12738332920816858,fold3,B3_forecast_level_residual_pmf
3,0.30000000000000004,0.4,458,0.3357107594294324,0.31004366812227074,0.02566709130716166,fold3,B3_forecast_level_residual_pmf
4,0.4,0.5,191,0.4283617796974159,0.41361256544502617,0.01474921425238973,fold3,B3_forecast_level_residual_pmf
5,0.5,0.6000000000000001,0,,,,fold3,B3_forecast_level_residual_pmf
6,0.6000000000000001,0.7000000000000001,56,0.6805759997693521,0.6785714285714286,0.0020045711979235215,fold3,B3_forecast_level_residual_pmf
7,0.7000000000000001,0.8,0,,,,fold3,B3_forecast_level_residual_pmf
8,0.8,0.9,5,0.8661663727677669,0.8,0.06616637276776682,fold3,B3_forecast_level_residual_pmf
9,0.9,1.0,325,0.9789608537968504,0.9876923076923076,0.008731453895457264,fold3,B3_forecast_level_residual_pmf
0,0.0,0.1,0,,,,fold3,B4_hierarchical_residual_pmf
1,0.1,0.2,0,,,,fold3,B4_hierarchical_residual_pmf
2,0.2,0.30000000000000004,129,0.2745802785196715,0.27906976744186046,0.004489488922188978,fold3,B4_hierarchical_residual_pmf
3,0.30000000000000004,0.4,376,0.35732810138201176,0.32180851063829785,0.035519590743713914,fold3,B4_hierarchical_residual_pmf
4,0.4,0.5,194,0.4297954229680061,0.37628865979381443,0.053506763174191674,fold3,B4_hierarchical_residual_pmf
5,0.5,0.6000000000000001,10,0.5360811251074609,0.6,0.06391887489253911,fold3,B4_hierarchical_residual_pmf
6,0.6000000000000001,0.7000000000000001,32,0.6400357462459474,0.71875,0.07871425375405261,fold3,B4_hierarchical_residual_pmf
7,0.7000000000000001,0.8,25,0.7759969765480967,0.72,0.055996976548096766,fold3,B4_hierarchical_residual_pmf
8,0.8,0.9,35,0.8629371838852086,0.8285714285714286,0.034365755313779944,fold3,B4_hierarchical_residual_pmf
9,0.9,1.0,294,0.989116924508934,0.9965986394557823,0.00748171494684835,fold3,B4_hierarchical_residual_pmf
0,0.0,0.1,0,,,,fold3,B5_kernel_analog_pmf
1,0.1,0.2,0,,,,fold3,B5_kernel_analog_pmf
2,0.2,0.30000000000000004,153,0.2726495770091215,0.2679738562091503,0.004675720799971195,fold3,B5_kernel_analog_pmf
3,0.30000000000000004,0.4,275,0.34989130997554396,0.34545454545454546,0.004436764520998504,fold3,B5_kernel_analog_pmf
4,0.4,0.5,280,0.43205442161426494,0.39285714285714285,0.03919727875712209,fold3,B5_kernel_analog_pmf
5,0.5,0.6000000000000001,1,0.5242150820958577,0.0,0.5242150820958577,fold3,B5_kernel_analog_pmf
6,0.6000000000000001,0.7000000000000001,38,0.6415906369232685,0.7105263157894737,0.06893567886620522,fold3,B5_kernel_analog_pmf
7,0.7000000000000001,0.8,15,0.755603312143499,0.5333333333333333,0.22226997881016564,fold3,B5_kernel_analog_pmf
8,0.8,0.9,39,0.8553776469666087,0.8974358974358975,0.042058250469288794,fold3,B5_kernel_analog_pmf
9,0.9,1.0,294,0.988060915702563,0.9965986394557823,0.008537723753219262,fold3,B5_kernel_analog_pmf
0,0.0,0.1,0,,,,fold3,B6_month_climatology_diagnostic
1,0.1,0.2,183,0.19564588607638458,0.12021857923497267,0.07542730684141191,fold3,B6_month_climatology_diagnostic
2,0.2,0.30000000000000004,276,0.2319486444369196,0.19202898550724637,0.039919658929673224,fold3,B6_month_climatology_diagnostic
3,0.30000000000000004,0.4,93,0.3090702303099233,0.27956989247311825,0.029500337836805057,fold3,B6_month_climatology_diagnostic
4,0.4,0.5,90,0.4133777298991283,0.2777777777777778,0.1355999521213505,fold3,B6_month_climatology_diagnostic
5,0.5,0.6000000000000001,90,0.5939435650378526,0.4111111111111111,0.18283245392674152,fold3,B6_month_climatology_diagnostic
6,0.6000000000000001,0.7000000000000001,0,,,,fold3,B6_month_climatology_diagnostic
7,0.7000000000000001,0.8,93,0.798123400625533,0.7526881720430108,0.04543522858252225,fold3,B6_month_climatology_diagnostic
8,0.8,0.9,0,,,,fold3,B6_month_climatology_diagnostic
9,0.9,1.0,270,0.969145972826338,0.9148148148148149,0.054331158011523106,fold3,B6_month_climatology_diagnostic
0,0.0,0.1,0,,,,fold3,P1_normal_mos
1,0.1,0.2,0,,,,fold3,P1_normal_mos
2,0.2,0.30000000000000004,374,0.29623203440398604,0.37433155080213903,0.07809951639815299,fold3,P1_normal_mos
3,0.30000000000000004,0.4,260,0.3058081829440293,0.2692307692307692,0.036577413713260065,fold3,P1_normal_mos
4,0.4,0.5,73,0.45198115208587875,0.4246575342465753,0.027323617839303427,fold3,P1_normal_mos
5,0.5,0.6000000000000001,2,0.529815553901924,0.5,0.02981555390192403,fold3,P1_normal_mos
6,0.6000000000000001,0.7000000000000001,1,0.6930458018379031,0.0,0.6930458018379031,fold3,P1_normal_mos
7,0.7000000000000001,0.8,60,0.7492948892741194,0.7,0.0492948892741194,fold3,P1_normal_mos
8,0.8,0.9,0,,,,fold3,P1_normal_mos
9,0.9,1.0,325,0.9850046010846242,0.9876923076923076,0.002687706607683471,fold3,P1_normal_mos
0,0.0,0.1,0,,,,fold3,P2_student_t_mos
1,0.1,0.2,0,,,,fold3,P2_student_t_mos
2,0.2,0.30000000000000004,581,0.290973530321749,0.33907056798623064,0.048097037664481646,fold3,P2_student_t_mos
3,0.30000000000000004,0.4,52,0.3070306775819271,0.23076923076923078,0.07626144681269631,fold3,P2_student_t_mos
4,0.4,0.5,74,0.4522912217859572,0.43243243243243246,0.019858789353524753,fold3,P2_student_t_mos
5,0.5,0.6000000000000001,2,0.5291938074668161,0.5,0.029193807466816102,fold3,P2_student_t_mos
6,0.6000000000000001,0.7000000000000001,2,0.6924868638783754,0.5,0.19248686387837544,fold3,P2_student_t_mos
7,0.7000000000000001,0.8,59,0.7436966408533456,0.6949152542372882,0.048781386616057465,fold3,P2_student_t_mos
8,0.8,0.9,2,0.89195482132875,1.0,0.10804517867124996,fold3,P2_student_t_mos
9,0.9,1.0,323,0.9808065084622007,0.9876160990712074,0.006809590609006655,fold3,P2_student_t_mos
0,0.0,0.1,0,,,,fold3,C1_multinomial_ridge
1,0.1,0.2,0,,,,fold3,C1_multinomial_ridge
2,0.2,0.30000000000000004,242,0.2789629239048921,0.26859504132231404,0.010367882582578036,fold3,C1_multinomial_ridge
3,0.30000000000000004,0.4,314,0.34368401878324195,0.37579617834394907,0.03211215956070712,fold3,C1_multinomial_ridge
4,0.4,0.5,145,0.427722929532399,0.3931034482758621,0.03461948125653691,fold3,C1_multinomial_ridge
5,0.5,0.6000000000000001,13,0.5489688156529359,0.38461538461538464,0.16435343103755123,fold3,C1_multinomial_ridge
6,0.6000000000000001,0.7000000000000001,9,0.6804388406490846,0.4444444444444444,0.23599439620464013,fold3,C1_multinomial_ridge
7,0.7000000000000001,0.8,43,0.7438159722901664,0.7441860465116279,0.0003700742214615138,fold3,C1_multinomial_ridge
8,0.8,0.9,39,0.876528337311542,0.8974358974358975,0.020907560124355462,fold3,C1_multinomial_ridge
9,0.9,1.0,290,0.9809427759002908,0.993103448275862,0.01216067237557128,fold3,C1_multinomial_ridge
0,0.0,0.1,0,,,,fold3,C2_ordinal_cdf_logistic
1,0.1,0.2,0,,,,fold3,C2_ordinal_cdf_logistic
2,0.2,0.30000000000000004,177,0.2838509151467436,0.2937853107344633,0.009934395587719691,fold3,C2_ordinal_cdf_logistic
3,0.30000000000000004,0.4,358,0.34186253086869156,0.3687150837988827,0.02685255293019112,fold3,C2_ordinal_cdf_logistic
4,0.4,0.5,163,0.4364285189196366,0.3374233128834356,0.099005206036201,fold3,C2_ordinal_cdf_logistic
5,0.5,0.6000000000000001,19,0.5349812043743891,0.2631578947368421,0.27182330963754703,fold3,C2_ordinal_cdf_logistic
6,0.6000000000000001,0.7000000000000001,14,0.6591764823950493,0.7142857142857143,0.05510923189066497,fold3,C2_ordinal_cdf_logistic
7,0.7000000000000001,0.8,37,0.7435355550160806,0.7297297297297297,0.013805825286350881,fold3,C2_ordinal_cdf_logistic
8,0.8,0.9,43,0.871552190064454,0.9069767441860465,0.03542455412159251,fold3,C2_ordinal_cdf_logistic
9,0.9,1.0,284,0.9830422835324613,0.9929577464788732,0.00991546294641199,fold3,C2_ordinal_cdf_logistic
0,0.0,0.1,0,,,,fold3,K0_B4_identity
1,0.1,0.2,0,,,,fold3,K0_B4_identity
2,0.2,0.30000000000000004,129,0.2745802785196715,0.27906976744186046,0.004489488922188978,fold3,K0_B4_identity
3,0.30000000000000004,0.4,376,0.35732810138201176,0.32180851063829785,0.035519590743713914,fold3,K0_B4_identity
4,0.4,0.5,194,0.4297954229680061,0.37628865979381443,0.053506763174191674,fold3,K0_B4_identity
5,0.5,0.6000000000000001,10,0.5360811251074609,0.6,0.06391887489253911,fold3,K0_B4_identity
6,0.6000000000000001,0.7000000000000001,32,0.6400357462459474,0.71875,0.07871425375405261,fold3,K0_B4_identity
7,0.7000000000000001,0.8,25,0.7759969765480967,0.72,0.055996976548096766,fold3,K0_B4_identity
8,0.8,0.9,35,0.8629371838852086,0.8285714285714286,0.034365755313779944,fold3,K0_B4_identity
9,0.9,1.0,294,0.989116924508934,0.9965986394557823,0.00748171494684835,fold3,K0_B4_identity
0,0.0,0.1,0,,,,fold3,K1_B4_power_calibrated
1,0.1,0.2,0,,,,fold3,K1_B4_power_calibrated
2,0.2,0.30000000000000004,135,0.2700667437968563,0.2740740740740741,0.00400733027721778,fold3,K1_B4_power_calibrated
3,0.30000000000000004,0.4,424,0.35555264622889504,0.33490566037735847,0.02064698585153657,fold3,K1_B4_power_calibrated
4,0.4,0.5,140,0.4289335179542453,0.36428571428571427,0.06464780366853101,fold3,K1_B4_power_calibrated
5,0.5,0.6000000000000001,17,0.551334036430769,0.7058823529411765,0.15454831651040757,fold3,K1_B4_power_calibrated
6,0.6000000000000001,0.7000000000000001,25,0.6303182005570926,0.68,0.049681799442907404,fold3,K1_B4_power_calibrated
7,0.7000000000000001,0.8,25,0.7580067027488535,0.72,0.03800670274885354,fold3,K1_B4_power_calibrated
8,0.8,0.9,35,0.8460792880619814,0.8285714285714286,0.01750785949055278,fold3,K1_B4_power_calibrated
9,0.9,1.0,294,0.9871306673824832,0.9965986394557823,0.00946797207329908,fold3,K1_B4_power_calibrated
0,0.0,0.1,0,,,,fold3,K2_B4_monotone_cdf_projected
1,0.1,0.2,0,,,,fold3,K2_B4_monotone_cdf_projected
2,0.2,0.30000000000000004,129,0.2745802785196715,0.27906976744186046,0.004489488922188978,fold3,K2_B4_monotone_cdf_projected
3,0.30000000000000004,0.4,376,0.35732810138201176,0.32180851063829785,0.035519590743713914,fold3,K2_B4_monotone_cdf_projected
4,0.4,0.5,194,0.4297954229680061,0.37628865979381443,0.053506763174191674,fold3,K2_B4_monotone_cdf_projected
5,0.5,0.6000000000000001,10,0.5360811251074609,0.6,0.06391887489253911,fold3,K2_B4_monotone_cdf_projected
6,0.6000000000000001,0.7000000000000001,32,0.6400357462459474,0.71875,0.07871425375405261,fold3,K2_B4_monotone_cdf_projected
7,0.7000000000000001,0.8,25,0.7759969765480967,0.72,0.055996976548096766,fold3,K2_B4_monotone_cdf_projected
8,0.8,0.9,35,0.8629371838852083,0.8285714285714286,0.03436575531377972,fold3,K2_B4_monotone_cdf_projected
9,0.9,1.0,294,0.9891169245089335,0.9965986394557823,0.007481714946848794,fold3,K2_B4_monotone_cdf_projected
0,0.0,0.1,0,,,,fold3,S1_conservative_simplex_stack
1,0.1,0.2,0,,,,fold3,S1_conservative_simplex_stack
2,0.2,0.30000000000000004,121,0.2738575624560824,0.30578512396694213,0.03192756151085974,fold3,S1_conservative_simplex_stack
3,0.30000000000000004,0.4,443,0.35695941011548643,0.3340857787810384,0.02287363133444803,fold3,S1_conservative_simplex_stack
4,0.4,0.5,135,0.4308549398955336,0.34814814814814815,0.08270679174738543,fold3,S1_conservative_simplex_stack
5,0.5,0.6000000000000001,10,0.5215188950636432,0.6,0.07848110493635674,fold3,S1_conservative_simplex_stack
6,0.6000000000000001,0.7000000000000001,32,0.6534809950628193,0.71875,0.06526900493718069,fold3,S1_conservative_simplex_stack
7,0.7000000000000001,0.8,25,0.7702054690152736,0.72,0.050205469015273674,fold3,S1_conservative_simplex_stack
8,0.8,0.9,35,0.8673172401495326,0.8285714285714286,0.03874581157810397,fold3,S1_conservative_simplex_stack
9,0.9,1.0,294,0.9887366445855836,0.9965986394557823,0.007861994870198674,fold3,S1_conservative_simplex_stack
0,0.0,0.1,0,,,,fold3,E1_normal_emos
1,0.1,0.2,0,,,,fold3,E1_normal_emos
2,0.2,0.30000000000000004,0,,,,fold3,E1_normal_emos
3,0.30000000000000004,0.4,327,0.3766497368252659,0.30275229357798167,0.07389744324728426,fold3,E1_normal_emos
4,0.4,0.5,380,0.431800834252473,0.3736842105263158,0.058116623726157224,fold3,E1_normal_emos
5,0.5,0.6000000000000001,2,0.5428092407763491,0.5,0.04280924077634907,fold3,E1_normal_emos
6,0.6000000000000001,0.7000000000000001,0,,,,fold3,E1_normal_emos
7,0.7000000000000001,0.8,14,0.7653725058246177,0.7142857142857143,0.05108679153890339,fold3,E1_normal_emos
8,0.8,0.9,47,0.8426883664859316,0.6808510638297872,0.16183730265614438,fold3,E1_normal_emos
9,0.9,1.0,325,0.994972496048003,0.9876923076923076,0.007280188355695327,fold3,E1_normal_emos
0,0.0,0.1,0,,,,fold3,E2_student_t_emos
1,0.1,0.2,0,,,,fold3,E2_student_t_emos
2,0.2,0.30000000000000004,0,,,,fold3,E2_student_t_emos
3,0.30000000000000004,0.4,598,0.3551815260310016,0.3193979933110368,0.03578353271996482,fold3,E2_student_t_emos
4,0.4,0.5,109,0.4308356953459422,0.42201834862385323,0.008817346722088948,fold3,E2_student_t_emos
5,0.5,0.6000000000000001,2,0.539359697960007,0.5,0.039359697960007045,fold3,E2_student_t_emos
6,0.6000000000000001,0.7000000000000001,0,,,,fold3,E2_student_t_emos
7,0.7000000000000001,0.8,32,0.765531436892312,0.65625,0.10928143689231196,fold3,E2_student_t_emos
8,0.8,0.9,35,0.829662695366113,0.7714285714285715,0.05823412393754157,fold3,E2_student_t_emos
9,0.9,1.0,319,0.9799657493545904,0.987460815047022,0.007495065692431635,fold3,E2_student_t_emos
0,0.0,0.1,0,,,,fold3,E3_two_piece_normal_emos
1,0.1,0.2,0,,,,fold3,E3_two_piece_normal_emos
2,0.2,0.30000000000000004,0,,,,fold3,E3_two_piece_normal_emos
3,0.30000000000000004,0.4,0,,,,fold3,E3_two_piece_normal_emos
4,0.4,0.5,562,0.4586137964514209,0.3309608540925267,0.12765294235889424,fold3,E3_two_piece_normal_emos
5,0.5,0.6000000000000001,146,0.5234224988851711,0.3493150684931507,0.17410743039202042,fold3,E3_two_piece_normal_emos
6,0.6000000000000001,0.7000000000000001,1,0.6008062141782008,0.0,0.6008062141782008,fold3,E3_two_piece_normal_emos
7,0.7000000000000001,0.8,1,0.7905016941879301,1.0,0.20949830581206985,fold3,E3_two_piece_normal_emos
8,0.8,0.9,37,0.8632635400949317,0.6216216216216216,0.24164191847331007,fold3,E3_two_piece_normal_emos
9,0.9,1.0,348,0.9933099084562562,0.9741379310344828,0.019171977421773456,fold3,E3_two_piece_normal_emos
0,0.0,0.1,0,,,,fold3,G1_gamlss_tree_location_scale
1,0.1,0.2,0,,,,fold3,G1_gamlss_tree_location_scale
2,0.2,0.30000000000000004,0,,,,fold3,G1_gamlss_tree_location_scale
3,0.30000000000000004,0.4,86,0.38737092052246935,0.26744186046511625,0.1199290600573531,fold3,G1_gamlss_tree_location_scale
4,0.4,0.5,585,0.4591389826010468,0.3452991452991453,0.1138398373019015,fold3,G1_gamlss_tree_location_scale
5,0.5,0.6000000000000001,38,0.5153799106189115,0.5263157894736842,0.010935878854772652,fold3,G1_gamlss_tree_location_scale
6,0.6000000000000001,0.7000000000000001,0,,,,fold3,G1_gamlss_tree_location_scale
7,0.7000000000000001,0.8,20,0.7870201114329232,0.75,0.037020111432923164,fold3,G1_gamlss_tree_location_scale
8,0.8,0.9,40,0.8463600651212542,0.65,0.19636006512125415,fold3,G1_gamlss_tree_location_scale
9,0.9,1.0,326,0.9964588222001292,0.9877300613496932,0.008728760850435946,fold3,G1_gamlss_tree_location_scale
0,0.0,0.1,0,,,,fold3,Q1_quantile_cdf_gb
1,0.1,0.2,112,0.16886911117709982,0.3392857142857143,0.17041660310861448,fold3,Q1_quantile_cdf_gb
2,0.2,0.30000000000000004,518,0.2377979760294277,0.3223938223938224,0.08459584636439471,fold3,Q1_quantile_cdf_gb
3,0.30000000000000004,0.4,29,0.32808372736141495,0.41379310344827586,0.08570937608686091,fold3,Q1_quantile_cdf_gb
4,0.4,0.5,55,0.41596306548675904,0.4,0.01596306548675902,fold3,Q1_quantile_cdf_gb
5,0.5,0.6000000000000001,27,0.5908001603509122,0.6296296296296297,0.03882946927871744,fold3,Q1_quantile_cdf_gb
6,0.6000000000000001,0.7000000000000001,29,0.6116521965711365,0.7241379310344828,0.11248573446334631,fold3,Q1_quantile_cdf_gb
7,0.7000000000000001,0.8,38,0.7473479555630783,0.9473684210526315,0.2000204654895532,fold3,Q1_quantile_cdf_gb
8,0.8,0.9,287,0.808330317010351,0.9930313588850174,0.1847010418746664,fold3,Q1_quantile_cdf_gb
9,0.9,1.0,0,,,,fold3,Q1_quantile_cdf_gb
0,0.0,0.1,0,,,,fold3,Q2_threshold_cdf_gb
1,0.1,0.2,0,,,,fold3,Q2_threshold_cdf_gb
2,0.2,0.30000000000000004,286,0.2836946939609106,0.2972027972027972,0.01350810324188656,fold3,Q2_threshold_cdf_gb
3,0.30000000000000004,0.4,291,0.35463099652359675,0.3711340206185567,0.01650302409495996,fold3,Q2_threshold_cdf_gb
4,0.4,0.5,129,0.42861749521305964,0.3643410852713178,0.06427640994174183,fold3,Q2_threshold_cdf_gb
5,0.5,0.6000000000000001,8,0.5556144155727166,0.125,0.4306144155727166,fold3,Q2_threshold_cdf_gb
6,0.6000000000000001,0.7000000000000001,52,0.6518611376429697,0.6923076923076923,0.04044655466472258,fold3,Q2_threshold_cdf_gb
7,0.7000000000000001,0.8,4,0.7605338168888265,0.5,0.2605338168888265,fold3,Q2_threshold_cdf_gb
8,0.8,0.9,325,0.884168743942265,0.9876923076923076,0.10352356375004268,fold3,Q2_threshold_cdf_gb
9,0.9,1.0,0,,,,fold3,Q2_threshold_cdf_gb
0,0.0,0.1,0,,,,fold3,T1_time_decay_b4
1,0.1,0.2,0,,,,fold3,T1_time_decay_b4
2,0.2,0.30000000000000004,71,0.29320760251323635,0.29577464788732394,0.0025670453740875843,fold3,T1_time_decay_b4
3,0.30000000000000004,0.4,536,0.34556433117118424,0.333955223880597,0.011609107290587228,fold3,T1_time_decay_b4
4,0.4,0.5,94,0.44074827789798854,0.35106382978723405,0.08968444811075449,fold3,T1_time_decay_b4
5,0.5,0.6000000000000001,4,0.5627891417360065,0.75,0.18721085826399353,fold3,T1_time_decay_b4
6,0.6000000000000001,0.7000000000000001,11,0.6656632281842472,0.8181818181818182,0.15251858999757106,fold3,T1_time_decay_b4
7,0.7000000000000001,0.8,44,0.7350550650317283,0.6818181818181818,0.05323688321354658,fold3,T1_time_decay_b4
8,0.8,0.9,21,0.8753324662475043,0.8095238095238095,0.06580865672369474,fold3,T1_time_decay_b4
9,0.9,1.0,314,0.9850878849176585,0.9872611464968153,0.00217326157915676,fold3,T1_time_decay_b4
0,0.0,0.1,0,,,,fold3,H1_b4_challenger_linear_pool
1,0.1,0.2,0,,,,fold3,H1_b4_challenger_linear_pool
2,0.2,0.30000000000000004,77,0.28059180124758976,0.3116883116883117,0.031096510440721925,fold3,H1_b4_challenger_linear_pool
3,0.30000000000000004,0.4,490,0.3565001281767398,0.3122448979591837,0.04425523021755612,fold3,H1_b4_challenger_linear_pool
4,0.4,0.5,136,0.4275879166183582,0.375,0.05258791661835821,fold3,H1_b4_challenger_linear_pool
5,0.5,0.6000000000000001,6,0.5129115795860312,0.5,0.012911579586031174,fold3,H1_b4_challenger_linear_pool
6,0.6000000000000001,0.7000000000000001,21,0.6789818794750395,0.8571428571428571,0.17816097766781758,fold3,H1_b4_challenger_linear_pool
7,0.7000000000000001,0.8,32,0.7562912112760865,0.5625,0.19379121127608645,fold3,H1_b4_challenger_linear_pool
8,0.8,0.9,38,0.8685042968594283,0.868421052631579,8.324422784933283e-05,fold3,H1_b4_challenger_linear_pool
9,0.9,1.0,295,0.9873293359805692,0.9966101694915255,0.009280833510956321,fold3,H1_b4_challenger_linear_pool
0,0.0,0.1,0,,,,fold4,B0_climatology
1,0.1,0.2,0,,,,fold4,B0_climatology
2,0.2,0.30000000000000004,0,,,,fold4,B0_climatology
3,0.30000000000000004,0.4,731,0.39487741359489775,0.32694938440492477,0.06792802918997298,fold4,B0_climatology
4,0.4,0.5,0,,,,fold4,B0_climatology
5,0.5,0.6000000000000001,0,,,,fold4,B0_climatology
6,0.6000000000000001,0.7000000000000001,0,,,,fold4,B0_climatology
7,0.7000000000000001,0.8,0,,,,fold4,B0_climatology
8,0.8,0.9,0,,,,fold4,B0_climatology
9,0.9,1.0,0,,,,fold4,B0_climatology
0,0.0,0.1,0,,,,fold4,B1_global_residual_pmf
1,0.1,0.2,0,,,,fold4,B1_global_residual_pmf
2,0.2,0.30000000000000004,0,,,,fold4,B1_global_residual_pmf
3,0.30000000000000004,0.4,418,0.3283111807803048,0.3708133971291866,0.042502216348881794,fold4,B1_global_residual_pmf
4,0.4,0.5,41,0.4408985089362359,0.4146341463414634,0.026264362594772495,fold4,B1_global_residual_pmf
5,0.5,0.6000000000000001,34,0.5591014910637644,0.4117647058823529,0.14733678518141147,fold4,B1_global_residual_pmf
6,0.6000000000000001,0.7000000000000001,0,,,,fold4,B1_global_residual_pmf
7,0.7000000000000001,0.8,41,0.7692096897165406,0.7560975609756098,0.013112128740930817,fold4,B1_global_residual_pmf
8,0.8,0.9,4,0.8453636388532207,0.75,0.09536363885322074,fold4,B1_global_residual_pmf
9,0.9,1.0,193,0.9836178185246283,0.9637305699481865,0.01988724857644175,fold4,B1_global_residual_pmf
0,0.0,0.1,0,,,,fold4,B2_month_residual_pmf
1,0.1,0.2,0,,,,fold4,B2_month_residual_pmf
2,0.2,0.30000000000000004,111,0.27974279113852296,0.34234234234234234,0.06259955120381938,fold4,B2_month_residual_pmf
3,0.30000000000000004,0.4,307,0.3517321177562664,0.3811074918566775,0.029375374100411134,fold4,B2_month_residual_pmf
4,0.4,0.5,41,0.42749389684611355,0.4146341463414634,0.012859750504650158,fold4,B2_month_residual_pmf
5,0.5,0.6000000000000001,34,0.5385464653080819,0.4117647058823529,0.126781759425729,fold4,B2_month_residual_pmf
6,0.6000000000000001,0.7000000000000001,6,0.6876168902110723,0.8333333333333334,0.14571644312226106,fold4,B2_month_residual_pmf
7,0.7000000000000001,0.8,35,0.7385915842414802,0.7428571428571429,0.00426555861566269,fold4,B2_month_residual_pmf
8,0.8,0.9,22,0.8757411620462908,0.7727272727272727,0.10301388931901811,fold4,B2_month_residual_pmf
9,0.9,1.0,175,0.9871319586889994,0.9828571428571429,0.0042748158318565155,fold4,B2_month_residual_pmf
0,0.0,0.1,0,,,,fold4,B3_forecast_level_residual_pmf
1,0.1,0.2,0,,,,fold4,B3_forecast_level_residual_pmf
2,0.2,0.30000000000000004,0,,,,fold4,B3_forecast_level_residual_pmf
3,0.30000000000000004,0.4,318,0.3302712063068926,0.3333333333333333,0.0030621270264407086,fold4,B3_forecast_level_residual_pmf
4,0.4,0.5,175,0.4256953052580684,0.4114285714285714,0.014266733829497003,fold4,B3_forecast_level_residual_pmf
5,0.5,0.6000000000000001,0,,,,fold4,B3_forecast_level_residual_pmf
6,0.6000000000000001,0.7000000000000001,41,0.6803308838582518,0.7560975609756098,0.07576667711735796,fold4,B3_forecast_level_residual_pmf
7,0.7000000000000001,0.8,0,,,,fold4,B3_forecast_level_residual_pmf
8,0.8,0.9,4,0.8497033503960232,0.75,0.09970335039602318,fold4,B3_forecast_level_residual_pmf
9,0.9,1.0,193,0.9781292629628199,0.9637305699481865,0.014398693014633368,fold4,B3_forecast_level_residual_pmf
0,0.0,0.1,0,,,,fold4,B4_hierarchical_residual_pmf
1,0.1,0.2,0,,,,fold4,B4_hierarchical_residual_pmf
2,0.2,0.30000000000000004,45,0.2747466897490623,0.3111111111111111,0.036364421362048815,fold4,B4_hierarchical_residual_pmf
3,0.30000000000000004,0.4,286,0.3547762364598787,0.32167832167832167,0.03309791478155705,fold4,B4_hierarchical_residual_pmf
4,0.4,0.5,147,0.4320207794651826,0.38095238095238093,0.05106839851280165,fold4,B4_hierarchical_residual_pmf
5,0.5,0.6000000000000001,15,0.5188069891424321,0.4,0.11880698914243204,fold4,B4_hierarchical_residual_pmf
6,0.6000000000000001,0.7000000000000001,26,0.6503250651676405,0.7307692307692307,0.08044416560159018,fold4,B4_hierarchical_residual_pmf
7,0.7000000000000001,0.8,15,0.7696936751997219,0.8,0.030306324800278173,fold4,B4_hierarchical_residual_pmf
8,0.8,0.9,22,0.8764241073073613,0.7727272727272727,0.1036968345800886,fold4,B4_hierarchical_residual_pmf
9,0.9,1.0,175,0.9876535483205426,0.9828571428571429,0.004796405463399767,fold4,B4_hierarchical_residual_pmf
0,0.0,0.1,0,,,,fold4,B5_kernel_analog_pmf
1,0.1,0.2,0,,,,fold4,B5_kernel_analog_pmf
2,0.2,0.30000000000000004,66,0.2774638070286033,0.3181818181818182,0.040718011153214884,fold4,B5_kernel_analog_pmf
3,0.30000000000000004,0.4,227,0.353874563293583,0.34801762114537443,0.005856942148208588,fold4,B5_kernel_analog_pmf
4,0.4,0.5,197,0.4277977175662791,0.41624365482233505,0.011554062743944049,fold4,B5_kernel_analog_pmf
5,0.5,0.6000000000000001,3,0.5303251222104651,0.6666666666666666,0.1363415444562015,fold4,B5_kernel_analog_pmf
6,0.6000000000000001,0.7000000000000001,26,0.6384735372564324,0.7307692307692307,0.09229569351279832,fold4,B5_kernel_analog_pmf
7,0.7000000000000001,0.8,10,0.7562259323965711,0.7,0.05622593239657114,fold4,B5_kernel_analog_pmf
8,0.8,0.9,18,0.8471146418389272,0.8333333333333334,0.013781308505593781,fold4,B5_kernel_analog_pmf
9,0.9,1.0,184,0.9842160946783152,0.9728260869565217,0.011390007721793438,fold4,B5_kernel_analog_pmf
0,0.0,0.1,0,,,,fold4,B6_month_climatology_diagnostic
1,0.1,0.2,122,0.18434188164876014,0.08196721311475409,0.10237466853400605,fold4,B6_month_climatology_diagnostic
2,0.2,0.30000000000000004,184,0.22596600070741377,0.18478260869565216,0.041183392011761605,fold4,B6_month_climatology_diagnostic
3,0.30000000000000004,0.4,122,0.3481280836011221,0.29508196721311475,0.053046116388007325,fold4,B6_month_climatology_diagnostic
4,0.4,0.5,0,,,,fold4,B6_month_climatology_diagnostic
5,0.5,0.6000000000000001,60,0.5664522596274331,0.2833333333333333,0.28311892629409974,fold4,B6_month_climatology_diagnostic
6,0.6000000000000001,0.7000000000000001,0,,,,fold4,B6_month_climatology_diagnostic
7,0.7000000000000001,0.8,62,0.7913141567963905,0.5483870967741935,0.242927060022197,fold4,B6_month_climatology_diagnostic
8,0.8,0.9,0,,,,fold4,B6_month_climatology_diagnostic
9,0.9,1.0,181,0.9608376821232619,0.9116022099447514,0.04923547217851054,fold4,B6_month_climatology_diagnostic
0,0.0,0.1,0,,,,fold4,P1_normal_mos
1,0.1,0.2,0,,,,fold4,P1_normal_mos
2,0.2,0.30000000000000004,199,0.29748297842781285,0.3869346733668342,0.08945169493902133,fold4,P1_normal_mos
3,0.30000000000000004,0.4,219,0.30506995694600514,0.3470319634703196,0.04196200652431448,fold4,P1_normal_mos
4,0.4,0.5,73,0.4667225473295048,0.410958904109589,0.05576364321991578,fold4,P1_normal_mos
5,0.5,0.6000000000000001,2,0.5047211632397949,0.5,0.004721163239794879,fold4,P1_normal_mos
6,0.6000000000000001,0.7000000000000001,0,,,,fold4,P1_normal_mos
7,0.7000000000000001,0.8,45,0.7523939993986907,0.7555555555555555,0.0031615561568648642,fold4,P1_normal_mos
8,0.8,0.9,0,,,,fold4,P1_normal_mos
9,0.9,1.0,193,0.9848364598895357,0.9637305699481865,0.02110588994134921,fold4,P1_normal_mos
0,0.0,0.1,0,,,,fold4,P2_student_t_mos
1,0.1,0.2,0,,,,fold4,P2_student_t_mos
2,0.2,0.30000000000000004,369,0.29238390436215056,0.36585365853658536,0.0734697541744348,fold4,P2_student_t_mos
3,0.30000000000000004,0.4,49,0.3026306089572367,0.3673469387755102,0.06471632981827352,fold4,P2_student_t_mos
4,0.4,0.5,73,0.4674150160143155,0.410958904109589,0.05645611190472649,fold4,P2_student_t_mos
5,0.5,0.6000000000000001,2,0.5046239257065708,0.5,0.004623925706570775,fold4,P2_student_t_mos
6,0.6000000000000001,0.7000000000000001,0,,,,fold4,P2_student_t_mos
7,0.7000000000000001,0.8,45,0.7459082907977451,0.7555555555555555,0.009647264757810414,fold4,P2_student_t_mos
8,0.8,0.9,0,,,,fold4,P2_student_t_mos
9,0.9,1.0,193,0.9794619554475985,0.9637305699481865,0.015731385499412,fold4,P2_student_t_mos
0,0.0,0.1,0,,,,fold4,C1_multinomial_ridge
1,0.1,0.2,0,,,,fold4,C1_multinomial_ridge
2,0.2,0.30000000000000004,143,0.28482744798067877,0.32867132867132864,0.04384388069064987,fold4,C1_multinomial_ridge
3,0.30000000000000004,0.4,253,0.3463354656849668,0.36363636363636365,0.017300897951396832,fold4,C1_multinomial_ridge
4,0.4,0.5,82,0.43223965081488697,0.4024390243902439,0.02980062642464304,fold4,C1_multinomial_ridge
5,0.5,0.6000000000000001,18,0.5153351035572791,0.5555555555555556,0.04022045199827651,fold4,C1_multinomial_ridge
6,0.6000000000000001,0.7000000000000001,1,0.6260480771768357,0.0,0.6260480771768357,fold4,C1_multinomial_ridge
7,0.7000000000000001,0.8,40,0.7491346439508206,0.775,0.02586535604917939,fold4,C1_multinomial_ridge
8,0.8,0.9,21,0.8817149891998171,0.8095238095238095,0.07219117967600752,fold4,C1_multinomial_ridge
9,0.9,1.0,173,0.9775856516920884,0.976878612716763,0.0007070389753254247,fold4,C1_multinomial_ridge
0,0.0,0.1,0,,,,fold4,C2_ordinal_cdf_logistic
1,0.1,0.2,0,,,,fold4,C2_ordinal_cdf_logistic
2,0.2,0.30000000000000004,76,0.28735146284535795,0.32894736842105265,0.0415959055756947,fold4,C2_ordinal_cdf_logistic
3,0.30000000000000004,0.4,286,0.3427910325323859,0.3146853146853147,0.02810571784707122,fold4,C2_ordinal_cdf_logistic
4,0.4,0.5,120,0.43312390075983287,0.425,0.00812390075983288,fold4,C2_ordinal_cdf_logistic
5,0.5,0.6000000000000001,15,0.5271038771753105,0.6666666666666666,0.13956278949135614,fold4,C2_ordinal_cdf_logistic
6,0.6000000000000001,0.7000000000000001,7,0.6701885674327241,0.2857142857142857,0.38447428171843845,fold4,C2_ordinal_cdf_logistic
7,0.7000000000000001,0.8,33,0.7331631207618811,0.8484848484848485,0.11532172772296745,fold4,C2_ordinal_cdf_logistic
8,0.8,0.9,26,0.8838041562636304,0.8846153846153846,0.0008112283517541785,fold4,C2_ordinal_cdf_logistic
9,0.9,1.0,168,0.9805767264176023,0.9761904761904762,0.004386250227126132,fold4,C2_ordinal_cdf_logistic
0,0.0,0.1,0,,,,fold4,K0_B4_identity
1,0.1,0.2,0,,,,fold4,K0_B4_identity
2,0.2,0.30000000000000004,45,0.2747466897490623,0.3111111111111111,0.036364421362048815,fold4,K0_B4_identity
3,0.30000000000000004,0.4,286,0.3547762364598787,0.32167832167832167,0.03309791478155705,fold4,K0_B4_identity
4,0.4,0.5,147,0.4320207794651826,0.38095238095238093,0.05106839851280165,fold4,K0_B4_identity
5,0.5,0.6000000000000001,15,0.5188069891424321,0.4,0.11880698914243204,fold4,K0_B4_identity
6,0.6000000000000001,0.7000000000000001,26,0.6503250651676405,0.7307692307692307,0.08044416560159018,fold4,K0_B4_identity
7,0.7000000000000001,0.8,15,0.7696936751997219,0.8,0.030306324800278173,fold4,K0_B4_identity
8,0.8,0.9,22,0.8764241073073613,0.7727272727272727,0.1036968345800886,fold4,K0_B4_identity
9,0.9,1.0,175,0.9876535483205426,0.9828571428571429,0.004796405463399767,fold4,K0_B4_identity
0,0.0,0.1,0,,,,fold4,K1_B4_power_calibrated
1,0.1,0.2,0,,,,fold4,K1_B4_power_calibrated
2,0.2,0.30000000000000004,55,0.2735206026660872,0.2545454545454545,0.018975148120632668,fold4,K1_B4_power_calibrated
3,0.30000000000000004,0.4,284,0.3496446635092344,0.3415492957746479,0.008095367734586523,fold4,K1_B4_power_calibrated
4,0.4,0.5,148,0.42755513571753656,0.36486486486486486,0.0626902708526717,fold4,K1_B4_power_calibrated
5,0.5,0.6000000000000001,6,0.5304410173784104,0.5,0.03044101737841043,fold4,K1_B4_power_calibrated
6,0.6000000000000001,0.7000000000000001,26,0.6319394812226697,0.7307692307692307,0.09882974954656099,fold4,K1_B4_power_calibrated
7,0.7000000000000001,0.8,15,0.7521861265692794,0.8,0.04781387343072063,fold4,K1_B4_power_calibrated
8,0.8,0.9,22,0.8605272091920461,0.7727272727272727,0.08779993646477335,fold4,K1_B4_power_calibrated
9,0.9,1.0,175,0.9852697752063204,0.9828571428571429,0.002412632349177546,fold4,K1_B4_power_calibrated
0,0.0,0.1,0,,,,fold4,K2_B4_monotone_cdf_projected
1,0.1,0.2,0,,,,fold4,K2_B4_monotone_cdf_projected
2,0.2,0.30000000000000004,45,0.2747466897490623,0.3111111111111111,0.036364421362048815,fold4,K2_B4_monotone_cdf_projected
3,0.30000000000000004,0.4,286,0.3547762364598787,0.32167832167832167,0.03309791478155705,fold4,K2_B4_monotone_cdf_projected
4,0.4,0.5,147,0.4320207794651826,0.38095238095238093,0.05106839851280165,fold4,K2_B4_monotone_cdf_projected
5,0.5,0.6000000000000001,15,0.5188069891424321,0.4,0.11880698914243204,fold4,K2_B4_monotone_cdf_projected
6,0.6000000000000001,0.7000000000000001,26,0.6503250651676405,0.7307692307692307,0.08044416560159018,fold4,K2_B4_monotone_cdf_projected
7,0.7000000000000001,0.8,15,0.7696936751997219,0.8,0.030306324800278173,fold4,K2_B4_monotone_cdf_projected
8,0.8,0.9,22,0.8764241073073613,0.7727272727272727,0.1036968345800886,fold4,K2_B4_monotone_cdf_projected
9,0.9,1.0,175,0.9876535483205426,0.9828571428571429,0.004796405463399767,fold4,K2_B4_monotone_cdf_projected
0,0.0,0.1,0,,,,fold4,S1_conservative_simplex_stack
1,0.1,0.2,0,,,,fold4,S1_conservative_simplex_stack
2,0.2,0.30000000000000004,53,0.28183235628850634,0.3018867924528302,0.02005443616432384,fold4,S1_conservative_simplex_stack
3,0.30000000000000004,0.4,280,0.35115304767541783,0.34285714285714286,0.008295904818274968,fold4,S1_conservative_simplex_stack
4,0.4,0.5,154,0.42929615090167733,0.37662337662337664,0.052672774278300694,fold4,S1_conservative_simplex_stack
5,0.5,0.6000000000000001,6,0.5343885938096333,0.5,0.03438859380963333,fold4,S1_conservative_simplex_stack
6,0.6000000000000001,0.7000000000000001,26,0.6626349376846643,0.7307692307692307,0.06813429308456642,fold4,S1_conservative_simplex_stack
7,0.7000000000000001,0.8,15,0.7658507807463011,0.8,0.03414921925369896,fold4,S1_conservative_simplex_stack
8,0.8,0.9,22,0.8785847653953344,0.7727272727272727,0.10585749266806166,fold4,S1_conservative_simplex_stack
9,0.9,1.0,175,0.9874064225353147,0.9828571428571429,0.004549279678171869,fold4,S1_conservative_simplex_stack
0,0.0,0.1,0,,,,fold4,E1_normal_emos
1,0.1,0.2,0,,,,fold4,E1_normal_emos
2,0.2,0.30000000000000004,0,,,,fold4,E1_normal_emos
3,0.30000000000000004,0.4,206,0.37978498430357244,0.33980582524271846,0.039979159060853975,fold4,E1_normal_emos
4,0.4,0.5,285,0.4356292692244757,0.39649122807017545,0.03913804115430025,fold4,E1_normal_emos
5,0.5,0.6000000000000001,2,0.5078084550137898,0.5,0.0078084550137897946,fold4,E1_normal_emos
6,0.6000000000000001,0.7000000000000001,0,,,,fold4,E1_normal_emos
7,0.7000000000000001,0.8,13,0.7790985640754678,0.5384615384615384,0.2406370256139294,fold4,E1_normal_emos
8,0.8,0.9,32,0.8529791742403026,0.84375,0.009229174240302562,fold4,E1_normal_emos
9,0.9,1.0,193,0.996146991197262,0.9637305699481865,0.03241642124907551,fold4,E1_normal_emos
0,0.0,0.1,0,,,,fold4,E2_student_t_emos
1,0.1,0.2,0,,,,fold4,E2_student_t_emos
2,0.2,0.30000000000000004,0,,,,fold4,E2_student_t_emos
3,0.30000000000000004,0.4,330,0.3664376311390353,0.3575757575757576,0.008861873563277722,fold4,E2_student_t_emos
4,0.4,0.5,161,0.4347539259571768,0.39751552795031053,0.03723839800686629,fold4,E2_student_t_emos
5,0.5,0.6000000000000001,2,0.5074299089299547,0.5,0.007429908929954654,fold4,E2_student_t_emos
6,0.6000000000000001,0.7000000000000001,0,,,,fold4,E2_student_t_emos
7,0.7000000000000001,0.8,18,0.7694557320976791,0.6111111111111112,0.15834462098656799,fold4,E2_student_t_emos
8,0.8,0.9,27,0.8362692079817724,0.8518518518518519,0.01558264387007946,fold4,E2_student_t_emos
9,0.9,1.0,193,0.9872761592850589,0.9637305699481865,0.02354558933687234,fold4,E2_student_t_emos
0,0.0,0.1,0,,,,fold4,E3_two_piece_normal_emos
1,0.1,0.2,0,,,,fold4,E3_two_piece_normal_emos
2,0.2,0.30000000000000004,0,,,,fold4,E3_two_piece_normal_emos
3,0.30000000000000004,0.4,0,,,,fold4,E3_two_piece_normal_emos
4,0.4,0.5,395,0.4597011078008873,0.37721518987341773,0.08248591792746957,fold4,E3_two_piece_normal_emos
5,0.5,0.6000000000000001,98,0.5243962404713788,0.41836734693877553,0.10602889353260325,fold4,E3_two_piece_normal_emos
6,0.6000000000000001,0.7000000000000001,0,,,,fold4,E3_two_piece_normal_emos
7,0.7000000000000001,0.8,0,,,,fold4,E3_two_piece_normal_emos
8,0.8,0.9,22,0.8531555803338658,0.6818181818181818,0.17133739851568408,fold4,E3_two_piece_normal_emos
9,0.9,1.0,216,0.9910032908258091,0.9490740740740741,0.041929216751735,fold4,E3_two_piece_normal_emos
0,0.0,0.1,0,,,,fold4,G1_gamlss_tree_location_scale
1,0.1,0.2,0,,,,fold4,G1_gamlss_tree_location_scale
2,0.2,0.30000000000000004,0,,,,fold4,G1_gamlss_tree_location_scale
3,0.30000000000000004,0.4,23,0.3932272602849423,0.34782608695652173,0.045401173328420585,fold4,G1_gamlss_tree_location_scale
4,0.4,0.5,449,0.4613412484410576,0.37639198218262804,0.08494926625842958,fold4,G1_gamlss_tree_location_scale
5,0.5,0.6000000000000001,21,0.5190331719639129,0.5714285714285714,0.05239539946465854,fold4,G1_gamlss_tree_location_scale
6,0.6000000000000001,0.7000000000000001,0,,,,fold4,G1_gamlss_tree_location_scale
7,0.7000000000000001,0.8,8,0.7955066215690407,0.625,0.17050662156904073,fold4,G1_gamlss_tree_location_scale
8,0.8,0.9,33,0.8381874266079189,0.7878787878787878,0.05030863872913105,fold4,G1_gamlss_tree_location_scale
9,0.9,1.0,197,0.9959324233948473,0.9593908629441624,0.03654156045068491,fold4,G1_gamlss_tree_location_scale
0,0.0,0.1,0,,,,fold4,Q1_quantile_cdf_gb
1,0.1,0.2,106,0.1666940170285049,0.3113207547169811,0.14462673768847623,fold4,Q1_quantile_cdf_gb
2,0.2,0.30000000000000004,330,0.24692726631571074,0.3242424242424242,0.07731515792671348,fold4,Q1_quantile_cdf_gb
3,0.30000000000000004,0.4,20,0.32134887238708676,0.45,0.12865112761291325,fold4,Q1_quantile_cdf_gb
4,0.4,0.5,40,0.4356269260989504,0.425,0.010626926098950384,fold4,Q1_quantile_cdf_gb
5,0.5,0.6000000000000001,20,0.586132400735873,0.6,0.01386759926412695,fold4,Q1_quantile_cdf_gb
6,0.6000000000000001,0.7000000000000001,20,0.6382654998457935,0.85,0.21173450015420647,fold4,Q1_quantile_cdf_gb
7,0.7000000000000001,0.8,195,0.7836957143778328,0.9641025641025641,0.1804068497247313,fold4,Q1_quantile_cdf_gb
8,0.8,0.9,0,,,,fold4,Q1_quantile_cdf_gb
9,0.9,1.0,0,,,,fold4,Q1_quantile_cdf_gb
0,0.0,0.1,0,,,,fold4,Q2_threshold_cdf_gb
1,0.1,0.2,0,,,,fold4,Q2_threshold_cdf_gb
2,0.2,0.30000000000000004,119,0.2859854939594727,0.2857142857142857,0.0002712082451870046,fold4,Q2_threshold_cdf_gb
3,0.30000000000000004,0.4,321,0.3498151112643191,0.411214953271028,0.06139984200670895,fold4,Q2_threshold_cdf_gb
4,0.4,0.5,54,0.4316813171729788,0.42592592592592593,0.005755391247052877,fold4,Q2_threshold_cdf_gb
5,0.5,0.6000000000000001,2,0.5485228818507768,1.0,0.4514771181492232,fold4,Q2_threshold_cdf_gb
6,0.6000000000000001,0.7000000000000001,38,0.6479607586814705,0.7368421052631579,0.08888134658168734,fold4,Q2_threshold_cdf_gb
7,0.7000000000000001,0.8,4,0.7380708298912748,1.0,0.2619291701087252,fold4,Q2_threshold_cdf_gb
8,0.8,0.9,193,0.8856009447557851,0.9637305699481865,0.07812962519240141,fold4,Q2_threshold_cdf_gb
9,0.9,1.0,0,,,,fold4,Q2_threshold_cdf_gb
0,0.0,0.1,0,,,,fold4,T1_time_decay_b4
1,0.1,0.2,0,,,,fold4,T1_time_decay_b4
2,0.2,0.30000000000000004,1,0.2931052149201694,0.0,0.2931052149201694,fold4,T1_time_decay_b4
3,0.30000000000000004,0.4,415,0.34235787655830924,0.36626506024096384,0.023907183682654598,fold4,T1_time_decay_b4
4,0.4,0.5,52,0.43699617334132046,0.40384615384615385,0.033150019495166605,fold4,T1_time_decay_b4
5,0.5,0.6000000000000001,24,0.5284304084217655,0.4166666666666667,0.11176374175509879,fold4,T1_time_decay_b4
6,0.6000000000000001,0.7000000000000001,1,0.6065084635873247,1.0,0.3934915364126753,fold4,T1_time_decay_b4
7,0.7000000000000001,0.8,41,0.7567622050350713,0.7560975609756098,0.0006646440594615388,fold4,T1_time_decay_b4
8,0.8,0.9,4,0.8800442999308603,0.75,0.1300442999308603,fold4,T1_time_decay_b4
9,0.9,1.0,193,0.9853756710578847,0.9637305699481865,0.021645101109698195,fold4,T1_time_decay_b4
0,0.0,0.1,0,,,,fold4,H1_b4_challenger_linear_pool
1,0.1,0.2,0,,,,fold4,H1_b4_challenger_linear_pool
2,0.2,0.30000000000000004,3,0.2971657561500534,0.0,0.2971657561500534,fold4,H1_b4_challenger_linear_pool
3,0.30000000000000004,0.4,291,0.36657387235202205,0.3470790378006873,0.019494834551334772,fold4,H1_b4_challenger_linear_pool
4,0.4,0.5,198,0.4298626282318601,0.3939393939393939,0.03592323429246619,fold4,H1_b4_challenger_linear_pool
5,0.5,0.6000000000000001,1,0.5119930036453065,1.0,0.48800699635469347,fold4,H1_b4_challenger_linear_pool
6,0.6000000000000001,0.7000000000000001,4,0.6965822080494171,0.5,0.19658220804941706,fold4,H1_b4_challenger_linear_pool
7,0.7000000000000001,0.8,25,0.7406436690176739,0.72,0.020643669017673894,fold4,H1_b4_challenger_linear_pool
8,0.8,0.9,16,0.8359553638915769,0.875,0.039044636108423125,fold4,H1_b4_challenger_linear_pool
9,0.9,1.0,193,0.9867853098164359,0.9637305699481865,0.023054739868249352,fold4,H1_b4_challenger_linear_pool
0,0.0,0.1,0,,,,presealed_2022_2023,B0_climatology
1,0.1,0.2,0,,,,presealed_2022_2023,B0_climatology
2,0.2,0.30000000000000004,0,,,,presealed_2022_2023,B0_climatology
3,0.30000000000000004,0.4,730,0.38869521871568125,0.3424657534246575,0.04622946529102373,presealed_2022_2023,B0_climatology
4,0.4,0.5,0,,,,presealed_2022_2023,B0_climatology
5,0.5,0.6000000000000001,0,,,,presealed_2022_2023,B0_climatology
6,0.6000000000000001,0.7000000000000001,0,,,,presealed_2022_2023,B0_climatology
7,0.7000000000000001,0.8,0,,,,presealed_2022_2023,B0_climatology
8,0.8,0.9,0,,,,presealed_2022_2023,B0_climatology
9,0.9,1.0,0,,,,presealed_2022_2023,B0_climatology
0,0.0,0.1,0,,,,presealed_2022_2023,B1_global_residual_pmf
1,0.1,0.2,0,,,,presealed_2022_2023,B1_global_residual_pmf
2,0.2,0.30000000000000004,0,,,,presealed_2022_2023,B1_global_residual_pmf
3,0.30000000000000004,0.4,399,0.3317978000543737,0.3558897243107769,0.02409192425640322,presealed_2022_2023,B1_global_residual_pmf
4,0.4,0.5,37,0.4381225117545411,0.40540540540540543,0.03271710634913566,presealed_2022_2023,B1_global_residual_pmf
5,0.5,0.6000000000000001,38,0.5618774882454578,0.5789473684210527,0.017069880175594854,presealed_2022_2023,B1_global_residual_pmf
6,0.6000000000000001,0.7000000000000001,0,,,,presealed_2022_2023,B1_global_residual_pmf
7,0.7000000000000001,0.8,41,0.769920311808915,0.7073170731707317,0.06260323863818329,presealed_2022_2023,B1_global_residual_pmf
8,0.8,0.9,13,0.8463645327472789,0.8461538461538461,0.00021068659343270735,presealed_2022_2023,B1_global_residual_pmf
9,0.9,1.0,202,0.9872613393328955,0.9900990099009901,0.0028376705680945857,presealed_2022_2023,B1_global_residual_pmf
0,0.0,0.1,0,,,,presealed_2022_2023,B2_month_residual_pmf
1,0.1,0.2,0,,,,presealed_2022_2023,B2_month_residual_pmf
2,0.2,0.30000000000000004,118,0.2815178444680608,0.3220338983050847,0.040516053837023946,presealed_2022_2023,B2_month_residual_pmf
3,0.30000000000000004,0.4,278,0.3536467601693655,0.36330935251798563,0.009662592348620103,presealed_2022_2023,B2_month_residual_pmf
4,0.4,0.5,40,0.42773756002801433,0.375,0.05273756002801433,presealed_2022_2023,B2_month_residual_pmf
5,0.5,0.6000000000000001,38,0.5484755039371213,0.5789473684210527,0.030471864483931355,presealed_2022_2023,B2_month_residual_pmf
6,0.6000000000000001,0.7000000000000001,3,0.6873204453277221,0.6666666666666666,0.020653778661055444,presealed_2022_2023,B2_month_residual_pmf
7,0.7000000000000001,0.8,37,0.7578887725160541,0.7297297297297297,0.028159042786324417,presealed_2022_2023,B2_month_residual_pmf
8,0.8,0.9,32,0.8728614365852837,0.84375,0.0291114365852837,presealed_2022_2023,B2_month_residual_pmf
9,0.9,1.0,184,0.9916217190009703,1.0,0.008378280999029708,presealed_2022_2023,B2_month_residual_pmf
0,0.0,0.1,0,,,,presealed_2022_2023,B3_forecast_level_residual_pmf
1,0.1,0.2,0,,,,presealed_2022_2023,B3_forecast_level_residual_pmf
2,0.2,0.30000000000000004,0,,,,presealed_2022_2023,B3_forecast_level_residual_pmf
3,0.30000000000000004,0.4,330,0.3273886935343816,0.3303030303030303,0.0029143367686487176,presealed_2022_2023,B3_forecast_level_residual_pmf
4,0.4,0.5,144,0.42365942348783797,0.4652777777777778,0.04161835428993982,presealed_2022_2023,B3_forecast_level_residual_pmf
5,0.5,0.6000000000000001,0,,,,presealed_2022_2023,B3_forecast_level_residual_pmf
6,0.6000000000000001,0.7000000000000001,41,0.6886374467020563,0.7073170731707317,0.01867962646867538,presealed_2022_2023,B3_forecast_level_residual_pmf
7,0.7000000000000001,0.8,0,,,,presealed_2022_2023,B3_forecast_level_residual_pmf
8,0.8,0.9,13,0.8328858420050397,0.8461538461538461,0.013268004148806467,presealed_2022_2023,B3_forecast_level_residual_pmf
9,0.9,1.0,202,0.9824495172834472,0.9900990099009901,0.007649492617542886,presealed_2022_2023,B3_forecast_level_residual_pmf
0,0.0,0.1,0,,,,presealed_2022_2023,B4_hierarchical_residual_pmf
1,0.1,0.2,0,,,,presealed_2022_2023,B4_hierarchical_residual_pmf
2,0.2,0.30000000000000004,79,0.2724839074789223,0.20253164556962025,0.06995226190930207,presealed_2022_2023,B4_hierarchical_residual_pmf
3,0.30000000000000004,0.4,240,0.3474865481434625,0.30416666666666664,0.043319881476795885,presealed_2022_2023,B4_hierarchical_residual_pmf
4,0.4,0.5,133,0.4196270738609051,0.40601503759398494,0.013612036266920147,presealed_2022_2023,B4_hierarchical_residual_pmf
5,0.5,0.6000000000000001,22,0.5270483643307655,0.6818181818181818,0.15476981748741625,presealed_2022_2023,B4_hierarchical_residual_pmf
6,0.6000000000000001,0.7000000000000001,18,0.6655711639500999,0.6666666666666666,0.0010955027165667763,presealed_2022_2023,B4_hierarchical_residual_pmf
7,0.7000000000000001,0.8,23,0.7811722730145171,0.7391304347826086,0.042041838231908435,presealed_2022_2023,B4_hierarchical_residual_pmf
8,0.8,0.9,31,0.8734776150798021,0.8709677419354839,0.0025098731443182754,presealed_2022_2023,B4_hierarchical_residual_pmf
9,0.9,1.0,184,0.9914304283879654,1.0,0.008569571612034643,presealed_2022_2023,B4_hierarchical_residual_pmf
0,0.0,0.1,0,,,,presealed_2022_2023,B5_kernel_analog_pmf
1,0.1,0.2,0,,,,presealed_2022_2023,B5_kernel_analog_pmf
2,0.2,0.30000000000000004,93,0.27269555372982507,0.27956989247311825,0.006874338743293185,presealed_2022_2023,B5_kernel_analog_pmf
3,0.30000000000000004,0.4,230,0.35104336520713636,0.32608695652173914,0.024956408685397224,presealed_2022_2023,B5_kernel_analog_pmf
4,0.4,0.5,148,0.4315895809319753,0.42567567567567566,0.005913905256299645,presealed_2022_2023,B5_kernel_analog_pmf
5,0.5,0.6000000000000001,3,0.52378242327312,0.6666666666666666,0.14288424339354666,presealed_2022_2023,B5_kernel_analog_pmf
6,0.6000000000000001,0.7000000000000001,22,0.645584934552348,0.6818181818181818,0.03623324726583377,presealed_2022_2023,B5_kernel_analog_pmf
7,0.7000000000000001,0.8,10,0.7409831235881799,1.0,0.25901687641182014,presealed_2022_2023,B5_kernel_analog_pmf
8,0.8,0.9,36,0.8431937317000204,0.75,0.09319373170002043,presealed_2022_2023,B5_kernel_analog_pmf
9,0.9,1.0,188,0.9896024782556136,1.0,0.010397521744386351,presealed_2022_2023,B5_kernel_analog_pmf
0,0.0,0.1,0,,,,presealed_2022_2023,B6_month_climatology_diagnostic
1,0.1,0.2,62,0.17002417405318287,0.0967741935483871,0.07324998050479578,presealed_2022_2023,B6_month_climatology_diagnostic
2,0.2,0.30000000000000004,244,0.21822668292744302,0.19672131147540983,0.021505371452033184,presealed_2022_2023,B6_month_climatology_diagnostic
3,0.30000000000000004,0.4,122,0.343309666923205,0.22131147540983606,0.12199819151336896,presealed_2022_2023,B6_month_climatology_diagnostic
4,0.4,0.5,0,,,,presealed_2022_2023,B6_month_climatology_diagnostic
5,0.5,0.6000000000000001,60,0.5406575051248955,0.36666666666666664,0.17399083845822888,presealed_2022_2023,B6_month_climatology_diagnostic
6,0.6000000000000001,0.7000000000000001,0,,,,presealed_2022_2023,B6_month_climatology_diagnostic
7,0.7000000000000001,0.8,62,0.7692476741630654,0.5,0.2692476741630654,presealed_2022_2023,B6_month_climatology_diagnostic
8,0.8,0.9,0,,,,presealed_2022_2023,B6_month_climatology_diagnostic
9,0.9,1.0,180,0.9565615388554511,0.95,0.006561538855451188,presealed_2022_2023,B6_month_climatology_diagnostic
0,0.0,0.1,0,,,,presealed_2022_2023,P1_normal_mos
1,0.1,0.2,0,,,,presealed_2022_2023,P1_normal_mos
2,0.2,0.30000000000000004,143,0.29760073708870227,0.35664335664335667,0.059042619554654396,presealed_2022_2023,P1_normal_mos
3,0.30000000000000004,0.4,256,0.30626719999851293,0.33203125,0.02576405000148707,presealed_2022_2023,P1_normal_mos
4,0.4,0.5,75,0.4630534019034291,0.49333333333333335,0.03027993142990426,presealed_2022_2023,P1_normal_mos
5,0.5,0.6000000000000001,0,,,,presealed_2022_2023,P1_normal_mos
6,0.6000000000000001,0.7000000000000001,0,,,,presealed_2022_2023,P1_normal_mos
7,0.7000000000000001,0.8,54,0.7534341126399741,0.7407407407407407,0.012693371899233363,presealed_2022_2023,P1_normal_mos
8,0.8,0.9,0,,,,presealed_2022_2023,P1_normal_mos
9,0.9,1.0,202,0.9871379789111391,0.9900990099009901,0.00296103098985101,presealed_2022_2023,P1_normal_mos
0,0.0,0.1,0,,,,presealed_2022_2023,P2_student_t_mos
1,0.1,0.2,0,,,,presealed_2022_2023,P2_student_t_mos
2,0.2,0.30000000000000004,304,0.29278250708172004,0.375,0.08221749291827996,presealed_2022_2023,P2_student_t_mos
3,0.30000000000000004,0.4,95,0.3033807101554035,0.23157894736842105,0.07180176278698247,presealed_2022_2023,P2_student_t_mos
4,0.4,0.5,75,0.4638254332732916,0.49333333333333335,0.029507900060041725,presealed_2022_2023,P2_student_t_mos
5,0.5,0.6000000000000001,0,,,,presealed_2022_2023,P2_student_t_mos
6,0.6000000000000001,0.7000000000000001,1,0.696370525945719,1.0,0.303629474054281,presealed_2022_2023,P2_student_t_mos
7,0.7000000000000001,0.8,53,0.7478570249681901,0.7358490566037735,0.012007968364416532,presealed_2022_2023,P2_student_t_mos
8,0.8,0.9,0,,,,presealed_2022_2023,P2_student_t_mos
9,0.9,1.0,202,0.9829505280196859,0.9900990099009901,0.007148481881304236,presealed_2022_2023,P2_student_t_mos
0,0.0,0.1,0,,,,presealed_2022_2023,C1_multinomial_ridge
1,0.1,0.2,0,,,,presealed_2022_2023,C1_multinomial_ridge
2,0.2,0.30000000000000004,164,0.28271256318030136,0.25,0.03271256318030136,presealed_2022_2023,C1_multinomial_ridge
3,0.30000000000000004,0.4,227,0.3425810993040988,0.32158590308370044,0.02099519622039836,presealed_2022_2023,C1_multinomial_ridge
4,0.4,0.5,80,0.43845226193418013,0.425,0.013452261934180143,presealed_2022_2023,C1_multinomial_ridge
5,0.5,0.6000000000000001,14,0.540027902819483,0.5714285714285714,0.03140066860908841,presealed_2022_2023,C1_multinomial_ridge
6,0.6000000000000001,0.7000000000000001,7,0.6657800580735291,1.0,0.33421994192647086,presealed_2022_2023,C1_multinomial_ridge
7,0.7000000000000001,0.8,39,0.7452146524524098,0.717948717948718,0.027265934503691858,presealed_2022_2023,C1_multinomial_ridge
8,0.8,0.9,22,0.8842960170734405,0.9090909090909091,0.02479489201746854,presealed_2022_2023,C1_multinomial_ridge
9,0.9,1.0,177,0.9857254466259975,0.9943502824858758,0.008624835859878277,presealed_2022_2023,C1_multinomial_ridge
0,0.0,0.1,0,,,,presealed_2022_2023,C2_ordinal_cdf_logistic
1,0.1,0.2,0,,,,presealed_2022_2023,C2_ordinal_cdf_logistic
2,0.2,0.30000000000000004,96,0.28912629194543366,0.25,0.039126291945433656,presealed_2022_2023,C2_ordinal_cdf_logistic
3,0.30000000000000004,0.4,288,0.34283075698366133,0.3125,0.030330756983661333,presealed_2022_2023,C2_ordinal_cdf_logistic
4,0.4,0.5,87,0.43949505617401025,0.39080459770114945,0.0486904584728608,presealed_2022_2023,C2_ordinal_cdf_logistic
5,0.5,0.6000000000000001,16,0.5320755990027769,0.4375,0.0945755990027769,presealed_2022_2023,C2_ordinal_cdf_logistic
6,0.6000000000000001,0.7000000000000001,21,0.669739035883523,0.8095238095238095,0.13978477364028652,presealed_2022_2023,C2_ordinal_cdf_logistic
7,0.7000000000000001,0.8,24,0.7344267308653274,0.6666666666666666,0.06776006419866076,presealed_2022_2023,C2_ordinal_cdf_logistic
8,0.8,0.9,25,0.8770316376109285,0.96,0.08296836238907146,presealed_2022_2023,C2_ordinal_cdf_logistic
9,0.9,1.0,173,0.9887039365171557,0.9942196531791907,0.005515716662034986,presealed_2022_2023,C2_ordinal_cdf_logistic
0,0.0,0.1,0,,,,presealed_2022_2023,K0_B4_identity
1,0.1,0.2,0,,,,presealed_2022_2023,K0_B4_identity
2,0.2,0.30000000000000004,79,0.2724839074789223,0.20253164556962025,0.06995226190930207,presealed_2022_2023,K0_B4_identity
3,0.30000000000000004,0.4,240,0.3474865481434625,0.30416666666666664,0.043319881476795885,presealed_2022_2023,K0_B4_identity
4,0.4,0.5,133,0.4196270738609051,0.40601503759398494,0.013612036266920147,presealed_2022_2023,K0_B4_identity
5,0.5,0.6000000000000001,22,0.5270483643307655,0.6818181818181818,0.15476981748741625,presealed_2022_2023,K0_B4_identity
6,0.6000000000000001,0.7000000000000001,18,0.6655711639500999,0.6666666666666666,0.0010955027165667763,presealed_2022_2023,K0_B4_identity
7,0.7000000000000001,0.8,23,0.7811722730145171,0.7391304347826086,0.042041838231908435,presealed_2022_2023,K0_B4_identity
8,0.8,0.9,31,0.8734776150798021,0.8709677419354839,0.0025098731443182754,presealed_2022_2023,K0_B4_identity
9,0.9,1.0,184,0.9914304283879654,1.0,0.008569571612034643,presealed_2022_2023,K0_B4_identity
0,0.0,0.1,0,,,,presealed_2022_2023,K1_B4_power_calibrated
1,0.1,0.2,0,,,,presealed_2022_2023,K1_B4_power_calibrated
2,0.2,0.30000000000000004,121,0.2769829986645911,0.24793388429752067,0.029049114367070417,presealed_2022_2023,K1_B4_power_calibrated
3,0.30000000000000004,0.4,245,0.35722475970183354,0.3306122448979592,0.026612514803874332,presealed_2022_2023,K1_B4_power_calibrated
4,0.4,0.5,86,0.419351174403535,0.37209302325581395,0.04725815114772103,presealed_2022_2023,K1_B4_power_calibrated
5,0.5,0.6000000000000001,27,0.5314455300620654,0.6666666666666666,0.13522113660460122,presealed_2022_2023,K1_B4_power_calibrated
6,0.6000000000000001,0.7000000000000001,13,0.6668991744853048,0.6923076923076923,0.02540851782238751,presealed_2022_2023,K1_B4_power_calibrated
7,0.7000000000000001,0.8,23,0.763431362361817,0.7391304347826086,0.02430092757920832,presealed_2022_2023,K1_B4_power_calibrated
8,0.8,0.9,31,0.8575962698290269,0.8709677419354839,0.01337147210645695,presealed_2022_2023,K1_B4_power_calibrated
9,0.9,1.0,184,0.989805397387478,1.0,0.01019460261252203,presealed_2022_2023,K1_B4_power_calibrated
0,0.0,0.1,0,,,,presealed_2022_2023,K2_B4_monotone_cdf_projected
1,0.1,0.2,0,,,,presealed_2022_2023,K2_B4_monotone_cdf_projected
2,0.2,0.30000000000000004,79,0.2724839074789223,0.20253164556962025,0.06995226190930207,presealed_2022_2023,K2_B4_monotone_cdf_projected
3,0.30000000000000004,0.4,240,0.3474865481434625,0.30416666666666664,0.043319881476795885,presealed_2022_2023,K2_B4_monotone_cdf_projected
4,0.4,0.5,133,0.41962707386090503,0.40601503759398494,0.013612036266920091,presealed_2022_2023,K2_B4_monotone_cdf_projected
5,0.5,0.6000000000000001,22,0.5270483643307654,0.6818181818181818,0.15476981748741636,presealed_2022_2023,K2_B4_monotone_cdf_projected
6,0.6000000000000001,0.7000000000000001,18,0.6655711639500996,0.6666666666666666,0.0010955027165669984,presealed_2022_2023,K2_B4_monotone_cdf_projected
7,0.7000000000000001,0.8,23,0.7811722730145171,0.7391304347826086,0.042041838231908435,presealed_2022_2023,K2_B4_monotone_cdf_projected
8,0.8,0.9,31,0.8734776150798021,0.8709677419354839,0.0025098731443182754,presealed_2022_2023,K2_B4_monotone_cdf_projected
9,0.9,1.0,184,0.9914304283879651,1.0,0.008569571612034865,presealed_2022_2023,K2_B4_monotone_cdf_projected
0,0.0,0.1,0,,,,presealed_2022_2023,S1_conservative_simplex_stack
1,0.1,0.2,0,,,,presealed_2022_2023,S1_conservative_simplex_stack
2,0.2,0.30000000000000004,79,0.27544399691682586,0.189873417721519,0.08557057919530686,presealed_2022_2023,S1_conservative_simplex_stack
3,0.30000000000000004,0.4,278,0.3499536387743644,0.32014388489208634,0.02980975388227808,presealed_2022_2023,S1_conservative_simplex_stack
4,0.4,0.5,95,0.4201475491116077,0.3894736842105263,0.03067386490108137,presealed_2022_2023,S1_conservative_simplex_stack
5,0.5,0.6000000000000001,22,0.5177355640630747,0.6818181818181818,0.16408261775510702,presealed_2022_2023,S1_conservative_simplex_stack
6,0.6000000000000001,0.7000000000000001,8,0.6418451939215626,0.625,0.016845193921562585,presealed_2022_2023,S1_conservative_simplex_stack
7,0.7000000000000001,0.8,33,0.7542019604980549,0.7272727272727273,0.026929233225327587,presealed_2022_2023,S1_conservative_simplex_stack
8,0.8,0.9,31,0.8695992281653563,0.8709677419354839,0.0013685137701275885,presealed_2022_2023,S1_conservative_simplex_stack
9,0.9,1.0,184,0.9909066585561234,1.0,0.009093341443876635,presealed_2022_2023,S1_conservative_simplex_stack
0,0.0,0.1,0,,,,presealed_2022_2023,E1_normal_emos
1,0.1,0.2,0,,,,presealed_2022_2023,E1_normal_emos
2,0.2,0.30000000000000004,0,,,,presealed_2022_2023,E1_normal_emos
3,0.30000000000000004,0.4,203,0.3789972670685856,0.32019704433497537,0.05880022273361024,presealed_2022_2023,E1_normal_emos
4,0.4,0.5,270,0.43931519293471993,0.3814814814814815,0.05783371145323846,presealed_2022_2023,E1_normal_emos
5,0.5,0.6000000000000001,1,0.500907038188532,1.0,0.499092961811468,presealed_2022_2023,E1_normal_emos
6,0.6000000000000001,0.7000000000000001,0,,,,presealed_2022_2023,E1_normal_emos
7,0.7000000000000001,0.8,9,0.7727040778353026,0.7777777777777778,0.005073699942475196,presealed_2022_2023,E1_normal_emos
8,0.8,0.9,41,0.8509830689255916,0.7317073170731707,0.1192757518524209,presealed_2022_2023,E1_normal_emos
9,0.9,1.0,206,0.994471700116669,0.9854368932038835,0.009034806912785465,presealed_2022_2023,E1_normal_emos
0,0.0,0.1,0,,,,presealed_2022_2023,E2_student_t_emos
1,0.1,0.2,0,,,,presealed_2022_2023,E2_student_t_emos
2,0.2,0.30000000000000004,0,,,,presealed_2022_2023,E2_student_t_emos
3,0.30000000000000004,0.4,372,0.3571095778364488,0.34139784946236557,0.015711728374083245,presealed_2022_2023,E2_student_t_emos
4,0.4,0.5,102,0.4434867349316591,0.43137254901960786,0.012114185912051212,presealed_2022_2023,E2_student_t_emos
5,0.5,0.6000000000000001,0,,,,presealed_2022_2023,E2_student_t_emos
6,0.6000000000000001,0.7000000000000001,0,,,,presealed_2022_2023,E2_student_t_emos
7,0.7000000000000001,0.8,20,0.7678774497503317,0.85,0.0821225502496683,presealed_2022_2023,E2_student_t_emos
8,0.8,0.9,37,0.833726155559486,0.6756756756756757,0.15805047988381038,presealed_2022_2023,E2_student_t_emos
9,0.9,1.0,199,0.9822737160571934,0.9949748743718593,0.012701158314665895,presealed_2022_2023,E2_student_t_emos
0,0.0,0.1,0,,,,presealed_2022_2023,E3_two_piece_normal_emos
1,0.1,0.2,0,,,,presealed_2022_2023,E3_two_piece_normal_emos
2,0.2,0.30000000000000004,0,,,,presealed_2022_2023,E3_two_piece_normal_emos
3,0.30000000000000004,0.4,0,,,,presealed_2022_2023,E3_two_piece_normal_emos
4,0.4,0.5,363,0.4616812567717755,0.36363636363636365,0.09804489313541187,presealed_2022_2023,E3_two_piece_normal_emos
5,0.5,0.6000000000000001,111,0.526008690212858,0.3153153153153153,0.2106933748975427,presealed_2022_2023,E3_two_piece_normal_emos
6,0.6000000000000001,0.7000000000000001,0,,,,presealed_2022_2023,E3_two_piece_normal_emos
7,0.7000000000000001,0.8,1,0.7878695912371786,1.0,0.2121304087628214,presealed_2022_2023,E3_two_piece_normal_emos
8,0.8,0.9,24,0.8696417679649188,0.75,0.11964176796491877,presealed_2022_2023,E3_two_piece_normal_emos
9,0.9,1.0,231,0.9901244765066496,0.9567099567099567,0.033414519796692854,presealed_2022_2023,E3_two_piece_normal_emos
0,0.0,0.1,0,,,,presealed_2022_2023,G1_gamlss_tree_location_scale
1,0.1,0.2,0,,,,presealed_2022_2023,G1_gamlss_tree_location_scale
2,0.2,0.30000000000000004,0,,,,presealed_2022_2023,G1_gamlss_tree_location_scale
3,0.30000000000000004,0.4,54,0.3950427734559649,0.2037037037037037,0.1913390697522612,presealed_2022_2023,G1_gamlss_tree_location_scale
4,0.4,0.5,386,0.4591100013156332,0.37305699481865284,0.08605300649698033,presealed_2022_2023,G1_gamlss_tree_location_scale
5,0.5,0.6000000000000001,34,0.5211169865151606,0.5,0.021116986515160585,presealed_2022_2023,G1_gamlss_tree_location_scale
6,0.6000000000000001,0.7000000000000001,0,,,,presealed_2022_2023,G1_gamlss_tree_location_scale
7,0.7000000000000001,0.8,6,0.7909224650106851,0.8333333333333334,0.04241086832264829,presealed_2022_2023,G1_gamlss_tree_location_scale
8,0.8,0.9,35,0.8414736426662058,0.6857142857142857,0.1557593569519201,presealed_2022_2023,G1_gamlss_tree_location_scale
9,0.9,1.0,215,0.9939412979683491,0.9813953488372092,0.012545949131139822,presealed_2022_2023,G1_gamlss_tree_location_scale
0,0.0,0.1,0,,,,presealed_2022_2023,Q1_quantile_cdf_gb
1,0.1,0.2,117,0.16744825874659253,0.5384615384615384,0.3710132797149459,presealed_2022_2023,Q1_quantile_cdf_gb
2,0.2,0.30000000000000004,324,0.24766665822128378,0.33641975308641975,0.08875309486513597,presealed_2022_2023,Q1_quantile_cdf_gb
3,0.30000000000000004,0.4,14,0.34068380899187484,0.35714285714285715,0.016459048150982314,presealed_2022_2023,Q1_quantile_cdf_gb
4,0.4,0.5,37,0.41875081741840586,0.40540540540540543,0.013345412013000435,presealed_2022_2023,Q1_quantile_cdf_gb
5,0.5,0.6000000000000001,25,0.58370955240765,0.84,0.25629044759235,presealed_2022_2023,Q1_quantile_cdf_gb
6,0.6000000000000001,0.7000000000000001,19,0.677828738033673,0.631578947368421,0.04624979066525203,presealed_2022_2023,Q1_quantile_cdf_gb
7,0.7000000000000001,0.8,194,0.7769464601817859,0.9845360824742269,0.20758962229244093,presealed_2022_2023,Q1_quantile_cdf_gb
8,0.8,0.9,0,,,,presealed_2022_2023,Q1_quantile_cdf_gb
9,0.9,1.0,0,,,,presealed_2022_2023,Q1_quantile_cdf_gb
0,0.0,0.1,0,,,,presealed_2022_2023,Q2_threshold_cdf_gb
1,0.1,0.2,0,,,,presealed_2022_2023,Q2_threshold_cdf_gb
2,0.2,0.30000000000000004,119,0.28342541482850686,0.2773109243697479,0.006114490458758948,presealed_2022_2023,Q2_threshold_cdf_gb
3,0.30000000000000004,0.4,281,0.3391770719290655,0.35231316725978645,0.013136095330720965,presealed_2022_2023,Q2_threshold_cdf_gb
4,0.4,0.5,75,0.4172237040956882,0.4,0.017223704095688186,presealed_2022_2023,Q2_threshold_cdf_gb
5,0.5,0.6000000000000001,8,0.5283823797577694,0.875,0.34661762024223064,presealed_2022_2023,Q2_threshold_cdf_gb
6,0.6000000000000001,0.7000000000000001,40,0.6623515366015306,0.775,0.11264846339846946,presealed_2022_2023,Q2_threshold_cdf_gb
7,0.7000000000000001,0.8,10,0.7361743819807993,0.6,0.13617438198079934,presealed_2022_2023,Q2_threshold_cdf_gb
8,0.8,0.9,197,0.8826371344904688,0.9898477157360406,0.10721058124557181,presealed_2022_2023,Q2_threshold_cdf_gb
9,0.9,1.0,0,,,,presealed_2022_2023,Q2_threshold_cdf_gb
0,0.0,0.1,0,,,,presealed_2022_2023,T1_time_decay_b4
1,0.1,0.2,0,,,,presealed_2022_2023,T1_time_decay_b4
2,0.2,0.30000000000000004,48,0.2824347480226001,0.25,0.0324347480226001,presealed_2022_2023,T1_time_decay_b4
3,0.30000000000000004,0.4,348,0.35012734884668706,0.3390804597701149,0.011046889076572142,presealed_2022_2023,T1_time_decay_b4
4,0.4,0.5,55,0.4381487805616368,0.41818181818181815,0.019966962379818654,presealed_2022_2023,T1_time_decay_b4
5,0.5,0.6000000000000001,20,0.550415851042539,0.75,0.19958414895746102,presealed_2022_2023,T1_time_decay_b4
6,0.6000000000000001,0.7000000000000001,9,0.6695257750012342,0.4444444444444444,0.2250813305567898,presealed_2022_2023,T1_time_decay_b4
7,0.7000000000000001,0.8,38,0.7604096129845551,0.7631578947368421,0.0027482817522870295,presealed_2022_2023,T1_time_decay_b4
8,0.8,0.9,11,0.895038089359483,0.9090909090909091,0.014052819731426025,presealed_2022_2023,T1_time_decay_b4
9,0.9,1.0,201,0.9860845471977984,0.9850746268656716,0.001009920332126768,presealed_2022_2023,T1_time_decay_b4
0,0.0,0.1,0,,,,presealed_2022_2023,H1_b4_challenger_linear_pool
1,0.1,0.2,0,,,,presealed_2022_2023,H1_b4_challenger_linear_pool
2,0.2,0.30000000000000004,68,0.2780843353874392,0.20588235294117646,0.07220198244626275,presealed_2022_2023,H1_b4_challenger_linear_pool
3,0.30000000000000004,0.4,325,0.35502611022400865,0.3353846153846154,0.01964149483939326,presealed_2022_2023,H1_b4_challenger_linear_pool
4,0.4,0.5,59,0.43113672552000687,0.423728813559322,0.007407911960684854,presealed_2022_2023,H1_b4_challenger_linear_pool
5,0.5,0.6000000000000001,19,0.5345204940027547,0.7368421052631579,0.20232161126040316,presealed_2022_2023,H1_b4_challenger_linear_pool
6,0.6000000000000001,0.7000000000000001,11,0.6444651383938637,0.5454545454545454,0.09901059293931824,presealed_2022_2023,H1_b4_challenger_linear_pool
7,0.7000000000000001,0.8,36,0.762460429206229,0.75,0.012460429206229029,presealed_2022_2023,H1_b4_challenger_linear_pool
8,0.8,0.9,28,0.892096030416838,0.8571428571428571,0.03495317327398095,presealed_2022_2023,H1_b4_challenger_linear_pool
9,0.9,1.0,184,0.9921216006303198,1.0,0.007878399369680156,presealed_2022_2023,H1_b4_challenger_linear_pool
0,0.0,0.1,0,,,,sealed_2024_2026_05,B0_climatology
1,0.1,0.2,0,,,,sealed_2024_2026_05,B0_climatology
2,0.2,0.30000000000000004,0,,,,sealed_2024_2026_05,B0_climatology
3,0.30000000000000004,0.4,882,0.38484364263486887,0.35941043083900226,0.025433211795866606,sealed_2024_2026_05,B0_climatology
4,0.4,0.5,0,,,,sealed_2024_2026_05,B0_climatology
5,0.5,0.6000000000000001,0,,,,sealed_2024_2026_05,B0_climatology
6,0.6000000000000001,0.7000000000000001,0,,,,sealed_2024_2026_05,B0_climatology
7,0.7000000000000001,0.8,0,,,,sealed_2024_2026_05,B0_climatology
8,0.8,0.9,0,,,,sealed_2024_2026_05,B0_climatology
9,0.9,1.0,0,,,,sealed_2024_2026_05,B0_climatology
0,0.0,0.1,0,,,,sealed_2024_2026_05,B1_global_residual_pmf
1,0.1,0.2,0,,,,sealed_2024_2026_05,B1_global_residual_pmf
2,0.2,0.30000000000000004,0,,,,sealed_2024_2026_05,B1_global_residual_pmf
3,0.30000000000000004,0.4,482,0.33154530131220983,0.31950207468879666,0.012043226623413172,sealed_2024_2026_05,B1_global_residual_pmf
4,0.4,0.5,40,0.4381419783619929,0.375,0.06314197836199292,sealed_2024_2026_05,B1_global_residual_pmf
5,0.5,0.6000000000000001,45,0.5618580216380057,0.4222222222222222,0.13963579941578347,sealed_2024_2026_05,B1_global_residual_pmf
6,0.6000000000000001,0.7000000000000001,0,,,,sealed_2024_2026_05,B1_global_residual_pmf
7,0.7000000000000001,0.8,46,0.7696872796742025,0.7391304347826086,0.030556844891593826,sealed_2024_2026_05,B1_global_residual_pmf
8,0.8,0.9,6,0.8453549334934326,0.8333333333333334,0.012021600160099233,sealed_2024_2026_05,B1_global_residual_pmf
9,0.9,1.0,263,0.9877152617079996,0.9885931558935361,0.0008778941855365208,sealed_2024_2026_05,B1_global_residual_pmf
0,0.0,0.1,0,,,,sealed_2024_2026_05,B2_month_residual_pmf
1,0.1,0.2,0,,,,sealed_2024_2026_05,B2_month_residual_pmf
2,0.2,0.30000000000000004,114,0.26653178209190526,0.32456140350877194,0.058029621416866684,sealed_2024_2026_05,B2_month_residual_pmf
3,0.30000000000000004,0.4,372,0.3434823729849219,0.31989247311827956,0.02358989986664234,sealed_2024_2026_05,B2_month_residual_pmf
4,0.4,0.5,36,0.43487546691945406,0.3611111111111111,0.07376435580834295,sealed_2024_2026_05,B2_month_residual_pmf
5,0.5,0.6000000000000001,45,0.5508832724711851,0.4222222222222222,0.12866105024896285,sealed_2024_2026_05,B2_month_residual_pmf
6,0.6000000000000001,0.7000000000000001,9,0.6851482831018297,0.4444444444444444,0.24070383865738532,sealed_2024_2026_05,B2_month_residual_pmf
7,0.7000000000000001,0.8,32,0.7470032983111552,0.78125,0.034246701688844805,sealed_2024_2026_05,B2_month_residual_pmf
8,0.8,0.9,26,0.8568394279917535,0.8461538461538461,0.010685581837907354,sealed_2024_2026_05,B2_month_residual_pmf
9,0.9,1.0,248,0.9909915857085791,1.0,0.009008414291420852,sealed_2024_2026_05,B2_month_residual_pmf
0,0.0,0.1,0,,,,sealed_2024_2026_05,B3_forecast_level_residual_pmf
1,0.1,0.2,0,,,,sealed_2024_2026_05,B3_forecast_level_residual_pmf
2,0.2,0.30000000000000004,0,,,,sealed_2024_2026_05,B3_forecast_level_residual_pmf
3,0.30000000000000004,0.4,403,0.32647921576341177,0.315136476426799,0.011342739336612784,sealed_2024_2026_05,B3_forecast_level_residual_pmf
4,0.4,0.5,164,0.4354158844639925,0.3719512195121951,0.06346466495179737,sealed_2024_2026_05,B3_forecast_level_residual_pmf
5,0.5,0.6000000000000001,0,,,,sealed_2024_2026_05,B3_forecast_level_residual_pmf
6,0.6000000000000001,0.7000000000000001,46,0.6904717451384448,0.7391304347826086,0.048658689644163866,sealed_2024_2026_05,B3_forecast_level_residual_pmf
7,0.7000000000000001,0.8,0,,,,sealed_2024_2026_05,B3_forecast_level_residual_pmf
8,0.8,0.9,6,0.8373405311112966,0.8333333333333334,0.004007197777963212,sealed_2024_2026_05,B3_forecast_level_residual_pmf
9,0.9,1.0,263,0.9827097537220619,0.9885931558935361,0.005883402171474206,sealed_2024_2026_05,B3_forecast_level_residual_pmf
0,0.0,0.1,0,,,,sealed_2024_2026_05,B4_hierarchical_residual_pmf
1,0.1,0.2,0,,,,sealed_2024_2026_05,B4_hierarchical_residual_pmf
2,0.2,0.30000000000000004,121,0.2727388081800726,0.2644628099173554,0.008275998262717243,sealed_2024_2026_05,B4_hierarchical_residual_pmf
3,0.30000000000000004,0.4,282,0.34556248167184933,0.3333333333333333,0.012229148338516016,sealed_2024_2026_05,B4_hierarchical_residual_pmf
4,0.4,0.5,141,0.4247424491572302,0.3120567375886525,0.1126857115685777,sealed_2024_2026_05,B4_hierarchical_residual_pmf
5,0.5,0.6000000000000001,23,0.5407587528183545,0.5652173913043478,0.024458638485993278,sealed_2024_2026_05,B4_hierarchical_residual_pmf
6,0.6000000000000001,0.7000000000000001,23,0.66269659511186,0.6086956521739131,0.05400094293794688,sealed_2024_2026_05,B4_hierarchical_residual_pmf
7,0.7000000000000001,0.8,23,0.7683142029415236,0.8695652173913043,0.10125101444978069,sealed_2024_2026_05,B4_hierarchical_residual_pmf
8,0.8,0.9,21,0.8635837697414284,0.8095238095238095,0.05405996021761883,sealed_2024_2026_05,B4_hierarchical_residual_pmf
9,0.9,1.0,248,0.9921045126212187,1.0,0.007895487378781318,sealed_2024_2026_05,B4_hierarchical_residual_pmf
0,0.0,0.1,0,,,,sealed_2024_2026_05,B5_kernel_analog_pmf
1,0.1,0.2,0,,,,sealed_2024_2026_05,B5_kernel_analog_pmf
2,0.2,0.30000000000000004,129,0.2717409517419509,0.34108527131782945,0.06934431957587855,sealed_2024_2026_05,B5_kernel_analog_pmf
3,0.30000000000000004,0.4,252,0.34498522628707784,0.2896825396825397,0.05530268660453813,sealed_2024_2026_05,B5_kernel_analog_pmf
4,0.4,0.5,170,0.42821824921294865,0.3764705882352941,0.05174766097765454,sealed_2024_2026_05,B5_kernel_analog_pmf
5,0.5,0.6000000000000001,16,0.5134124002237879,0.625,0.11158759977621213,sealed_2024_2026_05,B5_kernel_analog_pmf
6,0.6000000000000001,0.7000000000000001,26,0.6472658426293789,0.6538461538461539,0.006580311216774937,sealed_2024_2026_05,B5_kernel_analog_pmf
7,0.7000000000000001,0.8,14,0.7601430662662939,0.9285714285714286,0.1684283623051347,sealed_2024_2026_05,B5_kernel_analog_pmf
8,0.8,0.9,22,0.8431824831756356,0.8181818181818182,0.025000664993817368,sealed_2024_2026_05,B5_kernel_analog_pmf
9,0.9,1.0,253,0.9889115197602643,0.9920948616600791,0.00318334189981484,sealed_2024_2026_05,B5_kernel_analog_pmf
0,0.0,0.1,0,,,,sealed_2024_2026_05,B6_month_climatology_diagnostic
1,0.1,0.2,215,0.18248972735548494,0.11627906976744186,0.06621065758804308,sealed_2024_2026_05,B6_month_climatology_diagnostic
2,0.2,0.30000000000000004,184,0.2530494963294038,0.17391304347826086,0.07913645285114296,sealed_2024_2026_05,B6_month_climatology_diagnostic
3,0.30000000000000004,0.4,90,0.38172229546873926,0.12222222222222222,0.259500073246517,sealed_2024_2026_05,B6_month_climatology_diagnostic
4,0.4,0.5,0,,,,sealed_2024_2026_05,B6_month_climatology_diagnostic
5,0.5,0.6000000000000001,60,0.5261290098114261,0.45,0.07612900981142606,sealed_2024_2026_05,B6_month_climatology_diagnostic
6,0.6000000000000001,0.7000000000000001,0,,,,sealed_2024_2026_05,B6_month_climatology_diagnostic
7,0.7000000000000001,0.8,93,0.7468269424484594,0.5698924731182796,0.17693446933017976,sealed_2024_2026_05,B6_month_climatology_diagnostic
8,0.8,0.9,0,,,,sealed_2024_2026_05,B6_month_climatology_diagnostic
9,0.9,1.0,240,0.9554542918848986,0.9041666666666667,0.051287625218231936,sealed_2024_2026_05,B6_month_climatology_diagnostic
0,0.0,0.1,0,,,,sealed_2024_2026_05,P1_normal_mos
1,0.1,0.2,0,,,,sealed_2024_2026_05,P1_normal_mos
2,0.2,0.30000000000000004,132,0.29785561816268363,0.3787878787878788,0.08093226062519515,sealed_2024_2026_05,P1_normal_mos
3,0.30000000000000004,0.4,351,0.30594606007907454,0.2905982905982906,0.015347769480783924,sealed_2024_2026_05,P1_normal_mos
4,0.4,0.5,75,0.47077578623246524,0.36,0.11077578623246526,sealed_2024_2026_05,P1_normal_mos
5,0.5,0.6000000000000001,9,0.5028538522563499,0.6666666666666666,0.1638128144103167,sealed_2024_2026_05,P1_normal_mos
6,0.6000000000000001,0.7000000000000001,0,,,,sealed_2024_2026_05,P1_normal_mos
7,0.7000000000000001,0.8,52,0.7568051344912394,0.75,0.0068051344912394285,sealed_2024_2026_05,P1_normal_mos
8,0.8,0.9,0,,,,sealed_2024_2026_05,P1_normal_mos
9,0.9,1.0,263,0.9883387465458656,0.9885931558935361,0.0002544093476705145,sealed_2024_2026_05,P1_normal_mos
0,0.0,0.1,0,,,,sealed_2024_2026_05,P2_student_t_mos
1,0.1,0.2,0,,,,sealed_2024_2026_05,P2_student_t_mos
2,0.2,0.30000000000000004,368,0.2933359471772684,0.3423913043478261,0.0490553571705577,sealed_2024_2026_05,P2_student_t_mos
3,0.30000000000000004,0.4,115,0.3040278480471366,0.22608695652173913,0.07794089152539749,sealed_2024_2026_05,P2_student_t_mos
4,0.4,0.5,75,0.47138585268609934,0.36,0.11138585268609935,sealed_2024_2026_05,P2_student_t_mos
5,0.5,0.6000000000000001,9,0.5027950667963282,0.6666666666666666,0.1638715998703384,sealed_2024_2026_05,P2_student_t_mos
6,0.6000000000000001,0.7000000000000001,0,,,,sealed_2024_2026_05,P2_student_t_mos
7,0.7000000000000001,0.8,52,0.7501627768028245,0.75,0.00016277680282450468,sealed_2024_2026_05,P2_student_t_mos
8,0.8,0.9,0,,,,sealed_2024_2026_05,P2_student_t_mos
9,0.9,1.0,263,0.9840884485777514,0.9885931558935361,0.004504707315784784,sealed_2024_2026_05,P2_student_t_mos
0,0.0,0.1,0,,,,sealed_2024_2026_05,C1_multinomial_ridge
1,0.1,0.2,0,,,,sealed_2024_2026_05,C1_multinomial_ridge
2,0.2,0.30000000000000004,198,0.28340002458285984,0.2474747474747475,0.03592527710811236,sealed_2024_2026_05,C1_multinomial_ridge
3,0.30000000000000004,0.4,278,0.34296921792149987,0.3129496402877698,0.030019577633730088,sealed_2024_2026_05,C1_multinomial_ridge
4,0.4,0.5,89,0.4407499323779301,0.3595505617977528,0.08119937058017729,sealed_2024_2026_05,C1_multinomial_ridge
5,0.5,0.6000000000000001,2,0.5247099333998823,1.0,0.47529006660011774,sealed_2024_2026_05,C1_multinomial_ridge
6,0.6000000000000001,0.7000000000000001,3,0.66874782411579,0.6666666666666666,0.0020811574491234053,sealed_2024_2026_05,C1_multinomial_ridge
7,0.7000000000000001,0.8,48,0.7401090247071127,0.75,0.009890975292887294,sealed_2024_2026_05,C1_multinomial_ridge
8,0.8,0.9,24,0.8883554602713216,0.9166666666666666,0.028311206395345012,sealed_2024_2026_05,C1_multinomial_ridge
9,0.9,1.0,240,0.9828990554467213,0.9958333333333333,0.012934277886612056,sealed_2024_2026_05,C1_multinomial_ridge
0,0.0,0.1,0,,,,sealed_2024_2026_05,C2_ordinal_cdf_logistic
1,0.1,0.2,0,,,,sealed_2024_2026_05,C2_ordinal_cdf_logistic
2,0.2,0.30000000000000004,106,0.28726938912350025,0.2641509433962264,0.02311844572727384,sealed_2024_2026_05,C2_ordinal_cdf_logistic
3,0.30000000000000004,0.4,350,0.3418030980849986,0.29428571428571426,0.04751738379928433,sealed_2024_2026_05,C2_ordinal_cdf_logistic
4,0.4,0.5,108,0.4353432500474761,0.37962962962962965,0.05571362041784644,sealed_2024_2026_05,C2_ordinal_cdf_logistic
5,0.5,0.6000000000000001,6,0.5393265621155124,0.6666666666666666,0.1273401045511542,sealed_2024_2026_05,C2_ordinal_cdf_logistic
6,0.6000000000000001,0.7000000000000001,11,0.6586097914111808,0.8181818181818182,0.15957202677063742,sealed_2024_2026_05,C2_ordinal_cdf_logistic
7,0.7000000000000001,0.8,38,0.7363424981809167,0.7368421052631579,0.0004996070822411713,sealed_2024_2026_05,C2_ordinal_cdf_logistic
8,0.8,0.9,23,0.8875803377592794,0.9565217391304348,0.06894140137115545,sealed_2024_2026_05,C2_ordinal_cdf_logistic
9,0.9,1.0,240,0.9845998736414304,0.9916666666666667,0.007066793025236273,sealed_2024_2026_05,C2_ordinal_cdf_logistic
0,0.0,0.1,0,,,,sealed_2024_2026_05,K0_B4_identity
1,0.1,0.2,0,,,,sealed_2024_2026_05,K0_B4_identity
2,0.2,0.30000000000000004,121,0.2727388081800726,0.2644628099173554,0.008275998262717243,sealed_2024_2026_05,K0_B4_identity
3,0.30000000000000004,0.4,282,0.34556248167184933,0.3333333333333333,0.012229148338516016,sealed_2024_2026_05,K0_B4_identity
4,0.4,0.5,141,0.4247424491572302,0.3120567375886525,0.1126857115685777,sealed_2024_2026_05,K0_B4_identity
5,0.5,0.6000000000000001,23,0.5407587528183545,0.5652173913043478,0.024458638485993278,sealed_2024_2026_05,K0_B4_identity
6,0.6000000000000001,0.7000000000000001,23,0.66269659511186,0.6086956521739131,0.05400094293794688,sealed_2024_2026_05,K0_B4_identity
7,0.7000000000000001,0.8,23,0.7683142029415236,0.8695652173913043,0.10125101444978069,sealed_2024_2026_05,K0_B4_identity
8,0.8,0.9,21,0.8635837697414284,0.8095238095238095,0.05405996021761883,sealed_2024_2026_05,K0_B4_identity
9,0.9,1.0,248,0.9921045126212187,1.0,0.007895487378781318,sealed_2024_2026_05,K0_B4_identity
0,0.0,0.1,0,,,,sealed_2024_2026_05,K1_B4_power_calibrated
1,0.1,0.2,0,,,,sealed_2024_2026_05,K1_B4_power_calibrated
2,0.2,0.30000000000000004,161,0.2736692240701884,0.2919254658385093,0.018256241768320913,sealed_2024_2026_05,K1_B4_power_calibrated
3,0.30000000000000004,0.4,265,0.34899011195629775,0.33962264150943394,0.009367470446863813,sealed_2024_2026_05,K1_B4_power_calibrated
4,0.4,0.5,118,0.41873700662027685,0.2796610169491525,0.13907598967112433,sealed_2024_2026_05,K1_B4_power_calibrated
5,0.5,0.6000000000000001,27,0.5396076394970121,0.5555555555555556,0.01594791605854351,sealed_2024_2026_05,K1_B4_power_calibrated
6,0.6000000000000001,0.7000000000000001,24,0.6646402283636993,0.7083333333333334,0.04369310496963408,sealed_2024_2026_05,K1_B4_power_calibrated
7,0.7000000000000001,0.8,20,0.7679770220398181,0.85,0.08202297796018188,sealed_2024_2026_05,K1_B4_power_calibrated
8,0.8,0.9,19,0.8537179450557573,0.7894736842105263,0.06424426084523094,sealed_2024_2026_05,K1_B4_power_calibrated
9,0.9,1.0,248,0.9905306293810854,1.0,0.009469370618914619,sealed_2024_2026_05,K1_B4_power_calibrated
0,0.0,0.1,0,,,,sealed_2024_2026_05,K2_B4_monotone_cdf_projected
1,0.1,0.2,0,,,,sealed_2024_2026_05,K2_B4_monotone_cdf_projected
2,0.2,0.30000000000000004,121,0.27273880818007257,0.2644628099173554,0.008275998262717188,sealed_2024_2026_05,K2_B4_monotone_cdf_projected
3,0.30000000000000004,0.4,282,0.34556248167184933,0.3333333333333333,0.012229148338516016,sealed_2024_2026_05,K2_B4_monotone_cdf_projected
4,0.4,0.5,141,0.42474244915723025,0.3120567375886525,0.11268571156857776,sealed_2024_2026_05,K2_B4_monotone_cdf_projected
5,0.5,0.6000000000000001,23,0.5407587528183545,0.5652173913043478,0.024458638485993278,sealed_2024_2026_05,K2_B4_monotone_cdf_projected
6,0.6000000000000001,0.7000000000000001,23,0.6626965951118599,0.6086956521739131,0.05400094293794677,sealed_2024_2026_05,K2_B4_monotone_cdf_projected
7,0.7000000000000001,0.8,23,0.7683142029415236,0.8695652173913043,0.10125101444978069,sealed_2024_2026_05,K2_B4_monotone_cdf_projected
8,0.8,0.9,21,0.8635837697414284,0.8095238095238095,0.05405996021761883,sealed_2024_2026_05,K2_B4_monotone_cdf_projected
9,0.9,1.0,248,0.9921045126212185,1.0,0.00789548737878154,sealed_2024_2026_05,K2_B4_monotone_cdf_projected
0,0.0,0.1,0,,,,sealed_2024_2026_05,S1_conservative_simplex_stack
1,0.1,0.2,0,,,,sealed_2024_2026_05,S1_conservative_simplex_stack
2,0.2,0.30000000000000004,116,0.27269652467917377,0.3103448275862069,0.03764830290703314,sealed_2024_2026_05,S1_conservative_simplex_stack
3,0.30000000000000004,0.4,324,0.3471880700512468,0.35185185185185186,0.00466378180060506,sealed_2024_2026_05,S1_conservative_simplex_stack
4,0.4,0.5,104,0.4266098660668088,0.28846153846153844,0.13814832760527035,sealed_2024_2026_05,S1_conservative_simplex_stack
5,0.5,0.6000000000000001,23,0.5344426552992204,0.5652173913043478,0.030774736005127368,sealed_2024_2026_05,S1_conservative_simplex_stack
6,0.6000000000000001,0.7000000000000001,13,0.6495776710511082,0.46153846153846156,0.18803920951264663,sealed_2024_2026_05,S1_conservative_simplex_stack
7,0.7000000000000001,0.8,33,0.7470846160976011,0.8484848484848485,0.10140023238724738,sealed_2024_2026_05,S1_conservative_simplex_stack
8,0.8,0.9,21,0.8661597519759551,0.8095238095238095,0.05663594245214554,sealed_2024_2026_05,S1_conservative_simplex_stack
9,0.9,1.0,248,0.9915246401160646,1.0,0.00847535988393544,sealed_2024_2026_05,S1_conservative_simplex_stack
0,0.0,0.1,0,,,,sealed_2024_2026_05,E1_normal_emos
1,0.1,0.2,0,,,,sealed_2024_2026_05,E1_normal_emos
2,0.2,0.30000000000000004,0,,,,sealed_2024_2026_05,E1_normal_emos
3,0.30000000000000004,0.4,277,0.3752106366815046,0.2924187725631769,0.08279186411832773,sealed_2024_2026_05,E1_normal_emos
4,0.4,0.5,279,0.43778021116526383,0.34408602150537637,0.09369418965988746,sealed_2024_2026_05,E1_normal_emos
5,0.5,0.6000000000000001,11,0.5038859676519958,0.5454545454545454,0.04156857780254963,sealed_2024_2026_05,E1_normal_emos
6,0.6000000000000001,0.7000000000000001,0,,,,sealed_2024_2026_05,E1_normal_emos
7,0.7000000000000001,0.8,5,0.7778168264614407,0.6,0.1778168264614407,sealed_2024_2026_05,E1_normal_emos
8,0.8,0.9,45,0.8479671209988617,0.7555555555555555,0.0924115654433062,sealed_2024_2026_05,E1_normal_emos
9,0.9,1.0,265,0.9969455206116065,0.9886792452830189,0.008266275328587591,sealed_2024_2026_05,E1_normal_emos
0,0.0,0.1,0,,,,sealed_2024_2026_05,E2_student_t_emos
1,0.1,0.2,0,,,,sealed_2024_2026_05,E2_student_t_emos
2,0.2,0.30000000000000004,1,0.29888754093250003,0.0,0.29888754093250003,sealed_2024_2026_05,E2_student_t_emos
3,0.30000000000000004,0.4,456,0.3521746772827563,0.31140350877192985,0.04077116851082646,sealed_2024_2026_05,E2_student_t_emos
4,0.4,0.5,101,0.4511564319058445,0.36633663366336633,0.08481979824247815,sealed_2024_2026_05,E2_student_t_emos
5,0.5,0.6000000000000001,9,0.5037869620218333,0.6666666666666666,0.16287970464483337,sealed_2024_2026_05,E2_student_t_emos
6,0.6000000000000001,0.7000000000000001,0,,,,sealed_2024_2026_05,E2_student_t_emos
7,0.7000000000000001,0.8,19,0.7769230073796032,0.7894736842105263,0.012550676830923146,sealed_2024_2026_05,E2_student_t_emos
8,0.8,0.9,33,0.8233323295438922,0.7272727272727273,0.09605960227116495,sealed_2024_2026_05,E2_student_t_emos
9,0.9,1.0,263,0.9830616449964558,0.9885931558935361,0.005531510897080372,sealed_2024_2026_05,E2_student_t_emos
0,0.0,0.1,0,,,,sealed_2024_2026_05,E3_two_piece_normal_emos
1,0.1,0.2,0,,,,sealed_2024_2026_05,E3_two_piece_normal_emos
2,0.2,0.30000000000000004,0,,,,sealed_2024_2026_05,E3_two_piece_normal_emos
3,0.30000000000000004,0.4,0,,,,sealed_2024_2026_05,E3_two_piece_normal_emos
4,0.4,0.5,472,0.4588751670532652,0.3326271186440678,0.1262480484091974,sealed_2024_2026_05,E3_two_piece_normal_emos
5,0.5,0.6000000000000001,93,0.5174632424517577,0.3225806451612903,0.19488259729046736,sealed_2024_2026_05,E3_two_piece_normal_emos
6,0.6000000000000001,0.7000000000000001,2,0.6027294860491834,0.0,0.6027294860491834,sealed_2024_2026_05,E3_two_piece_normal_emos
7,0.7000000000000001,0.8,1,0.7991088854991194,1.0,0.2008911145008806,sealed_2024_2026_05,E3_two_piece_normal_emos
8,0.8,0.9,23,0.8783225029258073,0.8260869565217391,0.052235546404068134,sealed_2024_2026_05,E3_two_piece_normal_emos
9,0.9,1.0,291,0.9922565420184859,0.9587628865979382,0.03349365542054772,sealed_2024_2026_05,E3_two_piece_normal_emos
0,0.0,0.1,0,,,,sealed_2024_2026_05,G1_gamlss_tree_location_scale
1,0.1,0.2,0,,,,sealed_2024_2026_05,G1_gamlss_tree_location_scale
2,0.2,0.30000000000000004,0,,,,sealed_2024_2026_05,G1_gamlss_tree_location_scale
3,0.30000000000000004,0.4,63,0.39100204019767193,0.14285714285714285,0.24814489734052908,sealed_2024_2026_05,G1_gamlss_tree_location_scale
4,0.4,0.5,442,0.44834185951530153,0.3257918552036199,0.12255000431168162,sealed_2024_2026_05,G1_gamlss_tree_location_scale
5,0.5,0.6000000000000001,62,0.5198801742314058,0.4838709677419355,0.03600920648947026,sealed_2024_2026_05,G1_gamlss_tree_location_scale
6,0.6000000000000001,0.7000000000000001,0,,,,sealed_2024_2026_05,G1_gamlss_tree_location_scale
7,0.7000000000000001,0.8,1,0.79343245368103,0.0,0.79343245368103,sealed_2024_2026_05,G1_gamlss_tree_location_scale
8,0.8,0.9,45,0.843583574587867,0.7555555555555555,0.0880280190323115,sealed_2024_2026_05,G1_gamlss_tree_location_scale
9,0.9,1.0,269,0.9970085076286066,0.9851301115241635,0.011878396104443079,sealed_2024_2026_05,G1_gamlss_tree_location_scale
0,0.0,0.1,0,,,,sealed_2024_2026_05,Q1_quantile_cdf_gb
1,0.1,0.2,108,0.19539136980712477,0.4351851851851852,0.2397938153780604,sealed_2024_2026_05,Q1_quantile_cdf_gb
2,0.2,0.30000000000000004,411,0.24148561840404903,0.29927007299270075,0.057784454588651724,sealed_2024_2026_05,Q1_quantile_cdf_gb
3,0.30000000000000004,0.4,14,0.3162961647520593,0.2857142857142857,0.030581879037773596,sealed_2024_2026_05,Q1_quantile_cdf_gb
4,0.4,0.5,40,0.4266718385072508,0.375,0.05167183850725082,sealed_2024_2026_05,Q1_quantile_cdf_gb
5,0.5,0.6000000000000001,24,0.5939070492832271,0.8333333333333334,0.23942628405010624,sealed_2024_2026_05,Q1_quantile_cdf_gb
6,0.6000000000000001,0.7000000000000001,22,0.6049534828404887,0.6363636363636364,0.03141015352314769,sealed_2024_2026_05,Q1_quantile_cdf_gb
7,0.7000000000000001,0.8,263,0.7733704892700096,0.9885931558935361,0.21522266662352652,sealed_2024_2026_05,Q1_quantile_cdf_gb
8,0.8,0.9,0,,,,sealed_2024_2026_05,Q1_quantile_cdf_gb
9,0.9,1.0,0,,,,sealed_2024_2026_05,Q1_quantile_cdf_gb
0,0.0,0.1,0,,,,sealed_2024_2026_05,Q2_threshold_cdf_gb
1,0.1,0.2,0,,,,sealed_2024_2026_05,Q2_threshold_cdf_gb
2,0.2,0.30000000000000004,173,0.2817508590959448,0.26011560693641617,0.021635252159528606,sealed_2024_2026_05,Q2_threshold_cdf_gb
3,0.30000000000000004,0.4,316,0.3416142759848941,0.33544303797468356,0.006171238010210522,sealed_2024_2026_05,Q2_threshold_cdf_gb
4,0.4,0.5,78,0.43345382012496386,0.46153846153846156,0.028084641413497702,sealed_2024_2026_05,Q2_threshold_cdf_gb
5,0.5,0.6000000000000001,3,0.5232565387795943,1.0,0.4767434612204057,sealed_2024_2026_05,Q2_threshold_cdf_gb
6,0.6000000000000001,0.7000000000000001,42,0.6603103645751672,0.7380952380952381,0.07778487352007091,sealed_2024_2026_05,Q2_threshold_cdf_gb
7,0.7000000000000001,0.8,7,0.7170546893796363,0.7142857142857143,0.0027689750939220437,sealed_2024_2026_05,Q2_threshold_cdf_gb
8,0.8,0.9,263,0.8828378436415149,0.9885931558935361,0.10575531225202128,sealed_2024_2026_05,Q2_threshold_cdf_gb
9,0.9,1.0,0,,,,sealed_2024_2026_05,Q2_threshold_cdf_gb
0,0.0,0.1,0,,,,sealed_2024_2026_05,T1_time_decay_b4
1,0.1,0.2,0,,,,sealed_2024_2026_05,T1_time_decay_b4
2,0.2,0.30000000000000004,6,0.2984732717728941,0.3333333333333333,0.03486006156043919,sealed_2024_2026_05,T1_time_decay_b4
3,0.30000000000000004,0.4,476,0.33728997505747194,0.31932773109243695,0.017962243965034985,sealed_2024_2026_05,T1_time_decay_b4
4,0.4,0.5,40,0.4322948351678785,0.375,0.05729483516787848,sealed_2024_2026_05,T1_time_decay_b4
5,0.5,0.6000000000000001,45,0.561602954136154,0.4222222222222222,0.1393807319139318,sealed_2024_2026_05,T1_time_decay_b4
6,0.6000000000000001,0.7000000000000001,0,,,,sealed_2024_2026_05,T1_time_decay_b4
7,0.7000000000000001,0.8,46,0.7617264130665165,0.7391304347826086,0.022595978283907803,sealed_2024_2026_05,T1_time_decay_b4
8,0.8,0.9,6,0.8443765363781538,0.8333333333333334,0.011043203044820427,sealed_2024_2026_05,T1_time_decay_b4
9,0.9,1.0,263,0.9882704751611524,0.9885931558935361,0.00032268073238372885,sealed_2024_2026_05,T1_time_decay_b4
0,0.0,0.1,0,,,,sealed_2024_2026_05,H1_b4_challenger_linear_pool
1,0.1,0.2,0,,,,sealed_2024_2026_05,H1_b4_challenger_linear_pool
2,0.2,0.30000000000000004,79,0.2834394510531701,0.21518987341772153,0.06824957763544856,sealed_2024_2026_05,H1_b4_challenger_linear_pool
3,0.30000000000000004,0.4,405,0.34529875487170736,0.345679012345679,0.0003802574739716347,sealed_2024_2026_05,H1_b4_challenger_linear_pool
4,0.4,0.5,50,0.44478064422743346,0.34,0.10478064422743344,sealed_2024_2026_05,H1_b4_challenger_linear_pool
5,0.5,0.6000000000000001,33,0.5415918569400239,0.48484848484848486,0.05674337209153901,sealed_2024_2026_05,H1_b4_challenger_linear_pool
6,0.6000000000000001,0.7000000000000001,13,0.6871050621432178,0.46153846153846156,0.2255666006047562,sealed_2024_2026_05,H1_b4_challenger_linear_pool
7,0.7000000000000001,0.8,33,0.7589080566752109,0.8484848484848485,0.08957679180963762,sealed_2024_2026_05,H1_b4_challenger_linear_pool
8,0.8,0.9,19,0.8784584131437047,0.7894736842105263,0.08898472893317833,sealed_2024_2026_05,H1_b4_challenger_linear_pool
9,0.9,1.0,250,0.9915543055616467,1.0,0.008445694438353302,sealed_2024_2026_05,H1_b4_challenger_linear_pool
0,0.0,0.1,0,,,,fold1__t_minus_1_1800_hkt,B0_climatology
1,0.1,0.2,0,,,,fold1__t_minus_1_1800_hkt,B0_climatology
2,0.2,0.30000000000000004,0,,,,fold1__t_minus_1_1800_hkt,B0_climatology
3,0.30000000000000004,0.4,984,0.3589041086916452,0.3638211382113821,0.004917029519736937,fold1__t_minus_1_1800_hkt,B0_climatology
4,0.4,0.5,0,,,,fold1__t_minus_1_1800_hkt,B0_climatology
5,0.5,0.6000000000000001,0,,,,fold1__t_minus_1_1800_hkt,B0_climatology
6,0.6000000000000001,0.7000000000000001,0,,,,fold1__t_minus_1_1800_hkt,B0_climatology
7,0.7000000000000001,0.8,0,,,,fold1__t_minus_1_1800_hkt,B0_climatology
8,0.8,0.9,0,,,,fold1__t_minus_1_1800_hkt,B0_climatology
9,0.9,1.0,0,,,,fold1__t_minus_1_1800_hkt,B0_climatology
0,0.0,0.1,0,,,,fold1__t_minus_1_1800_hkt,B1_global_residual_pmf
1,0.1,0.2,0,,,,fold1__t_minus_1_1800_hkt,B1_global_residual_pmf
2,0.2,0.30000000000000004,1,0.2968036342375415,1.0,0.7031963657624585,fold1__t_minus_1_1800_hkt,B1_global_residual_pmf
3,0.30000000000000004,0.4,594,0.30624661741697634,0.32491582491582494,0.018669207498848595,fold1__t_minus_1_1800_hkt,B1_global_residual_pmf
4,0.4,0.5,33,0.445357690310136,0.42424242424242425,0.021115266067711747,fold1__t_minus_1_1800_hkt,B1_global_residual_pmf
5,0.5,0.6000000000000001,6,0.5546423096898626,0.16666666666666666,0.387975643023196,fold1__t_minus_1_1800_hkt,B1_global_residual_pmf
6,0.6000000000000001,0.7000000000000001,0,,,,fold1__t_minus_1_1800_hkt,B1_global_residual_pmf
7,0.7000000000000001,0.8,39,0.7515981579497245,0.5641025641025641,0.1874955938471604,fold1__t_minus_1_1800_hkt,B1_global_residual_pmf
8,0.8,0.9,1,0.8207001318755758,0.0,0.8207001318755758,fold1__t_minus_1_1800_hkt,B1_global_residual_pmf
9,0.9,1.0,310,0.988495092505966,0.9870967741935484,0.0013983183124176568,fold1__t_minus_1_1800_hkt,B1_global_residual_pmf
0,0.0,0.1,0,,,,fold1__t_minus_1_1800_hkt,B2_month_residual_pmf
1,0.1,0.2,0,,,,fold1__t_minus_1_1800_hkt,B2_month_residual_pmf
2,0.2,0.30000000000000004,146,0.2650423222753611,0.2602739726027397,0.004768349672621408,fold1__t_minus_1_1800_hkt,B2_month_residual_pmf
3,0.30000000000000004,0.4,466,0.33751112616330337,0.3605150214592275,0.023003895295924115,fold1__t_minus_1_1800_hkt,B2_month_residual_pmf
4,0.4,0.5,16,0.4549011114603796,0.375,0.07990111146037959,fold1__t_minus_1_1800_hkt,B2_month_residual_pmf
5,0.5,0.6000000000000001,6,0.5227581353585121,0.16666666666666666,0.3560914686918455,fold1__t_minus_1_1800_hkt,B2_month_residual_pmf
6,0.6000000000000001,0.7000000000000001,24,0.676443232447076,0.4583333333333333,0.21810989911374273,fold1__t_minus_1_1800_hkt,B2_month_residual_pmf
7,0.7000000000000001,0.8,15,0.7350670914661909,0.7333333333333333,0.001733758132857588,fold1__t_minus_1_1800_hkt,B2_month_residual_pmf
8,0.8,0.9,16,0.857458568802818,0.875,0.01754143119718199,fold1__t_minus_1_1800_hkt,B2_month_residual_pmf
9,0.9,1.0,295,0.9879708425109248,0.9898305084745763,0.0018596659636515023,fold1__t_minus_1_1800_hkt,B2_month_residual_pmf
0,0.0,0.1,0,,,,fold1__t_minus_1_1800_hkt,B3_forecast_level_residual_pmf
1,0.1,0.2,0,,,,fold1__t_minus_1_1800_hkt,B3_forecast_level_residual_pmf
2,0.2,0.30000000000000004,0,,,,fold1__t_minus_1_1800_hkt,B3_forecast_level_residual_pmf
3,0.30000000000000004,0.4,594,0.3439806170382434,0.3282828282828283,0.01569778875541511,fold1__t_minus_1_1800_hkt,B3_forecast_level_residual_pmf
4,0.4,0.5,40,0.44439827727769216,0.375,0.06939827727769216,fold1__t_minus_1_1800_hkt,B3_forecast_level_residual_pmf
5,0.5,0.6000000000000001,0,,,,fold1__t_minus_1_1800_hkt,B3_forecast_level_residual_pmf
6,0.6000000000000001,0.7000000000000001,39,0.6482665283709438,0.5641025641025641,0.08416396426837969,fold1__t_minus_1_1800_hkt,B3_forecast_level_residual_pmf
7,0.7000000000000001,0.8,0,,,,fold1__t_minus_1_1800_hkt,B3_forecast_level_residual_pmf
8,0.8,0.9,1,0.8344924294236095,0.0,0.8344924294236095,fold1__t_minus_1_1800_hkt,B3_forecast_level_residual_pmf
9,0.9,1.0,310,0.9840265835385491,0.9870967741935484,0.0030701906549992497,fold1__t_minus_1_1800_hkt,B3_forecast_level_residual_pmf
0,0.0,0.1,0,,,,fold1__t_minus_1_1800_hkt,B4_hierarchical_residual_pmf
1,0.1,0.2,0,,,,fold1__t_minus_1_1800_hkt,B4_hierarchical_residual_pmf
2,0.2,0.30000000000000004,155,0.2802748465066535,0.3096774193548387,0.029402572848185204,fold1__t_minus_1_1800_hkt,B4_hierarchical_residual_pmf
3,0.30000000000000004,0.4,403,0.34889086722055074,0.3200992555831266,0.028791611637424164,fold1__t_minus_1_1800_hkt,B4_hierarchical_residual_pmf
4,0.4,0.5,62,0.4107974017443797,0.4032258064516129,0.007571595292766797,fold1__t_minus_1_1800_hkt,B4_hierarchical_residual_pmf
5,0.5,0.6000000000000001,14,0.5102305890153868,0.35714285714285715,0.1530877318725296,fold1__t_minus_1_1800_hkt,B4_hierarchical_residual_pmf
6,0.6000000000000001,0.7000000000000001,24,0.6296449633353333,0.4583333333333333,0.17131163000199995,fold1__t_minus_1_1800_hkt,B4_hierarchical_residual_pmf
7,0.7000000000000001,0.8,15,0.7251993498298358,0.7333333333333333,0.008133983503497477,fold1__t_minus_1_1800_hkt,B4_hierarchical_residual_pmf
8,0.8,0.9,16,0.8649783769786604,0.875,0.010021623021339576,fold1__t_minus_1_1800_hkt,B4_hierarchical_residual_pmf
9,0.9,1.0,295,0.988344509525813,0.9898305084745763,0.001485998948763334,fold1__t_minus_1_1800_hkt,B4_hierarchical_residual_pmf
0,0.0,0.1,0,,,,fold1__t_minus_1_1800_hkt,B5_kernel_analog_pmf
1,0.1,0.2,0,,,,fold1__t_minus_1_1800_hkt,B5_kernel_analog_pmf
2,0.2,0.30000000000000004,95,0.27463459756117414,0.24210526315789474,0.0325293344032794,fold1__t_minus_1_1800_hkt,B5_kernel_analog_pmf
3,0.30000000000000004,0.4,409,0.34695191759564437,0.3154034229828851,0.03154849461275927,fold1__t_minus_1_1800_hkt,B5_kernel_analog_pmf
4,0.4,0.5,130,0.41912365176672395,0.4153846153846154,0.0037390363821085404,fold1__t_minus_1_1800_hkt,B5_kernel_analog_pmf
5,0.5,0.6000000000000001,0,,,,fold1__t_minus_1_1800_hkt,B5_kernel_analog_pmf
6,0.6000000000000001,0.7000000000000001,26,0.6459736606340164,0.5,0.1459736606340164,fold1__t_minus_1_1800_hkt,B5_kernel_analog_pmf
7,0.7000000000000001,0.8,14,0.7259239227261471,0.6428571428571429,0.08306677986900424,fold1__t_minus_1_1800_hkt,B5_kernel_analog_pmf
8,0.8,0.9,15,0.864622591409368,0.8666666666666667,0.002044075257298661,fold1__t_minus_1_1800_hkt,B5_kernel_analog_pmf
9,0.9,1.0,295,0.9877881927312034,0.9932203389830508,0.005432146251847403,fold1__t_minus_1_1800_hkt,B5_kernel_analog_pmf
0,0.0,0.1,0,,,,fold1__t_minus_1_1800_hkt,B6_month_climatology_diagnostic
1,0.1,0.2,0,,,,fold1__t_minus_1_1800_hkt,B6_month_climatology_diagnostic
2,0.2,0.30000000000000004,525,0.23744170803954595,0.22857142857142856,0.008870279468117387,fold1__t_minus_1_1800_hkt,B6_month_climatology_diagnostic
3,0.30000000000000004,0.4,0,,,,fold1__t_minus_1_1800_hkt,B6_month_climatology_diagnostic
4,0.4,0.5,87,0.4456539943058117,0.3793103448275862,0.06634364947822552,fold1__t_minus_1_1800_hkt,B6_month_climatology_diagnostic
5,0.5,0.6000000000000001,74,0.5679398872886664,0.5405405405405406,0.02739934674812583,fold1__t_minus_1_1800_hkt,B6_month_climatology_diagnostic
6,0.6000000000000001,0.7000000000000001,0,,,,fold1__t_minus_1_1800_hkt,B6_month_climatology_diagnostic
7,0.7000000000000001,0.8,80,0.7712123941632141,0.7875,0.0162876058367859,fold1__t_minus_1_1800_hkt,B6_month_climatology_diagnostic
8,0.8,0.9,0,,,,fold1__t_minus_1_1800_hkt,B6_month_climatology_diagnostic
9,0.9,1.0,218,0.9554220831658768,0.963302752293578,0.007880669127701134,fold1__t_minus_1_1800_hkt,B6_month_climatology_diagnostic
0,0.0,0.1,0,,,,fold1__t_minus_1_1800_hkt,P1_normal_mos
1,0.1,0.2,0,,,,fold1__t_minus_1_1800_hkt,P1_normal_mos
2,0.2,0.30000000000000004,591,0.2877746291760732,0.32148900169204736,0.033714372515974145,fold1__t_minus_1_1800_hkt,P1_normal_mos
3,0.30000000000000004,0.4,6,0.33293605491394457,0.16666666666666666,0.1662693882472779,fold1__t_minus_1_1800_hkt,P1_normal_mos
4,0.4,0.5,36,0.4420326960046258,0.3888888888888889,0.05314380711573691,fold1__t_minus_1_1800_hkt,P1_normal_mos
5,0.5,0.6000000000000001,1,0.5045869062768151,1.0,0.49541309372318487,fold1__t_minus_1_1800_hkt,P1_normal_mos
6,0.6000000000000001,0.7000000000000001,3,0.6873737789866573,0.3333333333333333,0.354040445653324,fold1__t_minus_1_1800_hkt,P1_normal_mos
7,0.7000000000000001,0.8,37,0.7419896267506269,0.5675675675675675,0.1744220591830593,fold1__t_minus_1_1800_hkt,P1_normal_mos
8,0.8,0.9,5,0.8956085510510908,0.8,0.09560855105109078,fold1__t_minus_1_1800_hkt,P1_normal_mos
9,0.9,1.0,305,0.9894806189403317,0.9901639344262295,0.0006833154858978396,fold1__t_minus_1_1800_hkt,P1_normal_mos
0,0.0,0.1,0,,,,fold1__t_minus_1_1800_hkt,P2_student_t_mos
1,0.1,0.2,0,,,,fold1__t_minus_1_1800_hkt,P2_student_t_mos
2,0.2,0.30000000000000004,595,0.2805949627931469,0.32100840336134456,0.04041344056819768,fold1__t_minus_1_1800_hkt,P2_student_t_mos
3,0.30000000000000004,0.4,1,0.3983037949777178,0.0,0.3983037949777178,fold1__t_minus_1_1800_hkt,P2_student_t_mos
4,0.4,0.5,37,0.4420899358034032,0.3783783783783784,0.06371155742502482,fold1__t_minus_1_1800_hkt,P2_student_t_mos
5,0.5,0.6000000000000001,1,0.5044924343189585,1.0,0.4955075656810415,fold1__t_minus_1_1800_hkt,P2_student_t_mos
6,0.6000000000000001,0.7000000000000001,4,0.6865237967914339,0.5,0.18652379679143394,fold1__t_minus_1_1800_hkt,P2_student_t_mos
7,0.7000000000000001,0.8,36,0.7369322729523827,0.5555555555555556,0.18137671739682715,fold1__t_minus_1_1800_hkt,P2_student_t_mos
8,0.8,0.9,15,0.8901553009631811,0.8666666666666667,0.023488634296514377,fold1__t_minus_1_1800_hkt,P2_student_t_mos
9,0.9,1.0,295,0.9888282063026336,0.9932203389830508,0.004392132680417271,fold1__t_minus_1_1800_hkt,P2_student_t_mos
0,0.0,0.1,0,,,,fold1__t_minus_1_1800_hkt,C1_multinomial_ridge
1,0.1,0.2,0,,,,fold1__t_minus_1_1800_hkt,C1_multinomial_ridge
2,0.2,0.30000000000000004,270,0.27331062664453737,0.2518518518518518,0.021458774792685542,fold1__t_minus_1_1800_hkt,C1_multinomial_ridge
3,0.30000000000000004,0.4,251,0.33768448616385355,0.32270916334661354,0.014975322817240011,fold1__t_minus_1_1800_hkt,C1_multinomial_ridge
4,0.4,0.5,100,0.44989806599165055,0.4,0.04989806599165053,fold1__t_minus_1_1800_hkt,C1_multinomial_ridge
5,0.5,0.6000000000000001,12,0.5354456661207762,0.3333333333333333,0.20211233278744284,fold1__t_minus_1_1800_hkt,C1_multinomial_ridge
6,0.6000000000000001,0.7000000000000001,5,0.6628205684669938,0.6,0.0628205684669938,fold1__t_minus_1_1800_hkt,C1_multinomial_ridge
7,0.7000000000000001,0.8,32,0.7472826207722698,0.5625,0.1847826207722698,fold1__t_minus_1_1800_hkt,C1_multinomial_ridge
8,0.8,0.9,32,0.8655372948571329,0.84375,0.021787294857132933,fold1__t_minus_1_1800_hkt,C1_multinomial_ridge
9,0.9,1.0,282,0.9857497996089367,0.9964539007092199,0.010704101100283192,fold1__t_minus_1_1800_hkt,C1_multinomial_ridge
0,0.0,0.1,0,,,,fold1__t_minus_1_1800_hkt,C2_ordinal_cdf_logistic
1,0.1,0.2,0,,,,fold1__t_minus_1_1800_hkt,C2_ordinal_cdf_logistic
2,0.2,0.30000000000000004,237,0.27738632091481785,0.25316455696202533,0.02422176395279252,fold1__t_minus_1_1800_hkt,C2_ordinal_cdf_logistic
3,0.30000000000000004,0.4,298,0.3396505809884666,0.33557046979865773,0.004080111189808888,fold1__t_minus_1_1800_hkt,C2_ordinal_cdf_logistic
4,0.4,0.5,94,0.46501666952282755,0.3829787234042553,0.08203794611857224,fold1__t_minus_1_1800_hkt,C2_ordinal_cdf_logistic
5,0.5,0.6000000000000001,9,0.5650799658126594,0.6666666666666666,0.10158670085400723,fold1__t_minus_1_1800_hkt,C2_ordinal_cdf_logistic
6,0.6000000000000001,0.7000000000000001,17,0.6666181662977704,0.5882352941176471,0.0783828721801233,fold1__t_minus_1_1800_hkt,C2_ordinal_cdf_logistic
7,0.7000000000000001,0.8,23,0.7524239334518639,0.5217391304347826,0.23068480301708127,fold1__t_minus_1_1800_hkt,C2_ordinal_cdf_logistic
8,0.8,0.9,25,0.8552644431526,0.96,0.10473555684739999,fold1__t_minus_1_1800_hkt,C2_ordinal_cdf_logistic
9,0.9,1.0,281,0.9848598927187147,0.9928825622775801,0.008022669558865436,fold1__t_minus_1_1800_hkt,C2_ordinal_cdf_logistic
0,0.0,0.1,0,,,,fold1__t_minus_1_1800_hkt,K0_B4_identity
1,0.1,0.2,0,,,,fold1__t_minus_1_1800_hkt,K0_B4_identity
2,0.2,0.30000000000000004,155,0.2802748465066535,0.3096774193548387,0.029402572848185204,fold1__t_minus_1_1800_hkt,K0_B4_identity
3,0.30000000000000004,0.4,403,0.34889086722055074,0.3200992555831266,0.028791611637424164,fold1__t_minus_1_1800_hkt,K0_B4_identity
4,0.4,0.5,62,0.4107974017443797,0.4032258064516129,0.007571595292766797,fold1__t_minus_1_1800_hkt,K0_B4_identity
5,0.5,0.6000000000000001,14,0.5102305890153868,0.35714285714285715,0.1530877318725296,fold1__t_minus_1_1800_hkt,K0_B4_identity
6,0.6000000000000001,0.7000000000000001,24,0.6296449633353333,0.4583333333333333,0.17131163000199995,fold1__t_minus_1_1800_hkt,K0_B4_identity
7,0.7000000000000001,0.8,15,0.7251993498298358,0.7333333333333333,0.008133983503497477,fold1__t_minus_1_1800_hkt,K0_B4_identity
8,0.8,0.9,16,0.8649783769786604,0.875,0.010021623021339576,fold1__t_minus_1_1800_hkt,K0_B4_identity
9,0.9,1.0,295,0.988344509525813,0.9898305084745763,0.001485998948763334,fold1__t_minus_1_1800_hkt,K0_B4_identity
0,0.0,0.1,0,,,,fold1__t_minus_1_1800_hkt,K1_B4_power_calibrated
1,0.1,0.2,0,,,,fold1__t_minus_1_1800_hkt,K1_B4_power_calibrated
2,0.2,0.30000000000000004,155,0.2737874992303161,0.3096774193548387,0.035889920124522634,fold1__t_minus_1_1800_hkt,K1_B4_power_calibrated
3,0.30000000000000004,0.4,446,0.34573545506276876,0.3295964125560538,0.01613904250671494,fold1__t_minus_1_1800_hkt,K1_B4_power_calibrated
4,0.4,0.5,31,0.4502664824890819,0.3870967741935484,0.06316970829553353,fold1__t_minus_1_1800_hkt,K1_B4_power_calibrated
5,0.5,0.6000000000000001,13,0.5796493863851273,0.5384615384615384,0.04118784792358887,fold1__t_minus_1_1800_hkt,K1_B4_power_calibrated
6,0.6000000000000001,0.7000000000000001,25,0.6601750439548983,0.52,0.14017504395489833,fold1__t_minus_1_1800_hkt,K1_B4_power_calibrated
7,0.7000000000000001,0.8,3,0.7556636065635306,0.6666666666666666,0.08899693989686397,fold1__t_minus_1_1800_hkt,K1_B4_power_calibrated
8,0.8,0.9,23,0.8629240300230974,0.9130434782608695,0.050119448237772146,fold1__t_minus_1_1800_hkt,K1_B4_power_calibrated
9,0.9,1.0,288,0.9884302656713769,0.9895833333333334,0.0011530676619564417,fold1__t_minus_1_1800_hkt,K1_B4_power_calibrated
0,0.0,0.1,0,,,,fold1__t_minus_1_1800_hkt,K2_B4_monotone_cdf_projected
1,0.1,0.2,0,,,,fold1__t_minus_1_1800_hkt,K2_B4_monotone_cdf_projected
2,0.2,0.30000000000000004,155,0.2802748465066535,0.3096774193548387,0.029402572848185204,fold1__t_minus_1_1800_hkt,K2_B4_monotone_cdf_projected
3,0.30000000000000004,0.4,403,0.34889086722055074,0.3200992555831266,0.028791611637424164,fold1__t_minus_1_1800_hkt,K2_B4_monotone_cdf_projected
4,0.4,0.5,62,0.4107974017443797,0.4032258064516129,0.007571595292766797,fold1__t_minus_1_1800_hkt,K2_B4_monotone_cdf_projected
5,0.5,0.6000000000000001,14,0.5102305890153866,0.35714285714285715,0.1530877318725295,fold1__t_minus_1_1800_hkt,K2_B4_monotone_cdf_projected
6,0.6000000000000001,0.7000000000000001,24,0.6296449633353333,0.4583333333333333,0.17131163000199995,fold1__t_minus_1_1800_hkt,K2_B4_monotone_cdf_projected
7,0.7000000000000001,0.8,15,0.7251993498298358,0.7333333333333333,0.008133983503497477,fold1__t_minus_1_1800_hkt,K2_B4_monotone_cdf_projected
8,0.8,0.9,16,0.8649783769786603,0.875,0.010021623021339687,fold1__t_minus_1_1800_hkt,K2_B4_monotone_cdf_projected
9,0.9,1.0,295,0.988344509525813,0.9898305084745763,0.001485998948763334,fold1__t_minus_1_1800_hkt,K2_B4_monotone_cdf_projected
0,0.0,0.1,0,,,,fold1__t_minus_1_1800_hkt,S1_conservative_simplex_stack
1,0.1,0.2,0,,,,fold1__t_minus_1_1800_hkt,S1_conservative_simplex_stack
2,0.2,0.30000000000000004,155,0.27936611460519006,0.3096774193548387,0.03031130474964866,fold1__t_minus_1_1800_hkt,S1_conservative_simplex_stack
3,0.30000000000000004,0.4,449,0.34721821596044145,0.3184855233853007,0.028732692575140772,fold1__t_minus_1_1800_hkt,S1_conservative_simplex_stack
4,0.4,0.5,22,0.4490748167378054,0.4090909090909091,0.0399839076468963,fold1__t_minus_1_1800_hkt,S1_conservative_simplex_stack
5,0.5,0.6000000000000001,8,0.5044301479922269,0.25,0.25443014799222685,fold1__t_minus_1_1800_hkt,S1_conservative_simplex_stack
6,0.6000000000000001,0.7000000000000001,24,0.6438886715625712,0.4583333333333333,0.18555533822923792,fold1__t_minus_1_1800_hkt,S1_conservative_simplex_stack
7,0.7000000000000001,0.8,15,0.7243313810962935,0.7333333333333333,0.009001952237039812,fold1__t_minus_1_1800_hkt,S1_conservative_simplex_stack
8,0.8,0.9,16,0.8688883299789842,0.875,0.006111670021015758,fold1__t_minus_1_1800_hkt,S1_conservative_simplex_stack
9,0.9,1.0,295,0.9883460351336825,0.9898305084745763,0.0014844733408938549,fold1__t_minus_1_1800_hkt,S1_conservative_simplex_stack
0,0.0,0.1,0,,,,fold1__t_minus_1_1800_hkt,E1_normal_emos
1,0.1,0.2,0,,,,fold1__t_minus_1_1800_hkt,E1_normal_emos
2,0.2,0.30000000000000004,1,0.2772923061719211,0.0,0.2772923061719211,fold1__t_minus_1_1800_hkt,E1_normal_emos
3,0.30000000000000004,0.4,284,0.3680279765461882,0.29225352112676056,0.07577445541942762,fold1__t_minus_1_1800_hkt,E1_normal_emos
4,0.4,0.5,346,0.4312509449651628,0.3670520231213873,0.06419892184377551,fold1__t_minus_1_1800_hkt,E1_normal_emos
5,0.5,0.6000000000000001,2,0.5104917571132463,0.5,0.010491757113246347,fold1__t_minus_1_1800_hkt,E1_normal_emos
6,0.6000000000000001,0.7000000000000001,1,0.6237679364891722,0.0,0.6237679364891722,fold1__t_minus_1_1800_hkt,E1_normal_emos
7,0.7000000000000001,0.8,14,0.7726586628353295,0.5714285714285714,0.20123009140675807,fold1__t_minus_1_1800_hkt,E1_normal_emos
8,0.8,0.9,26,0.8330637715872192,0.5384615384615384,0.2946022331256808,fold1__t_minus_1_1800_hkt,E1_normal_emos
9,0.9,1.0,310,0.9959930801093756,0.9870967741935484,0.00889630591582724,fold1__t_minus_1_1800_hkt,E1_normal_emos
0,0.0,0.1,0,,,,fold1__t_minus_1_1800_hkt,E2_student_t_emos
1,0.1,0.2,0,,,,fold1__t_minus_1_1800_hkt,E2_student_t_emos
2,0.2,0.30000000000000004,17,0.2913463295139956,0.29411764705882354,0.002771317544827956,fold1__t_minus_1_1800_hkt,E2_student_t_emos
3,0.30000000000000004,0.4,518,0.3535692632860264,0.31467181467181465,0.03889744861421174,fold1__t_minus_1_1800_hkt,E2_student_t_emos
4,0.4,0.5,97,0.419251034906909,0.36082474226804123,0.05842629263886778,fold1__t_minus_1_1800_hkt,E2_student_t_emos
5,0.5,0.6000000000000001,2,0.5300814568804761,0.5,0.030081456880476143,fold1__t_minus_1_1800_hkt,E2_student_t_emos
6,0.6000000000000001,0.7000000000000001,0,,,,fold1__t_minus_1_1800_hkt,E2_student_t_emos
7,0.7000000000000001,0.8,29,0.7660174659931079,0.5172413793103449,0.24877608668276308,fold1__t_minus_1_1800_hkt,E2_student_t_emos
8,0.8,0.9,16,0.8355510258650287,0.6875,0.14805102586502872,fold1__t_minus_1_1800_hkt,E2_student_t_emos
9,0.9,1.0,305,0.9828386816681743,0.9901639344262295,0.0073252527580551785,fold1__t_minus_1_1800_hkt,E2_student_t_emos
0,0.0,0.1,0,,,,fold1__t_minus_1_1800_hkt,E3_two_piece_normal_emos
1,0.1,0.2,0,,,,fold1__t_minus_1_1800_hkt,E3_two_piece_normal_emos
2,0.2,0.30000000000000004,0,,,,fold1__t_minus_1_1800_hkt,E3_two_piece_normal_emos
3,0.30000000000000004,0.4,19,0.3884606972007331,0.2631578947368421,0.12530280246389103,fold1__t_minus_1_1800_hkt,E3_two_piece_normal_emos
4,0.4,0.5,468,0.4556630573914842,0.3055555555555556,0.15010750183592864,fold1__t_minus_1_1800_hkt,E3_two_piece_normal_emos
5,0.5,0.6000000000000001,145,0.5273815414948542,0.4,0.12738154149485414,fold1__t_minus_1_1800_hkt,E3_two_piece_normal_emos
6,0.6000000000000001,0.7000000000000001,2,0.647556704237124,0.0,0.647556704237124,fold1__t_minus_1_1800_hkt,E3_two_piece_normal_emos
7,0.7000000000000001,0.8,0,,,,fold1__t_minus_1_1800_hkt,E3_two_piece_normal_emos
8,0.8,0.9,32,0.8606326890771356,0.5,0.36063268907713564,fold1__t_minus_1_1800_hkt,E3_two_piece_normal_emos
9,0.9,1.0,318,0.9968156571918798,0.9811320754716981,0.015683581720181694,fold1__t_minus_1_1800_hkt,E3_two_piece_normal_emos
0,0.0,0.1,0,,,,fold1__t_minus_1_1800_hkt,G1_gamlss_tree_location_scale
1,0.1,0.2,0,,,,fold1__t_minus_1_1800_hkt,G1_gamlss_tree_location_scale
2,0.2,0.30000000000000004,0,,,,fold1__t_minus_1_1800_hkt,G1_gamlss_tree_location_scale
3,0.30000000000000004,0.4,56,0.38185115249493823,0.125,0.25685115249493823,fold1__t_minus_1_1800_hkt,G1_gamlss_tree_location_scale
4,0.4,0.5,572,0.4442804927036773,0.34615384615384615,0.09812664654983116,fold1__t_minus_1_1800_hkt,G1_gamlss_tree_location_scale
5,0.5,0.6000000000000001,4,0.5243303718190807,0.25,0.2743303718190807,fold1__t_minus_1_1800_hkt,G1_gamlss_tree_location_scale
6,0.6000000000000001,0.7000000000000001,2,0.6857697322939834,0.5,0.18576973229398341,fold1__t_minus_1_1800_hkt,G1_gamlss_tree_location_scale
7,0.7000000000000001,0.8,24,0.7650242817547125,0.5416666666666666,0.22335761508804586,fold1__t_minus_1_1800_hkt,G1_gamlss_tree_location_scale
8,0.8,0.9,14,0.827378880983429,0.5714285714285714,0.25595030955485765,fold1__t_minus_1_1800_hkt,G1_gamlss_tree_location_scale
9,0.9,1.0,312,0.996586238350132,0.9839743589743589,0.012611879375773127,fold1__t_minus_1_1800_hkt,G1_gamlss_tree_location_scale
0,0.0,0.1,0,,,,fold1__t_minus_1_1800_hkt,Q1_quantile_cdf_gb
1,0.1,0.2,82,0.170594777885719,0.4146341463414634,0.2440393684557444,fold1__t_minus_1_1800_hkt,Q1_quantile_cdf_gb
2,0.2,0.30000000000000004,478,0.2486717843777794,0.27615062761506276,0.027478843237283362,fold1__t_minus_1_1800_hkt,Q1_quantile_cdf_gb
3,0.30000000000000004,0.4,49,0.34098814629882834,0.4489795918367347,0.10799144553790635,fold1__t_minus_1_1800_hkt,Q1_quantile_cdf_gb
4,0.4,0.5,23,0.45850520393638244,0.43478260869565216,0.023722595240730282,fold1__t_minus_1_1800_hkt,Q1_quantile_cdf_gb
5,0.5,0.6000000000000001,7,0.5444759280683513,0.2857142857142857,0.2587616423540656,fold1__t_minus_1_1800_hkt,Q1_quantile_cdf_gb
6,0.6000000000000001,0.7000000000000001,40,0.6350411001059453,0.6,0.0350411001059453,fold1__t_minus_1_1800_hkt,Q1_quantile_cdf_gb
7,0.7000000000000001,0.8,305,0.7911311322934058,0.9901639344262295,0.1990328021328237,fold1__t_minus_1_1800_hkt,Q1_quantile_cdf_gb
8,0.8,0.9,0,,,,fold1__t_minus_1_1800_hkt,Q1_quantile_cdf_gb
9,0.9,1.0,0,,,,fold1__t_minus_1_1800_hkt,Q1_quantile_cdf_gb
0,0.0,0.1,0,,,,fold1__t_minus_1_1800_hkt,Q2_threshold_cdf_gb
1,0.1,0.2,0,,,,fold1__t_minus_1_1800_hkt,Q2_threshold_cdf_gb
2,0.2,0.30000000000000004,166,0.2801408770826474,0.25301204819277107,0.027128828889876333,fold1__t_minus_1_1800_hkt,Q2_threshold_cdf_gb
3,0.30000000000000004,0.4,404,0.33828224190088013,0.33910891089108913,0.0008266689902090008,fold1__t_minus_1_1800_hkt,Q2_threshold_cdf_gb
4,0.4,0.5,45,0.44532309614864807,0.35555555555555557,0.0897675405930925,fold1__t_minus_1_1800_hkt,Q2_threshold_cdf_gb
5,0.5,0.6000000000000001,16,0.5462157030349386,0.3125,0.2337157030349386,fold1__t_minus_1_1800_hkt,Q2_threshold_cdf_gb
6,0.6000000000000001,0.7000000000000001,42,0.6553743000252099,0.4523809523809524,0.20299334764425753,fold1__t_minus_1_1800_hkt,Q2_threshold_cdf_gb
7,0.7000000000000001,0.8,6,0.7433620927039989,0.8333333333333334,0.08997124062933448,fold1__t_minus_1_1800_hkt,Q2_threshold_cdf_gb
8,0.8,0.9,305,0.8759566251690328,0.9901639344262295,0.11420730925719669,fold1__t_minus_1_1800_hkt,Q2_threshold_cdf_gb
9,0.9,1.0,0,,,,fold1__t_minus_1_1800_hkt,Q2_threshold_cdf_gb
0,0.0,0.1,0,,,,fold1__t_minus_1_1800_hkt,T1_time_decay_b4
1,0.1,0.2,0,,,,fold1__t_minus_1_1800_hkt,T1_time_decay_b4
2,0.2,0.30000000000000004,109,0.28304454392434847,0.27522935779816515,0.007815186126183316,fold1__t_minus_1_1800_hkt,T1_time_decay_b4
3,0.30000000000000004,0.4,486,0.3201584169061335,0.3395061728395062,0.01934775593337268,fold1__t_minus_1_1800_hkt,T1_time_decay_b4
4,0.4,0.5,33,0.42551958730372375,0.42424242424242425,0.001277163061299491,fold1__t_minus_1_1800_hkt,T1_time_decay_b4
5,0.5,0.6000000000000001,6,0.5527284329515044,0.16666666666666666,0.3860617662848378,fold1__t_minus_1_1800_hkt,T1_time_decay_b4
6,0.6000000000000001,0.7000000000000001,0,,,,fold1__t_minus_1_1800_hkt,T1_time_decay_b4
7,0.7000000000000001,0.8,39,0.7112331653761295,0.5641025641025641,0.14713060127356536,fold1__t_minus_1_1800_hkt,T1_time_decay_b4
8,0.8,0.9,12,0.8862251296230443,0.8333333333333334,0.05289179628971097,fold1__t_minus_1_1800_hkt,T1_time_decay_b4
9,0.9,1.0,299,0.9879077736293661,0.9899665551839465,0.002058781554580391,fold1__t_minus_1_1800_hkt,T1_time_decay_b4
0,0.0,0.1,0,,,,fold1__t_minus_1_1800_hkt,H1_b4_challenger_linear_pool
1,0.1,0.2,0,,,,fold1__t_minus_1_1800_hkt,H1_b4_challenger_linear_pool
2,0.2,0.30000000000000004,152,0.28145478385867984,0.23684210526315788,0.044612678595521954,fold1__t_minus_1_1800_hkt,H1_b4_challenger_linear_pool
3,0.30000000000000004,0.4,458,0.33484900576462673,0.36681222707423583,0.0319632213096091,fold1__t_minus_1_1800_hkt,H1_b4_challenger_linear_pool
4,0.4,0.5,18,0.4553972508162167,0.3888888888888889,0.06650836192732779,fold1__t_minus_1_1800_hkt,H1_b4_challenger_linear_pool
5,0.5,0.6000000000000001,6,0.5316577588894834,0.16666666666666666,0.3649910922228168,fold1__t_minus_1_1800_hkt,H1_b4_challenger_linear_pool
6,0.6000000000000001,0.7000000000000001,24,0.667021843199248,0.4583333333333333,0.20868850986591464,fold1__t_minus_1_1800_hkt,H1_b4_challenger_linear_pool
7,0.7000000000000001,0.8,14,0.7195215491210537,0.7857142857142857,0.066192736593232,fold1__t_minus_1_1800_hkt,H1_b4_challenger_linear_pool
8,0.8,0.9,17,0.8723199250421692,0.8235294117647058,0.04879051327746331,fold1__t_minus_1_1800_hkt,H1_b4_challenger_linear_pool
9,0.9,1.0,295,0.9886871927613693,0.9898305084745763,0.001143315713207027,fold1__t_minus_1_1800_hkt,H1_b4_challenger_linear_pool
0,0.0,0.1,0,,,,fold2__t_minus_1_1800_hkt,B0_climatology
1,0.1,0.2,0,,,,fold2__t_minus_1_1800_hkt,B0_climatology
2,0.2,0.30000000000000004,0,,,,fold2__t_minus_1_1800_hkt,B0_climatology
3,0.30000000000000004,0.4,967,0.3600374788099293,0.358841778697001,0.0011957001129282996,fold2__t_minus_1_1800_hkt,B0_climatology
4,0.4,0.5,0,,,,fold2__t_minus_1_1800_hkt,B0_climatology
5,0.5,0.6000000000000001,0,,,,fold2__t_minus_1_1800_hkt,B0_climatology
6,0.6000000000000001,0.7000000000000001,0,,,,fold2__t_minus_1_1800_hkt,B0_climatology
7,0.7000000000000001,0.8,0,,,,fold2__t_minus_1_1800_hkt,B0_climatology
8,0.8,0.9,0,,,,fold2__t_minus_1_1800_hkt,B0_climatology
9,0.9,1.0,0,,,,fold2__t_minus_1_1800_hkt,B0_climatology
0,0.0,0.1,0,,,,fold2__t_minus_1_1800_hkt,B1_global_residual_pmf
1,0.1,0.2,0,,,,fold2__t_minus_1_1800_hkt,B1_global_residual_pmf
2,0.2,0.30000000000000004,0,,,,fold2__t_minus_1_1800_hkt,B1_global_residual_pmf
3,0.30000000000000004,0.4,589,0.31014287544051694,0.366723259762309,0.05658038432179208,fold2__t_minus_1_1800_hkt,B1_global_residual_pmf
4,0.4,0.5,31,0.444132118286287,0.45161290322580644,0.007480784939519425,fold2__t_minus_1_1800_hkt,B1_global_residual_pmf
5,0.5,0.6000000000000001,13,0.5558678817137117,0.46153846153846156,0.09432942017525014,fold2__t_minus_1_1800_hkt,B1_global_residual_pmf
6,0.6000000000000001,0.7000000000000001,0,,,,fold2__t_minus_1_1800_hkt,B1_global_residual_pmf
7,0.7000000000000001,0.8,30,0.7542749937268035,0.7333333333333333,0.02094166039347023,fold2__t_minus_1_1800_hkt,B1_global_residual_pmf
8,0.8,0.9,1,0.8219723431493706,1.0,0.17802765685062938,fold2__t_minus_1_1800_hkt,B1_global_residual_pmf
9,0.9,1.0,303,0.9882690830553117,0.9801980198019802,0.008071063253331512,fold2__t_minus_1_1800_hkt,B1_global_residual_pmf
0,0.0,0.1,0,,,,fold2__t_minus_1_1800_hkt,B2_month_residual_pmf
1,0.1,0.2,0,,,,fold2__t_minus_1_1800_hkt,B2_month_residual_pmf
2,0.2,0.30000000000000004,138,0.25949488843093893,0.2608695652173913,0.0013746767864523668,fold2__t_minus_1_1800_hkt,B2_month_residual_pmf
3,0.30000000000000004,0.4,460,0.3428429974717935,0.38913043478260867,0.046287437310815194,fold2__t_minus_1_1800_hkt,B2_month_residual_pmf
4,0.4,0.5,22,0.4443529588247962,0.45454545454545453,0.010192495720658334,fold2__t_minus_1_1800_hkt,B2_month_residual_pmf
5,0.5,0.6000000000000001,13,0.5248692489691249,0.46153846153846156,0.06333078743066334,fold2__t_minus_1_1800_hkt,B2_month_residual_pmf
6,0.6000000000000001,0.7000000000000001,14,0.6694728251889938,0.7142857142857143,0.04481288909672054,fold2__t_minus_1_1800_hkt,B2_month_residual_pmf
7,0.7000000000000001,0.8,16,0.7535838616271344,0.75,0.0035838616271344215,fold2__t_minus_1_1800_hkt,B2_month_residual_pmf
8,0.8,0.9,21,0.8588234068844803,0.8095238095238095,0.0492995973606708,fold2__t_minus_1_1800_hkt,B2_month_residual_pmf
9,0.9,1.0,283,0.9914646918476417,0.9929328621908127,0.001468170343170927,fold2__t_minus_1_1800_hkt,B2_month_residual_pmf
0,0.0,0.1,0,,,,fold2__t_minus_1_1800_hkt,B3_forecast_level_residual_pmf
1,0.1,0.2,0,,,,fold2__t_minus_1_1800_hkt,B3_forecast_level_residual_pmf
2,0.2,0.30000000000000004,47,0.2997056934907145,0.1702127659574468,0.12949292753326772,fold2__t_minus_1_1800_hkt,B3_forecast_level_residual_pmf
3,0.30000000000000004,0.4,469,0.3398418922204299,0.3603411513859275,0.020499259165497608,fold2__t_minus_1_1800_hkt,B3_forecast_level_residual_pmf
4,0.4,0.5,117,0.42489123968066156,0.3418803418803419,0.08301089780031967,fold2__t_minus_1_1800_hkt,B3_forecast_level_residual_pmf
5,0.5,0.6000000000000001,0,,,,fold2__t_minus_1_1800_hkt,B3_forecast_level_residual_pmf
6,0.6000000000000001,0.7000000000000001,30,0.6320960174484241,0.7333333333333333,0.10123731588490914,fold2__t_minus_1_1800_hkt,B3_forecast_level_residual_pmf
7,0.7000000000000001,0.8,1,0.7759762941280327,1.0,0.2240237058719673,fold2__t_minus_1_1800_hkt,B3_forecast_level_residual_pmf
8,0.8,0.9,0,,,,fold2__t_minus_1_1800_hkt,B3_forecast_level_residual_pmf
9,0.9,1.0,303,0.9840546033365084,0.9801980198019802,0.003856583534528224,fold2__t_minus_1_1800_hkt,B3_forecast_level_residual_pmf
0,0.0,0.1,0,,,,fold2__t_minus_1_1800_hkt,B4_hierarchical_residual_pmf
1,0.1,0.2,0,,,,fold2__t_minus_1_1800_hkt,B4_hierarchical_residual_pmf
2,0.2,0.30000000000000004,127,0.2758357131069268,0.2440944881889764,0.031741224917950395,fold2__t_minus_1_1800_hkt,B4_hierarchical_residual_pmf
3,0.30000000000000004,0.4,404,0.3524479043966628,0.349009900990099,0.0034380034065638054,fold2__t_minus_1_1800_hkt,B4_hierarchical_residual_pmf
4,0.4,0.5,85,0.4413823826180588,0.4588235294117647,0.017441146793705897,fold2__t_minus_1_1800_hkt,B4_hierarchical_residual_pmf
5,0.5,0.6000000000000001,17,0.5078709965813704,0.29411764705882354,0.21375334952254682,fold2__t_minus_1_1800_hkt,B4_hierarchical_residual_pmf
6,0.6000000000000001,0.7000000000000001,14,0.6130284188735157,0.7142857142857143,0.10125729541219863,fold2__t_minus_1_1800_hkt,B4_hierarchical_residual_pmf
7,0.7000000000000001,0.8,16,0.7390223769032052,0.75,0.010977623096794842,fold2__t_minus_1_1800_hkt,B4_hierarchical_residual_pmf
8,0.8,0.9,16,0.8568500730361504,0.8125,0.04435007303615035,fold2__t_minus_1_1800_hkt,B4_hierarchical_residual_pmf
9,0.9,1.0,288,0.9899724425754517,0.9895833333333334,0.000389109242118324,fold2__t_minus_1_1800_hkt,B4_hierarchical_residual_pmf
0,0.0,0.1,0,,,,fold2__t_minus_1_1800_hkt,B5_kernel_analog_pmf
1,0.1,0.2,0,,,,fold2__t_minus_1_1800_hkt,B5_kernel_analog_pmf
2,0.2,0.30000000000000004,112,0.2672073775650369,0.23214285714285715,0.035064520422179724,fold2__t_minus_1_1800_hkt,B5_kernel_analog_pmf
3,0.30000000000000004,0.4,303,0.34356507992430113,0.34983498349834985,0.0062699035740487186,fold2__t_minus_1_1800_hkt,B5_kernel_analog_pmf
4,0.4,0.5,218,0.431642580451125,0.38073394495412843,0.05090863549699659,fold2__t_minus_1_1800_hkt,B5_kernel_analog_pmf
5,0.5,0.6000000000000001,1,0.5757800259838572,0.0,0.5757800259838572,fold2__t_minus_1_1800_hkt,B5_kernel_analog_pmf
6,0.6000000000000001,0.7000000000000001,17,0.6368564865581545,0.7647058823529411,0.1278493957947866,fold2__t_minus_1_1800_hkt,B5_kernel_analog_pmf
7,0.7000000000000001,0.8,12,0.7198304456516708,0.75,0.03016955434832924,fold2__t_minus_1_1800_hkt,B5_kernel_analog_pmf
8,0.8,0.9,27,0.8600055553928738,0.8518518518518519,0.008153703541021962,fold2__t_minus_1_1800_hkt,B5_kernel_analog_pmf
9,0.9,1.0,277,0.9917917609016245,0.9927797833935018,0.0009880224918773495,fold2__t_minus_1_1800_hkt,B5_kernel_analog_pmf
0,0.0,0.1,0,,,,fold2__t_minus_1_1800_hkt,B6_month_climatology_diagnostic
1,0.1,0.2,0,,,,fold2__t_minus_1_1800_hkt,B6_month_climatology_diagnostic
2,0.2,0.30000000000000004,516,0.23555709017570892,0.20930232558139536,0.026254764594313557,fold2__t_minus_1_1800_hkt,B6_month_climatology_diagnostic
3,0.30000000000000004,0.4,0,,,,fold2__t_minus_1_1800_hkt,B6_month_climatology_diagnostic
4,0.4,0.5,81,0.4306834392426406,0.38271604938271603,0.04796738985992455,fold2__t_minus_1_1800_hkt,B6_month_climatology_diagnostic
5,0.5,0.6000000000000001,73,0.5614734492106522,0.410958904109589,0.1505145451010632,fold2__t_minus_1_1800_hkt,B6_month_climatology_diagnostic
6,0.6000000000000001,0.7000000000000001,0,,,,fold2__t_minus_1_1800_hkt,B6_month_climatology_diagnostic
7,0.7000000000000001,0.8,85,0.7748566634037201,0.8117647058823529,0.036908042478632885,fold2__t_minus_1_1800_hkt,B6_month_climatology_diagnostic
8,0.8,0.9,0,,,,fold2__t_minus_1_1800_hkt,B6_month_climatology_diagnostic
9,0.9,1.0,212,0.9580046366041096,0.9764150943396226,0.018410457735512975,fold2__t_minus_1_1800_hkt,B6_month_climatology_diagnostic
0,0.0,0.1,0,,,,fold2__t_minus_1_1800_hkt,P1_normal_mos
1,0.1,0.2,0,,,,fold2__t_minus_1_1800_hkt,P1_normal_mos
2,0.2,0.30000000000000004,588,0.28758762890234835,0.32142857142857145,0.033840942526223106,fold2__t_minus_1_1800_hkt,P1_normal_mos
3,0.30000000000000004,0.4,3,0.3641231181267724,0.3333333333333333,0.03078978479343908,fold2__t_minus_1_1800_hkt,P1_normal_mos
4,0.4,0.5,42,0.4411313895559761,0.4523809523809524,0.0112495628249763,fold2__t_minus_1_1800_hkt,P1_normal_mos
5,0.5,0.6000000000000001,0,,,,fold2__t_minus_1_1800_hkt,P1_normal_mos
6,0.6000000000000001,0.7000000000000001,4,0.6942651329959872,0.75,0.055734867004012756,fold2__t_minus_1_1800_hkt,P1_normal_mos
7,0.7000000000000001,0.8,27,0.7245559639568196,0.7407407407407407,0.01618477678392105,fold2__t_minus_1_1800_hkt,P1_normal_mos
8,0.8,0.9,7,0.8956205580373199,0.8571428571428571,0.038477700894462785,fold2__t_minus_1_1800_hkt,P1_normal_mos
9,0.9,1.0,296,0.9888713783629215,0.9831081081081081,0.00576327025481338,fold2__t_minus_1_1800_hkt,P1_normal_mos
0,0.0,0.1,0,,,,fold2__t_minus_1_1800_hkt,P2_student_t_mos
1,0.1,0.2,0,,,,fold2__t_minus_1_1800_hkt,P2_student_t_mos
2,0.2,0.30000000000000004,589,0.28026720544867445,0.32088285229202035,0.0406156468433459,fold2__t_minus_1_1800_hkt,P2_student_t_mos
3,0.30000000000000004,0.4,1,0.39487493799007717,1.0,0.6051250620099229,fold2__t_minus_1_1800_hkt,P2_student_t_mos
4,0.4,0.5,43,0.44142460238672837,0.4418604651162791,0.0004358627295507067,fold2__t_minus_1_1800_hkt,P2_student_t_mos
5,0.5,0.6000000000000001,0,,,,fold2__t_minus_1_1800_hkt,P2_student_t_mos
6,0.6000000000000001,0.7000000000000001,8,0.6930773780966347,0.75,0.05692262190336528,fold2__t_minus_1_1800_hkt,P2_student_t_mos
7,0.7000000000000001,0.8,23,0.7229091477743259,0.7391304347826086,0.016221287008282737,fold2__t_minus_1_1800_hkt,P2_student_t_mos
8,0.8,0.9,21,0.8903054389667123,0.8571428571428571,0.03316258182385523,fold2__t_minus_1_1800_hkt,P2_student_t_mos
9,0.9,1.0,282,0.989980958224214,0.9893617021276596,0.0006192560965543326,fold2__t_minus_1_1800_hkt,P2_student_t_mos
0,0.0,0.1,0,,,,fold2__t_minus_1_1800_hkt,C1_multinomial_ridge
1,0.1,0.2,0,,,,fold2__t_minus_1_1800_hkt,C1_multinomial_ridge
2,0.2,0.30000000000000004,278,0.27446758955517847,0.2805755395683453,0.00610795001316683,fold2__t_minus_1_1800_hkt,C1_multinomial_ridge
3,0.30000000000000004,0.4,215,0.340268269399946,0.40930232558139534,0.06903405618144937,fold2__t_minus_1_1800_hkt,C1_multinomial_ridge
4,0.4,0.5,141,0.4353702017146444,0.3262411347517731,0.10912906696287134,fold2__t_minus_1_1800_hkt,C1_multinomial_ridge
5,0.5,0.6000000000000001,0,,,,fold2__t_minus_1_1800_hkt,C1_multinomial_ridge
6,0.6000000000000001,0.7000000000000001,9,0.6753592194263068,0.6666666666666666,0.008692552759640204,fold2__t_minus_1_1800_hkt,C1_multinomial_ridge
7,0.7000000000000001,0.8,21,0.7291954608321085,0.7619047619047619,0.03270930107265335,fold2__t_minus_1_1800_hkt,C1_multinomial_ridge
8,0.8,0.9,35,0.8734722774581505,0.8571428571428571,0.016329420315293386,fold2__t_minus_1_1800_hkt,C1_multinomial_ridge
9,0.9,1.0,268,0.987749626237845,0.996268656716418,0.008519030478572942,fold2__t_minus_1_1800_hkt,C1_multinomial_ridge
0,0.0,0.1,0,,,,fold2__t_minus_1_1800_hkt,C2_ordinal_cdf_logistic
1,0.1,0.2,0,,,,fold2__t_minus_1_1800_hkt,C2_ordinal_cdf_logistic
2,0.2,0.30000000000000004,209,0.2775505564211174,0.2822966507177033,0.004746094296585901,fold2__t_minus_1_1800_hkt,C2_ordinal_cdf_logistic
3,0.30000000000000004,0.4,285,0.3397889935522613,0.35789473684210527,0.01810574328984399,fold2__t_minus_1_1800_hkt,C2_ordinal_cdf_logistic
4,0.4,0.5,139,0.4478259663308584,0.3237410071942446,0.12408495913661383,fold2__t_minus_1_1800_hkt,C2_ordinal_cdf_logistic
5,0.5,0.6000000000000001,4,0.5751925513480165,0.5,0.0751925513480165,fold2__t_minus_1_1800_hkt,C2_ordinal_cdf_logistic
6,0.6000000000000001,0.7000000000000001,17,0.6481813748874795,0.7647058823529411,0.11652450746546161,fold2__t_minus_1_1800_hkt,C2_ordinal_cdf_logistic
7,0.7000000000000001,0.8,13,0.7449419832865333,0.6923076923076923,0.05263429097884098,fold2__t_minus_1_1800_hkt,C2_ordinal_cdf_logistic
8,0.8,0.9,32,0.8613893779374038,0.875,0.013610622062596223,fold2__t_minus_1_1800_hkt,C2_ordinal_cdf_logistic
9,0.9,1.0,268,0.9881590374245195,0.996268656716418,0.008109619291898462,fold2__t_minus_1_1800_hkt,C2_ordinal_cdf_logistic
0,0.0,0.1,0,,,,fold2__t_minus_1_1800_hkt,K0_B4_identity
1,0.1,0.2,0,,,,fold2__t_minus_1_1800_hkt,K0_B4_identity
2,0.2,0.30000000000000004,127,0.2758357131069268,0.2440944881889764,0.031741224917950395,fold2__t_minus_1_1800_hkt,K0_B4_identity
3,0.30000000000000004,0.4,404,0.3524479043966628,0.349009900990099,0.0034380034065638054,fold2__t_minus_1_1800_hkt,K0_B4_identity
4,0.4,0.5,85,0.4413823826180588,0.4588235294117647,0.017441146793705897,fold2__t_minus_1_1800_hkt,K0_B4_identity
5,0.5,0.6000000000000001,17,0.5078709965813704,0.29411764705882354,0.21375334952254682,fold2__t_minus_1_1800_hkt,K0_B4_identity
6,0.6000000000000001,0.7000000000000001,14,0.6130284188735157,0.7142857142857143,0.10125729541219863,fold2__t_minus_1_1800_hkt,K0_B4_identity
7,0.7000000000000001,0.8,16,0.7390223769032052,0.75,0.010977623096794842,fold2__t_minus_1_1800_hkt,K0_B4_identity
8,0.8,0.9,16,0.8568500730361504,0.8125,0.04435007303615035,fold2__t_minus_1_1800_hkt,K0_B4_identity
9,0.9,1.0,288,0.9899724425754517,0.9895833333333334,0.000389109242118324,fold2__t_minus_1_1800_hkt,K0_B4_identity
0,0.0,0.1,0,,,,fold2__t_minus_1_1800_hkt,K1_B4_power_calibrated
1,0.1,0.2,0,,,,fold2__t_minus_1_1800_hkt,K1_B4_power_calibrated
2,0.2,0.30000000000000004,166,0.27633160195494627,0.25301204819277107,0.023319553762175205,fold2__t_minus_1_1800_hkt,K1_B4_power_calibrated
3,0.30000000000000004,0.4,371,0.35007478272948145,0.3611859838274933,0.011111201098011836,fold2__t_minus_1_1800_hkt,K1_B4_power_calibrated
4,0.4,0.5,96,0.4431933817601433,0.4166666666666667,0.026526715093476594,fold2__t_minus_1_1800_hkt,K1_B4_power_calibrated
5,0.5,0.6000000000000001,10,0.5896243247134627,0.6,0.010375675286537267,fold2__t_minus_1_1800_hkt,K1_B4_power_calibrated
6,0.6000000000000001,0.7000000000000001,5,0.6280351488745518,1.0,0.3719648511254482,fold2__t_minus_1_1800_hkt,K1_B4_power_calibrated
7,0.7000000000000001,0.8,15,0.7218276037952729,0.7333333333333333,0.011505729538060394,fold2__t_minus_1_1800_hkt,K1_B4_power_calibrated
8,0.8,0.9,24,0.8555656459071779,0.7916666666666666,0.06389897924051124,fold2__t_minus_1_1800_hkt,K1_B4_power_calibrated
9,0.9,1.0,280,0.9910326584668158,0.9964285714285714,0.005395912961755678,fold2__t_minus_1_1800_hkt,K1_B4_power_calibrated
0,0.0,0.1,0,,,,fold2__t_minus_1_1800_hkt,K2_B4_monotone_cdf_projected
1,0.1,0.2,0,,,,fold2__t_minus_1_1800_hkt,K2_B4_monotone_cdf_projected
2,0.2,0.30000000000000004,127,0.2758357131069268,0.2440944881889764,0.031741224917950395,fold2__t_minus_1_1800_hkt,K2_B4_monotone_cdf_projected
3,0.30000000000000004,0.4,404,0.3524479043966628,0.349009900990099,0.0034380034065638054,fold2__t_minus_1_1800_hkt,K2_B4_monotone_cdf_projected
4,0.4,0.5,85,0.4413823826180588,0.4588235294117647,0.017441146793705897,fold2__t_minus_1_1800_hkt,K2_B4_monotone_cdf_projected
5,0.5,0.6000000000000001,17,0.5078709965813704,0.29411764705882354,0.21375334952254682,fold2__t_minus_1_1800_hkt,K2_B4_monotone_cdf_projected
6,0.6000000000000001,0.7000000000000001,14,0.6130284188735156,0.7142857142857143,0.10125729541219874,fold2__t_minus_1_1800_hkt,K2_B4_monotone_cdf_projected
7,0.7000000000000001,0.8,16,0.7390223769032052,0.75,0.010977623096794842,fold2__t_minus_1_1800_hkt,K2_B4_monotone_cdf_projected
8,0.8,0.9,16,0.8568500730361504,0.8125,0.04435007303615035,fold2__t_minus_1_1800_hkt,K2_B4_monotone_cdf_projected
9,0.9,1.0,288,0.9899724425754515,0.9895833333333334,0.00038910924211810194,fold2__t_minus_1_1800_hkt,K2_B4_monotone_cdf_projected
0,0.0,0.1,0,,,,fold2__t_minus_1_1800_hkt,S1_conservative_simplex_stack
1,0.1,0.2,0,,,,fold2__t_minus_1_1800_hkt,S1_conservative_simplex_stack
2,0.2,0.30000000000000004,135,0.2750914383869905,0.2518518518518518,0.02323958653513869,fold2__t_minus_1_1800_hkt,S1_conservative_simplex_stack
3,0.30000000000000004,0.4,399,0.346529477744466,0.3558897243107769,0.009360246566310904,fold2__t_minus_1_1800_hkt,S1_conservative_simplex_stack
4,0.4,0.5,98,0.4385186279866784,0.42857142857142855,0.009947199415249852,fold2__t_minus_1_1800_hkt,S1_conservative_simplex_stack
5,0.5,0.6000000000000001,1,0.5001501986879529,0.0,0.5001501986879529,fold2__t_minus_1_1800_hkt,S1_conservative_simplex_stack
6,0.6000000000000001,0.7000000000000001,14,0.6239268312354137,0.7142857142857143,0.0903588830503006,fold2__t_minus_1_1800_hkt,S1_conservative_simplex_stack
7,0.7000000000000001,0.8,16,0.7309371661098849,0.75,0.019062833890115094,fold2__t_minus_1_1800_hkt,S1_conservative_simplex_stack
8,0.8,0.9,23,0.8688267953189367,0.782608695652174,0.08621809966676275,fold2__t_minus_1_1800_hkt,S1_conservative_simplex_stack
9,0.9,1.0,281,0.9869072101796454,0.99644128113879,0.009534070959144603,fold2__t_minus_1_1800_hkt,S1_conservative_simplex_stack
0,0.0,0.1,0,,,,fold2__t_minus_1_1800_hkt,E1_normal_emos
1,0.1,0.2,0,,,,fold2__t_minus_1_1800_hkt,E1_normal_emos
2,0.2,0.30000000000000004,0,,,,fold2__t_minus_1_1800_hkt,E1_normal_emos
3,0.30000000000000004,0.4,301,0.36815281225105545,0.3122923588039867,0.05586045344706875,fold2__t_minus_1_1800_hkt,E1_normal_emos
4,0.4,0.5,331,0.42837780339166887,0.35347432024169184,0.07490348314997702,fold2__t_minus_1_1800_hkt,E1_normal_emos
5,0.5,0.6000000000000001,1,0.5222435194922523,1.0,0.47775648050774766,fold2__t_minus_1_1800_hkt,E1_normal_emos
6,0.6000000000000001,0.7000000000000001,0,,,,fold2__t_minus_1_1800_hkt,E1_normal_emos
7,0.7000000000000001,0.8,16,0.7579790026293051,0.6875,0.07047900262930507,fold2__t_minus_1_1800_hkt,E1_normal_emos
8,0.8,0.9,15,0.8266743317914955,0.8,0.026674331791495476,fold2__t_minus_1_1800_hkt,E1_normal_emos
9,0.9,1.0,303,0.9950196041321135,0.9801980198019802,0.014821584330133364,fold2__t_minus_1_1800_hkt,E1_normal_emos
0,0.0,0.1,0,,,,fold2__t_minus_1_1800_hkt,E2_student_t_emos
1,0.1,0.2,0,,,,fold2__t_minus_1_1800_hkt,E2_student_t_emos
2,0.2,0.30000000000000004,4,0.2979358520437099,0.0,0.2979358520437099,fold2__t_minus_1_1800_hkt,E2_student_t_emos
3,0.30000000000000004,0.4,555,0.35208156777701627,0.32432432432432434,0.027757243452691926,fold2__t_minus_1_1800_hkt,E2_student_t_emos
4,0.4,0.5,74,0.4215891836782085,0.4189189189189189,0.002670264759289609,fold2__t_minus_1_1800_hkt,E2_student_t_emos
5,0.5,0.6000000000000001,0,,,,fold2__t_minus_1_1800_hkt,E2_student_t_emos
6,0.6000000000000001,0.7000000000000001,0,,,,fold2__t_minus_1_1800_hkt,E2_student_t_emos
7,0.7000000000000001,0.8,25,0.7502469001028976,0.72,0.030246900102897656,fold2__t_minus_1_1800_hkt,E2_student_t_emos
8,0.8,0.9,16,0.8556588189171664,0.75,0.10565881891716644,fold2__t_minus_1_1800_hkt,E2_student_t_emos
9,0.9,1.0,293,0.983868814828775,0.9897610921501706,0.005892277321395634,fold2__t_minus_1_1800_hkt,E2_student_t_emos
0,0.0,0.1,0,,,,fold2__t_minus_1_1800_hkt,E3_two_piece_normal_emos
1,0.1,0.2,0,,,,fold2__t_minus_1_1800_hkt,E3_two_piece_normal_emos
2,0.2,0.30000000000000004,0,,,,fold2__t_minus_1_1800_hkt,E3_two_piece_normal_emos
3,0.30000000000000004,0.4,5,0.39457596096236575,0.0,0.39457596096236575,fold2__t_minus_1_1800_hkt,E3_two_piece_normal_emos
4,0.4,0.5,502,0.4499714520218068,0.31274900398406374,0.13722244803774303,fold2__t_minus_1_1800_hkt,E3_two_piece_normal_emos
5,0.5,0.6000000000000001,125,0.521763888467435,0.336,0.18576388846743502,fold2__t_minus_1_1800_hkt,E3_two_piece_normal_emos
6,0.6000000000000001,0.7000000000000001,1,0.6215408739800781,1.0,0.37845912601992193,fold2__t_minus_1_1800_hkt,E3_two_piece_normal_emos
7,0.7000000000000001,0.8,6,0.7923370906891568,0.6666666666666666,0.12567042402249018,fold2__t_minus_1_1800_hkt,E3_two_piece_normal_emos
8,0.8,0.9,19,0.8546249701636246,0.7368421052631579,0.11778286490046674,fold2__t_minus_1_1800_hkt,E3_two_piece_normal_emos
9,0.9,1.0,309,0.9967386824888392,0.9773462783171522,0.019392404171687083,fold2__t_minus_1_1800_hkt,E3_two_piece_normal_emos
0,0.0,0.1,0,,,,fold2__t_minus_1_1800_hkt,G1_gamlss_tree_location_scale
1,0.1,0.2,0,,,,fold2__t_minus_1_1800_hkt,G1_gamlss_tree_location_scale
2,0.2,0.30000000000000004,0,,,,fold2__t_minus_1_1800_hkt,G1_gamlss_tree_location_scale
3,0.30000000000000004,0.4,75,0.37586857956783754,0.21333333333333335,0.1625352462345042,fold2__t_minus_1_1800_hkt,G1_gamlss_tree_location_scale
4,0.4,0.5,529,0.44196995169960374,0.3667296786389414,0.07524027306066233,fold2__t_minus_1_1800_hkt,G1_gamlss_tree_location_scale
5,0.5,0.6000000000000001,30,0.5243873509631044,0.36666666666666664,0.15772068429643776,fold2__t_minus_1_1800_hkt,G1_gamlss_tree_location_scale
6,0.6000000000000001,0.7000000000000001,0,,,,fold2__t_minus_1_1800_hkt,G1_gamlss_tree_location_scale
7,0.7000000000000001,0.8,16,0.7588636306003208,0.6875,0.0713636306003208,fold2__t_minus_1_1800_hkt,G1_gamlss_tree_location_scale
8,0.8,0.9,14,0.8245761417711323,0.7857142857142857,0.038861856056846555,fold2__t_minus_1_1800_hkt,G1_gamlss_tree_location_scale
9,0.9,1.0,303,0.9964031840855426,0.9801980198019802,0.016205164283562445,fold2__t_minus_1_1800_hkt,G1_gamlss_tree_location_scale
0,0.0,0.1,0,,,,fold2__t_minus_1_1800_hkt,Q1_quantile_cdf_gb
1,0.1,0.2,98,0.18588038970495324,0.2653061224489796,0.07942573274402637,fold2__t_minus_1_1800_hkt,Q1_quantile_cdf_gb
2,0.2,0.30000000000000004,475,0.2417818350258521,0.3031578947368421,0.06137605971099003,fold2__t_minus_1_1800_hkt,Q1_quantile_cdf_gb
3,0.30000000000000004,0.4,39,0.341067184104588,0.38461538461538464,0.043548200510796664,fold2__t_minus_1_1800_hkt,Q1_quantile_cdf_gb
4,0.4,0.5,22,0.42718217970725547,0.45454545454545453,0.02736327483819906,fold2__t_minus_1_1800_hkt,Q1_quantile_cdf_gb
5,0.5,0.6000000000000001,30,0.5259210914976712,0.7333333333333333,0.2074122418356621,fold2__t_minus_1_1800_hkt,Q1_quantile_cdf_gb
6,0.6000000000000001,0.7000000000000001,7,0.6874887220344154,0.7142857142857143,0.026796992251298946,fold2__t_minus_1_1800_hkt,Q1_quantile_cdf_gb
7,0.7000000000000001,0.8,296,0.7917441044264252,0.9864864864864865,0.19474238206006134,fold2__t_minus_1_1800_hkt,Q1_quantile_cdf_gb
8,0.8,0.9,0,,,,fold2__t_minus_1_1800_hkt,Q1_quantile_cdf_gb
9,0.9,1.0,0,,,,fold2__t_minus_1_1800_hkt,Q1_quantile_cdf_gb
0,0.0,0.1,0,,,,fold2__t_minus_1_1800_hkt,Q2_threshold_cdf_gb
1,0.1,0.2,0,,,,fold2__t_minus_1_1800_hkt,Q2_threshold_cdf_gb
2,0.2,0.30000000000000004,253,0.28358228438329947,0.2727272727272727,0.010855011656026758,fold2__t_minus_1_1800_hkt,Q2_threshold_cdf_gb
3,0.30000000000000004,0.4,325,0.34481562861973575,0.3415384615384615,0.003277167081274235,fold2__t_minus_1_1800_hkt,Q2_threshold_cdf_gb
4,0.4,0.5,56,0.4229191903009549,0.48214285714285715,0.05922366684190228,fold2__t_minus_1_1800_hkt,Q2_threshold_cdf_gb
5,0.5,0.6000000000000001,15,0.5470878819002033,0.7333333333333333,0.18624545143312998,fold2__t_minus_1_1800_hkt,Q2_threshold_cdf_gb
6,0.6000000000000001,0.7000000000000001,14,0.6176388889478854,0.7857142857142857,0.16807539676640026,fold2__t_minus_1_1800_hkt,Q2_threshold_cdf_gb
7,0.7000000000000001,0.8,3,0.7604124266558651,0.3333333333333333,0.42707909332253174,fold2__t_minus_1_1800_hkt,Q2_threshold_cdf_gb
8,0.8,0.9,301,0.8764331549247567,0.9833887043189369,0.10695554939418017,fold2__t_minus_1_1800_hkt,Q2_threshold_cdf_gb
9,0.9,1.0,0,,,,fold2__t_minus_1_1800_hkt,Q2_threshold_cdf_gb
0,0.0,0.1,0,,,,fold2__t_minus_1_1800_hkt,T1_time_decay_b4
1,0.1,0.2,0,,,,fold2__t_minus_1_1800_hkt,T1_time_decay_b4
2,0.2,0.30000000000000004,108,0.2751085160632494,0.26851851851851855,0.00658999754473083,fold2__t_minus_1_1800_hkt,T1_time_decay_b4
3,0.30000000000000004,0.4,472,0.3372179512663791,0.3728813559322034,0.035663404665824294,fold2__t_minus_1_1800_hkt,T1_time_decay_b4
4,0.4,0.5,53,0.43891127013266373,0.33962264150943394,0.09928862862322979,fold2__t_minus_1_1800_hkt,T1_time_decay_b4
5,0.5,0.6000000000000001,0,,,,fold2__t_minus_1_1800_hkt,T1_time_decay_b4
6,0.6000000000000001,0.7000000000000001,16,0.6567217105028842,0.6875,0.030778289497115807,fold2__t_minus_1_1800_hkt,T1_time_decay_b4
7,0.7000000000000001,0.8,13,0.7360709267052093,0.7692307692307693,0.033159842525559924,fold2__t_minus_1_1800_hkt,T1_time_decay_b4
8,0.8,0.9,19,0.8790109241948478,0.7894736842105263,0.0895372399843215,fold2__t_minus_1_1800_hkt,T1_time_decay_b4
9,0.9,1.0,286,0.9912268188739517,0.993006993006993,0.0017801741330413234,fold2__t_minus_1_1800_hkt,T1_time_decay_b4
0,0.0,0.1,0,,,,fold2__t_minus_1_1800_hkt,H1_b4_challenger_linear_pool
1,0.1,0.2,0,,,,fold2__t_minus_1_1800_hkt,H1_b4_challenger_linear_pool
2,0.2,0.30000000000000004,127,0.27493797573387607,0.2440944881889764,0.030843487544899684,fold2__t_minus_1_1800_hkt,H1_b4_challenger_linear_pool
3,0.30000000000000004,0.4,407,0.35110708817244635,0.3538083538083538,0.002701265635907446,fold2__t_minus_1_1800_hkt,H1_b4_challenger_linear_pool
4,0.4,0.5,85,0.4390196757692487,0.43529411764705883,0.003725558122189887,fold2__t_minus_1_1800_hkt,H1_b4_challenger_linear_pool
5,0.5,0.6000000000000001,14,0.5034670528522994,0.35714285714285715,0.14632419570944227,fold2__t_minus_1_1800_hkt,H1_b4_challenger_linear_pool
6,0.6000000000000001,0.7000000000000001,14,0.6122848900115762,0.7142857142857143,0.10200082427413815,fold2__t_minus_1_1800_hkt,H1_b4_challenger_linear_pool
7,0.7000000000000001,0.8,16,0.7307587180759207,0.75,0.019241281924079257,fold2__t_minus_1_1800_hkt,H1_b4_challenger_linear_pool
8,0.8,0.9,23,0.866808718521359,0.782608695652174,0.08420002286918504,fold2__t_minus_1_1800_hkt,H1_b4_challenger_linear_pool
9,0.9,1.0,281,0.9865340478578217,0.99644128113879,0.00990723328096832,fold2__t_minus_1_1800_hkt,H1_b4_challenger_linear_pool
0,0.0,0.1,0,,,,fold3__t_minus_1_1800_hkt,B0_climatology
1,0.1,0.2,0,,,,fold3__t_minus_1_1800_hkt,B0_climatology
2,0.2,0.30000000000000004,0,,,,fold3__t_minus_1_1800_hkt,B0_climatology
3,0.30000000000000004,0.4,994,0.35981665336936897,0.34004024144869216,0.019776411920676806,fold3__t_minus_1_1800_hkt,B0_climatology
4,0.4,0.5,0,,,,fold3__t_minus_1_1800_hkt,B0_climatology
5,0.5,0.6000000000000001,0,,,,fold3__t_minus_1_1800_hkt,B0_climatology
6,0.6000000000000001,0.7000000000000001,0,,,,fold3__t_minus_1_1800_hkt,B0_climatology
7,0.7000000000000001,0.8,0,,,,fold3__t_minus_1_1800_hkt,B0_climatology
8,0.8,0.9,0,,,,fold3__t_minus_1_1800_hkt,B0_climatology
9,0.9,1.0,0,,,,fold3__t_minus_1_1800_hkt,B0_climatology
0,0.0,0.1,0,,,,fold3__t_minus_1_1800_hkt,B1_global_residual_pmf
1,0.1,0.2,0,,,,fold3__t_minus_1_1800_hkt,B1_global_residual_pmf
2,0.2,0.30000000000000004,0,,,,fold3__t_minus_1_1800_hkt,B1_global_residual_pmf
3,0.30000000000000004,0.4,599,0.31436209592030845,0.31552587646076796,0.0011637805404595136,fold3__t_minus_1_1800_hkt,B1_global_residual_pmf
4,0.4,0.5,46,0.440603516771305,0.43478260869565216,0.005820908075652831,fold3__t_minus_1_1800_hkt,B1_global_residual_pmf
5,0.5,0.6000000000000001,19,0.5593964832286943,0.42105263157894735,0.13834385164974694,fold3__t_minus_1_1800_hkt,B1_global_residual_pmf
6,0.6000000000000001,0.7000000000000001,0,,,,fold3__t_minus_1_1800_hkt,B1_global_residual_pmf
7,0.7000000000000001,0.8,51,0.7549656126916134,0.6666666666666666,0.08829894602494681,fold3__t_minus_1_1800_hkt,B1_global_residual_pmf
8,0.8,0.9,3,0.8269671374524291,0.6666666666666666,0.16030047078576248,fold3__t_minus_1_1800_hkt,B1_global_residual_pmf
9,0.9,1.0,276,0.9829787488380374,0.9855072463768116,0.002528497538774266,fold3__t_minus_1_1800_hkt,B1_global_residual_pmf
0,0.0,0.1,0,,,,fold3__t_minus_1_1800_hkt,B2_month_residual_pmf
1,0.1,0.2,0,,,,fold3__t_minus_1_1800_hkt,B2_month_residual_pmf
2,0.2,0.30000000000000004,149,0.2556072922213329,0.28187919463087246,0.026271902409539583,fold3__t_minus_1_1800_hkt,B2_month_residual_pmf
3,0.30000000000000004,0.4,471,0.3521518810718738,0.31210191082802546,0.04004997024384832,fold3__t_minus_1_1800_hkt,B2_month_residual_pmf
4,0.4,0.5,25,0.44190208434318845,0.44,0.0019020843431884482,fold3__t_minus_1_1800_hkt,B2_month_residual_pmf
5,0.5,0.6000000000000001,19,0.5409899161853968,0.42105263157894735,0.11993728460644948,fold3__t_minus_1_1800_hkt,B2_month_residual_pmf
6,0.6000000000000001,0.7000000000000001,27,0.6793726033884975,0.7037037037037037,0.024331100315206244,fold3__t_minus_1_1800_hkt,B2_month_residual_pmf
7,0.7000000000000001,0.8,23,0.7441536537972565,0.6956521739130435,0.04850147988421305,fold3__t_minus_1_1800_hkt,B2_month_residual_pmf
8,0.8,0.9,33,0.8533237417125523,0.8181818181818182,0.03514192353073409,fold3__t_minus_1_1800_hkt,B2_month_residual_pmf
9,0.9,1.0,247,0.9874151157844243,0.9959514170040485,0.008536301219624232,fold3__t_minus_1_1800_hkt,B2_month_residual_pmf
0,0.0,0.1,0,,,,fold3__t_minus_1_1800_hkt,B3_forecast_level_residual_pmf
1,0.1,0.2,0,,,,fold3__t_minus_1_1800_hkt,B3_forecast_level_residual_pmf
2,0.2,0.30000000000000004,132,0.2867719069955195,0.3409090909090909,0.05413718391357136,fold3__t_minus_1_1800_hkt,B3_forecast_level_residual_pmf
3,0.30000000000000004,0.4,342,0.3380745636811524,0.27485380116959063,0.06322076251156178,fold3__t_minus_1_1800_hkt,B3_forecast_level_residual_pmf
4,0.4,0.5,190,0.4239684613237781,0.4105263157894737,0.013442145534304395,fold3__t_minus_1_1800_hkt,B3_forecast_level_residual_pmf
5,0.5,0.6000000000000001,0,,,,fold3__t_minus_1_1800_hkt,B3_forecast_level_residual_pmf
6,0.6000000000000001,0.7000000000000001,51,0.645279596673088,0.6666666666666666,0.021387069993578645,fold3__t_minus_1_1800_hkt,B3_forecast_level_residual_pmf
7,0.7000000000000001,0.8,3,0.794907043295276,0.6666666666666666,0.12824037662860932,fold3__t_minus_1_1800_hkt,B3_forecast_level_residual_pmf
8,0.8,0.9,0,,,,fold3__t_minus_1_1800_hkt,B3_forecast_level_residual_pmf
9,0.9,1.0,276,0.9755581345728621,0.9855072463768116,0.009949111803949529,fold3__t_minus_1_1800_hkt,B3_forecast_level_residual_pmf
0,0.0,0.1,0,,,,fold3__t_minus_1_1800_hkt,B4_hierarchical_residual_pmf
1,0.1,0.2,0,,,,fold3__t_minus_1_1800_hkt,B4_hierarchical_residual_pmf
2,0.2,0.30000000000000004,116,0.2672937001723482,0.25,0.017293700172348214,fold3__t_minus_1_1800_hkt,B4_hierarchical_residual_pmf
3,0.30000000000000004,0.4,404,0.3517571107210748,0.30445544554455445,0.04730166517652035,fold3__t_minus_1_1800_hkt,B4_hierarchical_residual_pmf
4,0.4,0.5,136,0.42975197379366425,0.3897058823529412,0.040046091440723075,fold3__t_minus_1_1800_hkt,B4_hierarchical_residual_pmf
5,0.5,0.6000000000000001,8,0.5465927953211808,0.5,0.04659279532118077,fold3__t_minus_1_1800_hkt,B4_hierarchical_residual_pmf
6,0.6000000000000001,0.7000000000000001,27,0.6231231062014411,0.7037037037037037,0.08058059750226265,fold3__t_minus_1_1800_hkt,B4_hierarchical_residual_pmf
7,0.7000000000000001,0.8,24,0.7411059132683736,0.6666666666666666,0.07443924660170698,fold3__t_minus_1_1800_hkt,B4_hierarchical_residual_pmf
8,0.8,0.9,34,0.8573490541246498,0.8529411764705882,0.004407877654061587,fold3__t_minus_1_1800_hkt,B4_hierarchical_residual_pmf
9,0.9,1.0,245,0.9889218064489628,0.9959183673469387,0.006996560897975956,fold3__t_minus_1_1800_hkt,B4_hierarchical_residual_pmf
0,0.0,0.1,0,,,,fold3__t_minus_1_1800_hkt,B5_kernel_analog_pmf
1,0.1,0.2,0,,,,fold3__t_minus_1_1800_hkt,B5_kernel_analog_pmf
2,0.2,0.30000000000000004,145,0.2704242374627501,0.2620689655172414,0.008355271945508724,fold3__t_minus_1_1800_hkt,B5_kernel_analog_pmf
3,0.30000000000000004,0.4,295,0.3476879039462802,0.29491525423728815,0.05277264970899204,fold3__t_minus_1_1800_hkt,B5_kernel_analog_pmf
4,0.4,0.5,223,0.4317193439713865,0.3542600896860987,0.07745925428528783,fold3__t_minus_1_1800_hkt,B5_kernel_analog_pmf
5,0.5,0.6000000000000001,3,0.5580304418844398,0.6666666666666666,0.10863622478222679,fold3__t_minus_1_1800_hkt,B5_kernel_analog_pmf
6,0.6000000000000001,0.7000000000000001,35,0.6358329564737873,0.6571428571428571,0.021309900669069792,fold3__t_minus_1_1800_hkt,B5_kernel_analog_pmf
7,0.7000000000000001,0.8,16,0.7389494547559962,0.625,0.11394945475599616,fold3__t_minus_1_1800_hkt,B5_kernel_analog_pmf
8,0.8,0.9,32,0.8524247567030232,0.90625,0.0538252432969768,fold3__t_minus_1_1800_hkt,B5_kernel_analog_pmf
9,0.9,1.0,245,0.9887456024556905,0.9959183673469387,0.0071727648912481845,fold3__t_minus_1_1800_hkt,B5_kernel_analog_pmf
0,0.0,0.1,0,,,,fold3__t_minus_1_1800_hkt,B6_month_climatology_diagnostic
1,0.1,0.2,86,0.19987383030175573,0.08139534883720931,0.11847848146454643,fold3__t_minus_1_1800_hkt,B6_month_climatology_diagnostic
2,0.2,0.30000000000000004,435,0.23768643339683662,0.2,0.03768643339683661,fold3__t_minus_1_1800_hkt,B6_month_climatology_diagnostic
3,0.30000000000000004,0.4,0,,,,fold3__t_minus_1_1800_hkt,B6_month_climatology_diagnostic
4,0.4,0.5,86,0.42235558889722435,0.26744186046511625,0.1549137284321081,fold3__t_minus_1_1800_hkt,B6_month_climatology_diagnostic
5,0.5,0.6000000000000001,77,0.5330487647134914,0.4155844155844156,0.11746434912907577,fold3__t_minus_1_1800_hkt,B6_month_climatology_diagnostic
6,0.6000000000000001,0.7000000000000001,0,,,,fold3__t_minus_1_1800_hkt,B6_month_climatology_diagnostic
7,0.7000000000000001,0.8,83,0.7819455428765111,0.7469879518072289,0.0349575910692822,fold3__t_minus_1_1800_hkt,B6_month_climatology_diagnostic
8,0.8,0.9,0,,,,fold3__t_minus_1_1800_hkt,B6_month_climatology_diagnostic
9,0.9,1.0,227,0.9605039998905327,0.9118942731277533,0.048609726762779415,fold3__t_minus_1_1800_hkt,B6_month_climatology_diagnostic
0,0.0,0.1,0,,,,fold3__t_minus_1_1800_hkt,P1_normal_mos
1,0.1,0.2,0,,,,fold3__t_minus_1_1800_hkt,P1_normal_mos
2,0.2,0.30000000000000004,588,0.28973039978708104,0.30952380952380953,0.019793409736728496,fold3__t_minus_1_1800_hkt,P1_normal_mos
3,0.30000000000000004,0.4,12,0.30957748652492095,0.08333333333333333,0.22624415319158764,fold3__t_minus_1_1800_hkt,P1_normal_mos
4,0.4,0.5,63,0.44824332199990674,0.42857142857142855,0.019671893428478193,fold3__t_minus_1_1800_hkt,P1_normal_mos
5,0.5,0.6000000000000001,1,0.5294415089389553,0.0,0.5294415089389553,fold3__t_minus_1_1800_hkt,P1_normal_mos
6,0.6000000000000001,0.7000000000000001,2,0.6657517212229619,0.5,0.1657517212229619,fold3__t_minus_1_1800_hkt,P1_normal_mos
7,0.7000000000000001,0.8,52,0.7381474379491043,0.6730769230769231,0.06507051487218118,fold3__t_minus_1_1800_hkt,P1_normal_mos
8,0.8,0.9,0,,,,fold3__t_minus_1_1800_hkt,P1_normal_mos
9,0.9,1.0,276,0.9816477648443868,0.9855072463768116,0.00385948153242488,fold3__t_minus_1_1800_hkt,P1_normal_mos
0,0.0,0.1,0,,,,fold3__t_minus_1_1800_hkt,P2_student_t_mos
1,0.1,0.2,0,,,,fold3__t_minus_1_1800_hkt,P2_student_t_mos
2,0.2,0.30000000000000004,599,0.2825318160034335,0.3038397328881469,0.021307916884713396,fold3__t_minus_1_1800_hkt,P2_student_t_mos
3,0.30000000000000004,0.4,0,,,,fold3__t_minus_1_1800_hkt,P2_student_t_mos
4,0.4,0.5,64,0.4485820812319601,0.4375,0.011082081231960084,fold3__t_minus_1_1800_hkt,P2_student_t_mos
5,0.5,0.6000000000000001,1,0.5288330002996907,0.0,0.5288330002996907,fold3__t_minus_1_1800_hkt,P2_student_t_mos
6,0.6000000000000001,0.7000000000000001,2,0.6619452043116678,0.5,0.1619452043116678,fold3__t_minus_1_1800_hkt,P2_student_t_mos
7,0.7000000000000001,0.8,52,0.7321472141749675,0.6730769230769231,0.0590702910980444,fold3__t_minus_1_1800_hkt,P2_student_t_mos
8,0.8,0.9,14,0.8958560197128982,1.0,0.10414398028710181,fold3__t_minus_1_1800_hkt,P2_student_t_mos
9,0.9,1.0,262,0.9809038770456484,0.9847328244274809,0.0038289473818324815,fold3__t_minus_1_1800_hkt,P2_student_t_mos
0,0.0,0.1,0,,,,fold3__t_minus_1_1800_hkt,C1_multinomial_ridge
1,0.1,0.2,0,,,,fold3__t_minus_1_1800_hkt,C1_multinomial_ridge
2,0.2,0.30000000000000004,255,0.2747191121084197,0.24705882352941178,0.02766028857900793,fold3__t_minus_1_1800_hkt,C1_multinomial_ridge
3,0.30000000000000004,0.4,272,0.3433531801675027,0.36764705882352944,0.024293878656026724,fold3__t_minus_1_1800_hkt,C1_multinomial_ridge
4,0.4,0.5,129,0.42948167509627927,0.4108527131782946,0.018628961917984688,fold3__t_minus_1_1800_hkt,C1_multinomial_ridge
5,0.5,0.6000000000000001,10,0.5182768499787517,0.1,0.4182768499787517,fold3__t_minus_1_1800_hkt,C1_multinomial_ridge
6,0.6000000000000001,0.7000000000000001,10,0.6798004968272247,0.5,0.17980049682722465,fold3__t_minus_1_1800_hkt,C1_multinomial_ridge
7,0.7000000000000001,0.8,41,0.7415423185671153,0.7073170731707317,0.03422524539638361,fold3__t_minus_1_1800_hkt,C1_multinomial_ridge
8,0.8,0.9,41,0.8776805167205085,0.9512195121951219,0.0735389954746134,fold3__t_minus_1_1800_hkt,C1_multinomial_ridge
9,0.9,1.0,236,0.9804847766526505,0.9915254237288136,0.011040647076163035,fold3__t_minus_1_1800_hkt,C1_multinomial_ridge
0,0.0,0.1,0,,,,fold3__t_minus_1_1800_hkt,C2_ordinal_cdf_logistic
1,0.1,0.2,0,,,,fold3__t_minus_1_1800_hkt,C2_ordinal_cdf_logistic
2,0.2,0.30000000000000004,173,0.278158666033431,0.23121387283236994,0.04694479320106104,fold3__t_minus_1_1800_hkt,C2_ordinal_cdf_logistic
3,0.30000000000000004,0.4,346,0.3405385487444415,0.3554913294797688,0.014952780735327298,fold3__t_minus_1_1800_hkt,C2_ordinal_cdf_logistic
4,0.4,0.5,136,0.43832819604889095,0.3161764705882353,0.12215172546065567,fold3__t_minus_1_1800_hkt,C2_ordinal_cdf_logistic
5,0.5,0.6000000000000001,13,0.5200406021922129,0.5384615384615384,0.018420936269325505,fold3__t_minus_1_1800_hkt,C2_ordinal_cdf_logistic
6,0.6000000000000001,0.7000000000000001,18,0.6585034534271241,0.7777777777777778,0.11927432435065366,fold3__t_minus_1_1800_hkt,C2_ordinal_cdf_logistic
7,0.7000000000000001,0.8,33,0.7415268238882629,0.6363636363636364,0.1051631875246265,fold3__t_minus_1_1800_hkt,C2_ordinal_cdf_logistic
8,0.8,0.9,49,0.8729763809174658,0.9387755102040817,0.06579912928661591,fold3__t_minus_1_1800_hkt,C2_ordinal_cdf_logistic
9,0.9,1.0,226,0.9851695536694307,0.995575221238938,0.010405667569507338,fold3__t_minus_1_1800_hkt,C2_ordinal_cdf_logistic
0,0.0,0.1,0,,,,fold3__t_minus_1_1800_hkt,K0_B4_identity
1,0.1,0.2,0,,,,fold3__t_minus_1_1800_hkt,K0_B4_identity
2,0.2,0.30000000000000004,116,0.2672937001723482,0.25,0.017293700172348214,fold3__t_minus_1_1800_hkt,K0_B4_identity
3,0.30000000000000004,0.4,404,0.3517571107210748,0.30445544554455445,0.04730166517652035,fold3__t_minus_1_1800_hkt,K0_B4_identity
4,0.4,0.5,136,0.42975197379366425,0.3897058823529412,0.040046091440723075,fold3__t_minus_1_1800_hkt,K0_B4_identity
5,0.5,0.6000000000000001,8,0.5465927953211808,0.5,0.04659279532118077,fold3__t_minus_1_1800_hkt,K0_B4_identity
6,0.6000000000000001,0.7000000000000001,27,0.6231231062014411,0.7037037037037037,0.08058059750226265,fold3__t_minus_1_1800_hkt,K0_B4_identity
7,0.7000000000000001,0.8,24,0.7411059132683736,0.6666666666666666,0.07443924660170698,fold3__t_minus_1_1800_hkt,K0_B4_identity
8,0.8,0.9,34,0.8573490541246498,0.8529411764705882,0.004407877654061587,fold3__t_minus_1_1800_hkt,K0_B4_identity
9,0.9,1.0,245,0.9889218064489628,0.9959183673469387,0.006996560897975956,fold3__t_minus_1_1800_hkt,K0_B4_identity
0,0.0,0.1,0,,,,fold3__t_minus_1_1800_hkt,K1_B4_power_calibrated
1,0.1,0.2,0,,,,fold3__t_minus_1_1800_hkt,K1_B4_power_calibrated
2,0.2,0.30000000000000004,187,0.2749540365848271,0.28342245989304815,0.008468423308221062,fold3__t_minus_1_1800_hkt,K1_B4_power_calibrated
3,0.30000000000000004,0.4,368,0.3577114980179205,0.3179347826086957,0.03977671540922484,fold3__t_minus_1_1800_hkt,K1_B4_power_calibrated
4,0.4,0.5,101,0.42628533981479066,0.3465346534653465,0.07975068634944416,fold3__t_minus_1_1800_hkt,K1_B4_power_calibrated
5,0.5,0.6000000000000001,27,0.5739987583867013,0.7407407407407407,0.16674198235403936,fold3__t_minus_1_1800_hkt,K1_B4_power_calibrated
6,0.6000000000000001,0.7000000000000001,8,0.6383318445495342,0.375,0.2633318445495342,fold3__t_minus_1_1800_hkt,K1_B4_power_calibrated
7,0.7000000000000001,0.8,24,0.7231615080567767,0.6666666666666666,0.05649484139011007,fold3__t_minus_1_1800_hkt,K1_B4_power_calibrated
8,0.8,0.9,34,0.8404241082366559,0.8529411764705882,0.012517068233932283,fold3__t_minus_1_1800_hkt,K1_B4_power_calibrated
9,0.9,1.0,245,0.9868981318652768,0.9959183673469387,0.009020235481661976,fold3__t_minus_1_1800_hkt,K1_B4_power_calibrated
0,0.0,0.1,0,,,,fold3__t_minus_1_1800_hkt,K2_B4_monotone_cdf_projected
1,0.1,0.2,0,,,,fold3__t_minus_1_1800_hkt,K2_B4_monotone_cdf_projected
2,0.2,0.30000000000000004,116,0.2672937001723482,0.25,0.017293700172348214,fold3__t_minus_1_1800_hkt,K2_B4_monotone_cdf_projected
3,0.30000000000000004,0.4,404,0.3517571107210748,0.30445544554455445,0.04730166517652035,fold3__t_minus_1_1800_hkt,K2_B4_monotone_cdf_projected
4,0.4,0.5,136,0.42975197379366425,0.3897058823529412,0.040046091440723075,fold3__t_minus_1_1800_hkt,K2_B4_monotone_cdf_projected
5,0.5,0.6000000000000001,8,0.5465927953211808,0.5,0.04659279532118077,fold3__t_minus_1_1800_hkt,K2_B4_monotone_cdf_projected
6,0.6000000000000001,0.7000000000000001,27,0.623123106201441,0.7037037037037037,0.08058059750226276,fold3__t_minus_1_1800_hkt,K2_B4_monotone_cdf_projected
7,0.7000000000000001,0.8,24,0.7411059132683736,0.6666666666666666,0.07443924660170698,fold3__t_minus_1_1800_hkt,K2_B4_monotone_cdf_projected
8,0.8,0.9,34,0.8573490541246498,0.8529411764705882,0.004407877654061587,fold3__t_minus_1_1800_hkt,K2_B4_monotone_cdf_projected
9,0.9,1.0,245,0.9889218064489627,0.9959183673469387,0.006996560897976067,fold3__t_minus_1_1800_hkt,K2_B4_monotone_cdf_projected
0,0.0,0.1,0,,,,fold3__t_minus_1_1800_hkt,S1_conservative_simplex_stack
1,0.1,0.2,0,,,,fold3__t_minus_1_1800_hkt,S1_conservative_simplex_stack
2,0.2,0.30000000000000004,146,0.27493900375225283,0.2671232876712329,0.007815716081019941,fold3__t_minus_1_1800_hkt,S1_conservative_simplex_stack
3,0.30000000000000004,0.4,400,0.35369979933079476,0.325,0.02869979933079475,fold3__t_minus_1_1800_hkt,S1_conservative_simplex_stack
4,0.4,0.5,110,0.4255652051909086,0.35454545454545455,0.07101975064545407,fold3__t_minus_1_1800_hkt,S1_conservative_simplex_stack
5,0.5,0.6000000000000001,8,0.5326950686524903,0.5,0.03269506865249028,fold3__t_minus_1_1800_hkt,S1_conservative_simplex_stack
6,0.6000000000000001,0.7000000000000001,27,0.6362457270736762,0.7037037037037037,0.0674579766300275,fold3__t_minus_1_1800_hkt,S1_conservative_simplex_stack
7,0.7000000000000001,0.8,24,0.7378824841753074,0.6666666666666666,0.07121581750864081,fold3__t_minus_1_1800_hkt,S1_conservative_simplex_stack
8,0.8,0.9,34,0.8622875449254972,0.8529411764705882,0.009346368454908993,fold3__t_minus_1_1800_hkt,S1_conservative_simplex_stack
9,0.9,1.0,245,0.9885441907157216,0.9959183673469387,0.007374176631217089,fold3__t_minus_1_1800_hkt,S1_conservative_simplex_stack
0,0.0,0.1,0,,,,fold3__t_minus_1_1800_hkt,E1_normal_emos
1,0.1,0.2,0,,,,fold3__t_minus_1_1800_hkt,E1_normal_emos
2,0.2,0.30000000000000004,0,,,,fold3__t_minus_1_1800_hkt,E1_normal_emos
3,0.30000000000000004,0.4,321,0.37119419514019925,0.2803738317757009,0.09082036336449834,fold3__t_minus_1_1800_hkt,E1_normal_emos
4,0.4,0.5,341,0.4320808388956194,0.34017595307917886,0.09190488581644052,fold3__t_minus_1_1800_hkt,E1_normal_emos
5,0.5,0.6000000000000001,2,0.5364376759851667,0.0,0.5364376759851667,fold3__t_minus_1_1800_hkt,E1_normal_emos
6,0.6000000000000001,0.7000000000000001,1,0.6766207446826394,1.0,0.32337925531736056,fold3__t_minus_1_1800_hkt,E1_normal_emos
7,0.7000000000000001,0.8,17,0.7739554444914295,0.7647058823529411,0.009249562138488376,fold3__t_minus_1_1800_hkt,E1_normal_emos
8,0.8,0.9,36,0.8368475678621121,0.6111111111111112,0.22573645675100096,fold3__t_minus_1_1800_hkt,E1_normal_emos
9,0.9,1.0,276,0.9935271389642628,0.9855072463768116,0.008019892587451172,fold3__t_minus_1_1800_hkt,E1_normal_emos
0,0.0,0.1,0,,,,fold3__t_minus_1_1800_hkt,E2_student_t_emos
1,0.1,0.2,0,,,,fold3__t_minus_1_1800_hkt,E2_student_t_emos
2,0.2,0.30000000000000004,4,0.2959855245624625,0.5,0.20401447543753748,fold3__t_minus_1_1800_hkt,E2_student_t_emos
3,0.30000000000000004,0.4,571,0.3533549596874448,0.29246935201401053,0.06088560767343426,fold3__t_minus_1_1800_hkt,E2_student_t_emos
4,0.4,0.5,88,0.42960321410598595,0.4318181818181818,0.00221496771219587,fold3__t_minus_1_1800_hkt,E2_student_t_emos
5,0.5,0.6000000000000001,1,0.5455260514797335,0.0,0.5455260514797335,fold3__t_minus_1_1800_hkt,E2_student_t_emos
6,0.6000000000000001,0.7000000000000001,1,0.6610417788435861,1.0,0.33895822115641394,fold3__t_minus_1_1800_hkt,E2_student_t_emos
7,0.7000000000000001,0.8,35,0.766647481481925,0.6,0.16664748148192499,fold3__t_minus_1_1800_hkt,E2_student_t_emos
8,0.8,0.9,27,0.8394898089109156,0.8518518518518519,0.012362042940936235,fold3__t_minus_1_1800_hkt,E2_student_t_emos
9,0.9,1.0,267,0.9783358507563956,0.9850187265917603,0.006682875835364643,fold3__t_minus_1_1800_hkt,E2_student_t_emos
0,0.0,0.1,0,,,,fold3__t_minus_1_1800_hkt,E3_two_piece_normal_emos
1,0.1,0.2,0,,,,fold3__t_minus_1_1800_hkt,E3_two_piece_normal_emos
2,0.2,0.30000000000000004,0,,,,fold3__t_minus_1_1800_hkt,E3_two_piece_normal_emos
3,0.30000000000000004,0.4,3,0.39199622063337697,0.3333333333333333,0.058662887300043653,fold3__t_minus_1_1800_hkt,E3_two_piece_normal_emos
4,0.4,0.5,523,0.4522849456345756,0.31166347992351817,0.14062146571105744,fold3__t_minus_1_1800_hkt,E3_two_piece_normal_emos
5,0.5,0.6000000000000001,137,0.5224449864533197,0.291970802919708,0.2304741835336117,fold3__t_minus_1_1800_hkt,E3_two_piece_normal_emos
6,0.6000000000000001,0.7000000000000001,1,0.6313201228250663,0.0,0.6313201228250663,fold3__t_minus_1_1800_hkt,E3_two_piece_normal_emos
7,0.7000000000000001,0.8,1,0.7258399336057383,1.0,0.2741600663942617,fold3__t_minus_1_1800_hkt,E3_two_piece_normal_emos
8,0.8,0.9,37,0.8613631907435226,0.6216216216216216,0.23974156912190103,fold3__t_minus_1_1800_hkt,E3_two_piece_normal_emos
9,0.9,1.0,292,0.9936495770727739,0.9726027397260274,0.021046837346746505,fold3__t_minus_1_1800_hkt,E3_two_piece_normal_emos
0,0.0,0.1,0,,,,fold3__t_minus_1_1800_hkt,G1_gamlss_tree_location_scale
1,0.1,0.2,0,,,,fold3__t_minus_1_1800_hkt,G1_gamlss_tree_location_scale
2,0.2,0.30000000000000004,0,,,,fold3__t_minus_1_1800_hkt,G1_gamlss_tree_location_scale
3,0.30000000000000004,0.4,110,0.3809065939160156,0.23636363636363636,0.14454295755237925,fold3__t_minus_1_1800_hkt,G1_gamlss_tree_location_scale
4,0.4,0.5,539,0.4537785211617908,0.31910946196660483,0.13466905919518596,fold3__t_minus_1_1800_hkt,G1_gamlss_tree_location_scale
5,0.5,0.6000000000000001,17,0.5258631850072181,0.35294117647058826,0.1729220085366298,fold3__t_minus_1_1800_hkt,G1_gamlss_tree_location_scale
6,0.6000000000000001,0.7000000000000001,1,0.6910841519709411,1.0,0.3089158480290589,fold3__t_minus_1_1800_hkt,G1_gamlss_tree_location_scale
7,0.7000000000000001,0.8,31,0.7808397713098659,0.6774193548387096,0.1034204164711563,fold3__t_minus_1_1800_hkt,G1_gamlss_tree_location_scale
8,0.8,0.9,20,0.8482916884174756,0.65,0.19829168841747558,fold3__t_minus_1_1800_hkt,G1_gamlss_tree_location_scale
9,0.9,1.0,276,0.995111272137878,0.9855072463768116,0.009604025761066337,fold3__t_minus_1_1800_hkt,G1_gamlss_tree_location_scale
0,0.0,0.1,0,,,,fold3__t_minus_1_1800_hkt,Q1_quantile_cdf_gb
1,0.1,0.2,95,0.17171939670204125,0.3157894736842105,0.14407007698216925,fold3__t_minus_1_1800_hkt,Q1_quantile_cdf_gb
2,0.2,0.30000000000000004,483,0.2426450170216245,0.3146997929606625,0.07205477593903803,fold3__t_minus_1_1800_hkt,Q1_quantile_cdf_gb
3,0.30000000000000004,0.4,59,0.33995042863961844,0.4406779661016949,0.10072753746207647,fold3__t_minus_1_1800_hkt,Q1_quantile_cdf_gb
4,0.4,0.5,30,0.43476226630955594,0.3,0.13476226630955596,fold3__t_minus_1_1800_hkt,Q1_quantile_cdf_gb
5,0.5,0.6000000000000001,42,0.5326120881559385,0.6428571428571429,0.11024505470120438,fold3__t_minus_1_1800_hkt,Q1_quantile_cdf_gb
6,0.6000000000000001,0.7000000000000001,18,0.6436339975668739,0.8888888888888888,0.24525489132201495,fold3__t_minus_1_1800_hkt,Q1_quantile_cdf_gb
7,0.7000000000000001,0.8,267,0.7701005976794913,0.9850187265917603,0.2149181289122689,fold3__t_minus_1_1800_hkt,Q1_quantile_cdf_gb
8,0.8,0.9,0,,,,fold3__t_minus_1_1800_hkt,Q1_quantile_cdf_gb
9,0.9,1.0,0,,,,fold3__t_minus_1_1800_hkt,Q1_quantile_cdf_gb
0,0.0,0.1,0,,,,fold3__t_minus_1_1800_hkt,Q2_threshold_cdf_gb
1,0.1,0.2,0,,,,fold3__t_minus_1_1800_hkt,Q2_threshold_cdf_gb
2,0.2,0.30000000000000004,205,0.28155464723164897,0.2780487804878049,0.003505866743844066,fold3__t_minus_1_1800_hkt,Q2_threshold_cdf_gb
3,0.30000000000000004,0.4,411,0.34788254627896203,0.35766423357664234,0.009781687297680308,fold3__t_minus_1_1800_hkt,Q2_threshold_cdf_gb
4,0.4,0.5,42,0.44180795209647694,0.2857142857142857,0.15609366638219124,fold3__t_minus_1_1800_hkt,Q2_threshold_cdf_gb
5,0.5,0.6000000000000001,22,0.5713386425206056,0.4090909090909091,0.1622477334296965,fold3__t_minus_1_1800_hkt,Q2_threshold_cdf_gb
6,0.6000000000000001,0.7000000000000001,36,0.6351132387504289,0.7222222222222222,0.0871089834717933,fold3__t_minus_1_1800_hkt,Q2_threshold_cdf_gb
7,0.7000000000000001,0.8,7,0.7704167572880073,0.8571428571428571,0.0867260998548498,fold3__t_minus_1_1800_hkt,Q2_threshold_cdf_gb
8,0.8,0.9,271,0.8764925966212432,0.985239852398524,0.10874725577728073,fold3__t_minus_1_1800_hkt,Q2_threshold_cdf_gb
9,0.9,1.0,0,,,,fold3__t_minus_1_1800_hkt,Q2_threshold_cdf_gb
0,0.0,0.1,0,,,,fold3__t_minus_1_1800_hkt,T1_time_decay_b4
1,0.1,0.2,0,,,,fold3__t_minus_1_1800_hkt,T1_time_decay_b4
2,0.2,0.30000000000000004,88,0.2814536963412227,0.26136363636363635,0.02009005997758634,fold3__t_minus_1_1800_hkt,T1_time_decay_b4
3,0.30000000000000004,0.4,501,0.3408966917466619,0.3333333333333333,0.007563358413328558,fold3__t_minus_1_1800_hkt,T1_time_decay_b4
4,0.4,0.5,67,0.4359322499276421,0.3880597014925373,0.0478725484351048,fold3__t_minus_1_1800_hkt,T1_time_decay_b4
5,0.5,0.6000000000000001,6,0.5635737496379126,0.3333333333333333,0.2302404163045793,fold3__t_minus_1_1800_hkt,T1_time_decay_b4
6,0.6000000000000001,0.7000000000000001,22,0.6836812191573465,0.8181818181818182,0.13450059902447176,fold3__t_minus_1_1800_hkt,T1_time_decay_b4
7,0.7000000000000001,0.8,29,0.7355052183541738,0.6206896551724138,0.11481556318176,fold3__t_minus_1_1800_hkt,T1_time_decay_b4
8,0.8,0.9,32,0.8830877137585651,0.8125,0.0705877137585651,fold3__t_minus_1_1800_hkt,T1_time_decay_b4
9,0.9,1.0,249,0.988090893570296,0.9959839357429718,0.007893042172675835,fold3__t_minus_1_1800_hkt,T1_time_decay_b4
0,0.0,0.1,0,,,,fold3__t_minus_1_1800_hkt,H1_b4_challenger_linear_pool
1,0.1,0.2,0,,,,fold3__t_minus_1_1800_hkt,H1_b4_challenger_linear_pool
2,0.2,0.30000000000000004,117,0.2707526152725823,0.29914529914529914,0.028392683872716817,fold3__t_minus_1_1800_hkt,H1_b4_challenger_linear_pool
3,0.30000000000000004,0.4,482,0.354019514804131,0.3215767634854772,0.03244275131865382,fold3__t_minus_1_1800_hkt,H1_b4_challenger_linear_pool
4,0.4,0.5,57,0.4330824428773226,0.40350877192982454,0.029573670947498076,fold3__t_minus_1_1800_hkt,H1_b4_challenger_linear_pool
5,0.5,0.6000000000000001,5,0.5465692646944993,0.4,0.14656926469449927,fold3__t_minus_1_1800_hkt,H1_b4_challenger_linear_pool
6,0.6000000000000001,0.7000000000000001,31,0.6553895716707685,0.6774193548387096,0.02202978316794113,fold3__t_minus_1_1800_hkt,H1_b4_challenger_linear_pool
7,0.7000000000000001,0.8,25,0.7559697059735019,0.64,0.11596970597350187,fold3__t_minus_1_1800_hkt,H1_b4_challenger_linear_pool
8,0.8,0.9,28,0.8697449004565616,0.8928571428571429,0.023112242400581295,fold3__t_minus_1_1800_hkt,H1_b4_challenger_linear_pool
9,0.9,1.0,249,0.987672274587843,0.9959839357429718,0.008311661155128824,fold3__t_minus_1_1800_hkt,H1_b4_challenger_linear_pool
0,0.0,0.1,0,,,,fold4__t_minus_1_1800_hkt,B0_climatology
1,0.1,0.2,0,,,,fold4__t_minus_1_1800_hkt,B0_climatology
2,0.2,0.30000000000000004,0,,,,fold4__t_minus_1_1800_hkt,B0_climatology
3,0.30000000000000004,0.4,678,0.3566613157426526,0.29793510324483774,0.058726212497814845,fold4__t_minus_1_1800_hkt,B0_climatology
4,0.4,0.5,0,,,,fold4__t_minus_1_1800_hkt,B0_climatology
5,0.5,0.6000000000000001,0,,,,fold4__t_minus_1_1800_hkt,B0_climatology
6,0.6000000000000001,0.7000000000000001,0,,,,fold4__t_minus_1_1800_hkt,B0_climatology
7,0.7000000000000001,0.8,0,,,,fold4__t_minus_1_1800_hkt,B0_climatology
8,0.8,0.9,0,,,,fold4__t_minus_1_1800_hkt,B0_climatology
9,0.9,1.0,0,,,,fold4__t_minus_1_1800_hkt,B0_climatology
0,0.0,0.1,0,,,,fold4__t_minus_1_1800_hkt,B1_global_residual_pmf
1,0.1,0.2,0,,,,fold4__t_minus_1_1800_hkt,B1_global_residual_pmf
2,0.2,0.30000000000000004,0,,,,fold4__t_minus_1_1800_hkt,B1_global_residual_pmf
3,0.30000000000000004,0.4,408,0.3149277582828908,0.3602941176470588,0.045366359364167996,fold4__t_minus_1_1800_hkt,B1_global_residual_pmf
4,0.4,0.5,37,0.44269663134993764,0.43243243243243246,0.010264198917505185,fold4__t_minus_1_1800_hkt,B1_global_residual_pmf
5,0.5,0.6000000000000001,31,0.5573033686500611,0.41935483870967744,0.1379485299403837,fold4__t_minus_1_1800_hkt,B1_global_residual_pmf
6,0.6000000000000001,0.7000000000000001,0,,,,fold4__t_minus_1_1800_hkt,B1_global_residual_pmf
7,0.7000000000000001,0.8,33,0.7576243896328286,0.696969696969697,0.060654692663131615,fold4__t_minus_1_1800_hkt,B1_global_residual_pmf
8,0.8,0.9,4,0.8290529584587857,0.75,0.07905295845878568,fold4__t_minus_1_1800_hkt,B1_global_residual_pmf
9,0.9,1.0,165,0.9833892559686437,0.9636363636363636,0.01975289233228006,fold4__t_minus_1_1800_hkt,B1_global_residual_pmf
0,0.0,0.1,0,,,,fold4__t_minus_1_1800_hkt,B2_month_residual_pmf
1,0.1,0.2,0,,,,fold4__t_minus_1_1800_hkt,B2_month_residual_pmf
2,0.2,0.30000000000000004,110,0.26109643042991426,0.33636363636363636,0.0752672059337221,fold4__t_minus_1_1800_hkt,B2_month_residual_pmf
3,0.30000000000000004,0.4,300,0.3465919669028945,0.37,0.023408033097105485,fold4__t_minus_1_1800_hkt,B2_month_residual_pmf
4,0.4,0.5,35,0.42750293509364407,0.42857142857142855,0.0010684934777844823,fold4__t_minus_1_1800_hkt,B2_month_residual_pmf
5,0.5,0.6000000000000001,31,0.5350640374786282,0.41935483870967744,0.11570919876895075,fold4__t_minus_1_1800_hkt,B2_month_residual_pmf
6,0.6000000000000001,0.7000000000000001,24,0.6895162680635649,0.7083333333333334,0.01881706526976845,fold4__t_minus_1_1800_hkt,B2_month_residual_pmf
7,0.7000000000000001,0.8,8,0.7461266546460874,0.75,0.003873345353912594,fold4__t_minus_1_1800_hkt,B2_month_residual_pmf
8,0.8,0.9,22,0.863767834821654,0.7272727272727273,0.1364951075489267,fold4__t_minus_1_1800_hkt,B2_month_residual_pmf
9,0.9,1.0,148,0.9872039580144992,0.9864864864864865,0.0007174715280127142,fold4__t_minus_1_1800_hkt,B2_month_residual_pmf
0,0.0,0.1,0,,,,fold4__t_minus_1_1800_hkt,B3_forecast_level_residual_pmf
1,0.1,0.2,0,,,,fold4__t_minus_1_1800_hkt,B3_forecast_level_residual_pmf
2,0.2,0.30000000000000004,114,0.2979141410337145,0.30701754385964913,0.009103402825934637,fold4__t_minus_1_1800_hkt,B3_forecast_level_residual_pmf
3,0.30000000000000004,0.4,200,0.3386551004322863,0.335,0.0036551004322862846,fold4__t_minus_1_1800_hkt,B3_forecast_level_residual_pmf
4,0.4,0.5,162,0.4212299670933443,0.41358024691358025,0.0076497201797640635,fold4__t_minus_1_1800_hkt,B3_forecast_level_residual_pmf
5,0.5,0.6000000000000001,0,,,,fold4__t_minus_1_1800_hkt,B3_forecast_level_residual_pmf
6,0.6000000000000001,0.7000000000000001,33,0.649260609953928,0.696969696969697,0.047709087015769036,fold4__t_minus_1_1800_hkt,B3_forecast_level_residual_pmf
7,0.7000000000000001,0.8,4,0.7749241945280791,0.75,0.024924194528079147,fold4__t_minus_1_1800_hkt,B3_forecast_level_residual_pmf
8,0.8,0.9,0,,,,fold4__t_minus_1_1800_hkt,B3_forecast_level_residual_pmf
9,0.9,1.0,165,0.9765449466692978,0.9636363636363636,0.012908583032934184,fold4__t_minus_1_1800_hkt,B3_forecast_level_residual_pmf
0,0.0,0.1,0,,,,fold4__t_minus_1_1800_hkt,B4_hierarchical_residual_pmf
1,0.1,0.2,0,,,,fold4__t_minus_1_1800_hkt,B4_hierarchical_residual_pmf
2,0.2,0.30000000000000004,62,0.27594578568844574,0.27419354838709675,0.0017522373013489911,fold4__t_minus_1_1800_hkt,B4_hierarchical_residual_pmf
3,0.30000000000000004,0.4,291,0.35184702807263313,0.3711340206185567,0.019286992545923587,fold4__t_minus_1_1800_hkt,B4_hierarchical_residual_pmf
4,0.4,0.5,108,0.4352883630575754,0.37962962962962965,0.05565873342794575,fold4__t_minus_1_1800_hkt,B4_hierarchical_residual_pmf
5,0.5,0.6000000000000001,15,0.52596379923491,0.4,0.12596379923490997,fold4__t_minus_1_1800_hkt,B4_hierarchical_residual_pmf
6,0.6000000000000001,0.7000000000000001,24,0.6361406127683281,0.7083333333333334,0.07219272056500525,fold4__t_minus_1_1800_hkt,B4_hierarchical_residual_pmf
7,0.7000000000000001,0.8,9,0.7316245643499094,0.6666666666666666,0.06495789768324278,fold4__t_minus_1_1800_hkt,B4_hierarchical_residual_pmf
8,0.8,0.9,21,0.8716937612404048,0.7619047619047619,0.1097889993356429,fold4__t_minus_1_1800_hkt,B4_hierarchical_residual_pmf
9,0.9,1.0,148,0.9878784948499849,0.9864864864864865,0.0013920083634983982,fold4__t_minus_1_1800_hkt,B4_hierarchical_residual_pmf
0,0.0,0.1,0,,,,fold4__t_minus_1_1800_hkt,B5_kernel_analog_pmf
1,0.1,0.2,0,,,,fold4__t_minus_1_1800_hkt,B5_kernel_analog_pmf
2,0.2,0.30000000000000004,67,0.27698851930696455,0.2835820895522388,0.006593570245274238,fold4__t_minus_1_1800_hkt,B5_kernel_analog_pmf
3,0.30000000000000004,0.4,235,0.35139761070214975,0.31063829787234043,0.040759312829809324,fold4__t_minus_1_1800_hkt,B5_kernel_analog_pmf
4,0.4,0.5,171,0.4332951535101333,0.40350877192982454,0.029786381580308774,fold4__t_minus_1_1800_hkt,B5_kernel_analog_pmf
5,0.5,0.6000000000000001,9,0.565792826583652,0.8888888888888888,0.3230960623052368,fold4__t_minus_1_1800_hkt,B5_kernel_analog_pmf
6,0.6000000000000001,0.7000000000000001,20,0.6391790864395668,0.6,0.0391790864395668,fold4__t_minus_1_1800_hkt,B5_kernel_analog_pmf
7,0.7000000000000001,0.8,8,0.7545891208773334,0.625,0.12958912087733343,fold4__t_minus_1_1800_hkt,B5_kernel_analog_pmf
8,0.8,0.9,16,0.8583990722778658,0.875,0.016600927722134173,fold4__t_minus_1_1800_hkt,B5_kernel_analog_pmf
9,0.9,1.0,152,0.9848345703401664,0.9736842105263158,0.011150359813850597,fold4__t_minus_1_1800_hkt,B5_kernel_analog_pmf
0,0.0,0.1,0,,,,fold4__t_minus_1_1800_hkt,B6_month_climatology_diagnostic
1,0.1,0.2,117,0.1895690743646058,0.08547008547008547,0.10409898889452032,fold4__t_minus_1_1800_hkt,B6_month_climatology_diagnostic
2,0.2,0.30000000000000004,239,0.23954088498616238,0.20502092050209206,0.034519964484070326,fold4__t_minus_1_1800_hkt,B6_month_climatology_diagnostic
3,0.30000000000000004,0.4,59,0.3982445027599312,0.3389830508474576,0.05926145191247356,fold4__t_minus_1_1800_hkt,B6_month_climatology_diagnostic
4,0.4,0.5,0,,,,fold4__t_minus_1_1800_hkt,B6_month_climatology_diagnostic
5,0.5,0.6000000000000001,50,0.5135368352928487,0.22,0.2935368352928487,fold4__t_minus_1_1800_hkt,B6_month_climatology_diagnostic
6,0.6000000000000001,0.7000000000000001,0,,,,fold4__t_minus_1_1800_hkt,B6_month_climatology_diagnostic
7,0.7000000000000001,0.8,61,0.7764246979354964,0.5409836065573771,0.2354410913781193,fold4__t_minus_1_1800_hkt,B6_month_climatology_diagnostic
8,0.8,0.9,0,,,,fold4__t_minus_1_1800_hkt,B6_month_climatology_diagnostic
9,0.9,1.0,152,0.951207706680905,0.9013157894736842,0.04989191720722086,fold4__t_minus_1_1800_hkt,B6_month_climatology_diagnostic
0,0.0,0.1,0,,,,fold4__t_minus_1_1800_hkt,P1_normal_mos
1,0.1,0.2,0,,,,fold4__t_minus_1_1800_hkt,P1_normal_mos
2,0.2,0.30000000000000004,389,0.2918386749974102,0.3496143958868895,0.0577757208894793,fold4__t_minus_1_1800_hkt,P1_normal_mos
3,0.30000000000000004,0.4,19,0.30184767697883236,0.42105263157894735,0.11920495460011499,fold4__t_minus_1_1800_hkt,P1_normal_mos
4,0.4,0.5,68,0.4645436481503964,0.4264705882352941,0.03807305991510229,fold4__t_minus_1_1800_hkt,P1_normal_mos
5,0.5,0.6000000000000001,0,,,,fold4__t_minus_1_1800_hkt,P1_normal_mos
6,0.6000000000000001,0.7000000000000001,1,0.6988585511205745,0.0,0.6988585511205745,fold4__t_minus_1_1800_hkt,P1_normal_mos
7,0.7000000000000001,0.8,36,0.743063326875463,0.7222222222222222,0.02084110465324074,fold4__t_minus_1_1800_hkt,P1_normal_mos
8,0.8,0.9,1,0.8976227928775918,1.0,0.10237720712240816,fold4__t_minus_1_1800_hkt,P1_normal_mos
9,0.9,1.0,164,0.9834899285589251,0.9634146341463414,0.02007529441258371,fold4__t_minus_1_1800_hkt,P1_normal_mos
0,0.0,0.1,0,,,,fold4__t_minus_1_1800_hkt,P2_student_t_mos
1,0.1,0.2,0,,,,fold4__t_minus_1_1800_hkt,P2_student_t_mos
2,0.2,0.30000000000000004,408,0.28478516350275285,0.35294117647058826,0.06815601296783541,fold4__t_minus_1_1800_hkt,P2_student_t_mos
3,0.30000000000000004,0.4,0,,,,fold4__t_minus_1_1800_hkt,P2_student_t_mos
4,0.4,0.5,68,0.4652814337005739,0.4264705882352941,0.0388108454652798,fold4__t_minus_1_1800_hkt,P2_student_t_mos
5,0.5,0.6000000000000001,0,,,,fold4__t_minus_1_1800_hkt,P2_student_t_mos
6,0.6000000000000001,0.7000000000000001,1,0.6941176269749674,0.0,0.6941176269749674,fold4__t_minus_1_1800_hkt,P2_student_t_mos
7,0.7000000000000001,0.8,36,0.736901554589259,0.7222222222222222,0.01467933236703678,fold4__t_minus_1_1800_hkt,P2_student_t_mos
8,0.8,0.9,2,0.8927870480204922,1.0,0.10721295197950775,fold4__t_minus_1_1800_hkt,P2_student_t_mos
9,0.9,1.0,163,0.9781569184925175,0.9631901840490797,0.014966734443437768,fold4__t_minus_1_1800_hkt,P2_student_t_mos
0,0.0,0.1,0,,,,fold4__t_minus_1_1800_hkt,C1_multinomial_ridge
1,0.1,0.2,0,,,,fold4__t_minus_1_1800_hkt,C1_multinomial_ridge
2,0.2,0.30000000000000004,147,0.279996881846971,0.24489795918367346,0.03509892266329756,fold4__t_minus_1_1800_hkt,C1_multinomial_ridge
3,0.30000000000000004,0.4,238,0.34214387722430767,0.3697478991596639,0.027604021935356216,fold4__t_minus_1_1800_hkt,C1_multinomial_ridge
4,0.4,0.5,87,0.44169701798159655,0.4367816091954023,0.004915408786194231,fold4__t_minus_1_1800_hkt,C1_multinomial_ridge
5,0.5,0.6000000000000001,7,0.5111028548915326,0.42857142857142855,0.08253142632010407,fold4__t_minus_1_1800_hkt,C1_multinomial_ridge
6,0.6000000000000001,0.7000000000000001,0,,,,fold4__t_minus_1_1800_hkt,C1_multinomial_ridge
7,0.7000000000000001,0.8,34,0.7414394029265828,0.6764705882352942,0.06496881469128868,fold4__t_minus_1_1800_hkt,C1_multinomial_ridge
8,0.8,0.9,25,0.8842238734692071,0.88,0.004223873469207051,fold4__t_minus_1_1800_hkt,C1_multinomial_ridge
9,0.9,1.0,140,0.9779641422061074,0.9785714285714285,0.0006072863653211469,fold4__t_minus_1_1800_hkt,C1_multinomial_ridge
0,0.0,0.1,0,,,,fold4__t_minus_1_1800_hkt,C2_ordinal_cdf_logistic
1,0.1,0.2,0,,,,fold4__t_minus_1_1800_hkt,C2_ordinal_cdf_logistic
2,0.2,0.30000000000000004,81,0.2832429074310448,0.3333333333333333,0.050090425902288516,fold4__t_minus_1_1800_hkt,C2_ordinal_cdf_logistic
3,0.30000000000000004,0.4,280,0.34197044110063923,0.30714285714285716,0.03482758395778207,fold4__t_minus_1_1800_hkt,C2_ordinal_cdf_logistic
4,0.4,0.5,113,0.4450281773251091,0.46017699115044247,0.015148813825333396,fold4__t_minus_1_1800_hkt,C2_ordinal_cdf_logistic
5,0.5,0.6000000000000001,6,0.5189169267834293,0.6666666666666666,0.14774973988323736,fold4__t_minus_1_1800_hkt,C2_ordinal_cdf_logistic
6,0.6000000000000001,0.7000000000000001,14,0.6772441893071482,0.5,0.17724418930714825,fold4__t_minus_1_1800_hkt,C2_ordinal_cdf_logistic
7,0.7000000000000001,0.8,19,0.7285584226252988,0.8421052631578947,0.1135468405325959,fold4__t_minus_1_1800_hkt,C2_ordinal_cdf_logistic
8,0.8,0.9,27,0.8843659805497248,0.8518518518518519,0.03251412869787296,fold4__t_minus_1_1800_hkt,C2_ordinal_cdf_logistic
9,0.9,1.0,138,0.9815117606927282,0.9855072463768116,0.003995485684083477,fold4__t_minus_1_1800_hkt,C2_ordinal_cdf_logistic
0,0.0,0.1,0,,,,fold4__t_minus_1_1800_hkt,K0_B4_identity
1,0.1,0.2,0,,,,fold4__t_minus_1_1800_hkt,K0_B4_identity
2,0.2,0.30000000000000004,62,0.27594578568844574,0.27419354838709675,0.0017522373013489911,fold4__t_minus_1_1800_hkt,K0_B4_identity
3,0.30000000000000004,0.4,291,0.35184702807263313,0.3711340206185567,0.019286992545923587,fold4__t_minus_1_1800_hkt,K0_B4_identity
4,0.4,0.5,108,0.4352883630575754,0.37962962962962965,0.05565873342794575,fold4__t_minus_1_1800_hkt,K0_B4_identity
5,0.5,0.6000000000000001,15,0.52596379923491,0.4,0.12596379923490997,fold4__t_minus_1_1800_hkt,K0_B4_identity
6,0.6000000000000001,0.7000000000000001,24,0.6361406127683281,0.7083333333333334,0.07219272056500525,fold4__t_minus_1_1800_hkt,K0_B4_identity
7,0.7000000000000001,0.8,9,0.7316245643499094,0.6666666666666666,0.06495789768324278,fold4__t_minus_1_1800_hkt,K0_B4_identity
8,0.8,0.9,21,0.8716937612404048,0.7619047619047619,0.1097889993356429,fold4__t_minus_1_1800_hkt,K0_B4_identity
9,0.9,1.0,148,0.9878784948499849,0.9864864864864865,0.0013920083634983982,fold4__t_minus_1_1800_hkt,K0_B4_identity
0,0.0,0.1,0,,,,fold4__t_minus_1_1800_hkt,K1_B4_power_calibrated
1,0.1,0.2,0,,,,fold4__t_minus_1_1800_hkt,K1_B4_power_calibrated
2,0.2,0.30000000000000004,80,0.2753822125401214,0.275,0.00038221254012138495,fold4__t_minus_1_1800_hkt,K1_B4_power_calibrated
3,0.30000000000000004,0.4,273,0.3466626677750475,0.3772893772893773,0.030626709514329775,fold4__t_minus_1_1800_hkt,K1_B4_power_calibrated
4,0.4,0.5,113,0.42864576120870956,0.3805309734513274,0.04811478775738215,fold4__t_minus_1_1800_hkt,K1_B4_power_calibrated
5,0.5,0.6000000000000001,10,0.5188665077091524,0.4,0.11886650770915241,fold4__t_minus_1_1800_hkt,K1_B4_power_calibrated
6,0.6000000000000001,0.7000000000000001,29,0.6311682364112999,0.7241379310344828,0.09296969462318283,fold4__t_minus_1_1800_hkt,K1_B4_power_calibrated
7,0.7000000000000001,0.8,4,0.7385407987632936,0.5,0.2385407987632936,fold4__t_minus_1_1800_hkt,K1_B4_power_calibrated
8,0.8,0.9,21,0.8556249935764338,0.7619047619047619,0.09372023167167198,fold4__t_minus_1_1800_hkt,K1_B4_power_calibrated
9,0.9,1.0,148,0.9855215273251406,0.9864864864864865,0.0009649591613458686,fold4__t_minus_1_1800_hkt,K1_B4_power_calibrated
0,0.0,0.1,0,,,,fold4__t_minus_1_1800_hkt,K2_B4_monotone_cdf_projected
1,0.1,0.2,0,,,,fold4__t_minus_1_1800_hkt,K2_B4_monotone_cdf_projected
2,0.2,0.30000000000000004,62,0.2759457856884457,0.27419354838709675,0.0017522373013489356,fold4__t_minus_1_1800_hkt,K2_B4_monotone_cdf_projected
3,0.30000000000000004,0.4,291,0.3518470280726331,0.3711340206185567,0.019286992545923642,fold4__t_minus_1_1800_hkt,K2_B4_monotone_cdf_projected
4,0.4,0.5,108,0.4352883630575754,0.37962962962962965,0.05565873342794575,fold4__t_minus_1_1800_hkt,K2_B4_monotone_cdf_projected
5,0.5,0.6000000000000001,15,0.52596379923491,0.4,0.12596379923490997,fold4__t_minus_1_1800_hkt,K2_B4_monotone_cdf_projected
6,0.6000000000000001,0.7000000000000001,24,0.6361406127683281,0.7083333333333334,0.07219272056500525,fold4__t_minus_1_1800_hkt,K2_B4_monotone_cdf_projected
7,0.7000000000000001,0.8,9,0.7316245643499093,0.6666666666666666,0.06495789768324267,fold4__t_minus_1_1800_hkt,K2_B4_monotone_cdf_projected
8,0.8,0.9,21,0.8716937612404045,0.7619047619047619,0.10978899933564268,fold4__t_minus_1_1800_hkt,K2_B4_monotone_cdf_projected
9,0.9,1.0,148,0.9878784948499846,0.9864864864864865,0.0013920083634980651,fold4__t_minus_1_1800_hkt,K2_B4_monotone_cdf_projected
0,0.0,0.1,0,,,,fold4__t_minus_1_1800_hkt,S1_conservative_simplex_stack
1,0.1,0.2,0,,,,fold4__t_minus_1_1800_hkt,S1_conservative_simplex_stack
2,0.2,0.30000000000000004,69,0.27820129003610256,0.2898550724637681,0.011653782427665571,fold4__t_minus_1_1800_hkt,S1_conservative_simplex_stack
3,0.30000000000000004,0.4,288,0.3479677232169515,0.3506944444444444,0.002726721227492901,fold4__t_minus_1_1800_hkt,S1_conservative_simplex_stack
4,0.4,0.5,104,0.4287165143043839,0.38461538461538464,0.04410112968899926,fold4__t_minus_1_1800_hkt,S1_conservative_simplex_stack
5,0.5,0.6000000000000001,15,0.5151093549113424,0.4,0.11510935491134233,fold4__t_minus_1_1800_hkt,S1_conservative_simplex_stack
6,0.6000000000000001,0.7000000000000001,24,0.6486682234412576,0.7083333333333334,0.05966510989207574,fold4__t_minus_1_1800_hkt,S1_conservative_simplex_stack
7,0.7000000000000001,0.8,9,0.7300516002369091,0.6666666666666666,0.06338493357024244,fold4__t_minus_1_1800_hkt,S1_conservative_simplex_stack
8,0.8,0.9,21,0.8722400990191846,0.7619047619047619,0.11033533711442278,fold4__t_minus_1_1800_hkt,S1_conservative_simplex_stack
9,0.9,1.0,148,0.9874483842282404,0.9864864864864865,0.0009618977417539254,fold4__t_minus_1_1800_hkt,S1_conservative_simplex_stack
0,0.0,0.1,0,,,,fold4__t_minus_1_1800_hkt,E1_normal_emos
1,0.1,0.2,0,,,,fold4__t_minus_1_1800_hkt,E1_normal_emos
2,0.2,0.30000000000000004,0,,,,fold4__t_minus_1_1800_hkt,E1_normal_emos
3,0.30000000000000004,0.4,213,0.37566328119319375,0.3286384976525822,0.04702478354061157,fold4__t_minus_1_1800_hkt,E1_normal_emos
4,0.4,0.5,263,0.4384267229294163,0.3916349809885932,0.04679174194082314,fold4__t_minus_1_1800_hkt,E1_normal_emos
5,0.5,0.6000000000000001,0,,,,fold4__t_minus_1_1800_hkt,E1_normal_emos
6,0.6000000000000001,0.7000000000000001,0,,,,fold4__t_minus_1_1800_hkt,E1_normal_emos
7,0.7000000000000001,0.8,14,0.7770526502038401,0.5,0.27705265020384007,fold4__t_minus_1_1800_hkt,E1_normal_emos
8,0.8,0.9,22,0.839416881880799,0.8636363636363636,0.024219481755564654,fold4__t_minus_1_1800_hkt,E1_normal_emos
9,0.9,1.0,166,0.994683638428961,0.9578313253012049,0.036852313127756164,fold4__t_minus_1_1800_hkt,E1_normal_emos
0,0.0,0.1,0,,,,fold4__t_minus_1_1800_hkt,E2_student_t_emos
1,0.1,0.2,0,,,,fold4__t_minus_1_1800_hkt,E2_student_t_emos
2,0.2,0.30000000000000004,0,,,,fold4__t_minus_1_1800_hkt,E2_student_t_emos
3,0.30000000000000004,0.4,360,0.35288389448459806,0.3416666666666667,0.011217227817931386,fold4__t_minus_1_1800_hkt,E2_student_t_emos
4,0.4,0.5,116,0.43555282041790966,0.43103448275862066,0.004518337659288996,fold4__t_minus_1_1800_hkt,E2_student_t_emos
5,0.5,0.6000000000000001,0,,,,fold4__t_minus_1_1800_hkt,E2_student_t_emos
6,0.6000000000000001,0.7000000000000001,0,,,,fold4__t_minus_1_1800_hkt,E2_student_t_emos
7,0.7000000000000001,0.8,22,0.7615535203388883,0.6363636363636364,0.125189883975252,fold4__t_minus_1_1800_hkt,E2_student_t_emos
8,0.8,0.9,17,0.8260290678372422,0.8235294117647058,0.002499656072536327,fold4__t_minus_1_1800_hkt,E2_student_t_emos
9,0.9,1.0,163,0.9766860196107277,0.9631901840490797,0.013495835561647906,fold4__t_minus_1_1800_hkt,E2_student_t_emos
0,0.0,0.1,0,,,,fold4__t_minus_1_1800_hkt,E3_two_piece_normal_emos
1,0.1,0.2,0,,,,fold4__t_minus_1_1800_hkt,E3_two_piece_normal_emos
2,0.2,0.30000000000000004,0,,,,fold4__t_minus_1_1800_hkt,E3_two_piece_normal_emos
3,0.30000000000000004,0.4,0,,,,fold4__t_minus_1_1800_hkt,E3_two_piece_normal_emos
4,0.4,0.5,366,0.45335878090426757,0.32786885245901637,0.1254899284452512,fold4__t_minus_1_1800_hkt,E3_two_piece_normal_emos
5,0.5,0.6000000000000001,109,0.523282259461747,0.41284403669724773,0.11043822276449927,fold4__t_minus_1_1800_hkt,E3_two_piece_normal_emos
6,0.6000000000000001,0.7000000000000001,1,0.6028560403659212,0.0,0.6028560403659212,fold4__t_minus_1_1800_hkt,E3_two_piece_normal_emos
7,0.7000000000000001,0.8,0,,,,fold4__t_minus_1_1800_hkt,E3_two_piece_normal_emos
8,0.8,0.9,23,0.8554065698935185,0.6521739130434783,0.20323265685004022,fold4__t_minus_1_1800_hkt,E3_two_piece_normal_emos
9,0.9,1.0,179,0.9923252940419384,0.9497206703910615,0.042604623650876916,fold4__t_minus_1_1800_hkt,E3_two_piece_normal_emos
0,0.0,0.1,0,,,,fold4__t_minus_1_1800_hkt,G1_gamlss_tree_location_scale
1,0.1,0.2,0,,,,fold4__t_minus_1_1800_hkt,G1_gamlss_tree_location_scale
2,0.2,0.30000000000000004,0,,,,fold4__t_minus_1_1800_hkt,G1_gamlss_tree_location_scale
3,0.30000000000000004,0.4,57,0.38825484830142065,0.2982456140350877,0.09000923426633295,fold4__t_minus_1_1800_hkt,G1_gamlss_tree_location_scale
4,0.4,0.5,412,0.45675211017922185,0.38349514563106796,0.07325696454815389,fold4__t_minus_1_1800_hkt,G1_gamlss_tree_location_scale
5,0.5,0.6000000000000001,7,0.5293901980346021,0.42857142857142855,0.10081876946317353,fold4__t_minus_1_1800_hkt,G1_gamlss_tree_location_scale
6,0.6000000000000001,0.7000000000000001,0,,,,fold4__t_minus_1_1800_hkt,G1_gamlss_tree_location_scale
7,0.7000000000000001,0.8,24,0.7842002437020615,0.6666666666666666,0.11753357703539491,fold4__t_minus_1_1800_hkt,G1_gamlss_tree_location_scale
8,0.8,0.9,10,0.8399409519894491,0.7,0.1399409519894491,fold4__t_minus_1_1800_hkt,G1_gamlss_tree_location_scale
9,0.9,1.0,168,0.9950879675639274,0.9642857142857143,0.030802253278213065,fold4__t_minus_1_1800_hkt,G1_gamlss_tree_location_scale
0,0.0,0.1,0,,,,fold4__t_minus_1_1800_hkt,Q1_quantile_cdf_gb
1,0.1,0.2,106,0.17262917935311228,0.330188679245283,0.15755949989217072,fold4__t_minus_1_1800_hkt,Q1_quantile_cdf_gb
2,0.2,0.30000000000000004,315,0.2515339836381436,0.2634920634920635,0.01195807985391989,fold4__t_minus_1_1800_hkt,Q1_quantile_cdf_gb
3,0.30000000000000004,0.4,28,0.35634248933941637,0.5,0.14365751066058363,fold4__t_minus_1_1800_hkt,Q1_quantile_cdf_gb
4,0.4,0.5,31,0.441571471942093,0.3870967741935484,0.05447469774854463,fold4__t_minus_1_1800_hkt,Q1_quantile_cdf_gb
5,0.5,0.6000000000000001,33,0.5525756641974751,0.696969696969697,0.14439403277222196,fold4__t_minus_1_1800_hkt,Q1_quantile_cdf_gb
6,0.6000000000000001,0.7000000000000001,2,0.695935151451382,1.0,0.30406484854861804,fold4__t_minus_1_1800_hkt,Q1_quantile_cdf_gb
7,0.7000000000000001,0.8,163,0.7671896025639852,0.9631901840490797,0.19600058148509458,fold4__t_minus_1_1800_hkt,Q1_quantile_cdf_gb
8,0.8,0.9,0,,,,fold4__t_minus_1_1800_hkt,Q1_quantile_cdf_gb
9,0.9,1.0,0,,,,fold4__t_minus_1_1800_hkt,Q1_quantile_cdf_gb
0,0.0,0.1,0,,,,fold4__t_minus_1_1800_hkt,Q2_threshold_cdf_gb
1,0.1,0.2,0,,,,fold4__t_minus_1_1800_hkt,Q2_threshold_cdf_gb
2,0.2,0.30000000000000004,148,0.288351129555274,0.27702702702702703,0.011324102528246949,fold4__t_minus_1_1800_hkt,Q2_threshold_cdf_gb
3,0.30000000000000004,0.4,281,0.34604864435863486,0.40569395017793597,0.05964530581930111,fold4__t_minus_1_1800_hkt,Q2_threshold_cdf_gb
4,0.4,0.5,51,0.44524746007342797,0.43137254901960786,0.013874911053820105,fold4__t_minus_1_1800_hkt,Q2_threshold_cdf_gb
5,0.5,0.6000000000000001,6,0.5705894997310069,0.5,0.07058949973100692,fold4__t_minus_1_1800_hkt,Q2_threshold_cdf_gb
6,0.6000000000000001,0.7000000000000001,24,0.6320607308089421,0.7083333333333334,0.07627260252439128,fold4__t_minus_1_1800_hkt,Q2_threshold_cdf_gb
7,0.7000000000000001,0.8,3,0.7169941260529155,1.0,0.28300587394708454,fold4__t_minus_1_1800_hkt,Q2_threshold_cdf_gb
8,0.8,0.9,165,0.8770605771273563,0.9636363636363636,0.08657578650900732,fold4__t_minus_1_1800_hkt,Q2_threshold_cdf_gb
9,0.9,1.0,0,,,,fold4__t_minus_1_1800_hkt,Q2_threshold_cdf_gb
0,0.0,0.1,0,,,,fold4__t_minus_1_1800_hkt,T1_time_decay_b4
1,0.1,0.2,0,,,,fold4__t_minus_1_1800_hkt,T1_time_decay_b4
2,0.2,0.30000000000000004,48,0.28577877169488547,0.3541666666666667,0.06838789497178122,fold4__t_minus_1_1800_hkt,T1_time_decay_b4
3,0.30000000000000004,0.4,357,0.3435729583228291,0.3557422969187675,0.01216933859593844,fold4__t_minus_1_1800_hkt,T1_time_decay_b4
4,0.4,0.5,60,0.4367237293800825,0.35,0.08672372938008255,fold4__t_minus_1_1800_hkt,T1_time_decay_b4
5,0.5,0.6000000000000001,11,0.5681442525001845,0.36363636363636365,0.20450788886382087,fold4__t_minus_1_1800_hkt,T1_time_decay_b4
6,0.6000000000000001,0.7000000000000001,8,0.6568229693438343,0.75,0.09317703065616567,fold4__t_minus_1_1800_hkt,T1_time_decay_b4
7,0.7000000000000001,0.8,25,0.7495499929542955,0.72,0.0295499929542955,fold4__t_minus_1_1800_hkt,T1_time_decay_b4
8,0.8,0.9,12,0.8924546345556545,0.75,0.14245463455565455,fold4__t_minus_1_1800_hkt,T1_time_decay_b4
9,0.9,1.0,157,0.9879232837311406,0.9745222929936306,0.013400990737509999,fold4__t_minus_1_1800_hkt,T1_time_decay_b4
0,0.0,0.1,0,,,,fold4__t_minus_1_1800_hkt,H1_b4_challenger_linear_pool
1,0.1,0.2,0,,,,fold4__t_minus_1_1800_hkt,H1_b4_challenger_linear_pool
2,0.2,0.30000000000000004,20,0.27841223653960573,0.2,0.07841223653960572,fold4__t_minus_1_1800_hkt,H1_b4_challenger_linear_pool
3,0.30000000000000004,0.4,291,0.3567535513121416,0.32989690721649484,0.026856644095646753,fold4__t_minus_1_1800_hkt,H1_b4_challenger_linear_pool
4,0.4,0.5,156,0.42754874171696966,0.3974358974358974,0.03011284428107225,fold4__t_minus_1_1800_hkt,H1_b4_challenger_linear_pool
5,0.5,0.6000000000000001,9,0.5068776863721691,0.3333333333333333,0.1735443530388358,fold4__t_minus_1_1800_hkt,H1_b4_challenger_linear_pool
6,0.6000000000000001,0.7000000000000001,18,0.6896979026787667,0.6666666666666666,0.02303123601210011,fold4__t_minus_1_1800_hkt,H1_b4_challenger_linear_pool
7,0.7000000000000001,0.8,15,0.7424712727919089,0.7333333333333333,0.009137939458575661,fold4__t_minus_1_1800_hkt,H1_b4_challenger_linear_pool
8,0.8,0.9,13,0.8843702789136725,0.7692307692307693,0.11513950968290321,fold4__t_minus_1_1800_hkt,H1_b4_challenger_linear_pool
9,0.9,1.0,156,0.9881414789061693,0.9743589743589743,0.013782504547194985,fold4__t_minus_1_1800_hkt,H1_b4_challenger_linear_pool
0,0.0,0.1,0,,,,presealed_2022_2023__t_minus_1_1800_hkt,B0_climatology
1,0.1,0.2,0,,,,presealed_2022_2023__t_minus_1_1800_hkt,B0_climatology
2,0.2,0.30000000000000004,0,,,,presealed_2022_2023__t_minus_1_1800_hkt,B0_climatology
3,0.30000000000000004,0.4,663,0.3508975097191847,0.32277526395173456,0.02812224576745015,presealed_2022_2023__t_minus_1_1800_hkt,B0_climatology
4,0.4,0.5,0,,,,presealed_2022_2023__t_minus_1_1800_hkt,B0_climatology
5,0.5,0.6000000000000001,0,,,,presealed_2022_2023__t_minus_1_1800_hkt,B0_climatology
6,0.6000000000000001,0.7000000000000001,0,,,,presealed_2022_2023__t_minus_1_1800_hkt,B0_climatology
7,0.7000000000000001,0.8,0,,,,presealed_2022_2023__t_minus_1_1800_hkt,B0_climatology
8,0.8,0.9,0,,,,presealed_2022_2023__t_minus_1_1800_hkt,B0_climatology
9,0.9,1.0,0,,,,presealed_2022_2023__t_minus_1_1800_hkt,B0_climatology
0,0.0,0.1,0,,,,presealed_2022_2023__t_minus_1_1800_hkt,B1_global_residual_pmf
1,0.1,0.2,0,,,,presealed_2022_2023__t_minus_1_1800_hkt,B1_global_residual_pmf
2,0.2,0.30000000000000004,0,,,,presealed_2022_2023__t_minus_1_1800_hkt,B1_global_residual_pmf
3,0.30000000000000004,0.4,379,0.3189056069982265,0.36147757255936674,0.042571965561140235,presealed_2022_2023__t_minus_1_1800_hkt,B1_global_residual_pmf
4,0.4,0.5,25,0.4400694866738932,0.48,0.03993051332610681,presealed_2022_2023__t_minus_1_1800_hkt,B1_global_residual_pmf
5,0.5,0.6000000000000001,37,0.5599305133261052,0.5945945945945946,0.03466408126848941,presealed_2022_2023__t_minus_1_1800_hkt,B1_global_residual_pmf
6,0.6000000000000001,0.7000000000000001,0,,,,presealed_2022_2023__t_minus_1_1800_hkt,B1_global_residual_pmf
7,0.7000000000000001,0.8,35,0.7589750936721197,0.6571428571428571,0.10183223652926254,presealed_2022_2023__t_minus_1_1800_hkt,B1_global_residual_pmf
8,0.8,0.9,13,0.8310654213539709,0.8461538461538461,0.015088424799875266,presealed_2022_2023__t_minus_1_1800_hkt,B1_global_residual_pmf
9,0.9,1.0,174,0.9857386611559128,0.9942528735632183,0.008514212407305544,presealed_2022_2023__t_minus_1_1800_hkt,B1_global_residual_pmf
0,0.0,0.1,0,,,,presealed_2022_2023__t_minus_1_1800_hkt,B2_month_residual_pmf
1,0.1,0.2,0,,,,presealed_2022_2023__t_minus_1_1800_hkt,B2_month_residual_pmf
2,0.2,0.30000000000000004,108,0.2654327028606765,0.3148148148148148,0.04938211195413833,presealed_2022_2023__t_minus_1_1800_hkt,B2_month_residual_pmf
3,0.30000000000000004,0.4,274,0.34951819804725814,0.3759124087591241,0.02639421071186593,presealed_2022_2023__t_minus_1_1800_hkt,B2_month_residual_pmf
4,0.4,0.5,22,0.43547934597967175,0.45454545454545453,0.01906610856578278,presealed_2022_2023__t_minus_1_1800_hkt,B2_month_residual_pmf
5,0.5,0.6000000000000001,37,0.54755815580098,0.5945945945945946,0.04703643879361463,presealed_2022_2023__t_minus_1_1800_hkt,B2_month_residual_pmf
6,0.6000000000000001,0.7000000000000001,7,0.6877059711083476,0.7142857142857143,0.026579743177366666,presealed_2022_2023__t_minus_1_1800_hkt,B2_month_residual_pmf
7,0.7000000000000001,0.8,26,0.7394321260809047,0.6923076923076923,0.047124433773212404,presealed_2022_2023__t_minus_1_1800_hkt,B2_month_residual_pmf
8,0.8,0.9,32,0.8627801771282686,0.84375,0.0190301771282686,presealed_2022_2023__t_minus_1_1800_hkt,B2_month_residual_pmf
9,0.9,1.0,157,0.9913828960400095,1.0,0.00861710395999049,presealed_2022_2023__t_minus_1_1800_hkt,B2_month_residual_pmf
0,0.0,0.1,0,,,,presealed_2022_2023__t_minus_1_1800_hkt,B3_forecast_level_residual_pmf
1,0.1,0.2,0,,,,presealed_2022_2023__t_minus_1_1800_hkt,B3_forecast_level_residual_pmf
2,0.2,0.30000000000000004,42,0.2942502040476797,0.2857142857142857,0.00853591833339401,presealed_2022_2023__t_minus_1_1800_hkt,B3_forecast_level_residual_pmf
3,0.30000000000000004,0.4,271,0.32604704183054134,0.3284132841328413,0.0023662423022999812,presealed_2022_2023__t_minus_1_1800_hkt,B3_forecast_level_residual_pmf
4,0.4,0.5,128,0.4217562175686359,0.40625,0.015506217568635905,presealed_2022_2023__t_minus_1_1800_hkt,B3_forecast_level_residual_pmf
5,0.5,0.6000000000000001,0,,,,presealed_2022_2023__t_minus_1_1800_hkt,B3_forecast_level_residual_pmf
6,0.6000000000000001,0.7000000000000001,35,0.6543101598654029,0.6571428571428571,0.002832697277454277,presealed_2022_2023__t_minus_1_1800_hkt,B3_forecast_level_residual_pmf
7,0.7000000000000001,0.8,13,0.7714902291801475,0.8461538461538461,0.07466361697369861,presealed_2022_2023__t_minus_1_1800_hkt,B3_forecast_level_residual_pmf
8,0.8,0.9,0,,,,presealed_2022_2023__t_minus_1_1800_hkt,B3_forecast_level_residual_pmf
9,0.9,1.0,174,0.9794803090845845,0.9942528735632183,0.014772564478633843,presealed_2022_2023__t_minus_1_1800_hkt,B3_forecast_level_residual_pmf
0,0.0,0.1,0,,,,presealed_2022_2023__t_minus_1_1800_hkt,B4_hierarchical_residual_pmf
1,0.1,0.2,0,,,,presealed_2022_2023__t_minus_1_1800_hkt,B4_hierarchical_residual_pmf
2,0.2,0.30000000000000004,87,0.2668495270978388,0.28735632183908044,0.02050679474124162,presealed_2022_2023__t_minus_1_1800_hkt,B4_hierarchical_residual_pmf
3,0.30000000000000004,0.4,251,0.3518487396770598,0.35856573705179284,0.006716997374733025,presealed_2022_2023__t_minus_1_1800_hkt,B4_hierarchical_residual_pmf
4,0.4,0.5,82,0.42792779527556507,0.3780487804878049,0.04987901478776019,presealed_2022_2023__t_minus_1_1800_hkt,B4_hierarchical_residual_pmf
5,0.5,0.6000000000000001,21,0.5181612228910087,0.7142857142857143,0.19612449139470556,presealed_2022_2023__t_minus_1_1800_hkt,B4_hierarchical_residual_pmf
6,0.6000000000000001,0.7000000000000001,17,0.6519062852349594,0.6470588235294118,0.004847461705547618,presealed_2022_2023__t_minus_1_1800_hkt,B4_hierarchical_residual_pmf
7,0.7000000000000001,0.8,18,0.747813494187358,0.6666666666666666,0.08114682752069136,presealed_2022_2023__t_minus_1_1800_hkt,B4_hierarchical_residual_pmf
8,0.8,0.9,30,0.866383425582489,0.9,0.03361657441751098,presealed_2022_2023__t_minus_1_1800_hkt,B4_hierarchical_residual_pmf
9,0.9,1.0,157,0.9917650459357388,1.0,0.008234954064261224,presealed_2022_2023__t_minus_1_1800_hkt,B4_hierarchical_residual_pmf
0,0.0,0.1,0,,,,presealed_2022_2023__t_minus_1_1800_hkt,B5_kernel_analog_pmf
1,0.1,0.2,0,,,,presealed_2022_2023__t_minus_1_1800_hkt,B5_kernel_analog_pmf
2,0.2,0.30000000000000004,92,0.27131375774903743,0.2826086956521739,0.01129493790313646,presealed_2022_2023__t_minus_1_1800_hkt,B5_kernel_analog_pmf
3,0.30000000000000004,0.4,230,0.3538476700120722,0.34347826086956523,0.010369409142506947,presealed_2022_2023__t_minus_1_1800_hkt,B5_kernel_analog_pmf
4,0.4,0.5,115,0.43348880924615235,0.5130434782608696,0.07955466901471725,presealed_2022_2023__t_minus_1_1800_hkt,B5_kernel_analog_pmf
5,0.5,0.6000000000000001,8,0.559389371375049,0.625,0.06561062862495104,presealed_2022_2023__t_minus_1_1800_hkt,B5_kernel_analog_pmf
6,0.6000000000000001,0.7000000000000001,20,0.6442899643237252,0.7,0.05571003567627475,presealed_2022_2023__t_minus_1_1800_hkt,B5_kernel_analog_pmf
7,0.7000000000000001,0.8,12,0.7519612158628982,0.5833333333333334,0.16862788252956484,presealed_2022_2023__t_minus_1_1800_hkt,B5_kernel_analog_pmf
8,0.8,0.9,28,0.8416732503159616,0.8928571428571429,0.051183892541181275,presealed_2022_2023__t_minus_1_1800_hkt,B5_kernel_analog_pmf
9,0.9,1.0,158,0.9898742623458631,1.0,0.010125737654136935,presealed_2022_2023__t_minus_1_1800_hkt,B5_kernel_analog_pmf
0,0.0,0.1,0,,,,presealed_2022_2023__t_minus_1_1800_hkt,B6_month_climatology_diagnostic
1,0.1,0.2,114,0.18349678844195444,0.15789473684210525,0.025602051599849185,presealed_2022_2023__t_minus_1_1800_hkt,B6_month_climatology_diagnostic
2,0.2,0.30000000000000004,239,0.23749761215869353,0.17154811715481172,0.06594949500388181,presealed_2022_2023__t_minus_1_1800_hkt,B6_month_climatology_diagnostic
3,0.30000000000000004,0.4,53,0.3925271850216663,0.32075471698113206,0.07177246804053422,presealed_2022_2023__t_minus_1_1800_hkt,B6_month_climatology_diagnostic
4,0.4,0.5,45,0.4849576477460813,0.37777777777777777,0.10717986996830353,presealed_2022_2023__t_minus_1_1800_hkt,B6_month_climatology_diagnostic
5,0.5,0.6000000000000001,0,,,,presealed_2022_2023__t_minus_1_1800_hkt,B6_month_climatology_diagnostic
6,0.6000000000000001,0.7000000000000001,0,,,,presealed_2022_2023__t_minus_1_1800_hkt,B6_month_climatology_diagnostic
7,0.7000000000000001,0.8,56,0.7519393061120107,0.5178571428571429,0.23408216325486775,presealed_2022_2023__t_minus_1_1800_hkt,B6_month_climatology_diagnostic
8,0.8,0.9,0,,,,presealed_2022_2023__t_minus_1_1800_hkt,B6_month_climatology_diagnostic
9,0.9,1.0,156,0.9478980623739409,0.9423076923076923,0.005590370066248629,presealed_2022_2023__t_minus_1_1800_hkt,B6_month_climatology_diagnostic
0,0.0,0.1,0,,,,presealed_2022_2023__t_minus_1_1800_hkt,P1_normal_mos
1,0.1,0.2,0,,,,presealed_2022_2023__t_minus_1_1800_hkt,P1_normal_mos
2,0.2,0.30000000000000004,328,0.2925631934821836,0.34146341463414637,0.04890022115196274,presealed_2022_2023__t_minus_1_1800_hkt,P1_normal_mos
3,0.30000000000000004,0.4,51,0.3021488916057208,0.23529411764705882,0.06685477395866196,presealed_2022_2023__t_minus_1_1800_hkt,P1_normal_mos
4,0.4,0.5,60,0.4671071897182033,0.55,0.08289281028179674,presealed_2022_2023__t_minus_1_1800_hkt,P1_normal_mos
5,0.5,0.6000000000000001,2,0.5016967262618446,0.5,0.0016967262618445833,presealed_2022_2023__t_minus_1_1800_hkt,P1_normal_mos
6,0.6000000000000001,0.7000000000000001,0,,,,presealed_2022_2023__t_minus_1_1800_hkt,P1_normal_mos
7,0.7000000000000001,0.8,48,0.7427816902065983,0.7083333333333334,0.034448356873264974,presealed_2022_2023__t_minus_1_1800_hkt,P1_normal_mos
8,0.8,0.9,1,0.8850595822085566,1.0,0.11494041779144337,presealed_2022_2023__t_minus_1_1800_hkt,P1_normal_mos
9,0.9,1.0,173,0.9846081974785214,0.9942196531791907,0.009611455700669347,presealed_2022_2023__t_minus_1_1800_hkt,P1_normal_mos
0,0.0,0.1,0,,,,presealed_2022_2023__t_minus_1_1800_hkt,P2_student_t_mos
1,0.1,0.2,0,,,,presealed_2022_2023__t_minus_1_1800_hkt,P2_student_t_mos
2,0.2,0.30000000000000004,378,0.2862780448848659,0.328042328042328,0.04176428315746211,presealed_2022_2023__t_minus_1_1800_hkt,P2_student_t_mos
3,0.30000000000000004,0.4,1,0.3013631500214035,0.0,0.3013631500214035,presealed_2022_2023__t_minus_1_1800_hkt,P2_student_t_mos
4,0.4,0.5,60,0.46779318244786955,0.55,0.0822068175521305,presealed_2022_2023__t_minus_1_1800_hkt,P2_student_t_mos
5,0.5,0.6000000000000001,2,0.501661783358517,0.5,0.0016617833585169661,presealed_2022_2023__t_minus_1_1800_hkt,P2_student_t_mos
6,0.6000000000000001,0.7000000000000001,1,0.6964741877017482,0.0,0.6964741877017482,presealed_2022_2023__t_minus_1_1800_hkt,P2_student_t_mos
7,0.7000000000000001,0.8,47,0.7374695593665825,0.723404255319149,0.014065304047433558,presealed_2022_2023__t_minus_1_1800_hkt,P2_student_t_mos
8,0.8,0.9,4,0.8904871130074054,1.0,0.10951288699259465,presealed_2022_2023__t_minus_1_1800_hkt,P2_student_t_mos
9,0.9,1.0,170,0.9814942401247736,0.9941176470588236,0.012623406934049952,presealed_2022_2023__t_minus_1_1800_hkt,P2_student_t_mos
0,0.0,0.1,0,,,,presealed_2022_2023__t_minus_1_1800_hkt,C1_multinomial_ridge
1,0.1,0.2,0,,,,presealed_2022_2023__t_minus_1_1800_hkt,C1_multinomial_ridge
2,0.2,0.30000000000000004,180,0.2782096289583796,0.26666666666666666,0.011542962291712922,presealed_2022_2023__t_minus_1_1800_hkt,C1_multinomial_ridge
3,0.30000000000000004,0.4,181,0.3400390375433335,0.30386740331491713,0.03617163422841635,presealed_2022_2023__t_minus_1_1800_hkt,C1_multinomial_ridge
4,0.4,0.5,83,0.43533714942424806,0.42168674698795183,0.013650402436296227,presealed_2022_2023__t_minus_1_1800_hkt,C1_multinomial_ridge
5,0.5,0.6000000000000001,7,0.5254497326809338,0.8571428571428571,0.33169312446192334,presealed_2022_2023__t_minus_1_1800_hkt,C1_multinomial_ridge
6,0.6000000000000001,0.7000000000000001,14,0.6684260637533063,0.7857142857142857,0.11728822196097943,presealed_2022_2023__t_minus_1_1800_hkt,C1_multinomial_ridge
7,0.7000000000000001,0.8,27,0.7328757698538135,0.6296296296296297,0.10324614022418388,presealed_2022_2023__t_minus_1_1800_hkt,C1_multinomial_ridge
8,0.8,0.9,24,0.8843386349787249,0.9583333333333334,0.07399469835460848,presealed_2022_2023__t_minus_1_1800_hkt,C1_multinomial_ridge
9,0.9,1.0,147,0.985408834199943,1.0,0.014591165800057038,presealed_2022_2023__t_minus_1_1800_hkt,C1_multinomial_ridge
0,0.0,0.1,0,,,,presealed_2022_2023__t_minus_1_1800_hkt,C2_ordinal_cdf_logistic
1,0.1,0.2,0,,,,presealed_2022_2023__t_minus_1_1800_hkt,C2_ordinal_cdf_logistic
2,0.2,0.30000000000000004,111,0.2844255860134873,0.26126126126126126,0.023164324752226018,presealed_2022_2023__t_minus_1_1800_hkt,C2_ordinal_cdf_logistic
3,0.30000000000000004,0.4,255,0.34221727016159703,0.3176470588235294,0.024570211338067638,presealed_2022_2023__t_minus_1_1800_hkt,C2_ordinal_cdf_logistic
4,0.4,0.5,72,0.4406794487192525,0.4166666666666667,0.024012782052585835,presealed_2022_2023__t_minus_1_1800_hkt,C2_ordinal_cdf_logistic
5,0.5,0.6000000000000001,18,0.5461297780194847,0.3888888888888889,0.1572408891305958,presealed_2022_2023__t_minus_1_1800_hkt,C2_ordinal_cdf_logistic
6,0.6000000000000001,0.7000000000000001,21,0.6653594159529965,0.7619047619047619,0.09654534595176534,presealed_2022_2023__t_minus_1_1800_hkt,C2_ordinal_cdf_logistic
7,0.7000000000000001,0.8,15,0.7217758382684806,0.6666666666666666,0.055109171601813944,presealed_2022_2023__t_minus_1_1800_hkt,C2_ordinal_cdf_logistic
8,0.8,0.9,25,0.8709642888485802,0.96,0.08903571115141973,presealed_2022_2023__t_minus_1_1800_hkt,C2_ordinal_cdf_logistic
9,0.9,1.0,146,0.9878071211180087,1.0,0.012192878881991276,presealed_2022_2023__t_minus_1_1800_hkt,C2_ordinal_cdf_logistic
0,0.0,0.1,0,,,,presealed_2022_2023__t_minus_1_1800_hkt,K0_B4_identity
1,0.1,0.2,0,,,,presealed_2022_2023__t_minus_1_1800_hkt,K0_B4_identity
2,0.2,0.30000000000000004,87,0.2668495270978388,0.28735632183908044,0.02050679474124162,presealed_2022_2023__t_minus_1_1800_hkt,K0_B4_identity
3,0.30000000000000004,0.4,251,0.3518487396770598,0.35856573705179284,0.006716997374733025,presealed_2022_2023__t_minus_1_1800_hkt,K0_B4_identity
4,0.4,0.5,82,0.42792779527556507,0.3780487804878049,0.04987901478776019,presealed_2022_2023__t_minus_1_1800_hkt,K0_B4_identity
5,0.5,0.6000000000000001,21,0.5181612228910087,0.7142857142857143,0.19612449139470556,presealed_2022_2023__t_minus_1_1800_hkt,K0_B4_identity
6,0.6000000000000001,0.7000000000000001,17,0.6519062852349594,0.6470588235294118,0.004847461705547618,presealed_2022_2023__t_minus_1_1800_hkt,K0_B4_identity
7,0.7000000000000001,0.8,18,0.747813494187358,0.6666666666666666,0.08114682752069136,presealed_2022_2023__t_minus_1_1800_hkt,K0_B4_identity
8,0.8,0.9,30,0.866383425582489,0.9,0.03361657441751098,presealed_2022_2023__t_minus_1_1800_hkt,K0_B4_identity
9,0.9,1.0,157,0.9917650459357388,1.0,0.008234954064261224,presealed_2022_2023__t_minus_1_1800_hkt,K0_B4_identity
0,0.0,0.1,0,,,,presealed_2022_2023__t_minus_1_1800_hkt,K1_B4_power_calibrated
1,0.1,0.2,0,,,,presealed_2022_2023__t_minus_1_1800_hkt,K1_B4_power_calibrated
2,0.2,0.30000000000000004,115,0.26997028748550017,0.28695652173913044,0.016986234253630272,presealed_2022_2023__t_minus_1_1800_hkt,K1_B4_power_calibrated
3,0.30000000000000004,0.4,240,0.3523751486698196,0.35833333333333334,0.0059581846635137214,presealed_2022_2023__t_minus_1_1800_hkt,K1_B4_power_calibrated
4,0.4,0.5,81,0.43834547709107,0.4691358024691358,0.030790325378065753,presealed_2022_2023__t_minus_1_1800_hkt,K1_B4_power_calibrated
5,0.5,0.6000000000000001,9,0.5756599644998279,0.7777777777777778,0.20211781327794986,presealed_2022_2023__t_minus_1_1800_hkt,K1_B4_power_calibrated
6,0.6000000000000001,0.7000000000000001,13,0.6449213292830129,0.6153846153846154,0.029536713898397515,presealed_2022_2023__t_minus_1_1800_hkt,K1_B4_power_calibrated
7,0.7000000000000001,0.8,18,0.7300498656400538,0.6666666666666666,0.06338319897338718,presealed_2022_2023__t_minus_1_1800_hkt,K1_B4_power_calibrated
8,0.8,0.9,30,0.8502113428723734,0.9,0.04978865712762659,presealed_2022_2023__t_minus_1_1800_hkt,K1_B4_power_calibrated
9,0.9,1.0,157,0.9901564392605545,1.0,0.009843560739445478,presealed_2022_2023__t_minus_1_1800_hkt,K1_B4_power_calibrated
0,0.0,0.1,0,,,,presealed_2022_2023__t_minus_1_1800_hkt,K2_B4_monotone_cdf_projected
1,0.1,0.2,0,,,,presealed_2022_2023__t_minus_1_1800_hkt,K2_B4_monotone_cdf_projected
2,0.2,0.30000000000000004,87,0.2668495270978387,0.28735632183908044,0.02050679474124173,presealed_2022_2023__t_minus_1_1800_hkt,K2_B4_monotone_cdf_projected
3,0.30000000000000004,0.4,251,0.35184873967705993,0.35856573705179284,0.006716997374732914,presealed_2022_2023__t_minus_1_1800_hkt,K2_B4_monotone_cdf_projected
4,0.4,0.5,82,0.42792779527556507,0.3780487804878049,0.04987901478776019,presealed_2022_2023__t_minus_1_1800_hkt,K2_B4_monotone_cdf_projected
5,0.5,0.6000000000000001,21,0.5181612228910087,0.7142857142857143,0.19612449139470556,presealed_2022_2023__t_minus_1_1800_hkt,K2_B4_monotone_cdf_projected
6,0.6000000000000001,0.7000000000000001,17,0.6519062852349593,0.6470588235294118,0.004847461705547507,presealed_2022_2023__t_minus_1_1800_hkt,K2_B4_monotone_cdf_projected
7,0.7000000000000001,0.8,18,0.747813494187358,0.6666666666666666,0.08114682752069136,presealed_2022_2023__t_minus_1_1800_hkt,K2_B4_monotone_cdf_projected
8,0.8,0.9,30,0.866383425582489,0.9,0.03361657441751098,presealed_2022_2023__t_minus_1_1800_hkt,K2_B4_monotone_cdf_projected
9,0.9,1.0,157,0.9917650459357388,1.0,0.008234954064261224,presealed_2022_2023__t_minus_1_1800_hkt,K2_B4_monotone_cdf_projected
0,0.0,0.1,0,,,,presealed_2022_2023__t_minus_1_1800_hkt,S1_conservative_simplex_stack
1,0.1,0.2,0,,,,presealed_2022_2023__t_minus_1_1800_hkt,S1_conservative_simplex_stack
2,0.2,0.30000000000000004,92,0.2699453816935353,0.2717391304347826,0.0017937487412472697,presealed_2022_2023__t_minus_1_1800_hkt,S1_conservative_simplex_stack
3,0.30000000000000004,0.4,275,0.3517529326459025,0.3563636363636364,0.004610703717733866,presealed_2022_2023__t_minus_1_1800_hkt,S1_conservative_simplex_stack
4,0.4,0.5,67,0.4482869389152359,0.47761194029850745,0.029325001383271543,presealed_2022_2023__t_minus_1_1800_hkt,S1_conservative_simplex_stack
5,0.5,0.6000000000000001,7,0.5408643184482986,0.8571428571428571,0.31627853869455846,presealed_2022_2023__t_minus_1_1800_hkt,S1_conservative_simplex_stack
6,0.6000000000000001,0.7000000000000001,17,0.6627450662387144,0.6470588235294118,0.015686242709302634,presealed_2022_2023__t_minus_1_1800_hkt,S1_conservative_simplex_stack
7,0.7000000000000001,0.8,18,0.7439154372864617,0.6666666666666666,0.07724877061979507,presealed_2022_2023__t_minus_1_1800_hkt,S1_conservative_simplex_stack
8,0.8,0.9,30,0.8619266022479468,0.9,0.038073397752053206,presealed_2022_2023__t_minus_1_1800_hkt,S1_conservative_simplex_stack
9,0.9,1.0,157,0.9910491790500562,1.0,0.008950820949943816,presealed_2022_2023__t_minus_1_1800_hkt,S1_conservative_simplex_stack
0,0.0,0.1,0,,,,presealed_2022_2023__t_minus_1_1800_hkt,E1_normal_emos
1,0.1,0.2,0,,,,presealed_2022_2023__t_minus_1_1800_hkt,E1_normal_emos
2,0.2,0.30000000000000004,0,,,,presealed_2022_2023__t_minus_1_1800_hkt,E1_normal_emos
3,0.30000000000000004,0.4,195,0.37158041401621134,0.2717948717948718,0.09978554222133956,presealed_2022_2023__t_minus_1_1800_hkt,E1_normal_emos
4,0.4,0.5,244,0.43775328113298384,0.3975409836065574,0.040212297526426466,presealed_2022_2023__t_minus_1_1800_hkt,E1_normal_emos
5,0.5,0.6000000000000001,2,0.5026342904970367,0.5,0.002634290497036673,presealed_2022_2023__t_minus_1_1800_hkt,E1_normal_emos
6,0.6000000000000001,0.7000000000000001,0,,,,presealed_2022_2023__t_minus_1_1800_hkt,E1_normal_emos
7,0.7000000000000001,0.8,14,0.7834954028185189,0.6428571428571429,0.14063825996137602,presealed_2022_2023__t_minus_1_1800_hkt,E1_normal_emos
8,0.8,0.9,31,0.8482925256328235,0.7096774193548387,0.1386151062779848,presealed_2022_2023__t_minus_1_1800_hkt,E1_normal_emos
9,0.9,1.0,177,0.9935100330467714,0.9943502824858758,0.0008402494391043236,presealed_2022_2023__t_minus_1_1800_hkt,E1_normal_emos
0,0.0,0.1,0,,,,presealed_2022_2023__t_minus_1_1800_hkt,E2_student_t_emos
1,0.1,0.2,0,,,,presealed_2022_2023__t_minus_1_1800_hkt,E2_student_t_emos
2,0.2,0.30000000000000004,0,,,,presealed_2022_2023__t_minus_1_1800_hkt,E2_student_t_emos
3,0.30000000000000004,0.4,352,0.35336131064883225,0.3181818181818182,0.03517949246701407,presealed_2022_2023__t_minus_1_1800_hkt,E2_student_t_emos
4,0.4,0.5,87,0.4411024302156544,0.5402298850574713,0.0991274548418169,presealed_2022_2023__t_minus_1_1800_hkt,E2_student_t_emos
5,0.5,0.6000000000000001,2,0.5024270098452925,0.5,0.002427009845292538,presealed_2022_2023__t_minus_1_1800_hkt,E2_student_t_emos
6,0.6000000000000001,0.7000000000000001,0,,,,presealed_2022_2023__t_minus_1_1800_hkt,E2_student_t_emos
7,0.7000000000000001,0.8,26,0.7693906043670233,0.6538461538461539,0.11554445052086948,presealed_2022_2023__t_minus_1_1800_hkt,E2_student_t_emos
8,0.8,0.9,25,0.8377154470957148,0.76,0.07771544709571476,presealed_2022_2023__t_minus_1_1800_hkt,E2_student_t_emos
9,0.9,1.0,171,0.9800891549253111,1.0,0.019910845074688877,presealed_2022_2023__t_minus_1_1800_hkt,E2_student_t_emos
0,0.0,0.1,0,,,,presealed_2022_2023__t_minus_1_1800_hkt,E3_two_piece_normal_emos
1,0.1,0.2,0,,,,presealed_2022_2023__t_minus_1_1800_hkt,E3_two_piece_normal_emos
2,0.2,0.30000000000000004,0,,,,presealed_2022_2023__t_minus_1_1800_hkt,E3_two_piece_normal_emos
3,0.30000000000000004,0.4,0,,,,presealed_2022_2023__t_minus_1_1800_hkt,E3_two_piece_normal_emos
4,0.4,0.5,351,0.45508263093547835,0.3247863247863248,0.13029630614915355,presealed_2022_2023__t_minus_1_1800_hkt,E3_two_piece_normal_emos
5,0.5,0.6000000000000001,90,0.5202800397979553,0.3333333333333333,0.18694670646462203,presealed_2022_2023__t_minus_1_1800_hkt,E3_two_piece_normal_emos
6,0.6000000000000001,0.7000000000000001,0,,,,presealed_2022_2023__t_minus_1_1800_hkt,E3_two_piece_normal_emos
7,0.7000000000000001,0.8,1,0.7902358546941384,1.0,0.20976414530586163,presealed_2022_2023__t_minus_1_1800_hkt,E3_two_piece_normal_emos
8,0.8,0.9,30,0.8716222416240725,0.7,0.17162224162407258,presealed_2022_2023__t_minus_1_1800_hkt,E3_two_piece_normal_emos
9,0.9,1.0,191,0.992844620479589,0.9685863874345549,0.02425823304503405,presealed_2022_2023__t_minus_1_1800_hkt,E3_two_piece_normal_emos
0,0.0,0.1,0,,,,presealed_2022_2023__t_minus_1_1800_hkt,G1_gamlss_tree_location_scale
1,0.1,0.2,0,,,,presealed_2022_2023__t_minus_1_1800_hkt,G1_gamlss_tree_location_scale
2,0.2,0.30000000000000004,0,,,,presealed_2022_2023__t_minus_1_1800_hkt,G1_gamlss_tree_location_scale
3,0.30000000000000004,0.4,63,0.3840208979954054,0.20634920634920634,0.17767169164619906,presealed_2022_2023__t_minus_1_1800_hkt,G1_gamlss_tree_location_scale
4,0.4,0.5,356,0.4521964818415527,0.39325842696629215,0.05893805487526055,presealed_2022_2023__t_minus_1_1800_hkt,G1_gamlss_tree_location_scale
5,0.5,0.6000000000000001,22,0.5303687884358169,0.4090909090909091,0.1212778793449078,presealed_2022_2023__t_minus_1_1800_hkt,G1_gamlss_tree_location_scale
6,0.6000000000000001,0.7000000000000001,0,,,,presealed_2022_2023__t_minus_1_1800_hkt,G1_gamlss_tree_location_scale
7,0.7000000000000001,0.8,18,0.7864291259928036,0.6666666666666666,0.11976245932613694,presealed_2022_2023__t_minus_1_1800_hkt,G1_gamlss_tree_location_scale
8,0.8,0.9,23,0.8472641006063464,0.6956521739130435,0.15161192669330292,presealed_2022_2023__t_minus_1_1800_hkt,G1_gamlss_tree_location_scale
9,0.9,1.0,181,0.9937239433810453,0.988950276243094,0.004773667137951354,presealed_2022_2023__t_minus_1_1800_hkt,G1_gamlss_tree_location_scale
0,0.0,0.1,0,,,,presealed_2022_2023__t_minus_1_1800_hkt,Q1_quantile_cdf_gb
1,0.1,0.2,115,0.16940129391410433,0.5217391304347826,0.3523378365206783,presealed_2022_2023__t_minus_1_1800_hkt,Q1_quantile_cdf_gb
2,0.2,0.30000000000000004,293,0.24618899059730523,0.3447098976109215,0.0985209070136163,presealed_2022_2023__t_minus_1_1800_hkt,Q1_quantile_cdf_gb
3,0.30000000000000004,0.4,25,0.31881010505090246,0.52,0.20118989494909756,presealed_2022_2023__t_minus_1_1800_hkt,Q1_quantile_cdf_gb
4,0.4,0.5,25,0.4269870362845635,0.48,0.053012963715436456,presealed_2022_2023__t_minus_1_1800_hkt,Q1_quantile_cdf_gb
5,0.5,0.6000000000000001,35,0.5447769237883917,0.6571428571428571,0.11236593335446543,presealed_2022_2023__t_minus_1_1800_hkt,Q1_quantile_cdf_gb
6,0.6000000000000001,0.7000000000000001,8,0.6865744622439646,0.875,0.18842553775603543,presealed_2022_2023__t_minus_1_1800_hkt,Q1_quantile_cdf_gb
7,0.7000000000000001,0.8,162,0.7614241103890803,1.0,0.2385758896109197,presealed_2022_2023__t_minus_1_1800_hkt,Q1_quantile_cdf_gb
8,0.8,0.9,0,,,,presealed_2022_2023__t_minus_1_1800_hkt,Q1_quantile_cdf_gb
9,0.9,1.0,0,,,,presealed_2022_2023__t_minus_1_1800_hkt,Q1_quantile_cdf_gb
0,0.0,0.1,0,,,,presealed_2022_2023__t_minus_1_1800_hkt,Q2_threshold_cdf_gb
1,0.1,0.2,0,,,,presealed_2022_2023__t_minus_1_1800_hkt,Q2_threshold_cdf_gb
2,0.2,0.30000000000000004,135,0.27947010604929695,0.2814814814814815,0.002011375432184548,presealed_2022_2023__t_minus_1_1800_hkt,Q2_threshold_cdf_gb
3,0.30000000000000004,0.4,273,0.3446946346468943,0.358974358974359,0.01427972432746466,presealed_2022_2023__t_minus_1_1800_hkt,Q2_threshold_cdf_gb
4,0.4,0.5,39,0.417779875199467,0.46153846153846156,0.04375858633899454,presealed_2022_2023__t_minus_1_1800_hkt,Q2_threshold_cdf_gb
5,0.5,0.6000000000000001,19,0.530975493674318,0.8947368421052632,0.3637613484309452,presealed_2022_2023__t_minus_1_1800_hkt,Q2_threshold_cdf_gb
6,0.6000000000000001,0.7000000000000001,26,0.6472419459472376,0.5769230769230769,0.07031886902416074,presealed_2022_2023__t_minus_1_1800_hkt,Q2_threshold_cdf_gb
7,0.7000000000000001,0.8,1,0.7027879494236826,1.0,0.2972120505763174,presealed_2022_2023__t_minus_1_1800_hkt,Q2_threshold_cdf_gb
8,0.8,0.9,170,0.8739055413027534,0.9941176470588236,0.12021210575607011,presealed_2022_2023__t_minus_1_1800_hkt,Q2_threshold_cdf_gb
9,0.9,1.0,0,,,,presealed_2022_2023__t_minus_1_1800_hkt,Q2_threshold_cdf_gb
0,0.0,0.1,0,,,,presealed_2022_2023__t_minus_1_1800_hkt,T1_time_decay_b4
1,0.1,0.2,0,,,,presealed_2022_2023__t_minus_1_1800_hkt,T1_time_decay_b4
2,0.2,0.30000000000000004,54,0.2762836696476505,0.2962962962962963,0.02001262664864578,presealed_2022_2023__t_minus_1_1800_hkt,T1_time_decay_b4
3,0.30000000000000004,0.4,322,0.3430112892737907,0.35093167701863354,0.007920387744842827,presealed_2022_2023__t_minus_1_1800_hkt,T1_time_decay_b4
4,0.4,0.5,41,0.4412822228385022,0.4634146341463415,0.022132411307839273,presealed_2022_2023__t_minus_1_1800_hkt,T1_time_decay_b4
5,0.5,0.6000000000000001,24,0.5485212005160166,0.625,0.0764787994839834,presealed_2022_2023__t_minus_1_1800_hkt,T1_time_decay_b4
6,0.6000000000000001,0.7000000000000001,9,0.6715714271394986,0.6666666666666666,0.004904760472831948,presealed_2022_2023__t_minus_1_1800_hkt,T1_time_decay_b4
7,0.7000000000000001,0.8,29,0.7528423011418389,0.7241379310344828,0.02870437010735616,presealed_2022_2023__t_minus_1_1800_hkt,T1_time_decay_b4
8,0.8,0.9,10,0.8811837879870096,1.0,0.11881621201299042,presealed_2022_2023__t_minus_1_1800_hkt,T1_time_decay_b4
9,0.9,1.0,174,0.9846201580080806,0.9827586206896551,0.0018615373184254214,presealed_2022_2023__t_minus_1_1800_hkt,T1_time_decay_b4
0,0.0,0.1,0,,,,presealed_2022_2023__t_minus_1_1800_hkt,H1_b4_challenger_linear_pool
1,0.1,0.2,0,,,,presealed_2022_2023__t_minus_1_1800_hkt,H1_b4_challenger_linear_pool
2,0.2,0.30000000000000004,74,0.2705131089676631,0.21621621621621623,0.05429689275144689,presealed_2022_2023__t_minus_1_1800_hkt,H1_b4_challenger_linear_pool
3,0.30000000000000004,0.4,307,0.3508144379966893,0.3583061889250814,0.007491750928392105,presealed_2022_2023__t_minus_1_1800_hkt,H1_b4_challenger_linear_pool
4,0.4,0.5,37,0.4448279368280234,0.4864864864864865,0.04165854965846311,presealed_2022_2023__t_minus_1_1800_hkt,H1_b4_challenger_linear_pool
5,0.5,0.6000000000000001,21,0.5268801813525485,0.6666666666666666,0.13978648531411808,presealed_2022_2023__t_minus_1_1800_hkt,H1_b4_challenger_linear_pool
6,0.6000000000000001,0.7000000000000001,11,0.6485696009776825,0.5454545454545454,0.10311505552313704,presealed_2022_2023__t_minus_1_1800_hkt,H1_b4_challenger_linear_pool
7,0.7000000000000001,0.8,29,0.7407947951229861,0.7241379310344828,0.01665686408850331,presealed_2022_2023__t_minus_1_1800_hkt,H1_b4_challenger_linear_pool
8,0.8,0.9,27,0.8849602772233309,0.8888888888888888,0.003928611665557913,presealed_2022_2023__t_minus_1_1800_hkt,H1_b4_challenger_linear_pool
9,0.9,1.0,157,0.9922673126342773,1.0,0.007732687365722746,presealed_2022_2023__t_minus_1_1800_hkt,H1_b4_challenger_linear_pool
0,0.0,0.1,0,,,,sealed_2024_2026_05__t_minus_1_1800_hkt,B0_climatology
1,0.1,0.2,0,,,,sealed_2024_2026_05__t_minus_1_1800_hkt,B0_climatology
2,0.2,0.30000000000000004,0,,,,sealed_2024_2026_05__t_minus_1_1800_hkt,B0_climatology
3,0.30000000000000004,0.4,764,0.3484348166909546,0.3102094240837696,0.038225392607184994,sealed_2024_2026_05__t_minus_1_1800_hkt,B0_climatology
4,0.4,0.5,0,,,,sealed_2024_2026_05__t_minus_1_1800_hkt,B0_climatology
5,0.5,0.6000000000000001,0,,,,sealed_2024_2026_05__t_minus_1_1800_hkt,B0_climatology
6,0.6000000000000001,0.7000000000000001,0,,,,sealed_2024_2026_05__t_minus_1_1800_hkt,B0_climatology
7,0.7000000000000001,0.8,0,,,,sealed_2024_2026_05__t_minus_1_1800_hkt,B0_climatology
8,0.8,0.9,0,,,,sealed_2024_2026_05__t_minus_1_1800_hkt,B0_climatology
9,0.9,1.0,0,,,,sealed_2024_2026_05__t_minus_1_1800_hkt,B0_climatology
0,0.0,0.1,0,,,,sealed_2024_2026_05__t_minus_1_1800_hkt,B1_global_residual_pmf
1,0.1,0.2,0,,,,sealed_2024_2026_05__t_minus_1_1800_hkt,B1_global_residual_pmf
2,0.2,0.30000000000000004,0,,,,sealed_2024_2026_05__t_minus_1_1800_hkt,B1_global_residual_pmf
3,0.30000000000000004,0.4,453,0.3185840619761249,0.31346578366445915,0.005118278311665725,sealed_2024_2026_05__t_minus_1_1800_hkt,B1_global_residual_pmf
4,0.4,0.5,28,0.43943997016179753,0.2857142857142857,0.15372568444751183,sealed_2024_2026_05__t_minus_1_1800_hkt,B1_global_residual_pmf
5,0.5,0.6000000000000001,44,0.5605600298382014,0.4090909090909091,0.1514691207472923,sealed_2024_2026_05__t_minus_1_1800_hkt,B1_global_residual_pmf
6,0.6000000000000001,0.7000000000000001,0,,,,sealed_2024_2026_05__t_minus_1_1800_hkt,B1_global_residual_pmf
7,0.7000000000000001,0.8,33,0.758024032137922,0.696969696969697,0.061054335168225005,sealed_2024_2026_05__t_minus_1_1800_hkt,B1_global_residual_pmf
8,0.8,0.9,6,0.8309338172955946,0.8333333333333334,0.0023995160377388025,sealed_2024_2026_05__t_minus_1_1800_hkt,B1_global_residual_pmf
9,0.9,1.0,200,0.9890054034315386,0.985,0.004005403431538657,sealed_2024_2026_05__t_minus_1_1800_hkt,B1_global_residual_pmf
0,0.0,0.1,0,,,,sealed_2024_2026_05__t_minus_1_1800_hkt,B2_month_residual_pmf
1,0.1,0.2,0,,,,sealed_2024_2026_05__t_minus_1_1800_hkt,B2_month_residual_pmf
2,0.2,0.30000000000000004,184,0.2668322806182271,0.28804347826086957,0.021211197642642454,sealed_2024_2026_05__t_minus_1_1800_hkt,B2_month_residual_pmf
3,0.30000000000000004,0.4,271,0.3497301733213549,0.33210332103321033,0.01762685228814459,sealed_2024_2026_05__t_minus_1_1800_hkt,B2_month_residual_pmf
4,0.4,0.5,26,0.435234867111289,0.2692307692307692,0.16600409788051979,sealed_2024_2026_05__t_minus_1_1800_hkt,B2_month_residual_pmf
5,0.5,0.6000000000000001,44,0.5524977276586132,0.4090909090909091,0.14340681856770404,sealed_2024_2026_05__t_minus_1_1800_hkt,B2_month_residual_pmf
6,0.6000000000000001,0.7000000000000001,12,0.6771227636741338,0.4166666666666667,0.26045609700746714,sealed_2024_2026_05__t_minus_1_1800_hkt,B2_month_residual_pmf
7,0.7000000000000001,0.8,22,0.7346547643920107,0.8636363636363636,0.12898159924435293,sealed_2024_2026_05__t_minus_1_1800_hkt,B2_month_residual_pmf
8,0.8,0.9,15,0.8626994376349822,0.7333333333333333,0.12936610430164897,sealed_2024_2026_05__t_minus_1_1800_hkt,B2_month_residual_pmf
9,0.9,1.0,190,0.9918572407140019,1.0,0.008142759285998058,sealed_2024_2026_05__t_minus_1_1800_hkt,B2_month_residual_pmf
0,0.0,0.1,0,,,,sealed_2024_2026_05__t_minus_1_1800_hkt,B3_forecast_level_residual_pmf
1,0.1,0.2,0,,,,sealed_2024_2026_05__t_minus_1_1800_hkt,B3_forecast_level_residual_pmf
2,0.2,0.30000000000000004,128,0.29693363327817335,0.296875,5.863327817334785e-05,sealed_2024_2026_05__t_minus_1_1800_hkt,B3_forecast_level_residual_pmf
3,0.30000000000000004,0.4,247,0.3347584610493193,0.3360323886639676,0.0012739276146483403,sealed_2024_2026_05__t_minus_1_1800_hkt,B3_forecast_level_residual_pmf
4,0.4,0.5,150,0.43747275870611985,0.34,0.09747275870611982,sealed_2024_2026_05__t_minus_1_1800_hkt,B3_forecast_level_residual_pmf
5,0.5,0.6000000000000001,0,,,,sealed_2024_2026_05__t_minus_1_1800_hkt,B3_forecast_level_residual_pmf
6,0.6000000000000001,0.7000000000000001,33,0.6545608214919463,0.696969696969697,0.04240887547775074,sealed_2024_2026_05__t_minus_1_1800_hkt,B3_forecast_level_residual_pmf
7,0.7000000000000001,0.8,6,0.7991773069626467,0.8333333333333334,0.03415602637068671,sealed_2024_2026_05__t_minus_1_1800_hkt,B3_forecast_level_residual_pmf
8,0.8,0.9,0,,,,sealed_2024_2026_05__t_minus_1_1800_hkt,B3_forecast_level_residual_pmf
9,0.9,1.0,200,0.9839379511346519,0.985,0.0010620488653481086,sealed_2024_2026_05__t_minus_1_1800_hkt,B3_forecast_level_residual_pmf
0,0.0,0.1,0,,,,sealed_2024_2026_05__t_minus_1_1800_hkt,B4_hierarchical_residual_pmf
1,0.1,0.2,0,,,,sealed_2024_2026_05__t_minus_1_1800_hkt,B4_hierarchical_residual_pmf
2,0.2,0.30000000000000004,121,0.26689899616740403,0.24793388429752067,0.018965111869883367,sealed_2024_2026_05__t_minus_1_1800_hkt,B4_hierarchical_residual_pmf
3,0.30000000000000004,0.4,257,0.344370344611081,0.3424124513618677,0.001957893249213305,sealed_2024_2026_05__t_minus_1_1800_hkt,B4_hierarchical_residual_pmf
4,0.4,0.5,125,0.4246330588137044,0.32,0.10463305881370438,sealed_2024_2026_05__t_minus_1_1800_hkt,B4_hierarchical_residual_pmf
5,0.5,0.6000000000000001,22,0.5393138302392514,0.5454545454545454,0.006140715215294024,sealed_2024_2026_05__t_minus_1_1800_hkt,B4_hierarchical_residual_pmf
6,0.6000000000000001,0.7000000000000001,23,0.6528080561755292,0.6521739130434783,0.0006341431320509017,sealed_2024_2026_05__t_minus_1_1800_hkt,B4_hierarchical_residual_pmf
7,0.7000000000000001,0.8,12,0.7450199644981375,0.8333333333333334,0.08831336883519592,sealed_2024_2026_05__t_minus_1_1800_hkt,B4_hierarchical_residual_pmf
8,0.8,0.9,14,0.8645129609728956,0.7142857142857143,0.15022724668718135,sealed_2024_2026_05__t_minus_1_1800_hkt,B4_hierarchical_residual_pmf
9,0.9,1.0,190,0.9929000010389721,1.0,0.007099998961027865,sealed_2024_2026_05__t_minus_1_1800_hkt,B4_hierarchical_residual_pmf
0,0.0,0.1,0,,,,sealed_2024_2026_05__t_minus_1_1800_hkt,B5_kernel_analog_pmf
1,0.1,0.2,0,,,,sealed_2024_2026_05__t_minus_1_1800_hkt,B5_kernel_analog_pmf
2,0.2,0.30000000000000004,117,0.2646442866802448,0.3162393162393162,0.051595029559071415,sealed_2024_2026_05__t_minus_1_1800_hkt,B5_kernel_analog_pmf
3,0.30000000000000004,0.4,275,0.34703776004759584,0.28363636363636363,0.06340139641123221,sealed_2024_2026_05__t_minus_1_1800_hkt,B5_kernel_analog_pmf
4,0.4,0.5,123,0.4384948379374569,0.36585365853658536,0.07264117940087156,sealed_2024_2026_05__t_minus_1_1800_hkt,B5_kernel_analog_pmf
5,0.5,0.6000000000000001,11,0.5302408345686912,0.6363636363636364,0.10612280179494515,sealed_2024_2026_05__t_minus_1_1800_hkt,B5_kernel_analog_pmf
6,0.6000000000000001,0.7000000000000001,23,0.6416806935975645,0.6521739130434783,0.010493219445913748,sealed_2024_2026_05__t_minus_1_1800_hkt,B5_kernel_analog_pmf
7,0.7000000000000001,0.8,11,0.7423399507977173,0.8181818181818182,0.07584186738410092,sealed_2024_2026_05__t_minus_1_1800_hkt,B5_kernel_analog_pmf
8,0.8,0.9,11,0.8506401280995347,0.8181818181818182,0.03245830991771648,sealed_2024_2026_05__t_minus_1_1800_hkt,B5_kernel_analog_pmf
9,0.9,1.0,193,0.9903692745027254,0.9896373056994818,0.0007319688032435545,sealed_2024_2026_05__t_minus_1_1800_hkt,B5_kernel_analog_pmf
0,0.0,0.1,0,,,,sealed_2024_2026_05__t_minus_1_1800_hkt,B6_month_climatology_diagnostic
1,0.1,0.2,202,0.1825801619141011,0.12376237623762376,0.05881778567647733,sealed_2024_2026_05__t_minus_1_1800_hkt,B6_month_climatology_diagnostic
2,0.2,0.30000000000000004,176,0.2461645189418288,0.16477272727272727,0.08139179166910154,sealed_2024_2026_05__t_minus_1_1800_hkt,B6_month_climatology_diagnostic
3,0.30000000000000004,0.4,80,0.3868030998419983,0.1,0.28680309984199825,sealed_2024_2026_05__t_minus_1_1800_hkt,B6_month_climatology_diagnostic
4,0.4,0.5,48,0.47632262107241946,0.3958333333333333,0.08048928773908615,sealed_2024_2026_05__t_minus_1_1800_hkt,B6_month_climatology_diagnostic
5,0.5,0.6000000000000001,0,,,,sealed_2024_2026_05__t_minus_1_1800_hkt,B6_month_climatology_diagnostic
6,0.6000000000000001,0.7000000000000001,0,,,,sealed_2024_2026_05__t_minus_1_1800_hkt,B6_month_climatology_diagnostic
7,0.7000000000000001,0.8,79,0.7315384016808029,0.569620253164557,0.16191814851624586,sealed_2024_2026_05__t_minus_1_1800_hkt,B6_month_climatology_diagnostic
8,0.8,0.9,0,,,,sealed_2024_2026_05__t_minus_1_1800_hkt,B6_month_climatology_diagnostic
9,0.9,1.0,179,0.9474108450048316,0.888268156424581,0.059142688580250624,sealed_2024_2026_05__t_minus_1_1800_hkt,B6_month_climatology_diagnostic
0,0.0,0.1,0,,,,sealed_2024_2026_05__t_minus_1_1800_hkt,P1_normal_mos
1,0.1,0.2,0,,,,sealed_2024_2026_05__t_minus_1_1800_hkt,P1_normal_mos
2,0.2,0.30000000000000004,389,0.2932481950293995,0.31362467866323906,0.020376483633839537,sealed_2024_2026_05__t_minus_1_1800_hkt,P1_normal_mos
3,0.30000000000000004,0.4,65,0.303967775085678,0.23076923076923078,0.07319854431644723,sealed_2024_2026_05__t_minus_1_1800_hkt,P1_normal_mos
4,0.4,0.5,61,0.4720017826852825,0.3770491803278688,0.09495260235741365,sealed_2024_2026_05__t_minus_1_1800_hkt,P1_normal_mos
5,0.5,0.6000000000000001,10,0.5028394742936049,0.2,0.30283947429360486,sealed_2024_2026_05__t_minus_1_1800_hkt,P1_normal_mos
6,0.6000000000000001,0.7000000000000001,1,0.68144233392431,1.0,0.31855766607569,sealed_2024_2026_05__t_minus_1_1800_hkt,P1_normal_mos
7,0.7000000000000001,0.8,38,0.749010966201407,0.7105263157894737,0.038484650411933274,sealed_2024_2026_05__t_minus_1_1800_hkt,P1_normal_mos
8,0.8,0.9,0,,,,sealed_2024_2026_05__t_minus_1_1800_hkt,P1_normal_mos
9,0.9,1.0,200,0.9886448792753737,0.985,0.0036448792753737136,sealed_2024_2026_05__t_minus_1_1800_hkt,P1_normal_mos
0,0.0,0.1,0,,,,sealed_2024_2026_05__t_minus_1_1800_hkt,P2_student_t_mos
1,0.1,0.2,0,,,,sealed_2024_2026_05__t_minus_1_1800_hkt,P2_student_t_mos
2,0.2,0.30000000000000004,451,0.28694841906138174,0.30155210643015523,0.014603687368773488,sealed_2024_2026_05__t_minus_1_1800_hkt,P2_student_t_mos
3,0.30000000000000004,0.4,3,0.3302080530135518,0.3333333333333333,0.003125280319781487,sealed_2024_2026_05__t_minus_1_1800_hkt,P2_student_t_mos
4,0.4,0.5,61,0.47258534282184816,0.3770491803278688,0.09553616249397934,sealed_2024_2026_05__t_minus_1_1800_hkt,P2_student_t_mos
5,0.5,0.6000000000000001,10,0.5027809910108652,0.2,0.30278099101086514,sealed_2024_2026_05__t_minus_1_1800_hkt,P2_student_t_mos
6,0.6000000000000001,0.7000000000000001,1,0.6772114762233967,1.0,0.3227885237766033,sealed_2024_2026_05__t_minus_1_1800_hkt,P2_student_t_mos
7,0.7000000000000001,0.8,38,0.7426417698888264,0.7105263157894737,0.03211545409935268,sealed_2024_2026_05__t_minus_1_1800_hkt,P2_student_t_mos
8,0.8,0.9,1,0.8975951137197614,1.0,0.10240488628023858,sealed_2024_2026_05__t_minus_1_1800_hkt,P2_student_t_mos
9,0.9,1.0,199,0.9846672936022478,0.9849246231155779,0.000257329513330129,sealed_2024_2026_05__t_minus_1_1800_hkt,P2_student_t_mos
0,0.0,0.1,0,,,,sealed_2024_2026_05__t_minus_1_1800_hkt,C1_multinomial_ridge
1,0.1,0.2,0,,,,sealed_2024_2026_05__t_minus_1_1800_hkt,C1_multinomial_ridge
2,0.2,0.30000000000000004,211,0.2807351897956104,0.2796208530805687,0.001114336715041686,sealed_2024_2026_05__t_minus_1_1800_hkt,C1_multinomial_ridge
3,0.30000000000000004,0.4,236,0.34086196132758917,0.326271186440678,0.014590774886911184,sealed_2024_2026_05__t_minus_1_1800_hkt,C1_multinomial_ridge
4,0.4,0.5,77,0.437676955471938,0.33766233766233766,0.10001461780960036,sealed_2024_2026_05__t_minus_1_1800_hkt,C1_multinomial_ridge
5,0.5,0.6000000000000001,1,0.511250893200163,0.0,0.511250893200163,sealed_2024_2026_05__t_minus_1_1800_hkt,C1_multinomial_ridge
6,0.6000000000000001,0.7000000000000001,4,0.6644562826058658,0.75,0.08554371739413424,sealed_2024_2026_05__t_minus_1_1800_hkt,C1_multinomial_ridge
7,0.7000000000000001,0.8,34,0.7332145926154385,0.7058823529411765,0.027332239674262016,sealed_2024_2026_05__t_minus_1_1800_hkt,C1_multinomial_ridge
8,0.8,0.9,22,0.8839637038956109,0.8636363636363636,0.020327340259247206,sealed_2024_2026_05__t_minus_1_1800_hkt,C1_multinomial_ridge
9,0.9,1.0,179,0.9845594304910549,1.0,0.015440569508945123,sealed_2024_2026_05__t_minus_1_1800_hkt,C1_multinomial_ridge
0,0.0,0.1,0,,,,sealed_2024_2026_05__t_minus_1_1800_hkt,C2_ordinal_cdf_logistic
1,0.1,0.2,0,,,,sealed_2024_2026_05__t_minus_1_1800_hkt,C2_ordinal_cdf_logistic
2,0.2,0.30000000000000004,118,0.28564527617696867,0.2457627118644068,0.039882564312561875,sealed_2024_2026_05__t_minus_1_1800_hkt,C2_ordinal_cdf_logistic
3,0.30000000000000004,0.4,312,0.33762784763725007,0.28846153846153844,0.04916630917571163,sealed_2024_2026_05__t_minus_1_1800_hkt,C2_ordinal_cdf_logistic
4,0.4,0.5,92,0.43653936803469723,0.391304347826087,0.045235020208610255,sealed_2024_2026_05__t_minus_1_1800_hkt,C2_ordinal_cdf_logistic
5,0.5,0.6000000000000001,5,0.5410004595484242,0.4,0.14100045954842422,sealed_2024_2026_05__t_minus_1_1800_hkt,C2_ordinal_cdf_logistic
6,0.6000000000000001,0.7000000000000001,12,0.662337997641016,0.75,0.08766200235898403,sealed_2024_2026_05__t_minus_1_1800_hkt,C2_ordinal_cdf_logistic
7,0.7000000000000001,0.8,24,0.7301436769413238,0.7083333333333334,0.02181034360799039,sealed_2024_2026_05__t_minus_1_1800_hkt,C2_ordinal_cdf_logistic
8,0.8,0.9,23,0.8776202583371294,0.8695652173913043,0.008055040945825098,sealed_2024_2026_05__t_minus_1_1800_hkt,C2_ordinal_cdf_logistic
9,0.9,1.0,178,0.9868828108880966,1.0,0.013117189111903405,sealed_2024_2026_05__t_minus_1_1800_hkt,C2_ordinal_cdf_logistic
0,0.0,0.1,0,,,,sealed_2024_2026_05__t_minus_1_1800_hkt,K0_B4_identity
1,0.1,0.2,0,,,,sealed_2024_2026_05__t_minus_1_1800_hkt,K0_B4_identity
2,0.2,0.30000000000000004,121,0.26689899616740403,0.24793388429752067,0.018965111869883367,sealed_2024_2026_05__t_minus_1_1800_hkt,K0_B4_identity
3,0.30000000000000004,0.4,257,0.344370344611081,0.3424124513618677,0.001957893249213305,sealed_2024_2026_05__t_minus_1_1800_hkt,K0_B4_identity
4,0.4,0.5,125,0.4246330588137044,0.32,0.10463305881370438,sealed_2024_2026_05__t_minus_1_1800_hkt,K0_B4_identity
5,0.5,0.6000000000000001,22,0.5393138302392514,0.5454545454545454,0.006140715215294024,sealed_2024_2026_05__t_minus_1_1800_hkt,K0_B4_identity
6,0.6000000000000001,0.7000000000000001,23,0.6528080561755292,0.6521739130434783,0.0006341431320509017,sealed_2024_2026_05__t_minus_1_1800_hkt,K0_B4_identity
7,0.7000000000000001,0.8,12,0.7450199644981375,0.8333333333333334,0.08831336883519592,sealed_2024_2026_05__t_minus_1_1800_hkt,K0_B4_identity
8,0.8,0.9,14,0.8645129609728956,0.7142857142857143,0.15022724668718135,sealed_2024_2026_05__t_minus_1_1800_hkt,K0_B4_identity
9,0.9,1.0,190,0.9929000010389721,1.0,0.007099998961027865,sealed_2024_2026_05__t_minus_1_1800_hkt,K0_B4_identity
0,0.0,0.1,0,,,,sealed_2024_2026_05__t_minus_1_1800_hkt,K1_B4_power_calibrated
1,0.1,0.2,0,,,,sealed_2024_2026_05__t_minus_1_1800_hkt,K1_B4_power_calibrated
2,0.2,0.30000000000000004,134,0.26455688264841243,0.23880597014925373,0.0257509124991587,sealed_2024_2026_05__t_minus_1_1800_hkt,K1_B4_power_calibrated
3,0.30000000000000004,0.4,305,0.3497134825991373,0.3540983606557377,0.004384878056600372,sealed_2024_2026_05__t_minus_1_1800_hkt,K1_B4_power_calibrated
4,0.4,0.5,64,0.43229096096842157,0.28125,0.15104096096842157,sealed_2024_2026_05__t_minus_1_1800_hkt,K1_B4_power_calibrated
5,0.5,0.6000000000000001,22,0.5282027966928768,0.5454545454545454,0.017251748761668573,sealed_2024_2026_05__t_minus_1_1800_hkt,K1_B4_power_calibrated
6,0.6000000000000001,0.7000000000000001,23,0.6353740325516352,0.6521739130434783,0.01679988049184311,sealed_2024_2026_05__t_minus_1_1800_hkt,K1_B4_power_calibrated
7,0.7000000000000001,0.8,12,0.727909498390492,0.8333333333333334,0.10542383494284135,sealed_2024_2026_05__t_minus_1_1800_hkt,K1_B4_power_calibrated
8,0.8,0.9,14,0.848645165813686,0.7142857142857143,0.13435945152797169,sealed_2024_2026_05__t_minus_1_1800_hkt,K1_B4_power_calibrated
9,0.9,1.0,190,0.991430231807596,1.0,0.00856976819240396,sealed_2024_2026_05__t_minus_1_1800_hkt,K1_B4_power_calibrated
0,0.0,0.1,0,,,,sealed_2024_2026_05__t_minus_1_1800_hkt,K2_B4_monotone_cdf_projected
1,0.1,0.2,0,,,,sealed_2024_2026_05__t_minus_1_1800_hkt,K2_B4_monotone_cdf_projected
2,0.2,0.30000000000000004,121,0.266898996167404,0.24793388429752067,0.01896511186988331,sealed_2024_2026_05__t_minus_1_1800_hkt,K2_B4_monotone_cdf_projected
3,0.30000000000000004,0.4,257,0.344370344611081,0.3424124513618677,0.001957893249213305,sealed_2024_2026_05__t_minus_1_1800_hkt,K2_B4_monotone_cdf_projected
4,0.4,0.5,125,0.4246330588137044,0.32,0.10463305881370438,sealed_2024_2026_05__t_minus_1_1800_hkt,K2_B4_monotone_cdf_projected
5,0.5,0.6000000000000001,22,0.5393138302392514,0.5454545454545454,0.006140715215294024,sealed_2024_2026_05__t_minus_1_1800_hkt,K2_B4_monotone_cdf_projected
6,0.6000000000000001,0.7000000000000001,23,0.6528080561755292,0.6521739130434783,0.0006341431320509017,sealed_2024_2026_05__t_minus_1_1800_hkt,K2_B4_monotone_cdf_projected
7,0.7000000000000001,0.8,12,0.7450199644981371,0.8333333333333334,0.08831336883519625,sealed_2024_2026_05__t_minus_1_1800_hkt,K2_B4_monotone_cdf_projected
8,0.8,0.9,14,0.8645129609728956,0.7142857142857143,0.15022724668718135,sealed_2024_2026_05__t_minus_1_1800_hkt,K2_B4_monotone_cdf_projected
9,0.9,1.0,190,0.9929000010389719,1.0,0.007099998961028087,sealed_2024_2026_05__t_minus_1_1800_hkt,K2_B4_monotone_cdf_projected
0,0.0,0.1,0,,,,sealed_2024_2026_05__t_minus_1_1800_hkt,S1_conservative_simplex_stack
1,0.1,0.2,0,,,,sealed_2024_2026_05__t_minus_1_1800_hkt,S1_conservative_simplex_stack
2,0.2,0.30000000000000004,121,0.26853744295389553,0.24793388429752067,0.020603558656374865,sealed_2024_2026_05__t_minus_1_1800_hkt,S1_conservative_simplex_stack
3,0.30000000000000004,0.4,294,0.3459192234052126,0.35374149659863946,0.007822273193426876,sealed_2024_2026_05__t_minus_1_1800_hkt,S1_conservative_simplex_stack
4,0.4,0.5,88,0.4292080095757921,0.2727272727272727,0.15648073684851938,sealed_2024_2026_05__t_minus_1_1800_hkt,S1_conservative_simplex_stack
5,0.5,0.6000000000000001,22,0.5325137679670795,0.5454545454545454,0.012940777487465915,sealed_2024_2026_05__t_minus_1_1800_hkt,S1_conservative_simplex_stack
6,0.6000000000000001,0.7000000000000001,20,0.6573902859831158,0.6,0.057390285983115796,sealed_2024_2026_05__t_minus_1_1800_hkt,S1_conservative_simplex_stack
7,0.7000000000000001,0.8,15,0.7357220702022913,0.8666666666666667,0.1309445964643754,sealed_2024_2026_05__t_minus_1_1800_hkt,S1_conservative_simplex_stack
8,0.8,0.9,14,0.8660806340577628,0.7142857142857143,0.1517949197720485,sealed_2024_2026_05__t_minus_1_1800_hkt,S1_conservative_simplex_stack
9,0.9,1.0,190,0.9922627062915613,1.0,0.007737293708438675,sealed_2024_2026_05__t_minus_1_1800_hkt,S1_conservative_simplex_stack
0,0.0,0.1,0,,,,sealed_2024_2026_05__t_minus_1_1800_hkt,E1_normal_emos
1,0.1,0.2,0,,,,sealed_2024_2026_05__t_minus_1_1800_hkt,E1_normal_emos
2,0.2,0.30000000000000004,0,,,,sealed_2024_2026_05__t_minus_1_1800_hkt,E1_normal_emos
3,0.30000000000000004,0.4,266,0.3692887036594031,0.3007518796992481,0.06853682396015498,sealed_2024_2026_05__t_minus_1_1800_hkt,E1_normal_emos
4,0.4,0.5,249,0.4364837034669411,0.3172690763052209,0.11921462716172021,sealed_2024_2026_05__t_minus_1_1800_hkt,E1_normal_emos
5,0.5,0.6000000000000001,10,0.5046404854734585,0.2,0.3046404854734585,sealed_2024_2026_05__t_minus_1_1800_hkt,E1_normal_emos
6,0.6000000000000001,0.7000000000000001,0,,,,sealed_2024_2026_05__t_minus_1_1800_hkt,E1_normal_emos
7,0.7000000000000001,0.8,8,0.783938541437374,0.75,0.03393854143737396,sealed_2024_2026_05__t_minus_1_1800_hkt,E1_normal_emos
8,0.8,0.9,29,0.837280881575095,0.6896551724137931,0.1476257091613018,sealed_2024_2026_05__t_minus_1_1800_hkt,E1_normal_emos
9,0.9,1.0,202,0.9964218183784037,0.9851485148514851,0.011273303526918577,sealed_2024_2026_05__t_minus_1_1800_hkt,E1_normal_emos
0,0.0,0.1,0,,,,sealed_2024_2026_05__t_minus_1_1800_hkt,E2_student_t_emos
1,0.1,0.2,0,,,,sealed_2024_2026_05__t_minus_1_1800_hkt,E2_student_t_emos
2,0.2,0.30000000000000004,0,,,,sealed_2024_2026_05__t_minus_1_1800_hkt,E2_student_t_emos
3,0.30000000000000004,0.4,433,0.34862327286748274,0.302540415704388,0.04608285716309474,sealed_2024_2026_05__t_minus_1_1800_hkt,E2_student_t_emos
4,0.4,0.5,82,0.4496555593281847,0.32926829268292684,0.12038726664525784,sealed_2024_2026_05__t_minus_1_1800_hkt,E2_student_t_emos
5,0.5,0.6000000000000001,10,0.5042761715888575,0.2,0.3042761715888575,sealed_2024_2026_05__t_minus_1_1800_hkt,E2_student_t_emos
6,0.6000000000000001,0.7000000000000001,0,,,,sealed_2024_2026_05__t_minus_1_1800_hkt,E2_student_t_emos
7,0.7000000000000001,0.8,23,0.7764436146900136,0.782608695652174,0.006165080962160396,sealed_2024_2026_05__t_minus_1_1800_hkt,E2_student_t_emos
8,0.8,0.9,17,0.8259975527081275,0.6470588235294118,0.17893872917871567,sealed_2024_2026_05__t_minus_1_1800_hkt,E2_student_t_emos
9,0.9,1.0,199,0.982443219244673,0.9849246231155779,0.002481403870904897,sealed_2024_2026_05__t_minus_1_1800_hkt,E2_student_t_emos
0,0.0,0.1,0,,,,sealed_2024_2026_05__t_minus_1_1800_hkt,E3_two_piece_normal_emos
1,0.1,0.2,0,,,,sealed_2024_2026_05__t_minus_1_1800_hkt,E3_two_piece_normal_emos
2,0.2,0.30000000000000004,0,,,,sealed_2024_2026_05__t_minus_1_1800_hkt,E3_two_piece_normal_emos
3,0.30000000000000004,0.4,2,0.3984819360417087,0.5,0.10151806395829133,sealed_2024_2026_05__t_minus_1_1800_hkt,E3_two_piece_normal_emos
4,0.4,0.5,447,0.4524169616732972,0.3288590604026846,0.12355790127061261,sealed_2024_2026_05__t_minus_1_1800_hkt,E3_two_piece_normal_emos
5,0.5,0.6000000000000001,76,0.5156852429668434,0.2631578947368421,0.2525273482300013,sealed_2024_2026_05__t_minus_1_1800_hkt,E3_two_piece_normal_emos
6,0.6000000000000001,0.7000000000000001,0,,,,sealed_2024_2026_05__t_minus_1_1800_hkt,E3_two_piece_normal_emos
7,0.7000000000000001,0.8,0,,,,sealed_2024_2026_05__t_minus_1_1800_hkt,E3_two_piece_normal_emos
8,0.8,0.9,25,0.8730384089405884,0.8,0.07303840894058833,sealed_2024_2026_05__t_minus_1_1800_hkt,E3_two_piece_normal_emos
9,0.9,1.0,214,0.994257800331469,0.9579439252336449,0.03631387509782413,sealed_2024_2026_05__t_minus_1_1800_hkt,E3_two_piece_normal_emos
0,0.0,0.1,0,,,,sealed_2024_2026_05__t_minus_1_1800_hkt,G1_gamlss_tree_location_scale
1,0.1,0.2,0,,,,sealed_2024_2026_05__t_minus_1_1800_hkt,G1_gamlss_tree_location_scale
2,0.2,0.30000000000000004,0,,,,sealed_2024_2026_05__t_minus_1_1800_hkt,G1_gamlss_tree_location_scale
3,0.30000000000000004,0.4,78,0.38158681755226637,0.2564102564102564,0.12517656114200998,sealed_2024_2026_05__t_minus_1_1800_hkt,G1_gamlss_tree_location_scale
4,0.4,0.5,397,0.4439592577341179,0.33249370277078083,0.11146555496333704,sealed_2024_2026_05__t_minus_1_1800_hkt,G1_gamlss_tree_location_scale
5,0.5,0.6000000000000001,50,0.5273484822634453,0.42,0.10734848226344534,sealed_2024_2026_05__t_minus_1_1800_hkt,G1_gamlss_tree_location_scale
6,0.6000000000000001,0.7000000000000001,0,,,,sealed_2024_2026_05__t_minus_1_1800_hkt,G1_gamlss_tree_location_scale
7,0.7000000000000001,0.8,15,0.7927134785247004,0.8,0.007286521475299623,sealed_2024_2026_05__t_minus_1_1800_hkt,G1_gamlss_tree_location_scale
8,0.8,0.9,22,0.8520851838945682,0.6818181818181818,0.17026700207638645,sealed_2024_2026_05__t_minus_1_1800_hkt,G1_gamlss_tree_location_scale
9,0.9,1.0,202,0.9976282238134034,0.9801980198019802,0.017430204011423256,sealed_2024_2026_05__t_minus_1_1800_hkt,G1_gamlss_tree_location_scale
0,0.0,0.1,0,,,,sealed_2024_2026_05__t_minus_1_1800_hkt,Q1_quantile_cdf_gb
1,0.1,0.2,52,0.19678549523910577,0.46153846153846156,0.2647529662993558,sealed_2024_2026_05__t_minus_1_1800_hkt,Q1_quantile_cdf_gb
2,0.2,0.30000000000000004,427,0.2400213642784752,0.31381733021077285,0.07379596593229765,sealed_2024_2026_05__t_minus_1_1800_hkt,Q1_quantile_cdf_gb
3,0.30000000000000004,0.4,24,0.3158826397810032,0.375,0.05911736021899677,sealed_2024_2026_05__t_minus_1_1800_hkt,Q1_quantile_cdf_gb
4,0.4,0.5,28,0.4352793819767956,0.2857142857142857,0.1495650962625099,sealed_2024_2026_05__t_minus_1_1800_hkt,Q1_quantile_cdf_gb
5,0.5,0.6000000000000001,33,0.5514056140968189,0.696969696969697,0.14556408287287814,sealed_2024_2026_05__t_minus_1_1800_hkt,Q1_quantile_cdf_gb
6,0.6000000000000001,0.7000000000000001,1,0.6872753504896628,1.0,0.3127246495103372,sealed_2024_2026_05__t_minus_1_1800_hkt,Q1_quantile_cdf_gb
7,0.7000000000000001,0.8,199,0.7634852591696688,0.9849246231155779,0.22143936394590913,sealed_2024_2026_05__t_minus_1_1800_hkt,Q1_quantile_cdf_gb
8,0.8,0.9,0,,,,sealed_2024_2026_05__t_minus_1_1800_hkt,Q1_quantile_cdf_gb
9,0.9,1.0,0,,,,sealed_2024_2026_05__t_minus_1_1800_hkt,Q1_quantile_cdf_gb
0,0.0,0.1,0,,,,sealed_2024_2026_05__t_minus_1_1800_hkt,Q2_threshold_cdf_gb
1,0.1,0.2,0,,,,sealed_2024_2026_05__t_minus_1_1800_hkt,Q2_threshold_cdf_gb
2,0.2,0.30000000000000004,154,0.2777224170394136,0.2662337662337662,0.011488650805647371,sealed_2024_2026_05__t_minus_1_1800_hkt,Q2_threshold_cdf_gb
3,0.30000000000000004,0.4,289,0.336893494952027,0.33217993079584773,0.00471356415617924,sealed_2024_2026_05__t_minus_1_1800_hkt,Q2_threshold_cdf_gb
4,0.4,0.5,85,0.43400754985066164,0.43529411764705883,0.0012865677963971867,sealed_2024_2026_05__t_minus_1_1800_hkt,Q2_threshold_cdf_gb
5,0.5,0.6000000000000001,6,0.587895450898858,0.8333333333333334,0.2454378824344754,sealed_2024_2026_05__t_minus_1_1800_hkt,Q2_threshold_cdf_gb
6,0.6000000000000001,0.7000000000000001,25,0.632638422372155,0.68,0.0473615776278451,sealed_2024_2026_05__t_minus_1_1800_hkt,Q2_threshold_cdf_gb
7,0.7000000000000001,0.8,5,0.7064491305702058,0.6,0.10644913057020577,sealed_2024_2026_05__t_minus_1_1800_hkt,Q2_threshold_cdf_gb
8,0.8,0.9,200,0.8769660925671721,0.985,0.10803390743282792,sealed_2024_2026_05__t_minus_1_1800_hkt,Q2_threshold_cdf_gb
9,0.9,1.0,0,,,,sealed_2024_2026_05__t_minus_1_1800_hkt,Q2_threshold_cdf_gb
0,0.0,0.1,0,,,,sealed_2024_2026_05__t_minus_1_1800_hkt,T1_time_decay_b4
1,0.1,0.2,0,,,,sealed_2024_2026_05__t_minus_1_1800_hkt,T1_time_decay_b4
2,0.2,0.30000000000000004,23,0.29336695436392357,0.391304347826087,0.0979373934621634,sealed_2024_2026_05__t_minus_1_1800_hkt,T1_time_decay_b4
3,0.30000000000000004,0.4,430,0.33333491928118547,0.30930232558139537,0.024032593699790106,sealed_2024_2026_05__t_minus_1_1800_hkt,T1_time_decay_b4
4,0.4,0.5,28,0.4345792678626065,0.2857142857142857,0.14886498214832078,sealed_2024_2026_05__t_minus_1_1800_hkt,T1_time_decay_b4
5,0.5,0.6000000000000001,44,0.5675241972583621,0.4090909090909091,0.158433288167453,sealed_2024_2026_05__t_minus_1_1800_hkt,T1_time_decay_b4
6,0.6000000000000001,0.7000000000000001,0,,,,sealed_2024_2026_05__t_minus_1_1800_hkt,T1_time_decay_b4
7,0.7000000000000001,0.8,34,0.7430888696174954,0.7058823529411765,0.03720651667631891,sealed_2024_2026_05__t_minus_1_1800_hkt,T1_time_decay_b4
8,0.8,0.9,5,0.8437364504878986,0.8,0.04373645048789854,sealed_2024_2026_05__t_minus_1_1800_hkt,T1_time_decay_b4
9,0.9,1.0,200,0.990301708175677,0.985,0.005301708175676989,sealed_2024_2026_05__t_minus_1_1800_hkt,T1_time_decay_b4
0,0.0,0.1,0,,,,sealed_2024_2026_05__t_minus_1_1800_hkt,H1_b4_challenger_linear_pool
1,0.1,0.2,0,,,,sealed_2024_2026_05__t_minus_1_1800_hkt,H1_b4_challenger_linear_pool
2,0.2,0.30000000000000004,82,0.2751922840379068,0.2926829268292683,0.017490642791361477,sealed_2024_2026_05__t_minus_1_1800_hkt,H1_b4_challenger_linear_pool
3,0.30000000000000004,0.4,371,0.3415627154579752,0.33692722371967654,0.004635491738298636,sealed_2024_2026_05__t_minus_1_1800_hkt,H1_b4_challenger_linear_pool
4,0.4,0.5,40,0.45156413506520376,0.275,0.17656413506520374,sealed_2024_2026_05__t_minus_1_1800_hkt,H1_b4_challenger_linear_pool
5,0.5,0.6000000000000001,32,0.5479772851100265,0.46875,0.07922728511002652,sealed_2024_2026_05__t_minus_1_1800_hkt,H1_b4_challenger_linear_pool
6,0.6000000000000001,0.7000000000000001,12,0.6758774600766458,0.4166666666666667,0.25921079340997916,sealed_2024_2026_05__t_minus_1_1800_hkt,H1_b4_challenger_linear_pool
7,0.7000000000000001,0.8,22,0.7324669713689428,0.8636363636363636,0.13116939226742086,sealed_2024_2026_05__t_minus_1_1800_hkt,H1_b4_challenger_linear_pool
8,0.8,0.9,15,0.8743552929892711,0.7333333333333333,0.14102195965593778,sealed_2024_2026_05__t_minus_1_1800_hkt,H1_b4_challenger_linear_pool
9,0.9,1.0,190,0.9936125984206808,1.0,0.006387401579319163,sealed_2024_2026_05__t_minus_1_1800_hkt,H1_b4_challenger_linear_pool
0,0.0,0.1,0,,,,fold1__t_minus_1_2100_hkt,B0_climatology
1,0.1,0.2,0,,,,fold1__t_minus_1_2100_hkt,B0_climatology
2,0.2,0.30000000000000004,0,,,,fold1__t_minus_1_2100_hkt,B0_climatology
3,0.30000000000000004,0.4,991,0.3607784422249812,0.36629667003027244,0.005518227805291265,fold1__t_minus_1_2100_hkt,B0_climatology
4,0.4,0.5,0,,,,fold1__t_minus_1_2100_hkt,B0_climatology
5,0.5,0.6000000000000001,0,,,,fold1__t_minus_1_2100_hkt,B0_climatology
6,0.6000000000000001,0.7000000000000001,0,,,,fold1__t_minus_1_2100_hkt,B0_climatology
7,0.7000000000000001,0.8,0,,,,fold1__t_minus_1_2100_hkt,B0_climatology
8,0.8,0.9,0,,,,fold1__t_minus_1_2100_hkt,B0_climatology
9,0.9,1.0,0,,,,fold1__t_minus_1_2100_hkt,B0_climatology
0,0.0,0.1,0,,,,fold1__t_minus_1_2100_hkt,B1_global_residual_pmf
1,0.1,0.2,0,,,,fold1__t_minus_1_2100_hkt,B1_global_residual_pmf
2,0.2,0.30000000000000004,0,,,,fold1__t_minus_1_2100_hkt,B1_global_residual_pmf
3,0.30000000000000004,0.4,598,0.3110778248593546,0.3277591973244147,0.01668137246506013,fold1__t_minus_1_2100_hkt,B1_global_residual_pmf
4,0.4,0.5,33,0.4410179681780449,0.42424242424242425,0.01677554393562064,fold1__t_minus_1_2100_hkt,B1_global_residual_pmf
5,0.5,0.6000000000000001,6,0.558982031821955,0.16666666666666666,0.3923153651552884,fold1__t_minus_1_2100_hkt,B1_global_residual_pmf
6,0.6000000000000001,0.7000000000000001,0,,,,fold1__t_minus_1_2100_hkt,B1_global_residual_pmf
7,0.7000000000000001,0.8,39,0.7520957930373993,0.5641025641025641,0.18799322893483517,fold1__t_minus_1_2100_hkt,B1_global_residual_pmf
8,0.8,0.9,0,,,,fold1__t_minus_1_2100_hkt,B1_global_residual_pmf
9,0.9,1.0,315,0.9884915664707665,0.9873015873015873,0.0011899791691791783,fold1__t_minus_1_2100_hkt,B1_global_residual_pmf
0,0.0,0.1,0,,,,fold1__t_minus_1_2100_hkt,B2_month_residual_pmf
1,0.1,0.2,0,,,,fold1__t_minus_1_2100_hkt,B2_month_residual_pmf
2,0.2,0.30000000000000004,146,0.2707646707327729,0.2534246575342466,0.017340013198526294,fold1__t_minus_1_2100_hkt,B2_month_residual_pmf
3,0.30000000000000004,0.4,469,0.33941886863710025,0.3646055437100213,0.02518667507292105,fold1__t_minus_1_2100_hkt,B2_month_residual_pmf
4,0.4,0.5,16,0.453090313030655,0.375,0.078090313030655,fold1__t_minus_1_2100_hkt,B2_month_residual_pmf
5,0.5,0.6000000000000001,6,0.5277135063192738,0.16666666666666666,0.3610468396526072,fold1__t_minus_1_2100_hkt,B2_month_residual_pmf
6,0.6000000000000001,0.7000000000000001,24,0.6770742803452438,0.4583333333333333,0.21874094701191044,fold1__t_minus_1_2100_hkt,B2_month_residual_pmf
7,0.7000000000000001,0.8,14,0.7328077508354917,0.7857142857142857,0.05290653487879404,fold1__t_minus_1_2100_hkt,B2_month_residual_pmf
8,0.8,0.9,17,0.8550359317427308,0.8823529411764706,0.027317009433739714,fold1__t_minus_1_2100_hkt,B2_month_residual_pmf
9,0.9,1.0,299,0.9885032184533153,0.9899665551839465,0.0014633367306311484,fold1__t_minus_1_2100_hkt,B2_month_residual_pmf
0,0.0,0.1,0,,,,fold1__t_minus_1_2100_hkt,B3_forecast_level_residual_pmf
1,0.1,0.2,0,,,,fold1__t_minus_1_2100_hkt,B3_forecast_level_residual_pmf
2,0.2,0.30000000000000004,0,,,,fold1__t_minus_1_2100_hkt,B3_forecast_level_residual_pmf
3,0.30000000000000004,0.4,427,0.3257522033936171,0.28805620608899296,0.03769599730462414,fold1__t_minus_1_2100_hkt,B3_forecast_level_residual_pmf
4,0.4,0.5,204,0.4101042467626982,0.4215686274509804,0.011464380688282205,fold1__t_minus_1_2100_hkt,B3_forecast_level_residual_pmf
5,0.5,0.6000000000000001,6,0.5122226106978526,0.16666666666666666,0.34555594403118595,fold1__t_minus_1_2100_hkt,B3_forecast_level_residual_pmf
6,0.6000000000000001,0.7000000000000001,39,0.6451192260269567,0.5641025641025641,0.08101666192439261,fold1__t_minus_1_2100_hkt,B3_forecast_level_residual_pmf
7,0.7000000000000001,0.8,0,,,,fold1__t_minus_1_2100_hkt,B3_forecast_level_residual_pmf
8,0.8,0.9,0,,,,fold1__t_minus_1_2100_hkt,B3_forecast_level_residual_pmf
9,0.9,1.0,315,0.9840709222616181,0.9873015873015873,0.0032306650399692716,fold1__t_minus_1_2100_hkt,B3_forecast_level_residual_pmf
0,0.0,0.1,0,,,,fold1__t_minus_1_2100_hkt,B4_hierarchical_residual_pmf
1,0.1,0.2,0,,,,fold1__t_minus_1_2100_hkt,B4_hierarchical_residual_pmf
2,0.2,0.30000000000000004,122,0.2781153556252351,0.29508196721311475,0.016966611587879654,fold1__t_minus_1_2100_hkt,B4_hierarchical_residual_pmf
3,0.30000000000000004,0.4,434,0.34363319485897215,0.31797235023041476,0.02566084462855739,fold1__t_minus_1_2100_hkt,B4_hierarchical_residual_pmf
4,0.4,0.5,67,0.4157389687002266,0.417910447761194,0.0021714790609674295,fold1__t_minus_1_2100_hkt,B4_hierarchical_residual_pmf
5,0.5,0.6000000000000001,14,0.5250153297963318,0.35714285714285715,0.16787247265347466,fold1__t_minus_1_2100_hkt,B4_hierarchical_residual_pmf
6,0.6000000000000001,0.7000000000000001,24,0.6297900212191538,0.4583333333333333,0.17145668788582052,fold1__t_minus_1_2100_hkt,B4_hierarchical_residual_pmf
7,0.7000000000000001,0.8,14,0.7214571666765215,0.7857142857142857,0.06425711903776421,fold1__t_minus_1_2100_hkt,B4_hierarchical_residual_pmf
8,0.8,0.9,17,0.8628677225719333,0.8823529411764706,0.019485218604537224,fold1__t_minus_1_2100_hkt,B4_hierarchical_residual_pmf
9,0.9,1.0,299,0.9888222405996624,0.9899665551839465,0.0011443145842841007,fold1__t_minus_1_2100_hkt,B4_hierarchical_residual_pmf
0,0.0,0.1,0,,,,fold1__t_minus_1_2100_hkt,B5_kernel_analog_pmf
1,0.1,0.2,0,,,,fold1__t_minus_1_2100_hkt,B5_kernel_analog_pmf
2,0.2,0.30000000000000004,117,0.28044202847920896,0.1623931623931624,0.11804886608604656,fold1__t_minus_1_2100_hkt,B5_kernel_analog_pmf
3,0.30000000000000004,0.4,356,0.34610375080912,0.3258426966292135,0.02026105417990648,fold1__t_minus_1_2100_hkt,B5_kernel_analog_pmf
4,0.4,0.5,164,0.42304312245628445,0.4146341463414634,0.008408976114821054,fold1__t_minus_1_2100_hkt,B5_kernel_analog_pmf
5,0.5,0.6000000000000001,0,,,,fold1__t_minus_1_2100_hkt,B5_kernel_analog_pmf
6,0.6000000000000001,0.7000000000000001,27,0.6481978993978494,0.48148148148148145,0.166716417916368,fold1__t_minus_1_2100_hkt,B5_kernel_analog_pmf
7,0.7000000000000001,0.8,12,0.7265978168981921,0.75,0.02340218310180786,fold1__t_minus_1_2100_hkt,B5_kernel_analog_pmf
8,0.8,0.9,17,0.8580228973697378,0.8823529411764706,0.02433004380673276,fold1__t_minus_1_2100_hkt,B5_kernel_analog_pmf
9,0.9,1.0,298,0.9883838595559831,0.9932885906040269,0.004904731048043787,fold1__t_minus_1_2100_hkt,B5_kernel_analog_pmf
0,0.0,0.1,0,,,,fold1__t_minus_1_2100_hkt,B6_month_climatology_diagnostic
1,0.1,0.2,0,,,,fold1__t_minus_1_2100_hkt,B6_month_climatology_diagnostic
2,0.2,0.30000000000000004,527,0.23705804855925922,0.22960151802656548,0.007456530532693739,fold1__t_minus_1_2100_hkt,B6_month_climatology_diagnostic
3,0.30000000000000004,0.4,0,,,,fold1__t_minus_1_2100_hkt,B6_month_climatology_diagnostic
4,0.4,0.5,87,0.4514906934607147,0.3793103448275862,0.0721803486331285,fold1__t_minus_1_2100_hkt,B6_month_climatology_diagnostic
5,0.5,0.6000000000000001,75,0.5697360216171272,0.5466666666666666,0.023069354950460585,fold1__t_minus_1_2100_hkt,B6_month_climatology_diagnostic
6,0.6000000000000001,0.7000000000000001,0,,,,fold1__t_minus_1_2100_hkt,B6_month_climatology_diagnostic
7,0.7000000000000001,0.8,81,0.7736588843343436,0.7901234567901234,0.016464572455779813,fold1__t_minus_1_2100_hkt,B6_month_climatology_diagnostic
8,0.8,0.9,0,,,,fold1__t_minus_1_2100_hkt,B6_month_climatology_diagnostic
9,0.9,1.0,221,0.9565962360661472,0.9638009049773756,0.007204668911228396,fold1__t_minus_1_2100_hkt,B6_month_climatology_diagnostic
0,0.0,0.1,0,,,,fold1__t_minus_1_2100_hkt,P1_normal_mos
1,0.1,0.2,0,,,,fold1__t_minus_1_2100_hkt,P1_normal_mos
2,0.2,0.30000000000000004,544,0.29056785317770467,0.3180147058823529,0.02744685270464825,fold1__t_minus_1_2100_hkt,P1_normal_mos
3,0.30000000000000004,0.4,56,0.3050291930682873,0.21428571428571427,0.09074347878257302,fold1__t_minus_1_2100_hkt,P1_normal_mos
4,0.4,0.5,36,0.4377093989324195,0.3888888888888889,0.04882051004353061,fold1__t_minus_1_2100_hkt,P1_normal_mos
5,0.5,0.6000000000000001,1,0.5012380941259192,1.0,0.49876190587408076,fold1__t_minus_1_2100_hkt,P1_normal_mos
6,0.6000000000000001,0.7000000000000001,2,0.6874867517752007,0.5,0.1874867517752007,fold1__t_minus_1_2100_hkt,P1_normal_mos
7,0.7000000000000001,0.8,37,0.7416823355609083,0.5675675675675675,0.1741147679933408,fold1__t_minus_1_2100_hkt,P1_normal_mos
8,0.8,0.9,6,0.8971577243088577,0.8333333333333334,0.06382439097552428,fold1__t_minus_1_2100_hkt,P1_normal_mos
9,0.9,1.0,309,0.9899372902348775,0.9902912621359223,0.0003539719010448028,fold1__t_minus_1_2100_hkt,P1_normal_mos
0,0.0,0.1,0,,,,fold1__t_minus_1_2100_hkt,P2_student_t_mos
1,0.1,0.2,0,,,,fold1__t_minus_1_2100_hkt,P2_student_t_mos
2,0.2,0.30000000000000004,598,0.284187487094108,0.3093645484949833,0.025177061400875278,fold1__t_minus_1_2100_hkt,P2_student_t_mos
3,0.30000000000000004,0.4,2,0.39274106239390605,0.0,0.39274106239390605,fold1__t_minus_1_2100_hkt,P2_student_t_mos
4,0.4,0.5,36,0.4390209022326044,0.3888888888888889,0.05013201334371553,fold1__t_minus_1_2100_hkt,P2_student_t_mos
5,0.5,0.6000000000000001,1,0.5012125970687857,1.0,0.49878740293121426,fold1__t_minus_1_2100_hkt,P2_student_t_mos
6,0.6000000000000001,0.7000000000000001,3,0.6881839250688043,0.6666666666666666,0.021517258402137696,fold1__t_minus_1_2100_hkt,P2_student_t_mos
7,0.7000000000000001,0.8,36,0.7365897974917288,0.5555555555555556,0.18103424193617323,fold1__t_minus_1_2100_hkt,P2_student_t_mos
8,0.8,0.9,16,0.8905042499043516,0.875,0.015504249904351619,fold1__t_minus_1_2100_hkt,P2_student_t_mos
9,0.9,1.0,299,0.989395740992696,0.9933110367892977,0.003915295796601659,fold1__t_minus_1_2100_hkt,P2_student_t_mos
0,0.0,0.1,0,,,,fold1__t_minus_1_2100_hkt,C1_multinomial_ridge
1,0.1,0.2,0,,,,fold1__t_minus_1_2100_hkt,C1_multinomial_ridge
2,0.2,0.30000000000000004,261,0.27552337818998,0.23371647509578544,0.041806903094194575,fold1__t_minus_1_2100_hkt,C1_multinomial_ridge
3,0.30000000000000004,0.4,268,0.33650301772409724,0.3283582089552239,0.008144808768873357,fold1__t_minus_1_2100_hkt,C1_multinomial_ridge
4,0.4,0.5,86,0.44986509513515727,0.4186046511627907,0.03126044397236655,fold1__t_minus_1_2100_hkt,C1_multinomial_ridge
5,0.5,0.6000000000000001,21,0.5234186374058213,0.3333333333333333,0.19008530407248797,fold1__t_minus_1_2100_hkt,C1_multinomial_ridge
6,0.6000000000000001,0.7000000000000001,7,0.6610959586380586,0.5714285714285714,0.08966738720948719,fold1__t_minus_1_2100_hkt,C1_multinomial_ridge
7,0.7000000000000001,0.8,26,0.7499714934795497,0.5384615384615384,0.2115099550180113,fold1__t_minus_1_2100_hkt,C1_multinomial_ridge
8,0.8,0.9,32,0.8545728423674156,0.84375,0.010822842367415597,fold1__t_minus_1_2100_hkt,C1_multinomial_ridge
9,0.9,1.0,290,0.9853650401438103,0.993103448275862,0.007738408132051733,fold1__t_minus_1_2100_hkt,C1_multinomial_ridge
0,0.0,0.1,0,,,,fold1__t_minus_1_2100_hkt,C2_ordinal_cdf_logistic
1,0.1,0.2,0,,,,fold1__t_minus_1_2100_hkt,C2_ordinal_cdf_logistic
2,0.2,0.30000000000000004,216,0.279391990440329,0.25,0.029391990440328974,fold1__t_minus_1_2100_hkt,C2_ordinal_cdf_logistic
3,0.30000000000000004,0.4,320,0.3364015031122293,0.315625,0.02077650311222934,fold1__t_minus_1_2100_hkt,C2_ordinal_cdf_logistic
4,0.4,0.5,91,0.46089365236134877,0.38461538461538464,0.07627826774596413,fold1__t_minus_1_2100_hkt,C2_ordinal_cdf_logistic
5,0.5,0.6000000000000001,13,0.5337068484515655,0.46153846153846156,0.0721683869131039,fold1__t_minus_1_2100_hkt,C2_ordinal_cdf_logistic
6,0.6000000000000001,0.7000000000000001,17,0.665945225008083,0.5882352941176471,0.07770993089043587,fold1__t_minus_1_2100_hkt,C2_ordinal_cdf_logistic
7,0.7000000000000001,0.8,23,0.7600437800086943,0.5652173913043478,0.19482638870434654,fold1__t_minus_1_2100_hkt,C2_ordinal_cdf_logistic
8,0.8,0.9,26,0.8555617424165098,0.9615384615384616,0.10597671912195172,fold1__t_minus_1_2100_hkt,C2_ordinal_cdf_logistic
9,0.9,1.0,285,0.9854621845371424,0.9929824561403509,0.0075202716032084505,fold1__t_minus_1_2100_hkt,C2_ordinal_cdf_logistic
0,0.0,0.1,0,,,,fold1__t_minus_1_2100_hkt,K0_B4_identity
1,0.1,0.2,0,,,,fold1__t_minus_1_2100_hkt,K0_B4_identity
2,0.2,0.30000000000000004,122,0.2781153556252351,0.29508196721311475,0.016966611587879654,fold1__t_minus_1_2100_hkt,K0_B4_identity
3,0.30000000000000004,0.4,434,0.34363319485897215,0.31797235023041476,0.02566084462855739,fold1__t_minus_1_2100_hkt,K0_B4_identity
4,0.4,0.5,67,0.4157389687002266,0.417910447761194,0.0021714790609674295,fold1__t_minus_1_2100_hkt,K0_B4_identity
5,0.5,0.6000000000000001,14,0.5250153297963318,0.35714285714285715,0.16787247265347466,fold1__t_minus_1_2100_hkt,K0_B4_identity
6,0.6000000000000001,0.7000000000000001,24,0.6297900212191538,0.4583333333333333,0.17145668788582052,fold1__t_minus_1_2100_hkt,K0_B4_identity
7,0.7000000000000001,0.8,14,0.7214571666765215,0.7857142857142857,0.06425711903776421,fold1__t_minus_1_2100_hkt,K0_B4_identity
8,0.8,0.9,17,0.8628677225719333,0.8823529411764706,0.019485218604537224,fold1__t_minus_1_2100_hkt,K0_B4_identity
9,0.9,1.0,299,0.9888222405996624,0.9899665551839465,0.0011443145842841007,fold1__t_minus_1_2100_hkt,K0_B4_identity
0,0.0,0.1,0,,,,fold1__t_minus_1_2100_hkt,K1_B4_power_calibrated
1,0.1,0.2,0,,,,fold1__t_minus_1_2100_hkt,K1_B4_power_calibrated
2,0.2,0.30000000000000004,162,0.2781451160043127,0.30864197530864196,0.03049685930432927,fold1__t_minus_1_2100_hkt,K1_B4_power_calibrated
3,0.30000000000000004,0.4,445,0.34663237746929804,0.32808988764044944,0.018542489828848596,fold1__t_minus_1_2100_hkt,K1_B4_power_calibrated
4,0.4,0.5,20,0.4421904548184045,0.35,0.09219045481840454,fold1__t_minus_1_2100_hkt,K1_B4_power_calibrated
5,0.5,0.6000000000000001,10,0.5139660731798046,0.4,0.11396607317980456,fold1__t_minus_1_2100_hkt,K1_B4_power_calibrated
6,0.6000000000000001,0.7000000000000001,34,0.6362103642093105,0.5588235294117647,0.07738683479754582,fold1__t_minus_1_2100_hkt,K1_B4_power_calibrated
7,0.7000000000000001,0.8,4,0.7229315127657091,0.75,0.027068487234290894,fold1__t_minus_1_2100_hkt,K1_B4_power_calibrated
8,0.8,0.9,17,0.8461531659004806,0.8823529411764706,0.03619977527598994,fold1__t_minus_1_2100_hkt,K1_B4_power_calibrated
9,0.9,1.0,299,0.986796070033027,0.9899665551839465,0.0031704851509194443,fold1__t_minus_1_2100_hkt,K1_B4_power_calibrated
0,0.0,0.1,0,,,,fold1__t_minus_1_2100_hkt,K2_B4_monotone_cdf_projected
1,0.1,0.2,0,,,,fold1__t_minus_1_2100_hkt,K2_B4_monotone_cdf_projected
2,0.2,0.30000000000000004,122,0.2781153556252351,0.29508196721311475,0.016966611587879654,fold1__t_minus_1_2100_hkt,K2_B4_monotone_cdf_projected
3,0.30000000000000004,0.4,434,0.34363319485897215,0.31797235023041476,0.02566084462855739,fold1__t_minus_1_2100_hkt,K2_B4_monotone_cdf_projected
4,0.4,0.5,67,0.4157389687002267,0.417910447761194,0.0021714790609673185,fold1__t_minus_1_2100_hkt,K2_B4_monotone_cdf_projected
5,0.5,0.6000000000000001,14,0.5250153297963318,0.35714285714285715,0.16787247265347466,fold1__t_minus_1_2100_hkt,K2_B4_monotone_cdf_projected
6,0.6000000000000001,0.7000000000000001,24,0.6297900212191538,0.4583333333333333,0.17145668788582052,fold1__t_minus_1_2100_hkt,K2_B4_monotone_cdf_projected
7,0.7000000000000001,0.8,14,0.7214571666765215,0.7857142857142857,0.06425711903776421,fold1__t_minus_1_2100_hkt,K2_B4_monotone_cdf_projected
8,0.8,0.9,17,0.8628677225719332,0.8823529411764706,0.019485218604537335,fold1__t_minus_1_2100_hkt,K2_B4_monotone_cdf_projected
9,0.9,1.0,299,0.9888222405996624,0.9899665551839465,0.0011443145842841007,fold1__t_minus_1_2100_hkt,K2_B4_monotone_cdf_projected
0,0.0,0.1,0,,,,fold1__t_minus_1_2100_hkt,S1_conservative_simplex_stack
1,0.1,0.2,0,,,,fold1__t_minus_1_2100_hkt,S1_conservative_simplex_stack
2,0.2,0.30000000000000004,124,0.27660409108685374,0.29838709677419356,0.021783005687339818,fold1__t_minus_1_2100_hkt,S1_conservative_simplex_stack
3,0.30000000000000004,0.4,483,0.3448209934521627,0.3250517598343685,0.019769233617794202,fold1__t_minus_1_2100_hkt,S1_conservative_simplex_stack
4,0.4,0.5,17,0.43552005187026943,0.35294117647058826,0.08257887539968117,fold1__t_minus_1_2100_hkt,S1_conservative_simplex_stack
5,0.5,0.6000000000000001,13,0.5154901154422286,0.38461538461538464,0.13087473082684392,fold1__t_minus_1_2100_hkt,S1_conservative_simplex_stack
6,0.6000000000000001,0.7000000000000001,24,0.6440232945044904,0.4583333333333333,0.18568996117115705,fold1__t_minus_1_2100_hkt,S1_conservative_simplex_stack
7,0.7000000000000001,0.8,14,0.721344036796654,0.7857142857142857,0.06437024891763166,fold1__t_minus_1_2100_hkt,S1_conservative_simplex_stack
8,0.8,0.9,17,0.8668985581955234,0.8823529411764706,0.015454382980947146,fold1__t_minus_1_2100_hkt,S1_conservative_simplex_stack
9,0.9,1.0,299,0.9888311452471906,0.9899665551839465,0.0011354099367558712,fold1__t_minus_1_2100_hkt,S1_conservative_simplex_stack
0,0.0,0.1,0,,,,fold1__t_minus_1_2100_hkt,E1_normal_emos
1,0.1,0.2,0,,,,fold1__t_minus_1_2100_hkt,E1_normal_emos
2,0.2,0.30000000000000004,0,,,,fold1__t_minus_1_2100_hkt,E1_normal_emos
3,0.30000000000000004,0.4,282,0.3702533981945003,0.2730496453900709,0.09720375280442939,fold1__t_minus_1_2100_hkt,E1_normal_emos
4,0.4,0.5,353,0.43081369859171037,0.3626062322946176,0.06820746629709279,fold1__t_minus_1_2100_hkt,E1_normal_emos
5,0.5,0.6000000000000001,2,0.5078084829380525,0.0,0.5078084829380525,fold1__t_minus_1_2100_hkt,E1_normal_emos
6,0.6000000000000001,0.7000000000000001,0,,,,fold1__t_minus_1_2100_hkt,E1_normal_emos
7,0.7000000000000001,0.8,14,0.7720097735466246,0.5714285714285714,0.2005812021180532,fold1__t_minus_1_2100_hkt,E1_normal_emos
8,0.8,0.9,25,0.8313612829837576,0.56,0.2713612829837575,fold1__t_minus_1_2100_hkt,E1_normal_emos
9,0.9,1.0,315,0.9958132185581027,0.9873015873015873,0.008511631256515328,fold1__t_minus_1_2100_hkt,E1_normal_emos
0,0.0,0.1,0,,,,fold1__t_minus_1_2100_hkt,E2_student_t_emos
1,0.1,0.2,0,,,,fold1__t_minus_1_2100_hkt,E2_student_t_emos
2,0.2,0.30000000000000004,5,0.294307475238082,0.2,0.09430747523808197,fold1__t_minus_1_2100_hkt,E2_student_t_emos
3,0.30000000000000004,0.4,530,0.3531695859174666,0.30754716981132074,0.04562241610614587,fold1__t_minus_1_2100_hkt,E2_student_t_emos
4,0.4,0.5,102,0.4190010372642746,0.38235294117647056,0.03664809608780406,fold1__t_minus_1_2100_hkt,E2_student_t_emos
5,0.5,0.6000000000000001,0,,,,fold1__t_minus_1_2100_hkt,E2_student_t_emos
6,0.6000000000000001,0.7000000000000001,0,,,,fold1__t_minus_1_2100_hkt,E2_student_t_emos
7,0.7000000000000001,0.8,31,0.7675580546563682,0.5161290322580645,0.25142902239830367,fold1__t_minus_1_2100_hkt,E2_student_t_emos
8,0.8,0.9,15,0.8476611658272257,0.7333333333333333,0.11432783249389245,fold1__t_minus_1_2100_hkt,E2_student_t_emos
9,0.9,1.0,308,0.9835192175991673,0.9935064935064936,0.009987275907326287,fold1__t_minus_1_2100_hkt,E2_student_t_emos
0,0.0,0.1,0,,,,fold1__t_minus_1_2100_hkt,E3_two_piece_normal_emos
1,0.1,0.2,0,,,,fold1__t_minus_1_2100_hkt,E3_two_piece_normal_emos
2,0.2,0.30000000000000004,0,,,,fold1__t_minus_1_2100_hkt,E3_two_piece_normal_emos
3,0.30000000000000004,0.4,7,0.39200134638541007,0.2857142857142857,0.10628706067112437,fold1__t_minus_1_2100_hkt,E3_two_piece_normal_emos
4,0.4,0.5,482,0.4544677723157624,0.29045643153526973,0.16401134078049268,fold1__t_minus_1_2100_hkt,E3_two_piece_normal_emos
5,0.5,0.6000000000000001,146,0.5279018808552474,0.410958904109589,0.11694297674565834,fold1__t_minus_1_2100_hkt,E3_two_piece_normal_emos
6,0.6000000000000001,0.7000000000000001,2,0.6122130842081082,0.0,0.6122130842081082,fold1__t_minus_1_2100_hkt,E3_two_piece_normal_emos
7,0.7000000000000001,0.8,0,,,,fold1__t_minus_1_2100_hkt,E3_two_piece_normal_emos
8,0.8,0.9,31,0.85783892064714,0.5161290322580645,0.34170988838907546,fold1__t_minus_1_2100_hkt,E3_two_piece_normal_emos
9,0.9,1.0,323,0.9966364588353788,0.9814241486068112,0.015212310228567616,fold1__t_minus_1_2100_hkt,E3_two_piece_normal_emos
0,0.0,0.1,0,,,,fold1__t_minus_1_2100_hkt,G1_gamlss_tree_location_scale
1,0.1,0.2,0,,,,fold1__t_minus_1_2100_hkt,G1_gamlss_tree_location_scale
2,0.2,0.30000000000000004,0,,,,fold1__t_minus_1_2100_hkt,G1_gamlss_tree_location_scale
3,0.30000000000000004,0.4,58,0.38328460656920954,0.15517241379310345,0.2281121927761061,fold1__t_minus_1_2100_hkt,G1_gamlss_tree_location_scale
4,0.4,0.5,566,0.44755735633493027,0.3462897526501767,0.10126760368475357,fold1__t_minus_1_2100_hkt,G1_gamlss_tree_location_scale
5,0.5,0.6000000000000001,11,0.5213445154463393,0.18181818181818182,0.3395263336281575,fold1__t_minus_1_2100_hkt,G1_gamlss_tree_location_scale
6,0.6000000000000001,0.7000000000000001,1,0.6307677655225731,1.0,0.3692322344774269,fold1__t_minus_1_2100_hkt,G1_gamlss_tree_location_scale
7,0.7000000000000001,0.8,25,0.7709442232452891,0.52,0.2509442232452891,fold1__t_minus_1_2100_hkt,G1_gamlss_tree_location_scale
8,0.8,0.9,14,0.8320207630591255,0.6428571428571429,0.18916362020198263,fold1__t_minus_1_2100_hkt,G1_gamlss_tree_location_scale
9,0.9,1.0,316,0.9969148922270882,0.9841772151898734,0.012737677037214734,fold1__t_minus_1_2100_hkt,G1_gamlss_tree_location_scale
0,0.0,0.1,0,,,,fold1__t_minus_1_2100_hkt,Q1_quantile_cdf_gb
1,0.1,0.2,81,0.17651431332314696,0.4074074074074074,0.23089309408426043,fold1__t_minus_1_2100_hkt,Q1_quantile_cdf_gb
2,0.2,0.30000000000000004,486,0.24814889495869624,0.29218106995884774,0.0440321750001515,fold1__t_minus_1_2100_hkt,Q1_quantile_cdf_gb
3,0.30000000000000004,0.4,47,0.3292765589634057,0.44680851063829785,0.11753195167489217,fold1__t_minus_1_2100_hkt,Q1_quantile_cdf_gb
4,0.4,0.5,23,0.4420440166681054,0.391304347826087,0.050739668842018415,fold1__t_minus_1_2100_hkt,Q1_quantile_cdf_gb
5,0.5,0.6000000000000001,13,0.5825716319059919,0.5384615384615384,0.04411009344445349,fold1__t_minus_1_2100_hkt,Q1_quantile_cdf_gb
6,0.6000000000000001,0.7000000000000001,32,0.6511366881520871,0.59375,0.05738668815208714,fold1__t_minus_1_2100_hkt,Q1_quantile_cdf_gb
7,0.7000000000000001,0.8,309,0.7961207877941062,0.9902912621359223,0.1941704743418161,fold1__t_minus_1_2100_hkt,Q1_quantile_cdf_gb
8,0.8,0.9,0,,,,fold1__t_minus_1_2100_hkt,Q1_quantile_cdf_gb
9,0.9,1.0,0,,,,fold1__t_minus_1_2100_hkt,Q1_quantile_cdf_gb
0,0.0,0.1,0,,,,fold1__t_minus_1_2100_hkt,Q2_threshold_cdf_gb
1,0.1,0.2,0,,,,fold1__t_minus_1_2100_hkt,Q2_threshold_cdf_gb
2,0.2,0.30000000000000004,146,0.27789616411160895,0.2602739726027397,0.017622191508869234,fold1__t_minus_1_2100_hkt,Q2_threshold_cdf_gb
3,0.30000000000000004,0.4,411,0.3340249999077906,0.36496350364963503,0.030938503741844425,fold1__t_minus_1_2100_hkt,Q2_threshold_cdf_gb
4,0.4,0.5,61,0.4343011487058594,0.3114754098360656,0.12282573886979381,fold1__t_minus_1_2100_hkt,Q2_threshold_cdf_gb
5,0.5,0.6000000000000001,20,0.5436627199209644,0.35,0.1936627199209644,fold1__t_minus_1_2100_hkt,Q2_threshold_cdf_gb
6,0.6000000000000001,0.7000000000000001,39,0.667047474864655,0.5128205128205128,0.1542269620441422,fold1__t_minus_1_2100_hkt,Q2_threshold_cdf_gb
7,0.7000000000000001,0.8,4,0.7455983865083718,0.75,0.0044016134916281535,fold1__t_minus_1_2100_hkt,Q2_threshold_cdf_gb
8,0.8,0.9,310,0.8769682939454959,0.9903225806451613,0.11335428669966541,fold1__t_minus_1_2100_hkt,Q2_threshold_cdf_gb
9,0.9,1.0,0,,,,fold1__t_minus_1_2100_hkt,Q2_threshold_cdf_gb
0,0.0,0.1,0,,,,fold1__t_minus_1_2100_hkt,T1_time_decay_b4
1,0.1,0.2,0,,,,fold1__t_minus_1_2100_hkt,T1_time_decay_b4
2,0.2,0.30000000000000004,74,0.2767375896301012,0.21621621621621623,0.06052137341388497,fold1__t_minus_1_2100_hkt,T1_time_decay_b4
3,0.30000000000000004,0.4,524,0.32304230875222784,0.3416030534351145,0.018560744682886654,fold1__t_minus_1_2100_hkt,T1_time_decay_b4
4,0.4,0.5,33,0.422528570477773,0.42424242424242425,0.0017138537646512741,fold1__t_minus_1_2100_hkt,T1_time_decay_b4
5,0.5,0.6000000000000001,6,0.5504661491152064,0.16666666666666666,0.3837994824485398,fold1__t_minus_1_2100_hkt,T1_time_decay_b4
6,0.6000000000000001,0.7000000000000001,19,0.6925295133410957,0.5263157894736842,0.1662137238674115,fold1__t_minus_1_2100_hkt,T1_time_decay_b4
7,0.7000000000000001,0.8,20,0.7160713241533528,0.6,0.11607132415335286,fold1__t_minus_1_2100_hkt,T1_time_decay_b4
8,0.8,0.9,12,0.890693910497174,0.9166666666666666,0.025972756169492683,fold1__t_minus_1_2100_hkt,T1_time_decay_b4
9,0.9,1.0,303,0.9880425607222119,0.9900990099009901,0.00205644917877823,fold1__t_minus_1_2100_hkt,T1_time_decay_b4
0,0.0,0.1,0,,,,fold1__t_minus_1_2100_hkt,H1_b4_challenger_linear_pool
1,0.1,0.2,0,,,,fold1__t_minus_1_2100_hkt,H1_b4_challenger_linear_pool
2,0.2,0.30000000000000004,122,0.27933647764609404,0.22131147540983606,0.05802500223625798,fold1__t_minus_1_2100_hkt,H1_b4_challenger_linear_pool
3,0.30000000000000004,0.4,491,0.3367499116711198,0.3645621181262729,0.027812206455153143,fold1__t_minus_1_2100_hkt,H1_b4_challenger_linear_pool
4,0.4,0.5,18,0.45653916879144063,0.3888888888888889,0.06765027990255174,fold1__t_minus_1_2100_hkt,H1_b4_challenger_linear_pool
5,0.5,0.6000000000000001,6,0.5379251441501647,0.16666666666666666,0.37125847748349805,fold1__t_minus_1_2100_hkt,H1_b4_challenger_linear_pool
6,0.6000000000000001,0.7000000000000001,24,0.6621376902883682,0.4583333333333333,0.2038043569550349,fold1__t_minus_1_2100_hkt,H1_b4_challenger_linear_pool
7,0.7000000000000001,0.8,14,0.7189902746424297,0.7857142857142857,0.066724011071856,fold1__t_minus_1_2100_hkt,H1_b4_challenger_linear_pool
8,0.8,0.9,17,0.8752040562948433,0.8823529411764706,0.007148884881627238,fold1__t_minus_1_2100_hkt,H1_b4_challenger_linear_pool
9,0.9,1.0,299,0.9889889588448869,0.9899665551839465,0.0009775963390595832,fold1__t_minus_1_2100_hkt,H1_b4_challenger_linear_pool
0,0.0,0.1,0,,,,fold2__t_minus_1_2100_hkt,B0_climatology
1,0.1,0.2,0,,,,fold2__t_minus_1_2100_hkt,B0_climatology
2,0.2,0.30000000000000004,0,,,,fold2__t_minus_1_2100_hkt,B0_climatology
3,0.30000000000000004,0.4,977,0.3620410983647074,0.35823950870010235,0.0038015896646050318,fold2__t_minus_1_2100_hkt,B0_climatology
4,0.4,0.5,0,,,,fold2__t_minus_1_2100_hkt,B0_climatology
5,0.5,0.6000000000000001,0,,,,fold2__t_minus_1_2100_hkt,B0_climatology
6,0.6000000000000001,0.7000000000000001,0,,,,fold2__t_minus_1_2100_hkt,B0_climatology
7,0.7000000000000001,0.8,0,,,,fold2__t_minus_1_2100_hkt,B0_climatology
8,0.8,0.9,0,,,,fold2__t_minus_1_2100_hkt,B0_climatology
9,0.9,1.0,0,,,,fold2__t_minus_1_2100_hkt,B0_climatology
0,0.0,0.1,0,,,,fold2__t_minus_1_2100_hkt,B1_global_residual_pmf
1,0.1,0.2,0,,,,fold2__t_minus_1_2100_hkt,B1_global_residual_pmf
2,0.2,0.30000000000000004,0,,,,fold2__t_minus_1_2100_hkt,B1_global_residual_pmf
3,0.30000000000000004,0.4,595,0.31516969153638985,0.36470588235294116,0.049536190816551307,fold2__t_minus_1_2100_hkt,B1_global_residual_pmf
4,0.4,0.5,32,0.44031401844477513,0.4375,0.002814018444775135,fold2__t_minus_1_2100_hkt,B1_global_residual_pmf
5,0.5,0.6000000000000001,13,0.5596859815552239,0.46153846153846156,0.0981475200167623,fold2__t_minus_1_2100_hkt,B1_global_residual_pmf
6,0.6000000000000001,0.7000000000000001,0,,,,fold2__t_minus_1_2100_hkt,B1_global_residual_pmf
7,0.7000000000000001,0.8,31,0.7554837099811647,0.7096774193548387,0.04580629062632591,fold2__t_minus_1_2100_hkt,B1_global_residual_pmf
8,0.8,0.9,1,0.8272916027759691,1.0,0.17270839722403086,fold2__t_minus_1_2100_hkt,B1_global_residual_pmf
9,0.9,1.0,305,0.9884076115968803,0.9836065573770492,0.004801054219831125,fold2__t_minus_1_2100_hkt,B1_global_residual_pmf
0,0.0,0.1,0,,,,fold2__t_minus_1_2100_hkt,B2_month_residual_pmf
1,0.1,0.2,0,,,,fold2__t_minus_1_2100_hkt,B2_month_residual_pmf
2,0.2,0.30000000000000004,139,0.26494728369142684,0.26618705035971224,0.0012397666682854025,fold2__t_minus_1_2100_hkt,B2_month_residual_pmf
3,0.30000000000000004,0.4,465,0.34484622785304814,0.4,0.055153772146951885,fold2__t_minus_1_2100_hkt,B2_month_residual_pmf
4,0.4,0.5,23,0.4465463136400479,0.43478260869565216,0.011763704944395714,fold2__t_minus_1_2100_hkt,B2_month_residual_pmf
5,0.5,0.6000000000000001,13,0.5287669153773015,0.46153846153846156,0.06722845383883991,fold2__t_minus_1_2100_hkt,B2_month_residual_pmf
6,0.6000000000000001,0.7000000000000001,14,0.6712413665669102,0.7142857142857143,0.043044347718804055,fold2__t_minus_1_2100_hkt,B2_month_residual_pmf
7,0.7000000000000001,0.8,17,0.7552823610502363,0.7058823529411765,0.049400008109059756,fold2__t_minus_1_2100_hkt,B2_month_residual_pmf
8,0.8,0.9,22,0.8568599597925505,0.8181818181818182,0.03867814161073224,fold2__t_minus_1_2100_hkt,B2_month_residual_pmf
9,0.9,1.0,284,0.9919754047571272,0.9964788732394366,0.004503468482309425,fold2__t_minus_1_2100_hkt,B2_month_residual_pmf
0,0.0,0.1,0,,,,fold2__t_minus_1_2100_hkt,B3_forecast_level_residual_pmf
1,0.1,0.2,0,,,,fold2__t_minus_1_2100_hkt,B3_forecast_level_residual_pmf
2,0.2,0.30000000000000004,0,,,,fold2__t_minus_1_2100_hkt,B3_forecast_level_residual_pmf
3,0.30000000000000004,0.4,385,0.3167662536285542,0.2935064935064935,0.023259760122060713,fold2__t_minus_1_2100_hkt,B3_forecast_level_residual_pmf
4,0.4,0.5,255,0.41334994183245793,0.4196078431372549,0.006257901304796976,fold2__t_minus_1_2100_hkt,B3_forecast_level_residual_pmf
5,0.5,0.6000000000000001,0,,,,fold2__t_minus_1_2100_hkt,B3_forecast_level_residual_pmf
6,0.6000000000000001,0.7000000000000001,31,0.6301240580988056,0.7096774193548387,0.07955336125603318,fold2__t_minus_1_2100_hkt,B3_forecast_level_residual_pmf
7,0.7000000000000001,0.8,0,,,,fold2__t_minus_1_2100_hkt,B3_forecast_level_residual_pmf
8,0.8,0.9,1,0.8272916027759691,1.0,0.17270839722403086,fold2__t_minus_1_2100_hkt,B3_forecast_level_residual_pmf
9,0.9,1.0,305,0.9842623982433042,0.9836065573770492,0.0006558408662550308,fold2__t_minus_1_2100_hkt,B3_forecast_level_residual_pmf
0,0.0,0.1,0,,,,fold2__t_minus_1_2100_hkt,B4_hierarchical_residual_pmf
1,0.1,0.2,0,,,,fold2__t_minus_1_2100_hkt,B4_hierarchical_residual_pmf
2,0.2,0.30000000000000004,109,0.27485624476294157,0.1834862385321101,0.09137000623083147,fold2__t_minus_1_2100_hkt,B4_hierarchical_residual_pmf
3,0.30000000000000004,0.4,393,0.3461249537563437,0.3486005089058524,0.0024755551495087014,fold2__t_minus_1_2100_hkt,B4_hierarchical_residual_pmf
4,0.4,0.5,117,0.4291917817012973,0.4444444444444444,0.015252662743147127,fold2__t_minus_1_2100_hkt,B4_hierarchical_residual_pmf
5,0.5,0.6000000000000001,21,0.5204912093044848,0.2857142857142857,0.23477692359019908,fold2__t_minus_1_2100_hkt,B4_hierarchical_residual_pmf
6,0.6000000000000001,0.7000000000000001,14,0.6132332308899617,0.7142857142857143,0.10105248339575257,fold2__t_minus_1_2100_hkt,B4_hierarchical_residual_pmf
7,0.7000000000000001,0.8,17,0.741811292413702,0.7058823529411765,0.03592893947252551,fold2__t_minus_1_2100_hkt,B4_hierarchical_residual_pmf
8,0.8,0.9,23,0.8676836136100136,0.8260869565217391,0.041596657088274425,fold2__t_minus_1_2100_hkt,B4_hierarchical_residual_pmf
9,0.9,1.0,283,0.9925468399393047,0.9964664310954063,0.003919591156101632,fold2__t_minus_1_2100_hkt,B4_hierarchical_residual_pmf
0,0.0,0.1,0,,,,fold2__t_minus_1_2100_hkt,B5_kernel_analog_pmf
1,0.1,0.2,0,,,,fold2__t_minus_1_2100_hkt,B5_kernel_analog_pmf
2,0.2,0.30000000000000004,103,0.2672348257982946,0.22330097087378642,0.04393385492450819,fold2__t_minus_1_2100_hkt,B5_kernel_analog_pmf
3,0.30000000000000004,0.4,312,0.3436980815556658,0.33653846153846156,0.007159620017204216,fold2__t_minus_1_2100_hkt,B5_kernel_analog_pmf
4,0.4,0.5,225,0.43484044550964523,0.38222222222222224,0.052618223287422994,fold2__t_minus_1_2100_hkt,B5_kernel_analog_pmf
5,0.5,0.6000000000000001,0,,,,fold2__t_minus_1_2100_hkt,B5_kernel_analog_pmf
6,0.6000000000000001,0.7000000000000001,19,0.6256367731360559,0.6842105263157895,0.05857375317973357,fold2__t_minus_1_2100_hkt,B5_kernel_analog_pmf
7,0.7000000000000001,0.8,12,0.7208514789189061,0.75,0.029148521081093892,fold2__t_minus_1_2100_hkt,B5_kernel_analog_pmf
8,0.8,0.9,26,0.8610742080223688,0.8846153846153846,0.0235411765930158,fold2__t_minus_1_2100_hkt,B5_kernel_analog_pmf
9,0.9,1.0,280,0.9915569166461655,0.9928571428571429,0.0013002262109773621,fold2__t_minus_1_2100_hkt,B5_kernel_analog_pmf
0,0.0,0.1,0,,,,fold2__t_minus_1_2100_hkt,B6_month_climatology_diagnostic
1,0.1,0.2,0,,,,fold2__t_minus_1_2100_hkt,B6_month_climatology_diagnostic
2,0.2,0.30000000000000004,522,0.23561775874659485,0.20881226053639848,0.02680549821019637,fold2__t_minus_1_2100_hkt,B6_month_climatology_diagnostic
3,0.30000000000000004,0.4,0,,,,fold2__t_minus_1_2100_hkt,B6_month_climatology_diagnostic
4,0.4,0.5,81,0.4354115990270132,0.38271604938271603,0.05269554964429718,fold2__t_minus_1_2100_hkt,B6_month_climatology_diagnostic
5,0.5,0.6000000000000001,73,0.5642528917762637,0.410958904109589,0.15329398766667468,fold2__t_minus_1_2100_hkt,B6_month_climatology_diagnostic
6,0.6000000000000001,0.7000000000000001,0,,,,fold2__t_minus_1_2100_hkt,B6_month_climatology_diagnostic
7,0.7000000000000001,0.8,87,0.7773475314617615,0.8045977011494253,0.027250169687663806,fold2__t_minus_1_2100_hkt,B6_month_climatology_diagnostic
8,0.8,0.9,0,,,,fold2__t_minus_1_2100_hkt,B6_month_climatology_diagnostic
9,0.9,1.0,214,0.9590261475592415,0.9766355140186916,0.017609366459450104,fold2__t_minus_1_2100_hkt,B6_month_climatology_diagnostic
0,0.0,0.1,0,,,,fold2__t_minus_1_2100_hkt,P1_normal_mos
1,0.1,0.2,0,,,,fold2__t_minus_1_2100_hkt,P1_normal_mos
2,0.2,0.30000000000000004,558,0.29078037085146746,0.34587813620071683,0.05509776534924937,fold2__t_minus_1_2100_hkt,P1_normal_mos
3,0.30000000000000004,0.4,39,0.3056963823831715,0.3076923076923077,0.001995925309136226,fold2__t_minus_1_2100_hkt,P1_normal_mos
4,0.4,0.5,43,0.4397767356536359,0.4418604651162791,0.00208372946264318,fold2__t_minus_1_2100_hkt,P1_normal_mos
5,0.5,0.6000000000000001,0,,,,fold2__t_minus_1_2100_hkt,P1_normal_mos
6,0.6000000000000001,0.7000000000000001,3,0.6801959459536321,0.6666666666666666,0.013529279286965457,fold2__t_minus_1_2100_hkt,P1_normal_mos
7,0.7000000000000001,0.8,29,0.7227027611144151,0.7241379310344828,0.001435169920067647,fold2__t_minus_1_2100_hkt,P1_normal_mos
8,0.8,0.9,3,0.8954367190079306,1.0,0.10456328099206935,fold2__t_minus_1_2100_hkt,P1_normal_mos
9,0.9,1.0,302,0.9883648213661125,0.9834437086092715,0.0049211127568409285,fold2__t_minus_1_2100_hkt,P1_normal_mos
0,0.0,0.1,0,,,,fold2__t_minus_1_2100_hkt,P2_student_t_mos
1,0.1,0.2,0,,,,fold2__t_minus_1_2100_hkt,P2_student_t_mos
2,0.2,0.30000000000000004,595,0.28397325163904635,0.34285714285714286,0.05888389121809651,fold2__t_minus_1_2100_hkt,P2_student_t_mos
3,0.30000000000000004,0.4,2,0.3914743385637012,0.5,0.10852566143629883,fold2__t_minus_1_2100_hkt,P2_student_t_mos
4,0.4,0.5,43,0.441040311130719,0.4418604651162791,0.0008201539855600681,fold2__t_minus_1_2100_hkt,P2_student_t_mos
5,0.5,0.6000000000000001,0,,,,fold2__t_minus_1_2100_hkt,P2_student_t_mos
6,0.6000000000000001,0.7000000000000001,11,0.6918069785028385,0.6363636363636364,0.0554433421392021,fold2__t_minus_1_2100_hkt,P2_student_t_mos
7,0.7000000000000001,0.8,21,0.7246174863685155,0.7619047619047619,0.037287275536246334,fold2__t_minus_1_2100_hkt,P2_student_t_mos
8,0.8,0.9,15,0.8914818865902598,1.0,0.10851811340974016,fold2__t_minus_1_2100_hkt,P2_student_t_mos
9,0.9,1.0,290,0.9886691839177932,0.9827586206896551,0.005910563228138099,fold2__t_minus_1_2100_hkt,P2_student_t_mos
0,0.0,0.1,0,,,,fold2__t_minus_1_2100_hkt,C1_multinomial_ridge
1,0.1,0.2,0,,,,fold2__t_minus_1_2100_hkt,C1_multinomial_ridge
2,0.2,0.30000000000000004,255,0.2767159281068678,0.29411764705882354,0.017401718951955747,fold2__t_minus_1_2100_hkt,C1_multinomial_ridge
3,0.30000000000000004,0.4,240,0.33828823918814116,0.36666666666666664,0.02837842747852548,fold2__t_minus_1_2100_hkt,C1_multinomial_ridge
4,0.4,0.5,141,0.43789585349795257,0.3333333333333333,0.10456252016461925,fold2__t_minus_1_2100_hkt,C1_multinomial_ridge
5,0.5,0.6000000000000001,4,0.5479137545723014,0.5,0.047913754572301404,fold2__t_minus_1_2100_hkt,C1_multinomial_ridge
6,0.6000000000000001,0.7000000000000001,17,0.6726251201811546,0.7058823529411765,0.033257232760021904,fold2__t_minus_1_2100_hkt,C1_multinomial_ridge
7,0.7000000000000001,0.8,13,0.7362843327490575,0.7692307692307693,0.032946436481711805,fold2__t_minus_1_2100_hkt,C1_multinomial_ridge
8,0.8,0.9,34,0.8664500601199964,0.8235294117647058,0.042920648355290525,fold2__t_minus_1_2100_hkt,C1_multinomial_ridge
9,0.9,1.0,273,0.9871385062847358,0.9963369963369964,0.009198490052260588,fold2__t_minus_1_2100_hkt,C1_multinomial_ridge
0,0.0,0.1,0,,,,fold2__t_minus_1_2100_hkt,C2_ordinal_cdf_logistic
1,0.1,0.2,0,,,,fold2__t_minus_1_2100_hkt,C2_ordinal_cdf_logistic
2,0.2,0.30000000000000004,186,0.2781773337440083,0.2956989247311828,0.017521590987174485,fold2__t_minus_1_2100_hkt,C2_ordinal_cdf_logistic
3,0.30000000000000004,0.4,308,0.33745590684218885,0.3409090909090909,0.0034531840669020375,fold2__t_minus_1_2100_hkt,C2_ordinal_cdf_logistic
4,0.4,0.5,140,0.44808658553752695,0.3357142857142857,0.11237229982324126,fold2__t_minus_1_2100_hkt,C2_ordinal_cdf_logistic
5,0.5,0.6000000000000001,11,0.5593522318114278,0.5454545454545454,0.013897686356882377,fold2__t_minus_1_2100_hkt,C2_ordinal_cdf_logistic
6,0.6000000000000001,0.7000000000000001,18,0.6439299701988098,0.7222222222222222,0.07829225202341239,fold2__t_minus_1_2100_hkt,C2_ordinal_cdf_logistic
7,0.7000000000000001,0.8,12,0.7513937319145866,0.75,0.0013937319145865823,fold2__t_minus_1_2100_hkt,C2_ordinal_cdf_logistic
8,0.8,0.9,30,0.8587179497809756,0.8666666666666667,0.007948716885691098,fold2__t_minus_1_2100_hkt,C2_ordinal_cdf_logistic
9,0.9,1.0,272,0.987965640797591,0.9963235294117647,0.008357888614173747,fold2__t_minus_1_2100_hkt,C2_ordinal_cdf_logistic
0,0.0,0.1,0,,,,fold2__t_minus_1_2100_hkt,K0_B4_identity
1,0.1,0.2,0,,,,fold2__t_minus_1_2100_hkt,K0_B4_identity
2,0.2,0.30000000000000004,109,0.27485624476294157,0.1834862385321101,0.09137000623083147,fold2__t_minus_1_2100_hkt,K0_B4_identity
3,0.30000000000000004,0.4,393,0.3461249537563437,0.3486005089058524,0.0024755551495087014,fold2__t_minus_1_2100_hkt,K0_B4_identity
4,0.4,0.5,117,0.4291917817012973,0.4444444444444444,0.015252662743147127,fold2__t_minus_1_2100_hkt,K0_B4_identity
5,0.5,0.6000000000000001,21,0.5204912093044848,0.2857142857142857,0.23477692359019908,fold2__t_minus_1_2100_hkt,K0_B4_identity
6,0.6000000000000001,0.7000000000000001,14,0.6132332308899617,0.7142857142857143,0.10105248339575257,fold2__t_minus_1_2100_hkt,K0_B4_identity
7,0.7000000000000001,0.8,17,0.741811292413702,0.7058823529411765,0.03592893947252551,fold2__t_minus_1_2100_hkt,K0_B4_identity
8,0.8,0.9,23,0.8676836136100136,0.8260869565217391,0.041596657088274425,fold2__t_minus_1_2100_hkt,K0_B4_identity
9,0.9,1.0,283,0.9925468399393047,0.9964664310954063,0.003919591156101632,fold2__t_minus_1_2100_hkt,K0_B4_identity
0,0.0,0.1,0,,,,fold2__t_minus_1_2100_hkt,K1_B4_power_calibrated
1,0.1,0.2,0,,,,fold2__t_minus_1_2100_hkt,K1_B4_power_calibrated
2,0.2,0.30000000000000004,142,0.27569890862506674,0.19014084507042253,0.08555806355464421,fold2__t_minus_1_2100_hkt,K1_B4_power_calibrated
3,0.30000000000000004,0.4,399,0.3474084803220916,0.3659147869674185,0.01850630664532693,fold2__t_minus_1_2100_hkt,K1_B4_power_calibrated
4,0.4,0.5,78,0.4290047555281366,0.46153846153846156,0.03253370601032496,fold2__t_minus_1_2100_hkt,K1_B4_power_calibrated
5,0.5,0.6000000000000001,29,0.5288508246157683,0.4482758620689655,0.08057496254680274,fold2__t_minus_1_2100_hkt,K1_B4_power_calibrated
6,0.6000000000000001,0.7000000000000001,6,0.6027198898981486,0.5,0.10271988989814862,fold2__t_minus_1_2100_hkt,K1_B4_power_calibrated
7,0.7000000000000001,0.8,17,0.7231503464106874,0.7058823529411765,0.01726799346951091,fold2__t_minus_1_2100_hkt,K1_B4_power_calibrated
8,0.8,0.9,23,0.8507576745211172,0.8260869565217391,0.024670717999378033,fold2__t_minus_1_2100_hkt,K1_B4_power_calibrated
9,0.9,1.0,283,0.9911278407311152,0.9964664310954063,0.005338590364291185,fold2__t_minus_1_2100_hkt,K1_B4_power_calibrated
0,0.0,0.1,0,,,,fold2__t_minus_1_2100_hkt,K2_B4_monotone_cdf_projected
1,0.1,0.2,0,,,,fold2__t_minus_1_2100_hkt,K2_B4_monotone_cdf_projected
2,0.2,0.30000000000000004,109,0.2748562447629416,0.1834862385321101,0.09137000623083152,fold2__t_minus_1_2100_hkt,K2_B4_monotone_cdf_projected
3,0.30000000000000004,0.4,393,0.3461249537563437,0.3486005089058524,0.0024755551495087014,fold2__t_minus_1_2100_hkt,K2_B4_monotone_cdf_projected
4,0.4,0.5,117,0.42919178170129724,0.4444444444444444,0.015252662743147183,fold2__t_minus_1_2100_hkt,K2_B4_monotone_cdf_projected
5,0.5,0.6000000000000001,21,0.5204912093044848,0.2857142857142857,0.23477692359019908,fold2__t_minus_1_2100_hkt,K2_B4_monotone_cdf_projected
6,0.6000000000000001,0.7000000000000001,14,0.6132332308899617,0.7142857142857143,0.10105248339575257,fold2__t_minus_1_2100_hkt,K2_B4_monotone_cdf_projected
7,0.7000000000000001,0.8,17,0.741811292413702,0.7058823529411765,0.03592893947252551,fold2__t_minus_1_2100_hkt,K2_B4_monotone_cdf_projected
8,0.8,0.9,23,0.8676836136100136,0.8260869565217391,0.041596657088274425,fold2__t_minus_1_2100_hkt,K2_B4_monotone_cdf_projected
9,0.9,1.0,283,0.9925468399393046,0.9964664310954063,0.003919591156101743,fold2__t_minus_1_2100_hkt,K2_B4_monotone_cdf_projected
0,0.0,0.1,0,,,,fold2__t_minus_1_2100_hkt,S1_conservative_simplex_stack
1,0.1,0.2,0,,,,fold2__t_minus_1_2100_hkt,S1_conservative_simplex_stack
2,0.2,0.30000000000000004,115,0.2732413067384004,0.17391304347826086,0.09932826326013955,fold2__t_minus_1_2100_hkt,S1_conservative_simplex_stack
3,0.30000000000000004,0.4,414,0.343750022610053,0.35507246376811596,0.011322441158062968,fold2__t_minus_1_2100_hkt,S1_conservative_simplex_stack
4,0.4,0.5,93,0.42361636890596166,0.45161290322580644,0.02799653431984478,fold2__t_minus_1_2100_hkt,S1_conservative_simplex_stack
5,0.5,0.6000000000000001,18,0.5072010868250855,0.3333333333333333,0.17386775349175215,fold2__t_minus_1_2100_hkt,S1_conservative_simplex_stack
6,0.6000000000000001,0.7000000000000001,14,0.6231745860164838,0.7142857142857143,0.09111112826923051,fold2__t_minus_1_2100_hkt,S1_conservative_simplex_stack
7,0.7000000000000001,0.8,17,0.7326207290935868,0.7058823529411765,0.02673837615241026,fold2__t_minus_1_2100_hkt,S1_conservative_simplex_stack
8,0.8,0.9,23,0.8657002834874601,0.8260869565217391,0.03961332696572095,fold2__t_minus_1_2100_hkt,S1_conservative_simplex_stack
9,0.9,1.0,283,0.9860096282255849,0.9964664310954063,0.010456802869821424,fold2__t_minus_1_2100_hkt,S1_conservative_simplex_stack
0,0.0,0.1,0,,,,fold2__t_minus_1_2100_hkt,E1_normal_emos
1,0.1,0.2,0,,,,fold2__t_minus_1_2100_hkt,E1_normal_emos
2,0.2,0.30000000000000004,0,,,,fold2__t_minus_1_2100_hkt,E1_normal_emos
3,0.30000000000000004,0.4,307,0.37083939339042993,0.36482084690553745,0.006018546484892473,fold2__t_minus_1_2100_hkt,E1_normal_emos
4,0.4,0.5,333,0.43109631797187054,0.34234234234234234,0.08875397562952819,fold2__t_minus_1_2100_hkt,E1_normal_emos
5,0.5,0.6000000000000001,0,,,,fold2__t_minus_1_2100_hkt,E1_normal_emos
6,0.6000000000000001,0.7000000000000001,1,0.668484305968406,0.0,0.668484305968406,fold2__t_minus_1_2100_hkt,E1_normal_emos
7,0.7000000000000001,0.8,17,0.759470991936878,0.7058823529411765,0.05358863899570143,fold2__t_minus_1_2100_hkt,E1_normal_emos
8,0.8,0.9,14,0.8269596367613146,0.7857142857142857,0.041245351047028866,fold2__t_minus_1_2100_hkt,E1_normal_emos
9,0.9,1.0,305,0.9954156158341086,0.9836065573770492,0.011809058457059485,fold2__t_minus_1_2100_hkt,E1_normal_emos
0,0.0,0.1,0,,,,fold2__t_minus_1_2100_hkt,E2_student_t_emos
1,0.1,0.2,0,,,,fold2__t_minus_1_2100_hkt,E2_student_t_emos
2,0.2,0.30000000000000004,4,0.2933410749573721,0.0,0.2933410749573721,fold2__t_minus_1_2100_hkt,E2_student_t_emos
3,0.30000000000000004,0.4,540,0.3526787323625544,0.3425925925925926,0.01008613976996181,fold2__t_minus_1_2100_hkt,E2_student_t_emos
4,0.4,0.5,96,0.4176124167809614,0.4270833333333333,0.009470916552371922,fold2__t_minus_1_2100_hkt,E2_student_t_emos
5,0.5,0.6000000000000001,0,,,,fold2__t_minus_1_2100_hkt,E2_student_t_emos
6,0.6000000000000001,0.7000000000000001,1,0.6537601872317137,0.0,0.6537601872317137,fold2__t_minus_1_2100_hkt,E2_student_t_emos
7,0.7000000000000001,0.8,26,0.7516612767082589,0.7307692307692307,0.02089204593902816,fold2__t_minus_1_2100_hkt,E2_student_t_emos
8,0.8,0.9,14,0.8586402573403937,0.7857142857142857,0.07292597162610803,fold2__t_minus_1_2100_hkt,E2_student_t_emos
9,0.9,1.0,296,0.9840123227891514,0.9898648648648649,0.005852542075713507,fold2__t_minus_1_2100_hkt,E2_student_t_emos
0,0.0,0.1,0,,,,fold2__t_minus_1_2100_hkt,E3_two_piece_normal_emos
1,0.1,0.2,0,,,,fold2__t_minus_1_2100_hkt,E3_two_piece_normal_emos
2,0.2,0.30000000000000004,0,,,,fold2__t_minus_1_2100_hkt,E3_two_piece_normal_emos
3,0.30000000000000004,0.4,4,0.38888225833908896,0.0,0.38888225833908896,fold2__t_minus_1_2100_hkt,E3_two_piece_normal_emos
4,0.4,0.5,495,0.4505567479019042,0.3393939393939394,0.11116280850796478,fold2__t_minus_1_2100_hkt,E3_two_piece_normal_emos
5,0.5,0.6000000000000001,141,0.5238526895352715,0.3546099290780142,0.16924276045725734,fold2__t_minus_1_2100_hkt,E3_two_piece_normal_emos
6,0.6000000000000001,0.7000000000000001,0,,,,fold2__t_minus_1_2100_hkt,E3_two_piece_normal_emos
7,0.7000000000000001,0.8,7,0.7812887427926158,0.5714285714285714,0.20986017136404445,fold2__t_minus_1_2100_hkt,E3_two_piece_normal_emos
8,0.8,0.9,21,0.85753316544878,0.7142857142857143,0.1432474511630657,fold2__t_minus_1_2100_hkt,E3_two_piece_normal_emos
9,0.9,1.0,309,0.9974689390968291,0.9838187702265372,0.013650168870291912,fold2__t_minus_1_2100_hkt,E3_two_piece_normal_emos
0,0.0,0.1,0,,,,fold2__t_minus_1_2100_hkt,G1_gamlss_tree_location_scale
1,0.1,0.2,0,,,,fold2__t_minus_1_2100_hkt,G1_gamlss_tree_location_scale
2,0.2,0.30000000000000004,0,,,,fold2__t_minus_1_2100_hkt,G1_gamlss_tree_location_scale
3,0.30000000000000004,0.4,79,0.37878874574830296,0.20253164556962025,0.1762571001786827,fold2__t_minus_1_2100_hkt,G1_gamlss_tree_location_scale
4,0.4,0.5,549,0.44782083495841707,0.3770491803278688,0.07077165463054824,fold2__t_minus_1_2100_hkt,G1_gamlss_tree_location_scale
5,0.5,0.6000000000000001,12,0.5208695766056517,0.5,0.020869576605651696,fold2__t_minus_1_2100_hkt,G1_gamlss_tree_location_scale
6,0.6000000000000001,0.7000000000000001,0,,,,fold2__t_minus_1_2100_hkt,G1_gamlss_tree_location_scale
7,0.7000000000000001,0.8,17,0.7556739225146566,0.6470588235294118,0.1086150989852448,fold2__t_minus_1_2100_hkt,G1_gamlss_tree_location_scale
8,0.8,0.9,14,0.8269439287650137,0.7857142857142857,0.04122964305072796,fold2__t_minus_1_2100_hkt,G1_gamlss_tree_location_scale
9,0.9,1.0,306,0.9964314657712341,0.9836601307189542,0.012771335052279897,fold2__t_minus_1_2100_hkt,G1_gamlss_tree_location_scale
0,0.0,0.1,0,,,,fold2__t_minus_1_2100_hkt,Q1_quantile_cdf_gb
1,0.1,0.2,101,0.18827341134108327,0.27722772277227725,0.08895431143119398,fold2__t_minus_1_2100_hkt,Q1_quantile_cdf_gb
2,0.2,0.30000000000000004,489,0.24495191524360072,0.3169734151329243,0.0720214998893236,fold2__t_minus_1_2100_hkt,Q1_quantile_cdf_gb
3,0.30000000000000004,0.4,19,0.3171483026746625,0.42105263157894735,0.10390432890428486,fold2__t_minus_1_2100_hkt,Q1_quantile_cdf_gb
4,0.4,0.5,48,0.4430631833939513,0.5208333333333334,0.07777014993938208,fold2__t_minus_1_2100_hkt,Q1_quantile_cdf_gb
5,0.5,0.6000000000000001,14,0.5443424788167619,0.7857142857142857,0.2413718068975238,fold2__t_minus_1_2100_hkt,Q1_quantile_cdf_gb
6,0.6000000000000001,0.7000000000000001,6,0.6777416524664911,0.6666666666666666,0.011074985799824466,fold2__t_minus_1_2100_hkt,Q1_quantile_cdf_gb
7,0.7000000000000001,0.8,300,0.7928810766524527,0.9866666666666667,0.19378559001421403,fold2__t_minus_1_2100_hkt,Q1_quantile_cdf_gb
8,0.8,0.9,0,,,,fold2__t_minus_1_2100_hkt,Q1_quantile_cdf_gb
9,0.9,1.0,0,,,,fold2__t_minus_1_2100_hkt,Q1_quantile_cdf_gb
0,0.0,0.1,0,,,,fold2__t_minus_1_2100_hkt,Q2_threshold_cdf_gb
1,0.1,0.2,0,,,,fold2__t_minus_1_2100_hkt,Q2_threshold_cdf_gb
2,0.2,0.30000000000000004,201,0.2822267554615629,0.2537313432835821,0.028495412177980795,fold2__t_minus_1_2100_hkt,Q2_threshold_cdf_gb
3,0.30000000000000004,0.4,325,0.3360085975663623,0.32,0.016008597566362304,fold2__t_minus_1_2100_hkt,Q2_threshold_cdf_gb
4,0.4,0.5,112,0.40702174716275735,0.45535714285714285,0.0483353956943855,fold2__t_minus_1_2100_hkt,Q2_threshold_cdf_gb
5,0.5,0.6000000000000001,19,0.5148476854516716,0.631578947368421,0.11673126191674943,fold2__t_minus_1_2100_hkt,Q2_threshold_cdf_gb
6,0.6000000000000001,0.7000000000000001,14,0.6315067026445839,0.7857142857142857,0.15420758306970184,fold2__t_minus_1_2100_hkt,Q2_threshold_cdf_gb
7,0.7000000000000001,0.8,5,0.7716335998613726,0.6,0.1716335998613726,fold2__t_minus_1_2100_hkt,Q2_threshold_cdf_gb
8,0.8,0.9,301,0.8774111470046825,0.9867109634551495,0.10929981645046705,fold2__t_minus_1_2100_hkt,Q2_threshold_cdf_gb
9,0.9,1.0,0,,,,fold2__t_minus_1_2100_hkt,Q2_threshold_cdf_gb
0,0.0,0.1,0,,,,fold2__t_minus_1_2100_hkt,T1_time_decay_b4
1,0.1,0.2,0,,,,fold2__t_minus_1_2100_hkt,T1_time_decay_b4
2,0.2,0.30000000000000004,105,0.27817615686376157,0.2761904761904762,0.0019856806732853616,fold2__t_minus_1_2100_hkt,T1_time_decay_b4
3,0.30000000000000004,0.4,481,0.33845215118072286,0.3762993762993763,0.03784722511865346,fold2__t_minus_1_2100_hkt,T1_time_decay_b4
4,0.4,0.5,50,0.4396138893476138,0.36,0.07961388934761382,fold2__t_minus_1_2100_hkt,T1_time_decay_b4
5,0.5,0.6000000000000001,4,0.5000647528853224,0.0,0.5000647528853224,fold2__t_minus_1_2100_hkt,T1_time_decay_b4
6,0.6000000000000001,0.7000000000000001,15,0.659331735525917,0.7333333333333333,0.07400159780741633,fold2__t_minus_1_2100_hkt,T1_time_decay_b4
7,0.7000000000000001,0.8,13,0.7370019614461677,0.7692307692307693,0.032228807784601576,fold2__t_minus_1_2100_hkt,T1_time_decay_b4
8,0.8,0.9,21,0.8755005298780135,0.7619047619047619,0.11359576797325166,fold2__t_minus_1_2100_hkt,T1_time_decay_b4
9,0.9,1.0,288,0.9915149303080555,0.9930555555555556,0.0015406252475000937,fold2__t_minus_1_2100_hkt,T1_time_decay_b4
0,0.0,0.1,0,,,,fold2__t_minus_1_2100_hkt,H1_b4_challenger_linear_pool
1,0.1,0.2,0,,,,fold2__t_minus_1_2100_hkt,H1_b4_challenger_linear_pool
2,0.2,0.30000000000000004,114,0.27536215793125307,0.20175438596491227,0.0736077719663408,fold2__t_minus_1_2100_hkt,H1_b4_challenger_linear_pool
3,0.30000000000000004,0.4,392,0.34428357872545184,0.35459183673469385,0.01030825800924201,fold2__t_minus_1_2100_hkt,H1_b4_challenger_linear_pool
4,0.4,0.5,121,0.42638122511234167,0.4214876033057851,0.004893621806556558,fold2__t_minus_1_2100_hkt,H1_b4_challenger_linear_pool
5,0.5,0.6000000000000001,16,0.5266821935973265,0.4375,0.08918219359732649,fold2__t_minus_1_2100_hkt,H1_b4_challenger_linear_pool
6,0.6000000000000001,0.7000000000000001,11,0.6163266160021001,0.7272727272727273,0.11094611127062715,fold2__t_minus_1_2100_hkt,H1_b4_challenger_linear_pool
7,0.7000000000000001,0.8,18,0.7264243559547539,0.7222222222222222,0.004202133732531643,fold2__t_minus_1_2100_hkt,H1_b4_challenger_linear_pool
8,0.8,0.9,22,0.8648936949630436,0.8181818181818182,0.04671187678122535,fold2__t_minus_1_2100_hkt,H1_b4_challenger_linear_pool
9,0.9,1.0,283,0.9812231665948312,0.9964664310954063,0.015243264500575116,fold2__t_minus_1_2100_hkt,H1_b4_challenger_linear_pool
0,0.0,0.1,0,,,,fold3__t_minus_1_2100_hkt,B0_climatology
1,0.1,0.2,0,,,,fold3__t_minus_1_2100_hkt,B0_climatology
2,0.2,0.30000000000000004,0,,,,fold3__t_minus_1_2100_hkt,B0_climatology
3,0.30000000000000004,0.4,1007,0.36134137095426616,0.3386295928500497,0.022711778104216485,fold3__t_minus_1_2100_hkt,B0_climatology
4,0.4,0.5,0,,,,fold3__t_minus_1_2100_hkt,B0_climatology
5,0.5,0.6000000000000001,0,,,,fold3__t_minus_1_2100_hkt,B0_climatology
6,0.6000000000000001,0.7000000000000001,0,,,,fold3__t_minus_1_2100_hkt,B0_climatology
7,0.7000000000000001,0.8,0,,,,fold3__t_minus_1_2100_hkt,B0_climatology
8,0.8,0.9,0,,,,fold3__t_minus_1_2100_hkt,B0_climatology
9,0.9,1.0,0,,,,fold3__t_minus_1_2100_hkt,B0_climatology
0,0.0,0.1,0,,,,fold3__t_minus_1_2100_hkt,B1_global_residual_pmf
1,0.1,0.2,0,,,,fold3__t_minus_1_2100_hkt,B1_global_residual_pmf
2,0.2,0.30000000000000004,0,,,,fold3__t_minus_1_2100_hkt,B1_global_residual_pmf
3,0.30000000000000004,0.4,605,0.3183873272925121,0.3305785123966942,0.0121911851041821,fold3__t_minus_1_2100_hkt,B1_global_residual_pmf
4,0.4,0.5,48,0.4376412988938294,0.4375,0.0001412988938294113,fold3__t_minus_1_2100_hkt,B1_global_residual_pmf
5,0.5,0.6000000000000001,21,0.5623587011061703,0.47619047619047616,0.08616822491569409,fold3__t_minus_1_2100_hkt,B1_global_residual_pmf
6,0.6000000000000001,0.7000000000000001,0,,,,fold3__t_minus_1_2100_hkt,B1_global_residual_pmf
7,0.7000000000000001,0.8,52,0.7560286261863415,0.6730769230769231,0.08295170310941835,fold3__t_minus_1_2100_hkt,B1_global_residual_pmf
8,0.8,0.9,3,0.8313865732169998,0.6666666666666666,0.1647199065503332,fold3__t_minus_1_2100_hkt,B1_global_residual_pmf
9,0.9,1.0,278,0.9830247928474963,0.9856115107913669,0.0025867179438705534,fold3__t_minus_1_2100_hkt,B1_global_residual_pmf
0,0.0,0.1,0,,,,fold3__t_minus_1_2100_hkt,B2_month_residual_pmf
1,0.1,0.2,0,,,,fold3__t_minus_1_2100_hkt,B2_month_residual_pmf
2,0.2,0.30000000000000004,149,0.25926634624231887,0.2953020134228188,0.03603566718049994,fold3__t_minus_1_2100_hkt,B2_month_residual_pmf
3,0.30000000000000004,0.4,472,0.3539154225861941,0.3389830508474576,0.01493237173873646,fold3__t_minus_1_2100_hkt,B2_month_residual_pmf
4,0.4,0.5,32,0.4374520613969535,0.40625,0.031202061396953473,fold3__t_minus_1_2100_hkt,B2_month_residual_pmf
5,0.5,0.6000000000000001,21,0.5431876798410713,0.47619047619047616,0.06699720365059514,fold3__t_minus_1_2100_hkt,B2_month_residual_pmf
6,0.6000000000000001,0.7000000000000001,28,0.6807518297815227,0.7142857142857143,0.03353388450419159,fold3__t_minus_1_2100_hkt,B2_month_residual_pmf
7,0.7000000000000001,0.8,23,0.747319871591988,0.6956521739130435,0.051667697678944524,fold3__t_minus_1_2100_hkt,B2_month_residual_pmf
8,0.8,0.9,33,0.8526807420512017,0.8181818181818182,0.03449892386938347,fold3__t_minus_1_2100_hkt,B2_month_residual_pmf
9,0.9,1.0,249,0.9872795783954434,0.9959839357429718,0.00870435734752839,fold3__t_minus_1_2100_hkt,B2_month_residual_pmf
0,0.0,0.1,0,,,,fold3__t_minus_1_2100_hkt,B3_forecast_level_residual_pmf
1,0.1,0.2,0,,,,fold3__t_minus_1_2100_hkt,B3_forecast_level_residual_pmf
2,0.2,0.30000000000000004,134,0.29081452238878336,0.3656716417910448,0.07485711940226142,fold3__t_minus_1_2100_hkt,B3_forecast_level_residual_pmf
3,0.30000000000000004,0.4,344,0.33797247833841537,0.2936046511627907,0.04436782717562465,fold3__t_minus_1_2100_hkt,B3_forecast_level_residual_pmf
4,0.4,0.5,196,0.4304954642662398,0.42346938775510207,0.0070260765111377355,fold3__t_minus_1_2100_hkt,B3_forecast_level_residual_pmf
5,0.5,0.6000000000000001,0,,,,fold3__t_minus_1_2100_hkt,B3_forecast_level_residual_pmf
6,0.6000000000000001,0.7000000000000001,52,0.6404700542920145,0.6730769230769231,0.032606868784908594,fold3__t_minus_1_2100_hkt,B3_forecast_level_residual_pmf
7,0.7000000000000001,0.8,0,,,,fold3__t_minus_1_2100_hkt,B3_forecast_level_residual_pmf
8,0.8,0.9,3,0.844356836815693,0.6666666666666666,0.17769017014902633,fold3__t_minus_1_2100_hkt,B3_forecast_level_residual_pmf
9,0.9,1.0,278,0.9761496314820605,0.9856115107913669,0.00946187930930642,fold3__t_minus_1_2100_hkt,B3_forecast_level_residual_pmf
0,0.0,0.1,0,,,,fold3__t_minus_1_2100_hkt,B4_hierarchical_residual_pmf
1,0.1,0.2,0,,,,fold3__t_minus_1_2100_hkt,B4_hierarchical_residual_pmf
2,0.2,0.30000000000000004,148,0.27621054927378674,0.2702702702702703,0.005940279003516458,fold3__t_minus_1_2100_hkt,B4_hierarchical_residual_pmf
3,0.30000000000000004,0.4,346,0.3542812092961867,0.315028901734104,0.0392523075620827,fold3__t_minus_1_2100_hkt,B4_hierarchical_residual_pmf
4,0.4,0.5,166,0.4242271653401542,0.39156626506024095,0.03266090027991325,fold3__t_minus_1_2100_hkt,B4_hierarchical_residual_pmf
5,0.5,0.6000000000000001,14,0.5300135368715658,0.5,0.030013536871565827,fold3__t_minus_1_2100_hkt,B4_hierarchical_residual_pmf
6,0.6000000000000001,0.7000000000000001,28,0.6231384002058988,0.7142857142857143,0.09114731407981547,fold3__t_minus_1_2100_hkt,B4_hierarchical_residual_pmf
7,0.7000000000000001,0.8,23,0.7393661141892242,0.6956521739130435,0.043713940276180696,fold3__t_minus_1_2100_hkt,B4_hierarchical_residual_pmf
8,0.8,0.9,35,0.8574360568186034,0.8285714285714286,0.02886462824717473,fold3__t_minus_1_2100_hkt,B4_hierarchical_residual_pmf
9,0.9,1.0,247,0.988873605509946,0.9959514170040485,0.007077811494102582,fold3__t_minus_1_2100_hkt,B4_hierarchical_residual_pmf
0,0.0,0.1,0,,,,fold3__t_minus_1_2100_hkt,B5_kernel_analog_pmf
1,0.1,0.2,0,,,,fold3__t_minus_1_2100_hkt,B5_kernel_analog_pmf
2,0.2,0.30000000000000004,147,0.2721536600155336,0.2585034013605442,0.013650258654989367,fold3__t_minus_1_2100_hkt,B5_kernel_analog_pmf
3,0.30000000000000004,0.4,281,0.34972651389554793,0.3167259786476868,0.03300053524786112,fold3__t_minus_1_2100_hkt,B5_kernel_analog_pmf
4,0.4,0.5,244,0.43146481823803723,0.38114754098360654,0.05031727725443069,fold3__t_minus_1_2100_hkt,B5_kernel_analog_pmf
5,0.5,0.6000000000000001,2,0.5071159067889284,0.5,0.007115906788928372,fold3__t_minus_1_2100_hkt,B5_kernel_analog_pmf
6,0.6000000000000001,0.7000000000000001,35,0.6286867342809478,0.6857142857142857,0.05702755143333793,fold3__t_minus_1_2100_hkt,B5_kernel_analog_pmf
7,0.7000000000000001,0.8,17,0.733787638095847,0.6470588235294118,0.08672881456643522,fold3__t_minus_1_2100_hkt,B5_kernel_analog_pmf
8,0.8,0.9,34,0.8552938846028219,0.8823529411764706,0.02705905657364871,fold3__t_minus_1_2100_hkt,B5_kernel_analog_pmf
9,0.9,1.0,247,0.9882700713234042,0.9959514170040485,0.00768134568064438,fold3__t_minus_1_2100_hkt,B5_kernel_analog_pmf
0,0.0,0.1,0,,,,fold3__t_minus_1_2100_hkt,B6_month_climatology_diagnostic
1,0.1,0.2,89,0.19656705614724435,0.07865168539325842,0.11791537075398592,fold3__t_minus_1_2100_hkt,B6_month_climatology_diagnostic
2,0.2,0.30000000000000004,442,0.23832380943226703,0.20135746606334842,0.0369663433689186,fold3__t_minus_1_2100_hkt,B6_month_climatology_diagnostic
3,0.30000000000000004,0.4,0,,,,fold3__t_minus_1_2100_hkt,B6_month_climatology_diagnostic
4,0.4,0.5,87,0.4263598770013787,0.27586206896551724,0.15049780803586144,fold3__t_minus_1_2100_hkt,B6_month_climatology_diagnostic
5,0.5,0.6000000000000001,77,0.5354523227383864,0.4155844155844156,0.11986790715397078,fold3__t_minus_1_2100_hkt,B6_month_climatology_diagnostic
6,0.6000000000000001,0.7000000000000001,0,,,,fold3__t_minus_1_2100_hkt,B6_month_climatology_diagnostic
7,0.7000000000000001,0.8,83,0.7826329283246016,0.7469879518072289,0.03564497651737275,fold3__t_minus_1_2100_hkt,B6_month_climatology_diagnostic
8,0.8,0.9,0,,,,fold3__t_minus_1_2100_hkt,B6_month_climatology_diagnostic
9,0.9,1.0,229,0.9614358394372118,0.9126637554585153,0.04877208397869648,fold3__t_minus_1_2100_hkt,B6_month_climatology_diagnostic
0,0.0,0.1,0,,,,fold3__t_minus_1_2100_hkt,P1_normal_mos
1,0.1,0.2,0,,,,fold3__t_minus_1_2100_hkt,P1_normal_mos
2,0.2,0.30000000000000004,543,0.2923838812377617,0.3296500920810313,0.03726621084326959,fold3__t_minus_1_2100_hkt,P1_normal_mos
3,0.30000000000000004,0.4,62,0.3021879160038946,0.22580645161290322,0.07638146439099139,fold3__t_minus_1_2100_hkt,P1_normal_mos
4,0.4,0.5,68,0.4468171856096986,0.4411764705882353,0.005640715021463294,fold3__t_minus_1_2100_hkt,P1_normal_mos
5,0.5,0.6000000000000001,1,0.5238801567411531,1.0,0.47611984325884693,fold3__t_minus_1_2100_hkt,P1_normal_mos
6,0.6000000000000001,0.7000000000000001,1,0.6864399215908948,0.0,0.6864399215908948,fold3__t_minus_1_2100_hkt,P1_normal_mos
7,0.7000000000000001,0.8,54,0.7369086105149973,0.6851851851851852,0.05172342532981211,fold3__t_minus_1_2100_hkt,P1_normal_mos
8,0.8,0.9,0,,,,fold3__t_minus_1_2100_hkt,P1_normal_mos
9,0.9,1.0,278,0.9821307551024968,0.9856115107913669,0.003480755688870074,fold3__t_minus_1_2100_hkt,P1_normal_mos
0,0.0,0.1,0,,,,fold3__t_minus_1_2100_hkt,P2_student_t_mos
1,0.1,0.2,0,,,,fold3__t_minus_1_2100_hkt,P2_student_t_mos
2,0.2,0.30000000000000004,605,0.2858637252425718,0.31900826446280994,0.033144539220238134,fold3__t_minus_1_2100_hkt,P2_student_t_mos
3,0.30000000000000004,0.4,0,,,,fold3__t_minus_1_2100_hkt,P2_student_t_mos
4,0.4,0.5,68,0.4479342597344526,0.4411764705882353,0.00675778914621733,fold3__t_minus_1_2100_hkt,P2_student_t_mos
5,0.5,0.6000000000000001,1,0.5233871969940402,1.0,0.47661280300595976,fold3__t_minus_1_2100_hkt,P2_student_t_mos
6,0.6000000000000001,0.7000000000000001,1,0.682065297835734,0.0,0.682065297835734,fold3__t_minus_1_2100_hkt,P2_student_t_mos
7,0.7000000000000001,0.8,54,0.730950847134176,0.6851851851851852,0.04576566194899079,fold3__t_minus_1_2100_hkt,P2_student_t_mos
8,0.8,0.9,8,0.8973375461306821,1.0,0.10266245386931794,fold3__t_minus_1_2100_hkt,P2_student_t_mos
9,0.9,1.0,270,0.9794304793699647,0.9851851851851852,0.005754705815220418,fold3__t_minus_1_2100_hkt,P2_student_t_mos
0,0.0,0.1,0,,,,fold3__t_minus_1_2100_hkt,C1_multinomial_ridge
1,0.1,0.2,0,,,,fold3__t_minus_1_2100_hkt,C1_multinomial_ridge
2,0.2,0.30000000000000004,222,0.27731589955610747,0.25225225225225223,0.02506364730385524,fold3__t_minus_1_2100_hkt,C1_multinomial_ridge
3,0.30000000000000004,0.4,306,0.33961902853987935,0.3431372549019608,0.0035182263620814336,fold3__t_minus_1_2100_hkt,C1_multinomial_ridge
4,0.4,0.5,137,0.43222684874221984,0.39416058394160586,0.03806626480061398,fold3__t_minus_1_2100_hkt,C1_multinomial_ridge
5,0.5,0.6000000000000001,9,0.5274924251567535,0.2222222222222222,0.30527020293453133,fold3__t_minus_1_2100_hkt,C1_multinomial_ridge
6,0.6000000000000001,0.7000000000000001,11,0.6572352610244445,0.36363636363636365,0.29359889738808087,fold3__t_minus_1_2100_hkt,C1_multinomial_ridge
7,0.7000000000000001,0.8,41,0.7412076941564131,0.7560975609756098,0.014889866819196684,fold3__t_minus_1_2100_hkt,C1_multinomial_ridge
8,0.8,0.9,40,0.8722563101872611,0.925,0.052743689812738914,fold3__t_minus_1_2100_hkt,C1_multinomial_ridge
9,0.9,1.0,241,0.9802253021330991,0.991701244813278,0.01147594268017893,fold3__t_minus_1_2100_hkt,C1_multinomial_ridge
0,0.0,0.1,0,,,,fold3__t_minus_1_2100_hkt,C2_ordinal_cdf_logistic
1,0.1,0.2,0,,,,fold3__t_minus_1_2100_hkt,C2_ordinal_cdf_logistic
2,0.2,0.30000000000000004,158,0.27918936043472337,0.27848101265822783,0.0007083477764955326,fold3__t_minus_1_2100_hkt,C2_ordinal_cdf_logistic
3,0.30000000000000004,0.4,370,0.340663851749428,0.34594594594594597,0.0052820941965179835,fold3__t_minus_1_2100_hkt,C2_ordinal_cdf_logistic
4,0.4,0.5,134,0.4420234898149394,0.30597014925373134,0.13605334056120805,fold3__t_minus_1_2100_hkt,C2_ordinal_cdf_logistic
5,0.5,0.6000000000000001,16,0.5108155765652477,0.4375,0.07331557656524768,fold3__t_minus_1_2100_hkt,C2_ordinal_cdf_logistic
6,0.6000000000000001,0.7000000000000001,20,0.6637146956921957,0.65,0.013714695692195633,fold3__t_minus_1_2100_hkt,C2_ordinal_cdf_logistic
7,0.7000000000000001,0.8,32,0.7442368403573222,0.75,0.0057631596426778176,fold3__t_minus_1_2100_hkt,C2_ordinal_cdf_logistic
8,0.8,0.9,46,0.872900370415352,0.9130434782608695,0.040143107845517556,fold3__t_minus_1_2100_hkt,C2_ordinal_cdf_logistic
9,0.9,1.0,231,0.9843035536901962,0.9956709956709957,0.01136744198079953,fold3__t_minus_1_2100_hkt,C2_ordinal_cdf_logistic
0,0.0,0.1,0,,,,fold3__t_minus_1_2100_hkt,K0_B4_identity
1,0.1,0.2,0,,,,fold3__t_minus_1_2100_hkt,K0_B4_identity
2,0.2,0.30000000000000004,148,0.27621054927378674,0.2702702702702703,0.005940279003516458,fold3__t_minus_1_2100_hkt,K0_B4_identity
3,0.30000000000000004,0.4,346,0.3542812092961867,0.315028901734104,0.0392523075620827,fold3__t_minus_1_2100_hkt,K0_B4_identity
4,0.4,0.5,166,0.4242271653401542,0.39156626506024095,0.03266090027991325,fold3__t_minus_1_2100_hkt,K0_B4_identity
5,0.5,0.6000000000000001,14,0.5300135368715658,0.5,0.030013536871565827,fold3__t_minus_1_2100_hkt,K0_B4_identity
6,0.6000000000000001,0.7000000000000001,28,0.6231384002058988,0.7142857142857143,0.09114731407981547,fold3__t_minus_1_2100_hkt,K0_B4_identity
7,0.7000000000000001,0.8,23,0.7393661141892242,0.6956521739130435,0.043713940276180696,fold3__t_minus_1_2100_hkt,K0_B4_identity
8,0.8,0.9,35,0.8574360568186034,0.8285714285714286,0.02886462824717473,fold3__t_minus_1_2100_hkt,K0_B4_identity
9,0.9,1.0,247,0.988873605509946,0.9959514170040485,0.007077811494102582,fold3__t_minus_1_2100_hkt,K0_B4_identity
0,0.0,0.1,0,,,,fold3__t_minus_1_2100_hkt,K1_B4_power_calibrated
1,0.1,0.2,0,,,,fold3__t_minus_1_2100_hkt,K1_B4_power_calibrated
2,0.2,0.30000000000000004,178,0.27478583323570444,0.29213483146067415,0.017348998224969714,fold3__t_minus_1_2100_hkt,K1_B4_power_calibrated
3,0.30000000000000004,0.4,381,0.3578879056231219,0.33070866141732286,0.027179244205799036,fold3__t_minus_1_2100_hkt,K1_B4_power_calibrated
4,0.4,0.5,106,0.4303261335804378,0.3584905660377358,0.07183556754270198,fold3__t_minus_1_2100_hkt,K1_B4_power_calibrated
5,0.5,0.6000000000000001,29,0.5764510964134608,0.7586206896551724,0.18216959324171156,fold3__t_minus_1_2100_hkt,K1_B4_power_calibrated
6,0.6000000000000001,0.7000000000000001,8,0.6268933216103183,0.375,0.2518933216103183,fold3__t_minus_1_2100_hkt,K1_B4_power_calibrated
7,0.7000000000000001,0.8,26,0.730117380630355,0.6153846153846154,0.11473276524573961,fold3__t_minus_1_2100_hkt,K1_B4_power_calibrated
8,0.8,0.9,32,0.8447956479378753,0.90625,0.061454352062124684,fold3__t_minus_1_2100_hkt,K1_B4_power_calibrated
9,0.9,1.0,247,0.986827164944552,0.9959514170040485,0.009124252059496518,fold3__t_minus_1_2100_hkt,K1_B4_power_calibrated
0,0.0,0.1,0,,,,fold3__t_minus_1_2100_hkt,K2_B4_monotone_cdf_projected
1,0.1,0.2,0,,,,fold3__t_minus_1_2100_hkt,K2_B4_monotone_cdf_projected
2,0.2,0.30000000000000004,148,0.27621054927378674,0.2702702702702703,0.005940279003516458,fold3__t_minus_1_2100_hkt,K2_B4_monotone_cdf_projected
3,0.30000000000000004,0.4,346,0.3542812092961867,0.315028901734104,0.0392523075620827,fold3__t_minus_1_2100_hkt,K2_B4_monotone_cdf_projected
4,0.4,0.5,166,0.4242271653401542,0.39156626506024095,0.03266090027991325,fold3__t_minus_1_2100_hkt,K2_B4_monotone_cdf_projected
5,0.5,0.6000000000000001,14,0.5300135368715658,0.5,0.030013536871565827,fold3__t_minus_1_2100_hkt,K2_B4_monotone_cdf_projected
6,0.6000000000000001,0.7000000000000001,28,0.6231384002058987,0.7142857142857143,0.09114731407981558,fold3__t_minus_1_2100_hkt,K2_B4_monotone_cdf_projected
7,0.7000000000000001,0.8,23,0.7393661141892242,0.6956521739130435,0.043713940276180696,fold3__t_minus_1_2100_hkt,K2_B4_monotone_cdf_projected
8,0.8,0.9,35,0.8574360568186034,0.8285714285714286,0.02886462824717473,fold3__t_minus_1_2100_hkt,K2_B4_monotone_cdf_projected
9,0.9,1.0,247,0.9888736055099457,0.9959514170040485,0.007077811494102804,fold3__t_minus_1_2100_hkt,K2_B4_monotone_cdf_projected
0,0.0,0.1,0,,,,fold3__t_minus_1_2100_hkt,S1_conservative_simplex_stack
1,0.1,0.2,0,,,,fold3__t_minus_1_2100_hkt,S1_conservative_simplex_stack
2,0.2,0.30000000000000004,134,0.2751044781066786,0.26865671641791045,0.00644776168876815,fold3__t_minus_1_2100_hkt,S1_conservative_simplex_stack
3,0.30000000000000004,0.4,416,0.35348696957535586,0.3317307692307692,0.02175620034458664,fold3__t_minus_1_2100_hkt,S1_conservative_simplex_stack
4,0.4,0.5,115,0.4296463270098964,0.3652173913043478,0.06442893570554858,fold3__t_minus_1_2100_hkt,S1_conservative_simplex_stack
5,0.5,0.6000000000000001,9,0.5320732060603767,0.5555555555555556,0.02348234949517891,fold3__t_minus_1_2100_hkt,S1_conservative_simplex_stack
6,0.6000000000000001,0.7000000000000001,28,0.6364498102077573,0.7142857142857143,0.07783590407795704,fold3__t_minus_1_2100_hkt,S1_conservative_simplex_stack
7,0.7000000000000001,0.8,24,0.7388271468915658,0.6666666666666666,0.07216048022489918,fold3__t_minus_1_2100_hkt,S1_conservative_simplex_stack
8,0.8,0.9,32,0.8616771397288906,0.84375,0.017927139728890595,fold3__t_minus_1_2100_hkt,S1_conservative_simplex_stack
9,0.9,1.0,249,0.9877778173420826,0.9959839357429718,0.00820611840088925,fold3__t_minus_1_2100_hkt,S1_conservative_simplex_stack
0,0.0,0.1,0,,,,fold3__t_minus_1_2100_hkt,E1_normal_emos
1,0.1,0.2,0,,,,fold3__t_minus_1_2100_hkt,E1_normal_emos
2,0.2,0.30000000000000004,0,,,,fold3__t_minus_1_2100_hkt,E1_normal_emos
3,0.30000000000000004,0.4,315,0.3728512534653479,0.29523809523809524,0.07761315822725268,fold3__t_minus_1_2100_hkt,E1_normal_emos
4,0.4,0.5,358,0.43319828874087185,0.3547486033519553,0.07844968538891656,fold3__t_minus_1_2100_hkt,E1_normal_emos
5,0.5,0.6000000000000001,1,0.5433981993161361,1.0,0.4566018006838639,fold3__t_minus_1_2100_hkt,E1_normal_emos
6,0.6000000000000001,0.7000000000000001,0,,,,fold3__t_minus_1_2100_hkt,E1_normal_emos
7,0.7000000000000001,0.8,18,0.7704515188315196,0.7777777777777778,0.007326258946258157,fold3__t_minus_1_2100_hkt,E1_normal_emos
8,0.8,0.9,37,0.8326186540895435,0.6216216216216216,0.2109970324679219,fold3__t_minus_1_2100_hkt,E1_normal_emos
9,0.9,1.0,278,0.99356868640696,0.9856115107913669,0.00795717561559317,fold3__t_minus_1_2100_hkt,E1_normal_emos
0,0.0,0.1,0,,,,fold3__t_minus_1_2100_hkt,E2_student_t_emos
1,0.1,0.2,0,,,,fold3__t_minus_1_2100_hkt,E2_student_t_emos
2,0.2,0.30000000000000004,3,0.29637676373555627,0.0,0.29637676373555627,fold3__t_minus_1_2100_hkt,E2_student_t_emos
3,0.30000000000000004,0.4,559,0.3536355011297203,0.3112701252236136,0.04236537590610673,fold3__t_minus_1_2100_hkt,E2_student_t_emos
4,0.4,0.5,111,0.4262182838456452,0.4144144144144144,0.011803869431230796,fold3__t_minus_1_2100_hkt,E2_student_t_emos
5,0.5,0.6000000000000001,1,0.5399573245253475,1.0,0.4600426754746525,fold3__t_minus_1_2100_hkt,E2_student_t_emos
6,0.6000000000000001,0.7000000000000001,0,,,,fold3__t_minus_1_2100_hkt,E2_student_t_emos
7,0.7000000000000001,0.8,38,0.7646865668146322,0.631578947368421,0.1331076194462112,fold3__t_minus_1_2100_hkt,E2_student_t_emos
8,0.8,0.9,26,0.8390856976196144,0.8461538461538461,0.007068148534231766,fold3__t_minus_1_2100_hkt,E2_student_t_emos
9,0.9,1.0,269,0.9782007346280546,0.9851301115241635,0.006929376896108952,fold3__t_minus_1_2100_hkt,E2_student_t_emos
0,0.0,0.1,0,,,,fold3__t_minus_1_2100_hkt,E3_two_piece_normal_emos
1,0.1,0.2,0,,,,fold3__t_minus_1_2100_hkt,E3_two_piece_normal_emos
2,0.2,0.30000000000000004,0,,,,fold3__t_minus_1_2100_hkt,E3_two_piece_normal_emos
3,0.30000000000000004,0.4,3,0.394834602017037,0.0,0.394834602017037,fold3__t_minus_1_2100_hkt,E3_two_piece_normal_emos
4,0.4,0.5,522,0.45269404611696823,0.30842911877394635,0.14426492734302188,fold3__t_minus_1_2100_hkt,E3_two_piece_normal_emos
5,0.5,0.6000000000000001,149,0.5237842867513629,0.3624161073825503,0.1613681793688126,fold3__t_minus_1_2100_hkt,E3_two_piece_normal_emos
6,0.6000000000000001,0.7000000000000001,0,,,,fold3__t_minus_1_2100_hkt,E3_two_piece_normal_emos
7,0.7000000000000001,0.8,0,,,,fold3__t_minus_1_2100_hkt,E3_two_piece_normal_emos
8,0.8,0.9,43,0.8620775268145052,0.627906976744186,0.23417055007031917,fold3__t_minus_1_2100_hkt,E3_two_piece_normal_emos
9,0.9,1.0,290,0.9948165433512813,0.9793103448275862,0.01550619852369517,fold3__t_minus_1_2100_hkt,E3_two_piece_normal_emos
0,0.0,0.1,0,,,,fold3__t_minus_1_2100_hkt,G1_gamlss_tree_location_scale
1,0.1,0.2,0,,,,fold3__t_minus_1_2100_hkt,G1_gamlss_tree_location_scale
2,0.2,0.30000000000000004,0,,,,fold3__t_minus_1_2100_hkt,G1_gamlss_tree_location_scale
3,0.30000000000000004,0.4,88,0.380198475387688,0.2727272727272727,0.10747120266041527,fold3__t_minus_1_2100_hkt,G1_gamlss_tree_location_scale
4,0.4,0.5,556,0.4538490781699057,0.33992805755395683,0.11392102061594889,fold3__t_minus_1_2100_hkt,G1_gamlss_tree_location_scale
5,0.5,0.6000000000000001,30,0.5225292091419624,0.4666666666666667,0.05586254247529576,fold3__t_minus_1_2100_hkt,G1_gamlss_tree_location_scale
6,0.6000000000000001,0.7000000000000001,0,,,,fold3__t_minus_1_2100_hkt,G1_gamlss_tree_location_scale
7,0.7000000000000001,0.8,32,0.776261719901947,0.6875,0.08876171990194703,fold3__t_minus_1_2100_hkt,G1_gamlss_tree_location_scale
8,0.8,0.9,21,0.8446833851954333,0.6666666666666666,0.17801671852876666,fold3__t_minus_1_2100_hkt,G1_gamlss_tree_location_scale
9,0.9,1.0,280,0.994575486474283,0.9821428571428571,0.01243262933142586,fold3__t_minus_1_2100_hkt,G1_gamlss_tree_location_scale
0,0.0,0.1,0,,,,fold3__t_minus_1_2100_hkt,Q1_quantile_cdf_gb
1,0.1,0.2,97,0.16951982018965997,0.29896907216494845,0.12944925197528848,fold3__t_minus_1_2100_hkt,Q1_quantile_cdf_gb
2,0.2,0.30000000000000004,507,0.2451773992924577,0.32741617357001973,0.08223877427756204,fold3__t_minus_1_2100_hkt,Q1_quantile_cdf_gb
3,0.30000000000000004,0.4,25,0.32535969190546427,0.36,0.03464030809453572,fold3__t_minus_1_2100_hkt,Q1_quantile_cdf_gb
4,0.4,0.5,48,0.4128753766535767,0.4375,0.02462462334642329,fold3__t_minus_1_2100_hkt,Q1_quantile_cdf_gb
5,0.5,0.6000000000000001,52,0.5408453140460238,0.6730769230769231,0.13223160903089937,fold3__t_minus_1_2100_hkt,Q1_quantile_cdf_gb
6,0.6000000000000001,0.7000000000000001,0,,,,fold3__t_minus_1_2100_hkt,Q1_quantile_cdf_gb
7,0.7000000000000001,0.8,278,0.7783212876231009,0.9856115107913669,0.20729022316826595,fold3__t_minus_1_2100_hkt,Q1_quantile_cdf_gb
8,0.8,0.9,0,,,,fold3__t_minus_1_2100_hkt,Q1_quantile_cdf_gb
9,0.9,1.0,0,,,,fold3__t_minus_1_2100_hkt,Q1_quantile_cdf_gb
0,0.0,0.1,0,,,,fold3__t_minus_1_2100_hkt,Q2_threshold_cdf_gb
1,0.1,0.2,0,,,,fold3__t_minus_1_2100_hkt,Q2_threshold_cdf_gb
2,0.2,0.30000000000000004,261,0.28127186342331423,0.31417624521072796,0.03290438178741373,fold3__t_minus_1_2100_hkt,Q2_threshold_cdf_gb
3,0.30000000000000004,0.4,284,0.3455708406569392,0.34507042253521125,0.0005004181217279635,fold3__t_minus_1_2100_hkt,Q2_threshold_cdf_gb
4,0.4,0.5,118,0.41422306656082664,0.423728813559322,0.009505746998495379,fold3__t_minus_1_2100_hkt,Q2_threshold_cdf_gb
5,0.5,0.6000000000000001,28,0.5413780818850885,0.42857142857142855,0.11280665331365997,fold3__t_minus_1_2100_hkt,Q2_threshold_cdf_gb
6,0.6000000000000001,0.7000000000000001,36,0.6381643792586558,0.7222222222222222,0.08405784296356644,fold3__t_minus_1_2100_hkt,Q2_threshold_cdf_gb
7,0.7000000000000001,0.8,7,0.7617145322657531,0.8571428571428571,0.09542832487710395,fold3__t_minus_1_2100_hkt,Q2_threshold_cdf_gb
8,0.8,0.9,273,0.877469130112221,0.9853479853479854,0.10787885523576435,fold3__t_minus_1_2100_hkt,Q2_threshold_cdf_gb
9,0.9,1.0,0,,,,fold3__t_minus_1_2100_hkt,Q2_threshold_cdf_gb
0,0.0,0.1,0,,,,fold3__t_minus_1_2100_hkt,T1_time_decay_b4
1,0.1,0.2,0,,,,fold3__t_minus_1_2100_hkt,T1_time_decay_b4
2,0.2,0.30000000000000004,96,0.28672401206898557,0.3020833333333333,0.015359321264347747,fold3__t_minus_1_2100_hkt,T1_time_decay_b4
3,0.30000000000000004,0.4,499,0.34334289920422806,0.3466933867735471,0.0033504875693190495,fold3__t_minus_1_2100_hkt,T1_time_decay_b4
4,0.4,0.5,70,0.43911993766613777,0.4,0.03911993766613775,fold3__t_minus_1_2100_hkt,T1_time_decay_b4
5,0.5,0.6000000000000001,6,0.5670909633802651,0.5,0.0670909633802651,fold3__t_minus_1_2100_hkt,T1_time_decay_b4
6,0.6000000000000001,0.7000000000000001,23,0.6845473895393213,0.8260869565217391,0.14153956698241787,fold3__t_minus_1_2100_hkt,T1_time_decay_b4
7,0.7000000000000001,0.8,29,0.7334902154440169,0.6206896551724138,0.11280056027160312,fold3__t_minus_1_2100_hkt,T1_time_decay_b4
8,0.8,0.9,18,0.8705454681586344,0.7777777777777778,0.09276769038085664,fold3__t_minus_1_2100_hkt,T1_time_decay_b4
9,0.9,1.0,266,0.9831717495232113,0.9849624060150376,0.0017906564918263035,fold3__t_minus_1_2100_hkt,T1_time_decay_b4
0,0.0,0.1,0,,,,fold3__t_minus_1_2100_hkt,H1_b4_challenger_linear_pool
1,0.1,0.2,0,,,,fold3__t_minus_1_2100_hkt,H1_b4_challenger_linear_pool
2,0.2,0.30000000000000004,126,0.27773761775415917,0.30952380952380953,0.03178619176965036,fold3__t_minus_1_2100_hkt,H1_b4_challenger_linear_pool
3,0.30000000000000004,0.4,457,0.3545805749288866,0.33698030634573306,0.017600268583153555,fold3__t_minus_1_2100_hkt,H1_b4_challenger_linear_pool
4,0.4,0.5,82,0.4291957611493678,0.35365853658536583,0.07553722456400197,fold3__t_minus_1_2100_hkt,H1_b4_challenger_linear_pool
5,0.5,0.6000000000000001,6,0.5486150362608896,0.5,0.04861503626088959,fold3__t_minus_1_2100_hkt,H1_b4_challenger_linear_pool
6,0.6000000000000001,0.7000000000000001,31,0.6540724653049858,0.7096774193548387,0.055604954049852995,fold3__t_minus_1_2100_hkt,H1_b4_challenger_linear_pool
7,0.7000000000000001,0.8,24,0.7514716541789977,0.625,0.12647165417899775,fold3__t_minus_1_2100_hkt,H1_b4_challenger_linear_pool
8,0.8,0.9,30,0.8704438094614743,0.8666666666666667,0.003777142794807564,fold3__t_minus_1_2100_hkt,H1_b4_challenger_linear_pool
9,0.9,1.0,251,0.9876449473758727,0.9960159362549801,0.008370988879107366,fold3__t_minus_1_2100_hkt,H1_b4_challenger_linear_pool
0,0.0,0.1,0,,,,fold4__t_minus_1_2100_hkt,B0_climatology
1,0.1,0.2,0,,,,fold4__t_minus_1_2100_hkt,B0_climatology
2,0.2,0.30000000000000004,0,,,,fold4__t_minus_1_2100_hkt,B0_climatology
3,0.30000000000000004,0.4,679,0.3577197144996172,0.2974963181148748,0.06022339638474239,fold4__t_minus_1_2100_hkt,B0_climatology
4,0.4,0.5,0,,,,fold4__t_minus_1_2100_hkt,B0_climatology
5,0.5,0.6000000000000001,0,,,,fold4__t_minus_1_2100_hkt,B0_climatology
6,0.6000000000000001,0.7000000000000001,0,,,,fold4__t_minus_1_2100_hkt,B0_climatology
7,0.7000000000000001,0.8,0,,,,fold4__t_minus_1_2100_hkt,B0_climatology
8,0.8,0.9,0,,,,fold4__t_minus_1_2100_hkt,B0_climatology
9,0.9,1.0,0,,,,fold4__t_minus_1_2100_hkt,B0_climatology
0,0.0,0.1,0,,,,fold4__t_minus_1_2100_hkt,B1_global_residual_pmf
1,0.1,0.2,0,,,,fold4__t_minus_1_2100_hkt,B1_global_residual_pmf
2,0.2,0.30000000000000004,0,,,,fold4__t_minus_1_2100_hkt,B1_global_residual_pmf
3,0.30000000000000004,0.4,408,0.3200316599956247,0.3602941176470588,0.0402624576514341,fold4__t_minus_1_2100_hkt,B1_global_residual_pmf
4,0.4,0.5,38,0.4391132247305959,0.42105263157894735,0.01806059315164854,fold4__t_minus_1_2100_hkt,B1_global_residual_pmf
5,0.5,0.6000000000000001,31,0.5608867752694038,0.41935483870967744,0.14153193655972635,fold4__t_minus_1_2100_hkt,B1_global_residual_pmf
6,0.6000000000000001,0.7000000000000001,0,,,,fold4__t_minus_1_2100_hkt,B1_global_residual_pmf
7,0.7000000000000001,0.8,33,0.7591448847262205,0.696969696969697,0.06217518775652353,fold4__t_minus_1_2100_hkt,B1_global_residual_pmf
8,0.8,0.9,4,0.8330957925928604,0.75,0.08309579259286037,fold4__t_minus_1_2100_hkt,B1_global_residual_pmf
9,0.9,1.0,165,0.9836934529425679,0.9636363636363636,0.020057089306204312,fold4__t_minus_1_2100_hkt,B1_global_residual_pmf
0,0.0,0.1,0,,,,fold4__t_minus_1_2100_hkt,B2_month_residual_pmf
1,0.1,0.2,0,,,,fold4__t_minus_1_2100_hkt,B2_month_residual_pmf
2,0.2,0.30000000000000004,110,0.26709680811139763,0.33636363636363636,0.06926682825223873,fold4__t_minus_1_2100_hkt,B2_month_residual_pmf
3,0.30000000000000004,0.4,298,0.35097435926187315,0.3691275167785235,0.018153157516650364,fold4__t_minus_1_2100_hkt,B2_month_residual_pmf
4,0.4,0.5,38,0.42377260766590963,0.42105263157894735,0.0027199760869622835,fold4__t_minus_1_2100_hkt,B2_month_residual_pmf
5,0.5,0.6000000000000001,31,0.5396944412254215,0.41935483870967744,0.1203396025157441,fold4__t_minus_1_2100_hkt,B2_month_residual_pmf
6,0.6000000000000001,0.7000000000000001,24,0.6909868491079392,0.7083333333333334,0.0173464842253942,fold4__t_minus_1_2100_hkt,B2_month_residual_pmf
7,0.7000000000000001,0.8,8,0.7487046264799583,0.75,0.0012953735200417205,fold4__t_minus_1_2100_hkt,B2_month_residual_pmf
8,0.8,0.9,22,0.8646162269049769,0.7272727272727273,0.13734349963224957,fold4__t_minus_1_2100_hkt,B2_month_residual_pmf
9,0.9,1.0,148,0.9875235518275931,0.9864864864864865,0.001037065341106591,fold4__t_minus_1_2100_hkt,B2_month_residual_pmf
0,0.0,0.1,0,,,,fold4__t_minus_1_2100_hkt,B3_forecast_level_residual_pmf
1,0.1,0.2,0,,,,fold4__t_minus_1_2100_hkt,B3_forecast_level_residual_pmf
2,0.2,0.30000000000000004,0,,,,fold4__t_minus_1_2100_hkt,B3_forecast_level_residual_pmf
3,0.30000000000000004,0.4,313,0.3267398012675834,0.3258785942492013,0.0008612070183821041,fold4__t_minus_1_2100_hkt,B3_forecast_level_residual_pmf
4,0.4,0.5,164,0.4320935917454365,0.40853658536585363,0.023557006379582857,fold4__t_minus_1_2100_hkt,B3_forecast_level_residual_pmf
5,0.5,0.6000000000000001,0,,,,fold4__t_minus_1_2100_hkt,B3_forecast_level_residual_pmf
6,0.6000000000000001,0.7000000000000001,33,0.6464252162437187,0.696969696969697,0.05054448072597828,fold4__t_minus_1_2100_hkt,B3_forecast_level_residual_pmf
7,0.7000000000000001,0.8,0,,,,fold4__t_minus_1_2100_hkt,B3_forecast_level_residual_pmf
8,0.8,0.9,4,0.8123218444446461,0.75,0.06232184444464606,fold4__t_minus_1_2100_hkt,B3_forecast_level_residual_pmf
9,0.9,1.0,165,0.977296680077667,0.9636363636363636,0.013660316441303388,fold4__t_minus_1_2100_hkt,B3_forecast_level_residual_pmf
0,0.0,0.1,0,,,,fold4__t_minus_1_2100_hkt,B4_hierarchical_residual_pmf
1,0.1,0.2,0,,,,fold4__t_minus_1_2100_hkt,B4_hierarchical_residual_pmf
2,0.2,0.30000000000000004,67,0.2779350645147556,0.29850746268656714,0.020572398171811557,fold4__t_minus_1_2100_hkt,B4_hierarchical_residual_pmf
3,0.30000000000000004,0.4,242,0.3471832562657415,0.33884297520661155,0.008340281059129928,fold4__t_minus_1_2100_hkt,B4_hierarchical_residual_pmf
4,0.4,0.5,153,0.42737445572457144,0.38562091503267976,0.04175354069189169,fold4__t_minus_1_2100_hkt,B4_hierarchical_residual_pmf
5,0.5,0.6000000000000001,15,0.5317594383748679,0.4,0.13175943837486792,fold4__t_minus_1_2100_hkt,B4_hierarchical_residual_pmf
6,0.6000000000000001,0.7000000000000001,24,0.63739846821019,0.7083333333333334,0.0709348651231434,fold4__t_minus_1_2100_hkt,B4_hierarchical_residual_pmf
7,0.7000000000000001,0.8,9,0.7329028242193627,0.6666666666666666,0.06623615755269607,fold4__t_minus_1_2100_hkt,B4_hierarchical_residual_pmf
8,0.8,0.9,21,0.8714469838651896,0.7619047619047619,0.10954222196042773,fold4__t_minus_1_2100_hkt,B4_hierarchical_residual_pmf
9,0.9,1.0,148,0.9881444207499188,0.9864864864864865,0.0016579342634323035,fold4__t_minus_1_2100_hkt,B4_hierarchical_residual_pmf
0,0.0,0.1,0,,,,fold4__t_minus_1_2100_hkt,B5_kernel_analog_pmf
1,0.1,0.2,0,,,,fold4__t_minus_1_2100_hkt,B5_kernel_analog_pmf
2,0.2,0.30000000000000004,65,0.27505152572324243,0.23076923076923078,0.04428229495401165,fold4__t_minus_1_2100_hkt,B5_kernel_analog_pmf
3,0.30000000000000004,0.4,204,0.3462089129759914,0.31862745098039214,0.027581461995599243,fold4__t_minus_1_2100_hkt,B5_kernel_analog_pmf
4,0.4,0.5,202,0.42992208701851986,0.39603960396039606,0.0338824830581238,fold4__t_minus_1_2100_hkt,B5_kernel_analog_pmf
5,0.5,0.6000000000000001,6,0.5036308528364217,0.8333333333333334,0.32970248049691164,fold4__t_minus_1_2100_hkt,B5_kernel_analog_pmf
6,0.6000000000000001,0.7000000000000001,26,0.6282199140692638,0.6923076923076923,0.06408777823842848,fold4__t_minus_1_2100_hkt,B5_kernel_analog_pmf
7,0.7000000000000001,0.8,7,0.7548530821349783,0.7142857142857143,0.04056736784926396,fold4__t_minus_1_2100_hkt,B5_kernel_analog_pmf
8,0.8,0.9,13,0.8504048486124958,0.7692307692307693,0.0811740793817265,fold4__t_minus_1_2100_hkt,B5_kernel_analog_pmf
9,0.9,1.0,156,0.9825946838252574,0.9743589743589743,0.008235709466283048,fold4__t_minus_1_2100_hkt,B5_kernel_analog_pmf
0,0.0,0.1,0,,,,fold4__t_minus_1_2100_hkt,B6_month_climatology_diagnostic
1,0.1,0.2,118,0.18715851380435633,0.0847457627118644,0.10241275109249193,fold4__t_minus_1_2100_hkt,B6_month_climatology_diagnostic
2,0.2,0.30000000000000004,239,0.24061507794561868,0.20502092050209206,0.03559415744352662,fold4__t_minus_1_2100_hkt,B6_month_climatology_diagnostic
3,0.30000000000000004,0.4,0,,,,fold4__t_minus_1_2100_hkt,B6_month_climatology_diagnostic
4,0.4,0.5,59,0.40291827052188695,0.3389830508474576,0.06393521967442933,fold4__t_minus_1_2100_hkt,B6_month_climatology_diagnostic
5,0.5,0.6000000000000001,50,0.5156266781226506,0.22,0.29562667812265064,fold4__t_minus_1_2100_hkt,B6_month_climatology_diagnostic
6,0.6000000000000001,0.7000000000000001,0,,,,fold4__t_minus_1_2100_hkt,B6_month_climatology_diagnostic
7,0.7000000000000001,0.8,61,0.7770670680086538,0.5409836065573771,0.23608346145127668,fold4__t_minus_1_2100_hkt,B6_month_climatology_diagnostic
8,0.8,0.9,0,,,,fold4__t_minus_1_2100_hkt,B6_month_climatology_diagnostic
9,0.9,1.0,152,0.9522361945381889,0.9013157894736842,0.05092040506450468,fold4__t_minus_1_2100_hkt,B6_month_climatology_diagnostic
0,0.0,0.1,0,,,,fold4__t_minus_1_2100_hkt,P1_normal_mos
1,0.1,0.2,0,,,,fold4__t_minus_1_2100_hkt,P1_normal_mos
2,0.2,0.30000000000000004,322,0.2935125777754055,0.3416149068322981,0.0481023290568926,fold4__t_minus_1_2100_hkt,P1_normal_mos
3,0.30000000000000004,0.4,86,0.3027329159614495,0.36046511627906974,0.05773220031762022,fold4__t_minus_1_2100_hkt,P1_normal_mos
4,0.4,0.5,69,0.4659721328570419,0.42028985507246375,0.045682277784578174,fold4__t_minus_1_2100_hkt,P1_normal_mos
5,0.5,0.6000000000000001,0,,,,fold4__t_minus_1_2100_hkt,P1_normal_mos
6,0.6000000000000001,0.7000000000000001,1,0.6993227736290043,0.0,0.6993227736290043,fold4__t_minus_1_2100_hkt,P1_normal_mos
7,0.7000000000000001,0.8,36,0.743950375861871,0.7222222222222222,0.02172815363964875,fold4__t_minus_1_2100_hkt,P1_normal_mos
8,0.8,0.9,0,,,,fold4__t_minus_1_2100_hkt,P1_normal_mos
9,0.9,1.0,165,0.9835290691140954,0.9636363636363636,0.01989270547773181,fold4__t_minus_1_2100_hkt,P1_normal_mos
0,0.0,0.1,0,,,,fold4__t_minus_1_2100_hkt,P2_student_t_mos
1,0.1,0.2,0,,,,fold4__t_minus_1_2100_hkt,P2_student_t_mos
2,0.2,0.30000000000000004,407,0.2877950288850272,0.3464373464373464,0.05864231755231919,fold4__t_minus_1_2100_hkt,P2_student_t_mos
3,0.30000000000000004,0.4,1,0.301142698311542,0.0,0.301142698311542,fold4__t_minus_1_2100_hkt,P2_student_t_mos
4,0.4,0.5,69,0.46668052883235556,0.42028985507246375,0.04639067375989181,fold4__t_minus_1_2100_hkt,P2_student_t_mos
5,0.5,0.6000000000000001,0,,,,fold4__t_minus_1_2100_hkt,P2_student_t_mos
6,0.6000000000000001,0.7000000000000001,1,0.6945679021001044,0.0,0.6945679021001044,fold4__t_minus_1_2100_hkt,P2_student_t_mos
7,0.7000000000000001,0.8,36,0.7377580049246266,0.7222222222222222,0.01553578270240441,fold4__t_minus_1_2100_hkt,P2_student_t_mos
8,0.8,0.9,2,0.8978366982838115,1.0,0.10216330171618848,fold4__t_minus_1_2100_hkt,P2_student_t_mos
9,0.9,1.0,163,0.9787725267732039,0.9631901840490797,0.015582342724124176,fold4__t_minus_1_2100_hkt,P2_student_t_mos
0,0.0,0.1,0,,,,fold4__t_minus_1_2100_hkt,C1_multinomial_ridge
1,0.1,0.2,0,,,,fold4__t_minus_1_2100_hkt,C1_multinomial_ridge
2,0.2,0.30000000000000004,143,0.28373739769533807,0.32867132867132864,0.04493393097599058,fold4__t_minus_1_2100_hkt,C1_multinomial_ridge
3,0.30000000000000004,0.4,227,0.3413742856339155,0.3656387665198238,0.024264480885908324,fold4__t_minus_1_2100_hkt,C1_multinomial_ridge
4,0.4,0.5,95,0.4295206256013616,0.4421052631578947,0.012584637556533107,fold4__t_minus_1_2100_hkt,C1_multinomial_ridge
5,0.5,0.6000000000000001,16,0.5314927092424278,0.4375,0.09399270924242775,fold4__t_minus_1_2100_hkt,C1_multinomial_ridge
6,0.6000000000000001,0.7000000000000001,0,,,,fold4__t_minus_1_2100_hkt,C1_multinomial_ridge
7,0.7000000000000001,0.8,33,0.7462310581548822,0.696969696969697,0.049261361185185204,fold4__t_minus_1_2100_hkt,C1_multinomial_ridge
8,0.8,0.9,20,0.8814579813320875,0.85,0.03145798133208755,fold4__t_minus_1_2100_hkt,C1_multinomial_ridge
9,0.9,1.0,145,0.9762845817237231,0.9793103448275862,0.003025763103863044,fold4__t_minus_1_2100_hkt,C1_multinomial_ridge
0,0.0,0.1,0,,,,fold4__t_minus_1_2100_hkt,C2_ordinal_cdf_logistic
1,0.1,0.2,0,,,,fold4__t_minus_1_2100_hkt,C2_ordinal_cdf_logistic
2,0.2,0.30000000000000004,65,0.2821562666157826,0.3230769230769231,0.040920656461140514,fold4__t_minus_1_2100_hkt,C2_ordinal_cdf_logistic
3,0.30000000000000004,0.4,290,0.3400496749334092,0.3413793103448276,0.001329635411418395,fold4__t_minus_1_2100_hkt,C2_ordinal_cdf_logistic
4,0.4,0.5,112,0.43994747417276775,0.4375,0.0024474741727677496,fold4__t_minus_1_2100_hkt,C2_ordinal_cdf_logistic
5,0.5,0.6000000000000001,14,0.5226382795797662,0.6428571428571429,0.12021886327737674,fold4__t_minus_1_2100_hkt,C2_ordinal_cdf_logistic
6,0.6000000000000001,0.7000000000000001,10,0.6736772887453871,0.4,0.2736772887453871,fold4__t_minus_1_2100_hkt,C2_ordinal_cdf_logistic
7,0.7000000000000001,0.8,23,0.7266414099577873,0.8260869565217391,0.09944554656395188,fold4__t_minus_1_2100_hkt,C2_ordinal_cdf_logistic
8,0.8,0.9,24,0.8846456381990616,0.875,0.009645638199061612,fold4__t_minus_1_2100_hkt,C2_ordinal_cdf_logistic
9,0.9,1.0,141,0.980464605307811,0.9787234042553191,0.0017412010524918697,fold4__t_minus_1_2100_hkt,C2_ordinal_cdf_logistic
0,0.0,0.1,0,,,,fold4__t_minus_1_2100_hkt,K0_B4_identity
1,0.1,0.2,0,,,,fold4__t_minus_1_2100_hkt,K0_B4_identity
2,0.2,0.30000000000000004,67,0.2779350645147556,0.29850746268656714,0.020572398171811557,fold4__t_minus_1_2100_hkt,K0_B4_identity
3,0.30000000000000004,0.4,242,0.3471832562657415,0.33884297520661155,0.008340281059129928,fold4__t_minus_1_2100_hkt,K0_B4_identity
4,0.4,0.5,153,0.42737445572457144,0.38562091503267976,0.04175354069189169,fold4__t_minus_1_2100_hkt,K0_B4_identity
5,0.5,0.6000000000000001,15,0.5317594383748679,0.4,0.13175943837486792,fold4__t_minus_1_2100_hkt,K0_B4_identity
6,0.6000000000000001,0.7000000000000001,24,0.63739846821019,0.7083333333333334,0.0709348651231434,fold4__t_minus_1_2100_hkt,K0_B4_identity
7,0.7000000000000001,0.8,9,0.7329028242193627,0.6666666666666666,0.06623615755269607,fold4__t_minus_1_2100_hkt,K0_B4_identity
8,0.8,0.9,21,0.8714469838651896,0.7619047619047619,0.10954222196042773,fold4__t_minus_1_2100_hkt,K0_B4_identity
9,0.9,1.0,148,0.9881444207499188,0.9864864864864865,0.0016579342634323035,fold4__t_minus_1_2100_hkt,K0_B4_identity
0,0.0,0.1,0,,,,fold4__t_minus_1_2100_hkt,K1_B4_power_calibrated
1,0.1,0.2,0,,,,fold4__t_minus_1_2100_hkt,K1_B4_power_calibrated
2,0.2,0.30000000000000004,72,0.2735929816118121,0.2916666666666667,0.01807368505485457,fold4__t_minus_1_2100_hkt,K1_B4_power_calibrated
3,0.30000000000000004,0.4,281,0.34882229820375327,0.35231316725978645,0.0034908690560331856,fold4__t_minus_1_2100_hkt,K1_B4_power_calibrated
4,0.4,0.5,109,0.4257143482116788,0.3761467889908257,0.0495675592208531,fold4__t_minus_1_2100_hkt,K1_B4_power_calibrated
5,0.5,0.6000000000000001,15,0.5183819126228845,0.4,0.11838191262288444,fold4__t_minus_1_2100_hkt,K1_B4_power_calibrated
6,0.6000000000000001,0.7000000000000001,26,0.624560153735399,0.6923076923076923,0.06774753857229332,fold4__t_minus_1_2100_hkt,K1_B4_power_calibrated
7,0.7000000000000001,0.8,7,0.7233160325144201,0.7142857142857143,0.009030318228705814,fold4__t_minus_1_2100_hkt,K1_B4_power_calibrated
8,0.8,0.9,21,0.8553957596732245,0.7619047619047619,0.09349099776846259,fold4__t_minus_1_2100_hkt,K1_B4_power_calibrated
9,0.9,1.0,148,0.9858142400690276,0.9864864864864865,0.0006722464174588882,fold4__t_minus_1_2100_hkt,K1_B4_power_calibrated
0,0.0,0.1,0,,,,fold4__t_minus_1_2100_hkt,K2_B4_monotone_cdf_projected
1,0.1,0.2,0,,,,fold4__t_minus_1_2100_hkt,K2_B4_monotone_cdf_projected
2,0.2,0.30000000000000004,67,0.2779350645147556,0.29850746268656714,0.020572398171811557,fold4__t_minus_1_2100_hkt,K2_B4_monotone_cdf_projected
3,0.30000000000000004,0.4,242,0.3471832562657415,0.33884297520661155,0.008340281059129928,fold4__t_minus_1_2100_hkt,K2_B4_monotone_cdf_projected
4,0.4,0.5,153,0.42737445572457144,0.38562091503267976,0.04175354069189169,fold4__t_minus_1_2100_hkt,K2_B4_monotone_cdf_projected
5,0.5,0.6000000000000001,15,0.5317594383748678,0.4,0.1317594383748678,fold4__t_minus_1_2100_hkt,K2_B4_monotone_cdf_projected
6,0.6000000000000001,0.7000000000000001,24,0.63739846821019,0.7083333333333334,0.0709348651231434,fold4__t_minus_1_2100_hkt,K2_B4_monotone_cdf_projected
7,0.7000000000000001,0.8,9,0.7329028242193626,0.6666666666666666,0.06623615755269596,fold4__t_minus_1_2100_hkt,K2_B4_monotone_cdf_projected
8,0.8,0.9,21,0.8714469838651896,0.7619047619047619,0.10954222196042773,fold4__t_minus_1_2100_hkt,K2_B4_monotone_cdf_projected
9,0.9,1.0,148,0.9881444207499186,0.9864864864864865,0.0016579342634320815,fold4__t_minus_1_2100_hkt,K2_B4_monotone_cdf_projected
0,0.0,0.1,0,,,,fold4__t_minus_1_2100_hkt,S1_conservative_simplex_stack
1,0.1,0.2,0,,,,fold4__t_minus_1_2100_hkt,S1_conservative_simplex_stack
2,0.2,0.30000000000000004,67,0.2785915813922356,0.31343283582089554,0.03484125442865993,fold4__t_minus_1_2100_hkt,S1_conservative_simplex_stack
3,0.30000000000000004,0.4,277,0.3492272933186582,0.35379061371841153,0.004563320399753323,fold4__t_minus_1_2100_hkt,S1_conservative_simplex_stack
4,0.4,0.5,118,0.42628943505049866,0.3898305084745763,0.03645892657592237,fold4__t_minus_1_2100_hkt,S1_conservative_simplex_stack
5,0.5,0.6000000000000001,15,0.5230485015648819,0.4,0.1230485015648819,fold4__t_minus_1_2100_hkt,S1_conservative_simplex_stack
6,0.6000000000000001,0.7000000000000001,24,0.6497076914470462,0.7083333333333334,0.05862564188628716,fold4__t_minus_1_2100_hkt,S1_conservative_simplex_stack
7,0.7000000000000001,0.8,9,0.7314595940862586,0.6666666666666666,0.06479292741959197,fold4__t_minus_1_2100_hkt,S1_conservative_simplex_stack
8,0.8,0.9,21,0.8729736429473091,0.7619047619047619,0.1110688810425472,fold4__t_minus_1_2100_hkt,S1_conservative_simplex_stack
9,0.9,1.0,148,0.9877886683858724,0.9864864864864865,0.0013021818993859124,fold4__t_minus_1_2100_hkt,S1_conservative_simplex_stack
0,0.0,0.1,0,,,,fold4__t_minus_1_2100_hkt,E1_normal_emos
1,0.1,0.2,0,,,,fold4__t_minus_1_2100_hkt,E1_normal_emos
2,0.2,0.30000000000000004,0,,,,fold4__t_minus_1_2100_hkt,E1_normal_emos
3,0.30000000000000004,0.4,211,0.3770725524484279,0.3127962085308057,0.06427634391762221,fold4__t_minus_1_2100_hkt,E1_normal_emos
4,0.4,0.5,266,0.4396245995801706,0.38345864661654133,0.05616595296362925,fold4__t_minus_1_2100_hkt,E1_normal_emos
5,0.5,0.6000000000000001,0,,,,fold4__t_minus_1_2100_hkt,E1_normal_emos
6,0.6000000000000001,0.7000000000000001,0,,,,fold4__t_minus_1_2100_hkt,E1_normal_emos
7,0.7000000000000001,0.8,14,0.7761904454417082,0.5,0.27619044544170823,fold4__t_minus_1_2100_hkt,E1_normal_emos
8,0.8,0.9,22,0.8380161767645631,0.8636363636363636,0.025620186871800565,fold4__t_minus_1_2100_hkt,E1_normal_emos
9,0.9,1.0,166,0.9947147039702283,0.9578313253012049,0.03688337866902347,fold4__t_minus_1_2100_hkt,E1_normal_emos
0,0.0,0.1,0,,,,fold4__t_minus_1_2100_hkt,E2_student_t_emos
1,0.1,0.2,0,,,,fold4__t_minus_1_2100_hkt,E2_student_t_emos
2,0.2,0.30000000000000004,0,,,,fold4__t_minus_1_2100_hkt,E2_student_t_emos
3,0.30000000000000004,0.4,356,0.3535036409780569,0.3398876404494382,0.013616000528618721,fold4__t_minus_1_2100_hkt,E2_student_t_emos
4,0.4,0.5,121,0.4370193004869339,0.39669421487603307,0.04032508561090081,fold4__t_minus_1_2100_hkt,E2_student_t_emos
5,0.5,0.6000000000000001,0,,,,fold4__t_minus_1_2100_hkt,E2_student_t_emos
6,0.6000000000000001,0.7000000000000001,0,,,,fold4__t_minus_1_2100_hkt,E2_student_t_emos
7,0.7000000000000001,0.8,23,0.7624498828852098,0.6521739130434783,0.11027596984173149,fold4__t_minus_1_2100_hkt,E2_student_t_emos
8,0.8,0.9,16,0.8265435666590162,0.8125,0.014043566659016182,fold4__t_minus_1_2100_hkt,E2_student_t_emos
9,0.9,1.0,163,0.9768840452746156,0.9631901840490797,0.013693861225535842,fold4__t_minus_1_2100_hkt,E2_student_t_emos
0,0.0,0.1,0,,,,fold4__t_minus_1_2100_hkt,E3_two_piece_normal_emos
1,0.1,0.2,0,,,,fold4__t_minus_1_2100_hkt,E3_two_piece_normal_emos
2,0.2,0.30000000000000004,0,,,,fold4__t_minus_1_2100_hkt,E3_two_piece_normal_emos
3,0.30000000000000004,0.4,0,,,,fold4__t_minus_1_2100_hkt,E3_two_piece_normal_emos
4,0.4,0.5,379,0.4553374679999121,0.3482849604221636,0.10705250757774848,fold4__t_minus_1_2100_hkt,E3_two_piece_normal_emos
5,0.5,0.6000000000000001,98,0.5275440012652541,0.3877551020408163,0.13978889922443782,fold4__t_minus_1_2100_hkt,E3_two_piece_normal_emos
6,0.6000000000000001,0.7000000000000001,0,,,,fold4__t_minus_1_2100_hkt,E3_two_piece_normal_emos
7,0.7000000000000001,0.8,0,,,,fold4__t_minus_1_2100_hkt,E3_two_piece_normal_emos
8,0.8,0.9,24,0.856337713456291,0.625,0.23133771345629095,fold4__t_minus_1_2100_hkt,E3_two_piece_normal_emos
9,0.9,1.0,178,0.9927736101137127,0.9550561797752809,0.03771743033843178,fold4__t_minus_1_2100_hkt,E3_two_piece_normal_emos
0,0.0,0.1,0,,,,fold4__t_minus_1_2100_hkt,G1_gamlss_tree_location_scale
1,0.1,0.2,0,,,,fold4__t_minus_1_2100_hkt,G1_gamlss_tree_location_scale
2,0.2,0.30000000000000004,0,,,,fold4__t_minus_1_2100_hkt,G1_gamlss_tree_location_scale
3,0.30000000000000004,0.4,46,0.3896797978773865,0.2608695652173913,0.1288102326599952,fold4__t_minus_1_2100_hkt,G1_gamlss_tree_location_scale
4,0.4,0.5,399,0.4571291757412484,0.39598997493734334,0.06113920080390506,fold4__t_minus_1_2100_hkt,G1_gamlss_tree_location_scale
5,0.5,0.6000000000000001,32,0.5116460536390228,0.375,0.13664605363902282,fold4__t_minus_1_2100_hkt,G1_gamlss_tree_location_scale
6,0.6000000000000001,0.7000000000000001,0,,,,fold4__t_minus_1_2100_hkt,G1_gamlss_tree_location_scale
7,0.7000000000000001,0.8,25,0.7821542399197274,0.64,0.14215423991972742,fold4__t_minus_1_2100_hkt,G1_gamlss_tree_location_scale
8,0.8,0.9,8,0.8463310172527422,0.875,0.02866898274725782,fold4__t_minus_1_2100_hkt,G1_gamlss_tree_location_scale
9,0.9,1.0,169,0.9948542098472931,0.9585798816568047,0.03627432819048837,fold4__t_minus_1_2100_hkt,G1_gamlss_tree_location_scale
0,0.0,0.1,0,,,,fold4__t_minus_1_2100_hkt,Q1_quantile_cdf_gb
1,0.1,0.2,106,0.17208505049065645,0.330188679245283,0.15810362875462655,fold4__t_minus_1_2100_hkt,Q1_quantile_cdf_gb
2,0.2,0.30000000000000004,311,0.2547149024608243,0.27009646302250806,0.015381560561683771,fold4__t_minus_1_2100_hkt,Q1_quantile_cdf_gb
3,0.30000000000000004,0.4,26,0.3269697872163687,0.34615384615384615,0.019184058937477433,fold4__t_minus_1_2100_hkt,Q1_quantile_cdf_gb
4,0.4,0.5,38,0.4322592605431468,0.42105263157894735,0.011206628964199439,fold4__t_minus_1_2100_hkt,Q1_quantile_cdf_gb
5,0.5,0.6000000000000001,33,0.5406932520219416,0.696969696969697,0.1562764449477554,fold4__t_minus_1_2100_hkt,Q1_quantile_cdf_gb
6,0.6000000000000001,0.7000000000000001,1,0.693061147481336,1.0,0.30693885251866404,fold4__t_minus_1_2100_hkt,Q1_quantile_cdf_gb
7,0.7000000000000001,0.8,164,0.7612025042569328,0.9634146341463414,0.20221212988940862,fold4__t_minus_1_2100_hkt,Q1_quantile_cdf_gb
8,0.8,0.9,0,,,,fold4__t_minus_1_2100_hkt,Q1_quantile_cdf_gb
9,0.9,1.0,0,,,,fold4__t_minus_1_2100_hkt,Q1_quantile_cdf_gb
0,0.0,0.1,0,,,,fold4__t_minus_1_2100_hkt,Q2_threshold_cdf_gb
1,0.1,0.2,0,,,,fold4__t_minus_1_2100_hkt,Q2_threshold_cdf_gb
2,0.2,0.30000000000000004,120,0.2842151271058686,0.275,0.009215127105868581,fold4__t_minus_1_2100_hkt,Q2_threshold_cdf_gb
3,0.30000000000000004,0.4,309,0.34624250936671375,0.39158576051779936,0.04534325115108562,fold4__t_minus_1_2100_hkt,Q2_threshold_cdf_gb
4,0.4,0.5,33,0.42513518508088577,0.42424242424242425,0.0008927608384615149,fold4__t_minus_1_2100_hkt,Q2_threshold_cdf_gb
5,0.5,0.6000000000000001,25,0.524824763532973,0.48,0.044824763532973044,fold4__t_minus_1_2100_hkt,Q2_threshold_cdf_gb
6,0.6000000000000001,0.7000000000000001,24,0.6355062772969452,0.75,0.1144937227030548,fold4__t_minus_1_2100_hkt,Q2_threshold_cdf_gb
7,0.7000000000000001,0.8,3,0.7225594293069704,1.0,0.27744057069302963,fold4__t_minus_1_2100_hkt,Q2_threshold_cdf_gb
8,0.8,0.9,165,0.8783014783769876,0.9636363636363636,0.08533488525937605,fold4__t_minus_1_2100_hkt,Q2_threshold_cdf_gb
9,0.9,1.0,0,,,,fold4__t_minus_1_2100_hkt,Q2_threshold_cdf_gb
0,0.0,0.1,0,,,,fold4__t_minus_1_2100_hkt,T1_time_decay_b4
1,0.1,0.2,0,,,,fold4__t_minus_1_2100_hkt,T1_time_decay_b4
2,0.2,0.30000000000000004,37,0.2886096929163189,0.2972972972972973,0.008687604380978431,fold4__t_minus_1_2100_hkt,T1_time_decay_b4
3,0.30000000000000004,0.4,361,0.34697050704664684,0.3656509695290859,0.018680462482439042,fold4__t_minus_1_2100_hkt,T1_time_decay_b4
4,0.4,0.5,68,0.4346778625363927,0.3382352941176471,0.0964425684187456,fold4__t_minus_1_2100_hkt,T1_time_decay_b4
5,0.5,0.6000000000000001,6,0.5523181309423233,0.3333333333333333,0.21898479760898998,fold4__t_minus_1_2100_hkt,T1_time_decay_b4
6,0.6000000000000001,0.7000000000000001,13,0.6444631170068577,0.6153846153846154,0.029078501622242237,fold4__t_minus_1_2100_hkt,T1_time_decay_b4
7,0.7000000000000001,0.8,25,0.7523876023365694,0.72,0.032387602336569454,fold4__t_minus_1_2100_hkt,T1_time_decay_b4
8,0.8,0.9,12,0.8954660806743376,0.75,0.14546608067433764,fold4__t_minus_1_2100_hkt,T1_time_decay_b4
9,0.9,1.0,157,0.9882747616209191,0.9745222929936306,0.013752468627288517,fold4__t_minus_1_2100_hkt,T1_time_decay_b4
0,0.0,0.1,0,,,,fold4__t_minus_1_2100_hkt,H1_b4_challenger_linear_pool
1,0.1,0.2,0,,,,fold4__t_minus_1_2100_hkt,H1_b4_challenger_linear_pool
2,0.2,0.30000000000000004,20,0.28622433082659904,0.2,0.08622433082659903,fold4__t_minus_1_2100_hkt,H1_b4_challenger_linear_pool
3,0.30000000000000004,0.4,364,0.35529149529988896,0.33791208791208793,0.017379407387801027,fold4__t_minus_1_2100_hkt,H1_b4_challenger_linear_pool
4,0.4,0.5,92,0.44551828247342107,0.41304347826086957,0.0324748042125515,fold4__t_minus_1_2100_hkt,H1_b4_challenger_linear_pool
5,0.5,0.6000000000000001,1,0.5169840786572311,1.0,0.48301592134276894,fold4__t_minus_1_2100_hkt,H1_b4_challenger_linear_pool
6,0.6000000000000001,0.7000000000000001,10,0.6906014264640203,0.5,0.19060142646402034,fold4__t_minus_1_2100_hkt,H1_b4_challenger_linear_pool
7,0.7000000000000001,0.8,23,0.7323869068225074,0.782608695652174,0.05022178882966655,fold4__t_minus_1_2100_hkt,H1_b4_challenger_linear_pool
8,0.8,0.9,13,0.8732458125816558,0.7692307692307693,0.10401504335088652,fold4__t_minus_1_2100_hkt,H1_b4_challenger_linear_pool
9,0.9,1.0,156,0.9814947947743695,0.9743589743589743,0.007135820415395178,fold4__t_minus_1_2100_hkt,H1_b4_challenger_linear_pool
0,0.0,0.1,0,,,,presealed_2022_2023__t_minus_1_2100_hkt,B0_climatology
1,0.1,0.2,0,,,,presealed_2022_2023__t_minus_1_2100_hkt,B0_climatology
2,0.2,0.30000000000000004,0,,,,presealed_2022_2023__t_minus_1_2100_hkt,B0_climatology
3,0.30000000000000004,0.4,667,0.3518730336187298,0.32233883058470764,0.029534203034022155,presealed_2022_2023__t_minus_1_2100_hkt,B0_climatology
4,0.4,0.5,0,,,,presealed_2022_2023__t_minus_1_2100_hkt,B0_climatology
5,0.5,0.6000000000000001,0,,,,presealed_2022_2023__t_minus_1_2100_hkt,B0_climatology
6,0.6000000000000001,0.7000000000000001,0,,,,presealed_2022_2023__t_minus_1_2100_hkt,B0_climatology
7,0.7000000000000001,0.8,0,,,,presealed_2022_2023__t_minus_1_2100_hkt,B0_climatology
8,0.8,0.9,0,,,,presealed_2022_2023__t_minus_1_2100_hkt,B0_climatology
9,0.9,1.0,0,,,,presealed_2022_2023__t_minus_1_2100_hkt,B0_climatology
0,0.0,0.1,0,,,,presealed_2022_2023__t_minus_1_2100_hkt,B1_global_residual_pmf
1,0.1,0.2,0,,,,presealed_2022_2023__t_minus_1_2100_hkt,B1_global_residual_pmf
2,0.2,0.30000000000000004,0,,,,presealed_2022_2023__t_minus_1_2100_hkt,B1_global_residual_pmf
3,0.30000000000000004,0.4,380,0.32370602401870874,0.3605263157894737,0.03682029177076496,presealed_2022_2023__t_minus_1_2100_hkt,B1_global_residual_pmf
4,0.4,0.5,27,0.43665999639189895,0.48148148148148145,0.0448214850895825,presealed_2022_2023__t_minus_1_2100_hkt,B1_global_residual_pmf
5,0.5,0.6000000000000001,38,0.563340003608103,0.5789473684210527,0.015607364812949664,presealed_2022_2023__t_minus_1_2100_hkt,B1_global_residual_pmf
6,0.6000000000000001,0.7000000000000001,0,,,,presealed_2022_2023__t_minus_1_2100_hkt,B1_global_residual_pmf
7,0.7000000000000001,0.8,34,0.7603660204106074,0.6764705882352942,0.08389543217531326,presealed_2022_2023__t_minus_1_2100_hkt,B1_global_residual_pmf
8,0.8,0.9,13,0.8347154603708289,0.8461538461538461,0.011438385783017258,presealed_2022_2023__t_minus_1_2100_hkt,B1_global_residual_pmf
9,0.9,1.0,175,0.9858016950517944,0.9942857142857143,0.008484019233919948,presealed_2022_2023__t_minus_1_2100_hkt,B1_global_residual_pmf
0,0.0,0.1,0,,,,presealed_2022_2023__t_minus_1_2100_hkt,B2_month_residual_pmf
1,0.1,0.2,0,,,,presealed_2022_2023__t_minus_1_2100_hkt,B2_month_residual_pmf
2,0.2,0.30000000000000004,108,0.27049281010564663,0.3148148148148148,0.044322004709168195,presealed_2022_2023__t_minus_1_2100_hkt,B2_month_residual_pmf
3,0.30000000000000004,0.4,269,0.35226703742222404,0.37174721189591076,0.019480174473686718,presealed_2022_2023__t_minus_1_2100_hkt,B2_month_residual_pmf
4,0.4,0.5,30,0.4252303277476893,0.4666666666666667,0.041436338918977356,presealed_2022_2023__t_minus_1_2100_hkt,B2_month_residual_pmf
5,0.5,0.6000000000000001,38,0.5512489503358713,0.5789473684210527,0.027698418085181364,presealed_2022_2023__t_minus_1_2100_hkt,B2_month_residual_pmf
6,0.6000000000000001,0.7000000000000001,7,0.6873370950533354,0.7142857142857143,0.0269486192323789,presealed_2022_2023__t_minus_1_2100_hkt,B2_month_residual_pmf
7,0.7000000000000001,0.8,27,0.7440318276946718,0.6666666666666666,0.07736516102800517,presealed_2022_2023__t_minus_1_2100_hkt,B2_month_residual_pmf
8,0.8,0.9,30,0.8673076011801178,0.9,0.032692398819882174,presealed_2022_2023__t_minus_1_2100_hkt,B2_month_residual_pmf
9,0.9,1.0,158,0.9913732925736759,1.0,0.008626707426324098,presealed_2022_2023__t_minus_1_2100_hkt,B2_month_residual_pmf
0,0.0,0.1,0,,,,presealed_2022_2023__t_minus_1_2100_hkt,B3_forecast_level_residual_pmf
1,0.1,0.2,0,,,,presealed_2022_2023__t_minus_1_2100_hkt,B3_forecast_level_residual_pmf
2,0.2,0.30000000000000004,42,0.2972285081542909,0.2857142857142857,0.011514222440005217,presealed_2022_2023__t_minus_1_2100_hkt,B3_forecast_level_residual_pmf
3,0.30000000000000004,0.4,272,0.3296167360299761,0.34191176470588236,0.012295028675906261,presealed_2022_2023__t_minus_1_2100_hkt,B3_forecast_level_residual_pmf
4,0.4,0.5,131,0.4294861743826309,0.4961832061068702,0.0666970317242393,presealed_2022_2023__t_minus_1_2100_hkt,B3_forecast_level_residual_pmf
5,0.5,0.6000000000000001,0,,,,presealed_2022_2023__t_minus_1_2100_hkt,B3_forecast_level_residual_pmf
6,0.6000000000000001,0.7000000000000001,34,0.6516184921526195,0.6764705882352942,0.02485209608267469,presealed_2022_2023__t_minus_1_2100_hkt,B3_forecast_level_residual_pmf
7,0.7000000000000001,0.8,0,,,,presealed_2022_2023__t_minus_1_2100_hkt,B3_forecast_level_residual_pmf
8,0.8,0.9,13,0.8008292757672356,0.8461538461538461,0.04532457038661053,presealed_2022_2023__t_minus_1_2100_hkt,B3_forecast_level_residual_pmf
9,0.9,1.0,175,0.9799156910113221,0.9942857142857143,0.014370023274392185,presealed_2022_2023__t_minus_1_2100_hkt,B3_forecast_level_residual_pmf
0,0.0,0.1,0,,,,presealed_2022_2023__t_minus_1_2100_hkt,B4_hierarchical_residual_pmf
1,0.1,0.2,0,,,,presealed_2022_2023__t_minus_1_2100_hkt,B4_hierarchical_residual_pmf
2,0.2,0.30000000000000004,86,0.26973761110372046,0.2558139534883721,0.013923657615348362,presealed_2022_2023__t_minus_1_2100_hkt,B4_hierarchical_residual_pmf
3,0.30000000000000004,0.4,219,0.35260243769555194,0.3333333333333333,0.019269104362218625,presealed_2022_2023__t_minus_1_2100_hkt,B4_hierarchical_residual_pmf
4,0.4,0.5,129,0.4273570716297423,0.4418604651162791,0.014503393486536786,presealed_2022_2023__t_minus_1_2100_hkt,B4_hierarchical_residual_pmf
5,0.5,0.6000000000000001,12,0.5570682315227148,0.8333333333333334,0.2762651018106186,presealed_2022_2023__t_minus_1_2100_hkt,B4_hierarchical_residual_pmf
6,0.6000000000000001,0.7000000000000001,16,0.6479527281577637,0.5625,0.08545272815776372,presealed_2022_2023__t_minus_1_2100_hkt,B4_hierarchical_residual_pmf
7,0.7000000000000001,0.8,17,0.7396085912583168,0.7058823529411765,0.03372623831714028,presealed_2022_2023__t_minus_1_2100_hkt,B4_hierarchical_residual_pmf
8,0.8,0.9,30,0.8674736640287665,0.9,0.032526335971233555,presealed_2022_2023__t_minus_1_2100_hkt,B4_hierarchical_residual_pmf
9,0.9,1.0,158,0.9919018585053889,1.0,0.008098141494611077,presealed_2022_2023__t_minus_1_2100_hkt,B4_hierarchical_residual_pmf
0,0.0,0.1,0,,,,presealed_2022_2023__t_minus_1_2100_hkt,B5_kernel_analog_pmf
1,0.1,0.2,0,,,,presealed_2022_2023__t_minus_1_2100_hkt,B5_kernel_analog_pmf
2,0.2,0.30000000000000004,86,0.2677497537196518,0.2558139534883721,0.011935800231279714,presealed_2022_2023__t_minus_1_2100_hkt,B5_kernel_analog_pmf
3,0.30000000000000004,0.4,224,0.35078119804213836,0.35267857142857145,0.0018973733864330877,presealed_2022_2023__t_minus_1_2100_hkt,B5_kernel_analog_pmf
4,0.4,0.5,128,0.4334713236130536,0.4609375,0.027466176386946373,presealed_2022_2023__t_minus_1_2100_hkt,B5_kernel_analog_pmf
5,0.5,0.6000000000000001,7,0.5102280053733087,0.5714285714285714,0.061200566055262695,presealed_2022_2023__t_minus_1_2100_hkt,B5_kernel_analog_pmf
6,0.6000000000000001,0.7000000000000001,24,0.647235976139272,0.7083333333333334,0.0610973571940614,presealed_2022_2023__t_minus_1_2100_hkt,B5_kernel_analog_pmf
7,0.7000000000000001,0.8,9,0.7553872653288963,0.6666666666666666,0.0887205986622297,presealed_2022_2023__t_minus_1_2100_hkt,B5_kernel_analog_pmf
8,0.8,0.9,31,0.8504470394070883,0.8709677419354839,0.02052070252839555,presealed_2022_2023__t_minus_1_2100_hkt,B5_kernel_analog_pmf
9,0.9,1.0,158,0.9919173808598377,1.0,0.008082619140162284,presealed_2022_2023__t_minus_1_2100_hkt,B5_kernel_analog_pmf
0,0.0,0.1,0,,,,presealed_2022_2023__t_minus_1_2100_hkt,B6_month_climatology_diagnostic
1,0.1,0.2,115,0.18296674122543244,0.16521739130434782,0.017749349921084623,presealed_2022_2023__t_minus_1_2100_hkt,B6_month_climatology_diagnostic
2,0.2,0.30000000000000004,241,0.23814211795202583,0.17427385892116182,0.06386825903086402,presealed_2022_2023__t_minus_1_2100_hkt,B6_month_climatology_diagnostic
3,0.30000000000000004,0.4,53,0.39680997490081776,0.32075471698113206,0.0760552579196857,presealed_2022_2023__t_minus_1_2100_hkt,B6_month_climatology_diagnostic
4,0.4,0.5,46,0.48695567840170684,0.391304347826087,0.09565133057561986,presealed_2022_2023__t_minus_1_2100_hkt,B6_month_climatology_diagnostic
5,0.5,0.6000000000000001,0,,,,presealed_2022_2023__t_minus_1_2100_hkt,B6_month_climatology_diagnostic
6,0.6000000000000001,0.7000000000000001,0,,,,presealed_2022_2023__t_minus_1_2100_hkt,B6_month_climatology_diagnostic
7,0.7000000000000001,0.8,56,0.7527634798751162,0.5178571428571429,0.23490633701797325,presealed_2022_2023__t_minus_1_2100_hkt,B6_month_climatology_diagnostic
8,0.8,0.9,0,,,,presealed_2022_2023__t_minus_1_2100_hkt,B6_month_climatology_diagnostic
9,0.9,1.0,156,0.948855686230016,0.9423076923076923,0.006547993922323747,presealed_2022_2023__t_minus_1_2100_hkt,B6_month_climatology_diagnostic
0,0.0,0.1,0,,,,presealed_2022_2023__t_minus_1_2100_hkt,P1_normal_mos
1,0.1,0.2,0,,,,presealed_2022_2023__t_minus_1_2100_hkt,P1_normal_mos
2,0.2,0.30000000000000004,265,0.2943067659854303,0.3849056603773585,0.0905988943919282,presealed_2022_2023__t_minus_1_2100_hkt,P1_normal_mos
3,0.30000000000000004,0.4,116,0.3039219462216036,0.28448275862068967,0.019439187600913954,presealed_2022_2023__t_minus_1_2100_hkt,P1_normal_mos
4,0.4,0.5,60,0.46729644548918936,0.5333333333333333,0.06603688784414397,presealed_2022_2023__t_minus_1_2100_hkt,P1_normal_mos
5,0.5,0.6000000000000001,4,0.506830667736737,0.5,0.006830667736737017,presealed_2022_2023__t_minus_1_2100_hkt,P1_normal_mos
6,0.6000000000000001,0.7000000000000001,0,,,,presealed_2022_2023__t_minus_1_2100_hkt,P1_normal_mos
7,0.7000000000000001,0.8,47,0.7456629942948639,0.723404255319149,0.022258738975714953,presealed_2022_2023__t_minus_1_2100_hkt,P1_normal_mos
8,0.8,0.9,0,,,,presealed_2022_2023__t_minus_1_2100_hkt,P1_normal_mos
9,0.9,1.0,175,0.984810602180531,0.9942857142857143,0.00947511210518337,presealed_2022_2023__t_minus_1_2100_hkt,P1_normal_mos
0,0.0,0.1,0,,,,presealed_2022_2023__t_minus_1_2100_hkt,P2_student_t_mos
1,0.1,0.2,0,,,,presealed_2022_2023__t_minus_1_2100_hkt,P2_student_t_mos
2,0.2,0.30000000000000004,374,0.2892089931203946,0.35294117647058826,0.06373218335019365,presealed_2022_2023__t_minus_1_2100_hkt,P2_student_t_mos
3,0.30000000000000004,0.4,7,0.3127031064939028,0.42857142857142855,0.11586832207752573,presealed_2022_2023__t_minus_1_2100_hkt,P2_student_t_mos
4,0.4,0.5,60,0.4679797025758931,0.5333333333333333,0.06535363075744022,presealed_2022_2023__t_minus_1_2100_hkt,P2_student_t_mos
5,0.5,0.6000000000000001,4,0.5066897313939432,0.5,0.0066897313939432435,presealed_2022_2023__t_minus_1_2100_hkt,P2_student_t_mos
6,0.6000000000000001,0.7000000000000001,0,,,,presealed_2022_2023__t_minus_1_2100_hkt,P2_student_t_mos
7,0.7000000000000001,0.8,47,0.7393988099707667,0.723404255319149,0.0159945546516177,presealed_2022_2023__t_minus_1_2100_hkt,P2_student_t_mos
8,0.8,0.9,1,0.8940631461817927,1.0,0.10593685381820728,presealed_2022_2023__t_minus_1_2100_hkt,P2_student_t_mos
9,0.9,1.0,174,0.9807024310919353,0.9942528735632183,0.013550442471283008,presealed_2022_2023__t_minus_1_2100_hkt,P2_student_t_mos
0,0.0,0.1,0,,,,presealed_2022_2023__t_minus_1_2100_hkt,C1_multinomial_ridge
1,0.1,0.2,0,,,,presealed_2022_2023__t_minus_1_2100_hkt,C1_multinomial_ridge
2,0.2,0.30000000000000004,174,0.28053133170232813,0.26436781609195403,0.016163515610374102,presealed_2022_2023__t_minus_1_2100_hkt,C1_multinomial_ridge
3,0.30000000000000004,0.4,196,0.3434798905514253,0.32653061224489793,0.01694927830652737,presealed_2022_2023__t_minus_1_2100_hkt,C1_multinomial_ridge
4,0.4,0.5,76,0.4378701872242881,0.4342105263157895,0.0036596609084986187,presealed_2022_2023__t_minus_1_2100_hkt,C1_multinomial_ridge
5,0.5,0.6000000000000001,9,0.559154088175047,1.0,0.44084591182495303,presealed_2022_2023__t_minus_1_2100_hkt,C1_multinomial_ridge
6,0.6000000000000001,0.7000000000000001,12,0.6818515192926687,0.8333333333333334,0.15148181404066463,presealed_2022_2023__t_minus_1_2100_hkt,C1_multinomial_ridge
7,0.7000000000000001,0.8,29,0.7430706471514333,0.6551724137931034,0.08789823335832991,presealed_2022_2023__t_minus_1_2100_hkt,C1_multinomial_ridge
8,0.8,0.9,21,0.8817850204948522,1.0,0.11821497950514781,presealed_2022_2023__t_minus_1_2100_hkt,C1_multinomial_ridge
9,0.9,1.0,150,0.9841760031365568,0.9933333333333333,0.009157330196776448,presealed_2022_2023__t_minus_1_2100_hkt,C1_multinomial_ridge
0,0.0,0.1,0,,,,presealed_2022_2023__t_minus_1_2100_hkt,C2_ordinal_cdf_logistic
1,0.1,0.2,0,,,,presealed_2022_2023__t_minus_1_2100_hkt,C2_ordinal_cdf_logistic
2,0.2,0.30000000000000004,103,0.28385083907465264,0.30097087378640774,0.017120034711755105,presealed_2022_2023__t_minus_1_2100_hkt,C2_ordinal_cdf_logistic
3,0.30000000000000004,0.4,252,0.34081295604104506,0.30158730158730157,0.039225654453743486,presealed_2022_2023__t_minus_1_2100_hkt,C2_ordinal_cdf_logistic
4,0.4,0.5,84,0.43301160569557035,0.35714285714285715,0.0758687485527132,presealed_2022_2023__t_minus_1_2100_hkt,C2_ordinal_cdf_logistic
5,0.5,0.6000000000000001,14,0.5128474473053376,0.5714285714285714,0.058581124123233796,presealed_2022_2023__t_minus_1_2100_hkt,C2_ordinal_cdf_logistic
6,0.6000000000000001,0.7000000000000001,28,0.659770930980052,0.75,0.09022906901994798,presealed_2022_2023__t_minus_1_2100_hkt,C2_ordinal_cdf_logistic
7,0.7000000000000001,0.8,14,0.731042347508121,0.6428571428571429,0.08818520465097812,presealed_2022_2023__t_minus_1_2100_hkt,C2_ordinal_cdf_logistic
8,0.8,0.9,26,0.8694376637366082,0.9615384615384616,0.09210079780185332,presealed_2022_2023__t_minus_1_2100_hkt,C2_ordinal_cdf_logistic
9,0.9,1.0,146,0.9876558857186407,1.0,0.012344114281359286,presealed_2022_2023__t_minus_1_2100_hkt,C2_ordinal_cdf_logistic
0,0.0,0.1,0,,,,presealed_2022_2023__t_minus_1_2100_hkt,K0_B4_identity
1,0.1,0.2,0,,,,presealed_2022_2023__t_minus_1_2100_hkt,K0_B4_identity
2,0.2,0.30000000000000004,86,0.26973761110372046,0.2558139534883721,0.013923657615348362,presealed_2022_2023__t_minus_1_2100_hkt,K0_B4_identity
3,0.30000000000000004,0.4,219,0.35260243769555194,0.3333333333333333,0.019269104362218625,presealed_2022_2023__t_minus_1_2100_hkt,K0_B4_identity
4,0.4,0.5,129,0.4273570716297423,0.4418604651162791,0.014503393486536786,presealed_2022_2023__t_minus_1_2100_hkt,K0_B4_identity
5,0.5,0.6000000000000001,12,0.5570682315227148,0.8333333333333334,0.2762651018106186,presealed_2022_2023__t_minus_1_2100_hkt,K0_B4_identity
6,0.6000000000000001,0.7000000000000001,16,0.6479527281577637,0.5625,0.08545272815776372,presealed_2022_2023__t_minus_1_2100_hkt,K0_B4_identity
7,0.7000000000000001,0.8,17,0.7396085912583168,0.7058823529411765,0.03372623831714028,presealed_2022_2023__t_minus_1_2100_hkt,K0_B4_identity
8,0.8,0.9,30,0.8674736640287665,0.9,0.032526335971233555,presealed_2022_2023__t_minus_1_2100_hkt,K0_B4_identity
9,0.9,1.0,158,0.9919018585053889,1.0,0.008098141494611077,presealed_2022_2023__t_minus_1_2100_hkt,K0_B4_identity
0,0.0,0.1,0,,,,presealed_2022_2023__t_minus_1_2100_hkt,K1_B4_power_calibrated
1,0.1,0.2,0,,,,presealed_2022_2023__t_minus_1_2100_hkt,K1_B4_power_calibrated
2,0.2,0.30000000000000004,87,0.26483896849794814,0.25287356321839083,0.011965405279557306,presealed_2022_2023__t_minus_1_2100_hkt,K1_B4_power_calibrated
3,0.30000000000000004,0.4,259,0.3524660565268369,0.3745173745173745,0.02205131799053761,presealed_2022_2023__t_minus_1_2100_hkt,K1_B4_power_calibrated
4,0.4,0.5,91,0.43132979847641123,0.38461538461538464,0.046714413861026594,presealed_2022_2023__t_minus_1_2100_hkt,K1_B4_power_calibrated
5,0.5,0.6000000000000001,15,0.5714843849866597,0.7333333333333333,0.16184894834667363,presealed_2022_2023__t_minus_1_2100_hkt,K1_B4_power_calibrated
6,0.6000000000000001,0.7000000000000001,10,0.6527575857853635,0.6,0.05275758578536349,presealed_2022_2023__t_minus_1_2100_hkt,K1_B4_power_calibrated
7,0.7000000000000001,0.8,20,0.7326187199157923,0.75,0.017381280084207695,presealed_2022_2023__t_minus_1_2100_hkt,K1_B4_power_calibrated
8,0.8,0.9,27,0.8579122377521737,0.8888888888888888,0.030976651136715105,presealed_2022_2023__t_minus_1_2100_hkt,K1_B4_power_calibrated
9,0.9,1.0,158,0.990331458752452,1.0,0.009668541247548013,presealed_2022_2023__t_minus_1_2100_hkt,K1_B4_power_calibrated
0,0.0,0.1,0,,,,presealed_2022_2023__t_minus_1_2100_hkt,K2_B4_monotone_cdf_projected
1,0.1,0.2,0,,,,presealed_2022_2023__t_minus_1_2100_hkt,K2_B4_monotone_cdf_projected
2,0.2,0.30000000000000004,86,0.26973761110372046,0.2558139534883721,0.013923657615348362,presealed_2022_2023__t_minus_1_2100_hkt,K2_B4_monotone_cdf_projected
3,0.30000000000000004,0.4,219,0.35260243769555194,0.3333333333333333,0.019269104362218625,presealed_2022_2023__t_minus_1_2100_hkt,K2_B4_monotone_cdf_projected
4,0.4,0.5,129,0.42735707162974224,0.4418604651162791,0.014503393486536842,presealed_2022_2023__t_minus_1_2100_hkt,K2_B4_monotone_cdf_projected
5,0.5,0.6000000000000001,12,0.5570682315227148,0.8333333333333334,0.2762651018106186,presealed_2022_2023__t_minus_1_2100_hkt,K2_B4_monotone_cdf_projected
6,0.6000000000000001,0.7000000000000001,16,0.6479527281577637,0.5625,0.08545272815776372,presealed_2022_2023__t_minus_1_2100_hkt,K2_B4_monotone_cdf_projected
7,0.7000000000000001,0.8,17,0.7396085912583168,0.7058823529411765,0.03372623831714028,presealed_2022_2023__t_minus_1_2100_hkt,K2_B4_monotone_cdf_projected
8,0.8,0.9,30,0.8674736640287665,0.9,0.032526335971233555,presealed_2022_2023__t_minus_1_2100_hkt,K2_B4_monotone_cdf_projected
9,0.9,1.0,158,0.9919018585053886,1.0,0.00809814149461141,presealed_2022_2023__t_minus_1_2100_hkt,K2_B4_monotone_cdf_projected
0,0.0,0.1,0,,,,presealed_2022_2023__t_minus_1_2100_hkt,S1_conservative_simplex_stack
1,0.1,0.2,0,,,,presealed_2022_2023__t_minus_1_2100_hkt,S1_conservative_simplex_stack
2,0.2,0.30000000000000004,87,0.2706218886029666,0.27586206896551724,0.005240180362550639,presealed_2022_2023__t_minus_1_2100_hkt,S1_conservative_simplex_stack
3,0.30000000000000004,0.4,244,0.3522184221161287,0.3442622950819672,0.007956127034161486,presealed_2022_2023__t_minus_1_2100_hkt,S1_conservative_simplex_stack
4,0.4,0.5,104,0.4263497239863968,0.46153846153846156,0.03518873755206475,presealed_2022_2023__t_minus_1_2100_hkt,S1_conservative_simplex_stack
5,0.5,0.6000000000000001,10,0.5469495427028338,0.7,0.15305045729716615,presealed_2022_2023__t_minus_1_2100_hkt,S1_conservative_simplex_stack
6,0.6000000000000001,0.7000000000000001,17,0.6555214113766593,0.6470588235294118,0.008462587847247516,presealed_2022_2023__t_minus_1_2100_hkt,S1_conservative_simplex_stack
7,0.7000000000000001,0.8,19,0.7435669281090129,0.7368421052631579,0.006724822845855072,presealed_2022_2023__t_minus_1_2100_hkt,S1_conservative_simplex_stack
8,0.8,0.9,28,0.8681037665976289,0.8928571428571429,0.024753376259514015,presealed_2022_2023__t_minus_1_2100_hkt,S1_conservative_simplex_stack
9,0.9,1.0,158,0.9911039352668536,1.0,0.008896064733146414,presealed_2022_2023__t_minus_1_2100_hkt,S1_conservative_simplex_stack
0,0.0,0.1,0,,,,presealed_2022_2023__t_minus_1_2100_hkt,E1_normal_emos
1,0.1,0.2,0,,,,presealed_2022_2023__t_minus_1_2100_hkt,E1_normal_emos
2,0.2,0.30000000000000004,0,,,,presealed_2022_2023__t_minus_1_2100_hkt,E1_normal_emos
3,0.30000000000000004,0.4,196,0.37451163226330086,0.3112244897959184,0.06328714246738248,presealed_2022_2023__t_minus_1_2100_hkt,E1_normal_emos
4,0.4,0.5,244,0.43931482460876414,0.4139344262295082,0.02538039837925593,presealed_2022_2023__t_minus_1_2100_hkt,E1_normal_emos
5,0.5,0.6000000000000001,5,0.5096565326490288,0.4,0.10965653264902875,presealed_2022_2023__t_minus_1_2100_hkt,E1_normal_emos
6,0.6000000000000001,0.7000000000000001,0,,,,presealed_2022_2023__t_minus_1_2100_hkt,E1_normal_emos
7,0.7000000000000001,0.8,11,0.7796684608156106,0.6363636363636364,0.14330482445197423,presealed_2022_2023__t_minus_1_2100_hkt,E1_normal_emos
8,0.8,0.9,33,0.8463614276095317,0.7272727272727273,0.11908870033680441,presealed_2022_2023__t_minus_1_2100_hkt,E1_normal_emos
9,0.9,1.0,178,0.9938394397225333,0.9943820224719101,0.0005425827493767965,presealed_2022_2023__t_minus_1_2100_hkt,E1_normal_emos
0,0.0,0.1,0,,,,presealed_2022_2023__t_minus_1_2100_hkt,E2_student_t_emos
1,0.1,0.2,0,,,,presealed_2022_2023__t_minus_1_2100_hkt,E2_student_t_emos
2,0.2,0.30000000000000004,0,,,,presealed_2022_2023__t_minus_1_2100_hkt,E2_student_t_emos
3,0.30000000000000004,0.4,336,0.3532347308098721,0.3541666666666667,0.0009319358567945746,presealed_2022_2023__t_minus_1_2100_hkt,E2_student_t_emos
4,0.4,0.5,105,0.43680850051290704,0.42857142857142855,0.008237071941478491,presealed_2022_2023__t_minus_1_2100_hkt,E2_student_t_emos
5,0.5,0.6000000000000001,4,0.5100080359860458,0.5,0.010008035986045827,presealed_2022_2023__t_minus_1_2100_hkt,E2_student_t_emos
6,0.6000000000000001,0.7000000000000001,0,,,,presealed_2022_2023__t_minus_1_2100_hkt,E2_student_t_emos
7,0.7000000000000001,0.8,26,0.7714024965698448,0.7307692307692307,0.040633265800614105,presealed_2022_2023__t_minus_1_2100_hkt,E2_student_t_emos
8,0.8,0.9,24,0.840582118026048,0.7083333333333334,0.13224878469271462,presealed_2022_2023__t_minus_1_2100_hkt,E2_student_t_emos
9,0.9,1.0,172,0.9804205780291025,1.0,0.01957942197089746,presealed_2022_2023__t_minus_1_2100_hkt,E2_student_t_emos
0,0.0,0.1,0,,,,presealed_2022_2023__t_minus_1_2100_hkt,E3_two_piece_normal_emos
1,0.1,0.2,0,,,,presealed_2022_2023__t_minus_1_2100_hkt,E3_two_piece_normal_emos
2,0.2,0.30000000000000004,0,,,,presealed_2022_2023__t_minus_1_2100_hkt,E3_two_piece_normal_emos
3,0.30000000000000004,0.4,0,,,,presealed_2022_2023__t_minus_1_2100_hkt,E3_two_piece_normal_emos
4,0.4,0.5,346,0.4565510304883049,0.3786127167630058,0.07793831372529914,presealed_2022_2023__t_minus_1_2100_hkt,E3_two_piece_normal_emos
5,0.5,0.6000000000000001,98,0.5220652455357161,0.30612244897959184,0.21594279655612425,presealed_2022_2023__t_minus_1_2100_hkt,E3_two_piece_normal_emos
6,0.6000000000000001,0.7000000000000001,1,0.6108979232242568,0.0,0.6108979232242568,presealed_2022_2023__t_minus_1_2100_hkt,E3_two_piece_normal_emos
7,0.7000000000000001,0.8,1,0.7925712712089188,1.0,0.2074287287910812,presealed_2022_2023__t_minus_1_2100_hkt,E3_two_piece_normal_emos
8,0.8,0.9,26,0.8698762495889377,0.6923076923076923,0.17756855728124543,presealed_2022_2023__t_minus_1_2100_hkt,E3_two_piece_normal_emos
9,0.9,1.0,195,0.9916435776166868,0.9692307692307692,0.022412808385917526,presealed_2022_2023__t_minus_1_2100_hkt,E3_two_piece_normal_emos
0,0.0,0.1,0,,,,presealed_2022_2023__t_minus_1_2100_hkt,G1_gamlss_tree_location_scale
1,0.1,0.2,0,,,,presealed_2022_2023__t_minus_1_2100_hkt,G1_gamlss_tree_location_scale
2,0.2,0.30000000000000004,0,,,,presealed_2022_2023__t_minus_1_2100_hkt,G1_gamlss_tree_location_scale
3,0.30000000000000004,0.4,51,0.385149379244494,0.19607843137254902,0.18907094787194498,presealed_2022_2023__t_minus_1_2100_hkt,G1_gamlss_tree_location_scale
4,0.4,0.5,366,0.4549105878096219,0.3825136612021858,0.07239692660743613,presealed_2022_2023__t_minus_1_2100_hkt,G1_gamlss_tree_location_scale
5,0.5,0.6000000000000001,27,0.5259715900781841,0.4444444444444444,0.08152714563373964,presealed_2022_2023__t_minus_1_2100_hkt,G1_gamlss_tree_location_scale
6,0.6000000000000001,0.7000000000000001,1,0.6081701344525113,0.0,0.6081701344525113,presealed_2022_2023__t_minus_1_2100_hkt,G1_gamlss_tree_location_scale
7,0.7000000000000001,0.8,22,0.7868306740023342,0.6363636363636364,0.15046703763869784,presealed_2022_2023__t_minus_1_2100_hkt,G1_gamlss_tree_location_scale
8,0.8,0.9,12,0.8431903717807131,0.75,0.0931903717807131,presealed_2022_2023__t_minus_1_2100_hkt,G1_gamlss_tree_location_scale
9,0.9,1.0,188,0.9922853900970097,0.9840425531914894,0.008242836905520301,presealed_2022_2023__t_minus_1_2100_hkt,G1_gamlss_tree_location_scale
0,0.0,0.1,0,,,,presealed_2022_2023__t_minus_1_2100_hkt,Q1_quantile_cdf_gb
1,0.1,0.2,114,0.1726482125259586,0.5087719298245614,0.3361237172986028,presealed_2022_2023__t_minus_1_2100_hkt,Q1_quantile_cdf_gb
2,0.2,0.30000000000000004,308,0.24717241131820666,0.32792207792207795,0.08074966660387128,presealed_2022_2023__t_minus_1_2100_hkt,Q1_quantile_cdf_gb
3,0.30000000000000004,0.4,25,0.35445979730740895,0.56,0.2055402026925911,presealed_2022_2023__t_minus_1_2100_hkt,Q1_quantile_cdf_gb
4,0.4,0.5,16,0.43161976682054803,0.3125,0.11911976682054803,presealed_2022_2023__t_minus_1_2100_hkt,Q1_quantile_cdf_gb
5,0.5,0.6000000000000001,34,0.5460105534642875,0.6764705882352942,0.13046003477100665,presealed_2022_2023__t_minus_1_2100_hkt,Q1_quantile_cdf_gb
6,0.6000000000000001,0.7000000000000001,6,0.6976517436753472,0.8333333333333334,0.13568158965798616,presealed_2022_2023__t_minus_1_2100_hkt,Q1_quantile_cdf_gb
7,0.7000000000000001,0.8,164,0.7692343917455511,1.0,0.23076560825444892,presealed_2022_2023__t_minus_1_2100_hkt,Q1_quantile_cdf_gb
8,0.8,0.9,0,,,,presealed_2022_2023__t_minus_1_2100_hkt,Q1_quantile_cdf_gb
9,0.9,1.0,0,,,,presealed_2022_2023__t_minus_1_2100_hkt,Q1_quantile_cdf_gb
0,0.0,0.1,0,,,,presealed_2022_2023__t_minus_1_2100_hkt,Q2_threshold_cdf_gb
1,0.1,0.2,0,,,,presealed_2022_2023__t_minus_1_2100_hkt,Q2_threshold_cdf_gb
2,0.2,0.30000000000000004,118,0.27879599685708895,0.288135593220339,0.009339596363250047,presealed_2022_2023__t_minus_1_2100_hkt,Q2_threshold_cdf_gb
3,0.30000000000000004,0.4,281,0.34469723525303475,0.3487544483985765,0.004057213145541749,presealed_2022_2023__t_minus_1_2100_hkt,Q2_threshold_cdf_gb
4,0.4,0.5,55,0.4220748345474942,0.5818181818181818,0.15974334727068756,presealed_2022_2023__t_minus_1_2100_hkt,Q2_threshold_cdf_gb
5,0.5,0.6000000000000001,16,0.5277784370211795,0.6875,0.15972156297882045,presealed_2022_2023__t_minus_1_2100_hkt,Q2_threshold_cdf_gb
6,0.6000000000000001,0.7000000000000001,26,0.647459420596337,0.5769230769230769,0.07053634367326012,presealed_2022_2023__t_minus_1_2100_hkt,Q2_threshold_cdf_gb
7,0.7000000000000001,0.8,1,0.7086066024531771,1.0,0.2913933975468229,presealed_2022_2023__t_minus_1_2100_hkt,Q2_threshold_cdf_gb
8,0.8,0.9,170,0.8754350015079982,0.9941176470588236,0.1186826455508253,presealed_2022_2023__t_minus_1_2100_hkt,Q2_threshold_cdf_gb
9,0.9,1.0,0,,,,presealed_2022_2023__t_minus_1_2100_hkt,Q2_threshold_cdf_gb
0,0.0,0.1,0,,,,presealed_2022_2023__t_minus_1_2100_hkt,T1_time_decay_b4
1,0.1,0.2,0,,,,presealed_2022_2023__t_minus_1_2100_hkt,T1_time_decay_b4
2,0.2,0.30000000000000004,45,0.2771217309950612,0.26666666666666666,0.010455064328394548,presealed_2022_2023__t_minus_1_2100_hkt,T1_time_decay_b4
3,0.30000000000000004,0.4,333,0.34587997791693914,0.35435435435435436,0.00847437643741522,presealed_2022_2023__t_minus_1_2100_hkt,T1_time_decay_b4
4,0.4,0.5,42,0.44069589326490644,0.47619047619047616,0.03549458292556973,presealed_2022_2023__t_minus_1_2100_hkt,T1_time_decay_b4
5,0.5,0.6000000000000001,23,0.5499228515572827,0.6521739130434783,0.10225106148619556,presealed_2022_2023__t_minus_1_2100_hkt,T1_time_decay_b4
6,0.6000000000000001,0.7000000000000001,10,0.669687287040611,0.6,0.069687287040611,presealed_2022_2023__t_minus_1_2100_hkt,T1_time_decay_b4
7,0.7000000000000001,0.8,29,0.752565865884887,0.7241379310344828,0.02842793485040429,presealed_2022_2023__t_minus_1_2100_hkt,T1_time_decay_b4
8,0.8,0.9,10,0.8828633188612944,1.0,0.11713668113870557,presealed_2022_2023__t_minus_1_2100_hkt,T1_time_decay_b4
9,0.9,1.0,175,0.9847288424264314,0.9828571428571429,0.0018716995692885652,presealed_2022_2023__t_minus_1_2100_hkt,T1_time_decay_b4
0,0.0,0.1,0,,,,presealed_2022_2023__t_minus_1_2100_hkt,H1_b4_challenger_linear_pool
1,0.1,0.2,0,,,,presealed_2022_2023__t_minus_1_2100_hkt,H1_b4_challenger_linear_pool
2,0.2,0.30000000000000004,71,0.27299231458100376,0.22535211267605634,0.047640201904947416,presealed_2022_2023__t_minus_1_2100_hkt,H1_b4_challenger_linear_pool
3,0.30000000000000004,0.4,316,0.3566869293368308,0.36075949367088606,0.004072564334055229,presealed_2022_2023__t_minus_1_2100_hkt,H1_b4_challenger_linear_pool
4,0.4,0.5,33,0.4404243933314122,0.5151515151515151,0.07472712182010294,presealed_2022_2023__t_minus_1_2100_hkt,H1_b4_challenger_linear_pool
5,0.5,0.6000000000000001,22,0.5260798307256732,0.6818181818181818,0.15573835109250855,presealed_2022_2023__t_minus_1_2100_hkt,H1_b4_challenger_linear_pool
6,0.6000000000000001,0.7000000000000001,11,0.6383267860685689,0.5454545454545454,0.09287224061402344,presealed_2022_2023__t_minus_1_2100_hkt,H1_b4_challenger_linear_pool
7,0.7000000000000001,0.8,29,0.7382759031101047,0.7241379310344828,0.014137972075621952,presealed_2022_2023__t_minus_1_2100_hkt,H1_b4_challenger_linear_pool
8,0.8,0.9,27,0.8870614824063193,0.8888888888888888,0.0018274064825695158,presealed_2022_2023__t_minus_1_2100_hkt,H1_b4_challenger_linear_pool
9,0.9,1.0,158,0.992307536992137,1.0,0.007692463007862971,presealed_2022_2023__t_minus_1_2100_hkt,H1_b4_challenger_linear_pool
0,0.0,0.1,0,,,,sealed_2024_2026_05__t_minus_1_2100_hkt,B0_climatology
1,0.1,0.2,0,,,,sealed_2024_2026_05__t_minus_1_2100_hkt,B0_climatology
2,0.2,0.30000000000000004,0,,,,sealed_2024_2026_05__t_minus_1_2100_hkt,B0_climatology
3,0.30000000000000004,0.4,767,0.3493016573760189,0.3116036505867014,0.037698006789317506,sealed_2024_2026_05__t_minus_1_2100_hkt,B0_climatology
4,0.4,0.5,0,,,,sealed_2024_2026_05__t_minus_1_2100_hkt,B0_climatology
5,0.5,0.6000000000000001,0,,,,sealed_2024_2026_05__t_minus_1_2100_hkt,B0_climatology
6,0.6000000000000001,0.7000000000000001,0,,,,sealed_2024_2026_05__t_minus_1_2100_hkt,B0_climatology
7,0.7000000000000001,0.8,0,,,,sealed_2024_2026_05__t_minus_1_2100_hkt,B0_climatology
8,0.8,0.9,0,,,,sealed_2024_2026_05__t_minus_1_2100_hkt,B0_climatology
9,0.9,1.0,0,,,,sealed_2024_2026_05__t_minus_1_2100_hkt,B0_climatology
0,0.0,0.1,0,,,,sealed_2024_2026_05__t_minus_1_2100_hkt,B1_global_residual_pmf
1,0.1,0.2,0,,,,sealed_2024_2026_05__t_minus_1_2100_hkt,B1_global_residual_pmf
2,0.2,0.30000000000000004,0,,,,sealed_2024_2026_05__t_minus_1_2100_hkt,B1_global_residual_pmf
3,0.30000000000000004,0.4,455,0.322934333921528,0.3120879120879121,0.010846421833615894,sealed_2024_2026_05__t_minus_1_2100_hkt,B1_global_residual_pmf
4,0.4,0.5,27,0.4366270741121099,0.2962962962962963,0.1403307778158136,sealed_2024_2026_05__t_minus_1_2100_hkt,B1_global_residual_pmf
5,0.5,0.6000000000000001,44,0.5633729258878898,0.4090909090909091,0.15428201679698067,sealed_2024_2026_05__t_minus_1_2100_hkt,B1_global_residual_pmf
6,0.6000000000000001,0.7000000000000001,0,,,,sealed_2024_2026_05__t_minus_1_2100_hkt,B1_global_residual_pmf
7,0.7000000000000001,0.8,33,0.7595614080336377,0.696969696969697,0.06259171106394068,sealed_2024_2026_05__t_minus_1_2100_hkt,B1_global_residual_pmf
8,0.8,0.9,6,0.8343558190732604,0.8333333333333334,0.001022485739927026,sealed_2024_2026_05__t_minus_1_2100_hkt,B1_global_residual_pmf
9,0.9,1.0,202,0.9892919012749666,0.9851485148514851,0.004143386423481443,sealed_2024_2026_05__t_minus_1_2100_hkt,B1_global_residual_pmf
0,0.0,0.1,0,,,,sealed_2024_2026_05__t_minus_1_2100_hkt,B2_month_residual_pmf
1,0.1,0.2,0,,,,sealed_2024_2026_05__t_minus_1_2100_hkt,B2_month_residual_pmf
2,0.2,0.30000000000000004,186,0.2713103110161759,0.2849462365591398,0.01363592554296389,sealed_2024_2026_05__t_minus_1_2100_hkt,B2_month_residual_pmf
3,0.30000000000000004,0.4,271,0.35365139777607624,0.33210332103321033,0.021548076742865907,sealed_2024_2026_05__t_minus_1_2100_hkt,B2_month_residual_pmf
4,0.4,0.5,25,0.4323855317491978,0.28,0.15238553174919778,sealed_2024_2026_05__t_minus_1_2100_hkt,B2_month_residual_pmf
5,0.5,0.6000000000000001,44,0.5550383973017387,0.4090909090909091,0.14594748821082953,sealed_2024_2026_05__t_minus_1_2100_hkt,B2_month_residual_pmf
6,0.6000000000000001,0.7000000000000001,12,0.6756849041229344,0.4166666666666667,0.2590182374562677,sealed_2024_2026_05__t_minus_1_2100_hkt,B2_month_residual_pmf
7,0.7000000000000001,0.8,22,0.7376113226690176,0.8636363636363636,0.126025040967346,sealed_2024_2026_05__t_minus_1_2100_hkt,B2_month_residual_pmf
8,0.8,0.9,15,0.8635688100778934,0.7333333333333333,0.13023547674456015,sealed_2024_2026_05__t_minus_1_2100_hkt,B2_month_residual_pmf
9,0.9,1.0,192,0.9920700710369256,1.0,0.007929928963074429,sealed_2024_2026_05__t_minus_1_2100_hkt,B2_month_residual_pmf
0,0.0,0.1,0,,,,sealed_2024_2026_05__t_minus_1_2100_hkt,B3_forecast_level_residual_pmf
1,0.1,0.2,0,,,,sealed_2024_2026_05__t_minus_1_2100_hkt,B3_forecast_level_residual_pmf
2,0.2,0.30000000000000004,56,0.296459518988716,0.32142857142857145,0.024969052439855477,sealed_2024_2026_05__t_minus_1_2100_hkt,B3_forecast_level_residual_pmf
3,0.30000000000000004,0.4,321,0.33024807973523773,0.32087227414330216,0.009375805591935571,sealed_2024_2026_05__t_minus_1_2100_hkt,B3_forecast_level_residual_pmf
4,0.4,0.5,149,0.4435295407524383,0.3422818791946309,0.1012476615578074,sealed_2024_2026_05__t_minus_1_2100_hkt,B3_forecast_level_residual_pmf
5,0.5,0.6000000000000001,0,,,,sealed_2024_2026_05__t_minus_1_2100_hkt,B3_forecast_level_residual_pmf
6,0.6000000000000001,0.7000000000000001,33,0.6539517765703513,0.696969696969697,0.04301792039934571,sealed_2024_2026_05__t_minus_1_2100_hkt,B3_forecast_level_residual_pmf
7,0.7000000000000001,0.8,0,,,,sealed_2024_2026_05__t_minus_1_2100_hkt,B3_forecast_level_residual_pmf
8,0.8,0.9,6,0.8185536294165908,0.8333333333333334,0.014779703916742548,sealed_2024_2026_05__t_minus_1_2100_hkt,B3_forecast_level_residual_pmf
9,0.9,1.0,202,0.9845046228936186,0.9851485148514851,0.0006438919578665159,sealed_2024_2026_05__t_minus_1_2100_hkt,B3_forecast_level_residual_pmf
0,0.0,0.1,0,,,,sealed_2024_2026_05__t_minus_1_2100_hkt,B4_hierarchical_residual_pmf
1,0.1,0.2,0,,,,sealed_2024_2026_05__t_minus_1_2100_hkt,B4_hierarchical_residual_pmf
2,0.2,0.30000000000000004,118,0.270779941194733,0.2966101694915254,0.025830228296792435,sealed_2024_2026_05__t_minus_1_2100_hkt,B4_hierarchical_residual_pmf
3,0.30000000000000004,0.4,258,0.3448771041589142,0.34108527131782945,0.0037918328410847524,sealed_2024_2026_05__t_minus_1_2100_hkt,B4_hierarchical_residual_pmf
4,0.4,0.5,124,0.42368147533783396,0.3064516129032258,0.11722986243460815,sealed_2024_2026_05__t_minus_1_2100_hkt,B4_hierarchical_residual_pmf
5,0.5,0.6000000000000001,26,0.540223928008551,0.5,0.04022392800855101,sealed_2024_2026_05__t_minus_1_2100_hkt,B4_hierarchical_residual_pmf
6,0.6000000000000001,0.7000000000000001,23,0.6513728399415983,0.6521739130434783,0.0008010731018799344,sealed_2024_2026_05__t_minus_1_2100_hkt,B4_hierarchical_residual_pmf
7,0.7000000000000001,0.8,12,0.7480538606341703,0.8333333333333334,0.08527947269916303,sealed_2024_2026_05__t_minus_1_2100_hkt,B4_hierarchical_residual_pmf
8,0.8,0.9,14,0.8643442130677444,0.7142857142857143,0.15005849878203015,sealed_2024_2026_05__t_minus_1_2100_hkt,B4_hierarchical_residual_pmf
9,0.9,1.0,192,0.9930730888870013,1.0,0.0069269111129987015,sealed_2024_2026_05__t_minus_1_2100_hkt,B4_hierarchical_residual_pmf
0,0.0,0.1,0,,,,sealed_2024_2026_05__t_minus_1_2100_hkt,B5_kernel_analog_pmf
1,0.1,0.2,0,,,,sealed_2024_2026_05__t_minus_1_2100_hkt,B5_kernel_analog_pmf
2,0.2,0.30000000000000004,120,0.2616979618527935,0.31666666666666665,0.05496870481387317,sealed_2024_2026_05__t_minus_1_2100_hkt,B5_kernel_analog_pmf
3,0.30000000000000004,0.4,267,0.3471752821026783,0.2696629213483146,0.07751236075436369,sealed_2024_2026_05__t_minus_1_2100_hkt,B5_kernel_analog_pmf
4,0.4,0.5,109,0.43106933760671146,0.3302752293577982,0.10079410824891327,sealed_2024_2026_05__t_minus_1_2100_hkt,B5_kernel_analog_pmf
5,0.5,0.6000000000000001,30,0.5114057965451355,0.5666666666666667,0.055260870121531136,sealed_2024_2026_05__t_minus_1_2100_hkt,B5_kernel_analog_pmf
6,0.6000000000000001,0.7000000000000001,22,0.6395905281776192,0.6363636363636364,0.003226891813982835,sealed_2024_2026_05__t_minus_1_2100_hkt,B5_kernel_analog_pmf
7,0.7000000000000001,0.8,11,0.7304997821505016,0.8181818181818182,0.08768203603131663,sealed_2024_2026_05__t_minus_1_2100_hkt,B5_kernel_analog_pmf
8,0.8,0.9,13,0.8470991795040581,0.8461538461538461,0.0009453333502119632,sealed_2024_2026_05__t_minus_1_2100_hkt,B5_kernel_analog_pmf
9,0.9,1.0,195,0.9904670354176642,0.9897435897435898,0.0007234456740744521,sealed_2024_2026_05__t_minus_1_2100_hkt,B5_kernel_analog_pmf
0,0.0,0.1,0,,,,sealed_2024_2026_05__t_minus_1_2100_hkt,B6_month_climatology_diagnostic
1,0.1,0.2,203,0.18204816663998796,0.12315270935960591,0.05889545728038205,sealed_2024_2026_05__t_minus_1_2100_hkt,B6_month_climatology_diagnostic
2,0.2,0.30000000000000004,176,0.2468766677974495,0.16477272727272727,0.08210394052472222,sealed_2024_2026_05__t_minus_1_2100_hkt,B6_month_climatology_diagnostic
3,0.30000000000000004,0.4,80,0.39079859816568485,0.1,0.2907985981656849,sealed_2024_2026_05__t_minus_1_2100_hkt,B6_month_climatology_diagnostic
4,0.4,0.5,48,0.4791202920487936,0.3958333333333333,0.08328695871546027,sealed_2024_2026_05__t_minus_1_2100_hkt,B6_month_climatology_diagnostic
5,0.5,0.6000000000000001,0,,,,sealed_2024_2026_05__t_minus_1_2100_hkt,B6_month_climatology_diagnostic
6,0.6000000000000001,0.7000000000000001,0,,,,sealed_2024_2026_05__t_minus_1_2100_hkt,B6_month_climatology_diagnostic
7,0.7000000000000001,0.8,79,0.7324801480225119,0.569620253164557,0.16285989485795493,sealed_2024_2026_05__t_minus_1_2100_hkt,B6_month_climatology_diagnostic
8,0.8,0.9,0,,,,sealed_2024_2026_05__t_minus_1_2100_hkt,B6_month_climatology_diagnostic
9,0.9,1.0,181,0.9477918124671261,0.8895027624309392,0.058289050036186896,sealed_2024_2026_05__t_minus_1_2100_hkt,B6_month_climatology_diagnostic
0,0.0,0.1,0,,,,sealed_2024_2026_05__t_minus_1_2100_hkt,P1_normal_mos
1,0.1,0.2,0,,,,sealed_2024_2026_05__t_minus_1_2100_hkt,P1_normal_mos
2,0.2,0.30000000000000004,330,0.2948958420773955,0.3242424242424242,0.029346582165028723,sealed_2024_2026_05__t_minus_1_2100_hkt,P1_normal_mos
3,0.30000000000000004,0.4,125,0.3037135863981167,0.272,0.03171358639811667,sealed_2024_2026_05__t_minus_1_2100_hkt,P1_normal_mos
4,0.4,0.5,58,0.4715126813223101,0.3620689655172414,0.10944371580506873,sealed_2024_2026_05__t_minus_1_2100_hkt,P1_normal_mos
5,0.5,0.6000000000000001,13,0.5035235175893964,0.38461538461538464,0.11890813297401176,sealed_2024_2026_05__t_minus_1_2100_hkt,P1_normal_mos
6,0.6000000000000001,0.7000000000000001,0,,,,sealed_2024_2026_05__t_minus_1_2100_hkt,P1_normal_mos
7,0.7000000000000001,0.8,39,0.7504685410993416,0.717948717948718,0.03251982315062363,sealed_2024_2026_05__t_minus_1_2100_hkt,P1_normal_mos
8,0.8,0.9,0,,,,sealed_2024_2026_05__t_minus_1_2100_hkt,P1_normal_mos
9,0.9,1.0,202,0.9892400447998004,0.9851485148514851,0.004091529948315298,sealed_2024_2026_05__t_minus_1_2100_hkt,P1_normal_mos
0,0.0,0.1,0,,,,sealed_2024_2026_05__t_minus_1_2100_hkt,P2_student_t_mos
1,0.1,0.2,0,,,,sealed_2024_2026_05__t_minus_1_2100_hkt,P2_student_t_mos
2,0.2,0.30000000000000004,444,0.28938132648992937,0.3130630630630631,0.023681736573133716,sealed_2024_2026_05__t_minus_1_2100_hkt,P2_student_t_mos
3,0.30000000000000004,0.4,11,0.30093876168246186,0.18181818181818182,0.11912057986428004,sealed_2024_2026_05__t_minus_1_2100_hkt,P2_student_t_mos
4,0.4,0.5,58,0.4721061722061767,0.3620689655172414,0.1100372066889353,sealed_2024_2026_05__t_minus_1_2100_hkt,P2_student_t_mos
5,0.5,0.6000000000000001,13,0.5034509471929922,0.38461538461538464,0.11883556257760758,sealed_2024_2026_05__t_minus_1_2100_hkt,P2_student_t_mos
6,0.6000000000000001,0.7000000000000001,0,,,,sealed_2024_2026_05__t_minus_1_2100_hkt,P2_student_t_mos
7,0.7000000000000001,0.8,39,0.7440469606175696,0.717948717948718,0.026098242668851634,sealed_2024_2026_05__t_minus_1_2100_hkt,P2_student_t_mos
8,0.8,0.9,0,,,,sealed_2024_2026_05__t_minus_1_2100_hkt,P2_student_t_mos
9,0.9,1.0,202,0.9849810179070032,0.9851485148514851,0.0001674969444819263,sealed_2024_2026_05__t_minus_1_2100_hkt,P2_student_t_mos
0,0.0,0.1,0,,,,sealed_2024_2026_05__t_minus_1_2100_hkt,C1_multinomial_ridge
1,0.1,0.2,0,,,,sealed_2024_2026_05__t_minus_1_2100_hkt,C1_multinomial_ridge
2,0.2,0.30000000000000004,195,0.28184941418092535,0.2564102564102564,0.025439157770668963,sealed_2024_2026_05__t_minus_1_2100_hkt,C1_multinomial_ridge
3,0.30000000000000004,0.4,255,0.3424589484876219,0.3215686274509804,0.020890321036641457,sealed_2024_2026_05__t_minus_1_2100_hkt,C1_multinomial_ridge
4,0.4,0.5,74,0.43696093210819675,0.33783783783783783,0.09912309427035892,sealed_2024_2026_05__t_minus_1_2100_hkt,C1_multinomial_ridge
5,0.5,0.6000000000000001,2,0.5354695388070784,0.5,0.03546953880707837,sealed_2024_2026_05__t_minus_1_2100_hkt,C1_multinomial_ridge
6,0.6000000000000001,0.7000000000000001,4,0.6813426624154735,0.75,0.06865733758452652,sealed_2024_2026_05__t_minus_1_2100_hkt,C1_multinomial_ridge
7,0.7000000000000001,0.8,34,0.7343720944707836,0.7058823529411765,0.028489741529607038,sealed_2024_2026_05__t_minus_1_2100_hkt,C1_multinomial_ridge
8,0.8,0.9,21,0.8850254934744127,0.9047619047619048,0.01973641128749204,sealed_2024_2026_05__t_minus_1_2100_hkt,C1_multinomial_ridge
9,0.9,1.0,182,0.9845761696985285,0.9945054945054945,0.009929324806966067,sealed_2024_2026_05__t_minus_1_2100_hkt,C1_multinomial_ridge
0,0.0,0.1,0,,,,sealed_2024_2026_05__t_minus_1_2100_hkt,C2_ordinal_cdf_logistic
1,0.1,0.2,0,,,,sealed_2024_2026_05__t_minus_1_2100_hkt,C2_ordinal_cdf_logistic
2,0.2,0.30000000000000004,111,0.28644589425452816,0.23423423423423423,0.052211660020293926,sealed_2024_2026_05__t_minus_1_2100_hkt,C2_ordinal_cdf_logistic
3,0.30000000000000004,0.4,319,0.3404349123051955,0.29153605015673983,0.04889886214845568,sealed_2024_2026_05__t_minus_1_2100_hkt,C2_ordinal_cdf_logistic
4,0.4,0.5,94,0.43542249526197385,0.39361702127659576,0.041805473985378094,sealed_2024_2026_05__t_minus_1_2100_hkt,C2_ordinal_cdf_logistic
5,0.5,0.6000000000000001,2,0.500378961654446,0.0,0.500378961654446,sealed_2024_2026_05__t_minus_1_2100_hkt,C2_ordinal_cdf_logistic
6,0.6000000000000001,0.7000000000000001,14,0.6621018125413799,0.7857142857142857,0.1236124731729058,sealed_2024_2026_05__t_minus_1_2100_hkt,C2_ordinal_cdf_logistic
7,0.7000000000000001,0.8,25,0.730608080560097,0.68,0.05060808056009691,sealed_2024_2026_05__t_minus_1_2100_hkt,C2_ordinal_cdf_logistic
8,0.8,0.9,22,0.8797441195249813,0.8636363636363636,0.01610775588861768,sealed_2024_2026_05__t_minus_1_2100_hkt,C2_ordinal_cdf_logistic
9,0.9,1.0,180,0.9875345911689263,1.0,0.012465408831073721,sealed_2024_2026_05__t_minus_1_2100_hkt,C2_ordinal_cdf_logistic
0,0.0,0.1,0,,,,sealed_2024_2026_05__t_minus_1_2100_hkt,K0_B4_identity
1,0.1,0.2,0,,,,sealed_2024_2026_05__t_minus_1_2100_hkt,K0_B4_identity
2,0.2,0.30000000000000004,118,0.270779941194733,0.2966101694915254,0.025830228296792435,sealed_2024_2026_05__t_minus_1_2100_hkt,K0_B4_identity
3,0.30000000000000004,0.4,258,0.3448771041589142,0.34108527131782945,0.0037918328410847524,sealed_2024_2026_05__t_minus_1_2100_hkt,K0_B4_identity
4,0.4,0.5,124,0.42368147533783396,0.3064516129032258,0.11722986243460815,sealed_2024_2026_05__t_minus_1_2100_hkt,K0_B4_identity
5,0.5,0.6000000000000001,26,0.540223928008551,0.5,0.04022392800855101,sealed_2024_2026_05__t_minus_1_2100_hkt,K0_B4_identity
6,0.6000000000000001,0.7000000000000001,23,0.6513728399415983,0.6521739130434783,0.0008010731018799344,sealed_2024_2026_05__t_minus_1_2100_hkt,K0_B4_identity
7,0.7000000000000001,0.8,12,0.7480538606341703,0.8333333333333334,0.08527947269916303,sealed_2024_2026_05__t_minus_1_2100_hkt,K0_B4_identity
8,0.8,0.9,14,0.8643442130677444,0.7142857142857143,0.15005849878203015,sealed_2024_2026_05__t_minus_1_2100_hkt,K0_B4_identity
9,0.9,1.0,192,0.9930730888870013,1.0,0.0069269111129987015,sealed_2024_2026_05__t_minus_1_2100_hkt,K0_B4_identity
0,0.0,0.1,0,,,,sealed_2024_2026_05__t_minus_1_2100_hkt,K1_B4_power_calibrated
1,0.1,0.2,0,,,,sealed_2024_2026_05__t_minus_1_2100_hkt,K1_B4_power_calibrated
2,0.2,0.30000000000000004,150,0.27190746031737373,0.29333333333333333,0.021425873015959607,sealed_2024_2026_05__t_minus_1_2100_hkt,K1_B4_power_calibrated
3,0.30000000000000004,0.4,272,0.3510808223980242,0.3492647058823529,0.0018161165156712622,sealed_2024_2026_05__t_minus_1_2100_hkt,K1_B4_power_calibrated
4,0.4,0.5,82,0.42770659993951465,0.2804878048780488,0.14721879506146585,sealed_2024_2026_05__t_minus_1_2100_hkt,K1_B4_power_calibrated
5,0.5,0.6000000000000001,22,0.5349913159802173,0.5454545454545454,0.010463229474328095,sealed_2024_2026_05__t_minus_1_2100_hkt,K1_B4_power_calibrated
6,0.6000000000000001,0.7000000000000001,23,0.6341220779327136,0.6521739130434783,0.01805183511076469,sealed_2024_2026_05__t_minus_1_2100_hkt,K1_B4_power_calibrated
7,0.7000000000000001,0.8,12,0.7311208463048247,0.8333333333333334,0.10221248702850871,sealed_2024_2026_05__t_minus_1_2100_hkt,K1_B4_power_calibrated
8,0.8,0.9,14,0.8485171156387921,0.7142857142857143,0.13423140135307776,sealed_2024_2026_05__t_minus_1_2100_hkt,K1_B4_power_calibrated
9,0.9,1.0,192,0.9916294717509553,1.0,0.008370528249044717,sealed_2024_2026_05__t_minus_1_2100_hkt,K1_B4_power_calibrated
0,0.0,0.1,0,,,,sealed_2024_2026_05__t_minus_1_2100_hkt,K2_B4_monotone_cdf_projected
1,0.1,0.2,0,,,,sealed_2024_2026_05__t_minus_1_2100_hkt,K2_B4_monotone_cdf_projected
2,0.2,0.30000000000000004,118,0.270779941194733,0.2966101694915254,0.025830228296792435,sealed_2024_2026_05__t_minus_1_2100_hkt,K2_B4_monotone_cdf_projected
3,0.30000000000000004,0.4,258,0.3448771041589142,0.34108527131782945,0.0037918328410847524,sealed_2024_2026_05__t_minus_1_2100_hkt,K2_B4_monotone_cdf_projected
4,0.4,0.5,124,0.42368147533783385,0.3064516129032258,0.11722986243460803,sealed_2024_2026_05__t_minus_1_2100_hkt,K2_B4_monotone_cdf_projected
5,0.5,0.6000000000000001,26,0.540223928008551,0.5,0.04022392800855101,sealed_2024_2026_05__t_minus_1_2100_hkt,K2_B4_monotone_cdf_projected
6,0.6000000000000001,0.7000000000000001,23,0.6513728399415982,0.6521739130434783,0.0008010731018800454,sealed_2024_2026_05__t_minus_1_2100_hkt,K2_B4_monotone_cdf_projected
7,0.7000000000000001,0.8,12,0.7480538606341703,0.8333333333333334,0.08527947269916303,sealed_2024_2026_05__t_minus_1_2100_hkt,K2_B4_monotone_cdf_projected
8,0.8,0.9,14,0.8643442130677441,0.7142857142857143,0.15005849878202981,sealed_2024_2026_05__t_minus_1_2100_hkt,K2_B4_monotone_cdf_projected
9,0.9,1.0,192,0.9930730888870011,1.0,0.006926911112998924,sealed_2024_2026_05__t_minus_1_2100_hkt,K2_B4_monotone_cdf_projected
0,0.0,0.1,0,,,,sealed_2024_2026_05__t_minus_1_2100_hkt,S1_conservative_simplex_stack
1,0.1,0.2,0,,,,sealed_2024_2026_05__t_minus_1_2100_hkt,S1_conservative_simplex_stack
2,0.2,0.30000000000000004,121,0.27283813716206473,0.2644628099173554,0.008375327244709352,sealed_2024_2026_05__t_minus_1_2100_hkt,S1_conservative_simplex_stack
3,0.30000000000000004,0.4,284,0.34558482575103405,0.3626760563380282,0.017091230586994133,sealed_2024_2026_05__t_minus_1_2100_hkt,S1_conservative_simplex_stack
4,0.4,0.5,99,0.42784226160068767,0.26262626262626265,0.16521599897442502,sealed_2024_2026_05__t_minus_1_2100_hkt,S1_conservative_simplex_stack
5,0.5,0.6000000000000001,22,0.5396787991998423,0.5454545454545454,0.005775746254703118,sealed_2024_2026_05__t_minus_1_2100_hkt,S1_conservative_simplex_stack
6,0.6000000000000001,0.7000000000000001,20,0.6561074350388352,0.6,0.056107435038835196,sealed_2024_2026_05__t_minus_1_2100_hkt,S1_conservative_simplex_stack
7,0.7000000000000001,0.8,15,0.738272638852243,0.8666666666666667,0.12839402781442366,sealed_2024_2026_05__t_minus_1_2100_hkt,S1_conservative_simplex_stack
8,0.8,0.9,14,0.8664366034958276,0.7142857142857143,0.15215088921011333,sealed_2024_2026_05__t_minus_1_2100_hkt,S1_conservative_simplex_stack
9,0.9,1.0,192,0.9924596782876091,1.0,0.0075403217123909405,sealed_2024_2026_05__t_minus_1_2100_hkt,S1_conservative_simplex_stack
0,0.0,0.1,0,,,,sealed_2024_2026_05__t_minus_1_2100_hkt,E1_normal_emos
1,0.1,0.2,0,,,,sealed_2024_2026_05__t_minus_1_2100_hkt,E1_normal_emos
2,0.2,0.30000000000000004,0,,,,sealed_2024_2026_05__t_minus_1_2100_hkt,E1_normal_emos
3,0.30000000000000004,0.4,269,0.3709323235713959,0.2899628252788104,0.08096949829258548,sealed_2024_2026_05__t_minus_1_2100_hkt,E1_normal_emos
4,0.4,0.5,244,0.4372744079076009,0.3360655737704918,0.10120883413710913,sealed_2024_2026_05__t_minus_1_2100_hkt,E1_normal_emos
5,0.5,0.6000000000000001,13,0.5056503614146182,0.38461538461538464,0.12103497679923353,sealed_2024_2026_05__t_minus_1_2100_hkt,E1_normal_emos
6,0.6000000000000001,0.7000000000000001,0,,,,sealed_2024_2026_05__t_minus_1_2100_hkt,E1_normal_emos
7,0.7000000000000001,0.8,9,0.7854306490207874,0.7777777777777778,0.007652871243009618,sealed_2024_2026_05__t_minus_1_2100_hkt,E1_normal_emos
8,0.8,0.9,28,0.8409086942402125,0.6785714285714286,0.16233726566878393,sealed_2024_2026_05__t_minus_1_2100_hkt,E1_normal_emos
9,0.9,1.0,204,0.9965113142067114,0.9852941176470589,0.011217196559652476,sealed_2024_2026_05__t_minus_1_2100_hkt,E1_normal_emos
0,0.0,0.1,0,,,,sealed_2024_2026_05__t_minus_1_2100_hkt,E2_student_t_emos
1,0.1,0.2,0,,,,sealed_2024_2026_05__t_minus_1_2100_hkt,E2_student_t_emos
2,0.2,0.30000000000000004,3,0.29563392243907444,0.3333333333333333,0.03769941089425888,sealed_2024_2026_05__t_minus_1_2100_hkt,E2_student_t_emos
3,0.30000000000000004,0.4,429,0.3500637283146245,0.31002331002331,0.040040418291314495,sealed_2024_2026_05__t_minus_1_2100_hkt,E2_student_t_emos
4,0.4,0.5,81,0.44782269110102024,0.3333333333333333,0.11448935776768693,sealed_2024_2026_05__t_minus_1_2100_hkt,E2_student_t_emos
5,0.5,0.6000000000000001,13,0.5052052308526719,0.38461538461538464,0.12058984623728725,sealed_2024_2026_05__t_minus_1_2100_hkt,E2_student_t_emos
6,0.6000000000000001,0.7000000000000001,0,,,,sealed_2024_2026_05__t_minus_1_2100_hkt,E2_student_t_emos
7,0.7000000000000001,0.8,23,0.7762545788992071,0.782608695652174,0.006354116752966821,sealed_2024_2026_05__t_minus_1_2100_hkt,E2_student_t_emos
8,0.8,0.9,17,0.8296379076064636,0.6470588235294118,0.1825790840770518,sealed_2024_2026_05__t_minus_1_2100_hkt,E2_student_t_emos
9,0.9,1.0,201,0.982794867087628,0.9850746268656716,0.002279759778043622,sealed_2024_2026_05__t_minus_1_2100_hkt,E2_student_t_emos
0,0.0,0.1,0,,,,sealed_2024_2026_05__t_minus_1_2100_hkt,E3_two_piece_normal_emos
1,0.1,0.2,0,,,,sealed_2024_2026_05__t_minus_1_2100_hkt,E3_two_piece_normal_emos
2,0.2,0.30000000000000004,0,,,,sealed_2024_2026_05__t_minus_1_2100_hkt,E3_two_piece_normal_emos
3,0.30000000000000004,0.4,2,0.3964888987151177,0.5,0.10351110128488228,sealed_2024_2026_05__t_minus_1_2100_hkt,E3_two_piece_normal_emos
4,0.4,0.5,441,0.45317512561743056,0.3287981859410431,0.12437693967638747,sealed_2024_2026_05__t_minus_1_2100_hkt,E3_two_piece_normal_emos
5,0.5,0.6000000000000001,83,0.5154391277176873,0.26506024096385544,0.25037888675383185,sealed_2024_2026_05__t_minus_1_2100_hkt,E3_two_piece_normal_emos
6,0.6000000000000001,0.7000000000000001,0,,,,sealed_2024_2026_05__t_minus_1_2100_hkt,E3_two_piece_normal_emos
7,0.7000000000000001,0.8,0,,,,sealed_2024_2026_05__t_minus_1_2100_hkt,E3_two_piece_normal_emos
8,0.8,0.9,25,0.8723364204342126,0.76,0.11233642043421255,sealed_2024_2026_05__t_minus_1_2100_hkt,E3_two_piece_normal_emos
9,0.9,1.0,216,0.9945441348240162,0.9629629629629629,0.03158117186105325,sealed_2024_2026_05__t_minus_1_2100_hkt,E3_two_piece_normal_emos
0,0.0,0.1,0,,,,sealed_2024_2026_05__t_minus_1_2100_hkt,G1_gamlss_tree_location_scale
1,0.1,0.2,0,,,,sealed_2024_2026_05__t_minus_1_2100_hkt,G1_gamlss_tree_location_scale
2,0.2,0.30000000000000004,0,,,,sealed_2024_2026_05__t_minus_1_2100_hkt,G1_gamlss_tree_location_scale
3,0.30000000000000004,0.4,92,0.38637237210028497,0.2391304347826087,0.14724193731767626,sealed_2024_2026_05__t_minus_1_2100_hkt,G1_gamlss_tree_location_scale
4,0.4,0.5,384,0.4477668533106301,0.3229166666666667,0.12485018664396341,sealed_2024_2026_05__t_minus_1_2100_hkt,G1_gamlss_tree_location_scale
5,0.5,0.6000000000000001,50,0.5241113151583394,0.48,0.04411131515833944,sealed_2024_2026_05__t_minus_1_2100_hkt,G1_gamlss_tree_location_scale
6,0.6000000000000001,0.7000000000000001,0,,,,sealed_2024_2026_05__t_minus_1_2100_hkt,G1_gamlss_tree_location_scale
7,0.7000000000000001,0.8,16,0.7903829852040929,0.75,0.04038298520409289,sealed_2024_2026_05__t_minus_1_2100_hkt,G1_gamlss_tree_location_scale
8,0.8,0.9,17,0.8415477167676715,0.6470588235294118,0.19448889323825969,sealed_2024_2026_05__t_minus_1_2100_hkt,G1_gamlss_tree_location_scale
9,0.9,1.0,208,0.9964226354817212,0.9807692307692307,0.015653404712490437,sealed_2024_2026_05__t_minus_1_2100_hkt,G1_gamlss_tree_location_scale
0,0.0,0.1,0,,,,sealed_2024_2026_05__t_minus_1_2100_hkt,Q1_quantile_cdf_gb
1,0.1,0.2,4,0.19326522379373948,0.5,0.30673477620626055,sealed_2024_2026_05__t_minus_1_2100_hkt,Q1_quantile_cdf_gb
2,0.2,0.30000000000000004,472,0.23905149455663993,0.326271186440678,0.08721969188403805,sealed_2024_2026_05__t_minus_1_2100_hkt,Q1_quantile_cdf_gb
3,0.30000000000000004,0.4,29,0.3185635869540679,0.3448275862068966,0.026263999252828685,sealed_2024_2026_05__t_minus_1_2100_hkt,Q1_quantile_cdf_gb
4,0.4,0.5,27,0.432748115411783,0.2962962962962963,0.1364518191154867,sealed_2024_2026_05__t_minus_1_2100_hkt,Q1_quantile_cdf_gb
5,0.5,0.6000000000000001,33,0.5559106286346056,0.696969696969697,0.1410590683350914,sealed_2024_2026_05__t_minus_1_2100_hkt,Q1_quantile_cdf_gb
6,0.6000000000000001,0.7000000000000001,1,0.6962687337203706,1.0,0.30373126627962943,sealed_2024_2026_05__t_minus_1_2100_hkt,Q1_quantile_cdf_gb
7,0.7000000000000001,0.8,201,0.7670174156662131,0.9850746268656716,0.21805721119945853,sealed_2024_2026_05__t_minus_1_2100_hkt,Q1_quantile_cdf_gb
8,0.8,0.9,0,,,,sealed_2024_2026_05__t_minus_1_2100_hkt,Q1_quantile_cdf_gb
9,0.9,1.0,0,,,,sealed_2024_2026_05__t_minus_1_2100_hkt,Q1_quantile_cdf_gb
0,0.0,0.1,0,,,,sealed_2024_2026_05__t_minus_1_2100_hkt,Q2_threshold_cdf_gb
1,0.1,0.2,0,,,,sealed_2024_2026_05__t_minus_1_2100_hkt,Q2_threshold_cdf_gb
2,0.2,0.30000000000000004,175,0.28259741391301385,0.28,0.002597413913013824,sealed_2024_2026_05__t_minus_1_2100_hkt,Q2_threshold_cdf_gb
3,0.30000000000000004,0.4,267,0.3444712874119477,0.3146067415730337,0.029864545838914014,sealed_2024_2026_05__t_minus_1_2100_hkt,Q2_threshold_cdf_gb
4,0.4,0.5,84,0.4349473005964132,0.44047619047619047,0.005528889879777288,sealed_2024_2026_05__t_minus_1_2100_hkt,Q2_threshold_cdf_gb
5,0.5,0.6000000000000001,9,0.5495079722720679,0.8888888888888888,0.3393809166168209,sealed_2024_2026_05__t_minus_1_2100_hkt,Q2_threshold_cdf_gb
6,0.6000000000000001,0.7000000000000001,28,0.6405149808615208,0.6785714285714286,0.03805644770990779,sealed_2024_2026_05__t_minus_1_2100_hkt,Q2_threshold_cdf_gb
7,0.7000000000000001,0.8,2,0.7146825503594991,0.5,0.21468255035949912,sealed_2024_2026_05__t_minus_1_2100_hkt,Q2_threshold_cdf_gb
8,0.8,0.9,202,0.8778190083511074,0.9851485148514851,0.10732950650037776,sealed_2024_2026_05__t_minus_1_2100_hkt,Q2_threshold_cdf_gb
9,0.9,1.0,0,,,,sealed_2024_2026_05__t_minus_1_2100_hkt,Q2_threshold_cdf_gb
0,0.0,0.1,0,,,,sealed_2024_2026_05__t_minus_1_2100_hkt,T1_time_decay_b4
1,0.1,0.2,0,,,,sealed_2024_2026_05__t_minus_1_2100_hkt,T1_time_decay_b4
2,0.2,0.30000000000000004,23,0.2951256104698828,0.391304347826087,0.09617873735620419,sealed_2024_2026_05__t_minus_1_2100_hkt,T1_time_decay_b4
3,0.30000000000000004,0.4,433,0.33638017947136933,0.3071593533487298,0.029220826122639543,sealed_2024_2026_05__t_minus_1_2100_hkt,T1_time_decay_b4
4,0.4,0.5,26,0.4355967753018797,0.3076923076923077,0.12790446760957197,sealed_2024_2026_05__t_minus_1_2100_hkt,T1_time_decay_b4
5,0.5,0.6000000000000001,44,0.5663039245964143,0.4090909090909091,0.1572130155055052,sealed_2024_2026_05__t_minus_1_2100_hkt,T1_time_decay_b4
6,0.6000000000000001,0.7000000000000001,0,,,,sealed_2024_2026_05__t_minus_1_2100_hkt,T1_time_decay_b4
7,0.7000000000000001,0.8,34,0.744609055324252,0.7058823529411765,0.03872670238307552,sealed_2024_2026_05__t_minus_1_2100_hkt,T1_time_decay_b4
8,0.8,0.9,5,0.8454548792454138,0.8,0.045454879245413804,sealed_2024_2026_05__t_minus_1_2100_hkt,T1_time_decay_b4
9,0.9,1.0,202,0.9905131057281832,0.9851485148514851,0.00536459087669805,sealed_2024_2026_05__t_minus_1_2100_hkt,T1_time_decay_b4
0,0.0,0.1,0,,,,sealed_2024_2026_05__t_minus_1_2100_hkt,H1_b4_challenger_linear_pool
1,0.1,0.2,0,,,,sealed_2024_2026_05__t_minus_1_2100_hkt,H1_b4_challenger_linear_pool
2,0.2,0.30000000000000004,87,0.27997848839628087,0.27586206896551724,0.004116419430763629,sealed_2024_2026_05__t_minus_1_2100_hkt,H1_b4_challenger_linear_pool
3,0.30000000000000004,0.4,369,0.3450274109353462,0.33875338753387535,0.006274023401470874,sealed_2024_2026_05__t_minus_1_2100_hkt,H1_b4_challenger_linear_pool
4,0.4,0.5,38,0.45311484384576134,0.2894736842105263,0.163641159635235,sealed_2024_2026_05__t_minus_1_2100_hkt,H1_b4_challenger_linear_pool
5,0.5,0.6000000000000001,32,0.5517527128207202,0.46875,0.08300271282072025,sealed_2024_2026_05__t_minus_1_2100_hkt,H1_b4_challenger_linear_pool
6,0.6000000000000001,0.7000000000000001,12,0.6731615715722318,0.4166666666666667,0.2564949049055651,sealed_2024_2026_05__t_minus_1_2100_hkt,H1_b4_challenger_linear_pool
7,0.7000000000000001,0.8,22,0.7348981830892568,0.8636363636363636,0.12873818054710684,sealed_2024_2026_05__t_minus_1_2100_hkt,H1_b4_challenger_linear_pool
8,0.8,0.9,14,0.8735647867902775,0.7142857142857143,0.1592790725045632,sealed_2024_2026_05__t_minus_1_2100_hkt,H1_b4_challenger_linear_pool
9,0.9,1.0,193,0.9932784754561538,1.0,0.0067215245438462246,sealed_2024_2026_05__t_minus_1_2100_hkt,H1_b4_challenger_linear_pool
