{
  "test": {
    "bias": 0.44896018756468314,
    "corr": 0.9904276947906263,
    "mae": 1.8382238153015402,
    "maxAE": 10.633672663952325,
    "medianAE": 1.383690234999996,
    "n": 332,
    "rmse": 2.4296279980203495
  },
  "train": {
    "bias": 3.85901361700951e-11,
    "corr": 0.9990331292798524,
    "mae": 0.5429745460182626,
    "maxAE": 6.653281711676367,
    "medianAE": 0.42245055243239094,
    "n": 1224,
    "rmse": 0.7284528512439028
  },
  "validation": {
    "bias": -0.1312844028967247,
    "corr": 0.9928480421576995,
    "mae": 1.8159358761079274,
    "maxAE": 7.332538243781187,
    "medianAE": 1.409303952720677,
    "n": 214,
    "rmse": 2.38371384842353
  }
}