{
  "test": {
    "bias": 0.3255393852883529,
    "corr": 0.990964237860297,
    "mae": 1.7782259728177527,
    "maxAE": 7.98631878757989,
    "medianAE": 1.3443150410583478,
    "n": 332,
    "rmse": 2.343351557188509
  },
  "train": {
    "bias": -8.294998965122872e-11,
    "corr": 0.9988325532421631,
    "mae": 0.6021844613040057,
    "maxAE": 6.90988897559075,
    "medianAE": 0.47553427909997836,
    "n": 1224,
    "rmse": 0.8003533101475301
  },
  "validation": {
    "bias": -0.2632903072924991,
    "corr": 0.9921890981129269,
    "mae": 1.880031768910921,
    "maxAE": 7.96251296368014,
    "medianAE": 1.4893684711817663,
    "n": 214,
    "rmse": 2.468536667707646
  }
}