{
  "test": {
    "bias": 0.3570425227082811,
    "corr": 0.9913690042882337,
    "mae": 1.7703346176031138,
    "maxAE": 8.674552689424786,
    "medianAE": 1.3952193127085977,
    "n": 332,
    "rmse": 2.2950911222139956
  },
  "train": {
    "bias": 8.580543682986294e-12,
    "corr": 0.9988045299849644,
    "mae": 0.6128868439929415,
    "maxAE": 6.697262253971594,
    "medianAE": 0.503650630760383,
    "n": 1224,
    "rmse": 0.8098798029048069
  },
  "validation": {
    "bias": -0.2691160074778743,
    "corr": 0.9921178511464751,
    "mae": 1.922117633713294,
    "maxAE": 7.695512495685975,
    "medianAE": 1.6012114417841126,
    "n": 214,
    "rmse": 2.479431512163698
  }
}