{
  "test": {
    "bias": 0.37489501492019445,
    "corr": 0.9913477079211197,
    "mae": 1.766365568935943,
    "maxAE": 9.75145461998833,
    "medianAE": 1.408069410721069,
    "n": 332,
    "rmse": 2.3011311671347547
  },
  "train": {
    "bias": -1.0907143597890746e-10,
    "corr": 0.9991689186011619,
    "mae": 0.49708764121567545,
    "maxAE": 6.836146680216171,
    "medianAE": 0.39799225737630906,
    "n": 1224,
    "rmse": 0.6757904856183456
  },
  "validation": {
    "bias": 0.0441947273485531,
    "corr": 0.9920347270569271,
    "mae": 1.9188695887017106,
    "maxAE": 7.2899452432437855,
    "medianAE": 1.4610333161466968,
    "n": 214,
    "rmse": 2.504448916578363
  }
}