{
  "test": {
    "bias": 0.21826160595681457,
    "corr": 0.9910361889580712,
    "mae": 1.7704613368472242,
    "maxAE": 9.246751406394978,
    "medianAE": 1.4456064793316976,
    "n": 332,
    "rmse": 2.322312066069411
  },
  "train": {
    "bias": 1.1946378236685405e-10,
    "corr": 0.9992315113528325,
    "mae": 0.48135514056782974,
    "maxAE": 6.367551216742328,
    "medianAE": 0.3693680597529365,
    "n": 1224,
    "rmse": 0.6498564669943891
  },
  "validation": {
    "bias": -0.5586270678661318,
    "corr": 0.9927297625834897,
    "mae": 1.854031885115254,
    "maxAE": 7.60464524613711,
    "medianAE": 1.442896588581366,
    "n": 214,
    "rmse": 2.465766368113796
  }
}