{
  "test": {
    "bias": 0.2164541468597777,
    "corr": 0.9920363526716168,
    "mae": 1.7314827472950134,
    "maxAE": 8.058547582444824,
    "medianAE": 1.4411043265779178,
    "n": 332,
    "rmse": 2.1888037583308355
  },
  "train": {
    "bias": 9.807857358512094e-11,
    "corr": 0.9991155954096639,
    "mae": 0.516032540034272,
    "maxAE": 6.765604109938611,
    "medianAE": 0.3999323857046235,
    "n": 1224,
    "rmse": 0.6967505291325359
  },
  "validation": {
    "bias": -0.2592480579615333,
    "corr": 0.9919529481498915,
    "mae": 1.9274007818992713,
    "maxAE": 7.67672087058348,
    "medianAE": 1.3908475297097311,
    "n": 214,
    "rmse": 2.5411051653480867
  }
}