{
  "fill_values": {
    "asof_cos_hour": -1.0,
    "asof_sin_hour": 1.2246467991473535e-16,
    "cig_ens_min_prc_60": 0.5932253428517048,
    "cig_ens_min_z_30": -0.024703317833125515,
    "cos_doy": -0.009202252152997253,
    "extremeness": 11319.197397791897,
    "gfs_cig_min": 6.4857010357087646,
    "gfs_n_x_mean": 78.3112536713557,
    "gfs_p12_mean": 22.357937857474106,
    "gfs_q12_mean": 0.4183799659916525,
    "gfs_vis_min": 6.938784974493739,
    "is_weekend": 0.28569221260815825,
    "month": 6.457045735475896,
    "nam_cig_min": 6.635379619607237,
    "nam_n_x_mean": 78.37757074377609,
    "nam_p12_mean": 22.883755991959177,
    "nam_q12_mean": 0.48531003556517704,
    "nam_vis_min": 6.866244008040822,
    "p12_ens_prc_60": 0.5098831225061106,
    "p12_ens_z_30": 0.053995696998847174,
    "q12_ens_prc_60": 0.7041383938206491,
    "q12_ens_z_30": 155.15032493862054,
    "sin_doy": 0.008954716989572519,
    "vis_ens_min_prc_60": 0.9283629563800637,
    "vis_ens_min_z_30": -11161.11937160202
  },
  "method": "train_mean"
}