{
  "per_station_test": {
    "KMIA": {
      "bias": 0.3154356120244728,
      "mae": 1.6173421086154298,
      "p50_abs_error": 1.3533781230168245,
      "p90_abs_error": 3.2430630044186093,
      "p95_abs_error": 4.0051121463108155,
      "rmse": 2.0645465621576453
    }
  },
  "test": {
    "bias": 0.3154356120244728,
    "mae": 1.6173421086154298,
    "p50_abs_error": 1.3533781230168245,
    "p90_abs_error": 3.2430630044186093,
    "p95_abs_error": 4.0051121463108155,
    "rmse": 2.0645465621576453
  },
  "train": {
    "bias": 7.167117222464189e-11,
    "mae": 1.1252135995766273,
    "p50_abs_error": 0.8805421548341528,
    "p90_abs_error": 2.420624240123128,
    "p95_abs_error": 2.9785001357318395,
    "rmse": 1.4707757050462296
  },
  "validation": {
    "bias": 0.5221730915636827,
    "mae": 1.5151480652744678,
    "p50_abs_error": 1.199045301338117,
    "p90_abs_error": 2.7947420340141007,
    "p95_abs_error": 3.3502712038964138,
    "rmse": 1.9180722506762415
  }
}