{
  "test": {
    "bias": 0.4393466733405175,
    "corr": 0.9907194457087117,
    "mae": 1.8034995058479917,
    "maxAE": 9.887108438916904,
    "medianAE": 1.3497336256193346,
    "n": 332,
    "rmse": 2.399030808119709
  },
  "train": {
    "bias": -4.703769690381021e-11,
    "corr": 0.9990681070268486,
    "mae": 0.539194955301658,
    "maxAE": 6.482816984139301,
    "medianAE": 0.43907142196456306,
    "n": 1224,
    "rmse": 0.7151705852344395
  },
  "validation": {
    "bias": -0.6622454299472187,
    "corr": 0.992090098346356,
    "mae": 1.9757532770190886,
    "maxAE": 7.989028199239058,
    "medianAE": 1.547780961553162,
    "n": 214,
    "rmse": 2.5594037166761114
  }
}