tree
version=v4
num_class=1
num_tree_per_iteration=1
label_index=0
max_feature_idx=50
objective=quantile
feature_names=Column_0 Column_1 Column_2 Column_3 Column_4 Column_5 Column_6 Column_7 Column_8 Column_9 Column_10 Column_11 Column_12 Column_13 Column_14 Column_15 Column_16 Column_17 Column_18 Column_19 Column_20 Column_21 Column_22 Column_23 Column_24 Column_25 Column_26 Column_27 Column_28 Column_29 Column_30 Column_31 Column_32 Column_33 Column_34 Column_35 Column_36 Column_37 Column_38 Column_39 Column_40 Column_41 Column_42 Column_43 Column_44 Column_45 Column_46 Column_47 Column_48 Column_49 Column_50
feature_infos=[-72:105.5] [-17:123] [0:805] [5:810] [0:149] [-390:24] [-27.771428571428569:57.771428571428565] [-25.715394566623541:152.57142857142856] [-47.021081576535288:77.502380688738796] [0:37.607138617555044] [0:52.993599296122774] [0:143] [0:148.5] [0:130] [0:125] [-89:92] [0:166] [0:11.066666666666666] [10:195] [-113.00000000000001:12.072727272727272] [-54:97.597633136094672] [-82.039498644986452:57.290560881653995] [54.5:95] [54.5:95] none [0:17] none [46.5:89.5] [17.375:78.5] [1.875:34.75] [1.2499999999999969:351.25] [2:8] [1:7] [0:9] [0:9.25] [0:177.5] [0:100] [0:100] [0:5] [0:6] [0:999] [0:29] [-36:92.5] [-36:92.5] [0:166] [-0.9999994220246925:0.99998555065071859] [-0.99997919295908233:0.9999907524084426] [1:12] [-7.8135346737800209:1.9068825838954315] [54.735340191163012:95.412793109266914] [-36.823411758417393:92.370124292500762]
tree_sizes=3345 3751 4009 4254 4262 4398 4337 4192 4329 4158 4086 4334 4431 4176 4321 4281 4433 4170 4336 4339 4272 4423 4357 4352 4340 4674 4343 4511 4250 4272 4538 4284 4496 4602 4295 4516 4197 4350 4363 4182 4528 4459 4378 4346 4632 4455 4470 4468 4206 4548 4469 4374 4374 4280 4217 4392 4305 4386 4390 4263 4563 4379 4386 4400 4637 4551 4283 4639 4471 4387 4483 4486 4395 4469 4379 4422 4468 4487 4142 4302 4459 4475 4473 4485 4481 4396 4378 4294 4311 4291 4403 4479 4375 4389 4476 4325 4233 4481

Tree=0
num_leaves=45
num_cat=0
split_feature=50 8 8 43 11 30 50 0 30 50 10 0 19 35 4 16 21 40 22 28 4 7 30 40 20 14 50 42 30 29 10 4 40 50 10 9 8 21 50 7 48 27 27 45
split_gain=158.099 47.0265 40.2715 22.2478 13.7047 9.49969 9.32463 6.93019 6.42555 5.76127 5.06637 4.3662 3.90168 3.96606 3.17447 3.1013 3.06494 2.75393 3.87667 2.58586 2.55586 2.03379 1.97606 1.77026 1.65797 1.62895 1.20085 1.16606 1.03392 0.972318 0.759778 0.727554 0.801999 0.637617 0.603833 0.511938 0.507999 0.495215 0.453949 0.39379 0.267982 0.102258 0.0958398 0.0162731
threshold=2.1026498567314751 1.5451999443502327 1.174053295932679 0.28125000000000006 1.0084745762711835 170.62500000000003 0.87613210253913121 82.750000000000014 166.87500000000003 3.5766522575626003 1.4742544357781413 82.250000000000014 2.7631578947368429 8.7500000000000018 0.62500000000000011 12.500000000000002 0.87645719729898286 27.500000000000004 89.750000000000014 70.562500000000014 1.0000000180025095e-35 -1.0000000180025095e-35 189.37500000000003 33.500000000000007 0.52964094728800626 1.0000000180025095e-35 -0.28180103284439179 1.0000000180025095e-35 102.81250000000001 9.0312500000000018 1.2705101556141922 0.62500000000000011 56.500000000000007 0.13652873364118537 1.8909849761265634 0.64416078545056399 0.94648221343873529 -0.053162992060940432 2.8628516834870656 0.16783216783216778 -0.21411851524452893 77.437500000000014 83.312500000000014 0.58481550752069722
decision_type=2 2 2 2 2 2 2 2 2 2 2 2 2 2 2 2 2 2 2 2 2 2 2 2 2 2 2 2 2 2 2 2 2 2 2 2 2 2 2 2 2 2 2 2
left_child=1 6 7 12 15 19 20 9 11 24 -4 28 26 -14 23 -5 25 35 -19 -6 27 -11 31 38 29 -9 34 -1 39 -2 -20 32 36 42 -3 -13 -22 -35 -12 -8 -39 -30 43 -33
right_child=2 3 10 4 5 -7 8 16 -10 21 14 17 13 -15 -16 -17 -18 18 30 -21 22 -23 -24 -25 -26 -27 -28 -29 41 -31 -32 33 -34 37 -36 -37 -38 40 -40 -41 -42 -43 -44 -45
leaf_value=1 0.94999999999999996 0.94999999999999996 1.05 1.05 1 1.05 1 1 1 1 1.1000000000000001 1 1 1.05 1.05 1.1000000000000001 1.05 1 1 1 0.94999999999999996 1.05 0.94999999999999996 1.1000000000000001 1 1.05 1 1 1 1 1 0.94999999999999996 1 0.94999999999999996 1 1 1 1 1.1499999999999999 1 1 0.94999999999999996 0.94999999999999996 0.94999999999999996
leaf_weight=122 80 101 136 100 98 90 80 118 129 80 81 95 83 97 104 129 81 119 109 132 130 115 154 81 95 154 110 128 83 80 96 275 99 143 81 85 119 84 202 95 102 85 147 118
leaf_count=122 80 101 136 100 98 90 80 118 129 80 81 95 83 97 104 129 81 119 109 132 130 115 154 81 95 154 110 128 83 80 96 275 99 143 81 85 119 84 202 95 102 85 147 118
internal_value=1 0.986377 1.00613 0.995475 1.00232 0.995639 0.982804 0.998787 0.986694 0.994678 1.01587 0.985112 0.987526 0.99337 1.01834 1.01163 1.00403 0.988119 0.990923 0.99026 0.980472 1.00115 0.97961 1.02055 0.989746 1.00147 0.983959 0.985259 0.980741 0.986646 0.986772 0.97892 0.981089 0.978075 0.981421 0.983149 0.9795 0.980076 1.02245 0.983665 0.982086 0.977811 0.976895 0.976206
internal_weight=0 3618 1407 1021 549 320 2597 803 976 450 604 847 472 180 468 229 353 504 324 230 1621 195 1371 364 255 272 292 250 343 160 205 1217 348 869 182 180 249 329 283 175 186 168 540 393
internal_count=5025 3618 1407 1021 549 320 2597 803 976 450 604 847 472 180 468 229 353 504 324 230 1621 195 1371 364 255 272 292 250 343 160 205 1217 348 869 182 180 249 329 283 175 186 168 540 393
is_linear=0
shrinkage=1


Tree=1
num_leaves=47
num_cat=0
split_feature=50 8 30 4 20 1 42 4 10 37 50 11 50 2 10 36 21 48 8 0 22 35 19 50 49 48 29 11 2 18 7 37 7 18 40 18 21 8 30 48 41 2 29 22 17 40
split_gain=95.1525 38.8445 29.0877 18.9429 9.82082 9.64721 7.42896 4.34958 5.33983 5.21235 3.83493 3.68917 3.66567 3.57116 3.14258 3.06776 2.95802 2.64391 2.33587 3.84398 2.64986 2.35123 2.23886 3.55252 2.17679 1.71749 1.47503 1.46129 1.45937 1.43633 1.40117 1.3912 1.38868 1.30443 1.27885 1.18886 1.17083 1.05344 0.927342 0.95757 0.632865 0.629639 1.02015 0.442939 0.306725 0.202081
threshold=2.1692808443592075 1.4843478260869569 169.37500000000003 1.7500000000000002 -0.54625668449197862 73.500000000000014 -1.0000000180025095e-35 3.7500000000000004 2.182798633515028 28.500000000000004 1.7177269628839655 1.5639534883720965 3.1608816403877218 627.50000000000011 1.4378852437763541 41.500000000000007 -0.57438596491227389 -1.0600627326664582 0.85639751552795063 82.250000000000014 89.750000000000014 28.750000000000004 1.8860578829126473 3.2732456319860437 84.530984909548692 -0.11100550028753102 6.9375000000000009 1.5639534883720965 717.50000000000011 112.50000000000001 0.42407592407592426 6.5000000000000009 0.12587412587412583 82.500000000000014 2.5000000000000004 102.50000000000001 0.68277946191739158 1.5556914851796526 98.750000000000071 0.15105118224857764 2.5000000000000004 707.50000000000011 7.8125000000000009 83.750000000000014 0.88562091503267981 8.5000000000000018
decision_type=2 2 2 2 2 2 2 2 2 2 2 2 2 2 2 2 2 2 2 2 2 2 2 2 2 2 2 2 2 2 2 2 2 2 2 2 2 2 2 2 2 2 2 2 2 2
left_child=2 4 5 6 15 -1 40 8 9 10 11 28 24 26 -8 -2 -10 -13 19 -11 25 29 23 -3 -6 -21 -14 -16 35 33 32 -12 38 -20 -24 -7 -26 -31 39 -19 -4 44 -43 -28 -32 -44
right_child=1 22 3 -5 12 7 14 -9 16 18 31 17 13 -15 27 -17 -18 30 21 20 -22 -23 34 -25 36 -27 43 -29 -30 37 41 -33 -34 -35 -36 -37 -38 -39 -40 -41 -42 42 45 -45 -46 -47
leaf_value=0.044999999999999998 0 0.044999999999999998 0 -0.047500000000000001 0 0 0.0025000000000000022 -0.047500000000000001 0.0025000000000000022 -0.047500000000000001 0 0 0.098750000000000004 0.092500000000000013 0.07375000000000001 -0.047500000000000001 0 0 0 0 0 0 0.14250000000000002 0.14250000000000002 0 0.0025000000000000022 0.047500000000000001 0.047500000000000001 0 0 0 0 0 0 0.095000000000000001 -0.0025000000000000022 0.047500000000000001 0 -0.047500000000000001 -0.047500000000000001 0 0 -0.047500000000000001 -0.0025000000000000022 0 0
leaf_weight=98 86 80 84 143 120 81 116 114 98 108 82 82 92 152 124 87 114 97 145 113 126 91 197 114 80 99 81 146 136 152 80 98 97 111 94 87 82 88 125 83 80 142 139 80 80 97
leaf_count=98 86 80 84 143 120 81 116 114 98 108 82 82 92 152 124 87 114 97 145 113 126 91 197 114 80 99 81 146 136 152 80 98 97 111 94 87 82 88 125 83 80 142 139 80 80 97
internal_value=0 0.0073737 -0.0081761 0.00104467 0.000987224 -0.0103323 0.00526316 -0.0108601 -0.010456 -0.0110925 -0.0129728 -0.0139035 0.00367006 0.00671182 0.00904393 -0.00962644 -0.0028169 -0.015347 -0.00834139 -0.00559284 -0.00294985 -0.0104167 0.0186728 0.014359 -0.000706714 0.000469484 0.00305118 0.0119926 -0.00901639 -0.0117706 -0.0160999 -0.00607735 -0.0137717 -0.0143969 0.0214897 -0.0121302 0.00306748 -0.00892116 -0.0154412 -0.0129834 -0.00363636 -0.0178108 -0.0189974 0.000154321 -0.0149068 -0.021097
internal_weight=0 1345 3656 693 860 2963 550 2865 2751 2539 1506 1326 687 405 386 173 212 1022 1033 446 338 587 485 194 282 212 253 270 304 496 940 180 402 256 291 168 162 240 305 180 164 538 378 161 160 236
internal_count=5001 1345 3656 693 860 2963 550 2865 2751 2539 1506 1326 687 405 386 173 212 1022 1033 446 338 587 485 194 282 212 253 270 304 496 940 180 402 256 291 168 162 240 305 180 164 538 378 161 160 236
is_linear=0
shrinkage=0.05


Tree=2
num_leaves=49
num_cat=0
split_feature=42 8 30 4 43 28 6 43 46 7 8 20 7 10 11 29 4 21 17 19 8 11 8 46 28 46 34 27 45 29 48 28 36 19 36 49 49 7 48 10 20 3 28 33 49 20 6 36
split_gain=66.5024 35.054 18.4218 15.4147 9.55182 7.57433 6.76142 6.49589 4.87927 7.01353 4.55233 4.32332 3.82797 3.72869 3.63498 3.57269 3.18399 3.09513 2.9948 2.61235 2.2716 2.1165 2.01764 2.00085 1.93948 2.75358 1.82824 1.69464 1.82941 1.51049 1.506 1.46514 1.44382 1.41892 1.39838 1.29057 1.66757 1.15832 1.12459 1.09947 1.08534 1.07837 0.902961 0.802948 0.758365 0.704124 0.25252 0.207534
threshold=2.2500000000000004 1.4843478260869569 170.62500000000003 2.1250000000000004 -0.34999999999999992 51.687500000000007 -0.34285714285714292 0.75000000000000011 0.53312596302726967 0.24150581752294822 2.0634782608695654 0.024241608438674005 0.87692307692307703 1.4978845523509778 1.5639534883720965 7.1875000000000009 2.1250000000000004 1.1296234402852081 0.96424010217113676 1.5535138187312103 0.95739130434782627 1.5639534883720965 0.90325239977413907 -0.14250536273956091 69.812500000000014 0.39629089145655322 1.1250000000000002 86.312500000000014 -0.15101209918632377 6.5312500000000009 -0.16051298053853083 71.937500000000014 38.500000000000007 2.8244587596311734 31.500000000000004 88.444643390935639 89.884164981416191 0.39860139860139882 -0.26239710014715334 1.3477221800598247 1.8447681068797757 22.500000000000004 65.937500000000014 0.95835000000000303 84.057050442666394 1.3568419815478641 0.34285714285714314 3.5000000000000004
decision_type=2 2 2 2 2 2 2 2 2 2 2 2 2 2 2 2 2 2 2 2 2 2 2 2 2 2 2 2 2 2 2 2 2 2 2 2 2 2 2 2 2 2 2 2 2 2 2 2
left_child=2 6 5 4 26 -1 19 8 9 16 18 32 -6 -3 -10 30 22 20 24 -2 -11 47 -7 -17 25 44 -4 28 35 -16 -13 39 -8 41 40 -26 -37 -27 -25 -20 -14 -22 46 -19 -9 -43 -31 -15
right_child=1 13 3 -5 12 7 11 10 14 17 -12 15 34 21 29 23 -18 43 31 -21 33 -23 -24 38 27 37 -28 -29 -30 42 -32 -33 -34 -35 -36 36 -38 -39 -40 -41 -42 45 -44 -45 -46 -47 -48 -49
leaf_value=0.042750000000000003 -0.0071250000000000037 0.047625000000000001 0.0025000000000000022 -0.045124999999999998 0.0023750000000000051 0.0023750000000000051 0.0001250000000000029 0.0023749999999999995 -0.0025000000000000022 0 0.042750000000000003 0.047500000000000001 0.046249999999999999 0.135375 -0.045124999999999998 0.047625000000000001 -0.045124999999999998 0 -6.2499999999998673e-05 0 -0.00012499999999999735 0.090249999999999997 0 0 -0.045124999999999998 0 0 0 0 -0.045124999999999998 0.092874999999999999 0 -0.045124999999999998 0 0.046906250000000003 0 0 0 0.042874999999999996 0 0.050125000000000003 0 -0.045124999999999998 0 0 0 -0.047500000000000001 0.093812500000000007
leaf_weight=99 109 86 82 108 142 134 101 94 137 148 131 111 80 149 82 139 102 113 94 80 147 155 96 87 98 109 103 83 114 94 84 81 86 95 90 80 82 94 81 106 91 98 97 116 112 80 94 93
leaf_count=99 109 86 82 108 142 134 101 94 137 148 131 111 80 149 82 139 102 113 94 80 147 155 96 87 98 109 103 83 114 94 84 81 86 95 90 80 82 94 81 106 91 98 97 116 112 80 94 93
internal_value=0 0.00680984 -0.00611006 0.00121951 0.00441426 -0.00780472 0.000853242 -0.00826751 -0.010358 -0.0085177 -0.0055903 0.00315217 0.00872525 0.0176136 -0.0144554 0.0055666 -0.0024024 -0.0110589 -0.00659843 -0.0075 -0.00905097 0.0196608 0.000865801 0.00219156 -0.00513264 -0.00262195 -0.00497312 -0.007369 -0.0088 -0.0170516 0.0108418 -0.0110816 -0.00332447 -0.0109264 0.0123092 -0.0111111 -0.00828221 -0.0067402 -0.00147929 -0.00870647 0.0149709 -0.0125 -0.0187937 -0.0159783 0.00144928 -0.00977654 -0.0208995 0.0226337
internal_weight=0 1361 3706 696 588 3010 878 2911 1633 1129 1278 689 403 483 504 502 332 797 1147 189 568 397 230 307 866 409 185 457 374 367 195 281 187 420 261 260 162 203 168 200 171 325 285 229 206 178 188 242
internal_count=5067 1361 3706 696 588 3010 878 2911 1633 1129 1278 689 403 483 504 502 332 797 1147 189 568 397 230 307 866 409 185 457 374 367 195 281 187 420 261 260 162 203 168 200 171 325 285 229 206 178 188 242
is_linear=0
shrinkage=0.05


Tree=3
num_leaves=49
num_cat=0
split_feature=42 8 4 10 37 30 2 46 4 37 42 4 42 50 12 35 30 10 4 8 35 50 37 10 45 50 30 30 29 46 20 48 40 4 29 10 29 6 21 2 18 46 21 33 10 29 9 48
split_gain=49.9507 29.6317 20.0116 14.116 8.3929 8.15923 7.11725 6.01078 5.48077 5.53747 5.10086 5.01975 4.34004 4.16116 3.86639 3.84967 3.72707 3.41757 3.32021 3.22513 3.12705 2.52969 3.12863 2.94577 2.86542 2.16105 2.04723 1.92507 1.91229 1.9095 1.78438 2.3318 1.69878 1.76896 1.63524 1.52384 1.45322 1.44435 1.39738 1.38558 1.3116 1.2964 2.61673 1.23008 1.16721 0.721111 0.696603 0.689522
threshold=2.2500000000000004 1.5156521739130435 1.2500000000000002 1.9058639729882811 17.500000000000004 168.12500000000003 677.50000000000011 0.56191161272202661 1.0000000180025095e-35 65.500000000000014 1.0000000180025095e-35 5.2500000000000009 -1.0000000180025095e-35 3.1608816403877218 1.5357142857142849 26.250000000000004 173.12500000000003 1.5314345969429468 1.0000000180025095e-35 1.0043478260869567 6.2500000000000009 0.65710631437243461 25.500000000000004 1.1382415120210494 0.48314048284850658 0.24459688492576961 93.125000000000028 105.62500000000001 8.6875000000000018 -0.10837475778693638 0.68596564725597009 0.30217062429738167 1.0000000180025095e-35 1.0000000180025095e-35 8.3125000000000018 1.605714028221924 7.8125000000000009 0.34285714285714336 0.83268301746561957 627.50000000000011 112.50000000000001 0.080547328232315238 -0.24699897803345292 0.54164999999999719 1.3291310381597625 8.1875000000000018 0.85592164416559058 0.10076976862489138
decision_type=2 2 2 2 2 2 2 2 2 2 2 2 2 2 2 2 2 2 2 2 2 2 2 2 2 2 2 2 2 2 2 2 2 2 2 2 2 2 2 2 2 2 2 2 2 2 2 2
left_child=2 8 3 5 10 6 18 11 29 13 -5 16 -7 28 26 21 19 -3 -1 41 -6 22 24 -24 45 34 -8 -20 -10 -2 -23 44 -19 -34 -9 -14 -11 -28 -25 43 -22 42 -4 -15 -32 -16 -21 -12
right_child=1 17 7 4 20 12 14 25 9 36 47 -13 35 39 15 -17 -18 32 27 46 40 30 23 38 -26 -27 37 -29 -30 -31 31 -33 33 -35 -36 -37 -38 -39 -40 -41 -42 -43 -44 -45 -46 -47 -48 -49
leaf_value=0.0022562499999999987 0.047618750000000001 0.042868750000000004 0.0023749999999999995 0.00024999999999999469 -0.00012187499999999907 0 6.2500000000020874e-06 -0.042868750000000004 0.0012437500000000018 -0.047268749999999998 0.044874999999999998 -0.042868750000000004 0.0025031250000000036 0.097618750000000004 -0.045124999999999998 6.2500000000020874e-06 0.0046906249999999986 0.12860625000000001 0.00012499999999999735 -0.0022625000000000006 0.040431250000000002 3.1249999999982684e-06 6.2500000000020874e-06 0 -6.2499999999998673e-05 -0.043993749999999998 0.00012499999999999735 0 -6.2499999999965368e-06 0.040499999999999994 0 0 0.090309374999999997 0.081106249999999991 -0.042868750000000004 0.045215625000000002 -0.025768749999999997 0 -0.0025000000000000022 0.051428125000000005 0 -0.042868750000000004 0 0.00048125000000000533 0 -0.045368750000000006 -0.045368750000000006 0.085650000000000004
leaf_weight=130 93 84 94 112 82 89 135 84 152 85 81 94 148 81 80 85 90 168 147 87 80 89 80 108 90 148 83 105 121 101 97 114 93 117 102 102 80 147 86 96 87 106 141 127 83 99 85 92
leaf_count=130 93 84 94 112 82 89 135 84 152 85 81 94 148 81 80 85 90 168 147 87 80 89 80 108 90 148 83 105 121 101 97 114 93 117 102 102 80 147 86 96 87 106 141 127 83 99 85 92
internal_value=0 0.00714796 -0.0039585 -0.00164324 0.00560748 -0.00349142 -0.00486072 -0.0098595 0.00202775 6.72948e-05 0.011451 -0.00719914 0.00360294 0.00237889 -0.00653595 -0.00812747 -0.00550497 0.0174946 0.00117493 -0.00714981 -0.0011 -0.00906149 -0.0112592 -0.00745455 -0.0150926 -0.0153731 -0.00211749 -0.00217391 -0.00209854 0.00948718 -0.00592448 -0.00779661 0.0195251 0.0163507 -0.018984 0.00697211 -0.00798193 -0.00497835 -0.0107692 0.00639344 0.00282738 -0.00431287 -0.00222458 0.00406699 -0.011326 -0.01875 -0.0127168 0.0168103
internal_weight=0 1398 3662 2631 534 2097 1758 1031 936 742 285 697 339 577 1376 1011 603 462 382 513 249 926 543 274 269 334 365 252 273 194 383 294 378 210 186 250 165 230 194 304 167 341 235 208 180 179 172 173
internal_count=5060 1398 3662 2631 534 2097 1758 1031 936 742 285 697 339 577 1376 1011 603 462 382 513 249 926 543 274 269 334 365 252 273 194 383 294 378 210 186 250 165 230 194 304 167 341 235 208 180 179 172 173
is_linear=0
shrinkage=0.05


Tree=4
num_leaves=48
num_cat=0
split_feature=50 20 43 30 36 36 47 40 20 30 3 46 29 50 14 46 29 30 46 29 49 22 35 39 29 9 36 45 35 15 42 20 30 46 3 28 49 39 2 42 46 21 17 33 21 17 50
split_gain=44.3131 25.0605 13.1241 12.0686 5.31763 5.30297 4.91481 4.10433 3.91252 3.90008 3.89209 3.89105 3.12796 2.87151 2.74148 3.3949 3.17032 2.59983 2.77765 3.37716 2.6327 2.59853 2.41159 2.17565 2.34291 2.07477 1.99114 1.98622 1.89877 1.88303 1.79181 2.57974 1.72072 1.74105 1.66443 1.60335 2.93774 1.36411 1.33283 1.28968 1.26162 1.10901 0.884826 0.796629 0.795316 0.662157 0.417399
threshold=2.1471850759810356 1.1508000771158666 -0.74999999999999989 170.62500000000003 38.500000000000007 55.500000000000007 5.5000000000000009 1.0000000180025095e-35 0.024241608438674005 108.12500000000001 72.500000000000014 0.85561368268953431 6.6875000000000009 3.1608816403877218 1.0000000180025095e-35 0.36447543099728863 9.0312500000000018 66.875000000000014 0.097680735332368748 6.2916750000000006 84.057050442666394 83.750000000000014 11.250000000000002 2.5000000000000004 5.3958250000000012 0.4989647988659846 39.500000000000007 -0.065535378769913874 3.035699999999999 76.250000000000014 1.0000000180025095e-35 1.3794947446063066 156.87500000000006 0.36447543099728863 82.500000000000014 73.062500000000014 89.080649237671722 1.0000000180025095e-35 717.50000000000011 3.2500000000000004 -0.18493013702746822 -0.67174094119173577 0.84412955465587058 0.54164999999999719 0.10760042636103863 0.87228260869565222 3.2139857180549503
decision_type=2 2 2 2 2 2 2 2 2 2 2 2 2 2 2 2 2 2 2 2 2 2 2 2 2 2 2 2 2 2 2 2 2 2 2 2 2 2 2 2 2 2 2 2 2 2 2
left_child=2 4 10 6 25 11 17 45 -6 14 12 30 -1 22 29 26 -17 -4 20 -20 -19 28 -9 24 -11 46 35 -23 -14 -8 -5 -32 33 39 38 36 -16 44 -21 -27 -15 -22 -37 -43 -26 -3 -2
right_child=1 7 3 5 8 -7 9 13 -10 23 -12 -13 21 40 15 16 -18 18 19 34 41 27 -24 -25 37 32 -28 -29 -30 -31 31 -33 -34 -35 -36 42 -38 -39 -40 -41 -42 43 -44 -45 -46 -47 -48
leaf_value=-0.00018453124999999739 0.039566796875000004 0.08395625000000001 0.0023686718750000006 0.0023750000000000051 -0.042911875000000002 -0.007300000000000007 0.0024967187500000015 0.033722031250000006 0.040362812499999991 1.5624999999991342e-06 -0.040725312499999999 -6.2656249999992758e-05 -0.043040937500000001 0.12646578125000002 0.0013079687500000021 -8.7500000000001476e-05 -0.043100312500000008 0.0022625000000000006 0.0022562499999999987 -0.041797031250000005 0.00011312500000000282 -0.0451253125 0.084182187500000005 -0.040725312499999999 -0.0090279687499999935 -2.9687499999986322e-06 -0.00012499999999999735 0.00012499999999999735 -0.040725312499999999 0 0.045335546875 0.049713124999999997 0.047146718749999997 -0.0048275000000000019 3.1249999999982684e-06 0.0022623437500000009 0 0 -0.011520156250000003 0.045763124999999995 0.080589999999999995 -3.2812499999979042e-06 3.046875000001226e-06 1.4843749999993161e-06 0 0.1242540625 0.0482540625
leaf_weight=140 80 89 90 85 140 80 110 116 121 126 108 93 84 105 102 118 131 149 84 118 96 81 83 108 153 80 136 83 116 103 128 138 89 84 81 98 101 138 126 94 100 82 80 100 144 116 82
leaf_count=140 80 89 90 85 140 80 110 116 121 126 108 93 84 105 102 118 131 149 84 118 96 81 83 108 153 80 136 83 116 103 128 138 89 84 81 98 101 138 126 94 100 82 80 100 144 116 82
internal_value=0 0.00788043 -0.00261385 -0.00129074 0.00188067 0.00561905 -0.00269903 0.0154508 -0.00391221 -0.00433596 -0.00929853 0.00775281 -0.00742574 0.0124691 -0.00232143 -0.00371578 -0.0085 0.00021575 -0.000657109 -0.00359756 0.00216121 -0.00986301 0.008125 -0.00727612 -0.00600534 0.00485294 -0.00139961 -0.00515152 -0.0136816 0.00268692 0.0101563 0.0121723 0.00265805 0.000579151 -0.00590491 0.000458115 -0.00257353 -0.00774083 -0.00795918 0.00342857 0.0166262 -0.000716846 0.00391061 -0.00300546 -0.00964765 0.0212379 0.0095092
internal_weight=0 1379 3710 3098 770 524 2574 609 261 1648 612 444 504 404 979 766 249 926 836 409 427 364 199 669 561 509 517 164 200 213 351 266 347 258 325 381 203 435 244 174 205 278 178 182 297 205 162
internal_count=5089 1379 3710 3098 770 524 2574 609 261 1648 612 444 504 404 979 766 249 926 836 409 427 364 199 669 561 509 517 164 200 213 351 266 347 258 325 381 203 435 244 174 205 278 178 182 297 205 162
is_linear=0
shrinkage=0.05


Tree=5
num_leaves=49
num_cat=0
split_feature=4 4 50 10 50 10 46 35 47 50 10 25 50 50 39 36 17 36 10 17 28 46 1 3 46 2 9 8 29 14 7 2 14 8 8 20 50 2 2 27 4 20 27 14 50 8 50 1
split_gain=41.6476 21.5607 17.2839 16.7807 13.6882 7.73621 5.61832 5.59296 6.99502 4.74255 4.6473 4.13214 3.71613 3.45515 4.21126 3.36756 3.31107 3.01329 2.92712 3.40761 2.82828 2.77169 2.5696 3.15879 2.31597 2.57513 2.21922 2.11047 2.29998 1.84428 1.83905 1.80101 2.2255 1.69471 1.56896 1.4161 1.41089 1.40197 1.27001 1.57978 1.17616 1.17212 1.06789 0.964711 0.612676 0.503191 0.367795 0.00480166
threshold=1.0000000180025095e-35 2.1250000000000004 1.4744761099030941 1.5951072541767612 2.8628516834870656 1.5951072541767612 0.47369649395226454 26.250000000000004 10.500000000000002 3.3280458421011123 1.3080648894029836 1.0000000180025095e-35 -0.22968478867876738 3.2732456319860437 1.5000000000000002 5.5000000000000009 0.72902097902097907 48.500000000000007 1.8811110367658916 0.96424010217113676 61.687500000000007 0.29958852271690523 82.250000000000014 42.500000000000007 -0.88620506325989179 692.50000000000011 0.7523853220844654 0.56608695652173924 7.4285750000000013 3.5000000000000004 0.16783216783216778 717.50000000000011 4.5000000000000009 1.0156126482213439 1.3257665903890163 0.95405291303124129 0.73665661298287699 682.50000000000011 707.50000000000011 82.031250000000014 3.2500000000000004 0.62534106342155882 80.812500000000014 1.5000000000000002 0.83974494261531885 2.0165217391304355 0.10392841744782545 77.500000000000014
decision_type=2 2 2 2 2 2 2 2 2 2 2 2 2 2 2 2 2 2 2 2 2 2 2 2 2 2 2 2 2 2 2 2 2 2 2 2 2 2 2 2 2 2 2 2 2 2 2 2
left_child=4 2 7 9 5 24 13 8 12 16 -6 -10 22 14 40 45 37 18 19 27 -5 43 -2 34 -1 42 -21 30 -29 -22 -14 32 -18 -27 -24 -9 -17 -4 -30 -40 -3 -13 -26 -11 -35 -7 -8 -12
right_child=1 6 3 20 10 15 46 35 11 21 47 41 17 -15 -16 36 31 -19 -20 26 29 -23 23 -25 25 33 -28 28 38 -31 -32 -33 -34 44 -36 -37 -38 -39 39 -41 -42 -43 -44 -45 -46 -47 -48 -49
leaf_value=0.0020987617187500003 -0.0410104609375 -2.894531249997279e-06 -6.2023437500002832e-05 0.07552143750000001 0.038464009765624994 0.046641757812500004 -0.038689046875000001 -1.9531250000093259e-07 -0.0036709667968750029 0.074105476562499994 0.11976323437500001 -0.042864375000000003 0.0019949277343750019 0.0055652812500000043 -0.042860312500000004 0.00012488671874999748 0 -0.0022501562500000017 0.0037607089843749997 -1.3437500000046399e-06 0.080809902343750017 -0.0019001484374999934 -0.0058977148437500022 0.0022623476562500023 0.00041234375000000212 -0.00011312500000000282 -0.042973109374999999 0.00029398437500000041 0.00011874999999999526 0.035250181640624996 0.0022712500000000024 -0.00017804296875000293 0.0022552343750000012 0.00013124999999999942 -0.045216085937500004 0.0025123515625000009 0.041855585937500002 -0.0044217773437499998 4.4921875000381033e-08 -4.093750000000451e-06 -0.0407190625 -0.040979671875000005 0.004292515624999999 0.085723171875000004 -3.7109375000676795e-08 0.084526882812499995 -0.04272105859375 0.11787280859375
leaf_weight=94 131 94 105 153 90 82 96 86 118 93 101 117 90 81 136 112 114 119 130 122 86 109 111 93 110 91 83 87 105 106 85 98 88 80 157 154 112 103 80 100 94 124 89 92 82 83 80 88
leaf_count=94 131 94 105 153 90 82 96 86 118 93 101 117 90 81 136 112 114 119 130 122 86 109 111 93 110 91 83 87 105 106 85 98 88 80 157 154 112 103 80 100 94 124 89 92 82 83 80 88
internal_value=0 -0.00149176 0.000100309 0.00503049 0.0091358 0.00622329 -0.0103522 -0.00260392 -0.00353481 0.00105853 0.0188393 -0.00979167 -0.00202477 -0.00708128 -0.00938462 0.0116026 -0.0018664 -0.000274451 0.000736127 -0.000464807 0.0142341 0.00610169 -0.00557809 -0.00338398 0.0023766 0.000883002 -0.0059466 0.00159672 -0.000536193 0.0101036 0.00610795 0.00149502 0.00418719 -0.00246063 -0.00613383 0.00456432 0.00755556 -0.00669856 -0.00270979 -0.00524862 -0.00449735 -0.0135331 0.005125 0.00981183 0.000613497 0.0170181 -0.0177966 0.0232895
internal_weight=0 3820 3239 1147 1214 935 581 2092 1852 802 279 359 1493 405 324 389 508 1001 882 752 345 294 492 361 546 452 205 547 372 192 175 300 202 253 268 240 224 208 285 180 188 241 199 185 162 165 176 189
internal_count=5034 3820 3239 1147 1214 935 581 2092 1852 802 279 359 1493 405 324 389 508 1001 882 752 345 294 492 361 546 452 205 547 372 192 175 300 202 253 268 240 224 208 285 180 188 241 199 185 162 165 176 189
is_linear=0
shrinkage=0.05


Tree=6
num_leaves=48
num_cat=0
split_feature=4 50 8 46 36 4 46 29 0 6 4 40 4 45 27 20 29 20 40 27 18 37 50 48 50 37 42 13 33 8 46 17 27 13 9 18 0 40 40 21 36 46 17 37 50 45 8
split_gain=36.6376 30.2807 26.7488 9.15738 6.36025 4.1829 4.0258 9.73771 4.8405 4.00363 3.33841 3.28447 3.19825 3.06563 2.78016 2.83016 2.75746 3.14688 2.68827 2.64255 2.70229 2.45524 2.60631 2.43948 2.37253 3.6875 2.33286 2.34304 2.30853 2.11856 2.04082 2.03784 1.93194 1.81671 1.66555 1.46796 1.45399 1.42437 4.16002 1.41713 1.37758 1.35032 1.26948 1.22553 1.12162 1.07569 0.654367
threshold=1.7500000000000002 1.4995650847104474 1.5156521739130435 0.26659387353423869 33.500000000000007 1.0000000180025095e-35 0.14888728888808328 7.0625000000000009 75.750000000000014 -3.4258310474147679e-16 1.0000000180025095e-35 53.500000000000007 3.7500000000000004 0.3744682635859638 83.312500000000014 1.66347388170238 10.562500000000002 1.0724075690019963 1.0000000180025095e-35 76.187500000000014 107.50000000000001 64.500000000000014 3.2732456319860437 0.20332472332596638 0.15867528786654364 18.500000000000004 1.7500000000000002 30.500000000000004 0.31250000000000006 -0.1226086956521739 -0.18493013702746822 0.9298029556650248 76.937500000000014 24.500000000000004 0.5779460905347642 77.500000000000014 80.750000000000014 20.500000000000004 41.500000000000007 -0.053162992060940432 34.500000000000007 -0.074115882986646633 0.91779279279279291 13.500000000000002 0.2183524347561914 -0.39826117949089107 0.96652173913043493
decision_type=2 2 2 2 2 2 2 2 2 2 2 2 2 2 2 2 2 2 2 2 2 2 2 2 2 2 2 2 2 2 2 2 2 2 2 2 2 2 2 2 2 2 2 2 2 2 2
left_child=1 6 10 4 31 43 11 19 -9 29 41 16 13 39 42 23 28 -18 -7 44 -21 22 26 45 25 46 -12 33 -1 -6 -20 35 -24 -28 -26 -2 -36 -30 -39 -5 -17 -3 -13 -4 -8 -16 -10
right_child=3 2 5 12 9 18 7 8 24 -11 21 14 -14 -15 15 40 17 -19 30 20 -22 -23 32 -25 34 -27 27 -29 37 -31 -32 -33 -34 -35 36 -37 -38 38 -40 -41 -42 -43 -44 -45 -46 -47 -48
leaf_value=2.0468749999946745e-07 0.0064412734375000006 0.046230173144531254 0.10997507265625002 -0.039012328906250004 -0.040717296875000003 0.083587983984375003 0.0022886285156250049 0.0022629978515625038 -0.040120344140625 -0.02268085390625001 0.00048139965820312436 -1.5381835937500201e-05 -0.038296633691406248 -0.036727801562500002 0.0022620351562500003 -0.0001227150390624987 0.0021476894531250014 -0.00011375000000000136 0.078233576855468764 -0.0047420126953125093 0.0021370685546875045 -0.011203726953125005 0.032284974999999994 -1.4699218750002796e-05 -0.040274132812500002 -0.038778992578124998 -5.795527343749885e-05 0.00219364453125 0.0023842985351562487 -0.040246281250000002 0.032527901074218747 -0.036599507812500001 0.080314818750000017 -0.0044485762695312516 0.0013339559082031272 1.7470703125022082e-07 -0.0063594691406250077 -5.8001025390630458e-05 0.0023862812499999999 -0.038885844531249998 9.8786132812472845e-06 0.029029467333984371 -0.025901374609375 0.080027970703125006 0.041678848486328121 0.00011563281250000224 -0.039576012109375003
leaf_weight=117 93 140 179 98 96 119 84 106 83 157 132 82 86 98 118 86 130 149 117 92 118 83 87 85 113 153 112 93 85 84 111 81 133 84 88 80 109 86 103 101 104 130 104 117 84 82 82
leaf_count=117 93 140 179 98 96 119 84 106 83 157 132 82 86 98 118 86 130 149 117 92 118 83 87 85 113 153 112 93 85 84 111 81 133 84 88 80 109 86 103 101 104 130 104 117 84 82 82
internal_value=0 0.00345504 0.0087149 -0.00733333 -0.00342061 0.0166537 -7.16039e-05 -0.00229111 -0.00564626 -0.0079142 0.00356784 0.00178303 -0.0133464 -0.0108221 -0.000717523 0.00131303 0.00424739 0.000446429 0.0128592 0.00422164 0.000473934 0.0017931 0.00284268 0.00445804 -0.0073132 -0.0103448 0.000533175 -0.00198276 0.00695153 -0.0129834 0.00960699 0.00254902 0.00723982 -0.00507614 -0.00418006 0.00560345 -0.00138889 0.00945455 0.00697368 -0.014375 -0.00340314 0.00830258 -0.00588235 0.0210438 0.00887574 0.00746269 -0.015512
internal_weight=0 4080 1637 974 591 643 2443 1112 734 337 994 1331 383 297 661 475 670 279 347 378 210 724 641 285 628 318 421 289 391 180 228 254 220 196 310 173 197 274 189 199 190 270 186 296 168 200 165
internal_count=5054 4080 1637 974 591 643 2443 1112 734 337 994 1331 383 297 661 475 670 279 347 378 210 724 641 285 628 318 421 289 391 180 228 254 220 196 310 173 197 274 189 199 190 270 186 296 168 200 165
is_linear=0
shrinkage=0.05


Tree=7
num_leaves=46
num_cat=0
split_feature=42 8 4 4 10 47 50 28 0 13 6 46 10 35 9 50 19 50 35 2 10 28 21 40 2 15 40 19 18 42 14 46 16 4 19 21 9 18 18 14 18 21 40 7 40
split_gain=31.4452 26.075 21.1901 10.476 9.30312 8.21869 5.36006 5.17936 4.40947 4.3038 4.19739 5.27783 4.08618 3.25206 2.98582 2.94649 2.75088 3.35671 2.48279 2.4265 2.36341 2.2398 2.17874 2.50829 2.25993 1.92506 1.8381 1.81053 2.53051 2.2109 1.54337 1.50021 1.39655 1.33938 1.31474 1.29945 3.26901 1.2126 1.2094 1.37577 1.20787 1.16471 1.09181 0.654657 0.356864
threshold=2.7500000000000004 1.1177207078905298 3.7500000000000004 0.62500000000000011 1.5692598319197602 10.500000000000002 -1.5947935216376263 53.312500000000007 80.250000000000014 30.500000000000004 1.5428571428571434 0.26659387353423869 1.5314345969429468 6.2500000000000009 1.0849240928099062 3.4323074102086228 1.7302425515660811 0.2183524347561914 30.625000000000004 682.50000000000011 1.3418418710093272 67.053575000000009 1.0921850887742937 68.500000000000014 692.50000000000011 78.250000000000014 30.500000000000004 1.9327362292879535 142.50000000000003 0.75000000000000011 1.0000000180025095e-35 -0.43733099657705293 10.500000000000002 1.0000000180025095e-35 2.6389423479206764 -0.095345572899759631 0.72019365235355937 112.50000000000001 142.50000000000003 1.5000000000000002 117.50000000000001 0.18283853014890641 62.500000000000007 -0.08391608391608385 1.0000000180025095e-35
decision_type=2 2 2 2 2 2 2 2 2 2 2 2 2 2 2 2 2 2 2 2 2 2 2 2 2 2 2 2 2 2 2 2 2 2 2 2 2 2 2 2 2 2 2 2 2
left_child=2 10 3 4 9 6 -5 -6 -4 22 11 15 -3 34 38 -2 43 -18 19 20 21 -8 23 24 37 30 27 29 41 -21 -26 -17 -14 -24 -9 36 -28 -1 39 -15 -11 -29 -37 -7 -34
right_child=1 12 8 5 7 16 18 13 -10 40 -12 -13 32 14 -16 31 17 -19 -20 26 -22 -23 33 -25 25 -27 35 28 -30 -31 -32 -33 44 -35 -36 42 -38 -39 -40 -41 -42 -43 -44 -45 -46
leaf_value=-3.0319982910154142e-05 -0.002773623828125005 0.063034334648437509 -0.03658324245849609 -0.041510892470703123 0.058742798124999995 -0.038695127607421879 -3.015592041015758e-05 -0.00024005712158202687 -0.036766416406249995 -0.00044056570312500654 0.04055355158203125 -0.036630709135742193 0.069342779165039059 0.045674678062744133 -0.00011250174316406181 0.036215400229492177 -0.037944819990234385 0.0019473284509277323 0.0043079907226562493 -0.040833410979003913 -0.004749053557128919 0.0040962982421874966 0.0040123324414062522 0.0020300464843749978 0.00051510576904297001 -0.00011289707031250097 0.0023814444531250036 0.0047093891796875014 -0.036909723222656253 -0.0001115946289062475 -0.0016779621179199289 0.088366300664062508 0.10827631902343748 6.507559326172086e-05 0.0025643125097656208 2.1552734374985505e-06 -0.00031646406249999929 0.0020492448730468709 0.039198861607666002 0.0015593061816406269 -0.00012173583007811795 -0.00026217413696288385 -0.0022872179125976557 -0.036925019501953128 0.083794445180664076
leaf_weight=109 87 123 120 101 118 90 95 130 93 147 158 152 123 142 87 111 96 80 116 117 82 135 88 107 106 103 99 84 89 132 136 84 135 118 107 110 118 122 116 124 147 98 92 80 106
leaf_count=109 87 123 120 101 118 90 95 130 93 147 158 152 123 142 87 111 96 80 116 117 82 135 88 107 106 103 99 84 89 132 136 84 135 118 107 110 118 122 116 124 147 98 92 80 106
internal_value=0 0.00891204 -0.000693928 0.000163527 0.00265189 -0.00258953 -0.000953029 0.00672727 -0.0160047 -0.000190034 0.00185497 -0.000689655 0.0174693 0.00509194 0.0075 0.00335689 -0.00951009 -0.00508475 -0.000127924 -0.000778754 0.00303514 0.00562771 0.00154494 0.000182749 -0.00112652 -0.00368497 -0.00204787 -0.00403071 -0.00119485 -0.0071 -0.00123457 0.0067602 0.020137 0.00603865 0.000315126 0.000416667 0.00309633 0.00269397 0.00939948 0.00749064 -0.00542373 0.00218579 -0.00246305 -0.0140351 0.0224174
internal_weight=0 1079 4034 3821 2007 1814 1468 824 213 1183 592 434 487 706 469 282 346 176 1367 1251 312 230 889 683 576 345 939 520 271 249 242 195 364 206 237 419 217 231 382 266 294 182 202 170 241
internal_count=5113 1079 4034 3821 2007 1814 1468 824 213 1183 592 434 487 706 469 282 346 176 1367 1251 312 230 889 683 576 345 939 520 271 249 242 195 364 206 237 419 217 231 382 266 294 182 202 170 241
is_linear=0
shrinkage=0.05


Tree=8
num_leaves=48
num_cat=0
split_feature=4 50 8 30 43 42 42 8 31 0 2 30 46 29 29 8 2 8 1 4 0 42 3 42 19 44 3 49 19 29 21 30 30 36 15 42 19 34 50 8 34 3 47 1 13 2 0
split_gain=32.3166 28.9688 20.865 12.4469 5.99724 5.76303 5.49053 5.05319 3.98399 3.63855 3.43241 3.60353 4.29129 5.39569 4.13658 3.44914 3.40601 3.38614 2.81531 2.51674 2.43827 2.38744 2.24305 2.21797 2.09189 2.02184 1.96379 2.43467 2.09529 2.6531 1.83793 1.80853 1.67689 1.63838 1.62484 1.59811 1.54228 1.40732 1.3715 1.29364 1.27818 1.78947 1.26885 0.999997 0.927561 0.717693 0.443144
threshold=2.1250000000000004 2.5140800367048688 1.5156521739130435 169.37500000000003 -0.34999999999999992 -1.2499999999999998 1.7500000000000002 1.4924729570289672 5.5000000000000009 81.750000000000014 642.50000000000011 64.375000000000014 0.28313308994381592 5.3958250000000012 8.1875000000000018 1.656521739130435 737.50000000000011 0.85639751552795063 82.250000000000014 3.2500000000000004 84.250000000000014 -1.0000000180025095e-35 72.500000000000014 8.2500000000000018 1.3996336996336998 10.500000000000002 17.500000000000004 89.683451888491732 1.2923989054423839 9.4375000000000018 0.81866646866646431 218.12500000000003 108.12500000000001 29.500000000000004 79.250000000000014 1.2500000000000002 1.8040284040284043 1.1250000000000002 3.2732456319860437 0.72782608695652184 0.87500000000000011 62.500000000000007 4.5000000000000009 87.250000000000014 26.500000000000004 727.50000000000011 78.750000000000014
decision_type=2 2 2 2 2 2 2 2 2 2 2 2 2 2 2 2 2 2 2 2 2 2 2 2 2 2 2 2 2 2 2 2 2 2 2 2 2 2 2 2 2 2 2 2 2 2 2
left_child=1 3 18 5 31 20 9 37 -8 19 44 14 16 -14 -12 21 17 39 22 -2 -1 -15 -3 42 -23 -4 -19 28 -28 43 35 -5 -18 45 36 -26 -29 -6 -20 40 -13 -42 -24 -30 -7 -9 -27
right_child=6 2 25 4 7 10 8 33 -10 -11 11 12 13 15 -16 -17 32 26 38 -21 -22 24 23 -25 30 46 27 34 29 -31 -32 -33 -34 -35 -36 -37 -38 -39 -40 -41 41 -43 -44 -45 -46 -47 -48
leaf_value=-0.03687161732214355 -0.034824882543395996 0.032659656179931641 0.063786264083740232 -0.038957555918304444 -2.2079067749025685e-05 0.0030179892005615218 -0.038012408358581544 0.07159081121752929 0.0018645270279540995 -0.037208111210937499 0.032096305230468747 -5.9817539428708157e-05 0.0040567070540161124 -0.038598220688446046 -2.736419665527734e-05 0.0014676070652465817 -0.0042339109339904757 0.002016685976196292 0.034036022904296873 -0.034824406627075193 -0.038779316913635259 -0.039083128562377931 1.7959937866215969e-05 0.13425918265527345 -0.038348865142089843 0.10511465921484375 -0.00018934709082031321 -0.0023266111372680534 0.0055392385517578115 -0.00010478820849609828 0.00052671524737548379 0.002135707911621096 -8.8272752319340516e-05 0.040334935849426268 -5.2766461181646965e-05 -5.3717998779301283e-05 -8.3761871337895147e-05 0.039403128555358893 0.072726361787109381 0.0021499297891235335 0.0022649172831115728 0.00036155773779296689 -0.012484335563354494 0.0018217287304687524 0.001101213248596189 0.045675733025329582 0.10019608686132814
leaf_weight=111 88 123 152 86 109 90 108 81 134 141 96 134 103 100 152 110 112 93 90 141 99 137 104 89 145 137 125 87 84 141 82 96 150 80 132 80 88 95 90 94 82 93 84 81 80 103 86
leaf_count=111 88 123 152 86 109 90 108 81 134 141 96 134 103 100 152 110 112 93 90 141 99 137 104 89 145 137 125 87 84 141 82 96 150 80 132 80 88 95 90 94 82 93 84 81 80 103 86
internal_value=0 0.00245153 0.0101726 0.000360985 0.00660522 -0.00104962 -0.00978793 0.00959488 -0.00390947 -0.0136119 -0.000421033 -0.000889289 -0.00151952 -0.00458443 0.00481928 -0.00625954 3.34001e-05 0.0011336 0.00421687 -0.0175 -0.00900474 -0.00788991 0.00187032 -0.000629496 -0.00629213 0.0193484 -0.000691106 -0.00155616 0.000868056 0.00309446 -0.00397727 -0.0010929 -0.00513308 0.0141509 -0.0049513 -0.00630531 -0.00809659 0.00365854 0.00939227 0.00488861 0.00330645 0.00610795 -0.0037037 0.00737952 0.00643275 0.0167568 0.022433
internal_weight=0 4486 955 3531 650 2881 612 468 242 370 2671 2501 2253 757 248 654 1496 1234 580 229 210 544 400 277 444 375 831 738 431 306 307 182 262 264 307 225 175 204 180 403 309 175 188 165 170 184 223
internal_count=5098 4486 955 3531 650 2881 612 468 242 370 2671 2501 2253 757 248 654 1496 1234 580 229 210 544 400 277 444 375 831 738 431 306 307 182 262 264 307 225 175 204 180 403 309 175 188 165 170 184 223
is_linear=0
shrinkage=0.05


Tree=9
num_leaves=46
num_cat=0
split_feature=4 30 0 50 50 8 37 46 50 4 46 8 8 36 50 11 7 8 19 19 27 48 17 19 4 42 50 21 36 46 13 2 19 19 21 19 36 50 46 28 27 19 41 50 46
split_gain=31.1642 25.2093 17.9792 11.1232 8.09699 7.75946 5.58348 6.24351 5.26071 4.40473 5.95253 3.75459 3.70841 3.63039 3.49299 3.19305 3.16409 2.94252 2.78855 2.68418 2.67619 2.63442 2.33196 2.24677 2.2141 2.18788 2.1754 1.89196 1.80159 2.09369 1.96373 1.79553 2.5986 2.67815 2.51598 1.76603 1.67473 1.57062 1.28117 1.2704 1.19694 0.940233 0.853813 0.780683 0.521809
threshold=1.7500000000000002 193.12500000000003 70.250000000000014 3.0523792914697983 -1.5947935216376263 1.389130434782609 59.500000000000007 0.26659387353423869 1.4320139195430104 1.0000000180025095e-35 0.16587474750015932 1.656521739130435 1.6147826086956523 38.500000000000007 0.6890346340369079 1.5639534883720965 -1.0699300699300696 1.053280896764619 2.5279341891967433 1.6880131362889983 78.312500000000014 -0.16734241459810498 1.0690476190476192 2.7007213085891295 3.2500000000000004 1.2500000000000002 1.1450551032176792 -0.053162992060940432 30.500000000000004 0.53312596302726967 23.500000000000004 732.50000000000011 1.116553151995431 1.8737879180710395 0.7118675444614696 2.8464782269536095 5.5000000000000009 0.95647060533627848 0.76556758748011056 68.812500000000014 83.312500000000014 1.6430193999548841 1.5000000000000002 0.83974494261531885 0.59003219687534991
decision_type=2 2 2 2 2 2 2 2 2 2 2 2 2 2 2 2 2 2 2 2 2 2 2 2 2 2 2 2 2 2 2 2 2 2 2 2 2 2 2 2 2 2 2 2 2
left_child=1 2 -1 9 -2 21 7 24 22 11 13 23 20 31 15 -12 -8 -15 36 27 -5 -3 -7 28 37 -9 -13 -16 29 30 -4 32 -11 39 -33 -35 -17 -6 -21 -34 -19 -10 -22 -41 -43
right_child=4 5 3 12 6 8 16 25 41 10 14 26 -14 17 19 18 -18 40 -20 38 42 -23 -24 -25 -26 -27 -28 -29 -30 -31 -32 34 33 35 -36 -37 -38 -39 -40 43 -42 44 -44 -45 -46
leaf_value=0.095821660736523429 -0.032982299576971436 -0.0020620292897766124 -0.00030546176752930257 0.00012457369524536134 0.00092083256296691951 0.038475137466444397 -0.035559414691717528 -0.033858090908784493 0.059771865985322574 0.0020747248534332299 -0.0014221406299621598 0.001374328181944276 0.10307171102888182 0.00023107050791931207 -0.038425118399456781 -0.036455104121400454 -0.032803010909226986 -0.019194074678997797 -0.035025395504449469 -2.7279914556888053e-05 0.063980917302978502 0.043102110690396114 0.0036496711823608367 0.0025571379693634017 -0.033067703379583736 -0.032964178261026003 0.037151004782479846 -9.6098893299867427e-05 0.0016739549179092428 0.0017436964980132976 -0.00011141972918091159 0.00041656901690368954 0.001968060027441407 0.0021493579364746051 -0.0020279540113830596 3.4702078247073054e-06 -0.036230563055941765 0.003872604242187494 0.0023628856516357379 -5.120844038695727e-05 -0.003205465424420162 0.11408918354019776 0.064992542610186763 -0.00012621034898070428 0.071007802132647707
leaf_weight=107 95 105 97 119 114 116 130 156 80 142 158 120 86 138 84 103 136 95 142 129 91 115 83 130 121 93 91 84 118 90 114 118 80 157 112 91 84 103 103 88 89 109 94 85 94
leaf_count=107 95 105 97 119 114 116 130 156 80 142 158 120 86 138 84 103 136 95 142 129 91 115 83 130 121 93 91 84 118 90 114 118 80 157 112 91 84 103 103 88 89 109 94 85 94
internal_value=0 0.0032719 0.00145958 0.000788741 -0.00679663 0.0118777 -0.00524005 -0.0025085 0.0154244 -0.00029898 -0.00148824 0.00295664 0.00869565 0.000815217 -0.00458896 -0.00742828 -0.011236 -0.00371517 -0.0102273 -0.00112219 0.00606557 0.0040724 0.009125 0.000772727 0.0019174 -0.0085 0.00860849 -0.00591716 -0.0010119 -0.00306291 -0.0057783 0.00248856 0.00384317 0.00214143 -0.0012987 0.00582329 -0.0142287 0.00493119 0.00236052 -0.00147638 -0.00783784 0.0198063 0.00981183 -0.00387931 0.0216912
internal_weight=0 4041 3339 3232 948 702 853 587 482 2842 2082 760 390 1195 887 487 266 322 329 400 304 220 199 549 338 249 211 168 419 301 211 873 643 501 230 248 187 217 232 253 184 283 185 173 203
internal_count=4989 4041 3339 3232 948 702 853 587 482 2842 2082 760 390 1195 887 487 266 322 329 400 304 220 199 549 338 249 211 168 419 301 211 873 643 501 230 248 187 217 232 253 184 283 185 173 203
is_linear=0
shrinkage=0.05


Tree=10
num_leaves=45
num_cat=0
split_feature=4 10 50 4 42 46 50 50 49 47 35 37 21 10 11 17 21 49 3 8 42 45 37 23 21 4 27 49 37 13 6 13 13 3 8 37 50 48 14 20 34 34 10 8
split_gain=34.2163 21.6062 16.2153 15.1695 12.4695 6.38334 6.11589 5.55781 4.38609 3.55444 3.45004 3.51047 3.13034 2.81695 2.73641 2.72665 2.70612 3.58432 2.55785 2.33875 2.03235 1.97102 2.97725 1.96775 1.90403 1.68613 1.5819 1.52673 2.22222 1.48401 1.36401 1.33917 1.64842 1.27139 1.78968 2.13289 1.15252 1.11081 1.02204 0.918133 0.861729 0.801993 0.955348 0.615742
threshold=0.62500000000000011 1.5314345969429468 1.6311376082666913 3.7500000000000004 0.75000000000000011 0.18281312110578132 3.1040614383268239 3.38230369970475 87.158636055570568 10.500000000000002 33.750000000000007 8.5000000000000018 0.27980461273145357 1.605714028221924 1.5639534883720965 0.85449735449735453 -0.42852368220014364 81.381721262289304 47.500000000000007 0.53937234390323641 -1.0000000180025095e-35 0.24372619187392155 32.500000000000007 79.750000000000014 0.76855561318477339 1.0000000180025095e-35 76.937500000000014 89.592770811101673 16.500000000000004 22.500000000000004 0.34285714285714264 19.500000000000004 24.500000000000004 22.500000000000004 0.3862877830526999 38.500000000000007 -0.16611101392356173 -0.31564677925408408 2.5000000000000004 2.168136557610242 1.5625000000000002 0.87500000000000011 1.2912841987848005 1.3382608695652176
decision_type=2 2 2 2 2 2 2 2 2 2 2 2 2 2 2 2 2 2 2 2 2 2 2 2 2 2 2 2 2 2 2 2 2 2 2 2 2 2 2 2 2 2 2 2
left_child=1 6 10 4 5 24 18 9 -5 23 11 40 29 16 39 -10 -7 -18 20 -9 -1 22 -13 -6 30 -16 -20 28 -28 -8 36 -22 -33 -25 35 -35 -2 -30 -34 -4 -3 -36 -43 -26
right_child=3 2 14 8 7 13 12 19 15 -11 -12 21 -14 -15 25 -17 17 -19 26 -21 31 -23 -24 33 43 -27 27 -29 37 -31 -32 32 38 34 41 -37 -38 -39 -40 -41 -42 42 -44 -45
leaf_value=-0.031561471038916711 -0.037592684162235344 0.039717715883011012 0.068048390625217503 -0.031408008073524403 0.0042667801828936702 -0.031738105145364071 0.022501035698769226 0.0071831581505618358 -0.029033469290804748 -0.033738116001707383 0.0444553635905994 -0.0022393680498625224 0.06531965974968261 -0.031749676838865586 0.059676052237328664 -0.033668518253057556 -0.033016831662814258 -0.031121106074423144 -0.00035755401012268486 0.068891680748524628 -0.00012979336233742144 0.0034078177054439498 0.00020935995962627631 0.0021469471021516419 -0.0047265277770294212 0.025801971809890897 0.00014884371473789239 -6.768500550567991e-05 0.0042096709399156223 0.05737776468823387 0.0019727778167155543 0.00032830241346992197 9.6767757655336084e-05 0.0026762222808125349 -0.00033724412539344888 -0.0046714957441875539 0.0012312622649826828 0.0021560872420938906 -0.00018957803665526908 0.096640146977041028 0.0069011961011624465 0.001624362315072625 -0.00042515544096739523 -0.038816470906460267
leaf_weight=136 98 91 148 146 93 113 125 81 91 153 114 89 89 148 103 82 101 119 131 80 140 150 144 108 92 96 138 117 81 91 131 104 109 123 150 94 114 104 159 131 80 95 81 80
leaf_count=136 98 91 148 146 93 113 125 81 91 153 114 89 89 148 103 82 101 119 131 80 140 150 144 108 92 96 138 117 81 91 131 104 109 123 150 94 114 104 159 131 80 95 81 80
internal_value=0 0.00501685 0.0102005 -0.00323294 -0.0016545 -0.005667 0.00111475 0.00212465 -0.0133594 0.000584633 0.00515695 0.00351351 0.00743464 -0.0098029 0.0172234 -0.0079023 -0.0123503 -0.00904977 -0.000471311 0.0106481 -0.00261941 0.000846354 -0.00202991 0.00201342 -0.00179264 0.012625 0.00196678 0.00340136 0.00516975 0.00414747 0.000363372 -0.00116959 0.000402145 0.00103528 4.59559e-05 0.00355505 -0.00211268 0.00873656 -0.00167286 0.0204464 0.00944767 -0.00229358 0 -0.00606936
internal_weight=0 2670 1146 2373 2054 996 1524 1058 319 897 668 554 305 481 478 173 333 220 1219 161 648 383 233 744 515 199 571 440 323 216 343 512 372 651 543 217 212 185 268 279 171 326 176 172
internal_count=5043 2670 1146 2373 2054 996 1524 1058 319 897 668 554 305 481 478 173 333 220 1219 161 648 383 233 744 515 199 571 440 323 216 343 512 372 651 543 217 212 185 268 279 171 326 176 172
is_linear=0
shrinkage=0.05


Tree=11
num_leaves=48
num_cat=0
split_feature=50 7 50 30 2 7 10 3 36 19 37 0 0 40 50 28 10 45 48 13 40 50 3 9 0 50 50 11 14 36 35 28 15 3 29 10 7 3 7 45 29 50 2 34 9 16 19
split_gain=25.3413 14.269 13.228 9.61178 6.45732 5.24453 5.01064 5.75988 4.79164 4.04858 3.77853 3.40743 2.82818 2.77177 5.64766 4.632 3.07464 2.65795 2.62134 2.7898 2.49995 2.94225 2.33139 2.08943 2.49632 2.07394 1.90736 1.86909 1.85683 1.80742 2.32553 2.21947 1.66344 1.64148 2.02928 1.82569 1.63518 1.53748 1.52232 1.45339 1.41238 1.27964 1.12186 0.871906 0.846337 0.456985 0.386097
threshold=2.7659122364066779 1.1538461538461544 -1.5947935216376263 194.37500000000003 677.50000000000011 -1.1118881118881117 2.06145923771841 42.500000000000007 60.500000000000007 2.6389423479206764 59.500000000000007 83.250000000000014 84.250000000000014 10.500000000000002 0.13652873364118537 69.062500000000014 1.1004978106279562 0.3261394409934788 0.089021818108660361 29.500000000000004 48.500000000000007 1.1615093134243824 47.500000000000007 0.54364664110870786 81.750000000000014 0.72099882029174733 3.4929130249781939 1.5639534883720965 1.5000000000000002 47.500000000000007 23.125000000000004 73.687500000000014 77.250000000000014 97.500000000000014 9.2812500000000018 1.3952428232669745 1.0234965034965036 42.500000000000007 0.34965034965034975 0.15951094710994371 11.562500000000002 0.9809633047681886 722.50000000000011 0.87500000000000011 0.76148270704399923 11.250000000000002 1.6430193999548841
decision_type=2 2 2 2 2 2 2 2 2 2 2 2 2 2 2 2 2 2 2 2 2 2 2 2 2 2 2 2 2 2 2 2 2 2 2 2 2 2 2 2 2 2 2 2 2 2 2
left_child=2 8 11 5 -5 10 13 9 23 -8 12 -1 41 14 18 33 20 27 19 -7 32 -22 26 38 -25 -11 -3 -6 -26 30 37 -31 -15 34 35 -16 40 39 -2 42 -36 -4 -18 46 -44 -28 -39
right_child=1 22 3 4 17 6 7 -9 -10 25 -12 -13 -14 16 15 -17 29 -19 -20 -21 21 -23 -24 24 28 -27 45 -29 -30 31 -32 -33 -34 -35 36 -37 -38 43 -40 -41 -42 -43 44 -45 -46 -47 -48
leaf_value=-0.030086697846834584 0.049397885993604486 0.04714376542623027 -0.029746379120339374 -0.028006075443285684 0.035713255831086553 0.0012878848727929993 0.00043271452012821622 -0.0061144120530023886 -0.036020286361880267 0.014690776785432878 -0.032237396341289005 -0.033616896527395128 0.0021839054216376665 0.0015148319405403233 -0.0001744752137815664 -0.0093299803918356575 -0.0020405079530365967 0.049860896920090138 -0.0332758530595305 -0.031601549120055451 0.0022176468543807812 0.00022930403235577602 0.04027572480317896 -0.0048782137453411093 0.016034468597350582 0.045140059077548769 0.095972808154887887 0.0030973868518676647 0.087879810046109327 -0.011160108600291591 0.0039828140716937077 5.3241680744806066e-05 -0.00026098533183571693 0.002804154648438373 -0.031199803404032524 0.0037278439241582363 0.0016206195727100471 -0.00011362127229314623 0.024252702010668637 0.00018069828179750891 -0.00027235163382491881 -0.02303017930477105 2.597339311127822e-06 0.0018494082039299754 -0.01534623264585222 0.13418367972584525 0.00014418215835406147
leaf_weight=144 81 107 95 95 114 121 106 106 87 80 84 133 83 152 150 120 109 145 124 98 118 80 111 96 89 84 94 124 84 128 112 82 106 105 84 126 106 80 95 155 85 83 108 127 95 93 88
leaf_count=144 81 107 95 95 114 121 106 106 87 80 84 133 83 152 150 120 109 145 124 98 118 80 111 96 89 84 94 124 84 128 112 82 106 105 84 126 106 80 95 155 85 83 108 127 95 93 88
internal_value=0 0.00839552 -0.000707205 5.18269e-05 0.00668058 -0.000887311 -0.000222332 0.00517241 0.00300188 0.00904059 -0.00671965 -0.011241 -0.00372137 -0.000986842 -0.00287946 -0.000514801 0.000389358 0.00957031 -0.00821221 -0.00488636 0.00382932 0.0080402 0.0154557 0.0051009 0.00231481 0.0139394 0.0177966 0.00627615 0.0058908 -0.00105991 -5.71429e-05 -0.00521327 0.000579151 0.00114155 4.52899e-05 0.00306859 -0.00298913 -0.00104849 0.00932203 -0.0028312 -0.00602941 -0.00726257 -0.00479233 0.00177365 -0.00257353 0.0208777 -0.000591716
internal_weight=0 937 4135 3858 478 3380 3035 376 532 270 345 277 261 2659 1119 776 1540 383 343 219 456 198 405 445 269 164 294 238 173 1084 874 210 258 656 551 276 275 762 176 467 169 178 312 295 203 187 168
internal_count=5072 937 4135 3858 478 3380 3035 376 532 270 345 277 261 2659 1119 776 1540 383 343 219 456 198 405 445 269 164 294 238 173 1084 874 210 258 656 551 276 275 762 176 467 169 178 312 295 203 187 168
is_linear=0
shrinkage=0.05


Tree=12
num_leaves=49
num_cat=0
split_feature=4 50 10 50 4 4 50 46 10 50 50 12 50 7 42 49 47 46 9 36 10 8 29 0 37 29 21 21 19 49 4 3 42 45 35 45 19 8 19 42 8 9 9 17 45 10 17 50
split_gain=28.8508 22.8643 17.8434 8.88632 6.08516 5.89178 5.27866 4.59502 7.33358 3.94922 3.67163 3.6435 3.44759 3.97548 3.15158 2.86143 2.65729 2.31268 2.1775 2.19091 2.22012 2.34888 2.14808 2.03923 1.92655 1.87018 1.81908 2.02076 1.79592 2.19526 1.75937 1.7482 1.62537 1.57434 2.25236 2.23573 1.49559 1.62999 1.47512 1.47463 1.59569 1.35003 1.29797 1.29068 1.10693 1.05675 1.00197 0.518802
threshold=1.7500000000000002 1.9437218890172832 1.5951072541767612 -1.5947935216376263 1.0000000180025095e-35 3.7500000000000004 0.9809633047681886 0.42763731121559989 1.5364651941646761 0.15867528786654364 -0.073579952919914135 1.5357142857142849 3.1608816403877218 0.92517482517482541 2.7500000000000004 88.073430209662476 4.5000000000000009 0.29958852271690523 1.0287799205517945 57.500000000000007 2.0748902969658709 0.37304347826086975 8.8125000000000018 80.250000000000014 21.500000000000004 8.5625000000000018 -1.0943802923323458 0.81866646866646431 2.0394871794871796 86.367979437331101 0.62500000000000011 42.500000000000007 1.0000000180025095e-35 0.52766072109828632 8.7500000000000018 0.89404822654372251 1.5723072826521107 1.5038969404186797 2.2542077117928518 8.2500000000000018 0.92608695652173934 0.72019365235355937 0.61862036604191917 0.84412955465587058 0.17646842360078763 1.1679879216624778 0.96148148148148149 3.4323074102086228
decision_type=2 2 2 2 2 2 2 2 2 2 2 2 2 2 2 2 2 2 2 2 2 2 2 2 2 2 2 2 2 2 2 2 2 2 2 2 2 2 2 2 2 2 2 2 2 2 2 2
left_child=1 4 12 -2 11 6 17 18 10 -10 31 22 33 39 23 16 -8 25 19 20 21 -6 -1 -7 42 -5 -4 47 30 -30 43 -9 -31 34 -3 -35 41 38 -38 40 -14 -13 -12 45 -32 -23 -20 -28
right_child=3 2 26 5 7 14 15 8 9 -11 24 36 13 -15 -16 -17 -18 -19 46 -21 -22 28 -24 -25 -26 -27 27 -29 29 32 44 -33 -34 35 -36 -37 37 -39 -40 -41 -42 -43 -44 -45 -46 -47 -48 -49
leaf_value=0.041422547405883706 -0.028278929354723203 -0.0020338273211999102 0.039097590208126622 -0.033744769010695494 0.0023044619924971533 -0.030094295867156562 0.0038708850345818228 -0.032060619161130892 -0.003906964621262477 0.016767890595470316 -0.034042491820405994 -0.00032947955337125912 0.027170154778388873 0.060679069903152749 -0.030163309417176487 0.0089720927589349297 -0.032590817203499094 -0.029825344547883548 -7.3365316500007002e-05 -0.0041408058335067445 0.02940797240408019 0.00035302771059749773 0.0013959652914646516 -0.030488363509200062 0.0018812381680232361 0.0018294832951956165 0.062243559724793888 0.036397470318583751 0.0037751839584893561 -0.00075461476938061274 -0.00017056210425391295 -0.03057118963865826 0.0017207504474074154 0.013995969409197884 0.030551857625466083 -0.00033261167986141653 0.0014569526480503693 0.024875120306012972 -0.00025342405278837022 0.17444612510612287 -0.018750741248661874 0.00037600833730770948 -0.0038605430559585322 0.0011512971562256725 -0.0051050001806006162 -0.00026145589391360916 -0.037302760959158368 0.099410933800573295
leaf_weight=143 94 141 80 101 105 86 84 94 143 124 88 81 84 130 92 101 87 159 99 95 90 80 99 81 80 84 156 100 100 93 147 92 119 80 100 82 80 132 110 88 85 97 132 115 103 87 81 138
leaf_count=143 94 141 80 101 105 86 84 94 143 124 88 81 84 130 92 101 87 159 99 95 90 80 99 81 80 84 156 100 100 93 147 92 119 80 100 82 80 132 110 88 85 97 132 115 103 87 81 138
internal_value=0 0.00307437 0.00865613 -0.00652062 0.000560498 -0.00493721 -0.00226904 -0.000834139 -0.00394562 0.00270522 -0.00759754 0.00444145 0.00404551 0.00740979 -0.01125 0.0029304 -0.00101744 -0.00637681 0.00095057 0.00176211 0.00242788 0.00171053 0.00946502 -0.0153274 -0.00415282 -0.00255376 0.0163158 0.0177215 0.000828402 0.00383387 -0.000938086 -0.0131016 0.000938967 0.000804455 -0.0017562 0.00460123 0.00199601 0.00402477 0.00104712 0.00377907 0.00102941 -0.00167598 -0.00656109 0.00176678 -0.00398406 -0.00104167 -0.00414365 0.0198305
internal_weight=0 4073 1264 969 2809 875 616 2067 753 267 486 742 790 387 259 272 171 344 1314 1134 1039 949 242 167 300 185 474 394 844 312 532 186 212 403 241 162 500 322 190 257 169 178 220 282 250 167 180 294
internal_count=5042 4073 1264 969 2809 875 616 2067 753 267 486 742 790 387 259 272 171 344 1314 1134 1039 949 242 167 300 185 474 394 844 312 532 186 212 403 241 162 500 322 190 257 169 178 220 282 250 167 180 294
is_linear=0
shrinkage=0.05


Tree=13
num_leaves=46
num_cat=0
split_feature=8 50 4 42 19 50 50 50 49 36 7 47 8 7 40 35 25 28 14 7 45 8 5 28 37 49 14 36 7 21 19 50 9 21 35 6 27 10 34 50 18 35 10 14 28
split_gain=27.2156 18.9341 16.6359 10.5914 5.74568 5.46669 5.46567 4.6919 4.15171 4.0647 4.00712 3.36831 4.40069 3.09699 2.12875 2.12816 2.07318 2.05923 1.99091 2.10463 1.9749 1.92634 2.59971 2.30147 2.14096 1.87796 1.74944 1.69663 1.6599 1.62902 2.01909 1.59906 2.13654 1.91836 1.81822 1.59375 1.39748 1.67955 1.33499 1.31727 1.23378 1.13333 1.02273 0.961086 0.606698
threshold=1.6283299084901619 1.6806717173053018 3.2500000000000004 -0.74999999999999989 2.2305741952800782 0.67434145468467233 3.3280458421011123 -1.1841998582231665 84.445947609685604 40.500000000000007 0.92517482517482541 10.500000000000002 1.1378656126482216 1.096323031806903 42.500000000000007 3.035699999999999 1.5000000000000002 65.812500000000014 3.5000000000000004 1.9860139860139865 0.3261394409934788 0.78521739130434787 1.0000000180025095e-35 73.937500000000014 66.500000000000014 81.884617704917602 5.5000000000000009 27.500000000000004 0.56643356643356668 -0.99741122525566073 2.5279341891967433 -0.053656884396389153 0.76148270704399923 0.96520982619381368 3.035699999999999 0.34285714285714253 81.937500000000014 1.3639833975385416 1.5625000000000002 1.6972020232783509 92.500000000000014 8.7500000000000018 1.0686314721265771 1.5000000000000002 60.937500000000007
decision_type=2 2 2 2 2 2 2 2 2 2 2 2 2 2 2 2 2 2 2 2 2 2 2 2 2 2 2 2 2 2 2 2 2 2 2 2 2 2 2 2 2 2 2 2 2
left_child=2 4 3 8 18 -4 11 -6 15 -7 25 21 16 -3 35 -1 17 -13 19 -2 43 24 23 26 31 -8 29 -20 -27 -23 40 -5 33 38 -34 -9 -24 -38 39 42 -31 -37 -33 -15 -22
right_child=1 13 5 6 7 9 10 14 -10 -11 -12 12 -14 20 -16 -17 -18 -19 27 -21 44 22 36 -25 -26 28 -28 -29 -30 30 -32 32 34 -35 -36 41 37 -39 -40 -41 -42 -43 -44 -45 -46
leaf_value=-0.028313509518806113 -0.0020115078599555747 0.033233581739893596 -0.026274006728974703 -0.00065900005164092339 -0.031336060942738657 0.0021914484604382833 -0.013939408335799165 0.0045836386653985593 -0.027884848241502669 -0.030707297773119882 0.050394854383133195 0.00080226704326210045 0.0035027939182612601 0.059243378437010469 0.00050875695347217813 -0.02683110712869291 -0.033478183780357371 -0.029615637465726641 -0.027886539103371841 0.0015504424763398918 0.083895513632969126 0.0023036187436343558 -0.0076667193913875498 0.0017797930909932342 -0.031437549395245658 0.031307635456702503 -0.0019785463264440808 -0.00030873691035709363 0.014111679635339026 0.00042258371658677741 0.0024883027844574109 0.0020407554792027326 0.0029362809356397071 0.0034599567208133484 0.0016524014188718794 0.025457497208000248 -0.00032255862352677527 0.00066529491051093854 -0.00026934975962226716 -0.00042818985824923388 -0.00030180549619938658 0.043341480773811447 0.00018888832404398705 0.034885272650436831 0.063182687299626242
leaf_weight=84 125 93 117 125 83 93 105 82 136 129 126 117 101 111 81 138 96 144 81 87 112 81 156 138 86 83 150 98 121 130 132 115 94 82 155 95 126 113 118 124 130 101 80 114 89
leaf_count=84 125 93 117 125 83 93 105 82 136 129 126 117 101 111 81 138 96 144 81 87 112 81 156 138 86 83 150 98 121 130 132 115 94 82 155 95 126 113 118 124 130 101 80 114 89
internal_value=0 0.00698448 -0.00129495 -0.000236197 0.00230815 -0.0118382 0.000726312 0.00620767 -0.00835655 -0.00717489 0.00590596 -0.000144564 -0.0040305 0.0144712 0.00868056 -0.0125561 -0.00663408 -0.00429389 -0.00210459 0.00117371 0.0162763 0.000690543 -0.000691443 0.00101706 0.00232143 0.00282258 -0.000280449 -0.00597222 0.00560976 0.00121308 -0.000127226 0.0030481 0.00390117 0.00206731 0.0077 0.0107527 -0.00397727 -0.0015625 0.000742009 0.00242188 -0.00268199 0.013198 0.00497449 0.0129425 0.0199257
internal_weight=0 1352 3725 3386 833 339 3028 442 358 222 435 2593 458 519 359 222 357 261 391 212 426 2135 1156 761 979 309 623 179 204 473 392 893 768 519 249 278 395 239 437 319 260 196 195 225 201
internal_count=5077 1352 3725 3386 833 339 3028 442 358 222 435 2593 458 519 359 222 357 261 391 212 426 2135 1156 761 979 309 623 179 204 473 392 893 768 519 249 278 395 239 437 319 260 196 195 225 201
is_linear=0
shrinkage=0.05


Tree=14
num_leaves=48
num_cat=0
split_feature=43 8 4 42 4 11 46 29 30 37 16 4 46 1 29 45 3 40 8 2 7 3 4 13 3 14 48 9 46 11 48 15 14 46 29 18 48 46 18 0 29 30 48 37 29 34 45
split_gain=24.7295 20.5622 12.901 12.0192 10.0996 6.51314 5.70078 5.53461 4.58932 3.74865 3.26822 3.01414 2.80667 3.87496 3.82244 2.8844 2.76695 2.65084 2.40682 2.40209 2.23702 2.1485 2.1249 2.03975 1.99812 1.86844 1.82529 1.80593 1.80392 1.69529 2.32874 2.17902 2.29812 1.66536 1.65799 1.59002 2.56444 1.57867 1.46524 1.33468 1.22701 1.18884 1.12714 1.12483 0.866463 0.546632 0.519354
threshold=0.19375000000000003 1.447826086956522 1.7500000000000002 2.2500000000000004 3.7500000000000004 1.5639534883720965 0.16587474750015932 6.4375000000000009 170.62500000000003 61.500000000000007 10.500000000000002 3.7500000000000004 0.29958852271690523 87.250000000000014 5.8125000000000009 -0.14250824554987665 22.500000000000004 57.500000000000007 1.1869565217391307 717.50000000000011 0.88111888111888148 87.500000000000014 0.62500000000000011 14.500000000000002 127.50000000000001 4.5000000000000009 0.11239934492054431 0.8228263892582881 0.28313308994381592 1.5639534883720965 -0.18685055305438422 76.250000000000014 2.5000000000000004 0.65720762023595369 9.4375000000000018 47.500000000000007 -0.23369306784492064 0.68274389090025245 112.50000000000001 82.250000000000014 8.0625000000000018 88.125000000000014 -0.60855016235231407 10.500000000000002 8.6875000000000018 0.62500000000000011 0.46800856592688472
decision_type=2 2 2 2 2 2 2 2 2 2 2 2 2 2 2 2 2 2 2 2 2 2 2 2 2 2 2 2 2 2 2 2 2 2 2 2 2 2 2 2 2 2 2 2 2 2 2
left_child=2 4 6 5 12 19 16 -8 25 -6 28 33 13 23 -14 22 27 -18 41 -3 35 26 -16 -2 -23 -7 42 -1 -5 30 -25 32 -31 44 -24 -15 -37 -20 -34 46 -22 -9 -17 -21 -4 -19 -12
right_child=1 3 11 10 9 8 7 18 -10 -11 39 -13 14 20 15 21 17 45 37 43 40 24 34 29 -26 -27 -28 -29 -30 31 -32 -33 38 -35 -36 36 -38 -39 -40 -41 -42 -43 -44 -45 -46 -47 -48
leaf_value=0.0016195575582273359 -4.9041979596187174e-05 0.0028798259705319577 -0.028450865781442111 0.058845745153009145 -0.025542149016883571 0.00033109222789459161 0.002000755008045918 -0.027384918110287357 0.035874230180486584 -0.029245183811518513 0.070573491892439166 -0.023817883313349709 0.010577785613909083 -0.0001327986959720251 -0.0029452612015796356 -0.001316361484404216 0.0026380258603354526 -0.00019343911501497614 0.00077508504938407778 0.05562587080855759 -5.9848632386383385e-05 0.0035612267632921138 -0.02631326556959257 -0.0032031115857337035 -0.00014714678762459688 -0.0026624754028094725 0.0025914865394524203 -0.029823686362530157 0.022050626325639588 0.0043385420787165957 0.037098735618184331 0.020238791179705031 -9.8247461015021917e-05 -0.025980699680754161 -0.032376035557972742 0.0019379722286519631 2.6415339561591813e-05 -0.02435017945818722 0.0032628716787898417 0.055272728076322178 -0.00027827329175992291 -0.031993029059096421 -0.032311216076900351 0.032946189328004069 -0.029371085495064578 0.00184767083070424 0.094016333776083455
leaf_weight=110 145 87 86 111 118 145 141 98 106 101 100 82 106 83 158 95 159 82 82 96 119 83 84 90 80 151 87 149 91 138 89 121 145 87 80 94 148 99 107 82 98 124 86 88 81 81 109
leaf_count=110 145 87 86 111 118 145 141 98 106 101 100 82 106 83 158 95 159 82 82 96 119 83 84 90 80 151 87 149 91 138 89 121 145 87 80 94 148 99 107 82 98 124 86 88 81 81 109
internal_value=0 0.00293346 -0.00477086 0.0083976 0.000335912 0.00404303 -0.00219805 -0.00587156 0 -0.00988636 0.0143219 -0.0133531 0.00134108 0.00273948 -0.000901163 -0.00215517 0.0012457 0.00433437 -0.00884901 0.0100184 -0.000552486 0.000520833 -0.00572755 0.0048744 0.00503049 -0.00319865 -0.00223048 -0.00259615 0.00935961 0.00600579 0.00180556 0.0074707 0.0056266 -0.0105882 -0.00969697 0.00207055 0.00411523 -0.00453297 0.0027668 0.0177226 -0.00447248 -0.0123318 -0.00508242 0.0132432 -0.00758929 -0.000152439 0.019881
internal_weight=0 3621 1461 1166 2455 673 1125 544 402 219 493 336 2236 1377 859 753 581 322 403 271 542 431 322 835 163 296 268 259 202 690 179 511 390 254 164 325 242 181 252 291 217 222 181 184 167 163 209
internal_count=5082 3621 1461 1166 2455 673 1125 544 402 219 493 336 2236 1377 859 753 581 322 403 271 542 431 322 835 163 296 268 259 202 690 179 511 390 254 164 325 242 181 252 291 217 222 181 184 167 163 209
is_linear=0
shrinkage=0.05


Tree=15
num_leaves=47
num_cat=0
split_feature=4 30 0 4 3 42 42 4 31 0 7 43 25 45 27 27 29 36 12 2 29 40 7 29 16 48 45 45 5 0 11 45 30 7 41 41 28 37 0 36 49 10 7 15 21 27
split_gain=32.1275 23.1901 13.659 9.3535 7.2997 6.91074 5.32569 4.33535 4.18806 3.31084 4.18543 3.1967 2.70655 2.59574 2.46469 2.21973 2.18049 2.72376 2.65262 2.52572 2.4921 2.07579 1.91903 2.04206 2.71253 2.8322 3.33948 2.2328 1.89195 1.85439 1.83415 1.71294 1.69568 1.68108 1.67058 1.79955 1.63371 1.42819 1.34831 1.30125 1.16251 1.07275 1.06289 1.0432 0.486159 0.298828
threshold=2.1250000000000004 201.87500000000003 70.250000000000014 1.0000000180025095e-35 72.500000000000014 -0.74999999999999989 1.7500000000000002 4.2500000000000009 5.5000000000000009 87.750000000000014 1.2797202797202802 -0.34999999999999992 1.0000000180025095e-35 0.29342972903661901 81.666675000000012 80.062500000000014 9.9375000000000018 55.500000000000007 2.2682038834951475 672.50000000000011 6.4375000000000009 65.500000000000014 2.454545454545455 4.9375000000000009 16.500000000000004 -0.56558081618283207 -0.16799356919963607 -0.63921128368950708 1.0000000180025095e-35 86.250000000000014 2.7500000000000004 0.55656748448714433 120.62500000000001 0.88111888111888148 1.0000000180025095e-35 2.5000000000000004 68.812500000000014 22.500000000000004 84.250000000000014 26.500000000000004 84.589187223792067 1.131751888992971 0.1086807928913192 60.500000000000007 0.011323353792931814 73.062500000000014
decision_type=2 2 2 2 2 2 2 2 2 2 2 2 2 2 2 2 2 2 2 2 2 2 2 2 2 2 2 2 2 2 2 2 2 2 2 2 2 2 2 2 2 2 2 2 2 2
left_child=1 2 -1 9 11 12 7 40 -8 10 15 -3 -5 14 43 -4 17 22 19 31 -19 28 23 -7 25 41 27 29 -11 -27 -20 -18 37 42 -21 -36 -35 -12 -14 -31 -2 -25 -28 -13 -43 -15
right_child=6 4 3 5 -6 16 8 -9 -10 21 32 13 38 45 -16 -17 18 20 30 34 -22 -23 -24 24 -26 26 33 -29 -30 39 -32 -33 -34 36 35 -37 -38 -39 -40 -41 -42 44 -44 -45 -46 -47
leaf_value=0.075220089332256657 -0.024350542955488517 0.0031105357009591386 -0.00046086333747903386 -0.023287869713092931 -0.0049789005197988408 0.0080282978927661234 -0.029384463501405323 -0.024386476949421077 0.0050919574372703565 0.001270162228670535 0.0023967714732436476 0.040399689311533239 -0.025554481600364984 0.065645155474305203 0.05805851180824087 0.0054118431904550462 -0.0026302077069090104 -0.037542480341243856 0.0024698796373835738 -0.033911722441324336 0.00037271319576653861 0.0020604387600026254 0.0046981351582849858 0.00028517982910086781 -0.01151971498787932 0.004775613982118971 0.0019335494526917076 -0.00090353303500527731 -0.0016284626177394069 -0.00092213839184002167 -0.00064006950303590606 0.001393971769736166 0.045955911860129518 -0.00036514194501060528 0.00027002166408968131 -0.0026999091166547309 0.0053548240071347843 0.03666940083017247 -0.033206038444473708 0.00042313256783796106 -0.027864367809165225 -0.029055570712912534 0.002900240386085046 0.0072786691671691056 -0.0017203742324589377 0.078845421972484828
leaf_weight=111 110 117 151 114 110 97 109 153 131 112 145 81 123 83 86 119 82 84 108 130 87 97 152 114 116 115 125 159 86 89 120 84 113 102 111 135 93 82 112 98 112 80 92 83 80 121
leaf_count=111 110 117 151 114 110 97 109 153 131 112 145 81 123 83 86 119 82 84 108 130 87 97 152 114 116 115 125 159 86 89 120 84 113 102 111 135 93 82 112 98 112 80 92 83 80 121
internal_value=0 0.00239444 0.000877193 0.000357335 0.0108871 -0.00107028 -0.00978084 -0.0134973 -0.00394191 0.00477373 0.00687398 0.0131556 -0.00764286 0.0150549 0.0115538 0.00221402 -0.000132437 0.000875891 -0.00233463 -0.00423573 -0.00508721 0.000422297 0.00155321 0.00095518 0.000415348 0.00115418 0.00254577 -0.000378788 -0.00251256 0.00214521 0.00218341 0.000898204 0.0105572 0.00581114 -0.00649867 -0.00404858 0.00242347 0.00800439 -0.0106992 -0.000930851 -0.00896861 -0.00327273 0.00883028 0.00787879 -0.00590062 0.0192683
internal_weight=0 4499 3818 3707 681 2802 615 375 240 905 610 571 349 454 250 270 2453 1683 770 542 171 295 1512 1360 1263 1147 873 461 198 302 228 166 340 412 376 246 195 227 235 187 222 274 217 164 160 204
internal_count=5114 4499 3818 3707 681 2802 615 375 240 905 610 571 349 454 250 270 2453 1683 770 542 171 295 1512 1360 1263 1147 873 461 198 302 228 166 340 412 376 246 195 227 235 187 222 274 217 164 160 204
is_linear=0
shrinkage=0.05


Tree=16
num_leaves=49
num_cat=0
split_feature=4 30 0 37 43 7 29 0 42 0 4 42 30 4 45 30 7 13 17 40 19 42 34 42 9 20 10 4 37 21 10 42 2 45 11 10 7 31 9 2 10 34 22 42 21 45 2 37
split_gain=28.3885 18.2501 12.4148 9.65754 7.80633 6.65884 6.27587 6.05627 6.2591 4.5043 5.91803 3.83747 3.22233 3.20422 2.7539 2.56744 2.4174 2.25116 2.45221 3.18875 2.0678 2.64834 2.48543 2.00731 1.97622 1.81397 1.6972 1.60117 1.57658 1.52748 1.51863 1.5032 1.49537 2.1117 1.44859 1.3933 1.69472 1.24989 1.23547 1.21915 1.12875 1.04332 1.03008 0.936775 0.89448 0.892965 0.691267 0.331087
threshold=2.1250000000000004 170.62500000000003 70.250000000000014 66.500000000000014 0.75000000000000011 1.096323031806903 8.3125000000000018 82.250000000000014 3.7500000000000004 84.750000000000014 0.62500000000000011 0.75000000000000011 101.87500000000003 3.7500000000000004 0.43733377705052551 111.87500000000003 0.16783216783216778 13.500000000000002 0.85449735449735453 3.5000000000000004 2.3120263511904384 2.7500000000000004 0.31250000000000006 -1.0000000180025095e-35 0.74119186184500963 1.0724075690019963 1.2794372481516454 1.0000000180025095e-35 25.500000000000004 -0.93221979677088018 1.6243469679587317 -0.74999999999999989 697.50000000000011 0.52766072109828632 1.5639534883720965 1.2445862636835017 0.79860139860139878 7.5000000000000009 1.2017948598186143 712.50000000000011 1.3135095209564973 0.87500000000000011 82.750000000000014 2.2500000000000004 0.095702709905488362 -0.41398024697495356 657.50000000000011 36.500000000000007
decision_type=2 2 2 2 2 2 2 2 2 2 2 2 2 2 2 2 2 2 2 2 2 2 2 2 2 2 2 2 2 2 2 2 2 2 2 2 2 2 2 2 2 2 2 2 2 2 2 2
left_child=1 2 -1 5 9 25 12 8 13 10 28 -9 42 -2 27 17 -11 -8 29 -20 21 22 -14 40 -25 44 45 -7 34 -19 -22 -28 33 -31 -4 36 -17 -16 -15 -24 -12 47 -6 -44 -3 -18 -23 -33
right_child=7 3 4 -5 6 14 15 11 -10 16 23 -13 20 38 37 35 26 18 19 -21 30 46 39 24 -26 -27 31 -29 -30 32 -32 41 -34 -35 -36 -37 -38 -39 -40 -41 -42 -43 43 -45 -46 -47 -48 -49
leaf_value=0.070928208988267141 -0.023125912495763058 0.0085450683603875179 0.0015712135978795255 -0.012872106710970839 0.0029841009886091454 0.044524830001938569 -0.0020281402181908325 -0.024796764934082567 -0.0032382685800731561 0.0021090282652621306 -0.024360702020617749 0.0065804985002489158 -0.0026531093243842398 -0.024278636984063004 0.04599084906478243 -0.0081860536658312118 -6.0044811734583098e-05 0.0031879995020564936 0.0016768092918639844 -0.0025404201485384917 0.0021068398778807704 0.027230898317192831 0.0019783587721496801 -0.028529179612273105 -0.010765355216608338 0.034834796032792568 0.0018075692953781197 0.026669919433214142 0.0030741835952402263 0.00062257055027266643 0.041869055729617466 -0.0023315036259493826 -0.00032669942770144903 0.032438300506513876 -0.026745133100261206 0.00012415116961036199 -0.00034256085759520329 0.069591382004167909 -0.023530109541364832 -0.00082771251793980485 -0.026681976042344426 -0.00034945176678256032 0.0020113561555729909 0.042930425217889701 -0.010368163486128646 0.001487546088812286 0.039905616950675897 -0.0014390769274583938
leaf_weight=100 140 132 92 136 100 123 85 92 88 132 80 87 91 97 130 112 128 95 91 102 114 89 121 117 80 107 104 153 81 108 84 81 129 89 156 86 86 100 107 101 80 150 120 84 81 105 84 82
leaf_count=100 140 132 92 136 100 123 85 92 88 132 80 87 91 97 130 112 128 95 91 102 114 89 121 117 80 107 104 153 81 108 84 81 129 89 156 86 86 100 107 101 80 150 120 84 81 105 84 82
internal_value=0 0.00220458 0.000543785 0.00830737 3.63372e-05 0.0103386 0.00209178 -0.00927288 -0.0124711 -0.00272294 -0.00567686 -0.00152778 0.00490394 -0.0155072 0.0139053 -0.000736789 -0.000127714 0.000892857 0.00195122 -0.00270619 0.0029927 0.00123203 -0.00151274 -0.0101257 -0.00669192 0.0046729 -0.00138249 0.0104693 -0.000833333 0.00408768 0.00728643 -0.00328947 0.00244648 0.00517677 -0.00281124 -0.00473684 -0.00703518 0.0179654 -0.0195122 0.00134529 -0.0142857 -0.00501592 0.00918033 0.0112195 0.00198598 0.00202991 0.00617816 -0.00777439
internal_weight=0 4501 3539 962 3439 826 1971 611 432 1468 686 179 988 344 506 983 782 699 614 193 684 486 313 357 197 320 650 276 329 421 198 417 326 197 248 284 198 230 204 222 160 313 304 204 213 233 173 163
internal_count=5112 4501 3539 962 3439 826 1971 611 432 1468 686 179 988 344 506 983 782 699 614 193 684 486 313 357 197 320 650 276 329 421 198 417 326 197 248 284 198 230 204 222 160 313 304 204 213 233 173 163
is_linear=0
shrinkage=0.05


Tree=17
num_leaves=46
num_cat=0
split_feature=4 50 10 50 4 10 11 50 31 40 10 48 3 40 50 19 2 29 21 2 0 31 50 20 45 27 0 30 10 19 19 30 17 50 2 30 36 10 31 48 3 29 29 27 33
split_gain=22.1884 20.8971 15.4842 6.61251 6.88426 5.72578 4.93477 4.68093 3.37093 2.9969 4.10635 2.65963 2.63263 2.85519 2.23925 3.3283 2.47788 2.80737 2.25182 2.02577 2.57684 2.3346 1.9723 1.89339 1.83651 2.37725 1.99429 1.82071 1.77175 1.76526 2.28943 1.76118 1.69034 1.65725 1.63662 1.93835 1.65887 2.70839 2.09596 1.4713 1.31362 1.20237 1.1926 1.18467 1.17284
threshold=3.2500000000000004 1.4744761099030941 1.5238585621733911 -0.14479419918521327 0.62500000000000011 1.7795727712383946 1.188492063492067 0.67434145468467233 5.5000000000000009 14.500000000000002 1.5544390785095004 -0.84396496837171731 42.500000000000007 23.500000000000004 3.3280458421011123 1.3996336996336998 712.50000000000011 8.9375000000000018 1.0266694963214393 742.50000000000011 84.750000000000014 6.5000000000000009 3.4323074102086228 1.3568419815478641 0.95752911693909493 84.656250000000014 88.750000000000014 129.37500000000003 1.0686314721265771 1.5296890875838247 0.90422913266940175 119.37500000000001 0.98936170212765961 3.7481786663148573 662.50000000000011 166.87500000000003 4.5000000000000009 1.1558921810695284 6.5000000000000009 -0.16734241459810498 92.500000000000014 6.8125000000000009 8.5625000000000018 76.687500000000014 0.54164999999999719
decision_type=2 2 2 2 2 2 2 2 2 2 2 2 2 2 2 2 2 2 2 2 2 2 2 2 2 2 2 2 2 2 2 2 2 2 2 2 2 2 2 2 2 2 2 2 2
left_child=1 3 11 4 19 24 22 -2 -9 10 43 -3 13 -7 16 -16 18 -18 28 20 23 -22 27 -1 25 29 -27 -4 40 30 -5 -17 -11 41 -31 36 42 -38 -39 -32 -13 -8 -36 -6 -28
right_child=7 2 6 5 9 12 33 8 -10 32 -12 14 -14 -15 15 31 17 -19 -20 -21 21 -23 -24 -25 -26 26 44 -29 -30 34 39 -33 -34 -35 35 -37 37 38 -40 -41 -42 -43 -44 -45 -46
leaf_value=-0.027503498715296028 -0.021137583624505813 -0.0045606286253347065 0.039925059437707217 0.00015723439380121163 -0.023663897922560809 0.02873436731822139 0.0041882813622683979 -0.025435557965685945 -0.025422803309910171 -0.021426810013205778 -0.021967360283003976 0.0031946438520312316 -0.00034089793220685175 0.00083732249645823709 0.050678490038618629 -0.010478069027320647 0.00070376837386841031 -0.0024563673674475152 0.017150767983404116 -0.02625621168275279 0.00040979325961763293 0.0035927056196491283 0.079418651966284656 0.0037429850652270003 0.0016162440986505879 0.0016599738466020475 -0.00016156521943059277 0.054616911937029777 -0.00045070546946470173 0.0030598561972193213 -0.0010249642638624269 0.040729505190169747 -0.030493681897971116 0.068794570593598378 -0.001354352004506404 0.0050953064205615742 0.0029353454768420331 -0.0062300536541725904 0.0014764454310780663 -0.029649703779680264 8.2775831595827132e-05 0.030574943532679956 -0.032132862009025945 -0.0243878797197092 0.00051453563202968628
leaf_weight=93 124 121 93 128 86 149 115 99 118 148 121 108 97 132 139 98 108 94 111 87 90 89 150 115 100 93 120 121 152 88 107 107 107 80 96 115 81 92 82 133 97 142 100 104 124
leaf_count=93 124 121 93 128 86 149 115 99 118 148 121 108 97 132 139 98 108 94 111 87 90 89 150 115 100 93 120 121 152 88 107 107 107 80 96 115 81 92 82 133 97 142 100 104 124
internal_value=0 0.00171298 0.00587915 -0.000946838 -0.00413064 0.00085691 0.0117165 -0.0114766 -0.00699541 -0.00784832 -0.0111378 0.00226673 0.00633245 0.0087766 0.00310345 0.00637681 0.0014158 -0.00320197 0.00341151 0.000315789 0.00186856 0.00625 0.0157534 -0.00191388 -0.000565068 -0.00104779 0.00258876 0.0125581 0.00146648 -0.00224829 -0.00501355 0.00230583 -0.00380859 0.00732249 -0.000687023 -0.00167549 -0.00315265 -0.000488281 -0.004 -0.00788382 0.00449029 0.00532946 -0.00659898 -0.0157068 0.000204082
internal_weight=0 4713 1836 2877 1040 1837 701 341 217 566 311 1135 378 281 1014 344 670 202 468 474 387 179 364 208 1459 1359 337 214 357 1022 368 205 255 337 654 566 451 255 174 240 205 257 196 190 244
internal_count=5054 4713 1836 2877 1040 1837 701 341 217 566 311 1135 378 281 1014 344 670 202 468 474 387 179 364 208 1459 1359 337 214 357 1022 368 205 255 337 654 566 451 255 174 240 205 257 196 190 244
is_linear=0
shrinkage=0.05


Tree=18
num_leaves=48
num_cat=0
split_feature=50 8 8 36 40 42 50 47 30 12 8 0 8 47 2 8 27 49 45 20 10 15 36 41 8 35 30 42 49 25 7 16 2 30 0 47 20 13 45 20 50 8 8 49 30 20 50
split_gain=18.5821 16.7982 9.20393 6.48757 5.49098 5.45495 5.14327 4.87915 4.87444 3.71651 3.22334 3.03214 2.97763 3.34716 3.20507 2.74086 2.73586 2.48422 2.46756 2.35778 2.54327 2.12313 2.08456 1.997 1.85364 3.28309 2.77574 2.3743 2.07598 1.71766 1.69273 1.68523 1.64628 2.52089 1.5334 1.39392 1.38546 1.33441 1.81726 1.21733 1.21013 1.19808 1.37414 1.04317 0.986257 0.658669 0.428071
threshold=0.83974494261531885 1.6283299084901619 -0.2113043478260869 64.500000000000014 1.0000000180025095e-35 -2.2499999999999996 3.1608816403877218 10.500000000000002 170.62500000000003 1.5357142857142849 -0.58956521739130419 81.750000000000014 2.7313043478260872 3.5000000000000004 732.50000000000011 1.6408695652173915 75.937500000000014 90.17061478346875 0.12545942051955489 -1.5984962406015033 1.320978438427026 56.500000000000007 32.500000000000007 1.5000000000000002 0.37304347826086975 21.250000000000004 108.12500000000001 1.7500000000000002 86.852105981890091 1.0000000180025095e-35 1.573426573426574 6.2500000000000009 682.50000000000011 131.87500000000003 78.750000000000014 9.5000000000000018 1.5942009210301895 22.500000000000004 -0.49813634056773481 0.7255405884438143 1.7434341402204938 1.1378656126482216 0.91565217391304365 89.638406236595088 90.625000000000014 1.6776360894007956 4.0506355665618949
decision_type=2 2 2 2 2 2 2 2 2 2 2 2 2 2 2 2 2 2 2 2 2 2 2 2 2 2 2 2 2 2 2 2 2 2 2 2 2 2 2 2 2 2 2 2 2 2 2
left_child=2 3 11 6 21 -4 10 12 17 -9 -2 -1 13 15 19 32 -8 40 -10 -15 37 -3 30 36 26 27 44 35 34 -11 -16 -18 -7 -34 -29 41 -22 -21 -39 -31 -6 42 -26 -30 -12 -25 -33
right_child=1 4 5 -5 8 7 16 9 18 29 24 -13 -14 14 22 -17 31 -19 -20 20 23 -23 -24 45 25 -27 -28 28 43 39 -32 46 33 -35 -36 -37 -38 38 -40 -41 -42 -43 -44 -45 -46 -47 -48
leaf_value=-0.020824870527940718 -0.023943387386805671 0.067959288347132732 -0.024583952889637075 -0.025354406730048254 0.00051348175391595645 -0.00014194976234724877 0.0048417007259171198 0.0019223200643467553 0.026375266701860148 -0.012432536417671025 0.001634603071303048 -0.020845724510379207 0.021696321267969755 -0.025083252836537114 -0.0028243007587085592 0.0020495679985252204 0.028504313960216656 -0.0025621379795010336 0.084003929531620655 0.0020706140381210355 0.00020034992021195075 0.039121916304512443 0.00082534703984463165 0.00060671701693740254 0.00031098114176469904 0.030821327586004928 -4.0058892519112546e-05 -0.00045316719679664997 0.0019420685734436922 -0.022573439934001134 -0.028099259789935244 0.019224265036948209 -0.027312744885757037 -0.0039285024000457192 -0.0068386717437998179 -0.001388597004833958 -0.0016149817712666993 -0.00020645661305347953 0.0017056508239465806 -0.023026344530333798 0.03305583527311462 -0.00010441314377725442 0.0018838817984577483 -0.0014359656427492707 0.0087661591503015706 0.0031096975722741645 0.058037579414097262
leaf_weight=120 140 134 103 135 88 81 142 105 83 83 86 81 91 83 82 110 139 80 87 132 103 110 129 109 157 136 154 82 80 99 100 91 143 89 132 85 83 84 110 112 152 130 81 80 80 80 93
leaf_count=120 140 134 103 135 88 81 142 105 83 83 86 81 91 83 82 110 139 80 87 132 103 110 129 109 157 136 154 82 80 99 100 91 143 89 132 85 83 84 110 112 152 130 81 80 80 80 93
internal_value=0 0.00352611 -0.0025508 0.00117342 0.01 -0.00157434 0.00193224 -0.00099552 0.00692464 -0.0059375 0.000438904 -0.0127475 0.000232919 -0.000296248 0.00116332 -0.0040684 0.00649142 0.00327103 0.0137427 0.00286624 0.00381054 0.0161224 -0.003125 0.00099734 0.00122664 0.000129668 0.00451713 -0.00105676 -0.004 -0.00881356 -0.00655738 0.00902778 -0.00644904 -0.00858369 -0.0072093 0.00137665 -0.0026738 0.00703364 0.00435897 -0.0112028 0.00580913 0.00271003 0.00481172 0.000310559 0.00898204 0.00460526 0.0121622
internal_weight=0 2757 2312 2023 734 2111 1888 2008 490 399 1423 201 1609 1518 1095 423 465 320 170 784 701 244 311 375 1283 963 320 827 374 294 182 323 313 232 214 453 186 326 194 211 240 368 238 160 166 189 184
internal_count=5069 2757 2312 2023 734 2111 1888 2008 490 399 1423 201 1609 1518 1095 423 465 320 170 784 701 244 311 375 1283 963 320 827 374 294 182 323 313 232 214 453 186 326 194 211 240 368 238 160 166 189 184
is_linear=0
shrinkage=0.05


Tree=19
num_leaves=48
num_cat=0
split_feature=4 50 30 8 50 37 46 29 8 42 46 1 8 35 2 49 40 50 30 29 18 29 29 47 42 17 10 33 30 43 19 28 50 43 36 50 9 29 13 10 36 21 46 44 3 46 30
split_gain=27.2174 17.2629 11.5488 8.45593 7.23776 5.48394 5.3679 10.1775 8.19248 5.74715 4.65709 3.93736 3.5098 3.92094 3.3171 3.23331 2.46791 2.42432 2.3357 2.05999 1.8282 2.15366 2.87375 1.80527 1.78912 1.75604 1.95007 1.7542 1.66234 1.52591 1.72298 1.51164 1.4758 1.4719 1.45611 1.39322 1.38565 1.36895 1.21024 1.1753 1.26119 1.26602 1.17127 1.14638 1.12723 1.07564 0.918854
threshold=2.1250000000000004 3.2732456319860437 173.12500000000003 1.1285832689471098 0.35539443979473623 55.500000000000007 0.19969739736768838 6.0625000000000009 1.9486956521739132 -1.0000000180025095e-35 0.69521084835931835 74.500000000000014 0.90325239977413907 16.250000000000004 677.50000000000011 89.884164981416191 35.500000000000007 1.4995650847104474 67.812500000000014 7.5625000000000009 132.50000000000003 10.687500000000002 6.5312500000000009 6.5000000000000009 1.7500000000000002 0.72111111111111115 0.98682476561774546 0.54164999999999719 78.125000000000014 0.75000000000000011 1.8040284040284043 70.812500000000014 1.2603849094601716 0.75000000000000011 30.500000000000004 2.616342741730961 0.7523853220844654 8.3125000000000018 23.500000000000004 1.1979518584481312 38.500000000000007 -0.28526878526878358 0.42763731121559989 11.250000000000002 157.50000000000003 0.82293497932636273 203.12500000000003
decision_type=2 2 2 2 2 2 2 2 2 2 2 2 2 2 2 2 2 2 2 2 2 2 2 2 2 2 2 2 2 2 2 2 2 2 2 2 2 2 2 2 2 2 2 2 2 2 2
left_child=1 2 6 27 42 16 12 33 9 28 17 -12 13 25 24 20 -6 34 -16 -13 21 22 -14 43 45 31 -27 -3 -9 -20 -31 -1 36 -8 -4 -7 -28 -22 -24 -17 41 -41 -2 -5 -29 -11 -36
right_child=4 3 10 23 5 35 7 8 -10 14 11 19 15 -15 18 39 -18 -19 29 -21 37 -23 38 -25 -26 26 32 44 -30 30 -32 -33 -34 -35 46 -37 -38 -39 -40 40 -42 -43 -44 -45 -46 -47 -48
leaf_value=0.0021800280423232843 -0.021428015515377253 0.059913557366998361 0.025948046853436685 0.066057326419037193 -0.024204947973572685 -0.022543892444800429 0.0033649616179599108 -0.022443020255648503 0.018858197725075066 0.0045433896900819171 0.03075590363214923 0.0016098335303552258 -0.0040440487862201226 -0.0022861501325713964 0.00061547124536932569 -0.00097210400866525883 0.0090402149372109421 0.045231130629393726 -0.026852468314181366 -0.026856823645665856 0.004959368598256359 -0.0079505636677200068 -3.543167710765294e-05 0.048184694873658999 -0.0025870701203589141 0.0050825432569761358 0.0023992334647401498 0.016095800306705495 -0.02290589914851698 -0.032312749865847888 -0.0033516824982906704 -0.00028859188615899535 5.803259592245536e-05 0.01362819041925133 -9.6201609105561747e-05 -0.025313231090946256 0.00058143327736331072 0.00095055145750178602 0.0018186669777741416 -0.00049171507746037513 -0.0029362295477293413 0.0007905393435817615 -0.01922417184454402 0.10394122696662307 -0.0097468379977542763 -0.0013988321369609591 0.021019887171142105
leaf_weight=84 105 131 150 86 101 94 112 93 155 88 83 83 80 112 85 80 102 141 139 82 101 136 88 129 91 93 90 96 121 121 110 114 92 110 82 89 82 141 156 122 102 142 101 106 116 80 83
leaf_count=84 105 131 150 86 101 94 112 93 155 88 83 83 80 112 85 80 102 141 139 82 101 136 88 129 91 93 90 96 121 121 110 114 92 110 82 89 82 141 156 122 102 142 101 106 116 80 83
internal_value=0 0.00203832 0.000745098 0.00947368 -0.00935919 -0.00529716 -0.000560718 -0.00300536 -0.00500461 -0.00678149 0.00652482 0.00100402 0.00119769 0.00407934 -0.00461538 -0.000478677 0.000367647 0.0095186 -0.00718202 -0.00346386 0.00163585 -0.00021692 0.002 0.015295 -9.61538e-05 0.00580036 0.00789106 0.00399709 -0.0139535 -0.00889488 -0.00635776 0.00201005 0.00566038 0.00672646 0.00704114 -0.0115489 0.0083815 0.00514403 0.00469388 -0.00380313 -0.00258856 -0.000754717 -0.0169082 0.0183938 0.00117371 0.00295858 0.00376506
internal_weight=0 4488 3824 664 592 386 3120 1305 1083 928 704 248 1815 667 714 1148 203 456 455 165 702 460 324 321 259 555 357 343 214 370 231 198 264 222 315 183 172 242 244 446 366 264 206 192 212 168 165
internal_count=5080 4488 3824 664 592 386 3120 1305 1083 928 704 248 1815 667 714 1148 203 456 455 165 702 460 324 321 259 555 357 343 214 370 231 198 264 222 315 183 172 242 244 446 366 264 206 192 212 168 165
is_linear=0
shrinkage=0.05


Tree=20
num_leaves=47
num_cat=0
split_feature=4 50 43 10 8 46 50 8 37 28 16 46 2 46 19 34 19 2 19 19 10 29 37 17 48 28 40 46 7 45 29 9 9 50 2 16 50 28 48 28 6 13 17 45 50 6
split_gain=25.9126 18.479 9.71173 7.66523 7.53255 6.41849 6.27434 6.22027 4.68979 3.89213 3.1507 2.99615 2.66049 2.44854 2.51435 2.49932 2.4297 2.27181 2.11507 2.90066 2.05072 1.98468 1.93722 1.92991 1.88229 2.83624 1.88419 2.54954 1.85158 1.53448 1.36989 1.3496 1.93229 1.66279 1.30818 1.2747 1.26249 1.27181 1.22841 1.22232 1.20176 1.03013 0.974134 0.862314 0.833525 0.743323
threshold=3.2500000000000004 3.2732456319860437 -0.34999999999999992 1.5116573282773487 1.7191304347826091 0.19969739736768838 1.0351507788569381 0.79514589782572864 62.500000000000007 56.312500000000007 15.500000000000002 0.28313308994381592 727.50000000000011 0.69521084835931835 1.5192076183001777 0.31250000000000006 0.63043146112199822 687.50000000000011 3.4309597523219817 2.4900605171465258 1.7488971372542166 7.1875000000000009 5.5000000000000009 0.91287878787878796 -0.27341243386648212 66.781250000000014 56.500000000000007 0.41202506375868281 1.4055944055944061 0.022575936829235418 7.4285750000000013 0.54364664110870786 0.70355339059327393 0.96737006127067116 592.50000000000011 11.250000000000002 0.47156271128206845 72.187500000000014 -0.20454104299082257 72.562500000000014 -1.1999999999999993 20.500000000000004 1.1695402298850577 -0.26037633224328088 1.5397667691962342 1.7394957983193284
decision_type=2 2 2 2 2 2 2 2 2 2 2 2 2 2 2 2 2 2 2 2 2 2 2 2 2 2 2 2 2 2 2 2 2 2 2 2 2 2 2 2 2 2 2 2 2 2
left_child=1 2 5 10 11 12 -2 43 -8 45 16 34 40 14 28 -16 38 24 19 22 -9 -13 -19 -17 25 -18 27 44 -11 -27 -22 -24 33 -33 -3 -6 -34 -38 -4 42 -1 -14 -25 -7 -26 -5
right_child=6 4 3 9 35 7 8 20 -10 13 -12 21 41 -15 15 23 17 18 -20 -21 30 -23 31 39 26 29 -28 -29 -30 -31 -32 32 36 -35 -36 -37 37 -39 -40 -41 -42 -43 -44 -45 -46 -47
leaf_value=-0.0091399101093310731 -0.018632075595140855 0.069883682052919213 -0.00029381123170720285 0.03253663900391774 0.061308880753260624 -0.021009825405690991 0.0054974266321808248 -0.021174041983575018 -0.022194099606463642 -0.0032131208061808025 -0.010267163266835378 0.010581476842049532 0.00015303905065751635 -0.005710627475485619 9.8047515126206697e-05 0.034844892207696966 -0.0024577166143409657 -0.021035472590450844 -0.02120334787084812 0.0026085093393746319 0.0060918278228890566 -0.014643451256998841 0.001348614439559917 0.01168525365228883 0.0026985957115678084 0.0043470560601148985 -0.00014033419402714742 0.0012823830439717355 0.0018331151315436002 -0.00083284212849898953 -0.014405232073050278 -8.5357769400817854e-05 -0.001135822140370335 -0.0024786503964176923 0.045815745890746024 0.098927558857671849 0.0016940555288680161 -3.1812789507046361e-05 -0.0021979716952256535 0.00049242228885127976 0.0023279133801421769 -0.030640662364674276 0.036932491893092459 -0.019941667635016397 0.013880621528558623 0.040503740315601312
leaf_weight=89 151 125 110 104 95 101 112 141 90 118 115 85 81 133 118 99 83 131 99 128 82 105 132 139 80 104 87 143 127 81 80 111 126 101 151 115 110 106 81 83 159 112 90 80 80 91
leaf_count=89 151 125 110 104 95 101 112 141 90 118 115 85 81 133 118 99 83 131 99 128 82 105 132 139 80 104 87 143 127 81 80 111 126 101 151 115 110 106 81 83 159 112 90 80 80 91
internal_value=0 0.00180921 0.000526511 0.00186435 0.00945347 -0.00396868 -0.0122175 -0.00793814 -0.00640394 0.00521306 2.4888e-05 0.00588865 0.000395928 0.00382709 0.00490323 0.00683962 0.000514784 0.00111568 -0.000334928 0.000396406 -0.00353618 0.00104712 -0.000702934 0.00867718 0.00341426 0.000185874 0.0056266 0.00748355 0.000711382 0.00362903 0.000306748 0.000363901 -0.000720721 -0.00446009 0.00920578 0.0172986 0.0016035 0.00391705 -0.00481771 0.00670927 0.00381526 -0.00399485 0.00858696 -0.0152473 0.0118012 0.0116071
internal_weight=0 4711 4035 3110 676 925 353 484 202 1102 2008 466 441 907 774 529 1893 1702 1044 945 303 190 817 411 658 268 390 303 245 185 162 686 554 212 276 210 342 216 191 312 248 193 229 181 160 195
internal_count=5064 4711 4035 3110 676 925 353 484 202 1102 2008 466 441 907 774 529 1893 1702 1044 945 303 190 817 411 658 268 390 303 245 185 162 686 554 212 276 210 342 216 191 312 248 193 229 181 160 195
is_linear=0
shrinkage=0.05


Tree=21
num_leaves=49
num_cat=0
split_feature=42 28 46 29 8 30 12 0 50 7 45 8 0 50 50 11 6 39 21 2 49 9 50 49 6 8 28 0 50 21 8 19 28 15 36 42 50 49 45 46 47 6 29 8 50 0 48 23
split_gain=18.9062 11.9224 8.89129 5.97586 5.91621 6.33863 5.47043 4.93289 4.89795 4.88914 4.85043 4.76456 3.82563 3.69393 3.24954 3.24381 3.23741 3.1235 3.09956 3.98445 2.78834 2.99772 3.6367 2.72934 2.32483 2.10701 2.01633 1.9686 2.43417 1.93766 1.84498 2.0166 1.95725 1.90405 1.76523 1.74589 1.67982 1.518 1.50452 1.50427 1.4324 1.30399 1.28041 1.22499 1.1091 1.61106 0.927814 0.81632
threshold=-1.2499999999999998 53.062500000000007 0.28313308994381592 6.1666750000000006 -2.2965886287625414 194.37500000000003 1.5357142857142849 80.250000000000014 4.6465747256124539 1.4895104895104898 -0.30163705152652742 1.0565217391304349 82.750000000000014 1.4459476096855897 1.4320139195430104 1.5639534883720965 0.34285714285714314 4.5000000000000009 -0.053162992060940432 682.50000000000011 89.531347163560469 0.72019365235355937 1.0980894131579293 88.148340731338138 0.34285714285714275 1.3173913043478263 72.062500000000014 80.750000000000014 0.80658779509496992 1.1941563769150039 1.3257665903890163 1.2624089868941131 74.187500000000014 79.250000000000014 9.5000000000000018 3.2500000000000004 1.8716935911844177 88.632696492189538 0.022575936829235418 0.67007489853957602 2.5000000000000004 0.68571428571428628 5.6562500000000009 0.78521739130434787 1.2340371225544831 90.250000000000014 -0.23369306784492064 72.250000000000014
decision_type=2 2 2 2 2 2 2 2 2 2 2 2 2 2 2 2 2 2 2 2 2 2 2 2 2 2 2 2 2 2 2 2 2 2 2 2 2 2 2 2 2 2 2 2 2 2 2 2
left_child=7 9 4 24 -3 8 12 -1 17 47 -9 -7 16 18 -13 -10 -5 20 39 -20 21 22 25 34 -4 41 27 -23 46 -21 31 -22 33 -33 -24 43 -30 -28 -26 -8 -11 -6 -32 -15 45 -44 -29 -2
right_child=1 2 3 6 5 11 13 10 15 40 -12 14 -14 35 -16 -17 -18 -19 19 29 30 26 23 -25 38 -27 37 28 36 -31 42 32 -34 -35 -36 -37 -38 -39 -40 -41 -42 -43 44 -45 -46 -47 -48 -49
leaf_value=-0.017119653638921286 0.025275870322463558 -0.019566053431644744 -0.0031567521890288777 -0.0034293364250654714 0.0016280271610439713 -0.0048337180832173478 -0.022140982760641276 -0.023486793158757031 0.037149693925105733 0.055235327276205316 0.0013115180585468124 0.025628827329961169 -0.0263980641777267 0.0015943822742710669 0.064750248110009068 0.10414916250849969 0.014011867683106739 -0.019974034140745389 0.0039663229625804706 -0.024400006961873139 0.0013941342941190149 -0.00067916616734942092 0.0016547882003712601 0.030266547187401505 0.0030519837119050682 0.0014406575016563006 -0.0033457912031198303 0.0015014207117767465 0.0042381754351920988 -0.014241079862263972 0.0012178996224177703 0.0012393128455782804 -0.0015214627654744129 -0.00023377705199241207 -0.0018447024018290127 -0.019675316810069961 0.017966486192722932 0.00091977447741506402 0.032017943427374428 -0.023291611884452137 0.031984040953005742 0.0025834707199374144 -0.0031145159954835857 -0.0028392592652428383 -0.00035861455580321611 -0.0002965872742851983 -0.0018119633565810923 -0.0011481605324836998
leaf_weight=139 80 104 125 108 130 82 90 103 81 118 141 105 94 117 125 82 130 87 107 146 147 133 135 91 112 90 96 80 86 87 84 158 97 104 103 100 88 81 81 115 118 86 88 92 100 83 89 81
leaf_count=139 80 104 125 108 130 82 90 103 81 118 141 105 94 117 125 82 130 87 107 146 147 133 135 91 112 90 96 80 86 87 84 158 97 104 103 100 88 81 81 115 118 86 88 92 100 83 89 81
internal_value=0 0.00170659 0.000943287 -0.00215947 0.00260121 0.00305125 -0.00379107 -0.00983073 0.00217708 0.00998744 -0.0055102 0.00974441 0.00165165 -0.00590643 0.0134199 0.0105183 0.00502092 0.0015646 -0.00837912 -0.00542522 0.00194186 0.0034135 0.00585692 0.00219697 0.0039185 0.00977199 0.00103211 0.00272537 0.00472384 -0.0090812 -0.000261021 0.00167653 -0.000347222 0.00190114 -0.000627615 -0.00153226 0.00885714 -0.00351124 0.00734536 -0.0132282 0.014557 0.0124424 -0.00301966 0.00107143 -0.0046875 -0.00712209 0.000441176 0.00324074
internal_weight=0 4716 4319 1504 2815 2711 1186 383 2399 397 244 312 332 854 230 163 238 2236 545 340 2149 1288 635 329 318 306 653 476 343 233 861 506 359 262 238 309 174 177 193 205 236 216 355 209 271 171 169 161
internal_count=5099 4716 4319 1504 2815 2711 1186 383 2399 397 244 312 332 854 230 163 238 2236 545 340 2149 1288 635 329 318 306 653 476 343 233 861 506 359 262 238 309 174 177 193 205 236 216 355 209 271 171 169 161
is_linear=0
shrinkage=0.05


Tree=22
num_leaves=48
num_cat=0
split_feature=4 0 30 42 50 50 40 36 31 30 8 0 42 10 2 35 45 14 8 10 29 14 40 48 45 45 36 28 30 0 8 45 33 48 48 10 10 30 6 7 14 40 29 10 37 17 49
split_gain=25.2316 13.9037 10.9063 8.08348 5.7631 4.43652 4.37945 4.3474 4.20921 4.03687 4.02803 3.87314 3.36646 5.21739 3.32663 2.86303 2.63095 2.46763 2.03698 1.97906 1.90915 2.14926 1.88719 1.86703 2.32041 1.83422 1.97851 1.64005 1.61382 1.59971 1.91747 1.52059 1.72464 1.62811 1.41072 1.30061 1.29468 1.27971 1.94451 1.19229 1.06612 1.2294 1.05653 1.05538 0.98827 0.953204 0.833455
threshold=2.7500000000000004 71.625000000000014 184.37500000000003 -1.0000000180025095e-35 2.0509683534521348 4.5152054901559575 14.500000000000002 57.500000000000007 5.5000000000000009 102.81250000000001 0.79514589782572864 81.750000000000014 1.0000000180025095e-35 1.5951072541767612 712.50000000000011 41.250000000000007 -0.52032787705993211 4.5000000000000009 0.32608695652173919 1.4978845523509778 7.6875000000000009 1.5000000000000002 5.5000000000000009 -0.66384072994893539 0.35846314187849709 0.51297097409535064 9.5000000000000018 73.062500000000014 226.87500000000003 84.250000000000014 1.6408695652173915 -0.66528616069191593 0.54164999999999719 -0.23369306784492064 -0.13616175977095604 1.3080648894029836 1.5364651941646761 73.125000000000014 1.5428571428571434 2.0769230769230775 6.5000000000000009 15.500000000000002 7.6875000000000009 1.320978438427026 36.500000000000007 0.77171215880893318 82.464469179266032
decision_type=2 2 2 2 2 2 2 2 2 2 2 2 2 2 2 2 2 2 2 2 2 2 2 2 2 2 2 2 2 2 2 2 2 2 2 2 2 2 2 2 2 2 2 2 2 2 2
left_child=1 14 3 6 11 9 10 12 -6 18 -3 44 42 43 -1 22 -8 -7 34 -18 21 -20 23 -11 -25 29 -27 37 -16 -24 31 32 -31 -33 -5 -28 -12 38 -22 -15 41 45 -4 -14 -2 -39 -26
right_child=4 2 7 5 8 17 16 -9 -10 15 36 -13 13 39 28 -17 19 -19 20 -21 27 -23 25 24 46 26 35 -29 -30 30 -32 33 -34 -35 -36 -37 -38 40 -40 -41 -42 -43 -44 -45 -46 -47 -48
leaf_value=0.018506508044779182 -0.017102437374025774 -0.019345033206002001 0.0065001588607818466 0.0014034269899943109 -0.018866736040344521 0.03969816274320568 -0.028329945862588014 -0.011468883837122724 0.0092314430362545521 0.00028455088922936799 -0.020531289425271215 -0.01887189333707831 0.032619883019039099 0.040728256073830182 0.0503675089267617 0.011456450140109009 0.003714141886529021 0.077878792896210275 0.016310261786704229 -0.0038071445648240722 -0.009398383849312986 0.0002164082040960136 -0.024852946175163454 -0.028311707581796776 -0.00042479500104655732 0.0025286085014411767 -0.0041134608624554649 0.0014892975175636591 0.035584134850484263 -0.001345395996282961 -0.0021433876447406021 0.0025346793580119128 0.00016297885421093783 -0.00010251997429562288 0.0059572376942237278 0.0037680068144514468 -0.0018945286270691366 0.0031562501114248357 0.00076922411957863204 0.056840970215463374 0.0014709209507379113 -0.00072340742612263535 -0.0081633051249763063 0.0032356535629559091 -0.01841547567612601 -0.00060236152758885166 -0.0066543083372907156
leaf_weight=95 87 125 97 130 89 123 148 93 86 97 110 105 102 152 111 110 110 83 115 92 127 155 137 81 98 94 87 111 83 84 134 130 94 139 131 83 133 81 84 82 92 114 82 87 110 88 82
leaf_count=95 87 125 97 130 89 123 148 93 86 97 110 105 102 152 111 110 110 83 115 92 127 155 137 81 98 94 87 111 83 84 134 130 94 139 131 83 133 81 84 82 92 114 82 87 110 88 82
internal_value=0 0.00155875 0.000843416 -0.000263669 -0.0105126 0.000918544 -0.00500695 0.00657328 -0.00326705 0.000373274 -0.00880759 -0.0146865 0.00812604 0.0105542 0.0121552 -0.00141282 -0.000997151 0.00797101 0.00248169 0.00270936 0.00142045 0.00498155 -0.00205071 -0.0051532 -0.00734733 -0.000915565 0.00264151 3.58166e-05 0.0158974 -0.00222531 -0.00107388 0.000502232 -0.00307263 0.00287037 0.00639313 -0.000584795 -0.00502049 -0.00102215 -0.00412736 0.0155319 0.000731383 -0.000792254 0.00236111 0.00434211 -0.0188131 0.00191176 -0.00414365
internal_weight=0 4586 4297 3602 477 2884 718 695 175 2678 368 302 602 423 289 1450 350 206 1228 202 967 270 1340 358 261 982 264 697 194 718 581 447 178 269 261 170 243 586 211 234 375 283 179 189 197 169 180
internal_count=5063 4586 4297 3602 477 2884 718 695 175 2678 368 302 602 423 289 1450 350 206 1228 202 967 270 1340 358 261 982 264 697 194 718 581 447 178 269 261 170 243 586 211 234 375 283 179 189 197 169 180
is_linear=0
shrinkage=0.05


Tree=23
num_leaves=48
num_cat=0
split_feature=20 50 20 46 36 46 29 50 50 19 30 19 11 50 30 14 37 2 28 21 28 33 47 41 20 17 17 3 42 2 50 27 40 48 41 30 9 9 28 31 13 40 29 50 12 36 36
split_gain=13.9284 11.0899 7.23516 6.56794 7.81022 6.26367 9.51047 8.2293 5.85403 5.86784 5.39006 3.81239 3.48 2.99066 4.26819 2.67219 2.63235 2.62803 2.38776 2.29494 2.25296 2.18684 2.15823 2.4067 2.10369 1.9459 1.92131 1.91678 3.05657 1.69604 1.55289 1.43047 1.35948 1.98289 1.35992 1.35511 1.16478 1.4428 1.12993 1.11829 1.09328 0.99682 0.973801 0.872053 0.778303 0.712915 0.290751
threshold=-0.24736842105263165 2.1920122932112993 1.1369694397283532 0.36447543099728863 43.500000000000007 0.28313308994381592 7.3125000000000009 -0.2058089161524492 4.6465747256124539 1.8737879180710395 201.87500000000003 1.489175120365271 1.5639534883720965 1.3434171535737394 130.62500000000003 3.5000000000000004 10.500000000000002 742.50000000000011 61.937500000000007 2.1005519391256375 66.062500000000014 0.31250000000000006 2.5000000000000004 1.0000000180025095e-35 2.311456813486847 0.84412955465587058 0.96424010217113676 137.50000000000003 6.2500000000000009 687.50000000000011 3.3280458421011123 81.937500000000014 9.5000000000000018 0.2317110965504732 1.0000000180025095e-35 96.875000000000014 0.4989647988659846 0.72019365235355937 72.187500000000014 6.5000000000000009 30.500000000000004 60.500000000000007 6.2916750000000006 2.9488595058913991 2.5499999999999976 9.5000000000000018 26.500000000000004
decision_type=2 2 2 2 2 2 2 2 2 2 2 2 2 2 2 2 2 2 2 2 2 2 2 2 2 2 2 2 2 2 2 2 2 2 2 2 2 2 2 2 2 2 2 2 2 2 2
left_child=3 5 27 4 26 10 12 15 9 31 13 29 42 17 36 -8 -5 19 -14 21 -20 35 -13 -24 43 -6 40 30 -29 -9 45 -4 -23 34 -34 -2 -15 -38 -36 -40 -1 -35 -7 -11 -18 -3 -37
right_child=1 2 8 16 25 6 7 11 -10 24 -12 22 18 14 -16 -17 44 -19 20 -21 -22 32 23 -25 -26 -27 -28 28 -30 -31 -32 -33 33 41 38 46 37 -39 39 -41 -42 -43 -44 -45 -46 -47 -48
leaf_value=0.0014751128879306463 0.0014440146115609926 0.0038937156921348471 -0.0051092047165983761 -0.017453510858265804 -0.015789817885357046 0.023959812384435997 -0.020488897848374807 -0.0029406354363202825 0.097673198118937377 0.031680608850788737 0.034453952392036857 0.0045476087591457106 0.0064118017116195358 -0.00010489360754649125 0.031147289401513047 -0.017535700776167167 -0.019509799451411659 -0.0023477350189287983 -0.019520345081891252 -0.0012394930611299483 0.00077329869611167119 0.0028363730280965339 0.0016701165906425593 -0.020521530556797507 0.065937108169381614 -0.019778192809419667 -0.0048354274896499185 -0.025935663801164868 0.065000189703482175 -0.02777679529239184 0.018555976332101043 0.031116582014505179 -0.000177096150230055 0.0031552823601213587 0.00013695151060566513 -0.00046677788832807932 -0.0021898380037178701 -0.00071024896662893469 0.0010914890594058869 0.0025915904243028979 0.015194684780510488 0.0012042242144831962 0.0071471840477762066 0.022301735344588031 -0.016232754142438494 -0.0025940332008848321 -0.00030618758949986226
leaf_weight=149 112 100 126 102 105 96 137 93 145 80 143 146 122 80 99 129 90 149 83 92 122 105 90 100 85 107 110 115 133 103 105 83 132 81 157 84 86 120 85 85 89 81 80 88 81 86 86
leaf_count=149 112 100 126 102 105 96 137 93 145 80 143 146 122 80 99 129 90 149 83 92 122 105 90 100 85 107 110 115 133 103 105 83 132 81 157 84 86 120 85 85 89 81 80 88 81 86 86
internal_value=0 0.00164497 0.00584133 -0.00542566 -0.00231729 8.11952e-05 -0.00255376 -0.00594493 0.00958059 0.00680346 0.00201069 -0.00234522 0.00282738 0.00119266 -0.00265544 -0.0131086 -0.0117701 0.00238 -0.000228659 0.00322434 -0.00351942 0.00391477 0.000890208 -0.0026178 0.0119094 -0.00985915 0.00229226 0.00162037 -0.00160643 -0.00786802 0.00436644 0.000595238 0.00536451 0.00446141 0.00277174 0.000176678 -0.00574913 -0.00772947 0.00449695 0.00730994 0.00481172 0.00920245 0.00847458 0.00857988 -0.0155523 0.00160428 -0.00263158
internal_weight=0 4224 1146 833 560 3078 1301 798 607 462 1777 532 503 1634 385 266 273 1249 327 1100 205 1008 336 190 253 212 348 539 248 196 291 209 726 621 459 282 286 206 327 170 238 162 176 168 171 186 170
internal_count=5057 4224 1146 833 560 3078 1301 798 607 462 1777 532 503 1634 385 266 273 1249 327 1100 205 1008 336 190 253 212 348 539 248 196 291 209 726 621 459 282 286 206 327 170 238 162 176 168 171 186 170
is_linear=0
shrinkage=0.05


Tree=24
num_leaves=48
num_cat=0
split_feature=4 4 47 50 0 43 43 37 14 8 21 4 29 27 0 40 38 8 1 16 41 13 2 8 19 8 3 37 37 41 19 29 19 20 8 47 49 21 47 48 49 34 13 19 0 20 17
split_gain=25.4786 15.8819 13.6313 5.29374 5.27841 4.32303 4.01279 3.88631 3.72287 3.84995 4.15613 3.29108 3.21274 4.75751 2.94072 2.56 2.14141 2.1785 2.62427 2.16768 1.68286 1.96561 2.06948 1.96251 2.14422 1.60558 1.54234 1.53667 2.10714 1.50542 1.5828 2.17673 1.90007 1.50234 1.85217 1.4936 1.40847 1.60212 1.3438 1.30616 1.28 1.23743 1.24077 1.01824 1.00782 0.770184 0.720582
threshold=2.7500000000000004 1.0000000180025095e-35 10.500000000000002 3.8878718376668435 70.250000000000014 0.28125000000000006 -0.74999999999999989 66.500000000000014 3.5000000000000004 1.7440316205533601 1.1156819593369536 0.62500000000000011 7.3125000000000009 77.187500000000014 81.250000000000014 38.500000000000007 3.5000000000000004 2.0843478260869568 86.500000000000014 16.500000000000004 1.0000000180025095e-35 34.500000000000007 707.50000000000011 0.78521739130434787 1.3234485356436581 0.69432494279176216 72.500000000000014 6.5000000000000009 43.500000000000007 1.5000000000000002 1.8461538461538463 10.062500000000002 2.7429543797099103 0.69960932134845188 0.9365217391304349 5.5000000000000009 88.119031863684228 0.38768779821410965 3.5000000000000004 -0.14821169499475551 89.208155613436716 0.87500000000000011 25.500000000000004 1.3312645684162714 82.750000000000014 1.0589994493644752 0.78416149068322993
decision_type=2 2 2 2 2 2 2 2 2 2 2 2 2 2 2 2 2 2 2 2 2 2 2 2 2 2 2 2 2 2 2 2 2 2 2 2 2 2 2 2 2 2 2 2 2 2 2
left_child=1 3 4 8 -3 -2 12 15 9 10 27 14 -6 -14 -4 -7 17 19 38 20 23 29 -23 24 -8 26 -13 -1 46 36 33 32 -32 43 -35 -11 -22 -38 -19 -26 44 42 -25 -31 -10 -43 -29
right_child=5 2 11 -5 6 7 16 -9 40 35 -12 25 13 -15 -16 -17 -18 18 -20 -21 21 22 -24 41 39 -27 -28 28 -30 30 31 -33 -34 34 -36 -37 37 -39 -40 -41 -42 45 -44 -45 -46 -47 -48
leaf_value=0.0041533842877134576 -0.014907062450443688 0.054053741892314905 0.0015809602601865814 0.061439840644700976 0.0035551316244976736 -0.022231772835179481 -0.0015574375960604959 -0.019368842928226493 -3.8776891773473211e-05 0.051973618585740927 0.019448854051334397 -0.019495454028957634 -0.021731496612875961 -0.017036818122067175 -0.023880215310060484 0.00027063660922376778 -0.02464740633662665 0.013784381702559235 -0.00011018817295164741 -0.0072679405442355963 0.0068589402733753389 0.0014207961260033486 -0.013454339406306649 -0.000596523467092569 0.00078665839037069256 -0.016350582818552523 -0.020718865158758135 -0.0011305635128409652 0.0053336611142651372 0.0024672971386067001 0.0095121743150080717 -0.00095703366861966683 0.00031516945109476003 -0.001122547270816321 0.00019419667197463354 0.01211119333735991 -5.9399411681593239e-05 0.0022958633979211747 0.053508119803919632 0.0043400934227494055 -0.00026310670186558419 -0.0040851772582846668 -0.0093865180427029297 -0.00024093356380948673 0.001644800110789041 0.0014686639573679744 0.00064791031429161652
leaf_weight=91 142 94 121 142 128 80 91 100 121 102 83 86 82 139 105 144 110 89 110 96 102 105 85 107 82 151 116 87 97 91 148 83 87 89 154 130 107 90 99 96 110 82 85 83 108 106 99
leaf_count=91 142 94 121 142 128 80 91 100 121 102 83 86 82 139 105 144 110 89 110 96 102 105 85 107 82 151 116 87 97 91 148 83 87 89 154 130 107 90 99 96 110 82 85 83 108 106 99
internal_value=0 0.00134026 -0.000389706 0.00636208 0.00104573 -0.0109208 0.000641731 -0.00769231 0.00510204 0.00721014 0.00453057 -0.00737069 -0.00435714 -0.0079955 -0.00264317 -0.004 0.00137721 0.00170855 0.00568562 0.00110406 0.00148079 0.00257143 -0.00209424 -0.000576923 0.00268519 -0.0103814 -0.0133005 0.00226667 0.000440141 0.00342995 0.00220788 0.00485893 0.00730932 0.000179426 -0.00235656 0.0124464 0.00641667 0.00391414 0.00925926 0.00586592 0.000808824 -0.00288714 -0.00569948 0.00371429 0.00293478 0 -0.0026738
internal_weight=0 4569 3399 1170 2820 466 2726 324 1028 689 457 579 349 221 226 224 2377 2267 298 1969 1873 1224 190 649 269 353 202 374 283 1034 735 318 235 417 243 232 299 197 188 178 339 380 192 174 229 188 186
internal_count=5035 4569 3399 1170 2820 466 2726 324 1028 689 457 579 349 221 226 224 2377 2267 298 1969 1873 1224 190 649 269 353 202 374 283 1034 735 318 235 417 243 232 299 197 188 178 339 380 192 174 229 188 186
is_linear=0
shrinkage=0.05


Tree=25
num_leaves=52
num_cat=0
split_feature=4 50 0 4 4 30 47 22 16 50 2 7 8 50 29 43 30 13 43 29 45 45 20 4 6 23 10 40 36 49 4 45 29 40 30 41 48 49 30 50 29 2 20 3 4 34 48 7 34 8 28
split_gain=21.9642 12.3088 9.82569 6.78686 6.46701 6.21653 4.83861 4.44497 3.64708 3.416 3.23696 3.22918 2.72944 3.43758 2.71656 2.67614 2.41576 2.31931 2.31586 2.70809 2.99158 2.28347 2.1073 2.04113 2.49257 1.8143 1.74519 1.6893 2.75155 1.70893 1.67232 1.65564 1.61927 1.55735 1.39964 1.38647 1.36683 1.36474 1.34718 2.19854 1.34104 1.28236 1.13752 1.11466 1.03661 0.978383 0.868729 0.843102 0.744295 0.938564 0.672256
threshold=0.62500000000000011 0.35539443979473623 74.250000000000014 2.1250000000000004 3.7500000000000004 168.12500000000003 10.500000000000002 85.750000000000014 10.500000000000002 3.1040614383268239 712.50000000000011 1.2083916083916091 1.0565217391304349 -0.3053232698534955 7.8125000000000009 2.7500000000000004 69.375000000000028 21.500000000000004 4.2500000000000009 7.4285750000000013 0.94425825643485939 0.77244481603295057 1.1508000771158666 1.0000000180025095e-35 1.5701725633984358e-16 89.750000000000014 1.3952428232669745 4.5000000000000009 48.500000000000007 88.884080780876204 4.2500000000000009 0.62587949062545845 10.937500000000002 17.500000000000004 118.12500000000001 2.5000000000000004 -0.35772581244355822 88.581709115326007 139.37500000000006 1.361870395727266 9.2812500000000018 727.50000000000011 0.63949518223711788 32.500000000000007 1.2500000000000002 0.87500000000000011 -0.18685055305438422 1.363636363636364 0.87500000000000011 1.0982608695652176 69.812500000000014
decision_type=2 2 2 2 2 2 2 2 2 2 2 2 2 2 2 2 2 2 2 2 2 2 2 2 2 2 2 2 2 2 2 2 2 2 2 2 2 2 2 2 2 2 2 2 2 2 2 2 2 2 2
left_child=2 3 10 7 6 9 17 14 -8 16 -1 26 -7 -14 -2 -6 40 38 19 42 34 44 50 25 33 32 -9 41 29 43 -5 37 48 -25 35 45 -12 -15 39 -3 -4 -26 -19 -29 -16 -21 -31 -27 -18 -50 -11
right_child=1 4 5 30 15 12 8 11 -10 22 36 -13 13 31 21 -17 23 18 -20 20 -22 -23 -24 24 27 47 -28 28 -30 46 -32 -33 -34 -35 -36 -37 -38 -39 -40 -41 -42 -43 -44 -45 -46 -47 -48 -49 49 -51 -52
leaf_value=0.022034703221839785 -0.014709397289782371 0.00084639843923816076 0.017567800086445758 -0.014881385599318554 -0.017939639151412869 0.0012974551807311886 -0.024708497917702247 0.0035878663482041165 0.0060786709999822944 -0.0017624329609439993 0.041876613452338021 -0.02684997586207476 0.00031235077233138231 0.010961520789352353 -0.01829526176676206 -0.0085537106685916742 0.0044453283212398942 0.0018413375343108052 0.061805698936061075 0.0048640664635139948 -0.0010238748116818464 -0.020153994169470359 0.052956407286719791 -0.0001161543973178969 -0.022565117415202549 6.3019350288301418e-05 -0.00050226044752673673 -0.00036073692429702266 -0.0058244561405170316 0.00013013296322317571 -0.013855477029591593 0.044927945216299836 -0.00049222386591799558 0.0014625356251070005 0.0024694825406049062 0.0017549240635532926 0.04864777714099771 0.035280723270298166 0.0076362175509934243 -0.004537410659797664 0.00038692003539399504 -0.0046135731089109516 -0.0027479976434086565 0.0015989915469044325 -0.017580123880761103 0.0026705437315171668 -0.00060369256697980769 -0.00040036501983489736 -0.00024907019437462322 0.0020396739865681914 0.039356138878036399
leaf_weight=88 144 80 100 136 116 127 101 109 87 82 83 139 81 97 86 93 149 155 81 87 84 88 84 80 89 82 83 86 97 80 80 103 104 90 82 86 159 99 80 88 108 83 128 91 86 92 107 96 81 87 81
leaf_count=88 144 80 100 136 116 127 101 109 87 82 83 139 81 97 86 93 149 155 81 87 84 88 84 80 89 82 83 86 97 80 80 103 104 90 82 86 159 99 80 88 108 83 128 91 86 92 107 96 81 87 81
internal_value=0 -0.00302048 0.00356215 -0.00743172 -0.000104094 0.00243129 0.00127841 -0.00512908 -0.00608466 0.00108988 0.0116314 -0.000828313 0.00733268 0.00944882 -0.00864198 -0.00821429 0.000248293 0.00261015 0.00392588 0.00300699 0.00549769 -0.0116858 0.00655242 -0.000498931 -0.00214552 0.00170833 0.00336788 -0.00358833 -0.00200216 0 -0.0152074 0.0119167 0.00349526 0.00321637 0.0075431 0.00930451 0.0146091 0.00913706 -0.00160643 -0.00414201 0.00526316 -0.00780347 -0.000792254 0.00351124 -0.0150289 0.0118056 -0.00332447 -0.00251397 0.0052673 0.00295858 0.00320122
internal_weight=0 2391 2694 951 1440 2364 1231 735 188 1857 330 331 507 380 404 209 1610 1043 795 714 431 260 247 1402 803 599 192 633 461 364 216 299 421 170 347 265 242 196 248 168 208 172 283 177 172 179 187 178 317 168 163
internal_count=5085 2391 2694 951 1440 2364 1231 735 188 1857 330 331 507 380 404 209 1610 1043 795 714 431 260 247 1402 803 599 192 633 461 364 216 299 421 170 347 265 242 196 248 168 208 172 283 177 172 179 187 178 317 168 163
is_linear=0
shrinkage=0.05


Tree=26
num_leaves=48
num_cat=0
split_feature=4 30 43 10 39 10 43 43 17 18 28 43 40 22 4 35 47 30 43 28 10 48 2 29 7 2 27 30 48 2 7 45 27 4 17 20 17 21 17 17 17 34 45 31 10 27 36
split_gain=23.9624 10.352 5.78072 4.90965 4.45521 4.05551 4.29053 3.8879 3.14386 2.89164 2.79283 3.76556 2.73272 2.2972 2.16012 2.11181 2.08827 1.96923 3.8357 2.53606 2.79959 3.25393 2.24936 2.21731 1.90855 1.91353 1.79685 2.94821 1.68137 1.6661 2.355 1.62175 1.58135 1.56001 1.54498 1.32009 1.53062 1.25352 1.50057 2.39183 1.23999 1.20521 1.16352 1.13643 0.999735 0.692208 0.629697
threshold=2.1250000000000004 194.37500000000003 0.19375000000000003 2.0874033007208967 2.5000000000000004 1.5166376561036297 0.75000000000000011 -1.2499999999999998 0.96424010217113676 92.500000000000014 71.062500000000014 0.2207792207792208 41.500000000000007 83.750000000000014 1.0000000180025095e-35 23.125000000000004 9.5000000000000018 102.81250000000001 6.2500000000000009 73.812500000000014 1.320978438427026 -0.73467181447629593 622.50000000000011 8.1875000000000018 1.732867132867133 687.50000000000011 84.812500000000014 67.812500000000014 0.14368335022506032 707.50000000000011 1.2083916083916091 0.67802080537253961 79.062500000000014 3.7500000000000004 0.7947368421052633 0.96698785085881889 1.0822072072072075 0.81866646866646431 0.76533166458072599 0.84412955465587058 1.1558704453441297 1.1250000000000002 0.29342972903661901 6.5000000000000009 1.0377084697998438 74.812500000000014 7.5000000000000009
decision_type=2 2 2 2 2 2 2 2 2 2 2 2 2 2 2 2 2 2 2 2 2 2 2 2 2 2 2 2 2 2 2 2 2 2 2 2 2 2 2 2 2 2 2 2 2 2 2
left_child=1 3 33 7 12 16 9 13 17 -7 11 -5 -4 -1 -13 26 -3 19 22 20 21 -9 -19 -22 25 28 27 -10 43 31 -31 41 -25 -2 -26 36 -29 38 44 -40 46 -23 -8 -24 -27 -44 -37
right_child=2 5 4 10 -6 6 42 8 15 -11 -12 14 -14 -15 -16 -17 -18 18 -20 -21 23 29 24 32 34 37 -28 35 -30 30 -32 -33 -34 -35 -36 40 -38 -39 39 -41 -42 -43 45 -45 -46 -47 -48
leaf_value=-0.01400882845074428 -0.014921145938960429 0.025993749745449275 -0.017122794469170873 -0.00013129176437596534 -0.016923859064966712 -0.0028495472868014906 0.02914514518292656 -0.0033027547298376259 0.0022138420200523701 0.018954542767464829 -0.00068652189924686138 0.041344156605124374 0.0055842251701707785 -0.021558038668881278 0.027357954444343316 0.0039406633298491953 -0.012153931839557541 -0.02120920683313542 0.13072612378281542 0.0037907719667709507 0.0034935781084737497 0.0041620443635852515 0.0010427508683497455 -0.020720743224287033 0.0034049970582961139 -0.0027954981557593572 0.00050317315033352741 -0.017769720448824421 0.0040349996405767644 -0.001170653292086621 0.002057278511133681 0.0083784529549295276 -0.0003581704054944124 -0.013094830301623542 -0.00015203208739917874 -0.018902106097737483 0.00077655363116318772 0.00029344824545408655 0.0012236930618534814 -0.0021871266118003831 -0.011726622585763838 0.00046261697070153207 0.050634830046967595 -0.0013950821217019072 -0.011586144633978869 0.059604796273682627 -0.0020055171899252436
leaf_weight=91 120 156 132 116 133 81 140 96 87 94 113 98 134 87 151 138 91 86 82 139 108 158 113 83 112 84 112 109 80 99 91 93 112 83 104 83 104 139 84 125 85 88 83 91 88 80 82
leaf_count=91 120 156 132 116 133 81 140 96 87 94 113 98 134 87 151 138 91 86 82 139 108 158 113 83 112 84 112 109 80 99 91 93 112 83 104 83 104 139 84 125 85 88 83 91 88 80 82
internal_value=0 0.00166779 -0.00895522 0.000599407 -0.0054375 0.0071281 0.00981211 -0.000100495 0.000319045 0.00355114 0.00532359 0.00744536 -0.00168539 -0.00726257 0.0109 -0.00237203 0.00191532 0.00127438 -0.000126156 0.0028324 0.00188375 0.00379393 -0.000903342 -0.00205592 -0.000244858 -0.00136646 -0.00354449 -0.00471869 0.00192982 0.00533019 0.00157068 0.00742647 -0.00522959 -0.0158088 0.00391705 -0.00630388 -0.00338785 -0.00316699 -0.0046466 -0.00178571 -0.00876494 0.00526316 0.0134046 -0.000487805 -0.00809249 0.016311 -0.0061747
internal_weight=0 4436 602 3711 399 725 478 3233 3055 175 478 365 266 178 249 800 247 2255 1188 1067 928 625 1106 303 1020 804 662 550 284 529 190 339 195 203 216 463 213 520 381 209 250 246 303 204 172 163 165
internal_count=5038 4436 602 3711 399 725 478 3233 3055 175 478 365 266 178 249 800 247 2255 1188 1067 928 625 1106 303 1020 804 662 550 284 529 190 339 195 203 216 463 213 520 381 209 250 246 303 204 172 163 165
is_linear=0
shrinkage=0.05


Tree=27
num_leaves=50
num_cat=0
split_feature=4 42 30 8 0 42 42 46 20 2 21 42 22 10 42 0 25 20 30 30 8 30 35 46 2 49 10 7 27 33 7 34 21 29 27 29 27 37 4 30 9 37 41 30 48 48 37 48 30
split_gain=25.4501 10.7648 10.7667 7.7378 5.71699 5.69256 4.64411 4.33018 7.83263 4.01322 3.59494 3.56565 4.42544 3.06244 3.25193 2.83472 2.7629 2.2884 2.0282 1.75977 2.28169 2.79636 2.39766 1.74233 1.73364 1.97808 1.69883 1.62387 1.62156 1.71029 1.55088 1.95697 1.5486 1.47834 1.45905 2.32223 2.26842 1.46414 1.40887 1.34994 2.11526 1.86418 1.31233 1.12345 0.96296 2.03629 0.930553 0.751195 0.592842
threshold=3.7500000000000004 -1.2499999999999998 184.37500000000003 1.1112704686617731 83.250000000000014 4.7500000000000009 2.7500000000000004 0.42763731121559989 1.66347388170238 592.50000000000011 0.95575083830898688 1.2500000000000002 83.750000000000014 1.4378852437763541 1.0000000180025095e-35 80.250000000000014 1.0000000180025095e-35 0.16005261342073487 57.500000000000014 170.62500000000003 1.3257665903890163 105.62500000000001 30.625000000000004 0.77652048701313048 737.50000000000011 82.330128059783988 0.89712928493674859 0.87692307692307703 79.187500000000014 0.31250000000000006 -0.08391608391608385 1.3750000000000002 -0.053162992060940432 9.0312500000000018 82.031250000000014 9.9375000000000018 83.312500000000014 42.500000000000007 0.62500000000000011 90.625000000000014 0.79591616726460612 29.500000000000004 1.0000000180025095e-35 211.87500000000003 -0.2676058094814649 0.1561962173013059 33.500000000000007 -0.24759597350202034 271.87500000000006
decision_type=2 2 2 2 2 2 2 2 2 2 2 2 2 2 2 2 2 2 2 2 2 2 2 2 2 2 2 2 2 2 2 2 2 2 2 2 2 2 2 2 2 2 2 2 2 2 2 2 2
left_child=1 4 5 17 33 7 15 18 11 -7 -10 16 27 -5 -15 -2 32 -4 -3 20 21 24 34 43 25 -20 -27 -13 -23 -30 -18 -32 -9 -1 35 -22 -36 47 -6 41 46 -28 -31 -16 -44 -46 -41 -38 -45
right_child=6 2 3 13 38 9 -8 8 10 -11 -12 12 -14 14 23 -17 30 -19 19 -21 22 28 -24 -25 -26 26 39 -29 29 42 31 -33 -34 -35 36 -37 37 -39 -40 40 -42 -43 44 48 45 -47 -48 -49 -50
leaf_value=-0.014075651543559026 -0.014091143112756705 0.018849845343915164 -0.023157081102361809 0.0030411311917901032 0.0026463584215095093 0.032846887891468682 -0.019088852992200991 -0.012932326746990803 0.024312808216127399 0.072804227413332909 -0.0070125637585275683 0.003745912384800998 -0.022507573790915225 0.0008518039131571232 0.032111938045687974 -0.014795225112184117 -0.018561819963393397 0.0084281215840519234 0.0034684680170084027 0.025399086004657179 0.0029226766952024533 -0.0064507405550136071 0.014005758643387045 0.024533122848948371 -0.00348774095258948 -0.00069486562159783443 -0.00024992383179831549 -0.0012619531550786267 -0.00042901916835313969 -0.0017684566987507201 -0.021664919653264975 -0.0042677301179981806 0.0020570316943382158 -0.013348737092062591 -0.0038211762683524556 -0.0050972616882753955 -0.0031109231190596001 0.00058284480545725548 -0.019213606473569164 0.0012741095381655799 0.0051525942729166918 0.001854659389273694 0.0022926282380248408 0.058834244039537201 -0.0017402555734086001 0.0019486496556347711 0.00011234153626701605 -0.00032753333355824978 0.0422230892499929
leaf_weight=81 127 86 85 84 85 145 94 92 150 85 103 153 87 94 85 81 112 154 87 85 139 82 96 114 84 86 127 88 137 114 146 81 86 81 84 80 86 117 91 86 88 117 106 106 90 93 80 146 81
leaf_count=81 127 86 85 84 85 145 94 92 150 85 103 153 87 94 85 81 112 154 87 85 139 82 96 114 84 86 127 88 137 114 146 81 86 81 84 80 86 117 91 86 88 117 106 106 90 93 80 146 81
internal_value=0 0.000917961 0.0015752 0.0068097 -0.00766962 0.000413793 -0.0140264 -0.000103093 -0.00268426 0.00800866 0.00501969 -0.00499409 -0.000911854 0.01 0.0115385 -0.0181818 -0.00757722 -0.000729167 0.00113191 0.000836725 0.000552681 0.0017598 -0.00166889 0.0135659 0.00380291 0.0046503 0.00358974 0.00258264 -0.000722311 0.000277264 -0.0102206 -0.00778509 -0.00251397 -0.0144172 -0.00275651 0.000568182 -0.00443548 -0.00264286 -0.00141243 0.00470942 0.0072549 0.00204082 0.00191832 0.0157509 0.0037069 0.00149457 0.00389222 -0.00493562 0.0179521
internal_weight=0 4765 4427 803 338 3624 302 3394 1098 230 253 845 328 564 480 208 517 239 2296 2210 2125 1377 748 386 755 671 584 241 622 540 339 227 178 162 652 219 433 349 176 498 254 244 403 272 289 183 166 232 187
internal_count=5067 4765 4427 803 338 3624 302 3394 1098 230 253 845 328 564 480 208 517 239 2296 2210 2125 1377 748 386 755 671 584 241 622 540 339 227 178 162 652 219 433 349 176 498 254 244 403 272 289 183 166 232 187
is_linear=0
shrinkage=0.05


Tree=28
num_leaves=47
num_cat=0
split_feature=4 50 46 10 10 50 46 37 29 19 7 30 12 28 6 33 50 36 48 36 1 50 18 42 2 37 2 10 30 6 35 30 17 6 35 18 10 8 9 33 39 35 29 36 33 36
split_gain=22.8793 11.3326 9.26675 8.38978 6.1362 5.61476 5.14431 3.90077 3.755 3.6128 3.58318 3.35405 3.27272 3.23215 2.67416 3.66423 2.59563 2.53008 2.35987 2.19628 2.14375 2.66148 2.00168 1.98861 1.96134 1.95151 1.93563 1.8779 2.43405 1.85267 2.07315 1.80344 2.19115 1.75577 1.74535 1.66712 1.5588 1.54309 1.39993 1.37356 1.34553 1.58031 1.34448 1.21021 1.79807 1.07446
threshold=3.2500000000000004 2.1026498567314751 0.41202506375868281 1.5544390785095004 1.5238585621733911 -0.034647592122382768 -0.15950993297387572 10.500000000000002 7.3125000000000009 1.5623904464736385 0.1086807928913192 199.37500000000003 1.5357142857142849 61.062500000000007 1.5428571428571434 0.95835000000000303 3.5766522575626003 47.500000000000007 0.1561962173013059 40.500000000000007 87.250000000000014 1.5747614997210777 142.50000000000003 3.7500000000000004 742.50000000000011 6.5000000000000009 687.50000000000011 1.4651295713742774 116.87500000000001 1.114285714285715 3.035699999999999 208.12500000000003 0.81649831649831661 2.2285714285714291 18.750000000000004 167.50000000000003 1.3518316372206345 2.0478260869565221 0.54364664110870786 0.54164999999999719 1.0000000180025095e-35 6.2500000000000009 6.6875000000000009 3.5000000000000004 0.31250000000000006 3.5000000000000004
decision_type=2 2 2 2 2 2 2 2 2 2 2 2 2 2 2 2 2 2 2 2 2 2 2 2 2 2 2 2 2 2 2 2 2 2 2 2 2 2 2 2 2 2 2 2 2 2
left_child=1 2 11 5 14 8 9 13 -4 -2 25 17 16 42 15 43 -6 20 45 -13 24 22 27 -16 29 -7 -10 40 -29 36 -31 32 -14 34 -19 -24 39 -9 -17 -1 41 -22 -5 -3 -45 -12
right_child=6 4 3 7 12 10 -8 37 26 -11 18 19 31 -15 23 38 -18 33 -20 -21 21 -23 35 -25 -26 -27 -28 28 -30 30 -32 -33 -34 -35 -36 -37 -38 -39 -40 -41 -42 -43 -44 44 -46 -47
leaf_value=0.00039120101818106439 -0.0063253895323037053 0.020018629962354196 -0.013302476813258702 0.025361906740649223 0.028942004928632317 -0.015171839422417883 -0.01253702845026252 -0.011788631093572548 -0.013287138688767384 -0.0169234189783256 -0.019415430562234499 0.027079783686972825 0.048247555888984509 -0.0023977803133241994 0.012124233180010657 0.00043070267674209518 0.080245951247350303 -0.00052925867623865308 0.0060778138916595947 0.00097926924677532723 0.00040785707650426996 -0.0014243048689310924 0.0019976754483117978 0.066453984646785605 -0.0067406082430791162 -0.023697972931876966 -0.015630260854537788 -0.0026425396305356898 0.00060421406155997115 0.00069936695790597805 0.0072491580335257103 0.029319983654920913 -0.00082097723871421557 0.0014983793101322309 -0.022397906096230658 0.00010763716022289539 -0.00036934570047517101 0.00098589694158024996 -0.017958947100550338 0.0021613602968491548 0.0015117308374235335 -0.00048186212535680231 0.0086346941019084921 0.041509640537279707 -0.0025188815947608245 0.0007048095333108018
leaf_weight=106 119 93 86 81 110 80 146 104 94 90 106 124 97 80 128 119 85 157 106 83 136 104 104 91 98 118 136 105 135 95 137 88 121 107 80 93 154 83 155 118 110 105 98 84 99 93
leaf_count=106 119 93 86 81 110 80 146 104 94 90 106 124 97 80 128 119 85 157 106 83 136 104 104 91 98 118 136 105 135 95 137 88 121 107 80 93 154 83 155 118 110 105 98 84 99 93
internal_value=0 0.00128014 -0.000219491 -0.00361374 0.00531078 -0.00661585 -0.011868 0.00190157 -0.0118297 -0.00678571 -0.00332341 0.00177742 0.00961155 0.00586538 0.0025 0.000635209 0.0146684 0.00113111 8.16993e-05 0.0078125 0.00196752 0.000335946 0.0013308 0.00715909 0.00401975 -0.00854271 -0.0151515 -0.000126689 -0.00352697 0.00507365 0.00858369 0.00635179 0.00388128 -0.00275362 -0.00514706 0.00568182 0.00290237 -0.00359043 -0.00345455 0.00555556 0.0022017 0.000103306 0.00958333 0.00469314 0.00230978 -0.003125
internal_weight=0 4686 3416 1265 1270 819 355 446 316 209 503 2151 501 259 769 550 195 1944 305 207 1600 892 788 219 708 198 230 591 240 610 232 306 218 344 237 197 378 187 274 224 351 241 179 276 183 199
internal_count=5041 4686 3416 1265 1270 819 355 446 316 209 503 2151 501 259 769 550 195 1944 305 207 1600 892 788 219 708 198 230 591 240 610 232 306 218 344 237 197 378 187 274 224 351 241 179 276 183 199
is_linear=0
shrinkage=0.05


Tree=29
num_leaves=47
num_cat=0
split_feature=20 42 50 8 14 30 46 45 8 46 39 8 16 30 1 25 42 19 17 27 29 48 14 30 22 41 48 37 50 28 8 19 21 20 42 21 10 50 3 3 3 1 45 22 37 45
split_gain=15.684 10.9702 7.56538 7.32921 4.35779 4.85974 3.95978 3.92058 3.8677 3.74286 6.06849 3.34196 3.47094 2.90366 2.8191 3.36981 2.72258 2.5429 2.21689 2.20245 2.18567 2.63721 2.07286 1.99226 1.53263 1.58128 2.1806 1.78171 1.54608 2.11526 1.58743 1.4621 1.42594 1.36859 1.29761 1.28231 1.20354 1.37162 1.80439 1.09799 1.0737 1.06649 0.927175 0.730005 0.686434 0.644321
threshold=0.98199126620179256 -0.74999999999999989 2.3909940455957188 -0.29110892954795509 11.500000000000002 169.37500000000003 0.42763731121559989 0.43733377705052551 0.68608695652173923 0.36447543099728863 2.5000000000000004 2.1639273769708556 11.250000000000002 49.375000000000007 80.250000000000014 1.0000000180025095e-35 -1.2499999999999998 1.8737879180710395 0.7947368421052633 84.187500000000014 7.6875000000000009 -0.10508047667762555 1.5000000000000002 127.81250000000001 77.750000000000014 1.5000000000000002 -0.6770113526877265 47.500000000000007 0.70257437379330423 72.812500000000014 1.4582608695652177 1.3915512150806271 1.1460212679227981 0.12263336310523246 1.2500000000000002 0.79241501616341392 1.3418418710093272 1.6143840033922887 42.500000000000007 22.500000000000004 102.50000000000001 83.500000000000014 -0.37447345805034543 85.750000000000014 28.500000000000004 0.039769539193789977
decision_type=2 2 2 2 2 2 2 2 2 2 2 2 2 2 2 2 2 2 2 2 2 2 2 2 2 2 2 2 2 2 2 2 2 2 2 2 2 2 2 2 2 2 2 2 2 2
left_child=1 8 4 9 5 13 17 22 -1 10 18 20 -13 -2 34 -16 -15 23 -3 33 41 -22 -7 36 -18 27 -27 28 30 43 -26 -25 35 -19 -8 44 37 38 -5 -9 -36 45 -17 -30 -28 -4
right_child=2 3 11 6 -6 7 14 39 -10 -11 -12 12 -14 16 15 42 24 19 -20 -21 21 -23 -24 31 25 26 32 -29 29 -31 -32 -33 -34 -35 40 -37 -38 -39 -40 -41 -42 -43 -44 -45 -46 -47
leaf_value=-0.011540116495505568 0.024548282363793524 0.0069344964876032981 0.020119749752333521 -0.00040618435155990177 -0.0075656864961861975 0.016310906207562991 -0.00998898234348089 0.019481957151496487 -0.012511210017100052 -0.018245247545678224 -0.01445874142133189 0.019293849806513164 0.078963894240031973 -0.015575006756542529 0.0005875677392393531 -0.021478285551864391 0.0073056057439064128 -0.0033012892603243582 -0.014300500782424737 0.018420359453017877 0.032600904492915278 -0.0099536023683660328 -0.0017366810924094424 -0.01472972725442249 0.00044899160354615613 0.0021282031757557719 -0.0019846308058112162 0.001417560989856423 0.0014825157587335159 -0.0013524107759603776 -0.0023596977685314217 -0.00084041656610522322 -0.0031916115853063646 0.0024425749139062205 0.0035230795353178969 0.0012055602116931574 -0.00086975049078836803 -0.00030458742205923266 0.001718377043108238 0.041389727875275117 -0.0075966537706590237 0.044098295525632651 -0.015824865432049997 0.002802687135443219 -3.3056095849248738e-06 0.033706042521891626
leaf_weight=144 84 81 82 85 146 137 151 80 129 119 97 85 115 126 94 100 98 111 94 126 82 118 115 82 142 97 114 140 80 81 106 94 148 157 146 87 102 139 155 88 85 82 81 80 91 100
leaf_count=144 84 81 82 85 146 137 151 80 129 119 97 85 115 126 94 100 98 111 94 126 82 118 115 82 142 97 114 140 80 81 106 94 148 157 146 87 102 139 155 88 85 82 81 80 91 100
internal_value=0 -0.00290771 0.00266174 -0.00167857 0.0011514 0.0017942 -0.000263312 0.00653207 -0.0123175 -0.00784439 -0.00457875 0.00729323 0.0126866 0.000440678 -0.00330547 -0.0071558 -0.000107836 0.00163973 0.000994318 0.00481013 0.00494624 0.000995025 0.00256917 -0.000265957 0.000592885 8.56898e-05 -0.0019052 0.00178571 0.000357143 0.00320248 -0.00240964 -0.00480226 -0.00340136 0.00223048 -0.000522193 -0.00136519 0.00140041 0.00269737 0.00497925 0.012426 0.0018319 0.00792453 -0.0111264 0.00652174 -0.00351942 0.0057377
internal_weight=0 2372 2704 2099 2040 1894 1708 420 273 391 272 664 200 1474 657 275 1390 1051 175 394 464 200 252 657 1264 1166 537 629 489 241 248 176 440 268 382 292 481 379 240 168 231 264 181 160 205 182
internal_count=5076 2372 2704 2099 2040 1894 1708 420 273 391 272 664 200 1474 657 275 1390 1051 175 394 464 200 252 657 1264 1166 537 629 489 241 248 176 440 268 382 292 481 379 240 168 231 264 181 160 205 182
is_linear=0
shrinkage=0.05


Tree=30
num_leaves=50
num_cat=0
split_feature=20 50 7 36 46 43 46 30 10 11 42 42 30 10 27 46 7 10 34 2 30 46 50 17 18 27 6 46 20 45 46 13 20 30 18 18 36 28 21 2 14 45 7 13 30 10 10 21 21
split_gain=14.4533 10.9357 6.02825 5.98448 6.04777 5.77674 5.38077 4.46127 3.30134 3.26287 3.13062 3.03961 2.46898 2.0782 1.99974 1.84949 2.36827 2.07263 2.19148 1.79751 2.61356 3.05158 2.95617 2.55631 1.78317 1.94618 1.72504 1.93103 1.66577 1.47234 1.46332 1.41727 1.98015 1.55135 1.39682 1.38563 2.09555 1.61953 1.36882 1.27182 1.11085 1.51823 1.07953 1.06824 1.01256 0.857217 0.842047 0.713965 0.327311
threshold=1.0000000180025095e-35 2.2747800656733834 1.363636363636364 43.500000000000007 0.36447543099728863 -0.74999999999999989 0.29958852271690523 194.37500000000003 1.7488971372542166 1.5639534883720965 4.2500000000000009 1.2500000000000002 102.81250000000001 1.6309834124304994 82.437500000000014 -0.42179730054635828 -0.16783216783216767 2.0197709585164954 1.3750000000000002 682.50000000000011 67.812500000000014 0.1318557721318592 0.60412536423834962 0.91287878787878796 147.50000000000003 84.312500000000014 1.5428571428571434 -0.59177783207548873 0.96698785085881889 0.45273815774107123 -0.73865259438682551 30.500000000000004 -1.717282717282717 134.37500000000006 72.500000000000014 97.500000000000014 38.500000000000007 72.687500000000014 0.27980461273145357 722.50000000000011 3.5000000000000004 0.12545942051955489 -0.98601398601398571 22.500000000000004 80.625000000000028 1.9629362610778436 1.3702920998562937 1.0783199643493691 -0.72572243513501167
decision_type=2 2 2 2 2 2 2 2 2 2 2 2 2 2 2 2 2 2 2 2 2 2 2 2 2 2 2 2 2 2 2 2 2 2 2 2 2 2 2 2 2 2 2 2 2 2 2 2 2
left_child=3 5 26 4 31 6 30 12 -8 45 -11 42 19 34 29 28 -17 18 38 44 23 24 -23 -21 25 46 27 -3 48 -9 -2 33 -33 43 -5 47 37 -37 -18 -20 41 -29 -6 -1 -7 -4 -22 -30 -14
right_child=1 2 9 13 11 7 8 14 -10 10 -12 -13 15 -15 -16 16 17 -19 39 20 21 22 -24 -25 -26 -27 -28 40 35 -31 -32 32 -34 -35 -36 36 -38 -39 -40 -41 -42 -43 -44 -45 -46 -47 -48 -49 -50
leaf_value=6.0242024211309976e-05 0.0065529065992248449 0.0486986451258992 0.028260593435814843 -0.011363430366335586 -0.011608098115532187 0.00058442432049398698 -0.012066048992841126 -0.00012385779111908634 -0.0028762013430940429 0.0032881504260728112 0.058350413824067894 -0.0080892323064157504 0.00082874899685942977 -0.012962392243509688 0.0305775116076967 -0.020243073336997722 -0.012401847295077159 0.0088081031176716514 0.0026203008632220389 -0.00013439605430645151 -7.0671563433627465e-06 -0.019562773698952509 3.3145952388266567e-05 0.011043768830296464 0.0012372324524455886 0.00064817329014182912 0.032104323701319784 0.017142089658837612 0.0021678977745518135 0.029107795281583117 -0.0040327854077771954 -0.0008676876638649023 0.0072096951100865947 0.016283630292931405 -0.020931711581473035 0.0010983383353915578 -0.0038449360573995783 -0.00080568392091410763 -0.0015583785311710785 -0.0049710490245370893 -0.013324203943588554 -0.0027128563492125335 -0.013204447883309293 -0.01226928594423779 0.009917960512246294 0.058129830398495508 -0.0012821647474101916 -0.00014094912134905436 0.0025994572439179357
leaf_weight=89 96 102 110 87 87 88 159 120 97 154 81 129 80 109 102 95 106 81 90 89 84 108 116 117 98 99 134 89 83 83 121 81 84 83 116 80 86 96 150 82 102 88 100 99 129 123 84 81 81
leaf_count=89 96 102 110 87 87 88 159 120 97 154 81 129 80 109 102 95 106 81 90 89 84 108 116 117 98 99 134 89 83 83 121 81 84 83 116 80 86 96 150 82 102 88 100 99 129 123 84 81 81
internal_value=0 0.00134931 0.00591972 -0.00521127 -0.00278884 -0.000159289 -0.00522152 0.00079713 -0.0101167 0.0100213 0.00582627 -0.00804416 1.1343e-05 -0.0110224 0.00645425 -0.00153104 -0.00347107 -0.00210784 -0.0034965 0.00182626 0.000722362 -0.000974576 -0.00555556 0.00555556 0.00184426 -0.000279851 0.00218023 0.000458115 0.000467687 0.00355392 0.000573394 0.00102975 0.00466867 -0.00119485 -0.00796569 -0.00117096 -0.00342205 -0.000282486 -0.00642023 0.000867052 -0.00169643 0.000702247 -0.0121011 -0.0037037 0.00584862 0.0142094 -0.0035503 0.00242424 0.00478395
internal_weight=0 3964 983 1064 752 2981 473 2508 256 468 235 316 2203 312 305 1191 604 509 428 1012 795 589 224 206 365 267 515 381 587 203 217 436 165 271 203 426 262 176 256 172 279 177 187 188 217 233 168 164 161
internal_count=5028 3964 983 1064 752 2981 473 2508 256 468 235 316 2203 312 305 1191 604 509 428 1012 795 589 224 206 365 267 515 381 587 203 217 436 165 271 203 426 262 176 256 172 279 177 187 188 217 233 168 164 161
is_linear=0
shrinkage=0.05


Tree=31
num_leaves=47
num_cat=0
split_feature=50 20 8 8 50 27 30 22 17 7 42 38 46 42 14 21 18 45 37 17 20 29 30 46 48 9 15 27 18 50 15 6 48 27 16 3 10 41 21 22 45 46 9 20 37 50
split_gain=16.4479 10.5597 7.34747 7.34357 6.26535 5.52886 5.4938 4.62402 3.10648 2.89547 2.74078 2.51699 3.08789 2.75187 2.99934 2.84193 2.67801 2.27694 2.27139 2.14487 1.93346 1.90712 1.72741 1.50077 1.85835 1.48924 2.09151 1.53076 1.47194 1.32091 1.96251 1.26202 1.27922 1.2555 1.21987 1.16761 1.02853 1.52915 1.26324 1.25503 1.01956 0.997825 0.941629 0.903509 0.865619 0.465719
threshold=-0.42713934070841469 1.1869894811071284 -0.29110892954795509 0.78521739130434787 4.2823454033010231 78.812500000000014 200.62500000000003 77.250000000000014 0.70777988614800769 -1.2377622377622373 -2.2499999999999996 3.5000000000000004 0.1318557721318592 1.2500000000000002 3.5000000000000004 0.34047383593662778 157.50000000000003 0.29342972903661901 55.500000000000007 0.98936170212765961 1.4184017595307921 8.6875000000000018 85.625000000000014 0.69521084835931835 0.095906855539589594 0.69157740814501489 78.250000000000014 85.562500000000014 127.50000000000001 1.1450551032176792 75.500000000000014 1.0000000180025095e-35 -0.1932417676391239 85.187500000000014 13.250000000000002 77.500000000000014 1.8811110367658916 1.5000000000000002 1.1941563769150039 90.750000000000014 -0.05695216311707673 -0.17646730165275518 0.72019365235355937 0.54721362229102177 27.500000000000004 -1.2990878280063354
decision_type=2 2 2 2 2 2 2 2 2 2 2 2 2 2 2 2 2 2 2 2 2 2 2 2 2 2 2 2 2 2 2 2 2 2 2 2 2 2 2 2 2 2 2 2 2 2
left_child=3 2 9 5 6 45 7 -3 -6 18 -5 12 25 14 15 -14 31 20 -2 22 -12 -19 44 24 -8 26 29 35 34 -4 -31 40 -33 -28 -21 43 37 39 -39 -24 -15 -11 -16 -27 -9 -1
right_child=1 4 11 10 8 -7 23 19 -10 41 17 -13 13 16 42 -17 -18 21 -20 28 -22 -23 36 -25 -26 27 33 -29 -30 30 -32 32 -34 -35 -36 -37 -38 38 -40 -41 -42 -43 -44 -45 -46 -47
leaf_value=-0.010002154942533016 -0.012903442695372386 0.023534378420323188 0.0028686816345603553 -0.018556724840217604 0.038630029691863743 -0.010054691063248558 0.03566808700407538 -0.0036661065154898979 0.082846766941811839 0.00049721880481132794 5.4898264307592931e-05 -0.024326116607038078 -0.012072581966396066 0.0025253701068761129 -0.017949807330259894 0.0054989970290574902 -0.023943473088391433 0.0071356354861572824 -0.013736989495731437 -0.001185591956227916 -0.013495908466006802 -0.006789308513854112 0.0031223363664136753 0.010364590063488012 0.02538194802042348 -6.6942681026127551e-05 -0.00062792817849728351 0.0008252759594727044 -0.0038466270678276684 0.0057473663217083026 -0.00015420835580861605 0.0020430929435606873 -0.0043025939771523082 0.00054740629686202418 0.0014637237878347587 0.025464612443301855 -0.00010962683108519111 0.00074929513389477567 -0.00053488485292247365 0.00097962089910698944 0.0058797615329778674 -0.016918218781335852 -0.012332019934709122 -0.0012140442092805515 0.00084385386024498916 -0.013672850110670038
leaf_weight=80 107 138 138 87 91 135 95 96 80 84 140 100 154 101 86 82 86 109 85 111 157 92 153 122 88 120 83 93 155 123 93 121 92 108 155 134 124 146 92 80 91 89 83 97 82 87
leaf_count=80 107 138 138 87 91 135 95 96 80 84 140 100 154 101 86 82 86 109 85 111 157 92 153 122 88 120 83 93 155 123 93 121 92 108 155 134 124 146 92 80 91 89 83 97 82 87
internal_value=0 0.00127434 -0.000935772 -0.00622185 0.00414594 -0.0125413 0.00318987 0.00180045 0.0132267 -0.00744536 -0.00294369 0.00026435 0.000676034 -0.00144928 -0.00449507 -0.000843882 0.00106707 -0.00150301 -0.011658 0.000794979 -0.00427852 0.00259901 0.00235788 0.00923203 0.0120924 0.00260101 0.00434982 0.000449438 -0.00207346 0.00661972 0.00414747 0.00277094 0.000116822 0.000130208 0.000187266 -0.00106534 0.00364933 0.00471398 0.00188285 0.00758547 0.00569948 -0.00272989 -0.00955882 -0.00332569 -0.00195531 -0.0186012
internal_weight=0 4158 2350 887 1808 302 1637 1332 171 365 585 1985 1885 896 405 236 491 498 192 1194 297 201 773 305 183 989 545 444 421 354 216 405 213 191 266 351 595 471 238 233 192 173 169 217 178 167
internal_count=5045 4158 2350 887 1808 302 1637 1332 171 365 585 1985 1885 896 405 236 491 498 192 1194 297 201 773 305 183 989 545 444 421 354 216 405 213 191 266 351 595 471 238 233 192 173 169 217 178 167
is_linear=0
shrinkage=0.05


Tree=32
num_leaves=50
num_cat=0
split_feature=4 50 46 30 29 43 45 50 37 18 30 35 20 46 8 37 3 30 30 46 45 46 35 28 28 39 7 4 29 11 3 3 35 46 3 14 23 19 11 6 7 8 36 30 9 7 37 36 7
split_gain=22.1645 9.57527 7.7175 6.65175 5.88026 5.7768 5.13778 5.13098 4.73962 3.94244 3.14447 3.65412 2.92365 2.9186 2.91507 2.89688 2.72828 2.53205 3.83428 2.16936 2.13076 1.89692 1.99524 1.8937 2.28134 2.59366 1.81946 1.7755 1.63873 2.49208 2.6665 2.49565 1.88544 1.4951 1.49143 1.40936 1.35474 1.26315 1.22153 1.20053 1.174 1.0119 1.00381 1.39736 1.46013 0.918728 0.908899 1.11069 0.80225
threshold=2.7500000000000004 0.15867528786654364 0.36447543099728863 169.37500000000003 6.6875000000000009 0.19375000000000003 0.3261394409934788 3.1608816403877218 63.500000000000007 122.50000000000001 110.62500000000003 36.250000000000007 2.2909653813678585 -0.29342786347392819 1.1112704686617731 58.500000000000007 22.500000000000004 114.06250000000003 69.375000000000028 0.080547328232315238 -0.24372957273992746 -0.3744658827978154 18.750000000000004 74.437500000000014 73.437500000000014 1.0000000180025095e-35 0.88111888111888148 0.62500000000000011 9.2812500000000018 1.188492063492067 32.500000000000007 37.500000000000007 8.7500000000000018 0.33222858587828868 52.500000000000007 2.5000000000000004 88.750000000000014 1.3503099424681957 1.5639534883720965 2.2285714285714291 0.27132867132867139 0.99391304347826104 2.5000000000000004 79.375000000000028 0.70355339059327393 1.2797202797202802 48.500000000000007 15.500000000000002 1.8395651457749962
decision_type=2 2 2 2 2 2 2 2 2 2 2 2 2 2 2 2 2 2 2 2 2 2 2 2 2 2 2 2 2 2 2 2 2 2 2 2 2 2 2 2 2 2 2 2 2 2 2 2 2
left_child=1 2 9 7 20 -2 15 10 13 16 28 19 33 -7 -8 21 39 18 -6 23 -4 -5 45 24 25 26 -12 -21 29 30 -3 32 -31 37 -20 -18 40 -9 41 -1 -33 -30 -40 -44 -45 -23 47 -11 -16
right_child=5 3 4 6 17 8 14 12 -10 46 11 -13 -14 -15 48 -17 35 -19 34 27 -22 22 -24 -25 -26 -27 -28 -29 38 31 -32 36 -34 -35 -36 -37 -38 -39 42 -41 -42 -43 43 44 -46 -47 -48 -49 -50
leaf_value=-0.029874852984342753 -0.010047033566597729 0.032858857296780945 -0.015654703422889799 0.032618114459424107 -0.0082685853332270156 0.0088699354931909679 0.0045242590643222195 0.031805235769189748 -0.013630229770219446 0.003888450223520518 0.0016399042525415686 0.014452999232850284 0.049396787226485842 -0.013687619224078341 0.034842918335889463 -0.01573696445197259 0.0024412672425346282 -0.016304767026340993 -0.015271431476845961 -0.0013828031873018621 0.0065674410473144963 0.010681916781246538 0.019433288761151815 0.0011615592379935729 -0.0028627407834072973 -0.0095989132434440294 -0.00047067980864710647 -0.023340362245092852 6.4534372343050268e-06 -0.001836473074033318 0.00090882846058509272 0.00080122091632421621 0.0038419306247746811 -0.0025030367916551166 -0.012896488608300227 -0.0027530315934475749 -4.6463022668774558e-05 0.018936483719396303 -0.0013448770185750638 -0.0013485187171276226 0.0058081766597382293 -0.0023162519310684858 -0.00063723085109919646 3.2368982760178079e-05 0.0025716647762898449 -0.0075211309953492848 0.0039971425814990472 -0.00027299059849701933 0.040931722994300361
leaf_weight=81 139 99 80 82 93 123 84 86 126 81 85 92 88 84 128 93 125 143 105 154 104 81 82 80 92 81 126 134 82 84 101 80 80 112 84 137 109 150 136 113 89 82 94 109 133 86 117 82 118
leaf_count=81 139 99 80 82 93 123 84 86 126 81 85 92 88 84 128 93 125 143 105 154 104 81 82 80 92 81 126 134 82 84 101 80 80 112 84 137 109 150 136 113 89 82 94 109 133 86 117 82 118
internal_value=0 0.000788965 -0.00276746 0.00223363 -0.00692623 -0.0105708 0.00635762 0.00101602 -0.00696108 0.000678426 0 -0.00236686 0.00594966 -0.00228365 0.0110272 0.00270588 -0.00218818 -0.0101526 -0.0128975 -0.00351926 0.000540541 0.00489458 0.0027 -0.00139785 -0.00285714 -0.000682594 0.00224057 -0.00692042 0.00156372 0.0033437 0.0079602 0.00124153 -0.00363636 0.00386819 -0.0169737 0.00114068 0.00412186 0.00611814 -0.000235479 -0.00666667 0.00691176 -0.00393939 0.00105708 0.00252226 0.00452675 -0.000446429 0.00533808 0.00289634 0.0137652
internal_weight=0 4657 1345 3312 609 472 754 2558 333 736 2122 844 436 207 330 424 456 425 282 752 184 331 249 464 384 292 211 288 1278 642 200 442 164 348 189 262 278 236 636 194 169 164 472 336 242 167 280 163 246
internal_count=5129 4657 1345 3312 609 472 754 2558 333 736 2122 844 436 207 330 424 456 425 282 752 184 331 249 464 384 292 211 288 1278 642 200 442 164 348 189 262 278 236 636 194 169 164 472 336 242 167 280 163 246
is_linear=0
shrinkage=0.05


Tree=33
num_leaves=51
num_cat=0
split_feature=4 4 50 43 50 29 45 10 46 36 45 30 42 0 0 30 6 30 28 27 35 46 6 30 13 10 36 3 30 27 9 4 50 21 21 31 28 19 3 3 19 36 19 28 46 8 50 20 50 29
split_gain=20.0455 9.44207 8.93581 6.42617 6.07999 4.60806 4.54527 4.38187 4.298 3.92669 3.73849 3.47707 3.43871 3.14937 2.93741 2.52072 2.45074 2.29532 2.3416 2.24685 2.17777 1.95147 1.9394 2.6169 1.94175 1.85919 1.77416 2.64647 1.77767 1.88013 1.82707 1.75592 1.69577 3.61888 1.60431 2.34095 2.06939 1.68398 1.53076 2.46874 1.37026 1.44039 2.47011 1.33228 2.9563 1.15098 1.12381 1.03691 1.02809 0.638564
threshold=2.1250000000000004 1.0000000180025095e-35 0.35539443979473623 -0.74999999999999989 3.4929130249781939 8.5625000000000018 -0.17647087149565668 1.5364651941646761 0.28313308994381592 59.500000000000007 -0.12546116083924153 201.87500000000003 2.7500000000000004 84.250000000000014 82.250000000000014 153.12500000000003 -1.6285714285714279 102.81250000000001 68.562500000000014 85.937500000000014 30.625000000000004 -0.074115882986646633 -0.34285714285714292 91.875000000000014 24.500000000000004 1.9058639729882811 36.500000000000007 17.500000000000004 100.62500000000003 81.812500000000014 0.72019365235355937 4.2500000000000009 1.5397667691962342 0.32122704881326319 0.36093859889889762 6.5000000000000009 64.187500000000014 1.4563441996862856 107.50000000000001 77.500000000000014 1.154267740200809 12.500000000000002 1.9090620031796504 63.937500000000007 -0.13398942717002907 1.2965217391304351 0.67434145468467233 1.3144385026737968 0.96737006127067116 7.5625000000000009
decision_type=2 2 2 2 2 2 2 2 2 2 2 2 2 2 2 2 2 2 2 2 2 2 2 2 2 2 2 2 2 2 2 2 2 2 2 2 2 2 2 2 2 2 2 2 2 2 2 2 2 2
left_child=1 4 31 5 15 6 -3 8 26 12 17 20 14 -7 -4 19 -12 46 -19 34 22 -13 47 -24 -25 -6 27 -5 -28 -30 -31 -2 33 -18 35 -1 -36 -38 39 40 -29 42 -42 -17 -45 -39 -10 -9 -26 -37
right_child=2 3 9 7 25 13 -8 11 10 -11 16 21 -14 -15 -16 43 32 18 -20 -21 -22 -23 23 24 48 -27 28 38 29 30 -32 -33 -34 -35 36 49 37 45 -40 -41 41 -43 -44 44 -46 -47 -48 -49 -50 -51
leaf_value=0.00038806139915543162 -0.010808796597978412 -0.017825818529575151 -0.013345978319064023 -0.001177534748346687 0.029726077171081486 -0.012805261755145887 0.011419848841539555 -0.00016737572913618772 -0.016788936426326794 -0.014518007797622572 0.0056817997461467238 0.056757830259111644 0.016351720496400952 -0.021064101624346132 0.0024496088036914027 0.036523528528460907 -0.023433629965872005 -0.012705454029154002 -0.023633772357990124 -0.00083629416901033764 0.016876355587772032 0.0084253504040496807 0.0070420641883875259 -0.0069966969415845353 -0.00033030825869264648 0.059517364157024445 0.0021517761506312182 0.0015699136962280759 -0.036182584331753656 0.0026401343930390511 -0.0034813255114495957 -0.0088688700582830824 0.0024870557443382596 0.0015022833532293946 -0.0044437176244607416 0.027591535908630282 -0.00039308736615559784 0.0036949729762547237 0.049044964667278479 -0.0015197312051915103 -0.0008632944534858189 0.001741310018123396 0.00068961342382838639 0.03254961415804996 -0.0016594023734289309 0.0011399073756729273 0.0017300665855315813 -0.0071370512508195597 0.022837913032298918 0.0022383826520153195
leaf_weight=141 138 114 114 148 120 118 99 91 89 81 82 81 103 81 88 100 90 87 94 80 136 136 151 95 81 81 81 118 84 87 103 84 136 95 84 84 85 87 105 102 105 154 80 97 80 84 97 88 81 82
leaf_count=141 138 114 114 148 120 118 99 91 89 81 82 81 103 81 88 100 90 87 94 80 136 136 151 95 81 81 81 118 84 87 103 84 136 95 84 84 85 87 105 102 105 154 80 97 80 84 97 88 81 82
internal_value=0 0.00104561 -0.00862069 -0.000341945 0.00483002 -0.00617433 -0.0010514 0.000495136 -0.000864293 -0.00400517 -0.00376135 0.00329437 -0.00138889 -0.011625 -0.00517241 0.00323383 -0.000433168 -0.00740489 -0.0114011 0.00168269 0.00162293 0.00883028 0.000297619 0.00220049 -0.000872093 0.0127475 0.0010488 0.00233702 -0.00189607 -0.00381818 -0.00104712 -0.0165919 -0.00240683 -0.00551075 0.00266204 0.00527597 0.000293255 0.00252918 0.00368421 0.00263393 0.00420306 0.00257353 -0.000403226 0.00728417 0.00463483 0.00537791 -0.00347594 -0.00402778 0.00245399 0.00928144
internal_weight=0 4494 608 3289 1205 412 213 2877 1937 386 770 940 305 199 202 1004 403 367 181 727 723 217 587 408 257 201 1167 812 355 274 190 222 321 185 647 307 340 256 664 559 457 339 185 277 177 171 186 179 162 166
internal_count=5102 4494 608 3289 1205 412 213 2877 1937 386 770 940 305 199 202 1004 403 367 181 727 723 217 587 408 257 201 1167 812 355 274 190 222 321 185 647 307 340 256 664 559 457 339 185 277 177 171 186 179 162 166
is_linear=0
shrinkage=0.05


Tree=34
num_leaves=47
num_cat=0
split_feature=4 30 42 0 39 46 46 1 4 3 11 45 31 4 7 10 2 28 10 3 4 18 2 45 40 49 46 3 19 42 28 12 34 34 18 30 19 10 21 21 17 46 2 10 17 7
split_gain=19.8659 8.8518 8.43433 5.92242 5.44095 5.28839 4.32843 5.11044 4.80422 3.92295 3.24602 3.2032 3.8275 3.14263 3.11152 2.67815 2.62527 2.60772 2.4361 2.73433 2.29191 2.21216 1.93999 1.91928 1.77733 1.69099 1.66929 1.66835 1.47635 1.45547 1.61495 1.9865 2.08428 1.37675 2.45404 1.14693 1.05629 1.03779 1.71103 1.04007 0.986453 0.960834 0.889655 0.85909 0.641746 0.444143
threshold=1.2500000000000002 200.62500000000003 -0.74999999999999989 70.250000000000014 2.5000000000000004 0.47369649395226454 0.11478523713130605 79.500000000000014 1.0000000180025095e-35 72.500000000000014 1.5639534883720965 0.61237135649459018 6.5000000000000009 2.1250000000000004 -0.20979020979020965 1.0377084697998438 682.50000000000011 65.562500000000014 1.1658395482950017 7.5000000000000009 3.2500000000000004 102.50000000000001 737.50000000000011 0.039769539193789977 3.5000000000000004 90.780546260713294 -0.24372464231556024 27.500000000000004 2.7429543797099103 -0.74999999999999989 68.062500000000014 2.5499999999999976 0.87500000000000011 1.1250000000000002 97.500000000000014 100.62500000000003 2.5667763581211513 0.9193963476858541 1.0416759245232117 -0.32355973988936876 0.84412955465587058 0.063390085881955341 687.50000000000011 1.4833899732862526 0.98936170212765961 1.0041977657685934
decision_type=2 2 2 2 2 2 2 2 2 2 2 2 2 2 2 2 2 2 2 2 2 2 2 2 2 2 2 2 2 2 2 2 2 2 2 2 2 2 2 2 2 2 2 2 2 2
left_child=1 3 17 -1 5 16 7 -5 21 11 22 12 -3 23 -6 42 20 -2 25 -20 -4 -8 35 -7 36 37 43 -14 -23 -21 44 33 -33 34 45 -10 -17 -9 39 -39 -36 -13 -12 -18 -31 -32
right_child=2 9 4 6 14 13 8 18 10 -11 15 41 27 -15 -16 24 26 -19 19 29 -22 28 -24 -25 -26 -27 -28 -29 -30 30 31 32 -34 -35 40 -37 -38 38 -40 -41 -42 -43 -44 -45 -46 -47
leaf_value=0.043366990308044619 -0.0088293928635084767 -0.0011530243625585081 0.0051905769965444829 0.045842675384980811 -0.015666743347235165 -0.01485912927240598 0.0050846788003015234 0.001214288316486567 0.00078664578558109159 -0.0077481216952345507 0.0021918218733499614 0.058262827959772945 0.011451900716926366 -0.012486216785413035 -0.011540698354335075 -0.020134576843201996 0.0011988022300220503 -0.0092400026925966005 -0.011930113580583768 0.0053488979446217506 -0.010003568131705762 -0.0015242290462259668 0.0065016448132852013 0.0036417963819724898 -0.010274555927649372 -0.00022510620727654864 -0.0179567256491171 0.034865642987627253 0.0017104686398131009 0.00035983163215886352 0.0003864870381091734 0.013961352730871303 -0.00045381189150706103 0.00062514675208219246 -0.0034429301525021718 -0.020588065242049272 -0.015526972470818235 0.0012703080575000192 4.4227331867335853e-05 0.0029634229092719124 -0.0014371904734017062 0.029413189285587029 -0.012957774455440073 -0.0025014593641052522 0.0056157410405017934 -0.00056342763089249908
leaf_weight=100 117 136 143 112 113 117 119 135 115 84 98 82 113 85 102 92 127 131 113 92 100 142 81 93 144 100 125 92 115 82 80 106 118 156 114 123 118 81 81 111 116 101 94 89 83 81
leaf_count=100 117 136 143 112 113 117 119 135 115 84 98 82 113 85 102 92 127 131 113 92 100 142 81 93 144 100 125 92 115 82 80 106 118 156 114 123 118 81 81 111 116 101 94 89 83 81
internal_value=0 0.00154945 -0.00554728 0.00046729 -0.00365297 -0.00190341 6.66001e-05 0.00166005 -0.00219404 0.00706076 -0.00424365 0.00866667 0.00577485 -0.00734797 -0.0107639 -0.00658135 0.000854701 -0.0138554 0.000954545 -0.000328371 0.00481557 0.00251989 -0.000234375 -0.00402844 -0.00915493 0.00383104 -0.00197368 0.0100728 -9.68992e-05 0.000485909 -0.000106724 -0.00106865 0.00288889 -0.00269161 -0.00427296 -0.00251046 -0.0120853 0.00525672 0.00702555 0.00958549 -0.00757576 0.0139946 -0.00181347 0.000691244 0.00436747 0.000462963
internal_weight=0 3710 1342 3102 1094 879 3002 1761 1241 608 865 524 341 295 215 546 584 248 1649 1141 243 376 319 210 354 508 341 205 257 1028 936 771 224 547 391 238 210 408 273 192 230 183 192 216 165 161
internal_count=5052 3710 1342 3102 1094 879 3002 1761 1241 608 865 524 341 295 215 546 584 248 1649 1141 243 376 319 210 354 508 341 205 257 1028 936 771 224 547 391 238 210 408 273 192 230 183 192 216 165 161
is_linear=0
shrinkage=0.05


Tree=35
num_leaves=50
num_cat=0
split_feature=4 46 0 36 30 42 36 10 46 29 50 50 50 0 42 19 45 35 30 21 19 29 29 36 47 50 1 8 30 17 0 13 50 8 36 34 45 46 16 41 40 17 48 19 40 8 46 21 14
split_gain=23.2972 9.18756 9.02193 6.19062 5.44838 4.20869 4.20799 3.77537 3.72712 5.46871 3.78352 2.99877 2.87201 2.86703 2.86674 2.93077 2.84384 3.07714 2.46187 2.43362 2.37287 2.59661 2.22685 2.22372 2.06142 1.8484 1.76406 1.67542 1.58614 2.04278 1.56538 1.5328 1.64756 1.6024 2.84808 1.93308 1.47483 1.41084 1.38414 1.38089 1.34482 1.33357 1.40014 1.3027 1.29426 1.26408 1.20463 0.649695 0.569479
threshold=1.7500000000000002 0.26659387353423869 74.250000000000014 35.500000000000007 170.62500000000003 2.7500000000000004 59.500000000000007 1.8909849761265634 0.41202506375868281 5.8125000000000009 -0.3053232698534955 3.38230369970475 0.9809633047681886 82.250000000000014 1.0000000180025095e-35 1.592559116669924 0.48314048284850658 18.750000000000004 80.625000000000028 0.21255583941343306 2.3120263511904384 6.8125000000000009 9.9375000000000018 6.5000000000000009 3.5000000000000004 0.51013554434230468 89.500000000000014 0.6547826086956523 123.12500000000001 0.87750000000000006 80.250000000000014 30.500000000000004 1.5949676701303022 1.3539130434782611 17.500000000000004 0.62500000000000011 0.17646842360078763 -0.13398942717002907 13.250000000000002 2.5000000000000004 61.500000000000007 0.72111111111111115 -0.13616175977095604 1.2740330933434383 28.500000000000004 2.7821739130434784 0.69521084835931835 0.29348885814402342 1.5000000000000002
decision_type=2 2 2 2 2 2 2 2 2 2 2 2 2 2 2 2 2 2 2 2 2 2 2 2 2 2 2 2 2 2 2 2 2 2 2 2 2 2 2 2 2 2 2 2 2 2 2 2 2
left_child=2 3 7 14 8 13 16 39 11 -10 18 20 46 -5 -2 -16 17 25 -11 30 21 28 26 27 -23 -6 38 -21 29 -4 -12 32 33 35 -35 43 -13 -18 48 -1 -30 -37 -43 -26 -33 -9 -3 -34 -22
right_child=1 12 4 5 6 -7 -8 45 9 10 19 36 -14 -15 15 -17 37 -19 -20 23 22 24 -24 -25 31 -27 -28 -29 40 -31 -32 44 47 34 -36 41 -38 -39 -40 -41 -42 42 -44 -45 -46 -47 -48 -49 -50
leaf_value=-0.0023274027059307033 -0.013134453294675412 -0.0083584281222283726 0.001912636878678012 -0.0106268609086111 -0.0078375792463050483 0.0022133899487864124 -0.021898996587319697 0.018802265701421517 0.0069349949255450745 -0.0095334486163570833 -0.0035250342764270972 0.049912347229907429 -0.016850026988326432 -0.01303501140755832 0.017011368638642509 -0.0012955700470212829 0.038470545566316884 0.019599706862668567 -0.011654678036391414 0.0021746803886046164 0.014383390867866514 -0.014372025863237717 -0.0019817822324640468 0.0049412834055516776 0.00057582826077446085 0.012999534457718554 -0.00020806718284556159 -0.011485441779870983 -0.0058142516102769552 -0.0028318860305969087 -0.019242925479048999 0.0020708157243949977 -0.0021486777442701445 -0.0023621959157592524 0.0011307280754350392 3.1122220792123569e-05 0.01196152877590469 0.010259005653564619 0.0030003548233736993 0.016652402347519881 -0.0022005446974510067 0.0021361471128275968 0.00070055781313113077 -0.00054701272645880092 0.00027714421187305106 0.044362690468175314 -0.0088762887248254683 -0.00014710808782473218 0.0040003995565141004
leaf_weight=96 83 92 82 92 82 94 83 158 107 80 130 111 131 133 94 86 97 139 126 85 88 90 117 102 82 148 100 117 86 83 134 81 89 80 85 83 108 148 108 92 98 82 81 86 118 80 144 87 81
leaf_count=96 83 92 82 92 82 94 83 158 107 80 130 111 131 133 94 86 97 139 126 85 88 90 117 102 82 148 100 117 86 83 134 81 89 80 85 83 108 148 108 92 98 82 81 86 118 80 144 87 81
internal_value=0 -0.00760526 0.00108246 -0.00368782 0.000284939 -0.00835938 0.00426218 0.00796253 -0.000644244 -0.00337302 -0.00483871 0.000498339 -0.0137908 -0.0120575 0.00198864 0.00552486 0.00569106 0.00290541 -0.010628 -0.00272408 -0.000145657 -0.00120158 0.00282828 0.000327869 4.78469e-05 -0.000649351 0.00469577 -0.00270936 -0.00492857 -0.00135542 -0.00622642 0.000732984 -0.000297619 0.000991379 -0.00316265 0.0026506 0.00602273 0.00985772 0.0067446 0.0026455 -0.00810811 0.00546559 0.00807927 -0.00147929 0.004625 0.0121339 -0.0170886 -0.00451977 0.00955882
internal_weight=0 949 4110 582 3684 319 697 426 2987 881 774 2106 367 225 263 180 614 369 206 568 1887 1393 494 304 1044 230 377 202 349 165 264 954 755 579 165 414 219 245 277 188 184 246 163 168 199 238 236 176 169
internal_count=5059 949 4110 582 3684 319 697 426 2987 881 774 2106 367 225 263 180 614 369 206 568 1887 1393 494 304 1044 230 377 202 349 165 264 954 755 579 165 414 219 245 277 188 184 246 163 168 199 238 236 176 169
is_linear=0
shrinkage=0.05


Tree=36
num_leaves=46
num_cat=0
split_feature=4 4 47 43 29 49 0 43 46 20 37 43 23 30 4 20 15 36 35 43 27 12 21 18 19 36 29 18 29 21 33 30 15 40 17 46 20 43 21 18 2 29 46 33 43
split_gain=22.079 10.9068 10.3629 5.17114 4.6546 4.17649 3.6591 3.42752 3.22615 2.93672 2.60771 2.54168 2.89349 2.45823 2.83976 2.43681 1.79903 1.8864 1.86237 1.99822 1.75103 1.63242 2.68619 1.68651 1.62183 1.59312 1.50511 1.45213 1.45857 1.35832 1.30381 2.26543 1.57687 2.14429 2.65694 1.7788 1.43674 1.69584 1.40166 1.20716 1.06713 0.93174 0.898481 0.871613 0.691579
threshold=3.7500000000000004 1.0000000180025095e-35 10.500000000000002 3.2500000000000004 7.3125000000000009 87.158636055570568 74.750000000000014 -1.0000000180025095e-35 0.95691861501572195 1.1369694397283532 59.500000000000007 2.2500000000000004 90.250000000000014 169.37500000000003 1.7500000000000002 0.65075749214917089 81.250000000000014 43.500000000000007 23.125000000000004 -0.74999999999999989 82.187500000000014 1.5357142857142849 1.5150541003045179 132.50000000000003 1.7211853162317559 31.500000000000004 5.8125000000000009 92.500000000000014 6.8125000000000009 0.21255583941343306 0.31250000000000006 108.12500000000001 67.500000000000014 38.500000000000007 0.9582608695652175 -0.86974577485258975 0.69960932134845188 1.2500000000000002 -0.21379908055686767 117.50000000000001 697.50000000000011 8.8125000000000018 0.029024409397335523 1.1250000000000002 1.2500000000000002
decision_type=2 2 2 2 2 2 2 2 2 2 2 2 2 2 2 2 2 2 2 2 2 2 2 2 2 2 2 2 2 2 2 2 2 2 2 2 2 2 2 2 2 2 2 2 2
left_child=1 6 3 8 24 -2 43 -6 13 25 -7 12 15 16 27 -8 17 18 19 -3 39 -17 23 -23 -4 42 -19 -15 -29 -9 31 38 41 34 36 -35 37 -34 -21 -13 -28 -32 -5 -1 -38
right_child=5 2 4 9 7 10 11 29 -10 -11 -12 20 -14 14 -16 21 -18 26 -20 30 -22 22 -24 -25 -26 -27 40 28 -30 -31 32 -33 33 35 -36 -37 44 -39 -40 -41 -42 -43 -44 -45 -46
leaf_value=0.017066726306640734 -0.0095043830867659069 -0.012651132795949128 -0.013195733258450521 0.053668380323930766 -0.0079700018142216337 -0.0088529888829030623 0.0085617198186353771 -0.01481483304832994 -0.010633155271133492 0.053500863418550031 -0.010041242996199993 0.031486449760928757 -0.000702019627233852 0.0041845740987664247 -0.0066446233659063526 0.0050301317146800306 0.000837325216244117 -0.01628513716095575 0.0061378958718214085 -0.00073071736893185477 0.035402614811941339 -0.0017271972795254165 0.0036334615390227532 0.00080448707793238103 0.0017278740274440929 -0.0128535319884878 0.00077611173453448479 0.0098651526055888571 0.035193708485224406 -0.01214064392811931 0.0044906269561943522 -0.0040126378467865266 -0.0011687618550627556 -0.00038791542484714061 -0.013451864518437828 0.0016803218733254912 -0.00047983881072612979 0.0029634853701388133 0.00088406957609998285 0.0002698728675443185 -0.010365246892014991 0.0011349002589418067 0.01126593541975362 0.038096994648838714 -0.0027845958038215548
leaf_weight=100 136 159 80 80 117 89 82 142 118 155 81 87 135 156 80 149 86 98 137 89 106 129 85 121 152 106 97 87 98 120 94 113 88 121 95 141 109 99 134 99 145 84 82 86 85
leaf_count=100 136 159 80 80 117 89 82 142 118 155 81 87 135 156 80 149 86 98 137 89 106 129 85 121 152 106 97 87 98 120 94 113 88 121 95 141 109 99 134 99 145 84 82 86 85
internal_value=0 0.00064523 -0.000739853 0.000493701 -0.0066585 -0.0131922 0.00480932 -0.0100658 -0.00036794 0.00560142 -0.00789474 0.00359658 0.00195869 3.13022e-05 0.00349526 0.00352734 -0.000708861 -0.00103229 -0.00029051 -0.000832153 0.00750853 0.00216495 0.000223214 -0.00239044 -0.00107296 0.00241636 -0.00439883 0.00548246 0.00846774 -0.00684411 -0.000159617 -0.00281899 0.000817884 -0.000202977 -0.00220126 0.00342205 -0.000327225 0.00279255 0.000111607 0.00454545 -0.00226337 0.00502793 0.00552147 0.0112299 -0.00333333
internal_weight=0 4726 3547 2936 611 306 1179 379 2513 423 170 993 701 2395 421 566 1974 1888 1548 1411 292 484 335 250 232 268 340 341 185 262 1252 336 916 738 476 262 381 187 223 186 242 178 162 186 194
internal_count=5032 4726 3547 2936 611 306 1179 379 2513 423 170 993 701 2395 421 566 1974 1888 1548 1411 292 484 335 250 232 268 340 341 185 262 1252 336 916 738 476 262 381 187 223 186 242 178 162 186 194
is_linear=0
shrinkage=0.05


Tree=37
num_leaves=48
num_cat=0
split_feature=4 42 8 11 4 42 29 36 37 50 19 29 30 14 47 45 45 5 35 17 30 17 0 17 48 21 4 6 6 2 15 45 19 2 48 17 50 37 29 21 50 9 20 29 14 21 19
split_gain=20.8711 9.35252 6.57856 5.66036 5.47231 5.28972 3.76494 4.36432 3.56515 2.70342 2.69871 3.33466 3.28608 3.32334 3.62887 2.61828 2.29689 2.33263 1.98 2.39371 2.69038 1.90601 1.88775 1.83739 1.82702 1.75885 1.72363 1.98139 1.95447 1.68418 1.64219 1.6092 1.55366 1.51016 1.41722 1.3847 1.30641 1.2925 1.14798 1.10212 1.07934 1.47486 1.03185 0.877042 0.751348 0.723773 0.59861
threshold=3.2500000000000004 1.0000000180025095e-35 2.0932628230172465 1.5639534883720965 1.7500000000000002 1.7500000000000002 7.9375000000000009 12.500000000000002 60.500000000000007 1.8716935911844177 1.6357642357642359 8.3125000000000018 113.12500000000003 1.0000000180025095e-35 7.5000000000000009 0.29342972903661901 -0.46801505794253101 1.0000000180025095e-35 53.750000000000007 0.88562091503267981 102.81250000000001 0.9298029556650248 80.250000000000014 0.68857758620689669 -0.34018203147540399 0.95575083830898688 1.7500000000000002 1.7394957983193284 0.34285714285714275 727.50000000000011 70.500000000000014 0.35846314187849709 3.0797168811907416 707.50000000000011 0.26501352796565153 1.1225000000000003 -0.46153150597901765 14.500000000000002 6.4375000000000009 0.10760042636103863 3.2139857180549503 0.63660201852143727 0.90000000000000002 10.812500000000002 1.5000000000000002 0.41926578323636937 2.9449598274669184
decision_type=2 2 2 2 2 2 2 2 2 2 2 2 2 2 2 2 2 2 2 2 2 2 2 2 2 2 2 2 2 2 2 2 2 2 2 2 2 2 2 2 2 2 2 2 2 2 2
left_child=1 4 10 24 6 22 15 31 -7 -5 12 18 26 42 23 21 -13 30 19 20 -12 -1 -2 -15 -4 35 27 28 33 36 -18 -8 34 -3 -23 38 -9 -29 -21 -6 41 -22 -14 -33 -30 -32 -26
right_child=5 2 3 9 39 8 7 29 -10 -11 11 16 13 14 -16 -17 17 -19 -20 25 40 32 -24 -25 46 -27 -28 37 44 -31 45 43 -34 -35 -36 -37 -38 -39 -40 -41 -42 -43 -44 -45 -46 -47 -48
leaf_value=0.0015011431878016014 -0.0073703750247308894 0.0012563522920545551 0.019960195209109102 -0.0019959640400831315 -0.0098575208342461251 0.0067651348843428133 -0.011554529051609365 -0.0014787783115473019 -0.011993470808676247 0.026100266934317468 0.0317509697311937 -0.0033265040630690579 -0.001278984405565642 0.0028153111016318735 -0.01654715754045535 0.0072158288394188813 -0.010413638952428994 0.0042006374517897741 0.027058721498954261 -0.0030998551362378724 0.0070321446846343116 -0.0012893719515334801 -0.0105957195527392 -0.0037176216548309941 0.029912127272882328 0.0025677515986825107 0.0038537555140168048 -0.00011134912516518325 -0.0025561700244261078 -0.020915140437142106 -0.0015569235576508246 -0.016555426778775702 0.0012023775817885886 -0.00072532378243437287 -0.017329100712373667 0.001956042557675064 0.002054648869584519 0.0024504965387728618 0.00021776771172310472 -0.0069769720329819155 0.043321958972671951 -0.0023407913803075333 0.002076088971558743 -0.0014143645236363578 -0.00094360316962072144 0.0016653081446786344 0.037955645186926713
leaf_weight=129 111 152 91 124 152 82 145 90 80 124 94 139 88 93 141 146 159 127 116 127 89 100 90 102 83 107 110 81 84 86 87 82 99 85 82 131 96 96 133 88 106 100 80 91 83 90 103
leaf_count=129 111 152 91 124 152 82 145 90 80 124 94 139 88 93 141 146 159 127 116 127 89 100 90 102 83 107 110 81 84 86 87 82 99 85 82 131 96 96 133 88 106 100 80 91 83 90 103
internal_value=0 0.00013264 0.00157096 0.00670152 -0.00331651 -0.012294 -0.00187446 -0.00465313 -0.00552147 0.00120482 0.000606926 0.00194583 -0.00119147 -0.00425743 -0.00712166 0.0010772 -0.000995025 0.000700431 0.00371016 0.00289977 0.00583333 -0.000973236 -0.017698 -0.00267857 0.0116007 0.000601202 0.00104769 -4.29553e-05 -0.00197531 0 -0.00148368 -0.00862069 -0.00328014 0.000945378 -0.00601093 -0.000956633 0.0026738 0.00435393 -0.00306513 -0.010166 0.00346284 0.00118421 0.00147929 -0.00531609 -0.00610119 0.00182584 0.0144385
internal_weight=0 4711 3325 525 1386 363 1146 590 162 248 2800 1605 1195 504 336 556 602 463 1003 887 389 410 201 195 277 498 691 581 404 272 336 318 281 237 182 391 186 177 260 240 295 189 168 173 167 177 186
internal_count=5074 4711 3325 525 1386 363 1146 590 162 248 2800 1605 1195 504 336 556 602 463 1003 887 389 410 201 195 277 498 691 581 404 272 336 318 281 237 182 391 186 177 260 240 295 189 168 173 167 177 186
is_linear=0
shrinkage=0.05


Tree=38
num_leaves=48
num_cat=0
split_feature=4 50 10 36 10 46 14 37 42 50 46 49 29 7 17 46 48 29 23 7 45 0 18 3 35 7 30 3 37 27 15 37 2 13 29 29 25 37 0 33 14 30 20 10 9 37 30
split_gain=21.8531 11.1595 7.62292 5.10664 5.48995 4.74282 4.59741 3.56742 3.59778 3.47986 3.18246 3.53387 2.91309 2.8988 2.74947 2.6966 2.58053 2.40827 2.92306 2.39953 2.8003 3.69955 2.37904 2.26664 2.25893 2.18171 1.99299 2.04309 1.91947 1.87671 1.98635 2.15758 2.5765 1.72141 1.62737 1.71022 1.86625 1.52904 1.51486 1.4858 1.48279 1.30602 1.28695 1.27425 0.794209 0.768393 0.552631
threshold=2.7500000000000004 0.10392841744782545 1.8976549054198157 12.500000000000002 1.5733110562994257 0.36447543099728863 5.5000000000000009 66.500000000000014 1.7500000000000002 -1.664245572822814 -0.23537842981696178 89.417234227644371 8.6875000000000018 1.8516483516483522 0.96424010217113676 0.097680735332368748 0.62350821800352463 9.2812500000000018 86.750000000000014 1.0041977657685934 -0.94139628442229062 79.750000000000014 107.50000000000001 52.500000000000007 26.250000000000004 0.31048951048951062 108.12500000000001 47.500000000000007 6.5000000000000009 82.187500000000014 76.250000000000014 32.500000000000007 712.50000000000011 25.500000000000004 5.6562500000000009 6.8125000000000009 1.0000000180025095e-35 17.500000000000004 84.750000000000014 1.1250000000000002 2.5000000000000004 110.62500000000003 1.4922493591913721 1.5116573282773487 0.79591616726460612 24.500000000000004 121.87500000000001
decision_type=2 2 2 2 2 2 2 2 2 2 2 2 2 2 2 2 2 2 2 2 2 2 2 2 2 2 2 2 2 2 2 2 2 2 2 2 2 2 2 2 2 2 2 2 2 2 2
left_child=1 3 10 4 15 7 24 8 -2 -5 17 14 -6 -8 16 -1 19 18 -3 20 -12 33 -23 43 37 -19 27 -17 -27 -20 -31 32 -32 -22 -11 -36 -37 44 -38 41 -40 -21 46 -16 -4 -30 -33
right_child=5 2 6 9 12 -7 13 -9 -10 34 11 -13 -14 -15 23 26 -18 25 29 39 21 22 -24 -25 -26 28 -28 -29 45 30 31 42 -34 -35 35 36 38 -39 40 -41 -42 -43 -44 -45 -46 -47 -48
leaf_value=-0.019418129860170563 -0.011881060628368904 0.025145843840948669 0.032459732914239869 -0.018880612476917497 0.0042895973307079394 -0.0073362678089362371 -0.0034158276024340798 -0.0093576806715251377 0.006072923653868645 0.0081067535630812929 0.0042801090329176563 -0.0035888853146856582 -0.011070896510782366 0.010386334960048217 -0.0095424128337643355 -0.012504649065697449 0.0047273880266683888 0.00078905172707224858 -0.0054627647487245582 0.0064432364797835269 -0.0072354546232049344 -0.0036949663854318193 -0.024291084078247645 -0.011323928738820122 0.034681893733756124 -0.0020992751072570373 -0.0092036318019429516 -0.0087569403764250538 0.001022618709169243 0.033419594886224695 0.00073384630343477093 0.00014013408395104898 -0.0012928549097356301 0.0043888290035164869 -0.018914323367437015 0.0036141690360012996 -0.011466939734494169 0.00056770383308981103 0.0022652361702857893 -0.0018536877700338905 -0.00079505432778181895 0.0011558250908755758 0.020572871439435033 0.0036464797181353678 0.017108111535670469 -0.00043422516274628232 0.029495949933893845
leaf_weight=84 133 88 119 115 157 140 84 100 104 95 99 94 85 112 123 102 157 129 108 96 96 107 120 137 137 81 82 85 89 124 103 83 101 135 115 102 85 88 85 130 89 120 94 84 107 82 92
leaf_count=84 133 88 119 115 157 140 84 100 104 95 99 94 85 112 123 102 157 129 108 96 96 107 120 137 137 81 82 85 89 124 103 83 101 135 115 102 85 88 85 130 89 120 94 84 107 82 92
internal_value=0 0.000510759 0.00204066 -0.00345164 -0.00683725 -0.0107218 0.00690586 -0.00747041 -0.00409664 -0.000509461 0.000860456 -0.000667111 -0.00102881 0.000507614 -3.55872e-05 -0.0108051 0.00122526 0.00280851 0.00437657 0.000193584 -0.00183692 -0.00348584 -0.00800439 -0.00391304 0.0096792 -0.000458115 -0.0132407 -0.0160904 -0.00316206 0.0032932 0.00438963 0.00290084 -0.00097561 0.000969828 0.00109266 -0.000104822 0.0015884 0.00730159 -0.000673077 0.00345821 0.002 0.00599078 0.00583333 -0.000600962 0.00947137 -0.000145349 0.00326705
internal_weight=0 4600 3319 1281 595 477 647 337 237 686 2672 1498 242 196 1404 353 1060 1174 793 903 557 458 227 344 451 381 269 187 252 705 597 473 204 231 571 476 361 314 259 346 174 216 269 207 226 171 175
internal_count=5077 4600 3319 1281 595 477 647 337 237 686 2672 1498 242 196 1404 353 1060 1174 793 903 557 458 227 344 451 381 269 187 252 705 597 473 204 231 571 476 361 314 259 346 174 216 269 207 226 171 175
is_linear=0
shrinkage=0.05


Tree=39
num_leaves=46
num_cat=0
split_feature=4 4 46 38 50 47 30 50 25 12 44 43 50 9 19 35 50 44 37 8 19 50 21 19 35 46 46 18 6 10 46 50 50 8 29 6 30 29 37 37 20 29 5 18 20
split_gain=23.3518 8.17578 7.09652 5.51177 5.26208 5.06171 5.71165 3.45518 3.24233 2.97218 3.23375 2.62958 2.1619 2.72242 2.60199 2.99997 2.15716 2.12204 1.98049 1.97918 1.90769 1.80897 1.79937 1.87625 1.7965 1.75281 1.60926 2.74427 2.03988 1.77023 1.52779 1.47214 1.41823 1.4139 1.40238 1.3434 1.31577 1.30145 1.49335 1.25898 1.19131 1.18902 1.1125 0.74485 0.725685
threshold=1.7500000000000002 1.0000000180025095e-35 0.26659387353423869 1.0000000180025095e-35 0.9809633047681886 10.500000000000002 201.87500000000003 -0.073579952919914135 1.5000000000000002 1.5357142857142849 9.2500000000000018 2.7500000000000004 4.7520337657867566 0.69157740814501489 2.1674622990112855 3.035699999999999 0.80658779509496992 10.500000000000002 13.500000000000002 1.3800000000000003 1.3029007586121131 3.0523792914697983 1.5150541003045179 1.8461538461538463 21.250000000000004 0.33222858587828868 0.04621408538533487 92.500000000000014 0.34285714285714336 0.98311775456162864 0.65720762023595369 1.0980894131579293 1.3434171535737394 1.8078260869565217 6.1666750000000006 0.68571428571428628 131.87500000000003 11.187500000000002 37.500000000000007 16.500000000000004 -1.0875790875790872 8.4375000000000018 1.0000000180025095e-35 132.50000000000003 1.5588989441930619
decision_type=2 2 2 2 2 2 2 2 2 2 2 2 2 2 2 2 2 2 2 2 2 2 2 2 2 2 2 2 2 2 2 2 2 2 2 2 2 2 2 2 2 2 2 2 2
left_child=1 9 3 32 30 6 12 -7 17 10 -1 34 13 14 26 -16 25 -9 -17 -8 -18 22 23 39 31 36 27 41 -29 -28 -4 -12 40 -21 -5 -22 37 38 -15 -11 -2 -3 43 -25 -37
right_child=2 5 4 11 -6 7 19 8 -10 21 24 -13 -14 16 15 18 20 -19 -20 33 35 -23 -24 42 -26 -27 29 28 -30 -31 -32 -33 -34 -35 -36 44 -38 -39 -40 -41 -42 -43 -44 -45 -46
leaf_value=0.0023107387968670234 -0.011287007596950458 -0.0041207795008523949 -0.0071292285366636515 -0.013074550405267988 -0.011482122649339559 -0.0095947815998008307 0.0034573535131174923 -0.011334538441769926 -0.018280999236523345 -0.0062715476792174207 0.0017434513522854161 -0.0041917783199958841 0.053139007585866205 0.0025430508956024917 -0.0016308006184974134 0.012284874097408706 -0.0014504914327989284 0.0048706277593786491 0.001046900289809527 0.032265273105988167 -0.00024909376510017791 0.022963043646709924 0.0040383788845237993 0.00084448327548858619 0.042215158112392528 -0.015031348880449054 0.0020356411372612847 0.001775242065405855 -2.7285804786281176e-05 -0.011853729178057285 -0.0072689578812857696 0.031706505037936421 0.0059053230776160426 0.020161147376135814 -0.0078528581267704369 0.0076333786623698219 -0.023416999070604995 -0.025220749315100474 -0.00049188849166965649 5.7822414541730542e-05 0.0010298500452855408 0.00010554435314698574 -0.00077950495661994752 0.010880802122632718 0.0026792080569923993
leaf_weight=156 87 90 90 86 132 148 98 119 85 86 92 92 153 92 98 105 127 118 145 83 158 130 120 80 80 132 80 142 122 107 154 91 119 117 116 81 121 92 114 141 90 82 129 86 81
leaf_count=156 87 90 90 86 132 148 98 119 85 86 92 92 153 92 98 105 127 118 145 83 158 130 120 80 80 132 80 142 122 107 154 91 119 117 116 81 121 92 114 141 90 82 129 86 81
internal_value=0 0.0014025 -0.00723888 -0.00380711 -0.0125995 -3.45901e-05 0.000888063 -0.00477707 -0.00185759 0.00488674 0.00827381 -0.00864407 -2.35516e-05 -0.000469543 0.00141461 0.00487106 -0.0023023 0.00115546 0.00776892 0.00735786 0.000279018 0.0030401 0.00194401 0.000669216 0.0116477 -0.00439312 -0.000520833 0.00114416 0.00433962 -0.0043883 -0.0169388 0.00883152 0.0010101 0.010199 -0.0118227 0.00233645 -0.00279762 -0.00100334 0.00120773 -0.00274123 -0.00182584 -0.00375723 0.00329392 0.00598802 0.00552147
internal_weight=0 4081 966 590 376 2890 2420 470 322 1191 419 294 2122 1969 971 348 998 237 250 298 447 772 642 522 263 551 623 436 264 187 244 183 296 200 202 320 419 298 206 227 177 172 295 166 162
internal_count=5047 4081 966 590 376 2890 2420 470 322 1191 419 294 2122 1969 971 348 998 237 250 298 447 772 642 522 263 551 623 436 264 187 244 183 296 200 202 320 419 298 206 227 177 172 295 166 162
is_linear=0
shrinkage=0.05


Tree=40
num_leaves=50
num_cat=0
split_feature=4 50 4 46 50 20 50 37 9 11 29 50 13 29 10 35 0 2 21 18 15 46 16 13 29 40 10 10 8 27 14 36 49 0 27 2 18 50 20 45 20 21 14 29 40 10 21 10 47
split_gain=20.673 9.68335 6.03655 8.4344 5.42163 4.98656 5.01154 4.98406 3.4596 3.20612 3.08186 4.35404 3.01562 2.70471 2.68913 2.55085 2.40988 2.33699 2.01902 2.01425 1.93419 1.63935 1.67404 1.62269 1.568 2.90141 2.24848 2.6225 2.3081 2.23463 1.80585 1.46127 2.35948 1.76327 2.34697 1.38173 1.22876 1.13629 1.12542 1.05475 0.963039 0.961382 0.943854 0.8429 1.42869 0.812602 0.722951 0.694944 0.489072
threshold=3.2500000000000004 1.4744761099030941 0.62500000000000011 0.56191161272202661 1.0351507788569381 1.1869894811071284 4.5152054901559575 64.500000000000014 0.70355339059327393 1.188492063492067 8.1875000000000018 -0.3800491182545826 16.500000000000004 6.6875000000000009 1.422238336488316 63.750000000000007 83.750000000000014 707.50000000000011 0.87645719729898286 62.500000000000007 80.250000000000014 -0.20180761162458913 12.500000000000002 24.500000000000004 9.1875000000000018 54.500000000000007 1.823323412910999 1.1137115731913965 1.1177207078905298 82.937500000000014 3.5000000000000004 21.500000000000004 86.525148557519117 84.750000000000014 73.562500000000014 697.50000000000011 67.500000000000014 0.96737006127067116 0.57663204426274517 -0.39826117949089107 1.226969696969697 0.37113079475081184 2.5000000000000004 10.062500000000002 48.500000000000007 1.0835112497418278 0.21255583941343306 1.1558921810695284 3.5000000000000004
decision_type=2 2 2 2 2 2 2 2 2 2 2 2 2 2 2 2 2 2 2 2 2 2 2 2 2 2 2 2 2 2 2 2 2 2 2 2 2 2 2 2 2 2 2 2 2 2 2 2 2
left_child=1 2 15 8 -2 12 9 -6 37 21 14 -12 38 -11 -5 19 -15 36 40 23 24 -7 -23 -1 25 26 27 -21 -29 30 47 33 -33 34 -14 42 -10 43 -3 -27 -19 -30 -36 44 -4 -34 -13 -26 -28
right_child=4 5 3 10 7 6 -8 -9 17 13 11 46 31 16 -16 -17 -18 18 -20 20 -22 22 -24 -25 29 39 48 28 41 -31 -32 32 45 -35 35 -37 -38 -39 -40 -41 -42 -43 -44 -45 -46 -47 -48 -49 -50
leaf_value=0.003381851696694116 -0.006074948442276633 -0.015669628966087062 -0.0011708483026450333 -0.010424778954197115 0.0021132887634896015 0.043076786900904919 0.065108402502913568 -0.0097230357650838553 -0.0030924977737965156 -0.0057085192543287703 -0.0073311955269745738 -0.011355992560485882 -0.0030813856430913058 -0.00078869525939227476 0.0010231862771900081 0.02769541295684121 0.021575956203344817 -0.020791828586392846 -0.000469567571618168 0.0016354713015564876 -0.0013770865198752147 0.0033083779939314887 0.020057767891836966 0.00022011845551817567 0.0019313393791624168 -0.00019931866966844126 0.016066210982654271 -0.015159260033990691 0.002092965855247206 0.00047151601385033164 -0.008806975798497851 -0.012452605282368346 0.0308364293170332 -0.00071836729140974391 0.0054731282569823797 0.00079176459369459113 0.00090222160665152657 -0.00097275537245297141 -0.00066093089381382699 -0.0031512799340074117 -0.0063827204669692607 -0.00078193224724374408 0.012522225496758067 0.0020730596661119984 0.0025580291584781814 -7.7418160525183366e-05 -0.013659776279956799 -0.002192173722941121 0.019285563288717111
leaf_weight=113 158 81 82 118 110 85 157 97 96 140 104 80 99 146 102 82 118 142 121 80 107 101 114 108 97 114 80 80 80 93 86 116 81 94 89 96 108 83 121 95 84 83 125 101 109 84 80 108 93
leaf_count=113 158 81 82 118 110 85 157 97 96 140 104 80 99 146 102 82 118 142 121 80 107 101 114 108 97 114 80 80 80 93 86 116 81 94 89 96 108 83 121 95 84 83 125 101 109 84 80 108 93
internal_value=0 0.000105108 -0.00169244 -0.00403969 -0.0122268 0.00293561 0.00571346 -0.00685096 -0.00124056 0.00390071 -0.00938144 -0.0130189 0.000506586 0.000987654 -0.00497738 0.000516667 0.00396226 -0.00375906 -0.00625 1.76305e-05 -0.000793651 0.00780731 0.00543981 0.00439189 -0.00016055 0.00123938 0.00331992 0.000848765 -0.0017418 -0.00272727 -0.00488014 0.00191083 -0.000975177 0.00352183 0.00493902 0.00707395 0.000487805 0.00246011 -0.00492611 -0.00369048 -0.00903084 0.00167683 0.00930233 0.00392491 0.00195312 0.00286145 -0.00776398 -0.00230583 0.0079023
internal_weight=0 4756 2909 1410 365 1847 861 207 926 704 484 264 986 404 220 1499 264 551 347 1417 1196 300 215 221 1089 705 496 323 243 384 291 784 281 503 409 310 204 375 202 209 226 163 214 292 191 165 160 205 173
internal_count=5121 4756 2909 1410 365 1847 861 207 926 704 484 264 986 404 220 1499 264 551 347 1417 1196 300 215 221 1089 705 496 323 243 384 291 784 281 503 409 310 204 375 202 209 226 163 214 292 191 165 160 205 173
is_linear=0
shrinkage=0.05


Tree=41
num_leaves=49
num_cat=0
split_feature=4 43 50 4 47 4 29 38 30 29 20 12 15 45 35 37 13 35 40 7 21 4 29 18 37 23 27 31 13 20 37 50 29 50 6 2 30 30 9 42 41 48 29 18 28 6 10 13
split_gain=18.2197 8.88734 5.93927 4.2881 4.61344 4.2104 3.62157 3.3825 4.24929 3.2022 3.99799 2.86833 2.72893 2.40248 2.17645 2.03792 1.9829 1.81941 2.52445 2.3634 1.86911 2.16155 1.70658 1.60175 1.54047 2.78232 1.54006 1.48699 1.4637 1.51801 1.40316 1.77189 1.74189 1.31777 1.21699 1.68158 2.64311 2.48297 2.01662 1.8468 1.65914 1.59658 1.08134 1.04317 1.03282 1.00437 0.917673 0.7596
threshold=3.2500000000000004 -0.74999999999999989 1.0351507788569381 1.0000000180025095e-35 10.500000000000002 0.62500000000000011 8.6875000000000018 2.5000000000000004 169.37500000000003 7.5625000000000009 0.61139144503994347 1.0975378787878827 77.250000000000014 -0.21861968191509915 51.250000000000007 64.500000000000014 23.500000000000004 12.708349999999998 44.500000000000007 0.47362637362637372 0.97547949613434792 0.62500000000000011 7.0625000000000009 62.500000000000007 5.5000000000000009 89.250000000000014 76.687500000000014 6.5000000000000009 14.500000000000002 1.5299633699633701 47.500000000000007 1.0980894131579293 7.3125000000000009 1.4744761099030941 2.8714285714285719 712.50000000000011 85.625000000000014 76.875000000000014 0.6860595800775261 1.2500000000000002 1.5000000000000002 0.0069276018397549733 10.562500000000002 137.50000000000003 72.937500000000014 -1.712915523707384e-16 1.2912841987848005 25.500000000000004
decision_type=2 2 2 2 2 2 2 2 2 2 2 2 2 2 2 2 2 2 2 2 2 2 2 2 2 2 2 2 2 2 2 2 2 2 2 2 2 2 2 2 2 2 2 2 2 2 2 2
left_child=1 5 -2 11 7 27 13 8 14 10 -6 12 28 -7 17 -4 46 18 23 47 21 -19 -9 42 -18 43 -8 -1 -3 -30 31 -10 -33 45 35 37 -37 -25 39 -39 -40 -38 -5 -26 -21 -11 -13 -20
right_child=2 3 15 4 9 6 26 22 30 33 -12 16 -14 -15 -16 -17 24 20 19 44 -22 -23 -24 34 25 -27 -28 -29 29 -31 -32 32 -34 -35 -36 36 41 38 40 -41 -42 -43 -44 -45 -46 -47 -48 -49
leaf_value=-0.007192459942952166 -0.0057863004565934023 0.0041673214579148491 -0.01046473018039522 -0.00012480134742909321 -0.014763638659879558 -0.011719532383288694 -0.0082763910228428883 -0.019551769255455417 -0.0020210489635839935 -0.0085031094407730483 0.0063461832015292213 7.1453721715802892e-05 -0.00057790995421266313 0.0053192025500404362 0.028888588653153715 -0.0082207064552076489 -0.00092286915912504494 -0.00011543054177877156 0.0004058622806880519 0.00059859246963850929 0.00089792991416404178 -0.0082580785496805375 -6.2720300372010043e-05 -0.0022404413384087773 0.027118795343537828 -0.0001684213384871125 -0.0095213566396876795 0.0035403023162426332 0.0087300699193793904 0.035451200147183136 0.034855134129633883 0.014707863905148688 0.046229616631487391 -0.008644422348738412 -0.0068202838684714665 0.0017081213671867935 -0.0035640606664015199 -0.0027767149144926951 0.0095368072788409378 0.0030068432364483092 0.00092220754027835252 -0.022855929035210634 0.0030284106061667874 0.0033729844979231149 -0.00030888877892067958 -0.014239996460157217 -0.0032251707186325973 0.0058269066992866604
leaf_weight=130 158 84 115 94 83 82 80 118 105 89 130 92 87 82 81 90 124 114 83 81 100 141 113 80 153 146 83 119 95 122 112 104 92 85 106 83 138 81 100 101 80 82 82 92 159 88 109 104
leaf_count=130 158 84 115 94 83 82 80 118 105 89 130 92 87 82 81 90 124 114 83 81 100 141 113 80 153 146 83 119 95 122 112 104 92 85 106 83 138 81 100 101 80 82 82 92 159 88 109 104
internal_value=0 5.33049e-06 -0.0116071 0.000820369 -0.000157807 -0.00580589 -0.00952744 0.000690335 0.00126953 -0.00467437 -0.000116822 0.00348416 0.00694087 -0.00424242 0.00026441 -0.0059466 0.00160391 -9.66851e-05 0.000687285 0.00391355 -0.00330056 -0.00556641 -0.00506466 -0.000656615 0.00324612 0.00478316 -0.0147866 -0.0009 0.00918874 0.0113532 0.00585749 0.00405629 0.00685279 -0.00836502 -0.00155516 -0.000837802 -0.00370066 0.00112867 0.00289256 -0.000819672 0.00662983 -0.00656109 0.00367232 0.00802846 0.000622407 -0.0108146 -0.00259901 0.0081117
internal_weight=0 4689 363 4113 3009 576 327 2534 2303 475 213 1104 388 164 1890 205 716 1809 1454 427 355 255 231 1027 515 391 163 249 301 217 413 301 196 262 851 745 303 442 362 182 180 220 176 245 240 177 201 187
internal_count=5052 4689 363 4113 3009 576 327 2534 2303 475 213 1104 388 164 1890 205 716 1809 1454 427 355 255 231 1027 515 391 163 249 301 217 413 301 196 262 851 745 303 442 362 182 180 220 176 245 240 177 201 187
is_linear=0
shrinkage=0.05


Tree=42
num_leaves=48
num_cat=0
split_feature=4 4 47 12 0 49 42 29 13 4 17 29 25 50 50 8 2 47 25 30 30 8 37 29 4 11 5 48 35 50 50 34 29 38 6 12 42 13 4 29 46 13 17 27 46 46 8
split_gain=19.6023 8.96987 10.0714 6.0535 5.78668 5.49667 5.13558 4.43002 3.13182 2.82161 2.72508 2.71196 2.61221 2.42221 2.05461 1.47902 1.44803 2.62387 2.362 1.6837 2.40074 1.67073 1.93593 1.63382 2.26478 1.46212 1.6993 1.71024 1.36754 1.38195 1.36359 1.34821 1.33999 1.33615 2.30869 2.00081 1.84736 2.04459 1.75462 1.41309 1.62073 2.4688 1.3045 1.21375 1.10777 0.887911 0.421771
threshold=3.7500000000000004 0.62500000000000011 10.500000000000002 1.5357142857142849 81.750000000000014 86.075906756682528 -0.74999999999999989 7.6875000000000009 14.500000000000002 1.7500000000000002 0.85449735449735453 8.6875000000000018 1.0000000180025095e-35 4.2823454033010231 4.9575011044086077 0.69432494279176216 727.50000000000011 7.5000000000000009 1.5000000000000002 165.62500000000006 115.00000000000003 1.4360869565217393 17.500000000000004 7.1875000000000009 1.0000000180025095e-35 2.7500000000000004 1.0000000180025095e-35 0.11239934492054431 8.7500000000000018 1.4176913219690237 3.7481786663148573 0.87500000000000011 5.8125000000000009 1.0000000180025095e-35 1.5701725633984358e-16 3.1904761904761938 1.0000000180025095e-35 25.500000000000004 1.2500000000000002 11.937500000000002 -0.24372464231556024 35.500000000000007 0.86811594202898557 77.187500000000014 -0.82413948779581736 0.80290535434334509 1.5208695652173916
decision_type=2 2 2 2 2 2 2 2 2 2 2 2 2 2 2 2 2 2 2 2 2 2 2 2 2 2 2 2 2 2 2 2 2 2 2 2 2 2 2 2 2 2 2 2 2 2 2
left_child=1 3 6 4 8 -2 11 32 -1 12 -7 -3 -4 33 16 -14 18 21 19 20 25 -18 -23 -20 -25 26 27 -5 29 -9 45 -19 -6 35 38 36 37 -8 -35 40 44 43 -22 -42 -38 -10 -34
right_child=5 2 9 14 7 10 13 28 30 -11 -12 -13 15 -15 -16 -17 17 31 23 -21 42 22 -24 24 -26 -27 -28 -29 -30 -31 -32 -33 46 34 -36 -37 39 -39 -40 -41 41 -43 -44 -45 -46 -47 -48
leaf_value=0.0019352707710067474 -0.00650151015356429 -0.0051410395867523412 0.0013196469933527161 0.0026382746763203291 0.0097018702035004192 -0.0030225705938741834 0.00096107222145475903 -0.0001498856129056314 0.030236232754570228 -0.0064652512871127155 -0.0098834818887319105 -0.012353104278509712 -0.0096748605541070176 0.037493501378693228 0.038974013515525124 -0.0070006952579409649 -0.0017329857645648761 -0.0010135489271070664 0.00077643755856692258 0.016062911752058463 0.00046494345453304277 0.0073500309424667128 -0.0033264732077354364 -0.00059988037024438778 -0.0083561198313676366 -0.00052164141168279385 0.0071911564295527673 -0.0013232542630383962 0.0022769830032499327 -0.0057244249291897092 0.064262208723751796 -0.008146964927068609 0.0074262966660383796 -0.0001708558528533466 0.0021705675122056347 0.004115640188657255 -0.0003837424386067545 -0.016361431377638413 -0.020173732451387955 0.0016839679656694307 -0.00062443520841206084 0.0067680672014451861 -0.0043365880480957355 -0.0076741090566365029 0.001466943994150971 0.0099004938754982848 0.027565647134288159
leaf_weight=85 127 121 80 129 97 110 102 112 95 125 88 110 96 82 141 81 148 131 90 106 80 115 92 97 85 116 128 82 96 92 94 116 81 90 133 99 102 117 117 130 104 94 107 157 151 94 90
leaf_count=85 127 121 80 129 97 110 102 112 95 125 88 110 96 82 141 81 148 131 90 106 80 115 92 97 85 116 128 82 96 92 94 116 81 90 133 99 102 117 117 130 104 94 107 157 151 94 90
internal_value=0 -0.000135671 -0.00259321 0.00176852 0.00501601 -0.0128067 -0.000950292 0.00184534 0.0098916 -0.00992167 -0.00753769 -0.00786638 -0.00687984 0.000135227 4.2517e-05 -0.0102528 -0.000462107 -0.00240464 0.000685602 0.00213618 0.00116641 0.000351124 0.00324519 -0.0032967 -0.00601093 0.003125 0.00477941 0.00200472 -0.00232558 -0.00463415 0.012412 -0.00635081 0.00650558 -0.00035791 -0.00307918 0.000520341 -0.000182672 -0.00420455 -0.00637019 0.00101488 0 -0.00217697 -0.00359043 -0.00467557 0.00305118 0.00986842 0.00915698
internal_weight=0 4790 2091 2699 936 325 1709 568 368 382 198 231 257 1478 1763 177 1622 602 1020 748 642 355 207 272 182 455 339 211 300 204 283 247 268 1396 340 1056 957 219 207 738 608 355 187 261 253 189 171
internal_count=5115 4790 2091 2699 936 325 1709 568 368 382 198 231 257 1478 1763 177 1622 602 1020 748 642 355 207 272 182 455 339 211 300 204 283 247 268 1396 340 1056 957 219 207 738 608 355 187 261 253 189 171
is_linear=0
shrinkage=0.05


Tree=43
num_leaves=48
num_cat=0
split_feature=43 7 8 39 46 50 7 19 7 40 40 28 15 35 18 1 45 30 17 2 17 36 30 10 6 11 36 8 37 44 18 37 3 46 29 35 42 9 21 8 27 21 3 13 50 16 46
split_gain=9.99567 6.99827 6.46073 6.09274 5.30718 3.8899 4.70208 3.34779 3.33673 3.23943 3.63371 3.17758 3.15745 3.5029 2.58541 2.51705 2.06304 2.37708 1.89216 1.84991 2.13593 2.33118 2.26669 2.2378 2.21194 1.79562 3.17706 2.44354 3.54907 1.76721 1.61604 1.49463 1.58542 1.37251 1.27494 1.2476 1.22839 1.6107 1.17679 1.12199 1.70541 1.72564 1.11937 1.08713 1.59417 1.07175 0.486217
threshold=-0.74999999999999989 -0.25174825174825155 0.70549328375118869 2.5000000000000004 0.26659387353423869 3.79733352106819 1.732867132867133 1.9327362292879535 0.71378621378621399 65.500000000000014 55.500000000000007 66.312500000000014 72.500000000000014 8.7500000000000018 122.50000000000001 80.250000000000014 0.29342972903661901 169.37500000000003 1.0871212121212122 627.50000000000011 0.57518796992481214 33.500000000000007 110.62500000000003 1.479671783691576 0.34285714285714292 1.5639534883720965 2.5000000000000004 1.8848150292363808 48.500000000000007 11.250000000000002 67.500000000000014 20.500000000000004 32.500000000000007 0.21652257995689161 6.8125000000000009 8.7500000000000018 8.2500000000000018 0.70355339059327393 -0.88770366731385753 1.3173913043478263 82.520825000000016 0.98996372864181137 37.500000000000007 24.500000000000004 0.56584945318623892 10.500000000000002 0.11478523713130605
decision_type=2 2 2 2 2 2 2 2 2 2 2 2 2 2 2 2 2 2 2 2 2 2 2 2 2 2 2 2 2 2 2 2 2 2 2 2 2 2 2 2 2 2 2 2 2 2 2
left_child=2 3 11 4 9 7 8 19 -7 10 30 -1 13 -4 -14 45 25 18 31 -3 -21 22 39 24 -24 26 -9 28 43 38 -2 32 -18 -19 -28 -20 37 -10 -23 40 41 -22 -42 -27 -45 -6 -8
right_child=1 5 12 -5 15 6 46 16 36 -11 -12 -13 14 -15 -16 -17 17 33 35 20 21 29 23 -25 -26 27 34 -29 -30 -31 -32 -33 -34 -35 -36 -37 -38 -39 -40 -41 42 -43 -44 44 -46 -47 -48
leaf_value=-0.0048709604879809965 0.0037325608814440417 -0.0082576291913151363 -0.0086359122522536771 -0.0095471417612503513 -0.0093726967278944025 0.038311087199590976 0.067460503276274619 0.014556678253994933 0.0061966813707442728 -0.0087746135437041118 0.021487020288703518 -0.0042893132399960641 -0.011172995953988421 -0.00063543554135505611 0.0060309314716338663 -0.0098200328553100964 0.0042698169185649308 0.0324097658615266 -0.0058127159670978597 0.0026525324766975334 -0.0013687581019240726 -0.00038705621864774112 -0.0014776702101841621 -0.00031832696590723409 -0.0077253556249499812 0.000234485573110943 0.0055757401394543439 -0.0080509566316293701 0.0078563339572611975 -0.0013729294824049777 -0.0011755954152085635 -0.0012770488819499604 0.0008335794509755079 0.012835063021776928 -0.0018544594820963157 0.001203656752045651 0.11654304662451231 -0.049249758909793911 0.0034979378972533892 -0.0015728891434021509 0.0025150111082946737 0.000109343229691386 1.0909248468143895e-05 -0.014045521681924295 -0.000481820484924006 0.0045176419045471266 0.041757596891114891
leaf_weight=94 103 153 131 156 84 83 81 96 83 105 85 83 141 88 86 154 116 85 83 157 102 81 88 143 149 100 116 83 81 104 125 91 108 97 101 82 81 87 157 146 88 84 92 100 118 85 83
leaf_count=94 103 153 131 156 84 83 81 96 83 105 85 83 141 88 86 154 116 85 83 157 102 81 88 143 149 100 116 83 81 104 125 91 108 97 101 82 81 87 157 146 88 84 92 100 118 85 83
internal_value=0 -0.00048897 -0.0072516 -0.0044265 -0.00252695 0.000521429 0.00460922 -0.000158228 0.00119403 0.00119332 0.00374204 -0.015309 -0.00402685 -0.00829545 0.000109649 -0.00733025 0.00156036 0.00361991 0.00176715 -0.00177994 -0.0012033 -0.00190283 -0.00324748 -0.00616798 -0.00913866 -0.000157035 0.00278662 -0.00207039 -0.0004375 0.0016035 0.000436681 0.00403481 0.00622222 0.00846995 -0.000573394 -0.00256024 -0.00168651 -0.00409357 0.0039749 -0.00107212 0.000408719 -0.00294118 0.0038674 -0.00282132 -0.00479452 -0.00308824 0.0115152
internal_weight=0 4396 623 897 741 3499 498 3001 334 418 313 177 446 219 227 323 1457 662 480 1544 1391 1234 892 380 237 795 313 482 399 342 228 315 224 182 217 165 251 170 238 512 366 186 180 318 218 169 164
internal_count=5019 4396 623 897 741 3499 498 3001 334 418 313 177 446 219 227 323 1457 662 480 1544 1391 1234 892 380 237 795 313 482 399 342 228 315 224 182 217 165 251 170 238 512 366 186 180 318 218 169 164
is_linear=0
shrinkage=0.05


Tree=44
num_leaves=51
num_cat=0
split_feature=4 46 50 46 29 8 29 50 19 17 37 34 47 2 20 10 33 41 4 25 13 8 4 35 12 40 40 37 19 34 46 20 46 37 12 4 7 4 40 1 33 0 0 17 42 19 23 20 50 35
split_gain=16.2655 7.3886 5.98921 5.5542 5.67327 3.74304 4.38635 3.28976 3.83781 3.20195 3.59814 3.10794 2.60865 2.53646 2.42413 2.36546 2.355 2.31863 2.28371 1.9838 2.7334 2.16179 1.91618 1.90783 1.78397 2.32658 1.63867 1.61104 1.51476 1.50955 2.07566 1.45584 1.44321 2.16689 1.59493 1.43051 1.27446 2.39074 1.25391 1.23522 1.2017 1.08645 0.968466 0.906106 0.858487 0.827681 0.780343 0.780214 0.722379 0.638762
threshold=2.1250000000000004 0.36447543099728863 0.15867528786654364 0.36447543099728863 6.6875000000000009 1.1973913043478266 8.3125000000000018 4.9575011044086077 1.3503099424681957 0.85449735449735453 62.500000000000007 0.87500000000000011 10.500000000000002 732.50000000000011 2.1883329012185642 1.5951072541767612 1.1250000000000002 3.5000000000000004 1.2500000000000002 1.0000000180025095e-35 28.500000000000004 0.34173913043478271 3.7500000000000004 12.708349999999998 2.4852941176470584 16.500000000000004 74.500000000000014 20.500000000000004 0.84952380952380968 1.8333499999999996 0.36447543099728863 0.57663204426274517 -0.21862536810265826 14.500000000000002 1.4166666666666645 0.62500000000000011 6.9874176375009865e-17 0.62500000000000011 2.5000000000000004 86.500000000000014 0.76785000000000292 81.750000000000014 84.750000000000014 0.7543103448275863 -1.0000000180025095e-35 1.9210750039726683 81.250000000000014 0.98199126620179256 1.1615093134243824 8.7500000000000018
decision_type=2 2 2 2 2 2 2 2 2 2 2 2 2 2 2 2 2 2 2 2 2 2 2 2 2 2 2 2 2 2 2 2 2 2 2 2 2 2 2 2 2 2 2 2 2 2 2 2 2 2
left_child=2 9 3 14 46 12 7 8 28 10 -2 16 13 19 26 -11 39 38 27 20 31 24 -3 32 25 -21 36 47 -7 30 -13 -4 34 -34 -23 -14 -1 44 -8 -10 -31 -19 -36 -15 -38 -39 -5 -6 -40 -16
right_child=1 22 5 4 18 6 17 -9 11 15 -12 29 35 43 49 -17 -18 41 -20 21 -22 23 -24 -25 -26 -27 -28 -29 -30 40 -32 -33 33 -35 42 -37 37 45 48 -41 -42 -43 -44 -45 -46 -47 -48 -49 -50 -51
leaf_value=0.0030815867485195188 0.0097473943688368651 -0.0053281602474506617 -0.0054045087468383938 0.0094378015579029591 -0.0083393048863868186 0.00055652535417521909 -0.0087142321670341527 0.060108618903945144 0.002618765409493096 -0.0089661500614489492 -0.0059816954371447219 0.038525406801210527 -0.00094656991400944861 -0.013322840182985152 -0.00081371870981307166 -0.008798948422873298 0.02895651716828658 0.017292471389078762 -0.0080071215671216923 0.0071363573739144821 0.0021975933563586542 -0.0005110916192233695 -0.0047061560465123976 -0.0019908904816851925 0.01352409947373886 -0.0020705774015461254 0.0055030923162708778 -0.0057339595921963773 -0.0076075841341432362 0.001289269958236583 0.021888489745029095 -0.00014945262281054197 0.0023727016473668039 -0.0038622083969137911 0.025348388466753458 -0.011832694077676651 0.0034688474787105436 -0.022545564051489921 -0.00054556073324760754 -0.0024460514905984445 0.025632268877049325 -2.3632624621938716e-05 0.00050352980535480765 -0.00088023573749802526 -0.00025115533582742433 -0.0072732997251749977 -0.0060921778553386209 -0.011794695471805089 0.00061240021191035778 -0.0078078971595065723
leaf_weight=80 128 114 102 84 85 115 101 82 98 82 105 121 132 81 86 94 99 82 110 81 140 83 84 158 84 86 96 122 80 95 91 115 147 83 88 139 90 83 82 113 107 81 108 115 91 81 81 96 116 93
leaf_count=80 128 114 102 84 85 115 101 82 98 82 105 121 132 81 86 94 99 82 110 81 140 83 84 158 84 86 96 122 80 95 91 115 147 83 88 139 90 83 82 113 107 81 108 115 91 81 81 96 116 93
internal_value=0 -0.00867599 3.90277e-05 -0.00285379 -0.00647668 0.00119308 0.00305669 0.00491517 0.00404891 -0.00481707 -0.000961538 0.00572414 -0.00037292 0.00045856 0.000142653 -0.00988701 0.00192926 -0.000971922 -0.00960145 0.00127351 -0.00188547 0.00250272 -0.0165829 0.00101048 0.00644841 0.00342262 0.00186782 -0.00731908 -0.00216837 0.00855422 0.0115023 -0.00538991 0.0025 -0.0004329 0.00491071 -0.00487132 0.000528169 -0.000794798 -0.00358333 -0.00106132 0.00541872 0.00381098 0.00736041 -0.00482234 0.00315934 -0.00515152 0.00135542 -0.0103022 -0.00125628 -0.00486111
internal_weight=0 607 4483 1278 578 3205 1463 1001 919 409 233 724 1742 1471 700 176 310 462 413 1275 357 918 198 667 251 167 521 303 195 414 212 217 509 230 279 271 425 345 299 211 202 163 196 196 181 164 165 181 198 179
internal_count=5090 607 4483 1278 578 3205 1463 1001 919 409 233 724 1742 1471 700 176 310 462 413 1275 357 918 198 667 251 167 521 303 195 414 212 217 509 230 279 271 425 345 299 211 202 163 196 196 181 164 165 181 198 179
is_linear=0
shrinkage=0.05


Tree=45
num_leaves=49
num_cat=0
split_feature=4 42 42 30 30 35 46 43 36 0 2 37 45 19 2 29 6 19 46 17 22 46 20 8 20 20 29 19 45 37 19 28 12 18 6 18 29 14 18 19 36 29 8 2 9 7 20 30
split_gain=17.1453 7.28038 5.60564 6.25405 4.68723 4.91099 4.95419 6.02753 4.45936 4.19729 3.84115 3.51065 2.71192 2.21299 2.16719 2.94487 2.05014 1.94363 2.06727 2.07855 1.91781 1.89196 1.88952 1.86442 1.75549 1.59483 1.53268 1.51057 1.49814 1.4623 1.39425 1.34093 1.29343 1.26676 2.09269 1.92461 2.12373 1.81794 1.68444 1.44365 1.33589 1.20325 1.1932 1.20086 1.12411 0.871456 0.86856 0.650434
threshold=2.1250000000000004 2.7500000000000004 -2.2499999999999996 175.62500000000003 45.625000000000007 30.625000000000004 0.3484035575467645 0.75000000000000011 35.500000000000007 81.750000000000014 647.50000000000011 33.500000000000007 -0.14250824554987665 0.17194423223834995 677.50000000000011 6.4375000000000009 -1.712915523707384e-16 3.3263799116484543 0.5475998096715059 0.87228260869565222 80.750000000000014 -0.71502926860092908 1.8447681068797757 0.88434782608695672 1.0589994493644752 2.0198142414860683 8.4375000000000018 2.1523326572008119 0.42179998225932674 33.500000000000007 1.6672637707120468 68.562500000000014 2.5499999999999976 112.50000000000001 -0.34285714285714292 177.50000000000003 6.8125000000000009 4.5000000000000009 97.500000000000014 1.9791551664654132 13.500000000000002 8.9375000000000018 1.2748681758537421 677.50000000000011 0.7523853220844654 0.79860139860139878 0.25870796611619751 91.875000000000014
decision_type=2 2 2 2 2 2 2 2 2 2 2 2 2 2 2 2 2 2 2 2 2 2 2 2 2 2 2 2 2 2 2 2 2 2 2 2 2 2 2 2 2 2 2 2 2 2 2 2
left_child=2 9 -1 4 -4 6 13 14 24 11 -5 -2 31 32 -8 -16 -14 18 19 -12 -20 -11 -19 26 -7 -21 29 30 47 -15 45 -9 -6 37 -35 36 -36 38 39 40 -25 -38 43 -18 -39 46 -28 -17
right_child=1 -3 3 10 5 8 7 12 -10 21 17 -13 16 23 15 28 42 22 20 25 -22 -23 -24 33 -26 -27 27 -29 -30 -31 -32 -33 -34 34 35 -37 41 44 -40 -41 -42 -43 -44 -45 -46 -47 -48 -49
leaf_value=-0.01625555904442913 -0.0043541812045289636 0.0023724084038325129 0.022778509544862907 -0.019164335138378709 0.00018711142804202774 0.009142126532056075 -0.0025993806280862771 -0.00082221450895085817 -0.0037418648437067994 -0.0026319743745769029 0.025982624657286454 -0.0066199061301837215 0.0045684119045845215 -0.0015495852347364059 -0.0047583200841416267 -0.0090038105380797536 0.00054544349045067275 0.0061136299221067674 0.0073882537105102375 -0.0019285480932859313 -0.0083191507425392722 -0.0078333316375076342 0.030790459199681375 -0.00044085105791779049 0.034466557882673124 0.017798892136405571 0.0021720188653283901 0.0041394707453797754 -0.0093347982945421633 0.00072324409936909699 -0.0019352518098991857 -0.017628736277781207 0.006691648929958805 0.0013361400193548036 -0.0049529073861173337 -0.002464270666619384 0.0019698397820312992 -0.0012738495001035856 -0.0044311876062265885 -0.0014932244473173874 0.0019364819194984673 -0.00033025059223609765 0.0046045709781146306 -0.017147524334575254 -0.0033438403948907792 0.0018667068115444275 -0.00013499065026568725 -0.0084815767248797424
leaf_weight=80 130 146 122 111 80 84 95 132 127 84 154 144 90 84 88 116 90 83 146 143 90 84 87 85 144 98 81 83 87 143 81 98 90 113 101 80 110 94 132 109 122 132 87 82 90 89 93 87
leaf_count=80 130 146 122 111 80 84 95 132 127 84 154 144 90 84 88 116 90 83 146 143 90 84 87 85 144 98 81 83 87 143 81 98 90 113 101 80 110 94 132 109 122 132 87 82 90 89 93 87
internal_value=0 -0.0089983 7.19982e-05 0.000310104 -0.00064594 -0.000992647 -0.00164204 -0.00441595 0.00456461 -0.0121896 0.00399781 -0.016 -0.000991379 -0.000175615 -0.00859705 -0.0102902 0.00178571 0.00520574 0.00391614 0.00612374 0.00021097 -0.00591716 0.00994152 -0.000685683 0.00873362 0.00320248 0.00145038 0.00321262 -0.0127148 -0.00186404 0.00173913 -0.00519481 0.00526316 -0.00188195 -9.31099e-05 -0.00170991 -7.26744e-05 -0.00339652 -0.00167038 0.000315457 0.00276442 0.00246914 -0.000480769 -0.00289017 -0.00756757 0.00350379 0.00142857 -0.0150735
internal_weight=0 588 4513 4433 3521 3399 3044 1052 355 442 912 274 579 1992 473 378 349 801 631 395 236 168 170 1822 228 241 654 427 290 227 344 230 170 1168 536 423 343 632 448 316 207 242 259 172 184 263 174 203
internal_count=5101 588 4513 4433 3521 3399 3044 1052 355 442 912 274 579 1992 473 378 349 801 631 395 236 168 170 1822 228 241 654 427 290 227 344 230 170 1168 536 423 343 632 448 316 207 242 259 172 184 263 174 203
is_linear=0
shrinkage=0.05


Tree=46
num_leaves=49
num_cat=0
split_feature=4 30 50 50 46 8 37 0 29 17 47 8 4 43 4 13 46 46 50 20 0 29 29 21 6 13 21 45 10 50 9 21 18 18 45 9 13 13 20 20 5 29 10 10 14 21 21 17
split_gain=16.0306 7.57203 6.35659 3.86255 3.93565 4.01544 3.53834 3.47756 3.26896 3.1088 2.55713 2.37081 2.28521 2.16858 1.98715 1.77978 1.61067 1.51225 3.00254 2.46624 2.42105 3.00296 2.08391 2.02074 1.69308 1.78418 1.50468 1.34665 1.32905 1.66335 1.32743 1.51756 1.32536 1.32103 1.14351 1.09588 1.06957 1.34056 1.37407 1.44156 2.05808 1.05767 1.89934 1.03276 0.878217 0.873617 0.805399 0.61667
threshold=2.1250000000000004 179.37500000000003 0.25503629455350568 -0.42713934070841469 -0.30164489695395946 1.233913043478261 66.500000000000014 70.250000000000014 8.1875000000000018 0.81649831649831661 7.5000000000000009 1.3800000000000003 3.7500000000000004 0.75000000000000011 1.0000000180025095e-35 26.500000000000004 0.063390085881955341 -0.24372464231556024 2.5874306697880276 1.1508000771158666 80.250000000000014 5.9375000000000009 7.0625000000000009 1.5887084983965283 -1.1999999999999993 28.500000000000004 -0.22862137862138351 -0.814291907305839 1.0113166843822727 1.4176913219690237 0.56506053379109633 0.19840444840443186 122.50000000000001 102.50000000000001 -0.26037633224328088 0.63660201852143727 14.500000000000002 19.500000000000004 0.20892736295962111 1.0203652938926433 -1.0000000180025095e-35 7.5625000000000009 1.2112828555214545 1.2544668640371113 3.5000000000000004 -0.79769320408921363 0.46956218347772355 0.5240274599542335
decision_type=2 2 2 2 2 2 2 2 2 2 2 2 2 2 2 2 2 2 2 2 2 2 2 2 2 2 2 2 2 2 2 2 2 2 2 2 2 2 2 2 2 2 2 2 2 2 2 2
left_child=1 3 12 4 5 -1 9 -5 34 -4 11 35 -2 -13 -12 -10 -15 18 28 47 21 -19 -23 24 -22 33 -27 -16 29 -9 31 -24 46 -26 -6 -3 -30 -38 -39 45 -41 -35 -43 -42 -45 -40 -32 -20
right_child=2 10 6 7 8 -7 -8 17 15 -11 14 13 -14 16 27 -17 -18 20 19 -21 23 22 30 -25 25 26 -28 -29 36 -31 32 -33 -34 41 -36 -37 37 38 39 40 43 42 -44 44 -46 -47 -48 -49
leaf_value=0.0042261141345701194 -0.0048824402000613772 0.022235674686966581 0.0061499057394739072 0.028547841277354036 -0.0091543620707519365 -0.015929243775985893 -0.0077872487464196423 0.0011527378469687432 -0.013108779792305554 -0.0096824913627158483 0.014704177664779062 0.0027434070633502784 -0.0041103715735800348 0.058194345956557883 0.0076464014009508755 -0.0040110172382580855 0.013121202538330401 0.015590435702600051 -0.0078632910083435478 0.03337546537951646 -0.0092248906250617831 -0.0072142205292428209 -0.0099282490731558322 0.0018697412783342971 -0.0018732784343168662 -0.015048555305791257 -0.0025136667657768342 -0.0085049628197349635 -0.0017711587214463476 -0.00037912888757522524 0.0083906283494447897 0.0021104871050836916 -0.0022152321102375527 0.003095171212260345 0.0015812443574295281 -0.0061163616597735395 0.0011559330149147368 -0.0022072912318733097 -0.00011825933674689538 0.00072520002171128366 -0.0010175875000365709 0.002374624838725531 -0.0068708506557922273 4.9550938739229002e-05 -0.0015669958576148447 0.0013481750352156597 0.0018123114695091759 0.013075166098216247
leaf_weight=99 119 80 138 101 84 129 104 91 99 139 115 125 95 101 87 95 141 90 80 105 134 91 108 106 128 86 156 133 88 92 81 81 153 82 82 95 102 101 84 88 84 89 83 136 142 87 89 80
leaf_count=99 119 80 138 101 84 129 104 91 99 139 115 125 95 101 87 95 141 90 80 105 134 91 108 106 128 86 156 133 88 92 81 81 153 82 82 95 102 101 84 88 84 89 83 136 142 87 89 80
internal_value=0 -0.000206289 -0.00893456 -0.00121985 -0.0049236 0.000218341 -0.00503927 -0.000496853 -0.00817175 -0.00206835 0.00395786 0.00607735 -0.015814 0.00835598 0.000520833 -0.0125641 0.0111111 -0.000813914 0.000404115 0.00516917 -0.00187741 0.000324207 -0.000951987 -0.00364162 -0.00454545 -0.00344 -0.00679012 -0.00226244 -0.000752737 0.003125 0.000292398 -0.00302632 0.00223765 -0.00130548 -0.00299401 0.00127841 -0.00153341 -0.000969697 -0.00172891 -0.000844051 -0.00232816 0.000784314 -0.00144509 -0.00399449 -0.00250896 0.00305233 0.00526316 0.00124224
internal_weight=0 4483 595 3606 588 228 381 3018 360 277 877 542 214 367 335 194 242 2917 1360 265 1557 693 603 864 758 624 242 220 1095 183 512 189 323 382 166 175 912 824 722 621 450 254 172 362 278 171 170 160
internal_count=5078 4483 595 3606 588 228 381 3018 360 277 877 542 214 367 335 194 242 2917 1360 265 1557 693 603 864 758 624 242 220 1095 183 512 189 323 382 166 175 912 824 722 621 450 254 172 362 278 171 170 160
is_linear=0
shrinkage=0.05


Tree=47
num_leaves=49
num_cat=0
split_feature=4 42 0 47 30 0 42 36 36 17 42 4 27 30 42 0 6 14 29 15 42 45 28 45 2 6 47 45 44 0 7 21 45 14 33 36 10 7 47 34 17 16 42 27 21 31 42 49
split_gain=14.4483 8.04697 6.07825 3.91502 5.03063 3.61052 3.43751 3.25318 2.43158 2.42619 2.12008 2.05937 2.03455 1.99867 2.34805 1.86813 1.82878 1.87358 1.64863 1.60073 1.58316 1.41722 1.36482 1.4273 1.4052 1.80024 1.3138 1.30885 1.22721 2.47697 1.97882 2.46497 1.98359 2.12315 1.91012 1.84505 1.70652 1.38371 1.24111 1.1853 1.38862 2.0682 1.15966 1.10394 1.08521 0.989099 0.859846 0.500567
threshold=1.7500000000000002 -0.74999999999999989 71.625000000000014 10.500000000000002 171.87500000000003 81.750000000000014 4.2500000000000009 9.5000000000000018 57.500000000000007 0.83045977011494265 -1.0000000180025095e-35 1.0000000180025095e-35 84.062500000000014 56.875000000000007 4.2500000000000009 80.750000000000014 5.9142857142857155 12.500000000000002 7.5625000000000009 50.500000000000007 -1.7499999999999998 0.30983042691905771 56.062500000000007 0.99053107487289871 652.50000000000011 -0.34285714285714264 3.5000000000000004 0.29342972903661901 14.250000000000002 84.250000000000014 1.1538461538461544 0.43826178912495101 0.17646842360078763 4.5000000000000009 0.54164999999999719 21.500000000000004 1.2296169659887359 0.27132867132867139 3.5000000000000004 0.31250000000000006 0.96148148148148149 10.500000000000002 1.7500000000000002 84.312500000000014 0.1979589479589379 7.5000000000000009 1.7500000000000002 81.264190621688286
decision_type=2 2 2 2 2 2 2 2 2 2 2 2 2 2 2 2 2 2 2 2 2 2 2 2 2 2 2 2 2 2 2 2 2 2 2 2 2 2 2 2 2 2 2 2 2 2 2 2
left_child=2 20 19 4 13 6 7 -3 10 -7 -6 47 -11 -4 16 45 17 22 -17 -1 -2 -16 -15 24 46 39 -12 -21 29 35 32 34 33 37 -32 38 -33 -31 -27 -26 41 -41 -9 -38 -28 -13 -24 -5
right_child=1 5 3 11 8 9 -8 42 -10 12 26 15 -14 14 21 18 -18 -19 -20 27 -22 -23 23 -25 25 28 44 -29 -30 30 31 36 -34 -35 -36 -37 43 -39 -40 40 -42 -43 -44 -45 -46 -47 -48 -49
leaf_value=0.041845571210222733 -0.0034103870718561278 -0.0036406640592279819 0.0093444088113106127 0.0067423827610260502 -0.00071293431408404613 0.0082018145725497767 0.0030799032646652682 -0.0064070543372317717 -0.0082261313068735849 -0.011479963907593824 0.0053615203272837173 -0.0075513490798554744 0.0028689597465014595 -0.0072871175972092361 0.055954325922847742 -0.0095650944292913799 -0.0061320345402806177 -0.0022539249524916151 -0.01140230730448915 0.00073194985439064555 -0.0041408752368037541 0.00029553939600376335 0.0063303974371084872 0.0024762036491528697 -0.0029380934468975551 -0.010875573435468964 0.035278185090085158 0.020448625416016098 0.0016337486746899694 -0.0020279058802693708 -0.0018653052190229225 0.0024393459634453247 0.00226280885519215 0.0017415132264212013 -5.9495697818445774e-05 -0.014830143753064873 -0.0048561950430633495 0.00028776871691093555 0.00037638781445368256 -0.001097068189640088 -0.017109420650446124 0.0017045255802867173 -0.0096387796006096108 0.0012481269908345084 0.022546972125745458 0.00091164129481972162 0.00046441375362213936 -0.0031728690478353251
leaf_weight=88 83 158 131 92 97 116 85 117 87 105 142 155 93 81 96 85 80 89 121 94 97 88 91 93 112 127 125 99 150 84 86 96 89 92 97 80 96 123 107 134 92 84 117 83 149 80 109 81
leaf_count=88 83 158 131 92 97 116 85 117 87 105 142 155 93 81 96 85 80 89 121 94 97 88 91 93 112 127 125 99 150 84 86 96 89 92 97 80 96 123 107 134 92 84 117 83 149 80 109 81
internal_value=0 -0.0065072 0.00027533 -0.000249671 0.000454403 -0.00432449 -0.00706067 -0.00903308 0.00457571 -0.00015873 0.00588521 -0.00390244 -0.00351759 -0.000501737 -0.000823171 -0.00571267 -0.00126318 -0.000990437 -0.00917874 0.00735816 -0.0160221 0.00459459 -0.000688182 -0.000431885 -0.000724263 -0.00118292 0.00743405 0.00476804 -0.000266972 -0.00081826 0.000590319 -0.00163399 0.00321337 0.00125 -0.00611413 -0.00460317 0.0013587 -0.0015625 -0.00234043 -0.00401891 -0.00241158 -0.000228311 -0.012766 -0.00152778 0.00945455 -0.00264831 0.00323383 0.000718391
internal_weight=0 971 4085 3804 3190 791 477 392 600 314 513 614 198 2590 2459 441 2275 2195 206 281 180 184 2106 2025 1932 1732 416 193 1310 1160 846 458 388 299 183 314 275 207 234 422 310 218 234 179 274 235 200 173
internal_count=5056 971 4085 3804 3190 791 477 392 600 314 513 614 198 2590 2459 441 2275 2195 206 281 180 184 2106 2025 1932 1732 416 193 1310 1160 846 458 388 299 183 314 275 207 234 422 310 218 234 179 274 235 200 173
is_linear=0
shrinkage=0.05


Tree=48
num_leaves=46
num_cat=0
split_feature=4 50 42 47 4 20 28 9 35 3 37 3 50 8 17 13 42 3 45 9 20 34 18 20 45 28 0 45 45 13 9 14 8 29 47 18 29 29 34 45 45 19 34 50 27
split_gain=16.3748 5.71874 4.76389 3.94409 4.60325 3.2433 2.58895 2.59051 2.55484 2.46849 2.44646 2.15792 1.6686 1.57347 2.11118 1.42695 2.32294 1.90887 2.20782 1.81438 1.99951 2.15787 2.41366 1.94334 1.66675 1.4886 2.00152 1.46301 2.3851 1.69125 1.68355 2.12855 2.04422 1.62445 1.38215 1.38168 1.35248 1.31058 1.60376 1.29316 1.04149 0.976946 0.953545 0.8146 0.60746
threshold=3.2500000000000004 4.7520337657867566 1.2500000000000002 10.500000000000002 1.7500000000000002 0.60036630036630056 56.312500000000007 0.4598685698396538 51.250000000000007 42.500000000000007 64.500000000000014 287.50000000000006 -1.664245572822814 2.6739130434782612 1.0106382978723405 21.500000000000004 0.75000000000000011 22.500000000000004 -0.93545489084327571 0.79591616726460612 0.16005261342073487 1.5625000000000002 92.500000000000014 0.8234071175247647 -0.75015329512557205 66.312500000000014 89.250000000000014 0.97112537654464559 0.9053161325100999 28.500000000000004 0.49145229857413525 5.5000000000000009 0.72782608695652184 6.9375000000000009 11.500000000000002 122.50000000000001 6.8125000000000009 6.9375000000000009 1.1250000000000002 0.091259403071267925 0.3261394409934788 1.5192076183001777 1.3750000000000002 1.2340371225544831 83.062500000000014
decision_type=2 2 2 2 2 2 2 2 2 2 2 2 2 2 2 2 2 2 2 2 2 2 2 2 2 2 2 2 2 2 2 2 2 2 2 2 2 2 2 2 2 2 2 2 2
left_child=1 3 -2 8 6 -3 -5 -8 12 36 -4 -7 -1 15 -15 19 17 35 -19 20 -14 22 -22 -24 -20 42 -27 28 29 33 -31 39 -33 -18 -11 44 -9 -21 -39 -32 -10 -35 -26 -25 -17
right_child=2 5 10 4 -6 11 7 9 40 34 -12 -13 13 14 -16 16 27 18 24 37 21 -23 23 43 25 26 -28 -29 -30 30 31 32 -34 41 -36 -37 -38 38 -40 -41 -42 -43 -44 -45 -46
leaf_value=-0.0079501108737834204 -0.0042808542171386037 -0.010641883838545875 -0.0075215732997513385 0.007527774122677855 -0.0048538642249415223 0.057187249692148556 -0.013013999681165575 -0.0010300432720419584 0.0065718924006244739 -0.0041807546096567991 -0.006608138021529382 0.048754794389020341 -0.0029283454209796723 -0.00015504881685507454 0.01857641815984341 -0.015543086861197175 0.00069932011903348361 0.0024919195834534947 -0.0062700489266976278 -0.0001899091930140373 0.0020375396595589818 0.0033296909957242385 0.0014689355464532457 -0.0020612556402375471 -0.0029940729637007615 0.0016340794599351395 -0.0015006460205389538 -0.0044655320609498844 0.008260810921276663 0.01258540556020684 2.9101849512983004e-05 0.001028082315516632 -0.001742470257218587 -0.00039363156215532769 0.0046980931185629689 -0.0031244422235195248 -0.006562287980821326 0.010349766920421007 0.000491591574683728 0.0073274001332402283 0.026542236591894353 -0.0031674063497958206 -0.0019268513830426395 -0.0011390579810511504 -0.0045912655082265162
leaf_weight=150 159 87 99 114 116 128 82 84 116 124 87 134 144 105 89 82 158 88 81 93 100 147 84 149 92 157 86 125 103 84 106 119 139 119 107 108 137 88 88 126 87 144 98 80 81
leaf_count=150 159 87 99 114 116 128 82 84 116 124 87 134 144 105 89 82 158 88 81 93 100 147 84 149 92 157 86 125 103 84 106 119 139 119 107 108 137 88 88 126 87 144 98 80 81
internal_value=0 -0.000364693 -0.0116329 -0.000855969 -0.00411765 0.00578571 -0.00246533 -0.00392523 -0.000165883 -0.00242826 -0.00614973 0.00855513 -0.000490627 -0.000252757 0.00410256 -0.000529316 -0.00126371 -0.00323227 -0.00165837 0.00105236 -0.000283688 0.00106952 -0.000785024 -0.00294586 -0.00291262 -0.00167051 0.000922131 0.000142974 0.000727934 -2.51004e-05 0.00173913 0.000610998 -0.00250965 -0.00242891 0.00118534 -0.00670956 -0.00619369 0.00453704 0.00706215 0.00407725 0.00526961 -0.00482955 -0.00497382 -0.00532609 -0.00960366
internal_weight=0 4729 345 4380 764 349 648 534 3616 452 186 262 3413 3263 194 3069 2096 873 602 973 704 560 413 313 514 433 243 1223 1098 995 574 490 258 421 231 271 221 269 176 232 203 263 190 229 163
internal_count=5074 4729 345 4380 764 349 648 534 3616 452 186 262 3413 3263 194 3069 2096 873 602 973 704 560 413 313 514 433 243 1223 1098 995 574 490 258 421 231 271 221 269 176 232 203 263 190 229 163
is_linear=0
shrinkage=0.05


Tree=49
num_leaves=50
num_cat=0
split_feature=4 4 49 46 45 19 19 10 4 12 42 0 46 49 28 8 42 49 19 1 29 28 21 30 30 20 19 28 13 27 45 21 33 28 27 33 1 27 20 49 8 21 13 8 4 35 15 29 6
split_gain=18.4401 6.04151 5.14066 5.05111 3.97711 3.00115 2.93669 2.8379 2.42678 2.39922 3.01027 2.95771 3.35225 2.61183 2.37797 2.33282 3.06252 2.72971 2.70067 2.32274 2.15269 2.08885 2.03119 1.96653 1.7645 2.22015 2.18555 3.87721 1.72147 1.69639 1.59378 1.39768 1.17247 1.82946 1.79472 1.6929 1.11823 1.77159 1.26069 1.10425 0.983336 0.949341 0.937827 0.869006 0.77811 0.752909 0.802631 0.687458 0.407223
threshold=3.2500000000000004 0.62500000000000011 87.158636055570568 0.42763731121559989 0.35846314187849709 1.3915512150806271 0.51027521800977194 2.6003757197373831 1.7500000000000002 1.0975378787878827 5.2500000000000009 81.250000000000014 -0.4755978891912595 82.214772825295711 68.812500000000014 1.9330434782608699 1.2500000000000002 87.369887968443066 1.7211853162317559 87.250000000000014 7.8125000000000009 65.187500000000014 0.056912999963756768 111.87500000000003 143.12500000000006 -0.85378881987577615 2.0493169301194487 65.562500000000014 31.500000000000004 83.937500000000014 0.46800856592688472 0.76855561318477339 0.54164999999999719 73.937500000000014 84.312500000000014 1.1250000000000002 79.500000000000014 73.937500000000014 1.3794947446063066 88.884080780876204 1.1636940176528279 -0.053162992060940432 17.500000000000004 0.97826086956521763 5.2500000000000009 12.708349999999998 64.500000000000014 7.8125000000000009 -1.712915523707384e-16
decision_type=2 2 2 2 2 2 2 2 2 2 2 2 2 2 2 2 2 2 2 2 2 2 2 2 2 2 2 2 2 2 2 2 2 2 2 2 2 2 2 2 2 2 2 2 2 2 2 2 2
left_child=1 7 44 6 8 -4 -3 9 14 11 13 45 23 36 21 16 17 30 43 24 -14 47 -9 -13 25 -8 27 -27 48 -19 -15 -20 33 -21 -34 -36 37 38 -11 -17 -31 -10 -22 -18 -2 46 -1 -5 -6
right_child=2 3 5 4 28 -7 19 22 41 10 -12 12 20 15 -16 39 18 29 31 32 42 -23 -24 -25 -26 26 -28 -29 -30 40 -32 -33 34 -35 35 -37 -38 -39 -40 -41 -42 -43 -44 -45 -46 -47 -48 -49 -50
leaf_value=0.01312257196084894 -0.0047991026624564885 0.0030778806603438016 -7.2778545167871513e-05 -0.0048850826592506634 -0.0005041758038883728 -0.007437705482479854 0.0032679050795984435 0.020865041169589166 -0.006185368698947008 -0.017736198873030573 0.043861973104834508 1.1914221593103958e-05 0.0024276794121643464 0.0015548015557569962 -0.010164567555946741 -0.00027978205469066932 -0.00043130363909564822 -0.00080059462541006712 -0.0013907334045572763 -0.0031080434886107955 -0.020320914057633019 0.0028701378525212984 0.0002743413550552132 0.031537217086097434 0.0061017667186643813 -0.010586453445309087 0.0010931455901007469 0.0004582040944080296 0.0056495864774446462 0.00085062694248985715 0.0070410872863368341 0.0060973657477335188 -0.013469748255817596 -0.012424078617905281 0.0023482506229826868 -0.00079973861084574056 -0.0099216706780442861 0.0018258269287204588 -0.0028022245465373352 -0.0065250348182662628 0.00012402024642177434 -0.0046086100414404309 -0.0008833624293869913 -0.0085243943355124193 -0.0040668115062816737 0.01318712982267839 0.017723789371438332 -0.0079921287276276259 -0.014450208181890467
leaf_weight=92 82 134 96 80 81 103 83 120 81 84 133 114 134 85 89 87 100 104 108 158 97 93 81 159 135 90 137 124 95 98 84 87 113 85 94 98 123 105 101 87 98 92 81 101 85 104 83 82 84
leaf_count=92 82 134 96 80 81 103 83 120 81 84 133 114 134 85 89 87 100 104 108 158 97 93 81 159 135 90 137 124 95 98 84 87 113 85 94 98 123 105 101 87 98 92 81 101 85 104 83 82 84
internal_value=0 -0.000213721 -0.0118529 -0.00226713 -0.00543059 -0.006375 -0.000299521 0.00135798 -0.00796332 0.000887755 -0.00026797 0.00300578 0.000981229 -0.000929112 -0.00550725 0.000408654 0.00147229 0.00420213 -0.00176322 -0.00114043 -0.00255591 -0.00302734 0.00705446 0.00501825 0.00109649 -0.00045977 -0.0022017 -0.00534884 -0.000383142 0.0013289 0.00926471 0.00242347 -0.00346084 -0.00604508 -0.00138889 0.0015544 -0.00428744 -0.00257732 -0.00551075 -0.00485714 0.00406091 -0.0127874 -0.00614525 -0.00581683 -0.0183036 0.00723214 0.00923295 -0.00644172 -0.00346386
internal_weight=0 4678 366 2028 777 199 1251 2650 517 2449 1585 864 585 1452 344 1039 865 469 396 1117 312 255 201 273 569 434 351 214 260 300 169 195 548 243 305 192 413 290 185 174 196 173 178 201 167 279 175 162 165
internal_count=5044 4678 366 2028 777 199 1251 2650 517 2449 1585 864 585 1452 344 1039 865 469 396 1117 312 255 201 273 569 434 351 214 260 300 169 195 548 243 305 192 413 290 185 174 196 173 178 201 167 279 175 162 165
is_linear=0
shrinkage=0.05


Tree=50
num_leaves=49
num_cat=0
split_feature=4 49 4 47 0 12 17 29 4 9 17 36 48 40 49 0 27 30 8 37 1 8 21 35 35 3 29 29 48 17 40 33 4 36 8 27 40 12 27 29 17 48 30 15 15 42 21 30
split_gain=15.5615 5.70502 4.93528 6.63551 3.78181 3.57833 3.00039 2.96014 1.9228 1.84929 5.09518 2.40348 2.06057 1.83779 1.78265 1.73454 1.65178 2.65356 1.61628 1.58331 1.50994 1.77622 1.67677 1.655 1.51361 1.63943 1.42615 1.41208 1.61626 1.58877 1.36779 1.34321 1.19267 1.08427 0.985446 1.31108 2.65033 2.81003 2.09834 2.07101 1.03807 2.41339 1.81687 1.44368 0.860913 0.794142 0.61483 0.340861
threshold=3.7500000000000004 86.075906756682528 1.0000000180025095e-35 10.500000000000002 68.250000000000014 1.5357142857142849 0.85449735449735453 6.9375000000000009 1.7500000000000002 0.91854115235469758 0.83045977011494265 36.500000000000007 -0.2104779686793444 17.500000000000004 89.592770811101673 80.750000000000014 72.437500000000014 201.87500000000003 1.3800000000000003 5.5000000000000009 79.500000000000014 -0.065217391304347783 0.95575083830898688 36.250000000000007 8.7500000000000018 97.500000000000014 8.4375000000000018 9.1875000000000018 -0.36392934289175832 0.91779279279279291 1.5000000000000002 0.54164999999999719 0.62500000000000011 3.5000000000000004 1.053280896764619 79.312500000000014 11.500000000000002 2.5499999999999976 85.062500000000014 8.6875000000000018 1.0417391304347829 -0.1932417676391239 116.87500000000001 78.250000000000014 72.500000000000014 1.2500000000000002 0.27980461273145357 114.06250000000003
decision_type=2 2 2 2 2 2 2 2 2 2 2 2 2 2 2 2 2 2 2 2 2 2 2 2 2 2 2 2 2 2 2 2 2 2 2 2 2 2 2 2 2 2 2 2 2 2 2 2
left_child=2 -2 5 4 -4 7 -3 44 15 16 13 12 -12 -11 19 30 -6 20 -19 46 24 -22 23 34 25 -18 47 28 -21 -30 -5 -9 -14 -17 35 -23 -37 38 39 -38 41 42 -36 -43 -1 -16 -7 -24
right_child=1 6 3 8 9 14 -8 31 -10 10 11 -13 32 -15 45 33 17 18 -20 27 21 22 26 -25 -26 -27 -28 -29 29 -31 -32 -33 -34 -35 40 36 37 -39 -40 -41 -42 43 -44 -45 -46 -47 -48 -49
leaf_value=0.029610573502807269 -0.0043595676339283551 -0.00079006260854248475 0.03100107336120286 -0.0050826732546934046 -0.010811670595686884 0.00010724366083039173 -0.0059745073875547578 -0.00038743598228953015 -0.0042624691366009984 -0.001727774949960919 0.00052266102053994963 -0.015963985511418921 -0.0055070242961213047 0.0051637715295683234 -0.0009759407792227393 -0.013157729181837542 -0.0075148074626472773 0.0040396396656870674 0.023961330121502568 0.0007048831431989977 -0.0081637806088366571 -0.0058091941569879168 0.0050967409871448327 0.009587633502673075 0.013866147583669393 0.0047527913689176752 -0.00047896701369395418 -6.6357483154089181e-05 0.0040300062658810143 0.013389734881241394 0.0022137513517408005 0.0065336716013348894 -0.010671006602415177 -0.0077286997002738002 0.0026090783247343821 0.0016383613373011003 -0.00012620445948398064 0.0033395912145509745 0.00046346257130562563 -0.0025492592833779252 -0.01299981547943807 -0.0026691054949992579 -0.0023463762619770345 -0.015210171060306733 0.029960356231792565 -0.00014990992103433023 -0.0049419686239420835 0.0023720329717723588
leaf_weight=82 121 105 87 158 152 80 83 110 121 85 103 132 82 142 95 84 84 102 100 109 117 134 80 92 82 81 143 157 87 83 99 152 121 125 83 90 86 80 104 83 150 141 80 85 81 81 80 81
leaf_count=82 121 105 87 158 152 80 83 110 121 85 103 132 82 142 95 84 84 102 100 109 117 134 80 92 82 81 143 157 87 83 99 152 121 125 83 90 86 80 104 83 150 141 80 85 81 81 80 81
internal_value=0 -0.0118548 -0.000293686 -0.00122549 -0.000268186 0.00248331 -0.00634921 0.00616197 -0.00607993 -0.000578384 -0.00289039 -0.00603645 -0.00358306 0.00317982 0.000452781 -0.00460385 0.000112057 0.000481 0.00591133 0.00175879 -0.000106553 -0.000659509 -0.000198282 -0.00103391 0.00352823 0.000753012 0.00311475 0.00331808 0.00544643 0.00847953 -0.00184109 0.00285171 -0.0064951 -0.00797619 -0.0015667 -0.000129758 0.00118243 -0.000776836 -0.00319343 -0.00661765 -0.00310185 -0.00173077 0.00289634 -0.00506608 0.0114329 -0.0039548 -0.00248447 0.00632716
internal_weight=0 309 4766 3569 2982 1197 188 425 587 2895 665 438 306 227 772 466 2230 2078 202 596 1876 1629 1512 1208 247 165 304 436 279 170 257 262 203 209 1116 577 443 353 273 169 539 389 163 226 163 176 160 161
internal_count=5075 309 4766 3569 2982 1197 188 425 587 2895 665 438 306 227 772 466 2230 2078 202 596 1876 1629 1512 1208 247 165 304 436 279 170 257 262 203 209 1116 577 443 353 273 169 539 389 163 226 163 176 160 161
is_linear=0
shrinkage=0.05


Tree=51
num_leaves=48
num_cat=0
split_feature=42 7 50 8 6 36 46 46 19 19 7 21 23 8 2 33 48 19 6 49 34 28 35 19 10 2 8 13 13 19 9 45 50 50 45 9 13 19 28 34 34 7 36 9 9 36 35
split_gain=10.9251 7.11639 4.34426 4.89572 4.23827 3.41884 5.76658 3.1656 3.75924 3.14153 3.11177 2.60566 2.82243 2.51748 2.4479 2.40066 2.31968 2.17222 1.99963 1.85197 1.67686 2.05047 1.6134 1.56746 1.51886 1.41934 1.37222 1.3598 1.41292 1.3465 1.3428 1.64728 1.46107 1.97805 1.24544 1.35574 1.13059 1.12906 1.07202 1.03274 1.4419 1.31876 1.30738 1.27685 1.21408 0.895065 0.64208
threshold=-2.2499999999999996 -0.77622377622377592 4.9575011044086077 1.5365217391304349 1.0000000180025095e-35 36.500000000000007 0.42763731121559989 -0.091258822863740666 1.745034965034965 5.2563255966001963 1.0041977657685934 1.8358019044938489 88.250000000000014 2.7313043478260872 687.50000000000011 0.54164999999999719 0.065599478580966958 1.3234485356436581 0.34285714285714336 88.195869835516547 1.3750000000000002 66.187500000000014 11.250000000000002 1.592559116669924 0.98311775456162864 742.50000000000011 0.85639751552795063 41.500000000000007 36.500000000000007 0.65141231457020943 0.5779460905347642 -0.58482361983252518 1.0721807903521354 0.13652873364118537 0.14250626876356556 0.70355339059327393 28.500000000000004 1.7618473741885723 73.562500000000014 1.1250000000000002 0.31250000000000006 0.7845886597478956 2.5000000000000004 0.72019365235355937 0.56506053379109633 5.5000000000000009 3.035699999999999
decision_type=2 2 2 2 2 2 2 2 2 2 2 2 2 2 2 2 2 2 2 2 2 2 2 2 2 2 2 2 2 2 2 2 2 2 2 2 2 2 2 2 2 2 2 2 2 2 2
left_child=-1 4 7 15 5 6 23 11 10 13 14 12 17 25 24 -4 -6 29 26 -13 21 -12 37 -2 -9 27 -14 28 39 -3 -20 38 33 -33 35 -28 -7 -19 -32 40 -10 44 -42 -43 -41 -39 -16
right_child=1 2 3 -5 16 36 -8 8 9 -11 20 19 18 -15 46 -17 -18 22 30 -21 -22 -23 -24 -25 -26 -27 34 -29 -30 -31 31 32 -34 -35 -36 -37 -38 45 -40 41 42 43 -44 -45 -46 -47 -48
leaf_value=-0.0056475975890293842 0.0043128460305712603 0.0012347317886073073 0.063462757568170089 0.052870013711161096 0.0059839462858258616 -0.0067852267636809406 -0.005621017161654274 -0.00034514953598132616 0.00057464710068505509 -0.011507921755012253 -0.0055306802675382724 -0.0051773477541227969 0.0022060571393435757 0.016905852928268628 -0.0105565670660611 -0.013046300946581879 -0.0034133930215938879 0.0042570416390593753 -0.0011790582467246736 -8.2288791241269535e-05 -0.0036248277847933997 0.0024756996347468953 0.024639078744939914 -0.0036706495391791573 -0.0041715897840974023 0.0052100086969264969 0.0034065567586331587 0.0080436742049017438 -0.0082081690963434605 -0.0016514165901636126 -0.00014895308874989245 0.0010706766396752943 0.00963555863524025 -0.0013445686460819397 -0.00067640392790738191 -0.0016117764567140924 -0.004140277662354289 0.0025474969317564461 -0.0023948638580599925 0.00014083996227274854 -0.00031786544779925934 0.0011703524815977252 -0.0059930602964583211 -0.0026739581931489232 0.0052727694708666452 -0.00020559311157319904 -0.014795461686131127
leaf_weight=128 87 87 82 93 92 88 115 123 122 94 86 83 117 103 83 149 85 86 146 158 132 139 117 82 87 150 136 92 84 105 85 112 113 82 88 94 104 86 84 93 91 111 152 136 80 85 115
leaf_count=128 87 87 82 93 92 88 115 123 122 94 86 83 117 103 83 149 85 86 146 158 132 139 117 82 87 150 136 92 84 105 85 112 113 82 88 94 104 86 84 93 91 111 152 136 80 85 115
internal_value=0 -0.00076297 -1.75974e-05 0.00553846 -0.00561927 -0.00807128 -0.0045614 -0.00047613 -0.00182015 -0.000190985 -0.00460183 0.00101877 0.00173953 0.000493827 -0.00757946 0.00161638 0.000983146 0.00458554 0.000212665 -0.00382231 -0.00118715 0.00143805 0.0068 0.00132353 -0.00379147 -0.000202338 0.00280963 -0.000909563 -0.00152299 0.000259067 -0.00160514 -0.000314465 0.00186688 -0.000769231 0.00109718 0.0030303 -0.0132124 0.00455426 -0.00426471 -0.000858779 -0.00280055 0.000831354 -0.00502049 -0.0015121 0.00416667 0.00218023 -0.0115578
internal_weight=0 4914 4261 324 653 476 284 3937 2073 1308 765 1864 1623 1214 408 231 177 566 1057 241 357 225 374 169 210 1111 435 961 869 192 622 476 307 194 318 230 192 257 169 785 365 420 243 247 173 171 198
internal_count=5042 4914 4261 324 653 476 284 3937 2073 1308 765 1864 1623 1214 408 231 177 566 1057 241 357 225 374 169 210 1111 435 961 869 192 622 476 307 194 318 230 192 257 169 785 365 420 243 247 173 171 198
is_linear=0
shrinkage=0.05


Tree=52
num_leaves=48
num_cat=0
split_feature=42 20 37 10 35 48 46 12 0 20 45 31 29 46 42 29 17 8 7 17 18 10 6 18 28 29 46 22 45 18 16 48 37 27 37 10 49 5 22 46 46 42 21 37 42 22 48
split_gain=7.80914 5.49536 6.37006 3.64634 3.8279 3.54112 2.52938 3.86516 2.85302 2.98339 2.64784 2.42201 2.30897 2.1871 2.12321 2.02916 2.09911 2.35495 2.17935 1.98767 1.68715 1.69766 1.57333 1.54645 1.55189 1.47546 1.46941 1.32636 1.5917 1.48014 1.26249 1.23722 1.22971 1.41462 1.14125 1.10323 1.37328 1.0873 1.06597 1.06347 0.983672 0.978335 0.945544 0.870563 0.743447 1.24498 0.285561
threshold=-2.2499999999999996 0.16005261342073487 58.500000000000007 2.6570281791783001 18.750000000000004 -0.64483064581656246 0.28313308994381592 1.5357142857142849 87.750000000000014 1.5942009210301895 0.34235194516023087 6.5000000000000009 8.6875000000000018 0.41202506375868281 1.2500000000000002 10.437500000000002 0.9298029556650248 1.4360869565217393 0.51490614648509403 0.7947368421052633 87.500000000000014 1.1254284703007735 0.34285714285714314 117.50000000000001 72.187500000000014 13.687500000000002 -0.6905596507703472 77.250000000000014 -0.48314718476766422 147.50000000000003 11.250000000000002 0.25491178558367755 26.500000000000004 84.812500000000014 23.500000000000004 1.4651295713742774 90.488152686857504 1.0000000180025095e-35 89.750000000000014 -0.10837475778693638 -0.55656394595157355 1.2500000000000002 -0.15058108982132976 6.5000000000000009 1.7500000000000002 85.750000000000014 -0.013485125772039043
decision_type=2 2 2 2 2 2 2 2 2 2 2 2 2 2 2 2 2 2 2 2 2 2 2 2 2 2 2 2 2 2 2 2 2 2 2 2 2 2 2 2 2 2 2 2 2 2 2
left_child=-1 2 5 4 6 42 8 31 15 35 27 23 -12 20 -15 16 17 18 -3 46 21 -7 -13 24 -6 44 -23 -9 29 -29 -30 37 -11 -34 -5 36 -10 -8 43 -25 -20 -18 -2 -24 45 -17 -4
right_child=1 3 19 34 11 13 7 10 9 32 12 22 -14 14 -16 25 41 -19 40 -21 -22 26 38 39 -26 -27 -28 28 30 -31 -32 -33 33 -35 -36 -37 -38 -39 -40 -41 -42 -43 -44 -45 -46 -47 -48
leaf_value=-0.0035298092074127502 -0.011790901159562066 0.0038723653510841006 -0.0045918339847732751 0.020657397104359855 0.025450789378616435 0.0036173089558207334 0.0012455026744893323 -0.0091776235241343204 0.00020822999759576022 -0.0033978945993047628 0.0033546961795307474 0.00035806840905688311 -0.0078918726257538856 -0.0030700003644968041 0.0039417790206446616 0.00084058322786665924 0.001572048080768218 0.023859675596457602 -0.0013113921910335336 -0.0064023358386062212 -0.0018328116578035349 -0.0020789229620828647 0.017373852246330746 0.0015216509625545105 -0.00019179723090299584 0.0021284415056673557 0.001682303076200159 -0.0058124007032040311 0.0023968271270122473 -0.012745687211047208 -0.0063430583748559956 -0.0014903436790550508 -0.0025567432903157109 0.00020536336496737031 0.0015044263902624117 0.0024090958070765696 -0.00075013487291263341 0.01397828640905488 0.0059166040980775441 -0.0050732877008401013 0.0053376999788321226 -0.00098579543573804615 -0.0053726597072967057 0.03326624683381061 -0.0050251494564936333 -0.0008632398025071764 -0.0059549799711020313
leaf_weight=121 81 87 80 158 110 82 152 88 132 106 159 110 148 151 98 103 115 119 100 114 138 97 97 83 86 98 146 150 88 81 88 87 93 86 88 112 139 82 91 89 87 113 82 83 114 83 80
leaf_count=121 81 87 80 158 110 82 152 88 132 106 159 110 148 151 98 103 115 119 100 114 138 97 97 83 86 98 146 150 88 81 88 87 93 86 88 112 139 82 91 89 87 113 82 83 114 83 80
internal_value=0 -0.000514632 -0.00354348 0.000400683 -7.02247e-06 -0.00145548 -0.000853789 -0.00269128 0.000370261 -0.00216741 -0.00454545 0.00316667 -0.000892857 7.01262e-05 -0.0037 0.00203431 0.00381833 0.00602792 0.00345455 -0.0101818 0.00210129 0.00406442 0.0059555 0.000271003 0.00329949 -0.00075188 0.00194672 -0.00680444 -0.00557598 -0.00829741 -0.0019774 0.00194099 -0.00603147 -0.00347222 0.0062753 0.000716146 -0.00101103 0.00382979 0.00799632 -0.00317919 0.000398936 0 -0.00807927 0.010221 -0.00249169 -0.000534759 -0.00652174
internal_weight=0 4954 1149 3805 3559 875 2810 1123 1687 668 802 749 307 712 249 1019 621 393 274 274 463 325 381 368 196 398 243 495 407 231 176 321 285 179 246 383 271 234 271 172 187 228 163 180 300 186 160
internal_count=5075 4954 1149 3805 3559 875 2810 1123 1687 668 802 749 307 712 249 1019 621 393 274 274 463 325 381 368 196 398 243 495 407 231 176 321 285 179 246 383 271 234 271 172 187 228 163 180 300 186 160
is_linear=0
shrinkage=0.05


Tree=53
num_leaves=47
num_cat=0
split_feature=4 50 50 30 36 15 46 4 30 43 0 42 23 40 50 9 37 12 46 6 21 1 28 18 34 36 33 18 49 50 18 34 48 21 34 18 44 30 43 46 50 50 27 7 36 15
split_gain=11.5181 6.76809 5.28915 3.98373 5.10301 3.21248 3.12388 4.23654 4.15089 2.85755 2.84707 2.5239 2.32177 2.27109 2.45496 2.20535 1.73373 1.79442 1.70061 1.69624 1.57526 1.52333 1.42082 1.39382 2.03424 1.38524 1.92058 1.33232 2.1262 1.77145 1.33347 1.28342 1.25135 1.2072 1.15065 2.15023 1.14714 1.65854 1.11662 1.94069 1.53583 1.36058 1.11387 0.767418 0.62244 0.579948
threshold=3.2500000000000004 2.12867412324016 4.7520337657867566 168.12500000000003 59.500000000000007 74.500000000000014 0.097680735332368748 0.62500000000000011 51.875000000000007 -0.74999999999999989 78.750000000000014 -1.0000000180025095e-35 88.250000000000014 2.5000000000000004 0.24459688492576961 0.61862036604191917 15.500000000000002 2.5499999999999976 -0.12545862287572049 1.5428571428571434 1.5887084983965283 88.250000000000014 69.437500000000014 122.50000000000001 1.3750000000000002 2.5000000000000004 0.54164999999999719 87.500000000000014 90.448903278316394 1.0721807903521354 132.50000000000003 0.62500000000000011 -0.14153135502185074 0.25299084509611452 1.1250000000000002 112.50000000000001 9.2500000000000018 94.375000000000014 1.2500000000000002 -0.17646730165275518 2.1471850759810356 0.092456327476710967 84.437500000000014 1.4055944055944061 5.5000000000000009 70.500000000000014
decision_type=2 2 2 2 2 2 2 2 2 2 2 2 2 2 2 2 2 2 2 2 2 2 2 2 2 2 2 2 2 2 2 2 2 2 2 2 2 2 2 2 2 2 2 2 2 2
left_child=2 5 3 6 9 -2 12 8 -8 -5 -4 -10 20 23 -15 -16 33 27 21 31 38 -11 -12 24 -9 32 -27 29 42 -18 -30 -13 -20 -14 35 -19 -21 -38 39 41 -40 -1 -29 -28 -42 -33
right_child=1 -3 10 4 -6 -7 7 13 11 18 22 19 16 14 15 -17 17 34 25 36 -22 -23 -24 -25 -26 26 43 28 30 -31 -32 45 -34 -35 -36 -37 37 -39 40 -41 44 -43 -44 -45 -46 -47
leaf_value=-0.0016076561832527592 -0.0035105389413076409 -0.0020753361718938287 0.045945856380439881 -0.0040429665726186784 -0.018135019160929362 -0.004020571993913878 0.024916851896760975 0.003219314457702438 -0.008811881561977368 0.027085267696572247 -0.026895546053475574 -0.011839019691536935 -0.00035579628593425118 -0.0071534794899773798 -0.015049409027903872 -0.0016922056250058021 -0.00088175872507059716 0.00010837584412361212 0.0024592136095144771 0.0076854110005851739 -0.0029039401377721542 0.013195646538393491 0.02666904198786826 -0.0057784298825842252 -0.0041240424287302012 -0.0034805300782654648 0.010939934778868477 -0.0014107172788671908 -0.0034205258877876067 0.0014990724729373795 -0.00087017471429260427 0.0028173858877158066 0.017424527440880772 -0.0026881107772329439 -0.00042020997169651134 0.0086784364010732591 0.0065330005969978623 -0.0021333405988989865 -0.00085324114373647175 0.0036638335987998595 0.021057284262903792 0.0013980867359133066 0.00023135442944466345 -0.00016580669477650467 0.0041015624693278322 -0.0012875570083927313
leaf_weight=120 95 133 140 113 85 122 99 133 130 115 83 88 111 145 98 128 152 110 84 81 96 149 119 156 106 93 94 116 80 86 91 98 106 89 92 84 80 122 133 103 80 137 108 81 82 84
leaf_count=120 95 133 140 113 85 122 99 133 130 115 83 88 111 145 98 128 152 110 84 81 96 149 119 156 106 93 94 116 80 86 91 98 106 89 92 84 80 122 133 103 80 137 108 81 82 84
internal_value=0 -0.00982906 -0.000437941 -0.000910348 0.00200869 -0.0152523 -0.0016964 -0.003357 -0.000766284 0.00319976 0.00553936 -0.00215643 -0.000320684 -0.00599739 -0.00880376 -0.00550661 -0.00176339 -0.000842391 0.00435685 -0.000676895 0.00182846 0.00754717 0.00172414 -0.00334596 -0.0009375 0.00250545 0.000185874 -0.0023265 -0.00410354 0.000627615 -0.00828488 -0.00350554 0.00575916 -0.00597015 0.00243902 0.00461538 0.00202465 0 0.00270579 0.00457064 0.000422297 0.00222868 -0.000888889 0.00326705 0.00368098 -0.0010929
internal_weight=0 350 4680 4338 920 217 3418 1548 782 835 342 683 1870 766 371 226 1119 919 722 553 751 264 202 395 239 458 268 633 395 238 171 270 190 200 286 194 283 202 655 360 295 257 224 175 162 182
internal_count=5030 350 4680 4338 920 217 3418 1548 782 835 342 683 1870 766 371 226 1119 919 722 553 751 264 202 395 239 458 268 633 395 238 171 270 190 200 286 194 283 202 655 360 295 257 224 175 162 182
is_linear=0
shrinkage=0.05


Tree=54
num_leaves=46
num_cat=0
split_feature=4 42 50 10 46 12 48 8 42 30 21 0 7 49 27 50 33 6 3 2 50 7 50 45 41 35 45 45 19 29 21 11 6 21 50 35 46 35 30 50 3 10 15 37 42
split_gain=11.6187 4.66084 4.15702 3.49286 3.9489 3.08925 2.89068 2.37026 2.96655 3.48409 3.25835 2.78364 2.35548 2.12067 1.94192 1.88542 2.19049 2.20985 1.73792 1.67922 1.60795 2.06747 1.88436 2.03138 1.62199 1.46284 1.34491 1.31674 1.26429 1.1853 1.1701 1.27624 2.40016 1.03467 1.1672 2.84345 1.9809 1.86222 1.26542 1.52227 1.19632 1.85795 0.864201 0.983399 0.847207
threshold=3.2500000000000004 -2.2499999999999996 0.48921343144287027 1.9058639729882811 0.26659387353423869 1.5357142857142849 -0.40660244817370472 -0.32086956521739124 0.75000000000000011 166.87500000000003 0.49321258360367898 81.750000000000014 1.427572427572428 80.804894275427344 81.312500000000014 2.7659122364066779 0.31250000000000006 0.34285714285714336 47.500000000000007 707.50000000000011 -0.6759107349028709 1.5188811188811193 1.0980894131579293 -0.57078386445773377 1.5000000000000002 11.250000000000002 0.074116354202380205 -0.82415615971448097 1.7960265776001874 7.4285750000000013 -0.79769320408921363 1.5639534883720965 -1.712915523707384e-16 1.3505761549239781 1.1450551032176792 16.250000000000004 -0.15950993297387572 3.035699999999999 90.625000000000014 0.35539443979473623 67.500000000000014 1.3378101398285203 73.500000000000014 6.5000000000000009 1.7500000000000002
decision_type=2 2 2 2 2 2 2 2 2 2 2 2 2 2 2 2 2 2 2 2 2 2 2 2 2 2 2 2 2 2 2 2 2 2 2 2 2 2 2 2 2 2 2 2 2
left_child=1 -1 -2 4 15 25 -7 -6 9 10 13 12 30 -9 -4 20 -17 -18 42 -12 24 33 23 -23 -3 -5 -19 -13 -25 -24 -10 -32 -33 34 35 36 38 -36 -22 -40 41 -39 43 -8 -27
right_child=2 3 14 5 7 6 18 8 11 -11 19 27 -14 -15 -16 16 17 26 -20 -21 21 22 29 28 -26 44 -28 -29 -30 -31 31 32 -34 -35 37 -37 -38 40 39 -41 -42 -43 -44 -45 -46
leaf_value=-0.011855108039118809 -0.002390498652928365 -0.00027781520440035569 -0.0089966960460249774 0.0066670896639197041 -0.007497514528411524 -0.00524544978730549 0.0088015277196460129 -0.0053162003562835783 -0.0058067840288753454 0.0033528990229740097 0.0044347378413251148 -0.00034223526892782633 -0.0021500413081879778 -0.0085376413424115977 -0.0035457349766397843 0.032574627523172993 0.018614775095610148 0.021425292622671479 -0.0012912481205548515 -0.0050955978149787688 -0.00037147760509474996 -0.0056843015925655445 -0.0033000688913050746 -0.0016034105737362748 0.0069947889968730694 0.011758196970821123 -0.014026733640490979 -0.017137628923862638 0.00036360033631853975 0.00080072715510312034 0.0097235658600636279 0.0065538521909080773 -0.0018150449784680167 0.0033457230709006778 -0.0013063333422999536 -0.0034541970792238419 0.0047900521691553732 -0.0012620710904730382 -0.00041386135228675962 0.0007778724090432565 0.020891319265117704 0.00064954605086538502 0.0007438008132554186 0.03045244917822092 0.029864968998965891
leaf_weight=95 116 107 95 156 88 149 83 117 82 109 81 93 157 136 127 88 94 85 96 116 110 107 89 93 101 105 104 141 86 97 132 86 117 144 126 112 107 107 121 154 111 99 102 98 82
leaf_count=95 116 107 95 156 88 149 83 117 82 109 81 93 157 136 127 88 94 85 96 116 110 107 89 93 101 105 104 141 86 97 132 86 117 144 126 112 107 107 121 154 111 99 102 98 82
internal_value=0 -0.000294811 -0.00988201 -6.56599e-05 -0.000736885 0.00278096 0.000378072 -0.00276442 -0.00224781 -0.00504464 -0.00698448 -0.000309023 0.00156522 -0.0107283 -0.0058296 0.000579581 0.00383065 0.00167254 0.00269737 -0.00214646 -6.67735e-05 -0.000585938 -0.00338266 -0.00592334 0.00406699 0.00646802 -0.00144737 -0.00489362 -0.00263889 0.000534759 0.00352871 0.00483631 0.00232843 0.000524329 -2.3855e-05 0.00140496 0.0030426 -0.00197072 0.0013601 0.00317029 7.86164e-05 -0.00217391 0.00466549 0.00673077 0.00944149
internal_weight=0 4663 338 4568 3697 871 528 1455 1367 559 450 808 574 253 222 2242 371 283 379 197 1871 1663 472 286 208 343 189 234 179 186 417 335 203 1191 1047 604 492 443 385 275 317 206 283 181 187
internal_count=5001 4663 338 4568 3697 871 528 1455 1367 559 450 808 574 253 222 2242 371 283 379 197 1871 1663 472 286 208 343 189 234 179 186 417 335 203 1191 1047 604 492 443 385 275 317 206 283 181 187
is_linear=0
shrinkage=0.05


Tree=55
num_leaves=48
num_cat=0
split_feature=4 42 47 29 28 0 19 8 4 4 28 19 41 8 40 7 40 2 20 16 13 9 19 28 21 49 45 49 12 18 48 42 45 18 45 29 29 48 33 20 41 13 48 48 0 17 17
split_gain=11.9659 3.93201 3.6848 3.83873 3.62956 3.27274 3.04966 2.84288 2.81526 2.64532 2.22886 1.92134 1.84199 2.41378 2.44521 1.80791 1.74552 1.64848 1.63821 1.62835 2.65812 1.60932 1.59346 1.51933 2.97754 1.49992 1.47345 1.46737 1.4488 2.06038 1.45731 1.41952 1.34064 1.38258 1.306 2.51692 1.34304 1.23293 1.21241 1.20757 1.00704 1.66674 1.16262 1.08883 0.993802 0.96296 0.645587
threshold=2.1250000000000004 1.0000000180025095e-35 10.500000000000002 8.6875000000000018 70.062500000000014 82.250000000000014 0.060452341566892651 1.5365217391304349 1.0000000180025095e-35 0.62500000000000011 66.781250000000014 1.2740330933434383 5.5000000000000009 0.37304347826086975 48.500000000000007 -0.33146853146853134 4.5000000000000009 717.50000000000011 1.6359158083296015 12.500000000000002 25.500000000000004 0.94830131838518172 1.5104571104571107 62.312500000000007 -0.095345572899759631 76.822609286074979 0.9193901325473397 91.930887244269641 2.5499999999999976 92.500000000000014 -0.27341243386648212 0.75000000000000011 0.99053107487289871 167.50000000000003 -0.90163369914317015 6.5312500000000009 6.1666750000000006 -0.53407929598517934 0.95835000000000303 -0.041668676151434741 1.5000000000000002 27.500000000000004 -0.10508047667762555 0.20870355099090468 79.125000000000014 0.92582417582417598 0.81365740740740755
decision_type=2 2 2 2 2 2 2 2 2 2 2 2 2 2 2 2 2 2 2 2 2 2 2 2 2 2 2 2 2 2 2 2 2 2 2 2 2 2 2 2 2 2 2 2 2 2 2
left_child=2 21 3 4 7 15 -6 28 22 17 23 -11 13 39 25 38 -13 44 -19 27 -21 -2 -8 24 -9 -15 -14 34 29 -1 -31 -16 33 37 36 -36 -10 -27 -3 -5 41 43 -42 -39 -4 -24 -37
right_child=1 5 9 12 6 -7 8 10 19 11 -12 16 26 14 31 -17 -18 18 -20 20 -22 -23 45 -25 -26 32 -28 -29 -30 30 -32 -33 -34 -35 35 46 -38 40 -40 -41 42 -43 -44 -45 -46 -47 -48
leaf_value=0.0064750318626362602 -0.003282968892320401 -0.0026169294017050933 0.010573454351884327 -0.0013717496065490554 0.0099646229549176461 0.0070178442180665801 -0.00023664829172536096 0.0031504501403270325 0.0061390334755073274 -0.011242910366485248 0.029044005172109279 -0.0012210461629284229 -0.0013878562967356966 -0.012223542753290673 0.0019486959006732808 -0.0047060168376007096 -0.0073792094775012368 -0.0084998254516404862 0.00068095416582572565 -0.0007627327985725963 -0.020251382975154511 -0.0019160366878766871 0.024078587095147763 0.0018886973745853909 0.030767659773487457 0.00027105600075376103 0.013163126355627844 0.002459744698614744 -0.0030822119518892134 -0.011055660793623901 0.0022939729690343025 -0.00047284579774871664 0.00061953918867170001 -0.0079240151793427589 -0.019484709486938773 -0.00064469056704198895 -0.00044769402819662131 -0.0043799379100128875 -0.008546861243723728 0.0035062143388860409 -0.0006481786875326967 0.0018317823266057354 -0.010711228299198662 -0.00025524073107081603 -0.00046234629932264684 0.00071119136029033643 0.0010214024693933372
leaf_weight=101 92 98 93 90 93 102 99 116 81 82 101 153 99 81 107 103 90 81 104 132 94 104 121 125 147 151 102 82 132 92 126 104 88 88 146 86 105 81 85 158 82 81 137 80 139 89 98
leaf_count=101 92 98 93 90 93 102 99 116 81 82 101 153 99 81 107 103 90 81 104 132 94 104 121 125 147 151 102 82 132 92 126 104 88 88 146 86 105 81 85 158 82 81 137 80 139 89 98
internal_value=0 -0.00769231 -8.44975e-05 0.000561418 0.00191509 -0.00475578 0.000122249 0.0042508 -0.000595238 -0.00329744 0.00688776 -0.00667178 -0.00135621 -0.0020316 -0.00305273 -0.00749129 -0.00440574 -0.000657895 -0.00416667 -0.00212121 -0.00572687 -0.0134518 0.00346774 0.00514139 0.00729167 -0.00422414 0.00309406 -0.000751252 0.00138274 0.00320312 0.000456621 0.00176887 -0.0035488 -0.0042796 -0.00174081 -0.00362538 0.00160428 -0.00342577 -0.010462 0.00240964 -0.00470779 -0.00246914 -0.00715909 -0.00540123 0.00214592 0.00592417 0.00027027
internal_weight=0 584 4437 3695 2166 388 1226 940 1133 742 489 325 1529 1328 1080 286 243 417 185 824 226 196 309 388 263 869 201 598 451 319 218 211 788 700 516 330 186 612 183 248 461 242 219 161 232 210 184
internal_count=5021 584 4437 3695 2166 388 1226 940 1133 742 489 325 1529 1328 1080 286 243 417 185 824 226 196 309 388 263 869 201 598 451 319 218 211 788 700 516 330 186 612 183 248 461 242 219 161 232 210 184
is_linear=0
shrinkage=0.05


Tree=56
num_leaves=47
num_cat=0
split_feature=4 50 4 46 0 12 29 19 43 5 30 36 31 50 36 30 8 30 9 50 17 33 7 2 17 8 10 39 28 27 23 11 48 50 30 3 47 27 43 33 49 8 44 8 48 13
split_gain=15.1863 4.33163 3.75528 3.81957 4.2036 2.6069 3.31062 2.32629 2.3655 3.19904 2.36982 2.17598 2.14365 2.43867 2.11188 2.53545 2.09424 1.90091 1.88452 1.74436 1.69896 1.68535 1.67822 1.6181 1.45212 1.70856 1.58591 1.42066 1.33682 1.55827 1.27437 1.27024 1.55262 1.82437 1.39258 1.24014 1.15494 1.11301 1.15012 2.45233 1.10996 1.01672 0.996762 1.17816 0.807456 0.486801
threshold=3.2500000000000004 0.67434145468467233 1.0000000180025095e-35 0.28313308994381592 70.250000000000014 1.5357142857142849 9.0312500000000018 1.3234485356436581 0.75000000000000011 1.0000000180025095e-35 69.375000000000028 49.500000000000007 5.5000000000000009 1.2494859298593968 36.500000000000007 161.87500000000006 0.70549328375118869 93.125000000000028 1.1303215444083681 3.4323074102086228 1.118823529411765 0.76785000000000292 -0.8181818181818179 687.50000000000011 0.91779279279279291 0.8686956521739132 1.5166376561036297 1.0000000180025095e-35 74.187500000000014 85.562500000000014 89.250000000000014 2.7500000000000004 0.4629492144943726 1.2340371225544831 110.62500000000003 122.50000000000001 11.500000000000002 82.687500000000014 1.7500000000000002 0.54164999999999719 80.939811404846907 1.6969565217391305 14.250000000000002 0.85639751552795063 0.014070287307129146 25.500000000000004
decision_type=2 2 2 2 2 2 2 2 2 2 2 2 2 2 2 2 2 2 2 2 2 2 2 2 2 2 2 2 2 2 2 2 2 2 2 2 2 2 2 2 2 2 2 2 2 2
left_child=2 -2 5 14 -5 6 21 12 10 23 -9 16 -6 -14 15 19 -7 -16 -3 20 27 -1 -19 35 25 -24 -26 28 29 30 37 32 33 45 -35 -10 42 38 39 -4 -25 -17 43 -12 -27 -18
right_child=1 18 3 4 7 11 -8 8 9 -11 36 -13 13 -15 17 41 31 22 -20 -21 -22 -23 24 40 26 44 -28 -29 -30 -31 -32 -33 -34 34 -36 -37 -38 -39 -40 -41 -42 -43 -44 -45 -46 -47
leaf_value=0.0073741430316723927 -0.0022902338154343542 -0.010467179566311283 -0.0032691421815750133 0.019285604324859196 -0.015270015292223006 0.004498270612704078 -0.0002393279248978919 0.00090268025073290134 0.0047631818477921117 0.00566547934873799 -0.0035847080911684025 0.013002106861173547 -0.0059890365001313388 0.0012480031059271203 0.0036078450060837599 0.0069133830416517137 -0.0019134723502552244 -0.015575478012001272 -0.0016634361443818935 0.0390629084628785 -0.0051519236725301515 0.031142433399552506 0.00500230813010778 -0.0017796563215639661 -0.00025037741542461304 -0.012727653464784572 -0.010391475799485229 0.0022172545461300818 -0.0013645799011928639 0.00081746389103360415 -0.0008120598899067355 -0.0016643159245343432 0.0037338883097064015 0.023055542582973289 -0.0036973384554189193 -0.024007316560436469 -0.00094966090687924765 0.0012018490367394941 -0.0021294809847762887 0.00090542592717857704 -0.013076948619676388 0.026491262846371225 -0.0039452394554777412 -0.016989776748570714 0.00094412011265619384 -0.00067871863580487579
leaf_weight=154 141 114 89 134 94 112 139 110 84 125 100 100 148 92 115 122 82 84 119 100 134 137 99 82 98 115 103 143 82 147 103 111 85 83 102 83 101 123 93 126 81 107 140 87 83 89
leaf_count=154 141 114 89 134 94 112 139 110 84 125 100 100 148 92 115 122 82 84 119 100 134 137 99 82 98 115 103 143 82 147 103 111 85 83 102 83 101 123 93 126 81 107 140 87 83 89
internal_value=0 -0.0105333 -7.94155e-05 -0.000899943 -0.00285568 0.0023431 0.00545244 -0.00370858 -0.00248994 0.000164474 -0.00473098 0.000588235 -0.00731343 -0.00477178 0.000483793 0.00162409 -0.000451128 -0.00175501 -0.00630342 0.000657318 4.80307e-05 0.00847603 -0.00291595 -0.00241692 -0.00180361 0.000419463 -0.00507426 0.000826902 -3.27225e-05 0.000696481 -0.000560748 -0.0017179 -0.00050905 -0.00196078 0.00147849 0.00104167 -0.00641026 0.000636574 -0.000970874 0.00104167 -0.00594512 0.00641304 -0.00785061 -0.0102394 -0.00226131 -0.0056686
internal_weight=0 374 4721 3527 1461 1194 430 1327 993 455 538 764 334 240 2066 1369 664 697 233 1140 1040 291 582 330 498 297 201 906 763 681 534 552 441 356 185 167 428 431 308 215 163 229 327 187 198 171
internal_count=5095 374 4721 3527 1461 1194 430 1327 993 455 538 764 334 240 2066 1369 664 697 233 1140 1040 291 582 330 498 297 201 906 763 681 534 552 441 356 185 167 428 431 308 215 163 229 327 187 198 171
is_linear=0
shrinkage=0.05


Tree=57
num_leaves=48
num_cat=0
split_feature=4 50 10 47 21 50 20 16 19 34 9 20 50 16 10 19 30 39 9 22 46 33 30 5 2 22 21 5 7 12 49 16 20 36 36 48 47 48 46 50 0 30 44 14 27 35 2
split_gain=9.59048 5.86603 4.23937 3.79161 2.80477 2.65243 2.41134 2.17346 2.06808 1.89658 1.94605 2.73235 3.27112 2.64753 1.94854 2.19635 1.92548 1.84732 1.79303 1.57604 1.52786 1.52484 1.51994 2.57666 1.8452 1.51993 1.45914 1.44558 1.43087 1.36046 3.04404 1.49117 1.27698 1.20672 1.1645 1.36148 1.40867 1.32518 1.78733 1.13648 1.11368 1.10332 0.918548 0.877284 0.853077 0.622538 0.59971
threshold=2.7500000000000004 2.1692808443592075 1.823323412910999 10.500000000000002 2.4047756210227651 -1.2408700931405787 -0.79166350890488812 16.500000000000004 2.2167335173633886 0.20835000000000295 0.8113611778787907 1.1229891076665273 0.9809633047681886 8.2500000000000018 1.5806506735603114 1.8526315789473689 91.875000000000014 1.0000000180025095e-35 0.63660201852143727 71.250000000000014 0.68274389090025245 0.76785000000000292 105.62500000000001 1.0000000180025095e-35 662.50000000000011 88.750000000000014 1.1296234402852081 1.0000000180025095e-35 1.2377622377622381 2.5499999999999976 87.925204075917847 12.500000000000002 0.57663204426274517 13.500000000000002 15.500000000000002 -0.27898904247075001 6.5000000000000009 0.48619325508637329 -0.21862536810265826 0.54821625567044674 85.250000000000014 94.375000000000014 8.2500000000000018 1.5000000000000002 80.687500000000014 6.2500000000000009 727.50000000000011
decision_type=2 2 2 2 2 2 2 2 2 2 2 2 2 2 2 2 2 2 2 2 2 2 2 2 2 2 2 2 2 2 2 2 2 2 2 2 2 2 2 2 2 2 2 2 2 2 2
left_child=2 6 3 7 5 -4 17 9 28 18 11 29 26 -12 15 16 -15 -2 -1 -10 21 46 24 32 -5 -17 27 -13 -7 31 -31 34 -24 -14 37 36 -36 38 -11 -26 -30 -22 -40 -37 -3 -18 -21
right_child=1 44 4 22 -6 8 -8 -9 19 10 13 12 33 14 -16 25 45 -19 -20 20 41 -23 23 -25 39 -27 -28 -29 40 30 -32 -33 -34 -35 35 43 -38 -39 42 -41 -42 -43 -44 -45 -46 -47 -48
leaf_value=-0.004283450658731913 -0.0013201009049424455 -0.0075961592032219782 -0.0073819376963527531 0.0061981532983902939 -0.0073541693104989484 0.0096708073869323265 -0.0060318164398907885 -0.0063306397454224511 0.034749980414539562 0.00048019429848749354 0.0063603874708144052 0.00094420571219152043 0.0035409395748191991 0.00013701720102998193 -0.0095156440443799305 -0.0003503592384169141 -0.0012309010013258016 -0.0027934770370135055 -0.0012096343038111247 0.010597371833512443 0.0073654946412592629 0.027539079189506023 -0.010541799292798833 0.00031777752708420093 -0.0033253796348924666 0.0051952672077377254 -0.0018443910000979337 -0.002837990225581555 0.0022752160658193578 -0.0005829698628696823 0.0066464089406229531 0.0024129830327305813 -0.0046270815211749807 0.022077166074544675 -0.0031316431103440624 -0.001554371402492827 0.0018403303891281531 0.004057228591417556 -0.00050166296061685543 3.9055916551702933e-05 -0.0021924693884385893 -0.0028304104538849576 -0.0079111359617475962 -0.0064877590028264986 0.0019361291853734778 -0.0045083603874488233 0.0010175397700363132
leaf_weight=90 85 81 118 84 81 82 91 103 89 138 126 159 158 86 144 112 86 124 141 80 85 141 95 85 134 81 84 92 101 139 82 103 131 151 89 149 91 92 80 84 87 111 102 101 87 106 89
leaf_count=90 85 81 118 84 81 82 91 103 89 138 126 159 158 86 144 112 86 124 141 80 85 141 95 85 134 81 84 92 101 139 82 103 131 151 89 149 91 92 80 84 87 111 102 101 87 106 89
internal_value=0 -0.00778252 -0.000273943 -0.0011146 0.00248826 0.00322663 -0.0119601 -0.000355163 0.00418591 -8.98311e-05 0.000303683 0.00118719 0.00379845 -0.0018531 -0.00320617 -0.00164195 -0.00448029 -0.00892857 -0.0044181 0.00583054 0.00473373 0.00691318 -0.00468241 -0.00713141 -0.00214521 0.00244845 0.000372024 0.00228175 0.000553506 -0.000257069 0.00326577 -0.00108351 -0.00991189 0.0075 -0.00177936 -0.00359629 -0.000276243 0.000121065 -0.00140187 -0.00456621 -0.00185185 0.00126904 -0.00464481 -0.0059761 -0.000295858 -0.00725389 0.00367647
internal_weight=0 468 4562 3498 1064 983 300 2885 865 2782 2551 1810 644 741 615 471 278 209 231 595 506 310 613 311 302 193 335 251 270 1166 221 945 226 309 842 430 180 412 320 218 188 196 182 250 168 192 169
internal_count=5030 468 4562 3498 1064 983 300 2885 865 2782 2551 1810 644 741 615 471 278 209 231 595 506 310 613 311 302 193 335 251 270 1166 221 945 226 309 842 430 180 412 320 218 188 196 182 250 168 192 169
is_linear=0
shrinkage=0.05


Tree=58
num_leaves=48
num_cat=0
split_feature=43 8 46 30 50 50 30 19 29 19 49 3 29 6 18 19 10 15 45 20 48 10 50 20 19 8 33 17 44 29 48 43 17 18 49 36 49 16 19 18 21 45 29 29 30 21 30
split_gain=6.459 4.88533 4.23271 3.03646 2.97512 2.65164 2.17267 2.14673 2.27931 1.99281 2.97403 2.17932 1.96151 1.86456 1.67604 2.21856 1.63266 1.83782 2.69634 2.34791 2.19063 2.05149 1.6681 1.57422 1.51783 1.93332 1.5011 1.46287 2.16416 1.91639 1.38944 1.21334 1.98443 1.57997 2.34806 2.44115 1.3736 1.31996 1.29255 1.19959 1.15194 1.12398 1.08991 1.03221 1.77691 0.873658 1.18085
threshold=-2.2499999999999996 1.1869565217391307 0.080547328232315238 46.875000000000007 5.312721158191601 1.3768084538462804 184.37500000000003 4.3645530939648589 6.1666750000000006 3.4309597523219817 77.026600769339268 27.500000000000004 11.687500000000002 1.5428571428571434 62.500000000000007 2.1674622990112855 1.4833899732862526 78.250000000000014 -0.082689790342551819 0.16005261342073487 -0.22354599379225149 1.0835112497418278 0.87613210253913121 1.1229891076665273 1.6561232459599067 0.67565217391304355 1.1250000000000002 0.9582608695652175 10.500000000000002 10.187500000000002 -0.038411635961334629 1.2500000000000002 1.0571895424836604 112.50000000000001 89.417234227644371 17.500000000000004 87.986457325053593 10.500000000000002 3.1000999000999006 82.500000000000014 1.4264005602240888 -0.12546116083924153 8.5625000000000018 8.3125000000000018 115.00000000000003 -0.48438467699631355 93.125000000000028
decision_type=2 2 2 2 2 2 2 2 2 2 2 2 2 2 2 2 2 2 2 2 2 2 2 2 2 2 2 2 2 2 2 2 2 2 2 2 2 2 2 2 2 2 2 2 2 2 2
left_child=-1 2 12 -3 6 7 14 8 -4 10 -8 26 16 24 15 -5 17 18 21 -20 -19 -2 -18 27 41 -26 -12 28 29 -10 -21 32 33 36 35 -35 -16 42 -34 -22 -24 -7 -33 44 -39 -14 -47
right_child=1 3 5 4 -6 13 9 -9 23 -11 11 -13 45 -15 31 -17 22 20 19 30 39 -23 40 -25 25 -27 -28 -29 -30 -31 -32 37 38 34 -36 -37 -38 43 -40 -41 -42 -43 -44 -45 -46 46 -48
leaf_value=-0.0040856630320967894 0.020168319269770391 0.026132114233712735 0.0027432966076370666 -0.00021991319948251877 0.03798921521841328 -0.0072140123733603068 -0.010291331014458206 -0.0099462374538424186 -0.0048500686732384501 0.015282242831580063 -0.0059603467500561787 0.022373108523749692 0.0023456040213710285 0.0046427760244249607 -0.0072772430862529857 0.012287745116296409 -0.0047101880680148053 0.00073379492293533521 -0.007137850932061313 -0.00051025899346357484 -0.00028732721604377568 0.00049908422811564823 0.001382199476833379 -0.00016595388808831121 0.0044127615763173032 -0.012293547026764086 0.018865878482612009 -0.0076122965823014546 0.00017202799593061258 -0.0020582315051606895 0.0058708519455002639 -0.0091577576661530224 -0.0083922864342399674 -0.00097311167275271337 -0.0010739605393234319 0.0045761038526735192 -0.00050677297322470618 0.020668952311827207 -0.0029282089045392979 -0.0018076522211294634 -0.0044435687644963995 -0.00094535875469949906 0.00063152662765774976 -0.0013678604340754408 0.00010513802852974986 0.0005960096257499409 -0.00078065107741187578
leaf_weight=126 82 98 100 136 93 90 88 90 119 112 102 126 115 140 86 82 109 114 101 158 91 147 93 97 107 99 81 148 115 157 80 93 111 107 100 90 96 89 128 139 97 89 84 87 109 106 85
leaf_count=126 82 98 100 136 93 90 88 90 119 112 102 126 115 140 86 82 109 114 101 158 91 147 93 97 107 99 81 148 115 157 80 93 111 107 100 90 96 89 128 139 97 89 84 87 109 106 85
internal_value=0 -0.000785182 -0.00212618 0.00104812 0.000624688 -0.0041605 0.000196541 -0.00592503 -0.00502035 0.0029902 0.0013191 0.00362903 -0.000312912 -0.00137833 -0.000822016 0.00319635 -0.001217 -0.000164294 0.00158172 -0.00125 -0.00304348 0.00576087 -0.00441667 -0.00612245 -0.00317358 -0.000241546 0.00013587 -0.00717593 -0.00554847 -0.00794224 0.00146444 -0.00156647 -0.00285118 -0.000989583 0.00125839 0.00441919 -0.00464481 0.000431965 -0.0065625 -0.00584416 -0.00157068 -0.00652778 -0.00294944 0.00253497 0.00452261 0.00325733 0.00117188
internal_weight=0 4966 2868 2098 2000 1351 1907 826 736 509 397 309 1517 525 1398 218 1211 912 568 339 344 229 299 636 385 206 183 539 391 276 238 1180 718 479 297 197 182 462 239 230 190 179 177 285 198 306 191
internal_count=5092 4966 2868 2098 2000 1351 1907 826 736 509 397 309 1517 525 1398 218 1211 912 568 339 344 229 299 636 385 206 183 539 391 276 238 1180 718 479 297 197 182 462 239 230 190 179 177 285 198 306 191
is_linear=0
shrinkage=0.05


Tree=59
num_leaves=47
num_cat=0
split_feature=4 43 49 29 4 14 3 30 20 20 35 46 48 49 27 33 36 9 19 48 18 46 20 19 42 35 29 13 30 13 41 13 19 49 49 40 28 41 34 27 4 34 46 14 20 21
split_gain=7.67295 5.34491 5.03074 4.1607 3.0679 2.50837 3.38894 2.3311 2.37885 2.06573 2.45837 2.03433 2.10138 2.08336 1.96986 1.93413 1.88239 2.78913 1.72433 1.63354 1.62822 3.53542 1.69758 1.79937 1.59913 1.51775 1.49996 1.40621 1.63491 1.40276 1.35828 1.66527 1.35734 1.27365 2.2984 2.16548 1.27076 1.69244 1.30783 1.22495 1.16816 1.08325 1.07679 0.666185 0.572962 0.339362
threshold=3.7500000000000004 0.75000000000000011 86.075906756682528 8.3125000000000018 0.62500000000000011 3.5000000000000004 7.5000000000000009 173.12500000000003 0.78995923431407311 1.4922493591913721 33.750000000000007 -0.031174269516803289 0.5573862488012935 90.407325269562008 73.187500000000014 1.1250000000000002 41.500000000000007 0.89141405653841399 2.4224438100599097 -0.74672046173200757 122.50000000000001 -0.6905596507703472 1.1508000771158666 1.5104571104571107 1.7500000000000002 12.708349999999998 9.8125000000000018 16.500000000000004 98.125000000000014 27.500000000000004 2.5000000000000004 28.500000000000004 1.6430193999548841 86.525148557519117 88.834282337169029 3.5000000000000004 69.187500000000014 1.0000000180025095e-35 1.3750000000000002 83.062500000000014 1.7500000000000002 0.87500000000000011 0.31595530242620651 2.5000000000000004 2.2318039987450446 -0.025767054111717865
decision_type=2 2 2 2 2 2 2 2 2 2 2 2 2 2 2 2 2 2 2 2 2 2 2 2 2 2 2 2 2 2 2 2 2 2 2 2 2 2 2 2 2 2 2 2 2 2
left_child=1 4 -2 9 5 6 -1 8 -8 14 16 13 36 19 -3 42 17 18 -11 -5 22 -22 23 26 -4 30 -6 -10 -29 -23 31 39 -27 35 -35 -21 37 -13 -39 -16 45 -34 -7 -24 -12 -25
right_child=2 3 24 11 20 15 7 -9 27 10 44 12 -14 -15 25 -17 -18 -19 -20 33 21 29 43 40 -26 32 -28 28 -30 -31 -32 -33 41 34 -36 -37 -38 38 -40 -41 -42 -43 -44 -45 -46 -47
leaf_value=-0.014669210871602147 -0.0030031244325743004 -0.0061629467893740521 -0.002995508826242093 -0.00048889120594417521 -0.0083653198404277391 -0.00045629773263626832 0.0064897419902731242 0.015819912205969611 -0.0012796748500237154 0.00066724128072633004 0.019411547277212327 -0.011043576601039129 0.0036733603976789823 -0.00098092847075331724 -0.0021480371367903319 0.0016672278464198332 0.020616083676418897 -0.0032153767665067615 0.016814044820614677 0.011833824743477106 0.0050787090473169818 -0.00015440590727096027 -0.020317914638847835 -0.001684966466315628 0.00076093965700181751 -0.0032604148790056466 -0.001274863714012029 0.00055627140201315877 -0.001318674791041108 -0.0036870030852880864 0.00069712540717954132 0.011784138022254998 -0.0018909874918763003 0.012783287708375904 5.4228917214432792e-05 -0.0015396093620500763 -0.0065884543698971065 0.0046090208859180084 -0.0062809183717545576 0.0017660230735532551 -0.0032869267517996736 0.016232744690725102 -0.0091456733772220088 -0.008251419298537635 0.028247155463857612 0.0018610450855019722
leaf_weight=83 107 134 100 95 91 132 81 99 83 140 80 155 87 80 86 109 93 141 132 91 82 133 83 85 100 125 84 141 130 147 140 129 92 114 81 112 140 132 90 80 130 114 100 104 80 82
leaf_count=83 107 134 100 95 91 132 81 99 83 140 80 155 87 80 86 109 93 141 132 91 82 133 83 85 100 125 84 141 130 147 140 129 92 114 81 112 140 132 90 80 130 114 100 104 80 82
internal_value=0 -5.29325e-05 -0.00819805 0.00137573 -0.00203283 0 0.00190129 0.00336449 0.00177752 0.00306318 0.00517241 -0.000870119 -0.00289256 0.00126307 0.00149834 -0.00343567 0.00345168 0.00199275 0.00494505 0.00247976 -0.00393836 -0.00123967 -0.00541667 -0.0038055 -0.00348259 0.00247718 -0.0078125 0 0.00174632 -0.00391459 0.00441514 0.00633446 -7.53012e-05 0.00388471 0.0067602 0.00110294 -0.00410232 -0.00257937 0.000224215 0.00299401 -0.00142617 0.00241546 -0.00600858 -0.00944149 0.010559 0.00133929
internal_weight=0 4722 307 2743 1979 958 617 534 435 1566 666 1177 604 573 900 341 506 413 272 493 1021 362 659 472 200 766 175 354 271 280 435 295 331 398 195 203 517 377 222 166 297 206 232 187 160 167
internal_count=5029 4722 307 2743 1979 958 617 534 435 1566 666 1177 604 573 900 341 506 413 272 493 1021 362 659 472 200 766 175 354 271 280 435 295 331 398 195 203 517 377 222 166 297 206 232 187 160 167
is_linear=0
shrinkage=0.05


Tree=60
num_leaves=50
num_cat=0
split_feature=42 8 50 30 36 50 27 10 48 10 8 6 50 14 30 2 25 30 1 35 35 30 19 21 50 41 18 31 13 3 46 46 10 22 46 19 36 19 15 13 48 21 9 25 14 48 40 18 19
split_gain=6.48295 3.97133 3.02131 3.18576 2.78735 2.14023 2.75176 2.26965 1.9807 1.96105 2.18932 1.95876 2.17847 2.09247 1.91442 3.15752 2.5086 2.4704 2.37144 1.87898 1.84942 2.26985 2.01814 1.80236 1.76333 1.72966 1.70354 1.6678 1.82378 1.5817 1.56027 1.54935 1.48678 1.47886 1.42466 1.40415 1.517 1.93751 1.49045 2.83653 1.59408 1.15142 0.835622 1.3223 1.54244 0.958447 0.873553 0.794658 0.0552105
threshold=-2.7499999999999996 1.1869565217391307 5.1115938189515058 46.875000000000007 68.500000000000014 4.8268644619878964 70.562500000000014 1.4244980743690803 0.10711648701204592 1.2161627261058701 1.0252173913043481 -0.17142857142857146 1.7177269628839655 4.5000000000000009 102.81250000000001 687.50000000000011 1.5000000000000002 145.62500000000003 84.500000000000014 3.035699999999999 36.250000000000007 179.37500000000003 1.745034965034965 0.50983512084696525 -0.3053232698534955 2.5000000000000004 152.50000000000003 7.5000000000000009 28.500000000000004 52.500000000000007 0.69521084835931835 -0.9292178835113839 0.95606509638714188 84.750000000000014 -0.35846086284744721 0.22610762067646531 27.500000000000004 1.3108468002585651 77.250000000000014 23.500000000000004 -0.032899740843847426 0.40674564084006454 0.79965262694272676 1.0000000180025095e-35 1.5000000000000002 0.095906855539589594 5.5000000000000009 122.50000000000001 1.592559116669924
decision_type=2 2 2 2 2 2 2 2 2 2 2 2 2 2 2 2 2 2 2 2 2 2 2 2 2 2 2 2 2 2 2 2 2 2 2 2 2 2 2 2 2 2 2 2 2 2 2 2 2
left_child=-1 4 3 -3 5 6 -2 9 -7 14 19 13 29 -9 15 16 18 31 -8 -11 21 35 -22 -19 -23 -24 30 28 -17 -13 41 -16 33 48 -21 -5 37 -37 39 -38 -40 -26 43 -39 -45 -44 -46 -34 -33
right_child=1 2 -4 20 -6 8 7 11 -10 10 -12 12 -14 -15 17 27 -18 23 -20 34 22 24 25 -25 26 -27 -28 -29 -30 -31 -32 32 47 -35 -36 36 38 42 40 -41 -42 -43 45 44 46 -47 -48 -49 -50
leaf_value=-0.0051384865336855812 -0.012555623821037434 0.027837571277105885 0.040707348297871926 0.00051822506520625194 -0.0074477036502340879 0.043059485942489852 0.012146575850785851 -0.0010010280628085736 -0.016484382442717337 0.0031432028705963688 -0.0012574681923473441 -0.00039048132757043001 0.0072510331566119079 -0.0053532035724984696 3.9644048750450693e-05 -0.001805771540211032 -0.00085939352357372047 -0.0015419190055425528 -6.605483333123052e-05 0.0032482722171804038 -0.0047878255389785188 -0.0019641035092401136 0.0024631977131098939 0.0091441512977863942 0.038923190169643268 0.032006663530237053 -0.0036561412838472364 -0.0023065786855465454 0.0017229536980706527 -0.0037876098739854608 5.8543437274327653e-05 -0.0014202095019757869 -0.0060387816323125357 -0.0036724281444556195 -0.00049961943624685643 -0.010277314290607721 -0.0077364386651490123 0.0025991973559953644 0.0029330780017923471 0.0016840784479643684 -0.00033463019245780212 0.014007681860999306 -0.0018613580336240055 0.00042187271172047238 -0.0086919897072200436 -0.0060514127366309515 -0.00056274211486733177 -0.0035700168119244483 0.00033940869764580649
leaf_weight=82 81 90 113 113 126 125 159 81 80 110 99 92 101 135 92 151 92 126 92 111 83 89 134 80 102 88 81 105 84 104 97 80 144 96 119 126 92 103 80 102 84 90 136 124 80 104 80 85 80
leaf_count=82 81 90 113 113 126 125 159 81 80 110 99 92 101 135 92 151 92 126 92 111 83 89 134 80 102 88 81 105 84 104 97 80 144 96 119 126 92 103 80 102 84 90 136 124 80 104 80 85 80
internal_value=0 -0.000970729 0.000627281 0.0001924 -0.0022077 -0.00186691 -0.00227 -0.00196362 0.00303398 -0.00116737 0.00176136 -0.00491245 -0.0022651 -0.00852535 -0.00204499 -0.000109649 0.00327035 -0.00373087 0.00585317 0.00366569 -0.000226244 -0.000875891 0.00334967 0.000966184 0.00211957 0.0058296 0.00363881 -0.00351906 -0.00116525 -0.00532995 0.00543103 -0.00540657 -0.00653292 -0.00389105 0.00108225 -0.002 -0.00254047 -0.003813 0.000139276 -0.00282051 0.00363636 0.00803109 -0.0026672 -0.00122423 -0.00298246 -0.00497925 -0.00621118 -0.00945652 -0.000931677
internal_weight=0 5021 2191 2078 2830 2704 2499 2418 205 1905 439 513 297 216 1466 683 343 783 251 340 1988 1683 305 206 459 222 370 340 235 196 289 577 485 256 230 1224 1111 753 358 194 164 192 627 387 284 240 160 229 160
internal_count=5103 5021 2191 2078 2830 2704 2499 2418 205 1905 439 513 297 216 1466 683 343 783 251 340 1988 1683 305 206 459 222 370 340 235 196 289 577 485 256 230 1224 1111 753 358 194 164 192 627 387 284 240 160 229 160
is_linear=0
shrinkage=0.05


Tree=61
num_leaves=48
num_cat=0
split_feature=4 50 8 46 19 30 47 30 19 6 50 12 4 48 30 11 30 29 2 19 37 45 37 10 46 8 34 35 30 28 34 41 48 17 10 20 20 29 6 2 34 2 50 20 29 7 21
split_gain=6.82882 3.67292 3.8036 3.05634 2.50591 2.4768 2.01032 2.53631 3.1124 2.52488 1.90799 3.60006 2.05248 1.90061 1.89745 2.88495 1.89873 1.77222 1.9592 2.11608 2.17517 1.68017 3.01525 1.63871 1.54766 1.45649 1.44622 1.52773 2.12276 2.05351 1.89122 1.53708 1.85249 1.26971 1.20736 1.15875 1.74439 1.46307 1.2735 1.13196 1.0748 1.012 0.991729 0.908619 0.774644 0.68626 0.572192
threshold=3.7500000000000004 5.1115938189515058 1.6408695652173915 -0.15950993297387572 5.2563255966001963 40.625000000000007 8.5000000000000018 98.125000000000014 1.7302425515660811 1.5428571428571434 0.35539443979473623 3.1904761904761938 1.2500000000000002 0.13834559665575658 159.37500000000006 1.5639534883720965 221.87500000000003 6.5312500000000009 712.50000000000011 2.4729531338226995 29.500000000000004 0.77788564761185042 59.500000000000007 1.1862892563345437 0.16587474750015932 1.6043478260869566 1.0000000180025095e-35 36.250000000000007 110.62500000000003 73.937500000000014 0.31250000000000006 1.5000000000000002 0.19739952681172365 0.85449735449735453 1.5166376561036297 0.61139144503994347 0.024241608438674005 7.6875000000000009 0.34285714285714336 707.50000000000011 1.1250000000000002 727.50000000000011 0.5940582854261437 1.3794947446063066 6.1666750000000006 0.88111888111888148 0.29348885814402342
decision_type=2 2 2 2 2 2 2 2 2 2 2 2 2 2 2 2 2 2 2 2 2 2 2 2 2 2 2 2 2 2 2 2 2 2 2 2 2 2 2 2 2 2 2 2 2 2 2
left_child=1 4 13 33 5 -1 10 17 9 42 11 12 21 -3 26 16 -16 -8 19 20 -19 22 40 -10 -20 -25 -12 28 30 31 -28 39 46 -2 -14 36 -32 -37 -39 -30 45 -23 -9 -40 -17 -7 -33
right_child=3 2 -4 -5 -6 6 7 8 23 -11 14 -13 34 -15 15 44 -18 18 24 -21 -22 41 -24 25 -26 -27 27 -29 29 -31 35 32 -34 -35 -36 37 -38 38 43 -41 -42 -43 -44 -45 -46 -47 -48
leaf_value=0.019532289565487471 -0.00090319206060205564 0.037605416894803879 0.05244595610404406 -0.0016147952578710542 -0.0093558752051560983 -0.00036440074249536328 0.0032921120439710627 -0.002867391777920017 -0.0045899753280083683 -0.0014615631672531661 -0.0019727028400020052 0.0034796733003867597 -0.0069006589284885877 -0.018446690607713402 0.036243232678376945 0.0034883150533252085 0.00773509963641712 -0.00028753452485105307 2.1813588266778042e-06 -0.0016302086857804543 0.0025659829203994455 0.0033518706151000168 0.0039349963452116055 0.0021089296652893998 -0.0051539551337635098 -0.00517216749153544 0.0060676749569343854 0.01719918741321615 -0.0010305312766243357 0.001668881026365568 -0.00030177435113609707 -0.0024653356902911653 0.0043649971569814736 -0.0036839339173497716 -0.010616768181547671 0.0061047448938192257 0.0044359619501138621 9.9672256582514218e-05 -0.00037938049870564483 -0.0097451062235551899 -0.0020761515374937366 -0.0027302615813120132 -0.014422895337219039 -0.0021844665729424673 -0.0020204760127322087 -0.0054404978338351345 -0.00072983554913138573
leaf_weight=85 106 137 83 123 121 81 109 90 118 127 97 92 136 85 114 83 109 134 86 95 95 83 89 152 140 133 96 86 94 84 125 80 88 80 92 85 86 128 90 80 142 89 138 87 159 139 83
leaf_count=85 106 137 83 123 121 81 109 90 118 127 97 92 136 85 114 83 109 134 86 95 95 83 89 152 140 133 96 86 94 84 125 80 88 80 92 85 86 128 90 80 142 89 138 87 159 139 83
internal_value=0 -0.000968049 0.00433007 -0.00862903 -0.00133454 -0.00113372 -0.00130486 -0.0028385 -0.00480896 -0.00821629 -0.000527162 -0.00235699 -0.00337441 0.000896861 0.000404313 0.00316524 0.00725446 -0.000568182 -0.00172414 0.000769231 0.00336957 -0.00188301 -0.00348451 -0.00179455 -0.00528634 0.000262238 -0.000521583 -7.73395e-05 -0.000538525 -0.0029902 0.00125358 -0.00440141 -0.00188492 -0.00454545 -0.00742358 0.000207641 0.00318396 -0.00140665 -0.00302288 -0.008 -0.00550964 0.00231214 -0.0113537 -0.00575843 -0.000617284 -0.00769231 -0.00503049
internal_weight=0 4725 305 309 4420 4299 4214 1417 758 355 2797 943 851 222 1854 465 223 659 550 324 229 623 451 403 226 285 1389 1292 1206 509 697 425 251 186 228 601 211 390 305 174 362 172 228 177 242 220 163
internal_count=5034 4725 305 309 4420 4299 4214 1417 758 355 2797 943 851 222 1854 465 223 659 550 324 229 623 451 403 226 285 1389 1292 1206 509 697 425 251 186 228 601 211 390 305 174 362 172 228 177 242 220 163
is_linear=0
shrinkage=0.05


Tree=62
num_leaves=48
num_cat=0
split_feature=4 46 42 36 6 30 36 25 30 29 19 19 2 0 36 13 46 0 5 36 14 18 2 48 6 6 28 30 45 0 7 13 45 46 30 13 48 49 48 2 6 2 31 27 14 37 21
split_gain=7.86284 3.70042 2.88795 3.05244 3.34951 2.63618 4.03756 2.77179 2.28583 2.19122 1.98 1.88413 1.40182 2.34032 1.55232 1.54269 1.81891 2.10179 2.25778 1.43699 2.12522 1.76421 3.29621 1.72241 2.06092 2.26555 2.15355 1.73768 1.73696 1.5529 1.38991 1.54976 1.67782 1.4558 1.35106 1.33258 1.45399 1.16259 1.61421 1.14848 1.12475 1.08786 1.07556 1.0732 0.989093 0.8795 0.879224
threshold=1.7500000000000002 0.93469109537144635 0.75000000000000011 35.500000000000007 -1.0000000180025095e-35 168.12500000000003 59.500000000000007 1.0000000180025095e-35 44.375000000000007 9.9375000000000018 1.8242924258404136 5.2563255966001963 742.50000000000011 81.750000000000014 18.500000000000004 39.500000000000007 0.41202506375868281 80.750000000000014 -1.0000000180025095e-35 3.5000000000000004 3.5000000000000004 77.500000000000014 692.50000000000011 -0.37033692148540165 -1.1999999999999993 0.34285714285714292 73.187500000000014 121.87500000000001 -0.30163705152652742 82.750000000000014 0.24150581752294822 27.500000000000004 0.77244481603295057 -0.6391983530350368 241.87500000000003 17.500000000000004 -0.038411635961334629 89.735361721823921 0.043854800812743219 727.50000000000011 0.34285714285714336 672.50000000000011 6.5000000000000009 85.062500000000014 1.5000000000000002 11.500000000000002 0.15758689839572074
decision_type=2 2 2 2 2 2 2 2 2 2 2 2 2 2 2 2 2 2 2 2 2 2 2 2 2 2 2 2 2 2 2 2 2 2 2 2 2 2 2 2 2 2 2 2 2 2 2
left_child=5 2 9 10 -5 8 7 39 -1 42 -4 12 15 -14 -15 16 19 18 -18 20 29 22 -21 27 -25 26 -26 28 -23 -10 -9 32 33 -32 -35 -20 46 38 -27 -7 -24 -19 -2 -39 -43 -33 -37
right_child=1 -3 3 4 -6 6 -8 30 11 -11 -12 -13 13 14 -16 -17 17 41 35 21 -22 23 40 24 25 37 -28 -29 -30 -31 31 45 -34 34 -36 36 -38 43 -40 -41 -42 44 -44 -45 -46 -47 -48
leaf_value=0.020210346162015832 -0.0015571281723176841 -0.0049611677391347558 0.0096761662164925391 -0.0086788647316354463 6.733820872772728e-05 0.024027578856175031 -0.018399879018058701 0.015351174255001064 0.0074660343737713965 -0.00065852899556363036 -0.0024150487570533136 -0.0091419521322878977 0.00033434772749155054 -0.01638405571609941 -0.0030153837725471868 0.004717897888320376 0.0023707584827902476 -0.0025051513082030613 -0.0097840966328023148 -0.00037581493339559072 -0.0018755386908160755 0.0032223826603688614 0.00098137822340963756 -0.0041942887078429136 -0.00034255947647171547 -0.002281963918006702 0.0057400136416968402 -0.0013742495347956131 -2.1173364615106884e-05 0.00027791194872037742 0.019997567425370757 -0.00038253685990421451 0.022747563711020338 -0.0087218364180672078 0.0014036502507075999 -0.00020504357896326239 0.0035166056879816585 -0.0065506120401411464 0.0012268293928923259 0.010886012792413236 0.00211672347393527 -0.0097990956201385749 -0.0057745227476607907 -0.00086624547548576629 -0.0045477315358267087 -0.012119496426811894 -0.004371084185143541
leaf_weight=98 133 106 148 108 128 110 82 86 97 136 84 90 114 83 90 148 91 104 83 129 82 101 94 88 121 116 96 101 140 117 82 145 99 82 88 90 142 81 129 83 144 84 119 118 119 82 84
leaf_count=98 133 106 148 108 128 110 82 86 97 136 84 90 114 83 90 148 91 104 83 129 82 101 94 88 121 116 96 101 140 117 82 145 99 82 88 90 142 81 129 83 144 84 119 118 119 82 84
internal_value=0 -0.00524403 -0.00414236 -0.00149254 -0.00548523 -0.000224842 0.00210106 0.00311772 -0.000913386 -0.00732648 0.00257511 -0.00115372 -0.000937395 -0.00425347 -0.0079023 -0.000583333 -0.000871865 -0.00285088 -0.000814664 2.849e-05 0.00319865 -0.000616861 0.00237772 -0.00162546 -0.00296667 -0.00200151 0.0021789 0.00131195 0.0036157 0.00581395 0.00157895 0.000690846 0.00276989 0.000592885 -0.00204678 -0.0024375 -0.000946372 -0.00404494 -0.00172764 0.00837629 0.00585774 -0.00608766 -0.0100791 -0.006875 -0.00821078 -0.00252193 -0.004
internal_weight=0 962 856 468 236 4113 939 857 3174 388 232 3076 2986 287 173 2699 2551 797 490 1754 296 1458 367 1091 749 661 217 342 241 214 664 578 351 252 170 399 316 444 245 193 238 307 252 199 203 227 174
internal_count=5075 962 856 468 236 4113 939 857 3174 388 232 3076 2986 287 173 2699 2551 797 490 1754 296 1458 367 1091 749 661 217 342 241 214 664 578 351 252 170 399 316 444 245 193 238 307 252 199 203 227 174
is_linear=0
shrinkage=0.05


Tree=63
num_leaves=48
num_cat=0
split_feature=15 50 39 47 50 6 35 9 14 29 36 27 47 45 18 15 45 9 36 37 41 48 3 48 21 41 8 20 3 20 43 27 21 3 8 50 37 41 30 35 9 40 30 21 30 6 50
split_gain=4.34399 2.9725 2.51178 2.22667 3.32564 3.64794 2.77582 1.82406 1.71242 3.11936 2.62805 2.61003 1.8291 2.97629 1.73945 2.07146 1.71016 1.69138 1.61486 1.60999 1.28988 2.45112 1.73938 1.36323 1.57513 1.33876 1.24787 1.26158 1.23504 1.82274 2.04996 1.19243 1.15112 1.13654 1.1107 1.67262 1.32501 1.04725 0.976509 0.999932 0.964966 1.36367 0.836721 0.811804 0.772608 0.960875 0.676572
threshold=49.500000000000007 -1.664245572822814 4.5000000000000009 10.500000000000002 4.6465747256124539 1.5428571428571434 53.750000000000007 0.7523853220844654 2.5000000000000004 8.6875000000000018 2.5000000000000004 84.656250000000014 3.5000000000000004 0.35846314187849709 87.500000000000014 78.250000000000014 -0.73866753694953124 0.93351020855809075 57.500000000000007 29.500000000000004 1.5000000000000002 0.35015919825151959 57.500000000000007 0.13075458479869242 0.14119241192412349 3.5000000000000004 1.2965217391304351 0.76391687970635347 27.500000000000004 -0.12744360902255639 1.2500000000000002 78.312500000000014 0.27980461273145357 12.500000000000002 0.23217391304347831 2.0066676371668639 5.5000000000000009 1.5000000000000002 102.81250000000001 6.2500000000000009 0.47155178869693098 1.5000000000000002 104.37500000000003 0.48067226890756137 109.37500000000003 0.68571428571428628 0.95647060533627848
decision_type=2 2 2 2 2 2 2 2 2 2 2 2 2 2 2 2 2 2 2 2 2 2 2 2 2 2 2 2 2 2 2 2 2 2 2 2 2 2 2 2 2 2 2 2 2 2 2
left_child=-1 19 3 4 6 31 8 38 9 10 -3 18 -12 14 37 -16 -13 -9 20 -2 21 28 -23 25 -25 42 27 -18 -10 -30 -31 -6 -27 -11 -35 36 -36 -14 39 -5 -40 -42 -22 -4 45 -38 -8
right_child=1 2 43 7 5 -7 46 17 11 33 12 16 13 -15 15 -17 26 -19 -20 -21 23 22 -24 24 -26 32 -28 -29 29 30 -32 -33 -34 34 35 -37 44 -39 40 -41 41 -43 -44 -45 -46 -47 -48
leaf_value=0.025633780014760577 -0.00029611132471376428 0.013993209647579885 -0.0040606204539880954 0.0012138959511511745 -0.0051169261041709609 0.047495287760136853 0.0021602808001070146 0.0017972876624891333 -0.0077927008970454271 -0.0097423910033080825 -0.0024277779732926885 -0.0013149179094743707 0.00035029031674702619 0.018596969598099866 0.00078728747683123879 -0.0017812305392066853 0.00047960331013176542 -0.0015657977100563963 -0.0048680751949645058 -0.0046694734603327809 -0.00036481990819465794 0.0034833496547730528 -0.00074736842768290406 -0.001511675169988097 -0.013897954077035913 -0.0019790658849539347 -0.00092337883966144842 0.0035375122688338814 -0.0073529295177897306 -0.0010191642778098699 0.0034786586146675126 0.047345484847214528 0.00092530009281865391 0.0028478045499519128 -0.0017593426426108618 -0.0054121531654694188 0.0010464180197744782 0.003949090006146694 -0.0094744240823980922 -0.0040155126440946957 -0.011192682166049602 -0.0021367680115628325 -0.014316079798491961 -0.0075024980700819036 -0.00041492503305471388 -0.00087918901289920639 0.018872678608831007
leaf_weight=95 106 133 81 122 81 88 82 127 114 98 107 136 113 155 150 128 83 133 127 135 83 102 81 86 117 81 87 85 93 97 127 115 109 94 86 110 152 83 81 107 88 123 80 80 117 87 111
leaf_count=95 106 133 81 122 81 88 82 127 114 98 107 136 113 155 150 128 83 133 127 135 83 102 81 86 117 81 87 85 93 97 127 115 109 94 86 110 152 83 81 107 88 123 80 80 117 87 111
internal_value=0 -0.00110339 -0.000826096 -0.000608553 -0.000105848 0.00508772 -0.000529328 -0.00303708 -0.000870684 0.0002943 0.00232759 -0.00198342 0.00115332 0.00218254 0.000210526 -0.00232975 0.00159439 0.000383142 -0.0030624 -0.00650826 -0.00247652 -0.000894309 0.00394022 -0.00421903 -0.00747549 -0.00233051 0.00400391 0.00650888 -0.00295139 -0.00133648 0.00111111 0.00126904 0.00052356 -0.00208054 -0.00131376 -0.00216998 -0.000790068 0.00380711 -0.00474138 -0.00228261 -0.00665529 -0.00483491 -0.00564024 -0.00694444 0.000560224 0.0021875 0.00528351
internal_weight=0 4961 4720 4559 3778 284 3494 781 3301 1613 869 1688 736 629 474 278 391 260 1297 241 1170 614 183 556 203 353 255 168 431 317 224 196 190 744 646 552 442 196 521 229 292 211 163 161 356 239 193
internal_count=5056 4961 4720 4559 3778 284 3494 781 3301 1613 869 1688 736 629 474 278 391 260 1297 241 1170 614 183 556 203 353 255 168 431 317 224 196 190 744 646 552 442 196 521 229 292 211 163 161 356 239 193
is_linear=0
shrinkage=0.05


Tree=64
num_leaves=51
num_cat=0
split_feature=7 2 50 50 50 39 2 21 27 11 17 21 14 9 6 14 33 9 36 45 17 14 41 36 21 19 8 7 7 45 8 19 8 13 14 27 8 45 47 9 21 21 46 29 15 27 7 36 13 50
split_gain=3.81368 3.23099 3.09173 2.77491 2.26111 2.21427 3.28511 1.85503 1.80928 1.79748 3.26363 2.11294 1.92672 1.86604 1.78465 2.35139 1.76125 2.07672 2.15629 2.48667 2.02173 1.75387 2.7932 1.72355 1.71898 1.70781 1.66856 1.5713 1.83925 1.51754 1.46167 1.41184 1.38343 1.34874 1.31344 1.30851 2.73322 1.5721 1.30411 1.39298 1.67306 1.59354 1.28645 1.25082 0.900841 1.74859 0.868789 0.828086 0.66706 0.478068
threshold=1.2377622377622381 617.50000000000011 0.29879328258537191 7.2437188972105355 2.1026498567314751 1.0000000180025095e-35 687.50000000000011 -0.11886033106632253 85.562500000000014 1.0084745762711835 1.1957446808510641 0.76855561318477339 4.5000000000000009 0.63660201852143727 3.9428571428571431 2.5000000000000004 0.54164999999999719 1.0931551729291171 45.500000000000007 0.78325454425165997 0.91287878787878796 2.5000000000000004 2.5000000000000004 7.5000000000000009 0.83268301746561957 2.4580645161290331 0.62347826086956537 0.87692307692307703 -0.25174825174825155 -0.33425342068356556 1.1177207078905298 1.9939819004524888 0.44608695652173924 30.500000000000004 2.5000000000000004 82.687500000000014 2.3869565217391311 0.35846314187849709 11.500000000000002 1.0188826524550041 0.63623469623468776 0.10760042636103863 -0.31800055644052067 10.562500000000002 70.500000000000014 82.687500000000014 0.42407592407592426 8.5000000000000018 29.500000000000004 3.0072294478662447
decision_type=2 2 2 2 2 2 2 2 2 2 2 2 2 2 2 2 2 2 2 2 2 2 2 2 2 2 2 2 2 2 2 2 2 2 2 2 2 2 2 2 2 2 2 2 2 2 2 2 2 2
left_child=1 3 14 7 8 6 48 -1 16 10 13 12 47 -4 15 23 38 18 19 27 -20 -13 29 -2 -25 -17 -10 28 33 -23 -28 -8 -9 -18 -30 36 37 -15 39 40 41 44 -14 -21 -3 -46 -42 -11 -6 -7
right_child=2 4 9 -5 5 49 31 32 26 11 -12 21 42 35 -16 25 17 -19 20 43 -22 22 -24 24 -26 -27 30 -29 34 -31 -32 -33 -34 -35 -36 -37 -38 -39 -40 -41 46 -43 -44 -45 45 -47 -48 -49 -50 -51
leaf_value=-0.0018428610180288374 -0.0024267951342851648 8.7760896355720822e-05 0.018306650087691934 0.031645191345393432 0.017423972113680464 0.0002882327889616416 -0.0037167280668855551 -0.0047456277671596376 -0.0007542184553742115 -0.00079758238635183054 0.027670908760336246 0.0070509832416818605 0.0060410278369329579 -0.020437556548016447 -0.008894733703183012 -0.0044608970227760459 -0.0043262515325232344 -0.0034317963087443742 0.0084530570877911493 0.0038073228661390265 -0.00057510293842186568 0.0059564209579313025 -0.011197296832789892 0.0052991045231566176 1.0997999838005535e-05 0.0021937186433779177 0.0019435634134076785 -0.0051739094388962683 0.0014732532172584856 0.00016873624981193492 0.00020267626704041088 0.012589677522006005 -0.025375355657120038 -3.2249549689105366e-05 -0.00090957122159055501 0.0041064811921658288 0.013617370337547353 0.0038979804237278207 -0.0026756257863219273 0.00037196715844165732 -0.0018497032515353174 0.00094218388067649492 -0.0021327715481106401 -0.00041289489500583314 -0.0041917049533312161 -0.00042523422843407935 -0.0046020132274252838 -0.0039906802356093176 0.024464517660090904 -0.012530891993598914
leaf_weight=88 99 85 95 101 87 82 92 123 80 106 91 124 86 80 151 154 108 102 102 102 86 91 102 115 88 82 80 124 140 105 88 86 84 80 155 80 92 93 92 85 89 104 106 87 126 135 88 82 81 89
leaf_count=88 99 85 95 101 87 82 92 123 80 106 91 124 86 80 151 154 108 102 102 102 86 91 102 115 88 82 80 124 140 105 88 86 84 80 155 80 92 93 92 85 89 104 106 87 126 135 88 82 81 89
internal_value=0 -0.00171199 0.00108749 -0.0059194 -0.00108245 0.00188224 0.00417867 -0.00836149 -0.00179991 0.0024925 0.00474624 0.000996264 -0.00170604 0.00294785 -0.00163043 -0.000278293 -0.00232681 -0.00101196 -0.000304569 -0.00144291 0.00449735 0.0034279 0.00133779 0.00264026 0.00526961 -0.00400844 0.00220884 -0.00300164 -0.00170455 0.00482234 0.00502959 -0.000558659 -0.0109375 -0.00555556 0.000760135 0.00122832 -0.000469925 -0.00416667 -0.00409938 -0.00336606 -0.00417994 -0.00254989 0.00181347 0.00355263 -0.00417867 -0.00562977 -0.00828652 -0.00529101 0.0091716 -0.00276163
internal_weight=0 3051 2022 396 2655 517 346 295 2138 1333 531 802 380 440 689 538 1890 1086 984 796 188 422 298 302 203 236 248 607 483 196 168 178 207 188 295 345 265 173 804 712 627 450 192 189 346 261 177 188 168 171
internal_count=5073 3051 2022 396 2655 517 346 295 2138 1333 531 802 380 440 689 538 1890 1086 984 796 188 422 298 302 203 236 248 607 483 196 168 178 207 188 295 345 265 173 804 712 627 450 192 189 346 261 177 188 168 171
is_linear=0
shrinkage=0.05


Tree=65
num_leaves=50
num_cat=0
split_feature=15 46 30 15 8 30 6 42 10 44 33 43 47 9 33 30 20 17 8 30 50 29 9 8 37 30 49 6 50 23 43 50 27 10 20 37 45 40 8 40 10 19 45 2 6 3 40 36 45
split_gain=3.09897 3.1329 2.56851 2.57341 2.46554 1.99028 1.7682 2.23697 2.09037 1.67151 1.63306 1.90651 2.38696 2.11975 1.92878 1.78268 2.60503 1.77477 1.58371 1.5828 1.57455 2.19207 1.61861 1.8836 1.56085 1.43186 1.87719 2.09635 1.68525 1.32765 1.92011 2.89661 1.68409 1.95977 1.67722 1.65933 1.36557 1.36906 1.99514 1.47975 1.24016 1.29252 1.23111 1.12746 1.10702 0.976238 0.943807 0.61667 0.555254
threshold=49.500000000000007 0.28313308994381592 224.37500000000003 73.500000000000014 -0.2113043478260869 45.625000000000007 -1.1999999999999993 2.2500000000000004 1.4978845523509778 15.500000000000002 1.3750000000000002 0.75000000000000011 1.5000000000000002 0.49145229857413525 0.76785000000000292 96.875000000000014 1.1229891076665273 0.76026272577996723 1.0252173913043481 119.37500000000001 2.2514411574801163 9.9375000000000018 0.76148270704399923 1.1177207078905298 23.500000000000004 85.625000000000014 80.804894275427344 0.68571428571428628 2.0722736535039137 87.250000000000014 1.2500000000000002 0.72099882029174733 82.812500000000014 1.4378852437763541 0.8234071175247647 47.500000000000007 -0.065535378769913874 55.500000000000007 0.9832478825522305 64.500000000000014 1.2794372481516454 1.4650422124106335 -0.77245553105869302 727.50000000000011 0.34285714285714292 42.500000000000007 6.5000000000000009 41.500000000000007 -0.25205528343633254
decision_type=2 2 2 2 2 2 2 2 2 2 2 2 2 2 2 2 2 2 2 2 2 2 2 2 2 2 2 2 2 2 2 2 2 2 2 2 2 2 2 2 2 2 2 2 2 2 2 2 2
left_child=-1 2 6 -4 46 -6 7 8 40 20 11 14 -13 -14 15 18 -17 24 -7 -10 29 22 23 48 -12 -15 28 -28 -27 30 31 43 -31 36 -35 42 37 38 -34 -39 41 -2 -36 -8 -19 -16 -3 -41 -22
right_child=1 4 3 -5 5 10 9 -9 19 -11 17 12 13 25 45 16 -18 44 -20 -21 21 -23 -24 -25 -26 26 27 -29 -30 32 -32 -33 33 34 35 -37 -38 39 -40 47 -42 -43 -44 -45 -46 -47 -48 -49 -50
leaf_value=0.018005550166968788 0.0010524851060725899 -0.0021616967918424734 0.040079095434415325 0.00070227677780820841 0.011638269203059194 0.00084383949267455608 0.0015007282067554474 -0.0091365063118504335 -0.0052210136667270703 -0.005973170030018982 -0.016412716307956422 0.0058629471695789137 -0.006152236417068635 -0.0029563721757677845 -0.0026331827497387051 -0.0046115101534395745 -0.0019860156386629414 -0.0041413440926620802 -0.0032530578321405611 -0.00041497652454616871 0.0028895899109506948 -0.00161218574858375 0.023587365106330818 0.016913782280335379 -0.0016010307442834331 0.01429240103496306 0.0016389879893121684 -0.0081044083280362948 0.00035118671516031212 -0.0025875453460428525 -0.00083840350479051922 0.0053927493605686137 -0.0019177374529632974 -0.0016065075038832366 -0.0013971605516962971 0.0072826446570705416 -0.00049135695207236374 0.0025761775415266033 0.00024694861968918569 -0.00084246881519752241 0.0015946185230593102 -0.0032727852442045236 0.0022292937097276228 -0.0071955566925996474 0.0003238778413478638 0.0010154633490917925 -0.0057869749581673765 0.00059786140745953789 -0.015510892309496758
leaf_weight=90 98 101 85 130 93 108 112 104 97 123 83 151 95 90 90 136 116 90 83 84 81 126 126 95 82 83 103 93 81 153 133 86 95 82 80 111 139 81 81 80 90 98 152 87 133 84 88 80 80
leaf_count=90 98 101 85 130 93 108 112 104 97 123 83 151 95 90 90 136 116 90 83 84 81 126 126 95 82 83 103 93 81 153 133 86 95 82 80 111 139 81 81 80 90 98 152 87 133 84 88 80 80
internal_value=0 -0.00107006 -4.20875e-05 0.00520833 -0.00260837 -0.00203343 -0.000453721 -0.00292832 -0.00144231 0.000194597 -0.00242362 -0.00157915 0.000215208 -0.00132784 -0.00360032 -0.0053491 -0.00810277 -0.00526992 -0.00169271 -0.00563187 0.000533721 0.00294695 0.00483029 0.00252918 -0.00918675 0.000110865 0.00152355 -0.00177665 0.00545455 -0.000257566 0.00214797 0.00445804 -0.00114537 -0.000381874 0.00217136 0.0037064 -0.00233393 -0.000897129 -0.00423729 0.00154959 0.00121951 -0.00101523 0.00128755 0.001125 -0.00234375 0.000857143 -0.00802632 -0.00124224 -0.000771605
internal_weight=0 4952 2969 215 1983 1794 2754 571 467 2183 1701 1313 696 545 617 443 252 388 191 181 2060 508 382 256 165 450 360 196 164 1552 418 285 1134 981 425 343 556 417 176 241 286 196 232 199 223 174 189 160 161
internal_count=5042 4952 2969 215 1983 1794 2754 571 467 2183 1701 1313 696 545 617 443 252 388 191 181 2060 508 382 256 165 450 360 196 164 1552 418 285 1134 981 425 343 556 417 176 241 286 196 232 199 223 174 189 160 161
is_linear=0
shrinkage=0.05


Tree=66
num_leaves=47
num_cat=0
split_feature=4 12 13 33 29 31 49 50 1 4 50 1 45 3 10 37 30 35 27 25 10 49 48 30 48 14 13 49 19 50 45 45 50 13 43 41 27 22 13 6 31 3 15 10 6 3
split_gain=3.52898 2.8656 3.10921 2.97763 2.69115 2.43764 2.42809 2.33256 1.97883 1.95659 2.0703 1.91002 2.40424 2.19356 2.3417 3.18871 2.15019 2.09538 1.85469 1.78729 1.7787 1.71439 1.60184 1.54581 2.25472 1.51373 1.41752 1.69398 1.37557 1.36774 1.30743 1.19789 1.26475 1.50725 1.19303 1.52074 1.38703 1.1323 1.07631 1.076 0.914631 0.779024 0.642593 0.627623 0.597025 0.461915
threshold=0.62500000000000011 1.5357142857142849 13.500000000000002 0.54164999999999719 7.9375000000000009 5.5000000000000009 89.118073424147198 3.4323074102086228 80.250000000000014 2.7500000000000004 1.0351507788569381 82.250000000000014 0.77788564761185042 7.5000000000000009 1.8909849761265634 32.500000000000007 113.12500000000003 28.750000000000004 81.062500000000014 1.5000000000000002 1.1927465096080485 81.045978389262672 -0.31564677925408408 178.12500000000003 -0.025499409301800727 6.5000000000000009 20.500000000000004 82.738967623330453 1.1941701709143573 0.99613463320631024 -0.41398024697495356 0.9550229469509578 2.3229116591078314 27.500000000000004 0.75000000000000011 2.5000000000000004 79.437500000000014 80.250000000000014 27.500000000000004 0.68571428571428628 6.5000000000000009 27.500000000000004 73.500000000000014 1.3809491840114985 -0.34285714285714292 27.500000000000004
decision_type=2 2 2 2 2 2 2 2 2 2 2 2 2 2 2 2 2 2 2 2 2 2 2 2 2 2 2 2 2 2 2 2 2 2 2 2 2 2 2 2 2 2 2 2 2 2
left_child=1 2 4 8 -1 18 22 9 -4 19 -11 17 13 -13 15 16 20 29 26 23 -15 -21 -5 24 34 30 -2 -28 -17 37 -26 32 -31 -34 36 42 -7 -3 -32 -30 -23 -41 -36 -10 -42 -24
right_child=5 11 3 6 -6 7 -8 -9 43 10 -12 12 -14 14 -16 28 -18 -19 -20 21 -22 40 45 -25 25 -27 27 -29 39 31 38 -33 33 -35 35 -37 -38 -39 -40 41 44 -43 -44 -45 -46 -47
leaf_value=0.0052412514428264254 -0.0068973700662216773 -0.0026437663638032519 0.01346788714459617 0.0072225693499715473 -0.0047947907950457282 -0.0061220799549641953 -9.7295396158969544e-05 0.013088968017713887 0.00023147797669681447 -0.0018720265640748022 -0.00089801053327707037 -0.014834148067834419 0.0044915054644862288 0.00059067445620905048 -0.0038542580450974698 0.0048200122024600837 -0.0058217718996366021 0.0060984421525139944 -0.00011911228072555343 0.00040697713917883793 -0.00065758760993795968 -0.0008209130612576096 0.022094683372328117 0.0094065362405753028 -0.001508639319249594 0.0035516899771985857 -0.00041786534446791417 -0.0073475519618121828 0.0084687633781953525 0.0049406948149368496 -0.00020819789906337816 -0.0071761582353935321 0.003191325110757193 -0.012075108388407019 0.0031922453688390975 -0.0020464917761842116 -0.0020267794396036549 -0.010320608726119486 0.0040773923690900302 0.0014964873977038801 -0.009516761461001437 -0.00048166280324140058 -0.00027312540142935274 -0.0036924973982951971 -0.0019374936163519707 0.035119510146296794
leaf_weight=120 97 124 89 137 150 83 83 111 85 158 108 90 135 101 125 89 98 104 155 106 118 121 86 141 147 117 124 123 94 134 107 88 82 112 93 98 128 86 88 82 82 89 93 86 87 84
leaf_count=120 97 124 89 137 150 83 83 111 85 158 108 90 135 101 125 89 98 104 155 106 118 121 86 141 147 117 124 123 94 134 107 88 82 112 93 98 128 86 88 82 82 89 93 86 87 84
internal_value=0 0.00040232 0.00266015 0.00453149 -0.00184502 -0.00224873 0.007289 -0.00141787 0.000383142 -0.00186291 -0.00580524 -0.000784817 0.000611546 -0.000338219 0.000501882 0.00167411 -0.00196541 -0.00273598 -0.00535 -0.00115617 0.000795455 -0.00403023 0.00933442 -0.000114051 -0.000837696 0.00168478 -0.0073913 -0.00534274 0.00492958 -0.00382775 0 -0.00215827 -0.000759878 -0.00333333 -0.0031754 -0.00105263 -0.00601415 -0.007109 0.00267857 0.0031015 -0.00601375 0.000726744 0.00160428 -0.00276163 -0.00838235 0.0125731
internal_weight=0 2671 920 650 270 2367 390 1868 260 1757 266 1751 1021 886 796 671 317 730 499 1491 219 396 307 1095 954 459 344 247 354 626 342 416 328 194 495 284 211 210 195 265 290 171 186 171 169 170
internal_count=5038 2671 920 650 270 2367 390 1868 260 1757 266 1751 1021 886 796 671 317 730 499 1491 219 396 307 1095 954 459 344 247 354 626 342 416 328 194 495 284 211 210 195 265 290 171 186 171 169 170
is_linear=0
shrinkage=0.05


Tree=67
num_leaves=51
num_cat=0
split_feature=50 3 20 19 8 19 2 3 17 7 10 37 50 9 8 42 23 37 18 27 7 21 0 21 29 1 27 48 49 7 27 50 40 33 29 49 50 9 18 45 45 13 14 33 37 45 7 8 50 50
split_gain=3.00606 4.5569 2.31924 2.15271 2.00596 2.98345 2.18858 2.86324 1.98518 1.54093 1.54212 1.48577 1.46128 1.39696 2.07547 1.84947 2.12995 1.49613 1.36234 1.8369 2.02874 2.01988 1.70908 2.672 2.28826 2.93426 2.12965 2.1643 2.28492 2.0646 2.05678 1.80727 1.54836 1.51482 1.50759 2.3708 1.36396 1.36247 1.25488 1.11851 2.52036 1.73075 1.09463 1.08925 1.06933 1.06144 0.952637 0.66057 0.611763 0.591366
threshold=5.1115938189515058 182.50000000000003 -0.15730034671211138 5.2563255966001963 2.8090726664639711 1.3419065262985408 662.50000000000011 82.500000000000014 0.60303030303030314 -0.041958041958042015 0.79754813134226976 73.500000000000014 7.2437188972105355 1.2017948598186143 -0.58956521739130419 1.2500000000000002 86.750000000000014 17.500000000000004 62.500000000000007 85.562500000000014 0.69020979020979034 1.9181599181599156 87.250000000000014 1.4098364386693947 6.2916750000000006 76.250000000000014 80.312500000000014 -0.14821169499475551 80.939811404846907 1.2377622377622381 83.187500000000014 1.1615093134243824 2.5000000000000004 0.95835000000000303 9.1875000000000018 90.743250280846993 0.29879328258537191 0.8228263892582881 67.500000000000014 0.94425825643485939 0.70290292807158605 21.500000000000004 8.5000000000000018 0.95835000000000303 30.500000000000004 0.21022171450811275 1.0041977657685934 1.2628832951945081 1.5603466506691535 1.1951427747965726
decision_type=2 2 2 2 2 2 2 2 2 2 2 2 2 2 2 2 2 2 2 2 2 2 2 2 2 2 2 2 2 2 2 2 2 2 2 2 2 2 2 2 2 2 2 2 2 2 2 2 2 2
left_child=1 2 13 4 6 -6 9 11 12 -4 -11 18 -2 14 -1 16 17 -16 33 21 -21 22 23 24 25 -20 27 28 36 31 -24 -28 -27 37 35 47 -26 -8 -17 40 41 -29 -3 48 -22 -35 -30 -32 -12 -7
right_child=8 42 3 -5 5 49 7 -9 -10 10 43 -13 -14 -15 15 38 -18 -19 19 20 44 -23 30 -25 26 32 29 39 46 -31 34 -33 -34 45 -36 -37 -38 -39 -40 -41 -42 -43 -44 -45 -46 -47 -48 -49 -50 -51
leaf_value=-0.0063880964186461249 -0.0051272624091003435 -0.024743932643367723 -0.0016472871031266844 -0.0048129612266759611 -0.0043340885520483713 0.0053030819373487527 0.00065333997328309026 -0.0041437301348843719 0.039828364859527066 -0.00086537277008280622 3.7004163523721507e-05 0.0023911121286120302 0.093903467535954493 0.00011410911757408133 -0.0024117402433469102 0.0031443704149236029 -0.0064851391844156659 0.00055057356249211349 -0.0059213000702974979 0.0023123747508941002 -0.00053764492853598529 -0.004408642031200438 -0.014632894442056994 0.002187173630780376 0.0019031963108602059 0.016672037932025239 0.0003184203209630532 -0.0045078295878520748 -0.014521467694918151 0.0028024111252587971 0.0025360923903009706 -0.0018787164463019868 0.0014841975737474866 0.005518998753964977 -0.0020157010567098512 -0.003182327420527398 -0.0039662174338607288 -0.0023402460464443608 -0.0018305552595734632 -0.0068173503236238558 0.0075962612878612808 5.684651966831932e-05 -0.0034139816120320669 0.012116799733946007 0.0008565790129152818 0.00028103940454740904 -0.0055752468943868075 -9.243062635102551e-05 0.0094380103218614907 0.024002320058341201
leaf_weight=123 100 80 101 113 80 80 121 87 103 87 80 114 123 157 92 109 151 81 81 86 125 100 96 89 86 92 126 83 84 113 84 93 143 105 87 88 97 117 87 96 96 150 87 94 81 80 87 89 80 80
leaf_count=123 100 80 101 113 80 80 121 87 103 87 80 114 123 157 92 109 151 81 81 86 125 100 96 89 86 92 126 83 84 113 84 93 143 105 87 88 97 117 87 96 96 150 87 94 81 80 87 89 80 80
internal_value=0 -0.00128719 -0.00098972 -0.000470573 -0.000259634 0.00414938 -0.000570342 -0.00105811 0.00366972 0.0027088 0.00431287 -0.000787197 0.00100446 -0.00343321 -0.00446429 -0.00307102 -0.00538462 -0.00158046 -0.00101765 -0.00148746 0.00221843 -0.00201359 -0.00165732 -0.000856955 -0.00138305 0.00236593 -0.00245054 -0.00387821 -0.00676056 0.000900901 -0.00438202 -0.00193182 0.00519068 0.00159198 -0.0025788 -0.000667939 -0.00285326 -0.00104603 0.000761421 -0.00146714 -7.57576e-05 -0.00288462 -0.009375 0.00627451 -0.000483092 0.00497312 -0.0109012 0.00272989 0.00372671 0.00807453
internal_weight=0 4738 4571 3771 3658 240 3418 2976 326 442 341 2889 223 800 643 520 324 173 2775 2352 292 2060 1960 1516 1427 316 1111 779 354 332 444 219 235 423 348 261 183 238 196 425 329 233 167 254 206 185 171 173 160 160
internal_count=5064 4738 4571 3771 3658 240 3418 2976 326 442 341 2889 223 800 643 520 324 173 2775 2352 292 2060 1960 1516 1427 316 1111 779 354 332 444 219 235 423 348 261 183 238 196 425 329 233 167 254 206 185 171 173 160 160
is_linear=0
shrinkage=0.05


Tree=68
num_leaves=49
num_cat=0
split_feature=4 27 50 31 28 33 9 47 8 21 9 21 36 20 14 48 14 3 19 17 15 19 13 47 45 8 14 45 15 45 7 19 46 17 4 29 48 20 7 14 19 19 50 46 46 19 7 13
split_gain=2.74594 3.4559 2.35109 3.33072 2.25196 2.14429 2.18435 2.15846 2.04033 1.95049 2.00738 1.85112 1.77564 1.69586 1.59235 1.99894 2.12327 1.56108 1.7206 3.19367 2.00588 2.55836 1.95607 2.43932 1.61902 1.57705 1.61095 1.35731 1.33408 1.9666 1.22473 1.22465 1.8811 1.46482 1.21053 1.1825 1.57924 1.32591 1.4931 1.11864 1.07449 1.83313 1.02976 1.01707 0.962931 0.905591 0.866989 0.766621
threshold=1.0000000180025095e-35 86.187500000000014 2.2893014464931487 5.5000000000000009 73.687500000000014 0.95835000000000303 0.7523853220844654 5.5000000000000009 1.053280896764619 2.0355127630989647 0.49145229857413525 -1.4158002181595604 64.500000000000014 1.0589994493644752 3.5000000000000004 0.089021818108660361 6.5000000000000009 97.500000000000014 1.8526315789473689 0.98936170212765961 78.250000000000014 3.4003284072249591 30.500000000000004 3.5000000000000004 0.66527693225344786 1.6283299084901619 5.5000000000000009 -0.61237985104942771 67.500000000000014 -0.93545489084327571 -0.25174825174825155 2.2957252466203872 0.29958852271690523 0.91779279279279291 2.7500000000000004 9.2812500000000018 -0.059108741347573275 0.8467244374818188 1.2797202797202802 1.5000000000000002 2.4414578005115097 1.4650422124106335 1.3266932451103275 -0.031174269516803289 -0.14250536273956091 1.1683728036669214 1.0234965034965036 25.500000000000004
decision_type=2 2 2 2 2 2 2 2 2 2 2 2 2 2 2 2 2 2 2 2 2 2 2 2 2 2 2 2 2 2 2 2 2 2 2 2 2 2 2 2 2 2 2 2 2 2 2 2
left_child=11 2 9 12 -3 8 7 -7 -5 10 40 -1 44 -10 35 16 -16 18 19 22 21 28 23 -12 27 26 -23 39 -20 -30 -19 33 -33 -31 -11 37 -37 -13 -39 -25 41 -2 -40 -21 -4 -24 -29 -44
right_child=1 4 3 5 -6 6 -8 -9 13 34 17 14 -14 -15 15 -17 -18 30 20 43 -22 25 45 24 -26 -27 -28 46 29 31 -32 32 -34 -35 -36 36 -38 38 42 -41 -42 -43 47 -45 -46 -47 -48 -49
leaf_value=-0.0012100884176913518 -0.0027734455703989688 0.0042868411135210394 0.004836354318594061 0.026454626679667644 -0.0003763151626257899 0.0027940024501945885 0.0079737782350324145 -0.022806790566583891 -0.014751391913831452 -0.0025855246064082852 -0.0094385401853781872 0.020121188586746996 -0.016050741616584215 0.020434451743383833 -0.001194075094264302 -0.0037916614791332517 0.0047027441875167834 -0.0013581565663570612 0.0025340029123932101 -0.014273220713023338 -0.0060617095622421029 -0.0077249427362747428 0.0029351569780573083 -0.00090637673140477883 0.00054424781180855146 0.00041517296850503431 -0.00048330535555431858 -0.0011051625116080489 0.0031104361392134128 -0.0028609024124801375 0.0018990840070460702 0.00028015714922244582 -0.0089266268259095699 0.0033033346457836416 -0.0040493808456419332 0.00093962279374475437 -0.0020147519797923509 -0.00060222428455520844 0.011342537674197595 0.00094206436027358684 -0.0088055970370267984 0.00017605267490367616 0.013429439465087701 -0.0026595381055399578 -0.011828816179063438 -0.00019179612255506575 -0.0095376115809120681 -0.00070919402842396513
leaf_weight=82 102 113 82 118 92 93 112 88 92 155 106 103 80 89 82 140 127 92 158 135 98 141 81 80 109 117 84 109 83 84 102 146 98 112 81 123 105 103 141 81 91 101 92 94 95 93 82 88
leaf_count=82 102 113 82 118 92 93 112 88 92 155 106 103 80 89 82 140 127 92 158 135 98 141 81 80 109 117 84 109 83 84 102 146 98 112 81 123 105 103 141 81 91 101 92 94 95 93 82 88
internal_value=0 -0.00156977 -0.0019236 0.000382353 0.00473301 0.00244519 -0.000595238 -0.00398352 0.00541667 -0.00261896 -0.00221899 0.00117944 -0.00436047 0.00206044 0.00171946 -0.00107143 0.00202381 -0.00171697 -0.0021152 -0.00365602 -0.000779857 -0.00012207 -0.00205526 -0.00347711 -0.00189394 -0.00364431 -0.00608407 -0.00354108 0.00164956 0.000429389 0.0025641 -0.000907029 -0.00326531 0.00203046 -0.00696203 0.00300926 0 0.00430871 0.00305882 -0.000154321 -0.00610169 -0.00404412 0.00473602 -0.00880435 -0.00154494 0.00257143 -0.00638021 0.00220994
internal_weight=0 3869 3664 849 205 592 293 181 299 2815 2579 1186 257 181 1104 349 209 2285 2091 970 1121 1023 741 567 461 342 225 352 681 523 194 440 244 196 236 755 228 527 424 161 294 203 321 229 177 174 191 180
internal_count=5055 3869 3664 849 205 592 293 181 299 2815 2579 1186 257 181 1104 349 209 2285 2091 970 1121 1023 741 567 461 342 225 352 681 523 194 440 244 196 236 755 228 527 424 161 294 203 321 229 177 174 191 180
is_linear=0
shrinkage=0.05


Tree=69
num_leaves=48
num_cat=0
split_feature=31 50 8 19 42 19 46 4 8 28 19 50 8 20 48 48 29 9 7 50 13 5 46 14 7 29 28 48 45 20 35 0 40 33 50 19 0 28 13 28 28 10 42 29 20 37 27
split_gain=2.33879 2.57093 2.37222 1.61268 2.00178 2.00181 2.88402 2.66571 1.99579 2.01344 1.70108 1.69524 1.56154 1.53247 1.604 1.66106 1.50225 2.75903 1.36469 1.56059 1.50045 1.71228 1.64872 1.68649 1.5628 1.74713 2.29609 1.67607 1.67005 1.40927 2.37821 1.30114 1.27934 1.10514 1.50644 1.14228 1.06592 1.17075 1.04973 0.961533 2.17591 0.92789 0.909876 0.771215 0.73194 0.63885 0.339857
threshold=3.5000000000000004 5.1115938189515058 1.1177207078905298 -0.80139372822299648 -2.2499999999999996 1.2923989054423839 -0.14250536273956091 1.7500000000000002 1.3382608695652176 63.812500000000007 1.1683728036669214 0.83974494261531885 3.1852173913043482 0.075425750719868373 -0.49380507042185118 0.20332472332596638 6.5312500000000009 1.0341340197850717 -0.44895104895104881 3.5766522575626003 41.500000000000007 9.0000000000000018 0.68274389090025245 2.5000000000000004 0.27132867132867139 9.2812500000000018 72.812500000000014 -0.33140184080328133 -0.73866753694953124 1.1107257533754813 11.250000000000002 83.750000000000014 24.500000000000004 1.3750000000000002 1.4459476096855897 2.9077231591937478 81.750000000000014 65.437500000000014 30.500000000000004 57.687500000000007 51.687500000000007 1.1747840228653843 8.2500000000000018 6.9375000000000009 0.34274767378215648 29.500000000000004 83.812500000000014
decision_type=2 2 2 2 2 2 2 2 2 2 2 2 2 2 2 2 2 2 2 2 2 2 2 2 2 2 2 2 2 2 2 2 2 2 2 2 2 2 2 2 2 2 2 2 2 2 2
left_child=-1 3 42 -2 -5 6 10 12 9 -8 13 -11 18 -6 -15 45 38 32 31 20 21 22 23 24 -20 26 29 -27 -28 -26 -31 -7 -18 34 35 41 37 39 -9 40 -24 -25 -3 -41 -13 -16 -43
right_child=1 2 -4 4 5 7 8 16 -10 11 -12 44 -14 14 15 -17 17 -19 19 -21 -22 -23 36 33 25 27 28 -29 -30 30 -32 -33 -34 -35 -36 -37 -38 -39 -40 43 -42 46 -44 -45 -46 -47 -48
leaf_value=-0.0063699622202267247 0.0026200905650192036 -0.0064800882261660201 0.047026664745472901 -0.0048366153800613442 0.0022662982788834662 0.00043408201611049355 0.00053127828251094274 -0.0074466941375456105 -0.012140141731292287 -0.0051149380704322393 -0.0013806242935820946 0.0006537502935683448 0.011904689491047471 0.0015253631257404476 -0.0012037281464656992 0.00039336783369346988 -0.0034141455262335849 0.0014018376488214716 -0.00050613250697120749 -0.0063614849155501753 0.011707380957152014 -0.0057529975682239888 -0.0093095509502769021 -0.00028755411464582715 0.023370904488616524 0.0013249577855216522 0.0044070555566856628 -0.0011741034563709897 -0.00062216302003275661 0.00020492513190351058 0.016937485968159895 0.01079929393671415 0.00038686056455164295 0.00061083685133117018 0.0012654735716872145 0.0002411179441680622 -0.0059939297927834121 0.0036075860934354611 -0.0020186387415883572 -0.00038429531389845285 0.0072085181813017268 -0.011869577505012975 0.086444130660717169 -0.0058757212313999664 -0.0036581333188405183 -0.00059538928116157361 -0.00090241544159431206
leaf_weight=131 110 110 90 113 108 117 109 83 125 131 100 86 83 114 85 129 155 101 114 155 114 154 87 83 92 83 83 149 116 108 151 83 92 124 139 87 109 88 87 81 86 85 90 95 82 86 80
leaf_count=131 110 110 90 113 108 117 109 83 125 131 100 86 83 114 85 129 155 101 114 155 114 154 87 83 92 83 83 149 116 108 151 83 92 124 139 87 109 88 87 81 86 85 90 95 82 86 80
internal_value=0 -0.000263531 0.00429553 -0.000549214 -0.000694904 -0.000526018 -0.00231401 0.000107198 -0.00500936 -0.00330073 0 -0.00541667 0.000728067 0.00114723 -0.000240964 -0.00215947 -0.00317919 -0.0012894 0.000516141 0.000192776 0.000519706 0.00022779 0.000612445 0.00147157 0.00284281 0.00363985 0.00517241 0 0.000875 0.00759943 0.00567308 0.00447761 -0.00413306 -0.000584307 -0.00168421 -0.00349702 -0.00173675 -0.000627854 -0.00701754 -0.00192857 0.000718391 -0.00522088 0.00124378 -0.00451977 -0.00207101 -0.00537791 -0.00737952
internal_weight=0 4932 290 4642 4532 4419 1155 3264 533 408 622 299 2746 522 414 300 518 348 2663 2463 2308 2194 2040 1494 896 782 550 232 199 351 259 200 247 598 474 335 546 437 170 349 173 248 200 176 168 171 165
internal_count=5063 4932 290 4642 4532 4419 1155 3264 533 408 622 299 2746 522 414 300 518 348 2663 2463 2308 2194 2040 1494 896 782 550 232 199 351 259 200 247 598 474 335 546 437 170 349 173 248 200 176 168 171 165
is_linear=0
shrinkage=0.05


Tree=70
num_leaves=49
num_cat=0
split_feature=46 1 15 38 50 45 45 50 21 29 0 45 4 50 45 20 4 2 10 17 31 10 21 28 21 3 45 37 28 21 29 45 21 11 37 14 36 20 9 49 48 37 35 21 35 45 20 36
split_gain=2.92418 4.46625 3.2063 2.2383 2.19152 2.13561 2.29897 2.09303 1.95428 1.91329 2.18042 2.16347 2.10062 2.22187 1.63774 1.99935 1.99563 1.62675 3.56273 1.98771 2.40032 1.62165 1.6162 1.80255 1.54291 1.6099 1.44098 1.73853 1.63598 1.52483 1.77051 1.35865 1.2673 1.24659 1.38715 1.79015 1.51912 1.14426 1.13618 1.10244 1.53706 1.07707 0.985668 0.955492 0.918936 0.78475 0.611178 0.603845
threshold=0.080547328232315238 78.500000000000014 49.500000000000007 4.5000000000000009 -1.664245572822814 0.94425825643485939 0.80926549319045582 2.9488595058913991 -0.26542627160448967 5.3125000000000009 80.250000000000014 -0.34235669412071207 1.7500000000000002 0.2183524347561914 -0.96689237009891416 1.4922493591913721 1.0000000180025095e-35 692.50000000000011 1.3702920998562937 0.84412955465587058 6.5000000000000009 1.3135095209564973 0.75855889208830274 58.687500000000007 -0.13948868500864361 57.500000000000007 -0.90163369914317015 6.5000000000000009 72.312500000000014 -1.1827899019026018 9.1875000000000018 -0.40614700388750385 -0.13948868500864361 1.188492063492067 36.500000000000007 2.5000000000000004 17.500000000000004 1.3249744147576965 0.8113611778787907 89.638406236595088 -0.5177753444109916 50.500000000000007 8.7500000000000018 -0.11886033106632253 12.708349999999998 0.90892735371523092 0.8574570590699625 10.500000000000002
decision_type=2 2 2 2 2 2 2 2 2 2 2 2 2 2 2 2 2 2 2 2 2 2 2 2 2 2 2 2 2 2 2 2 2 2 2 2 2 2 2 2 2 2 2 2 2 2 2 2
left_child=1 -1 -2 4 -3 6 7 9 -7 31 11 37 13 -13 -12 16 -16 18 39 20 -20 24 23 -9 -18 -26 32 45 29 -29 43 -4 -19 -30 36 -36 -35 -11 -8 40 -6 -21 46 -31 -45 -28 -15 -42
right_child=2 3 5 -5 17 8 38 22 -10 10 14 12 -14 42 15 -17 21 26 19 41 -22 -23 -24 -25 25 -27 27 28 33 30 -32 -33 -34 34 35 -37 -38 -39 -40 -41 47 -43 -44 44 -46 -47 -48 -49
leaf_value=0.037548547720825769 0.022775302812082288 -0.0046362683047472325 -0.0012812910774828712 -0.0070743594306683297 -0.00040856838135928665 -0.019318145700974506 0.0066924908617964742 -0.027215200428381593 -0.0034477617578026146 0.00035538573405771663 0.00053429247101192956 -0.0082612057304198901 -0.0027962346089541179 0.0025709400344100077 0.00064505809625437784 -0.0067034941158339413 -0.0050226655111615106 0.00064292175544795611 -0.0049610476845639044 -0.0046294413241722739 0.019710474604780023 0.00024314558636827981 0.0010511696849426712 -0.0070263641213314191 -0.0073045475690637299 0.0016535404956382624 -0.0022554192702943731 0.011556055072632028 0.0014786333395260393 0.00069650497687058499 -9.2548845217910183e-05 0.010027452531070555 -0.0034462147434512927 0.00013421821339707485 -0.00053774827939320204 0.0021015560789735465 -0.0021060929062418298 0.013067547586948136 -0.0010688595673129353 -0.00021595600186830044 0.0074012876802290462 -0.0014001768287972248 0.0077035988897490755 0.0040454686976460095 0.02363557972528876 0.00052158081928737894 -0.0017469791546080083 0.0013553395719692774
leaf_weight=124 85 94 91 91 87 80 131 80 105 154 90 129 124 87 88 145 108 103 143 101 85 80 80 125 83 82 106 83 158 86 149 88 147 82 97 159 97 80 84 155 80 80 97 88 88 90 92 118
leaf_count=124 85 94 91 91 87 80 131 80 105 154 90 129 124 87 88 145 108 103 143 101 85 80 80 125 83 82 106 83 158 86 149 88 147 82 97 159 97 80 84 155 80 80 97 88 88 90 92 118
internal_value=0 0.000770802 -0.00163248 0.000321262 0.000605571 -0.00198568 -0.00153374 -0.00208771 -0.00712366 -0.00138975 -0.00199653 -0.000163613 -0.00193396 -0.000184729 -0.00406204 -0.00502555 -0.0033371 0.000902224 -0.000852941 -0.00420732 -0.0010917 -0.00501412 -0.00603147 -0.00837379 -0.00684307 -0.00376506 0.00187419 0.00255062 0.0033318 0.00545455 0.00418689 0.00347222 -0.00159363 0.00155724 0.000172018 0.00252918 -0.00319444 0.00382979 0.00335648 0.00226757 0.00410839 -0.0081044 0.00234657 0.00665399 0.00875706 -0.00177665 0.000138889 0.00653266
internal_weight=0 2691 2388 2567 2476 2303 2118 1903 185 1618 1439 763 529 405 676 586 441 2382 849 409 228 353 285 205 273 165 1533 1283 1087 494 411 179 250 593 435 256 179 234 215 440 285 181 276 262 176 196 179 198
internal_count=5079 2691 2388 2567 2476 2303 2118 1903 185 1618 1439 763 529 405 676 586 441 2382 849 409 228 353 285 205 273 165 1533 1283 1087 494 411 179 250 593 435 256 179 234 215 440 285 181 276 262 176 196 179 198
is_linear=0
shrinkage=0.05


Tree=71
num_leaves=49
num_cat=0
split_feature=19 20 17 50 20 17 27 46 0 6 10 46 20 27 46 49 45 36 6 20 49 16 20 25 9 9 17 19 10 2 48 29 29 13 46 49 45 48 29 36 10 49 40 36 27 0 39 50
split_gain=2.1564 1.85756 2.80091 2.79091 2.05092 2.68636 1.77075 1.95147 1.76883 1.74113 2.14224 1.53008 2.34959 2.85297 2.82142 1.98106 1.6222 1.71933 1.60749 1.42115 1.40116 1.6081 1.57725 1.52185 1.3918 1.37231 1.36834 1.52028 1.24658 1.62461 1.36783 1.27275 1.53713 1.1524 1.06372 2.01415 1.64447 1.25942 1.21904 1.03512 1.02828 1.19079 1.01152 0.937962 0.847908 0.723843 0.527771 0.479718
threshold=5.4478144617530821 0.16005261342073487 0.5240274599542335 5.312721158191601 0.34274767378215648 0.81365740740740755 85.687500000000014 -0.38243420677835349 82.750000000000014 -2.1428571428571419 1.4742544357781413 -0.10837475778693638 1.1742757653431355 73.687500000000014 0.92843842216862604 71.977017999445394 -0.861146256326485 9.5000000000000018 0.34285714285714336 2.8359237536656896 90.743250280846993 11.250000000000002 1.9305417720051874 1.0000000180025095e-35 0.8228263892582881 1.1486548192230464 0.96148148148148149 1.5001057082452431 1.2112828555214545 687.50000000000011 0.065599478580966958 8.3125000000000018 6.2916750000000006 17.500000000000004 0.68274389090025245 87.051469076246079 0.84773968378660736 -0.32288353339230697 7.1875000000000009 17.500000000000004 1.4833899732862526 88.731436898831788 4.5000000000000009 22.500000000000004 85.437500000000014 80.750000000000014 1.5000000000000002 0.65710631437243461
decision_type=2 2 2 2 2 2 2 2 2 2 2 2 2 2 2 2 2 2 2 2 2 2 2 2 2 2 2 2 2 2 2 2 2 2 2 2 2 2 2 2 2 2 2 2 2 2 2 2
left_child=1 2 -1 4 5 -3 7 25 -5 10 -6 18 13 -13 16 -14 -15 45 24 33 21 23 47 -20 26 40 27 -11 29 30 -9 32 -30 -17 35 36 -35 -36 -39 -25 41 -4 -21 -22 -45 -18 -41 -23
right_child=-2 3 6 8 9 -7 -8 28 -10 11 -12 12 15 14 -16 19 17 -19 20 42 43 22 -24 39 -26 -27 -28 -29 31 -31 -32 -33 -34 34 37 -37 -38 38 -40 46 -42 -43 -44 44 -46 -47 -48 -49
leaf_value=-0.00612328934459095 -0.0058244501425033018 0.010058717166421056 -0.0051083634264927243 0.044235355405488043 -0.00069598124776699695 -0.00049134841275072364 0.0013601589345211774 -0.0015212322769751153 0.0068799252399883715 -1.6956898054187874e-05 -0.01216746726227981 -0.011451957499803919 0.01042275752812032 0.00022006053744167976 0.0037701290707206343 -0.0012770433531789527 -0.00016515297039062518 -0.013739070541421995 0.0013148819222964599 -0.00020727721953233276 -0.0013999539368324543 0.0041990361976886994 -0.0008968793239618523 -0.0012642262748710942 0.011001351037702119 0.00011998648426915233 -0.0033686636684829852 0.0022735573014191213 7.2501871032618079e-05 -0.004445911346267783 0.0025043105852324472 -0.00023648852690110199 0.0060152927688340947 0.0072312593418768839 -0.0067922450356011415 -0.0013143790516171206 0.00027032290189047683 0.012325336958954837 -0.0021212661864173812 0.00036689178806603999 -0.0087042193414349333 -5.1856271191252912e-06 -0.010994071122968116 -0.0023134823624777756 0.0010995497737226745 -0.0062031726586720889 -0.0010944587305783905 0.0083502987291938675
leaf_weight=147 102 90 93 123 113 94 81 120 107 133 81 106 133 111 91 140 116 85 114 83 131 80 135 119 118 99 95 131 80 96 85 136 88 127 99 99 144 85 86 98 87 82 86 86 80 86 92 80
leaf_count=147 102 90 93 123 113 94 81 120 107 133 81 106 133 111 91 140 116 85 114 83 131 80 135 119 118 99 95 131 80 96 85 136 88 127 99 99 144 85 86 98 87 82 86 86 80 86 92 80
internal_value=0 -0.000457562 -0.00217573 8.60244e-05 -0.00026071 0.00486486 -0.00126431 -0.00186143 0.00541126 -0.000542509 -0.00512821 -0.000260252 -0.00129619 -0.00381711 -0.00219388 9.23361e-05 -0.00401003 -0.00598958 0.00090422 -0.000710526 -0.000221457 0.000973574 0.00380068 -0.00100236 0.00329498 -0.00476519 0.00173611 0.00358491 -0.000123762 -0.00240066 0.000121359 0.00213115 0.00502959 0.000192061 0.00109204 0.00283019 0.00505515 -0.00129151 0.00130814 -0.00282258 -0.00665399 -0.00440341 -0.00485294 -0.00310403 -0.000598802 -0.00344828 -0.00052356 0.00714286
internal_weight=0 4971 1194 3777 3547 184 1047 966 230 3363 194 3169 1677 595 489 1082 398 287 1492 949 1015 718 295 423 477 361 359 264 605 301 205 304 168 780 640 370 271 270 171 309 262 175 169 297 166 202 190 160
internal_count=5073 4971 1194 3777 3547 184 1047 966 230 3363 194 3169 1677 595 489 1082 398 287 1492 949 1015 718 295 423 477 361 359 264 605 301 205 304 168 780 640 370 271 270 171 309 262 175 169 297 166 202 190 160
is_linear=0
shrinkage=0.05


Tree=72
num_leaves=48
num_cat=0
split_feature=4 46 9 15 10 46 18 34 49 48 36 9 19 30 43 17 2 25 8 35 17 18 19 14 18 30 40 43 30 2 30 17 1 1 46 34 17 48 20 4 28 43 48 19 36 40 46
split_gain=2.69272 2.91392 2.50382 2.16362 1.88907 1.71999 1.76982 2.08377 1.96314 2.25271 2.13811 1.69144 1.6903 1.55212 1.69975 2.51741 1.6915 2.82655 2.57448 1.99755 1.63041 1.46954 1.70822 1.44381 2.02173 1.434 1.28111 1.27482 1.76838 1.59858 1.31305 1.24141 1.23546 1.19204 1.74258 2.20086 1.46338 1.41703 1.39984 1.17145 1.16347 1.07755 1.05721 1.00429 0.991435 0.956303 0.920894
threshold=3.2500000000000004 0.1318557721318592 1.188777654410863 50.500000000000007 2.4430234952842418 -0.73865259438682551 52.500000000000007 0.20835000000000295 88.506950222571405 0.15105118224857764 23.500000000000004 0.8113611778787907 5.2563255966001963 45.625000000000007 2.7500000000000004 0.43050193050193059 687.50000000000011 1.5000000000000002 -0.099130434782608648 53.750000000000007 0.69098143236074283 87.500000000000014 1.4563441996862856 4.5000000000000009 107.50000000000001 116.87500000000001 2.5000000000000004 0.75000000000000011 118.12500000000001 722.50000000000011 185.62500000000006 0.86100386100386117 78.500000000000014 83.500000000000014 -0.25206183926700709 1.3750000000000002 0.74537037037037046 -0.30465304191610237 1.0724075690019963 0.62500000000000011 72.312500000000014 1.2500000000000002 0.065599478580966958 1.9468473253557455 2.5000000000000004 1.5000000000000002 0.21652257995689161
decision_type=2 2 2 2 2 2 2 2 2 2 2 2 2 2 2 2 2 2 2 2 2 2 2 2 2 2 2 2 2 2 2 2 2 2 2 2 2 2 2 2 2 2 2 2 2 2 2
left_child=1 4 46 -3 5 6 42 -8 40 10 -10 32 13 -5 16 -16 17 18 -15 20 -18 22 -13 24 -17 -12 -20 28 45 44 -30 -4 -7 38 35 36 -35 -38 -34 -23 -9 -36 -1 -11 -29 -22 -2
right_child=2 3 31 12 -6 11 7 8 9 43 25 21 -14 14 15 23 19 -19 26 -21 27 39 -24 -25 -26 -27 -28 29 30 -31 -32 -33 33 34 41 -37 37 -39 -40 -41 -42 -43 -44 -45 -46 -47 -48
leaf_value=-0.0092655848524026089 -0.0064838933411721731 0.021622653192844645 0.0010770884186715899 0.0096888869564207836 0.0097742863500604304 0.042847635745854443 -0.0018202661075413129 0.00025253752456948496 0.00011966998108695337 -0.0013876317797505535 0.00083188292536460215 0.0029724666910460025 -0.0077893874653591627 -0.0010860528492339205 0.011908218126659443 0.0031945738908675443 -0.0074471728179912548 -0.0038438958124423469 0.0033720847577099035 0.009901619651714301 -0.0026052631504802793 0.00010587874128329956 -0.00027656546320929399 -0.021675568277799279 -0.011607809181424912 0.018235237373037502 0.0083860388632157837 0.00070737154852806297 0.0079016803285480667 -0.0032028963602724284 -0.0024875351151768203 -0.00057334684900656446 -0.0027624247482686826 -0.0004087639739190907 0.00036662415448737717 0.0064379346481242359 0.0057032761312390164 0.00036391517508334585 0.002176273252962871 -0.013068419875996901 -0.0088293060063617482 -0.0010219323871370368 -0.00055405355401487726 0.0016359282965841939 0.0063818499540172881 -0.0057747006898491897 -0.00044070151998003418
leaf_weight=101 108 106 102 103 145 82 89 113 126 141 80 96 88 89 93 86 159 130 109 103 157 99 136 94 102 106 121 85 85 142 134 82 116 85 118 98 82 143 82 105 86 103 81 89 80 150 80
leaf_count=101 108 106 102 103 145 82 89 113 126 141 80 96 88 89 93 86 159 130 109 103 157 99 136 94 102 106 121 85 85 142 134 82 116 85 118 98 82 143 82 105 86 103 81 89 80 150 80
internal_value=0 -1.05955e-05 -0.00442359 -0.00133063 0.00115861 0.00081637 -0.000740375 0.000240674 0.00111186 0.00267035 0.00543131 0.00198737 -0.00168167 -0.00138408 -0.00170573 -0.00472074 -0.000970874 0.00161111 0.00414063 -0.00203011 -0.00271903 -0.000572082 0.00214592 -0.00706714 -0.00449735 0.00882353 0.00692641 -0.00182854 -0.00332068 0.000730519 0.000113636 -0.00027027 0.00321429 0.00262681 0.00369048 0.00562347 0.00353698 0.00564159 -0.000753769 -0.00365854 -0.003125 0.000112613 -0.00519126 -0.00108225 0.00406627 -0.00576299 -0.00846561
internal_weight=0 4718 372 2216 2502 2357 1012 830 741 542 312 1345 2110 2022 1919 375 1544 449 319 1095 992 436 232 282 188 186 230 833 526 307 219 184 909 827 629 408 310 225 198 204 199 221 182 230 165 307 188
internal_count=5090 4718 372 2216 2502 2357 1012 830 741 542 312 1345 2110 2022 1919 375 1544 449 319 1095 992 436 232 282 188 186 230 833 526 307 219 184 909 827 629 408 310 225 198 204 199 221 182 230 165 307 188
is_linear=0
shrinkage=0.05


Tree=73
num_leaves=49
num_cat=0
split_feature=11 21 6 13 14 29 21 46 0 10 29 2 42 35 35 37 33 43 27 28 49 13 17 17 10 21 2 10 33 50 10 21 2 22 49 50 27 49 30 27 34 19 29 14 19 21 17 46
split_gain=2.05372 3.49659 3.22081 1.94517 1.72315 2.30748 1.96869 1.85472 1.68304 2.04059 1.79147 1.69471 1.58309 1.64021 1.92185 2.20572 2.07679 1.6358 1.47672 2.39551 2.00476 1.60854 1.53595 1.6568 1.45918 2.41488 2.12524 1.39648 1.33074 1.30126 1.24285 2.88208 2.01884 2.16229 1.81946 1.71754 1.48074 1.28179 1.20949 1.14547 1.33331 1.18001 1.1188 1.07148 1.04739 0.909044 0.774276 0.685099
threshold=1.188492063492067 -1.4158002181595604 -1.8857142857142846 6.5000000000000009 1.0000000180025095e-35 6.8125000000000009 0.41926578323636937 -0.85225707553516283 82.250000000000014 1.0565499099442159 8.4375000000000018 707.50000000000011 5.2500000000000009 66.250000000000014 6.2500000000000009 11.500000000000002 1.1250000000000002 1.2500000000000002 84.906250000000014 68.812500000000014 90.854672520633969 24.500000000000004 0.91287878787878796 0.96148148148148149 1.9675215409419131 0.70080783193230911 687.50000000000011 1.6243469679587317 0.95835000000000303 0.9809633047681886 1.4244980743690803 1.1941563769150039 717.50000000000011 86.750000000000014 90.541780132193495 0.2183524347561914 83.562500000000014 82.599743468989644 179.37500000000003 77.062500000000014 1.1250000000000002 1.6561232459599067 5.8125000000000009 5.5000000000000009 2.3721413721413724 1.7034206853580331 0.91779279279279291 -0.57077231802681661
decision_type=2 2 2 2 2 2 2 2 2 2 2 2 2 2 2 2 2 2 2 2 2 2 2 2 2 2 2 2 2 2 2 2 2 2 2 2 2 2 2 2 2 2 2 2 2 2 2 2
left_child=1 -1 -3 -4 5 6 42 -6 9 -7 -11 -10 13 14 30 16 17 44 19 21 -20 -17 27 -24 25 26 -9 47 -25 -22 31 32 35 -34 36 37 38 -2 43 -37 41 -41 -5 -32 -16 -33 -23 -21
right_child=12 2 3 4 7 8 -8 24 11 10 -12 -13 -14 -15 15 18 -18 -19 20 22 29 46 23 28 -26 -27 -28 -29 -30 -31 34 45 33 -35 -36 39 -38 -39 -40 40 -42 -43 -44 -45 -46 -47 -48 -49
leaf_value=-0.0066996256157664915 0.001795306233038689 -0.0034425086455133536 -0.0029361688494898954 0.018364794944468434 0.0085168425924402602 0.0094240132864899743 0.0020579424454726936 -0.00036495788212225215 -0.0021827282254981762 0.0057967916925845686 -0.0037041806577245763 0.00039072148137079269 0.031793956773168257 0.005252823366699644 -0.0090891889846302799 -0.0028255302377037449 -0.00036704342575045735 -0.002290350825444759 0.0032198915574750105 -0.00023894029868700708 -0.0013211404132251886 0.0058800015269051716 -0.0060053728049123236 -0.00017148685875609552 0.0093666929568322795 0.0013743049289709321 -0.0052093161095255304 0.0013431846652957535 -0.0072599533072631901 0.0010583359198551578 -0.0053334733486145487 0.0018303957160207053 -0.009105912847805436 8.8685283433270759e-05 -0.005749137913502479 -0.0018488079608611598 0.0016750860762938303 0.00017633384727253621 0.0015858561082152389 -0.0010760887933800659 0.0011618797669886217 0.0019688134010782065 0.021855557996277666 -0.00024476591438135078 -0.0026861039427332617 0.0020111268039637166 0.00040630149213273709 -0.0033490471004362452
leaf_weight=95 85 111 114 99 84 81 82 101 113 85 82 131 145 113 89 85 137 142 84 93 85 83 85 108 118 113 124 118 100 89 151 128 118 92 91 93 84 83 95 108 89 80 88 153 92 92 82 128
leaf_count=95 85 111 114 99 84 81 82 101 113 85 82 131 145 113 89 85 137 142 84 93 85 83 85 108 118 113 124 118 100 89 151 128 118 92 91 93 84 83 95 108 89 80 88 153 92 92 82 128
internal_value=0 0.000662762 0.00124427 0.00188912 0.00243856 0.00396982 0.00768519 0.000277264 0.00192698 0.00481928 0.0016369 -0.00102041 -0.00149956 -0.00172758 -0.00194082 -0.00315428 -0.00607375 -0.00825617 -0.00197195 -0.00294451 0.00135135 0.00119522 -0.00458136 -0.00722789 -0.000984683 -0.00265487 -0.00564159 -0.00227941 -0.00478469 -0.00171429 -0.000680493 0.000412797 -0.00106809 -0.00521327 -0.00252174 0.000556586 -0.00129132 0.00473373 -0.0025625 -0.00134771 0.000269784 -0.0021164 0.0105053 -0.00409836 -0.0114011 0.00542986 0.00406627 -0.00461712
internal_weight=0 1621 1526 1415 1301 761 269 540 492 248 167 244 3400 3255 3142 1600 460 323 1140 882 258 250 632 293 456 338 225 339 208 174 1542 968 748 210 574 538 483 168 399 370 277 188 187 304 181 220 165 221
internal_count=5021 1621 1526 1415 1301 761 269 540 492 248 167 244 3400 3255 3142 1600 460 323 1140 882 258 250 632 293 456 338 225 339 208 174 1542 968 748 210 574 538 483 168 399 370 277 188 187 304 181 220 165 221
is_linear=0
shrinkage=0.05


Tree=74
num_leaves=48
num_cat=0
split_feature=50 6 30 21 29 7 7 46 21 25 27 7 7 13 36 30 7 19 29 12 19 36 2 3 19 11 8 2 7 14 17 19 41 22 2 40 21 50 37 11 14 17 8 21 13 35 37
split_gain=2.44917 3.43934 2.56598 2.97904 2.64797 2.23228 2.33015 2.48811 2.08971 2.06097 1.87259 2.12322 1.78416 1.76926 1.7477 1.70363 2.75057 2.13229 2.04438 1.80923 2.04423 1.91332 1.65191 2.33286 2.23962 2.12775 2.24624 1.9976 1.61168 1.5348 1.51421 1.9485 1.47973 1.43965 1.42154 1.91433 1.29853 1.21938 1.16487 1.04585 1.02205 0.950314 0.887514 0.867035 0.710742 0.621872 0.609751
threshold=2.1692808443592075 -1.1999999999999993 209.37500000000006 2.1005519391256375 8.3125000000000018 -1.0000000180025095e-35 1.8395651457749962 -0.039769286347669845 1.5150541003045179 1.0000000180025095e-35 85.562500000000014 0.56643356643356668 2.2338572522260995 20.500000000000004 25.500000000000004 102.81250000000001 0.041958041958042057 1.2058096636272209 7.9375000000000009 1.5357142857142849 2.2957252466203872 8.5000000000000018 662.50000000000011 52.500000000000007 3.5143962848297217 1.188492063492067 1.389130434782609 732.50000000000011 3.5832167832167836 1.5000000000000002 0.4188596491228071 2.657802197802198 1.5000000000000002 84.250000000000014 692.50000000000011 2.5000000000000004 -1.0108658391906429 0.033390225072928111 30.500000000000004 1.5639534883720965 1.5000000000000002 1.1863425925925928 0.43043478260869567 0.23321292168665766 26.500000000000004 11.250000000000002 28.500000000000004
decision_type=2 2 2 2 2 2 2 2 2 2 2 2 2 2 2 2 2 2 2 2 2 2 2 2 2 2 2 2 2 2 2 2 2 2 2 2 2 2 2 2 2 2 2 2 2 2 2
left_child=2 14 3 8 13 -3 7 9 10 -7 15 -12 -8 -4 -2 22 40 36 19 -19 -21 -22 -1 24 25 -24 27 33 45 -20 -9 44 -5 -27 35 -25 -18 -10 -13 -11 -17 -26 -42 -15 -32 -14 -37
right_child=1 5 4 32 -6 6 12 30 37 39 11 38 28 43 -16 16 17 18 29 20 21 -23 23 34 41 26 -28 -29 -30 -31 31 -33 -34 -35 -36 46 -38 -39 -40 -41 42 -43 -44 -45 -46 -47 -48
leaf_value=0.0024654761278386271 -0.00070902108704298805 0.016554799895834804 0.015982818496835565 -0.0011824180546610719 -0.0011290144224001973 -0.011503782717807866 0.020429741301853422 0.011331055114432588 -0.00073935516839887549 0.017322349121819292 0.0014519060534011531 -0.00050059789134211945 -0.012328514299493732 0.012633679883832634 -0.010883399723886836 -0.0033248807949568778 -0.0038550743001649459 0.002009324079885941 -0.00021862877152462046 -0.0068317086696713658 -0.00214561313995415 0.0032129025613974686 0.0017449953357638742 0.0010243185208996476 -0.0059263406907503324 0.0028264713454820064 -0.0015503551825963302 -0.0034959977028100261 0.024245495169455924 0.0023812574385155549 -0.023488700675062014 0.0048084605362352408 -0.0059523095610192166 0.00029911752439666932 -0.0061180170512101523 -0.0016133020629094498 -0.0010860507810982357 0.0035631079881946748 0.00058755623682850422 0.024453817134204414 -0.0020001949522030814 -0.00042451129625135643 -0.0026038639567184376 -0.00039788748467628606 -0.0063354161218837973 0.0077777453556944209 -0.00079507210265451495
leaf_weight=158 96 136 86 130 134 94 103 85 92 107 135 138 83 88 80 99 92 152 119 147 83 85 158 83 100 89 138 82 84 132 85 84 101 116 86 82 88 142 88 113 134 80 135 85 87 94 84
leaf_count=158 96 136 86 130 134 94 103 85 92 107 135 138 83 88 80 99 92 152 119 147 83 85 158 83 100 89 138 82 84 132 85 84 101 116 86 82 88 142 88 113 134 80 135 85 87 94 84
internal_value=0 0.00140766 -0.00108899 -0.00153777 0.00272843 0.00240052 0.00159314 -0.000190549 -0.00113053 0.00301587 -0.00149965 0.00186464 0.00479452 0.00567308 -0.00508475 -0.00198177 -0.00327545 -0.00177976 -0.000556328 -0.00251068 -0.00466772 -0.000887574 -0.000676213 -0.00136488 0.000163613 0.00166952 -0.000176056 0.00234375 0.00257634 0.0030754 -0.00314327 -0.00505837 -0.00700431 0.00497573 -0.00483631 -0.0029 -0.00662983 0.00340426 -0.00110132 0.00565611 -0.00691057 -0.00469613 -0.00527778 0.00272989 -0.00809249 -0.000140449 -0.00598802
internal_weight=0 1331 3741 3348 393 1155 1019 655 3117 314 2883 361 364 259 176 2522 1266 898 718 467 315 168 1256 1098 763 583 425 287 261 251 341 256 231 205 335 249 180 234 226 220 368 180 269 173 172 177 166
internal_count=5072 1331 3741 3348 393 1155 1019 655 3117 314 2883 361 364 259 176 2522 1266 898 718 467 315 168 1256 1098 763 583 425 287 261 251 341 256 231 205 335 249 180 234 226 220 368 180 269 173 172 177 166
is_linear=0
shrinkage=0.05


Tree=75
num_leaves=48
num_cat=0
split_feature=27 28 30 31 50 6 17 17 46 40 19 14 14 6 31 46 20 34 48 50 2 37 17 48 20 50 37 36 27 46 49 46 20 20 5 30 50 33 36 34 17 33 30 28 50 5 50
split_gain=2.49889 2.68113 1.93967 1.73909 1.78964 1.96879 2.6885 2.09998 1.90832 1.75337 1.72689 1.71917 1.69739 1.99437 1.51716 1.1314 1.11253 1.12385 2.013 2.37825 1.30034 1.55467 1.80629 1.71987 1.28648 1.77669 2.25728 1.40359 1.6981 1.52009 1.80287 1.73194 1.88239 2.01141 1.47853 1.42986 1.273 1.10177 1.05538 1.04549 0.976495 0.872904 0.855641 0.851037 0.842647 0.70678 0.487039
threshold=85.062500000000014 41.812500000000007 159.37500000000006 3.5000000000000004 2.2747800656733834 1.5428571428571434 0.76533166458072599 0.98936170212765961 -0.056951011027366626 61.500000000000007 4.9645457517311078 4.5000000000000009 5.5000000000000009 0.68571428571428628 4.5000000000000009 -0.99052477729077237 3.4300751879699249 0.62500000000000011 0.6036094100070265 1.5603466506691535 662.50000000000011 55.500000000000007 0.92582417582417598 -0.12110109322973896 -0.1059492231906025 1.0980894131579293 11.500000000000002 46.500000000000007 82.687500000000014 -0.67801649466304881 88.731436898831788 0.28313308994381592 2.0493409665823465 0.8234071175247647 1.0000000180025095e-35 109.37500000000003 1.361870395727266 0.54164999999999719 21.500000000000004 1.1250000000000002 0.78019323671497598 1.1250000000000002 119.37500000000001 61.187500000000007 0.60412536423834962 1.0000000180025095e-35 -0.11320916288663339
decision_type=2 2 2 2 2 2 2 2 2 2 2 2 2 2 2 2 2 2 2 2 2 2 2 2 2 2 2 2 2 2 2 2 2 2 2 2 2 2 2 2 2 2 2 2 2 2 2
left_child=1 -1 12 -3 10 8 45 -8 9 42 14 41 13 37 -5 -16 17 18 19 20 -17 22 40 -24 25 26 -19 29 -29 -26 31 36 33 34 35 -33 44 -2 -15 -35 -22 -10 -6 -41 -31 -7 -28
right_child=2 3 -4 4 5 6 7 -9 11 -11 -12 -13 -14 38 15 16 -18 24 -20 -21 21 -23 23 -25 27 -27 46 28 -30 30 -32 32 -34 39 -36 -37 -38 -39 -40 43 -42 -43 -44 -45 -46 -47 -48
leaf_value=0.011523507329914785 0.0011501403722059878 -0.0058884593859397198 0.021842307124516749 -0.0026391256597298224 0.0058461847648770245 0.013442862655425781 -0.012115987530139472 0.019352196420210285 0.0030291266310840505 -0.0043245105371836987 -0.0055049343070773362 -0.013389566206798143 0.0026506572420614497 -0.0014864267607640536 -0.0014938856147594548 0.00074318077172674238 -0.0027349045550981721 -0.0041296986564630985 0.00087834667174392373 -0.0026707150756371091 -0.0012366295490626733 0.00095118948081902583 -0.0031486550296989943 0.001695276951543029 0.0023299484286686185 0.000762702726554443 0.00019442883533081067 -0.0072900973902872944 0.00021758351382058784 0.0022467078589457901 -0.0025064933174465567 0.0020663377706271429 0.0049113296735375407 -0.0068803748423445473 0.0066376303271322469 -0.0026589858015849555 -0.00027238038918574458 -0.00030152331595775241 -1.3175113289054519e-05 -0.0047699241439131627 -0.0027919068498433661 -0.023469127821123148 0.022114232623762449 2.7880048075764948e-05 0.003301701058529938 0.02739170822523045 -0.0015919761343547549
leaf_weight=101 107 127 119 116 82 89 104 104 125 124 134 110 159 102 106 81 139 80 129 107 111 113 110 94 132 92 82 92 80 146 81 101 115 100 86 90 94 104 87 111 117 82 82 140 80 97 82
leaf_count=101 107 127 119 116 82 89 104 104 125 124 134 110 159 102 106 81 139 80 129 107 111 113 110 94 132 92 82 92 80 146 81 101 115 100 86 90 94 104 87 111 117 82 82 140 80 97 82
internal_value=0 -0.000904097 0.00235641 -0.00109536 -0.000917653 0.000925 0.00367089 -0.000239234 -0.000866337 0.00207612 -0.00150382 -0.00353774 0.00111607 -0.000623441 -0.00125499 -0.0010287 -0.00083453 -0.000604458 -0.00208575 -0.00309946 -0.00191388 -0.00279304 -0.00415704 -0.000731707 0.000112045 -0.00267062 -0.00489796 0.000759144 -0.00346821 0.00133125 0.000742358 0.00129229 -3.36022e-05 -0.00111288 0.00206835 -0.000390625 0.00436137 0.00271226 -0.00434211 -0.00362216 -0.00720524 -0.000841346 0.00545455 -0.00188492 0.00638767 0.00802139 -0.00151515
internal_weight=0 4368 678 4267 4140 999 394 208 605 288 3141 317 559 400 3007 2891 2785 2646 862 733 626 545 432 204 1784 336 244 1448 172 1276 1144 1063 743 628 277 191 320 211 189 351 228 207 164 251 226 186 164
internal_count=5046 4368 678 4267 4140 999 394 208 605 288 3141 317 559 400 3007 2891 2785 2646 862 733 626 545 432 204 1784 336 244 1448 172 1276 1144 1063 743 628 277 191 320 211 189 351 228 207 164 251 226 186 164
is_linear=0
shrinkage=0.05


Tree=76
num_leaves=49
num_cat=0
split_feature=38 42 20 20 19 42 39 2 34 40 16 50 35 40 30 30 36 5 45 37 36 50 46 48 9 30 7 10 29 37 10 45 29 50 48 9 50 18 10 11 19 45 4 18 7 29 37 14
split_gain=2.5646 2.96952 2.32329 2.2598 2.05221 1.48918 1.36241 2.05377 1.43523 1.18586 1.39154 2.50357 1.82936 1.74114 1.93351 1.88797 1.63164 1.11655 1.61211 1.79897 1.56279 2.5267 1.08344 2.88314 2.00341 2.04316 1.99391 2.68292 1.86985 1.86767 1.68509 1.61434 1.46337 2.16297 1.47339 1.41888 2.40162 1.28738 1.28584 1.15236 1.88069 1.92758 1.41754 1.30724 1.09959 1.07441 0.937217 0.827971
threshold=3.5000000000000004 3.2500000000000004 0.17632112133390906 0.87305718475073324 5.2563255966001963 7.2500000000000009 3.5000000000000004 432.50000000000006 4.1250000000000009 65.500000000000014 6.2500000000000009 3.1608816403877218 3.035699999999999 50.500000000000007 155.62500000000003 88.125000000000014 9.5000000000000018 -1.0000000180025095e-35 0.79383249484937135 13.500000000000002 36.500000000000007 1.0980894131579293 0.75438814418115718 -0.23369306784492064 0.90664760594127003 136.87500000000006 2.6097902097902099 0.91147178257608552 6.4375000000000009 29.500000000000004 0.9193963476858541 -0.44504625642270151 8.8125000000000018 1.456898558397363 -0.038411635961334629 0.6860595800775261 0.44238013571995799 137.50000000000003 1.2794372481516454 1.188492063492067 1.8242924258404136 0.76140650896573492 0.62500000000000011 117.50000000000001 1.2083916083916091 8.4375000000000018 16.500000000000004 5.5000000000000009
decision_type=2 2 2 2 2 2 2 2 2 2 2 2 2 2 2 2 2 2 2 2 2 2 2 2 2 2 2 2 2 2 2 2 2 2 2 2 2 2 2 2 2 2 2 2 2 2 2 2
left_child=2 3 9 -2 5 6 7 -4 17 10 -1 12 16 14 15 -14 -12 18 19 45 21 -21 23 39 25 30 27 -24 -26 -30 -25 -27 33 34 -29 36 -32 -37 -38 43 42 -42 44 -19 -41 -9 -17 -11
right_child=1 -3 4 -5 -6 -7 -8 8 -10 47 11 -13 13 -15 -16 46 -18 22 -20 20 -22 -23 26 24 28 31 -28 32 29 -31 35 -33 -34 -35 -36 37 38 -39 -40 40 41 -43 -44 -45 -46 -47 -48 -49
leaf_value=-0.0042754803700060465 0.0012838432999807354 -0.01583776989870157 -0.0069291894385370319 -0.011781359463807487 -0.0066856551252663272 0.084821535687019778 0.0040234312505717075 -0.00036775296041803297 0.0068190384155907063 -0.011410681077443974 0.0016335834284987522 0.022575056021373774 -0.00073206445570337406 0.00075199255030063421 0.00039146479108697214 -0.002513655773380604 -0.00075068571921276255 0.0065538671924168851 -0.0056938662813005598 0.0024969142820096143 -0.0018853848267144568 -0.00083250272687450117 0.004510906246550578 -0.0032408706221567166 -0.012409885164688229 -0.00030941655881272512 0.0065836769147749165 -0.0032146168032962334 -0.0025864839920676057 0.0018622082457594225 0.00024592814578465737 0.020297575820848075 -0.006963461477028865 -0.012072827334952142 0.010947331963419038 0.00011879668135621469 -0.0028079997531391455 0.0049618511249290842 -0.0003099198702019246 0.00085811976021215046 0.0036485870372092361 0.021780301789985787 0.00282309782715518 -0.00073908901848088746 -0.00062101976431311323 -0.0014948883604218729 -0.0088848772032312714 -0.0013966463644793264
leaf_weight=83 93 89 85 80 107 120 129 91 86 94 153 90 121 92 102 85 111 139 157 138 96 82 106 86 94 91 91 99 118 86 91 149 95 102 81 151 91 80 126 80 138 80 83 129 131 86 81 102
leaf_count=83 93 89 85 80 107 120 129 91 86 94 153 90 121 92 102 85 111 139 157 138 96 82 106 86 94 91 91 99 118 86 91 149 95 102 81 151 91 80 126 80 138 80 83 129 131 86 81 102
internal_value=0 -0.00513308 -6.2383e-05 -0.0012931 0.000541272 0.000745541 0.000555075 0.000359389 0.000560848 -0.00206278 -0.00130577 -0.000687799 -0.00164209 -0.0034751 -0.0049359 -0.00703125 0.00169811 0.000386679 -0.00145929 -5.06073e-05 0.0022082 0.00452489 0.000863781 0.00142747 -0.000150344 0.00106813 -0.00104348 -0.00232438 -0.00367893 -0.00097561 -0.000439297 0.00497925 -0.00429894 -0.0024735 0.000828729 0.000601852 -0.00161812 0.00355603 -0.00447248 0.00377721 0.00516569 0.0086758 0.00254237 0.00111524 0.000353774 -0.00407303 -0.010479 -0.00558376
internal_weight=0 262 4808 173 3694 3587 3467 3338 3253 1114 918 835 745 481 389 287 264 3167 650 493 316 220 2517 1943 1163 865 574 483 298 204 625 240 377 282 180 539 308 231 217 780 512 218 294 268 211 177 166 196
internal_count=5070 262 4808 173 3694 3587 3467 3338 3253 1114 918 835 745 481 389 287 264 3167 650 493 316 220 2517 1943 1163 865 574 483 298 204 625 240 377 282 180 539 308 231 217 780 512 218 294 268 211 177 166 196
is_linear=0
shrinkage=0.05


Tree=77
num_leaves=49
num_cat=0
split_feature=20 50 6 16 42 20 50 13 35 18 45 34 50 18 41 21 41 47 20 34 14 18 33 9 21 36 34 35 41 17 8 10 29 8 10 50 8 40 48 33 17 33 48 45 45 33 6 20
split_gain=2.30898 2.63591 2.50631 1.96409 1.7608 1.66864 2.03706 1.37488 1.62114 1.71598 1.42709 1.83033 1.34216 1.26689 1.64033 1.49355 2.0128 1.65547 3.80862 1.51641 1.44815 1.97316 1.93336 1.48375 1.38345 2.19832 1.78916 1.83523 1.70504 1.58932 1.39974 1.43577 1.32291 1.53837 1.74246 1.29095 1.18696 1.1726 1.95207 1.65886 1.14471 1.09972 1.55227 1.03225 0.918533 0.853241 0.815453 0.680077
threshold=0.17632112133390906 4.6465747256124539 -4.9714285714285689 6.2500000000000009 4.2500000000000009 0.34274767378215648 0.87613210253913121 14.500000000000002 3.035699999999999 87.500000000000014 0.29342972903661901 0.87500000000000011 1.0351507788569381 42.500000000000007 1.5000000000000002 2.3359011424068901 1.5000000000000002 4.5000000000000009 1.0724075690019963 0.62500000000000011 1.5000000000000002 92.500000000000014 0.54164999999999719 0.89141405653841399 0.36093859889889762 22.500000000000004 0.20835000000000295 1.0000000180025095e-35 3.5000000000000004 0.74537037037037046 1.3257665903890163 0.94668831308073165 6.8125000000000009 1.5365217391304349 1.3135095209564973 0.80658779509496992 0.91565217391304365 62.500000000000007 -0.11100550028753102 1.1250000000000002 0.92582417582417598 0.54164999999999719 -0.27898904247075001 0.70290292807158605 -0.57078386445773377 0.95835000000000303 1.114285714285715 0.69960932134845188
decision_type=2 2 2 2 2 2 2 2 2 2 2 2 2 2 2 2 2 2 2 2 2 2 2 2 2 2 2 2 2 2 2 2 2 2 2 2 2 2 2 2 2 2 2 2 2 2 2 2
left_child=2 4 -1 -4 5 6 -2 -5 43 10 11 -10 -11 14 -7 17 -17 18 19 -15 23 -22 -23 35 26 30 -19 -28 29 -29 31 -26 45 34 -34 -20 47 38 -27 -39 -32 -3 -43 44 -9 -31 -33 -21
right_child=1 41 3 7 -6 13 -8 8 9 12 -12 -13 -14 15 -16 16 -18 24 20 36 21 22 -24 -25 25 37 27 28 -30 32 40 46 33 -35 -36 -37 -38 39 -40 -41 -42 42 -44 -45 -46 -47 -48 -49
leaf_value=0.0014353005831174261 -1.377947877365302e-05 0.03536589844582002 -0.0055556024016201137 -0.0086690377932120925 -0.023321654463230559 -1.9396251060355141e-05 0.0097854365726582071 0.0008797529429540121 -0.00091264363998374209 -0.0032061653430580771 -0.003143320378528847 0.0027089986244292191 -0.0035960493639514688 -0.0088851657527218471 0.005460654076844644 0.00014817264193828228 -0.018878224444618525 -0.0012332320678792752 -0.0023662910900816626 0.0020798270348055758 0.0060717191208855305 -0.0087901613355768245 0.0022288539939700975 -0.0070916024395477175 -0.0031381550967057859 -0.00017171742031888427 0.004014793737795108 -0.0010716909671327991 0.004408853299281779 -0.0014983998921727138 -0.008885962924595165 0.0033759481773453174 0.0018429559223716613 0.0074844348518162468 -0.00038670149433321925 0.002613556439194992 -0.0085128459916779566 -0.001564587438111309 0.0043822999229533701 0.0029436218184178521 -0.0037324793080166841 -0.0057182020897273977 0.041910357841754169 0.0030890903811183509 -0.0012190473228194734 0.0025750965189380139 -0.00031788650538288612 -0.0022216745490730217
leaf_weight=141 84 118 117 82 80 113 83 82 126 86 130 125 140 85 82 103 96 87 87 83 98 84 158 89 105 101 85 140 153 132 84 102 97 102 98 109 82 142 101 85 118 80 130 80 126 101 88 80
leaf_count=141 84 118 117 82 80 113 83 82 126 86 130 125 140 85 82 103 96 87 87 83 98 84 158 89 105 101 85 140 153 132 84 102 97 102 98 109 82 142 101 85 118 80 130 80 126 101 88 80
internal_value=0 0.000279511 -0.00220469 -0.0030137 -0.000120807 5.09017e-05 0.00491071 -0.00227505 -0.00170201 -0.00316612 -0.00111257 0.00109127 -0.00660793 -0.000198716 0.00369898 -0.000447009 -0.004625 -0.000156413 -0.00185669 -0.00619335 0.000439297 0.0026393 0.000205761 -0.00218531 0.000689386 -0.000701187 0.00198293 0.00264026 0.00191141 0.000819672 -0.00296185 -0.000760135 0.00207156 0.00427852 0.00165816 0.000253807 -0.00416667 0.0019186 0.0046798 -0.000548246 -0.00615764 0.00455927 0.00236967 0.00138408 -0.000478469 -0.000747863 0.00183246 -0.00167683
internal_weight=0 3845 1235 1094 3517 3437 167 977 895 607 381 251 226 3270 195 3075 199 2876 955 330 625 340 242 285 1921 926 995 908 823 670 497 295 530 297 195 196 245 429 202 227 202 328 210 288 208 233 190 163
internal_count=5080 3845 1235 1094 3517 3437 167 977 895 607 381 251 226 3270 195 3075 199 2876 955 330 625 340 242 285 1921 926 995 908 823 670 497 295 530 297 195 196 245 429 202 227 202 328 210 288 208 233 190 163
is_linear=0
shrinkage=0.05


Tree=78
num_leaves=45
num_cat=0
split_feature=20 30 50 7 27 10 21 37 50 2 7 30 20 18 18 6 21 19 29 20 40 36 37 2 29 48 34 21 42 20 17 2 20 35 6 21 45 2 21 7 7 37 29 7
split_gain=2.05107 2.9405 2.53969 3.00863 2.44734 1.90992 1.80787 1.72742 1.69862 3.22402 1.57405 1.55923 1.87361 1.518 1.39346 1.38563 1.61235 1.39159 1.57662 1.39145 2.20217 1.41421 2.00844 1.91777 1.64505 1.28407 1.28759 1.19395 1.18253 1.17455 1.22645 2.58939 2.49602 1.75828 1.30856 1.8886 1.42203 1.25837 1.15635 1.11602 1.02137 0.960665 0.945073 0.880008
threshold=1.1229891076665273 46.875000000000007 0.28079178129782895 1.0041977657685934 86.187500000000014 1.1747840228653843 -1.2048813255709871 15.500000000000002 7.6202774523760448 432.50000000000006 3.9650349650349654 111.87500000000003 2.1883329012185642 132.50000000000003 107.50000000000001 -4.6285714285714272 -1.029522144522147 1.2624089868941131 12.062500000000002 -0.15730034671211138 63.500000000000007 29.500000000000004 19.500000000000004 717.50000000000011 9.4375000000000018 0.35015919825151959 0.62500000000000011 2.7567885013537183 1.2500000000000002 1.2434839697997593 0.89827586206896559 717.50000000000011 1.6948849104859336 30.625000000000004 1.0000000180025095e-35 -0.77183015635039698 -0.17647087149565668 727.50000000000011 -0.72572243513501167 2.0349650349650354 0.31048951048951062 6.5000000000000009 7.6875000000000009 0.56643356643356668
decision_type=2 2 2 2 2 2 2 2 2 2 2 2 2 2 2 2 2 2 2 2 2 2 2 2 2 2 2 2 2 2 2 2 2 2 2 2 2 2 2 2 2 2 2 2
left_child=4 -2 3 13 6 -5 7 -1 9 -8 27 39 -13 -3 -9 -11 -17 38 19 25 21 22 23 24 41 26 -19 29 -28 -4 34 32 -32 37 -31 -36 -37 -33 -18 -7 -20 -21 -39 -40
right_child=1 2 10 5 -6 11 8 14 -10 15 -12 12 -14 -15 -16 16 17 18 40 20 -22 -23 -24 -25 -26 -27 28 -29 -30 30 31 33 -34 -35 35 36 -38 42 43 -41 -42 -43 -44 -45
leaf_value=-0.00027920234281479179 0.024160777862049756 0.0032936648493105932 0.0041493393431347447 0.00036615070300469285 0.001736558376687783 -0.0090374788347541337 -0.011312630091861092 -2.1258669040698102e-05 0.040584631200114997 0.0008261373543592518 0.0033634922999762453 0.0012377213978550343 -0.0067370223175703403 -0.00023030416875923222 0.0029346840881911539 -0.0029922885210747208 -0.00015824215120655572 -0.0052330699083275051 0.002026727762961136 -0.00066300304914967414 0.0032032121842357321 -0.0030017710221030172 0.001677273520393835 -0.0059908618091918083 0.0016839825125491759 -0.0058898934153763689 -0.00073018562301311912 -0.0053208390330284688 0.0016350047306061739 0.0082067558120380579 0.00044980548823373161 0.0053833227842265494 -0.00444574820530167 0.019959933806408005 -0.0016113018564696603 -9.2119903683934856e-05 0.0033010963841041407 0.00074919790132671471 -0.0013305605534874284 -0.0043358768099585497 -0.00049983142317756586 -0.0054561290071945562 -0.004113838658891744 -0.0090455836212344157
leaf_weight=130 90 96 110 90 144 117 92 134 106 142 83 138 145 81 130 130 85 84 83 120 123 106 157 147 127 85 96 97 90 138 102 94 107 93 97 154 159 140 143 89 89 98 81 84
leaf_count=130 90 96 110 90 144 117 92 134 106 142 83 138 145 81 130 130 85 84 83 120 123 106 157 147 127 85 96 97 90 138 102 94 107 93 97 154 159 140 143 89 89 98 81 84
internal_value=0 0.000532146 0.00016953 -0.00217966 -0.00149486 -0.00392241 -0.00184934 0.00126582 -0.00241088 -0.00272574 0.0013908 -0.00515306 -0.00272887 0.00351124 0.00358491 -0.00229899 -0.00266504 -0.00225553 -0.0015825 -0.00220827 -0.00113766 -0.00214947 -0.00126923 -0.00283976 -0.000794798 -0.00484551 -0.00313653 0.000983248 -0.000802139 0.00139107 0.000921955 -0.000606796 -0.00511905 0.00171149 0.00264117 0.00121655 0.0031051 -7.91139e-05 -0.00527157 -0.00845411 0.00289017 -0.00342466 -0.00213964 -0.00712719
internal_weight=0 2301 2211 756 2725 579 2581 394 2187 2081 1455 489 283 177 264 1989 1847 1717 1405 1233 878 755 649 492 345 355 270 1372 186 1275 1165 617 209 408 548 410 313 315 312 206 172 218 221 227
internal_count=5026 2301 2211 756 2725 579 2581 394 2187 2081 1455 489 283 177 264 1989 1847 1717 1405 1233 878 755 649 492 345 355 270 1372 186 1275 1165 617 209 408 548 410 313 315 312 206 172 218 221 227
is_linear=0
shrinkage=0.05


Tree=79
num_leaves=47
num_cat=0
split_feature=48 36 6 46 33 2 21 29 21 7 46 21 8 9 30 30 35 48 8 14 20 9 9 48 8 17 36 36 28 28 10 30 35 19 17 18 8 10 9 6 15 18 30 46 9 17
split_gain=2.36317 1.70127 1.9998 1.63864 1.88552 1.62001 2.49132 2.7116 2.29887 1.97406 1.94088 1.91961 2.17055 2.66433 2.16155 1.96701 1.89193 1.85668 1.94688 1.64864 1.64069 1.62587 1.72175 1.9445 1.60505 1.60254 2.54655 1.571 1.55766 2.66297 1.71674 1.72686 1.56955 1.52012 1.48164 1.4668 1.25052 2.61934 2.2817 1.36995 1.16154 1.05577 1.00995 0.624538 0.599013 0.587527
threshold=-0.81500909974805713 29.500000000000004 0.68571428571428628 -0.20180761162458913 0.54164999999999719 727.50000000000011 -0.44432770935502924 6.5312500000000009 -0.24699897803345292 1.1874125874125878 0.1318557721318592 0.10760042636103863 1.0332304402653658 0.61862036604191917 119.37500000000001 106.87500000000001 21.250000000000004 -0.37033692148540165 2.0932628230172465 2.5000000000000004 1.8116802701942023 0.85592164416559058 1.1829142696877486 -0.16051298053853083 0.50217391304347825 0.83602150537634423 23.500000000000004 12.500000000000002 74.687500000000014 73.437500000000014 1.8976549054198157 120.62500000000001 16.250000000000004 1.9468473253557455 0.84412955465587058 67.500000000000014 0.92608695652173934 1.422238336488316 0.49145229857413525 -1.6285714285714279 75.500000000000014 117.50000000000001 111.87500000000003 0.47369649395226454 0.72019365235355937 0.76533166458072599
decision_type=2 2 2 2 2 2 2 2 2 2 2 2 2 2 2 2 2 2 2 2 2 2 2 2 2 2 2 2 2 2 2 2 2 2 2 2 2 2 2 2 2 2 2 2 2 2
left_child=1 3 -3 -1 -5 8 7 -7 28 11 -9 24 15 -14 -15 25 17 -8 20 -18 27 40 23 -23 -10 26 -13 44 29 30 32 -32 36 35 -31 -17 38 -38 -2 -40 43 -6 -22 -11 -19 -41
right_child=5 2 -4 4 41 6 16 10 9 21 -12 12 13 14 -16 33 19 18 -20 -21 42 22 -24 -25 -26 -27 -28 -29 -30 34 31 -33 -34 -35 -36 -37 37 -39 39 45 -42 -43 -44 -45 -46 -47
leaf_value=0.0010502268902450236 -0.0028311140335895886 -0.013207794712363731 -0.0004204862145028632 -0.0059802532044998212 0.0015512535454662137 -0.013338297761933871 0.0017955154209123416 0.00015203060586368999 -0.0061017143558567549 0.018981290889893161 -0.0062329471890044709 0.0096021941740221089 -0.0057789635479627679 -0.0043497207356593742 0.014665594845449671 -0.00025173961611670725 0.016479270048965499 -6.7142840245720822e-05 0.0017862044342824735 -0.00046620512817913129 -0.0033625183978352249 0.001424211277299195 0.0024999140578867377 -0.0050370496173050561 -0.00019536883768636051 -0.00011481188221660333 -4.9615265868607761e-05 0.0017492228631980911 -0.0017485749893707216 0.011692894474622156 0.00035817724165486679 0.022630132087619284 -0.0044497020730252471 0.0015177883974543404 0.00038264105040292378 -0.0031050902757603859 -0.0011609954503800869 0.0018674951948984136 0.00021419363528557271 0.0010467938092564189 0.00041782676066354218 -0.0019171765474366943 -0.020039726710645231 0.0016378536174075338 -0.0081362691016563359 0.0037512371554584223
leaf_weight=94 86 115 82 120 123 112 149 151 146 82 115 128 139 144 107 116 115 80 102 86 87 80 94 113 158 133 85 87 95 91 89 100 152 144 84 96 116 124 101 85 117 119 82 94 98 86
leaf_count=94 86 115 82 120 123 112 149 151 146 82 115 128 139 144 107 116 115 80 102 86 87 80 94 113 158 133 85 87 95 91 89 100 152 144 84 96 116 124 101 85 117 119 82 94 98 86
internal_value=0 -0.00332569 -0.00719697 -0.00164114 -0.00316804 -0.000106742 -0.00162055 -0.00501319 0.00049435 -0.000556399 -0.00224719 -0.0015748 -0.000594694 -0.00358056 -0.000496032 0.00106686 -0.000169109 -0.00142128 -0.0027933 0.00408416 -0.00425287 0.00189329 -0.00078125 -0.00347938 -0.00508197 0.0037464 0.00642523 -0.00178571 0.00221074 0.00273543 0.00167553 0.00592105 0.000599201 -0.00154062 0.00838068 -0.00422535 0.00175292 -0.00103734 0.00362117 0.00586081 0.0045068 -0.000617284 -0.00808824 0.00706215 -0.00446927 0.00857558
internal_weight=0 653 197 456 362 4449 1264 378 3185 1976 266 1396 1092 390 251 702 886 685 536 201 434 580 287 193 304 346 213 265 1209 1114 939 189 750 356 175 212 598 240 358 272 293 242 169 176 178 171
internal_count=5102 653 197 456 362 4449 1264 378 3185 1976 266 1396 1092 390 251 702 886 685 536 201 434 580 287 193 304 346 213 265 1209 1114 939 189 750 356 175 212 598 240 358 272 293 242 169 176 178 171
is_linear=0
shrinkage=0.05


Tree=80
num_leaves=49
num_cat=0
split_feature=7 10 42 36 40 21 8 42 10 21 46 21 46 0 35 17 9 9 25 13 18 14 46 37 47 48 15 1 17 17 17 35 8 8 49 34 5 37 15 37 6 46 48 5 17 45 14 7
split_gain=1.82042 1.42781 1.61566 1.63687 2.33274 1.79305 2.39129 1.69536 3.01578 1.63179 1.59415 1.72399 1.53047 1.52491 1.4747 2.14121 1.49025 1.49747 1.43454 1.53774 1.24049 1.21166 1.07987 1.80413 1.45392 1.04695 0.964525 2.14997 1.1618 2.1144 1.85554 1.66141 1.6359 3.87562 2.3636 1.98268 1.79481 1.45986 2.06247 1.4739 1.53352 1.27293 1.05774 0.975172 1.30412 0.943722 0.811293 0.490941
threshold=3.797202797202798 1.8976549054198157 7.2500000000000009 68.500000000000014 87.500000000000014 1.1009568933482046 1.3800000000000003 4.2500000000000009 1.2648804805928566 2.1005519391256375 0.75438814418115718 1.5150541003045179 -0.79382744783423187 84.250000000000014 3.035699999999999 1.0645833333333334 0.89141405653841399 1.1102328050700525 2.5000000000000004 24.500000000000004 102.50000000000001 13.500000000000002 0.063390085881955341 17.500000000000004 2.5000000000000004 -0.045219502440066062 60.500000000000007 78.500000000000014 1.0822072072072075 1.0385185185185188 1.1318840579710148 8.7500000000000018 0.44608695652173924 0.70549328375118869 89.531347163560469 1.3750000000000002 1.0000000180025095e-35 11.500000000000002 73.500000000000014 39.500000000000007 0.34285714285714253 0.04621408538533487 -0.34913395936361341 -1.0000000180025095e-35 0.7947368421052633 1.0000000180025095e-35 1.5000000000000002 1.0041977657685934
decision_type=2 2 2 2 2 2 2 2 2 2 2 2 2 2 2 2 2 2 2 2 2 2 2 2 2 2 2 2 2 2 2 2 2 2 2 2 2 2 2 2 2 2 2 2 2 2 2 2
left_child=1 2 3 4 5 7 9 18 -9 10 11 13 20 -7 15 -14 22 -18 21 -20 -3 26 -16 24 -24 -8 -1 46 29 32 -30 -32 34 41 35 42 37 38 -35 43 -41 -34 -29 -39 -45 47 -28 -38
right_child=-2 12 -4 -5 -6 6 25 8 -10 -11 -12 -13 14 -15 16 -17 17 -19 19 -21 -22 -23 23 -25 -26 -27 27 28 30 -31 31 -33 33 36 -36 -37 45 39 -40 40 -42 -43 -44 44 -46 -47 -48 -49
leaf_value=-0.0045432880416840351 0.0040142980260459244 -0.0022785657808607864 0.062549216042369724 -0.005280372038563211 0.006843842202486925 -0.0013815256954506805 -0.0028159610116700873 0.0014013721898327282 -0.03327441685879854 -0.00095528577441362096 0.003273377635284408 0.002411634203039509 0.00078953687971942 0.00049222481039495056 0.017733859593640728 -0.0087541976788776 -0.0041082696484634872 0.0035714809923726395 -0.00015757254936681344 0.001838520125148577 0.00044710678945435379 -0.003348913081814309 0.017753457313244798 -0.0027818960512528746 0.0012680804639376708 3.1127453645074524e-05 0.00062569271382424685 0.00034128192360023961 0.0041092515352372239 -0.012696378206796378 -0.0032151407176959079 0.00067796836800138331 -0.001137268902625399 0.00018966148693616474 -0.0027563788257074229 -0.0010007567898851074 3.6666228039450303e-05 -8.4970825669061789e-05 -0.001772131090339807 0.0012449457483906191 -0.0009725209086082321 -0.011414838465760593 0.0035872471151106411 0.00028898218617343097 0.0042411034180962594 -0.0046262504389909479 0.0030587398488751694 -0.0026415251162318354
leaf_weight=120 156 85 154 116 92 99 110 81 82 125 110 121 115 100 138 84 142 86 93 103 92 81 106 82 109 103 86 103 88 91 89 102 121 110 80 105 81 83 98 101 121 117 146 81 98 140 91 97
leaf_count=120 156 85 154 116 92 99 110 81 82 125 110 121 115 100 138 84 142 86 93 103 92 81 106 82 109 103 86 103 88 91 89 102 121 110 80 105 81 83 98 101 121 117 146 81 98 140 91 97
internal_value=0 -0.000373059 -0.000809949 -0.00101567 -0.000828767 -0.00103288 0.00110533 -0.00162186 -0.00655488 0.00283273 0.00429234 0.00249221 0.00127404 -0.000375 0.00214368 -0.001625 0.0032756 0 -0.00131329 0.00279188 -0.00294944 -0.00164541 0.00498853 0.00327181 0.0056713 -0.00338785 -0.00143617 -0.00119955 -0.00165611 -0.00212796 0.00133929 -0.00143229 -0.00172311 -0.00264211 0.00091954 0.00267606 -0.00128586 0.0001443 -0.00334928 0.00164948 -0.00134529 -0.0083682 0.0051 0.00418251 0.00625 -0.00438871 0.00407303 -0.00195531
internal_weight=0 4958 3919 3765 3649 3557 768 2789 163 555 430 320 1039 199 862 199 663 228 2626 196 177 2430 435 297 215 213 2349 2229 2052 1773 279 191 1682 1248 434 354 1010 692 208 484 222 238 249 262 179 318 177 178
internal_count=5114 4958 3919 3765 3649 3557 768 2789 163 555 430 320 1039 199 862 199 663 228 2626 196 177 2430 435 297 215 213 2349 2229 2052 1773 279 191 1682 1248 434 354 1010 692 208 484 222 238 249 262 179 318 177 178
is_linear=0
shrinkage=0.05


Tree=81
num_leaves=49
num_cat=0
split_feature=4 36 10 30 19 2 50 17 37 33 19 49 14 19 13 21 50 14 17 50 6 34 34 13 23 22 30 50 10 14 8 10 33 12 49 4 36 16 29 6 50 8 3 8 17 14 43 45
split_gain=2.56731 2.11429 2.27411 1.9511 1.83548 1.86905 1.68803 1.76847 1.66386 1.65532 1.76921 1.73687 1.65581 2.47809 1.5463 1.53211 1.49089 1.47515 3.3036 1.70617 1.84435 2.16693 1.77709 2.46047 1.37572 1.54035 2.84844 2.65369 1.94871 1.22271 1.20719 1.79137 2.03396 1.76602 1.85492 1.54325 1.44016 1.81352 1.35444 1.2965 1.18985 0.955669 0.922408 0.918061 0.884974 0.858054 0.687412 0.677172
threshold=1.0000000180025095e-35 63.500000000000007 1.414366466857786 60.625000000000007 -0.07321339950372209 692.50000000000011 1.7434341402204938 1.1744421906693714 41.500000000000007 0.31250000000000006 1.4125577870405459 91.821823283353339 1.5000000000000002 2.2957252466203872 26.500000000000004 1.4264005602240888 -0.28180103284439179 8.5000000000000018 0.82085561497326209 6.8713033659569769 1.5428571428571434 1.1250000000000002 1.5625000000000002 28.500000000000004 90.250000000000014 85.250000000000014 136.87500000000006 2.1692808443592075 1.1625251396116749 1.5000000000000002 -0.58956521739130419 1.0113166843822727 1.1250000000000002 2.5499999999999976 89.735361721823921 0.62500000000000011 23.500000000000004 14.250000000000002 8.9375000000000018 0.34285714285714336 0.56584945318623892 1.0460869565217394 47.500000000000007 1.053280896764619 0.78019323671497598 2.5000000000000004 0.75000000000000011 0.039769539193789977
decision_type=2 2 2 2 2 2 2 2 2 2 2 2 2 2 2 2 2 2 2 2 2 2 2 2 2 2 2 2 2 2 2 2 2 2 2 2 2 2 2 2 2 2 2 2 2 2 2 2
left_child=3 4 -3 -1 5 -2 9 17 15 10 44 30 13 -12 29 24 -14 19 -19 20 22 -22 23 43 25 26 28 -28 -5 -10 -11 32 42 34 35 45 37 -35 46 -36 -18 -40 -32 -8 -6 47 -37 -33
right_child=1 2 -4 8 6 -7 7 -9 14 11 12 -13 16 -15 -16 -17 40 18 -20 -21 21 -23 -24 -25 -26 -27 27 -29 -30 -31 31 33 -34 36 39 38 -38 -39 41 -41 -42 -43 -44 -45 -46 -47 -48 -49
leaf_value=0.020135988036142496 -0.00019375030176155272 -0.011564440092593078 0.00012208841294331446 0.00039260222684380788 -0.00050248272700070731 0.0034872988738546551 -0.00043744667022506124 0.011700805664343462 0.0034174308151102674 -0.0012667427584908519 0.0042654514330997149 0.0017863177581672108 0.00032805492468447139 -0.0020890377323671003 0.013176578374949462 0.0021516740093669886 -0.0088849166522423206 0.023942385838728708 -0.0025675124580687605 0.039214442911827831 -0.0021450461993791944 0.0052244339378344972 -0.0075445425799374188 0.0024126413264659256 -0.0016410868793179047 0.0021328017275716537 0.021407058400663238 -0.00311626964665912 -0.0065364433887608493 -0.0011273072548503183 0.001742737100681813 0.0024304660462390036 0.0029646408662831946 -0.0019791558716675014 -0.0011137515826393552 -0.0046990988995215576 0.0012641760746241776 0.001452223449134368 -0.0014011284608130066 -0.0045071563908703925 -0.0013164140781354639 -0.0091508878637696408 -0.0010291522347796471 -0.020537444456700662 -0.0064290753722947699 -0.002480062100434971 0.00031791304009940461 0.0003840263803399802
leaf_weight=89 101 136 84 85 86 89 107 81 127 120 86 82 94 94 111 80 89 108 84 109 99 86 146 126 114 158 86 105 132 83 85 84 129 142 91 154 138 89 87 83 115 81 128 102 88 84 87 135
leaf_count=89 101 136 84 85 86 89 107 81 127 120 86 82 94 94 111 80 89 108 84 109 99 86 146 126 114 158 86 105 132 83 85 84 129 142 91 154 138 89 87 83 115 81 128 102 88 84 87 135
internal_value=0 -0.00113171 -0.00588235 0.00153715 -0.000846883 0.0039267 -0.00110714 0.000571973 0.00094732 -0.00182504 -0.00398162 -0.00104167 -0.00240084 0.00138122 0.00395963 -0.000328515 -0.00468227 -2.58264e-05 0.00388601 -0.000998711 -0.00194903 0.00228495 -0.00357884 -0.0015625 -0.00110132 -8.81834e-05 -0.00171149 0.00273438 -0.00561927 0.0014218 -0.00138242 -0.0010169 0.00218659 -0.00189092 -0.00310034 -0.00196353 0.00101351 -0.00140086 -0.00396341 -0.00771429 -0.00707317 -0.00739645 -0.000817757 -0.00488095 -0.00828571 0.000740132 -0.00154959 0.00238636
internal_weight=0 3909 220 1170 3689 190 3499 1048 1081 2451 652 1799 478 180 321 760 298 967 192 775 666 185 481 335 680 566 408 191 217 210 1717 1597 342 1255 886 712 369 231 409 174 204 168 213 209 174 303 241 219
internal_count=5079 3909 220 1170 3689 190 3499 1048 1081 2451 652 1799 478 180 321 760 298 967 192 775 666 185 481 335 680 566 408 191 217 210 1717 1597 342 1255 886 712 369 231 409 174 204 168 213 209 174 303 241 219
is_linear=0
shrinkage=0.05


Tree=82
num_leaves=49
num_cat=0
split_feature=30 45 7 21 41 33 30 41 48 45 22 49 27 2 6 27 49 7 30 9 8 21 9 46 7 5 7 48 36 6 30 44 2 34 27 12 7 9 14 8 30 19 45 3 45 19 46 19
split_gain=2.32605 2.12356 1.90103 2.03347 1.96286 1.84642 1.79162 1.4324 1.42722 2.31862 1.72134 1.83093 2.12343 1.88254 1.82731 1.74541 2.12741 1.70416 1.65813 1.80867 1.9177 1.76643 1.7205 1.58142 1.57544 1.59311 1.49119 1.46571 1.44005 1.96086 1.45584 1.33194 1.27954 1.24902 1.98539 1.20709 1.95819 1.70266 1.19857 1.16182 1.0674 0.985733 0.859543 0.768789 0.746337 0.745657 0.60115 0.586741
threshold=229.37500000000003 0.43733377705052551 1.898601398601399 1.8718209155815517 3.5000000000000004 1.1250000000000002 258.12500000000006 1.5000000000000002 0.2317110965504732 -0.2270106897347694 75.250000000000014 77.278109242220808 75.687500000000014 657.50000000000011 -3.5142857142857133 83.937500000000014 81.045978389262672 1.0000000180025095e-35 95.625000000000014 0.69157740814501489 1.5939130434782609 0.59014056119318081 0.54364664110870786 0.3484035575467645 0.1086807928913192 1.0000000180025095e-35 0.88111888111888148 0.50805733591868163 34.500000000000007 1.0000000180025095e-35 118.12500000000001 13.250000000000002 717.50000000000011 0.31250000000000006 84.906250000000014 1.5357142857142849 2.6006993006993011 0.89141405653841399 4.5000000000000009 0.10671936758893276 133.12500000000003 2.2053309009830753 0.59868201182722736 37.500000000000007 -0.32614396506100213 1.7111436950146632 -0.39827153806311183 2.0111867291793857
decision_type=2 2 2 2 2 2 2 2 2 2 2 2 2 2 2 2 2 2 2 2 2 2 2 2 2 2 2 2 2 2 2 2 2 2 2 2 2 2 2 2 2 2 2 2 2 2 2 2
left_child=2 5 8 4 35 44 -3 -5 10 26 -1 -12 31 28 -15 16 -16 -17 23 20 21 22 -20 46 39 38 27 45 29 -14 -30 -13 -21 -19 -35 37 41 -4 42 -11 -6 -37 -26 -28 -2 -10 -18 -7
right_child=1 6 3 7 40 47 -8 -9 9 24 11 12 13 14 15 17 18 33 19 32 -22 -23 -24 -25 25 -27 43 -29 30 -31 -32 -33 -34 34 -36 36 -38 -39 -40 -41 -42 -43 -44 -45 -46 -47 -48 -49
leaf_value=-0.0068726075233387796 9.8619287947432363e-05 0.032697776890887868 0.010785402691112661 1.0090170295190548e-05 0.0012112562823656829 -0.00045705748119003256 0.00094797813822233346 -0.0074646781196402532 -0.00032602216132773256 0.0004134800622410614 0.0018442119602188869 -0.0074846545419086537 0.012283165734329554 -0.0032414825574918205 0.0014695554822773266 0.0014277648012973876 -0.00015595657940034591 -0.00093828204731025719 -0.008681440276770952 -0.0020611939693625627 0.0010410081531763622 0.00041266887693949816 -0.00041715021847830102 -0.0030014668565538859 0.00015966372449881529 0.0051080786624259251 -0.0071166148848556994 -0.0008541341287884133 -0.010019121740635871 0.00012725129363783116 0.00087610644553202997 -0.0017073678482046686 -0.01271880349843571 -0.00091701808856445863 0.00099587528603217452 -0.0054961726411574931 0.0015154666288042407 -0.0002697109033563294 -0.001432431258960814 -0.002362534806426243 0.032385740457137713 -0.00013857318336451575 0.0055304249977805647 -0.0023108808905258605 0.0075257688372087411 0.0017078072057188699 0.0016322235741400627 -0.0071466992722492894
leaf_weight=87 103 86 96 111 122 80 138 93 86 86 87 119 102 117 110 127 96 97 116 119 80 93 98 104 93 124 82 148 98 143 100 80 104 82 156 115 157 102 88 140 80 84 95 81 84 87 107 82
leaf_count=87 103 86 96 111 122 80 138 93 86 86 87 119 102 117 110 127 96 97 116 119 80 93 98 104 93 124 82 148 98 143 100 80 104 82 156 115 157 102 88 140 80 84 95 81 84 87 107 82
internal_value=0 0.00265679 -0.000723347 0.0012487 0.00244386 0.000214286 0.00644444 -0.00317073 -0.00125955 0.000225023 -0.00193974 -0.00168022 -0.00195643 -0.00147561 -0.00227131 -0.0017953 -0.00294261 0.00075594 -0.00373094 -0.00523732 -0.00315722 -0.0049513 -0.00744186 -0.000730519 0.00223285 0.00411471 -0.00237113 -0.000388199 0.00140766 0.00396341 -0.00175879 -0.006875 -0.00881696 -0.00111607 0.00083682 0.000900901 -0.000840336 0.0040201 0.00198556 -0.00110132 0.00665025 -0.004125 0.0042328 -0.00625 0.00359043 0.00272989 0.00183824 -0.00368098
internal_weight=0 573 4492 960 756 349 224 204 3532 1110 2422 2335 2248 2049 1606 1489 1027 462 917 610 387 307 214 307 626 400 484 321 443 245 198 199 223 335 238 554 356 198 276 226 202 199 188 163 187 173 203 162
internal_count=5065 573 4492 960 756 349 224 204 3532 1110 2422 2335 2248 2049 1606 1489 1027 462 917 610 387 307 214 307 626 400 484 321 443 245 198 199 223 335 238 554 356 198 276 226 202 199 188 163 187 173 203 162
is_linear=0
shrinkage=0.05


Tree=83
num_leaves=49
num_cat=0
split_feature=50 0 10 42 48 48 50 30 50 45 6 4 9 15 7 27 14 18 46 30 27 17 11 46 37 17 39 49 27 14 50 46 9 9 7 30 21 19 10 27 17 27 48 30 37 17 50 30
split_gain=2.36341 3.26237 1.62012 1.47113 1.35988 1.24938 1.60351 1.47084 1.521 1.64696 1.58009 1.26665 1.61047 1.18446 1.818 1.57888 2.37608 1.54753 2.09566 2.25778 1.65202 1.78724 2.66879 1.73748 1.45434 1.37918 1.32991 1.38415 2.71744 1.29085 2.51775 2.94955 2.44968 1.35744 1.57718 1.30903 1.24102 1.35901 1.21616 1.20456 1.16942 1.53893 1.08964 1.0675 1.06082 1.03067 1.26612 0.624651
threshold=5.312721158191601 78.750000000000014 0.61832221640497564 8.2500000000000018 -1.6903447741613182 -0.81500909974805713 -2.3542440574387409 168.12500000000003 1.456898558397363 0.3744682635859638 1.5701725633984358e-16 4.7500000000000009 1.5931618740211888 78.250000000000014 -1.741258741258741 85.687500000000014 2.5000000000000004 152.50000000000003 0.19969739736768838 98.125000000000014 85.437500000000014 0.81649831649831661 2.7500000000000004 0.98486764554468398 66.500000000000014 0.7947368421052633 1.5000000000000002 81.472986936136792 77.687500000000014 2.5000000000000004 0.90014199671009731 -0.30164489695395946 0.72505959778585805 0.7523853220844654 1.8516483516483522 109.37500000000003 -0.28526878526878358 1.0229616170792644 1.5314345969429468 87.062500000000014 1.1863425925925928 71.187500000000014 -0.032899740843847426 119.37500000000001 23.500000000000004 0.72902097902097907 2.2514411574801163 85.625000000000014
decision_type=2 2 2 2 2 2 2 2 2 2 2 2 2 2 2 2 2 2 2 2 2 2 2 2 2 2 2 2 2 2 2 2 2 2 2 2 2 2 2 2 2 2 2 2 2 2 2 2
left_child=2 -2 -1 -3 -4 7 -7 8 9 10 -6 13 -13 14 -8 16 42 20 19 -19 21 22 36 24 26 -18 27 40 -29 30 32 -32 -30 35 -35 -31 37 -16 -21 44 41 -23 -15 47 -17 46 -38 -20
right_child=1 3 4 -5 5 6 11 -9 -10 -11 -12 12 -14 15 17 39 25 18 43 38 -22 23 -24 -25 -26 -27 -28 28 29 33 31 -33 -34 34 -36 -37 45 -39 -40 -41 -42 -43 -44 -45 -46 -47 -48 -49
leaf_value=-0.0075531568714172327 0.037206321859325313 -0.014887236150921952 0.0050385378701653331 0.1476343563279493 0.001544920904698573 -0.0038970635254190855 0.00096100548366594087 0.00070472808231283055 -0.011041036990829955 -0.0024671376938703578 -0.0010390518243567073 -0.0025405911917202877 0.00016424969357395222 -0.00079831307040585393 0.0025579135781866724 0.0011794366162885097 0.0010614476858901046 0.0027418549406670826 -0.0051015168386400519 -0.0032257007484246761 0.0018443241679605927 -0.01436342209921785 -0.0031780462871279116 -0.004245073805731199 -0.0059080314362428554 -0.00068006155643930428 0.0032039224237441159 -0.0064488241909132831 0.0016147563198833786 -0.0036836644409276118 0.027816881284714958 -0.00046236431460791041 -0.0042535133360508629 0.0044405834670640998 -0.0070759568459604853 -8.1924241902819889e-05 0.00058496013842481158 -0.00095998694768852923 0.0017110805456660605 -0.00064865806363170742 0.0058535353658556669 0.0011152276046198035 -0.0050902980964863346 -0.0012089643235227766 3.2874517860648214e-05 0.0067332224998844729 0.021035241193118712 -0.0083178817658545786
leaf_weight=107 127 86 99 86 80 82 119 138 97 118 80 86 93 103 108 85 118 100 81 85 105 82 135 88 93 90 113 98 96 99 89 82 98 102 87 87 159 149 82 86 153 159 137 131 137 104 82 82
leaf_count=107 127 86 99 86 80 82 119 138 97 118 80 86 93 103 108 85 118 100 81 85 105 82 135 88 93 90 113 98 96 99 89 82 98 102 87 87 159 149 82 86 153 159 137 131 137 104 82 82
internal_value=0 0.00391667 -0.000658307 -0.000578035 -0.000518384 -0.000644245 -0.000350467 -0.00296693 -0.00458777 -0.00268817 0.000621118 -0.000207078 -0.00430556 -1.31406e-05 0.000426369 -0.00178336 -0.00367483 0.000179181 -0.00217972 0.00102612 0.000738708 0.000452739 0.0024729 -0.000523903 -0.000104239 0.000239234 0.00031575 -0.000162206 -0.00131108 -0.000269906 0.00184426 0.00625 -0.00205128 -0.00232713 0.000657895 -0.00534759 0.00389718 0.00125969 -0.00252976 0.000970874 0.00227848 0.000103306 -0.00705394 -0.00508475 0.0029148 0.0058526 0.00402893 -0.00777439
internal_weight=0 299 4784 172 4677 4578 4065 513 375 278 160 3983 179 3804 3048 756 448 2929 561 267 2368 2263 737 1526 1438 208 1345 1232 838 740 365 171 194 375 189 186 602 257 167 308 394 241 240 294 222 345 241 163
internal_count=5083 299 4784 172 4677 4578 4065 513 375 278 160 3983 179 3804 3048 756 448 2929 561 267 2368 2263 737 1526 1438 208 1345 1232 838 740 365 171 194 375 189 186 602 257 167 308 394 241 240 294 222 345 241 163
is_linear=0
shrinkage=0.05


Tree=84
num_leaves=49
num_cat=0
split_feature=28 32 37 3 37 0 30 3 10 44 37 50 42 10 50 14 10 30 46 46 30 40 10 37 30 45 37 50 46 40 49 7 28 2 30 49 30 30 45 45 10 10 20 35 50 14 7 45
split_gain=1.64872 1.43678 1.63976 4.19354 2.82786 1.01444 1.58209 1.36546 2.4573 1.19993 2.30556 1.61489 2.22888 1.52886 1.673 1.14525 3.70418 3.31639 1.5082 2.1275 1.9854 1.68971 1.89738 1.64638 1.58336 1.47125 1.91727 3.27431 2.08006 1.97553 1.71543 2.64215 1.72024 1.61144 1.55777 2.63351 1.47981 1.70491 1.33045 1.28664 1.26206 1.23413 1.08906 0.85409 0.809861 0.680269 0.677453 0.596818
threshold=41.812500000000007 5.5000000000000009 73.500000000000014 52.500000000000007 68.500000000000014 66.750000000000014 224.37500000000003 27.500000000000004 1.5544390785095004 15.500000000000002 15.500000000000002 -1.664245572822814 -1.2499999999999998 1.8811110367658916 0.62303862065915905 7.5000000000000009 1.3606855127386981 98.125000000000014 0.78724360164103002 0.86004965528756494 127.81250000000001 65.500000000000014 1.1862892563345437 15.500000000000002 153.12500000000003 0.99053107487289871 13.500000000000002 0.31956280847965962 -0.23537842981696178 40.500000000000007 83.530779440474461 0.34965034965034975 72.312500000000014 732.50000000000011 120.62500000000001 90.808289872847141 110.62500000000003 80.625000000000028 -0.18492532721306487 -0.62588817255938378 1.2648804805928566 1.6867993806478929 -0.79166350890488812 11.250000000000002 1.9871468931863421 1.5000000000000002 0.92517482517482541 0.39036257410962044
decision_type=2 2 2 2 2 2 2 2 2 2 2 2 2 2 2 2 2 2 2 2 2 2 2 2 2 2 2 2 2 2 2 2 2 2 2 2 2 2 2 2 2 2 2 2 2 2 2 2
left_child=-1 43 4 -4 5 -3 9 47 -9 11 13 -7 -13 14 -11 18 17 -17 21 -20 23 24 -23 -21 25 26 27 -14 29 -28 -30 -32 -33 36 35 40 37 -29 39 -24 -31 46 -18 -2 -44 -15 -26 -8
right_child=1 2 3 -5 -6 6 7 8 -10 10 -12 12 15 45 -16 16 42 -19 19 20 -22 22 38 -25 41 -27 28 33 30 34 31 32 -34 -35 -36 -37 -38 -39 -40 -41 -42 -43 44 -45 -46 -47 -48 -49
leaf_value=0.010897156693853561 -0.0001132846118357687 -0.0099736269452039179 0.0080933396112686361 -0.00084203333620467614 -0.0085785888375596048 -0.002247721031079699 -0.007267542288319568 -0.00077823382000152992 0.016222738987519893 9.3626653525969494e-05 -0.010029687081239051 0.0015649380590638787 -0.0088331830154068074 -0.00067300965815164648 -0.0078995078129215687 0.0082156378283811844 -0.0038436619231467361 0.00025255674171850939 -0.011475755948981533 -0.001796751518976303 -0.005363553456028531 -0.0027378841422482261 -0.0016247601835609139 0.0034484594415120245 0.012112280810749922 0.0020897038997494065 0.0023999947993404019 -0.00076297858917708796 0.0014171109964235689 0.0013559668987050246 -0.0050260121371178803 -0.0033494943100104259 0.0021894992708715532 0.0010948814230724746 0.0017301832491392749 -0.0010026498227531434 -0.0030752792166015733 0.00087974447682573071 -0.0013950312039895385 0.0057656007261920363 -0.00012503155329267603 -0.0017977877271836307 -0.00044582489078984211 -0.0057566369576684479 0.0044589078977266159 0.012400413511440073 0.011111010058968902 0.012569610061919338
leaf_weight=96 80 90 111 153 104 102 84 100 127 99 93 109 123 95 89 140 90 150 86 153 100 132 104 82 91 97 120 121 97 111 102 83 83 89 108 83 102 158 115 86 85 94 128 85 97 89 83 80
leaf_count=96 80 90 111 153 104 102 84 100 127 99 93 109 123 95 89 140 90 150 86 153 100 132 104 82 91 97 120 121 97 111 102 83 83 89 108 83 102 158 115 86 85 94 128 85 97 89 83 80
internal_value=0 -0.000396268 -0.000238639 0.00358491 -0.000461032 -0.000269602 -0.000160514 0.0028699 0.00537281 -0.000459698 -0.00284335 -0.000142653 4.40788e-05 -0.00107239 -0.0042328 -0.000189739 0.00177393 0.00584192 -0.000632205 -0.00337678 -0.0015625 -0.000121252 -0.00291096 0.00095339 0.00054615 -6.39795e-05 -0.000460437 -0.00265152 0.00103093 0.00310039 -0.00184426 -0.00390335 0 -0.0007431 0.00135309 -0.000625 -0.00215969 -0.000267857 -0.000735294 0.00183246 0.00253807 0.00408922 -0.00197785 -0.00496988 -0.000110619 0.00216216 0.00657143 -0.000606061
internal_weight=0 4983 4818 264 4554 4450 4360 391 227 3969 465 3504 3402 372 188 3293 605 290 2688 421 335 2267 437 235 1830 1562 1465 593 872 507 365 268 166 470 387 279 381 279 305 190 196 268 315 165 225 184 174 164
internal_count=5079 4983 4818 264 4554 4450 4360 391 227 3969 465 3504 3402 372 188 3293 605 290 2688 421 335 2267 437 235 1830 1562 1465 593 872 507 365 268 166 470 387 279 381 279 305 190 196 268 315 165 225 184 174 164
is_linear=0
shrinkage=0.05


Tree=85
num_leaves=48
num_cat=0
split_feature=31 37 49 42 20 9 9 47 21 9 16 29 4 12 20 13 22 22 36 50 14 37 20 17 42 47 9 9 49 28 50 29 13 22 35 21 29 9 45 28 20 2 9 10 20 0 9
split_gain=1.7682 1.36805 3.4338 1.34647 1.85794 2.27646 2.97541 1.50326 2.35317 1.43234 2.07204 1.38691 2.38929 1.90202 1.79904 1.79081 1.61224 1.65387 1.93865 1.68586 1.51028 1.37311 1.51153 1.2712 1.49922 1.25687 1.39789 2.75407 2.26697 1.65021 1.45918 1.23706 1.43303 1.20591 1.16726 1.13073 1.11436 1.0878 1.59188 1.0706 1.03238 1.40574 1.00354 0.961351 0.722091 0.711846 0.672205
threshold=3.5000000000000004 5.5000000000000009 79.715360913643423 2.2500000000000004 0.60036630036630056 0.49741679636596131 0.79591616726460612 8.5000000000000018 1.7368198476127292 0.5779460905347642 10.500000000000002 6.6875000000000009 1.0000000180025095e-35 4.4418604651162825 1.8692886061307115 30.500000000000004 91.750000000000014 89.750000000000014 9.5000000000000018 -0.28180103284439179 2.5000000000000004 10.500000000000002 1.6359158083296015 1.1791443850267382 1.7500000000000002 9.5000000000000018 0.63660201852143727 0.49145229857413525 89.170808947947265 70.562500000000014 0.80658779509496992 6.2916750000000006 22.500000000000004 88.250000000000014 6.2500000000000009 0.75029334471996389 6.6875000000000009 0.7523853220844654 0.43733377705052551 66.187500000000014 1.4736842105263162 707.50000000000011 0.5779460905347642 1.2544668640371113 1.0990450725744847 83.250000000000014 0.7523853220844654
decision_type=2 2 2 2 2 2 2 2 2 2 2 2 2 2 2 2 2 2 2 2 2 2 2 2 2 2 2 2 2 2 2 2 2 2 2 2 2 2 2 2 2 2 2 2 2 2 2
left_child=-1 2 37 11 5 -5 -7 8 9 -6 -11 12 14 15 -3 23 17 18 -14 -20 -17 -22 46 24 25 26 27 -13 30 -29 39 -4 -33 -21 -27 -30 -9 42 -39 -28 41 -34 -2 -41 -19 -15 -23
right_child=1 3 31 4 7 6 -8 36 -10 10 -12 13 16 45 -16 20 -18 44 19 33 21 22 -24 -25 -26 34 28 29 35 -31 -32 32 40 -35 -36 -37 -38 38 -40 43 -42 -43 -44 -45 -46 -47 -48
leaf_value=-0.0038868630977663904 0.0021059422090816625 0.012963150559838477 0.00048691819203672271 0.012038258122259449 0.023695766560765597 -0.015445322317748832 0.0013142603180503597 0.011232064769339795 -0.0045674443396498182 0.0014788504753476706 0.023628222795665323 -0.00047133976760162515 -0.0062080166107248381 0.00046588711819509901 -0.00067277562977043905 0.0032875463284157956 0.0012781444791987728 -0.0020604784887297261 0.0019778288325505607 -0.0067165253482987649 0.0011450240291740188 -0.00051078228583613318 -0.0015117425733526732 0.0015279722943602914 -0.0019274503815808421 0.0015223461672204286 -0.0042505104893978598 -5.1595115103264535e-05 -0.00065126761835736517 0.0018340503700554568 0.0031316342088982211 -0.00021723810369018507 -0.0028500455059661018 0.00088540257436717142 -0.00086798119854635783 -0.0026020807364182334 -0.003230184091753319 0.0087590027742704309 -0.0012463434408809815 -0.0031648440998858513 -0.0012598561020757571 -0.017335949473530159 -0.0043078293119508393 0.0011939632277236157 -0.013481007955946745 0.0025872147902715804 0.0012785816868533066
leaf_weight=137 105 109 82 147 84 139 106 82 81 149 135 106 107 90 85 107 90 120 100 90 116 100 84 91 149 157 90 105 109 107 93 100 124 82 102 96 120 102 91 86 80 81 133 117 89 83 106
leaf_count=137 105 109 82 147 84 139 106 82 81 149 135 106 107 90 85 107 90 120 100 90 116 100 84 91 149 157 90 105 109 107 93 100 124 82 102 96 120 102 91 86 80 81 133 117 89 83 106
internal_value=0 -0.000239405 -0.00200222 0.00015586 0.00170019 -0.00101781 -0.00396341 0.00333589 0.00494444 0.00663957 0.00491228 -0.000387597 -0.00206186 0.000310263 0.00282051 -0.00014308 -0.00346097 -0.00441426 -0.00243421 -0.00018315 0.00238327 0.000982801 -0.000859107 -0.00106458 -0.00146055 -0.000855432 -0.00173077 0.000940439 -0.00316723 0.00422535 -0.000904393 -0.00496795 -0.00615285 -0.00317919 0.00221154 -0.00740291 -0.000246305 0.00121528 0.00399485 -0.00263605 -0.00795455 -0.0098301 -0.00104603 -0.000612745 -0.00797619 0.00531609 0.00144928
internal_weight=0 4907 898 4009 1043 392 245 651 449 368 284 2966 872 2094 194 1921 678 588 379 272 513 406 290 1408 1317 1168 909 318 591 212 386 467 385 172 259 205 202 431 193 293 285 205 238 203 209 173 206
internal_count=5044 4907 898 4009 1043 392 245 651 449 368 284 2966 872 2094 194 1921 678 588 379 272 513 406 290 1408 1317 1168 909 318 591 212 386 467 385 172 259 205 202 431 193 293 285 205 238 203 209 173 206
is_linear=0
shrinkage=0.05


Tree=86
num_leaves=48
num_cat=0
split_feature=2 29 18 17 48 8 31 35 45 48 37 44 2 18 3 48 5 46 33 28 28 21 44 10 33 21 18 40 2 20 3 2 29 34 3 8 27 29 29 48 10 34 46 48 50 3 13
split_gain=1.69427 2.73983 2.50094 1.95494 1.79217 1.76523 1.92237 1.84997 1.8366 2.52031 2.1737 1.50592 1.62945 1.67843 1.78293 2.07451 2.05458 1.54892 2.02956 1.51801 1.43011 1.41673 1.38099 1.41816 1.34691 1.32735 1.29647 1.2852 1.23141 2.18947 1.8337 1.23 1.30314 1.99995 2.20181 1.19912 1.19627 1.15987 1.15813 1.12394 1.38272 1.0884 1.00605 0.955954 0.867508 0.804486 0.402723
threshold=617.50000000000011 6.1666750000000006 137.50000000000003 0.96424010217113676 -0.11647019689047321 2.6739130434782612 5.5000000000000009 8.7500000000000018 -0.35846811432664222 -0.10508047667762555 6.5000000000000009 12.500000000000002 642.50000000000011 77.500000000000014 37.500000000000007 0.6036094100070265 -1.0000000180025095e-35 0.29958852271690523 0.31250000000000006 61.687500000000007 74.437500000000014 0.66499723516986375 7.2500000000000009 1.0686314721265771 0.54164999999999719 0.040403287367297487 142.50000000000003 2.5000000000000004 722.50000000000011 1.3366982442844513 42.500000000000007 732.50000000000011 11.687500000000002 0.31250000000000006 62.500000000000007 1.389130434782609 80.562500000000014 7.8125000000000009 7.4285750000000013 0.29603913408955312 1.4018062483443783 1.1250000000000002 -0.78324956448884031 -0.11100550028753102 1.0156844530177269 427.50000000000006 27.500000000000004
decision_type=2 2 2 2 2 2 2 2 2 2 2 2 2 2 2 2 2 2 2 2 2 2 2 2 2 2 2 2 2 2 2 2 2 2 2 2 2 2 2 2 2 2 2 2 2 2 2
left_child=1 -1 4 11 45 6 -5 28 25 27 -11 12 21 20 15 17 43 18 -15 -13 31 -2 -18 24 -24 -9 36 -10 30 -30 -8 32 33 -14 38 -21 -25 -19 -35 40 -32 42 -20 -16 -7 -3 -31
right_child=3 2 -4 5 -6 44 7 8 9 10 -12 19 13 14 16 -17 22 37 41 35 -22 -23 23 26 -26 -27 -28 -29 29 46 39 -33 -34 34 -36 -37 -38 -39 -40 -41 -42 -43 -44 -45 -46 -47 -48
leaf_value=0.021006259286102669 0.011729988243095159 -0.00084288039254417323 -0.010272549970434723 -0.006964965392168199 -0.0048631060980996801 -0.00018818649885337104 0.0023094057315001422 0.00078453964046639184 0.0026324645844211709 0.00035567968954660105 0.012670821009595956 -2.211990951965226e-05 -0.00042610821582567127 -0.00089178554510672698 -0.0052762923663595696 0.003786222902322345 0.0029379543618441779 0.00025221262982608742 8.8612481546812569e-05 0.0029323278995388546 -0.0019094353543961139 0.00010333261057242352 -0.0018030723807041515 -0.0057281616287126139 0.002029522445520196 -0.0034521391610648072 -0.0017588685240628511 -0.0047085807081957091 -0.010193710959601131 0.0011769776353082713 -0.00029666198828095749 -0.00089078203545357986 0.0014882946474529758 0.015463680074755161 6.6270272453800014e-05 0.0026745976414289611 0.00011195450503986571 -0.0071983583419203594 0.00090784044403247619 0.00041193981203738466 -0.0072293786192541218 -0.00018913534123057298 0.0024571403443069519 -0.00099360089703931661 0.017649949411359667 0.0016522779088718603 -0.0025940138557854486
leaf_weight=99 86 86 140 127 147 81 133 123 80 85 129 104 114 119 91 106 106 99 82 102 106 82 100 84 108 152 107 95 114 82 91 120 119 85 155 85 132 132 103 84 94 123 143 90 96 81 87
leaf_count=99 86 86 140 127 147 81 133 123 80 85 129 104 114 119 91 106 106 99 82 102 106 82 100 84 108 152 107 95 114 82 91 120 119 85 155 85 132 132 103 84 94 123 143 90 96 81 87
internal_value=0 -0.00275271 -0.0043956 0.000176328 -0.00190476 -0.00119407 -0.00176032 -0.0012037 0.000676692 0.00288462 0.00651163 0.000962205 0.000578481 0.000247423 -0.000677757 0.000993789 -0.0023199 0 0.00165598 0.00436644 0.00211706 0.00532544 -0.000979624 -0.00202068 0.00119617 -0.00244565 -0.00408951 -0.0015625 -0.00302478 -0.00554577 -0.00124069 0.00294118 0.00389948 0.00267467 0.00457849 0.00704787 -0.00184332 -0.00334052 0.00820106 -0.00361111 -0.00577957 0.00358166 0.00564159 -0.00700549 0.00351124 0.0016369 -0.00191176
internal_weight=0 553 454 4536 314 1653 1476 1349 664 389 214 2883 2592 2424 1622 804 818 698 467 291 802 168 637 531 208 275 323 175 685 283 402 696 576 457 343 187 216 231 188 269 185 348 225 181 177 167 169
internal_count=5089 553 454 4536 314 1653 1476 1349 664 389 214 2883 2592 2424 1622 804 818 698 467 291 802 168 637 531 208 275 323 175 685 283 402 696 576 457 343 187 216 231 188 269 185 348 225 181 177 167 169
is_linear=0
shrinkage=0.05


Tree=87
num_leaves=47
num_cat=0
split_feature=46 36 28 29 4 28 14 30 8 35 17 21 37 16 10 18 35 33 50 33 10 34 14 21 30 10 30 18 21 36 4 20 18 8 2 20 21 33 20 7 7 9 8 37 30 28
split_gain=2.15991 1.8673 2.90972 2.37194 1.93636 2.29381 2.09933 2.25233 1.80563 1.61867 1.72213 1.74443 1.44912 1.44508 1.44278 1.37376 1.6717 1.962 1.50709 1.36732 1.34246 1.34828 2.07717 1.54707 1.37983 1.27672 1.23985 1.21177 2.29061 1.71835 1.32212 1.63685 2.46583 1.47136 1.53059 2.24811 1.06551 1.4434 1.05933 1.05583 1.63594 1.04133 1.023 0.935458 0.905139 0.468536
threshold=0.99855310097228334 5.5000000000000009 66.937500000000014 8.1875000000000018 3.2500000000000004 73.062500000000014 7.5000000000000009 102.81250000000001 0.35739130434782618 78.750000000000014 0.94281045751633996 1.4264005602240888 11.500000000000002 11.250000000000002 1.5364651941646761 67.500000000000014 3.035699999999999 0.54164999999999719 1.3768084538462804 0.54164999999999719 1.1747840228653843 1.3750000000000002 1.5000000000000002 0.7118675444614696 90.625000000000014 1.607532977863906 114.06250000000003 157.50000000000003 -0.71335187800703881 36.500000000000007 0.62500000000000011 -0.72692307692307667 42.500000000000007 2.0165217391304355 737.50000000000011 0.50968240964142841 1.0123808910573617 0.31250000000000006 1.4736842105263162 1.573426573426574 -0.25174825174825155 0.6860595800775261 0.73687370600414093 46.500000000000007 106.87500000000001 72.687500000000014
decision_type=2 2 2 2 2 2 2 2 2 2 2 2 2 2 2 2 2 2 2 2 2 2 2 2 2 2 2 2 2 2 2 2 2 2 2 2 2 2 2 2 2 2 2 2 2 2
left_child=1 9 3 26 6 -6 12 45 -5 10 11 13 -4 15 -9 -1 18 -18 -17 -10 -12 23 -23 24 -22 -15 -3 30 -29 -30 33 32 -32 34 35 -14 37 -37 -24 40 -33 -28 -42 -39 -19 -8
right_child=-2 2 4 8 5 -7 7 14 19 -11 20 -13 27 25 -16 16 17 44 -20 -21 21 22 38 -25 -26 -27 41 28 29 -31 31 39 -34 -35 -36 36 -38 43 -40 -41 42 -43 -44 -45 -46 -47
leaf_value=0.002188375030816145 -0.0025692988290535903 -0.0020361893298251527 -0.0020095414820834822 -0.00064304778527733589 -0.0023821609435113445 0.0002437345859164497 0.0027949635256592268 0.00078357728228063976 -0.016547688993558973 0.017604846542535871 -0.0056360920713686598 0.0056319490226810435 -0.00049095892139845449 0.00076830036539226763 -0.0058500380795979195 0.0015449099668836731 0.00059703974263804194 -0.010503957225558878 -0.00017967857416903988 -0.0032600681072313177 0.0093500123385307742 -0.0042033449942081805 -0.0019194997164157616 -0.0023371218316845968 0.0003607639376013272 0.019860905328973721 -0.00077735696629335218 -0.0014507741420778709 0.001601326530346836 -0.0073293201372874872 -0.0030819910502920844 -0.0039898162172372856 0.0028582752963375903 0.0031907840990478553 -0.0058849621190571804 0.0046413841249553448 0.0030977855615723668 -0.00052590386041212467 0.0035049620495756664 -0.012241456620413489 -0.00089561093198180512 0.0068525594616221687 0.001191462050684733 0.00077234893679490886 -0.0011587730978043331 0.0093109521618163389
leaf_weight=122 82 93 136 101 122 129 88 123 102 108 153 99 114 119 83 119 120 82 131 142 89 123 92 82 132 90 80 89 112 89 84 127 80 154 138 90 140 116 83 109 102 80 145 105 81 86
leaf_count=122 82 93 136 101 122 129 88 123 102 108 153 99 114 119 83 119 120 82 131 142 89 123 92 82 132 90 80 89 112 89 84 127 80 154 138 90 140 116 83 109 102 80 145 105 81 86
internal_value=0 -0.000300903 -0.00103639 -0.00417362 -0.000302498 -0.00446429 0.00015145 0.00354331 -0.00686416 0.00097207 0.000596624 0.00199689 -0.000517866 0.00127168 0 0.000114329 -0.000983146 -0.00360915 0.00199203 -0.00918367 -0.00119205 -0.000124585 -0.00250836 0.00222039 0.00439189 0.00488095 -0.000492126 -0.000139276 -0.00309278 -0.000123762 0.000431894 -0.00127315 0.0030303 0.00171911 0.000745739 0.00189929 0.00348451 0.00184295 0.000994318 -0.0027376 -0.00146667 0.00217391 0.000907258 -0.000337838 -0.00716463 0.00771429
internal_weight=0 4984 3159 598 2561 251 2310 380 345 1825 1717 963 1930 864 206 655 533 283 250 244 754 601 298 303 221 209 253 1794 290 201 1504 647 164 857 703 565 451 311 175 483 374 160 247 221 163 174
internal_count=5066 4984 3159 598 2561 251 2310 380 345 1825 1717 963 1930 864 206 655 533 283 250 244 754 601 298 303 221 209 253 1794 290 201 1504 647 164 857 703 565 451 311 175 483 374 160 247 221 163 174
is_linear=0
shrinkage=0.05


Tree=88
num_leaves=47
num_cat=0
split_feature=38 10 46 37 15 42 17 27 45 13 36 6 48 9 28 49 49 45 42 19 7 49 9 9 21 8 23 48 34 48 46 46 28 34 28 21 45 27 37 21 28 10 10 2 28 19
split_gain=1.46218 2.78786 1.46893 2.7802 1.68987 1.65904 1.655 1.43879 1.58773 2.05787 1.43662 2.01871 1.86573 1.5349 1.42439 2.20371 1.64164 1.27758 1.51151 1.75844 1.4755 2.12102 1.63707 1.48229 1.34031 1.36339 1.87329 1.15694 1.14016 1.08499 1.07184 2.09379 1.3178 1.15627 1.1361 1.24662 3.16647 2.92559 1.94728 1.67689 1.17895 0.991561 0.907257 0.839133 0.80375 0.657585
threshold=3.5000000000000004 1.4378852437763541 0.28313308994381592 76.500000000000014 49.500000000000007 4.2500000000000009 0.6478537360890303 81.437500000000014 -0.62588817255938378 31.500000000000004 38.500000000000007 2.2285714285714291 -0.20454104299082257 0.94830131838518172 59.937500000000007 83.990940465155361 85.033554027465982 -0.37447345805034543 -0.74999999999999989 2.1883258582025191 2.454545454545455 73.04950192024063 0.90664760594127003 0.7523853220844654 -0.053162992060940432 1.2062548806623024 80.250000000000014 -0.19843680242218262 2.1250000000000004 -0.091716727152893224 0.097680735332368748 -0.26037106507032781 70.687500000000014 1.3750000000000002 74.187500000000014 1.0000000180025095e-35 0.39036257410962044 83.937500000000014 22.500000000000004 -1.0943802923323458 72.812500000000014 1.1625251396116749 1.3477221800598247 712.50000000000011 72.406250000000014 1.4650422124106335
decision_type=2 2 2 2 2 2 2 2 2 2 2 2 2 2 2 2 2 2 2 2 2 2 2 2 2 2 2 2 2 2 2 2 2 2 2 2 2 2 2 2 2 2 2 2 2 2
left_child=2 -2 3 5 -4 10 -7 8 9 29 14 12 42 -13 -1 45 -17 41 19 -19 21 -20 23 24 27 26 -26 -23 30 -6 31 33 -33 34 35 37 38 -18 -37 -39 -40 -10 -12 -14 -35 -16
right_child=1 -3 4 -5 7 6 -8 -9 17 -11 11 13 43 -15 15 16 28 18 20 -21 -22 22 -24 -25 25 -27 -28 -29 -30 -31 -32 32 -34 44 -36 36 -38 39 40 -41 -42 -43 -44 -45 -46 -47
leaf_value=-0.001374433811990783 -0.01161409507247327 0.00043759899217192533 0.013332362015789974 0.0028538747316130559 0.0061177303306485719 0.0060653802307719003 0.040377975922630871 -0.0041711844715151469 -0.00053729828756122154 -0.0012752899307943927 -0.0029981063674375586 0.0021763353000216925 -0.0018009721255711369 -0.00090654598479918006 0.00084326167030849837 -0.0010580073165347703 -0.00038302703970859446 0.001231848789709664 -0.014267029486457489 -0.0008467646714803408 0.0061962513878811385 -0.00070240427914397639 -0.0042340912498491151 0.0020666929925230895 -0.0030630899191011031 -0.0064775907656530081 0.0049960809835578913 -0.0076449306125656955 0.0044482295825781617 0.00087413409217672452 0.0014258996346484894 -0.0038873719409232735 -0.00041211192546658504 0.00025715057865094573 -0.00052135443625435656 -0.0027501782432793999 0.0028858528805197851 0.0001836706465959459 -0.0012424058500819513 0.0027141459922464251 0.0017571099737988816 -0.0079614355078540186 -0.009303446794697889 0.00080322072943079441 0.0027880959201231239 0.0060923900855748064
leaf_weight=143 157 114 84 80 106 140 92 127 92 114 80 113 148 80 81 83 115 96 100 132 120 107 89 145 95 91 140 123 128 135 100 86 117 80 148 85 131 82 81 110 85 137 81 103 84 111
leaf_count=143 157 114 84 80 106 140 92 127 92 114 80 113 148 80 81 83 115 96 100 132 120 107 89 145 95 91 140 123 128 135 100 86 117 80 148 85 131 82 81 110 85 137 81 103 84 111
internal_value=0 -0.00376838 0 0.000749639 -0.00102016 0.00047433 0.00450644 -0.00132051 -0.000959956 0.00203652 9.16124e-05 -0.00202145 -0.00399516 0.00219072 0.00078336 0.0011856 0.000544195 -0.00168597 -0.00104923 0.00262009 -0.00187933 -0.00258137 -0.0017067 -0.000890313 -0.00206463 0 0.00201271 -0.00497835 0.00094208 0.00464876 0.000498084 8.29876e-05 -0.00453431 0.00102295 0.000268496 0.00112319 -0.00078329 0.00349026 -0.00406746 0.00725389 -0.000898204 -0.0051087 -0.00817901 -0.00128968 0.00484848 0.00621762
internal_weight=0 271 4800 2767 2033 2687 232 1949 1822 355 2455 605 412 193 1850 1707 1515 1467 1238 228 1010 890 790 701 556 326 235 230 1432 241 1304 1204 203 1001 837 689 382 307 251 192 166 229 161 251 164 192
internal_count=5071 271 4800 2767 2033 2687 232 1949 1822 355 2455 605 412 193 1850 1707 1515 1467 1238 228 1010 890 790 701 556 326 235 230 1432 241 1304 1204 203 1001 837 689 382 307 251 192 166 229 161 251 164 192
is_linear=0
shrinkage=0.05


Tree=89
num_leaves=47
num_cat=0
split_feature=2 50 4 50 30 18 2 30 0 20 31 36 40 9 10 30 9 7 8 34 8 30 49 6 1 13 30 30 44 18 20 35 29 10 8 19 35 29 8 2 34 9 13 10 9 30
split_gain=1.96027 1.57586 1.92533 1.41679 1.41792 2.64942 2.06967 1.97857 2.87161 2.53941 2.32671 2.29538 1.95001 1.83823 2.17713 1.79406 1.73389 1.82291 2.27527 2.63938 1.76916 1.59348 1.50416 1.64379 1.47425 1.46007 1.45718 1.45606 1.3811 1.34037 1.48106 1.20279 1.32326 1.15855 1.6089 1.09407 1.03171 1.02385 1.09846 1.01063 1.12956 0.981055 0.95974 0.920316 1.78756 0.717409
threshold=552.50000000000011 7.6202774523760448 0.62500000000000011 5.312721158191601 105.62500000000001 172.50000000000003 682.50000000000011 159.37500000000006 83.250000000000014 2.5289915966386554 5.5000000000000009 59.500000000000007 59.500000000000007 0.5779460905347642 1.422238336488316 231.87500000000003 0.59729898806299719 2.6006993006993011 0.88434782608695672 1.5625000000000002 1.233913043478261 69.375000000000028 83.771580444413658 0.68571428571428628 84.500000000000014 30.500000000000004 93.125000000000028 83.958325000000016 9.2500000000000018 97.500000000000014 1.2880654123997781 11.250000000000002 6.9375000000000009 1.3702920998562937 0.10671936758893276 1.5192076183001777 6.2500000000000009 7.9375000000000009 0.63913043478260889 732.50000000000011 1.3750000000000002 1.1102328050700525 27.500000000000004 1.8634477825746456 0.74119186184500963 85.625000000000014
decision_type=2 2 2 2 2 2 2 2 2 2 2 2 2 2 2 2 2 2 2 2 2 2 2 2 2 2 2 2 2 2 2 2 2 2 2 2 2 2 2 2 2 2 2 2 2 2
left_child=1 2 -1 4 5 6 12 11 15 10 -10 13 26 14 37 29 20 18 19 25 35 -20 23 -15 -24 -18 33 -23 -26 -9 -31 32 -30 34 -2 -8 -29 -6 -39 40 -17 -19 -33 44 -12 -7
right_child=3 -3 -4 -5 7 45 16 8 9 -11 43 -13 -14 22 -16 39 17 41 21 -21 -22 27 24 -25 28 -27 -28 36 31 30 -32 42 -34 -35 -36 -37 -38 38 -40 -41 -42 -43 -44 -45 -46 -47
leaf_value=-0.036887373368026992 -8.3128011114130823e-05 0.01494944418757508 -0.0014000039416092232 0.022097999170994889 -0.0062532271257483398 0.0027016638252353592 0.00016656933155549116 -0.0049281163151118704 -0.0065054292510276614 -0.0027883020710938624 0.018763065227896725 0.00095831960659877491 -0.00070254927018570325 0.0029410421025137853 0.00017199573793076628 0.0039285498605879376 -6.1160804397469853e-06 0.0023199113619607136 -0.00067633301594033357 -0.0039015703749200148 0.0046006115439513355 -0.010754899173241699 -0.0097317056720703874 -0.0010665455379994416 0.00063407106801222643 0.0030810506245697367 0.0093711125078393409 -0.00030351203628437018 -0.01118842803891301 0.0025643916644874144 -0.0042583936910259084 0.00087531278209909973 -0.00011824893968992445 -0.0021749075885068802 0.0040812727431141452 -0.0017459082031733297 -0.0044842715221781295 -0.004922225313613672 -0.00026394965142972904 -0.0022691969435731487 -0.00011464271202698551 -3.8673085297330492e-05 -0.0020814713177226165 0.026785702504453959 0.00033145154111078326 0.00052879617420798224
leaf_weight=84 98 110 147 137 124 94 80 110 81 110 136 92 92 138 112 87 150 91 151 87 134 110 100 155 120 89 129 129 116 91 85 122 105 85 119 83 95 89 91 95 114 88 103 87 131 92
leaf_count=84 98 110 147 137 124 94 80 110 81 110 136 92 92 138 112 87 150 91 151 87 134 110 100 155 120 89 129 129 116 91 85 122 105 85 119 83 95 89 91 95 114 88 103 87 131 92
internal_value=0 -0.00402047 -0.00635776 -0.000100465 -0.00025049 0.000751127 0.000165654 -0.00102119 0.000554078 0.00315934 0.00487385 -0.00223093 0.00281489 -0.00274346 -0.00551559 -0.00188679 -0.000912267 -0.00191726 -0.00292488 0.00030581 0.00243289 -0.00509259 -0.00153646 0.00144558 -0.00284858 0.00302083 0.00422454 -0.00701493 -0.00185185 -0.00470383 -0.0019774 -0.00313199 -0.00574324 0.00231023 0.00424312 -0.00106707 -0.00466667 -0.00770492 -0.00524862 0.000841751 0.00284653 0.00263889 -0.000553097 0.00661972 0.0051306 0.00641711
internal_weight=0 341 231 4727 4590 1996 1810 2594 1127 545 435 1467 523 1375 416 582 1287 990 811 326 297 485 959 293 666 239 431 334 566 286 176 446 221 302 217 163 224 304 180 296 201 179 225 354 267 186
internal_count=5068 341 231 4727 4590 1996 1810 2594 1127 545 435 1467 523 1375 416 582 1287 990 811 326 297 485 959 293 666 239 431 334 566 286 176 446 221 302 217 163 224 304 180 296 201 179 225 354 267 186
is_linear=0
shrinkage=0.05


Tree=90
num_leaves=48
num_cat=0
split_feature=31 42 34 19 19 8 22 29 7 9 42 25 47 17 46 35 48 19 10 7 46 10 10 2 1 8 19 14 7 21 49 14 6 17 3 27 42 42 19 19 48 2 19 33 14 33 21
split_gain=2.0371 1.43531 1.22069 2.31833 2.63301 3.0128 2.69697 2.11987 1.84657 1.86895 2.2638 2.23399 3.33022 1.9996 1.89502 1.8183 2.16276 2.51404 1.58595 1.54633 1.69726 2.23809 2.3584 1.42304 1.804 1.30675 3.40166 1.22413 1.76376 2.44607 1.33109 1.98324 2.47176 1.20634 1.20272 1.15763 1.14631 1.13258 1.09707 1.74421 2.16533 1.04836 1.50461 0.981552 0.958918 0.904664 0.816019
threshold=3.5000000000000004 -2.2499999999999996 1.5625000000000002 3.6909414909414915 1.8461538461538463 2.2826086956521743 89.750000000000014 6.1666750000000006 3.8811188811188813 0.49393915394851418 2.2500000000000004 1.5000000000000002 7.5000000000000009 0.70777988614800769 0.56191161272202661 1.0000000180025095e-35 -0.73467181447629593 2.5279341891967433 1.1979518584481312 1.5188811188811193 -0.94137724084408114 1.6470973070301176 1.2296169659887359 737.50000000000011 84.500000000000014 0.43043478260869567 2.3537051184110012 4.5000000000000009 0.24150581752294822 -0.13948868500864361 89.735361721823921 1.0000000180025095e-35 0.34285714285714275 0.74537037037037046 62.500000000000007 85.562500000000014 1.0000000180025095e-35 0.75000000000000011 1.0510021458972114 2.1523326572008119 -0.063249584893724592 687.50000000000011 1.2923989054423839 0.76785000000000292 2.5000000000000004 0.95835000000000303 0.50983512084696525
decision_type=2 2 2 2 2 2 2 2 2 2 2 2 2 2 2 2 2 2 2 2 2 2 2 2 2 2 2 2 2 2 2 2 2 2 2 2 2 2 2 2 2 2 2 2 2 2 2
left_child=-1 -2 8 4 6 7 23 -6 9 10 13 15 38 -3 34 18 17 44 -11 27 -21 22 -22 24 41 -9 -27 30 29 -29 31 -18 -33 -12 -15 -32 -14 -5 -13 40 -40 42 -4 -38 -17 -23 -28
right_child=1 2 3 37 5 -7 -8 25 -10 11 33 12 36 14 -16 16 19 -19 -20 20 21 45 -24 -25 -26 26 46 28 -30 -31 35 32 -34 -35 -36 -37 43 -39 39 -41 -42 -43 -44 -45 -46 -47 -48
leaf_value=-0.0080892470606316828 -0.00097761453203573569 -0.0012964956334782091 -0.0055632670583747913 -0.005166728845118396 0.012260782902696206 0.028247562331261467 -0.0029458245043415877 -0.0049204326014729016 0.0089619262926810949 -9.2063385471707901e-05 0.011376854020665302 0.00077441358153615978 -0.0018431929397987803 0.00097163670532580688 -0.0010625831235392847 -0.0014145593590879414 -0.0013745772476835179 0.0035490491206173198 0.0018555975211603422 -0.00097432231769499782 0.0025189882119489417 0.0081974259054407202 -0.0032154770983146563 -0.0082209923127670483 0.0017316899867842739 0.0035423901120441117 -0.0050958416376076891 0.002095254684379824 -0.0045299958701860658 -0.0011679357373245546 -0.0042576923462493447 9.1928334046467724e-05 0.0063311187649966738 0.00094399732576734867 0.00010788878500692101 0.0002012244249632006 -0.002645989639826124 -0.0010467506558436868 0.00019973728224520387 0.0016962757237513838 -0.0050588628963524791 -0.0027954207114577489 0.0015623444455715196 -0.013107769229112788 -0.0035924401226089826 0.021363253784945069 -0.00073899929371408219
leaf_weight=128 119 118 95 103 113 87 99 81 96 84 142 83 97 138 95 105 124 82 105 80 103 112 133 82 110 113 80 94 149 141 96 128 126 82 92 96 83 114 91 158 91 126 86 87 118 94 81
leaf_count=128 119 118 95 103 113 87 99 81 96 84 142 83 97 138 95 105 124 82 105 80 103 112 133 82 110 113 80 94 149 141 96 128 126 82 92 96 83 114 91 158 91 126 86 87 118 94 81
internal_value=0 -0.000223896 -8.86525e-05 -0.00134938 -0.000454939 0.00202338 -0.00275459 0.000426439 0.00041618 0.000217849 0.00258234 -0.000375799 -0.002822 0.000506757 0.00253067 0.000481989 -1.40292e-05 -0.00383987 0.00513158 0.000778605 0.00296367 0.00417607 0.000843882 -0.00125 -5.98086e-05 -0.00147472 0.000181818 -0.000418848 -0.0025974 0.000105932 0.00105079 0.00277045 0.00529412 0.00666667 0.00497835 -0.00233161 -0.00718284 -0.00607798 -5.89623e-05 -0.00131965 -0.00464481 -0.00202922 0.000412088 -0.00964912 -0.00658482 0.00797101 -0.00447531
internal_weight=0 4912 4793 1370 1153 555 598 468 3423 3327 667 2660 690 443 325 1970 1781 305 189 1476 522 442 236 499 417 355 274 954 384 235 570 378 254 224 230 192 267 217 423 340 182 307 181 170 223 206 161
internal_count=5040 4912 4793 1370 1153 555 598 468 3423 3327 667 2660 690 443 325 1970 1781 305 189 1476 522 442 236 499 417 355 274 954 384 235 570 378 254 224 230 192 267 217 423 340 182 307 181 170 223 206 161
is_linear=0
shrinkage=0.05


Tree=91
num_leaves=49
num_cat=0
split_feature=46 0 13 29 45 49 45 12 19 42 8 49 2 8 3 19 19 31 21 40 45 9 45 37 45 1 49 46 36 8 29 27 49 19 39 29 7 8 33 7 7 0 49 13 7 37 21 38
split_gain=2.02147 3.00232 1.84383 2.03601 2.45367 1.99157 1.75147 1.75083 1.68907 2.44159 2.58916 1.90959 1.72234 1.59183 1.52571 1.51 1.50094 1.38184 1.36708 1.32451 4.01629 1.79489 2.55379 2.07951 1.71686 2.67829 2.14228 1.71716 1.70622 1.56496 1.45462 1.91597 1.85478 1.7602 1.28065 1.94914 1.51636 1.26043 1.24116 1.53055 1.20232 1.20167 1.05655 0.981232 0.903208 0.937365 0.788822 0.709466
threshold=0.28313308994381592 82.750000000000014 44.500000000000007 5.3958250000000012 -0.61237985104942771 82.415242069347741 -0.0053757284505435614 2.5499999999999976 3.1791734480353413 -0.74999999999999989 -0.14999999999999994 75.732248408455789 707.50000000000011 1.0460869565217394 7.5000000000000009 2.2167335173633886 1.1439777756850933 6.5000000000000009 0.50983512084696525 59.500000000000007 0.3744682635859638 0.6860595800775261 -0.16799356919963607 38.500000000000007 0.97112537654464559 87.250000000000014 88.349740419096165 0.097680735332368748 3.5000000000000004 1.3988944572912312 9.2812500000000018 78.687500000000014 87.369887968443066 1.3915512150806271 1.0000000180025095e-35 6.8125000000000009 1.767129243813182 1.3069565217391308 0.31250000000000006 2.2867132867132876 1.4895104895104898 86.250000000000014 79.863278944470423 31.500000000000004 0.97342657342657346 20.500000000000004 0.18283853014890641 1.5000000000000002
decision_type=2 2 2 2 2 2 2 2 2 2 2 2 2 2 2 2 2 2 2 2 2 2 2 2 2 2 2 2 2 2 2 2 2 2 2 2 2 2 2 2 2 2 2 2 2 2 2 2
left_child=14 2 3 6 5 -5 -2 13 9 -6 -11 -10 16 -3 18 42 -12 -18 -1 24 21 22 29 -23 25 30 -27 28 -26 47 32 -32 46 -33 35 -28 44 -15 -25 40 41 -40 -14 -13 45 -37 -16 -21
right_child=1 7 -4 4 8 -7 -8 -9 11 10 12 43 15 37 19 -17 17 -19 -20 20 -22 23 -24 38 27 26 34 -29 -30 -31 31 33 -34 -35 -36 36 -38 -39 39 -41 -42 -43 -44 -45 -46 -47 -48 -49
leaf_value=0.00031748964301712702 -0.0013809929146965773 0.00057196700636269286 0.0014384924281626351 0.0025600945710745407 0.00068889077797147126 -0.00081132946161302391 0.0063409531365277551 -0.0080967404649080008 -0.00056409255579201731 -0.006026068555470024 -0.0015088584779462289 -0.0094117315525733061 -0.0027614011316097866 -0.023436945598358225 0.0081377696528834309 0.0011500747444861627 0.0040061505679046426 -5.1354512467330212e-05 -0.015171577987027441 7.8067729563918728e-05 -0.0087066475298832654 0.0014052732702304477 -0.0016596263693506403 0.00026890666886219004 0.0025556213773385572 -0.0036893732004346538 -0.0034137429769156348 -0.0087108030234992091 -0.00096467254583865181 0.012581394975548067 -0.0023943952604599788 0.0019214378461368587 0.0014208278433030408 0.00028452850351710636 0.0012370506011583572 -0.00018895856414949952 0.0033113813764550611 -0.0030479207697180393 -0.0065060391170607829 0.0025569681639589729 -0.0096837367595795868 0.00012095049757353538 -0.011654092730445874 -0.001024153700264341 -0.00072011489354782969 0.0011867026240172996 0.017593673058586473 0.0026110062702857217
leaf_weight=99 103 129 130 145 113 94 98 97 138 84 88 108 87 82 101 101 112 87 103 87 107 124 93 104 95 91 91 88 141 81 90 145 155 159 112 103 82 100 116 89 81 91 80 81 80 84 112 80
leaf_count=99 103 129 130 145 113 94 98 97 138 84 88 108 87 82 101 101 112 87 103 87 107 124 93 104 95 91 91 88 141 81 90 145 155 159 112 103 82 100 116 89 81 91 80 81 80 84 112 80
internal_value=0 -0.00129981 -0.000348485 -0.000838816 -0.00155421 0.00302083 0.00383663 -0.00513447 -0.00256944 -0.00126162 -0.00246094 -0.00556402 -0.00121403 -0.00328526 0.000737018 -0.00408922 0.00147569 0.003875 -0.00344828 0.00104204 -0.000355787 0.000686378 0.00358187 -0.000948845 0.00189306 0.00264936 0.000271739 -0.00138462 0.000843882 0.0062249 0.00465269 0.00253165 0.00691057 0.00442623 0.00144665 0.000226757 0.00192857 -0.00628415 -0.00243776 -0.00376984 -0.00553633 -0.00348558 -0.00699405 -0.00881579 9.32836e-05 0.00199468 0.00992991 0.00342262
internal_weight=0 2057 1649 1519 1318 239 201 408 1079 752 639 327 555 311 2984 268 287 199 202 2782 1053 946 341 605 1729 1405 643 324 236 248 762 394 368 304 552 440 349 182 481 377 288 207 167 189 267 187 213 167
internal_count=5041 2057 1649 1519 1318 239 201 408 1079 752 639 327 555 311 2984 268 287 199 202 2782 1053 946 341 605 1729 1405 643 324 236 248 762 394 368 304 552 440 349 182 481 377 288 207 167 189 267 187 213 167
is_linear=0
shrinkage=0.05


Tree=92
num_leaves=48
num_cat=0
split_feature=7 43 18 30 17 17 33 35 35 0 35 17 7 20 13 34 9 37 45 36 20 6 18 37 43 7 28 2 50 50 34 50 35 48 35 20 50 20 19 18 14 20 10 41 27 22 9
split_gain=2.37786 3.48304 2.26289 2.0336 1.64508 2.74531 1.98502 2.09946 1.96323 2.68445 1.84977 2.02038 2.75362 3.5882 1.77943 1.62123 2.01639 1.67066 1.71138 2.17758 2.00131 1.6275 2.05796 2.18773 2.04704 1.71431 1.7843 1.66143 1.60883 2.14032 1.60123 1.90828 1.58322 1.94198 1.89665 1.63618 2.11527 1.89541 1.50791 1.48164 1.55978 1.4546 1.3177 1.28156 1.1963 1.00025 0.652749
threshold=2.3706293706293713 0.28125000000000006 117.50000000000001 79.375000000000028 0.67375886524822703 0.94281045751633996 1.3750000000000002 21.250000000000004 12.708349999999998 78.750000000000014 11.250000000000002 1.1639784946236562 1.6573426573426577 0.88328173374612995 28.500000000000004 1.0000000180025095e-35 1.2289827934853255 68.500000000000014 0.70290292807158605 4.5000000000000009 0.96698785085881889 0.34285714285714275 72.500000000000014 47.500000000000007 -1.0000000180025095e-35 -0.25174825174825155 71.562500000000014 707.50000000000011 0.48921343144287027 1.2340371225544831 1.8333499999999996 1.2131914887282493 6.2500000000000009 -0.34913395936361341 8.7500000000000018 1.57192118226601 0.62303862065915905 1.226969696969697 2.5667763581211513 77.500000000000014 1.5000000000000002 1.3917690152984272 1.1927465096080485 1.5000000000000002 79.312500000000014 84.750000000000014 0.63660201852143727
decision_type=2 2 2 2 2 2 2 2 2 2 2 2 2 2 2 2 2 2 2 2 2 2 2 2 2 2 2 2 2 2 2 2 2 2 2 2 2 2 2 2 2 2 2 2 2 2 2
left_child=4 2 -2 -3 6 15 7 28 9 -8 32 12 13 -12 -13 -6 17 18 21 20 -20 24 -23 27 -17 -26 -27 -24 44 -30 31 -5 35 -34 -35 37 -37 38 42 -31 46 -29 -7 -33 -1 -21 -41
right_child=1 3 -4 30 5 10 8 -9 -10 -11 11 14 -14 -15 -16 16 -18 -19 19 45 -22 22 23 -25 25 26 -28 41 29 39 -32 43 33 34 -36 36 -38 -39 -40 40 -42 -43 -44 -45 -46 -47 -48
leaf_value=-0.00038697707870750855 -0.0066409306572335781 -0.0024383330250030257 0.0018241583432310748 0.0062721760823872263 -0.0010232944746072551 -0.002104322638359718 -0.0060541110280231229 0.017014463880211602 -0.010598050633225787 0.0020741033678745914 -0.0042037957349964081 0.010400328353209249 -0.006839289575883519 0.0049849513844335619 0.00021523334596674828 0.0025162528535639644 0.0025548129338629449 -0.0032054907573084083 0.00082376243497280519 -0.0022591360481195484 0.0063138837592944756 0.0014927325262123889 -0.003878528552989602 0.0014649373734172855 -0.0014957137825278976 -0.00012100003150799948 0.0023227751378399721 0.00016739022846477548 -0.0023974231206698952 0.0029539944951522097 0.00059172306956458982 0.0027868934531687598 -0.0061655510617572209 -0.0082832807725396716 0.0013320080431692971 -0.0070733026913187228 0.00021291488304195361 0.0023565390836347566 -0.002148947624034329 -0.000635287797390477 0.00041707303579447135 -0.0033796484285574472 0.00082342234798403696 0.023807858764360958 0.0013460324422881254 0.0035608716917135547 -0.034302591643134372
leaf_weight=83 139 90 86 105 146 80 81 92 101 119 139 113 86 150 117 85 95 111 102 82 89 114 141 95 134 145 155 110 113 90 108 108 83 113 81 86 81 95 145 84 136 103 129 93 81 84 83
leaf_count=83 139 90 86 105 146 80 81 92 101 119 139 113 86 150 117 85 95 111 102 82 89 114 141 95 134 145 155 110 113 90 108 108 83 113 81 86 81 95 145 84 136 103 129 93 81 84 83
internal_value=0 0.00284247 -0.00232301 0.00514851 -0.000241213 0.00031155 -0.00195019 -0.000589777 -0.00538079 -0.00248756 -0.00126751 0.000866337 -0.00139628 0.000948276 0.00454545 0.00163225 0.0020808 0.0016441 0.00210069 0.00509777 0.00872396 0.00110803 -0.000753546 -0.00227778 0.003125 0.00172414 0.0038206 -0.00408451 -0.00156483 -0.00295858 0.00662651 0.00846906 -0.00271253 -0.00584532 -0.00307692 -0.0012966 -0.00550595 0.000277778 -0.00140845 -0.00120558 -0.00287829 -0.00128505 0.00130952 0.00556931 0.00272727 0.000898204 -0.00610119
internal_weight=0 729 225 504 4352 3289 1063 762 301 200 1498 605 375 289 230 1791 1645 1550 1439 357 191 1082 563 449 519 434 300 354 670 506 414 306 893 277 194 616 167 449 354 393 303 213 209 201 164 166 167
internal_count=5081 729 225 504 4352 3289 1063 762 301 200 1498 605 375 289 230 1791 1645 1550 1439 357 191 1082 563 449 519 434 300 354 670 506 414 306 893 277 194 616 167 449 354 393 303 213 209 201 164 166 167
is_linear=0
shrinkage=0.05


Tree=93
num_leaves=48
num_cat=0
split_feature=17 41 6 42 29 12 29 39 7 39 9 19 12 37 30 19 33 3 33 47 34 49 48 48 35 30 16 21 30 17 30 28 46 48 6 17 46 6 2 28 45 30 35 46 28 37 29
split_gain=1.6531 1.70865 1.70048 2.59027 2.00667 2.2055 1.78222 2.07149 2.1406 2.00246 1.7541 1.71788 1.6082 1.97226 1.88698 2.03168 1.55613 1.95636 1.5237 1.68036 1.70386 1.52352 1.50598 1.44372 2.30412 2.24212 2.90306 2.46738 1.7344 1.63824 2.57483 2.393 1.93632 2.56273 1.40987 1.28094 2.17719 1.90454 1.52291 1.50822 2.56229 1.50694 1.15362 1.04302 0.90223 0.720615 0.669678
threshold=0.96424010217113676 7.5000000000000009 -1.1999999999999993 2.2500000000000004 6.6875000000000009 2.5499999999999976 7.1875000000000009 3.5000000000000004 0.42407592407592426 3.5000000000000004 0.4598685698396538 2.657802197802198 1.5357142857142849 43.500000000000007 98.125000000000014 0.86910361429417715 1.3750000000000002 52.500000000000007 0.31250000000000006 3.5000000000000004 0.87500000000000011 90.956159473656157 -0.12661792099639985 0.1561962173013059 61.250000000000007 129.37500000000003 13.250000000000002 0.36093859889889762 100.62500000000003 1.1471861471861475 160.62500000000006 65.062500000000014 -0.58481178939031186 -0.12661792099639985 0.68571428571428628 0.88562091503267981 -0.065537083312030994 3.9428571428571431 682.50000000000011 68.062500000000014 -0.099819732675876835 93.125000000000028 6.2500000000000009 -0.082691941062253513 57.062500000000007 15.500000000000002 8.3125000000000018
decision_type=2 2 2 2 2 2 2 2 2 2 2 2 2 2 2 2 2 2 2 2 2 2 2 2 2 2 2 2 2 2 2 2 2 2 2 2 2 2 2 2 2 2 2 2 2 2 2
left_child=1 2 3 4 -1 22 9 8 10 11 -8 12 13 -4 -14 -16 17 -17 -12 -20 -21 35 -6 24 29 26 -25 34 46 32 31 44 -2 42 -27 36 39 38 45 -10 -41 -40 -34 -37 -31 -38 -28
right_child=23 -3 6 -5 5 -7 7 -9 21 -11 18 -13 14 -15 15 16 -18 -19 19 20 -22 -23 -24 25 -26 27 28 -29 -30 30 -32 -33 33 -35 -36 43 37 -39 41 40 -42 -43 -44 -45 -46 -47 -48
leaf_value=-0.0032370058264944547 -4.3048182966382022e-06 -0.0032458084675758081 0.020089118632819383 -0.0028231070626562604 0.00075702588058897959 0.0014057087517599562 -0.0002129817921054822 0.0049195950165998098 0.0028529544260886192 -0.004896101782513697 -0.00023702365960943662 0.011075576068264096 0.019780906580152371 0.0022395415782191313 0.0034009917799937063 -0.0044255501605433177 -0.0050929178745266817 0.002675662755168973 -0.00014095840968970027 0.0013775854572406492 0.0054604938802921762 -0.0013882270945138942 -0.0017156172583485598 0.00065559706635948752 0.011212271529008897 0.0030293176941719275 0.00065401754052020011 -0.0008156945219805978 -0.0078876203247071341 -0.0015732191934832052 0.0032132806271166995 -0.0064237983905272647 -0.0043927668917019156 -0.00015770013066858103 0.025985313232508495 -5.5278206297332266e-05 -0.0026046467563431985 0.0010737453684189241 -0.014147487246665636 0.0008030391273362858 -0.0010137239795792008 -0.0069475145909075279 -0.01224992422999222 0.0043397752141332195 0.0010697397976858981 0.00087431313666711712 -0.0018653662868758692
leaf_weight=101 144 137 120 138 111 147 101 139 116 100 95 128 81 80 87 108 80 105 84 95 113 82 150 143 82 84 80 130 97 80 105 90 133 121 86 98 83 86 89 109 136 130 157 84 91 87 81
leaf_count=101 144 137 120 138 111 147 101 139 116 100 95 128 81 80 87 108 80 105 84 95 113 82 150 143 82 84 80 130 97 80 105 90 133 121 86 98 83 86 89 109 136 130 157 84 91 87 81
internal_value=0 0.000558659 0.000788909 -0.00150463 0.000147059 0.00171149 0.00135652 0.00041956 -9.4399e-05 0.00317416 0.00265849 0.00401899 0.00298338 0.00671642 0.00135281 -0.000131234 -0.00212585 0.000116822 0.00418814 0.0059727 0.00837321 -0.00131698 -0.00104962 -0.00134897 -0.00256474 0.000391738 -0.00205224 0.00365449 -0.00521236 -0.00328091 -0.000681199 -0.00333969 -0.00499101 -0.00673544 0.00760234 -0.000785083 -0.0016129 -0.00383403 -0.00532051 0.00131215 -0.000914634 -0.00806818 -0.00927835 0.00300546 0.000145349 -0.00175439 -0.00200617
internal_weight=0 3400 3263 647 509 408 2616 1727 1588 889 488 789 661 200 461 380 293 213 387 292 208 1100 261 1704 1003 701 401 300 258 921 366 261 555 411 170 1018 836 475 389 361 245 219 290 182 171 170 161
internal_count=5104 3400 3263 647 509 408 2616 1727 1588 889 488 789 661 200 461 380 293 213 387 292 208 1100 261 1704 1003 701 401 300 258 921 366 261 555 411 170 1018 836 475 389 361 245 219 290 182 171 170 161
is_linear=0
shrinkage=0.05


Tree=94
num_leaves=49
num_cat=0
split_feature=23 3 50 27 29 1 50 18 37 35 17 30 5 13 41 18 18 30 34 21 35 30 34 13 35 30 35 14 14 16 10 45 33 50 10 0 37 20 3 20 33 7 50 17 30 50 16 36
split_gain=1.62755 1.70744 2.26168 2.11412 2.7732 2.75544 2.86291 2.43244 1.93794 1.90318 2.19788 1.91682 1.80817 1.81717 1.79247 1.78568 1.67055 1.59787 1.5743 1.57415 2.13189 2.05703 2.03169 1.81663 1.47915 1.39323 1.17359 1.16066 1.21226 2.16143 1.12814 0.970888 0.918886 1.42253 0.914471 1.85045 1.66449 1.17919 3.23053 1.8875 1.43693 1.56846 1.94446 2.04116 1.21657 0.774891 0.71333 0.496894
threshold=75.750000000000014 22.500000000000004 0.47156271128206845 85.937500000000014 7.6875000000000009 87.250000000000014 1.0721807903521354 72.500000000000014 5.5000000000000009 8.7500000000000018 0.96148148148148149 170.62500000000003 9.0000000000000018 16.500000000000004 1.0000000180025095e-35 162.50000000000003 92.500000000000014 120.62500000000001 0.87500000000000011 -0.24699897803345292 21.250000000000004 90.625000000000014 0.87500000000000011 30.500000000000004 8.7500000000000018 78.125000000000014 6.2500000000000009 13.500000000000002 8.5000000000000018 11.250000000000002 1.3952428232669745 -0.031173458710879235 1.3750000000000002 1.5603466506691535 1.422238336488316 78.750000000000014 29.500000000000004 0.024241608438674005 132.50000000000003 0.34274767378215648 1.5625000000000002 1.363636363636364 2.2747800656733834 0.71714285714285719 104.37500000000003 -0.35660840962268731 9.2500000000000018 12.500000000000002
decision_type=2 2 2 2 2 2 2 2 2 2 2 2 2 2 2 2 2 2 2 2 2 2 2 2 2 2 2 2 2 2 2 2 2 2 2 2 2 2 2 2 2 2 2 2 2 2 2 2
left_child=25 12 8 5 -5 27 26 -8 -3 10 31 14 13 24 -11 19 -16 -9 -12 22 21 -21 -15 30 -2 -1 -7 28 34 -30 -23 46 33 -27 37 -36 -37 38 44 -39 41 42 43 -41 -4 -33 -10 -44
right_child=1 2 3 4 -6 6 7 17 9 11 18 -13 -14 15 16 -17 -18 -19 -20 20 -22 23 -24 -25 -26 32 -28 -29 29 -31 -32 45 -34 -35 35 36 -38 39 -40 40 -42 -43 47 -45 -46 -47 -48 -49
leaf_value=0.0013643480447132813 -0.0071222739424621085 -0.00066931430574431881 0.001471329772320747 0.019293297218567665 -0.00017071347363379897 -0.0012753201008993799 0.0032152390225163863 -0.002361618596644216 0.00077422175955179241 0.0008439861164634189 0.0016667815646547125 0.0044519337493255737 -0.011708715548383375 -0.0055270640841428792 3.9728504998928772e-05 0.0024296461597571456 -0.0025271231500861857 0.00028045893710814675 -0.0018126069460875915 0.0013704433047051125 0.013408977115083588 0.00040143418921595453 6.2874017074640578e-05 -0.010287953391723653 -0.00081216140272918902 -0.0040478203371370402 -0.0063289431121981606 -0.0028921537691344312 0.019791492041154726 -0.00070606547378825784 -0.0087550264925556898 0.001543069251903217 -0.0056859122069474084 0.0010483761903934685 0.010237730482329949 -0.0034088568787518873 0.0013870050325360637 0.0067923981765729202 -0.015060198257995089 -0.0055034755975488792 -0.0071080102396954351 0.0039479534389443493 0.0083103313984088604 -2.2137362675811456e-05 -0.0026357185978192047 8.0848659140767001e-05 0.0033666174078617116 0.0011765151472457602
leaf_weight=140 91 156 85 97 92 80 92 92 102 115 83 102 123 107 80 134 98 87 107 112 107 99 118 80 92 108 91 125 123 110 90 80 105 132 106 156 88 100 87 81 86 92 80 129 99 102 107 80
leaf_count=140 91 156 85 97 92 80 92 92 102 115 83 102 123 107 80 134 98 87 107 112 107 99 118 80 92 108 91 125 123 110 90 80 105 132 106 156 88 100 87 81 86 92 80 129 99 102 107 80
internal_value=0 -9.35299e-05 0.000471837 -0.000442674 0.00460526 -0.000905797 -0.00440181 -0.00119485 0.00229479 0.0031218 0.00493986 0.000441919 -0.00175477 -0.00106693 -0.00161565 -8.84434e-05 -0.0047486 -0.00458333 0.00052356 -0.00108543 0.000511247 -0.00124346 -0.0045354 -0.00361111 -0.00557065 -0.00313786 -0.00944767 4.60688e-05 0.000432468 0.00373932 -0.000921053 0.00707908 -0.00484104 -0.00311203 -0.000177165 0.0019943 -0.000408163 -0.00100543 -0.00376838 0.000154083 -0.00100182 0.000107991 -0.00134771 -0.00450237 0 0.00437158 0.00940476 0.00279503
internal_weight=0 4543 3390 2258 189 2069 442 271 1132 976 581 395 1153 1030 293 847 178 179 190 713 488 381 225 269 183 485 171 1627 1502 233 189 391 345 240 1269 350 244 919 271 648 548 462 370 210 184 182 209 160
internal_count=5028 4543 3390 2258 189 2069 442 271 1132 976 581 395 1153 1030 293 847 178 179 190 713 488 381 225 269 183 485 171 1627 1502 233 189 391 345 240 1269 350 244 919 271 648 548 462 370 210 184 182 209 160
is_linear=0
shrinkage=0.05


Tree=95
num_leaves=47
num_cat=0
split_feature=32 37 8 37 10 21 7 13 37 12 25 19 19 10 19 42 34 29 34 35 17 10 38 40 41 29 6 4 27 50 10 17 45 6 42 8 7 6 50 29 42 19 29 0 27 7
split_gain=1.58633 2.08336 3.07564 1.94315 1.74389 2.31546 1.93683 1.89033 1.9372 1.64829 1.34735 1.30274 1.25753 2.96285 2.00775 1.08266 1.26429 1.59638 1.16048 2.72271 1.55917 1.12799 0.95909 0.96256 1.86061 1.50568 3.1679 2.39285 2.08527 1.60764 1.58445 1.23767 2.4035 1.17346 1.08955 1.01643 1.03806 0.934174 0.849324 0.81377 0.795538 1.0766 0.697506 0.68554 1.03373 0.48892
threshold=5.5000000000000009 73.500000000000014 0.6547826086956523 68.500000000000014 1.0377084697998438 -0.37504983184496149 1.427572427572428 9.5000000000000018 23.500000000000004 5.5000000000000009 1.5000000000000002 0.060452341566892651 1.8147250698974842 0.858602916985859 1.3727034952841408 5.2500000000000009 2.7678500000000033 7.9375000000000009 1.8333499999999996 23.125000000000004 0.96148148148148149 2.5564607467542513 2.5000000000000004 1.0000000180025095e-35 1.5000000000000002 11.562500000000002 -0.64285714285714246 0.62500000000000011 77.187500000000014 0.4084471747568586 1.2648804805928566 0.78019323671497598 0.19337368024598436 -0.64285714285714246 1.2500000000000002 1.7071300833874494 1.4055944055944061 1.5428571428571434 1.0351507788569381 7.5625000000000009 1.2500000000000002 2.1045244410761654 9.2812500000000018 84.750000000000014 78.437500000000014 0.56643356643356668
decision_type=2 2 2 2 2 2 2 2 2 2 2 2 2 2 2 2 2 2 2 2 2 2 2 2 2 2 2 2 2 2 2 2 2 2 2 2 2 2 2 2 2 2 2 2 2 2
left_child=45 3 -3 4 5 43 10 8 -6 11 12 -9 14 -14 -7 16 18 -18 21 20 42 22 23 24 -13 27 -27 28 -25 30 -29 -30 35 -32 -34 36 37 -33 -26 -11 -31 -42 -20 44 -2 -1
right_child=1 2 -4 -5 7 6 -8 9 -10 39 -12 15 13 -15 -16 -17 17 -19 19 -21 -22 -23 -24 25 38 26 -28 29 31 40 33 32 34 -35 -36 -37 -38 -39 -40 -41 41 -43 -44 -45 -46 -47
leaf_value=-0.00079418578975959354 0.0012299526422843224 -0.00032744922374843179 0.0038259370875248448 -0.0042534056753832745 -0.0075197992275726575 -0.00032926620829564217 0.0024902489960076271 0.0015110972012354687 -0.0006321569334703514 -0.0023969894990748877 -0.0020669396055500557 -0.000716457742377713 -0.0053444924923482084 0.00076783283522711141 0.0040512732892907192 0.027147350552117946 -0.00032414441011268671 0.0025807144271510832 -0.0029240414589374653 0.010372048151128511 -0.0078541914324582636 0.0069767985689552451 0.00080178681064024815 -0.0042367852731498125 0.0048731157750362963 0.0025014495209656398 -0.0011742574620568103 -0.00022471122015312557 -0.00030968487315172211 0.00022908423480351716 -0.0064286745479286743 -0.0011305315231029069 0.003711037161829767 -0.013913423424567041 0.00067616239151401534 -0.0022966643116330678 0.0010209948783454716 0.00037025865154061702 0.00063132157842901162 -0.00025993981191625156 -0.0035560672786015147 0.0001243968988211941 5.5022017757599965e-05 0.00019745713956563217 0.0045409750183865328 -0.010708977935169589
leaf_weight=80 111 124 137 109 82 115 142 143 82 111 159 153 110 97 96 154 156 105 85 95 151 124 89 119 87 88 126 94 142 152 112 83 115 103 84 113 96 80 100 89 123 83 83 81 84 80
leaf_count=80 111 124 137 109 82 115 142 143 82 111 159 153 110 97 96 154 156 105 85 95 151 124 89 119 87 88 126 94 142 152 112 83 115 103 84 113 96 80 100 89 123 83 83 81 84 80
internal_value=0 -0.000236514 0.00410305 -0.000478011 -0.000320792 0.00153112 3.47222e-05 -0.000832639 -0.00606061 -0.000581564 -0.00125433 -0.000308737 0.000238663 -0.00252404 0.00294811 -0.000524871 -0.000739293 0.00257634 -0.00106304 -0.00349398 -0.00570312 -0.000617556 -0.000886608 -0.00110759 0.00131965 -0.00158985 0.00232558 -0.00215 -0.000360144 -0.00437874 -0.00701613 0.000665266 0.00170455 -0.009375 0.006125 -0.000670241 0.00105769 -0.00137195 0.00465426 -0.00497512 -0.00208914 -0.00410628 -0.00236686 0.00541516 0.00701531 -0.0052795
internal_weight=0 4967 261 4706 4597 995 719 3602 164 3438 577 3238 418 207 211 3095 2941 261 2680 414 319 2266 2142 2053 340 1713 214 1499 832 667 309 713 571 215 199 372 259 163 187 200 358 206 168 276 195 160
internal_count=5127 4967 261 4706 4597 995 719 3602 164 3438 577 3238 418 207 211 3095 2941 261 2680 414 319 2266 2142 2053 340 1713 214 1499 832 667 309 713 571 215 199 372 259 163 187 200 358 206 168 276 195 160
is_linear=0
shrinkage=0.05


Tree=96
num_leaves=46
num_cat=0
split_feature=7 46 0 10 50 50 33 30 50 16 13 11 21 23 2 46 13 49 29 9 30 28 1 47 9 30 7 20 13 46 28 21 46 6 6 34 9 46 9 28 28 50 21 33 0
split_gain=1.70535 1.71879 2.12621 1.94766 1.73483 1.72134 1.67947 1.49369 1.69864 1.67069 1.8983 1.77901 3.18372 2.08197 2.48638 2.10242 2.11547 1.76751 1.51879 1.44875 1.38944 2.11735 1.37646 1.34411 1.41804 1.26679 1.3497 1.94406 2.33208 1.50503 1.24173 1.22883 1.08783 1.04263 1.35352 1.64008 1.58272 1.60865 1.22305 1.27894 1.61009 1.202 1.1991 1.01806 0.545015
threshold=4.1328671328671343 0.77652048701313048 82.250000000000014 0.72745725817073137 2.6991139204444896 2.4252477359418028 1.3750000000000002 184.37500000000003 -0.80190354874706304 13.250000000000002 39.500000000000007 4.2500000000000009 2.5997536945812887 83.250000000000014 722.50000000000011 0.36447543099728863 25.500000000000004 81.678300031337571 6.2916750000000006 0.90664760594127003 268.12500000000006 70.937500000000014 91.500000000000014 4.5000000000000009 0.7523853220844654 253.12500000000003 2.3706293706293713 1.3691526112578745 20.500000000000004 0.95436825032516992 65.187500000000014 1.616465857845178 0.8852232634113919 -2.5714285714285703 0.34285714285714336 0.31250000000000006 0.69157740814501489 -0.59177783207548873 0.4989647988659846 74.437500000000014 72.062500000000014 0.5940582854261437 -0.22862137862138351 0.95835000000000303 84.750000000000014
decision_type=2 2 2 2 2 2 2 2 2 2 2 2 2 2 2 2 2 2 2 2 2 2 2 2 2 2 2 2 2 2 2 2 2 2 2 2 2 2 2 2 2 2 2 2 2
left_child=1 3 4 5 25 -1 -6 9 -9 10 11 12 13 14 17 22 -17 -5 44 20 21 -10 30 43 -25 26 27 28 -3 32 -15 33 -30 -32 35 -35 37 -37 -36 40 42 -42 -40 -20 -11
right_child=-2 2 -4 7 6 -7 -8 8 19 18 -12 -13 -14 15 -16 16 -18 -19 23 -21 -22 -23 -24 24 -26 -27 -28 -29 29 -31 31 -33 -34 34 38 36 -38 -39 39 -41 41 -43 -44 -45 -46
leaf_value=-0.007962545677697384 0.0078043686570844848 -0.0048503382733341574 -0.0096907480437308183 0.00095527525711325007 -0.00078819698191370249 -0.0011944492730128653 -0.0091030817676515056 0.0016495983522715565 0.019829003584169509 -0.0012800943315658992 0.0062791657035357138 0.0036058758946081629 -0.010856887289890616 -0.00062060524530045409 -0.0015827977936670346 -0.0012619289927902734 -0.0061799569330012703 0.009454184719111261 -0.0051920402182601038 -0.0015071666253686248 -0.0015092345273601704 0.00035262136909615664 -0.0064116523791937323 -0.00088794825973450848 0.002410002560073453 0.0012535411926229917 0.0042923361766804558 -0.0044167986747082506 0.00042754880320025059 -0.00045633279712860872 -0.00068010315180881231 0.0025868246672622608 0.004057183768734352 -5.7935640151923766e-05 -0.00052539351509233172 0.0028207937850203979 3.30103397079673e-05 0.00031230967297503077 0.00087697957300561513 0.00077489851278175488 9.6067862739818158e-05 -0.0023198358119390695 -0.00016229118874269146 0.00010093431562223895 -0.011837071068570747
leaf_weight=82 92 113 133 134 121 100 90 88 150 82 152 87 80 80 97 87 82 96 134 136 106 147 96 102 95 85 85 141 109 153 158 135 80 122 123 117 125 103 91 96 92 154 143 107 81
leaf_count=82 92 113 133 134 121 100 90 88 150 82 152 87 80 80 97 87 82 96 134 136 106 147 96 102 95 85 85 141 109 153 158 135 80 122 123 117 125 103 91 96 92 154 143 107 81
internal_value=0 -0.000382217 -0.00211521 0.00011655 -0.00130368 -0.00491803 -0.0053066 0.000366948 0.00258758 -9.01048e-05 0.000489596 0.000130492 -0.000146926 0.000222795 0.0038872 -0.000443213 -0.00573529 0.00670996 -0.00245017 0.00152778 0.00303218 0.00478188 0.000106968 -0.000911162 0.00214646 -0.000195567 -0.000916422 -0.00175879 -0.000164474 0.00189504 0.000470779 0.000804795 0.00486842 0.000339623 0.000856898 0.00293803 0.00469653 0.00723982 -0.000535714 0.000433276 -0.000623701 -0.0034413 0.00234043 -0.00340909 -0.00655488
internal_weight=0 4970 1110 3860 977 182 211 3678 627 3051 2450 2298 2211 2131 327 1804 169 230 601 539 403 297 1635 438 197 766 681 596 455 342 1539 1459 189 1324 1166 467 345 220 699 576 480 246 234 241 163
internal_count=5062 4970 1110 3860 977 182 211 3678 627 3051 2450 2298 2211 2131 327 1804 169 230 601 539 403 297 1635 438 197 766 681 596 455 342 1539 1459 189 1324 1166 467 345 220 699 576 480 246 234 241 163
is_linear=0
shrinkage=0.05


Tree=97
num_leaves=49
num_cat=0
split_feature=32 50 29 35 21 29 6 35 31 36 29 47 37 14 20 35 29 25 35 50 50 8 27 20 3 6 14 37 29 25 34 27 28 27 3 23 27 15 19 23 23 14 34 50 50 7 29 10
split_gain=1.30097 1.96549 1.07517 1.47653 1.27961 1.49206 1.42001 1.51824 1.39526 2.13494 1.24318 2.00878 1.38912 2.10371 1.80834 1.60347 1.58611 1.42969 3.0868 1.35485 1.79921 1.32955 1.45586 1.29927 1.18825 1.10571 1.51875 1.53631 1.97029 3.64789 1.22901 1.12573 1.89642 1.08858 1.06074 1.04295 1.3519 1.35313 1.4583 1.83992 1.7786 1.47139 0.945598 0.936783 0.91945 0.750089 0.546481 0.532373
threshold=5.5000000000000009 2.7938028919392939 13.687500000000002 3.035699999999999 3.3503285779147807 7.3125000000000009 6.3428571428571443 36.250000000000007 7.5000000000000009 2.5000000000000004 5.0312500000000009 8.5000000000000018 15.500000000000002 9.5000000000000018 -0.39354999838870802 16.250000000000004 5.9375000000000009 1.5000000000000002 3.035699999999999 0.29879328258537191 -0.6759107349028709 0.5240274599542335 84.812500000000014 0.7255405884438143 32.500000000000007 -1.6285714285714279 9.5000000000000018 11.500000000000002 8.9375000000000018 1.0000000180025095e-35 0.87500000000000011 78.937500000000014 67.812500000000014 76.812500000000014 32.500000000000007 90.750000000000014 84.656250000000014 77.250000000000014 0.78234712857475019 81.250000000000014 84.250000000000014 2.5000000000000004 1.1250000000000002 2.0066676371668639 1.0351507788569381 0.56643356643356668 10.437500000000002 1.414366466857786
decision_type=2 2 2 2 2 2 2 2 2 2 2 2 2 2 2 2 2 2 2 2 2 2 2 2 2 2 2 2 2 2 2 2 2 2 2 2 2 2 2 2 2 2 2 2 2 2 2 2
left_child=1 -1 4 -4 6 -6 7 10 24 -10 11 -2 19 15 -15 16 -14 35 -19 20 33 -17 34 -22 -9 42 27 28 29 -27 -31 46 -33 -12 -23 36 37 38 -18 -40 -41 -42 -21 -32 -20 -26 -30 -25
right_child=2 -3 3 -5 5 -7 -8 8 9 -11 12 -13 13 14 -16 21 17 18 44 25 23 22 -24 47 45 26 -28 -29 31 30 43 32 -34 -35 -36 -37 -38 -39 39 40 41 -43 -44 -45 -46 -47 -48 -49
leaf_value=9.0721810277562268e-06 0.012586172754347369 -0.012677894888692655 0.0011858186242343013 -0.0010086993376405395 -0.0075999829789594369 0.0001353796229034144 -0.0073879126550880914 0.0072446105285951358 0.003435879135411091 0.020879307483745353 -0.00097714790935818016 -0.0010738360082533371 -0.0039264525269981703 -0.00016737013424647133 0.0040600183219471377 -0.0056657432333673445 0.0049053612795919672 -0.0036051360476070105 -0.00012631956299770098 -3.7421765534001451e-05 -0.00040694917116100164 -0.0060821142786149033 0.0014096609786148706 -0.0079922674038629682 0.0004597611870105269 0.014821201326491718 -0.0023428811969609222 -0.0035218966896407577 -0.0017485943596634247 0.0031103418834821598 0.00053059411631933286 0.0020596148572471717 -0.00028232518323796364 0.0020026921921687396 0.00035124692981848283 -0.0005103099107041098 0.0012291880048666993 -0.00020808764049663476 -0.001563929870397991 0.0034511271560432157 0.0026472154273045282 -0.00066409915311300277 0.0010332122694077684 -0.0084299357590254635 0.021297432172642711 -0.0054681794615500275 -0.0085292367267913016 -0.0045927363356106981
leaf_weight=89 129 83 128 110 80 94 88 137 102 80 115 90 134 81 145 80 96 116 137 88 95 111 82 82 84 113 105 140 86 110 96 88 91 80 95 136 127 157 102 97 129 122 88 102 80 80 91 80
leaf_count=89 129 83 128 110 80 94 88 137 102 80 115 90 134 81 145 80 96 116 137 88 95 111 82 82 84 113 105 140 86 110 96 88 91 80 95 136 127 157 102 97 129 122 88 102 80 80 91 80
internal_value=0 -0.00433526 7.68443e-05 0.00334728 -9.15554e-05 -0.00428571 7.27395e-05 0.000199772 0.00284091 0.00628415 -0.000128304 0.00352273 -0.000346656 0.000530079 0.00506608 -4.16204e-05 0.000714784 0.00125 -0.00157186 -0.00142338 -0.00375276 -0.00298103 -0.00138408 -0.00649225 0.000745033 -0.000542118 -0.00117302 -0.000517429 0.00035347 0.00266588 -0.000161812 -0.00238095 0.000416667 -0.000127551 -0.00362319 0.00222337 0.00288809 0.00202415 0.00319927 0.00199557 0.00372493 0.0014881 0.00310734 -0.00251256 0.00194954 -0.00212121 -0.00519663 -0.00920245
internal_weight=0 172 4879 238 4641 174 4467 4379 483 182 3896 219 3677 2027 226 1801 1433 1299 333 1650 452 368 288 257 301 1198 1022 917 777 421 308 356 179 195 206 966 830 703 546 450 348 251 176 198 217 164 177 162
internal_count=5051 172 4879 238 4641 174 4467 4379 483 182 3896 219 3677 2027 226 1801 1433 1299 333 1650 452 368 288 257 301 1198 1022 917 777 421 308 356 179 195 206 966 830 703 546 450 348 251 176 198 217 164 177 162
is_linear=0
shrinkage=0.05


end of trees

feature_importances:
Column_50=290
Column_30=220
Column_29=195
Column_46=191
Column_8=179
Column_10=172
Column_19=164
Column_21=157
Column_4=150
Column_45=150
Column_20=140
Column_7=131
Column_37=131
Column_17=124
Column_2=121
Column_42=121
Column_48=121
Column_36=120
Column_9=111
Column_27=104
Column_35=100
Column_28=99
Column_0=94
Column_49=94
Column_18=91
Column_6=90
Column_13=90
Column_14=89
Column_3=79
Column_40=77
Column_34=71
Column_33=65
Column_47=53
Column_43=52
Column_15=42
Column_41=38
Column_12=35
Column_11=34
Column_1=32
Column_16=32
Column_31=30
Column_22=29
Column_25=23
Column_5=20
Column_23=20
Column_39=20
Column_44=16
Column_38=10
Column_32=3

parameters:
[boosting: gbdt]
[objective: quantile]
[metric: quantile]
[tree_learner: serial]
[device_type: cpu]
[data_sample_strategy: bagging]
[data: ]
[valid: ]
[num_iterations: 2000]
[learning_rate: 0.05]
[num_leaves: 63]
[num_threads: -1]
[seed: 42]
[deterministic: 0]
[force_col_wise: 0]
[force_row_wise: 0]
[histogram_pool_size: -1]
[max_depth: -1]
[min_data_in_leaf: 80]
[min_sum_hessian_in_leaf: 0.001]
[bagging_fraction: 0.8]
[pos_bagging_fraction: 1]
[neg_bagging_fraction: 1]
[bagging_freq: 1]
[bagging_seed: 400]
[feature_fraction: 0.8]
[feature_fraction_bynode: 1]
[feature_fraction_seed: 30056]
[extra_trees: 0]
[extra_seed: 12879]
[early_stopping_round: 0]
[early_stopping_min_delta: 0]
[first_metric_only: 0]
[max_delta_step: 0]
[lambda_l1: 0]
[lambda_l2: 1]
[linear_lambda: 0]
[min_gain_to_split: 0]
[drop_rate: 0.1]
[max_drop: 50]
[skip_drop: 0.5]
[xgboost_dart_mode: 0]
[uniform_drop: 0]
[drop_seed: 17869]
[top_rate: 0.2]
[other_rate: 0.1]
[min_data_per_group: 100]
[max_cat_threshold: 32]
[cat_l2: 10]
[cat_smooth: 10]
[max_cat_to_onehot: 4]
[top_k: 20]
[monotone_constraints: ]
[monotone_constraints_method: basic]
[monotone_penalty: 0]
[feature_contri: ]
[forcedsplits_filename: ]
[refit_decay_rate: 0.9]
[cegb_tradeoff: 1]
[cegb_penalty_split: 0]
[cegb_penalty_feature_lazy: ]
[cegb_penalty_feature_coupled: ]
[path_smooth: 0]
[interaction_constraints: ]
[verbosity: 1]
[saved_feature_importance_type: 0]
[use_quantized_grad: 0]
[num_grad_quant_bins: 4]
[quant_train_renew_leaf: 0]
[stochastic_rounding: 1]
[linear_tree: 0]
[max_bin: 255]
[max_bin_by_feature: ]
[min_data_in_bin: 3]
[bin_construct_sample_cnt: 200000]
[data_random_seed: 175]
[is_enable_sparse: 1]
[enable_bundle: 1]
[use_missing: 1]
[zero_as_missing: 0]
[feature_pre_filter: 1]
[pre_partition: 0]
[two_round: 0]
[header: 0]
[label_column: ]
[weight_column: ]
[group_column: ]
[ignore_column: ]
[categorical_feature: ]
[forcedbins_filename: ]
[precise_float_parser: 0]
[parser_config_file: ]
[objective_seed: 16083]
[num_class: 1]
[is_unbalance: 0]
[scale_pos_weight: 1.96812]
[sigmoid: 1]
[boost_from_average: 1]
[reg_sqrt: 0]
[alpha: 0.5]
[fair_c: 1]
[poisson_max_delta_step: 0.7]
[tweedie_variance_power: 1.5]
[lambdarank_truncation_level: 30]
[lambdarank_norm: 1]
[label_gain: ]
[lambdarank_position_bias_regularization: 0]
[eval_at: ]
[multi_error_top_k: 1]
[auc_mu_weights: ]
[num_machines: 1]
[local_listen_port: 12400]
[time_out: 120]
[machine_list_filename: ]
[machines: ]
[gpu_platform_id: -1]
[gpu_device_id: -1]
[gpu_use_dp: 0]
[num_gpu: 1]

end of parameters

pandas_categorical:null
