{
  "test": {
    "bias": 0.32834198246680685,
    "corr": 0.9908349309986172,
    "mae": 1.7666142425747575,
    "maxAE": 9.520268169116761,
    "medianAE": 1.4200929549118904,
    "n": 332,
    "rmse": 2.3597919593880783
  },
  "train": {
    "bias": 3.443659881580602e-11,
    "corr": 0.9990996714776333,
    "mae": 0.5261178086333672,
    "maxAE": 6.549897622201595,
    "medianAE": 0.42103265965388204,
    "n": 1224,
    "rmse": 0.7030608121470491
  },
  "validation": {
    "bias": -0.09661096462068362,
    "corr": 0.991892377061457,
    "mae": 1.9022103508472348,
    "maxAE": 7.8900751928973705,
    "medianAE": 1.4513109906105583,
    "n": 214,
    "rmse": 2.499986460204934
  }
}