{
  "test": {
    "bias": 0.5414798138416399,
    "corr": 0.9915085484366912,
    "mae": 1.783223811888062,
    "maxAE": 9.373010583900886,
    "medianAE": 1.3967298681116453,
    "n": 332,
    "rmse": 2.313673067869926
  },
  "train": {
    "bias": -6.152367794596168e-11,
    "corr": 0.9991947399408376,
    "mae": 0.48611105753605277,
    "maxAE": 6.575271262940994,
    "medianAE": 0.37494244527385234,
    "n": 1224,
    "rmse": 0.6651314073778077
  },
  "validation": {
    "bias": -0.3691530688299308,
    "corr": 0.9922918380538909,
    "mae": 1.930169341325457,
    "maxAE": 7.6842355754747445,
    "medianAE": 1.4742392744472603,
    "n": 214,
    "rmse": 2.549496707393441
  }
}