{
  "test": {
    "bias": 0.35333122487473106,
    "corr": 0.9908467871002777,
    "mae": 1.8064612677408731,
    "maxAE": 10.799778234114441,
    "medianAE": 1.42235791831175,
    "n": 332,
    "rmse": 2.361130964323473
  },
  "train": {
    "bias": -1.4934121622714656e-10,
    "corr": 0.9992027537534941,
    "mae": 0.4871949874088085,
    "maxAE": 6.626101820931133,
    "medianAE": 0.38923215156112434,
    "n": 1224,
    "rmse": 0.6617061543861787
  },
  "validation": {
    "bias": -0.23913620831318283,
    "corr": 0.9919847318035822,
    "mae": 1.8765801671608735,
    "maxAE": 8.289478261681392,
    "medianAE": 1.3480172703348359,
    "n": 214,
    "rmse": 2.5170169703885206
  }
}