{
  "test": {
    "bias": 0.3318000948771377,
    "corr": 0.9908268364242246,
    "mae": 1.7997392603860067,
    "maxAE": 9.007493107165104,
    "medianAE": 1.3946021539893287,
    "n": 332,
    "rmse": 2.3618570447037386
  },
  "train": {
    "bias": 5.4528030602053155e-12,
    "corr": 0.9989085921059391,
    "mae": 0.5727398137224958,
    "maxAE": 6.708730315524559,
    "medianAE": 0.46485011661631503,
    "n": 1224,
    "rmse": 0.7740362580661031
  },
  "validation": {
    "bias": -0.16649932679259383,
    "corr": 0.9923121741720732,
    "mae": 1.8516632223411593,
    "maxAE": 7.719702126326691,
    "medianAE": 1.4651691812909426,
    "n": 214,
    "rmse": 2.456538243365077
  }
}