{
  "test": {
    "bias": 0.30756877839966734,
    "corr": 0.9914476908295592,
    "mae": 1.7355704894090258,
    "maxAE": 8.865100497852211,
    "medianAE": 1.4299839592322563,
    "n": 332,
    "rmse": 2.279117896848574
  },
  "train": {
    "bias": 4.679808320092948e-11,
    "corr": 0.9992206907013779,
    "mae": 0.47433313467364313,
    "maxAE": 6.782615973291406,
    "medianAE": 0.3738754018854955,
    "n": 1224,
    "rmse": 0.6542745317589042
  },
  "validation": {
    "bias": -0.45068049774049324,
    "corr": 0.9919174140193174,
    "mae": 1.9634172590705041,
    "maxAE": 7.943050209181514,
    "medianAE": 1.403962034127595,
    "n": 214,
    "rmse": 2.5794897848635796
  }
}