{
  "test": {
    "bias": 0.36830507561648085,
    "corr": 0.9907136403612826,
    "mae": 1.8478547458868104,
    "maxAE": 8.161986710016528,
    "medianAE": 1.4216000769170662,
    "n": 332,
    "rmse": 2.3813347670868223
  },
  "train": {
    "bias": 3.4080694693365524e-11,
    "corr": 0.998695123102162,
    "mae": 0.6352924015109298,
    "maxAE": 6.971671858949353,
    "medianAE": 0.5065841604034489,
    "n": 1224,
    "rmse": 0.8459519702729745
  },
  "validation": {
    "bias": -0.2030742559297221,
    "corr": 0.9919355797211736,
    "mae": 1.9282564485446234,
    "maxAE": 7.566442693862925,
    "medianAE": 1.5598007425678873,
    "n": 214,
    "rmse": 2.5178602267663663
  }
}