{
  "test": {
    "bias": 0.2741037675053066,
    "corr": 0.990160963385496,
    "mae": 1.8579738292107681,
    "maxAE": 9.490746830669039,
    "medianAE": 1.4139695359158466,
    "n": 332,
    "rmse": 2.4354974335201143
  },
  "train": {
    "bias": -5.094559487417511e-11,
    "corr": 0.9988650575504631,
    "mae": 0.5905038820431712,
    "maxAE": 6.8193428239622484,
    "medianAE": 0.4615211055368391,
    "n": 1224,
    "rmse": 0.7891600420321747
  },
  "validation": {
    "bias": -0.15756439222671917,
    "corr": 0.9923706547085867,
    "mae": 1.8775574225277338,
    "maxAE": 7.472420704365305,
    "medianAE": 1.5503547484576643,
    "n": 214,
    "rmse": 2.4445752479986735
  }
}