{
  "test": {
    "bias": 0.39537441614286395,
    "corr": 0.9907997386321128,
    "mae": 1.947112265926818,
    "maxAE": 8.495011275067952,
    "medianAE": 1.5734465156860722,
    "n": 363,
    "rmse": 2.5365183374057447
  },
  "train": {
    "bias": -4.2768217435224e-11,
    "corr": 0.9975243158812409,
    "mae": 0.8789706022503544,
    "maxAE": 9.332089504376338,
    "medianAE": 0.6990897127463818,
    "n": 1224,
    "rmse": 1.164196668507446
  },
  "validation": {
    "bias": 0.031317055868185326,
    "corr": 0.9884806035138802,
    "mae": 1.9413685482712653,
    "maxAE": 8.689494848888529,
    "medianAE": 1.5200993656920794,
    "n": 184,
    "rmse": 2.5256258226647224
  }
}