{
  "test": {
    "bias": 0.40260889183898424,
    "corr": 0.9907188018650765,
    "mae": 1.8318845484198867,
    "maxAE": 9.53428589121041,
    "medianAE": 1.5236574690362268,
    "n": 332,
    "rmse": 2.384831648696555
  },
  "train": {
    "bias": 8.232412572990107e-12,
    "corr": 0.9988725851152258,
    "mae": 0.578956184749488,
    "maxAE": 7.2149928049192695,
    "medianAE": 0.4565929854336943,
    "n": 1224,
    "rmse": 0.786719728262332
  },
  "validation": {
    "bias": -0.1829673876510598,
    "corr": 0.9921518094142836,
    "mae": 1.8984823958340034,
    "maxAE": 7.631774823293625,
    "medianAE": 1.521641031212745,
    "n": 214,
    "rmse": 2.4792490789356076
  }
}