{
  "base_features": [
    "nbm_tmax_f",
    "gfs_tmax_f",
    "gefsatmosmean_tmax_f",
    "nam_tmax_f",
    "hrrr_tmax_f",
    "rap_tmax_f",
    "gefsatmos_tmp_spread_f",
    "month",
    "day_of_year",
    "sin_doy",
    "cos_doy",
    "is_weekend"
  ],
  "derived_features": {
    "formulas": [
      {
        "formula": "knn_regime_resid_mean",
        "name": "knn_reg_resid_mean_k20_l2"
      },
      {
        "formula": "knn_regime_dist_mean",
        "name": "knn_reg_dist_mean_k20_l2"
      },
      {
        "formula": "knn_regime_neighbor_count",
        "name": "knn_reg_neighbor_count_l2"
      }
    ],
    "imputation": {
      "fill_values": {
        "cos_doy": -0.06553708331203101,
        "day_of_year": 167.0,
        "gefsatmos_tmp_spread_f": 1.985091821481542,
        "gefsatmosmean_tmax_f": 63.38288233996978,
        "gfs_tmax_f": 64.5,
        "hrrr_tmax_f": 63.429676513671915,
        "is_weekend": 0.0,
        "knn_reg_dist_mean_k20_l2": 1.0626670742952755,
        "knn_reg_neighbor_count_l2": 20.0,
        "knn_reg_resid_mean_k20_l2": 1.34473165616268,
        "month": 6.0,
        "nam_tmax_f": 63.0,
        "nbm_tmax_f": 63.175991210937525,
        "rap_tmax_f": 62.58964813232426,
        "sin_doy": 0.15951094710994368
      },
      "method": "train_median"
    },
    "train_fitted": [
      {
        "default": 2.465098209625438,
        "features": [
          "nbm_tmax_f",
          "gfs_tmax_f",
          "gefsatmosmean_tmax_f",
          "nam_tmax_f",
          "hrrr_tmax_f",
          "rap_tmax_f",
          "ens_std",
          "sin_doy",
          "cos_doy"
        ],
        "fit_on": "train",
        "name": "knn_regime_restricted",
        "scaler": {
          "cols": [
            "nbm_tmax_f",
            "gfs_tmax_f",
            "gefsatmosmean_tmax_f",
            "nam_tmax_f",
            "hrrr_tmax_f",
            "rap_tmax_f",
            "ens_std",
            "sin_doy",
            "cos_doy"
          ],
          "mean": [
            63.22669649011956,
            63.84395424836601,
            63.93225178197049,
            63.30555555555556,
            63.549676836799215,
            62.38739490284644,
            1.9724350522718126,
            0.076249519026095,
            -0.03830601337952942
          ],
          "scale": [
            16.744913671392055,
            16.43538534849312,
            17.715798139763308,
            16.16064478057846,
            18.04587973742932,
            17.794629792899077,
            0.8943820168637893,
            0.7113279903785942,
            0.6976612002191372
          ]
        },
        "thresholds": {
          "KNYC": 2.465098209625438
        }
      }
    ]
  },
  "description": "Regime-restricted analogs",
  "experiment_id": "E85"
}