{
  "test": {
    "bias": 0.4142946307215978,
    "corr": 0.9910547276458156,
    "mae": 1.77273643297744,
    "maxAE": 8.819139520035314,
    "medianAE": 1.400430815303153,
    "n": 332,
    "rmse": 2.345893920490374
  },
  "train": {
    "bias": -1.8405916732647151e-10,
    "corr": 0.998790441087636,
    "mae": 0.6039327439290788,
    "maxAE": 6.758893092910917,
    "medianAE": 0.4924605410881,
    "n": 1224,
    "rmse": 0.8149047360757887
  },
  "validation": {
    "bias": -0.2611047314805766,
    "corr": 0.9924851228126453,
    "mae": 1.8354086287268967,
    "maxAE": 8.372586201572929,
    "medianAE": 1.4652178453103843,
    "n": 214,
    "rmse": 2.451458432201155
  }
}