{
  "test": {
    "bias": 0.2923103802555853,
    "corr": 0.9910203510991926,
    "mae": 1.7749391911782322,
    "maxAE": 8.939964202108605,
    "medianAE": 1.4217607980756952,
    "n": 332,
    "rmse": 2.3308541580390423
  },
  "train": {
    "bias": -1.3217027182224162e-10,
    "corr": 0.999281282784894,
    "mae": 0.46255079192107174,
    "maxAE": 6.496342362336119,
    "medianAE": 0.36869968805749664,
    "n": 1224,
    "rmse": 0.6283491437727025
  },
  "validation": {
    "bias": -0.05662422620973506,
    "corr": 0.992610667366396,
    "mae": 1.818848160486744,
    "maxAE": 6.929169863178998,
    "medianAE": 1.3617476961752253,
    "n": 214,
    "rmse": 2.3892472910968445
  }
}