{
  "test": {
    "bias": 0.3058410395810584,
    "corr": 0.9909501734796271,
    "mae": 1.806662088666384,
    "maxAE": 9.653193534252445,
    "medianAE": 1.4716924145063572,
    "n": 332,
    "rmse": 2.3412990025888543
  },
  "train": {
    "bias": -5.979980200200783e-11,
    "corr": 0.998832870971336,
    "mae": 0.6019276526985741,
    "maxAE": 6.84532578470299,
    "medianAE": 0.4690622053688074,
    "n": 1224,
    "rmse": 0.8005225454404764
  },
  "validation": {
    "bias": -0.32621459885042037,
    "corr": 0.9925211161344327,
    "mae": 1.8355320202646115,
    "maxAE": 6.873078796344089,
    "medianAE": 1.4087075175296562,
    "n": 214,
    "rmse": 2.4236566911938353
  }
}