{
  "test": {
    "bias": 0.3065491565882491,
    "corr": 0.990700101309823,
    "mae": 1.8287554771442425,
    "maxAE": 8.835912676340861,
    "medianAE": 1.4175426500103363,
    "n": 332,
    "rmse": 2.373184877822279
  },
  "train": {
    "bias": -1.175029166196646e-10,
    "corr": 0.9986663730382794,
    "mae": 0.6428186388906398,
    "maxAE": 6.71868881436043,
    "medianAE": 0.5122394684033651,
    "n": 1224,
    "rmse": 0.8552717368776352
  },
  "validation": {
    "bias": -0.1722622957292098,
    "corr": 0.9919008302481066,
    "mae": 1.921052966695252,
    "maxAE": 8.177647051671336,
    "medianAE": 1.6470471756518883,
    "n": 214,
    "rmse": 2.5110081609939976
  }
}