{
  "test": {
    "bias": 0.44318934387954617,
    "corr": 0.9905186563156434,
    "mae": 1.8380121266235803,
    "maxAE": 9.26488749457522,
    "medianAE": 1.4474211315185528,
    "n": 332,
    "rmse": 2.416708552246508
  },
  "train": {
    "bias": -2.1736245628382788e-10,
    "corr": 0.9987044075226394,
    "mae": 0.6194772164054612,
    "maxAE": 7.573196119420608,
    "medianAE": 0.46736919662505727,
    "n": 1224,
    "rmse": 0.8432148627049743
  },
  "validation": {
    "bias": -0.22330394456021604,
    "corr": 0.9923757277182882,
    "mae": 1.8480987295278821,
    "maxAE": 7.506565144072049,
    "medianAE": 1.3691482502290278,
    "n": 214,
    "rmse": 2.450179552489636
  }
}