source,item_id,issue_day_utc,cycle_hour,lead_hour_requested,issued_at_utc,valid_at_utc,lead_hour_grib,availability_proxy_utc,variable,grib_short_name,grib_name,grib_type_of_level,grib_level,grib_step_type,grib_units,normalized_units,grid_point_count,bbox_min,bbox_mean,bbox_median,bbox_max,bbox_std
gefs_control,gefs_control_20260706_18z_f003,2026-07-06,18,3,2026-07-06T18:00:00Z,2026-07-06T21:00:00Z,,2026-07-07T00:00:00Z,cape,cape,Convective available potential energy,surface,,instant,J kg**-1,J_kg_1,99,105.0,942.080808080808,769.0,2111.0,658.585040899288
gefs_control,gefs_control_20260706_18z_f003,2026-07-06,18,3,2026-07-06T18:00:00Z,2026-07-06T21:00:00Z,,2026-07-07T00:00:00Z,cin,cin,Convective inhibition,surface,,instant,J kg**-1,J_kg_1,99,-39.474609375,-11.828144728535351,-9.474609375,-0.474609375,11.072135497318136
gefs_control,gefs_control_20260706_18z_f003,2026-07-06,18,3,2026-07-06T18:00:00Z,2026-07-06T21:00:00Z,,2026-07-07T00:00:00Z,d2m,2d,2 metre dewpoint temperature,heightAboveGround,,instant,K,degC,99,21.949975585937523,24.22472503353853,24.249963378906276,25.749963378906276,1.1601442741987869
gefs_control,gefs_control_20260706_18z_f003,2026-07-06,18,3,2026-07-06T18:00:00Z,2026-07-06T21:00:00Z,,2026-07-07T00:00:00Z,gust,gust,Wind speed (gust),surface,,instant,m s**-1,m_s_1,99,1.5454777479171753,8.046487943090574,9.545477867126465,12.545477867126465,3.638778149096309
gefs_control,gefs_control_20260706_18z_f003,2026-07-06,18,3,2026-07-06T18:00:00Z,2026-07-06T21:00:00Z,,2026-07-07T00:00:00Z,prmsl,prmsl,Pressure reduced to MSL,meanSea,,instant,Pa,hPa,99,1005.957734375,1007.2606597222224,1007.339765625,1008.36171875,0.6679335027122927
gefs_control,gefs_control_20260706_18z_f003,2026-07-06,18,3,2026-07-06T18:00:00Z,2026-07-06T21:00:00Z,,2026-07-07T00:00:00Z,r2,2r,2 metre relative humidity,heightAboveGround,,instant,%,,99,74.90021514892578,85.84668161411479,83.80021667480469,98.30021667480467,5.821474259082226
gefs_control,gefs_control_20260706_18z_f003,2026-07-06,18,3,2026-07-06T18:00:00Z,2026-07-06T21:00:00Z,,2026-07-07T00:00:00Z,sdswrf,sdswrf,Surface downward short-wave radiation flux,surface,,avg,W m**-2,W_m_2,99,0.0,0.0,0.0,0.0,0.0
gefs_control,gefs_control_20260706_18z_f003,2026-07-06,18,3,2026-07-06T18:00:00Z,2026-07-06T21:00:00Z,,2026-07-07T00:00:00Z,t2m,2t,2 metre temperature,heightAboveGround,,instant,K,degC,99,22.2499938964844,26.84191869870583,27.550012207031276,29.2499938964844,2.0470074646109144
gefs_control,gefs_control_20260706_18z_f003,2026-07-06,18,3,2026-07-06T18:00:00Z,2026-07-06T21:00:00Z,,2026-07-07T00:00:00Z,tcc,tcc,Total Cloud Cover,atmosphere,,avg,%,,99,57.0,90.87878787878788,95.0,100.0,10.733006514196871
gefs_control,gefs_control_20260706_18z_f003,2026-07-06,18,3,2026-07-06T18:00:00Z,2026-07-06T21:00:00Z,,2026-07-07T00:00:00Z,tmax,tmax,Maximum temperature,heightAboveGround,,max,K,degC,99,22.7499938964844,27.006564731790583,27.7499938964844,29.2499938964844,1.9462044006068568
gefs_control,gefs_control_20260706_18z_f003,2026-07-06,18,3,2026-07-06T18:00:00Z,2026-07-06T21:00:00Z,,2026-07-07T00:00:00Z,tmin,tmin,Minimum temperature,heightAboveGround,,min,K,degC,99,22.297235107421898,26.582090497257752,27.197229003906276,28.997247314453148,1.9458507999602537
gefs_control,gefs_control_20260706_18z_f003,2026-07-06,18,3,2026-07-06T18:00:00Z,2026-07-06T21:00:00Z,,2026-07-07T00:00:00Z,tp,tp,Total Precipitation,surface,,accum,kg m**-2,kg_m_2,99,0.0,4.0242424422893865,3.400000095367432,11.5,3.4198201688301
gefs_control,gefs_control_20260706_18z_f003,2026-07-06,18,3,2026-07-06T18:00:00Z,2026-07-06T21:00:00Z,,2026-07-07T00:00:00Z,u10,10u,10 metre U wind component,heightAboveGround,,instant,m s**-1,m_s_1,99,-2.6519970893859863,-0.3738152545246512,-0.0219970699399709,1.678002953529358,0.9803754901684848
gefs_control,gefs_control_20260706_18z_f003,2026-07-06,18,3,2026-07-06T18:00:00Z,2026-07-06T21:00:00Z,,2026-07-07T00:00:00Z,v10,10v,10 metre V wind component,heightAboveGround,,instant,m s**-1,m_s_1,99,0.207314446568489,5.334789234429899,5.797314643859863,10.117314338684082,3.539205077584475
gefs_control,gefs_control_20260706_18z_f006,2026-07-06,18,6,2026-07-06T18:00:00Z,2026-07-07T00:00:00Z,,2026-07-07T00:00:00Z,cape,cape,Convective available potential energy,surface,,instant,J kg**-1,J_kg_1,99,174.0,835.1414141414141,586.0,2147.0,605.0348518236223
gefs_control,gefs_control_20260706_18z_f006,2026-07-06,18,6,2026-07-06T18:00:00Z,2026-07-07T00:00:00Z,,2026-07-07T00:00:00Z,cin,cin,Convective inhibition,surface,,instant,J kg**-1,J_kg_1,99,-24.0499267578125,-5.03982574771149,-3.0499267578125,-0.0499267578125,4.989878542468227
gefs_control,gefs_control_20260706_18z_f006,2026-07-06,18,6,2026-07-06T18:00:00Z,2026-07-07T00:00:00Z,,2026-07-07T00:00:00Z,d2m,2d,2 metre dewpoint temperature,heightAboveGround,,instant,K,degC,99,22.350000000000023,24.2035245644926,24.149987792968773,25.850000000000023,0.9623528768861764
gefs_control,gefs_control_20260706_18z_f006,2026-07-06,18,6,2026-07-06T18:00:00Z,2026-07-07T00:00:00Z,,2026-07-07T00:00:00Z,gust,gust,Wind speed (gust),surface,,instant,m s**-1,m_s_1,99,1.7838165760040283,8.478766007856889,9.18381690979004,11.883816719055176,2.6539991887590646
gefs_control,gefs_control_20260706_18z_f006,2026-07-06,18,6,2026-07-06T18:00:00Z,2026-07-07T00:00:00Z,,2026-07-07T00:00:00Z,prmsl,prmsl,Pressure reduced to MSL,meanSea,,instant,Pa,hPa,99,1006.735078125,1007.998496685606,1008.065078125,1008.97109375,0.5639132295716079
gefs_control,gefs_control_20260706_18z_f006,2026-07-06,18,6,2026-07-06T18:00:00Z,2026-07-07T00:00:00Z,,2026-07-07T00:00:00Z,r2,2r,2 metre relative humidity,heightAboveGround,,instant,%,,99,74.41680145263672,84.15215463349314,82.41680145263672,98.81680297851562,4.977754859010068
gefs_control,gefs_control_20260706_18z_f006,2026-07-06,18,6,2026-07-06T18:00:00Z,2026-07-07T00:00:00Z,,2026-07-07T00:00:00Z,sdswrf,sdswrf,Surface downward short-wave radiation flux,surface,,avg,W m**-2,W_m_2,99,2.319999933242798,23.294545354265157,7.935999870300293,72.76799774169922,22.629150529812755
gefs_control,gefs_control_20260706_18z_f006,2026-07-06,18,6,2026-07-06T18:00:00Z,2026-07-07T00:00:00Z,,2026-07-07T00:00:00Z,t2m,2t,2 metre temperature,heightAboveGround,,instant,K,degC,99,23.149987792968773,27.140885231711668,27.249963378906276,29.249963378906276,1.56934552083761
gefs_control,gefs_control_20260706_18z_f006,2026-07-06,18,6,2026-07-06T18:00:00Z,2026-07-07T00:00:00Z,,2026-07-07T00:00:00Z,tcc,tcc,Total Cloud Cover,atmosphere,,avg,%,,99,52.0,93.03030303030305,97.0,100.0,10.345988873315036
gefs_control,gefs_control_20260706_18z_f006,2026-07-06,18,6,2026-07-06T18:00:00Z,2026-07-07T00:00:00Z,,2026-07-07T00:00:00Z,tmax,tmax,Maximum temperature,heightAboveGround,,max,K,degC,99,23.349969482421898,27.426742152975084,27.849969482421898,29.349969482421898,1.523473178528273
gefs_control,gefs_control_20260706_18z_f006,2026-07-06,18,6,2026-07-06T18:00:00Z,2026-07-07T00:00:00Z,,2026-07-07T00:00:00Z,tmin,tmin,Minimum temperature,heightAboveGround,,min,K,degC,99,22.197229003906276,26.48915984799165,26.897241210937523,28.997247314453148,1.9545175920476936
gefs_control,gefs_control_20260706_18z_f006,2026-07-06,18,6,2026-07-06T18:00:00Z,2026-07-07T00:00:00Z,,2026-07-07T00:00:00Z,tp,tp,Total Precipitation,surface,,accum,kg m**-2,kg_m_2,99,0.1000000014901161,7.936363650316542,7.800000190734863,19.399999618530277,5.79845770897949
gefs_control,gefs_control_20260706_18z_f006,2026-07-06,18,6,2026-07-06T18:00:00Z,2026-07-07T00:00:00Z,,2026-07-07T00:00:00Z,u10,10u,10 metre U wind component,heightAboveGround,,instant,m s**-1,m_s_1,99,-4.091796875,-0.0406857639024354,0.1182031258940696,2.5682032108306885,1.3640743337110788
gefs_control,gefs_control_20260706_18z_f006,2026-07-06,18,6,2026-07-06T18:00:00Z,2026-07-07T00:00:00Z,,2026-07-07T00:00:00Z,v10,10v,10 metre V wind component,heightAboveGround,,instant,m s**-1,m_s_1,99,0.6881250143051147,5.468933071150924,5.518125057220459,9.288125038146973,2.8604568581287237
gefs_control,gefs_control_20260706_18z_f009,2026-07-06,18,9,2026-07-06T18:00:00Z,2026-07-07T03:00:00Z,,2026-07-07T00:00:00Z,cape,cape,Convective available potential energy,surface,,instant,J kg**-1,J_kg_1,99,129.0,715.040404040404,584.0,1841.0,465.9177522941866
gefs_control,gefs_control_20260706_18z_f009,2026-07-06,18,9,2026-07-06T18:00:00Z,2026-07-07T03:00:00Z,,2026-07-07T00:00:00Z,cin,cin,Convective inhibition,surface,,instant,J kg**-1,J_kg_1,99,-15.8818359375,-3.073755129419192,-1.8818359375,0.1181640625,3.326285785193928
gefs_control,gefs_control_20260706_18z_f009,2026-07-06,18,9,2026-07-06T18:00:00Z,2026-07-07T03:00:00Z,,2026-07-07T00:00:00Z,d2m,2d,2 metre dewpoint temperature,heightAboveGround,,instant,K,degC,99,22.433129882812523,24.153333012744653,24.133142089843773,25.633142089843773,0.8500744384510084
gefs_control,gefs_control_20260706_18z_f009,2026-07-06,18,9,2026-07-06T18:00:00Z,2026-07-07T03:00:00Z,,2026-07-07T00:00:00Z,gust,gust,Wind speed (gust),surface,,instant,m s**-1,m_s_1,99,1.8174993991851809,7.671034716596507,8.117499351501465,10.917499542236328,2.139872239795982
gefs_control,gefs_control_20260706_18z_f009,2026-07-06,18,9,2026-07-06T18:00:00Z,2026-07-07T03:00:00Z,,2026-07-07T00:00:00Z,prmsl,prmsl,Pressure reduced to MSL,meanSea,,instant,Pa,hPa,99,1007.62765625,1008.9904758522728,1009.091640625,1009.709609375,0.5300820238898388
gefs_control,gefs_control_20260706_18z_f009,2026-07-06,18,9,2026-07-06T18:00:00Z,2026-07-07T03:00:00Z,,2026-07-07T00:00:00Z,r2,2r,2 metre relative humidity,heightAboveGround,,instant,%,,99,71.53738403320312,83.43738386366103,81.33738708496094,98.63738250732422,5.47763104998981
gefs_control,gefs_control_20260706_18z_f009,2026-07-06,18,9,2026-07-06T18:00:00Z,2026-07-07T03:00:00Z,,2026-07-07T00:00:00Z,sdswrf,sdswrf,Surface downward short-wave radiation flux,surface,,avg,W m**-2,W_m_2,99,29.472000122070312,192.0900184554283,86.30400085449219,670.7839965820312,191.49506807770084
gefs_control,gefs_control_20260706_18z_f009,2026-07-06,18,9,2026-07-06T18:00:00Z,2026-07-07T03:00:00Z,,2026-07-07T00:00:00Z,t2m,2t,2 metre temperature,heightAboveGround,,instant,K,degC,99,23.578973388671898,27.242821340849925,27.4689880371094,29.268975830078148,1.4490173081223032
gefs_control,gefs_control_20260706_18z_f009,2026-07-06,18,9,2026-07-06T18:00:00Z,2026-07-07T03:00:00Z,,2026-07-07T00:00:00Z,tcc,tcc,Total Cloud Cover,atmosphere,,avg,%,,99,52.0,98.26262626262626,100.0,100.0,6.55294807367493
gefs_control,gefs_control_20260706_18z_f009,2026-07-06,18,9,2026-07-06T18:00:00Z,2026-07-07T03:00:00Z,,2026-07-07T00:00:00Z,tmax,tmax,Maximum temperature,heightAboveGround,,max,K,degC,99,23.649987792968773,27.478281410294368,27.649987792968773,29.350000000000023,1.4184956028954296
gefs_control,gefs_control_20260706_18z_f009,2026-07-06,18,9,2026-07-06T18:00:00Z,2026-07-07T03:00:00Z,,2026-07-07T00:00:00Z,tmin,tmin,Minimum temperature,heightAboveGround,,min,K,degC,99,23.2289978027344,26.91514578154595,26.998986816406276,29.158990478515648,1.5664505520572851
gefs_control,gefs_control_20260706_18z_f009,2026-07-06,18,9,2026-07-06T18:00:00Z,2026-07-07T03:00:00Z,,2026-07-07T00:00:00Z,tp,tp,Total Precipitation,surface,,accum,kg m**-2,kg_m_2,99,0.4000000059604645,3.7707070666130154,3.200000047683716,10.0,2.4933954101974862
gefs_control,gefs_control_20260706_18z_f009,2026-07-06,18,9,2026-07-06T18:00:00Z,2026-07-07T03:00:00Z,,2026-07-07T00:00:00Z,u10,10u,10 metre U wind component,heightAboveGround,,instant,m s**-1,m_s_1,99,-3.1884424686431885,0.2318606445885667,0.421557605266571,4.181557655334473,1.5910637271927566
gefs_control,gefs_control_20260706_18z_f009,2026-07-06,18,9,2026-07-06T18:00:00Z,2026-07-07T03:00:00Z,,2026-07-07T00:00:00Z,v10,10v,10 metre V wind component,heightAboveGround,,instant,m s**-1,m_s_1,99,0.8915576338768005,4.774789970932585,4.661557674407959,8.611557960510254,2.221999216098086
gefs_control,gefs_control_20260706_18z_f012,2026-07-06,18,12,2026-07-06T18:00:00Z,2026-07-07T06:00:00Z,,2026-07-07T00:00:00Z,cape,cape,Convective available potential energy,surface,,instant,J kg**-1,J_kg_1,99,86.0,859.7575757575758,651.0,2238.0,614.4735135107486
gefs_control,gefs_control_20260706_18z_f012,2026-07-06,18,12,2026-07-06T18:00:00Z,2026-07-07T06:00:00Z,,2026-07-07T00:00:00Z,cin,cin,Convective inhibition,surface,,instant,J kg**-1,J_kg_1,99,-27.6646728515625,-4.179824366714016,-2.6646728515625,0.3353271484375,5.150980364398306
gefs_control,gefs_control_20260706_18z_f012,2026-07-06,18,12,2026-07-06T18:00:00Z,2026-07-07T06:00:00Z,,2026-07-07T00:00:00Z,d2m,2d,2 metre dewpoint temperature,heightAboveGround,,instant,K,degC,99,22.408410644531276,24.27307011768073,24.208428955078148,25.908410644531276,0.9857904782796624
gefs_control,gefs_control_20260706_18z_f012,2026-07-06,18,12,2026-07-06T18:00:00Z,2026-07-07T06:00:00Z,,2026-07-07T00:00:00Z,gust,gust,Wind speed (gust),surface,,instant,m s**-1,m_s_1,99,2.427215576171875,6.800952981216739,7.027215480804443,12.227215766906738,2.410439687813146
gefs_control,gefs_control_20260706_18z_f012,2026-07-06,18,12,2026-07-06T18:00:00Z,2026-07-07T06:00:00Z,,2026-07-07T00:00:00Z,prmsl,prmsl,Pressure reduced to MSL,meanSea,,instant,Pa,hPa,99,1005.93328125,1007.399741161616,1007.521328125,1008.159296875,0.580544078128522
gefs_control,gefs_control_20260706_18z_f012,2026-07-06,18,12,2026-07-06T18:00:00Z,2026-07-07T06:00:00Z,,2026-07-07T00:00:00Z,r2,2r,2 metre relative humidity,heightAboveGround,,instant,%,,99,72.9312744140625,82.88885313091856,81.73127746582031,96.63127899169922,4.95097357513057
gefs_control,gefs_control_20260706_18z_f012,2026-07-06,18,12,2026-07-06T18:00:00Z,2026-07-07T06:00:00Z,,2026-07-07T00:00:00Z,sdswrf,sdswrf,Surface downward short-wave radiation flux,surface,,avg,W m**-2,W_m_2,99,49.3759994506836,215.8867074215051,135.4239959716797,794.0159912109375,185.20607549016472
gefs_control,gefs_control_20260706_18z_f012,2026-07-06,18,12,2026-07-06T18:00:00Z,2026-07-07T06:00:00Z,,2026-07-07T00:00:00Z,t2m,2t,2 metre temperature,heightAboveGround,,instant,K,degC,99,24.149987792968773,27.465151145241496,27.7499938964844,29.550012207031276,1.4138109801504433
gefs_control,gefs_control_20260706_18z_f012,2026-07-06,18,12,2026-07-06T18:00:00Z,2026-07-07T06:00:00Z,,2026-07-07T00:00:00Z,tcc,tcc,Total Cloud Cover,atmosphere,,avg,%,,99,66.0,98.77777777777776,100.0,100.0,4.713092779330456
gefs_control,gefs_control_20260706_18z_f012,2026-07-06,18,12,2026-07-06T18:00:00Z,2026-07-07T06:00:00Z,,2026-07-07T00:00:00Z,tmax,tmax,Maximum temperature,heightAboveGround,,max,K,degC,99,24.149987792968773,27.689393076270537,28.050012207031276,29.550012207031276,1.3318793240374434
gefs_control,gefs_control_20260706_18z_f012,2026-07-06,18,12,2026-07-06T18:00:00Z,2026-07-07T06:00:00Z,,2026-07-07T00:00:00Z,tmin,tmin,Minimum temperature,heightAboveGround,,min,K,degC,99,23.227197265625023,26.86720698192868,26.997216796875023,29.057214355468773,1.551706676935087
gefs_control,gefs_control_20260706_18z_f012,2026-07-06,18,12,2026-07-06T18:00:00Z,2026-07-07T06:00:00Z,,2026-07-07T00:00:00Z,tp,tp,Total Precipitation,surface,,accum,kg m**-2,kg_m_2,99,0.8999999761581421,5.462626251307401,5.0,13.5,3.0634893342665355
gefs_control,gefs_control_20260706_18z_f012,2026-07-06,18,12,2026-07-06T18:00:00Z,2026-07-07T06:00:00Z,,2026-07-07T00:00:00Z,u10,10u,10 metre U wind component,heightAboveGround,,instant,m s**-1,m_s_1,99,-2.964238166809082,-0.4375716081839243,-0.8242383003234863,4.085761547088623,1.7204039876460049
gefs_control,gefs_control_20260706_18z_f012,2026-07-06,18,12,2026-07-06T18:00:00Z,2026-07-07T06:00:00Z,,2026-07-07T00:00:00Z,v10,10v,10 metre V wind component,heightAboveGround,,instant,m s**-1,m_s_1,99,0.6729052662849426,3.8046224478519326,3.3529052734375,8.432905197143555,2.1222129923663955
gefs_control,gefs_control_20260706_18z_f015,2026-07-06,18,15,2026-07-06T18:00:00Z,2026-07-07T09:00:00Z,,2026-07-07T00:00:00Z,cape,cape,Convective available potential energy,surface,,instant,J kg**-1,J_kg_1,99,95.0,1004.929292929293,693.0,2322.0,700.4382791362119
gefs_control,gefs_control_20260706_18z_f015,2026-07-06,18,15,2026-07-06T18:00:00Z,2026-07-07T09:00:00Z,,2026-07-07T00:00:00Z,cin,cin,Convective inhibition,surface,,instant,J kg**-1,J_kg_1,99,-27.373046875,-4.2417337436868685,-2.373046875,-0.373046875,5.483946202549203
gefs_control,gefs_control_20260706_18z_f015,2026-07-06,18,15,2026-07-06T18:00:00Z,2026-07-07T09:00:00Z,,2026-07-07T00:00:00Z,d2m,2d,2 metre dewpoint temperature,heightAboveGround,,instant,K,degC,99,22.044213867187523,24.423013459793264,24.3442321777344,26.044213867187523,1.1941174244713495
gefs_control,gefs_control_20260706_18z_f015,2026-07-06,18,15,2026-07-06T18:00:00Z,2026-07-07T09:00:00Z,,2026-07-07T00:00:00Z,gust,gust,Wind speed (gust),surface,,instant,m s**-1,m_s_1,99,1.694321870803833,6.725635013194999,7.29432201385498,11.994321823120115,2.652943705907324
gefs_control,gefs_control_20260706_18z_f015,2026-07-06,18,15,2026-07-06T18:00:00Z,2026-07-07T09:00:00Z,,2026-07-07T00:00:00Z,prmsl,prmsl,Pressure reduced to MSL,meanSea,,instant,Pa,hPa,99,1004.681015625,1006.3834461805556,1006.52703125,1007.328984375,0.6595596998776692
gefs_control,gefs_control_20260706_18z_f015,2026-07-06,18,15,2026-07-06T18:00:00Z,2026-07-07T09:00:00Z,,2026-07-07T00:00:00Z,r2,2r,2 metre relative humidity,heightAboveGround,,instant,%,,99,66.9626693725586,82.35559729373816,82.4626693725586,97.56266784667967,5.780448361554283
gefs_control,gefs_control_20260706_18z_f015,2026-07-06,18,15,2026-07-06T18:00:00Z,2026-07-07T09:00:00Z,,2026-07-07T00:00:00Z,sdswrf,sdswrf,Surface downward short-wave radiation flux,surface,,avg,W m**-2,W_m_2,99,43.13999938964844,222.70666619503135,244.44000244140625,546.8800048828125,130.60247147840482
gefs_control,gefs_control_20260706_18z_f015,2026-07-06,18,15,2026-07-06T18:00:00Z,2026-07-07T09:00:00Z,,2026-07-07T00:00:00Z,t2m,2t,2 metre temperature,heightAboveGround,,instant,K,degC,99,23.8442321777344,27.747269200797053,28.244226074218773,29.544244384765648,1.3685103492741266
gefs_control,gefs_control_20260706_18z_f015,2026-07-06,18,15,2026-07-06T18:00:00Z,2026-07-07T09:00:00Z,,2026-07-07T00:00:00Z,tcc,tcc,Total Cloud Cover,atmosphere,,avg,%,,99,65.0,96.65656565656566,100.0,100.0,7.272699214311755
gefs_control,gefs_control_20260706_18z_f015,2026-07-06,18,15,2026-07-06T18:00:00Z,2026-07-07T09:00:00Z,,2026-07-07T00:00:00Z,tmax,tmax,Maximum temperature,heightAboveGround,,max,K,degC,99,24.298303222656276,27.946800216520696,28.398309326171898,29.698327636718773,1.3295674139113454
gefs_control,gefs_control_20260706_18z_f015,2026-07-06,18,15,2026-07-06T18:00:00Z,2026-07-07T09:00:00Z,,2026-07-07T00:00:00Z,tmin,tmin,Minimum temperature,heightAboveGround,,min,K,degC,99,23.898309326171898,27.373062041311574,27.798303222656276,29.498315429687523,1.428522875170551
gefs_control,gefs_control_20260706_18z_f015,2026-07-06,18,15,2026-07-06T18:00:00Z,2026-07-07T09:00:00Z,,2026-07-07T00:00:00Z,tp,tp,Total Precipitation,surface,,accum,kg m**-2,kg_m_2,99,0.0,1.1232323253696614,0.4000000059604645,4.699999809265137,1.4235272893960051
gefs_control,gefs_control_20260706_18z_f015,2026-07-06,18,15,2026-07-06T18:00:00Z,2026-07-07T09:00:00Z,,2026-07-07T00:00:00Z,u10,10u,10 metre U wind component,heightAboveGround,,instant,m s**-1,m_s_1,99,-2.6258983612060547,-0.2733731791847432,-0.1758984327316284,1.394101619720459,1.017819352235418
gefs_control,gefs_control_20260706_18z_f015,2026-07-06,18,15,2026-07-06T18:00:00Z,2026-07-07T09:00:00Z,,2026-07-07T00:00:00Z,v10,10v,10 metre V wind component,heightAboveGround,,instant,m s**-1,m_s_1,99,0.375224620103836,3.9215882345281465,3.615224599838257,8.725224494934082,2.3646839534979973
gefs_control,gefs_control_20260706_18z_f018,2026-07-06,18,18,2026-07-06T18:00:00Z,2026-07-07T12:00:00Z,,2026-07-07T00:00:00Z,cape,cape,Convective available potential energy,surface,,instant,J kg**-1,J_kg_1,99,65.0,871.4545454545455,689.0,1999.0,608.1883890874217
gefs_control,gefs_control_20260706_18z_f018,2026-07-06,18,18,2026-07-06T18:00:00Z,2026-07-07T12:00:00Z,,2026-07-07T00:00:00Z,cin,cin,Convective inhibition,surface,,instant,J kg**-1,J_kg_1,99,-81.68359375,-14.63308869949495,-5.68359375,0.31640625,18.72521863360311
gefs_control,gefs_control_20260706_18z_f018,2026-07-06,18,18,2026-07-06T18:00:00Z,2026-07-07T12:00:00Z,,2026-07-07T00:00:00Z,d2m,2d,2 metre dewpoint temperature,heightAboveGround,,instant,K,degC,99,22.308709716796898,24.285471659958983,24.208703613281276,25.908715820312523,1.127957519003002
gefs_control,gefs_control_20260706_18z_f018,2026-07-06,18,18,2026-07-06T18:00:00Z,2026-07-07T12:00:00Z,,2026-07-07T00:00:00Z,gust,gust,Wind speed (gust),surface,,instant,m s**-1,m_s_1,99,1.0365569591522217,6.244637786740005,6.636557102203369,11.436556816101074,3.2634082530289508
gefs_control,gefs_control_20260706_18z_f018,2026-07-06,18,18,2026-07-06T18:00:00Z,2026-07-07T12:00:00Z,,2026-07-07T00:00:00Z,prmsl,prmsl,Pressure reduced to MSL,meanSea,,instant,Pa,hPa,99,1005.11734375,1006.6890506628788,1006.83734375,1007.55140625,0.6339945363044187
gefs_control,gefs_control_20260706_18z_f018,2026-07-06,18,18,2026-07-06T18:00:00Z,2026-07-07T12:00:00Z,,2026-07-07T00:00:00Z,r2,2r,2 metre relative humidity,heightAboveGround,,instant,%,,99,73.31422424316406,84.38795848807904,83.11421966552734,98.21421813964844,5.500588726699832
gefs_control,gefs_control_20260706_18z_f018,2026-07-06,18,18,2026-07-06T18:00:00Z,2026-07-07T12:00:00Z,,2026-07-07T00:00:00Z,sdswrf,sdswrf,Surface downward short-wave radiation flux,surface,,avg,W m**-2,W_m_2,99,27.327999114990234,135.74997930815726,144.1439971923828,306.656005859375,75.83654563640482
gefs_control,gefs_control_20260706_18z_f018,2026-07-06,18,18,2026-07-06T18:00:00Z,2026-07-07T12:00:00Z,,2026-07-07T00:00:00Z,t2m,2t,2 metre temperature,heightAboveGround,,instant,K,degC,99,23.250024414062523,27.20659081044825,27.950036621093773,29.350030517578148,1.7609203766562105
gefs_control,gefs_control_20260706_18z_f018,2026-07-06,18,18,2026-07-06T18:00:00Z,2026-07-07T12:00:00Z,,2026-07-07T00:00:00Z,tcc,tcc,Total Cloud Cover,atmosphere,,avg,%,,99,76.0,96.71717171717172,99.0,100.0,5.4662239363228045
gefs_control,gefs_control_20260706_18z_f018,2026-07-06,18,18,2026-07-06T18:00:00Z,2026-07-07T12:00:00Z,,2026-07-07T00:00:00Z,tmax,tmax,Maximum temperature,heightAboveGround,,max,K,degC,99,24.305047607421898,27.971721364030955,28.505059814453148,29.705041503906276,1.336284872452059
gefs_control,gefs_control_20260706_18z_f018,2026-07-06,18,18,2026-07-06T18:00:00Z,2026-07-07T12:00:00Z,,2026-07-07T00:00:00Z,tmin,tmin,Minimum temperature,heightAboveGround,,min,K,degC,99,23.298303222656276,27.025588896780324,27.698327636718773,29.298303222656276,1.7066031975374916
gefs_control,gefs_control_20260706_18z_f018,2026-07-06,18,18,2026-07-06T18:00:00Z,2026-07-07T12:00:00Z,,2026-07-07T00:00:00Z,tp,tp,Total Precipitation,surface,,accum,kg m**-2,kg_m_2,99,0.0,2.4737373715398285,1.2000000476837158,8.600000381469727,2.6037496621025347
gefs_control,gefs_control_20260706_18z_f018,2026-07-06,18,18,2026-07-06T18:00:00Z,2026-07-07T12:00:00Z,,2026-07-07T00:00:00Z,u10,10u,10 metre U wind component,heightAboveGround,,instant,m s**-1,m_s_1,99,-2.344766139984131,-0.3366854255924923,-0.344766229391098,1.455233812332153,1.092090642168602
gefs_control,gefs_control_20260706_18z_f018,2026-07-06,18,18,2026-07-06T18:00:00Z,2026-07-07T12:00:00Z,,2026-07-07T00:00:00Z,v10,10v,10 metre V wind component,heightAboveGround,,instant,m s**-1,m_s_1,99,-0.3358276486396789,3.7490208383762473,2.96417236328125,7.96417236328125,2.719824836349728
gefs_control,gefs_control_20260706_18z_f021,2026-07-06,18,21,2026-07-06T18:00:00Z,2026-07-07T15:00:00Z,,2026-07-07T00:00:00Z,cape,cape,Convective available potential energy,surface,,instant,J kg**-1,J_kg_1,99,27.0,869.4747474747475,739.0,2120.0,652.7232362186011
gefs_control,gefs_control_20260706_18z_f021,2026-07-06,18,21,2026-07-06T18:00:00Z,2026-07-07T15:00:00Z,,2026-07-07T00:00:00Z,cin,cin,Convective inhibition,surface,,instant,J kg**-1,J_kg_1,99,-77.868896484375,-14.000209615688131,-5.868896484375,0.131103515625,17.910352778756884
gefs_control,gefs_control_20260706_18z_f021,2026-07-06,18,21,2026-07-06T18:00:00Z,2026-07-07T15:00:00Z,,2026-07-07T00:00:00Z,d2m,2d,2 metre dewpoint temperature,heightAboveGround,,instant,K,degC,99,22.250024414062523,24.371234993982817,24.550012207031276,26.250024414062523,1.2347885141215642
gefs_control,gefs_control_20260706_18z_f021,2026-07-06,18,21,2026-07-06T18:00:00Z,2026-07-07T15:00:00Z,,2026-07-07T00:00:00Z,gust,gust,Wind speed (gust),surface,,instant,m s**-1,m_s_1,99,1.2289190292358398,6.222858420526139,7.028919219970703,10.128918647766112,2.9803673267280364
gefs_control,gefs_control_20260706_18z_f021,2026-07-06,18,21,2026-07-06T18:00:00Z,2026-07-07T15:00:00Z,,2026-07-07T00:00:00Z,prmsl,prmsl,Pressure reduced to MSL,meanSea,,instant,Pa,hPa,99,1006.668359375,1008.0859098800504,1008.240390625,1008.814375,0.5329730306080126
gefs_control,gefs_control_20260706_18z_f021,2026-07-06,18,21,2026-07-06T18:00:00Z,2026-07-07T15:00:00Z,,2026-07-07T00:00:00Z,r2,2r,2 metre relative humidity,heightAboveGround,,instant,%,,99,76.33133697509766,86.08890972715436,84.63133239746094,97.73133087158205,5.365322062227345
gefs_control,gefs_control_20260706_18z_f021,2026-07-06,18,21,2026-07-06T18:00:00Z,2026-07-07T15:00:00Z,,2026-07-07T00:00:00Z,sdswrf,sdswrf,Surface downward short-wave radiation flux,surface,,avg,W m**-2,W_m_2,99,0.0,0.0,0.0,0.0,0.0
gefs_control,gefs_control_20260706_18z_f021,2026-07-06,18,21,2026-07-06T18:00:00Z,2026-07-07T15:00:00Z,,2026-07-07T00:00:00Z,t2m,2t,2 metre temperature,heightAboveGround,,instant,K,degC,99,23.050012207031276,26.93989738695551,27.550012207031276,29.149987792968773,1.954920404692008
gefs_control,gefs_control_20260706_18z_f021,2026-07-06,18,21,2026-07-06T18:00:00Z,2026-07-07T15:00:00Z,,2026-07-07T00:00:00Z,tcc,tcc,Total Cloud Cover,atmosphere,,avg,%,,99,34.0,76.75757575757575,82.0,100.0,17.621205607231918
gefs_control,gefs_control_20260706_18z_f021,2026-07-06,18,21,2026-07-06T18:00:00Z,2026-07-07T15:00:00Z,,2026-07-07T00:00:00Z,tmax,tmax,Maximum temperature,heightAboveGround,,max,K,degC,99,23.219018554687523,27.24225167939159,27.919030761718773,29.319024658203148,1.7961693984475096
gefs_control,gefs_control_20260706_18z_f021,2026-07-06,18,21,2026-07-06T18:00:00Z,2026-07-07T15:00:00Z,,2026-07-07T00:00:00Z,tmin,tmin,Minimum temperature,heightAboveGround,,min,K,degC,99,22.995629882812523,26.88452092950996,27.495629882812523,29.095635986328148,1.930975119960979
gefs_control,gefs_control_20260706_18z_f021,2026-07-06,18,21,2026-07-06T18:00:00Z,2026-07-07T15:00:00Z,,2026-07-07T00:00:00Z,tp,tp,Total Precipitation,surface,,accum,kg m**-2,kg_m_2,99,0.0,1.0383838397836445,0.6000000238418579,5.699999809265137,1.284224962313597
gefs_control,gefs_control_20260706_18z_f021,2026-07-06,18,21,2026-07-06T18:00:00Z,2026-07-07T15:00:00Z,,2026-07-07T00:00:00Z,u10,10u,10 metre U wind component,heightAboveGround,,instant,m s**-1,m_s_1,99,-2.391915798187256,-0.4929259945591441,-0.391915887594223,0.8080841302871704,0.8263947428343463
gefs_control,gefs_control_20260706_18z_f021,2026-07-06,18,21,2026-07-06T18:00:00Z,2026-07-07T15:00:00Z,,2026-07-07T00:00:00Z,v10,10v,10 metre V wind component,heightAboveGround,,instant,m s**-1,m_s_1,99,-0.5813934206962585,3.7105257545193338,3.3186066150665283,7.318606376647949,2.631306342754681
gefs_control,gefs_control_20260706_18z_f024,2026-07-06,18,24,2026-07-06T18:00:00Z,2026-07-07T18:00:00Z,,2026-07-07T00:00:00Z,cape,cape,Convective available potential energy,surface,,instant,J kg**-1,J_kg_1,99,52.0,844.2424242424242,797.0,1825.0,597.296435733194
gefs_control,gefs_control_20260706_18z_f024,2026-07-06,18,24,2026-07-06T18:00:00Z,2026-07-07T18:00:00Z,,2026-07-07T00:00:00Z,cin,cin,Convective inhibition,surface,,instant,J kg**-1,J_kg_1,99,-46.346923828125,-11.589348070549242,-6.346923828125,-0.346923828125,12.403234271176006
gefs_control,gefs_control_20260706_18z_f024,2026-07-06,18,24,2026-07-06T18:00:00Z,2026-07-07T18:00:00Z,,2026-07-07T00:00:00Z,d2m,2d,2 metre dewpoint temperature,heightAboveGround,,instant,K,degC,99,22.149987792968773,24.25402776544746,24.449975585937523,25.850000000000023,1.2232527248076337
gefs_control,gefs_control_20260706_18z_f024,2026-07-06,18,24,2026-07-06T18:00:00Z,2026-07-07T18:00:00Z,,2026-07-07T00:00:00Z,gust,gust,Wind speed (gust),surface,,instant,m s**-1,m_s_1,99,1.2197593450546265,5.699557322444337,6.419759273529053,10.51975917816162,3.2166856965200203
gefs_control,gefs_control_20260706_18z_f024,2026-07-06,18,24,2026-07-06T18:00:00Z,2026-07-07T18:00:00Z,,2026-07-07T00:00:00Z,prmsl,prmsl,Pressure reduced to MSL,meanSea,,instant,Pa,hPa,99,1005.61703125,1006.766029040404,1006.82296875,1007.601015625,0.4615107762874283
gefs_control,gefs_control_20260706_18z_f024,2026-07-06,18,24,2026-07-06T18:00:00Z,2026-07-07T18:00:00Z,,2026-07-07T00:00:00Z,r2,2r,2 metre relative humidity,heightAboveGround,,instant,%,,99,79.57614135742188,87.01048795141355,84.87614440917969,98.2761459350586,5.345311882444944
gefs_control,gefs_control_20260706_18z_f024,2026-07-06,18,24,2026-07-06T18:00:00Z,2026-07-07T18:00:00Z,,2026-07-07T00:00:00Z,sdswrf,sdswrf,Surface downward short-wave radiation flux,surface,,avg,W m**-2,W_m_2,99,0.0,0.0,0.0,0.0,0.0
gefs_control,gefs_control_20260706_18z_f024,2026-07-06,18,24,2026-07-06T18:00:00Z,2026-07-07T18:00:00Z,,2026-07-07T00:00:00Z,t2m,2t,2 metre temperature,heightAboveGround,,instant,K,degC,99,22.550012207031276,26.626768231632752,27.050012207031276,29.050012207031276,2.0658756317555858
gefs_control,gefs_control_20260706_18z_f024,2026-07-06,18,24,2026-07-06T18:00:00Z,2026-07-07T18:00:00Z,,2026-07-07T00:00:00Z,tcc,tcc,Total Cloud Cover,atmosphere,,avg,%,,99,24.0,55.13131313131313,57.0,88.0,15.997251319862348
gefs_control,gefs_control_20260706_18z_f024,2026-07-06,18,24,2026-07-06T18:00:00Z,2026-07-07T18:00:00Z,,2026-07-07T00:00:00Z,tmax,tmax,Maximum temperature,heightAboveGround,,max,K,degC,99,23.2905212402344,27.251132294625965,27.890527343750023,29.390527343750023,1.7952139164485426
gefs_control,gefs_control_20260706_18z_f024,2026-07-06,18,24,2026-07-06T18:00:00Z,2026-07-07T18:00:00Z,,2026-07-07T00:00:00Z,tmin,tmin,Minimum temperature,heightAboveGround,,min,K,degC,99,22.495629882812523,26.597650146484398,27.095635986328148,28.995629882812523,2.042675230159438
gefs_control,gefs_control_20260706_18z_f024,2026-07-06,18,24,2026-07-06T18:00:00Z,2026-07-07T18:00:00Z,,2026-07-07T00:00:00Z,tp,tp,Total Precipitation,surface,,accum,kg m**-2,kg_m_2,99,0.0,2.4020201983024374,1.600000023841858,8.0,2.2780453981803093
gefs_control,gefs_control_20260706_18z_f024,2026-07-06,18,24,2026-07-06T18:00:00Z,2026-07-07T18:00:00Z,,2026-07-07T00:00:00Z,u10,10u,10 metre U wind component,heightAboveGround,,instant,m s**-1,m_s_1,99,-2.4472362995147705,-0.638549462355899,-0.6372363567352295,0.8627636432647705,0.7367642147188329
gefs_control,gefs_control_20260706_18z_f024,2026-07-06,18,24,2026-07-06T18:00:00Z,2026-07-07T18:00:00Z,,2026-07-07T00:00:00Z,v10,10v,10 metre V wind component,heightAboveGround,,instant,m s**-1,m_s_1,99,-0.4943749904632568,3.710271453174452,3.065624952316284,8.315625190734863,2.947046899286677
gefs_control,gefs_control_20260706_18z_f027,2026-07-06,18,27,2026-07-06T18:00:00Z,2026-07-07T21:00:00Z,,2026-07-07T00:00:00Z,cape,cape,Convective available potential energy,surface,,instant,J kg**-1,J_kg_1,99,41.0,723.7777777777778,667.0,1576.0,524.5213605640774
gefs_control,gefs_control_20260706_18z_f027,2026-07-06,18,27,2026-07-06T18:00:00Z,2026-07-07T21:00:00Z,,2026-07-07T00:00:00Z,cin,cin,Convective inhibition,surface,,instant,J kg**-1,J_kg_1,99,-45.208251953125,-13.864817609690656,-9.208251953125,-0.208251953125,12.45368114510208
gefs_control,gefs_control_20260706_18z_f027,2026-07-06,18,27,2026-07-06T18:00:00Z,2026-07-07T21:00:00Z,,2026-07-07T00:00:00Z,d2m,2d,2 metre dewpoint temperature,heightAboveGround,,instant,K,degC,99,21.850000000000023,23.992412898516434,24.049981689453148,25.549981689453148,1.1707788830051022
gefs_control,gefs_control_20260706_18z_f027,2026-07-06,18,27,2026-07-06T18:00:00Z,2026-07-07T21:00:00Z,,2026-07-07T00:00:00Z,gust,gust,Wind speed (gust),surface,,instant,m s**-1,m_s_1,99,1.044214367866516,5.720982061492072,6.144214153289795,10.544214248657228,3.028111666987091
gefs_control,gefs_control_20260706_18z_f027,2026-07-06,18,27,2026-07-06T18:00:00Z,2026-07-07T21:00:00Z,,2026-07-07T00:00:00Z,prmsl,prmsl,Pressure reduced to MSL,meanSea,,instant,Pa,hPa,99,1005.25328125,1006.627936395202,1006.699296875,1007.751328125,0.5892095641015709
gefs_control,gefs_control_20260706_18z_f027,2026-07-06,18,27,2026-07-06T18:00:00Z,2026-07-07T21:00:00Z,,2026-07-07T00:00:00Z,r2,2r,2 metre relative humidity,heightAboveGround,,instant,%,,99,77.46776580810547,86.40716259888929,83.86776733398438,98.36776733398438,5.979203526989237
gefs_control,gefs_control_20260706_18z_f027,2026-07-06,18,27,2026-07-06T18:00:00Z,2026-07-07T21:00:00Z,,2026-07-07T00:00:00Z,sdswrf,sdswrf,Surface downward short-wave radiation flux,surface,,avg,W m**-2,W_m_2,99,0.0,0.0,0.0,0.0,0.0
gefs_control,gefs_control_20260706_18z_f027,2026-07-06,18,27,2026-07-06T18:00:00Z,2026-07-07T21:00:00Z,,2026-07-07T00:00:00Z,t2m,2t,2 metre temperature,heightAboveGround,,instant,K,degC,99,22.1162048339844,26.488938210227293,27.016198730468773,29.016198730468773,2.1556526261114617
gefs_control,gefs_control_20260706_18z_f027,2026-07-06,18,27,2026-07-06T18:00:00Z,2026-07-07T21:00:00Z,,2026-07-07T00:00:00Z,tcc,tcc,Total Cloud Cover,atmosphere,,avg,%,,99,0.0,26.949494949494948,28.0,65.0,17.353935156081736
gefs_control,gefs_control_20260706_18z_f027,2026-07-06,18,27,2026-07-06T18:00:00Z,2026-07-07T21:00:00Z,,2026-07-07T00:00:00Z,tmax,tmax,Maximum temperature,heightAboveGround,,max,K,degC,99,22.319665527343773,26.68328740283698,27.119653320312523,29.119653320312523,2.09402530340048
gefs_control,gefs_control_20260706_18z_f027,2026-07-06,18,27,2026-07-06T18:00:00Z,2026-07-07T21:00:00Z,,2026-07-07T00:00:00Z,tmin,tmin,Minimum temperature,heightAboveGround,,min,K,degC,99,22.1845642089844,26.417783548374388,26.9145446777344,28.814538574218773,2.1143950112154557
gefs_control,gefs_control_20260706_18z_f027,2026-07-06,18,27,2026-07-06T18:00:00Z,2026-07-07T21:00:00Z,,2026-07-07T00:00:00Z,tp,tp,Total Precipitation,surface,,accum,kg m**-2,kg_m_2,99,0.0,2.2767676817949374,2.0999999046325684,7.5,1.903682153634071
gefs_control,gefs_control_20260706_18z_f027,2026-07-06,18,27,2026-07-06T18:00:00Z,2026-07-07T21:00:00Z,,2026-07-07T00:00:00Z,u10,10u,10 metre U wind component,heightAboveGround,,instant,m s**-1,m_s_1,99,-2.9897704124450684,-0.9099725289740648,-0.7897704839706421,0.910229504108429,0.8545753018782702
gefs_control,gefs_control_20260706_18z_f027,2026-07-06,18,27,2026-07-06T18:00:00Z,2026-07-07T21:00:00Z,,2026-07-07T00:00:00Z,v10,10v,10 metre V wind component,heightAboveGround,,instant,m s**-1,m_s_1,99,-0.831390380859375,3.540326794214321,3.168609619140625,8.468609809875488,3.066766802476962
gefs_control,gefs_control_20260706_18z_f030,2026-07-06,18,30,2026-07-06T18:00:00Z,2026-07-08T00:00:00Z,,2026-07-07T00:00:00Z,cape,cape,Convective available potential energy,surface,,instant,J kg**-1,J_kg_1,99,62.0,863.6969696969697,965.0,1573.0,483.64300329611086
gefs_control,gefs_control_20260706_18z_f030,2026-07-06,18,30,2026-07-06T18:00:00Z,2026-07-08T00:00:00Z,,2026-07-07T00:00:00Z,cin,cin,Convective inhibition,surface,,instant,J kg**-1,J_kg_1,99,-32.831298828125,-7.689884686710859,-5.831298828125,0.168701171875,7.089628362857702
gefs_control,gefs_control_20260706_18z_f030,2026-07-06,18,30,2026-07-06T18:00:00Z,2026-07-08T00:00:00Z,,2026-07-07T00:00:00Z,d2m,2d,2 metre dewpoint temperature,heightAboveGround,,instant,K,degC,99,22.350000000000023,24.33080783420141,24.550012207031276,25.550012207031276,0.9561780809740056
gefs_control,gefs_control_20260706_18z_f030,2026-07-06,18,30,2026-07-06T18:00:00Z,2026-07-08T00:00:00Z,,2026-07-07T00:00:00Z,gust,gust,Wind speed (gust),surface,,instant,m s**-1,m_s_1,99,1.840324640274048,6.645375143397938,7.140324592590332,11.940324783325195,2.8301541601277185
gefs_control,gefs_control_20260706_18z_f030,2026-07-06,18,30,2026-07-06T18:00:00Z,2026-07-08T00:00:00Z,,2026-07-07T00:00:00Z,prmsl,prmsl,Pressure reduced to MSL,meanSea,,instant,Pa,hPa,99,1006.04375,1007.4090632891412,1007.469765625,1008.569765625,0.6062294007705068
gefs_control,gefs_control_20260706_18z_f030,2026-07-06,18,30,2026-07-06T18:00:00Z,2026-07-08T00:00:00Z,,2026-07-07T00:00:00Z,r2,2r,2 metre relative humidity,heightAboveGround,,instant,%,,99,69.95237731933594,82.34732980439158,82.05238342285156,93.65238189697266,4.473905952749768
gefs_control,gefs_control_20260706_18z_f030,2026-07-06,18,30,2026-07-06T18:00:00Z,2026-07-08T00:00:00Z,,2026-07-07T00:00:00Z,sdswrf,sdswrf,Surface downward short-wave radiation flux,surface,,avg,W m**-2,W_m_2,99,2.671999931335449,54.21042408846846,62.06399917602539,73.79199981689453,20.25958565559353
gefs_control,gefs_control_20260706_18z_f030,2026-07-06,18,30,2026-07-06T18:00:00Z,2026-07-08T00:00:00Z,,2026-07-07T00:00:00Z,t2m,2t,2 metre temperature,heightAboveGround,,instant,K,degC,99,24.450006103515648,27.64393914733272,28.2499938964844,29.050012207031276,1.220103166850463
gefs_control,gefs_control_20260706_18z_f030,2026-07-06,18,30,2026-07-06T18:00:00Z,2026-07-08T00:00:00Z,,2026-07-07T00:00:00Z,tcc,tcc,Total Cloud Cover,atmosphere,,avg,%,,99,0.0,37.82828282828283,38.0,75.0,23.32382507744475
gefs_control,gefs_control_20260706_18z_f030,2026-07-06,18,30,2026-07-06T18:00:00Z,2026-07-08T00:00:00Z,,2026-07-07T00:00:00Z,tmax,tmax,Maximum temperature,heightAboveGround,,max,K,degC,99,24.490289306640648,27.69735415680242,28.2902770996094,29.190270996093773,1.245375689593758
gefs_control,gefs_control_20260706_18z_f030,2026-07-06,18,30,2026-07-06T18:00:00Z,2026-07-08T00:00:00Z,,2026-07-07T00:00:00Z,tmin,tmin,Minimum temperature,heightAboveGround,,min,K,degC,99,22.113793945312523,26.383589064472872,26.9038024902344,28.813775634765648,2.123246148691407
gefs_control,gefs_control_20260706_18z_f030,2026-07-06,18,30,2026-07-06T18:00:00Z,2026-07-08T00:00:00Z,,2026-07-07T00:00:00Z,tp,tp,Total Precipitation,surface,,accum,kg m**-2,kg_m_2,99,0.0,4.632323249045647,4.0,15.899999618530272,3.876237589225388
gefs_control,gefs_control_20260706_18z_f030,2026-07-06,18,30,2026-07-06T18:00:00Z,2026-07-08T00:00:00Z,,2026-07-07T00:00:00Z,u10,10u,10 metre U wind component,heightAboveGround,,instant,m s**-1,m_s_1,99,-3.250720262527466,-1.7113262724996818,-1.7507202625274658,-0.3507202267646789,0.6829552758741042
gefs_control,gefs_control_20260706_18z_f030,2026-07-06,18,30,2026-07-06T18:00:00Z,2026-07-08T00:00:00Z,,2026-07-07T00:00:00Z,v10,10v,10 metre V wind component,heightAboveGround,,instant,m s**-1,m_s_1,99,-0.594592273235321,3.809448124662117,3.5054078102111816,9.10540771484375,2.928643604197077
gefs_control,gefs_control_20260706_18z_f033,2026-07-06,18,33,2026-07-06T18:00:00Z,2026-07-08T03:00:00Z,,2026-07-07T00:00:00Z,cape,cape,Convective available potential energy,surface,,instant,J kg**-1,J_kg_1,99,128.0,1007.939393939394,984.0,1786.0,530.8404203548001
gefs_control,gefs_control_20260706_18z_f033,2026-07-06,18,33,2026-07-06T18:00:00Z,2026-07-08T03:00:00Z,,2026-07-07T00:00:00Z,cin,cin,Convective inhibition,surface,,instant,J kg**-1,J_kg_1,99,-15.6136474609375,-3.108596955886995,-1.6136474609375,0.3863525390625,3.627542611946776
gefs_control,gefs_control_20260706_18z_f033,2026-07-06,18,33,2026-07-06T18:00:00Z,2026-07-08T03:00:00Z,,2026-07-07T00:00:00Z,d2m,2d,2 metre dewpoint temperature,heightAboveGround,,instant,K,degC,99,21.235559082031276,24.38405761718752,24.635583496093773,25.835565185546898,1.249273000142627
gefs_control,gefs_control_20260706_18z_f033,2026-07-06,18,33,2026-07-06T18:00:00Z,2026-07-08T03:00:00Z,,2026-07-07T00:00:00Z,gust,gust,Wind speed (gust),surface,,instant,m s**-1,m_s_1,99,3.223329782485962,7.324339784757055,7.223329544067383,11.523329734802246,2.295515845875591
gefs_control,gefs_control_20260706_18z_f033,2026-07-06,18,33,2026-07-06T18:00:00Z,2026-07-08T03:00:00Z,,2026-07-07T00:00:00Z,prmsl,prmsl,Pressure reduced to MSL,meanSea,,instant,Pa,hPa,99,1006.62890625,1007.9178014520202,1007.96484375,1008.91890625,0.590430714101873
gefs_control,gefs_control_20260706_18z_f033,2026-07-06,18,33,2026-07-06T18:00:00Z,2026-07-08T03:00:00Z,,2026-07-07T00:00:00Z,r2,2r,2 metre relative humidity,heightAboveGround,,instant,%,,99,55.7574462890625,75.55946677622168,80.6574478149414,89.95744323730469,9.057180525127896
gefs_control,gefs_control_20260706_18z_f033,2026-07-06,18,33,2026-07-06T18:00:00Z,2026-07-08T03:00:00Z,,2026-07-07T00:00:00Z,sdswrf,sdswrf,Surface downward short-wave radiation flux,surface,,avg,W m**-2,W_m_2,99,42.12799835205078,566.6222198563393,659.8880004882812,712.47998046875,196.2192580791425
gefs_control,gefs_control_20260706_18z_f033,2026-07-06,18,33,2026-07-06T18:00:00Z,2026-07-08T03:00:00Z,,2026-07-07T00:00:00Z,t2m,2t,2 metre temperature,heightAboveGround,,instant,K,degC,99,25.573510742187523,29.28642633611508,29.1035095214844,32.16350708007815,1.2299455339504797
gefs_control,gefs_control_20260706_18z_f033,2026-07-06,18,33,2026-07-06T18:00:00Z,2026-07-08T03:00:00Z,,2026-07-07T00:00:00Z,tcc,tcc,Total Cloud Cover,atmosphere,,avg,%,,99,0.0,54.73737373737374,54.0,100.0,33.358047159185766
gefs_control,gefs_control_20260706_18z_f033,2026-07-06,18,33,2026-07-06T18:00:00Z,2026-07-08T03:00:00Z,,2026-07-07T00:00:00Z,tmax,tmax,Maximum temperature,heightAboveGround,,max,K,degC,99,25.628381347656276,29.322308534564414,29.128381347656276,32.22835693359377,1.2242351702645786
gefs_control,gefs_control_20260706_18z_f033,2026-07-06,18,33,2026-07-06T18:00:00Z,2026-07-08T03:00:00Z,,2026-07-07T00:00:00Z,tmin,tmin,Minimum temperature,heightAboveGround,,min,K,degC,99,24.429620361328148,27.711832435684997,28.219598388671898,29.089624023437523,1.160379073779111
gefs_control,gefs_control_20260706_18z_f033,2026-07-06,18,33,2026-07-06T18:00:00Z,2026-07-08T03:00:00Z,,2026-07-07T00:00:00Z,tp,tp,Total Precipitation,surface,,accum,kg m**-2,kg_m_2,99,0.0,2.172727276731019,1.5,8.0,2.026482158827295
gefs_control,gefs_control_20260706_18z_f033,2026-07-06,18,33,2026-07-06T18:00:00Z,2026-07-08T03:00:00Z,,2026-07-07T00:00:00Z,u10,10u,10 metre U wind component,heightAboveGround,,instant,m s**-1,m_s_1,99,-3.222705125808716,-1.4681596197564193,-1.522705078125,0.3772949278354645,0.7413164190101504
gefs_control,gefs_control_20260706_18z_f033,2026-07-06,18,33,2026-07-06T18:00:00Z,2026-07-08T03:00:00Z,,2026-07-07T00:00:00Z,v10,10v,10 metre V wind component,heightAboveGround,,instant,m s**-1,m_s_1,99,0.0710022002458572,4.862921383344766,5.071002006530762,8.471002578735352,2.3144550969621487
gefs_control,gefs_control_20260706_18z_f036,2026-07-06,18,36,2026-07-06T18:00:00Z,2026-07-08T06:00:00Z,,2026-07-07T00:00:00Z,cape,cape,Convective available potential energy,surface,,instant,J kg**-1,J_kg_1,99,340.0,1095.080808080808,1041.0,1740.0,397.3911813890837
gefs_control,gefs_control_20260706_18z_f036,2026-07-06,18,36,2026-07-06T18:00:00Z,2026-07-08T06:00:00Z,,2026-07-07T00:00:00Z,cin,cin,Convective inhibition,surface,,instant,J kg**-1,J_kg_1,99,-10.70361328125,-2.350077927714646,-1.70361328125,0.29638671875,2.865021132057138
gefs_control,gefs_control_20260706_18z_f036,2026-07-06,18,36,2026-07-06T18:00:00Z,2026-07-08T06:00:00Z,,2026-07-07T00:00:00Z,d2m,2d,2 metre dewpoint temperature,heightAboveGround,,instant,K,degC,99,21.7499938964844,24.459079380228083,24.850000000000023,25.7499938964844,1.2011846761407985
gefs_control,gefs_control_20260706_18z_f036,2026-07-06,18,36,2026-07-06T18:00:00Z,2026-07-08T06:00:00Z,,2026-07-07T00:00:00Z,gust,gust,Wind speed (gust),surface,,instant,m s**-1,m_s_1,99,4.214633464813232,7.446956764567982,7.614633560180664,10.3146333694458,1.635640186724204
gefs_control,gefs_control_20260706_18z_f036,2026-07-06,18,36,2026-07-06T18:00:00Z,2026-07-08T06:00:00Z,,2026-07-07T00:00:00Z,prmsl,prmsl,Pressure reduced to MSL,meanSea,,instant,Pa,hPa,99,1005.016328125,1006.2534848484848,1006.3403125,1007.10234375,0.5848560459524528
gefs_control,gefs_control_20260706_18z_f036,2026-07-06,18,36,2026-07-06T18:00:00Z,2026-07-08T06:00:00Z,,2026-07-07T00:00:00Z,r2,2r,2 metre relative humidity,heightAboveGround,,instant,%,,99,52.51840591430664,72.49012386437619,75.41840362548828,83.81840515136719,10.047433208801204
gefs_control,gefs_control_20260706_18z_f036,2026-07-06,18,36,2026-07-06T18:00:00Z,2026-07-08T06:00:00Z,,2026-07-07T00:00:00Z,sdswrf,sdswrf,Surface downward short-wave radiation flux,surface,,avg,W m**-2,W_m_2,99,225.6000061035156,716.3267893165049,780.7039794921875,840.8319702148438,148.42726277578723
gefs_control,gefs_control_20260706_18z_f036,2026-07-06,18,36,2026-07-06T18:00:00Z,2026-07-08T06:00:00Z,,2026-07-07T00:00:00Z,t2m,2t,2 metre temperature,heightAboveGround,,instant,K,degC,99,28.685357666015648,30.128785782631017,29.585351562500023,33.28536376953127,1.3766563508588547
gefs_control,gefs_control_20260706_18z_f036,2026-07-06,18,36,2026-07-06T18:00:00Z,2026-07-08T06:00:00Z,,2026-07-07T00:00:00Z,tcc,tcc,Total Cloud Cover,atmosphere,,avg,%,,99,0.0,57.90909090909091,58.0,100.0,30.96922255462995
gefs_control,gefs_control_20260706_18z_f036,2026-07-06,18,36,2026-07-06T18:00:00Z,2026-07-08T06:00:00Z,,2026-07-07T00:00:00Z,tmax,tmax,Maximum temperature,heightAboveGround,,max,K,degC,99,28.637414550781276,30.241465312302733,29.637414550781276,33.53743896484377,1.4256612381948934
gefs_control,gefs_control_20260706_18z_f036,2026-07-06,18,36,2026-07-06T18:00:00Z,2026-07-08T06:00:00Z,,2026-07-07T00:00:00Z,tmin,tmin,Minimum temperature,heightAboveGround,,min,K,degC,99,24.4277282714844,27.70541048916905,28.1977478027344,29.087731933593773,1.1569659858200905
gefs_control,gefs_control_20260706_18z_f036,2026-07-06,18,36,2026-07-06T18:00:00Z,2026-07-08T06:00:00Z,,2026-07-07T00:00:00Z,tp,tp,Total Precipitation,surface,,accum,kg m**-2,kg_m_2,99,0.0,4.283838382875077,3.799999952316284,12.600000381469728,3.1308083761570917
gefs_control,gefs_control_20260706_18z_f036,2026-07-06,18,36,2026-07-06T18:00:00Z,2026-07-08T06:00:00Z,,2026-07-07T00:00:00Z,u10,10u,10 metre U wind component,heightAboveGround,,instant,m s**-1,m_s_1,99,-3.248126268386841,-1.2531767268524026,-1.148126244544983,0.5518738031387329,1.0127843192168204
gefs_control,gefs_control_20260706_18z_f036,2026-07-06,18,36,2026-07-06T18:00:00Z,2026-07-08T06:00:00Z,,2026-07-07T00:00:00Z,v10,10v,10 metre V wind component,heightAboveGround,,instant,m s**-1,m_s_1,99,0.338409423828125,5.32123769654168,5.738409519195557,7.438409328460693,1.4643949568252683
gefs_control,gefs_control_20260706_18z_f039,2026-07-06,18,39,2026-07-06T18:00:00Z,2026-07-08T09:00:00Z,,2026-07-07T00:00:00Z,cape,cape,Convective available potential energy,surface,,instant,J kg**-1,J_kg_1,99,74.0,1103.5656565656566,1186.0,1794.0,465.7852316817825
gefs_control,gefs_control_20260706_18z_f039,2026-07-06,18,39,2026-07-06T18:00:00Z,2026-07-08T09:00:00Z,,2026-07-07T00:00:00Z,cin,cin,Convective inhibition,surface,,instant,J kg**-1,J_kg_1,99,-12.386474609375,-2.2046564275568183,-1.386474609375,-0.386474609375,2.319716267758138
gefs_control,gefs_control_20260706_18z_f039,2026-07-06,18,39,2026-07-06T18:00:00Z,2026-07-08T09:00:00Z,,2026-07-07T00:00:00Z,d2m,2d,2 metre dewpoint temperature,heightAboveGround,,instant,K,degC,99,21.370294189453148,24.4692777999724,24.870294189453148,25.870294189453148,1.2893884087757683
gefs_control,gefs_control_20260706_18z_f039,2026-07-06,18,39,2026-07-06T18:00:00Z,2026-07-08T09:00:00Z,,2026-07-07T00:00:00Z,gust,gust,Wind speed (gust),surface,,instant,m s**-1,m_s_1,99,3.928017854690552,7.007815902883356,7.428018093109131,8.928017616271973,1.3677364673006012
gefs_control,gefs_control_20260706_18z_f039,2026-07-06,18,39,2026-07-06T18:00:00Z,2026-07-08T09:00:00Z,,2026-07-07T00:00:00Z,prmsl,prmsl,Pressure reduced to MSL,meanSea,,instant,Pa,hPa,99,1003.31109375,1004.8168394886364,1004.923046875,1005.6990625,0.6475320172571188
gefs_control,gefs_control_20260706_18z_f039,2026-07-06,18,39,2026-07-06T18:00:00Z,2026-07-08T09:00:00Z,,2026-07-07T00:00:00Z,r2,2r,2 metre relative humidity,heightAboveGround,,instant,%,,99,52.3427734375,74.01954115279997,77.3427734375,84.14277648925781,9.138671495427104
gefs_control,gefs_control_20260706_18z_f039,2026-07-06,18,39,2026-07-06T18:00:00Z,2026-07-08T09:00:00Z,,2026-07-07T00:00:00Z,sdswrf,sdswrf,Surface downward short-wave radiation flux,surface,,avg,W m**-2,W_m_2,99,538.0800170898438,637.3418172200521,645.1599731445312,682.6400146484375,34.565057596938416
gefs_control,gefs_control_20260706_18z_f039,2026-07-06,18,39,2026-07-06T18:00:00Z,2026-07-08T09:00:00Z,,2026-07-07T00:00:00Z,t2m,2t,2 metre temperature,heightAboveGround,,instant,K,degC,99,28.670281982421898,29.756145808672684,29.270288085937523,32.97030029296877,1.0971053192363034
gefs_control,gefs_control_20260706_18z_f039,2026-07-06,18,39,2026-07-06T18:00:00Z,2026-07-08T09:00:00Z,,2026-07-07T00:00:00Z,tcc,tcc,Total Cloud Cover,atmosphere,,avg,%,,99,0.0,56.55555555555556,64.0,100.0,32.51673142662337
gefs_control,gefs_control_20260706_18z_f039,2026-07-06,18,39,2026-07-06T18:00:00Z,2026-07-08T09:00:00Z,,2026-07-07T00:00:00Z,tmax,tmax,Maximum temperature,heightAboveGround,,max,K,degC,99,28.702722167968773,30.26434948853774,29.602746582031276,33.60274658203127,1.3944841864314756
gefs_control,gefs_control_20260706_18z_f039,2026-07-06,18,39,2026-07-06T18:00:00Z,2026-07-08T09:00:00Z,,2026-07-07T00:00:00Z,tmin,tmin,Minimum temperature,heightAboveGround,,min,K,degC,99,28.449975585937523,29.656037055121548,29.149987792968773,32.94997558593752,1.1076239484350054
gefs_control,gefs_control_20260706_18z_f039,2026-07-06,18,39,2026-07-06T18:00:00Z,2026-07-08T09:00:00Z,,2026-07-07T00:00:00Z,tp,tp,Total Precipitation,surface,,accum,kg m**-2,kg_m_2,99,0.0,1.4747474772310016,1.100000023841858,4.800000190734863,1.2777302677526234
gefs_control,gefs_control_20260706_18z_f039,2026-07-06,18,39,2026-07-06T18:00:00Z,2026-07-08T09:00:00Z,,2026-07-07T00:00:00Z,u10,10u,10 metre U wind component,heightAboveGround,,instant,m s**-1,m_s_1,99,-3.114373683929444,-1.1416465055310363,-1.2143738269805908,0.8856261968612671,0.7396174418895016
gefs_control,gefs_control_20260706_18z_f039,2026-07-06,18,39,2026-07-06T18:00:00Z,2026-07-08T09:00:00Z,,2026-07-07T00:00:00Z,v10,10v,10 metre V wind component,heightAboveGround,,instant,m s**-1,m_s_1,99,1.3624298572540283,4.95434899041147,5.362429618835449,7.1624298095703125,1.2384151289909158
gefs_control,gefs_control_20260706_18z_f042,2026-07-06,18,42,2026-07-06T18:00:00Z,2026-07-08T12:00:00Z,,2026-07-07T00:00:00Z,cape,cape,Convective available potential energy,surface,,instant,J kg**-1,J_kg_1,99,32.0,903.5353535353536,999.0,1692.0,586.3574824584198
gefs_control,gefs_control_20260706_18z_f042,2026-07-06,18,42,2026-07-06T18:00:00Z,2026-07-08T12:00:00Z,,2026-07-07T00:00:00Z,cin,cin,Convective inhibition,surface,,instant,J kg**-1,J_kg_1,99,-55.006103515625,-9.16771967724116,-3.006103515625,-0.006103515625,12.929261363597831
gefs_control,gefs_control_20260706_18z_f042,2026-07-06,18,42,2026-07-06T18:00:00Z,2026-07-08T12:00:00Z,,2026-07-07T00:00:00Z,d2m,2d,2 metre dewpoint temperature,heightAboveGround,,instant,K,degC,99,21.421838378906276,24.303645031861603,24.721826171875023,25.921838378906276,1.43000740207759
gefs_control,gefs_control_20260706_18z_f042,2026-07-06,18,42,2026-07-06T18:00:00Z,2026-07-08T12:00:00Z,,2026-07-07T00:00:00Z,gust,gust,Wind speed (gust),surface,,instant,m s**-1,m_s_1,99,1.4464144706726074,6.172677044916635,6.746414661407471,9.546414375305176,2.211612391335181
gefs_control,gefs_control_20260706_18z_f042,2026-07-06,18,42,2026-07-06T18:00:00Z,2026-07-08T12:00:00Z,,2026-07-07T00:00:00Z,prmsl,prmsl,Pressure reduced to MSL,meanSea,,instant,Pa,hPa,99,1004.16703125,1005.883948074495,1006.08296875,1006.635,0.6413844435002223
gefs_control,gefs_control_20260706_18z_f042,2026-07-06,18,42,2026-07-06T18:00:00Z,2026-07-08T12:00:00Z,,2026-07-07T00:00:00Z,r2,2r,2 metre relative humidity,heightAboveGround,,instant,%,,99,59.79297637939453,80.64449021310517,82.89297485351562,90.39297485351562,6.961065634400029
gefs_control,gefs_control_20260706_18z_f042,2026-07-06,18,42,2026-07-06T18:00:00Z,2026-07-08T12:00:00Z,,2026-07-07T00:00:00Z,sdswrf,sdswrf,Surface downward short-wave radiation flux,surface,,avg,W m**-2,W_m_2,99,330.4320068359375,378.2760395088581,384.12799072265625,406.9599914550781,18.222584396348957
gefs_control,gefs_control_20260706_18z_f042,2026-07-06,18,42,2026-07-06T18:00:00Z,2026-07-08T12:00:00Z,,2026-07-07T00:00:00Z,t2m,2t,2 metre temperature,heightAboveGround,,instant,K,degC,99,24.821832275390648,28.023844154434997,28.6218200683594,30.321832275390648,1.3995671107773742
gefs_control,gefs_control_20260706_18z_f042,2026-07-06,18,42,2026-07-06T18:00:00Z,2026-07-08T12:00:00Z,,2026-07-07T00:00:00Z,tcc,tcc,Total Cloud Cover,atmosphere,,avg,%,,99,1.0,39.95959595959596,40.0,100.0,26.013174281513358
gefs_control,gefs_control_20260706_18z_f042,2026-07-06,18,42,2026-07-06T18:00:00Z,2026-07-08T12:00:00Z,,2026-07-07T00:00:00Z,tmax,tmax,Maximum temperature,heightAboveGround,,max,K,degC,99,28.714440917968773,30.27503341520677,29.614434814453148,33.61443481445315,1.394564738064421
gefs_control,gefs_control_20260706_18z_f042,2026-07-06,18,42,2026-07-06T18:00:00Z,2026-07-08T12:00:00Z,,2026-07-07T00:00:00Z,tmin,tmin,Minimum temperature,heightAboveGround,,min,K,degC,99,24.882531738281276,27.969387539950304,28.5825134277344,30.382531738281276,1.386272418649571
gefs_control,gefs_control_20260706_18z_f042,2026-07-06,18,42,2026-07-06T18:00:00Z,2026-07-08T12:00:00Z,,2026-07-07T00:00:00Z,tp,tp,Total Precipitation,surface,,accum,kg m**-2,kg_m_2,99,0.0,1.94545453832005,1.2999999523162842,6.5,1.7990610660227837
gefs_control,gefs_control_20260706_18z_f042,2026-07-06,18,42,2026-07-06T18:00:00Z,2026-07-08T12:00:00Z,,2026-07-07T00:00:00Z,u10,10u,10 metre U wind component,heightAboveGround,,instant,m s**-1,m_s_1,99,-4.020525932312012,-1.4962836974723772,-1.420526146888733,-0.0205261223018169,0.8930812517885612
gefs_control,gefs_control_20260706_18z_f042,2026-07-06,18,42,2026-07-06T18:00:00Z,2026-07-08T12:00:00Z,,2026-07-07T00:00:00Z,v10,10v,10 metre V wind component,heightAboveGround,,instant,m s**-1,m_s_1,99,0.852557361125946,4.035385656236398,4.252557277679443,6.552557468414307,1.5432512172779158
gefs_control,gefs_control_20260706_18z_f045,2026-07-06,18,45,2026-07-06T18:00:00Z,2026-07-08T15:00:00Z,,2026-07-07T00:00:00Z,cape,cape,Convective available potential energy,surface,,instant,J kg**-1,J_kg_1,99,37.0,958.070707070707,1177.0,1803.0,635.4975025982328
gefs_control,gefs_control_20260706_18z_f045,2026-07-06,18,45,2026-07-06T18:00:00Z,2026-07-08T15:00:00Z,,2026-07-07T00:00:00Z,cin,cin,Convective inhibition,surface,,instant,J kg**-1,J_kg_1,99,-71.87158203125,-10.063501223169192,-1.87158203125,0.12841796875,16.418563506891633
gefs_control,gefs_control_20260706_18z_f045,2026-07-06,18,45,2026-07-06T18:00:00Z,2026-07-08T15:00:00Z,,2026-07-07T00:00:00Z,d2m,2d,2 metre dewpoint temperature,heightAboveGround,,instant,K,degC,99,21.8151794433594,24.380842482441626,24.915185546875023,26.015191650390648,1.4007328289149303
gefs_control,gefs_control_20260706_18z_f045,2026-07-06,18,45,2026-07-06T18:00:00Z,2026-07-08T15:00:00Z,,2026-07-07T00:00:00Z,gust,gust,Wind speed (gust),surface,,instant,m s**-1,m_s_1,99,1.2107508182525637,6.001659852085692,6.710750579833984,9.91075038909912,2.5040206227330546
gefs_control,gefs_control_20260706_18z_f045,2026-07-06,18,45,2026-07-06T18:00:00Z,2026-07-08T15:00:00Z,,2026-07-07T00:00:00Z,prmsl,prmsl,Pressure reduced to MSL,meanSea,,instant,Pa,hPa,99,1005.80140625,1007.315600536616,1007.41140625,1008.153359375,0.5647825166906727
gefs_control,gefs_control_20260706_18z_f045,2026-07-06,18,45,2026-07-06T18:00:00Z,2026-07-08T15:00:00Z,,2026-07-07T00:00:00Z,r2,2r,2 metre relative humidity,heightAboveGround,,instant,%,,99,64.8955078125,83.45005181823115,84.69550323486328,96.5955047607422,6.8512810660396735
gefs_control,gefs_control_20260706_18z_f045,2026-07-06,18,45,2026-07-06T18:00:00Z,2026-07-08T15:00:00Z,,2026-07-07T00:00:00Z,sdswrf,sdswrf,Surface downward short-wave radiation flux,surface,,avg,W m**-2,W_m_2,99,0.0,0.0,0.0,0.0,0.0
gefs_control,gefs_control_20260706_18z_f045,2026-07-06,18,45,2026-07-06T18:00:00Z,2026-07-08T15:00:00Z,,2026-07-07T00:00:00Z,t2m,2t,2 metre temperature,heightAboveGround,,instant,K,degC,99,23.5070739746094,27.521221492266434,28.407067871093773,29.307092285156276,1.7056064845016683
gefs_control,gefs_control_20260706_18z_f045,2026-07-06,18,45,2026-07-06T18:00:00Z,2026-07-08T15:00:00Z,,2026-07-07T00:00:00Z,tcc,tcc,Total Cloud Cover,atmosphere,,avg,%,,99,0.0,21.33333333333333,4.0,100.0,30.28217464136453
gefs_control,gefs_control_20260706_18z_f045,2026-07-06,18,45,2026-07-06T18:00:00Z,2026-07-08T15:00:00Z,,2026-07-07T00:00:00Z,tmax,tmax,Maximum temperature,heightAboveGround,,max,K,degC,99,24.7499938964844,28.004545947758857,28.649987792968773,30.2499938964844,1.4353569601452765
gefs_control,gefs_control_20260706_18z_f045,2026-07-06,18,45,2026-07-06T18:00:00Z,2026-07-08T15:00:00Z,,2026-07-07T00:00:00Z,tmin,tmin,Minimum temperature,heightAboveGround,,min,K,degC,99,23.498315429687523,27.49932590060766,28.398309326171898,29.298303222656276,1.6898087388236962
gefs_control,gefs_control_20260706_18z_f045,2026-07-06,18,45,2026-07-06T18:00:00Z,2026-07-08T15:00:00Z,,2026-07-07T00:00:00Z,tp,tp,Total Precipitation,surface,,accum,kg m**-2,kg_m_2,99,0.0,0.2747474774116217,0.1000000014901161,1.600000023841858,0.3937243656527852
gefs_control,gefs_control_20260706_18z_f045,2026-07-06,18,45,2026-07-06T18:00:00Z,2026-07-08T15:00:00Z,,2026-07-07T00:00:00Z,u10,10u,10 metre U wind component,heightAboveGround,,instant,m s**-1,m_s_1,99,-3.712048292160034,-1.7271998541222675,-1.7120482921600342,0.4879516661167145,0.9639317241066486
gefs_control,gefs_control_20260706_18z_f045,2026-07-06,18,45,2026-07-06T18:00:00Z,2026-07-08T15:00:00Z,,2026-07-07T00:00:00Z,v10,10v,10 metre V wind component,heightAboveGround,,instant,m s**-1,m_s_1,99,0.3027374148368835,3.685565705251212,3.9027373790740967,6.802737236022949,1.8384798372827549
gefs_control,gefs_control_20260706_18z_f048,2026-07-06,18,48,2026-07-06T18:00:00Z,2026-07-08T18:00:00Z,,2026-07-07T00:00:00Z,cape,cape,Convective available potential energy,surface,,instant,J kg**-1,J_kg_1,99,51.0,895.2828282828283,992.0,1648.0,548.0735783459094
gefs_control,gefs_control_20260706_18z_f048,2026-07-06,18,48,2026-07-06T18:00:00Z,2026-07-08T18:00:00Z,,2026-07-07T00:00:00Z,cin,cin,Convective inhibition,surface,,instant,J kg**-1,J_kg_1,99,-66.838134765625,-7.939144866635101,-1.838134765625,0.161865234375,13.82611710246992
gefs_control,gefs_control_20260706_18z_f048,2026-07-06,18,48,2026-07-06T18:00:00Z,2026-07-08T18:00:00Z,,2026-07-07T00:00:00Z,d2m,2d,2 metre dewpoint temperature,heightAboveGround,,instant,K,degC,99,22.302758789062523,24.26537105675901,24.902734375000023,25.702752685546898,1.2205787929084215
gefs_control,gefs_control_20260706_18z_f048,2026-07-06,18,48,2026-07-06T18:00:00Z,2026-07-08T18:00:00Z,,2026-07-07T00:00:00Z,gust,gust,Wind speed (gust),surface,,instant,m s**-1,m_s_1,99,0.8116060495376587,5.437868656534137,6.4116058349609375,9.011606216430664,2.467591387023121
gefs_control,gefs_control_20260706_18z_f048,2026-07-06,18,48,2026-07-06T18:00:00Z,2026-07-08T18:00:00Z,,2026-07-07T00:00:00Z,prmsl,prmsl,Pressure reduced to MSL,meanSea,,instant,Pa,hPa,99,1004.61265625,1005.81602114899,1005.800625,1006.656640625,0.4694355903091604
gefs_control,gefs_control_20260706_18z_f048,2026-07-06,18,48,2026-07-06T18:00:00Z,2026-07-08T18:00:00Z,,2026-07-07T00:00:00Z,r2,2r,2 metre relative humidity,heightAboveGround,,instant,%,,99,68.85942077636719,84.84123931268249,84.35942077636719,98.3594207763672,6.63875004991012
gefs_control,gefs_control_20260706_18z_f048,2026-07-06,18,48,2026-07-06T18:00:00Z,2026-07-08T18:00:00Z,,2026-07-07T00:00:00Z,sdswrf,sdswrf,Surface downward short-wave radiation flux,surface,,avg,W m**-2,W_m_2,99,0.0,0.0,0.0,0.0,0.0
gefs_control,gefs_control_20260706_18z_f048,2026-07-06,18,48,2026-07-06T18:00:00Z,2026-07-08T18:00:00Z,,2026-07-07T00:00:00Z,t2m,2t,2 metre temperature,heightAboveGround,,instant,K,degC,99,22.802758789062523,27.10477954594778,28.102746582031276,29.002770996093773,1.847685000330506
gefs_control,gefs_control_20260706_18z_f048,2026-07-06,18,48,2026-07-06T18:00:00Z,2026-07-08T18:00:00Z,,2026-07-07T00:00:00Z,tcc,tcc,Total Cloud Cover,atmosphere,,avg,%,,99,0.0,30.19191919191919,19.0,100.0,30.612163941237263
gefs_control,gefs_control_20260706_18z_f048,2026-07-06,18,48,2026-07-06T18:00:00Z,2026-07-08T18:00:00Z,,2026-07-07T00:00:00Z,tmax,tmax,Maximum temperature,heightAboveGround,,max,K,degC,99,24.754479980468773,28.00194363064238,28.654473876953148,30.254479980468773,1.433817907937012
gefs_control,gefs_control_20260706_18z_f048,2026-07-06,18,48,2026-07-06T18:00:00Z,2026-07-08T18:00:00Z,,2026-07-07T00:00:00Z,tmin,tmin,Minimum temperature,heightAboveGround,,min,K,degC,99,22.757958984375023,27.09129231770835,28.057946777343773,29.057946777343773,1.843799314010235
gefs_control,gefs_control_20260706_18z_f048,2026-07-06,18,48,2026-07-06T18:00:00Z,2026-07-08T18:00:00Z,,2026-07-07T00:00:00Z,tp,tp,Total Precipitation,surface,,accum,kg m**-2,kg_m_2,99,0.0,0.8989899014734258,0.4000000059604645,5.5,1.1341792700957096
gefs_control,gefs_control_20260706_18z_f048,2026-07-06,18,48,2026-07-06T18:00:00Z,2026-07-08T18:00:00Z,,2026-07-07T00:00:00Z,u10,10u,10 metre U wind component,heightAboveGround,,instant,m s**-1,m_s_1,99,-3.002398729324341,-1.0114895913025572,-1.1023986339569092,1.097601294517517,1.013553695153791
gefs_control,gefs_control_20260706_18z_f048,2026-07-06,18,48,2026-07-06T18:00:00Z,2026-07-08T18:00:00Z,,2026-07-07T00:00:00Z,v10,10v,10 metre V wind component,heightAboveGround,,instant,m s**-1,m_s_1,99,-0.0582183822989463,3.4670341209405,3.441781520843506,6.541781425476074,2.0801778850576227
gfs,gfs_20260706_18z_f003,2026-07-06,18,3,2026-07-06T18:00:00Z,2026-07-06T21:00:00Z,,2026-07-07T00:00:00Z,cape,cape,Convective available potential energy,surface,,instant,J kg**-1,J_kg_1,99,89.0,1031.4444444444443,821.0,2378.0,735.90366659607
gfs,gfs_20260706_18z_f003,2026-07-06,18,3,2026-07-06T18:00:00Z,2026-07-06T21:00:00Z,,2026-07-07T00:00:00Z,cin,cin,Convective inhibition,surface,,instant,J kg**-1,J_kg_1,99,-39.1590576171875,-8.027744485874369,-4.1590576171875,-0.1590576171875,9.688738088648783
gfs,gfs_20260706_18z_f003,2026-07-06,18,3,2026-07-06T18:00:00Z,2026-07-06T21:00:00Z,,2026-07-07T00:00:00Z,d2m,2d,2 metre dewpoint temperature,heightAboveGround,,instant,K,degC,99,21.834497070312523,24.300165719696988,24.334497070312523,25.934503173828148,1.1448764687945518
gfs,gfs_20260706_18z_f003,2026-07-06,18,3,2026-07-06T18:00:00Z,2026-07-06T21:00:00Z,,2026-07-07T00:00:00Z,gust,gust,Wind speed (gust),surface,,instant,m s**-1,m_s_1,99,0.5235770344734192,7.873071910757007,9.82357692718506,12.023576736450195,3.757319391835936
gfs,gfs_20260706_18z_f003,2026-07-06,18,3,2026-07-06T18:00:00Z,2026-07-06T21:00:00Z,,2026-07-07T00:00:00Z,prmsl,prmsl,Pressure reduced to MSL,meanSea,,instant,Pa,hPa,99,1005.59046875,1007.0924802714648,1007.098515625,1009.15453125,0.7770499871890332
gfs,gfs_20260706_18z_f003,2026-07-06,18,3,2026-07-06T18:00:00Z,2026-07-06T21:00:00Z,,2026-07-07T00:00:00Z,r2,2r,2 metre relative humidity,heightAboveGround,,instant,%,,99,80.0,88.03333344122376,86.0999984741211,98.8000030517578,5.1486982922587154
gfs,gfs_20260706_18z_f003,2026-07-06,18,3,2026-07-06T18:00:00Z,2026-07-06T21:00:00Z,,2026-07-07T00:00:00Z,sdswrf,sdswrf,Surface downward short-wave radiation flux,surface,,avg,W m**-2,W_m_2,99,0.0,0.0,0.0,0.0,0.0
gfs,gfs_20260706_18z_f003,2026-07-06,18,3,2026-07-06T18:00:00Z,2026-07-06T21:00:00Z,,2026-07-07T00:00:00Z,t,t,Temperature,surface,,instant,K,degC,99,22.009484863281276,26.345860090159427,26.709497070312523,29.509484863281276,2.3389312967238376
gfs,gfs_20260706_18z_f003,2026-07-06,18,3,2026-07-06T18:00:00Z,2026-07-06T21:00:00Z,,2026-07-07T00:00:00Z,t2m,2t,2 metre temperature,heightAboveGround,,instant,K,degC,99,22.270623779296898,26.48477333145914,26.870629882812523,29.170617675781276,2.0256939444701643
gfs,gfs_20260706_18z_f003,2026-07-06,18,3,2026-07-06T18:00:00Z,2026-07-06T21:00:00Z,,2026-07-07T00:00:00Z,tcc,tcc,Total Cloud Cover,atmosphere,,instant,%,,99,16.200000762939453,95.62727275039212,100.0,100.0,12.723983601777208
gfs,gfs_20260706_18z_f003,2026-07-06,18,3,2026-07-06T18:00:00Z,2026-07-06T21:00:00Z,,2026-07-07T00:00:00Z,tcc,tcc,Total Cloud Cover,atmosphere,,avg,%,,99,76.69999694824219,96.96060612225772,100.0,100.0,5.723102812265167
gfs,gfs_20260706_18z_f003,2026-07-06,18,3,2026-07-06T18:00:00Z,2026-07-06T21:00:00Z,,2026-07-07T00:00:00Z,tmax,tmax,Maximum temperature,heightAboveGround,,max,K,degC,99,22.610009765625023,26.797887690380385,27.310021972656276,29.110009765625023,1.9717316163973695
gfs,gfs_20260706_18z_f003,2026-07-06,18,3,2026-07-06T18:00:00Z,2026-07-06T21:00:00Z,,2026-07-07T00:00:00Z,tmin,tmin,Minimum temperature,heightAboveGround,,min,K,degC,99,22.283471679687523,26.35114980370109,26.783471679687523,28.983483886718773,1.9519916620339528
gfs,gfs_20260706_18z_f003,2026-07-06,18,3,2026-07-06T18:00:00Z,2026-07-06T21:00:00Z,,2026-07-07T00:00:00Z,tp,tp,Total Precipitation,surface,,accum,kg m**-2,kg_m_2,99,0.0,3.2367424242424243,2.6875,9.4375,2.7330785740142085
gfs,gfs_20260706_18z_f003,2026-07-06,18,3,2026-07-06T18:00:00Z,2026-07-06T21:00:00Z,,2026-07-07T00:00:00Z,u10,10u,10 metre U wind component,heightAboveGround,,instant,m s**-1,m_s_1,99,-2.609417676925659,-0.1629530799321153,-0.1094177216291427,2.690582275390625,1.1238743626728172
gfs,gfs_20260706_18z_f003,2026-07-06,18,3,2026-07-06T18:00:00Z,2026-07-06T21:00:00Z,,2026-07-07T00:00:00Z,v10,10v,10 metre V wind component,heightAboveGround,,instant,m s**-1,m_s_1,99,0.0550628677010536,5.234860851532883,4.9550628662109375,9.555063247680664,3.369440207780625
gfs,gfs_20260706_18z_f006,2026-07-06,18,6,2026-07-06T18:00:00Z,2026-07-07T00:00:00Z,,2026-07-07T00:00:00Z,cape,cape,Convective available potential energy,surface,,instant,J kg**-1,J_kg_1,99,151.0,839.3737373737374,532.0,2163.0,578.522073574816
gfs,gfs_20260706_18z_f006,2026-07-06,18,6,2026-07-06T18:00:00Z,2026-07-07T00:00:00Z,,2026-07-07T00:00:00Z,cin,cin,Convective inhibition,surface,,instant,J kg**-1,J_kg_1,99,-13.8173828125,-2.0800090751262625,-0.8173828125,0.1826171875,3.070175392567737
gfs,gfs_20260706_18z_f006,2026-07-06,18,6,2026-07-06T18:00:00Z,2026-07-07T00:00:00Z,,2026-07-07T00:00:00Z,d2m,2d,2 metre dewpoint temperature,heightAboveGround,,instant,K,degC,99,21.656030273437523,24.19239520448629,23.956018066406276,25.756036376953148,0.842730212284569
gfs,gfs_20260706_18z_f006,2026-07-06,18,6,2026-07-06T18:00:00Z,2026-07-07T00:00:00Z,,2026-07-07T00:00:00Z,gust,gust,Wind speed (gust),surface,,instant,m s**-1,m_s_1,99,0.8101485967636108,8.286916264379867,9.410148620605469,11.110148429870604,2.724739976207185
gfs,gfs_20260706_18z_f006,2026-07-06,18,6,2026-07-06T18:00:00Z,2026-07-07T00:00:00Z,,2026-07-07T00:00:00Z,prmsl,prmsl,Pressure reduced to MSL,meanSea,,instant,Pa,hPa,99,1007.19359375,1008.4786750315654,1008.525625,1010.181640625,0.6036272850167377
gfs,gfs_20260706_18z_f006,2026-07-06,18,6,2026-07-06T18:00:00Z,2026-07-07T00:00:00Z,,2026-07-07T00:00:00Z,r2,2r,2 metre relative humidity,heightAboveGround,,instant,%,,99,75.19999694824219,86.59999986128373,84.69999694824219,98.8000030517578,5.226814820992354
gfs,gfs_20260706_18z_f006,2026-07-06,18,6,2026-07-06T18:00:00Z,2026-07-07T00:00:00Z,,2026-07-07T00:00:00Z,sdswrf,sdswrf,Surface downward short-wave radiation flux,surface,,avg,W m**-2,W_m_2,99,2.25600004196167,23.06747469275889,11.152000427246094,71.19999694824219,21.966452220578088
gfs,gfs_20260706_18z_f006,2026-07-06,18,6,2026-07-06T18:00:00Z,2026-07-07T00:00:00Z,,2026-07-07T00:00:00Z,t,t,Temperature,surface,,instant,K,degC,99,23.159814453125023,26.839612926136382,27.159814453125023,29.5598083496094,1.8110752289860936
gfs,gfs_20260706_18z_f006,2026-07-06,18,6,2026-07-06T18:00:00Z,2026-07-07T00:00:00Z,,2026-07-07T00:00:00Z,t2m,2t,2 metre temperature,heightAboveGround,,instant,K,degC,99,23.3071228027344,26.657633216934997,26.8071228027344,29.107141113281276,1.580076345787773
gfs,gfs_20260706_18z_f006,2026-07-06,18,6,2026-07-06T18:00:00Z,2026-07-07T00:00:00Z,,2026-07-07T00:00:00Z,tcc,tcc,Total Cloud Cover,atmosphere,,instant,%,,99,50.20000076293945,97.82626261855616,100.0,100.0,8.318952285056014
gfs,gfs_20260706_18z_f006,2026-07-06,18,6,2026-07-06T18:00:00Z,2026-07-07T00:00:00Z,,2026-07-07T00:00:00Z,tcc,tcc,Total Cloud Cover,atmosphere,,avg,%,,99,77.19999694824219,97.4343436655372,100.0,100.0,4.745995987207963
gfs,gfs_20260706_18z_f006,2026-07-06,18,6,2026-07-06T18:00:00Z,2026-07-07T00:00:00Z,,2026-07-07T00:00:00Z,tmax,tmax,Maximum temperature,heightAboveGround,,max,K,degC,99,23.248590087890648,27.18393659495346,27.5485778808594,29.248590087890648,1.5920443277158802
gfs,gfs_20260706_18z_f006,2026-07-06,18,6,2026-07-06T18:00:00Z,2026-07-07T00:00:00Z,,2026-07-07T00:00:00Z,tmin,tmin,Minimum temperature,heightAboveGround,,min,K,degC,99,22.183465576171898,26.060240836095343,26.083459472656276,28.783471679687523,1.8964513520045887
gfs,gfs_20260706_18z_f006,2026-07-06,18,6,2026-07-06T18:00:00Z,2026-07-07T00:00:00Z,,2026-07-07T00:00:00Z,tp,tp,Total Precipitation,surface,,accum,kg m**-2,kg_m_2,99,0.0,6.878156565656566,6.375,15.3125,4.585057989370607
gfs,gfs_20260706_18z_f006,2026-07-06,18,6,2026-07-06T18:00:00Z,2026-07-07T00:00:00Z,,2026-07-07T00:00:00Z,u10,10u,10 metre U wind component,heightAboveGround,,instant,m s**-1,m_s_1,99,-3.1596312522888184,0.5959242072069284,0.44036865234375,5.140368461608887,1.6605476803967942
gfs,gfs_20260706_18z_f006,2026-07-06,18,6,2026-07-06T18:00:00Z,2026-07-07T00:00:00Z,,2026-07-07T00:00:00Z,v10,10v,10 metre V wind component,heightAboveGround,,instant,m s**-1,m_s_1,99,0.3773956298828125,5.223860252987254,5.3773956298828125,8.877395629882812,2.81781177012302
gfs,gfs_20260706_18z_f009,2026-07-06,18,9,2026-07-06T18:00:00Z,2026-07-07T03:00:00Z,,2026-07-07T00:00:00Z,cape,cape,Convective available potential energy,surface,,instant,J kg**-1,J_kg_1,99,251.0,765.7070707070707,555.0,1761.0,444.02325565916783
gfs,gfs_20260706_18z_f009,2026-07-06,18,9,2026-07-06T18:00:00Z,2026-07-07T03:00:00Z,,2026-07-07T00:00:00Z,cin,cin,Convective inhibition,surface,,instant,J kg**-1,J_kg_1,99,-12.6416015625,-1.3284702493686869,-0.6416015625,0.3583984375,2.7437586276856214
gfs,gfs_20260706_18z_f009,2026-07-06,18,9,2026-07-06T18:00:00Z,2026-07-07T03:00:00Z,,2026-07-07T00:00:00Z,d2m,2d,2 metre dewpoint temperature,heightAboveGround,,instant,K,degC,99,22.249963378906276,24.186327446831616,24.049951171875023,25.349969482421898,0.6369835485415082
gfs,gfs_20260706_18z_f009,2026-07-06,18,9,2026-07-06T18:00:00Z,2026-07-07T03:00:00Z,,2026-07-07T00:00:00Z,gust,gust,Wind speed (gust),surface,,instant,m s**-1,m_s_1,99,1.5149908065795898,7.020041282730873,7.714990615844727,10.01499080657959,2.111123690773028
gfs,gfs_20260706_18z_f009,2026-07-06,18,9,2026-07-06T18:00:00Z,2026-07-07T03:00:00Z,,2026-07-07T00:00:00Z,prmsl,prmsl,Pressure reduced to MSL,meanSea,,instant,Pa,hPa,99,1007.75453125,1009.020746527778,1009.13859375,1010.382578125,0.6199817910325275
gfs,gfs_20260706_18z_f009,2026-07-06,18,9,2026-07-06T18:00:00Z,2026-07-07T03:00:00Z,,2026-07-07T00:00:00Z,r2,2r,2 metre relative humidity,heightAboveGround,,instant,%,,99,67.69999694824219,85.58484873145518,83.5,98.0999984741211,6.080426858010041
gfs,gfs_20260706_18z_f009,2026-07-06,18,9,2026-07-06T18:00:00Z,2026-07-07T03:00:00Z,,2026-07-07T00:00:00Z,sdswrf,sdswrf,Surface downward short-wave radiation flux,surface,,avg,W m**-2,W_m_2,99,29.45599937438965,207.4534147821292,113.02400207519533,688.9119873046875,190.16809150911732
gfs,gfs_20260706_18z_f009,2026-07-06,18,9,2026-07-06T18:00:00Z,2026-07-07T03:00:00Z,,2026-07-07T00:00:00Z,t,t,Temperature,surface,,instant,K,degC,99,23.668298339843773,27.20464816623266,27.668298339843773,31.868280029296898,1.756514057241218
gfs,gfs_20260706_18z_f009,2026-07-06,18,9,2026-07-06T18:00:00Z,2026-07-07T03:00:00Z,,2026-07-07T00:00:00Z,t2m,2t,2 metre temperature,heightAboveGround,,instant,K,degC,99,23.640191650390648,26.84422601256709,27.040185546875023,29.240197753906276,1.5416719973860404
gfs,gfs_20260706_18z_f009,2026-07-06,18,9,2026-07-06T18:00:00Z,2026-07-07T03:00:00Z,,2026-07-07T00:00:00Z,tcc,tcc,Total Cloud Cover,atmosphere,,instant,%,,99,28.600000381469727,98.66363650620586,100.0,100.0,7.443191515771918
gfs,gfs_20260706_18z_f009,2026-07-06,18,9,2026-07-06T18:00:00Z,2026-07-07T03:00:00Z,,2026-07-07T00:00:00Z,tcc,tcc,Total Cloud Cover,atmosphere,,avg,%,,99,53.29999923706055,98.20909099386196,100.0,100.0,6.8023182491873735
gfs,gfs_20260706_18z_f009,2026-07-06,18,9,2026-07-06T18:00:00Z,2026-07-07T03:00:00Z,,2026-07-07T00:00:00Z,tmax,tmax,Maximum temperature,heightAboveGround,,max,K,degC,99,23.801110839843773,27.13445527047824,27.4011169433594,29.301110839843773,1.514909376761816
gfs,gfs_20260706_18z_f009,2026-07-06,18,9,2026-07-06T18:00:00Z,2026-07-07T03:00:00Z,,2026-07-07T00:00:00Z,tmin,tmin,Minimum temperature,heightAboveGround,,min,K,degC,99,23.313317871093773,26.320400107027325,26.4133239746094,28.4133239746094,1.497421274309896
gfs,gfs_20260706_18z_f009,2026-07-06,18,9,2026-07-06T18:00:00Z,2026-07-07T03:00:00Z,,2026-07-07T00:00:00Z,tp,tp,Total Precipitation,surface,,accum,kg m**-2,kg_m_2,99,0.1875,3.014520202020202,3.1875,5.75,1.419611141306369
gfs,gfs_20260706_18z_f009,2026-07-06,18,9,2026-07-06T18:00:00Z,2026-07-07T03:00:00Z,,2026-07-07T00:00:00Z,u10,10u,10 metre U wind component,heightAboveGround,,instant,m s**-1,m_s_1,99,-2.692340135574341,0.5046296035400545,0.3076599240303039,4.507659912109375,1.758239171304487
gfs,gfs_20260706_18z_f009,2026-07-06,18,9,2026-07-06T18:00:00Z,2026-07-07T03:00:00Z,,2026-07-07T00:00:00Z,v10,10v,10 metre V wind component,heightAboveGround,,instant,m s**-1,m_s_1,99,0.3135437071323395,3.9802103768093415,3.713543653488159,7.713543891906738,2.116314704328261
gfs,gfs_20260706_18z_f012,2026-07-06,18,12,2026-07-06T18:00:00Z,2026-07-07T06:00:00Z,,2026-07-07T00:00:00Z,cape,cape,Convective available potential energy,surface,,instant,J kg**-1,J_kg_1,99,221.0,900.8686868686868,623.0,2360.0,591.4902706998815
gfs,gfs_20260706_18z_f012,2026-07-06,18,12,2026-07-06T18:00:00Z,2026-07-07T06:00:00Z,,2026-07-07T00:00:00Z,cin,cin,Convective inhibition,surface,,instant,J kg**-1,J_kg_1,99,-16.4339599609375,-1.7066872336647727,-0.4339599609375,-0.4339599609375,2.8134531850751903
gfs,gfs_20260706_18z_f012,2026-07-06,18,12,2026-07-06T18:00:00Z,2026-07-07T06:00:00Z,,2026-07-07T00:00:00Z,d2m,2d,2 metre dewpoint temperature,heightAboveGround,,instant,K,degC,99,21.595086669921898,24.268830332129912,24.095086669921898,25.995080566406276,0.8680166298917473
gfs,gfs_20260706_18z_f012,2026-07-06,18,12,2026-07-06T18:00:00Z,2026-07-07T06:00:00Z,,2026-07-07T00:00:00Z,gust,gust,Wind speed (gust),surface,,instant,m s**-1,m_s_1,99,0.9144023656845092,6.028543813060028,6.414402484893799,10.514402389526367,2.2539756209676147
gfs,gfs_20260706_18z_f012,2026-07-06,18,12,2026-07-06T18:00:00Z,2026-07-07T06:00:00Z,,2026-07-07T00:00:00Z,prmsl,prmsl,Pressure reduced to MSL,meanSea,,instant,Pa,hPa,99,1006.549453125,1007.6587720959596,1007.649453125,1008.949453125,0.5104268621962637
gfs,gfs_20260706_18z_f012,2026-07-06,18,12,2026-07-06T18:00:00Z,2026-07-07T06:00:00Z,,2026-07-07T00:00:00Z,r2,2r,2 metre relative humidity,heightAboveGround,,instant,%,,99,69.19999694824219,83.4373736140704,83.0999984741211,97.5999984741211,5.800010109754616
gfs,gfs_20260706_18z_f012,2026-07-06,18,12,2026-07-06T18:00:00Z,2026-07-07T06:00:00Z,,2026-07-07T00:00:00Z,sdswrf,sdswrf,Surface downward short-wave radiation flux,surface,,avg,W m**-2,W_m_2,99,39.72800064086914,250.06771650218,206.5760040283203,820.719970703125,182.0467465488497
gfs,gfs_20260706_18z_f012,2026-07-06,18,12,2026-07-06T18:00:00Z,2026-07-07T06:00:00Z,,2026-07-07T00:00:00Z,t,t,Temperature,surface,,instant,K,degC,99,23.895074462890648,27.63851349185213,28.295068359375023,30.095086669921898,1.520377868031369
gfs,gfs_20260706_18z_f012,2026-07-06,18,12,2026-07-06T18:00:00Z,2026-07-07T06:00:00Z,,2026-07-07T00:00:00Z,t2m,2t,2 metre temperature,heightAboveGround,,instant,K,degC,99,23.9401794433594,27.34321554164696,27.840173339843773,29.340173339843773,1.4261952963997635
gfs,gfs_20260706_18z_f012,2026-07-06,18,12,2026-07-06T18:00:00Z,2026-07-07T06:00:00Z,,2026-07-07T00:00:00Z,tcc,tcc,Total Cloud Cover,atmosphere,,instant,%,,99,34.400001525878906,97.6969696199051,100.0,100.0,8.724057748497135
gfs,gfs_20260706_18z_f012,2026-07-06,18,12,2026-07-06T18:00:00Z,2026-07-07T06:00:00Z,,2026-07-07T00:00:00Z,tcc,tcc,Total Cloud Cover,atmosphere,,avg,%,,99,36.400001525878906,98.44444452150904,100.0,100.0,7.49612977948957
gfs,gfs_20260706_18z_f012,2026-07-06,18,12,2026-07-06T18:00:00Z,2026-07-07T06:00:00Z,,2026-07-07T00:00:00Z,tmax,tmax,Maximum temperature,heightAboveGround,,max,K,degC,99,23.948693847656276,27.58908549607404,28.048669433593773,29.348687744140648,1.3723779147276824
gfs,gfs_20260706_18z_f012,2026-07-06,18,12,2026-07-06T18:00:00Z,2026-07-07T06:00:00Z,,2026-07-07T00:00:00Z,tmin,tmin,Minimum temperature,heightAboveGround,,min,K,degC,99,23.308404541015648,26.29022901130447,26.408410644531276,28.308404541015648,1.4974301682877615
gfs,gfs_20260706_18z_f012,2026-07-06,18,12,2026-07-06T18:00:00Z,2026-07-07T06:00:00Z,,2026-07-07T00:00:00Z,tp,tp,Total Precipitation,surface,,accum,kg m**-2,kg_m_2,99,1.0625,4.265151515151516,4.25,8.3125,1.7004411867419618
gfs,gfs_20260706_18z_f012,2026-07-06,18,12,2026-07-06T18:00:00Z,2026-07-07T06:00:00Z,,2026-07-07T00:00:00Z,u10,10u,10 metre U wind component,heightAboveGround,,instant,m s**-1,m_s_1,99,-2.5195555686950684,-0.1316768814141702,-0.3195556700229645,3.380444288253784,1.4632379110524154
gfs,gfs_20260706_18z_f012,2026-07-06,18,12,2026-07-06T18:00:00Z,2026-07-07T06:00:00Z,,2026-07-07T00:00:00Z,v10,10v,10 metre V wind component,heightAboveGround,,instant,m s**-1,m_s_1,99,-0.0761230438947677,3.263270896342066,2.723876953125,6.923876762390137,2.0741710243287264
gfs,gfs_20260706_18z_f015,2026-07-06,18,15,2026-07-06T18:00:00Z,2026-07-07T09:00:00Z,,2026-07-07T00:00:00Z,cape,cape,Convective available potential energy,surface,,instant,J kg**-1,J_kg_1,99,181.0,944.3131313131312,702.0,2247.0,606.9762887297114
gfs,gfs_20260706_18z_f015,2026-07-06,18,15,2026-07-06T18:00:00Z,2026-07-07T09:00:00Z,,2026-07-07T00:00:00Z,cin,cin,Convective inhibition,surface,,instant,J kg**-1,J_kg_1,99,-20.4794921875,-1.7623204703282829,-0.4794921875,-0.4794921875,3.1973486618544924
gfs,gfs_20260706_18z_f015,2026-07-06,18,15,2026-07-06T18:00:00Z,2026-07-07T09:00:00Z,,2026-07-07T00:00:00Z,d2m,2d,2 metre dewpoint temperature,heightAboveGround,,instant,K,degC,99,21.5317321777344,24.32667563081994,24.331719970703148,25.931726074218773,0.9951769886885776
gfs,gfs_20260706_18z_f015,2026-07-06,18,15,2026-07-06T18:00:00Z,2026-07-07T09:00:00Z,,2026-07-07T00:00:00Z,gust,gust,Wind speed (gust),surface,,instant,m s**-1,m_s_1,99,0.7048231363296509,5.602802900954931,5.604823112487793,9.904823303222656,2.442840655524741
gfs,gfs_20260706_18z_f015,2026-07-06,18,15,2026-07-06T18:00:00Z,2026-07-07T09:00:00Z,,2026-07-07T00:00:00Z,prmsl,prmsl,Pressure reduced to MSL,meanSea,,instant,Pa,hPa,99,1005.216875,1006.2098042929292,1006.20890625,1007.62484375,0.4701537256551657
gfs,gfs_20260706_18z_f015,2026-07-06,18,15,2026-07-06T18:00:00Z,2026-07-07T09:00:00Z,,2026-07-07T00:00:00Z,r2,2r,2 metre relative humidity,heightAboveGround,,instant,%,,99,67.5,83.06161599207407,83.69999694824219,96.6999969482422,6.586329616338382
gfs,gfs_20260706_18z_f015,2026-07-06,18,15,2026-07-06T18:00:00Z,2026-07-07T09:00:00Z,,2026-07-07T00:00:00Z,sdswrf,sdswrf,Surface downward short-wave radiation flux,surface,,avg,W m**-2,W_m_2,99,36.59999847412109,254.2684840578021,244.3000030517578,632.47998046875,154.68069621822582
gfs,gfs_20260706_18z_f015,2026-07-06,18,15,2026-07-06T18:00:00Z,2026-07-07T09:00:00Z,,2026-07-07T00:00:00Z,t,t,Temperature,surface,,instant,K,degC,99,23.7914978027344,27.72786741931031,28.2914978027344,30.091516113281276,1.5555346326190678
gfs,gfs_20260706_18z_f015,2026-07-06,18,15,2026-07-06T18:00:00Z,2026-07-07T09:00:00Z,,2026-07-07T00:00:00Z,t2m,2t,2 metre temperature,heightAboveGround,,instant,K,degC,99,23.919519042968773,27.503369017321678,28.0195251464844,29.419519042968773,1.344401406978804
gfs,gfs_20260706_18z_f015,2026-07-06,18,15,2026-07-06T18:00:00Z,2026-07-07T09:00:00Z,,2026-07-07T00:00:00Z,tcc,tcc,Total Cloud Cover,atmosphere,,instant,%,,99,23.100000381469727,92.46262642831512,100.0,100.0,15.318178134400716
gfs,gfs_20260706_18z_f015,2026-07-06,18,15,2026-07-06T18:00:00Z,2026-07-07T09:00:00Z,,2026-07-07T00:00:00Z,tcc,tcc,Total Cloud Cover,atmosphere,,avg,%,,99,68.5,98.45252536041568,100.0,100.0,4.19254613209269
gfs,gfs_20260706_18z_f015,2026-07-06,18,15,2026-07-06T18:00:00Z,2026-07-07T09:00:00Z,,2026-07-07T00:00:00Z,tmax,tmax,Maximum temperature,heightAboveGround,,max,K,degC,99,24.181695556640648,27.855426580255703,28.381677246093773,29.681695556640648,1.343865896306383
gfs,gfs_20260706_18z_f015,2026-07-06,18,15,2026-07-06T18:00:00Z,2026-07-07T09:00:00Z,,2026-07-07T00:00:00Z,tmin,tmin,Minimum temperature,heightAboveGround,,min,K,degC,99,23.892480468750023,27.08338888149071,27.692468261718773,29.2924743652344,1.3350807967090046
gfs,gfs_20260706_18z_f015,2026-07-06,18,15,2026-07-06T18:00:00Z,2026-07-07T09:00:00Z,,2026-07-07T00:00:00Z,tp,tp,Total Precipitation,surface,,accum,kg m**-2,kg_m_2,99,0.0,1.1515151515151516,1.0,4.0,1.0387493583961491
gfs,gfs_20260706_18z_f015,2026-07-06,18,15,2026-07-06T18:00:00Z,2026-07-07T09:00:00Z,,2026-07-07T00:00:00Z,u10,10u,10 metre U wind component,heightAboveGround,,instant,m s**-1,m_s_1,99,-2.025732517242432,0.0379039424311633,-0.025732422247529,2.074267625808716,1.0609177077255378
gfs,gfs_20260706_18z_f015,2026-07-06,18,15,2026-07-06T18:00:00Z,2026-07-07T09:00:00Z,,2026-07-07T00:00:00Z,v10,10v,10 metre V wind component,heightAboveGround,,instant,m s**-1,m_s_1,99,-0.386923223733902,3.320147477541909,3.0130767822265625,7.613076686859131,2.3091496669775213
gfs,gfs_20260706_18z_f018,2026-07-06,18,18,2026-07-06T18:00:00Z,2026-07-07T12:00:00Z,,2026-07-07T00:00:00Z,cape,cape,Convective available potential energy,surface,,instant,J kg**-1,J_kg_1,99,75.0,861.030303030303,653.0,2049.0,590.3409467631062
gfs,gfs_20260706_18z_f018,2026-07-06,18,18,2026-07-06T18:00:00Z,2026-07-07T12:00:00Z,,2026-07-07T00:00:00Z,cin,cin,Convective inhibition,surface,,instant,J kg**-1,J_kg_1,99,-39.928466796875,-4.716345584753788,-2.928466796875,0.071533203125,6.824307012988927
gfs,gfs_20260706_18z_f018,2026-07-06,18,18,2026-07-06T18:00:00Z,2026-07-07T12:00:00Z,,2026-07-07T00:00:00Z,d2m,2d,2 metre dewpoint temperature,heightAboveGround,,instant,K,degC,99,21.949975585937523,24.305546061197937,24.350000000000023,25.850000000000023,0.9919108422030906
gfs,gfs_20260706_18z_f018,2026-07-06,18,18,2026-07-06T18:00:00Z,2026-07-07T12:00:00Z,,2026-07-07T00:00:00Z,gust,gust,Wind speed (gust),surface,,instant,m s**-1,m_s_1,99,0.2108337432146072,5.2815408348435104,5.410833835601807,10.810833930969238,3.1354684421347234
gfs,gfs_20260706_18z_f018,2026-07-06,18,18,2026-07-06T18:00:00Z,2026-07-07T12:00:00Z,,2026-07-07T00:00:00Z,prmsl,prmsl,Pressure reduced to MSL,meanSea,,instant,Pa,hPa,99,1005.99234375,1006.9254813762628,1007.0003125,1008.336328125,0.5290092014528052
gfs,gfs_20260706_18z_f018,2026-07-06,18,18,2026-07-06T18:00:00Z,2026-07-07T12:00:00Z,,2026-07-07T00:00:00Z,r2,2r,2 metre relative humidity,heightAboveGround,,instant,%,,99,77.9000015258789,86.97171721795593,85.4000015258789,98.0999984741211,4.602635009038335
gfs,gfs_20260706_18z_f018,2026-07-06,18,18,2026-07-06T18:00:00Z,2026-07-07T12:00:00Z,,2026-07-07T00:00:00Z,sdswrf,sdswrf,Surface downward short-wave radiation flux,surface,,avg,W m**-2,W_m_2,99,21.76000022888184,156.1257362365723,149.2480010986328,362.239990234375,92.43635281782944
gfs,gfs_20260706_18z_f018,2026-07-06,18,18,2026-07-06T18:00:00Z,2026-07-07T12:00:00Z,,2026-07-07T00:00:00Z,t,t,Temperature,surface,,instant,K,degC,99,22.954797363281276,26.518445317432157,26.954797363281276,29.554803466796898,2.088568427371393
gfs,gfs_20260706_18z_f018,2026-07-06,18,18,2026-07-06T18:00:00Z,2026-07-07T12:00:00Z,,2026-07-07T00:00:00Z,t2m,2t,2 metre temperature,heightAboveGround,,instant,K,degC,99,23.361901855468773,26.696258914831933,27.061914062500023,28.9619079589844,1.6686748046074529
gfs,gfs_20260706_18z_f018,2026-07-06,18,18,2026-07-06T18:00:00Z,2026-07-07T12:00:00Z,,2026-07-07T00:00:00Z,tcc,tcc,Total Cloud Cover,atmosphere,,instant,%,,99,7.0,88.15151534417663,97.8000030517578,100.0,18.19527263402754
gfs,gfs_20260706_18z_f018,2026-07-06,18,18,2026-07-06T18:00:00Z,2026-07-07T12:00:00Z,,2026-07-07T00:00:00Z,tcc,tcc,Total Cloud Cover,atmosphere,,avg,%,,99,66.69999694824219,96.80707056835443,100.0,100.0,5.96671356191318
gfs,gfs_20260706_18z_f018,2026-07-06,18,18,2026-07-06T18:00:00Z,2026-07-07T12:00:00Z,,2026-07-07T00:00:00Z,tmax,tmax,Maximum temperature,heightAboveGround,,max,K,degC,99,24.191491699218773,27.881402587890644,28.391503906250023,29.691491699218773,1.3264601900209254
gfs,gfs_20260706_18z_f018,2026-07-06,18,18,2026-07-06T18:00:00Z,2026-07-07T12:00:00Z,,2026-07-07T00:00:00Z,tmin,tmin,Minimum temperature,heightAboveGround,,min,K,degC,99,23.392480468750023,26.514701519590457,26.7924743652344,28.592492675781276,1.5521608861897729
gfs,gfs_20260706_18z_f018,2026-07-06,18,18,2026-07-06T18:00:00Z,2026-07-07T12:00:00Z,,2026-07-07T00:00:00Z,tp,tp,Total Precipitation,surface,,accum,kg m**-2,kg_m_2,99,0.0,2.476641414141414,1.9375,7.125,2.0992871313376886
gfs,gfs_20260706_18z_f018,2026-07-06,18,18,2026-07-06T18:00:00Z,2026-07-07T12:00:00Z,,2026-07-07T00:00:00Z,u10,10u,10 metre U wind component,heightAboveGround,,instant,m s**-1,m_s_1,99,-2.514813184738159,0.0397322201969647,-0.1148132309317588,2.085186719894409,1.18067542865694
gfs,gfs_20260706_18z_f018,2026-07-06,18,18,2026-07-06T18:00:00Z,2026-07-07T12:00:00Z,,2026-07-07T00:00:00Z,v10,10v,10 metre V wind component,heightAboveGround,,instant,m s**-1,m_s_1,99,-0.321887195110321,3.29528450845468,2.578112840652466,7.078112602233887,2.420244595040874
gfs,gfs_20260706_18z_f021,2026-07-06,18,21,2026-07-06T18:00:00Z,2026-07-07T15:00:00Z,,2026-07-07T00:00:00Z,cape,cape,Convective available potential energy,surface,,instant,J kg**-1,J_kg_1,99,23.0,830.989898989899,706.0,1973.0,630.9373577407817
gfs,gfs_20260706_18z_f021,2026-07-06,18,21,2026-07-06T18:00:00Z,2026-07-07T15:00:00Z,,2026-07-07T00:00:00Z,cin,cin,Convective inhibition,surface,,instant,J kg**-1,J_kg_1,99,-72.110595703125,-8.524737117266413,-3.110595703125,-0.110595703125,15.028599067091916
gfs,gfs_20260706_18z_f021,2026-07-06,18,21,2026-07-06T18:00:00Z,2026-07-07T15:00:00Z,,2026-07-07T00:00:00Z,d2m,2d,2 metre dewpoint temperature,heightAboveGround,,instant,K,degC,99,21.7499938964844,24.303534367108604,24.350000000000023,25.850000000000023,1.0965791158959508
gfs,gfs_20260706_18z_f021,2026-07-06,18,21,2026-07-06T18:00:00Z,2026-07-07T15:00:00Z,,2026-07-07T00:00:00Z,gust,gust,Wind speed (gust),surface,,instant,m s**-1,m_s_1,99,0.619873046875,5.4592669810911625,6.319872856140137,9.919873237609863,2.9374563917693397
gfs,gfs_20260706_18z_f021,2026-07-06,18,21,2026-07-06T18:00:00Z,2026-07-07T15:00:00Z,,2026-07-07T00:00:00Z,prmsl,prmsl,Pressure reduced to MSL,meanSea,,instant,Pa,hPa,99,1006.7484375,1007.9950260416668,1008.052421875,1009.80046875,0.7383086190046139
gfs,gfs_20260706_18z_f021,2026-07-06,18,21,2026-07-06T18:00:00Z,2026-07-07T15:00:00Z,,2026-07-07T00:00:00Z,r2,2r,2 metre relative humidity,heightAboveGround,,instant,%,,99,76.9000015258789,87.3878788803563,86.5,97.8000030517578,5.390363188310618
gfs,gfs_20260706_18z_f021,2026-07-06,18,21,2026-07-06T18:00:00Z,2026-07-07T15:00:00Z,,2026-07-07T00:00:00Z,sdswrf,sdswrf,Surface downward short-wave radiation flux,surface,,avg,W m**-2,W_m_2,99,0.0,0.0,0.0,0.0,0.0
gfs,gfs_20260706_18z_f021,2026-07-06,18,21,2026-07-06T18:00:00Z,2026-07-07T15:00:00Z,,2026-07-07T00:00:00Z,t,t,Temperature,surface,,instant,K,degC,99,22.361230468750023,26.32182456893152,26.7612243652344,29.561212158203148,2.3090001505618223
gfs,gfs_20260706_18z_f021,2026-07-06,18,21,2026-07-06T18:00:00Z,2026-07-07T15:00:00Z,,2026-07-07T00:00:00Z,t2m,2t,2 metre temperature,heightAboveGround,,instant,K,degC,99,22.7451110839844,26.592591934974767,26.845117187500023,29.145104980468773,1.9886213620547624
gfs,gfs_20260706_18z_f021,2026-07-06,18,21,2026-07-06T18:00:00Z,2026-07-07T15:00:00Z,,2026-07-07T00:00:00Z,tcc,tcc,Total Cloud Cover,atmosphere,,instant,%,,99,5.0,60.68282837819572,69.5999984741211,100.0,35.78388291032259
gfs,gfs_20260706_18z_f021,2026-07-06,18,21,2026-07-06T18:00:00Z,2026-07-07T15:00:00Z,,2026-07-07T00:00:00Z,tcc,tcc,Total Cloud Cover,atmosphere,,avg,%,,99,31.899999618530277,85.76969691960498,91.0,100.0,14.946824782776511
gfs,gfs_20260706_18z_f021,2026-07-06,18,21,2026-07-06T18:00:00Z,2026-07-07T15:00:00Z,,2026-07-07T00:00:00Z,tmax,tmax,Maximum temperature,heightAboveGround,,max,K,degC,99,23.344812011718773,26.86399277195788,27.144799804687523,29.144799804687523,1.7884972645149886
gfs,gfs_20260706_18z_f021,2026-07-06,18,21,2026-07-06T18:00:00Z,2026-07-07T15:00:00Z,,2026-07-07T00:00:00Z,tmin,tmin,Minimum temperature,heightAboveGround,,min,K,degC,99,22.756005859375023,26.372168092053364,26.6559997558594,28.6559997558594,1.821239390149858
gfs,gfs_20260706_18z_f021,2026-07-06,18,21,2026-07-06T18:00:00Z,2026-07-07T15:00:00Z,,2026-07-07T00:00:00Z,tp,tp,Total Precipitation,surface,,accum,kg m**-2,kg_m_2,99,0.0,0.7518939393939394,0.25,3.6875,0.9325608336447104
gfs,gfs_20260706_18z_f021,2026-07-06,18,21,2026-07-06T18:00:00Z,2026-07-07T15:00:00Z,,2026-07-07T00:00:00Z,u10,10u,10 metre U wind component,heightAboveGround,,instant,m s**-1,m_s_1,99,-2.407400608062744,-0.7457843540292798,-0.6074005365371704,0.9925994873046876,0.8185608319073838
gfs,gfs_20260706_18z_f021,2026-07-06,18,21,2026-07-06T18:00:00Z,2026-07-07T15:00:00Z,,2026-07-07T00:00:00Z,v10,10v,10 metre V wind component,heightAboveGround,,instant,m s**-1,m_s_1,99,-0.770861804485321,3.433178598889046,2.729138135910034,7.329138278961182,2.5538609873837266
gfs,gfs_20260706_18z_f024,2026-07-06,18,24,2026-07-06T18:00:00Z,2026-07-07T18:00:00Z,,2026-07-07T00:00:00Z,cape,cape,Convective available potential energy,surface,,instant,J kg**-1,J_kg_1,99,10.0,753.3737373737374,647.0,1554.0,527.8523780827819
gfs,gfs_20260706_18z_f024,2026-07-06,18,24,2026-07-06T18:00:00Z,2026-07-07T18:00:00Z,,2026-07-07T00:00:00Z,cin,cin,Convective inhibition,surface,,instant,J kg**-1,J_kg_1,99,-53.528564453125,-5.760887685448233,-1.528564453125,0.471435546875,8.545573941902964
gfs,gfs_20260706_18z_f024,2026-07-06,18,24,2026-07-06T18:00:00Z,2026-07-07T18:00:00Z,,2026-07-07T00:00:00Z,d2m,2d,2 metre dewpoint temperature,heightAboveGround,,instant,K,degC,99,21.850000000000023,24.122726039693838,24.350000000000023,25.450006103515648,1.0722211692027053
gfs,gfs_20260706_18z_f024,2026-07-06,18,24,2026-07-06T18:00:00Z,2026-07-07T18:00:00Z,,2026-07-07T00:00:00Z,gust,gust,Wind speed (gust),surface,,instant,m s**-1,m_s_1,99,0.3100226521492004,5.143356033647903,5.910022735595703,9.710022926330566,3.101970749559515
gfs,gfs_20260706_18z_f024,2026-07-06,18,24,2026-07-06T18:00:00Z,2026-07-07T18:00:00Z,,2026-07-07T00:00:00Z,prmsl,prmsl,Pressure reduced to MSL,meanSea,,instant,Pa,hPa,99,1005.814609375,1006.9606029040406,1006.906640625,1008.74265625,0.6741345724383812
gfs,gfs_20260706_18z_f024,2026-07-06,18,24,2026-07-06T18:00:00Z,2026-07-07T18:00:00Z,,2026-07-07T00:00:00Z,r2,2r,2 metre relative humidity,heightAboveGround,,instant,%,,99,77.69999694824219,88.4323238026012,87.5,98.5999984741211,5.771784596612758
gfs,gfs_20260706_18z_f024,2026-07-06,18,24,2026-07-06T18:00:00Z,2026-07-07T18:00:00Z,,2026-07-07T00:00:00Z,sdswrf,sdswrf,Surface downward short-wave radiation flux,surface,,avg,W m**-2,W_m_2,99,0.0,0.0,0.0,0.0,0.0
gfs,gfs_20260706_18z_f024,2026-07-06,18,24,2026-07-06T18:00:00Z,2026-07-07T18:00:00Z,,2026-07-07T00:00:00Z,t,t,Temperature,surface,,instant,K,degC,99,22.055627441406276,26.08591844963307,26.455621337890648,29.555627441406276,2.489268065497557
gfs,gfs_20260706_18z_f024,2026-07-06,18,24,2026-07-06T18:00:00Z,2026-07-07T18:00:00Z,,2026-07-07T00:00:00Z,t2m,2t,2 metre temperature,heightAboveGround,,instant,K,degC,99,22.350000000000023,26.226767861722717,26.350000000000023,28.950006103515648,2.078014221438204
gfs,gfs_20260706_18z_f024,2026-07-06,18,24,2026-07-06T18:00:00Z,2026-07-07T18:00:00Z,,2026-07-07T00:00:00Z,tcc,tcc,Total Cloud Cover,atmosphere,,instant,%,,99,0.3000000119209289,17.125252519593094,5.0,99.4000015258789,22.901362139075253
gfs,gfs_20260706_18z_f024,2026-07-06,18,24,2026-07-06T18:00:00Z,2026-07-07T18:00:00Z,,2026-07-07T00:00:00Z,tcc,tcc,Total Cloud Cover,atmosphere,,avg,%,,99,21.899999618530277,70.35757575372253,75.19999694824219,96.6999969482422,17.792405802732386
gfs,gfs_20260706_18z_f024,2026-07-06,18,24,2026-07-06T18:00:00Z,2026-07-07T18:00:00Z,,2026-07-07T00:00:00Z,tmax,tmax,Maximum temperature,heightAboveGround,,max,K,degC,99,23.378106689453148,26.910423263395696,27.178094482421898,29.278100585937523,1.801279829341487
gfs,gfs_20260706_18z_f024,2026-07-06,18,24,2026-07-06T18:00:00Z,2026-07-07T18:00:00Z,,2026-07-07T00:00:00Z,tmin,tmin,Minimum temperature,heightAboveGround,,min,K,degC,99,22.349694824218773,26.089075015289637,26.349694824218773,28.549676513671898,1.9490897138193208
gfs,gfs_20260706_18z_f024,2026-07-06,18,24,2026-07-06T18:00:00Z,2026-07-07T18:00:00Z,,2026-07-07T00:00:00Z,tp,tp,Total Precipitation,surface,,accum,kg m**-2,kg_m_2,99,0.0,1.7228535353535352,1.4375,7.0625,1.538673425508574
gfs,gfs_20260706_18z_f024,2026-07-06,18,24,2026-07-06T18:00:00Z,2026-07-07T18:00:00Z,,2026-07-07T00:00:00Z,u10,10u,10 metre U wind component,heightAboveGround,,instant,m s**-1,m_s_1,99,-3.0433411598205566,-1.0322299537935642,-0.943341076374054,0.356658935546875,0.6231054412808901
gfs,gfs_20260706_18z_f024,2026-07-06,18,24,2026-07-06T18:00:00Z,2026-07-07T18:00:00Z,,2026-07-07T00:00:00Z,v10,10v,10 metre V wind component,heightAboveGround,,instant,m s**-1,m_s_1,99,-0.3847595155239105,3.418270779688928,2.8152403831481934,7.315240383148193,2.862098349001858
gfs,gfs_20260706_18z_f027,2026-07-06,18,27,2026-07-06T18:00:00Z,2026-07-07T21:00:00Z,,2026-07-07T00:00:00Z,cape,cape,Convective available potential energy,surface,,instant,J kg**-1,J_kg_1,99,35.0,662.939393939394,476.0,1536.0,494.1438227267712
gfs,gfs_20260706_18z_f027,2026-07-06,18,27,2026-07-06T18:00:00Z,2026-07-07T21:00:00Z,,2026-07-07T00:00:00Z,cin,cin,Convective inhibition,surface,,instant,J kg**-1,J_kg_1,99,-41.139892578125,-9.22070065893308,-4.139892578125,-0.139892578125,10.653094364973288
gfs,gfs_20260706_18z_f027,2026-07-06,18,27,2026-07-06T18:00:00Z,2026-07-07T21:00:00Z,,2026-07-07T00:00:00Z,d2m,2d,2 metre dewpoint temperature,heightAboveGround,,instant,K,degC,99,21.663964843750023,23.83670512498029,23.763970947265648,25.263970947265648,1.0864483326897545
gfs,gfs_20260706_18z_f027,2026-07-06,18,27,2026-07-06T18:00:00Z,2026-07-07T21:00:00Z,,2026-07-07T00:00:00Z,gust,gust,Wind speed (gust),surface,,instant,m s**-1,m_s_1,99,0.4005554318428039,5.417727109759745,6.300555229187012,10.700555801391602,3.251698534295073
gfs,gfs_20260706_18z_f027,2026-07-06,18,27,2026-07-06T18:00:00Z,2026-07-07T21:00:00Z,,2026-07-07T00:00:00Z,prmsl,prmsl,Pressure reduced to MSL,meanSea,,instant,Pa,hPa,99,1005.571484375,1006.9741690340908,1006.93953125,1008.763515625,0.7558633922251939
gfs,gfs_20260706_18z_f027,2026-07-06,18,27,2026-07-06T18:00:00Z,2026-07-07T21:00:00Z,,2026-07-07T00:00:00Z,r2,2r,2 metre relative humidity,heightAboveGround,,instant,%,,99,78.5999984741211,88.3434346516927,87.4000015258789,98.5999984741211,6.125607322159941
gfs,gfs_20260706_18z_f027,2026-07-06,18,27,2026-07-06T18:00:00Z,2026-07-07T21:00:00Z,,2026-07-07T00:00:00Z,sdswrf,sdswrf,Surface downward short-wave radiation flux,surface,,avg,W m**-2,W_m_2,99,0.0,0.0,0.0,0.0,0.0
gfs,gfs_20260706_18z_f027,2026-07-06,18,27,2026-07-06T18:00:00Z,2026-07-07T21:00:00Z,,2026-07-07T00:00:00Z,t,t,Temperature,surface,,instant,K,degC,99,21.598992919921898,25.88788926866321,26.299005126953148,29.498986816406276,2.652724013374476
gfs,gfs_20260706_18z_f027,2026-07-06,18,27,2026-07-06T18:00:00Z,2026-07-07T21:00:00Z,,2026-07-07T00:00:00Z,t2m,2t,2 metre temperature,heightAboveGround,,instant,K,degC,99,21.886682128906276,25.97356135821104,26.186700439453148,28.886682128906276,2.1859373255241703
gfs,gfs_20260706_18z_f027,2026-07-06,18,27,2026-07-06T18:00:00Z,2026-07-07T21:00:00Z,,2026-07-07T00:00:00Z,tcc,tcc,Total Cloud Cover,atmosphere,,instant,%,,99,0.4000000059604645,42.99393911223219,37.59999847412109,99.8000030517578,33.508276464670644
gfs,gfs_20260706_18z_f027,2026-07-06,18,27,2026-07-06T18:00:00Z,2026-07-07T21:00:00Z,,2026-07-07T00:00:00Z,tcc,tcc,Total Cloud Cover,atmosphere,,avg,%,,99,1.5,30.40000010259224,26.399999618530277,88.80000305175781,19.781697630654413
gfs,gfs_20260706_18z_f027,2026-07-06,18,27,2026-07-06T18:00:00Z,2026-07-07T21:00:00Z,,2026-07-07T00:00:00Z,tmax,tmax,Maximum temperature,heightAboveGround,,max,K,degC,99,22.350000000000023,26.29646415325128,26.450006103515648,29.050012207031276,2.118284926040904
gfs,gfs_20260706_18z_f027,2026-07-06,18,27,2026-07-06T18:00:00Z,2026-07-07T21:00:00Z,,2026-07-07T00:00:00Z,tmin,tmin,Minimum temperature,heightAboveGround,,min,K,degC,99,21.950006103515648,25.82777888750791,25.950006103515648,28.7499938964844,2.1066770567458195
gfs,gfs_20260706_18z_f027,2026-07-06,18,27,2026-07-06T18:00:00Z,2026-07-07T21:00:00Z,,2026-07-07T00:00:00Z,tp,tp,Total Precipitation,surface,,accum,kg m**-2,kg_m_2,99,0.0,2.292929292929293,2.5625,6.5,1.708440648528934
gfs,gfs_20260706_18z_f027,2026-07-06,18,27,2026-07-06T18:00:00Z,2026-07-07T21:00:00Z,,2026-07-07T00:00:00Z,u10,10u,10 metre U wind component,heightAboveGround,,instant,m s**-1,m_s_1,99,-3.072460889816284,-0.8381175032694532,-0.8724609613418579,1.127539038658142,1.005455986861159
gfs,gfs_20260706_18z_f027,2026-07-06,18,27,2026-07-06T18:00:00Z,2026-07-07T21:00:00Z,,2026-07-07T00:00:00Z,v10,10v,10 metre V wind component,heightAboveGround,,instant,m s**-1,m_s_1,99,-0.438467413187027,3.4827447236336844,2.961532592773437,8.561532974243164,2.7866664232818703
gfs,gfs_20260706_18z_f030,2026-07-06,18,30,2026-07-06T18:00:00Z,2026-07-08T00:00:00Z,,2026-07-07T00:00:00Z,cape,cape,Convective available potential energy,surface,,instant,J kg**-1,J_kg_1,99,181.0,815.070707070707,609.0,1713.0,465.0835756874752
gfs,gfs_20260706_18z_f030,2026-07-06,18,30,2026-07-06T18:00:00Z,2026-07-08T00:00:00Z,,2026-07-07T00:00:00Z,cin,cin,Convective inhibition,surface,,instant,J kg**-1,J_kg_1,99,-10.35400390625,-2.111579663825758,-1.35400390625,-0.35400390625,2.278981294177353
gfs,gfs_20260706_18z_f030,2026-07-06,18,30,2026-07-06T18:00:00Z,2026-07-08T00:00:00Z,,2026-07-07T00:00:00Z,d2m,2d,2 metre dewpoint temperature,heightAboveGround,,instant,K,degC,99,22.178125000000023,24.19831499812581,24.178125000000023,25.478112792968773,0.822041696049466
gfs,gfs_20260706_18z_f030,2026-07-06,18,30,2026-07-06T18:00:00Z,2026-07-08T00:00:00Z,,2026-07-07T00:00:00Z,gust,gust,Wind speed (gust),surface,,instant,m s**-1,m_s_1,99,1.207208275794983,6.331450635736639,6.607208251953125,10.607208251953123,2.735405354964868
gfs,gfs_20260706_18z_f030,2026-07-06,18,30,2026-07-06T18:00:00Z,2026-07-08T00:00:00Z,,2026-07-07T00:00:00Z,prmsl,prmsl,Pressure reduced to MSL,meanSea,,instant,Pa,hPa,99,1006.66734375,1008.0582039141414,1008.06734375,1009.62734375,0.6718821625667013
gfs,gfs_20260706_18z_f030,2026-07-06,18,30,2026-07-06T18:00:00Z,2026-07-08T00:00:00Z,,2026-07-07T00:00:00Z,r2,2r,2 metre relative humidity,heightAboveGround,,instant,%,,99,77.0999984741211,83.46262613932292,83.5,93.4000015258789,3.5579357028040994
gfs,gfs_20260706_18z_f030,2026-07-06,18,30,2026-07-06T18:00:00Z,2026-07-08T00:00:00Z,,2026-07-07T00:00:00Z,sdswrf,sdswrf,Surface downward short-wave radiation flux,surface,,avg,W m**-2,W_m_2,99,4.288000106811523,52.41955586635705,58.25600051879883,71.9520034790039,18.568862308092324
gfs,gfs_20260706_18z_f030,2026-07-06,18,30,2026-07-06T18:00:00Z,2026-07-08T00:00:00Z,,2026-07-07T00:00:00Z,t,t,Temperature,surface,,instant,K,degC,99,24.600976562500023,27.734322965988024,27.900994873046898,29.900994873046898,1.1508469768988174
gfs,gfs_20260706_18z_f030,2026-07-06,18,30,2026-07-06T18:00:00Z,2026-07-08T00:00:00Z,,2026-07-07T00:00:00Z,t2m,2t,2 metre temperature,heightAboveGround,,instant,K,degC,99,24.778100585937523,27.24173627140548,27.378106689453148,28.978112792968773,1.1091408797113953
gfs,gfs_20260706_18z_f030,2026-07-06,18,30,2026-07-06T18:00:00Z,2026-07-08T00:00:00Z,,2026-07-07T00:00:00Z,tcc,tcc,Total Cloud Cover,atmosphere,,instant,%,,99,0.5,55.436363737992565,58.79999923706055,100.0,35.80160394568542
gfs,gfs_20260706_18z_f030,2026-07-06,18,30,2026-07-06T18:00:00Z,2026-07-08T00:00:00Z,,2026-07-07T00:00:00Z,tcc,tcc,Total Cloud Cover,atmosphere,,avg,%,,99,3.5999999046325684,45.45050530000167,51.70000076293945,85.9000015258789,23.206348910173567
gfs,gfs_20260706_18z_f030,2026-07-06,18,30,2026-07-06T18:00:00Z,2026-07-08T00:00:00Z,,2026-07-07T00:00:00Z,tmax,tmax,Maximum temperature,heightAboveGround,,max,K,degC,99,24.978112792968773,27.32961610736271,27.478112792968773,28.978112792968773,1.1650095067708943
gfs,gfs_20260706_18z_f030,2026-07-06,18,30,2026-07-06T18:00:00Z,2026-07-08T00:00:00Z,,2026-07-07T00:00:00Z,tmin,tmin,Minimum temperature,heightAboveGround,,min,K,degC,99,21.796716308593773,25.763370151712454,25.896691894531276,28.496697998046898,2.0774407215337587
gfs,gfs_20260706_18z_f030,2026-07-06,18,30,2026-07-06T18:00:00Z,2026-07-08T00:00:00Z,,2026-07-07T00:00:00Z,tp,tp,Total Precipitation,surface,,accum,kg m**-2,kg_m_2,99,0.0,4.059343434343434,4.0625,13.5,3.277279328375027
gfs,gfs_20260706_18z_f030,2026-07-06,18,30,2026-07-06T18:00:00Z,2026-07-08T00:00:00Z,,2026-07-07T00:00:00Z,u10,10u,10 metre U wind component,heightAboveGround,,instant,m s**-1,m_s_1,99,-3.76422119140625,-1.3743222020190171,-1.26422119140625,0.435778796672821,0.932953926157102
gfs,gfs_20260706_18z_f030,2026-07-06,18,30,2026-07-06T18:00:00Z,2026-07-08T00:00:00Z,,2026-07-07T00:00:00Z,v10,10v,10 metre V wind component,heightAboveGround,,instant,m s**-1,m_s_1,99,-0.4948669373989105,3.662708820718708,3.2051329612731934,8.605133056640625,2.6323968936909843
gfs,gfs_20260706_18z_f033,2026-07-06,18,33,2026-07-06T18:00:00Z,2026-07-08T03:00:00Z,,2026-07-07T00:00:00Z,cape,cape,Convective available potential energy,surface,,instant,J kg**-1,J_kg_1,99,242.0,939.2929292929292,758.0,2053.0,539.013300795865
gfs,gfs_20260706_18z_f033,2026-07-06,18,33,2026-07-06T18:00:00Z,2026-07-08T03:00:00Z,,2026-07-07T00:00:00Z,cin,cin,Convective inhibition,surface,,instant,J kg**-1,J_kg_1,99,-5.6640625,-0.472143308080808,0.3359375,0.3359375,1.220008011869434
gfs,gfs_20260706_18z_f033,2026-07-06,18,33,2026-07-06T18:00:00Z,2026-07-08T03:00:00Z,,2026-07-07T00:00:00Z,d2m,2d,2 metre dewpoint temperature,heightAboveGround,,instant,K,degC,99,20.726647949218773,24.15290915749292,24.426660156250023,25.8266540527344,1.2549366235923416
gfs,gfs_20260706_18z_f033,2026-07-06,18,33,2026-07-06T18:00:00Z,2026-07-08T03:00:00Z,,2026-07-07T00:00:00Z,gust,gust,Wind speed (gust),surface,,instant,m s**-1,m_s_1,99,2.4128212928771973,6.935043621544886,7.112821578979492,9.912821769714355,1.811777171032358
gfs,gfs_20260706_18z_f033,2026-07-06,18,33,2026-07-06T18:00:00Z,2026-07-08T03:00:00Z,,2026-07-07T00:00:00Z,prmsl,prmsl,Pressure reduced to MSL,meanSea,,instant,Pa,hPa,99,1006.99984375,1008.0206802398988,1008.027890625,1009.427890625,0.5518744915099002
gfs,gfs_20260706_18z_f033,2026-07-06,18,33,2026-07-06T18:00:00Z,2026-07-08T03:00:00Z,,2026-07-07T00:00:00Z,r2,2r,2 metre relative humidity,heightAboveGround,,instant,%,,99,53.900001525878906,76.88383838383838,79.9000015258789,89.5,9.552044538459244
gfs,gfs_20260706_18z_f033,2026-07-06,18,33,2026-07-06T18:00:00Z,2026-07-08T03:00:00Z,,2026-07-07T00:00:00Z,sdswrf,sdswrf,Surface downward short-wave radiation flux,surface,,avg,W m**-2,W_m_2,99,55.3120002746582,537.0907452515881,651.1519775390625,709.3920288085938,217.7815961833333
gfs,gfs_20260706_18z_f033,2026-07-06,18,33,2026-07-06T18:00:00Z,2026-07-08T03:00:00Z,,2026-07-07T00:00:00Z,t,t,Temperature,surface,,instant,K,degC,99,25.2499938964844,29.610605320786004,29.050012207031276,35.2499938964844,2.2931086022153875
gfs,gfs_20260706_18z_f033,2026-07-06,18,33,2026-07-06T18:00:00Z,2026-07-08T03:00:00Z,,2026-07-07T00:00:00Z,t2m,2t,2 metre temperature,heightAboveGround,,instant,K,degC,99,25.669732666015648,28.738413554490236,28.669732666015648,31.669732666015648,1.26982407174907
gfs,gfs_20260706_18z_f033,2026-07-06,18,33,2026-07-06T18:00:00Z,2026-07-08T03:00:00Z,,2026-07-07T00:00:00Z,tcc,tcc,Total Cloud Cover,atmosphere,,instant,%,,99,0.0,56.90505056798157,67.4000015258789,100.0,39.41096189863851
gfs,gfs_20260706_18z_f033,2026-07-06,18,33,2026-07-06T18:00:00Z,2026-07-08T03:00:00Z,,2026-07-07T00:00:00Z,tcc,tcc,Total Cloud Cover,atmosphere,,avg,%,,99,1.7000000476837158,62.98585869326736,72.80000305175781,100.0,34.298390583123286
gfs,gfs_20260706_18z_f033,2026-07-06,18,33,2026-07-06T18:00:00Z,2026-07-08T03:00:00Z,,2026-07-07T00:00:00Z,tmax,tmax,Maximum temperature,heightAboveGround,,max,K,degC,99,26.193078613281276,28.826400356100084,28.693078613281276,31.593072509765648,1.1873919069658765
gfs,gfs_20260706_18z_f033,2026-07-06,18,33,2026-07-06T18:00:00Z,2026-07-08T03:00:00Z,,2026-07-07T00:00:00Z,tmin,tmin,Minimum temperature,heightAboveGround,,min,K,degC,99,24.720788574218773,27.181406410294368,27.420800781250023,28.920800781250023,1.053692258280465
gfs,gfs_20260706_18z_f033,2026-07-06,18,33,2026-07-06T18:00:00Z,2026-07-08T03:00:00Z,,2026-07-07T00:00:00Z,tp,tp,Total Precipitation,surface,,accum,kg m**-2,kg_m_2,99,0.0,1.2569444444444444,0.75,5.6875,1.417805048659543
gfs,gfs_20260706_18z_f033,2026-07-06,18,33,2026-07-06T18:00:00Z,2026-07-08T03:00:00Z,,2026-07-07T00:00:00Z,u10,10u,10 metre U wind component,heightAboveGround,,instant,m s**-1,m_s_1,99,-3.1433167457580566,-1.4251348325098403,-1.5433166027069092,0.456683337688446,0.7637445886358353
gfs,gfs_20260706_18z_f033,2026-07-06,18,33,2026-07-06T18:00:00Z,2026-07-08T03:00:00Z,,2026-07-07T00:00:00Z,v10,10v,10 metre V wind component,heightAboveGround,,instant,m s**-1,m_s_1,99,1.554040551185608,4.461111216834097,4.45404052734375,7.45404052734375,1.6583582200212543
gfs,gfs_20260706_18z_f036,2026-07-06,18,36,2026-07-06T18:00:00Z,2026-07-08T06:00:00Z,,2026-07-07T00:00:00Z,cape,cape,Convective available potential energy,surface,,instant,J kg**-1,J_kg_1,99,201.0,975.5151515151516,903.0,1876.0,462.7659129349006
gfs,gfs_20260706_18z_f036,2026-07-06,18,36,2026-07-06T18:00:00Z,2026-07-08T06:00:00Z,,2026-07-07T00:00:00Z,cin,cin,Convective inhibition,surface,,instant,J kg**-1,J_kg_1,99,-6.528076171875,-0.4573691011679293,-0.528076171875,0.471923828125,1.2329854157306772
gfs,gfs_20260706_18z_f036,2026-07-06,18,36,2026-07-06T18:00:00Z,2026-07-08T06:00:00Z,,2026-07-07T00:00:00Z,d2m,2d,2 metre dewpoint temperature,heightAboveGround,,instant,K,degC,99,20.649987792968773,24.09646520132972,24.450006103515648,25.649987792968773,1.245705519358484
gfs,gfs_20260706_18z_f036,2026-07-06,18,36,2026-07-06T18:00:00Z,2026-07-08T06:00:00Z,,2026-07-07T00:00:00Z,gust,gust,Wind speed (gust),surface,,instant,m s**-1,m_s_1,99,2.422351121902466,6.511239974185674,6.522351264953613,10.022351264953612,1.5641106694985196
gfs,gfs_20260706_18z_f036,2026-07-06,18,36,2026-07-06T18:00:00Z,2026-07-08T06:00:00Z,,2026-07-07T00:00:00Z,prmsl,prmsl,Pressure reduced to MSL,meanSea,,instant,Pa,hPa,99,1005.79625,1006.6540672348484,1006.66421875,1007.760234375,0.410577921595377
gfs,gfs_20260706_18z_f036,2026-07-06,18,36,2026-07-06T18:00:00Z,2026-07-08T06:00:00Z,,2026-07-07T00:00:00Z,r2,2r,2 metre relative humidity,heightAboveGround,,instant,%,,99,50.29999923706055,73.45656547161063,77.0999984741211,87.0,9.92739467889101
gfs,gfs_20260706_18z_f036,2026-07-06,18,36,2026-07-06T18:00:00Z,2026-07-08T06:00:00Z,,2026-07-07T00:00:00Z,sdswrf,sdswrf,Surface downward short-wave radiation flux,surface,,avg,W m**-2,W_m_2,99,134.72000122070312,656.8523638176196,740.864013671875,836.68798828125,196.3537084731769
gfs,gfs_20260706_18z_f036,2026-07-06,18,36,2026-07-06T18:00:00Z,2026-07-08T06:00:00Z,,2026-07-07T00:00:00Z,t,t,Temperature,surface,,instant,K,degC,99,26.950006103515648,30.608584378945725,29.7499938964844,36.35000000000002,2.248276368883316
gfs,gfs_20260706_18z_f036,2026-07-06,18,36,2026-07-06T18:00:00Z,2026-07-08T06:00:00Z,,2026-07-07T00:00:00Z,t2m,2t,2 metre temperature,heightAboveGround,,instant,K,degC,99,26.883477783203148,29.47235945884629,29.283471679687523,32.48348388671877,1.289498475029642
gfs,gfs_20260706_18z_f036,2026-07-06,18,36,2026-07-06T18:00:00Z,2026-07-08T06:00:00Z,,2026-07-07T00:00:00Z,tcc,tcc,Total Cloud Cover,atmosphere,,instant,%,,99,0.0,54.69899008287625,57.59999847412109,100.0,37.34215402137708
gfs,gfs_20260706_18z_f036,2026-07-06,18,36,2026-07-06T18:00:00Z,2026-07-08T06:00:00Z,,2026-07-07T00:00:00Z,tcc,tcc,Total Cloud Cover,atmosphere,,avg,%,,99,1.7000000476837158,62.75858581306959,73.69999694824219,100.0,34.11792976345048
gfs,gfs_20260706_18z_f036,2026-07-06,18,36,2026-07-06T18:00:00Z,2026-07-08T06:00:00Z,,2026-07-07T00:00:00Z,tmax,tmax,Maximum temperature,heightAboveGround,,max,K,degC,99,27.2197204589844,29.716697060941463,29.419732666015648,32.61971435546877,1.291106275413311
gfs,gfs_20260706_18z_f036,2026-07-06,18,36,2026-07-06T18:00:00Z,2026-07-08T06:00:00Z,,2026-07-07T00:00:00Z,tmin,tmin,Minimum temperature,heightAboveGround,,min,K,degC,99,24.769311523437523,27.17133129389601,27.369317626953148,28.969323730468773,1.0564841141669703
gfs,gfs_20260706_18z_f036,2026-07-06,18,36,2026-07-06T18:00:00Z,2026-07-08T06:00:00Z,,2026-07-07T00:00:00Z,tp,tp,Total Precipitation,surface,,accum,kg m**-2,kg_m_2,99,0.0,2.678030303030303,2.125,9.125,2.3609593547622336
gfs,gfs_20260706_18z_f036,2026-07-06,18,36,2026-07-06T18:00:00Z,2026-07-08T06:00:00Z,,2026-07-07T00:00:00Z,u10,10u,10 metre U wind component,heightAboveGround,,instant,m s**-1,m_s_1,99,-2.6419005393981934,-1.0166481060512138,-1.141900658607483,2.758099317550659,0.9526511018796604
gfs,gfs_20260706_18z_f036,2026-07-06,18,36,2026-07-06T18:00:00Z,2026-07-08T06:00:00Z,,2026-07-07T00:00:00Z,v10,10v,10 metre V wind component,heightAboveGround,,instant,m s**-1,m_s_1,99,0.4390197694301605,4.644070274601079,4.839019775390625,6.839019775390625,1.3743225056014412
gfs,gfs_20260706_18z_f039,2026-07-06,18,39,2026-07-06T18:00:00Z,2026-07-08T09:00:00Z,,2026-07-07T00:00:00Z,cape,cape,Convective available potential energy,surface,,instant,J kg**-1,J_kg_1,99,32.0,862.6767676767677,871.0,1586.0,460.2802578026625
gfs,gfs_20260706_18z_f039,2026-07-06,18,39,2026-07-06T18:00:00Z,2026-07-08T09:00:00Z,,2026-07-07T00:00:00Z,cin,cin,Convective inhibition,surface,,instant,J kg**-1,J_kg_1,99,-17.2752685546875,-1.3055715849905305,-0.2752685546875,-0.2752685546875,2.6797201175071685
gfs,gfs_20260706_18z_f039,2026-07-06,18,39,2026-07-06T18:00:00Z,2026-07-08T09:00:00Z,,2026-07-07T00:00:00Z,d2m,2d,2 metre dewpoint temperature,heightAboveGround,,instant,K,degC,99,20.588647460937523,23.97551818231141,24.288659667968773,25.488641357421898,1.2774383301232342
gfs,gfs_20260706_18z_f039,2026-07-06,18,39,2026-07-06T18:00:00Z,2026-07-08T09:00:00Z,,2026-07-07T00:00:00Z,gust,gust,Wind speed (gust),surface,,instant,m s**-1,m_s_1,99,1.624339938163757,5.982925717276756,6.424339771270752,9.02433967590332,1.653096851999133
gfs,gfs_20260706_18z_f039,2026-07-06,18,39,2026-07-06T18:00:00Z,2026-07-08T09:00:00Z,,2026-07-07T00:00:00Z,prmsl,prmsl,Pressure reduced to MSL,meanSea,,instant,Pa,hPa,99,1004.404140625,1005.3844120896464,1005.432109375,1006.54015625,0.4933596841388283
gfs,gfs_20260706_18z_f039,2026-07-06,18,39,2026-07-06T18:00:00Z,2026-07-08T09:00:00Z,,2026-07-07T00:00:00Z,r2,2r,2 metre relative humidity,heightAboveGround,,instant,%,,99,53.400001525878906,73.95050495802754,76.9000015258789,84.69999694824219,8.240530223702855
gfs,gfs_20260706_18z_f039,2026-07-06,18,39,2026-07-06T18:00:00Z,2026-07-08T09:00:00Z,,2026-07-07T00:00:00Z,sdswrf,sdswrf,Surface downward short-wave radiation flux,surface,,avg,W m**-2,W_m_2,99,164.0399932861328,577.0664631236683,628.97998046875,681.7999877929688,122.8130617104968
gfs,gfs_20260706_18z_f039,2026-07-06,18,39,2026-07-06T18:00:00Z,2026-07-08T09:00:00Z,,2026-07-07T00:00:00Z,t,t,Temperature,surface,,instant,K,degC,99,27.079888916015648,29.62331851227117,29.579888916015648,33.3798767089844,1.2145709193642629
gfs,gfs_20260706_18z_f039,2026-07-06,18,39,2026-07-06T18:00:00Z,2026-07-08T09:00:00Z,,2026-07-07T00:00:00Z,t2m,2t,2 metre temperature,heightAboveGround,,instant,K,degC,99,27.213922119140648,29.166441391453617,28.913903808593773,31.413903808593773,0.8431956125037439
gfs,gfs_20260706_18z_f039,2026-07-06,18,39,2026-07-06T18:00:00Z,2026-07-08T09:00:00Z,,2026-07-07T00:00:00Z,tcc,tcc,Total Cloud Cover,atmosphere,,instant,%,,99,0.0,37.30404020800735,10.899999618530272,100.0,39.50793760283439
gfs,gfs_20260706_18z_f039,2026-07-06,18,39,2026-07-06T18:00:00Z,2026-07-08T09:00:00Z,,2026-07-07T00:00:00Z,tcc,tcc,Total Cloud Cover,atmosphere,,avg,%,,99,0.0,54.35353543120201,58.09999847412109,100.0,35.324356580948695
gfs,gfs_20260706_18z_f039,2026-07-06,18,39,2026-07-06T18:00:00Z,2026-07-08T09:00:00Z,,2026-07-07T00:00:00Z,tmax,tmax,Maximum temperature,heightAboveGround,,max,K,degC,99,27.674493408203148,29.798730777008384,29.474481201171898,32.37447509765627,1.131735513922039
gfs,gfs_20260706_18z_f039,2026-07-06,18,39,2026-07-06T18:00:00Z,2026-07-08T09:00:00Z,,2026-07-07T00:00:00Z,tmin,tmin,Minimum temperature,heightAboveGround,,min,K,degC,99,26.330651855468773,28.919553259647277,28.630670166015648,31.230676269531276,0.925715496654362
gfs,gfs_20260706_18z_f039,2026-07-06,18,39,2026-07-06T18:00:00Z,2026-07-08T09:00:00Z,,2026-07-07T00:00:00Z,tp,tp,Total Precipitation,surface,,accum,kg m**-2,kg_m_2,99,0.0,1.3200757575757576,0.875,5.25,1.304441734693537
gfs,gfs_20260706_18z_f039,2026-07-06,18,39,2026-07-06T18:00:00Z,2026-07-08T09:00:00Z,,2026-07-07T00:00:00Z,u10,10u,10 metre U wind component,heightAboveGround,,instant,m s**-1,m_s_1,99,-3.0360350608825684,-0.967348284492589,-0.93603515625,2.56396484375,1.1117959261119637
gfs,gfs_20260706_18z_f039,2026-07-06,18,39,2026-07-06T18:00:00Z,2026-07-08T09:00:00Z,,2026-07-07T00:00:00Z,v10,10v,10 metre V wind component,heightAboveGround,,instant,m s**-1,m_s_1,99,0.100006103515625,4.256571766101953,4.300005912780762,6.800005912780762,1.3923428060547267
gfs,gfs_20260706_18z_f042,2026-07-06,18,42,2026-07-06T18:00:00Z,2026-07-08T12:00:00Z,,2026-07-07T00:00:00Z,cape,cape,Convective available potential energy,surface,,instant,J kg**-1,J_kg_1,99,6.0,738.010101010101,756.0,1623.0,517.2725576404267
gfs,gfs_20260706_18z_f042,2026-07-06,18,42,2026-07-06T18:00:00Z,2026-07-08T12:00:00Z,,2026-07-07T00:00:00Z,cin,cin,Convective inhibition,surface,,instant,J kg**-1,J_kg_1,99,-55.16162109375,-7.010105942234849,-1.16162109375,-0.16162109375,10.597659009998136
gfs,gfs_20260706_18z_f042,2026-07-06,18,42,2026-07-06T18:00:00Z,2026-07-08T12:00:00Z,,2026-07-07T00:00:00Z,d2m,2d,2 metre dewpoint temperature,heightAboveGround,,instant,K,degC,99,21.751306152343773,24.031091000335405,24.051293945312523,25.651300048828148,1.1884099985529797
gfs,gfs_20260706_18z_f042,2026-07-06,18,42,2026-07-06T18:00:00Z,2026-07-08T12:00:00Z,,2026-07-07T00:00:00Z,gust,gust,Wind speed (gust),surface,,instant,m s**-1,m_s_1,99,0.602862536907196,5.559428207199983,6.102862358093262,9.602862358093262,2.4934727544421955
gfs,gfs_20260706_18z_f042,2026-07-06,18,42,2026-07-06T18:00:00Z,2026-07-08T12:00:00Z,,2026-07-07T00:00:00Z,prmsl,prmsl,Pressure reduced to MSL,meanSea,,instant,Pa,hPa,99,1004.98265625,1006.1707070707072,1006.23859375,1007.630625,0.5811680843585525
gfs,gfs_20260706_18z_f042,2026-07-06,18,42,2026-07-06T18:00:00Z,2026-07-08T12:00:00Z,,2026-07-07T00:00:00Z,r2,2r,2 metre relative humidity,heightAboveGround,,instant,%,,99,65.0999984741211,82.01313126689256,83.19999694824219,92.5,5.143018208089172
gfs,gfs_20260706_18z_f042,2026-07-06,18,42,2026-07-06T18:00:00Z,2026-07-08T12:00:00Z,,2026-07-07T00:00:00Z,sdswrf,sdswrf,Surface downward short-wave radiation flux,surface,,avg,W m**-2,W_m_2,99,104.01599884033205,344.22496811067214,372.6400146484375,405.0719909667969,66.83633038532017
gfs,gfs_20260706_18z_f042,2026-07-06,18,42,2026-07-06T18:00:00Z,2026-07-08T12:00:00Z,,2026-07-07T00:00:00Z,t,t,Temperature,surface,,instant,K,degC,99,23.561975097656276,27.05287130336571,28.061975097656276,29.461968994140648,1.9174421804369608
gfs,gfs_20260706_18z_f042,2026-07-06,18,42,2026-07-06T18:00:00Z,2026-07-08T12:00:00Z,,2026-07-07T00:00:00Z,t2m,2t,2 metre temperature,heightAboveGround,,instant,K,degC,99,24.3105407714844,27.40852654967647,28.110559082031276,29.210534667968773,1.4604539842569275
gfs,gfs_20260706_18z_f042,2026-07-06,18,42,2026-07-06T18:00:00Z,2026-07-08T12:00:00Z,,2026-07-07T00:00:00Z,tcc,tcc,Total Cloud Cover,atmosphere,,instant,%,,99,0.0,39.07878807442959,10.100000381469728,100.0,41.62238220410885
gfs,gfs_20260706_18z_f042,2026-07-06,18,42,2026-07-06T18:00:00Z,2026-07-08T12:00:00Z,,2026-07-07T00:00:00Z,tcc,tcc,Total Cloud Cover,atmosphere,,avg,%,,99,0.6000000238418579,49.62323232612224,40.09999847412109,100.0,35.50335523913234
gfs,gfs_20260706_18z_f042,2026-07-06,18,42,2026-07-06T18:00:00Z,2026-07-08T12:00:00Z,,2026-07-07T00:00:00Z,tmax,tmax,Maximum temperature,heightAboveGround,,max,K,degC,99,27.656518554687523,29.808032781427578,29.456506347656276,32.35653076171877,1.1186539407818603
gfs,gfs_20260706_18z_f042,2026-07-06,18,42,2026-07-06T18:00:00Z,2026-07-08T12:00:00Z,,2026-07-07T00:00:00Z,tmin,tmin,Minimum temperature,heightAboveGround,,min,K,degC,99,24.330651855468773,27.23268426452022,27.830651855468773,29.130670166015648,1.3411130844124672
gfs,gfs_20260706_18z_f042,2026-07-06,18,42,2026-07-06T18:00:00Z,2026-07-08T12:00:00Z,,2026-07-07T00:00:00Z,tp,tp,Total Precipitation,surface,,accum,kg m**-2,kg_m_2,99,0.0,2.080176767676768,1.6875,8.1875,1.8727478141273703
gfs,gfs_20260706_18z_f042,2026-07-06,18,42,2026-07-06T18:00:00Z,2026-07-08T12:00:00Z,,2026-07-07T00:00:00Z,u10,10u,10 metre U wind component,heightAboveGround,,instant,m s**-1,m_s_1,99,-4.463519096374512,-1.6322061649025088,-1.663519263267517,1.136480689048767,1.2069367325818998
gfs,gfs_20260706_18z_f042,2026-07-06,18,42,2026-07-06T18:00:00Z,2026-07-08T12:00:00Z,,2026-07-07T00:00:00Z,v10,10v,10 metre V wind component,heightAboveGround,,instant,m s**-1,m_s_1,99,-0.0491119399666786,3.4084638084727104,3.150887966156006,6.650887966156006,1.846486743358117
gfs,gfs_20260706_18z_f045,2026-07-06,18,45,2026-07-06T18:00:00Z,2026-07-08T15:00:00Z,,2026-07-07T00:00:00Z,cape,cape,Convective available potential energy,surface,,instant,J kg**-1,J_kg_1,99,1.0,726.5151515151515,690.0,1610.0,536.351146918448
gfs,gfs_20260706_18z_f045,2026-07-06,18,45,2026-07-06T18:00:00Z,2026-07-08T15:00:00Z,,2026-07-07T00:00:00Z,cin,cin,Convective inhibition,surface,,instant,J kg**-1,J_kg_1,99,-74.4912109375,-10.48110992739899,-1.4912109375,-0.4912109375,17.814132937446864
gfs,gfs_20260706_18z_f045,2026-07-06,18,45,2026-07-06T18:00:00Z,2026-07-08T15:00:00Z,,2026-07-07T00:00:00Z,d2m,2d,2 metre dewpoint temperature,heightAboveGround,,instant,K,degC,99,22.0742126464844,24.103511371034585,24.274224853515648,25.5742126464844,1.1300531573557866
gfs,gfs_20260706_18z_f045,2026-07-06,18,45,2026-07-06T18:00:00Z,2026-07-08T15:00:00Z,,2026-07-07T00:00:00Z,gust,gust,Wind speed (gust),surface,,instant,m s**-1,m_s_1,99,0.629107654094696,5.8341581899710375,6.529107570648193,9.829107284545898,2.838422328593842
gfs,gfs_20260706_18z_f045,2026-07-06,18,45,2026-07-06T18:00:00Z,2026-07-08T15:00:00Z,,2026-07-07T00:00:00Z,prmsl,prmsl,Pressure reduced to MSL,meanSea,,instant,Pa,hPa,99,1005.901484375,1007.015716540404,1007.02953125,1008.54546875,0.5741921094753427
gfs,gfs_20260706_18z_f045,2026-07-06,18,45,2026-07-06T18:00:00Z,2026-07-08T15:00:00Z,,2026-07-07T00:00:00Z,r2,2r,2 metre relative humidity,heightAboveGround,,instant,%,,99,71.0,84.49696951201467,84.19999694824219,95.6999969482422,5.324907552001234
gfs,gfs_20260706_18z_f045,2026-07-06,18,45,2026-07-06T18:00:00Z,2026-07-08T15:00:00Z,,2026-07-07T00:00:00Z,sdswrf,sdswrf,Surface downward short-wave radiation flux,surface,,avg,W m**-2,W_m_2,99,0.0,0.0,0.0,0.0,0.0
gfs,gfs_20260706_18z_f045,2026-07-06,18,45,2026-07-06T18:00:00Z,2026-07-08T15:00:00Z,,2026-07-07T00:00:00Z,t,t,Temperature,surface,,instant,K,degC,99,22.6750427246094,26.6861616038313,27.475061035156276,29.575036621093773,2.1579968219648724
gfs,gfs_20260706_18z_f045,2026-07-06,18,45,2026-07-06T18:00:00Z,2026-07-08T15:00:00Z,,2026-07-07T00:00:00Z,t2m,2t,2 metre temperature,heightAboveGround,,instant,K,degC,99,23.210534667968773,26.963072867345343,27.8105407714844,29.3105407714844,1.7943984997282478
gfs,gfs_20260706_18z_f045,2026-07-06,18,45,2026-07-06T18:00:00Z,2026-07-08T15:00:00Z,,2026-07-07T00:00:00Z,tcc,tcc,Total Cloud Cover,atmosphere,,instant,%,,99,0.0,44.164646511652855,37.900001525878906,100.0,40.64010630720315
gfs,gfs_20260706_18z_f045,2026-07-06,18,45,2026-07-06T18:00:00Z,2026-07-08T15:00:00Z,,2026-07-07T00:00:00Z,tcc,tcc,Total Cloud Cover,atmosphere,,avg,%,,99,0.0,45.74040414528413,36.09999847412109,100.0,38.86048596196738
gfs,gfs_20260706_18z_f045,2026-07-06,18,45,2026-07-06T18:00:00Z,2026-07-08T15:00:00Z,,2026-07-07T00:00:00Z,tmax,tmax,Maximum temperature,heightAboveGround,,max,K,degC,99,24.299615478515648,27.460217161852924,28.199609375000023,29.299615478515648,1.510220893004928
gfs,gfs_20260706_18z_f045,2026-07-06,18,45,2026-07-06T18:00:00Z,2026-07-08T15:00:00Z,,2026-07-07T00:00:00Z,tmin,tmin,Minimum temperature,heightAboveGround,,min,K,degC,99,23.199090576171898,26.835460069444466,27.699090576171898,29.199090576171898,1.690285123517234
gfs,gfs_20260706_18z_f045,2026-07-06,18,45,2026-07-06T18:00:00Z,2026-07-08T15:00:00Z,,2026-07-07T00:00:00Z,tp,tp,Total Precipitation,surface,,accum,kg m**-2,kg_m_2,99,0.0,0.5542929292929293,0.1875,3.25,0.742951223333696
gfs,gfs_20260706_18z_f045,2026-07-06,18,45,2026-07-06T18:00:00Z,2026-07-08T15:00:00Z,,2026-07-07T00:00:00Z,u10,10u,10 metre U wind component,heightAboveGround,,instant,m s**-1,m_s_1,99,-4.990081787109375,-1.7133141110340755,-1.590081810951233,0.3099182248115539,1.141222826520826
gfs,gfs_20260706_18z_f045,2026-07-06,18,45,2026-07-06T18:00:00Z,2026-07-08T15:00:00Z,,2026-07-07T00:00:00Z,v10,10v,10 metre V wind component,heightAboveGround,,instant,m s**-1,m_s_1,99,-0.11083984375,3.5123924673205678,2.9891600608825684,7.38916015625,2.271288873629382
gfs,gfs_20260706_18z_f048,2026-07-06,18,48,2026-07-06T18:00:00Z,2026-07-08T18:00:00Z,,2026-07-07T00:00:00Z,cape,cape,Convective available potential energy,surface,,instant,J kg**-1,J_kg_1,99,0.0,667.3030303030303,578.0,1611.0,475.7817480830881
gfs,gfs_20260706_18z_f048,2026-07-06,18,48,2026-07-06T18:00:00Z,2026-07-08T18:00:00Z,,2026-07-07T00:00:00Z,cin,cin,Convective inhibition,surface,,instant,J kg**-1,J_kg_1,99,-85.6220703125,-6.914999605429293,-1.6220703125,0.3779296875,14.281620968218174
gfs,gfs_20260706_18z_f048,2026-07-06,18,48,2026-07-06T18:00:00Z,2026-07-08T18:00:00Z,,2026-07-07T00:00:00Z,d2m,2d,2 metre dewpoint temperature,heightAboveGround,,instant,K,degC,99,22.180017089843773,24.00528176047587,24.2800231933594,25.480035400390648,1.012682278215183
gfs,gfs_20260706_18z_f048,2026-07-06,18,48,2026-07-06T18:00:00Z,2026-07-08T18:00:00Z,,2026-07-07T00:00:00Z,gust,gust,Wind speed (gust),surface,,instant,m s**-1,m_s_1,99,0.3148607611656189,4.900719290730929,5.614860534667969,9.614860534667969,2.9406248591167667
gfs,gfs_20260706_18z_f048,2026-07-06,18,48,2026-07-06T18:00:00Z,2026-07-08T18:00:00Z,,2026-07-07T00:00:00Z,prmsl,prmsl,Pressure reduced to MSL,meanSea,,instant,Pa,hPa,99,1004.0890625,1005.1489827967172,1005.045078125,1006.77703125,0.6438064090707638
gfs,gfs_20260706_18z_f048,2026-07-06,18,48,2026-07-06T18:00:00Z,2026-07-08T18:00:00Z,,2026-07-07T00:00:00Z,r2,2r,2 metre relative humidity,heightAboveGround,,instant,%,,99,76.30000305175781,86.36969718547782,85.30000305175781,98.0,5.801157009789236
gfs,gfs_20260706_18z_f048,2026-07-06,18,48,2026-07-06T18:00:00Z,2026-07-08T18:00:00Z,,2026-07-07T00:00:00Z,sdswrf,sdswrf,Surface downward short-wave radiation flux,surface,,avg,W m**-2,W_m_2,99,0.0,0.0,0.0,0.0,0.0
gfs,gfs_20260706_18z_f048,2026-07-06,18,48,2026-07-06T18:00:00Z,2026-07-08T18:00:00Z,,2026-07-07T00:00:00Z,t,t,Temperature,surface,,instant,K,degC,99,22.350000000000023,26.371212799380544,27.050012207031276,29.550012207031276,2.362940529052758
gfs,gfs_20260706_18z_f048,2026-07-06,18,48,2026-07-06T18:00:00Z,2026-07-08T18:00:00Z,,2026-07-07T00:00:00Z,t2m,2t,2 metre temperature,heightAboveGround,,instant,K,degC,99,22.798425292968773,26.502478150647114,27.098443603515648,28.998437500000023,1.9358350422881987
gfs,gfs_20260706_18z_f048,2026-07-06,18,48,2026-07-06T18:00:00Z,2026-07-08T18:00:00Z,,2026-07-07T00:00:00Z,tcc,tcc,Total Cloud Cover,atmosphere,,instant,%,,99,0.0,49.863636584595,54.09999847412109,100.0,41.17508209321259
gfs,gfs_20260706_18z_f048,2026-07-06,18,48,2026-07-06T18:00:00Z,2026-07-08T18:00:00Z,,2026-07-07T00:00:00Z,tcc,tcc,Total Cloud Cover,atmosphere,,avg,%,,99,0.0,49.147474567998536,50.70000076293945,100.0,37.34450944187486
gfs,gfs_20260706_18z_f048,2026-07-06,18,48,2026-07-06T18:00:00Z,2026-07-08T18:00:00Z,,2026-07-07T00:00:00Z,tmax,tmax,Maximum temperature,heightAboveGround,,max,K,degC,99,24.300378417968773,27.46099582248266,28.200402832031276,29.300378417968773,1.512629063877008
gfs,gfs_20260706_18z_f048,2026-07-06,18,48,2026-07-06T18:00:00Z,2026-07-08T18:00:00Z,,2026-07-07T00:00:00Z,tmin,tmin,Minimum temperature,heightAboveGround,,min,K,degC,99,22.816369628906276,26.362819540621075,27.116357421875023,28.916345214843773,1.8171086872853748
gfs,gfs_20260706_18z_f048,2026-07-06,18,48,2026-07-06T18:00:00Z,2026-07-08T18:00:00Z,,2026-07-07T00:00:00Z,tp,tp,Total Precipitation,surface,,accum,kg m**-2,kg_m_2,99,0.0,1.6041666666666667,0.5,9.0625,2.208744244217432
gfs,gfs_20260706_18z_f048,2026-07-06,18,48,2026-07-06T18:00:00Z,2026-07-08T18:00:00Z,,2026-07-07T00:00:00Z,u10,10u,10 metre U wind component,heightAboveGround,,instant,m s**-1,m_s_1,99,-3.79046630859375,-1.0470319608169976,-1.0904662609100342,2.009533643722534,1.0478608902391089
gfs,gfs_20260706_18z_f048,2026-07-06,18,48,2026-07-06T18:00:00Z,2026-07-08T18:00:00Z,,2026-07-07T00:00:00Z,v10,10v,10 metre V wind component,heightAboveGround,,instant,m s**-1,m_s_1,99,-0.8694702386856079,3.0426509934618617,2.73052978515625,7.930529594421387,2.716514129559086
gefs_control,gefs_control_20260707_18z_f003,2026-07-07,18,3,2026-07-07T18:00:00Z,2026-07-07T21:00:00Z,,2026-07-08T00:00:00Z,cape,cape,Convective available potential energy,surface,,instant,J kg**-1,J_kg_1,99,69.0,709.2020202020202,672.0,1734.0,495.4449480634305
gefs_control,gefs_control_20260707_18z_f003,2026-07-07,18,3,2026-07-07T18:00:00Z,2026-07-07T21:00:00Z,,2026-07-08T00:00:00Z,cin,cin,Convective inhibition,surface,,instant,J kg**-1,J_kg_1,99,-43.697021484375,-14.626314413667927,-10.697021484375,0.302978515625,11.681162012603776
gefs_control,gefs_control_20260707_18z_f003,2026-07-07,18,3,2026-07-07T18:00:00Z,2026-07-07T21:00:00Z,,2026-07-08T00:00:00Z,d2m,2d,2 metre dewpoint temperature,heightAboveGround,,instant,K,degC,99,21.910577392578148,24.092303713403584,24.150598144531276,25.660577392578148,1.0704857616021777
gefs_control,gefs_control_20260707_18z_f003,2026-07-07,18,3,2026-07-07T18:00:00Z,2026-07-07T21:00:00Z,,2026-07-08T00:00:00Z,gust,gust,Wind speed (gust),surface,,instant,m s**-1,m_s_1,99,1.2008205652236938,7.24223469483732,8.700820922851562,11.800820350646973,3.431729839734172
gefs_control,gefs_control_20260707_18z_f003,2026-07-07,18,3,2026-07-07T18:00:00Z,2026-07-07T21:00:00Z,,2026-07-08T00:00:00Z,prmsl,prmsl,Pressure reduced to MSL,meanSea,,instant,Pa,hPa,99,1005.372734375,1006.7787302714648,1006.844765625,1008.054765625,0.6642808882525555
gefs_control,gefs_control_20260707_18z_f003,2026-07-07,18,3,2026-07-07T18:00:00Z,2026-07-07T21:00:00Z,,2026-07-08T00:00:00Z,r2,2r,2 metre relative humidity,heightAboveGround,,instant,%,,99,80.21171569824219,87.2319160230232,85.01171112060547,98.7117156982422,5.73703126273004
gefs_control,gefs_control_20260707_18z_f003,2026-07-07,18,3,2026-07-07T18:00:00Z,2026-07-07T21:00:00Z,,2026-07-08T00:00:00Z,sdswrf,sdswrf,Surface downward short-wave radiation flux,surface,,avg,W m**-2,W_m_2,99,0.0,0.0,0.0,0.0,0.0
gefs_control,gefs_control_20260707_18z_f003,2026-07-07,18,3,2026-07-07T18:00:00Z,2026-07-07T21:00:00Z,,2026-07-08T00:00:00Z,t2m,2t,2 metre temperature,heightAboveGround,,instant,K,degC,99,22.149987792968773,26.432828406131648,26.950006103515648,28.950006103515648,2.125508300999266
gefs_control,gefs_control_20260707_18z_f003,2026-07-07,18,3,2026-07-07T18:00:00Z,2026-07-07T21:00:00Z,,2026-07-08T00:00:00Z,tcc,tcc,Total Cloud Cover,atmosphere,,avg,%,,99,6.0,42.11111111111112,39.0,100.0,21.53638635308325
gefs_control,gefs_control_20260707_18z_f003,2026-07-07,18,3,2026-07-07T18:00:00Z,2026-07-07T21:00:00Z,,2026-07-08T00:00:00Z,tmax,tmax,Maximum temperature,heightAboveGround,,max,K,degC,99,22.550012207031276,26.5752524019492,27.050012207031276,28.950006103515648,2.047532461070827
gefs_control,gefs_control_20260707_18z_f003,2026-07-07,18,3,2026-07-07T18:00:00Z,2026-07-07T21:00:00Z,,2026-07-08T00:00:00Z,tmin,tmin,Minimum temperature,heightAboveGround,,min,K,degC,99,22.168756103515648,26.146528209339507,26.4687438964844,28.668756103515648,2.0050205809863573
gefs_control,gefs_control_20260707_18z_f003,2026-07-07,18,3,2026-07-07T18:00:00Z,2026-07-07T21:00:00Z,,2026-07-08T00:00:00Z,tp,tp,Total Precipitation,surface,,accum,kg m**-2,kg_m_2,99,0.0,3.5247474847493145,3.7200000286102295,7.559999942779541,1.8518264796076456
gefs_control,gefs_control_20260707_18z_f003,2026-07-07,18,3,2026-07-07T18:00:00Z,2026-07-07T21:00:00Z,,2026-07-08T00:00:00Z,u10,10u,10 metre U wind component,heightAboveGround,,instant,m s**-1,m_s_1,99,-2.955351591110229,-0.6797960037083337,-0.5153515338897705,1.174648404121399,1.1133362491142518
gefs_control,gefs_control_20260707_18z_f003,2026-07-07,18,3,2026-07-07T18:00:00Z,2026-07-07T21:00:00Z,,2026-07-08T00:00:00Z,v10,10v,10 metre V wind component,heightAboveGround,,instant,m s**-1,m_s_1,99,-0.5265673995018005,4.264846769876477,3.993432521820069,8.7034330368042,3.369376676737581
gefs_control,gefs_control_20260707_18z_f006,2026-07-07,18,6,2026-07-07T18:00:00Z,2026-07-08T00:00:00Z,,2026-07-08T00:00:00Z,cape,cape,Convective available potential energy,surface,,instant,J kg**-1,J_kg_1,99,146.0,909.070707070707,858.0,1809.0,550.2425406912563
gefs_control,gefs_control_20260707_18z_f006,2026-07-07,18,6,2026-07-07T18:00:00Z,2026-07-08T00:00:00Z,,2026-07-08T00:00:00Z,cin,cin,Convective inhibition,surface,,instant,J kg**-1,J_kg_1,99,-35.474365234375,-6.989516749526516,-4.474365234375,-0.474365234375,7.767276132106845
gefs_control,gefs_control_20260707_18z_f006,2026-07-07,18,6,2026-07-07T18:00:00Z,2026-07-08T00:00:00Z,,2026-07-08T00:00:00Z,d2m,2d,2 metre dewpoint temperature,heightAboveGround,,instant,K,degC,99,22.610894775390648,24.44695989435371,24.610894775390648,25.740899658203148,0.974841152116146
gefs_control,gefs_control_20260707_18z_f006,2026-07-07,18,6,2026-07-07T18:00:00Z,2026-07-08T00:00:00Z,,2026-07-08T00:00:00Z,gust,gust,Wind speed (gust),surface,,instant,m s**-1,m_s_1,99,2.11081600189209,7.517886838527641,8.210816383361816,11.11081600189209,2.8388450325604864
gefs_control,gefs_control_20260707_18z_f006,2026-07-07,18,6,2026-07-07T18:00:00Z,2026-07-08T00:00:00Z,,2026-07-08T00:00:00Z,prmsl,prmsl,Pressure reduced to MSL,meanSea,,instant,Pa,hPa,99,1005.64640625,1007.0259761679296,1007.044453125,1008.21640625,0.6306907707419797
gefs_control,gefs_control_20260707_18z_f006,2026-07-07,18,6,2026-07-07T18:00:00Z,2026-07-08T00:00:00Z,,2026-07-08T00:00:00Z,r2,2r,2 metre relative humidity,heightAboveGround,,instant,%,,99,72.69334411621094,83.18930107656152,83.39334106445312,94.89334106445312,4.190849215299146
gefs_control,gefs_control_20260707_18z_f006,2026-07-07,18,6,2026-07-07T18:00:00Z,2026-07-08T00:00:00Z,,2026-07-08T00:00:00Z,sdswrf,sdswrf,Surface downward short-wave radiation flux,surface,,avg,W m**-2,W_m_2,99,9.855999946594238,52.98004047316734,58.79999923706055,70.30400085449219,16.418904290977014
gefs_control,gefs_control_20260707_18z_f006,2026-07-07,18,6,2026-07-07T18:00:00Z,2026-07-08T00:00:00Z,,2026-07-08T00:00:00Z,t2m,2t,2 metre temperature,heightAboveGround,,instant,K,degC,99,24.349969482421898,27.583308426057467,28.049981689453148,29.149987792968773,1.2490812974583063
gefs_control,gefs_control_20260707_18z_f006,2026-07-07,18,6,2026-07-07T18:00:00Z,2026-07-08T00:00:00Z,,2026-07-08T00:00:00Z,tcc,tcc,Total Cloud Cover,atmosphere,,avg,%,,99,7.0,49.18181818181818,53.0,84.0,18.32278684879394
gefs_control,gefs_control_20260707_18z_f006,2026-07-07,18,6,2026-07-07T18:00:00Z,2026-07-08T00:00:00Z,,2026-07-08T00:00:00Z,tmax,tmax,Maximum temperature,heightAboveGround,,max,K,degC,99,24.3837829589844,27.62116347804216,28.183801269531276,29.183801269531276,1.2771163851285048
gefs_control,gefs_control_20260707_18z_f006,2026-07-07,18,6,2026-07-07T18:00:00Z,2026-07-08T00:00:00Z,,2026-07-08T00:00:00Z,tmin,tmin,Minimum temperature,heightAboveGround,,min,K,degC,99,22.068750000000023,26.139457378965457,26.4687438964844,28.668756103515648,2.0122970243210685
gefs_control,gefs_control_20260707_18z_f006,2026-07-07,18,6,2026-07-07T18:00:00Z,2026-07-08T00:00:00Z,,2026-07-08T00:00:00Z,tp,tp,Total Precipitation,surface,,accum,kg m**-2,kg_m_2,99,0.0,5.759595940359915,5.900000095367432,12.399999618530272,3.2851953833125647
gefs_control,gefs_control_20260707_18z_f006,2026-07-07,18,6,2026-07-07T18:00:00Z,2026-07-08T00:00:00Z,,2026-07-08T00:00:00Z,u10,10u,10 metre U wind component,heightAboveGround,,instant,m s**-1,m_s_1,99,-2.7497265338897705,-0.9350800984774276,-0.919726550579071,0.5602734088897705,0.7361945692059372
gefs_control,gefs_control_20260707_18z_f006,2026-07-07,18,6,2026-07-07T18:00:00Z,2026-07-08T00:00:00Z,,2026-07-08T00:00:00Z,v10,10v,10 metre V wind component,heightAboveGround,,instant,m s**-1,m_s_1,99,-0.0340722650289535,4.461382288071844,5.085927963256836,8.455927848815918,2.922663539189041
gefs_control,gefs_control_20260707_18z_f009,2026-07-07,18,9,2026-07-07T18:00:00Z,2026-07-08T03:00:00Z,,2026-07-08T00:00:00Z,cape,cape,Convective available potential energy,surface,,instant,J kg**-1,J_kg_1,99,249.0,1172.0707070707072,1108.0,2010.0,561.5891638376795
gefs_control,gefs_control_20260707_18z_f009,2026-07-07,18,9,2026-07-07T18:00:00Z,2026-07-08T03:00:00Z,,2026-07-08T00:00:00Z,cin,cin,Convective inhibition,surface,,instant,J kg**-1,J_kg_1,99,-8.115478515625,-1.933660333806818,-1.115478515625,-0.115478515625,2.13845803204574
gefs_control,gefs_control_20260707_18z_f009,2026-07-07,18,9,2026-07-07T18:00:00Z,2026-07-08T03:00:00Z,,2026-07-08T00:00:00Z,d2m,2d,2 metre dewpoint temperature,heightAboveGround,,instant,K,degC,99,21.966760253906276,24.63038502702811,24.966760253906276,25.966760253906276,1.2594263220991957
gefs_control,gefs_control_20260707_18z_f009,2026-07-07,18,9,2026-07-07T18:00:00Z,2026-07-08T03:00:00Z,,2026-07-08T00:00:00Z,gust,gust,Wind speed (gust),surface,,instant,m s**-1,m_s_1,99,4.151180744171143,7.852190932842216,8.051180839538574,10.751180648803713,1.7788030715246963
gefs_control,gefs_control_20260707_18z_f009,2026-07-07,18,9,2026-07-07T18:00:00Z,2026-07-08T03:00:00Z,,2026-07-08T00:00:00Z,prmsl,prmsl,Pressure reduced to MSL,meanSea,,instant,Pa,hPa,99,1005.859140625,1007.2535093118688,1007.263125,1008.349140625,0.6712595309527947
gefs_control,gefs_control_20260707_18z_f009,2026-07-07,18,9,2026-07-07T18:00:00Z,2026-07-08T03:00:00Z,,2026-07-08T00:00:00Z,r2,2r,2 metre relative humidity,heightAboveGround,,instant,%,,99,53.28544235229492,75.72079648875227,79.68544006347656,86.08544158935547,9.549110924316388
gefs_control,gefs_control_20260707_18z_f009,2026-07-07,18,9,2026-07-07T18:00:00Z,2026-07-08T03:00:00Z,,2026-07-08T00:00:00Z,sdswrf,sdswrf,Surface downward short-wave radiation flux,surface,,avg,W m**-2,W_m_2,99,486.3680114746094,652.1622647372159,661.2639770507812,704.3040161132812,39.10131236972133
gefs_control,gefs_control_20260707_18z_f009,2026-07-07,18,9,2026-07-07T18:00:00Z,2026-07-08T03:00:00Z,,2026-07-08T00:00:00Z,t2m,2t,2 metre temperature,heightAboveGround,,instant,K,degC,99,27.762902832031276,29.52018358635182,29.072900390625023,32.7529235839844,1.1512910753590508
gefs_control,gefs_control_20260707_18z_f009,2026-07-07,18,9,2026-07-07T18:00:00Z,2026-07-08T03:00:00Z,,2026-07-08T00:00:00Z,tcc,tcc,Total Cloud Cover,atmosphere,,avg,%,,99,0.0,45.21212121212121,46.0,90.0,27.075380269030028
gefs_control,gefs_control_20260707_18z_f009,2026-07-07,18,9,2026-07-07T18:00:00Z,2026-07-08T03:00:00Z,,2026-07-08T00:00:00Z,tmax,tmax,Maximum temperature,heightAboveGround,,max,K,degC,99,27.752496337890648,29.552490912543423,29.152490234375023,32.75249633789065,1.1418593060693616
gefs_control,gefs_control_20260707_18z_f009,2026-07-07,18,9,2026-07-07T18:00:00Z,2026-07-08T03:00:00Z,,2026-07-08T00:00:00Z,tmin,tmin,Minimum temperature,heightAboveGround,,min,K,degC,99,24.522912597656276,27.72826260653411,28.132897949218773,29.112908935546898,1.08829259223201
gefs_control,gefs_control_20260707_18z_f009,2026-07-07,18,9,2026-07-07T18:00:00Z,2026-07-08T03:00:00Z,,2026-07-08T00:00:00Z,tp,tp,Total Precipitation,surface,,accum,kg m**-2,kg_m_2,99,0.0,2.023232324180579,2.0999999046325684,4.900000095367432,1.2529422541334725
gefs_control,gefs_control_20260707_18z_f009,2026-07-07,18,9,2026-07-07T18:00:00Z,2026-07-08T03:00:00Z,,2026-07-08T00:00:00Z,u10,10u,10 metre U wind component,heightAboveGround,,instant,m s**-1,m_s_1,99,-1.944995164871216,-0.7539850139821117,-0.7349951267242432,1.0750049352645874,0.6087186315783202
gefs_control,gefs_control_20260707_18z_f009,2026-07-07,18,9,2026-07-07T18:00:00Z,2026-07-08T03:00:00Z,,2026-07-08T00:00:00Z,v10,10v,10 metre V wind component,heightAboveGround,,instant,m s**-1,m_s_1,99,1.9582812786102293,5.34232167041663,5.818281173706055,7.278281211853027,1.508162261524618
gefs_control,gefs_control_20260707_18z_f012,2026-07-07,18,12,2026-07-07T18:00:00Z,2026-07-08T06:00:00Z,,2026-07-08T00:00:00Z,cape,cape,Convective available potential energy,surface,,instant,J kg**-1,J_kg_1,99,282.0,1374.878787878788,1310.0,2304.0,569.6114442572531
gefs_control,gefs_control_20260707_18z_f012,2026-07-07,18,12,2026-07-07T18:00:00Z,2026-07-08T06:00:00Z,,2026-07-08T00:00:00Z,cin,cin,Convective inhibition,surface,,instant,J kg**-1,J_kg_1,99,-6.895263671875,-1.6831424597537878,-0.895263671875,0.104736328125,1.8601223337239765
gefs_control,gefs_control_20260707_18z_f012,2026-07-07,18,12,2026-07-07T18:00:00Z,2026-07-08T06:00:00Z,,2026-07-08T00:00:00Z,d2m,2d,2 metre dewpoint temperature,heightAboveGround,,instant,K,degC,99,21.388574218750023,24.63200954861113,24.988580322265648,26.188562011718773,1.362053351378961
gefs_control,gefs_control_20260707_18z_f012,2026-07-07,18,12,2026-07-07T18:00:00Z,2026-07-08T06:00:00Z,,2026-07-08T00:00:00Z,gust,gust,Wind speed (gust),surface,,instant,m s**-1,m_s_1,99,5.0316362380981445,8.67810090382894,9.031636238098145,10.931635856628418,1.5924895082690227
gefs_control,gefs_control_20260707_18z_f012,2026-07-07,18,12,2026-07-07T18:00:00Z,2026-07-08T06:00:00Z,,2026-07-08T00:00:00Z,prmsl,prmsl,Pressure reduced to MSL,meanSea,,instant,Pa,hPa,99,1004.71859375,1006.1015538194443,1006.1165625,1007.54453125,0.848005531152606
gefs_control,gefs_control_20260707_18z_f012,2026-07-07,18,12,2026-07-07T18:00:00Z,2026-07-08T06:00:00Z,,2026-07-08T00:00:00Z,r2,2r,2 metre relative humidity,heightAboveGround,,instant,%,,99,46.71778869628906,72.72890129474679,76.51779174804688,86.61779022216797,11.751104628131191
gefs_control,gefs_control_20260707_18z_f012,2026-07-07,18,12,2026-07-07T18:00:00Z,2026-07-08T06:00:00Z,,2026-07-08T00:00:00Z,sdswrf,sdswrf,Surface downward short-wave radiation flux,surface,,avg,W m**-2,W_m_2,99,676.5120239257812,788.3248494466146,800.2559814453125,824.656005859375,31.43724028014702
gefs_control,gefs_control_20260707_18z_f012,2026-07-07,18,12,2026-07-07T18:00:00Z,2026-07-08T06:00:00Z,,2026-07-08T00:00:00Z,t2m,2t,2 metre temperature,heightAboveGround,,instant,K,degC,99,28.564416503906276,30.338141917219087,29.464410400390648,34.56441650390627,1.696080854205977
gefs_control,gefs_control_20260707_18z_f012,2026-07-07,18,12,2026-07-07T18:00:00Z,2026-07-08T06:00:00Z,,2026-07-08T00:00:00Z,tcc,tcc,Total Cloud Cover,atmosphere,,avg,%,,99,0.0,42.91919191919192,40.0,86.0,24.326348838900053
gefs_control,gefs_control_20260707_18z_f012,2026-07-07,18,12,2026-07-07T18:00:00Z,2026-07-08T06:00:00Z,,2026-07-08T00:00:00Z,tmax,tmax,Maximum temperature,heightAboveGround,,max,K,degC,99,28.594079589843773,30.41126419221514,29.494104003906276,34.59407958984377,1.702347084013194
gefs_control,gefs_control_20260707_18z_f012,2026-07-07,18,12,2026-07-07T18:00:00Z,2026-07-08T06:00:00Z,,2026-07-08T00:00:00Z,tmin,tmin,Minimum temperature,heightAboveGround,,min,K,degC,99,24.524743652343773,27.72141341392442,28.1147399902344,29.004754638671898,1.082192311627402
gefs_control,gefs_control_20260707_18z_f012,2026-07-07,18,12,2026-07-07T18:00:00Z,2026-07-08T06:00:00Z,,2026-07-08T00:00:00Z,tp,tp,Total Precipitation,surface,,accum,kg m**-2,kg_m_2,99,0.3000000119209289,3.623232313478836,3.700000047683716,8.399999618530273,2.0135815638687715
gefs_control,gefs_control_20260707_18z_f012,2026-07-07,18,12,2026-07-07T18:00:00Z,2026-07-08T06:00:00Z,,2026-07-08T00:00:00Z,u10,10u,10 metre U wind component,heightAboveGround,,instant,m s**-1,m_s_1,99,-3.040800809860229,-1.2863563337466783,-1.4308007955551147,0.5891992449760437,0.7368760437754943
gefs_control,gefs_control_20260707_18z_f012,2026-07-07,18,12,2026-07-07T18:00:00Z,2026-07-08T06:00:00Z,,2026-07-08T00:00:00Z,v10,10v,10 metre V wind component,heightAboveGround,,instant,m s**-1,m_s_1,99,2.3677148818969727,6.07943201787544,6.43771505355835,8.947714805603027,1.49100874941412
gefs_control,gefs_control_20260707_18z_f015,2026-07-07,18,15,2026-07-07T18:00:00Z,2026-07-08T09:00:00Z,,2026-07-08T00:00:00Z,cape,cape,Convective available potential energy,surface,,instant,J kg**-1,J_kg_1,99,274.0,1341.4848484848485,1317.0,2427.0,698.1285280588551
gefs_control,gefs_control_20260707_18z_f015,2026-07-07,18,15,2026-07-07T18:00:00Z,2026-07-08T09:00:00Z,,2026-07-08T00:00:00Z,cin,cin,Convective inhibition,surface,,instant,J kg**-1,J_kg_1,99,-4.2689208984375,-0.8749815044981061,-0.2689208984375,-0.2689208984375,0.9515344526125808
gefs_control,gefs_control_20260707_18z_f015,2026-07-07,18,15,2026-07-07T18:00:00Z,2026-07-08T09:00:00Z,,2026-07-08T00:00:00Z,d2m,2d,2 metre dewpoint temperature,heightAboveGround,,instant,K,degC,99,21.7531677246094,24.671355029790107,24.953179931640648,26.453179931640648,1.471642179179889
gefs_control,gefs_control_20260707_18z_f015,2026-07-07,18,15,2026-07-07T18:00:00Z,2026-07-08T09:00:00Z,,2026-07-08T00:00:00Z,gust,gust,Wind speed (gust),surface,,instant,m s**-1,m_s_1,99,4.854307651519775,8.739156024624602,9.15430736541748,10.954307556152344,1.487955873912317
gefs_control,gefs_control_20260707_18z_f015,2026-07-07,18,15,2026-07-07T18:00:00Z,2026-07-08T09:00:00Z,,2026-07-08T00:00:00Z,prmsl,prmsl,Pressure reduced to MSL,meanSea,,instant,Pa,hPa,99,1003.130546875,1004.6750260416665,1004.7665625,1005.69453125,0.7574177270513666
gefs_control,gefs_control_20260707_18z_f015,2026-07-07,18,15,2026-07-07T18:00:00Z,2026-07-08T09:00:00Z,,2026-07-08T00:00:00Z,r2,2r,2 metre relative humidity,heightAboveGround,,instant,%,,99,51.61878967285156,74.86121561069682,78.31879425048828,86.41879272460938,10.231325088246294
gefs_control,gefs_control_20260707_18z_f015,2026-07-07,18,15,2026-07-07T18:00:00Z,2026-07-08T09:00:00Z,,2026-07-08T00:00:00Z,sdswrf,sdswrf,Surface downward short-wave radiation flux,surface,,avg,W m**-2,W_m_2,99,509.0400085449219,656.0373723193852,659.3599853515625,688.7999877929688,30.069806938317758
gefs_control,gefs_control_20260707_18z_f015,2026-07-07,18,15,2026-07-07T18:00:00Z,2026-07-08T09:00:00Z,,2026-07-08T00:00:00Z,t2m,2t,2 metre temperature,heightAboveGround,,instant,K,degC,99,28.627404785156276,29.780927315143643,29.3273864746094,33.42739257812502,1.2095014023432915
gefs_control,gefs_control_20260707_18z_f015,2026-07-07,18,15,2026-07-07T18:00:00Z,2026-07-08T09:00:00Z,,2026-07-08T00:00:00Z,tcc,tcc,Total Cloud Cover,atmosphere,,avg,%,,99,0.0,32.19191919191919,30.0,100.0,24.132913426648603
gefs_control,gefs_control_20260707_18z_f015,2026-07-07,18,15,2026-07-07T18:00:00Z,2026-07-08T09:00:00Z,,2026-07-08T00:00:00Z,tmax,tmax,Maximum temperature,heightAboveGround,,max,K,degC,99,28.668511962890648,30.45638458560213,29.568505859375023,34.4684997558594,1.6644993093126417
gefs_control,gefs_control_20260707_18z_f015,2026-07-07,18,15,2026-07-07T18:00:00Z,2026-07-08T09:00:00Z,,2026-07-08T00:00:00Z,tmin,tmin,Minimum temperature,heightAboveGround,,min,K,degC,99,28.529260253906276,29.691875172624705,29.2292419433594,33.42925415039065,1.251794634545302
gefs_control,gefs_control_20260707_18z_f015,2026-07-07,18,15,2026-07-07T18:00:00Z,2026-07-08T09:00:00Z,,2026-07-08T00:00:00Z,tp,tp,Total Precipitation,surface,,accum,kg m**-2,kg_m_2,99,0.0,0.9737373751522316,0.699999988079071,4.099999904632568,0.9318804502964652
gefs_control,gefs_control_20260707_18z_f015,2026-07-07,18,15,2026-07-07T18:00:00Z,2026-07-08T09:00:00Z,,2026-07-08T00:00:00Z,u10,10u,10 metre U wind component,heightAboveGround,,instant,m s**-1,m_s_1,99,-3.167468309402466,-1.1300945255641983,-1.067468285560608,-0.0674682632088661,0.688811864800246
gefs_control,gefs_control_20260707_18z_f015,2026-07-07,18,15,2026-07-07T18:00:00Z,2026-07-08T09:00:00Z,,2026-07-08T00:00:00Z,v10,10v,10 metre V wind component,heightAboveGround,,instant,m s**-1,m_s_1,99,2.594097852706909,5.982986796985973,6.494097709655762,7.694097995758057,1.3437388611055283
gefs_control,gefs_control_20260707_18z_f018,2026-07-07,18,18,2026-07-07T18:00:00Z,2026-07-08T12:00:00Z,,2026-07-08T00:00:00Z,cape,cape,Convective available potential energy,surface,,instant,J kg**-1,J_kg_1,99,98.0,1284.858585858586,1371.0,2466.0,857.5597162126538
gefs_control,gefs_control_20260707_18z_f018,2026-07-07,18,18,2026-07-07T18:00:00Z,2026-07-08T12:00:00Z,,2026-07-08T00:00:00Z,cin,cin,Convective inhibition,surface,,instant,J kg**-1,J_kg_1,99,-60.462646484375,-9.927292949021464,-1.462646484375,-0.462646484375,14.731477417259097
gefs_control,gefs_control_20260707_18z_f018,2026-07-07,18,18,2026-07-07T18:00:00Z,2026-07-08T12:00:00Z,,2026-07-08T00:00:00Z,d2m,2d,2 metre dewpoint temperature,heightAboveGround,,instant,K,degC,99,22.0825134277344,24.73706461588544,25.182519531250023,26.5825134277344,1.6089567606242527
gefs_control,gefs_control_20260707_18z_f018,2026-07-07,18,18,2026-07-07T18:00:00Z,2026-07-08T12:00:00Z,,2026-07-08T00:00:00Z,gust,gust,Wind speed (gust),surface,,instant,m s**-1,m_s_1,99,1.7507939338684082,6.769985782979715,7.550793647766113,10.050793647766112,2.4741359734792314
gefs_control,gefs_control_20260707_18z_f018,2026-07-07,18,18,2026-07-07T18:00:00Z,2026-07-08T12:00:00Z,,2026-07-08T00:00:00Z,prmsl,prmsl,Pressure reduced to MSL,meanSea,,instant,Pa,hPa,99,1003.844765625,1005.5300236742422,1005.65671875,1006.57671875,0.6927272573790765
gefs_control,gefs_control_20260707_18z_f018,2026-07-07,18,18,2026-07-07T18:00:00Z,2026-07-08T12:00:00Z,,2026-07-08T00:00:00Z,r2,2r,2 metre relative humidity,heightAboveGround,,instant,%,,99,60.70940399169922,82.68515970249369,85.9094009399414,91.60940551757812,7.235142498059448
gefs_control,gefs_control_20260707_18z_f018,2026-07-07,18,18,2026-07-07T18:00:00Z,2026-07-08T12:00:00Z,,2026-07-08T00:00:00Z,sdswrf,sdswrf,Surface downward short-wave radiation flux,surface,,avg,W m**-2,W_m_2,99,308.1600036621094,388.59086994209673,391.9679870605469,409.7919921875,17.01950920872421
gefs_control,gefs_control_20260707_18z_f018,2026-07-07,18,18,2026-07-07T18:00:00Z,2026-07-08T12:00:00Z,,2026-07-08T00:00:00Z,t2m,2t,2 metre temperature,heightAboveGround,,instant,K,degC,99,24.815057373046898,28.035266051629595,28.515069580078148,30.515069580078148,1.399203891052921
gefs_control,gefs_control_20260707_18z_f018,2026-07-07,18,18,2026-07-07T18:00:00Z,2026-07-08T12:00:00Z,,2026-07-08T00:00:00Z,tcc,tcc,Total Cloud Cover,atmosphere,,avg,%,,99,0.0,22.33333333333333,16.0,96.0,21.23557145333026
gefs_control,gefs_control_20260707_18z_f018,2026-07-07,18,18,2026-07-07T18:00:00Z,2026-07-08T12:00:00Z,,2026-07-08T00:00:00Z,tmax,tmax,Maximum temperature,heightAboveGround,,max,K,degC,99,28.694512939453148,30.46622419260971,29.694512939453148,34.4945007324219,1.6666681419947718
gefs_control,gefs_control_20260707_18z_f018,2026-07-07,18,18,2026-07-07T18:00:00Z,2026-07-08T12:00:00Z,,2026-07-08T00:00:00Z,tmin,tmin,Minimum temperature,heightAboveGround,,min,K,degC,99,24.782556152343773,28.000725085325936,28.482537841796898,30.482537841796898,1.385303585609656
gefs_control,gefs_control_20260707_18z_f018,2026-07-07,18,18,2026-07-07T18:00:00Z,2026-07-08T12:00:00Z,,2026-07-08T00:00:00Z,tp,tp,Total Precipitation,surface,,accum,kg m**-2,kg_m_2,99,0.0,1.5080808077496712,0.8999999761581421,6.400000095367432,1.5453205220074369
gefs_control,gefs_control_20260707_18z_f018,2026-07-07,18,18,2026-07-07T18:00:00Z,2026-07-08T12:00:00Z,,2026-07-08T00:00:00Z,u10,10u,10 metre U wind component,heightAboveGround,,instant,m s**-1,m_s_1,99,-2.7004425525665283,-1.1469071555619288,-1.1004425287246704,-0.2004425078630447,0.5422201122561875
gefs_control,gefs_control_20260707_18z_f018,2026-07-07,18,18,2026-07-07T18:00:00Z,2026-07-08T12:00:00Z,,2026-07-08T00:00:00Z,v10,10v,10 metre V wind component,heightAboveGround,,instant,m s**-1,m_s_1,99,0.938885509967804,4.171208748311708,4.538885593414307,6.338885307312012,1.6329825486848115
gefs_control,gefs_control_20260707_18z_f021,2026-07-07,18,21,2026-07-07T18:00:00Z,2026-07-08T15:00:00Z,,2026-07-08T00:00:00Z,cape,cape,Convective available potential energy,surface,,instant,J kg**-1,J_kg_1,99,101.0,1309.414141414141,1472.0,2381.0,809.90529450217
gefs_control,gefs_control_20260707_18z_f021,2026-07-07,18,21,2026-07-07T18:00:00Z,2026-07-08T15:00:00Z,,2026-07-08T00:00:00Z,cin,cin,Convective inhibition,surface,,instant,J kg**-1,J_kg_1,99,-110.86376953125,-10.611244278724747,-1.86376953125,0.13623046875,21.82498958512413
gefs_control,gefs_control_20260707_18z_f021,2026-07-07,18,21,2026-07-07T18:00:00Z,2026-07-08T15:00:00Z,,2026-07-08T00:00:00Z,d2m,2d,2 metre dewpoint temperature,heightAboveGround,,instant,K,degC,99,22.0070739746094,24.87778887507893,25.207086181640648,26.5070739746094,1.4390129296759977
gefs_control,gefs_control_20260707_18z_f021,2026-07-07,18,21,2026-07-07T18:00:00Z,2026-07-08T15:00:00Z,,2026-07-08T00:00:00Z,gust,gust,Wind speed (gust),surface,,instant,m s**-1,m_s_1,99,1.3020198345184326,5.872726930512322,6.702019691467285,8.502019882202148,2.3142183368966545
gefs_control,gefs_control_20260707_18z_f021,2026-07-07,18,21,2026-07-07T18:00:00Z,2026-07-08T15:00:00Z,,2026-07-08T00:00:00Z,prmsl,prmsl,Pressure reduced to MSL,meanSea,,instant,Pa,hPa,99,1005.487265625,1006.87313052399,1007.00125,1007.75921875,0.5514032880006756
gefs_control,gefs_control_20260707_18z_f021,2026-07-07,18,21,2026-07-07T18:00:00Z,2026-07-08T15:00:00Z,,2026-07-08T00:00:00Z,r2,2r,2 metre relative humidity,heightAboveGround,,instant,%,,99,67.302001953125,85.71109309340969,87.10200500488281,94.2020034790039,5.591535481702802
gefs_control,gefs_control_20260707_18z_f021,2026-07-07,18,21,2026-07-07T18:00:00Z,2026-07-08T15:00:00Z,,2026-07-08T00:00:00Z,sdswrf,sdswrf,Surface downward short-wave radiation flux,surface,,avg,W m**-2,W_m_2,99,0.0,0.0,0.0,0.0,0.0
gefs_control,gefs_control_20260707_18z_f021,2026-07-07,18,21,2026-07-07T18:00:00Z,2026-07-08T15:00:00Z,,2026-07-08T00:00:00Z,t2m,2t,2 metre temperature,heightAboveGround,,instant,K,degC,99,23.5070739746094,27.52728215997871,28.307092285156276,29.407067871093773,1.62636013371512
gefs_control,gefs_control_20260707_18z_f021,2026-07-07,18,21,2026-07-07T18:00:00Z,2026-07-08T15:00:00Z,,2026-07-08T00:00:00Z,tcc,tcc,Total Cloud Cover,atmosphere,,avg,%,,99,0.0,20.828282828282827,6.0,100.0,30.6594327449684
gefs_control,gefs_control_20260707_18z_f021,2026-07-07,18,21,2026-07-07T18:00:00Z,2026-07-08T15:00:00Z,,2026-07-08T00:00:00Z,tmax,tmax,Maximum temperature,heightAboveGround,,max,K,degC,99,24.707086181640648,28.016170062440835,28.607080078125023,30.407067871093773,1.4171460926312258
gefs_control,gefs_control_20260707_18z_f021,2026-07-07,18,21,2026-07-07T18:00:00Z,2026-07-08T15:00:00Z,,2026-07-08T00:00:00Z,tmin,tmin,Minimum temperature,heightAboveGround,,min,K,degC,99,23.550012207031276,27.520731361466243,28.250024414062523,29.450036621093773,1.6265648946907842
gefs_control,gefs_control_20260707_18z_f021,2026-07-07,18,21,2026-07-07T18:00:00Z,2026-07-08T15:00:00Z,,2026-07-08T00:00:00Z,tp,tp,Total Precipitation,surface,,accum,kg m**-2,kg_m_2,99,0.0,0.3040404047327812,0.0,1.899999976158142,0.4962321037479888
gefs_control,gefs_control_20260707_18z_f021,2026-07-07,18,21,2026-07-07T18:00:00Z,2026-07-08T15:00:00Z,,2026-07-08T00:00:00Z,u10,10u,10 metre U wind component,heightAboveGround,,instant,m s**-1,m_s_1,99,-2.744598388671875,-1.3728812138239543,-1.344598412513733,-0.444598376750946,0.5352315548980544
gefs_control,gefs_control_20260707_18z_f021,2026-07-07,18,21,2026-07-07T18:00:00Z,2026-07-08T15:00:00Z,,2026-07-08T00:00:00Z,v10,10v,10 metre V wind component,heightAboveGround,,instant,m s**-1,m_s_1,99,0.1747345030307769,3.5191789489201826,3.774734497070313,6.074734687805176,1.7382344655059847
gefs_control,gefs_control_20260707_18z_f024,2026-07-07,18,24,2026-07-07T18:00:00Z,2026-07-08T18:00:00Z,,2026-07-08T00:00:00Z,cape,cape,Convective available potential energy,surface,,instant,J kg**-1,J_kg_1,99,77.0,1088.3434343434344,1034.0,2046.0,621.8388527750004
gefs_control,gefs_control_20260707_18z_f024,2026-07-07,18,24,2026-07-07T18:00:00Z,2026-07-08T18:00:00Z,,2026-07-08T00:00:00Z,cin,cin,Convective inhibition,surface,,instant,J kg**-1,J_kg_1,99,-96.42041015625,-7.541622277462121,-1.42041015625,-0.42041015625,16.748449484860494
gefs_control,gefs_control_20260707_18z_f024,2026-07-07,18,24,2026-07-07T18:00:00Z,2026-07-08T18:00:00Z,,2026-07-08T00:00:00Z,d2m,2d,2 metre dewpoint temperature,heightAboveGround,,instant,K,degC,99,22.242028808593773,24.67938916755447,24.742028808593773,26.142022705078148,1.1895649598103548
gefs_control,gefs_control_20260707_18z_f024,2026-07-07,18,24,2026-07-07T18:00:00Z,2026-07-08T18:00:00Z,,2026-07-08T00:00:00Z,gust,gust,Wind speed (gust),surface,,instant,m s**-1,m_s_1,99,1.303031325340271,5.5888899275750825,6.603031158447266,8.103031158447266,2.3499413664710085
gefs_control,gefs_control_20260707_18z_f024,2026-07-07,18,24,2026-07-07T18:00:00Z,2026-07-08T18:00:00Z,,2026-07-08T00:00:00Z,prmsl,prmsl,Pressure reduced to MSL,meanSea,,instant,Pa,hPa,99,1004.20015625,1005.3780871212124,1005.42015625,1006.04015625,0.4204494795760465
gefs_control,gefs_control_20260707_18z_f024,2026-07-07,18,24,2026-07-07T18:00:00Z,2026-07-08T18:00:00Z,,2026-07-08T00:00:00Z,r2,2r,2 metre relative humidity,heightAboveGround,,instant,%,,99,71.704833984375,86.70584414703677,86.8048324584961,97.5048370361328,5.420117480281147
gefs_control,gefs_control_20260707_18z_f024,2026-07-07,18,24,2026-07-07T18:00:00Z,2026-07-08T18:00:00Z,,2026-07-08T00:00:00Z,sdswrf,sdswrf,Surface downward short-wave radiation flux,surface,,avg,W m**-2,W_m_2,99,0.0,0.0,0.0,0.0,0.0
gefs_control,gefs_control_20260707_18z_f024,2026-07-07,18,24,2026-07-07T18:00:00Z,2026-07-08T18:00:00Z,,2026-07-08T00:00:00Z,t2m,2t,2 metre temperature,heightAboveGround,,instant,K,degC,99,22.888024902343773,27.133466685902007,27.888024902343773,29.188012695312523,1.7439802940875857
gefs_control,gefs_control_20260707_18z_f024,2026-07-07,18,24,2026-07-07T18:00:00Z,2026-07-08T18:00:00Z,,2026-07-08T00:00:00Z,tcc,tcc,Total Cloud Cover,atmosphere,,avg,%,,99,0.0,28.33333333333333,16.0,100.0,31.23614844530244
gefs_control,gefs_control_20260707_18z_f024,2026-07-07,18,24,2026-07-07T18:00:00Z,2026-07-08T18:00:00Z,,2026-07-08T00:00:00Z,tmax,tmax,Maximum temperature,heightAboveGround,,max,K,degC,99,24.667810058593773,28.017318324850084,28.567834472656276,30.367822265625023,1.411021224330698
gefs_control,gefs_control_20260707_18z_f024,2026-07-07,18,24,2026-07-07T18:00:00Z,2026-07-08T18:00:00Z,,2026-07-08T00:00:00Z,tmin,tmin,Minimum temperature,heightAboveGround,,min,K,degC,99,22.849969482421898,27.119674898398063,27.949975585937523,29.249963378906276,1.7368536950170566
gefs_control,gefs_control_20260707_18z_f024,2026-07-07,18,24,2026-07-07T18:00:00Z,2026-07-08T18:00:00Z,,2026-07-08T00:00:00Z,tp,tp,Total Precipitation,surface,,accum,kg m**-2,kg_m_2,99,0.0,1.1383838416500525,0.5,5.099999904632568,1.3612759233801588
gefs_control,gefs_control_20260707_18z_f024,2026-07-07,18,24,2026-07-07T18:00:00Z,2026-07-08T18:00:00Z,,2026-07-08T00:00:00Z,u10,10u,10 metre U wind component,heightAboveGround,,instant,m s**-1,m_s_1,99,-2.180120944976806,-0.8296157950253198,-0.780120849609375,0.219879150390625,0.5113605833245799
gefs_control,gefs_control_20260707_18z_f024,2026-07-07,18,24,2026-07-07T18:00:00Z,2026-07-08T18:00:00Z,,2026-07-08T00:00:00Z,v10,10v,10 metre V wind component,heightAboveGround,,instant,m s**-1,m_s_1,99,-0.0773803740739822,3.536761036274409,3.7226195335388175,6.62261962890625,1.9954498752964849
gefs_control,gefs_control_20260707_18z_f027,2026-07-07,18,27,2026-07-07T18:00:00Z,2026-07-08T21:00:00Z,,2026-07-08T00:00:00Z,cape,cape,Convective available potential energy,surface,,instant,J kg**-1,J_kg_1,99,90.0,936.6464646464648,846.0,1852.0,560.8606538103309
gefs_control,gefs_control_20260707_18z_f027,2026-07-07,18,27,2026-07-07T18:00:00Z,2026-07-08T21:00:00Z,,2026-07-08T00:00:00Z,cin,cin,Convective inhibition,surface,,instant,J kg**-1,J_kg_1,99,-57.760498046875,-6.538275824652778,-2.760498046875,0.239501953125,9.047077272961722
gefs_control,gefs_control_20260707_18z_f027,2026-07-07,18,27,2026-07-07T18:00:00Z,2026-07-08T21:00:00Z,,2026-07-08T00:00:00Z,d2m,2d,2 metre dewpoint temperature,heightAboveGround,,instant,K,degC,99,22.350000000000023,24.41565718217332,24.450006103515648,25.950006103515648,1.0969334160406197
gefs_control,gefs_control_20260707_18z_f027,2026-07-07,18,27,2026-07-07T18:00:00Z,2026-07-08T21:00:00Z,,2026-07-08T00:00:00Z,gust,gust,Wind speed (gust),surface,,instant,m s**-1,m_s_1,99,1.0070183277130127,4.518129394511984,5.007018089294434,7.60701847076416,2.1122485033257328
gefs_control,gefs_control_20260707_18z_f027,2026-07-07,18,27,2026-07-07T18:00:00Z,2026-07-08T21:00:00Z,,2026-07-08T00:00:00Z,prmsl,prmsl,Pressure reduced to MSL,meanSea,,instant,Pa,hPa,99,1004.098046875,1005.1719184027776,1005.19609375,1005.8840625,0.4316800585194467
gefs_control,gefs_control_20260707_18z_f027,2026-07-07,18,27,2026-07-07T18:00:00Z,2026-07-08T21:00:00Z,,2026-07-08T00:00:00Z,r2,2r,2 metre relative humidity,heightAboveGround,,instant,%,,99,73.26815032958984,86.56309663406526,85.56814575195312,98.46814727783205,5.679368583152818
gefs_control,gefs_control_20260707_18z_f027,2026-07-07,18,27,2026-07-07T18:00:00Z,2026-07-08T21:00:00Z,,2026-07-08T00:00:00Z,sdswrf,sdswrf,Surface downward short-wave radiation flux,surface,,avg,W m**-2,W_m_2,99,0.0,0.0,0.0,0.0,0.0
gefs_control,gefs_control_20260707_18z_f027,2026-07-07,18,27,2026-07-07T18:00:00Z,2026-07-08T21:00:00Z,,2026-07-08T00:00:00Z,t2m,2t,2 metre temperature,heightAboveGround,,instant,K,degC,99,22.549981689453148,26.901491477272742,27.649987792968773,29.249963378906276,1.8331062302955663
gefs_control,gefs_control_20260707_18z_f027,2026-07-07,18,27,2026-07-07T18:00:00Z,2026-07-08T21:00:00Z,,2026-07-08T00:00:00Z,tcc,tcc,Total Cloud Cover,atmosphere,,avg,%,,99,1.0,37.96969696969697,29.0,100.0,27.755954696610488
gefs_control,gefs_control_20260707_18z_f027,2026-07-07,18,27,2026-07-07T18:00:00Z,2026-07-08T21:00:00Z,,2026-07-08T00:00:00Z,tmax,tmax,Maximum temperature,heightAboveGround,,max,K,degC,99,22.811975097656276,27.15744209674876,27.911981201171898,29.311975097656276,1.7576545929095495
gefs_control,gefs_control_20260707_18z_f027,2026-07-07,18,27,2026-07-07T18:00:00Z,2026-07-08T21:00:00Z,,2026-07-08T00:00:00Z,tmin,tmin,Minimum temperature,heightAboveGround,,min,K,degC,99,22.600793457031276,26.860780411537267,27.650781250000023,29.160791015625023,1.812103166067598
gefs_control,gefs_control_20260707_18z_f027,2026-07-07,18,27,2026-07-07T18:00:00Z,2026-07-08T21:00:00Z,,2026-07-08T00:00:00Z,tp,tp,Total Precipitation,surface,,accum,kg m**-2,kg_m_2,99,0.0,1.256565655798021,0.8999999761581421,4.300000190734863,1.2074818628325787
gefs_control,gefs_control_20260707_18z_f027,2026-07-07,18,27,2026-07-07T18:00:00Z,2026-07-08T21:00:00Z,,2026-07-08T00:00:00Z,u10,10u,10 metre U wind component,heightAboveGround,,instant,m s**-1,m_s_1,99,-2.239947557449341,-0.5550990259707577,-0.539947509765625,1.060052514076233,0.7256294613975749
gefs_control,gefs_control_20260707_18z_f027,2026-07-07,18,27,2026-07-07T18:00:00Z,2026-07-08T21:00:00Z,,2026-07-08T00:00:00Z,v10,10v,10 metre V wind component,heightAboveGround,,instant,m s**-1,m_s_1,99,-0.297943115234375,2.770743757893209,2.502056837081909,6.302056789398193,1.9719060362211227
gefs_control,gefs_control_20260707_18z_f030,2026-07-07,18,30,2026-07-07T18:00:00Z,2026-07-09T00:00:00Z,,2026-07-08T00:00:00Z,cape,cape,Convective available potential energy,surface,,instant,J kg**-1,J_kg_1,99,71.0,885.8383838383838,735.0,2108.0,484.1892047551541
gefs_control,gefs_control_20260707_18z_f030,2026-07-07,18,30,2026-07-07T18:00:00Z,2026-07-09T00:00:00Z,,2026-07-08T00:00:00Z,cin,cin,Convective inhibition,surface,,instant,J kg**-1,J_kg_1,99,-20.4114990234375,-3.37109498303346,-2.4114990234375,-0.4114990234375,3.855781941734503
gefs_control,gefs_control_20260707_18z_f030,2026-07-07,18,30,2026-07-07T18:00:00Z,2026-07-09T00:00:00Z,,2026-07-08T00:00:00Z,d2m,2d,2 metre dewpoint temperature,heightAboveGround,,instant,K,degC,99,22.289086914062523,24.50019703874686,24.589074707031276,26.089074707031276,0.9513284586481529
gefs_control,gefs_control_20260707_18z_f030,2026-07-07,18,30,2026-07-07T18:00:00Z,2026-07-09T00:00:00Z,,2026-07-08T00:00:00Z,gust,gust,Wind speed (gust),surface,,instant,m s**-1,m_s_1,99,1.0385831594467163,3.850704383368444,3.538583278656006,7.738583087921143,1.659698913112546
gefs_control,gefs_control_20260707_18z_f030,2026-07-07,18,30,2026-07-07T18:00:00Z,2026-07-09T00:00:00Z,,2026-07-08T00:00:00Z,prmsl,prmsl,Pressure reduced to MSL,meanSea,,instant,Pa,hPa,99,1004.689375,1005.6382189078286,1005.699375,1006.30140625,0.3984151555274954
gefs_control,gefs_control_20260707_18z_f030,2026-07-07,18,30,2026-07-07T18:00:00Z,2026-07-09T00:00:00Z,,2026-07-08T00:00:00Z,r2,2r,2 metre relative humidity,heightAboveGround,,instant,%,,99,65.31730651855469,80.92437898269807,82.0173110961914,92.0173110961914,5.255151407627437
gefs_control,gefs_control_20260707_18z_f030,2026-07-07,18,30,2026-07-07T18:00:00Z,2026-07-09T00:00:00Z,,2026-07-08T00:00:00Z,sdswrf,sdswrf,Surface downward short-wave radiation flux,surface,,avg,W m**-2,W_m_2,99,48.36800003051758,60.152565618958135,59.040000915527344,73.10399627685547,7.13046789812529
gefs_control,gefs_control_20260707_18z_f030,2026-07-07,18,30,2026-07-07T18:00:00Z,2026-07-09T00:00:00Z,,2026-07-08T00:00:00Z,t2m,2t,2 metre temperature,heightAboveGround,,instant,K,degC,99,25.847619628906276,28.128415872593138,28.247613525390648,29.5476013183594,0.8098726559843911
gefs_control,gefs_control_20260707_18z_f030,2026-07-07,18,30,2026-07-07T18:00:00Z,2026-07-09T00:00:00Z,,2026-07-08T00:00:00Z,tcc,tcc,Total Cloud Cover,atmosphere,,avg,%,,99,1.0,49.1010101010101,49.0,100.0,28.793059962602083
gefs_control,gefs_control_20260707_18z_f030,2026-07-07,18,30,2026-07-07T18:00:00Z,2026-07-09T00:00:00Z,,2026-07-08T00:00:00Z,tmax,tmax,Maximum temperature,heightAboveGround,,max,K,degC,99,25.7499938964844,28.170202143505385,28.2499938964844,29.550012207031276,0.8236377080312788
gefs_control,gefs_control_20260707_18z_f030,2026-07-07,18,30,2026-07-07T18:00:00Z,2026-07-09T00:00:00Z,,2026-07-08T00:00:00Z,tmin,tmin,Minimum temperature,heightAboveGround,,min,K,degC,99,22.5607849121094,26.7742156057647,27.530786132812523,29.160791015625023,1.822913739170342
gefs_control,gefs_control_20260707_18z_f030,2026-07-07,18,30,2026-07-07T18:00:00Z,2026-07-09T00:00:00Z,,2026-07-08T00:00:00Z,tp,tp,Total Precipitation,surface,,accum,kg m**-2,kg_m_2,99,0.0,2.3030302985148,1.899999976158142,7.900000095367432,1.899625401030113
gefs_control,gefs_control_20260707_18z_f030,2026-07-07,18,30,2026-07-07T18:00:00Z,2026-07-09T00:00:00Z,,2026-07-08T00:00:00Z,u10,10u,10 metre U wind component,heightAboveGround,,instant,m s**-1,m_s_1,99,-2.367907762527466,-0.711342059790787,-0.66790771484375,1.0320923328399658,0.7507789439685951
gefs_control,gefs_control_20260707_18z_f030,2026-07-07,18,30,2026-07-07T18:00:00Z,2026-07-09T00:00:00Z,,2026-07-08T00:00:00Z,v10,10v,10 metre V wind component,heightAboveGround,,instant,m s**-1,m_s_1,99,-0.020245362073183,2.2484415070426587,1.9797546863555908,6.079754829406738,1.5689954634929315
gefs_control,gefs_control_20260707_18z_f033,2026-07-07,18,33,2026-07-07T18:00:00Z,2026-07-09T03:00:00Z,,2026-07-08T00:00:00Z,cape,cape,Convective available potential energy,surface,,instant,J kg**-1,J_kg_1,99,101.0,900.1717171717172,847.0,1886.0,464.2813071074201
gefs_control,gefs_control_20260707_18z_f033,2026-07-07,18,33,2026-07-07T18:00:00Z,2026-07-09T03:00:00Z,,2026-07-08T00:00:00Z,cin,cin,Convective inhibition,surface,,instant,J kg**-1,J_kg_1,99,-34.546875,-4.971117424242424,-1.546875,0.453125,8.319492638341133
gefs_control,gefs_control_20260707_18z_f033,2026-07-07,18,33,2026-07-07T18:00:00Z,2026-07-09T03:00:00Z,,2026-07-08T00:00:00Z,d2m,2d,2 metre dewpoint temperature,heightAboveGround,,instant,K,degC,99,21.250024414062523,24.12071742818815,24.150018310546898,25.950006103515648,1.1775896939386203
gefs_control,gefs_control_20260707_18z_f033,2026-07-07,18,33,2026-07-07T18:00:00Z,2026-07-09T03:00:00Z,,2026-07-08T00:00:00Z,gust,gust,Wind speed (gust),surface,,instant,m s**-1,m_s_1,99,1.450653076171875,4.111259128108169,4.150652885437012,6.450653076171875,1.0472492367737918
gefs_control,gefs_control_20260707_18z_f033,2026-07-07,18,33,2026-07-07T18:00:00Z,2026-07-09T03:00:00Z,,2026-07-08T00:00:00Z,prmsl,prmsl,Pressure reduced to MSL,meanSea,,instant,Pa,hPa,99,1005.22984375,1006.030845959596,1006.03984375,1006.881875,0.4090231962831792
gefs_control,gefs_control_20260707_18z_f033,2026-07-07,18,33,2026-07-07T18:00:00Z,2026-07-09T03:00:00Z,,2026-07-08T00:00:00Z,r2,2r,2 metre relative humidity,heightAboveGround,,instant,%,,99,48.85787582397461,71.01747219971936,73.15787506103516,84.05787658691406,9.574143404337711
gefs_control,gefs_control_20260707_18z_f033,2026-07-07,18,33,2026-07-07T18:00:00Z,2026-07-09T03:00:00Z,,2026-07-08T00:00:00Z,sdswrf,sdswrf,Surface downward short-wave radiation flux,surface,,avg,W m**-2,W_m_2,99,592.6240234375,656.4864668412642,648.89599609375,709.8880004882812,26.831061801573146
gefs_control,gefs_control_20260707_18z_f033,2026-07-07,18,33,2026-07-07T18:00:00Z,2026-07-09T03:00:00Z,,2026-07-08T00:00:00Z,t2m,2t,2 metre temperature,heightAboveGround,,instant,K,degC,99,28.589196777343773,30.11334080551612,29.6892028808594,33.4392028808594,1.3301127649579445
gefs_control,gefs_control_20260707_18z_f033,2026-07-07,18,33,2026-07-07T18:00:00Z,2026-07-09T03:00:00Z,,2026-07-08T00:00:00Z,tcc,tcc,Total Cloud Cover,atmosphere,,avg,%,,99,0.0,62.44444444444444,67.0,100.0,29.98593010879165
gefs_control,gefs_control_20260707_18z_f033,2026-07-07,18,33,2026-07-07T18:00:00Z,2026-07-09T03:00:00Z,,2026-07-08T00:00:00Z,tmax,tmax,Maximum temperature,heightAboveGround,,max,K,degC,99,28.556542968750023,30.12422047624686,29.656549072265648,33.4565368652344,1.325112008078545
gefs_control,gefs_control_20260707_18z_f033,2026-07-07,18,33,2026-07-07T18:00:00Z,2026-07-09T03:00:00Z,,2026-07-08T00:00:00Z,tmin,tmin,Minimum temperature,heightAboveGround,,min,K,degC,99,26.069207763671898,28.238190375434048,28.259210205078148,29.809197998046898,0.7421615870168284
gefs_control,gefs_control_20260707_18z_f033,2026-07-07,18,33,2026-07-07T18:00:00Z,2026-07-09T03:00:00Z,,2026-07-08T00:00:00Z,tp,tp,Total Precipitation,surface,,accum,kg m**-2,kg_m_2,99,0.0,0.5565656595910439,0.1000000014901161,4.599999904632568,0.9617074091543922
gefs_control,gefs_control_20260707_18z_f033,2026-07-07,18,33,2026-07-07T18:00:00Z,2026-07-09T03:00:00Z,,2026-07-08T00:00:00Z,u10,10u,10 metre U wind component,heightAboveGround,,instant,m s**-1,m_s_1,99,-2.508856296539306,-0.6229976182709439,-0.808856189250946,2.091143846511841,1.105176991879827
gefs_control,gefs_control_20260707_18z_f033,2026-07-07,18,33,2026-07-07T18:00:00Z,2026-07-09T03:00:00Z,,2026-07-08T00:00:00Z,v10,10v,10 metre V wind component,heightAboveGround,,instant,m s**-1,m_s_1,99,0.330099493265152,2.834139889839924,2.9300994873046875,4.930099487304688,0.960105142521772
gefs_control,gefs_control_20260707_18z_f036,2026-07-07,18,36,2026-07-07T18:00:00Z,2026-07-09T06:00:00Z,,2026-07-08T00:00:00Z,cape,cape,Convective available potential energy,surface,,instant,J kg**-1,J_kg_1,99,310.0,892.8080808080808,868.0,1680.0,373.62030844721954
gefs_control,gefs_control_20260707_18z_f036,2026-07-07,18,36,2026-07-07T18:00:00Z,2026-07-09T06:00:00Z,,2026-07-08T00:00:00Z,cin,cin,Convective inhibition,surface,,instant,J kg**-1,J_kg_1,99,-55.7979736328125,-7.111104945943813,-2.7979736328125,0.2020263671875,10.390017027476024
gefs_control,gefs_control_20260707_18z_f036,2026-07-07,18,36,2026-07-07T18:00:00Z,2026-07-09T06:00:00Z,,2026-07-08T00:00:00Z,d2m,2d,2 metre dewpoint temperature,heightAboveGround,,instant,K,degC,99,21.413873291015648,23.995696466619336,24.213891601562523,25.513879394531276,1.0079843074457744
gefs_control,gefs_control_20260707_18z_f036,2026-07-07,18,36,2026-07-07T18:00:00Z,2026-07-09T06:00:00Z,,2026-07-08T00:00:00Z,gust,gust,Wind speed (gust),surface,,instant,m s**-1,m_s_1,99,2.7288713455200195,4.552103584462946,4.628871440887451,6.528871059417725,0.9003734701393644
gefs_control,gefs_control_20260707_18z_f036,2026-07-07,18,36,2026-07-07T18:00:00Z,2026-07-09T06:00:00Z,,2026-07-08T00:00:00Z,prmsl,prmsl,Pressure reduced to MSL,meanSea,,instant,Pa,hPa,99,1002.831484375,1003.6801246843436,1003.5975,1004.821484375,0.5118376328044821
gefs_control,gefs_control_20260707_18z_f036,2026-07-07,18,36,2026-07-07T18:00:00Z,2026-07-09T06:00:00Z,,2026-07-08T00:00:00Z,r2,2r,2 metre relative humidity,heightAboveGround,,instant,%,,99,45.33967590332031,67.70432219842468,70.83967590332031,80.4396743774414,10.072789030443852
gefs_control,gefs_control_20260707_18z_f036,2026-07-07,18,36,2026-07-07T18:00:00Z,2026-07-09T06:00:00Z,,2026-07-08T00:00:00Z,sdswrf,sdswrf,Surface downward short-wave radiation flux,surface,,avg,W m**-2,W_m_2,99,625.4559936523438,772.4286067461727,780.8800048828125,832.4320068359375,42.59205329442646
gefs_control,gefs_control_20260707_18z_f036,2026-07-07,18,36,2026-07-07T18:00:00Z,2026-07-09T06:00:00Z,,2026-07-08T00:00:00Z,t2m,2t,2 metre temperature,heightAboveGround,,instant,K,degC,99,28.798394775390648,30.852933694858763,29.998376464843773,34.89840087890627,1.7949028421234872
gefs_control,gefs_control_20260707_18z_f036,2026-07-07,18,36,2026-07-07T18:00:00Z,2026-07-09T06:00:00Z,,2026-07-08T00:00:00Z,tcc,tcc,Total Cloud Cover,atmosphere,,avg,%,,99,0.0,55.4040404040404,61.0,97.0,26.22510139677433
gefs_control,gefs_control_20260707_18z_f036,2026-07-07,18,36,2026-07-07T18:00:00Z,2026-07-09T06:00:00Z,,2026-07-08T00:00:00Z,tmax,tmax,Maximum temperature,heightAboveGround,,max,K,degC,99,28.9565368652344,31.0019978841146,30.156549072265648,35.25655517578127,1.860067782330864
gefs_control,gefs_control_20260707_18z_f036,2026-07-07,18,36,2026-07-07T18:00:00Z,2026-07-09T06:00:00Z,,2026-07-08T00:00:00Z,tmin,tmin,Minimum temperature,heightAboveGround,,min,K,degC,99,26.075280761718773,28.20416235104958,28.255273437500023,29.805261230468773,0.7374895958388826
gefs_control,gefs_control_20260707_18z_f036,2026-07-07,18,36,2026-07-07T18:00:00Z,2026-07-09T06:00:00Z,,2026-07-08T00:00:00Z,tp,tp,Total Precipitation,surface,,accum,kg m**-2,kg_m_2,99,0.0,0.7313131366414253,0.2000000029802322,5.300000190734863,1.1097043525738526
gefs_control,gefs_control_20260707_18z_f036,2026-07-07,18,36,2026-07-07T18:00:00Z,2026-07-09T06:00:00Z,,2026-07-08T00:00:00Z,u10,10u,10 metre U wind component,heightAboveGround,,instant,m s**-1,m_s_1,99,-3.7734007835388175,-0.8865321933696366,-0.7734009027481079,1.726599097251892,1.2406129485873876
gefs_control,gefs_control_20260707_18z_f036,2026-07-07,18,36,2026-07-07T18:00:00Z,2026-07-09T06:00:00Z,,2026-07-08T00:00:00Z,v10,10v,10 metre V wind component,heightAboveGround,,instant,m s**-1,m_s_1,99,1.7580658197402954,3.5479647715886435,3.4580657482147217,5.758065700531006,0.8966260908859124
gefs_control,gefs_control_20260707_18z_f039,2026-07-07,18,39,2026-07-07T18:00:00Z,2026-07-09T09:00:00Z,,2026-07-08T00:00:00Z,cape,cape,Convective available potential energy,surface,,instant,J kg**-1,J_kg_1,99,306.0,963.3333333333334,944.0,2119.0,417.6317792389643
gefs_control,gefs_control_20260707_18z_f039,2026-07-07,18,39,2026-07-07T18:00:00Z,2026-07-09T09:00:00Z,,2026-07-08T00:00:00Z,cin,cin,Convective inhibition,surface,,instant,J kg**-1,J_kg_1,99,-46.7633056640625,-7.510780411537247,-3.7633056640625,0.2366943359375,10.134791994639793
gefs_control,gefs_control_20260707_18z_f039,2026-07-07,18,39,2026-07-07T18:00:00Z,2026-07-09T09:00:00Z,,2026-07-08T00:00:00Z,d2m,2d,2 metre dewpoint temperature,heightAboveGround,,instant,K,degC,99,21.682550048828148,24.212846297447147,24.482537841796898,25.582543945312523,0.9779862072291042
gefs_control,gefs_control_20260707_18z_f039,2026-07-07,18,39,2026-07-07T18:00:00Z,2026-07-09T09:00:00Z,,2026-07-08T00:00:00Z,gust,gust,Wind speed (gust),surface,,instant,m s**-1,m_s_1,99,2.742115020751953,4.683529258978488,4.642115116119385,6.942115306854248,1.021586221368041
gefs_control,gefs_control_20260707_18z_f039,2026-07-07,18,39,2026-07-07T18:00:00Z,2026-07-09T09:00:00Z,,2026-07-08T00:00:00Z,prmsl,prmsl,Pressure reduced to MSL,meanSea,,instant,Pa,hPa,99,1001.35328125,1002.5838746843434,1002.595234375,1003.64125,0.5943565315343882
gefs_control,gefs_control_20260707_18z_f039,2026-07-07,18,39,2026-07-07T18:00:00Z,2026-07-09T09:00:00Z,,2026-07-08T00:00:00Z,r2,2r,2 metre relative humidity,heightAboveGround,,instant,%,,99,48.805301666259766,70.51035331957269,73.80530548095703,81.40530395507812,8.301373655979537
gefs_control,gefs_control_20260707_18z_f039,2026-07-07,18,39,2026-07-07T18:00:00Z,2026-07-09T09:00:00Z,,2026-07-08T00:00:00Z,sdswrf,sdswrf,Surface downward short-wave radiation flux,surface,,avg,W m**-2,W_m_2,99,294.82000732421875,643.0018159500277,670.8800048828125,696.02001953125,75.3182952079286
gefs_control,gefs_control_20260707_18z_f039,2026-07-07,18,39,2026-07-07T18:00:00Z,2026-07-09T09:00:00Z,,2026-07-08T00:00:00Z,t2m,2t,2 metre temperature,heightAboveGround,,instant,K,degC,99,28.915063476562523,30.293851047092037,29.815057373046898,33.91506347656252,1.279148570149674
gefs_control,gefs_control_20260707_18z_f039,2026-07-07,18,39,2026-07-07T18:00:00Z,2026-07-09T09:00:00Z,,2026-07-08T00:00:00Z,tcc,tcc,Total Cloud Cover,atmosphere,,avg,%,,99,0.0,18.8989898989899,10.0,98.0,24.43812841016712
gefs_control,gefs_control_20260707_18z_f039,2026-07-07,18,39,2026-07-07T18:00:00Z,2026-07-09T09:00:00Z,,2026-07-08T00:00:00Z,tmax,tmax,Maximum temperature,heightAboveGround,,max,K,degC,99,28.980126953125023,31.01143952957309,30.080133056640648,34.98012695312502,1.7952050269226136
gefs_control,gefs_control_20260707_18z_f039,2026-07-07,18,39,2026-07-07T18:00:00Z,2026-07-09T09:00:00Z,,2026-07-08T00:00:00Z,tmin,tmin,Minimum temperature,heightAboveGround,,min,K,degC,99,28.547570800781276,30.18798710986823,29.647576904296898,33.94759521484377,1.3349932592265965
gefs_control,gefs_control_20260707_18z_f039,2026-07-07,18,39,2026-07-07T18:00:00Z,2026-07-09T09:00:00Z,,2026-07-08T00:00:00Z,tp,tp,Total Precipitation,surface,,accum,kg m**-2,kg_m_2,99,0.0,0.1141414136597604,0.0,1.899999976158142,0.3293734738155803
gefs_control,gefs_control_20260707_18z_f039,2026-07-07,18,39,2026-07-07T18:00:00Z,2026-07-09T09:00:00Z,,2026-07-08T00:00:00Z,u10,10u,10 metre U wind component,heightAboveGround,,instant,m s**-1,m_s_1,99,-3.521380662918091,-0.726431122858717,-0.621380627155304,0.978619396686554,1.0122855167125466
gefs_control,gefs_control_20260707_18z_f039,2026-07-07,18,39,2026-07-07T18:00:00Z,2026-07-09T09:00:00Z,,2026-07-08T00:00:00Z,v10,10v,10 metre V wind component,heightAboveGround,,instant,m s**-1,m_s_1,99,1.4834167957305908,3.6753359491174873,3.583416700363159,5.883416652679443,0.950669804712048
gefs_control,gefs_control_20260707_18z_f042,2026-07-07,18,42,2026-07-07T18:00:00Z,2026-07-09T12:00:00Z,,2026-07-08T00:00:00Z,cape,cape,Convective available potential energy,surface,,instant,J kg**-1,J_kg_1,99,84.0,740.4949494949495,738.0,1469.0,373.49986474481005
gefs_control,gefs_control_20260707_18z_f042,2026-07-07,18,42,2026-07-07T18:00:00Z,2026-07-09T12:00:00Z,,2026-07-08T00:00:00Z,cin,cin,Convective inhibition,surface,,instant,J kg**-1,J_kg_1,99,-114.0384521484375,-25.402088512073863,-19.0384521484375,-0.0384521484375,28.800762667179544
gefs_control,gefs_control_20260707_18z_f042,2026-07-07,18,42,2026-07-07T18:00:00Z,2026-07-09T12:00:00Z,,2026-07-08T00:00:00Z,d2m,2d,2 metre dewpoint temperature,heightAboveGround,,instant,K,degC,99,21.824182128906276,24.252475068063465,24.324182128906276,25.824182128906276,1.1568023449269071
gefs_control,gefs_control_20260707_18z_f042,2026-07-07,18,42,2026-07-07T18:00:00Z,2026-07-09T12:00:00Z,,2026-07-08T00:00:00Z,gust,gust,Wind speed (gust),surface,,instant,m s**-1,m_s_1,99,1.6028770208358765,3.824089105683144,3.40287709236145,7.902876853942871,1.4862516596327064
gefs_control,gefs_control_20260707_18z_f042,2026-07-07,18,42,2026-07-07T18:00:00Z,2026-07-09T12:00:00Z,,2026-07-08T00:00:00Z,prmsl,prmsl,Pressure reduced to MSL,meanSea,,instant,Pa,hPa,99,1002.306875,1003.526691919192,1003.632890625,1004.35484375,0.5684800106559522
gefs_control,gefs_control_20260707_18z_f042,2026-07-07,18,42,2026-07-07T18:00:00Z,2026-07-09T12:00:00Z,,2026-07-08T00:00:00Z,r2,2r,2 metre relative humidity,heightAboveGround,,instant,%,,99,57.5,78.3080808080808,80.5999984741211,89.19999694824219,7.13601869975053
gefs_control,gefs_control_20260707_18z_f042,2026-07-07,18,42,2026-07-07T18:00:00Z,2026-07-09T12:00:00Z,,2026-07-08T00:00:00Z,sdswrf,sdswrf,Surface downward short-wave radiation flux,surface,,avg,W m**-2,W_m_2,99,179.6959991455078,380.20557488335504,393.8880004882813,414.5280151367188,43.19376382029082
gefs_control,gefs_control_20260707_18z_f042,2026-07-07,18,42,2026-07-07T18:00:00Z,2026-07-09T12:00:00Z,,2026-07-08T00:00:00Z,t2m,2t,2 metre temperature,heightAboveGround,,instant,K,degC,99,25.724206542968773,28.469647401751917,28.824182128906276,31.224206542968773,1.223942669338577
gefs_control,gefs_control_20260707_18z_f042,2026-07-07,18,42,2026-07-07T18:00:00Z,2026-07-09T12:00:00Z,,2026-07-08T00:00:00Z,tcc,tcc,Total Cloud Cover,atmosphere,,avg,%,,99,0.0,18.33333333333333,6.0,97.0,25.5418056993596
gefs_control,gefs_control_20260707_18z_f042,2026-07-07,18,42,2026-07-07T18:00:00Z,2026-07-09T12:00:00Z,,2026-07-08T00:00:00Z,tmax,tmax,Maximum temperature,heightAboveGround,,max,K,degC,99,29.015069580078148,31.0524366590712,30.215051269531276,34.91506347656252,1.7855537726866662
gefs_control,gefs_control_20260707_18z_f042,2026-07-07,18,42,2026-07-07T18:00:00Z,2026-07-09T12:00:00Z,,2026-07-08T00:00:00Z,tmin,tmin,Minimum temperature,heightAboveGround,,min,K,degC,99,25.747583007812523,28.383945102884333,28.747583007812523,31.147576904296898,1.2172546986059063
gefs_control,gefs_control_20260707_18z_f042,2026-07-07,18,42,2026-07-07T18:00:00Z,2026-07-09T12:00:00Z,,2026-07-08T00:00:00Z,tp,tp,Total Precipitation,surface,,accum,kg m**-2,kg_m_2,99,0.0,0.1464646463141297,0.0,2.700000047683716,0.4267123839984947
gefs_control,gefs_control_20260707_18z_f042,2026-07-07,18,42,2026-07-07T18:00:00Z,2026-07-09T12:00:00Z,,2026-07-08T00:00:00Z,u10,10u,10 metre U wind component,heightAboveGround,,instant,m s**-1,m_s_1,99,-2.30731201171875,-0.4376150393632776,-0.507311999797821,1.292688012123108,0.8053425825762736
gefs_control,gefs_control_20260707_18z_f042,2026-07-07,18,42,2026-07-07T18:00:00Z,2026-07-09T12:00:00Z,,2026-07-08T00:00:00Z,v10,10v,10 metre V wind component,heightAboveGround,,instant,m s**-1,m_s_1,99,0.8902832269668579,2.760990283705972,2.690283298492432,4.690283298492432,0.8877679044022266
gefs_control,gefs_control_20260707_18z_f045,2026-07-07,18,45,2026-07-07T18:00:00Z,2026-07-09T15:00:00Z,,2026-07-08T00:00:00Z,cape,cape,Convective available potential energy,surface,,instant,J kg**-1,J_kg_1,99,50.0,828.1919191919192,790.0,1666.0,519.5732646205325
gefs_control,gefs_control_20260707_18z_f045,2026-07-07,18,45,2026-07-07T18:00:00Z,2026-07-09T15:00:00Z,,2026-07-08T00:00:00Z,cin,cin,Convective inhibition,surface,,instant,J kg**-1,J_kg_1,99,-179.103271484375,-41.98205936316288,-18.103271484375,-0.103271484375,49.93981685610863
gefs_control,gefs_control_20260707_18z_f045,2026-07-07,18,45,2026-07-07T18:00:00Z,2026-07-09T15:00:00Z,,2026-07-08T00:00:00Z,d2m,2d,2 metre dewpoint temperature,heightAboveGround,,instant,K,degC,99,21.962304687500023,24.325952456695884,24.562310791015648,25.962304687500023,1.3102134511605892
gefs_control,gefs_control_20260707_18z_f045,2026-07-07,18,45,2026-07-07T18:00:00Z,2026-07-09T15:00:00Z,,2026-07-08T00:00:00Z,gust,gust,Wind speed (gust),surface,,instant,m s**-1,m_s_1,99,1.15338134765625,3.6634823493283206,3.453381299972534,7.253381252288818,1.5245794090730649
gefs_control,gefs_control_20260707_18z_f045,2026-07-07,18,45,2026-07-07T18:00:00Z,2026-07-09T15:00:00Z,,2026-07-08T00:00:00Z,prmsl,prmsl,Pressure reduced to MSL,meanSea,,instant,Pa,hPa,99,1003.791484375,1004.8421677714648,1005.011484375,1005.53953125,0.4659611255253375
gefs_control,gefs_control_20260707_18z_f045,2026-07-07,18,45,2026-07-07T18:00:00Z,2026-07-09T15:00:00Z,,2026-07-08T00:00:00Z,r2,2r,2 metre relative humidity,heightAboveGround,,instant,%,,99,62.68164825439453,81.90892283121745,83.58164978027344,94.38165283203124,7.203644004967717
gefs_control,gefs_control_20260707_18z_f045,2026-07-07,18,45,2026-07-07T18:00:00Z,2026-07-09T15:00:00Z,,2026-07-08T00:00:00Z,sdswrf,sdswrf,Surface downward short-wave radiation flux,surface,,avg,W m**-2,W_m_2,99,0.0,0.0,0.0,0.0,0.0
gefs_control,gefs_control_20260707_18z_f045,2026-07-07,18,45,2026-07-07T18:00:00Z,2026-07-09T15:00:00Z,,2026-07-08T00:00:00Z,t2m,2t,2 metre temperature,heightAboveGround,,instant,K,degC,99,24.3622985839844,27.77341598356615,28.462304687500023,29.8622985839844,1.4307517816681288
gefs_control,gefs_control_20260707_18z_f045,2026-07-07,18,45,2026-07-07T18:00:00Z,2026-07-09T15:00:00Z,,2026-07-08T00:00:00Z,tcc,tcc,Total Cloud Cover,atmosphere,,avg,%,,99,0.0,51.57575757575758,51.0,100.0,37.45302536878115
gefs_control,gefs_control_20260707_18z_f045,2026-07-07,18,45,2026-07-07T18:00:00Z,2026-07-09T15:00:00Z,,2026-07-08T00:00:00Z,tmax,tmax,Maximum temperature,heightAboveGround,,max,K,degC,99,25.631250000000023,28.43629939532041,28.831262207031276,31.131250000000023,1.2365951568452198
gefs_control,gefs_control_20260707_18z_f045,2026-07-07,18,45,2026-07-07T18:00:00Z,2026-07-09T15:00:00Z,,2026-07-08T00:00:00Z,tmin,tmin,Minimum temperature,heightAboveGround,,min,K,degC,99,24.357049560546898,27.77119744811397,28.457055664062523,29.857049560546898,1.4311133094039212
gefs_control,gefs_control_20260707_18z_f045,2026-07-07,18,45,2026-07-07T18:00:00Z,2026-07-09T15:00:00Z,,2026-07-08T00:00:00Z,tp,tp,Total Precipitation,surface,,accum,kg m**-2,kg_m_2,99,0.0,0.000606060592514,0.0,0.0199999995529651,0.0027773185409256
gefs_control,gefs_control_20260707_18z_f045,2026-07-07,18,45,2026-07-07T18:00:00Z,2026-07-09T15:00:00Z,,2026-07-08T00:00:00Z,u10,10u,10 metre U wind component,heightAboveGround,,instant,m s**-1,m_s_1,99,-1.776757836341858,-0.109081042497748,-0.1767578125,1.5232422351837158,0.7642026696910114
gefs_control,gefs_control_20260707_18z_f045,2026-07-07,18,45,2026-07-07T18:00:00Z,2026-07-09T15:00:00Z,,2026-07-08T00:00:00Z,v10,10v,10 metre V wind component,heightAboveGround,,instant,m s**-1,m_s_1,99,0.832507312297821,2.5931133814532346,2.432507276535034,4.432507514953613,0.959147154380005
gefs_control,gefs_control_20260707_18z_f048,2026-07-07,18,48,2026-07-07T18:00:00Z,2026-07-09T18:00:00Z,,2026-07-08T00:00:00Z,cape,cape,Convective available potential energy,surface,,instant,J kg**-1,J_kg_1,99,84.0,955.6666666666666,979.0,1769.0,585.0813290613208
gefs_control,gefs_control_20260707_18z_f048,2026-07-07,18,48,2026-07-07T18:00:00Z,2026-07-09T18:00:00Z,,2026-07-08T00:00:00Z,cin,cin,Convective inhibition,surface,,instant,J kg**-1,J_kg_1,99,-107.1898193359375,-21.25042539654356,-3.1898193359375,-0.1898193359375,29.30398607071555
gefs_control,gefs_control_20260707_18z_f048,2026-07-07,18,48,2026-07-07T18:00:00Z,2026-07-09T18:00:00Z,,2026-07-08T00:00:00Z,d2m,2d,2 metre dewpoint temperature,heightAboveGround,,instant,K,degC,99,21.936303710937523,24.322160878807622,24.736291503906276,25.936303710937523,1.292792212245869
gefs_control,gefs_control_20260707_18z_f048,2026-07-07,18,48,2026-07-07T18:00:00Z,2026-07-09T18:00:00Z,,2026-07-08T00:00:00Z,gust,gust,Wind speed (gust),surface,,instant,m s**-1,m_s_1,99,0.3067396581172943,3.075426502360238,3.6067397594451904,5.806739807128906,1.508805545389282
gefs_control,gefs_control_20260707_18z_f048,2026-07-07,18,48,2026-07-07T18:00:00Z,2026-07-09T18:00:00Z,,2026-07-08T00:00:00Z,prmsl,prmsl,Pressure reduced to MSL,meanSea,,instant,Pa,hPa,99,1002.53109375,1003.4929395517678,1003.527109375,1004.18109375,0.3604132731577238
gefs_control,gefs_control_20260707_18z_f048,2026-07-07,18,48,2026-07-07T18:00:00Z,2026-07-09T18:00:00Z,,2026-07-08T00:00:00Z,r2,2r,2 metre relative humidity,heightAboveGround,,instant,%,,99,66.2742691040039,84.43083321927774,85.374267578125,96.9742660522461,7.043216640482176
gefs_control,gefs_control_20260707_18z_f048,2026-07-07,18,48,2026-07-07T18:00:00Z,2026-07-09T18:00:00Z,,2026-07-08T00:00:00Z,sdswrf,sdswrf,Surface downward short-wave radiation flux,surface,,avg,W m**-2,W_m_2,99,0.0,0.0,0.0,0.0,0.0
gefs_control,gefs_control_20260707_18z_f048,2026-07-07,18,48,2026-07-07T18:00:00Z,2026-07-09T18:00:00Z,,2026-07-08T00:00:00Z,t2m,2t,2 metre temperature,heightAboveGround,,instant,K,degC,99,23.401940917968773,27.24940204042379,28.001916503906276,29.001916503906276,1.5466708729269925
gefs_control,gefs_control_20260707_18z_f048,2026-07-07,18,48,2026-07-07T18:00:00Z,2026-07-09T18:00:00Z,,2026-07-08T00:00:00Z,tcc,tcc,Total Cloud Cover,atmosphere,,avg,%,,99,13.0,71.68686868686869,74.0,100.0,21.42199684391576
gefs_control,gefs_control_20260707_18z_f048,2026-07-07,18,48,2026-07-07T18:00:00Z,2026-07-09T18:00:00Z,,2026-07-08T00:00:00Z,tmax,tmax,Maximum temperature,heightAboveGround,,max,K,degC,99,25.674645996093773,28.430188789753014,28.874627685546898,31.074639892578148,1.2353563712037532
gefs_control,gefs_control_20260707_18z_f048,2026-07-07,18,48,2026-07-07T18:00:00Z,2026-07-09T18:00:00Z,,2026-07-08T00:00:00Z,tmin,tmin,Minimum temperature,heightAboveGround,,min,K,degC,99,23.356286621093773,27.25831810537013,28.056298828125023,29.056298828125023,1.5471044171612611
gefs_control,gefs_control_20260707_18z_f048,2026-07-07,18,48,2026-07-07T18:00:00Z,2026-07-09T18:00:00Z,,2026-07-08T00:00:00Z,tp,tp,Total Precipitation,surface,,accum,kg m**-2,kg_m_2,99,0.0,0.0,0.0,0.0,0.0
gefs_control,gefs_control_20260707_18z_f048,2026-07-07,18,48,2026-07-07T18:00:00Z,2026-07-09T18:00:00Z,,2026-07-08T00:00:00Z,u10,10u,10 metre U wind component,heightAboveGround,,instant,m s**-1,m_s_1,99,-1.17364501953125,0.5243347798558798,0.2263549864292144,3.626354932785034,1.0507313261365758
gefs_control,gefs_control_20260707_18z_f048,2026-07-07,18,48,2026-07-07T18:00:00Z,2026-07-09T18:00:00Z,,2026-07-08T00:00:00Z,v10,10v,10 metre V wind component,heightAboveGround,,instant,m s**-1,m_s_1,99,-0.2238342314958572,1.9781859723305464,2.076165676116944,3.976165771484375,1.165495500240047
gfs,gfs_20260707_18z_f003,2026-07-07,18,3,2026-07-07T18:00:00Z,2026-07-07T21:00:00Z,,2026-07-08T00:00:00Z,cape,cape,Convective available potential energy,surface,,instant,J kg**-1,J_kg_1,99,58.0,810.0909090909091,673.0,1744.0,589.078240604522
gfs,gfs_20260707_18z_f003,2026-07-07,18,3,2026-07-07T18:00:00Z,2026-07-07T21:00:00Z,,2026-07-08T00:00:00Z,cin,cin,Convective inhibition,surface,,instant,J kg**-1,J_kg_1,99,-35.993408203125,-9.407549617266412,-4.993408203125,0.006591796875,9.706823696917152
gfs,gfs_20260707_18z_f003,2026-07-07,18,3,2026-07-07T18:00:00Z,2026-07-07T21:00:00Z,,2026-07-08T00:00:00Z,d2m,2d,2 metre dewpoint temperature,heightAboveGround,,instant,K,degC,99,21.793054199218773,24.124378612788057,24.293054199218773,25.493066406250023,1.10441203844516
gfs,gfs_20260707_18z_f003,2026-07-07,18,3,2026-07-07T18:00:00Z,2026-07-07T21:00:00Z,,2026-07-08T00:00:00Z,gust,gust,Wind speed (gust),surface,,instant,m s**-1,m_s_1,99,0.3269787728786468,6.909807099537416,8.026978492736816,12.22697925567627,3.680553359377984
gfs,gfs_20260707_18z_f003,2026-07-07,18,3,2026-07-07T18:00:00Z,2026-07-07T21:00:00Z,,2026-07-08T00:00:00Z,prmsl,prmsl,Pressure reduced to MSL,meanSea,,instant,Pa,hPa,99,1005.42421875,1006.8844168244948,1006.98828125,1009.00828125,0.8763980543934698
gfs,gfs_20260707_18z_f003,2026-07-07,18,3,2026-07-07T18:00:00Z,2026-07-07T21:00:00Z,,2026-07-08T00:00:00Z,r2,2r,2 metre relative humidity,heightAboveGround,,instant,%,,99,81.4000015258789,88.71414169157394,87.0999984741211,98.8000030517578,5.434179417502298
gfs,gfs_20260707_18z_f003,2026-07-07,18,3,2026-07-07T18:00:00Z,2026-07-07T21:00:00Z,,2026-07-08T00:00:00Z,sdswrf,sdswrf,Surface downward short-wave radiation flux,surface,,avg,W m**-2,W_m_2,99,0.0,0.0,0.0,0.0,0.0
gfs,gfs_20260707_18z_f003,2026-07-07,18,3,2026-07-07T18:00:00Z,2026-07-07T21:00:00Z,,2026-07-08T00:00:00Z,t,t,Temperature,surface,,instant,K,degC,99,21.850000000000023,25.942917394156428,26.2499938964844,29.350000000000023,2.40807814520166
gfs,gfs_20260707_18z_f003,2026-07-07,18,3,2026-07-07T18:00:00Z,2026-07-07T21:00:00Z,,2026-07-08T00:00:00Z,t2m,2t,2 metre temperature,heightAboveGround,,instant,K,degC,99,22.185876464843773,26.167707100299893,26.485894775390648,28.985894775390648,2.0959008001640678
gfs,gfs_20260707_18z_f003,2026-07-07,18,3,2026-07-07T18:00:00Z,2026-07-07T21:00:00Z,,2026-07-08T00:00:00Z,tcc,tcc,Total Cloud Cover,atmosphere,,instant,%,,99,0.8999999761581421,72.19494940054537,84.4000015258789,100.0,29.82335655634895
gfs,gfs_20260707_18z_f003,2026-07-07,18,3,2026-07-07T18:00:00Z,2026-07-07T21:00:00Z,,2026-07-08T00:00:00Z,tcc,tcc,Total Cloud Cover,atmosphere,,avg,%,,99,9.100000381469728,57.90202033880985,59.09999847412109,100.0,29.43869846389616
gfs,gfs_20260707_18z_f003,2026-07-07,18,3,2026-07-07T18:00:00Z,2026-07-07T21:00:00Z,,2026-07-08T00:00:00Z,tmax,tmax,Maximum temperature,heightAboveGround,,max,K,degC,99,22.5393005371094,26.37163048946498,26.639306640625023,28.939294433593773,2.068660690268743
gfs,gfs_20260707_18z_f003,2026-07-07,18,3,2026-07-07T18:00:00Z,2026-07-07T21:00:00Z,,2026-07-08T00:00:00Z,tmin,tmin,Minimum temperature,heightAboveGround,,min,K,degC,99,22.185876464843773,25.95962684708414,26.2858825683594,28.585900878906276,1.9776312578939212
gfs,gfs_20260707_18z_f003,2026-07-07,18,3,2026-07-07T18:00:00Z,2026-07-07T21:00:00Z,,2026-07-08T00:00:00Z,tp,tp,Total Precipitation,surface,,accum,kg m**-2,kg_m_2,99,0.0,2.8737373737373737,2.9375,8.3125,1.7496387568616256
gfs,gfs_20260707_18z_f003,2026-07-07,18,3,2026-07-07T18:00:00Z,2026-07-07T21:00:00Z,,2026-07-08T00:00:00Z,u10,10u,10 metre U wind component,heightAboveGround,,instant,m s**-1,m_s_1,99,-3.359145402908325,-0.4608626760580022,-0.3291455209255218,1.590854525566101,1.2026671020969877
gfs,gfs_20260707_18z_f003,2026-07-07,18,3,2026-07-07T18:00:00Z,2026-07-07T21:00:00Z,,2026-07-08T00:00:00Z,v10,10v,10 metre V wind component,heightAboveGround,,instant,m s**-1,m_s_1,99,-0.7112402319908142,4.265224396580398,3.878759860992432,8.768759727478027,3.2192762962228167
gfs,gfs_20260707_18z_f006,2026-07-07,18,6,2026-07-07T18:00:00Z,2026-07-08T00:00:00Z,,2026-07-08T00:00:00Z,cape,cape,Convective available potential energy,surface,,instant,J kg**-1,J_kg_1,99,88.0,976.3838383838385,841.0,2020.0,598.6281742884588
gfs,gfs_20260707_18z_f006,2026-07-07,18,6,2026-07-07T18:00:00Z,2026-07-08T00:00:00Z,,2026-07-08T00:00:00Z,cin,cin,Convective inhibition,surface,,instant,J kg**-1,J_kg_1,99,-22.749267578125,-2.830075658933081,-0.749267578125,0.250732421875,4.40540707179456
gfs,gfs_20260707_18z_f006,2026-07-07,18,6,2026-07-07T18:00:00Z,2026-07-08T00:00:00Z,,2026-07-08T00:00:00Z,d2m,2d,2 metre dewpoint temperature,heightAboveGround,,instant,K,degC,99,21.918542480468773,24.458957926432312,24.418542480468773,25.818566894531276,0.939903407974554
gfs,gfs_20260707_18z_f006,2026-07-07,18,6,2026-07-07T18:00:00Z,2026-07-08T00:00:00Z,,2026-07-08T00:00:00Z,gust,gust,Wind speed (gust),surface,,instant,m s**-1,m_s_1,99,0.8999999761581421,7.259595955261076,8.0,11.5,2.7285219936242564
gfs,gfs_20260707_18z_f006,2026-07-07,18,6,2026-07-07T18:00:00Z,2026-07-08T00:00:00Z,,2026-07-08T00:00:00Z,prmsl,prmsl,Pressure reduced to MSL,meanSea,,instant,Pa,hPa,99,1006.01,1007.4301633522726,1007.51796875,1009.27796875,0.7482488346091082
gfs,gfs_20260707_18z_f006,2026-07-07,18,6,2026-07-07T18:00:00Z,2026-07-08T00:00:00Z,,2026-07-08T00:00:00Z,r2,2r,2 metre relative humidity,heightAboveGround,,instant,%,,99,78.30000305175781,84.68888901219223,84.80000305175781,97.6999969482422,3.7621690040769136
gfs,gfs_20260707_18z_f006,2026-07-07,18,6,2026-07-07T18:00:00Z,2026-07-08T00:00:00Z,,2026-07-08T00:00:00Z,sdswrf,sdswrf,Surface downward short-wave radiation flux,surface,,avg,W m**-2,W_m_2,99,7.23199987411499,48.73341407679548,54.512001037597656,70.6240005493164,17.401331736275353
gfs,gfs_20260707_18z_f006,2026-07-07,18,6,2026-07-07T18:00:00Z,2026-07-08T00:00:00Z,,2026-07-08T00:00:00Z,t,t,Temperature,surface,,instant,K,degC,99,23.299005126953148,27.48081714360403,27.799005126953148,29.399011230468773,1.240182682140523
gfs,gfs_20260707_18z_f006,2026-07-07,18,6,2026-07-07T18:00:00Z,2026-07-08T00:00:00Z,,2026-07-08T00:00:00Z,t2m,2t,2 metre temperature,heightAboveGround,,instant,K,degC,99,23.474694824218773,27.28680364435371,27.474694824218773,29.074670410156276,1.2491011097484603
gfs,gfs_20260707_18z_f006,2026-07-07,18,6,2026-07-07T18:00:00Z,2026-07-08T00:00:00Z,,2026-07-08T00:00:00Z,tcc,tcc,Total Cloud Cover,atmosphere,,instant,%,,99,5.0,57.54141402485395,63.79999923706055,100.0,34.108901526070376
gfs,gfs_20260707_18z_f006,2026-07-07,18,6,2026-07-07T18:00:00Z,2026-07-08T00:00:00Z,,2026-07-08T00:00:00Z,tcc,tcc,Total Cloud Cover,atmosphere,,avg,%,,99,6.900000095367432,69.45656561610674,72.69999694824219,100.0,22.063206414664524
gfs,gfs_20260707_18z_f006,2026-07-07,18,6,2026-07-07T18:00:00Z,2026-07-08T00:00:00Z,,2026-07-08T00:00:00Z,tmax,tmax,Maximum temperature,heightAboveGround,,max,K,degC,99,23.450006103515648,27.368182927911956,27.649987792968773,29.050012207031276,1.3006116756878487
gfs,gfs_20260707_18z_f006,2026-07-07,18,6,2026-07-07T18:00:00Z,2026-07-08T00:00:00Z,,2026-07-08T00:00:00Z,tmin,tmin,Minimum temperature,heightAboveGround,,min,K,degC,99,22.085900878906276,25.929322892006017,26.2858825683594,28.2858825683594,1.965054937664224
gfs,gfs_20260707_18z_f006,2026-07-07,18,6,2026-07-07T18:00:00Z,2026-07-08T00:00:00Z,,2026-07-08T00:00:00Z,tp,tp,Total Precipitation,surface,,accum,kg m**-2,kg_m_2,99,0.0,4.631944444444445,4.4375,13.4375,2.916529878947302
gfs,gfs_20260707_18z_f006,2026-07-07,18,6,2026-07-07T18:00:00Z,2026-07-08T00:00:00Z,,2026-07-08T00:00:00Z,u10,10u,10 metre U wind component,heightAboveGround,,instant,m s**-1,m_s_1,99,-2.9869384765625,-0.8861303932663768,-1.0069384574890137,1.323061466217041,0.8779299302871083
gfs,gfs_20260707_18z_f006,2026-07-07,18,6,2026-07-07T18:00:00Z,2026-07-08T00:00:00Z,,2026-07-08T00:00:00Z,v10,10v,10 metre V wind component,heightAboveGround,,instant,m s**-1,m_s_1,99,-0.5917627215385437,4.216924154397213,3.928237199783325,8.648237228393555,2.7582960800041247
gfs,gfs_20260707_18z_f009,2026-07-07,18,9,2026-07-07T18:00:00Z,2026-07-08T03:00:00Z,,2026-07-08T00:00:00Z,cape,cape,Convective available potential energy,surface,,instant,J kg**-1,J_kg_1,99,293.0,1188.8080808080808,999.0,2287.0,598.2985248044537
gfs,gfs_20260707_18z_f009,2026-07-07,18,9,2026-07-07T18:00:00Z,2026-07-08T03:00:00Z,,2026-07-08T00:00:00Z,cin,cin,Convective inhibition,surface,,instant,J kg**-1,J_kg_1,99,-2.9298095703125,-0.2126378531407828,0.0701904296875,0.0701904296875,0.6202053104245961
gfs,gfs_20260707_18z_f009,2026-07-07,18,9,2026-07-07T18:00:00Z,2026-07-08T03:00:00Z,,2026-07-08T00:00:00Z,d2m,2d,2 metre dewpoint temperature,heightAboveGround,,instant,K,degC,99,21.050012207031276,24.54293027935608,24.550012207031276,26.050012207031276,1.1583036044847137
gfs,gfs_20260707_18z_f009,2026-07-07,18,9,2026-07-07T18:00:00Z,2026-07-08T03:00:00Z,,2026-07-08T00:00:00Z,gust,gust,Wind speed (gust),surface,,instant,m s**-1,m_s_1,99,3.3138797283172607,7.461354484461775,7.313879489898682,11.113880157470703,1.958165722614951
gfs,gfs_20260707_18z_f009,2026-07-07,18,9,2026-07-07T18:00:00Z,2026-07-08T03:00:00Z,,2026-07-08T00:00:00Z,prmsl,prmsl,Pressure reduced to MSL,meanSea,,instant,Pa,hPa,99,1006.086015625,1007.3141619318184,1007.44203125,1008.85796875,0.6372122737614705
gfs,gfs_20260707_18z_f009,2026-07-07,18,9,2026-07-07T18:00:00Z,2026-07-08T03:00:00Z,,2026-07-08T00:00:00Z,r2,2r,2 metre relative humidity,heightAboveGround,,instant,%,,99,59.5,76.97474743621518,78.5999984741211,87.5,8.102454448219158
gfs,gfs_20260707_18z_f009,2026-07-07,18,9,2026-07-07T18:00:00Z,2026-07-08T03:00:00Z,,2026-07-08T00:00:00Z,sdswrf,sdswrf,Surface downward short-wave radiation flux,surface,,avg,W m**-2,W_m_2,99,378.33599853515625,635.9233937889638,644.656005859375,705.0079956054688,56.78455582281804
gfs,gfs_20260707_18z_f009,2026-07-07,18,9,2026-07-07T18:00:00Z,2026-07-08T03:00:00Z,,2026-07-08T00:00:00Z,t,t,Temperature,surface,,instant,K,degC,99,27.750299072265648,30.078577893189728,29.650292968750023,34.35030517578127,1.7850124956937603
gfs,gfs_20260707_18z_f009,2026-07-07,18,9,2026-07-07T18:00:00Z,2026-07-08T03:00:00Z,,2026-07-08T00:00:00Z,t2m,2t,2 metre temperature,heightAboveGround,,instant,K,degC,99,27.479211425781276,29.052936654139067,28.879205322265648,31.1791931152344,0.8590084084927844
gfs,gfs_20260707_18z_f009,2026-07-07,18,9,2026-07-07T18:00:00Z,2026-07-08T03:00:00Z,,2026-07-08T00:00:00Z,tcc,tcc,Total Cloud Cover,atmosphere,,instant,%,,99,0.699999988079071,59.27878766288661,71.0,100.0,35.66653131497383
gfs,gfs_20260707_18z_f009,2026-07-07,18,9,2026-07-07T18:00:00Z,2026-07-08T03:00:00Z,,2026-07-08T00:00:00Z,tcc,tcc,Total Cloud Cover,atmosphere,,avg,%,,99,3.700000047683716,64.50303005208873,72.19999694824219,100.0,28.694026612347702
gfs,gfs_20260707_18z_f009,2026-07-07,18,9,2026-07-07T18:00:00Z,2026-07-08T03:00:00Z,,2026-07-08T00:00:00Z,tmax,tmax,Maximum temperature,heightAboveGround,,max,K,degC,99,27.534326171875023,29.102003371113497,28.9343200683594,31.234338378906276,0.8350708674355245
gfs,gfs_20260707_18z_f009,2026-07-07,18,9,2026-07-07T18:00:00Z,2026-07-08T03:00:00Z,,2026-07-08T00:00:00Z,tmin,tmin,Minimum temperature,heightAboveGround,,min,K,degC,99,23.850000000000023,27.29949433297824,27.450006103515648,29.050012207031276,1.1182046059886772
gfs,gfs_20260707_18z_f009,2026-07-07,18,9,2026-07-07T18:00:00Z,2026-07-08T03:00:00Z,,2026-07-08T00:00:00Z,tp,tp,Total Precipitation,surface,,accum,kg m**-2,kg_m_2,99,0.0,1.4545454545454546,1.1875,4.5625,1.1789069134414925
gfs,gfs_20260707_18z_f009,2026-07-07,18,9,2026-07-07T18:00:00Z,2026-07-08T03:00:00Z,,2026-07-08T00:00:00Z,u10,10u,10 metre U wind component,heightAboveGround,,instant,m s**-1,m_s_1,99,-3.075322151184082,-0.8543121712000081,-0.7453222870826721,1.1846777200698853,0.9171756110580346
gfs,gfs_20260707_18z_f009,2026-07-07,18,9,2026-07-07T18:00:00Z,2026-07-08T03:00:00Z,,2026-07-08T00:00:00Z,v10,10v,10 metre V wind component,heightAboveGround,,instant,m s**-1,m_s_1,99,1.4244775772094729,5.120942191644148,5.24447774887085,8.314477920532227,1.6000355853942074
gfs,gfs_20260707_18z_f012,2026-07-07,18,12,2026-07-07T18:00:00Z,2026-07-08T06:00:00Z,,2026-07-08T00:00:00Z,cape,cape,Convective available potential energy,surface,,instant,J kg**-1,J_kg_1,99,186.0,1245.6161616161617,1149.0,2473.0,601.0108943208413
gfs,gfs_20260707_18z_f012,2026-07-07,18,12,2026-07-07T18:00:00Z,2026-07-08T06:00:00Z,,2026-07-08T00:00:00Z,cin,cin,Convective inhibition,surface,,instant,J kg**-1,J_kg_1,99,-4.29443359375,-0.7186760179924242,-0.29443359375,-0.29443359375,0.91110887141654
gfs,gfs_20260707_18z_f012,2026-07-07,18,12,2026-07-07T18:00:00Z,2026-07-08T06:00:00Z,,2026-07-08T00:00:00Z,d2m,2d,2 metre dewpoint temperature,heightAboveGround,,instant,K,degC,99,20.627282714843773,24.42830563940185,24.927301025390648,26.2272888183594,1.397580155360752
gfs,gfs_20260707_18z_f012,2026-07-07,18,12,2026-07-07T18:00:00Z,2026-07-08T06:00:00Z,,2026-07-08T00:00:00Z,gust,gust,Wind speed (gust),surface,,instant,m s**-1,m_s_1,99,4.014734745025635,7.861199258553861,8.014734268188477,11.014734268188477,1.7630501964110894
gfs,gfs_20260707_18z_f012,2026-07-07,18,12,2026-07-07T18:00:00Z,2026-07-08T06:00:00Z,,2026-07-08T00:00:00Z,prmsl,prmsl,Pressure reduced to MSL,meanSea,,instant,Pa,hPa,99,1004.7440625,1006.2093568497476,1006.2040625,1007.408046875,0.6215155205874231
gfs,gfs_20260707_18z_f012,2026-07-07,18,12,2026-07-07T18:00:00Z,2026-07-08T06:00:00Z,,2026-07-08T00:00:00Z,r2,2r,2 metre relative humidity,heightAboveGround,,instant,%,,99,49.79999923706055,74.00909077037464,79.69999694824219,87.5,11.29701015079699
gfs,gfs_20260707_18z_f012,2026-07-07,18,12,2026-07-07T18:00:00Z,2026-07-08T06:00:00Z,,2026-07-08T00:00:00Z,sdswrf,sdswrf,Surface downward short-wave radiation flux,surface,,avg,W m**-2,W_m_2,99,395.9360046386719,745.5191896997317,768.6400146484375,828.47998046875,84.7012018693424
gfs,gfs_20260707_18z_f012,2026-07-07,18,12,2026-07-07T18:00:00Z,2026-07-08T06:00:00Z,,2026-07-08T00:00:00Z,t,t,Temperature,surface,,instant,K,degC,99,27.850000000000023,30.86010162661776,29.950006103515648,36.2499938964844,2.4264725124493074
gfs,gfs_20260707_18z_f012,2026-07-07,18,12,2026-07-07T18:00:00Z,2026-07-08T06:00:00Z,,2026-07-08T00:00:00Z,t2m,2t,2 metre temperature,heightAboveGround,,instant,K,degC,99,27.962548828125023,29.72820527047824,29.262536621093773,32.8625427246094,1.4245429265874985
gfs,gfs_20260707_18z_f012,2026-07-07,18,12,2026-07-07T18:00:00Z,2026-07-08T06:00:00Z,,2026-07-08T00:00:00Z,tcc,tcc,Total Cloud Cover,atmosphere,,instant,%,,99,3.5999999046325684,48.186868609804094,46.09999847412109,100.0,35.528462350352115
gfs,gfs_20260707_18z_f012,2026-07-07,18,12,2026-07-07T18:00:00Z,2026-07-08T06:00:00Z,,2026-07-08T00:00:00Z,tcc,tcc,Total Cloud Cover,atmosphere,,avg,%,,99,4.300000190734863,64.5040404676187,73.9000015258789,100.0,26.829265386585224
gfs,gfs_20260707_18z_f012,2026-07-07,18,12,2026-07-07T18:00:00Z,2026-07-08T06:00:00Z,,2026-07-08T00:00:00Z,tmax,tmax,Maximum temperature,heightAboveGround,,max,K,degC,99,28.133569335937523,29.913366206005385,29.333581542968773,33.0335632324219,1.3889157393744018
gfs,gfs_20260707_18z_f012,2026-07-07,18,12,2026-07-07T18:00:00Z,2026-07-08T06:00:00Z,,2026-07-08T00:00:00Z,tmin,tmin,Minimum temperature,heightAboveGround,,min,K,degC,99,23.850000000000023,27.27727229571104,27.450006103515648,28.950006103515648,1.092012542738814
gfs,gfs_20260707_18z_f012,2026-07-07,18,12,2026-07-07T18:00:00Z,2026-07-08T06:00:00Z,,2026-07-08T00:00:00Z,tp,tp,Total Precipitation,surface,,accum,kg m**-2,kg_m_2,99,0.0625,2.936868686868687,2.375,8.25,2.080310210921908
gfs,gfs_20260707_18z_f012,2026-07-07,18,12,2026-07-07T18:00:00Z,2026-07-08T06:00:00Z,,2026-07-08T00:00:00Z,u10,10u,10 metre U wind component,heightAboveGround,,instant,m s**-1,m_s_1,99,-3.523504734039306,-0.9770399985665624,-1.123504638671875,2.4764952659606934,0.9447690294822016
gfs,gfs_20260707_18z_f012,2026-07-07,18,12,2026-07-07T18:00:00Z,2026-07-08T06:00:00Z,,2026-07-08T00:00:00Z,v10,10v,10 metre V wind component,heightAboveGround,,instant,m s**-1,m_s_1,99,1.2010009288787842,5.597970690390076,5.801001071929932,8.4010009765625,1.6254574666323087
gfs,gfs_20260707_18z_f015,2026-07-07,18,15,2026-07-07T18:00:00Z,2026-07-08T09:00:00Z,,2026-07-08T00:00:00Z,cape,cape,Convective available potential energy,surface,,instant,J kg**-1,J_kg_1,99,183.0,1205.0,1146.0,2337.0,678.9292966863264
gfs,gfs_20260707_18z_f015,2026-07-07,18,15,2026-07-07T18:00:00Z,2026-07-08T09:00:00Z,,2026-07-08T00:00:00Z,cin,cin,Convective inhibition,surface,,instant,J kg**-1,J_kg_1,99,-5.74609375,-0.4329624368686868,0.25390625,0.25390625,1.1159673490613438
gfs,gfs_20260707_18z_f015,2026-07-07,18,15,2026-07-07T18:00:00Z,2026-07-08T09:00:00Z,,2026-07-08T00:00:00Z,d2m,2d,2 metre dewpoint temperature,heightAboveGround,,instant,K,degC,99,21.230676269531276,24.44382028290721,24.530694580078148,26.230676269531276,1.391654823438977
gfs,gfs_20260707_18z_f015,2026-07-07,18,15,2026-07-07T18:00:00Z,2026-07-08T09:00:00Z,,2026-07-08T00:00:00Z,gust,gust,Wind speed (gust),surface,,instant,m s**-1,m_s_1,99,3.91414737701416,7.673743300967747,7.814147472381592,10.214147567749023,1.651991078006645
gfs,gfs_20260707_18z_f015,2026-07-07,18,15,2026-07-07T18:00:00Z,2026-07-08T09:00:00Z,,2026-07-08T00:00:00Z,prmsl,prmsl,Pressure reduced to MSL,meanSea,,instant,Pa,hPa,99,1003.323046875,1004.925040246212,1004.95109375,1006.4590625,0.722587226464405
gfs,gfs_20260707_18z_f015,2026-07-07,18,15,2026-07-07T18:00:00Z,2026-07-08T09:00:00Z,,2026-07-08T00:00:00Z,r2,2r,2 metre relative humidity,heightAboveGround,,instant,%,,99,57.0,76.05858577381481,78.69999694824219,86.9000015258789,8.960530981505023
gfs,gfs_20260707_18z_f015,2026-07-07,18,15,2026-07-07T18:00:00Z,2026-07-08T09:00:00Z,,2026-07-08T00:00:00Z,sdswrf,sdswrf,Surface downward short-wave radiation flux,surface,,avg,W m**-2,W_m_2,99,333.6000061035156,614.8472730848524,662.97998046875,687.3400268554688,88.41287282502864
gfs,gfs_20260707_18z_f015,2026-07-07,18,15,2026-07-07T18:00:00Z,2026-07-08T09:00:00Z,,2026-07-08T00:00:00Z,t,t,Temperature,surface,,instant,K,degC,99,27.687341308593773,29.530788907137804,29.387353515625023,32.98735961914065,1.2621265946596247
gfs,gfs_20260707_18z_f015,2026-07-07,18,15,2026-07-07T18:00:00Z,2026-07-08T09:00:00Z,,2026-07-08T00:00:00Z,t2m,2t,2 metre temperature,heightAboveGround,,instant,K,degC,99,27.679162597656276,29.18925220219778,29.079156494140648,31.579156494140648,0.9033597113890596
gfs,gfs_20260707_18z_f015,2026-07-07,18,15,2026-07-07T18:00:00Z,2026-07-08T09:00:00Z,,2026-07-08T00:00:00Z,tcc,tcc,Total Cloud Cover,atmosphere,,instant,%,,99,0.0,31.726262617743377,11.0,100.0,35.723810333352574
gfs,gfs_20260707_18z_f015,2026-07-07,18,15,2026-07-07T18:00:00Z,2026-07-08T09:00:00Z,,2026-07-08T00:00:00Z,tcc,tcc,Total Cloud Cover,atmosphere,,avg,%,,99,0.8999999761581421,51.64848511026363,47.09999847412109,100.0,34.627020970467946
gfs,gfs_20260707_18z_f015,2026-07-07,18,15,2026-07-07T18:00:00Z,2026-07-08T09:00:00Z,,2026-07-08T00:00:00Z,tmax,tmax,Maximum temperature,heightAboveGround,,max,K,degC,99,28.044824218750023,29.925631806344715,29.4448181152344,32.9448181152344,1.3532351957077182
gfs,gfs_20260707_18z_f015,2026-07-07,18,15,2026-07-07T18:00:00Z,2026-07-08T09:00:00Z,,2026-07-08T00:00:00Z,tmin,tmin,Minimum temperature,heightAboveGround,,min,K,degC,99,27.611352539062523,28.992160743173947,28.711358642578148,31.611352539062523,0.9718951441566174
gfs,gfs_20260707_18z_f015,2026-07-07,18,15,2026-07-07T18:00:00Z,2026-07-08T09:00:00Z,,2026-07-08T00:00:00Z,tp,tp,Total Precipitation,surface,,accum,kg m**-2,kg_m_2,99,0.0,1.457070707070707,1.1875,4.5,1.2387640998190537
gfs,gfs_20260707_18z_f015,2026-07-07,18,15,2026-07-07T18:00:00Z,2026-07-08T09:00:00Z,,2026-07-08T00:00:00Z,u10,10u,10 metre U wind component,heightAboveGround,,instant,m s**-1,m_s_1,99,-4.208071708679199,-0.9979708890872772,-0.9080718755722046,2.091928005218506,0.9164594625207976
gfs,gfs_20260707_18z_f015,2026-07-07,18,15,2026-07-07T18:00:00Z,2026-07-08T09:00:00Z,,2026-07-08T00:00:00Z,v10,10v,10 metre V wind component,heightAboveGround,,instant,m s**-1,m_s_1,99,1.099084496498108,5.364741018324187,5.699084281921387,7.399084568023682,1.5104458882853795
gfs,gfs_20260707_18z_f018,2026-07-07,18,18,2026-07-07T18:00:00Z,2026-07-08T12:00:00Z,,2026-07-08T00:00:00Z,cape,cape,Convective available potential energy,surface,,instant,J kg**-1,J_kg_1,99,78.0,1085.353535353535,868.0,2582.0,795.0354964838485
gfs,gfs_20260707_18z_f018,2026-07-07,18,18,2026-07-07T18:00:00Z,2026-07-08T12:00:00Z,,2026-07-08T00:00:00Z,cin,cin,Convective inhibition,surface,,instant,J kg**-1,J_kg_1,99,-54.1494140625,-5.866585779671717,-1.1494140625,-0.1494140625,10.587814993862075
gfs,gfs_20260707_18z_f018,2026-07-07,18,18,2026-07-07T18:00:00Z,2026-07-08T12:00:00Z,,2026-07-08T00:00:00Z,d2m,2d,2 metre dewpoint temperature,heightAboveGround,,instant,K,degC,99,21.688623046875023,24.527008426550683,24.488610839843773,26.5886169433594,1.3891161945612946
gfs,gfs_20260707_18z_f018,2026-07-07,18,18,2026-07-07T18:00:00Z,2026-07-08T12:00:00Z,,2026-07-08T00:00:00Z,gust,gust,Wind speed (gust),surface,,instant,m s**-1,m_s_1,99,1.100000023841858,6.397979826638193,7.099999904632568,10.5,2.587459275817628
gfs,gfs_20260707_18z_f018,2026-07-07,18,18,2026-07-07T18:00:00Z,2026-07-08T12:00:00Z,,2026-07-08T00:00:00Z,prmsl,prmsl,Pressure reduced to MSL,meanSea,,instant,Pa,hPa,99,1004.50796875,1005.8385834911616,1005.836015625,1007.716015625,0.7410564865182286
gfs,gfs_20260707_18z_f018,2026-07-07,18,18,2026-07-07T18:00:00Z,2026-07-08T12:00:00Z,,2026-07-08T00:00:00Z,r2,2r,2 metre relative humidity,heightAboveGround,,instant,%,,99,69.80000305175781,84.26464705033736,85.5999984741211,93.1999969482422,4.78096635256691
gfs,gfs_20260707_18z_f018,2026-07-07,18,18,2026-07-07T18:00:00Z,2026-07-08T12:00:00Z,,2026-07-08T00:00:00Z,sdswrf,sdswrf,Surface downward short-wave radiation flux,surface,,avg,W m**-2,W_m_2,99,204.656005859375,364.583595815331,388.1600036621094,407.6159973144531,48.48353729200141
gfs,gfs_20260707_18z_f018,2026-07-07,18,18,2026-07-07T18:00:00Z,2026-07-08T12:00:00Z,,2026-07-08T00:00:00Z,t,t,Temperature,surface,,instant,K,degC,99,23.650201416015648,27.07847925051296,27.850183105468773,29.350183105468773,1.7466898980448295
gfs,gfs_20260707_18z_f018,2026-07-07,18,18,2026-07-07T18:00:00Z,2026-07-08T12:00:00Z,,2026-07-08T00:00:00Z,t2m,2t,2 metre temperature,heightAboveGround,,instant,K,degC,99,24.287438964843773,27.43793193162092,27.987420654296898,29.187432861328148,1.4029822983521985
gfs,gfs_20260707_18z_f018,2026-07-07,18,18,2026-07-07T18:00:00Z,2026-07-08T12:00:00Z,,2026-07-08T00:00:00Z,tcc,tcc,Total Cloud Cover,atmosphere,,instant,%,,99,0.0,18.598989902722717,5.0,100.0,26.57894089988556
gfs,gfs_20260707_18z_f018,2026-07-07,18,18,2026-07-07T18:00:00Z,2026-07-08T12:00:00Z,,2026-07-08T00:00:00Z,tcc,tcc,Total Cloud Cover,atmosphere,,avg,%,,99,1.899999976158142,41.48989907539252,33.400001525878906,100.0,31.04020367065521
gfs,gfs_20260707_18z_f018,2026-07-07,18,18,2026-07-07T18:00:00Z,2026-07-08T12:00:00Z,,2026-07-08T00:00:00Z,tmax,tmax,Maximum temperature,heightAboveGround,,max,K,degC,99,28.071557617187523,29.930143167515013,29.471551513671898,32.9715515136719,1.3387028280341315
gfs,gfs_20260707_18z_f018,2026-07-07,18,18,2026-07-07T18:00:00Z,2026-07-08T12:00:00Z,,2026-07-08T00:00:00Z,tmin,tmin,Minimum temperature,heightAboveGround,,min,K,degC,99,24.330682373046898,27.330689462989287,27.830682373046898,29.130700683593773,1.3523644403273518
gfs,gfs_20260707_18z_f018,2026-07-07,18,18,2026-07-07T18:00:00Z,2026-07-08T12:00:00Z,,2026-07-08T00:00:00Z,tp,tp,Total Precipitation,surface,,accum,kg m**-2,kg_m_2,99,0.0,2.2809343434343434,1.5625,7.8125,2.1506982535940384
gfs,gfs_20260707_18z_f018,2026-07-07,18,18,2026-07-07T18:00:00Z,2026-07-08T12:00:00Z,,2026-07-08T00:00:00Z,u10,10u,10 metre U wind component,heightAboveGround,,instant,m s**-1,m_s_1,99,-3.420245409011841,-1.5000433495475187,-1.5202453136444092,0.479754626750946,0.7116604377687225
gfs,gfs_20260707_18z_f018,2026-07-07,18,18,2026-07-07T18:00:00Z,2026-07-08T12:00:00Z,,2026-07-08T00:00:00Z,v10,10v,10 metre V wind component,heightAboveGround,,instant,m s**-1,m_s_1,99,0.2201385498046875,3.9514516917142,3.9201385974884033,7.120138645172119,1.969855995283477
gfs,gfs_20260707_18z_f021,2026-07-07,18,21,2026-07-07T18:00:00Z,2026-07-08T15:00:00Z,,2026-07-08T00:00:00Z,cape,cape,Convective available potential energy,surface,,instant,J kg**-1,J_kg_1,99,62.0,1095.6666666666667,950.0,2386.0,765.175070744525
gfs,gfs_20260707_18z_f021,2026-07-07,18,21,2026-07-07T18:00:00Z,2026-07-08T15:00:00Z,,2026-07-08T00:00:00Z,cin,cin,Convective inhibition,surface,,instant,J kg**-1,J_kg_1,99,-121.7109375,-10.327099116161616,-1.7109375,0.2890625,22.359192207588816
gfs,gfs_20260707_18z_f021,2026-07-07,18,21,2026-07-07T18:00:00Z,2026-07-08T15:00:00Z,,2026-07-08T00:00:00Z,d2m,2d,2 metre dewpoint temperature,heightAboveGround,,instant,K,degC,99,21.855187988281276,24.674368255306995,24.755181884765648,26.355187988281276,1.3202910409671365
gfs,gfs_20260707_18z_f021,2026-07-07,18,21,2026-07-07T18:00:00Z,2026-07-08T15:00:00Z,,2026-07-08T00:00:00Z,gust,gust,Wind speed (gust),surface,,instant,m s**-1,m_s_1,99,0.7123264670372009,5.598185031100957,6.512326240539551,10.01232624053955,2.865221984473889
gfs,gfs_20260707_18z_f021,2026-07-07,18,21,2026-07-07T18:00:00Z,2026-07-08T15:00:00Z,,2026-07-08T00:00:00Z,prmsl,prmsl,Pressure reduced to MSL,meanSea,,instant,Pa,hPa,99,1005.56734375,1006.680424558081,1006.579375,1008.483359375,0.6521976445818046
gfs,gfs_20260707_18z_f021,2026-07-07,18,21,2026-07-07T18:00:00Z,2026-07-08T15:00:00Z,,2026-07-08T00:00:00Z,r2,2r,2 metre relative humidity,heightAboveGround,,instant,%,,99,76.69999694824219,87.16060630721275,87.4000015258789,95.6999969482422,3.606218595620031
gfs,gfs_20260707_18z_f021,2026-07-07,18,21,2026-07-07T18:00:00Z,2026-07-08T15:00:00Z,,2026-07-08T00:00:00Z,sdswrf,sdswrf,Surface downward short-wave radiation flux,surface,,avg,W m**-2,W_m_2,99,0.0,0.0,0.0,0.0,0.0
gfs,gfs_20260707_18z_f021,2026-07-07,18,21,2026-07-07T18:00:00Z,2026-07-08T15:00:00Z,,2026-07-08T00:00:00Z,t,t,Temperature,surface,,instant,K,degC,99,22.875054931640648,26.7235326901831,27.575036621093773,29.475061035156276,1.962649483769338
gfs,gfs_20260707_18z_f021,2026-07-07,18,21,2026-07-07T18:00:00Z,2026-07-08T15:00:00Z,,2026-07-08T00:00:00Z,t2m,2t,2 metre temperature,heightAboveGround,,instant,K,degC,99,23.461389160156276,26.99574301363244,27.661401367187523,29.261407470703148,1.6817597985789008
gfs,gfs_20260707_18z_f021,2026-07-07,18,21,2026-07-07T18:00:00Z,2026-07-08T15:00:00Z,,2026-07-08T00:00:00Z,tcc,tcc,Total Cloud Cover,atmosphere,,instant,%,,99,0.0,18.71717183939134,5.0,100.0,31.911202954265143
gfs,gfs_20260707_18z_f021,2026-07-07,18,21,2026-07-07T18:00:00Z,2026-07-08T15:00:00Z,,2026-07-08T00:00:00Z,tcc,tcc,Total Cloud Cover,atmosphere,,avg,%,,99,0.1000000014901161,19.8030303639896,11.100000381469728,99.9000015258789,24.850183278429554
gfs,gfs_20260707_18z_f021,2026-07-07,18,21,2026-07-07T18:00:00Z,2026-07-08T15:00:00Z,,2026-07-08T00:00:00Z,tmax,tmax,Maximum temperature,heightAboveGround,,max,K,degC,99,24.298425292968773,27.482276130445094,28.098443603515648,29.298425292968773,1.4424101194434558
gfs,gfs_20260707_18z_f021,2026-07-07,18,21,2026-07-07T18:00:00Z,2026-07-08T15:00:00Z,,2026-07-08T00:00:00Z,tmin,tmin,Minimum temperature,heightAboveGround,,min,K,degC,99,23.397180175781276,26.91537481751107,27.497186279296898,29.197198486328148,1.6270050488450296
gfs,gfs_20260707_18z_f021,2026-07-07,18,21,2026-07-07T18:00:00Z,2026-07-08T15:00:00Z,,2026-07-08T00:00:00Z,tp,tp,Total Precipitation,surface,,accum,kg m**-2,kg_m_2,99,0.0,0.7676767676767676,0.125,3.625,1.0831526803060585
gfs,gfs_20260707_18z_f021,2026-07-07,18,21,2026-07-07T18:00:00Z,2026-07-08T15:00:00Z,,2026-07-08T00:00:00Z,u10,10u,10 metre U wind component,heightAboveGround,,instant,m s**-1,m_s_1,99,-2.775494337081909,-1.3775145824659951,-1.2754943370819092,0.024505615234375,0.6422781018288907
gfs,gfs_20260707_18z_f021,2026-07-07,18,21,2026-07-07T18:00:00Z,2026-07-08T15:00:00Z,,2026-07-08T00:00:00Z,v10,10v,10 metre V wind component,heightAboveGround,,instant,m s**-1,m_s_1,99,-0.1139099150896072,3.440635540870705,2.9860901832580566,7.686089992523193,2.3166622011960665
gfs,gfs_20260707_18z_f024,2026-07-07,18,24,2026-07-07T18:00:00Z,2026-07-08T18:00:00Z,,2026-07-08T00:00:00Z,cape,cape,Convective available potential energy,surface,,instant,J kg**-1,J_kg_1,99,8.0,950.6767676767676,920.0,2142.0,632.3183386392103
gfs,gfs_20260707_18z_f024,2026-07-07,18,24,2026-07-07T18:00:00Z,2026-07-08T18:00:00Z,,2026-07-08T00:00:00Z,cin,cin,Convective inhibition,surface,,instant,J kg**-1,J_kg_1,99,-131.6370849609375,-10.59668092053346,-1.6370849609375,0.3629150390625,21.91577965340383
gfs,gfs_20260707_18z_f024,2026-07-07,18,24,2026-07-07T18:00:00Z,2026-07-08T18:00:00Z,,2026-07-08T00:00:00Z,d2m,2d,2 metre dewpoint temperature,heightAboveGround,,instant,K,degC,99,21.955926513671898,24.4781423857718,24.655908203125023,26.155908203125023,1.1506305029580253
gfs,gfs_20260707_18z_f024,2026-07-07,18,24,2026-07-07T18:00:00Z,2026-07-08T18:00:00Z,,2026-07-08T00:00:00Z,gust,gust,Wind speed (gust),surface,,instant,m s**-1,m_s_1,99,0.4125774502754211,4.808537035879462,5.512577533721924,8.712577819824219,2.7201425611961283
gfs,gfs_20260707_18z_f024,2026-07-07,18,24,2026-07-07T18:00:00Z,2026-07-08T18:00:00Z,,2026-07-08T00:00:00Z,prmsl,prmsl,Pressure reduced to MSL,meanSea,,instant,Pa,hPa,99,1004.20171875,1005.1870438762626,1005.12578125,1006.74578125,0.5775494058797345
gfs,gfs_20260707_18z_f024,2026-07-07,18,24,2026-07-07T18:00:00Z,2026-07-08T18:00:00Z,,2026-07-08T00:00:00Z,r2,2r,2 metre relative humidity,heightAboveGround,,instant,%,,99,79.30000305175781,88.3656568430891,87.5,97.5,4.026632669226043
gfs,gfs_20260707_18z_f024,2026-07-07,18,24,2026-07-07T18:00:00Z,2026-07-08T18:00:00Z,,2026-07-08T00:00:00Z,sdswrf,sdswrf,Surface downward short-wave radiation flux,surface,,avg,W m**-2,W_m_2,99,0.0,0.0,0.0,0.0,0.0
gfs,gfs_20260707_18z_f024,2026-07-07,18,24,2026-07-07T18:00:00Z,2026-07-08T18:00:00Z,,2026-07-08T00:00:00Z,t,t,Temperature,surface,,instant,K,degC,99,22.450006103515648,26.382322739109867,26.850000000000023,29.350000000000023,2.134460362995098
gfs,gfs_20260707_18z_f024,2026-07-07,18,24,2026-07-07T18:00:00Z,2026-07-08T18:00:00Z,,2026-07-08T00:00:00Z,t2m,2t,2 metre temperature,heightAboveGround,,instant,K,degC,99,22.7724548339844,26.57953071979563,27.072473144531276,29.172448730468773,1.8090276914292591
gfs,gfs_20260707_18z_f024,2026-07-07,18,24,2026-07-07T18:00:00Z,2026-07-08T18:00:00Z,,2026-07-08T00:00:00Z,tcc,tcc,Total Cloud Cover,atmosphere,,instant,%,,99,0.2000000029802322,37.39494946884989,24.5,100.0,34.24449038512751
gfs,gfs_20260707_18z_f024,2026-07-07,18,24,2026-07-07T18:00:00Z,2026-07-08T18:00:00Z,,2026-07-08T00:00:00Z,tcc,tcc,Total Cloud Cover,atmosphere,,avg,%,,99,1.7999999523162842,21.54242429468367,12.0,90.3000030517578,23.68791655330018
gfs,gfs_20260707_18z_f024,2026-07-07,18,24,2026-07-07T18:00:00Z,2026-07-08T18:00:00Z,,2026-07-08T00:00:00Z,tmax,tmax,Maximum temperature,heightAboveGround,,max,K,degC,99,24.298425292968773,27.486316472833828,28.098443603515648,29.298425292968773,1.4452479797805542
gfs,gfs_20260707_18z_f024,2026-07-07,18,24,2026-07-07T18:00:00Z,2026-07-08T18:00:00Z,,2026-07-08T00:00:00Z,tmin,tmin,Minimum temperature,heightAboveGround,,min,K,degC,99,22.797204589843773,26.49315179381709,26.997186279296898,29.097192382812523,1.7498576384709397
gfs,gfs_20260707_18z_f024,2026-07-07,18,24,2026-07-07T18:00:00Z,2026-07-08T18:00:00Z,,2026-07-08T00:00:00Z,tp,tp,Total Precipitation,surface,,accum,kg m**-2,kg_m_2,99,0.0,2.115530303030303,1.0625,9.625,2.392815352720105
gfs,gfs_20260707_18z_f024,2026-07-07,18,24,2026-07-07T18:00:00Z,2026-07-08T18:00:00Z,,2026-07-08T00:00:00Z,u10,10u,10 metre U wind component,heightAboveGround,,instant,m s**-1,m_s_1,99,-2.696356296539306,-0.5448410465697184,-0.6963561773300171,1.203643798828125,0.9104736971194614
gfs,gfs_20260707_18z_f024,2026-07-07,18,24,2026-07-07T18:00:00Z,2026-07-08T18:00:00Z,,2026-07-08T00:00:00Z,v10,10v,10 metre V wind component,heightAboveGround,,instant,m s**-1,m_s_1,99,-0.5057312250137329,3.1144708183669305,2.594268798828125,7.194268703460693,2.2766704292605984
gfs,gfs_20260707_18z_f027,2026-07-07,18,27,2026-07-07T18:00:00Z,2026-07-08T21:00:00Z,,2026-07-08T00:00:00Z,cape,cape,Convective available potential energy,surface,,instant,J kg**-1,J_kg_1,99,7.0,737.1313131313132,726.0,1490.0,448.1301589075634
gfs,gfs_20260707_18z_f027,2026-07-07,18,27,2026-07-07T18:00:00Z,2026-07-08T21:00:00Z,,2026-07-08T00:00:00Z,cin,cin,Convective inhibition,surface,,instant,J kg**-1,J_kg_1,99,-144.7838134765625,-11.349470042219066,-2.7838134765625,0.2161865234375,24.097093842196585
gfs,gfs_20260707_18z_f027,2026-07-07,18,27,2026-07-07T18:00:00Z,2026-07-08T21:00:00Z,,2026-07-08T00:00:00Z,d2m,2d,2 metre dewpoint temperature,heightAboveGround,,instant,K,degC,99,22.042504882812523,24.158677288016907,24.3425231933594,25.242517089843773,0.9081786459788554
gfs,gfs_20260707_18z_f027,2026-07-07,18,27,2026-07-07T18:00:00Z,2026-07-08T21:00:00Z,,2026-07-08T00:00:00Z,gust,gust,Wind speed (gust),surface,,instant,m s**-1,m_s_1,99,0.4072939753532409,3.676990956369072,3.3072938919067383,8.307293891906738,2.406449852548341
gfs,gfs_20260707_18z_f027,2026-07-07,18,27,2026-07-07T18:00:00Z,2026-07-08T21:00:00Z,,2026-07-08T00:00:00Z,prmsl,prmsl,Pressure reduced to MSL,meanSea,,instant,Pa,hPa,99,1003.67453125,1004.842160669192,1004.83453125,1006.41859375,0.6113381327098237
gfs,gfs_20260707_18z_f027,2026-07-07,18,27,2026-07-07T18:00:00Z,2026-07-08T21:00:00Z,,2026-07-08T00:00:00Z,r2,2r,2 metre relative humidity,heightAboveGround,,instant,%,,99,78.0999984741211,88.03838379214508,87.30000305175781,98.5999984741211,4.981089717223998
gfs,gfs_20260707_18z_f027,2026-07-07,18,27,2026-07-07T18:00:00Z,2026-07-08T21:00:00Z,,2026-07-08T00:00:00Z,sdswrf,sdswrf,Surface downward short-wave radiation flux,surface,,avg,W m**-2,W_m_2,99,0.0,0.0,0.0,0.0,0.0
gfs,gfs_20260707_18z_f027,2026-07-07,18,27,2026-07-07T18:00:00Z,2026-07-08T21:00:00Z,,2026-07-08T00:00:00Z,t,t,Temperature,surface,,instant,K,degC,99,22.121179199218773,26.21917145083651,26.421197509765648,29.321191406250023,2.180675315430562
gfs,gfs_20260707_18z_f027,2026-07-07,18,27,2026-07-07T18:00:00Z,2026-07-08T21:00:00Z,,2026-07-08T00:00:00Z,t2m,2t,2 metre temperature,heightAboveGround,,instant,K,degC,99,22.420129394531276,26.339308058613497,26.6201110839844,29.1201110839844,1.7814233030502782
gfs,gfs_20260707_18z_f027,2026-07-07,18,27,2026-07-07T18:00:00Z,2026-07-08T21:00:00Z,,2026-07-08T00:00:00Z,tcc,tcc,Total Cloud Cover,atmosphere,,instant,%,,99,5.0,83.52828283984252,99.0,100.0,27.380617041397496
gfs,gfs_20260707_18z_f027,2026-07-07,18,27,2026-07-07T18:00:00Z,2026-07-08T21:00:00Z,,2026-07-08T00:00:00Z,tcc,tcc,Total Cloud Cover,atmosphere,,avg,%,,99,5.400000095367432,63.96565651171135,69.19999694824219,100.0,28.423095397042967
gfs,gfs_20260707_18z_f027,2026-07-07,18,27,2026-07-07T18:00:00Z,2026-07-08T21:00:00Z,,2026-07-08T00:00:00Z,tmax,tmax,Maximum temperature,heightAboveGround,,max,K,degC,99,22.772424316406276,26.66332243331757,27.072412109375023,29.172418212890648,1.7990499274239211
gfs,gfs_20260707_18z_f027,2026-07-07,18,27,2026-07-07T18:00:00Z,2026-07-08T21:00:00Z,,2026-07-08T00:00:00Z,tmin,tmin,Minimum temperature,heightAboveGround,,min,K,degC,99,22.448999023437523,26.210615123402007,26.549005126953148,29.049005126953148,1.7398309712078308
gfs,gfs_20260707_18z_f027,2026-07-07,18,27,2026-07-07T18:00:00Z,2026-07-08T21:00:00Z,,2026-07-08T00:00:00Z,tp,tp,Total Precipitation,surface,,accum,kg m**-2,kg_m_2,99,0.0,1.428661616161616,0.6875,5.4375,1.5474658052198311
gfs,gfs_20260707_18z_f027,2026-07-07,18,27,2026-07-07T18:00:00Z,2026-07-08T21:00:00Z,,2026-07-08T00:00:00Z,u10,10u,10 metre U wind component,heightAboveGround,,instant,m s**-1,m_s_1,99,-2.3877806663513184,-0.5130332844952742,-0.487780749797821,0.912219226360321,0.7851324763364664
gfs,gfs_20260707_18z_f027,2026-07-07,18,27,2026-07-07T18:00:00Z,2026-07-08T21:00:00Z,,2026-07-08T00:00:00Z,v10,10v,10 metre V wind component,heightAboveGround,,instant,m s**-1,m_s_1,99,-0.637615978717804,2.509858771970477,1.662384033203125,6.962384223937988,2.33853718757895
gfs,gfs_20260707_18z_f030,2026-07-07,18,30,2026-07-07T18:00:00Z,2026-07-09T00:00:00Z,,2026-07-08T00:00:00Z,cape,cape,Convective available potential energy,surface,,instant,J kg**-1,J_kg_1,99,263.0,783.1414141414141,662.0,1675.0,348.75298804269374
gfs,gfs_20260707_18z_f030,2026-07-07,18,30,2026-07-07T18:00:00Z,2026-07-09T00:00:00Z,,2026-07-08T00:00:00Z,cin,cin,Convective inhibition,surface,,instant,J kg**-1,J_kg_1,99,-9.543701171875,-1.2810749092487377,-0.543701171875,0.456298828125,1.9414971760378128
gfs,gfs_20260707_18z_f030,2026-07-07,18,30,2026-07-07T18:00:00Z,2026-07-09T00:00:00Z,,2026-07-08T00:00:00Z,d2m,2d,2 metre dewpoint temperature,heightAboveGround,,instant,K,degC,99,22.350030517578148,24.220730929904533,24.150018310546898,25.350030517578148,0.6434199962915103
gfs,gfs_20260707_18z_f030,2026-07-07,18,30,2026-07-07T18:00:00Z,2026-07-09T00:00:00Z,,2026-07-08T00:00:00Z,gust,gust,Wind speed (gust),surface,,instant,m s**-1,m_s_1,99,1.1125774383544922,4.141870361385924,3.712577342987061,8.112577438354492,1.787795464360202
gfs,gfs_20260707_18z_f030,2026-07-07,18,30,2026-07-07T18:00:00Z,2026-07-09T00:00:00Z,,2026-07-08T00:00:00Z,prmsl,prmsl,Pressure reduced to MSL,meanSea,,instant,Pa,hPa,99,1005.147890625,1006.135068655303,1006.06390625,1007.56390625,0.5576452991206501
gfs,gfs_20260707_18z_f030,2026-07-07,18,30,2026-07-07T18:00:00Z,2026-07-09T00:00:00Z,,2026-07-08T00:00:00Z,r2,2r,2 metre relative humidity,heightAboveGround,,instant,%,,99,74.5,81.71919204249527,81.69999694824219,89.30000305175781,2.8119037377780827
gfs,gfs_20260707_18z_f030,2026-07-07,18,30,2026-07-07T18:00:00Z,2026-07-09T00:00:00Z,,2026-07-08T00:00:00Z,sdswrf,sdswrf,Surface downward short-wave radiation flux,surface,,avg,W m**-2,W_m_2,99,40.6879997253418,57.59983833390053,55.68000030517578,73.552001953125,8.359852781294883
gfs,gfs_20260707_18z_f030,2026-07-07,18,30,2026-07-07T18:00:00Z,2026-07-09T00:00:00Z,,2026-07-08T00:00:00Z,t,t,Temperature,surface,,instant,K,degC,99,26.516870117187523,28.3259734182647,28.216882324218773,30.516870117187523,0.6850628575900334
gfs,gfs_20260707_18z_f030,2026-07-07,18,30,2026-07-07T18:00:00Z,2026-07-09T00:00:00Z,,2026-07-08T00:00:00Z,t2m,2t,2 metre temperature,heightAboveGround,,instant,K,degC,99,25.663293457031276,27.63196916676533,27.663293457031276,29.163293457031276,0.7385012374121928
gfs,gfs_20260707_18z_f030,2026-07-07,18,30,2026-07-07T18:00:00Z,2026-07-09T00:00:00Z,,2026-07-08T00:00:00Z,tcc,tcc,Total Cloud Cover,atmosphere,,instant,%,,99,5.0,72.2636364734534,92.8000030517578,100.0,33.8917721028322
gfs,gfs_20260707_18z_f030,2026-07-07,18,30,2026-07-07T18:00:00Z,2026-07-09T00:00:00Z,,2026-07-08T00:00:00Z,tcc,tcc,Total Cloud Cover,atmosphere,,avg,%,,99,11.399999618530272,73.28484852145417,81.19999694824219,100.0,21.96378276274184
gfs,gfs_20260707_18z_f030,2026-07-07,18,30,2026-07-07T18:00:00Z,2026-07-09T00:00:00Z,,2026-07-08T00:00:00Z,tmax,tmax,Maximum temperature,heightAboveGround,,max,K,degC,99,25.695214843750023,27.73258808791037,27.895227050781276,29.195214843750023,0.7771469806625658
gfs,gfs_20260707_18z_f030,2026-07-07,18,30,2026-07-07T18:00:00Z,2026-07-09T00:00:00Z,,2026-07-08T00:00:00Z,tmin,tmin,Minimum temperature,heightAboveGround,,min,K,degC,99,22.3632751464844,26.13095807932846,26.463281250000023,28.8632751464844,1.7328565067608228
gfs,gfs_20260707_18z_f030,2026-07-07,18,30,2026-07-07T18:00:00Z,2026-07-09T00:00:00Z,,2026-07-08T00:00:00Z,tp,tp,Total Precipitation,surface,,accum,kg m**-2,kg_m_2,99,0.0,2.808712121212121,1.5625,9.75,2.833901711342517
gfs,gfs_20260707_18z_f030,2026-07-07,18,30,2026-07-07T18:00:00Z,2026-07-09T00:00:00Z,,2026-07-08T00:00:00Z,u10,10u,10 metre U wind component,heightAboveGround,,instant,m s**-1,m_s_1,99,-3.518878221511841,-1.166352923620831,-1.1188781261444092,0.681121826171875,0.9371505777565068
gfs,gfs_20260707_18z_f030,2026-07-07,18,30,2026-07-07T18:00:00Z,2026-07-09T00:00:00Z,,2026-07-08T00:00:00Z,v10,10v,10 metre V wind component,heightAboveGround,,instant,m s**-1,m_s_1,99,-0.2516632080078125,2.501872142946178,1.7483367919921875,7.148336887359619,2.009739576594207
gfs,gfs_20260707_18z_f033,2026-07-07,18,33,2026-07-07T18:00:00Z,2026-07-09T03:00:00Z,,2026-07-08T00:00:00Z,cape,cape,Convective available potential energy,surface,,instant,J kg**-1,J_kg_1,99,196.0,844.7777777777778,853.0,1596.0,341.40803383455835
gfs,gfs_20260707_18z_f033,2026-07-07,18,33,2026-07-07T18:00:00Z,2026-07-09T03:00:00Z,,2026-07-08T00:00:00Z,cin,cin,Convective inhibition,surface,,instant,J kg**-1,J_kg_1,99,-29.5155029296875,-1.4043918185763888,0.4844970703125,0.4844970703125,4.424196300668206
gfs,gfs_20260707_18z_f033,2026-07-07,18,33,2026-07-07T18:00:00Z,2026-07-09T03:00:00Z,,2026-07-08T00:00:00Z,d2m,2d,2 metre dewpoint temperature,heightAboveGround,,instant,K,degC,99,21.570855712890648,23.991063959911635,23.970849609375023,25.270867919921898,0.7978482109579804
gfs,gfs_20260707_18z_f033,2026-07-07,18,33,2026-07-07T18:00:00Z,2026-07-09T03:00:00Z,,2026-07-08T00:00:00Z,gust,gust,Wind speed (gust),surface,,instant,m s**-1,m_s_1,99,2.10321044921875,4.099170029765427,4.003210544586182,6.903210639953613,1.1379512968776728
gfs,gfs_20260707_18z_f033,2026-07-07,18,33,2026-07-07T18:00:00Z,2026-07-09T03:00:00Z,,2026-07-08T00:00:00Z,prmsl,prmsl,Pressure reduced to MSL,meanSea,,instant,Pa,hPa,99,1005.373671875,1006.3207149621212,1006.31765625,1007.46171875,0.479539432465731
gfs,gfs_20260707_18z_f033,2026-07-07,18,33,2026-07-07T18:00:00Z,2026-07-09T03:00:00Z,,2026-07-08T00:00:00Z,r2,2r,2 metre relative humidity,heightAboveGround,,instant,%,,99,54.0,72.52929271351208,73.4000015258789,83.0999984741211,7.597277948725551
gfs,gfs_20260707_18z_f033,2026-07-07,18,33,2026-07-07T18:00:00Z,2026-07-09T03:00:00Z,,2026-07-08T00:00:00Z,sdswrf,sdswrf,Surface downward short-wave radiation flux,surface,,avg,W m**-2,W_m_2,99,523.1840209960938,647.7674357096354,654.9119873046875,706.2080078125,39.24564747217149
gfs,gfs_20260707_18z_f033,2026-07-07,18,33,2026-07-07T18:00:00Z,2026-07-09T03:00:00Z,,2026-07-08T00:00:00Z,t,t,Temperature,surface,,instant,K,degC,99,27.988092041015648,31.319411214192726,31.088098144531276,36.98809204101565,2.6189151612321404
gfs,gfs_20260707_18z_f033,2026-07-07,18,33,2026-07-07T18:00:00Z,2026-07-09T03:00:00Z,,2026-07-08T00:00:00Z,t2m,2t,2 metre temperature,heightAboveGround,,instant,K,degC,99,27.822320556640648,29.516254216974453,29.222314453125023,32.32232055664065,1.1614868453731508
gfs,gfs_20260707_18z_f033,2026-07-07,18,33,2026-07-07T18:00:00Z,2026-07-09T03:00:00Z,,2026-07-08T00:00:00Z,tcc,tcc,Total Cloud Cover,atmosphere,,instant,%,,99,1.399999976158142,51.78080805744788,49.900001525878906,100.0,32.06452982892284
gfs,gfs_20260707_18z_f033,2026-07-07,18,33,2026-07-07T18:00:00Z,2026-07-09T03:00:00Z,,2026-07-08T00:00:00Z,tcc,tcc,Total Cloud Cover,atmosphere,,avg,%,,99,10.399999618530272,68.264646742079,70.9000015258789,100.0,27.17018314135625
gfs,gfs_20260707_18z_f033,2026-07-07,18,33,2026-07-07T18:00:00Z,2026-07-09T03:00:00Z,,2026-07-08T00:00:00Z,tmax,tmax,Maximum temperature,heightAboveGround,,max,K,degC,99,27.850000000000023,29.546970005228083,29.2499938964844,32.35000000000002,1.153692675481841
gfs,gfs_20260707_18z_f033,2026-07-07,18,33,2026-07-07T18:00:00Z,2026-07-09T03:00:00Z,,2026-07-08T00:00:00Z,tmin,tmin,Minimum temperature,heightAboveGround,,min,K,degC,99,25.791711425781276,27.610891692806995,27.591699218750023,29.191705322265648,0.6408120900384408
gfs,gfs_20260707_18z_f033,2026-07-07,18,33,2026-07-07T18:00:00Z,2026-07-09T03:00:00Z,,2026-07-08T00:00:00Z,tp,tp,Total Precipitation,surface,,accum,kg m**-2,kg_m_2,99,0.0,0.7929292929292929,0.5,2.875,0.8014569309527664
gfs,gfs_20260707_18z_f033,2026-07-07,18,33,2026-07-07T18:00:00Z,2026-07-09T03:00:00Z,,2026-07-08T00:00:00Z,u10,10u,10 metre U wind component,heightAboveGround,,instant,m s**-1,m_s_1,99,-3.794775485992432,-0.8988157982486441,-1.1947753429412842,2.2052245140075684,1.458857950791793
gfs,gfs_20260707_18z_f033,2026-07-07,18,33,2026-07-07T18:00:00Z,2026-07-09T03:00:00Z,,2026-07-08T00:00:00Z,v10,10v,10 metre V wind component,heightAboveGround,,instant,m s**-1,m_s_1,99,1.1380188465118408,2.8440794089827874,2.438018798828125,5.538018703460693,1.144845120453574
gfs,gfs_20260707_18z_f036,2026-07-07,18,36,2026-07-07T18:00:00Z,2026-07-09T06:00:00Z,,2026-07-08T00:00:00Z,cape,cape,Convective available potential energy,surface,,instant,J kg**-1,J_kg_1,99,153.0,846.6262626262626,856.0,1578.0,373.408395751013
gfs,gfs_20260707_18z_f036,2026-07-07,18,36,2026-07-07T18:00:00Z,2026-07-09T06:00:00Z,,2026-07-08T00:00:00Z,cin,cin,Convective inhibition,surface,,instant,J kg**-1,J_kg_1,99,-95.0211181640625,-8.223138366082702,-0.0211181640625,-0.0211181640625,18.219747194677968
gfs,gfs_20260707_18z_f036,2026-07-07,18,36,2026-07-07T18:00:00Z,2026-07-09T06:00:00Z,,2026-07-08T00:00:00Z,d2m,2d,2 metre dewpoint temperature,heightAboveGround,,instant,K,degC,99,20.649987792968773,23.692424180772587,23.7499938964844,25.2499938964844,0.9811444522134408
gfs,gfs_20260707_18z_f036,2026-07-07,18,36,2026-07-07T18:00:00Z,2026-07-09T06:00:00Z,,2026-07-08T00:00:00Z,gust,gust,Wind speed (gust),surface,,instant,m s**-1,m_s_1,99,2.9096620082855225,4.261177209892658,4.309661865234375,6.409662246704102,0.6915600279189233
gfs,gfs_20260707_18z_f036,2026-07-07,18,36,2026-07-07T18:00:00Z,2026-07-09T06:00:00Z,,2026-07-08T00:00:00Z,prmsl,prmsl,Pressure reduced to MSL,meanSea,,instant,Pa,hPa,99,1002.89609375,1004.1126491477272,1004.09609375,1005.032109375,0.5296870214042433
gfs,gfs_20260707_18z_f036,2026-07-07,18,36,2026-07-07T18:00:00Z,2026-07-09T06:00:00Z,,2026-07-08T00:00:00Z,r2,2r,2 metre relative humidity,heightAboveGround,,instant,%,,99,44.70000076293945,67.83434391985035,68.9000015258789,83.30000305175781,9.82968292895275
gfs,gfs_20260707_18z_f036,2026-07-07,18,36,2026-07-07T18:00:00Z,2026-07-09T06:00:00Z,,2026-07-08T00:00:00Z,sdswrf,sdswrf,Surface downward short-wave radiation flux,surface,,avg,W m**-2,W_m_2,99,580.416015625,766.1094169231376,779.9520263671875,833.2319946289062,56.56391241076126
gfs,gfs_20260707_18z_f036,2026-07-07,18,36,2026-07-07T18:00:00Z,2026-07-09T06:00:00Z,,2026-07-08T00:00:00Z,t,t,Temperature,surface,,instant,K,degC,99,28.254296875000023,32.11794618548771,31.954309082031276,38.0543151855469,2.7766881750134726
gfs,gfs_20260707_18z_f036,2026-07-07,18,36,2026-07-07T18:00:00Z,2026-07-09T06:00:00Z,,2026-07-08T00:00:00Z,t2m,2t,2 metre temperature,heightAboveGround,,instant,K,degC,99,28.050012207031276,30.44697222468831,29.950006103515648,34.2499938964844,1.7576072324060137
gfs,gfs_20260707_18z_f036,2026-07-07,18,36,2026-07-07T18:00:00Z,2026-07-09T06:00:00Z,,2026-07-08T00:00:00Z,tcc,tcc,Total Cloud Cover,atmosphere,,instant,%,,99,0.0,31.880808029888254,12.100000381469728,100.0,35.46943953199987
gfs,gfs_20260707_18z_f036,2026-07-07,18,36,2026-07-07T18:00:00Z,2026-07-09T06:00:00Z,,2026-07-08T00:00:00Z,tcc,tcc,Total Cloud Cover,atmosphere,,avg,%,,99,6.300000190734863,60.51616163446446,61.400001525878906,100.0,26.040666331847724
gfs,gfs_20260707_18z_f036,2026-07-07,18,36,2026-07-07T18:00:00Z,2026-07-09T06:00:00Z,,2026-07-08T00:00:00Z,tmax,tmax,Maximum temperature,heightAboveGround,,max,K,degC,99,28.173638916015648,30.560501006155324,30.173638916015648,34.27364501953127,1.7616942991581623
gfs,gfs_20260707_18z_f036,2026-07-07,18,36,2026-07-07T18:00:00Z,2026-07-09T06:00:00Z,,2026-07-08T00:00:00Z,tmin,tmin,Minimum temperature,heightAboveGround,,min,K,degC,99,25.729119873046898,27.570539439808257,27.629113769531276,28.829125976562523,0.5933991651192434
gfs,gfs_20260707_18z_f036,2026-07-07,18,36,2026-07-07T18:00:00Z,2026-07-09T06:00:00Z,,2026-07-08T00:00:00Z,tp,tp,Total Precipitation,surface,,accum,kg m**-2,kg_m_2,99,0.0,0.9981060606060606,0.875,4.3125,0.9647534679402108
gfs,gfs_20260707_18z_f036,2026-07-07,18,36,2026-07-07T18:00:00Z,2026-07-09T06:00:00Z,,2026-07-08T00:00:00Z,u10,10u,10 metre U wind component,heightAboveGround,,instant,m s**-1,m_s_1,99,-3.925958156585693,-0.9390895639104072,-0.9259582757949828,1.774041771888733,1.2879900911970823
gfs,gfs_20260707_18z_f036,2026-07-07,18,36,2026-07-07T18:00:00Z,2026-07-09T06:00:00Z,,2026-07-08T00:00:00Z,v10,10v,10 metre V wind component,heightAboveGround,,instant,m s**-1,m_s_1,99,1.28314208984375,3.360919864490779,3.3831419944763184,5.983141899108887,0.782711611457266
gfs,gfs_20260707_18z_f039,2026-07-07,18,39,2026-07-07T18:00:00Z,2026-07-09T09:00:00Z,,2026-07-08T00:00:00Z,cape,cape,Convective available potential energy,surface,,instant,J kg**-1,J_kg_1,99,151.0,848.2222222222222,825.0,2064.0,398.3095987744581
gfs,gfs_20260707_18z_f039,2026-07-07,18,39,2026-07-07T18:00:00Z,2026-07-09T09:00:00Z,,2026-07-08T00:00:00Z,cin,cin,Convective inhibition,surface,,instant,J kg**-1,J_kg_1,99,-55.1051025390625,-7.04449647845644,-3.1051025390625,-0.1051025390625,11.100840064505975
gfs,gfs_20260707_18z_f039,2026-07-07,18,39,2026-07-07T18:00:00Z,2026-07-09T09:00:00Z,,2026-07-08T00:00:00Z,d2m,2d,2 metre dewpoint temperature,heightAboveGround,,instant,K,degC,99,21.550012207031276,23.93787860292379,24.149987792968773,26.050012207031276,0.8873148034033638
gfs,gfs_20260707_18z_f039,2026-07-07,18,39,2026-07-07T18:00:00Z,2026-07-09T09:00:00Z,,2026-07-08T00:00:00Z,gust,gust,Wind speed (gust),surface,,instant,m s**-1,m_s_1,99,2.8039140701293945,4.548358601753158,4.403913974761963,6.903913974761963,0.8007852260318368
gfs,gfs_20260707_18z_f039,2026-07-07,18,39,2026-07-07T18:00:00Z,2026-07-09T09:00:00Z,,2026-07-08T00:00:00Z,prmsl,prmsl,Pressure reduced to MSL,meanSea,,instant,Pa,hPa,99,1001.568125,1002.8029940025252,1002.89609375,1003.848125,0.4299904233566567
gfs,gfs_20260707_18z_f039,2026-07-07,18,39,2026-07-07T18:00:00Z,2026-07-09T09:00:00Z,,2026-07-08T00:00:00Z,r2,2r,2 metre relative humidity,heightAboveGround,,instant,%,,99,52.0,71.08585881705235,73.5999984741211,84.0,7.091936196559528
gfs,gfs_20260707_18z_f039,2026-07-07,18,39,2026-07-07T18:00:00Z,2026-07-09T09:00:00Z,,2026-07-08T00:00:00Z,sdswrf,sdswrf,Surface downward short-wave radiation flux,surface,,avg,W m**-2,W_m_2,99,183.0399932861328,624.2733346958353,669.8400268554688,694.0999755859375,111.06080582066367
gfs,gfs_20260707_18z_f039,2026-07-07,18,39,2026-07-07T18:00:00Z,2026-07-09T09:00:00Z,,2026-07-08T00:00:00Z,t,t,Temperature,surface,,instant,K,degC,99,27.442529296875023,30.33646838255605,29.942529296875023,34.8425231933594,1.4289791878213651
gfs,gfs_20260707_18z_f039,2026-07-07,18,39,2026-07-07T18:00:00Z,2026-07-09T09:00:00Z,,2026-07-08T00:00:00Z,t2m,2t,2 metre temperature,heightAboveGround,,instant,K,degC,99,28.3708435058594,29.79408563170772,29.170861816406276,33.17086181640627,1.0749524247994238
gfs,gfs_20260707_18z_f039,2026-07-07,18,39,2026-07-07T18:00:00Z,2026-07-09T09:00:00Z,,2026-07-08T00:00:00Z,tcc,tcc,Total Cloud Cover,atmosphere,,instant,%,,99,0.0,17.310101017957987,5.699999809265137,100.0,25.719518762861277
gfs,gfs_20260707_18z_f039,2026-07-07,18,39,2026-07-07T18:00:00Z,2026-07-09T09:00:00Z,,2026-07-08T00:00:00Z,tcc,tcc,Total Cloud Cover,atmosphere,,avg,%,,99,0.0,33.540403951072335,20.100000381469727,100.0,32.36574097522816
gfs,gfs_20260707_18z_f039,2026-07-07,18,39,2026-07-07T18:00:00Z,2026-07-09T09:00:00Z,,2026-07-08T00:00:00Z,tmax,tmax,Maximum temperature,heightAboveGround,,max,K,degC,99,28.4174743652344,30.661926639441308,30.017480468750023,34.31746826171877,1.70727647279794
gfs,gfs_20260707_18z_f039,2026-07-07,18,39,2026-07-07T18:00:00Z,2026-07-09T09:00:00Z,,2026-07-08T00:00:00Z,tmin,tmin,Minimum temperature,heightAboveGround,,min,K,degC,99,27.950006103515648,29.644949926511224,29.050012207031276,33.14998779296877,1.1581374064083003
gfs,gfs_20260707_18z_f039,2026-07-07,18,39,2026-07-07T18:00:00Z,2026-07-09T09:00:00Z,,2026-07-08T00:00:00Z,tp,tp,Total Precipitation,surface,,accum,kg m**-2,kg_m_2,99,0.0,0.2727272727272727,0.0,5.625,0.8379349534575433
gfs,gfs_20260707_18z_f039,2026-07-07,18,39,2026-07-07T18:00:00Z,2026-07-09T09:00:00Z,,2026-07-08T00:00:00Z,u10,10u,10 metre U wind component,heightAboveGround,,instant,m s**-1,m_s_1,99,-3.247174024581909,-0.716871038681329,-0.647174060344696,2.152825832366944,1.1569250860285718
gfs,gfs_20260707_18z_f039,2026-07-07,18,39,2026-07-07T18:00:00Z,2026-07-09T09:00:00Z,,2026-07-08T00:00:00Z,v10,10v,10 metre V wind component,heightAboveGround,,instant,m s**-1,m_s_1,99,1.5008544921875,3.5685312471004447,3.6008543968200684,6.300854682922363,0.7677631559160191
gfs,gfs_20260707_18z_f042,2026-07-07,18,42,2026-07-07T18:00:00Z,2026-07-09T12:00:00Z,,2026-07-08T00:00:00Z,cape,cape,Convective available potential energy,surface,,instant,J kg**-1,J_kg_1,99,111.0,872.1919191919192,882.0,1673.0,392.6664525586616
gfs,gfs_20260707_18z_f042,2026-07-07,18,42,2026-07-07T18:00:00Z,2026-07-09T12:00:00Z,,2026-07-08T00:00:00Z,cin,cin,Convective inhibition,surface,,instant,J kg**-1,J_kg_1,99,-126.9969482421875,-16.370685615924874,-2.9969482421875,0.0030517578125,26.30726974787755
gfs,gfs_20260707_18z_f042,2026-07-07,18,42,2026-07-07T18:00:00Z,2026-07-09T12:00:00Z,,2026-07-08T00:00:00Z,d2m,2d,2 metre dewpoint temperature,heightAboveGround,,instant,K,degC,99,22.049981689453148,24.2944327306266,24.549981689453148,25.549981689453148,0.9399359355592702
gfs,gfs_20260707_18z_f042,2026-07-07,18,42,2026-07-07T18:00:00Z,2026-07-09T12:00:00Z,,2026-07-08T00:00:00Z,gust,gust,Wind speed (gust),surface,,instant,m s**-1,m_s_1,99,0.7129623293876648,3.4230633667021086,3.5129623413085938,6.812962532043457,1.2646311458296131
gfs,gfs_20260707_18z_f042,2026-07-07,18,42,2026-07-07T18:00:00Z,2026-07-09T12:00:00Z,,2026-07-08T00:00:00Z,prmsl,prmsl,Pressure reduced to MSL,meanSea,,instant,Pa,hPa,99,1002.84421875,1004.1504087752526,1004.22015625,1005.50015625,0.5206760715264787
gfs,gfs_20260707_18z_f042,2026-07-07,18,42,2026-07-07T18:00:00Z,2026-07-09T12:00:00Z,,2026-07-08T00:00:00Z,r2,2r,2 metre relative humidity,heightAboveGround,,instant,%,,99,61.0,80.54646447692255,81.19999694824219,92.5999984741211,6.0312707117286894
gfs,gfs_20260707_18z_f042,2026-07-07,18,42,2026-07-07T18:00:00Z,2026-07-09T12:00:00Z,,2026-07-08T00:00:00Z,sdswrf,sdswrf,Surface downward short-wave radiation flux,surface,,avg,W m**-2,W_m_2,99,110.25599670410156,369.6137398613824,392.7040100097656,413.7439880371094,63.85646443922631
gfs,gfs_20260707_18z_f042,2026-07-07,18,42,2026-07-07T18:00:00Z,2026-07-09T12:00:00Z,,2026-07-08T00:00:00Z,t,t,Temperature,surface,,instant,K,degC,99,24.612573242187523,27.598442986998915,28.212579345703148,30.512597656250023,1.5465197542886453
gfs,gfs_20260707_18z_f042,2026-07-07,18,42,2026-07-07T18:00:00Z,2026-07-09T12:00:00Z,,2026-07-08T00:00:00Z,t2m,2t,2 metre temperature,heightAboveGround,,instant,K,degC,99,25.002313232421898,27.99322855014996,28.502313232421898,30.502313232421898,1.2420329161513055
gfs,gfs_20260707_18z_f042,2026-07-07,18,42,2026-07-07T18:00:00Z,2026-07-09T12:00:00Z,,2026-07-08T00:00:00Z,tcc,tcc,Total Cloud Cover,atmosphere,,instant,%,,99,0.0,51.29595953158357,47.70000076293945,100.0,44.64096933284227
gfs,gfs_20260707_18z_f042,2026-07-07,18,42,2026-07-07T18:00:00Z,2026-07-09T12:00:00Z,,2026-07-08T00:00:00Z,tcc,tcc,Total Cloud Cover,atmosphere,,avg,%,,99,0.0,30.215151548310363,19.899999618530277,99.8000030517578,29.12747800657815
gfs,gfs_20260707_18z_f042,2026-07-07,18,42,2026-07-07T18:00:00Z,2026-07-09T12:00:00Z,,2026-07-08T00:00:00Z,tmax,tmax,Maximum temperature,heightAboveGround,,max,K,degC,99,28.470849609375023,30.68095357875633,30.070855712890648,34.27083740234377,1.69774012973839
gfs,gfs_20260707_18z_f042,2026-07-07,18,42,2026-07-07T18:00:00Z,2026-07-09T12:00:00Z,,2026-07-08T00:00:00Z,tmin,tmin,Minimum temperature,heightAboveGround,,min,K,degC,99,25.002313232421898,27.918480520537425,28.502313232421898,30.502313232421898,1.2171919713717323
gfs,gfs_20260707_18z_f042,2026-07-07,18,42,2026-07-07T18:00:00Z,2026-07-09T12:00:00Z,,2026-07-08T00:00:00Z,tp,tp,Total Precipitation,surface,,accum,kg m**-2,kg_m_2,99,0.0,0.4406565656565656,0.0,8.625,1.33922036464622
gfs,gfs_20260707_18z_f042,2026-07-07,18,42,2026-07-07T18:00:00Z,2026-07-09T12:00:00Z,,2026-07-08T00:00:00Z,u10,10u,10 metre U wind component,heightAboveGround,,instant,m s**-1,m_s_1,99,-2.6385865211486816,-0.6416167317315785,-0.538586437702179,1.661413550376892,0.7743951165151878
gfs,gfs_20260707_18z_f042,2026-07-07,18,42,2026-07-07T18:00:00Z,2026-07-09T12:00:00Z,,2026-07-08T00:00:00Z,v10,10v,10 metre V wind component,heightAboveGround,,instant,m s**-1,m_s_1,99,0.6688903570175171,2.4446479557740566,2.468890428543091,4.368890285491943,0.8117932408210998
gfs,gfs_20260707_18z_f045,2026-07-07,18,45,2026-07-07T18:00:00Z,2026-07-09T15:00:00Z,,2026-07-08T00:00:00Z,cape,cape,Convective available potential energy,surface,,instant,J kg**-1,J_kg_1,99,86.0,881.8181818181819,898.0,1622.0,467.25392408027074
gfs,gfs_20260707_18z_f045,2026-07-07,18,45,2026-07-07T18:00:00Z,2026-07-09T15:00:00Z,,2026-07-08T00:00:00Z,cin,cin,Convective inhibition,surface,,instant,J kg**-1,J_kg_1,99,-80.924560546875,-14.247792870107324,-1.924560546875,0.075439453125,18.800294583350908
gfs,gfs_20260707_18z_f045,2026-07-07,18,45,2026-07-07T18:00:00Z,2026-07-09T15:00:00Z,,2026-07-08T00:00:00Z,d2m,2d,2 metre dewpoint temperature,heightAboveGround,,instant,K,degC,99,22.550012207031276,24.44396362304689,24.550012207031276,25.750024414062523,0.9153925974114312
gfs,gfs_20260707_18z_f045,2026-07-07,18,45,2026-07-07T18:00:00Z,2026-07-09T15:00:00Z,,2026-07-08T00:00:00Z,gust,gust,Wind speed (gust),surface,,instant,m s**-1,m_s_1,99,0.719512939453125,3.3225432417609477,3.3195128440856934,6.919512748718262,1.6014169497241266
gfs,gfs_20260707_18z_f045,2026-07-07,18,45,2026-07-07T18:00:00Z,2026-07-09T15:00:00Z,,2026-07-08T00:00:00Z,prmsl,prmsl,Pressure reduced to MSL,meanSea,,instant,Pa,hPa,99,1004.262109375,1004.7254403409092,1004.658125,1005.542109375,0.2422159044861979
gfs,gfs_20260707_18z_f045,2026-07-07,18,45,2026-07-07T18:00:00Z,2026-07-09T15:00:00Z,,2026-07-08T00:00:00Z,r2,2r,2 metre relative humidity,heightAboveGround,,instant,%,,99,68.5,84.28888902760515,84.0999984741211,96.5999984741211,5.630811556529012
gfs,gfs_20260707_18z_f045,2026-07-07,18,45,2026-07-07T18:00:00Z,2026-07-09T15:00:00Z,,2026-07-08T00:00:00Z,sdswrf,sdswrf,Surface downward short-wave radiation flux,surface,,avg,W m**-2,W_m_2,99,0.0,0.0,0.0,0.0,0.0
gfs,gfs_20260707_18z_f045,2026-07-07,18,45,2026-07-07T18:00:00Z,2026-07-09T15:00:00Z,,2026-07-08T00:00:00Z,t,t,Temperature,surface,,instant,K,degC,99,23.6960388183594,27.06674108023597,27.796044921875023,29.396020507812523,1.6749638828875864
gfs,gfs_20260707_18z_f045,2026-07-07,18,45,2026-07-07T18:00:00Z,2026-07-09T15:00:00Z,,2026-07-08T00:00:00Z,t2m,2t,2 metre temperature,heightAboveGround,,instant,K,degC,99,24.117974853515648,27.359394790187046,28.117974853515648,29.017968750000023,1.4061922537031335
gfs,gfs_20260707_18z_f045,2026-07-07,18,45,2026-07-07T18:00:00Z,2026-07-09T15:00:00Z,,2026-07-08T00:00:00Z,tcc,tcc,Total Cloud Cover,atmosphere,,instant,%,,99,0.0,77.50808103096605,99.0999984741211,100.0,34.712442673409235
gfs,gfs_20260707_18z_f045,2026-07-07,18,45,2026-07-07T18:00:00Z,2026-07-09T15:00:00Z,,2026-07-08T00:00:00Z,tcc,tcc,Total Cloud Cover,atmosphere,,avg,%,,99,0.0,67.48484849914757,84.0999984741211,100.0,36.866637475325895
gfs,gfs_20260707_18z_f045,2026-07-07,18,45,2026-07-07T18:00:00Z,2026-07-09T15:00:00Z,,2026-07-08T00:00:00Z,tmax,tmax,Maximum temperature,heightAboveGround,,max,K,degC,99,24.9743591308594,28.00163753008604,28.574365234375023,30.4743591308594,1.2432296427601426
gfs,gfs_20260707_18z_f045,2026-07-07,18,45,2026-07-07T18:00:00Z,2026-07-09T15:00:00Z,,2026-07-08T00:00:00Z,tmin,tmin,Minimum temperature,heightAboveGround,,min,K,degC,99,24.1157165527344,27.350065350773377,28.015710449218773,29.015710449218773,1.3990732846233778
gfs,gfs_20260707_18z_f045,2026-07-07,18,45,2026-07-07T18:00:00Z,2026-07-09T15:00:00Z,,2026-07-08T00:00:00Z,tp,tp,Total Precipitation,surface,,accum,kg m**-2,kg_m_2,99,0.0,0.0227272727272727,0.0,0.3125,0.0598916223516738
gfs,gfs_20260707_18z_f045,2026-07-07,18,45,2026-07-07T18:00:00Z,2026-07-09T15:00:00Z,,2026-07-08T00:00:00Z,u10,10u,10 metre U wind component,heightAboveGround,,instant,m s**-1,m_s_1,99,-2.458667039871216,-0.3667477999973779,-0.458666980266571,1.941333055496216,0.8816509731166416
gfs,gfs_20260707_18z_f045,2026-07-07,18,45,2026-07-07T18:00:00Z,2026-07-09T15:00:00Z,,2026-07-08T00:00:00Z,v10,10v,10 metre V wind component,heightAboveGround,,instant,m s**-1,m_s_1,99,0.4996765255928039,2.2481613610730027,2.399676561355591,4.099676609039307,0.975597576479867
gfs,gfs_20260707_18z_f048,2026-07-07,18,48,2026-07-07T18:00:00Z,2026-07-09T18:00:00Z,,2026-07-08T00:00:00Z,cape,cape,Convective available potential energy,surface,,instant,J kg**-1,J_kg_1,99,85.0,876.6767676767677,897.0,1636.0,471.4657100181151
gfs,gfs_20260707_18z_f048,2026-07-07,18,48,2026-07-07T18:00:00Z,2026-07-09T18:00:00Z,,2026-07-08T00:00:00Z,cin,cin,Convective inhibition,surface,,instant,J kg**-1,J_kg_1,99,-66.267822265625,-9.762771760574497,-2.267822265625,-0.267822265625,13.801898374311518
gfs,gfs_20260707_18z_f048,2026-07-07,18,48,2026-07-07T18:00:00Z,2026-07-09T18:00:00Z,,2026-07-08T00:00:00Z,d2m,2d,2 metre dewpoint temperature,heightAboveGround,,instant,K,degC,99,22.897393798828148,24.33881546174639,24.497399902343773,25.5974060058594,0.863749190983241
gfs,gfs_20260707_18z_f048,2026-07-07,18,48,2026-07-07T18:00:00Z,2026-07-09T18:00:00Z,,2026-07-08T00:00:00Z,gust,gust,Wind speed (gust),surface,,instant,m s**-1,m_s_1,99,0.3021102845668793,2.584938592983015,2.802110195159912,5.302110195159912,1.6058001415764545
gfs,gfs_20260707_18z_f048,2026-07-07,18,48,2026-07-07T18:00:00Z,2026-07-09T18:00:00Z,,2026-07-08T00:00:00Z,prmsl,prmsl,Pressure reduced to MSL,meanSea,,instant,Pa,hPa,99,1002.62421875,1003.207365056818,1003.072265625,1004.28828125,0.4131594609440325
gfs,gfs_20260707_18z_f048,2026-07-07,18,48,2026-07-07T18:00:00Z,2026-07-09T18:00:00Z,,2026-07-08T00:00:00Z,r2,2r,2 metre relative humidity,heightAboveGround,,instant,%,,99,74.0,86.11414167616103,85.4000015258789,98.5,5.385259080846708
gfs,gfs_20260707_18z_f048,2026-07-07,18,48,2026-07-07T18:00:00Z,2026-07-09T18:00:00Z,,2026-07-08T00:00:00Z,sdswrf,sdswrf,Surface downward short-wave radiation flux,surface,,avg,W m**-2,W_m_2,99,0.0,0.0,0.0,0.0,0.0
gfs,gfs_20260707_18z_f048,2026-07-07,18,48,2026-07-07T18:00:00Z,2026-07-09T18:00:00Z,,2026-07-08T00:00:00Z,t,t,Temperature,surface,,instant,K,degC,99,23.050012207031276,26.69040354719068,27.649987792968773,29.350000000000023,1.9380783679456437
gfs,gfs_20260707_18z_f048,2026-07-07,18,48,2026-07-07T18:00:00Z,2026-07-09T18:00:00Z,,2026-07-08T00:00:00Z,t2m,2t,2 metre temperature,heightAboveGround,,instant,K,degC,99,23.497399902343773,26.88526629823629,27.697381591796898,28.897393798828148,1.5928030816997667
gfs,gfs_20260707_18z_f048,2026-07-07,18,48,2026-07-07T18:00:00Z,2026-07-09T18:00:00Z,,2026-07-08T00:00:00Z,tcc,tcc,Total Cloud Cover,atmosphere,,instant,%,,99,0.0,54.174747717500935,52.79999923706055,100.0,39.19430075071274
gfs,gfs_20260707_18z_f048,2026-07-07,18,48,2026-07-07T18:00:00Z,2026-07-09T18:00:00Z,,2026-07-08T00:00:00Z,tcc,tcc,Total Cloud Cover,atmosphere,,avg,%,,99,0.0,70.50909046934109,78.19999694824219,100.0,27.18137005505588
gfs,gfs_20260707_18z_f048,2026-07-07,18,48,2026-07-07T18:00:00Z,2026-07-09T18:00:00Z,,2026-07-08T00:00:00Z,tmax,tmax,Maximum temperature,heightAboveGround,,max,K,degC,99,24.997705078125023,28.00477560024071,28.597711181640648,30.3976989746094,1.2477249537743895
gfs,gfs_20260707_18z_f048,2026-07-07,18,48,2026-07-07T18:00:00Z,2026-07-09T18:00:00Z,,2026-07-08T00:00:00Z,tmin,tmin,Minimum temperature,heightAboveGround,,min,K,degC,99,23.497399902343773,26.868119426688786,27.697412109375023,28.897424316406276,1.5802603336938583
gfs,gfs_20260707_18z_f048,2026-07-07,18,48,2026-07-07T18:00:00Z,2026-07-09T18:00:00Z,,2026-07-08T00:00:00Z,tp,tp,Total Precipitation,surface,,accum,kg m**-2,kg_m_2,99,0.0,0.0763888888888889,0.0,0.875,0.1527203748909956
gfs,gfs_20260707_18z_f048,2026-07-07,18,48,2026-07-07T18:00:00Z,2026-07-09T18:00:00Z,,2026-07-08T00:00:00Z,u10,10u,10 metre U wind component,heightAboveGround,,instant,m s**-1,m_s_1,99,-1.5668518543243408,0.3866835432221191,0.2331481873989105,3.333148241043091,1.0691555356883862
gfs,gfs_20260707_18z_f048,2026-07-07,18,48,2026-07-07T18:00:00Z,2026-07-09T18:00:00Z,,2026-07-08T00:00:00Z,v10,10v,10 metre V wind component,heightAboveGround,,instant,m s**-1,m_s_1,99,-0.5748046636581421,1.5757003666249791,1.3251953125,3.8251953125,1.296411032730404
