{
  "test": {
    "bias": 0.48552157960793024,
    "corr": 0.9904854229603318,
    "mae": 1.8337653991247136,
    "maxAE": 9.294085203500472,
    "medianAE": 1.4449861921149179,
    "n": 332,
    "rmse": 2.4293311087584035
  },
  "train": {
    "bias": -3.8379843965239894e-12,
    "corr": 0.9987690911882093,
    "mae": 0.6227313148699617,
    "maxAE": 7.200675402911067,
    "medianAE": 0.5031367484714764,
    "n": 1224,
    "rmse": 0.8218417948804942
  },
  "validation": {
    "bias": -0.1262170600228326,
    "corr": 0.9922465269621358,
    "mae": 1.9033610433803894,
    "maxAE": 7.792216432320608,
    "medianAE": 1.4823530292218905,
    "n": 214,
    "rmse": 2.4892763783128555
  }
}