{
  "test": {
    "bias": 0.282234265340325,
    "corr": 0.991783060928958,
    "mae": 1.702649540245006,
    "maxAE": 9.238314920452247,
    "medianAE": 1.3923854290177076,
    "n": 332,
    "rmse": 2.230341436462057
  },
  "train": {
    "bias": 6.07978852447862e-11,
    "corr": 0.9990274932415664,
    "mae": 0.5439200515483437,
    "maxAE": 6.807797743070488,
    "medianAE": 0.44112529033282755,
    "n": 1224,
    "rmse": 0.7305968173011907
  },
  "validation": {
    "bias": -0.424815529693875,
    "corr": 0.9920095807914712,
    "mae": 1.914551021702774,
    "maxAE": 8.339263164967505,
    "medianAE": 1.4607438591907709,
    "n": 214,
    "rmse": 2.5296315840292154
  }
}