{
  "test": {
    "bias": 0.3727752571104172,
    "corr": 0.9909472847791575,
    "mae": 1.7751971210959197,
    "maxAE": 9.962470623389947,
    "medianAE": 1.394225032151212,
    "n": 332,
    "rmse": 2.351355399990756
  },
  "train": {
    "bias": -5.772736537156722e-11,
    "corr": 0.9991012516448028,
    "mae": 0.5324913278192468,
    "maxAE": 6.535578662130991,
    "medianAE": 0.4357434346361977,
    "n": 1224,
    "rmse": 0.7024955775612973
  },
  "validation": {
    "bias": -0.12958289679893217,
    "corr": 0.9926133876563724,
    "mae": 1.8246676132391109,
    "maxAE": 7.356748987791775,
    "medianAE": 1.37463754598258,
    "n": 214,
    "rmse": 2.3983954137000913
  }
}