{
  "fill_values": {
    "asof_cos_hour": -1.0,
    "asof_sin_hour": 1.2246467991473535e-16,
    "cos_doy": -0.009202252152997253,
    "dbar_15": 0.9768289222514573,
    "delta_mae_30": -0.07897275598702733,
    "gfs_n_x_mean": 78.3112536713557,
    "is_weekend": 0.28569221260815825,
    "month": 6.457045735475896,
    "nam_n_x_mean": 78.37757074377609,
    "nx_gate": 78.34913859703337,
    "regime_flag": 0.030593325092707045,
    "sin_doy": 0.008954716989572519
  },
  "method": "train_mean"
}