{
  "per_station_test": {
    "KMIA": {
      "bias": 0.11006819708900291,
      "mae": 1.6217082910335683,
      "p50_abs_error": 1.2741717971176882,
      "p90_abs_error": 3.3470795428995297,
      "p95_abs_error": 4.171512076827671,
      "rmse": 2.155281586160287
    }
  },
  "test": {
    "bias": 0.11006819708900291,
    "mae": 1.6217082910335683,
    "p50_abs_error": 1.2741717971176882,
    "p90_abs_error": 3.3470795428995297,
    "p95_abs_error": 4.171512076827671,
    "rmse": 2.155281586160287
  },
  "train": {
    "bias": -9.400607747254067e-11,
    "mae": 1.3009798131746915,
    "p50_abs_error": 0.9866171264050436,
    "p90_abs_error": 2.8792618381914656,
    "p95_abs_error": 3.595983525930937,
    "rmse": 1.7364067355504698
  },
  "validation": {
    "bias": 0.38992465239790763,
    "mae": 1.6143697878923244,
    "p50_abs_error": 1.395663040047964,
    "p90_abs_error": 3.0403457481521516,
    "p95_abs_error": 3.6139090675361176,
    "rmse": 2.0061408535873446
  }
}