{
  "test": {
    "bias": 0.49114635803985573,
    "corr": 0.9910330698185329,
    "mae": 1.8112085839568703,
    "maxAE": 9.40209722478717,
    "medianAE": 1.4619591274089885,
    "n": 332,
    "rmse": 2.366865455617245
  },
  "train": {
    "bias": -9.406813744798235e-11,
    "corr": 0.9990782779631127,
    "mae": 0.5202380623602817,
    "maxAE": 7.034588766672137,
    "medianAE": 0.4078341374597052,
    "n": 1224,
    "rmse": 0.71132950570903
  },
  "validation": {
    "bias": -0.2504826374196355,
    "corr": 0.9926189907068544,
    "mae": 1.8394485348455671,
    "maxAE": 7.930932746956643,
    "medianAE": 1.4391917204170994,
    "n": 214,
    "rmse": 2.4230583053824626
  }
}