{
  "test": {
    "bias": 0.33907662904290464,
    "corr": 0.9908490159569263,
    "mae": 1.8447526827790606,
    "maxAE": 8.287697625815902,
    "medianAE": 1.519526529764569,
    "n": 332,
    "rmse": 2.3609056406289093
  },
  "train": {
    "bias": 1.714428744213852e-11,
    "corr": 0.9992610148344135,
    "mae": 0.4581870022423122,
    "maxAE": 6.849014161584698,
    "medianAE": 0.3522093912515274,
    "n": 1224,
    "rmse": 0.637687633157825
  },
  "validation": {
    "bias": -0.09157962309396578,
    "corr": 0.9923252903945389,
    "mae": 1.8933251106656186,
    "maxAE": 7.481271492237674,
    "medianAE": 1.459243363638418,
    "n": 214,
    "rmse": 2.47946035580663
  }
}