{
  "test": {
    "bias": 0.29347204992844944,
    "corr": 0.9907912494914601,
    "mae": 1.807081374083875,
    "maxAE": 9.498419721974457,
    "medianAE": 1.4470624711547764,
    "n": 332,
    "rmse": 2.3603646673456677
  },
  "train": {
    "bias": -2.6706387283191515e-11,
    "corr": 0.9993387074620734,
    "mae": 0.44350067920199465,
    "maxAE": 6.911371435302435,
    "medianAE": 0.35221484873402176,
    "n": 1224,
    "rmse": 0.6030738061657716
  },
  "validation": {
    "bias": -0.18103900816351048,
    "corr": 0.9921461156983147,
    "mae": 1.9219140247473347,
    "maxAE": 7.733596599375261,
    "medianAE": 1.5436494687732427,
    "n": 214,
    "rmse": 2.4827400126859938
  }
}