{
  "test": {
    "bias": 0.5341791334102689,
    "corr": 0.9913371142977123,
    "mae": 1.7872657190805135,
    "maxAE": 9.005476581314255,
    "medianAE": 1.4709890502261231,
    "n": 332,
    "rmse": 2.3360654720882983
  },
  "train": {
    "bias": 6.725127934566082e-11,
    "corr": 0.999205129246548,
    "mae": 0.4855528822868925,
    "maxAE": 6.745180778156364,
    "medianAE": 0.3814305891023082,
    "n": 1224,
    "rmse": 0.6608049591198428
  },
  "validation": {
    "bias": -0.4567168937471017,
    "corr": 0.9923033778437736,
    "mae": 1.882181756653963,
    "maxAE": 7.494249204500694,
    "medianAE": 1.3163067548847955,
    "n": 214,
    "rmse": 2.486604686085973
  }
}