{
  "baseline": {
    "climatology_test": {
      "bias": -2.033453550553414,
      "mae": 8.355345520872197,
      "p50_abs_error": 7.166666666666664,
      "p90_abs_error": 17.333333333333336,
      "p95_abs_error": 21.041666666666668,
      "rmse": 10.605735274322937
    },
    "climatology_val": {
      "bias": -1.7677210460772106,
      "mae": 7.72129514321295,
      "p50_abs_error": 5.9090909090909065,
      "p90_abs_error": 16.436363636363645,
      "p95_abs_error": 20.254545454545458,
      "rmse": 9.90765856180408
    }
  },
  "per_station_test": {
    "KMDW": {
      "bias": -0.193121114047781,
      "mae": 2.3171084843416416,
      "p50_abs_error": 1.8344941859710175,
      "p90_abs_error": 4.933789064381941,
      "p95_abs_error": 5.920705143204994,
      "rmse": 3.1151274702508993
    }
  },
  "probabilistic_test": null,
  "probabilistic_validation": {},
  "test": {
    "bias": -0.193121114047781,
    "mae": 2.3171084843416416,
    "p50_abs_error": 1.8344941859710175,
    "p90_abs_error": 4.933789064381941,
    "p95_abs_error": 5.920705143204994,
    "rmse": 3.1151274702508993
  },
  "train": {
    "bias": -5.2877557330384785e-11,
    "mae": 1.10285670196967,
    "p50_abs_error": 0.8790530036769013,
    "p90_abs_error": 2.331490820994844,
    "p95_abs_error": 2.8799083389788156,
    "rmse": 1.4385187437436433
  },
  "validation": {
    "bias": 0.4619878043246326,
    "mae": 2.338631747885967,
    "p50_abs_error": 1.916953490371391,
    "p90_abs_error": 4.915425879528496,
    "p95_abs_error": 5.973234360290923,
    "rmse": 2.995987557891068
  }
}