{
  "test": {
    "bias": 0.29923459826693344,
    "corr": 0.9907508197330498,
    "mae": 1.8033509154302718,
    "maxAE": 9.705744038238336,
    "medianAE": 1.4367832120013944,
    "n": 332,
    "rmse": 2.3655827345354568
  },
  "train": {
    "bias": 8.747440244916356e-11,
    "corr": 0.9987140574625187,
    "mae": 0.6277586284474537,
    "maxAE": 6.515575230516422,
    "medianAE": 0.4994511853341841,
    "n": 1224,
    "rmse": 0.8399227988271912
  },
  "validation": {
    "bias": -0.26628745395146697,
    "corr": 0.9922935683146156,
    "mae": 1.8852861958729523,
    "maxAE": 7.543161942920769,
    "medianAE": 1.5304439306987554,
    "n": 214,
    "rmse": 2.4596846602165963
  }
}